
Fri Mar 13 05:55:09 CET 2026
cd /out/sourcedata/freesurfer/sub-v2s4x29587_ses-1
setenv SUBJECTS_DIR /out/sourcedata/freesurfer
/opt/freesurfer/bin/recon-all -autorecon-hemi rh -noparcstats -noparcstats2 -noparcstats3 -nohyporelabel -nobalabels -rh-only -openmp 16 -subjid sub-v2s4x29587_ses-1 -sd /out/sourcedata/freesurfer

subjid sub-v2s4x29587_ses-1
setenv SUBJECTS_DIR /out/sourcedata/freesurfer
FREESURFER_HOME /opt/freesurfer
Actual FREESURFER_HOME /opt/freesurfer
build-stamp.txt: freesurfer-linux-ubuntu22_x86_64-7.3.2-20220804-6354275
Linux dna061 5.14.0-427.37.1.el9_4.x86_64 #1 SMP PREEMPT_DYNAMIC Fri Sep 13 12:41:50 EDT 2024 x86_64 x86_64 x86_64 GNU/Linux
cputime      unlimited
filesize     unlimited
datasize     unlimited
stacksize    8192 kbytes
coredumpsize 0 kbytes
memoryuse    67108864 kbytes
vmemoryuse   unlimited
descriptors  1024 
memorylocked unlimited
maxproc      2061970 
maxlocks     unlimited
maxsignal    2061970 
maxmessage   819200 
maxnice      0 
maxrtprio    0 
maxrttime    unlimited

               total        used        free      shared  buff/cache   available
Mem:           503Gi        55Gi       323Gi        25Gi       123Gi       418Gi
Swap:             0B          0B          0B

########################################
program versions used
7.3.2 (freesurfer-linux-ubuntu22_x86_64-7.3.2-20220804-6354275)
7.3.2

ProgramName: lta_convert  ProgramArguments: lta_convert -all-info  ProgramVersion: 7.3.2  TimeStamp: 2026/03/13-04:55:09-GMT  BuildTime: Aug  4 2022 06:17:15  BuildStamp: freesurfer-linux-ubuntu22_x86_64-7.3.2-20220804-6354275  User: oesteban  Machine: dna061  Platform: Linux  PlatformVersion: 5.14.0-427.37.1.el9_4.x86_64  CompilerName: GCC  CompilerVersion: 8.4.0
ProgramName: mri_and  ProgramArguments: mri_and -all-info  ProgramVersion: 7.3.2  TimeStamp: 2026/03/13-04:55:09-GMT  BuildTime: Aug  4 2022 06:17:15  BuildStamp: freesurfer-linux-ubuntu22_x86_64-7.3.2-20220804-6354275  User: oesteban  Machine: dna061  Platform: Linux  PlatformVersion: 5.14.0-427.37.1.el9_4.x86_64  CompilerName: GCC  CompilerVersion: 8.4.0
ProgramName: mri_annotation2label  ProgramArguments: mri_annotation2label -all-info  ProgramVersion: 7.3.2  TimeStamp: 2026/03/13-04:55:09-GMT  BuildTime: Aug  4 2022 06:17:15  BuildStamp: freesurfer-linux-ubuntu22_x86_64-7.3.2-20220804-6354275  User: oesteban  Machine: dna061  Platform: Linux  PlatformVersion: 5.14.0-427.37.1.el9_4.x86_64  CompilerName: GCC  CompilerVersion: 8.4.0
ProgramName: mri_aparc2aseg  ProgramArguments: mri_aparc2aseg -all-info  ProgramVersion: 7.3.2  TimeStamp: 2026/03/13-04:55:09-GMT  BuildTime: Aug  4 2022 06:17:15  BuildStamp: freesurfer-linux-ubuntu22_x86_64-7.3.2-20220804-6354275  User: oesteban  Machine: dna061  Platform: Linux  PlatformVersion: 5.14.0-427.37.1.el9_4.x86_64  CompilerName: GCC  CompilerVersion: 8.4.0
ProgramName: mri_surf2volseg  ProgramArguments: mri_surf2volseg -all-info  ProgramVersion: 7.3.2  TimeStamp: 2026/03/13-04:55:09-GMT  BuildTime: Aug  4 2022 06:17:15  BuildStamp: freesurfer-linux-ubuntu22_x86_64-7.3.2-20220804-6354275  User: oesteban  Machine: dna061  Platform: Linux  PlatformVersion: 5.14.0-427.37.1.el9_4.x86_64  CompilerName: GCC  CompilerVersion: 8.4.0
ProgramName: mri_binarize  ProgramArguments: mri_binarize -all-info  ProgramVersion: 7.3.2  TimeStamp: 2026/03/13-04:55:09-GMT  BuildTime: Aug  4 2022 06:17:15  BuildStamp: freesurfer-linux-ubuntu22_x86_64-7.3.2-20220804-6354275  User: oesteban  Machine: dna061  Platform: Linux  PlatformVersion: 5.14.0-427.37.1.el9_4.x86_64  CompilerName: GCC  CompilerVersion: 8.4.0
ProgramName: mri_ca_label  ProgramArguments: mri_ca_label -all-info  ProgramVersion: 7.3.2  TimeStamp: 2026/03/13-04:55:09-GMT  BuildTime: Aug  4 2022 06:17:15  BuildStamp: freesurfer-linux-ubuntu22_x86_64-7.3.2-20220804-6354275  User: oesteban  Machine: dna061  Platform: Linux  PlatformVersion: 5.14.0-427.37.1.el9_4.x86_64  CompilerName: GCC  CompilerVersion: 8.4.0
ProgramName: mri_ca_normalize  ProgramArguments: mri_ca_normalize -all-info  ProgramVersion: 7.3.2  TimeStamp: 2026/03/13-04:55:09-GMT  BuildTime: Aug  4 2022 06:17:15  BuildStamp: freesurfer-linux-ubuntu22_x86_64-7.3.2-20220804-6354275  User: oesteban  Machine: dna061  Platform: Linux  PlatformVersion: 5.14.0-427.37.1.el9_4.x86_64  CompilerName: GCC  CompilerVersion: 8.4.0
ProgramName: mri_ca_register  ProgramArguments: mri_ca_register -all-info  ProgramVersion: 7.3.2  TimeStamp: 2026/03/13-04:55:09-GMT  BuildTime: Aug  4 2022 06:17:15  BuildStamp: freesurfer-linux-ubuntu22_x86_64-7.3.2-20220804-6354275  User: oesteban  Machine: dna061  Platform: Linux  PlatformVersion: 5.14.0-427.37.1.el9_4.x86_64  CompilerName: GCC  CompilerVersion: 8.4.0
ProgramName: mri_cc  ProgramArguments: mri_cc -all-info  ProgramVersion: 7.3.2  TimeStamp: 2026/03/13-04:55:09-GMT  BuildTime: Aug  4 2022 06:17:15  BuildStamp: freesurfer-linux-ubuntu22_x86_64-7.3.2-20220804-6354275  User: oesteban  Machine: dna061  Platform: Linux  PlatformVersion: 5.14.0-427.37.1.el9_4.x86_64  CompilerName: GCC  CompilerVersion: 8.4.0
ProgramName: mri_compute_overlap  ProgramArguments: mri_compute_overlap -all-info  ProgramVersion: 7.3.2  TimeStamp: 2026/03/13-04:55:09-GMT  BuildTime: Aug  4 2022 06:17:15  BuildStamp: freesurfer-linux-ubuntu22_x86_64-7.3.2-20220804-6354275  User: oesteban  Machine: dna061  Platform: Linux  PlatformVersion: 5.14.0-427.37.1.el9_4.x86_64  CompilerName: GCC  CompilerVersion: 8.4.0
ProgramName: mri_compute_seg_overlap  ProgramArguments: mri_compute_seg_overlap -all-info  ProgramVersion: 7.3.2  TimeStamp: 2026/03/13-04:55:09-GMT  BuildTime: Aug  4 2022 06:17:15  BuildStamp: freesurfer-linux-ubuntu22_x86_64-7.3.2-20220804-6354275  User: oesteban  Machine: dna061  Platform: Linux  PlatformVersion: 5.14.0-427.37.1.el9_4.x86_64  CompilerName: GCC  CompilerVersion: 8.4.0
ProgramName: mri_concat  ProgramArguments: mri_concat -all-info  ProgramVersion: 7.3.2  TimeStamp: 2026/03/13-04:55:09-GMT  BuildTime: Aug  4 2022 06:17:15  BuildStamp: freesurfer-linux-ubuntu22_x86_64-7.3.2-20220804-6354275  User: oesteban  Machine: dna061  Platform: Linux  PlatformVersion: 5.14.0-427.37.1.el9_4.x86_64  CompilerName: GCC  CompilerVersion: 8.4.0
ProgramName: mri_concatenate_lta  ProgramArguments: mri_concatenate_lta -all-info  ProgramVersion: 7.3.2  TimeStamp: 2026/03/13-04:55:09-GMT  BuildTime: Aug  4 2022 06:17:15  BuildStamp: freesurfer-linux-ubuntu22_x86_64-7.3.2-20220804-6354275  User: oesteban  Machine: dna061  Platform: Linux  PlatformVersion: 5.14.0-427.37.1.el9_4.x86_64  CompilerName: GCC  CompilerVersion: 8.4.0
mri_convert -all-info 
ProgramName: mri_convert  ProgramArguments: mri_convert -all-info  ProgramVersion: 7.3.2  TimeStamp: 2026/03/13-04:55:09-GMT  BuildTime: Aug  4 2022 06:17:15  BuildStamp: freesurfer-linux-ubuntu22_x86_64-7.3.2-20220804-6354275  User: oesteban  Machine: dna061  Platform: Linux  PlatformVersion: 5.14.0-427.37.1.el9_4.x86_64  CompilerName: GCC  CompilerVersion: 8.4.0
ProgramName: mri_diff  ProgramArguments: mri_diff -all-info  ProgramVersion: 7.3.2  TimeStamp: 2026/03/13-04:55:09-GMT  BuildTime: Aug  4 2022 06:17:15  BuildStamp: freesurfer-linux-ubuntu22_x86_64-7.3.2-20220804-6354275  User: oesteban  Machine: dna061  Platform: Linux  PlatformVersion: 5.14.0-427.37.1.el9_4.x86_64  CompilerName: GCC  CompilerVersion: 8.4.0
ProgramName: mri_edit_wm_with_aseg  ProgramArguments: mri_edit_wm_with_aseg -all-info  ProgramVersion: 7.3.2  TimeStamp: 2026/03/13-04:55:09-GMT  BuildTime: Aug  4 2022 06:17:15  BuildStamp: freesurfer-linux-ubuntu22_x86_64-7.3.2-20220804-6354275  User: oesteban  Machine: dna061  Platform: Linux  PlatformVersion: 5.14.0-427.37.1.el9_4.x86_64  CompilerName: GCC  CompilerVersion: 8.4.0
ProgramName: mri_em_register  ProgramArguments: mri_em_register -all-info  ProgramVersion: 7.3.2  TimeStamp: 2026/03/13-04:55:09-GMT  BuildTime: Aug  4 2022 06:17:15  BuildStamp: freesurfer-linux-ubuntu22_x86_64-7.3.2-20220804-6354275  User: oesteban  Machine: dna061  Platform: Linux  PlatformVersion: 5.14.0-427.37.1.el9_4.x86_64  CompilerName: GCC  CompilerVersion: 8.4.0
ProgramName: mri_fill  ProgramArguments: mri_fill -all-info  ProgramVersion: 7.3.2  TimeStamp: 2026/03/13-04:55:09-GMT  BuildTime: Aug  4 2022 06:17:15  BuildStamp: freesurfer-linux-ubuntu22_x86_64-7.3.2-20220804-6354275  User: oesteban  Machine: dna061  Platform: Linux  PlatformVersion: 5.14.0-427.37.1.el9_4.x86_64  CompilerName: GCC  CompilerVersion: 8.4.0
ProgramName: mri_fuse_segmentations  ProgramArguments: mri_fuse_segmentations -all-info  ProgramVersion: 7.3.2  TimeStamp: 2026/03/13-04:55:09-GMT  BuildTime: Aug  4 2022 06:17:15  BuildStamp: freesurfer-linux-ubuntu22_x86_64-7.3.2-20220804-6354275  User: oesteban  Machine: dna061  Platform: Linux  PlatformVersion: 5.14.0-427.37.1.el9_4.x86_64  CompilerName: GCC  CompilerVersion: 8.4.0
ProgramName: mri_fwhm  ProgramArguments: mri_fwhm -all-info  ProgramVersion: 7.3.2  TimeStamp: 2026/03/13-04:55:09-GMT  BuildTime: Aug  4 2022 06:17:15  BuildStamp: freesurfer-linux-ubuntu22_x86_64-7.3.2-20220804-6354275  User: oesteban  Machine: dna061  Platform: Linux  PlatformVersion: 5.14.0-427.37.1.el9_4.x86_64  CompilerName: GCC  CompilerVersion: 8.4.0
ProgramName: mri_gcut  ProgramArguments: mri_gcut -all-info  ProgramVersion: 7.3.2  TimeStamp: 2026/03/13-04:55:09-GMT  BuildTime: Aug  4 2022 06:17:15  BuildStamp: freesurfer-linux-ubuntu22_x86_64-7.3.2-20220804-6354275  User: oesteban  Machine: dna061  Platform: Linux  PlatformVersion: 5.14.0-427.37.1.el9_4.x86_64  CompilerName: GCC  CompilerVersion: 8.4.0
ProgramName: mri_info  ProgramArguments: mri_info -all-info  ProgramVersion: 7.3.2  TimeStamp: 2026/03/13-04:55:09-GMT  BuildTime: Aug  4 2022 06:17:15  BuildStamp: freesurfer-linux-ubuntu22_x86_64-7.3.2-20220804-6354275  User: oesteban  Machine: dna061  Platform: Linux  PlatformVersion: 5.14.0-427.37.1.el9_4.x86_64  CompilerName: GCC  CompilerVersion: 8.4.0
ProgramName: mri_label2label  ProgramArguments: mri_label2label -all-info  ProgramVersion: 7.3.2  TimeStamp: 2026/03/13-04:55:09-GMT  BuildTime: Aug  4 2022 06:17:15  BuildStamp: freesurfer-linux-ubuntu22_x86_64-7.3.2-20220804-6354275  User: oesteban  Machine: dna061  Platform: Linux  PlatformVersion: 5.14.0-427.37.1.el9_4.x86_64  CompilerName: GCC  CompilerVersion: 8.4.0
ProgramName: mri_label2vol  ProgramArguments: mri_label2vol -all-info  ProgramVersion: 7.3.2  TimeStamp: 2026/03/13-04:55:09-GMT  BuildTime: Aug  4 2022 06:17:15  BuildStamp: freesurfer-linux-ubuntu22_x86_64-7.3.2-20220804-6354275  User: oesteban  Machine: dna061  Platform: Linux  PlatformVersion: 5.14.0-427.37.1.el9_4.x86_64  CompilerName: GCC  CompilerVersion: 8.4.0
ProgramName: mri_log_likelihood  ProgramArguments: mri_log_likelihood -all-info  ProgramVersion: 7.3.2  TimeStamp: 2026/03/13-04:55:09-GMT  BuildTime: Aug  4 2022 06:17:15  BuildStamp: freesurfer-linux-ubuntu22_x86_64-7.3.2-20220804-6354275  User: oesteban  Machine: dna061  Platform: Linux  PlatformVersion: 5.14.0-427.37.1.el9_4.x86_64  CompilerName: GCC  CompilerVersion: 8.4.0
ProgramName: mri_mask  ProgramArguments: mri_mask -all-info  ProgramVersion: 7.3.2  TimeStamp: 2026/03/13-04:55:09-GMT  BuildTime: Aug  4 2022 06:17:15  BuildStamp: freesurfer-linux-ubuntu22_x86_64-7.3.2-20220804-6354275  User: oesteban  Machine: dna061  Platform: Linux  PlatformVersion: 5.14.0-427.37.1.el9_4.x86_64  CompilerName: GCC  CompilerVersion: 8.4.0
ProgramName: mri_matrix_multiply  ProgramArguments: mri_matrix_multiply -all-info  ProgramVersion: 7.3.2  TimeStamp: 2026/03/13-04:55:09-GMT  BuildTime: Aug  4 2022 06:17:15  BuildStamp: freesurfer-linux-ubuntu22_x86_64-7.3.2-20220804-6354275  User: oesteban  Machine: dna061  Platform: Linux  PlatformVersion: 5.14.0-427.37.1.el9_4.x86_64  CompilerName: GCC  CompilerVersion: 8.4.0
ProgramName: mri_normalize  ProgramArguments: mri_normalize -all-info  ProgramVersion: 7.3.2  TimeStamp: 2026/03/13-04:55:09-GMT  BuildTime: Aug  4 2022 06:17:15  BuildStamp: freesurfer-linux-ubuntu22_x86_64-7.3.2-20220804-6354275  User: oesteban  Machine: dna061  Platform: Linux  PlatformVersion: 5.14.0-427.37.1.el9_4.x86_64  CompilerName: GCC  CompilerVersion: 8.4.0
ProgramName: mri_normalize_tp2  ProgramArguments: mri_normalize_tp2 -all-info  ProgramVersion: 7.3.2  TimeStamp: 2026/03/13-04:55:09-GMT  BuildTime: Aug  4 2022 06:17:15  BuildStamp: freesurfer-linux-ubuntu22_x86_64-7.3.2-20220804-6354275  User: oesteban  Machine: dna061  Platform: Linux  PlatformVersion: 5.14.0-427.37.1.el9_4.x86_64  CompilerName: GCC  CompilerVersion: 8.4.0
ProgramName: mri_or  ProgramArguments: mri_or -all-info  ProgramVersion: 7.3.2  TimeStamp: 2026/03/13-04:55:09-GMT  BuildTime: Aug  4 2022 06:17:15  BuildStamp: freesurfer-linux-ubuntu22_x86_64-7.3.2-20220804-6354275  User: oesteban  Machine: dna061  Platform: Linux  PlatformVersion: 5.14.0-427.37.1.el9_4.x86_64  CompilerName: GCC  CompilerVersion: 8.4.0
ProgramName: mri_relabel_hypointensities  ProgramArguments: mri_relabel_hypointensities -all-info  ProgramVersion: 7.3.2  TimeStamp: 2026/03/13-04:55:09-GMT  BuildTime: Aug  4 2022 06:17:15  BuildStamp: freesurfer-linux-ubuntu22_x86_64-7.3.2-20220804-6354275  User: oesteban  Machine: dna061  Platform: Linux  PlatformVersion: 5.14.0-427.37.1.el9_4.x86_64  CompilerName: GCC  CompilerVersion: 8.4.0
ProgramName: mri_relabel_nonwm_hypos  ProgramArguments: mri_relabel_nonwm_hypos -all-info  ProgramVersion: 7.3.2  TimeStamp: 2026/03/13-04:55:09-GMT  BuildTime: Aug  4 2022 06:17:15  BuildStamp: freesurfer-linux-ubuntu22_x86_64-7.3.2-20220804-6354275  User: oesteban  Machine: dna061  Platform: Linux  PlatformVersion: 5.14.0-427.37.1.el9_4.x86_64  CompilerName: GCC  CompilerVersion: 8.4.0
ProgramName: mri_remove_neck  ProgramArguments: mri_remove_neck -all-info  ProgramVersion: 7.3.2  TimeStamp: 2026/03/13-04:55:09-GMT  BuildTime: Aug  4 2022 06:17:15  BuildStamp: freesurfer-linux-ubuntu22_x86_64-7.3.2-20220804-6354275  User: oesteban  Machine: dna061  Platform: Linux  PlatformVersion: 5.14.0-427.37.1.el9_4.x86_64  CompilerName: GCC  CompilerVersion: 8.4.0
7.3.2

ProgramName: mri_robust_register  ProgramArguments: mri_robust_register -all-info  ProgramVersion: 7.3.2  TimeStamp: 2026/03/13-04:55:09-GMT  BuildTime: Aug  4 2022 06:17:15  BuildStamp: freesurfer-linux-ubuntu22_x86_64-7.3.2-20220804-6354275  User: oesteban  Machine: dna061  Platform: Linux  PlatformVersion: 5.14.0-427.37.1.el9_4.x86_64  CompilerName: GCC  CompilerVersion: 8.4.0
7.3.2

ProgramName: mri_robust_template  ProgramArguments: mri_robust_template -all-info  ProgramVersion: 7.3.2  TimeStamp: 2026/03/13-04:55:09-GMT  BuildTime: Aug  4 2022 06:17:15  BuildStamp: freesurfer-linux-ubuntu22_x86_64-7.3.2-20220804-6354275  User: oesteban  Machine: dna061  Platform: Linux  PlatformVersion: 5.14.0-427.37.1.el9_4.x86_64  CompilerName: GCC  CompilerVersion: 8.4.0
ProgramName: mris_anatomical_stats  ProgramArguments: mris_anatomical_stats -all-info  ProgramVersion: 7.3.2  TimeStamp: 2026/03/13-04:55:09-GMT  BuildTime: Aug  4 2022 06:17:15  BuildStamp: freesurfer-linux-ubuntu22_x86_64-7.3.2-20220804-6354275  User: oesteban  Machine: dna061  Platform: Linux  PlatformVersion: 5.14.0-427.37.1.el9_4.x86_64  CompilerName: GCC  CompilerVersion: 8.4.0
ProgramName: mris_ca_label  ProgramArguments: mris_ca_label -all-info  ProgramVersion: 7.3.2  TimeStamp: 2026/03/13-04:55:09-GMT  BuildTime: Aug  4 2022 06:17:15  BuildStamp: freesurfer-linux-ubuntu22_x86_64-7.3.2-20220804-6354275  User: oesteban  Machine: dna061  Platform: Linux  PlatformVersion: 5.14.0-427.37.1.el9_4.x86_64  CompilerName: GCC  CompilerVersion: 8.4.0
ProgramName: mris_calc  ProgramArguments: mris_calc -all-info  ProgramVersion: 7.3.2  TimeStamp: 2026/03/13-04:55:09-GMT  BuildTime: Aug  4 2022 06:17:15  BuildStamp: freesurfer-linux-ubuntu22_x86_64-7.3.2-20220804-6354275  User: oesteban  Machine: dna061  Platform: Linux  PlatformVersion: 5.14.0-427.37.1.el9_4.x86_64  CompilerName: GCC  CompilerVersion: 8.4.0
ProgramName: mris_convert  ProgramArguments: mris_convert -all-info  ProgramVersion: 7.3.2  TimeStamp: 2026/03/13-04:55:09-GMT  BuildTime: Aug  4 2022 06:17:15  BuildStamp: freesurfer-linux-ubuntu22_x86_64-7.3.2-20220804-6354275  User: oesteban  Machine: dna061  Platform: Linux  PlatformVersion: 5.14.0-427.37.1.el9_4.x86_64  CompilerName: GCC  CompilerVersion: 8.4.0
ProgramName: mris_curvature  ProgramArguments: mris_curvature -all-info  ProgramVersion: 7.3.2  TimeStamp: 2026/03/13-04:55:09-GMT  BuildTime: Aug  4 2022 06:17:15  BuildStamp: freesurfer-linux-ubuntu22_x86_64-7.3.2-20220804-6354275  User: oesteban  Machine: dna061  Platform: Linux  PlatformVersion: 5.14.0-427.37.1.el9_4.x86_64  CompilerName: GCC  CompilerVersion: 8.4.0
ProgramName: mris_curvature_stats  ProgramArguments: mris_curvature_stats -all-info  ProgramVersion: 7.3.2  TimeStamp: 2026/03/13-04:55:09-GMT  BuildTime: Aug  4 2022 06:17:15  BuildStamp: freesurfer-linux-ubuntu22_x86_64-7.3.2-20220804-6354275  User: oesteban  Machine: dna061  Platform: Linux  PlatformVersion: 5.14.0-427.37.1.el9_4.x86_64  CompilerName: GCC  CompilerVersion: 8.4.0
ProgramName: mris_diff  ProgramArguments: mris_diff -all-info  ProgramVersion: 7.3.2  TimeStamp: 2026/03/13-04:55:09-GMT  BuildTime: Aug  4 2022 06:17:15  BuildStamp: freesurfer-linux-ubuntu22_x86_64-7.3.2-20220804-6354275  User: oesteban  Machine: dna061  Platform: Linux  PlatformVersion: 5.14.0-427.37.1.el9_4.x86_64  CompilerName: GCC  CompilerVersion: 8.4.0
ProgramName: mris_divide_parcellation  ProgramArguments: mris_divide_parcellation -all-info  ProgramVersion: 7.3.2  TimeStamp: 2026/03/13-04:55:09-GMT  BuildTime: Aug  4 2022 06:17:15  BuildStamp: freesurfer-linux-ubuntu22_x86_64-7.3.2-20220804-6354275  User: oesteban  Machine: dna061  Platform: Linux  PlatformVersion: 5.14.0-427.37.1.el9_4.x86_64  CompilerName: GCC  CompilerVersion: 8.4.0
ProgramName: mri_segment  ProgramArguments: mri_segment -all-info  ProgramVersion: 7.3.2  TimeStamp: 2026/03/13-04:55:09-GMT  BuildTime: Aug  4 2022 06:17:15  BuildStamp: freesurfer-linux-ubuntu22_x86_64-7.3.2-20220804-6354275  User: oesteban  Machine: dna061  Platform: Linux  PlatformVersion: 5.14.0-427.37.1.el9_4.x86_64  CompilerName: GCC  CompilerVersion: 8.4.0
ProgramName: mri_segstats  ProgramArguments: mri_segstats -all-info  ProgramVersion: 7.3.2  TimeStamp: 2026/03/13-04:55:09-GMT  BuildTime: Aug  4 2022 06:17:15  BuildStamp: freesurfer-linux-ubuntu22_x86_64-7.3.2-20220804-6354275  User: oesteban  Machine: dna061  Platform: Linux  PlatformVersion: 5.14.0-427.37.1.el9_4.x86_64  CompilerName: GCC  CompilerVersion: 8.4.0
ProgramName: mris_euler_number  ProgramArguments: mris_euler_number -all-info  ProgramVersion: 7.3.2  TimeStamp: 2026/03/13-04:55:09-GMT  BuildTime: Aug  4 2022 06:17:15  BuildStamp: freesurfer-linux-ubuntu22_x86_64-7.3.2-20220804-6354275  User: oesteban  Machine: dna061  Platform: Linux  PlatformVersion: 5.14.0-427.37.1.el9_4.x86_64  CompilerName: GCC  CompilerVersion: 8.4.0
ProgramName: mris_fix_topology  ProgramArguments: mris_fix_topology -all-info  ProgramVersion: 7.3.2  TimeStamp: 2026/03/13-04:55:09-GMT  BuildTime: Aug  4 2022 06:17:15  BuildStamp: freesurfer-linux-ubuntu22_x86_64-7.3.2-20220804-6354275  User: oesteban  Machine: dna061  Platform: Linux  PlatformVersion: 5.14.0-427.37.1.el9_4.x86_64  CompilerName: GCC  CompilerVersion: 8.4.0
ProgramName: mris_topo_fixer  ProgramArguments: mris_topo_fixer -all-info  ProgramVersion: 7.3.2  TimeStamp: 2026/03/13-04:55:09-GMT  BuildTime: Aug  4 2022 06:17:15  BuildStamp: freesurfer-linux-ubuntu22_x86_64-7.3.2-20220804-6354275  User: oesteban  Machine: dna061  Platform: Linux  PlatformVersion: 5.14.0-427.37.1.el9_4.x86_64  CompilerName: GCC  CompilerVersion: 8.4.0
ProgramName: mris_jacobian  ProgramArguments: mris_jacobian -all-info  ProgramVersion: 7.3.2  TimeStamp: 2026/03/13-04:55:09-GMT  BuildTime: Aug  4 2022 06:17:15  BuildStamp: freesurfer-linux-ubuntu22_x86_64-7.3.2-20220804-6354275  User: oesteban  Machine: dna061  Platform: Linux  PlatformVersion: 5.14.0-427.37.1.el9_4.x86_64  CompilerName: GCC  CompilerVersion: 8.4.0
ProgramName: mris_label2annot  ProgramArguments: mris_label2annot -all-info  ProgramVersion: 7.3.2  TimeStamp: 2026/03/13-04:55:09-GMT  BuildTime: Aug  4 2022 06:17:15  BuildStamp: freesurfer-linux-ubuntu22_x86_64-7.3.2-20220804-6354275  User: oesteban  Machine: dna061  Platform: Linux  PlatformVersion: 5.14.0-427.37.1.el9_4.x86_64  CompilerName: GCC  CompilerVersion: 8.4.0
ProgramName: mris_left_right_register  ProgramArguments: mris_left_right_register -all-info  ProgramVersion: 7.3.2  TimeStamp: 2026/03/13-04:55:09-GMT  BuildTime: Aug  4 2022 06:17:15  BuildStamp: freesurfer-linux-ubuntu22_x86_64-7.3.2-20220804-6354275  User: oesteban  Machine: dna061  Platform: Linux  PlatformVersion: 5.14.0-427.37.1.el9_4.x86_64  CompilerName: GCC  CompilerVersion: 8.4.0
ProgramName: mris_place_surface  ProgramArguments: mris_place_surface -all-info  ProgramVersion: 7.3.2  TimeStamp: 2026/03/13-04:55:09-GMT  BuildTime: Aug  4 2022 06:17:15  BuildStamp: freesurfer-linux-ubuntu22_x86_64-7.3.2-20220804-6354275  User: oesteban  Machine: dna061  Platform: Linux  PlatformVersion: 5.14.0-427.37.1.el9_4.x86_64  CompilerName: GCC  CompilerVersion: 8.4.0
ProgramName: mrisp_paint  ProgramArguments: mrisp_paint -all-info  ProgramVersion: 7.3.2  TimeStamp: 2026/03/13-04:55:09-GMT  BuildTime: Aug  4 2022 06:17:15  BuildStamp: freesurfer-linux-ubuntu22_x86_64-7.3.2-20220804-6354275  User: oesteban  Machine: dna061  Platform: Linux  PlatformVersion: 5.14.0-427.37.1.el9_4.x86_64  CompilerName: GCC  CompilerVersion: 8.4.0
ProgramName: mris_register  ProgramArguments: mris_register -all-info  ProgramVersion: 7.3.2  TimeStamp: 2026/03/13-04:55:09-GMT  BuildTime: Aug  4 2022 06:17:15  BuildStamp: freesurfer-linux-ubuntu22_x86_64-7.3.2-20220804-6354275  User: oesteban  Machine: dna061  Platform: Linux  PlatformVersion: 5.14.0-427.37.1.el9_4.x86_64  CompilerName: GCC  CompilerVersion: 8.4.0
ProgramName: mris_smooth  ProgramArguments: mris_smooth -all-info  ProgramVersion: 7.3.2  TimeStamp: 2026/03/13-04:55:09-GMT  BuildTime: Aug  4 2022 06:17:15  BuildStamp: freesurfer-linux-ubuntu22_x86_64-7.3.2-20220804-6354275  User: oesteban  Machine: dna061  Platform: Linux  PlatformVersion: 5.14.0-427.37.1.el9_4.x86_64  CompilerName: GCC  CompilerVersion: 8.4.0
ProgramName: mris_sphere  ProgramArguments: mris_sphere -all-info  ProgramVersion: 7.3.2  TimeStamp: 2026/03/13-04:55:09-GMT  BuildTime: Aug  4 2022 06:17:15  BuildStamp: freesurfer-linux-ubuntu22_x86_64-7.3.2-20220804-6354275  User: oesteban  Machine: dna061  Platform: Linux  PlatformVersion: 5.14.0-427.37.1.el9_4.x86_64  CompilerName: GCC  CompilerVersion: 8.4.0
ProgramName: mris_surface_stats  ProgramArguments: mris_surface_stats -all-info  ProgramVersion: 7.3.2  TimeStamp: 2026/03/13-04:55:09-GMT  BuildTime: Aug  4 2022 06:17:15  BuildStamp: freesurfer-linux-ubuntu22_x86_64-7.3.2-20220804-6354275  User: oesteban  Machine: dna061  Platform: Linux  PlatformVersion: 5.14.0-427.37.1.el9_4.x86_64  CompilerName: GCC  CompilerVersion: 8.4.0
ProgramName: mri_stats2seg  ProgramArguments: mri_stats2seg -all-info  ProgramVersion: 7.3.2  TimeStamp: 2026/03/13-04:55:09-GMT  BuildTime: Aug  4 2022 06:17:15  BuildStamp: freesurfer-linux-ubuntu22_x86_64-7.3.2-20220804-6354275  User: oesteban  Machine: dna061  Platform: Linux  PlatformVersion: 5.14.0-427.37.1.el9_4.x86_64  CompilerName: GCC  CompilerVersion: 8.4.0
ProgramName: mris_thickness  ProgramArguments: mris_thickness -all-info  ProgramVersion: 7.3.2  TimeStamp: 2026/03/13-04:55:09-GMT  BuildTime: Aug  4 2022 06:17:15  BuildStamp: freesurfer-linux-ubuntu22_x86_64-7.3.2-20220804-6354275  User: oesteban  Machine: dna061  Platform: Linux  PlatformVersion: 5.14.0-427.37.1.el9_4.x86_64  CompilerName: GCC  CompilerVersion: 8.4.0
ProgramName: mris_thickness_diff  ProgramArguments: mris_thickness_diff -all-info  ProgramVersion: 7.3.2  TimeStamp: 2026/03/13-04:55:09-GMT  BuildTime: Aug  4 2022 06:17:15  BuildStamp: freesurfer-linux-ubuntu22_x86_64-7.3.2-20220804-6354275  User: oesteban  Machine: dna061  Platform: Linux  PlatformVersion: 5.14.0-427.37.1.el9_4.x86_64  CompilerName: GCC  CompilerVersion: 8.4.0
ProgramName: mris_topo_fixer  ProgramArguments: mris_topo_fixer -all-info  ProgramVersion: 7.3.2  TimeStamp: 2026/03/13-04:55:09-GMT  BuildTime: Aug  4 2022 06:17:15  BuildStamp: freesurfer-linux-ubuntu22_x86_64-7.3.2-20220804-6354275  User: oesteban  Machine: dna061  Platform: Linux  PlatformVersion: 5.14.0-427.37.1.el9_4.x86_64  CompilerName: GCC  CompilerVersion: 8.4.0
ProgramName: mri_surf2surf  ProgramArguments: mri_surf2surf -all-info  ProgramVersion: 7.3.2  TimeStamp: 2026/03/13-04:55:09-GMT  BuildTime: Aug  4 2022 06:17:15  BuildStamp: freesurfer-linux-ubuntu22_x86_64-7.3.2-20220804-6354275  User: oesteban  Machine: dna061  Platform: Linux  PlatformVersion: 5.14.0-427.37.1.el9_4.x86_64  CompilerName: GCC  CompilerVersion: 8.4.0
ProgramName: mri_surf2vol  ProgramArguments: mri_surf2vol -all-info  ProgramVersion: 7.3.2  TimeStamp: 2026/03/13-04:55:09-GMT  BuildTime: Aug  4 2022 06:17:15  BuildStamp: freesurfer-linux-ubuntu22_x86_64-7.3.2-20220804-6354275  User: oesteban  Machine: dna061  Platform: Linux  PlatformVersion: 5.14.0-427.37.1.el9_4.x86_64  CompilerName: GCC  CompilerVersion: 8.4.0
ProgramName: mri_surfcluster  ProgramArguments: mri_surfcluster -all-info  ProgramVersion: 7.3.2  TimeStamp: 2026/03/13-04:55:09-GMT  BuildTime: Aug  4 2022 06:17:15  BuildStamp: freesurfer-linux-ubuntu22_x86_64-7.3.2-20220804-6354275  User: oesteban  Machine: dna061  Platform: Linux  PlatformVersion: 5.14.0-427.37.1.el9_4.x86_64  CompilerName: GCC  CompilerVersion: 8.4.0
ProgramName: mris_volmask  ProgramArguments: mris_volmask -all-info  ProgramVersion: 7.3.2  TimeStamp: 2026/03/13-04:55:09-GMT  BuildTime: Aug  4 2022 06:17:15  BuildStamp: freesurfer-linux-ubuntu22_x86_64-7.3.2-20220804-6354275  User: oesteban  Machine: dna061  Platform: Linux  PlatformVersion: 5.14.0-427.37.1.el9_4.x86_64  CompilerName: GCC  CompilerVersion: 8.4.0
ProgramName: mri_tessellate  ProgramArguments: mri_tessellate -all-info  ProgramVersion: 7.3.2  TimeStamp: 2026/03/13-04:55:09-GMT  BuildTime: Aug  4 2022 06:17:15  BuildStamp: freesurfer-linux-ubuntu22_x86_64-7.3.2-20220804-6354275  User: oesteban  Machine: dna061  Platform: Linux  PlatformVersion: 5.14.0-427.37.1.el9_4.x86_64  CompilerName: GCC  CompilerVersion: 8.4.0
ProgramName: mri_vol2surf  ProgramArguments: mri_vol2surf -all-info  ProgramVersion: 7.3.2  TimeStamp: 2026/03/13-04:55:09-GMT  BuildTime: Aug  4 2022 06:17:15  BuildStamp: freesurfer-linux-ubuntu22_x86_64-7.3.2-20220804-6354275  User: oesteban  Machine: dna061  Platform: Linux  PlatformVersion: 5.14.0-427.37.1.el9_4.x86_64  CompilerName: GCC  CompilerVersion: 8.4.0
ProgramName: mri_vol2vol  ProgramArguments: mri_vol2vol -all-info  ProgramVersion: 7.3.2  TimeStamp: 2026/03/13-04:55:09-GMT  BuildTime: Aug  4 2022 06:17:15  BuildStamp: freesurfer-linux-ubuntu22_x86_64-7.3.2-20220804-6354275  User: oesteban  Machine: dna061  Platform: Linux  PlatformVersion: 5.14.0-427.37.1.el9_4.x86_64  CompilerName: GCC  CompilerVersion: 8.4.0
ProgramName: mri_voldiff  ProgramArguments: mri_voldiff -all-info  ProgramVersion: 7.3.2  TimeStamp: 2026/03/13-04:55:09-GMT  BuildTime: Aug  4 2022 06:17:15  BuildStamp: freesurfer-linux-ubuntu22_x86_64-7.3.2-20220804-6354275  User: oesteban  Machine: dna061  Platform: Linux  PlatformVersion: 5.14.0-427.37.1.el9_4.x86_64  CompilerName: GCC  CompilerVersion: 8.4.0
ProgramName: mri_watershed  ProgramArguments: mri_watershed -all-info  ProgramVersion: 7.3.2  TimeStamp: 2026/03/13-04:55:09-GMT  BuildTime: Aug  4 2022 06:17:15  BuildStamp: freesurfer-linux-ubuntu22_x86_64-7.3.2-20220804-6354275  User: oesteban  Machine: dna061  Platform: Linux  PlatformVersion: 5.14.0-427.37.1.el9_4.x86_64  CompilerName: GCC  CompilerVersion: 8.4.0
ProgramName: tkregister2  ProgramArguments: tkregister2_cmdl -all-info  ProgramVersion: 7.3.2  TimeStamp: 2026/03/13-04:55:09-GMT  BuildTime: Aug  4 2022 06:17:15  BuildStamp: freesurfer-linux-ubuntu22_x86_64-7.3.2-20220804-6354275  User: oesteban  Machine: dna061  Platform: Linux  PlatformVersion: 5.14.0-427.37.1.el9_4.x86_64  CompilerName: GCC  CompilerVersion: 8.4.0
mri_motion_correct.fsl 7.3.2
mri_convert -all-info 
ProgramName: mri_convert  ProgramArguments: mri_convert -all-info  ProgramVersion: 7.3.2  TimeStamp: 2026/03/13-04:55:09-GMT  BuildTime: Aug  4 2022 06:17:15  BuildStamp: freesurfer-linux-ubuntu22_x86_64-7.3.2-20220804-6354275  User: oesteban  Machine: dna061  Platform: Linux  PlatformVersion: 5.14.0-427.37.1.el9_4.x86_64  CompilerName: GCC  CompilerVersion: 8.4.0
Program nu_correct, built from:
Package MNI N3, version 1.12.0, compiled by nicks@terrier (x86_64-unknown-linux-gnu) on 2015-06-19 at 01:25:34
#######################################
GCADIR /opt/freesurfer/average
GCA RB_all_2020-01-02.gca
GCASkull RB_all_withskull_2020_01_02.gca
AvgCurvTif folding.atlas.acfb40.noaparc.i12.2016-08-02.tif
GCSDIR /opt/freesurfer/average
GCS DKaparc.atlas.acfb40.noaparc.i12.2016-08-02.gcs
#######################################
#--------------------------------------------
#@# Tessellate rh Fri Mar 13 05:55:09 CET 2026
/out/sourcedata/freesurfer/sub-v2s4x29587_ses-1/scripts

 mri_pretess ../mri/filled.mgz 127 ../mri/norm.mgz ../mri/filled-pretess127.mgz 


Iteration Number : 1
pass   1 (xy+):   3 found -   3 modified     |    TOTAL:   3
pass   2 (xy+):   0 found -   3 modified     |    TOTAL:   3
pass   1 (xy-):   3 found -   3 modified     |    TOTAL:   6
pass   2 (xy-):   0 found -   3 modified     |    TOTAL:   6
pass   1 (yz+):   5 found -   5 modified     |    TOTAL:  11
pass   2 (yz+):   0 found -   5 modified     |    TOTAL:  11
pass   1 (yz-):   6 found -   6 modified     |    TOTAL:  17
pass   2 (yz-):   0 found -   6 modified     |    TOTAL:  17
pass   1 (xz+):   2 found -   2 modified     |    TOTAL:  19
pass   2 (xz+):   0 found -   2 modified     |    TOTAL:  19
pass   1 (xz-):   1 found -   1 modified     |    TOTAL:  20
pass   2 (xz-):   0 found -   1 modified     |    TOTAL:  20
Iteration Number : 1
pass   1 (+++):   0 found -   0 modified     |    TOTAL:   0
pass   1 (+++):   0 found -   0 modified     |    TOTAL:   0
pass   1 (+++):   0 found -   0 modified     |    TOTAL:   0
pass   1 (+++):   0 found -   0 modified     |    TOTAL:   0
Iteration Number : 1
pass   1 (++):   0 found -   0 modified     |    TOTAL:   0
pass   1 (+-):   0 found -   0 modified     |    TOTAL:   0
pass   1 (--):   0 found -   0 modified     |    TOTAL:   0
pass   1 (-+):   1 found -   1 modified     |    TOTAL:   1
pass   2 (-+):   0 found -   1 modified     |    TOTAL:   1
Iteration Number : 2
pass   1 (xy+):   0 found -   0 modified     |    TOTAL:   0
pass   1 (xy-):   0 found -   0 modified     |    TOTAL:   0
pass   1 (yz+):   0 found -   0 modified     |    TOTAL:   0
pass   1 (yz-):   0 found -   0 modified     |    TOTAL:   0
pass   1 (xz+):   0 found -   0 modified     |    TOTAL:   0
pass   1 (xz-):   0 found -   0 modified     |    TOTAL:   0
Iteration Number : 2
pass   1 (+++):   0 found -   0 modified     |    TOTAL:   0
pass   1 (+++):   0 found -   0 modified     |    TOTAL:   0
pass   1 (+++):   0 found -   0 modified     |    TOTAL:   0
pass   1 (+++):   0 found -   0 modified     |    TOTAL:   0
Iteration Number : 2
pass   1 (++):   0 found -   0 modified     |    TOTAL:   0
pass   1 (+-):   0 found -   0 modified     |    TOTAL:   0
pass   1 (--):   0 found -   0 modified     |    TOTAL:   0
pass   1 (-+):   0 found -   0 modified     |    TOTAL:   0

Total Number of Modified Voxels = 21 (out of 231495: 0.009071)
Ambiguous edge configurations... 

mri_pretess done


 mri_tessellate ../mri/filled-pretess127.mgz 127 ../surf/rh.orig.nofix 

7.3.2
  7.3.2
slice 50: 1631 vertices, 1739 faces
slice 60: 5585 vertices, 5758 faces
slice 70: 12053 vertices, 12309 faces
slice 80: 20181 vertices, 20460 faces
slice 90: 29970 vertices, 30406 faces
slice 100: 41655 vertices, 42010 faces
slice 110: 52157 vertices, 52537 faces
slice 120: 64681 vertices, 65098 faces
slice 130: 76423 vertices, 76867 faces
slice 140: 87035 vertices, 87411 faces
slice 150: 96378 vertices, 96703 faces
slice 160: 104547 vertices, 104840 faces
slice 170: 111432 vertices, 111735 faces
slice 180: 117753 vertices, 118008 faces
slice 190: 122886 vertices, 123122 faces
slice 200: 126677 vertices, 126846 faces
slice 210: 127466 vertices, 127540 faces
slice 220: 127466 vertices, 127540 faces
slice 230: 127466 vertices, 127540 faces
slice 240: 127466 vertices, 127540 faces
slice 250: 127466 vertices, 127540 faces
using the conformed surface RAS to save vertex points...
writing ../surf/rh.orig.nofix
using vox2ras matrix:
-1.00000   0.00000   0.00000   128.00000;
 0.00000   0.00000   1.00000  -128.00000;
 0.00000  -1.00000   0.00000   128.00000;
 0.00000   0.00000   0.00000   1.00000;

 rm -f ../mri/filled-pretess127.mgz 


 mris_extract_main_component ../surf/rh.orig.nofix ../surf/rh.orig.nofix 


counting number of connected components...
   127466 voxel in cpt #1: X=-74 [v=127466,e=382620,f=255080] located at (28.141464, -8.016209, 31.171324)
For the whole surface: X=-74 [v=127466,e=382620,f=255080]
One single component has been found
nothing to do
done

#--------------------------------------------
#@# Smooth1 rh Fri Mar 13 05:55:12 CET 2026
/out/sourcedata/freesurfer/sub-v2s4x29587_ses-1/scripts

 mris_smooth -nw -seed 1234 ../surf/rh.orig.nofix ../surf/rh.smoothwm.nofix 

setting seed for random number generator to 1234
smoothing surface tessellation for 10 iterations...
smoothing complete - recomputing first and second fundamental forms...
#--------------------------------------------
#@# Inflation1 rh Fri Mar 13 05:55:14 CET 2026
/out/sourcedata/freesurfer/sub-v2s4x29587_ses-1/scripts

 mris_inflate -no-save-sulc ../surf/rh.smoothwm.nofix ../surf/rh.inflated.nofix 

Not saving sulc
Reading ../surf/rh.smoothwm.nofix
avg radius = 45.0 mm, total surface area = 68104 mm^2
step 000: RMS=0.155 (target=0.015)   step 005: RMS=0.120 (target=0.015)   step 010: RMS=0.091 (target=0.015)   step 015: RMS=0.078 (target=0.015)   step 020: RMS=0.068 (target=0.015)   step 025: RMS=0.060 (target=0.015)   step 030: RMS=0.055 (target=0.015)   step 035: RMS=0.051 (target=0.015)   step 040: RMS=0.048 (target=0.015)   step 045: RMS=0.046 (target=0.015)   step 050: RMS=0.045 (target=0.015)   step 055: RMS=0.044 (target=0.015)   step 060: RMS=0.043 (target=0.015)   writing inflated surface to ../surf/rh.inflated.nofix
inflation took 0.2 minutes

inflation complete.
Not saving sulc
mris_inflate utimesec    43.764972
mris_inflate stimesec    1.692969
mris_inflate ru_maxrss   203928
mris_inflate ru_ixrss    0
mris_inflate ru_idrss    0
mris_inflate ru_isrss    0
mris_inflate ru_minflt   594413
mris_inflate ru_majflt   13
mris_inflate ru_nswap    0
mris_inflate ru_inblock  0
mris_inflate ru_oublock  8976
mris_inflate ru_msgsnd   0
mris_inflate ru_msgrcv   0
mris_inflate ru_nsignals 0
mris_inflate ru_nvcsw    5422
mris_inflate ru_nivcsw   504
#--------------------------------------------
#@# QSphere rh Fri Mar 13 05:55:24 CET 2026
/out/sourcedata/freesurfer/sub-v2s4x29587_ses-1/scripts

 mris_sphere -q -p 6 -a 128 -seed 1234 ../surf/rh.inflated.nofix ../surf/rh.qsphere.nofix 

doing quick spherical unfolding.
limitting unfolding to 6 passes
using n_averages = 128
setting seed for random number genererator to 1234
version: 7.3.2
available threads: 16
scaling brain by 0.309...
inflating...
projecting onto sphere...
surface projected - minimizing metric distortion...
vertex spacing 1.02 +- 0.59 (0.00-->8.49) (max @ vno 49650 --> 50755)
face area 0.03 +- 0.03 (-0.13-->0.86)
Entering MRISinflateToSphere()
inflating to sphere (rms error < 2.00)
000: dt: 0.0000, rms radial error=177.307, avgs=0
005/300: dt: 0.9000, rms radial error=177.048, avgs=0
010/300: dt: 0.9000, rms radial error=176.491, avgs=0
015/300: dt: 0.9000, rms radial error=175.760, avgs=0
020/300: dt: 0.9000, rms radial error=174.927, avgs=0
025/300: dt: 0.9000, rms radial error=174.036, avgs=0
030/300: dt: 0.9000, rms radial error=173.114, avgs=0
035/300: dt: 0.9000, rms radial error=172.174, avgs=0
040/300: dt: 0.9000, rms radial error=171.226, avgs=0
045/300: dt: 0.9000, rms radial error=170.276, avgs=0
050/300: dt: 0.9000, rms radial error=169.327, avgs=0
055/300: dt: 0.9000, rms radial error=168.380, avgs=0
060/300: dt: 0.9000, rms radial error=167.436, avgs=0
065/300: dt: 0.9000, rms radial error=166.496, avgs=0
070/300: dt: 0.9000, rms radial error=165.561, avgs=0
075/300: dt: 0.9000, rms radial error=164.631, avgs=0
080/300: dt: 0.9000, rms radial error=163.706, avgs=0
085/300: dt: 0.9000, rms radial error=162.786, avgs=0
090/300: dt: 0.9000, rms radial error=161.871, avgs=0
095/300: dt: 0.9000, rms radial error=160.961, avgs=0
100/300: dt: 0.9000, rms radial error=160.056, avgs=0
105/300: dt: 0.9000, rms radial error=159.155, avgs=0
110/300: dt: 0.9000, rms radial error=158.260, avgs=0
115/300: dt: 0.9000, rms radial error=157.369, avgs=0
120/300: dt: 0.9000, rms radial error=156.483, avgs=0
125/300: dt: 0.9000, rms radial error=155.602, avgs=0
130/300: dt: 0.9000, rms radial error=154.726, avgs=0
135/300: dt: 0.9000, rms radial error=153.855, avgs=0
140/300: dt: 0.9000, rms radial error=152.988, avgs=0
145/300: dt: 0.9000, rms radial error=152.126, avgs=0
150/300: dt: 0.9000, rms radial error=151.269, avgs=0
155/300: dt: 0.9000, rms radial error=150.418, avgs=0
160/300: dt: 0.9000, rms radial error=149.571, avgs=0
165/300: dt: 0.9000, rms radial error=148.729, avgs=0
170/300: dt: 0.9000, rms radial error=147.891, avgs=0
175/300: dt: 0.9000, rms radial error=147.058, avgs=0
180/300: dt: 0.9000, rms radial error=146.230, avgs=0
185/300: dt: 0.9000, rms radial error=145.406, avgs=0
190/300: dt: 0.9000, rms radial error=144.587, avgs=0
195/300: dt: 0.9000, rms radial error=143.772, avgs=0
200/300: dt: 0.9000, rms radial error=142.962, avgs=0
205/300: dt: 0.9000, rms radial error=142.156, avgs=0
210/300: dt: 0.9000, rms radial error=141.355, avgs=0
215/300: dt: 0.9000, rms radial error=140.558, avgs=0
220/300: dt: 0.9000, rms radial error=139.766, avgs=0
225/300: dt: 0.9000, rms radial error=138.978, avgs=0
230/300: dt: 0.9000, rms radial error=138.194, avgs=0
235/300: dt: 0.9000, rms radial error=137.415, avgs=0
240/300: dt: 0.9000, rms radial error=136.640, avgs=0
245/300: dt: 0.9000, rms radial error=135.869, avgs=0
250/300: dt: 0.9000, rms radial error=135.103, avgs=0
255/300: dt: 0.9000, rms radial error=134.341, avgs=0
260/300: dt: 0.9000, rms radial error=133.583, avgs=0
265/300: dt: 0.9000, rms radial error=132.830, avgs=0
270/300: dt: 0.9000, rms radial error=132.080, avgs=0
275/300: dt: 0.9000, rms radial error=131.335, avgs=0
280/300: dt: 0.9000, rms radial error=130.594, avgs=0
285/300: dt: 0.9000, rms radial error=129.858, avgs=0
290/300: dt: 0.9000, rms radial error=129.125, avgs=0
295/300: dt: 0.9000, rms radial error=128.397, avgs=0
300/300: dt: 0.9000, rms radial error=127.672, avgs=0

spherical inflation complete.
epoch 1 (K=10.0), pass 1, starting sse = 14893.28
taking momentum steps...
taking momentum steps...
taking momentum steps...
taking momentum steps...
pass 1 complete, delta sse/iter = 0.00/13 = 0.00033
epoch 2 (K=40.0), pass 1, starting sse = 2420.39
taking momentum steps...
taking momentum steps...
taking momentum steps...
taking momentum steps...
pass 1 complete, delta sse/iter = 0.00/13 = 0.00036
epoch 3 (K=160.0), pass 1, starting sse = 235.75
taking momentum steps...
taking momentum steps...
taking momentum steps...
taking momentum steps...
pass 1 complete, delta sse/iter = 0.12/16 = 0.00736
epoch 4 (K=640.0), pass 1, starting sse = 15.17
taking momentum steps...
taking momentum steps...
taking momentum steps...
taking momentum steps...
pass 1 complete, delta sse/iter = 0.10/19 = 0.00531
final distance error %100000.00
writing spherical brain to ../surf/rh.qsphere.nofix
spherical transformation took 0.0158 hours
FSRUNTIME@ mris_sphere  0.0158 hours 16 threads
#VMPC# mris_sphere VmPeak  1812560
mris_sphere done
#@# Fix Topology rh Fri Mar 13 05:56:20 CET 2026

 mris_fix_topology -mgz -sphere qsphere.nofix -inflated inflated.nofix -orig orig.nofix -out orig.premesh -ga -seed 1234 sub-v2s4x29587_ses-1 rh 

reading spherical homeomorphism from 'qsphere.nofix'
reading inflated coordinates from 'inflated.nofix'
reading original coordinates from 'orig.nofix'
using genetic algorithm with optimized parameters
setting seed for random number genererator to 1234

*************************************************************
Topology Correction Parameters
retessellation mode:           genetic search
number of patches/generation : 10
number of generations :        10
surface mri loglikelihood coefficient :         1.0
volume mri loglikelihood coefficient :          10.0
normal dot loglikelihood coefficient :          1.0
quadratic curvature loglikelihood coefficient : 1.0
volume resolution :                             2
eliminate vertices during search :              1
initial patch selection :                       1
select all defect vertices :                    0
ordering dependant retessellation:              0
use precomputed edge table :                    0
smooth retessellated patch :                    2
match retessellated patch :                     1
verbose mode :                                  0

*************************************************************
INFO: assuming .mgz format
writing corrected surface to 'orig.premesh'
7.3.2
  7.3.2
before topology correction, eno=-74 (nv=127466, nf=255080, ne=382620, g=38)
using quasi-homeomorphic spherical map to tessellate cortical surface...

Correction of the Topology
Finding true center and radius of Spherical Surface...done
Surface centered at (0,0,0) with radius 100.0 in 9 iterations
marking ambiguous vertices...
5766 ambiguous faces found in tessellation
segmenting defects...
41 defects found, arbitrating ambiguous regions...
analyzing neighboring defects...
      -merging segment 31 into 28
40 defects to be corrected 
0 vertices coincident
reading input surface /out/sourcedata/freesurfer/sub-v2s4x29587_ses-1/surf/rh.qsphere.nofix...
reading brain volume from brain...
reading wm segmentation from wm...
Reading original properties of orig.nofix
Reading vertex positions of inflated.nofix
Computing Initial Surface Statistics
      -face       loglikelihood: -8.6487  (-4.3243)
      -vertex     loglikelihood: -5.5117  (-2.7558)
      -normal dot loglikelihood: -3.6426  (-3.6426)
      -quad curv  loglikelihood: -5.8012  (-2.9006)
      Total Loglikelihood : -23.6042
CORRECTING DEFECT 0 (vertices=198, convex hull=173, v0=66)
After retessellation of defect 0 (v0=66), euler #=-37 (124033,370901,246831) : difference with theory (-37) = 0 
CORRECTING DEFECT 1 (vertices=141, convex hull=183, v0=1450)
normal vector of length zero at vertex 2449 with 4 faces
normal vector of length zero at vertex 2449 with 4 faces
normal vector of length zero at vertex 2449 with 4 faces
normal vector of length zero at vertex 2449 with 4 faces
Warning - incorrect dp selected!!!!(-65.296718 >= -65.214597 ) 
After retessellation of defect 1 (v0=1450), euler #=-36 (124096,371175,247043) : difference with theory (-36) = 0 
CORRECTING DEFECT 2 (vertices=32, convex hull=31, v0=11061)
After retessellation of defect 2 (v0=11061), euler #=-35 (124100,371196,247061) : difference with theory (-35) = 0 
CORRECTING DEFECT 3 (vertices=53, convex hull=53, v0=11964)
After retessellation of defect 3 (v0=11964), euler #=-34 (124116,371268,247118) : difference with theory (-34) = 0 
CORRECTING DEFECT 4 (vertices=15, convex hull=51, v0=12526)
After retessellation of defect 4 (v0=12526), euler #=-33 (124125,371316,247158) : difference with theory (-33) = 0 
CORRECTING DEFECT 5 (vertices=89, convex hull=76, v0=17373)
After retessellation of defect 5 (v0=17373), euler #=-32 (124162,371460,247266) : difference with theory (-32) = 0 
CORRECTING DEFECT 6 (vertices=20, convex hull=50, v0=19332)
After retessellation of defect 6 (v0=19332), euler #=-31 (124174,371513,247308) : difference with theory (-31) = 0 
CORRECTING DEFECT 7 (vertices=43, convex hull=77, v0=22119)
After retessellation of defect 7 (v0=22119), euler #=-30 (124189,371586,247367) : difference with theory (-30) = 0 
CORRECTING DEFECT 8 (vertices=24, convex hull=28, v0=24389)
After retessellation of defect 8 (v0=24389), euler #=-29 (124193,371606,247384) : difference with theory (-29) = 0 
CORRECTING DEFECT 9 (vertices=78, convex hull=57, v0=25255)
After retessellation of defect 9 (v0=25255), euler #=-28 (124218,371704,247458) : difference with theory (-28) = 0 
CORRECTING DEFECT 10 (vertices=29, convex hull=60, v0=29933)
After retessellation of defect 10 (v0=29933), euler #=-27 (124222,371738,247489) : difference with theory (-27) = 0 
CORRECTING DEFECT 11 (vertices=31, convex hull=32, v0=31168)
After retessellation of defect 11 (v0=31168), euler #=-26 (124227,371762,247509) : difference with theory (-26) = 0 
CORRECTING DEFECT 12 (vertices=234, convex hull=55, v0=33684)
After retessellation of defect 12 (v0=33684), euler #=-25 (124245,371840,247570) : difference with theory (-25) = 0 
CORRECTING DEFECT 13 (vertices=30, convex hull=57, v0=35197)
After retessellation of defect 13 (v0=35197), euler #=-24 (124265,371921,247632) : difference with theory (-24) = 0 
CORRECTING DEFECT 14 (vertices=20, convex hull=28, v0=35260)
After retessellation of defect 14 (v0=35260), euler #=-23 (124269,371940,247648) : difference with theory (-23) = 0 
CORRECTING DEFECT 15 (vertices=24, convex hull=22, v0=36425)
After retessellation of defect 15 (v0=36425), euler #=-22 (124274,371962,247666) : difference with theory (-22) = 0 
CORRECTING DEFECT 16 (vertices=146, convex hull=160, v0=38000)
After retessellation of defect 16 (v0=38000), euler #=-21 (124319,372171,247831) : difference with theory (-21) = 0 
CORRECTING DEFECT 17 (vertices=66, convex hull=88, v0=38121)
After retessellation of defect 17 (v0=38121), euler #=-20 (124353,372312,247939) : difference with theory (-20) = 0 
CORRECTING DEFECT 18 (vertices=30, convex hull=62, v0=43933)
After retessellation of defect 18 (v0=43933), euler #=-19 (124364,372370,247987) : difference with theory (-19) = 0 
CORRECTING DEFECT 19 (vertices=22, convex hull=61, v0=44069)
After retessellation of defect 19 (v0=44069), euler #=-18 (124375,372427,248034) : difference with theory (-18) = 0 
CORRECTING DEFECT 20 (vertices=719, convex hull=208, v0=46226)
After retessellation of defect 20 (v0=46226), euler #=-17 (124426,372674,248231) : difference with theory (-17) = 0 
CORRECTING DEFECT 21 (vertices=30, convex hull=24, v0=66315)
After retessellation of defect 21 (v0=66315), euler #=-16 (124434,372706,248256) : difference with theory (-16) = 0 
CORRECTING DEFECT 22 (vertices=136, convex hull=68, v0=68365)
After retessellation of defect 22 (v0=68365), euler #=-15 (124444,372771,248312) : difference with theory (-15) = 0 
CORRECTING DEFECT 23 (vertices=36, convex hull=58, v0=68773)
After retessellation of defect 23 (v0=68773), euler #=-14 (124461,372844,248369) : difference with theory (-14) = 0 
CORRECTING DEFECT 24 (vertices=51, convex hull=64, v0=71664)
After retessellation of defect 24 (v0=71664), euler #=-13 (124490,372954,248451) : difference with theory (-13) = 0 
CORRECTING DEFECT 25 (vertices=48, convex hull=38, v0=80716)
After retessellation of defect 25 (v0=80716), euler #=-12 (124498,372995,248485) : difference with theory (-12) = 0 
CORRECTING DEFECT 26 (vertices=27, convex hull=74, v0=87016)
After retessellation of defect 26 (v0=87016), euler #=-11 (124515,373073,248547) : difference with theory (-11) = 0 
CORRECTING DEFECT 27 (vertices=41, convex hull=80, v0=88216)
After retessellation of defect 27 (v0=88216), euler #=-10 (124529,373146,248607) : difference with theory (-10) = 0 
CORRECTING DEFECT 28 (vertices=614, convex hull=237, v0=95402)
After retessellation of defect 28 (v0=95402), euler #=-9 (124641,373615,248965) : difference with theory (-9) = 0 
CORRECTING DEFECT 29 (vertices=28, convex hull=65, v0=101576)
After retessellation of defect 29 (v0=101576), euler #=-8 (124657,373688,249023) : difference with theory (-8) = 0 
CORRECTING DEFECT 30 (vertices=45, convex hull=74, v0=106483)
After retessellation of defect 30 (v0=106483), euler #=-7 (124670,373757,249080) : difference with theory (-7) = 0 
CORRECTING DEFECT 31 (vertices=46, convex hull=62, v0=113418)
After retessellation of defect 31 (v0=113418), euler #=-6 (124697,373867,249164) : difference with theory (-6) = 0 
CORRECTING DEFECT 32 (vertices=56, convex hull=103, v0=118252)
After retessellation of defect 32 (v0=118252), euler #=-5 (124715,373965,249245) : difference with theory (-5) = 0 
CORRECTING DEFECT 33 (vertices=38, convex hull=35, v0=118283)
After retessellation of defect 33 (v0=118283), euler #=-4 (124718,373988,249266) : difference with theory (-4) = 0 
CORRECTING DEFECT 34 (vertices=87, convex hull=94, v0=119518)
After retessellation of defect 34 (v0=119518), euler #=-3 (124751,374132,249378) : difference with theory (-3) = 0 
CORRECTING DEFECT 35 (vertices=29, convex hull=73, v0=119809)
After retessellation of defect 35 (v0=119809), euler #=-2 (124767,374206,249437) : difference with theory (-2) = 0 
CORRECTING DEFECT 36 (vertices=19, convex hull=45, v0=121584)
After retessellation of defect 36 (v0=121584), euler #=-1 (124777,374254,249476) : difference with theory (-1) = 0 
CORRECTING DEFECT 37 (vertices=14, convex hull=64, v0=123035)
After retessellation of defect 37 (v0=123035), euler #=0 (124785,374300,249515) : difference with theory (0) = 0 
CORRECTING DEFECT 38 (vertices=34, convex hull=72, v0=123806)
After retessellation of defect 38 (v0=123806), euler #=1 (124801,374377,249577) : difference with theory (1) = 0 
CORRECTING DEFECT 39 (vertices=30, convex hull=53, v0=127125)
After retessellation of defect 39 (v0=127125), euler #=2 (124817,374445,249630) : difference with theory (2) = 0 
computing original vertex metric properties...
storing new metric properties...
computing tessellation statistics...
vertex spacing 0.89 +- 0.27 (0.12-->17.67) (max @ vno 49174 --> 51314)
face area -nan +- -nan (1000.00-->-1.00)
performing soap bubble on retessellated vertices for 0 iterations...
vertex spacing 0.89 +- 0.27 (0.12-->17.67) (max @ vno 49174 --> 51314)
face area -nan +- -nan (1000.00-->-1.00)
tessellation finished, orienting corrected surface...
159 mutations (34.9%), 297 crossovers (65.1%), 241 vertices were eliminated
building final representation...
2649 vertices and 0 faces have been removed from triangulation
after topology correction, eno=2 (nv=124817, nf=249630, ne=374445, g=0)
writing corrected surface to /out/sourcedata/freesurfer/sub-v2s4x29587_ses-1/surf/rh.orig.premesh...

defective orientation at vertex 92987(92994) with faces 185647 and 248792

defective orientation at vertex 92987(93800) with faces 185648 and 248939

defective orientation at vertex 92994(92987) with faces 185647 and 248792

defective orientation at vertex 92994(93800) with faces 185649 and 248618

defective orientation at vertex 93800(92987) with faces 185648 and 248939

defective orientation at vertex 93800(92994) with faces 185649 and 248618

0.005 % of the vertices (6 vertices) exhibit an orientation change
removing intersecting faces
000: 357 intersecting
001: 13 intersecting
terminating search with 0 intersecting
topology fixing took 1.9 minutes
FSRUNTIME@ mris_fix_topology rh  0.0324 hours 16 threads
#VMPC# mris_fix_topology VmPeak  1843160

 mris_euler_number ../surf/rh.orig.premesh 

euler # = v-e+f = 2g-2: 124817 - 374445 + 249630 = 2 --> 0 holes
      F =2V-4:          249630 = 249634-4 (0)
      2E=3F:            748890 = 748890 (0)

total defect index = 0
Fri Mar 13 05:58:18 CET 2026

setenv SUBJECTS_DIR /out/sourcedata/freesurfer
cd /out/sourcedata/freesurfer/sub-v2s4x29587_ses-1/scripts
/opt/freesurfer/bin/defect2seg --s sub-v2s4x29587_ses-1 --rh-only --cortex

freesurfer-linux-ubuntu22_x86_64-7.3.2-20220804-6354275
defect2seg 7.3.2
Linux dna061 5.14.0-427.37.1.el9_4.x86_64 #1 SMP PREEMPT_DYNAMIC Fri Sep 13 12:41:50 EDT 2024 x86_64 x86_64 x86_64 GNU/Linux
pid 128809
mri_label2label --label-cortex /out/sourcedata/freesurfer/sub-v2s4x29587_ses-1/surf/rh.orig.nofix /out/sourcedata/freesurfer/sub-v2s4x29587_ses-1/mri/aseg.presurf.mgz 0 /out/sourcedata/freesurfer/sub-v2s4x29587_ses-1/label/rh.nofix.cortex.label

 Generating cortex label... RemoveHipAmgy=0
 NucAccIsMedialWall=0
 mris->useRealRAS=0
8 non-cortical segments detected
only using segment with 6917 vertices
erasing segment 1 (vno[0] = 62051)
erasing segment 2 (vno[0] = 65655)
erasing segment 3 (vno[0] = 72664)
erasing segment 4 (vno[0] = 75034)
erasing segment 5 (vno[0] = 88810)
erasing segment 6 (vno[0] = 91894)
erasing segment 7 (vno[0] = 91953)
mri_label2vol --defects /out/sourcedata/freesurfer/sub-v2s4x29587_ses-1/surf/rh.orig.nofix /out/sourcedata/freesurfer/sub-v2s4x29587_ses-1/surf/rh.defect_labels /out/sourcedata/freesurfer/sub-v2s4x29587_ses-1/mri/orig.mgz 2000 0 /out/sourcedata/freesurfer/sub-v2s4x29587_ses-1/mri/rh.surface.defects.mgz /out/sourcedata/freesurfer/sub-v2s4x29587_ses-1/label/rh.nofix.cortex.label
mri_label2vol supposed to be reproducible but seed not set
Contraining to label /out/sourcedata/freesurfer/sub-v2s4x29587_ses-1/label/rh.nofix.cortex.label
Changing input type 0 to MRI_INT
Converting defects to volume: offset=2000, merge=0
Writing to /out/sourcedata/freesurfer/sub-v2s4x29587_ses-1/mri/rh.surface.defects.mgz
mris_defects_pointset -s /out/sourcedata/freesurfer/sub-v2s4x29587_ses-1/surf/rh.orig.nofix -d /out/sourcedata/freesurfer/sub-v2s4x29587_ses-1/surf/rh.defect_labels -o /out/sourcedata/freesurfer/sub-v2s4x29587_ses-1/surf/rh.defects.pointset --label /out/sourcedata/freesurfer/sub-v2s4x29587_ses-1/label/rh.nofix.cortex.label
Reading in surface /out/sourcedata/freesurfer/sub-v2s4x29587_ses-1/surf/rh.orig.nofix
Reading in defect segmentation /out/sourcedata/freesurfer/sub-v2s4x29587_ses-1/surf/rh.defect_labels
Reading in label /out/sourcedata/freesurfer/sub-v2s4x29587_ses-1/label/rh.nofix.cortex.label
#VMPC# mris_defects_pointset 1922812
mris_defects_pointset done
 
Started at Fri Mar 13 05:58:18 CET 2026 
Ended   at Fri Mar 13 05:58:33 CET 2026
Defect2seg-Run-Time-Sec 15
Defect2seg-Run-Time-Min 0.30
Defect2seg-Run-Time-Hours 0.00
 
tkmeditfv sub-v2s4x29587_ses-1 brain.finalsurfs.mgz -defect
defect2seg Done

 mris_remesh --remesh --iters 3 --input /out/sourcedata/freesurfer/sub-v2s4x29587_ses-1/surf/rh.orig.premesh --output /out/sourcedata/freesurfer/sub-v2s4x29587_ses-1/surf/rh.orig 

iters = 3
standard remeshing without target
   adjusted l: 0.711738
remeshing to edge length 0.711738 with 3 iterations

avg qual before   : 0.889793  after: 0.971425

Removing intersections
Remeshed surface quality stats nv0 = 124817  nv = 129562  1.03802
Area    259120  0.30347  0.03379 0.077135   0.4930
Corner  777360 60.00000  8.76575 15.605908 146.2124
Edge    388680  0.84505  0.08222 0.387477   1.2666
Hinge   388680  9.73207 10.60562 0.000018 143.1273
mris_remesh done
/out/sourcedata/freesurfer/sub-v2s4x29587_ses-1/scripts

 mris_remove_intersection ../surf/rh.orig ../surf/rh.orig 

intersection removal took 0.00 hours
writing corrected surface to ../surf/rh.orig

 rm -f ../surf/rh.inflated 

#--------------------------------------------
#@# AutoDetGWStats rh Fri Mar 13 05:59:07 CET 2026
cd /out/sourcedata/freesurfer/sub-v2s4x29587_ses-1/mri
mris_autodet_gwstats --o ../surf/autodet.gw.stats.rh.dat --i brain.finalsurfs.mgz --wm wm.mgz --surf ../surf/rh.orig.premesh
7.3.2

cd /out/sourcedata/freesurfer/sub-v2s4x29587_ses-1/mri
setenv SUBJECTS_DIR /out/sourcedata/freesurfer
mris_autodet_gwstats --o ../surf/autodet.gw.stats.rh.dat --i brain.finalsurfs.mgz --wm wm.mgz --surf ../surf/rh.orig.premesh 

border white:    229764 voxels (1.37%)
border gray      263813 voxels (1.57%)
Reading in intensity volume brain.finalsurfs.mgz
Reading in wm volume wm.mgz
Reading in surf ../surf/rh.orig.premesh
Auto detecting stats
MRIclipBrightWM(): nthresh=16555, wmmin=5, clip=110 
Binarizing thresholding at 5
computing class statistics... low=30, hi=110.000000
CCS WM (104.0): 103.4 +- 5.6 [70.0 --> 110.0]
CCS GM (88.0) : 87.6 +- 8.1 [30.0 --> 110.0]
white_mean = 103.391 +/- 5.61072, gray_mean = 87.5821 +/- 8.05465
using class modes intead of means, discounting robust sigmas....
MRIScomputeClassModes(): min=0 max=152 nbins=153
intensity peaks found at WM=107+-4.3,    GM=85+-5.2
white_mode = 107, gray_mode = 85
std_scale = 1
Applying sanity checks, max_scale_down = 0.2
setting MIN_GRAY_AT_WHITE_BORDER to 76.9 (was 70.000000)
setting MAX_BORDER_WHITE to 112.6 (was 105.000000)
setting MIN_BORDER_WHITE to 85.0 (was 85.000000)
setting MAX_CSF to 68.9 (was 40.000000)
setting MAX_GRAY to 101.4 (was 95.000000)
setting MAX_GRAY_AT_CSF_BORDER to 76.9 (was 75.000000)
setting MIN_GRAY_AT_CSF_BORDER to 60.8 (was 40.000000)
When placing the white surface
  white_border_hi   = 112.611;
  white_border_low  = 85;
  white_outside_low = 76.9453;
  white_inside_hi   = 120;
  white_outside_hi  = 112.611;
When placing the pial surface
  pial_border_hi   = 76.9453;
  pial_border_low  = 60.836;
  pial_outside_low = 10;
  pial_inside_hi   = 101.389;
  pial_outside_hi  = 72.918;
#VMPC# mris_autodet_gwstats VmPeak  1324928
mris_autodet_gwstats done
#--------------------------------------------
#@# WhitePreAparc rh Fri Mar 13 05:59:10 CET 2026
cd /out/sourcedata/freesurfer/sub-v2s4x29587_ses-1/mri
mris_place_surface --adgws-in ../surf/autodet.gw.stats.rh.dat --wm wm.mgz --threads 16 --invol brain.finalsurfs.mgz --rh --i ../surf/rh.orig --o ../surf/rh.white.preaparc --white --seg aseg.presurf.mgz --nsmooth 5
7.3.2
7.3.2

cd /out/sourcedata/freesurfer/sub-v2s4x29587_ses-1/mri
setenv SUBJECTS_DIR /out/sourcedata/freesurfer
mris_place_surface --adgws-in ../surf/autodet.gw.stats.rh.dat --wm wm.mgz --threads 16 --invol brain.finalsurfs.mgz --rh --i ../surf/rh.orig --o ../surf/rh.white.preaparc --white --seg aseg.presurf.mgz --nsmooth 5 

Reading in input surface ../surf/rh.orig
Smoothing surface before ripping with 5 iterations
Area    259120  0.26721  0.06508 0.000192   0.5537
Corner  777360 60.00000  9.70627 0.606539 177.5623
Edge    388680  0.78908  0.11764 0.015700   1.2810
Hinge   388680  6.45921  6.86926 0.000041 177.6052
Not reading in aparc
Reading in input volume brain.finalsurfs.mgz
Reading in wm volume wm.mgz
MRIclipBrightWM(): nthresh=16555, wmmin=5, clip=110 
MRIfindBrightNonWM(): 96 bright non-wm voxels segmented.
Masking bright non-wm for white surface
MRImask(): AllowDiffGeom = 1
MRImask(): AllowDiffGeom = 1
Reading in seg volume aseg.presurf.mgz
Ripping frozen voxels
INFO: rip surface needed but not specified, so using input surface
Freezing midline and others
Entering: MRISripMidline(): inhibiting deformation at non-cortical midline structures...
  which=1, fix_mtl=0, using annot = 0
#FML0# MRISripMidline(): nripped=0
removing 4 vertices from ripped group in thread:0
removing 3 vertices from ripped group in thread:0
#FML# MRISripMidline(): nmarked=5872, nmarked2=93, nripped=5872
Ripping segs (eg, WMSA, BG, frozen)
Starting MRISripSegs() d = (-2 2 0.5) segnos: 247 
MRISripSegs(): -2 2 0.5 ripped 0
vertex 64781: xyz = (59.7757,2.56087,43.8142) oxyz = (59.7757,2.56087,43.8142) wxzy = (59.7757,2.56087,43.8142) pxyz = (0,0,0) 
CBVO Creating mask 129562
n_averages 4
Iteration 0 =========================================
n_averages=4, current_sigma=2
Freezing midline and others
Ripping frozen voxels
INFO: rip surface needed but not specified, so using input surface
Freezing midline and others
Entering: MRISripMidline(): inhibiting deformation at non-cortical midline structures...
  which=1, fix_mtl=0, using annot = 0
#FML0# MRISripMidline(): nripped=5872
removing 4 vertices from ripped group in thread:0
removing 3 vertices from ripped group in thread:0
#FML# MRISripMidline(): nmarked=5872, nmarked2=93, nripped=5872
Ripping segs (eg, WMSA, BG, frozen)
Starting MRISripSegs() d = (-2 2 0.5) segnos: 247 247 
MRISripSegs(): -2 2 0.5 ripped 0
Computing target border values 
Entering MRIScomputeBorderValues_new(): 
  inside_hi   = 120.0000000;
  border_hi   = 112.6107180;
  border_low  =  85.0000000;
  outside_low =  76.9453430;
  outside_hi  = 112.6107180;
  sigma = 2;
  max_thickness = 10;
  step_size=0.5;
  STEP_SIZE=0.1;
  which = 1
  thresh = 0
  flags = 0
  CBVfindFirstPeakD1=0
  CBVfindFirstPeakD2=0
  nvertices=129562
  Gdiag_no=-1
  vno start=0, stop=129562
Replacing 255s with 0s
#SI# sigma=2 had to be increased for 223 vertices, nripped=5872
mean border=92.3, 140 (140) missing vertices, mean dist 0.3 [0.6 (%35.0)->0.8 (%65.0))]
%73 local maxima, %22 large gradients and % 0 min vals, 0 gradients ignored
nFirstPeakD1 0
MRIScomputeBorderValues_new() finished in 0.0137 min


Finding expansion regions
mean absolute distance = 0.75 +- 0.93
5586 vertices more than 2 sigmas from mean.
Averaging target values for 5 iterations...
Positioning Surface: tspring = 0.3, nspring = 0.3, spring = 0, niters = 100 l_repulse = 5, l_surf_repulse = 0, checktol = 0
Positioning pial surface
Entering MRISpositionSurface()
  max_mm = 0.3
  MAX_REDUCTIONS = 2, REDUCTION_PCT = 0.5
  parms->check_tol = 0, niterations = 100
tol=1.0e-04, sigma=2.0, host=dna06, nav=4, nbrs=2, l_repulse=5.000, l_tspring=0.300, l_nspring=0.300, l_intensity=0.200, l_curv=1.000
mom=0.00, dt=0.50
complete_dist_mat 0
rms 0
smooth_averages 0
remove_neg 0
ico_order 0
which_surface 0
target_radius 0.000000
nfields 0
scale 0.000000
desired_rms_height 0.000000
momentum 0.000000
nbhd_size 0
max_nbrs 0
niterations 100
nsurfaces 0
SURFACES 3
flags 0 (0)
use curv 0
no sulc 0
no rigid align 0
mris->nsize 2
mris->hemisphere 1
randomSeed 0

000: dt: 0.0000, sse=1261675.6, rms=6.719
001: dt: 0.5000, sse=731480.8, rms=4.895 (27.150%)
002: dt: 0.5000, sse=482393.1, rms=3.728 (23.837%)
003: dt: 0.5000, sse=358013.8, rms=2.973 (20.253%)
004: dt: 0.5000, sse=291598.5, rms=2.466 (17.035%)
005: dt: 0.5000, sse=255651.8, rms=2.131 (13.617%)
006: dt: 0.5000, sse=237756.7, rms=1.915 (10.133%)
007: dt: 0.5000, sse=228711.1, rms=1.775 (7.320%)
008: dt: 0.5000, sse=224798.7, rms=1.688 (4.870%)
rms = 1.6388/1.6881, sse=218261.1/224798.7, time step reduction 1 of 3 to 0.250  0 0 1
009: dt: 0.5000, sse=218261.1, rms=1.639 (2.919%)
010: dt: 0.2500, sse=195070.3, rms=1.287 (21.465%)
rms = 1.2371/1.2870, sse=193108.9/195070.3, time step reduction 2 of 3 to 0.125  0 0 1
011: dt: 0.2500, sse=193108.9, rms=1.237 (3.882%)
rms = 1.2222/1.2371, sse=192022.5/193108.9, time step reduction 3 of 3 to 0.062  0 0 1
012: dt: 0.1250, sse=192022.5, rms=1.222 (1.203%)
  maximum number of reductions reached, breaking from loop
positioning took 0.9 minutes
Iteration 1 =========================================
n_averages=2, current_sigma=1
Freezing midline and others
Ripping frozen voxels
INFO: rip surface needed but not specified, so using input surface
Freezing midline and others
Entering: MRISripMidline(): inhibiting deformation at non-cortical midline structures...
  which=1, fix_mtl=0, using annot = 0
#FML0# MRISripMidline(): nripped=5872
removing 4 vertices from ripped group in thread:0
removing 4 vertices from ripped group in thread:0
removing 2 vertices from ripped group in thread:0
#FML# MRISripMidline(): nmarked=6631, nmarked2=394, nripped=6631
Ripping segs (eg, WMSA, BG, frozen)
Starting MRISripSegs() d = (-2 2 0.5) segnos: 247 247 247 
MRISripSegs(): -2 2 0.5 ripped 0
Computing target border values 
Entering MRIScomputeBorderValues_new(): 
  inside_hi   = 120.0000000;
  border_hi   = 112.6107180;
  border_low  =  85.0000000;
  outside_low =  76.9453430;
  outside_hi  = 112.6107180;
  sigma = 1;
  max_thickness = 10;
  step_size=0.5;
  STEP_SIZE=0.1;
  which = 1
  thresh = 0
  flags = 0
  CBVfindFirstPeakD1=0
  CBVfindFirstPeakD2=0
  nvertices=129562
  Gdiag_no=-1
  vno start=0, stop=129562
Replacing 255s with 0s
#SI# sigma=1 had to be increased for 106 vertices, nripped=6631
mean border=94.0, 82 (20) missing vertices, mean dist -0.2 [0.4 (%71.7)->0.3 (%28.3))]
%82 local maxima, %13 large gradients and % 0 min vals, 0 gradients ignored
nFirstPeakD1 0
MRIScomputeBorderValues_new() finished in 0.0094 min


Finding expansion regions
mean absolute distance = 0.35 +- 0.57
3209 vertices more than 2 sigmas from mean.
Averaging target values for 5 iterations...
Positioning Surface: tspring = 0.3, nspring = 0.3, spring = 0, niters = 100 l_repulse = 5, l_surf_repulse = 0, checktol = 0
Positioning pial surface
Entering MRISpositionSurface()
  max_mm = 0.3
  MAX_REDUCTIONS = 2, REDUCTION_PCT = 0.5
  parms->check_tol = 0, niterations = 100
tol=1.0e-04, sigma=1.0, host=dna06, nav=2, nbrs=2, l_repulse=5.000, l_tspring=0.300, l_nspring=0.300, l_intensity=0.200, l_curv=1.000
mom=0.00, dt=0.50
000: dt: 0.0000, sse=398676.6, rms=2.839
013: dt: 0.5000, sse=272252.7, rms=1.675 (41.005%)
014: dt: 0.5000, sse=245644.8, rms=1.320 (21.209%)
015: dt: 0.5000, sse=239032.4, rms=1.181 (10.486%)
016: dt: 0.5000, sse=235304.7, rms=1.130 (4.373%)
rms = 1.1422/1.1296, sse=243492.4/235304.7, time step reduction 1 of 3 to 0.250  0 1 1
   RMS increased, rejecting step
017: dt: 0.2500, sse=227851.9, rms=1.011 (10.488%)
rms = 0.9590/1.0111, sse=234222.9/227851.9, time step reduction 2 of 3 to 0.125  0 1 0
018: dt: 0.2500, sse=234222.9, rms=0.959 (5.153%)
rms = 0.9500/0.9590, sse=224867.1/234222.9, time step reduction 3 of 3 to 0.062  0 0 1
019: dt: 0.1250, sse=224867.1, rms=0.950 (0.939%)
  maximum number of reductions reached, breaking from loop
positioning took 0.6 minutes
Iteration 2 =========================================
n_averages=1, current_sigma=0.5
Freezing midline and others
Ripping frozen voxels
INFO: rip surface needed but not specified, so using input surface
Freezing midline and others
Entering: MRISripMidline(): inhibiting deformation at non-cortical midline structures...
  which=1, fix_mtl=0, using annot = 0
#FML0# MRISripMidline(): nripped=6631
removing 4 vertices from ripped group in thread:0
removing 4 vertices from ripped group in thread:0
removing 3 vertices from ripped group in thread:0
removing 4 vertices from ripped group in thread:0
#FML# MRISripMidline(): nmarked=6672, nmarked2=397, nripped=6672
Ripping segs (eg, WMSA, BG, frozen)
Starting MRISripSegs() d = (-2 2 0.5) segnos: 247 247 247 247 
MRISripSegs(): -2 2 0.5 ripped 0
Computing target border values 
Entering MRIScomputeBorderValues_new(): 
  inside_hi   = 120.0000000;
  border_hi   = 112.6107180;
  border_low  =  85.0000000;
  outside_low =  76.9453430;
  outside_hi  = 112.6107180;
  sigma = 0.5;
  max_thickness = 10;
  step_size=0.5;
  STEP_SIZE=0.1;
  which = 1
  thresh = 0
  flags = 0
  CBVfindFirstPeakD1=0
  CBVfindFirstPeakD2=0
  nvertices=129562
  Gdiag_no=-1
  vno start=0, stop=129562
Replacing 255s with 0s
#SI# sigma=0.5 had to be increased for 130 vertices, nripped=6672
mean border=95.2, 88 (6) missing vertices, mean dist -0.1 [0.3 (%69.4)->0.3 (%30.6))]
%88 local maxima, % 7 large gradients and % 0 min vals, 0 gradients ignored
nFirstPeakD1 0
MRIScomputeBorderValues_new() finished in 0.0056 min


Finding expansion regions
mean absolute distance = 0.28 +- 0.43
4130 vertices more than 2 sigmas from mean.
Averaging target values for 5 iterations...
Positioning Surface: tspring = 0.3, nspring = 0.3, spring = 0, niters = 100 l_repulse = 5, l_surf_repulse = 0, checktol = 0
Positioning pial surface
Entering MRISpositionSurface()
  max_mm = 0.3
  MAX_REDUCTIONS = 2, REDUCTION_PCT = 0.5
  parms->check_tol = 0, niterations = 100
tol=1.0e-04, sigma=0.5, host=dna06, nav=1, nbrs=2, l_repulse=5.000, l_tspring=0.300, l_nspring=0.300, l_intensity=0.200, l_curv=1.000
mom=0.00, dt=0.50
000: dt: 0.0000, sse=301029.7, rms=2.037
020: dt: 0.5000, sse=246255.0, rms=1.197 (41.226%)
021: dt: 0.5000, sse=226326.7, rms=1.032 (13.813%)
rms = 1.0096/1.0319, sse=229173.6/226326.7, time step reduction 1 of 3 to 0.250  0 1 1
022: dt: 0.5000, sse=229173.6, rms=1.010 (2.167%)
023: dt: 0.2500, sse=223644.2, rms=0.870 (13.792%)
rms = 0.8603/0.8703, sse=222557.4/223644.2, time step reduction 2 of 3 to 0.125  0 0 1
024: dt: 0.2500, sse=222557.4, rms=0.860 (1.154%)
rms = 0.8582/0.8603, sse=228131.0/222557.4, time step reduction 3 of 3 to 0.062  0 1 1
025: dt: 0.1250, sse=228131.0, rms=0.858 (0.242%)
  maximum number of reductions reached, breaking from loop
positioning took 0.4 minutes
Iteration 3 =========================================
n_averages=0, current_sigma=0.25
Freezing midline and others
Ripping frozen voxels
INFO: rip surface needed but not specified, so using input surface
Freezing midline and others
Entering: MRISripMidline(): inhibiting deformation at non-cortical midline structures...
  which=1, fix_mtl=0, using annot = 0
#FML0# MRISripMidline(): nripped=6672
removing 4 vertices from ripped group in thread:0
removing 2 vertices from ripped group in thread:0
#FML# MRISripMidline(): nmarked=6722, nmarked2=397, nripped=6722
Ripping segs (eg, WMSA, BG, frozen)
Starting MRISripSegs() d = (-2 2 0.5) segnos: 247 247 247 247 247 
MRISripSegs(): -2 2 0.5 ripped 0
Computing target border values 
Entering MRIScomputeBorderValues_new(): 
  inside_hi   = 120.0000000;
  border_hi   = 112.6107180;
  border_low  =  85.0000000;
  outside_low =  76.9453430;
  outside_hi  = 112.6107180;
  sigma = 0.25;
  max_thickness = 10;
  step_size=0.5;
  STEP_SIZE=0.1;
  which = 1
  thresh = 0
  flags = 0
  CBVfindFirstPeakD1=0
  CBVfindFirstPeakD2=0
  nvertices=129562
  Gdiag_no=-1
  vno start=0, stop=129562
Replacing 255s with 0s
#SI# sigma=0.25 had to be increased for 153 vertices, nripped=6722
mean border=95.7, 94 (2) missing vertices, mean dist -0.0 [0.2 (%56.4)->0.2 (%43.6))]
%90 local maxima, % 5 large gradients and % 0 min vals, 0 gradients ignored
nFirstPeakD1 0
MRIScomputeBorderValues_new() finished in 0.0036 min


Finding expansion regions
mean absolute distance = 0.23 +- 0.37
3358 vertices more than 2 sigmas from mean.
Averaging target values for 5 iterations...
Positioning Surface: tspring = 0.3, nspring = 0.3, spring = 0, niters = 100 l_repulse = 5, l_surf_repulse = 0, checktol = 0
Positioning pial surface
Entering MRISpositionSurface()
  max_mm = 0.3
  MAX_REDUCTIONS = 2, REDUCTION_PCT = 0.5
  parms->check_tol = 0, niterations = 100
tol=1.0e-04, sigma=0.2, host=dna06, nav=0, nbrs=2, l_repulse=5.000, l_tspring=0.300, l_nspring=0.300, l_intensity=0.200, l_curv=1.000
mom=0.00, dt=0.50
000: dt: 0.0000, sse=234107.5, rms=1.048
026: dt: 0.5000, sse=219870.6, rms=0.730 (30.379%)
rms = 0.8210/0.7296, sse=222548.2/219870.6, time step reduction 1 of 3 to 0.250  0 1 1
   RMS increased, rejecting step
rms = 0.6973/0.7296, sse=216890.9/219870.6, time step reduction 2 of 3 to 0.125  0 0 1
027: dt: 0.2500, sse=216890.9, rms=0.697 (4.421%)
rms = 0.6937/0.6973, sse=217388.6/216890.9, time step reduction 3 of 3 to 0.062  0 1 1
028: dt: 0.1250, sse=217388.6, rms=0.694 (0.522%)
  maximum number of reductions reached, breaking from loop
positioning took 0.3 minutes


Writing output to ../surf/rh.white.preaparc
#ET# mris_place_surface  2.27 minutes
#VMPC# mris_place_surfaces VmPeak  3010556
mris_place_surface done
#--------------------------------------------
#@# CortexLabel rh Fri Mar 13 06:01:32 CET 2026
cd /out/sourcedata/freesurfer/sub-v2s4x29587_ses-1/mri
mri_label2label --label-cortex ../surf/rh.white.preaparc aseg.presurf.mgz 0 ../label/rh.cortex.label

 Generating cortex label... RemoveHipAmgy=0
 NucAccIsMedialWall=0
 mris->useRealRAS=0
12 non-cortical segments detected
only using segment with 7212 vertices
erasing segment 1 (vno[0] = 53401)
erasing segment 2 (vno[0] = 61266)
erasing segment 3 (vno[0] = 66223)
erasing segment 4 (vno[0] = 73962)
erasing segment 5 (vno[0] = 76590)
erasing segment 6 (vno[0] = 76646)
erasing segment 7 (vno[0] = 78150)
erasing segment 8 (vno[0] = 78164)
erasing segment 9 (vno[0] = 79543)
erasing segment 10 (vno[0] = 81650)
erasing segment 11 (vno[0] = 127758)
#--------------------------------------------
#@# CortexLabel+HipAmyg rh Fri Mar 13 06:01:45 CET 2026
cd /out/sourcedata/freesurfer/sub-v2s4x29587_ses-1/mri
mri_label2label --label-cortex ../surf/rh.white.preaparc aseg.presurf.mgz 1 ../label/rh.cortex+hipamyg.label

 Generating cortex label... RemoveHipAmgy=1
 NucAccIsMedialWall=0
 mris->useRealRAS=0
11 non-cortical segments detected
only using segment with 5434 vertices
erasing segment 1 (vno[0] = 41769)
erasing segment 2 (vno[0] = 73962)
erasing segment 3 (vno[0] = 76590)
erasing segment 4 (vno[0] = 76646)
erasing segment 5 (vno[0] = 78150)
erasing segment 6 (vno[0] = 78164)
erasing segment 7 (vno[0] = 79543)
erasing segment 8 (vno[0] = 81650)
erasing segment 9 (vno[0] = 121563)
erasing segment 10 (vno[0] = 127758)
#--------------------------------------------
#@# Smooth2 rh Fri Mar 13 06:01:59 CET 2026
/out/sourcedata/freesurfer/sub-v2s4x29587_ses-1/scripts

 mris_smooth -n 3 -nw -seed 1234 ../surf/rh.white.preaparc ../surf/rh.smoothwm 

smoothing for 3 iterations
setting seed for random number generator to 1234
smoothing surface tessellation for 3 iterations...
smoothing complete - recomputing first and second fundamental forms...
#--------------------------------------------
#@# Inflation2 rh Fri Mar 13 06:02:01 CET 2026
/out/sourcedata/freesurfer/sub-v2s4x29587_ses-1/scripts

 mris_inflate ../surf/rh.smoothwm ../surf/rh.inflated 

Reading ../surf/rh.smoothwm
avg radius = 44.9 mm, total surface area = 80239 mm^2
step 000: RMS=0.172 (target=0.015)   step 005: RMS=0.116 (target=0.015)   step 010: RMS=0.088 (target=0.015)   step 015: RMS=0.075 (target=0.015)   step 020: RMS=0.062 (target=0.015)   step 025: RMS=0.052 (target=0.015)   step 030: RMS=0.043 (target=0.015)   step 035: RMS=0.036 (target=0.015)   step 040: RMS=0.032 (target=0.015)   step 045: RMS=0.027 (target=0.015)   step 050: RMS=0.025 (target=0.015)   step 055: RMS=0.023 (target=0.015)   step 060: RMS=0.022 (target=0.015)   writing inflated surface to ../surf/rh.inflated
writing sulcal depths to ../surf/rh.sulc

inflation complete.
inflation took 0.2 minutes
mris_inflate utimesec    48.848959
mris_inflate stimesec    0.561022
mris_inflate ru_maxrss   199732
mris_inflate ru_ixrss    0
mris_inflate ru_idrss    0
mris_inflate ru_isrss    0
mris_inflate ru_minflt   134430
mris_inflate ru_majflt   9
mris_inflate ru_nswap    0
mris_inflate ru_inblock  0
mris_inflate ru_oublock  10136
mris_inflate ru_msgsnd   0
mris_inflate ru_msgrcv   0
mris_inflate ru_nsignals 0
mris_inflate ru_nvcsw    5716
mris_inflate ru_nivcsw   212
#--------------------------------------------
#@# Curv .H and .K rh Fri Mar 13 06:02:11 CET 2026
/out/sourcedata/freesurfer/sub-v2s4x29587_ses-1/surf

 mris_curvature -w -seed 1234 rh.white.preaparc 

setting seed for random number generator to 1234
total integrated curvature = 32.999*4pi (414.679) --> -32 handles
ICI = 155.2, FI = 1473.3, variation=23183.786
writing Gaussian curvature to ./rh.white.preaparc.K...done.
writing mean curvature to ./rh.white.preaparc.H...done.
rm -f rh.white.H
ln -s rh.white.preaparc.H rh.white.H
rm -f rh.white.K
ln -s rh.white.preaparc.K rh.white.K

 mris_curvature -seed 1234 -thresh .999 -n -a 5 -w -distances 10 10 rh.inflated 

setting seed for random number generator to 1234
normalizing curvature values.
averaging curvature patterns 5 times.
sampling 10 neighbors out to a distance of 10 mm
178 vertices thresholded to be in k1 ~ [-0.31 1.23], k2 ~ [-0.11 1.01]
total integrated curvature = 0.462*4pi (5.806) --> 1 handles
ICI = 1.5, FI = 9.3, variation=160.325
124 vertices thresholded to be in [-0.03 0.02]
writing Gaussian curvature to ./rh.inflated.K...thresholding curvature at 99.90% level
curvature mean = 0.000, std = 0.002
96 vertices thresholded to be in [-0.15 0.60]
done.
writing mean curvature to ./rh.inflated.H...curvature mean = -0.017, std = 0.024
done.
#--------------------------------------------
#@# Sphere rh Fri Mar 13 06:02:55 CET 2026
/out/sourcedata/freesurfer/sub-v2s4x29587_ses-1/scripts

 mris_sphere -seed 1234 ../surf/rh.inflated ../surf/rh.sphere 

setting seed for random number genererator to 1234
version: 7.3.2
available threads: 16
reading original vertex positions...
projecting onto sphere...
surface projected - minimizing metric distortion...
scaling brain by 0.282...
MRISunfold() max_passes = 1 -------
tol=5.0e-01, sigma=0.0, host=dna06, nav=1024, nbrs=2, l_area=1.000, l_dist=1.000
using quadratic fit line minimization
complete_dist_mat 0
rms 0
smooth_averages 0
remove_neg 0
ico_order 0
which_surface 0
target_radius 0.000000
nfields 0
scale 1.000000
desired_rms_height -1.000000
momentum 0.900000
nbhd_size 7
max_nbrs 8
niterations 25
nsurfaces 0
SURFACES 3
flags 0 (0)
use curv 0
no sulc 0
no rigid align 0
mris->nsize 2
mris->hemisphere 1
randomSeed 1234

--------------------
  mrisRemoveNegativeArea()
pass 1: epoch 1 of 3 starting distance error %42.13
pass 1: epoch 2 of 3 starting distance error %20.73
unfolding complete - removing small folds...
starting distance error %20.58
removing remaining folds...
final distance error %20.62
MRISunfold() return, current seed 1234
-01: dt=0.0000,  26 negative triangles  VmPeak 2238504
149: dt=0.9900,  26 negative triangles
150: dt=0.9405,  26 negative triangles
expanding nbhd size to 1
151: dt=0.9900,  27 negative triangles
152: dt=0.9900,  26 negative triangles
153: dt=0.9900,  27 negative triangles
154: dt=0.9900,  28 negative triangles
155: dt=0.9900,  31 negative triangles
156: dt=0.9900,  30 negative triangles
157: dt=0.9900,  31 negative triangles
158: dt=0.9900,  30 negative triangles
159: dt=0.9900,  29 negative triangles
160: dt=0.9405,  29 negative triangles
161: dt=0.9405,  28 negative triangles
162: dt=0.9405,  27 negative triangles
163: dt=0.9405,  27 negative triangles
164: dt=0.9405,  27 negative triangles
165: dt=0.9405,  27 negative triangles
166: dt=0.9405,  26 negative triangles
167: dt=0.9405,  26 negative triangles
168: dt=0.9405,  26 negative triangles
169: dt=0.9405,  26 negative triangles
170: dt=0.8935,  27 negative triangles
171: dt=0.8935,  25 negative triangles
172: dt=0.8935,  25 negative triangles
173: dt=0.8935,  25 negative triangles
174: dt=0.8935,  25 negative triangles
175: dt=0.8935,  25 negative triangles
176: dt=0.8935,  25 negative triangles
177: dt=0.8935,  25 negative triangles
178: dt=0.8935,  25 negative triangles
179: dt=0.8935,  25 negative triangles
180: dt=0.8935,  25 negative triangles
181: dt=0.8935,  24 negative triangles
182: dt=0.8935,  24 negative triangles
183: dt=0.8935,  24 negative triangles
184: dt=0.8935,  24 negative triangles
185: dt=0.8935,  24 negative triangles
186: dt=0.8935,  24 negative triangles
187: dt=0.8935,  24 negative triangles
188: dt=0.8935,  23 negative triangles
189: dt=0.8935,  23 negative triangles
190: dt=0.8935,  23 negative triangles
191: dt=0.8935,  23 negative triangles
192: dt=0.8935,  23 negative triangles
193: dt=0.8935,  23 negative triangles
194: dt=0.8935,  23 negative triangles
195: dt=0.8935,  22 negative triangles
196: dt=0.8935,  21 negative triangles
197: dt=0.8935,  20 negative triangles
198: dt=0.8935,  21 negative triangles
199: dt=0.8935,  20 negative triangles
200: dt=0.8935,  21 negative triangles
201: dt=0.8935,  21 negative triangles
202: dt=0.8935,  20 negative triangles
203: dt=0.8935,  21 negative triangles
204: dt=0.8935,  21 negative triangles
205: dt=0.8935,  20 negative triangles
206: dt=0.8935,  20 negative triangles
207: dt=0.8488,  21 negative triangles
208: dt=0.8488,  20 negative triangles
209: dt=0.8488,  21 negative triangles
210: dt=0.8488,  20 negative triangles
211: dt=0.8488,  20 negative triangles
212: dt=0.8488,  21 negative triangles
213: dt=0.8488,  21 negative triangles
214: dt=0.8488,  20 negative triangles
215: dt=0.8488,  21 negative triangles
216: dt=0.8488,  20 negative triangles
217: dt=0.8064,  21 negative triangles
218: dt=0.8064,  21 negative triangles
219: dt=0.8064,  21 negative triangles
220: dt=0.8064,  21 negative triangles
221: dt=0.8064,  21 negative triangles
222: dt=0.8064,  21 negative triangles
223: dt=0.8064,  20 negative triangles
224: dt=0.8064,  20 negative triangles
225: dt=0.8064,  21 negative triangles
226: dt=0.8064,  20 negative triangles
227: dt=0.7660,  20 negative triangles
228: dt=0.7660,  21 negative triangles
229: dt=0.7660,  21 negative triangles
230: dt=0.7660,  21 negative triangles
231: dt=0.7660,  21 negative triangles
232: dt=0.7660,  21 negative triangles
233: dt=0.7660,  21 negative triangles
234: dt=0.7660,  21 negative triangles
235: dt=0.7660,  21 negative triangles
236: dt=0.7660,  19 negative triangles
237: dt=0.7660,  20 negative triangles
238: dt=0.7660,  20 negative triangles
239: dt=0.7660,  18 negative triangles
240: dt=0.7660,  19 negative triangles
241: dt=0.7660,  19 negative triangles
242: dt=0.7660,  19 negative triangles
243: dt=0.7660,  19 negative triangles
244: dt=0.7660,  18 negative triangles
245: dt=0.7660,  18 negative triangles
246: dt=0.7660,  18 negative triangles
247: dt=0.7660,  18 negative triangles
248: dt=0.7660,  17 negative triangles
249: dt=0.7660,  17 negative triangles
250: dt=0.7660,  16 negative triangles
251: dt=0.7660,  16 negative triangles
252: dt=0.7660,  16 negative triangles
253: dt=0.7660,  16 negative triangles
254: dt=0.7660,  16 negative triangles
255: dt=0.7660,  16 negative triangles
256: dt=0.7660,  16 negative triangles
257: dt=0.7660,  16 negative triangles
258: dt=0.7660,  16 negative triangles
259: dt=0.7660,  16 negative triangles
260: dt=0.7660,  14 negative triangles
261: dt=0.7660,  14 negative triangles
262: dt=0.7660,  14 negative triangles
263: dt=0.7660,  14 negative triangles
264: dt=0.7660,  14 negative triangles
265: dt=0.7660,  14 negative triangles
266: dt=0.7660,  14 negative triangles
267: dt=0.7660,  14 negative triangles
268: dt=0.7660,  14 negative triangles
269: dt=0.7660,  14 negative triangles
270: dt=0.7277,  14 negative triangles
271: dt=0.7277,  14 negative triangles
272: dt=0.7277,  14 negative triangles
273: dt=0.7277,  14 negative triangles
274: dt=0.7277,  14 negative triangles
275: dt=0.7277,  14 negative triangles
276: dt=0.7277,  13 negative triangles
277: dt=0.7277,  13 negative triangles
278: dt=0.7277,  13 negative triangles
279: dt=0.7277,  13 negative triangles
280: dt=0.7277,  13 negative triangles
281: dt=0.7277,  13 negative triangles
282: dt=0.7277,  13 negative triangles
283: dt=0.7277,  13 negative triangles
284: dt=0.7277,  12 negative triangles
285: dt=0.7277,  12 negative triangles
286: dt=0.7277,  12 negative triangles
287: dt=0.7277,  12 negative triangles
288: dt=0.7277,  12 negative triangles
289: dt=0.7277,  12 negative triangles
290: dt=0.7277,  12 negative triangles
291: dt=0.7277,  12 negative triangles
292: dt=0.7277,  11 negative triangles
293: dt=0.7277,  11 negative triangles
294: dt=0.7277,  11 negative triangles
295: dt=0.7277,  11 negative triangles
296: dt=0.7277,  10 negative triangles
297: dt=0.7277,  10 negative triangles
298: dt=0.7277,  10 negative triangles
299: dt=0.7277,  10 negative triangles
300: dt=0.7277,  10 negative triangles
301: dt=0.7277,  10 negative triangles
302: dt=0.7277,  10 negative triangles
303: dt=0.7277,  10 negative triangles
304: dt=0.7277,  10 negative triangles
305: dt=0.7277,  10 negative triangles
306: dt=0.6914,  10 negative triangles
307: dt=0.6914,  10 negative triangles
308: dt=0.6914,  10 negative triangles
309: dt=0.6914,  10 negative triangles
310: dt=0.6914,  10 negative triangles
311: dt=0.6914,  10 negative triangles
312: dt=0.6914,  10 negative triangles
313: dt=0.6914,  10 negative triangles
314: dt=0.6914,  10 negative triangles
315: dt=0.6914,  10 negative triangles
316: dt=0.6568,  10 negative triangles
317: dt=0.6568,  10 negative triangles
318: dt=0.6568,  10 negative triangles
319: dt=0.6568,  10 negative triangles
320: dt=0.6568,  10 negative triangles
321: dt=0.6568,  10 negative triangles
322: dt=0.6568,  10 negative triangles
323: dt=0.6568,  10 negative triangles
324: dt=0.6568,   9 negative triangles
325: dt=0.6568,   9 negative triangles
326: dt=0.6568,   9 negative triangles
327: dt=0.6568,   9 negative triangles
328: dt=0.6568,   9 negative triangles
329: dt=0.6568,   9 negative triangles
330: dt=0.6568,   9 negative triangles
331: dt=0.6568,   9 negative triangles
332: dt=0.6568,   9 negative triangles
333: dt=0.6568,   9 negative triangles
334: dt=0.6239,   9 negative triangles
335: dt=0.6239,   9 negative triangles
336: dt=0.6239,   9 negative triangles
337: dt=0.6239,   9 negative triangles
338: dt=0.6239,   9 negative triangles
339: dt=0.6239,   9 negative triangles
340: dt=0.6239,   9 negative triangles
341: dt=0.6239,   9 negative triangles
342: dt=0.6239,   9 negative triangles
343: dt=0.6239,   9 negative triangles
344: dt=0.5927,   9 negative triangles
345: dt=0.5927,   9 negative triangles
346: dt=0.5927,   9 negative triangles
347: dt=0.5927,   9 negative triangles
348: dt=0.5927,   9 negative triangles
349: dt=0.5927,   9 negative triangles
350: dt=0.5927,   9 negative triangles
351: dt=0.5927,   9 negative triangles
352: dt=0.5927,   8 negative triangles
353: dt=0.5927,   8 negative triangles
354: dt=0.5927,   8 negative triangles
355: dt=0.5927,   8 negative triangles
356: dt=0.5927,   8 negative triangles
357: dt=0.5927,   7 negative triangles
358: dt=0.5927,   7 negative triangles
359: dt=0.5927,   6 negative triangles
360: dt=0.5927,   6 negative triangles
361: dt=0.5927,   5 negative triangles
362: dt=0.5927,   5 negative triangles
363: dt=0.5927,   5 negative triangles
364: dt=0.5927,   5 negative triangles
365: dt=0.5927,   5 negative triangles
366: dt=0.5927,   5 negative triangles
367: dt=0.5927,   5 negative triangles
368: dt=0.5927,   5 negative triangles
369: dt=0.5927,   5 negative triangles
370: dt=0.5927,   5 negative triangles
371: dt=0.5631,   5 negative triangles
372: dt=0.5631,   5 negative triangles
373: dt=0.5631,   5 negative triangles
374: dt=0.5631,   5 negative triangles
375: dt=0.5631,   4 negative triangles
376: dt=0.5631,   4 negative triangles
377: dt=0.5631,   4 negative triangles
378: dt=0.5631,   4 negative triangles
379: dt=0.5631,   4 negative triangles
380: dt=0.5631,   2 negative triangles
381: dt=0.5631,   5 negative triangles
382: dt=0.5631,   5 negative triangles
383: dt=0.5631,   5 negative triangles
384: dt=0.5631,   5 negative triangles
385: dt=0.5631,   5 negative triangles
386: dt=0.5631,   5 negative triangles
387: dt=0.5631,   5 negative triangles
388: dt=0.5631,   5 negative triangles
389: dt=0.5631,   5 negative triangles
390: dt=0.5350,   4 negative triangles
391: dt=0.5350,   4 negative triangles
392: dt=0.5350,   4 negative triangles
393: dt=0.5350,   4 negative triangles
394: dt=0.5350,   4 negative triangles
395: dt=0.5350,   4 negative triangles
396: dt=0.5350,   3 negative triangles
397: dt=0.5350,   3 negative triangles
398: dt=0.5350,   3 negative triangles
399: dt=0.5350,   3 negative triangles
400: dt=0.5082,   3 negative triangles
401: dt=0.5082,   1 negative triangles
writing spherical brain to ../surf/rh.sphere
spherical transformation took 0.0469 hours
FSRUNTIME@ mris_sphere  0.0469 hours 16 threads
#VMPC# mris_sphere VmPeak  2238504
mris_sphere done
#--------------------------------------------
#@# Surf Reg rh Fri Mar 13 06:05:44 CET 2026
/out/sourcedata/freesurfer/sub-v2s4x29587_ses-1/scripts

 mris_register -curv ../surf/rh.sphere /opt/freesurfer/average/rh.folding.atlas.acfb40.noaparc.i12.2016-08-02.tif ../surf/rh.sphere.reg 

using smoothwm curvature for final alignment

cwd /out/sourcedata/freesurfer/sub-v2s4x29587_ses-1/scripts
cmdline mris_register -curv ../surf/rh.sphere /opt/freesurfer/average/rh.folding.atlas.acfb40.noaparc.i12.2016-08-02.tif ../surf/rh.sphere.reg 

0 inflated.H
1 sulc
2 smoothwm (computed)
7.3.2
  7.3.2
reading surface from ../surf/rh.sphere...
reading template parameterization from /opt/freesurfer/average/rh.folding.atlas.acfb40.noaparc.i12.2016-08-02.tif...
MRISregister() -------
max_passes = 4 
min_degrees = 0.500000 
max_degrees = 64.000000 
nangles = 8 
tol=5.0e-01, sigma=0.0, host=dna06, nav=1024, nbrs=1, l_extern=10000.000, l_parea=0.200, l_nlarea=1.000, l_corr=1.000, l_dist=5.000
using quadratic fit line minimization
complete_dist_mat 0
rms 0
smooth_averages 0
remove_neg 0
ico_order 0
which_surface 0
target_radius 0.000000
nfields 0
scale 0.000000
desired_rms_height -1.000000
momentum 0.950000
nbhd_size -10
max_nbrs 10
niterations 25
nsurfaces 0
SURFACES 3
flags 16 (10)
use curv 16
no sulc 0
no rigid align 0
mris->nsize 1
mris->hemisphere 1
randomSeed 0

tol=5.0e-01, sigma=0.0, host=dna06, nav=1024, nbrs=1, l_extern=10000.000, l_parea=0.200, l_nlarea=1.000, l_corr=1.000, l_dist=5.000
using quadratic fit line minimization
--------------------
1 Reading rh.sulc
tol=1.0e+00, sigma=0.5, host=dna06, nav=1024, nbrs=1, l_extern=10000.000, l_parea=0.200, l_nlarea=1.000, l_corr=0.050, l_spring=0.500, l_dist=5.000
using quadratic fit line minimization
curvature mean = 0.000, std = 5.654
curvature mean = 0.058, std = 0.811
curvature mean = 0.009, std = 0.866
Starting MRISrigidBodyAlignGlobal()
Starting new MRISrigidBodyAlignGlobal_findMinSSE()
  new MRISrigidBodyAlignGlobal_findMinSSE min @ (8.00, -3.50, 16.50) sse = 298001.1, elapsed since starting=0.0798 min
MRISrigidBodyAlignGlobal() done   0.08 min
curvature mean = 0.028, std = 0.824
curvature mean = 0.003, std = 0.949
curvature mean = 0.025, std = 0.834
curvature mean = 0.001, std = 0.980
curvature mean = 0.024, std = 0.837
curvature mean = 0.000, std = 0.992
2 Reading smoothwm
curvature mean = -0.023, std = 0.331
curvature mean = 0.044, std = 0.239
curvature mean = 0.046, std = 0.313
curvature mean = 0.034, std = 0.299
curvature mean = 0.029, std = 0.469
curvature mean = 0.033, std = 0.327
curvature mean = 0.015, std = 0.589
curvature mean = 0.033, std = 0.339
curvature mean = 0.004, std = 0.690
MRISregister() return, current seed 0
-01: dt=0.0000,  76 negative triangles  VmPeak 1589188
115: dt=0.9900,  76 negative triangles
expanding nbhd size to 1
116: dt=0.9900,  80 negative triangles
117: dt=0.9900,  73 negative triangles
118: dt=0.9900,  71 negative triangles
119: dt=0.9900,  71 negative triangles
120: dt=0.9900,  68 negative triangles
121: dt=0.9900,  68 negative triangles
122: dt=0.9900,  73 negative triangles
123: dt=0.9900,  76 negative triangles
124: dt=0.9900,  72 negative triangles
125: dt=0.9900,  70 negative triangles
126: dt=0.9900,  70 negative triangles
127: dt=0.9900,  70 negative triangles
128: dt=0.9900,  69 negative triangles
129: dt=0.9900,  70 negative triangles
130: dt=0.9405,  69 negative triangles
131: dt=0.9405,  67 negative triangles
132: dt=0.9405,  66 negative triangles
133: dt=0.9405,  69 negative triangles
134: dt=0.9405,  66 negative triangles
135: dt=0.9405,  66 negative triangles
136: dt=0.9405,  67 negative triangles
137: dt=0.9405,  66 negative triangles
138: dt=0.9405,  64 negative triangles
139: dt=0.9405,  63 negative triangles
140: dt=0.9405,  63 negative triangles
141: dt=0.9405,  63 negative triangles
142: dt=0.9405,  63 negative triangles
143: dt=0.9405,  64 negative triangles
144: dt=0.9405,  64 negative triangles
145: dt=0.9405,  63 negative triangles
146: dt=0.9405,  63 negative triangles
147: dt=0.9405,  64 negative triangles
148: dt=0.9405,  65 negative triangles
149: dt=0.8935,  65 negative triangles
150: dt=0.8935,  65 negative triangles
151: dt=0.8935,  65 negative triangles
152: dt=0.8935,  65 negative triangles
153: dt=0.8935,  65 negative triangles
154: dt=0.8935,  65 negative triangles
155: dt=0.8935,  65 negative triangles
156: dt=0.8935,  65 negative triangles
157: dt=0.8935,  65 negative triangles
158: dt=0.8935,  65 negative triangles
159: dt=0.8488,  65 negative triangles
160: dt=0.8488,  65 negative triangles
161: dt=0.8488,  64 negative triangles
162: dt=0.8488,  65 negative triangles
163: dt=0.8488,  65 negative triangles
164: dt=0.8488,  64 negative triangles
165: dt=0.8488,  64 negative triangles
166: dt=0.8488,  64 negative triangles
167: dt=0.8488,  62 negative triangles
168: dt=0.8488,  62 negative triangles
169: dt=0.8488,  61 negative triangles
170: dt=0.8488,  62 negative triangles
171: dt=0.8488,  63 negative triangles
172: dt=0.8488,  66 negative triangles
173: dt=0.8488,  65 negative triangles
174: dt=0.8488,  64 negative triangles
175: dt=0.8488,  64 negative triangles
176: dt=0.8488,  64 negative triangles
177: dt=0.8488,  64 negative triangles
178: dt=0.8488,  64 negative triangles
179: dt=0.8064,  64 negative triangles
180: dt=0.8064,  64 negative triangles
181: dt=0.8064,  63 negative triangles
182: dt=0.8064,  65 negative triangles
183: dt=0.8064,  64 negative triangles
184: dt=0.8064,  64 negative triangles
185: dt=0.8064,  64 negative triangles
186: dt=0.8064,  63 negative triangles
187: dt=0.8064,  63 negative triangles
188: dt=0.8064,  63 negative triangles
189: dt=0.7660,  63 negative triangles
190: dt=0.7660,  63 negative triangles
191: dt=0.7660,  64 negative triangles
192: dt=0.7660,  63 negative triangles
193: dt=0.7660,  63 negative triangles
194: dt=0.7660,  64 negative triangles
195: dt=0.7660,  65 negative triangles
196: dt=0.7660,  65 negative triangles
197: dt=0.7660,  65 negative triangles
198: dt=0.7660,  64 negative triangles
199: dt=0.7277,  65 negative triangles
200: dt=0.7277,  64 negative triangles
201: dt=0.7277,  65 negative triangles
202: dt=0.7277,  65 negative triangles
203: dt=0.7277,  65 negative triangles
204: dt=0.7277,  63 negative triangles
205: dt=0.7277,  63 negative triangles
206: dt=0.7277,  63 negative triangles
207: dt=0.7277,  64 negative triangles
208: dt=0.7277,  63 negative triangles
209: dt=0.6914,  63 negative triangles
210: dt=0.6914,  64 negative triangles
211: dt=0.6914,  62 negative triangles
212: dt=0.6914,  63 negative triangles
213: dt=0.6914,  62 negative triangles
214: dt=0.6914,  63 negative triangles
215: dt=0.6914,  62 negative triangles
216: dt=0.6914,  63 negative triangles
217: dt=0.6914,  62 negative triangles
218: dt=0.6914,  63 negative triangles
219: dt=0.6568,  62 negative triangles
220: dt=0.6568,  61 negative triangles
221: dt=0.6568,  62 negative triangles
222: dt=0.6568,  62 negative triangles
223: dt=0.6568,  62 negative triangles
224: dt=0.6568,  61 negative triangles
225: dt=0.6568,  64 negative triangles
226: dt=0.6568,  61 negative triangles
227: dt=0.6568,  62 negative triangles
228: dt=0.6568,  61 negative triangles
229: dt=0.6239,  61 negative triangles
230: dt=0.6239,  61 negative triangles
231: dt=0.6239,  62 negative triangles
232: dt=0.6239,  60 negative triangles
233: dt=0.6239,  61 negative triangles
234: dt=0.6239,  62 negative triangles
235: dt=0.6239,  60 negative triangles
236: dt=0.6239,  61 negative triangles
237: dt=0.6239,  61 negative triangles
238: dt=0.6239,  61 negative triangles
239: dt=0.6239,  61 negative triangles
240: dt=0.6239,  64 negative triangles
241: dt=0.6239,  63 negative triangles
242: dt=0.5927,  62 negative triangles
243: dt=0.5927,  61 negative triangles
244: dt=0.5927,  61 negative triangles
245: dt=0.5927,  61 negative triangles
246: dt=0.5927,  61 negative triangles
247: dt=0.5927,  59 negative triangles
248: dt=0.5927,  59 negative triangles
249: dt=0.5927,  58 negative triangles
250: dt=0.5927,  58 negative triangles
251: dt=0.5927,  59 negative triangles
252: dt=0.5927,  59 negative triangles
253: dt=0.5927,  58 negative triangles
254: dt=0.5927,  60 negative triangles
255: dt=0.5927,  59 negative triangles
256: dt=0.5927,  59 negative triangles
257: dt=0.5927,  59 negative triangles
258: dt=0.5927,  59 negative triangles
259: dt=0.5631,  60 negative triangles
260: dt=0.5631,  60 negative triangles
261: dt=0.5631,  60 negative triangles
262: dt=0.5631,  60 negative triangles
263: dt=0.5631,  59 negative triangles
264: dt=0.5631,  59 negative triangles
265: dt=0.5631,  58 negative triangles
266: dt=0.5631,  59 negative triangles
267: dt=0.5631,  58 negative triangles
268: dt=0.5631,  58 negative triangles
269: dt=0.5350,  58 negative triangles
270: dt=0.5350,  57 negative triangles
271: dt=0.5350,  58 negative triangles
272: dt=0.5350,  57 negative triangles
273: dt=0.5350,  58 negative triangles
274: dt=0.5350,  57 negative triangles
275: dt=0.5350,  59 negative triangles
276: dt=0.5350,  58 negative triangles
277: dt=0.5350,  58 negative triangles
278: dt=0.5350,  57 negative triangles
279: dt=0.5350,  57 negative triangles
280: dt=0.5350,  56 negative triangles
281: dt=0.5350,  57 negative triangles
282: dt=0.5350,  58 negative triangles
283: dt=0.5350,  57 negative triangles
284: dt=0.5350,  58 negative triangles
285: dt=0.5350,  57 negative triangles
286: dt=0.5350,  57 negative triangles
287: dt=0.5350,  57 negative triangles
288: dt=0.5350,  57 negative triangles
289: dt=0.5350,  59 negative triangles
290: dt=0.5082,  58 negative triangles
291: dt=0.5082,  58 negative triangles
292: dt=0.5082,  58 negative triangles
293: dt=0.5082,  57 negative triangles
294: dt=0.5082,  57 negative triangles
295: dt=0.5082,  57 negative triangles
296: dt=0.5082,  57 negative triangles
297: dt=0.5082,  55 negative triangles
298: dt=0.5082,  56 negative triangles
299: dt=0.5082,  57 negative triangles
300: dt=0.5082,  56 negative triangles
301: dt=0.5082,  56 negative triangles
302: dt=0.5082,  58 negative triangles
303: dt=0.5082,  58 negative triangles
304: dt=0.5082,  57 negative triangles
305: dt=0.5082,  57 negative triangles
306: dt=0.5082,  57 negative triangles
307: dt=0.4828,  56 negative triangles
308: dt=0.4828,  55 negative triangles
309: dt=0.4828,  55 negative triangles
310: dt=0.4828,  54 negative triangles
311: dt=0.4828,  56 negative triangles
312: dt=0.4828,  55 negative triangles
313: dt=0.4828,  55 negative triangles
314: dt=0.4828,  57 negative triangles
315: dt=0.4828,  57 negative triangles
316: dt=0.4828,  57 negative triangles
317: dt=0.4828,  56 negative triangles
318: dt=0.4828,  55 negative triangles
319: dt=0.4828,  57 negative triangles
320: dt=0.4587,  56 negative triangles
321: dt=0.4587,  56 negative triangles
322: dt=0.4587,  56 negative triangles
323: dt=0.4587,  56 negative triangles
324: dt=0.4587,  57 negative triangles
325: dt=0.4587,  57 negative triangles
326: dt=0.4587,  57 negative triangles
327: dt=0.4587,  57 negative triangles
328: dt=0.4587,  57 negative triangles
329: dt=0.4587,  57 negative triangles
330: dt=0.4357,  56 negative triangles
331: dt=0.4357,  56 negative triangles
332: dt=0.4357,  57 negative triangles
333: dt=0.4357,  56 negative triangles
334: dt=0.4357,  56 negative triangles
335: dt=0.4357,  57 negative triangles
336: dt=0.4357,  57 negative triangles
337: dt=0.4357,  58 negative triangles
338: dt=0.4357,  57 negative triangles
339: dt=0.4357,  56 negative triangles
340: dt=0.4139,  57 negative triangles
341: dt=0.4139,  57 negative triangles
342: dt=0.4139,  56 negative triangles
343: dt=0.4139,  57 negative triangles
344: dt=0.4139,  57 negative triangles
345: dt=0.4139,  56 negative triangles
346: dt=0.4139,  57 negative triangles
347: dt=0.4139,  57 negative triangles
348: dt=0.4139,  57 negative triangles
349: dt=0.4139,  56 negative triangles
350: dt=0.3932,  57 negative triangles
351: dt=0.3932,  57 negative triangles
352: dt=0.3932,  57 negative triangles
353: dt=0.3932,  57 negative triangles
354: dt=0.3932,  57 negative triangles
355: dt=0.3932,  57 negative triangles
356: dt=0.3932,  58 negative triangles
357: dt=0.3932,  59 negative triangles
358: dt=0.3932,  58 negative triangles
359: dt=0.3932,  57 negative triangles
360: dt=0.3736,  56 negative triangles
361: dt=0.3736,  57 negative triangles
362: dt=0.3736,  57 negative triangles
363: dt=0.3736,  57 negative triangles
364: dt=0.3736,  57 negative triangles
365: dt=0.3736,  58 negative triangles
366: dt=0.3736,  58 negative triangles
367: dt=0.3736,  58 negative triangles
368: dt=0.3736,  57 negative triangles
369: dt=0.3736,  56 negative triangles
370: dt=0.3549,  56 negative triangles
371: dt=0.3549,  56 negative triangles
372: dt=0.3549,  57 negative triangles
373: dt=0.3549,  57 negative triangles
374: dt=0.3549,  59 negative triangles
375: dt=0.3549,  59 negative triangles
376: dt=0.3549,  58 negative triangles
377: dt=0.3549,  58 negative triangles
378: dt=0.3549,  57 negative triangles
379: dt=0.3549,  56 negative triangles
380: dt=0.3372,  56 negative triangles
381: dt=0.3372,  57 negative triangles
382: dt=0.3372,  57 negative triangles
383: dt=0.3372,  57 negative triangles
384: dt=0.3372,  58 negative triangles
385: dt=0.3372,  56 negative triangles
386: dt=0.3372,  58 negative triangles
387: dt=0.3372,  58 negative triangles
388: dt=0.3372,  56 negative triangles
389: dt=0.3372,  56 negative triangles
390: dt=0.3203,  58 negative triangles
391: dt=0.3203,  57 negative triangles
392: dt=0.3203,  57 negative triangles
393: dt=0.3203,  56 negative triangles
394: dt=0.3203,  56 negative triangles
395: dt=0.3203,  57 negative triangles
396: dt=0.3203,  57 negative triangles
397: dt=0.3203,  57 negative triangles
398: dt=0.3203,  58 negative triangles
399: dt=0.3203,  58 negative triangles
400: dt=0.3043,  58 negative triangles
401: dt=0.3043,  58 negative triangles
402: dt=0.3043,  58 negative triangles
403: dt=0.3043,  57 negative triangles
404: dt=0.3043,  57 negative triangles
405: dt=0.3043,  57 negative triangles
406: dt=0.3043,  57 negative triangles
407: dt=0.3043,  57 negative triangles
408: dt=0.3043,  57 negative triangles
409: dt=0.3043,  57 negative triangles
410: dt=0.2891,  57 negative triangles
411: dt=0.2891,  58 negative triangles
412: dt=0.2891,  58 negative triangles
413: dt=0.2891,  57 negative triangles
414: dt=0.2891,  56 negative triangles
415: dt=0.2891,  57 negative triangles
416: dt=0.2891,  57 negative triangles
417: dt=0.2891,  57 negative triangles
418: dt=0.2891,  57 negative triangles
419: dt=0.2891,  57 negative triangles
420: dt=0.2746,  57 negative triangles
421: dt=0.2746,  58 negative triangles
422: dt=0.2746,  57 negative triangles
423: dt=0.2746,  58 negative triangles
424: dt=0.2746,  58 negative triangles
425: dt=0.2746,  58 negative triangles
426: dt=0.2746,  56 negative triangles
427: dt=0.2746,  55 negative triangles
428: dt=0.2746,  56 negative triangles
429: dt=0.2746,  56 negative triangles
430: dt=0.2609,  57 negative triangles
431: dt=0.2609,  58 negative triangles
432: dt=0.2609,  57 negative triangles
433: dt=0.2609,  56 negative triangles
434: dt=0.2609,  57 negative triangles
435: dt=0.2609,  57 negative triangles
436: dt=0.2609,  58 negative triangles
437: dt=0.2609,  57 negative triangles
438: dt=0.2609,  56 negative triangles
439: dt=0.2609,  55 negative triangles
440: dt=0.2478,  55 negative triangles
441: dt=0.2478,  56 negative triangles
442: dt=0.2478,  56 negative triangles
443: dt=0.2478,  56 negative triangles
444: dt=0.2478,  56 negative triangles
445: dt=0.2478,  56 negative triangles
446: dt=0.2478,  56 negative triangles
447: dt=0.2478,  56 negative triangles
448: dt=0.2478,  55 negative triangles
449: dt=0.2478,  55 negative triangles
450: dt=0.2354,  57 negative triangles
451: dt=0.2354,  56 negative triangles
452: dt=0.2354,  55 negative triangles
453: dt=0.2354,  54 negative triangles
454: dt=0.2354,  54 negative triangles
455: dt=0.2354,  55 negative triangles
456: dt=0.2354,  55 negative triangles
457: dt=0.2354,  55 negative triangles
458: dt=0.2354,  54 negative triangles
459: dt=0.2354,  56 negative triangles
460: dt=0.2237,  56 negative triangles
461: dt=0.2237,  56 negative triangles
462: dt=0.2237,  55 negative triangles
463: dt=0.2237,  55 negative triangles
464: dt=0.2237,  54 negative triangles
465: dt=0.2237,  56 negative triangles
466: dt=0.2237,  55 negative triangles
467: dt=0.2237,  55 negative triangles
468: dt=0.2237,  53 negative triangles
469: dt=0.2237,  53 negative triangles
470: dt=0.2237,  53 negative triangles
471: dt=0.2237,  53 negative triangles
472: dt=0.2237,  53 negative triangles
473: dt=0.2237,  53 negative triangles
474: dt=0.2237,  53 negative triangles
475: dt=0.2237,  53 negative triangles
476: dt=0.2237,  54 negative triangles
477: dt=0.2237,  54 negative triangles
478: dt=0.2125,  54 negative triangles
479: dt=0.2125,  54 negative triangles
480: dt=0.2125,  54 negative triangles
481: dt=0.2125,  54 negative triangles
482: dt=0.2125,  54 negative triangles
483: dt=0.2125,  54 negative triangles
484: dt=0.2125,  52 negative triangles
485: dt=0.2125,  52 negative triangles
486: dt=0.2125,  52 negative triangles
487: dt=0.2125,  52 negative triangles
488: dt=0.2125,  53 negative triangles
489: dt=0.2125,  53 negative triangles
490: dt=0.2125,  54 negative triangles
491: dt=0.2125,  54 negative triangles
492: dt=0.2125,  55 negative triangles
493: dt=0.2125,  54 negative triangles
494: dt=0.2019,  55 negative triangles
495: dt=0.2019,  54 negative triangles
496: dt=0.2019,  53 negative triangles
497: dt=0.2019,  54 negative triangles
498: dt=0.2019,  53 negative triangles
499: dt=0.2019,  54 negative triangles
500: dt=0.2019,  54 negative triangles
501: dt=0.2019,  53 negative triangles
502: dt=0.2019,  53 negative triangles
503: dt=0.2019,  53 negative triangles
504: dt=0.1918,  53 negative triangles
505: dt=0.1918,  53 negative triangles
506: dt=0.1918,  53 negative triangles
507: dt=0.1918,  53 negative triangles
508: dt=0.1918,  53 negative triangles
509: dt=0.1918,  53 negative triangles
510: dt=0.1918,  53 negative triangles
511: dt=0.1918,  53 negative triangles
512: dt=0.1918,  53 negative triangles
513: dt=0.1918,  54 negative triangles
514: dt=0.1822,  52 negative triangles
515: dt=0.1822,  53 negative triangles
516: dt=0.1822,  54 negative triangles
517: dt=0.1822,  54 negative triangles
518: dt=0.1822,  54 negative triangles
519: dt=0.1822,  53 negative triangles
520: dt=0.1822,  53 negative triangles
521: dt=0.1822,  51 negative triangles
522: dt=0.1822,  51 negative triangles
523: dt=0.1822,  51 negative triangles
524: dt=0.1822,  51 negative triangles
525: dt=0.1822,  51 negative triangles
526: dt=0.1822,  51 negative triangles
527: dt=0.1822,  51 negative triangles
528: dt=0.1822,  51 negative triangles
529: dt=0.1822,  51 negative triangles
530: dt=0.1822,  51 negative triangles
531: dt=0.1731,  51 negative triangles
532: dt=0.1731,  51 negative triangles
533: dt=0.1731,  52 negative triangles
534: dt=0.1731,  52 negative triangles
535: dt=0.1731,  51 negative triangles
536: dt=0.1731,  51 negative triangles
537: dt=0.1731,  51 negative triangles
538: dt=0.1731,  53 negative triangles
539: dt=0.1731,  52 negative triangles
540: dt=0.1731,  52 negative triangles
541: dt=0.1644,  52 negative triangles
542: dt=0.1644,  51 negative triangles
543: dt=0.1644,  51 negative triangles
544: dt=0.1644,  51 negative triangles
545: dt=0.1644,  51 negative triangles
546: dt=0.1644,  51 negative triangles
547: dt=0.1644,  51 negative triangles
548: dt=0.1644,  51 negative triangles
549: dt=0.1644,  52 negative triangles
550: dt=0.1644,  52 negative triangles
551: dt=0.1562,  52 negative triangles
552: dt=0.1562,  51 negative triangles
553: dt=0.1562,  50 negative triangles
554: dt=0.1562,  51 negative triangles
555: dt=0.1562,  51 negative triangles
556: dt=0.1562,  51 negative triangles
557: dt=0.1562,  49 negative triangles
558: dt=0.1562,  51 negative triangles
559: dt=0.1562,  51 negative triangles
560: dt=0.1562,  52 negative triangles
561: dt=0.1562,  50 negative triangles
562: dt=0.1562,  51 negative triangles
563: dt=0.1562,  51 negative triangles
564: dt=0.1562,  51 negative triangles
565: dt=0.1562,  50 negative triangles
566: dt=0.1562,  51 negative triangles
567: dt=0.1484,  51 negative triangles
568: dt=0.1484,  51 negative triangles
569: dt=0.1484,  51 negative triangles
570: dt=0.1484,  51 negative triangles
571: dt=0.1484,  51 negative triangles
572: dt=0.1484,  51 negative triangles
573: dt=0.1484,  51 negative triangles
574: dt=0.1484,  51 negative triangles
575: dt=0.1484,  52 negative triangles
576: dt=0.1484,  52 negative triangles
577: dt=0.1410,  52 negative triangles
578: dt=0.1410,  52 negative triangles
579: dt=0.1410,  52 negative triangles
580: dt=0.1410,  52 negative triangles
581: dt=0.1410,  52 negative triangles
582: dt=0.1410,  51 negative triangles
583: dt=0.1410,  51 negative triangles
584: dt=0.1410,  51 negative triangles
585: dt=0.1410,  51 negative triangles
586: dt=0.1410,  51 negative triangles
587: dt=0.1339,  51 negative triangles
588: dt=0.1339,  51 negative triangles
589: dt=0.1339,  51 negative triangles
590: dt=0.1339,  51 negative triangles
591: dt=0.1339,  51 negative triangles
592: dt=0.1339,  52 negative triangles
593: dt=0.1339,  51 negative triangles
594: dt=0.1339,  51 negative triangles
595: dt=0.1339,  51 negative triangles
596: dt=0.1339,  51 negative triangles
597: dt=0.1272,  52 negative triangles
598: dt=0.1272,  51 negative triangles
599: dt=0.1272,  51 negative triangles
600: dt=0.1272,  51 negative triangles
601: dt=0.1272,  51 negative triangles
602: dt=0.1272,  52 negative triangles
603: dt=0.1272,  52 negative triangles
604: dt=0.1272,  52 negative triangles
605: dt=0.1272,  51 negative triangles
606: dt=0.1272,  52 negative triangles
607: dt=0.1209,  52 negative triangles
608: dt=0.1209,  52 negative triangles
609: dt=0.1209,  52 negative triangles
610: dt=0.1209,  52 negative triangles
611: dt=0.1209,  51 negative triangles
612: dt=0.1209,  50 negative triangles
613: dt=0.1209,  50 negative triangles
614: dt=0.1209,  50 negative triangles
615: dt=0.1209,  50 negative triangles
616: dt=0.1209,  51 negative triangles
617: dt=0.1148,  51 negative triangles
618: dt=0.1148,  51 negative triangles
619: dt=0.1148,  51 negative triangles
620: dt=0.1148,  49 negative triangles
621: dt=0.1148,  49 negative triangles
622: dt=0.1148,  49 negative triangles
623: dt=0.1148,  50 negative triangles
624: dt=0.1148,  51 negative triangles
625: dt=0.1148,  51 negative triangles
626: dt=0.1148,  50 negative triangles
627: dt=0.1091,  51 negative triangles
628: dt=0.1091,  51 negative triangles
629: dt=0.1091,  50 negative triangles
630: dt=0.1091,  50 negative triangles
631: dt=0.1091,  52 negative triangles
632: dt=0.1091,  51 negative triangles
633: dt=0.1091,  51 negative triangles
634: dt=0.1091,  51 negative triangles
635: dt=0.1091,  51 negative triangles
636: dt=0.1091,  51 negative triangles
637: dt=0.1036,  51 negative triangles
638: dt=0.1036,  50 negative triangles
639: dt=0.1036,  51 negative triangles
640: dt=0.1036,  52 negative triangles
641: dt=0.1036,  52 negative triangles
642: dt=0.1036,  52 negative triangles
643: dt=0.1036,  51 negative triangles
644: dt=0.1036,  51 negative triangles
645: dt=0.1036,  51 negative triangles
646: dt=0.1036,  51 negative triangles
647: dt=0.0984,  51 negative triangles
648: dt=0.0984,  51 negative triangles
649: dt=0.0984,  51 negative triangles
650: dt=0.0984,  51 negative triangles
651: dt=0.0984,  51 negative triangles
652: dt=0.0984,  51 negative triangles
653: dt=0.0984,  53 negative triangles
654: dt=0.0984,  52 negative triangles
655: dt=0.0984,  52 negative triangles
656: dt=0.0984,  52 negative triangles
657: dt=0.0935,  52 negative triangles
658: dt=0.0935,  52 negative triangles
659: dt=0.0935,  51 negative triangles
660: dt=0.0935,  51 negative triangles
661: dt=0.0935,  50 negative triangles
662: dt=0.0935,  51 negative triangles
663: dt=0.0935,  51 negative triangles
664: dt=0.0935,  51 negative triangles
665: dt=0.0935,  51 negative triangles
666: dt=0.0935,  51 negative triangles
667: dt=0.0888,  51 negative triangles
668: dt=0.0888,  51 negative triangles
669: dt=0.0888,  51 negative triangles
670: dt=0.0888,  51 negative triangles
671: dt=0.0888,  50 negative triangles
672: dt=0.0888,  51 negative triangles
673: dt=0.0888,  50 negative triangles
674: dt=0.0888,  51 negative triangles
675: dt=0.0888,  50 negative triangles
676: dt=0.0888,  49 negative triangles
677: dt=0.0844,  50 negative triangles
678: dt=0.0844,  49 negative triangles
679: dt=0.0844,  50 negative triangles
680: dt=0.0844,  50 negative triangles
681: dt=0.0844,  50 negative triangles
682: dt=0.0844,  51 negative triangles
683: dt=0.0844,  51 negative triangles
684: dt=0.0844,  50 negative triangles
685: dt=0.0844,  50 negative triangles
686: dt=0.0844,  49 negative triangles
687: dt=0.0802,  50 negative triangles
688: dt=0.0802,  50 negative triangles
689: dt=0.0802,  51 negative triangles
690: dt=0.0802,  51 negative triangles
691: dt=0.0802,  51 negative triangles
692: dt=0.0802,  51 negative triangles
693: dt=0.0802,  51 negative triangles
694: dt=0.0802,  51 negative triangles
695: dt=0.0802,  50 negative triangles
696: dt=0.0802,  50 negative triangles
697: dt=0.0762,  50 negative triangles
698: dt=0.0762,  50 negative triangles
699: dt=0.0762,  50 negative triangles
700: dt=0.0762,  49 negative triangles
701: dt=0.0762,  49 negative triangles
702: dt=0.0762,  48 negative triangles
703: dt=0.0762,  47 negative triangles
704: dt=0.0762,  47 negative triangles
705: dt=0.0762,  47 negative triangles
706: dt=0.0762,  47 negative triangles
707: dt=0.0762,  48 negative triangles
708: dt=0.0762,  48 negative triangles
709: dt=0.0762,  48 negative triangles
710: dt=0.0762,  47 negative triangles
711: dt=0.0762,  47 negative triangles
712: dt=0.0762,  48 negative triangles
713: dt=0.0724,  48 negative triangles
714: dt=0.0724,  49 negative triangles
715: dt=0.0724,  48 negative triangles
716: dt=0.0724,  48 negative triangles
717: dt=0.0724,  49 negative triangles
718: dt=0.0724,  50 negative triangles
719: dt=0.0724,  48 negative triangles
720: dt=0.0724,  49 negative triangles
721: dt=0.0724,  49 negative triangles
722: dt=0.0724,  50 negative triangles
723: dt=0.0687,  48 negative triangles
724: dt=0.0687,  48 negative triangles
725: dt=0.0687,  48 negative triangles
726: dt=0.0687,  48 negative triangles
727: dt=0.0687,  48 negative triangles
728: dt=0.0687,  48 negative triangles
729: dt=0.0687,  48 negative triangles
730: dt=0.0687,  48 negative triangles
731: dt=0.0687,  48 negative triangles
732: dt=0.0687,  48 negative triangles
733: dt=0.0653,  49 negative triangles
734: dt=0.0653,  48 negative triangles
735: dt=0.0653,  48 negative triangles
736: dt=0.0653,  50 negative triangles
737: dt=0.0653,  49 negative triangles
738: dt=0.0653,  49 negative triangles
739: dt=0.0653,  49 negative triangles
740: dt=0.0653,  48 negative triangles
741: dt=0.0653,  48 negative triangles
742: dt=0.0653,  48 negative triangles
743: dt=0.0620,  48 negative triangles
744: dt=0.0620,  48 negative triangles
745: dt=0.0620,  48 negative triangles
746: dt=0.0620,  49 negative triangles
747: dt=0.0620,  49 negative triangles
748: dt=0.0620,  48 negative triangles
749: dt=0.0620,  48 negative triangles
750: dt=0.0620,  48 negative triangles
751: dt=0.0620,  48 negative triangles
752: dt=0.0620,  48 negative triangles
753: dt=0.0589,  47 negative triangles
754: dt=0.0589,  48 negative triangles
755: dt=0.0589,  49 negative triangles
756: dt=0.0589,  49 negative triangles
757: dt=0.0589,  50 negative triangles
758: dt=0.0589,  50 negative triangles
759: dt=0.0589,  49 negative triangles
760: dt=0.0589,  51 negative triangles
761: dt=0.0589,  50 negative triangles
762: dt=0.0589,  50 negative triangles
763: dt=0.0560,  50 negative triangles
764: dt=0.0560,  51 negative triangles
765: dt=0.0560,  50 negative triangles
766: dt=0.0560,  49 negative triangles
767: dt=0.0560,  49 negative triangles
768: dt=0.0560,  49 negative triangles
769: dt=0.0560,  49 negative triangles
770: dt=0.0560,  47 negative triangles
771: dt=0.0560,  48 negative triangles
772: dt=0.0560,  46 negative triangles
773: dt=0.0560,  47 negative triangles
774: dt=0.0560,  46 negative triangles
775: dt=0.0560,  47 negative triangles
776: dt=0.0560,  46 negative triangles
777: dt=0.0560,  46 negative triangles
778: dt=0.0560,  45 negative triangles
779: dt=0.0560,  46 negative triangles
780: dt=0.0560,  48 negative triangles
781: dt=0.0560,  48 negative triangles
782: dt=0.0560,  47 negative triangles
783: dt=0.0560,  48 negative triangles
784: dt=0.0560,  48 negative triangles
785: dt=0.0560,  47 negative triangles
786: dt=0.0560,  47 negative triangles
787: dt=0.0560,  47 negative triangles
788: dt=0.0532,  48 negative triangles
789: dt=0.0532,  46 negative triangles
790: dt=0.0532,  47 negative triangles
791: dt=0.0532,  46 negative triangles
792: dt=0.0532,  46 negative triangles
793: dt=0.0532,  46 negative triangles
794: dt=0.0532,  47 negative triangles
795: dt=0.0532,  47 negative triangles
796: dt=0.0532,  46 negative triangles
797: dt=0.0532,  47 negative triangles
798: dt=0.0505,  47 negative triangles
799: dt=0.0505,  47 negative triangles
800: dt=0.0505,  47 negative triangles
801: dt=0.0505,  47 negative triangles
802: dt=0.0505,  47 negative triangles
803: dt=0.0505,  47 negative triangles
804: dt=0.0505,  47 negative triangles
805: dt=0.0505,  47 negative triangles
806: dt=0.0505,  47 negative triangles
807: dt=0.0505,  48 negative triangles
808: dt=0.0480,  48 negative triangles
809: dt=0.0480,  47 negative triangles
810: dt=0.0480,  47 negative triangles
811: dt=0.0480,  47 negative triangles
812: dt=0.0480,  47 negative triangles
813: dt=0.0480,  47 negative triangles
814: dt=0.0480,  47 negative triangles
815: dt=0.0480,  47 negative triangles
816: dt=0.0480,  48 negative triangles
817: dt=0.0480,  47 negative triangles
818: dt=0.0456,  47 negative triangles
819: dt=0.0456,  47 negative triangles
820: dt=0.0456,  48 negative triangles
821: dt=0.0456,  48 negative triangles
822: dt=0.0456,  47 negative triangles
823: dt=0.0456,  47 negative triangles
824: dt=0.0456,  47 negative triangles
825: dt=0.0456,  47 negative triangles
826: dt=0.0456,  48 negative triangles
827: dt=0.0456,  48 negative triangles
828: dt=0.0433,  48 negative triangles
829: dt=0.0433,  48 negative triangles
830: dt=0.0433,  47 negative triangles
831: dt=0.0433,  48 negative triangles
832: dt=0.0433,  48 negative triangles
833: dt=0.0433,  47 negative triangles
834: dt=0.0433,  47 negative triangles
835: dt=0.0433,  47 negative triangles
836: dt=0.0433,  47 negative triangles
837: dt=0.0433,  47 negative triangles
838: dt=0.0412,  47 negative triangles
839: dt=0.0412,  47 negative triangles
840: dt=0.0412,  47 negative triangles
841: dt=0.0412,  47 negative triangles
842: dt=0.0412,  47 negative triangles
843: dt=0.0412,  48 negative triangles
844: dt=0.0412,  48 negative triangles
845: dt=0.0412,  49 negative triangles
846: dt=0.0412,  49 negative triangles
847: dt=0.0412,  50 negative triangles
848: dt=0.0391,  50 negative triangles
849: dt=0.0391,  50 negative triangles
850: dt=0.0391,  50 negative triangles
851: dt=0.0391,  50 negative triangles
852: dt=0.0391,  50 negative triangles
853: dt=0.0391,  50 negative triangles
854: dt=0.0391,  51 negative triangles
855: dt=0.0391,  51 negative triangles
856: dt=0.0391,  51 negative triangles
857: dt=0.0391,  50 negative triangles
858: dt=0.0371,  50 negative triangles
859: dt=0.0371,  48 negative triangles
860: dt=0.0371,  47 negative triangles
861: dt=0.0371,  47 negative triangles
862: dt=0.0371,  47 negative triangles
863: dt=0.0371,  47 negative triangles
864: dt=0.0371,  48 negative triangles
865: dt=0.0371,  47 negative triangles
866: dt=0.0371,  47 negative triangles
867: dt=0.0371,  48 negative triangles
868: dt=0.0353,  48 negative triangles
869: dt=0.0353,  48 negative triangles
870: dt=0.0353,  48 negative triangles
871: dt=0.0353,  48 negative triangles
872: dt=0.0353,  48 negative triangles
873: dt=0.0353,  49 negative triangles
874: dt=0.0353,  49 negative triangles
875: dt=0.0353,  49 negative triangles
876: dt=0.0353,  50 negative triangles
877: dt=0.0353,  49 negative triangles
878: dt=0.0335,  50 negative triangles
879: dt=0.0335,  50 negative triangles
880: dt=0.0335,  50 negative triangles
881: dt=0.0335,  50 negative triangles
882: dt=0.0335,  50 negative triangles
883: dt=0.0335,  50 negative triangles
884: dt=0.0335,  49 negative triangles
885: dt=0.0335,  50 negative triangles
886: dt=0.0335,  49 negative triangles
887: dt=0.0335,  49 negative triangles
888: dt=0.0319,  49 negative triangles
889: dt=0.0319,  49 negative triangles
890: dt=0.0319,  49 negative triangles
891: dt=0.0319,  49 negative triangles
892: dt=0.0319,  49 negative triangles
893: dt=0.0319,  49 negative triangles
894: dt=0.0319,  49 negative triangles
895: dt=0.0319,  49 negative triangles
896: dt=0.0319,  50 negative triangles
897: dt=0.0319,  50 negative triangles
898: dt=0.0303,  49 negative triangles
899: dt=0.0303,  48 negative triangles
900: dt=0.0303,  48 negative triangles
901: dt=0.0303,  48 negative triangles
902: dt=0.0303,  48 negative triangles
903: dt=0.0303,  48 negative triangles
904: dt=0.0303,  48 negative triangles
905: dt=0.0303,  48 negative triangles
906: dt=0.0303,  48 negative triangles
907: dt=0.0303,  48 negative triangles
908: dt=0.0287,  49 negative triangles
909: dt=0.0287,  48 negative triangles
910: dt=0.0287,  47 negative triangles
911: dt=0.0287,  48 negative triangles
912: dt=0.0287,  47 negative triangles
913: dt=0.0287,  48 negative triangles
914: dt=0.0287,  47 negative triangles
915: dt=0.0287,  48 negative triangles
916: dt=0.0287,  48 negative triangles
917: dt=0.0287,  48 negative triangles
918: dt=0.0273,  47 negative triangles
919: dt=0.0273,  47 negative triangles
920: dt=0.0273,  47 negative triangles
921: dt=0.0273,  47 negative triangles
922: dt=0.0273,  47 negative triangles
923: dt=0.0273,  47 negative triangles
924: dt=0.0273,  47 negative triangles
925: dt=0.0273,  48 negative triangles
926: dt=0.0273,  48 negative triangles
927: dt=0.0273,  49 negative triangles
928: dt=0.0259,  48 negative triangles
929: dt=0.0259,  47 negative triangles
930: dt=0.0259,  47 negative triangles
931: dt=0.0259,  47 negative triangles
932: dt=0.0259,  47 negative triangles
933: dt=0.0259,  47 negative triangles
934: dt=0.0259,  49 negative triangles
935: dt=0.0259,  48 negative triangles
936: dt=0.0259,  47 negative triangles
937: dt=0.0259,  47 negative triangles
938: dt=0.0246,  47 negative triangles
939: dt=0.0246,  49 negative triangles
940: dt=0.0246,  49 negative triangles
941: dt=0.0246,  50 negative triangles
942: dt=0.0246,  50 negative triangles
943: dt=0.0246,  50 negative triangles
944: dt=0.0246,  50 negative triangles
945: dt=0.0246,  50 negative triangles
946: dt=0.0246,  50 negative triangles
947: dt=0.0246,  50 negative triangles
948: dt=0.0234,  50 negative triangles
949: dt=0.0234,  50 negative triangles
950: dt=0.0234,  50 negative triangles
951: dt=0.0234,  50 negative triangles
952: dt=0.0234,  50 negative triangles
953: dt=0.0234,  50 negative triangles
954: dt=0.0234,  50 negative triangles
955: dt=0.0234,  51 negative triangles
956: dt=0.0234,  50 negative triangles
957: dt=0.0234,  52 negative triangles
958: dt=0.0222,  51 negative triangles
959: dt=0.0222,  51 negative triangles
960: dt=0.0222,  51 negative triangles
961: dt=0.0222,  51 negative triangles
962: dt=0.0222,  51 negative triangles
963: dt=0.0222,  52 negative triangles
964: dt=0.0222,  50 negative triangles
965: dt=0.0222,  50 negative triangles
966: dt=0.0222,  50 negative triangles
967: dt=0.0222,  50 negative triangles
968: dt=0.0211,  50 negative triangles
969: dt=0.0211,  50 negative triangles
970: dt=0.0211,  49 negative triangles
971: dt=0.0211,  50 negative triangles
972: dt=0.0211,  50 negative triangles
973: dt=0.0211,  50 negative triangles
974: dt=0.0211,  50 negative triangles
975: dt=0.0211,  50 negative triangles
976: dt=0.0211,  50 negative triangles
977: dt=0.0211,  49 negative triangles
978: dt=0.0201,  49 negative triangles
979: dt=0.0201,  49 negative triangles
980: dt=0.0201,  50 negative triangles
981: dt=0.0201,  50 negative triangles
982: dt=0.0201,  50 negative triangles
983: dt=0.0201,  49 negative triangles
984: dt=0.0201,  50 negative triangles
985: dt=0.0201,  50 negative triangles
986: dt=0.0201,  50 negative triangles
987: dt=0.0201,  50 negative triangles
988: dt=0.0191,  48 negative triangles
989: dt=0.0191,  49 negative triangles
990: dt=0.0191,  49 negative triangles
991: dt=0.0191,  49 negative triangles
992: dt=0.0191,  49 negative triangles
993: dt=0.0191,  47 negative triangles
994: dt=0.0191,  47 negative triangles
995: dt=0.0191,  49 negative triangles
996: dt=0.0191,  50 negative triangles
997: dt=0.0191,  50 negative triangles
998: dt=0.0181,  50 negative triangles
999: dt=0.0181,  49 negative triangles
1000: dt=0.0181,  49 negative triangles
1001: dt=0.0181,  48 negative triangles
1002: dt=0.0181,  49 negative triangles
1003: dt=0.0181,  49 negative triangles
1004: dt=0.0181,  49 negative triangles
1005: dt=0.0181,  49 negative triangles
1006: dt=0.0181,  49 negative triangles
1007: dt=0.0181,  49 negative triangles
1008: dt=0.0172,  49 negative triangles
1009: dt=0.0172,  49 negative triangles
1010: dt=0.0172,  49 negative triangles
1011: dt=0.0172,  48 negative triangles
1012: dt=0.0172,  48 negative triangles
1013: dt=0.0172,  48 negative triangles
1014: dt=0.0172,  49 negative triangles
1015: dt=0.0172,  49 negative triangles
1016: dt=0.0172,  48 negative triangles
1017: dt=0.0172,  49 negative triangles
1018: dt=0.0164,  48 negative triangles
1019: dt=0.0164,  48 negative triangles
1020: dt=0.0164,  48 negative triangles
1021: dt=0.0164,  48 negative triangles
1022: dt=0.0164,  47 negative triangles
1023: dt=0.0164,  47 negative triangles
1024: dt=0.0164,  46 negative triangles
1025: dt=0.0164,  48 negative triangles
1026: dt=0.0164,  47 negative triangles
1027: dt=0.0164,  46 negative triangles
1028: dt=0.0155,  46 negative triangles
1029: dt=0.0155,  46 negative triangles
1030: dt=0.0155,  46 negative triangles
1031: dt=0.0155,  46 negative triangles
1032: dt=0.0155,  46 negative triangles
1033: dt=0.0155,  47 negative triangles
1034: dt=0.0155,  47 negative triangles
1035: dt=0.0155,  47 negative triangles
1036: dt=0.0155,  46 negative triangles
1037: dt=0.0155,  47 negative triangles
1038: dt=0.0148,  48 negative triangles
1039: dt=0.0148,  47 negative triangles
1040: dt=0.0148,  47 negative triangles
1041: dt=0.0148,  47 negative triangles
1042: dt=0.0148,  47 negative triangles
1043: dt=0.0148,  47 negative triangles
1044: dt=0.0148,  48 negative triangles
1045: dt=0.0148,  48 negative triangles
1046: dt=0.0148,  47 negative triangles
1047: dt=0.0148,  47 negative triangles
1048: dt=0.0140,  48 negative triangles
1049: dt=0.0140,  48 negative triangles
1050: dt=0.0140,  48 negative triangles
1051: dt=0.0140,  49 negative triangles
1052: dt=0.0140,  48 negative triangles
1053: dt=0.0140,  49 negative triangles
1054: dt=0.0140,  49 negative triangles
1055: dt=0.0140,  49 negative triangles
1056: dt=0.0140,  48 negative triangles
1057: dt=0.0140,  48 negative triangles
1058: dt=0.0133,  48 negative triangles
1059: dt=0.0133,  48 negative triangles
1060: dt=0.0133,  49 negative triangles
1061: dt=0.0133,  49 negative triangles
1062: dt=0.0133,  50 negative triangles
1063: dt=0.0133,  50 negative triangles
1064: dt=0.0133,  50 negative triangles
1065: dt=0.0133,  49 negative triangles
1066: dt=0.0133,  50 negative triangles
1067: dt=0.0133,  50 negative triangles
1068: dt=0.0127,  50 negative triangles
1069: dt=0.0127,  50 negative triangles
1070: dt=0.0127,  49 negative triangles
1071: dt=0.0127,  50 negative triangles
1072: dt=0.0127,  50 negative triangles
1073: dt=0.0127,  50 negative triangles
1074: dt=0.0127,  49 negative triangles
1075: dt=0.0127,  49 negative triangles
1076: dt=0.0127,  48 negative triangles
1077: dt=0.0127,  47 negative triangles
1078: dt=0.0120,  47 negative triangles
1079: dt=0.0120,  47 negative triangles
1080: dt=0.0120,  47 negative triangles
1081: dt=0.0120,  47 negative triangles
1082: dt=0.0120,  47 negative triangles
1083: dt=0.0120,  47 negative triangles
1084: dt=0.0120,  47 negative triangles
1085: dt=0.0120,  47 negative triangles
1086: dt=0.0120,  47 negative triangles
1087: dt=0.0120,  47 negative triangles
1088: dt=0.0114,  48 negative triangles
1089: dt=0.0114,  49 negative triangles
1090: dt=0.0114,  48 negative triangles
1091: dt=0.0114,  48 negative triangles
1092: dt=0.0114,  48 negative triangles
1093: dt=0.0114,  48 negative triangles
1094: dt=0.0114,  48 negative triangles
1095: dt=0.0114,  49 negative triangles
1096: dt=0.0114,  49 negative triangles
1097: dt=0.0114,  49 negative triangles
1098: dt=0.0108,  50 negative triangles
1099: dt=0.0108,  50 negative triangles
1100: dt=0.0108,  50 negative triangles
1101: dt=0.0108,  51 negative triangles
1102: dt=0.0108,  50 negative triangles
1103: dt=0.0108,  49 negative triangles
1104: dt=0.0108,  50 negative triangles
1105: dt=0.0108,  49 negative triangles
1106: dt=0.0108,  47 negative triangles
1107: dt=0.0108,  47 negative triangles
1108: dt=0.0103,  47 negative triangles
1109: dt=0.0103,  47 negative triangles
1110: dt=0.0103,  49 negative triangles
1111: dt=0.0103,  50 negative triangles
1112: dt=0.0103,  50 negative triangles
1113: dt=0.0103,  50 negative triangles
1114: dt=0.0103,  50 negative triangles
writing registered surface to ../surf/rh.sphere.reg...
1115: dt=0.0103,  48 negative triangles
1116: 48 negative triangles
registration took 0.09 hours
#VMPC# mris_register VmPeak  1589188
FSRUNTIME@ mris_register  0.0902 hours 16 threads

 ln -sf rh.sphere.reg rh.fsaverage.sphere.reg 

#--------------------------------------------
#@# Jacobian white rh Fri Mar 13 06:11:08 CET 2026
/out/sourcedata/freesurfer/sub-v2s4x29587_ses-1/scripts

 mris_jacobian ../surf/rh.white.preaparc ../surf/rh.sphere.reg ../surf/rh.jacobian_white 

reading surface from ../surf/rh.white.preaparc...
writing curvature file ../surf/rh.jacobian_white
#--------------------------------------------
#@# AvgCurv rh Fri Mar 13 06:11:09 CET 2026
/out/sourcedata/freesurfer/sub-v2s4x29587_ses-1/scripts

 mrisp_paint -a 5 /opt/freesurfer/average/rh.folding.atlas.acfb40.noaparc.i12.2016-08-02.tif#6 ../surf/rh.sphere.reg ../surf/rh.avg_curv 

averaging curvature patterns 5 times...
reading surface from ../surf/rh.sphere.reg...
reading template parameterization from /opt/freesurfer/average/rh.folding.atlas.acfb40.noaparc.i12.2016-08-02.tif...
writing curvature file to ../surf/rh.avg_curv...
#-----------------------------------------
#@# Cortical Parc rh Fri Mar 13 06:11:10 CET 2026
/out/sourcedata/freesurfer/sub-v2s4x29587_ses-1/scripts

 mris_ca_label -l ../label/rh.cortex.label -aseg ../mri/aseg.presurf.mgz -seed 1234 sub-v2s4x29587_ses-1 rh ../surf/rh.sphere.reg /opt/freesurfer/average/rh.DKaparc.atlas.acfb40.noaparc.i12.2016-08-02.gcs ../label/rh.aparc.annot 

setting seed for random number generator to 1234
using ../mri/aseg.presurf.mgz aseg volume to correct midline
7.3.2
  7.3.2
reading atlas from /opt/freesurfer/average/rh.DKaparc.atlas.acfb40.noaparc.i12.2016-08-02.gcs...
reading color table from GCSA file....
average std = 0.7   using min determinant for regularization = 0.004
0 singular and 309 ill-conditioned covariance matrices regularized
input 0: MEAN CURVATURE, flags 0, avgs 5, name mean_curvature
labeling surface...
1145 labels changed using aseg
relabeling using gibbs priors...
000:   2666 changed, 129562 examined...
001:    632 changed, 11528 examined...
002:    135 changed, 3551 examined...
003:     48 changed, 835 examined...
004:     16 changed, 312 examined...
005:      8 changed, 105 examined...
006:      0 changed, 55 examined...
141 labels changed using aseg
000: 82 total segments, 45 labels (208 vertices) changed
001: 37 total segments, 0 labels (0 vertices) changed
10 filter iterations complete (10 requested, 2 changed)
rationalizing unknown annotations with cortex label
relabeling unknown label...
relabeling corpuscallosum label...
1273 vertices marked for relabeling...
1273 labels changed in reclassification.
writing output to ../label/rh.aparc.annot...
classification took 0 minutes and 8 seconds.
#--------------------------------------------
#@# WhiteSurfs rh Fri Mar 13 06:11:18 CET 2026
cd /out/sourcedata/freesurfer/sub-v2s4x29587_ses-1/mri
mris_place_surface --adgws-in ../surf/autodet.gw.stats.rh.dat --seg aseg.presurf.mgz --threads 16 --wm wm.mgz --invol brain.finalsurfs.mgz --rh --i ../surf/rh.white.preaparc --o ../surf/rh.white --white --nsmooth 0 --rip-label ../label/rh.cortex.label --rip-bg --rip-surf ../surf/rh.white.preaparc --aparc ../label/rh.aparc.annot
7.3.2
7.3.2

cd /out/sourcedata/freesurfer/sub-v2s4x29587_ses-1/mri
setenv SUBJECTS_DIR /out/sourcedata/freesurfer
mris_place_surface --adgws-in ../surf/autodet.gw.stats.rh.dat --seg aseg.presurf.mgz --threads 16 --wm wm.mgz --invol brain.finalsurfs.mgz --rh --i ../surf/rh.white.preaparc --o ../surf/rh.white --white --nsmooth 0 --rip-label ../label/rh.cortex.label --rip-bg --rip-surf ../surf/rh.white.preaparc --aparc ../label/rh.aparc.annot 

Reading in input surface ../surf/rh.white.preaparc
Not smoothing input surface
Area    259120  0.34071  0.12178 0.001079   2.3784
Corner  777360 60.00000 13.92848 0.152245 179.3876
Edge    388680  0.89808  0.20262 0.033997   3.4659
Hinge   388680  9.94380 11.46141 0.000022 179.6957
Reading in aparc ../label/rh.aparc.annot
Reading in input volume brain.finalsurfs.mgz
Reading in wm volume wm.mgz
MRIclipBrightWM(): nthresh=16555, wmmin=5, clip=110 
MRIfindBrightNonWM(): 96 bright non-wm voxels segmented.
Masking bright non-wm for white surface
MRImask(): AllowDiffGeom = 1
MRImask(): AllowDiffGeom = 1
Reading in seg volume aseg.presurf.mgz
Ripping frozen voxels
Ripping vertices not in label ../label/rh.cortex.label
MRISripNotLabel() ripped 7397/129562 vertices (122165 unripped)
Reading in ripping surface ../surf/rh.white.preaparc
Reading in aparc ../label/rh.aparc.annot for ripsurf
Ripping BG
MRISripBasalGanglia(): 1 -2 2 0.5 ripped 436
Ripping segs (eg, WMSA, BG, frozen)
Starting MRISripSegs() d = (-2 2 0.5) segnos: 247 
MRISripSegs(): -2 2 0.5 ripped 0
vertex 64781: xyz = (61.219,2.09356,44.1723) oxyz = (61.219,2.09356,44.1723) wxzy = (61.219,2.09356,44.1723) pxyz = (0,0,0) 
CBVO Creating mask 129562
n_averages 4
Iteration 0 =========================================
n_averages=4, current_sigma=2
Computing target border values 
Entering MRIScomputeBorderValues_new(): 
  inside_hi   = 120.0000000;
  border_hi   = 112.6107180;
  border_low  =  85.0000000;
  outside_low =  76.9453430;
  outside_hi  = 112.6107180;
  sigma = 2;
  max_thickness = 10;
  step_size=0.5;
  STEP_SIZE=0.1;
  which = 1
  thresh = 0
  flags = 0
  CBVfindFirstPeakD1=0
  CBVfindFirstPeakD2=0
  nvertices=129562
  Gdiag_no=-1
  vno start=0, stop=129562
Replacing 255s with 0s
#SI# sigma=2 had to be increased for 230 vertices, nripped=7833
mean border=91.9, 158 (158) missing vertices, mean dist 0.4 [0.8 (%15.9)->0.6 (%84.1))]
%68 local maxima, %25 large gradients and % 0 min vals, 0 gradients ignored
nFirstPeakD1 0
MRIScomputeBorderValues_new() finished in 0.0136 min


Finding expansion regions
mean absolute distance = 0.64 +- 0.90
3701 vertices more than 2 sigmas from mean.
Averaging target values for 5 iterations...
Positioning Surface: tspring = 0.3, nspring = 0.3, spring = 0, niters = 100 l_repulse = 5, l_surf_repulse = 0, checktol = 0
Positioning pial surface
Entering MRISpositionSurface()
  max_mm = 0.3
  MAX_REDUCTIONS = 2, REDUCTION_PCT = 0.5
  parms->check_tol = 0, niterations = 100
tol=1.0e-04, sigma=2.0, host=dna06, nav=4, nbrs=2, l_repulse=5.000, l_tspring=0.300, l_nspring=0.300, l_intensity=0.200, l_curv=1.000
mom=0.00, dt=0.50
complete_dist_mat 0
rms 0
smooth_averages 0
remove_neg 0
ico_order 0
which_surface 0
target_radius 0.000000
nfields 0
scale 0.000000
desired_rms_height 0.000000
momentum 0.000000
nbhd_size 0
max_nbrs 0
niterations 100
nsurfaces 0
SURFACES 3
flags 0 (0)
use curv 0
no sulc 0
no rigid align 0
mris->nsize 2
mris->hemisphere 1
randomSeed 0

000: dt: 0.0000, sse=807987.1, rms=5.040
001: dt: 0.5000, sse=412139.2, rms=3.029 (39.893%)
002: dt: 0.5000, sse=295252.3, rms=2.086 (31.130%)
003: dt: 0.5000, sse=259703.4, rms=1.696 (18.716%)
004: dt: 0.5000, sse=253139.4, rms=1.495 (11.863%)
005: dt: 0.5000, sse=250649.5, rms=1.398 (6.490%)
006: dt: 0.5000, sse=240591.5, rms=1.344 (3.867%)
rms = 1.3202/1.3436, sse=238988.5/240591.5, time step reduction 1 of 3 to 0.250  0 0 1
007: dt: 0.5000, sse=238988.5, rms=1.320 (1.742%)
008: dt: 0.2500, sse=235482.7, rms=1.141 (13.582%)
rms = 1.1116/1.1409, sse=230447.3/235482.7, time step reduction 2 of 3 to 0.125  0 0 1
009: dt: 0.2500, sse=230447.3, rms=1.112 (2.566%)
rms = 1.1025/1.1116, sse=230470.4/230447.3, time step reduction 3 of 3 to 0.062  0 1 1
010: dt: 0.1250, sse=230470.4, rms=1.102 (0.823%)
  maximum number of reductions reached, breaking from loop
positioning took 0.8 minutes
Iteration 1 =========================================
n_averages=2, current_sigma=1
Computing target border values 
Entering MRIScomputeBorderValues_new(): 
  inside_hi   = 120.0000000;
  border_hi   = 112.6107180;
  border_low  =  85.0000000;
  outside_low =  76.9453430;
  outside_hi  = 112.6107180;
  sigma = 1;
  max_thickness = 10;
  step_size=0.5;
  STEP_SIZE=0.1;
  which = 1
  thresh = 0
  flags = 0
  CBVfindFirstPeakD1=0
  CBVfindFirstPeakD2=0
  nvertices=129562
  Gdiag_no=-1
  vno start=0, stop=129562
Replacing 255s with 0s
#SI# sigma=1 had to be increased for 158 vertices, nripped=7833
mean border=93.7, 117 (34) missing vertices, mean dist -0.2 [0.4 (%72.2)->0.3 (%27.8))]
%80 local maxima, %14 large gradients and % 0 min vals, 0 gradients ignored
nFirstPeakD1 0
MRIScomputeBorderValues_new() finished in 0.0110 min


Finding expansion regions
mean absolute distance = 0.37 +- 0.61
2927 vertices more than 2 sigmas from mean.
Averaging target values for 5 iterations...
Positioning Surface: tspring = 0.3, nspring = 0.3, spring = 0, niters = 100 l_repulse = 5, l_surf_repulse = 0, checktol = 0
Positioning pial surface
Entering MRISpositionSurface()
  max_mm = 0.3
  MAX_REDUCTIONS = 2, REDUCTION_PCT = 0.5
  parms->check_tol = 0, niterations = 100
tol=1.0e-04, sigma=1.0, host=dna06, nav=2, nbrs=2, l_repulse=5.000, l_tspring=0.300, l_nspring=0.300, l_intensity=0.200, l_curv=1.000
mom=0.00, dt=0.50
000: dt: 0.0000, sse=406145.0, rms=2.792
011: dt: 0.5000, sse=287569.9, rms=1.624 (41.843%)
012: dt: 0.5000, sse=260468.1, rms=1.270 (21.803%)
013: dt: 0.5000, sse=257720.9, rms=1.142 (10.093%)
rms = 1.0927/1.1416, sse=250932.1/257720.9, time step reduction 1 of 3 to 0.250  0 0 1
014: dt: 0.5000, sse=250932.1, rms=1.093 (4.285%)
015: dt: 0.2500, sse=248118.9, rms=0.954 (12.721%)
rms = 0.9380/0.9537, sse=242621.8/248118.9, time step reduction 2 of 3 to 0.125  0 0 1
016: dt: 0.2500, sse=242621.8, rms=0.938 (1.647%)
rms = 0.9325/0.9380, sse=241145.0/242621.8, time step reduction 3 of 3 to 0.062  0 0 1
017: dt: 0.1250, sse=241145.0, rms=0.932 (0.590%)
  maximum number of reductions reached, breaking from loop
positioning took 0.5 minutes
Iteration 2 =========================================
n_averages=1, current_sigma=0.5
Computing target border values 
Entering MRIScomputeBorderValues_new(): 
  inside_hi   = 120.0000000;
  border_hi   = 112.6107180;
  border_low  =  85.0000000;
  outside_low =  76.9453430;
  outside_hi  = 112.6107180;
  sigma = 0.5;
  max_thickness = 10;
  step_size=0.5;
  STEP_SIZE=0.1;
  which = 1
  thresh = 0
  flags = 0
  CBVfindFirstPeakD1=0
  CBVfindFirstPeakD2=0
  nvertices=129562
  Gdiag_no=-1
  vno start=0, stop=129562
Replacing 255s with 0s
#SI# sigma=0.5 had to be increased for 120 vertices, nripped=7833
mean border=95.1, 136 (26) missing vertices, mean dist -0.1 [0.3 (%69.7)->0.2 (%30.3))]
%87 local maxima, % 7 large gradients and % 0 min vals, 0 gradients ignored
nFirstPeakD1 0
MRIScomputeBorderValues_new() finished in 0.0057 min


Finding expansion regions
mean absolute distance = 0.29 +- 0.45
3670 vertices more than 2 sigmas from mean.
Averaging target values for 5 iterations...
Positioning Surface: tspring = 0.3, nspring = 0.3, spring = 0, niters = 100 l_repulse = 5, l_surf_repulse = 0, checktol = 0
Positioning pial surface
Entering MRISpositionSurface()
  max_mm = 0.3
  MAX_REDUCTIONS = 2, REDUCTION_PCT = 0.5
  parms->check_tol = 0, niterations = 100
tol=1.0e-04, sigma=0.5, host=dna06, nav=1, nbrs=2, l_repulse=5.000, l_tspring=0.300, l_nspring=0.300, l_intensity=0.200, l_curv=1.000
mom=0.00, dt=0.50
000: dt: 0.0000, sse=316162.9, rms=2.057
018: dt: 0.5000, sse=246451.1, rms=1.201 (41.628%)
019: dt: 0.5000, sse=245885.2, rms=1.016 (15.389%)
rms = 0.9958/1.0159, sse=240981.6/245885.3, time step reduction 1 of 3 to 0.250  0 0 1
020: dt: 0.5000, sse=240981.6, rms=0.996 (1.981%)
021: dt: 0.2500, sse=233509.9, rms=0.859 (13.729%)
rms = 0.8502/0.8591, sse=233211.7/233509.9, time step reduction 2 of 3 to 0.125  0 0 1
022: dt: 0.2500, sse=233211.7, rms=0.850 (1.031%)
rms = 0.8484/0.8502, sse=235032.7/233211.7, time step reduction 3 of 3 to 0.062  0 1 1
023: dt: 0.1250, sse=235032.7, rms=0.848 (0.217%)
  maximum number of reductions reached, breaking from loop
positioning took 0.4 minutes
Iteration 3 =========================================
n_averages=0, current_sigma=0.25
Computing target border values 
Entering MRIScomputeBorderValues_new(): 
  inside_hi   = 120.0000000;
  border_hi   = 112.6107180;
  border_low  =  85.0000000;
  outside_low =  76.9453430;
  outside_hi  = 112.6107180;
  sigma = 0.25;
  max_thickness = 10;
  step_size=0.5;
  STEP_SIZE=0.1;
  which = 1
  thresh = 0
  flags = 0
  CBVfindFirstPeakD1=0
  CBVfindFirstPeakD2=0
  nvertices=129562
  Gdiag_no=-1
  vno start=0, stop=129562
Replacing 255s with 0s
#SI# sigma=0.25 had to be increased for 118 vertices, nripped=7833
mean border=95.6, 175 (24) missing vertices, mean dist -0.0 [0.2 (%56.6)->0.2 (%43.4))]
%89 local maxima, % 5 large gradients and % 0 min vals, 0 gradients ignored
nFirstPeakD1 0
MRIScomputeBorderValues_new() finished in 0.0038 min


Finding expansion regions
mean absolute distance = 0.24 +- 0.38
3368 vertices more than 2 sigmas from mean.
Averaging target values for 5 iterations...
Positioning Surface: tspring = 0.3, nspring = 0.3, spring = 0, niters = 100 l_repulse = 5, l_surf_repulse = 0, checktol = 0
Positioning pial surface
Entering MRISpositionSurface()
  max_mm = 0.3
  MAX_REDUCTIONS = 2, REDUCTION_PCT = 0.5
  parms->check_tol = 0, niterations = 100
tol=1.0e-04, sigma=0.2, host=dna06, nav=0, nbrs=2, l_repulse=5.000, l_tspring=0.300, l_nspring=0.300, l_intensity=0.200, l_curv=1.000
mom=0.00, dt=0.50
000: dt: 0.0000, sse=239718.7, rms=1.037
024: dt: 0.5000, sse=228569.3, rms=0.741 (28.545%)
rms = 0.8219/0.7410, sse=227161.8/228569.3, time step reduction 1 of 3 to 0.250  0 0 1
   RMS increased, rejecting step
rms = 0.7077/0.7410, sse=224556.2/228569.3, time step reduction 2 of 3 to 0.125  0 0 1
025: dt: 0.2500, sse=224556.2, rms=0.708 (4.497%)
rms = 0.7025/0.7077, sse=224636.9/224556.2, time step reduction 3 of 3 to 0.062  0 1 1
026: dt: 0.1250, sse=224636.9, rms=0.703 (0.732%)
  maximum number of reductions reached, breaking from loop
positioning took 0.3 minutes


Writing output to ../surf/rh.white
#ET# mris_place_surface  2.05 minutes
#VMPC# mris_place_surfaces VmPeak  2973184
mris_place_surface done
#--------------------------------------------
#@# T1PialSurf rh Fri Mar 13 06:13:27 CET 2026
cd /out/sourcedata/freesurfer/sub-v2s4x29587_ses-1/mri
mris_place_surface --adgws-in ../surf/autodet.gw.stats.rh.dat --seg aseg.presurf.mgz --threads 16 --wm wm.mgz --invol brain.finalsurfs.mgz --rh --i ../surf/rh.white --o ../surf/rh.pial.T1 --pial --nsmooth 0 --rip-label ../label/rh.cortex+hipamyg.label --pin-medial-wall ../label/rh.cortex.label --aparc ../label/rh.aparc.annot --repulse-surf ../surf/rh.white --white-surf ../surf/rh.white
7.3.2
7.3.2

cd /out/sourcedata/freesurfer/sub-v2s4x29587_ses-1/mri
setenv SUBJECTS_DIR /out/sourcedata/freesurfer
mris_place_surface --adgws-in ../surf/autodet.gw.stats.rh.dat --seg aseg.presurf.mgz --threads 16 --wm wm.mgz --invol brain.finalsurfs.mgz --rh --i ../surf/rh.white --o ../surf/rh.pial.T1 --pial --nsmooth 0 --rip-label ../label/rh.cortex+hipamyg.label --pin-medial-wall ../label/rh.cortex.label --aparc ../label/rh.aparc.annot --repulse-surf ../surf/rh.white --white-surf ../surf/rh.white 

Reading in input surface ../surf/rh.white
Not smoothing input surface
Area    259120  0.34659  0.14131 0.001221   2.3784
Corner  777360 60.00000 15.94586 0.341305 178.9973
Edge    388680  0.90832  0.22991 0.024708   3.7220
Hinge   388680 10.11442 11.99327 0.000003 179.8687
Reading white surface coordinates from ../surf/rh.white
Reading repulsion surface coordinates from ../surf/rh.white
Reading in aparc ../label/rh.aparc.annot
Reading in input volume brain.finalsurfs.mgz
Reading in wm volume wm.mgz
MRIclipBrightWM(): nthresh=16555, wmmin=5, clip=110 
MRIfindBrightNonWM(): 96 bright non-wm voxels segmented.
Masking bright non-wm for pial surface mid_gray = 81.1127
MRImask(): AllowDiffGeom = 1
MRImask(): AllowDiffGeom = 1
MRImask(): AllowDiffGeom = 1
Reading in seg volume aseg.presurf.mgz
Ripping frozen voxels
Ripping vertices not in label ../label/rh.cortex+hipamyg.label
MRISripNotLabel() ripped 5905/129562 vertices (123657 unripped)
INFO: rip surface needed but not specified, so using input surface
Ripping segs (eg, WMSA, BG, frozen)
Starting MRISripSegs() d = (-2 2 0.5) segnos: 247 
MRISripSegs(): -2 2 0.5 ripped 0
vertex 64781: xyz = (61.635,1.7648,44.3747) oxyz = (61.635,1.7648,44.3747) wxzy = (61.635,1.7648,44.3747) pxyz = (61.635,1.7648,44.3747) 
CBVO Creating mask 129562
n_averages 16
Iteration 0 =========================================
n_averages=16, current_sigma=2
Computing target border values 
Entering MRIScomputeBorderValues_new(): 
  inside_hi   = 101.3892820;
  border_hi   =  76.9453430;
  border_low  =  60.8360400;
  outside_low =  10.0000000;
  outside_hi  =  72.9180150;
  sigma = 2;
  max_thickness = 10;
  step_size=0.5;
  STEP_SIZE=0.1;
  which = 2
  thresh = 0
  flags = 0
  CBVfindFirstPeakD1=0
  CBVfindFirstPeakD2=0
  nvertices=129562
  Gdiag_no=-1
  vno start=0, stop=129562
Replacing 255s with 0s
#SI# sigma=2 had to be increased for 278 vertices, nripped=5905
mean border=75.6, 168 (168) missing vertices, mean dist 1.6 [2.2 (%0.0)->3.4 (%100.0))]
%14 local maxima, %29 large gradients and %52 min vals, 0 gradients ignored
nFirstPeakD1 0
MRIScomputeBorderValues_new() finished in 0.0118 min


Averaging target values for 5 iterations...
Positioning Surface: tspring = 0.3, nspring = 0.3, spring = 0, niters = 100 l_repulse = 0, l_surf_repulse = 5, checktol = 0
Positioning pial surface
Entering MRISpositionSurface()
  max_mm = 0.3
  MAX_REDUCTIONS = 2, REDUCTION_PCT = 0.5
  parms->check_tol = 0, niterations = 100
tol=1.0e-04, sigma=2.0, host=dna06, nav=16, nbrs=2, l_surf_repulse=5.000, l_tspring=0.300, l_nspring=0.300, l_intensity=0.200, l_curv=1.000
mom=0.00, dt=0.50
complete_dist_mat 0
rms 0
smooth_averages 0
remove_neg 0
ico_order 0
which_surface 0
target_radius 0.000000
nfields 0
scale 0.000000
desired_rms_height 0.000000
momentum 0.000000
nbhd_size 0
max_nbrs 0
niterations 100
nsurfaces 0
SURFACES 3
flags 0 (0)
use curv 0
no sulc 0
no rigid align 0
mris->nsize 2
mris->hemisphere 1
randomSeed 0

000: dt: 0.0000, sse=10759622.0, rms=20.684
001: dt: 0.5000, sse=7958265.0, rms=17.731 (14.277%)
002: dt: 0.5000, sse=5938006.0, rms=15.249 (13.998%)
003: dt: 0.5000, sse=4587427.0, rms=13.333 (12.567%)
004: dt: 0.5000, sse=3701975.2, rms=11.908 (10.684%)
005: dt: 0.5000, sse=3070834.5, rms=10.777 (9.503%)
006: dt: 0.5000, sse=2585115.8, rms=9.815 (8.921%)
007: dt: 0.5000, sse=2185751.0, rms=8.946 (8.854%)
008: dt: 0.5000, sse=1853799.4, rms=8.152 (8.875%)
009: dt: 0.5000, sse=1576056.9, rms=7.422 (8.961%)
010: dt: 0.5000, sse=1341160.0, rms=6.741 (9.170%)
011: dt: 0.5000, sse=1144744.4, rms=6.113 (9.314%)
012: dt: 0.5000, sse=987017.2, rms=5.557 (9.100%)
013: dt: 0.5000, sse=862777.8, rms=5.075 (8.681%)
014: dt: 0.5000, sse=769677.0, rms=4.679 (7.786%)
015: dt: 0.5000, sse=698350.1, rms=4.352 (7.005%)
016: dt: 0.5000, sse=650731.6, rms=4.117 (5.400%)
017: dt: 0.5000, sse=616547.0, rms=3.938 (4.347%)
018: dt: 0.5000, sse=591840.6, rms=3.802 (3.435%)
019: dt: 0.5000, sse=571787.4, rms=3.688 (3.017%)
020: dt: 0.5000, sse=557424.5, rms=3.602 (2.311%)
021: dt: 0.5000, sse=546815.2, rms=3.537 (1.823%)
rms = 3.4877/3.5368, sse=539093.0/546815.2, time step reduction 1 of 3 to 0.250  0 0 1
022: dt: 0.5000, sse=539093.0, rms=3.488 (1.390%)
023: dt: 0.2500, sse=477877.0, rms=3.092 (11.351%)
024: dt: 0.2500, sse=462860.7, rms=2.988 (3.362%)
rms = 2.9671/2.9878, sse=460132.6/462860.7, time step reduction 2 of 3 to 0.125  0 0 1
025: dt: 0.2500, sse=460132.7, rms=2.967 (0.694%)
026: dt: 0.1250, sse=449125.3, rms=2.887 (2.702%)
rms = 2.8635/2.8869, sse=445996.5/449125.3, time step reduction 3 of 3 to 0.062  0 0 1
027: dt: 0.1250, sse=445996.5, rms=2.864 (0.810%)
  maximum number of reductions reached, breaking from loop
positioning took 1.7 minutes
Iteration 1 =========================================
n_averages=8, current_sigma=1
Computing target border values 
Entering MRIScomputeBorderValues_new(): 
  inside_hi   = 101.3892820;
  border_hi   =  76.9453430;
  border_low  =  60.8360400;
  outside_low =  10.0000000;
  outside_hi  =  72.9180150;
  sigma = 1;
  max_thickness = 10;
  step_size=0.5;
  STEP_SIZE=0.1;
  which = 2
  thresh = 0
  flags = 0
  CBVfindFirstPeakD1=0
  CBVfindFirstPeakD2=0
  nvertices=129562
  Gdiag_no=-1
  vno start=0, stop=129562
Replacing 255s with 0s
#SI# sigma=1 had to be increased for 16198 vertices, nripped=5905
mean border=74.9, 2460 (34) missing vertices, mean dist 0.2 [0.2 (%38.4)->0.6 (%61.6))]
%24 local maxima, %22 large gradients and %47 min vals, 0 gradients ignored
nFirstPeakD1 0
MRIScomputeBorderValues_new() finished in 0.0033 min


Averaging target values for 5 iterations...
Positioning Surface: tspring = 0.3, nspring = 0.3, spring = 0, niters = 100 l_repulse = 0, l_surf_repulse = 5, checktol = 0
Positioning pial surface
Entering MRISpositionSurface()
  max_mm = 0.3
  MAX_REDUCTIONS = 2, REDUCTION_PCT = 0.5
  parms->check_tol = 0, niterations = 100
tol=1.0e-04, sigma=1.0, host=dna06, nav=8, nbrs=2, l_surf_repulse=5.000, l_tspring=0.300, l_nspring=0.300, l_intensity=0.200, l_curv=1.000
mom=0.00, dt=0.50
000: dt: 0.0000, sse=584152.4, rms=3.324
rms = 3.3078/3.3242, sse=581539.8/584152.4, time step reduction 1 of 3 to 0.250  0 0 1
028: dt: 0.5000, sse=581539.8, rms=3.308 (0.495%)
029: dt: 0.2500, sse=522652.2, rms=2.922 (11.671%)
030: dt: 0.2500, sse=510022.2, rms=2.832 (3.062%)
rms = 2.8390/2.8323, sse=511088.8/510022.1, time step reduction 2 of 3 to 0.125  0 1 1
   RMS increased, rejecting step
rms = 2.7937/2.8323, sse=504813.5/510022.1, time step reduction 3 of 3 to 0.062  0 0 1
031: dt: 0.1250, sse=504813.5, rms=2.794 (1.362%)
  maximum number of reductions reached, breaking from loop
positioning took 0.3 minutes
Iteration 2 =========================================
n_averages=4, current_sigma=0.5
Computing target border values 
Entering MRIScomputeBorderValues_new(): 
  inside_hi   = 101.3892820;
  border_hi   =  76.9453430;
  border_low  =  60.8360400;
  outside_low =  10.0000000;
  outside_hi  =  72.9180150;
  sigma = 0.5;
  max_thickness = 10;
  step_size=0.5;
  STEP_SIZE=0.1;
  which = 2
  thresh = 0
  flags = 0
  CBVfindFirstPeakD1=0
  CBVfindFirstPeakD2=0
  nvertices=129562
  Gdiag_no=-1
  vno start=0, stop=129562
Replacing 255s with 0s
#SI# sigma=0.5 had to be increased for 17482 vertices, nripped=5905
mean border=74.7, 2503 (29) missing vertices, mean dist 0.1 [0.2 (%41.8)->0.5 (%58.2))]
%32 local maxima, %14 large gradients and %48 min vals, 0 gradients ignored
nFirstPeakD1 0
MRIScomputeBorderValues_new() finished in 0.0022 min


Averaging target values for 5 iterations...
Positioning Surface: tspring = 0.3, nspring = 0.3, spring = 0, niters = 100 l_repulse = 0, l_surf_repulse = 5, checktol = 0
Positioning pial surface
Entering MRISpositionSurface()
  max_mm = 0.3
  MAX_REDUCTIONS = 2, REDUCTION_PCT = 0.5
  parms->check_tol = 0, niterations = 100
tol=1.0e-04, sigma=0.5, host=dna06, nav=4, nbrs=2, l_surf_repulse=5.000, l_tspring=0.300, l_nspring=0.300, l_intensity=0.200, l_curv=1.000
mom=0.00, dt=0.50
000: dt: 0.0000, sse=524279.4, rms=2.905
rms = 3.1492/2.9046, sse=559528.9/524279.4, time step reduction 1 of 3 to 0.250  0 1 1
   RMS increased, rejecting step
032: dt: 0.2500, sse=502773.5, rms=2.749 (5.354%)
rms = 2.7258/2.7491, sse=499376.3/502773.5, time step reduction 2 of 3 to 0.125  0 0 1
033: dt: 0.2500, sse=499376.3, rms=2.726 (0.845%)
034: dt: 0.1250, sse=488984.4, rms=2.645 (2.959%)
rms = 2.6189/2.6452, sse=485468.5/488984.4, time step reduction 3 of 3 to 0.062  0 0 1
035: dt: 0.1250, sse=485468.5, rms=2.619 (0.995%)
  maximum number of reductions reached, breaking from loop
positioning took 0.3 minutes
Iteration 3 =========================================
n_averages=2, current_sigma=0.25
Computing target border values 
Entering MRIScomputeBorderValues_new(): 
  inside_hi   = 101.3892820;
  border_hi   =  76.9453430;
  border_low  =  60.8360400;
  outside_low =  10.0000000;
  outside_hi  =  72.9180150;
  sigma = 0.25;
  max_thickness = 10;
  step_size=0.5;
  STEP_SIZE=0.1;
  which = 2
  thresh = 0
  flags = 0
  CBVfindFirstPeakD1=0
  CBVfindFirstPeakD2=0
  nvertices=129562
  Gdiag_no=-1
  vno start=0, stop=129562
Replacing 255s with 0s
#SI# sigma=0.25 had to be increased for 14767 vertices, nripped=5905
mean border=74.4, 6334 (26) missing vertices, mean dist 0.1 [0.2 (%39.4)->0.4 (%60.6))]
%35 local maxima, %11 large gradients and %45 min vals, 0 gradients ignored
nFirstPeakD1 0
MRIScomputeBorderValues_new() finished in 0.0015 min


Averaging target values for 5 iterations...
Positioning Surface: tspring = 0.3, nspring = 0.3, spring = 0, niters = 100 l_repulse = 0, l_surf_repulse = 5, checktol = 0
Positioning pial surface
Entering MRISpositionSurface()
  max_mm = 0.3
  MAX_REDUCTIONS = 2, REDUCTION_PCT = 0.5
  parms->check_tol = 0, niterations = 100
tol=1.0e-04, sigma=0.2, host=dna06, nav=2, nbrs=2, l_surf_repulse=5.000, l_tspring=0.300, l_nspring=0.300, l_intensity=0.200, l_curv=1.000
mom=0.00, dt=0.50
000: dt: 0.0000, sse=488783.2, rms=2.640
rms = 2.8877/2.6401, sse=520352.7/488783.3, time step reduction 1 of 3 to 0.250  0 1 1
   RMS increased, rejecting step
036: dt: 0.2500, sse=480312.1, rms=2.575 (2.461%)
rms = 2.5698/2.5751, sse=478749.1/480312.1, time step reduction 2 of 3 to 0.125  0 0 1
037: dt: 0.2500, sse=478749.2, rms=2.570 (0.206%)
038: dt: 0.1250, sse=471312.6, rms=2.510 (2.317%)
rms = 2.4840/2.5102, sse=467794.7/471312.6, time step reduction 3 of 3 to 0.062  0 0 1
039: dt: 0.1250, sse=467794.7, rms=2.484 (1.046%)
  maximum number of reductions reached, breaking from loop
positioning took 0.3 minutes
Pinning medial wall to white surface
removing intersecting faces
000: 19 intersecting
001: 9 intersecting
002: 2 intersecting
terminating search with 0 intersecting


Writing output to ../surf/rh.pial.T1
#ET# mris_place_surface  2.82 minutes
#VMPC# mris_place_surfaces VmPeak  2434448
mris_place_surface done
#@# white curv rh Fri Mar 13 06:16:21 CET 2026
cd /out/sourcedata/freesurfer/sub-v2s4x29587_ses-1/mri
mris_place_surface --curv-map ../surf/rh.white 2 10 ../surf/rh.curv
insurf  ../surf/rh.white, nbrs 2, curvature_avgs 10
writing curvature file ../surf/rh.curv
#@# white area rh Fri Mar 13 06:16:22 CET 2026
cd /out/sourcedata/freesurfer/sub-v2s4x29587_ses-1/mri
mris_place_surface --area-map ../surf/rh.white ../surf/rh.area
writing curvature file ../surf/rh.area
#@# pial curv rh Fri Mar 13 06:16:23 CET 2026
cd /out/sourcedata/freesurfer/sub-v2s4x29587_ses-1/mri
mris_place_surface --curv-map ../surf/rh.pial 2 10 ../surf/rh.curv.pial
insurf  ../surf/rh.pial, nbrs 2, curvature_avgs 10
writing curvature file ../surf/rh.curv.pial
#@# pial area rh Fri Mar 13 06:16:24 CET 2026
cd /out/sourcedata/freesurfer/sub-v2s4x29587_ses-1/mri
mris_place_surface --area-map ../surf/rh.pial ../surf/rh.area.pial
writing curvature file ../surf/rh.area.pial
#@# thickness rh Fri Mar 13 06:16:25 CET 2026
cd /out/sourcedata/freesurfer/sub-v2s4x29587_ses-1/mri
mris_place_surface --thickness ../surf/rh.white ../surf/rh.pial 20 5 ../surf/rh.thickness
0 of 129562 vertices processed
25000 of 129562 vertices processed
50000 of 129562 vertices processed
75000 of 129562 vertices processed
100000 of 129562 vertices processed
125000 of 129562 vertices processed
0 of 129562 vertices processed
25000 of 129562 vertices processed
50000 of 129562 vertices processed
75000 of 129562 vertices processed
100000 of 129562 vertices processed
125000 of 129562 vertices processed
thickness calculation complete, 723:3536 truncations.
50132 vertices at 0 distance
97218 vertices at 1 distance
66703 vertices at 2 distance
27079 vertices at 3 distance
10349 vertices at 4 distance
4058 vertices at 5 distance
1689 vertices at 6 distance
698 vertices at 7 distance
373 vertices at 8 distance
270 vertices at 9 distance
146 vertices at 10 distance
93 vertices at 11 distance
71 vertices at 12 distance
44 vertices at 13 distance
45 vertices at 14 distance
37 vertices at 15 distance
42 vertices at 16 distance
20 vertices at 17 distance
20 vertices at 18 distance
18 vertices at 19 distance
19 vertices at 20 distance
writing curvature file ../surf/rh.thickness
#@# area and vertex vol rh Fri Mar 13 06:16:52 CET 2026
cd /out/sourcedata/freesurfer/sub-v2s4x29587_ses-1/mri
mris_place_surface --thickness ../surf/rh.white ../surf/rh.pial 20 5 ../surf/rh.thickness
/out/sourcedata/freesurfer/sub-v2s4x29587_ses-1/surf
mris_calc -o rh.area.mid rh.area add rh.area.pial
Saving result to 'rh.area.mid' (type = MRI_CURV_FILE)                       [ ok ]
mris_calc -o rh.area.mid rh.area.mid div 2
Saving result to 'rh.area.mid' (type = MRI_CURV_FILE)                       [ ok ]
mris_convert --volume sub-v2s4x29587_ses-1 rh /out/sourcedata/freesurfer/sub-v2s4x29587_ses-1/surf/rh.volume
masking with /out/sourcedata/freesurfer/sub-v2s4x29587_ses-1/label/rh.cortex.label
Total face volume 276836
Total vertex volume 276594 (mask=0)
#@# sub-v2s4x29587_ses-1 rh 276594
 
vertexvol Done

#-----------------------------------------
#@# Curvature Stats rh Fri Mar 13 06:16:53 CET 2026
/out/sourcedata/freesurfer/sub-v2s4x29587_ses-1/surf

 mris_curvature_stats -m --writeCurvatureFiles -G -o ../stats/rh.curv.stats -F smoothwm sub-v2s4x29587_ses-1 rh curv sulc 

             Toggling save flag on curvature files                       [ ok ]
                 Outputting results using filestem   [ ../stats/rh.curv.stats ]
             Toggling save flag on curvature files                       [ ok ]
                                   Setting surface [ sub-v2s4x29587_ses-1/rh.smoothwm ]
                                Reading surface...                       [ ok ]
                                   Setting texture                     [ curv ]
                                Reading texture...                       [ ok ]
                                   Setting texture                     [ sulc ]
                                Reading texture...Gb_filter = 0
                       [ ok ]
      Calculating Discrete Principal Curvatures...
      Determining geometric order for vno faces... [####################] [ ok ]
                      Determining KH curvatures... [####################] [ ok ]
                    Determining k1k2 curvatures... [####################] [ ok ]
                                   deltaViolations                      [ 229 ]
Gb_filter = 0

WARN:    S lookup   min:                          -0.025259
WARN:    S explicit min:                          0.000000	vertex = 387
#-----------------------------------------
#@# Cortical Parc 2 rh Fri Mar 13 06:16:55 CET 2026
/out/sourcedata/freesurfer/sub-v2s4x29587_ses-1/scripts

 mris_ca_label -l ../label/rh.cortex.label -aseg ../mri/aseg.presurf.mgz -seed 1234 sub-v2s4x29587_ses-1 rh ../surf/rh.sphere.reg /opt/freesurfer/average/rh.CDaparc.atlas.acfb40.noaparc.i12.2016-08-02.gcs ../label/rh.aparc.a2009s.annot 

setting seed for random number generator to 1234
using ../mri/aseg.presurf.mgz aseg volume to correct midline
7.3.2
  7.3.2
reading atlas from /opt/freesurfer/average/rh.CDaparc.atlas.acfb40.noaparc.i12.2016-08-02.gcs...
reading color table from GCSA file....
average std = 1.4   using min determinant for regularization = 0.021
0 singular and 0 ill-conditioned covariance matrices regularized
input 0: MEAN CURVATURE, flags 0, avgs 5, name mean_curvature
labeling surface...
18 labels changed using aseg
relabeling using gibbs priors...
000:   8677 changed, 129562 examined...
001:   1901 changed, 33795 examined...
002:    556 changed, 10282 examined...
003:    236 changed, 3150 examined...
004:    106 changed, 1414 examined...
005:     55 changed, 643 examined...
006:     36 changed, 307 examined...
007:     19 changed, 188 examined...
008:      8 changed, 101 examined...
009:      7 changed, 47 examined...
010:      7 changed, 37 examined...
011:      3 changed, 37 examined...
012:      4 changed, 18 examined...
013:      2 changed, 18 examined...
014:      0 changed, 11 examined...
3 labels changed using aseg
000: 227 total segments, 136 labels (2007 vertices) changed
001: 101 total segments, 12 labels (155 vertices) changed
002: 89 total segments, 0 labels (0 vertices) changed
10 filter iterations complete (10 requested, 15 changed)
rationalizing unknown annotations with cortex label
relabeling Medial_wall label...
984 vertices marked for relabeling...
984 labels changed in reclassification.
writing output to ../label/rh.aparc.a2009s.annot...
classification took 0 minutes and 12 seconds.
#-----------------------------------------
#@# Cortical Parc 3 rh Fri Mar 13 06:17:07 CET 2026
/out/sourcedata/freesurfer/sub-v2s4x29587_ses-1/scripts

 mris_ca_label -l ../label/rh.cortex.label -aseg ../mri/aseg.presurf.mgz -seed 1234 sub-v2s4x29587_ses-1 rh ../surf/rh.sphere.reg /opt/freesurfer/average/rh.DKTaparc.atlas.acfb40.noaparc.i12.2016-08-02.gcs ../label/rh.aparc.DKTatlas.annot 

setting seed for random number generator to 1234
using ../mri/aseg.presurf.mgz aseg volume to correct midline
7.3.2
  7.3.2
reading atlas from /opt/freesurfer/average/rh.DKTaparc.atlas.acfb40.noaparc.i12.2016-08-02.gcs...
reading color table from GCSA file....
average std = 0.9   using min determinant for regularization = 0.009
0 singular and 325 ill-conditioned covariance matrices regularized
input 0: MEAN CURVATURE, flags 0, avgs 5, name mean_curvature
labeling surface...
1653 labels changed using aseg
relabeling using gibbs priors...
000:   1861 changed, 129562 examined...
001:    453 changed, 8834 examined...
002:    138 changed, 2583 examined...
003:     64 changed, 807 examined...
004:     35 changed, 372 examined...
005:     17 changed, 183 examined...
006:     10 changed, 98 examined...
007:      8 changed, 62 examined...
008:      3 changed, 43 examined...
009:      0 changed, 16 examined...
218 labels changed using aseg
000: 41 total segments, 8 labels (53 vertices) changed
001: 33 total segments, 0 labels (0 vertices) changed
10 filter iterations complete (10 requested, 4 changed)
rationalizing unknown annotations with cortex label
relabeling unknown label...
relabeling corpuscallosum label...
742 vertices marked for relabeling...
742 labels changed in reclassification.
writing output to ../label/rh.aparc.DKTatlas.annot...
classification took 0 minutes and 9 seconds.
#-----------------------------------------
#@# WM/GM Contrast rh Fri Mar 13 06:17:16 CET 2026
/out/sourcedata/freesurfer/sub-v2s4x29587_ses-1/scripts

 pctsurfcon --s sub-v2s4x29587_ses-1 --rh-only 

Log file is /out/sourcedata/freesurfer/sub-v2s4x29587_ses-1/scripts/pctsurfcon.log
Fri Mar 13 06:17:16 CET 2026
setenv SUBJECTS_DIR /out/sourcedata/freesurfer
cd /out/sourcedata/freesurfer/sub-v2s4x29587_ses-1/scripts
/opt/freesurfer/bin/pctsurfcon
pctsurfcon 7.3.2
Linux dna061 5.14.0-427.37.1.el9_4.x86_64 #1 SMP PREEMPT_DYNAMIC Fri Sep 13 12:41:50 EDT 2024 x86_64 x86_64 x86_64 GNU/Linux
FREESURFER_HOME /opt/freesurfer
mri_vol2surf --mov /out/sourcedata/freesurfer/sub-v2s4x29587_ses-1/mri/rawavg.mgz --hemi rh --noreshape --interp trilinear --projdist -1 --o /out/sourcedata/freesurfer/sub-v2s4x29587_ses-1/surf/tmp.pctsurfcon.134693/rh.wm.mgh --regheader sub-v2s4x29587_ses-1 --cortex
srcvol = /out/sourcedata/freesurfer/sub-v2s4x29587_ses-1/mri/rawavg.mgz
srcreg unspecified
srcregold = 0
srcwarp unspecified
surf = white
hemi = rh
ProjDist = -1
reshape = 0
interp = trilinear
float2int = round
GetProjMax = 0
INFO: float2int code = 0
Done loading volume
Computing registration from header.
  Using /out/sourcedata/freesurfer/sub-v2s4x29587_ses-1/mri/orig.mgz as target reference.
-------- original matrix -----------
-0.99875   0.01803   0.04661   0.00000;
 0.04660  -0.00084   0.99891   0.00000;
-0.01805  -0.99984  -0.00000  -0.00005;
 0.00000   0.00000   0.00000   1.00000;
-------- original matrix -----------
Loading label /out/sourcedata/freesurfer/sub-v2s4x29587_ses-1/label/rh.cortex.label
Reading surface /out/sourcedata/freesurfer/sub-v2s4x29587_ses-1/surf/rh.white
Done reading source surface
Mapping Source Volume onto Source Subject Surface
Projecting -1 -1 1
 1 -1 -1 -1
using old
Done mapping volume to surface
Number of source voxels hit = 79536
Masking with /out/sourcedata/freesurfer/sub-v2s4x29587_ses-1/label/rh.cortex.label
Writing to /out/sourcedata/freesurfer/sub-v2s4x29587_ses-1/surf/tmp.pctsurfcon.134693/rh.wm.mgh
Dim: 129562 1 1
mri_vol2surf --mov /out/sourcedata/freesurfer/sub-v2s4x29587_ses-1/mri/rawavg.mgz --hemi rh --noreshape --interp trilinear --o /out/sourcedata/freesurfer/sub-v2s4x29587_ses-1/surf/tmp.pctsurfcon.134693/rh.gm.mgh --projfrac 0.3 --regheader sub-v2s4x29587_ses-1 --cortex
srcvol = /out/sourcedata/freesurfer/sub-v2s4x29587_ses-1/mri/rawavg.mgz
srcreg unspecified
srcregold = 0
srcwarp unspecified
surf = white
hemi = rh
ProjFrac = 0.3
thickness = thickness
reshape = 0
interp = trilinear
float2int = round
GetProjMax = 0
INFO: float2int code = 0
Done loading volume
Computing registration from header.
  Using /out/sourcedata/freesurfer/sub-v2s4x29587_ses-1/mri/orig.mgz as target reference.
-------- original matrix -----------
-0.99875   0.01803   0.04661   0.00000;
 0.04660  -0.00084   0.99891   0.00000;
-0.01805  -0.99984  -0.00000  -0.00005;
 0.00000   0.00000   0.00000   1.00000;
-------- original matrix -----------
Loading label /out/sourcedata/freesurfer/sub-v2s4x29587_ses-1/label/rh.cortex.label
Reading surface /out/sourcedata/freesurfer/sub-v2s4x29587_ses-1/surf/rh.white
Done reading source surface
Reading thickness /out/sourcedata/freesurfer/sub-v2s4x29587_ses-1/surf/rh.thickness
Done
Mapping Source Volume onto Source Subject Surface
Projecting 0.3 0.3 1
 1 0.3 0.3 0.3
using old
Done mapping volume to surface
Number of source voxels hit = 92616
Masking with /out/sourcedata/freesurfer/sub-v2s4x29587_ses-1/label/rh.cortex.label
Writing to /out/sourcedata/freesurfer/sub-v2s4x29587_ses-1/surf/tmp.pctsurfcon.134693/rh.gm.mgh
Dim: 129562 1 1
mri_concat /out/sourcedata/freesurfer/sub-v2s4x29587_ses-1/surf/tmp.pctsurfcon.134693/rh.wm.mgh /out/sourcedata/freesurfer/sub-v2s4x29587_ses-1/surf/tmp.pctsurfcon.134693/rh.gm.mgh --paired-diff-norm --mul 100 --o /out/sourcedata/freesurfer/sub-v2s4x29587_ses-1/surf/rh.w-g.pct.mgh
ninputs = 2
Checking inputs
nframestot = 2
Allocing output
Done allocing
Combining pairs
nframes = 1
Multiplying by 100.000000
Writing to /out/sourcedata/freesurfer/sub-v2s4x29587_ses-1/surf/rh.w-g.pct.mgh
mri_segstats --in /out/sourcedata/freesurfer/sub-v2s4x29587_ses-1/surf/rh.w-g.pct.mgh --annot sub-v2s4x29587_ses-1 rh aparc --sum /out/sourcedata/freesurfer/sub-v2s4x29587_ses-1/stats/rh.w-g.pct.stats --snr

7.3.2
cwd 
cmdline mri_segstats --in /out/sourcedata/freesurfer/sub-v2s4x29587_ses-1/surf/rh.w-g.pct.mgh --annot sub-v2s4x29587_ses-1 rh aparc --sum /out/sourcedata/freesurfer/sub-v2s4x29587_ses-1/stats/rh.w-g.pct.stats --snr 
sysname  Linux
hostname dna061
machine  x86_64
user     oesteban
whitesurfname  white
UseRobust  0
Constructing seg from annotation

Reading annotation /out/sourcedata/freesurfer/sub-v2s4x29587_ses-1/label/rh.aparc.annot
Seg base 2000
Loading /out/sourcedata/freesurfer/sub-v2s4x29587_ses-1/surf/rh.w-g.pct.mgh
Vertex Area is 0.693165 mm^3
Generating list of segmentation ids
Found  36 segmentations
Computing statistics for each segmentation

Reporting on  35 segmentations
Using PrintSegStat
mri_segstats done
Cleaning up

Started at Fri Mar 13 05:55:09 CET 2026 
Ended   at Fri Mar 13 06:17:19 CET 2026
#@#%# recon-all-run-time-hours 0.369
recon-all -s sub-v2s4x29587_ses-1 finished without error at Fri Mar 13 06:17:19 CET 2026



#New# invocation of recon-all 




Fri Mar 13 06:24:25 CET 2026
cd /out/sourcedata/freesurfer/sub-v2s4x29587_ses-1
setenv SUBJECTS_DIR /out/sourcedata/freesurfer
/opt/freesurfer/bin/recon-all -autorecon-hemi rh -nohyporelabel -rh-only -openmp 16 -subjid sub-v2s4x29587_ses-1 -sd /out/sourcedata/freesurfer -notessellate -nosmooth1 -noinflate1 -noqsphere -nofix -nowhite -nosmooth2 -noinflate2 -nocurvHK -nocurvstats -nosphere -nosurfreg -nojacobian_white -noavgcurv -nocortparc -nopial -nocortparc2 -nocortparc3 -nopctsurfcon

subjid sub-v2s4x29587_ses-1
setenv SUBJECTS_DIR /out/sourcedata/freesurfer
FREESURFER_HOME /opt/freesurfer
Actual FREESURFER_HOME /opt/freesurfer
build-stamp.txt: freesurfer-linux-ubuntu22_x86_64-7.3.2-20220804-6354275
Linux dna061 5.14.0-427.37.1.el9_4.x86_64 #1 SMP PREEMPT_DYNAMIC Fri Sep 13 12:41:50 EDT 2024 x86_64 x86_64 x86_64 GNU/Linux
cputime      unlimited
filesize     unlimited
datasize     unlimited
stacksize    8192 kbytes
coredumpsize 0 kbytes
memoryuse    67108864 kbytes
vmemoryuse   unlimited
descriptors  1024 
memorylocked unlimited
maxproc      2061970 
maxlocks     unlimited
maxsignal    2061970 
maxmessage   819200 
maxnice      0 
maxrtprio    0 
maxrttime    unlimited

               total        used        free      shared  buff/cache   available
Mem:           503Gi        56Gi       322Gi        25Gi       124Gi       417Gi
Swap:             0B          0B          0B

########################################
program versions used
7.3.2 (freesurfer-linux-ubuntu22_x86_64-7.3.2-20220804-6354275)
7.3.2

ProgramName: lta_convert  ProgramArguments: lta_convert -all-info  ProgramVersion: 7.3.2  TimeStamp: 2026/03/13-05:24:25-GMT  BuildTime: Aug  4 2022 06:17:15  BuildStamp: freesurfer-linux-ubuntu22_x86_64-7.3.2-20220804-6354275  User: oesteban  Machine: dna061  Platform: Linux  PlatformVersion: 5.14.0-427.37.1.el9_4.x86_64  CompilerName: GCC  CompilerVersion: 8.4.0
ProgramName: mri_and  ProgramArguments: mri_and -all-info  ProgramVersion: 7.3.2  TimeStamp: 2026/03/13-05:24:25-GMT  BuildTime: Aug  4 2022 06:17:15  BuildStamp: freesurfer-linux-ubuntu22_x86_64-7.3.2-20220804-6354275  User: oesteban  Machine: dna061  Platform: Linux  PlatformVersion: 5.14.0-427.37.1.el9_4.x86_64  CompilerName: GCC  CompilerVersion: 8.4.0
ProgramName: mri_annotation2label  ProgramArguments: mri_annotation2label -all-info  ProgramVersion: 7.3.2  TimeStamp: 2026/03/13-05:24:25-GMT  BuildTime: Aug  4 2022 06:17:15  BuildStamp: freesurfer-linux-ubuntu22_x86_64-7.3.2-20220804-6354275  User: oesteban  Machine: dna061  Platform: Linux  PlatformVersion: 5.14.0-427.37.1.el9_4.x86_64  CompilerName: GCC  CompilerVersion: 8.4.0
ProgramName: mri_aparc2aseg  ProgramArguments: mri_aparc2aseg -all-info  ProgramVersion: 7.3.2  TimeStamp: 2026/03/13-05:24:25-GMT  BuildTime: Aug  4 2022 06:17:15  BuildStamp: freesurfer-linux-ubuntu22_x86_64-7.3.2-20220804-6354275  User: oesteban  Machine: dna061  Platform: Linux  PlatformVersion: 5.14.0-427.37.1.el9_4.x86_64  CompilerName: GCC  CompilerVersion: 8.4.0
ProgramName: mri_surf2volseg  ProgramArguments: mri_surf2volseg -all-info  ProgramVersion: 7.3.2  TimeStamp: 2026/03/13-05:24:25-GMT  BuildTime: Aug  4 2022 06:17:15  BuildStamp: freesurfer-linux-ubuntu22_x86_64-7.3.2-20220804-6354275  User: oesteban  Machine: dna061  Platform: Linux  PlatformVersion: 5.14.0-427.37.1.el9_4.x86_64  CompilerName: GCC  CompilerVersion: 8.4.0
ProgramName: mri_binarize  ProgramArguments: mri_binarize -all-info  ProgramVersion: 7.3.2  TimeStamp: 2026/03/13-05:24:25-GMT  BuildTime: Aug  4 2022 06:17:15  BuildStamp: freesurfer-linux-ubuntu22_x86_64-7.3.2-20220804-6354275  User: oesteban  Machine: dna061  Platform: Linux  PlatformVersion: 5.14.0-427.37.1.el9_4.x86_64  CompilerName: GCC  CompilerVersion: 8.4.0
ProgramName: mri_ca_label  ProgramArguments: mri_ca_label -all-info  ProgramVersion: 7.3.2  TimeStamp: 2026/03/13-05:24:25-GMT  BuildTime: Aug  4 2022 06:17:15  BuildStamp: freesurfer-linux-ubuntu22_x86_64-7.3.2-20220804-6354275  User: oesteban  Machine: dna061  Platform: Linux  PlatformVersion: 5.14.0-427.37.1.el9_4.x86_64  CompilerName: GCC  CompilerVersion: 8.4.0
ProgramName: mri_ca_normalize  ProgramArguments: mri_ca_normalize -all-info  ProgramVersion: 7.3.2  TimeStamp: 2026/03/13-05:24:25-GMT  BuildTime: Aug  4 2022 06:17:15  BuildStamp: freesurfer-linux-ubuntu22_x86_64-7.3.2-20220804-6354275  User: oesteban  Machine: dna061  Platform: Linux  PlatformVersion: 5.14.0-427.37.1.el9_4.x86_64  CompilerName: GCC  CompilerVersion: 8.4.0
ProgramName: mri_ca_register  ProgramArguments: mri_ca_register -all-info  ProgramVersion: 7.3.2  TimeStamp: 2026/03/13-05:24:25-GMT  BuildTime: Aug  4 2022 06:17:15  BuildStamp: freesurfer-linux-ubuntu22_x86_64-7.3.2-20220804-6354275  User: oesteban  Machine: dna061  Platform: Linux  PlatformVersion: 5.14.0-427.37.1.el9_4.x86_64  CompilerName: GCC  CompilerVersion: 8.4.0
ProgramName: mri_cc  ProgramArguments: mri_cc -all-info  ProgramVersion: 7.3.2  TimeStamp: 2026/03/13-05:24:25-GMT  BuildTime: Aug  4 2022 06:17:15  BuildStamp: freesurfer-linux-ubuntu22_x86_64-7.3.2-20220804-6354275  User: oesteban  Machine: dna061  Platform: Linux  PlatformVersion: 5.14.0-427.37.1.el9_4.x86_64  CompilerName: GCC  CompilerVersion: 8.4.0
ProgramName: mri_compute_overlap  ProgramArguments: mri_compute_overlap -all-info  ProgramVersion: 7.3.2  TimeStamp: 2026/03/13-05:24:25-GMT  BuildTime: Aug  4 2022 06:17:15  BuildStamp: freesurfer-linux-ubuntu22_x86_64-7.3.2-20220804-6354275  User: oesteban  Machine: dna061  Platform: Linux  PlatformVersion: 5.14.0-427.37.1.el9_4.x86_64  CompilerName: GCC  CompilerVersion: 8.4.0
ProgramName: mri_compute_seg_overlap  ProgramArguments: mri_compute_seg_overlap -all-info  ProgramVersion: 7.3.2  TimeStamp: 2026/03/13-05:24:25-GMT  BuildTime: Aug  4 2022 06:17:15  BuildStamp: freesurfer-linux-ubuntu22_x86_64-7.3.2-20220804-6354275  User: oesteban  Machine: dna061  Platform: Linux  PlatformVersion: 5.14.0-427.37.1.el9_4.x86_64  CompilerName: GCC  CompilerVersion: 8.4.0
ProgramName: mri_concat  ProgramArguments: mri_concat -all-info  ProgramVersion: 7.3.2  TimeStamp: 2026/03/13-05:24:25-GMT  BuildTime: Aug  4 2022 06:17:15  BuildStamp: freesurfer-linux-ubuntu22_x86_64-7.3.2-20220804-6354275  User: oesteban  Machine: dna061  Platform: Linux  PlatformVersion: 5.14.0-427.37.1.el9_4.x86_64  CompilerName: GCC  CompilerVersion: 8.4.0
ProgramName: mri_concatenate_lta  ProgramArguments: mri_concatenate_lta -all-info  ProgramVersion: 7.3.2  TimeStamp: 2026/03/13-05:24:25-GMT  BuildTime: Aug  4 2022 06:17:15  BuildStamp: freesurfer-linux-ubuntu22_x86_64-7.3.2-20220804-6354275  User: oesteban  Machine: dna061  Platform: Linux  PlatformVersion: 5.14.0-427.37.1.el9_4.x86_64  CompilerName: GCC  CompilerVersion: 8.4.0
mri_convert -all-info 
ProgramName: mri_convert  ProgramArguments: mri_convert -all-info  ProgramVersion: 7.3.2  TimeStamp: 2026/03/13-05:24:25-GMT  BuildTime: Aug  4 2022 06:17:15  BuildStamp: freesurfer-linux-ubuntu22_x86_64-7.3.2-20220804-6354275  User: oesteban  Machine: dna061  Platform: Linux  PlatformVersion: 5.14.0-427.37.1.el9_4.x86_64  CompilerName: GCC  CompilerVersion: 8.4.0
ProgramName: mri_diff  ProgramArguments: mri_diff -all-info  ProgramVersion: 7.3.2  TimeStamp: 2026/03/13-05:24:25-GMT  BuildTime: Aug  4 2022 06:17:15  BuildStamp: freesurfer-linux-ubuntu22_x86_64-7.3.2-20220804-6354275  User: oesteban  Machine: dna061  Platform: Linux  PlatformVersion: 5.14.0-427.37.1.el9_4.x86_64  CompilerName: GCC  CompilerVersion: 8.4.0
ProgramName: mri_edit_wm_with_aseg  ProgramArguments: mri_edit_wm_with_aseg -all-info  ProgramVersion: 7.3.2  TimeStamp: 2026/03/13-05:24:25-GMT  BuildTime: Aug  4 2022 06:17:15  BuildStamp: freesurfer-linux-ubuntu22_x86_64-7.3.2-20220804-6354275  User: oesteban  Machine: dna061  Platform: Linux  PlatformVersion: 5.14.0-427.37.1.el9_4.x86_64  CompilerName: GCC  CompilerVersion: 8.4.0
ProgramName: mri_em_register  ProgramArguments: mri_em_register -all-info  ProgramVersion: 7.3.2  TimeStamp: 2026/03/13-05:24:25-GMT  BuildTime: Aug  4 2022 06:17:15  BuildStamp: freesurfer-linux-ubuntu22_x86_64-7.3.2-20220804-6354275  User: oesteban  Machine: dna061  Platform: Linux  PlatformVersion: 5.14.0-427.37.1.el9_4.x86_64  CompilerName: GCC  CompilerVersion: 8.4.0
ProgramName: mri_fill  ProgramArguments: mri_fill -all-info  ProgramVersion: 7.3.2  TimeStamp: 2026/03/13-05:24:25-GMT  BuildTime: Aug  4 2022 06:17:15  BuildStamp: freesurfer-linux-ubuntu22_x86_64-7.3.2-20220804-6354275  User: oesteban  Machine: dna061  Platform: Linux  PlatformVersion: 5.14.0-427.37.1.el9_4.x86_64  CompilerName: GCC  CompilerVersion: 8.4.0
ProgramName: mri_fuse_segmentations  ProgramArguments: mri_fuse_segmentations -all-info  ProgramVersion: 7.3.2  TimeStamp: 2026/03/13-05:24:25-GMT  BuildTime: Aug  4 2022 06:17:15  BuildStamp: freesurfer-linux-ubuntu22_x86_64-7.3.2-20220804-6354275  User: oesteban  Machine: dna061  Platform: Linux  PlatformVersion: 5.14.0-427.37.1.el9_4.x86_64  CompilerName: GCC  CompilerVersion: 8.4.0
ProgramName: mri_fwhm  ProgramArguments: mri_fwhm -all-info  ProgramVersion: 7.3.2  TimeStamp: 2026/03/13-05:24:25-GMT  BuildTime: Aug  4 2022 06:17:15  BuildStamp: freesurfer-linux-ubuntu22_x86_64-7.3.2-20220804-6354275  User: oesteban  Machine: dna061  Platform: Linux  PlatformVersion: 5.14.0-427.37.1.el9_4.x86_64  CompilerName: GCC  CompilerVersion: 8.4.0
ProgramName: mri_gcut  ProgramArguments: mri_gcut -all-info  ProgramVersion: 7.3.2  TimeStamp: 2026/03/13-05:24:25-GMT  BuildTime: Aug  4 2022 06:17:15  BuildStamp: freesurfer-linux-ubuntu22_x86_64-7.3.2-20220804-6354275  User: oesteban  Machine: dna061  Platform: Linux  PlatformVersion: 5.14.0-427.37.1.el9_4.x86_64  CompilerName: GCC  CompilerVersion: 8.4.0
ProgramName: mri_info  ProgramArguments: mri_info -all-info  ProgramVersion: 7.3.2  TimeStamp: 2026/03/13-05:24:25-GMT  BuildTime: Aug  4 2022 06:17:15  BuildStamp: freesurfer-linux-ubuntu22_x86_64-7.3.2-20220804-6354275  User: oesteban  Machine: dna061  Platform: Linux  PlatformVersion: 5.14.0-427.37.1.el9_4.x86_64  CompilerName: GCC  CompilerVersion: 8.4.0
ProgramName: mri_label2label  ProgramArguments: mri_label2label -all-info  ProgramVersion: 7.3.2  TimeStamp: 2026/03/13-05:24:25-GMT  BuildTime: Aug  4 2022 06:17:15  BuildStamp: freesurfer-linux-ubuntu22_x86_64-7.3.2-20220804-6354275  User: oesteban  Machine: dna061  Platform: Linux  PlatformVersion: 5.14.0-427.37.1.el9_4.x86_64  CompilerName: GCC  CompilerVersion: 8.4.0
ProgramName: mri_label2vol  ProgramArguments: mri_label2vol -all-info  ProgramVersion: 7.3.2  TimeStamp: 2026/03/13-05:24:25-GMT  BuildTime: Aug  4 2022 06:17:15  BuildStamp: freesurfer-linux-ubuntu22_x86_64-7.3.2-20220804-6354275  User: oesteban  Machine: dna061  Platform: Linux  PlatformVersion: 5.14.0-427.37.1.el9_4.x86_64  CompilerName: GCC  CompilerVersion: 8.4.0
ProgramName: mri_log_likelihood  ProgramArguments: mri_log_likelihood -all-info  ProgramVersion: 7.3.2  TimeStamp: 2026/03/13-05:24:25-GMT  BuildTime: Aug  4 2022 06:17:15  BuildStamp: freesurfer-linux-ubuntu22_x86_64-7.3.2-20220804-6354275  User: oesteban  Machine: dna061  Platform: Linux  PlatformVersion: 5.14.0-427.37.1.el9_4.x86_64  CompilerName: GCC  CompilerVersion: 8.4.0
ProgramName: mri_mask  ProgramArguments: mri_mask -all-info  ProgramVersion: 7.3.2  TimeStamp: 2026/03/13-05:24:25-GMT  BuildTime: Aug  4 2022 06:17:15  BuildStamp: freesurfer-linux-ubuntu22_x86_64-7.3.2-20220804-6354275  User: oesteban  Machine: dna061  Platform: Linux  PlatformVersion: 5.14.0-427.37.1.el9_4.x86_64  CompilerName: GCC  CompilerVersion: 8.4.0
ProgramName: mri_matrix_multiply  ProgramArguments: mri_matrix_multiply -all-info  ProgramVersion: 7.3.2  TimeStamp: 2026/03/13-05:24:25-GMT  BuildTime: Aug  4 2022 06:17:15  BuildStamp: freesurfer-linux-ubuntu22_x86_64-7.3.2-20220804-6354275  User: oesteban  Machine: dna061  Platform: Linux  PlatformVersion: 5.14.0-427.37.1.el9_4.x86_64  CompilerName: GCC  CompilerVersion: 8.4.0
ProgramName: mri_normalize  ProgramArguments: mri_normalize -all-info  ProgramVersion: 7.3.2  TimeStamp: 2026/03/13-05:24:25-GMT  BuildTime: Aug  4 2022 06:17:15  BuildStamp: freesurfer-linux-ubuntu22_x86_64-7.3.2-20220804-6354275  User: oesteban  Machine: dna061  Platform: Linux  PlatformVersion: 5.14.0-427.37.1.el9_4.x86_64  CompilerName: GCC  CompilerVersion: 8.4.0
ProgramName: mri_normalize_tp2  ProgramArguments: mri_normalize_tp2 -all-info  ProgramVersion: 7.3.2  TimeStamp: 2026/03/13-05:24:25-GMT  BuildTime: Aug  4 2022 06:17:15  BuildStamp: freesurfer-linux-ubuntu22_x86_64-7.3.2-20220804-6354275  User: oesteban  Machine: dna061  Platform: Linux  PlatformVersion: 5.14.0-427.37.1.el9_4.x86_64  CompilerName: GCC  CompilerVersion: 8.4.0
ProgramName: mri_or  ProgramArguments: mri_or -all-info  ProgramVersion: 7.3.2  TimeStamp: 2026/03/13-05:24:25-GMT  BuildTime: Aug  4 2022 06:17:15  BuildStamp: freesurfer-linux-ubuntu22_x86_64-7.3.2-20220804-6354275  User: oesteban  Machine: dna061  Platform: Linux  PlatformVersion: 5.14.0-427.37.1.el9_4.x86_64  CompilerName: GCC  CompilerVersion: 8.4.0
ProgramName: mri_relabel_hypointensities  ProgramArguments: mri_relabel_hypointensities -all-info  ProgramVersion: 7.3.2  TimeStamp: 2026/03/13-05:24:25-GMT  BuildTime: Aug  4 2022 06:17:15  BuildStamp: freesurfer-linux-ubuntu22_x86_64-7.3.2-20220804-6354275  User: oesteban  Machine: dna061  Platform: Linux  PlatformVersion: 5.14.0-427.37.1.el9_4.x86_64  CompilerName: GCC  CompilerVersion: 8.4.0
ProgramName: mri_relabel_nonwm_hypos  ProgramArguments: mri_relabel_nonwm_hypos -all-info  ProgramVersion: 7.3.2  TimeStamp: 2026/03/13-05:24:25-GMT  BuildTime: Aug  4 2022 06:17:15  BuildStamp: freesurfer-linux-ubuntu22_x86_64-7.3.2-20220804-6354275  User: oesteban  Machine: dna061  Platform: Linux  PlatformVersion: 5.14.0-427.37.1.el9_4.x86_64  CompilerName: GCC  CompilerVersion: 8.4.0
ProgramName: mri_remove_neck  ProgramArguments: mri_remove_neck -all-info  ProgramVersion: 7.3.2  TimeStamp: 2026/03/13-05:24:25-GMT  BuildTime: Aug  4 2022 06:17:15  BuildStamp: freesurfer-linux-ubuntu22_x86_64-7.3.2-20220804-6354275  User: oesteban  Machine: dna061  Platform: Linux  PlatformVersion: 5.14.0-427.37.1.el9_4.x86_64  CompilerName: GCC  CompilerVersion: 8.4.0
7.3.2

ProgramName: mri_robust_register  ProgramArguments: mri_robust_register -all-info  ProgramVersion: 7.3.2  TimeStamp: 2026/03/13-05:24:25-GMT  BuildTime: Aug  4 2022 06:17:15  BuildStamp: freesurfer-linux-ubuntu22_x86_64-7.3.2-20220804-6354275  User: oesteban  Machine: dna061  Platform: Linux  PlatformVersion: 5.14.0-427.37.1.el9_4.x86_64  CompilerName: GCC  CompilerVersion: 8.4.0
7.3.2

ProgramName: mri_robust_template  ProgramArguments: mri_robust_template -all-info  ProgramVersion: 7.3.2  TimeStamp: 2026/03/13-05:24:25-GMT  BuildTime: Aug  4 2022 06:17:15  BuildStamp: freesurfer-linux-ubuntu22_x86_64-7.3.2-20220804-6354275  User: oesteban  Machine: dna061  Platform: Linux  PlatformVersion: 5.14.0-427.37.1.el9_4.x86_64  CompilerName: GCC  CompilerVersion: 8.4.0
ProgramName: mris_anatomical_stats  ProgramArguments: mris_anatomical_stats -all-info  ProgramVersion: 7.3.2  TimeStamp: 2026/03/13-05:24:25-GMT  BuildTime: Aug  4 2022 06:17:15  BuildStamp: freesurfer-linux-ubuntu22_x86_64-7.3.2-20220804-6354275  User: oesteban  Machine: dna061  Platform: Linux  PlatformVersion: 5.14.0-427.37.1.el9_4.x86_64  CompilerName: GCC  CompilerVersion: 8.4.0
ProgramName: mris_ca_label  ProgramArguments: mris_ca_label -all-info  ProgramVersion: 7.3.2  TimeStamp: 2026/03/13-05:24:25-GMT  BuildTime: Aug  4 2022 06:17:15  BuildStamp: freesurfer-linux-ubuntu22_x86_64-7.3.2-20220804-6354275  User: oesteban  Machine: dna061  Platform: Linux  PlatformVersion: 5.14.0-427.37.1.el9_4.x86_64  CompilerName: GCC  CompilerVersion: 8.4.0
ProgramName: mris_calc  ProgramArguments: mris_calc -all-info  ProgramVersion: 7.3.2  TimeStamp: 2026/03/13-05:24:25-GMT  BuildTime: Aug  4 2022 06:17:15  BuildStamp: freesurfer-linux-ubuntu22_x86_64-7.3.2-20220804-6354275  User: oesteban  Machine: dna061  Platform: Linux  PlatformVersion: 5.14.0-427.37.1.el9_4.x86_64  CompilerName: GCC  CompilerVersion: 8.4.0
ProgramName: mris_convert  ProgramArguments: mris_convert -all-info  ProgramVersion: 7.3.2  TimeStamp: 2026/03/13-05:24:25-GMT  BuildTime: Aug  4 2022 06:17:15  BuildStamp: freesurfer-linux-ubuntu22_x86_64-7.3.2-20220804-6354275  User: oesteban  Machine: dna061  Platform: Linux  PlatformVersion: 5.14.0-427.37.1.el9_4.x86_64  CompilerName: GCC  CompilerVersion: 8.4.0
ProgramName: mris_curvature  ProgramArguments: mris_curvature -all-info  ProgramVersion: 7.3.2  TimeStamp: 2026/03/13-05:24:25-GMT  BuildTime: Aug  4 2022 06:17:15  BuildStamp: freesurfer-linux-ubuntu22_x86_64-7.3.2-20220804-6354275  User: oesteban  Machine: dna061  Platform: Linux  PlatformVersion: 5.14.0-427.37.1.el9_4.x86_64  CompilerName: GCC  CompilerVersion: 8.4.0
ProgramName: mris_curvature_stats  ProgramArguments: mris_curvature_stats -all-info  ProgramVersion: 7.3.2  TimeStamp: 2026/03/13-05:24:25-GMT  BuildTime: Aug  4 2022 06:17:15  BuildStamp: freesurfer-linux-ubuntu22_x86_64-7.3.2-20220804-6354275  User: oesteban  Machine: dna061  Platform: Linux  PlatformVersion: 5.14.0-427.37.1.el9_4.x86_64  CompilerName: GCC  CompilerVersion: 8.4.0
ProgramName: mris_diff  ProgramArguments: mris_diff -all-info  ProgramVersion: 7.3.2  TimeStamp: 2026/03/13-05:24:25-GMT  BuildTime: Aug  4 2022 06:17:15  BuildStamp: freesurfer-linux-ubuntu22_x86_64-7.3.2-20220804-6354275  User: oesteban  Machine: dna061  Platform: Linux  PlatformVersion: 5.14.0-427.37.1.el9_4.x86_64  CompilerName: GCC  CompilerVersion: 8.4.0
ProgramName: mris_divide_parcellation  ProgramArguments: mris_divide_parcellation -all-info  ProgramVersion: 7.3.2  TimeStamp: 2026/03/13-05:24:25-GMT  BuildTime: Aug  4 2022 06:17:15  BuildStamp: freesurfer-linux-ubuntu22_x86_64-7.3.2-20220804-6354275  User: oesteban  Machine: dna061  Platform: Linux  PlatformVersion: 5.14.0-427.37.1.el9_4.x86_64  CompilerName: GCC  CompilerVersion: 8.4.0
ProgramName: mri_segment  ProgramArguments: mri_segment -all-info  ProgramVersion: 7.3.2  TimeStamp: 2026/03/13-05:24:25-GMT  BuildTime: Aug  4 2022 06:17:15  BuildStamp: freesurfer-linux-ubuntu22_x86_64-7.3.2-20220804-6354275  User: oesteban  Machine: dna061  Platform: Linux  PlatformVersion: 5.14.0-427.37.1.el9_4.x86_64  CompilerName: GCC  CompilerVersion: 8.4.0
ProgramName: mri_segstats  ProgramArguments: mri_segstats -all-info  ProgramVersion: 7.3.2  TimeStamp: 2026/03/13-05:24:25-GMT  BuildTime: Aug  4 2022 06:17:15  BuildStamp: freesurfer-linux-ubuntu22_x86_64-7.3.2-20220804-6354275  User: oesteban  Machine: dna061  Platform: Linux  PlatformVersion: 5.14.0-427.37.1.el9_4.x86_64  CompilerName: GCC  CompilerVersion: 8.4.0
ProgramName: mris_euler_number  ProgramArguments: mris_euler_number -all-info  ProgramVersion: 7.3.2  TimeStamp: 2026/03/13-05:24:25-GMT  BuildTime: Aug  4 2022 06:17:15  BuildStamp: freesurfer-linux-ubuntu22_x86_64-7.3.2-20220804-6354275  User: oesteban  Machine: dna061  Platform: Linux  PlatformVersion: 5.14.0-427.37.1.el9_4.x86_64  CompilerName: GCC  CompilerVersion: 8.4.0
ProgramName: mris_fix_topology  ProgramArguments: mris_fix_topology -all-info  ProgramVersion: 7.3.2  TimeStamp: 2026/03/13-05:24:25-GMT  BuildTime: Aug  4 2022 06:17:15  BuildStamp: freesurfer-linux-ubuntu22_x86_64-7.3.2-20220804-6354275  User: oesteban  Machine: dna061  Platform: Linux  PlatformVersion: 5.14.0-427.37.1.el9_4.x86_64  CompilerName: GCC  CompilerVersion: 8.4.0
ProgramName: mris_topo_fixer  ProgramArguments: mris_topo_fixer -all-info  ProgramVersion: 7.3.2  TimeStamp: 2026/03/13-05:24:25-GMT  BuildTime: Aug  4 2022 06:17:15  BuildStamp: freesurfer-linux-ubuntu22_x86_64-7.3.2-20220804-6354275  User: oesteban  Machine: dna061  Platform: Linux  PlatformVersion: 5.14.0-427.37.1.el9_4.x86_64  CompilerName: GCC  CompilerVersion: 8.4.0
ProgramName: mris_jacobian  ProgramArguments: mris_jacobian -all-info  ProgramVersion: 7.3.2  TimeStamp: 2026/03/13-05:24:25-GMT  BuildTime: Aug  4 2022 06:17:15  BuildStamp: freesurfer-linux-ubuntu22_x86_64-7.3.2-20220804-6354275  User: oesteban  Machine: dna061  Platform: Linux  PlatformVersion: 5.14.0-427.37.1.el9_4.x86_64  CompilerName: GCC  CompilerVersion: 8.4.0
ProgramName: mris_label2annot  ProgramArguments: mris_label2annot -all-info  ProgramVersion: 7.3.2  TimeStamp: 2026/03/13-05:24:25-GMT  BuildTime: Aug  4 2022 06:17:15  BuildStamp: freesurfer-linux-ubuntu22_x86_64-7.3.2-20220804-6354275  User: oesteban  Machine: dna061  Platform: Linux  PlatformVersion: 5.14.0-427.37.1.el9_4.x86_64  CompilerName: GCC  CompilerVersion: 8.4.0
ProgramName: mris_left_right_register  ProgramArguments: mris_left_right_register -all-info  ProgramVersion: 7.3.2  TimeStamp: 2026/03/13-05:24:25-GMT  BuildTime: Aug  4 2022 06:17:15  BuildStamp: freesurfer-linux-ubuntu22_x86_64-7.3.2-20220804-6354275  User: oesteban  Machine: dna061  Platform: Linux  PlatformVersion: 5.14.0-427.37.1.el9_4.x86_64  CompilerName: GCC  CompilerVersion: 8.4.0
ProgramName: mris_place_surface  ProgramArguments: mris_place_surface -all-info  ProgramVersion: 7.3.2  TimeStamp: 2026/03/13-05:24:25-GMT  BuildTime: Aug  4 2022 06:17:15  BuildStamp: freesurfer-linux-ubuntu22_x86_64-7.3.2-20220804-6354275  User: oesteban  Machine: dna061  Platform: Linux  PlatformVersion: 5.14.0-427.37.1.el9_4.x86_64  CompilerName: GCC  CompilerVersion: 8.4.0
ProgramName: mrisp_paint  ProgramArguments: mrisp_paint -all-info  ProgramVersion: 7.3.2  TimeStamp: 2026/03/13-05:24:25-GMT  BuildTime: Aug  4 2022 06:17:15  BuildStamp: freesurfer-linux-ubuntu22_x86_64-7.3.2-20220804-6354275  User: oesteban  Machine: dna061  Platform: Linux  PlatformVersion: 5.14.0-427.37.1.el9_4.x86_64  CompilerName: GCC  CompilerVersion: 8.4.0
ProgramName: mris_register  ProgramArguments: mris_register -all-info  ProgramVersion: 7.3.2  TimeStamp: 2026/03/13-05:24:25-GMT  BuildTime: Aug  4 2022 06:17:15  BuildStamp: freesurfer-linux-ubuntu22_x86_64-7.3.2-20220804-6354275  User: oesteban  Machine: dna061  Platform: Linux  PlatformVersion: 5.14.0-427.37.1.el9_4.x86_64  CompilerName: GCC  CompilerVersion: 8.4.0
ProgramName: mris_smooth  ProgramArguments: mris_smooth -all-info  ProgramVersion: 7.3.2  TimeStamp: 2026/03/13-05:24:25-GMT  BuildTime: Aug  4 2022 06:17:15  BuildStamp: freesurfer-linux-ubuntu22_x86_64-7.3.2-20220804-6354275  User: oesteban  Machine: dna061  Platform: Linux  PlatformVersion: 5.14.0-427.37.1.el9_4.x86_64  CompilerName: GCC  CompilerVersion: 8.4.0
ProgramName: mris_sphere  ProgramArguments: mris_sphere -all-info  ProgramVersion: 7.3.2  TimeStamp: 2026/03/13-05:24:25-GMT  BuildTime: Aug  4 2022 06:17:15  BuildStamp: freesurfer-linux-ubuntu22_x86_64-7.3.2-20220804-6354275  User: oesteban  Machine: dna061  Platform: Linux  PlatformVersion: 5.14.0-427.37.1.el9_4.x86_64  CompilerName: GCC  CompilerVersion: 8.4.0
ProgramName: mris_surface_stats  ProgramArguments: mris_surface_stats -all-info  ProgramVersion: 7.3.2  TimeStamp: 2026/03/13-05:24:25-GMT  BuildTime: Aug  4 2022 06:17:15  BuildStamp: freesurfer-linux-ubuntu22_x86_64-7.3.2-20220804-6354275  User: oesteban  Machine: dna061  Platform: Linux  PlatformVersion: 5.14.0-427.37.1.el9_4.x86_64  CompilerName: GCC  CompilerVersion: 8.4.0
ProgramName: mri_stats2seg  ProgramArguments: mri_stats2seg -all-info  ProgramVersion: 7.3.2  TimeStamp: 2026/03/13-05:24:25-GMT  BuildTime: Aug  4 2022 06:17:15  BuildStamp: freesurfer-linux-ubuntu22_x86_64-7.3.2-20220804-6354275  User: oesteban  Machine: dna061  Platform: Linux  PlatformVersion: 5.14.0-427.37.1.el9_4.x86_64  CompilerName: GCC  CompilerVersion: 8.4.0
ProgramName: mris_thickness  ProgramArguments: mris_thickness -all-info  ProgramVersion: 7.3.2  TimeStamp: 2026/03/13-05:24:25-GMT  BuildTime: Aug  4 2022 06:17:15  BuildStamp: freesurfer-linux-ubuntu22_x86_64-7.3.2-20220804-6354275  User: oesteban  Machine: dna061  Platform: Linux  PlatformVersion: 5.14.0-427.37.1.el9_4.x86_64  CompilerName: GCC  CompilerVersion: 8.4.0
ProgramName: mris_thickness_diff  ProgramArguments: mris_thickness_diff -all-info  ProgramVersion: 7.3.2  TimeStamp: 2026/03/13-05:24:25-GMT  BuildTime: Aug  4 2022 06:17:15  BuildStamp: freesurfer-linux-ubuntu22_x86_64-7.3.2-20220804-6354275  User: oesteban  Machine: dna061  Platform: Linux  PlatformVersion: 5.14.0-427.37.1.el9_4.x86_64  CompilerName: GCC  CompilerVersion: 8.4.0
ProgramName: mris_topo_fixer  ProgramArguments: mris_topo_fixer -all-info  ProgramVersion: 7.3.2  TimeStamp: 2026/03/13-05:24:25-GMT  BuildTime: Aug  4 2022 06:17:15  BuildStamp: freesurfer-linux-ubuntu22_x86_64-7.3.2-20220804-6354275  User: oesteban  Machine: dna061  Platform: Linux  PlatformVersion: 5.14.0-427.37.1.el9_4.x86_64  CompilerName: GCC  CompilerVersion: 8.4.0
ProgramName: mri_surf2surf  ProgramArguments: mri_surf2surf -all-info  ProgramVersion: 7.3.2  TimeStamp: 2026/03/13-05:24:25-GMT  BuildTime: Aug  4 2022 06:17:15  BuildStamp: freesurfer-linux-ubuntu22_x86_64-7.3.2-20220804-6354275  User: oesteban  Machine: dna061  Platform: Linux  PlatformVersion: 5.14.0-427.37.1.el9_4.x86_64  CompilerName: GCC  CompilerVersion: 8.4.0
ProgramName: mri_surf2vol  ProgramArguments: mri_surf2vol -all-info  ProgramVersion: 7.3.2  TimeStamp: 2026/03/13-05:24:25-GMT  BuildTime: Aug  4 2022 06:17:15  BuildStamp: freesurfer-linux-ubuntu22_x86_64-7.3.2-20220804-6354275  User: oesteban  Machine: dna061  Platform: Linux  PlatformVersion: 5.14.0-427.37.1.el9_4.x86_64  CompilerName: GCC  CompilerVersion: 8.4.0
ProgramName: mri_surfcluster  ProgramArguments: mri_surfcluster -all-info  ProgramVersion: 7.3.2  TimeStamp: 2026/03/13-05:24:25-GMT  BuildTime: Aug  4 2022 06:17:15  BuildStamp: freesurfer-linux-ubuntu22_x86_64-7.3.2-20220804-6354275  User: oesteban  Machine: dna061  Platform: Linux  PlatformVersion: 5.14.0-427.37.1.el9_4.x86_64  CompilerName: GCC  CompilerVersion: 8.4.0
ProgramName: mris_volmask  ProgramArguments: mris_volmask -all-info  ProgramVersion: 7.3.2  TimeStamp: 2026/03/13-05:24:25-GMT  BuildTime: Aug  4 2022 06:17:15  BuildStamp: freesurfer-linux-ubuntu22_x86_64-7.3.2-20220804-6354275  User: oesteban  Machine: dna061  Platform: Linux  PlatformVersion: 5.14.0-427.37.1.el9_4.x86_64  CompilerName: GCC  CompilerVersion: 8.4.0
ProgramName: mri_tessellate  ProgramArguments: mri_tessellate -all-info  ProgramVersion: 7.3.2  TimeStamp: 2026/03/13-05:24:25-GMT  BuildTime: Aug  4 2022 06:17:15  BuildStamp: freesurfer-linux-ubuntu22_x86_64-7.3.2-20220804-6354275  User: oesteban  Machine: dna061  Platform: Linux  PlatformVersion: 5.14.0-427.37.1.el9_4.x86_64  CompilerName: GCC  CompilerVersion: 8.4.0
ProgramName: mri_vol2surf  ProgramArguments: mri_vol2surf -all-info  ProgramVersion: 7.3.2  TimeStamp: 2026/03/13-05:24:25-GMT  BuildTime: Aug  4 2022 06:17:15  BuildStamp: freesurfer-linux-ubuntu22_x86_64-7.3.2-20220804-6354275  User: oesteban  Machine: dna061  Platform: Linux  PlatformVersion: 5.14.0-427.37.1.el9_4.x86_64  CompilerName: GCC  CompilerVersion: 8.4.0
ProgramName: mri_vol2vol  ProgramArguments: mri_vol2vol -all-info  ProgramVersion: 7.3.2  TimeStamp: 2026/03/13-05:24:25-GMT  BuildTime: Aug  4 2022 06:17:15  BuildStamp: freesurfer-linux-ubuntu22_x86_64-7.3.2-20220804-6354275  User: oesteban  Machine: dna061  Platform: Linux  PlatformVersion: 5.14.0-427.37.1.el9_4.x86_64  CompilerName: GCC  CompilerVersion: 8.4.0
ProgramName: mri_voldiff  ProgramArguments: mri_voldiff -all-info  ProgramVersion: 7.3.2  TimeStamp: 2026/03/13-05:24:25-GMT  BuildTime: Aug  4 2022 06:17:15  BuildStamp: freesurfer-linux-ubuntu22_x86_64-7.3.2-20220804-6354275  User: oesteban  Machine: dna061  Platform: Linux  PlatformVersion: 5.14.0-427.37.1.el9_4.x86_64  CompilerName: GCC  CompilerVersion: 8.4.0
ProgramName: mri_watershed  ProgramArguments: mri_watershed -all-info  ProgramVersion: 7.3.2  TimeStamp: 2026/03/13-05:24:25-GMT  BuildTime: Aug  4 2022 06:17:15  BuildStamp: freesurfer-linux-ubuntu22_x86_64-7.3.2-20220804-6354275  User: oesteban  Machine: dna061  Platform: Linux  PlatformVersion: 5.14.0-427.37.1.el9_4.x86_64  CompilerName: GCC  CompilerVersion: 8.4.0
ProgramName: tkregister2  ProgramArguments: tkregister2_cmdl -all-info  ProgramVersion: 7.3.2  TimeStamp: 2026/03/13-05:24:25-GMT  BuildTime: Aug  4 2022 06:17:15  BuildStamp: freesurfer-linux-ubuntu22_x86_64-7.3.2-20220804-6354275  User: oesteban  Machine: dna061  Platform: Linux  PlatformVersion: 5.14.0-427.37.1.el9_4.x86_64  CompilerName: GCC  CompilerVersion: 8.4.0
mri_motion_correct.fsl 7.3.2
mri_convert -all-info 
ProgramName: mri_convert  ProgramArguments: mri_convert -all-info  ProgramVersion: 7.3.2  TimeStamp: 2026/03/13-05:24:25-GMT  BuildTime: Aug  4 2022 06:17:15  BuildStamp: freesurfer-linux-ubuntu22_x86_64-7.3.2-20220804-6354275  User: oesteban  Machine: dna061  Platform: Linux  PlatformVersion: 5.14.0-427.37.1.el9_4.x86_64  CompilerName: GCC  CompilerVersion: 8.4.0
Program nu_correct, built from:
Package MNI N3, version 1.12.0, compiled by nicks@terrier (x86_64-unknown-linux-gnu) on 2015-06-19 at 01:25:34
#######################################
GCADIR /opt/freesurfer/average
GCA RB_all_2020-01-02.gca
GCASkull RB_all_withskull_2020_01_02.gca
AvgCurvTif folding.atlas.acfb40.noaparc.i12.2016-08-02.tif
GCSDIR /opt/freesurfer/average
GCS DKaparc.atlas.acfb40.noaparc.i12.2016-08-02.gcs
#######################################
#--------------------------------------------
#@# AutoDetGWStats rh Fri Mar 13 06:24:25 CET 2026
cd /out/sourcedata/freesurfer/sub-v2s4x29587_ses-1/mri
mris_autodet_gwstats --o ../surf/autodet.gw.stats.rh.dat --i brain.finalsurfs.mgz --wm wm.mgz --surf ../surf/rh.orig.premesh
  Update not needed
#--------------------------------------------
#@# WhitePreAparc rh Fri Mar 13 06:24:25 CET 2026
cd /out/sourcedata/freesurfer/sub-v2s4x29587_ses-1/mri
mris_place_surface --adgws-in ../surf/autodet.gw.stats.rh.dat --wm wm.mgz --threads 16 --invol brain.finalsurfs.mgz --rh --i ../surf/rh.orig --o ../surf/rh.white.preaparc --white --seg aseg.presurf.mgz --nsmooth 5
   Update not needed
#--------------------------------------------
#@# CortexLabel rh Fri Mar 13 06:24:25 CET 2026
cd /out/sourcedata/freesurfer/sub-v2s4x29587_ses-1/mri
mri_label2label --label-cortex ../surf/rh.white.preaparc aseg.presurf.mgz 0 ../label/rh.cortex.label
   Update not needed
#--------------------------------------------
#@# CortexLabel+HipAmyg rh Fri Mar 13 06:24:25 CET 2026
cd /out/sourcedata/freesurfer/sub-v2s4x29587_ses-1/mri
mri_label2label --label-cortex ../surf/rh.white.preaparc aseg.presurf.mgz 1 ../label/rh.cortex+hipamyg.label
   Update not needed
#@# white curv rh Fri Mar 13 06:24:25 CET 2026
cd /out/sourcedata/freesurfer/sub-v2s4x29587_ses-1/mri
mris_place_surface --curv-map ../surf/rh.white 2 10 ../surf/rh.curv
   Update not needed
#@# white area rh Fri Mar 13 06:24:25 CET 2026
cd /out/sourcedata/freesurfer/sub-v2s4x29587_ses-1/mri
mris_place_surface --area-map ../surf/rh.white ../surf/rh.area
   Update not needed
#@# pial curv rh Fri Mar 13 06:24:25 CET 2026
cd /out/sourcedata/freesurfer/sub-v2s4x29587_ses-1/mri
mris_place_surface --curv-map ../surf/rh.pial 2 10 ../surf/rh.curv.pial
   Update not needed
#@# pial area rh Fri Mar 13 06:24:25 CET 2026
cd /out/sourcedata/freesurfer/sub-v2s4x29587_ses-1/mri
mris_place_surface --area-map ../surf/rh.pial ../surf/rh.area.pial
   Update not needed
#@# thickness rh Fri Mar 13 06:24:25 CET 2026
cd /out/sourcedata/freesurfer/sub-v2s4x29587_ses-1/mri
mris_place_surface --thickness ../surf/rh.white ../surf/rh.pial 20 5 ../surf/rh.thickness
   Update not needed
#@# area and vertex vol rh Fri Mar 13 06:24:25 CET 2026
cd /out/sourcedata/freesurfer/sub-v2s4x29587_ses-1/mri
mris_place_surface --thickness ../surf/rh.white ../surf/rh.pial 20 5 ../surf/rh.thickness
   Update not needed
#-----------------------------------------
#@# Parcellation Stats rh Fri Mar 13 06:24:25 CET 2026
/out/sourcedata/freesurfer/sub-v2s4x29587_ses-1/scripts

 mris_anatomical_stats -th3 -mgz -noglobal -cortex ../label/rh.cortex.label -f ../stats/rh.aparc.stats -b -a ../label/rh.aparc.annot -c ../label/aparc.annot.ctab sub-v2s4x29587_ses-1 rh white 

computing statistics for each annotation in ../label/rh.aparc.annot.
reading volume /out/sourcedata/freesurfer/sub-v2s4x29587_ses-1/mri/wm.mgz...
reading input surface /out/sourcedata/freesurfer/sub-v2s4x29587_ses-1/surf/rh.white...
reading input pial surface /out/sourcedata/freesurfer/sub-v2s4x29587_ses-1/surf/rh.pial...
reading input white surface /out/sourcedata/freesurfer/sub-v2s4x29587_ses-1/surf/rh.white...
INFO: using TH3 volume calc
INFO: assuming MGZ format for volumes.
INFO: not computing global stats
INFO: using ../label/rh.cortex.label as mask to calc cortex NumVert, SurfArea and MeanThickness.
Using TH3 vertex volume calc
Total face volume 276836
Total vertex volume 276594 (mask=0)
Saving annotation colortable ../label/aparc.annot.ctab

table columns are:
    number of vertices
    total surface area (mm^2)
    total gray matter volume (mm^3)
    average cortical thickness +- standard deviation (mm)
    integrated rectified mean curvature
    integrated rectified Gaussian curvature
    folding index
    intrinsic curvature index
    structure name

 1632   1088   2832  2.724 0.521     0.089     0.014       11     1.1  bankssts
  940    624   2049  2.531 0.900     0.104     0.018        9     0.8  caudalanteriorcingulate
 2838   1981   6293  2.806 0.476     0.112     0.023       30     2.7  caudalmiddlefrontal
 2933   2005   5496  2.339 0.779     0.141     0.031       37     4.1  cuneus
  500    355   1597  2.914 0.752     0.127     0.035        6     0.7  entorhinal
 4701   3312  11189  2.866 0.760     0.121     0.026       53     5.2  fusiform
 8473   5813  20337  2.880 0.646     0.114     0.025      110     8.9  inferiorparietal
 4699   3408  12487  2.801 0.872     0.124     0.030       62     6.1  inferiortemporal
 1067    722   2523  3.020 0.764     0.115     0.027       10     1.1  isthmuscingulate
 8338   5637  15042  2.331 0.718     0.131     0.029      102    10.5  lateraloccipital
 3086   2191   8288  3.272 0.771     0.125     0.030       37     4.2  lateralorbitofrontal
 4884   3402   7591  2.030 0.737     0.127     0.029       55     6.2  lingual
 2497   1844   6404  2.857 0.848     0.140     0.036       54     3.7  medialorbitofrontal
 5200   3682  14915  2.979 0.882     0.111     0.025       63     5.8  middletemporal
 1070    658   2062  2.727 0.680     0.082     0.019        7     0.7  parahippocampal
 2029   1357   3902  2.636 0.568     0.115     0.027       17     2.5  paracentral
 1710   1174   4401  3.008 0.657     0.101     0.017       16     1.3  parsopercularis
 1160    902   4007  3.565 0.719     0.150     0.032       22     1.7  parsorbitalis
 1959   1420   4764  2.842 0.537     0.106     0.020       19     1.4  parstriangularis
 2495   1696   2430  1.563 0.551     0.117     0.025       26     2.5  pericalcarine
 5599   3634  10055  2.319 0.825     0.096     0.017       45     4.2  postcentral
 1380    982   3185  2.628 1.003     0.120     0.027       15     1.6  posteriorcingulate
 5948   4090  11286  2.522 0.682     0.114     0.024       62     6.0  precentral
 5544   3956  12551  2.746 0.707     0.120     0.024       58     5.6  precuneus
  700    513   2137  2.876 0.913     0.128     0.026       10     0.9  rostralanteriorcingulate
 9333   6838  23963  2.871 0.644     0.126     0.026      126    10.5  rostralmiddlefrontal
 9899   7053  25117  3.081 0.609     0.123     0.027      108    10.9  superiorfrontal
 7440   5183  14581  2.525 0.548     0.118     0.025       85     7.6  superiorparietal
 5247   3461  13224  3.153 0.627     0.092     0.016       40     3.6  superiortemporal
 4248   2917   9576  2.903 0.768     0.115     0.025       46     4.6  supramarginal
  520    398   1770  2.993 0.641     0.157     0.046       14     0.9  frontalpole
  600    456   2453  3.489 0.942     0.164     0.056        9     1.4  temporalpole
  438    306    990  2.882 0.484     0.131     0.022        6     0.4  transversetemporal
 3058   2078   7094  3.337 0.816     0.111     0.028       25     3.5  insula

 mris_anatomical_stats -th3 -mgz -noglobal -cortex ../label/rh.cortex.label -f ../stats/rh.aparc.pial.stats -b -a ../label/rh.aparc.annot -c ../label/aparc.annot.ctab sub-v2s4x29587_ses-1 rh pial 

computing statistics for each annotation in ../label/rh.aparc.annot.
reading volume /out/sourcedata/freesurfer/sub-v2s4x29587_ses-1/mri/wm.mgz...
reading input surface /out/sourcedata/freesurfer/sub-v2s4x29587_ses-1/surf/rh.pial...
reading input pial surface /out/sourcedata/freesurfer/sub-v2s4x29587_ses-1/surf/rh.pial...
reading input white surface /out/sourcedata/freesurfer/sub-v2s4x29587_ses-1/surf/rh.white...
INFO: using TH3 volume calc
INFO: assuming MGZ format for volumes.
INFO: not computing global stats
INFO: using ../label/rh.cortex.label as mask to calc cortex NumVert, SurfArea and MeanThickness.
Using TH3 vertex volume calc
Total face volume 276836
Total vertex volume 276594 (mask=0)
Saving annotation colortable ../label/aparc.annot.ctab

table columns are:
    number of vertices
    total surface area (mm^2)
    total gray matter volume (mm^3)
    average cortical thickness +- standard deviation (mm)
    integrated rectified mean curvature
    integrated rectified Gaussian curvature
    folding index
    intrinsic curvature index
    structure name

 1632    980   2832  2.724 0.521     0.113     0.032       32     2.0  bankssts
  940    896   2049  2.531 0.900     0.172     0.042       41     1.6  caudalanteriorcingulate
 2838   2435   6293  2.806 0.476     0.134     0.027       40     3.3  caudalmiddlefrontal
 2933   2679   5496  2.339 0.779     0.150     0.035       76     4.9  cuneus
  500    760   1597  2.914 0.752     0.297     0.061       13     1.8  entorhinal
 4701   4212  11189  2.866 0.760     0.150     0.035     1073     7.2  fusiform
 8473   8119  20337  2.880 0.646     0.153     0.032      175    12.5  inferiorparietal
 4699   5189  12487  2.801 0.872     0.184     0.042      147     8.8  inferiortemporal
 1067    950   2523  3.020 0.764     0.184     0.051       69     2.5  isthmuscingulate
 8338   7320  15042  2.331 0.718     0.138     0.033      226    11.4  lateraloccipital
 3086   2738   8288  3.272 0.771     0.164     0.040      110     5.2  lateralorbitofrontal
 4884   4226   7591  2.030 0.737     0.136     0.031       90     6.1  lingual
 2497   2615   6404  2.857 0.848     0.183     0.043       72     4.4  medialorbitofrontal
 5200   5842  14915  2.979 0.882     0.175     0.037       81     9.7  middletemporal
 1070    856   2062  2.727 0.680     0.153     0.038      838     2.1  parahippocampal
 2029   1622   3902  2.636 0.568     0.134     0.032       52     2.7  paracentral
 1710   1648   4401  3.008 0.657     0.147     0.028       20     2.2  parsopercularis
 1160   1287   4007  3.565 0.719     0.174     0.038       28     1.7  parsorbitalis
 1959   1851   4764  2.842 0.537     0.149     0.031       22     2.9  parstriangularis
 2495   1563   2430  1.563 0.551     0.110     0.034      101     2.5  pericalcarine
 5599   4869  10055  2.319 0.825     0.128     0.024       53     6.2  postcentral
 1380   1274   3185  2.628 1.003     0.172     0.044      101     2.7  posteriorcingulate
 5948   4581  11286  2.522 0.682     0.118     0.026      117     6.2  precentral
 5544   4922  12551  2.746 0.707     0.165     0.071      161     8.7  precuneus
  700    863   2137  2.876 0.913     0.205     0.056       14     1.4  rostralanteriorcingulate
 9333   9376  23963  2.871 0.644     0.167     0.034    11846    13.7  rostralmiddlefrontal
 9899   8936  25117  3.081 0.609     0.151     0.775      -79    12.6  superiorfrontal
 7440   6238  14581  2.525 0.548     0.135     1.863     -350     8.8  superiorparietal
 5247   4806  13224  3.153 0.627     0.140     0.030       67     7.1  superiortemporal
 4248   3571   9576  2.903 0.768     0.141     0.034       67     6.0  supramarginal
  520    774   1770  2.993 0.641     0.232     0.039       10     1.0  frontalpole
  600    983   2453  3.489 0.942     0.310     0.075       17     2.2  temporalpole
  438    396    990  2.882 0.484     0.142     0.030        6     0.5  transversetemporal
 3058   2133   7094  3.337 0.816     0.148     0.048      119     6.0  insula
#-----------------------------------------
#@# Parcellation Stats 2 rh Fri Mar 13 06:24:41 CET 2026
/out/sourcedata/freesurfer/sub-v2s4x29587_ses-1/scripts

 mris_anatomical_stats -th3 -mgz -noglobal -cortex ../label/rh.cortex.label -f ../stats/rh.aparc.a2009s.stats -b -a ../label/rh.aparc.a2009s.annot -c ../label/aparc.annot.a2009s.ctab sub-v2s4x29587_ses-1 rh white 

computing statistics for each annotation in ../label/rh.aparc.a2009s.annot.
reading volume /out/sourcedata/freesurfer/sub-v2s4x29587_ses-1/mri/wm.mgz...
reading input surface /out/sourcedata/freesurfer/sub-v2s4x29587_ses-1/surf/rh.white...
reading input pial surface /out/sourcedata/freesurfer/sub-v2s4x29587_ses-1/surf/rh.pial...
reading input white surface /out/sourcedata/freesurfer/sub-v2s4x29587_ses-1/surf/rh.white...
INFO: using TH3 volume calc
INFO: assuming MGZ format for volumes.
INFO: not computing global stats
INFO: using ../label/rh.cortex.label as mask to calc cortex NumVert, SurfArea and MeanThickness.
Using TH3 vertex volume calc
Total face volume 276836
Total vertex volume 276594 (mask=0)
Saving annotation colortable ../label/aparc.annot.a2009s.ctab

table columns are:
    number of vertices
    total surface area (mm^2)
    total gray matter volume (mm^3)
    average cortical thickness +- standard deviation (mm)
    integrated rectified mean curvature
    integrated rectified Gaussian curvature
    folding index
    intrinsic curvature index
    structure name

  955    723   2873  2.965 0.851     0.153     0.041       17     1.7  G_and_S_frontomargin
 1466    943   3364  2.880 0.741     0.122     0.030       16     1.9  G_and_S_occipital_inf
 1342    829   2339  2.346 0.572     0.115     0.027       12     1.6  G_and_S_paracentral
 1189    834   3134  3.212 0.667     0.129     0.024       14     1.3  G_and_S_subcentral
 1061    896   3300  2.861 0.572     0.153     0.036       26     1.3  G_and_S_transv_frontopol
 2391   1678   5721  2.945 0.621     0.113     0.021       23     2.0  G_and_S_cingul-Ant
 1167    817   2762  2.887 0.698     0.107     0.020        8     1.1  G_and_S_cingul-Mid-Ant
 1169    804   2497  2.805 0.705     0.113     0.026        9     1.2  G_and_S_cingul-Mid-Post
  373    284   1590  3.568 0.790     0.147     0.042        6     0.6  G_cingul-Post-dorsal
  291    200    911  3.334 0.659     0.120     0.029        3     0.4  G_cingul-Post-ventral
 2621   1828   4979  2.264 0.806     0.143     0.034       33     3.9  G_cuneus
 1150    818   3905  3.332 0.633     0.119     0.025       16     1.1  G_front_inf-Opercular
  365    295   1446  3.393 0.509     0.157     0.039        9     0.6  G_front_inf-Orbital
  874    656   2741  3.028 0.532     0.114     0.023       11     0.7  G_front_inf-Triangul
 3620   2790  12267  3.041 0.629     0.145     0.032       70     4.7  G_front_middle
 6739   5027  20552  3.240 0.614     0.140     0.033      101     9.3  G_front_sup
  589    398   1829  3.995 0.719     0.096     0.026        4     0.5  G_Ins_lg_and_S_cent_ins
  560    395   2130  3.753 0.740     0.129     0.037        8     1.0  G_insular_short
 2527   1897   7460  2.951 0.657     0.142     0.031       45     3.5  G_occipital_middle
 1846   1268   3468  2.273 0.691     0.142     0.033       27     2.6  G_occipital_sup
 2197   1502   6080  3.072 0.792     0.139     0.034       36     3.1  G_oc-temp_lat-fusifor
 3006   2166   5030  1.976 0.759     0.140     0.034       40     4.5  G_oc-temp_med-Lingual
 1065    680   3050  2.954 0.785     0.103     0.030       11     1.1  G_oc-temp_med-Parahip
 2183   1703   8545  3.584 0.838     0.149     0.040       45     4.1  G_orbital
 2954   1976   9117  3.122 0.701     0.132     0.036       60     4.5  G_pariet_inf-Angular
 2176   1548   6510  3.208 0.715     0.132     0.032       33     2.9  G_pariet_inf-Supramar
 2269   1688   5958  2.794 0.603     0.137     0.033       37     3.1  G_parietal_sup
 1995   1278   4184  2.408 0.697     0.108     0.021       22     1.8  G_postcentral
 2165   1462   5415  2.683 0.659     0.116     0.028       25     2.3  G_precentral
 2195   1630   6808  3.022 0.690     0.147     0.035       38     3.2  G_precuneus
  746    602   2197  2.556 0.845     0.176     0.062       29     2.0  G_rectus
  407    273    857  2.949 1.076     0.133     0.052        5     0.8  G_subcallosal
  327    226    857  2.893 0.473     0.138     0.027        6     0.4  G_temp_sup-G_T_transv
 1849   1225   6308  3.444 0.647     0.114     0.023       21     2.0  G_temp_sup-Lateral
  748    496   1856  3.426 0.727     0.078     0.015        3     0.5  G_temp_sup-Plan_polar
  692    458   1500  2.841 0.470     0.077     0.014        4     0.3  G_temp_sup-Plan_tempo
 2549   1966   8944  3.028 0.887     0.138     0.040       48     4.3  G_temporal_inf
 2909   2116  11090  3.384 0.824     0.126     0.032       51     4.1  G_temporal_middle
  343    235    501  2.620 0.441     0.095     0.009        2     0.1  Lat_Fis-ant-Horizont
 1297    839   2076  3.062 0.735     0.089     0.015        5     0.9  Lat_Fis-post
 3945   2540   4810  1.755 0.595     0.136     0.029       51     5.2  Pole_occipital
 1292    997   5225  3.106 0.839     0.157     0.052       22     2.8  Pole_temporal
 2634   1774   3269  1.983 0.757     0.108     0.023       23     2.3  S_calcarine
 2672   1703   2539  1.688 0.509     0.088     0.015       13     1.7  S_central
 1230    834   2191  2.649 0.597     0.099     0.017        7     0.9  S_cingul-Marginalis
  497    340    935  3.159 0.566     0.091     0.017        2     0.3  S_circular_insula_ant
 1052    672   1570  2.947 0.600     0.070     0.011        3     0.5  S_circular_insula_inf
 1200    780   1789  2.879 0.403     0.094     0.016        5     0.9  S_circular_insula_sup
  783    551   1927  3.041 0.850     0.096     0.014        5     0.4  S_collat_transv_ant
  434    306    759  2.794 0.488     0.139     0.037        5     0.6  S_collat_transv_post
 1967   1330   3287  2.545 0.418     0.090     0.015       11     1.5  S_front_inf
 3216   2243   6936  2.808 0.574     0.112     0.022       30     2.9  S_front_middle
 2924   1978   4895  2.792 0.445     0.106     0.024       20     2.9  S_front_sup
  298    211    419  2.145 0.435     0.097     0.013        1     0.2  S_interm_prim-Jensen
 2928   1983   4611  2.480 0.413     0.095     0.015       20     1.9  S_intrapariet_and_P_trans
  974    651   1246  2.210 0.536     0.111     0.018        7     0.7  S_oc_middle_and_Lunatus
 1369    952   2270  2.555 0.367     0.113     0.018       10     1.0  S_oc_sup_and_transversal
  730    530   1336  2.476 0.434     0.087     0.016        6     0.5  S_occipital_ant
 1559   1048   2258  2.430 0.529     0.091     0.013        6     1.0  S_oc-temp_lat
 2329   1594   3607  2.469 0.460     0.095     0.014       13     1.4  S_oc-temp_med_and_Lingual
  534    378    856  2.718 0.343     0.121     0.022        4     0.5  S_orbital_lateral
  665    487   1135  2.437 0.627     0.124     0.022        5     0.6  S_orbital_med-olfact
 1376    948   3046  3.327 0.637     0.118     0.024       11     1.6  S_orbital-H_Shaped
 2639   1807   4085  2.438 0.612     0.106     0.018       19     2.1  S_parieto_occipital
 1225    761   1102  1.869 0.650     0.103     0.018       15     0.9  S_pericallosal
 2390   1572   3177  2.327 0.436     0.090     0.015       12     1.6  S_postcentral
 1478    939   2078  2.631 0.392     0.078     0.011        5     0.7  S_precentral-inf-part
 1204    854   1920  2.622 0.453     0.119     0.020       20     1.3  S_precentral-sup-part
  176    148    474  3.391 0.820     0.153     0.023        2     0.2  S_suborbital
 1091    739   2010  2.763 0.640     0.101     0.017        5     0.8  S_subparietal
 1453    974   1858  2.101 0.703     0.107     0.016       10     1.1  S_temporal_inf
 7314   4897  12426  2.713 0.556     0.093     0.016       47     5.1  S_temporal_sup
  220    165    398  2.985 0.374     0.123     0.011        2     0.1  S_temporal_transverse
#-----------------------------------------
#@# Parcellation Stats 3 rh Fri Mar 13 06:24:49 CET 2026
/out/sourcedata/freesurfer/sub-v2s4x29587_ses-1/scripts

 mris_anatomical_stats -th3 -mgz -noglobal -cortex ../label/rh.cortex.label -f ../stats/rh.aparc.DKTatlas.stats -b -a ../label/rh.aparc.DKTatlas.annot -c ../label/aparc.annot.DKTatlas.ctab sub-v2s4x29587_ses-1 rh white 

computing statistics for each annotation in ../label/rh.aparc.DKTatlas.annot.
reading volume /out/sourcedata/freesurfer/sub-v2s4x29587_ses-1/mri/wm.mgz...
reading input surface /out/sourcedata/freesurfer/sub-v2s4x29587_ses-1/surf/rh.white...
reading input pial surface /out/sourcedata/freesurfer/sub-v2s4x29587_ses-1/surf/rh.pial...
reading input white surface /out/sourcedata/freesurfer/sub-v2s4x29587_ses-1/surf/rh.white...
INFO: using TH3 volume calc
INFO: assuming MGZ format for volumes.
INFO: not computing global stats
INFO: using ../label/rh.cortex.label as mask to calc cortex NumVert, SurfArea and MeanThickness.
Using TH3 vertex volume calc
Total face volume 276836
Total vertex volume 276594 (mask=0)
Saving annotation colortable ../label/aparc.annot.DKTatlas.ctab

table columns are:
    number of vertices
    total surface area (mm^2)
    total gray matter volume (mm^3)
    average cortical thickness +- standard deviation (mm)
    integrated rectified mean curvature
    integrated rectified Gaussian curvature
    folding index
    intrinsic curvature index
    structure name

  971    645   2074  2.499 0.908     0.106     0.018        9     0.8  caudalanteriorcingulate
 2968   2072   6519  2.802 0.475     0.113     0.023       31     2.8  caudalmiddlefrontal
 3563   2438   6493  2.326 0.735     0.135     0.029       43     4.6  cuneus
  452    321   1552  2.918 0.769     0.128     0.036        6     0.7  entorhinal
 4441   3116  10204  2.868 0.755     0.120     0.025       49     4.7  fusiform
 8299   5703  19657  2.873 0.636     0.116     0.026      109     9.1  inferiorparietal
 5035   3657  13592  2.800 0.858     0.124     0.030       65     6.7  inferiortemporal
 1087    728   2510  3.006 0.754     0.113     0.026       10     1.0  isthmuscingulate
 8471   5707  15042  2.309 0.721     0.132     0.029      103    10.7  lateraloccipital
 3725   2679  10461  3.268 0.821     0.134     0.034       52     5.6  lateralorbitofrontal
 4759   3325   7436  2.034 0.726     0.128     0.029       54     6.1  lingual
 1986   1505   5362  2.853 0.886     0.153     0.045       51     3.8  medialorbitofrontal
 6464   4543  17557  2.942 0.839     0.107     0.023       73     6.7  middletemporal
 1127    698   2173  2.750 0.682     0.083     0.019        7     0.7  parahippocampal
 2139   1439   4288  2.671 0.581     0.116     0.028       18     2.7  paracentral
 1989   1365   5004  2.975 0.642     0.099     0.018       18     1.5  parsopercularis
 1050    794   3398  3.292 0.665     0.132     0.024       14     1.1  parsorbitalis
 1927   1380   4423  2.808 0.530     0.111     0.020       20     1.6  parstriangularis
 2443   1654   2323  1.534 0.509     0.117     0.025       25     2.5  pericalcarine
 6306   4112  11138  2.337 0.808     0.101     0.019       52     5.0  postcentral
 1436   1014   3272  2.658 0.972     0.119     0.028       16     1.7  posteriorcingulate
 5702   3807  10901  2.537 0.690     0.109     0.023       49     5.3  precentral
 5610   4016  12872  2.736 0.718     0.121     0.024       59     5.7  precuneus
  970    694   2595  2.795 0.871     0.121     0.027       12     1.1  rostralanteriorcingulate
 6741   4956  17591  2.881 0.676     0.126     0.026       91     7.6  rostralmiddlefrontal
12777   9300  32461  3.032 0.619     0.127     0.028      165    14.6  superiorfrontal
 5860   4119  12023  2.585 0.551     0.116     0.024       68     5.8  superiorparietal
 6808   4560  17328  3.131 0.675     0.099     0.020       56     5.8  superiortemporal
 4087   2772   9107  2.902 0.762     0.113     0.025       45     4.2  supramarginal
  447    313   1014  2.865 0.487     0.128     0.022        6     0.4  transversetemporal
 2525   1702   6223  3.477 0.748     0.103     0.023       18     2.4  insula
/out/sourcedata/freesurfer/sub-v2s4x29587_ses-1/label
#--------------------------------------------
#@# BA_exvivo Labels rh Fri Mar 13 06:24:57 CET 2026

 mri_label2label --srcsubject fsaverage --srclabel /out/sourcedata/freesurfer/fsaverage/label/rh.BA1_exvivo.label --trgsubject sub-v2s4x29587_ses-1 --trglabel ./rh.BA1_exvivo.label --hemi rh --regmethod surface 


srclabel = /out/sourcedata/freesurfer/fsaverage/label/rh.BA1_exvivo.label
srcsubject = fsaverage
trgsubject = sub-v2s4x29587_ses-1
trglabel = ./rh.BA1_exvivo.label
regmethod = surface

srchemi = rh
trghemi = rh
trgsurface = white
srcsurfreg = sphere.reg
trgsurfreg = sphere.reg
usehash = 1
Use ProjAbs  = 0, 0
Use ProjFrac = 0, 0
DoPaint 0

SUBJECTS_DIR    /out/sourcedata/freesurfer
FREESURFER_HOME /opt/freesurfer
Loading source label.
Found 3962 points in source label.
Starting surface-based mapping
Reading source registration 
 /out/sourcedata/freesurfer/fsaverage/surf/rh.sphere.reg
Rescaling ...  original radius = 100
Reading target surface 
 /out/sourcedata/freesurfer/sub-v2s4x29587_ses-1/surf/rh.white
Reading target registration 
 /out/sourcedata/freesurfer/sub-v2s4x29587_ses-1/surf/rh.sphere.reg
Rescaling ...  original radius = 100
Building target registration hash (res=16).
Building source registration hash (res=16).
INFO: found  3962 nlabel points
Performing mapping from target back to the source label 129562
Number of reverse mapping hits = 88
Checking for and removing duplicates
Writing label file ./rh.BA1_exvivo.label 4050
mri_label2label: Done


 mri_label2label --srcsubject fsaverage --srclabel /out/sourcedata/freesurfer/fsaverage/label/rh.BA2_exvivo.label --trgsubject sub-v2s4x29587_ses-1 --trglabel ./rh.BA2_exvivo.label --hemi rh --regmethod surface 


srclabel = /out/sourcedata/freesurfer/fsaverage/label/rh.BA2_exvivo.label
srcsubject = fsaverage
trgsubject = sub-v2s4x29587_ses-1
trglabel = ./rh.BA2_exvivo.label
regmethod = surface

srchemi = rh
trghemi = rh
trgsurface = white
srcsurfreg = sphere.reg
trgsurfreg = sphere.reg
usehash = 1
Use ProjAbs  = 0, 0
Use ProjFrac = 0, 0
DoPaint 0

SUBJECTS_DIR    /out/sourcedata/freesurfer
FREESURFER_HOME /opt/freesurfer
Loading source label.
Found 6687 points in source label.
Starting surface-based mapping
Reading source registration 
 /out/sourcedata/freesurfer/fsaverage/surf/rh.sphere.reg
Rescaling ...  original radius = 100
Reading target surface 
 /out/sourcedata/freesurfer/sub-v2s4x29587_ses-1/surf/rh.white
Reading target registration 
 /out/sourcedata/freesurfer/sub-v2s4x29587_ses-1/surf/rh.sphere.reg
Rescaling ...  original radius = 100
Building target registration hash (res=16).
Building source registration hash (res=16).
INFO: found  6687 nlabel points
Performing mapping from target back to the source label 129562
Number of reverse mapping hits = 93
Checking for and removing duplicates
Writing label file ./rh.BA2_exvivo.label 6780
mri_label2label: Done


 mri_label2label --srcsubject fsaverage --srclabel /out/sourcedata/freesurfer/fsaverage/label/rh.BA3a_exvivo.label --trgsubject sub-v2s4x29587_ses-1 --trglabel ./rh.BA3a_exvivo.label --hemi rh --regmethod surface 


srclabel = /out/sourcedata/freesurfer/fsaverage/label/rh.BA3a_exvivo.label
srcsubject = fsaverage
trgsubject = sub-v2s4x29587_ses-1
trglabel = ./rh.BA3a_exvivo.label
regmethod = surface

srchemi = rh
trghemi = rh
trgsurface = white
srcsurfreg = sphere.reg
trgsurfreg = sphere.reg
usehash = 1
Use ProjAbs  = 0, 0
Use ProjFrac = 0, 0
DoPaint 0

SUBJECTS_DIR    /out/sourcedata/freesurfer
FREESURFER_HOME /opt/freesurfer
Loading source label.
Found 3980 points in source label.
Starting surface-based mapping
Reading source registration 
 /out/sourcedata/freesurfer/fsaverage/surf/rh.sphere.reg
Rescaling ...  original radius = 100
Reading target surface 
 /out/sourcedata/freesurfer/sub-v2s4x29587_ses-1/surf/rh.white
Reading target registration 
 /out/sourcedata/freesurfer/sub-v2s4x29587_ses-1/surf/rh.sphere.reg
Rescaling ...  original radius = 100
Building target registration hash (res=16).
Building source registration hash (res=16).
INFO: found  3980 nlabel points
Performing mapping from target back to the source label 129562
Number of reverse mapping hits = 12
Checking for and removing duplicates
Writing label file ./rh.BA3a_exvivo.label 3992
mri_label2label: Done


 mri_label2label --srcsubject fsaverage --srclabel /out/sourcedata/freesurfer/fsaverage/label/rh.BA3b_exvivo.label --trgsubject sub-v2s4x29587_ses-1 --trglabel ./rh.BA3b_exvivo.label --hemi rh --regmethod surface 


srclabel = /out/sourcedata/freesurfer/fsaverage/label/rh.BA3b_exvivo.label
srcsubject = fsaverage
trgsubject = sub-v2s4x29587_ses-1
trglabel = ./rh.BA3b_exvivo.label
regmethod = surface

srchemi = rh
trghemi = rh
trgsurface = white
srcsurfreg = sphere.reg
trgsurfreg = sphere.reg
usehash = 1
Use ProjAbs  = 0, 0
Use ProjFrac = 0, 0
DoPaint 0

SUBJECTS_DIR    /out/sourcedata/freesurfer
FREESURFER_HOME /opt/freesurfer
Loading source label.
Found 4522 points in source label.
Starting surface-based mapping
Reading source registration 
 /out/sourcedata/freesurfer/fsaverage/surf/rh.sphere.reg
Rescaling ...  original radius = 100
Reading target surface 
 /out/sourcedata/freesurfer/sub-v2s4x29587_ses-1/surf/rh.white
Reading target registration 
 /out/sourcedata/freesurfer/sub-v2s4x29587_ses-1/surf/rh.sphere.reg
Rescaling ...  original radius = 100
Building target registration hash (res=16).
Building source registration hash (res=16).
INFO: found  4522 nlabel points
Performing mapping from target back to the source label 129562
Number of reverse mapping hits = 50
Checking for and removing duplicates
Writing label file ./rh.BA3b_exvivo.label 4572
mri_label2label: Done


 mri_label2label --srcsubject fsaverage --srclabel /out/sourcedata/freesurfer/fsaverage/label/rh.BA4a_exvivo.label --trgsubject sub-v2s4x29587_ses-1 --trglabel ./rh.BA4a_exvivo.label --hemi rh --regmethod surface 


srclabel = /out/sourcedata/freesurfer/fsaverage/label/rh.BA4a_exvivo.label
srcsubject = fsaverage
trgsubject = sub-v2s4x29587_ses-1
trglabel = ./rh.BA4a_exvivo.label
regmethod = surface

srchemi = rh
trghemi = rh
trgsurface = white
srcsurfreg = sphere.reg
trgsurfreg = sphere.reg
usehash = 1
Use ProjAbs  = 0, 0
Use ProjFrac = 0, 0
DoPaint 0

SUBJECTS_DIR    /out/sourcedata/freesurfer
FREESURFER_HOME /opt/freesurfer
Loading source label.
Found 5747 points in source label.
Starting surface-based mapping
Reading source registration 
 /out/sourcedata/freesurfer/fsaverage/surf/rh.sphere.reg
Rescaling ...  original radius = 100
Reading target surface 
 /out/sourcedata/freesurfer/sub-v2s4x29587_ses-1/surf/rh.white
Reading target registration 
 /out/sourcedata/freesurfer/sub-v2s4x29587_ses-1/surf/rh.sphere.reg
Rescaling ...  original radius = 100
Building target registration hash (res=16).
Building source registration hash (res=16).
INFO: found  5747 nlabel points
Performing mapping from target back to the source label 129562
Number of reverse mapping hits = 53
Checking for and removing duplicates
Writing label file ./rh.BA4a_exvivo.label 5800
mri_label2label: Done


 mri_label2label --srcsubject fsaverage --srclabel /out/sourcedata/freesurfer/fsaverage/label/rh.BA4p_exvivo.label --trgsubject sub-v2s4x29587_ses-1 --trglabel ./rh.BA4p_exvivo.label --hemi rh --regmethod surface 


srclabel = /out/sourcedata/freesurfer/fsaverage/label/rh.BA4p_exvivo.label
srcsubject = fsaverage
trgsubject = sub-v2s4x29587_ses-1
trglabel = ./rh.BA4p_exvivo.label
regmethod = surface

srchemi = rh
trghemi = rh
trgsurface = white
srcsurfreg = sphere.reg
trgsurfreg = sphere.reg
usehash = 1
Use ProjAbs  = 0, 0
Use ProjFrac = 0, 0
DoPaint 0

SUBJECTS_DIR    /out/sourcedata/freesurfer
FREESURFER_HOME /opt/freesurfer
Loading source label.
Found 4473 points in source label.
Starting surface-based mapping
Reading source registration 
 /out/sourcedata/freesurfer/fsaverage/surf/rh.sphere.reg
Rescaling ...  original radius = 100
Reading target surface 
 /out/sourcedata/freesurfer/sub-v2s4x29587_ses-1/surf/rh.white
Reading target registration 
 /out/sourcedata/freesurfer/sub-v2s4x29587_ses-1/surf/rh.sphere.reg
Rescaling ...  original radius = 100
Building target registration hash (res=16).
Building source registration hash (res=16).
INFO: found  4473 nlabel points
Performing mapping from target back to the source label 129562
Number of reverse mapping hits = 19
Checking for and removing duplicates
Writing label file ./rh.BA4p_exvivo.label 4492
mri_label2label: Done


 mri_label2label --srcsubject fsaverage --srclabel /out/sourcedata/freesurfer/fsaverage/label/rh.BA6_exvivo.label --trgsubject sub-v2s4x29587_ses-1 --trglabel ./rh.BA6_exvivo.label --hemi rh --regmethod surface 


srclabel = /out/sourcedata/freesurfer/fsaverage/label/rh.BA6_exvivo.label
srcsubject = fsaverage
trgsubject = sub-v2s4x29587_ses-1
trglabel = ./rh.BA6_exvivo.label
regmethod = surface

srchemi = rh
trghemi = rh
trgsurface = white
srcsurfreg = sphere.reg
trgsurfreg = sphere.reg
usehash = 1
Use ProjAbs  = 0, 0
Use ProjFrac = 0, 0
DoPaint 0

SUBJECTS_DIR    /out/sourcedata/freesurfer
FREESURFER_HOME /opt/freesurfer
Loading source label.
Found 12256 points in source label.
Starting surface-based mapping
Reading source registration 
 /out/sourcedata/freesurfer/fsaverage/surf/rh.sphere.reg
Rescaling ...  original radius = 100
Reading target surface 
 /out/sourcedata/freesurfer/sub-v2s4x29587_ses-1/surf/rh.white
Reading target registration 
 /out/sourcedata/freesurfer/sub-v2s4x29587_ses-1/surf/rh.sphere.reg
Rescaling ...  original radius = 100
Building target registration hash (res=16).
Building source registration hash (res=16).
INFO: found  12256 nlabel points
Performing mapping from target back to the source label 129562
Number of reverse mapping hits = 256
Checking for and removing duplicates
Writing label file ./rh.BA6_exvivo.label 12512
mri_label2label: Done


 mri_label2label --srcsubject fsaverage --srclabel /out/sourcedata/freesurfer/fsaverage/label/rh.BA44_exvivo.label --trgsubject sub-v2s4x29587_ses-1 --trglabel ./rh.BA44_exvivo.label --hemi rh --regmethod surface 


srclabel = /out/sourcedata/freesurfer/fsaverage/label/rh.BA44_exvivo.label
srcsubject = fsaverage
trgsubject = sub-v2s4x29587_ses-1
trglabel = ./rh.BA44_exvivo.label
regmethod = surface

srchemi = rh
trghemi = rh
trgsurface = white
srcsurfreg = sphere.reg
trgsurfreg = sphere.reg
usehash = 1
Use ProjAbs  = 0, 0
Use ProjFrac = 0, 0
DoPaint 0

SUBJECTS_DIR    /out/sourcedata/freesurfer
FREESURFER_HOME /opt/freesurfer
Loading source label.
Found 6912 points in source label.
Starting surface-based mapping
Reading source registration 
 /out/sourcedata/freesurfer/fsaverage/surf/rh.sphere.reg
Rescaling ...  original radius = 100
Reading target surface 
 /out/sourcedata/freesurfer/sub-v2s4x29587_ses-1/surf/rh.white
Reading target registration 
 /out/sourcedata/freesurfer/sub-v2s4x29587_ses-1/surf/rh.sphere.reg
Rescaling ...  original radius = 100
Building target registration hash (res=16).
Building source registration hash (res=16).
INFO: found  6912 nlabel points
Performing mapping from target back to the source label 129562
Number of reverse mapping hits = 234
Checking for and removing duplicates
Writing label file ./rh.BA44_exvivo.label 7146
mri_label2label: Done


 mri_label2label --srcsubject fsaverage --srclabel /out/sourcedata/freesurfer/fsaverage/label/rh.BA45_exvivo.label --trgsubject sub-v2s4x29587_ses-1 --trglabel ./rh.BA45_exvivo.label --hemi rh --regmethod surface 


srclabel = /out/sourcedata/freesurfer/fsaverage/label/rh.BA45_exvivo.label
srcsubject = fsaverage
trgsubject = sub-v2s4x29587_ses-1
trglabel = ./rh.BA45_exvivo.label
regmethod = surface

srchemi = rh
trghemi = rh
trgsurface = white
srcsurfreg = sphere.reg
trgsurfreg = sphere.reg
usehash = 1
Use ProjAbs  = 0, 0
Use ProjFrac = 0, 0
DoPaint 0

SUBJECTS_DIR    /out/sourcedata/freesurfer
FREESURFER_HOME /opt/freesurfer
Loading source label.
Found 5355 points in source label.
Starting surface-based mapping
Reading source registration 
 /out/sourcedata/freesurfer/fsaverage/surf/rh.sphere.reg
Rescaling ...  original radius = 100
Reading target surface 
 /out/sourcedata/freesurfer/sub-v2s4x29587_ses-1/surf/rh.white
Reading target registration 
 /out/sourcedata/freesurfer/sub-v2s4x29587_ses-1/surf/rh.sphere.reg
Rescaling ...  original radius = 100
Building target registration hash (res=16).
Building source registration hash (res=16).
INFO: found  5355 nlabel points
Performing mapping from target back to the source label 129562
Number of reverse mapping hits = 454
Checking for and removing duplicates
Writing label file ./rh.BA45_exvivo.label 5809
mri_label2label: Done


 mri_label2label --srcsubject fsaverage --srclabel /out/sourcedata/freesurfer/fsaverage/label/rh.V1_exvivo.label --trgsubject sub-v2s4x29587_ses-1 --trglabel ./rh.V1_exvivo.label --hemi rh --regmethod surface 


srclabel = /out/sourcedata/freesurfer/fsaverage/label/rh.V1_exvivo.label
srcsubject = fsaverage
trgsubject = sub-v2s4x29587_ses-1
trglabel = ./rh.V1_exvivo.label
regmethod = surface

srchemi = rh
trghemi = rh
trgsurface = white
srcsurfreg = sphere.reg
trgsurfreg = sphere.reg
usehash = 1
Use ProjAbs  = 0, 0
Use ProjFrac = 0, 0
DoPaint 0

SUBJECTS_DIR    /out/sourcedata/freesurfer
FREESURFER_HOME /opt/freesurfer
Loading source label.
Found 4727 points in source label.
Starting surface-based mapping
Reading source registration 
 /out/sourcedata/freesurfer/fsaverage/surf/rh.sphere.reg
Rescaling ...  original radius = 100
Reading target surface 
 /out/sourcedata/freesurfer/sub-v2s4x29587_ses-1/surf/rh.white
Reading target registration 
 /out/sourcedata/freesurfer/sub-v2s4x29587_ses-1/surf/rh.sphere.reg
Rescaling ...  original radius = 100
Building target registration hash (res=16).
Building source registration hash (res=16).
INFO: found  4727 nlabel points
Performing mapping from target back to the source label 129562
Number of reverse mapping hits = 1850
Checking for and removing duplicates
Writing label file ./rh.V1_exvivo.label 6577
mri_label2label: Done


 mri_label2label --srcsubject fsaverage --srclabel /out/sourcedata/freesurfer/fsaverage/label/rh.V2_exvivo.label --trgsubject sub-v2s4x29587_ses-1 --trglabel ./rh.V2_exvivo.label --hemi rh --regmethod surface 


srclabel = /out/sourcedata/freesurfer/fsaverage/label/rh.V2_exvivo.label
srcsubject = fsaverage
trgsubject = sub-v2s4x29587_ses-1
trglabel = ./rh.V2_exvivo.label
regmethod = surface

srchemi = rh
trghemi = rh
trgsurface = white
srcsurfreg = sphere.reg
trgsurfreg = sphere.reg
usehash = 1
Use ProjAbs  = 0, 0
Use ProjFrac = 0, 0
DoPaint 0

SUBJECTS_DIR    /out/sourcedata/freesurfer
FREESURFER_HOME /opt/freesurfer
Loading source label.
Found 8016 points in source label.
Starting surface-based mapping
Reading source registration 
 /out/sourcedata/freesurfer/fsaverage/surf/rh.sphere.reg
Rescaling ...  original radius = 100
Reading target surface 
 /out/sourcedata/freesurfer/sub-v2s4x29587_ses-1/surf/rh.white
Reading target registration 
 /out/sourcedata/freesurfer/sub-v2s4x29587_ses-1/surf/rh.sphere.reg
Rescaling ...  original radius = 100
Building target registration hash (res=16).
Building source registration hash (res=16).
INFO: found  8016 nlabel points
Performing mapping from target back to the source label 129562
Number of reverse mapping hits = 3143
Checking for and removing duplicates
Writing label file ./rh.V2_exvivo.label 11159
mri_label2label: Done


 mri_label2label --srcsubject fsaverage --srclabel /out/sourcedata/freesurfer/fsaverage/label/rh.MT_exvivo.label --trgsubject sub-v2s4x29587_ses-1 --trglabel ./rh.MT_exvivo.label --hemi rh --regmethod surface 


srclabel = /out/sourcedata/freesurfer/fsaverage/label/rh.MT_exvivo.label
srcsubject = fsaverage
trgsubject = sub-v2s4x29587_ses-1
trglabel = ./rh.MT_exvivo.label
regmethod = surface

srchemi = rh
trghemi = rh
trgsurface = white
srcsurfreg = sphere.reg
trgsurfreg = sphere.reg
usehash = 1
Use ProjAbs  = 0, 0
Use ProjFrac = 0, 0
DoPaint 0

SUBJECTS_DIR    /out/sourcedata/freesurfer
FREESURFER_HOME /opt/freesurfer
Loading source label.
Found 1932 points in source label.
Starting surface-based mapping
Reading source registration 
 /out/sourcedata/freesurfer/fsaverage/surf/rh.sphere.reg
Rescaling ...  original radius = 100
Reading target surface 
 /out/sourcedata/freesurfer/sub-v2s4x29587_ses-1/surf/rh.white
Reading target registration 
 /out/sourcedata/freesurfer/sub-v2s4x29587_ses-1/surf/rh.sphere.reg
Rescaling ...  original radius = 100
Building target registration hash (res=16).
Building source registration hash (res=16).
INFO: found  1932 nlabel points
Performing mapping from target back to the source label 129562
Number of reverse mapping hits = 504
Checking for and removing duplicates
Writing label file ./rh.MT_exvivo.label 2436
mri_label2label: Done


 mri_label2label --srcsubject fsaverage --srclabel /out/sourcedata/freesurfer/fsaverage/label/rh.entorhinal_exvivo.label --trgsubject sub-v2s4x29587_ses-1 --trglabel ./rh.entorhinal_exvivo.label --hemi rh --regmethod surface 


srclabel = /out/sourcedata/freesurfer/fsaverage/label/rh.entorhinal_exvivo.label
srcsubject = fsaverage
trgsubject = sub-v2s4x29587_ses-1
trglabel = ./rh.entorhinal_exvivo.label
regmethod = surface

srchemi = rh
trghemi = rh
trgsurface = white
srcsurfreg = sphere.reg
trgsurfreg = sphere.reg
usehash = 1
Use ProjAbs  = 0, 0
Use ProjFrac = 0, 0
DoPaint 0

SUBJECTS_DIR    /out/sourcedata/freesurfer
FREESURFER_HOME /opt/freesurfer
Loading source label.
Found 1038 points in source label.
Starting surface-based mapping
Reading source registration 
 /out/sourcedata/freesurfer/fsaverage/surf/rh.sphere.reg
Rescaling ...  original radius = 100
Reading target surface 
 /out/sourcedata/freesurfer/sub-v2s4x29587_ses-1/surf/rh.white
Reading target registration 
 /out/sourcedata/freesurfer/sub-v2s4x29587_ses-1/surf/rh.sphere.reg
Rescaling ...  original radius = 100
Building target registration hash (res=16).
Building source registration hash (res=16).
INFO: found  1038 nlabel points
Performing mapping from target back to the source label 129562
Number of reverse mapping hits = 28
Checking for and removing duplicates
Writing label file ./rh.entorhinal_exvivo.label 1066
mri_label2label: Done


 mri_label2label --srcsubject fsaverage --srclabel /out/sourcedata/freesurfer/fsaverage/label/rh.perirhinal_exvivo.label --trgsubject sub-v2s4x29587_ses-1 --trglabel ./rh.perirhinal_exvivo.label --hemi rh --regmethod surface 


srclabel = /out/sourcedata/freesurfer/fsaverage/label/rh.perirhinal_exvivo.label
srcsubject = fsaverage
trgsubject = sub-v2s4x29587_ses-1
trglabel = ./rh.perirhinal_exvivo.label
regmethod = surface

srchemi = rh
trghemi = rh
trgsurface = white
srcsurfreg = sphere.reg
trgsurfreg = sphere.reg
usehash = 1
Use ProjAbs  = 0, 0
Use ProjFrac = 0, 0
DoPaint 0

SUBJECTS_DIR    /out/sourcedata/freesurfer
FREESURFER_HOME /opt/freesurfer
Loading source label.
Found 752 points in source label.
Starting surface-based mapping
Reading source registration 
 /out/sourcedata/freesurfer/fsaverage/surf/rh.sphere.reg
Rescaling ...  original radius = 100
Reading target surface 
 /out/sourcedata/freesurfer/sub-v2s4x29587_ses-1/surf/rh.white
Reading target registration 
 /out/sourcedata/freesurfer/sub-v2s4x29587_ses-1/surf/rh.sphere.reg
Rescaling ...  original radius = 100
Building target registration hash (res=16).
Building source registration hash (res=16).
INFO: found  752 nlabel points
Performing mapping from target back to the source label 129562
Number of reverse mapping hits = 20
Checking for and removing duplicates
Writing label file ./rh.perirhinal_exvivo.label 772
mri_label2label: Done


 mri_label2label --srcsubject fsaverage --srclabel /out/sourcedata/freesurfer/fsaverage/label/rh.FG1.mpm.vpnl.label --trgsubject sub-v2s4x29587_ses-1 --trglabel ./rh.FG1.mpm.vpnl.label --hemi rh --regmethod surface 


srclabel = /out/sourcedata/freesurfer/fsaverage/label/rh.FG1.mpm.vpnl.label
srcsubject = fsaverage
trgsubject = sub-v2s4x29587_ses-1
trglabel = ./rh.FG1.mpm.vpnl.label
regmethod = surface

srchemi = rh
trghemi = rh
trgsurface = white
srcsurfreg = sphere.reg
trgsurfreg = sphere.reg
usehash = 1
Use ProjAbs  = 0, 0
Use ProjFrac = 0, 0
DoPaint 0

SUBJECTS_DIR    /out/sourcedata/freesurfer
FREESURFER_HOME /opt/freesurfer
Loading source label.
Found 541 points in source label.
Starting surface-based mapping
Reading source registration 
 /out/sourcedata/freesurfer/fsaverage/surf/rh.sphere.reg
Rescaling ...  original radius = 100
Reading target surface 
 /out/sourcedata/freesurfer/sub-v2s4x29587_ses-1/surf/rh.white
Reading target registration 
 /out/sourcedata/freesurfer/sub-v2s4x29587_ses-1/surf/rh.sphere.reg
Rescaling ...  original radius = 100
Building target registration hash (res=16).
Building source registration hash (res=16).
INFO: found  541 nlabel points
Performing mapping from target back to the source label 129562
Number of reverse mapping hits = 228
Checking for and removing duplicates
Writing label file ./rh.FG1.mpm.vpnl.label 769
mri_label2label: Done


 mri_label2label --srcsubject fsaverage --srclabel /out/sourcedata/freesurfer/fsaverage/label/rh.FG2.mpm.vpnl.label --trgsubject sub-v2s4x29587_ses-1 --trglabel ./rh.FG2.mpm.vpnl.label --hemi rh --regmethod surface 


srclabel = /out/sourcedata/freesurfer/fsaverage/label/rh.FG2.mpm.vpnl.label
srcsubject = fsaverage
trgsubject = sub-v2s4x29587_ses-1
trglabel = ./rh.FG2.mpm.vpnl.label
regmethod = surface

srchemi = rh
trghemi = rh
trgsurface = white
srcsurfreg = sphere.reg
trgsurfreg = sphere.reg
usehash = 1
Use ProjAbs  = 0, 0
Use ProjFrac = 0, 0
DoPaint 0

SUBJECTS_DIR    /out/sourcedata/freesurfer
FREESURFER_HOME /opt/freesurfer
Loading source label.
Found 721 points in source label.
Starting surface-based mapping
Reading source registration 
 /out/sourcedata/freesurfer/fsaverage/surf/rh.sphere.reg
Rescaling ...  original radius = 100
Reading target surface 
 /out/sourcedata/freesurfer/sub-v2s4x29587_ses-1/surf/rh.white
Reading target registration 
 /out/sourcedata/freesurfer/sub-v2s4x29587_ses-1/surf/rh.sphere.reg
Rescaling ...  original radius = 100
Building target registration hash (res=16).
Building source registration hash (res=16).
INFO: found  721 nlabel points
Performing mapping from target back to the source label 129562
Number of reverse mapping hits = 346
Checking for and removing duplicates
Writing label file ./rh.FG2.mpm.vpnl.label 1067
mri_label2label: Done


 mri_label2label --srcsubject fsaverage --srclabel /out/sourcedata/freesurfer/fsaverage/label/rh.FG3.mpm.vpnl.label --trgsubject sub-v2s4x29587_ses-1 --trglabel ./rh.FG3.mpm.vpnl.label --hemi rh --regmethod surface 


srclabel = /out/sourcedata/freesurfer/fsaverage/label/rh.FG3.mpm.vpnl.label
srcsubject = fsaverage
trgsubject = sub-v2s4x29587_ses-1
trglabel = ./rh.FG3.mpm.vpnl.label
regmethod = surface

srchemi = rh
trghemi = rh
trgsurface = white
srcsurfreg = sphere.reg
trgsurfreg = sphere.reg
usehash = 1
Use ProjAbs  = 0, 0
Use ProjFrac = 0, 0
DoPaint 0

SUBJECTS_DIR    /out/sourcedata/freesurfer
FREESURFER_HOME /opt/freesurfer
Loading source label.
Found 1523 points in source label.
Starting surface-based mapping
Reading source registration 
 /out/sourcedata/freesurfer/fsaverage/surf/rh.sphere.reg
Rescaling ...  original radius = 100
Reading target surface 
 /out/sourcedata/freesurfer/sub-v2s4x29587_ses-1/surf/rh.white
Reading target registration 
 /out/sourcedata/freesurfer/sub-v2s4x29587_ses-1/surf/rh.sphere.reg
Rescaling ...  original radius = 100
Building target registration hash (res=16).
Building source registration hash (res=16).
INFO: found  1523 nlabel points
Performing mapping from target back to the source label 129562
Number of reverse mapping hits = 295
Checking for and removing duplicates
Writing label file ./rh.FG3.mpm.vpnl.label 1818
mri_label2label: Done


 mri_label2label --srcsubject fsaverage --srclabel /out/sourcedata/freesurfer/fsaverage/label/rh.FG4.mpm.vpnl.label --trgsubject sub-v2s4x29587_ses-1 --trglabel ./rh.FG4.mpm.vpnl.label --hemi rh --regmethod surface 


srclabel = /out/sourcedata/freesurfer/fsaverage/label/rh.FG4.mpm.vpnl.label
srcsubject = fsaverage
trgsubject = sub-v2s4x29587_ses-1
trglabel = ./rh.FG4.mpm.vpnl.label
regmethod = surface

srchemi = rh
trghemi = rh
trgsurface = white
srcsurfreg = sphere.reg
trgsurfreg = sphere.reg
usehash = 1
Use ProjAbs  = 0, 0
Use ProjFrac = 0, 0
DoPaint 0

SUBJECTS_DIR    /out/sourcedata/freesurfer
FREESURFER_HOME /opt/freesurfer
Loading source label.
Found 1586 points in source label.
Starting surface-based mapping
Reading source registration 
 /out/sourcedata/freesurfer/fsaverage/surf/rh.sphere.reg
Rescaling ...  original radius = 100
Reading target surface 
 /out/sourcedata/freesurfer/sub-v2s4x29587_ses-1/surf/rh.white
Reading target registration 
 /out/sourcedata/freesurfer/sub-v2s4x29587_ses-1/surf/rh.sphere.reg
Rescaling ...  original radius = 100
Building target registration hash (res=16).
Building source registration hash (res=16).
INFO: found  1586 nlabel points
Performing mapping from target back to the source label 129562
Number of reverse mapping hits = 585
Checking for and removing duplicates
Writing label file ./rh.FG4.mpm.vpnl.label 2171
mri_label2label: Done


 mri_label2label --srcsubject fsaverage --srclabel /out/sourcedata/freesurfer/fsaverage/label/rh.hOc1.mpm.vpnl.label --trgsubject sub-v2s4x29587_ses-1 --trglabel ./rh.hOc1.mpm.vpnl.label --hemi rh --regmethod surface 


srclabel = /out/sourcedata/freesurfer/fsaverage/label/rh.hOc1.mpm.vpnl.label
srcsubject = fsaverage
trgsubject = sub-v2s4x29587_ses-1
trglabel = ./rh.hOc1.mpm.vpnl.label
regmethod = surface

srchemi = rh
trghemi = rh
trgsurface = white
srcsurfreg = sphere.reg
trgsurfreg = sphere.reg
usehash = 1
Use ProjAbs  = 0, 0
Use ProjFrac = 0, 0
DoPaint 0

SUBJECTS_DIR    /out/sourcedata/freesurfer
FREESURFER_HOME /opt/freesurfer
Loading source label.
Found 3667 points in source label.
Starting surface-based mapping
Reading source registration 
 /out/sourcedata/freesurfer/fsaverage/surf/rh.sphere.reg
Rescaling ...  original radius = 100
Reading target surface 
 /out/sourcedata/freesurfer/sub-v2s4x29587_ses-1/surf/rh.white
Reading target registration 
 /out/sourcedata/freesurfer/sub-v2s4x29587_ses-1/surf/rh.sphere.reg
Rescaling ...  original radius = 100
Building target registration hash (res=16).
Building source registration hash (res=16).
INFO: found  3667 nlabel points
Performing mapping from target back to the source label 129562
Number of reverse mapping hits = 1411
Checking for and removing duplicates
Writing label file ./rh.hOc1.mpm.vpnl.label 5078
mri_label2label: Done


 mri_label2label --srcsubject fsaverage --srclabel /out/sourcedata/freesurfer/fsaverage/label/rh.hOc2.mpm.vpnl.label --trgsubject sub-v2s4x29587_ses-1 --trglabel ./rh.hOc2.mpm.vpnl.label --hemi rh --regmethod surface 


srclabel = /out/sourcedata/freesurfer/fsaverage/label/rh.hOc2.mpm.vpnl.label
srcsubject = fsaverage
trgsubject = sub-v2s4x29587_ses-1
trglabel = ./rh.hOc2.mpm.vpnl.label
regmethod = surface

srchemi = rh
trghemi = rh
trgsurface = white
srcsurfreg = sphere.reg
trgsurfreg = sphere.reg
usehash = 1
Use ProjAbs  = 0, 0
Use ProjFrac = 0, 0
DoPaint 0

SUBJECTS_DIR    /out/sourcedata/freesurfer
FREESURFER_HOME /opt/freesurfer
Loading source label.
Found 2719 points in source label.
Starting surface-based mapping
Reading source registration 
 /out/sourcedata/freesurfer/fsaverage/surf/rh.sphere.reg
Rescaling ...  original radius = 100
Reading target surface 
 /out/sourcedata/freesurfer/sub-v2s4x29587_ses-1/surf/rh.white
Reading target registration 
 /out/sourcedata/freesurfer/sub-v2s4x29587_ses-1/surf/rh.sphere.reg
Rescaling ...  original radius = 100
Building target registration hash (res=16).
Building source registration hash (res=16).
INFO: found  2719 nlabel points
Performing mapping from target back to the source label 129562
Number of reverse mapping hits = 1204
Checking for and removing duplicates
Writing label file ./rh.hOc2.mpm.vpnl.label 3923
mri_label2label: Done


 mri_label2label --srcsubject fsaverage --srclabel /out/sourcedata/freesurfer/fsaverage/label/rh.hOc3v.mpm.vpnl.label --trgsubject sub-v2s4x29587_ses-1 --trglabel ./rh.hOc3v.mpm.vpnl.label --hemi rh --regmethod surface 


srclabel = /out/sourcedata/freesurfer/fsaverage/label/rh.hOc3v.mpm.vpnl.label
srcsubject = fsaverage
trgsubject = sub-v2s4x29587_ses-1
trglabel = ./rh.hOc3v.mpm.vpnl.label
regmethod = surface

srchemi = rh
trghemi = rh
trgsurface = white
srcsurfreg = sphere.reg
trgsurfreg = sphere.reg
usehash = 1
Use ProjAbs  = 0, 0
Use ProjFrac = 0, 0
DoPaint 0

SUBJECTS_DIR    /out/sourcedata/freesurfer
FREESURFER_HOME /opt/freesurfer
Loading source label.
Found 1228 points in source label.
Starting surface-based mapping
Reading source registration 
 /out/sourcedata/freesurfer/fsaverage/surf/rh.sphere.reg
Rescaling ...  original radius = 100
Reading target surface 
 /out/sourcedata/freesurfer/sub-v2s4x29587_ses-1/surf/rh.white
Reading target registration 
 /out/sourcedata/freesurfer/sub-v2s4x29587_ses-1/surf/rh.sphere.reg
Rescaling ...  original radius = 100
Building target registration hash (res=16).
Building source registration hash (res=16).
INFO: found  1228 nlabel points
Performing mapping from target back to the source label 129562
Number of reverse mapping hits = 602
Checking for and removing duplicates
Writing label file ./rh.hOc3v.mpm.vpnl.label 1830
mri_label2label: Done


 mri_label2label --srcsubject fsaverage --srclabel /out/sourcedata/freesurfer/fsaverage/label/rh.hOc4v.mpm.vpnl.label --trgsubject sub-v2s4x29587_ses-1 --trglabel ./rh.hOc4v.mpm.vpnl.label --hemi rh --regmethod surface 


srclabel = /out/sourcedata/freesurfer/fsaverage/label/rh.hOc4v.mpm.vpnl.label
srcsubject = fsaverage
trgsubject = sub-v2s4x29587_ses-1
trglabel = ./rh.hOc4v.mpm.vpnl.label
regmethod = surface

srchemi = rh
trghemi = rh
trgsurface = white
srcsurfreg = sphere.reg
trgsurfreg = sphere.reg
usehash = 1
Use ProjAbs  = 0, 0
Use ProjFrac = 0, 0
DoPaint 0

SUBJECTS_DIR    /out/sourcedata/freesurfer
FREESURFER_HOME /opt/freesurfer
Loading source label.
Found 1025 points in source label.
Starting surface-based mapping
Reading source registration 
 /out/sourcedata/freesurfer/fsaverage/surf/rh.sphere.reg
Rescaling ...  original radius = 100
Reading target surface 
 /out/sourcedata/freesurfer/sub-v2s4x29587_ses-1/surf/rh.white
Reading target registration 
 /out/sourcedata/freesurfer/sub-v2s4x29587_ses-1/surf/rh.sphere.reg
Rescaling ...  original radius = 100
Building target registration hash (res=16).
Building source registration hash (res=16).
INFO: found  1025 nlabel points
Performing mapping from target back to the source label 129562
Number of reverse mapping hits = 555
Checking for and removing duplicates
Writing label file ./rh.hOc4v.mpm.vpnl.label 1580
mri_label2label: Done


 mris_label2annot --s sub-v2s4x29587_ses-1 --ctab /opt/freesurfer/average/colortable_vpnl.txt --hemi rh --a mpm.vpnl --maxstatwinner --noverbose --l rh.FG1.mpm.vpnl.label --l rh.FG2.mpm.vpnl.label --l rh.FG3.mpm.vpnl.label --l rh.FG4.mpm.vpnl.label --l rh.hOc1.mpm.vpnl.label --l rh.hOc2.mpm.vpnl.label --l rh.hOc3v.mpm.vpnl.label --l rh.hOc4v.mpm.vpnl.label 

Reading ctab /opt/freesurfer/average/colortable_vpnl.txt
Number of ctab entries 9

7.3.2
cwd /out/sourcedata/freesurfer/sub-v2s4x29587_ses-1/label
cmdline mris_label2annot --s sub-v2s4x29587_ses-1 --ctab /opt/freesurfer/average/colortable_vpnl.txt --hemi rh --a mpm.vpnl --maxstatwinner --noverbose --l rh.FG1.mpm.vpnl.label --l rh.FG2.mpm.vpnl.label --l rh.FG3.mpm.vpnl.label --l rh.FG4.mpm.vpnl.label --l rh.hOc1.mpm.vpnl.label --l rh.hOc2.mpm.vpnl.label --l rh.hOc3v.mpm.vpnl.label --l rh.hOc4v.mpm.vpnl.label 
sysname  Linux
hostname dna061
machine  x86_64
user     oesteban

subject sub-v2s4x29587_ses-1
hemi    rh
SUBJECTS_DIR /out/sourcedata/freesurfer
ColorTable /opt/freesurfer/average/colortable_vpnl.txt
AnnotName  mpm.vpnl
nlables 8
LabelThresh 0 0.000000
Loading /out/sourcedata/freesurfer/sub-v2s4x29587_ses-1/surf/rh.orig
 1 1376057 FG1
 2 16711935 FG2
 3 16711680 FG3
 4 1705837 FG4
 5 25600 hOc1
 6 255 hOc2
 7 16776960 hOc3v
 8 65535 hOc4v
Mapping unhit to unknown
Found 112011 unhit vertices
Writing annot to /out/sourcedata/freesurfer/sub-v2s4x29587_ses-1/label/rh.mpm.vpnl.annot

 mri_label2label --srcsubject fsaverage --srclabel /out/sourcedata/freesurfer/fsaverage/label/rh.BA1_exvivo.thresh.label --trgsubject sub-v2s4x29587_ses-1 --trglabel ./rh.BA1_exvivo.thresh.label --hemi rh --regmethod surface 


srclabel = /out/sourcedata/freesurfer/fsaverage/label/rh.BA1_exvivo.thresh.label
srcsubject = fsaverage
trgsubject = sub-v2s4x29587_ses-1
trglabel = ./rh.BA1_exvivo.thresh.label
regmethod = surface

srchemi = rh
trghemi = rh
trgsurface = white
srcsurfreg = sphere.reg
trgsurfreg = sphere.reg
usehash = 1
Use ProjAbs  = 0, 0
Use ProjFrac = 0, 0
DoPaint 0

SUBJECTS_DIR    /out/sourcedata/freesurfer
FREESURFER_HOME /opt/freesurfer
Loading source label.
Found 876 points in source label.
Starting surface-based mapping
Reading source registration 
 /out/sourcedata/freesurfer/fsaverage/surf/rh.sphere.reg
Rescaling ...  original radius = 100
Reading target surface 
 /out/sourcedata/freesurfer/sub-v2s4x29587_ses-1/surf/rh.white
Reading target registration 
 /out/sourcedata/freesurfer/sub-v2s4x29587_ses-1/surf/rh.sphere.reg
Rescaling ...  original radius = 100
Building target registration hash (res=16).
Building source registration hash (res=16).
INFO: found  876 nlabel points
Performing mapping from target back to the source label 129562
Number of reverse mapping hits = 36
Checking for and removing duplicates
Writing label file ./rh.BA1_exvivo.thresh.label 912
mri_label2label: Done


 mri_label2label --srcsubject fsaverage --srclabel /out/sourcedata/freesurfer/fsaverage/label/rh.BA2_exvivo.thresh.label --trgsubject sub-v2s4x29587_ses-1 --trglabel ./rh.BA2_exvivo.thresh.label --hemi rh --regmethod surface 


srclabel = /out/sourcedata/freesurfer/fsaverage/label/rh.BA2_exvivo.thresh.label
srcsubject = fsaverage
trgsubject = sub-v2s4x29587_ses-1
trglabel = ./rh.BA2_exvivo.thresh.label
regmethod = surface

srchemi = rh
trghemi = rh
trgsurface = white
srcsurfreg = sphere.reg
trgsurfreg = sphere.reg
usehash = 1
Use ProjAbs  = 0, 0
Use ProjFrac = 0, 0
DoPaint 0

SUBJECTS_DIR    /out/sourcedata/freesurfer
FREESURFER_HOME /opt/freesurfer
Loading source label.
Found 2688 points in source label.
Starting surface-based mapping
Reading source registration 
 /out/sourcedata/freesurfer/fsaverage/surf/rh.sphere.reg
Rescaling ...  original radius = 100
Reading target surface 
 /out/sourcedata/freesurfer/sub-v2s4x29587_ses-1/surf/rh.white
Reading target registration 
 /out/sourcedata/freesurfer/sub-v2s4x29587_ses-1/surf/rh.sphere.reg
Rescaling ...  original radius = 100
Building target registration hash (res=16).
Building source registration hash (res=16).
INFO: found  2688 nlabel points
Performing mapping from target back to the source label 129562
Number of reverse mapping hits = 21
Checking for and removing duplicates
Writing label file ./rh.BA2_exvivo.thresh.label 2709
mri_label2label: Done


 mri_label2label --srcsubject fsaverage --srclabel /out/sourcedata/freesurfer/fsaverage/label/rh.BA3a_exvivo.thresh.label --trgsubject sub-v2s4x29587_ses-1 --trglabel ./rh.BA3a_exvivo.thresh.label --hemi rh --regmethod surface 


srclabel = /out/sourcedata/freesurfer/fsaverage/label/rh.BA3a_exvivo.thresh.label
srcsubject = fsaverage
trgsubject = sub-v2s4x29587_ses-1
trglabel = ./rh.BA3a_exvivo.thresh.label
regmethod = surface

srchemi = rh
trghemi = rh
trgsurface = white
srcsurfreg = sphere.reg
trgsurfreg = sphere.reg
usehash = 1
Use ProjAbs  = 0, 0
Use ProjFrac = 0, 0
DoPaint 0

SUBJECTS_DIR    /out/sourcedata/freesurfer
FREESURFER_HOME /opt/freesurfer
Loading source label.
Found 1698 points in source label.
Starting surface-based mapping
Reading source registration 
 /out/sourcedata/freesurfer/fsaverage/surf/rh.sphere.reg
Rescaling ...  original radius = 100
Reading target surface 
 /out/sourcedata/freesurfer/sub-v2s4x29587_ses-1/surf/rh.white
Reading target registration 
 /out/sourcedata/freesurfer/sub-v2s4x29587_ses-1/surf/rh.sphere.reg
Rescaling ...  original radius = 100
Building target registration hash (res=16).
Building source registration hash (res=16).
INFO: found  1698 nlabel points
Performing mapping from target back to the source label 129562
Number of reverse mapping hits = 3
Checking for and removing duplicates
Writing label file ./rh.BA3a_exvivo.thresh.label 1701
mri_label2label: Done


 mri_label2label --srcsubject fsaverage --srclabel /out/sourcedata/freesurfer/fsaverage/label/rh.BA3b_exvivo.thresh.label --trgsubject sub-v2s4x29587_ses-1 --trglabel ./rh.BA3b_exvivo.thresh.label --hemi rh --regmethod surface 


srclabel = /out/sourcedata/freesurfer/fsaverage/label/rh.BA3b_exvivo.thresh.label
srcsubject = fsaverage
trgsubject = sub-v2s4x29587_ses-1
trglabel = ./rh.BA3b_exvivo.thresh.label
regmethod = surface

srchemi = rh
trghemi = rh
trgsurface = white
srcsurfreg = sphere.reg
trgsurfreg = sphere.reg
usehash = 1
Use ProjAbs  = 0, 0
Use ProjFrac = 0, 0
DoPaint 0

SUBJECTS_DIR    /out/sourcedata/freesurfer
FREESURFER_HOME /opt/freesurfer
Loading source label.
Found 2183 points in source label.
Starting surface-based mapping
Reading source registration 
 /out/sourcedata/freesurfer/fsaverage/surf/rh.sphere.reg
Rescaling ...  original radius = 100
Reading target surface 
 /out/sourcedata/freesurfer/sub-v2s4x29587_ses-1/surf/rh.white
Reading target registration 
 /out/sourcedata/freesurfer/sub-v2s4x29587_ses-1/surf/rh.sphere.reg
Rescaling ...  original radius = 100
Building target registration hash (res=16).
Building source registration hash (res=16).
INFO: found  2183 nlabel points
Performing mapping from target back to the source label 129562
Number of reverse mapping hits = 22
Checking for and removing duplicates
Writing label file ./rh.BA3b_exvivo.thresh.label 2205
mri_label2label: Done


 mri_label2label --srcsubject fsaverage --srclabel /out/sourcedata/freesurfer/fsaverage/label/rh.BA4a_exvivo.thresh.label --trgsubject sub-v2s4x29587_ses-1 --trglabel ./rh.BA4a_exvivo.thresh.label --hemi rh --regmethod surface 


srclabel = /out/sourcedata/freesurfer/fsaverage/label/rh.BA4a_exvivo.thresh.label
srcsubject = fsaverage
trgsubject = sub-v2s4x29587_ses-1
trglabel = ./rh.BA4a_exvivo.thresh.label
regmethod = surface

srchemi = rh
trghemi = rh
trgsurface = white
srcsurfreg = sphere.reg
trgsurfreg = sphere.reg
usehash = 1
Use ProjAbs  = 0, 0
Use ProjFrac = 0, 0
DoPaint 0

SUBJECTS_DIR    /out/sourcedata/freesurfer
FREESURFER_HOME /opt/freesurfer
Loading source label.
Found 1388 points in source label.
Starting surface-based mapping
Reading source registration 
 /out/sourcedata/freesurfer/fsaverage/surf/rh.sphere.reg
Rescaling ...  original radius = 100
Reading target surface 
 /out/sourcedata/freesurfer/sub-v2s4x29587_ses-1/surf/rh.white
Reading target registration 
 /out/sourcedata/freesurfer/sub-v2s4x29587_ses-1/surf/rh.sphere.reg
Rescaling ...  original radius = 100
Building target registration hash (res=16).
Building source registration hash (res=16).
INFO: found  1388 nlabel points
Performing mapping from target back to the source label 129562
Number of reverse mapping hits = 8
Checking for and removing duplicates
Writing label file ./rh.BA4a_exvivo.thresh.label 1396
mri_label2label: Done


 mri_label2label --srcsubject fsaverage --srclabel /out/sourcedata/freesurfer/fsaverage/label/rh.BA4p_exvivo.thresh.label --trgsubject sub-v2s4x29587_ses-1 --trglabel ./rh.BA4p_exvivo.thresh.label --hemi rh --regmethod surface 


srclabel = /out/sourcedata/freesurfer/fsaverage/label/rh.BA4p_exvivo.thresh.label
srcsubject = fsaverage
trgsubject = sub-v2s4x29587_ses-1
trglabel = ./rh.BA4p_exvivo.thresh.label
regmethod = surface

srchemi = rh
trghemi = rh
trgsurface = white
srcsurfreg = sphere.reg
trgsurfreg = sphere.reg
usehash = 1
Use ProjAbs  = 0, 0
Use ProjFrac = 0, 0
DoPaint 0

SUBJECTS_DIR    /out/sourcedata/freesurfer
FREESURFER_HOME /opt/freesurfer
Loading source label.
Found 1489 points in source label.
Starting surface-based mapping
Reading source registration 
 /out/sourcedata/freesurfer/fsaverage/surf/rh.sphere.reg
Rescaling ...  original radius = 100
Reading target surface 
 /out/sourcedata/freesurfer/sub-v2s4x29587_ses-1/surf/rh.white
Reading target registration 
 /out/sourcedata/freesurfer/sub-v2s4x29587_ses-1/surf/rh.sphere.reg
Rescaling ...  original radius = 100
Building target registration hash (res=16).
Building source registration hash (res=16).
INFO: found  1489 nlabel points
Performing mapping from target back to the source label 129562
Number of reverse mapping hits = 9
Checking for and removing duplicates
Writing label file ./rh.BA4p_exvivo.thresh.label 1498
mri_label2label: Done


 mri_label2label --srcsubject fsaverage --srclabel /out/sourcedata/freesurfer/fsaverage/label/rh.BA6_exvivo.thresh.label --trgsubject sub-v2s4x29587_ses-1 --trglabel ./rh.BA6_exvivo.thresh.label --hemi rh --regmethod surface 


srclabel = /out/sourcedata/freesurfer/fsaverage/label/rh.BA6_exvivo.thresh.label
srcsubject = fsaverage
trgsubject = sub-v2s4x29587_ses-1
trglabel = ./rh.BA6_exvivo.thresh.label
regmethod = surface

srchemi = rh
trghemi = rh
trgsurface = white
srcsurfreg = sphere.reg
trgsurfreg = sphere.reg
usehash = 1
Use ProjAbs  = 0, 0
Use ProjFrac = 0, 0
DoPaint 0

SUBJECTS_DIR    /out/sourcedata/freesurfer
FREESURFER_HOME /opt/freesurfer
Loading source label.
Found 6959 points in source label.
Starting surface-based mapping
Reading source registration 
 /out/sourcedata/freesurfer/fsaverage/surf/rh.sphere.reg
Rescaling ...  original radius = 100
Reading target surface 
 /out/sourcedata/freesurfer/sub-v2s4x29587_ses-1/surf/rh.white
Reading target registration 
 /out/sourcedata/freesurfer/sub-v2s4x29587_ses-1/surf/rh.sphere.reg
Rescaling ...  original radius = 100
Building target registration hash (res=16).
Building source registration hash (res=16).
INFO: found  6959 nlabel points
Performing mapping from target back to the source label 129562
Number of reverse mapping hits = 101
Checking for and removing duplicates
Writing label file ./rh.BA6_exvivo.thresh.label 7060
mri_label2label: Done


 mri_label2label --srcsubject fsaverage --srclabel /out/sourcedata/freesurfer/fsaverage/label/rh.BA44_exvivo.thresh.label --trgsubject sub-v2s4x29587_ses-1 --trglabel ./rh.BA44_exvivo.thresh.label --hemi rh --regmethod surface 


srclabel = /out/sourcedata/freesurfer/fsaverage/label/rh.BA44_exvivo.thresh.label
srcsubject = fsaverage
trgsubject = sub-v2s4x29587_ses-1
trglabel = ./rh.BA44_exvivo.thresh.label
regmethod = surface

srchemi = rh
trghemi = rh
trgsurface = white
srcsurfreg = sphere.reg
trgsurfreg = sphere.reg
usehash = 1
Use ProjAbs  = 0, 0
Use ProjFrac = 0, 0
DoPaint 0

SUBJECTS_DIR    /out/sourcedata/freesurfer
FREESURFER_HOME /opt/freesurfer
Loading source label.
Found 1012 points in source label.
Starting surface-based mapping
Reading source registration 
 /out/sourcedata/freesurfer/fsaverage/surf/rh.sphere.reg
Rescaling ...  original radius = 100
Reading target surface 
 /out/sourcedata/freesurfer/sub-v2s4x29587_ses-1/surf/rh.white
Reading target registration 
 /out/sourcedata/freesurfer/sub-v2s4x29587_ses-1/surf/rh.sphere.reg
Rescaling ...  original radius = 100
Building target registration hash (res=16).
Building source registration hash (res=16).
INFO: found  1012 nlabel points
Performing mapping from target back to the source label 129562
Number of reverse mapping hits = 21
Checking for and removing duplicates
Writing label file ./rh.BA44_exvivo.thresh.label 1033
mri_label2label: Done


 mri_label2label --srcsubject fsaverage --srclabel /out/sourcedata/freesurfer/fsaverage/label/rh.BA45_exvivo.thresh.label --trgsubject sub-v2s4x29587_ses-1 --trglabel ./rh.BA45_exvivo.thresh.label --hemi rh --regmethod surface 


srclabel = /out/sourcedata/freesurfer/fsaverage/label/rh.BA45_exvivo.thresh.label
srcsubject = fsaverage
trgsubject = sub-v2s4x29587_ses-1
trglabel = ./rh.BA45_exvivo.thresh.label
regmethod = surface

srchemi = rh
trghemi = rh
trgsurface = white
srcsurfreg = sphere.reg
trgsurfreg = sphere.reg
usehash = 1
Use ProjAbs  = 0, 0
Use ProjFrac = 0, 0
DoPaint 0

SUBJECTS_DIR    /out/sourcedata/freesurfer
FREESURFER_HOME /opt/freesurfer
Loading source label.
Found 1178 points in source label.
Starting surface-based mapping
Reading source registration 
 /out/sourcedata/freesurfer/fsaverage/surf/rh.sphere.reg
Rescaling ...  original radius = 100
Reading target surface 
 /out/sourcedata/freesurfer/sub-v2s4x29587_ses-1/surf/rh.white
Reading target registration 
 /out/sourcedata/freesurfer/sub-v2s4x29587_ses-1/surf/rh.sphere.reg
Rescaling ...  original radius = 100
Building target registration hash (res=16).
Building source registration hash (res=16).
INFO: found  1178 nlabel points
Performing mapping from target back to the source label 129562
Number of reverse mapping hits = 38
Checking for and removing duplicates
Writing label file ./rh.BA45_exvivo.thresh.label 1216
mri_label2label: Done


 mri_label2label --srcsubject fsaverage --srclabel /out/sourcedata/freesurfer/fsaverage/label/rh.V1_exvivo.thresh.label --trgsubject sub-v2s4x29587_ses-1 --trglabel ./rh.V1_exvivo.thresh.label --hemi rh --regmethod surface 


srclabel = /out/sourcedata/freesurfer/fsaverage/label/rh.V1_exvivo.thresh.label
srcsubject = fsaverage
trgsubject = sub-v2s4x29587_ses-1
trglabel = ./rh.V1_exvivo.thresh.label
regmethod = surface

srchemi = rh
trghemi = rh
trgsurface = white
srcsurfreg = sphere.reg
trgsurfreg = sphere.reg
usehash = 1
Use ProjAbs  = 0, 0
Use ProjFrac = 0, 0
DoPaint 0

SUBJECTS_DIR    /out/sourcedata/freesurfer
FREESURFER_HOME /opt/freesurfer
Loading source label.
Found 3232 points in source label.
Starting surface-based mapping
Reading source registration 
 /out/sourcedata/freesurfer/fsaverage/surf/rh.sphere.reg
Rescaling ...  original radius = 100
Reading target surface 
 /out/sourcedata/freesurfer/sub-v2s4x29587_ses-1/surf/rh.white
Reading target registration 
 /out/sourcedata/freesurfer/sub-v2s4x29587_ses-1/surf/rh.sphere.reg
Rescaling ...  original radius = 100
Building target registration hash (res=16).
Building source registration hash (res=16).
INFO: found  3232 nlabel points
Performing mapping from target back to the source label 129562
Number of reverse mapping hits = 1263
Checking for and removing duplicates
Writing label file ./rh.V1_exvivo.thresh.label 4495
mri_label2label: Done


 mri_label2label --srcsubject fsaverage --srclabel /out/sourcedata/freesurfer/fsaverage/label/rh.V2_exvivo.thresh.label --trgsubject sub-v2s4x29587_ses-1 --trglabel ./rh.V2_exvivo.thresh.label --hemi rh --regmethod surface 


srclabel = /out/sourcedata/freesurfer/fsaverage/label/rh.V2_exvivo.thresh.label
srcsubject = fsaverage
trgsubject = sub-v2s4x29587_ses-1
trglabel = ./rh.V2_exvivo.thresh.label
regmethod = surface

srchemi = rh
trghemi = rh
trgsurface = white
srcsurfreg = sphere.reg
trgsurfreg = sphere.reg
usehash = 1
Use ProjAbs  = 0, 0
Use ProjFrac = 0, 0
DoPaint 0

SUBJECTS_DIR    /out/sourcedata/freesurfer
FREESURFER_HOME /opt/freesurfer
Loading source label.
Found 3437 points in source label.
Starting surface-based mapping
Reading source registration 
 /out/sourcedata/freesurfer/fsaverage/surf/rh.sphere.reg
Rescaling ...  original radius = 100
Reading target surface 
 /out/sourcedata/freesurfer/sub-v2s4x29587_ses-1/surf/rh.white
Reading target registration 
 /out/sourcedata/freesurfer/sub-v2s4x29587_ses-1/surf/rh.sphere.reg
Rescaling ...  original radius = 100
Building target registration hash (res=16).
Building source registration hash (res=16).
INFO: found  3437 nlabel points
Performing mapping from target back to the source label 129562
Number of reverse mapping hits = 1458
Checking for and removing duplicates
Writing label file ./rh.V2_exvivo.thresh.label 4895
mri_label2label: Done


 mri_label2label --srcsubject fsaverage --srclabel /out/sourcedata/freesurfer/fsaverage/label/rh.MT_exvivo.thresh.label --trgsubject sub-v2s4x29587_ses-1 --trglabel ./rh.MT_exvivo.thresh.label --hemi rh --regmethod surface 


srclabel = /out/sourcedata/freesurfer/fsaverage/label/rh.MT_exvivo.thresh.label
srcsubject = fsaverage
trgsubject = sub-v2s4x29587_ses-1
trglabel = ./rh.MT_exvivo.thresh.label
regmethod = surface

srchemi = rh
trghemi = rh
trgsurface = white
srcsurfreg = sphere.reg
trgsurfreg = sphere.reg
usehash = 1
Use ProjAbs  = 0, 0
Use ProjFrac = 0, 0
DoPaint 0

SUBJECTS_DIR    /out/sourcedata/freesurfer
FREESURFER_HOME /opt/freesurfer
Loading source label.
Found 268 points in source label.
Starting surface-based mapping
Reading source registration 
 /out/sourcedata/freesurfer/fsaverage/surf/rh.sphere.reg
Rescaling ...  original radius = 100
Reading target surface 
 /out/sourcedata/freesurfer/sub-v2s4x29587_ses-1/surf/rh.white
Reading target registration 
 /out/sourcedata/freesurfer/sub-v2s4x29587_ses-1/surf/rh.sphere.reg
Rescaling ...  original radius = 100
Building target registration hash (res=16).
Building source registration hash (res=16).
INFO: found  268 nlabel points
Performing mapping from target back to the source label 129562
Number of reverse mapping hits = 65
Checking for and removing duplicates
Writing label file ./rh.MT_exvivo.thresh.label 333
mri_label2label: Done


 mri_label2label --srcsubject fsaverage --srclabel /out/sourcedata/freesurfer/fsaverage/label/rh.entorhinal_exvivo.thresh.label --trgsubject sub-v2s4x29587_ses-1 --trglabel ./rh.entorhinal_exvivo.thresh.label --hemi rh --regmethod surface 


srclabel = /out/sourcedata/freesurfer/fsaverage/label/rh.entorhinal_exvivo.thresh.label
srcsubject = fsaverage
trgsubject = sub-v2s4x29587_ses-1
trglabel = ./rh.entorhinal_exvivo.thresh.label
regmethod = surface

srchemi = rh
trghemi = rh
trgsurface = white
srcsurfreg = sphere.reg
trgsurfreg = sphere.reg
usehash = 1
Use ProjAbs  = 0, 0
Use ProjFrac = 0, 0
DoPaint 0

SUBJECTS_DIR    /out/sourcedata/freesurfer
FREESURFER_HOME /opt/freesurfer
Loading source label.
Found 694 points in source label.
Starting surface-based mapping
Reading source registration 
 /out/sourcedata/freesurfer/fsaverage/surf/rh.sphere.reg
Rescaling ...  original radius = 100
Reading target surface 
 /out/sourcedata/freesurfer/sub-v2s4x29587_ses-1/surf/rh.white
Reading target registration 
 /out/sourcedata/freesurfer/sub-v2s4x29587_ses-1/surf/rh.sphere.reg
Rescaling ...  original radius = 100
Building target registration hash (res=16).
Building source registration hash (res=16).
INFO: found  694 nlabel points
Performing mapping from target back to the source label 129562
Number of reverse mapping hits = 22
Checking for and removing duplicates
Writing label file ./rh.entorhinal_exvivo.thresh.label 716
mri_label2label: Done


 mri_label2label --srcsubject fsaverage --srclabel /out/sourcedata/freesurfer/fsaverage/label/rh.perirhinal_exvivo.thresh.label --trgsubject sub-v2s4x29587_ses-1 --trglabel ./rh.perirhinal_exvivo.thresh.label --hemi rh --regmethod surface 


srclabel = /out/sourcedata/freesurfer/fsaverage/label/rh.perirhinal_exvivo.thresh.label
srcsubject = fsaverage
trgsubject = sub-v2s4x29587_ses-1
trglabel = ./rh.perirhinal_exvivo.thresh.label
regmethod = surface

srchemi = rh
trghemi = rh
trgsurface = white
srcsurfreg = sphere.reg
trgsurfreg = sphere.reg
usehash = 1
Use ProjAbs  = 0, 0
Use ProjFrac = 0, 0
DoPaint 0

SUBJECTS_DIR    /out/sourcedata/freesurfer
FREESURFER_HOME /opt/freesurfer
Loading source label.
Found 291 points in source label.
Starting surface-based mapping
Reading source registration 
 /out/sourcedata/freesurfer/fsaverage/surf/rh.sphere.reg
Rescaling ...  original radius = 100
Reading target surface 
 /out/sourcedata/freesurfer/sub-v2s4x29587_ses-1/surf/rh.white
Reading target registration 
 /out/sourcedata/freesurfer/sub-v2s4x29587_ses-1/surf/rh.sphere.reg
Rescaling ...  original radius = 100
Building target registration hash (res=16).
Building source registration hash (res=16).
INFO: found  291 nlabel points
Performing mapping from target back to the source label 129562
Number of reverse mapping hits = 8
Checking for and removing duplicates
Writing label file ./rh.perirhinal_exvivo.thresh.label 299
mri_label2label: Done


 mris_label2annot --s sub-v2s4x29587_ses-1 --hemi rh --ctab /opt/freesurfer/average/colortable_BA.txt --l rh.BA1_exvivo.label --l rh.BA2_exvivo.label --l rh.BA3a_exvivo.label --l rh.BA3b_exvivo.label --l rh.BA4a_exvivo.label --l rh.BA4p_exvivo.label --l rh.BA6_exvivo.label --l rh.BA44_exvivo.label --l rh.BA45_exvivo.label --l rh.V1_exvivo.label --l rh.V2_exvivo.label --l rh.MT_exvivo.label --l rh.perirhinal_exvivo.label --l rh.entorhinal_exvivo.label --a BA_exvivo --maxstatwinner --noverbose 

Reading ctab /opt/freesurfer/average/colortable_BA.txt
Number of ctab entries 15

7.3.2
cwd /out/sourcedata/freesurfer/sub-v2s4x29587_ses-1/label
cmdline mris_label2annot --s sub-v2s4x29587_ses-1 --hemi rh --ctab /opt/freesurfer/average/colortable_BA.txt --l rh.BA1_exvivo.label --l rh.BA2_exvivo.label --l rh.BA3a_exvivo.label --l rh.BA3b_exvivo.label --l rh.BA4a_exvivo.label --l rh.BA4p_exvivo.label --l rh.BA6_exvivo.label --l rh.BA44_exvivo.label --l rh.BA45_exvivo.label --l rh.V1_exvivo.label --l rh.V2_exvivo.label --l rh.MT_exvivo.label --l rh.perirhinal_exvivo.label --l rh.entorhinal_exvivo.label --a BA_exvivo --maxstatwinner --noverbose 
sysname  Linux
hostname dna061
machine  x86_64
user     oesteban

subject sub-v2s4x29587_ses-1
hemi    rh
SUBJECTS_DIR /out/sourcedata/freesurfer
ColorTable /opt/freesurfer/average/colortable_BA.txt
AnnotName  BA_exvivo
nlables 14
LabelThresh 0 0.000000
Loading /out/sourcedata/freesurfer/sub-v2s4x29587_ses-1/surf/rh.orig
 1 1530880 BA1_exvivo
 2 16749699 BA2_exvivo
 3 16711680 BA3a_exvivo
 4 3368703 BA3b_exvivo
 5 1376196 BA4a_exvivo
 6 13382655 BA4p_exvivo
 7 10036737 BA6_exvivo
 8 2490521 BA44_exvivo
 9 39283 BA45_exvivo
10 3993 V1_exvivo
11 8508928 V2_exvivo
12 10027163 MT_exvivo
13 16422433 perirhinal_exvivo
14 16392598 entorhinal_exvivo
Mapping unhit to unknown
Found 90712 unhit vertices
Writing annot to /out/sourcedata/freesurfer/sub-v2s4x29587_ses-1/label/rh.BA_exvivo.annot

 mris_label2annot --s sub-v2s4x29587_ses-1 --hemi rh --ctab /opt/freesurfer/average/colortable_BA.txt --l rh.BA1_exvivo.thresh.label --l rh.BA2_exvivo.thresh.label --l rh.BA3a_exvivo.thresh.label --l rh.BA3b_exvivo.thresh.label --l rh.BA4a_exvivo.thresh.label --l rh.BA4p_exvivo.thresh.label --l rh.BA6_exvivo.thresh.label --l rh.BA44_exvivo.thresh.label --l rh.BA45_exvivo.thresh.label --l rh.V1_exvivo.thresh.label --l rh.V2_exvivo.thresh.label --l rh.MT_exvivo.thresh.label --l rh.perirhinal_exvivo.thresh.label --l rh.entorhinal_exvivo.thresh.label --a BA_exvivo.thresh --maxstatwinner --noverbose 

Reading ctab /opt/freesurfer/average/colortable_BA.txt
Number of ctab entries 15

7.3.2
cwd /out/sourcedata/freesurfer/sub-v2s4x29587_ses-1/label
cmdline mris_label2annot --s sub-v2s4x29587_ses-1 --hemi rh --ctab /opt/freesurfer/average/colortable_BA.txt --l rh.BA1_exvivo.thresh.label --l rh.BA2_exvivo.thresh.label --l rh.BA3a_exvivo.thresh.label --l rh.BA3b_exvivo.thresh.label --l rh.BA4a_exvivo.thresh.label --l rh.BA4p_exvivo.thresh.label --l rh.BA6_exvivo.thresh.label --l rh.BA44_exvivo.thresh.label --l rh.BA45_exvivo.thresh.label --l rh.V1_exvivo.thresh.label --l rh.V2_exvivo.thresh.label --l rh.MT_exvivo.thresh.label --l rh.perirhinal_exvivo.thresh.label --l rh.entorhinal_exvivo.thresh.label --a BA_exvivo.thresh --maxstatwinner --noverbose 
sysname  Linux
hostname dna061
machine  x86_64
user     oesteban

subject sub-v2s4x29587_ses-1
hemi    rh
SUBJECTS_DIR /out/sourcedata/freesurfer
ColorTable /opt/freesurfer/average/colortable_BA.txt
AnnotName  BA_exvivo.thresh
nlables 14
LabelThresh 0 0.000000
Loading /out/sourcedata/freesurfer/sub-v2s4x29587_ses-1/surf/rh.orig
 1 1530880 BA1_exvivo
 2 16749699 BA2_exvivo
 3 16711680 BA3a_exvivo
 4 3368703 BA3b_exvivo
 5 1376196 BA4a_exvivo
 6 13382655 BA4p_exvivo
 7 10036737 BA6_exvivo
 8 2490521 BA44_exvivo
 9 39283 BA45_exvivo
10 3993 V1_exvivo
11 8508928 V2_exvivo
12 10027163 MT_exvivo
13 16422433 perirhinal_exvivo
14 16392598 entorhinal_exvivo
Mapping unhit to unknown
Found 107638 unhit vertices
Writing annot to /out/sourcedata/freesurfer/sub-v2s4x29587_ses-1/label/rh.BA_exvivo.thresh.annot

 mris_anatomical_stats -th3 -mgz -noglobal -f ../stats/rh.BA_exvivo.stats -b -a ./rh.BA_exvivo.annot -c ./BA_exvivo.ctab sub-v2s4x29587_ses-1 rh white 

computing statistics for each annotation in ./rh.BA_exvivo.annot.
reading volume /out/sourcedata/freesurfer/sub-v2s4x29587_ses-1/mri/wm.mgz...
reading input surface /out/sourcedata/freesurfer/sub-v2s4x29587_ses-1/surf/rh.white...
reading input pial surface /out/sourcedata/freesurfer/sub-v2s4x29587_ses-1/surf/rh.pial...
reading input white surface /out/sourcedata/freesurfer/sub-v2s4x29587_ses-1/surf/rh.white...
INFO: using TH3 volume calc
INFO: assuming MGZ format for volumes.
INFO: not computing global stats
Using TH3 vertex volume calc
Total face volume 276836
Total vertex volume 276594 (mask=0)
Saving annotation colortable ./BA_exvivo.ctab

table columns are:
    number of vertices
    total surface area (mm^2)
    total gray matter volume (mm^3)
    average cortical thickness +- standard deviation (mm)
    integrated rectified mean curvature
    integrated rectified Gaussian curvature
    folding index
    intrinsic curvature index
    structure name

  902    549   2062  2.655 0.591     0.127     0.023       11     0.9  BA1_exvivo
 2794   1859   4511  2.381 0.534     0.094     0.017       18     2.0  BA2_exvivo
  988    624    885  1.761 0.568     0.115     0.024        8     0.9  BA3a_exvivo
 1807   1164   2563  1.840 0.728     0.093     0.018       15     1.4  BA3b_exvivo
 1279    806   2372  2.426 0.602     0.101     0.023        8     1.3  BA4a_exvivo
 1033    666   1236  1.942 0.572     0.093     0.017        5     0.7  BA4p_exvivo
 6786   4905  16942  2.980 0.590     0.126     0.030       84     8.4  BA6_exvivo
 2927   2000   6674  2.907 0.588     0.100     0.019       27     2.1  BA44_exvivo
 3863   2823  10092  2.901 0.620     0.117     0.022       44     3.6  BA45_exvivo
 4523   2962   4855  1.611 0.511     0.118     0.026       48     5.2  V1_exvivo
 8818   6118  14757  2.146 0.747     0.140     0.032      112    12.1  V2_exvivo
 2300   1638   5035  2.682 0.607     0.120     0.025       27     2.5  MT_exvivo
  319    218    709  2.720 0.660     0.078     0.018        1     0.2  perirhinal_exvivo
  511    359   1633  2.935 0.883     0.121     0.034        5     0.7  entorhinal_exvivo

 mris_anatomical_stats -th3 -mgz -f ../stats/rh.BA_exvivo.thresh.stats -noglobal -b -a ./rh.BA_exvivo.thresh.annot -c ./BA_exvivo.thresh.ctab sub-v2s4x29587_ses-1 rh white 

computing statistics for each annotation in ./rh.BA_exvivo.thresh.annot.
reading volume /out/sourcedata/freesurfer/sub-v2s4x29587_ses-1/mri/wm.mgz...
reading input surface /out/sourcedata/freesurfer/sub-v2s4x29587_ses-1/surf/rh.white...
reading input pial surface /out/sourcedata/freesurfer/sub-v2s4x29587_ses-1/surf/rh.pial...
reading input white surface /out/sourcedata/freesurfer/sub-v2s4x29587_ses-1/surf/rh.white...
INFO: using TH3 volume calc
INFO: assuming MGZ format for volumes.
INFO: not computing global stats
Using TH3 vertex volume calc
Total face volume 276836
Total vertex volume 276594 (mask=0)
Saving annotation colortable ./BA_exvivo.thresh.ctab

table columns are:
    number of vertices
    total surface area (mm^2)
    total gray matter volume (mm^3)
    average cortical thickness +- standard deviation (mm)
    integrated rectified mean curvature
    integrated rectified Gaussian curvature
    folding index
    intrinsic curvature index
    structure name

  644    371   1453  2.589 0.644     0.122     0.022        8     0.5  BA1_exvivo
 1607   1062   2866  2.340 0.566     0.075     0.012        8     0.9  BA2_exvivo
  859    542    653  1.662 0.408     0.123     0.025        7     0.8  BA3a_exvivo
 1418    938   1555  1.564 0.493     0.078     0.012        7     0.8  BA3b_exvivo
  784    474   1412  2.411 0.620     0.120     0.036        8     1.2  BA4a_exvivo
  866    576    966  1.806 0.574     0.094     0.017        4     0.7  BA4p_exvivo
 4261   3141  10704  2.941 0.572     0.128     0.031       58     5.4  BA6_exvivo
  732    516   2239  3.228 0.758     0.116     0.022        8     0.7  BA44_exvivo
  866    662   2826  3.041 0.594     0.116     0.022       10     0.7  BA45_exvivo
 4336   2825   4526  1.594 0.504     0.119     0.026       46     4.9  V1_exvivo
 4701   3222   7034  1.986 0.742     0.141     0.031       60     6.4  V2_exvivo
  307    267   1034  2.853 0.646     0.167     0.036        7     0.6  MT_exvivo
   32     22     69  2.793 0.483     0.096     0.036        0     0.1  perirhinal_exvivo
  511    349   1585  3.012 0.746     0.101     0.024        3     0.6  entorhinal_exvivo

Started at Fri Mar 13 06:24:25 CET 2026 
Ended   at Fri Mar 13 06:27:15 CET 2026
#@#%# recon-all-run-time-hours 0.047
recon-all -s sub-v2s4x29587_ses-1 finished without error at Fri Mar 13 06:27:15 CET 2026
