#!ascii label  , from subject sub-v2s4x29607_ses-1 vox2ras=TkReg
3695
123673  -18.902  -73.444  28.403 0.0000000000
130371  -20.711  -84.602  25.191 0.0000000000
26062  -14.424  -43.700  29.222 0.0000000000
116399  -13.533  -59.515  42.897 0.0000000000
8815  -16.519  -65.098  33.447 0.0000000000
12158  -8.345  -60.633  34.750 0.0000000000
6951  -7.905  -69.139  22.616 0.0000000000
1066  -14.738  -82.288  25.122 0.0000000000
2067  -11.155  -78.492  21.998 0.0000000000
20823  -18.423  -49.873  33.520 0.0000000000
121575  -4.445  -63.343  46.481 0.0000000000
4629  -5.811  -72.588  33.645 0.0000000000
141543  -7.704  -78.966  34.727 0.0000000000
17705  -12.656  -53.067  33.431 0.0000000000
6867  -17.004  -68.115  30.184 0.0000000000
10314  -14.412  -63.530  25.429 0.0000000000
6369  -15.300  -69.834  24.318 0.0000000000
146  -14.520  -85.700  24.760 0.0000000000
532  -13.582  -84.443  18.144 0.0000000000
29708  -15.012  -39.412  27.532 0.0000000000
27009  -9.826  -41.750  30.740 0.0000000000
116411  -14.364  -54.232  39.102 0.0000000000
16971  -16.571  -53.965  33.225 0.0000000000
15376  -12.794  -57.032  38.204 0.0000000000
11521  -5.352  -61.745  32.144 0.0000000000
122401  -5.338  -55.411  37.047 0.0000000000
24336  -18.630  -45.300  29.619 0.0000000000
116379  -11.176  -62.467  36.378 0.0000000000
12916  -10.815  -60.193  38.673 0.0000000000
12206  -13.935  -60.272  31.879 0.0000000000
8865  -9.144  -65.234  29.188 0.0000000000
8913  -4.937  -65.643  24.818 0.0000000000
2008  -17.803  -78.440  26.982 0.0000000000
2792  -15.918  -76.349  23.669 0.0000000000
1712  -16.746  -79.404  19.368 0.0000000000
2117  -12.677  -78.816  15.649 0.0000000000
16861  -9.424  -54.156  41.850 0.0000000000
11409  -8.313  -61.931  44.927 0.0000000000
8042  -9.539  -66.145  39.788 0.0000000000
7451  -9.161  -67.270  32.731 0.0000000000
4698  -11.237  -72.416  27.181 0.0000000000
3189  -8.205  -77.138  27.722 0.0000000000
1989  -12.602  -78.400  29.714 0.0000000000
595  -12.487  -83.347  34.745 0.0000000000
14  -13.750  -86.304  33.582 0.0000000000
134014  -18.788  -82.713  33.446 0.0000000000
116886  -22.648  -51.917  30.951 0.0000000000
20022  -18.542  -50.354  30.512 0.0000000000
21710  -14.236  -48.583  30.845 0.0000000000
127485  -7.904  -57.024  38.380 0.0000000000
131059  -8.990  -50.960  35.590 0.0000000000
23422  -9.146  -46.348  32.267 0.0000000000
3744  -8.611  -74.057  20.955 0.0000000000
127448  -6.488  -68.564  15.491 0.0000000000
5216  -18.532  -71.230  29.815 0.0000000000
6897  -18.307  -67.923  25.543 0.0000000000
5260  -19.264  -71.024  25.428 0.0000000000
130619  -17.770  -85.273  25.291 0.0000000000
345  -16.323  -85.126  21.852 0.0000000000
877  -19.072  -82.162  22.459 0.0000000000
139288  -17.249  -42.246  29.089 0.0000000000
27952  -14.449  -41.599  28.326 0.0000000000
27937  -12.716  -41.208  28.573 0.0000000000
26059  -12.058  -43.353  29.609 0.0000000000
116404  -13.556  -56.995  41.798 0.0000000000
120449  -14.057  -56.126  37.892 0.0000000000
14550  -13.096  -57.932  40.427 0.0000000000
12994  -7.124  -59.312  33.050 0.0000000000
24339  -21.594  -45.747  29.447 0.0000000000
116381  -14.005  -64.242  34.958 0.0000000000
11496  -13.719  -60.770  34.364 0.0000000000
11514  -15.834  -61.862  31.960 0.0000000000
8931  -10.893  -65.509  23.054 0.0000000000
9571  -11.481  -64.044  27.054 0.0000000000
8209  -8.186  -66.458  25.863 0.0000000000
7514  -5.664  -66.968  27.668 0.0000000000
6940  -5.860  -69.702  24.142 0.0000000000
1320  -16.313  -80.350  26.388 0.0000000000
1678  -18.689  -79.338  23.235 0.0000000000
1092  -16.415  -81.155  22.658 0.0000000000
737  -15.593  -83.122  14.430 0.0000000000
925  -13.494  -82.155  15.950 0.0000000000
19052  -12.673  -51.519  41.002 0.0000000000
133907  -7.472  -58.786  45.092 0.0000000000
10795  -5.946  -62.650  44.382 0.0000000000
10136  -7.253  -63.655  40.594 0.0000000000
118424  -6.375  -64.856  42.198 0.0000000000
5677  -5.699  -70.043  36.721 0.0000000000
7417  -6.952  -68.240  36.023 0.0000000000
6822  -6.225  -69.000  32.181 0.0000000000
128250  -10.079  -69.352  29.397 0.0000000000
5213  -7.377  -71.352  29.014 0.0000000000
2317  -8.418  -78.437  30.952 0.0000000000
1639  -9.830  -79.724  27.156 0.0000000000
1020  -9.767  -79.849  31.484 0.0000000000
1589  -12.169  -79.715  33.578 0.0000000000
132650  -10.658  -80.347  35.077 0.0000000000
209  -12.699  -85.438  37.236 0.0000000000
139984  -16.370  -85.859  33.565 0.0000000000
16972  -20.823  -54.610  33.329 0.0000000000
18445  -21.022  -52.221  32.078 0.0000000000
17716  -14.980  -53.915  33.105 0.0000000000
130337  -17.621  -52.709  31.347 0.0000000000
19182  -16.115  -51.693  31.686 0.0000000000
20859  -16.562  -49.328  30.711 0.0000000000
20004  -13.991  -50.886  32.367 0.0000000000
120592  -10.081  -59.428  36.437 0.0000000000
12883  -9.006  -58.808  39.461 0.0000000000
12912  -7.282  -58.693  38.528 0.0000000000
17676  -6.165  -52.952  35.472 0.0000000000
18385  -6.374  -52.280  37.763 0.0000000000
19967  -5.992  -49.513  36.258 0.0000000000
20838  -9.130  -48.682  33.572 0.0000000000
21656  -6.345  -47.567  34.711 0.0000000000
119442  -6.571  -45.096  33.888 0.0000000000
1666  -11.932  -79.539  24.064 0.0000000000
3223  -11.807  -75.655  24.545 0.0000000000
2418  -9.383  -77.103  22.539 0.0000000000
8867  -16.351  -65.691  30.596 0.0000000000
10282  -17.536  -62.842  28.753 0.0000000000
8211  -17.086  -65.612  26.937 0.0000000000
8217  -14.305  -66.515  24.571 0.0000000000
6929  -10.676  -68.816  23.859 0.0000000000
665  -13.080  -83.834  24.640 0.0000000000
874  -14.209  -82.737  21.880 0.0000000000
343  -13.718  -85.183  21.128 0.0000000000
366  -16.289  -85.167  17.633 0.0000000000
29687  -10.212  -39.791  30.210 0.0000000000
7970  -6.091  -65.989  44.628 0.0000000000
19136  -15.631  -51.783  36.320 0.0000000000
116421  -17.437  -52.137  33.600 0.0000000000
16915  -15.293  -54.174  36.054 0.0000000000
16193  -14.586  -55.691  35.890 0.0000000000
122404  -12.294  -55.800  34.971 0.0000000000
10893  -6.401  -62.103  34.006 0.0000000000
12938  -5.877  -59.024  37.122 0.0000000000
13808  -5.681  -58.825  34.683 0.0000000000
16204  -7.083  -55.997  34.709 0.0000000000
139  -22.958  -85.621  25.328 0.0000000000
512  -22.865  -83.744  21.905 0.0000000000
27030  -18.942  -42.407  29.394 0.0000000000
141810  -16.793  -44.273  29.197 0.0000000000
116394  -12.137  -62.673  40.990 0.0000000000
12091  -12.530  -60.056  40.800 0.0000000000
11469  -13.170  -61.171  38.014 0.0000000000
12956  -12.772  -59.476  35.451 0.0000000000
12186  -11.130  -60.898  33.071 0.0000000000
10957  -14.465  -61.765  28.406 0.0000000000
10929  -11.737  -62.643  30.506 0.0000000000
10233  -9.194  -63.245  32.348 0.0000000000
9511  -5.977  -65.033  32.041 0.0000000000
9546  -4.707  -64.554  28.845 0.0000000000
2747  -18.785  -76.447  27.406 0.0000000000
3711  -19.112  -74.020  24.080 0.0000000000
2795  -19.455  -76.518  22.977 0.0000000000
2421  -16.162  -77.790  21.695 0.0000000000
125681  -11.551  -81.403  20.868 0.0000000000
908  -15.531  -82.102  17.965 0.0000000000
1135  -12.160  -81.537  17.660 0.0000000000
2090  -11.614  -78.263  18.520 0.0000000000
19961  -17.618  -50.362  36.973 0.0000000000
19103  -14.188  -51.896  38.947 0.0000000000
17617  -11.970  -53.318  40.388 0.0000000000
15331  -11.892  -56.909  43.174 0.0000000000
16086  -8.977  -54.945  44.195 0.0000000000
14511  -8.952  -57.754  43.647 0.0000000000
11413  -12.078  -61.107  44.518 0.0000000000
10138  -10.307  -63.296  41.272 0.0000000000
9449  -9.194  -63.936  37.186 0.0000000000
8768  -12.802  -65.784  37.056 0.0000000000
7357  -7.685  -67.479  40.766 0.0000000000
7404  -9.778  -67.165  36.874 0.0000000000
8800  -12.856  -66.009  32.604 0.0000000000
129543  -12.917  -68.303  30.632 0.0000000000
5774  -14.042  -70.762  29.552 0.0000000000
4689  -14.954  -73.059  29.073 0.0000000000
3621  -7.094  -74.952  30.180 0.0000000000
132164  -8.110  -75.033  26.015 0.0000000000
2743  -13.163  -76.168  27.038 0.0000000000
3177  -16.277  -75.489  29.099 0.0000000000
1980  -16.075  -78.135  31.039 0.0000000000
1280  -15.460  -80.367  31.044 0.0000000000
835  -13.668  -82.609  29.944 0.0000000000
580  -11.669  -83.375  36.714 0.0000000000
242  -12.786  -84.519  33.980 0.0000000000
125133  -12.437  -84.370  29.145 0.0000000000
106  -13.586  -85.687  28.490 0.0000000000
465  -16.374  -84.270  28.680 0.0000000000
121361  -18.683  -82.878  28.762 0.0000000000
246  -20.555  -85.581  33.151 0.0000000000
102  -20.570  -85.946  29.314 0.0000000000
116947  -23.936  -49.260  30.037 0.0000000000
116432  -19.372  -52.958  31.335 0.0000000000
20023  -20.882  -50.790  30.078 0.0000000000
124826  -22.046  -48.054  29.483 0.0000000000
125453  -19.124  -47.480  29.862 0.0000000000
22601  -16.441  -47.246  29.849 0.0000000000
23435  -14.122  -46.725  30.203 0.0000000000
122316  -10.786  -58.520  39.483 0.0000000000
15374  -10.602  -57.092  38.317 0.0000000000
16206  -10.429  -55.137  35.443 0.0000000000
16144  -5.949  -55.917  38.639 0.0000000000
17658  -8.498  -53.195  36.667 0.0000000000
18423  -10.516  -52.195  34.569 0.0000000000
20001  -11.992  -50.060  32.930 0.0000000000
22572  -11.286  -47.589  31.434 0.0000000000
23432  -11.361  -45.940  30.717 0.0000000000
136228  -8.721  -43.375  32.193 0.0000000000
4203  -15.876  -73.180  24.817 0.0000000000
124100  -10.668  -71.758  25.110 0.0000000000
5855  -10.280  -71.079  20.588 0.0000000000
3306  -9.202  -75.525  17.780 0.0000000000
4803  -8.789  -71.964  17.350 0.0000000000
6408  -6.903  -69.904  20.402 0.0000000000
8276  -5.780  -66.805  20.080 0.0000000000
5229  -18.935  -72.023  29.139 0.0000000000
138957  -19.883  -70.685  27.143 0.0000000000
4701  -19.786  -72.156  27.368 0.0000000000
300  -18.753  -85.095  25.096 0.0000000000
492  -17.630  -84.525  23.638 0.0000000000
495  -19.765  -84.818  23.463 0.0000000000
26082  -15.087  -43.131  28.898 0.0000000000
27044  -16.128  -42.009  28.670 0.0000000000
26081  -14.384  -42.941  28.892 0.0000000000
132368  -13.197  -42.699  28.941 0.0000000000
26060  -12.694  -43.919  29.541 0.0000000000
116401  -13.564  -58.148  42.851 0.0000000000
118113  -13.650  -57.169  41.221 0.0000000000
116402  -13.480  -58.602  41.627 0.0000000000
24340  -22.551  -45.736  29.546 0.0000000000
116386  -15.651  -64.432  34.552 0.0000000000
10220  -14.901  -63.260  33.856 0.0000000000
10235  -17.049  -63.279  32.811 0.0000000000
8938  -8.702  -66.349  22.609 0.0000000000
8914  -8.826  -65.718  23.990 0.0000000000
8233  -7.733  -67.216  24.194 0.0000000000
6910  -6.723  -68.927  25.645 0.0000000000
6379  -6.809  -69.991  23.580 0.0000000000
1063  -15.218  -81.523  26.343 0.0000000000
1327  -16.821  -80.735  24.672 0.0000000000
1071  -15.673  -81.676  24.384 0.0000000000
12008  -5.780  -61.968  46.673 0.0000000000
12032  -6.074  -61.187  45.928 0.0000000000
11404  -5.347  -63.210  45.738 0.0000000000
10826  -5.497  -63.415  43.254 0.0000000000
9359  -5.273  -64.135  44.227 0.0000000000
119579  -5.770  -70.986  34.918 0.0000000000
6235  -6.271  -69.155  34.228 0.0000000000
5712  -5.880  -70.435  33.259 0.0000000000
6298  -6.873  -69.834  30.988 0.0000000000
5193  -6.297  -71.277  31.190 0.0000000000
1969  -7.991  -78.331  32.470 0.0000000000
1277  -8.803  -79.645  30.740 0.0000000000
1262  -9.054  -79.593  33.153 0.0000000000
1005  -10.721  -80.069  33.885 0.0000000000
1227  -9.169  -79.889  34.994 0.0000000000
18425  -20.261  -51.960  33.264 0.0000000000
17712  -20.972  -53.225  32.596 0.0000000000
20006  -19.581  -50.855  32.369 0.0000000000
17707  -14.172  -53.775  33.258 0.0000000000
18443  -15.513  -52.801  32.345 0.0000000000
19175  -14.874  -52.187  32.315 0.0000000000
19174  -14.360  -51.452  32.312 0.0000000000
19165  -13.144  -51.856  32.858 0.0000000000
12953  -9.295  -59.489  35.893 0.0000000000
119375  -8.649  -59.270  37.221 0.0000000000
124502  -7.765  -59.392  36.348 0.0000000000
19131  -4.384  -50.737  36.095 0.0000000000
20816  -4.623  -49.517  35.568 0.0000000000
20818  -6.437  -48.263  35.483 0.0000000000
1695  -10.541  -80.169  22.498 0.0000000000
1673  -9.501  -78.957  23.650 0.0000000000
2405  -10.146  -78.086  22.553 0.0000000000
7495  -16.756  -67.209  30.134 0.0000000000
8192  -17.178  -65.914  29.377 0.0000000000
7507  -18.038  -66.934  28.848 0.0000000000
127413  -16.372  -68.997  24.495 0.0000000000
7540  -16.578  -67.259  25.098 0.0000000000
6912  -14.913  -68.065  24.516 0.0000000000
7557  -12.747  -67.573  24.224 0.0000000000
6366  -12.103  -69.212  24.581 0.0000000000
308  -13.331  -85.137  24.752 0.0000000000
498  -13.369  -84.229  22.857 0.0000000000
129209  -14.512  -85.332  22.844 0.0000000000
529  -17.863  -84.665  20.109 0.0000000000
356  -16.782  -85.400  19.514 0.0000000000
368  -18.046  -84.604  17.920 0.0000000000
542  -17.524  -84.349  16.229 0.0000000000
29709  -15.986  -39.344  27.901 0.0000000000
27935  -11.283  -41.516  29.560 0.0000000000
125093  -11.931  -40.006  28.629 0.0000000000
28781  -9.896  -40.403  30.564 0.0000000000
27921  -8.669  -40.660  31.460 0.0000000000
116415  -14.983  -52.568  37.655 0.0000000000
116416  -15.301  -53.251  36.484 0.0000000000
116413  -14.955  -53.434  37.779 0.0000000000
15391  -13.472  -56.694  37.572 0.0000000000
16174  -14.636  -55.601  36.809 0.0000000000
15403  -13.357  -56.672  36.686 0.0000000000
16209  -13.839  -56.025  35.433 0.0000000000
15402  -12.561  -56.715  36.372 0.0000000000
10899  -5.624  -62.167  33.325 0.0000000000
124295  -5.938  -60.773  34.473 0.0000000000
12182  -5.652  -60.888  33.350 0.0000000000
13810  -6.717  -58.065  34.262 0.0000000000
124709  -20.336  -43.883  29.493 0.0000000000
25192  -18.586  -43.975  29.433 0.0000000000
25191  -17.591  -43.927  29.261 0.0000000000
124825  -17.263  -44.830  29.353 0.0000000000
116388  -11.810  -62.754  39.309 0.0000000000
10854  -12.812  -62.109  38.899 0.0000000000
10871  -12.352  -61.955  36.958 0.0000000000
122248  -14.315  -60.317  32.892 0.0000000000
12161  -13.635  -60.066  34.874 0.0000000000
12980  -13.260  -59.468  33.688 0.0000000000
12965  -12.113  -59.406  34.793 0.0000000000
12188  -12.730  -59.966  32.417 0.0000000000
10293  -16.030  -62.812  27.009 0.0000000000
11565  -16.267  -61.616  28.362 0.0000000000
10968  -14.286  -62.205  26.778 0.0000000000
8879  -9.888  -65.067  28.032 0.0000000000
9563  -11.478  -63.330  28.688 0.0000000000
9549  -10.419  -64.285  29.403 0.0000000000
10245  -10.741  -63.079  31.592 0.0000000000
9514  -9.054  -64.252  31.200 0.0000000000
9499  -7.601  -64.118  32.230 0.0000000000
8830  -7.474  -65.120  31.054 0.0000000000
8207  -5.027  -66.710  26.840 0.0000000000
8188  -4.891  -66.138  28.151 0.0000000000
120983  -4.864  -64.786  27.072 0.0000000000
10295  -5.268  -63.824  26.881 0.0000000000
10306  -5.433  -64.158  25.382 0.0000000000
2362  -18.243  -77.723  27.172 0.0000000000
2769  -19.225  -76.428  25.528 0.0000000000
2387  -19.001  -77.807  24.808 0.0000000000
1705  -17.887  -79.439  20.533 0.0000000000
2072  -18.712  -78.524  21.057 0.0000000000
2077  -16.521  -78.812  19.933 0.0000000000
1697  -14.423  -79.483  21.516 0.0000000000
1366  -14.451  -80.281  19.873 0.0000000000
701  -13.932  -83.653  19.268 0.0000000000
889  -14.826  -82.581  20.349 0.0000000000
713  -14.138  -83.509  18.111 0.0000000000
1415  -12.499  -80.137  15.895 0.0000000000
129139  -12.599  -81.790  17.098 0.0000000000
1741  -11.723  -79.527  16.660 0.0000000000
1394  -11.213  -80.089  18.071 0.0000000000
2098  -11.891  -78.037  16.812 0.0000000000
2443  -12.763  -76.974  17.860 0.0000000000
125207  -17.758  -51.664  37.103 0.0000000000
19929  -17.287  -50.495  38.292 0.0000000000
20769  -16.070  -50.141  37.883 0.0000000000
19916  -15.872  -50.363  39.044 0.0000000000
18343  -10.750  -52.488  41.406 0.0000000000
18367  -11.513  -52.288  40.438 0.0000000000
16870  -10.557  -53.584  41.049 0.0000000000
16120  -11.788  -55.657  42.076 0.0000000000
16119  -10.741  -55.745  42.357 0.0000000000
125173  -7.801  -60.749  44.971 0.0000000000
13691  -7.964  -58.129  43.761 0.0000000000
12824  -9.165  -59.662  44.770 0.0000000000
12825  -10.319  -59.485  44.763 0.0000000000
11411  -10.311  -61.538  44.833 0.0000000000
10831  -11.202  -62.781  43.048 0.0000000000
10814  -9.515  -62.977  43.754 0.0000000000
9413  -7.494  -64.434  39.901 0.0000000000
10159  -7.800  -63.546  38.932 0.0000000000
8758  -9.491  -65.121  38.782 0.0000000000
121920  -11.450  -64.761  37.140 0.0000000000
8055  -11.191  -66.248  38.183 0.0000000000
7334  -6.255  -67.570  42.852 0.0000000000
7335  -7.151  -67.161  42.251 0.0000000000
7356  -6.649  -67.713  40.339 0.0000000000
125016  -7.819  -67.665  34.342 0.0000000000
120071  -8.025  -67.688  36.222 0.0000000000
7430  -9.330  -67.060  34.439 0.0000000000
8104  -11.622  -66.473  34.671 0.0000000000
8130  -11.519  -66.576  32.409 0.0000000000
8140  -12.516  -67.107  31.920 0.0000000000
7462  -11.204  -67.288  31.193 0.0000000000
5780  -10.972  -70.967  27.992 0.0000000000
125338  -12.157  -69.661  29.124 0.0000000000
5223  -12.854  -70.992  28.384 0.0000000000
5225  -14.272  -72.204  28.948 0.0000000000
119080  -13.384  -72.586  27.662 0.0000000000
3623  -8.318  -75.288  30.484 0.0000000000
3634  -7.610  -75.671  28.621 0.0000000000
4175  -6.910  -74.281  27.465 0.0000000000
2741  -7.568  -76.871  26.675 0.0000000000
1627  -11.302  -79.440  28.530 0.0000000000
2361  -11.760  -77.391  26.744 0.0000000000
1997  -13.049  -77.914  28.391 0.0000000000
2746  -14.867  -76.122  28.111 0.0000000000
129019  -14.105  -76.787  29.462 0.0000000000
2723  -16.665  -76.729  29.950 0.0000000000
2320  -14.214  -77.423  30.951 0.0000000000
1247  -13.047  -81.183  34.637 0.0000000000
1266  -14.496  -80.234  32.901 0.0000000000
1015  -14.361  -81.873  32.576 0.0000000000
1031  -14.534  -81.630  30.966 0.0000000000
815  -13.479  -83.167  32.570 0.0000000000
4  -13.422  -85.880  35.657 0.0000000000
226  -12.604  -85.008  35.885 0.0000000000
12  -12.929  -85.784  33.509 0.0000000000
445  -12.381  -84.532  31.525 0.0000000000
119915  -12.658  -85.421  30.942 0.0000000000
104  -12.804  -85.298  28.637 0.0000000000
26  -13.999  -86.205  31.391 0.0000000000
244  -17.551  -84.717  33.813 0.0000000000
82  -16.216  -84.827  31.657 0.0000000000
613  -17.280  -83.036  31.278 0.0000000000
631  -17.287  -82.841  29.554 0.0000000000
138562  -18.563  -82.892  31.205 0.0000000000
126578  -19.850  -85.936  31.248 0.0000000000
138837  -24.014  -52.831  31.721 0.0000000000
117621  -25.133  -51.094  31.211 0.0000000000
116440  -23.606  -50.205  30.228 0.0000000000
17708  -16.603  -53.776  33.919 0.0000000000
116426  -18.198  -53.269  32.265 0.0000000000
17710  -17.575  -53.422  32.741 0.0000000000
19194  -18.159  -51.386  30.715 0.0000000000
19195  -18.917  -52.206  30.641 0.0000000000
118576  -19.979  -50.805  30.140 0.0000000000
20872  -21.147  -49.385  29.699 0.0000000000
20871  -20.379  -49.172  29.823 0.0000000000
22605  -20.134  -47.502  29.660 0.0000000000
21722  -19.610  -48.839  30.018 0.0000000000
20857  -14.919  -48.854  30.761 0.0000000000
22588  -16.842  -47.954  30.083 0.0000000000
22586  -15.232  -47.694  30.137 0.0000000000
23436  -15.069  -46.853  29.987 0.0000000000
22585  -14.468  -47.503  30.301 0.0000000000
12114  -11.830  -60.411  39.848 0.0000000000
12886  -11.863  -59.621  40.143 0.0000000000
12885  -10.689  -59.657  39.744 0.0000000000
14569  -8.200  -57.993  39.423 0.0000000000
14570  -9.420  -58.077  39.469 0.0000000000
15373  -9.575  -57.050  38.240 0.0000000000
16191  -10.688  -55.923  36.058 0.0000000000
16173  -8.732  -55.657  36.989 0.0000000000
14621  -5.603  -57.725  36.927 0.0000000000
13775  -5.468  -57.529  38.207 0.0000000000
16886  -5.274  -55.068  37.850 0.0000000000
19116  -7.759  -51.518  37.102 0.0000000000
17643  -7.757  -53.092  37.352 0.0000000000
18403  -8.822  -52.461  36.273 0.0000000000
126468  -10.059  -52.795  35.078 0.0000000000
19155  -10.289  -51.389  34.572 0.0000000000
19164  -11.677  -51.241  33.529 0.0000000000
19982  -9.978  -50.646  34.593 0.0000000000
21675  -8.907  -47.921  33.194 0.0000000000
127458  -10.379  -48.480  32.619 0.0000000000
22571  -10.447  -47.330  31.660 0.0000000000
22582  -11.788  -46.939  30.978 0.0000000000
23431  -10.531  -46.048  31.132 0.0000000000
125440  -10.906  -44.936  30.679 0.0000000000
126817  -9.326  -45.659  31.934 0.0000000000
25149  -7.153  -43.771  32.705 0.0000000000
3229  -17.839  -74.629  23.655 0.0000000000
3694  -17.092  -73.617  24.565 0.0000000000
3227  -15.807  -75.371  24.672 0.0000000000
3720  -8.664  -74.847  23.697 0.0000000000
118784  -11.289  -73.907  24.588 0.0000000000
4229  -8.852  -73.231  23.783 0.0000000000
5284  -9.736  -70.745  23.631 0.0000000000
4770  -10.249  -72.656  21.141 0.0000000000
141154  -8.053  -72.044  15.515 0.0000000000
5878  -6.790  -70.259  16.691 0.0000000000
5871  -7.691  -70.810  18.607 0.0000000000
6424  -6.575  -69.669  18.358 0.0000000000
125705  -6.218  -68.297  20.194 0.0000000000
6993  -5.835  -67.842  17.943 0.0000000000
6312  -18.154  -69.676  29.998 0.0000000000
6883  -19.115  -68.072  28.811 0.0000000000
6323  -19.775  -69.783  28.346 0.0000000000
6339  -19.391  -69.407  25.861 0.0000000000
5807  -16.895  -70.679  24.559 0.0000000000
297  -15.911  -85.510  25.601 0.0000000000
131432  -15.286  -85.265  23.093 0.0000000000
491  -16.762  -84.538  23.522 0.0000000000
681  -17.531  -83.481  22.032 0.0000000000
691  -19.038  -82.640  20.500 0.0000000000
28792  -18.193  -40.781  29.187 0.0000000000
27955  -16.912  -41.044  28.844 0.0000000000
131835  -15.768  -40.800  28.317 0.0000000000
28800  -14.932  -40.867  28.093 0.0000000000
28807  -13.697  -40.090  27.845 0.0000000000
27951  -13.563  -41.461  28.378 0.0000000000
119123  -12.167  -41.775  29.050 0.0000000000
127633  -10.324  -42.588  30.585 0.0000000000
116406  -13.690  -55.488  40.514 0.0000000000
129521  -14.743  -54.376  38.241 0.0000000000
116408  -13.874  -56.049  40.091 0.0000000000
116407  -13.753  -56.636  39.620 0.0000000000
15362  -13.197  -57.190  39.187 0.0000000000
10928  -5.584  -62.127  30.264 0.0000000000
12184  -6.052  -60.389  32.186 0.0000000000
12213  -6.579  -61.114  30.869 0.0000000000
131385  -21.052  -44.055  29.476 0.0000000000
24338  -20.609  -45.399  29.451 0.0000000000
116373  -11.403  -63.164  34.885 0.0000000000
10879  -11.904  -62.105  35.807 0.0000000000
10896  -13.586  -62.557  34.157 0.0000000000
11506  -14.533  -61.200  32.997 0.0000000000
11513  -15.018  -61.200  31.814 0.0000000000
9601  -12.849  -64.032  24.068 0.0000000000
128876  -12.772  -63.108  25.936 0.0000000000
9586  -10.867  -64.551  24.843 0.0000000000
8891  -9.677  -65.372  26.573 0.0000000000
8885  -8.696  -65.857  27.888 0.0000000000
136763  -7.284  -66.492  28.636 0.0000000000
8200  -7.295  -67.197  27.239 0.0000000000
126013  -5.861  -68.169  26.059 0.0000000000
8232  -5.287  -67.631  24.823 0.0000000000
1656  -16.780  -79.714  26.869 0.0000000000
2029  -18.253  -79.023  25.042 0.0000000000
1668  -17.176  -80.076  25.104 0.0000000000
1347  -17.240  -80.571  22.797 0.0000000000
118959  -17.081  -80.539  20.693 0.0000000000
141764  -13.653  -84.221  16.381 0.0000000000
726  -13.638  -83.108  16.840 0.0000000000
130754  -13.880  -82.085  15.058 0.0000000000
1160  -13.931  -80.796  14.009 0.0000000000
1752  -13.416  -79.344  14.930 0.0000000000
19072  -14.929  -51.014  40.345 0.0000000000
17592  -10.803  -52.987  42.707 0.0000000000
14472  -8.428  -57.197  45.787 0.0000000000
13631  -7.105  -59.127  45.780 0.0000000000
126250  -6.892  -60.181  45.045 0.0000000000
11408  -7.256  -61.941  44.996 0.0000000000
10828  -7.521  -63.297  42.460 0.0000000000
141185  -6.216  -63.019  43.135 0.0000000000
9398  -6.168  -64.038  41.296 0.0000000000
8719  -8.194  -65.678  41.234 0.0000000000
6765  -6.594  -68.175  38.608 0.0000000000
140603  -6.372  -68.946  35.956 0.0000000000
7438  -6.640  -68.013  34.270 0.0000000000
6824  -7.982  -67.872  32.038 0.0000000000
7472  -9.951  -67.775  30.852 0.0000000000
6848  -7.794  -68.842  30.831 0.0000000000
5761  -8.880  -70.092  29.066 0.0000000000
5234  -9.401  -71.751  27.546 0.0000000000
2326  -9.833  -77.413  28.632 0.0000000000
2344  -8.044  -78.220  26.887 0.0000000000
1994  -8.449  -79.329  28.460 0.0000000000
1286  -9.161  -80.765  29.250 0.0000000000
1272  -10.604  -79.931  31.193 0.0000000000
1605  -12.380  -78.800  31.467 0.0000000000
1264  -10.302  -79.960  32.582 0.0000000000
1007  -11.201  -80.912  34.718 0.0000000000
998  -11.544  -81.386  35.189 0.0000000000
30  -13.824  -85.715  38.039 0.0000000000
6  -14.396  -86.277  35.675 0.0000000000
16  -15.008  -86.451  33.678 0.0000000000
49  -15.742  -86.206  35.734 0.0000000000
141020  -18.856  -84.126  35.449 0.0000000000
17713  -22.921  -53.908  32.981 0.0000000000
117234  -22.660  -53.417  31.948 0.0000000000
116444  -21.860  -52.712  31.665 0.0000000000
16978  -15.553  -54.337  33.383 0.0000000000
17729  -16.939  -53.482  32.250 0.0000000000
18444  -16.201  -53.373  32.402 0.0000000000
128464  -16.925  -52.475  31.556 0.0000000000
20014  -17.272  -51.026  31.069 0.0000000000
20860  -17.436  -49.490  30.702 0.0000000000
20012  -15.579  -50.809  31.571 0.0000000000
120882  -15.155  -50.187  31.467 0.0000000000
20848  -13.804  -49.603  31.713 0.0000000000
12932  -10.550  -59.811  37.829 0.0000000000
12915  -10.131  -60.070  39.265 0.0000000000
12914  -9.015  -59.401  38.850 0.0000000000
12882  -8.338  -58.433  39.408 0.0000000000
14568  -7.526  -57.928  38.897 0.0000000000
16925  -5.205  -54.139  36.356 0.0000000000
121020  -4.503  -53.617  37.090 0.0000000000
18401  -4.979  -52.135  36.564 0.0000000000
19133  -6.438  -51.016  37.089 0.0000000000
19969  -8.478  -50.164  35.597 0.0000000000
19981  -9.218  -50.077  34.868 0.0000000000
20819  -7.878  -48.853  34.943 0.0000000000
21657  -7.404  -48.096  34.628 0.0000000000
22537  -7.731  -46.676  33.983 0.0000000000
130538  -7.927  -45.193  33.716 0.0000000000
22535  -6.260  -46.118  34.400 0.0000000000
23408  -5.669  -46.467  33.570 0.0000000000
2043  -14.110  -78.091  23.778 0.0000000000
117296  -13.893  -76.834  24.894 0.0000000000
2383  -11.698  -78.097  24.537 0.0000000000
2777  -9.305  -77.109  24.016 0.0000000000
3267  -8.827  -75.311  21.584 0.0000000000
9515  -15.970  -65.362  31.533 0.0000000000
9533  -17.932  -63.658  30.929 0.0000000000
9551  -17.318  -64.443  29.535 0.0000000000
9574  -16.759  -64.353  27.412 0.0000000000
9581  -15.574  -64.355  26.132 0.0000000000
7527  -17.786  -66.628  26.571 0.0000000000
8219  -15.866  -66.001  25.542 0.0000000000
8902  -14.544  -65.115  25.202 0.0000000000
8249  -12.285  -66.078  23.635 0.0000000000
8248  -11.041  -67.107  23.397 0.0000000000
6962  -9.193  -68.246  22.190 0.0000000000
863  -13.782  -82.858  24.884 0.0000000000
870  -14.563  -82.505  23.549 0.0000000000
667  -13.507  -83.459  23.416 0.0000000000
508  -13.258  -83.924  21.227 0.0000000000
354  -13.786  -85.105  19.441 0.0000000000
163  -15.257  -86.066  20.704 0.0000000000
166  -15.127  -86.062  19.669 0.0000000000
364  -14.412  -85.187  17.602 0.0000000000
540  -15.458  -84.740  16.110 0.0000000000
738  -17.106  -82.926  14.222 0.0000000000
29689  -12.473  -39.700  28.224 0.0000000000
9346  -5.305  -64.620  45.473 0.0000000000
116420  -16.249  -50.737  35.332 0.0000000000
129179  -17.223  -50.843  33.848 0.0000000000
123958  -16.318  -51.505  34.904 0.0000000000
17680  -15.876  -53.354  35.241 0.0000000000
16952  -16.054  -53.998  34.563 0.0000000000
116412  -15.035  -54.641  37.367 0.0000000000
16211  -15.194  -55.088  35.392 0.0000000000
16951  -15.572  -54.690  34.552 0.0000000000
141547  -14.876  -55.101  33.981 0.0000000000
16950  -13.631  -55.106  34.078 0.0000000000
16949  -12.929  -54.522  33.975 0.0000000000
11494  -7.333  -61.534  34.354 0.0000000000
12951  -7.110  -59.786  35.901 0.0000000000
12156  -6.244  -60.710  34.854 0.0000000000
12950  -5.694  -59.333  35.732 0.0000000000
127301  -5.726  -57.153  36.387 0.0000000000
12976  -6.143  -59.103  33.502 0.0000000000
14642  -6.277  -57.825  34.848 0.0000000000
16203  -6.423  -56.064  35.616 0.0000000000
137909  -6.259  -54.598  35.684 0.0000000000
2822  -12.492  -76.948  21.885 0.0000000000
2805  -11.731  -76.715  22.286 0.0000000000
140455  -21.905  -85.399  25.531 0.0000000000
336  -21.245  -84.575  23.020 0.0000000000
118475  -17.981  -42.309  29.262 0.0000000000
26064  -16.720  -43.542  29.085 0.0000000000
25189  -14.829  -44.493  29.427 0.0000000000
126082  -12.656  -61.703  42.241 0.0000000000
12871  -13.015  -60.077  41.613 0.0000000000
121593  -12.817  -61.312  41.362 0.0000000000
12115  -12.682  -61.262  39.721 0.0000000000
12135  -12.693  -60.546  38.092 0.0000000000
11482  -13.340  -60.735  36.214 0.0000000000
12140  -13.304  -60.308  36.594 0.0000000000
12934  -12.505  -60.003  37.358 0.0000000000
12955  -11.888  -59.369  35.746 0.0000000000
136377  -10.947  -59.474  35.119 0.0000000000
12170  -9.823  -60.968  33.956 0.0000000000
10919  -17.717  -62.199  31.100 0.0000000000
11549  -16.003  -61.369  30.358 0.0000000000
129508  -14.272  -61.179  30.412 0.0000000000
10291  -12.425  -62.863  27.655 0.0000000000
10269  -12.630  -62.344  28.932 0.0000000000
11525  -12.808  -61.214  31.213 0.0000000000
11511  -11.456  -61.455  32.355 0.0000000000
11510  -10.597  -61.815  32.852 0.0000000000
120823  -9.138  -61.619  33.816 0.0000000000
10902  -7.430  -62.713  33.768 0.0000000000
10230  -6.257  -63.916  33.001 0.0000000000
9495  -5.072  -64.071  32.763 0.0000000000
8177  -5.815  -66.436  29.754 0.0000000000
8844  -4.826  -65.643  30.604 0.0000000000
129504  -4.742  -62.788  30.286 0.0000000000
10952  -5.529  -62.904  28.897 0.0000000000
3666  -18.886  -74.762  27.835 0.0000000000
3685  -19.659  -74.055  26.215 0.0000000000
128785  -19.492  -75.122  25.534 0.0000000000
3230  -19.487  -75.116  24.157 0.0000000000
3261  -18.676  -75.947  22.644 0.0000000000
2046  -19.511  -77.845  23.053 0.0000000000
2825  -18.859  -76.930  21.734 0.0000000000
2407  -15.781  -77.423  22.574 0.0000000000
1684  -13.986  -79.301  22.476 0.0000000000
1345  -11.746  -80.821  22.639 0.0000000000
1701  -10.798  -80.383  21.434 0.0000000000
875  -14.974  -82.055  22.106 0.0000000000
130771  -16.401  -81.225  20.504 0.0000000000
1384  -16.224  -80.606  18.471 0.0000000000
134631  -13.765  -82.667  17.130 0.0000000000
1137  -14.191  -81.642  17.527 0.0000000000
1371  -13.792  -81.209  18.709 0.0000000000
1116  -12.161  -81.599  19.282 0.0000000000
1709  -10.968  -79.573  19.652 0.0000000000
2075  -11.435  -78.765  20.384 0.0000000000
678  -21.192  -83.051  22.206 0.0000000000
123700  -19.548  -51.877  33.978 0.0000000000
18419  -18.344  -51.582  35.502 0.0000000000
20808  -17.642  -49.887  35.497 0.0000000000
20806  -16.214  -50.347  36.376 0.0000000000
19118  -15.128  -51.929  37.609 0.0000000000
18375  -14.194  -52.407  38.904 0.0000000000
19090  -13.529  -51.471  39.661 0.0000000000
18368  -12.329  -52.272  39.973 0.0000000000
16879  -12.898  -53.598  40.095 0.0000000000
16135  -12.981  -55.002  40.874 0.0000000000
127950  -13.255  -56.824  42.313 0.0000000000
13695  -13.242  -58.397  43.597 0.0000000000
16819  -10.503  -54.321  44.065 0.0000000000
16834  -9.098  -54.438  43.225 0.0000000000
15292  -7.948  -56.993  44.664 0.0000000000
15329  -8.122  -56.499  43.454 0.0000000000
15339  -8.821  -56.085  42.646 0.0000000000
15330  -10.641  -57.260  43.446 0.0000000000
13673  -12.261  -58.999  44.520 0.0000000000
116997  -13.054  -60.599  43.951 0.0000000000
10832  -12.125  -62.292  42.916 0.0000000000
10139  -11.268  -63.058  40.684 0.0000000000
10853  -10.118  -62.720  38.633 0.0000000000
131567  -8.125  -63.438  40.700 0.0000000000
10852  -9.079  -62.818  38.646 0.0000000000
116378  -10.160  -62.878  36.584 0.0000000000
9456  -10.920  -63.950  35.802 0.0000000000
8770  -13.757  -65.077  36.187 0.0000000000
8786  -14.929  -65.489  35.127 0.0000000000
8663  -6.270  -65.532  43.905 0.0000000000
8024  -7.763  -66.591  41.969 0.0000000000
8034  -9.018  -66.583  40.361 0.0000000000
7370  -7.051  -67.851  38.889 0.0000000000
7380  -8.474  -67.569  38.553 0.0000000000
7381  -10.455  -66.650  38.487 0.0000000000
134256  -11.489  -66.681  36.992 0.0000000000
8106  -13.529  -66.229  34.888 0.0000000000
8813  -14.544  -65.717  32.746 0.0000000000
138053  -14.385  -66.149  32.019 0.0000000000
8159  -14.232  -67.167  31.505 0.0000000000
136024  -14.710  -68.381  30.622 0.0000000000
6864  -11.912  -68.889  29.925 0.0000000000
126010  -13.071  -69.427  29.913 0.0000000000
136026  -15.310  -69.838  30.344 0.0000000000
5214  -15.998  -71.319  30.181 0.0000000000
5227  -16.501  -72.199  30.087 0.0000000000
4165  -16.394  -74.052  29.713 0.0000000000
4638  -6.142  -73.068  32.160 0.0000000000
4676  -6.846  -72.901  29.758 0.0000000000
4695  -7.682  -72.834  27.163 0.0000000000
4178  -9.894  -73.613  26.616 0.0000000000
2756  -8.931  -77.154  25.996 0.0000000000
3203  -11.457  -75.699  26.451 0.0000000000
3684  -12.220  -73.964  26.619 0.0000000000
3663  -14.370  -74.696  27.504 0.0000000000
3664  -15.650  -74.657  28.234 0.0000000000
3650  -17.772  -74.593  28.948 0.0000000000
126069  -17.768  -75.799  28.796 0.0000000000
2330  -17.552  -77.422  29.292 0.0000000000
1998  -17.117  -78.665  29.033 0.0000000000
1971  -14.151  -78.580  32.225 0.0000000000
1613  -15.845  -79.512  31.042 0.0000000000
1630  -16.730  -79.311  28.756 0.0000000000
1300  -15.526  -80.793  28.523 0.0000000000
1309  -15.215  -81.194  27.950 0.0000000000
1055  -14.095  -82.274  27.686 0.0000000000
140080  -9.646  -80.502  35.808 0.0000000000
801  -11.543  -81.927  36.190 0.0000000000
593  -12.004  -83.133  35.630 0.0000000000
397  -11.668  -84.086  36.839 0.0000000000
141290  -12.144  -84.025  35.723 0.0000000000
425  -12.525  -84.308  33.522 0.0000000000
612  -12.353  -84.044  31.335 0.0000000000
129931  -12.823  -83.600  29.079 0.0000000000
124149  -13.375  -82.938  26.771 0.0000000000
651  -12.587  -84.203  26.566 0.0000000000
124  -12.733  -85.086  26.526 0.0000000000
130202  -14.010  -85.777  26.794 0.0000000000
81  -15.156  -86.074  31.744 0.0000000000
122514  -15.358  -85.323  29.211 0.0000000000
131618  -15.689  -85.596  26.986 0.0000000000
471  -17.316  -84.267  27.118 0.0000000000
476  -18.368  -83.612  26.531 0.0000000000
472  -19.643  -83.515  26.989 0.0000000000
589  -20.330  -83.109  35.595 0.0000000000
429  -20.169  -82.993  33.563 0.0000000000
134791  -18.894  -84.800  31.102 0.0000000000
137459  -19.278  -85.319  29.169 0.0000000000
285  -20.656  -85.101  26.813 0.0000000000
120  -21.502  -85.933  27.627 0.0000000000
23458  -24.085  -47.305  29.857 0.0000000000
19176  -19.449  -51.796  32.231 0.0000000000
116429  -20.184  -52.438  31.719 0.0000000000
116435  -21.135  -52.427  31.040 0.0000000000
18456  -18.792  -52.918  31.126 0.0000000000
117055  -20.366  -52.342  30.678 0.0000000000
116796  -22.007  -51.428  30.448 0.0000000000
20035  -22.417  -50.427  30.034 0.0000000000
21725  -22.458  -48.751  29.568 0.0000000000
124059  -23.280  -46.973  29.578 0.0000000000
23455  -21.304  -46.592  29.427 0.0000000000
23454  -20.445  -46.686  29.517 0.0000000000
120269  -19.087  -45.970  29.671 0.0000000000
22589  -17.753  -48.095  30.188 0.0000000000
22602  -17.457  -47.172  29.941 0.0000000000
23452  -17.629  -46.227  29.735 0.0000000000
120388  -16.099  -45.875  29.528 0.0000000000
24333  -15.298  -45.308  29.564 0.0000000000
24332  -14.232  -45.132  29.752 0.0000000000
12870  -12.850  -59.368  40.948 0.0000000000
14549  -12.069  -58.491  39.882 0.0000000000
14591  -12.157  -57.410  39.016 0.0000000000
13738  -10.002  -58.850  39.573 0.0000000000
14590  -11.032  -57.564  38.907 0.0000000000
135527  -12.061  -56.950  37.658 0.0000000000
15413  -11.620  -56.446  36.133 0.0000000000
16207  -11.423  -55.741  35.298 0.0000000000
16948  -11.448  -54.149  34.331 0.0000000000
12928  -6.249  -58.921  37.675 0.0000000000
13756  -6.020  -57.778  38.742 0.0000000000
15371  -7.289  -56.396  38.226 0.0000000000
16898  -6.374  -53.695  38.138 0.0000000000
16889  -6.755  -54.591  38.099 0.0000000000
16189  -8.527  -54.782  36.770 0.0000000000
16913  -9.503  -53.847  35.743 0.0000000000
17694  -10.792  -53.245  34.541 0.0000000000
17704  -11.832  -52.768  33.623 0.0000000000
19172  -12.658  -51.209  32.903 0.0000000000
20002  -12.669  -50.427  32.744 0.0000000000
20847  -13.062  -49.179  31.808 0.0000000000
20830  -10.861  -49.752  33.603 0.0000000000
21677  -11.119  -48.860  32.487 0.0000000000
21696  -12.567  -48.495  31.546 0.0000000000
22583  -12.689  -47.175  30.811 0.0000000000
24312  -12.879  -45.840  30.161 0.0000000000
25187  -12.945  -44.555  29.700 0.0000000000
25170  -11.339  -44.450  30.335 0.0000000000
25169  -10.515  -43.974  30.700 0.0000000000
137013  -9.877  -43.043  31.008 0.0000000000
118582  -7.706  -44.154  33.321 0.0000000000
25150  -7.907  -43.010  32.933 0.0000000000
4720  -19.159  -72.196  25.100 0.0000000000
4719  -17.524  -71.974  24.605 0.0000000000
133969  -15.351  -71.340  24.446 0.0000000000
3706  -13.753  -74.440  24.978 0.0000000000
120511  -13.951  -72.701  24.613 0.0000000000
126093  -13.245  -71.128  24.251 0.0000000000
5818  -10.313  -70.189  24.865 0.0000000000
126866  -9.684  -69.480  23.342 0.0000000000
5845  -9.038  -70.621  21.551 0.0000000000
3268  -10.068  -76.634  21.543 0.0000000000
2836  -9.317  -75.803  19.748 0.0000000000
121418  -8.899  -74.952  19.346 0.0000000000
3788  -9.170  -73.967  15.765 0.0000000000
141954  -8.918  -73.384  17.033 0.0000000000
4780  -9.185  -72.922  18.651 0.0000000000
5328  -9.808  -71.653  18.717 0.0000000000
140997  -8.122  -71.202  20.292 0.0000000000
5851  -7.287  -70.931  21.538 0.0000000000
6950  -6.468  -69.822  22.436 0.0000000000
7573  -5.739  -68.188  22.471 0.0000000000
8254  -5.710  -66.352  22.577 0.0000000000
8958  -6.039  -65.175  20.136 0.0000000000
9628  -6.382  -64.824  22.802 0.0000000000
4692  -19.345  -72.556  28.323 0.0000000000
4700  -19.557  -73.026  27.543 0.0000000000
301  -19.835  -84.854  24.698 0.0000000000
326  -19.313  -85.066  23.970 0.0000000000
314  -20.219  -85.015  23.938 0.0000000000
26061  -13.718  -43.152  29.077 0.0000000000
120710  -13.494  -43.951  29.430 0.0000000000
12845  -13.542  -58.921  43.245 0.0000000000
129299  -13.571  -58.707  42.490 0.0000000000
24341  -23.306  -45.224  29.872 0.0000000000
8788  -16.361  -64.949  34.108 0.0000000000
116387  -16.392  -64.356  33.993 0.0000000000
116392  -17.348  -64.252  33.032 0.0000000000
8255  -8.422  -67.123  22.338 0.0000000000
8247  -8.050  -66.900  23.086 0.0000000000
7574  -7.887  -67.964  22.740 0.0000000000
7566  -7.563  -68.200  23.701 0.0000000000
133811  -7.460  -69.260  23.315 0.0000000000
1067  -15.346  -81.739  25.320 0.0000000000
1070  -14.991  -82.062  24.535 0.0000000000
11372  -4.604  -63.011  47.012 0.0000000000
10773  -4.934  -62.835  46.457 0.0000000000
11387  -5.388  -62.763  46.233 0.0000000000
10783  -4.917  -63.427  46.079 0.0000000000
10113  -5.365  -63.625  44.886 0.0000000000
9345  -4.952  -63.858  45.682 0.0000000000
5154  -5.771  -71.870  34.284 0.0000000000
118978  -5.822  -70.974  34.019 0.0000000000
5162  -5.833  -71.520  33.432 0.0000000000
5192  -5.924  -71.248  31.929 0.0000000000
4637  -5.896  -72.151  32.636 0.0000000000
1957  -7.710  -78.501  33.801 0.0000000000
1968  -8.046  -78.848  32.635 0.0000000000
1572  -7.929  -79.114  34.184 0.0000000000
141325  -9.057  -79.614  33.786 0.0000000000
1226  -8.053  -79.340  34.963 0.0000000000
19987  -19.142  -49.935  33.368 0.0000000000
126661  -20.634  -51.396  32.688 0.0000000000
19996  -19.327  -50.222  32.756 0.0000000000
17706  -13.407  -53.451  33.327 0.0000000000
18435  -14.022  -53.048  33.084 0.0000000000
18441  -14.003  -52.159  32.777 0.0000000000
18434  -13.247  -52.591  33.079 0.0000000000
12963  -8.830  -60.029  35.240 0.0000000000
12941  -8.522  -59.384  36.493 0.0000000000
12952  -8.243  -59.653  35.831 0.0000000000
19153  -4.799  -50.619  34.941 0.0000000000
1682  -10.753  -79.496  21.960 0.0000000000
129653  -10.235  -79.450  22.670 0.0000000000
2053  -10.534  -78.789  22.443 0.0000000000
7506  -17.404  -66.696  29.481 0.0000000000
7496  -17.655  -67.433  29.700 0.0000000000
6351  -15.893  -69.636  24.412 0.0000000000
6350  -15.296  -68.995  24.390 0.0000000000
6932  -13.072  -68.617  24.339 0.0000000000
6367  -13.340  -69.418  24.243 0.0000000000
145  -13.891  -85.684  24.907 0.0000000000
150  -13.748  -85.087  23.952 0.0000000000
133863  -14.242  -85.569  24.206 0.0000000000
534  -19.133  -84.038  19.086 0.0000000000
138369  -18.259  -84.538  18.801 0.0000000000
533  -18.859  -84.266  18.138 0.0000000000
537  -18.605  -84.227  17.253 0.0000000000
27934  -10.364  -41.248  30.245 0.0000000000
27922  -9.410  -40.905  30.977 0.0000000000
27008  -8.824  -41.279  31.528 0.0000000000
17632  -14.411  -53.255  38.740 0.0000000000
15390  -12.732  -56.896  37.212 0.0000000000
10907  -5.305  -62.364  32.810 0.0000000000
11502  -5.705  -61.425  33.567 0.0000000000
11509  -5.552  -61.466  32.869 0.0000000000
25193  -19.546  -44.127  29.506 0.0000000000
124823  -18.888  -44.649  29.536 0.0000000000
124824  -18.120  -44.684  29.499 0.0000000000
137182  -11.915  -62.427  38.016 0.0000000000
116384  -12.600  -62.107  38.061 0.0000000000
127632  -11.886  -62.286  37.351 0.0000000000
12190  -13.976  -59.972  32.576 0.0000000000
134238  -13.779  -59.756  33.622 0.0000000000
12189  -13.426  -59.846  32.418 0.0000000000
12998  -12.982  -59.562  33.006 0.0000000000
12205  -13.220  -60.345  31.784 0.0000000000
10302  -15.493  -63.219  26.328 0.0000000000
10965  -15.284  -62.243  26.655 0.0000000000
139173  -14.481  -62.560  26.170 0.0000000000
8878  -9.299  -65.366  28.365 0.0000000000
9548  -9.686  -64.736  29.692 0.0000000000
140200  -9.812  -64.109  30.906 0.0000000000
9547  -8.872  -65.102  30.018 0.0000000000
9528  -8.495  -64.824  30.753 0.0000000000
8848  -7.885  -65.282  30.244 0.0000000000
8897  -4.927  -66.101  25.563 0.0000000000
135256  -4.924  -65.974  26.277 0.0000000000
137496  -4.932  -65.255  25.631 0.0000000000
9585  -5.036  -64.383  25.797 0.0000000000
9596  -5.035  -64.631  25.045 0.0000000000
2022  -18.408  -77.920  26.284 0.0000000000
1713  -17.482  -79.262  20.011 0.0000000000
2084  -17.202  -78.833  19.902 0.0000000000
1704  -15.694  -79.141  19.929 0.0000000000
1710  -15.283  -79.754  19.391 0.0000000000
712  -13.577  -84.078  18.592 0.0000000000
1751  -12.728  -79.509  15.582 0.0000000000
1750  -12.186  -79.632  16.090 0.0000000000
1742  -12.113  -78.973  16.058 0.0000000000
2106  -11.713  -78.737  16.683 0.0000000000
2107  -12.175  -78.347  16.130 0.0000000000
2456  -12.542  -77.763  16.443 0.0000000000
19917  -16.726  -50.346  38.924 0.0000000000
19900  -16.306  -50.655  39.585 0.0000000000
17608  -10.164  -52.952  41.550 0.0000000000
17616  -10.497  -52.958  40.944 0.0000000000
16862  -10.065  -54.162  41.537 0.0000000000
16129  -10.599  -55.004  41.766 0.0000000000
132744  -9.902  -55.346  42.126 0.0000000000
12823  -8.102  -59.633  44.779 0.0000000000
12049  -8.731  -61.150  44.956 0.0000000000
12050  -9.540  -60.756  44.939 0.0000000000
11410  -9.315  -61.826  44.878 0.0000000000
10799  -9.960  -62.387  44.503 0.0000000000
10798  -8.902  -62.647  44.535 0.0000000000
8746  -8.298  -64.851  39.605 0.0000000000
9426  -8.561  -64.437  38.676 0.0000000000
8759  -10.276  -65.343  38.445 0.0000000000
8043  -9.987  -65.820  39.176 0.0000000000
130736  -5.699  -68.035  42.145 0.0000000000
120442  -6.225  -67.757  41.799 0.0000000000
7346  -6.124  -67.804  40.829 0.0000000000
120958  -8.512  -67.466  33.130 0.0000000000
7429  -8.599  -67.408  34.380 0.0000000000
7441  -9.062  -67.184  33.624 0.0000000000
8119  -10.639  -66.654  33.516 0.0000000000
8129  -10.719  -66.747  32.659 0.0000000000
8138  -10.922  -66.943  31.832 0.0000000000
7461  -10.453  -67.329  31.306 0.0000000000
5781  -11.961  -70.791  28.244 0.0000000000
5237  -12.416  -71.452  27.890 0.0000000000
5224  -13.120  -71.745  27.966 0.0000000000
4699  -12.377  -72.304  27.431 0.0000000000
3176  -9.594  -76.012  28.291 0.0000000000
3646  -9.462  -75.325  28.533 0.0000000000
3645  -8.285  -75.810  28.676 0.0000000000
3174  -7.553  -76.320  27.865 0.0000000000
2727  -7.331  -76.500  27.228 0.0000000000
3188  -7.620  -76.893  27.305 0.0000000000
1619  -12.040  -78.967  29.212 0.0000000000
2006  -12.324  -78.434  27.897 0.0000000000
1990  -13.078  -77.898  29.304 0.0000000000
2335  -13.421  -77.233  28.985 0.0000000000
2327  -13.681  -77.418  29.996 0.0000000000
2328  -14.502  -76.946  30.340 0.0000000000
1985  -13.483  -77.856  30.800 0.0000000000
808  -13.019  -82.679  34.783 0.0000000000
1008  -13.837  -81.327  34.080 0.0000000000
811  -13.765  -82.447  34.206 0.0000000000
137913  -13.978  -82.464  32.309 0.0000000000
605  -13.593  -83.094  33.663 0.0000000000
119703  -13.576  -85.952  34.786 0.0000000000
3  -13.412  -85.780  35.095 0.0000000000
119484  -13.199  -86.057  33.753 0.0000000000
17  -12.776  -85.782  32.732 0.0000000000
18  -13.109  -86.155  32.391 0.0000000000
25  -13.396  -85.967  31.060 0.0000000000
22  -13.503  -86.233  31.931 0.0000000000
427  -18.182  -83.458  33.629 0.0000000000
436  -17.402  -83.369  32.184 0.0000000000
437  -18.250  -82.899  32.832 0.0000000000
606  -18.286  -82.749  31.762 0.0000000000
607  -18.966  -82.680  32.835 0.0000000000
87  -21.434  -85.664  32.173 0.0000000000
116917  -23.603  -52.328  31.293 0.0000000000
116446  -24.982  -51.908  31.754 0.0000000000
117083  -24.384  -51.677  31.189 0.0000000000
116916  -24.412  -50.787  30.701 0.0000000000
116438  -23.307  -51.266  30.633 0.0000000000
17709  -17.090  -53.581  33.298 0.0000000000
17719  -17.010  -53.650  32.672 0.0000000000
120436  -19.089  -51.176  30.373 0.0000000000
124466  -19.253  -50.291  30.257 0.0000000000
20862  -19.778  -49.748  30.049 0.0000000000
20861  -18.881  -49.421  30.336 0.0000000000
21711  -15.467  -48.394  30.371 0.0000000000
119116  -14.727  -48.187  30.463 0.0000000000
131528  -14.124  -48.009  30.598 0.0000000000
12125  -11.504  -60.458  39.169 0.0000000000
12102  -10.915  -60.020  39.892 0.0000000000
12113  -10.782  -60.188  39.543 0.0000000000
15372  -8.678  -56.948  38.093 0.0000000000
14588  -8.761  -57.648  38.931 0.0000000000
15387  -9.179  -56.496  37.475 0.0000000000
15385  -5.423  -56.090  37.385 0.0000000000
15384  -5.356  -56.202  37.896 0.0000000000
16170  -5.289  -55.130  37.581 0.0000000000
19145  -8.319  -50.955  36.291 0.0000000000
19134  -8.503  -51.817  36.503 0.0000000000
19146  -9.077  -51.694  35.785 0.0000000000
18418  -9.817  -51.922  35.113 0.0000000000
19147  -9.591  -51.228  35.123 0.0000000000
19983  -10.868  -50.892  34.126 0.0000000000
22555  -9.143  -47.320  32.639 0.0000000000
22570  -9.742  -47.097  31.983 0.0000000000
23423  -9.973  -46.447  31.555 0.0000000000
3243  -17.301  -75.341  23.359 0.0000000000
3228  -16.749  -74.900  24.081 0.0000000000
2783  -16.303  -75.643  23.878 0.0000000000
3719  -8.513  -74.391  23.316 0.0000000000
3701  -8.824  -73.927  23.814 0.0000000000
4242  -8.964  -73.256  22.707 0.0000000000
4760  -9.987  -72.492  22.223 0.0000000000
125678  -9.195  -73.556  21.202 0.0000000000
5887  -6.742  -70.130  15.592 0.0000000000
6436  -6.476  -69.375  16.050 0.0000000000
6429  -6.442  -69.542  17.186 0.0000000000
7003  -6.112  -68.754  17.586 0.0000000000
7002  -5.986  -67.840  16.788 0.0000000000
5765  -18.602  -70.331  29.823 0.0000000000
6313  -19.102  -69.634  29.426 0.0000000000
5776  -19.325  -70.510  29.194 0.0000000000
5246  -19.822  -70.740  26.416 0.0000000000
5782  -19.902  -70.054  26.943 0.0000000000
5792  -19.415  -70.299  25.643 0.0000000000
6353  -17.609  -69.960  24.564 0.0000000000
5808  -17.873  -70.735  24.583 0.0000000000
298  -16.875  -85.306  25.446 0.0000000000
311  -16.169  -85.286  24.799 0.0000000000
132212  -17.090  -85.146  24.745 0.0000000000
676  -18.482  -83.277  22.859 0.0000000000
668  -17.716  -83.524  22.665 0.0000000000
876  -18.234  -82.805  22.283 0.0000000000
690  -18.319  -83.116  20.857 0.0000000000
891  -19.346  -81.764  21.084 0.0000000000
27939  -17.577  -41.493  29.128 0.0000000000
28791  -17.492  -40.719  29.009 0.0000000000
27938  -16.773  -41.797  28.899 0.0000000000
27953  -15.430  -41.657  28.432 0.0000000000
27954  -16.244  -41.340  28.604 0.0000000000
28799  -14.070  -40.824  28.034 0.0000000000
27025  -12.508  -42.609  29.156 0.0000000000
27024  -11.678  -42.413  29.536 0.0000000000
26058  -11.197  -42.944  30.074 0.0000000000
135855  -14.063  -55.110  39.677 0.0000000000
116405  -13.655  -56.352  40.996 0.0000000000
14551  -13.631  -57.377  40.723 0.0000000000
116949  -13.703  -56.776  40.480 0.0000000000
14574  -13.429  -57.286  40.061 0.0000000000
10943  -6.168  -62.465  29.620 0.0000000000
11543  -6.223  -61.759  30.479 0.0000000000
127955  -22.246  -45.027  29.562 0.0000000000
25195  -21.912  -44.239  29.586 0.0000000000
124785  -21.299  -44.841  29.468 0.0000000000
25194  -20.401  -44.579  29.471 0.0000000000
116377  -13.174  -63.835  34.728 0.0000000000
10208  -12.284  -63.276  34.643 0.0000000000
10209  -13.106  -63.147  34.393 0.0000000000
10913  -15.674  -62.457  32.687 0.0000000000
10904  -14.765  -62.411  33.146 0.0000000000
10912  -15.043  -61.693  32.437 0.0000000000
9617  -11.617  -64.856  23.478 0.0000000000
9600  -12.061  -64.221  24.134 0.0000000000
9616  -10.693  -64.991  23.481 0.0000000000
8216  -8.166  -66.405  24.706 0.0000000000
8899  -9.511  -65.383  25.505 0.0000000000
123798  -8.914  -65.850  26.124 0.0000000000
127410  -8.786  -65.993  26.999 0.0000000000
124169  -8.032  -66.593  26.755 0.0000000000
8201  -7.970  -66.389  27.518 0.0000000000
8208  -7.466  -67.332  26.382 0.0000000000
6349  -5.984  -69.730  24.971 0.0000000000
6909  -6.189  -69.098  25.542 0.0000000000
121652  -5.750  -68.688  25.380 0.0000000000
7535  -5.401  -67.639  25.743 0.0000000000
7553  -5.589  -68.648  24.450 0.0000000000
1660  -16.982  -79.929  25.983 0.0000000000
1081  -16.580  -81.056  23.373 0.0000000000
1334  -17.048  -80.759  23.826 0.0000000000
124647  -17.386  -80.406  21.860 0.0000000000
1359  -17.120  -80.536  21.384 0.0000000000
731  -14.792  -83.491  15.173 0.0000000000
730  -13.804  -83.546  15.753 0.0000000000
121074  -14.883  -82.821  14.667 0.0000000000
1760  -13.477  -79.828  14.711 0.0000000000
119646  -7.064  -59.730  46.203 0.0000000000
12045  -6.016  -61.964  45.468 0.0000000000
12046  -6.533  -61.008  45.395 0.0000000000
12047  -6.724  -61.123  45.179 0.0000000000
12048  -6.943  -60.949  44.926 0.0000000000
11407  -6.540  -62.180  44.849 0.0000000000
10796  -6.541  -62.826  44.243 0.0000000000
10811  -5.838  -62.949  43.505 0.0000000000
9387  -5.248  -64.125  42.721 0.0000000000
10125  -5.427  -63.800  42.468 0.0000000000
9389  -6.177  -64.354  41.414 0.0000000000
9399  -6.576  -64.318  40.882 0.0000000000
8703  -6.822  -64.895  41.480 0.0000000000
5644  -5.588  -69.709  38.275 0.0000000000
123557  -5.890  -68.942  38.101 0.0000000000
6212  -6.067  -69.123  36.626 0.0000000000
6250  -6.256  -68.866  33.328 0.0000000000
6815  -6.321  -68.272  33.172 0.0000000000
6816  -6.678  -67.931  33.046 0.0000000000
6823  -7.040  -68.075  32.311 0.0000000000
6835  -7.465  -68.448  31.564 0.0000000000
6284  -6.988  -69.047  31.142 0.0000000000
5758  -7.204  -70.966  29.901 0.0000000000
6306  -7.804  -70.019  29.913 0.0000000000
5767  -7.739  -71.110  28.768 0.0000000000
5768  -8.536  -70.848  28.554 0.0000000000
125378  -7.909  -71.539  28.100 0.0000000000
2313  -9.035  -77.596  31.350 0.0000000000
2318  -9.255  -77.935  30.278 0.0000000000
2319  -10.143  -77.343  29.655 0.0000000000
123708  -9.353  -78.121  29.018 0.0000000000
2325  -8.436  -78.548  28.255 0.0000000000
1983  -8.571  -78.624  29.750 0.0000000000
1019  -9.293  -79.816  31.214 0.0000000000
1285  -8.991  -80.497  29.484 0.0000000000
1038  -9.244  -80.420  29.956 0.0000000000
1287  -9.751  -80.439  29.623 0.0000000000
1278  -10.282  -80.266  30.665 0.0000000000
1021  -10.059  -79.840  31.960 0.0000000000
1004  -10.428  -79.946  34.237 0.0000000000
123468  -10.997  -80.761  35.201 0.0000000000
141335  -11.420  -81.226  34.932 0.0000000000
138829  -11.451  -81.337  35.388 0.0000000000
43  -13.958  -86.234  36.777 0.0000000000
11  -15.099  -86.314  35.128 0.0000000000
16974  -22.186  -54.417  33.074 0.0000000000
116433  -21.892  -53.603  32.282 0.0000000000
119820  -21.415  -52.723  31.912 0.0000000000
16977  -14.963  -54.670  33.564 0.0000000000
17717  -15.823  -53.915  32.878 0.0000000000
141304  -15.583  -52.138  32.063 0.0000000000
18453  -16.202  -52.612  32.006 0.0000000000
137956  -16.853  -51.593  31.344 0.0000000000
20013  -16.443  -50.852  31.316 0.0000000000
19180  -14.676  -50.698  31.942 0.0000000000
122427  -14.512  -49.924  31.609 0.0000000000
20011  -13.940  -50.310  32.114 0.0000000000
12943  -10.784  -59.575  36.980 0.0000000000
118289  -9.837  -59.825  38.550 0.0000000000
119379  -9.952  -59.538  37.381 0.0000000000
12930  -8.378  -59.133  38.002 0.0000000000
12913  -8.062  -58.988  38.751 0.0000000000
12896  -7.842  -58.597  38.992 0.0000000000
13758  -7.520  -58.216  38.996 0.0000000000
17675  -5.122  -53.333  36.294 0.0000000000
17657  -4.868  -53.058  36.797 0.0000000000
18414  -5.192  -52.228  35.960 0.0000000000
19956  -5.104  -49.992  36.057 0.0000000000
122897  -5.498  -50.654  36.481 0.0000000000
19957  -6.380  -50.234  36.592 0.0000000000
19958  -7.412  -50.641  36.853 0.0000000000
19968  -7.307  -49.837  36.328 0.0000000000
20805  -8.432  -49.531  35.125 0.0000000000
20804  -7.403  -49.083  35.765 0.0000000000
21665  -7.122  -47.230  34.435 0.0000000000
21666  -8.246  -47.783  33.961 0.0000000000
22536  -6.827  -46.260  34.343 0.0000000000
22522  -6.308  -46.755  34.608 0.0000000000
22534  -5.596  -46.846  33.953 0.0000000000
141465  -13.408  -78.626  23.934 0.0000000000
2036  -13.398  -78.094  24.323 0.0000000000
2035  -12.039  -78.757  24.396 0.0000000000
2403  -9.220  -77.727  23.013 0.0000000000
2380  -9.173  -77.887  23.914 0.0000000000
2392  -8.999  -77.170  23.203 0.0000000000
2790  -8.654  -76.344  23.300 0.0000000000
132579  -9.135  -76.393  22.328 0.0000000000
8850  -15.864  -65.693  31.183 0.0000000000
9531  -16.585  -64.854  30.941 0.0000000000
8851  -16.813  -65.001  30.441 0.0000000000
8881  -17.415  -65.777  28.555 0.0000000000
8880  -17.215  -65.215  28.897 0.0000000000
8888  -17.182  -65.101  27.848 0.0000000000
141368  -16.528  -64.846  26.701 0.0000000000
6891  -19.308  -68.128  27.687 0.0000000000
7508  -18.764  -67.417  28.245 0.0000000000
6890  -18.583  -67.404  26.756 0.0000000000
117228  -15.615  -67.270  24.779 0.0000000000
7539  -16.124  -66.593  25.408 0.0000000000
8218  -15.294  -66.389  24.917 0.0000000000
8903  -15.301  -65.550  25.327 0.0000000000
130597  -14.748  -65.793  24.851 0.0000000000
8917  -13.428  -65.124  24.146 0.0000000000
8237  -13.331  -66.710  24.363 0.0000000000
6930  -11.412  -68.540  23.923 0.0000000000
8235  -11.763  -67.082  23.759 0.0000000000
6942  -10.545  -67.968  23.561 0.0000000000
6953  -9.772  -67.833  22.862 0.0000000000
6380  -10.062  -68.509  23.581 0.0000000000
662  -13.195  -83.650  24.644 0.0000000000
136954  -13.484  -83.468  24.117 0.0000000000
666  -13.268  -83.746  23.971 0.0000000000
342  -13.652  -84.782  22.042 0.0000000000
124160  -13.288  -84.165  21.884 0.0000000000
349  -13.369  -84.544  20.939 0.0000000000
528  -13.469  -84.557  19.888 0.0000000000
350  -13.706  -85.122  20.357 0.0000000000
334  -15.756  -85.258  22.488 0.0000000000
157  -15.132  -85.627  22.272 0.0000000000
119230  -16.189  -85.692  20.955 0.0000000000
361  -16.643  -85.256  18.552 0.0000000000
355  -15.839  -85.712  19.131 0.0000000000
129288  -15.638  -85.495  18.282 0.0000000000
359  -14.281  -85.294  18.479 0.0000000000
365  -15.313  -85.293  17.527 0.0000000000
370  -14.809  -85.085  16.812 0.0000000000
371  -15.897  -85.026  16.821 0.0000000000
732  -17.958  -83.282  15.074 0.0000000000
548  -17.276  -83.943  15.364 0.0000000000
742  -17.064  -82.353  13.607 0.0000000000
28798  -13.271  -40.680  28.197 0.0000000000
128550  -13.030  -40.052  28.076 0.0000000000
28790  -12.530  -40.418  28.404 0.0000000000
29688  -11.125  -39.812  29.267 0.0000000000
19971  -15.939  -50.961  36.154 0.0000000000
116419  -15.972  -51.620  35.659 0.0000000000
116418  -15.590  -52.597  35.946 0.0000000000
17679  -15.468  -53.521  35.811 0.0000000000
17697  -16.387  -53.184  34.582 0.0000000000
16929  -15.625  -54.223  35.283 0.0000000000
136849  -14.380  -55.432  38.647 0.0000000000
116410  -14.619  -55.465  37.690 0.0000000000
16228  -15.046  -55.235  34.497 0.0000000000
16210  -14.528  -55.662  35.006 0.0000000000
16208  -13.063  -56.083  35.086 0.0000000000
16226  -13.729  -55.714  34.677 0.0000000000
16225  -12.805  -55.409  34.410 0.0000000000
11493  -6.577  -61.474  34.400 0.0000000000
12154  -5.712  -60.139  34.131 0.0000000000
137722  -5.764  -60.307  34.503 0.0000000000
13802  -5.626  -58.801  35.360 0.0000000000
14629  -5.658  -58.045  35.930 0.0000000000
14641  -5.722  -58.286  35.118 0.0000000000
12993  -6.168  -59.756  32.879 0.0000000000
12992  -5.954  -60.139  32.932 0.0000000000
14643  -7.052  -57.319  34.428 0.0000000000
14631  -6.633  -57.236  35.087 0.0000000000
15411  -6.434  -56.872  35.497 0.0000000000
122604  -6.785  -55.264  35.301 0.0000000000
138  -22.313  -85.365  25.133 0.0000000000
316  -22.004  -84.952  24.362 0.0000000000
147  -22.776  -85.178  24.680 0.0000000000
27031  -19.614  -42.746  29.467 0.0000000000
27940  -18.526  -41.564  29.296 0.0000000000
135535  -16.101  -44.091  29.140 0.0000000000
25190  -15.568  -44.551  29.308 0.0000000000
116395  -12.592  -62.110  41.239 0.0000000000
10862  -13.003  -61.714  38.329 0.0000000000
11462  -12.920  -61.519  38.855 0.0000000000
140621  -12.765  -61.205  38.998 0.0000000000
12127  -12.967  -60.948  38.397 0.0000000000
10886  -13.153  -61.569  34.847 0.0000000000
11481  -12.918  -61.474  35.589 0.0000000000
11486  -13.461  -60.646  35.289 0.0000000000
12957  -13.334  -59.753  35.188 0.0000000000
12149  -13.462  -60.121  35.757 0.0000000000
12946  -13.192  -59.834  36.051 0.0000000000
12935  -13.059  -59.998  36.783 0.0000000000
12945  -12.636  -59.632  36.372 0.0000000000
12944  -11.736  -59.558  36.696 0.0000000000
12172  -11.656  -60.030  33.386 0.0000000000
12978  -11.384  -59.720  34.198 0.0000000000
12171  -10.786  -60.480  33.747 0.0000000000
12160  -10.333  -60.084  34.422 0.0000000000
136543  -17.879  -63.493  30.160 0.0000000000
10256  -18.120  -63.026  30.623 0.0000000000
10948  -17.747  -62.098  29.594 0.0000000000
11564  -15.406  -61.606  28.259 0.0000000000
11559  -15.858  -61.475  29.060 0.0000000000
11558  -14.973  -61.584  29.095 0.0000000000
11548  -15.175  -61.272  30.445 0.0000000000
10947  -14.083  -61.779  29.209 0.0000000000
9580  -12.101  -63.501  26.487 0.0000000000
128554  -12.701  -62.974  26.766 0.0000000000
9572  -11.923  -63.462  27.369 0.0000000000
10267  -11.315  -63.346  29.394 0.0000000000
10268  -11.816  -62.778  29.211 0.0000000000
10930  -12.327  -62.221  29.838 0.0000000000
10918  -12.229  -62.059  30.754 0.0000000000
11524  -11.931  -61.778  31.558 0.0000000000
10917  -11.502  -62.554  31.173 0.0000000000
10234  -10.049  -63.061  32.179 0.0000000000
10910  -10.578  -62.535  32.323 0.0000000000
10909  -9.743  -62.555  32.829 0.0000000000
11504  -9.814  -61.773  33.418 0.0000000000
10903  -8.975  -62.243  33.407 0.0000000000
121604  -8.204  -62.592  33.475 0.0000000000
10908  -8.722  -62.923  33.023 0.0000000000
9512  -7.004  -64.849  31.834 0.0000000000
9498  -6.555  -64.344  32.444 0.0000000000
9497  -5.771  -64.481  32.593 0.0000000000
9483  -5.746  -63.972  33.070 0.0000000000
9510  -5.352  -65.061  32.175 0.0000000000
8190  -6.709  -66.870  28.489 0.0000000000
8178  -6.768  -66.447  29.265 0.0000000000
8189  -5.970  -66.711  28.954 0.0000000000
8875  -4.796  -65.540  28.748 0.0000000000
8861  -4.762  -65.578  29.594 0.0000000000
9527  -4.639  -64.649  29.942 0.0000000000
124677  -4.710  -64.551  31.082 0.0000000000
10275  -4.679  -63.675  29.298 0.0000000000
10941  -4.759  -63.027  29.627 0.0000000000
10951  -4.940  -62.976  28.966 0.0000000000
10288  -6.363  -63.575  27.157 0.0000000000
3194  -18.797  -75.640  27.699 0.0000000000
3206  -19.414  -74.963  26.383 0.0000000000
3205  -19.129  -75.751  26.925 0.0000000000
2375  -19.431  -76.405  24.601 0.0000000000
2784  -19.549  -75.791  24.104 0.0000000000
3246  -19.337  -75.698  23.482 0.0000000000
3245  -18.993  -75.395  23.190 0.0000000000
3262  -19.167  -76.145  22.754 0.0000000000
1670  -18.540  -79.240  24.179 0.0000000000
2045  -19.066  -78.607  23.585 0.0000000000
2056  -19.186  -78.567  22.506 0.0000000000
2429  -17.345  -77.845  20.700 0.0000000000
2424  -18.629  -77.681  21.123 0.0000000000
2422  -16.982  -77.490  21.246 0.0000000000
2409  -17.522  -77.001  21.676 0.0000000000
2055  -15.337  -78.139  22.261 0.0000000000
2069  -14.902  -78.875  21.915 0.0000000000
1357  -13.115  -80.711  21.440 0.0000000000
1696  -13.652  -80.016  21.909 0.0000000000
1099  -11.499  -81.297  21.498 0.0000000000
1089  -10.959  -81.211  21.854 0.0000000000
1097  -11.037  -81.212  21.126 0.0000000000
120852  -14.562  -82.487  22.677 0.0000000000
871  -15.109  -81.998  23.010 0.0000000000
137834  -15.810  -82.149  19.099 0.0000000000
1108  -15.563  -81.945  20.444 0.0000000000
1118  -16.085  -81.714  19.511 0.0000000000
139588  -16.590  -81.068  19.526 0.0000000000
909  -15.918  -81.402  18.159 0.0000000000
920  -13.485  -82.477  16.627 0.0000000000
117995  -13.224  -81.984  17.337 0.0000000000
1127  -13.332  -81.629  17.952 0.0000000000
1382  -14.493  -81.059  18.049 0.0000000000
1126  -12.257  -81.685  18.363 0.0000000000
1722  -11.089  -79.062  18.527 0.0000000000
1721  -10.987  -79.885  18.662 0.0000000000
2082  -11.362  -78.731  19.329 0.0000000000
2083  -11.914  -77.965  19.684 0.0000000000
2434  -12.464  -77.402  20.453 0.0000000000
2442  -12.231  -77.467  18.684 0.0000000000
125968  -21.804  -84.316  22.688 0.0000000000
502  -21.231  -84.065  22.634 0.0000000000
511  -22.027  -83.743  22.086 0.0000000000
17699  -19.526  -53.607  33.852 0.0000000000
19137  -18.053  -50.982  36.611 0.0000000000
19148  -18.161  -50.657  35.755 0.0000000000
19973  -17.833  -50.115  36.044 0.0000000000
20807  -16.893  -49.971  35.926 0.0000000000
141294  -16.556  -50.174  36.683 0.0000000000
19927  -15.076  -51.014  38.393 0.0000000000
19941  -15.183  -51.417  37.856 0.0000000000
19117  -14.782  -51.690  38.322 0.0000000000
18387  -14.696  -52.200  38.264 0.0000000000
19053  -13.526  -51.491  41.053 0.0000000000
19071  -13.747  -51.139  40.456 0.0000000000
19070  -12.663  -51.392  40.345 0.0000000000
17623  -11.655  -52.695  40.312 0.0000000000
127241  -12.492  -52.865  39.928 0.0000000000
16872  -12.484  -54.126  40.611 0.0000000000
15341  -11.576  -56.208  42.627 0.0000000000
139149  -12.570  -55.943  41.970 0.0000000000
15342  -12.557  -56.381  42.465 0.0000000000
14514  -13.330  -57.719  43.123 0.0000000000
14513  -12.702  -57.646  43.518 0.0000000000
16087  -10.027  -54.856  44.630 0.0000000000
16835  -9.879  -53.914  43.435 0.0000000000
16106  -8.575  -55.127  43.368 0.0000000000
14471  -7.866  -57.671  45.101 0.0000000000
138968  -8.052  -57.247  45.296 0.0000000000
14493  -7.881  -57.485  44.434 0.0000000000
132745  -8.451  -58.210  43.904 0.0000000000
14510  -8.135  -57.536  43.753 0.0000000000
14525  -8.805  -57.107  42.970 0.0000000000
15338  -8.213  -56.245  42.909 0.0000000000
130810  -9.535  -57.331  43.315 0.0000000000
14526  -9.638  -56.691  42.882 0.0000000000
13692  -9.994  -57.966  43.765 0.0000000000
126527  -11.214  -59.894  44.845 0.0000000000
131496  -11.343  -59.172  44.677 0.0000000000
12826  -12.050  -59.774  44.730 0.0000000000
12827  -12.863  -59.551  44.410 0.0000000000
12053  -12.634  -60.451  44.451 0.0000000000
118437  -12.657  -61.562  43.236 0.0000000000
10816  -12.206  -61.854  43.661 0.0000000000
10839  -10.825  -63.119  42.250 0.0000000000
10160  -10.979  -62.949  39.687 0.0000000000
10149  -10.273  -63.120  40.305 0.0000000000
10128  -7.879  -63.446  41.499 0.0000000000
9439  -8.591  -63.771  37.889 0.0000000000
140955  -8.178  -63.185  38.676 0.0000000000
10186  -9.041  -63.368  37.431 0.0000000000
10870  -9.472  -62.992  37.139 0.0000000000
10187  -9.665  -63.450  36.853 0.0000000000
10195  -10.366  -63.369  36.153 0.0000000000
9450  -10.084  -64.091  36.731 0.0000000000
9451  -12.342  -65.392  37.234 0.0000000000
9457  -13.041  -65.167  36.813 0.0000000000
8769  -13.359  -65.663  36.536 0.0000000000
8776  -14.436  -65.288  35.583 0.0000000000
8775  -13.927  -65.674  36.029 0.0000000000
122658  -5.681  -65.280  45.055 0.0000000000
8662  -5.860  -65.063  44.226 0.0000000000
7971  -6.598  -66.163  43.778 0.0000000000
7348  -7.754  -67.116  41.504 0.0000000000
8006  -7.467  -66.292  42.525 0.0000000000
8025  -8.219  -66.371  41.495 0.0000000000
7358  -8.445  -67.320  40.073 0.0000000000
141455  -6.741  -68.316  37.868 0.0000000000
7378  -7.091  -68.000  38.065 0.0000000000
7385  -6.963  -68.145  37.335 0.0000000000
117289  -8.909  -67.365  36.011 0.0000000000
7403  -7.994  -67.665  37.134 0.0000000000
134826  -9.355  -67.296  37.371 0.0000000000
117340  -9.520  -67.151  38.785 0.0000000000
7389  -9.895  -67.135  37.893 0.0000000000
7405  -10.884  -66.821  37.591 0.0000000000
8066  -10.679  -66.858  36.337 0.0000000000
125727  -11.930  -66.234  33.792 0.0000000000
8105  -12.573  -66.360  34.768 0.0000000000
8121  -12.915  -66.063  33.683 0.0000000000
8122  -13.958  -65.991  34.157 0.0000000000
8801  -13.660  -65.832  33.093 0.0000000000
8812  -13.561  -66.013  32.303 0.0000000000
8157  -12.500  -67.573  31.302 0.0000000000
126071  -13.274  -67.249  31.760 0.0000000000
7494  -13.903  -67.955  30.855 0.0000000000
121508  -15.042  -67.354  30.956 0.0000000000
6861  -9.905  -68.808  29.924 0.0000000000
6862  -10.713  -68.455  30.099 0.0000000000
6309  -10.708  -69.045  29.570 0.0000000000
5773  -13.219  -70.570  29.132 0.0000000000
6320  -12.799  -69.867  29.372 0.0000000000
6321  -13.622  -70.078  29.772 0.0000000000
6322  -14.383  -69.977  30.205 0.0000000000
133868  -14.646  -70.468  30.102 0.0000000000
5762  -15.610  -70.521  30.258 0.0000000000
5775  -14.889  -71.113  29.939 0.0000000000
5226  -15.141  -72.084  29.754 0.0000000000
127442  -15.805  -72.824  29.751 0.0000000000
4690  -16.972  -73.156  29.890 0.0000000000
129704  -15.787  -73.428  29.545 0.0000000000
3622  -7.618  -75.264  30.380 0.0000000000
120784  -7.390  -74.919  31.061 0.0000000000
130971  -6.502  -73.789  31.856 0.0000000000
121989  -6.767  -74.100  31.253 0.0000000000
140031  -6.731  -72.699  30.546 0.0000000000
4147  -6.836  -74.091  29.923 0.0000000000
4193  -7.011  -74.849  26.668 0.0000000000
4176  -7.300  -73.804  26.891 0.0000000000
4194  -7.684  -74.451  26.394 0.0000000000
132615  -9.115  -73.264  26.710 0.0000000000
4195  -8.797  -74.173  26.332 0.0000000000
2004  -8.300  -79.009  27.100 0.0000000000
2358  -8.194  -77.792  26.158 0.0000000000
2020  -9.774  -78.458  26.378 0.0000000000
124055  -12.685  -77.046  27.086 0.0000000000
2757  -11.065  -76.778  26.431 0.0000000000
3683  -11.424  -74.590  26.505 0.0000000000
3204  -12.331  -74.893  26.576 0.0000000000
3661  -13.035  -74.320  26.751 0.0000000000
3191  -13.834  -75.446  27.301 0.0000000000
3193  -15.500  -75.579  28.225 0.0000000000
117371  -15.331  -75.020  27.880 0.0000000000
3665  -16.039  -75.104  28.614 0.0000000000
3649  -16.955  -75.002  29.282 0.0000000000
3178  -17.093  -75.325  29.159 0.0000000000
3179  -17.732  -75.056  28.715 0.0000000000
2732  -17.116  -76.132  29.313 0.0000000000
2323  -16.450  -77.481  30.471 0.0000000000
2724  -17.270  -76.853  29.582 0.0000000000
2329  -17.031  -77.457  29.916 0.0000000000
1991  -17.235  -78.130  29.588 0.0000000000
1986  -16.747  -78.134  30.349 0.0000000000
1596  -12.478  -79.162  32.732 0.0000000000
1970  -13.296  -78.562  32.111 0.0000000000
1597  -13.572  -79.132  32.791 0.0000000000
1273  -15.002  -80.505  32.026 0.0000000000
1274  -15.397  -79.731  31.747 0.0000000000
135272  -15.773  -80.004  30.585 0.0000000000
1620  -16.124  -79.679  30.135 0.0000000000
1629  -16.106  -80.050  28.355 0.0000000000
1290  -15.845  -80.281  29.285 0.0000000000
131395  -14.248  -81.868  30.066 0.0000000000
1040  -14.665  -81.616  29.317 0.0000000000
1047  -14.368  -81.960  28.493 0.0000000000
1056  -14.784  -81.752  27.803 0.0000000000
844  -13.736  -82.588  28.406 0.0000000000
1211  -9.013  -80.122  35.831 0.0000000000
792  -11.546  -82.386  36.596 0.0000000000
982  -11.061  -81.422  36.429 0.0000000000
585  -11.725  -82.714  36.464 0.0000000000
588  -11.785  -82.867  36.158 0.0000000000
141132  -12.452  -84.235  38.213 0.0000000000
393  -12.119  -83.939  37.594 0.0000000000
208  -12.208  -84.981  36.937 0.0000000000
235  -12.856  -84.745  35.163 0.0000000000
225  -12.322  -84.369  35.766 0.0000000000
234  -12.792  -84.183  35.041 0.0000000000
415  -12.423  -83.672  35.336 0.0000000000
424  -12.657  -84.223  34.376 0.0000000000
603  -12.356  -84.323  32.957 0.0000000000
435  -12.347  -84.533  32.426 0.0000000000
460  -12.434  -84.579  29.928 0.0000000000
621  -12.306  -84.225  30.571 0.0000000000
121563  -12.459  -84.095  29.081 0.0000000000
123838  -13.074  -83.192  28.358 0.0000000000
637  -12.638  -83.779  28.303 0.0000000000
652  -12.757  -83.771  26.402 0.0000000000
469  -12.481  -84.422  27.436 0.0000000000
105  -13.097  -85.543  28.942 0.0000000000
114  -12.729  -85.194  27.929 0.0000000000
115  -13.076  -85.465  27.803 0.0000000000
126915  -13.366  -85.635  27.005 0.0000000000
116  -13.728  -85.737  27.637 0.0000000000
66  -15.652  -86.258  33.466 0.0000000000
24  -14.920  -86.436  32.414 0.0000000000
73  -15.447  -86.168  32.607 0.0000000000
263  -16.038  -84.640  30.388 0.0000000000
268  -15.361  -85.352  30.074 0.0000000000
269  -15.932  -84.833  29.459 0.0000000000
276  -15.320  -85.455  28.416 0.0000000000
124423  -15.955  -85.141  28.559 0.0000000000
283  -16.565  -85.240  26.950 0.0000000000
470  -16.499  -84.796  27.792 0.0000000000
845  -18.300  -82.598  28.723 0.0000000000
850  -18.174  -82.695  27.978 0.0000000000
640  -18.811  -82.655  27.956 0.0000000000
653  -19.243  -83.190  26.635 0.0000000000
641  -19.218  -83.197  28.026 0.0000000000
430  -20.722  -83.488  34.216 0.0000000000
245  -20.384  -84.507  33.389 0.0000000000
438  -19.813  -83.738  32.795 0.0000000000
253  -19.932  -85.339  32.631 0.0000000000
131535  -20.512  -85.889  30.235 0.0000000000
271  -19.315  -85.586  29.866 0.0000000000
109  -19.759  -85.804  29.153 0.0000000000
277  -19.655  -85.296  28.322 0.0000000000
110  -20.209  -85.936  28.383 0.0000000000
128  -21.189  -85.805  26.865 0.0000000000
111  -21.068  -85.951  28.436 0.0000000000
113  -22.865  -85.766  28.247 0.0000000000
116737  -24.828  -49.073  30.427 0.0000000000
22590  -24.870  -47.519  30.307 0.0000000000
22609  -24.283  -48.249  29.985 0.0000000000
136414  -16.868  -51.727  34.275 0.0000000000
116423  -17.915  -51.200  32.959 0.0000000000
116428  -19.047  -53.032  31.928 0.0000000000
116958  -20.213  -52.733  31.041 0.0000000000
18454  -17.366  -53.192  31.747 0.0000000000
18455  -18.052  -53.095  31.474 0.0000000000
19196  -19.742  -51.888  30.404 0.0000000000
19197  -20.549  -51.568  30.302 0.0000000000
116439  -21.153  -51.934  30.569 0.0000000000
141060  -21.219  -51.332  30.279 0.0000000000
133833  -21.582  -50.833  30.113 0.0000000000
21724  -21.600  -48.734  29.548 0.0000000000
20873  -22.004  -49.505  29.643 0.0000000000
123711  -22.784  -48.123  29.539 0.0000000000
22607  -22.617  -47.455  29.481 0.0000000000
23456  -22.341  -46.557  29.458 0.0000000000
22606  -21.721  -47.303  29.429 0.0000000000
23453  -19.543  -46.725  29.678 0.0000000000
125735  -18.034  -48.922  30.467 0.0000000000
21713  -17.151  -48.718  30.403 0.0000000000
22587  -15.993  -47.873  30.050 0.0000000000
24334  -16.973  -45.648  29.479 0.0000000000
23451  -16.747  -46.481  29.665 0.0000000000
138723  -15.402  -46.138  29.741 0.0000000000
23449  -14.649  -46.005  29.912 0.0000000000
23448  -13.736  -45.924  30.042 0.0000000000
12092  -12.844  -60.599  41.308 0.0000000000
13739  -11.245  -59.116  39.701 0.0000000000
136492  -12.224  -59.109  40.113 0.0000000000
14573  -12.638  -57.759  39.714 0.0000000000
14572  -11.516  -58.008  39.379 0.0000000000
12898  -9.384  -59.384  39.338 0.0000000000
12884  -9.694  -59.233  39.566 0.0000000000
13737  -9.257  -58.694  39.508 0.0000000000
14589  -9.959  -57.620  38.928 0.0000000000
130985  -11.213  -56.869  37.590 0.0000000000
15389  -11.863  -56.817  36.939 0.0000000000
121419  -10.910  -56.528  36.805 0.0000000000
126314  -9.949  -55.406  36.035 0.0000000000
16224  -11.833  -55.147  34.604 0.0000000000
16928  -10.976  -54.760  34.823 0.0000000000
140389  -6.283  -59.629  36.278 0.0000000000
12939  -6.179  -59.292  36.940 0.0000000000
12927  -5.891  -58.577  37.862 0.0000000000
14566  -5.743  -56.965  38.675 0.0000000000
14585  -5.743  -57.453  38.641 0.0000000000
15361  -6.221  -56.370  38.675 0.0000000000
131845  -6.307  -57.083  38.752 0.0000000000
15370  -6.586  -56.026  38.493 0.0000000000
17640  -4.819  -53.041  37.218 0.0000000000
17630  -5.212  -53.756  37.636 0.0000000000
17641  -5.764  -52.928  37.852 0.0000000000
16899  -7.289  -53.842  37.718 0.0000000000
16900  -8.073  -53.992  36.985 0.0000000000
16172  -7.713  -54.967  37.404 0.0000000000
16912  -8.935  -54.117  36.314 0.0000000000
18424  -11.171  -52.460  34.088 0.0000000000
17695  -11.435  -53.277  34.038 0.0000000000
18433  -12.351  -52.063  33.235 0.0000000000
18432  -11.558  -51.995  33.660 0.0000000000
19993  -11.407  -50.355  33.603 0.0000000000
19994  -12.068  -50.704  33.147 0.0000000000
20841  -13.265  -49.978  32.296 0.0000000000
120618  -12.536  -49.686  32.395 0.0000000000
20820  -9.038  -49.351  34.430 0.0000000000
133288  -9.832  -49.974  34.380 0.0000000000
20821  -10.042  -49.459  33.778 0.0000000000
21694  -10.816  -48.114  31.985 0.0000000000
21695  -11.709  -48.481  31.835 0.0000000000
22573  -12.172  -47.763  31.280 0.0000000000
21708  -12.970  -47.951  31.066 0.0000000000
23433  -12.349  -46.380  30.529 0.0000000000
24311  -12.173  -45.699  30.321 0.0000000000
24330  -12.523  -45.142  30.024 0.0000000000
25186  -12.091  -44.349  29.914 0.0000000000
24310  -11.748  -45.105  30.318 0.0000000000
24308  -9.859  -44.530  31.244 0.0000000000
25168  -9.568  -43.517  31.357 0.0000000000
24275  -7.095  -44.770  33.667 0.0000000000
26008  -7.697  -43.083  32.757 0.0000000000
3695  -19.652  -73.763  25.403 0.0000000000
4207  -19.530  -73.194  25.336 0.0000000000
4206  -19.300  -72.873  24.988 0.0000000000
135481  -16.578  -73.279  24.692 0.0000000000
4204  -17.341  -72.798  24.596 0.0000000000
4718  -16.590  -72.609  24.660 0.0000000000
137926  -16.644  -71.964  24.633 0.0000000000
4717  -15.777  -72.246  24.703 0.0000000000
3224  -12.652  -75.925  24.723 0.0000000000
3225  -14.144  -75.345  25.067 0.0000000000
126888  -13.235  -75.183  24.844 0.0000000000
132714  -11.156  -73.120  24.745 0.0000000000
4215  -12.179  -73.451  24.624 0.0000000000
118783  -11.587  -72.360  24.809 0.0000000000
136581  -13.274  -72.014  24.380 0.0000000000
5273  -12.431  -71.723  24.628 0.0000000000
121622  -12.101  -70.744  24.910 0.0000000000
5271  -10.425  -71.001  25.126 0.0000000000
5302  -10.555  -71.362  21.331 0.0000000000
5840  -9.773  -70.135  23.238 0.0000000000
5847  -10.144  -70.869  21.598 0.0000000000
6403  -9.226  -70.056  22.267 0.0000000000
5854  -9.666  -70.849  21.084 0.0000000000
2821  -10.925  -76.701  22.184 0.0000000000
3277  -10.170  -76.299  20.621 0.0000000000
3307  -9.650  -75.973  17.415 0.0000000000
2845  -9.719  -76.178  18.729 0.0000000000
3295  -9.161  -75.560  18.430 0.0000000000
3285  -9.145  -75.486  19.157 0.0000000000
3294  -9.020  -75.062  18.637 0.0000000000
5344  -7.806  -71.708  16.318 0.0000000000
4284  -8.778  -73.168  16.516 0.0000000000
129369  -8.720  -72.890  16.857 0.0000000000
134905  -8.827  -73.711  18.040 0.0000000000
4790  -9.140  -72.393  17.798 0.0000000000
4791  -9.739  -72.088  18.450 0.0000000000
4804  -9.339  -71.844  18.078 0.0000000000
119687  -7.091  -70.517  19.073 0.0000000000
121837  -7.794  -71.056  19.669 0.0000000000
5862  -7.059  -70.733  20.116 0.0000000000
5852  -7.618  -71.161  20.767 0.0000000000
134464  -6.979  -70.819  20.883 0.0000000000
6400  -6.957  -70.316  22.152 0.0000000000
125860  -6.881  -70.256  21.261 0.0000000000
7591  -5.980  -67.580  20.597 0.0000000000
7583  -5.916  -67.816  21.509 0.0000000000
130153  -5.903  -66.709  20.938 0.0000000000
8266  -5.736  -67.043  22.010 0.0000000000
136813  -5.993  -66.172  21.639 0.0000000000
8320  -5.979  -65.954  17.314 0.0000000000
125573  -6.439  -64.621  21.703 0.0000000000
132348  -19.357  -71.256  28.960 0.0000000000
5230  -19.668  -71.669  28.192 0.0000000000
5238  -19.839  -71.282  27.128 0.0000000000
134597  -19.773  -71.287  26.244 0.0000000000
312  -18.000  -85.183  24.521 0.0000000000
325  -18.412  -85.004  23.901 0.0000000000
494  -19.003  -84.744  23.603 0.0000000000
677  -19.536  -82.878  22.749 0.0000000000
27028  -16.545  -42.644  28.911 0.0000000000
27027  -15.657  -42.534  28.697 0.0000000000
27043  -14.815  -42.378  28.609 0.0000000000
26080  -13.873  -42.336  28.669 0.0000000000
122156  -12.930  -43.301  29.241 0.0000000000
116948  -13.622  -57.815  41.994 0.0000000000
13741  -13.545  -57.876  41.196 0.0000000000
116380  -14.839  -64.410  34.871 0.0000000000
116382  -14.070  -63.524  34.381 0.0000000000
10221  -15.798  -63.784  34.082 0.0000000000
118874  -16.506  -63.641  33.522 0.0000000000
10914  -16.660  -62.470  32.372 0.0000000000
8939  -9.478  -65.993  22.588 0.0000000000
9598  -9.815  -65.221  23.805 0.0000000000
8929  -8.576  -66.015  23.125 0.0000000000
8234  -8.220  -66.367  23.760 0.0000000000
8215  -7.579  -67.356  25.371 0.0000000000
7554  -7.196  -68.564  24.985 0.0000000000
6928  -6.532  -69.421  25.036 0.0000000000
6391  -6.205  -70.113  23.915 0.0000000000
124365  -15.839  -80.991  25.888 0.0000000000
1323  -16.557  -80.572  25.518 0.0000000000
1322  -16.095  -81.150  24.995 0.0000000000
1072  -16.366  -81.195  24.123 0.0000000000
1080  -15.892  -81.587  23.414 0.0000000000
933  -15.589  -82.172  13.124 0.0000000000
932  -14.757  -81.897  13.545 0.0000000000
12009  -6.285  -61.333  46.742 0.0000000000
12023  -6.263  -61.054  46.293 0.0000000000
12022  -5.826  -61.849  46.194 0.0000000000
135877  -5.748  -62.196  45.882 0.0000000000
11405  -5.603  -62.836  45.343 0.0000000000
128489  -5.713  -62.999  43.998 0.0000000000
10794  -5.460  -63.295  45.007 0.0000000000
9374  -5.212  -63.863  43.269 0.0000000000
138287  -5.419  -64.385  42.939 0.0000000000
5691  -5.732  -70.460  35.830 0.0000000000
124324  -5.969  -69.521  35.897 0.0000000000
6222  -5.911  -69.826  35.038 0.0000000000
6249  -6.044  -69.567  33.514 0.0000000000
6264  -6.063  -69.475  32.707 0.0000000000
6283  -6.523  -69.367  31.558 0.0000000000
5745  -6.217  -70.510  31.526 0.0000000000
5753  -6.722  -70.571  30.824 0.0000000000
5206  -6.835  -71.410  30.444 0.0000000000
2312  -8.332  -77.972  31.907 0.0000000000
1975  -8.261  -78.889  31.106 0.0000000000
1974  -8.138  -78.811  31.896 0.0000000000
1270  -8.799  -79.513  31.634 0.0000000000
124357  -9.319  -79.671  32.016 0.0000000000
1013  -10.054  -79.803  32.621 0.0000000000
1254  -9.618  -79.663  33.599 0.0000000000
997  -9.843  -79.938  35.075 0.0000000000
17711  -20.500  -53.120  33.013 0.0000000000
18436  -20.849  -52.073  32.459 0.0000000000
19177  -20.325  -51.450  32.218 0.0000000000
129636  -14.436  -54.346  33.447 0.0000000000
126016  -14.492  -53.451  33.043 0.0000000000
18442  -14.747  -53.033  32.711 0.0000000000
19181  -15.201  -51.474  31.992 0.0000000000
19173  -13.593  -51.352  32.640 0.0000000000
12942  -9.286  -59.385  36.829 0.0000000000
125954  -7.502  -58.942  38.053 0.0000000000
19144  -4.923  -51.380  35.293 0.0000000000
19978  -4.183  -49.982  35.380 0.0000000000
19966  -5.091  -49.231  35.837 0.0000000000
20803  -6.135  -48.843  36.028 0.0000000000
21655  -5.905  -48.069  34.811 0.0000000000
122574  -5.907  -47.257  34.603 0.0000000000
1326  -10.421  -80.116  23.590 0.0000000000
1664  -10.212  -79.566  24.095 0.0000000000
1681  -9.925  -79.437  23.158 0.0000000000
2051  -9.476  -78.529  23.193 0.0000000000
2419  -9.635  -77.483  22.559 0.0000000000
8180  -16.148  -66.569  30.492 0.0000000000
121723  -16.782  -65.838  30.026 0.0000000000
8181  -16.905  -66.384  29.890 0.0000000000
135143  -17.550  -66.379  28.886 0.0000000000
8193  -17.785  -66.292  28.225 0.0000000000
6914  -17.227  -68.192  24.852 0.0000000000
6896  -17.635  -67.227  25.648 0.0000000000
6913  -16.003  -68.115  24.609 0.0000000000
7538  -14.617  -67.253  24.573 0.0000000000
7537  -13.621  -67.337  24.445 0.0000000000
131268  -13.061  -67.990  24.341 0.0000000000
6931  -12.270  -68.412  24.142 0.0000000000
138405  -11.678  -68.801  24.216 0.0000000000
307  -13.012  -84.310  24.770 0.0000000000
490  -13.197  -83.944  23.460 0.0000000000
321  -13.292  -84.688  24.337 0.0000000000
154  -14.072  -85.158  22.779 0.0000000000
158  -14.025  -85.429  21.680 0.0000000000
520  -17.557  -84.439  20.761 0.0000000000
352  -16.694  -85.467  20.361 0.0000000000
353  -17.331  -85.067  20.225 0.0000000000
142041  -17.175  -85.159  19.014 0.0000000000
367  -17.219  -84.940  17.753 0.0000000000
372  -16.913  -84.864  16.899 0.0000000000
536  -17.788  -84.561  17.057 0.0000000000
549  -18.118  -83.773  15.673 0.0000000000
27936  -11.793  -40.782  28.984 0.0000000000
28789  -10.781  -40.621  29.733 0.0000000000
116417  -15.313  -52.378  36.887 0.0000000000
140656  -15.189  -53.064  37.193 0.0000000000
116414  -15.264  -53.920  36.931 0.0000000000
122677  -14.031  -56.216  37.121 0.0000000000
16192  -13.949  -56.208  36.258 0.0000000000
15415  -13.227  -56.490  35.838 0.0000000000
15414  -12.371  -56.319  35.575 0.0000000000
10892  -6.064  -62.012  33.817 0.0000000000
11492  -6.158  -61.388  34.255 0.0000000000
11491  -5.866  -61.392  33.997 0.0000000000
12167  -5.677  -60.761  33.991 0.0000000000
129329  -5.756  -59.701  33.933 0.0000000000
12977  -7.836  -58.785  33.280 0.0000000000
13822  -7.110  -58.588  33.730 0.0000000000
14655  -7.561  -57.778  33.766 0.0000000000
15426  -7.241  -56.636  34.168 0.0000000000
132251  -7.153  -55.263  34.384 0.0000000000
16223  -7.069  -55.960  33.748 0.0000000000
26067  -20.778  -43.317  29.516 0.0000000000
26066  -19.952  -43.317  29.488 0.0000000000
26065  -19.140  -43.291  29.462 0.0000000000
118781  -18.266  -43.153  29.328 0.0000000000
116943  -12.014  -62.821  40.120 0.0000000000
10847  -12.557  -62.325  40.355 0.0000000000
117103  -12.472  -62.424  39.547 0.0000000000
10872  -13.025  -61.530  37.603 0.0000000000
12173  -14.134  -60.587  33.575 0.0000000000
12968  -13.895  -60.066  34.056 0.0000000000
12967  -13.547  -59.719  34.334 0.0000000000
12966  -12.989  -59.414  34.529 0.0000000000
12979  -12.447  -59.510  33.778 0.0000000000
12997  -12.368  -59.786  33.020 0.0000000000
12187  -11.937  -60.414  32.667 0.0000000000
130170  -16.609  -62.483  27.667 0.0000000000
10958  -17.198  -62.174  28.361 0.0000000000
137314  -16.053  -62.142  27.292 0.0000000000
11572  -15.775  -61.819  27.568 0.0000000000
10964  -14.893  -61.794  27.439 0.0000000000
9570  -10.833  -64.531  27.326 0.0000000000
126848  -11.180  -63.947  28.031 0.0000000000
119008  -10.628  -64.334  28.662 0.0000000000
9550  -10.977  -63.815  29.032 0.0000000000
10266  -10.924  -63.709  29.978 0.0000000000
10254  -11.165  -63.150  30.693 0.0000000000
10253  -10.472  -63.688  30.857 0.0000000000
10244  -9.745  -63.632  31.578 0.0000000000
10243  -8.694  -63.925  31.961 0.0000000000
10232  -8.182  -63.484  32.617 0.0000000000
9513  -8.061  -64.482  31.487 0.0000000000
8829  -6.361  -65.408  31.267 0.0000000000
7522  -5.420  -66.977  27.283 0.0000000000
7513  -5.212  -66.773  28.043 0.0000000000
8199  -4.990  -66.611  27.531 0.0000000000
8884  -4.889  -65.782  27.171 0.0000000000
120144  -4.809  -64.985  27.907 0.0000000000
10286  -5.046  -63.556  27.676 0.0000000000
9577  -4.961  -64.187  26.544 0.0000000000
121974  -5.367  -63.966  26.039 0.0000000000
2350  -18.447  -77.175  27.774 0.0000000000
2759  -18.983  -76.459  26.469 0.0000000000
2374  -18.841  -77.148  25.982 0.0000000000
135421  -19.149  -77.119  25.132 0.0000000000
2388  -19.386  -77.127  24.268 0.0000000000
1699  -18.398  -79.306  21.212 0.0000000000
119770  -18.872  -78.779  21.700 0.0000000000
2080  -18.173  -78.879  20.552 0.0000000000
2078  -17.282  -78.338  20.285 0.0000000000
2071  -16.569  -78.145  20.752 0.0000000000
2070  -15.678  -78.421  21.310 0.0000000000
1698  -15.220  -79.128  20.921 0.0000000000
1358  -14.145  -80.131  20.941 0.0000000000
1365  -13.440  -80.951  20.409 0.0000000000
688  -14.045  -83.220  20.298 0.0000000000
898  -14.757  -82.927  19.462 0.0000000000
714  -15.044  -82.807  17.863 0.0000000000
1153  -12.897  -80.758  15.809 0.0000000000
919  -13.073  -81.834  16.544 0.0000000000
1152  -12.374  -80.615  16.294 0.0000000000
1144  -12.052  -80.798  16.779 0.0000000000
1134  -11.803  -80.816  17.455 0.0000000000
122517  -11.478  -80.472  17.987 0.0000000000
1395  -11.396  -79.962  17.418 0.0000000000
2097  -11.421  -78.626  17.522 0.0000000000
2441  -11.954  -77.752  17.679 0.0000000000
2449  -12.402  -77.483  17.096 0.0000000000
19119  -17.775  -50.910  37.533 0.0000000000
19943  -17.597  -50.575  37.734 0.0000000000
20784  -16.616  -50.132  37.339 0.0000000000
20770  -16.708  -50.093  38.089 0.0000000000
19928  -15.607  -50.372  38.457 0.0000000000
19914  -14.472  -51.273  38.996 0.0000000000
18344  -11.312  -51.988  41.149 0.0000000000
18361  -11.432  -51.976  40.582 0.0000000000
18360  -10.952  -52.432  40.805 0.0000000000
128075  -11.073  -53.118  40.607 0.0000000000
16871  -11.438  -53.827  40.774 0.0000000000
16864  -12.044  -54.615  41.126 0.0000000000
16863  -11.022  -54.351  41.293 0.0000000000
16067  -9.469  -55.450  45.061 0.0000000000
12843  -7.634  -58.774  44.674 0.0000000000
14508  -7.775  -58.097  44.303 0.0000000000
12844  -7.822  -58.905  44.488 0.0000000000
13670  -8.365  -58.840  44.312 0.0000000000
13671  -9.378  -58.622  44.252 0.0000000000
138676  -9.917  -60.106  44.881 0.0000000000
12051  -10.628  -60.534  44.901 0.0000000000
11412  -11.292  -61.303  44.717 0.0000000000
132003  -11.533  -62.293  43.747 0.0000000000
10815  -10.597  -62.686  43.840 0.0000000000
10830  -10.189  -63.080  42.962 0.0000000000
10129  -9.904  -63.356  42.130 0.0000000000
136138  -7.100  -63.858  40.099 0.0000000000
10147  -7.737  -63.500  39.827 0.0000000000
9425  -7.742  -64.126  39.094 0.0000000000
129656  -8.101  -63.830  38.523 0.0000000000
9440  -9.209  -64.423  37.960 0.0000000000
8763  -10.824  -65.039  37.770 0.0000000000
8764  -11.677  -65.712  37.771 0.0000000000
8765  -12.304  -65.926  37.422 0.0000000000
137568  -6.338  -67.030  43.593 0.0000000000
7347  -6.997  -67.580  41.354 0.0000000000
7428  -7.210  -67.842  34.711 0.0000000000
7402  -7.263  -67.942  36.642 0.0000000000
7419  -8.130  -67.644  35.177 0.0000000000
7420  -9.120  -67.217  35.143 0.0000000000
138371  -9.678  -67.003  35.880 0.0000000000
8084  -11.127  -66.636  35.433 0.0000000000
8103  -10.748  -66.613  34.430 0.0000000000
8120  -11.344  -66.350  33.141 0.0000000000
118034  -12.081  -66.061  32.877 0.0000000000
8811  -12.906  -66.533  32.259 0.0000000000
8139  -11.724  -66.981  31.786 0.0000000000
8156  -11.863  -67.423  31.273 0.0000000000
7475  -11.933  -67.901  30.875 0.0000000000
6318  -10.689  -69.623  28.992 0.0000000000
6319  -11.522  -69.603  28.973 0.0000000000
5771  -11.226  -70.277  28.577 0.0000000000
5772  -12.500  -70.328  28.850 0.0000000000
134272  -14.335  -71.499  29.411 0.0000000000
123401  -13.639  -71.393  28.793 0.0000000000
4687  -13.743  -72.134  28.241 0.0000000000
4688  -14.244  -72.877  28.090 0.0000000000
128254  -7.800  -75.514  29.636 0.0000000000
3633  -7.379  -75.234  29.451 0.0000000000
3632  -6.985  -74.680  29.249 0.0000000000
3644  -7.064  -75.188  28.293 0.0000000000
3679  -7.070  -75.738  26.667 0.0000000000
3201  -8.003  -75.968  25.919 0.0000000000
1640  -10.889  -79.392  27.524 0.0000000000
1655  -10.370  -79.004  26.760 0.0000000000
2005  -11.455  -78.703  27.265 0.0000000000
138626  -12.375  -77.531  27.144 0.0000000000
2744  -13.373  -76.851  27.667 0.0000000000
121341  -13.999  -76.186  27.727 0.0000000000
2745  -14.015  -76.563  28.187 0.0000000000
2730  -14.637  -76.201  29.002 0.0000000000
2731  -15.563  -75.850  28.812 0.0000000000
137195  -16.362  -76.038  29.485 0.0000000000
2722  -15.692  -76.249  29.892 0.0000000000
2716  -15.337  -76.762  30.517 0.0000000000
2315  -15.360  -77.832  31.406 0.0000000000
1257  -12.573  -80.348  34.193 0.0000000000
1591  -13.858  -79.839  33.255 0.0000000000
1259  -14.005  -80.545  33.524 0.0000000000
1009  -14.314  -81.007  33.358 0.0000000000
1023  -14.656  -81.351  31.879 0.0000000000
1279  -14.925  -81.092  30.277 0.0000000000
1022  -14.180  -82.032  31.661 0.0000000000
819  -13.655  -82.722  31.558 0.0000000000
783  -11.573  -82.614  37.210 0.0000000000
35  -13.005  -85.878  37.024 0.0000000000
34  -12.598  -85.487  36.903 0.0000000000
48  -12.968  -85.429  35.795 0.0000000000
47  -13.036  -85.166  35.081 0.0000000000
64  -12.816  -85.024  33.916 0.0000000000
252  -12.467  -84.675  32.453 0.0000000000
123206  -12.545  -85.144  32.579 0.0000000000
261  -12.406  -84.824  30.744 0.0000000000
88  -12.541  -85.125  29.921 0.0000000000
267  -12.479  -84.800  29.179 0.0000000000
121207  -12.858  -85.559  30.141 0.0000000000
128881  -13.190  -85.827  30.241 0.0000000000
90  -13.747  -85.971  30.425 0.0000000000
243  -16.858  -85.187  33.289 0.0000000000
136465  -15.895  -85.531  32.060 0.0000000000
118368  -16.617  -84.621  32.414 0.0000000000
446  -16.633  -83.910  31.613 0.0000000000
457  -16.537  -83.709  30.782 0.0000000000
638  -16.976  -83.279  28.772 0.0000000000
622  -17.115  -82.938  30.409 0.0000000000
828  -18.083  -82.536  30.216 0.0000000000
624  -18.361  -82.792  30.331 0.0000000000
75  -20.360  -85.809  32.455 0.0000000000
95  -20.983  -85.699  30.694 0.0000000000
116437  -24.138  -52.993  32.105 0.0000000000
116441  -24.564  -49.946  30.428 0.0000000000
17698  -17.022  -52.933  34.009 0.0000000000
116424  -17.910  -52.721  32.954 0.0000000000
141033  -17.455  -53.043  33.354 0.0000000000
116427  -18.537  -53.163  31.712 0.0000000000
19183  -17.490  -51.982  31.102 0.0000000000
19184  -18.175  -52.489  30.994 0.0000000000
20034  -21.433  -50.168  29.847 0.0000000000
20033  -20.595  -50.012  29.907 0.0000000000
139424  -20.889  -48.727  29.630 0.0000000000
127557  -21.077  -47.984  29.516 0.0000000000
21723  -20.270  -48.379  29.730 0.0000000000
22604  -19.569  -48.098  29.866 0.0000000000
20858  -15.696  -49.115  30.721 0.0000000000
21712  -16.283  -48.568  30.354 0.0000000000
22600  -15.722  -47.277  29.894 0.0000000000
23450  -15.909  -46.657  29.710 0.0000000000
12103  -11.707  -60.083  40.216 0.0000000000
14546  -8.704  -57.777  39.801 0.0000000000
14547  -9.213  -58.342  39.553 0.0000000000
15388  -10.224  -56.694  37.513 0.0000000000
15401  -9.854  -56.025  36.726 0.0000000000
118815  -5.635  -58.489  37.256 0.0000000000
13791  -5.620  -58.139  37.968 0.0000000000
129988  -5.515  -57.811  37.666 0.0000000000
15368  -5.400  -56.464  38.173 0.0000000000
16156  -5.622  -55.830  38.343 0.0000000000
19115  -6.847  -51.716  37.514 0.0000000000
18386  -7.389  -52.304  37.548 0.0000000000
18402  -8.154  -52.405  36.924 0.0000000000
17659  -9.144  -53.210  36.053 0.0000000000
18417  -9.428  -52.532  35.633 0.0000000000
126477  -11.012  -51.635  34.099 0.0000000000
141134  -10.006  -48.776  33.196 0.0000000000
21676  -9.573  -48.211  32.826 0.0000000000
21693  -10.023  -47.790  32.225 0.0000000000
22581  -10.881  -46.757  31.172 0.0000000000
24309  -10.510  -45.423  30.993 0.0000000000
24297  -9.864  -45.506  31.396 0.0000000000
24296  -9.097  -44.643  32.062 0.0000000000
4219  -19.016  -73.240  24.421 0.0000000000
3710  -18.308  -73.838  24.105 0.0000000000
3709  -16.343  -74.463  24.621 0.0000000000
3693  -16.117  -73.918  24.813 0.0000000000
127675  -10.671  -75.589  24.401 0.0000000000
134449  -11.483  -74.808  24.515 0.0000000000
3703  -10.485  -74.440  24.447 0.0000000000
125111  -10.138  -73.344  24.729 0.0000000000
130134  -9.615  -72.507  24.778 0.0000000000
4728  -9.811  -71.729  24.888 0.0000000000
5283  -9.494  -71.699  23.537 0.0000000000
4761  -10.658  -71.883  21.710 0.0000000000
4771  -10.804  -71.893  20.722 0.0000000000
130653  -9.952  -75.894  16.653 0.0000000000
5354  -7.697  -71.471  14.972 0.0000000000
125013  -7.631  -71.605  15.705 0.0000000000
5337  -7.945  -71.516  17.049 0.0000000000
5880  -7.954  -71.027  17.817 0.0000000000
5879  -7.296  -70.880  17.128 0.0000000000
5870  -7.025  -70.458  17.859 0.0000000000
6413  -6.811  -69.730  19.457 0.0000000000
6976  -6.508  -68.983  19.807 0.0000000000
6994  -6.248  -68.866  18.753 0.0000000000
6975  -5.946  -68.137  19.199 0.0000000000
8285  -5.667  -66.505  19.222 0.0000000000
130270  -17.380  -69.013  30.197 0.0000000000
6882  -18.451  -67.724  29.279 0.0000000000
6869  -18.641  -68.676  29.631 0.0000000000
122289  -19.484  -68.842  28.650 0.0000000000
6898  -19.135  -68.384  26.248 0.0000000000
6330  -19.680  -69.054  27.290 0.0000000000
6338  -18.317  -68.981  25.037 0.0000000000
6352  -16.634  -69.849  24.496 0.0000000000
5806  -15.886  -70.476  24.444 0.0000000000
310  -15.276  -85.541  24.754 0.0000000000
309  -14.792  -85.497  23.942 0.0000000000
322  -15.501  -85.213  23.958 0.0000000000
323  -15.997  -84.920  23.339 0.0000000000
335  -16.550  -84.523  22.710 0.0000000000
675  -17.233  -84.013  22.457 0.0000000000
509  -16.937  -84.390  21.932 0.0000000000
689  -17.767  -83.607  21.241 0.0000000000
531  -18.801  -83.681  20.047 0.0000000000
28802  -17.014  -40.238  28.630 0.0000000000
28801  -16.434  -40.710  28.531 0.0000000000
29699  -16.222  -40.135  28.254 0.0000000000
28809  -15.401  -40.117  27.953 0.0000000000
28808  -14.529  -40.132  27.771 0.0000000000
27026  -12.995  -42.036  28.728 0.0000000000
27023  -10.827  -42.107  30.106 0.0000000000
120585  -14.051  -55.969  39.321 0.0000000000
15377  -13.746  -56.536  38.593 0.0000000000
11541  -5.232  -61.926  31.349 0.0000000000
11522  -5.674  -61.401  31.631 0.0000000000
11523  -6.003  -61.097  31.356 0.0000000000
119805  -6.625  -60.589  31.508 0.0000000000
12185  -6.752  -59.920  32.205 0.0000000000
26068  -21.620  -43.475  29.646 0.0000000000
24337  -19.587  -45.152  29.508 0.0000000000
116375  -11.059  -62.680  35.641 0.0000000000
10885  -12.128  -62.341  34.990 0.0000000000
10895  -12.877  -62.428  34.525 0.0000000000
120909  -13.478  -61.776  34.322 0.0000000000
119910  -14.253  -62.723  33.835 0.0000000000
11497  -14.058  -61.697  33.722 0.0000000000
12207  -14.404  -60.505  32.162 0.0000000000
10322  -13.821  -63.713  24.909 0.0000000000
10313  -13.748  -63.232  25.293 0.0000000000
10320  -12.617  -63.699  24.643 0.0000000000
9587  -11.518  -64.095  25.259 0.0000000000
9578  -10.964  -64.503  25.882 0.0000000000
8915  -10.071  -65.054  24.749 0.0000000000
8900  -10.299  -65.011  25.717 0.0000000000
8892  -10.528  -64.861  26.615 0.0000000000
8887  -10.190  -65.031  27.373 0.0000000000
8886  -9.434  -65.446  27.544 0.0000000000
8877  -8.514  -65.668  28.702 0.0000000000
8864  -8.253  -65.480  29.479 0.0000000000
8191  -7.909  -66.177  28.292 0.0000000000
121911  -7.325  -66.810  28.027 0.0000000000
7515  -6.305  -67.308  27.330 0.0000000000
7525  -6.963  -67.978  26.705 0.0000000000
7524  -6.521  -67.889  26.653 0.0000000000
7523  -5.995  -67.499  26.761 0.0000000000
7534  -5.531  -67.319  26.493 0.0000000000
8231  -5.013  -66.757  25.200 0.0000000000
8245  -5.027  -66.539  24.278 0.0000000000
1657  -17.379  -79.229  26.441 0.0000000000
126466  -17.989  -78.745  25.942 0.0000000000
1661  -17.627  -79.476  25.545 0.0000000000
1669  -17.882  -79.689  24.687 0.0000000000
124724  -18.079  -79.850  23.845 0.0000000000
135400  -17.608  -80.333  23.564 0.0000000000
1677  -18.050  -79.922  22.966 0.0000000000
1685  -17.906  -79.924  22.022 0.0000000000
1368  -17.435  -79.913  20.155 0.0000000000
1373  -17.097  -79.917  19.443 0.0000000000
535  -13.527  -84.363  17.257 0.0000000000
720  -13.599  -83.833  17.524 0.0000000000
141158  -13.552  -83.709  16.265 0.0000000000
735  -13.782  -82.779  15.639 0.0000000000
931  -14.178  -81.606  14.126 0.0000000000
127643  -13.841  -81.281  14.736 0.0000000000
927  -13.473  -81.375  15.456 0.0000000000
1425  -13.077  -80.166  15.289 0.0000000000
2118  -13.436  -78.887  15.100 0.0000000000
18331  -11.309  -52.383  41.953 0.0000000000
18330  -10.497  -52.675  42.012 0.0000000000
17590  -9.722  -53.665  41.989 0.0000000000
13632  -7.412  -58.530  45.925 0.0000000000
13652  -7.307  -58.885  45.297 0.0000000000
12788  -6.790  -60.134  46.068 0.0000000000
12806  -6.963  -59.689  45.405 0.0000000000
12821  -7.161  -59.429  45.048 0.0000000000
12822  -7.304  -59.674  44.900 0.0000000000
10797  -7.773  -62.766  44.475 0.0000000000
10813  -8.334  -63.115  43.617 0.0000000000
10812  -7.124  -63.106  43.432 0.0000000000
10127  -6.651  -63.568  41.406 0.0000000000
10827  -5.787  -63.301  42.661 0.0000000000
10126  -5.865  -63.702  41.912 0.0000000000
10135  -6.718  -63.954  40.649 0.0000000000
9412  -6.932  -64.163  40.215 0.0000000000
8734  -8.229  -65.240  40.514 0.0000000000
6760  -5.844  -68.173  39.677 0.0000000000
6761  -6.243  -68.132  39.254 0.0000000000
6764  -6.178  -68.405  38.654 0.0000000000
125609  -6.429  -68.506  37.997 0.0000000000
6789  -6.581  -68.610  36.501 0.0000000000
6798  -6.317  -69.040  35.218 0.0000000000
6799  -6.619  -68.551  35.579 0.0000000000
7427  -6.842  -68.129  35.112 0.0000000000
7439  -7.154  -67.780  33.802 0.0000000000
7449  -7.662  -67.692  32.936 0.0000000000
7450  -8.477  -67.589  32.561 0.0000000000
124902  -9.750  -67.527  31.449 0.0000000000
6836  -8.467  -68.181  31.184 0.0000000000
6849  -8.548  -68.754  30.577 0.0000000000
6860  -8.939  -69.016  30.029 0.0000000000
6299  -7.443  -69.565  30.569 0.0000000000
6307  -8.546  -69.756  29.696 0.0000000000
6308  -9.349  -69.488  29.523 0.0000000000
5769  -9.345  -70.443  28.635 0.0000000000
5222  -10.128  -71.151  27.878 0.0000000000
5235  -10.574  -71.713  27.500 0.0000000000
2728  -10.309  -76.527  28.615 0.0000000000
130687  -9.209  -77.336  28.111 0.0000000000
2345  -7.918  -77.931  27.281 0.0000000000
2334  -8.634  -78.008  27.935 0.0000000000
1995  -8.279  -78.935  27.820 0.0000000000
1637  -8.602  -79.497  27.589 0.0000000000
1617  -8.489  -79.358  29.417 0.0000000000
1297  -8.927  -80.447  28.712 0.0000000000
1308  -9.425  -80.220  27.831 0.0000000000
1299  -10.492  -80.057  29.090 0.0000000000
1618  -11.327  -79.461  29.670 0.0000000000
1612  -12.102  -78.908  30.241 0.0000000000
1611  -11.381  -79.426  30.780 0.0000000000
1604  -11.437  -79.459  31.913 0.0000000000
1595  -11.381  -79.687  32.927 0.0000000000
1014  -10.608  -79.957  33.024 0.0000000000
1255  -10.823  -80.348  33.831 0.0000000000
1256  -11.459  -80.086  33.744 0.0000000000
1246  -12.018  -81.091  34.801 0.0000000000
999  -11.810  -81.974  35.056 0.0000000000
807  -12.191  -82.768  35.083 0.0000000000
29  -13.270  -85.617  37.634 0.0000000000
42  -13.445  -86.109  36.675 0.0000000000
5  -13.830  -86.132  35.420 0.0000000000
9  -13.871  -86.161  34.404 0.0000000000
122384  -14.152  -86.467  33.052 0.0000000000
130945  -14.872  -86.350  34.350 0.0000000000
57  -15.426  -86.306  34.301 0.0000000000
58  -16.199  -86.085  34.176 0.0000000000
45  -16.373  -86.011  36.326 0.0000000000
50  -16.662  -86.006  35.532 0.0000000000
59  -16.876  -85.888  34.737 0.0000000000
237  -17.622  -85.257  34.546 0.0000000000
417  -18.239  -84.093  34.386 0.0000000000
418  -19.082  -83.406  34.965 0.0000000000
17720  -23.646  -53.222  32.744 0.0000000000
16981  -21.872  -54.298  32.752 0.0000000000
16982  -22.495  -53.969  32.585 0.0000000000
116436  -23.318  -53.560  32.318 0.0000000000
117550  -23.484  -53.096  31.766 0.0000000000
116434  -22.570  -52.588  31.398 0.0000000000
16979  -16.091  -54.094  33.182 0.0000000000
17718  -16.465  -53.785  32.765 0.0000000000
140201  -16.759  -53.147  31.936 0.0000000000
141069  -15.471  -53.439  32.678 0.0000000000
20021  -17.753  -50.311  30.820 0.0000000000
136180  -18.138  -49.665  30.617 0.0000000000
20020  -16.913  -50.122  31.043 0.0000000000
20850  -15.905  -50.000  31.102 0.0000000000
20849  -15.077  -49.569  31.097 0.0000000000
21698  -14.364  -49.252  31.186 0.0000000000
126547  -9.646  -59.805  39.249 0.0000000000
12931  -9.187  -59.386  37.818 0.0000000000
12897  -8.620  -59.238  39.009 0.0000000000
13735  -8.225  -58.169  39.483 0.0000000000
16188  -5.051  -54.540  36.911 0.0000000000
16911  -4.571  -53.805  36.855 0.0000000000
18383  -4.874  -52.698  36.935 0.0000000000
18384  -5.321  -52.447  37.300 0.0000000000
119467  -4.834  -51.317  35.886 0.0000000000
19132  -5.127  -51.288  36.508 0.0000000000
19114  -5.756  -51.765  37.196 0.0000000000
19970  -9.313  -50.636  35.175 0.0000000000
20829  -8.429  -48.560  34.306 0.0000000000
22554  -8.476  -47.206  33.396 0.0000000000
120572  -8.280  -46.168  33.269 0.0000000000
23389  -7.316  -45.644  33.946 0.0000000000
23388  -6.613  -45.560  34.096 0.0000000000
22521  -5.927  -46.585  34.508 0.0000000000
23386  -5.885  -46.170  34.225 0.0000000000
23409  -5.983  -45.637  33.661 0.0000000000
2394  -15.442  -77.011  23.411 0.0000000000
2386  -15.170  -76.549  24.160 0.0000000000
2037  -13.992  -77.419  24.480 0.0000000000
2384  -13.302  -77.447  24.617 0.0000000000
135859  -11.811  -77.238  24.583 0.0000000000
130692  -10.681  -78.342  24.469 0.0000000000
2382  -10.965  -77.483  24.474 0.0000000000
2778  -10.243  -76.775  24.351 0.0000000000
125100  -9.417  -76.011  24.133 0.0000000000
3241  -8.467  -75.303  23.270 0.0000000000
3733  -8.576  -74.709  21.542 0.0000000000
8814  -16.310  -65.184  32.452 0.0000000000
116396  -17.434  -64.254  32.490 0.0000000000
121483  -17.295  -64.282  31.065 0.0000000000
9532  -17.332  -64.275  30.291 0.0000000000
10270  -17.623  -63.674  29.396 0.0000000000
8868  -17.130  -65.138  29.744 0.0000000000
9565  -17.158  -64.463  28.504 0.0000000000
125745  -17.233  -63.678  28.548 0.0000000000
132110  -16.705  -63.490  27.599 0.0000000000
9573  -16.099  -63.872  26.886 0.0000000000
9589  -14.987  -63.679  25.932 0.0000000000
7517  -18.198  -66.754  27.681 0.0000000000
8203  -17.680  -66.164  27.322 0.0000000000
7526  -17.008  -66.554  25.790 0.0000000000
8210  -16.577  -65.948  26.013 0.0000000000
8894  -15.999  -65.274  25.863 0.0000000000
8893  -15.210  -64.950  25.645 0.0000000000
9603  -14.145  -64.274  25.055 0.0000000000
9602  -13.503  -64.247  24.373 0.0000000000
140318  -12.873  -65.349  23.761 0.0000000000
8932  -11.604  -65.634  23.219 0.0000000000
8236  -12.511  -66.936  24.110 0.0000000000
127440  -11.547  -66.358  23.259 0.0000000000
8258  -10.856  -66.212  22.854 0.0000000000
8257  -9.952  -66.491  22.572 0.0000000000
7576  -9.215  -67.493  22.093 0.0000000000
7584  -8.879  -67.878  22.013 0.0000000000
858  -14.123  -82.677  25.344 0.0000000000
141679  -14.780  -82.262  24.101 0.0000000000
864  -14.416  -82.595  24.469 0.0000000000
873  -13.864  -82.949  22.852 0.0000000000
674  -13.628  -83.263  22.093 0.0000000000
672  -13.250  -83.873  22.622 0.0000000000
680  -13.352  -83.707  21.921 0.0000000000
129297  -13.652  -83.393  21.245 0.0000000000
687  -13.441  -83.907  20.313 0.0000000000
700  -13.509  -84.176  19.416 0.0000000000
123422  -13.556  -84.551  19.014 0.0000000000
151  -14.831  -85.437  23.020 0.0000000000
156  -14.726  -85.578  22.141 0.0000000000
162  -14.559  -85.996  20.950 0.0000000000
351  -15.994  -85.904  20.029 0.0000000000
164  -14.079  -85.527  20.034 0.0000000000
167  -14.379  -85.635  19.363 0.0000000000
358  -13.727  -84.952  18.634 0.0000000000
363  -13.781  -84.875  17.821 0.0000000000
369  -13.936  -84.815  16.972 0.0000000000
539  -14.372  -84.676  16.188 0.0000000000
551  -15.828  -83.721  14.894 0.0000000000
541  -16.563  -84.567  16.126 0.0000000000
547  -16.200  -84.176  15.453 0.0000000000
125884  -16.374  -83.220  14.385 0.0000000000
741  -16.266  -82.669  13.739 0.0000000000
29698  -13.176  -39.358  27.810 0.0000000000
128495  -4.697  -64.044  46.054 0.0000000000
8650  -5.465  -65.320  45.755 0.0000000000
7957  -5.614  -66.112  45.568 0.0000000000
129796  -5.671  -66.738  45.014 0.0000000000
5664  -5.618  -70.156  37.543 0.0000000000
5126  -5.588  -71.007  37.255 0.0000000000
5148  -5.691  -72.232  35.162 0.0000000000
19985  -17.151  -50.069  34.429 0.0000000000
118562  -17.719  -50.158  33.591 0.0000000000
116422  -16.712  -50.698  34.654 0.0000000000
133237  -16.094  -52.423  35.162 0.0000000000
140551  -16.548  -52.361  34.600 0.0000000000
16914  -15.076  -54.901  36.442 0.0000000000
16970  -16.023  -54.328  33.811 0.0000000000
16969  -15.353  -54.815  33.930 0.0000000000
16227  -14.380  -55.366  34.319 0.0000000000
16968  -14.336  -54.885  33.803 0.0000000000
16967  -13.671  -54.323  33.599 0.0000000000
135383  -12.959  -53.835  33.632 0.0000000000
11495  -7.980  -61.202  34.418 0.0000000000
12148  -7.772  -60.212  35.309 0.0000000000
12147  -6.804  -60.355  35.335 0.0000000000
12146  -6.209  -60.027  35.620 0.0000000000
12145  -5.941  -59.515  36.211 0.0000000000
12155  -5.911  -60.081  35.164 0.0000000000
127284  -5.676  -59.059  36.565 0.0000000000
13798  -5.592  -58.638  36.311 0.0000000000
130036  -5.601  -56.827  37.041 0.0000000000
15400  -5.559  -56.248  36.726 0.0000000000
12183  -5.776  -60.685  32.700 0.0000000000
12975  -5.897  -59.644  33.468 0.0000000000
13820  -5.729  -59.066  34.058 0.0000000000
13821  -6.150  -58.615  33.999 0.0000000000
13809  -5.877  -58.469  34.479 0.0000000000
14630  -5.969  -57.493  35.585 0.0000000000
15410  -5.875  -56.608  36.077 0.0000000000
16202  -5.541  -55.635  36.451 0.0000000000
127302  -5.725  -55.073  36.064 0.0000000000
16926  -6.158  -53.861  35.667 0.0000000000
16927  -7.029  -54.547  35.038 0.0000000000
17677  -7.131  -53.713  34.854 0.0000000000
2068  -11.869  -77.718  21.810 0.0000000000
2406  -11.248  -77.746  22.255 0.0000000000
2806  -12.476  -76.445  22.200 0.0000000000
302  -21.342  -84.955  25.457 0.0000000000
315  -21.153  -84.950  24.042 0.0000000000
337  -21.985  -84.526  23.031 0.0000000000
27029  -17.390  -42.978  29.146 0.0000000000
26063  -15.906  -43.316  28.937 0.0000000000
121032  -15.319  -43.884  29.150 0.0000000000
132328  -14.124  -44.380  29.520 0.0000000000
117376  -12.964  -60.923  42.828 0.0000000000
116398  -13.256  -60.185  42.489 0.0000000000
116397  -12.919  -60.809  42.002 0.0000000000
137807  -12.810  -61.991  39.663 0.0000000000
11456  -12.756  -61.698  40.535 0.0000000000
12104  -12.649  -60.755  40.588 0.0000000000
12126  -12.399  -60.809  38.990 0.0000000000
12917  -11.949  -60.307  38.332 0.0000000000
11475  -12.958  -61.414  36.599 0.0000000000
11476  -13.308  -60.934  37.149 0.0000000000
12136  -13.071  -60.570  37.464 0.0000000000
12933  -11.411  -59.889  37.636 0.0000000000
12954  -10.940  -59.381  36.083 0.0000000000
124605  -10.220  -59.468  35.703 0.0000000000
12964  -9.829  -59.784  35.129 0.0000000000
12159  -9.345  -60.416  34.596 0.0000000000
116393  -17.582  -63.631  32.504 0.0000000000
10915  -17.495  -62.670  32.056 0.0000000000
11529  -16.893  -61.827  31.545 0.0000000000
10959  -17.442  -61.773  29.057 0.0000000000
11550  -16.762  -61.419  30.182 0.0000000000
123041  -16.593  -61.474  30.850 0.0000000000
11528  -15.785  -61.402  31.163 0.0000000000
11527  -14.627  -60.963  31.295 0.0000000000
11526  -13.764  -60.810  31.119 0.0000000000
10300  -13.598  -62.755  26.068 0.0000000000
10292  -13.322  -62.432  27.123 0.0000000000
10963  -13.929  -62.032  27.708 0.0000000000
9564  -11.759  -63.268  28.034 0.0000000000
10281  -12.984  -62.435  28.131 0.0000000000
10956  -13.501  -62.013  28.636 0.0000000000
10931  -13.746  -61.614  29.777 0.0000000000
11547  -13.173  -61.543  30.349 0.0000000000
11512  -12.366  -60.800  31.964 0.0000000000
10911  -11.226  -62.321  31.939 0.0000000000
140002  -10.967  -62.070  32.381 0.0000000000
11505  -10.434  -61.206  33.427 0.0000000000
12169  -8.820  -61.121  34.248 0.0000000000
11503  -8.130  -61.932  33.995 0.0000000000
127627  -6.673  -62.864  33.756 0.0000000000
10231  -7.117  -63.670  32.987 0.0000000000
10218  -7.078  -63.182  33.487 0.0000000000
123982  -6.150  -63.336  33.403 0.0000000000
137992  -5.759  -63.415  33.309 0.0000000000
10216  -5.493  -63.012  33.272 0.0000000000
10916  -4.912  -62.515  32.114 0.0000000000
8863  -7.361  -65.887  29.782 0.0000000000
8862  -6.499  -66.150  30.016 0.0000000000
8846  -5.700  -66.118  30.659 0.0000000000
8176  -5.192  -66.664  29.371 0.0000000000
8845  -5.045  -66.123  30.841 0.0000000000
8827  -4.977  -65.509  31.536 0.0000000000
10242  -4.742  -63.649  31.945 0.0000000000
130127  -4.763  -62.630  31.165 0.0000000000
10927  -5.207  -62.152  30.534 0.0000000000
10942  -5.185  -62.509  29.695 0.0000000000
10276  -5.208  -63.222  28.228 0.0000000000
10277  -5.977  -63.427  28.108 0.0000000000
4181  -19.249  -73.877  27.702 0.0000000000
4182  -19.641  -73.533  26.865 0.0000000000
3667  -19.409  -74.394  27.088 0.0000000000
119857  -19.604  -74.460  25.529 0.0000000000
138328  -19.608  -74.150  24.895 0.0000000000
2760  -19.292  -75.741  25.980 0.0000000000
2770  -19.488  -75.616  24.941 0.0000000000
3712  -19.386  -74.371  24.364 0.0000000000
3721  -18.745  -74.634  23.623 0.0000000000
3244  -18.321  -75.288  23.147 0.0000000000
2793  -16.769  -76.033  23.090 0.0000000000
2030  -18.575  -78.332  25.371 0.0000000000
2039  -19.287  -77.863  23.948 0.0000000000
2396  -19.527  -77.173  22.740 0.0000000000
2073  -19.206  -78.098  21.628 0.0000000000
2057  -19.457  -77.642  22.266 0.0000000000
2810  -19.305  -76.844  22.272 0.0000000000
2808  -18.252  -76.487  22.044 0.0000000000
2807  -17.194  -76.489  22.337 0.0000000000
2395  -16.267  -76.724  22.857 0.0000000000
2044  -15.004  -77.782  23.196 0.0000000000
1676  -13.736  -78.886  23.358 0.0000000000
1675  -13.295  -79.455  23.088 0.0000000000
1683  -13.275  -79.887  22.636 0.0000000000
1674  -12.498  -80.073  23.223 0.0000000000
1343  -10.745  -80.733  22.543 0.0000000000
1079  -15.113  -81.954  23.838 0.0000000000
1091  -15.737  -81.643  22.423 0.0000000000
884  -14.898  -82.270  21.206 0.0000000000
1100  -15.706  -81.644  21.412 0.0000000000
141873  -16.235  -81.252  21.282 0.0000000000
1367  -16.979  -80.549  19.855 0.0000000000
1724  -16.166  -79.884  18.686 0.0000000000
721  -14.205  -82.911  17.382 0.0000000000
916  -15.062  -82.350  17.512 0.0000000000
133941  -13.161  -82.157  16.920 0.0000000000
124227  -14.724  -81.776  17.384 0.0000000000
1138  -15.282  -81.687  17.619 0.0000000000
1139  -15.675  -81.000  17.952 0.0000000000
1383  -15.694  -80.476  18.216 0.0000000000
1723  -15.556  -80.057  18.715 0.0000000000
133859  -13.934  -80.877  19.458 0.0000000000
1107  -13.003  -81.455  19.615 0.0000000000
1106  -12.013  -81.500  20.190 0.0000000000
1381  -11.306  -80.530  18.639 0.0000000000
1370  -11.001  -80.582  19.528 0.0000000000
1363  -10.959  -80.917  20.277 0.0000000000
1708  -10.884  -80.390  20.434 0.0000000000
1702  -11.000  -79.615  20.900 0.0000000000
119870  -11.377  -78.687  21.412 0.0000000000
2428  -12.384  -77.396  21.326 0.0000000000
2832  -12.848  -76.852  21.130 0.0000000000
2847  -12.845  -76.788  18.994 0.0000000000
501  -20.324  -84.440  22.956 0.0000000000
137122  -20.406  -83.490  22.658 0.0000000000
1094  -20.383  -81.690  22.189 0.0000000000
139606  -21.390  -81.849  21.323 0.0000000000
1109  -19.961  -81.377  21.332 0.0000000000
901  -19.920  -82.131  20.190 0.0000000000
19156  -19.314  -50.414  34.031 0.0000000000
19149  -18.641  -50.442  34.897 0.0000000000
20809  -17.834  -49.825  34.466 0.0000000000
20822  -17.226  -49.939  35.086 0.0000000000
19972  -16.346  -50.330  35.736 0.0000000000
20793  -16.099  -50.325  37.147 0.0000000000
19959  -15.426  -51.349  37.397 0.0000000000
19135  -15.518  -51.553  36.883 0.0000000000
116978  -14.673  -52.707  38.239 0.0000000000
17625  -13.962  -53.390  39.383 0.0000000000
19899  -15.400  -50.722  39.645 0.0000000000
19091  -14.446  -50.893  39.721 0.0000000000
19088  -11.979  -51.862  40.282 0.0000000000
19089  -12.637  -51.788  39.934 0.0000000000
18374  -13.314  -52.067  39.496 0.0000000000
17631  -13.390  -52.681  39.436 0.0000000000
17624  -13.240  -53.196  39.679 0.0000000000
116409  -13.801  -53.967  39.749 0.0000000000
16873  -13.455  -54.517  40.312 0.0000000000
16131  -13.360  -55.712  41.162 0.0000000000
16130  -12.617  -55.428  41.563 0.0000000000
16121  -13.196  -56.247  41.764 0.0000000000
116403  -13.451  -57.431  42.507 0.0000000000
16836  -10.754  -53.752  43.407 0.0000000000
17579  -9.639  -53.812  42.679 0.0000000000
16850  -9.185  -54.328  42.373 0.0000000000
15293  -8.413  -56.540  45.165 0.0000000000
131248  -8.662  -55.737  44.708 0.0000000000
14509  -7.996  -57.309  43.910 0.0000000000
16084  -8.015  -55.989  43.872 0.0000000000
16085  -8.375  -55.646  43.867 0.0000000000
16105  -8.206  -55.729  43.117 0.0000000000
16117  -8.545  -55.504  42.632 0.0000000000
16118  -9.124  -55.337  42.327 0.0000000000
125428  -9.785  -55.940  42.492 0.0000000000
15340  -10.721  -56.434  42.868 0.0000000000
14512  -11.718  -57.728  43.802 0.0000000000
13672  -10.588  -58.599  44.366 0.0000000000
132649  -11.563  -58.445  44.313 0.0000000000
135784  -12.914  -58.894  44.186 0.0000000000
12828  -13.323  -59.228  43.911 0.0000000000
12066  -13.329  -60.270  43.388 0.0000000000
117014  -12.944  -60.937  43.505 0.0000000000
116979  -12.206  -62.471  41.905 0.0000000000
131994  -11.625  -62.774  42.362 0.0000000000
117100  -11.247  -62.641  38.391 0.0000000000
116383  -11.018  -62.527  37.315 0.0000000000
10829  -8.951  -63.364  42.598 0.0000000000
10137  -9.063  -63.457  41.450 0.0000000000
10148  -9.025  -63.201  40.298 0.0000000000
10846  -9.604  -62.891  39.443 0.0000000000
10861  -10.060  -62.715  37.545 0.0000000000
116374  -10.589  -62.901  35.893 0.0000000000
116370  -10.824  -63.181  35.332 0.0000000000
119833  -11.164  -63.698  35.015 0.0000000000
116371  -12.476  -64.088  35.067 0.0000000000
117050  -12.200  -64.650  36.590 0.0000000000
116983  -12.933  -64.563  36.149 0.0000000000
116376  -13.524  -64.441  35.510 0.0000000000
117319  -14.425  -64.793  35.523 0.0000000000
8777  -15.278  -64.990  35.044 0.0000000000
8803  -15.959  -65.328  34.046 0.0000000000
129343  -5.147  -64.082  45.150 0.0000000000
9375  -5.380  -64.362  43.546 0.0000000000
8688  -6.481  -65.311  43.249 0.0000000000
7320  -6.906  -66.642  43.076 0.0000000000
7989  -7.048  -65.812  42.986 0.0000000000
133322  -7.251  -65.551  42.294 0.0000000000
8007  -7.758  -65.744  41.825 0.0000000000
8033  -8.686  -66.121  40.923 0.0000000000
128493  -6.551  -67.877  39.465 0.0000000000
121173  -7.298  -67.671  39.790 0.0000000000
7387  -8.016  -67.685  37.850 0.0000000000
118890  -7.930  -67.644  39.172 0.0000000000
7371  -8.811  -67.344  39.300 0.0000000000
7359  -9.335  -66.876  39.673 0.0000000000
8053  -9.968  -66.419  39.151 0.0000000000
8058  -11.816  -66.302  37.498 0.0000000000
8068  -12.144  -66.435  36.824 0.0000000000
8085  -12.194  -66.511  35.795 0.0000000000
8086  -13.186  -66.311  35.725 0.0000000000
8107  -14.317  -65.987  35.063 0.0000000000
8123  -14.757  -65.750  34.464 0.0000000000
118795  -15.698  -65.476  33.098 0.0000000000
130634  -15.278  -65.618  32.080 0.0000000000
8831  -15.250  -65.924  31.644 0.0000000000
8849  -14.888  -66.446  31.713 0.0000000000
8141  -13.412  -66.711  32.137 0.0000000000
8866  -15.408  -66.485  31.211 0.0000000000
118469  -15.756  -67.516  30.576 0.0000000000
6866  -15.922  -68.188  30.449 0.0000000000
7473  -10.775  -67.821  30.693 0.0000000000
7493  -11.456  -68.294  30.383 0.0000000000
130420  -12.170  -68.411  30.482 0.0000000000
6878  -11.752  -69.208  29.352 0.0000000000
6865  -12.570  -68.918  30.141 0.0000000000
7505  -13.458  -68.797  30.439 0.0000000000
6880  -13.977  -69.416  30.325 0.0000000000
6881  -15.020  -69.198  30.446 0.0000000000
6311  -16.164  -69.001  30.430 0.0000000000
130590  -16.378  -69.792  30.359 0.0000000000
5763  -16.714  -70.563  30.241 0.0000000000
5215  -17.258  -71.362  30.171 0.0000000000
5228  -17.868  -72.248  29.960 0.0000000000
4691  -18.404  -72.954  29.235 0.0000000000
4166  -17.813  -73.881  29.275 0.0000000000
4108  -5.953  -73.330  33.058 0.0000000000
4653  -6.083  -72.119  31.630 0.0000000000
136579  -6.851  -72.140  30.213 0.0000000000
5218  -7.255  -71.927  28.605 0.0000000000
3643  -6.901  -74.271  28.391 0.0000000000
4694  -7.108  -73.068  27.410 0.0000000000
4686  -7.499  -72.266  27.761 0.0000000000
5233  -8.247  -72.022  27.542 0.0000000000
4697  -10.000  -72.631  27.034 0.0000000000
4179  -10.883  -73.249  26.764 0.0000000000
2742  -7.733  -77.463  26.699 0.0000000000
2755  -7.996  -76.991  26.014 0.0000000000
118919  -8.961  -76.218  25.974 0.0000000000
2360  -10.516  -77.637  26.396 0.0000000000
3202  -10.136  -76.364  26.241 0.0000000000
3682  -10.223  -75.220  26.309 0.0000000000
4196  -10.640  -74.122  26.528 0.0000000000
136931  -11.447  -73.782  26.607 0.0000000000
117233  -11.892  -73.136  26.845 0.0000000000
126960  -12.958  -73.312  26.972 0.0000000000
134417  -13.734  -73.282  27.478 0.0000000000
129063  -14.341  -73.749  27.676 0.0000000000
3192  -14.703  -75.621  27.757 0.0000000000
123418  -15.078  -74.247  27.914 0.0000000000
4164  -15.455  -74.013  28.865 0.0000000000
131243  -16.999  -74.545  29.529 0.0000000000
4167  -18.511  -74.205  28.386 0.0000000000
3651  -18.268  -74.750  28.385 0.0000000000
3180  -18.363  -75.379  28.287 0.0000000000
2734  -18.379  -76.350  28.312 0.0000000000
2733  -17.729  -76.639  29.021 0.0000000000
2337  -18.008  -77.281  28.546 0.0000000000
2349  -17.949  -77.876  27.852 0.0000000000
135078  -17.590  -78.497  27.846 0.0000000000
1976  -13.165  -78.225  31.395 0.0000000000
1978  -14.758  -78.212  31.776 0.0000000000
1979  -15.399  -78.576  31.621 0.0000000000
1598  -14.439  -79.297  32.559 0.0000000000
1599  -15.105  -79.173  32.024 0.0000000000
1607  -15.897  -78.814  31.257 0.0000000000
137487  -16.745  -78.907  29.767 0.0000000000
2007  -17.159  -78.868  28.246 0.0000000000
1642  -16.715  -79.560  27.813 0.0000000000
1311  -16.176  -80.179  27.303 0.0000000000
1289  -15.215  -80.905  29.336 0.0000000000
1319  -15.707  -80.830  26.792 0.0000000000
1318  -15.185  -81.347  27.237 0.0000000000
120469  -14.508  -82.023  26.884 0.0000000000
981  -9.840  -80.369  35.442 0.0000000000
993  -10.474  -80.559  35.526 0.0000000000
967  -10.304  -80.770  36.670 0.0000000000
129847  -10.144  -80.775  36.018 0.0000000000
804  -10.924  -81.004  35.937 0.0000000000
805  -11.670  -81.972  35.767 0.0000000000
806  -11.812  -82.408  35.541 0.0000000000
594  -12.154  -83.321  35.160 0.0000000000
219  -11.861  -84.463  36.745 0.0000000000
396  -11.675  -83.975  36.643 0.0000000000
120112  -11.748  -83.507  36.442 0.0000000000
408  -11.845  -83.623  35.979 0.0000000000
416  -12.582  -83.695  34.794 0.0000000000
600  -12.526  -83.897  34.247 0.0000000000
604  -12.959  -83.708  33.403 0.0000000000
818  -12.990  -83.407  31.473 0.0000000000
826  -13.266  -82.944  30.683 0.0000000000
611  -12.255  -84.360  31.376 0.0000000000
825  -12.728  -83.707  30.589 0.0000000000
843  -13.345  -82.884  29.134 0.0000000000
1062  -13.833  -82.537  27.027 0.0000000000
854  -13.862  -82.685  26.228 0.0000000000
853  -13.138  -83.309  26.117 0.0000000000
135691  -12.920  -83.748  25.723 0.0000000000
656  -12.797  -83.951  25.814 0.0000000000
281  -12.560  -84.932  27.499 0.0000000000
475  -12.597  -84.645  26.643 0.0000000000
138327  -12.841  -84.594  25.670 0.0000000000
143  -13.084  -85.135  25.422 0.0000000000
135  -13.613  -85.648  25.587 0.0000000000
136  -14.202  -85.759  25.456 0.0000000000
123156  -14.559  -86.497  32.656 0.0000000000
80  -14.609  -86.172  31.300 0.0000000000
125670  -14.243  -85.885  29.771 0.0000000000
262  -15.710  -85.339  31.099 0.0000000000
126146  -14.810  -85.759  30.002 0.0000000000
100  -14.798  -85.654  29.180 0.0000000000
108  -14.691  -85.718  28.308 0.0000000000
135433  -14.890  -85.775  26.909 0.0000000000
128654  -15.343  -85.664  26.242 0.0000000000
289  -16.049  -85.529  26.368 0.0000000000
290  -16.746  -85.377  26.124 0.0000000000
291  -17.504  -84.894  26.426 0.0000000000
644  -17.042  -83.806  27.937 0.0000000000
482  -18.360  -84.728  25.801 0.0000000000
477  -19.224  -83.696  25.998 0.0000000000
483  -19.574  -84.279  25.434 0.0000000000
478  -19.959  -83.696  26.048 0.0000000000
409  -19.527  -83.589  35.696 0.0000000000
135603  -19.584  -82.753  34.512 0.0000000000
419  -21.274  -84.029  34.826 0.0000000000
601  -20.184  -82.778  34.371 0.0000000000
119766  -19.494  -82.755  33.714 0.0000000000
608  -19.516  -82.827  32.910 0.0000000000
447  -18.923  -83.484  31.411 0.0000000000
120467  -18.789  -84.229  30.461 0.0000000000
84  -19.429  -85.706  31.371 0.0000000000
264  -18.943  -85.267  30.507 0.0000000000
462  -19.166  -84.291  28.783 0.0000000000
466  -19.548  -84.155  27.839 0.0000000000
473  -20.216  -84.126  26.488 0.0000000000
133547  -20.661  -84.461  25.871 0.0000000000
292  -21.179  -85.249  26.239 0.0000000000
293  -21.651  -85.574  26.188 0.0000000000
130  -22.710  -85.798  26.740 0.0000000000
112  -22.007  -85.955  28.437 0.0000000000
121  -22.378  -85.902  27.589 0.0000000000
131  -23.371  -85.723  26.667 0.0000000000
23437  -24.610  -46.688  30.318 0.0000000000
23457  -23.851  -46.618  29.854 0.0000000000
19995  -18.406  -50.191  32.907 0.0000000000
20005  -18.834  -50.952  32.531 0.0000000000
116425  -18.577  -52.343  32.494 0.0000000000
116431  -21.060  -52.478  31.544 0.0000000000
139747  -21.824  -52.419  31.278 0.0000000000
116448  -21.851  -52.129  30.943 0.0000000000
17730  -17.643  -53.395  32.071 0.0000000000
18464  -19.575  -52.686  30.834 0.0000000000
20874  -22.960  -49.468  29.793 0.0000000000
21726  -23.322  -48.605  29.686 0.0000000000
22608  -23.418  -47.778  29.622 0.0000000000
118203  -23.237  -46.165  29.660 0.0000000000
133314  -20.931  -47.209  29.474 0.0000000000
120267  -20.787  -46.077  29.435 0.0000000000
120268  -19.999  -46.009  29.490 0.0000000000
21714  -18.757  -48.324  30.143 0.0000000000
138438  -18.308  -47.543  30.035 0.0000000000
22603  -18.491  -46.713  29.855 0.0000000000
133916  -18.325  -45.926  29.737 0.0000000000
24335  -17.817  -45.435  29.600 0.0000000000
124018  -16.297  -44.950  29.328 0.0000000000
116400  -13.360  -59.408  42.047 0.0000000000
13740  -12.964  -58.602  40.679 0.0000000000
12899  -10.102  -59.804  39.569 0.0000000000
14571  -10.364  -58.061  39.312 0.0000000000
15375  -11.641  -57.101  38.338 0.0000000000
126370  -12.215  -54.658  34.164 0.0000000000
17696  -12.179  -53.773  33.816 0.0000000000
12940  -6.983  -59.275  36.609 0.0000000000
12929  -6.867  -59.046  37.428 0.0000000000
141723  -6.809  -58.829  38.066 0.0000000000
13776  -5.868  -58.074  38.478 0.0000000000
12911  -6.497  -58.536  38.305 0.0000000000
13757  -6.580  -58.088  38.652 0.0000000000
139742  -6.751  -57.525  38.647 0.0000000000
14586  -7.035  -57.017  38.507 0.0000000000
16897  -4.738  -54.205  37.269 0.0000000000
16887  -5.277  -54.582  37.724 0.0000000000
16888  -5.880  -54.455  38.303 0.0000000000
17642  -6.927  -52.983  37.897 0.0000000000
16158  -6.337  -55.232  38.464 0.0000000000
16171  -7.034  -55.573  38.054 0.0000000000
15386  -8.035  -56.223  37.714 0.0000000000
16190  -9.256  -55.129  36.389 0.0000000000
16205  -9.676  -54.628  35.795 0.0000000000
17678  -9.652  -53.255  35.525 0.0000000000
141095  -10.229  -53.970  35.187 0.0000000000
141817  -10.838  -54.040  34.677 0.0000000000
20003  -13.360  -50.718  32.532 0.0000000000
21697  -13.708  -48.908  31.283 0.0000000000
19992  -10.581  -50.200  34.086 0.0000000000
20839  -10.658  -49.132  33.144 0.0000000000
20840  -11.829  -49.321  32.434 0.0000000000
20846  -12.337  -49.037  32.002 0.0000000000
129677  -13.185  -48.554  31.319 0.0000000000
22584  -13.597  -47.468  30.588 0.0000000000
23434  -13.229  -46.587  30.389 0.0000000000
24331  -13.324  -45.209  29.898 0.0000000000
26044  -11.348  -43.752  30.178 0.0000000000
26043  -10.696  -43.294  30.491 0.0000000000
26042  -9.301  -42.147  31.306 0.0000000000
23421  -8.457  -45.088  32.746 0.0000000000
24295  -8.196  -43.753  32.911 0.0000000000
25127  -7.762  -43.426  33.034 0.0000000000
136051  -8.825  -42.516  31.882 0.0000000000
118549  -19.742  -72.684  26.630 0.0000000000
4721  -19.599  -72.516  25.735 0.0000000000
118043  -18.701  -71.623  24.903 0.0000000000
136701  -18.914  -72.625  24.709 0.0000000000
122425  -18.336  -72.276  24.676 0.0000000000
5259  -18.207  -71.243  24.668 0.0000000000
5258  -17.206  -71.380  24.595 0.0000000000
5257  -16.275  -71.389  24.594 0.0000000000
132132  -14.875  -70.459  24.216 0.0000000000
3226  -15.037  -75.463  25.049 0.0000000000
3707  -14.702  -74.598  25.102 0.0000000000
4217  -14.337  -73.675  24.999 0.0000000000
3705  -12.844  -74.319  24.720 0.0000000000
4216  -13.326  -73.546  24.738 0.0000000000
4729  -15.001  -72.952  24.955 0.0000000000
120745  -14.763  -72.080  24.526 0.0000000000
131165  -14.334  -71.196  24.151 0.0000000000
5821  -13.822  -70.317  24.037 0.0000000000
5820  -12.744  -70.104  24.451 0.0000000000
6365  -11.098  -69.701  24.801 0.0000000000
6364  -10.399  -69.512  24.325 0.0000000000
5270  -9.862  -70.829  24.617 0.0000000000
5828  -9.825  -69.904  24.190 0.0000000000
6381  -9.976  -69.158  23.834 0.0000000000
6394  -9.592  -68.745  23.029 0.0000000000
128895  -9.149  -69.117  22.282 0.0000000000
6952  -8.674  -68.804  22.230 0.0000000000
2804  -10.868  -77.353  22.290 0.0000000000
2820  -10.080  -77.268  22.226 0.0000000000
2819  -9.676  -76.585  21.771 0.0000000000
2838  -9.905  -76.386  19.533 0.0000000000
2831  -9.762  -76.306  20.525 0.0000000000
2818  -9.394  -76.235  21.633 0.0000000000
2829  -9.260  -75.755  20.715 0.0000000000
3276  -8.766  -74.998  20.839 0.0000000000
3743  -8.576  -74.458  20.858 0.0000000000
3789  -9.648  -74.662  15.536 0.0000000000
3777  -9.286  -74.675  16.407 0.0000000000
4829  -8.677  -72.769  15.316 0.0000000000
3776  -9.041  -73.907  16.595 0.0000000000
3769  -9.083  -74.719  17.374 0.0000000000
3762  -8.849  -74.370  18.069 0.0000000000
4265  -8.676  -73.827  19.102 0.0000000000
141019  -9.322  -73.379  19.992 0.0000000000
4782  -10.523  -71.863  19.726 0.0000000000
139950  -10.301  -71.224  19.988 0.0000000000
5872  -8.712  -71.094  18.636 0.0000000000
118977  -9.055  -71.105  19.694 0.0000000000
137451  -9.655  -70.969  20.336 0.0000000000
5853  -8.566  -71.135  20.786 0.0000000000
5844  -7.994  -71.019  21.543 0.0000000000
6961  -7.988  -69.964  22.376 0.0000000000
6393  -7.209  -70.099  22.700 0.0000000000
6392  -6.596  -70.054  23.039 0.0000000000
6949  -6.005  -69.566  23.079 0.0000000000
6967  -6.238  -68.570  21.094 0.0000000000
6959  -6.134  -68.978  22.021 0.0000000000
7565  -5.606  -68.476  23.466 0.0000000000
129261  -5.298  -67.450  23.853 0.0000000000
8246  -5.257  -66.401  23.392 0.0000000000
8927  -5.209  -65.592  23.934 0.0000000000
137916  -5.888  -67.151  16.970 0.0000000000
8302  -5.753  -66.167  18.185 0.0000000000
122990  -5.783  -65.920  19.855 0.0000000000
8968  -5.951  -65.036  19.143 0.0000000000
139852  -5.950  -65.864  20.757 0.0000000000
8928  -5.886  -65.686  23.214 0.0000000000
9613  -5.262  -64.972  24.470 0.0000000000
0  -13.502  -86.084  36.147 0.0000000000
1  -14.322  -86.286  36.295 0.0000000000
2  -14.927  -86.289  36.008 0.0000000000
7  -13.101  -85.623  34.253 0.0000000000
8  -13.347  -85.941  34.312 0.0000000000
10  -14.417  -86.240  34.815 0.0000000000
13  -13.117  -86.160  33.115 0.0000000000
15  -14.395  -86.372  33.857 0.0000000000
19  -13.548  -86.341  32.827 0.0000000000
20  -15.035  -86.516  33.004 0.0000000000
21  -12.990  -85.950  31.587 0.0000000000
23  -14.524  -86.401  31.975 0.0000000000
36  -13.576  -85.993  37.218 0.0000000000
40  -16.889  -85.866  36.850 0.0000000000
41  -13.025  -85.792  36.467 0.0000000000
55  -12.921  -84.591  34.485 0.0000000000
56  -12.961  -85.038  34.423 0.0000000000
65  -12.913  -85.293  33.874 0.0000000000
67  -16.191  -85.729  32.875 0.0000000000
72  -12.727  -85.258  33.319 0.0000000000
74  -19.768  -85.822  31.924 0.0000000000
79  -12.675  -85.553  31.944 0.0000000000
83  -19.053  -85.456  31.131 0.0000000000
85  -20.311  -85.909  31.784 0.0000000000
89  -13.001  -85.769  30.772 0.0000000000
91  -14.395  -86.024  30.609 0.0000000000
92  -15.028  -85.872  30.792 0.0000000000
93  -19.459  -85.776  30.683 0.0000000000
94  -20.421  -85.863  31.021 0.0000000000
96  -12.617  -85.144  29.142 0.0000000000
97  -12.814  -85.404  29.425 0.0000000000
98  -13.520  -85.797  29.491 0.0000000000
99  -14.168  -85.794  28.901 0.0000000000
101  -19.919  -85.915  29.976 0.0000000000
107  -14.129  -85.805  28.182 0.0000000000
117  -14.450  -85.804  27.582 0.0000000000
118  -15.188  -85.652  27.650 0.0000000000
119  -20.728  -85.831  27.639 0.0000000000
125  -13.009  -85.414  26.631 0.0000000000
126  -13.436  -85.625  26.286 0.0000000000
127  -14.545  -85.766  26.142 0.0000000000
129  -21.894  -85.885  26.810 0.0000000000
133  -12.954  -85.240  26.014 0.0000000000
134  -13.217  -85.435  25.830 0.0000000000
137  -14.956  -85.709  25.470 0.0000000000
144  -13.442  -85.446  25.168 0.0000000000
155  -14.383  -85.452  22.107 0.0000000000
159  -14.425  -85.742  21.497 0.0000000000
160  -14.910  -85.964  21.544 0.0000000000
161  -14.095  -85.668  20.826 0.0000000000
165  -14.507  -85.996  20.233 0.0000000000
196  -12.473  -84.743  37.596 0.0000000000
218  -12.043  -84.558  36.287 0.0000000000
236  -16.950  -85.635  34.003 0.0000000000
251  -12.610  -84.804  33.234 0.0000000000
257  -12.476  -85.141  31.623 0.0000000000
258  -19.270  -84.880  31.872 0.0000000000
259  -21.342  -85.539  31.500 0.0000000000
270  -18.910  -84.887  29.730 0.0000000000
275  -12.564  -85.021  28.468 0.0000000000
278  -20.195  -85.531  27.715 0.0000000000
282  -15.918  -85.383  27.725 0.0000000000
284  -19.998  -84.611  27.317 0.0000000000
296  -12.894  -85.052  25.810 0.0000000000
299  -17.486  -85.264  25.889 0.0000000000
303  -21.707  -85.014  24.833 0.0000000000
313  -18.855  -85.141  24.458 0.0000000000
320  -13.225  -84.235  23.888 0.0000000000
324  -17.281  -84.946  24.092 0.0000000000
327  -20.660  -84.869  23.448 0.0000000000
328  -21.535  -84.770  23.578 0.0000000000
333  -13.615  -84.661  23.341 0.0000000000
344  -15.575  -85.777  21.636 0.0000000000
357  -17.670  -84.943  19.435 0.0000000000
360  -14.980  -85.767  18.803 0.0000000000
362  -17.532  -84.957  18.575 0.0000000000
394  -12.610  -84.655  38.983 0.0000000000
402  -11.797  -84.098  36.266 0.0000000000
411  -21.043  -83.563  35.726 0.0000000000
426  -17.431  -83.961  33.051 0.0000000000
428  -18.891  -82.902  34.162 0.0000000000
434  -12.510  -84.600  33.314 0.0000000000
448  -19.370  -83.281  32.290 0.0000000000
456  -12.353  -84.380  30.646 0.0000000000
458  -18.664  -83.228  30.452 0.0000000000
461  -18.793  -83.792  29.652 0.0000000000
481  -12.874  -84.237  25.349 0.0000000000
487  -12.948  -83.982  24.877 0.0000000000
489  -12.957  -84.187  24.211 0.0000000000
493  -18.360  -84.281  23.398 0.0000000000
499  -17.208  -84.051  23.055 0.0000000000
500  -19.253  -84.115  23.092 0.0000000000
510  -17.327  -84.136  21.503 0.0000000000
519  -17.028  -85.038  21.129 0.0000000000
521  -18.104  -84.016  20.436 0.0000000000
530  -18.325  -84.361  19.651 0.0000000000
543  -18.363  -84.083  16.414 0.0000000000
545  -14.183  -84.126  15.757 0.0000000000
546  -15.126  -84.217  15.555 0.0000000000
552  -16.766  -83.611  14.768 0.0000000000
553  -17.439  -83.292  14.735 0.0000000000
596  -13.152  -83.285  34.300 0.0000000000
597  -19.955  -82.816  35.107 0.0000000000
598  -20.666  -83.060  34.995 0.0000000000
614  -19.020  -82.798  32.155 0.0000000000
623  -17.822  -82.607  30.788 0.0000000000
629  -12.395  -84.278  29.869 0.0000000000
630  -12.550  -83.981  29.813 0.0000000000
632  -18.619  -83.024  29.630 0.0000000000
633  -18.889  -83.340  28.948 0.0000000000
636  -12.456  -84.187  28.286 0.0000000000
639  -17.715  -82.705  28.766 0.0000000000
643  -12.562  -83.884  27.366 0.0000000000
645  -17.856  -83.178  27.386 0.0000000000
646  -18.680  -82.824  27.224 0.0000000000
647  -19.185  -82.900  27.323 0.0000000000
657  -13.140  -83.484  25.295 0.0000000000
661  -12.941  -83.889  25.163 0.0000000000
673  -13.445  -83.530  22.652 0.0000000000
682  -18.150  -82.825  21.677 0.0000000000
702  -14.751  -83.135  18.569 0.0000000000
703  -19.581  -83.175  19.675 0.0000000000
725  -13.645  -83.087  16.255 0.0000000000
736  -14.175  -82.866  15.120 0.0000000000
798  -11.038  -81.220  36.173 0.0000000000
812  -14.254  -81.750  33.431 0.0000000000
816  -14.031  -82.514  33.205 0.0000000000
827  -17.692  -82.604  30.125 0.0000000000
834  -13.006  -83.274  29.857 0.0000000000
836  -17.936  -82.525  29.503 0.0000000000
837  -18.296  -82.690  29.546 0.0000000000
848  -12.926  -83.375  26.969 0.0000000000
849  -13.395  -82.900  27.557 0.0000000000
857  -13.503  -83.059  25.539 0.0000000000
869  -13.908  -82.956  23.869 0.0000000000
878  -19.813  -82.024  22.541 0.0000000000
879  -20.412  -82.384  22.471 0.0000000000
880  -21.100  -82.003  21.957 0.0000000000
883  -14.245  -82.805  20.993 0.0000000000
885  -18.731  -82.138  21.861 0.0000000000
886  -19.425  -81.609  21.868 0.0000000000
887  -20.855  -81.494  21.554 0.0000000000
890  -18.634  -82.402  21.239 0.0000000000
892  -20.373  -81.499  20.742 0.0000000000
893  -21.175  -81.634  20.747 0.0000000000
899  -15.443  -82.517  18.684 0.0000000000
900  -15.930  -81.862  18.656 0.0000000000
915  -14.603  -82.262  17.300 0.0000000000
924  -13.085  -81.448  16.076 0.0000000000
928  -14.492  -82.272  14.427 0.0000000000
929  -15.239  -82.566  13.928 0.0000000000
1000  -12.563  -81.964  34.988 0.0000000000
1001  -13.354  -81.947  34.706 0.0000000000
1006  -10.852  -80.668  34.449 0.0000000000
1012  -9.855  -79.763  32.110 0.0000000000
1016  -14.559  -81.110  32.733 0.0000000000
1027  -8.771  -80.125  30.117 0.0000000000
1028  -9.403  -80.050  30.639 0.0000000000
1029  -9.686  -80.061  30.781 0.0000000000
1030  -13.897  -82.266  30.793 0.0000000000
1039  -9.443  -80.430  30.014 0.0000000000
1048  -14.962  -81.366  28.560 0.0000000000
1090  -11.354  -81.189  22.140 0.0000000000
1093  -19.762  -81.715  22.247 0.0000000000
1098  -11.158  -81.331  21.165 0.0000000000
1101  -16.616  -80.897  21.296 0.0000000000
1102  -20.165  -81.417  21.777 0.0000000000
1105  -11.261  -81.368  20.516 0.0000000000
1110  -20.564  -81.371  21.217 0.0000000000
1114  -11.179  -81.164  20.001 0.0000000000
1115  -11.538  -81.406  19.716 0.0000000000
1117  -12.860  -81.573  18.766 0.0000000000
1119  -16.364  -81.223  18.839 0.0000000000
1124  -11.449  -81.048  19.253 0.0000000000
1125  -11.762  -81.063  18.352 0.0000000000
1136  -12.588  -81.839  17.627 0.0000000000
1145  -12.558  -81.222  16.559 0.0000000000
1146  -13.835  -82.257  17.195 0.0000000000
1159  -13.491  -80.711  15.001 0.0000000000
1212  -9.571  -80.432  36.282 0.0000000000
1244  -8.728  -79.579  34.284 0.0000000000
1245  -9.613  -79.784  34.292 0.0000000000
1258  -13.423  -80.460  33.909 0.0000000000
1263  -9.534  -79.656  32.717 0.0000000000
1265  -10.980  -79.818  31.882 0.0000000000
1269  -8.882  -79.542  32.426 0.0000000000
1271  -10.145  -79.943  31.491 0.0000000000
1288  -10.574  -80.033  30.161 0.0000000000
1296  -8.631  -79.751  28.202 0.0000000000
1298  -9.591  -80.510  28.651 0.0000000000
1307  -8.954  -80.074  27.970 0.0000000000
1310  -15.669  -80.754  27.687 0.0000000000
1328  -17.456  -80.281  24.301 0.0000000000
1332  -10.333  -80.157  23.120 0.0000000000
1333  -11.202  -80.384  23.362 0.0000000000
1344  -10.937  -81.038  22.647 0.0000000000
1346  -12.747  -80.452  22.307 0.0000000000
1355  -10.802  -80.891  21.744 0.0000000000
1356  -12.133  -81.115  21.903 0.0000000000
1360  -17.634  -80.001  21.094 0.0000000000
1364  -12.354  -81.290  20.979 0.0000000000
1372  -16.700  -80.538  19.122 0.0000000000
1396  -15.122  -81.084  17.698 0.0000000000
1405  -12.060  -80.183  16.413 0.0000000000
1426  -13.618  -80.292  14.590 0.0000000000
1588  -8.496  -79.398  33.595 0.0000000000
1590  -13.072  -79.684  33.522 0.0000000000
1594  -8.390  -79.288  32.872 0.0000000000
1602  -8.348  -79.175  32.130 0.0000000000
1603  -8.394  -79.163  31.306 0.0000000000
1606  -15.577  -79.137  31.603 0.0000000000
1610  -8.471  -79.266  30.405 0.0000000000
1614  -16.341  -78.834  30.701 0.0000000000
1626  -10.307  -80.106  27.977 0.0000000000
1628  -12.065  -78.945  28.397 0.0000000000
1638  -8.955  -79.641  27.270 0.0000000000
1641  -11.734  -79.070  27.904 0.0000000000
1643  -17.204  -79.041  27.350 0.0000000000
1654  -9.165  -79.139  26.678 0.0000000000
1663  -9.682  -79.197  23.988 0.0000000000
1665  -10.893  -79.837  24.019 0.0000000000
1667  -12.965  -79.244  23.727 0.0000000000
1686  -18.632  -79.374  22.247 0.0000000000
1703  -14.939  -79.650  20.318 0.0000000000
1711  -16.013  -79.434  19.231 0.0000000000
1732  -11.172  -79.443  17.839 0.0000000000
1934  -7.709  -78.606  35.253 0.0000000000
1939  -7.666  -78.521  34.533 0.0000000000
1972  -14.780  -78.758  32.055 0.0000000000
1977  -13.964  -78.040  31.572 0.0000000000
1982  -8.324  -78.982  30.101 0.0000000000
1984  -12.799  -78.332  30.632 0.0000000000
1988  -8.320  -79.003  28.930 0.0000000000
1996  -12.513  -78.394  28.818 0.0000000000
1999  -17.600  -78.132  28.688 0.0000000000
2003  -8.410  -79.257  27.737 0.0000000000
2019  -8.600  -78.514  26.446 0.0000000000
2021  -11.005  -78.202  26.710 0.0000000000
2032  -9.380  -78.597  24.006 0.0000000000
2033  -10.009  -78.887  24.281 0.0000000000
2034  -11.031  -79.101  24.421 0.0000000000
2038  -18.838  -78.538  24.517 0.0000000000
2042  -9.157  -78.081  23.538 0.0000000000
2052  -9.826  -78.824  22.879 0.0000000000
2054  -14.484  -78.480  22.818 0.0000000000
2076  -11.977  -78.002  20.929 0.0000000000
2079  -17.768  -78.599  20.312 0.0000000000
2282  -7.781  -78.064  34.206 0.0000000000
2314  -9.977  -77.171  30.819 0.0000000000
2321  -15.016  -77.176  31.085 0.0000000000
2322  -15.799  -77.382  30.909 0.0000000000
2333  -8.063  -78.537  27.383 0.0000000000
2336  -13.850  -76.741  28.648 0.0000000000
2346  -12.026  -78.008  27.165 0.0000000000
2347  -12.807  -77.618  27.643 0.0000000000
2348  -13.414  -77.186  28.210 0.0000000000
2359  -9.239  -77.848  26.168 0.0000000000
2363  -18.659  -77.169  26.892 0.0000000000
2381  -9.814  -77.944  24.282 0.0000000000
2385  -14.536  -76.725  24.656 0.0000000000
2393  -14.679  -77.259  23.986 0.0000000000
2404  -9.488  -78.048  22.844 0.0000000000
2408  -16.638  -77.135  22.049 0.0000000000
2420  -12.063  -77.124  22.243 0.0000000000
2423  -17.795  -77.449  21.045 0.0000000000
2425  -19.197  -77.417  21.741 0.0000000000
2430  -17.927  -77.975  20.540 0.0000000000
2431  -18.271  -78.311  20.664 0.0000000000
2717  -16.074  -76.924  30.428 0.0000000000
2721  -14.829  -76.502  29.890 0.0000000000
2740  -7.328  -76.346  26.729 0.0000000000
2754  -7.681  -76.507  26.290 0.0000000000
2758  -12.181  -76.476  26.658 0.0000000000
2779  -11.432  -76.501  24.507 0.0000000000
2780  -13.615  -76.073  24.938 0.0000000000
2781  -14.459  -76.173  25.015 0.0000000000
2782  -15.620  -76.006  24.317 0.0000000000
2791  -8.927  -77.251  23.585 0.0000000000
2794  -17.789  -75.873  22.691 0.0000000000
2802  -8.833  -75.797  22.271 0.0000000000
2803  -8.838  -76.417  22.836 0.0000000000
2809  -18.950  -76.440  22.219 0.0000000000
2817  -9.130  -75.790  21.600 0.0000000000
2824  -18.254  -77.086  21.486 0.0000000000
2828  -9.030  -75.429  20.943 0.0000000000
2830  -9.567  -76.121  20.560 0.0000000000
2835  -9.024  -75.344  20.078 0.0000000000
2837  -9.627  -76.135  19.578 0.0000000000
2844  -9.341  -75.904  18.910 0.0000000000
2854  -9.423  -75.970  18.178 0.0000000000
2855  -9.914  -76.237  17.894 0.0000000000
3173  -7.190  -76.020  27.665 0.0000000000
3175  -8.376  -76.387  28.092 0.0000000000
3187  -7.021  -76.119  27.103 0.0000000000
3190  -13.141  -75.214  26.780 0.0000000000
3195  -19.157  -75.115  27.232 0.0000000000
3200  -7.477  -76.029  26.308 0.0000000000
3215  -19.566  -74.769  24.847 0.0000000000
3222  -8.977  -75.242  24.040 0.0000000000
3242  -8.715  -75.733  23.701 0.0000000000
3257  -8.581  -75.099  22.233 0.0000000000
3258  -8.577  -75.644  22.836 0.0000000000
3269  -11.674  -75.972  22.169 0.0000000000
3305  -9.042  -75.105  18.091 0.0000000000
3315  -9.799  -75.285  16.145 0.0000000000
3320  -10.114  -75.094  15.474 0.0000000000
3648  -16.087  -74.731  29.221 0.0000000000
3660  -6.943  -75.454  27.250 0.0000000000
3662  -13.651  -74.724  27.001 0.0000000000
3680  -7.500  -75.372  26.269 0.0000000000
3681  -8.942  -75.187  26.059 0.0000000000
3702  -9.483  -74.024  24.306 0.0000000000
3704  -12.368  -75.019  24.646 0.0000000000
3708  -15.591  -74.685  25.010 0.0000000000
3722  -19.199  -74.825  23.780 0.0000000000
3730  -8.437  -74.773  22.804 0.0000000000
3734  -8.497  -74.298  21.511 0.0000000000
3753  -8.691  -74.360  19.339 0.0000000000
3787  -8.832  -73.273  15.879 0.0000000000
4109  -6.420  -73.962  32.611 0.0000000000
4127  -6.459  -73.021  31.259 0.0000000000
4135  -6.745  -73.521  30.565 0.0000000000
4158  -6.835  -73.658  29.006 0.0000000000
4159  -6.972  -73.339  28.063 0.0000000000
4163  -14.847  -73.545  28.188 0.0000000000
4177  -8.123  -73.477  26.680 0.0000000000
4180  -13.714  -73.984  27.128 0.0000000000
4197  -19.705  -73.261  25.998 0.0000000000
4205  -18.210  -72.974  24.505 0.0000000000
4214  -9.099  -73.001  24.337 0.0000000000
4218  -15.281  -73.862  25.046 0.0000000000
4220  -19.397  -73.624  24.714 0.0000000000
4228  -8.692  -73.736  23.432 0.0000000000
4241  -8.496  -73.969  22.886 0.0000000000
4244  -8.610  -73.915  21.949 0.0000000000
4245  -9.391  -73.216  21.893 0.0000000000
4254  -8.646  -74.184  20.067 0.0000000000
4270  -8.789  -73.468  18.173 0.0000000000
4275  -8.915  -73.546  17.472 0.0000000000
4621  -5.720  -72.962  34.507 0.0000000000
4664  -6.503  -72.063  30.888 0.0000000000
4684  -6.995  -72.614  28.742 0.0000000000
4685  -7.184  -72.426  28.045 0.0000000000
4696  -8.736  -72.625  27.074 0.0000000000
4709  -19.775  -71.908  26.478 0.0000000000
4739  -8.821  -73.218  23.410 0.0000000000
4740  -8.922  -72.419  23.983 0.0000000000
4741  -9.376  -71.592  24.289 0.0000000000
4755  -9.223  -72.495  23.248 0.0000000000
4756  -10.100  -71.880  22.551 0.0000000000
4781  -10.054  -72.350  19.171 0.0000000000
4789  -8.791  -72.930  17.354 0.0000000000
4792  -10.174  -71.854  19.011 0.0000000000
4802  -8.395  -72.128  16.691 0.0000000000
4815  -8.259  -72.293  16.164 0.0000000000
4828  -8.487  -72.614  15.741 0.0000000000
5173  -5.860  -71.143  32.706 0.0000000000
5219  -7.429  -71.754  28.334 0.0000000000
5220  -8.666  -71.397  27.935 0.0000000000
5221  -9.385  -70.975  28.116 0.0000000000
5236  -11.599  -71.591  27.678 0.0000000000
5261  -19.526  -71.700  25.662 0.0000000000
5272  -11.355  -71.310  25.121 0.0000000000
5297  -10.227  -71.344  22.411 0.0000000000
5309  -10.538  -71.445  20.272 0.0000000000
5321  -10.197  -71.420  19.453 0.0000000000
5327  -9.334  -71.418  18.457 0.0000000000
5338  -8.783  -71.463  17.860 0.0000000000
5701  -5.886  -70.115  34.161 0.0000000000
5723  -5.973  -70.403  32.308 0.0000000000
5724  -6.222  -69.749  31.897 0.0000000000
5754  -7.205  -70.275  30.255 0.0000000000
5759  -7.553  -70.709  29.487 0.0000000000
5760  -8.102  -70.397  29.186 0.0000000000
5764  -17.782  -70.519  30.150 0.0000000000
5770  -10.222  -70.478  28.462 0.0000000000
5777  -19.802  -70.737  28.028 0.0000000000
5791  -18.618  -70.040  24.924 0.0000000000
5809  -18.701  -70.690  24.900 0.0000000000
5819  -11.128  -70.452  25.159 0.0000000000
5846  -9.635  -70.575  21.808 0.0000000000
5863  -9.987  -71.049  19.782 0.0000000000
5873  -9.639  -71.175  19.035 0.0000000000
5888  -7.115  -71.101  16.217 0.0000000000
5901  -7.056  -70.903  15.152 0.0000000000
6180  -5.562  -68.698  39.428 0.0000000000
6202  -5.788  -69.365  37.428 0.0000000000
6300  -8.129  -69.267  30.210 0.0000000000
6310  -11.265  -69.209  29.278 0.0000000000
6317  -9.738  -69.870  28.986 0.0000000000
6363  -6.298  -69.982  24.433 0.0000000000
6368  -14.446  -69.625  24.173 0.0000000000
6378  -6.027  -70.066  24.572 0.0000000000
6395  -9.639  -70.273  22.547 0.0000000000
6401  -7.619  -70.560  22.056 0.0000000000
6402  -8.602  -70.129  22.161 0.0000000000
6743  -5.687  -68.091  41.333 0.0000000000
6775  -6.267  -68.785  37.324 0.0000000000
6776  -6.659  -68.453  37.294 0.0000000000
6809  -6.509  -68.467  34.683 0.0000000000
6834  -6.700  -68.699  31.868 0.0000000000
6850  -9.333  -68.320  30.544 0.0000000000
6851  -10.119  -68.116  30.311 0.0000000000
6863  -11.333  -68.894  29.766 0.0000000000
6868  -17.861  -68.151  29.850 0.0000000000
6879  -12.333  -69.320  29.573 0.0000000000
6894  -6.184  -68.423  26.080 0.0000000000
6895  -6.609  -68.477  26.058 0.0000000000
6908  -5.973  -69.310  25.304 0.0000000000
6911  -13.862  -68.004  24.469 0.0000000000
6927  -5.894  -69.632  24.906 0.0000000000
6933  -14.129  -68.761  24.345 0.0000000000
6941  -7.029  -69.512  24.269 0.0000000000
6960  -6.559  -69.608  21.629 0.0000000000
6968  -6.594  -69.235  20.724 0.0000000000
7303  -5.929  -67.019  44.313 0.0000000000
7349  -8.433  -66.983  40.951 0.0000000000
7355  -6.123  -67.870  39.966 0.0000000000
7379  -7.568  -67.779  38.322 0.0000000000
7386  -7.365  -67.869  37.523 0.0000000000
7388  -8.905  -67.477  37.810 0.0000000000
7401  -6.878  -68.268  36.749 0.0000000000
7418  -7.336  -67.932  35.622 0.0000000000
7440  -8.129  -67.536  33.706 0.0000000000
7452  -9.965  -67.083  32.087 0.0000000000
7459  -9.016  -67.618  31.885 0.0000000000
7460  -9.280  -67.829  31.124 0.0000000000
7474  -11.446  -67.713  30.881 0.0000000000
7502  -5.376  -66.823  28.506 0.0000000000
7503  -6.098  -66.921  28.090 0.0000000000
7504  -6.756  -67.230  27.767 0.0000000000
7516  -6.751  -67.586  27.159 0.0000000000
7536  -7.084  -68.290  26.004 0.0000000000
7555  -11.285  -67.898  23.758 0.0000000000
7556  -12.025  -67.842  23.866 0.0000000000
7567  -10.312  -67.040  22.835 0.0000000000
7575  -8.406  -67.931  22.185 0.0000000000
7577  -9.700  -67.089  22.385 0.0000000000
7600  -5.841  -67.426  19.689 0.0000000000
7618  -5.709  -67.161  18.661 0.0000000000
7634  -5.806  -66.744  17.579 0.0000000000
8054  -10.635  -66.086  38.753 0.0000000000
8059  -12.476  -66.127  37.178 0.0000000000
8067  -11.548  -66.649  36.305 0.0000000000
8069  -12.949  -66.197  36.628 0.0000000000
8070  -13.568  -66.055  36.234 0.0000000000
8083  -10.058  -66.817  35.091 0.0000000000
8087  -13.899  -66.083  35.668 0.0000000000
8088  -14.351  -65.737  35.555 0.0000000000
8118  -9.883  -66.903  33.073 0.0000000000
8131  -12.260  -66.480  32.256 0.0000000000
8154  -4.956  -66.321  30.071 0.0000000000
8155  -5.155  -66.437  30.201 0.0000000000
8158  -14.008  -66.773  31.923 0.0000000000
8175  -4.930  -66.305  29.171 0.0000000000
8179  -13.176  -67.691  31.131 0.0000000000
8202  -17.504  -65.768  27.828 0.0000000000
8214  -5.060  -66.836  26.055 0.0000000000
8256  -9.150  -66.793  22.225 0.0000000000
8267  -8.795  -67.380  22.001 0.0000000000
8321  -6.339  -65.966  17.106 0.0000000000
8337  -6.031  -66.532  16.816 0.0000000000
8649  -5.160  -64.838  46.289 0.0000000000
8687  -5.920  -64.851  43.435 0.0000000000
8718  -7.310  -64.856  40.800 0.0000000000
8735  -8.999  -65.730  40.253 0.0000000000
8747  -9.272  -65.411  39.499 0.0000000000
8787  -15.782  -65.117  34.567 0.0000000000
8802  -15.193  -65.610  33.809 0.0000000000
8828  -5.420  -65.617  31.467 0.0000000000
8847  -6.861  -65.718  30.537 0.0000000000
8876  -7.722  -66.070  29.054 0.0000000000
8890  -4.906  -65.031  26.408 0.0000000000
8898  -8.810  -65.805  25.145 0.0000000000
8901  -13.931  -65.753  24.616 0.0000000000
8916  -13.083  -66.069  24.196 0.0000000000
8918  -13.850  -64.951  24.818 0.0000000000
8930  -9.240  -65.632  23.128 0.0000000000
8933  -12.339  -65.133  23.508 0.0000000000
8934  -12.944  -64.700  23.837 0.0000000000
8937  -6.218  -65.548  22.231 0.0000000000
8940  -10.289  -65.921  22.735 0.0000000000
8950  -6.198  -65.341  21.197 0.0000000000
9334  -4.442  -63.591  46.327 0.0000000000
9347  -5.434  -64.504  44.576 0.0000000000
9376  -5.676  -64.485  42.602 0.0000000000
9388  -5.601  -64.129  41.894 0.0000000000
9424  -7.307  -63.932  39.593 0.0000000000
9441  -9.806  -64.458  37.525 0.0000000000
9496  -5.418  -64.429  32.745 0.0000000000
9509  -4.921  -64.711  32.210 0.0000000000
9516  -16.988  -64.682  31.823 0.0000000000
9517  -17.727  -63.927  31.780 0.0000000000
9529  -9.367  -64.546  30.473 0.0000000000
9530  -10.135  -64.178  30.229 0.0000000000
9560  -4.790  -64.060  28.023 0.0000000000
9561  -9.999  -64.889  28.798 0.0000000000
9562  -10.499  -64.680  28.055 0.0000000000
9569  -4.858  -64.121  27.332 0.0000000000
9579  -11.559  -64.024  26.147 0.0000000000
9588  -14.825  -64.351  25.581 0.0000000000
9599  -10.526  -64.781  24.074 0.0000000000
9618  -12.403  -64.569  23.769 0.0000000000
10096  -4.823  -63.641  45.973 0.0000000000
10104  -5.244  -63.902  45.142 0.0000000000
10114  -5.245  -63.908  44.291 0.0000000000
10172  -8.272  -63.416  38.377 0.0000000000
10173  -8.602  -63.213  37.919 0.0000000000
10217  -5.456  -63.781  33.114 0.0000000000
10219  -7.766  -63.099  33.235 0.0000000000
10229  -5.085  -63.268  32.830 0.0000000000
10246  -18.058  -63.089  31.495 0.0000000000
10247  -18.074  -62.691  30.926 0.0000000000
10252  -4.616  -63.459  30.918 0.0000000000
10255  -11.537  -63.014  29.972 0.0000000000
10265  -4.573  -63.672  30.169 0.0000000000
10271  -17.870  -62.808  29.661 0.0000000000
10280  -12.111  -62.764  28.435 0.0000000000
10283  -17.626  -62.269  29.037 0.0000000000
10287  -5.461  -63.592  27.409 0.0000000000
10301  -14.876  -62.953  25.935 0.0000000000
10311  -12.229  -63.531  25.433 0.0000000000
10312  -13.061  -63.238  25.274 0.0000000000
10319  -11.978  -63.876  24.761 0.0000000000
10321  -13.270  -63.612  24.681 0.0000000000
10793  -5.250  -63.547  45.528 0.0000000000
10800  -10.962  -62.074  44.449 0.0000000000
10810  -5.383  -63.573  44.122 0.0000000000
10840  -11.464  -62.962  41.594 0.0000000000
10845  -8.438  -63.013  39.131 0.0000000000
10859  -8.529  -62.980  38.400 0.0000000000
10860  -9.130  -62.860  37.863 0.0000000000
10884  -11.318  -62.654  35.219 0.0000000000
10891  -5.861  -61.936  33.654 0.0000000000
10894  -7.012  -62.189  34.155 0.0000000000
10900  -5.863  -62.674  33.524 0.0000000000
10901  -6.213  -62.627  33.697 0.0000000000
10905  -15.615  -63.153  33.343 0.0000000000
10932  -14.642  -61.432  29.759 0.0000000000
10933  -17.933  -62.372  30.331 0.0000000000
10946  -13.165  -61.877  29.324 0.0000000000
10966  -16.523  -61.905  27.894 0.0000000000
10975  -14.264  -62.936  25.691 0.0000000000
11388  -5.280  -62.662  46.648 0.0000000000
11395  -5.486  -62.831  45.832 0.0000000000
11406  -6.067  -62.255  45.041 0.0000000000
11424  -11.830  -61.701  44.264 0.0000000000
11425  -12.591  -61.242  44.019 0.0000000000
11530  -17.189  -61.608  30.798 0.0000000000
11542  -5.633  -61.734  30.916 0.0000000000
11551  -17.474  -61.714  30.047 0.0000000000
11560  -16.792  -61.485  29.236 0.0000000000
11566  -16.926  -61.700  28.514 0.0000000000
12052  -11.688  -60.540  44.749 0.0000000000
12054  -13.291  -59.983  44.059 0.0000000000
12157  -7.229  -60.896  34.821 0.0000000000
12168  -5.766  -60.264  33.503 0.0000000000
12201  -5.937  -60.949  32.024 0.0000000000
12787  -6.136  -61.124  46.054 0.0000000000
12805  -6.521  -60.372  45.813 0.0000000000
12820  -6.805  -60.268  45.183 0.0000000000
12895  -7.173  -58.379  38.664 0.0000000000
12962  -5.698  -59.537  34.675 0.0000000000
12981  -14.003  -59.873  33.115 0.0000000000
12999  -13.594  -59.640  33.040 0.0000000000
13653  -7.552  -58.375  45.535 0.0000000000
13690  -7.771  -58.293  44.257 0.0000000000
13693  -10.905  -58.024  43.912 0.0000000000
13694  -12.436  -58.332  44.040 0.0000000000
13736  -8.719  -58.328  39.600 0.0000000000
13823  -7.920  -58.285  33.467 0.0000000000
14453  -7.842  -57.856  45.734 0.0000000000
14492  -7.763  -58.106  45.006 0.0000000000
14524  -8.153  -56.840  43.378 0.0000000000
14527  -12.965  -57.110  42.911 0.0000000000
14548  -9.863  -58.348  39.538 0.0000000000
14567  -6.013  -57.263  38.800 0.0000000000
14583  -5.363  -56.921  37.936 0.0000000000
14584  -5.510  -56.979  38.404 0.0000000000
14587  -7.845  -57.631  38.878 0.0000000000
14606  -5.432  -57.016  37.655 0.0000000000
15311  -7.960  -56.780  44.013 0.0000000000
15312  -8.154  -56.299  44.308 0.0000000000
15360  -6.097  -56.497  38.717 0.0000000000
15369  -5.593  -56.448  38.405 0.0000000000
15412  -6.992  -56.730  34.981 0.0000000000
16127  -8.933  -54.804  42.229 0.0000000000
16128  -9.539  -54.749  41.920 0.0000000000
16155  -5.375  -55.814  38.068 0.0000000000
16157  -5.736  -55.246  38.343 0.0000000000
16818  -9.622  -54.381  43.975 0.0000000000
16833  -8.690  -55.015  42.743 0.0000000000
16869  -9.939  -53.517  41.431 0.0000000000
16980  -21.367  -54.117  32.706 0.0000000000
17580  -10.142  -53.451  42.917 0.0000000000
17591  -10.007  -53.116  42.313 0.0000000000
17622  -11.084  -52.692  40.629 0.0000000000
18345  -12.033  -51.919  41.439 0.0000000000
19051  -11.927  -51.661  40.750 0.0000000000
19143  -4.337  -50.631  35.496 0.0000000000
19157  -20.137  -50.530  33.150 0.0000000000
19166  -20.072  -50.714  32.561 0.0000000000
19915  -15.065  -50.615  39.071 0.0000000000
19942  -15.548  -50.712  37.712 0.0000000000
19955  -4.377  -49.708  35.657 0.0000000000
19960  -15.774  -50.842  36.943 0.0000000000
19965  -3.982  -50.145  35.745 0.0000000000
19974  -18.212  -49.851  35.127 0.0000000000
19984  -16.719  -50.169  35.163 0.0000000000
19986  -18.618  -49.842  34.204 0.0000000000
20785  -17.274  -50.195  37.375 0.0000000000
20794  -16.805  -49.859  36.766 0.0000000000
20795  -17.473  -49.977  36.435 0.0000000000
20831  -18.790  -49.902  33.043 0.0000000000
21709  -13.632  -48.250  30.927 0.0000000000
23387  -6.251  -45.761  34.213 0.0000000000
25126  -7.432  -44.029  33.083 0.0000000000
25188  -13.623  -44.646  29.668 0.0000000000
116369  -11.775  -64.101  35.413 0.0000000000
116372  -11.705  -63.716  34.876 0.0000000000
116385  -15.947  -64.841  34.467 0.0000000000
116389  -12.291  -62.474  38.764 0.0000000000
116390  -17.099  -63.965  33.324 0.0000000000
116391  -16.871  -64.579  33.509 0.0000000000
116430  -21.323  -53.040  32.271 0.0000000000
117519  -12.651  -78.111  24.477 0.0000000000
117907  -17.219  -74.204  24.175 0.0000000000
117965  -24.429  -52.458  31.713 0.0000000000
118502  -12.933  -84.662  25.331 0.0000000000
118567  -13.307  -83.736  23.198 0.0000000000
118580  -9.666  -74.983  24.252 0.0000000000
118782  -12.803  -72.647  24.540 0.0000000000
118957  -12.764  -85.241  27.255 0.0000000000
119104  -14.039  -86.446  32.298 0.0000000000
119425  -15.475  -82.338  19.600 0.0000000000
119541  -17.528  -83.018  28.137 0.0000000000
119564  -11.339  -49.587  33.063 0.0000000000
119567  -16.807  -80.773  21.987 0.0000000000
119810  -10.445  -72.478  24.981 0.0000000000
119909  -12.855  -83.442  27.703 0.0000000000
119980  -9.752  -79.687  33.032 0.0000000000
120101  -8.659  -74.058  18.613 0.0000000000
120362  -15.122  -76.099  24.783 0.0000000000
120702  -14.938  -80.988  31.222 0.0000000000
120796  -5.456  -67.259  22.927 0.0000000000
120880  -8.815  -79.846  29.843 0.0000000000
121028  -7.826  -78.510  33.121 0.0000000000
121064  -12.479  -84.611  28.350 0.0000000000
121112  -15.952  -78.645  20.473 0.0000000000
121188  -11.171  -69.090  24.211 0.0000000000
121251  -12.736  -84.404  25.972 0.0000000000
121392  -7.391  -57.147  33.710 0.0000000000
121505  -10.040  -70.808  22.387 0.0000000000
121676  -8.795  -67.394  36.890 0.0000000000
121773  -16.349  -79.674  29.269 0.0000000000
121882  -12.770  -78.769  24.255 0.0000000000
122203  -8.976  -73.877  17.218 0.0000000000
122241  -22.332  -85.726  25.943 0.0000000000
122492  -13.937  -71.845  24.288 0.0000000000
122546  -12.655  -83.884  32.262 0.0000000000
122599  -7.078  -71.826  29.458 0.0000000000
122631  -8.655  -60.381  44.911 0.0000000000
122766  -8.449  -74.418  22.173 0.0000000000
122894  -15.472  -61.397  29.738 0.0000000000
123116  -7.829  -59.152  37.123 0.0000000000
123228  -6.470  -69.995  31.352 0.0000000000
123351  -15.997  -86.219  34.932 0.0000000000
123769  -14.721  -80.433  18.806 0.0000000000
123784  -23.163  -85.786  26.017 0.0000000000
123881  -16.426  -84.963  24.112 0.0000000000
123952  -11.796  -81.401  19.023 0.0000000000
124330  -11.274  -81.791  37.216 0.0000000000
124443  -12.509  -77.400  24.603 0.0000000000
124544  -5.953  -68.349  39.150 0.0000000000
124567  -13.081  -76.742  24.741 0.0000000000
125092  -20.328  -82.767  19.513 0.0000000000
125107  -19.530  -76.401  23.740 0.0000000000
125148  -13.169  -78.020  30.071 0.0000000000
125205  -9.382  -65.385  24.635 0.0000000000
125283  -13.847  -86.239  36.211 0.0000000000
125751  -19.537  -77.137  23.411 0.0000000000
125856  -15.641  -80.450  30.128 0.0000000000
126045  -13.771  -85.429  24.466 0.0000000000
126238  -7.979  -78.983  33.356 0.0000000000
126408  -10.891  -80.911  20.914 0.0000000000
126452  -11.897  -70.131  28.774 0.0000000000
126770  -13.540  -83.766  16.731 0.0000000000
127100  -15.400  -65.416  34.565 0.0000000000
127146  -6.639  -63.397  33.339 0.0000000000
127384  -11.879  -84.549  36.941 0.0000000000
127385  -8.675  -79.947  28.989 0.0000000000
127472  -14.888  -85.467  18.125 0.0000000000
127556  -14.647  -82.174  25.889 0.0000000000
127846  -6.217  -68.608  16.463 0.0000000000
127982  -9.067  -56.043  45.328 0.0000000000
128330  -8.173  -78.542  31.705 0.0000000000
128383  -11.810  -69.990  24.952 0.0000000000
128531  -10.387  -72.373  20.118 0.0000000000
128534  -20.931  -84.757  24.624 0.0000000000
129294  -11.201  -64.498  23.985 0.0000000000
129994  -17.082  -64.727  32.875 0.0000000000
130137  -10.095  -65.475  22.987 0.0000000000
130358  -14.652  -86.493  33.229 0.0000000000
130439  -12.179  -81.333  17.135 0.0000000000
130487  -8.709  -74.716  20.088 0.0000000000
130549  -7.963  -75.328  31.083 0.0000000000
130695  -7.783  -57.897  44.016 0.0000000000
130759  -12.736  -84.732  26.079 0.0000000000
130861  -9.741  -74.434  26.364 0.0000000000
130865  -12.506  -75.688  26.628 0.0000000000
130918  -11.236  -66.440  33.889 0.0000000000
131022  -4.842  -63.535  28.468 0.0000000000
131292  -17.081  -62.870  28.098 0.0000000000
131538  -13.940  -82.176  29.217 0.0000000000
131872  -17.280  -69.900  30.227 0.0000000000
132021  -13.460  -86.120  34.015 0.0000000000
132155  -9.714  -76.558  28.262 0.0000000000
132166  -16.249  -81.241  21.858 0.0000000000
132252  -9.902  -79.642  23.645 0.0000000000
132330  -11.063  -79.977  32.833 0.0000000000
132337  -11.338  -79.207  17.175 0.0000000000
132361  -6.613  -57.744  38.684 0.0000000000
132536  -14.419  -65.776  33.642 0.0000000000
133258  -14.182  -85.319  23.661 0.0000000000
133540  -9.441  -75.434  16.965 0.0000000000
133592  -6.408  -68.369  33.829 0.0000000000
133636  -20.258  -84.324  25.464 0.0000000000
133708  -4.368  -63.117  46.832 0.0000000000
133882  -5.244  -64.029  44.933 0.0000000000
134024  -13.365  -86.221  33.450 0.0000000000
134039  -14.693  -79.597  20.929 0.0000000000
134065  -9.934  -66.840  34.020 0.0000000000
134073  -6.465  -68.415  32.564 0.0000000000
134090  -17.895  -83.889  23.196 0.0000000000
134159  -9.244  -72.206  24.473 0.0000000000
134320  -11.519  -81.952  36.356 0.0000000000
134365  -11.530  -64.216  24.558 0.0000000000
134486  -6.377  -63.254  42.367 0.0000000000
134523  -10.640  -80.558  23.046 0.0000000000
134716  -17.225  -69.205  24.601 0.0000000000
134779  -15.021  -85.426  23.491 0.0000000000
134873  -8.942  -65.910  22.804 0.0000000000
134956  -15.059  -85.585  29.612 0.0000000000
134959  -6.148  -55.726  38.639 0.0000000000
135020  -14.680  -60.863  32.426 0.0000000000
135217  -16.624  -80.013  18.933 0.0000000000
135506  -11.624  -55.013  41.561 0.0000000000
135571  -16.181  -50.149  38.477 0.0000000000
135642  -14.669  -77.675  31.431 0.0000000000
135644  -11.049  -65.779  38.308 0.0000000000
135957  -16.280  -63.053  32.925 0.0000000000
136049  -5.101  -66.677  28.697 0.0000000000
136127  -12.293  -84.306  32.049 0.0000000000
136156  -9.010  -74.591  24.069 0.0000000000
136243  -5.717  -62.829  44.747 0.0000000000
136313  -15.181  -80.569  18.237 0.0000000000
136323  -15.098  -63.888  34.417 0.0000000000
136564  -20.009  -85.973  30.629 0.0000000000
136671  -17.239  -66.152  26.518 0.0000000000
136726  -11.054  -64.395  26.642 0.0000000000
136832  -15.394  -65.236  34.871 0.0000000000
136982  -18.177  -82.684  30.856 0.0000000000
137249  -13.914  -85.740  26.036 0.0000000000
137393  -12.384  -85.082  36.510 0.0000000000
137430  -16.180  -61.392  29.715 0.0000000000
137435  -11.056  -81.166  20.564 0.0000000000
137445  -13.065  -84.774  24.969 0.0000000000
137550  -11.744  -80.276  16.925 0.0000000000
137799  -8.908  -76.529  23.712 0.0000000000
138189  -13.040  -85.655  29.659 0.0000000000
138196  -9.169  -78.020  28.433 0.0000000000
138255  -8.648  -78.669  28.966 0.0000000000
138334  -12.478  -77.276  19.548 0.0000000000
138414  -10.993  -68.440  23.790 0.0000000000
138471  -16.202  -84.503  31.114 0.0000000000
138527  -8.472  -66.186  26.450 0.0000000000
138685  -19.831  -83.796  22.827 0.0000000000
138916  -16.575  -65.437  26.343 0.0000000000
139285  -5.139  -63.131  46.257 0.0000000000
139307  -9.381  -69.426  22.682 0.0000000000
139521  -12.284  -76.663  24.639 0.0000000000
139681  -13.458  -59.592  43.526 0.0000000000
139969  -12.484  -67.976  30.875 0.0000000000
140069  -14.930  -79.745  32.317 0.0000000000
140271  -12.062  -74.293  24.606 0.0000000000
140449  -14.114  -70.360  29.934 0.0000000000
140506  -6.101  -46.123  34.406 0.0000000000
140693  -14.011  -85.252  18.976 0.0000000000
140785  -12.709  -81.387  20.312 0.0000000000
140892  -7.894  -75.716  29.165 0.0000000000
140952  -5.712  -61.203  32.244 0.0000000000
141002  -5.177  -64.078  43.464 0.0000000000
141024  -6.484  -67.998  33.601 0.0000000000
141035  -12.854  -85.933  32.166 0.0000000000
141157  -5.993  -68.916  25.724 0.0000000000
141210  -11.114  -62.780  39.049 0.0000000000
141242  -10.572  -52.737  41.102 0.0000000000
141263  -13.095  -51.294  40.723 0.0000000000
141277  -12.067  -76.175  24.586 0.0000000000
141281  -17.843  -85.049  24.008 0.0000000000
141316  -7.315  -69.875  23.084 0.0000000000
141343  -9.097  -76.996  22.807 0.0000000000
141483  -10.003  -77.152  26.208 0.0000000000
141578  -9.156  -80.573  28.464 0.0000000000
141664  -13.059  -61.775  29.788 0.0000000000
141687  -16.493  -83.728  29.722 0.0000000000
141722  -14.522  -85.422  23.535 0.0000000000
141799  -14.073  -60.048  33.455 0.0000000000
141841  -18.801  -77.702  25.535 0.0000000000
141857  -6.884  -74.398  30.632 0.0000000000
142072  -6.242  -68.747  32.763 0.0000000000
142116  -8.800  -74.540  18.809 0.0000000000
