#!ascii label  , from subject sub-v2s4x29607_ses-1 vox2ras=TkReg
3299
130320  6.913  -61.682  28.312 0.0000000000
27042  14.544  -45.274  28.624 0.0000000000
137703  6.685  -79.335  24.097 0.0000000000
126026  9.900  -69.949  22.839 0.0000000000
119688  -2.393  -76.498  13.813 0.0000000000
6364  -2.516  -71.096  24.385 0.0000000000
21176  6.313  -51.134  33.669 0.0000000000
316  3.881  -86.107  27.980 0.0000000000
9620  3.410  -66.318  36.432 0.0000000000
122882  8.947  -54.287  37.745 0.0000000000
133390  17.713  -52.948  28.863 0.0000000000
579  2.818  -82.663  15.946 0.0000000000
10431  9.434  -65.307  25.287 0.0000000000
7047  2.512  -70.405  22.311 0.0000000000
8319  4.208  -68.312  28.122 0.0000000000
124836  10.431  -49.433  30.290 0.0000000000
128717  5.279  -48.860  31.708 0.0000000000
27035  9.242  -45.305  29.670 0.0000000000
6910  1.732  -70.174  34.306 0.0000000000
17701  6.537  -55.012  41.630 0.0000000000
116656  12.790  -52.284  33.817 0.0000000000
707  2.784  -83.624  25.885 0.0000000000
137619  5.302  -85.922  20.787 0.0000000000
1095  3.132  -82.566  20.648 0.0000000000
127720  13.105  -41.052  28.146 0.0000000000
135150  8.975  -74.372  21.928 0.0000000000
3016  3.840  -77.765  17.608 0.0000000000
5856  2.239  -72.185  17.240 0.0000000000
4655  -3.307  -74.880  19.326 0.0000000000
16977  5.162  -56.304  32.199 0.0000000000
13157  1.280  -61.430  32.425 0.0000000000
19387  2.481  -54.270  37.165 0.0000000000
31192  7.722  -41.109  29.574 0.0000000000
683  -2.071  -83.688  29.326 0.0000000000
1414  -1.306  -81.404  21.668 0.0000000000
118376  1.063  -74.695  23.698 0.0000000000
6320  3.404  -71.197  27.409 0.0000000000
7626  7.827  -69.383  29.914 0.0000000000
11090  9.015  -64.756  31.328 0.0000000000
14459  0.119  -60.339  41.940 0.0000000000
116756  4.800  -60.709  36.367 0.0000000000
16104  7.115  -57.609  32.879 0.0000000000
20253  9.426  -51.847  35.049 0.0000000000
21209  11.954  -51.193  31.564 0.0000000000
24126  16.964  -48.340  28.558 0.0000000000
1375  9.760  -81.696  23.236 0.0000000000
1832  7.449  -80.359  16.442 0.0000000000
131284  -1.571  -80.620  15.490 0.0000000000
11125  8.759  -63.783  27.418 0.0000000000
9740  6.496  -66.417  26.559 0.0000000000
10399  5.651  -65.619  28.536 0.0000000000
25079  12.117  -47.712  29.573 0.0000000000
25081  10.114  -47.093  29.996 0.0000000000
27045  11.991  -45.302  28.935 0.0000000000
1712  4.896  -81.117  25.359 0.0000000000
1043  4.327  -83.175  23.572 0.0000000000
1755  5.173  -80.757  22.488 0.0000000000
5769  9.904  -72.028  21.777 0.0000000000
5235  5.986  -73.580  18.600 0.0000000000
134430  5.745  -70.950  19.300 0.0000000000
6377  -0.331  -71.908  23.926 0.0000000000
5211  -0.679  -74.411  21.747 0.0000000000
123906  -3.325  -74.088  22.359 0.0000000000
6469  -2.430  -71.689  18.016 0.0000000000
7067  -2.407  -70.344  21.335 0.0000000000
18605  6.145  -53.685  35.230 0.0000000000
16934  3.807  -55.572  35.048 0.0000000000
20258  4.615  -52.428  35.305 0.0000000000
25042  4.748  -46.271  32.854 0.0000000000
24053  3.055  -49.006  34.294 0.0000000000
31206  10.668  -40.963  28.416 0.0000000000
124194  -2.172  -83.487  25.052 0.0000000000
3983  -2.223  -75.847  25.124 0.0000000000
4562  -0.727  -74.205  27.174 0.0000000000
5166  2.156  -72.977  25.285 0.0000000000
120309  1.018  -72.519  28.969 0.0000000000
7536  3.592  -69.418  36.705 0.0000000000
7592  4.228  -69.639  32.343 0.0000000000
7580  6.734  -69.201  33.788 0.0000000000
116413  9.765  -67.306  31.569 0.0000000000
116865  6.103  -66.077  33.947 0.0000000000
17720  7.329  -54.462  39.553 0.0000000000
16028  4.827  -57.760  39.926 0.0000000000
117698  6.947  -58.066  37.489 0.0000000000
14555  6.212  -59.788  34.634 0.0000000000
128432  8.025  -56.416  35.745 0.0000000000
16960  7.900  -55.615  33.737 0.0000000000
19404  9.771  -53.592  36.451 0.0000000000
18661  13.845  -53.841  30.537 0.0000000000
21186  12.765  -51.149  32.711 0.0000000000
20302  14.614  -52.190  29.721 0.0000000000
22208  14.104  -50.376  29.933 0.0000000000
116918  17.999  -50.433  28.490 0.0000000000
459  5.637  -84.605  29.736 0.0000000000
695  9.167  -83.638  26.457 0.0000000000
491  7.391  -83.914  26.003 0.0000000000
542  4.244  -84.758  18.984 0.0000000000
1102  6.423  -82.232  19.290 0.0000000000
1130  4.807  -82.452  16.384 0.0000000000
135894  7.065  -82.094  13.441 0.0000000000
1501  3.922  -81.920  13.724 0.0000000000
3524  -0.173  -76.961  15.991 0.0000000000
126491  0.702  -79.547  17.088 0.0000000000
2201  -2.645  -79.143  13.453 0.0000000000
14572  -0.351  -59.801  32.948 0.0000000000
10351  -0.056  -64.578  31.654 0.0000000000
9069  9.692  -66.828  23.619 0.0000000000
7742  5.819  -69.545  21.441 0.0000000000
9073  5.640  -67.109  23.413 0.0000000000
119746  3.110  -69.105  25.179 0.0000000000
6981  0.419  -70.790  27.610 0.0000000000
21213  8.347  -51.381  31.323 0.0000000000
21216  4.983  -51.537  31.851 0.0000000000
24107  7.230  -49.085  30.824 0.0000000000
119772  6.868  -46.969  30.911 0.0000000000
27023  6.439  -44.970  30.943 0.0000000000
6277  -0.053  -72.384  33.221 0.0000000000
121938  1.523  -69.548  38.955 0.0000000000
9573  2.273  -67.175  39.866 0.0000000000
20196  11.700  -51.696  38.780 0.0000000000
116807  11.399  -50.348  37.591 0.0000000000
19415  14.151  -53.438  35.971 0.0000000000
133369  14.391  -55.036  31.133 0.0000000000
85  3.120  -85.281  26.752 0.0000000000
219  5.267  -87.062  24.362 0.0000000000
227  4.059  -85.743  23.787 0.0000000000
528  3.760  -84.375  21.252 0.0000000000
543  1.383  -84.019  19.412 0.0000000000
124595  -2.828  -73.875  11.859 0.0000000000
3591  -0.918  -75.874  10.503 0.0000000000
136927  16.420  -43.366  28.493 0.0000000000
123471  13.751  -43.055  28.264 0.0000000000
2970  7.833  -77.203  22.204 0.0000000000
2527  6.483  -78.562  20.644 0.0000000000
125570  6.644  -75.865  19.157 0.0000000000
4683  2.989  -74.563  16.600 0.0000000000
4703  -0.870  -74.597  15.425 0.0000000000
5818  2.924  -72.310  20.095 0.0000000000
4665  -0.824  -74.771  18.683 0.0000000000
4069  -3.752  -75.612  16.418 0.0000000000
118083  -3.623  -71.787  15.010 0.0000000000
14592  4.880  -59.145  29.886 0.0000000000
13180  3.162  -61.495  29.337 0.0000000000
15318  3.115  -58.466  32.923 0.0000000000
15288  1.674  -58.030  34.735 0.0000000000
16950  0.827  -56.285  34.398 0.0000000000
21177  3.398  -52.037  33.898 0.0000000000
21164  0.824  -51.219  35.591 0.0000000000
29165  11.397  -43.422  28.581 0.0000000000
137300  8.702  -43.348  29.213 0.0000000000
157  2.471  -85.895  32.048 0.0000000000
123107  0.365  -86.030  29.702 0.0000000000
342  -0.169  -84.230  26.252 0.0000000000
1044  1.066  -82.211  24.191 0.0000000000
2083  2.801  -79.580  23.412 0.0000000000
2952  -3.155  -78.347  23.723 0.0000000000
2976  0.059  -77.264  21.823 0.0000000000
2973  3.494  -77.356  22.291 0.0000000000
4620  4.960  -74.801  23.155 0.0000000000
5740  6.118  -72.406  24.364 0.0000000000
7019  7.713  -71.234  25.026 0.0000000000
6944  2.850  -70.766  30.738 0.0000000000
7646  5.969  -69.809  28.641 0.0000000000
7678  9.828  -70.154  26.391 0.0000000000
9014  11.692  -67.602  27.354 0.0000000000
11116  11.841  -64.435  28.702 0.0000000000
133229  9.145  -62.359  29.175 0.0000000000
11716  1.052  -63.688  38.780 0.0000000000
13075  2.423  -61.121  39.305 0.0000000000
11753  2.703  -63.563  35.542 0.0000000000
116696  4.969  -62.718  33.585 0.0000000000
13877  6.876  -60.758  31.436 0.0000000000
15340  7.009  -58.694  29.646 0.0000000000
141372  6.635  -56.292  31.585 0.0000000000
18635  7.721  -54.402  34.023 0.0000000000
20255  7.636  -51.701  34.832 0.0000000000
23075  10.638  -50.058  35.547 0.0000000000
22142  10.081  -50.229  33.916 0.0000000000
21190  9.262  -51.470  32.428 0.0000000000
22191  11.565  -50.653  30.658 0.0000000000
117311  13.001  -49.083  29.684 0.0000000000
128102  15.885  -47.292  28.546 0.0000000000
138927  19.035  -45.765  29.358 0.0000000000
28074  17.384  -44.410  28.854 0.0000000000
1424  9.877  -81.338  19.948 0.0000000000
741  7.579  -83.269  22.643 0.0000000000
1785  8.787  -79.838  20.280 0.0000000000
2176  10.593  -80.364  15.865 0.0000000000
1801  3.688  -80.469  19.362 0.0000000000
1113  1.048  -82.103  18.948 0.0000000000
583  -0.009  -82.734  16.412 0.0000000000
3558  1.618  -77.124  13.452 0.0000000000
121069  0.486  -80.633  12.578 0.0000000000
1170  2.192  -82.532  11.983 0.0000000000
2227  4.297  -79.978  11.389 0.0000000000
117002  2.786  -65.382  30.279 0.0000000000
8283  0.298  -69.025  31.357 0.0000000000
7667  -1.720  -69.817  27.841 0.0000000000
9075  -2.516  -67.535  23.702 0.0000000000
126351  7.841  -62.583  28.216 0.0000000000
11127  6.817  -64.471  28.019 0.0000000000
130228  6.033  -63.027  28.427 0.0000000000
26076  13.374  -46.231  29.008 0.0000000000
134464  12.713  -46.386  29.182 0.0000000000
27043  13.595  -45.350  28.773 0.0000000000
123337  6.022  -80.308  24.744 0.0000000000
1376  5.698  -81.065  24.419 0.0000000000
134721  6.606  -80.031  23.585 0.0000000000
7059  9.602  -70.810  21.649 0.0000000000
6416  8.197  -71.476  20.007 0.0000000000
136689  8.373  -70.426  21.070 0.0000000000
130596  -1.799  -72.155  24.773 0.0000000000
5191  -2.131  -73.904  23.790 0.0000000000
5763  -3.070  -73.021  23.870 0.0000000000
6404  -2.956  -72.157  21.192 0.0000000000
7050  -2.771  -70.644  22.629 0.0000000000
20242  6.051  -52.087  35.038 0.0000000000
20243  5.438  -52.534  35.468 0.0000000000
130443  5.548  -51.397  34.292 0.0000000000
26995  4.262  -45.331  33.416 0.0000000000
26012  3.442  -46.126  33.627 0.0000000000
4564  -2.033  -75.011  27.804 0.0000000000
5128  -1.007  -73.832  29.397 0.0000000000
117362  0.094  -73.236  28.007 0.0000000000
5115  -0.026  -73.030  30.123 0.0000000000
8215  4.078  -68.379  36.968 0.0000000000
7552  5.072  -69.458  35.356 0.0000000000
8240  5.832  -68.377  35.132 0.0000000000
8906  6.958  -67.691  34.037 0.0000000000
8908  5.260  -66.897  35.205 0.0000000000
19371  7.938  -53.933  39.070 0.0000000000
17733  7.061  -56.090  38.975 0.0000000000
116423  8.160  -55.494  38.280 0.0000000000
16068  7.404  -57.462  36.755 0.0000000000
116935  8.852  -55.506  36.876 0.0000000000
17756  9.158  -55.142  36.169 0.0000000000
18574  9.515  -53.973  37.134 0.0000000000
20332  15.398  -53.638  28.865 0.0000000000
20303  14.119  -52.919  30.318 0.0000000000
20331  15.959  -52.974  28.562 0.0000000000
21250  16.259  -51.329  28.685 0.0000000000
133299  18.196  -51.596  28.545 0.0000000000
470  4.831  -84.808  28.951 0.0000000000
482  6.822  -84.223  27.432 0.0000000000
326  5.320  -85.496  26.783 0.0000000000
140897  3.341  -84.111  17.693 0.0000000000
780  4.599  -83.132  17.583 0.0000000000
121260  3.720  -83.050  16.407 0.0000000000
129178  4.945  -82.794  14.580 0.0000000000
122244  3.393  -82.313  14.434 0.0000000000
134846  -1.721  -76.570  15.241 0.0000000000
2569  -1.658  -78.115  15.601 0.0000000000
3064  -2.536  -77.958  13.238 0.0000000000
14587  -0.449  -59.361  31.793 0.0000000000
13165  -0.893  -61.222  30.986 0.0000000000
9764  9.943  -65.940  23.984 0.0000000000
9071  7.959  -66.700  22.939 0.0000000000
9765  7.941  -65.904  24.232 0.0000000000
9031  5.356  -67.503  27.073 0.0000000000
8360  5.039  -67.913  26.093 0.0000000000
8350  3.675  -68.875  26.650 0.0000000000
7680  1.841  -70.040  25.990 0.0000000000
7664  2.414  -69.514  27.764 0.0000000000
23135  9.143  -50.174  30.514 0.0000000000
22195  7.973  -50.644  30.822 0.0000000000
129767  9.004  -49.332  30.495 0.0000000000
26066  9.620  -46.130  29.814 0.0000000000
25069  8.486  -47.348  30.413 0.0000000000
27021  8.187  -45.776  30.211 0.0000000000
26054  6.656  -46.014  30.827 0.0000000000
135563  7.832  -45.155  30.179 0.0000000000
8169  1.977  -68.352  41.433 0.0000000000
8186  2.507  -68.846  39.406 0.0000000000
19361  11.215  -52.809  39.349 0.0000000000
19386  14.026  -53.213  37.609 0.0000000000
135184  13.487  -52.620  37.512 0.0000000000
19401  15.012  -53.754  36.728 0.0000000000
339  2.462  -84.273  26.320 0.0000000000
221  3.719  -85.526  25.316 0.0000000000
136505  3.496  -84.919  24.776 0.0000000000
139466  3.917  -82.785  21.969 0.0000000000
754  3.985  -84.184  22.042 0.0000000000
755  3.575  -83.745  21.213 0.0000000000
383  2.899  -84.371  19.985 0.0000000000
760  1.999  -83.547  19.927 0.0000000000
5931  -2.412  -71.914  10.959 0.0000000000
5961  -1.474  -72.581  9.940 0.0000000000
30220  17.069  -42.156  28.668 0.0000000000
30222  15.589  -42.485  28.161 0.0000000000
4002  8.166  -75.774  22.299 0.0000000000
138530  7.830  -76.813  21.006 0.0000000000
4028  7.711  -75.603  20.031 0.0000000000
5838  4.613  -72.360  18.019 0.0000000000
141855  4.789  -74.039  17.932 0.0000000000
5872  2.982  -72.908  16.756 0.0000000000
119107  1.316  -74.777  15.670 0.0000000000
5889  0.714  -72.870  15.998 0.0000000000
7045  4.079  -70.010  21.701 0.0000000000
6399  4.184  -70.924  20.861 0.0000000000
6401  2.843  -71.778  21.335 0.0000000000
4019  -2.372  -75.958  20.953 0.0000000000
4642  0.237  -74.463  19.930 0.0000000000
4054  -2.074  -75.957  18.936 0.0000000000
4066  -2.270  -75.811  17.922 0.0000000000
4056  -3.240  -75.656  18.245 0.0000000000
124612  -3.958  -73.494  14.917 0.0000000000
124625  -3.979  -73.321  17.386 0.0000000000
16138  5.150  -57.546  31.346 0.0000000000
15328  4.157  -58.655  31.355 0.0000000000
16122  3.959  -57.862  32.411 0.0000000000
125034  3.336  -54.765  36.576 0.0000000000
16935  3.153  -56.002  35.255 0.0000000000
16905  2.293  -55.875  36.007 0.0000000000
16059  1.379  -56.548  34.920 0.0000000000
18594  1.147  -54.417  36.290 0.0000000000
22183  4.544  -50.866  31.864 0.0000000000
21195  4.329  -51.718  32.540 0.0000000000
23112  4.343  -49.873  32.397 0.0000000000
135793  1.951  -49.804  35.163 0.0000000000
30223  13.216  -42.386  28.276 0.0000000000
29163  12.826  -43.257  28.373 0.0000000000
125329  12.357  -42.438  28.363 0.0000000000
125063  8.860  -41.019  28.870 0.0000000000
30226  9.637  -42.325  28.711 0.0000000000
31208  8.576  -41.784  28.965 0.0000000000
29141  7.778  -42.990  29.498 0.0000000000
30214  7.346  -41.971  29.812 0.0000000000
445  -1.285  -84.314  31.471 0.0000000000
284  -0.472  -85.259  31.762 0.0000000000
300  -0.996  -85.363  29.994 0.0000000000
126748  0.110  -84.987  27.527 0.0000000000
318  -1.114  -85.040  27.788 0.0000000000
745  -2.048  -82.765  22.793 0.0000000000
730  -0.946  -83.520  23.557 0.0000000000
1063  -0.190  -82.262  22.761 0.0000000000
1741  1.654  -80.786  23.627 0.0000000000
1757  0.599  -80.444  22.199 0.0000000000
3981  -0.550  -75.166  24.388 0.0000000000
3451  -1.636  -76.469  23.339 0.0000000000
3470  0.465  -76.448  22.223 0.0000000000
2975  1.939  -76.907  21.849 0.0000000000
126640  2.184  -76.144  22.107 0.0000000000
3466  4.540  -76.141  22.654 0.0000000000
4623  2.824  -74.786  22.956 0.0000000000
5722  2.907  -71.885  26.252 0.0000000000
5743  3.798  -72.595  24.799 0.0000000000
6345  4.823  -71.784  25.219 0.0000000000
7020  7.021  -71.643  24.858 0.0000000000
6331  5.331  -70.904  26.027 0.0000000000
6921  0.729  -71.040  34.020 0.0000000000
6285  1.600  -71.577  31.542 0.0000000000
6928  1.833  -70.832  32.906 0.0000000000
132278  6.234  -69.380  31.103 0.0000000000
7613  4.747  -69.636  30.692 0.0000000000
124960  7.376  -69.596  29.178 0.0000000000
116818  7.654  -69.859  27.887 0.0000000000
133436  8.587  -69.823  28.299 0.0000000000
134507  11.150  -68.933  27.087 0.0000000000
8318  10.094  -69.190  28.889 0.0000000000
10362  9.578  -65.589  31.334 0.0000000000
9690  11.409  -66.194  29.945 0.0000000000
11104  10.633  -64.651  30.351 0.0000000000
11817  10.387  -63.320  29.128 0.0000000000
11806  9.546  -63.300  30.146 0.0000000000
13051  -0.473  -62.263  41.762 0.0000000000
10995  -0.164  -64.088  40.679 0.0000000000
13062  0.323  -61.963  40.830 0.0000000000
16840  4.711  -56.211  42.316 0.0000000000
15266  5.232  -59.370  38.082 0.0000000000
14500  3.703  -59.883  39.077 0.0000000000
13805  3.801  -61.079  37.705 0.0000000000
135866  2.812  -62.231  37.286 0.0000000000
13120  3.640  -61.800  36.285 0.0000000000
133298  4.398  -63.159  34.025 0.0000000000
133371  4.541  -61.885  34.610 0.0000000000
14567  6.685  -59.177  33.680 0.0000000000
14578  6.408  -60.081  32.814 0.0000000000
132566  6.762  -59.178  32.088 0.0000000000
13886  7.135  -59.767  30.791 0.0000000000
15316  6.877  -58.159  31.340 0.0000000000
16148  6.320  -57.556  30.868 0.0000000000
16135  7.071  -56.910  31.552 0.0000000000
18621  8.562  -54.464  34.707 0.0000000000
17790  7.806  -55.055  33.579 0.0000000000
19430  8.292  -54.021  34.757 0.0000000000
18622  7.685  -53.584  35.065 0.0000000000
20254  8.682  -51.787  34.829 0.0000000000
116678  12.196  -51.093  35.623 0.0000000000
22098  10.508  -49.956  36.656 0.0000000000
22124  11.862  -50.582  34.871 0.0000000000
21187  12.421  -51.064  32.542 0.0000000000
22160  11.716  -50.733  33.354 0.0000000000
21188  11.451  -51.246  32.376 0.0000000000
138675  9.860  -50.753  33.058 0.0000000000
21210  10.851  -51.605  31.605 0.0000000000
21224  10.318  -51.529  31.113 0.0000000000
21222  12.242  -50.839  30.961 0.0000000000
23162  15.764  -49.653  28.891 0.0000000000
23147  13.544  -49.720  29.831 0.0000000000
24127  15.404  -48.630  28.777 0.0000000000
24128  14.375  -48.239  29.042 0.0000000000
129888  16.071  -48.047  28.553 0.0000000000
27031  17.820  -45.132  28.987 0.0000000000
29138  17.826  -43.654  29.074 0.0000000000
1015  9.439  -83.088  25.276 0.0000000000
502  9.988  -83.795  24.847 0.0000000000
739  10.324  -82.105  22.914 0.0000000000
1391  10.167  -81.227  22.328 0.0000000000
367  5.616  -86.547  22.612 0.0000000000
358  6.468  -85.455  23.589 0.0000000000
527  6.377  -85.012  21.554 0.0000000000
119518  6.404  -80.812  17.839 0.0000000000
1425  7.567  -81.297  20.104 0.0000000000
1810  7.768  -79.930  18.251 0.0000000000
2142  9.727  -79.374  18.528 0.0000000000
2169  9.079  -79.527  16.643 0.0000000000
1847  11.039  -80.547  14.323 0.0000000000
1490  9.174  -80.844  14.496 0.0000000000
1859  5.795  -81.036  12.992 0.0000000000
2544  4.850  -78.332  18.639 0.0000000000
119226  5.049  -79.372  20.003 0.0000000000
2146  3.688  -79.330  18.097 0.0000000000
1825  -1.063  -80.867  17.240 0.0000000000
1814  0.941  -81.152  17.931 0.0000000000
1457  -0.720  -81.963  17.672 0.0000000000
774  -0.091  -82.734  18.110 0.0000000000
800  -0.909  -81.980  16.331 0.0000000000
4721  1.186  -75.079  12.235 0.0000000000
3569  0.248  -76.718  12.309 0.0000000000
2647  1.124  -78.240  8.393 0.0000000000
2632  0.880  -78.715  10.889 0.0000000000
2241  0.861  -79.614  9.494 0.0000000000
1536  0.791  -81.002  10.869 0.0000000000
1888  1.886  -80.917  10.133 0.0000000000
1533  3.049  -81.315  11.054 0.0000000000
2238  3.812  -79.890  9.334 0.0000000000
13164  1.959  -61.042  30.938 0.0000000000
11820  2.820  -63.069  29.712 0.0000000000
11799  1.181  -63.608  31.166 0.0000000000
9682  -0.478  -66.066  31.007 0.0000000000
8960  0.483  -67.198  31.746 0.0000000000
8979  -0.523  -68.039  30.979 0.0000000000
6946  -0.639  -70.035  29.987 0.0000000000
125306  -0.647  -68.598  29.584 0.0000000000
10411  8.837  -64.649  26.402 0.0000000000
9739  7.561  -65.701  26.107 0.0000000000
10412  7.260  -65.326  27.131 0.0000000000
9715  5.975  -66.178  27.886 0.0000000000
9717  5.059  -66.951  28.956 0.0000000000
24116  11.559  -48.272  29.887 0.0000000000
25067  10.140  -47.934  30.151 0.0000000000
140700  11.508  -47.359  29.686 0.0000000000
26065  10.588  -46.381  29.639 0.0000000000
131963  10.455  -45.144  29.235 0.0000000000
1018  3.557  -82.556  25.589 0.0000000000
727  4.327  -83.163  24.659 0.0000000000
1028  5.096  -81.793  24.866 0.0000000000
1394  4.501  -81.970  22.782 0.0000000000
1411  4.069  -81.335  21.308 0.0000000000
5209  9.266  -73.685  21.872 0.0000000000
138268  7.953  -74.090  19.860 0.0000000000
141092  8.019  -72.916  19.763 0.0000000000
5817  6.849  -71.861  19.085 0.0000000000
6465  4.355  -71.611  18.386 0.0000000000
6375  1.065  -71.049  23.076 0.0000000000
5771  1.258  -72.309  22.033 0.0000000000
5773  -0.252  -72.906  22.784 0.0000000000
4624  -2.640  -74.993  22.648 0.0000000000
4645  -3.260  -75.147  20.884 0.0000000000
5842  -3.339  -73.288  18.688 0.0000000000
5803  -3.007  -72.860  20.568 0.0000000000
6440  -1.899  -71.646  19.330 0.0000000000
7079  -0.832  -70.802  19.952 0.0000000000
17780  5.474  -54.949  34.321 0.0000000000
139040  4.333  -55.982  33.572 0.0000000000
17768  5.132  -54.739  35.217 0.0000000000
18592  4.165  -54.077  35.957 0.0000000000
117147  3.640  -53.628  36.373 0.0000000000
24074  5.029  -48.056  32.580 0.0000000000
135273  4.383  -48.999  33.190 0.0000000000
25029  4.136  -47.725  33.817 0.0000000000
25031  2.412  -47.511  33.414 0.0000000000
127207  11.491  -41.002  28.359 0.0000000000
32163  11.199  -40.244  28.341 0.0000000000
123895  -2.268  -84.033  27.158 0.0000000000
1010  -2.499  -82.780  26.501 0.0000000000
1366  -2.129  -82.210  23.902 0.0000000000
1417  -2.746  -81.527  22.042 0.0000000000
126935  -2.686  -75.781  26.887 0.0000000000
3964  -1.527  -74.912  26.423 0.0000000000
4594  -0.108  -74.608  25.025 0.0000000000
4592  1.385  -74.090  24.296 0.0000000000
5168  0.731  -73.681  25.786 0.0000000000
117045  1.568  -72.480  26.831 0.0000000000
5712  2.044  -71.940  27.477 0.0000000000
123146  2.792  -69.663  35.390 0.0000000000
6918  3.169  -69.875  33.192 0.0000000000
7571  4.034  -69.611  34.412 0.0000000000
7590  5.873  -69.518  33.308 0.0000000000
7598  7.544  -69.257  31.985 0.0000000000
133308  8.981  -68.666  31.303 0.0000000000
8258  8.219  -68.390  32.782 0.0000000000
116833  8.336  -67.087  32.667 0.0000000000
10354  7.808  -65.342  32.333 0.0000000000
18526  7.083  -54.432  41.105 0.0000000000
127745  5.165  -55.910  41.071 0.0000000000
17722  6.128  -55.880  40.167 0.0000000000
16044  5.962  -58.005  38.836 0.0000000000
120844  6.102  -59.247  36.999 0.0000000000
13845  5.568  -60.472  35.151 0.0000000000
117001  6.501  -59.035  36.390 0.0000000000
123960  7.015  -58.015  35.002 0.0000000000
16092  7.164  -57.714  34.025 0.0000000000
16961  7.654  -56.295  33.168 0.0000000000
16947  8.268  -55.643  34.600 0.0000000000
18620  9.088  -54.354  35.225 0.0000000000
129553  9.502  -52.720  35.347 0.0000000000
133323  13.258  -53.122  32.246 0.0000000000
21174  12.736  -51.282  33.515 0.0000000000
20296  13.493  -52.163  31.825 0.0000000000
21207  13.655  -51.513  31.340 0.0000000000
21221  13.666  -51.062  30.885 0.0000000000
22190  13.132  -50.592  30.690 0.0000000000
21238  14.504  -51.214  29.924 0.0000000000
22222  15.567  -50.524  28.991 0.0000000000
129891  16.931  -49.855  28.685 0.0000000000
312  8.275  -84.792  27.986 0.0000000000
126325  7.404  -84.364  28.264 0.0000000000
705  8.301  -83.588  26.450 0.0000000000
715  8.231  -83.309  24.584 0.0000000000
390  4.706  -85.224  19.618 0.0000000000
533  5.810  -84.846  19.914 0.0000000000
125317  5.606  -83.864  18.951 0.0000000000
1112  5.246  -82.426  17.865 0.0000000000
1833  6.575  -80.880  16.443 0.0000000000
1481  7.340  -81.900  14.502 0.0000000000
1482  6.481  -82.190  14.983 0.0000000000
1500  5.568  -81.879  13.195 0.0000000000
2186  4.522  -80.176  14.260 0.0000000000
3033  1.747  -77.360  16.594 0.0000000000
2158  3.059  -79.147  17.504 0.0000000000
2560  0.445  -78.247  16.625 0.0000000000
2172  -1.521  -79.647  16.390 0.0000000000
1853  -1.992  -79.769  14.536 0.0000000000
13141  0.610  -60.755  33.601 0.0000000000
11790  0.708  -62.992  31.883 0.0000000000
124538  0.077  -61.868  31.592 0.0000000000
118668  -0.865  -63.973  30.687 0.0000000000
8384  9.016  -68.448  23.101 0.0000000000
120065  8.385  -69.288  22.262 0.0000000000
8391  7.714  -68.467  22.325 0.0000000000
8393  5.799  -68.160  22.196 0.0000000000
8395  3.894  -68.404  23.172 0.0000000000
117940  6.215  -66.854  24.678 0.0000000000
8371  4.271  -68.099  24.632 0.0000000000
7713  2.677  -69.275  23.589 0.0000000000
7021  1.251  -70.288  24.425 0.0000000000
6993  -0.216  -71.279  26.041 0.0000000000
6335  -1.161  -71.565  26.168 0.0000000000
21192  7.289  -51.458  32.189 0.0000000000
21193  6.289  -51.476  32.362 0.0000000000
22180  7.366  -51.059  31.211 0.0000000000
22181  6.379  -50.651  31.373 0.0000000000
24094  6.199  -48.651  31.269 0.0000000000
24105  8.792  -48.378  30.490 0.0000000000
25071  6.985  -47.941  30.922 0.0000000000
25059  6.127  -47.459  31.276 0.0000000000
25060  5.395  -46.868  31.909 0.0000000000
27010  5.865  -45.382  31.532 0.0000000000
28024  5.715  -44.196  31.906 0.0000000000
6895  0.390  -70.235  35.462 0.0000000000
7513  0.186  -69.819  38.122 0.0000000000
7538  1.256  -69.655  36.749 0.0000000000
7524  2.598  -69.366  37.851 0.0000000000
8863  3.148  -68.247  38.107 0.0000000000
137449  2.539  -66.955  38.311 0.0000000000
19353  8.871  -53.246  40.784 0.0000000000
20178  9.369  -52.711  40.458 0.0000000000
133325  10.016  -51.605  39.259 0.0000000000
133441  10.240  -51.349  38.475 0.0000000000
21118  11.474  -50.890  38.368 0.0000000000
133250  12.540  -51.686  36.596 0.0000000000
116425  13.017  -53.074  35.271 0.0000000000
133341  13.823  -53.940  33.654 0.0000000000
116713  13.426  -53.930  32.574 0.0000000000
133393  13.716  -54.257  31.126 0.0000000000
116757  15.205  -54.738  29.427 0.0000000000
64  3.583  -85.805  27.236 0.0000000000
200  4.674  -86.157  26.479 0.0000000000
83  4.313  -86.188  25.750 0.0000000000
102  4.660  -87.023  23.925 0.0000000000
232  4.828  -86.552  22.489 0.0000000000
514  3.956  -84.587  23.546 0.0000000000
521  4.156  -84.779  22.098 0.0000000000
247  4.500  -85.538  21.112 0.0000000000
139214  3.320  -84.653  19.879 0.0000000000
391  2.879  -84.389  19.348 0.0000000000
401  2.213  -84.271  18.036 0.0000000000
4130  -2.743  -75.220  12.887 0.0000000000
3582  -2.423  -76.390  11.754 0.0000000000
4157  -1.541  -74.754  10.028 0.0000000000
125128  -0.161  -73.471  11.511 0.0000000000
28076  15.759  -44.486  28.468 0.0000000000
124383  14.071  -44.535  28.561 0.0000000000
29162  15.121  -43.013  28.217 0.0000000000
119586  14.898  -42.194  28.052 0.0000000000
2483  7.131  -78.376  23.215 0.0000000000
120143  6.924  -78.987  22.254 0.0000000000
2526  7.311  -77.978  21.124 0.0000000000
3007  6.608  -77.493  19.720 0.0000000000
3508  4.975  -76.905  18.120 0.0000000000
4041  6.260  -75.216  18.857 0.0000000000
4052  4.853  -75.380  18.000 0.0000000000
4065  3.100  -76.140  16.985 0.0000000000
4077  1.857  -75.647  16.110 0.0000000000
3533  0.197  -75.600  15.407 0.0000000000
4092  -2.096  -76.026  15.187 0.0000000000
7062  6.394  -70.014  21.071 0.0000000000
6437  4.223  -71.115  19.579 0.0000000000
5819  2.418  -72.259  19.071 0.0000000000
5223  1.257  -73.460  20.721 0.0000000000
5236  1.107  -73.775  19.809 0.0000000000
5858  1.022  -72.662  17.554 0.0000000000
4686  -1.087  -74.221  16.708 0.0000000000
139809  -2.145  -75.501  16.132 0.0000000000
4108  -3.243  -75.029  14.526 0.0000000000
4718  -3.395  -74.196  13.693 0.0000000000
5904  -3.346  -72.754  13.258 0.0000000000
127336  -2.941  -71.147  13.044 0.0000000000
6485  -3.380  -71.753  16.577 0.0000000000
13901  5.104  -60.448  28.576 0.0000000000
12525  4.891  -61.980  28.618 0.0000000000
141379  3.749  -59.967  29.932 0.0000000000
13879  3.011  -60.087  30.995 0.0000000000
13872  2.174  -60.391  32.274 0.0000000000
126761  3.141  -57.150  34.125 0.0000000000
15313  2.422  -58.833  33.730 0.0000000000
14570  1.718  -59.914  33.989 0.0000000000
15290  0.565  -58.717  34.719 0.0000000000
122465  -0.095  -58.069  34.085 0.0000000000
21194  4.824  -51.831  32.493 0.0000000000
132479  3.866  -52.623  33.619 0.0000000000
20245  2.595  -52.290  36.207 0.0000000000
23087  3.013  -49.812  34.771 0.0000000000
21147  2.497  -50.660  35.672 0.0000000000
139125  1.019  -52.824  36.746 0.0000000000
121422  0.690  -53.514  35.452 0.0000000000
130961  12.775  -44.155  28.525 0.0000000000
28078  11.200  -44.761  28.890 0.0000000000
28055  10.458  -44.496  29.042 0.0000000000
30225  10.557  -42.255  28.521 0.0000000000
29167  9.464  -43.232  28.938 0.0000000000
122828  8.832  -44.583  29.594 0.0000000000
28057  7.848  -44.440  29.938 0.0000000000
28042  6.226  -43.734  31.221 0.0000000000
290  3.800  -85.201  30.778 0.0000000000
172  2.618  -85.896  29.956 0.0000000000
150  0.756  -85.637  32.817 0.0000000000
119699  1.014  -85.994  31.261 0.0000000000
182  2.459  -86.310  28.897 0.0000000000
193  1.338  -85.647  27.891 0.0000000000
212  1.449  -84.543  26.912 0.0000000000
130378  1.533  -84.059  26.243 0.0000000000
343  -0.899  -84.328  25.765 0.0000000000
719  0.291  -83.579  24.890 0.0000000000
1020  1.850  -82.924  25.652 0.0000000000
1363  2.893  -81.406  25.248 0.0000000000
2073  3.981  -80.044  24.642 0.0000000000
2081  4.552  -79.065  23.915 0.0000000000
2112  -2.600  -79.878  21.606 0.0000000000
3452  -2.573  -76.923  23.720 0.0000000000
2978  -1.618  -77.545  22.245 0.0000000000
2110  -0.257  -79.224  21.397 0.0000000000
135772  1.139  -79.059  21.810 0.0000000000
2496  3.348  -78.208  22.539 0.0000000000
2958  5.142  -77.749  23.036 0.0000000000
2971  5.350  -76.944  22.753 0.0000000000
138812  6.255  -75.773  22.961 0.0000000000
4600  7.398  -74.594  23.251 0.0000000000
5187  3.649  -73.672  23.820 0.0000000000
5185  5.247  -73.642  23.803 0.0000000000
5183  7.339  -73.649  23.608 0.0000000000
5755  8.052  -72.782  23.872 0.0000000000
6372  9.685  -71.673  23.335 0.0000000000
141818  10.003  -70.751  24.249 0.0000000000
5681  0.462  -72.618  31.397 0.0000000000
6303  1.758  -71.785  29.994 0.0000000000
6301  3.060  -71.090  29.099 0.0000000000
6935  3.680  -69.959  31.612 0.0000000000
6954  4.361  -70.233  29.262 0.0000000000
6979  4.626  -70.562  27.702 0.0000000000
6989  6.714  -70.359  26.980 0.0000000000
7004  9.108  -70.489  25.911 0.0000000000
7016  10.651  -69.645  23.946 0.0000000000
8359  11.142  -68.809  25.061 0.0000000000
9059  11.113  -67.057  24.924 0.0000000000
10420  11.558  -65.846  25.930 0.0000000000
8988  11.002  -67.681  29.520 0.0000000000
8999  11.915  -66.529  28.340 0.0000000000
10409  11.467  -64.884  26.828 0.0000000000
11836  10.401  -63.466  27.739 0.0000000000
12529  9.073  -62.652  28.300 0.0000000000
12522  8.418  -62.214  28.381 0.0000000000
10303  0.912  -64.929  38.955 0.0000000000
9622  2.068  -65.444  37.175 0.0000000000
15218  1.731  -58.649  41.737 0.0000000000
16862  3.885  -57.192  40.919 0.0000000000
15231  2.562  -58.736  40.727 0.0000000000
13772  1.406  -60.407  40.566 0.0000000000
12415  1.677  -62.753  38.487 0.0000000000
11743  1.832  -64.060  36.597 0.0000000000
10344  3.339  -65.227  35.613 0.0000000000
10347  4.772  -64.985  34.504 0.0000000000
133304  5.814  -63.960  33.410 0.0000000000
11798  6.813  -63.223  32.211 0.0000000000
116734  5.236  -61.306  34.021 0.0000000000
12500  6.133  -62.206  32.455 0.0000000000
12498  7.357  -62.628  31.530 0.0000000000
13169  8.385  -61.605  30.004 0.0000000000
13891  8.057  -60.616  29.148 0.0000000000
13899  6.975  -60.268  28.553 0.0000000000
14605  6.126  -59.013  29.063 0.0000000000
16149  5.720  -57.761  30.766 0.0000000000
16976  5.841  -55.881  31.868 0.0000000000
16975  7.407  -56.182  32.423 0.0000000000
17807  6.792  -55.420  32.394 0.0000000000
18646  6.576  -54.996  32.943 0.0000000000
18623  6.894  -54.097  34.635 0.0000000000
20256  7.055  -52.570  35.214 0.0000000000
21162  7.352  -51.001  34.097 0.0000000000
20210  10.164  -51.289  37.536 0.0000000000
21145  10.049  -50.791  36.009 0.0000000000
21146  9.760  -50.992  35.209 0.0000000000
22125  11.758  -50.476  34.657 0.0000000000
23086  10.423  -50.165  34.523 0.0000000000
128568  9.662  -50.444  34.810 0.0000000000
22127  9.099  -50.467  34.211 0.0000000000
22163  8.343  -50.719  32.984 0.0000000000
22164  7.700  -51.120  32.762 0.0000000000
21212  9.042  -51.804  31.746 0.0000000000
22193  9.769  -50.842  30.653 0.0000000000
23133  11.006  -50.113  30.401 0.0000000000
139119  12.924  -50.195  30.448 0.0000000000
23132  11.850  -49.914  30.336 0.0000000000
23149  12.150  -49.108  30.008 0.0000000000
24115  12.490  -48.356  29.628 0.0000000000
25091  14.415  -47.189  28.893 0.0000000000
124397  15.033  -45.862  28.613 0.0000000000
133365  19.694  -51.217  29.883 0.0000000000
22205  19.582  -50.348  29.296 0.0000000000
23159  19.439  -49.588  29.048 0.0000000000
25087  18.614  -48.068  28.759 0.0000000000
26060  19.881  -47.009  29.597 0.0000000000
25088  17.671  -47.823  28.628 0.0000000000
26073  17.066  -46.565  28.612 0.0000000000
125864  16.602  -45.886  28.589 0.0000000000
123712  16.170  -45.189  28.520 0.0000000000
29161  16.910  -43.645  28.694 0.0000000000
130105  17.406  -42.907  28.950 0.0000000000
334  9.213  -84.787  25.904 0.0000000000
356  9.147  -85.151  23.505 0.0000000000
336  6.123  -85.574  24.952 0.0000000000
512  7.548  -83.850  23.967 0.0000000000
120159  8.261  -82.599  23.067 0.0000000000
1079  6.887  -83.318  20.959 0.0000000000
134643  8.104  -81.729  21.517 0.0000000000
1753  9.489  -80.866  22.270 0.0000000000
2122  9.896  -79.621  20.416 0.0000000000
1819  10.265  -80.005  17.939 0.0000000000
1497  8.344  -81.623  12.917 0.0000000000
2108  5.729  -79.562  21.415 0.0000000000
1788  4.258  -80.641  20.710 0.0000000000
1427  3.698  -81.303  20.495 0.0000000000
2147  2.860  -79.843  17.797 0.0000000000
119028  2.433  -81.208  18.824 0.0000000000
1104  2.301  -82.251  19.738 0.0000000000
765  1.213  -83.139  19.569 0.0000000000
554  0.776  -83.926  18.407 0.0000000000
124618  1.674  -82.997  16.591 0.0000000000
3081  -1.663  -77.262  11.512 0.0000000000
2615  -0.822  -78.497  12.462 0.0000000000
121869  -0.377  -79.625  13.948 0.0000000000
3078  2.121  -77.074  11.989 0.0000000000
2614  1.059  -79.108  13.314 0.0000000000
1852  0.264  -80.391  14.345 0.0000000000
1155  0.655  -81.977  14.135 0.0000000000
592  1.064  -82.410  14.413 0.0000000000
590  2.031  -82.556  14.489 0.0000000000
1169  2.653  -82.279  12.410 0.0000000000
1872  3.424  -81.017  12.772 0.0000000000
11818  4.610  -63.888  29.094 0.0000000000
11118  4.498  -65.089  29.338 0.0000000000
134020  3.783  -67.255  29.960 0.0000000000
10366  1.109  -65.543  31.568 0.0000000000
8958  2.098  -67.185  31.118 0.0000000000
8300  2.524  -68.874  29.611 0.0000000000
7649  0.455  -70.371  29.274 0.0000000000
6311  -1.370  -71.325  28.212 0.0000000000
6994  -2.079  -70.322  26.673 0.0000000000
9020  -0.667  -68.466  27.282 0.0000000000
8352  -1.868  -68.401  26.310 0.0000000000
135534  -2.446  -69.736  24.550 0.0000000000
7733  -2.715  -69.158  22.219 0.0000000000
11828  6.921  -62.600  28.276 0.0000000000
12524  5.969  -62.056  28.369 0.0000000000
125028  14.281  -46.201  28.792 0.0000000000
2070  6.385  -79.738  24.427 0.0000000000
1725  6.485  -80.099  24.410 0.0000000000
1724  6.721  -79.720  24.096 0.0000000000
7043  9.892  -70.595  22.417 0.0000000000
7060  9.047  -70.462  21.461 0.0000000000
7044  9.264  -70.115  22.210 0.0000000000
5733  -1.889  -71.879  24.802 0.0000000000
5747  -2.322  -72.565  24.355 0.0000000000
118602  -2.778  -71.934  24.021 0.0000000000
136659  -3.041  -72.131  23.408 0.0000000000
132461  -2.712  -71.033  23.918 0.0000000000
120524  -1.741  -74.855  29.986 0.0000000000
5117  -1.396  -74.228  30.174 0.0000000000
5104  -0.865  -73.688  31.239 0.0000000000
8885  3.911  -67.374  36.789 0.0000000000
8884  4.587  -67.944  36.386 0.0000000000
8894  4.982  -67.417  35.797 0.0000000000
8893  5.493  -67.759  35.421 0.0000000000
9631  4.679  -66.533  35.517 0.0000000000
131504  8.558  -53.636  38.534 0.0000000000
125014  8.763  -55.227  37.648 0.0000000000
16904  8.274  -56.063  37.318 0.0000000000
17744  9.208  -54.840  37.033 0.0000000000
116781  16.872  -53.238  28.675 0.0000000000
116822  17.348  -52.690  28.588 0.0000000000
21249  17.213  -52.032  28.471 0.0000000000
116746  17.886  -52.389  28.597 0.0000000000
307  3.946  -85.502  28.881 0.0000000000
314  5.158  -85.178  27.737 0.0000000000
327  4.698  -85.773  27.219 0.0000000000
121088  2.981  -83.993  17.176 0.0000000000
782  3.429  -83.721  17.205 0.0000000000
570  3.165  -83.217  16.614 0.0000000000
789  3.997  -83.017  15.419 0.0000000000
808  3.179  -82.422  15.084 0.0000000000
3548  -2.248  -76.602  14.353 0.0000000000
3054  -2.164  -77.537  14.608 0.0000000000
118170  -2.498  -77.003  13.026 0.0000000000
10443  9.519  -65.526  24.398 0.0000000000
10444  8.750  -65.557  24.021 0.0000000000
10432  8.715  -65.515  24.720 0.0000000000
9017  4.929  -67.845  27.775 0.0000000000
8335  4.277  -68.435  27.229 0.0000000000
8336  3.620  -68.811  27.540 0.0000000000
8351  2.944  -69.311  27.001 0.0000000000
8337  3.067  -69.125  27.866 0.0000000000
23134  9.716  -49.794  30.388 0.0000000000
27034  9.878  -45.408  29.500 0.0000000000
26052  8.694  -46.409  30.165 0.0000000000
26067  8.853  -45.772  29.944 0.0000000000
27036  8.490  -45.192  29.911 0.0000000000
494  2.545  -83.973  25.944 0.0000000000
338  3.281  -84.670  25.588 0.0000000000
493  3.363  -84.304  25.470 0.0000000000
1081  3.603  -82.881  21.293 0.0000000000
759  2.900  -83.255  20.434 0.0000000000
6563  -2.066  -71.178  10.801 0.0000000000
6575  -2.029  -71.853  10.295 0.0000000000
31199  17.541  -41.331  28.833 0.0000000000
31200  16.616  -41.330  28.280 0.0000000000
119260  8.647  -75.032  22.207 0.0000000000
4017  8.439  -75.686  21.816 0.0000000000
4631  8.688  -74.849  21.520 0.0000000000
5855  3.488  -72.537  17.246 0.0000000000
5261  3.688  -73.325  17.081 0.0000000000
5873  2.158  -72.594  16.560 0.0000000000
5277  1.726  -73.090  16.036 0.0000000000
5857  1.544  -72.355  16.863 0.0000000000
7046  3.327  -70.232  22.019 0.0000000000
7066  3.038  -70.972  21.658 0.0000000000
6387  2.250  -71.220  21.990 0.0000000000
3492  -3.114  -75.977  20.248 0.0000000000
4031  -2.001  -76.061  20.331 0.0000000000
3500  -2.908  -75.943  19.711 0.0000000000
4055  -2.608  -75.894  18.445 0.0000000000
4667  -3.494  -75.146  18.607 0.0000000000
5264  -4.148  -74.158  17.225 0.0000000000
5250  -3.890  -73.884  17.973 0.0000000000
118310  5.141  -56.907  31.744 0.0000000000
120513  4.598  -57.470  31.942 0.0000000000
16121  4.356  -56.925  32.551 0.0000000000
18575  3.052  -54.472  37.018 0.0000000000
17745  2.941  -54.974  36.768 0.0000000000
18576  2.672  -54.720  36.994 0.0000000000
18578  1.642  -54.969  36.515 0.0000000000
19388  1.749  -54.249  37.017 0.0000000000
23129  4.850  -49.885  31.645 0.0000000000
31203  13.549  -41.622  28.143 0.0000000000
31204  12.749  -41.677  28.292 0.0000000000
682  -1.682  -83.532  29.881 0.0000000000
677  -1.305  -83.473  30.767 0.0000000000
453  -1.669  -83.960  30.751 0.0000000000
292  -1.464  -84.677  30.719 0.0000000000
122514  -1.645  -84.767  29.886 0.0000000000
301  -1.334  -85.041  29.259 0.0000000000
309  -1.709  -84.768  28.564 0.0000000000
1398  -1.428  -82.123  21.903 0.0000000000
1064  -1.070  -82.576  22.356 0.0000000000
1397  -0.651  -81.854  22.060 0.0000000000
1396  0.190  -81.397  22.515 0.0000000000
1413  -0.400  -80.968  21.832 0.0000000000
3980  0.215  -74.899  24.114 0.0000000000
3450  -0.106  -75.897  22.960 0.0000000000
4009  0.818  -75.749  22.633 0.0000000000
3469  1.357  -76.273  22.069 0.0000000000
4008  1.628  -75.608  22.558 0.0000000000
4007  2.469  -75.508  22.593 0.0000000000
3988  1.870  -74.834  23.041 0.0000000000
6333  3.616  -71.438  26.466 0.0000000000
117806  4.219  -71.582  25.705 0.0000000000
6344  5.462  -71.372  25.400 0.0000000000
6332  4.533  -71.062  26.320 0.0000000000
120667  1.124  -70.569  34.330 0.0000000000
6920  1.490  -70.709  33.733 0.0000000000
7610  7.389  -69.342  30.524 0.0000000000
7611  6.509  -69.420  30.434 0.0000000000
135834  7.764  -69.722  28.603 0.0000000000
116410  8.388  -69.528  29.253 0.0000000000
130778  9.188  -69.588  28.918 0.0000000000
116411  9.387  -69.142  29.567 0.0000000000
10375  10.413  -65.533  30.858 0.0000000000
120567  9.821  -64.743  30.863 0.0000000000
11105  10.029  -63.971  30.313 0.0000000000
11106  9.287  -63.970  30.811 0.0000000000
13743  -0.597  -61.334  42.851 0.0000000000
123254  -0.370  -61.536  42.084 0.0000000000
13050  -0.047  -61.727  41.392 0.0000000000
13774  0.274  -61.213  41.079 0.0000000000
129851  5.225  -55.802  41.792 0.0000000000
14517  4.932  -60.055  37.638 0.0000000000
13804  4.327  -60.435  37.896 0.0000000000
116878  4.519  -60.681  37.132 0.0000000000
13119  4.315  -61.247  36.054 0.0000000000
116418  3.951  -61.866  35.453 0.0000000000
133824  4.552  -61.389  35.300 0.0000000000
120901  6.890  -58.334  33.564 0.0000000000
14577  6.643  -59.417  32.980 0.0000000000
15312  6.851  -58.452  32.599 0.0000000000
14584  6.931  -58.952  31.010 0.0000000000
16120  7.083  -57.479  31.821 0.0000000000
19429  9.023  -53.542  35.092 0.0000000000
131410  9.144  -52.545  35.028 0.0000000000
125440  8.230  -52.764  35.165 0.0000000000
22112  11.786  -50.449  35.755 0.0000000000
133293  12.433  -51.500  34.542 0.0000000000
21208  13.055  -51.047  31.541 0.0000000000
130322  16.360  -48.922  28.653 0.0000000000
23163  14.777  -49.251  29.079 0.0000000000
1026  9.607  -82.725  24.465 0.0000000000
1025  10.059  -82.667  24.098 0.0000000000
1374  10.127  -81.727  23.129 0.0000000000
1392  9.922  -81.224  22.637 0.0000000000
239  5.349  -86.157  21.614 0.0000000000
372  6.006  -85.808  21.976 0.0000000000
380  5.812  -85.700  21.101 0.0000000000
132450  7.091  -80.350  17.857 0.0000000000
1799  7.153  -80.644  18.650 0.0000000000
1820  7.614  -80.003  17.410 0.0000000000
2144  8.447  -79.453  17.820 0.0000000000
2170  8.365  -79.644  16.955 0.0000000000
2178  9.372  -79.850  16.056 0.0000000000
1831  8.484  -80.051  16.158 0.0000000000
2145  4.405  -79.044  18.728 0.0000000000
2545  4.173  -78.472  18.083 0.0000000000
1827  -1.651  -80.857  16.237 0.0000000000
1465  -0.476  -81.525  17.686 0.0000000000
1467  -1.252  -81.636  17.018 0.0000000000
784  -1.148  -82.173  17.050 0.0000000000
1138  -1.497  -81.849  16.232 0.0000000000
4735  1.575  -74.083  11.266 0.0000000000
4136  1.688  -75.262  12.264 0.0000000000
2646  1.809  -78.706  8.070 0.0000000000
2638  0.773  -78.787  9.128 0.0000000000
2245  1.236  -79.091  8.700 0.0000000000
1893  1.331  -80.308  9.700 0.0000000000
2240  1.672  -79.873  9.044 0.0000000000
1891  3.266  -80.384  9.647 0.0000000000
2239  2.812  -80.037  8.983 0.0000000000
13881  1.684  -61.139  31.810 0.0000000000
136850  1.605  -62.446  30.456 0.0000000000
12493  1.083  -62.015  31.770 0.0000000000
9696  -0.551  -66.436  30.517 0.0000000000
9695  -0.435  -67.032  31.033 0.0000000000
117280  -0.590  -67.294  30.572 0.0000000000
8302  -0.621  -68.750  30.322 0.0000000000
10423  7.800  -65.203  26.559 0.0000000000
11138  8.080  -64.551  26.970 0.0000000000
10398  6.147  -65.397  27.993 0.0000000000
117848  5.720  -66.057  28.377 0.0000000000
9716  5.587  -66.678  28.361 0.0000000000
9705  5.258  -66.213  28.814 0.0000000000
27032  12.048  -46.111  29.216 0.0000000000
26064  11.411  -46.584  29.506 0.0000000000
27033  11.146  -45.723  29.264 0.0000000000
1349  4.297  -81.785  25.428 0.0000000000
1016  4.676  -82.009  25.244 0.0000000000
1348  4.958  -81.544  25.270 0.0000000000
120903  5.550  -80.953  23.460 0.0000000000
1041  5.008  -81.736  23.806 0.0000000000
136958  4.907  -81.362  22.927 0.0000000000
119327  4.517  -81.359  22.147 0.0000000000
5197  9.593  -72.888  21.786 0.0000000000
5799  9.039  -72.892  20.624 0.0000000000
6433  7.452  -70.963  19.824 0.0000000000
137100  7.382  -71.485  19.511 0.0000000000
5836  5.989  -71.514  18.886 0.0000000000
5837  5.269  -71.900  18.465 0.0000000000
6448  5.143  -71.304  18.843 0.0000000000
6376  0.380  -71.446  23.486 0.0000000000
5760  0.071  -72.180  23.136 0.0000000000
5761  -0.724  -72.633  23.569 0.0000000000
4608  -3.022  -74.540  23.508 0.0000000000
4607  -2.608  -74.463  23.506 0.0000000000
4625  -3.099  -74.754  22.637 0.0000000000
4635  -3.034  -75.361  21.907 0.0000000000
4636  -3.300  -74.940  21.764 0.0000000000
137268  -3.108  -73.668  20.164 0.0000000000
5786  -3.228  -73.132  21.628 0.0000000000
6403  -2.559  -71.295  20.999 0.0000000000
6421  -2.675  -71.994  20.536 0.0000000000
7080  -2.151  -70.751  20.731 0.0000000000
7088  -1.678  -71.120  20.048 0.0000000000
120759  -1.604  -70.249  20.680 0.0000000000
126350  5.910  -54.314  34.837 0.0000000000
18606  5.423  -54.082  35.499 0.0000000000
20244  4.831  -53.023  35.856 0.0000000000
18591  4.808  -53.729  35.827 0.0000000000
19405  4.154  -53.652  36.018 0.0000000000
19418  4.059  -53.206  35.858 0.0000000000
136787  4.998  -47.259  32.476 0.0000000000
25043  4.480  -47.220  33.322 0.0000000000
26024  2.804  -46.645  33.255 0.0000000000
25030  3.374  -47.294  33.837 0.0000000000
33091  12.066  -40.016  28.124 0.0000000000
32165  9.285  -40.296  28.722 0.0000000000
1005  -1.897  -82.673  27.758 0.0000000000
1365  -1.952  -81.670  23.780 0.0000000000
1381  -2.247  -82.056  23.335 0.0000000000
1380  -2.167  -81.652  23.217 0.0000000000
3937  -2.712  -75.960  28.604 0.0000000000
4563  -1.387  -74.638  27.334 0.0000000000
4572  -0.944  -74.491  26.680 0.0000000000
4584  -0.755  -74.610  25.880 0.0000000000
4571  -0.359  -74.122  26.579 0.0000000000
4583  0.062  -74.139  25.853 0.0000000000
4570  0.335  -73.635  26.550 0.0000000000
5135  0.269  -72.993  28.788 0.0000000000
5147  0.618  -73.041  27.272 0.0000000000
5713  1.258  -72.481  27.498 0.0000000000
5706  1.534  -72.196  28.297 0.0000000000
131160  2.926  -69.619  36.283 0.0000000000
127804  3.469  -69.639  34.907 0.0000000000
7553  3.796  -69.599  35.862 0.0000000000
7569  5.573  -69.386  34.775 0.0000000000
7568  6.020  -69.371  34.172 0.0000000000
7589  6.689  -69.419  32.921 0.0000000000
7588  7.324  -69.119  33.178 0.0000000000
116697  8.319  -68.833  32.110 0.0000000000
123621  7.708  -68.693  33.136 0.0000000000
8923  6.876  -66.706  33.546 0.0000000000
8922  7.478  -67.585  33.504 0.0000000000
116414  7.623  -66.905  33.022 0.0000000000
133417  7.887  -66.325  32.632 0.0000000000
133470  7.226  -66.018  32.908 0.0000000000
18538  6.766  -54.651  40.272 0.0000000000
137040  6.314  -55.221  40.306 0.0000000000
17721  6.777  -55.414  39.668 0.0000000000
16887  6.990  -56.903  38.732 0.0000000000
16043  6.677  -57.699  38.380 0.0000000000
116922  5.906  -59.040  37.700 0.0000000000
116420  6.498  -58.742  37.211 0.0000000000
117025  6.956  -58.327  36.545 0.0000000000
16079  7.616  -57.030  35.771 0.0000000000
16080  7.214  -57.813  35.772 0.0000000000
122429  7.432  -57.338  34.908 0.0000000000
16933  7.896  -56.476  34.897 0.0000000000
16932  8.291  -55.996  35.353 0.0000000000
18604  9.473  -54.409  35.856 0.0000000000
136256  9.087  -54.900  35.467 0.0000000000
19417  9.538  -53.605  35.583 0.0000000000
19416  9.919  -52.724  35.999 0.0000000000
19461  13.547  -53.269  31.253 0.0000000000
136298  13.862  -52.229  31.102 0.0000000000
21220  14.209  -51.635  30.607 0.0000000000
22221  17.204  -50.965  28.539 0.0000000000
22206  15.419  -51.199  29.007 0.0000000000
129839  16.338  -50.442  28.783 0.0000000000
458  6.234  -84.728  29.560 0.0000000000
467  7.363  -84.632  28.661 0.0000000000
468  6.832  -84.568  28.912 0.0000000000
138654  6.919  -84.167  26.688 0.0000000000
481  7.651  -83.866  27.091 0.0000000000
121858  8.277  -83.424  25.548 0.0000000000
541  4.908  -85.015  18.962 0.0000000000
540  5.434  -84.718  19.195 0.0000000000
550  5.037  -84.364  18.609 0.0000000000
1123  4.753  -82.499  17.132 0.0000000000
1464  5.191  -81.845  17.069 0.0000000000
1463  5.906  -81.126  16.919 0.0000000000
1475  5.423  -81.901  16.219 0.0000000000
1474  6.152  -81.557  15.974 0.0000000000
1483  5.797  -82.271  15.422 0.0000000000
1152  4.319  -82.336  13.961 0.0000000000
1143  5.023  -82.530  14.010 0.0000000000
1151  4.956  -82.065  13.694 0.0000000000
1860  5.333  -81.486  13.332 0.0000000000
1493  3.937  -81.441  13.781 0.0000000000
3034  0.759  -77.347  16.302 0.0000000000
2559  1.310  -78.101  16.706 0.0000000000
127109  -0.036  -77.738  16.297 0.0000000000
2571  -2.304  -79.042  14.596 0.0000000000
2563  -1.790  -78.789  15.864 0.0000000000
2179  -1.976  -79.200  15.219 0.0000000000
2180  -1.962  -79.613  15.101 0.0000000000
1865  -2.470  -79.517  13.924 0.0000000000
13859  -0.059  -60.453  33.290 0.0000000000
12480  0.242  -61.281  32.356 0.0000000000
13153  -0.184  -61.106  32.039 0.0000000000
129654  -1.036  -61.731  30.469 0.0000000000
12502  -0.801  -62.257  30.841 0.0000000000
139737  -1.042  -63.953  30.011 0.0000000000
121366  -1.092  -63.499  29.395 0.0000000000
8383  9.717  -68.111  23.505 0.0000000000
9070  8.913  -67.332  23.162 0.0000000000
9072  6.178  -66.925  23.015 0.0000000000
9080  6.367  -67.432  22.510 0.0000000000
9081  5.468  -67.474  22.753 0.0000000000
129212  4.442  -68.518  22.461 0.0000000000
8394  4.655  -67.876  22.913 0.0000000000
9753  6.996  -66.181  25.660 0.0000000000
9048  6.304  -66.762  25.652 0.0000000000
8361  3.710  -68.793  25.764 0.0000000000
138822  4.830  -67.906  25.189 0.0000000000
123309  3.683  -68.578  24.899 0.0000000000
7700  3.135  -68.884  24.312 0.0000000000
7701  2.484  -69.363  24.594 0.0000000000
7714  1.952  -69.832  24.021 0.0000000000
7690  1.844  -69.893  24.988 0.0000000000
6991  1.318  -70.325  26.786 0.0000000000
139634  1.214  -70.364  26.127 0.0000000000
6992  0.545  -70.763  26.363 0.0000000000
121373  -0.829  -71.628  26.417 0.0000000000
6982  -0.492  -71.407  27.057 0.0000000000
135086  7.615  -51.443  31.653 0.0000000000
21214  6.799  -51.418  31.692 0.0000000000
137010  7.792  -49.825  30.706 0.0000000000
23137  7.192  -50.256  30.891 0.0000000000
138491  6.534  -49.686  31.103 0.0000000000
25068  9.420  -47.723  30.261 0.0000000000
25070  7.607  -47.381  30.697 0.0000000000
27011  5.241  -44.682  32.548 0.0000000000
138921  -0.054  -70.840  35.153 0.0000000000
7540  -0.178  -70.063  36.943 0.0000000000
7498  1.128  -69.509  39.710 0.0000000000
122008  0.583  -69.656  38.947 0.0000000000
139942  1.000  -69.675  38.358 0.0000000000
7526  0.932  -69.684  37.557 0.0000000000
7525  1.793  -69.580  38.175 0.0000000000
121064  1.973  -69.620  37.374 0.0000000000
8854  2.645  -68.030  39.555 0.0000000000
8196  2.784  -68.518  38.802 0.0000000000
8864  2.816  -67.737  38.650 0.0000000000
9594  2.394  -67.095  39.015 0.0000000000
18535  9.192  -53.951  40.890 0.0000000000
18534  9.876  -54.113  40.600 0.0000000000
20187  11.104  -51.932  39.371 0.0000000000
20177  9.964  -52.574  40.287 0.0000000000
129389  10.481  -52.135  39.793 0.0000000000
116943  9.877  -52.153  39.918 0.0000000000
21097  10.485  -51.771  39.553 0.0000000000
116695  10.822  -51.209  38.991 0.0000000000
116824  11.323  -51.353  38.966 0.0000000000
20227  13.428  -52.496  37.077 0.0000000000
21116  12.706  -51.807  37.544 0.0000000000
117779  13.326  -52.661  36.310 0.0000000000
133361  14.173  -54.579  32.825 0.0000000000
116758  13.852  -54.544  31.912 0.0000000000
116664  14.816  -55.198  30.162 0.0000000000
133398  16.919  -53.840  29.150 0.0000000000
74  2.969  -85.503  27.258 0.0000000000
72  4.194  -86.025  26.491 0.0000000000
84  3.774  -85.643  25.930 0.0000000000
220  4.035  -86.002  24.467 0.0000000000
103  4.371  -86.460  23.771 0.0000000000
110  4.674  -86.955  23.225 0.0000000000
233  4.439  -86.028  22.936 0.0000000000
728  4.044  -83.862  24.070 0.0000000000
374  4.172  -84.962  21.385 0.0000000000
375  3.846  -84.873  20.425 0.0000000000
134173  3.505  -84.524  20.668 0.0000000000
535  2.022  -84.018  19.738 0.0000000000
392  1.989  -84.232  19.442 0.0000000000
398  2.693  -84.324  18.580 0.0000000000
399  2.035  -84.335  18.801 0.0000000000
4729  -2.791  -74.674  12.375 0.0000000000
4728  -2.558  -74.786  11.372 0.0000000000
136814  -2.514  -74.112  10.928 0.0000000000
5329  -0.781  -73.372  10.257 0.0000000000
141037  0.112  -73.098  11.573 0.0000000000
126564  16.164  -43.805  28.458 0.0000000000
125191  15.393  -43.760  28.370 0.0000000000
31201  15.692  -41.784  28.066 0.0000000000
136428  15.075  -41.427  27.922 0.0000000000
31202  14.353  -41.506  27.995 0.0000000000
2955  7.377  -77.405  22.661 0.0000000000
2493  7.526  -78.011  22.489 0.0000000000
2513  7.742  -77.674  21.831 0.0000000000
4029  7.199  -76.144  19.744 0.0000000000
139720  7.314  -77.116  20.313 0.0000000000
140294  6.555  -76.728  19.282 0.0000000000
125838  6.014  -77.521  19.160 0.0000000000
3507  5.739  -76.829  18.626 0.0000000000
5234  6.787  -73.461  18.990 0.0000000000
4652  7.345  -74.231  19.346 0.0000000000
4653  6.541  -74.381  18.927 0.0000000000
4675  3.775  -74.400  17.142 0.0000000000
119188  4.496  -74.612  17.728 0.0000000000
4063  4.142  -75.368  17.531 0.0000000000
123052  4.545  -76.158  17.810 0.0000000000
4064  3.418  -75.384  17.034 0.0000000000
3032  2.383  -76.549  16.664 0.0000000000
4076  2.686  -75.532  16.561 0.0000000000
4702  -0.093  -74.273  15.314 0.0000000000
4090  0.415  -74.853  15.288 0.0000000000
4091  -0.482  -75.192  15.234 0.0000000000
3535  -1.105  -75.969  15.227 0.0000000000
128246  -1.422  -75.504  15.340 0.0000000000
7741  6.896  -69.628  21.548 0.0000000000
7063  5.360  -69.997  21.023 0.0000000000
6420  3.273  -71.953  20.676 0.0000000000
6419  3.844  -71.326  20.465 0.0000000000
127743  3.525  -71.659  19.922 0.0000000000
6438  3.110  -71.710  19.196 0.0000000000
5200  0.240  -73.197  22.139 0.0000000000
5210  0.937  -73.068  21.686 0.0000000000
120054  0.290  -73.766  21.419 0.0000000000
4654  -0.556  -75.015  19.574 0.0000000000
133898  0.565  -73.900  19.121 0.0000000000
5247  1.083  -73.243  18.733 0.0000000000
5248  0.233  -73.492  18.119 0.0000000000
5263  -0.487  -73.696  17.273 0.0000000000
4676  -1.023  -74.505  17.742 0.0000000000
4067  -2.872  -76.062  17.401 0.0000000000
4079  -2.370  -75.625  16.915 0.0000000000
123369  -3.175  -76.031  16.514 0.0000000000
4093  -2.751  -75.925  15.642 0.0000000000
4109  -3.636  -75.088  15.208 0.0000000000
4713  -3.595  -74.455  14.319 0.0000000000
4714  -3.799  -74.706  14.945 0.0000000000
5890  -3.943  -72.599  15.305 0.0000000000
5897  -3.722  -72.658  14.179 0.0000000000
6521  -3.186  -71.894  13.344 0.0000000000
6511  -3.341  -71.512  14.215 0.0000000000
5841  -3.017  -72.341  18.341 0.0000000000
124288  -3.597  -72.871  17.848 0.0000000000
5859  -3.195  -72.037  17.536 0.0000000000
14606  5.253  -59.341  29.229 0.0000000000
13893  4.340  -60.466  28.945 0.0000000000
135164  4.173  -59.529  30.093 0.0000000000
15317  3.723  -58.630  32.034 0.0000000000
14585  3.494  -59.291  31.367 0.0000000000
14579  3.079  -59.267  32.306 0.0000000000
14586  2.786  -59.903  31.819 0.0000000000
131549  2.520  -59.784  32.521 0.0000000000
126774  4.126  -55.846  34.189 0.0000000000
16105  3.913  -56.550  33.601 0.0000000000
16949  3.461  -56.315  34.538 0.0000000000
16082  2.169  -57.390  34.840 0.0000000000
16094  2.416  -57.628  34.499 0.0000000000
117127  1.906  -58.027  34.685 0.0000000000
14556  1.900  -59.222  34.276 0.0000000000
15301  1.567  -58.708  34.652 0.0000000000
13846  1.023  -59.856  34.395 0.0000000000
15289  1.188  -58.425  34.801 0.0000000000
16936  0.985  -56.313  34.617 0.0000000000
16083  0.523  -57.687  34.651 0.0000000000
16963  0.119  -57.568  33.891 0.0000000000
16109  -0.038  -57.794  33.389 0.0000000000
16108  0.414  -56.994  33.600 0.0000000000
134810  5.430  -51.718  32.098 0.0000000000
21196  3.687  -51.709  33.067 0.0000000000
20283  3.849  -52.293  33.119 0.0000000000
20259  3.664  -52.561  34.518 0.0000000000
21163  3.034  -51.820  35.407 0.0000000000
24061  4.112  -48.583  33.850 0.0000000000
23099  3.514  -49.199  34.099 0.0000000000
22129  1.141  -50.687  35.686 0.0000000000
22115  1.766  -50.622  35.842 0.0000000000
21149  1.260  -51.318  36.215 0.0000000000
21148  2.118  -51.344  36.194 0.0000000000
20246  0.941  -52.247  36.504 0.0000000000
19421  0.788  -53.020  36.240 0.0000000000
20260  0.539  -52.576  35.517 0.0000000000
125195  13.538  -43.873  28.439 0.0000000000
134886  13.351  -44.570  28.614 0.0000000000
141731  12.015  -43.089  28.429 0.0000000000
29164  12.103  -43.754  28.525 0.0000000000
135623  11.521  -44.082  28.677 0.0000000000
28079  10.850  -43.965  28.799 0.0000000000
124382  11.033  -41.682  28.407 0.0000000000
30227  8.580  -42.635  29.056 0.0000000000
29140  9.216  -43.941  29.271 0.0000000000
136356  8.311  -43.824  29.535 0.0000000000
29142  6.744  -42.487  30.463 0.0000000000
28058  6.413  -42.949  30.947 0.0000000000
118150  5.326  -42.970  32.336 0.0000000000
282  3.080  -85.641  31.466 0.0000000000
137028  3.317  -85.404  30.287 0.0000000000
127424  2.362  -85.724  31.424 0.0000000000
660  0.086  -83.405  32.554 0.0000000000
272  0.094  -84.917  33.294 0.0000000000
168  -0.206  -85.800  30.329 0.0000000000
159  0.128  -85.716  31.325 0.0000000000
167  0.587  -86.035  30.477 0.0000000000
173  1.740  -86.251  29.600 0.0000000000
129107  0.955  -86.135  29.160 0.0000000000
183  1.602  -86.223  28.583 0.0000000000
184  0.730  -85.911  28.470 0.0000000000
328  0.022  -84.724  27.151 0.0000000000
204  0.709  -85.014  27.498 0.0000000000
213  0.542  -84.291  26.613 0.0000000000
340  1.461  -84.193  26.483 0.0000000000
496  0.895  -83.846  25.874 0.0000000000
134455  -2.289  -83.508  25.595 0.0000000000
484  -1.457  -84.339  26.108 0.0000000000
498  -1.720  -84.019  25.432 0.0000000000
1045  0.220  -82.629  23.617 0.0000000000
720  -0.438  -83.752  24.453 0.0000000000
1032  0.641  -82.972  24.511 0.0000000000
718  1.127  -83.330  25.321 0.0000000000
1031  1.464  -82.567  25.088 0.0000000000
1030  2.277  -82.272  25.470 0.0000000000
1364  1.842  -81.768  24.811 0.0000000000
1740  2.300  -80.296  23.720 0.0000000000
1729  2.813  -80.666  24.580 0.0000000000
1739  3.194  -80.105  24.207 0.0000000000
2082  3.777  -79.446  23.860 0.0000000000
137477  -2.727  -79.161  23.306 0.0000000000
135411  -3.014  -79.563  22.235 0.0000000000
2500  -3.041  -79.006  22.493 0.0000000000
3436  -2.977  -76.378  25.669 0.0000000000
3437  -3.476  -77.419  25.484 0.0000000000
3444  -2.979  -76.787  24.690 0.0000000000
2977  -0.798  -77.201  22.119 0.0000000000
2994  -0.809  -77.950  21.711 0.0000000000
126431  -1.105  -78.849  21.403 0.0000000000
2516  -0.281  -78.535  21.447 0.0000000000
2109  0.505  -78.664  21.571 0.0000000000
2993  0.789  -77.835  21.646 0.0000000000
3468  2.787  -76.748  22.046 0.0000000000
2974  2.582  -77.687  21.960 0.0000000000
2495  4.222  -77.948  22.775 0.0000000000
2957  6.048  -77.594  23.237 0.0000000000
2972  4.401  -77.115  22.548 0.0000000000
4005  4.331  -75.196  22.877 0.0000000000
4004  5.190  -75.526  22.921 0.0000000000
136890  5.704  -75.047  23.113 0.0000000000
3987  6.514  -74.899  23.234 0.0000000000
4602  5.674  -74.341  23.439 0.0000000000
5174  1.790  -73.602  24.819 0.0000000000
5189  2.104  -73.863  24.078 0.0000000000
5173  2.559  -73.401  24.593 0.0000000000
5741  5.390  -72.555  24.387 0.0000000000
5758  4.897  -73.006  24.141 0.0000000000
5757  5.721  -72.971  24.100 0.0000000000
5184  6.184  -73.609  23.792 0.0000000000
5756  6.701  -72.853  24.030 0.0000000000
6359  8.012  -71.642  24.488 0.0000000000
6358  9.087  -71.584  24.053 0.0000000000
7031  9.900  -71.077  23.705 0.0000000000
7018  8.982  -71.188  24.590 0.0000000000
5671  -0.448  -73.026  32.775 0.0000000000
5682  -0.332  -73.063  31.808 0.0000000000
5670  0.235  -72.575  32.334 0.0000000000
6284  2.238  -71.133  31.166 0.0000000000
6295  1.716  -71.652  30.753 0.0000000000
6294  2.326  -71.313  30.355 0.0000000000
6302  2.377  -71.474  29.521 0.0000000000
6293  2.940  -70.941  29.938 0.0000000000
117297  3.932  -69.616  33.074 0.0000000000
6926  3.381  -69.952  32.383 0.0000000000
7629  4.966  -69.765  29.815 0.0000000000
6942  4.158  -70.049  30.079 0.0000000000
6953  5.165  -69.956  28.935 0.0000000000
6966  4.529  -70.396  28.434 0.0000000000
6965  5.380  -70.229  28.002 0.0000000000
6978  6.042  -70.281  27.331 0.0000000000
6964  6.175  -69.955  27.972 0.0000000000
116409  8.671  -70.246  26.754 0.0000000000
7688  10.212  -70.217  25.396 0.0000000000
7699  10.789  -69.563  24.778 0.0000000000
7687  10.794  -69.640  25.765 0.0000000000
8332  11.250  -68.448  27.676 0.0000000000
8348  11.388  -68.735  26.046 0.0000000000
9047  11.698  -67.338  25.742 0.0000000000
9751  11.368  -66.376  25.380 0.0000000000
9029  11.862  -67.004  26.610 0.0000000000
133348  9.822  -67.963  31.133 0.0000000000
116854  10.351  -67.842  30.352 0.0000000000
10384  11.796  -65.340  29.395 0.0000000000
9703  11.830  -66.217  29.166 0.0000000000
10396  12.091  -65.434  28.305 0.0000000000
10408  11.970  -65.350  27.243 0.0000000000
11123  11.849  -64.536  27.679 0.0000000000
11136  11.007  -64.172  27.255 0.0000000000
11124  11.282  -63.802  28.076 0.0000000000
12513  9.665  -62.896  29.308 0.0000000000
11825  9.793  -63.014  28.255 0.0000000000
12520  9.288  -62.546  28.718 0.0000000000
12521  8.743  -62.161  28.644 0.0000000000
11006  0.526  -63.886  39.392 0.0000000000
11007  0.175  -64.333  39.912 0.0000000000
141521  0.578  -64.444  39.316 0.0000000000
11019  1.216  -64.907  38.108 0.0000000000
11030  1.351  -64.379  37.705 0.0000000000
16874  5.078  -56.950  40.247 0.0000000000
16861  4.629  -56.580  40.877 0.0000000000
16016  4.477  -57.267  40.471 0.0000000000
13782  3.119  -60.572  39.033 0.0000000000
14472  2.758  -59.469  40.124 0.0000000000
120859  2.579  -60.309  39.717 0.0000000000
14485  2.060  -59.977  40.297 0.0000000000
13783  1.919  -60.802  39.968 0.0000000000
13076  1.722  -61.729  39.533 0.0000000000
13093  2.283  -61.979  38.733 0.0000000000
12445  2.540  -63.010  36.064 0.0000000000
12446  1.978  -63.488  36.707 0.0000000000
11742  2.156  -63.795  36.058 0.0000000000
11044  2.115  -64.505  36.189 0.0000000000
10348  3.453  -64.550  35.172 0.0000000000
10343  4.125  -65.058  35.130 0.0000000000
11059  4.158  -64.384  34.652 0.0000000000
133468  5.322  -63.880  33.668 0.0000000000
116670  5.548  -63.275  33.269 0.0000000000
11789  6.322  -63.659  32.936 0.0000000000
12490  6.162  -62.846  32.645 0.0000000000
14541  5.929  -59.958  35.547 0.0000000000
13856  5.697  -60.582  34.286 0.0000000000
13878  6.287  -61.005  32.090 0.0000000000
13871  6.084  -60.887  32.674 0.0000000000
13163  6.443  -61.605  31.995 0.0000000000
12499  6.635  -62.355  32.025 0.0000000000
13162  7.223  -61.597  31.244 0.0000000000
12508  7.946  -62.060  30.773 0.0000000000
13170  7.922  -61.300  30.456 0.0000000000
14591  7.223  -58.920  30.067 0.0000000000
141622  7.892  -60.256  29.657 0.0000000000
13892  7.724  -59.887  29.260 0.0000000000
13898  7.667  -60.397  28.867 0.0000000000
14604  6.877  -59.006  29.162 0.0000000000
15355  6.502  -58.573  29.586 0.0000000000
16990  6.587  -56.778  31.360 0.0000000000
16137  5.889  -56.929  31.180 0.0000000000
16991  6.227  -56.310  31.500 0.0000000000
142018  7.501  -54.853  33.453 0.0000000000
18645  7.305  -55.198  32.934 0.0000000000
18636  7.111  -54.640  33.524 0.0000000000
18637  6.304  -54.599  33.835 0.0000000000
119277  6.620  -51.459  34.611 0.0000000000
133435  10.810  -50.751  37.897 0.0000000000
133332  10.792  -50.138  37.231 0.0000000000
23060  10.950  -49.926  36.165 0.0000000000
128920  10.208  -50.135  36.298 0.0000000000
22114  10.094  -50.304  35.505 0.0000000000
125614  12.892  -51.222  32.900 0.0000000000
22140  12.156  -50.748  34.164 0.0000000000
22139  12.503  -50.981  33.466 0.0000000000
140650  11.023  -50.354  33.835 0.0000000000
23097  10.875  -50.193  34.394 0.0000000000
22126  10.042  -50.238  34.826 0.0000000000
126627  9.328  -50.235  33.985 0.0000000000
22162  9.118  -50.423  33.401 0.0000000000
22144  7.867  -50.751  33.477 0.0000000000
21191  8.225  -51.546  32.095 0.0000000000
22192  10.717  -50.945  30.691 0.0000000000
135246  10.316  -50.262  30.442 0.0000000000
22209  13.371  -50.197  30.265 0.0000000000
24113  13.881  -49.087  29.391 0.0000000000
23148  12.742  -49.791  30.183 0.0000000000
24114  13.353  -48.326  29.344 0.0000000000
25090  15.218  -47.679  28.722 0.0000000000
26075  15.252  -46.684  28.652 0.0000000000
141755  19.718  -50.768  29.610 0.0000000000
24112  19.849  -48.860  29.311 0.0000000000
24124  19.010  -48.869  28.817 0.0000000000
25086  19.408  -48.247  29.058 0.0000000000
136782  19.704  -46.110  29.715 0.0000000000
26061  18.957  -46.548  29.111 0.0000000000
124184  18.324  -47.254  28.775 0.0000000000
126454  17.529  -47.111  28.648 0.0000000000
26072  17.934  -46.516  28.776 0.0000000000
27041  17.447  -45.843  28.748 0.0000000000
121892  16.991  -45.153  28.688 0.0000000000
28075  16.557  -44.451  28.583 0.0000000000
30213  17.866  -42.154  29.135 0.0000000000
311  8.904  -84.147  27.151 0.0000000000
324  8.709  -85.178  26.608 0.0000000000
490  9.516  -83.954  26.166 0.0000000000
1092  9.702  -82.146  20.552 0.0000000000
1101  9.193  -82.237  19.388 0.0000000000
1450  9.551  -81.422  18.189 0.0000000000
209  5.411  -86.507  25.139 0.0000000000
199  5.208  -86.209  25.981 0.0000000000
726  7.143  -84.111  23.092 0.0000000000
513  6.930  -84.550  23.814 0.0000000000
1040  8.074  -83.146  23.625 0.0000000000
764  6.179  -83.307  19.507 0.0000000000
758  6.378  -83.933  20.291 0.0000000000
1094  6.808  -82.737  20.280 0.0000000000
1786  8.208  -80.578  20.256 0.0000000000
1093  7.467  -81.911  20.666 0.0000000000
1410  8.175  -81.158  20.869 0.0000000000
1409  8.785  -80.857  21.701 0.0000000000
1768  8.824  -80.347  20.977 0.0000000000
1767  9.511  -80.372  21.582 0.0000000000
2107  9.530  -79.850  20.821 0.0000000000
2156  9.906  -79.396  17.459 0.0000000000
2141  10.049  -79.577  18.571 0.0000000000
117243  10.322  -79.941  17.179 0.0000000000
116981  10.301  -80.539  17.027 0.0000000000
1471  11.129  -80.751  15.662 0.0000000000
1491  7.838  -81.884  13.590 0.0000000000
1498  7.289  -81.622  12.697 0.0000000000
142205  6.972  -78.599  21.528 0.0000000000
2090  6.225  -79.567  22.178 0.0000000000
2123  6.346  -79.077  21.449 0.0000000000
1800  4.338  -80.023  19.921 0.0000000000
1787  4.971  -79.884  20.909 0.0000000000
137799  3.865  -80.711  20.048 0.0000000000
2160  1.490  -79.537  17.155 0.0000000000
1822  2.016  -80.176  17.507 0.0000000000
1454  1.361  -81.515  18.392 0.0000000000
1453  1.993  -81.213  18.458 0.0000000000
1442  1.917  -81.772  19.038 0.0000000000
1441  2.706  -81.556  19.405 0.0000000000
1105  1.556  -82.493  19.437 0.0000000000
1097  2.009  -82.952  19.971 0.0000000000
121280  0.930  -82.640  19.212 0.0000000000
555  0.021  -83.143  17.690 0.0000000000
545  0.352  -83.382  18.407 0.0000000000
136654  0.624  -83.255  17.102 0.0000000000
572  1.212  -83.348  17.015 0.0000000000
131199  1.083  -82.819  16.556 0.0000000000
3592  -1.443  -75.866  10.643 0.0000000000
3581  -1.873  -76.474  11.292 0.0000000000
3580  -1.228  -76.533  10.984 0.0000000000
3568  1.364  -76.506  13.175 0.0000000000
3073  -0.292  -77.729  12.583 0.0000000000
3063  0.258  -78.365  13.462 0.0000000000
2599  -0.663  -79.068  13.102 0.0000000000
128020  0.783  -78.623  13.705 0.0000000000
3603  2.369  -75.944  10.564 0.0000000000
3590  2.002  -76.813  10.753 0.0000000000
2627  0.553  -79.625  10.959 0.0000000000
2626  0.991  -78.971  12.181 0.0000000000
2229  0.650  -79.858  12.348 0.0000000000
2214  0.673  -79.815  13.562 0.0000000000
120596  0.485  -80.481  13.798 0.0000000000
1503  0.413  -81.135  13.882 0.0000000000
1873  0.390  -81.230  12.791 0.0000000000
1526  1.084  -81.758  11.410 0.0000000000
1172  0.751  -82.251  12.045 0.0000000000
827  1.492  -83.153  12.952 0.0000000000
591  1.496  -82.629  14.333 0.0000000000
826  2.275  -82.850  13.072 0.0000000000
140253  2.470  -82.578  13.674 0.0000000000
1160  2.348  -82.693  12.534 0.0000000000
122927  3.638  -80.795  11.086 0.0000000000
1880  3.290  -81.291  11.784 0.0000000000
2228  3.746  -80.531  12.148 0.0000000000
2196  3.700  -80.170  13.254 0.0000000000
13179  4.000  -61.825  28.942 0.0000000000
12515  4.275  -62.761  28.987 0.0000000000
12516  3.373  -62.469  29.273 0.0000000000
11107  3.122  -64.752  29.915 0.0000000000
118759  3.783  -64.415  29.602 0.0000000000
10388  3.608  -65.340  29.821 0.0000000000
10387  4.140  -66.006  29.636 0.0000000000
10376  3.236  -66.298  30.212 0.0000000000
11069  0.296  -64.203  31.896 0.0000000000
11096  1.112  -64.171  31.511 0.0000000000
10355  0.332  -64.912  31.907 0.0000000000
8266  0.604  -68.097  31.631 0.0000000000
8959  1.187  -67.205  31.526 0.0000000000
8978  1.559  -67.818  31.311 0.0000000000
8281  2.427  -67.893  30.782 0.0000000000
8301  1.699  -69.168  30.102 0.0000000000
7630  1.955  -69.474  29.223 0.0000000000
7631  1.084  -69.809  29.726 0.0000000000
7634  -1.090  -69.966  29.447 0.0000000000
6957  -1.030  -70.526  29.422 0.0000000000
6971  -1.811  -70.693  28.463 0.0000000000
6312  -1.810  -71.019  28.042 0.0000000000
7668  -2.021  -69.789  27.081 0.0000000000
9050  -2.005  -66.999  25.669 0.0000000000
9064  -2.269  -67.837  25.180 0.0000000000
7702  -2.499  -68.943  24.571 0.0000000000
132636  -2.766  -68.765  23.803 0.0000000000
7715  -2.891  -68.959  23.069 0.0000000000
8386  -2.763  -68.291  23.363 0.0000000000
11826  8.500  -63.106  27.978 0.0000000000
11126  7.821  -64.139  27.703 0.0000000000
11827  7.448  -63.459  28.109 0.0000000000
131703  6.465  -63.715  28.313 0.0000000000
11128  5.880  -64.765  28.504 0.0000000000
26062  13.103  -46.915  29.224 0.0000000000
26063  12.251  -46.950  29.414 0.0000000000
27044  12.753  -45.722  28.979 0.0000000000
1726  5.398  -80.523  25.084 0.0000000000
1362  5.581  -81.013  25.069 0.0000000000
1361  6.163  -80.482  24.476 0.0000000000
1738  6.286  -80.543  23.907 0.0000000000
1754  6.052  -80.213  22.965 0.0000000000
6398  9.613  -71.502  21.274 0.0000000000
6415  9.081  -71.895  20.542 0.0000000000
135864  8.992  -70.943  20.805 0.0000000000
7075  7.974  -70.667  20.377 0.0000000000
7076  6.910  -70.378  20.151 0.0000000000
5745  -1.129  -72.393  24.372 0.0000000000
5762  -1.600  -73.096  23.995 0.0000000000
5176  -2.425  -73.353  24.234 0.0000000000
5177  -2.807  -73.397  24.175 0.0000000000
5203  -3.267  -73.629  23.217 0.0000000000
137143  -3.294  -73.213  22.460 0.0000000000
5774  -3.186  -72.678  22.952 0.0000000000
6390  -2.983  -71.630  22.532 0.0000000000
7068  -2.682  -70.865  21.773 0.0000000000
130403  6.187  -52.973  35.261 0.0000000000
128662  5.514  -53.284  35.658 0.0000000000
20257  5.284  -51.852  35.085 0.0000000000
20272  4.873  -51.831  34.550 0.0000000000
26023  4.210  -46.232  33.468 0.0000000000
4526  -1.912  -75.194  29.520 0.0000000000
4543  -1.536  -74.598  28.285 0.0000000000
4542  -0.858  -74.013  27.902 0.0000000000
5148  -0.180  -73.686  27.346 0.0000000000
5136  -0.496  -73.538  28.585 0.0000000000
5127  -0.267  -73.270  29.452 0.0000000000
5700  0.465  -72.757  29.590 0.0000000000
7522  3.959  -69.029  36.934 0.0000000000
7535  4.313  -69.294  36.310 0.0000000000
8214  4.557  -68.805  36.412 0.0000000000
7551  5.517  -69.031  35.310 0.0000000000
8239  6.202  -68.905  34.587 0.0000000000
8238  6.917  -68.511  34.132 0.0000000000
123836  6.454  -68.068  34.611 0.0000000000
9642  6.320  -67.066  34.268 0.0000000000
9643  5.659  -66.444  34.614 0.0000000000
116422  7.449  -55.437  38.912 0.0000000000
116796  7.652  -56.376  38.254 0.0000000000
116421  7.288  -57.274  37.845 0.0000000000
133734  7.751  -56.815  37.358 0.0000000000
16917  7.916  -56.635  36.520 0.0000000000
16916  8.496  -55.934  36.190 0.0000000000
18590  9.486  -54.453  36.515 0.0000000000
19481  14.889  -54.136  29.234 0.0000000000
136250  14.740  -53.241  29.293 0.0000000000
140545  15.273  -53.121  28.837 0.0000000000
20317  15.141  -52.533  28.961 0.0000000000
21237  14.999  -51.633  29.283 0.0000000000
125988  16.384  -52.232  28.530 0.0000000000
122141  5.455  -84.542  29.307 0.0000000000
475  6.662  -84.380  28.321 0.0000000000
476  5.617  -84.598  28.553 0.0000000000
124924  5.970  -84.649  27.635 0.0000000000
483  6.201  -84.764  26.730 0.0000000000
131543  3.686  -84.267  18.372 0.0000000000
773  4.495  -83.849  18.084 0.0000000000
560  3.858  -83.980  17.914 0.0000000000
1124  4.221  -82.877  16.755 0.0000000000
1131  4.303  -82.893  15.783 0.0000000000
1136  5.089  -82.707  15.369 0.0000000000
1137  4.441  -83.014  14.949 0.0000000000
1144  4.437  -82.727  14.373 0.0000000000
3041  -0.961  -76.735  15.452 0.0000000000
126501  -0.869  -77.696  15.970 0.0000000000
3043  -1.932  -77.451  15.130 0.0000000000
2584  -2.341  -78.291  14.417 0.0000000000
2618  -2.657  -78.547  12.976 0.0000000000
14580  -0.380  -59.155  32.728 0.0000000000
13867  -0.385  -60.519  32.211 0.0000000000
14588  -0.615  -60.097  31.413 0.0000000000
141550  9.440  -66.074  23.626 0.0000000000
117942  8.937  -66.338  23.355 0.0000000000
9772  8.364  -65.990  23.550 0.0000000000
9773  7.437  -66.306  23.464 0.0000000000
9766  6.915  -66.379  24.142 0.0000000000
9015  5.945  -66.911  27.263 0.0000000000
121090  5.762  -67.123  26.362 0.0000000000
9032  4.825  -68.096  26.913 0.0000000000
8349  4.315  -68.438  26.354 0.0000000000
7679  3.096  -69.254  26.050 0.0000000000
7689  2.466  -69.531  25.504 0.0000000000
125229  2.503  -69.605  26.284 0.0000000000
117832  2.112  -69.816  26.925 0.0000000000
7665  1.526  -70.083  27.805 0.0000000000
22194  8.829  -50.862  30.749 0.0000000000
23136  8.478  -49.992  30.593 0.0000000000
130366  8.193  -49.108  30.614 0.0000000000
26051  9.260  -46.939  30.107 0.0000000000
26053  7.714  -46.504  30.509 0.0000000000
129781  7.333  -45.552  30.447 0.0000000000
27022  7.078  -44.676  30.405 0.0000000000
7484  1.655  -69.191  40.363 0.0000000000
7497  1.988  -69.303  39.602 0.0000000000
8179  2.340  -68.769  40.112 0.0000000000
8845  2.394  -67.986  40.596 0.0000000000
136116  2.094  -67.163  40.595 0.0000000000
138825  10.739  -53.151  39.728 0.0000000000
19360  12.179  -53.534  38.813 0.0000000000
19370  12.871  -52.902  38.584 0.0000000000
119285  12.548  -52.100  38.370 0.0000000000
20209  12.521  -51.603  38.068 0.0000000000
20208  13.161  -52.366  37.876 0.0000000000
20207  14.216  -53.178  37.213 0.0000000000
19402  14.098  -53.122  36.745 0.0000000000
133596  14.967  -55.537  30.842 0.0000000000
129500  2.414  -84.502  26.576 0.0000000000
352  3.291  -84.767  25.825 0.0000000000
351  3.681  -85.272  24.733 0.0000000000
360  3.810  -85.077  23.968 0.0000000000
1061  4.146  -82.729  22.650 0.0000000000
140935  4.089  -83.278  22.831 0.0000000000
1062  3.940  -83.381  22.132 0.0000000000
534  3.066  -83.990  20.304 0.0000000000
136888  -2.651  -72.555  11.178 0.0000000000
5330  -2.210  -73.133  10.233 0.0000000000
5962  -1.986  -72.526  9.973 0.0000000000
6574  -1.695  -71.883  10.135 0.0000000000
128855  16.666  -42.914  28.568 0.0000000000
124086  15.954  -43.099  28.324 0.0000000000
30221  16.278  -42.303  28.299 0.0000000000
3464  7.765  -76.539  22.402 0.0000000000
2991  7.936  -76.982  21.662 0.0000000000
3481  8.047  -76.270  21.376 0.0000000000
3489  7.785  -76.245  20.534 0.0000000000
124674  5.349  -72.856  18.285 0.0000000000
129275  5.298  -73.821  18.237 0.0000000000
5246  4.753  -73.275  17.914 0.0000000000
4684  2.182  -74.667  16.122 0.0000000000
5276  2.450  -73.544  16.260 0.0000000000
5294  1.058  -73.221  15.721 0.0000000000
5295  0.194  -73.386  15.620 0.0000000000
7743  4.854  -69.715  21.500 0.0000000000
7064  4.507  -70.336  21.133 0.0000000000
7065  3.801  -70.708  21.366 0.0000000000
6400  3.552  -71.387  21.068 0.0000000000
5801  2.563  -72.433  20.907 0.0000000000
4633  -0.796  -75.034  21.215 0.0000000000
5225  -0.044  -74.560  20.897 0.0000000000
4643  -0.571  -75.104  20.455 0.0000000000
4030  -1.236  -75.609  20.056 0.0000000000
4053  -1.350  -75.414  19.232 0.0000000000
4666  -1.581  -75.266  18.336 0.0000000000
4068  -3.566  -75.674  17.254 0.0000000000
5298  -4.051  -74.305  15.453 0.0000000000
5282  -4.195  -74.217  16.366 0.0000000000
5297  -4.116  -73.385  15.817 0.0000000000
5876  -3.961  -72.539  16.211 0.0000000000
6468  -1.788  -71.087  17.779 0.0000000000
118714  -2.630  -71.305  17.242 0.0000000000
7112  -2.065  -70.613  17.073 0.0000000000
15327  4.885  -58.261  31.011 0.0000000000
14593  4.352  -59.011  30.656 0.0000000000
16139  4.405  -58.075  31.684 0.0000000000
17770  3.466  -55.238  35.849 0.0000000000
16918  2.942  -55.727  35.738 0.0000000000
16919  2.474  -56.222  35.567 0.0000000000
16069  2.200  -57.037  35.017 0.0000000000
16071  1.534  -57.429  34.816 0.0000000000
16906  1.889  -56.164  35.721 0.0000000000
17749  1.314  -55.563  35.361 0.0000000000
18595  1.119  -54.986  35.481 0.0000000000
22182  5.229  -50.745  31.549 0.0000000000
22165  3.950  -50.826  32.723 0.0000000000
24054  2.257  -48.857  34.135 0.0000000000
23088  2.413  -49.667  34.882 0.0000000000
130187  9.805  -40.957  28.560 0.0000000000
126263  10.204  -41.627  28.508 0.0000000000
31207  9.445  -41.551  28.679 0.0000000000
124883  -0.572  -83.667  32.247 0.0000000000
661  -0.601  -84.274  32.534 0.0000000000
275  -0.573  -84.978  32.345 0.0000000000
276  -1.019  -84.882  31.649 0.0000000000
126783  -0.751  -85.350  30.993 0.0000000000
175  -0.282  -85.812  29.465 0.0000000000
185  -0.135  -85.642  28.628 0.0000000000
176  -0.721  -85.466  29.172 0.0000000000
194  -0.332  -85.207  27.924 0.0000000000
317  -0.493  -84.952  27.251 0.0000000000
732  -2.068  -82.924  23.530 0.0000000000
516  -1.836  -83.346  24.047 0.0000000000
744  -1.449  -83.064  22.803 0.0000000000
1046  -0.602  -83.046  23.058 0.0000000000
1379  0.636  -81.826  23.329 0.0000000000
1378  1.390  -81.417  23.922 0.0000000000
1395  1.051  -81.060  23.033 0.0000000000
1756  1.488  -80.300  22.949 0.0000000000
127072  -3.387  -78.408  24.534 0.0000000000
3982  -1.368  -75.464  24.661 0.0000000000
3443  -2.000  -76.121  24.173 0.0000000000
3990  -0.954  -75.798  23.738 0.0000000000
3471  -0.411  -76.619  22.421 0.0000000000
3482  1.042  -77.026  21.771 0.0000000000
135457  2.859  -76.080  22.289 0.0000000000
3467  3.578  -76.489  22.370 0.0000000000
4006  3.454  -75.552  22.656 0.0000000000
4622  3.662  -74.689  23.001 0.0000000000
5731  2.603  -72.444  25.811 0.0000000000
5744  2.983  -72.779  25.056 0.0000000000
5730  3.437  -72.055  25.560 0.0000000000
6346  4.144  -72.002  25.095 0.0000000000
6361  5.593  -72.061  24.842 0.0000000000
6360  6.419  -72.008  24.711 0.0000000000
6343  6.217  -71.550  25.147 0.0000000000
7006  6.814  -71.199  25.329 0.0000000000
6268  0.368  -71.735  33.685 0.0000000000
6276  0.652  -71.936  32.784 0.0000000000
6267  1.078  -71.280  33.233 0.0000000000
6275  1.397  -71.483  32.401 0.0000000000
6274  2.065  -70.955  32.023 0.0000000000
7600  5.534  -69.437  31.509 0.0000000000
7601  4.514  -69.624  31.546 0.0000000000
7612  5.622  -69.499  30.503 0.0000000000
7628  5.925  -69.619  29.577 0.0000000000
137386  6.563  -69.640  29.095 0.0000000000
7663  6.798  -70.015  27.585 0.0000000000
119451  9.418  -69.964  27.476 0.0000000000
7662  10.599  -69.635  26.845 0.0000000000
8333  10.442  -69.314  27.873 0.0000000000
135551  10.847  -68.719  28.420 0.0000000000
9680  9.356  -66.471  31.780 0.0000000000
8976  10.366  -67.212  30.943 0.0000000000
9679  10.103  -66.449  31.242 0.0000000000
10374  11.166  -65.429  30.222 0.0000000000
10385  11.347  -64.522  29.627 0.0000000000
121214  11.126  -63.773  28.960 0.0000000000
136217  10.672  -63.877  29.724 0.0000000000
141567  10.107  -63.402  29.724 0.0000000000
12506  9.097  -62.675  29.834 0.0000000000
11683  -0.454  -63.659  41.324 0.0000000000
12372  -0.485  -62.966  41.497 0.0000000000
12407  0.363  -62.658  40.432 0.0000000000
11706  0.767  -63.377  39.353 0.0000000000
16841  3.985  -56.584  41.990 0.0000000000
15256  4.881  -58.980  38.852 0.0000000000
15240  4.521  -58.509  39.573 0.0000000000
14499  4.467  -59.796  38.489 0.0000000000
13791  3.806  -60.480  38.448 0.0000000000
131730  3.339  -61.057  38.399 0.0000000000
13092  3.037  -61.776  38.010 0.0000000000
13107  3.403  -61.773  37.130 0.0000000000
13121  2.971  -62.325  36.552 0.0000000000
12464  3.001  -62.979  35.374 0.0000000000
11752  3.236  -63.395  34.975 0.0000000000
12463  3.715  -62.663  34.936 0.0000000000
13147  4.377  -62.658  34.178 0.0000000000
116733  4.961  -62.030  33.773 0.0000000000
14568  6.200  -59.967  33.639 0.0000000000
13870  6.702  -60.105  31.890 0.0000000000
13171  7.648  -60.534  30.477 0.0000000000
15326  6.705  -58.201  30.344 0.0000000000
16136  6.766  -57.437  31.124 0.0000000000
17779  8.280  -55.040  34.199 0.0000000000
18634  8.148  -54.612  34.154 0.0000000000
21161  8.280  -50.996  34.411 0.0000000000
116768  11.755  -50.434  36.897 0.0000000000
133407  11.137  -49.989  36.880 0.0000000000
142142  11.418  -50.109  36.329 0.0000000000
23059  11.423  -50.098  35.841 0.0000000000
23073  11.569  -50.309  35.282 0.0000000000
22159  12.333  -50.849  33.490 0.0000000000
22161  10.768  -50.675  33.131 0.0000000000
21189  10.364  -51.506  32.354 0.0000000000
21211  9.887  -51.935  31.726 0.0000000000
21223  11.253  -51.287  31.014 0.0000000000
138693  15.050  -49.993  29.206 0.0000000000
23146  14.365  -49.839  29.524 0.0000000000
27030  18.308  -45.816  29.010 0.0000000000
28054  18.258  -44.412  29.196 0.0000000000
703  9.506  -83.452  25.746 0.0000000000
489  9.714  -83.699  25.448 0.0000000000
713  9.817  -83.232  24.900 0.0000000000
724  10.269  -82.732  23.614 0.0000000000
740  10.209  -83.118  22.858 0.0000000000
750  10.227  -82.487  22.258 0.0000000000
1091  10.236  -81.702  21.317 0.0000000000
1423  10.268  -81.216  20.811 0.0000000000
226  5.505  -87.012  23.510 0.0000000000
127705  6.234  -85.865  24.088 0.0000000000
366  6.258  -85.801  22.822 0.0000000000
520  6.530  -84.980  22.431 0.0000000000
742  6.921  -84.127  22.106 0.0000000000
1451  6.386  -81.391  18.592 0.0000000000
1426  7.037  -81.929  19.946 0.0000000000
1439  7.022  -81.384  19.354 0.0000000000
1438  7.652  -80.686  19.542 0.0000000000
127506  8.276  -80.144  19.733 0.0000000000
1797  8.722  -79.588  19.519 0.0000000000
2131  8.584  -79.483  18.676 0.0000000000
2157  9.283  -79.314  17.401 0.0000000000
2168  9.763  -79.514  16.751 0.0000000000
1838  10.521  -80.347  15.202 0.0000000000
1839  9.722  -80.309  15.308 0.0000000000
1848  10.090  -80.536  14.366 0.0000000000
1858  9.332  -81.114  13.521 0.0000000000
1513  6.594  -81.250  12.452 0.0000000000
140196  7.194  -81.205  12.089 0.0000000000
2132  5.712  -78.784  19.885 0.0000000000
2124  5.703  -79.204  20.705 0.0000000000
2536  5.026  -78.879  19.289 0.0000000000
2133  4.602  -79.448  19.356 0.0000000000
2134  4.032  -79.765  18.983 0.0000000000
1824  -0.266  -80.645  17.375 0.0000000000
1823  0.881  -80.381  17.441 0.0000000000
141034  0.284  -81.132  17.730 0.0000000000
1455  0.467  -81.769  18.259 0.0000000000
1114  0.445  -82.427  18.782 0.0000000000
121180  -0.300  -82.324  18.028 0.0000000000
775  -0.535  -82.623  17.406 0.0000000000
799  -0.349  -82.332  16.161 0.0000000000
4137  0.533  -75.020  11.973 0.0000000000
4129  0.208  -75.966  11.684 0.0000000000
4128  0.997  -75.727  12.586 0.0000000000
4127  1.759  -75.893  12.856 0.0000000000
4126  2.119  -76.329  13.106 0.0000000000
3100  1.115  -77.442  8.668 0.0000000000
3091  1.273  -77.545  9.687 0.0000000000
135100  0.834  -78.126  8.992 0.0000000000
2633  0.596  -79.234  9.954 0.0000000000
1881  0.511  -80.460  11.163 0.0000000000
1527  0.562  -81.390  11.805 0.0000000000
1890  0.744  -80.409  10.447 0.0000000000
1535  1.448  -81.280  10.756 0.0000000000
1525  1.857  -81.947  11.385 0.0000000000
1524  2.672  -81.885  11.629 0.0000000000
1887  3.028  -80.937  10.263 0.0000000000
2236  4.010  -80.322  10.228 0.0000000000
13181  2.476  -61.555  29.807 0.0000000000
12517  2.608  -62.216  29.649 0.0000000000
12509  2.118  -62.752  30.065 0.0000000000
11809  2.258  -63.615  30.150 0.0000000000
11109  1.782  -64.128  30.765 0.0000000000
9669  -0.243  -65.675  31.410 0.0000000000
9667  0.297  -65.853  31.754 0.0000000000
9681  -0.176  -66.559  31.413 0.0000000000
121870  0.127  -67.886  31.741 0.0000000000
7602  -0.113  -69.126  31.281 0.0000000000
7615  -0.035  -69.771  30.914 0.0000000000
8284  -0.391  -68.973  30.934 0.0000000000
7633  -0.788  -69.373  29.590 0.0000000000
8323  -0.779  -69.062  28.885 0.0000000000
10422  10.079  -65.124  25.801 0.0000000000
9738  8.494  -65.525  25.607 0.0000000000
120474  8.868  -65.065  25.970 0.0000000000
9728  6.902  -65.795  26.869 0.0000000000
10397  7.118  -65.018  27.566 0.0000000000
10413  6.572  -65.711  27.470 0.0000000000
9729  6.264  -66.357  27.330 0.0000000000
9730  5.881  -66.700  27.788 0.0000000000
9001  5.230  -67.252  28.382 0.0000000000
9002  4.668  -67.645  28.659 0.0000000000
24103  10.649  -48.525  30.158 0.0000000000
25080  10.820  -47.673  29.995 0.0000000000
119079  10.900  -47.004  29.789 0.0000000000
133206  10.334  -45.756  29.486 0.0000000000
706  3.451  -83.383  25.594 0.0000000000
716  4.057  -82.949  25.328 0.0000000000
1029  4.577  -82.491  25.050 0.0000000000
1042  4.688  -82.514  24.301 0.0000000000
117247  4.567  -82.470  23.433 0.0000000000
1080  3.995  -82.142  21.874 0.0000000000
1412  3.582  -82.037  20.967 0.0000000000
4632  8.381  -74.458  20.588 0.0000000000
5221  8.886  -73.853  21.153 0.0000000000
5222  8.390  -73.484  20.155 0.0000000000
5233  7.624  -73.330  19.470 0.0000000000
5800  8.442  -72.481  20.045 0.0000000000
5816  7.679  -72.277  19.484 0.0000000000
5245  6.193  -72.491  18.687 0.0000000000
5854  3.900  -72.083  17.720 0.0000000000
6466  3.508  -71.713  18.048 0.0000000000
7048  1.749  -70.678  22.662 0.0000000000
6388  1.487  -71.474  22.329 0.0000000000
6389  0.760  -71.789  22.716 0.0000000000
5772  0.486  -72.542  22.387 0.0000000000
5201  -0.501  -73.649  22.344 0.0000000000
5190  -1.105  -73.472  23.276 0.0000000000
5202  -1.623  -74.354  22.799 0.0000000000
4634  -2.445  -75.520  21.606 0.0000000000
4020  -2.899  -75.825  21.212 0.0000000000
4043  -3.216  -75.529  20.052 0.0000000000
126160  -3.624  -74.475  18.607 0.0000000000
5237  -3.256  -73.968  19.413 0.0000000000
5821  -2.988  -73.060  19.604 0.0000000000
125722  -2.779  -72.512  19.083 0.0000000000
5820  -2.639  -72.327  19.886 0.0000000000
6452  -2.364  -71.947  18.750 0.0000000000
6439  -1.751  -71.443  18.534 0.0000000000
7098  -1.062  -70.948  18.370 0.0000000000
7110  -0.508  -70.388  18.292 0.0000000000
17809  5.365  -55.659  32.637 0.0000000000
121879  4.601  -56.101  32.979 0.0000000000
17793  4.870  -55.538  33.631 0.0000000000
17781  4.605  -55.251  34.690 0.0000000000
17769  4.193  -54.902  35.387 0.0000000000
18607  4.594  -54.359  35.635 0.0000000000
17757  3.829  -54.554  35.977 0.0000000000
19406  2.963  -53.759  36.915 0.0000000000
24095  4.735  -49.008  32.338 0.0000000000
24075  4.516  -48.196  33.352 0.0000000000
24062  3.723  -48.340  34.056 0.0000000000
26011  4.003  -46.690  33.787 0.0000000000
24063  2.815  -48.174  33.844 0.0000000000
32162  12.317  -40.885  28.267 0.0000000000
139037  11.775  -40.539  28.291 0.0000000000
32164  10.241  -40.242  28.487 0.0000000000
32166  8.220  -40.345  29.271 0.0000000000
980  -1.499  -83.024  29.258 0.0000000000
688  -1.966  -83.206  28.978 0.0000000000
689  -2.224  -83.616  28.525 0.0000000000
996  -2.135  -83.035  28.166 0.0000000000
698  -2.501  -83.324  26.852 0.0000000000
129180  -2.574  -83.152  26.006 0.0000000000
1022  -2.509  -82.633  25.520 0.0000000000
1033  -2.331  -82.646  24.647 0.0000000000
1047  -2.156  -82.494  23.691 0.0000000000
1066  -2.391  -82.214  22.288 0.0000000000
1416  -2.679  -81.449  21.858 0.0000000000
3965  -2.304  -75.599  26.147 0.0000000000
3955  -2.599  -75.696  27.730 0.0000000000
3954  -2.091  -75.259  27.052 0.0000000000
3975  -1.517  -75.193  25.543 0.0000000000
3974  -0.870  -74.973  25.092 0.0000000000
4593  0.675  -74.374  24.576 0.0000000000
5175  1.059  -73.838  25.038 0.0000000000
5167  1.435  -73.321  25.586 0.0000000000
5146  1.045  -73.030  26.422 0.0000000000
5724  1.819  -72.706  26.065 0.0000000000
5723  2.273  -72.156  26.561 0.0000000000
6321  2.799  -71.631  26.963 0.0000000000
126928  2.761  -71.489  27.724 0.0000000000
120291  1.881  -69.830  35.014 0.0000000000
6919  2.355  -70.200  33.577 0.0000000000
6909  2.540  -69.808  34.488 0.0000000000
7583  3.178  -69.706  34.004 0.0000000000
7582  4.468  -69.585  33.849 0.0000000000
7570  4.882  -69.623  34.675 0.0000000000
7591  4.827  -69.533  33.164 0.0000000000
125865  5.992  -69.486  32.431 0.0000000000
120908  7.024  -69.327  31.187 0.0000000000
134216  7.934  -69.120  31.284 0.0000000000
8298  8.745  -69.066  30.170 0.0000000000
133280  8.862  -68.242  32.203 0.0000000000
116687  9.398  -67.975  31.751 0.0000000000
8252  7.754  -68.246  33.356 0.0000000000
133469  8.591  -67.797  32.641 0.0000000000
117605  9.052  -67.378  32.175 0.0000000000
10353  8.521  -66.360  32.220 0.0000000000
10363  8.753  -65.543  31.796 0.0000000000
10364  8.370  -64.768  31.789 0.0000000000
17702  5.800  -55.436  41.309 0.0000000000
17712  5.836  -55.590  40.687 0.0000000000
16860  5.407  -56.228  40.537 0.0000000000
16027  5.573  -57.530  39.606 0.0000000000
16872  6.579  -56.409  39.506 0.0000000000
16888  6.309  -57.251  39.194 0.0000000000
16045  5.207  -58.238  39.183 0.0000000000
15255  5.583  -58.682  38.457 0.0000000000
116795  5.198  -60.198  36.801 0.0000000000
134594  5.404  -60.337  35.986 0.0000000000
116419  5.934  -59.731  36.386 0.0000000000
15287  6.424  -59.348  35.537 0.0000000000
15286  6.877  -58.591  35.647 0.0000000000
15299  6.838  -58.766  34.599 0.0000000000
16103  7.462  -57.022  33.215 0.0000000000
16091  7.623  -56.813  34.005 0.0000000000
16948  7.916  -56.139  34.029 0.0000000000
17767  8.706  -55.452  35.413 0.0000000000
17766  8.720  -54.975  34.868 0.0000000000
20280  13.124  -51.981  32.805 0.0000000000
123808  13.196  -51.406  32.144 0.0000000000
22189  13.935  -50.735  30.454 0.0000000000
22207  14.841  -50.687  29.453 0.0000000000
129889  17.169  -49.074  28.591 0.0000000000
304  7.918  -84.422  28.195 0.0000000000
473  8.748  -83.881  27.077 0.0000000000
134079  7.372  -84.169  27.800 0.0000000000
697  8.349  -83.751  27.008 0.0000000000
696  8.740  -83.627  26.622 0.0000000000
704  8.990  -83.309  25.959 0.0000000000
714  9.036  -82.981  25.114 0.0000000000
1027  8.921  -82.613  24.313 0.0000000000
129057  5.036  -85.755  20.203 0.0000000000
381  5.533  -85.536  20.355 0.0000000000
134358  5.938  -84.184  19.528 0.0000000000
772  5.129  -83.473  18.278 0.0000000000
1103  5.733  -82.872  18.747 0.0000000000
1111  5.932  -82.092  18.459 0.0000000000
1452  5.778  -81.542  17.809 0.0000000000
1841  7.885  -80.880  15.468 0.0000000000
1842  6.988  -81.319  15.674 0.0000000000
1492  6.500  -82.429  13.881 0.0000000000
1135  5.696  -82.606  14.480 0.0000000000
1142  5.712  -82.345  13.563 0.0000000000
1499  6.354  -81.967  12.968 0.0000000000
1514  5.918  -81.558  12.768 0.0000000000
2185  5.068  -79.718  14.394 0.0000000000
128675  3.178  -77.870  17.277 0.0000000000
2553  3.480  -78.534  17.562 0.0000000000
3026  2.031  -78.048  16.853 0.0000000000
2555  1.822  -78.741  16.984 0.0000000000
2556  0.982  -78.868  16.907 0.0000000000
2561  -0.407  -78.438  16.467 0.0000000000
2161  0.068  -79.096  16.827 0.0000000000
141403  -0.454  -79.532  16.921 0.0000000000
2163  -1.247  -80.269  16.932 0.0000000000
1835  -1.756  -80.199  15.725 0.0000000000
141999  -1.757  -80.136  14.906 0.0000000000
2243  3.309  -79.379  8.636 0.0000000000
13152  1.207  -61.212  33.073 0.0000000000
12494  0.725  -62.483  31.936 0.0000000000
12485  0.664  -62.279  31.943 0.0000000000
12486  0.393  -62.033  31.860 0.0000000000
11791  -0.123  -63.383  31.456 0.0000000000
13159  -0.362  -61.735  31.399 0.0000000000
11801  -0.712  -63.351  30.813 0.0000000000
11097  -0.688  -64.408  30.889 0.0000000000
121202  -0.764  -64.733  30.750 0.0000000000
10378  -0.670  -65.408  30.480 0.0000000000
7711  9.817  -69.179  23.284 0.0000000000
7726  9.191  -69.338  22.792 0.0000000000
138631  8.489  -68.689  22.654 0.0000000000
7728  6.278  -69.095  21.865 0.0000000000
9079  7.261  -67.469  22.511 0.0000000000
8392  6.757  -68.296  22.162 0.0000000000
7729  5.193  -68.967  21.992 0.0000000000
7730  4.332  -69.279  22.089 0.0000000000
7731  3.596  -69.475  22.301 0.0000000000
7732  2.866  -69.654  22.667 0.0000000000
9752  7.907  -65.955  25.311 0.0000000000
121018  6.778  -66.557  25.051 0.0000000000
9062  5.533  -67.144  24.165 0.0000000000
9049  5.514  -67.346  25.237 0.0000000000
9063  4.890  -67.608  24.419 0.0000000000
9074  5.024  -67.428  23.534 0.0000000000
8385  4.358  -67.907  23.759 0.0000000000
125827  3.321  -68.754  23.619 0.0000000000
7032  2.138  -69.965  23.084 0.0000000000
7033  1.441  -70.372  23.494 0.0000000000
7034  0.785  -70.820  23.917 0.0000000000
6362  0.115  -71.287  24.330 0.0000000000
125090  1.089  -70.384  25.442 0.0000000000
7022  0.568  -70.753  24.782 0.0000000000
6347  -0.087  -71.251  25.186 0.0000000000
6348  -0.775  -71.643  25.695 0.0000000000
5732  -1.412  -71.684  25.264 0.0000000000
5725  -1.730  -71.368  25.240 0.0000000000
21215  5.840  -51.341  31.777 0.0000000000
23128  5.723  -49.757  31.425 0.0000000000
24104  9.729  -48.711  30.318 0.0000000000
24106  7.899  -48.186  30.699 0.0000000000
128722  5.486  -47.853  31.814 0.0000000000
26041  5.983  -46.448  31.327 0.0000000000
26042  5.310  -45.825  32.141 0.0000000000
26994  4.863  -45.209  33.031 0.0000000000
116826  4.917  -43.469  32.829 0.0000000000
121971  -0.023  -71.354  34.522 0.0000000000
6911  0.525  -70.697  34.727 0.0000000000
7572  1.118  -70.184  34.865 0.0000000000
129340  -0.184  -69.785  38.857 0.0000000000
7527  -0.272  -70.070  37.614 0.0000000000
7539  0.419  -69.788  36.810 0.0000000000
117743  0.735  -69.808  36.108 0.0000000000
124944  1.232  -69.843  35.515 0.0000000000
133043  2.121  -69.638  36.595 0.0000000000
7537  2.819  -69.531  37.081 0.0000000000
7512  2.380  -69.240  38.753 0.0000000000
7511  2.996  -68.934  38.108 0.0000000000
7523  3.309  -69.216  37.409 0.0000000000
8206  3.509  -68.683  37.503 0.0000000000
8874  3.564  -67.862  37.469 0.0000000000
9604  3.174  -66.825  37.137 0.0000000000
17700  7.457  -54.940  41.963 0.0000000000
18525  7.950  -54.437  41.494 0.0000000000
132052  7.731  -53.929  41.025 0.0000000000
19354  8.049  -53.473  40.687 0.0000000000
19351  9.925  -52.991  40.389 0.0000000000
19364  7.858  -53.604  39.896 0.0000000000
116961  8.342  -53.150  39.377 0.0000000000
116424  8.910  -52.767  38.842 0.0000000000
133324  9.053  -53.236  37.897 0.0000000000
116655  9.571  -52.191  38.418 0.0000000000
21117  12.055  -50.924  37.812 0.0000000000
133269  12.238  -51.007  37.171 0.0000000000
116702  12.082  -50.808  36.472 0.0000000000
116661  12.557  -52.129  35.514 0.0000000000
135815  12.641  -52.514  34.677 0.0000000000
18603  15.222  -54.136  35.628 0.0000000000
19428  14.082  -53.635  34.829 0.0000000000
133322  13.032  -53.210  34.229 0.0000000000
116694  13.106  -53.119  33.197 0.0000000000
134345  13.444  -53.888  31.798 0.0000000000
133374  14.174  -54.529  30.369 0.0000000000
133406  14.622  -54.553  29.730 0.0000000000
19490  15.500  -54.241  28.994 0.0000000000
19489  16.144  -53.831  28.769 0.0000000000
191  3.727  -86.020  27.603 0.0000000000
190  4.200  -86.089  27.302 0.0000000000
201  4.183  -86.051  26.827 0.0000000000
71  4.540  -86.348  26.042 0.0000000000
81  5.107  -87.004  25.024 0.0000000000
95  4.000  -86.037  25.038 0.0000000000
94  4.427  -86.607  24.451 0.0000000000
101  5.034  -87.224  23.727 0.0000000000
109  5.135  -87.038  22.913 0.0000000000
231  5.160  -86.576  22.280 0.0000000000
240  4.931  -86.107  21.756 0.0000000000
717  3.869  -83.725  25.025 0.0000000000
504  3.760  -84.487  24.478 0.0000000000
743  4.082  -83.898  22.992 0.0000000000
141389  4.119  -84.596  22.737 0.0000000000
127827  4.166  -85.215  23.050 0.0000000000
117246  4.338  -85.335  22.281 0.0000000000
241  4.554  -85.768  21.996 0.0000000000
373  4.955  -85.921  20.904 0.0000000000
382  4.534  -85.430  20.293 0.0000000000
141619  3.868  -84.863  19.626 0.0000000000
397  3.410  -84.416  18.831 0.0000000000
552  2.972  -84.269  17.938 0.0000000000
561  2.401  -84.048  17.331 0.0000000000
119874  -2.587  -75.695  13.530 0.0000000000
3570  -2.557  -76.185  12.458 0.0000000000
4140  -2.583  -75.519  11.921 0.0000000000
4139  -2.117  -75.610  11.075 0.0000000000
4147  -1.197  -75.322  10.151 0.0000000000
4749  -1.871  -74.185  9.992 0.0000000000
4156  -1.042  -74.681  9.868 0.0000000000
4727  -0.075  -74.471  11.410 0.0000000000
4726  0.522  -74.081  11.745 0.0000000000
5314  0.728  -73.388  11.485 0.0000000000
28077  14.929  -44.487  28.479 0.0000000000
125196  14.461  -43.656  28.357 0.0000000000
136037  14.449  -42.842  28.187 0.0000000000
120898  14.034  -42.269  28.131 0.0000000000
2474  6.783  -78.885  23.804 0.0000000000
2079  6.882  -79.167  23.672 0.0000000000
2494  7.160  -78.865  22.956 0.0000000000
2514  7.439  -78.361  22.089 0.0000000000
3000  7.704  -77.340  21.200 0.0000000000
118833  6.813  -77.879  20.287 0.0000000000
2534  6.236  -78.133  19.762 0.0000000000
3014  5.311  -77.605  18.589 0.0000000000
3015  4.583  -77.687  18.077 0.0000000000
4039  7.872  -74.847  19.935 0.0000000000
4040  7.128  -75.204  19.330 0.0000000000
4662  5.794  -74.502  18.535 0.0000000000
4051  5.579  -75.320  18.402 0.0000000000
3499  6.046  -76.013  18.714 0.0000000000
135452  5.304  -76.109  18.250 0.0000000000
3023  4.193  -76.962  17.656 0.0000000000
3024  3.310  -77.012  17.170 0.0000000000
3522  1.402  -76.524  16.161 0.0000000000
4078  0.963  -75.637  15.714 0.0000000000
3534  -0.344  -76.103  15.434 0.0000000000
3537  -2.290  -75.840  14.837 0.0000000000
7740  8.106  -69.944  21.781 0.0000000000
7061  7.445  -70.175  21.066 0.0000000000
6435  6.148  -70.537  19.751 0.0000000000
7078  4.875  -70.400  20.632 0.0000000000
6417  5.354  -70.492  19.900 0.0000000000
6436  4.972  -70.913  19.391 0.0000000000
6449  4.503  -71.167  18.904 0.0000000000
6451  2.978  -71.706  18.412 0.0000000000
5839  2.307  -72.047  18.015 0.0000000000
6402  2.028  -72.040  21.660 0.0000000000
5785  1.747  -72.801  21.240 0.0000000000
5802  2.134  -72.973  20.269 0.0000000000
5224  0.640  -74.073  20.554 0.0000000000
140193  1.580  -73.365  20.081 0.0000000000
133708  1.703  -73.057  19.406 0.0000000000
5840  1.694  -72.502  18.370 0.0000000000
136910  1.761  -72.275  17.551 0.0000000000
5875  0.826  -72.650  16.572 0.0000000000
5279  -0.446  -73.492  16.243 0.0000000000
5280  -1.087  -74.205  15.880 0.0000000000
4677  -1.713  -75.071  17.310 0.0000000000
4687  -1.667  -74.892  16.354 0.0000000000
4688  -1.594  -74.988  15.680 0.0000000000
136077  -2.158  -75.704  15.620 0.0000000000
121240  -2.547  -75.723  14.344 0.0000000000
4120  -3.078  -74.784  13.761 0.0000000000
4722  -2.991  -74.560  13.187 0.0000000000
127532  -3.091  -74.017  12.930 0.0000000000
5307  -3.845  -74.188  14.732 0.0000000000
5309  -3.500  -73.476  13.490 0.0000000000
5312  -3.135  -73.258  12.671 0.0000000000
5912  -3.035  -72.427  12.564 0.0000000000
6531  -2.824  -71.582  12.464 0.0000000000
5860  -3.769  -72.598  17.055 0.0000000000
118717  -3.744  -71.936  15.772 0.0000000000
6484  -2.815  -70.801  16.398 0.0000000000
13187  5.454  -61.159  28.387 0.0000000000
13188  4.565  -61.147  28.645 0.0000000000
134468  3.877  -61.079  29.001 0.0000000000
13894  3.545  -60.520  29.449 0.0000000000
130806  3.628  -59.687  30.532 0.0000000000
13887  3.143  -60.274  30.181 0.0000000000
13895  2.754  -60.925  29.880 0.0000000000
13888  2.497  -60.655  30.571 0.0000000000
13873  1.648  -60.854  32.817 0.0000000000
16106  3.493  -57.470  33.213 0.0000000000
16093  2.832  -56.829  34.803 0.0000000000
16107  2.785  -58.012  33.848 0.0000000000
13864  2.058  -60.090  33.193 0.0000000000
13865  1.485  -60.543  33.555 0.0000000000
13866  1.194  -60.757  33.664 0.0000000000
13847  0.545  -60.050  34.153 0.0000000000
14558  -0.061  -59.867  34.028 0.0000000000
15279  0.588  -58.037  34.767 0.0000000000
15291  0.226  -58.308  34.613 0.0000000000
141758  -0.358  -59.238  33.325 0.0000000000
138383  -0.221  -58.420  32.891 0.0000000000
121282  5.469  -51.678  32.843 0.0000000000
20281  4.712  -51.966  33.370 0.0000000000
136531  4.182  -52.560  33.878 0.0000000000
20282  4.191  -52.274  33.110 0.0000000000
20273  3.971  -52.757  34.330 0.0000000000
19432  3.810  -52.831  35.289 0.0000000000
19419  3.234  -53.088  36.178 0.0000000000
19420  2.312  -52.973  36.625 0.0000000000
23098  3.941  -49.593  33.500 0.0000000000
22145  3.384  -50.599  33.898 0.0000000000
23076  2.688  -50.120  35.327 0.0000000000
123079  3.046  -50.698  35.064 0.0000000000
19407  2.059  -53.571  37.038 0.0000000000
20231  1.197  -53.473  36.808 0.0000000000
18608  0.896  -54.290  35.478 0.0000000000
18609  0.990  -54.989  34.911 0.0000000000
17782  0.928  -55.348  34.263 0.0000000000
16979  0.869  -56.373  32.933 0.0000000000
124508  12.761  -44.930  28.764 0.0000000000
123376  12.060  -44.501  28.697 0.0000000000
28056  9.743  -44.686  29.336 0.0000000000
31205  11.896  -41.699  28.365 0.0000000000
30224  11.391  -42.527  28.453 0.0000000000
29166  10.486  -43.096  28.699 0.0000000000
29139  10.051  -43.904  29.022 0.0000000000
117306  7.287  -43.476  29.951 0.0000000000
134252  6.935  -43.905  30.355 0.0000000000
451  5.209  -84.744  30.217 0.0000000000
289  4.622  -85.140  30.756 0.0000000000
452  4.526  -84.817  30.244 0.0000000000
461  4.436  -84.856  29.616 0.0000000000
299  3.848  -85.079  29.937 0.0000000000
308  3.217  -85.836  29.366 0.0000000000
121798  1.848  -86.027  33.624 0.0000000000
149  1.384  -85.916  32.889 0.0000000000
283  0.079  -85.391  32.379 0.0000000000
119390  0.816  -85.723  32.128 0.0000000000
136591  1.714  -85.876  31.159 0.0000000000
165  2.136  -85.914  30.597 0.0000000000
181  3.212  -86.155  28.298 0.0000000000
192  2.373  -86.129  28.030 0.0000000000
127325  2.164  -85.562  27.605 0.0000000000
202  2.232  -85.100  27.230 0.0000000000
130308  0.416  -85.390  27.968 0.0000000000
203  1.406  -85.073  27.415 0.0000000000
132300  2.324  -84.926  26.923 0.0000000000
495  1.847  -83.624  25.924 0.0000000000
319  -1.859  -84.620  27.615 0.0000000000
329  -0.778  -84.632  26.545 0.0000000000
353  -0.449  -84.055  25.608 0.0000000000
515  -1.205  -83.744  24.273 0.0000000000
506  -0.483  -83.922  25.101 0.0000000000
497  0.178  -83.949  25.933 0.0000000000
708  0.846  -83.822  25.692 0.0000000000
1019  2.626  -82.899  25.765 0.0000000000
1351  2.987  -82.169  25.666 0.0000000000
1350  3.560  -81.816  25.554 0.0000000000
1713  4.006  -81.203  25.404 0.0000000000
1377  2.145  -81.037  24.363 0.0000000000
1728  3.578  -80.623  24.985 0.0000000000
1727  4.571  -80.455  25.148 0.0000000000
139011  5.128  -80.082  25.007 0.0000000000
2072  4.739  -79.662  24.624 0.0000000000
2476  5.345  -79.036  24.226 0.0000000000
1744  -2.274  -80.819  22.654 0.0000000000
1774  -2.830  -80.862  21.989 0.0000000000
137429  -2.083  -80.176  21.244 0.0000000000
3445  -3.486  -77.802  24.829 0.0000000000
2951  -3.217  -77.675  24.126 0.0000000000
2960  -2.912  -77.720  23.296 0.0000000000
2961  -3.006  -78.423  22.918 0.0000000000
2517  -2.077  -78.462  21.853 0.0000000000
121086  -2.093  -79.372  21.423 0.0000000000
2111  -1.173  -79.695  21.270 0.0000000000
2093  0.537  -79.527  21.713 0.0000000000
2092  1.281  -79.650  22.258 0.0000000000
2498  1.868  -78.981  22.162 0.0000000000
2992  1.630  -77.692  21.766 0.0000000000
118093  2.571  -78.532  22.370 0.0000000000
2091  3.191  -78.982  22.958 0.0000000000
2487  3.995  -78.701  23.233 0.0000000000
2486  4.852  -78.442  23.533 0.0000000000
2485  5.749  -78.367  23.718 0.0000000000
2484  6.543  -78.318  23.617 0.0000000000
2956  6.851  -77.520  23.122 0.0000000000
3449  6.247  -76.757  22.895 0.0000000000
3448  7.176  -76.490  22.823 0.0000000000
4003  7.720  -75.848  22.646 0.0000000000
4619  8.107  -75.044  22.783 0.0000000000
4606  1.770  -74.339  23.701 0.0000000000
4605  3.237  -74.209  23.371 0.0000000000
4604  3.971  -74.146  23.374 0.0000000000
5172  3.336  -73.200  24.361 0.0000000000
5186  4.419  -73.630  23.799 0.0000000000
4603  4.726  -74.196  23.453 0.0000000000
4601  6.606  -74.207  23.496 0.0000000000
134528  8.788  -74.213  22.600 0.0000000000
5199  8.515  -73.533  23.307 0.0000000000
5198  9.284  -73.363  22.576 0.0000000000
5770  9.684  -72.582  22.470 0.0000000000
6374  7.174  -72.157  24.340 0.0000000000
6373  8.528  -72.067  23.976 0.0000000000
6386  9.965  -71.736  22.474 0.0000000000
6385  9.965  -71.244  22.018 0.0000000000
6371  10.084  -70.936  22.827 0.0000000000
7725  10.097  -70.320  22.990 0.0000000000
5692  -0.147  -73.087  30.867 0.0000000000
5691  0.639  -72.574  30.462 0.0000000000
6286  0.933  -72.049  31.886 0.0000000000
5690  1.301  -72.095  30.415 0.0000000000
5699  1.174  -72.311  29.775 0.0000000000
125677  1.709  -71.975  29.179 0.0000000000
5705  2.383  -71.606  28.512 0.0000000000
6310  3.218  -71.137  28.246 0.0000000000
6936  2.865  -70.496  31.636 0.0000000000
6934  3.946  -69.935  30.865 0.0000000000
6943  3.471  -70.434  30.369 0.0000000000
6967  3.761  -70.663  28.755 0.0000000000
6980  3.923  -70.748  27.934 0.0000000000
6319  4.180  -70.870  27.124 0.0000000000
6990  5.158  -70.617  26.991 0.0000000000
120387  6.138  -70.642  26.460 0.0000000000
7005  7.441  -70.918  25.716 0.0000000000
116815  7.585  -70.240  27.053 0.0000000000
116408  8.044  -70.590  26.245 0.0000000000
129077  8.450  -70.875  25.440 0.0000000000
7003  9.605  -70.707  25.049 0.0000000000
7017  10.391  -70.204  24.444 0.0000000000
7710  10.261  -69.769  23.371 0.0000000000
8382  10.387  -68.979  23.724 0.0000000000
8369  10.844  -68.832  24.297 0.0000000000
8370  10.286  -67.925  24.060 0.0000000000
130178  11.360  -67.970  25.193 0.0000000000
9060  10.482  -66.861  24.222 0.0000000000
9763  10.698  -66.165  24.674 0.0000000000
10429  10.871  -65.761  25.287 0.0000000000
10421  10.983  -65.287  25.987 0.0000000000
116790  9.647  -68.570  30.399 0.0000000000
116412  10.226  -68.529  29.654 0.0000000000
9000  11.459  -67.714  28.388 0.0000000000
8975  10.865  -67.007  30.192 0.0000000000
9714  11.543  -67.003  29.032 0.0000000000
9013  11.928  -66.815  27.473 0.0000000000
9737  11.961  -66.077  26.709 0.0000000000
123359  11.685  -65.466  26.518 0.0000000000
10410  10.262  -64.704  26.402 0.0000000000
11137  9.612  -64.082  27.048 0.0000000000
11816  10.534  -63.332  28.434 0.0000000000
11837  9.472  -63.256  27.765 0.0000000000
9575  1.149  -65.773  40.439 0.0000000000
10278  0.076  -64.699  40.469 0.0000000000
10290  0.522  -65.015  39.862 0.0000000000
9585  1.858  -66.337  39.240 0.0000000000
9595  2.045  -66.290  38.417 0.0000000000
9605  2.451  -66.300  37.601 0.0000000000
9621  2.630  -65.749  36.668 0.0000000000
14458  0.600  -59.763  41.857 0.0000000000
16848  4.568  -56.227  41.534 0.0000000000
16849  4.055  -56.702  41.400 0.0000000000
16017  3.103  -57.894  40.937 0.0000000000
137299  3.915  -58.758  39.828 0.0000000000
15241  3.308  -58.693  40.267 0.0000000000
15217  2.298  -58.252  41.330 0.0000000000
15232  1.900  -58.949  41.090 0.0000000000
14457  1.263  -59.311  41.442 0.0000000000
13759  0.402  -60.503  41.402 0.0000000000
13061  0.684  -61.616  40.620 0.0000000000
13077  1.076  -62.071  40.021 0.0000000000
12416  1.158  -63.125  38.970 0.0000000000
13108  2.325  -62.470  37.819 0.0000000000
12432  1.817  -63.162  37.550 0.0000000000
11728  1.230  -63.949  38.082 0.0000000000
11045  1.710  -64.450  36.939 0.0000000000
10329  2.494  -65.114  36.130 0.0000000000
139644  3.587  -65.884  35.950 0.0000000000
9632  4.119  -65.844  35.566 0.0000000000
9644  4.904  -65.832  35.025 0.0000000000
9656  5.414  -65.559  34.275 0.0000000000
11068  4.252  -63.725  34.276 0.0000000000
10349  5.280  -64.914  34.050 0.0000000000
116416  5.841  -65.231  33.728 0.0000000000
139290  7.028  -65.156  32.940 0.0000000000
11093  7.099  -64.260  32.501 0.0000000000
11092  7.842  -64.363  31.966 0.0000000000
116660  5.066  -61.089  34.803 0.0000000000
12492  5.367  -62.091  33.241 0.0000000000
13863  5.861  -60.742  33.466 0.0000000000
116417  5.579  -61.502  33.321 0.0000000000
12491  5.665  -62.463  32.984 0.0000000000
11797  7.583  -63.557  31.780 0.0000000000
11091  8.433  -63.926  31.360 0.0000000000
11808  8.087  -62.983  31.023 0.0000000000
12507  8.580  -62.380  30.319 0.0000000000
12514  8.755  -62.025  29.522 0.0000000000
13884  8.088  -60.906  29.755 0.0000000000
13178  8.441  -61.342  29.224 0.0000000000
13184  8.203  -61.401  28.774 0.0000000000
13185  7.406  -61.033  28.502 0.0000000000
13186  6.457  -61.058  28.317 0.0000000000
13900  6.006  -60.338  28.428 0.0000000000
14617  5.627  -59.729  28.735 0.0000000000
15356  5.760  -58.679  29.599 0.0000000000
15341  6.138  -58.177  30.160 0.0000000000
15342  5.343  -58.490  30.321 0.0000000000
138363  5.695  -56.419  31.606 0.0000000000
16119  7.352  -56.789  32.302 0.0000000000
16989  7.091  -56.328  31.772 0.0000000000
17791  7.556  -55.690  32.972 0.0000000000
17806  7.208  -55.786  32.301 0.0000000000
17825  6.591  -55.855  31.838 0.0000000000
17808  6.126  -55.404  32.370 0.0000000000
17792  5.770  -55.113  33.199 0.0000000000
19431  6.858  -53.429  35.307 0.0000000000
21175  7.078  -51.190  33.136 0.0000000000
116814  9.767  -52.957  37.372 0.0000000000
19403  10.034  -52.449  36.934 0.0000000000
21131  10.214  -50.384  36.986 0.0000000000
20228  10.045  -51.602  36.501 0.0000000000
20241  9.862  -51.836  35.610 0.0000000000
136423  12.363  -50.890  33.980 0.0000000000
23084  11.341  -50.234  34.857 0.0000000000
22141  11.681  -50.507  34.167 0.0000000000
23085  10.749  -50.120  34.969 0.0000000000
21160  9.174  -51.034  34.654 0.0000000000
22143  8.661  -50.467  33.659 0.0000000000
22128  8.240  -50.680  33.975 0.0000000000
21225  9.381  -51.533  31.213 0.0000000000
132467  12.407  -50.336  30.579 0.0000000000
24102  11.258  -49.225  30.188 0.0000000000
25078  12.828  -47.626  29.394 0.0000000000
25077  13.638  -47.515  29.148 0.0000000000
125491  13.765  -46.807  29.027 0.0000000000
116682  19.025  -51.853  29.311 0.0000000000
133389  18.849  -51.607  28.859 0.0000000000
116759  18.863  -50.750  28.759 0.0000000000
141293  19.145  -50.114  28.874 0.0000000000
23160  18.612  -49.725  28.652 0.0000000000
23161  17.737  -49.559  28.552 0.0000000000
24125  17.964  -48.770  28.606 0.0000000000
25076  19.267  -47.506  29.069 0.0000000000
25089  16.749  -47.403  28.553 0.0000000000
26074  16.208  -46.627  28.537 0.0000000000
124385  15.764  -45.914  28.543 0.0000000000
124384  15.363  -45.205  28.535 0.0000000000
335  8.345  -85.853  25.619 0.0000000000
123177  8.798  -85.480  24.994 0.0000000000
125922  9.696  -84.219  25.447 0.0000000000
347  9.460  -84.759  24.609 0.0000000000
337  5.738  -85.563  25.890 0.0000000000
122478  6.780  -84.618  25.197 0.0000000000
349  6.615  -84.999  24.384 0.0000000000
503  7.386  -84.069  24.778 0.0000000000
1059  8.923  -81.863  23.128 0.0000000000
532  6.165  -84.963  20.693 0.0000000000
753  6.659  -84.102  21.225 0.0000000000
752  7.229  -83.294  21.736 0.0000000000
1078  7.393  -82.569  21.236 0.0000000000
1060  8.027  -82.388  22.248 0.0000000000
1393  8.772  -81.391  22.375 0.0000000000
133089  9.432  -81.359  22.772 0.0000000000
1752  9.999  -80.594  22.044 0.0000000000
1751  10.141  -80.495  21.565 0.0000000000
1784  10.287  -80.075  20.258 0.0000000000
2129  9.866  -79.493  19.501 0.0000000000
1796  10.218  -79.762  19.505 0.0000000000
1449  9.979  -80.633  18.531 0.0000000000
1461  9.863  -80.951  17.662 0.0000000000
1846  11.565  -80.806  14.155 0.0000000000
1849  8.290  -81.349  14.531 0.0000000000
137371  8.585  -81.482  13.778 0.0000000000
2089  6.758  -79.554  23.007 0.0000000000
1769  5.410  -80.051  21.934 0.0000000000
1770  4.725  -80.675  21.563 0.0000000000
1811  3.328  -80.176  18.550 0.0000000000
1813  1.651  -80.878  17.935 0.0000000000
1812  2.508  -80.666  18.210 0.0000000000
1802  2.983  -80.838  19.043 0.0000000000
1440  3.331  -81.125  19.769 0.0000000000
1428  3.049  -81.927  20.194 0.0000000000
1096  2.680  -82.629  20.184 0.0000000000
536  1.284  -83.684  19.524 0.0000000000
1106  0.549  -82.930  19.123 0.0000000000
544  0.747  -83.762  19.130 0.0000000000
393  1.313  -84.169  18.989 0.0000000000
553  1.464  -84.151  18.238 0.0000000000
139563  1.894  -83.646  16.996 0.0000000000
571  2.432  -83.337  16.709 0.0000000000
3075  -2.561  -77.137  12.186 0.0000000000
3074  -2.598  -77.721  12.182 0.0000000000
2629  -2.239  -77.976  12.047 0.0000000000
3080  -0.854  -77.209  11.510 0.0000000000
2628  -1.336  -77.986  11.892 0.0000000000
2616  -1.736  -78.695  12.400 0.0000000000
2600  -1.530  -79.423  13.097 0.0000000000
138351  -1.293  -79.842  13.701 0.0000000000
1863  -1.520  -79.962  14.215 0.0000000000
3070  2.080  -77.401  13.017 0.0000000000
3086  1.429  -77.763  10.836 0.0000000000
3079  1.489  -78.012  12.069 0.0000000000
2597  1.146  -78.437  13.520 0.0000000000
2197  0.732  -79.095  13.718 0.0000000000
2198  0.402  -79.790  14.127 0.0000000000
1504  -0.933  -80.477  14.950 0.0000000000
812  -0.864  -81.764  15.995 0.0000000000
1145  0.154  -81.637  15.358 0.0000000000
589  0.311  -82.297  15.843 0.0000000000
1515  0.420  -81.841  12.611 0.0000000000
822  0.882  -82.457  13.906 0.0000000000
588  0.910  -82.177  15.381 0.0000000000
581  1.335  -82.388  15.885 0.0000000000
587  1.736  -82.360  15.113 0.0000000000
586  2.402  -82.374  15.163 0.0000000000
809  2.636  -82.386  14.309 0.0000000000
819  2.933  -82.178  13.787 0.0000000000
120950  2.987  -81.873  13.197 0.0000000000
123467  3.074  -81.743  12.439 0.0000000000
1502  3.368  -81.526  13.265 0.0000000000
1861  3.625  -80.758  13.664 0.0000000000
2195  4.084  -79.914  14.070 0.0000000000
2235  4.534  -79.576  9.894 0.0000000000
11830  5.234  -62.936  28.716 0.0000000000
11829  5.601  -63.848  28.720 0.0000000000
11117  5.188  -64.621  28.922 0.0000000000
123975  3.633  -63.433  29.392 0.0000000000
10386  5.222  -65.405  28.865 0.0000000000
138028  4.762  -65.887  29.195 0.0000000000
9706  4.634  -66.536  29.356 0.0000000000
9003  4.018  -68.110  29.009 0.0000000000
11800  1.113  -63.089  31.378 0.0000000000
11095  1.215  -64.575  31.366 0.0000000000
11094  1.916  -65.227  30.907 0.0000000000
135921  0.895  -66.459  31.676 0.0000000000
10365  1.717  -66.342  31.247 0.0000000000
139799  2.469  -66.605  30.753 0.0000000000
9694  2.883  -67.091  30.597 0.0000000000
8989  3.664  -67.826  29.719 0.0000000000
8299  3.274  -68.503  29.268 0.0000000000
8321  2.732  -69.165  28.660 0.0000000000
7647  2.022  -69.638  28.433 0.0000000000
7666  0.744  -70.436  28.438 0.0000000000
7632  0.164  -70.182  30.202 0.0000000000
6968  -0.151  -70.950  28.723 0.0000000000
129093  -0.701  -71.374  28.101 0.0000000000
6323  -1.434  -71.394  27.266 0.0000000000
129635  -1.923  -70.755  26.234 0.0000000000
6995  -2.056  -70.476  25.698 0.0000000000
8338  0.073  -67.849  28.430 0.0000000000
8339  -0.455  -68.507  28.222 0.0000000000
8340  -1.197  -69.190  27.827 0.0000000000
9745  -1.619  -66.868  25.847 0.0000000000
117763  -1.490  -68.504  26.687 0.0000000000
8341  -1.748  -69.139  27.051 0.0000000000
7681  -2.071  -69.277  26.300 0.0000000000
7691  -2.241  -69.458  25.310 0.0000000000
7023  -2.560  -70.403  24.193 0.0000000000
7035  -2.742  -70.460  23.494 0.0000000000
7734  -2.809  -69.771  22.833 0.0000000000
7744  -2.345  -69.430  21.516 0.0000000000
8411  -2.077  -68.637  21.269 0.0000000000
7763  -0.132  -70.342  19.699 0.0000000000
7776  0.035  -69.845  18.832 0.0000000000
65  2.959  -85.999  27.816 0.0000000000
73  3.755  -85.713  26.599 0.0000000000
82  4.826  -86.754  25.328 0.0000000000
93  4.905  -87.107  24.574 0.0000000000
140  1.079  -85.699  33.440 0.0000000000
141  0.413  -85.299  33.138 0.0000000000
158  1.715  -85.760  32.045 0.0000000000
166  1.363  -86.082  30.460 0.0000000000
174  1.013  -86.119  29.847 0.0000000000
186  -0.912  -85.256  28.531 0.0000000000
210  5.054  -86.504  25.647 0.0000000000
211  3.240  -85.027  26.277 0.0000000000
291  2.912  -85.438  30.879 0.0000000000
302  -1.864  -84.600  29.369 0.0000000000
315  4.480  -85.571  28.020 0.0000000000
323  9.142  -84.351  26.742 0.0000000000
330  -1.676  -84.511  26.749 0.0000000000
341  0.835  -84.158  26.390 0.0000000000
350  5.786  -86.567  24.213 0.0000000000
359  6.062  -86.380  23.432 0.0000000000
389  5.231  -85.305  19.653 0.0000000000
440  -0.411  -84.735  32.743 0.0000000000
441  -0.864  -84.541  32.160 0.0000000000
450  5.789  -84.794  30.040 0.0000000000
460  5.023  -84.560  29.759 0.0000000000
462  -2.023  -84.186  29.933 0.0000000000
463  -2.117  -84.197  29.050 0.0000000000
469  6.091  -84.491  29.168 0.0000000000
471  -2.129  -84.291  28.329 0.0000000000
474  8.500  -84.234  27.613 0.0000000000
477  -2.275  -84.041  27.861 0.0000000000
480  9.167  -83.957  26.781 0.0000000000
492  6.505  -84.727  25.908 0.0000000000
505  0.135  -83.779  25.391 0.0000000000
507  -1.111  -84.134  25.043 0.0000000000
508  -1.730  -83.674  24.673 0.0000000000
510  10.173  -83.248  24.246 0.0000000000
551  4.398  -84.428  18.508 0.0000000000
562  1.702  -83.950  17.487 0.0000000000
563  0.941  -83.659  17.622 0.0000000000
564  0.322  -83.313  17.333 0.0000000000
565  -0.247  -83.007  17.101 0.0000000000
573  0.592  -82.978  16.727 0.0000000000
574  -0.367  -82.764  16.740 0.0000000000
580  2.054  -82.582  15.964 0.0000000000
582  0.675  -82.541  16.195 0.0000000000
662  -1.072  -84.016  31.967 0.0000000000
673  -0.924  -83.467  31.518 0.0000000000
674  -1.320  -83.859  31.332 0.0000000000
693  -2.361  -83.445  27.679 0.0000000000
709  -2.504  -83.037  25.232 0.0000000000
721  -2.201  -83.088  24.422 0.0000000000
729  -0.174  -83.390  23.935 0.0000000000
731  -1.643  -83.236  23.462 0.0000000000
733  -2.238  -82.390  22.909 0.0000000000
766  0.786  -83.344  19.255 0.0000000000
767  0.253  -83.164  18.931 0.0000000000
781  3.975  -83.492  17.333 0.0000000000
783  -0.788  -82.517  16.933 0.0000000000
790  -0.779  -82.329  16.559 0.0000000000
791  -1.199  -82.072  16.723 0.0000000000
797  3.920  -82.851  14.792 0.0000000000
798  3.510  -82.817  15.708 0.0000000000
801  -1.376  -81.919  16.497 0.0000000000
810  0.769  -82.064  15.003 0.0000000000
811  -0.065  -82.077  15.682 0.0000000000
818  3.852  -82.448  14.204 0.0000000000
820  1.928  -82.871  13.682 0.0000000000
821  1.203  -82.922  13.599 0.0000000000
823  0.688  -81.947  14.839 0.0000000000
828  0.892  -82.907  13.045 0.0000000000
1006  -2.331  -82.900  27.357 0.0000000000
1017  4.259  -82.348  25.365 0.0000000000
1037  10.175  -82.232  23.523 0.0000000000
1038  9.971  -82.168  23.716 0.0000000000
1039  9.420  -82.219  23.767 0.0000000000
1048  -2.331  -82.111  23.013 0.0000000000
1065  -1.993  -82.517  22.142 0.0000000000
1067  -2.569  -81.893  22.375 0.0000000000
1076  10.330  -81.747  22.055 0.0000000000
1082  -2.586  -82.070  21.965 0.0000000000
1083  -2.724  -81.876  22.048 0.0000000000
1115  0.123  -82.644  18.576 0.0000000000
1116  -0.728  -82.269  17.586 0.0000000000
1117  -1.124  -81.972  17.315 0.0000000000
1132  -1.381  -82.002  16.514 0.0000000000
1139  -1.586  -81.965  16.279 0.0000000000
1146  -1.500  -81.546  16.011 0.0000000000
1153  3.407  -82.022  13.792 0.0000000000
1154  0.647  -82.485  13.275 0.0000000000
1159  2.711  -82.272  13.124 0.0000000000
1161  1.841  -82.960  12.400 0.0000000000
1162  0.640  -82.486  12.692 0.0000000000
1163  0.483  -81.990  13.384 0.0000000000
1171  1.449  -82.489  11.909 0.0000000000
1382  -2.353  -81.666  22.790 0.0000000000
1399  -2.610  -81.191  22.278 0.0000000000
1408  10.321  -81.091  21.558 0.0000000000
1415  -2.102  -81.819  21.767 0.0000000000
1436  10.167  -80.473  19.513 0.0000000000
1437  9.632  -81.393  18.964 0.0000000000
1456  -0.114  -82.168  18.184 0.0000000000
1466  -1.120  -81.548  17.330 0.0000000000
1472  10.715  -81.052  16.247 0.0000000000
1476  -1.538  -81.590  16.235 0.0000000000
1484  -1.655  -81.208  15.955 0.0000000000
1494  -0.666  -81.223  15.567 0.0000000000
1505  -1.884  -80.019  14.650 0.0000000000
1534  2.349  -81.398  10.823 0.0000000000
1737  6.633  -80.134  24.066 0.0000000000
1758  -2.760  -80.194  22.303 0.0000000000
1766  9.983  -80.082  21.355 0.0000000000
1771  -0.277  -80.073  21.538 0.0000000000
1772  -1.235  -80.551  21.390 0.0000000000
1773  -2.110  -81.007  21.458 0.0000000000
1798  8.031  -80.086  19.050 0.0000000000
1809  10.248  -79.957  18.841 0.0000000000
1821  6.751  -80.499  17.142 0.0000000000
1826  -1.338  -80.845  16.879 0.0000000000
1830  10.488  -80.387  16.417 0.0000000000
1834  -1.652  -80.348  16.262 0.0000000000
1840  8.821  -80.486  15.355 0.0000000000
1843  -1.660  -80.292  15.435 0.0000000000
1844  -1.960  -80.088  14.832 0.0000000000
1851  4.515  -81.094  14.022 0.0000000000
1862  -0.110  -80.397  14.760 0.0000000000
1864  -2.329  -79.647  13.999 0.0000000000
1889  1.061  -80.700  10.241 0.0000000000
1892  2.318  -80.473  9.554 0.0000000000
1894  0.805  -80.194  9.978 0.0000000000
2071  5.680  -79.758  24.757 0.0000000000
2080  6.763  -79.581  23.638 0.0000000000
2094  -2.896  -79.397  22.716 0.0000000000
2106  10.128  -79.950  20.846 0.0000000000
2121  10.131  -79.696  20.149 0.0000000000
2130  9.305  -79.324  19.103 0.0000000000
2143  9.235  -79.234  18.254 0.0000000000
2155  10.076  -79.577  17.669 0.0000000000
2159  2.362  -79.369  17.260 0.0000000000
2162  -0.910  -80.011  17.013 0.0000000000
2167  10.200  -79.794  16.799 0.0000000000
2171  -0.798  -79.229  16.679 0.0000000000
2173  -1.808  -79.713  15.688 0.0000000000
2177  10.124  -79.919  16.025 0.0000000000
2187  -2.207  -79.524  14.472 0.0000000000
2199  -0.327  -80.132  14.388 0.0000000000
2200  -2.557  -79.313  13.406 0.0000000000
2215  -2.353  -79.085  12.871 0.0000000000
2216  -2.591  -78.855  12.877 0.0000000000
2237  0.580  -79.912  10.261 0.0000000000
2475  6.259  -79.041  24.224 0.0000000000
2489  -2.955  -78.826  23.212 0.0000000000
2497  2.026  -78.277  21.930 0.0000000000
2499  -2.882  -78.610  22.291 0.0000000000
2515  1.341  -78.419  21.766 0.0000000000
2518  -2.888  -79.262  21.894 0.0000000000
2535  5.546  -78.243  19.184 0.0000000000
2542  9.895  -79.391  18.000 0.0000000000
2543  9.707  -79.315  17.931 0.0000000000
2554  2.658  -78.477  17.159 0.0000000000
2562  -1.235  -78.702  16.149 0.0000000000
2570  -2.064  -78.432  15.041 0.0000000000
2598  0.361  -79.088  13.878 0.0000000000
2601  -2.595  -78.627  13.820 0.0000000000
2617  -2.553  -78.269  12.451 0.0000000000
2637  0.804  -78.410  9.785 0.0000000000
2959  -2.123  -77.189  22.933 0.0000000000
2969  8.134  -76.446  22.040 0.0000000000
2979  -2.573  -77.943  22.533 0.0000000000
3025  2.551  -77.549  16.958 0.0000000000
3042  -1.476  -77.310  15.473 0.0000000000
3061  1.630  -77.631  13.350 0.0000000000
3062  1.116  -77.954  13.593 0.0000000000
3071  1.513  -78.273  13.127 0.0000000000
3072  0.783  -77.396  13.314 0.0000000000
3082  -2.292  -77.158  11.940 0.0000000000
3465  5.509  -76.223  22.818 0.0000000000
3472  -1.249  -76.826  22.628 0.0000000000
3490  -2.372  -76.129  19.715 0.0000000000
3491  -2.773  -76.107  20.444 0.0000000000
3509  -2.536  -75.942  19.180 0.0000000000
3510  -2.820  -75.753  18.972 0.0000000000
3517  3.800  -76.186  17.335 0.0000000000
3523  0.478  -76.373  15.847 0.0000000000
3536  -2.097  -76.670  14.832 0.0000000000
3566  2.074  -76.881  13.338 0.0000000000
3567  1.942  -76.529  13.303 0.0000000000
3579  -0.537  -76.372  11.161 0.0000000000
3604  1.709  -76.648  9.539 0.0000000000
3986  7.286  -75.449  22.988 0.0000000000
3989  0.491  -75.297  23.342 0.0000000000
4018  8.194  -75.444  20.858 0.0000000000
4021  -3.118  -75.455  21.316 0.0000000000
4032  -3.139  -75.782  20.710 0.0000000000
4042  -1.804  -75.930  19.669 0.0000000000
4080  -2.698  -75.913  16.352 0.0000000000
4081  -3.349  -75.806  15.918 0.0000000000
4094  -3.156  -75.543  15.205 0.0000000000
4095  -3.716  -75.373  15.723 0.0000000000
4138  -0.230  -75.593  11.004 0.0000000000
4146  -0.751  -75.157  10.338 0.0000000000
4148  -1.635  -75.263  10.430 0.0000000000
4525  -1.599  -74.555  29.249 0.0000000000
4609  -3.189  -74.276  23.237 0.0000000000
4621  4.302  -74.571  23.138 0.0000000000
4644  -1.536  -75.574  20.964 0.0000000000
4663  5.132  -74.630  18.148 0.0000000000
4664  -0.081  -74.325  18.949 0.0000000000
4674  4.314  -73.740  17.499 0.0000000000
4678  -3.996  -75.054  17.888 0.0000000000
4679  -4.112  -75.060  16.905 0.0000000000
4685  1.606  -73.846  15.774 0.0000000000
4689  -4.072  -74.977  16.062 0.0000000000
4701  0.754  -74.007  15.376 0.0000000000
4704  -3.952  -74.943  15.470 0.0000000000
4725  1.240  -74.502  11.847 0.0000000000
4736  -0.699  -74.243  10.453 0.0000000000
4737  -2.118  -74.674  10.487 0.0000000000
4747  -0.993  -74.012  9.828 0.0000000000
4748  -1.367  -74.109  9.835 0.0000000000
5116  -0.728  -73.598  30.271 0.0000000000
5137  -1.140  -74.055  28.671 0.0000000000
5188  2.876  -73.757  23.903 0.0000000000
5192  -2.868  -74.105  24.089 0.0000000000
5193  -3.146  -73.989  23.903 0.0000000000
5212  -1.621  -75.093  21.883 0.0000000000
5226  -3.220  -74.552  20.160 0.0000000000
5249  -0.451  -74.105  18.161 0.0000000000
5260  4.160  -72.814  17.491 0.0000000000
5262  0.213  -73.090  16.966 0.0000000000
5275  3.199  -73.733  16.733 0.0000000000
5278  0.270  -73.011  16.232 0.0000000000
5281  -4.092  -73.330  16.688 0.0000000000
5296  -0.513  -73.886  15.590 0.0000000000
5306  -3.775  -73.791  14.182 0.0000000000
5316  -2.585  -73.284  10.931 0.0000000000
5317  -2.921  -72.919  11.801 0.0000000000
5343  -1.146  -73.400  9.850 0.0000000000
5344  -1.786  -73.408  9.873 0.0000000000
5680  1.138  -72.111  31.071 0.0000000000
5707  0.769  -72.684  28.130 0.0000000000
5734  -2.029  -71.349  24.902 0.0000000000
5742  4.677  -72.443  24.643 0.0000000000
5746  -1.855  -72.546  24.436 0.0000000000
5748  -2.342  -71.784  24.419 0.0000000000
5754  9.267  -72.341  23.284 0.0000000000
5759  4.101  -73.043  24.212 0.0000000000
5783  9.566  -72.389  21.103 0.0000000000
5784  9.339  -73.163  21.236 0.0000000000
5874  1.319  -72.725  16.256 0.0000000000
5911  -2.723  -72.124  11.761 0.0000000000
5950  -2.311  -72.541  10.555 0.0000000000
6322  -1.127  -71.584  27.717 0.0000000000
6324  -1.891  -70.916  27.089 0.0000000000
6334  -1.099  -71.652  26.969 0.0000000000
6336  -1.562  -71.231  26.116 0.0000000000
6337  -1.889  -70.957  25.454 0.0000000000
6349  -1.309  -72.038  25.172 0.0000000000
6350  -2.205  -70.956  24.908 0.0000000000
6363  -0.634  -71.732  24.787 0.0000000000
6378  -2.840  -71.305  23.377 0.0000000000
6418  4.560  -70.845  20.230 0.0000000000
6434  6.667  -71.027  19.405 0.0000000000
6450  3.745  -71.330  18.801 0.0000000000
6467  2.857  -71.941  17.697 0.0000000000
6549  -2.463  -71.302  11.611 0.0000000000
6562  -1.634  -71.232  10.498 0.0000000000
6573  -1.213  -71.720  10.266 0.0000000000
6927  2.623  -70.415  32.611 0.0000000000
6945  -0.406  -70.151  30.176 0.0000000000
6947  -0.991  -70.119  29.558 0.0000000000
6955  3.606  -70.555  29.577 0.0000000000
6956  -0.438  -70.635  29.528 0.0000000000
6958  -1.513  -70.430  29.013 0.0000000000
6969  -1.065  -71.225  28.829 0.0000000000
6970  -1.602  -70.932  28.731 0.0000000000
7007  6.071  -71.002  25.622 0.0000000000
7008  -2.127  -69.947  25.956 0.0000000000
7009  -2.243  -70.292  24.963 0.0000000000
7030  10.216  -70.323  23.584 0.0000000000
7049  -2.659  -69.973  21.958 0.0000000000
7077  5.871  -70.199  20.432 0.0000000000
7087  -1.196  -71.257  19.221 0.0000000000
7097  -0.469  -70.726  19.060 0.0000000000
7534  4.918  -69.146  35.867 0.0000000000
7554  2.068  -69.675  35.808 0.0000000000
7555  0.005  -70.082  36.238 0.0000000000
7581  5.330  -69.535  34.044 0.0000000000
7599  6.617  -69.412  31.967 0.0000000000
7614  0.735  -69.476  30.620 0.0000000000
7616  -0.330  -69.682  30.666 0.0000000000
7617  -0.651  -69.596  30.117 0.0000000000
7627  6.922  -69.490  29.784 0.0000000000
7645  6.851  -69.781  28.409 0.0000000000
7648  1.347  -69.987  28.807 0.0000000000
7650  -1.337  -69.848  28.761 0.0000000000
7651  -1.765  -70.336  28.426 0.0000000000
7712  3.323  -69.017  22.971 0.0000000000
7716  -2.734  -69.575  23.803 0.0000000000
7727  7.339  -69.215  21.959 0.0000000000
8223  5.191  -68.471  35.810 0.0000000000
8253  7.338  -68.697  33.591 0.0000000000
8259  7.787  -68.962  32.677 0.0000000000
8267  0.052  -68.571  31.634 0.0000000000
8268  -0.142  -68.438  31.493 0.0000000000
8282  1.391  -68.622  30.993 0.0000000000
8317  10.761  -68.442  29.023 0.0000000000
8320  3.499  -68.678  28.411 0.0000000000
8334  9.538  -69.682  28.342 0.0000000000
8362  -2.194  -68.565  25.502 0.0000000000
8372  3.694  -68.338  24.045 0.0000000000
8396  -2.696  -68.481  22.549 0.0000000000
8875  2.966  -67.359  37.880 0.0000000000
8895  4.189  -66.749  36.055 0.0000000000
8907  5.906  -67.456  34.938 0.0000000000
8942  0.192  -66.835  31.687 0.0000000000
8961  -0.147  -67.537  31.474 0.0000000000
8977  3.233  -67.506  30.240 0.0000000000
8990  2.946  -68.197  30.033 0.0000000000
9016  5.572  -67.165  27.843 0.0000000000
9030  11.530  -68.005  26.741 0.0000000000
9036  -1.311  -67.779  26.299 0.0000000000
9037  -1.691  -67.652  26.088 0.0000000000
9061  6.173  -66.793  23.767 0.0000000000
9078  8.196  -67.833  22.729 0.0000000000
9574  1.768  -66.401  40.106 0.0000000000
9606  1.725  -65.549  37.824 0.0000000000
9633  3.011  -65.519  36.092 0.0000000000
9666  0.543  -65.682  31.806 0.0000000000
9668  -0.012  -66.008  31.634 0.0000000000
9691  10.802  -66.329  30.653 0.0000000000
9692  3.972  -66.743  29.852 0.0000000000
9693  3.483  -66.988  30.227 0.0000000000
9704  11.349  -66.818  29.603 0.0000000000
9727  12.072  -65.987  27.578 0.0000000000
9750  11.755  -66.476  26.034 0.0000000000
9771  9.169  -65.754  23.748 0.0000000000
9774  6.943  -66.769  22.833 0.0000000000
10289  1.246  -65.638  39.509 0.0000000000
10302  1.428  -65.581  38.625 0.0000000000
10314  1.589  -64.923  37.340 0.0000000000
10330  2.040  -65.000  36.667 0.0000000000
10350  0.281  -64.582  31.823 0.0000000000
10356  0.053  -65.215  31.743 0.0000000000
10357  -0.295  -64.897  31.410 0.0000000000
10367  0.780  -64.995  31.797 0.0000000000
10368  -0.565  -65.205  31.030 0.0000000000
10377  2.408  -65.994  30.657 0.0000000000
10430  10.244  -65.420  25.204 0.0000000000
10442  10.265  -65.692  24.640 0.0000000000
11020  0.994  -64.283  38.619 0.0000000000
11057  2.492  -64.156  35.716 0.0000000000
11060  2.977  -64.078  35.231 0.0000000000
11067  4.870  -64.259  34.092 0.0000000000
11070  0.124  -64.032  32.117 0.0000000000
11071  -0.152  -64.234  31.675 0.0000000000
11080  0.465  -64.113  31.921 0.0000000000
11081  -0.297  -64.158  31.397 0.0000000000
11108  2.469  -64.524  30.296 0.0000000000
11110  -0.903  -64.592  30.217 0.0000000000
11698  -0.042  -63.278  40.710 0.0000000000
11707  0.410  -63.296  39.918 0.0000000000
11727  1.518  -63.883  37.335 0.0000000000
11767  3.635  -63.899  34.782 0.0000000000
11779  0.374  -63.397  31.778 0.0000000000
11780  0.064  -63.161  31.915 0.0000000000
11807  8.870  -63.177  30.626 0.0000000000
11810  1.616  -63.208  30.543 0.0000000000
11819  3.020  -63.968  29.843 0.0000000000
12391  -0.048  -62.478  41.113 0.0000000000
12406  0.792  -62.775  39.745 0.0000000000
12431  2.380  -62.771  36.967 0.0000000000
12433  1.351  -63.454  38.152 0.0000000000
12444  3.259  -62.431  35.745 0.0000000000
12478  3.895  -63.271  34.478 0.0000000000
12479  0.651  -61.559  32.560 0.0000000000
12481  0.080  -61.303  32.003 0.0000000000
12487  -0.057  -62.480  31.473 0.0000000000
12495  -0.221  -62.614  31.290 0.0000000000
12501  1.187  -62.657  31.028 0.0000000000
12510  -0.982  -62.482  30.641 0.0000000000
12523  7.688  -61.836  28.356 0.0000000000
13078  0.619  -62.235  40.343 0.0000000000
13094  1.337  -62.501  39.292 0.0000000000
13148  0.210  -60.870  33.116 0.0000000000
13149  -0.027  -60.843  32.611 0.0000000000
13156  5.918  -61.693  32.674 0.0000000000
13158  1.020  -61.863  32.303 0.0000000000
13172  2.138  -61.285  30.318 0.0000000000
13173  1.517  -61.736  30.843 0.0000000000
13177  8.779  -61.942  28.927 0.0000000000
13760  0.022  -60.985  41.665 0.0000000000
13773  0.777  -60.826  40.869 0.0000000000
13784  1.272  -61.254  40.295 0.0000000000
13792  2.869  -61.325  38.729 0.0000000000
13829  4.030  -61.263  36.827 0.0000000000
13848  0.210  -60.463  33.683 0.0000000000
13857  1.297  -60.220  34.065 0.0000000000
13858  0.996  -60.516  33.950 0.0000000000
13860  -0.185  -60.458  32.770 0.0000000000
13874  -0.647  -60.748  31.602 0.0000000000
13880  2.312  -60.509  31.381 0.0000000000
13885  7.654  -59.647  29.914 0.0000000000
14473  1.591  -59.641  40.841 0.0000000000
14474  0.926  -60.026  41.132 0.0000000000
14483  4.160  -59.205  39.239 0.0000000000
14484  3.506  -59.327  39.684 0.0000000000
14542  1.062  -59.136  34.684 0.0000000000
14543  0.691  -59.435  34.551 0.0000000000
14544  0.299  -59.406  34.454 0.0000000000
14557  1.418  -59.545  34.423 0.0000000000
14559  -0.211  -59.990  33.409 0.0000000000
14569  2.129  -59.500  33.704 0.0000000000
14571  -0.259  -59.310  33.819 0.0000000000
14581  -0.495  -59.901  32.101 0.0000000000
14603  7.375  -59.213  29.445 0.0000000000
14607  4.350  -59.809  29.439 0.0000000000
14615  7.283  -59.635  28.938 0.0000000000
14616  6.528  -59.589  28.732 0.0000000000
14618  4.891  -59.932  28.929 0.0000000000
15277  1.514  -57.855  34.780 0.0000000000
15278  0.985  -58.014  34.872 0.0000000000
15300  2.124  -58.423  34.361 0.0000000000
15302  -0.117  -58.535  34.324 0.0000000000
15314  -0.270  -58.656  33.588 0.0000000000
16005  3.325  -57.102  41.628 0.0000000000
16029  3.984  -57.981  40.269 0.0000000000
16057  6.293  -58.414  38.039 0.0000000000
16058  1.651  -56.777  35.047 0.0000000000
16070  1.847  -57.417  34.845 0.0000000000
16081  2.602  -56.526  35.236 0.0000000000
16095  0.159  -57.905  34.477 0.0000000000
16873  5.892  -56.750  39.975 0.0000000000
16907  1.597  -56.225  35.362 0.0000000000
16908  1.388  -55.886  35.212 0.0000000000
16920  2.050  -56.831  35.167 0.0000000000
16921  1.236  -56.117  34.889 0.0000000000
16951  0.580  -57.156  34.462 0.0000000000
16962  0.540  -56.874  34.168 0.0000000000
17694  6.059  -55.512  42.152 0.0000000000
17711  6.305  -54.977  40.815 0.0000000000
17746  2.502  -55.178  36.641 0.0000000000
17747  1.966  -55.432  36.414 0.0000000000
17748  1.555  -55.688  35.882 0.0000000000
17758  3.104  -55.218  36.346 0.0000000000
17759  2.740  -55.492  36.243 0.0000000000
17760  1.119  -55.581  34.960 0.0000000000
17771  0.973  -55.689  34.649 0.0000000000
18536  8.411  -53.886  41.072 0.0000000000
18537  7.380  -53.986  40.439 0.0000000000
18546  10.338  -53.549  40.068 0.0000000000
18559  7.864  -54.787  38.854 0.0000000000
18577  2.196  -54.777  36.890 0.0000000000
18579  1.316  -55.157  35.945 0.0000000000
18593  3.632  -54.142  36.582 0.0000000000
18624  0.914  -54.257  34.638 0.0000000000
19352  9.581  -53.116  40.634 0.0000000000
19362  10.398  -52.566  39.905 0.0000000000
19363  8.505  -52.998  40.253 0.0000000000
19466  14.308  -53.914  29.838 0.0000000000
20186  11.910  -52.346  38.831 0.0000000000
20188  9.009  -52.553  39.750 0.0000000000
20229  1.762  -52.099  36.492 0.0000000000
20230  1.547  -52.825  36.753 0.0000000000
20330  16.786  -52.672  28.528 0.0000000000
21096  10.929  -51.645  39.456 0.0000000000
21105  11.934  -51.324  38.436 0.0000000000
21150  0.686  -51.765  35.891 0.0000000000
21159  12.079  -50.769  34.720 0.0000000000
21165  0.647  -51.783  35.013 0.0000000000
21236  15.658  -51.988  28.736 0.0000000000
22113  10.355  -50.064  35.924 0.0000000000
23074  11.160  -50.066  35.493 0.0000000000
23077  2.173  -50.115  35.426 0.0000000000
23078  1.550  -50.087  35.257 0.0000000000
116415  6.526  -65.653  33.337 0.0000000000
116683  4.864  -63.481  33.830 0.0000000000
116705  4.944  -60.868  35.608 0.0000000000
116711  8.348  -69.991  27.490 0.0000000000
116883  6.321  -64.625  33.257 0.0000000000
116940  5.605  -59.654  37.296 0.0000000000
117372  -2.108  -79.484  13.497 0.0000000000
117634  -0.179  -75.402  23.711 0.0000000000
117906  -2.203  -83.910  26.255 0.0000000000
118054  7.098  -70.634  26.407 0.0000000000
118272  -3.115  -72.382  22.054 0.0000000000
118465  7.022  -72.673  19.106 0.0000000000
118684  -2.268  -71.602  20.154 0.0000000000
118845  1.155  -75.191  22.992 0.0000000000
119295  6.636  -84.966  23.136 0.0000000000
119384  2.439  -74.293  23.491 0.0000000000
120976  2.770  -64.714  35.689 0.0000000000
121005  -0.690  -61.512  31.309 0.0000000000
121133  0.081  -78.035  21.550 0.0000000000
121468  -0.817  -63.143  30.853 0.0000000000
121569  -0.002  -79.870  17.102 0.0000000000
122463  -3.126  -75.491  19.157 0.0000000000
123068  0.477  -74.125  25.258 0.0000000000
123126  10.252  -80.674  20.330 0.0000000000
123834  8.708  -84.609  27.311 0.0000000000
124021  -0.910  -61.877  30.922 0.0000000000
124053  4.376  -69.601  35.220 0.0000000000
124061  10.284  -80.525  20.937 0.0000000000
124193  0.925  -56.939  34.671 0.0000000000
124238  2.025  -61.976  30.146 0.0000000000
124440  -1.734  -80.953  15.900 0.0000000000
124561  0.131  -63.777  40.076 0.0000000000
124671  -2.869  -71.618  21.660 0.0000000000
124846  -0.705  -67.888  30.081 0.0000000000
125600  -2.575  -77.844  12.501 0.0000000000
125717  0.003  -59.024  34.462 0.0000000000
125802  -2.566  -79.268  14.034 0.0000000000
125841  7.241  -69.298  32.582 0.0000000000
125999  1.083  -82.913  12.415 0.0000000000
126653  5.048  -68.093  22.376 0.0000000000
126843  3.735  -69.645  33.683 0.0000000000
126960  9.036  -72.925  23.218 0.0000000000
127295  8.132  -74.242  23.185 0.0000000000
127339  0.777  -56.228  33.861 0.0000000000
127418  0.953  -61.153  33.322 0.0000000000
127936  0.401  -70.870  25.547 0.0000000000
128029  0.137  -83.089  16.865 0.0000000000
128249  0.781  -53.736  36.112 0.0000000000
128641  10.906  -67.902  24.596 0.0000000000
128845  0.462  -83.533  17.898 0.0000000000
129059  9.380  -79.448  19.993 0.0000000000
129151  5.150  -69.484  32.378 0.0000000000
129289  -2.614  -80.572  21.665 0.0000000000
129316  -3.279  -74.087  21.101 0.0000000000
129565  -1.965  -70.446  27.733 0.0000000000
130024  4.763  -81.811  13.558 0.0000000000
130201  7.327  -66.221  24.906 0.0000000000
130503  2.542  -59.310  33.050 0.0000000000
130905  0.806  -57.237  34.810 0.0000000000
131109  -2.230  -73.823  10.306 0.0000000000
132080  1.024  -61.565  32.613 0.0000000000
132908  2.828  -72.308  17.139 0.0000000000
133079  3.365  -70.339  31.042 0.0000000000
133190  0.518  -61.188  33.084 0.0000000000
133303  19.324  -51.121  29.247 0.0000000000
133328  16.011  -54.474  29.276 0.0000000000
133379  5.565  -64.481  33.711 0.0000000000
133438  8.055  -67.697  33.037 0.0000000000
133442  8.415  -54.598  38.366 0.0000000000
133660  8.046  -84.004  27.644 0.0000000000
133831  18.434  -52.244  28.852 0.0000000000
133887  2.055  -79.673  22.843 0.0000000000
133997  0.149  -69.859  37.396 0.0000000000
134206  -2.082  -69.848  26.541 0.0000000000
134220  3.134  -59.911  39.527 0.0000000000
134240  7.355  -68.169  33.784 0.0000000000
134254  3.124  -85.956  27.791 0.0000000000
134688  4.855  -71.279  25.704 0.0000000000
135044  0.350  -81.172  14.798 0.0000000000
135064  -2.011  -67.806  25.851 0.0000000000
135117  4.538  -86.597  25.015 0.0000000000
135197  8.191  -69.153  30.633 0.0000000000
135357  -0.496  -61.112  31.732 0.0000000000
135451  -0.868  -76.287  22.996 0.0000000000
135495  -2.547  -68.158  24.314 0.0000000000
135499  1.872  -57.606  34.794 0.0000000000
135674  4.331  -67.286  29.461 0.0000000000
135751  4.559  -69.465  35.766 0.0000000000
135784  2.151  -59.329  40.601 0.0000000000
135789  6.695  -70.875  25.889 0.0000000000
135800  8.740  -82.392  23.641 0.0000000000
135947  -1.230  -84.904  27.113 0.0000000000
136160  2.077  -68.736  40.802 0.0000000000
136603  9.448  -52.175  39.278 0.0000000000
136714  9.947  -79.812  20.904 0.0000000000
136721  -0.442  -68.386  28.881 0.0000000000
136879  3.343  -52.554  35.543 0.0000000000
137032  0.821  -84.657  27.117 0.0000000000
137184  0.443  -66.430  31.756 0.0000000000
137236  9.913  -63.025  28.732 0.0000000000
137239  -2.896  -80.036  21.928 0.0000000000
137776  -2.656  -72.651  24.172 0.0000000000
137814  4.307  -68.310  25.490 0.0000000000
137837  0.235  -61.785  31.695 0.0000000000
137845  -2.386  -77.535  13.911 0.0000000000
137895  4.408  -60.961  36.595 0.0000000000
137939  1.465  -69.683  36.135 0.0000000000
137960  1.276  -82.284  14.960 0.0000000000
138032  6.715  -66.589  23.380 0.0000000000
138227  -2.352  -72.055  19.416 0.0000000000
138443  0.291  -85.978  29.045 0.0000000000
138479  -2.462  -78.584  12.473 0.0000000000
138482  2.233  -68.549  30.322 0.0000000000
139111  2.865  -65.138  35.881 0.0000000000
139147  -1.150  -73.943  30.661 0.0000000000
139489  3.875  -68.890  22.562 0.0000000000
139727  3.101  -83.122  25.752 0.0000000000
139742  -0.344  -64.125  41.269 0.0000000000
139761  -0.183  -85.055  32.861 0.0000000000
139986  2.487  -79.144  22.746 0.0000000000
140017  4.035  -80.634  14.100 0.0000000000
140042  1.756  -62.298  39.038 0.0000000000
140280  -0.379  -73.585  27.949 0.0000000000
140422  9.355  -84.777  25.264 0.0000000000
140500  5.010  -85.022  28.309 0.0000000000
140564  1.076  -72.695  26.982 0.0000000000
141001  -0.282  -83.954  32.818 0.0000000000
141077  9.927  -51.999  37.782 0.0000000000
141211  11.448  -80.686  14.631 0.0000000000
141490  -1.146  -71.467  28.261 0.0000000000
141591  3.305  -72.060  17.548 0.0000000000
142001  4.503  -79.808  10.539 0.0000000000
142020  -1.642  -75.994  15.233 0.0000000000
142043  -2.390  -68.376  24.881 0.0000000000
