global_signal	global_signal_derivative1	global_signal_derivative1_power2	global_signal_power2	csf	csf_derivative1	csf_power2	csf_derivative1_power2	white_matter	white_matter_derivative1	white_matter_derivative1_power2	white_matter_power2	csf_wm	tcompcor	std_dvars	dvars	framewise_displacement	rmsd	t_comp_cor_00	t_comp_cor_01	t_comp_cor_02	t_comp_cor_03	t_comp_cor_04	c_comp_cor_00	c_comp_cor_01	c_comp_cor_02	c_comp_cor_03	c_comp_cor_04	c_comp_cor_05	c_comp_cor_06	c_comp_cor_07	c_comp_cor_08	c_comp_cor_09	c_comp_cor_10	c_comp_cor_11	w_comp_cor_00	w_comp_cor_01	w_comp_cor_02	w_comp_cor_03	w_comp_cor_04	w_comp_cor_05	w_comp_cor_06	w_comp_cor_07	w_comp_cor_08	w_comp_cor_09	w_comp_cor_10	w_comp_cor_11	w_comp_cor_12	w_comp_cor_13	w_comp_cor_14	w_comp_cor_15	w_comp_cor_16	w_comp_cor_17	w_comp_cor_18	w_comp_cor_19	a_comp_cor_00	a_comp_cor_01	a_comp_cor_02	a_comp_cor_03	a_comp_cor_04	a_comp_cor_05	a_comp_cor_06	a_comp_cor_07	a_comp_cor_08	a_comp_cor_09	a_comp_cor_10	a_comp_cor_11	a_comp_cor_12	a_comp_cor_13	a_comp_cor_14	a_comp_cor_15	a_comp_cor_16	a_comp_cor_17	a_comp_cor_18	a_comp_cor_19	a_comp_cor_20	edge_comp_00	edge_comp_01	edge_comp_02	edge_comp_03	edge_comp_04	edge_comp_05	edge_comp_06	edge_comp_07	edge_comp_08	edge_comp_09	edge_comp_10	edge_comp_11	edge_comp_12	edge_comp_13	edge_comp_14	edge_comp_15	edge_comp_16	edge_comp_17	edge_comp_18	edge_comp_19	edge_comp_20	edge_comp_21	edge_comp_22	edge_comp_23	cosine00	cosine01	non_steady_state_outlier00	non_steady_state_outlier01	non_steady_state_outlier02	non_steady_state_outlier03	trans_x	trans_x_derivative1	trans_x_power2	trans_x_derivative1_power2	trans_y	trans_y_derivative1	trans_y_power2	trans_y_derivative1_power2	trans_z	trans_z_derivative1	trans_z_power2	trans_z_derivative1_power2	rot_x	rot_x_derivative1	rot_x_derivative1_power2	rot_x_power2	rot_y	rot_y_derivative1	rot_y_derivative1_power2	rot_y_power2	rot_z	rot_z_derivative1	rot_z_power2	rot_z_derivative1_power2	motion_outlier00	motion_outlier01	motion_outlier02	motion_outlier03	motion_outlier04	motion_outlier05
962.2074336253966	n/a	n/a	925843.145323972	996.0306112389816	n/a	992076.9785250992	n/a	1001.9723596903804	n/a	n/a	1003948.6095835088	994.8730702207972	861.291181418101	n/a	n/a	n/a	n/a	0.0	0.0	0.0	0.0	0.0	0.0	0.0	0.0	0.0	0.0	0.0	0.0	0.0	0.0	0.0	0.0	0.0	0.0	0.0	0.0	0.0	0.0	0.0	0.0	0.0	0.0	0.0	0.0	0.0	0.0	0.0	0.0	0.0	0.0	0.0	0.0	0.0	0.0	0.0	0.0	0.0	0.0	0.0	0.0	0.0	0.0	0.0	0.0	0.0	0.0	0.0	0.0	0.0	0.0	0.0	0.0	0.0	0.0	0.0	0.0	0.0	0.0	0.0	0.0	0.0	0.0	0.0	0.0	0.0	0.0	0.0	0.0	0.0	0.0	0.0	0.0	0.0	0.0	0.0	0.0	0.0	0.0	0.0	0.0	1.0	0.0	0.0	0.0	1.956986521634008e-05	n/a	3.829796245857174e-10	n/a	-0.006943131124899	n/a	4.8207069817541255e-05	n/a	0.0589791801576495	n/a	0.0034785436920684	n/a	-0.000789999866127	n/a	n/a	6.240997884806779e-07	0.0001059999595791	n/a	n/a	1.1235991430770837e-08	4.187032923570451e-08	n/a	1.753124470306292e-15	n/a	0.0	0.0	0.0	0.0	0.0	0.0
966.6634599831422	4.4560263577456	19.85617090092352	934438.24486658	995.5687347211336	-0.4618765178479407	991157.105554239	0.2133299177393391	1003.09098719648	1.1186275060996422	1.251327497402705	1006191.5285948088	996.5382927488554	847.7724031066895	1.396124	29.651575	0.1790766016759714	0.119659976940528	0.0	0.0	0.0	0.0	0.0	0.0	0.0	0.0	0.0	0.0	0.0	0.0	0.0	0.0	0.0	0.0	0.0	0.0	0.0	0.0	0.0	0.0	0.0	0.0	0.0	0.0	0.0	0.0	0.0	0.0	0.0	0.0	0.0	0.0	0.0	0.0	0.0	0.0	0.0	0.0	0.0	0.0	0.0	0.0	0.0	0.0	0.0	0.0	0.0	0.0	0.0	0.0	0.0	0.0	0.0	0.0	0.0	0.0	0.0	0.0	0.0	0.0	0.0	0.0	0.0	0.0	0.0	0.0	0.0	0.0	0.0	0.0	0.0	0.0	0.0	0.0	0.0	0.0	0.0	0.0	0.0	0.0	0.0	0.0	0.0	1.0	0.0	0.0	-2.5673320166674785e-05	-4.524318538301486e-05	6.591193683805901e-10	2.046945823601849e-09	4.5600894267749936e-05	0.0069887320191667	2.079441558018509e-09	4.884237523572656e-05	-0.0277443940914423	-0.0867235742490918	0.0007697514035012	0.0075209783305377	0.0005289992742882	0.0013189991404151	1.739758732416036e-06	2.798402321974422e-07	3.5753699678675588e-06	-0.0001024245896112	1.0490796557029386e-08	1.2783270407129267e-11	0.0002849991847494	0.0002849573144201	8.122453530782263e-08	8.120067104155239e-08	0.0	0.0	0.0	0.0	0.0	0.0
971.6289892300526	4.965529246910478	24.65648070192334	944062.8927122138	1002.3653289393376	6.79659421820395	1004736.2526596664	46.19369296692336	1003.6641681562838	0.5731809598038353	0.3285364126816459	1007341.7624408453	997.4081701168034	838.2608786328634	1.194855	25.376932	0.0613941877595239	0.0292906668727737	0.0	0.0	0.0	0.0	0.0	0.0	0.0	0.0	0.0	0.0	0.0	0.0	0.0	0.0	0.0	0.0	0.0	0.0	0.0	0.0	0.0	0.0	0.0	0.0	0.0	0.0	0.0	0.0	0.0	0.0	0.0	0.0	0.0	0.0	0.0	0.0	0.0	0.0	0.0	0.0	0.0	0.0	0.0	0.0	0.0	0.0	0.0	0.0	0.0	0.0	0.0	0.0	0.0	0.0	0.0	0.0	0.0	0.0	0.0	0.0	0.0	0.0	0.0	0.0	0.0	0.0	0.0	0.0	0.0	0.0	0.0	0.0	0.0	0.0	0.0	0.0	0.0	0.0	0.0	0.0	0.0	0.0	0.0	0.0	0.0	0.0	1.0	0.0	8.111891006024052e-06	3.378521117269884e-05	6.580277569361391e-11	1.1414404939838543e-09	0.011188760788201	0.0111431598939332	0.0001251883679755	0.0001241700124217	-0.0347162536604912	-0.0069718595690488	0.0012052182682195	4.860682585053869e-05	0.0008500154711966	0.0003210161969084	1.0305139867753272e-07	7.22526301273578e-07	-0.0003429627256492	-0.000346538095617	1.200886517139039e-07	1.1762343118472844e-07	8.764581556748645e-05	-0.0001973533691819	7.68178898648985e-09	3.8948352327452666e-08	0.0	0.0	0.0	0.0	0.0	0.0
976.7715235621208	5.1425343320681804	26.445659356499927	954082.6092418669	1008.7803017465692	6.414972807231607	1017637.6971918992	41.15187611752096	1006.1798759003168	2.515707744032966	6.328785453387434	1012397.942666777	1000.2586266921802	846.7040437571208	1.215365	25.812532	0.0579885965624168	0.0368401798397304	0.0	0.0	0.0	0.0	0.0	0.0	0.0	0.0	0.0	0.0	0.0	0.0	0.0	0.0	0.0	0.0	0.0	0.0	0.0	0.0	0.0	0.0	0.0	0.0	0.0	0.0	0.0	0.0	0.0	0.0	0.0	0.0	0.0	0.0	0.0	0.0	0.0	0.0	0.0	0.0	0.0	0.0	0.0	0.0	0.0	0.0	0.0	0.0	0.0	0.0	0.0	0.0	0.0	0.0	0.0	0.0	0.0	0.0	0.0	0.0	0.0	0.0	0.0	0.0	0.0	0.0	0.0	0.0	0.0	0.0	0.0	0.0	0.0	0.0	0.0	0.0	0.0	0.0	0.0	0.0	0.0	0.0	0.0	0.0	0.0	0.0	0.0	1.0	5.272313322279842e-05	4.4611242216774365e-05	2.77972877682895e-09	1.9901629321237115e-09	0.0278041858310302	0.0166154250428292	0.0007730727497264	0.0002760723493538	-0.0658420537330783	-0.0311258000725871	0.0043351760397895	0.0009688154301586	0.0009930219867854	0.0001430065155888	2.0450863500849716e-08	9.860926662392231e-07	-0.0004039565817341	-6.099385608489998e-05	3.7202504801054894e-09	1.631809199262986e-07	8.77006479894612e-05	5.4832421974757544e-08	7.691403657771386e-09	3.006594499617873e-15	0.0	0.0	0.0	0.0	0.0	0.0
982.2107774895776	5.439253927456775	29.58548328735396	964738.0114166804	1016.5834389736776	7.803137227108436	1033441.8883955488	60.88895058508554	1010.6695039670926	4.489628066775822	20.156760177981205	1021452.846249089	1004.0653275421352	860.1990095647176	1.30822	27.784641	0.0658549290671384	0.0360766159030675	-0.0053484515	0.0145931141	0.3286099035	0.1162407493	-0.1484382493	-0.3724301857	0.1448539781	-0.027921417	0.0588542164	-0.0348391715	0.0947797718	-0.1384005705	0.027730628	-0.0512598318	0.0562840585	-0.132997961	0.0488537193	-0.1286893263	0.0824400944	-0.195745705	0.0702362359	-0.0525388625	0.2159542175	0.0147587061	-0.2212701057	0.1512712181	-0.1060295919	0.1458844468	-0.1306584353	0.0594102609	-0.0467735072	0.2056345691	-0.1033474085	0.0179892651	-0.0744206649	0.044890836	-0.0129247428	-0.157768612	0.0208720165	-0.2729524285	0.0591586908	-0.1041386058	0.2554820932	-0.0567546361	0.1416783321	-0.0649842185	0.1250539575	-0.2189716466	0.1103650211	-0.0338357341	0.07282639	-0.003834185	0.0872766565	-0.0739050191	0.0091037368	-0.1071073137	-0.0782726763	0.0084627935	-0.1042486758	0.0233112921	-0.106291639	0.0381447574	-0.1708028403	0.0986113025	-0.0208153814	0.3167745108	-0.1305498922	-0.1027858887	0.1375781532	-0.0719624788	0.0778907606	-0.2353328029	0.1021485329	-0.0386458395	0.0408267461	-0.0320066093	0.0943878215	-0.0852168318	0.1265421781	-0.0418147687	0.0136116119	0.0886734183	0.1571052943	0.1570166674	0.0	0.0	0.0	0.0	-0.0001280784096024	-0.0001808015428251	1.6404079006280145e-08	3.2689197887972064e-08	0.0044773063263647	-0.0233268795046655	2.004627194010537e-05	0.0005441433074251	-0.0703514063661714	-0.0045093526330931	0.0049493203776981	2.0334261169583676e-05	0.000751995594237	-0.0002410263925484	5.809372190489547e-08	5.654973737518588e-07	0.0001110325764603	0.0005149891581944	2.652138330577767e-07	1.2328233035412366e-08	8.695829100116814e-05	-7.423569882930667e-07	7.561744373843839e-09	5.510938980675526e-13	0.0	0.0	0.0	0.0	0.0	0.0
986.0209712683836	3.810193778806024	14.51757663205213	972237.3557810466	1022.007027274684	5.423588301006362	1044498.3637988368	29.415310058813077	1014.2623261653288	3.592822198236149	12.908371348138436	1028728.0662783036	1008.116023691003	868.6173846435547	1.03267	21.93236	0.0456243522309299	0.0228403491126645	0.0320148312	0.059403542	0.2221447407	0.0588744337	0.060055336	-0.2222906276	0.0828611311	-0.0317197869	0.1619019411	-0.0110779936	0.256876658	-0.0040437279	-0.0481379637	-0.0403800076	0.0903634537	0.0918776282	-0.0336834866	-0.0994895141	0.0748523909	-0.0732295708	0.007754142	-0.0740239106	0.1566530596	0.0172026582	-0.0933751523	0.1430616017	-0.0227364452	0.0935095113	-0.0844561616	0.1485149886	0.1029410243	0.0327356383	-0.0006788895	-0.0706932573	0.0278906818	-0.0128566227	-0.1131813874	-0.1334348798	0.0239256004	-0.1163204035	-0.0060161998	-0.0530982421	0.2184758288	-0.0574846402	0.0218733922	-0.0577900718	0.076195001	-0.13811482	0.0661373617	0.0358375138	-0.1266307549	0.1221431637	0.066688825	0.0144847927	-0.0708802223	-0.0874115976	0.0600685418	0.0753738396	-0.0942813654	0.0240375429	-0.1008060469	0.1192789814	-0.133022521	0.092244948	0.0343227322	0.1941573933	-0.2244541883	0.0037433443	0.0959845968	0.0228846073	0.1487493271	-0.2316621522	0.0687429596	0.0998431597	0.0135548707	-0.0759732212	-0.0545316998	-0.1454869043	0.0643921801	-0.0701568546	-0.1056503171	-0.0535539681	0.156868993	0.1560723507	0.0	0.0	0.0	0.0	-8.732162575597613e-05	4.075678384642386e-05	7.625066324666754e-09	1.6611154295041167e-09	-0.0108212813593411	-0.0152985876857058	0.000117100130258	0.0002340467851772	-0.0702668880016403	8.45183645311054e-05	0.004937435549435	7.1433539430128155e-09	0.0005850183257455	-0.0001669772684914	2.7881408192882476e-08	3.42246441458068e-07	-0.0001359188640766	-0.0002469514405369	6.098501398325008e-08	1.8473937611873265e-08	0.0002770393699097	0.0001900810789085	7.67508124799636e-08	3.613081655903152e-08	0.0	0.0	0.0	0.0	0.0	0.0
990.2688506685892	4.247879400205534	18.044479398690527	980632.3966044884	1033.1307626021537	11.123735327469715	1067359.1726349078	123.73748763559782	1013.8309629903608	-0.4313631749679416	0.186074188718423	1027853.2215179624	1009.1398568992652	870.9245372645061	0.936902	19.898396	0.034449559503276	0.0211124106833773	0.0557000613	0.0802692948	0.0881490374	-0.0150423714	0.1355438146	-0.0253989659	0.0048643556	-0.1035650401	0.3233440167	-0.0579407837	0.173577085	0.1242358864	0.0403772042	0.0344048765	-0.0253640932	0.1486047532	-0.0749299119	-0.0996631473	0.0739647476	-0.0698252886	0.0076843383	-0.1125314933	0.0231754156	0.2357507564	-0.0281849324	0.1464221609	0.0552717104	-0.0754103475	-0.003720926	0.2205826636	0.2486025934	0.0233054772	0.0865079696	0.0981681193	0.2385974293	-0.0585587942	-0.0400205827	-0.0770369209	0.0244574984	-0.0480149849	-0.0138140941	-0.1072454994	0.0971551567	-0.1287675266	-0.1910083775	0.159779689	0.0665604195	-0.0932368144	-0.0828749076	0.0935148732	-0.2591834574	0.0998549702	0.2507624493	-0.0571851597	0.1338226117	0.1211160171	-0.0194096435	0.1115977969	-0.0715498055	0.0116932917	-0.0480788907	0.1670202277	-0.0626383466	0.0459908992	0.0863859383	0.0644475674	-0.1895562562	0.0670048229	0.042034498	0.0854850504	0.1656676925	-0.1049464863	0.0010460216	0.0898019651	0.0430511792	-0.112844472	-0.1115509725	-0.1539563167	0.0005326569	-0.0538512025	0.0048807958	-0.1424046333	0.1563967458	0.1541893965	0.0	0.0	0.0	0.0	-3.86909384531009e-06	8.345253191066604e-05	1.496988718381642e-11	6.964325082300733e-09	-0.0110859791264914	-0.0002646977671502	0.000122898933193	7.006490793435412e-08	-0.0668429462385802	0.0034239417630601	0.0044679794618537	1.1723377196827112e-05	0.000530961660072	-5.405666567349997e-05	2.922123103736549e-09	2.8192028446641414e-07	0.0001366498238357	0.0002725686879123	7.42936896302328e-08	1.8673174354327842e-08	0.000563963365147	0.0002869239952373	3.180546772279285e-07	8.232537904293414e-08	0.0	0.0	0.0	0.0	0.0	0.0
992.5920471745054	2.3231965059162576	5.397242005101508	985238.9721140756	1035.951973262586	2.821210660432371	1073196.4909066458	7.959229590537253	1014.786073558338	0.955110567977158	0.9122361970616496	1029790.7750879484	1010.9137234758136	887.642911008199	1.164736	24.737246	0.121112497730087	0.0656607188156807	0.0468741457	-0.1549126589	-0.0013025104	-0.0614039023	0.0457311273	0.055613979	-0.0089685877	-0.0729506915	0.033777376	0.0269539837	0.0907182037	-0.0798057253	0.0381436669	-0.0338072146	-0.065754389	0.0725929875	-0.0047544155	-0.0538384907	0.0537065637	-0.0800103308	0.0424966323	-0.050432575	-0.0912207275	0.0522441574	-0.1206994162	-0.0768400161	-0.04015967	-0.1782159544	-0.0068813138	-0.1594775962	0.1081770037	0.1399163571	-0.0215935215	0.0287318591	-0.0040312697	-0.1565243336	0.0076181636	-0.0602561241	0.0138583809	-0.0170550066	-0.0266025334	-0.0271065357	-0.0906177699	0.0231883032	-0.0341837221	0.2402985112	0.0956172162	-0.1035238296	0.0611738597	-0.1388359403	-0.1225913112	-0.0597637803	0.0925291385	0.0378004202	-0.0648784628	0.0612471075	0.1601890489	-0.0701167173	-0.0603796181	0.0201197758	-0.0542330717	-0.0410795107	-0.034630312	-0.0889507476	0.1798201165	0.0794718965	-0.1036452713	0.0161205681	0.101136064	-0.0152065838	0.0928036803	0.0093417331	0.021521764	0.0550784461	-0.1035850499	0.0951558287	-0.0209210516	0.0281526382	-0.069800517	0.1879173462	0.0857004223	-0.073946214	0.1556892631	0.1513791291	0.0	0.0	0.0	0.0	-5.4247663470619045e-05	-5.037856962530896e-05	2.942808992021536e-09	2.5380002774921023e-09	0.0308334457117354	0.0419194248382268	0.0009507013744585	0.0017572381787677	-0.1126603250778401	-0.0458173788392599	0.0126923488466446	0.0020992322037002	0.0006149452679602	8.39836078882e-05	7.053246393918928e-09	3.781576825866422e-07	0.0004170805590244	0.0002804307351887	7.86413972384748e-08	1.7395619271610607e-07	0.0002618713985644	-0.0003020919665826	6.857662938607486e-08	9.12595562737427e-08	0.0	0.0	0.0	0.0	0.0	0.0
991.852516172715	-0.7395310017903967	0.5469061026091077	983771.413838146	1037.0317108254685	1.0797375628824284	1075434.769257598	1.165833204699286	1013.5782816312292	-1.2077919271088149	1.458761339189225	1027340.9329945152	1009.1768194478052	891.7302838516235	1.208341	25.663357	0.0693245639673068	0.0402808234431536	0.107440446	0.0885762609	-0.0259878866	0.0939528468	0.111204131	0.0288165268	-0.0970017633	0.0642811275	0.1666456616	-0.0015143361	-0.0066457671	0.0720069694	-0.0702766787	-0.0955318958	-0.1517325359	-0.017049341	0.0383535874	-0.084253196	0.0378830064	-0.0885352021	0.0258777315	0.0604989921	0.014991589	-0.021512783	-0.1438655406	-0.1264227464	0.0684976401	0.0406267093	0.1896198357	0.046403045	0.0694377489	-0.1040105112	-0.0075625082	0.063283123	-0.1142462204	0.0331263852	0.0497556869	-0.0595499072	0.0357063031	-0.042379984	0.0079281701	-0.1331622102	-0.0579685623	0.1805256107	-0.1790536597	0.1090335755	0.0572675937	0.0994249687	0.0983278194	0.0735839251	0.0898090626	0.089169168	-0.0002332722	0.0372879354	0.0790734208	-0.1194624689	-0.0496833165	-0.0462874581	-0.0216989611	0.0380847783	-0.0363815677	0.1220779278	0.0198009052	0.0903067028	0.0903130142	-0.0006513716	0.1718053009	0.0822394246	0.0773014043	0.2048176491	0.0620263631	-0.0160062401	-0.0123407602	-0.0637595867	-0.02688181	0.08758436	-0.1354418706	0.1023935425	-0.0179275365	0.1216524154	0.0381953211	0.0854858174	0.154747609	0.1476584499	0.0	0.0	0.0	0.0	-0.0001264861276126	-7.223846414198095e-05	1.5998740478430933e-08	5.218395701592267e-09	0.0356417759213343	0.0048083302095989	0.0012703361908266	2.3120039404541403e-05	-0.1446561015577145	-0.0319957764798743	0.0209253877178758	0.00102372971255	0.0007030002901867	8.805502222650002e-05	7.753686939309412e-09	4.942094080025845e-07	-1.9578458785307618e-06	-0.0004190384049029	1.7559318478359257e-07	3.8331604840798906e-12	0.00012000044942	-0.0001418709491444	1.4400107861001976e-08	2.012736621113293e-08	0.0	0.0	0.0	0.0	0.0	0.0
991.9534399594824	0.1009237867673391	0.0101856107354593	983971.6270474504	1029.1901072451942	-7.841603580274295	1059232.2768513744	61.49074671017065	1014.6424530221836	1.0641713909544706	1.1324607493259726	1029499.3074748742	1010.0301471361367	908.0997792307536	1.206023	25.61413	0.162273473559612	0.0862129921565514	-0.1632973199	0.0562396745	0.0176516533	-0.0230227245	-0.1447424173	-0.0631617458	0.0692144014	-0.035421055	-0.0477295202	-0.010576607	-0.0766550323	-0.1034575779	-0.0131917332	-0.1966148939	0.0745788151	0.175575082	0.0830461228	-0.0398223535	0.0871810184	-0.0951489662	0.0109776797	0.0983484088	0.1125678628	0.0233243159	-0.1140958319	-0.0446380232	0.0073681003	-0.0484380921	-0.0993569019	0.0448900316	0.0033193035	-0.2522122987	0.0414042366	-0.0828725138	-0.1227281538	-0.0818002088	0.1504899251	-0.0644216996	-0.0399643759	-0.0672047886	-0.005156825	-0.0840477671	0.0721228677	0.0416155962	-0.0365609859	0.0178255783	-0.0549732249	-0.0511624122	-0.0074187416	0.0933415671	0.0288407526	0.0622493497	-0.0987746378	0.2017044905	0.0328907831	0.03152648	0.008890454	-0.1253619176	-0.0325755569	0.0891121508	-0.0562524605	0.0677540754	-0.1318931134	-0.024123079	-0.1181584993	0.0120866544	0.1156635192	0.1336863995	0.0778850043	-0.0850405805	-0.0362730384	0.0555887402	0.0324790297	-0.1224893724	-0.1854427494	-0.0399036733	-0.1140660105	-0.0689819333	0.1543477169	-0.0090541132	0.03562141	0.0111229251	0.1535731997	0.1430497353	0.0	0.0	0.0	0.0	-0.0001777585810884	-5.127245347580001e-05	3.159811315056128e-08	2.6288644854280763e-09	-0.0062703689343521	-0.0419121448556864	3.931752657288789e-05	0.001756627886404	-0.0776744871300962	0.0669816144276183	0.0060333259509234	0.0044865366713301	0.0003589142584143	-0.0003440860317724	1.1839519726087709e-07	1.288194448930869e-07	0.0003475882134704	0.0003495460593489	1.2218244760636625e-07	1.2081756614354437e-07	0.0004929371947553	0.0003729367453353	2.429870779732246e-07	1.3908181602128646e-07	0.0	0.0	0.0	0.0	0.0	0.0
992.733397846186	0.7799578867036416	0.6083343050312107	985519.5991992338	1032.0403068944026	2.8501996492084345	1065107.195054693	8.123638040347883	1015.6280874739684	0.98563445178479	0.9714752725451038	1031500.4120660308	1010.767685791736	888.1199050267537	1.277738	27.137239	0.1182784588639782	0.0588647131066896	0.0505155564	-0.1466032692	-0.0608026402	-0.0509439431	0.001686966	-0.0332245443	0.0161661495	-0.0694286363	-0.0217593142	-0.0666255181	0.0183035599	-0.0845905351	0.1741038946	0.0335904583	-0.0311227126	0.107607944	-0.0071480176	-0.0362358936	0.0675147657	-0.0126253688	-0.0002333987	0.0869526144	0.0755154584	-0.0139203963	-0.0660331286	-0.0691711874	-0.0815908918	-0.0582769347	-0.1621058244	-0.1214853607	-0.1457980875	0.0052743901	0.030186469	-0.1645019748	0.0459965312	-0.080601332	0.1142043237	-0.0636458594	-0.0152493081	-0.0172768617	-0.0103333418	-0.0720106143	0.0338310107	0.048115216	0.0867794626	0.0225420391	-0.0187325992	-0.0725008674	0.0502509953	-0.0937696577	0.0710987272	-0.1484182982	-0.2096252627	0.0757305086	0.0009022664	0.2135515685	0.077016778	-0.0829890556	-0.0222600312	0.0665422772	-0.0203421055	-0.0781793326	-0.0685548078	-0.0576482309	0.1494132255	0.0013173453	0.0079062381	0.150738762	0.0534129041	-0.0907376245	-0.0120292029	0.1215314024	0.0288161006	0.030825561	-0.2279226257	0.1268163495	-0.0063860226	0.1293471335	-0.1571727861	0.054819513	0.0542371431	0.0309627882	0.1521678018	0.1375807028	0.0	0.0	0.0	0.0	-0.0003043301017129	-0.0001265715206245	9.261681080858407e-08	1.6020349833198225e-08	0.0391975961702968	0.0454679651046489	0.0015364515455296	0.0020673358507575	-0.0920742732696311	-0.0143997861395348	0.0084776717981307	0.0002073538408643	0.0009899355448106	0.0006310212863963	3.981878638852412e-07	9.799723828794594e-07	0.0001549132336606	-0.0001926749798098	3.7123647844706855e-08	2.3998109963183653e-08	0.0008349236505326	0.0003419864557773	6.970975022186832e-07	1.1695473593511917e-07	0.0	0.0	0.0	0.0	0.0	0.0
993.4611462559968	0.7277484098108289	0.5296177479821902	986965.0491202791	1037.025567908036	4.985261013633362	1075422.0284949846	24.85282737405274	1017.432602024981	1.804514551012517	3.2562727648159044	1035169.0996633233	1013.339229707521	896.6730865716934	1.193179	25.341345	0.0731386981707913	0.035034480292318	0.1099968679	0.0550322943	-0.0890865655	0.0761911485	0.0983618835	0.0597719904	-0.12393635	0.0763065486	0.1018283684	0.0227421025	-0.036327251	0.1174623931	0.0441658858	-0.0853960645	-0.1455973	0.0556944872	-0.0158846284	-0.0045030136	-0.0219115368	0.0202124826	-0.0389466443	-0.0260647352	-0.0856370952	0.0065253196	-0.0918401224	-0.0750593075	0.0163100665	0.0738261999	0.1110551147	0.0070981322	-0.0810602634	-0.1746063463	0.0733004122	-0.0881654819	0.0771890163	0.1784344943	0.0984584141	0.0167722621	0.0174848517	0.0483386366	-0.0403893987	-0.0570926317	-0.0908763189	-0.0068363358	-0.0637856512	0.0413295145	0.1319348509	0.1004067355	0.1188271316	0.1168038122	0.0519873642	-0.0046569962	-0.2058718669	-0.0104580645	0.1087932118	0.1501711899	0.0302811621	-0.0329095623	0.0009559341	0.0462372751	0.0149943229	0.0398903509	-0.0398272017	0.1028032359	0.1115231738	-0.0859093701	0.1609866522	0.14732675	-0.0075539447	0.0896764244	0.0116418222	0.0972812727	-0.0122227541	-0.0664923899	-0.1585306641	0.1264856183	-0.0918698898	-0.0217194009	-0.0635615445	-0.1160478857	-0.0241664702	0.145267007	0.150533529	0.1312842438	0.0	0.0	0.0	0.0	-0.0002644593742502	3.9870727462700006e-05	6.993876062880734e-08	1.5896749084049002e-09	0.0232440896966892	-0.0159535064736076	0.0005402877058277	0.0002545143688034	-0.1049085459960821	-0.012834272726451	0.011005803023012	0.0001647185564169	0.0006039769371198	-0.0003859586076907	1.4896404685062086e-07	3.647881405726149e-07	0.0001216109569368	-3.330227672379999e-05	1.1090416349885507e-09	1.4789224847084224e-08	0.0003679635700818	-0.0004669600804508	1.3539718890734373e-07	2.1805171673461765e-07	0.0	0.0	0.0	0.0	0.0	0.0
994.0594302035032	0.5982839475063884	0.3579436818438268	988154.1507765136	1035.3574859719529	-1.6680819360831265	1071965.1237581626	2.782497345486832	1016.8100984013796	-0.6225036236013466	0.387510761396807	1033902.7762110232	1011.729454108044	905.7400954182942	1.110778	23.591267	0.0691883129911298	0.0349412431256151	-0.1141914873	0.1338388683	-0.009386629	-0.0495143985	-0.030705304	0.0401960348	0.0030432725	-0.0196793891	0.0039767402	-0.0334860719	-0.0044592571	0.0313892238	-0.1591719381	-0.2192246204	0.2473365142	-0.0701423195	-0.1007192393	-0.0007088921	-0.0126407116	0.0317944586	-0.0159094123	-0.0484355036	-0.0844458932	0.0483707196	-0.0802239312	-0.0403748399	0.0691770095	0.0527781991	-0.0225468354	-0.0280919252	0.0334113758	-0.1913061025	0.0384001045	-0.0688453469	0.1096477685	-0.0131787317	-0.1131019437	0.0003428213	-0.0008519833	0.0407500088	-0.0098951605	0.0205472085	-0.027746527	-0.0767555347	-0.0963159481	0.0253960801	-0.0229563341	-0.0814925766	0.0186900613	0.1560708503	0.0317967556	0.0748330154	-0.1119270908	0.1039190463	-0.0254703328	-0.1265285197	0.1533477387	0.1101830257	-0.0050105734	0.0167698851	0.0526403674	0.0809382333	-0.0363263675	-0.0190695431	-0.1122575431	-0.0663911587	0.1703908542	0.0947983761	-0.0096628816	-0.1151758766	0.0159045111	0.1638715975	0.0005574916	0.019124732	-0.1868618972	-0.1650914984	-0.0945710742	0.1415010471	-0.0305623715	-0.3188346271	-0.0218771489	-0.070174558	0.1486728395	0.1241982259	0.0	0.0	0.0	0.0	-0.000176615723177	8.784365107319998e-05	3.119311367333469e-08	7.716507033870108e-09	0.0304828226724112	0.007238732975722	0.0009292024780776	5.239925509380509e-05	-0.0764854278312725	0.0284231181648095	0.0058500206705327	0.0008078736462107	0.0010209651921069	0.0004169882549871	1.7387920479718674e-07	1.042369923493879e-06	0.0001068086803612	-1.4802276575600013e-05	2.1910739182055684e-10	1.1408094200500987e-08	0.0006049454025096	0.0002369818324278	3.65958940017502e-07	5.616038890083792e-08	0.0	0.0	0.0	0.0	0.0	0.0
993.7936568877856	-0.265773315717638	0.0706354553475473	987625.8324703976	1036.1233316722669	0.7658457003140029	1073551.5584356384	0.5865196366894455	1018.333753182685	1.5236547813053676	2.3215238925947075	1037003.6328711336	1012.4091084798176	902.5285958607992	1.3072	27.762972	0.100183989864403	0.0513894349686929	-0.114697643	-0.1610269916	-0.0125704644	0.1121396616	0.1435635766	0.0199514716	-0.0043881379	0.0363655625	-0.1818311303	0.0707248661	0.1368890508	-0.0538303999	-0.1897481102	0.0096860569	0.0399800291	0.0253907934	0.0486392793	0.0231713442	-0.0384295491	0.0577823534	0.0508484769	0.0668534192	-0.0618587087	-0.0618957514	-0.0018333643	-0.0576166007	0.0068402828	-0.1368254534	-0.0008709953	-0.0669763198	0.0045640329	0.1395020287	-0.0469521526	0.0360127858	0.0400245115	0.0252776812	-0.0384224986	0.0289468452	0.0153529156	0.0445420936	0.0531776045	0.0256879744	-0.0560357416	0.123456826	0.1164664387	0.0630638453	-0.1335337162	-0.06447142	-0.0335963666	-0.090566068	-0.0174995345	-0.0277238207	0.0472939171	-0.0296387579	-0.1530401238	-0.0818755557	0.0553092234	-0.0414544532	0.0017151421	-0.006311967	0.0552781373	-0.1009721796	0.0409852448	-0.1703061231	-0.0560926099	0.0552819538	0.1649547094	-0.0768708717	-0.0869074542	0.1071568815	0.0409148367	0.0185403911	0.0699541383	-0.0543010676	-0.1237315678	0.0944909786	0.0070089988	0.0233010846	0.0754897006	0.0143520301	0.0644865633	-0.1884747677	0.1465885319	0.1163652652	0.0	0.0	0.0	0.0	-0.0002083858272783	-3.1770104101299984e-05	4.3424653010461484e-08	1.009339514607438e-09	0.0452027928467657	0.0147199701743544	0.0020432924811476	0.0002166775219338	-0.1168053650225147	-0.0403199371912422	0.0136434932980429	0.0016256973351057	0.0004599712391922	-0.0005609939529147	3.147142152068607e-07	2.115735408840081e-07	0.0001730757829263	6.626710256510002e-05	4.391328882373485e-09	2.995522663555172e-08	0.0003299602100953	-0.0002749851924143	1.0887374024613454e-07	7.561685604712963e-08	0.0	0.0	0.0	0.0	0.0	0.0
993.2211222870112	-0.572534600774361	0.3277958690838569	986488.19775707	1037.353425678454	1.230094006187073	1076102.1297668235	1.5131312640573635	1017.38259391905	-0.9511592636349632	0.9047039447986056	1035067.3424094546	1011.9690621975247	901.0738271204632	1.270297	26.9792	0.0468476158887073	0.0251998624792067	0.122270272	-0.1229000924	-0.0592179779	-0.1506599883	-0.1275846387	0.0819401955	-0.1052614419	0.0139662998	-0.1596324205	0.0508233693	0.0426228252	-0.0796891189	0.0072724565	0.0024305937	0.0080788033	-0.109649837	0.0316880046	0.0339967222	-0.0719135463	0.0552015807	0.0561063442	0.0888475267	-0.1116207313	-0.0142805259	-0.0810080128	-0.0971159678	0.0161094233	-0.121099016	0.0693026818	0.0891210439	-0.0954315164	0.2014290705	-0.0657266888	-0.2217197813	-0.0660826867	0.0520648511	0.2555846559	0.0556005571	0.0444766714	0.0513504199	0.0665677612	-0.0220007264	-0.1587297951	0.0322821588	0.0288462091	0.0786013951	-0.0130657292	-0.0883866233	0.0092398691	-0.1437263333	0.0990286072	0.0484316749	-0.0735158468	-0.1255203333	0.050253036	-0.1052753627	0.1163693568	-0.3404243028	0.0061020467	-0.0513974078	0.1159812583	-0.1263463185	0.1162836622	-0.049077832	0.1257945881	-0.0356715737	0.1191719909	-0.0316531652	0.0282686605	-0.107264364	0.0477961313	0.074013561	0.1403280819	-0.001489065	-0.0560755406	0.048011287	0.0108166069	0.0419902565	-0.095860758	0.056091196	0.0207383193	0.0404427144	0.1442837413	0.1078324701	0.0	0.0	0.0	0.0	-0.0002758712876413	-6.748546036300002e-05	7.61049673448689e-08	4.5542873604060475e-09	0.0571534205949006	0.0119506277481349	0.0032665134856976	0.0001428175035744	-0.1317852957742076	-0.0149799307516929	0.0173673641822953	0.0002243983253255	0.0007419907460531	0.0002820195068609	7.953500225006526e-08	5.50550267228436e-07	5.812221962187003e-05	-0.0001149535633044	1.3214321716385593e-08	3.3781924137728933e-09	0.0003299785785003	1.8368404999986616e-08	1.0888586226907865e-07	3.373983022435333e-16	0.0	0.0	0.0	0.0	0.0	0.0
992.6713369329144	-0.5497853540967981	0.3022639355793416	985396.3831681795	1036.280189112613	-1.0732365658409435	1073876.630347273	1.1518367262580618	1017.3560666346024	-0.0265272844476385	0.0007036968201659	1035013.3663182296	1011.6896514442466	888.2814533042907	1.16381	24.717583	0.0553184411696153	0.0333083962544104	0.1021967476	0.1130589692	-0.0186776418	0.0797388702	0.1154164385	0.0168874528	-0.0967898002	0.0498589881	0.0387311971	-0.0178317891	-0.1459309067	0.096023913	-0.0430665178	0.0317487789	-0.0166658185	-0.2685116015	0.1500738256	-0.0124197632	-0.0484088553	0.0612661351	0.1544572839	0.0089009591	-0.0356515313	-0.1076505788	-0.0613475472	-0.124102486	0.0137704409	0.2131607047	0.2452646917	0.0822631334	-0.0660245728	0.0435232804	-0.1287181131	-0.0009521407	-0.2072583933	-0.0430251173	0.0546913097	0.0235335119	0.056507985	0.0125993813	0.1655285709	0.0340350905	-0.1174679078	0.0684061357	-0.0671004228	-0.1051878813	0.0710628431	0.1489351859	0.1847810773	-0.0456150917	0.2382714584	-0.0051213248	0.0513700356	-0.1173561193	0.1504138274	-0.1905871991	-0.2656949592	-0.0090070432	0.0182425473	-0.0880475507	0.0729115337	0.1011120886	0.1880898729	0.0398383319	0.0014673806	-0.0077047394	0.149326591	-0.0234364406	-0.0192715107	0.1901066687	0.0293981745	0.0193354023	0.0666760394	-0.0116004469	0.1441695323	0.0422405925	-0.1074370342	0.114000668	-0.001553377	0.0916204401	-0.0059452186	0.0855572283	0.1417619342	0.0986511579	0.0	0.0	0.0	0.0	0.0087380516906279	0.0090139229782692	7.635354734808512e-05	8.12508074581695e-05	0.0491838703556624	-0.0079695502392381	0.0024190531031626	6.35137310157416e-05	-0.1633211771011957	-0.031535881326988	0.0266738068897201	0.0009945118110698	0.000615988447976	-0.0001260022980771	1.5876579120710373e-08	3.794417680398813e-07	6.810159786496683e-05	9.979378243096804e-06	9.958799011879383e-11	4.6378276317616555e-09	0.0003299786346825	5.6182200005531334e-11	1.088858993469268e-07	3.1564395974615257e-21	0.0	0.0	0.0	0.0	0.0	0.0
993.89804174277	1.2267048098556188	1.50480469052291	987833.3173801132	1032.00376390156	-4.276425211053038	1065031.768706987	18.28781258573002	1016.943364717983	-0.4127019166194259	0.1703228719813475	1034173.8070439324	1010.7595807790992	903.8913950920104	1.217696	25.862036	0.1073382400616602	0.0531036755799683	-0.1526698212	-0.0169159532	0.023159715	-0.0267412582	-0.0409692659	-0.0431412154	0.1292308896	-0.0647186258	-0.1337746778	0.0843737692	-0.0471256035	-0.1189747126	-0.0613927745	0.1357788043	0.0715128356	-0.0084383929	0.077727432	0.0066767828	0.023997708	0.0159626477	0.0350194045	-0.0880413242	0.0125302158	-0.0157451232	0.1831582567	-0.024426716	0.0493338646	0.1309273241	0.0274225476	-0.2319835206	-0.1960668203	0.0874111033	-0.0440879712	0.0301620072	0.1855161909	-0.0278873763	-0.1343953014	-0.0449276405	-0.0159266866	-0.003017737	0.0481234737	0.1638250395	0.0458809741	-0.0599489256	-0.043010643	-0.1436705581	-0.0684841951	0.0977088641	-0.021756811	-0.0846819069	0.1021904481	-0.2334612113	-0.0458837572	-0.0957066723	0.0443573227	0.1619025031	-0.0057893275	0.2619390196	-0.0087786356	-0.039189353	0.0232764075	-0.014303679	0.0710131679	-0.1495903084	-0.1237534219	0.035753819	-0.0272929096	-0.0454801111	-0.0890159006	0.0043629565	-0.0751696034	0.0760406995	0.1664328634	-0.1391701431	0.1404177685	0.049432108	0.110532004	-0.0090181939	0.1738890903	-0.0153403284	0.0259104341	-0.0938959492	0.1390269037	0.088876546	0.0	0.0	0.0	0.0	0.0137277021868555	0.0049896504962275	0.0001884498073309	2.4896612074504324e-05	0.0172214452632601	-0.0319624250924023	0.0002965781769554	0.0010215966177874	-0.133302276025617	0.0300189010755786	0.0177694967936097	0.0009011344217853	0.0006388333291725	2.2844881196500046e-05	5.218885968822014e-10	4.081080224616198e-07	0.000464729157934	0.000396627560069	1.5731342140631452e-07	2.1597319023404478e-07	0.000717851461366	0.0003878728266835	5.153107205853018e-07	1.5044532967944848e-07	0.0	0.0	0.0	0.0	0.0	0.0
994.8368042045868	0.9387624618167364	0.8812749597162196	989700.2669999952	1035.8202038815148	3.8164399799547937	1072923.494769143	14.565214120597346	1019.0468725932508	2.1035078752678373	4.424745381313811	1038456.5285420852	1013.4710114515636	892.8985325241089	1.277378	27.129587	0.0770405624030002	0.0392929692848462	0.1080270966	-0.1229338663	-0.0783237497	-0.2040449857	-0.0235029874	0.0348367291	-0.0293041643	-0.0420753	-0.1704798717	-0.0336585715	0.0136665704	-0.1915444301	0.1031145956	0.1730501385	0.0286656822	-0.0433180054	0.0786597323	-0.0042624904	-0.0804634749	0.1091449213	0.0832419828	0.028318209	-0.0322175235	-0.0958673296	0.0520341203	-0.0022603868	0.0240686446	-0.0922550832	0.1353149766	-0.0272009225	-0.035015611	0.2385891121	-0.050485957	-0.0790351969	0.1398786754	0.0255925818	-0.1032927036	0.0307567841	0.0729390331	0.0825091409	0.1008295902	0.0519477664	-0.1045877089	-0.0181548939	0.1346433832	0.0022367342	0.010334143	0.0110068348	-0.0558418229	-0.1904466048	0.0447554198	-0.0675133284	-0.0183575188	-0.2841945974	-0.0214667776	-0.0043647932	0.0663188224	0.0401225164	-0.0047221606	-0.0891972405	0.048993537	-0.0772835719	0.1636204579	-0.1229245909	0.1438734556	-0.0362406085	-0.1274773436	-0.1036523678	0.0221533819	-0.1186735155	-0.0543884695	0.0686083816	0.1074821473	0.041298415	0.1420191358	0.0569890424	0.0407393082	0.0839046759	-0.1009205436	0.1151409979	-0.0228825483	0.0610298404	0.1360827635	0.0785674201	0.0	0.0	0.0	0.0	0.0101706308619355	-0.0035570713249199	0.0001034417321297	1.2652756410568118e-05	0.0406423898514134	0.0234209445881533	0.0016518038528342	0.0005485406454013	-0.143042686741424	-0.009740410715807	0.0204612102302051	9.487560091260788e-05	0.0005749754347773	-6.38578943952e-05	4.0778306765885156e-09	3.305967505973452e-07	0.0002270610800816	-0.0002376680778524	5.6486115230054487e-08	5.155673408782276e-08	0.0002129347181312	-0.0005049167432348	4.53411941856136e-08	2.5494091759883696e-07	0.0	0.0	0.0	0.0	0.0	0.0
995.1071622711778	0.2703580665910294	0.0730934841708395	990238.2644033962	1041.0325999008985	5.212396019383732	1083748.8740564242	27.169072262887376	1019.5440879845844	0.4972153913336115	0.2472231453790364	1039470.147344318	1013.8460741671372	896.2316729354858	1.184762	25.162563	0.1289055066691776	0.0647549665599898	0.0932108276	0.0951696839	-0.0982439999	0.0081100092	0.1487129703	0.0819478264	-0.0660544642	0.0612938513	0.0344194304	0.0098403321	-0.0740700164	0.1373985022	-0.1080434216	0.149305453	-0.1424494673	-0.0417476431	0.0350344493	0.039983916	-0.0449425715	0.1468774894	-0.0135973755	0.0886577643	-0.1192462101	-0.0154557758	0.1495360515	-0.0076709936	0.1826976051	-0.0106565835	-0.0070449707	0.0461083119	-0.0483072621	-0.0650618142	-0.0399781284	0.1487784397	0.0184955633	0.205348473	0.0224660653	0.0534097414	0.0286829537	0.1205060171	0.0566574342	0.0440578332	-0.1158480834	-0.0031624671	-0.0915811839	-0.1443325453	-0.0801515748	0.0634735719	-0.1122935323	0.0600791283	0.0537769127	0.0790317804	-0.1188444742	-0.0626968455	-0.0940853721	0.0387392153	-0.2270185328	-0.0071540937	0.0246758339	-0.0615980716	0.1113243875	0.0354851921	0.1583936448	0.0640604954	-0.0113208976	-0.1250058576	0.0295850296	-0.1194027679	-0.1130953912	0.0658948634	0.1092749771	-0.0238308257	-0.0448308775	0.101849869	0.1314662748	-0.0408538022	-0.0168263032	-0.1067870348	0.1307195377	-0.0212586594	-0.1418806347	0.168856865	0.1329339419	0.0677857805	0.0	0.0	0.0	0.0	-0.0002092870077632	-0.0103799178696987	4.3801051618473735e-08	0.0001077426949816	-0.0056347784271082	-0.0462771682785216	3.175072792260397e-05	0.0021415763038786	-0.1061928465493196	0.0368498401921044	0.0112769206582473	0.0013579107221836	0.000182998215228	-0.0003919772195493	1.5364614064560018e-07	3.348834677663341e-08	5.400636949470794e-05	-0.0001730547105868	2.994793285631297e-08	2.9166879459989203e-09	6.999504169033369e-05	-0.0001429396764408	4.8993058612315514e-09	2.0431751101019552e-08	0.0	0.0	0.0	0.0	0.0	0.0
996.3489322836002	1.2417700124224211	1.54199276375158	992711.19486267	1038.8425901312578	-2.19000976964071	1079193.9270706205	4.796142791121756	1019.2247358737308	-0.3193521108536288	0.1019857707066684	1038819.0622168762	1013.6328797166911	910.8751138305664	1.175117	24.95772	0.0372781256694489	0.0190390962920249	-0.1578425549	-0.0147259183	-0.0494434702	-0.074077662	-0.0014603694	0.1034998197	0.1097099188	-0.1429334646	-0.0325673025	0.1864394304	-0.0872091938	-0.0252748644	-0.0150972512	0.1126373769	0.0806090549	0.0866493815	-0.0764906291	0.0346845591	-0.0436519469	0.1053766962	-0.0113743767	-0.062042963	-0.0735152651	-0.0633209262	0.1597714783	0.0055893813	0.1455902546	-0.0687486436	-0.1760184727	-0.0177179419	0.0174501176	-0.0063591122	-0.0034485587	-0.1190197126	0.1371978107	0.1453040409	-0.2588317674	0.0266021368	-0.0017590713	0.1323332808	0.0263345864	0.1445846106	-0.0353769748	-0.0022103693	-0.0754307459	-0.1115644452	-0.0971752848	-0.1019459799	-0.1250068872	-0.0617604466	-0.1324948089	0.0700858394	-0.1409548745	-0.0238911512	-0.1189134842	0.0726461036	0.135774663	0.258935456	0.0185333414	-0.024653029	0.0859703278	-0.0721788629	0.0916095161	-0.113785875	-0.1630103884	-0.0912952966	-0.0341806996	-0.1626860395	-0.1615084956	-0.0991649204	0.0975615625	0.0231865264	0.0410018525	0.0297183118	0.0830204568	0.0080760512	0.1897425413	-0.1295714833	0.2739474832	-0.0412604672	-0.0154773647	-0.1317535409	0.129585175	0.0565964693	0.0	0.0	0.0	0.0	0.0080131749077452	0.0082224619155084	6.421097210211729e-05	6.760887995198607e-05	-0.0202035583865267	-0.0145687799594185	0.0004081837714777	0.0002122493495059	-0.0991052179664393	0.0070876285828802	0.0098218442281754	5.0234478928861786e-05	0.0001820018521186	-9.963631093999853e-07	9.92739445773207e-13	3.312467417460075e-08	6.599408650864724e-05	1.1987717013939305e-05	1.4370535920628983e-10	4.355219454110816e-09	-6.500598241916129e-05	-0.0001350010241094	4.225777750280306e-09	1.822527651061245e-08	0.0	0.0	0.0	0.0	0.0	0.0
996.828325132521	0.4793928489207246	0.2298175035963287	993666.7097865068	1041.6767011943616	2.834111063103819	1085090.3498111672	8.03218551800746	1019.2422060801028	0.0174702063720815	0.0003052081106831	1038854.6746550348	1014.8272818506292	903.6743774668377	1.223155	25.977972	0.0704795565874239	0.0357413252187256	0.0847664031	-0.0996491534	-0.1574137293	-0.2009794232	-0.0385128974	0.1623242748	-0.0417158448	-0.0806108175	-0.0441856595	-0.0263053272	-0.0581730321	-0.0856198339	0.1505579732	0.1568491722	-0.0125137094	0.0355375938	0.0119757032	0.0487017175	-0.0357534756	0.1355824424	-0.0791197431	-0.0761797709	-0.0906473811	0.0569522385	-0.0603763172	0.0556684185	0.1263485838	-0.1174430683	-0.0095794946	0.0328978911	-0.1218703009	0.0503439692	0.039509097	-0.0265763538	0.0390406485	0.0343979602	0.029627361	0.0674127362	-0.0030099094	0.1567541476	-0.08118271	0.0742144959	-0.1107286584	-0.0450265489	-0.0345707976	0.03029149	0.1070962856	-0.1562912737	-0.0860753454	-0.0671333159	0.0040443683	0.0257937172	-0.0236717236	-0.1249979216	-0.08858297	0.1092686824	-0.0429644491	-0.0650366643	0.0241015104	-0.0192141274	0.0956273838	-0.1319167857	0.0658236698	-0.0273612576	0.0728598421	-0.1760185004	-0.0511983336	-0.0587744849	-0.1226715295	-0.2464822605	0.1395051966	0.0601564881	0.0778971439	0.1499424015	0.0799257755	0.0742812073	0.1987629776	-0.0328726857	-0.0942166554	-0.0055279802	-0.1107707854	-0.0281415329	0.1260414998	0.0450667802	0.0	0.0	0.0	0.0	0.0074527753476729	-0.0005603995600722	5.5543860382880914e-05	3.140476669292272e-07	0.0080034726026951	0.0282070309892218	6.405557370209108e-05	0.0007956365972269	-0.1090166027256884	-0.0099113847592491	0.0118846196698505	9.82355478458754e-05	0.0005079881288071	0.0003259862766884	1.0626705258923125e-07	2.580519390089388e-07	0.0001230476598745	5.705357336585276e-05	3.2551102338127434e-09	1.5140726600590642e-08	0.0001879689931041	0.0002529749755232	3.5332342368569186e-08	6.399633824099466e-08	0.0	0.0	0.0	0.0	0.0	0.0
996.0478668953976	-0.7804582371232982	0.6091150598936064	992111.3531468718	1040.0873831698768	-1.5893180244847829	1081781.764629162	2.5259317829522123	1019.3295703009476	0.0873642208447336	0.0076325070838073	1039032.7728899145	1014.117865878455	906.0739601389567	1.175225	24.960024	0.0501580702885391	0.029304885205081	0.0414457021	0.11376661	-0.1040407508	0.0330528076	0.1357148155	0.1206067086	-0.0827986426	0.0694746379	0.0199157642	-0.0593395419	-0.188197168	0.0936232285	-0.0066438109	0.0065457982	-0.0237597077	-0.1183837966	0.1600026911	0.0527449134	-0.0303003728	0.0635221314	-0.0962344654	-0.0105712854	-0.1308886868	0.0160145968	0.0276794477	0.045076913	0.0875556562	-0.0430946438	0.0246820307	0.1347405248	-0.0633791304	-0.0523018612	0.1595711836	0.0562952878	-0.2492192461	0.1264312787	-0.1211492553	0.0750266071	-0.0162175303	0.0806330154	-0.0827715727	0.0219116243	-0.1061811981	0.0139524593	-0.1395192697	-0.0457621084	-0.0238006646	0.0137342991	-0.0878804804	0.1414514404	0.037946834	0.0788690136	0.0101446211	-0.0653861787	-0.1880222002	-0.0562784607	-0.2432956704	-0.0380340098	0.0335920315	-0.0049456424	0.0845633148	0.0286705212	0.0504414813	0.113198002	-0.0260674473	-0.1727829834	0.0927148078	-0.0087108665	-0.1494101576	0.0239230254	0.1669666578	0.0232113291	-0.081817571	0.1236189241	0.2007550437	0.0239255816	-0.0053810175	-0.0180232398	0.0068731134	-0.0452801652	-0.1718576968	-0.1190268353	0.1223082461	0.0332660541	0.0	0.0	0.0	0.0	-0.0001466794778224	-0.0075994548254953	2.1514869214251937e-08	5.77517136447438e-05	0.0014100187607084	-0.0065934538419867	1.988152905549652e-06	4.347363356640918e-05	-0.1029549201519444	0.0060616825737439	0.0105997155834932	3.674399562483163e-05	2.9967395039129765e-06	-0.0005049913893031	2.5501630327036296e-07	8.980447654312593e-12	3.400029404332372e-05	-8.904736583117628e-05	7.929433361471342e-09	1.1560199950324743e-09	0.000191999818916	4.03082581190001e-06	3.686393046377679e-08	1.6247556725879373e-11	0.0	0.0	0.0	0.0	0.0	0.0
993.8270848880092	-2.220782007388493	4.931872724340465	987692.274656998	1033.5125217939678	-6.574861375908995	1068148.132704927	43.22880211241992	1017.0835057207464	-2.246064580201164	5.044806098434232	1034458.8576092036	1011.4116139219692	911.3308432388304	1.194686	25.373337	0.0458092674013753	0.0292516907851013	-0.1437507752	0.1198654924	-0.0159422919	0.0024678389	-0.2323961451	0.0037681184	0.0560937762	0.1081792836	-0.0764397852	-0.0218601262	-0.1312821038	0.0859591272	-0.1680264334	-0.1692075219	-0.029198737	0.0052472793	-0.1203396624	0.0297272447	0.0778219452	-0.0888109216	-0.1358978684	0.0430533578	0.0959257366	0.0238167038	0.1557503722	-0.0521165495	-0.0246163945	-0.0433576848	0.097981556	0.0225335531	-0.1045224674	-0.1925204596	0.0575800582	0.2512476765	-0.0301235104	-0.3035955502	-0.0400420451	-0.0125359129	-0.0812311008	-0.0580108383	-0.1091826078	0.0338576727	0.0306524563	0.0458037043	-0.0238000727	-0.0213177864	-0.120814076	0.2039290758	-0.2284168686	0.0524844107	0.1762882606	0.0596484933	0.2356461044	0.2057661856	0.0929160338	-0.0177768556	0.0551163597	-0.0729387621	0.0306938652	0.0916058258	-0.0380533859	0.0244241464	-0.107389454	0.0533636192	-0.162575447	-0.0686890383	0.1440186572	0.0429092512	0.0256122472	-0.1027788231	-0.1590218901	0.1375237835	-0.0618061681	-0.0470459224	0.2249864828	-0.1480529313	-0.1104456902	0.1676973035	0.0497861726	0.0575120501	0.0220974497	-0.1350255272	0.1183910292	0.0212652622	0.0	0.0	0.0	0.0	-6.96876658992096e-05	7.69918119231904e-05	4.856370778479861e-09	5.927739103215924e-09	-0.001149568692071	-0.0025595874527794	1.3215081777898295e-06	6.551487928425738e-06	-0.1294288614993064	-0.026473941347362	0.0167518301890066	0.0007008695704635	2.9969214395352163e-05	2.6972474891439187e-05	7.275144017693174e-10	8.981538114745832e-10	0.0001690053797291	0.0001350050856857	1.82263731610238e-08	2.8562818377377293e-08	0.000363997194125	0.000171997375209	1.3249395733087293e-07	2.958309707878553e-08	0.0	0.0	0.0	0.0	0.0	0.0
993.1786966104452	-0.6483882775639813	0.4204073584823865	986403.9234008228	1032.0859146118164	-1.4266071821514288	1065201.3351401095	2.03520805216604	1017.8307246259334	0.7472189051869691	0.5583360922688128	1035979.3839925526	1012.1874654914308	910.0706385739644	1.053157	22.367483	0.0669115743120721	0.0381250586584655	-0.1694787391	0.0250397569	0.0647626859	0.0449127592	-0.2140487572	-0.0659518895	0.1105399743	0.1045130731	-0.1344344166	-0.0671229817	-0.0551108138	0.0626889634	0.0730085484	-0.1086730939	-0.1854425592	0.0043794154	0.0384299799	0.0440176605	0.0999503606	-0.1284067086	-0.1531312336	0.0249122586	0.1302669767	-0.0206381195	0.1896555618	0.0024570466	-0.2678424406	0.00862805	-0.0310207312	-0.1271687295	-0.101329221	-0.167203722	0.0874249824	0.1549749356	-0.1033992426	-0.0848281662	-0.0400061593	-0.0310078997	-0.1229935819	-0.109103411	-0.1978111432	0.0653208113	0.1326125975	0.0087790767	0.1724056291	0.0064685907	-0.176926095	0.2153726253	-0.1455028735	0.0644554214	0.0868415637	-0.1219618472	0.1434459647	0.2138010926	-0.0907044363	-0.0018028269	0.0777090472	-0.0413976957	-0.0012543468	0.1109013625	-0.0949687366	-0.0288254932	-0.2192765864	0.0557595487	-0.1754541164	-0.03487184	0.0039587945	0.0310385251	-0.0213548661	-0.1087904896	-0.2083789366	0.103059413	-0.1409622671	-0.1711515147	0.1805710585	0.03987855	0.0150410519	0.0064050352	0.0886053598	0.1320842327	-0.0691612594	0.04660547	0.114295741	0.0091365784	0.0	0.0	0.0	0.0	-5.96404860147004e-05	1.0047179884509204e-05	3.556987572069674e-09	1.009458236316864e-10	-0.0207714106449117	-0.0196218419528407	0.0004314515001795	0.0003850166816222	-0.0999984876044521	0.0294303738948543	0.0099996975231777	0.0008661469075909	-0.0001790463504643	-0.0002090155648596	4.368750635359946e-08	3.205759561458494e-08	0.0001909560087078	2.195062897869998e-05	4.818301125605432e-10	3.6464197261613386e-08	0.0004900172259765	0.0001260200318515	2.401168817537043e-07	1.588104842785308e-08	0.0	0.0	0.0	0.0	0.0	0.0
992.013454575952	-1.1652420344931895	1.357788998949828	984090.6940597144	1032.8153339185212	0.7294193067048127	1066707.5139772266	0.5320525249937296	1017.730563527778	-0.100161098155354	0.0100322455836864	1035775.4999385688	1011.9247012818224	885.3659317652384	1.155525	24.541622	0.0200266992416412	0.0096846680389798	-0.0740122562	-0.1396946439	0.0900908589	0.1312898978	0.0170084583	-0.0590576828	0.1450895657	0.0181538163	-0.1075385058	-0.1205939746	0.0376575604	0.1098306945	0.019135377	-0.0437421503	-0.1102858877	-0.0041179339	-0.0352228415	0.0285544248	0.0959634679	-0.0567550131	-0.2078385089	0.0807025748	0.1184406121	-0.0065014063	0.244505791	0.0752196431	-0.1100116208	-0.0663192243	-0.0688205016	-0.1673781343	-0.0875520435	0.0263660143	0.0644099017	0.0093065011	-0.126675149	0.0322855241	-0.0506552004	-0.0376108359	-0.1109426097	-0.0896689003	-0.2082370361	-0.0136582694	0.1097163092	-0.0064575204	0.1825068516	-0.0499661471	-0.1471352183	0.0960598179	-0.1969275662	0.0222157359	-0.0163754209	-0.1642355381	-8.43342e-05	0.0143575792	-0.0208664022	-0.0200271615	-0.114385343	0.0001580995	-0.0088593465	0.1188529758	-0.0988442493	-0.1139766214	-0.2279450307	0.0204054146	-0.0647877744	0.0053968913	-0.0514206899	-0.0214327755	-0.0917359329	0.0541792917	-0.1747885463	0.0427093327	-0.2384568309	-0.0374061701	0.046939493	0.1234125732	0.1687139172	-0.0339936149	0.0470919687	0.0383947546	-0.047518175	-0.0227611599	0.1100285411	-0.0030470538	0.0	0.0	0.0	0.0	-4.330750741132761e-06	5.530973527356764e-05	1.875540198182196e-11	3.0591668160321323e-09	-0.0175051784685678	0.0032662321763439	0.0003064312732164	1.0668272629784223e-05	-0.0945426037867633	0.0054558838176888	0.0089383039307809	2.976666823211852e-05	-0.0001090782405129	6.99681099514e-05	4.8955364101712e-09	1.1898062553390062e-08	0.0003299740839466	0.0001390180752388	1.9326025243100665e-08	1.0888289607639785e-07	0.00047401794092	-1.5999285056500045e-05	2.2469300831403658e-07	2.559771223191457e-10	0.0	0.0	0.0	0.0	0.0	0.0
992.6365951776424	0.6231406016904657	0.3883042094751556	985327.4100858629	1031.8841964320134	-0.9311374865078506	1064784.994846142	0.8670170187801576	1018.0900563622124	0.3594928344343771	0.1292350980096624	1036507.3628636128	1012.8410690742724	887.8909554290772	1.063252	22.58189	0.1100864277311618	0.0517353400902773	0.0942469191	-0.1291264125	0.0099028258	-0.0809972797	-0.0948422199	-0.0124455304	0.0300340415	-0.098298133	-0.090695162	-0.1140278365	0.0072230838	0.0070112896	0.2919757714	-0.0230065807	0.0735117485	0.1050471852	-0.0381257005	0.0295451684	0.0653985691	0.0143472646	-0.1493589965	0.0118345231	0.0022100701	0.1360006826	0.0388685849	0.2061113627	-0.0824591242	-0.0543035415	-0.1477574157	-0.0339176311	-0.0607206891	0.0934495596	0.1279457535	0.0085169583	0.0161431757	-0.0342337416	0.146811374	-0.0167597328	-0.0717157391	0.0191229099	-0.1634115968	-0.0915471947	0.0491413368	-0.1981898845	0.1217315008	-0.0232838253	0.0803411484	-0.0789867659	-0.1186071373	0.0042701125	-0.0767947258	-0.1504085281	-0.0528961969	-0.0442474105	-0.0388818803	0.1793881994	-0.0425713612	-0.10277988	-0.0136910279	0.0852323447	-0.0239731894	-0.1428305797	-0.2018341598	0.0632878036	0.1025675295	-0.1103387462	-0.2096900991	-0.0034525557	-0.0551607846	-0.1326643764	-0.0975759676	-0.0109903479	-0.1424396873	0.1623705258	-0.1189827301	0.0237566098	0.1745263058	0.0381998056	-0.1667302095	0.0491751197	-0.1001741273	0.0431222874	0.1055958478	-0.0152123607	0.0	0.0	0.0	0.0	-0.0001136644026047	-0.0001093336518635	1.2919596419483332e-08	1.195384742982372e-08	-0.0063318142529595	0.0111733642156082	4.009187173398108e-05	0.0001248440678946	-0.0587908962583583	0.0357517075284049	0.003456369482861	0.0012781845911966	0.0002420188434744	0.0003510970839873	1.232691623843852e-07	5.8573120596686136e-08	-0.0002549823581123	-0.0005849564420589	3.4217403910620733e-07	6.501600294850921e-08	0.0001490310202605	-0.0003249869206595	2.221024499988556e-08	1.0561649859974417e-07	0.0	0.0	0.0	0.0	0.0	0.0
993.9314496030488	1.2948544254063563	1.6766479829944252	987899.726510018	1036.9114115865607	5.027215154547321	1075185.2754784338	25.272892210110243	1020.2926156317774	2.202559269564972	4.851267335946583	1040997.0215127338	1015.0718118223116	879.9213069788615	1.201101	25.509586	0.1778573221937756	0.1187496222509886	0.1420373727	0.1006144692	-0.028673929	0.0296201095	0.1188921153	0.018282334	-0.0016209989	0.000861993	0.1188880644	-0.0787235104	-0.0195082708	0.2689543865	0.2693067529	-0.0544607485	-0.0141491404	-0.1446703058	0.0232826205	0.06645427	0.0807399299	0.0516112633	-0.1654020792	-0.089399353	0.1652846577	0.0773702806	0.116777706	-0.028247728	-0.1112444386	0.0569897858	0.0779080394	-0.0334181373	0.2361576686	-0.1215200747	-0.1966221915	0.0169261833	0.1326544574	0.2373148034	0.1070700762	-0.0128543112	-0.1032412588	0.0470856117	-0.1640626443	-0.0606418022	0.1834002487	-0.0706048057	0.0287964381	0.041599454	0.1097816608	0.2616105404	0.1462756956	-0.006964901	-0.1464469026	0.0656469707	-0.2094437903	0.0510917063	0.0533121269	0.0502507162	-0.2363047646	0.0859765321	0.0105186215	0.0456553249	-0.1484407093	0.1250661195	-0.0592152691	0.1196480651	0.1304126394	-0.1780156205	-0.1251371937	-0.0788821454	-0.0422129124	0.1880473925	-0.215552428	-0.0160873971	-0.2021091547	-0.0616771291	0.1033021132	0.0748025595	0.1086458066	0.0130634776	-0.2131354304	-0.1075069353	-0.0853850883	0.1721916589	0.1010043284	-0.0272861787	0.0	0.0	0.0	0.0	0.0075567597660466	0.0076704241686513	5.710461816174066e-05	5.8835406927029984e-05	0.0135467039985002	0.0198785182514596	0.0001835131892229	0.0003951554878736	-0.17439732866967	-0.1156064324113117	0.0304144282471169	0.0133648472148711	5.799804394356594e-05	-0.0001840207995308	3.386365465996742e-08	3.363773101279805e-09	0.0001350008536498	0.0003899832117621	1.5208690545628297e-07	1.822523048617472e-08	2.8996084306375627e-05	-0.0001200349359541	8.407729051024428e-10	1.440838584951074e-08	0.0	0.0	0.0	0.0	0.0	0.0
995.1761673473796	1.244717744330842	1.5493222630520591	990375.6040562198	1040.4693777184737	3.5579661319129627	1082576.5259698678	12.65912299583969	1019.7233897308446	-0.5692259009327927	0.3240181262927495	1039835.791564164	1014.3834840967708	899.3223252932231	1.20808	25.657816	0.0681930488912752	0.0390176043471816	-0.1176901157	0.16752238	0.0131030465	-0.1110758002	-0.0357955282	0.0979636194	-0.0811545287	-0.1126465938	0.093888396	-0.071085328	0.0601847143	0.1644652321	-0.0286952982	-0.1057936439	0.2233794527	-0.0090393218	-0.2187914276	0.041709128	0.0154277778	0.0714281647	-0.136559366	-0.0652213438	0.0197619697	0.1574457438	0.1426842551	0.0581375285	0.0746577138	-0.0453588794	-0.0003949041	0.1541626617	0.0829466754	0.0413479589	0.0486091395	0.0009889968	-0.0949455073	0.1287016442	0.0775808397	0.013454514	-0.0205875834	0.1045081422	-0.0800925325	-0.0540822761	0.0887787942	-0.1554567512	-0.1125433043	0.0529903403	-0.0773982253	0.0484715576	-0.1360508312	0.0647620694	-0.0725084486	0.1659757879	0.0520043615	-0.0742874997	-0.0271972396	-0.1804213297	-0.0172909144	-0.0408728556	-0.0077878912	-0.0276202035	-0.0447283565	0.1731148828	-0.0297429927	-0.0418222139	-0.095818656	-0.1151285035	-0.1708457018	-0.1085339053	-0.0358162882	-0.0422255321	-0.2350996424	0.1075763934	-0.0697993771	0.1165543844	0.0586768177	-0.2872741997	0.0029732188	0.0979262557	-0.0932162356	-0.1457163239	0.1738788225	-0.0592809957	0.0962608888	-0.0391958943	0.0	0.0	0.0	0.0	0.0088309815026121	0.0012742217365654	7.798623429947706e-05	1.623641033935997e-06	-0.009963445697906	-0.0235101496964061	9.927025017512158e-05	0.0005527271387474	-0.1442386683341823	0.0301586603354876	0.0208047934428182	0.0009095447932313	0.0001729998781907	0.0001150018342471	1.3225421880205298e-08	2.992895785399704e-08	1.400502609305576e-05	-0.0001209958275567	1.4639990286141389e-08	1.9614075586717266e-10	5.799876495881368e-05	2.9002680652438056e-05	3.363856736747714e-09	8.411554850273046e-10	0.0	0.0	0.0	0.0	0.0	0.0
995.3686502298076	0.1924828824279529	0.0370496600277731	990758.7498603092	1040.204440618816	-0.2649370996575726	1082025.278283104	0.0701916667749665	1021.6035444097188	1.880154678874192	3.5349816164925145	1043673.8019505002	1015.6005827567102	897.6649848302205	1.430124	30.373693	0.2346778548051506	0.1644027078569296	-0.1091126026	-0.1232104305	-0.0288138267	0.065136877	0.1946023697	0.1511392399	0.0515347066	0.0256855022	0.0030931319	0.116417286	0.2088934092	0.0089593663	0.0215938687	-0.0036091608	-0.0563639699	-0.1114847409	0.0066580589	0.0841631828	0.0031885274	0.0607407227	0.0519970646	-0.107082326	0.1760400386	-0.0074148243	0.0951502762	-0.1556463495	0.0234749494	0.0076055134	0.1772629083	-0.0808755707	0.173702479	0.0343425221	-0.1177357587	0.1027965997	0.001785153	0.0065110625	0.0606349723	0.0238756507	-0.0631637458	0.0871551774	0.0892076809	0.045266159	0.1334635765	0.1494678677	-0.0018116225	0.1266147099	0.0387714344	0.2474072683	0.0892244653	-0.118687625	-0.0616324251	-0.0289264679	0.0501866518	-0.0338196964	0.1805953395	0.0127762845	-0.0271547724	0.1431052325	0.0260193176	-0.0643720908	-0.2978881783	0.0670316889	0.1581296334	-0.2606409432	0.0833456238	0.0641643851	0.0778915927	-0.2343866036	-0.0304021583	0.1942510823	-0.2381422504	-0.112247386	-0.0716334644	-0.1249068518	-0.066088276	0.0099161135	-0.067077017	0.0403473802	0.0040499759	0.014646962	0.1458285437	-0.1676312381	0.0913726637	-0.0508698813	0.0	0.0	0.0	0.0	-0.0001489912366423	-0.0089799727392544	2.219838859620184e-08	8.063991039775218e-05	0.0074210645012726	0.0173845101991786	5.507219833204834e-05	0.0003022211948653	-0.3087026532317054	-0.1644639848975231	0.0952973281122945	0.0270484023283727	-0.0003840057030454	-0.0005570055812361	3.102552175281656e-07	1.474603799713919e-07	-6.796537210052023e-05	-8.197039819357599e-05	6.719146180013405e-09	4.619291804762173e-09	-0.0001800129949954	-0.0002380117599542	3.2404678367213904e-08	5.664959787650224e-08	0.0	0.0	0.0	0.0	0.0	0.0
996.1063986999948	0.7377484701871708	0.5442728052635109	992227.9575310728	1040.524266594335	0.3198259755188246	1082690.7493716786	0.1022886546165678	1022.4306533283992	0.8271089186804375	0.6841091633607225	1045364.4408655372	1017.2708433258148	890.8168208122254	1.475062	31.328112	0.1520225901935298	0.0925246472225555	0.1053553755	0.0227278717	-0.1389624843	-0.0778043213	0.0824400309	0.1117572648	-0.1442504225	0.0359215185	-0.0193848903	0.0638947637	0.043754271	-0.0280515013	0.0340949366	0.1380805877	-0.0373200909	0.0020300892	0.0846352092	0.0432339743	-0.128515774	0.1287293925	0.1281430867	0.0938073032	-0.023901814	0.0822927016	0.0469543781	-0.1269939347	-0.0776898155	0.1581049599	0.1308289868	-0.0144489912	0.1601121548	-0.0121885246	-0.0364758137	0.0863999391	-0.0875471783	-0.0708071718	-0.01254097	0.1100934394	0.0764592946	0.1438932067	0.1358903086	-0.042393354	-0.0444755693	-0.0105491527	-0.019982936	0.0603468216	-0.0260010818	0.2017063528	0.1675768178	-0.0412889924	-0.0515050041	0.0401128812	0.1562199248	0.0578479801	-0.0632278908	0.0206787431	0.0555356961	0.1463379321	0.0715991663	-0.0875703262	0.0640928097	0.0639149132	0.2082929423	-0.0414737816	0.0818496613	-0.0932858725	-0.1478495454	0.0801530805	0.009825813	0.1208739474	-0.1005621182	-0.0863804556	-0.1427528277	-0.0148263427	-0.0414014648	-0.2069255765	-0.052107682	-0.3355940858	0.0663242325	0.1555561861	0.0820552476	0.2802665755	0.0863470055	-0.0622379308	0.0	0.0	0.0	0.0	-0.0023745508248111	-0.0022255595881688	5.638491619611076e-06	4.953115480490078e-06	-0.039444371242439	-0.0468654357437115	0.0015558584227113	0.0021963690674479	-0.2309207901275272	0.0777818631041782	0.0533244113131214	0.0060500182279571	-0.0004289883271736	-4.498262412820002e-05	2.0234364734589227e-09	1.840309848512037e-07	-0.0002550192102228	-0.0001870538381222	3.498913835627604e-08	6.503479758266065e-08	9.094517790354518e-05	0.0002709581728989	8.271025383907484e-09	7.341833146073466e-08	0.0	0.0	0.0	0.0	0.0	0.0
996.400275219973	0.2938765199781983	0.0863634089944963	992813.508458438	1038.1329608716462	-2.391305722688685	1077720.044448131	5.7183430593636535	1022.2698768591656	-0.1607764692336104	0.025849073059226	1045035.7011336536	1015.245942272385	901.4866243298848	1.202898	25.547747	0.1749120875566706	0.0970810680119512	-0.1139629464	0.1595461028	-0.1079108934	-0.0886623794	0.1041581277	0.1119811677	-0.0445129869	-0.0170794589	0.0288825223	0.0659786424	-0.0476798944	0.1038166037	-0.2170017276	0.0616233882	0.2002998992	-0.0935847152	-0.022492077	0.0692545733	-0.1700293106	0.1637302825	0.1445955993	-0.0785578017	-0.0797414117	0.0806401483	-0.0374960673	-0.170847958	0.0748334345	0.0307583968	-0.0739339821	0.0346981574	0.1528163034	-0.1158327664	0.052504494	0.0800290183	-0.0470778605	-0.0966545546	-0.0483535687	0.1249703132	0.0692375219	0.1385637049	0.2160674734	0.1618008409	-0.0213257665	-0.0401643232	-0.1683346762	0.0851864103	-0.1024170222	-0.0358430631	0.0591984483	0.0461060321	-0.0181911004	0.0440222888	-0.0177956482	0.1500427274	0.102262723	-0.1648339205	0.0047043746	0.0331145064	0.0786074048	-0.1194211	0.0473561076	0.1329710783	0.2095033362	-0.1176229415	-0.1114315259	-0.029657548	-0.0134734833	0.1034098288	0.1309559769	0.008386775	-0.0192696794	0.0142978534	-0.0221418421	0.0886494496	-0.1000964616	-0.1601404166	0.0662368852	-0.0054239434	-0.0628540241	-0.1026105038	0.089351805	0.1129429384	0.0811914732	-0.073231674	0.0	0.0	0.0	0.0	0.002681191681475	0.0050557425062861	7.188788832810738e-06	2.5560532289868052e-05	0.0417058223116981	0.0811501935541371	0.0017393756146949	0.0065853539138739	-0.2478396417870669	-0.0169188516595397	0.0614244880411416	0.0002862475414775	0.0006880240122564	0.0011170123394299	1.2477165664388811e-06	4.7337704144139483e-07	-0.0001548936177062	0.0001001255925166	1.0025134276800226e-08	2.399203280611443e-08	0.0003095532426911	0.0002186080647875	9.582321006057505e-08	4.778948599015976e-08	0.0	0.0	0.0	0.0	0.0	0.0
996.9158820657194	0.5156068457464471	0.2658504193806005	993841.2759148714	1035.5658661691766	-2.567094702469604	1072396.663174717	6.589975211447501	1021.3743204303344	-0.8955564288312416	0.8020213172209668	1043205.5024345274	1014.8054612121282	918.2696602408092	1.239696	26.329279	0.1157192164266387	0.0632983870286961	-0.1966784048	-0.0558356028	-0.094597947	0.030889518	0.0557911089	0.0781904919	0.1013120599	-0.006168647	-0.1447600439	0.1096982499	-0.0436240394	-0.0947429135	-0.1281900264	0.100699148	-0.0439616925	0.0641741489	0.0104548684	0.1136958117	-0.0147988692	0.0589860173	0.1100790027	0.0158414877	-0.0534364803	-0.0843428647	0.0013444455	-0.0089212209	0.0087846706	0.0158194402	-0.2003661113	-0.0469289156	-0.0057664557	0.0142687033	-0.0482835874	-0.0102951453	-0.2565883773	0.0239563171	-0.1686642742	0.059303728	-0.0643553916	0.0673479308	0.0996610183	0.1241367247	-0.0534132475	0.0794599226	0.0156305959	-0.0731210953	-0.0995449339	-0.1098537616	-0.0013510849	-0.0947180311	-0.036318466	-0.2217412136	0.0789902725	0.0705947223	0.0286233367	-0.0635097208	-0.2312104218	0.152267278	0.0581819881	-0.0246678592	0.0291648629	-0.0517152827	0.1042169175	-0.1607863471	-0.1641474269	-0.0287756648	-0.0633410413	0.0309634802	-0.0887560829	0.1216337088	-0.0336313499	-0.1060321834	0.0650534518	-0.0728506574	-0.0082908187	0.0361131501	0.0865626731	-0.0841135512	-0.0300370692	0.0829202357	0.0264696931	0.0005442119	0.0759138211	-0.0837849934	0.0	0.0	0.0	0.0	-0.0001747289150983	-0.0028559205965733	3.053019377142893e-08	8.156282453931593e-06	0.0071155915225205	-0.0345902307891776	5.0631642715365606e-05	0.0011964840660485	-0.2026231556085491	0.0452164861785178	0.0410561431887663	0.002044530622332	0.0002480122232128	-0.0004400117890435	1.936103744973495e-07	6.151006286295575e-08	-0.0001939840191129	-3.9090401406700014e-05	1.5280594821369342e-09	3.762979967119396e-08	0.000127523855894	-0.000182029386797	1.6262333822073683e-08	3.3134697657728235e-08	0.0	0.0	0.0	0.0	0.0	0.0
995.5191667100688	-1.3967153556505991	1.95081378471018	991058.4112871098	1038.7728702645552	3.2070040953785792	1079049.0759976625	10.28487526777498	1023.69492713134	2.3206067010056586	5.385215460752366	1047951.3038344396	1017.8465117357944	906.0708112716676	1.365765	29.006798	0.0608576409612609	0.0363132440942629	0.0408459961	-0.1525792864	-0.100843319	-0.0927604516	-0.0599686563	0.075079166	-0.1542205818	0.0794803615	-0.1667861187	-0.0384016649	0.0440396515	0.0066572095	0.0672637735	0.2311335166	-0.0368057537	0.0443199189	0.0017995177	0.0525207218	-0.2641072799	0.1228921415	0.1794451354	0.1332198493	0.0346556779	-0.0921114317	0.2072392859	0.0071183932	-0.1454432749	-0.1298238398	-0.1013600298	-0.0608265861	-0.0571429021	-0.0297246177	-0.0105261635	-0.0495424429	0.0948125239	-0.1262011421	0.0010326659	0.2244578645	0.1633425236	0.076058271	0.1992881076	0.008236311	0.0145795824	-0.0330748047	0.3057974672	-0.0195608537	-0.1361976606	0.0736726188	-0.1263510019	-8.27569e-05	-0.0831018029	-0.0607025323	-0.0863727634	0.0984092309	0.0190349685	0.1041135832	0.0651982133	-0.0247774661	0.0909985712	-0.1161444444	0.1175549526	-0.1693056528	0.1358848576	-0.0907216681	0.0500438225	0.0397632132	-0.1059049729	0.0637145563	0.2250599364	-0.0850377624	-0.0852559632	0.0303303376	-0.2685666128	-0.0157632533	-0.0344333644	0.0048016105	-0.1226077747	-0.121289444	-0.0608426966	0.2610624089	-0.1351037219	-0.0278398118	0.0705219875	-0.0938344199	0.0	0.0	0.0	0.0	0.0043080159551038	0.0044827448702021	1.8559001469428904e-05	2.009500157132324e-05	-0.0095627667983109	-0.0166783583208314	9.14465088388773e-05	0.000278167636278	-0.2341948539054215	-0.0315716982968724	0.0548472295957817	0.0009967721333487	0.0002220207136979	-2.59915095149e-05	6.755585668631373e-10	4.929319731092489e-08	-0.0001699733859115	2.4010633201400014e-05	5.765105067321725e-10	2.8890951918219705e-08	0.0002400185026448	0.0001124946467507	5.7608881611851856e-08	1.2655045547587272e-08	0.0	0.0	0.0	0.0	0.0	0.0
993.1123800270756	-2.4067866829932427	5.792622137433616	986272.1993630426	1031.5444063889354	-7.228463875619809	1064083.8623523011	52.25069000114056	1022.256357572056	-1.4385695592840193	2.069482376898617	1045008.0605964873	1015.7963739055682	895.559153992335	1.323633	28.11199	0.0921344943345406	0.0380779088132528	0.0863996603	0.0640072517	-0.0799361696	0.1263826711	-0.0411326914	-0.0009024346	0.0410566873	0.0839206252	0.0945482635	0.013772417	-0.2761631075	-0.0686521149	0.0084947278	-0.0017456087	-0.1563656591	-0.0819430885	0.007422966	0.0638992589	-0.0339259761	0.0278655734	0.037776082	0.0506170939	-0.1517723637	-0.1717003613	-0.0592436321	0.078032072	0.0440743194	0.2802867713	0.0807397037	-0.257582426	0.0482601995	-0.1403484143	-0.009858442	0.0862828659	0.1415330384	-0.0447562658	-0.023098849	0.0538956388	-0.0373807894	0.0194062613	-0.0070282403	0.0538953158	-0.1435234709	0.1335296243	-0.0184473284	-0.2594654458	0.1616397352	0.0960512285	0.133860022	0.0252169548	-0.0398444387	-0.1667231882	0.091396288	0.2412803659	0.0504910142	0.0694990417	0.18134782	-0.0534099005	0.0765532392	-0.0160831785	0.0783524749	-0.0543177725	0.0872320913	0.1437740234	-0.016544735	-0.0422096768	0.1316735732	0.0765590342	-0.0354506628	0.1632383663	-0.0557058944	-0.1577575024	0.0401971393	-0.1086595205	0.001296617	0.0109997593	-0.013916287	-0.008019853	-0.0827848977	-0.1204112446	-0.005461968	0.1426058214	0.0650240821	-0.1033195152	0.0	0.0	0.0	0.0	-2.570790002209833e-05	-0.0043337238551258	6.608961235462033e-10	1.878116245248728e-05	0.0084806263037933	0.0180433931021041	7.192102250459079e-05	0.000325564034637	-0.220266364772101	0.0139284891333205	0.0485172714499162	0.000194002809537	0.0006199641071675	0.0003979433934696	1.583589444061009e-07	3.843554941759954e-07	0.0001047117624557	0.0002746851483671	7.545193073351067e-08	1.0964553196578944e-08	0.0006839677256878	0.000443949223043	4.6781184978254165e-07	1.9709091264048333e-07	0.0	0.0	0.0	0.0	0.0	0.0
993.3058418882986	0.1934618612229997	0.0374274917478671	986656.4955294216	1032.7995859447278	1.255179555792438	1066674.9847276013	1.5754757172793017	1021.1029482579758	-1.1534093140802495	1.330353045807072	1042651.2309411304	1014.9510321002912	903.4177915382384	1.140746	24.227739	0.1431031668555883	0.080073043368459	-0.1185682546	0.1048368873	-0.0080343975	-0.0169692843	-0.1180875076	0.0094277613	0.0366365516	0.0547328088	-0.0048964634	0.0220522978	-0.1692353324	-0.1026039034	-0.1749880519	0.066637291	0.0841590989	0.0242246278	-0.0492021557	0.1004696457	0.0058162015	0.0049648927	-0.0182200628	0.0687831061	-0.1254159614	-0.0669383616	-0.0818349636	0.1113901425	-0.0653843914	0.0901015718	-0.1872685203	0.0191693428	0.0460590573	0.072886969	0.0830919722	0.0320923794	-0.0665482028	-0.0648159464	-0.0243080012	0.0470415282	-0.083262955	0.0142454071	-0.0281883814	0.0701772707	-0.0684330041	-0.0192615917	0.0407055414	-0.18429272	-0.0493535765	-0.1508000112	0.0832195561	0.0414089503	-0.0396125622	-0.0206009549	0.1324356506	0.0755960083	-0.2040542592	-0.1132717467	0.0780658377	-0.0314179303	0.0554071571	0.0299662271	0.1053628392	-0.0625904765	-0.0289000045	0.0870644203	-0.2588206268	-0.0411217067	0.0808216344	-0.0103680163	-0.0140387473	-0.0986389992	0.0521927037	-0.0981497391	-0.0347595294	0.0443503742	-0.1887319659	-0.1679545917	0.0081201041	0.1109544404	-0.0585815227	-0.1764137432	-0.0251950138	0.1867178968	0.0594283743	-0.1121832348	0.0	0.0	0.0	0.0	-0.0002823034839138	-0.0002565955838917	7.969525702986914e-08	6.584129367272331e-08	-0.0205029320466678	-0.028983558350461	0.0004203702225102	0.0008400466546545	-0.1533310659587954	0.0669352988133056	0.0235104157880604	0.0044803342272265	0.0004325145810815	-0.000187449526086	3.5137324829866014e-08	1.8706886284810544e-07	-0.000154458398978	-0.0002591701614337	6.716917257757011e-08	2.3857397014847032e-08	0.0001920331310489	-0.0004919345946388	3.6876723420444015e-08	2.419996454025388e-07	0.0	0.0	0.0	0.0	0.0	0.0
993.1212765798768	-0.1845653084217247	0.0340643530728063	986289.8699956442	1035.4762278105084	2.676641865780539	1072211.0183606795	7.164411677649124	1020.1579084907796	-0.9450397671961356	0.8931001615821259	1040722.158256282	1014.2658185780692	889.0852556737264	1.195867	25.398418	0.0822910966360925	0.0423010656491398	-0.0845717871	-0.1504016757	0.035653688	0.1708511699	0.0145988754	0.0441094434	0.0687271479	0.0660525407	-0.0218312432	-0.0285006619	-0.0394039439	0.0126251284	-0.0039459068	-0.0573245665	-0.0222823951	-0.0166225314	-0.1128840158	-0.0023774775	-0.0085782804	-0.0468034711	-0.0149754432	0.1016980846	-0.1863238694	-0.2428837563	0.0462944498	-0.014442337	-0.050511102	-0.0097912508	-0.0440855186	-0.0123117823	-0.0609370833	0.143678061	0.0441350669	-0.014256581	-0.0817426818	-0.0485880153	-0.1366065535	0.0344887592	-0.0034556659	-0.0491029226	-0.0658245755	0.0753146861	-0.1540789116	0.1018489815	0.136529308	-0.0482203061	-0.1225384714	-0.0180495439	0.0596829905	-0.0092586347	-0.0018016432	-0.0453022911	0.0175051366	-0.0939144487	-0.1548634922	-0.040322593	0.0508875555	0.0224487111	0.0562805917	0.0414329722	0.0961567423	-0.2197983382	-0.0550586326	-2.125e-07	-0.1486811208	0.0844224837	0.1098721817	-0.0524994117	-0.0055470575	0.065492938	0.0574237386	-0.1258594017	-0.0885936833	-0.019106618	-0.1546279453	0.01246371	0.061829734	-0.0136240507	-0.0770664948	0.0148199558	0.0528543635	-0.0046145825	0.0537432806	-0.1203722712	0.0	0.0	0.0	0.0	-0.0001736193273558	0.000108684156558	3.0143670831480445e-08	1.1812245886723853e-08	0.0013257868257454	0.0218287188724132	1.7577107073200638e-06	0.0004764929676108	-0.1826114051172567	-0.0292803391584613	0.0333469252788988	0.0008573382612345	0.0003505925734872	-8.192200759429998e-05	6.711215328280543e-09	1.2291515258437773e-07	-0.0005469406179832	-0.0003924822190052	1.5404229223524577e-07	2.991440395998447e-07	0.0003390959934226	0.0001470628623737	1.1498609275526e-07	2.1627485489545833e-08	0.0	0.0	0.0	0.0	0.0	0.0
990.8621243782262	-2.259152201650636	5.103768670222916	981807.7495273314	1032.6850170838206	-2.791210726687723	1066438.344509411	7.790857320776606	1019.1184872407642	-1.03942125001538	1.080396534983535	1038602.4910359036	1014.4023948226824	887.8081468582153	1.014246	21.541061	0.0828365101528664	0.0397046722314704	0.0277429342	-0.1488034455	0.0804893161	0.1734175779	-0.1923784253	-0.0066364266	-0.0839318311	0.1008604354	-0.0943865486	-0.0527749646	-0.0534627713	-0.1338501313	-0.092715103	-0.0254844145	-0.0980211466	0.1096703378	-0.2449639725	-0.0177389139	0.0141968296	-0.1888392726	-0.1700575307	0.1335462007	-0.1453666333	-0.234154272	-0.0171900154	-0.0319485552	-0.0727104597	-0.0488453637	0.0920740301	0.0448660435	-0.011186937	0.0567520434	-0.013740584	0.0506921072	-0.0264204846	-0.0448709752	0.1094730795	0.0227913783	-0.0186490984	-0.1431995042	-0.2112743763	-0.0229520076	-0.2254450275	0.1425052004	0.1245342468	0.0476992473	-0.0679924658	0.0150559357	0.0569641323	0.0741815318	0.006772487	0.0939417454	-0.0020913141	-0.028241439	-0.034122629	-0.0476731176	0.0796069334	-0.1335446109	0.0568188477	0.0660138752	0.0774605001	-0.2798884161	-0.0888896744	0.1199240853	-0.0593499335	0.1021501239	0.1750486281	-0.0975544526	0.0218047921	0.0508256794	0.0134687442	-0.2048324758	-0.0181987017	0.0698629872	-0.0135244086	-0.1554021272	-0.1530107015	-0.0314616997	-0.0352101796	0.0910836527	0.1400259944	-0.0149598051	0.0479773519	-0.1278373746	0.0	0.0	0.0	0.0	-0.0001565414859356	1.7077841420200007e-05	2.4505236818925654e-08	2.91652667573499e-10	-0.0300019131050248	-0.0313276999307702	0.0009001147899614	0.0009814247829523	-0.1901720267631077	-0.007560621645851	0.0361653997631881	5.71629996717107e-05	-0.0001329773478297	-0.0004835699213169	2.338398688024329e-07	1.7682975035821016e-08	-0.0003660084748751	0.0001809321431081	3.2736440409689975e-08	1.339622036803967e-07	0.0001249758431511	-0.0002141201502715	1.5618961371328352e-08	4.584743875228975e-08	0.0	0.0	0.0	0.0	0.0	0.0
988.1716931130568	-2.6904312651694227	7.238420392601141	976483.2950699253	1027.4278679395975	-5.257149144223149	1055608.023818907	27.637617124606187	1018.3875217377577	-0.7309655030065869	0.5343105665856727	1037113.1444311718	1012.403146629371	886.2375465456645	0.955704	20.297724	0.0310086310607976	0.020322723684131	0.114170032	-0.0763109851	0.0906097854	0.1105006483	-0.2676526419	-0.1516891035	-0.1297510667	0.0485158736	-0.0669928262	-0.142498732	-0.0548241922	-0.2152058174	-0.037398628	-0.0733539727	-0.1279148275	0.0612062056	-0.1334796623	-0.015332254	-0.0539111866	-0.1652118459	-0.0887658311	0.0848972436	-0.0910882318	-0.1524734546	0.0097292671	0.2445479272	-0.0848845619	-0.0122177389	0.0828355411	0.08024852	0.1497937946	-0.1391980403	-0.0428103305	-0.2091586973	0.203877269	-0.0372803173	-0.0282721429	0.0514776031	0.0118883874	-0.1859101112	-0.0862199417	-0.0756530134	-0.1805220331	-0.0296040384	0.1875125231	-0.1003787196	0.0488018598	-0.0354618709	0.0233470933	0.1226504366	-0.1264040311	0.1657723541	-0.027852988	-0.0152515593	0.2575881434	-0.1197717773	0.1349873054	0.0279947304	0.0349688428	0.0157076269	0.1031087015	-0.2428815593	-0.070485622	0.1719403045	-0.0020063602	0.1236580067	0.0987345869	-0.0768402152	0.0444903978	-0.0286621395	-0.0253622085	-0.1109455879	0.0327135422	0.0064887196	0.128760054	-0.1210538895	-0.1219403631	-0.0492716412	-0.0907784367	0.1086638955	0.1694344145	-0.1050521658	0.0421392607	-0.134533649	0.0	0.0	0.0	0.0	-0.0002139086456338	-5.736715969819999e-05	4.575690867688662e-08	3.29099101183878e-09	-0.0253586209006613	0.0046432922043634	0.0006430596539834	2.156016249510284e-05	-0.1898567830398718	0.0003152437232359	0.0360455980662489	9.937860503963805e-08	-0.0004574476662586	-0.0003244703184289	1.0528098754135177e-07	2.0925836736543946e-07	-0.0003460689288816	1.993954599349999e-05	3.9758549442690157e-10	1.197637035372579e-07	0.0003004205381987	0.0001754446950475	9.025249977159657e-08	3.078084102034536e-08	0.0	0.0	0.0	0.0	0.0	0.0
986.8621386573336	-1.3095544557231733	1.7149328725044166	973896.8807153264	1024.86973908073	-2.558128858867576	1050357.9820834035	6.544023258571127	1016.8918813711462	-1.4956403666114966	2.236940106237772	1034069.0983985492	1011.106728732879	879.7151571337382	0.891254	18.928894	0.095200778537295	0.0501123537294234	0.1664865529	-0.0181166034	0.1005572599	0.1004269397	-0.2187038519	-0.2514282456	-0.1711427683	0.0660658371	-0.1071874388	-0.0894712116	-0.1470050336	-0.1474465376	0.0531176924	0.1242519781	0.084912543	-0.0126164511	-0.259619093	-0.0616425413	-0.0730525139	-0.1590139083	-0.0313580069	0.1431692702	-0.1110250433	-0.0349527955	-0.0958099101	0.2246686876	-0.0820237996	0.0059459694	0.0476948411	-0.0492712312	-0.0188804413	-0.0110638125	-0.0842656994	-0.0963115946	0.1337388198	0.0935731524	0.0116343353	0.0231964222	0.0648420797	-0.2017951608	-0.0267593061	-0.101108955	-0.1691152025	-0.0889983955	0.172755724	-0.1320996656	0.0792597796	-0.1199971356	0.0250470865	-0.0006373038	0.063506935	-0.0186224974	0.0132139379	-0.0445020949	0.1993561102	-0.0942074994	-0.0104012313	0.0651824439	0.0228398914	-0.0571656224	0.0985525503	-0.1201307348	-0.0187429377	0.1847685819	0.0401639717	0.1481355932	0.0163556162	-0.0303852605	0.0194161211	-0.0910915703	-0.0350703043	-0.0195992938	0.0659276268	-0.1134224863	0.1684288798	0.0362969977	0.0050140645	9.93256e-05	-0.0930211174	-0.0985619853	0.0686604506	-0.0556373429	0.036237788	-0.1404208222	0.0	0.0	0.0	0.0	0.0085745834817174	0.0087884921273512	7.35234818849409e-05	7.723759387251404e-05	-0.0056361864012046	0.0197224344994567	3.176659714912367e-05	0.0003889744225853	-0.2082857366814039	-0.0184289536415321	0.0433829481049151	0.0003396263323217	0.0003150352019909	0.0007724828682495	5.967297817389744e-07	9.924717849344717e-08	-0.0002019449549488	0.0001441239739327	2.0771719862182408e-08	4.0781764829272875e-08	0.0003490316613955	4.861112319680004e-05	1.2182310065650298e-07	2.3630412984544707e-09	0.0	0.0	0.0	0.0	0.0	0.0
985.989132588793	-0.873006068540576	0.762139595708673	972174.5695832004	1019.8157199056524	-5.054019175077542	1040024.102566684	25.54310982205148	1017.3336803063232	0.4417989351770757	0.1951862991235979	1034967.8170856084	1011.2648409052936	864.395074485143	1.204577	25.583408	0.1922288229418538	0.1233220093743033	0.1929064339	0.1005634879	0.1580899642	0.1215560866	-0.049419782	-0.236365163	-0.1902144458	0.1422220912	0.0048473063	0.027737973	-0.0256163714	0.0315357233	0.1023275774	0.1003224238	0.177434569	0.0450581608	0.2690722346	-0.1191081395	-0.3136854784	-0.1322637159	0.1877878912	-0.1722554525	0.0217318917	0.1478683321	-0.0005768316	0.0842392737	-0.0896105739	0.0218586972	-0.0206563585	0.0170933842	-0.169468723	-0.1313676407	-0.0867996871	-0.0309068616	0.1200247581	0.1066891045	0.0980821611	0.1678256099	0.260071556	-0.2174226122	0.1589507929	0.0479840215	0.130191968	-0.1900436735	0.0181161316	-0.0079007624	0.1325052704	-0.0405846633	0.0421058574	0.1482640772	0.0615442814	-0.0155304966	-0.1285984641	0.0393294337	0.0476384284	0.2527159729	-0.1041732587	-0.0546946613	0.0530204617	-0.2620840069	0.020505705	0.0530866426	0.0584986389	0.1664817844	0.0612575436	0.2920020792	0.047948729	0.1667348441	0.0674568523	-0.1184640309	-0.032393995	0.1000153748	-0.1414786332	-0.0958465046	0.0287426651	0.2020183329	0.22562811	-0.0621158628	0.0317990293	-0.2402331742	0.1037450059	-0.0128317367	0.0302818103	-0.145463488	0.0	0.0	0.0	0.0	-0.0001875538986837	-0.0087621373804011	3.51764649114556e-08	7.677505147302227e-05	0.0263764249945666	0.0320126113957712	0.0006957157954939	0.0010248072883766	-0.3237883290752705	-0.1155025923938666	0.1048388820453556	0.0133408488497036	0.0005041304024913	0.0001890952005004	3.5756994852286496e-08	2.541474627160402e-07	-0.000363819055984	-0.0001618741010352	2.620322458595414e-08	1.3236430549708896e-07	0.0007170919952962	0.0003680603339007	5.142209297178854e-07	1.354684093910948e-07	0.0	0.0	0.0	0.0	0.0	0.0
988.9153006365916	2.926168047798569	8.56245944395729	977953.4718331604	1021.4332095196372	1.6174896139848445	1043325.8015095872	2.616272651348841	1019.133819772618	1.8001394662948087	3.2405020981121586	1038633.7426043272	1011.2478380831528	870.0802127138774	1.234308	26.214848	0.0967017730468782	0.0473830395708749	0.0221250065	0.1525038012	0.125375452	0.0635336281	0.0015295786	-0.2158503729	0.105708343	0.0774833872	0.1727027791	0.2181991883	-0.1044776637	0.0579592454	0.0247686425	0.0035544802	0.0476577606	-0.0983550456	0.0134566539	-0.0218772463	-0.0930057572	-0.0988413648	0.2092242642	-0.049186773	0.1006095593	-0.1190870497	-0.0847677244	-0.084781546	0.0295204946	0.2003133398	-0.2572121802	0.2207500158	-0.0289328374	-0.0836733188	0.0464091239	-0.0688419144	0.0697273118	-0.1072404111	-0.0049053128	0.0239537683	0.0579632472	-0.1469998889	0.2103948313	0.0507548359	0.180867173	0.1167115622	-0.0275117155	-0.1448033035	-0.0901259631	-0.172018649	0.1371912097	0.1597847468	0.0150965791	0.1555606151	-0.0581274605	0.0657043627	-0.0642459001	0.0209524721	0.0461084672	-0.0514086477	0.053671046	-0.0966980494	0.0241434638	0.1180575561	0.0808566066	0.0635880464	-0.0926686716	0.17745772	-0.0231977731	0.0372124511	0.1831668752	-0.0719861582	0.1199226553	-0.0914962999	-0.0028944547	0.049626717	0.0361311322	-0.036844308	0.1282957564	0.1693203814	0.0009229141	0.0440540101	-0.1125184805	0.1053230361	0.0242802858	-0.1496313194	0.0	0.0	0.0	0.0	-0.0001357814745261	5.17724241576e-05	1.843660882448194e-08	2.680383903154444e-09	0.0054680041930623	-0.0209084208015043	2.989906985534689e-05	0.0004371620604127	-0.3057873512552191	0.0180009778200513	0.0935059041876827	0.0003240352024779	0.0010495570077723	0.0005454266052809	2.974901817483557e-07	1.1015699125639436e-06	-0.0004963734168865	-0.0001325543609024	1.7570658594270205e-08	2.463865689915791e-07	0.0002402609214564	-0.0004768310738398	5.7725310379078414e-08	2.2736787297921685e-07	0.0	0.0	0.0	0.0	0.0	0.0
992.3470684464634	3.431767809871758	11.777030300872	984752.70425429	1028.4395887977198	7.006379278082591	1057687.987806423	49.08935058834513	1021.0661897869892	1.9323700143711449	3.7340538724407386	1042576.1639261198	1013.9209027285656	888.1336544863383	1.184918	25.165886	0.0778403536037009	0.0472472281085556	-0.1277448011	-0.0368359151	0.0595933841	0.0112867101	0.0367827945	-0.0307921813	0.0905788433	-0.0560277595	0.1774246703	0.2678798808	0.0406927192	-0.1350920933	-0.0496929919	0.1668503597	0.0604360406	-0.0385063143	0.016809351	0.0004765878	-0.0449694674	-0.0156480246	0.1110071459	-0.1184686129	0.0248040006	-0.0869500683	-0.0223069818	-0.0112081918	0.0471616717	0.0393339973	-0.0472640875	-0.0491854076	0.0419443544	0.0519282766	0.1074165236	-0.0625521643	-0.0932074787	-0.1023546141	0.1074733674	-0.0008524599	-0.0017023272	-0.016341147	0.0848124664	0.1285237497	0.0813504199	0.1213605087	-0.0600481345	-0.0094029578	0.0188608934	-0.0989920395	0.114062237	0.0207203371	-0.1663837121	-0.1252602215	0.0342844703	-0.101157941	0.0088661274	-0.0064966582	0.059590233	-0.0487100287	0.0021325868	-0.0605656118	-0.0413733478	0.0117713297	0.0185782143	-0.0937216613	-0.0954104413	0.1304897087	-0.083995552	-0.00337906	-0.0361598849	0.0051779024	0.0946530928	-0.0391665072	0.0788487312	-0.0522997743	-0.0393414378	0.1445649913	0.2640763819	0.0736904649	0.0032941289	-0.0400101951	0.0668248783	0.047108124	0.0182422415	-0.1528992503	0.0	0.0	0.0	0.0	-8.198880649956664e-05	5.379266802653336e-05	6.7221643912233805e-09	2.893651133412824e-09	0.0052210239905434	-0.0002469802025189	2.7259091509829727e-05	6.099922043627687e-08	-0.2844342881097361	0.021353063145483	0.0809028642524923	0.0004559533056949	0.0005379883004105	-0.0005115687073618	2.6170254235182295e-07	2.894314113785784e-07	8.607253841574902e-05	0.0005824459553022	3.392432908479494e-07	7.408481869330591e-09	0.0002699766105458	2.97156890894e-05	7.288737024179858e-08	8.83022178057886e-10	0.0	0.0	0.0	0.0	0.0	0.0
994.3762580738862	2.029189627422852	4.117610544040493	988784.142621024	1035.0110119267513	6.571423129031473	1071247.7948096376	43.18360194076979	1025.5200151509666	4.453825363977444	19.83656037280881	1051691.3014752388	1019.3301770595674	886.681722424825	1.486356	31.567968	0.2835337558895542	0.1964685223170197	0.0407065026	-0.1365869083	-0.0914720376	-0.0110006324	-0.1022203459	0.1136425912	0.1888787937	0.1475300073	-0.0088676072	-0.0245940893	0.2728703702	0.0211530661	0.1725815738	0.0923860397	0.0027181879	-0.2822335032	-0.1586978125	0.2547846262	0.0446056124	0.0217579137	0.1003663646	-0.2048812634	0.271800692	-0.3670170035	-0.098108903	0.1012780506	-0.0236162325	-0.1720730761	0.2549573041	0.0841088732	-0.0434197814	0.032281353	0.1117524885	0.0800765486	-0.0069962808	0.0834012212	0.1132378824	0.1101002165	-0.2209886788	0.0414648773	0.1026677449	0.0999342054	0.0977932032	0.2613423858	0.2342862094	0.1525614667	0.3774450603	0.1116745084	-0.1061395664	0.0504150347	-0.011646179	0.1778591964	-0.0412523232	-0.1895664381	0.0213205306	0.0492023984	0.1210504109	-0.0744286616	0.1172976566	0.0307732603	-0.4202134789	-0.0529814964	0.1500948616	-0.067376353	0.2029801565	0.086288979	0.1461947455	-0.0595809098	0.0750594159	-0.1175858642	0.0083117798	-0.0521078682	0.1024448443	0.0845181866	0.0645212596	-0.1025409296	-0.0230757013	0.2166943832	0.0057179759	-0.0029008664	-0.0625707911	0.0382839109	0.0121767591	-0.1552476272	0.0	0.0	0.0	0.0	0.000145679666744	0.0002276684732435	2.12225653026429e-08	5.183293370905663e-08	0.0176858676173168	0.0124648436267734	0.0003127899133772	0.0001553723266399	-0.4802808049064708	-0.1958465167967347	0.2306696515616074	0.0383558581414136	-0.0003359777574373	-0.0008739660578478	7.638166702700242e-07	1.128810534925972e-07	0.0001490494782097	6.297693979395098e-05	3.966094945810927e-09	2.221574695458384e-08	-0.0002929749316685	-0.0005629515422143	8.583431058616224e-08	3.169144388814589e-07	0.0	0.0	0.0	0.0	0.0	0.0
994.0960603461584	-0.2801977277277956	0.0785107666238198	988226.977195753	1035.6154724924188	0.604460565667523	1072499.406865696	0.3653725754471019	1020.7574543757394	-4.762560775227257	22.681985137733253	1041945.7806636397	1014.9435413701932	887.0667698923746	1.299845	27.60676	0.2611476828210007	0.1803779445243337	0.1556369829	0.0144216656	-0.0723220223	-0.0180729962	-0.0688244361	0.0521502758	-0.0560762535	-0.0099720181	0.0659283344	-0.0570302085	0.0224630621	0.0184378723	0.0641275558	-0.0914638635	-0.1235740886	0.1422629223	0.0615745858	0.0074574388	0.0179577435	0.0334140723	0.0112987351	-0.0233478337	0.1134118907	0.1048706409	-0.0464479315	0.1232162821	-0.1052186176	0.1015348174	0.2294139048	-0.0795319058	-0.0405917255	0.0623549993	-0.068232731	-0.0361142072	-0.0092391239	0.0336753625	-0.0304213797	0.0061087426	-0.0041156576	0.0556478858	-0.0094266918	-0.1174603987	0.0413840685	-0.0993143409	0.0012495163	0.000250477	0.2376312879	0.1224819747	0.0474318417	-0.0895474827	0.1278870871	-0.036259188	0.1476715747	-0.0136770485	-0.1230962941	0.0149135898	0.1211343725	0.1466302931	0.0001841685	-0.0047454097	-0.0987118312	0.029520743	-0.0094287271	0.0722369926	0.1747157601	0.0015532419	-0.0374186519	0.131441847	-0.0387592861	-0.0107331449	-0.0810124509	0.034787951	0.1312889021	-0.148172467	0.1259613113	0.0691476391	-0.0226799657	0.0125350469	0.0269516871	-0.0967261099	0.0319555408	-0.066553476	0.0060929618	-0.1566623266	0.0	0.0	0.0	0.0	0.0001373195176199	-8.360149124100012e-06	1.8856649919362026e-08	6.989209337719019e-11	-0.0021905492307183	-0.019876416848035	4.798505932200536e-06	0.0003950719467168	-0.3052163512066954	0.1750644536997754	0.0931570210439288	0.0306475629492008	2.19751930168366e-05	0.0003579529504541	1.2813031473882157e-07	4.82909108127224e-10	8.200670826541412e-05	-6.704276994428589e-05	4.494733001802443e-09	6.725100200528741e-09	0.0006059983904144	0.0008989733220829	3.672340491848436e-07	8.081530338167655e-07	0.0	0.0	0.0	0.0	0.0	0.0
993.7649183603008	-0.3311419858575846	0.1096550147977047	987568.7129636554	1034.1604940514817	-1.4549784409371114	1069487.9274568048	2.116962263591787	1020.9469282950512	0.1894739193118084	0.0359003660993777	1042332.6303951005	1014.761061436776	887.28838596344	1.039307	22.07332	0.0777038444365209	0.0520264548870879	0.0636531499	0.1491349041	-0.033530239	0.0502695249	0.12565916	0.0240318568	0.040418954	-0.1164859668	0.1121714122	-0.041664709	-0.1108058861	0.089369773	-0.0122323556	-0.0560504909	-0.0607309352	0.1093944766	-0.0255442385	0.0552501319	0.1024304024	0.0417083647	-0.0570828067	0.0414112922	0.0727672205	0.1514539261	-0.0397430188	0.0514442619	0.0711732797	0.2013387507	0.0041563624	-0.1240473186	-0.0581769972	-0.0503276442	0.0442391641	-0.0582502498	-0.0062405848	-0.0472571599	0.0095671348	-0.0518977957	-0.0894372313	0.07549606	-0.0418273169	-0.112696847	0.0999549983	-0.1050110163	-0.1239186828	-0.1507055165	0.0482982374	0.0395263324	0.0059985425	0.0401138169	0.0903264797	-0.1134647907	-0.0217614859	0.0746662108	0.0092122807	-0.0776817464	0.0560064073	-0.0434676456	-0.0061892501	0.064180896	-0.0058043656	0.1326673571	-0.0680146513	0.1417565926	0.0168926366	-0.1051801731	-0.067216451	0.0812350692	-0.0842568919	0.1510463929	0.0618859863	-0.0523256504	0.0432939629	0.0748473217	0.0947149745	-0.0440836361	0.0392166032	0.1122335767	-0.0281370374	0.0186261571	0.0447440503	-0.156044915	0.0	-0.1571348403	0.0	0.0	0.0	0.0	4.033828214744517e-05	-9.698123547245482e-05	1.6271770066068936e-09	9.405360033763729e-09	-0.0216561655979745	-0.0194656163672562	0.0004689895084068	0.0003789102205571	-0.2582258112273763	0.046990539979319	0.0666805695840365	0.0022081108475479	-9.800723515713388e-05	-0.0001199824281739	1.4395783070521984e-08	9.60541814314574e-09	2.5972617270220155e-05	-5.603409099519397e-05	3.139819353657677e-09	6.745768478653382e-10	0.0005590007724941	-4.699761792030001e-05	3.124818636490005e-07	2.2087760901825046e-09	0.0	0.0	0.0	0.0	0.0	0.0
994.4582402558764	0.6933218955755365	0.4806952508844551	988947.1916128144	1035.1943062732091	1.0338122217274304	1071627.2517404708	1.0687677097930055	1021.2417923599388	0.2948640648876335	0.0869448167620585	1042934.7984625404	1014.2046734145024	897.1142258167267	1.139066	24.192051	0.0633001245158096	0.037786925651897	-0.134772334	0.1602903565	0.0004861144	-0.1169998526	-0.0336250566	0.0405560669	-0.0559542993	-0.0192102346	-0.0111238209	0.0907613379	-0.043289	0.0690698983	-0.1127966731	0.0193237255	0.0954529642	0.1294853003	0.0885585365	-0.0199591478	-0.0733964207	0.0731365662	0.0995483908	-0.0751814854	0.0148827431	0.2347098107	-0.0043405172	0.0319591136	-0.0604987985	-0.0069245998	-0.083402169	0.0799966662	0.1010053069	0.0726456953	0.1071835548	0.1351165346	0.0472060628	-0.223024446	-0.0924149632	0.0325502891	0.0691278281	0.0575387791	0.1168768991	0.013137247	0.122900309	-0.1649350374	-0.1181232436	0.0778441123	-0.1089196694	-0.0589590044	-0.0318776747	0.0166419662	-0.0194531034	0.0156993928	0.2302591291	0.0042204169	0.0442706117	0.021020181	0.1613349892	-0.0435604592	-0.0123172356	-0.0728253414	0.0163024405	0.1675256779	-0.0199409694	-0.0690077293	-0.1148549276	0.0017898476	-0.1631993016	0.1320189693	0.0135063323	-0.0489789716	0.0189825079	0.1303681121	0.026634789	0.0487226995	-0.0449515383	-0.1377466697	-0.0243789165	-0.0159558581	-0.0290513326	-0.0282245468	0.1101161824	-0.1000135709	-0.0060929618	-0.1566623266	0.0	0.0	0.0	0.0	-8.754353538620308e-05	-0.0001278818175336	7.663870587915391e-09	1.6353759255709305e-08	-0.0416010843596694	-0.0199449187616949	0.0017306502199003	0.0003977997844106	-0.2787573808342927	-0.0205315696069163	0.0777056773695948	0.0004215453505236	0.0002660106093506	0.0003640178445077	1.325089911200567e-07	7.076164428707753e-08	-3.992884382864048e-05	-6.590146109886064e-05	4.343002574964642e-09	1.594312569491961e-09	0.0005350049915074	-2.399578098669997e-05	2.862303409378332e-07	5.757975051616718e-10	0.0	0.0	0.0	0.0	0.0	0.0
993.6010064769864	-0.8572337788899631	0.7348497516699661	987242.9600720804	1033.4384722960622	-1.755833977146949	1067995.076021619	3.082952955303673	1020.313350593254	-0.9284417666848412	0.8620041141248692	1041039.3333988324	1012.9183339706916	897.868955039978	1.128069	23.95849	0.1338142908643749	0.0689753729533214	-0.1683031751	-0.0237036154	0.0182113282	0.0099629661	0.0804777239	0.0576123106	0.0787036386	-0.0033102409	0.0061108854	0.1903443397	0.1553931438	0.0815329135	-0.1251126024	-0.1013173013	0.0194040549	-0.0176545252	0.120639459	-0.0233479449	0.0286585194	-0.0120054207	0.0295611229	-0.1236439447	0.0300795653	-0.0031102546	-0.0035080683	-0.1271901122	0.0619365022	-0.1923541771	-0.0623786669	-0.0127898211	0.0514608924	0.0413764852	0.0591451117	0.1842827498	0.0347660554	-0.08539103	-0.0281231736	-0.045619798	0.0107835384	-0.0105172285	0.0553697692	0.0773113205	0.0980077364	0.0990101903	-0.0612676875	0.1774129513	-0.0585157619	-0.03584947	-0.074905346	-0.0390056798	-0.0039641015	0.0091003222	0.106471492	-0.003302061	0.1132093033	0.0596852158	-0.0291195222	0.0369379219	-0.0278419256	-0.0508702192	-0.0868926152	0.1016186436	-0.0291005703	-0.1695615679	-0.0471000095	0.0589898626	-0.0542406532	0.0583046697	-0.032176738	0.0597423982	0.0037806285	0.098953362	0.045383381	-0.0862401761	-0.003894163	0.049560914	0.0181585204	0.0891656333	-0.0568816306	0.0959909113	0.0080289474	-0.0731334032	-0.0121767591	-0.1552476272	0.0	0.0	0.0	0.0	-3.9148401796751386e-05	4.839513358945169e-05	1.532597363239887e-09	2.342088955140875e-09	-0.0054254103934709	0.0361756739661985	2.943507793758207e-05	0.0013086793869086	-0.331597081041167	-0.0528397002068742	0.1099566241550222	0.0027920339179523	4.9058676299604863e-05	-0.0002169519330509	4.706814125456349e-08	2.406753720269412e-09	-0.0004459931090432	-0.0004060642652145	1.648881874842401e-07	1.989098533140197e-07	0.0002630107586187	-0.0002719942328887	6.917465914918409e-08	7.398086272471237e-08	0.0	0.0	0.0	0.0	0.0	0.0
993.3198629844666	-0.2811434925198455	0.0790416633862564	986684.3501994794	1037.3854853479486	3.9470130518864153	1076168.6452105988	15.578912031761714	1019.5600936841512	-0.7532569091027881	0.567395971111086	1039502.7846332352	1013.8545010396982	880.1635342597962	1.189624	25.265823	0.1308941908515786	0.0909731379382275	-0.0542589583	-0.1776190039	0.0265564735	0.0575396617	0.170675562	0.0467707598	0.0750922145	-0.1156449454	-0.0482277611	0.0883776544	0.1929261485	0.0375667508	-0.0063939153	0.0947928211	-0.0767945601	0.0544995755	-0.2461764763	-0.0471407397	0.1261904196	-0.0479482106	-0.0822050811	0.0021265042	-0.0893754515	-0.0087079442	-0.0504806528	-0.0779596995	0.0609874436	-0.0324691973	-0.1136481843	-0.0220544205	0.1658467043	0.182000432	0.0031634136	0.0832181284	-0.2570648776	0.0045211743	0.0337700325	-0.1069258531	-0.0484567703	-0.0207783764	-0.1046121891	0.0320957439	-0.043864061	0.0723017435	-0.1058468268	0.0673717044	-0.0851232974	-0.0999020284	0.0012363504	-0.0517833275	-0.159557859	-0.0606764142	0.1098680403	-0.0314547326	-0.0943464838	0.0590983786	-0.1077819393	-0.0299170157	-0.0429942527	0.0709740547	0.0558280196	-0.0783039586	-0.0958744655	-0.106584521	-0.0061259925	0.0076802686	-0.1431862932	-0.0123836293	-0.1586670739	0.2535007998	0.0155973214	-0.0163490014	0.074059688	0.123948876	-0.1571887943	-0.0155916602	-0.0658653273	0.0627651211	0.0581921107	0.0143374592	0.0570005209	-0.1204573855	-0.0182422415	-0.1528992503	0.0	0.0	0.0	0.0	-1.2367913910793504e-05	2.678048788595788e-05	1.5296529450479948e-10	7.171945314099368e-10	-0.0251321740416727	-0.0197067636482018	0.0006316261720609	0.000388356533486	-0.2428583707401941	0.0887387103009728	0.0589801882385815	0.0078745587058799	0.0001780133201387	0.000128954643839	1.6629300167667875e-08	3.1688742146803294e-08	-0.0003049927153491	0.000141000393694	1.9881111021891183e-08	9.302055641601716e-08	8.452706786153539e-05	-0.0001784836907571	7.144825201268608e-09	3.185642786629918e-08	0.0	0.0	0.0	0.0	0.0	0.0
994.2584083418408	0.9385453573742096	0.8808673878486831	988549.7825584506	1031.4761732502986	-5.909312097649945	1063943.09598308	34.91996946743199	1019.389334838097	-0.1707588460541274	0.0291585835057371	1039154.615981658	1013.506560559118	887.2042250951131	1.13101	24.020956	0.0759067829713978	0.0352620313617934	0.1213680115	-0.0909944342	-0.0367890831	-0.2055333616	-0.0593021218	0.0104624838	-0.0425773254	-0.0670056377	-0.0212445839	0.0068430328	0.0412964012	-0.1247281608	0.1122920225	-0.1096391542	0.0115885298	0.0569311956	-0.0306363339	-0.0717299078	-0.0107656168	0.030529844	-0.1167358631	0.0206034139	-0.1182412468	0.0167274398	0.070421118	0.0710727559	0.1083891093	-0.0234015446	-0.1778204671	0.0771729533	-0.028539322	0.1909659413	-0.1507610419	0.1707330159	0.032623618	0.1028583921	0.1235264558	-0.0271443198	0.0661478878	0.0437472838	-0.1272003295	-0.0351059377	-0.1403120384	-0.148095631	-0.0592858106	-0.097504252	0.0203006353	-0.1010921039	-0.0427403887	-0.1891929457	-0.0658502688	0.1328882755	-0.0568000082	-0.1173888364	-0.0644124683	0.1778150576	-0.0961205493	0.0291164876	-0.0402581487	0.0022152165	0.1218051941	-0.0635972794	-0.0581798682	-0.0041380313	0.1266356499	-0.1013462575	-0.2593592828	0.0184951448	-0.0521835952	0.0144878785	-0.0208454312	0.049626016	0.1381866609	0.0647969557	-0.1340349457	-0.0437937408	-0.1600016417	0.0860267165	0.1068898082	0.0310371079	0.0735228512	-0.0469614604	-0.0242802858	-0.1496313194	0.0	0.0	0.0	0.0	5.83140680419092e-05	7.06819819527027e-05	3.400530531596416e-09	4.99594257276219e-09	-0.0530574713074258	-0.0279252972657531	0.0028150952615383	0.0007798222273806	-0.2580983972932529	-0.0152400265530588	0.0666147826853458	0.0002322584093379	-0.0001029650450796	-0.0002809783652183	7.89488417207484e-08	1.060180050824406e-08	-0.0001990180418418	0.0001059746735073	1.1230631424978841e-08	3.960818097854445e-08	0.0003509895725486	0.000266462504687	1.2319368003784894e-07	7.100226640410395e-08	0.0	0.0	0.0	0.0	0.0	0.0
992.7207314533412	-1.537676888499618	2.364450213425867	985494.4506572566	1033.8514433910973	2.375270140798648	1068848.8070018552	5.641908241769628	1018.5420920194512	-0.8472428186458956	0.7178203937470419	1037427.99321536	1013.6681143461544	886.3517351214091	1.02877	21.849531	0.0377761894799306	0.0233445229844866	0.1558536626	0.0404419955	-0.0300121911	0.0230726836	0.0080297873	0.0058207288	-0.1756049362	0.0282246933	0.1251407755	0.038383842	0.0551097638	0.0406488548	-0.0073340101	-0.0230602336	-0.1704511477	-0.0336197779	-0.0267308365	-0.1799020797	-0.0055325648	-0.0474713589	-0.1117802333	0.0461040479	-0.2140717954	0.002348787	-0.0105775797	0.1398174837	0.1170794354	0.0518952098	-0.0286479158	-0.0127757716	0.0236783229	-0.1018599676	-0.1937216912	0.0004483195	-0.0697471688	0.032082825	0.1126841177	-0.0296854487	0.1095555324	-0.0360239622	-0.1638737332	-0.0426258678	-0.2578691376	-0.1095325422	-0.1426099511	-0.1136371536	0.1076913939	0.0202943466	0.011823211	-0.0976469954	-0.1194780079	0.0984873522	0.0463268815	0.1563078786	0.0315952318	0.0818785774	-0.086940777	-0.1176612738	-0.0456766195	-0.0075053579	0.1845042673	-0.029460095	-0.0612217548	0.1163071089	0.0762920942	-0.0948969396	-0.1379853317	0.0312484785	-0.1067501223	0.0898401155	-0.0308341942	0.0328515683	0.2022760188	-0.0684096658	-0.0976357811	0.0744971591	-0.1666098925	-0.0588185277	0.047304683	-0.1398576821	0.0487575846	-0.0563319065	-0.0302818103	-0.145463488	0.0	0.0	0.0	0.0	-6.131780310170143e-06	-6.444584835207934e-05	3.7598729772190254e-11	4.153267369819207e-09	-0.0311009599515443	0.0219565113558815	0.0009672697099075	0.0004820883909209	-0.252344267916726	0.0057541293765269	0.0636776295504283	3.311000488181005e-05	-6.293761047199793e-05	4.002743460760208e-05	1.6021955212658606e-09	3.961142811924943e-09	-0.0003190120446137	-0.0001199940027719	1.4398560701222754e-08	1.0176868460861335e-07	0.0003909901931525	4.000062060389997e-05	1.5287333114142925e-07	1.600049648697147e-09	0.0	0.0	0.0	0.0	0.0	0.0
991.484252401054	-1.236479052287109	1.5288804467448271	983041.022759277	1031.305975462261	-2.545467928836388	1063592.0150241654	6.47940697673461	1018.7627512453482	0.2206592258970658	0.0486904939734923	1037877.5433249912	1013.8204765807444	879.8832256380717	1.077956	22.894161	0.1197797010727387	0.0796298424533503	0.1244379758	0.156250309	0.0821777669	0.0429471548	0.1018501463	-0.0480545301	-0.1669499002	0.0567771868	0.0823142708	0.1366166171	-0.0550564628	0.1427562196	-0.1132876084	0.0230640954	0.0891010018	0.1103344091	-0.0034246769	-0.1800228806	-0.15917526	-0.1073989887	-0.0063587395	0.0078629532	-0.001258882	0.1519030446	0.1218967193	-0.089267454	-0.0129483887	0.0049927168	-0.0020367225	0.0488738371	-0.0130612562	-0.1356793961	-0.1356290887	0.1868156974	-0.0223129751	0.0185524929	0.1746775984	0.0587372287	0.2262259104	-0.0991902955	-0.0210273742	-0.0147439186	-0.000468265	-0.0508588804	-0.1008164965	0.0551240023	-0.076541165	0.136808122	-0.000921223	-0.0180695982	-0.0377429166	0.0201903266	0.0160055213	0.1267767844	0.0493596624	0.1668461104	-0.153498165	-0.027310447	-0.0271092883	-0.1362918898	0.1407757689	0.126725449	0.0009356936	0.121056497	0.0017600079	0.045537312	-0.0937580443	0.0222395149	0.0401623018	0.0955254913	-0.0185905934	0.1793785474	-0.029845594	0.0124849482	-0.1420423518	0.2509642118	-0.1303461637	-0.0307964054	0.120575407	-0.0251604978	-0.1085850137	-0.0641767436	-0.036237788	-0.1404208222	0.0	0.0	0.0	0.0	0.0100190447057713	0.0100251764860814	0.0001003812568162	0.000100504163577	-0.0396945801709733	-0.0085936202194289	0.0015756596949498	7.385030847577892e-05	-0.3255087962570684	-0.0731645283403424	0.1059559764407256	0.0053530482072647	2.9677802572188213e-06	6.590539072921675e-05	4.343520527170729e-09	8.807719655137813e-12	0.0001580007646027	0.0004770128092164	2.2754122015652165e-07	2.496424161503781e-08	0.0004079995137446	1.7009320592100026e-05	1.6646360321583005e-07	2.8931698700483796e-10	0.0	0.0	0.0	0.0	0.0	0.0
990.2762819368024	-1.2079704642516162	1.4591926425042654	980647.1145665774	1023.6540460586548	-7.651929403606118	1047867.6060122544	58.552023597771885	1018.1870270738092	-0.5757241715390364	0.3314583216943098	1036704.822101402	1011.4702915728034	882.194804464976	0.994098	21.113148	0.107663309575289	0.0511801434903087	-0.0093242879	0.1724771347	0.0941611496	-0.0721828457	-0.0008841522	-0.1758093023	-0.0278461042	0.0797732744	0.0319666563	0.0196208318	-0.0530777518	0.0704941129	-0.0366050862	-0.0685569127	0.0794627761	0.103465104	0.2674563511	-0.1452537606	-0.1038609727	-0.1087894671	0.0306137689	-0.0519339093	0.1596876336	-0.0066042018	0.0802915858	-0.0183386803	0.175884239	-0.0932519784	-0.0345594851	0.2120548785	-0.0748414048	-0.0622619076	0.1041822922	-0.0763773022	-0.0451766414	0.0228838763	-0.0234294124	-0.0022314256	0.1668754766	-0.1306559885	0.054502595	0.0659356191	0.1085682727	0.0411016222	-0.099800329	0.0067555107	-0.0717762448	0.0172189306	-0.1989774223	0.0081414973	0.0314776684	0.1369092554	-0.0720203706	-0.0629209037	0.0080417715	-0.1185908582	-0.0484109616	-0.1269751902	-0.0430393848	-0.1233905167	0.0507676404	0.1696559544	0.0149427886	0.0466988961	-0.0712043352	0.0674101969	0.0346892595	-0.1353505642	0.1492893995	-0.1051965614	0.0116740239	0.0444922651	-0.0404664332	0.0800343246	-0.1059219109	0.1620155117	-0.1158840061	0.1641020676	0.0610343238	0.0972260971	-0.2722393334	-0.0410528081	-0.0421392607	-0.134533649	0.0	0.0	0.0	0.0	-8.049130428844364e-05	-0.0100995360100597	6.478850066054826e-09	0.0001020006276184	-0.0266935123240017	0.0130010678469715	0.0007125436001916	0.0001690277651615	-0.3671221660146244	-0.0416133697575559	0.1347786847792694	0.001731672542579	-0.0002599973818248	-0.000262965162082	6.915067646882242e-08	6.759863855575084e-08	-9.50088843496566e-05	-0.0002530096489523	6.401388246299472e-08	9.026688105366422e-09	6.498760556494046e-05	-0.0003430119081796	4.22338887706428e-09	1.176571691530512e-07	0.0	0.0	0.0	0.0	0.0	0.0
991.0465338286724	0.7702518918699752	0.593287976929276	982173.232213826	1023.256521526136	-0.397524532518787	1047053.9088457676	0.1580257539542801	1018.4593709470346	0.2723438732253953	0.0741711852834102	1037259.4902698294	1010.9616206196324	888.8281855901082	1.056486	22.438181	0.1094926613280471	0.0656020233489004	-0.1374281709	0.0850031338	0.1080055569	-0.0668683417	-0.1183743442	-0.1244292392	0.1575829221	-0.0720842795	-0.008861779	0.1216262434	0.0039912862	-0.0775675633	0.0328296041	-0.007604755	-0.0929038659	0.0063366684	0.1442930341	-0.1258861607	0.0796535505	-0.0710786191	-0.0394848227	-0.0255039437	0.1216259849	-0.0017638016	0.0774211141	-0.0029078859	0.2090659597	-0.010880773	0.0570498443	0.1522035722	-0.0258942255	0.1809368217	-0.0864585461	-0.1245118128	-0.1037847218	-0.0229585036	-0.0521476666	-0.1340797144	0.0552893677	-0.0979416923	-0.0233115266	0.0358645392	0.0874983749	0.0817643897	-0.1004315605	-0.0560456073	-0.0563343318	-0.018758086	-0.1314596088	-0.1394578995	0.0491611505	0.1228158643	0.0365301811	-0.2363431236	-0.0054199833	-0.1385749421	-0.0473888567	-0.0034553892	-0.0711064141	-0.0022344064	0.0053186366	0.0884964703	-0.0703099173	-0.0297577275	-0.1557097727	0.0335002353	-0.0519028042	-0.1386690906	0.0617860491	-0.1002491883	-0.0518820237	0.0641459768	0.1661219333	-0.0594577662	0.0038478405	0.1115296022	-0.2013061395	0.0887433602	0.1170981988	0.1306571485	-0.1735047053	0.1780805675	-0.0479773519	-0.1278373746	0.0	0.0	0.0	0.0	-0.0001651693032869	-8.467799899845635e-05	2.7280898748279952e-08	7.1703635143825755e-09	-0.0518809172922516	-0.0251874049682498	0.0026916295790854	0.0006344053690346	-0.3095521905810585	0.0575699754335659	0.0958225586935319	0.0033143020714213	-0.0001630010552977	9.69963265271e-05	9.408287359751805e-09	2.6569344028163854e-08	-0.0004619993710308	-0.0003669904866811	1.346820173144625e-07	2.134434188328548e-07	-4.0376397714735935e-06	-6.902524533641405e-05	1.6302534924185334e-11	4.7644844937521504e-09	0.0	0.0	0.0	0.0	0.0	0.0
993.3604137425712	2.313879913898745	5.3540402559440645	986764.911590812	1031.9502572009435	8.693735674807499	1064921.3333370937	75.5810399834206	1021.8416619526477	3.382291005613069	11.439892446651069	1044160.3821021492	1014.9811825972624	872.4511714363098	1.263548	26.835867	0.087888885640995	0.0424315633758883	-0.0201175854	-0.1684584078	0.0338368685	-0.0099965277	0.132573366	-0.0301547327	0.2556691658	-0.0648543115	0.0560058667	-0.0565968483	0.0562542232	0.0634260537	0.1516318489	0.096458369	0.0239798857	0.0299200775	-0.1302701305	-0.0320359014	0.2306660621	0.0213915049	-0.1642180424	-0.12335117	0.0411013097	-0.0312178228	-0.0135554055	-0.1334978017	0.0413945726	0.0368740797	0.0221589649	0.0021369884	0.0786237719	0.0391490723	-0.0409752341	-0.2136459834	-0.1210731005	0.0317755383	-0.2018964569	-0.1837359527	-0.1373655276	0.0159817447	-0.1783209744	0.0518767788	0.0654982085	0.0537762503	-0.0440790724	0.0336423327	0.0080492483	-0.0100258122	0.044561679	-0.1215910429	-0.049587686	0.0023245107	-0.1381467629	-0.1045720644	0.0020355196	-0.1980871698	-0.0975816649	0.1333330308	-0.0729793327	0.1197478793	-0.1052313389	-0.0993270882	-0.0528834715	-0.0419840035	0.0483350355	-0.0527469261	-0.0162599453	-0.222759505	-0.0830097684	-0.0275436294	0.0603283425	-0.0203693325	0.0012591621	0.0390495259	-0.0211703302	0.1516556713	-0.1810695579	0.0747394055	0.1525276127	-0.0596658468	-0.1248296715	0.1498224196	-0.0537432806	-0.1203722712	0.0	0.0	0.0	0.0	6.189978734028045e-06	0.0001713592820209	3.831583672771944e-11	2.9364003534727954e-08	-0.0578409110120361	-0.0059599937197845	0.0033455709867022	3.552152513987076e-05	-0.3261595427944144	-0.0166073522133559	0.1063800473558614	0.0002758041475384	-0.0005390214576527	-0.000376020402355	1.4139134298721613e-07	2.905441318100415e-07	0.000130910898701	0.0005929102697317	3.5154258795343574e-07	1.713766339870348e-08	0.0003300352966584	0.0003340729364298	1.0892329704039809e-07	1.1160472685487836e-07	0.0	0.0	0.0	0.0	0.0	0.0
993.9168613165616	0.5564475739904537	0.3096339025998615	987870.7272093652	1034.224985423841	2.274728222897465	1069621.320474944	5.174388488046262	1021.8754306636774	0.0337687110297793	0.0011403258446127	1044229.3957940764	1015.9152909450474	884.4640363438924	1.249706	26.541876	0.16441733995056	0.1048465444307386	0.1446883361	-0.0049574947	-0.0372151566	-0.1930953014	-0.0283098582	0.014060218	-0.1062057616	-0.1112383029	0.1121371732	-0.0438366188	0.0278865167	-0.1643597233	0.1351586371	-0.0588019424	-0.0062416065	0.0206173302	-0.0204034344	-0.106763886	0.0276157128	0.1348707126	-0.1358400181	0.0695893381	0.0114776908	0.1606150095	-0.0773497569	0.0258736567	0.054086741	0.0627671934	0.0292442901	-0.2034613154	0.1732068346	-0.0335972374	-0.130429065	-0.170387111	-0.0511178183	-0.1273563681	-0.0192212699	-0.0867320938	0.0737874333	0.1378542709	-0.1254315112	-0.1480215323	0.0103750249	-0.131012679	-0.0658653345	-0.0637752855	0.1409582898	0.0161932539	0.0552905469	-0.1547149179	-0.0821049464	-0.1211089761	-0.1190289736	0.0872057347	0.1235205929	-0.1988739477	0.1526034156	0.0574337735	-0.070437047	-0.0355840629	-0.1518715499	-0.0127271668	0.0402854786	0.0528186633	0.1530135926	-0.202438886	0.0809564443	-0.1389878915	-0.0660452085	-0.2452182394	0.02272901	-0.1266919161	0.0526962106	-0.116134767	-0.0714584897	0.1180339794	-0.1240772824	-0.1693732161	-0.0351055783	-0.1443247126	0.0826546957	-0.0466469701	-0.0594283743	-0.1121832348	0.0	0.0	0.0	0.0	0.0004069546876337	0.0004007647088996	1.6561211778704233e-07	1.6061235189943878e-07	-0.035916734924541	0.0219241760874951	0.0012900118476397	0.0004806694971154	-0.4272432829763346	-0.1010837401819202	0.1825368228483963	0.0102179225291659	-0.001032074960256	-0.0004930535026032	2.431017564293823e-07	1.065178723587424e-06	0.0004573294668916	0.0003264185681906	1.065490816596014e-07	2.091502412873551e-07	0.0003307364053094	7.011086510000136e-07	1.0938656979698373e-07	4.91553340507059e-13	0.0	0.0	0.0	0.0	0.0	0.0
994.5709060301048	0.6540447135431577	0.4277744873137513	989171.2871215434	1034.6015378048546	0.3765523810136528	1070400.34202817	0.1417916956470511	1023.72493038719	1.849499723512622	3.4206492272732656	1048012.7330962572	1016.8609617340178	887.2706657663981	1.170498	24.859627	0.1605719870494815	0.081573737237707	0.0322296195	0.1592089119	-0.0276115531	-0.0373171057	0.1754885142	0.0255450036	0.0674736184	-0.0937570725	0.1292259903	-0.1162844805	-0.0761637898	0.1125080168	0.0514228482	-0.0210824485	0.0901314392	-0.029694798	0.0036992479	0.0397895824	0.1602397179	0.1598947282	0.0133654826	0.0430167913	-0.0065225516	0.0357060586	-0.0681296616	-0.0485692633	0.0963003048	0.1898270964	0.0065008738	-0.1294188114	0.1406533372	0.0029391426	0.0814183095	-0.1222755816	0.1125228043	0.1030252939	0.0948686249	-0.1318133236	-0.1003487028	0.1537343518	0.0059470904	-0.0672567549	0.0543150805	0.022783376	-0.1126519721	-0.096417133	-0.0016807881	0.0213747886	0.1815970604	0.0833506843	-0.0700107806	-0.0893409079	-0.1770006921	-0.0223549593	-0.069656105	-0.0859448284	0.1241488832	0.0070388144	-0.0744462148	0.0997851282	-0.0807962063	0.1668543227	0.0493631107	0.0787148034	0.009265269	-0.1748662071	0.0469382296	-0.1172398432	-0.0032010449	-0.0578694019	0.1763370165	-0.1896308065	-0.0199227258	0.0816194751	0.0160613249	0.0123853122	0.0177256824	0.0842402518	-0.0630239102	0.0388237088	-0.093292161	-0.012416166	-0.0650240821	-0.1033195152	0.0	0.0	0.0	0.0	-1.7203875302129743e-06	-0.0004086750751639	2.959733254112297e-12	1.6701531706022992e-07	-0.029400100903274	0.0065166340212669	0.0008643659331226	4.2466518967134494e-05	-0.3643045550909818	0.0629387278853528	0.1327178088600382	0.0039612834678264	4.0012021364756585e-05	0.0010720869816207	1.1493704961607045e-06	1.6009618536937372e-09	0.0001799972771905	-0.0002773321897011	7.691314344440692e-08	3.2399019795993694e-08	-0.0001340034247227	-0.0004647398300321	1.795691783741232e-08	2.159831096182652e-07	0.0	0.0	0.0	0.0	0.0	0.0
995.4245759482584	0.8536699181536278	0.7287523291604215	990870.08640177	1034.0364518416554	-0.5650859631991807	1069231.3837372805	0.3193221458047458	1027.8592754087238	4.134345021533704	17.092808757080526	1056494.6900437467	1020.081299158207	904.8077519480388	1.262989	26.823992	0.1553495804470999	0.1036153875545184	-0.1906714568	0.0410312518	-0.0886394145	-0.0904485771	0.01765694	0.1119101809	0.1927801416	0.073127227	0.045042447	-0.11945691	0.0718341304	-0.0657047517	0.0111441072	0.0742691957	0.0283183684	0.0323826634	0.276954662	0.2687115952	0.1465539775	0.1428194807	0.0607606745	-0.2803926931	0.0505064293	0.0108126646	-0.1037743041	0.0201662306	-0.2470153188	0.0359363328	-0.1303785673	-0.0094209216	-0.0291125622	0.0515752815	-0.0739959161	0.0674747942	0.0224689076	0.176527427	-0.0384427255	0.0198545214	-0.2776265534	0.1386557859	0.0817249584	0.1595008218	0.2066142545	-0.10099251	0.1328227746	0.0629283846	0.0551106396	-0.0978653634	0.1896078986	-0.0398981209	0.0129864248	0.060070605	0.0610789908	0.0064160108	-0.0528846704	0.012929996	-0.0919980378	-0.194312418	0.0102200145	0.1334499605	-0.2586431623	-0.0029014133	0.1064874862	-0.0585047897	-0.1452388368	-0.111425532	-0.0133125094	0.0626411894	0.0119691144	-0.1291245087	0.2253975391	-0.017586766	-0.0538630928	-0.1947973915	-0.0568266418	0.0287155477	-0.0522516225	-0.2389892004	-0.1445166156	-0.0528822732	-0.101364697	-0.0371247239	-0.0705219875	-0.0938344199	0.0	0.0	0.0	0.0	5.220887440771094e-05	5.392926193792391e-05	2.725766566920134e-09	2.9083652931692084e-09	-0.0391796427845889	-0.0097795418813149	0.0015350444087279	9.563943940839222e-05	-0.4667452628681161	-0.1024407077771342	0.2178511404098267	0.0104940986098802	-0.0002139897180404	-0.0002540017394051	6.451688362084507e-08	4.5791599427009894e-08	-0.0001205183183554	-0.0003005155955459	9.030962316630697e-08	1.4524665059213544e-08	0.0001729872708605	0.0003069906955832	2.992459587976399e-08	9.4243287174657e-08	0.0	0.0	0.0	0.0	0.0	0.0
989.3997388042668	-6.02483714399159	36.29866261162074	978911.8431459514	1027.7038933101453	-6.332558531510131	1056175.2923248303	40.10129755500174	1019.1387197211714	-8.720555687552405	76.04809149970261	1038643.7300349084	1012.0198611519212	888.9173120244344	1.49563	31.764938	0.2437705199316827	0.1246022960103987	-0.0995906476	-0.1730787902	-0.1666322555	0.1779709894	-0.0221485015	0.0793751607	0.2622036074	0.3215713419	-0.0809019082	-0.2173171267	0.1200942218	0.0185042172	-0.1268074789	-0.0342738958	0.2609987023	0.1386240398	0.058301259	0.3815712315	0.1245864772	-0.3261622092	0.1434796536	-0.1617272577	-0.124383204	0.3153773884	0.0098498597	-0.1118459981	0.1492952121	-0.2499028582	-0.0159199487	-0.1687215901	-0.21052303	-0.0197185869	-0.1422948563	-0.1959060776	0.0742208266	-0.0164468574	0.1233185043	0.1699296568	-0.4175537489	-0.2598880647	0.1960489236	0.0237668444	-0.0537090357	-0.2584929892	-0.2273483854	0.2647649506	0.033033885	-0.1034220889	-0.2062041748	-0.2022197994	0.1465271226	-0.1085488548	-0.2186806773	0.1162808926	-0.0166756396	0.0023646342	0.0319989381	-0.0342018114	0.2052556617	0.2654957688	-0.251440041	-0.1078751906	0.1547258083	-0.0299258177	0.0499639002	0.1725160356	0.0336943628	0.1405618071	-0.0944217155	0.0238104905	0.1175640374	0.257647296	-0.010133259	0.1961827361	-0.0552040095	-0.1239369787	0.0044116073	-0.1589972556	0.2341196785	-0.0517261025	-0.0501789644	-0.015519832	-0.0759138211	-0.0837849934	0.0	0.0	0.0	0.0	0.0001607731219763	0.0001085642475685	2.5847996750006243e-08	1.1786195850133898e-08	0.0087813992577281	0.047961042042317	7.711297292362762e-05	0.0023002615537848	-0.5621235897586132	-0.0953783268904971	0.3159829301631097	0.0090970252404305	-0.000394938930602	-0.0001809492125615	3.2742617526663095e-08	1.5597675890505139e-07	-0.0010392135962959	-0.0009186952779405	8.440010137101726e-07	1.079964898726258e-06	0.0010797945153844	0.0009068072445238	1.1659561954542311e-06	8.222993787210279e-07	0.0	0.0	0.0	0.0	0.0	0.0
998.0672810162266	8.667542211959812	75.1262879961052	996138.2974351236	1044.8581116324976	17.154218322352335	1091728.473444229	294.2672062509285	1023.771656601963	4.63293688079159	21.464104141398906	1048108.4048615276	1018.287461332398	901.9357424926758	1.64877	35.017403	0.2694283083032332	0.176002033214768	0.0975052945	-0.0708354967	-0.1900831503	-0.1810209051	-0.0384058063	0.2376127831	-0.1489979268	-0.1463422695	-0.038302768	-0.3419378021	-0.0082677139	-0.1416248666	0.1189044925	0.0657962966	0.0590574624	0.065639215	0.1571099656	0.0423163581	-0.0029635496	0.1579211394	0.0033229117	0.2090327812	0.0736558006	0.1656734719	-0.0553362029	0.1494179692	-0.1599962012	-0.1025828903	0.301632464	0.2747240538	-0.1507267753	0.1028127355	-0.1554781445	-0.148330476	0.0328097357	-0.2274965111	-0.1436138043	0.0032250913	0.0098909868	0.1949233833	0.054326413	-0.3049616265	-0.0004118329	-0.1909458288	0.2389386294	0.0440461589	0.0360779786	0.0378486162	-0.0534655853	-0.0343356708	0.2845145223	0.1833091777	0.1554129013	-0.1257351543	-0.0432748919	-0.0430226245	-0.0201536662	0.1164209387	0.0132572489	0.1479264863	0.106865348	-0.0761772854	0.0433261782	-0.030346297	0.1461562343	-0.1480054708	5.33581e-05	0.2193824289	0.2949255641	-0.0499830151	0.0542863737	0.0855777533	-0.09172579	-0.1204778465	0.1870908875	-0.00326823	-0.0364235123	-0.1304926746	0.0905859801	0.0738587598	-0.0173806292	-0.1657693929	-0.0811914732	-0.073231674	0.0	0.0	0.0	0.0	-0.0001136473387362	-0.0002744204607125	1.2915717601820584e-08	7.530658925766074e-08	-0.0166555541983086	-0.0254369534560367	0.0002774074856527	0.0006470386011245	-0.3938079430633792	0.168315646695234	0.1550846960198097	0.0283301569224348	-0.000240927183433	0.0001540117471689	2.371961826604797e-08	5.804590771695844e-08	-0.0004070431739375	0.0006321704223584	3.996394429047979e-07	1.656841454491139e-07	0.0003579509310868	-0.0007218435842975	1.2812886906590705e-07	5.210581601916062e-07	1.0	0.0	0.0	0.0	0.0	0.0
996.193637991627	-1.8736430245995732	3.5105381836306377	992401.7643749928	1035.3016785069517	-9.556433125545936	1071849.5655193117	91.32541408303167	1023.909447029186	0.1377904272230807	0.0189862018343191	1048390.5557156136	1017.5249057946068	895.5602764892578	1.247413	26.493176	0.1154882360663161	0.0612291269711966	-0.0271388212	0.135942422	-0.1535978735	0.0384083795	0.116185144	0.0821076167	0.0692251064	-0.0602694705	0.1002108197	-0.1654859756	-0.196511696	0.0119813225	0.0196945218	-0.2054490718	0.115310647	0.0472450136	0.0310921857	0.143249786	0.1203759007	0.1128059492	-0.0105125771	0.1033238392	0.0069369004	0.0844823776	-0.0842792951	-0.088748162	-0.0086394054	0.087362843	0.0245453088	0.195463221	-0.226440096	-0.2637590281	0.2296000903	-0.1163082069	-0.1022394553	0.1382399296	-0.0488785901	-0.0678443512	-0.1652421511	0.1621827037	0.0210486762	-0.1199137613	0.0227042311	0.050473293	-0.0848940125	-0.0350208885	-0.0570066334	-0.0276859644	0.0364416448	0.3451411274	0.2174978172	-0.0124321509	-0.1904964026	0.0159103186	-0.0376528244	-0.0260832292	-0.0390756016	-0.0755752072	0.0268499123	0.2173599969	-0.0128010959	0.1365953122	0.046608548	0.0799072936	0.000984649	-0.1242077034	0.1749620922	0.1791985355	0.1799675556	0.0416124768	0.0348839485	-0.0768013784	-0.0024843229	0.1870363705	0.0642535991	0.0349459308	0.1579752846	0.0163549889	0.1385225121	0.1210993527	0.0589646961	-0.1184300953	-0.0863470055	-0.0622379308	0.0	0.0	0.0	0.0	0.0001153149090384	0.0002289622477746	1.3297528246534466e-08	5.2423710905997326e-08	-0.0432674728211992	-0.0266119186228906	0.0018720742043332	0.0007081942127913	-0.4426990295398951	-0.0488910864765159	0.1959824307555649	0.0023903383368541	-0.0004270269019411	-0.000186099718508	3.4633105228794055e-08	1.8235197498141385e-07	0.0001239068146681	0.0005309499886056	2.819078904002868e-07	1.5352898721194883e-08	0.0004360265983558	7.807566726900002e-05	1.9011919447373015e-07	6.095809819499602e-09	0.0	0.0	0.0	0.0	0.0	0.0
995.7405334709456	-0.4531045206814497	0.2053037066619662	991499.2099970032	1040.2947479047273	4.993069397775571	1082213.1625181602	24.930742011002906	1022.4147557400004	-1.4946912891856527	2.2341020499674684	1045331.9327548846	1015.824564855945	906.700442612966	1.26132	26.788546	0.1124314298619628	0.0688114824221852	-0.2073763697	0.0007980993	-0.0429197194	-0.0312480911	0.0233811435	0.1522335816	0.0885820608	-0.1327685279	-0.1177733717	-0.0629743555	-0.1248501335	0.0928832495	-0.1116707911	-0.1339217811	-0.1807302126	-0.0340949597	0.0599208566	-0.0183487126	0.1588047811	0.0586953808	-0.0990860956	0.0541871332	-0.1788822972	0.0536463973	-0.1037138805	-0.1388614783	-0.1107046574	0.0166303752	0.0525245777	0.1571655467	-0.1377283857	-0.0240457883	0.1559311702	-0.0347542729	0.1090152514	-0.010589036	-0.0685157164	-0.1522225984	-0.0760829346	0.0931631365	-0.0823636587	0.0350501786	-0.1043738454	-0.0429344432	-0.011701293	0.1037025338	-0.1453424716	-0.0848411156	0.1324402474	0.1402012451	0.2098408913	0.0666999272	0.0727083627	-0.0279252052	-0.0460280249	0.1593854935	0.1122204174	0.1192238359	-0.1131371119	0.1931419587	0.0087057217	0.0344272223	-0.077285034	-0.094695761	-0.1187427664	-0.1005672939	0.0317254126	0.2244272032	-0.0178849111	0.0085336811	0.1026890401	-0.0338261342	0.1271966776	-0.1369387779	-0.0026119397	0.0649530525	0.1506915363	-0.0829072934	-0.0669462325	0.1883506089	0.0499439106	0.0438545838	-0.0913726637	-0.0508698813	0.0	0.0	0.0	0.0	-0.0002727632095655	-0.0003880781186039	7.439976849247288e-08	1.506046261391427e-07	-0.034456792641933	0.0088106801792662	0.0011872705591691	7.762808522131428e-05	-0.3762161771611261	0.066482852378769	0.1415386119577318	0.0044199696604171	-0.0001989835703923	0.0002280433315487	5.200376106387591e-08	3.959446128606741e-08	-4.307718980367525e-05	-0.0001669840044717	2.7883657749429863e-08	1.855644281381863e-09	0.0007759956460417	0.0003399690476858	6.021692426756753e-07	1.1557895338445773e-07	0.0	0.0	0.0	0.0	0.0	0.0
993.2992474809776	-2.441285989968037	5.959877284814219	986643.3950462764	1036.0233461982325	-4.271401706494771	1073344.3738677828	18.244872538246444	1021.7344024369394	-0.680353303060997	0.4628806169860087	1043941.1891231696	1016.5195468538748	886.7170808283488	1.211429	25.728931	0.1448510634432944	0.0709243105547209	-0.0304888437	-0.1062053992	0.1245050246	0.0127303804	0.1419879804	0.0408628758	-0.0980575029	-0.0345625383	-0.1797794106	-0.0906052137	0.1632223994	0.1577633837	-0.1015570801	-0.0688662226	-0.0054716453	-0.1505303364	-0.078147902	-0.1329200681	0.0453503095	-0.0397900995	-0.0035854065	-0.1171524652	-0.1809367289	0.0132615142	-0.0937742996	-0.1464695506	-0.1312495812	-0.1794243829	0.2298559087	-0.0092324603	0.1275082259	-0.0092863249	0.1635128494	0.0173749556	0.1087952257	0.0472372967	-0.1279644073	-0.0913506283	0.0482963561	-0.0354705268	-0.0802912151	0.0698801541	-0.1248719007	0.0046831437	0.0225689415	0.3592932683	-0.02304274	0.0853145965	0.0999711401	0.1888598642	0.0101178801	-0.0754006174	-0.0268743284	-0.0361479532	-0.0570868973	0.0033188315	-0.0454851892	0.1332221273	-0.1648234309	0.0107808652	-0.0240764571	-0.028729793	-0.0421138014	-0.1535215119	0.0846867615	0.0312395584	0.0735582829	0.0467529926	-0.1195098101	0.034668219	0.1461242757	0.0401325558	-0.0414271679	0.0231177918	-0.0201581222	-0.1464707188	0.0151156193	0.0464271757	-0.2020693427	0.0601521288	-0.0281770304	0.0403497571	-0.0962608888	-0.0391958943	0.0	0.0	0.0	0.0	-0.0003485160598302	-7.575285026469996e-05	1.2146344395956752e-07	5.738494323226052e-09	-0.0069146078126465	0.0275421848292864	4.781180120271202e-05	0.0007585719451705	-0.4203486461713339	-0.0441324690102077	0.1766929843380732	0.0019476748209369	5.914614544318445e-05	0.0002581297158354	6.663095019730797e-08	3.498266520786329e-09	-0.0008249894133542	-0.0007819122235505	6.113867253377257e-07	6.80607532146507e-07	0.000354024450357	-0.0004219711956847	1.2533331145057596e-07	1.7805968998757538e-07	0.0	0.0	0.0	0.0	0.0	0.0
990.00472462709	-3.294522853887542	10.85388083478732	980109.3547839604	1031.9880152752526	-4.035330922979938	1064999.2636717549	16.283895657958116	1019.7304289905056	-2.003973446433747	4.01590957401155	1039850.1478091606	1015.149305195466	881.6181972885132	0.907049	19.264368	0.0552145255707973	0.0301368889708497	-0.0301916976	-0.1035348637	0.2102335237	0.0777720577	0.0726821356	-0.0784193806	-0.1560197066	-0.0328443019	-0.2926640839	0.0551165722	0.240433489	0.1135293921	-0.1202372907	-0.2316633167	-0.0949274912	-0.0300669473	0.0551421155	-0.2418809092	0.0052117596	-0.0991980057	0.083263712	-0.0571446678	-0.0934170999	-0.0080110786	-0.0643387661	-0.0405034364	-0.143576648	-0.16386311	0.1306932978	-0.14858338	-0.0316640147	0.0194951687	0.2630051062	0.1694643914	0.0651635971	0.0213131296	-0.0464148919	-0.1053466101	0.1774415962	-0.1066188422	0.0068435543	0.0356833766	-0.1426522884	0.0275508549	0.0451820563	0.3437108595	0.0392455337	0.0543309034	-0.0187152983	0.1653898414	0.0052077728	-0.2086921062	0.0644275687	-0.0672945206	-0.0449434576	0.0062268079	-0.0098553337	0.0031201628	-0.1775746786	-0.0817169886	0.0231517006	0.0196591734	-0.0995659622	-0.1195123555	0.0542625418	0.1650599519	0.1322402938	0.0662678046	-0.0711146878	0.1012812406	0.105956731	0.1788883594	-0.0548772879	0.0513589407	0.1499624325	-0.0922625094	-0.0081076529	-0.0301541271	-0.1428837249	0.0310808212	-0.0413012522	0.0760071156	-0.1010043284	-0.0272861787	0.0	0.0	0.0	0.0	0.0023920084132242	0.0027405244730543	5.721704248935354e-06	7.510474387410095e-06	-0.0042360339242435	0.002678573888403	1.7943983407341783e-05	7.17475807563437e-06	-0.435569713740378	-0.0152210675690441	0.1897209755278748	0.0002316808979414	0.0001655956363373	0.0001064494908941	1.1331494111616393e-08	2.7421914773955317e-08	-0.000383958870155	0.0004410305431992	1.9450794003458145e-07	1.4742441397070412e-07	0.0004980316090696	0.0001440071587126	2.480354836324549e-07	2.0738061760475967e-08	0.0	0.0	0.0	0.0	0.0	0.0
987.9802570829064	-2.024467544183608	4.098468837452809	976104.988385606	1023.6579936178108	-8.330021657441762	1047875.687897642	69.3892608134488	1018.7955707345476	-0.9348582559580336	0.8739599587328963	1037944.4149483326	1013.0958845500514	876.4711709721884	0.86178	18.302917	0.0973219432460059	0.0608818995206886	-0.0398055919	-0.1292929401	0.2286108311	0.096914307	0.0667310195	-0.2161453885	0.0033523321	-0.0759016584	-0.1506458711	-0.1349349016	0.0216446126	-0.0216641976	-0.0079393531	-0.2117853592	-0.1758735324	-0.1249355185	0.008734259	-0.2025681999	0.1588082339	-0.1272135387	0.1109199478	0.0740443706	-0.0387432462	-0.0785751272	-0.1094259637	-0.0733147978	-0.0179799771	-0.0183308154	-0.00282132	-0.1824045418	0.0305440262	-0.0167738608	0.1012147718	-0.0096956182	0.0504367912	0.204039453	0.0099101542	-0.2283991416	0.0663178909	-0.1581682309	0.0251176524	-0.0096855728	-0.1202171109	0.1302693665	0.0206601767	0.0812903454	0.0183260066	-0.0913236896	0.0477688185	0.0177900417	0.0409948105	-0.2187383937	-0.0302093313	0.0041092652	-0.0613985649	-0.0097541113	-0.1052763778	0.0894846201	-0.206606916	0.0228256333	0.1173002659	0.0021246866	-0.133972076	-0.0849783486	0.02704836	0.1399012509	0.076434447	0.0070796878	-0.1282433317	0.1621487528	0.1047729643	0.1549681418	0.0532023527	-0.0044428051	0.185591186	-0.0459925855	0.0928236738	0.0128372878	-0.1141801058	0.0911157084	-0.0067404578	0.180943944	-0.1055958478	-0.0152123607	0.0	0.0	0.0	0.0	-0.0002825247863142	-0.0026745331995384	7.982025488188436e-08	7.15312783543311e-06	-0.0138531542481814	-0.0096171203239379	0.0001919098826239	9.248900332509943e-05	-0.3769184053306134	0.0586513084097646	0.1420674842769725	0.0034399759781773	0.0002870993073979	0.0001215036710606	1.4763142081202488e-08	8.242601230835389e-08	-0.0002558885303853	0.0001280703397697	1.64020119287264e-08	6.54789399827486e-08	0.0007760372244946	0.000278005615425	6.022337738012822e-07	7.728712220783302e-08	0.0	0.0	0.0	0.0	0.0	0.0
987.63751938831	-0.3427376945963942	0.1174691272972512	975427.8697034944	1026.7196940371864	3.061700419375597	1054153.3301238136	9.374009458004709	1020.3015017343996	1.505930999852012	2.2678281763152808	1041015.1544414712	1014.2034263348274	862.5579568990072	1.118279	23.750568	0.2016875354987758	0.1241574246545686	0.0222556778	-0.1302201704	0.2370262695	-0.030036051	0.1441393885	-0.2247698021	-0.1374130849	-0.1760260256	-0.1460057585	0.0419130969	0.0747861914	0.0544386358	0.0302345747	0.0613143318	0.099873344	-0.0796981386	0.0157479266	-0.2293396178	-0.0882442703	0.0144586259	0.1153622172	0.0358910524	0.1689546902	0.0016594969	0.0328563974	-0.0329701595	-0.0298235311	-0.1433296677	-0.0641331889	-0.1553908567	0.0376296278	-0.0538646786	0.0426320242	-0.1780441243	-0.1647930032	0.1497681887	-0.1496300528	-0.1097624493	0.2449781499	-0.0643350389	0.0674011202	8.83485e-05	0.0999315979	0.0773754017	0.0819558482	0.0497595427	-0.008251443	-0.0072802888	-0.1003600083	-0.0300307217	-0.0249079507	-0.09180389	-0.2373416859	0.0402523223	-0.0740357379	-0.2090765786	-0.027154719	0.0670576394	-0.2051181949	-0.1927574544	-0.0335644098	-0.0370739242	-0.1220556909	-0.0962383774	0.0943724	0.1086294212	0.162497054	-0.066569895	-0.0897216096	-0.0377789224	0.0649125608	0.0948012904	-0.2787817871	0.1597674651	-0.0344454743	-0.066160761	0.0312178918	-0.0885472007	0.0197615255	-0.0866244372	0.0312266433	0.0658095579	-0.1100285411	-0.0030470538	0.0	0.0	0.0	0.0	-0.0034489344273964	-0.0031664096410821	1.1895148684480132e-05	1.0026150015138306e-05	-0.028209379052015	-0.0143562248038336	0.0007957690665002	0.0002061011906182	-0.4993369846394984	-0.122418579308885	0.2493374242288666	0.0149863085600057	-0.0004939662134078	-0.0007810655208057	6.100633477914795e-07	2.440026199884402e-07	-0.0001581040932403	9.778443714499998e-05	9.561796147764452e-09	2.499690429933748e-08	0.0004199607475458	-0.0003560764769488	1.7636702947922719e-07	1.2679045743626932e-07	0.0	0.0	0.0	0.0	0.0	0.0
989.4402238564372	1.8027044681272173	3.2497433994058333	978991.9565850766	1024.6552501979627	-2.064443839223713	1049918.3817582496	4.261928365308745	1019.7610923213538	-0.5404094130458361	0.2920423337085451	1039912.6854124406	1013.4082448953724	873.83426375707	1.189594	25.265186	0.1190835248238147	0.0804539996315384	0.1714162586	-0.0518578505	0.126087553	-0.2117006049	-0.0906888816	-0.2436648372	-0.0411847163	-0.0964596068	-0.0108116789	-0.017029239	0.0370915035	-0.0887851146	-0.0147885234	0.0188545622	-0.0603484317	-0.0682241746	-0.032279055	-0.2049302606	0.0716555843	0.0467653386	0.1348334214	0.1157267409	0.0824378326	0.0195106788	-0.0755537679	-0.0843410928	0.0379378397	0.0603095705	-0.0873557648	-0.0214927545	-0.2320457781	0.015873534	-0.1045776019	0.1770904465	0.0690163399	0.1809924915	-0.0756234072	-0.2066616182	0.1325710921	-0.0374932534	0.1133948528	-0.0913295543	0.0282097288	0.0641913815	0.0078091545	-0.0973548896	0.029600856	-0.036223023	-0.0209670802	-0.0723470727	0.1725270115	0.0550469025	-0.0299492305	0.1109153998	-0.1595622725	0.170913028	-0.013368362	0.0853612486	-0.2175441759	-0.0518797914	0.0926027366	0.0331513021	-0.0403620131	-0.0115603012	0.1815623978	0.0215876187	0.0465705158	-0.0340108435	-0.0150978162	-0.0807672068	-0.0724623758	0.0362979985	0.1053748725	-0.0320962641	0.1026591868	-0.1610654772	0.0780427351	-0.0439314971	0.129308303	-0.0230148029	0.0975631024	0.0807956863	-0.114295741	0.0091365784	0.0	0.0	0.0	0.0	4.556265977839757e-05	0.0034944970871747	2.0759559660820073e-09	1.2211509892273144e-05	-0.0395422071915021	-0.0113328281394871	0.0015635861495756	0.0001284329936391	-0.4194333362928546	0.0799036483466437	0.1759243235937548	0.0063845930191041	-0.0002439817761472	0.0002499844372606	6.249221887249886e-08	5.9527107091942414e-08	-6.40686305504179e-05	9.403546268988213e-05	8.84266824330021e-09	4.104789420605941e-09	0.0005629918726055	0.0001430311250597	3.169598486198475e-07	2.045790273584355e-08	0.0	0.0	0.0	0.0	0.0	0.0
990.7268911030332	1.2866672465959257	1.65551260346274	981539.7727546812	1029.266593882912	4.611343684949361	1059389.7212833315	21.264490580722352	1023.617870824194	3.856778502840257	14.874740419970731	1047793.5454706564	1016.8650034376536	875.012086690267	1.161232	24.662834	0.1837920344537205	0.0984818239126396	0.1487994882	0.063282369	0.0439901547	0.1015032694	0.0113402218	-0.0698234249	0.0458879082	-0.0116697165	0.1128994255	-0.0739788867	-0.0266114238	0.0172308537	0.0767029775	0.0869506403	-0.0833313809	-0.4050102044	0.1474729298	-0.0217319578	0.1176449294	0.077496065	0.0496720012	0.0526954071	0.0790938089	-0.0746353535	-0.0477000396	0.0982582595	0.1187278122	-0.012725713	0.0552571631	0.0369243144	-0.1984484443	0.07384231	-0.0780159094	0.3053040789	0.0518315126	0.0725003682	0.1120776335	-0.1113361232	-0.0394014286	0.0346099153	0.0699955158	-0.0289317045	0.0354042451	0.1514577171	-0.0253061686	-0.0983978901	0.1075323022	0.0372087014	-0.081742696	0.0033270654	0.1450725231	0.0857705725	0.1289071463	-0.0343481115	-0.1491761823	0.2168786039	-0.1212060365	-0.1810159496	-0.1044141325	0.0479098697	-0.0520436522	0.0756318256	0.054755522	0.1068463586	0.1520663088	-0.0072615525	0.1473209682	-0.0493533718	-0.1195256297	-0.0055882357	-0.1249506615	-0.010601529	0.1488837667	-0.0962618481	-0.0266428076	-0.10334865	0.0853057284	-0.112937346	0.0762413445	-0.0508792091	-0.0138632915	0.1285275011	-0.1183910292	0.0212652622	0.0	0.0	0.0	0.0	-0.0107607886773308	-0.0108063513371091	0.0001157945729581	0.000116777229221	-0.0291775932876703	0.0103646139038318	0.0008513319500607	0.0001074252213755	-0.50931356136239	-0.0898802250695354	0.259400303787641	0.0080784548585503	-0.0010819052761568	-0.0008379235000096	7.021157918683383e-07	1.170519026575922e-06	-0.0004937033941971	-0.0004296347636466	1.8458603013374045e-07	2.437430414417372e-07	0.0003757332533969	-0.0001872586192086	1.4117547770821905e-07	3.5065790467911466e-08	0.0	0.0	0.0	0.0	0.0	0.0
991.517322165052	0.7904310620187971	0.6247812638041634	983106.6001533554	1035.1297633522436	5.863169469331524	1071493.626977672	34.37675622610131	1024.3795826908918	0.7617118666977376	0.580204967868152	1049353.5294339657	1018.389420320854	879.3739009475707	1.333105	28.313147	0.1250565220639321	0.0519985036220903	0.0529210967	0.1959194162	0.1534360517	-0.179872981	0.1542462558	-0.0414270716	-0.2129214268	-0.286345203	0.0448711996	0.0085114675	0.0558232499	0.1622598009	-0.1244021846	0.12717392	0.1552146706	0.0080801938	-0.1411686314	-0.1831705309	-0.0949014982	0.2103003224	-0.0391619677	0.1043116043	0.2034903736	0.0192363027	0.2151356819	-0.0936098035	0.0647879249	-0.035926167	0.0779498487	-0.0836191162	0.0011708398	0.0278731515	0.2047871486	-0.1537269735	-0.0034117528	-0.0465614367	0.260632814	-0.0633344898	0.2442806086	0.1642313334	0.0004708428	-0.1221109063	0.1476742072	0.0292807447	-0.0175132312	0.0111238702	-0.1151198865	0.2180736099	-0.132989344	-0.0199490875	-0.1228094636	-0.100534667	-0.1538250733	-0.1049486836	0.0447918788	-0.0174835947	0.1520536386	-0.2657277559	-0.2038445302	-0.1670116238	0.0204793695	0.1469763823	-0.0454054502	0.08717541	0.0151945733	-0.1407652896	0.2300034278	-0.1535178876	0.0606167841	-0.0659177844	-0.078409245	-0.0672992791	-0.2011130449	0.1411558252	-0.2185876404	0.1054600386	0.1800803065	-0.141920131	0.1625854206	0.1568889946	0.2043603461	-0.1988687573	-0.1223082461	0.0332660541	0.0	0.0	0.0	0.0	8.091816077637759e-05	0.0108417068381071	6.547748743431692e-09	0.0001175426071634	-0.0459990790793369	-0.0168214857916666	0.002115915276147	0.0002829623842392	-0.5363853807714918	-0.0270718194091017	0.2877092767053782	0.000732883406119	-0.0017760007599124	-0.0006940954837555	4.817685405699202e-07	3.1541786992094223e-06	-2.112080077276701e-05	0.0004725825934243	2.2333430760766849e-07	4.460882252829155e-10	0.0001359811300757	-0.0002397521233212	1.849086773666444e-08	5.7481080637023896e-08	0.0	0.0	0.0	0.0	0.0	0.0
993.8053391151903	2.288016950138399	5.23502156412062	987649.0520538584	1032.1008869974237	-3.028876354819886	1065232.2409408686	9.174091972786998	1023.113127266195	-1.266455424696801	1.6039093427439544	1046760.4711844132	1016.3786068656568	888.4593852170309	1.393799	29.602209	0.1567686760382565	0.0977866159245939	-0.1243063692	0.1052510515	0.064886052	-0.1542261437	-0.0376120791	-0.0324436635	0.0968291077	-0.2810005368	0.1648257352	0.1502199157	-0.012274168	-0.0322134041	-0.0847496455	-0.0304067527	-0.2750411374	0.1162918992	0.0239536069	-0.100108567	0.198480361	0.1066530778	-0.0222441538	0.0786975682	0.1777445885	-0.1116673552	0.139543663	-0.1089687538	0.1227868137	0.0912164994	-0.0763491328	0.0157785195	-0.033239873	0.1259769214	0.0103194216	-0.0670072879	0.2840382951	-0.1830335315	-0.0094736978	-0.2218428219	-0.0139745678	0.0856621626	0.0094101919	-0.0166038586	0.0930752813	0.1317636327	-0.0787369736	-0.1467929964	-0.1828349261	-0.0113232227	-0.0617675361	-0.1659528256	-0.0432509628	0.0228707034	0.0605565718	-0.0941118633	0.2710821817	0.1466539608	0.1769097254	-0.1038240845	-0.1696672426	0.0790145609	0.1068615188	0.1226851924	-0.0163964817	-0.115903084	-0.1041945285	-0.0763579196	0.0620623106	-0.1577204234	0.176796759	-0.0663645533	-0.122011217	-0.0010798834	0.0707104802	-0.0533837644	-0.011260618	-0.1002478552	-0.0562848478	-0.1100321194	-0.0168872262	0.0716409955	-0.0385138141	0.1226346971	-0.1260414998	0.0450667802	0.0	0.0	0.0	0.0	-0.0001794219264041	-0.0002603400871804	3.219222767455828e-08	6.777696099313869e-08	-0.0447939708239886	0.0012051082553483	0.0020064998221803	1.4522859071086268e-06	-0.4477814260366557	0.088603954734836	0.2005082055034209	0.0078506607946528	-0.0006779882376359	0.0010980125222765	1.2056314990760017e-06	4.596680503726336e-07	-0.0002260358492573	-0.0002049150484845	4.1990177095418514e-08	5.109220514946885e-08	0.0001049232416189	-3.105788845679999e-05	1.1008886631818071e-08	9.6459243539503e-10	0.0	0.0	0.0	0.0	0.0	0.0
997.0520591816684	3.24672006647802	10.541191190071034	994112.8087184052	1038.7282557738454	6.62736877642169	1078956.389342975	43.92201689868913	1026.2493491669184	3.136221900723399	9.83588781057709	1053187.7266655236	1019.5720209742484	888.6489526812236	1.463642	31.085571	0.2361475379866617	0.1263359506556294	-0.102838407	-0.1651369741	-0.1102569249	0.0516617657	0.1676391368	0.0825025769	0.1989624763	-0.056749334	0.0183862101	-0.0750810774	0.1629154271	-0.0582889457	-0.0747125552	0.0734158434	-0.159033798	0.1651435044	0.1482735583	0.1040143914	0.1613160585	0.0730391054	0.025533041	0.1866407528	-0.0423631293	-0.1736335357	-0.0088605998	-0.1610425046	-0.0609860413	-0.1156789501	-0.192314972	0.2576090764	0.1769830992	-0.0949087877	-0.1889045791	0.0780706187	0.2358461192	-0.0447610569	0.0682805564	-0.0692368198	-0.1693869806	0.0999440443	0.0755566057	-0.0869766046	-0.0927419183	0.147325671	0.1918354681	0.0213528626	-0.2119863827	-0.1384333758	0.0644526585	-0.0020904443	-0.1634213673	0.2182280446	-0.0485799155	0.0864048315	0.2776966097	0.2498979996	-0.2105599562	0.0955498485	0.0445316007	0.2260604655	0.1552664358	-0.0572338234	-0.0313466266	-0.2203305632	0.0012845351	-0.0335188916	-0.0156293243	-0.2455933631	0.3975238504	0.2933151893	0.0471336769	-0.003657422	-0.0985719257	-0.0252504116	0.0859302335	0.1473825409	0.0795906374	-0.0383932083	-0.0703355262	-0.3888568489	-0.0223681835	-0.0505746315	-0.129585175	0.0565964693	0.0	0.0	0.0	0.0	0.0004502708276703	0.0006296927540744	2.02743818250897e-07	3.965129645338028e-07	-0.0112608124674125	0.0335331583565761	0.0001268058974262	0.0011244727093672	-0.5393621762994769	-0.0915807502628212	0.290911557222508	0.0083870338187012	0.0002100529716759	0.0008880412093118	7.886171894359642e-07	4.412225090987644e-08	0.000865987209409	0.0010920230586663	1.1925143606589014e-06	7.499338468599873e-07	-0.0001230912226668	-0.0002280144642857	1.5151449097607734e-08	5.199059592349476e-08	0.0	0.0	0.0	0.0	0.0	0.0
992.4773979344128	-4.574661247255563	20.92752552714182	985011.3854106629	1032.8796163609154	-5.84863941292997	1066840.3018938715	34.20658298247782	1022.4356042037626	-3.813744963155728	14.54465064399568	1045374.5647435132	1017.8826770763716	888.9077902666728	1.343948	28.543446	0.2259044135198505	0.1091922061552894	0.041264334	-0.1294482749	-0.2209065164	0.0411238257	-0.2103687723	0.1319158495	-0.0418653998	0.0484655322	0.161863198	-0.0888357618	0.0762359815	-0.3896218131	-0.2097023857	-0.1519456016	0.0469449903	-0.1468107436	-0.0723085625	0.1465095274	0.0573747284	-0.0970992589	0.0480653298	0.2812300639	0.033693104	0.094395243	-0.0980366444	-0.1506993412	0.038081639	-0.1446079134	-0.0513215228	0.0016985363	0.0875253341	-0.0824008392	-0.0862468607	0.1170680636	0.0388571882	0.0174999106	-0.0531110328	0.0372671312	-0.1195474004	0.0030669832	0.1090950091	-0.3040926755	-0.1583388752	0.1179746639	-0.0417340748	0.1115128716	-0.0962560791	-0.0674198766	-0.0571075969	-0.1320697187	-0.0139100097	0.0830847567	-0.0810951993	0.1638058433	0.0375711765	-0.0184161191	0.140360949	0.0380565563	0.1312369327	0.2274362906	0.1384333	-0.0289458288	0.0077836583	-0.0818825863	0.1577458844	0.0199809564	0.0044112882	0.0362693775	0.1715778612	-0.059460424	-0.269426302	-0.0226799325	0.2043477756	0.2207598536	-0.0516202697	0.0352079914	0.2037925381	0.0554638641	0.0714953566	-0.1363581069	0.0328832252	0.1341151272	-0.1329339419	0.0677857805	0.0	0.0	0.0	0.0	9.500114086335998e-05	-0.0003552696868069	9.025216765339964e-09	1.2621655036390124e-07	-0.0077444446555574	0.0035163678118551	5.997642302299157e-05	1.2364842588250623e-05	-0.6059625895707654	-0.0666004132712885	0.3671906599593079	0.0044356150479064	-0.0009678971270365	-0.0011779500987124	1.3875664350565532e-06	9.368248485255108e-07	-0.0003482874382538	-0.0012142746476628	1.4744629199566173e-06	1.2130413964539457e-07	0.000593331285956	0.0007164225086228	3.520420148942007e-07	5.13261210861386e-07	0.0	0.0	0.0	0.0	0.0	0.0
991.5536496311366	-0.9237483032761702	0.8533109278056032	983178.6400968268	1034.5161575518157	1.6365411909002887	1070223.680235773	2.678267069513335	1024.1754804063671	1.7398762026044778	3.027169200389378	1048935.4146656129	1019.687470952787	888.5993784840902	1.678074	35.639771	0.4113002281409448	0.2928031011626339	0.0499077988	0.0380553601	-0.2975574456	0.3032910979	-0.0498795351	0.0750554985	-0.2341776959	0.319393189	0.2566847425	0.0691743359	0.2284951886	-0.2279421455	-0.0485111301	-0.0552818828	-0.022110958	0.0749640057	0.1281546558	0.2555144927	-0.3189046248	-0.2042981743	-0.0827959864	0.3125778071	0.2138303754	0.1408450243	-0.1679542223	-0.1684046173	-0.0649218994	0.0730718269	-0.0348380337	-0.1067163502	0.1163981787	0.2071117322	-0.001268774	0.0074540991	-0.0491090374	0.0742435034	-0.1338550034	0.4485493741	-0.0019096385	-0.0909954724	-0.0593205581	-0.4138932619	0.1499140961	0.1514907273	-0.0600838126	0.0226191879	-0.1884266552	-0.0385921722	0.2104019033	-0.2075382763	-0.016071	-0.1524650434	0.1186169133	-0.0064583297	-0.1258901872	-0.0859117501	-0.1492927255	0.004342839	0.4583230813	0.0461983659	0.1554010501	0.2005290493	-0.1759151891	-0.0930818749	0.2039529162	0.0876569049	-0.0363314245	-0.1325587898	-0.2263635898	-0.1366329903	0.2015170906	0.0311101343	-0.1718298372	-0.3652564519	-0.1027639039	-0.0905123572	-0.0173867282	-0.0297801813	0.0431818649	0.0214141955	0.0055502961	0.0635565064	-0.1360827635	0.0785674201	0.0	0.0	0.0	0.0	0.0031037379727223	0.0030087368318589	9.633189403318332e-06	9.05249732338457e-06	0.0001562587798105	0.0079007034353679	2.4416806267866322e-08	6.242111477363414e-05	-0.8986067224947334	-0.2926441329239679	0.8074940417127268	0.085640588534821	-0.0019023265024242	-0.0009344293753877	8.731582575874473e-07	3.6188461218254894e-06	-0.0012522692098468	-0.0009039817715929	8.171830433724186e-07	1.5681781739303289e-06	0.0002768093339417	-0.0003165219520142	7.66234073572476e-08	1.0018614610694281e-07	0.0	1.0	0.0	0.0	0.0	0.0
992.4927064197218	0.9390567885851624	0.8818276521878784	985041.772296344	1037.5623949201483	3.0462373683326405	1076535.723352434	9.279562104226171	1027.5788901536623	3.4034097472952	11.583197907983976	1055918.3754894324	1021.808367493816	897.296413936615	1.273556	27.048429	0.1823816065671694	0.1143384168123495	-0.0206493052	0.1124171911	-0.2422958719	0.1870222313	-0.0161677066	0.1181534244	0.0125803928	0.1185176651	0.116329151	0.0889255522	-0.0526315675	-0.1444476557	0.1973456845	-0.2027562519	0.1758295886	-0.2403358294	-0.2205493285	0.1773183414	-0.1884818203	-0.0039313703	-0.0289573557	0.1649540678	0.1132727355	-0.073501661	-0.0194909906	0.2771650642	0.1114094199	-0.1291024188	-0.0490392666	-0.0074879531	0.2150820995	-0.0582319726	0.2613115521	0.0160150912	0.0242044924	0.1935618741	0.0056202592	0.2420436279	-0.02526424	0.0643295568	0.0020258635	-0.1663777748	0.0336794464	0.1103287272	0.0290311556	-0.0619059956	0.0532739645	-0.1096721057	-0.1991896943	0.364088456	-0.2667534505	-0.042777476	-0.0276887851	-0.1106074653	-0.119404457	-0.0196847286	-0.0097600084	0.1716260624	0.3416391238	0.0263846032	0.1809862636	0.229007821	-0.1372781281	-0.0944688127	0.0867489383	0.0518670483	0.026453375	-0.1303450951	-0.0033917634	-0.0261787612	0.0526589204	-0.1192029208	-0.0544931559	0.0017156303	0.0550749971	-0.0732563716	0.0093182663	0.1733580811	-0.0871104653	0.1098265872	-0.0252209588	-0.1725741454	-0.1390269037	0.088876546	0.0	0.0	0.0	0.0	-0.0001672002941575	-0.0032709382668798	2.7955938366354534e-08	1.069903714573863e-05	-0.009094742398986	-0.0092510011787965	8.271433930391361e-05	8.558102281009423e-05	-0.7925761868018952	0.1060305356928381	0.6281770118854327	0.0112424744993102	-0.0015989671900007	0.0003033593124235	9.202687243405873e-08	2.556696074698735e-06	-0.0003681496420318	0.0008841195678149	7.816674101933823e-07	1.355341589281425e-07	0.0001877055856071	-8.91037483346e-05	3.5233386868104353e-08	7.939477967275733e-09	0.0	0.0	0.0	0.0	0.0	0.0
994.6173159069538	2.1246094872319645	4.513965473236072	989263.605101953	1040.6107209356207	3.048326015472412	1082870.6725261523	9.292291496605912	1025.1240605977057	-2.4548295559566213	6.026188148798183	1050879.3396163285	1020.2651740480196	912.419002424876	1.588536	33.738132	0.3133797977076912	0.2107294061386767	-0.172909054	0.0966340065	-0.1535826422	-0.0465359883	-0.1595520613	0.1619743468	0.0303005007	0.0122900424	-0.1180142243	0.3385305769	-0.1390924568	-0.0518929775	0.3233036484	-0.2221686948	0.0985253875	0.0990506571	-0.0216914559	0.0703997175	-0.291658189	0.012631912	-0.4270904571	-0.1185540896	-0.0003323268	0.0426904779	-0.1906457473	-0.0713402925	0.0621148102	0.1822996297	0.0260594427	-0.0055451286	-0.1944771612	0.1211225697	0.0667373217	0.1355105623	0.1648617251	-0.0496253805	-0.1308997348	0.2943548891	0.0982696014	0.1000868557	-0.343272904	0.0954326691	0.1387377839	0.0352244913	-0.0663256818	0.0067484506	-0.0023156973	-0.236010765	0.0085395745	0.1127217897	0.315242557	-0.1361057751	0.0539967983	-0.1592367463	0.3464389065	0.0849013374	0.105962299	0.1358185027	0.3290375453	-0.2909158429	-0.1304443656	0.041194662	-0.3059270196	-0.1387466845	-0.1101309642	-0.1211734297	0.0965064627	0.1082435215	-0.0144364077	-0.0696192941	-0.0728691315	-0.0980779028	0.2168685425	0.3014326735	0.1797935243	0.2499763356	-0.1985183886	-0.2546366913	-0.137961039	0.0010417024	0.1680878251	0.0978888789	-0.1417619342	0.0986511579	0.0	0.0	0.0	0.0	0.0006730654727675	0.000840265766925	4.530171306317383e-07	7.060465590660585e-07	0.0216398580175223	0.0307346004165083	0.0004682834550185	0.0009446156627624	-0.9991278527838432	-0.2065516659819479	0.998256466208453	0.0426635907199182	-0.0020920637030075	-0.0004930965130068	2.4314417113946544e-07	4.376730537441454e-06	0.0001883272438243	0.0005564768858561	3.09666524492103e-07	3.5467150766457354e-08	0.0006431974975904	0.0004554919119832	4.137030209065526e-07	2.074728818822023e-07	0.0	0.0	1.0	0.0	0.0	0.0
993.502341457664	-1.1149744492897753	1.2431680225690378	987046.9024818608	1036.8381468120374	-3.772574123583354	1075033.34268462	14.23231551793071	1025.0328032195755	-0.0912573781301944	0.0083279090631972	1050692.247676181	1019.3830916893282	887.3958716328939	1.570359	33.352074	0.4567156826365784	0.3012307409480951	-0.0817084274	-0.132148446	0.0216457876	0.0599952858	0.1493057066	0.0822718044	0.1424134709	-0.01086624	-0.173187282	0.1831925149	-0.0732893047	0.0697127093	-0.0581279769	-0.0457455855	-0.0757359818	-0.090768562	-0.0246565451	0.0308486049	-0.0484013192	0.0319537637	-0.092598478	-0.2097656378	-0.0506636027	-0.1375249028	-0.0783465214	0.0973967229	0.1778993782	-0.1369121748	0.0591180756	-0.0799479848	0.0911564729	-0.1522831462	-0.1794854642	-0.0800823076	-0.116433135	-0.2945834714	-0.0755449169	0.075548284	-0.0143004051	0.021890352	-0.0812666931	0.2420160353	-0.0365412585	0.1020606106	-0.0236935056	0.0120927661	0.2107000387	-0.0386228432	-0.1843298555	-0.031594286	-0.0801502501	0.0140576776	0.0694523555	0.1483907871	0.1662740731	-0.1587850206	-0.1184756263	-0.0197486719	0.0389182408	-0.1503266083	-0.0559645862	-0.1327251979	-0.0170816125	-0.1235627563	-0.0749895778	0.0868768164	0.0426822823	0.2194120303	-0.1116074461	0.1570883571	-0.1544446249	-0.1167400767	-0.0824313644	0.1582925116	0.0781134978	0.0609602442	-0.1100727824	-0.0091097571	0.0767085786	-0.1371068454	-0.3728147823	-0.092879234	-0.1442837413	0.1078324701	0.0	0.0	0.0	0.0	-0.0187452026360688	-0.0194182681088363	0.0003513826218672	0.0003770691363466	-0.0047357496251692	-0.0263756076426915	2.2427324512290223e-05	0.0006956726785212	-0.7140725887611126	0.2850552640227306	0.509899662019997	0.0812565035470686	-0.0014579606197156	0.0006341030832919	4.0208672024029465e-07	2.1256491686414963e-06	-0.0016919703941098	-0.0018802976379341	3.535519207220556e-06	2.862763814544072e-06	0.00064026736157	-2.930136020399968e-06	4.099422942918091e-07	8.585697098045361e-12	0.0	0.0	0.0	1.0	0.0	0.0
992.6973173263244	-0.8050241313395645	0.6480638520390204	985447.9638268813	1037.548674232081	0.7105274200437179	1076507.2514007492	0.504849214633982	1025.2029853122845	0.1701820927089556	0.0289619446787995	1051041.16109322	1020.6474048235658	890.2409719244639	1.575181	33.454487	0.351519682561607	0.2398736139569589	0.0896130786	-0.0497599464	0.0162464044	-0.2107022083	0.0004197004	0.0451759804	-0.1282660245	0.0758167252	-0.1431866193	0.2809604831	0.0902359401	0.0702773117	0.2357028606	0.0006640825	0.0567918184	0.0129120967	0.0300439332	-0.0532205079	-0.2395240161	0.0827581245	-0.3337978216	-0.2275516053	0.0290905167	-0.1738905507	-0.1478830649	-0.1753071483	-0.1281738035	-0.0694875391	-0.1581145012	0.010994427	-0.0806342543	-0.0827522662	-0.1403484342	-0.0672587146	-0.0425113164	-0.0660817737	0.2163271496	0.1723100119	0.1607569446	0.0678741645	-0.3286534472	0.2525323131	0.1297749582	0.043536393	0.0502728885	0.0651971586	0.041812928	-0.1057259954	0.1376567012	-0.2061495917	0.0963569211	0.1962728597	-0.1271391581	0.2006211889	-0.0902279452	-0.0298739618	-0.0444436838	-0.1047573316	0.1215061068	-0.3838455045	-0.1879225555	-0.2611914476	-0.2114736712	0.0597500703	0.0078238362	-0.3053442861	-0.0696096424	0.0632466118	0.2153242327	0.1762270996	0.1495925368	0.0074745654	0.0786462025	-0.1808985066	-0.060022341	-0.2080639627	0.1849430597	0.226716855	0.297808946	0.049586439	-0.0160273717	0.1469637851	-0.1465885319	0.1163652652	0.0	0.0	0.0	0.0	-0.0151135698756945	0.0036316327603743	0.0002284199943875	1.3188756506223863e-05	-0.0099423449106552	-0.0052065952854859	9.885022232243134e-05	2.710863446684503e-05	-0.9526672093568892	-0.2385946205957766	0.9075748117838428	0.0569273929772426	-0.0024713312534508	-0.0010133706337352	1.0269200413168812e-06	6.107478164282703e-06	-0.0008869667966111	0.0008050035974987	6.48030791985849e-07	7.867100982905565e-07	0.0003769049144045	-0.0002633624471655	1.420573145022635e-07	6.935977857700077e-08	0.0	0.0	0.0	0.0	1.0	0.0
991.0098531481603	-1.6874641781640776	2.8475353525869656	982100.5290367384	1033.90614316338	-3.642531068701146	1068961.9128709754	13.268032586453112	1024.9475721004258	-0.2554132118586949	0.0652359087919745	1050517.5255545576	1018.4011433019048	886.8767057291667	1.913125	40.63192	0.3503898240130123	0.2260654137859108	0.0831147223	0.0607375602	-0.0646676912	0.2598801801	-0.1426971954	-0.0311940119	0.0888113009	0.2368850122	0.0583714058	0.0210631776	-0.1304054456	0.0022999844	-0.0654882944	0.305624162	-0.193091975	0.0067323947	-0.2874349251	0.150907468	0.0504290344	-0.1718435298	0.1109676749	0.0011409664	0.0626872286	-0.1303441587	-0.0158085534	0.1972790099	0.2870966422	0.1251248111	0.0629900155	-0.0760472834	0.0164627943	-0.0459336289	0.1154901523	0.0427951343	-0.0005517077	-0.1872278287	0.1131434861	0.0762795924	-0.1556968781	-0.1419850498	0.0812074024	-0.0154177776	-0.0486933498	0.1544513543	-0.1242777031	-0.2101334556	0.2302457995	0.0625234313	-0.1386262871	0.0247719199	-0.0995946814	-0.1241254102	0.0340530834	-0.0679526262	0.0486591552	-0.0005289012	0.0118378133	-0.0237229413	0.1451738117	0.0943523876	0.0189649766	0.0378289824	0.0944231865	0.1914648734	-0.0208000719	0.1676957875	0.0261638809	0.0290009299	-0.2177452267	0.0300480935	-0.2521147069	-0.0253739963	0.0828196685	0.1013575312	-0.2078223344	-0.0128012631	0.1129283002	-0.0457863293	-0.0071187611	0.1531656737	-0.1595426404	-0.0006977865	-0.1486728395	0.1241982259	0.0	0.0	0.0	0.0	-0.0168653186015177	-0.0017517487258232	0.0002844389715306	3.068623598423209e-06	-0.0290025888516822	-0.019060243941027	0.0008411501600997	0.0003632928990914	-0.7340535563633921	0.2186136529934971	0.5388346236097437	0.0477919292751611	-0.001555262538253	0.0009160687151978	8.39181890964148e-07	2.4188415628931647e-06	-0.0020481846328941	-0.001161217836283	1.3484268633017729e-06	4.19506029042354e-06	0.000234907898832	-0.0001419970155724	5.5181720933665155e-08	2.0163152431496803e-08	0.0	0.0	0.0	0.0	0.0	1.0
992.9964704621972	1.9866173140368344	3.9466483524309273	986041.9903503812	1029.8185538743671	-4.08758928901284	1060526.2539038928	16.708386195652494	1025.146517828812	0.1989457283862066	0.0395794028431183	1050925.3830165388	1017.9951194980738	893.6346439870199	1.388028	29.479643	0.2793082459682711	0.1704537067673581	-0.1367506479	0.0081424192	0.0776394364	-0.0585737392	-0.052038033	-0.0485360178	0.0883103361	-0.1654800668	-0.0271746703	-0.0335504714	-0.2275605995	-0.101153553	-0.0872863864	0.0475283904	0.1325162249	-0.0966012538	0.0571575261	-0.0156761016	0.1142711946	0.1269922956	0.1146460511	0.008657801	-0.0444576935	-0.0065095794	0.0184096123	0.1399265274	-0.054263081	0.0542869284	-0.1104372238	-0.0763116106	-0.0921079213	-0.0873691893	-0.1305987127	0.0414879824	-0.0358334572	-0.0900144756	0.0856083148	-0.1447985519	-0.0309783094	0.0802035153	0.1247354341	0.0922823744	-0.0313123829	-0.1059032942	0.1323835575	-0.1043867649	-0.0208744057	-0.0508484144	-0.0084443803	0.0103594671	0.0422488936	-0.0814317614	0.0403415994	0.1070575663	0.1385748975	-0.0570448817	-0.1118822089	-0.0222878102	-0.1164754742	0.0819674024	0.0321639718	-0.0139134519	0.1040427152	-0.0708272103	-0.1579453105	0.0451628744	-0.0825457116	0.0788027214	-0.0340845503	-0.0544318871	-0.1304135093	-0.1873765443	0.0111908485	-0.1360037398	-0.0824672323	0.0220819521	0.0094789638	-0.0115114195	-0.0609743718	0.0487679467	-0.1370657443	0.0850467869	-0.150533529	0.1312842438	0.0	0.0	0.0	0.0	-0.0181155019057825	-0.0012501833042647	0.0003281714092984	1.5629582942624517e-06	-0.0530694737746699	-0.0240668849229876	0.0028163690467203	0.0005792149498963	-0.5711789663969284	0.1628745899664636	0.3262454116542635	0.0265281320567436	-0.0008619670573324	0.0006932954809206	4.80658623864926e-07	7.42987207926277e-07	-0.0010930272740017	0.0009551573588924	9.123255802463056e-07	1.194708621711587e-06	6.102898315390093e-05	-0.000173878915678	3.724536784799123e-09	3.023387731739149e-08	0.0	0.0	0.0	0.0	0.0	0.0
994.092748062843	1.0962776006458623	1.2018245776778491	988220.3917511352	1034.70310246317	4.884548588802772	1070610.510246909	23.85881491637516	1025.6532606251233	0.5067427963113005	0.2567882616133962	1051964.611030947	1019.292371061582	882.0582160250345	1.22547	26.027151	0.1647470846839185	0.0880498061116906	0.0756458817	-0.1056162092	0.0708179477	-0.1952742431	0.0393816656	0.0290928071	-0.0617563802	-0.0940676622	-0.0361166039	-0.0481350624	-0.0221948685	0.0288650691	0.0027854093	0.0343442969	0.0371046067	-0.0135809919	0.0871820754	-0.0512966654	-0.0205375014	0.1630363263	0.0222938222	-0.0744965673	0.0428432724	-0.0431755793	0.0123355823	0.1446284234	-0.02880851	-0.1827648233	0.000150456	-0.1132695128	-0.0050223529	-0.1126153901	-0.0772199898	-0.0638222879	-0.0306258591	0.0547958011	-0.0881840612	-0.0305084839	0.0849231164	0.1006654319	0.0336052341	0.063509913	0.0155562544	-0.0643236663	0.1380623998	0.0200630401	0.1427334655	0.020766899	-0.1324179003	-0.045120374	0.005753054	0.0300271179	-0.1180561455	0.1508047779	-0.1199442554	-0.1017307133	0.0487522304	0.1462139569	-0.127228687	-0.1245356286	0.0129857306	-0.1320193993	0.0771921006	-0.0525542983	0.0772302311	-0.0322857793	-0.0656294594	0.1045972982	-0.0129612367	-0.0874407971	-0.0732693957	-0.1490915696	-0.1002134081	-0.0167355518	-0.0642900143	-0.173952588	-0.0795561243	0.1058058634	-0.0252643181	-0.0717224428	-0.1577188982	-0.1679078551	-0.1521678018	0.1375807028	0.0	0.0	0.0	0.0	-0.0116624764636981	0.0064530254420844	0.0001360133572663	4.164153735618856e-05	-0.0263893496736216	0.0266801241010482	0.0006963977761966	0.0007118290220473	-0.6448873450480193	-0.0737083786510908	0.415879687803083	0.0054329250833725	-0.0007020076234238	0.0001599594339086	2.558702049635977e-08	4.928147033451319e-07	-0.0014912309436685	-0.0003982036696668	1.5856616253610602e-07	2.223769727354445e-06	0.0006609770093724	0.0005999480262184	4.368906069188818e-07	3.599376341634729e-07	0.0	0.0	0.0	0.0	0.0	0.0
992.7195645606492	-1.3731835021937968	1.8856329306972213	985492.133861485	1034.5133658208345	-0.1897366423354469	1070217.9040619517	0.0359999934447293	1022.5983568065174	-3.054903818605908	9.332437340932955	1045707.3993433894	1016.7006905554788	883.2214845657348	1.038052	22.046679	0.0506671041054099	0.0246366619637307	0.158675591	0.0078707844	0.0333134729	0.0023184763	-0.0707391515	0.0047716215	-0.114542433	0.0419214134	0.0324037799	-0.0512107223	-0.0275914609	-0.027025602	-0.042988707	0.0343838573	-0.1838603916	0.0035101729	-0.0670963766	-0.0521626873	-0.0183398972	0.0257977561	0.0659842506	0.0274531783	-0.0096602194	0.0745135463	-0.0339386411	0.1943157549	0.1206981701	-0.0713376406	0.0816677556	-0.0174285258	-0.0338883074	-0.106522531	-0.2277825955	0.1882131377	-0.185750203	0.0651394718	-0.2067988693	-0.0172905422	0.0842684351	0.0110729359	0.0695913859	-0.0299492064	-0.0752148902	0.0540347833	-0.0471026222	-0.0696019426	0.1981690466	0.0193407468	-0.1695484782	-0.0369960587	0.0648056029	0.0831657565	0.1920970936	0.2030804411	-0.1284349615	0.0228250835	0.026012723	0.1404856998	-0.0766794413	-0.0366039297	0.1013906412	-0.0627514074	0.100233164	0.0751048204	0.0930017779	0.0524287163	0.0009226362	0.059103235	-0.0256321996	-0.0766140622	-0.1544929154	-0.0808816274	0.0683080176	-0.1896490129	0.1089330372	-0.1078847823	-0.0587094784	0.007606214	-0.0262967968	-0.0815809351	-0.1298471288	-0.2246548943	-0.1535731997	0.1430497353	0.0	0.0	0.0	0.0	-0.0149232950635251	-0.0032608185998269	0.000222704735553	1.0632937940977713e-05	-0.03032773991535	-0.0039383902417284	0.0009197718083731	1.5510917696141492e-05	-0.6310518266788847	0.0138355183691345	0.3982264079547571	0.0001914215685426	-0.000930650772176	-0.0002286431487521	5.227768947132064e-08	8.66110859751785e-07	-0.0012097656207405	0.0002814653229279	7.922272801096329e-08	1.4635328571256473e-06	0.0005784379431582	-8.253906621419999e-05	3.34590454085089e-07	6.812697451512091e-09	0.0	0.0	0.0	0.0	0.0	0.0
989.9341197768042	-2.785444783845037	7.758702643849524	979969.5614982762	1030.5481603020116	-3.965205518822813	1062029.5107018608	15.722854806502896	1023.0699908139202	0.4716340074028267	0.2224386369388495	1046672.2061039947	1017.6587317062572	885.2034208615621	1.28311	27.251331	0.2848551601605685	0.1909136467179424	0.1012584546	0.1235227079	0.0576968715	0.0942258109	-0.0059208151	-0.0883372287	-0.0168926348	0.1941161125	-0.0397648295	0.0405116087	-0.0573180473	0.1359832	0.0825037402	0.0212836806	-0.0698855728	0.0755136334	0.0262472435	-0.0171384147	-0.0711053383	-0.166148542	-0.0152606356	-0.2316535202	0.0195040777	-0.0929985869	0.143698605	-0.0920695808	-0.0883937061	0.1804539858	0.0161404437	0.0817483078	0.1336430156	0.0961723648	0.001464642	-0.0237081634	0.0080949542	0.1329356451	0.0014365558	0.0716853779	-0.0005510904	-0.1752013184	-0.0641983929	0.1642089003	0.084402778	0.0324800024	-0.0677665021	-0.0378757261	0.0102516267	0.1891800989	0.2549973967	-0.0492265364	-0.0836729274	0.1557982681	0.0073719629	-0.0724035581	-0.218710649	0.1479178056	0.1585035787	0.0525064947	0.0447547643	-0.109392213	-0.1604612561	-0.0888821917	0.0869404517	0.3153664634	-0.1046448411	-0.0525256531	-0.065778504	-0.1828376173	0.0653406773	0.2073842689	0.0897521065	0.2246018319	0.1265023452	-0.0875479319	-0.1293023315	-0.0345839564	0.1407118746	-0.07245733	-0.2549587542	0.0814139763	-0.0644821961	-0.2027141592	-0.154747609	0.1476584499	0.0	0.0	0.0	0.0	-0.0003360237952136	0.0145872712683115	1.129119909497514e-07	0.0002127884830553	-0.0143377770094019	0.015989962905948	0.0002055718495713	0.0002556789137335	-0.812954995912861	-0.1819031692339763	0.6608958253796798	0.0330887629773646	-0.0008819932570265	4.865751514950001e-05	2.367553780523823e-09	7.779121054402137e-07	-0.0003470189658054	0.0008627466549351	7.443317906017046e-07	1.2042216262864937e-07	4.234697819614785e-05	-0.000536090964962	1.7932665623450214e-09	2.873935227139442e-07	0.0	0.0	0.0	0.0	0.0	0.0
989.0496712947072	-0.8844484820970138	0.7822491174837117	978219.2522881684	1027.3090199420326	-3.2391403599790465	1055363.8224542595	10.492030271645186	1022.1258114113792	-0.9441794025409536	0.891474744182592	1044741.1743533704	1016.1828767819624	890.28712489446	1.157425	24.58198	0.1044910096273947	0.0635298143282442	-0.0809921258	0.1204662909	0.0733396217	0.0271977927	-0.2254469053	-0.1101186402	0.0772117869	0.2147987399	-0.0437787171	0.0359569525	-0.0889779343	0.0800751156	0.0550920223	-0.0344939921	0.1221669431	0.2299597527	-0.0623738256	0.0401395673	-0.019992924	-0.2637111731	0.0603198681	-0.0666685526	-0.1547482933	0.0045993515	0.3271018563	-0.0800898979	0.116034692	0.1691138343	0.0458478838	0.101024362	-0.0727484207	0.0453042057	0.0669493725	-0.0949309002	-0.0054358693	-0.0328635249	-0.1613439163	0.0622457656	-0.0881780585	-0.261022327	0.0245021676	0.1354383661	-0.0777171678	-0.1403600421	-0.1186488777	-0.1261935722	-0.1772465911	0.1721216213	0.03652191	0.0514034888	0.0723945983	0.0780261034	-0.0452397241	-0.2358467238	0.0058227981	0.0090530271	0.2114427434	0.0719001894	0.0687038346	0.0327089278	-0.0946359726	-0.0034965728	0.091737723	0.1742718574	-0.2061117459	0.1027951672	-0.0930846334	-0.1985338203	0.1107146808	-0.0247861651	-0.0281727579	0.3102032575	0.1157298823	0.0731757568	0.0189406991	-0.0599207691	-0.0683092966	-0.1464602741	-0.1958013284	0.0417736253	0.0716821532	0.0125069325	-0.1556892631	0.1513791291	0.0	0.0	0.0	0.0	-0.0083519060938925	-0.0080158822986789	6.975433540119869e-05	6.425436902627374e-05	-0.0237922734553421	-0.0094544964459402	0.0005660722761737	8.938750304629587e-05	-0.750665195550468	0.062289800362393	0.5634982358108223	0.0038800192291867	-0.0005919592901543	0.0002900339668722	8.411970193962441e-08	3.504158011999828e-07	-0.000383061960395	-3.604299458959999e-05	1.2990974589859341e-09	1.4673646550166057e-07	0.000210886627142	0.0001685396489458	4.4473169507328936e-08	2.8405613266791085e-08	0.0	0.0	0.0	0.0	0.0	0.0
991.8931061461648	2.843434851457573	8.08512175448355	983851.9340202868	1032.8742295064424	5.56520956440977	1066829.173978527	30.97155749579798	1025.85169111667	3.725879705290822	13.882179578298024	1052371.692166932	1018.1361207615076	879.3159164969127	1.297272	27.55212	0.1742047995369127	0.1142630703961784	0.0064742999	-0.1561917672	0.0494569575	0.0238369787	0.0191101517	-0.0457976755	0.0867846899	0.1431943077	-0.0332208218	-0.2284784158	0.0949886297	0.1976962454	-0.0184376614	0.2057079424	0.0794435738	0.0194326728	-0.0236820398	0.0634965266	0.0509405652	-0.0807384377	0.0593585108	-0.004331736	-0.1207667394	-0.0287518209	0.2921609305	0.0052620448	-0.347448033	0.0737835638	0.0263563868	0.1382414515	0.0758788715	-0.0520054374	-0.1481990792	-0.0809173937	-0.0859489015	0.059568896	-0.020924771	0.0016209564	-0.1116364391	-0.1411999495	0.057609493	0.0746231302	-0.0799605722	-0.2607222508	0.1900810387	-0.0226584151	-0.1543769637	0.1935473667	0.0901739289	-0.0463244778	-0.1190044101	0.1738491307	-0.0314573716	0.0045401597	0.0614135524	-0.1158825682	-0.0449519556	0.059407971	-0.0316287562	0.1015559068	-0.0316869201	-0.1716963612	0.1287148755	0.0689378607	-0.0554379439	0.0447154511	-0.1729227351	-0.0824573822	0.0079132546	-0.0272903555	0.0974094391	0.1485307222	-0.2429233944	0.0557931112	0.0967685614	0.1104848531	-0.2321645932	0.1230064313	0.1591077044	-0.0764931923	0.2778741235	0.1821962823	-0.1563967458	0.1541893965	0.0	0.0	0.0	0.0	-0.0005681467886233	0.0077837593052692	3.227907734229687e-07	6.058690892236488e-05	-0.0453879447572234	-0.0215956713018813	0.0020600655292847	0.0004663730189788	-0.6443729733080517	0.1062922222424163	0.415216528729859	0.0112980365092312	-0.0010069885418672	-0.0004150292517129	1.722492797773698e-07	1.01402592345183e-06	-0.000570021738411	-0.0001869597780159	3.495395859579199e-08	3.249247822610985e-07	4.221272312398113e-05	-0.000168673904018	1.7819139935418911e-09	2.8450885896679845e-08	0.0	0.0	0.0	0.0	0.0	0.0
993.328864578573	1.435758432408193	2.061402276231231	986702.233204957	1036.154785808764	3.2805563023216564	1073616.7401544056	10.76204965270234	1025.920597642002	0.0689065253318403	0.0047481092333075	1052513.0726661223	1019.3169230083214	877.9598415501913	1.201291	25.513615	0.1144147965448275	0.0534559085346891	0.0979525194	0.0699429091	-0.0507792935	0.0866371097	0.0570729254	0.0178920006	-0.0637087539	-0.0274433058	0.0623431454	-0.0593145299	-0.0731833075	0.0861099758	0.0216792621	0.081354019	-0.0095109534	0.2472678108	-0.0739733228	0.0681630907	0.0126544298	-0.0023857884	0.0592222481	0.0186305398	-0.1881590699	0.1327139081	0.14274758	0.090340643	-0.0121459928	0.1210449159	0.0611468225	0.0042225057	0.1079883113	0.1955100221	0.1526470597	0.0215560116	-0.0741542092	-0.0052199307	0.327264839	0.0200462474	-0.0525204146	-0.0039262551	0.0408275778	-0.0345447305	-0.0856248417	-0.1944672236	-0.0388002647	-0.0589484292	0.0051932361	0.1216491395	0.0759991042	0.058550697	-0.146073178	-0.1755209045	0.0740402005	-0.1739780981	-0.0348629905	0.0439053302	-0.1070312253	-0.2736912615	0.0112682363	0.0847036892	0.0131304916	0.0493859924	0.1941023782	0.1772834417	-0.0394483624	0.0217972745	-0.1118473715	0.0744621008	-0.170060158	0.0017803963	0.0233875423	-0.0897389633	-0.1525602288	0.0572132141	0.0589590437	0.1426404573	-0.0006166717	0.226493781	0.1247809402	0.1141468578	0.2735255389	0.0509191447	-0.156868993	0.1560723507	0.0	0.0	0.0	0.0	-0.0080459516944415	-0.0074778049058182	6.473733866928604e-05	5.591756620947874e-05	-0.0450676610754783	0.0003202836817451	0.0020310940748141	1.0258163679219805e-07	-0.681811278240545	-0.0374383049324933	0.4648666191360058	0.0014016266762183	-0.0014197333481376	-0.0004127448062703	1.7035827510318996e-07	2.015642779814e-06	-0.0011033408793146	-0.0005333191409036	2.844293060541541e-07	1.2173610959667149e-06	0.0004797168364454	0.0004375041133214	2.301282431691827e-07	1.9140984917316093e-07	0.0	0.0	0.0	0.0	0.0	0.0
996.4057691083948	3.076904529821832	9.467341485638109	992824.4567124918	1037.165294948377	1.0105091396130774	1075711.849045354	1.021128721241562	1026.8385524328576	0.9179547908556742	0.8426409980548846	1054397.4127624065	1020.7739690820024	901.7797286256156	1.221969	25.952793	0.1280579666062723	0.0616436131356854	-0.1489137405	0.0318118332	0.0187738211	-0.141448217	0.0157198015	0.0482392414	-0.0012732254	-0.1529943434	0.0240450403	-0.0375885948	-0.0445312301	-0.0312801014	-0.1190973022	0.1510805492	0.1235857326	-0.1058451945	0.0621908664	-0.0496258226	0.010261748	0.2040794474	0.1382621602	-0.1150538331	-0.1536903342	0.0731076525	-0.0765215049	0.1493411297	-0.2232574568	0.0614891853	-0.0865071545	-0.0057473322	-0.0126429918	0.0466920027	0.1652289657	-0.0049431958	-0.0987373287	-0.1198880426	0.0510062911	-0.0692234738	0.0483679468	0.1814582853	0.0801711992	0.1383910556	-0.0222842819	-0.2136324771	0.0987822829	0.0319884958	0.0085246937	-0.0909428921	0.1303884373	0.1463903664	-0.0830279447	-0.123758879	0.1859781556	0.0424186977	0.0094447168	-0.1181365741	-0.0123233745	-0.2031198866	-0.1081520448	-0.0288467069	-0.0295023824	-0.0115413946	0.1323584367	-0.0740788979	-0.1775376959	-0.024912255	-0.1114417958	0.1868506602	-0.0834330491	-0.1270545015	0.0884449968	-0.2022441329	-0.0757826258	-0.0663208656	0.0626550701	0.1426948618	-0.0453983417	0.1709187937	-0.1577688992	-0.1095937504	0.2056048117	0.0053808685	-0.1571052943	0.1570166674	0.0	0.0	0.0	0.0	-0.0054315487395086	0.0026144029549329	2.9501721709657457e-05	6.83510281076188e-06	-0.0113675366335854	0.0337001244418928	0.0001292208891159	0.001135698387399	-0.6602327420618934	0.0215785361786515	0.4359072736905667	0.0004656332236133	-0.0004127852842308	0.0010069480639068	1.0139444034056527e-06	1.7039169087750239e-07	-0.0007781136335256	0.000325227245789	1.0577276140349865e-07	6.054608266784117e-07	0.0005508395873655	7.112275092009999e-05	3.034242510089943e-07	5.058445698442584e-09	0.0	0.0	0.0	0.0	0.0	0.0
