global_signal	global_signal_derivative1	global_signal_derivative1_power2	global_signal_power2	csf	csf_derivative1	csf_power2	csf_derivative1_power2	white_matter	white_matter_derivative1	white_matter_derivative1_power2	white_matter_power2	csf_wm	tcompcor	std_dvars	dvars	framewise_displacement	rmsd	t_comp_cor_00	t_comp_cor_01	t_comp_cor_02	c_comp_cor_00	c_comp_cor_01	c_comp_cor_02	c_comp_cor_03	c_comp_cor_04	c_comp_cor_05	c_comp_cor_06	c_comp_cor_07	w_comp_cor_00	w_comp_cor_01	w_comp_cor_02	w_comp_cor_03	w_comp_cor_04	w_comp_cor_05	w_comp_cor_06	w_comp_cor_07	w_comp_cor_08	w_comp_cor_09	w_comp_cor_10	w_comp_cor_11	w_comp_cor_12	w_comp_cor_13	w_comp_cor_14	a_comp_cor_00	a_comp_cor_01	a_comp_cor_02	a_comp_cor_03	a_comp_cor_04	a_comp_cor_05	a_comp_cor_06	a_comp_cor_07	a_comp_cor_08	a_comp_cor_09	a_comp_cor_10	a_comp_cor_11	a_comp_cor_12	a_comp_cor_13	a_comp_cor_14	edge_comp_00	edge_comp_01	edge_comp_02	edge_comp_03	edge_comp_04	edge_comp_05	edge_comp_06	edge_comp_07	edge_comp_08	edge_comp_09	edge_comp_10	edge_comp_11	edge_comp_12	edge_comp_13	edge_comp_14	edge_comp_15	edge_comp_16	edge_comp_17	edge_comp_18	edge_comp_19	edge_comp_20	edge_comp_21	edge_comp_22	edge_comp_23	cosine00	cosine01	trans_x	trans_x_derivative1	trans_x_power2	trans_x_derivative1_power2	trans_y	trans_y_derivative1	trans_y_power2	trans_y_derivative1_power2	trans_z	trans_z_derivative1	trans_z_power2	trans_z_derivative1_power2	rot_x	rot_x_derivative1	rot_x_derivative1_power2	rot_x_power2	rot_y	rot_y_derivative1	rot_y_derivative1_power2	rot_y_power2	rot_z	rot_z_derivative1	rot_z_power2	rot_z_derivative1_power2	motion_outlier00	motion_outlier01	motion_outlier02	motion_outlier03	motion_outlier04	motion_outlier05	motion_outlier06	motion_outlier07	motion_outlier08
1036.8855244932456	n/a	n/a	1075131.590903633	1092.981229661386	n/a	1194607.968392115	n/a	1074.284131572898	n/a	n/a	1154086.395349336	1066.3384334297891	875.3644532462619	n/a	n/a	n/a	n/a	-0.1965451292	-0.0270603202	0.0845818164	-0.1658679837	0.1451476638	0.0064914218	-0.0196314931	0.1039834214	-0.1306866967	0.0181212581	-0.0959565756	-0.1688706196	0.1410653512	0.1141324955	-0.0493792451	0.1132291793	-0.0720015826	0.0794528793	-0.1042454746	0.0884731942	-0.0485492198	0.095519561	-0.1041613208	0.1060944982	-0.0754413532	0.0869327394	-0.1585190042	0.137306336	-0.0892992771	0.0174733923	-0.1269595536	0.1040422311	-0.0941407506	-0.0092709431	0.0008730855	-0.1237550554	0.0536774646	-0.0470078749	0.0059618447	-0.2291604192	0.0069423704	-0.017449863	0.0943163163	0.2291836909	-0.0254304029	0.0063032809	-0.0005856684	0.0510739686	-0.1251014146	0.0927624144	-0.0711752511	0.1011441376	-0.0387803795	0.1577719173	-0.1371065603	0.0131329648	-0.1451639153	0.2021414209	-0.2637975016	0.0925340849	-0.108589644	0.0290639493	-0.0352925536	0.2555024777	-0.1903894057	0.153366806	0.1532882396	-0.0215807066336282	n/a	0.0004657268988067	n/a	-0.0943551678210354	n/a	0.0089028976945357	n/a	0.3170827281511492	n/a	0.1005414564917755	n/a	-0.003549917880563	n/a	n/a	1.2601916958740903e-05	-0.0005325998598038	n/a	n/a	2.8366261066302746e-07	0.0003375567112212	n/a	1.1394453329047264e-07	n/a	0.0	0.0	0.0	0.0	0.0	0.0	0.0	0.0	0.0
1040.3580565969537	3.4725321037080903	12.058479211283336	1082344.8859261903	1093.582665793503	0.6014361321172146	1195923.0469240248	0.3617254210161156	1074.9876905685353	0.703558995637195	0.4949952603420186	1155598.534873873	1065.879403173396	884.2191869249407	0.941814	20.10437	0.0656215911594452	0.0426641197933103	-0.1466666776	-0.0889901272	0.0778152483	-0.1683130243	0.1524359877	-0.0207184419	0.0293971464	-0.0797204793	-0.0725991858	0.0330511429	-0.1383063466	-0.1107443989	0.1614603238	0.0976235903	-0.0817595189	0.0603798944	-0.1613878013	-0.0434511887	-0.0459394236	0.1288817017	0.0169601765	0.1820562928	0.0753000091	0.036352353	0.0865396336	0.2714358501	-0.1200451504	0.1736912295	-0.0794036961	-0.0628637302	-0.0438507168	0.140265041	-0.0065400105	-0.0908261108	0.0403596422	-0.1199672254	0.015681819	-0.0811607214	-0.0546716257	-0.1409716073	0.1424340186	-0.0358545007	0.0816571993	0.1914785898	-0.0341324849	-0.0480146062	-0.0326245745	0.0030401252	-0.1467755222	0.0825063057	-0.0680701458	0.0353911917	-0.1387273512	0.1041917612	-0.0473179705	0.0871779751	-0.1518826998	0.0633012678	-0.0661890525	-0.0811088614	-0.02991287	0.0411119626	-0.0310354774	0.0345870093	-0.1739645044	0.1531573254	0.1524510324	-0.0179738703981513	0.0036068362354769	0.0003230600170895	1.300926762954918e-05	-0.0888592058158792	0.0054959620051562	0.0078959584582287	3.020559836212058e-05	0.3174734398643863	0.0003907117132371	0.1007893850193261	1.526556428606887e-07	-0.0027528338998213	0.0007970839807417	6.353428723550351e-07	7.578094480005347e-06	-0.000731639898071	-0.0001990400382672	3.9616936833408445e-08	5.352969404493432e-07	0.0004639943163238	0.0001264376051026	2.152907255807906e-07	1.598646798408102e-08	0.0	0.0	0.0	0.0	0.0	0.0	0.0	0.0	0.0
1043.3372061578984	2.979149560944734	8.8753321064772	1088552.525753369	1100.0783430654792	6.495677271976092	1210172.3608816902	42.19382322166676	1076.1274846997494	1.139794131214103	1.2991306615501117	1158050.3633262094	1068.1917257093282	896.4855505038571	0.985802	21.043354	0.0657236932633243	0.0515602044602662	-0.1197176287	-0.1059907448	-0.0159170939	-0.1213304085	0.132524017	0.0496744136	-0.0248674235	-0.0132021737	0.0078382128	0.0470833684	0.0504436986	-0.076345248	0.1514215829	0.0378075977	-0.0643171733	0.0087736323	0.0209774593	0.0074652346	-0.0409019567	0.2024054023	0.1692274377	0.0914406198	-0.0535310367	-0.1288159129	-0.0372807945	0.0048196251	-0.0736862483	0.160208111	-0.0381340502	-0.0541434609	-0.0207952301	-0.0601637948	-0.0008282857	-0.079263927	0.064807751	-0.2160436076	0.0277728144	-0.0259020485	-0.1306434094	-0.0611699638	0.0082161011	-0.0383006464	0.090987821	0.1721793092	0.0193613008	-0.0476634881	-0.0641683858	-0.0249165965	-0.1243427583	0.0472776343	-0.0840979118	-0.0582154838	-0.0965275554	0.1315550872	0.0213272794	0.0176001471	-0.129073946	0.1034809264	0.0303406798	-0.0121976735	-0.0409245971	0.0471328075	-0.0359093668	-0.1012030854	-0.1385942132	0.1527386503	0.1507811905	-0.0172123799236487	0.0007614904745026	0.000296266022636	5.798677427581956e-07	-0.0882666524144184	0.0005925534014607	0.0077910019284477	3.511195335827532e-07	0.3085306070876754	-0.0089428327767109	0.0951911355098895	7.997425807221531e-05	-0.003754850915398	-0.0010020170155767	1.0040380995052368e-06	1.40989053968652e-05	-0.0006464134894133	8.52264086577e-05	7.263540732689281e-09	4.178503992954785e-07	0.0004852872243024	2.129290797859998e-05	2.355036900711279e-07	4.5338793018512654e-10	0.0	0.0	0.0	0.0	0.0	0.0	0.0	0.0	0.0
1048.6907169507383	5.35351079283987	28.66007780905297	1099752.2198186535	1107.7849448964566	7.706601830977434	1227187.4841392457	59.39171178122473	1080.1540313768917	4.026546677142278	16.21307814320552	1166732.731499751	1073.2324016799853	898.8147634165176	1.377443	29.40349	0.1256536456493098	0.0948412637883722	-0.0490923274	0.1527216078	-0.0352770903	-0.0262343169	0.0785300796	-0.108830907	0.0221614066	-0.1080917173	0.1540737386	0.0113383781	-0.0586491742	-0.0315647375	0.0360638327	0.1351824003	-0.0099670896	0.1927957574	0.0529054815	-0.0269715411	0.0825692641	0.1039469097	-0.1138459177	-0.1387379822	-0.1293630184	0.1268984282	0.0333986055	-0.1559909193	-0.0157386507	0.044114193	-0.1423702407	0.0427082395	-0.2290808741	-0.0570176522	0.052874054	-0.0565686851	0.0032489159	0.0044462252	0.0569533117	0.1947052504	-0.018754687	0.0361578373	0.075323048	-0.0682722588	-0.0318484727	0.1723081608	0.1768682928	0.1096922865	-0.0081566666	0.0875180882	-0.0822044825	0.0129101411	-0.1381066271	0.1530378532	-0.0136542166	0.136618229	0.0559081178	-0.1255072904	-0.1304462997	-0.2090531513	-0.0563331993	-0.0613103034	0.0412314997	0.0056770976	0.0645995681	0.1099985873	0.3616577411	0.1521113526	0.148287834	-0.0208333388369794	-0.0036209589133306	0.0004340280070963	1.3111343452029045e-05	-0.1812081724286827	-0.0929415200142643	0.0328364017549432	0.0086381261425618	0.3086056715488752	7.506446119981414e-05	0.0952374605121322	5.634673335218402e-09	-0.0039057506599816	-0.0001508997445835	2.2770732915395712e-08	1.5254888217946704e-05	-0.0010739531846835	-0.0004275396952701	1.827901910317354e-07	1.1533754428918318e-06	0.0004834046189459	-1.8826053564999876e-06	2.336800256182308e-07	3.544202928322445e-12	0.0	0.0	0.0	0.0	0.0	0.0	0.0	0.0	0.0
1048.932578079191	0.2418611284526832	0.0584968054564053	1100259.5533558582	1113.2631552008131	5.47821030435648	1239354.8527276698	30.01078813875752	1081.6751531085697	1.521121731678022	2.313811322583145	1170021.1368524476	1074.8062252018422	904.537838847432	1.107077	23.632132	0.0843060551510961	0.0638602482331412	-0.022486541	0.1700980397	0.0968830162	0.0276490575	0.0921455505	-0.0876597838	0.0046514244	-0.2191001775	-0.0368107116	-0.0583194454	0.0064612082	-0.0325128352	0.0632871791	-0.0026873209	0.1248058227	0.3127221467	-0.1203038659	0.0265443998	-0.1114957918	0.0223661021	0.0601458153	-0.0152670792	-0.0051945587	0.0997085844	0.1421372162	0.033559305	-0.0067947825	0.036040061	0.0211809927	0.1727494126	-0.3076044173	0.1311251685	-0.03679089	-0.0464728545	-0.0515213719	-0.1278757846	-0.0065805501	0.0559054854	0.0548844186	0.202305865	-0.0509889583	-0.0670490402	0.0621399975	0.1348765067	0.0727590831	0.1173098301	-0.148803661	0.0768186766	0.0071686914	0.1311827086	-0.0017218712	0.0017416841	0.0033318057	0.0888028605	0.0305902314	0.0286568428	-0.0669044654	0.0040442975	0.0683404564	0.0673868951	0.0248859636	0.0027296496	0.0010791747	-0.080772799	0.1976441328	0.151276289	0.1449845808	-0.0223618901383844	-0.001528551301405	0.0005000541305611	2.336469081026923e-06	-0.1294627567899766	0.0517454156387061	0.0167606053956606	0.0026775880396224	0.3088622891714152	0.00025661762254	0.0953959136722069	6.58526041980994e-08	-0.0044967492685578	-0.0005909986085761	3.492793553390039e-07	2.0220753984275107e-05	-0.0010980927107619	-2.4139526078400088e-05	5.827167192897578e-10	1.2058076014284175e-06	0.0004830333418316	-3.712771143000266e-07	2.333212093210033e-07	1.3784669560295502e-13	0.0	0.0	0.0	0.0	0.0	0.0	0.0	0.0	0.0
1052.0704167499232	3.137838670732208	9.84603152354247	1106852.161800357	1114.0293013174323	0.7661461166192112	1241061.2841938064	0.5869798720106979	1081.316789624062	-0.3583634845076631	0.128424387028474	1169245.999522888	1074.6534885042654	918.3644465452788	1.038993	22.178789	0.1286872326337182	0.0748757089431025	0.0107941242	0.0091725924	0.1365553028	0.0051811521	0.0942575409	-0.0398782129	-0.0476526104	-0.0978029235	-0.0828698728	0.0086837135	0.0384790649	-0.0016819447	0.0607777661	-0.0211459724	-0.0200336855	0.1391769383	-0.1102465443	0.1376124688	-0.1343019431	-0.0427713873	0.0911126229	0.081291528	-0.1427917818	0.0219344161	-0.0408231468	0.1030105094	0.0160580875	0.0561471926	0.0125428836	0.0104599043	-0.1402659827	0.1216332304	-0.1049015849	0.0613849008	-0.0653298499	-0.1543824184	0.1331377096	0.0282478836	0.1077777486	-0.0568352204	-0.0819693106	-0.0694204624	0.0537924957	0.0855485978	-0.0119568076	0.0975871147	-0.1609621551	0.0049761398	-0.0864329689	0.0916618032	0.0179043285	0.0392041091	-0.0255016271	0.0505363998	-0.0800652614	0.1516526843	0.11546972	-0.0331283658	0.1366023432	0.190003805	0.0231365652	0.0513840689	0.0415180376	-0.0546342861	0.0552734931	0.1502346003	0.1408894722	-0.0176301562552083	0.0047317338831761	0.000310822409583	2.2389305541196777e-05	-0.113003303784211	0.0164594530057655	0.0127697466661466	0.000270913593249	0.2810420139789187	-0.0278202751924965	0.0789846136213267	0.0007739677117862	-0.0033078386483181	0.0011889106202396	1.4135084629187469e-06	1.0941796523306916e-05	-0.0006958053456722	0.0004022873650897	1.6183512411081358e-07	4.841450790660098e-07	0.0004853507675478	2.317425716200029e-06	2.355653675592386e-07	5.3704619501052176e-12	0.0	0.0	0.0	0.0	0.0	0.0	0.0	0.0	0.0
1054.1540616952973	2.0836449453740897	4.341576258382993	1111240.7857886923	1115.518238695362	1.4889373779296875	1244380.9408620023	2.216934515396133	1083.1000496862812	1.783260062219142	3.1800164495058185	1173105.7176304248	1075.7556885425788	942.1020057311912	1.18493	25.294029	0.1237917013385513	0.0640603706285124	0.0338226297	-0.1604641618	0.0253748317	0.0601462851	0.1083874547	0.068719861	-0.0278148103	0.0457650717	-0.0634099217	-0.0552855023	0.1085254188	0.0780801922	0.0574183204	0.0284201171	-0.0407718952	-0.0619081371	-0.0398600108	0.2463228243	-0.2237344839	-0.1679952502	-0.0700251038	0.0402273468	0.0293974596	-0.132917174	-0.1045824433	-0.1596984891	0.0789121838	0.0700315564	-0.0099215992	-0.0341322848	0.0471626679	0.054426612	-0.2118316184	0.1741570147	-0.1405362905	-0.0517429914	-0.0114259088	-0.0660577425	-0.0445103043	0.0028975398	-0.1515649942	-0.1010018655	-0.0033396472	0.0465822438	-0.0988956467	0.0300866397	-0.1842339737	-0.2125275172	-0.0368332338	-0.1894253183	-0.044762599	0.0111641726	0.2298643315	0.209091369	0.037901562	0.1009723026	0.1798444926	-0.1979145614	0.0798597749	0.0129423236	-0.0077624576	0.147539288	0.2914135067	-0.09816554	0.0729073308	0.1489877092	0.136024874	-0.0137070019768117	0.0039231542783966	0.0001878819031923	1.5391139492101554e-05	-0.1479982922815992	-0.0349949884973881	0.0219034945182696	0.0012246492199323	0.3159936964390653	0.0349516824601465	0.0998520161892241	0.0012216201067949	-0.002528775207113	0.0007790634412051	6.069398454223326e-07	6.394704048109396e-06	-0.0008871511660375	-0.0001913458203653	3.6613222971269655e-08	7.870371914016959e-07	0.0005133790280298	2.802826048199994e-05	2.635580264208221e-07	7.855833856468394e-10	0.0	0.0	0.0	0.0	0.0	0.0	0.0	0.0	0.0
1056.18069661681	2.026634921512823	4.107249105095286	1115517.6639059703	1114.4873529748072	-1.0308857205548063	1242082.0599407926	1.0627253688438028	1083.4573335813309	0.3572838950497043	0.1276517816618881	1173879.7936911674	1076.1809129142948	942.7738627440092	1.457219	31.106426	0.2819159801293631	0.1488341731117761	0.0860858864	0.1443187393	-0.0830479328	0.0569201972	0.0677288485	-0.0537559411	0.1043395257	0.0244391575	0.1686798465	0.0436158118	-0.1092901451	0.1073125724	0.0102192622	0.0068190506	-0.1008451338	0.0362698764	0.0725512256	-0.1000313185	0.0971067801	-0.0676453444	-0.1432813167	-0.0190930858	-0.0003517493	-0.0854640248	-0.0052020138	0.0702980515	0.0989906176	0.0246206464	-0.0416693511	-0.0933913931	-0.0623040177	-0.046793698	0.0945847006	-0.0359867992	0.0125435505	0.1668348202	-0.0237132329	0.0180433323	-0.1510514631	0.0106910044	0.1122546333	-0.0552158969	-0.0438565838	-0.0365724647	0.0974177442	0.0944117046	0.0894233356	0.0828102529	0.065936067	-0.12269416	-0.0170045723	0.0320452848	-0.2422027883	-0.097843349	0.1780308916	-0.1366389227	0.2306457036	-0.2067746991	-0.1345715529	-0.1040333778	-0.0768674961	0.0578304491	0.1667137385	0.0383649275	-0.0642045765	0.1475373187	0.1304173552	-0.0005183661492935	0.0131886358275181	2.687034647333712e-07	0.0001739401149908	-0.0619595697680637	0.0860387225135354	0.0038389882858435	0.0074026617717611	0.2250785820957759	-0.0909151143432893	0.0506603681182449	0.0082655580160533	-0.0010923734659846	0.0014364017411283	2.0632499619166987e-06	1.1932797891872082e-06	-0.0005362548208605	0.000350896345177	1.2312824505857633e-07	2.8756923289612697e-07	0.0004652069654348	-4.817206259499996e-05	2.164175206890552e-07	2.320547614656594e-09	0.0	0.0	0.0	0.0	0.0	0.0	0.0	0.0	0.0
1056.103920915968	-0.076775700842063	0.0058945082397899	1115355.4917740813	1117.6649733917625	3.1776204169552784	1249174.9927468093	10.097271514251036	1084.0442084964795	0.5868749151486554	0.3444221660307415	1175151.8459747587	1076.8521852146323	937.323514720462	1.167021	24.911734	0.1184845863601998	0.0685304895062507	0.0904714667	0.1945636233	0.0581255448	0.0776970931	0.0388614062	-0.1006561866	0.0207170473	-0.1296172401	0.0376100289	0.0406872816	0.0128796126	0.1026620142	0.047567269	-0.0712894001	-0.02561333	0.1100001497	0.0203246535	0.0078556551	0.0146383518	0.1308497064	0.0826665945	-0.0228046002	-0.0157492823	0.1601521369	0.0450013208	0.0171683858	0.1038902195	0.0444756125	0.037351897	-0.033741042	-0.122713477	0.013265425	0.0146777802	0.0046662508	0.0737751507	0.0281114319	0.0616199483	0.034113718	0.0789566653	-0.0147183387	0.2091480293	-0.0869697734	-0.0036050235	-0.0143916478	0.0335382967	0.1257169809	-0.0480723772	0.1050796203	0.0949037986	0.0364057422	0.0490799557	0.0085583537	-0.0840440391	0.0043561542	0.0831042974	-0.0521146902	0.0593009345	0.0696531132	-0.0164020508	-0.1609849223	-0.0653461342	-0.1645034666	-0.1657116068	-0.1240411067	0.0769829657	0.1458854101	0.124097542	-0.0020360844850983	-0.0015177183358048	4.14564003045801e-06	2.303468946838092e-06	-0.0812956259123751	-0.0193360561443114	0.0066089787924848	0.0003738830672159	0.2747079902310645	0.0496294081352886	0.0754644798967906	0.002463078151859	-0.0017668128889726	-0.0006744394229879	4.548685352803862e-07	3.121627784639705e-06	-0.0008209113562978	-0.0002846565354372	8.102934316716681e-08	6.738954548986935e-07	0.0004642748489642	-9.321164705999668e-07	2.155511353807308e-07	8.688411147637388e-13	0.0	0.0	0.0	0.0	0.0	0.0	0.0	0.0	0.0
1058.043130014874	1.9392090989058488	3.7605319292792334	1119455.2649716714	1124.58447767813	6.919504286367555	1264690.2474345926	47.87953956905897	1083.0248197582662	-1.0193887382133653	1.039153399596237	1172942.760212425	1076.2446018395287	954.0977489711432	1.175091	25.083988	0.0646074234627099	0.0320097161887392	0.1082578744	-0.0041984659	0.1509785903	0.1230658357	0.0234753119	0.0621665514	-0.1091617533	-0.0937508826	-0.0927687823	-0.0114881532	-0.0742547184	0.091554429	0.0291118593	-0.0405868149	0.0565317119	0.0014461047	-0.0782589907	-0.077522996	0.028241614	0.0087925568	-0.1568375299	-0.1198726318	-0.00055336	-0.1265713489	-0.0251602672	0.0129336736	0.0934581471	0.0160435955	0.0420843164	0.0272025241	-0.0012415416	0.1285792286	0.0214929302	-0.0910167895	0.0106677677	0.0414084682	-0.0598226547	-0.0087761181	-0.1403737164	-0.1010124888	-0.0715268288	-0.0939628129	0.0121233921	-0.0521961082	-0.0952779925	0.0789320813	-0.0294710084	0.0159422783	-0.0353390057	0.0362219502	0.1101746986	0.025009911	-0.0777619577	-0.1088421184	0.1703362632	0.0565888914	0.2610271131	-0.014387947	0.0356428614	0.0791177718	0.0172228311	-0.0263148901	-0.0094490403	-0.0840516342	-0.0802317923	0.1440342395	0.1170999511	-0.0067785924473895	-0.0047425079622912	4.594931556780598e-05	2.2491381772395427e-05	-0.0606901603109832	0.0206054656013919	0.0036832955585728	0.0004245852126501	0.2656682539663677	-0.0090397362646968	0.0705796211655384	8.171683173527519e-05	-0.0013258611375854	0.0004409517513872	1.9443844705143908e-07	1.7579077561592508e-06	-0.0007547433443002	6.616801199759998e-05	4.378205811714535e-09	5.696375157654503e-07	0.0003670003396624	-9.72745093018e-05	1.3468924931231698e-07	9.462330159905977e-09	0.0	0.0	0.0	0.0	0.0	0.0	0.0	0.0	0.0
1055.1542622207194	-2.888867794154521	8.345557132103208	1113350.5170825506	1117.3193109729625	-7.26516670516753	1248402.4426730955	52.78264725387483	1081.73129841351	-1.2935213447560727	1.6731974693395588	1170142.6019673783	1074.8288066792743	956.5087128822378	1.130495	24.132019	0.1010101151171004	0.0682154208297495	0.0698680413	-0.163617998	0.1174651086	0.0703488725	0.0451652472	0.1607562045	-0.0227525045	-0.0365490978	-0.1052757931	-0.0111549747	-0.0794245345	0.0728804059	0.0877915757	0.0058250927	0.1752896344	-0.0900606616	-0.1116794922	-0.0572246284	-0.1261869138	-0.0124690025	0.058864341	-0.161594001	-0.0278138481	-0.0598904942	0.0531509384	0.020350992	0.0647620379	0.0772323224	0.0212590862	0.1531973263	0.1568387372	0.1046349736	-0.0175820509	-0.0162549693	-0.1240965714	-0.0746700423	-0.0309432971	0.1198752285	-0.0810142048	-0.1101393974	0.0413941932	-0.1121085627	0.0280160883	-0.0108600113	-0.0962227748	0.0029474459	0.0098710051	-0.1313969226	-0.0857513093	0.0510820975	0.0352776178	-0.1009874531	-0.0094134415	0.0084941422	-0.0052308257	0.0031777	0.1066072149	0.0247290566	0.0844307679	-0.1119300423	-0.0760256363	-0.1861442236	-0.1736420876	-0.1028664312	-0.1262118411	0.1419863355	0.1094628008	-0.0069017223383696	-0.00012312989098	4.763377123594994e-05	1.5160970052771112e-08	-0.0746572556980851	-0.0139670953871018	0.0055737058283692	0.0001950797535524	0.3302484432073811	0.0645801892410134	0.1090640342408988	0.0041706008424051	-0.0013927963884792	-6.693525089380005e-05	4.48032781221596e-09	1.9398817797607024e-06	-0.0006389396070676	0.0001158037372325	1.3410505557037064e-08	4.082438214796991e-07	0.0006310553634961	0.0002640550238337	3.9823087179719493e-07	6.972505561181588e-08	0.0	0.0	0.0	0.0	0.0	0.0	0.0	0.0	0.0
1054.8183965179655	-0.3358657027538356	0.1128057702863278	1112641.849632732	1121.9167933403692	4.597482367406656	1258697.2911791366	21.136844118615105	1084.0010179757696	2.2697195622595245	5.151626891303568	1175058.2069725047	1077.2281308694576	947.9633883419416	1.329626	28.382755	0.0642001710824899	0.0304053900463011	0.0654131854	-0.0493056794	-0.1938470048	0.080753863	0.0744661053	0.0921542391	0.1596541267	0.0878484577	0.0672140469	-0.0704070419	-0.026340236	0.1076959172	0.0722706258	0.0964921546	0.0839125237	0.0041013302	0.0534964761	0.0894726401	0.0004222157	-0.1099288774	0.0913107808	-0.226359772	-0.0798777031	-0.1327677286	0.0487069147	0.0661587006	0.0894571034	0.0843534053	-0.0425421483	0.1075968174	0.0671897162	-0.0479646795	0.0403573624	0.1573898525	-0.0300182576	0.0002331827	-0.1075325399	0.1651547211	-0.1146930462	0.0135620405	-0.0910553915	-0.1251862605	-0.0050112779	-0.0090650792	0.0094755716	-0.0204845476	0.0780108913	-0.056229625	0.0591260948	-0.0661050549	-0.0775202929	-0.1416207874	-0.0005052634	0.0407746358	-0.0588400231	-0.0802919294	0.0926197183	0.1798792872	0.046002112	0.1010822798	-0.0506212649	-0.0982241869	-0.2916879031	-0.0481366545	0.0093323013	0.1397444952	0.1012278027	-0.0010421755035991	0.0058595468347704	1.0861297803020374e-06	3.433428910886898e-05	-0.0941374080981631	-0.019480152400078	0.0088618516034401	0.0003794763375302	0.3353533206450976	0.0051048774377164	0.1124618496676936	2.6059773654106798e-05	-0.001714688644274	-0.0003218922557948	1.0361462434066502e-07	2.9401571468022084e-06	-0.0009790540879137	-0.0003401144808461	1.1567786008121214e-07	9.58546907060527e-07	0.0006441605150537	1.310515155759993e-05	4.14942769154248e-07	1.7174499734766386e-10	0.0	0.0	0.0	0.0	0.0	0.0	0.0	0.0	0.0
1055.2375821046198	0.4191855866542937	0.1757165560587044	1113526.3546860043	1118.778360970413	-3.138432369956263	1251665.0209756435	9.849757740789284	1084.23675754059	0.2357395648202782	0.0555731424216541	1175569.346402132	1077.1615001937282	930.8460751866664	1.408743	30.07163	0.059851516347851	0.0285654846790015	0.0741628767	0.1829404803	0.0500422888	0.0768654505	0.0478471643	-0.0106427749	0.1467352681	-0.0099887591	-0.0101729953	-0.0452741127	0.0383477646	0.1277356032	0.0706310503	0.0339180788	0.0281874782	-0.0370831825	0.0990364852	0.0752152532	-0.0010190122	-0.0564801304	-0.2178827703	-0.1910727408	0.0189629867	-0.0941710761	-0.1880034886	0.0394963094	0.1099892975	0.0677078267	-0.0262383654	0.0500643296	0.0203704542	-0.0209776895	-0.0584839195	0.0925457949	-0.034281748	0.2253853801	0.0083944887	0.0879833877	-0.057380914	0.039692669	-0.0333052522	-0.1228747932	-0.0190320884	-0.0533036402	-0.0786256937	0.0980604897	0.1172959501	0.0292140122	0.1775941517	-0.0812881363	0.1241633159	0.0601167213	0.0551194046	-0.1341577759	0.2425574834	-0.287854411	0.1525935017	0.2034094946	0.1571704095	-0.1202165923	0.1281573803	0.0197339829	-0.0434284897	0.183454109	-0.0597508693	0.1373117808	0.0924399334	-0.0068771477534426	-0.0058349722498435	4.72951612226806e-05	3.404690115644372e-05	-0.0828407839850768	0.0112966241130862	0.0068625954912621	0.0001276137163523	0.3354668839113088	0.0001135632662112	0.1125380302011635	1.2896615432556548e-08	-0.0013478389726947	0.0003668496715793	1.3457868153784028e-07	1.8166698963147045e-06	-0.0006158521574761	0.0003632019304375	1.319156422735992e-07	3.792738798679671e-07	0.0005220849826964	-0.0001220755323572	2.725727291571003e-07	1.4902435600318193e-08	0.0	0.0	0.0	0.0	0.0	0.0	0.0	0.0	0.0
1059.0708247245	3.8332426198801386	14.693748982865548	1121631.0117826324	1124.40380482734	5.625443856927177	1264283.916310199	31.645618587439717	1082.9902229971983	-1.24653454339159	1.5538483678684798	1172867.8231075213	1077.0797071428776	950.4321307713624	1.315782	28.087244	0.1929327257380713	0.1219304169902959	0.1233010934	-0.0853442405	0.1216823353	0.138923195	0.0850781815	0.0919994239	-0.1492885235	0.1925382736	-0.1241458382	-0.2985456388	0.0563693915	0.182954569	0.1062686653	0.0966253715	0.0062711897	-0.2880466663	0.1289468663	0.0258837226	0.0524929554	0.143057802	-0.0406378045	0.1008623306	0.1366894636	-0.0755102733	-0.0875787314	-0.2299203017	0.1757917516	0.114835183	-0.07466802	0.0118053966	0.2645904684	-0.102485645	-0.2113505665	-0.0959279002	0.1080820384	0.0686144697	-0.0843315786	-0.053705279	0.0301057544	0.080350936	-0.1908928523	-0.2014254899	-0.0653773456	-0.0322663646	-0.1986078224	0.0124004469	0.2004666763	-0.0710441957	0.0074025333	-0.0523375499	0.0651399158	-0.0240707142	0.1514978153	-0.2671504628	0.0050624225	0.0200432237	0.0130721281	-0.0404383108	-0.0277751872	0.0778060169	0.1512725036	0.0585571988	0.1964926638	0.0582970621	-0.1015113056	0.1346915149	0.0831471893	-0.0068771651376948	-1.7384252200096373e-08	4.729540033112474e-05	3.0221222455655563e-16	-0.0973891908896149	-0.014548406904538	0.0094846545021338	0.00021165614346	0.4545362085107598	0.119069324599451	0.2066031648473369	0.0141775040605694	-0.0005489327550871	0.0007989062176076	6.382511445320821e-07	3.013271696075141e-07	-0.0002951251170786	0.0003207270403975	1.0286583444213965e-07	8.709883473065735e-08	0.0004554187037049	-6.666627899149999e-05	2.074061956842515e-07	4.444392754572512e-09	0.0	0.0	0.0	0.0	0.0	0.0	0.0	0.0	0.0
1061.0387451678728	1.9679204433728048	3.872710871444616	1125803.218747414	1128.7711892429786	4.367384415638526	1274124.3976650082	19.07404663396227	1085.7415687597193	2.751345762520941	7.569903504941939	1178834.754132816	1079.5207200852117	961.4243291333712	1.238904	26.446167	0.0740784975966458	0.0403700049605142	0.156745285	-0.0682029406	-0.1540225569	0.1477772355	0.0802341989	0.1088911776	0.0585062505	0.1908953012	-0.0335945618	-0.2096072696	0.0650258033	0.2021820613	0.0476789662	0.0638883951	0.0617939433	-0.2751077003	0.0872424742	0.1044420377	0.1090546353	0.0564795252	-0.0661633002	0.0299039231	0.0713347936	-0.0478535978	0.1323232628	0.0321939366	0.1903892437	0.0598223341	-0.0350589009	0.0616738783	0.2623644326	-0.0912327146	-0.1372987829	-0.0004368981	0.1574371618	0.1649874243	-0.1077591767	-0.0944903537	-0.0075905715	0.1053506834	-0.1687176248	-0.2119170869	-0.0720322118	-0.0327241249	-0.1031355928	-0.0012037575	0.2326541261	-0.0998224224	0.1055990839	-0.1394058503	-0.02908721	-0.185638514	0.1998250435	-0.1715708026	-0.0126819234	0.0517707856	-0.1128839913	0.1939182182	0.0093306196	0.2072723823	0.0147035189	0.0970092991	0.0174132741	0.0011588993	0.0722153109	0.1318872767	0.0734003241	-0.0041547587337191	0.0027224064039757	1.726202013541514e-05	7.411496628407903e-06	-0.0901252052614438	0.007263985628171	0.0081225526234173	5.276548720627628e-05	0.4745062447976238	0.019970036286864	0.2251561763519425	0.0003988023492986	-0.0010808512671325	-0.0005319185120454	2.829373034565924e-07	1.1682394616619308e-06	-0.0004898310092849	-0.0001947058922063	3.791038445985133e-08	2.399344176570638e-07	0.0006112356850059	0.000155816981301	3.736090626246318e-07	2.4278931661756183e-08	0.0	0.0	0.0	0.0	0.0	0.0	0.0	0.0	0.0
1063.1367332157738	2.097988047901026	4.401553849135559	1130259.7135127075	1130.5134416411197	1.7422523981410905	1278060.6417312494	3.0354434188283808	1087.7106170895352	1.9690483298159047	3.877151325150806	1183114.386529297	1082.3436375620795	974.906980046768	1.516425	32.370266	0.1435438548878274	0.0950597095161854	0.1742415383	0.1314115892	-0.0574824135	0.1633457842	-0.0025052434	-0.1179219887	0.1655789278	-0.0118580337	0.0003787366	-0.0866948792	-0.1252346849	0.2038336078	0.0153143252	0.0991234496	0.1153916369	-0.0585466914	0.1499664686	0.0151923482	0.073994498	-0.0725284448	-0.1663194901	-0.0150499986	0.3186300988	0.2980627164	0.2855804897	-0.09849356	0.1916963399	0.0013385034	-0.1055637575	0.1319010085	0.0452541309	-0.0563835113	-0.066534064	-0.011181701	0.0183302957	0.2963485614	-0.1282443965	-0.1222653128	0.0855553195	0.3195841364	0.3410895617	-0.1684218168	-0.1139838967	-0.0516897153	-0.0483281432	0.0304588795	0.2541265116	0.1190950074	0.2036994611	-0.05636165	0.0406314992	-0.1500077984	0.0646488144	-0.0639699556	-0.3550604933	0.1470728112	-0.4307311669	-0.4032217605	-0.0332847661	-0.1465249321	0.0868840254	-0.1176657205	-0.1184641917	-0.0618802274	0.0528237245	0.1289028963	0.0632525717	-0.0153867045305844	-0.0112319457968653	0.0002367506763115	0.0001261566063837	-0.0894582253600049	0.0006669799014388	0.0080027740845614	4.448621889234366e-07	0.4184623303838606	-0.0560439144137632	0.1751107219502913	0.0031409203428172	0.0001857257301142	0.0012665769972467	1.6042172899544674e-06	3.449404682645266e-08	-0.0007269426378873	-0.0002371116286023	5.622192441848247e-08	5.284455987785462e-07	0.000619567354672	8.33166966610001e-06	3.8386370697525997e-07	6.941671942501105e-11	1.0	0.0	0.0	0.0	0.0	0.0	0.0	0.0	0.0
1062.450614415109	-0.6861188006648717	0.470759008625802	1128801.3080710424	1129.1310691350625	-1.3823725060572087	1274936.9712860892	1.9109537455028875	1093.0422284215172	5.331611331982003	28.42607939531891	1194741.313112676	1086.8688690575643	992.6466705435948	2.472726	52.783863	1.0070291498818056	0.6157705978839633	0.1313075311	-0.0454184486	-0.0154374107	0.0483182176	-0.430834821	-0.4707123736	-0.0307486269	0.2756984489	-0.4229822213	0.0605213234	-0.0044152445	0.0047021325	-0.5609759561	0.3173202041	0.017728522	0.0306729726	-0.4307248188	0.2437994896	0.4014294538	-0.1389075011	0.0855432248	0.1166702785	0.1073865631	-0.0496388224	-0.0594135112	-0.0088441784	-0.0111148967	-0.5251703618	-0.3897475255	-0.0245718132	0.081688301	0.2998267378	0.1694194335	0.4410527621	0.3384679908	-0.0730764374	0.0517700233	-0.114597175	0.0632522404	0.0331617884	0.0108182245	0.2588886305	-0.5805123174	-0.0308494411	-0.1998389409	-0.1490868943	-0.1269909131	-0.1581621322	0.3055422268	0.3421050989	-0.3777111367	0.177647725	-0.1077567487	-0.1072197799	0.0504962461	0.0236552768	-0.0661503797	0.0200639877	0.0996816865	0.0804936522	-0.071616254	-0.1018535899	0.0477974512	-0.0045312988	-0.0350139372	0.1257424501	0.0527593557	-0.0013180401460743	0.0140686643845101	1.737229826663562e-06	0.0001979273175639	-0.1672288191552553	-0.0777705937952504	0.027965477956061	0.0060482652592658	-0.0120098563356094	-0.43047218671947	0.0001442366492019	0.1853063035390422	0.0065219414995656	0.0063362157694513	4.0147630277044586e-05	4.253572092375598e-05	0.0014827879553795	0.0022097305932668	4.8829092948192455e-06	2.1986601206185183e-06	-0.0005288403822613	-0.0011484077369333	2.796721499102779e-07	1.3188403302482638e-06	0.0	1.0	0.0	0.0	0.0	0.0	0.0	0.0	0.0
1060.4671554906772	-1.983458924431716	3.934109304907819	1124590.5878744882	1127.787749302538	-1.3433198325244575	1271905.2074768844	1.8045081724535368	1090.007826674041	-3.034401747476068	9.207593965085811	1188117.0622106665	1084.5237649713176	986.4037403713	2.170436	46.331059	0.6730090196882681	0.3624961307409945	0.1127020559	0.0432335486	-0.0678140618	0.0866872067	-0.3224976424	0.0891766245	-0.0460860477	-0.0087915886	0.343638546	-0.1673891054	0.0531873052	-0.029271252	-0.3600622396	-0.1960543533	0.1060290913	-0.0562945326	0.1530604578	0.0833650362	-0.0446443304	0.1848707287	0.0012073867	-0.1535610082	-0.2548866007	0.1558468118	-0.0405485077	0.0096723373	-0.004299085	-0.3761931341	0.1928766779	0.037154772	0.0284030373	-0.1947136467	-0.173391507	-0.0795663614	0.1015858177	-0.0274884713	0.0468006157	0.1992409225	0.0438849877	-0.3061346693	0.08593187	0.2631693076	-0.1341435594	-0.2183294884	0.2277201723	0.189653164	0.1763787757	-0.1992928118	-0.0684149658	0.0182472065	-0.0381660405	0.0938102642	-0.0412526352	0.0357754683	-0.2036918061	0.0801474223	0.2058393113	0.1219537756	-0.3878061188	-0.2498501814	0.3323914816	0.1438977105	-0.1321761522	0.0032543018	0.0647482413	0.1224102548	0.0419779864	-0.0067257488184253	-0.005407708672351	4.523569716854932e-05	2.9243313085020214e-05	0.0131246397662891	0.1803534589215444	0.0001722561689948	0.0325273701449652	-0.1509333148514571	-0.1389234585158477	0.022780865532049	0.0192997273260044	0.0013158571073444	-0.0052060843922212	2.710331469892918e-05	1.731479926948772e-06	0.0006762797880526	-0.0008065081673269	6.504554239649951e-07	4.573543517284695e-07	0.0004250549297611	0.0009538953120224	1.8067169331421366e-07	9.09916266298312e-07	0.0	0.0	1.0	0.0	0.0	0.0	0.0	0.0	0.0
1055.6795253950995	-4.787630095577697	22.921401932081302	1114459.2603384226	1123.2274046306368	-4.560344671901248	1261639.8025132762	20.7967435265381	1084.5880223857282	-5.419804288312889	29.374278523614784	1176331.178302585	1079.623025749754	965.535345090146	1.483658	31.670803	0.2621919632804368	0.1919637837788587	0.0260607499	0.0154792506	-0.0921205829	0.0112118511	-0.3124210465	-0.0403187171	0.0028024429	-0.1277481212	0.0940803926	0.1361607233	0.200857607	-0.1066994977	-0.2381018793	-0.1737323775	0.1360279271	-0.0398419482	0.1443307909	-0.2152948905	0.1050996212	-0.0114871713	-0.0449078611	0.0918345281	-0.2038205592	-0.0581076551	0.0295939463	-0.1909919132	-0.0910792525	-0.273311116	0.1850775595	0.1205072358	0.0083253318	-0.156380846	0.0929805167	-0.1816671319	-0.0075162059	0.072027181	0.2308136478	0.0010346744	0.031895668	0.0580037526	-0.2149991991	0.2397535421	0.0490974356	-0.1634274051	0.2055282975	-0.0045467213	0.0682082977	-0.1066351255	0.0102047454	0.1515684709	0.119430584	-0.1733845345	-0.0407601875	0.1370572838	0.0153411286	-0.0169181987	0.008277775	-0.109606187	0.0690069652	0.135277887	0.253324849	0.1648252197	-0.0692739164	-0.0144544445	-0.0490375271	0.1189108618	0.0309673479	-0.0127076811651249	-0.0059819323466996	0.0001614851605944	3.578351460049098e-05	0.0258933346344747	0.0127686948681855	0.0006704647784928	0.0001630395686368	-0.1151985216595505	0.0357347931919066	0.0132706993925459	0.0012769754444683	-0.0021120178280947	-0.0034278749354391	1.1750326573011612e-05	4.460619306189854e-06	0.0002248416039098	-0.0004514381841427	2.0379643410214854e-07	5.0553746848731396e-08	0.0001502371918701	-0.000274817737891	2.257121382101324e-08	7.552478905952639e-08	0.0	0.0	0.0	0.0	0.0	0.0	0.0	0.0	0.0
1044.5910835045183	-11.08844189058118	122.95354356079554	1091170.5317371436	1111.1126619652855	-12.114742665351288	1234571.3475795828	146.7669898476828	1079.7970574787255	-4.790964907002717	22.95334474013156	1165961.685339714	1074.3911163720174	973.881144580462	1.550789	33.103802	0.1583431696362568	0.0966383049173057	-0.1360037108	-0.0414399323	-0.0609365116	-0.1075901494	-0.3242644391	0.2353315807	0.1789361681	-0.0979129979	0.0056622525	0.0680838079	0.0074700706	-0.2325188132	-0.137103695	-0.0909622231	0.317413343	-0.1547082765	0.0960511053	-0.1657677985	0.0286371425	-0.0421646885	-0.037240318	0.1787566623	-0.0549713021	-0.0411502224	0.0506630669	-0.0460119537	-0.2158701783	-0.1859600828	0.1511205007	0.2817395621	0.1136852854	-0.1213032515	0.1217777005	-0.1762219554	-0.0280633666	0.0254472636	0.1036919573	-0.1553476703	-0.041083993	0.0993102899	-0.1774915541	0.2882207735	0.0887555632	-0.0882420897	0.1000675217	-0.1116505933	0.169696005	-0.0662717897	0.0310330062	0.1414530421	0.1818676184	-0.1746574393	0.1554364221	0.1877531086	0.1615660022	0.0677401503	0.0938985004	-0.2242538287	0.0568671401	0.2427145853	-0.0841566064	-0.0243864066	-0.0306036283	-0.0531221326	-0.105959723	0.1152490509	0.0197875765	-0.0065055143413417	0.0062021668237832	4.232171684540253e-05	3.8466873310036985e-05	0.0570528528527631	0.0311595182182884	0.003255028018639	0.0009709155755958	-0.1171179456014357	-0.0019194239418851	0.0137166131819008	3.684188268682113e-06	-0.0003859676653195	0.0017260501627751	2.9792491644162936e-06	1.4897103867218554e-07	-0.0004300292510535	-0.0006548708549633	4.288558366803635e-07	1.8492515676163414e-07	0.0001499169965626	-3.201953074999874e-07	2.2475105858350626e-08	1.025250349450115e-13	0.0	0.0	0.0	1.0	0.0	0.0	0.0	0.0	0.0
1031.5369380768204	-13.054145427697904	170.41071284748608	1064068.4546169022	1087.322413867033	-23.790248098252505	1182270.031697631	565.975904576407	1072.7763496627929	-7.02070781593261	49.29033823669724	1150849.096395827	1065.1509054478408	904.537588548976	1.666179	35.566959	0.3424535546164915	0.2433888588794259	-0.3168228674	-0.0627956195	-0.1027701778	-0.3184669623	-0.2552514389	0.1995675431	0.3036853594	0.0908561979	-0.0408724372	-0.1008072689	-0.0219269535	-0.3676864787	-0.0495958235	0.041894495	0.2153334769	-0.1218457746	0.091804777	-0.1777071893	-0.0156043951	-0.0489959062	0.1740849494	-0.0232578808	0.2291340487	0.1081198033	0.0204310518	-0.1144005614	-0.3719561825	-0.0698114294	-0.0046528631	0.1888814707	0.1852888425	-0.0941942436	0.1459016577	-0.0788432335	-0.0836232792	-0.0196003625	-0.1867551855	0.0077316786	0.2375252083	0.1433622676	0.0956239679	0.2555321693	0.089409327	0.0658131356	0.0481495637	-0.2097714096	0.2233916291	0.0737737183	-0.0144955877	0.0589195319	0.0684732944	0.039977459	0.3085180513	0.0276260003	0.0531007007	-0.1132141318	0.0343658142	0.0556374455	-0.1792409111	0.1081900978	-0.2326264921	-0.2511660312	0.1650178203	0.0506570257	0.2549868379	0.1114298236	0.0084997322	-0.0199603826341103	-0.0134548682927686	0.0003984168749	0.0001810334807757	0.0299837198161156	-0.0270691330366474	0.0008990234540113	0.0007327379633557	0.1237591663499273	0.240877111951363	0.0153163312556289	0.0580217830620294	8.970283784548287e-06	0.000394937949104	1.5597598364251182e-07	8.046599117532994e-11	0.000396000433783	0.0008260296848365	6.823250402310876e-07	1.5681634355632417e-07	0.0001499981893363	8.119277369999916e-08	2.2499456804168506e-08	6.592266501099273e-15	0.0	0.0	0.0	0.0	1.0	0.0	0.0	0.0	0.0
1030.3582157394155	-1.1787223374049065	1.3893863486972855	1061638.052741712	1080.503088238873	-6.819325628159959	1167486.923693742	46.503202022879215	1071.7106743401262	-1.0656753226667206	1.135663893340819	1148563.769494568	1062.515827145197	855.1431526790392	1.383265	29.527765	0.076698472715882	0.0349563423096445	-0.34762059	-0.0460520586	-0.0627819082	-0.3654456563	-0.0596163896	0.0355372593	0.0679033349	0.0634846583	0.0576062647	-0.0567862254	-0.0239745255	-0.3253557136	0.0606030568	0.06199891	-0.0192738919	-0.189603104	-0.0096234974	-0.1589019832	-0.0218208838	-0.0808499077	0.0154746053	-0.0418559274	0.1575303603	0.0250997037	-0.1171017685	0.0836610956	-0.3392733393	0.0656492368	-0.0345596207	-0.0374063004	0.1889703541	-0.0305159102	0.0957018871	-0.0445563287	-0.0654438307	0.108988534	-0.0497762767	-0.0403065351	0.134608273	-0.116130021	0.0878475579	0.2193070485	0.1288709142	0.0812624975	-0.0526490319	-0.2579012072	0.1216569989	0.1053845686	-0.0259877233	-0.0355465249	0.1110481289	0.0761627128	0.0803010386	-0.0778136631	-0.0319725211	-0.0993875712	-0.1069883592	0.1282136971	0.0015308965	-0.0602721728	-0.0110759505	-0.1099017341	0.1012279141	-0.148365316	-0.0162284745	0.1074583966	-0.0028345346	-0.0065948676771938	0.0133655149569165	4.349227967969555e-05	0.0001786369900635	0.041706756884011	0.0117230370678954	0.0017394535697819	0.0001374295980952	0.143164565375045	0.0194053990251176	0.0204960927790255	0.000376569511324	-0.0002200478342539	-0.0002290181180384	5.244929838987264e-08	4.842104935983185e-08	0.0002359557572448	-0.0001600446765382	2.5614298488217065e-08	5.5675119376966986e-08	0.0004050258280787	0.0002550276387424	1.6404592141083665e-07	6.50390965225241e-08	0.0	0.0	0.0	0.0	0.0	0.0	0.0	0.0	0.0
1036.5467719423118	6.18855620289628	38.29822787640602	1074429.210424027	1086.9978133817262	6.494725142853213	1181564.2462966542	42.181454681209686	1072.8247693198928	1.114094979766605	1.2412076239411527	1150952.985666281	1063.6591326658236	859.7341292512338	1.241321	26.497768	0.2521974411516674	0.1588852822335491	-0.2857824006	-0.0614530487	-0.0051993198	-0.2879555688	0.0462388528	-0.0118650217	-0.1216928403	0.0462816793	0.1356094465	0.1270700804	-0.0456301316	-0.2262433302	0.0539800589	-0.0526550717	-0.2180495565	-0.1967180996	-0.0246746847	-0.170376216	0.1059464457	0.0324074235	-0.1074862648	0.108804477	0.0190384626	0.0992295044	-0.1467843249	0.1084902928	-0.2473672205	0.0781426476	0.0121019081	-0.2485159559	0.146718213	0.0029614066	0.0607804121	-0.0970052575	0.1055186191	0.1747155209	0.015900434	-0.0422309806	0.0705215371	-0.1673853149	0.0345884517	0.2135928171	0.0996626249	0.0220561025	-0.1135345531	-0.2171900822	0.102000431	0.0442545704	-0.0745330587	-0.1380407313	0.1261720232	0.1483585351	-0.1558528441	-0.0974535131	0.0612261858	0.0060148369	-0.1565721971	-0.0432932366	0.1351073015	-0.1314957497	0.0886099792	0.0658406401	-0.0553971636	-0.207385555	-0.1834045687	0.1033401944	-0.0141533203	-0.0198287614603032	-0.0132338937831093	0.0003931797810496	0.0001751359446626	0.057930370314807	0.016223613430796	0.0033559278048106	0.0002632056327519	0.055147013777443	-0.088017551597602	0.0030411931285694	0.0077470893892365	0.0020160459104612	0.0022360937447151	5.000115235153999e-06	4.064441113087329e-06	-0.0002200945367361	-0.0004560502939809	2.079818706400653e-07	4.844160510107848e-08	0.0004027222199715	-2.3036081072000062e-06	1.6218518645877325e-07	5.306610311557597e-12	0.0	0.0	0.0	0.0	0.0	0.0	0.0	0.0	0.0
1043.5129395682638	6.966167625952039	48.52749139286227	1088919.255046399	1097.8002062930336	10.80239291130738	1205165.2929370273	116.69169261026391	1076.7923300021444	3.967560682251587	15.741537767348682	1159481.721951447	1068.4653994579935	883.4610470036008	1.14275	24.393633	0.3007570036513561	0.1632397436065792	-0.1883821393	-0.0837976029	-0.0759778857	-0.19979292	0.0890067934	-0.1090067617	-0.1118054754	0.2146684449	0.2469103319	0.0222709394	0.0382089294	-0.1216603856	0.0081611391	-0.0301846524	-0.3817934982	-0.1860315975	0.0677900206	-0.0023519113	0.1504636206	0.006447985	-0.0462745933	-0.0584397558	-0.0256104558	-0.004724024	-0.0952467676	-0.0224281688	-0.1417064917	0.0468135144	-0.0385021372	-0.3577662986	0.0774113395	-0.1613521312	0.0137996327	-0.0153181948	0.1441250768	0.1052424401	0.0100006676	0.0205167936	0.0150008159	0.0021885085	-0.1313009059	0.1288150839	0.0463226991	0.0373489906	0.022555288	-0.2062566719	-0.0185362212	0.0126217552	-0.0729406605	-0.2147287578	-0.0333312847	0.1871460097	-0.0215820888	-0.1502470732	0.2384409038	-0.0320028539	-0.1489820805	-0.0537284709	0.0720474983	-0.0666544102	0.1371424001	0.1907796204	0.0132631988	0.0890534339	0.1471319647	0.0990808418	-0.0253948054	-0.021812599665921	-0.0019838382056178	0.0004757895041857	3.935614026068861e-06	-0.0334660965688158	-0.0913964668836228	0.0011199796195533	0.0083533141588091	0.1324505485484053	0.0773035347709623	0.0175431478107734	0.0059758364880853	-8.905326638886397e-05	-0.00210509917685	4.431442544374818e-06	7.93048425452597e-09	0.0002459806820802	0.0004660752188163	2.17226109594662e-07	6.050649595664043e-08	0.0004330111001282	3.0288880156700024e-05	1.874986128342341e-07	9.174162611469363e-10	0.0	0.0	0.0	0.0	0.0	0.0	0.0	0.0	0.0
1049.2323170808938	5.71937751262999	32.711279131977605	1100888.455206941	1106.866381633131	9.066175340097288	1225153.1867896195	82.19553529738819	1082.1854910948452	5.393161092700893	29.086186571822694	1171125.4371361914	1074.1181747751602	878.9913250642107	1.439054	30.71866	0.1116569868009125	0.0490436960009868	-0.0783211781	0.0758427185	-0.1407951647	-0.0919031479	0.0080045397	-0.117463521	-0.0885083697	0.0883331224	0.1685682547	0.2308927315	0.187286121	-0.0440898706	-0.0343655562	-0.1091827148	-0.2562083409	0.0271724086	0.158602701	0.0221533995	0.1390358802	-0.0280456588	0.175107008	0.0201822747	-0.0376176494	-0.0578278746	0.1427726233	-0.0432441623	-0.0643210852	-0.0045261631	0.054777891	-0.2462426246	-0.0330786129	-0.2160480193	0.1075522394	0.086109116	0.0117520944	-0.0373476498	0.1067483821	0.0307497268	-0.119586889	0.1775434519	0.1364651736	0.1118132944	0.0760974358	-0.0311710642	0.1212997306	-0.089510714	-0.0665551322	0.044418064	0.04904595	-0.08115098	0.016426014	-0.0196297883	-0.183802049	-0.0290422491	-0.1858942107	-0.0594427716	-0.0120350816	0.0737267722	0.2136026258	-0.0085418502	0.072764016	0.0227065482	0.1152407851	-0.0301633236	0.0569052256	0.0946861568	-0.0364975928	-0.0110489157301998	0.0107636839357212	0.000122078538813	0.0001158568918681	-0.0255992041718116	0.0078668923970042	0.00065531925423	6.18879959860425e-05	0.0998788440253264	-0.0325717045230788	0.0099757834838354	0.0010609159355387	-0.0006839667779058	-0.0005949135115169	3.539220861854117e-07	4.67810553278842e-07	-9.22424455618298e-05	-0.000338223127642	1.143948840719568e-07	8.508668763227134e-09	0.0007089685798714	0.0002759574797431	5.026364472448696e-07	7.61525306262186e-08	0.0	0.0	0.0	0.0	0.0	0.0	0.0	0.0	0.0
1054.9622239829291	5.729906902035282	32.83183310599156	1112945.294031008	1117.37290288225	10.506521249119032	1248522.204095506	110.38698875818974	1085.3120411756856	3.1265500808403885	9.77531540800304	1177902.226720933	1078.1383503451575	904.2794750415726	1.277838	27.277287	0.0605491428746289	0.0364271544764373	-0.0089366756	0.146209155	0.0828967854	-0.0048027267	0.0309249604	-0.106412686	-0.2396936384	-0.1748039801	0.0470218225	-0.0575099089	0.1763570007	0.0317085208	-0.0468613146	-0.1436706943	-0.2237817302	0.123385976	-0.0282889867	0.0378802086	-0.0207590666	-0.094719642	-0.0392512997	-0.0119160181	-0.0852160182	0.0071864609	0.0845278682	-0.2282624402	0.0242662327	-0.0346571137	0.0944957518	-0.2077067319	-0.1436217362	0.0313924522	-0.0315742222	0.0719695923	-0.0787617598	0.0302865695	0.1097015694	0.0214648478	0.126474945	0.1966477623	-0.1188234491	0.0667182455	0.0639234667	-0.0601229853	0.0405471507	0.0325151958	-0.1664427916	0.0580036394	0.0584667546	-0.0279747719	0.1333723098	0.1150402048	-0.0067283821	-0.0917453862	-0.1155789804	0.060290192	0.0014908695	0.1004292727	0.1333939691	-0.0123340016	-0.022742896	-0.0309867596	-0.0560312296	0.1017643829	0.0699046309	0.0901621419	-0.0474010431	-0.0106922658521568	0.0003566498780429	0.0001143245490531	1.2719913550808674e-07	-0.0340404175425703	-0.0084412133707586	0.0011587500264725	7.125408317067542e-05	0.1152853386808345	0.015406494655508	0.0132907093147547	0.0002373600775701	-0.0012624817878358	-0.00057851500993	3.34679616714308e-07	1.593860264617078e-06	-6.487123621434776e-05	2.737120934748204e-05	7.49183101143688e-10	4.208277287977704e-09	0.0005879590997425	-0.0001210094801288	3.456959029700111e-07	1.4643294281066622e-08	0.0	0.0	0.0	0.0	0.0	0.0	0.0	0.0	0.0
1058.334719319485	3.3724953365558576	11.373724795091007	1120072.378117053	1123.9797314028197	6.606828520569707	1263330.4366043543	43.6501831002133	1086.9034669704347	1.5914257947490569	2.5326360601926674	1181359.1465123508	1080.3212641863229	950.0543796084576	1.266376	27.032593	0.0694502075458807	0.0346488821838178	0.0347032892	-0.1742805858	0.0873526656	0.0390022047	0.0006167372	0.0989185681	-0.1481145266	-0.0342655174	0.0210191189	0.222468974	0.145510031	0.027900765	-0.0724425854	-0.1133535755	-0.0586393352	-0.0349762301	-0.0576321788	-0.0486069544	-0.1463009275	-0.0360745736	0.0539226312	-0.1036096494	-0.0525260362	-0.1134625972	0.1425414962	-0.0424577075	0.0355835954	-0.0646378319	0.0853442075	-0.0921453289	0.0424097378	0.0524115371	0.0311082994	-0.047271237	-0.2236684402	-0.1374493497	0.0765709156	0.0803697486	-0.0741673305	0.1817636249	-0.0116524108	0.0495371697	0.060040473	-0.0925865619	-0.015948689	-0.0553558093	-0.1623532009	-0.0938133368	-0.1097055662	-0.0445719541	0.0555461181	-0.0453604007	0.0026155639	-0.0859147446	-0.188427319	-0.0100858736	0.0433224144	-0.1163127418	0.1509709532	-0.0832480812	-0.0321270349	-0.1060785082	-0.0338506473	0.068512069	-0.0966969903	0.0855149763	-0.0580456054	-0.0067648856048663	0.0039273802472904	4.576367724692729e-05	1.542431560680758e-05	-0.0521964514937707	-0.0181560339512004	0.0027244695485415	0.0003296415688371	0.1276058644594968	0.0123205257786622	0.0162832566444554	0.0001517953554626	-0.0007929379602007	0.0004695438276351	2.204714060702205e-07	6.28750608727247e-07	-0.0001752811978381	-0.0001104099616237	1.2190359625758441e-08	3.072349831555915e-08	0.0007089306618582	0.0001209715621156	5.025826833227054e-07	1.463411884071264e-08	0.0	0.0	0.0	0.0	0.0	0.0	0.0	0.0	0.0
1057.622959448703	-0.7117598707818615	0.5066021136554122	1118566.3243530332	1122.5527722322488	-1.4269591705708535	1260124.726446307	2.036212474476258	1083.9404569267283	-2.96301004370639	8.779428519104945	1174926.9141625245	1078.3403260597672	935.5508988740428	1.248173	26.644035	0.0297607751559415	0.0167364664017569	0.0392572343	0.0274627023	-0.1723705173	0.0453893943	-0.0250006138	0.0100398807	-0.0299286105	6.3264e-05	0.0246195757	0.1780195869	-0.0786494576	-0.0296531027	-0.0466112271	-0.0805852598	-0.0633182328	0.1620471351	0.1296462164	-0.0114979467	-0.0090566392	-0.1194366476	0.0704247422	-0.0965735392	-0.0416981655	-0.0015692129	0.0374891463	-0.0137835424	-0.0090014415	-0.048702771	0.0764843755	-0.0599047371	-0.1412445049	-0.120956794	0.0868937265	0.108442745	-0.1732323578	-0.0096587505	-0.0495458589	0.0858537247	-0.0376430309	0.0518559428	0.0708293537	0.0618386953	0.0257734624	-0.104553157	0.099239375	-0.0074364123	-0.1293797876	0.0206683837	0.0678360796	-0.1283621732	-0.0123144088	-0.0568041624	-0.0342810427	0.017638157	-0.230759914	-0.0097564444	0.070162853	0.0661215446	0.1219548084	0.0285278229	-0.0697472893	-0.096898501	0.079493596	0.2129231713	0.014568465	0.0807510076	-0.0683731426	-0.0065849199959018	0.0001799656089645	4.3361171352427365e-05	3.238762040996338e-08	-0.053420138619515	-0.0012236871257442	0.0028537112101281	1.4974101817123414e-06	0.126670918983379	-0.0009349454761177	0.0160455217160937	8.741230433130961e-07	-0.0006049076406946	0.0001880303195061	3.5355401053566066e-08	3.659132537707074e-07	-0.0003506579521996	-0.0001753767543615	3.075700597037392e-08	1.2296099944081697e-07	0.0005238941968235	-0.0001850364650346	2.7446512946534016e-07	3.4238493392537746e-08	0.0	0.0	0.0	0.0	0.0	0.0	0.0	0.0	0.0
1058.3689752149037	0.7460157662005713	0.5565395234198255	1120144.8876974457	1124.8431263211407	2.290354088891945	1265272.0588319178	5.245721852504052	1084.2432924002455	0.3028354735172343	0.0917093240204075	1175583.5171149245	1078.7351817203248	934.3253295003184	1.194851	25.505802	0.0383463293636484	0.0221264566588753	0.0454719039	0.0762471486	0.0844724443	0.0505028456	0.0195287362	-0.0101720842	-0.0985784968	-0.1791738508	-0.0731889426	-0.0541315594	-0.1763616282	0.0139483737	-0.0144088141	-0.1303602854	-0.0816313639	0.1260899544	-0.0699817833	0.0056573281	-0.1199427398	-0.042641353	0.075562947	0.034161228	0.1019079657	0.0473104829	-0.0212336035	-0.1743413916	0.0303617486	-0.0146675604	0.123807928	-0.1083754027	-0.1191481329	0.0938006254	-0.0296939663	-0.0160462128	-0.086305397	-0.0602964995	-0.1075020063	0.004033346	0.2106679179	0.0538214498	-0.0767521828	0.0461085074	0.0149272751	-0.0979156444	-0.0038033832	0.0539270548	-0.2063048638	0.0631072795	0.0439030168	-0.0167375111	0.099885828	0.0800156278	0.097975785	-0.0923334895	-0.1072657883	0.1466427596	0.0275321287	0.0360698035	-0.0090667787	0.0353037307	-0.0336192255	0.0052033091	-0.0519063849	0.1858436736	0.0505178487	0.0758767427	-0.0783272495	-0.006710383444755	-0.0001254634488531	4.502924597564197e-05	1.5741076998139416e-08	-0.0675831209415491	-0.014162982322034	0.0045674782362	0.0002005900682542	0.1240145394615979	-0.0026563795217811	0.0153796059978722	7.056352163738012e-06	-0.0004343515472603	0.0001705560934343	2.9089381007569688e-08	1.886612666074166e-07	-0.0005891098573078	-0.0002384519051082	5.685931104973002e-08	3.4705042397721654e-07	0.0005048721139464	-1.902208287709998e-05	2.548958514407067e-07	3.618396369832602e-10	0.0	0.0	0.0	0.0	0.0	0.0	0.0	0.0	0.0
1060.4752062076802	2.106230992776545	4.436208994932472	1124607.662981222	1124.374700666983	-0.4684256541577269	1264218.4674999677	0.2194225934730944	1085.5105168491743	1.2672244489288005	1.605857803962902	1178333.0821901616	1078.9525635005684	964.1002194265656	1.225134	26.152239	0.0747949439762832	0.0386725552576532	0.0597851697	-0.1745481998	-0.0603902771	0.0538305016	-0.0255147617	0.0941002673	-0.1047784437	0.1502015678	0.0075333649	0.0581328896	0.1375721285	0.0608048442	-0.0262000971	-0.0927634063	-0.0959726483	-0.0350621531	0.0176210092	0.0101723428	-0.0376879538	-0.0639237361	0.1818290404	0.0715954924	0.0959848482	-0.0970538936	-0.0507157141	-0.0018193358	0.0566080753	-0.0170938085	0.0839556582	-0.1127863149	0.0352507326	-0.0620292557	0.0460144466	0.0523631612	-0.039337503	-0.1515152408	-0.0367495975	-0.1317300668	0.0064072011	0.0434515691	-0.0935985566	0.034944599	0.0220819006	-0.1065769535	0.0342987823	-0.0497749691	-0.1237254013	-0.0177633319	-0.0649268502	-0.0900339092	-0.0491006406	-0.1355379669	0.0174935682	-0.1530892286	0.1030931845	0.1248249669	-0.0340575184	0.0605508147	-0.0776444003	-0.108390135	-0.1720518767	-0.0206702306	-0.0667702794	0.1023895068	0.0196431183	0.0708988393	-0.0878535601	-0.0067225542930202	-1.2170848265199983e-05	4.519273622260432e-05	1.481295474945215e-10	-0.0515039839357456	0.0160791370058034	0.0026526603612535	0.0002585386468513	0.1485410970425675	0.0245265575809695	0.0220644575106094	0.0006015520267726	-0.0004348941938472	-5.426465869000385e-07	2.94465318274261e-13	1.89132959842006e-07	-0.0002491842436442	0.0003399256136636	1.1554942282457509e-07	6.209278728053201e-08	0.0008479454245208	0.0003430733105744	7.190114429657598e-07	1.1769929642847873e-07	0.0	0.0	0.0	0.0	0.0	0.0	0.0	0.0	0.0
1060.6116899705364	0.1364837628561872	0.0186278175233839	1124897.1569021572	1126.0222698646255	1.6475691976424969	1267926.1522310835	2.714484261020341	1086.0697024859146	0.559185636740267	0.3126885763366178	1179547.398657843	1080.1475656635057	953.901971602282	1.279509	27.312956	0.0370771946101652	0.0200203883690391	0.0690007528	0.1020246668	-0.0816971163	0.0804963167	-0.0146178133	-0.0157145105	0.0662289467	-0.0483624779	0.0374051141	0.0720563691	-0.0021180032	0.0520242972	-0.0263217246	-0.068092806	0.0225906368	0.1440396832	0.1547290035	-0.0543199721	-0.0341003345	0.0225461295	-0.0486130892	0.0387512393	-0.0358519011	0.0954875507	-0.2057381913	0.1650215723	0.0598033693	-0.0252878937	0.0617675047	0.0097972771	-0.1411534589	-0.1361108256	0.0680971788	0.0190626627	-0.0539563712	-0.005842123	-0.0745163251	-0.0777802779	0.0133427101	-0.1893524051	0.1420040326	-0.0028627868	-0.0054025111	-0.0918257054	0.1243859107	0.0462623496	-0.0689650295	0.0926609952	0.0493631032	-0.1027136185	0.0144659656	-0.0392404349	-0.0326075098	0.0015201483	0.0414735617	0.1297783481	-0.0820162012	-0.0530638766	-0.0195980565	-0.1142488838	-0.1054289059	-0.1810204556	0.1348765648	0.1891373684	-0.023077982	0.0658240966	-0.096900045	-0.0067031003025448	1.945399047539962e-05	4.493155366597619e-05	3.784577454169392e-10	-0.0603634012859828	-0.0088594173502371	0.0036437402148125	7.848927578568384e-05	0.1644625802611301	0.0159214832185626	0.0270479403061486	0.0002534936278789	-0.000339830749545	9.50634443022e-05	9.037058442597484e-09	1.1548493833631653e-07	-0.0003996440037856	-0.0001504597601414	2.2638139421807623e-08	1.5971532976178467e-07	0.0008479318279466	-1.3596574200075776e-08	7.189883848448624e-07	1.8486682997816624e-16	0.0	0.0	0.0	0.0	0.0	0.0	0.0	0.0	0.0
1059.441228639276	-1.1704613312604124	1.369979727975897	1122415.716940699	1126.8953416075888	0.8730717429632477	1269893.110936884	0.7622542683608833	1084.6307034123377	-1.4389990735769516	2.070718333755325	1176423.7627847423	1078.555415060668	950.5570267490205	1.205313	25.729126	0.0512856851197359	0.0301555259509106	0.0536079464	0.0609534608	0.0993431766	0.0685428961	0.001447927	-0.0350717818	-0.1090228473	-0.0993805097	-0.0470876139	-0.0350745708	-0.1056272521	0.041543443	-0.0071738372	-0.1214186234	-0.0075408074	0.0646827295	-0.013609274	0.0523128566	-0.1217562391	0.020874364	0.013680823	0.1299300388	0.160361099	-0.0734244805	-0.1288762625	-0.0294314392	0.0424296253	-0.0106106031	0.107725271	-0.0433643329	-0.0659026613	0.061967706	-0.106316096	-0.0329579388	-0.0552737376	-0.0025231338	-0.0812114815	-0.1307872477	0.0605805426	-0.0881364045	0.0032884033	0.0193241452	0.0216091201	-0.0869936843	-0.0089521754	0.0640679006	-0.124704368	0.0769470262	-0.0079155598	0.022832776	0.1116453516	0.0363742547	0.0358792567	-0.1160795952	0.0531021936	0.2290759856	0.0064200453	0.0268959122	-0.0714101567	0.0306579892	-0.0308708443	-0.0129542889	-0.0060358459	0.0812322565	0.0401874198	0.0606594461	-0.1054172954	-0.0067711325066284	-6.803220408359983e-05	4.5848235422319794e-05	4.628380792472578e-09	-0.0437804870834668	0.0165829142025159	0.0019167310492656	0.000274993043448	0.1476639634759351	-0.0167986167851949	0.0218046461094222	0.0002821935258958	1.6169166630127625e-05	0.0003559999161751	1.2673594031669794e-07	2.6144194951283273e-10	-0.0003989929650018	6.510387837999607e-07	4.23851498011732e-13	1.5919538612092765e-07	0.0008480033115465	7.148359990006779e-08	7.191096163938304e-07	5.10990505467297e-15	0.0	0.0	0.0	0.0	0.0	0.0	0.0	0.0	0.0
1060.47456191352	1.033333274243887	1.0677776556595922	1124606.296465672	1125.8838130854351	-1.0115285221536396	1267614.360567799	1.0231899511303262	1086.0958304985252	1.465127086187522	2.146597378680338	1179604.1530262812	1080.2798455912573	968.7841923110532	1.289635	27.529104	0.0995855761077813	0.0593155143729118	0.0425359243	-0.1506236972	-0.1214405374	0.0534610944	-0.0178698478	0.0223437871	-0.0011044902	0.1214504438	-0.1374247228	0.0760719944	0.1986379964	0.0196384237	-0.0662558318	-0.0467963928	-0.0353592878	0.0905559654	0.0864472553	-0.0198630088	-0.037068914	-0.0989425496	0.2277241031	0.0790057486	0.0212191419	-0.0801605504	0.0231021833	0.0679236218	0.0372490671	-0.0604651755	0.0448273769	-0.0447738065	-0.049886921	-0.0779821886	0.0724333885	0.089681246	-0.081914642	-0.1878670909	-0.021811861	-0.1456385006	-0.0263146749	0.017289891	-0.0600322994	0.0268346533	0.0012714586	-0.0736747855	0.0674330045	-0.0505903584	-0.1529568674	-0.0173101384	-0.0280702233	-0.1209241952	-0.1276826564	-0.1117742025	0.0610236272	-0.0763601138	0.074613952	0.049792936	-0.0060026319	0.0091095793	-0.0628946846	-0.0452571094	-0.0675926655	0.0795753354	-0.0895125979	0.0083898895	-0.0327814641	0.0554119421	-0.1133587932	-0.0065559449942895	0.0002151875123388	4.298041476814955e-05	4.630566546660423e-08	-0.1002550532004988	-0.0564745661170319	0.0100510756922348	0.003189376618107	0.1523846667968342	0.0047207033208991	0.0232210866747821	2.2285039843947844e-05	-0.0004129125670764	-0.0004290817337065	1.8411113420059946e-07	1.7049678804962255e-07	-0.0002726320583732	0.0001263609066286	1.5967078724001767e-08	7.432823925280795e-08	0.0006399435687314	-0.0002080597428151	4.095277711606801e-07	4.3288856580285575e-08	0.0	0.0	0.0	0.0	0.0	0.0	0.0	0.0	0.0
1059.6230642289866	-0.8514976845333422	0.7250483067656431	1122801.038246027	1125.4204648174816	-0.4633482679535063	1266571.2226299965	0.2146916174155143	1086.4926125283866	0.3967820298614697	0.1574359792209882	1180466.1970787589	1080.7865053550097	952.8102892313572	1.350761	28.833927	0.043083125946996	0.0223520661197853	0.0451345103	0.1263726467	0.0860192123	0.0516862379	-0.0591568099	-0.1059722616	-0.1086219044	-0.1820678976	0.059625848	0.098171077	0.0579253314	0.0327739312	-0.044953362	-0.1380077576	-0.0410817572	0.1228653021	-0.0525149546	-0.0495353247	-0.0943277988	-0.0987970845	-0.0293374216	0.0581838862	-0.0983255224	-0.0147602916	-0.0252252679	-0.0705752875	0.032779504	-0.0671947774	0.1174906576	-0.0349150762	-0.1063115685	0.0835162944	0.0246245238	-0.0062103144	-0.078700919	0.0616667476	0.0648559135	-0.0096578313	0.0671004554	-0.0267147531	-0.0558788245	0.0135771896	0.0214938957	-0.0605663517	0.0185780807	0.0857087557	-0.1944480401	0.0609809589	0.1035215087	0.0202446315	0.0619817162	0.0520015036	0.1056493775	-0.0315827338	-0.0549755384	-0.0615916159	-0.0202105091	0.0238619698	0.0068525705	-9.98578e-05	-0.0655435192	0.0571880484	-0.0705055347	-0.0635590497	-0.0129502528	0.0500887521	-0.1206811645	-0.016866133339775	-0.0103101883454855	0.000284466453835	0.0001062999837193	-0.100296087419494	-4.1034218995206206e-05	0.0100593051516587	1.6838071285465415e-09	0.1636124829528995	0.0112278161560653	0.0267690445780128	0.0001260638556344	-0.0006178920269727	-0.0002049794598963	4.2016578979378864e-08	3.817905569964318e-07	-0.0003996675127222	-0.000127035454349	1.6138006661656862e-08	1.5973412072554992e-07	0.0005418767384477	-9.806683028370003e-05	2.9363039967071704e-07	9.617103201892026e-09	0.0	0.0	0.0	0.0	0.0	0.0	0.0	0.0	0.0
1059.515322030777	-0.1077421982095074	0.0116083812750167	1122572.7176179811	1123.617677447162	-1.80278737031972	1262516.6850717545	3.250042302584292	1084.3022162511263	-2.1903962772603336	4.797835851435928	1175711.2961671045	1078.3328227865543	963.5933463115566	1.286847	27.469584	0.1423297056057663	0.0768669272438092	0.0495798059	-0.1870036385	0.1340476186	0.0308953939	-0.0615434776	0.0999176557	-0.1427294389	0.0524198081	-0.1164746555	0.0999361353	-0.0419055699	0.0353691602	0.017887999	-0.1492100571	-0.0130316234	-0.1342826804	-0.1375506651	0.0220792082	-0.0856956844	-0.0171524677	0.1194197013	0.1192518415	0.0633860124	0.0586184165	0.2505904776	0.0885325141	0.0332639395	0.0118175918	0.1112676299	-0.0488543686	0.1480448997	0.0897523765	0.0203761816	-0.0056382319	-0.0608605503	-0.1259897684	0.0907101388	-0.1093977372	0.0248452536	0.1717203487	0.274670335	-0.022627011	0.0429878108	-0.0351789668	-0.0772572197	-0.0133036584	-0.1610634715	-0.0503115595	-0.1110653463	0.0495097571	-0.033911746	-0.1136274847	0.0530593093	-0.0961128014	-0.1484769733	-0.1522207998	0.0161835441	-0.1052862373	-0.0651744652	0.0164531995	0.0013326914	-0.0405302	0.0541257382	-0.0676793607	-0.1171382393	0.0446971468	-0.1273444172	-0.0107192902225961	0.0061468431171789	0.0001149031828762	3.778368030720963e-05	-0.1377972060863896	-0.0375011186668955	0.0189880700052149	0.0014063339012685	0.2253743837370763	0.0617619007841767	0.0507936128448669	0.0038145323884744	-0.0009212660231358	-0.0003033739961631	9.203578154796865e-08	8.487310853844525e-07	-0.0006158504686437	-0.0002161829559215	4.6735070430957225e-08	3.79271799728665e-07	0.0007607166471134	0.0002188399086657	5.786898171954531e-07	4.789090562481194e-08	0.0	0.0	0.0	0.0	0.0	0.0	0.0	0.0	0.0
1059.5881922470692	0.0728702162921308	0.0053100684224619	1122727.137149412	1129.2217195245285	5.604042077366557	1275141.6918459327	31.40528760489488	1084.948845403831	0.6466291527046906	0.418129261127586	1177113.997143106	1078.9000094403443	945.4485156172948	1.388433	29.638081	0.041291137563244	0.0219458497695574	0.0533064944	-0.0431651054	-0.2298644891	0.0707517838	-0.01442189	0.008049274	0.0326555693	0.1018217899	0.0263220957	0.1439346247	-0.0116603298	0.0367328313	0.0244568883	-0.0688538407	-0.0417744802	0.0787757077	-0.0116973793	0.0006376428	0.0624681287	-0.0523145529	0.0349016513	0.0092035454	0.023640084	-0.0526099808	-0.0383417692	0.0796277623	0.0359281066	0.0197281713	0.0589974347	-0.039245404	-0.0743574145	-0.0409245008	0.0690626742	0.0846867669	0.0373003228	-0.0213658085	-0.0882397173	-0.0032840029	-0.1240478081	-0.0330956963	-0.0462981837	-0.0209640908	0.0056618394	-0.0349309291	0.065230808	-0.0372143413	-0.1305526849	0.040382231	0.0525554306	-0.102144985	-0.1640396173	-0.1516662004	0.0402338225	0.0084587163	-0.075822916	-0.0757840039	-0.0104527123	0.050088798	-0.0551649703	0.164728748	-0.0328416951	0.106799901	-0.0006402213	-0.1646085699	-0.0162771937	0.0392444906	-0.1333121588	-0.0191060790587727	-0.0083867888361766	0.000365042257	7.033822698261644e-05	-0.147149285484474	-0.0093520793980844	0.0216529122185912	8.74613890680749e-05	0.2251751926657732	-0.000199191071303	0.050703867392068	3.967708288687259e-08	-0.0006177106641924	0.0003035553589434	9.214585594325643e-08	3.81566464657016e-07	-0.0006522746838468	-3.642421520309999e-05	1.32672345316174e-09	4.2546226318744294e-07	0.0008877986381205	0.000127081991007	7.881864218486145e-07	1.614983243832864e-08	0.0	0.0	0.0	0.0	0.0	0.0	0.0	0.0	0.0
1059.8876333228325	0.2994410757632977	0.089664957854281	1123361.7952706749	1125.1472541712508	-4.074465353277674	1265956.3435691053	16.60126791506016	1086.025537861467	1.0766924576359995	1.1592666483302492	1179451.4688872886	1080.4298758567727	937.2074214638463	1.371713	29.281181	0.0399768169113281	0.0199734816733194	0.0559268134	0.1112855479	0.0861585289	0.053746096	0.0282702535	-0.0313162498	0.0013196358	-0.1258780153	0.0063036245	-0.061664832	0.10192597	0.0714324967	0.0225437642	-0.0819387967	-0.0319042566	0.071523885	-0.0965721134	-0.0978499654	-0.0007157031	0.0098257113	-0.1477556032	0.1249491616	0.0326732677	0.081365647	-0.1172190778	0.1106201389	0.0747951554	0.0121719023	0.076380886	-0.0556903101	-0.1114261048	0.1094090421	0.0361145962	-0.0831118541	0.0776406782	0.1092740516	-0.018480632	-0.1585236453	0.126871223	-0.170402725	-0.0626186463	-0.024273098	-0.003171191	-0.0342505296	0.0055514236	0.0697551477	-0.126159466	0.1937890395	0.0456517876	0.0610701711	-0.0132809501	0.0265744555	0.0589181019	-0.0316215309	0.0993439445	-0.1145285282	-0.0545093944	-0.0016732328	-0.1754543817	0.0034340272	-0.0073929674	0.1639707868	-0.0539231385	-0.1865403814	-0.0293285407	0.0337382312	-0.1385517956	-0.0154165130022931	0.0036895660564796	0.0002376688731498	1.3612897685126431e-05	-0.1414725530707556	0.0056767324137184	0.0200144832723577	3.2225290896961254e-05	0.2252676656073333	9.247294156009e-05	0.0507455211681773	8.551244920775821e-09	-0.0005168718617757	0.0001008388024167	1.0168464072834271e-08	2.671565214954783e-07	-0.0004166584669287	0.0002356162169181	5.5515001674797177e-08	1.736042780633746e-07	0.0006138927474639	-0.0002739058906566	3.7686430538877574e-07	7.50244369363853e-08	0.0	0.0	0.0	0.0	0.0	0.0	0.0	0.0	0.0
1061.9669814708518	2.079348148019335	4.323688720671438	1127773.8697343124	1126.4058853825436	1.2586312112928226	1268790.218624432	1.584152526040438	1087.2122879872013	1.1867501257343065	1.4083758609303922	1182030.5591503652	1081.3114507294451	972.1929871009676	1.256622	26.824396	0.0833681757994984	0.0409506626877251	0.0744962619	-0.1787094034	-0.0028984135	0.0639854403	0.0046587767	0.0477440433	-0.0459015461	0.1255654693	-0.0207581427	-0.0394631681	0.1953532842	0.0872173013	0.0049959174	0.0466957084	-0.0086569857	0.0062116578	0.003641116	-0.0037235045	0.0485445271	0.0330993399	0.1154424025	-0.0212789492	-0.0032967132	-0.156924681	-0.086638653	-0.0367205651	0.0858165361	-0.00552888	-0.0280301295	-0.0244222705	0.0418140342	-0.027741461	0.0889178448	-0.0073981818	0.0632492118	-0.1728696819	-0.0433082662	-0.1585290153	-0.0900892207	0.0073796777	-0.0650705893	-0.051503368	-0.0324003821	-0.0293412424	0.0066638532	-0.0514271007	-0.0600794486	0.0494094931	-0.1295533797	-0.0063889435	-0.1624819135	-0.1313147697	0.0017726731	-0.0791864638	0.1740429863	-0.1430634153	-0.031152545	-0.1178898085	-0.1941433447	-0.0950370489	-0.1201862311	0.0783730326	0.0192642699	-0.1282770431	0.006894735	0.0281858894	-0.1430347106	-0.0122953347845964	0.0031211782176966	0.0001511752574653	9.741753466624347e-06	-0.153348277006998	-0.0118757239362423	0.0235156940610149	0.0001410328190098	0.2522517501800081	0.0269840845726748	0.0636309454688772	0.0007281408202252	4.2086153751191456e-05	0.0005589580155268	3.124340631217606e-07	1.7712443375689264e-09	-0.0002429850073184	0.0001736734596103	3.016247057301051e-08	5.9041713781522894e-08	0.0007090050537844	9.511230632049996e-05	5.026881662918199e-07	9.046350813604614e-09	0.0	0.0	0.0	0.0	0.0	0.0	0.0	0.0	0.0
1060.8346622474107	-1.1323192234410726	1.2821468237741938	1125370.180625578	1127.6751159957691	1.269230613225545	1271651.1672360713	1.6109463495488938	1086.374303832815	-0.8379841543862767	0.7022174430024832	1180209.1280282335	1081.0502192404415	951.7760308641472	1.278038	27.281544	0.1268783606056511	0.0645842617969598	0.0767032565	0.091073852	-0.1271085384	0.0735101859	-0.0162199835	0.0707452729	0.0123922717	0.0035741488	0.0480387566	0.079857489	-0.0979715724	0.0514990294	-0.0118171592	0.0098170013	0.078101406	0.0543061555	0.1399628043	-0.0397707081	0.0805968343	0.0063250308	0.1079289102	-0.0443967942	0.0266242614	-0.2064020775	0.1047979356	0.2252709678	0.0611871438	-0.0194782391	0.0207152901	0.0602699841	-0.0204946355	-0.090604948	0.1369519595	0.0928988771	-0.0418870156	-0.0544227032	-0.1256788285	-0.0509388971	-0.2548451668	-0.0435805951	0.2024849627	-0.0448810785	-0.0061835404	-0.0668929328	0.0176759476	0.0282885553	0.0315690187	0.0985488157	0.0629184342	-0.0369305328	-0.080152056	-0.122909519	-0.1376723372	0.1223843663	-0.0202331964	-0.2001846214	0.0139366644	0.0177563906	-0.0210118784	-0.0031351099	-0.025794526	-0.0592735132	0.2472963665	-0.0474668975	-0.1036404388	0.022595049	-0.1467364196	-0.0141685227382453	-0.0018731879536488	0.0002007470365841	3.508833109695352e-06	-0.1077777708323139	0.0455705061746841	0.0116160478855827	0.0020766710330169	0.2412066534942454	-0.0110450966857627	0.0581806496898929	0.0001219941607978	0.0009116975601996	0.0008696114064484	7.562239982251791e-07	8.311924412739032e-07	-0.0003630043592859	-0.0001200193519675	1.4404644846698652e-08	1.317721648605668e-07	0.0010871656911996	0.0003781606374151	1.1819292401215035e-06	1.430054676902703e-07	0.0	0.0	0.0	0.0	0.0	0.0	0.0	0.0	0.0
1060.999571467907	0.1649092204961562	0.0271950510046498	1125720.090655082	1130.6631829467	2.9880669509309428	1278399.233271163	8.928544103245741	1085.5429900592726	-0.8313137735424334	0.6910825900813603	1178403.583266826	1080.9007193566306	951.0609095396584	1.285294	27.436432	0.0392284533324628	0.0203061038356607	0.0615873227	0.0977365273	0.1083641371	0.0904012978	-0.0289305175	-0.028961467	-0.0682116382	-0.1708103306	-0.0238156447	0.0257506021	-0.1416496712	0.0371946601	0.0074335552	-0.0434297846	0.0358670305	0.017258517	-0.1234033229	0.0092725848	0.0034033348	-0.0440379343	-0.0489650419	0.0285144574	-0.0686260822	0.0412180242	0.0798136849	0.133591303	0.0489585776	-0.0189163314	0.0705958865	0.031239657	-0.0664527496	0.1738624424	0.0242535597	0.0259518816	-0.0098424915	0.083266141	0.0145344908	-0.0069871392	-0.0229431169	-0.0581661161	-0.0618388394	-0.0333479875	0.0052733803	-0.0512467927	-0.099320705	0.0919475609	-0.018263756	0.1427307265	0.0446434324	0.0917100054	0.0242844102	0.0033615031	-0.0543553418	0.0449514646	-0.0372219549	-0.2136834847	-0.0086402236	0.048047521	-0.0944799638	0.0414178723	0.0098304342	0.0431407652	-0.0368910053	-0.1349311973	0.0516248667	0.0169733466	-0.1496367051	-0.0081854176001456	0.0059831051380996	6.700106128877336e-05	3.579754709355502e-05	-0.1158987238359685	-0.0081209530036546	0.013432514186806	6.594987768756675e-05	0.2434499843426039	0.0022433308483585	0.059267894876414	5.032533295196913e-06	0.0009116791089303	-1.8451269299989484e-08	3.4044933878073443e-16	8.311587976599458e-07	-0.0004796602749532	-0.0001166559156672	1.3608602660176204e-08	2.3007397936817947e-07	0.0007462187712892	-0.0003409469199103	5.568424546243634e-07	1.1624480219638865e-07	0.0	0.0	0.0	0.0	0.0	0.0	0.0	0.0	0.0
1060.461688950228	-0.5378825176787814	0.2893176028244645	1124578.9937311704	1124.6952966617632	-5.967886284936867	1264939.5103330915	35.61566670993756	1085.2640321559816	-0.2789579032910296	0.0778175118085274	1177798.0194914597	1079.2947050411558	964.3369685229876	1.073909	22.924112	0.1318162549698094	0.0713293902776993	0.0517322955	-0.098953778	0.1611358059	0.0202449817	-0.063358969	0.0684865331	-0.0462088097	0.0893777442	-0.1480654629	0.0044730711	-0.2344452585	0.0164999226	0.0010759562	-0.0476597633	0.0301278618	-0.0698362619	-0.2161493691	0.0126261115	-0.004869856	-0.0552727418	0.0325623076	-0.1015642063	-0.0558293227	0.0844926941	0.0013789764	0.1648609837	0.0144570272	-0.0119698656	0.0447370529	-0.0191513941	0.1105585496	0.1720396566	0.0355744891	0.0912962519	-0.0273950505	0.0152217683	-0.0275761055	0.0965647667	-0.0111425185	-0.0910358536	0.0978145415	-0.0011559003	0.008440236	-0.0716457143	-0.1935787392	0.0436361835	-0.0161079765	0.0005707472	-0.131094405	0.1025983001	-0.0132101751	-0.0318177124	-0.0762831854	0.0520021954	-0.0788445127	-0.1810224626	0.0878848963	-0.086950549	-0.0420013527	0.0426906842	0.0791774433	-0.077561411	0.0287977978	-0.0476925075	-0.0656055076	0.0113284606	-0.1517197269	-0.0113992261301376	-0.003213808529992	0.000129942356366	1.032856526744934e-05	-0.0908938643625276	0.0250048594734409	0.0082616945787535	0.0006252429972865	0.2028199896344773	-0.0406299947081265	0.0411359481953294	0.0016507964699823	0.0018038189096623	0.0008921398007319	7.959134240501326e-07	3.2537626588552885e-06	-0.0008458273819513	-0.0003661671069981	1.34078350247358e-07	7.154239600585903e-07	0.0007472637087241	1.0449374348999547e-06	5.584030503760966e-07	1.091894242855297e-12	0.0	0.0	0.0	0.0	0.0	0.0	0.0	0.0	0.0
1061.338683739378	0.8769947891498759	0.7691198601960354	1126439.8016016353	1129.1589401341691	4.46364347240592	1274999.91208492	19.92411304875198	1087.8079645961382	2.5439324401565955	6.47159226008109	1183326.167838793	1082.0875548716258	971.2178630370968	1.475539	31.49748	0.2959221970515506	0.1678059427924097	0.0582224117	-0.0264291574	-0.206622872	0.0841678543	0.0819887537	0.1176343113	0.053421125	0.1504631044	0.1822400471	0.0045200038	-0.1367863883	0.0927819237	0.0059552604	0.0905427075	-0.0311539854	0.0148244573	0.1097371702	-0.0487063598	0.0301402537	0.009995471	0.0388544208	-0.0502143968	0.2228806035	0.0664763155	-0.1387002725	0.0810773015	0.0969697356	0.0196811099	-0.0682222842	-0.0187585949	0.0023132314	-0.131469395	0.0079981549	0.0051625103	-0.0068150882	0.0335218526	-0.1909128343	0.1025786038	0.0342353208	-0.0785584883	-0.0591912561	-0.0752851966	-0.1339303826	-0.0735482865	-0.0009316543	-0.0182924271	0.2386857058	0.0951360588	-0.110690329	-0.2205501527	-0.1178071289	0.1036154973	-0.0958431285	0.1945180991	-0.0324250595	0.3193553852	0.1761228863	0.0567344837	-0.0390640256	0.0357207639	-0.1829112477	-0.0566034285	0.0780802998	0.0516640204	-0.1501763684	0.0056681013	-0.1529741081	-0.0276971374843526	-0.016297911354215	0.0007671314248271	0.0002656219145098	-0.0661727326440484	0.0247211317184792	0.0043788305455807	0.0006111343534423	0.2684485675134738	0.0656285778789964	0.072064633400036	0.0043071102344195	0.0049480829182989	0.0031442640086366	9.8863961560075e-06	2.448352456636136e-05	-0.0014811486676851	-0.0006353212857338	4.036331361064488e-07	2.1938013757853466e-06	0.0007531699363509	5.906227626799971e-06	5.672649530228187e-07	3.4883524779575217e-11	0.0	0.0	0.0	0.0	0.0	0.0	0.0	0.0	0.0
1061.833180192528	0.4944964531500773	0.2445267421780065	1127489.7025577778	1128.3559606045108	-0.802979529658387	1273187.1738317283	0.6447761250504045	1088.2030224551522	0.3950578590140594	0.1560707119687724	1184185.8180805286	1082.397711799794	954.580987342146	1.443482	30.813177	0.2197469632547721	0.1633269916433063	0.07988761	0.153802774	0.0807631836	0.0806108133	0.0938484828	-0.1374505115	0.0197227182	-0.0950081927	0.0070704305	-0.0381011923	0.0801269737	0.1254025148	0.0140645822	-0.0168319152	0.0075719945	0.0880953307	0.069221407	-0.0887807464	0.0101671566	-0.0097500843	-0.2015975465	-0.0332733094	0.1614859482	0.1059894737	-0.0354995898	-0.0459086924	0.1176635334	0.00744749	-0.0064085723	0.0074469145	-0.0858647746	0.0245655525	-0.0036991785	-0.0752784173	0.0318360012	0.2111001376	-0.0144464436	-0.0686574193	0.0274139325	0.0404151298	0.0785999055	-0.0810700456	-0.0257374872	-0.0891444282	-0.052620669	0.0594393465	0.0533844832	0.1794771319	0.051344629	0.0307435705	0.0487955634	0.0595453049	0.0139982142	0.1571011276	0.1580037264	0.0884078532	-0.1228075759	0.1522659787	-0.0609215556	-0.0412203347	0.0337910019	-0.0112563387	0.0128746457	-0.0064867887	0.0144357132	0.0	-0.1533929978	-0.0215875401261911	0.0061095973581614	0.0004660218886999	3.732717987885396e-05	-0.089864150587843	-0.0236914179437946	0.0080755655608745	0.0005612832841875	0.2754978171642648	0.007049249650791	0.0758990472622746	4.96919206391772e-05	0.0018619816675716	-0.0030861012507273	9.524020929740606e-06	3.4669757303727164e-06	-0.0014822689797948	-1.1203121097001344e-06	1.2550992231407659e-12	2.197121328461917e-06	0.0013238823395544	0.0005707124032035	1.7526644489840316e-06	3.257126471703144e-07	0.0	0.0	0.0	0.0	0.0	0.0	0.0	0.0	0.0
1062.1660202809803	0.332840088452258	0.1107825244809069	1128196.6546395358	1126.53035610537	-1.825604499140809	1269070.6432268915	3.332831787283164	1088.0577257587258	-0.1452966964263851	0.0211111299924211	1183869.6145832506	1081.9558506668377	971.4762809923942	1.120801	23.925106	0.1252449425695279	0.0747431596320103	0.0783454672	-0.0228478112	0.1624882622	0.0585491754	0.0399270187	0.0218013751	-0.0529270802	-0.0797973153	-0.114709578	0.0175528564	-0.0296748234	0.0966568978	0.0034963265	0.0022275873	0.0637719769	-0.00154642	-0.1420260006	-0.1286629129	-0.0213983865	-0.0303620235	-0.1304168237	-0.0075744588	-0.0311403355	0.1001508381	-0.0342490142	0.0776743262	0.0860005306	-0.0043788235	0.0181104066	0.0452129476	0.0319934611	0.1909196556	0.0295171046	-0.0600718498	-0.0086192105	0.0689353859	0.0100085473	-0.033494255	0.026073498	-0.0588601938	-0.0735956611	-0.0653316858	-0.0156903893	-0.1058319879	-0.1641907842	0.0388888315	0.0960710713	0.0735626638	-0.092088256	0.1309126722	0.0657023873	0.0579861787	-0.0615948221	0.1489231635	0.1165908722	0.1013062835	-0.0448791587	0.0579900166	-0.0212137433	0.0635636236	0.0005217607	0.0326818214	0.0675959394	0.0389137415	0.0433827576	-0.0056681013	-0.1529741081	-0.0116648734749418	0.0099226666512493	0.0001360692731864	9.845931347181502e-05	-0.0702414452593842	0.0196227053284588	0.004933860632127	0.0003850505644075	0.256641652808355	-0.0188561643559098	0.0658649379562042	0.000355554934217	0.0031668181745521	0.0013048365069804	1.7025983099490722e-06	1.0028737350673494e-05	-0.0014812736949902	9.95284804600205e-07	9.90591842268068e-13	2.19417175946992e-06	0.0010928460066613	-0.0002310363328931	1.19431239427555e-06	5.337778711669133e-08	0.0	0.0	0.0	0.0	0.0	0.0	0.0	0.0	0.0
1058.9800733854845	-3.185946895495817	10.150257620919437	1121438.795827526	1124.2265717228756	-2.303784382494314	1263885.38456777	5.307422481024707	1084.6353443019198	-3.422381456806079	11.7126948358901	1176433.830108944	1078.2511515959643	972.974876277494	1.058474	22.594629	0.0527518785639205	0.0284086770333694	0.0278049318	-0.1624761457	0.1454308373	0.020631296	0.0001077691	0.1231782306	-0.0049368979	-0.0331535082	-0.1195942074	-0.0357512325	-0.1180836957	0.0410161647	0.0708089997	5.26976e-05	0.1492100841	-0.1389562252	-0.1489760616	-0.1181172737	-0.0299180367	-0.0101644164	-0.1075636724	-0.1545111423	-0.1233862604	-0.1012972819	-0.1191816431	0.1488868556	0.0239269863	0.0533541072	0.0395840769	0.0886978497	0.1938493695	0.2084914039	0.0853914525	-0.0883597989	-0.0251444011	0.0450317257	-0.0271283103	0.1063111866	-0.1754516961	-0.1739132402	0.0442320176	-0.0388625254	-0.0036878161	-0.0656145654	-0.1970688693	-0.0088452247	0.1226477247	-0.0663317361	-0.1643341097	0.1102410991	-0.0022973261	-0.0139977658	-0.094115581	0.1855658054	0.054634945	-0.0652543951	-0.0289821713	-0.032382455	0.0232889583	-0.0399444711	0.0208052785	0.0002199413	0.0294121707	0.09225853	-0.0347954109	-0.0113284606	-0.1517197269	-0.0278379966968032	-0.0161731232218614	0.0007749540600912	0.0002615699147495	-0.0677543198129484	0.0024871254464357	0.0045906478533152	6.185792986308466e-06	0.2498688025760316	-0.0067728502323233	0.0624344185007798	4.587150026948286e-05	0.003574922655125	0.0004081044805729	1.665492670636768e-07	1.278007199012598e-05	-0.001480309558693	9.641362971998717e-07	9.295587995782789e-13	2.1913163895578645e-06	0.0012301529830572	0.0001373069763959	1.513276361724528e-06	1.885320576698428e-08	0.0	0.0	0.0	0.0	0.0	0.0	0.0	0.0	0.0
1060.298494613746	1.3184212282615135	1.738234535130598	1124232.897680176	1123.6253336170053	-0.6012381058703795	1262533.8903459264	0.3614872599506016	1086.6774307901826	2.04208648826284	4.170117225545655	1180867.838588752	1080.2142348387952	973.9187411693548	1.381602	29.492258	0.2851136702289946	0.1660459551046638	0.0203521557	-0.0390745126	-0.174908811	0.0173512704	0.067231978	0.001028777	0.1676244184	0.2364567211	0.1117705734	0.0258097051	-0.203322911	0.0207395462	-0.0360012325	0.149702652	-0.0436779266	0.0696845594	0.0159576494	-0.0935045018	-0.0193322986	0.0162055416	0.0439894139	-0.241828439	0.1113647218	-0.0270601795	-0.3112349657	-0.0847273654	0.0216019367	-0.0096782808	-0.1472968735	-0.0043592389	-0.0017162221	-0.0665058823	0.0833471125	-0.0100913101	-0.0348470117	-0.0581271801	-0.3041424049	0.1931194446	0.0801552747	-0.1012193059	-0.2131173377	-0.0615528696	-0.1755067762	0.0251777994	0.0293277399	-0.0868930065	0.0843745966	0.0958429756	-0.1110069144	-0.1385205073	-0.1704483863	0.1088037639	0.2344059867	0.2321672224	0.0132562493	-0.1075732814	0.059167265	-0.1022449782	0.1381738444	0.0115485363	0.0782144969	0.0425164772	-0.2286272947	0.2331857609	-0.0463101918	-0.0169733466	-0.1496367051	-0.0285058765695396	-0.0006678798727364	0.0008125849989978	4.4606352440639014e-07	-0.214419341889112	-0.1466650220761636	0.0459756541761599	0.0215106287006015	0.3168793777897463	0.0670105752137146	0.1004125400684167	0.0044904171904729	0.0028030209024496	-0.0007719017526754	5.958323157833545e-07	7.85692617956937e-06	-0.0008397817706076	0.0006405277880854	4.102758473095751e-07	7.052334222448358e-07	0.0012271786624904	-2.9743205668000903e-06	1.505967469671727e-06	8.84658283409001e-12	0.0	0.0	0.0	0.0	0.0	0.0	0.0	0.0	0.0
1061.4539089192103	1.1554143054643191	1.3349822172715948	1126684.4007598714	1129.0334011029593	5.408067485954007	1274716.4208061155	29.247193932632893	1086.90420175465	0.2267709644675051	0.0514250703255224	1181360.7437919131	1081.0358350485592	946.4509207073428	1.454512	31.04863	0.3150238004395816	0.1605361950058208	0.0560313257	0.049490751	0.0946633854	0.0585152902	0.0212463657	0.0457976356	-0.0743988171	0.0027718702	-0.0227186748	-0.0021761108	-0.2770186179	0.0550183926	-0.0080659517	-0.0619137288	-0.017304631	0.0167596373	-0.1227395342	-0.0372347716	-0.0258224202	-0.0494698059	0.0004891846	-0.0106956165	0.1398414114	-0.0087626697	-0.0045688875	-0.0915142926	0.0530307328	-0.0077909489	0.056781168	-0.0441529204	0.0147260374	0.1389905884	-0.0176429979	0.007870034	-0.0231801528	0.0423131076	-0.0475081574	0.087760847	0.10223193	0.0083124852	-0.0267243749	-0.0212147367	-0.0195220607	-0.0918689272	-0.163308036	0.0820308733	0.0200614169	0.0754627814	0.0227681216	0.0361456201	0.0716008423	0.1182652694	0.077958799	0.1272748182	-0.0503088284	0.1114382085	-0.091308485	0.1458159974	0.0870687583	0.0772408415	0.0907238966	0.1599576477	0.0638194737	0.0115620432	0.1393562096	-0.022595049	-0.1467364196	-0.0136647781082643	0.0148410984612753	0.000186726160748	0.0002202582035372	-0.0957108455996262	0.1187084962894858	0.0091605659653954	0.0140917070913108	0.2204325980778207	-0.0964467797119255	0.048590530295338	0.0093019813168007	0.0034161083705501	0.0006130874681004	3.758762435418813e-07	1.166979639934246e-05	-0.001503134845628	-0.0006633530750204	4.400373021390205e-07	2.259414364141112e-06	0.0008030706860734	-0.0004241079764169	6.449225268304015e-07	1.798675756605226e-07	0.0	0.0	0.0	0.0	0.0	0.0	0.0	0.0	0.0
1063.9683693309455	2.514460411735172	6.32251116218341	1132028.6909367512	1128.7905638489542	-0.2428372540050531	1274168.13703444	0.0589699319327147	1088.512510037535	1.608308282884991	2.586655532796468	1184859.484508215	1082.0786485400054	980.4609585439922	1.143792	24.415867	0.2554170600796231	0.1395985328317131	0.0791223052	-0.1493756747	0.1348795356	0.0479700043	0.0116272144	-0.0040128198	-0.0490876896	0.0352905616	-0.1245704365	0.0872219159	-0.0184327372	0.070928661	0.0156960921	-0.0165372846	0.0980173197	-0.0700490616	-0.1637286336	0.0182392376	-0.046968282	-0.013977046	-0.0672106922	0.0326397959	-0.0688758603	0.0528834229	0.1018622362	-0.0791555788	0.0617473142	0.0216931047	0.0362285129	0.049192563	0.0813793277	0.1625826426	-0.0175691774	-0.0118459656	-0.0360030956	-0.0368829586	0.1240321238	0.0280494253	0.0252465232	0.0720806606	-0.0432716065	-0.0764267651	0.0204431594	-0.0512593244	-0.1373916103	0.0208078869	-0.021639982	-0.0843211862	-0.1038059849	0.1187283276	0.0194449893	-0.0473160816	0.0388382253	0.1014238759	-0.0853270941	-0.1358016497	-0.0730739225	-0.0500028475	0.0065834565	0.0583190852	0.1210089449	0.1004953028	0.0062718451	0.0342260821	-0.0086699077	-0.0281858894	-0.1430347106	-0.0214920428890508	-0.0078272647807865	0.0004619079075447	6.126607394854076e-05	-0.1588950471680732	-0.063184201568447	0.0252476360145442	0.0039922433278421	0.2867557430136003	0.0663231449357796	0.0822288561512819	0.0043987595541724	0.001456941079747	-0.0019591672908031	3.838336473352758e-06	2.1226773098543545e-06	-0.0011039186315264	0.0003992162141016	1.5937358560161467e-07	1.2186363450311194e-06	0.0007998052150859	-3.2654709874999945e-06	6.396883820786028e-07	1.066330077020419e-11	0.0	0.0	0.0	0.0	0.0	0.0	0.0	0.0	0.0
1058.546029737988	-5.422339592957542	29.40176666135496	1120519.6970740573	1125.2954906994785	-3.495073149475729	1266289.94138858	12.215536320186192	1087.0146088080382	-1.497901229496847	2.243708093328166	1181600.7597620925	1081.0118641361023	973.9791077162256	1.236178	26.38798	0.2950554822174432	0.1472145544914702	0.0101524081	-0.1537122488	0.0783080086	0.0073448947	-0.0476989126	0.1188336145	0.0410460455	0.0042565021	0.0312672483	0.1073224606	-0.115658425	0.0055881419	0.0089322898	0.0845216593	0.1527065577	-0.1637625084	-0.0189646654	0.0396616438	-0.1706942885	-0.0574421979	0.0377269923	-0.1045467176	-0.2075834032	0.1515516717	-0.0015079173	-0.0032877733	0.0045399643	0.0196933831	-0.0348263985	0.1111800596	0.2110048614	0.064104202	-0.0543227606	0.0785538851	-0.1842998631	0.0145271821	0.1108750777	0.3041340597	0.0017185032	-0.109631941	0.099542485	-0.0582981403	0.0096701659	0.0301610418	-0.1522585245	-0.056177932	0.0473898425	-0.3580280617	-0.0215892061	0.0228944545	0.0840858969	0.0547072632	0.0425476581	0.1725241426	-0.0224969932	0.0374562502	0.0280836951	0.1062248735	0.1728026894	-0.4196049885	-0.1684289298	0.0412087655	-0.083110313	-0.1790506621	0.3405308511	-0.0337382312	-0.1385517956	-0.0353369829098113	-0.0138449400207604	0.0012487023611682	0.0001916823641784	-0.0926025594724393	0.0662924876956339	0.0085752340208466	0.0043946939248757	0.3386878603278092	0.0519321173142088	0.1147094667334295	0.0026969448087367	0.0041549834014118	0.0026980423216647	7.279432369494383e-06	1.726388706600757e-05	-0.0008482074802984	0.0002557111512279	6.538819286234903e-08	7.194559296341607e-07	0.0011057704859299	0.0003059652708439	1.222728367553647e-06	9.361474696264218e-08	0.0	0.0	0.0	0.0	0.0	0.0	0.0	0.0	0.0
1058.5706013643282	0.0245716263402755	0.0006037648210061	1120571.7180728356	1123.5706821393362	-1.7248085601422645	1262411.0777630534	2.9749645691400315	1085.6458240768168	-1.3687847312214672	1.873571640425024	1178626.8553354307	1080.560714376594	957.5218400670992	1.575676	33.635048	0.2875816742399741	0.14981580613837	0.0075947029	0.039128579	-0.1510168774	0.0112850142	0.0724224205	-0.1065721026	0.2119594528	0.0319255356	0.0408202586	-0.0479101049	-0.1136167304	-0.0154592197	0.0601287655	0.1855836919	0.0125668989	0.0824125831	0.1198273232	0.0836754681	0.2693192014	0.1130634417	0.0416801395	-0.0448417216	-0.1452299503	0.2001300772	0.0628872997	0.1340583361	-0.0063442761	0.0687389682	-0.1882865243	0.1127071701	-0.0732153027	-0.1509245953	0.0662756416	0.0567117596	0.167037426	0.0683640942	0.0991439619	0.2560222661	0.0095402102	-0.024016412	0.0398862441	-0.1105151752	-0.0459592076	0.1219536483	0.2220173883	-0.0693495894	0.1916557109	-0.1110752674	0.041086992	0.0270260896	-0.0299248121	0.0231278213	-0.1495297841	-0.1229580057	-0.1321044763	0.085357764	0.1129748244	0.0110998262	-0.1063372341	0.0605842185	-0.1935026008	0.1369150486	0.130893106	-0.192679112	0.1415423223	-0.0392444906	-0.1333121588	-0.0391485159152296	-0.0038115330054183	0.0015326062983649	1.4527783851393083e-05	-0.1555662156002171	-0.0629636561277778	0.0242008474361732	0.003964421992977	0.3787303098768007	0.0400424495489915	0.1434366476193774	0.0016033977658835	0.0017829688387719	-0.0023720145626398	5.626453085375753e-06	3.178977880031618e-06	8.721124856703177e-05	0.0009354187288654	8.750081983122202e-07	7.605801876620602e-09	0.0007979230662795	-0.0003078474196503	6.366812197008794e-07	9.477003378540944e-08	0.0	0.0	0.0	0.0	0.0	1.0	0.0	0.0	0.0
1056.3135775753394	-2.2570237889888176	5.094156384061439	1115798.3741700123	1123.114150276667	-0.4565318626691805	1261385.3945516795	0.2084213416321915	1084.5810317872636	-1.0647922895532247	1.1337826198919982	1176316.0145127252	1078.9564458046225	938.2555218879752	1.035342	22.100847	0.150105573165566	0.0723072363636423	-0.0144894138	0.034515065	-0.1172255513	-0.0057989923	0.0622236263	-0.047998092	0.2265280133	0.0319996502	0.0499698692	-0.0199929703	0.167740814	-0.0013795092	0.1010944008	0.1114811716	0.0884744922	-0.0295191053	0.1269658063	0.1257104207	0.1019202115	0.0409913621	0.0436041421	0.035876257	-0.1655199672	-0.0898188391	-0.0413201366	0.0805248961	-0.0038205154	0.0972413063	-0.0902260068	0.1542181566	-0.0030662863	-0.1947996486	-0.0290315403	0.0243598971	0.1434566778	-0.0821900417	0.1723989942	0.0020952592	-0.0652836065	-0.0227381127	-0.0119438261	-0.1130291527	0.0470904471	0.0863796253	0.1588679056	-0.0663868313	0.1034275342	-0.1461466027	0.1053881294	0.0406326995	0.0008789144	-0.0328555704	-0.1764606648	-0.0285042157	0.0145949792	0.0417936691	-0.0062391825	0.0648431754	0.0234275279	0.0599952381	-0.0112639638	0.0697537274	-0.0214605808	-0.040459273	0.0017349609	-0.0446971468	-0.1273444172	-0.0289992502341789	0.0101492656810507	0.0008409565141445	0.0001030075938645	-0.117074152292389	0.0384920633078281	0.0137063571349814	0.0014816389376938	0.343511470973965	-0.0352188389028356	0.1180001306906972	0.0012403666136638	0.0009586655174326	-0.0008243033213393	6.794759655710014e-07	9.190395743143146e-07	-0.0004131178108388	-0.0005003290594058	2.5032916768592425e-07	1.706663256322425e-07	0.0007981987910114	2.757247319000282e-07	6.371213099720606e-07	7.602412778134244e-14	0.0	0.0	0.0	0.0	0.0	0.0	0.0	0.0	0.0
1056.727189362359	0.4136117870195903	0.1710747103615389	1116672.352737671	1119.8305116001563	-3.283638676510691	1254020.374710668	10.782282957876882	1083.4151892880504	-1.1658424992131131	1.3591887329714776	1173788.472380062	1077.3688922233168	939.4343548926296	0.997214	21.286953	0.0439582278087719	0.0258443432980122	-0.0175205397	0.1446282639	-0.0207358824	-0.0261238133	0.0564185188	-0.0908536276	0.1606963236	-0.1952206122	0.027521552	0.0150956714	0.1104006079	-0.0202632848	0.112372692	0.0341355208	0.0485671063	-0.0498043347	0.0730192188	0.0905929516	0.123034794	0.1234568658	-0.1056290667	0.2566495069	-0.234194189	-0.0137714554	0.0423852975	-0.0648303382	-0.0152597259	0.1066909377	-0.0447092948	0.0976620224	-0.0586910712	-0.0837768312	-0.0580402835	-0.0294890582	0.1947749367	0.0362918382	0.3513709645	-0.1018675867	-0.0109670117	-0.0904496021	0.0431349094	-0.0898136394	0.0510545758	0.0881452298	0.1554155287	-0.0150935503	0.101444218	-0.0850690766	0.1546654279	0.0869484645	0.0616922071	-0.0003721329	-0.1796025025	-0.015350998	0.0386844862	-0.0326744146	-0.0320217423	-0.0191365826	0.0747494002	-0.0057116628	0.0041380174	-0.0301834341	0.0882548343	0.0712207777	-0.0495601765	-0.0500887521	-0.1206811645	-0.0351005373211563	-0.0061012870869773	0.0012320477202338	3.722570411771714e-05	-0.1225213872076551	-0.005447234915266	0.0150114903232881	2.967236822209401e-05	0.3443810276135934	0.0008695566396283	0.1185982921801945	7.56128749521834e-07	0.0012388059848987	0.0002801404674661	7.84786815121251e-08	1.5346402682208385e-06	-0.0007630058671004	-0.0003498880562616	1.224216519145206e-07	5.821779532296334e-07	0.0007989732506217	7.744596102999494e-07	6.383582552090058e-07	5.997876879859494e-13	0.0	0.0	0.0	0.0	0.0	0.0	0.0	0.0	0.0
1053.17939737275	-3.5477919896090957	12.586828001534462	1109186.843050429	1115.7683991540837	-4.0621124460726605	1244939.1205508667	16.500757524538415	1082.290702783666	-1.1244865043845491	1.2644698985429832	1171353.1653319614	1076.1336735338118	930.324275195204	1.18665	25.330734	0.0574754810335215	0.0271241424170224	-0.0763715636	0.1598388107	0.0676029203	-0.0564975314	0.0438649233	-0.0059546874	0.1157780035	-0.1289643573	-0.0686653232	-0.1864415011	0.0930618024	-0.0261806901	0.1293009137	0.0637178955	0.0621855812	0.0725565371	-0.0043357236	0.0358818165	0.1347080031	0.0529358654	-0.1230336416	0.0653555023	-0.0621610046	-0.0088966022	0.1008356528	-0.1075147426	-0.0287745492	0.1125229646	-0.0576965835	0.1286316168	-0.0991446262	0.0146240096	-0.015530182	-0.032383574	0.1956952107	0.0518160262	0.1023759663	-0.013621621	-0.0313976098	0.0493343256	-0.0633253947	-0.0836977262	0.077648792	0.1189645079	0.0844065413	0.0026361155	0.1139101983	-0.0648395163	0.1323466282	0.1590490195	0.0949444199	0.0833784473	-0.0705492855	-0.0257535607	0.0990122535	-0.0345390367	-0.0129807296	0.0035960849	0.0809268328	0.017984796	-0.0285669151	-0.0680753545	-0.1084569404	0.1305751311	-0.0095799416	-0.0554119421	-0.1133587932	-0.0285019196464872	0.006598617674669	0.0008123594235348	4.354175521645539e-05	-0.1067615793393912	0.0157598078682638	0.0113980348230411	0.0002483715440445	0.353125479305362	0.0087444516917685	0.1246976041346416	7.646543538967426e-05	0.0016783413226834	0.0004395353377846	1.931913131615103e-07	2.8168295954266646e-06	-0.00076275682207	2.490450303999992e-07	6.202342716693653e-14	5.817979696143257e-07	0.000886640943783	8.766769316129999e-05	7.861321631924089e-07	7.685624424223845e-09	0.0	0.0	0.0	0.0	0.0	0.0	0.0	0.0	0.0
1053.2657359806824	0.0863386079324755	0.0074543552197177	1109368.7105909286	1112.601764340944	-3.1666348131395807	1237882.6860145817	10.027576039787547	1083.7066908319605	1.4159880482945937	2.0050221529131327	1174420.1917539584	1076.9754405513977	922.8856867543908	1.143126	24.401651	0.0524188362072215	0.0365272684195678	-0.0849683988	-0.019504814	0.1331471643	-0.0836040604	0.1684412233	0.027720032	0.0241678921	-0.0153862745	-0.1017307803	-0.0930942971	0.0227400751	-0.0461920277	0.1107793487	0.1359424695	0.0732727267	-0.1061958713	-0.0900642713	0.066876341	-0.0877738832	0.0487903394	0.0405599055	-0.0749365434	-0.0886105762	0.0620522323	-0.0387725025	-0.0959159652	-0.0424493506	0.1227943068	-0.1174518521	0.1135314294	0.1144788962	0.0526331251	-0.0863152164	0.0003258086	-0.0211386007	-0.0920181591	0.1483302815	0.142391913	0.0670251597	0.0172719595	-0.0220326035	-0.0896100084	0.0861176364	0.1274807107	-0.0137409989	-0.0399600637	0.0446021872	-0.1584536633	-0.0155131962	0.1379281392	0.1033009652	0.1101314648	-0.0479872166	-0.0816266479	-0.1101722262	-0.0651134895	0.0661738191	0.020684982	0.0184766319	0.0903638103	0.0844911011	-0.0750007152	-0.042225216	0.1513559133	0.0064005614	-0.0606594461	-0.1054172954	-0.0248892758143597	0.0036126438321275	0.0006194760505632	1.3051195457808876e-05	-0.141768706349751	-0.0350071270103597	0.0200983661000819	0.0012254989415194	0.3529268120482527	-0.0001986672571092	0.1245573346625426	3.9468679047318425e-08	0.0016673260571935	-1.10152654899001e-05	1.2133607381298407e-10	2.779976180996422e-06	-0.000635149956687	0.000127606865383	1.6283512092875087e-08	4.03415467479498e-07	0.0010200267750626	0.0001333858312796	1.0404546218446082e-06	1.7791779986149953e-08	0.0	0.0	0.0	0.0	0.0	0.0	0.0	0.0	0.0
1058.0770893708082	4.81135339012576	23.14912144467464	1119527.1270514012	1115.9601180643974	3.35835372345332	1245366.985110304	11.278539731832776	1087.2467525054303	3.540061673469836	12.532036651970056	1182105.5008336045	1080.6439906657622	943.007531863372	1.437664	30.688988	0.1191616944176285	0.1046869483571754	-0.0378731275	0.0606192536	-0.1468860059	-0.0341572503	0.1058289066	-0.0950096257	0.1179950865	0.0499737304	0.1131565931	-0.0148313604	-0.052776633	-0.0204432786	-0.0277223248	0.2598675156	-0.0309547697	0.1136521952	0.0306384646	-0.0409170667	-0.046522108	0.1218266068	0.0449472003	-0.1266684389	-0.1560655733	0.0846328063	-0.0447646046	-0.1531985793	-0.0043648148	0.0090148734	-0.250321003	0.0359653359	-0.1244440726	-0.0992802744	0.0105254373	-0.1141320353	-0.0265068409	-0.1734961813	0.0214686515	0.1555293882	0.1126276137	0.0778525488	-0.0419899779	-0.0777550051	-0.1193992886	0.1603031374	0.2189356768	-0.0555517497	0.0534184353	0.0564592538	-0.0772360935	-0.069292516	-0.0930839856	0.1691202415	0.1285941002	-0.0224368445	-0.1006392728	-0.2468836104	0.1280730627	-0.2204169356	0.1765050005	0.0521380296	-0.0410981253	-0.0193950858	-0.2535324144	0.0589553868	-0.0929260286	-0.0658240966	-0.096900045	-0.0257939078379081	-0.0009046320235483	0.0006653256815504	8.183590980292699e-07	-0.2443618365481796	-0.1025931301984286	0.0597127071611992	0.0105253503639117	0.3530909644272242	0.0001641523789714	0.1246732291601473	2.6946003522000924e-08	0.0018442727496056	0.000176946692412	3.131013195558232e-08	3.4013419749378e-06	-0.0005581118647559	7.703809193109997e-05	5.93486760838461e-09	3.114888535813081e-07	0.0009640159630722	-5.601081199040005e-05	9.293267770580212e-07	3.137211059823942e-09	0.0	0.0	0.0	0.0	0.0	0.0	0.0	0.0	0.0
1058.3180702770164	0.2409809062082786	0.0580717971569631	1120037.137874868	1124.3137493374982	8.353631273100746	1264081.4069493427	69.78315544692678	1086.3496107249086	-0.8971417805216788	0.8048633743576081	1180155.4767221606	1079.853182992401	928.1594395100676	1.368906	29.221247	0.1708090821418139	0.1005114894246132	0.0092732581	0.0920813448	0.1018360329	0.0220120145	0.1006789653	0.0109890823	-0.0024760448	-0.0977543813	-0.010808975	-0.2363348024	0.062969947	0.0458496796	0.0836639824	0.0011683193	0.0413280145	0.0369358076	-0.0897168733	0.0541447119	0.0242166124	0.1981210968	0.0342078583	0.1410224643	0.015132229	-0.1029066474	0.0566131229	-0.1581377472	0.0404699442	0.0800610503	0.0087880333	0.0423927009	-0.0668151133	0.0535659225	-0.0890274228	-0.0985024618	0.1624520843	-0.0693967419	0.06603815	-0.0461922091	0.0620677126	0.0733298304	-0.005930826	-0.0917490721	0.0526257812	0.0771118237	0.1162790955	0.0272004706	-0.0894422005	0.0221589492	0.0170474473	0.1610434671	0.0519084431	0.0975730093	0.0592986615	-0.1855107703	0.0209918629	0.0338067291	-0.0728101436	-0.0239454907	-0.0400785486	0.1335695808	0.1215247575	0.0667063138	-0.0370631189	-0.0822310692	0.0409100186	-0.0708988393	-0.0878535601	-0.0285333733228441	-0.002739465484936	0.0008141533931807	7.504671143155639e-06	-0.1724103224148194	0.0719515141333602	0.0297253192751819	0.0051770203860831	0.3351094580690414	-0.0179815063581827	0.1122983488873266	0.0003233345709093	0.0007358390204245	-0.001108433729181	1.2286253319863195e-06	5.414590639792878e-07	-0.0008472064970082	-0.0002890946322522	8.357570639709255e-08	7.177588485729052e-07	0.0007988124011989	-0.0001652035618733	6.381012523091525e-07	2.7292216855625266e-08	0.0	0.0	0.0	0.0	0.0	0.0	0.0	0.0	0.0
1060.0168275609042	1.698757283887744	2.885776309561665	1123635.6747122838	1126.017030595224	1.7032812577258485	1267914.3531904856	2.9011670429201475	1085.9297427016224	-0.4198680232861989	0.17628915697826	1179243.406084012	1079.5538011098915	959.8369971711114	1.180263	25.194408	0.1534792392064596	0.0844464865403771	0.0188295875	-0.1692437792	0.0830015278	0.0426784292	0.0637154098	0.0832289149	0.0140707964	0.0459975524	-0.0931187777	0.0521136518	0.226964293	0.0474552999	0.1025288014	-0.0102575244	0.0661831346	-0.0786474779	-0.0201690887	0.0690700014	-0.0052254164	0.1162819728	0.0934647845	0.198903077	0.0287715877	-0.0653181728	0.0392657037	-0.0126171091	0.0450062482	0.0972359981	0.0178331681	0.0606236416	0.0911252396	-0.0353351825	-0.044465403	-0.0660200219	0.0642161273	-0.16509833	0.0883886161	-0.1660586651	-0.0005827568	0.0624158257	0.080634417	-0.0897839894	0.050155904	0.0464803429	0.0607074836	-0.0737529309	-0.0569223765	-0.1869643952	-0.1116481811	0.078473906	-0.0211013591	-0.0322544288	-0.0024047571	-0.1642194538	0.1112326249	0.1225498088	-0.0600586023	-0.078439519	-0.027947427	-0.1279313681	-0.0247680376	-0.0746521164	0.036380618	0.04731822	-0.1144604517	-0.0758767427	-0.0783272495	-0.0206961162701162	0.0078372570527278	0.0004283292286661	6.142259811053318e-05	-0.1379801404491587	0.0344301819656606	0.0190385191583695	0.0011854374301885	0.3237385526900453	-0.011370905378996	0.1048066504978452	0.000129297489138	0.0021882241254046	0.00145238510498	2.1094224931680554e-06	4.788324823002726e-06	-0.0004549606328978	0.0003922458641104	1.5385681791171437e-07	2.069891774867668e-07	0.0009509993282899	0.000152186927091	9.043997224078412e-07	2.3160860777401356e-08	0.0	0.0	0.0	0.0	0.0	0.0	0.0	0.0	0.0
1057.267590419334	-2.74923714157012	7.558304860588644	1117814.757751105	1125.234806833388	-0.7822237618361214	1266153.370509372	0.6118740135810532	1085.5621928475668	-0.3675498540555963	0.1350928952162902	1178445.2745400178	1079.951045543629	944.9925086549082	1.268122	27.069876	0.0959314423003748	0.0587267897981299	0.0002504562	-0.0115929474	-0.1599557832	0.0249697902	0.0672959065	0.0605126118	0.2544142076	-0.0094393601	-0.0517263611	0.0552857383	0.170948434	0.006219169	0.0974736034	0.0768930019	0.0528569886	-0.0696028072	0.1389602189	0.1499387227	0.0222035879	-0.0649188861	0.1230222631	0.0583907817	0.0062605101	-0.0521504058	0.0791913771	0.0084105066	0.007751634	0.1017061224	-0.0437569591	0.100098542	0.0124407278	-0.1876744981	-0.026298263	0.1173228444	-0.0110619679	-0.0331615206	0.0264635362	-0.0776181704	-0.055691052	-0.0516213561	0.0552451741	-0.0934234139	0.0586274454	0.082305614	0.1868623623	-0.1034562377	-0.0281268726	-0.1246166837	0.1027005515	-0.003405886	-0.0753025758	-0.0496073614	0.0177803947	-0.0473175397	0.0490604682	0.1752392119	-0.0308422891	0.0835701932	-0.0358065279	0.1295032767	0.1029116723	0.0293120653	0.0243742672	0.0072720547	-0.0825716059	-0.0807510076	-0.0683731426	-0.0287911477792448	-0.0080950315091286	0.0008289301904463	6.552953513378485e-05	-0.1533517888824889	-0.0153716484333301	0.0235167711534594	0.0002362875755579	0.3737020846836714	0.049963531993626	0.1396532480969219	0.002496354529278	0.0018037333809236	-0.0003844907444809	1.4783313259155346e-07	3.2534541094580806e-06	-0.0004555846806604	-6.240477625999862e-07	3.8943561000604873e-13	2.0755740125243864e-07	0.0010159091433321	6.49098150422e-05	1.0320713875057614e-06	4.2132840888126145e-09	0.0	0.0	0.0	0.0	0.0	0.0	0.0	0.0	0.0
1054.8447433717286	-2.422847047605501	5.870187816090692	1112697.432618968	1115.3774626043778	-9.857344229010096	1244066.8840857802	97.16723524919864	1084.9350636076963	-0.6271292398705555	0.3932910835006207	1177084.092245436	1078.707214175424	931.6244843937704	1.284428	27.41794	0.1184900003470618	0.0699146899176334	-0.0482283116	0.1392878849	0.0195190736	-0.0418377891	0.0851160594	-0.0749096225	0.1300061695	-0.1397778387	-0.0599014	-0.1062723836	0.2062086607	-0.0148642431	0.0543097204	0.1052778598	0.0761954956	0.0889298328	0.1550677124	0.1786687275	-0.0420847575	-0.2531401189	-0.0424316553	0.3032014216	0.0034445792	0.159134785	-0.1595438581	-0.1430120633	-0.0019375576	0.0766218133	-0.0934546506	0.1334272553	-0.0963140454	-0.1379390484	-0.1458429758	0.1643058077	-0.1063418717	0.069057819	0.0746132414	-0.2849782524	0.2816451108	-0.0825768215	-0.0485100637	-0.1089101115	0.0308359025	0.1612049353	0.1354641721	-0.0279038881	-0.1535326085	-0.1803991181	0.2160124164	0.0118453617	0.0887544212	0.2052893221	0.210874271	0.0892080243	0.1129705671	0.0335654522	0.002950841	-0.0720159395	-0.1819141403	-0.1247790838	0.1405155818	-0.1237918965	0.0888964768	-0.0662409271	-0.1686264564	-0.0855149763	-0.0580456054	-0.0289266252572133	-0.0001354774779685	0.0008367496487712	1.835414703670541e-08	-0.2142575207554529	-0.060905731872964	0.0459062852002733	0.0037095081749813	0.4043035997411408	0.0306015150574693	0.1634614007636445	0.0009364527238125	0.0014841815444528	-0.0003195518364708	1.0211337619186099e-07	2.2027948568942985e-06	-0.0004559076374308	-3.2295677040002297e-07	1.0430107554721317e-13	2.078517738677338e-07	0.0007988384178001	-0.000217070725532	6.381428177533672e-07	4.711969988298888e-08	0.0	0.0	0.0	0.0	0.0	0.0	0.0	0.0	0.0
1062.3401938272116	7.495450455483024	56.18177753060067	1128566.6874208376	1123.485397049143	8.107934444765306	1262219.4373826708	65.73860096061169	1092.9642239008658	8.029160293169525	64.46741501341013	1194570.794727222	1086.8054980612785	973.8745285375228	2.388544	50.986874	0.9265192062082086	0.5910493573993039	-0.0047982711	-0.0219945304	-0.1005591681	-0.0332099633	-0.1035453608	-0.4973936623	0.0368450182	0.1507897311	0.1155841656	-0.2575189779	-0.0803771114	-0.0172969281	-0.317557564	0.4982136827	-0.2295626613	-0.0155751579	0.1402082908	-0.2052287838	-0.4469170436	0.0733421628	-0.1480627748	0.1204904892	-0.0555641089	-0.1792179311	0.2831295356	0.0469186344	-0.0128509805	-0.2813535164	-0.558399167	-0.1561480036	-0.0417582166	-0.0230410515	-0.1932437737	-0.3638972597	-0.3983547394	0.0516566337	0.0515208243	-0.1223527558	-0.206696195	0.0018136351	0.0125394924	0.1225978178	-0.5633526296	0.4331831243	-0.0057393815	0.0232697943	-0.1313095994	0.0565368497	-0.1459655226	-0.1605539823	0.4856711638	-0.3409186036	-0.080846986	0.0288173346	0.0323253537	-0.0134365569	0.0073063933	0.0815254255	-0.0734167049	0.0108776769	0.0697187539	-0.0138532167	0.0034921555	0.0330919469	0.0433481522	-0.0901621419	-0.0474010431	0.0028474815504608	0.0317741068076741	8.10815118021464e-06	0.0010095938634254	-0.4235159995191253	-0.2092584787636723	0.1793658018486837	0.0437891109344863	0.1653818635693937	-0.238921736171747	0.0273511607976855	0.0570835960153219	0.0095152848284441	0.0080311032839913	6.449861995813584e-05	9.054064536641848e-05	-0.0008829715868394	-0.0004270639494085	1.8238361688447126e-07	7.79638823165688e-07	0.0003257079618977	-0.0004731304559024	1.060856764435536e-07	2.238524283024129e-07	0.0	0.0	0.0	0.0	0.0	0.0	1.0	0.0	0.0
1054.6554453283534	-7.684748498858198	59.05535949070333	1112298.108360747	1118.6605395063568	-4.824857542786276	1251401.4026486534	23.279250308181624	1088.1992424698235	-4.764981431042315	22.70504803817807	1184177.5913118976	1082.3214810501745	937.5245204256072	2.708285	57.81221	1.0907421319182025	0.5741407840814341	-0.0604156329	0.1430437398	0.0773340012	-0.0596405104	-0.2636228263	0.1162939933	-0.2844793182	-0.0688134343	0.2439674341	-0.4034751379	-0.0241623839	-0.1665891312	-0.2715060545	-0.1897411256	-0.0042524528	-0.0523337856	0.126848082	0.478512569	-0.2255254734	0.4138148761	-0.1300703554	-0.0999210123	0.2217342815	0.085156161	-0.0923334671	0.1400116733	-0.1408245904	-0.273342311	0.1716443402	-0.029400148	-0.0463320761	-0.0583340882	-0.6394645674	0.0117093844	0.2044986371	-0.1132653097	-0.2071312012	0.1216849439	-0.0398381391	0.0067304599	0.1903215051	0.2622754136	-0.0022205491	0.0629142087	0.1049299389	0.6411968817	0.1323159689	-0.240915674	-0.1995550977	-0.1479301949	-0.1333229435	0.0709188802	0.1530136511	-0.1340165741	0.0647588939	-0.1004007785	-0.2795535088	0.1235909047	0.1638265417	0.0888185702	-0.1138988903	-0.1549209829	0.0897990597	-0.1353987717	-0.1440814365	-0.0946861568	-0.0364975928	-0.0150269113000689	-0.0178743928505297	0.0002258080632201	0.000319493919775	-0.0604103732943599	0.3631056262247654	0.0036494132015639	0.131845695796079	-0.1872207274724786	-0.3526025910418723	0.0350516007953241	0.1243285872094418	0.0044712539351721	-0.005044030893272	2.5442247652282333e-05	1.9992111752791992e-05	-0.0021739757418346	-0.0012910041549952	1.6666917282148708e-06	4.7261705260853e-06	0.0011338633496512	0.0008081553877535	1.2856460956822396e-06	6.5311513075501e-07	0.0	0.0	0.0	0.0	0.0	0.0	0.0	1.0	0.0
1055.4725817266058	0.8171363982523872	0.6677118933488838	1114022.3707766265	1121.146184124524	2.485644618167271	1256968.7661769814	6.178429167823918	1084.90155694609	-3.297685523733435	10.87472981344106	1177011.3882640502	1079.5098260600073	952.9987449014424	1.718083	36.674938	0.4508724187376495	0.3082580630876864	-0.0683487315	0.0951880077	0.0978491294	-0.0381355424	-0.1438676558	0.0676205212	-0.0689106951	-0.0746419768	0.0106161686	-0.0111439462	-0.0559095225	-0.1113278757	-0.0088633827	-0.120641143	0.0680911193	0.1690109882	-0.0701574477	-0.0179385798	0.1396877048	0.1961225175	-0.2946498485	-0.0497777215	0.0553575672	-0.378253951	0.0188045968	-0.0434977689	-0.1013289016	-0.0677836742	0.1013807859	0.0722384792	-0.1759809523	0.109146033	-0.0191710307	-0.0919181141	0.1591814269	0.1130555547	-0.0231817882	-0.0439682012	-0.3963933099	0.0969302954	-0.1598546877	0.133814919	0.0992779687	0.0761552893	-0.0914004671	0.1925021151	0.0319252038	0.0090062285	0.082631447	0.0891176369	-0.0698172409	-0.1776945454	-0.0539691206	0.0125378578	0.2034330114	0.1823913105	-0.0124375437	-0.1978026426	0.0972346234	-0.0280552258	-0.018027443	0.0759522181	-0.1230949925	0.2209192294	0.0473629811	-0.0990808418	-0.0253948054	-0.0175443771766481	-0.0025174658765791	0.0003078051705164	6.33763443974067e-06	-0.0316928988755194	0.0287174744188405	0.0010044398391338	0.0008246933369967	0.1191684468947613	0.3063891743672399	0.0142011187353095	0.0938743261694389	0.0053751369171829	0.0009038829820107	8.17004445168736e-07	2.8892096878462487e-05	-0.0009500914670053	0.0012238842748293	1.4978927181744415e-06	9.02673795676283e-07	0.0012710621743109	0.0001371988246596	1.6155990509639527e-06	1.882351748800309e-08	0.0	0.0	0.0	0.0	0.0	0.0	0.0	0.0	1.0
1043.2253012927602	-12.247280433845615	149.9958780252577	1088319.0292573702	1105.6091487498222	-15.537035374701873	1222371.5897993066	241.39946823473736	1079.2816036760712	-5.619953270018868	31.583874757195773	1164848.780033592	1072.423081539608	937.2377397587758	1.43931	30.724117	0.137720467027505	0.0791933197393285	-0.2047505713	0.1149468059	0.0861134424	-0.1873500114	-0.1252364706	0.0894335983	0.0064462108	-0.1511663655	-0.0987426415	-0.082284182	0.0350790308	-0.2417665765	0.0684470118	-0.0099463887	0.1529933075	0.1630765044	-0.0184817389	0.0483102248	0.0619855954	-0.0669188965	-0.1299827737	-0.2177266903	0.1257335942	-0.143996506	0.1810246376	-0.092804596	-0.2495782302	0.0173026424	0.0492640007	0.1697226549	-0.1202953764	0.1539579003	-0.0103851125	0.039608433	-0.0037118489	0.1401142788	-0.1994094328	0.0497434688	-0.2175926367	0.2183917801	-0.1081051308	0.1575247882	0.1333375301	0.189921399	-0.1333720986	0.1342033104	0.0737918444	0.1173485295	0.2058157092	0.1053503165	-0.1165199134	-0.2110301958	0.0944738065	-0.004151684	0.047345956	0.0917900418	0.1767362282	-0.1199097861	0.0217452587	-0.1360923261	-0.1184798302	0.0760979101	-0.0407399733	0.0334535755	0.0045540921	-0.1033401944	-0.0141533203	-0.0261671381732924	-0.0086227609966443	0.0006847191201801	7.435200720525024e-05	-0.046210015908457	-0.0145171170329376	0.0021353655702598	0.000210746686948	0.1891032821142744	0.0699348352195131	0.0357600513063908	0.0048908811771804	0.0055918187968186	0.0002166818796357	4.695103696246e-08	3.126843745645381e-05	-0.0009348017014849	1.5289765520400036e-05	2.337769296688137e-10	8.738542210990641e-07	0.0006101187438988	-0.0006609434304121	3.7224488165664956e-07	4.368462182049145e-07	0.0	0.0	0.0	0.0	0.0	0.0	0.0	0.0	0.0
1035.9807071076875	-7.244594185072627	52.48414490638815	1073256.0254993443	1091.0282606293883	-14.580888120433883	1190342.6654919886	212.60229838060997	1076.7142764026707	-2.5673272734004517	6.591169328745796	1159313.6330093269	1068.3904844450974	875.3861427322918	1.384462	29.553318	0.1737452749088825	0.1095518368394626	-0.3100035224	0.1037462187	0.0839018546	-0.3095214318	0.0070332384	0.0277406251	0.0164653931	-0.0808049995	-0.2010609735	-0.0982748643	-0.0155007423	-0.297617525	0.1230493563	0.0342048154	0.0576271248	0.1249246897	5.40737e-05	0.0980439995	0.0292368564	-0.1252145987	-0.0415272863	-0.0956774099	0.1300954147	0.0198192053	0.1536233853	0.0590190269	-0.3053136533	0.1063344071	-0.0147495547	0.1007125421	-0.1001720585	0.0862446668	-0.0677709515	0.1596531371	-0.0548989274	0.0890764501	-0.1745207518	-0.0286067852	0.0141324961	0.1044635682	0.0236433447	0.1330937208	0.1449176616	0.2486156652	-0.174227828	0.038023226	0.0306874264	0.1355076048	0.2088257745	0.0188621988	-0.1113549143	-0.0596912337	0.1890559662	-0.0591033087	-0.1876198824	-0.0015401951	0.2205652701	0.0536163907	-0.0963511643	-0.1103704241	0.0187946649	0.0420603247	-0.0262568293	-0.056819542	0.0118226913	-0.1074583966	-0.0028345346	-0.0290175138179478	-0.0028503756446554	0.0008420161081747	8.12464131564469e-06	-0.0969943590732214	-0.0507843431647644	0.009407905692025	0.0025790495106765	0.2826946328579822	0.0935913507437077	0.0799162554467093	0.0087593409340317	0.0054399323522636	-0.0001518864445549	2.3069492039559083e-08	2.9592863997204186e-05	-0.0013113456085516	-0.0003765439070667	1.417853139490556e-07	1.719627305067566e-06	0.0006120724993922	1.953755493400004e-06	3.7463274451221466e-07	3.817160527990692e-12	0.0	0.0	0.0	0.0	0.0	0.0	0.0	0.0	0.0
1039.316075499023	3.335368391335578	11.124682305920482	1080177.904790691	1089.5216763653332	-1.5065842640551637	1187057.4832699257	2.269796144698639	1076.663543652961	-0.0507327497098231	0.0025738118931195	1159204.3862313514	1067.885279892703	867.4120446309348	1.207445	25.774637	0.1785384705859392	0.0935720391531426	-0.2887780134	-0.0498457288	0.0977538726	-0.3155760301	0.1027860894	-0.0864096873	-0.0970434303	-0.0079615599	-0.1552871768	0.0245294992	0.0016186589	-0.2341145405	0.1380125309	0.0311592437	-0.0788992207	-0.0482866956	-0.1555898923	0.0579537457	-0.0048278867	-0.0364687517	-0.0168287495	-0.0268258698	0.0309204623	-0.0422100825	-0.0573876658	-0.0735572276	-0.2527875207	0.1348874616	-0.0599028111	-0.0808048987	0.0350380788	0.1617000164	-0.0463171032	0.072528869	0.0367515656	0.0195661287	-0.0145225008	-0.1030870641	-0.01487634	0.0266712944	0.0757558057	0.1313549209	0.1285473473	0.2125251702	-0.2006753116	0.0156027591	0.0445317692	0.0967330699	0.006093311	-0.0441523779	-0.1246479365	-0.0004069306	-0.0599844954	-0.0940755013	-0.1171004601	0.0932893229	0.1082691138	0.0295201414	-0.0521328277	-0.115709072	0.1706886069	0.0273494441	0.0326428187	0.0475438152	-0.14338315	-0.1114298236	0.0084997322	-0.0294554747051307	-0.0004379608871828	0.0008676249901045	1.9180973870203088e-07	-0.0721971616113847	0.0247971974618367	0.0052124301447404	0.0006149010019613	0.2218901340193326	-0.0608044988386495	0.0492352315751173	0.0036971870790193	0.0064221373841027	0.000982205031839	9.64726724570047e-07	4.124384858028947e-05	-0.0010047427681192	0.0003066028404323	9.400530176121569e-08	1.0095080300878326e-06	0.0011732408950861	0.0005611683956939	1.376494197902433e-06	3.149099683256655e-07	0.0	0.0	0.0	0.0	0.0	0.0	0.0	0.0	0.0
1045.914418806413	6.598343307389996	43.53813440217835	1093936.971467157	1100.7427343537536	11.221057988420398	1211634.567232578	125.91214237949325	1080.0267541291778	3.363210476216864	11.311184707334863	1166457.7896348075	1072.2966492239352	882.0228669350313	1.379798	29.453766	0.0938132048256226	0.042857561834472	-0.1962707891	-0.0336957595	-0.1774791444	-0.1969144023	0.1008042138	-0.0484027176	-0.1569731358	0.0588094577	-0.0101551082	0.0683746349	0.0290954335	-0.1372666258	0.0773583813	0.0343234834	-0.2650862731	-0.0537705159	0.0601192064	0.1602805954	0.0147570926	-0.1910570843	-0.0407153574	-0.1257535023	-0.0543604476	-0.0166560485	0.0221194659	-0.0308047507	-0.1467885899	0.0991781217	-0.0475799412	-0.2291784365	-0.0053838655	-0.0995106796	-0.1057759526	0.2126829432	-0.0548199747	0.0257617157	0.0159823654	0.0482484274	-0.0592451694	0.0019038011	-0.1730538669	0.0936795601	0.0622881377	0.1105919926	-0.144829971	-0.0567590489	-0.0569455701	-0.0500013717	0.1306403389	-0.3311585951	-0.1430822407	0.0906784444	-0.0663963686	0.0851909135	0.0164452217	0.0142566282	0.0047488884	-0.0008036059	-0.012657674	0.1475168854	0.2011343291	0.0367231402	-0.0250986797	-0.0514456085	0.0238423837	-0.1152490509	0.0197875765	-0.0288899503145358	0.0005655243905948	0.0008346292291763	3.198178363577308e-07	-0.0892832668955208	-0.017086105284136	0.0079715017475368	0.0002919349937805	0.2489508402041593	0.0270607061848267	0.0619765208383568	0.0007322818192215	0.0068050192357984	0.0003828818516956	1.4659851235792796e-07	4.630828679958624e-05	-0.0013280853529467	-0.0003233425848274	1.0455042716292899e-07	1.7638107047115606e-06	0.0014490338378842	0.000275792942798	2.099699063333414e-06	7.606174729723604e-08	0.0	0.0	0.0	0.0	0.0	0.0	0.0	0.0	0.0
1054.7291866693813	8.81476786296821	77.70013247801715	1112453.6572122546	1110.9693956254405	10.226661271686908	1234252.9980163565	104.58460076582088	1084.5826531239973	4.555898994819472	20.75621565099708	1176319.531457489	1077.0880774513928	911.5396669337292	1.441913	30.779701	0.1013263554941342	0.051959115742212	-0.0656062144	0.0117865492	0.092789683	-0.0830242297	0.0903547956	-0.0689427986	-0.2625276373	0.0590881172	0.1204665764	0.0569131625	-0.1476773036	0.0153662878	0.0485539626	-0.1007526753	-0.2532526262	-0.1446568493	-0.2009058164	-0.0366450398	0.0746223713	0.1511873265	-0.04711897	-0.0788878804	-0.0820292556	0.0532709826	0.190002994	-0.1465061281	-0.0087857707	0.0637091519	0.0552904511	-0.2964530844	0.0656164011	0.1278051924	0.0082435265	-0.1564919077	0.15090982	0.0143601014	0.120829442	0.123575699	-0.065681698	0.1794564853	0.0613947472	0.0576485801	0.0387521427	0.0100854388	-0.1281164403	0.0734620453	0.0493556458	0.0471364811	-0.092718039	-0.0932916509	-0.0136826894	0.1457073418	-0.2369172492	-0.1238630106	-0.0125290911	0.0148254204	0.0526792901	-0.1506733317	-0.0336849637	0.2046500513	0.0243172578	-0.0594472961	-0.044604339	0.0103288451	0.1882958469	-0.1189108618	0.0309673479	-0.0202513578213228	0.008638592493213	0.0004101174936072	7.462528026379603e-05	-0.0598852540658612	0.0293980128296596	0.0035862436545327	0.0008642431583328	0.2115267004693777	-0.0374241397347816	0.0447435450114618	0.0014005662348884	0.0069252966756972	0.0001202774398987	1.4466662548609424e-08	4.7959734046422685e-05	-0.001715043245043	-0.0003869578920963	1.4973641025561182e-07	2.941373332367624e-06	0.0014389569611497	-1.0076876734500024e-05	2.070597136041179e-06	1.0154344472230788e-10	0.0	0.0	0.0	0.0	0.0	0.0	0.0	0.0	0.0
1058.5990763915415	3.869889722160224	14.976046461681332	1120632.0045370248	1121.4488487726526	10.479453147212098	1257647.5204135077	109.81893826461356	1087.5861242695066	3.0034711455093657	9.02083892190734	1182843.5777035668	1080.2362502556634	947.899121669744	1.174532	25.072065	0.0958773818347393	0.0488251327687302	-0.0110288095	-0.1383106823	-0.0488795437	-0.0017921662	0.0768131751	0.013282567	-0.1112330895	0.0780739159	0.1299476706	0.1001780906	0.1528385216	0.04085499	-0.0078428715	-0.0691319298	-0.1470984611	-0.1707874983	0.0318336486	-0.0336057153	0.1028606634	-0.0314729637	0.1249112188	-0.148971457	-0.0803200341	0.0784098958	0.0862381528	0.0365232873	0.0274287959	0.0186181258	0.0540558183	-0.181446297	0.1240284487	-0.076938657	0.0906358047	0.0119336881	0.0299958785	-0.0345195757	0.0404728741	0.0490269084	-0.05408513	0.1030261811	-0.1011446321	0.0323763855	0.0630394367	-0.0343910634	-0.0925205309	-0.0264915518	-0.0178027086	-0.0209601533	-0.0713648928	-0.1518337971	-0.0847413217	-0.0796020414	-0.1658420832	-0.0545063092	0.1326910762	0.0923467651	-0.0422499468	-0.0493875624	0.0126496137	0.058188072	0.0280788339	-0.0489959973	-0.1354457435	-0.0725368109	0.1987846408	-0.1224102548	0.0419779864	-0.01508582817317	0.0051655296481527	0.0002275822116704	2.668269654594558e-05	-0.0387523716886306	0.0211328823772306	0.0015017463114937	0.0004465987175698	0.2460424706826387	0.034515770213261	0.0605368973796171	0.0011913383934146	0.006753920283779	-0.0001713763919181	2.936986770690024e-08	4.561543919964141e-05	-0.0013241260777279	0.0003909171673151	1.52816231701662e-07	1.7533098697190729e-06	0.0012999865284611	-0.0001389704326886	1.689964974180342e-06	1.93127811616567e-08	0.0	0.0	0.0	0.0	0.0	0.0	0.0	0.0	0.0
1060.006951813867	1.40787542232556	1.982113204788374	1123614.737893726	1121.8418692335297	0.3930204608770964	1258529.17956538	0.1544650826680452	1087.8403277404689	0.2542034709622385	0.0646194046492496	1183396.578658491	1081.6010992449644	937.3409199761536	1.269423	27.097643	0.1451029980449102	0.0760283819063116	0.0233238838	0.1215151849	-0.0759182039	0.0279657795	0.028080119	-0.0147965355	-0.0006029134	-0.017291017	0.0457580061	0.1281764727	-0.0514461886	0.0335155719	-0.0126851703	-0.0951783426	-0.0147661478	0.0727823809	0.1275419843	0.0418391114	0.0896556545	-0.0596794217	0.1014465427	-0.0192547275	0.0112037086	0.1123901946	0.099735207	-0.0125543376	0.0326085544	0.0119889792	0.0809224745	-0.026365334	-0.078312288	-0.1176491278	0.0411217569	0.1806699585	-0.069832131	0.0424460737	0.0305140322	0.0993887679	0.0712500495	0.0313632236	0.1290601362	0.007544279	0.0495187297	-0.0403512527	0.0101817054	0.0596830761	-0.0330412262	0.0341912855	0.111211383	-0.0505763126	-0.0157632629	-0.0853194795	-0.1733008813	0.1363807467	-0.1213932246	-0.0945713242	0.0241388709	0.0106296722	0.1394257082	-0.0321132783	0.0570193103	-0.1597918566	0.1977894951	-0.0665100057	0.0860583354	-0.1257424501	0.0527593557	-0.0288794812751831	-0.0137936531020131	0.0008340244387236	0.0001902648658986	-0.1064065970837191	-0.0676542253950885	0.0113223639029369	0.0045770942138094	0.2716442789141524	0.0256018082315136	0.0737906142667898	0.0006554525847232	0.0063376506863722	-0.0004162695974068	1.7328037772521989e-07	4.0165816222474015e-05	-0.001544000814037	-0.000219874736309	4.8344899666996245e-08	2.3839385137469183e-06	0.0014249084210711	0.00012492189261	2.030364008439335e-06	1.5605479253264393e-08	0.0	0.0	0.0	0.0	0.0	0.0	0.0	0.0	0.0
1060.9895336070506	0.982581793183499	0.9654669802957004	1125698.7904237066	1121.5593203291107	-0.2825489044189453	1257895.3090170969	0.0798338833883463	1087.9820738396186	0.1417460991497137	0.0200919566241604	1183704.9929963571	1081.829214030428	959.8313587848714	1.33214	28.436434	0.152919055294445	0.1018446065299852	0.0390506166	-0.0115218423	0.0862751902	0.0321864917	0.0259252039	0.028328848	0.0183700338	0.0429511638	0.0594110745	-0.0618484273	-0.077183866	0.0602567334	0.0057655157	0.0139183511	0.016293227	0.0331098252	-0.0862406902	-0.1894356215	-0.0350737729	0.0795304541	0.2071964342	-0.0905216818	0.0162739344	0.2322729447	-0.0265620456	-0.2008950768	0.0583744612	0.0067077169	-0.0312249058	-0.0122660143	0.0183496894	0.0406835359	0.1177132908	-0.1651285143	-0.0107249047	-0.1006103782	-0.0747399448	0.139170244	0.2392124688	0.1501841437	0.0747905836	-0.0413180515	-0.057114852	-0.0074860962	0.0441368481	-0.0169476591	0.0522389883	0.0981760604	-0.2188083033	0.1021109507	-0.0126434686	0.1097305226	0.0408643658	-0.1250831138	-0.1178734893	0.1008710244	0.1968070688	-0.0311399489	0.0761179034	-0.0066254276	0.0487017539	-0.2165921006	0.1070489148	-0.0866612446	0.1001287541	-0.1289028963	0.0632525717	-0.0293325332348359	-0.0004530519596528	0.0008603975059727	2.0525607814524335e-07	-0.1491166418043974	-0.0427100447206783	0.0222357728630209	0.0018241479200423	0.3634383777266663	0.0917940988125139	0.132087454404591	0.0084261565768015	0.0063820905755237	4.443988915150011e-05	1.974903747797617e-09	4.073108011418843e-05	-0.0013441020982369	0.0001998987158	3.9959496578529134e-08	1.806610450484837e-06	0.0015398070121515	0.0001148985910804	2.37100563467093e-06	1.3201686232261e-08	0.0	0.0	0.0	0.0	0.0	0.0	0.0	0.0	0.0
1061.0348945362005	0.0453609291498651	0.002057613893339	1125795.047423446	1127.4538269525842	5.8945066234734895	1271152.1319100277	34.74520833417284	1088.0813811725538	0.0993073329352682	0.0098619463747162	1183921.0920543724	1081.6787388144223	964.768570795754	1.281502	27.35548	0.1235488869617067	0.0655423687241187	0.0517533493	-0.0326750181	-0.2060848901	0.069248777	0.0418895722	-0.0130474222	0.000696793	0.168554786	0.0108017052	-0.0278414427	0.0838334827	0.0734980906	0.0100016963	0.0439327963	-0.0266731894	0.0041887484	0.0651356179	-0.0389519447	0.0481200647	0.0211148218	0.1243300568	-0.0873163978	0.1212679621	-0.0248831133	-0.0150615074	0.074325037	0.0756179149	0.0304167175	-0.028316615	-0.0164343834	-0.0015865601	-0.090285646	0.0590092495	-0.0252732972	0.0936251711	-0.108468261	-0.2265858191	-0.0366741803	0.0694325188	0.0240270127	-0.1059074857	-0.0514968416	-0.0213690769	-0.0574380141	0.1131001588	-0.0976537638	0.0195792193	0.1573049666	-0.0716968893	-0.0118811715	-0.1413009241	-0.0708624122	0.0551440459	0.0362406271	0.0764756034	0.0817769966	0.0337189572	0.1789760351	0.1231360317	0.0309045452	0.1791909451	-0.2077778904	0.0349174909	-0.0234887665	0.0078531977	-0.1318872767	0.0734003241	-0.0168297767810656	0.0125027564537703	0.0002832413865004	0.0001563189189422	-0.1164283083661246	0.0326883334382728	0.0135555509889974	0.0010685271429717	0.388455993439905	0.0250176157132386	0.1508980588393835	0.0006258810959752	0.0056643390656635	-0.0007177515098602	5.151672299065968e-07	3.208473705080165e-05	-0.0016921524802258	-0.0003480503819889	1.2113906840261926e-07	2.8633800163343268e-06	0.0015408087474309	1.001735279399906e-06	2.374091596159579e-06	1.003473569994408e-12	0.0	0.0	0.0	0.0	0.0	0.0	0.0	0.0	0.0
1064.846241072758	3.811346536557494	14.526362421728804	1133897.517126782	1129.5061490505557	2.052322097971455	1275784.140743016	4.212025993821955	1090.1839441477216	2.102562975167757	4.42077106454629	1188501.032077483	1083.9563704559116	965.9109960518136	1.265366	27.011044	0.0925787325384489	0.0510880760884117	0.0987433007	0.0133699531	0.0788580095	0.0906619514	0.037880575	-0.0039483406	-0.1056913909	0.093948283	-0.0202861528	-0.0906150031	-0.030165701	0.1103546636	-0.0261120785	-0.025384792	-0.0362137357	0.0491278604	-0.0631699377	-0.1593185818	-0.0893977981	0.162540259	0.0140681649	0.0378713059	0.232504467	-0.0094644362	0.0655396767	-0.0175819833	0.1045559789	-0.0086848459	-0.0030242203	-0.0814687979	-0.0079955282	0.0648211989	-0.0055156185	-0.2211971199	0.0895660445	-0.035927559	-0.1852235988	-0.0716471072	0.0731308427	-0.0322313176	0.0955375733	-0.0547799491	-0.0526037365	-0.0787964124	0.0607078752	-0.0245598781	-0.0199222582	0.1845652655	-0.1401728831	0.1692091448	-0.0137395556	0.0389867288	0.1208790301	-0.0596897815	0.0546187858	0.1040058127	0.0309898291	0.0007424321	0.0236787969	-0.0293399735	0.233894032	-0.1459909018	0.0708235025	-0.1522192585	-0.0022935159	-0.1346915149	0.0831471893	-0.0188356416095984	-0.0020058648285328	0.0003547813948452	4.023493710344923e-06	-0.1443962598051769	-0.0279679514390523	0.0208502798457241	0.0007822063076971	0.3571382750887011	-0.0313177183512038	0.1275477475333327	0.0009807994827253	0.0059410748412636	0.0002767357756	7.658268949698888e-08	3.529637026949531e-05	-0.0013449418678057	0.0003472106124201	1.2055520937714092e-07	1.8088686277766847e-06	0.0015390111770579	-1.7975703729999125e-06	2.368555403109143e-06	3.231259245887044e-12	0.0	0.0	0.0	0.0	0.0	0.0	0.0	0.0	0.0
1064.0489340552351	-0.7973070175228258	0.6356984801911437	1132200.134064082	1128.3944651446766	-1.1116839058790902	1273274.0689691408	1.23584110659059	1087.0989129667598	-3.085031180961778	9.517417387506422	1181784.0465735109	1081.2331018138425	988.9728293185992	1.244072	26.556486	0.0780620833877311	0.0448479516671838	0.0839431079	-0.1314712227	-0.1321912312	0.0550288965	-0.0182288447	0.0441419146	0.0067767454	0.1393601886	0.0472019594	0.0278981935	0.1454425398	0.0519406604	-1.47445e-05	-0.0183944167	0.0322938258	0.1126330132	0.064685338	-0.1075254518	0.0373900134	0.132037147	0.1903460207	-0.062532699	0.0982432704	-0.1205934691	0.0004829434	-0.0183969499	0.0602829182	0.0028512111	0.034128021	0.002372115	-0.0145894278	-0.0686116004	0.1281140814	-0.076310066	0.0827375562	-0.1737737556	-0.240342092	-0.1013532587	-0.0447880009	-0.0429288948	0.0736881035	-0.0464892005	-0.0024084182	-0.0746528007	0.1025053796	-0.0945230828	-0.0160906988	0.0806905478	-0.1118503438	0.0775169894	-0.163806519	-0.194843127	0.0668542422	-0.0189324868	0.1158852256	-0.0057223364	-0.0075721371	0.1397921123	0.0026336011	-0.0545781606	0.1513302914	-0.081568624	-0.0963646599	-0.075216085	0.0851327441	-0.1373117808	0.0924399334	-0.0225898417323975	-0.0037542001227991	0.0005103009494947	1.4094018562024777e-05	-0.1381849277297675	0.0062113320754093	0.019095074251681	3.858064615100948e-05	0.3620345305894688	0.0048962555007676	0.131069001339137	2.3973317928797623e-05	0.0052510582317021	-0.0006900166095615	4.7612292147074773e-07	2.7573612552726385e-05	-0.0016342191739713	-0.0002892773061655	8.368135986242623e-08	2.670672308575438e-06	0.0012542991790099	-0.000284711998048	1.573266430464909e-06	8.106092183248443e-08	0.0	0.0	0.0	0.0	0.0	0.0	0.0	0.0	0.0
1061.6805874775569	-2.368346577678267	5.609065512000359	1127165.6698266903	1124.4763923838168	-3.9180727608597854	1264447.1570285235	15.351294159391427	1088.159272638354	1.060359671594142	1.124362633143237	1184090.6026288315	1082.296024108707	962.7053496569198	1.379592	29.449356	0.2221407525606027	0.1541159605040823	0.0489735402	0.0926015028	-0.0292312885	0.0347154136	-0.0712024769	-0.0458696866	0.0713060655	-0.1020201599	-0.0278837063	0.1383718685	0.0008226557	0.0090347553	-0.0416196573	0.0059924518	-0.007742088	0.0217390912	0.0859428105	0.009244749	-0.1607943939	-0.2690541478	-0.1043604342	0.0611473546	-0.0214530847	0.0691759002	-0.1200259373	0.0146849056	0.0231723985	-0.0369259615	0.0051807118	0.0086716787	-0.0146366836	-0.0150326355	-0.028793354	0.0967554595	-0.2282418059	0.1338364764	-0.0018537482	-0.1832928837	0.0579829688	-0.1360850935	-0.0419515311	-0.0153367818	-0.0528378745	-0.0883841209	0.0179603088	-0.0255542227	-0.0903311237	-0.0394672661	0.1556783005	-0.1239345288	0.0959344125	0.1322462062	0.0870377447	0.2323324648	0.0734897348	0.0723790311	-0.0529087364	-0.0614769277	-0.0463660325	-0.0839885288	0.0480329168	-0.1591573319	-0.0076900472	-0.1490897228	-0.2047243299	-0.1397444952	0.1012278027	-0.0212733048651756	0.0013165368672218	0.0004525534998867	1.7332693227544509e-06	-0.1115490420442597	0.0266358856855078	0.012443188780992	0.0007094704062514	0.3203434232426758	-0.0416911073467929	0.1026199088148361	0.0017381484318018	0.0079642240526666	0.0027131658209644	7.361268772049966e-06	6.342886476107319e-05	-0.001904800960427	-0.0002705817864557	7.321450316155807e-08	3.6282666988436217e-06	0.0011881023332085	-6.619684580139997e-05	1.4115871541754817e-06	4.3820223940543255e-09	0.0	0.0	0.0	0.0	0.0	0.0	0.0	0.0	0.0
1062.225346424193	0.5447589466361933	0.2967623099401749	1128322.686585997	1127.5734510301036	3.0970586462867686	1271421.8874679373	9.591772258539631	1089.3559040955458	1.19663145719187	1.4319268443411386	1186696.285787824	1083.0064559231348	970.4790119714296	1.223483	26.116991	0.1072491240312879	0.0616643505190428	0.0560958815	-0.1518264813	0.0869804837	0.042440584	-0.0102811501	0.071735478	-0.1065596969	0.1237425673	-0.1375458694	-0.081138131	0.0638716962	0.0443037047	-0.0499827345	-0.0460450892	0.0040145538	-0.0908170299	-0.0506640781	0.0238928299	-0.0343806278	-0.0631290928	-0.0201096387	-0.0266107438	0.0139003155	0.0249287573	0.119423412	0.1994989772	0.0500510928	-0.0423556619	0.0439744578	-0.015336205	0.1180885422	0.0253458435	-0.0227620069	0.0379029931	-0.0975314872	-0.0492562822	0.0631538007	-0.0335529143	-0.0620274842	0.0189729579	0.0168633477	-0.0163026893	0.0149370744	-0.1085989654	-0.0944797602	-0.0598555213	-0.0448409423	-0.1003533045	-0.0594642446	-0.0198679031	0.0468543136	0.0170612815	-0.0284835758	-0.0411013025	-0.0092200003	-0.0390062542	-0.0175869768	-0.1210171374	-0.184082816	0.100714989	-0.0513073264	-0.1003688758	-0.017124337	0.0569731668	-0.0004032354	-0.1419863355	0.1094628008	-0.0106224775509389	0.0106508273142367	0.0001128370293202	0.0001134401224776	-0.0953138652403566	0.0162351768039031	0.0090847329070568	0.0002635809658539	0.3173350198167526	-0.0030084034259231	0.1007015148020987	9.050491173106315e-06	0.0070390184200597	-0.0009252056326068	8.560054626075326e-07	4.954778031793975e-05	-0.0014238418964216	0.0004809590640053	2.313216212489504e-07	2.0273257460054583e-06	0.0013290319663407	0.0001409296331322	1.7663259675554277e-06	1.9861161494776492e-08	0.0	0.0	0.0	0.0	0.0	0.0	0.0	0.0	0.0
1062.83981270813	0.614466283936963	0.3775688140953004	1129628.467477453	1128.3375137425676	0.7640627124640105	1273145.5449187588	0.5837918285778612	1089.7500796928225	0.3941755972766714	0.1553744014884206	1187555.236190513	1083.933058146999	963.580451142709	1.155559	24.667061	0.0551341853020583	0.0289309747128729	0.0612137544	0.1139392178	-0.0284310388	0.0776765357	-0.0555966582	-0.0327784096	0.0603611418	-0.0373696496	0.0908312346	0.1896681044	-0.1119140622	0.069278448	-0.0576498121	-0.1003837517	-0.0347226534	0.0163197042	0.0515072544	-0.0201591271	0.0673003721	-0.0371646954	-0.1504114002	0.0520218154	-0.0416159693	0.0569605695	0.0761453586	0.2043803591	0.0613984803	-0.0526640234	0.067504008	-0.0258043855	-0.0548247043	-0.0280795264	0.0392218807	0.0472274647	-0.0051989476	0.2085204134	0.1067053548	0.0877413627	-0.0628948692	-0.0627055462	0.0910380585	-0.007302182	0.0062866033	-0.112125662	0.0250467161	0.0429865516	0.0102639869	0.0670759148	0.0911202016	-0.0376834402	0.0925429801	0.0402307118	-0.0902888592	0.0490735713	0.011192086	-0.0540535706	-0.1015953755	0.0102432808	-0.0685305652	0.0047785457	-0.1627747495	-0.0463888079	-0.0323177219	-0.0562931965	-0.0161815486	-0.1440342395	0.1170999511	-0.0128212308732997	-0.0021987533223607	0.0001643839611064	4.834516172592652e-06	-0.0719608395780539	0.0233530256623027	0.0051783624327784	0.0005453638075841	0.3059225618718528	-0.0114124579448998	0.0935886138622376	0.0001302441963441	0.0071112148424128	7.219642235310048e-05	5.212323400587266e-09	5.0569376534952106e-05	-0.0016671273684252	-0.0002432854720036	5.9187820888014455e-08	2.779313662552333e-06	0.0013769490394339	4.791707309320008e-05	1.89598865719794e-06	2.296045893819079e-09	0.0	0.0	0.0	0.0	0.0	0.0	0.0	0.0	0.0
1062.5849937921091	-0.2548189160208949	0.0649326799620639	1129086.869032177	1127.580916199503	-0.7565975430645722	1271438.7225773106	0.5724398421713471	1089.1858062020976	-0.5642734907248723	0.3184045723348325	1186325.7204321134	1082.6737692203728	965.8163556728932	1.141826	24.373915	0.0533639667628299	0.0291811566554913	0.0584554079	-0.0920841369	0.1230660644	0.0457796297	-0.0639955254	0.0862366262	-0.0341903314	-0.0310380237	-0.1017585908	0.0486476135	-0.0433661976	0.0371602507	-0.035403084	-0.0794205337	0.0242913858	-0.1072740424	-0.0718426823	-0.0308987951	-0.0180473534	-0.0742925839	-0.070820246	0.071333077	0.0241848518	0.0892669242	0.006836619	0.1083948347	0.0313064813	-0.038335876	0.0627339865	-0.0080957459	0.1218023893	0.1040309027	0.0122548408	-0.0054317987	-0.0469748791	0.0505561471	0.06438745	-0.0593474302	-0.010306244	-0.058413796	0.1122458875	-0.0047212849	0.0200688082	-0.1023581441	-0.0971358624	-0.0341826802	-0.0274708633	-0.0654254257	-0.0673209851	0.0238885468	0.0719257083	0.040554452	-0.0513083225	-0.0309981999	-0.0156811497	-0.0273889025	-0.0451164025	-0.1243190278	-0.1145136959	0.0874585322	-0.0489201523	-0.0528080884	-0.0624783369	0.0469911134	0.0242067193	-0.1458854101	0.124097542	-0.0092335841402189	0.0035876467330807	8.525907607450201e-05	1.287120908138533e-05	-0.0798785172711262	-0.0079176776930723	0.0063805775214336	6.26896200513748e-05	0.3167751934823997	0.0108526316105468	0.1003465232058117	0.0001177796128742	0.0076021261276386	0.0004909112852257	2.409938899620465e-07	5.779232166052546e-05	-0.0016326467613052	3.4480607120000034e-05	1.188912267363797e-09	2.665535447200359e-06	0.0012822207172571	-9.472832217680008e-05	1.644089967763312e-06	8.973455022431634e-09	0.0	0.0	0.0	0.0	0.0	0.0	0.0	0.0	0.0
1060.6032287930273	-1.9817649990818609	3.927392511585928	1124879.2089261946	1124.9385987293872	-2.642317470115813	1265486.8509112373	6.981841612879231	1088.0240778870304	-1.1617283150671938	1.349612678028861	1183796.3940619228	1081.4104945840152	966.8578830239	1.246747	26.613604	0.0571664918180868	0.0245651321262969	0.0304631858	-0.0533577783	-0.1774358547	0.014916574	-0.0164577239	0.0448505561	0.0757177905	0.047671809	-0.0043631789	0.0952308433	-0.0510370635	0.0175771468	-0.032102098	-0.0220044106	-0.0112196568	-0.0726687965	0.0732401872	0.0736776629	0.0047361386	-0.2373749489	0.012140754	-0.1075117643	-0.0173494484	-0.0444612796	0.0382408168	0.106384736	0.0084912068	-0.0197885064	0.0218600997	-0.0268588069	0.0628561977	-0.0970347982	0.0012244672	0.2085473019	-0.1142034787	0.0473715807	0.0277338179	0.0127034227	-0.0938421689	-0.0480192177	-0.1010901791	0.0040969276	0.0227482489	-0.0785647926	0.003637103	-0.0887044502	-0.0413205966	-0.1199731539	0.1327341566	-0.1702148908	-0.0035519115	-0.027760836	-0.0349211605	0.1278089683	0.005881759	-0.0312840615	-0.0232323031	0.0610910087	-0.0914569969	0.188783694	-0.039292707	0.0215246132	-0.1490324869	-0.0654470421	0.0418125371	-0.1475373187	0.1304173552	-0.0203597458455959	-0.011126161705377	0.0004145192508972	0.0001237914742941	-0.0986702657333324	-0.0187917484622062	0.0097358213398864	0.0003531298102668	0.3241662343529583	0.0073910408705586	0.105083747494577	5.462748515026823e-05	0.0075160924232359	-8.603370440270035e-05	7.401798293251221e-09	5.6491645314624096e-05	-0.0014422496071191	0.0001903971541861	3.6251076322165536e-08	2.0800839292351984e-06	0.0014029406742672	0.0001207199570101	1.968242535513306e-06	1.4573308020520418e-08	0.0	0.0	0.0	0.0	0.0	0.0	0.0	0.0	0.0
1059.2901846464829	-1.313044146544371	1.7240849307744357	1122095.69528838	1123.1121258313142	-1.826472898073007	1261380.8471893338	3.336003247395209	1086.352638232576	-1.6714396544543888	2.7937105184826065	1180162.0545948783	1080.1798080999474	944.7448072820308	1.259274	26.88101	0.1586835453617969	0.0852994430467668	0.0076030329	0.0932717	0.0670601994	0.0116683797	0.0043916198	-0.0120979142	-0.0267292567	-0.0995766611	0.041313722	0.0058703022	-0.0969542571	-0.0066556417	-0.0021548685	-0.0570561353	-0.0093562458	0.0053819072	-0.0812121103	-0.007283975	0.0387558201	-0.0566853949	-0.1440536146	0.0282057988	-0.0420760708	0.0097191381	-0.0694941984	-0.1730441259	-0.0025905893	0.002153958	0.0642427358	-0.0400860828	-0.026601867	0.0768375278	0.0091281681	-0.004788722	0.0074184432	0.1515520783	-0.008340778	0.0797476412	0.15031403	-0.1254856065	-0.1399528858	0.0207121083	0.0103978731	-0.0878325666	-0.0311228918	0.0424944581	0.0117050271	0.0316434331	0.0431468974	0.0119519052	0.1152212867	0.1311119987	-0.0503017212	-0.0044579869	-0.0109526372	-0.0275553235	-0.0033860163	0.0060933401	-0.0087059705	0.1059700829	-0.1852447027	0.1063688305	-0.1559747478	0.011047748	0.012555872	-0.1489877092	0.136024874	-0.0154653743449557	0.0048943715006402	0.0002391778036296	2.395487238627901e-05	-0.0669444465719379	0.0317258191613945	0.004481558926823	0.0010065276014615	0.2834121310971511	-0.0407541032558072	0.0803224360530287	0.0016608969321849	0.0087294306705608	0.0012133382473248	1.4721897024214594e-06	7.620295983212757e-05	-0.0017981634824397	-0.0003559138753205	1.266746866457275e-07	3.233391909579669e-06	0.0014598735805008	5.693290623359987e-05	2.1312308710442256e-06	3.241355812203875e-09	0.0	0.0	0.0	0.0	0.0	0.0	0.0	0.0	0.0
1061.3834564209142	2.0932717744312868	4.381786721630708	1126534.8415640066	1122.4174001669585	-0.6947256643557012	1259820.8201975543	0.4826437487144703	1087.3419794019364	0.9893411693603866	0.9787959493913772	1182312.5801697213	1080.9301422329193	964.583070799215	1.171808	25.013912	0.2258723730622902	0.1156591871879478	0.026718639	-0.1247414608	-0.0614525837	0.0124714763	0.0183599387	0.0885244316	0.0180164949	0.1085384646	0.0571987176	0.0333597303	0.0259529683	0.0133761729	0.0156691038	-0.0249914943	0.0581667803	0.0115389847	-0.0216000946	0.0458378571	0.0727031792	0.086692476	0.1287702829	0.0320672319	0.0647334106	0.0870181263	-0.1157334311	-0.0547717339	0.0109373665	0.0140385534	0.0361597979	0.0469837391	0.0571776158	-0.0287635683	0.0622132262	0.0438007475	0.1023880315	-0.1224556182	-0.01059017	0.0127212219	0.1006416924	0.0574576967	0.0303607098	0.0046905896	-0.0082354917	-0.072607662	0.0298466562	-0.0765786084	-0.0115792136	-0.0301363628	-0.0654060256	0.0154767515	-0.0684242518	-0.1107339915	-0.0036556599	-0.0425756163	-0.0335271783	-0.0794443436	0.009687466	0.0656567087	-0.0235162513	-0.0610292947	-0.0656169184	0.0225599088	-0.1164230596	0.1114736015	0.0542082548	-0.1502346003	0.1408894722	-0.0147684836072841	0.0006968907376715	0.0002181081080586	4.856567002524661e-07	-0.1411026946364018	-0.0741582480644638	0.0199099704336536	0.0054994457559905	0.3231054725573159	0.0396933414601648	0.1043971463964864	0.0015755613562732	0.0072798212304381	-0.0014496094401226	2.101367528892847e-06	5.299579714713729e-05	-0.0010271802562331	0.0007709832262065	5.944151350919372e-07	1.055099278795097e-06	0.0014657587701713	5.8851896704999705e-06	2.1484487723340816e-06	3.463545745775955e-11	0.0	0.0	0.0	0.0	0.0	0.0	0.0	0.0	0.0
1061.9171668466738	0.5337104257596366	0.2848468185645325	1127668.0692436665	1126.0098293642454	3.592429197286947	1267898.135824897	12.905547537519736	1087.211296623917	-0.1306827780194908	0.0170779884708915	1182028.4035066587	1082.2128077144116	953.9512660582334	1.144894	24.439405	0.0815297314640609	0.046376147271184	0.0450500107	0.1298939613	0.001276345	0.0410727863	-0.0433188002	-0.0586360344	0.0587179035	-0.1224449548	0.0305655384	0.0784178379	0.0593660653	0.016638736	0.015192707	-0.0902979492	0.0161663672	0.0660253588	0.1178126402	-0.0753733067	0.0228904439	-0.0938360333	-0.0567560453	0.2360018086	-0.0323741707	-0.0424973366	-0.0219739183	0.0329537732	0.0185254142	-0.0209153412	0.071203077	0.0302015988	-0.0742050774	-0.0621012584	0.0723665181	0.0148884755	-0.0800455494	0.1395503688	0.0826895532	-0.1524564829	0.0533280541	-0.0128524103	0.0724415727	0.0065529753	0.0006129356	-0.0942683597	0.0080265046	0.0332752306	-0.0461276822	0.0398221231	0.1507170679	-0.0268371559	0.1012803391	0.051095405	0.0148297996	0.0671053794	-0.0200995344	-0.0506829894	-0.0633010314	0.0106655086	-0.0518773718	-0.085253875	-0.0273179366	0.0216141339	0.0235267634	0.0859886831	-0.1106723143	-0.151276289	0.1449845808	-0.0171771350409528	-0.0024086514336686	0.0002950539682151	5.801601728914281e-06	-0.1001503225686804	0.0409523720677214	0.0100300871106107	0.001677096777973	0.3174424236348301	-0.0056630489224858	0.1007696923231549	3.2070123098467735e-05	0.0077957667836927	0.0005159455532546	2.661998139231957e-07	6.0773979745726425e-05	-0.0010167854910594	1.039476517369995e-05	1.0805114301636535e-10	1.0338527348289052e-06	0.0013419859077959	-0.0001237728623753	1.800926176722786e-06	1.5319721460599683e-08	0.0	0.0	0.0	0.0	0.0	0.0	0.0	0.0	0.0
1060.6481098947274	-1.269056951946368	1.610505547283406	1124974.413023258	1127.88291327561	1.8730839113645743	1272119.8660590772	3.508443339012812	1089.844881416309	2.6335847923919573	6.9357688587181885	1187761.8655493285	1084.265049517096	962.984861133904	1.230242	26.261272	0.1317977969120986	0.0714095224491998	0.0366222119	-0.148828641	0.0891494395	0.0484227178	-0.0662827063	0.1275372855	-0.0925348529	0.0081410368	-0.0574489214	0.0280413485	-0.0060049261	0.0414590011	-0.0320859462	-0.0811367569	0.0800776273	-0.1288363308	-0.0887807482	0.0562714149	-0.1072171007	-0.0301113575	0.0211640162	-0.0446085581	-0.072807163	-0.0555785807	-0.0506082385	-0.1531941123	0.0450395096	-0.0376739744	0.0735637009	0.0384384355	0.1661599785	0.0255169564	-0.0755021934	0.0462336325	-0.1059817609	-0.0882250158	0.1687987536	0.067839593	0.0081320231	0.1172393118	-0.0057904518	-0.0112712326	0.0208447914	-0.0797943951	-0.0920053399	-0.0577914108	-0.0801355698	-0.2040511963	-0.0174476691	-0.0139577763	0.0742088084	0.0174273342	0.0563966786	-0.0270352467	-0.0725769498	-0.1913614062	-0.0280129445	0.0364531777	-0.1649564365	0.0091715751	-0.0637677918	0.0591090127	0.1551168177	0.1597774213	0.0765422702	-0.1521113526	0.148287834	-0.01084864816562	0.0063284868753328	0.0001176931670214	4.004974613125952e-05	-0.128407933354012	-0.0282576107853315	0.0164885973482483	0.0007984925672952	0.3741836606060644	0.0567412369712342	0.1400134118645543	0.0032195679730257	0.0074981082663815	-0.0002976585173112	8.860059292790199e-08	5.622162757437858e-05	-0.0014988814863836	-0.0004820959953241	2.3241654870763095e-07	2.2466457102235098e-06	0.0013716406407645	2.965473296859993e-05	1.881398047396848e-06	8.794031874389675e-10	0.0	0.0	0.0	0.0	0.0	0.0	0.0	0.0	0.0
1063.7735746163369	3.1254647216094327	9.768529726025127	1131614.2180520191	1131.392920964881	3.5100076892708785	1280049.9416094453	12.320153978740692	1091.259418891316	1.414537475007137	2.0009162681995663	1190847.1193190129	1086.5001584993586	956.9745248264036	1.37485	29.348137	0.1904664826138127	0.1364074361708248	0.0657643196	0.0723205972	0.0325481403	0.0857539463	-0.0128940666	-0.1054528396	0.058740316	-0.0906680832	0.0662695407	-0.116783154	-0.0265280552	0.0688190144	-0.0771036528	0.0748801508	-0.0538968114	0.0836185039	-0.0486812777	-0.2146667847	0.0893061563	0.0764425937	-0.0596254382	0.0337337576	-0.0285694064	0.1333581451	-0.1405616011	0.0793034522	0.0784869945	-0.0807374989	-0.0720289723	-0.0085981595	-0.1200966257	0.0377074496	0.1706595914	-0.1468759854	0.0899839364	0.0990397155	0.015797556	0.1735813462	0.1558501229	-0.0578951058	-0.0789964142	-0.0069796348	-0.1449704835	-0.0511699252	0.0736585304	-0.0151828701	0.0676838804	0.1783853933	-0.0951960325	0.0528499323	0.1144447522	0.1730410617	0.0955360351	-0.0700650729	-0.1187525574	0.071028828	0.0484844491	-0.0178696529	0.1601807786	-0.0327578067	-0.2822243761	0.3827193578	-0.0320692232	-0.1823035371	-0.1619246587	-0.1527386503	0.1507811905	-0.0163592572274069	-0.0055106090617869	0.0002676252970324	3.0366812231847915e-05	-0.1376241746188071	-0.0092162412647951	0.0189404134395079	8.493910305091228e-05	0.3856200591264951	0.0114363985204307	0.1487028300007215	0.0001307912111181	0.0099753210881561	0.0024772128217745	6.136583364364472e-06	9.950703081181178e-05	-0.0022182731325401	-0.0007193916461565	5.175243405597593e-07	4.9207356905492685e-06	0.0014611008481694	8.946020740490009e-05	2.1348156885213403e-06	8.00312870892774e-09	0.0	0.0	0.0	0.0	0.0	0.0	0.0	0.0	0.0
1063.288523066405	-0.485051549931768	0.2352750060912104	1130582.4832847372	1130.1895320747471	-1.2033888901337375	1277328.378411336	1.4481448208973091	1089.312253448824	-1.947165442491951	3.791453260434874	1186601.185513755	1083.5096347024894	976.7493121118736	1.203791	25.696627	0.1665284987202075	0.1280578035385504	0.0713884372	-0.1521352304	0.040064333	0.085431344	-0.0371930211	0.0563742638	0.0323023756	0.0525991896	-0.0063090506	0.0258142144	0.0970174784	0.0484300518	-0.0140089003	0.028945519	0.0642902061	-0.0728316543	-0.0504404627	-0.0466844285	-0.0410140643	0.0648641823	0.201026768	0.0434862753	-0.1139602583	-0.0549846116	-0.2018314923	0.026923824	0.0530157021	-0.0375907083	0.0211901287	0.0491162637	0.0753295563	0.0246870492	0.0697433926	-0.0402556352	0.0338050793	-0.2054546568	0.0108122432	-0.0544783748	0.0047414611	-0.06466914	-0.1001759583	-0.0153600142	-0.0206697344	-0.0819064912	0.0289766154	-0.0924554227	-0.0077186569	-0.0096453638	-0.1516170582	0.1205355427	-0.057270457	-0.1117984197	0.0893945776	-0.0686406823	0.0122384147	-0.0290666979	-0.077790845	0.0436971654	0.0741726671	-0.1739887671	-0.0205660161	0.1646091869	0.0853760982	0.1516961542	0.0058244645	-0.1531573254	0.1524510324	-0.019591904055261	-0.0032326468278541	0.0003838427045105	1.0450005513635175e-05	-0.1224205832845797	0.0152035913342273	0.0149867992117367	0.0002311491894581	0.3866987540275062	0.001078694901011	0.1495359263664257	1.1635826894673258e-06	0.0076898244491069	-0.0022854966390491	5.223494887105187e-06	5.913340005808224e-05	-0.0016251701663483	0.0005931029661918	3.5177112850551175e-07	2.641178069588561e-06	0.0015227725560707	6.167170790129998e-05	2.318836257522093e-06	3.803399555463267e-09	0.0	0.0	0.0	0.0	0.0	0.0	0.0	0.0	0.0
1062.0414989437206	-1.2470241226844792	1.555069162556995	1127932.1454786249	1127.2274372245693	-2.962094850177891	1270641.6952318705	8.774005901450384	1087.466243846345	-1.846009602479171	3.4077514524453068	1182582.831505278	1082.1355426679554	963.308176598012	1.169276	24.959869	0.0528798283224513	0.0390246414543097	0.0587371574	0.0599973386	-0.1177428429	0.0580214915	-0.0578365137	-0.020048066	0.0983497604	-0.0634949117	-0.0281194191	0.1105655852	-0.1355335207	0.0049131504	-0.0304091035	-0.0096000243	0.0879212711	0.080064306	0.061190193	-0.06133166	0.0472486079	-0.0357398898	0.0832992101	0.0578003374	-0.0216252317	-0.2133692057	-0.0808557772	0.0692595443	0.0096880616	-0.0507926642	0.0376542868	0.070258019	-0.0501601821	-0.0509081622	0.1527175067	-0.0036509863	-0.014049679	-0.0518513455	-0.0521570383	-0.076346887	-0.1541614378	-0.1487240578	0.0619081545	0.0087947146	-0.0094624245	-0.0569127044	0.1172903949	-0.020085076	0.0350669029	0.0666283347	0.0698899904	0.0877575522	-0.035599277	-0.1388871032	-0.0165828683	0.059757137	-0.0402049018	-0.0663983618	-0.072569473	0.051758054	0.1834363826	-0.1004355093	-0.0021720474	0.2162285949	0.284311259	0.1227931521	-0.05323761	-0.153366806	0.1532882396	-0.0206576261706317	-0.0010657221153707	0.0004267375190055	1.1357636271902011e-06	-0.1235199118437719	-0.0010993285591921	0.0152571686218931	1.208523281055575e-06	0.3481324219549577	-0.0385663320725485	0.1211961832162247	0.00148736196953	0.0076438352235555	-4.598922555139936e-05	2.1150088668174837e-09	5.842821692486777e-05	-0.0017360390327119	-0.0001108688663636	1.2291905528749812e-08	3.013831523099269e-06	0.0014366617364789	-8.611081959179995e-05	2.0639969450625685e-06	7.415073250771517e-09	0.0	0.0	0.0	0.0	0.0	0.0	0.0	0.0	0.0
