
Fri Mar 13 07:36:36 CET 2026
cd /out/sourcedata/freesurfer/sub-v2s4x29624_ses-1
setenv SUBJECTS_DIR /out/sourcedata/freesurfer
/opt/freesurfer/bin/recon-all -autorecon-hemi lh -noparcstats -noparcstats2 -noparcstats3 -nohyporelabel -nobalabels -lh-only -openmp 16 -subjid sub-v2s4x29624_ses-1 -sd /out/sourcedata/freesurfer

subjid sub-v2s4x29624_ses-1
setenv SUBJECTS_DIR /out/sourcedata/freesurfer
FREESURFER_HOME /opt/freesurfer
Actual FREESURFER_HOME /opt/freesurfer
build-stamp.txt: freesurfer-linux-ubuntu22_x86_64-7.3.2-20220804-6354275
Linux dna017 5.14.0-427.37.1.el9_4.x86_64 #1 SMP PREEMPT_DYNAMIC Fri Sep 13 12:41:50 EDT 2024 x86_64 x86_64 x86_64 GNU/Linux
cputime      unlimited
filesize     unlimited
datasize     unlimited
stacksize    8192 kbytes
coredumpsize 0 kbytes
memoryuse    67108864 kbytes
vmemoryuse   unlimited
descriptors  1024 
memorylocked unlimited
maxproc      2061970 
maxlocks     unlimited
maxsignal    2061970 
maxmessage   819200 
maxnice      0 
maxrtprio    0 
maxrttime    unlimited

               total        used        free      shared  buff/cache   available
Mem:           503Gi        48Gi       407Gi        13Gi        47Gi       438Gi
Swap:             0B          0B          0B

########################################
program versions used
7.3.2 (freesurfer-linux-ubuntu22_x86_64-7.3.2-20220804-6354275)
7.3.2

ProgramName: lta_convert  ProgramArguments: lta_convert -all-info  ProgramVersion: 7.3.2  TimeStamp: 2026/03/13-06:36:36-GMT  BuildTime: Aug  4 2022 06:17:15  BuildStamp: freesurfer-linux-ubuntu22_x86_64-7.3.2-20220804-6354275  User: oesteban  Machine: dna017  Platform: Linux  PlatformVersion: 5.14.0-427.37.1.el9_4.x86_64  CompilerName: GCC  CompilerVersion: 8.4.0
ProgramName: mri_and  ProgramArguments: mri_and -all-info  ProgramVersion: 7.3.2  TimeStamp: 2026/03/13-06:36:36-GMT  BuildTime: Aug  4 2022 06:17:15  BuildStamp: freesurfer-linux-ubuntu22_x86_64-7.3.2-20220804-6354275  User: oesteban  Machine: dna017  Platform: Linux  PlatformVersion: 5.14.0-427.37.1.el9_4.x86_64  CompilerName: GCC  CompilerVersion: 8.4.0
ProgramName: mri_annotation2label  ProgramArguments: mri_annotation2label -all-info  ProgramVersion: 7.3.2  TimeStamp: 2026/03/13-06:36:36-GMT  BuildTime: Aug  4 2022 06:17:15  BuildStamp: freesurfer-linux-ubuntu22_x86_64-7.3.2-20220804-6354275  User: oesteban  Machine: dna017  Platform: Linux  PlatformVersion: 5.14.0-427.37.1.el9_4.x86_64  CompilerName: GCC  CompilerVersion: 8.4.0
ProgramName: mri_aparc2aseg  ProgramArguments: mri_aparc2aseg -all-info  ProgramVersion: 7.3.2  TimeStamp: 2026/03/13-06:36:36-GMT  BuildTime: Aug  4 2022 06:17:15  BuildStamp: freesurfer-linux-ubuntu22_x86_64-7.3.2-20220804-6354275  User: oesteban  Machine: dna017  Platform: Linux  PlatformVersion: 5.14.0-427.37.1.el9_4.x86_64  CompilerName: GCC  CompilerVersion: 8.4.0
ProgramName: mri_surf2volseg  ProgramArguments: mri_surf2volseg -all-info  ProgramVersion: 7.3.2  TimeStamp: 2026/03/13-06:36:36-GMT  BuildTime: Aug  4 2022 06:17:15  BuildStamp: freesurfer-linux-ubuntu22_x86_64-7.3.2-20220804-6354275  User: oesteban  Machine: dna017  Platform: Linux  PlatformVersion: 5.14.0-427.37.1.el9_4.x86_64  CompilerName: GCC  CompilerVersion: 8.4.0
ProgramName: mri_binarize  ProgramArguments: mri_binarize -all-info  ProgramVersion: 7.3.2  TimeStamp: 2026/03/13-06:36:36-GMT  BuildTime: Aug  4 2022 06:17:15  BuildStamp: freesurfer-linux-ubuntu22_x86_64-7.3.2-20220804-6354275  User: oesteban  Machine: dna017  Platform: Linux  PlatformVersion: 5.14.0-427.37.1.el9_4.x86_64  CompilerName: GCC  CompilerVersion: 8.4.0
ProgramName: mri_ca_label  ProgramArguments: mri_ca_label -all-info  ProgramVersion: 7.3.2  TimeStamp: 2026/03/13-06:36:36-GMT  BuildTime: Aug  4 2022 06:17:15  BuildStamp: freesurfer-linux-ubuntu22_x86_64-7.3.2-20220804-6354275  User: oesteban  Machine: dna017  Platform: Linux  PlatformVersion: 5.14.0-427.37.1.el9_4.x86_64  CompilerName: GCC  CompilerVersion: 8.4.0
ProgramName: mri_ca_normalize  ProgramArguments: mri_ca_normalize -all-info  ProgramVersion: 7.3.2  TimeStamp: 2026/03/13-06:36:36-GMT  BuildTime: Aug  4 2022 06:17:15  BuildStamp: freesurfer-linux-ubuntu22_x86_64-7.3.2-20220804-6354275  User: oesteban  Machine: dna017  Platform: Linux  PlatformVersion: 5.14.0-427.37.1.el9_4.x86_64  CompilerName: GCC  CompilerVersion: 8.4.0
ProgramName: mri_ca_register  ProgramArguments: mri_ca_register -all-info  ProgramVersion: 7.3.2  TimeStamp: 2026/03/13-06:36:36-GMT  BuildTime: Aug  4 2022 06:17:15  BuildStamp: freesurfer-linux-ubuntu22_x86_64-7.3.2-20220804-6354275  User: oesteban  Machine: dna017  Platform: Linux  PlatformVersion: 5.14.0-427.37.1.el9_4.x86_64  CompilerName: GCC  CompilerVersion: 8.4.0
ProgramName: mri_cc  ProgramArguments: mri_cc -all-info  ProgramVersion: 7.3.2  TimeStamp: 2026/03/13-06:36:36-GMT  BuildTime: Aug  4 2022 06:17:15  BuildStamp: freesurfer-linux-ubuntu22_x86_64-7.3.2-20220804-6354275  User: oesteban  Machine: dna017  Platform: Linux  PlatformVersion: 5.14.0-427.37.1.el9_4.x86_64  CompilerName: GCC  CompilerVersion: 8.4.0
ProgramName: mri_compute_overlap  ProgramArguments: mri_compute_overlap -all-info  ProgramVersion: 7.3.2  TimeStamp: 2026/03/13-06:36:36-GMT  BuildTime: Aug  4 2022 06:17:15  BuildStamp: freesurfer-linux-ubuntu22_x86_64-7.3.2-20220804-6354275  User: oesteban  Machine: dna017  Platform: Linux  PlatformVersion: 5.14.0-427.37.1.el9_4.x86_64  CompilerName: GCC  CompilerVersion: 8.4.0
ProgramName: mri_compute_seg_overlap  ProgramArguments: mri_compute_seg_overlap -all-info  ProgramVersion: 7.3.2  TimeStamp: 2026/03/13-06:36:36-GMT  BuildTime: Aug  4 2022 06:17:15  BuildStamp: freesurfer-linux-ubuntu22_x86_64-7.3.2-20220804-6354275  User: oesteban  Machine: dna017  Platform: Linux  PlatformVersion: 5.14.0-427.37.1.el9_4.x86_64  CompilerName: GCC  CompilerVersion: 8.4.0
ProgramName: mri_concat  ProgramArguments: mri_concat -all-info  ProgramVersion: 7.3.2  TimeStamp: 2026/03/13-06:36:36-GMT  BuildTime: Aug  4 2022 06:17:15  BuildStamp: freesurfer-linux-ubuntu22_x86_64-7.3.2-20220804-6354275  User: oesteban  Machine: dna017  Platform: Linux  PlatformVersion: 5.14.0-427.37.1.el9_4.x86_64  CompilerName: GCC  CompilerVersion: 8.4.0
ProgramName: mri_concatenate_lta  ProgramArguments: mri_concatenate_lta -all-info  ProgramVersion: 7.3.2  TimeStamp: 2026/03/13-06:36:36-GMT  BuildTime: Aug  4 2022 06:17:15  BuildStamp: freesurfer-linux-ubuntu22_x86_64-7.3.2-20220804-6354275  User: oesteban  Machine: dna017  Platform: Linux  PlatformVersion: 5.14.0-427.37.1.el9_4.x86_64  CompilerName: GCC  CompilerVersion: 8.4.0
mri_convert -all-info 
ProgramName: mri_convert  ProgramArguments: mri_convert -all-info  ProgramVersion: 7.3.2  TimeStamp: 2026/03/13-06:36:36-GMT  BuildTime: Aug  4 2022 06:17:15  BuildStamp: freesurfer-linux-ubuntu22_x86_64-7.3.2-20220804-6354275  User: oesteban  Machine: dna017  Platform: Linux  PlatformVersion: 5.14.0-427.37.1.el9_4.x86_64  CompilerName: GCC  CompilerVersion: 8.4.0
ProgramName: mri_diff  ProgramArguments: mri_diff -all-info  ProgramVersion: 7.3.2  TimeStamp: 2026/03/13-06:36:36-GMT  BuildTime: Aug  4 2022 06:17:15  BuildStamp: freesurfer-linux-ubuntu22_x86_64-7.3.2-20220804-6354275  User: oesteban  Machine: dna017  Platform: Linux  PlatformVersion: 5.14.0-427.37.1.el9_4.x86_64  CompilerName: GCC  CompilerVersion: 8.4.0
ProgramName: mri_edit_wm_with_aseg  ProgramArguments: mri_edit_wm_with_aseg -all-info  ProgramVersion: 7.3.2  TimeStamp: 2026/03/13-06:36:36-GMT  BuildTime: Aug  4 2022 06:17:15  BuildStamp: freesurfer-linux-ubuntu22_x86_64-7.3.2-20220804-6354275  User: oesteban  Machine: dna017  Platform: Linux  PlatformVersion: 5.14.0-427.37.1.el9_4.x86_64  CompilerName: GCC  CompilerVersion: 8.4.0
ProgramName: mri_em_register  ProgramArguments: mri_em_register -all-info  ProgramVersion: 7.3.2  TimeStamp: 2026/03/13-06:36:36-GMT  BuildTime: Aug  4 2022 06:17:15  BuildStamp: freesurfer-linux-ubuntu22_x86_64-7.3.2-20220804-6354275  User: oesteban  Machine: dna017  Platform: Linux  PlatformVersion: 5.14.0-427.37.1.el9_4.x86_64  CompilerName: GCC  CompilerVersion: 8.4.0
ProgramName: mri_fill  ProgramArguments: mri_fill -all-info  ProgramVersion: 7.3.2  TimeStamp: 2026/03/13-06:36:36-GMT  BuildTime: Aug  4 2022 06:17:15  BuildStamp: freesurfer-linux-ubuntu22_x86_64-7.3.2-20220804-6354275  User: oesteban  Machine: dna017  Platform: Linux  PlatformVersion: 5.14.0-427.37.1.el9_4.x86_64  CompilerName: GCC  CompilerVersion: 8.4.0
ProgramName: mri_fuse_segmentations  ProgramArguments: mri_fuse_segmentations -all-info  ProgramVersion: 7.3.2  TimeStamp: 2026/03/13-06:36:36-GMT  BuildTime: Aug  4 2022 06:17:15  BuildStamp: freesurfer-linux-ubuntu22_x86_64-7.3.2-20220804-6354275  User: oesteban  Machine: dna017  Platform: Linux  PlatformVersion: 5.14.0-427.37.1.el9_4.x86_64  CompilerName: GCC  CompilerVersion: 8.4.0
ProgramName: mri_fwhm  ProgramArguments: mri_fwhm -all-info  ProgramVersion: 7.3.2  TimeStamp: 2026/03/13-06:36:36-GMT  BuildTime: Aug  4 2022 06:17:15  BuildStamp: freesurfer-linux-ubuntu22_x86_64-7.3.2-20220804-6354275  User: oesteban  Machine: dna017  Platform: Linux  PlatformVersion: 5.14.0-427.37.1.el9_4.x86_64  CompilerName: GCC  CompilerVersion: 8.4.0
ProgramName: mri_gcut  ProgramArguments: mri_gcut -all-info  ProgramVersion: 7.3.2  TimeStamp: 2026/03/13-06:36:36-GMT  BuildTime: Aug  4 2022 06:17:15  BuildStamp: freesurfer-linux-ubuntu22_x86_64-7.3.2-20220804-6354275  User: oesteban  Machine: dna017  Platform: Linux  PlatformVersion: 5.14.0-427.37.1.el9_4.x86_64  CompilerName: GCC  CompilerVersion: 8.4.0
ProgramName: mri_info  ProgramArguments: mri_info -all-info  ProgramVersion: 7.3.2  TimeStamp: 2026/03/13-06:36:36-GMT  BuildTime: Aug  4 2022 06:17:15  BuildStamp: freesurfer-linux-ubuntu22_x86_64-7.3.2-20220804-6354275  User: oesteban  Machine: dna017  Platform: Linux  PlatformVersion: 5.14.0-427.37.1.el9_4.x86_64  CompilerName: GCC  CompilerVersion: 8.4.0
ProgramName: mri_label2label  ProgramArguments: mri_label2label -all-info  ProgramVersion: 7.3.2  TimeStamp: 2026/03/13-06:36:36-GMT  BuildTime: Aug  4 2022 06:17:15  BuildStamp: freesurfer-linux-ubuntu22_x86_64-7.3.2-20220804-6354275  User: oesteban  Machine: dna017  Platform: Linux  PlatformVersion: 5.14.0-427.37.1.el9_4.x86_64  CompilerName: GCC  CompilerVersion: 8.4.0
ProgramName: mri_label2vol  ProgramArguments: mri_label2vol -all-info  ProgramVersion: 7.3.2  TimeStamp: 2026/03/13-06:36:36-GMT  BuildTime: Aug  4 2022 06:17:15  BuildStamp: freesurfer-linux-ubuntu22_x86_64-7.3.2-20220804-6354275  User: oesteban  Machine: dna017  Platform: Linux  PlatformVersion: 5.14.0-427.37.1.el9_4.x86_64  CompilerName: GCC  CompilerVersion: 8.4.0
ProgramName: mri_log_likelihood  ProgramArguments: mri_log_likelihood -all-info  ProgramVersion: 7.3.2  TimeStamp: 2026/03/13-06:36:36-GMT  BuildTime: Aug  4 2022 06:17:15  BuildStamp: freesurfer-linux-ubuntu22_x86_64-7.3.2-20220804-6354275  User: oesteban  Machine: dna017  Platform: Linux  PlatformVersion: 5.14.0-427.37.1.el9_4.x86_64  CompilerName: GCC  CompilerVersion: 8.4.0
ProgramName: mri_mask  ProgramArguments: mri_mask -all-info  ProgramVersion: 7.3.2  TimeStamp: 2026/03/13-06:36:36-GMT  BuildTime: Aug  4 2022 06:17:15  BuildStamp: freesurfer-linux-ubuntu22_x86_64-7.3.2-20220804-6354275  User: oesteban  Machine: dna017  Platform: Linux  PlatformVersion: 5.14.0-427.37.1.el9_4.x86_64  CompilerName: GCC  CompilerVersion: 8.4.0
ProgramName: mri_matrix_multiply  ProgramArguments: mri_matrix_multiply -all-info  ProgramVersion: 7.3.2  TimeStamp: 2026/03/13-06:36:36-GMT  BuildTime: Aug  4 2022 06:17:15  BuildStamp: freesurfer-linux-ubuntu22_x86_64-7.3.2-20220804-6354275  User: oesteban  Machine: dna017  Platform: Linux  PlatformVersion: 5.14.0-427.37.1.el9_4.x86_64  CompilerName: GCC  CompilerVersion: 8.4.0
ProgramName: mri_normalize  ProgramArguments: mri_normalize -all-info  ProgramVersion: 7.3.2  TimeStamp: 2026/03/13-06:36:36-GMT  BuildTime: Aug  4 2022 06:17:15  BuildStamp: freesurfer-linux-ubuntu22_x86_64-7.3.2-20220804-6354275  User: oesteban  Machine: dna017  Platform: Linux  PlatformVersion: 5.14.0-427.37.1.el9_4.x86_64  CompilerName: GCC  CompilerVersion: 8.4.0
ProgramName: mri_normalize_tp2  ProgramArguments: mri_normalize_tp2 -all-info  ProgramVersion: 7.3.2  TimeStamp: 2026/03/13-06:36:36-GMT  BuildTime: Aug  4 2022 06:17:15  BuildStamp: freesurfer-linux-ubuntu22_x86_64-7.3.2-20220804-6354275  User: oesteban  Machine: dna017  Platform: Linux  PlatformVersion: 5.14.0-427.37.1.el9_4.x86_64  CompilerName: GCC  CompilerVersion: 8.4.0
ProgramName: mri_or  ProgramArguments: mri_or -all-info  ProgramVersion: 7.3.2  TimeStamp: 2026/03/13-06:36:36-GMT  BuildTime: Aug  4 2022 06:17:15  BuildStamp: freesurfer-linux-ubuntu22_x86_64-7.3.2-20220804-6354275  User: oesteban  Machine: dna017  Platform: Linux  PlatformVersion: 5.14.0-427.37.1.el9_4.x86_64  CompilerName: GCC  CompilerVersion: 8.4.0
ProgramName: mri_relabel_hypointensities  ProgramArguments: mri_relabel_hypointensities -all-info  ProgramVersion: 7.3.2  TimeStamp: 2026/03/13-06:36:36-GMT  BuildTime: Aug  4 2022 06:17:15  BuildStamp: freesurfer-linux-ubuntu22_x86_64-7.3.2-20220804-6354275  User: oesteban  Machine: dna017  Platform: Linux  PlatformVersion: 5.14.0-427.37.1.el9_4.x86_64  CompilerName: GCC  CompilerVersion: 8.4.0
ProgramName: mri_relabel_nonwm_hypos  ProgramArguments: mri_relabel_nonwm_hypos -all-info  ProgramVersion: 7.3.2  TimeStamp: 2026/03/13-06:36:36-GMT  BuildTime: Aug  4 2022 06:17:15  BuildStamp: freesurfer-linux-ubuntu22_x86_64-7.3.2-20220804-6354275  User: oesteban  Machine: dna017  Platform: Linux  PlatformVersion: 5.14.0-427.37.1.el9_4.x86_64  CompilerName: GCC  CompilerVersion: 8.4.0
ProgramName: mri_remove_neck  ProgramArguments: mri_remove_neck -all-info  ProgramVersion: 7.3.2  TimeStamp: 2026/03/13-06:36:36-GMT  BuildTime: Aug  4 2022 06:17:15  BuildStamp: freesurfer-linux-ubuntu22_x86_64-7.3.2-20220804-6354275  User: oesteban  Machine: dna017  Platform: Linux  PlatformVersion: 5.14.0-427.37.1.el9_4.x86_64  CompilerName: GCC  CompilerVersion: 8.4.0
7.3.2

ProgramName: mri_robust_register  ProgramArguments: mri_robust_register -all-info  ProgramVersion: 7.3.2  TimeStamp: 2026/03/13-06:36:36-GMT  BuildTime: Aug  4 2022 06:17:15  BuildStamp: freesurfer-linux-ubuntu22_x86_64-7.3.2-20220804-6354275  User: oesteban  Machine: dna017  Platform: Linux  PlatformVersion: 5.14.0-427.37.1.el9_4.x86_64  CompilerName: GCC  CompilerVersion: 8.4.0
7.3.2

ProgramName: mri_robust_template  ProgramArguments: mri_robust_template -all-info  ProgramVersion: 7.3.2  TimeStamp: 2026/03/13-06:36:36-GMT  BuildTime: Aug  4 2022 06:17:15  BuildStamp: freesurfer-linux-ubuntu22_x86_64-7.3.2-20220804-6354275  User: oesteban  Machine: dna017  Platform: Linux  PlatformVersion: 5.14.0-427.37.1.el9_4.x86_64  CompilerName: GCC  CompilerVersion: 8.4.0
ProgramName: mris_anatomical_stats  ProgramArguments: mris_anatomical_stats -all-info  ProgramVersion: 7.3.2  TimeStamp: 2026/03/13-06:36:36-GMT  BuildTime: Aug  4 2022 06:17:15  BuildStamp: freesurfer-linux-ubuntu22_x86_64-7.3.2-20220804-6354275  User: oesteban  Machine: dna017  Platform: Linux  PlatformVersion: 5.14.0-427.37.1.el9_4.x86_64  CompilerName: GCC  CompilerVersion: 8.4.0
ProgramName: mris_ca_label  ProgramArguments: mris_ca_label -all-info  ProgramVersion: 7.3.2  TimeStamp: 2026/03/13-06:36:36-GMT  BuildTime: Aug  4 2022 06:17:15  BuildStamp: freesurfer-linux-ubuntu22_x86_64-7.3.2-20220804-6354275  User: oesteban  Machine: dna017  Platform: Linux  PlatformVersion: 5.14.0-427.37.1.el9_4.x86_64  CompilerName: GCC  CompilerVersion: 8.4.0
ProgramName: mris_calc  ProgramArguments: mris_calc -all-info  ProgramVersion: 7.3.2  TimeStamp: 2026/03/13-06:36:36-GMT  BuildTime: Aug  4 2022 06:17:15  BuildStamp: freesurfer-linux-ubuntu22_x86_64-7.3.2-20220804-6354275  User: oesteban  Machine: dna017  Platform: Linux  PlatformVersion: 5.14.0-427.37.1.el9_4.x86_64  CompilerName: GCC  CompilerVersion: 8.4.0
ProgramName: mris_convert  ProgramArguments: mris_convert -all-info  ProgramVersion: 7.3.2  TimeStamp: 2026/03/13-06:36:36-GMT  BuildTime: Aug  4 2022 06:17:15  BuildStamp: freesurfer-linux-ubuntu22_x86_64-7.3.2-20220804-6354275  User: oesteban  Machine: dna017  Platform: Linux  PlatformVersion: 5.14.0-427.37.1.el9_4.x86_64  CompilerName: GCC  CompilerVersion: 8.4.0
ProgramName: mris_curvature  ProgramArguments: mris_curvature -all-info  ProgramVersion: 7.3.2  TimeStamp: 2026/03/13-06:36:36-GMT  BuildTime: Aug  4 2022 06:17:15  BuildStamp: freesurfer-linux-ubuntu22_x86_64-7.3.2-20220804-6354275  User: oesteban  Machine: dna017  Platform: Linux  PlatformVersion: 5.14.0-427.37.1.el9_4.x86_64  CompilerName: GCC  CompilerVersion: 8.4.0
ProgramName: mris_curvature_stats  ProgramArguments: mris_curvature_stats -all-info  ProgramVersion: 7.3.2  TimeStamp: 2026/03/13-06:36:36-GMT  BuildTime: Aug  4 2022 06:17:15  BuildStamp: freesurfer-linux-ubuntu22_x86_64-7.3.2-20220804-6354275  User: oesteban  Machine: dna017  Platform: Linux  PlatformVersion: 5.14.0-427.37.1.el9_4.x86_64  CompilerName: GCC  CompilerVersion: 8.4.0
ProgramName: mris_diff  ProgramArguments: mris_diff -all-info  ProgramVersion: 7.3.2  TimeStamp: 2026/03/13-06:36:36-GMT  BuildTime: Aug  4 2022 06:17:15  BuildStamp: freesurfer-linux-ubuntu22_x86_64-7.3.2-20220804-6354275  User: oesteban  Machine: dna017  Platform: Linux  PlatformVersion: 5.14.0-427.37.1.el9_4.x86_64  CompilerName: GCC  CompilerVersion: 8.4.0
ProgramName: mris_divide_parcellation  ProgramArguments: mris_divide_parcellation -all-info  ProgramVersion: 7.3.2  TimeStamp: 2026/03/13-06:36:36-GMT  BuildTime: Aug  4 2022 06:17:15  BuildStamp: freesurfer-linux-ubuntu22_x86_64-7.3.2-20220804-6354275  User: oesteban  Machine: dna017  Platform: Linux  PlatformVersion: 5.14.0-427.37.1.el9_4.x86_64  CompilerName: GCC  CompilerVersion: 8.4.0
ProgramName: mri_segment  ProgramArguments: mri_segment -all-info  ProgramVersion: 7.3.2  TimeStamp: 2026/03/13-06:36:36-GMT  BuildTime: Aug  4 2022 06:17:15  BuildStamp: freesurfer-linux-ubuntu22_x86_64-7.3.2-20220804-6354275  User: oesteban  Machine: dna017  Platform: Linux  PlatformVersion: 5.14.0-427.37.1.el9_4.x86_64  CompilerName: GCC  CompilerVersion: 8.4.0
ProgramName: mri_segstats  ProgramArguments: mri_segstats -all-info  ProgramVersion: 7.3.2  TimeStamp: 2026/03/13-06:36:36-GMT  BuildTime: Aug  4 2022 06:17:15  BuildStamp: freesurfer-linux-ubuntu22_x86_64-7.3.2-20220804-6354275  User: oesteban  Machine: dna017  Platform: Linux  PlatformVersion: 5.14.0-427.37.1.el9_4.x86_64  CompilerName: GCC  CompilerVersion: 8.4.0
ProgramName: mris_euler_number  ProgramArguments: mris_euler_number -all-info  ProgramVersion: 7.3.2  TimeStamp: 2026/03/13-06:36:36-GMT  BuildTime: Aug  4 2022 06:17:15  BuildStamp: freesurfer-linux-ubuntu22_x86_64-7.3.2-20220804-6354275  User: oesteban  Machine: dna017  Platform: Linux  PlatformVersion: 5.14.0-427.37.1.el9_4.x86_64  CompilerName: GCC  CompilerVersion: 8.4.0
ProgramName: mris_fix_topology  ProgramArguments: mris_fix_topology -all-info  ProgramVersion: 7.3.2  TimeStamp: 2026/03/13-06:36:36-GMT  BuildTime: Aug  4 2022 06:17:15  BuildStamp: freesurfer-linux-ubuntu22_x86_64-7.3.2-20220804-6354275  User: oesteban  Machine: dna017  Platform: Linux  PlatformVersion: 5.14.0-427.37.1.el9_4.x86_64  CompilerName: GCC  CompilerVersion: 8.4.0
ProgramName: mris_topo_fixer  ProgramArguments: mris_topo_fixer -all-info  ProgramVersion: 7.3.2  TimeStamp: 2026/03/13-06:36:36-GMT  BuildTime: Aug  4 2022 06:17:15  BuildStamp: freesurfer-linux-ubuntu22_x86_64-7.3.2-20220804-6354275  User: oesteban  Machine: dna017  Platform: Linux  PlatformVersion: 5.14.0-427.37.1.el9_4.x86_64  CompilerName: GCC  CompilerVersion: 8.4.0
ProgramName: mris_jacobian  ProgramArguments: mris_jacobian -all-info  ProgramVersion: 7.3.2  TimeStamp: 2026/03/13-06:36:36-GMT  BuildTime: Aug  4 2022 06:17:15  BuildStamp: freesurfer-linux-ubuntu22_x86_64-7.3.2-20220804-6354275  User: oesteban  Machine: dna017  Platform: Linux  PlatformVersion: 5.14.0-427.37.1.el9_4.x86_64  CompilerName: GCC  CompilerVersion: 8.4.0
ProgramName: mris_label2annot  ProgramArguments: mris_label2annot -all-info  ProgramVersion: 7.3.2  TimeStamp: 2026/03/13-06:36:36-GMT  BuildTime: Aug  4 2022 06:17:15  BuildStamp: freesurfer-linux-ubuntu22_x86_64-7.3.2-20220804-6354275  User: oesteban  Machine: dna017  Platform: Linux  PlatformVersion: 5.14.0-427.37.1.el9_4.x86_64  CompilerName: GCC  CompilerVersion: 8.4.0
ProgramName: mris_left_right_register  ProgramArguments: mris_left_right_register -all-info  ProgramVersion: 7.3.2  TimeStamp: 2026/03/13-06:36:36-GMT  BuildTime: Aug  4 2022 06:17:15  BuildStamp: freesurfer-linux-ubuntu22_x86_64-7.3.2-20220804-6354275  User: oesteban  Machine: dna017  Platform: Linux  PlatformVersion: 5.14.0-427.37.1.el9_4.x86_64  CompilerName: GCC  CompilerVersion: 8.4.0
ProgramName: mris_place_surface  ProgramArguments: mris_place_surface -all-info  ProgramVersion: 7.3.2  TimeStamp: 2026/03/13-06:36:36-GMT  BuildTime: Aug  4 2022 06:17:15  BuildStamp: freesurfer-linux-ubuntu22_x86_64-7.3.2-20220804-6354275  User: oesteban  Machine: dna017  Platform: Linux  PlatformVersion: 5.14.0-427.37.1.el9_4.x86_64  CompilerName: GCC  CompilerVersion: 8.4.0
ProgramName: mrisp_paint  ProgramArguments: mrisp_paint -all-info  ProgramVersion: 7.3.2  TimeStamp: 2026/03/13-06:36:36-GMT  BuildTime: Aug  4 2022 06:17:15  BuildStamp: freesurfer-linux-ubuntu22_x86_64-7.3.2-20220804-6354275  User: oesteban  Machine: dna017  Platform: Linux  PlatformVersion: 5.14.0-427.37.1.el9_4.x86_64  CompilerName: GCC  CompilerVersion: 8.4.0
ProgramName: mris_register  ProgramArguments: mris_register -all-info  ProgramVersion: 7.3.2  TimeStamp: 2026/03/13-06:36:36-GMT  BuildTime: Aug  4 2022 06:17:15  BuildStamp: freesurfer-linux-ubuntu22_x86_64-7.3.2-20220804-6354275  User: oesteban  Machine: dna017  Platform: Linux  PlatformVersion: 5.14.0-427.37.1.el9_4.x86_64  CompilerName: GCC  CompilerVersion: 8.4.0
ProgramName: mris_smooth  ProgramArguments: mris_smooth -all-info  ProgramVersion: 7.3.2  TimeStamp: 2026/03/13-06:36:36-GMT  BuildTime: Aug  4 2022 06:17:15  BuildStamp: freesurfer-linux-ubuntu22_x86_64-7.3.2-20220804-6354275  User: oesteban  Machine: dna017  Platform: Linux  PlatformVersion: 5.14.0-427.37.1.el9_4.x86_64  CompilerName: GCC  CompilerVersion: 8.4.0
ProgramName: mris_sphere  ProgramArguments: mris_sphere -all-info  ProgramVersion: 7.3.2  TimeStamp: 2026/03/13-06:36:36-GMT  BuildTime: Aug  4 2022 06:17:15  BuildStamp: freesurfer-linux-ubuntu22_x86_64-7.3.2-20220804-6354275  User: oesteban  Machine: dna017  Platform: Linux  PlatformVersion: 5.14.0-427.37.1.el9_4.x86_64  CompilerName: GCC  CompilerVersion: 8.4.0
ProgramName: mris_surface_stats  ProgramArguments: mris_surface_stats -all-info  ProgramVersion: 7.3.2  TimeStamp: 2026/03/13-06:36:36-GMT  BuildTime: Aug  4 2022 06:17:15  BuildStamp: freesurfer-linux-ubuntu22_x86_64-7.3.2-20220804-6354275  User: oesteban  Machine: dna017  Platform: Linux  PlatformVersion: 5.14.0-427.37.1.el9_4.x86_64  CompilerName: GCC  CompilerVersion: 8.4.0
ProgramName: mri_stats2seg  ProgramArguments: mri_stats2seg -all-info  ProgramVersion: 7.3.2  TimeStamp: 2026/03/13-06:36:36-GMT  BuildTime: Aug  4 2022 06:17:15  BuildStamp: freesurfer-linux-ubuntu22_x86_64-7.3.2-20220804-6354275  User: oesteban  Machine: dna017  Platform: Linux  PlatformVersion: 5.14.0-427.37.1.el9_4.x86_64  CompilerName: GCC  CompilerVersion: 8.4.0
ProgramName: mris_thickness  ProgramArguments: mris_thickness -all-info  ProgramVersion: 7.3.2  TimeStamp: 2026/03/13-06:36:36-GMT  BuildTime: Aug  4 2022 06:17:15  BuildStamp: freesurfer-linux-ubuntu22_x86_64-7.3.2-20220804-6354275  User: oesteban  Machine: dna017  Platform: Linux  PlatformVersion: 5.14.0-427.37.1.el9_4.x86_64  CompilerName: GCC  CompilerVersion: 8.4.0
ProgramName: mris_thickness_diff  ProgramArguments: mris_thickness_diff -all-info  ProgramVersion: 7.3.2  TimeStamp: 2026/03/13-06:36:36-GMT  BuildTime: Aug  4 2022 06:17:15  BuildStamp: freesurfer-linux-ubuntu22_x86_64-7.3.2-20220804-6354275  User: oesteban  Machine: dna017  Platform: Linux  PlatformVersion: 5.14.0-427.37.1.el9_4.x86_64  CompilerName: GCC  CompilerVersion: 8.4.0
ProgramName: mris_topo_fixer  ProgramArguments: mris_topo_fixer -all-info  ProgramVersion: 7.3.2  TimeStamp: 2026/03/13-06:36:36-GMT  BuildTime: Aug  4 2022 06:17:15  BuildStamp: freesurfer-linux-ubuntu22_x86_64-7.3.2-20220804-6354275  User: oesteban  Machine: dna017  Platform: Linux  PlatformVersion: 5.14.0-427.37.1.el9_4.x86_64  CompilerName: GCC  CompilerVersion: 8.4.0
ProgramName: mri_surf2surf  ProgramArguments: mri_surf2surf -all-info  ProgramVersion: 7.3.2  TimeStamp: 2026/03/13-06:36:36-GMT  BuildTime: Aug  4 2022 06:17:15  BuildStamp: freesurfer-linux-ubuntu22_x86_64-7.3.2-20220804-6354275  User: oesteban  Machine: dna017  Platform: Linux  PlatformVersion: 5.14.0-427.37.1.el9_4.x86_64  CompilerName: GCC  CompilerVersion: 8.4.0
ProgramName: mri_surf2vol  ProgramArguments: mri_surf2vol -all-info  ProgramVersion: 7.3.2  TimeStamp: 2026/03/13-06:36:36-GMT  BuildTime: Aug  4 2022 06:17:15  BuildStamp: freesurfer-linux-ubuntu22_x86_64-7.3.2-20220804-6354275  User: oesteban  Machine: dna017  Platform: Linux  PlatformVersion: 5.14.0-427.37.1.el9_4.x86_64  CompilerName: GCC  CompilerVersion: 8.4.0
ProgramName: mri_surfcluster  ProgramArguments: mri_surfcluster -all-info  ProgramVersion: 7.3.2  TimeStamp: 2026/03/13-06:36:36-GMT  BuildTime: Aug  4 2022 06:17:15  BuildStamp: freesurfer-linux-ubuntu22_x86_64-7.3.2-20220804-6354275  User: oesteban  Machine: dna017  Platform: Linux  PlatformVersion: 5.14.0-427.37.1.el9_4.x86_64  CompilerName: GCC  CompilerVersion: 8.4.0
ProgramName: mris_volmask  ProgramArguments: mris_volmask -all-info  ProgramVersion: 7.3.2  TimeStamp: 2026/03/13-06:36:36-GMT  BuildTime: Aug  4 2022 06:17:15  BuildStamp: freesurfer-linux-ubuntu22_x86_64-7.3.2-20220804-6354275  User: oesteban  Machine: dna017  Platform: Linux  PlatformVersion: 5.14.0-427.37.1.el9_4.x86_64  CompilerName: GCC  CompilerVersion: 8.4.0
ProgramName: mri_tessellate  ProgramArguments: mri_tessellate -all-info  ProgramVersion: 7.3.2  TimeStamp: 2026/03/13-06:36:36-GMT  BuildTime: Aug  4 2022 06:17:15  BuildStamp: freesurfer-linux-ubuntu22_x86_64-7.3.2-20220804-6354275  User: oesteban  Machine: dna017  Platform: Linux  PlatformVersion: 5.14.0-427.37.1.el9_4.x86_64  CompilerName: GCC  CompilerVersion: 8.4.0
ProgramName: mri_vol2surf  ProgramArguments: mri_vol2surf -all-info  ProgramVersion: 7.3.2  TimeStamp: 2026/03/13-06:36:36-GMT  BuildTime: Aug  4 2022 06:17:15  BuildStamp: freesurfer-linux-ubuntu22_x86_64-7.3.2-20220804-6354275  User: oesteban  Machine: dna017  Platform: Linux  PlatformVersion: 5.14.0-427.37.1.el9_4.x86_64  CompilerName: GCC  CompilerVersion: 8.4.0
ProgramName: mri_vol2vol  ProgramArguments: mri_vol2vol -all-info  ProgramVersion: 7.3.2  TimeStamp: 2026/03/13-06:36:36-GMT  BuildTime: Aug  4 2022 06:17:15  BuildStamp: freesurfer-linux-ubuntu22_x86_64-7.3.2-20220804-6354275  User: oesteban  Machine: dna017  Platform: Linux  PlatformVersion: 5.14.0-427.37.1.el9_4.x86_64  CompilerName: GCC  CompilerVersion: 8.4.0
ProgramName: mri_voldiff  ProgramArguments: mri_voldiff -all-info  ProgramVersion: 7.3.2  TimeStamp: 2026/03/13-06:36:36-GMT  BuildTime: Aug  4 2022 06:17:15  BuildStamp: freesurfer-linux-ubuntu22_x86_64-7.3.2-20220804-6354275  User: oesteban  Machine: dna017  Platform: Linux  PlatformVersion: 5.14.0-427.37.1.el9_4.x86_64  CompilerName: GCC  CompilerVersion: 8.4.0
ProgramName: mri_watershed  ProgramArguments: mri_watershed -all-info  ProgramVersion: 7.3.2  TimeStamp: 2026/03/13-06:36:36-GMT  BuildTime: Aug  4 2022 06:17:15  BuildStamp: freesurfer-linux-ubuntu22_x86_64-7.3.2-20220804-6354275  User: oesteban  Machine: dna017  Platform: Linux  PlatformVersion: 5.14.0-427.37.1.el9_4.x86_64  CompilerName: GCC  CompilerVersion: 8.4.0
ProgramName: tkregister2  ProgramArguments: tkregister2_cmdl -all-info  ProgramVersion: 7.3.2  TimeStamp: 2026/03/13-06:36:36-GMT  BuildTime: Aug  4 2022 06:17:15  BuildStamp: freesurfer-linux-ubuntu22_x86_64-7.3.2-20220804-6354275  User: oesteban  Machine: dna017  Platform: Linux  PlatformVersion: 5.14.0-427.37.1.el9_4.x86_64  CompilerName: GCC  CompilerVersion: 8.4.0
mri_motion_correct.fsl 7.3.2
mri_convert -all-info 
ProgramName: mri_convert  ProgramArguments: mri_convert -all-info  ProgramVersion: 7.3.2  TimeStamp: 2026/03/13-06:36:36-GMT  BuildTime: Aug  4 2022 06:17:15  BuildStamp: freesurfer-linux-ubuntu22_x86_64-7.3.2-20220804-6354275  User: oesteban  Machine: dna017  Platform: Linux  PlatformVersion: 5.14.0-427.37.1.el9_4.x86_64  CompilerName: GCC  CompilerVersion: 8.4.0
Program nu_correct, built from:
Package MNI N3, version 1.12.0, compiled by nicks@terrier (x86_64-unknown-linux-gnu) on 2015-06-19 at 01:25:34
#######################################
GCADIR /opt/freesurfer/average
GCA RB_all_2020-01-02.gca
GCASkull RB_all_withskull_2020_01_02.gca
AvgCurvTif folding.atlas.acfb40.noaparc.i12.2016-08-02.tif
GCSDIR /opt/freesurfer/average
GCS DKaparc.atlas.acfb40.noaparc.i12.2016-08-02.gcs
#######################################
#--------------------------------------------
#@# Tessellate lh Fri Mar 13 07:36:36 CET 2026
/out/sourcedata/freesurfer/sub-v2s4x29624_ses-1/scripts

 mri_pretess ../mri/filled.mgz 255 ../mri/norm.mgz ../mri/filled-pretess255.mgz 


Iteration Number : 1
pass   1 (xy+):   0 found -   0 modified     |    TOTAL:   0
pass   1 (xy-):   1 found -   1 modified     |    TOTAL:   1
pass   2 (xy-):   0 found -   1 modified     |    TOTAL:   1
pass   1 (yz+):   1 found -   1 modified     |    TOTAL:   2
pass   2 (yz+):   0 found -   1 modified     |    TOTAL:   2
pass   1 (yz-):   5 found -   5 modified     |    TOTAL:   7
pass   2 (yz-):   0 found -   5 modified     |    TOTAL:   7
pass   1 (xz+):   1 found -   1 modified     |    TOTAL:   8
pass   2 (xz+):   0 found -   1 modified     |    TOTAL:   8
pass   1 (xz-):   0 found -   0 modified     |    TOTAL:   8
Iteration Number : 1
pass   1 (+++):   0 found -   0 modified     |    TOTAL:   0
pass   1 (+++):   0 found -   0 modified     |    TOTAL:   0
pass   1 (+++):   0 found -   0 modified     |    TOTAL:   0
pass   1 (+++):   0 found -   0 modified     |    TOTAL:   0
Iteration Number : 1
pass   1 (++):   0 found -   0 modified     |    TOTAL:   0
pass   1 (+-):   0 found -   0 modified     |    TOTAL:   0
pass   1 (--):   0 found -   0 modified     |    TOTAL:   0
pass   1 (-+):   0 found -   0 modified     |    TOTAL:   0
Iteration Number : 2
pass   1 (xy+):   0 found -   0 modified     |    TOTAL:   0
pass   1 (xy-):   0 found -   0 modified     |    TOTAL:   0
pass   1 (yz+):   1 found -   1 modified     |    TOTAL:   1
pass   2 (yz+):   0 found -   1 modified     |    TOTAL:   1
pass   1 (yz-):   0 found -   0 modified     |    TOTAL:   1
pass   1 (xz+):   0 found -   0 modified     |    TOTAL:   1
pass   1 (xz-):   0 found -   0 modified     |    TOTAL:   1
Iteration Number : 2
pass   1 (+++):   0 found -   0 modified     |    TOTAL:   0
pass   1 (+++):   0 found -   0 modified     |    TOTAL:   0
pass   1 (+++):   0 found -   0 modified     |    TOTAL:   0
pass   1 (+++):   0 found -   0 modified     |    TOTAL:   0
Iteration Number : 2
pass   1 (++):   0 found -   0 modified     |    TOTAL:   0
pass   1 (+-):   0 found -   0 modified     |    TOTAL:   0
pass   1 (--):   0 found -   0 modified     |    TOTAL:   0
pass   1 (-+):   0 found -   0 modified     |    TOTAL:   0
Iteration Number : 3
pass   1 (xy+):   0 found -   0 modified     |    TOTAL:   0
pass   1 (xy-):   0 found -   0 modified     |    TOTAL:   0
pass   1 (yz+):   0 found -   0 modified     |    TOTAL:   0
pass   1 (yz-):   0 found -   0 modified     |    TOTAL:   0
pass   1 (xz+):   0 found -   0 modified     |    TOTAL:   0
pass   1 (xz-):   0 found -   0 modified     |    TOTAL:   0
Iteration Number : 3
pass   1 (+++):   0 found -   0 modified     |    TOTAL:   0
pass   1 (+++):   0 found -   0 modified     |    TOTAL:   0
pass   1 (+++):   0 found -   0 modified     |    TOTAL:   0
pass   1 (+++):   0 found -   0 modified     |    TOTAL:   0
Iteration Number : 3
pass   1 (++):   0 found -   0 modified     |    TOTAL:   0
pass   1 (+-):   0 found -   0 modified     |    TOTAL:   0
pass   1 (--):   0 found -   0 modified     |    TOTAL:   0
pass   1 (-+):   0 found -   0 modified     |    TOTAL:   0

Total Number of Modified Voxels = 9 (out of 233687: 0.003851)
Ambiguous edge configurations... 

mri_pretess done


 mri_tessellate ../mri/filled-pretess255.mgz 255 ../surf/lh.orig.nofix 

7.3.2
  7.3.2
slice 50: 1156 vertices, 1231 faces
slice 60: 5123 vertices, 5302 faces
slice 70: 11732 vertices, 11987 faces
slice 80: 19352 vertices, 19643 faces
slice 90: 28600 vertices, 28927 faces
slice 100: 38208 vertices, 38534 faces
slice 110: 48888 vertices, 49272 faces
slice 120: 60393 vertices, 60804 faces
slice 130: 71560 vertices, 71990 faces
slice 140: 82688 vertices, 83070 faces
slice 150: 93395 vertices, 93758 faces
slice 160: 101203 vertices, 101495 faces
slice 170: 108523 vertices, 108784 faces
slice 180: 114671 vertices, 114924 faces
slice 190: 120091 vertices, 120314 faces
slice 200: 123853 vertices, 124018 faces
slice 210: 124634 vertices, 124696 faces
slice 220: 124634 vertices, 124696 faces
slice 230: 124634 vertices, 124696 faces
slice 240: 124634 vertices, 124696 faces
slice 250: 124634 vertices, 124696 faces
using the conformed surface RAS to save vertex points...
writing ../surf/lh.orig.nofix
using vox2ras matrix:
-1.00000   0.00000   0.00000   128.00000;
 0.00000   0.00000   1.00000  -128.00000;
 0.00000  -1.00000   0.00000   128.00000;
 0.00000   0.00000   0.00000   1.00000;

 rm -f ../mri/filled-pretess255.mgz 


 mris_extract_main_component ../surf/lh.orig.nofix ../surf/lh.orig.nofix 


counting number of connected components...
   124634 voxel in cpt #1: X=-62 [v=124634,e=374088,f=249392] located at (-28.255211, -6.572364, 44.592205)
For the whole surface: X=-62 [v=124634,e=374088,f=249392]
One single component has been found
nothing to do
done

#--------------------------------------------
#@# Smooth1 lh Fri Mar 13 07:36:40 CET 2026
/out/sourcedata/freesurfer/sub-v2s4x29624_ses-1/scripts

 mris_smooth -nw -seed 1234 ../surf/lh.orig.nofix ../surf/lh.smoothwm.nofix 

setting seed for random number generator to 1234
smoothing surface tessellation for 10 iterations...
smoothing complete - recomputing first and second fundamental forms...
#--------------------------------------------
#@# Inflation1 lh Fri Mar 13 07:36:43 CET 2026
/out/sourcedata/freesurfer/sub-v2s4x29624_ses-1/scripts

 mris_inflate -no-save-sulc ../surf/lh.smoothwm.nofix ../surf/lh.inflated.nofix 

Not saving sulc
Reading ../surf/lh.smoothwm.nofix
avg radius = 44.4 mm, total surface area = 66656 mm^2
step 000: RMS=0.153 (target=0.015)   step 005: RMS=0.115 (target=0.015)   step 010: RMS=0.087 (target=0.015)   step 015: RMS=0.074 (target=0.015)   step 020: RMS=0.065 (target=0.015)   step 025: RMS=0.058 (target=0.015)   step 030: RMS=0.053 (target=0.015)   step 035: RMS=0.050 (target=0.015)   step 040: RMS=0.047 (target=0.015)   step 045: RMS=0.045 (target=0.015)   step 050: RMS=0.044 (target=0.015)   step 055: RMS=0.043 (target=0.015)   step 060: RMS=0.043 (target=0.015)   writing inflated surface to ../surf/lh.inflated.nofix
inflation took 0.3 minutes

inflation complete.
Not saving sulc
mris_inflate utimesec    128.939241
mris_inflate stimesec    1.579428
mris_inflate ru_maxrss   198284
mris_inflate ru_ixrss    0
mris_inflate ru_idrss    0
mris_inflate ru_isrss    0
mris_inflate ru_minflt   531072
mris_inflate ru_majflt   34
mris_inflate ru_nswap    0
mris_inflate ru_inblock  1672
mris_inflate ru_oublock  8776
mris_inflate ru_msgsnd   0
mris_inflate ru_msgrcv   0
mris_inflate ru_nsignals 0
mris_inflate ru_nvcsw    16704
mris_inflate ru_nivcsw   1215
#--------------------------------------------
#@# QSphere lh Fri Mar 13 07:37:03 CET 2026
/out/sourcedata/freesurfer/sub-v2s4x29624_ses-1/scripts

 mris_sphere -q -p 6 -a 128 -seed 1234 ../surf/lh.inflated.nofix ../surf/lh.qsphere.nofix 

doing quick spherical unfolding.
limitting unfolding to 6 passes
using n_averages = 128
setting seed for random number genererator to 1234
version: 7.3.2
available threads: 16
scaling brain by 0.314...
inflating...
projecting onto sphere...
surface projected - minimizing metric distortion...
vertex spacing 1.03 +- 0.59 (0.00-->6.89) (max @ vno 41937 --> 43001)
face area 0.03 +- 0.03 (-0.32-->0.62)
Entering MRISinflateToSphere()
inflating to sphere (rms error < 2.00)
000: dt: 0.0000, rms radial error=177.428, avgs=0
005/300: dt: 0.9000, rms radial error=177.167, avgs=0
010/300: dt: 0.9000, rms radial error=176.606, avgs=0
015/300: dt: 0.9000, rms radial error=175.870, avgs=0
020/300: dt: 0.9000, rms radial error=175.030, avgs=0
025/300: dt: 0.9000, rms radial error=174.133, avgs=0
030/300: dt: 0.9000, rms radial error=173.202, avgs=0
035/300: dt: 0.9000, rms radial error=172.258, avgs=0
040/300: dt: 0.9000, rms radial error=171.309, avgs=0
045/300: dt: 0.9000, rms radial error=170.357, avgs=0
050/300: dt: 0.9000, rms radial error=169.406, avgs=0
055/300: dt: 0.9000, rms radial error=168.457, avgs=0
060/300: dt: 0.9000, rms radial error=167.512, avgs=0
065/300: dt: 0.9000, rms radial error=166.570, avgs=0
070/300: dt: 0.9000, rms radial error=165.633, avgs=0
075/300: dt: 0.9000, rms radial error=164.701, avgs=0
080/300: dt: 0.9000, rms radial error=163.775, avgs=0
085/300: dt: 0.9000, rms radial error=162.854, avgs=0
090/300: dt: 0.9000, rms radial error=161.939, avgs=0
095/300: dt: 0.9000, rms radial error=161.028, avgs=0
100/300: dt: 0.9000, rms radial error=160.122, avgs=0
105/300: dt: 0.9000, rms radial error=159.222, avgs=0
110/300: dt: 0.9000, rms radial error=158.326, avgs=0
115/300: dt: 0.9000, rms radial error=157.435, avgs=0
120/300: dt: 0.9000, rms radial error=156.549, avgs=0
125/300: dt: 0.9000, rms radial error=155.668, avgs=0
130/300: dt: 0.9000, rms radial error=154.792, avgs=0
135/300: dt: 0.9000, rms radial error=153.920, avgs=0
140/300: dt: 0.9000, rms radial error=153.054, avgs=0
145/300: dt: 0.9000, rms radial error=152.192, avgs=0
150/300: dt: 0.9000, rms radial error=151.335, avgs=0
155/300: dt: 0.9000, rms radial error=150.482, avgs=0
160/300: dt: 0.9000, rms radial error=149.634, avgs=0
165/300: dt: 0.9000, rms radial error=148.791, avgs=0
170/300: dt: 0.9000, rms radial error=147.953, avgs=0
175/300: dt: 0.9000, rms radial error=147.119, avgs=0
180/300: dt: 0.9000, rms radial error=146.290, avgs=0
185/300: dt: 0.9000, rms radial error=145.466, avgs=0
190/300: dt: 0.9000, rms radial error=144.646, avgs=0
195/300: dt: 0.9000, rms radial error=143.831, avgs=0
200/300: dt: 0.9000, rms radial error=143.020, avgs=0
205/300: dt: 0.9000, rms radial error=142.213, avgs=0
210/300: dt: 0.9000, rms radial error=141.412, avgs=0
215/300: dt: 0.9000, rms radial error=140.614, avgs=0
220/300: dt: 0.9000, rms radial error=139.821, avgs=0
225/300: dt: 0.9000, rms radial error=139.033, avgs=0
230/300: dt: 0.9000, rms radial error=138.249, avgs=0
235/300: dt: 0.9000, rms radial error=137.469, avgs=0
240/300: dt: 0.9000, rms radial error=136.694, avgs=0
245/300: dt: 0.9000, rms radial error=135.923, avgs=0
250/300: dt: 0.9000, rms radial error=135.156, avgs=0
255/300: dt: 0.9000, rms radial error=134.394, avgs=0
260/300: dt: 0.9000, rms radial error=133.636, avgs=0
265/300: dt: 0.9000, rms radial error=132.882, avgs=0
270/300: dt: 0.9000, rms radial error=132.133, avgs=0
275/300: dt: 0.9000, rms radial error=131.387, avgs=0
280/300: dt: 0.9000, rms radial error=130.646, avgs=0
285/300: dt: 0.9000, rms radial error=129.909, avgs=0
290/300: dt: 0.9000, rms radial error=129.176, avgs=0
295/300: dt: 0.9000, rms radial error=128.448, avgs=0
300/300: dt: 0.9000, rms radial error=127.723, avgs=0

spherical inflation complete.
epoch 1 (K=10.0), pass 1, starting sse = 14503.66
taking momentum steps...
taking momentum steps...
taking momentum steps...
taking momentum steps...
pass 1 complete, delta sse/iter = 0.00/13 = 0.00030
epoch 2 (K=40.0), pass 1, starting sse = 2336.56
taking momentum steps...
taking momentum steps...
taking momentum steps...
taking momentum steps...
pass 1 complete, delta sse/iter = 0.01/13 = 0.00048
epoch 3 (K=160.0), pass 1, starting sse = 208.36
taking momentum steps...
taking momentum steps...
taking momentum steps...
taking momentum steps...
pass 1 complete, delta sse/iter = 0.04/13 = 0.00325
epoch 4 (K=640.0), pass 1, starting sse = 14.34
taking momentum steps...
taking momentum steps...
taking momentum steps...
taking momentum steps...
pass 1 complete, delta sse/iter = 0.07/17 = 0.00415
final distance error %100000.00
writing spherical brain to ../surf/lh.qsphere.nofix
spherical transformation took 0.0210 hours
FSRUNTIME@ mris_sphere  0.0210 hours 16 threads
#VMPC# mris_sphere VmPeak  1539060
mris_sphere done
#@# Fix Topology lh Fri Mar 13 07:38:19 CET 2026

 mris_fix_topology -mgz -sphere qsphere.nofix -inflated inflated.nofix -orig orig.nofix -out orig.premesh -ga -seed 1234 sub-v2s4x29624_ses-1 lh 

reading spherical homeomorphism from 'qsphere.nofix'
reading inflated coordinates from 'inflated.nofix'
reading original coordinates from 'orig.nofix'
using genetic algorithm with optimized parameters
setting seed for random number genererator to 1234

*************************************************************
Topology Correction Parameters
retessellation mode:           genetic search
number of patches/generation : 10
number of generations :        10
surface mri loglikelihood coefficient :         1.0
volume mri loglikelihood coefficient :          10.0
normal dot loglikelihood coefficient :          1.0
quadratic curvature loglikelihood coefficient : 1.0
volume resolution :                             2
eliminate vertices during search :              1
initial patch selection :                       1
select all defect vertices :                    0
ordering dependant retessellation:              0
use precomputed edge table :                    0
smooth retessellated patch :                    2
match retessellated patch :                     1
verbose mode :                                  0

*************************************************************
INFO: assuming .mgz format
writing corrected surface to 'orig.premesh'
7.3.2
  7.3.2
before topology correction, eno=-62 (nv=124634, nf=249392, ne=374088, g=32)
using quasi-homeomorphic spherical map to tessellate cortical surface...

Correction of the Topology
Finding true center and radius of Spherical Surface...done
Surface centered at (0,0,0) with radius 100.0 in 8 iterations
marking ambiguous vertices...
5649 ambiguous faces found in tessellation
segmenting defects...
26 defects found, arbitrating ambiguous regions...
analyzing neighboring defects...
      -merging segment 3 into 1
      -merging segment 4 into 2
      -merging segment 17 into 14
23 defects to be corrected 
0 vertices coincident
reading input surface /out/sourcedata/freesurfer/sub-v2s4x29624_ses-1/surf/lh.qsphere.nofix...
reading brain volume from brain...
reading wm segmentation from wm...
Reading original properties of orig.nofix
Reading vertex positions of inflated.nofix
Computing Initial Surface Statistics
      -face       loglikelihood: -8.7827  (-4.3914)
      -vertex     loglikelihood: -5.4685  (-2.7343)
      -normal dot loglikelihood: -3.6687  (-3.6687)
      -quad curv  loglikelihood: -5.7850  (-2.8925)
      Total Loglikelihood : -23.7050
CORRECTING DEFECT 0 (vertices=201, convex hull=199, v0=780)
After retessellation of defect 0 (v0=780), euler #=-21 (121431,363439,241987) : difference with theory (-20) = 1 
CORRECTING DEFECT 1 (vertices=563, convex hull=226, v0=40935)
After retessellation of defect 1 (v0=40935), euler #=-19 (121462,363635,242154) : difference with theory (-19) = 0 
CORRECTING DEFECT 2 (vertices=43, convex hull=42, v0=48456)
After retessellation of defect 2 (v0=48456), euler #=-17 (121469,363671,242185) : difference with theory (-18) = -1 
CORRECTING DEFECT 3 (vertices=55, convex hull=86, v0=50767)
After retessellation of defect 3 (v0=50767), euler #=-16 (121501,363802,242285) : difference with theory (-17) = -1 
CORRECTING DEFECT 4 (vertices=229, convex hull=59, v0=59830)
After retessellation of defect 4 (v0=59830), euler #=-15 (121520,363886,242351) : difference with theory (-16) = -1 
CORRECTING DEFECT 5 (vertices=79, convex hull=36, v0=62535)
After retessellation of defect 5 (v0=62535), euler #=-14 (121528,363926,242384) : difference with theory (-15) = -1 
CORRECTING DEFECT 6 (vertices=33, convex hull=46, v0=64593)
After retessellation of defect 6 (v0=64593), euler #=-13 (121538,363971,242420) : difference with theory (-14) = -1 
CORRECTING DEFECT 7 (vertices=11, convex hull=34, v0=69048)
After retessellation of defect 7 (v0=69048), euler #=-12 (121540,363987,242435) : difference with theory (-13) = -1 
CORRECTING DEFECT 8 (vertices=26, convex hull=74, v0=73914)
After retessellation of defect 8 (v0=73914), euler #=-11 (121551,364045,242483) : difference with theory (-12) = -1 
CORRECTING DEFECT 9 (vertices=93, convex hull=55, v0=77291)
After retessellation of defect 9 (v0=77291), euler #=-10 (121563,364105,242532) : difference with theory (-11) = -1 
CORRECTING DEFECT 10 (vertices=338, convex hull=245, v0=77384)
After retessellation of defect 10 (v0=77384), euler #=-9 (121711,364673,242953) : difference with theory (-10) = -1 
CORRECTING DEFECT 11 (vertices=140, convex hull=147, v0=82487)
After retessellation of defect 11 (v0=82487), euler #=-8 (121772,364927,243147) : difference with theory (-9) = -1 
CORRECTING DEFECT 12 (vertices=569, convex hull=234, v0=85927)
After retessellation of defect 12 (v0=85927), euler #=-6 (121845,365261,243410) : difference with theory (-8) = -2 
CORRECTING DEFECT 13 (vertices=261, convex hull=64, v0=87790)
After retessellation of defect 13 (v0=87790), euler #=-5 (121862,365336,243469) : difference with theory (-7) = -2 
CORRECTING DEFECT 14 (vertices=6, convex hull=42, v0=88857)
After retessellation of defect 14 (v0=88857), euler #=-4 (121865,365357,243488) : difference with theory (-6) = -2 
CORRECTING DEFECT 15 (vertices=6, convex hull=25, v0=95733)
After retessellation of defect 15 (v0=95733), euler #=-3 (121867,365371,243501) : difference with theory (-5) = -2 
CORRECTING DEFECT 16 (vertices=327, convex hull=142, v0=95802)
After retessellation of defect 16 (v0=95802), euler #=-2 (121937,365653,243714) : difference with theory (-4) = -2 
CORRECTING DEFECT 17 (vertices=68, convex hull=30, v0=99103)
After retessellation of defect 17 (v0=99103), euler #=-1 (121948,365697,243748) : difference with theory (-3) = -2 
CORRECTING DEFECT 18 (vertices=60, convex hull=75, v0=104835)
After retessellation of defect 18 (v0=104835), euler #=0 (121961,365767,243806) : difference with theory (-2) = -2 
CORRECTING DEFECT 19 (vertices=22, convex hull=39, v0=109622)
After retessellation of defect 19 (v0=109622), euler #=0 (121970,365814,243844) : difference with theory (-1) = -1 
CORRECTING DEFECT 20 (vertices=24, convex hull=72, v0=110957)
After retessellation of defect 20 (v0=110957), euler #=1 (121984,365883,243900) : difference with theory (0) = -1 
CORRECTING DEFECT 21 (vertices=30, convex hull=54, v0=115718)
After retessellation of defect 21 (v0=115718), euler #=2 (122000,365950,243952) : difference with theory (1) = -1 
CORRECTING DEFECT 22 (vertices=77, convex hull=79, v0=115734)
After retessellation of defect 22 (v0=115734), euler #=2 (122030,366084,244056) : difference with theory (2) = 0 
computing original vertex metric properties...
storing new metric properties...
computing tessellation statistics...
vertex spacing 0.89 +- 0.24 (0.03-->15.24) (max @ vno 42738 --> 43741)
face area -nan +- -nan (1000.00-->-1.00)
performing soap bubble on retessellated vertices for 0 iterations...
vertex spacing 0.89 +- 0.24 (0.03-->15.24) (max @ vno 42738 --> 43741)
face area -nan +- -nan (1000.00-->-1.00)
tessellation finished, orienting corrected surface...
86 mutations (33.7%), 169 crossovers (66.3%), 233 vertices were eliminated
building final representation...
2604 vertices and 0 faces have been removed from triangulation
after topology correction, eno=2 (nv=122030, nf=244056, ne=366084, g=0)
writing corrected surface to /out/sourcedata/freesurfer/sub-v2s4x29624_ses-1/surf/lh.orig.premesh...

0.000 % of the vertices (0 vertices) exhibit an orientation change
removing intersecting faces
000: 264 intersecting
001: 17 intersecting
terminating search with 0 intersecting
topology fixing took 2.2 minutes
FSRUNTIME@ mris_fix_topology lh  0.0369 hours 16 threads
#VMPC# mris_fix_topology VmPeak  1840184

 mris_euler_number ../surf/lh.orig.premesh 

euler # = v-e+f = 2g-2: 122030 - 366084 + 244056 = 2 --> 0 holes
      F =2V-4:          244056 = 244060-4 (0)
      2E=3F:            732168 = 732168 (0)

total defect index = 0
Fri Mar 13 07:40:32 CET 2026

setenv SUBJECTS_DIR /out/sourcedata/freesurfer
cd /out/sourcedata/freesurfer/sub-v2s4x29624_ses-1/scripts
/opt/freesurfer/bin/defect2seg --s sub-v2s4x29624_ses-1 --lh-only --cortex

freesurfer-linux-ubuntu22_x86_64-7.3.2-20220804-6354275
defect2seg 7.3.2
Linux dna017 5.14.0-427.37.1.el9_4.x86_64 #1 SMP PREEMPT_DYNAMIC Fri Sep 13 12:41:50 EDT 2024 x86_64 x86_64 x86_64 GNU/Linux
pid 1177280
mri_label2label --label-cortex /out/sourcedata/freesurfer/sub-v2s4x29624_ses-1/surf/lh.orig.nofix /out/sourcedata/freesurfer/sub-v2s4x29624_ses-1/mri/aseg.presurf.mgz 0 /out/sourcedata/freesurfer/sub-v2s4x29624_ses-1/label/lh.nofix.cortex.label

 Generating cortex label... RemoveHipAmgy=0
 NucAccIsMedialWall=0
 mris->useRealRAS=0
16 non-cortical segments detected
only using segment with 6591 vertices
erasing segment 1 (vno[0] = 66435)
erasing segment 2 (vno[0] = 72592)
erasing segment 3 (vno[0] = 72602)
erasing segment 4 (vno[0] = 79869)
erasing segment 5 (vno[0] = 82043)
erasing segment 6 (vno[0] = 82580)
erasing segment 7 (vno[0] = 85667)
erasing segment 8 (vno[0] = 86708)
erasing segment 9 (vno[0] = 86723)
erasing segment 10 (vno[0] = 87697)
erasing segment 11 (vno[0] = 87734)
erasing segment 12 (vno[0] = 89926)
erasing segment 13 (vno[0] = 90919)
erasing segment 14 (vno[0] = 110082)
erasing segment 15 (vno[0] = 111365)
mri_label2vol --defects /out/sourcedata/freesurfer/sub-v2s4x29624_ses-1/surf/lh.orig.nofix /out/sourcedata/freesurfer/sub-v2s4x29624_ses-1/surf/lh.defect_labels /out/sourcedata/freesurfer/sub-v2s4x29624_ses-1/mri/orig.mgz 1000 0 /out/sourcedata/freesurfer/sub-v2s4x29624_ses-1/mri/lh.surface.defects.mgz /out/sourcedata/freesurfer/sub-v2s4x29624_ses-1/label/lh.nofix.cortex.label
mri_label2vol supposed to be reproducible but seed not set
Contraining to label /out/sourcedata/freesurfer/sub-v2s4x29624_ses-1/label/lh.nofix.cortex.label
Changing input type 0 to MRI_INT
Converting defects to volume: offset=1000, merge=0
Writing to /out/sourcedata/freesurfer/sub-v2s4x29624_ses-1/mri/lh.surface.defects.mgz
mris_defects_pointset -s /out/sourcedata/freesurfer/sub-v2s4x29624_ses-1/surf/lh.orig.nofix -d /out/sourcedata/freesurfer/sub-v2s4x29624_ses-1/surf/lh.defect_labels -o /out/sourcedata/freesurfer/sub-v2s4x29624_ses-1/surf/lh.defects.pointset --label /out/sourcedata/freesurfer/sub-v2s4x29624_ses-1/label/lh.nofix.cortex.label
Reading in surface /out/sourcedata/freesurfer/sub-v2s4x29624_ses-1/surf/lh.orig.nofix
Reading in defect segmentation /out/sourcedata/freesurfer/sub-v2s4x29624_ses-1/surf/lh.defect_labels
Reading in label /out/sourcedata/freesurfer/sub-v2s4x29624_ses-1/label/lh.nofix.cortex.label
#VMPC# mris_defects_pointset 1470176
mris_defects_pointset done
 
Started at Fri Mar 13 07:40:32 CET 2026 
Ended   at Fri Mar 13 07:40:48 CET 2026
Defect2seg-Run-Time-Sec 16
Defect2seg-Run-Time-Min 0.32
Defect2seg-Run-Time-Hours 0.00
 
tkmeditfv sub-v2s4x29624_ses-1 brain.finalsurfs.mgz -defect
defect2seg Done

 mris_remesh --remesh --iters 3 --input /out/sourcedata/freesurfer/sub-v2s4x29624_ses-1/surf/lh.orig.premesh --output /out/sourcedata/freesurfer/sub-v2s4x29624_ses-1/surf/lh.orig 

iters = 3
standard remeshing without target
   adjusted l: 0.712091
remeshing to edge length 0.712091 with 3 iterations

avg qual before   : 0.888692  after: 0.971173

Removing intersections
Remeshed surface quality stats nv0 = 122030  nv = 127026  1.04094
Area    254048  0.30351  0.03377 0.075795   0.5227
Corner  762144 60.00000  8.79810 18.059966 142.5927
Edge    381072  0.84519  0.08256 0.427468   1.2638
Hinge   381072  9.76945 10.35973 0.000003 137.6965
mris_remesh done
/out/sourcedata/freesurfer/sub-v2s4x29624_ses-1/scripts

 mris_remove_intersection ../surf/lh.orig ../surf/lh.orig 

intersection removal took 0.00 hours
writing corrected surface to ../surf/lh.orig

 rm -f ../surf/lh.inflated 

#--------------------------------------------
#@# AutoDetGWStats lh Fri Mar 13 07:41:18 CET 2026
cd /out/sourcedata/freesurfer/sub-v2s4x29624_ses-1/mri
mris_autodet_gwstats --o ../surf/autodet.gw.stats.lh.dat --i brain.finalsurfs.mgz --wm wm.mgz --surf ../surf/lh.orig.premesh
7.3.2

cd /out/sourcedata/freesurfer/sub-v2s4x29624_ses-1/mri
setenv SUBJECTS_DIR /out/sourcedata/freesurfer
mris_autodet_gwstats --o ../surf/autodet.gw.stats.lh.dat --i brain.finalsurfs.mgz --wm wm.mgz --surf ../surf/lh.orig.premesh 

border white:    228709 voxels (1.36%)
border gray      253050 voxels (1.51%)
Reading in intensity volume brain.finalsurfs.mgz
Reading in wm volume wm.mgz
Reading in surf ../surf/lh.orig.premesh
Auto detecting stats
MRIclipBrightWM(): nthresh=21886, wmmin=5, clip=110 
Binarizing thresholding at 5
computing class statistics... low=30, hi=110.000000
CCS WM (104.0): 103.8 +- 5.4 [70.0 --> 110.0]
CCS GM (89.0) : 87.7 +- 8.9 [30.0 --> 110.0]
white_mean = 103.757 +/- 5.40776, gray_mean = 87.692 +/- 8.93849
using class modes intead of means, discounting robust sigmas....
MRIScomputeClassModes(): min=0 max=157 nbins=158
intensity peaks found at WM=107+-4.3,    GM=86+-5.2
white_mode = 107, gray_mode = 86
std_scale = 1
Applying sanity checks, max_scale_down = 0.2
setting MIN_GRAY_AT_WHITE_BORDER to 77.1 (was 70.000000)
setting MAX_BORDER_WHITE to 112.4 (was 105.000000)
setting MIN_BORDER_WHITE to 86.0 (was 85.000000)
setting MAX_CSF to 68.1 (was 40.000000)
setting MAX_GRAY to 101.6 (was 95.000000)
setting MAX_GRAY_AT_CSF_BORDER to 77.1 (was 75.000000)
setting MIN_GRAY_AT_CSF_BORDER to 59.2 (was 40.000000)
When placing the white surface
  white_border_hi   = 112.408;
  white_border_low  = 86;
  white_outside_low = 77.0615;
  white_inside_hi   = 120;
  white_outside_hi  = 112.408;
When placing the pial surface
  pial_border_hi   = 77.0615;
  pial_border_low  = 59.1845;
  pial_outside_low = 10;
  pial_inside_hi   = 101.592;
  pial_outside_hi  = 72.5923;
#VMPC# mris_autodet_gwstats VmPeak  1388240
mris_autodet_gwstats done
#--------------------------------------------
#@# WhitePreAparc lh Fri Mar 13 07:41:21 CET 2026
cd /out/sourcedata/freesurfer/sub-v2s4x29624_ses-1/mri
mris_place_surface --adgws-in ../surf/autodet.gw.stats.lh.dat --wm wm.mgz --threads 16 --invol brain.finalsurfs.mgz --lh --i ../surf/lh.orig --o ../surf/lh.white.preaparc --white --seg aseg.presurf.mgz --nsmooth 5
7.3.2
7.3.2

cd /out/sourcedata/freesurfer/sub-v2s4x29624_ses-1/mri
setenv SUBJECTS_DIR /out/sourcedata/freesurfer
mris_place_surface --adgws-in ../surf/autodet.gw.stats.lh.dat --wm wm.mgz --threads 16 --invol brain.finalsurfs.mgz --lh --i ../surf/lh.orig --o ../surf/lh.white.preaparc --white --seg aseg.presurf.mgz --nsmooth 5 

Reading in input surface ../surf/lh.orig
Smoothing surface before ripping with 5 iterations
Area    254048  0.26736  0.06357 0.005845   0.6364
Corner  762144 60.00000  9.56053 8.362897 141.4519
Edge    381072  0.78955  0.11532 0.049840   1.3910
Hinge   381072  6.49699  6.55343 0.000003 138.2970
Not reading in aparc
Reading in input volume brain.finalsurfs.mgz
Reading in wm volume wm.mgz
MRIclipBrightWM(): nthresh=21886, wmmin=5, clip=110 
MRIfindBrightNonWM(): 50 bright non-wm voxels segmented.
Masking bright non-wm for white surface
MRImask(): AllowDiffGeom = 1
MRImask(): AllowDiffGeom = 1
Reading in seg volume aseg.presurf.mgz
Ripping frozen voxels
INFO: rip surface needed but not specified, so using input surface
Freezing midline and others
Entering: MRISripMidline(): inhibiting deformation at non-cortical midline structures...
  which=1, fix_mtl=0, using annot = 0
#FML0# MRISripMidline(): nripped=0
#FML# MRISripMidline(): nmarked=5478, nmarked2=33, nripped=5478
Ripping segs (eg, WMSA, BG, frozen)
Starting MRISripSegs() d = (-2 2 0.5) segnos: 247 
MRISripSegs(): -2 2 0.5 ripped 0
vertex 63513: xyz = (-17.8959,4.60113,72.0469) oxyz = (-17.8959,4.60113,72.0469) wxzy = (-17.8959,4.60113,72.0469) pxyz = (0,0,0) 
CBVO Creating mask 127026
n_averages 4
Iteration 0 =========================================
n_averages=4, current_sigma=2
Freezing midline and others
Ripping frozen voxels
INFO: rip surface needed but not specified, so using input surface
Freezing midline and others
Entering: MRISripMidline(): inhibiting deformation at non-cortical midline structures...
  which=1, fix_mtl=0, using annot = 0
#FML0# MRISripMidline(): nripped=5478
#FML# MRISripMidline(): nmarked=5478, nmarked2=33, nripped=5478
Ripping segs (eg, WMSA, BG, frozen)
Starting MRISripSegs() d = (-2 2 0.5) segnos: 247 247 
MRISripSegs(): -2 2 0.5 ripped 0
Computing target border values 
Entering MRIScomputeBorderValues_new(): 
  inside_hi   = 120.0000000;
  border_hi   = 112.4077610;
  border_low  =  86.0000000;
  outside_low =  77.0615080;
  outside_hi  = 112.4077610;
  sigma = 2;
  max_thickness = 10;
  step_size=0.5;
  STEP_SIZE=0.1;
  which = 1
  thresh = 0
  flags = 0
  CBVfindFirstPeakD1=0
  CBVfindFirstPeakD2=0
  nvertices=127026
  Gdiag_no=-1
  vno start=0, stop=127026
Replacing 255s with 0s
#SI# sigma=2 had to be increased for 179 vertices, nripped=5478
mean border=93.0, 110 (110) missing vertices, mean dist 0.3 [0.7 (%35.0)->0.9 (%65.0))]
%65 local maxima, %31 large gradients and % 0 min vals, 0 gradients ignored
nFirstPeakD1 0
MRIScomputeBorderValues_new() finished in 0.0137 min


Finding expansion regions
mean absolute distance = 0.82 +- 1.05
4660 vertices more than 2 sigmas from mean.
Averaging target values for 5 iterations...
Positioning Surface: tspring = 0.3, nspring = 0.3, spring = 0, niters = 100 l_repulse = 5, l_surf_repulse = 0, checktol = 0
Positioning pial surface
Entering MRISpositionSurface()
  max_mm = 0.3
  MAX_REDUCTIONS = 2, REDUCTION_PCT = 0.5
  parms->check_tol = 0, niterations = 100
tol=1.0e-04, sigma=2.0, host=dna01, nav=4, nbrs=2, l_repulse=5.000, l_tspring=0.300, l_nspring=0.300, l_intensity=0.200, l_curv=1.000
mom=0.00, dt=0.50
complete_dist_mat 0
rms 0
smooth_averages 0
remove_neg 0
ico_order 0
which_surface 0
target_radius 0.000000
nfields 0
scale 0.000000
desired_rms_height 0.000000
momentum 0.000000
nbhd_size 0
max_nbrs 0
niterations 100
nsurfaces 0
SURFACES 3
flags 0 (0)
use curv 0
no sulc 0
no rigid align 0
mris->nsize 2
mris->hemisphere 0
randomSeed 0

000: dt: 0.0000, sse=1206454.9, rms=6.624
001: dt: 0.5000, sse=706421.4, rms=4.844 (26.881%)
002: dt: 0.5000, sse=465059.3, rms=3.676 (24.116%)
003: dt: 0.5000, sse=340874.6, rms=2.893 (21.285%)
004: dt: 0.5000, sse=274767.6, rms=2.359 (18.458%)
005: dt: 0.5000, sse=240366.0, rms=2.020 (14.363%)
006: dt: 0.5000, sse=223969.4, rms=1.816 (10.131%)
007: dt: 0.5000, sse=216785.0, rms=1.696 (6.570%)
008: dt: 0.5000, sse=215524.6, rms=1.620 (4.493%)
rms = 1.5718/1.6201, sse=208819.1/215524.6, time step reduction 1 of 3 to 0.250  0 0 1
009: dt: 0.5000, sse=208819.1, rms=1.572 (2.986%)
010: dt: 0.2500, sse=201291.8, rms=1.234 (21.462%)
rms = 1.1863/1.2344, sse=183245.4/201291.8, time step reduction 2 of 3 to 0.125  0 0 1
011: dt: 0.2500, sse=183245.5, rms=1.186 (3.898%)
rms = 1.1716/1.1863, sse=184187.4/183245.4, time step reduction 3 of 3 to 0.062  0 1 1
012: dt: 0.1250, sse=184187.4, rms=1.172 (1.243%)
  maximum number of reductions reached, breaking from loop
positioning took 1.1 minutes
Iteration 1 =========================================
n_averages=2, current_sigma=1
Freezing midline and others
Ripping frozen voxels
INFO: rip surface needed but not specified, so using input surface
Freezing midline and others
Entering: MRISripMidline(): inhibiting deformation at non-cortical midline structures...
  which=1, fix_mtl=0, using annot = 0
#FML0# MRISripMidline(): nripped=5478
removing 2 vertices from ripped group in thread:0
removing 3 vertices from ripped group in thread:0
removing 3 vertices from ripped group in thread:0
removing 2 vertices from ripped group in thread:0
removing 3 vertices from ripped group in thread:0
removing 2 vertices from ripped group in thread:0
removing 4 vertices from ripped group in thread:0
removing 2 vertices from ripped group in thread:0
removing 4 vertices from ripped group in thread:0
#FML# MRISripMidline(): nmarked=5728, nmarked2=60, nripped=5728
Ripping segs (eg, WMSA, BG, frozen)
Starting MRISripSegs() d = (-2 2 0.5) segnos: 247 247 247 
MRISripSegs(): -2 2 0.5 ripped 0
Computing target border values 
Entering MRIScomputeBorderValues_new(): 
  inside_hi   = 120.0000000;
  border_hi   = 112.4077610;
  border_low  =  86.0000000;
  outside_low =  77.0615080;
  outside_hi  = 112.4077610;
  sigma = 1;
  max_thickness = 10;
  step_size=0.5;
  STEP_SIZE=0.1;
  which = 1
  thresh = 0
  flags = 0
  CBVfindFirstPeakD1=0
  CBVfindFirstPeakD2=0
  nvertices=127026
  Gdiag_no=-1
  vno start=0, stop=127026
Replacing 255s with 0s
#SI# sigma=1 had to be increased for 69 vertices, nripped=5728
mean border=94.7, 73 (21) missing vertices, mean dist -0.2 [0.5 (%70.7)->0.3 (%29.3))]
%77 local maxima, %19 large gradients and % 0 min vals, 0 gradients ignored
nFirstPeakD1 0
MRIScomputeBorderValues_new() finished in 0.0094 min


Finding expansion regions
mean absolute distance = 0.41 +- 0.70
3100 vertices more than 2 sigmas from mean.
Averaging target values for 5 iterations...
Positioning Surface: tspring = 0.3, nspring = 0.3, spring = 0, niters = 100 l_repulse = 5, l_surf_repulse = 0, checktol = 0
Positioning pial surface
Entering MRISpositionSurface()
  max_mm = 0.3
  MAX_REDUCTIONS = 2, REDUCTION_PCT = 0.5
  parms->check_tol = 0, niterations = 100
tol=1.0e-04, sigma=1.0, host=dna01, nav=2, nbrs=2, l_repulse=5.000, l_tspring=0.300, l_nspring=0.300, l_intensity=0.200, l_curv=1.000
mom=0.00, dt=0.50
000: dt: 0.0000, sse=413035.0, rms=3.004
013: dt: 0.5000, sse=282240.6, rms=1.891 (37.033%)
014: dt: 0.5000, sse=242757.5, rms=1.466 (22.511%)
015: dt: 0.5000, sse=229905.7, rms=1.278 (12.796%)
016: dt: 0.5000, sse=225336.8, rms=1.187 (7.136%)
rms = 1.1793/1.1868, sse=224605.9/225336.8, time step reduction 1 of 3 to 0.250  0 0 1
017: dt: 0.5000, sse=224605.9, rms=1.179 (0.633%)
018: dt: 0.2500, sse=213928.9, rms=0.976 (17.224%)
rms = 0.9550/0.9762, sse=211857.6/213928.9, time step reduction 2 of 3 to 0.125  0 0 1
019: dt: 0.2500, sse=211857.6, rms=0.955 (2.164%)
rms = 0.9521/0.9550, sse=212597.2/211857.6, time step reduction 3 of 3 to 0.062  0 1 1
020: dt: 0.1250, sse=212597.2, rms=0.952 (0.304%)
  maximum number of reductions reached, breaking from loop
positioning took 0.7 minutes
Iteration 2 =========================================
n_averages=1, current_sigma=0.5
Freezing midline and others
Ripping frozen voxels
INFO: rip surface needed but not specified, so using input surface
Freezing midline and others
Entering: MRISripMidline(): inhibiting deformation at non-cortical midline structures...
  which=1, fix_mtl=0, using annot = 0
#FML0# MRISripMidline(): nripped=5728
removing 3 vertices from ripped group in thread:0
removing 3 vertices from ripped group in thread:0
removing 3 vertices from ripped group in thread:0
removing 2 vertices from ripped group in thread:0
removing 2 vertices from ripped group in thread:0
removing 2 vertices from ripped group in thread:0
removing 1 vertices from ripped group in thread:0
#FML# MRISripMidline(): nmarked=5774, nmarked2=59, nripped=5774
Ripping segs (eg, WMSA, BG, frozen)
Starting MRISripSegs() d = (-2 2 0.5) segnos: 247 247 247 247 
MRISripSegs(): -2 2 0.5 ripped 0
Computing target border values 
Entering MRIScomputeBorderValues_new(): 
  inside_hi   = 120.0000000;
  border_hi   = 112.4077610;
  border_low  =  86.0000000;
  outside_low =  77.0615080;
  outside_hi  = 112.4077610;
  sigma = 0.5;
  max_thickness = 10;
  step_size=0.5;
  STEP_SIZE=0.1;
  which = 1
  thresh = 0
  flags = 0
  CBVfindFirstPeakD1=0
  CBVfindFirstPeakD2=0
  nvertices=127026
  Gdiag_no=-1
  vno start=0, stop=127026
Replacing 255s with 0s
#SI# sigma=0.5 had to be increased for 86 vertices, nripped=5774
mean border=96.2, 123 (17) missing vertices, mean dist -0.2 [0.3 (%71.6)->0.2 (%28.4))]
%87 local maxima, % 8 large gradients and % 0 min vals, 0 gradients ignored
nFirstPeakD1 0
MRIScomputeBorderValues_new() finished in 0.0054 min


Finding expansion regions
mean absolute distance = 0.31 +- 0.45
4063 vertices more than 2 sigmas from mean.
Averaging target values for 5 iterations...
Positioning Surface: tspring = 0.3, nspring = 0.3, spring = 0, niters = 100 l_repulse = 5, l_surf_repulse = 0, checktol = 0
Positioning pial surface
Entering MRISpositionSurface()
  max_mm = 0.3
  MAX_REDUCTIONS = 2, REDUCTION_PCT = 0.5
  parms->check_tol = 0, niterations = 100
tol=1.0e-04, sigma=0.5, host=dna01, nav=1, nbrs=2, l_repulse=5.000, l_tspring=0.300, l_nspring=0.300, l_intensity=0.200, l_curv=1.000
mom=0.00, dt=0.50
000: dt: 0.0000, sse=324002.4, rms=2.384
021: dt: 0.5000, sse=237959.9, rms=1.396 (41.467%)
022: dt: 0.5000, sse=224092.5, rms=1.105 (20.791%)
023: dt: 0.5000, sse=215651.4, rms=1.051 (4.942%)
rms = 1.0506/1.0508, sse=215989.9/215651.4, time step reduction 1 of 3 to 0.250  0 1 1
024: dt: 0.5000, sse=215989.9, rms=1.051 (0.019%)
025: dt: 0.2500, sse=207433.3, rms=0.910 (13.377%)
rms = 0.8952/0.9101, sse=209374.7/207433.3, time step reduction 2 of 3 to 0.125  0 1 1
026: dt: 0.2500, sse=209374.7, rms=0.895 (1.637%)
rms = 0.8900/0.8952, sse=208101.0/209374.7, time step reduction 3 of 3 to 0.062  0 0 1
027: dt: 0.1250, sse=208101.0, rms=0.890 (0.580%)
  maximum number of reductions reached, breaking from loop
positioning took 0.6 minutes
Iteration 3 =========================================
n_averages=0, current_sigma=0.25
Freezing midline and others
Ripping frozen voxels
INFO: rip surface needed but not specified, so using input surface
Freezing midline and others
Entering: MRISripMidline(): inhibiting deformation at non-cortical midline structures...
  which=1, fix_mtl=0, using annot = 0
#FML0# MRISripMidline(): nripped=5774
removing 3 vertices from ripped group in thread:0
removing 3 vertices from ripped group in thread:0
removing 3 vertices from ripped group in thread:0
removing 3 vertices from ripped group in thread:0
removing 4 vertices from ripped group in thread:0
removing 2 vertices from ripped group in thread:0
removing 1 vertices from ripped group in thread:0
#FML# MRISripMidline(): nmarked=5781, nmarked2=59, nripped=5781
Ripping segs (eg, WMSA, BG, frozen)
Starting MRISripSegs() d = (-2 2 0.5) segnos: 247 247 247 247 247 
MRISripSegs(): -2 2 0.5 ripped 0
Computing target border values 
Entering MRIScomputeBorderValues_new(): 
  inside_hi   = 120.0000000;
  border_hi   = 112.4077610;
  border_low  =  86.0000000;
  outside_low =  77.0615080;
  outside_hi  = 112.4077610;
  sigma = 0.25;
  max_thickness = 10;
  step_size=0.5;
  STEP_SIZE=0.1;
  which = 1
  thresh = 0
  flags = 0
  CBVfindFirstPeakD1=0
  CBVfindFirstPeakD2=0
  nvertices=127026
  Gdiag_no=-1
  vno start=0, stop=127026
Replacing 255s with 0s
#SI# sigma=0.25 had to be increased for 156 vertices, nripped=5781
mean border=96.7, 163 (16) missing vertices, mean dist -0.1 [0.2 (%57.2)->0.2 (%42.8))]
%90 local maxima, % 5 large gradients and % 0 min vals, 0 gradients ignored
nFirstPeakD1 0
MRIScomputeBorderValues_new() finished in 0.0035 min


Finding expansion regions
mean absolute distance = 0.23 +- 0.35
3895 vertices more than 2 sigmas from mean.
Averaging target values for 5 iterations...
Positioning Surface: tspring = 0.3, nspring = 0.3, spring = 0, niters = 100 l_repulse = 5, l_surf_repulse = 0, checktol = 0
Positioning pial surface
Entering MRISpositionSurface()
  max_mm = 0.3
  MAX_REDUCTIONS = 2, REDUCTION_PCT = 0.5
  parms->check_tol = 0, niterations = 100
tol=1.0e-04, sigma=0.2, host=dna01, nav=0, nbrs=2, l_repulse=5.000, l_tspring=0.300, l_nspring=0.300, l_intensity=0.200, l_curv=1.000
mom=0.00, dt=0.50
000: dt: 0.0000, sse=217962.8, rms=1.164
028: dt: 0.5000, sse=201868.7, rms=0.790 (32.107%)
rms = 0.8705/0.7899, sse=204414.0/201868.7, time step reduction 1 of 3 to 0.250  0 1 1
   RMS increased, rejecting step
rms = 0.7566/0.7899, sse=199849.9/201868.7, time step reduction 2 of 3 to 0.125  0 0 1
029: dt: 0.2500, sse=199849.9, rms=0.757 (4.224%)
rms = 0.7476/0.7566, sse=201216.1/199849.9, time step reduction 3 of 3 to 0.062  0 1 1
030: dt: 0.1250, sse=201216.1, rms=0.748 (1.190%)
  maximum number of reductions reached, breaking from loop
positioning took 0.3 minutes


Writing output to ../surf/lh.white.preaparc
#ET# mris_place_surface  2.72 minutes
#VMPC# mris_place_surfaces VmPeak  3012248
mris_place_surface done
#--------------------------------------------
#@# CortexLabel lh Fri Mar 13 07:44:10 CET 2026
cd /out/sourcedata/freesurfer/sub-v2s4x29624_ses-1/mri
mri_label2label --label-cortex ../surf/lh.white.preaparc aseg.presurf.mgz 0 ../label/lh.cortex.label

 Generating cortex label... RemoveHipAmgy=0
 NucAccIsMedialWall=0
 mris->useRealRAS=0
8 non-cortical segments detected
only using segment with 6880 vertices
erasing segment 1 (vno[0] = 55327)
erasing segment 2 (vno[0] = 68098)
erasing segment 3 (vno[0] = 72817)
erasing segment 4 (vno[0] = 73673)
erasing segment 5 (vno[0] = 75388)
erasing segment 6 (vno[0] = 91598)
erasing segment 7 (vno[0] = 92667)
#--------------------------------------------
#@# CortexLabel+HipAmyg lh Fri Mar 13 07:44:23 CET 2026
cd /out/sourcedata/freesurfer/sub-v2s4x29624_ses-1/mri
mri_label2label --label-cortex ../surf/lh.white.preaparc aseg.presurf.mgz 1 ../label/lh.cortex+hipamyg.label

 Generating cortex label... RemoveHipAmgy=1
 NucAccIsMedialWall=0
 mris->useRealRAS=0
12 non-cortical segments detected
only using segment with 5132 vertices
erasing segment 1 (vno[0] = 42856)
erasing segment 2 (vno[0] = 51887)
erasing segment 3 (vno[0] = 54732)
erasing segment 4 (vno[0] = 55327)
erasing segment 5 (vno[0] = 68098)
erasing segment 6 (vno[0] = 72817)
erasing segment 7 (vno[0] = 73673)
erasing segment 8 (vno[0] = 75388)
erasing segment 9 (vno[0] = 91598)
erasing segment 10 (vno[0] = 92667)
erasing segment 11 (vno[0] = 104481)
#--------------------------------------------
#@# Smooth2 lh Fri Mar 13 07:44:37 CET 2026
/out/sourcedata/freesurfer/sub-v2s4x29624_ses-1/scripts

 mris_smooth -n 3 -nw -seed 1234 ../surf/lh.white.preaparc ../surf/lh.smoothwm 

smoothing for 3 iterations
setting seed for random number generator to 1234
smoothing surface tessellation for 3 iterations...
smoothing complete - recomputing first and second fundamental forms...
#--------------------------------------------
#@# Inflation2 lh Fri Mar 13 07:44:40 CET 2026
/out/sourcedata/freesurfer/sub-v2s4x29624_ses-1/scripts

 mris_inflate ../surf/lh.smoothwm ../surf/lh.inflated 

Reading ../surf/lh.smoothwm
avg radius = 44.4 mm, total surface area = 77036 mm^2
step 000: RMS=0.169 (target=0.015)   step 005: RMS=0.114 (target=0.015)   step 010: RMS=0.085 (target=0.015)   step 015: RMS=0.071 (target=0.015)   step 020: RMS=0.059 (target=0.015)   step 025: RMS=0.048 (target=0.015)   step 030: RMS=0.041 (target=0.015)   step 035: RMS=0.035 (target=0.015)   step 040: RMS=0.030 (target=0.015)   step 045: RMS=0.027 (target=0.015)   step 050: RMS=0.024 (target=0.015)   step 055: RMS=0.022 (target=0.015)   step 060: RMS=0.021 (target=0.015)   writing inflated surface to ../surf/lh.inflated
writing sulcal depths to ../surf/lh.sulc

inflation complete.
inflation took 0.2 minutes
mris_inflate utimesec    65.831559
mris_inflate stimesec    0.655270
mris_inflate ru_maxrss   195372
mris_inflate ru_ixrss    0
mris_inflate ru_idrss    0
mris_inflate ru_isrss    0
mris_inflate ru_minflt   99950
mris_inflate ru_majflt   2
mris_inflate ru_nswap    0
mris_inflate ru_inblock  130
mris_inflate ru_oublock  9936
mris_inflate ru_msgsnd   0
mris_inflate ru_msgrcv   0
mris_inflate ru_nsignals 0
mris_inflate ru_nvcsw    4597
mris_inflate ru_nivcsw   214
#--------------------------------------------
#@# Curv .H and .K lh Fri Mar 13 07:44:54 CET 2026
/out/sourcedata/freesurfer/sub-v2s4x29624_ses-1/surf

 mris_curvature -w -seed 1234 lh.white.preaparc 

setting seed for random number generator to 1234
total integrated curvature = 20.190*4pi (253.713) --> -19 handles
ICI = 138.0, FI = 1360.6, variation=21414.810
writing Gaussian curvature to ./lh.white.preaparc.K...done.
writing mean curvature to ./lh.white.preaparc.H...done.
rm -f lh.white.H
ln -s lh.white.preaparc.H lh.white.H
rm -f lh.white.K
ln -s lh.white.preaparc.K lh.white.K

 mris_curvature -seed 1234 -thresh .999 -n -a 5 -w -distances 10 10 lh.inflated 

setting seed for random number generator to 1234
normalizing curvature values.
averaging curvature patterns 5 times.
sampling 10 neighbors out to a distance of 10 mm
134 vertices thresholded to be in k1 ~ [-0.35 0.43], k2 ~ [-0.18 0.11]
total integrated curvature = 0.574*4pi (7.212) --> 0 handles
ICI = 1.5, FI = 9.5, variation=163.206
107 vertices thresholded to be in [-0.03 0.03]
writing Gaussian curvature to ./lh.inflated.K...thresholding curvature at 99.90% level
curvature mean = 0.000, std = 0.001
123 vertices thresholded to be in [-0.17 0.20]
done.
writing mean curvature to ./lh.inflated.H...curvature mean = -0.017, std = 0.024
done.
#--------------------------------------------
#@# Sphere lh Fri Mar 13 07:45:36 CET 2026
/out/sourcedata/freesurfer/sub-v2s4x29624_ses-1/scripts

 mris_sphere -seed 1234 ../surf/lh.inflated ../surf/lh.sphere 

setting seed for random number genererator to 1234
version: 7.3.2
available threads: 16
reading original vertex positions...
projecting onto sphere...
surface projected - minimizing metric distortion...
scaling brain by 0.290...
MRISunfold() max_passes = 1 -------
tol=5.0e-01, sigma=0.0, host=dna01, nav=1024, nbrs=2, l_area=1.000, l_dist=1.000
using quadratic fit line minimization
complete_dist_mat 0
rms 0
smooth_averages 0
remove_neg 0
ico_order 0
which_surface 0
target_radius 0.000000
nfields 0
scale 1.000000
desired_rms_height -1.000000
momentum 0.900000
nbhd_size 7
max_nbrs 8
niterations 25
nsurfaces 0
SURFACES 3
flags 0 (0)
use curv 0
no sulc 0
no rigid align 0
mris->nsize 2
mris->hemisphere 0
randomSeed 1234

--------------------
  mrisRemoveNegativeArea()
pass 1: epoch 1 of 3 starting distance error %40.74
pass 1: epoch 2 of 3 starting distance error %20.47
unfolding complete - removing small folds...
starting distance error %20.38
removing remaining folds...
final distance error %20.42
MRISunfold() return, current seed 1234
-01: dt=0.0000,   3 negative triangles  VmPeak 1671236
123: dt=0.9900,   3 negative triangles
124: dt=0.9900,   1 negative triangles
writing spherical brain to ../surf/lh.sphere
spherical transformation took 0.0459 hours
FSRUNTIME@ mris_sphere  0.0459 hours 16 threads
#VMPC# mris_sphere VmPeak  1671236
mris_sphere done
#--------------------------------------------
#@# Surf Reg lh Fri Mar 13 07:48:21 CET 2026
/out/sourcedata/freesurfer/sub-v2s4x29624_ses-1/scripts

 mris_register -curv ../surf/lh.sphere /opt/freesurfer/average/lh.folding.atlas.acfb40.noaparc.i12.2016-08-02.tif ../surf/lh.sphere.reg 

using smoothwm curvature for final alignment

cwd /out/sourcedata/freesurfer/sub-v2s4x29624_ses-1/scripts
cmdline mris_register -curv ../surf/lh.sphere /opt/freesurfer/average/lh.folding.atlas.acfb40.noaparc.i12.2016-08-02.tif ../surf/lh.sphere.reg 

0 inflated.H
1 sulc
2 smoothwm (computed)
7.3.2
  7.3.2
reading surface from ../surf/lh.sphere...
reading template parameterization from /opt/freesurfer/average/lh.folding.atlas.acfb40.noaparc.i12.2016-08-02.tif...
MRISregister() -------
max_passes = 4 
min_degrees = 0.500000 
max_degrees = 64.000000 
nangles = 8 
tol=5.0e-01, sigma=0.0, host=dna01, nav=1024, nbrs=1, l_extern=10000.000, l_parea=0.200, l_nlarea=1.000, l_corr=1.000, l_dist=5.000
using quadratic fit line minimization
complete_dist_mat 0
rms 0
smooth_averages 0
remove_neg 0
ico_order 0
which_surface 0
target_radius 0.000000
nfields 0
scale 0.000000
desired_rms_height -1.000000
momentum 0.950000
nbhd_size -10
max_nbrs 10
niterations 25
nsurfaces 0
SURFACES 3
flags 16 (10)
use curv 16
no sulc 0
no rigid align 0
mris->nsize 1
mris->hemisphere 0
randomSeed 0

tol=5.0e-01, sigma=0.0, host=dna01, nav=1024, nbrs=1, l_extern=10000.000, l_parea=0.200, l_nlarea=1.000, l_corr=1.000, l_dist=5.000
using quadratic fit line minimization
--------------------
1 Reading lh.sulc
tol=1.0e+00, sigma=0.5, host=dna01, nav=1024, nbrs=1, l_extern=10000.000, l_parea=0.200, l_nlarea=1.000, l_corr=0.050, l_spring=0.500, l_dist=5.000
using quadratic fit line minimization
curvature mean = 0.000, std = 5.638
curvature mean = 0.029, std = 0.815
curvature mean = 0.013, std = 0.874
Starting MRISrigidBodyAlignGlobal()
Starting new MRISrigidBodyAlignGlobal_findMinSSE()
  new MRISrigidBodyAlignGlobal_findMinSSE min @ (1.50, -5.50, 10.00) sse = 189127.5, elapsed since starting=0.1333 min
MRISrigidBodyAlignGlobal() done   0.13 min
curvature mean = 0.003, std = 0.829
curvature mean = 0.004, std = 0.954
curvature mean = -0.000, std = 0.840
curvature mean = 0.002, std = 0.982
curvature mean = -0.000, std = 0.843
curvature mean = 0.000, std = 0.993
2 Reading smoothwm
curvature mean = -0.023, std = 0.275
curvature mean = 0.041, std = 0.246
curvature mean = 0.053, std = 0.380
curvature mean = 0.035, std = 0.306
curvature mean = 0.029, std = 0.573
curvature mean = 0.034, std = 0.333
curvature mean = 0.015, std = 0.709
curvature mean = 0.034, std = 0.344
curvature mean = 0.005, std = 0.808
MRISregister() return, current seed 0
-01: dt=0.0000,  15 negative triangles  VmPeak 1597184
104: dt=0.9900,  15 negative triangles
expanding nbhd size to 1
105: dt=0.9900,  15 negative triangles
106: dt=0.9900,   3 negative triangles
107: dt=0.9900,   1 negative triangles
writing registered surface to ../surf/lh.sphere.reg...
registration took 0.06 hours
#VMPC# mris_register VmPeak  1597184
FSRUNTIME@ mris_register  0.0629 hours 16 threads

 ln -sf lh.sphere.reg lh.fsaverage.sphere.reg 

#--------------------------------------------
#@# Jacobian white lh Fri Mar 13 07:52:08 CET 2026
/out/sourcedata/freesurfer/sub-v2s4x29624_ses-1/scripts

 mris_jacobian ../surf/lh.white.preaparc ../surf/lh.sphere.reg ../surf/lh.jacobian_white 

reading surface from ../surf/lh.white.preaparc...
writing curvature file ../surf/lh.jacobian_white
#--------------------------------------------
#@# AvgCurv lh Fri Mar 13 07:52:09 CET 2026
/out/sourcedata/freesurfer/sub-v2s4x29624_ses-1/scripts

 mrisp_paint -a 5 /opt/freesurfer/average/lh.folding.atlas.acfb40.noaparc.i12.2016-08-02.tif#6 ../surf/lh.sphere.reg ../surf/lh.avg_curv 

averaging curvature patterns 5 times...
reading surface from ../surf/lh.sphere.reg...
reading template parameterization from /opt/freesurfer/average/lh.folding.atlas.acfb40.noaparc.i12.2016-08-02.tif...
writing curvature file to ../surf/lh.avg_curv...
#-----------------------------------------
#@# Cortical Parc lh Fri Mar 13 07:52:10 CET 2026
/out/sourcedata/freesurfer/sub-v2s4x29624_ses-1/scripts

 mris_ca_label -l ../label/lh.cortex.label -aseg ../mri/aseg.presurf.mgz -seed 1234 sub-v2s4x29624_ses-1 lh ../surf/lh.sphere.reg /opt/freesurfer/average/lh.DKaparc.atlas.acfb40.noaparc.i12.2016-08-02.gcs ../label/lh.aparc.annot 

setting seed for random number generator to 1234
using ../mri/aseg.presurf.mgz aseg volume to correct midline
7.3.2
  7.3.2
reading atlas from /opt/freesurfer/average/lh.DKaparc.atlas.acfb40.noaparc.i12.2016-08-02.gcs...
reading color table from GCSA file....
average std = 0.8   using min determinant for regularization = 0.006
0 singular and 342 ill-conditioned covariance matrices regularized
input 0: MEAN CURVATURE, flags 0, avgs 5, name mean_curvature
labeling surface...
1247 labels changed using aseg
relabeling using gibbs priors...
000:   3031 changed, 127026 examined...
001:    715 changed, 12624 examined...
002:    160 changed, 4064 examined...
003:     59 changed, 983 examined...
004:     17 changed, 373 examined...
005:      5 changed, 110 examined...
006:      3 changed, 31 examined...
007:      2 changed, 20 examined...
008:      2 changed, 15 examined...
009:      2 changed, 9 examined...
010:      2 changed, 10 examined...
011:      0 changed, 14 examined...
205 labels changed using aseg
000: 101 total segments, 62 labels (132 vertices) changed
001: 39 total segments, 0 labels (0 vertices) changed
10 filter iterations complete (10 requested, 3 changed)
rationalizing unknown annotations with cortex label
relabeling unknown label...
relabeling corpuscallosum label...
1544 vertices marked for relabeling...
1544 labels changed in reclassification.
writing output to ../label/lh.aparc.annot...
classification took 0 minutes and 10 seconds.
#--------------------------------------------
#@# WhiteSurfs lh Fri Mar 13 07:52:20 CET 2026
cd /out/sourcedata/freesurfer/sub-v2s4x29624_ses-1/mri
mris_place_surface --adgws-in ../surf/autodet.gw.stats.lh.dat --seg aseg.presurf.mgz --threads 16 --wm wm.mgz --invol brain.finalsurfs.mgz --lh --i ../surf/lh.white.preaparc --o ../surf/lh.white --white --nsmooth 0 --rip-label ../label/lh.cortex.label --rip-bg --rip-surf ../surf/lh.white.preaparc --aparc ../label/lh.aparc.annot
7.3.2
7.3.2

cd /out/sourcedata/freesurfer/sub-v2s4x29624_ses-1/mri
setenv SUBJECTS_DIR /out/sourcedata/freesurfer
mris_place_surface --adgws-in ../surf/autodet.gw.stats.lh.dat --seg aseg.presurf.mgz --threads 16 --wm wm.mgz --invol brain.finalsurfs.mgz --lh --i ../surf/lh.white.preaparc --o ../surf/lh.white --white --nsmooth 0 --rip-label ../label/lh.cortex.label --rip-bg --rip-surf ../surf/lh.white.preaparc --aparc ../label/lh.aparc.annot 

Reading in input surface ../surf/lh.white.preaparc
Not smoothing input surface
Area    254048  0.33263  0.11754 0.000836   1.8709
Corner  762144 60.00000 13.68252 0.363021 178.7856
Edge    381072  0.88632  0.19433 0.023217   3.8155
Hinge   381072  9.92786 11.01683 0.000020 179.9183
Reading in aparc ../label/lh.aparc.annot
Reading in input volume brain.finalsurfs.mgz
Reading in wm volume wm.mgz
MRIclipBrightWM(): nthresh=21886, wmmin=5, clip=110 
MRIfindBrightNonWM(): 50 bright non-wm voxels segmented.
Masking bright non-wm for white surface
MRImask(): AllowDiffGeom = 1
MRImask(): AllowDiffGeom = 1
Reading in seg volume aseg.presurf.mgz
Ripping frozen voxels
Ripping vertices not in label ../label/lh.cortex.label
MRISripNotLabel() ripped 7314/127026 vertices (119712 unripped)
Reading in ripping surface ../surf/lh.white.preaparc
Reading in aparc ../label/lh.aparc.annot for ripsurf
Ripping BG
MRISripBasalGanglia(): 1 -2 2 0.5 ripped 374
Ripping segs (eg, WMSA, BG, frozen)
Starting MRISripSegs() d = (-2 2 0.5) segnos: 247 
MRISripSegs(): -2 2 0.5 ripped 0
vertex 63513: xyz = (-17.7004,4.58935,71.9277) oxyz = (-17.7004,4.58935,71.9277) wxzy = (-17.7004,4.58935,71.9277) pxyz = (0,0,0) 
CBVO Creating mask 127026
n_averages 4
Iteration 0 =========================================
n_averages=4, current_sigma=2
Computing target border values 
Entering MRIScomputeBorderValues_new(): 
  inside_hi   = 120.0000000;
  border_hi   = 112.4077610;
  border_low  =  86.0000000;
  outside_low =  77.0615080;
  outside_hi  = 112.4077610;
  sigma = 2;
  max_thickness = 10;
  step_size=0.5;
  STEP_SIZE=0.1;
  which = 1
  thresh = 0
  flags = 0
  CBVfindFirstPeakD1=0
  CBVfindFirstPeakD2=0
  nvertices=127026
  Gdiag_no=-1
  vno start=0, stop=127026
Replacing 255s with 0s
#SI# sigma=2 had to be increased for 116 vertices, nripped=7688
mean border=92.8, 55 (55) missing vertices, mean dist 0.4 [1.2 (%14.3)->0.7 (%85.7))]
%61 local maxima, %33 large gradients and % 0 min vals, 0 gradients ignored
nFirstPeakD1 0
MRIScomputeBorderValues_new() finished in 0.0128 min


Finding expansion regions
mean absolute distance = 0.73 +- 0.98
2612 vertices more than 2 sigmas from mean.
Averaging target values for 5 iterations...
Positioning Surface: tspring = 0.3, nspring = 0.3, spring = 0, niters = 100 l_repulse = 5, l_surf_repulse = 0, checktol = 0
Positioning pial surface
Entering MRISpositionSurface()
  max_mm = 0.3
  MAX_REDUCTIONS = 2, REDUCTION_PCT = 0.5
  parms->check_tol = 0, niterations = 100
tol=1.0e-04, sigma=2.0, host=dna01, nav=4, nbrs=2, l_repulse=5.000, l_tspring=0.300, l_nspring=0.300, l_intensity=0.200, l_curv=1.000
mom=0.00, dt=0.50
complete_dist_mat 0
rms 0
smooth_averages 0
remove_neg 0
ico_order 0
which_surface 0
target_radius 0.000000
nfields 0
scale 0.000000
desired_rms_height 0.000000
momentum 0.000000
nbhd_size 0
max_nbrs 0
niterations 100
nsurfaces 0
SURFACES 3
flags 0 (0)
use curv 0
no sulc 0
no rigid align 0
mris->nsize 2
mris->hemisphere 0
randomSeed 0

000: dt: 0.0000, sse=804440.5, rms=5.115
001: dt: 0.5000, sse=392086.4, rms=3.008 (41.193%)
002: dt: 0.5000, sse=267466.4, rms=1.949 (35.221%)
003: dt: 0.5000, sse=233237.1, rms=1.514 (22.312%)
004: dt: 0.5000, sse=219244.2, rms=1.303 (13.943%)
005: dt: 0.5000, sse=213919.4, rms=1.204 (7.575%)
rms = 1.1571/1.2041, sse=210529.3/213919.4, time step reduction 1 of 3 to 0.250  0 0 1
006: dt: 0.5000, sse=210529.3, rms=1.157 (3.902%)
007: dt: 0.2500, sse=202548.8, rms=0.982 (15.095%)
rms = 0.9557/0.9825, sse=202322.5/202548.8, time step reduction 2 of 3 to 0.125  0 0 1
008: dt: 0.2500, sse=202322.5, rms=0.956 (2.727%)
rms = 0.9479/0.9557, sse=203489.9/202322.5, time step reduction 3 of 3 to 0.062  0 1 1
009: dt: 0.1250, sse=203489.9, rms=0.948 (0.814%)
  maximum number of reductions reached, breaking from loop
positioning took 0.8 minutes
Iteration 1 =========================================
n_averages=2, current_sigma=1
Computing target border values 
Entering MRIScomputeBorderValues_new(): 
  inside_hi   = 120.0000000;
  border_hi   = 112.4077610;
  border_low  =  86.0000000;
  outside_low =  77.0615080;
  outside_hi  = 112.4077610;
  sigma = 1;
  max_thickness = 10;
  step_size=0.5;
  STEP_SIZE=0.1;
  which = 1
  thresh = 0
  flags = 0
  CBVfindFirstPeakD1=0
  CBVfindFirstPeakD2=0
  nvertices=127026
  Gdiag_no=-1
  vno start=0, stop=127026
Replacing 255s with 0s
#SI# sigma=1 had to be increased for 86 vertices, nripped=7688
mean border=94.5, 42 (6) missing vertices, mean dist -0.2 [0.5 (%69.6)->0.3 (%30.4))]
%74 local maxima, %20 large gradients and % 0 min vals, 0 gradients ignored
nFirstPeakD1 0
MRIScomputeBorderValues_new() finished in 0.0093 min


Finding expansion regions
mean absolute distance = 0.41 +- 0.69
2698 vertices more than 2 sigmas from mean.
Averaging target values for 5 iterations...
Positioning Surface: tspring = 0.3, nspring = 0.3, spring = 0, niters = 100 l_repulse = 5, l_surf_repulse = 0, checktol = 0
Positioning pial surface
Entering MRISpositionSurface()
  max_mm = 0.3
  MAX_REDUCTIONS = 2, REDUCTION_PCT = 0.5
  parms->check_tol = 0, niterations = 100
tol=1.0e-04, sigma=1.0, host=dna01, nav=2, nbrs=2, l_repulse=5.000, l_tspring=0.300, l_nspring=0.300, l_intensity=0.200, l_curv=1.000
mom=0.00, dt=0.50
000: dt: 0.0000, sse=375668.1, rms=2.753
010: dt: 0.5000, sse=267570.8, rms=1.629 (40.835%)
011: dt: 0.5000, sse=234031.1, rms=1.209 (25.781%)
012: dt: 0.5000, sse=224877.0, rms=1.055 (12.703%)
013: dt: 0.5000, sse=221914.1, rms=0.997 (5.578%)
rms = 1.0160/0.9966, sse=229538.1/221914.1, time step reduction 1 of 3 to 0.250  0 1 1
   RMS increased, rejecting step
014: dt: 0.2500, sse=217252.1, rms=0.881 (11.577%)
rms = 0.8340/0.8812, sse=221480.9/217252.1, time step reduction 2 of 3 to 0.125  0 1 1
015: dt: 0.2500, sse=221480.9, rms=0.834 (5.360%)
rms = 0.8271/0.8340, sse=215525.1/221480.9, time step reduction 3 of 3 to 0.062  0 0 1
016: dt: 0.1250, sse=215525.0, rms=0.827 (0.822%)
  maximum number of reductions reached, breaking from loop
positioning took 0.7 minutes
Iteration 2 =========================================
n_averages=1, current_sigma=0.5
Computing target border values 
Entering MRIScomputeBorderValues_new(): 
  inside_hi   = 120.0000000;
  border_hi   = 112.4077610;
  border_low  =  86.0000000;
  outside_low =  77.0615080;
  outside_hi  = 112.4077610;
  sigma = 0.5;
  max_thickness = 10;
  step_size=0.5;
  STEP_SIZE=0.1;
  which = 1
  thresh = 0
  flags = 0
  CBVfindFirstPeakD1=0
  CBVfindFirstPeakD2=0
  nvertices=127026
  Gdiag_no=-1
  vno start=0, stop=127026
Replacing 255s with 0s
#SI# sigma=0.5 had to be increased for 68 vertices, nripped=7688
mean border=96.2, 61 (5) missing vertices, mean dist -0.2 [0.4 (%72.2)->0.2 (%27.8))]
%86 local maxima, % 8 large gradients and % 0 min vals, 0 gradients ignored
nFirstPeakD1 0
MRIScomputeBorderValues_new() finished in 0.0054 min


Finding expansion regions
mean absolute distance = 0.32 +- 0.46
4341 vertices more than 2 sigmas from mean.
Averaging target values for 5 iterations...
Positioning Surface: tspring = 0.3, nspring = 0.3, spring = 0, niters = 100 l_repulse = 5, l_surf_repulse = 0, checktol = 0
Positioning pial surface
Entering MRISpositionSurface()
  max_mm = 0.3
  MAX_REDUCTIONS = 2, REDUCTION_PCT = 0.5
  parms->check_tol = 0, niterations = 100
tol=1.0e-04, sigma=0.5, host=dna01, nav=1, nbrs=2, l_repulse=5.000, l_tspring=0.300, l_nspring=0.300, l_intensity=0.200, l_curv=1.000
mom=0.00, dt=0.50
000: dt: 0.0000, sse=327797.6, rms=2.372
017: dt: 0.5000, sse=237743.2, rms=1.335 (43.731%)
018: dt: 0.5000, sse=216800.7, rms=1.001 (25.027%)
019: dt: 0.5000, sse=212124.4, rms=0.931 (7.006%)
rms = 0.9246/0.9305, sse=211740.8/212124.4, time step reduction 1 of 3 to 0.250  0 0 1
020: dt: 0.5000, sse=211740.8, rms=0.925 (0.642%)
021: dt: 0.2500, sse=206871.3, rms=0.777 (15.911%)
rms = 0.7667/0.7775, sse=204159.9/206871.3, time step reduction 2 of 3 to 0.125  0 0 1
022: dt: 0.2500, sse=204159.9, rms=0.767 (1.378%)
rms = 0.7651/0.7667, sse=203858.0/204159.9, time step reduction 3 of 3 to 0.062  0 0 1
023: dt: 0.1250, sse=203858.0, rms=0.765 (0.216%)
  maximum number of reductions reached, breaking from loop
positioning took 0.6 minutes
Iteration 3 =========================================
n_averages=0, current_sigma=0.25
Computing target border values 
Entering MRIScomputeBorderValues_new(): 
  inside_hi   = 120.0000000;
  border_hi   = 112.4077610;
  border_low  =  86.0000000;
  outside_low =  77.0615080;
  outside_hi  = 112.4077610;
  sigma = 0.25;
  max_thickness = 10;
  step_size=0.5;
  STEP_SIZE=0.1;
  which = 1
  thresh = 0
  flags = 0
  CBVfindFirstPeakD1=0
  CBVfindFirstPeakD2=0
  nvertices=127026
  Gdiag_no=-1
  vno start=0, stop=127026
Replacing 255s with 0s
#SI# sigma=0.25 had to be increased for 108 vertices, nripped=7688
mean border=96.7, 80 (3) missing vertices, mean dist -0.1 [0.2 (%57.5)->0.2 (%42.5))]
%89 local maxima, % 5 large gradients and % 0 min vals, 0 gradients ignored
nFirstPeakD1 0
MRIScomputeBorderValues_new() finished in 0.0035 min


Finding expansion regions
mean absolute distance = 0.23 +- 0.35
3848 vertices more than 2 sigmas from mean.
Averaging target values for 5 iterations...
Positioning Surface: tspring = 0.3, nspring = 0.3, spring = 0, niters = 100 l_repulse = 5, l_surf_repulse = 0, checktol = 0
Positioning pial surface
Entering MRISpositionSurface()
  max_mm = 0.3
  MAX_REDUCTIONS = 2, REDUCTION_PCT = 0.5
  parms->check_tol = 0, niterations = 100
tol=1.0e-04, sigma=0.2, host=dna01, nav=0, nbrs=2, l_repulse=5.000, l_tspring=0.300, l_nspring=0.300, l_intensity=0.200, l_curv=1.000
mom=0.00, dt=0.50
000: dt: 0.0000, sse=212992.1, rms=1.075
024: dt: 0.5000, sse=200363.3, rms=0.671 (37.648%)
rms = 0.7611/0.6705, sse=211424.3/200363.3, time step reduction 1 of 3 to 0.250  0 1 1
   RMS increased, rejecting step
rms = 0.6319/0.6705, sse=198734.9/200363.3, time step reduction 2 of 3 to 0.125  0 0 1
025: dt: 0.2500, sse=198734.9, rms=0.632 (5.759%)
rms = 0.6248/0.6319, sse=197530.8/198734.9, time step reduction 3 of 3 to 0.062  0 0 1
026: dt: 0.1250, sse=197530.8, rms=0.625 (1.123%)
  maximum number of reductions reached, breaking from loop
positioning took 0.3 minutes


Writing output to ../surf/lh.white
#ET# mris_place_surface  2.43 minutes
#VMPC# mris_place_surfaces VmPeak  2957784
mris_place_surface done
#--------------------------------------------
#@# T1PialSurf lh Fri Mar 13 07:54:52 CET 2026
cd /out/sourcedata/freesurfer/sub-v2s4x29624_ses-1/mri
mris_place_surface --adgws-in ../surf/autodet.gw.stats.lh.dat --seg aseg.presurf.mgz --threads 16 --wm wm.mgz --invol brain.finalsurfs.mgz --lh --i ../surf/lh.white --o ../surf/lh.pial.T1 --pial --nsmooth 0 --rip-label ../label/lh.cortex+hipamyg.label --pin-medial-wall ../label/lh.cortex.label --aparc ../label/lh.aparc.annot --repulse-surf ../surf/lh.white --white-surf ../surf/lh.white
7.3.2
7.3.2

cd /out/sourcedata/freesurfer/sub-v2s4x29624_ses-1/mri
setenv SUBJECTS_DIR /out/sourcedata/freesurfer
mris_place_surface --adgws-in ../surf/autodet.gw.stats.lh.dat --seg aseg.presurf.mgz --threads 16 --wm wm.mgz --invol brain.finalsurfs.mgz --lh --i ../surf/lh.white --o ../surf/lh.pial.T1 --pial --nsmooth 0 --rip-label ../label/lh.cortex+hipamyg.label --pin-medial-wall ../label/lh.cortex.label --aparc ../label/lh.aparc.annot --repulse-surf ../surf/lh.white --white-surf ../surf/lh.white 

Reading in input surface ../surf/lh.white
Not smoothing input surface
Area    254048  0.33561  0.13167 0.000338   2.0644
Corner  762144 60.00000 15.12331 0.225721 179.1822
Edge    381072  0.89173  0.21441 0.019556   3.8155
Hinge   381072  9.97948 11.09080 0.000077 179.5010
Reading white surface coordinates from ../surf/lh.white
Reading repulsion surface coordinates from ../surf/lh.white
Reading in aparc ../label/lh.aparc.annot
Reading in input volume brain.finalsurfs.mgz
Reading in wm volume wm.mgz
MRIclipBrightWM(): nthresh=21886, wmmin=5, clip=110 
MRIfindBrightNonWM(): 50 bright non-wm voxels segmented.
Masking bright non-wm for pial surface mid_gray = 80.3884
MRImask(): AllowDiffGeom = 1
MRImask(): AllowDiffGeom = 1
MRImask(): AllowDiffGeom = 1
Reading in seg volume aseg.presurf.mgz
Ripping frozen voxels
Ripping vertices not in label ../label/lh.cortex+hipamyg.label
MRISripNotLabel() ripped 5579/127026 vertices (121447 unripped)
INFO: rip surface needed but not specified, so using input surface
Ripping segs (eg, WMSA, BG, frozen)
Starting MRISripSegs() d = (-2 2 0.5) segnos: 247 
MRISripSegs(): -2 2 0.5 ripped 0
vertex 63513: xyz = (-17.7179,4.59678,71.9128) oxyz = (-17.7179,4.59678,71.9128) wxzy = (-17.7179,4.59678,71.9128) pxyz = (-17.7179,4.59678,71.9128) 
CBVO Creating mask 127026
n_averages 16
Iteration 0 =========================================
n_averages=16, current_sigma=2
Computing target border values 
Entering MRIScomputeBorderValues_new(): 
  inside_hi   = 101.5922390;
  border_hi   =  77.0615080;
  border_low  =  59.1845210;
  outside_low =  10.0000000;
  outside_hi  =  72.5922620;
  sigma = 2;
  max_thickness = 10;
  step_size=0.5;
  STEP_SIZE=0.1;
  which = 2
  thresh = 0
  flags = 0
  CBVfindFirstPeakD1=0
  CBVfindFirstPeakD2=0
  nvertices=127026
  Gdiag_no=-1
  vno start=0, stop=127026
Replacing 255s with 0s
#SI# sigma=2 had to be increased for 141 vertices, nripped=5579
mean border=75.1, 92 (92) missing vertices, mean dist 1.7 [1.3 (%0.0)->3.2 (%100.0))]
%17 local maxima, %34 large gradients and %44 min vals, 0 gradients ignored
nFirstPeakD1 0
MRIScomputeBorderValues_new() finished in 0.0110 min


Averaging target values for 5 iterations...
Positioning Surface: tspring = 0.3, nspring = 0.3, spring = 0, niters = 100 l_repulse = 0, l_surf_repulse = 5, checktol = 0
Positioning pial surface
Entering MRISpositionSurface()
  max_mm = 0.3
  MAX_REDUCTIONS = 2, REDUCTION_PCT = 0.5
  parms->check_tol = 0, niterations = 100
tol=1.0e-04, sigma=2.0, host=dna01, nav=16, nbrs=2, l_surf_repulse=5.000, l_tspring=0.300, l_nspring=0.300, l_intensity=0.200, l_curv=1.000
mom=0.00, dt=0.50
complete_dist_mat 0
rms 0
smooth_averages 0
remove_neg 0
ico_order 0
which_surface 0
target_radius 0.000000
nfields 0
scale 0.000000
desired_rms_height 0.000000
momentum 0.000000
nbhd_size 0
max_nbrs 0
niterations 100
nsurfaces 0
SURFACES 3
flags 0 (0)
use curv 0
no sulc 0
no rigid align 0
mris->nsize 2
mris->hemisphere 0
randomSeed 0

000: dt: 0.0000, sse=12388322.0, rms=22.426
001: dt: 0.5000, sse=9457700.0, rms=19.550 (12.827%)
002: dt: 0.5000, sse=7294886.5, rms=17.118 (12.437%)
003: dt: 0.5000, sse=5817428.0, rms=15.234 (11.006%)
004: dt: 0.5000, sse=4798229.0, rms=13.784 (9.521%)
005: dt: 0.5000, sse=4005666.5, rms=12.539 (9.030%)
006: dt: 0.5000, sse=3283893.5, rms=11.286 (9.995%)
007: dt: 0.5000, sse=2595066.0, rms=9.943 (11.898%)
008: dt: 0.5000, sse=1996262.6, rms=8.606 (13.443%)
009: dt: 0.5000, sse=1519231.8, rms=7.369 (14.375%)
010: dt: 0.5000, sse=1162170.1, rms=6.284 (14.728%)
011: dt: 0.5000, sse=916157.7, rms=5.409 (13.919%)
012: dt: 0.5000, sse=764649.1, rms=4.790 (11.453%)
013: dt: 0.5000, sse=672094.8, rms=4.366 (8.839%)
014: dt: 0.5000, sse=622149.6, rms=4.117 (5.710%)
015: dt: 0.5000, sse=589943.6, rms=3.947 (4.137%)
016: dt: 0.5000, sse=567956.4, rms=3.825 (3.094%)
017: dt: 0.5000, sse=550690.9, rms=3.726 (2.581%)
018: dt: 0.5000, sse=537921.1, rms=3.650 (2.043%)
rms = 3.6056/3.6498, sse=530849.6/537921.1, time step reduction 1 of 3 to 0.250  0 0 1
019: dt: 0.5000, sse=530849.6, rms=3.606 (1.210%)
020: dt: 0.2500, sse=421241.8, rms=2.886 (19.966%)
021: dt: 0.2500, sse=399871.1, rms=2.725 (5.579%)
rms = 2.6891/2.7247, sse=395517.9/399871.1, time step reduction 2 of 3 to 0.125  0 0 1
022: dt: 0.2500, sse=395517.9, rms=2.689 (1.306%)
023: dt: 0.1250, sse=380186.3, rms=2.564 (4.640%)
rms = 2.5395/2.5644, sse=377281.1/380186.3, time step reduction 3 of 3 to 0.062  0 0 1
024: dt: 0.1250, sse=377281.1, rms=2.539 (0.970%)
  maximum number of reductions reached, breaking from loop
positioning took 1.7 minutes
Iteration 1 =========================================
n_averages=8, current_sigma=1
Computing target border values 
Entering MRIScomputeBorderValues_new(): 
  inside_hi   = 101.5922390;
  border_hi   =  77.0615080;
  border_low  =  59.1845210;
  outside_low =  10.0000000;
  outside_hi  =  72.5922620;
  sigma = 1;
  max_thickness = 10;
  step_size=0.5;
  STEP_SIZE=0.1;
  which = 2
  thresh = 0
  flags = 0
  CBVfindFirstPeakD1=0
  CBVfindFirstPeakD2=0
  nvertices=127026
  Gdiag_no=-1
  vno start=0, stop=127026
Replacing 255s with 0s
#SI# sigma=1 had to be increased for 12894 vertices, nripped=5579
mean border=74.1, 1949 (31) missing vertices, mean dist 0.1 [0.1 (%40.5)->0.5 (%59.5))]
%30 local maxima, %25 large gradients and %39 min vals, 0 gradients ignored
nFirstPeakD1 0
MRIScomputeBorderValues_new() finished in 0.0032 min


Averaging target values for 5 iterations...
Positioning Surface: tspring = 0.3, nspring = 0.3, spring = 0, niters = 100 l_repulse = 0, l_surf_repulse = 5, checktol = 0
Positioning pial surface
Entering MRISpositionSurface()
  max_mm = 0.3
  MAX_REDUCTIONS = 2, REDUCTION_PCT = 0.5
  parms->check_tol = 0, niterations = 100
tol=1.0e-04, sigma=1.0, host=dna01, nav=8, nbrs=2, l_surf_repulse=5.000, l_tspring=0.300, l_nspring=0.300, l_intensity=0.200, l_curv=1.000
mom=0.00, dt=0.50
000: dt: 0.0000, sse=512643.4, rms=3.203
rms = 3.2906/3.2035, sse=526786.1/512643.4, time step reduction 1 of 3 to 0.250  0 1 1
   RMS increased, rejecting step
025: dt: 0.2500, sse=467109.5, rms=2.892 (9.715%)
026: dt: 0.2500, sse=438866.1, rms=2.680 (7.351%)
rms = 2.6326/2.6796, sse=432860.4/438866.1, time step reduction 2 of 3 to 0.125  0 0 1
027: dt: 0.2500, sse=432860.4, rms=2.633 (1.754%)
028: dt: 0.1250, sse=420367.4, rms=2.529 (3.933%)
rms = 2.4950/2.5291, sse=416317.2/420367.4, time step reduction 3 of 3 to 0.062  0 0 1
029: dt: 0.1250, sse=416317.2, rms=2.495 (1.347%)
  maximum number of reductions reached, breaking from loop
positioning took 0.4 minutes
Iteration 2 =========================================
n_averages=4, current_sigma=0.5
Computing target border values 
Entering MRIScomputeBorderValues_new(): 
  inside_hi   = 101.5922390;
  border_hi   =  77.0615080;
  border_low  =  59.1845210;
  outside_low =  10.0000000;
  outside_hi  =  72.5922620;
  sigma = 0.5;
  max_thickness = 10;
  step_size=0.5;
  STEP_SIZE=0.1;
  which = 2
  thresh = 0
  flags = 0
  CBVfindFirstPeakD1=0
  CBVfindFirstPeakD2=0
  nvertices=127026
  Gdiag_no=-1
  vno start=0, stop=127026
Replacing 255s with 0s
#SI# sigma=0.5 had to be increased for 14039 vertices, nripped=5579
mean border=73.8, 2163 (25) missing vertices, mean dist 0.1 [0.2 (%41.0)->0.4 (%59.0))]
%41 local maxima, %14 large gradients and %40 min vals, 0 gradients ignored
nFirstPeakD1 0
MRIScomputeBorderValues_new() finished in 0.0020 min


Averaging target values for 5 iterations...
Positioning Surface: tspring = 0.3, nspring = 0.3, spring = 0, niters = 100 l_repulse = 0, l_surf_repulse = 5, checktol = 0
Positioning pial surface
Entering MRISpositionSurface()
  max_mm = 0.3
  MAX_REDUCTIONS = 2, REDUCTION_PCT = 0.5
  parms->check_tol = 0, niterations = 100
tol=1.0e-04, sigma=0.5, host=dna01, nav=4, nbrs=2, l_surf_repulse=5.000, l_tspring=0.300, l_nspring=0.300, l_intensity=0.200, l_curv=1.000
mom=0.00, dt=0.50
000: dt: 0.0000, sse=436606.2, rms=2.645
rms = 2.8792/2.6452, sse=467132.0/436606.2, time step reduction 1 of 3 to 0.250  0 1 1
   RMS increased, rejecting step
030: dt: 0.2500, sse=417604.9, rms=2.492 (5.804%)
rms = 2.4452/2.4916, sse=411870.5/417604.9, time step reduction 2 of 3 to 0.125  0 0 1
031: dt: 0.2500, sse=411870.5, rms=2.445 (1.865%)
rms = 2.3953/2.4452, sse=406208.9/411870.5, time step reduction 3 of 3 to 0.062  0 0 1
032: dt: 0.1250, sse=406208.8, rms=2.395 (2.042%)
  maximum number of reductions reached, breaking from loop
positioning took 0.2 minutes
Iteration 3 =========================================
n_averages=2, current_sigma=0.25
Computing target border values 
Entering MRIScomputeBorderValues_new(): 
  inside_hi   = 101.5922390;
  border_hi   =  77.0615080;
  border_low  =  59.1845210;
  outside_low =  10.0000000;
  outside_hi  =  72.5922620;
  sigma = 0.25;
  max_thickness = 10;
  step_size=0.5;
  STEP_SIZE=0.1;
  which = 2
  thresh = 0
  flags = 0
  CBVfindFirstPeakD1=0
  CBVfindFirstPeakD2=0
  nvertices=127026
  Gdiag_no=-1
  vno start=0, stop=127026
Replacing 255s with 0s
#SI# sigma=0.25 had to be increased for 11768 vertices, nripped=5579
mean border=73.4, 5241 (19) missing vertices, mean dist 0.1 [0.2 (%42.8)->0.3 (%57.2))]
%43 local maxima, %11 large gradients and %38 min vals, 0 gradients ignored
nFirstPeakD1 0
MRIScomputeBorderValues_new() finished in 0.0013 min


Averaging target values for 5 iterations...
Positioning Surface: tspring = 0.3, nspring = 0.3, spring = 0, niters = 100 l_repulse = 0, l_surf_repulse = 5, checktol = 0
Positioning pial surface
Entering MRISpositionSurface()
  max_mm = 0.3
  MAX_REDUCTIONS = 2, REDUCTION_PCT = 0.5
  parms->check_tol = 0, niterations = 100
tol=1.0e-04, sigma=0.2, host=dna01, nav=2, nbrs=2, l_surf_repulse=5.000, l_tspring=0.300, l_nspring=0.300, l_intensity=0.200, l_curv=1.000
mom=0.00, dt=0.50
000: dt: 0.0000, sse=415258.9, rms=2.472
rms = 2.6696/2.4717, sse=438132.0/415258.9, time step reduction 1 of 3 to 0.250  0 1 1
   RMS increased, rejecting step
033: dt: 0.2500, sse=405425.2, rms=2.389 (3.362%)
rms = 2.3561/2.3886, sse=400971.8/405425.2, time step reduction 2 of 3 to 0.125  0 0 1
034: dt: 0.2500, sse=400971.8, rms=2.356 (1.362%)
rms = 2.3066/2.3561, sse=395505.8/400971.8, time step reduction 3 of 3 to 0.062  0 0 1
035: dt: 0.1250, sse=395505.8, rms=2.307 (2.102%)
  maximum number of reductions reached, breaking from loop
positioning took 0.2 minutes
Pinning medial wall to white surface
removing intersecting faces
000: 7 intersecting
terminating search with 0 intersecting


Writing output to ../surf/lh.pial.T1
#ET# mris_place_surface  2.77 minutes
#VMPC# mris_place_surfaces VmPeak  2340560
mris_place_surface done
#@# white curv lh Fri Mar 13 07:57:45 CET 2026
cd /out/sourcedata/freesurfer/sub-v2s4x29624_ses-1/mri
mris_place_surface --curv-map ../surf/lh.white 2 10 ../surf/lh.curv
insurf  ../surf/lh.white, nbrs 2, curvature_avgs 10
writing curvature file ../surf/lh.curv
#@# white area lh Fri Mar 13 07:57:47 CET 2026
cd /out/sourcedata/freesurfer/sub-v2s4x29624_ses-1/mri
mris_place_surface --area-map ../surf/lh.white ../surf/lh.area
writing curvature file ../surf/lh.area
#@# pial curv lh Fri Mar 13 07:57:47 CET 2026
cd /out/sourcedata/freesurfer/sub-v2s4x29624_ses-1/mri
mris_place_surface --curv-map ../surf/lh.pial 2 10 ../surf/lh.curv.pial
insurf  ../surf/lh.pial, nbrs 2, curvature_avgs 10
writing curvature file ../surf/lh.curv.pial
#@# pial area lh Fri Mar 13 07:57:49 CET 2026
cd /out/sourcedata/freesurfer/sub-v2s4x29624_ses-1/mri
mris_place_surface --area-map ../surf/lh.pial ../surf/lh.area.pial
writing curvature file ../surf/lh.area.pial
#@# thickness lh Fri Mar 13 07:57:50 CET 2026
cd /out/sourcedata/freesurfer/sub-v2s4x29624_ses-1/mri
mris_place_surface --thickness ../surf/lh.white ../surf/lh.pial 20 5 ../surf/lh.thickness
0 of 127026 vertices processed
25000 of 127026 vertices processed
50000 of 127026 vertices processed
75000 of 127026 vertices processed
100000 of 127026 vertices processed
125000 of 127026 vertices processed
0 of 127026 vertices processed
25000 of 127026 vertices processed
50000 of 127026 vertices processed
75000 of 127026 vertices processed
100000 of 127026 vertices processed
125000 of 127026 vertices processed
thickness calculation complete, 322:886 truncations.
54132 vertices at 0 distance
102990 vertices at 1 distance
60233 vertices at 2 distance
22392 vertices at 3 distance
8418 vertices at 4 distance
3426 vertices at 5 distance
1324 vertices at 6 distance
546 vertices at 7 distance
198 vertices at 8 distance
111 vertices at 9 distance
69 vertices at 10 distance
47 vertices at 11 distance
29 vertices at 12 distance
13 vertices at 13 distance
19 vertices at 14 distance
23 vertices at 15 distance
22 vertices at 16 distance
19 vertices at 17 distance
13 vertices at 18 distance
15 vertices at 19 distance
13 vertices at 20 distance
writing curvature file ../surf/lh.thickness
#@# area and vertex vol lh Fri Mar 13 07:58:18 CET 2026
cd /out/sourcedata/freesurfer/sub-v2s4x29624_ses-1/mri
mris_place_surface --thickness ../surf/lh.white ../surf/lh.pial 20 5 ../surf/lh.thickness
/out/sourcedata/freesurfer/sub-v2s4x29624_ses-1/surf
mris_calc -o lh.area.mid lh.area add lh.area.pial
Saving result to 'lh.area.mid' (type = MRI_CURV_FILE)                       [ ok ]
mris_calc -o lh.area.mid lh.area.mid div 2
Saving result to 'lh.area.mid' (type = MRI_CURV_FILE)                       [ ok ]
mris_convert --volume sub-v2s4x29624_ses-1 lh /out/sourcedata/freesurfer/sub-v2s4x29624_ses-1/surf/lh.volume
masking with /out/sourcedata/freesurfer/sub-v2s4x29624_ses-1/label/lh.cortex.label
Total face volume 237244
Total vertex volume 237034 (mask=0)
#@# sub-v2s4x29624_ses-1 lh 237034
 
vertexvol Done

#-----------------------------------------
#@# Curvature Stats lh Fri Mar 13 07:58:20 CET 2026
/out/sourcedata/freesurfer/sub-v2s4x29624_ses-1/surf

 mris_curvature_stats -m --writeCurvatureFiles -G -o ../stats/lh.curv.stats -F smoothwm sub-v2s4x29624_ses-1 lh curv sulc 

             Toggling save flag on curvature files                       [ ok ]
                 Outputting results using filestem   [ ../stats/lh.curv.stats ]
             Toggling save flag on curvature files                       [ ok ]
                                   Setting surface [ sub-v2s4x29624_ses-1/lh.smoothwm ]
                                Reading surface...                       [ ok ]
                                   Setting texture                     [ curv ]
                                Reading texture...                       [ ok ]
                                   Setting texture                     [ sulc ]
                                Reading texture...Gb_filter = 0
                       [ ok ]
      Calculating Discrete Principal Curvatures...
      Determining geometric order for vno faces... [####################] [ ok ]
                      Determining KH curvatures... [####################] [ ok ]
                    Determining k1k2 curvatures... [####################] [ ok ]
                                   deltaViolations                      [ 221 ]
Gb_filter = 0

WARN:    S lookup   min:                          -0.030878
WARN:    S explicit min:                          0.000000	vertex = 398
#-----------------------------------------
#@# Cortical Parc 2 lh Fri Mar 13 07:58:23 CET 2026
/out/sourcedata/freesurfer/sub-v2s4x29624_ses-1/scripts

 mris_ca_label -l ../label/lh.cortex.label -aseg ../mri/aseg.presurf.mgz -seed 1234 sub-v2s4x29624_ses-1 lh ../surf/lh.sphere.reg /opt/freesurfer/average/lh.CDaparc.atlas.acfb40.noaparc.i12.2016-08-02.gcs ../label/lh.aparc.a2009s.annot 

setting seed for random number generator to 1234
using ../mri/aseg.presurf.mgz aseg volume to correct midline
7.3.2
  7.3.2
reading atlas from /opt/freesurfer/average/lh.CDaparc.atlas.acfb40.noaparc.i12.2016-08-02.gcs...
reading color table from GCSA file....
average std = 3.0   using min determinant for regularization = 0.088
0 singular and 0 ill-conditioned covariance matrices regularized
input 0: MEAN CURVATURE, flags 0, avgs 5, name mean_curvature
labeling surface...
6 labels changed using aseg
relabeling using gibbs priors...
000:   8639 changed, 127026 examined...
001:   1927 changed, 33275 examined...
002:    609 changed, 10351 examined...
003:    268 changed, 3435 examined...
004:    129 changed, 1526 examined...
005:     71 changed, 748 examined...
006:     30 changed, 400 examined...
007:     13 changed, 175 examined...
008:      3 changed, 69 examined...
009:      2 changed, 21 examined...
010:      3 changed, 15 examined...
011:      2 changed, 18 examined...
012:      3 changed, 10 examined...
013:      2 changed, 14 examined...
014:      0 changed, 9 examined...
1 labels changed using aseg
000: 239 total segments, 153 labels (1918 vertices) changed
001: 97 total segments, 12 labels (31 vertices) changed
002: 85 total segments, 0 labels (0 vertices) changed
10 filter iterations complete (10 requested, 38 changed)
rationalizing unknown annotations with cortex label
relabeling Medial_wall label...
1026 vertices marked for relabeling...
1026 labels changed in reclassification.
writing output to ../label/lh.aparc.a2009s.annot...
classification took 0 minutes and 13 seconds.
#-----------------------------------------
#@# Cortical Parc 3 lh Fri Mar 13 07:58:36 CET 2026
/out/sourcedata/freesurfer/sub-v2s4x29624_ses-1/scripts

 mris_ca_label -l ../label/lh.cortex.label -aseg ../mri/aseg.presurf.mgz -seed 1234 sub-v2s4x29624_ses-1 lh ../surf/lh.sphere.reg /opt/freesurfer/average/lh.DKTaparc.atlas.acfb40.noaparc.i12.2016-08-02.gcs ../label/lh.aparc.DKTatlas.annot 

setting seed for random number generator to 1234
using ../mri/aseg.presurf.mgz aseg volume to correct midline
7.3.2
  7.3.2
reading atlas from /opt/freesurfer/average/lh.DKTaparc.atlas.acfb40.noaparc.i12.2016-08-02.gcs...
reading color table from GCSA file....
average std = 1.4   using min determinant for regularization = 0.020
0 singular and 383 ill-conditioned covariance matrices regularized
input 0: MEAN CURVATURE, flags 0, avgs 5, name mean_curvature
labeling surface...
1594 labels changed using aseg
relabeling using gibbs priors...
000:   1752 changed, 127026 examined...
001:    414 changed, 8365 examined...
002:    134 changed, 2394 examined...
003:     67 changed, 750 examined...
004:     31 changed, 377 examined...
005:     19 changed, 199 examined...
006:     19 changed, 114 examined...
007:     17 changed, 87 examined...
008:     21 changed, 77 examined...
009:     12 changed, 82 examined...
010:     12 changed, 63 examined...
011:     11 changed, 64 examined...
012:     15 changed, 56 examined...
013:      4 changed, 67 examined...
014:      5 changed, 27 examined...
015:      5 changed, 29 examined...
016:      2 changed, 26 examined...
017:      2 changed, 10 examined...
018:      1 changed, 14 examined...
019:      1 changed, 6 examined...
020:      0 changed, 7 examined...
353 labels changed using aseg
000: 50 total segments, 17 labels (114 vertices) changed
001: 33 total segments, 0 labels (0 vertices) changed
8 filter iterations complete (10 requested, 0 changed)
rationalizing unknown annotations with cortex label
relabeling unknown label...
relabeling corpuscallosum label...
600 vertices marked for relabeling...
600 labels changed in reclassification.
writing output to ../label/lh.aparc.DKTatlas.annot...
classification took 0 minutes and 10 seconds.
#-----------------------------------------
#@# WM/GM Contrast lh Fri Mar 13 07:58:45 CET 2026
/out/sourcedata/freesurfer/sub-v2s4x29624_ses-1/scripts

 pctsurfcon --s sub-v2s4x29624_ses-1 --lh-only 

Log file is /out/sourcedata/freesurfer/sub-v2s4x29624_ses-1/scripts/pctsurfcon.log
Fri Mar 13 07:58:46 CET 2026
setenv SUBJECTS_DIR /out/sourcedata/freesurfer
cd /out/sourcedata/freesurfer/sub-v2s4x29624_ses-1/scripts
/opt/freesurfer/bin/pctsurfcon
pctsurfcon 7.3.2
Linux dna017 5.14.0-427.37.1.el9_4.x86_64 #1 SMP PREEMPT_DYNAMIC Fri Sep 13 12:41:50 EDT 2024 x86_64 x86_64 x86_64 GNU/Linux
FREESURFER_HOME /opt/freesurfer
mri_vol2surf --mov /out/sourcedata/freesurfer/sub-v2s4x29624_ses-1/mri/rawavg.mgz --hemi lh --noreshape --interp trilinear --projdist -1 --o /out/sourcedata/freesurfer/sub-v2s4x29624_ses-1/surf/tmp.pctsurfcon.1186434/lh.wm.mgh --regheader sub-v2s4x29624_ses-1 --cortex
srcvol = /out/sourcedata/freesurfer/sub-v2s4x29624_ses-1/mri/rawavg.mgz
srcreg unspecified
srcregold = 0
srcwarp unspecified
surf = white
hemi = lh
ProjDist = -1
reshape = 0
interp = trilinear
float2int = round
GetProjMax = 0
INFO: float2int code = 0
Done loading volume
Computing registration from header.
  Using /out/sourcedata/freesurfer/sub-v2s4x29624_ses-1/mri/orig.mgz as target reference.
-------- original matrix -----------
-1.00000   0.00019   0.00000  -0.00002;
 0.00000   0.00000   1.00000  -0.00002;
-0.00019  -1.00000   0.00000   0.00002;
 0.00000   0.00000   0.00000   1.00000;
-------- original matrix -----------
Loading label /out/sourcedata/freesurfer/sub-v2s4x29624_ses-1/label/lh.cortex.label
Reading surface /out/sourcedata/freesurfer/sub-v2s4x29624_ses-1/surf/lh.white
Done reading source surface
Mapping Source Volume onto Source Subject Surface
Projecting -1 -1 1
 1 -1 -1 -1
using old
Done mapping volume to surface
Number of source voxels hit = 77531
Masking with /out/sourcedata/freesurfer/sub-v2s4x29624_ses-1/label/lh.cortex.label
Writing to /out/sourcedata/freesurfer/sub-v2s4x29624_ses-1/surf/tmp.pctsurfcon.1186434/lh.wm.mgh
Dim: 127026 1 1
mri_vol2surf --mov /out/sourcedata/freesurfer/sub-v2s4x29624_ses-1/mri/rawavg.mgz --hemi lh --noreshape --interp trilinear --o /out/sourcedata/freesurfer/sub-v2s4x29624_ses-1/surf/tmp.pctsurfcon.1186434/lh.gm.mgh --projfrac 0.3 --regheader sub-v2s4x29624_ses-1 --cortex
srcvol = /out/sourcedata/freesurfer/sub-v2s4x29624_ses-1/mri/rawavg.mgz
srcreg unspecified
srcregold = 0
srcwarp unspecified
surf = white
hemi = lh
ProjFrac = 0.3
thickness = thickness
reshape = 0
interp = trilinear
float2int = round
GetProjMax = 0
INFO: float2int code = 0
Done loading volume
Computing registration from header.
  Using /out/sourcedata/freesurfer/sub-v2s4x29624_ses-1/mri/orig.mgz as target reference.
-------- original matrix -----------
-1.00000   0.00019   0.00000  -0.00002;
 0.00000   0.00000   1.00000  -0.00002;
-0.00019  -1.00000   0.00000   0.00002;
 0.00000   0.00000   0.00000   1.00000;
-------- original matrix -----------
Loading label /out/sourcedata/freesurfer/sub-v2s4x29624_ses-1/label/lh.cortex.label
Reading surface /out/sourcedata/freesurfer/sub-v2s4x29624_ses-1/surf/lh.white
Done reading source surface
Reading thickness /out/sourcedata/freesurfer/sub-v2s4x29624_ses-1/surf/lh.thickness
Done
Mapping Source Volume onto Source Subject Surface
Projecting 0.3 0.3 1
 1 0.3 0.3 0.3
using old
Done mapping volume to surface
Number of source voxels hit = 89791
Masking with /out/sourcedata/freesurfer/sub-v2s4x29624_ses-1/label/lh.cortex.label
Writing to /out/sourcedata/freesurfer/sub-v2s4x29624_ses-1/surf/tmp.pctsurfcon.1186434/lh.gm.mgh
Dim: 127026 1 1
mri_concat /out/sourcedata/freesurfer/sub-v2s4x29624_ses-1/surf/tmp.pctsurfcon.1186434/lh.wm.mgh /out/sourcedata/freesurfer/sub-v2s4x29624_ses-1/surf/tmp.pctsurfcon.1186434/lh.gm.mgh --paired-diff-norm --mul 100 --o /out/sourcedata/freesurfer/sub-v2s4x29624_ses-1/surf/lh.w-g.pct.mgh
ninputs = 2
Checking inputs
nframestot = 2
Allocing output
Done allocing
Combining pairs
nframes = 1
Multiplying by 100.000000
Writing to /out/sourcedata/freesurfer/sub-v2s4x29624_ses-1/surf/lh.w-g.pct.mgh
mri_segstats --in /out/sourcedata/freesurfer/sub-v2s4x29624_ses-1/surf/lh.w-g.pct.mgh --annot sub-v2s4x29624_ses-1 lh aparc --sum /out/sourcedata/freesurfer/sub-v2s4x29624_ses-1/stats/lh.w-g.pct.stats --snr

7.3.2
cwd 
cmdline mri_segstats --in /out/sourcedata/freesurfer/sub-v2s4x29624_ses-1/surf/lh.w-g.pct.mgh --annot sub-v2s4x29624_ses-1 lh aparc --sum /out/sourcedata/freesurfer/sub-v2s4x29624_ses-1/stats/lh.w-g.pct.stats --snr 
sysname  Linux
hostname dna017
machine  x86_64
user     oesteban
whitesurfname  white
UseRobust  0
Constructing seg from annotation

Reading annotation /out/sourcedata/freesurfer/sub-v2s4x29624_ses-1/label/lh.aparc.annot
Seg base 1000
Loading /out/sourcedata/freesurfer/sub-v2s4x29624_ses-1/surf/lh.w-g.pct.mgh
Vertex Area is 0.6712 mm^3
Generating list of segmentation ids
Found  36 segmentations
Computing statistics for each segmentation

Reporting on  35 segmentations
Using PrintSegStat
mri_segstats done
Cleaning up

Started at Fri Mar 13 07:36:36 CET 2026 
Ended   at Fri Mar 13 07:58:48 CET 2026
#@#%# recon-all-run-time-hours 0.370
recon-all -s sub-v2s4x29624_ses-1 finished without error at Fri Mar 13 07:58:48 CET 2026



#New# invocation of recon-all 




Fri Mar 13 08:33:56 CET 2026
cd /out/sourcedata/freesurfer/sub-v2s4x29624_ses-1
setenv SUBJECTS_DIR /out/sourcedata/freesurfer
/opt/freesurfer/bin/recon-all -autorecon-hemi lh -nohyporelabel -lh-only -openmp 16 -subjid sub-v2s4x29624_ses-1 -sd /out/sourcedata/freesurfer -notessellate -nosmooth1 -noinflate1 -noqsphere -nofix -nowhite -nosmooth2 -noinflate2 -nocurvHK -nocurvstats -nosphere -nosurfreg -nojacobian_white -noavgcurv -nocortparc -nopial -nocortparc2 -nocortparc3 -nopctsurfcon

subjid sub-v2s4x29624_ses-1
setenv SUBJECTS_DIR /out/sourcedata/freesurfer
FREESURFER_HOME /opt/freesurfer
Actual FREESURFER_HOME /opt/freesurfer
build-stamp.txt: freesurfer-linux-ubuntu22_x86_64-7.3.2-20220804-6354275
Linux dna017 5.14.0-427.37.1.el9_4.x86_64 #1 SMP PREEMPT_DYNAMIC Fri Sep 13 12:41:50 EDT 2024 x86_64 x86_64 x86_64 GNU/Linux
cputime      unlimited
filesize     unlimited
datasize     unlimited
stacksize    8192 kbytes
coredumpsize 0 kbytes
memoryuse    67108864 kbytes
vmemoryuse   unlimited
descriptors  1024 
memorylocked unlimited
maxproc      2061970 
maxlocks     unlimited
maxsignal    2061970 
maxmessage   819200 
maxnice      0 
maxrtprio    0 
maxrttime    unlimited

               total        used        free      shared  buff/cache   available
Mem:           503Gi        51Gi       402Gi        13Gi        49Gi       435Gi
Swap:             0B          0B          0B

########################################
program versions used
7.3.2 (freesurfer-linux-ubuntu22_x86_64-7.3.2-20220804-6354275)
7.3.2

ProgramName: lta_convert  ProgramArguments: lta_convert -all-info  ProgramVersion: 7.3.2  TimeStamp: 2026/03/13-07:33:56-GMT  BuildTime: Aug  4 2022 06:17:15  BuildStamp: freesurfer-linux-ubuntu22_x86_64-7.3.2-20220804-6354275  User: oesteban  Machine: dna017  Platform: Linux  PlatformVersion: 5.14.0-427.37.1.el9_4.x86_64  CompilerName: GCC  CompilerVersion: 8.4.0
ProgramName: mri_and  ProgramArguments: mri_and -all-info  ProgramVersion: 7.3.2  TimeStamp: 2026/03/13-07:33:56-GMT  BuildTime: Aug  4 2022 06:17:15  BuildStamp: freesurfer-linux-ubuntu22_x86_64-7.3.2-20220804-6354275  User: oesteban  Machine: dna017  Platform: Linux  PlatformVersion: 5.14.0-427.37.1.el9_4.x86_64  CompilerName: GCC  CompilerVersion: 8.4.0
ProgramName: mri_annotation2label  ProgramArguments: mri_annotation2label -all-info  ProgramVersion: 7.3.2  TimeStamp: 2026/03/13-07:33:56-GMT  BuildTime: Aug  4 2022 06:17:15  BuildStamp: freesurfer-linux-ubuntu22_x86_64-7.3.2-20220804-6354275  User: oesteban  Machine: dna017  Platform: Linux  PlatformVersion: 5.14.0-427.37.1.el9_4.x86_64  CompilerName: GCC  CompilerVersion: 8.4.0
ProgramName: mri_aparc2aseg  ProgramArguments: mri_aparc2aseg -all-info  ProgramVersion: 7.3.2  TimeStamp: 2026/03/13-07:33:56-GMT  BuildTime: Aug  4 2022 06:17:15  BuildStamp: freesurfer-linux-ubuntu22_x86_64-7.3.2-20220804-6354275  User: oesteban  Machine: dna017  Platform: Linux  PlatformVersion: 5.14.0-427.37.1.el9_4.x86_64  CompilerName: GCC  CompilerVersion: 8.4.0
ProgramName: mri_surf2volseg  ProgramArguments: mri_surf2volseg -all-info  ProgramVersion: 7.3.2  TimeStamp: 2026/03/13-07:33:56-GMT  BuildTime: Aug  4 2022 06:17:15  BuildStamp: freesurfer-linux-ubuntu22_x86_64-7.3.2-20220804-6354275  User: oesteban  Machine: dna017  Platform: Linux  PlatformVersion: 5.14.0-427.37.1.el9_4.x86_64  CompilerName: GCC  CompilerVersion: 8.4.0
ProgramName: mri_binarize  ProgramArguments: mri_binarize -all-info  ProgramVersion: 7.3.2  TimeStamp: 2026/03/13-07:33:56-GMT  BuildTime: Aug  4 2022 06:17:15  BuildStamp: freesurfer-linux-ubuntu22_x86_64-7.3.2-20220804-6354275  User: oesteban  Machine: dna017  Platform: Linux  PlatformVersion: 5.14.0-427.37.1.el9_4.x86_64  CompilerName: GCC  CompilerVersion: 8.4.0
ProgramName: mri_ca_label  ProgramArguments: mri_ca_label -all-info  ProgramVersion: 7.3.2  TimeStamp: 2026/03/13-07:33:56-GMT  BuildTime: Aug  4 2022 06:17:15  BuildStamp: freesurfer-linux-ubuntu22_x86_64-7.3.2-20220804-6354275  User: oesteban  Machine: dna017  Platform: Linux  PlatformVersion: 5.14.0-427.37.1.el9_4.x86_64  CompilerName: GCC  CompilerVersion: 8.4.0
ProgramName: mri_ca_normalize  ProgramArguments: mri_ca_normalize -all-info  ProgramVersion: 7.3.2  TimeStamp: 2026/03/13-07:33:56-GMT  BuildTime: Aug  4 2022 06:17:15  BuildStamp: freesurfer-linux-ubuntu22_x86_64-7.3.2-20220804-6354275  User: oesteban  Machine: dna017  Platform: Linux  PlatformVersion: 5.14.0-427.37.1.el9_4.x86_64  CompilerName: GCC  CompilerVersion: 8.4.0
ProgramName: mri_ca_register  ProgramArguments: mri_ca_register -all-info  ProgramVersion: 7.3.2  TimeStamp: 2026/03/13-07:33:56-GMT  BuildTime: Aug  4 2022 06:17:15  BuildStamp: freesurfer-linux-ubuntu22_x86_64-7.3.2-20220804-6354275  User: oesteban  Machine: dna017  Platform: Linux  PlatformVersion: 5.14.0-427.37.1.el9_4.x86_64  CompilerName: GCC  CompilerVersion: 8.4.0
ProgramName: mri_cc  ProgramArguments: mri_cc -all-info  ProgramVersion: 7.3.2  TimeStamp: 2026/03/13-07:33:56-GMT  BuildTime: Aug  4 2022 06:17:15  BuildStamp: freesurfer-linux-ubuntu22_x86_64-7.3.2-20220804-6354275  User: oesteban  Machine: dna017  Platform: Linux  PlatformVersion: 5.14.0-427.37.1.el9_4.x86_64  CompilerName: GCC  CompilerVersion: 8.4.0
ProgramName: mri_compute_overlap  ProgramArguments: mri_compute_overlap -all-info  ProgramVersion: 7.3.2  TimeStamp: 2026/03/13-07:33:56-GMT  BuildTime: Aug  4 2022 06:17:15  BuildStamp: freesurfer-linux-ubuntu22_x86_64-7.3.2-20220804-6354275  User: oesteban  Machine: dna017  Platform: Linux  PlatformVersion: 5.14.0-427.37.1.el9_4.x86_64  CompilerName: GCC  CompilerVersion: 8.4.0
ProgramName: mri_compute_seg_overlap  ProgramArguments: mri_compute_seg_overlap -all-info  ProgramVersion: 7.3.2  TimeStamp: 2026/03/13-07:33:56-GMT  BuildTime: Aug  4 2022 06:17:15  BuildStamp: freesurfer-linux-ubuntu22_x86_64-7.3.2-20220804-6354275  User: oesteban  Machine: dna017  Platform: Linux  PlatformVersion: 5.14.0-427.37.1.el9_4.x86_64  CompilerName: GCC  CompilerVersion: 8.4.0
ProgramName: mri_concat  ProgramArguments: mri_concat -all-info  ProgramVersion: 7.3.2  TimeStamp: 2026/03/13-07:33:56-GMT  BuildTime: Aug  4 2022 06:17:15  BuildStamp: freesurfer-linux-ubuntu22_x86_64-7.3.2-20220804-6354275  User: oesteban  Machine: dna017  Platform: Linux  PlatformVersion: 5.14.0-427.37.1.el9_4.x86_64  CompilerName: GCC  CompilerVersion: 8.4.0
ProgramName: mri_concatenate_lta  ProgramArguments: mri_concatenate_lta -all-info  ProgramVersion: 7.3.2  TimeStamp: 2026/03/13-07:33:56-GMT  BuildTime: Aug  4 2022 06:17:15  BuildStamp: freesurfer-linux-ubuntu22_x86_64-7.3.2-20220804-6354275  User: oesteban  Machine: dna017  Platform: Linux  PlatformVersion: 5.14.0-427.37.1.el9_4.x86_64  CompilerName: GCC  CompilerVersion: 8.4.0
mri_convert -all-info 
ProgramName: mri_convert  ProgramArguments: mri_convert -all-info  ProgramVersion: 7.3.2  TimeStamp: 2026/03/13-07:33:56-GMT  BuildTime: Aug  4 2022 06:17:15  BuildStamp: freesurfer-linux-ubuntu22_x86_64-7.3.2-20220804-6354275  User: oesteban  Machine: dna017  Platform: Linux  PlatformVersion: 5.14.0-427.37.1.el9_4.x86_64  CompilerName: GCC  CompilerVersion: 8.4.0
ProgramName: mri_diff  ProgramArguments: mri_diff -all-info  ProgramVersion: 7.3.2  TimeStamp: 2026/03/13-07:33:56-GMT  BuildTime: Aug  4 2022 06:17:15  BuildStamp: freesurfer-linux-ubuntu22_x86_64-7.3.2-20220804-6354275  User: oesteban  Machine: dna017  Platform: Linux  PlatformVersion: 5.14.0-427.37.1.el9_4.x86_64  CompilerName: GCC  CompilerVersion: 8.4.0
ProgramName: mri_edit_wm_with_aseg  ProgramArguments: mri_edit_wm_with_aseg -all-info  ProgramVersion: 7.3.2  TimeStamp: 2026/03/13-07:33:56-GMT  BuildTime: Aug  4 2022 06:17:15  BuildStamp: freesurfer-linux-ubuntu22_x86_64-7.3.2-20220804-6354275  User: oesteban  Machine: dna017  Platform: Linux  PlatformVersion: 5.14.0-427.37.1.el9_4.x86_64  CompilerName: GCC  CompilerVersion: 8.4.0
ProgramName: mri_em_register  ProgramArguments: mri_em_register -all-info  ProgramVersion: 7.3.2  TimeStamp: 2026/03/13-07:33:56-GMT  BuildTime: Aug  4 2022 06:17:15  BuildStamp: freesurfer-linux-ubuntu22_x86_64-7.3.2-20220804-6354275  User: oesteban  Machine: dna017  Platform: Linux  PlatformVersion: 5.14.0-427.37.1.el9_4.x86_64  CompilerName: GCC  CompilerVersion: 8.4.0
ProgramName: mri_fill  ProgramArguments: mri_fill -all-info  ProgramVersion: 7.3.2  TimeStamp: 2026/03/13-07:33:56-GMT  BuildTime: Aug  4 2022 06:17:15  BuildStamp: freesurfer-linux-ubuntu22_x86_64-7.3.2-20220804-6354275  User: oesteban  Machine: dna017  Platform: Linux  PlatformVersion: 5.14.0-427.37.1.el9_4.x86_64  CompilerName: GCC  CompilerVersion: 8.4.0
ProgramName: mri_fuse_segmentations  ProgramArguments: mri_fuse_segmentations -all-info  ProgramVersion: 7.3.2  TimeStamp: 2026/03/13-07:33:56-GMT  BuildTime: Aug  4 2022 06:17:15  BuildStamp: freesurfer-linux-ubuntu22_x86_64-7.3.2-20220804-6354275  User: oesteban  Machine: dna017  Platform: Linux  PlatformVersion: 5.14.0-427.37.1.el9_4.x86_64  CompilerName: GCC  CompilerVersion: 8.4.0
ProgramName: mri_fwhm  ProgramArguments: mri_fwhm -all-info  ProgramVersion: 7.3.2  TimeStamp: 2026/03/13-07:33:56-GMT  BuildTime: Aug  4 2022 06:17:15  BuildStamp: freesurfer-linux-ubuntu22_x86_64-7.3.2-20220804-6354275  User: oesteban  Machine: dna017  Platform: Linux  PlatformVersion: 5.14.0-427.37.1.el9_4.x86_64  CompilerName: GCC  CompilerVersion: 8.4.0
ProgramName: mri_gcut  ProgramArguments: mri_gcut -all-info  ProgramVersion: 7.3.2  TimeStamp: 2026/03/13-07:33:56-GMT  BuildTime: Aug  4 2022 06:17:15  BuildStamp: freesurfer-linux-ubuntu22_x86_64-7.3.2-20220804-6354275  User: oesteban  Machine: dna017  Platform: Linux  PlatformVersion: 5.14.0-427.37.1.el9_4.x86_64  CompilerName: GCC  CompilerVersion: 8.4.0
ProgramName: mri_info  ProgramArguments: mri_info -all-info  ProgramVersion: 7.3.2  TimeStamp: 2026/03/13-07:33:56-GMT  BuildTime: Aug  4 2022 06:17:15  BuildStamp: freesurfer-linux-ubuntu22_x86_64-7.3.2-20220804-6354275  User: oesteban  Machine: dna017  Platform: Linux  PlatformVersion: 5.14.0-427.37.1.el9_4.x86_64  CompilerName: GCC  CompilerVersion: 8.4.0
ProgramName: mri_label2label  ProgramArguments: mri_label2label -all-info  ProgramVersion: 7.3.2  TimeStamp: 2026/03/13-07:33:56-GMT  BuildTime: Aug  4 2022 06:17:15  BuildStamp: freesurfer-linux-ubuntu22_x86_64-7.3.2-20220804-6354275  User: oesteban  Machine: dna017  Platform: Linux  PlatformVersion: 5.14.0-427.37.1.el9_4.x86_64  CompilerName: GCC  CompilerVersion: 8.4.0
ProgramName: mri_label2vol  ProgramArguments: mri_label2vol -all-info  ProgramVersion: 7.3.2  TimeStamp: 2026/03/13-07:33:56-GMT  BuildTime: Aug  4 2022 06:17:15  BuildStamp: freesurfer-linux-ubuntu22_x86_64-7.3.2-20220804-6354275  User: oesteban  Machine: dna017  Platform: Linux  PlatformVersion: 5.14.0-427.37.1.el9_4.x86_64  CompilerName: GCC  CompilerVersion: 8.4.0
ProgramName: mri_log_likelihood  ProgramArguments: mri_log_likelihood -all-info  ProgramVersion: 7.3.2  TimeStamp: 2026/03/13-07:33:56-GMT  BuildTime: Aug  4 2022 06:17:15  BuildStamp: freesurfer-linux-ubuntu22_x86_64-7.3.2-20220804-6354275  User: oesteban  Machine: dna017  Platform: Linux  PlatformVersion: 5.14.0-427.37.1.el9_4.x86_64  CompilerName: GCC  CompilerVersion: 8.4.0
ProgramName: mri_mask  ProgramArguments: mri_mask -all-info  ProgramVersion: 7.3.2  TimeStamp: 2026/03/13-07:33:56-GMT  BuildTime: Aug  4 2022 06:17:15  BuildStamp: freesurfer-linux-ubuntu22_x86_64-7.3.2-20220804-6354275  User: oesteban  Machine: dna017  Platform: Linux  PlatformVersion: 5.14.0-427.37.1.el9_4.x86_64  CompilerName: GCC  CompilerVersion: 8.4.0
ProgramName: mri_matrix_multiply  ProgramArguments: mri_matrix_multiply -all-info  ProgramVersion: 7.3.2  TimeStamp: 2026/03/13-07:33:56-GMT  BuildTime: Aug  4 2022 06:17:15  BuildStamp: freesurfer-linux-ubuntu22_x86_64-7.3.2-20220804-6354275  User: oesteban  Machine: dna017  Platform: Linux  PlatformVersion: 5.14.0-427.37.1.el9_4.x86_64  CompilerName: GCC  CompilerVersion: 8.4.0
ProgramName: mri_normalize  ProgramArguments: mri_normalize -all-info  ProgramVersion: 7.3.2  TimeStamp: 2026/03/13-07:33:56-GMT  BuildTime: Aug  4 2022 06:17:15  BuildStamp: freesurfer-linux-ubuntu22_x86_64-7.3.2-20220804-6354275  User: oesteban  Machine: dna017  Platform: Linux  PlatformVersion: 5.14.0-427.37.1.el9_4.x86_64  CompilerName: GCC  CompilerVersion: 8.4.0
ProgramName: mri_normalize_tp2  ProgramArguments: mri_normalize_tp2 -all-info  ProgramVersion: 7.3.2  TimeStamp: 2026/03/13-07:33:56-GMT  BuildTime: Aug  4 2022 06:17:15  BuildStamp: freesurfer-linux-ubuntu22_x86_64-7.3.2-20220804-6354275  User: oesteban  Machine: dna017  Platform: Linux  PlatformVersion: 5.14.0-427.37.1.el9_4.x86_64  CompilerName: GCC  CompilerVersion: 8.4.0
ProgramName: mri_or  ProgramArguments: mri_or -all-info  ProgramVersion: 7.3.2  TimeStamp: 2026/03/13-07:33:56-GMT  BuildTime: Aug  4 2022 06:17:15  BuildStamp: freesurfer-linux-ubuntu22_x86_64-7.3.2-20220804-6354275  User: oesteban  Machine: dna017  Platform: Linux  PlatformVersion: 5.14.0-427.37.1.el9_4.x86_64  CompilerName: GCC  CompilerVersion: 8.4.0
ProgramName: mri_relabel_hypointensities  ProgramArguments: mri_relabel_hypointensities -all-info  ProgramVersion: 7.3.2  TimeStamp: 2026/03/13-07:33:56-GMT  BuildTime: Aug  4 2022 06:17:15  BuildStamp: freesurfer-linux-ubuntu22_x86_64-7.3.2-20220804-6354275  User: oesteban  Machine: dna017  Platform: Linux  PlatformVersion: 5.14.0-427.37.1.el9_4.x86_64  CompilerName: GCC  CompilerVersion: 8.4.0
ProgramName: mri_relabel_nonwm_hypos  ProgramArguments: mri_relabel_nonwm_hypos -all-info  ProgramVersion: 7.3.2  TimeStamp: 2026/03/13-07:33:56-GMT  BuildTime: Aug  4 2022 06:17:15  BuildStamp: freesurfer-linux-ubuntu22_x86_64-7.3.2-20220804-6354275  User: oesteban  Machine: dna017  Platform: Linux  PlatformVersion: 5.14.0-427.37.1.el9_4.x86_64  CompilerName: GCC  CompilerVersion: 8.4.0
ProgramName: mri_remove_neck  ProgramArguments: mri_remove_neck -all-info  ProgramVersion: 7.3.2  TimeStamp: 2026/03/13-07:33:56-GMT  BuildTime: Aug  4 2022 06:17:15  BuildStamp: freesurfer-linux-ubuntu22_x86_64-7.3.2-20220804-6354275  User: oesteban  Machine: dna017  Platform: Linux  PlatformVersion: 5.14.0-427.37.1.el9_4.x86_64  CompilerName: GCC  CompilerVersion: 8.4.0
7.3.2

ProgramName: mri_robust_register  ProgramArguments: mri_robust_register -all-info  ProgramVersion: 7.3.2  TimeStamp: 2026/03/13-07:33:56-GMT  BuildTime: Aug  4 2022 06:17:15  BuildStamp: freesurfer-linux-ubuntu22_x86_64-7.3.2-20220804-6354275  User: oesteban  Machine: dna017  Platform: Linux  PlatformVersion: 5.14.0-427.37.1.el9_4.x86_64  CompilerName: GCC  CompilerVersion: 8.4.0
7.3.2

ProgramName: mri_robust_template  ProgramArguments: mri_robust_template -all-info  ProgramVersion: 7.3.2  TimeStamp: 2026/03/13-07:33:56-GMT  BuildTime: Aug  4 2022 06:17:15  BuildStamp: freesurfer-linux-ubuntu22_x86_64-7.3.2-20220804-6354275  User: oesteban  Machine: dna017  Platform: Linux  PlatformVersion: 5.14.0-427.37.1.el9_4.x86_64  CompilerName: GCC  CompilerVersion: 8.4.0
ProgramName: mris_anatomical_stats  ProgramArguments: mris_anatomical_stats -all-info  ProgramVersion: 7.3.2  TimeStamp: 2026/03/13-07:33:56-GMT  BuildTime: Aug  4 2022 06:17:15  BuildStamp: freesurfer-linux-ubuntu22_x86_64-7.3.2-20220804-6354275  User: oesteban  Machine: dna017  Platform: Linux  PlatformVersion: 5.14.0-427.37.1.el9_4.x86_64  CompilerName: GCC  CompilerVersion: 8.4.0
ProgramName: mris_ca_label  ProgramArguments: mris_ca_label -all-info  ProgramVersion: 7.3.2  TimeStamp: 2026/03/13-07:33:56-GMT  BuildTime: Aug  4 2022 06:17:15  BuildStamp: freesurfer-linux-ubuntu22_x86_64-7.3.2-20220804-6354275  User: oesteban  Machine: dna017  Platform: Linux  PlatformVersion: 5.14.0-427.37.1.el9_4.x86_64  CompilerName: GCC  CompilerVersion: 8.4.0
ProgramName: mris_calc  ProgramArguments: mris_calc -all-info  ProgramVersion: 7.3.2  TimeStamp: 2026/03/13-07:33:56-GMT  BuildTime: Aug  4 2022 06:17:15  BuildStamp: freesurfer-linux-ubuntu22_x86_64-7.3.2-20220804-6354275  User: oesteban  Machine: dna017  Platform: Linux  PlatformVersion: 5.14.0-427.37.1.el9_4.x86_64  CompilerName: GCC  CompilerVersion: 8.4.0
ProgramName: mris_convert  ProgramArguments: mris_convert -all-info  ProgramVersion: 7.3.2  TimeStamp: 2026/03/13-07:33:56-GMT  BuildTime: Aug  4 2022 06:17:15  BuildStamp: freesurfer-linux-ubuntu22_x86_64-7.3.2-20220804-6354275  User: oesteban  Machine: dna017  Platform: Linux  PlatformVersion: 5.14.0-427.37.1.el9_4.x86_64  CompilerName: GCC  CompilerVersion: 8.4.0
ProgramName: mris_curvature  ProgramArguments: mris_curvature -all-info  ProgramVersion: 7.3.2  TimeStamp: 2026/03/13-07:33:56-GMT  BuildTime: Aug  4 2022 06:17:15  BuildStamp: freesurfer-linux-ubuntu22_x86_64-7.3.2-20220804-6354275  User: oesteban  Machine: dna017  Platform: Linux  PlatformVersion: 5.14.0-427.37.1.el9_4.x86_64  CompilerName: GCC  CompilerVersion: 8.4.0
ProgramName: mris_curvature_stats  ProgramArguments: mris_curvature_stats -all-info  ProgramVersion: 7.3.2  TimeStamp: 2026/03/13-07:33:56-GMT  BuildTime: Aug  4 2022 06:17:15  BuildStamp: freesurfer-linux-ubuntu22_x86_64-7.3.2-20220804-6354275  User: oesteban  Machine: dna017  Platform: Linux  PlatformVersion: 5.14.0-427.37.1.el9_4.x86_64  CompilerName: GCC  CompilerVersion: 8.4.0
ProgramName: mris_diff  ProgramArguments: mris_diff -all-info  ProgramVersion: 7.3.2  TimeStamp: 2026/03/13-07:33:56-GMT  BuildTime: Aug  4 2022 06:17:15  BuildStamp: freesurfer-linux-ubuntu22_x86_64-7.3.2-20220804-6354275  User: oesteban  Machine: dna017  Platform: Linux  PlatformVersion: 5.14.0-427.37.1.el9_4.x86_64  CompilerName: GCC  CompilerVersion: 8.4.0
ProgramName: mris_divide_parcellation  ProgramArguments: mris_divide_parcellation -all-info  ProgramVersion: 7.3.2  TimeStamp: 2026/03/13-07:33:56-GMT  BuildTime: Aug  4 2022 06:17:15  BuildStamp: freesurfer-linux-ubuntu22_x86_64-7.3.2-20220804-6354275  User: oesteban  Machine: dna017  Platform: Linux  PlatformVersion: 5.14.0-427.37.1.el9_4.x86_64  CompilerName: GCC  CompilerVersion: 8.4.0
ProgramName: mri_segment  ProgramArguments: mri_segment -all-info  ProgramVersion: 7.3.2  TimeStamp: 2026/03/13-07:33:56-GMT  BuildTime: Aug  4 2022 06:17:15  BuildStamp: freesurfer-linux-ubuntu22_x86_64-7.3.2-20220804-6354275  User: oesteban  Machine: dna017  Platform: Linux  PlatformVersion: 5.14.0-427.37.1.el9_4.x86_64  CompilerName: GCC  CompilerVersion: 8.4.0
ProgramName: mri_segstats  ProgramArguments: mri_segstats -all-info  ProgramVersion: 7.3.2  TimeStamp: 2026/03/13-07:33:56-GMT  BuildTime: Aug  4 2022 06:17:15  BuildStamp: freesurfer-linux-ubuntu22_x86_64-7.3.2-20220804-6354275  User: oesteban  Machine: dna017  Platform: Linux  PlatformVersion: 5.14.0-427.37.1.el9_4.x86_64  CompilerName: GCC  CompilerVersion: 8.4.0
ProgramName: mris_euler_number  ProgramArguments: mris_euler_number -all-info  ProgramVersion: 7.3.2  TimeStamp: 2026/03/13-07:33:56-GMT  BuildTime: Aug  4 2022 06:17:15  BuildStamp: freesurfer-linux-ubuntu22_x86_64-7.3.2-20220804-6354275  User: oesteban  Machine: dna017  Platform: Linux  PlatformVersion: 5.14.0-427.37.1.el9_4.x86_64  CompilerName: GCC  CompilerVersion: 8.4.0
ProgramName: mris_fix_topology  ProgramArguments: mris_fix_topology -all-info  ProgramVersion: 7.3.2  TimeStamp: 2026/03/13-07:33:56-GMT  BuildTime: Aug  4 2022 06:17:15  BuildStamp: freesurfer-linux-ubuntu22_x86_64-7.3.2-20220804-6354275  User: oesteban  Machine: dna017  Platform: Linux  PlatformVersion: 5.14.0-427.37.1.el9_4.x86_64  CompilerName: GCC  CompilerVersion: 8.4.0
ProgramName: mris_topo_fixer  ProgramArguments: mris_topo_fixer -all-info  ProgramVersion: 7.3.2  TimeStamp: 2026/03/13-07:33:56-GMT  BuildTime: Aug  4 2022 06:17:15  BuildStamp: freesurfer-linux-ubuntu22_x86_64-7.3.2-20220804-6354275  User: oesteban  Machine: dna017  Platform: Linux  PlatformVersion: 5.14.0-427.37.1.el9_4.x86_64  CompilerName: GCC  CompilerVersion: 8.4.0
ProgramName: mris_jacobian  ProgramArguments: mris_jacobian -all-info  ProgramVersion: 7.3.2  TimeStamp: 2026/03/13-07:33:56-GMT  BuildTime: Aug  4 2022 06:17:15  BuildStamp: freesurfer-linux-ubuntu22_x86_64-7.3.2-20220804-6354275  User: oesteban  Machine: dna017  Platform: Linux  PlatformVersion: 5.14.0-427.37.1.el9_4.x86_64  CompilerName: GCC  CompilerVersion: 8.4.0
ProgramName: mris_label2annot  ProgramArguments: mris_label2annot -all-info  ProgramVersion: 7.3.2  TimeStamp: 2026/03/13-07:33:56-GMT  BuildTime: Aug  4 2022 06:17:15  BuildStamp: freesurfer-linux-ubuntu22_x86_64-7.3.2-20220804-6354275  User: oesteban  Machine: dna017  Platform: Linux  PlatformVersion: 5.14.0-427.37.1.el9_4.x86_64  CompilerName: GCC  CompilerVersion: 8.4.0
ProgramName: mris_left_right_register  ProgramArguments: mris_left_right_register -all-info  ProgramVersion: 7.3.2  TimeStamp: 2026/03/13-07:33:56-GMT  BuildTime: Aug  4 2022 06:17:15  BuildStamp: freesurfer-linux-ubuntu22_x86_64-7.3.2-20220804-6354275  User: oesteban  Machine: dna017  Platform: Linux  PlatformVersion: 5.14.0-427.37.1.el9_4.x86_64  CompilerName: GCC  CompilerVersion: 8.4.0
ProgramName: mris_place_surface  ProgramArguments: mris_place_surface -all-info  ProgramVersion: 7.3.2  TimeStamp: 2026/03/13-07:33:56-GMT  BuildTime: Aug  4 2022 06:17:15  BuildStamp: freesurfer-linux-ubuntu22_x86_64-7.3.2-20220804-6354275  User: oesteban  Machine: dna017  Platform: Linux  PlatformVersion: 5.14.0-427.37.1.el9_4.x86_64  CompilerName: GCC  CompilerVersion: 8.4.0
ProgramName: mrisp_paint  ProgramArguments: mrisp_paint -all-info  ProgramVersion: 7.3.2  TimeStamp: 2026/03/13-07:33:56-GMT  BuildTime: Aug  4 2022 06:17:15  BuildStamp: freesurfer-linux-ubuntu22_x86_64-7.3.2-20220804-6354275  User: oesteban  Machine: dna017  Platform: Linux  PlatformVersion: 5.14.0-427.37.1.el9_4.x86_64  CompilerName: GCC  CompilerVersion: 8.4.0
ProgramName: mris_register  ProgramArguments: mris_register -all-info  ProgramVersion: 7.3.2  TimeStamp: 2026/03/13-07:33:56-GMT  BuildTime: Aug  4 2022 06:17:15  BuildStamp: freesurfer-linux-ubuntu22_x86_64-7.3.2-20220804-6354275  User: oesteban  Machine: dna017  Platform: Linux  PlatformVersion: 5.14.0-427.37.1.el9_4.x86_64  CompilerName: GCC  CompilerVersion: 8.4.0
ProgramName: mris_smooth  ProgramArguments: mris_smooth -all-info  ProgramVersion: 7.3.2  TimeStamp: 2026/03/13-07:33:56-GMT  BuildTime: Aug  4 2022 06:17:15  BuildStamp: freesurfer-linux-ubuntu22_x86_64-7.3.2-20220804-6354275  User: oesteban  Machine: dna017  Platform: Linux  PlatformVersion: 5.14.0-427.37.1.el9_4.x86_64  CompilerName: GCC  CompilerVersion: 8.4.0
ProgramName: mris_sphere  ProgramArguments: mris_sphere -all-info  ProgramVersion: 7.3.2  TimeStamp: 2026/03/13-07:33:56-GMT  BuildTime: Aug  4 2022 06:17:15  BuildStamp: freesurfer-linux-ubuntu22_x86_64-7.3.2-20220804-6354275  User: oesteban  Machine: dna017  Platform: Linux  PlatformVersion: 5.14.0-427.37.1.el9_4.x86_64  CompilerName: GCC  CompilerVersion: 8.4.0
ProgramName: mris_surface_stats  ProgramArguments: mris_surface_stats -all-info  ProgramVersion: 7.3.2  TimeStamp: 2026/03/13-07:33:56-GMT  BuildTime: Aug  4 2022 06:17:15  BuildStamp: freesurfer-linux-ubuntu22_x86_64-7.3.2-20220804-6354275  User: oesteban  Machine: dna017  Platform: Linux  PlatformVersion: 5.14.0-427.37.1.el9_4.x86_64  CompilerName: GCC  CompilerVersion: 8.4.0
ProgramName: mri_stats2seg  ProgramArguments: mri_stats2seg -all-info  ProgramVersion: 7.3.2  TimeStamp: 2026/03/13-07:33:56-GMT  BuildTime: Aug  4 2022 06:17:15  BuildStamp: freesurfer-linux-ubuntu22_x86_64-7.3.2-20220804-6354275  User: oesteban  Machine: dna017  Platform: Linux  PlatformVersion: 5.14.0-427.37.1.el9_4.x86_64  CompilerName: GCC  CompilerVersion: 8.4.0
ProgramName: mris_thickness  ProgramArguments: mris_thickness -all-info  ProgramVersion: 7.3.2  TimeStamp: 2026/03/13-07:33:56-GMT  BuildTime: Aug  4 2022 06:17:15  BuildStamp: freesurfer-linux-ubuntu22_x86_64-7.3.2-20220804-6354275  User: oesteban  Machine: dna017  Platform: Linux  PlatformVersion: 5.14.0-427.37.1.el9_4.x86_64  CompilerName: GCC  CompilerVersion: 8.4.0
ProgramName: mris_thickness_diff  ProgramArguments: mris_thickness_diff -all-info  ProgramVersion: 7.3.2  TimeStamp: 2026/03/13-07:33:56-GMT  BuildTime: Aug  4 2022 06:17:15  BuildStamp: freesurfer-linux-ubuntu22_x86_64-7.3.2-20220804-6354275  User: oesteban  Machine: dna017  Platform: Linux  PlatformVersion: 5.14.0-427.37.1.el9_4.x86_64  CompilerName: GCC  CompilerVersion: 8.4.0
ProgramName: mris_topo_fixer  ProgramArguments: mris_topo_fixer -all-info  ProgramVersion: 7.3.2  TimeStamp: 2026/03/13-07:33:56-GMT  BuildTime: Aug  4 2022 06:17:15  BuildStamp: freesurfer-linux-ubuntu22_x86_64-7.3.2-20220804-6354275  User: oesteban  Machine: dna017  Platform: Linux  PlatformVersion: 5.14.0-427.37.1.el9_4.x86_64  CompilerName: GCC  CompilerVersion: 8.4.0
ProgramName: mri_surf2surf  ProgramArguments: mri_surf2surf -all-info  ProgramVersion: 7.3.2  TimeStamp: 2026/03/13-07:33:56-GMT  BuildTime: Aug  4 2022 06:17:15  BuildStamp: freesurfer-linux-ubuntu22_x86_64-7.3.2-20220804-6354275  User: oesteban  Machine: dna017  Platform: Linux  PlatformVersion: 5.14.0-427.37.1.el9_4.x86_64  CompilerName: GCC  CompilerVersion: 8.4.0
ProgramName: mri_surf2vol  ProgramArguments: mri_surf2vol -all-info  ProgramVersion: 7.3.2  TimeStamp: 2026/03/13-07:33:56-GMT  BuildTime: Aug  4 2022 06:17:15  BuildStamp: freesurfer-linux-ubuntu22_x86_64-7.3.2-20220804-6354275  User: oesteban  Machine: dna017  Platform: Linux  PlatformVersion: 5.14.0-427.37.1.el9_4.x86_64  CompilerName: GCC  CompilerVersion: 8.4.0
ProgramName: mri_surfcluster  ProgramArguments: mri_surfcluster -all-info  ProgramVersion: 7.3.2  TimeStamp: 2026/03/13-07:33:56-GMT  BuildTime: Aug  4 2022 06:17:15  BuildStamp: freesurfer-linux-ubuntu22_x86_64-7.3.2-20220804-6354275  User: oesteban  Machine: dna017  Platform: Linux  PlatformVersion: 5.14.0-427.37.1.el9_4.x86_64  CompilerName: GCC  CompilerVersion: 8.4.0
ProgramName: mris_volmask  ProgramArguments: mris_volmask -all-info  ProgramVersion: 7.3.2  TimeStamp: 2026/03/13-07:33:56-GMT  BuildTime: Aug  4 2022 06:17:15  BuildStamp: freesurfer-linux-ubuntu22_x86_64-7.3.2-20220804-6354275  User: oesteban  Machine: dna017  Platform: Linux  PlatformVersion: 5.14.0-427.37.1.el9_4.x86_64  CompilerName: GCC  CompilerVersion: 8.4.0
ProgramName: mri_tessellate  ProgramArguments: mri_tessellate -all-info  ProgramVersion: 7.3.2  TimeStamp: 2026/03/13-07:33:57-GMT  BuildTime: Aug  4 2022 06:17:15  BuildStamp: freesurfer-linux-ubuntu22_x86_64-7.3.2-20220804-6354275  User: oesteban  Machine: dna017  Platform: Linux  PlatformVersion: 5.14.0-427.37.1.el9_4.x86_64  CompilerName: GCC  CompilerVersion: 8.4.0
ProgramName: mri_vol2surf  ProgramArguments: mri_vol2surf -all-info  ProgramVersion: 7.3.2  TimeStamp: 2026/03/13-07:33:57-GMT  BuildTime: Aug  4 2022 06:17:15  BuildStamp: freesurfer-linux-ubuntu22_x86_64-7.3.2-20220804-6354275  User: oesteban  Machine: dna017  Platform: Linux  PlatformVersion: 5.14.0-427.37.1.el9_4.x86_64  CompilerName: GCC  CompilerVersion: 8.4.0
ProgramName: mri_vol2vol  ProgramArguments: mri_vol2vol -all-info  ProgramVersion: 7.3.2  TimeStamp: 2026/03/13-07:33:57-GMT  BuildTime: Aug  4 2022 06:17:15  BuildStamp: freesurfer-linux-ubuntu22_x86_64-7.3.2-20220804-6354275  User: oesteban  Machine: dna017  Platform: Linux  PlatformVersion: 5.14.0-427.37.1.el9_4.x86_64  CompilerName: GCC  CompilerVersion: 8.4.0
ProgramName: mri_voldiff  ProgramArguments: mri_voldiff -all-info  ProgramVersion: 7.3.2  TimeStamp: 2026/03/13-07:33:57-GMT  BuildTime: Aug  4 2022 06:17:15  BuildStamp: freesurfer-linux-ubuntu22_x86_64-7.3.2-20220804-6354275  User: oesteban  Machine: dna017  Platform: Linux  PlatformVersion: 5.14.0-427.37.1.el9_4.x86_64  CompilerName: GCC  CompilerVersion: 8.4.0
ProgramName: mri_watershed  ProgramArguments: mri_watershed -all-info  ProgramVersion: 7.3.2  TimeStamp: 2026/03/13-07:33:57-GMT  BuildTime: Aug  4 2022 06:17:15  BuildStamp: freesurfer-linux-ubuntu22_x86_64-7.3.2-20220804-6354275  User: oesteban  Machine: dna017  Platform: Linux  PlatformVersion: 5.14.0-427.37.1.el9_4.x86_64  CompilerName: GCC  CompilerVersion: 8.4.0
ProgramName: tkregister2  ProgramArguments: tkregister2_cmdl -all-info  ProgramVersion: 7.3.2  TimeStamp: 2026/03/13-07:33:57-GMT  BuildTime: Aug  4 2022 06:17:15  BuildStamp: freesurfer-linux-ubuntu22_x86_64-7.3.2-20220804-6354275  User: oesteban  Machine: dna017  Platform: Linux  PlatformVersion: 5.14.0-427.37.1.el9_4.x86_64  CompilerName: GCC  CompilerVersion: 8.4.0
mri_motion_correct.fsl 7.3.2
mri_convert -all-info 
ProgramName: mri_convert  ProgramArguments: mri_convert -all-info  ProgramVersion: 7.3.2  TimeStamp: 2026/03/13-07:33:57-GMT  BuildTime: Aug  4 2022 06:17:15  BuildStamp: freesurfer-linux-ubuntu22_x86_64-7.3.2-20220804-6354275  User: oesteban  Machine: dna017  Platform: Linux  PlatformVersion: 5.14.0-427.37.1.el9_4.x86_64  CompilerName: GCC  CompilerVersion: 8.4.0
Program nu_correct, built from:
Package MNI N3, version 1.12.0, compiled by nicks@terrier (x86_64-unknown-linux-gnu) on 2015-06-19 at 01:25:34
#######################################
GCADIR /opt/freesurfer/average
GCA RB_all_2020-01-02.gca
GCASkull RB_all_withskull_2020_01_02.gca
AvgCurvTif folding.atlas.acfb40.noaparc.i12.2016-08-02.tif
GCSDIR /opt/freesurfer/average
GCS DKaparc.atlas.acfb40.noaparc.i12.2016-08-02.gcs
#######################################
#--------------------------------------------
#@# AutoDetGWStats lh Fri Mar 13 08:33:57 CET 2026
cd /out/sourcedata/freesurfer/sub-v2s4x29624_ses-1/mri
mris_autodet_gwstats --o ../surf/autodet.gw.stats.lh.dat --i brain.finalsurfs.mgz --wm wm.mgz --surf ../surf/lh.orig.premesh
  Update not needed
#--------------------------------------------
#@# WhitePreAparc lh Fri Mar 13 08:33:57 CET 2026
cd /out/sourcedata/freesurfer/sub-v2s4x29624_ses-1/mri
mris_place_surface --adgws-in ../surf/autodet.gw.stats.lh.dat --wm wm.mgz --threads 16 --invol brain.finalsurfs.mgz --lh --i ../surf/lh.orig --o ../surf/lh.white.preaparc --white --seg aseg.presurf.mgz --nsmooth 5
   Update not needed
#--------------------------------------------
#@# CortexLabel lh Fri Mar 13 08:33:57 CET 2026
cd /out/sourcedata/freesurfer/sub-v2s4x29624_ses-1/mri
mri_label2label --label-cortex ../surf/lh.white.preaparc aseg.presurf.mgz 0 ../label/lh.cortex.label
   Update not needed
#--------------------------------------------
#@# CortexLabel+HipAmyg lh Fri Mar 13 08:33:57 CET 2026
cd /out/sourcedata/freesurfer/sub-v2s4x29624_ses-1/mri
mri_label2label --label-cortex ../surf/lh.white.preaparc aseg.presurf.mgz 1 ../label/lh.cortex+hipamyg.label
   Update not needed
#@# white curv lh Fri Mar 13 08:33:57 CET 2026
cd /out/sourcedata/freesurfer/sub-v2s4x29624_ses-1/mri
mris_place_surface --curv-map ../surf/lh.white 2 10 ../surf/lh.curv
   Update not needed
#@# white area lh Fri Mar 13 08:33:57 CET 2026
cd /out/sourcedata/freesurfer/sub-v2s4x29624_ses-1/mri
mris_place_surface --area-map ../surf/lh.white ../surf/lh.area
   Update not needed
#@# pial curv lh Fri Mar 13 08:33:57 CET 2026
cd /out/sourcedata/freesurfer/sub-v2s4x29624_ses-1/mri
mris_place_surface --curv-map ../surf/lh.pial 2 10 ../surf/lh.curv.pial
   Update not needed
#@# pial area lh Fri Mar 13 08:33:57 CET 2026
cd /out/sourcedata/freesurfer/sub-v2s4x29624_ses-1/mri
mris_place_surface --area-map ../surf/lh.pial ../surf/lh.area.pial
   Update not needed
#@# thickness lh Fri Mar 13 08:33:57 CET 2026
cd /out/sourcedata/freesurfer/sub-v2s4x29624_ses-1/mri
mris_place_surface --thickness ../surf/lh.white ../surf/lh.pial 20 5 ../surf/lh.thickness
   Update not needed
#@# area and vertex vol lh Fri Mar 13 08:33:57 CET 2026
cd /out/sourcedata/freesurfer/sub-v2s4x29624_ses-1/mri
mris_place_surface --thickness ../surf/lh.white ../surf/lh.pial 20 5 ../surf/lh.thickness
   Update not needed
#-----------------------------------------
#@# Parcellation Stats lh Fri Mar 13 08:33:57 CET 2026
/out/sourcedata/freesurfer/sub-v2s4x29624_ses-1/scripts

 mris_anatomical_stats -th3 -mgz -noglobal -cortex ../label/lh.cortex.label -f ../stats/lh.aparc.stats -b -a ../label/lh.aparc.annot -c ../label/aparc.annot.ctab sub-v2s4x29624_ses-1 lh white 

computing statistics for each annotation in ../label/lh.aparc.annot.
reading volume /out/sourcedata/freesurfer/sub-v2s4x29624_ses-1/mri/wm.mgz...
reading input surface /out/sourcedata/freesurfer/sub-v2s4x29624_ses-1/surf/lh.white...
reading input pial surface /out/sourcedata/freesurfer/sub-v2s4x29624_ses-1/surf/lh.pial...
reading input white surface /out/sourcedata/freesurfer/sub-v2s4x29624_ses-1/surf/lh.white...
INFO: using TH3 volume calc
INFO: assuming MGZ format for volumes.
INFO: not computing global stats
INFO: using ../label/lh.cortex.label as mask to calc cortex NumVert, SurfArea and MeanThickness.
Using TH3 vertex volume calc
Total face volume 237244
Total vertex volume 237034 (mask=0)
Saving annotation colortable ../label/aparc.annot.ctab

table columns are:
    number of vertices
    total surface area (mm^2)
    total gray matter volume (mm^3)
    average cortical thickness +- standard deviation (mm)
    integrated rectified mean curvature
    integrated rectified Gaussian curvature
    folding index
    intrinsic curvature index
    structure name

 1528    996   2624  2.719 0.417     0.080     0.012        5     0.8  bankssts
  889    561   1524  2.680 0.732     0.116     0.016       10     0.7  caudalanteriorcingulate
 3486   2286   7089  2.917 0.440     0.111     0.024       31     3.5  caudalmiddlefrontal
 2072   1173   2324  1.803 0.524     0.114     0.025       23     2.2  cuneus
  595    427   1348  2.340 0.805     0.157     0.056        9     1.3  entorhinal
 3863   2690   8467  2.758 0.602     0.123     0.029       46     4.5  fusiform
 6169   4355  12560  2.738 0.452     0.129     0.025       75     6.8  inferiorparietal
 4656   3360  11721  2.879 0.640     0.128     0.030       56     5.9  inferiortemporal
 1122    727   1814  2.331 0.776     0.110     0.021       11     0.9  isthmuscingulate
 6320   4076   9293  2.077 0.615     0.130     0.027       76     7.3  lateraloccipital
 3402   2425   7783  3.043 0.634     0.125     0.028       39     4.0  lateralorbitofrontal
 4364   2811   6145  2.018 0.655     0.117     0.025       48     4.6  lingual
 2183   1612   5632  3.096 0.716     0.124     0.028       40     2.7  medialorbitofrontal
 4278   2936   9992  2.824 0.629     0.108     0.021       44     3.7  middletemporal
  929    601   2228  3.180 0.825     0.090     0.019        5     0.6  parahippocampal
 2426   1487   3996  2.484 0.517     0.108     0.024       19     2.6  paracentral
 2024   1388   4394  2.720 0.446     0.099     0.016       16     1.3  parsopercularis
  881    662   2577  3.203 0.655     0.146     0.037       14     1.3  parsorbitalis
 1799   1284   4372  2.848 0.509     0.116     0.019       20     1.7  parstriangularis
 1534   1049   1408  1.518 0.379     0.125     0.028       13     1.8  pericalcarine
 6855   4301  10042  2.138 0.628     0.105     0.019       59     5.5  postcentral
 1422   1004   2785  2.648 0.632     0.132     0.030       24     2.0  posteriorcingulate
 7541   4632  12657  2.551 0.651     0.102     0.021       58     6.6  precentral
 5191   3493   9417  2.531 0.492     0.114     0.022       51     4.8  precuneus
 1273    925   3256  3.006 0.795     0.130     0.029       20     1.7  rostralanteriorcingulate
 7752   5705  17841  2.659 0.527     0.134     0.028      109     9.1  rostralmiddlefrontal
11163   7754  25342  2.959 0.534     0.122     0.027      108    12.1  superiorfrontal
 8201   5213  13528  2.387 0.474     0.113     0.020       77     7.1  superiorparietal
 5295   3560  12551  2.904 0.700     0.099     0.019       43     4.0  superiortemporal
 5867   4002  11532  2.683 0.467     0.118     0.022       64     5.5  supramarginal
  338    280   1199  3.320 0.482     0.177     0.048        7     0.6  frontalpole
  812    585   2315  2.582 0.825     0.162     0.070       17     2.3  temporalpole
  611    403   1059  2.442 0.415     0.138     0.024        7     0.6  transversetemporal
 2871   1936   6218  3.099 0.899     0.115     0.032       27     3.3  insula

 mris_anatomical_stats -th3 -mgz -noglobal -cortex ../label/lh.cortex.label -f ../stats/lh.aparc.pial.stats -b -a ../label/lh.aparc.annot -c ../label/aparc.annot.ctab sub-v2s4x29624_ses-1 lh pial 

computing statistics for each annotation in ../label/lh.aparc.annot.
reading volume /out/sourcedata/freesurfer/sub-v2s4x29624_ses-1/mri/wm.mgz...
reading input surface /out/sourcedata/freesurfer/sub-v2s4x29624_ses-1/surf/lh.pial...
reading input pial surface /out/sourcedata/freesurfer/sub-v2s4x29624_ses-1/surf/lh.pial...
reading input white surface /out/sourcedata/freesurfer/sub-v2s4x29624_ses-1/surf/lh.white...
INFO: using TH3 volume calc
INFO: assuming MGZ format for volumes.
INFO: not computing global stats
INFO: using ../label/lh.cortex.label as mask to calc cortex NumVert, SurfArea and MeanThickness.
Using TH3 vertex volume calc
Total face volume 237244
Total vertex volume 237034 (mask=0)
Saving annotation colortable ../label/aparc.annot.ctab

table columns are:
    number of vertices
    total surface area (mm^2)
    total gray matter volume (mm^3)
    average cortical thickness +- standard deviation (mm)
    integrated rectified mean curvature
    integrated rectified Gaussian curvature
    folding index
    intrinsic curvature index
    structure name

 1528    906   2624  2.719 0.417     0.098     0.021       13     1.3  bankssts
  889    613   1524  2.680 0.732     0.156     0.086       63     1.3  caudalanteriorcingulate
 3486   2528   7089  2.917 0.440     0.114     0.025       57     3.5  caudalmiddlefrontal
 2072   1526   2324  1.803 0.524     0.124     0.031       63     2.6  cuneus
  595    764   1348  2.340 0.805     0.327     0.109       27     3.0  entorhinal
 3863   3369   8467  2.758 0.602     0.158     0.037      275     6.3  fusiform
 6169   4896  12560  2.738 0.452     0.134     0.034      230     7.7  inferiorparietal
 4656   4660  11721  2.879 0.640     0.167     0.039       89     7.9  inferiortemporal
 1122    855   1814  2.331 0.776     0.149     0.046       28     2.2  isthmuscingulate
 6320   4862   9293  2.077 0.615     0.122     0.026      211     7.0  lateraloccipital
 3402   2721   7783  3.043 0.634     0.150     0.039      108     6.1  lateralorbitofrontal
 4364   3469   6145  2.018 0.655     0.129     0.035      134     6.2  lingual
 2183   2035   5632  3.096 0.716     0.152     0.034       52     3.1  medialorbitofrontal
 4278   3963   9992  2.824 0.629     0.133     0.025       59     4.8  middletemporal
  929    816   2228  3.180 0.825     0.160     0.041       20     1.8  parahippocampal
 2426   1665   3996  2.484 0.517     0.112     0.028      133     2.7  paracentral
 2024   1757   4394  2.720 0.446     0.158     0.025    13069     2.1  parsopercularis
  881    916   2577  3.203 0.655     0.160     0.032       10     1.1  parsorbitalis
 1799   1725   4372  2.848 0.509     0.147     0.027       25     2.1  parstriangularis
 1534    887   1408  1.518 0.379     0.105     0.027       32     1.7  pericalcarine
 6855   5133  10042  2.138 0.628     0.108     0.021       68     5.7  postcentral
 1422   1121   2785  2.648 0.632     0.144     0.037       37     2.2  posteriorcingulate
 7541   5200  12657  2.551 0.651     0.096     0.020       86     5.8  precentral
 5191   3996   9417  2.531 0.492     0.128     0.032      129     6.7  precuneus
 1273   1236   3256  3.006 0.795     0.172     0.056       50     3.3  rostralanteriorcingulate
 7752   7408  17841  2.659 0.527     0.695     0.061  151423862    27.5  rostralmiddlefrontal
11163   9142  25342  2.959 0.534     0.134     0.031      421    13.1  superiorfrontal
 8201   6139  13528  2.387 0.474     0.118     0.031      109     8.8  superiorparietal
 5295   4772  12551  2.904 0.700     0.133     0.032      112     5.7  superiortemporal
 5867   4602  11532  2.683 0.467     0.127     0.030      178     7.2  supramarginal
  338    449   1199  3.320 0.482     0.220     0.035       14     0.6  frontalpole
  812   1205   2315  2.582 0.825     0.302     0.080       25     3.0  temporalpole
  611    485   1059  2.442 0.415     0.125     0.028        6     0.7  transversetemporal
 2871   1887   6218  3.099 0.899     0.134     0.038       66     4.6  insula
#-----------------------------------------
#@# Parcellation Stats 2 lh Fri Mar 13 08:34:13 CET 2026
/out/sourcedata/freesurfer/sub-v2s4x29624_ses-1/scripts

 mris_anatomical_stats -th3 -mgz -noglobal -cortex ../label/lh.cortex.label -f ../stats/lh.aparc.a2009s.stats -b -a ../label/lh.aparc.a2009s.annot -c ../label/aparc.annot.a2009s.ctab sub-v2s4x29624_ses-1 lh white 

computing statistics for each annotation in ../label/lh.aparc.a2009s.annot.
reading volume /out/sourcedata/freesurfer/sub-v2s4x29624_ses-1/mri/wm.mgz...
reading input surface /out/sourcedata/freesurfer/sub-v2s4x29624_ses-1/surf/lh.white...
reading input pial surface /out/sourcedata/freesurfer/sub-v2s4x29624_ses-1/surf/lh.pial...
reading input white surface /out/sourcedata/freesurfer/sub-v2s4x29624_ses-1/surf/lh.white...
INFO: using TH3 volume calc
INFO: assuming MGZ format for volumes.
INFO: not computing global stats
INFO: using ../label/lh.cortex.label as mask to calc cortex NumVert, SurfArea and MeanThickness.
Using TH3 vertex volume calc
Total face volume 237244
Total vertex volume 237034 (mask=0)
Saving annotation colortable ../label/aparc.annot.a2009s.ctab

table columns are:
    number of vertices
    total surface area (mm^2)
    total gray matter volume (mm^3)
    average cortical thickness +- standard deviation (mm)
    integrated rectified mean curvature
    integrated rectified Gaussian curvature
    folding index
    intrinsic curvature index
    structure name

 1028    783   2535  2.735 0.525     0.143     0.030       15     1.3  G_and_S_frontomargin
 1424    933   2700  2.415 0.698     0.135     0.029       18     1.7  G_and_S_occipital_inf
 1927   1115   2966  2.288 0.541     0.112     0.024       18     2.0  G_and_S_paracentral
 1357    958   3231  2.906 0.428     0.128     0.024       16     1.3  G_and_S_subcentral
  621    532   1916  2.884 0.452     0.167     0.036       14     0.9  G_and_S_transv_frontopol
 2092   1532   4728  2.935 0.564     0.127     0.027       23     2.5  G_and_S_cingul-Ant
 1286    897   2815  2.965 0.532     0.112     0.022       10     1.2  G_and_S_cingul-Mid-Ant
 1186    806   2206  2.733 0.497     0.104     0.021        7     1.1  G_and_S_cingul-Mid-Post
  475    352   1304  2.950 0.689     0.160     0.041       10     0.8  G_cingul-Post-dorsal
  220    146    449  2.875 0.581     0.099     0.017        2     0.1  G_cingul-Post-ventral
 1895   1070   2225  1.781 0.556     0.121     0.027       23     2.3  G_cuneus
 1081    809   3335  3.024 0.402     0.126     0.024       14     1.2  G_front_inf-Opercular
  356    262   1175  3.259 0.380     0.143     0.034        5     0.5  G_front_inf-Orbital
  947    707   2845  2.966 0.491     0.135     0.023       15     1.1  G_front_inf-Triangul
 4870   3524  13294  2.899 0.504     0.141     0.031       78     6.5  G_front_middle
 7626   5261  19592  3.072 0.563     0.130     0.031       89     9.5  G_front_sup
  543    395   1477  3.306 1.109     0.140     0.039        7     0.9  G_Ins_lg_and_S_cent_ins
  503    343   1990  4.164 0.644     0.108     0.028        5     0.5  G_insular_short
 1843   1254   3674  2.487 0.403     0.141     0.029       30     2.2  G_occipital_middle
 1203    754   1799  2.074 0.576     0.129     0.025       14     1.2  G_occipital_sup
 1493   1028   3639  2.851 0.500     0.131     0.033       24     2.1  G_oc-temp_lat-fusifor
 3250   2012   4503  1.873 0.670     0.121     0.028       39     3.9  G_oc-temp_med-Lingual
 1212    801   2980  2.803 1.055     0.131     0.045       15     2.0  G_oc-temp_med-Parahip
 2158   1602   6345  3.150 0.694     0.133     0.034       35     2.8  G_orbital
 2723   1950   7330  2.970 0.449     0.143     0.029       48     3.3  G_pariet_inf-Angular
 2671   1816   5892  2.761 0.457     0.120     0.024       35     2.5  G_pariet_inf-Supramar
 3166   1929   6240  2.512 0.476     0.107     0.019       33     2.4  G_parietal_sup
 2976   1674   4550  2.213 0.526     0.109     0.023       32     2.7  G_postcentral
 2841   1546   5738  2.812 0.563     0.096     0.024       23     2.6  G_precentral
 2704   1813   6014  2.587 0.514     0.125     0.024       35     2.9  G_precuneus
  794    626   2593  3.079 0.575     0.143     0.040       28     1.5  G_rectus
  502    315    858  2.656 0.874     0.108     0.051        7     0.7  G_subcallosal
  423    274    874  2.577 0.363     0.134     0.023        5     0.4  G_temp_sup-G_T_transv
 1822   1273   6358  3.277 0.742     0.123     0.028       24     1.8  G_temp_sup-Lateral
  753    518   1894  2.975 0.943     0.106     0.034        7     1.0  G_temp_sup-Plan_polar
  929    630   1878  2.690 0.507     0.105     0.020        9     0.7  G_temp_sup-Plan_tempo
 2462   1786   7098  2.988 0.599     0.139     0.033       39     3.4  G_temporal_inf
 2209   1563   6577  3.045 0.644     0.124     0.026       31     2.3  G_temporal_middle
  210    147    386  2.635 0.501     0.083     0.009        1     0.1  Lat_Fis-ant-Horizont
  412    273    570  2.465 0.392     0.076     0.009        2     0.1  Lat_Fis-ant-Vertical
 1031    682   1372  2.591 0.470     0.107     0.019        6     0.8  Lat_Fis-post
 1742   1034   2040  1.838 0.550     0.124     0.028       19     2.2  Pole_occipital
 1544   1250   5433  2.826 0.839     0.166     0.060       29     4.1  Pole_temporal
 1718   1199   1830  1.763 0.580     0.119     0.026       14     1.8  S_calcarine
 3177   2111   3216  1.743 0.589     0.104     0.019       20     2.7  S_central
 1181    796   1778  2.475 0.446     0.095     0.017        9     0.8  S_cingul-Marginalis
  472    315    775  2.963 0.336     0.097     0.017        3     0.4  S_circular_insula_ant
 1198    769   1708  2.708 0.557     0.088     0.019        6     0.7  S_circular_insula_inf
 1418    933   2069  2.788 0.465     0.099     0.017        7     1.0  S_circular_insula_sup
 1058    708   1701  2.599 0.536     0.095     0.017        6     0.7  S_collat_transv_ant
  526    354    589  2.020 0.485     0.123     0.023        5     0.5  S_collat_transv_post
 1988   1329   2920  2.429 0.458     0.096     0.017       10     1.4  S_front_inf
 1368    979   2321  2.476 0.413     0.125     0.027       12     1.5  S_front_middle
 3149   2121   5406  2.712 0.437     0.101     0.018       23     2.3  S_front_sup
  486    340    680  2.485 0.344     0.111     0.013        3     0.4  S_interm_prim-Jensen
 3317   2224   4474  2.316 0.407     0.115     0.020       27     3.2  S_intrapariet_and_P_trans
  658    459    752  1.868 0.321     0.110     0.019        5     0.6  S_oc_middle_and_Lunatus
 1217    813   1710  2.220 0.494     0.121     0.024       10     1.3  S_oc_sup_and_transversal
  614    411   1036  2.479 0.387     0.114     0.021        6     0.5  S_occipital_ant
  835    595   1674  2.935 0.559     0.119     0.021        7     0.7  S_oc-temp_lat
 2016   1351   3081  2.581 0.586     0.095     0.015       12     1.2  S_oc-temp_med_and_Lingual
  382    285    666  2.522 0.430     0.137     0.021        5     0.5  S_orbital_lateral
  629    435   1017  2.565 0.630     0.110     0.015        4     0.4  S_orbital_med-olfact
 1292    923   2721  3.082 0.561     0.127     0.027       13     1.7  S_orbital-H_Shaped
 1813   1197   2347  2.317 0.564     0.106     0.019       11     1.5  S_parieto_occipital
 1204    720   1140  2.026 0.794     0.111     0.022       20     1.3  S_pericallosal
 3465   2351   4870  2.331 0.464     0.111     0.018       28     2.9  S_postcentral
 1804   1165   2691  2.697 0.333     0.089     0.014       10     1.0  S_precentral-inf-part
 1239    813   1707  2.607 0.369     0.095     0.015        5     0.9  S_precentral-sup-part
  742    516   1530  3.252 0.775     0.124     0.024        8     0.7  S_suborbital
  769    536   1145  2.393 0.356     0.111     0.018        6     0.6  S_subparietal
 1704   1147   2636  2.499 0.611     0.100     0.017       11     1.4  S_temporal_inf
 5429   3595   8925  2.724 0.402     0.094     0.016       27     3.7  S_temporal_sup
  334    236    500  2.398 0.465     0.088     0.008        1     0.2  S_temporal_transverse
#-----------------------------------------
#@# Parcellation Stats 3 lh Fri Mar 13 08:34:22 CET 2026
/out/sourcedata/freesurfer/sub-v2s4x29624_ses-1/scripts

 mris_anatomical_stats -th3 -mgz -noglobal -cortex ../label/lh.cortex.label -f ../stats/lh.aparc.DKTatlas.stats -b -a ../label/lh.aparc.DKTatlas.annot -c ../label/aparc.annot.DKTatlas.ctab sub-v2s4x29624_ses-1 lh white 

computing statistics for each annotation in ../label/lh.aparc.DKTatlas.annot.
reading volume /out/sourcedata/freesurfer/sub-v2s4x29624_ses-1/mri/wm.mgz...
reading input surface /out/sourcedata/freesurfer/sub-v2s4x29624_ses-1/surf/lh.white...
reading input pial surface /out/sourcedata/freesurfer/sub-v2s4x29624_ses-1/surf/lh.pial...
reading input white surface /out/sourcedata/freesurfer/sub-v2s4x29624_ses-1/surf/lh.white...
INFO: using TH3 volume calc
INFO: assuming MGZ format for volumes.
INFO: not computing global stats
INFO: using ../label/lh.cortex.label as mask to calc cortex NumVert, SurfArea and MeanThickness.
Using TH3 vertex volume calc
Total face volume 237244
Total vertex volume 237034 (mask=0)
Saving annotation colortable ../label/aparc.annot.DKTatlas.ctab

table columns are:
    number of vertices
    total surface area (mm^2)
    total gray matter volume (mm^3)
    average cortical thickness +- standard deviation (mm)
    integrated rectified mean curvature
    integrated rectified Gaussian curvature
    folding index
    intrinsic curvature index
    structure name

 1671   1122   3568  2.871 0.699     0.118     0.023       20     1.5  caudalanteriorcingulate
 3832   2493   7760  2.926 0.455     0.110     0.025       34     3.7  caudalmiddlefrontal
 2690   1563   3127  1.867 0.522     0.117     0.025       29     2.9  cuneus
  519    377   1150  2.269 0.770     0.162     0.060        8     1.2  entorhinal
 3557   2452   7452  2.745 0.572     0.119     0.028       41     3.9  fusiform
 6328   4461  13159  2.754 0.466     0.130     0.025       80     6.9  inferiorparietal
 4618   3310  11613  2.862 0.655     0.130     0.030       56     5.9  inferiortemporal
 1126    728   1826  2.358 0.772     0.111     0.022       11     1.0  isthmuscingulate
 6179   3968   9082  2.086 0.616     0.130     0.027       74     7.1  lateraloccipital
 3736   2712   9244  3.027 0.656     0.130     0.031       49     4.9  lateralorbitofrontal
 4506   2902   6273  1.997 0.653     0.118     0.025       50     4.9  lingual
 2045   1486   5246  3.052 0.774     0.127     0.033       42     2.6  medialorbitofrontal
 5802   4011  13120  2.787 0.606     0.107     0.021       56     5.2  middletemporal
  967    625   2318  3.202 0.829     0.090     0.019        6     0.7  parahippocampal
 2861   1767   4652  2.489 0.521     0.109     0.025       22     3.2  paracentral
 1902   1303   4091  2.726 0.444     0.102     0.017       16     1.3  parsopercularis
  908    657   2075  2.912 0.570     0.125     0.025        9     1.0  parsorbitalis
 2071   1461   4784  2.759 0.548     0.112     0.019       21     1.9  parstriangularis
 1502   1028   1376  1.519 0.380     0.124     0.027       13     1.8  pericalcarine
 7791   4945  11585  2.179 0.625     0.108     0.019       67     6.5  postcentral
 1577   1106   2995  2.666 0.620     0.129     0.029       25     2.1  posteriorcingulate
 7339   4535  12342  2.545 0.638     0.103     0.020       57     6.3  precentral
 5166   3454   9640  2.551 0.497     0.112     0.021       50     4.7  precuneus
 1623   1197   3978  2.959 0.758     0.130     0.028       23     2.1  rostralanteriorcingulate
 5601   4079  12828  2.691 0.569     0.133     0.029       77     6.8  rostralmiddlefrontal
11779   8332  27544  2.941 0.528     0.126     0.027      129    13.0  superiorfrontal
 6711   4264  10984  2.399 0.447     0.111     0.020       62     5.7  superiorparietal
 7142   4839  16556  2.822 0.715     0.105     0.025       65     7.2  superiortemporal
 5301   3602  10236  2.670 0.455     0.116     0.022       57     4.9  supramarginal
  608    399   1046  2.439 0.410     0.137     0.024        7     0.5  transversetemporal
 2254   1521   5384  3.327 0.806     0.107     0.025       18     2.1  insula
/out/sourcedata/freesurfer/sub-v2s4x29624_ses-1/label
#--------------------------------------------
#@# BA_exvivo Labels lh Fri Mar 13 08:34:31 CET 2026

 mri_label2label --srcsubject fsaverage --srclabel /out/sourcedata/freesurfer/fsaverage/label/lh.BA1_exvivo.label --trgsubject sub-v2s4x29624_ses-1 --trglabel ./lh.BA1_exvivo.label --hemi lh --regmethod surface 


srclabel = /out/sourcedata/freesurfer/fsaverage/label/lh.BA1_exvivo.label
srcsubject = fsaverage
trgsubject = sub-v2s4x29624_ses-1
trglabel = ./lh.BA1_exvivo.label
regmethod = surface

srchemi = lh
trghemi = lh
trgsurface = white
srcsurfreg = sphere.reg
trgsurfreg = sphere.reg
usehash = 1
Use ProjAbs  = 0, 0
Use ProjFrac = 0, 0
DoPaint 0

SUBJECTS_DIR    /out/sourcedata/freesurfer
FREESURFER_HOME /opt/freesurfer
Loading source label.
Found 4129 points in source label.
Starting surface-based mapping
Reading source registration 
 /out/sourcedata/freesurfer/fsaverage/surf/lh.sphere.reg
Rescaling ...  original radius = 100
Reading target surface 
 /out/sourcedata/freesurfer/sub-v2s4x29624_ses-1/surf/lh.white
Reading target registration 
 /out/sourcedata/freesurfer/sub-v2s4x29624_ses-1/surf/lh.sphere.reg
Rescaling ...  original radius = 100
Building target registration hash (res=16).
Building source registration hash (res=16).
INFO: found  4129 nlabel points
Performing mapping from target back to the source label 127026
Number of reverse mapping hits = 294
Checking for and removing duplicates
Writing label file ./lh.BA1_exvivo.label 4423
mri_label2label: Done


 mri_label2label --srcsubject fsaverage --srclabel /out/sourcedata/freesurfer/fsaverage/label/lh.BA2_exvivo.label --trgsubject sub-v2s4x29624_ses-1 --trglabel ./lh.BA2_exvivo.label --hemi lh --regmethod surface 


srclabel = /out/sourcedata/freesurfer/fsaverage/label/lh.BA2_exvivo.label
srcsubject = fsaverage
trgsubject = sub-v2s4x29624_ses-1
trglabel = ./lh.BA2_exvivo.label
regmethod = surface

srchemi = lh
trghemi = lh
trgsurface = white
srcsurfreg = sphere.reg
trgsurfreg = sphere.reg
usehash = 1
Use ProjAbs  = 0, 0
Use ProjFrac = 0, 0
DoPaint 0

SUBJECTS_DIR    /out/sourcedata/freesurfer
FREESURFER_HOME /opt/freesurfer
Loading source label.
Found 7909 points in source label.
Starting surface-based mapping
Reading source registration 
 /out/sourcedata/freesurfer/fsaverage/surf/lh.sphere.reg
Rescaling ...  original radius = 100
Reading target surface 
 /out/sourcedata/freesurfer/sub-v2s4x29624_ses-1/surf/lh.white
Reading target registration 
 /out/sourcedata/freesurfer/sub-v2s4x29624_ses-1/surf/lh.sphere.reg
Rescaling ...  original radius = 100
Building target registration hash (res=16).
Building source registration hash (res=16).
INFO: found  7909 nlabel points
Performing mapping from target back to the source label 127026
Number of reverse mapping hits = 481
Checking for and removing duplicates
Writing label file ./lh.BA2_exvivo.label 8390
mri_label2label: Done


 mri_label2label --srcsubject fsaverage --srclabel /out/sourcedata/freesurfer/fsaverage/label/lh.BA3a_exvivo.label --trgsubject sub-v2s4x29624_ses-1 --trglabel ./lh.BA3a_exvivo.label --hemi lh --regmethod surface 


srclabel = /out/sourcedata/freesurfer/fsaverage/label/lh.BA3a_exvivo.label
srcsubject = fsaverage
trgsubject = sub-v2s4x29624_ses-1
trglabel = ./lh.BA3a_exvivo.label
regmethod = surface

srchemi = lh
trghemi = lh
trgsurface = white
srcsurfreg = sphere.reg
trgsurfreg = sphere.reg
usehash = 1
Use ProjAbs  = 0, 0
Use ProjFrac = 0, 0
DoPaint 0

SUBJECTS_DIR    /out/sourcedata/freesurfer
FREESURFER_HOME /opt/freesurfer
Loading source label.
Found 4077 points in source label.
Starting surface-based mapping
Reading source registration 
 /out/sourcedata/freesurfer/fsaverage/surf/lh.sphere.reg
Rescaling ...  original radius = 100
Reading target surface 
 /out/sourcedata/freesurfer/sub-v2s4x29624_ses-1/surf/lh.white
Reading target registration 
 /out/sourcedata/freesurfer/sub-v2s4x29624_ses-1/surf/lh.sphere.reg
Rescaling ...  original radius = 100
Building target registration hash (res=16).
Building source registration hash (res=16).
INFO: found  4077 nlabel points
Performing mapping from target back to the source label 127026
Number of reverse mapping hits = 45
Checking for and removing duplicates
Writing label file ./lh.BA3a_exvivo.label 4122
mri_label2label: Done


 mri_label2label --srcsubject fsaverage --srclabel /out/sourcedata/freesurfer/fsaverage/label/lh.BA3b_exvivo.label --trgsubject sub-v2s4x29624_ses-1 --trglabel ./lh.BA3b_exvivo.label --hemi lh --regmethod surface 


srclabel = /out/sourcedata/freesurfer/fsaverage/label/lh.BA3b_exvivo.label
srcsubject = fsaverage
trgsubject = sub-v2s4x29624_ses-1
trglabel = ./lh.BA3b_exvivo.label
regmethod = surface

srchemi = lh
trghemi = lh
trgsurface = white
srcsurfreg = sphere.reg
trgsurfreg = sphere.reg
usehash = 1
Use ProjAbs  = 0, 0
Use ProjFrac = 0, 0
DoPaint 0

SUBJECTS_DIR    /out/sourcedata/freesurfer
FREESURFER_HOME /opt/freesurfer
Loading source label.
Found 5983 points in source label.
Starting surface-based mapping
Reading source registration 
 /out/sourcedata/freesurfer/fsaverage/surf/lh.sphere.reg
Rescaling ...  original radius = 100
Reading target surface 
 /out/sourcedata/freesurfer/sub-v2s4x29624_ses-1/surf/lh.white
Reading target registration 
 /out/sourcedata/freesurfer/sub-v2s4x29624_ses-1/surf/lh.sphere.reg
Rescaling ...  original radius = 100
Building target registration hash (res=16).
Building source registration hash (res=16).
INFO: found  5983 nlabel points
Performing mapping from target back to the source label 127026
Number of reverse mapping hits = 248
Checking for and removing duplicates
Writing label file ./lh.BA3b_exvivo.label 6231
mri_label2label: Done


 mri_label2label --srcsubject fsaverage --srclabel /out/sourcedata/freesurfer/fsaverage/label/lh.BA4a_exvivo.label --trgsubject sub-v2s4x29624_ses-1 --trglabel ./lh.BA4a_exvivo.label --hemi lh --regmethod surface 


srclabel = /out/sourcedata/freesurfer/fsaverage/label/lh.BA4a_exvivo.label
srcsubject = fsaverage
trgsubject = sub-v2s4x29624_ses-1
trglabel = ./lh.BA4a_exvivo.label
regmethod = surface

srchemi = lh
trghemi = lh
trgsurface = white
srcsurfreg = sphere.reg
trgsurfreg = sphere.reg
usehash = 1
Use ProjAbs  = 0, 0
Use ProjFrac = 0, 0
DoPaint 0

SUBJECTS_DIR    /out/sourcedata/freesurfer
FREESURFER_HOME /opt/freesurfer
Loading source label.
Found 5784 points in source label.
Starting surface-based mapping
Reading source registration 
 /out/sourcedata/freesurfer/fsaverage/surf/lh.sphere.reg
Rescaling ...  original radius = 100
Reading target surface 
 /out/sourcedata/freesurfer/sub-v2s4x29624_ses-1/surf/lh.white
Reading target registration 
 /out/sourcedata/freesurfer/sub-v2s4x29624_ses-1/surf/lh.sphere.reg
Rescaling ...  original radius = 100
Building target registration hash (res=16).
Building source registration hash (res=16).
INFO: found  5784 nlabel points
Performing mapping from target back to the source label 127026
Number of reverse mapping hits = 252
Checking for and removing duplicates
Writing label file ./lh.BA4a_exvivo.label 6036
mri_label2label: Done


 mri_label2label --srcsubject fsaverage --srclabel /out/sourcedata/freesurfer/fsaverage/label/lh.BA4p_exvivo.label --trgsubject sub-v2s4x29624_ses-1 --trglabel ./lh.BA4p_exvivo.label --hemi lh --regmethod surface 


srclabel = /out/sourcedata/freesurfer/fsaverage/label/lh.BA4p_exvivo.label
srcsubject = fsaverage
trgsubject = sub-v2s4x29624_ses-1
trglabel = ./lh.BA4p_exvivo.label
regmethod = surface

srchemi = lh
trghemi = lh
trgsurface = white
srcsurfreg = sphere.reg
trgsurfreg = sphere.reg
usehash = 1
Use ProjAbs  = 0, 0
Use ProjFrac = 0, 0
DoPaint 0

SUBJECTS_DIR    /out/sourcedata/freesurfer
FREESURFER_HOME /opt/freesurfer
Loading source label.
Found 4070 points in source label.
Starting surface-based mapping
Reading source registration 
 /out/sourcedata/freesurfer/fsaverage/surf/lh.sphere.reg
Rescaling ...  original radius = 100
Reading target surface 
 /out/sourcedata/freesurfer/sub-v2s4x29624_ses-1/surf/lh.white
Reading target registration 
 /out/sourcedata/freesurfer/sub-v2s4x29624_ses-1/surf/lh.sphere.reg
Rescaling ...  original radius = 100
Building target registration hash (res=16).
Building source registration hash (res=16).
INFO: found  4070 nlabel points
Performing mapping from target back to the source label 127026
Number of reverse mapping hits = 133
Checking for and removing duplicates
Writing label file ./lh.BA4p_exvivo.label 4203
mri_label2label: Done


 mri_label2label --srcsubject fsaverage --srclabel /out/sourcedata/freesurfer/fsaverage/label/lh.BA6_exvivo.label --trgsubject sub-v2s4x29624_ses-1 --trglabel ./lh.BA6_exvivo.label --hemi lh --regmethod surface 


srclabel = /out/sourcedata/freesurfer/fsaverage/label/lh.BA6_exvivo.label
srcsubject = fsaverage
trgsubject = sub-v2s4x29624_ses-1
trglabel = ./lh.BA6_exvivo.label
regmethod = surface

srchemi = lh
trghemi = lh
trgsurface = white
srcsurfreg = sphere.reg
trgsurfreg = sphere.reg
usehash = 1
Use ProjAbs  = 0, 0
Use ProjFrac = 0, 0
DoPaint 0

SUBJECTS_DIR    /out/sourcedata/freesurfer
FREESURFER_HOME /opt/freesurfer
Loading source label.
Found 13589 points in source label.
Starting surface-based mapping
Reading source registration 
 /out/sourcedata/freesurfer/fsaverage/surf/lh.sphere.reg
Rescaling ...  original radius = 100
Reading target surface 
 /out/sourcedata/freesurfer/sub-v2s4x29624_ses-1/surf/lh.white
Reading target registration 
 /out/sourcedata/freesurfer/sub-v2s4x29624_ses-1/surf/lh.sphere.reg
Rescaling ...  original radius = 100
Building target registration hash (res=16).
Building source registration hash (res=16).
INFO: found  13589 nlabel points
Performing mapping from target back to the source label 127026
Number of reverse mapping hits = 807
Checking for and removing duplicates
Writing label file ./lh.BA6_exvivo.label 14396
mri_label2label: Done


 mri_label2label --srcsubject fsaverage --srclabel /out/sourcedata/freesurfer/fsaverage/label/lh.BA44_exvivo.label --trgsubject sub-v2s4x29624_ses-1 --trglabel ./lh.BA44_exvivo.label --hemi lh --regmethod surface 


srclabel = /out/sourcedata/freesurfer/fsaverage/label/lh.BA44_exvivo.label
srcsubject = fsaverage
trgsubject = sub-v2s4x29624_ses-1
trglabel = ./lh.BA44_exvivo.label
regmethod = surface

srchemi = lh
trghemi = lh
trgsurface = white
srcsurfreg = sphere.reg
trgsurfreg = sphere.reg
usehash = 1
Use ProjAbs  = 0, 0
Use ProjFrac = 0, 0
DoPaint 0

SUBJECTS_DIR    /out/sourcedata/freesurfer
FREESURFER_HOME /opt/freesurfer
Loading source label.
Found 4181 points in source label.
Starting surface-based mapping
Reading source registration 
 /out/sourcedata/freesurfer/fsaverage/surf/lh.sphere.reg
Rescaling ...  original radius = 100
Reading target surface 
 /out/sourcedata/freesurfer/sub-v2s4x29624_ses-1/surf/lh.white
Reading target registration 
 /out/sourcedata/freesurfer/sub-v2s4x29624_ses-1/surf/lh.sphere.reg
Rescaling ...  original radius = 100
Building target registration hash (res=16).
Building source registration hash (res=16).
INFO: found  4181 nlabel points
Performing mapping from target back to the source label 127026
Number of reverse mapping hits = 135
Checking for and removing duplicates
Writing label file ./lh.BA44_exvivo.label 4316
mri_label2label: Done


 mri_label2label --srcsubject fsaverage --srclabel /out/sourcedata/freesurfer/fsaverage/label/lh.BA45_exvivo.label --trgsubject sub-v2s4x29624_ses-1 --trglabel ./lh.BA45_exvivo.label --hemi lh --regmethod surface 


srclabel = /out/sourcedata/freesurfer/fsaverage/label/lh.BA45_exvivo.label
srcsubject = fsaverage
trgsubject = sub-v2s4x29624_ses-1
trglabel = ./lh.BA45_exvivo.label
regmethod = surface

srchemi = lh
trghemi = lh
trgsurface = white
srcsurfreg = sphere.reg
trgsurfreg = sphere.reg
usehash = 1
Use ProjAbs  = 0, 0
Use ProjFrac = 0, 0
DoPaint 0

SUBJECTS_DIR    /out/sourcedata/freesurfer
FREESURFER_HOME /opt/freesurfer
Loading source label.
Found 3422 points in source label.
Starting surface-based mapping
Reading source registration 
 /out/sourcedata/freesurfer/fsaverage/surf/lh.sphere.reg
Rescaling ...  original radius = 100
Reading target surface 
 /out/sourcedata/freesurfer/sub-v2s4x29624_ses-1/surf/lh.white
Reading target registration 
 /out/sourcedata/freesurfer/sub-v2s4x29624_ses-1/surf/lh.sphere.reg
Rescaling ...  original radius = 100
Building target registration hash (res=16).
Building source registration hash (res=16).
INFO: found  3422 nlabel points
Performing mapping from target back to the source label 127026
Number of reverse mapping hits = 261
Checking for and removing duplicates
Writing label file ./lh.BA45_exvivo.label 3683
mri_label2label: Done


 mri_label2label --srcsubject fsaverage --srclabel /out/sourcedata/freesurfer/fsaverage/label/lh.V1_exvivo.label --trgsubject sub-v2s4x29624_ses-1 --trglabel ./lh.V1_exvivo.label --hemi lh --regmethod surface 


srclabel = /out/sourcedata/freesurfer/fsaverage/label/lh.V1_exvivo.label
srcsubject = fsaverage
trgsubject = sub-v2s4x29624_ses-1
trglabel = ./lh.V1_exvivo.label
regmethod = surface

srchemi = lh
trghemi = lh
trgsurface = white
srcsurfreg = sphere.reg
trgsurfreg = sphere.reg
usehash = 1
Use ProjAbs  = 0, 0
Use ProjFrac = 0, 0
DoPaint 0

SUBJECTS_DIR    /out/sourcedata/freesurfer
FREESURFER_HOME /opt/freesurfer
Loading source label.
Found 4641 points in source label.
Starting surface-based mapping
Reading source registration 
 /out/sourcedata/freesurfer/fsaverage/surf/lh.sphere.reg
Rescaling ...  original radius = 100
Reading target surface 
 /out/sourcedata/freesurfer/sub-v2s4x29624_ses-1/surf/lh.white
Reading target registration 
 /out/sourcedata/freesurfer/sub-v2s4x29624_ses-1/surf/lh.sphere.reg
Rescaling ...  original radius = 100
Building target registration hash (res=16).
Building source registration hash (res=16).
INFO: found  4641 nlabel points
Performing mapping from target back to the source label 127026
Number of reverse mapping hits = 689
Checking for and removing duplicates
Writing label file ./lh.V1_exvivo.label 5330
mri_label2label: Done


 mri_label2label --srcsubject fsaverage --srclabel /out/sourcedata/freesurfer/fsaverage/label/lh.V2_exvivo.label --trgsubject sub-v2s4x29624_ses-1 --trglabel ./lh.V2_exvivo.label --hemi lh --regmethod surface 


srclabel = /out/sourcedata/freesurfer/fsaverage/label/lh.V2_exvivo.label
srcsubject = fsaverage
trgsubject = sub-v2s4x29624_ses-1
trglabel = ./lh.V2_exvivo.label
regmethod = surface

srchemi = lh
trghemi = lh
trgsurface = white
srcsurfreg = sphere.reg
trgsurfreg = sphere.reg
usehash = 1
Use ProjAbs  = 0, 0
Use ProjFrac = 0, 0
DoPaint 0

SUBJECTS_DIR    /out/sourcedata/freesurfer
FREESURFER_HOME /opt/freesurfer
Loading source label.
Found 8114 points in source label.
Starting surface-based mapping
Reading source registration 
 /out/sourcedata/freesurfer/fsaverage/surf/lh.sphere.reg
Rescaling ...  original radius = 100
Reading target surface 
 /out/sourcedata/freesurfer/sub-v2s4x29624_ses-1/surf/lh.white
Reading target registration 
 /out/sourcedata/freesurfer/sub-v2s4x29624_ses-1/surf/lh.sphere.reg
Rescaling ...  original radius = 100
Building target registration hash (res=16).
Building source registration hash (res=16).
INFO: found  8114 nlabel points
Performing mapping from target back to the source label 127026
Number of reverse mapping hits = 1799
Checking for and removing duplicates
Writing label file ./lh.V2_exvivo.label 9913
mri_label2label: Done


 mri_label2label --srcsubject fsaverage --srclabel /out/sourcedata/freesurfer/fsaverage/label/lh.MT_exvivo.label --trgsubject sub-v2s4x29624_ses-1 --trglabel ./lh.MT_exvivo.label --hemi lh --regmethod surface 


srclabel = /out/sourcedata/freesurfer/fsaverage/label/lh.MT_exvivo.label
srcsubject = fsaverage
trgsubject = sub-v2s4x29624_ses-1
trglabel = ./lh.MT_exvivo.label
regmethod = surface

srchemi = lh
trghemi = lh
trgsurface = white
srcsurfreg = sphere.reg
trgsurfreg = sphere.reg
usehash = 1
Use ProjAbs  = 0, 0
Use ProjFrac = 0, 0
DoPaint 0

SUBJECTS_DIR    /out/sourcedata/freesurfer
FREESURFER_HOME /opt/freesurfer
Loading source label.
Found 2018 points in source label.
Starting surface-based mapping
Reading source registration 
 /out/sourcedata/freesurfer/fsaverage/surf/lh.sphere.reg
Rescaling ...  original radius = 100
Reading target surface 
 /out/sourcedata/freesurfer/sub-v2s4x29624_ses-1/surf/lh.white
Reading target registration 
 /out/sourcedata/freesurfer/sub-v2s4x29624_ses-1/surf/lh.sphere.reg
Rescaling ...  original radius = 100
Building target registration hash (res=16).
Building source registration hash (res=16).
INFO: found  2018 nlabel points
Performing mapping from target back to the source label 127026
Number of reverse mapping hits = 121
Checking for and removing duplicates
Writing label file ./lh.MT_exvivo.label 2139
mri_label2label: Done


 mri_label2label --srcsubject fsaverage --srclabel /out/sourcedata/freesurfer/fsaverage/label/lh.entorhinal_exvivo.label --trgsubject sub-v2s4x29624_ses-1 --trglabel ./lh.entorhinal_exvivo.label --hemi lh --regmethod surface 


srclabel = /out/sourcedata/freesurfer/fsaverage/label/lh.entorhinal_exvivo.label
srcsubject = fsaverage
trgsubject = sub-v2s4x29624_ses-1
trglabel = ./lh.entorhinal_exvivo.label
regmethod = surface

srchemi = lh
trghemi = lh
trgsurface = white
srcsurfreg = sphere.reg
trgsurfreg = sphere.reg
usehash = 1
Use ProjAbs  = 0, 0
Use ProjFrac = 0, 0
DoPaint 0

SUBJECTS_DIR    /out/sourcedata/freesurfer
FREESURFER_HOME /opt/freesurfer
Loading source label.
Found 1290 points in source label.
Starting surface-based mapping
Reading source registration 
 /out/sourcedata/freesurfer/fsaverage/surf/lh.sphere.reg
Rescaling ...  original radius = 100
Reading target surface 
 /out/sourcedata/freesurfer/sub-v2s4x29624_ses-1/surf/lh.white
Reading target registration 
 /out/sourcedata/freesurfer/sub-v2s4x29624_ses-1/surf/lh.sphere.reg
Rescaling ...  original radius = 100
Building target registration hash (res=16).
Building source registration hash (res=16).
INFO: found  1290 nlabel points
Performing mapping from target back to the source label 127026
Number of reverse mapping hits = 66
Checking for and removing duplicates
Writing label file ./lh.entorhinal_exvivo.label 1356
mri_label2label: Done


 mri_label2label --srcsubject fsaverage --srclabel /out/sourcedata/freesurfer/fsaverage/label/lh.perirhinal_exvivo.label --trgsubject sub-v2s4x29624_ses-1 --trglabel ./lh.perirhinal_exvivo.label --hemi lh --regmethod surface 


srclabel = /out/sourcedata/freesurfer/fsaverage/label/lh.perirhinal_exvivo.label
srcsubject = fsaverage
trgsubject = sub-v2s4x29624_ses-1
trglabel = ./lh.perirhinal_exvivo.label
regmethod = surface

srchemi = lh
trghemi = lh
trgsurface = white
srcsurfreg = sphere.reg
trgsurfreg = sphere.reg
usehash = 1
Use ProjAbs  = 0, 0
Use ProjFrac = 0, 0
DoPaint 0

SUBJECTS_DIR    /out/sourcedata/freesurfer
FREESURFER_HOME /opt/freesurfer
Loading source label.
Found 1199 points in source label.
Starting surface-based mapping
Reading source registration 
 /out/sourcedata/freesurfer/fsaverage/surf/lh.sphere.reg
Rescaling ...  original radius = 100
Reading target surface 
 /out/sourcedata/freesurfer/sub-v2s4x29624_ses-1/surf/lh.white
Reading target registration 
 /out/sourcedata/freesurfer/sub-v2s4x29624_ses-1/surf/lh.sphere.reg
Rescaling ...  original radius = 100
Building target registration hash (res=16).
Building source registration hash (res=16).
INFO: found  1199 nlabel points
Performing mapping from target back to the source label 127026
Number of reverse mapping hits = 43
Checking for and removing duplicates
Writing label file ./lh.perirhinal_exvivo.label 1242
mri_label2label: Done


 mri_label2label --srcsubject fsaverage --srclabel /out/sourcedata/freesurfer/fsaverage/label/lh.FG1.mpm.vpnl.label --trgsubject sub-v2s4x29624_ses-1 --trglabel ./lh.FG1.mpm.vpnl.label --hemi lh --regmethod surface 


srclabel = /out/sourcedata/freesurfer/fsaverage/label/lh.FG1.mpm.vpnl.label
srcsubject = fsaverage
trgsubject = sub-v2s4x29624_ses-1
trglabel = ./lh.FG1.mpm.vpnl.label
regmethod = surface

srchemi = lh
trghemi = lh
trgsurface = white
srcsurfreg = sphere.reg
trgsurfreg = sphere.reg
usehash = 1
Use ProjAbs  = 0, 0
Use ProjFrac = 0, 0
DoPaint 0

SUBJECTS_DIR    /out/sourcedata/freesurfer
FREESURFER_HOME /opt/freesurfer
Loading source label.
Found 414 points in source label.
Starting surface-based mapping
Reading source registration 
 /out/sourcedata/freesurfer/fsaverage/surf/lh.sphere.reg
Rescaling ...  original radius = 100
Reading target surface 
 /out/sourcedata/freesurfer/sub-v2s4x29624_ses-1/surf/lh.white
Reading target registration 
 /out/sourcedata/freesurfer/sub-v2s4x29624_ses-1/surf/lh.sphere.reg
Rescaling ...  original radius = 100
Building target registration hash (res=16).
Building source registration hash (res=16).
INFO: found  414 nlabel points
Performing mapping from target back to the source label 127026
Number of reverse mapping hits = 67
Checking for and removing duplicates
Writing label file ./lh.FG1.mpm.vpnl.label 481
mri_label2label: Done


 mri_label2label --srcsubject fsaverage --srclabel /out/sourcedata/freesurfer/fsaverage/label/lh.FG2.mpm.vpnl.label --trgsubject sub-v2s4x29624_ses-1 --trglabel ./lh.FG2.mpm.vpnl.label --hemi lh --regmethod surface 


srclabel = /out/sourcedata/freesurfer/fsaverage/label/lh.FG2.mpm.vpnl.label
srcsubject = fsaverage
trgsubject = sub-v2s4x29624_ses-1
trglabel = ./lh.FG2.mpm.vpnl.label
regmethod = surface

srchemi = lh
trghemi = lh
trgsurface = white
srcsurfreg = sphere.reg
trgsurfreg = sphere.reg
usehash = 1
Use ProjAbs  = 0, 0
Use ProjFrac = 0, 0
DoPaint 0

SUBJECTS_DIR    /out/sourcedata/freesurfer
FREESURFER_HOME /opt/freesurfer
Loading source label.
Found 703 points in source label.
Starting surface-based mapping
Reading source registration 
 /out/sourcedata/freesurfer/fsaverage/surf/lh.sphere.reg
Rescaling ...  original radius = 100
Reading target surface 
 /out/sourcedata/freesurfer/sub-v2s4x29624_ses-1/surf/lh.white
Reading target registration 
 /out/sourcedata/freesurfer/sub-v2s4x29624_ses-1/surf/lh.sphere.reg
Rescaling ...  original radius = 100
Building target registration hash (res=16).
Building source registration hash (res=16).
INFO: found  703 nlabel points
Performing mapping from target back to the source label 127026
Number of reverse mapping hits = 53
Checking for and removing duplicates
Writing label file ./lh.FG2.mpm.vpnl.label 756
mri_label2label: Done


 mri_label2label --srcsubject fsaverage --srclabel /out/sourcedata/freesurfer/fsaverage/label/lh.FG3.mpm.vpnl.label --trgsubject sub-v2s4x29624_ses-1 --trglabel ./lh.FG3.mpm.vpnl.label --hemi lh --regmethod surface 


srclabel = /out/sourcedata/freesurfer/fsaverage/label/lh.FG3.mpm.vpnl.label
srcsubject = fsaverage
trgsubject = sub-v2s4x29624_ses-1
trglabel = ./lh.FG3.mpm.vpnl.label
regmethod = surface

srchemi = lh
trghemi = lh
trgsurface = white
srcsurfreg = sphere.reg
trgsurfreg = sphere.reg
usehash = 1
Use ProjAbs  = 0, 0
Use ProjFrac = 0, 0
DoPaint 0

SUBJECTS_DIR    /out/sourcedata/freesurfer
FREESURFER_HOME /opt/freesurfer
Loading source label.
Found 1873 points in source label.
Starting surface-based mapping
Reading source registration 
 /out/sourcedata/freesurfer/fsaverage/surf/lh.sphere.reg
Rescaling ...  original radius = 100
Reading target surface 
 /out/sourcedata/freesurfer/sub-v2s4x29624_ses-1/surf/lh.white
Reading target registration 
 /out/sourcedata/freesurfer/sub-v2s4x29624_ses-1/surf/lh.sphere.reg
Rescaling ...  original radius = 100
Building target registration hash (res=16).
Building source registration hash (res=16).
INFO: found  1873 nlabel points
Performing mapping from target back to the source label 127026
Number of reverse mapping hits = 93
Checking for and removing duplicates
Writing label file ./lh.FG3.mpm.vpnl.label 1966
mri_label2label: Done


 mri_label2label --srcsubject fsaverage --srclabel /out/sourcedata/freesurfer/fsaverage/label/lh.FG4.mpm.vpnl.label --trgsubject sub-v2s4x29624_ses-1 --trglabel ./lh.FG4.mpm.vpnl.label --hemi lh --regmethod surface 


srclabel = /out/sourcedata/freesurfer/fsaverage/label/lh.FG4.mpm.vpnl.label
srcsubject = fsaverage
trgsubject = sub-v2s4x29624_ses-1
trglabel = ./lh.FG4.mpm.vpnl.label
regmethod = surface

srchemi = lh
trghemi = lh
trgsurface = white
srcsurfreg = sphere.reg
trgsurfreg = sphere.reg
usehash = 1
Use ProjAbs  = 0, 0
Use ProjFrac = 0, 0
DoPaint 0

SUBJECTS_DIR    /out/sourcedata/freesurfer
FREESURFER_HOME /opt/freesurfer
Loading source label.
Found 2101 points in source label.
Starting surface-based mapping
Reading source registration 
 /out/sourcedata/freesurfer/fsaverage/surf/lh.sphere.reg
Rescaling ...  original radius = 100
Reading target surface 
 /out/sourcedata/freesurfer/sub-v2s4x29624_ses-1/surf/lh.white
Reading target registration 
 /out/sourcedata/freesurfer/sub-v2s4x29624_ses-1/surf/lh.sphere.reg
Rescaling ...  original radius = 100
Building target registration hash (res=16).
Building source registration hash (res=16).
INFO: found  2101 nlabel points
Performing mapping from target back to the source label 127026
Number of reverse mapping hits = 155
Checking for and removing duplicates
Writing label file ./lh.FG4.mpm.vpnl.label 2256
mri_label2label: Done


 mri_label2label --srcsubject fsaverage --srclabel /out/sourcedata/freesurfer/fsaverage/label/lh.hOc1.mpm.vpnl.label --trgsubject sub-v2s4x29624_ses-1 --trglabel ./lh.hOc1.mpm.vpnl.label --hemi lh --regmethod surface 


srclabel = /out/sourcedata/freesurfer/fsaverage/label/lh.hOc1.mpm.vpnl.label
srcsubject = fsaverage
trgsubject = sub-v2s4x29624_ses-1
trglabel = ./lh.hOc1.mpm.vpnl.label
regmethod = surface

srchemi = lh
trghemi = lh
trgsurface = white
srcsurfreg = sphere.reg
trgsurfreg = sphere.reg
usehash = 1
Use ProjAbs  = 0, 0
Use ProjFrac = 0, 0
DoPaint 0

SUBJECTS_DIR    /out/sourcedata/freesurfer
FREESURFER_HOME /opt/freesurfer
Loading source label.
Found 3877 points in source label.
Starting surface-based mapping
Reading source registration 
 /out/sourcedata/freesurfer/fsaverage/surf/lh.sphere.reg
Rescaling ...  original radius = 100
Reading target surface 
 /out/sourcedata/freesurfer/sub-v2s4x29624_ses-1/surf/lh.white
Reading target registration 
 /out/sourcedata/freesurfer/sub-v2s4x29624_ses-1/surf/lh.sphere.reg
Rescaling ...  original radius = 100
Building target registration hash (res=16).
Building source registration hash (res=16).
INFO: found  3877 nlabel points
Performing mapping from target back to the source label 127026
Number of reverse mapping hits = 510
Checking for and removing duplicates
Writing label file ./lh.hOc1.mpm.vpnl.label 4387
mri_label2label: Done


 mri_label2label --srcsubject fsaverage --srclabel /out/sourcedata/freesurfer/fsaverage/label/lh.hOc2.mpm.vpnl.label --trgsubject sub-v2s4x29624_ses-1 --trglabel ./lh.hOc2.mpm.vpnl.label --hemi lh --regmethod surface 


srclabel = /out/sourcedata/freesurfer/fsaverage/label/lh.hOc2.mpm.vpnl.label
srcsubject = fsaverage
trgsubject = sub-v2s4x29624_ses-1
trglabel = ./lh.hOc2.mpm.vpnl.label
regmethod = surface

srchemi = lh
trghemi = lh
trgsurface = white
srcsurfreg = sphere.reg
trgsurfreg = sphere.reg
usehash = 1
Use ProjAbs  = 0, 0
Use ProjFrac = 0, 0
DoPaint 0

SUBJECTS_DIR    /out/sourcedata/freesurfer
FREESURFER_HOME /opt/freesurfer
Loading source label.
Found 2919 points in source label.
Starting surface-based mapping
Reading source registration 
 /out/sourcedata/freesurfer/fsaverage/surf/lh.sphere.reg
Rescaling ...  original radius = 100
Reading target surface 
 /out/sourcedata/freesurfer/sub-v2s4x29624_ses-1/surf/lh.white
Reading target registration 
 /out/sourcedata/freesurfer/sub-v2s4x29624_ses-1/surf/lh.sphere.reg
Rescaling ...  original radius = 100
Building target registration hash (res=16).
Building source registration hash (res=16).
INFO: found  2919 nlabel points
Performing mapping from target back to the source label 127026
Number of reverse mapping hits = 711
Checking for and removing duplicates
Writing label file ./lh.hOc2.mpm.vpnl.label 3630
mri_label2label: Done


 mri_label2label --srcsubject fsaverage --srclabel /out/sourcedata/freesurfer/fsaverage/label/lh.hOc3v.mpm.vpnl.label --trgsubject sub-v2s4x29624_ses-1 --trglabel ./lh.hOc3v.mpm.vpnl.label --hemi lh --regmethod surface 


srclabel = /out/sourcedata/freesurfer/fsaverage/label/lh.hOc3v.mpm.vpnl.label
srcsubject = fsaverage
trgsubject = sub-v2s4x29624_ses-1
trglabel = ./lh.hOc3v.mpm.vpnl.label
regmethod = surface

srchemi = lh
trghemi = lh
trgsurface = white
srcsurfreg = sphere.reg
trgsurfreg = sphere.reg
usehash = 1
Use ProjAbs  = 0, 0
Use ProjFrac = 0, 0
DoPaint 0

SUBJECTS_DIR    /out/sourcedata/freesurfer
FREESURFER_HOME /opt/freesurfer
Loading source label.
Found 1286 points in source label.
Starting surface-based mapping
Reading source registration 
 /out/sourcedata/freesurfer/fsaverage/surf/lh.sphere.reg
Rescaling ...  original radius = 100
Reading target surface 
 /out/sourcedata/freesurfer/sub-v2s4x29624_ses-1/surf/lh.white
Reading target registration 
 /out/sourcedata/freesurfer/sub-v2s4x29624_ses-1/surf/lh.sphere.reg
Rescaling ...  original radius = 100
Building target registration hash (res=16).
Building source registration hash (res=16).
INFO: found  1286 nlabel points
Performing mapping from target back to the source label 127026
Number of reverse mapping hits = 477
Checking for and removing duplicates
Writing label file ./lh.hOc3v.mpm.vpnl.label 1763
mri_label2label: Done


 mri_label2label --srcsubject fsaverage --srclabel /out/sourcedata/freesurfer/fsaverage/label/lh.hOc4v.mpm.vpnl.label --trgsubject sub-v2s4x29624_ses-1 --trglabel ./lh.hOc4v.mpm.vpnl.label --hemi lh --regmethod surface 


srclabel = /out/sourcedata/freesurfer/fsaverage/label/lh.hOc4v.mpm.vpnl.label
srcsubject = fsaverage
trgsubject = sub-v2s4x29624_ses-1
trglabel = ./lh.hOc4v.mpm.vpnl.label
regmethod = surface

srchemi = lh
trghemi = lh
trgsurface = white
srcsurfreg = sphere.reg
trgsurfreg = sphere.reg
usehash = 1
Use ProjAbs  = 0, 0
Use ProjFrac = 0, 0
DoPaint 0

SUBJECTS_DIR    /out/sourcedata/freesurfer
FREESURFER_HOME /opt/freesurfer
Loading source label.
Found 1006 points in source label.
Starting surface-based mapping
Reading source registration 
 /out/sourcedata/freesurfer/fsaverage/surf/lh.sphere.reg
Rescaling ...  original radius = 100
Reading target surface 
 /out/sourcedata/freesurfer/sub-v2s4x29624_ses-1/surf/lh.white
Reading target registration 
 /out/sourcedata/freesurfer/sub-v2s4x29624_ses-1/surf/lh.sphere.reg
Rescaling ...  original radius = 100
Building target registration hash (res=16).
Building source registration hash (res=16).
INFO: found  1006 nlabel points
Performing mapping from target back to the source label 127026
Number of reverse mapping hits = 299
Checking for and removing duplicates
Writing label file ./lh.hOc4v.mpm.vpnl.label 1305
mri_label2label: Done


 mris_label2annot --s sub-v2s4x29624_ses-1 --ctab /opt/freesurfer/average/colortable_vpnl.txt --hemi lh --a mpm.vpnl --maxstatwinner --noverbose --l lh.FG1.mpm.vpnl.label --l lh.FG2.mpm.vpnl.label --l lh.FG3.mpm.vpnl.label --l lh.FG4.mpm.vpnl.label --l lh.hOc1.mpm.vpnl.label --l lh.hOc2.mpm.vpnl.label --l lh.hOc3v.mpm.vpnl.label --l lh.hOc4v.mpm.vpnl.label 

Reading ctab /opt/freesurfer/average/colortable_vpnl.txt
Number of ctab entries 9

7.3.2
cwd /out/sourcedata/freesurfer/sub-v2s4x29624_ses-1/label
cmdline mris_label2annot --s sub-v2s4x29624_ses-1 --ctab /opt/freesurfer/average/colortable_vpnl.txt --hemi lh --a mpm.vpnl --maxstatwinner --noverbose --l lh.FG1.mpm.vpnl.label --l lh.FG2.mpm.vpnl.label --l lh.FG3.mpm.vpnl.label --l lh.FG4.mpm.vpnl.label --l lh.hOc1.mpm.vpnl.label --l lh.hOc2.mpm.vpnl.label --l lh.hOc3v.mpm.vpnl.label --l lh.hOc4v.mpm.vpnl.label 
sysname  Linux
hostname dna017
machine  x86_64
user     oesteban

subject sub-v2s4x29624_ses-1
hemi    lh
SUBJECTS_DIR /out/sourcedata/freesurfer
ColorTable /opt/freesurfer/average/colortable_vpnl.txt
AnnotName  mpm.vpnl
nlables 8
LabelThresh 0 0.000000
Loading /out/sourcedata/freesurfer/sub-v2s4x29624_ses-1/surf/lh.orig
 1 1376057 FG1
 2 16711935 FG2
 3 16711680 FG3
 4 1705837 FG4
 5 25600 hOc1
 6 255 hOc2
 7 16776960 hOc3v
 8 65535 hOc4v
Mapping unhit to unknown
Found 112989 unhit vertices
Writing annot to /out/sourcedata/freesurfer/sub-v2s4x29624_ses-1/label/lh.mpm.vpnl.annot

 mri_label2label --srcsubject fsaverage --srclabel /out/sourcedata/freesurfer/fsaverage/label/lh.BA1_exvivo.thresh.label --trgsubject sub-v2s4x29624_ses-1 --trglabel ./lh.BA1_exvivo.thresh.label --hemi lh --regmethod surface 


srclabel = /out/sourcedata/freesurfer/fsaverage/label/lh.BA1_exvivo.thresh.label
srcsubject = fsaverage
trgsubject = sub-v2s4x29624_ses-1
trglabel = ./lh.BA1_exvivo.thresh.label
regmethod = surface

srchemi = lh
trghemi = lh
trgsurface = white
srcsurfreg = sphere.reg
trgsurfreg = sphere.reg
usehash = 1
Use ProjAbs  = 0, 0
Use ProjFrac = 0, 0
DoPaint 0

SUBJECTS_DIR    /out/sourcedata/freesurfer
FREESURFER_HOME /opt/freesurfer
Loading source label.
Found 1014 points in source label.
Starting surface-based mapping
Reading source registration 
 /out/sourcedata/freesurfer/fsaverage/surf/lh.sphere.reg
Rescaling ...  original radius = 100
Reading target surface 
 /out/sourcedata/freesurfer/sub-v2s4x29624_ses-1/surf/lh.white
Reading target registration 
 /out/sourcedata/freesurfer/sub-v2s4x29624_ses-1/surf/lh.sphere.reg
Rescaling ...  original radius = 100
Building target registration hash (res=16).
Building source registration hash (res=16).
INFO: found  1014 nlabel points
Performing mapping from target back to the source label 127026
Number of reverse mapping hits = 71
Checking for and removing duplicates
Writing label file ./lh.BA1_exvivo.thresh.label 1085
mri_label2label: Done


 mri_label2label --srcsubject fsaverage --srclabel /out/sourcedata/freesurfer/fsaverage/label/lh.BA2_exvivo.thresh.label --trgsubject sub-v2s4x29624_ses-1 --trglabel ./lh.BA2_exvivo.thresh.label --hemi lh --regmethod surface 


srclabel = /out/sourcedata/freesurfer/fsaverage/label/lh.BA2_exvivo.thresh.label
srcsubject = fsaverage
trgsubject = sub-v2s4x29624_ses-1
trglabel = ./lh.BA2_exvivo.thresh.label
regmethod = surface

srchemi = lh
trghemi = lh
trgsurface = white
srcsurfreg = sphere.reg
trgsurfreg = sphere.reg
usehash = 1
Use ProjAbs  = 0, 0
Use ProjFrac = 0, 0
DoPaint 0

SUBJECTS_DIR    /out/sourcedata/freesurfer
FREESURFER_HOME /opt/freesurfer
Loading source label.
Found 2092 points in source label.
Starting surface-based mapping
Reading source registration 
 /out/sourcedata/freesurfer/fsaverage/surf/lh.sphere.reg
Rescaling ...  original radius = 100
Reading target surface 
 /out/sourcedata/freesurfer/sub-v2s4x29624_ses-1/surf/lh.white
Reading target registration 
 /out/sourcedata/freesurfer/sub-v2s4x29624_ses-1/surf/lh.sphere.reg
Rescaling ...  original radius = 100
Building target registration hash (res=16).
Building source registration hash (res=16).
INFO: found  2092 nlabel points
Performing mapping from target back to the source label 127026
Number of reverse mapping hits = 190
Checking for and removing duplicates
Writing label file ./lh.BA2_exvivo.thresh.label 2282
mri_label2label: Done


 mri_label2label --srcsubject fsaverage --srclabel /out/sourcedata/freesurfer/fsaverage/label/lh.BA3a_exvivo.thresh.label --trgsubject sub-v2s4x29624_ses-1 --trglabel ./lh.BA3a_exvivo.thresh.label --hemi lh --regmethod surface 


srclabel = /out/sourcedata/freesurfer/fsaverage/label/lh.BA3a_exvivo.thresh.label
srcsubject = fsaverage
trgsubject = sub-v2s4x29624_ses-1
trglabel = ./lh.BA3a_exvivo.thresh.label
regmethod = surface

srchemi = lh
trghemi = lh
trgsurface = white
srcsurfreg = sphere.reg
trgsurfreg = sphere.reg
usehash = 1
Use ProjAbs  = 0, 0
Use ProjFrac = 0, 0
DoPaint 0

SUBJECTS_DIR    /out/sourcedata/freesurfer
FREESURFER_HOME /opt/freesurfer
Loading source label.
Found 1504 points in source label.
Starting surface-based mapping
Reading source registration 
 /out/sourcedata/freesurfer/fsaverage/surf/lh.sphere.reg
Rescaling ...  original radius = 100
Reading target surface 
 /out/sourcedata/freesurfer/sub-v2s4x29624_ses-1/surf/lh.white
Reading target registration 
 /out/sourcedata/freesurfer/sub-v2s4x29624_ses-1/surf/lh.sphere.reg
Rescaling ...  original radius = 100
Building target registration hash (res=16).
Building source registration hash (res=16).
INFO: found  1504 nlabel points
Performing mapping from target back to the source label 127026
Number of reverse mapping hits = 17
Checking for and removing duplicates
Writing label file ./lh.BA3a_exvivo.thresh.label 1521
mri_label2label: Done


 mri_label2label --srcsubject fsaverage --srclabel /out/sourcedata/freesurfer/fsaverage/label/lh.BA3b_exvivo.thresh.label --trgsubject sub-v2s4x29624_ses-1 --trglabel ./lh.BA3b_exvivo.thresh.label --hemi lh --regmethod surface 


srclabel = /out/sourcedata/freesurfer/fsaverage/label/lh.BA3b_exvivo.thresh.label
srcsubject = fsaverage
trgsubject = sub-v2s4x29624_ses-1
trglabel = ./lh.BA3b_exvivo.thresh.label
regmethod = surface

srchemi = lh
trghemi = lh
trgsurface = white
srcsurfreg = sphere.reg
trgsurfreg = sphere.reg
usehash = 1
Use ProjAbs  = 0, 0
Use ProjFrac = 0, 0
DoPaint 0

SUBJECTS_DIR    /out/sourcedata/freesurfer
FREESURFER_HOME /opt/freesurfer
Loading source label.
Found 1996 points in source label.
Starting surface-based mapping
Reading source registration 
 /out/sourcedata/freesurfer/fsaverage/surf/lh.sphere.reg
Rescaling ...  original radius = 100
Reading target surface 
 /out/sourcedata/freesurfer/sub-v2s4x29624_ses-1/surf/lh.white
Reading target registration 
 /out/sourcedata/freesurfer/sub-v2s4x29624_ses-1/surf/lh.sphere.reg
Rescaling ...  original radius = 100
Building target registration hash (res=16).
Building source registration hash (res=16).
INFO: found  1996 nlabel points
Performing mapping from target back to the source label 127026
Number of reverse mapping hits = 64
Checking for and removing duplicates
Writing label file ./lh.BA3b_exvivo.thresh.label 2060
mri_label2label: Done


 mri_label2label --srcsubject fsaverage --srclabel /out/sourcedata/freesurfer/fsaverage/label/lh.BA4a_exvivo.thresh.label --trgsubject sub-v2s4x29624_ses-1 --trglabel ./lh.BA4a_exvivo.thresh.label --hemi lh --regmethod surface 


srclabel = /out/sourcedata/freesurfer/fsaverage/label/lh.BA4a_exvivo.thresh.label
srcsubject = fsaverage
trgsubject = sub-v2s4x29624_ses-1
trglabel = ./lh.BA4a_exvivo.thresh.label
regmethod = surface

srchemi = lh
trghemi = lh
trgsurface = white
srcsurfreg = sphere.reg
trgsurfreg = sphere.reg
usehash = 1
Use ProjAbs  = 0, 0
Use ProjFrac = 0, 0
DoPaint 0

SUBJECTS_DIR    /out/sourcedata/freesurfer
FREESURFER_HOME /opt/freesurfer
Loading source label.
Found 2319 points in source label.
Starting surface-based mapping
Reading source registration 
 /out/sourcedata/freesurfer/fsaverage/surf/lh.sphere.reg
Rescaling ...  original radius = 100
Reading target surface 
 /out/sourcedata/freesurfer/sub-v2s4x29624_ses-1/surf/lh.white
Reading target registration 
 /out/sourcedata/freesurfer/sub-v2s4x29624_ses-1/surf/lh.sphere.reg
Rescaling ...  original radius = 100
Building target registration hash (res=16).
Building source registration hash (res=16).
INFO: found  2319 nlabel points
Performing mapping from target back to the source label 127026
Number of reverse mapping hits = 124
Checking for and removing duplicates
Writing label file ./lh.BA4a_exvivo.thresh.label 2443
mri_label2label: Done


 mri_label2label --srcsubject fsaverage --srclabel /out/sourcedata/freesurfer/fsaverage/label/lh.BA4p_exvivo.thresh.label --trgsubject sub-v2s4x29624_ses-1 --trglabel ./lh.BA4p_exvivo.thresh.label --hemi lh --regmethod surface 


srclabel = /out/sourcedata/freesurfer/fsaverage/label/lh.BA4p_exvivo.thresh.label
srcsubject = fsaverage
trgsubject = sub-v2s4x29624_ses-1
trglabel = ./lh.BA4p_exvivo.thresh.label
regmethod = surface

srchemi = lh
trghemi = lh
trgsurface = white
srcsurfreg = sphere.reg
trgsurfreg = sphere.reg
usehash = 1
Use ProjAbs  = 0, 0
Use ProjFrac = 0, 0
DoPaint 0

SUBJECTS_DIR    /out/sourcedata/freesurfer
FREESURFER_HOME /opt/freesurfer
Loading source label.
Found 1549 points in source label.
Starting surface-based mapping
Reading source registration 
 /out/sourcedata/freesurfer/fsaverage/surf/lh.sphere.reg
Rescaling ...  original radius = 100
Reading target surface 
 /out/sourcedata/freesurfer/sub-v2s4x29624_ses-1/surf/lh.white
Reading target registration 
 /out/sourcedata/freesurfer/sub-v2s4x29624_ses-1/surf/lh.sphere.reg
Rescaling ...  original radius = 100
Building target registration hash (res=16).
Building source registration hash (res=16).
INFO: found  1549 nlabel points
Performing mapping from target back to the source label 127026
Number of reverse mapping hits = 26
Checking for and removing duplicates
Writing label file ./lh.BA4p_exvivo.thresh.label 1575
mri_label2label: Done


 mri_label2label --srcsubject fsaverage --srclabel /out/sourcedata/freesurfer/fsaverage/label/lh.BA6_exvivo.thresh.label --trgsubject sub-v2s4x29624_ses-1 --trglabel ./lh.BA6_exvivo.thresh.label --hemi lh --regmethod surface 


srclabel = /out/sourcedata/freesurfer/fsaverage/label/lh.BA6_exvivo.thresh.label
srcsubject = fsaverage
trgsubject = sub-v2s4x29624_ses-1
trglabel = ./lh.BA6_exvivo.thresh.label
regmethod = surface

srchemi = lh
trghemi = lh
trgsurface = white
srcsurfreg = sphere.reg
trgsurfreg = sphere.reg
usehash = 1
Use ProjAbs  = 0, 0
Use ProjFrac = 0, 0
DoPaint 0

SUBJECTS_DIR    /out/sourcedata/freesurfer
FREESURFER_HOME /opt/freesurfer
Loading source label.
Found 7035 points in source label.
Starting surface-based mapping
Reading source registration 
 /out/sourcedata/freesurfer/fsaverage/surf/lh.sphere.reg
Rescaling ...  original radius = 100
Reading target surface 
 /out/sourcedata/freesurfer/sub-v2s4x29624_ses-1/surf/lh.white
Reading target registration 
 /out/sourcedata/freesurfer/sub-v2s4x29624_ses-1/surf/lh.sphere.reg
Rescaling ...  original radius = 100
Building target registration hash (res=16).
Building source registration hash (res=16).
INFO: found  7035 nlabel points
Performing mapping from target back to the source label 127026
Number of reverse mapping hits = 254
Checking for and removing duplicates
Writing label file ./lh.BA6_exvivo.thresh.label 7289
mri_label2label: Done


 mri_label2label --srcsubject fsaverage --srclabel /out/sourcedata/freesurfer/fsaverage/label/lh.BA44_exvivo.thresh.label --trgsubject sub-v2s4x29624_ses-1 --trglabel ./lh.BA44_exvivo.thresh.label --hemi lh --regmethod surface 


srclabel = /out/sourcedata/freesurfer/fsaverage/label/lh.BA44_exvivo.thresh.label
srcsubject = fsaverage
trgsubject = sub-v2s4x29624_ses-1
trglabel = ./lh.BA44_exvivo.thresh.label
regmethod = surface

srchemi = lh
trghemi = lh
trgsurface = white
srcsurfreg = sphere.reg
trgsurfreg = sphere.reg
usehash = 1
Use ProjAbs  = 0, 0
Use ProjFrac = 0, 0
DoPaint 0

SUBJECTS_DIR    /out/sourcedata/freesurfer
FREESURFER_HOME /opt/freesurfer
Loading source label.
Found 1912 points in source label.
Starting surface-based mapping
Reading source registration 
 /out/sourcedata/freesurfer/fsaverage/surf/lh.sphere.reg
Rescaling ...  original radius = 100
Reading target surface 
 /out/sourcedata/freesurfer/sub-v2s4x29624_ses-1/surf/lh.white
Reading target registration 
 /out/sourcedata/freesurfer/sub-v2s4x29624_ses-1/surf/lh.sphere.reg
Rescaling ...  original radius = 100
Building target registration hash (res=16).
Building source registration hash (res=16).
INFO: found  1912 nlabel points
Performing mapping from target back to the source label 127026
Number of reverse mapping hits = 32
Checking for and removing duplicates
Writing label file ./lh.BA44_exvivo.thresh.label 1944
mri_label2label: Done


 mri_label2label --srcsubject fsaverage --srclabel /out/sourcedata/freesurfer/fsaverage/label/lh.BA45_exvivo.thresh.label --trgsubject sub-v2s4x29624_ses-1 --trglabel ./lh.BA45_exvivo.thresh.label --hemi lh --regmethod surface 


srclabel = /out/sourcedata/freesurfer/fsaverage/label/lh.BA45_exvivo.thresh.label
srcsubject = fsaverage
trgsubject = sub-v2s4x29624_ses-1
trglabel = ./lh.BA45_exvivo.thresh.label
regmethod = surface

srchemi = lh
trghemi = lh
trgsurface = white
srcsurfreg = sphere.reg
trgsurfreg = sphere.reg
usehash = 1
Use ProjAbs  = 0, 0
Use ProjFrac = 0, 0
DoPaint 0

SUBJECTS_DIR    /out/sourcedata/freesurfer
FREESURFER_HOME /opt/freesurfer
Loading source label.
Found 1151 points in source label.
Starting surface-based mapping
Reading source registration 
 /out/sourcedata/freesurfer/fsaverage/surf/lh.sphere.reg
Rescaling ...  original radius = 100
Reading target surface 
 /out/sourcedata/freesurfer/sub-v2s4x29624_ses-1/surf/lh.white
Reading target registration 
 /out/sourcedata/freesurfer/sub-v2s4x29624_ses-1/surf/lh.sphere.reg
Rescaling ...  original radius = 100
Building target registration hash (res=16).
Building source registration hash (res=16).
INFO: found  1151 nlabel points
Performing mapping from target back to the source label 127026
Number of reverse mapping hits = 103
Checking for and removing duplicates
Writing label file ./lh.BA45_exvivo.thresh.label 1254
mri_label2label: Done


 mri_label2label --srcsubject fsaverage --srclabel /out/sourcedata/freesurfer/fsaverage/label/lh.V1_exvivo.thresh.label --trgsubject sub-v2s4x29624_ses-1 --trglabel ./lh.V1_exvivo.thresh.label --hemi lh --regmethod surface 


srclabel = /out/sourcedata/freesurfer/fsaverage/label/lh.V1_exvivo.thresh.label
srcsubject = fsaverage
trgsubject = sub-v2s4x29624_ses-1
trglabel = ./lh.V1_exvivo.thresh.label
regmethod = surface

srchemi = lh
trghemi = lh
trgsurface = white
srcsurfreg = sphere.reg
trgsurfreg = sphere.reg
usehash = 1
Use ProjAbs  = 0, 0
Use ProjFrac = 0, 0
DoPaint 0

SUBJECTS_DIR    /out/sourcedata/freesurfer
FREESURFER_HOME /opt/freesurfer
Loading source label.
Found 3405 points in source label.
Starting surface-based mapping
Reading source registration 
 /out/sourcedata/freesurfer/fsaverage/surf/lh.sphere.reg
Rescaling ...  original radius = 100
Reading target surface 
 /out/sourcedata/freesurfer/sub-v2s4x29624_ses-1/surf/lh.white
Reading target registration 
 /out/sourcedata/freesurfer/sub-v2s4x29624_ses-1/surf/lh.sphere.reg
Rescaling ...  original radius = 100
Building target registration hash (res=16).
Building source registration hash (res=16).
INFO: found  3405 nlabel points
Performing mapping from target back to the source label 127026
Number of reverse mapping hits = 470
Checking for and removing duplicates
Writing label file ./lh.V1_exvivo.thresh.label 3875
mri_label2label: Done


 mri_label2label --srcsubject fsaverage --srclabel /out/sourcedata/freesurfer/fsaverage/label/lh.V2_exvivo.thresh.label --trgsubject sub-v2s4x29624_ses-1 --trglabel ./lh.V2_exvivo.thresh.label --hemi lh --regmethod surface 


srclabel = /out/sourcedata/freesurfer/fsaverage/label/lh.V2_exvivo.thresh.label
srcsubject = fsaverage
trgsubject = sub-v2s4x29624_ses-1
trglabel = ./lh.V2_exvivo.thresh.label
regmethod = surface

srchemi = lh
trghemi = lh
trgsurface = white
srcsurfreg = sphere.reg
trgsurfreg = sphere.reg
usehash = 1
Use ProjAbs  = 0, 0
Use ProjFrac = 0, 0
DoPaint 0

SUBJECTS_DIR    /out/sourcedata/freesurfer
FREESURFER_HOME /opt/freesurfer
Loading source label.
Found 3334 points in source label.
Starting surface-based mapping
Reading source registration 
 /out/sourcedata/freesurfer/fsaverage/surf/lh.sphere.reg
Rescaling ...  original radius = 100
Reading target surface 
 /out/sourcedata/freesurfer/sub-v2s4x29624_ses-1/surf/lh.white
Reading target registration 
 /out/sourcedata/freesurfer/sub-v2s4x29624_ses-1/surf/lh.sphere.reg
Rescaling ...  original radius = 100
Building target registration hash (res=16).
Building source registration hash (res=16).
INFO: found  3334 nlabel points
Performing mapping from target back to the source label 127026
Number of reverse mapping hits = 797
Checking for and removing duplicates
Writing label file ./lh.V2_exvivo.thresh.label 4131
mri_label2label: Done


 mri_label2label --srcsubject fsaverage --srclabel /out/sourcedata/freesurfer/fsaverage/label/lh.MT_exvivo.thresh.label --trgsubject sub-v2s4x29624_ses-1 --trglabel ./lh.MT_exvivo.thresh.label --hemi lh --regmethod surface 


srclabel = /out/sourcedata/freesurfer/fsaverage/label/lh.MT_exvivo.thresh.label
srcsubject = fsaverage
trgsubject = sub-v2s4x29624_ses-1
trglabel = ./lh.MT_exvivo.thresh.label
regmethod = surface

srchemi = lh
trghemi = lh
trgsurface = white
srcsurfreg = sphere.reg
trgsurfreg = sphere.reg
usehash = 1
Use ProjAbs  = 0, 0
Use ProjFrac = 0, 0
DoPaint 0

SUBJECTS_DIR    /out/sourcedata/freesurfer
FREESURFER_HOME /opt/freesurfer
Loading source label.
Found 513 points in source label.
Starting surface-based mapping
Reading source registration 
 /out/sourcedata/freesurfer/fsaverage/surf/lh.sphere.reg
Rescaling ...  original radius = 100
Reading target surface 
 /out/sourcedata/freesurfer/sub-v2s4x29624_ses-1/surf/lh.white
Reading target registration 
 /out/sourcedata/freesurfer/sub-v2s4x29624_ses-1/surf/lh.sphere.reg
Rescaling ...  original radius = 100
Building target registration hash (res=16).
Building source registration hash (res=16).
INFO: found  513 nlabel points
Performing mapping from target back to the source label 127026
Number of reverse mapping hits = 34
Checking for and removing duplicates
Writing label file ./lh.MT_exvivo.thresh.label 547
mri_label2label: Done


 mri_label2label --srcsubject fsaverage --srclabel /out/sourcedata/freesurfer/fsaverage/label/lh.entorhinal_exvivo.thresh.label --trgsubject sub-v2s4x29624_ses-1 --trglabel ./lh.entorhinal_exvivo.thresh.label --hemi lh --regmethod surface 


srclabel = /out/sourcedata/freesurfer/fsaverage/label/lh.entorhinal_exvivo.thresh.label
srcsubject = fsaverage
trgsubject = sub-v2s4x29624_ses-1
trglabel = ./lh.entorhinal_exvivo.thresh.label
regmethod = surface

srchemi = lh
trghemi = lh
trgsurface = white
srcsurfreg = sphere.reg
trgsurfreg = sphere.reg
usehash = 1
Use ProjAbs  = 0, 0
Use ProjFrac = 0, 0
DoPaint 0

SUBJECTS_DIR    /out/sourcedata/freesurfer
FREESURFER_HOME /opt/freesurfer
Loading source label.
Found 470 points in source label.
Starting surface-based mapping
Reading source registration 
 /out/sourcedata/freesurfer/fsaverage/surf/lh.sphere.reg
Rescaling ...  original radius = 100
Reading target surface 
 /out/sourcedata/freesurfer/sub-v2s4x29624_ses-1/surf/lh.white
Reading target registration 
 /out/sourcedata/freesurfer/sub-v2s4x29624_ses-1/surf/lh.sphere.reg
Rescaling ...  original radius = 100
Building target registration hash (res=16).
Building source registration hash (res=16).
INFO: found  470 nlabel points
Performing mapping from target back to the source label 127026
Number of reverse mapping hits = 8
Checking for and removing duplicates
Writing label file ./lh.entorhinal_exvivo.thresh.label 478
mri_label2label: Done


 mri_label2label --srcsubject fsaverage --srclabel /out/sourcedata/freesurfer/fsaverage/label/lh.perirhinal_exvivo.thresh.label --trgsubject sub-v2s4x29624_ses-1 --trglabel ./lh.perirhinal_exvivo.thresh.label --hemi lh --regmethod surface 


srclabel = /out/sourcedata/freesurfer/fsaverage/label/lh.perirhinal_exvivo.thresh.label
srcsubject = fsaverage
trgsubject = sub-v2s4x29624_ses-1
trglabel = ./lh.perirhinal_exvivo.thresh.label
regmethod = surface

srchemi = lh
trghemi = lh
trgsurface = white
srcsurfreg = sphere.reg
trgsurfreg = sphere.reg
usehash = 1
Use ProjAbs  = 0, 0
Use ProjFrac = 0, 0
DoPaint 0

SUBJECTS_DIR    /out/sourcedata/freesurfer
FREESURFER_HOME /opt/freesurfer
Loading source label.
Found 450 points in source label.
Starting surface-based mapping
Reading source registration 
 /out/sourcedata/freesurfer/fsaverage/surf/lh.sphere.reg
Rescaling ...  original radius = 100
Reading target surface 
 /out/sourcedata/freesurfer/sub-v2s4x29624_ses-1/surf/lh.white
Reading target registration 
 /out/sourcedata/freesurfer/sub-v2s4x29624_ses-1/surf/lh.sphere.reg
Rescaling ...  original radius = 100
Building target registration hash (res=16).
Building source registration hash (res=16).
INFO: found  450 nlabel points
Performing mapping from target back to the source label 127026
Number of reverse mapping hits = 14
Checking for and removing duplicates
Writing label file ./lh.perirhinal_exvivo.thresh.label 464
mri_label2label: Done


 mris_label2annot --s sub-v2s4x29624_ses-1 --hemi lh --ctab /opt/freesurfer/average/colortable_BA.txt --l lh.BA1_exvivo.label --l lh.BA2_exvivo.label --l lh.BA3a_exvivo.label --l lh.BA3b_exvivo.label --l lh.BA4a_exvivo.label --l lh.BA4p_exvivo.label --l lh.BA6_exvivo.label --l lh.BA44_exvivo.label --l lh.BA45_exvivo.label --l lh.V1_exvivo.label --l lh.V2_exvivo.label --l lh.MT_exvivo.label --l lh.perirhinal_exvivo.label --l lh.entorhinal_exvivo.label --a BA_exvivo --maxstatwinner --noverbose 

Reading ctab /opt/freesurfer/average/colortable_BA.txt
Number of ctab entries 15

7.3.2
cwd /out/sourcedata/freesurfer/sub-v2s4x29624_ses-1/label
cmdline mris_label2annot --s sub-v2s4x29624_ses-1 --hemi lh --ctab /opt/freesurfer/average/colortable_BA.txt --l lh.BA1_exvivo.label --l lh.BA2_exvivo.label --l lh.BA3a_exvivo.label --l lh.BA3b_exvivo.label --l lh.BA4a_exvivo.label --l lh.BA4p_exvivo.label --l lh.BA6_exvivo.label --l lh.BA44_exvivo.label --l lh.BA45_exvivo.label --l lh.V1_exvivo.label --l lh.V2_exvivo.label --l lh.MT_exvivo.label --l lh.perirhinal_exvivo.label --l lh.entorhinal_exvivo.label --a BA_exvivo --maxstatwinner --noverbose 
sysname  Linux
hostname dna017
machine  x86_64
user     oesteban

subject sub-v2s4x29624_ses-1
hemi    lh
SUBJECTS_DIR /out/sourcedata/freesurfer
ColorTable /opt/freesurfer/average/colortable_BA.txt
AnnotName  BA_exvivo
nlables 14
LabelThresh 0 0.000000
Loading /out/sourcedata/freesurfer/sub-v2s4x29624_ses-1/surf/lh.orig
 1 1530880 BA1_exvivo
 2 16749699 BA2_exvivo
 3 16711680 BA3a_exvivo
 4 3368703 BA3b_exvivo
 5 1376196 BA4a_exvivo
 6 13382655 BA4p_exvivo
 7 10036737 BA6_exvivo
 8 2490521 BA44_exvivo
 9 39283 BA45_exvivo
10 3993 V1_exvivo
11 8508928 V2_exvivo
12 10027163 MT_exvivo
13 16422433 perirhinal_exvivo
14 16392598 entorhinal_exvivo
Mapping unhit to unknown
Found 86914 unhit vertices
Writing annot to /out/sourcedata/freesurfer/sub-v2s4x29624_ses-1/label/lh.BA_exvivo.annot

 mris_label2annot --s sub-v2s4x29624_ses-1 --hemi lh --ctab /opt/freesurfer/average/colortable_BA.txt --l lh.BA1_exvivo.thresh.label --l lh.BA2_exvivo.thresh.label --l lh.BA3a_exvivo.thresh.label --l lh.BA3b_exvivo.thresh.label --l lh.BA4a_exvivo.thresh.label --l lh.BA4p_exvivo.thresh.label --l lh.BA6_exvivo.thresh.label --l lh.BA44_exvivo.thresh.label --l lh.BA45_exvivo.thresh.label --l lh.V1_exvivo.thresh.label --l lh.V2_exvivo.thresh.label --l lh.MT_exvivo.thresh.label --l lh.perirhinal_exvivo.thresh.label --l lh.entorhinal_exvivo.thresh.label --a BA_exvivo.thresh --maxstatwinner --noverbose 

Reading ctab /opt/freesurfer/average/colortable_BA.txt
Number of ctab entries 15

7.3.2
cwd /out/sourcedata/freesurfer/sub-v2s4x29624_ses-1/label
cmdline mris_label2annot --s sub-v2s4x29624_ses-1 --hemi lh --ctab /opt/freesurfer/average/colortable_BA.txt --l lh.BA1_exvivo.thresh.label --l lh.BA2_exvivo.thresh.label --l lh.BA3a_exvivo.thresh.label --l lh.BA3b_exvivo.thresh.label --l lh.BA4a_exvivo.thresh.label --l lh.BA4p_exvivo.thresh.label --l lh.BA6_exvivo.thresh.label --l lh.BA44_exvivo.thresh.label --l lh.BA45_exvivo.thresh.label --l lh.V1_exvivo.thresh.label --l lh.V2_exvivo.thresh.label --l lh.MT_exvivo.thresh.label --l lh.perirhinal_exvivo.thresh.label --l lh.entorhinal_exvivo.thresh.label --a BA_exvivo.thresh --maxstatwinner --noverbose 
sysname  Linux
hostname dna017
machine  x86_64
user     oesteban

subject sub-v2s4x29624_ses-1
hemi    lh
SUBJECTS_DIR /out/sourcedata/freesurfer
ColorTable /opt/freesurfer/average/colortable_BA.txt
AnnotName  BA_exvivo.thresh
nlables 14
LabelThresh 0 0.000000
Loading /out/sourcedata/freesurfer/sub-v2s4x29624_ses-1/surf/lh.orig
 1 1530880 BA1_exvivo
 2 16749699 BA2_exvivo
 3 16711680 BA3a_exvivo
 4 3368703 BA3b_exvivo
 5 1376196 BA4a_exvivo
 6 13382655 BA4p_exvivo
 7 10036737 BA6_exvivo
 8 2490521 BA44_exvivo
 9 39283 BA45_exvivo
10 3993 V1_exvivo
11 8508928 V2_exvivo
12 10027163 MT_exvivo
13 16422433 perirhinal_exvivo
14 16392598 entorhinal_exvivo
Mapping unhit to unknown
Found 103676 unhit vertices
Writing annot to /out/sourcedata/freesurfer/sub-v2s4x29624_ses-1/label/lh.BA_exvivo.thresh.annot

 mris_anatomical_stats -th3 -mgz -noglobal -f ../stats/lh.BA_exvivo.stats -b -a ./lh.BA_exvivo.annot -c ./BA_exvivo.ctab sub-v2s4x29624_ses-1 lh white 

computing statistics for each annotation in ./lh.BA_exvivo.annot.
reading volume /out/sourcedata/freesurfer/sub-v2s4x29624_ses-1/mri/wm.mgz...
reading input surface /out/sourcedata/freesurfer/sub-v2s4x29624_ses-1/surf/lh.white...
reading input pial surface /out/sourcedata/freesurfer/sub-v2s4x29624_ses-1/surf/lh.pial...
reading input white surface /out/sourcedata/freesurfer/sub-v2s4x29624_ses-1/surf/lh.white...
INFO: using TH3 volume calc
INFO: assuming MGZ format for volumes.
INFO: not computing global stats
Using TH3 vertex volume calc
Total face volume 237244
Total vertex volume 237034 (mask=0)
Saving annotation colortable ./BA_exvivo.ctab

table columns are:
    number of vertices
    total surface area (mm^2)
    total gray matter volume (mm^3)
    average cortical thickness +- standard deviation (mm)
    integrated rectified mean curvature
    integrated rectified Gaussian curvature
    folding index
    intrinsic curvature index
    structure name

 1283    687   1991  2.258 0.459     0.110     0.022       13     1.1  BA1_exvivo
 4510   2989   7249  2.389 0.460     0.113     0.020       45     3.9  BA2_exvivo
 1061    692    895  1.690 0.533     0.136     0.028       12     1.2  BA3a_exvivo
 2503   1589   3254  1.926 0.702     0.101     0.020       17     2.2  BA3b_exvivo
 1881   1087   2938  2.385 0.651     0.106     0.026       15     2.2  BA4a_exvivo
 1319    827   1729  2.144 0.640     0.089     0.018        6     1.0  BA4p_exvivo
 9712   6211  20211  2.887 0.499     0.113     0.025       82    10.3  BA6_exvivo
 2148   1496   4667  2.823 0.389     0.104     0.018       19     1.7  BA44_exvivo
 2614   1851   5955  2.678 0.536     0.118     0.021       29     2.7  BA45_exvivo
 2937   1836   2910  1.580 0.419     0.120     0.028       30     3.6  V1_exvivo
 7306   4551   9267  1.892 0.579     0.124     0.028       84     8.5  V2_exvivo
 1664   1123   2900  2.466 0.386     0.124     0.022       19     1.5  MT_exvivo
  650    491   1927  3.145 1.011     0.152     0.050        8     1.3  perirhinal_exvivo
  524    331   1186  2.521 1.042     0.128     0.050        8     0.9  entorhinal_exvivo

 mris_anatomical_stats -th3 -mgz -f ../stats/lh.BA_exvivo.thresh.stats -noglobal -b -a ./lh.BA_exvivo.thresh.annot -c ./BA_exvivo.thresh.ctab sub-v2s4x29624_ses-1 lh white 

computing statistics for each annotation in ./lh.BA_exvivo.thresh.annot.
reading volume /out/sourcedata/freesurfer/sub-v2s4x29624_ses-1/mri/wm.mgz...
reading input surface /out/sourcedata/freesurfer/sub-v2s4x29624_ses-1/surf/lh.white...
reading input pial surface /out/sourcedata/freesurfer/sub-v2s4x29624_ses-1/surf/lh.pial...
reading input white surface /out/sourcedata/freesurfer/sub-v2s4x29624_ses-1/surf/lh.white...
INFO: using TH3 volume calc
INFO: assuming MGZ format for volumes.
INFO: not computing global stats
Using TH3 vertex volume calc
Total face volume 237244
Total vertex volume 237034 (mask=0)
Saving annotation colortable ./BA_exvivo.thresh.ctab

table columns are:
    number of vertices
    total surface area (mm^2)
    total gray matter volume (mm^3)
    average cortical thickness +- standard deviation (mm)
    integrated rectified mean curvature
    integrated rectified Gaussian curvature
    folding index
    intrinsic curvature index
    structure name

  842    415   1225  2.252 0.448     0.098     0.020        7     0.7  BA1_exvivo
 1905   1220   2906  2.298 0.478     0.110     0.019       18     1.6  BA2_exvivo
  910    590    690  1.601 0.434     0.141     0.029       11     1.1  BA3a_exvivo
 1494    929   1501  1.556 0.467     0.089     0.017        8     1.0  BA3b_exvivo
 1801   1059   2563  2.260 0.567     0.097     0.023       11     1.8  BA4a_exvivo
 1067    662   1308  2.063 0.663     0.089     0.018        5     0.7  BA4p_exvivo
 5193   3178  10167  2.802 0.445     0.111     0.026       43     5.5  BA6_exvivo
 1285    922   3014  2.827 0.390     0.108     0.018       13     1.0  BA44_exvivo
 1037    739   2509  2.661 0.484     0.114     0.019       10     1.0  BA45_exvivo
 3153   1958   3203  1.616 0.448     0.120     0.027       32     3.8  V1_exvivo
 3658   2266   4275  1.771 0.540     0.126     0.029       44     4.5  V2_exvivo
  437    293    675  2.475 0.397     0.116     0.020        4     0.3  MT_exvivo
  272    226    859  3.203 1.182     0.179     0.054        3     0.8  perirhinal_exvivo
  296    199    608  2.658 1.064     0.116     0.036        2     0.4  entorhinal_exvivo

Started at Fri Mar 13 08:33:56 CET 2026 
Ended   at Fri Mar 13 08:37:17 CET 2026
#@#%# recon-all-run-time-hours 0.056
recon-all -s sub-v2s4x29624_ses-1 finished without error at Fri Mar 13 08:37:17 CET 2026
