global_signal	global_signal_derivative1	global_signal_derivative1_power2	global_signal_power2	csf	csf_derivative1	csf_power2	csf_derivative1_power2	white_matter	white_matter_derivative1	white_matter_power2	white_matter_derivative1_power2	csf_wm	tcompcor	std_dvars	dvars	framewise_displacement	rmsd	t_comp_cor_00	t_comp_cor_01	t_comp_cor_02	t_comp_cor_03	t_comp_cor_04	c_comp_cor_00	c_comp_cor_01	c_comp_cor_02	c_comp_cor_03	c_comp_cor_04	w_comp_cor_00	w_comp_cor_01	w_comp_cor_02	w_comp_cor_03	w_comp_cor_04	w_comp_cor_05	w_comp_cor_06	w_comp_cor_07	w_comp_cor_08	w_comp_cor_09	w_comp_cor_10	w_comp_cor_11	w_comp_cor_12	w_comp_cor_13	w_comp_cor_14	w_comp_cor_15	w_comp_cor_16	w_comp_cor_17	w_comp_cor_18	w_comp_cor_19	a_comp_cor_00	a_comp_cor_01	a_comp_cor_02	a_comp_cor_03	a_comp_cor_04	a_comp_cor_05	a_comp_cor_06	a_comp_cor_07	a_comp_cor_08	a_comp_cor_09	a_comp_cor_10	a_comp_cor_11	a_comp_cor_12	a_comp_cor_13	edge_comp_00	edge_comp_01	edge_comp_02	edge_comp_03	edge_comp_04	edge_comp_05	edge_comp_06	edge_comp_07	edge_comp_08	edge_comp_09	edge_comp_10	edge_comp_11	edge_comp_12	edge_comp_13	edge_comp_14	edge_comp_15	edge_comp_16	edge_comp_17	edge_comp_18	edge_comp_19	edge_comp_20	edge_comp_21	edge_comp_22	edge_comp_23	cosine00	cosine01	trans_x	trans_x_derivative1	trans_x_derivative1_power2	trans_x_power2	trans_y	trans_y_derivative1	trans_y_power2	trans_y_derivative1_power2	trans_z	trans_z_derivative1	trans_z_derivative1_power2	trans_z_power2	rot_x	rot_x_derivative1	rot_x_derivative1_power2	rot_x_power2	rot_y	rot_y_derivative1	rot_y_power2	rot_y_derivative1_power2	rot_z	rot_z_derivative1	rot_z_derivative1_power2	rot_z_power2	motion_outlier00	motion_outlier01	motion_outlier02	motion_outlier03	motion_outlier04	motion_outlier05	motion_outlier06	motion_outlier07	motion_outlier08	motion_outlier09	motion_outlier10	motion_outlier11	motion_outlier12	motion_outlier13
1141.2019548666162	n/a	n/a	1302341.9017913863	1545.969893633309	n/a	2390022.912020585	n/a	1110.0036172924854	n/a	1232108.0304024024	n/a	1205.0933295756522	1103.0621462554698	n/a	n/a	n/a	n/a	-0.1141848334	0.0081377113	0.0063136339	-0.0407345452	0.0035635136	-0.0066720702	0.0068660026	0.1104144865	-0.0126897385	0.0652697658	0.0343363241	-0.0983214364	0.0835212143	-0.007532472	0.0725021703	-0.0605325068	-0.0268972433	0.0333156761	-0.0424635544	0.0618735682	-0.0342712214	0.0186580596	-0.0298689952	4.0694e-05	0.2160962748	-0.1179881127	0.0008395974	-0.1651643849	-0.0565716446	0.0635245082	-0.0594871938	0.087814792	0.0040550406	-0.0840624268	0.037529635	-0.0668923045	0.0220348577	-0.0229905839	0.0947855706	0.0435419788	-0.0713046178	0.0462330799	-0.1067564222	0.0166547038	-0.0887374452	0.0236380765	-0.0019585701	0.0303029772	-0.0923160006	0.0207801487	-0.0162627518	0.0524177016	-0.0240410818	0.0532919341	-0.0295501214	0.01877913	0.07346091	-0.1070304226	0.0801783598	-0.1252424132	0.0011672844	-0.04703236	0.1064566836	-0.1984144285	0.0346492856	-0.0264253416	0.0756984082	-0.0346423631	0.153366806	0.1532882396	0.0639263680424591	n/a	n/a	0.0040865805310999	-0.09120627880813	n/a	0.0083185852940263	n/a	-0.0751846107544267	n/a	n/a	0.0056527256942946	0.0035351459011297	n/a	n/a	1.2497256542274118e-05	0.0038420314689247	n/a	1.4761205808207688e-05	n/a	-0.0008437962931772	n/a	n/a	7.119921843795834e-07	0.0	0.0	0.0	0.0	0.0	0.0	0.0	0.0	0.0	0.0	0.0	0.0	0.0	0.0
1142.1434822751287	0.9415274085124564	0.8864738609801822	1304491.7341035572	1540.164437374826	-5.805456258482991	2372106.4941541147	33.70332236915933	1110.639652151607	0.636034859121537	1233520.4369314425	0.4045403420177534	1204.9332289236029	1077.113502070148	1.126816	32.707066	0.2642234359761616	0.1554400876711645	-0.1473486847	-0.0574414287	0.0290181661	-0.0546522455	0.2417736285	-0.0087780404	0.0459040465	0.1939615755	0.0674364697	-0.0127134932	0.0408055843	-0.1564552723	0.0275041561	-0.1063653374	0.0503524596	-0.169782573	-0.1015934056	0.1622067297	0.0067838159	-0.1374347954	-0.0519144205	0.0524409717	-0.1514738335	-0.0998917907	-0.0932679246	-0.2035797572	0.0597760159	-0.2118923451	-0.0650330667	-0.0470996562	-0.1036618994	0.1507154972	-0.0021269255	-0.0421237108	-0.003401614	-0.0592578521	0.1079349142	-0.160537822	0.097682613	0.1017146294	-0.180570469	-0.0686614735	-0.229136221	0.0018265639	-0.1147020849	0.0547201191	0.0567032153	0.0957814574	-0.0355983449	0.0014706198	0.0031389005	0.0214864186	-0.0158394677	0.0655941284	-0.0488128379	0.0207223783	0.0067025069	-0.1919512374	0.2948775775	-0.0645701455	-0.0468555252	-0.136552617	0.1422707101	-0.4000848654	-0.0434964317	0.1184191051	0.1839276748	-0.1372510554	0.1531573254	0.1524510324	0.0426180330619558	-0.0213083349805033	0.0004540451396413	0.0018162967420699	-0.0793765024951085	0.0118297763130214	0.0063006291483559	0.0001399436076161	-0.2103896106863985	-0.1352049999319718	0.0182803920066044	0.0442637882847743	0.004314030079508	0.0007788841783783	6.066605633280396e-07	1.86108555268998e-05	0.0028369824493807	-0.001005049019544	8.048469418094115e-06	1.010123531686356e-06	-0.0007101229960862	0.000133673297091	1.786855035517877e-08	5.042746695704411e-07	0.0	0.0	0.0	0.0	0.0	0.0	0.0	0.0	0.0	0.0	0.0	0.0	0.0	0.0
1140.2679087639524	-1.8755735111762988	3.51777599582619	1300210.9037569172	1536.5626250444832	-3.6018123303429093	2361024.700683593	12.973052063010218	1109.742562872401	-0.8970892792058294	1231528.555850605	0.8047691748660345	1202.0192941763	1064.177818292498	1.0622	30.831533	0.227975457887226	0.1052332605931809	-0.1300558006	-0.0135199637	-0.0373586337	-0.062701234	0.0910965791	-0.0207664052	0.036021233	0.1743563685	0.0589311636	-0.0453971833	0.0907257541	-0.1455029419	0.0784285122	-0.0568721715	-0.0733395063	-0.0724435804	0.0129809262	-0.1109915488	0.0155676568	-0.1298756428	0.0238566312	0.2085516353	0.0367117698	-0.1159244015	0.0358562007	-0.0462783712	0.1884208447	-0.0534569985	0.0137530532	-0.0173417346	-0.0659218529	0.1015975248	0.0224889812	-0.0890493731	-0.0522913609	-0.0122067547	-0.0816545871	-0.0506325625	-0.1116740879	-0.0136938595	-0.0531182133	0.0042204944	-0.2009438927	0.102858928	-0.125459958	0.0461442344	0.1036883529	0.0874737524	-0.0589999804	0.0316571224	0.0195741044	0.0559331853	-0.0159538681	0.0129921777	-0.0230766251	0.0101362484	0.0743216558	-0.1408936575	0.1371776823	-0.0713838848	-0.0447614599	-0.1061332363	-0.0607737211	-0.1535620553	0.1232547901	0.038276511	-0.077624325	0.0044706857	0.1527386503	0.1507811905	0.0939785516066393	0.0513605185446835	0.0026379028651787	0.0088319681620817	-0.0432738218718355	0.036102680623273	0.0018726236593953	0.001303403548186	-0.283819051440723	-0.0734294407543245	0.0053918827694928	0.0805532539607117	0.0032594007756418	-0.0010546293038662	1.1122429685733055e-06	1.0623693416254366e-05	0.0025698866967742	-0.0002670957526064	6.604317634257008e-06	7.134014106043258e-08	-0.00069019169326	1.993130282619993e-05	3.9725683234968524e-10	4.7636457344510594e-07	0.0	0.0	0.0	0.0	0.0	0.0	0.0	0.0	0.0	0.0	0.0	0.0	0.0	0.0
1143.812696935621	3.5447881716686425	12.565523182001916	1308307.4856711389	1538.5918901087873	2.029265064304127	2367265.0043085306	4.117916701205233	1112.0210104549633	2.278447582562194	1236590.7276932776	5.191323386483505	1203.8297407009652	1080.2890671763632	0.961773	27.916517	0.2032904102166617	0.1163269273590376	-0.0851000602	-0.0019814823	-0.0535631014	0.0608438647	-0.0176173479	-0.0099789326	0.0853604559	0.0299541317	-0.0030229836	-0.0576046941	0.0399541583	-0.0645083385	0.060410246	-0.0709599221	-0.0731489413	-0.0705372854	-0.0698360276	-0.0660250674	0.0212766392	0.1398750917	0.1414876744	-0.0003127415	0.0904732779	0.0974635803	0.0405235837	-0.0284898432	-0.0070974537	-0.0329790781	-0.0288148424	0.0406031229	-0.0292487572	0.0291524019	0.0512535438	-0.0643065366	-0.0643052204	0.0403694176	-0.0167696606	-0.0471967824	-0.1673840417	-0.0490341406	0.0363359529	-0.05101236	-0.0594336077	0.1745767579	-0.0979074143	0.0310680023	0.0527141074	0.0513969399	-0.0697785111	0.0454663748	-0.013064562	-0.0200760658	0.009170881	0.0030538638	0.0576404557	0.0440520938	0.0640000787	-0.0252102287	-0.0426603039	-0.1259797616	0.0094958903	-0.0861145778	-0.0986068466	-0.0884855629	0.0310291966	-0.0650561076	0.0874572019	-0.0415142678	0.1521113526	0.148287834	0.063388182670053	-0.0305903689365863	0.0009357706716764	0.004018061702212	-0.0723320395509574	-0.0290582176791219	0.0052319239456012	0.0008443800146872	-0.1836000114255895	0.1002190400151335	0.0100438559815549	0.0337089641954765	0.0028370311553463	-0.0004223696202955	1.7839609614856485e-07	8.04874577640556e-06	0.0030060448865298	0.0004361581897556	9.036305859831958e-06	1.9023396649088197e-07	-0.0006802638315947	9.927861665300052e-06	9.856243724533435e-11	4.627588805759023e-07	0.0	0.0	0.0	0.0	0.0	0.0	0.0	0.0	0.0	0.0	0.0	0.0	0.0	0.0
1145.6275646565855	1.8148677209644573	3.293744844598724	1312462.516900979	1542.8968645516088	4.304974442821504	2380530.734643185	18.532804953346314	1111.9660045322007	-0.0550059227625752	1236468.395235306	0.0030256515389623	1204.3905632725734	1072.245878117373	0.819852	23.797115	0.0951295074813402	0.0504840850365703	-0.0681468408	-0.0036189311	0.0117343525	0.0725274214	0.0217859549	-0.0205070251	-0.0306675715	0.0014280654	-0.0026287495	-0.057740157	0.0010187353	-0.1194380762	0.078618915	-0.0632555729	-0.035748878	0.0099536173	-0.0260080165	-0.0935885571	0.0307445979	0.0333705757	0.2304755971	0.0788320596	0.0354044464	0.2315561433	-0.0443963176	0.0911803834	-0.0350649199	-0.1143291996	0.0519909417	-0.0159324698	-0.0556673511	0.011620051	-0.0150211251	-0.0443733901	-0.0907775395	0.0114636073	0.006613958	-0.0815130194	-0.0741741625	-0.0382303872	0.1250060588	-0.0037860976	-0.0029533939	0.1304358738	-0.0857588281	0.0166121387	0.0393761476	0.0527527457	-0.0788424843	0.0390765801	-0.046016938	-0.018423519	-0.0317011442	0.0159513494	0.0793619756	0.0120199721	0.1003146956	-0.0217041626	-0.1259394629	-0.0971376632	0.0254795944	-0.0692267905	-0.0529374217	-0.0414226872	0.0804826732	-0.0726735668	0.0421033602	0.0289841858	0.151276289	0.1449845808	0.0892623299441055	0.0258741472740525	0.0006694714971593	0.0079677635470503	-0.0804298911854175	-0.00809785163446	0.0064689673960981	6.557520109372809e-05	-0.1607824770236519	0.0228175344019375	0.0005206398761836	0.0258510049178611	0.002846153780133	9.122624786700104e-06	8.322228299891512e-11	8.100591340165366e-06	0.0023862339303977	-0.000619810956132	5.694112370581255e-06	3.841656213413878e-07	-0.0005423979290957	0.0001378659024989	1.9007007071863762e-08	2.9419551348730404e-07	0.0	0.0	0.0	0.0	0.0	0.0	0.0	0.0	0.0	0.0	0.0	0.0	0.0	0.0
1148.5460885770606	2.918523920475081	8.51778187438524	1319158.117585665	1547.137008796304	4.240144244695102	2393632.9239871744	17.978823215821	1113.1931851833876	1.2271806511869272	1239199.067538736	1.5059723506475706	1206.74703268473	1064.7983292876122	0.833763	24.200901	0.3485555484847691	0.1704318045974323	-0.040121529	-0.0059511265	-0.0469844183	0.1062509341	0.0667423127	-0.0261938826	-0.0367445913	0.0330145277	-0.0003817669	-0.0981367463	0.024282042	-0.0756319483	-0.0048254196	-0.0567056102	-0.0855733493	0.0070075499	0.0309419884	-0.0628392851	-0.0675671025	0.0201680709	-0.0038888341	0.1415892384	0.0928345989	0.0847368345	-0.0757736601	0.3023402279	0.1159230747	-0.0475774258	-0.1228741211	0.1002426139	-0.0481125801	0.0371601661	-0.0050720771	0.0145003094	-0.1066648009	0.0496022782	-0.015846437	-0.0225720516	-0.0564293076	-0.0273202419	0.0517856745	0.0686933113	-0.0299742524	0.1519588625	-0.0951697887	0.0285450635	0.126174684	0.0999957358	-0.0225789206	-0.0372304042	-0.0072472074	-0.0307971649	-0.1083565764	-0.0113118458	-0.0168533743	0.010323779	0.1396676103	-0.0128195365	-0.1559439622	0.0323857589	-0.0064460315	-0.0266700938	-0.1369568136	0.2184930981	0.114845243	0.0601424003	-0.0909395546	0.1997732358	0.1502346003	0.1408894722	0.1707423077910448	0.0814799778469392	0.0066389867899377	0.0291529356698118	-0.0120610340746623	0.0683688571107552	0.0001454685429501	0.0046743006226308	-0.2910451857571416	-0.1302627087334897	0.0169683732865859	0.084707300152409	0.0018815372061801	-0.0009646165739528	9.304851347446304e-07	3.5401822582400163e-06	0.0019849995608671	-0.0004012343695306	3.94022325664258e-06	1.609890192926181e-07	-0.0005393687767075	3.029152388200028e-06	9.175764190937931e-12	2.90918677286945e-07	0.0	0.0	0.0	0.0	0.0	0.0	0.0	0.0	0.0	0.0	0.0	0.0	0.0	0.0
1146.9853414779138	-1.560747099146738	2.4359315074949577	1315575.3735652063	1542.2002324249786	-4.9367763713253225	2378381.556891658	24.37176094047602	1110.5123563383463	-2.680828845041333	1233237.6935801462	7.186843296405647	1204.967802484004	1077.4918922319164	0.820227	23.808004	0.0952386387750553	0.0387715443174133	-0.0441210221	-0.0018023122	-0.0963489951	0.1482059375	0.0099449755	-0.002303245	-4.02656e-05	0.0219191748	-0.0528259303	-0.0762204422	0.0732194719	-0.0825767531	0.0440677321	-0.0252679218	-0.0391959762	0.0090727833	0.0769002215	-0.1718569164	0.065643325	0.0629926224	0.0063936542	-0.1741402623	-0.0131941498	0.024658581	-0.1057746335	0.0842695973	-0.0555164843	0.0443292656	0.0448223179	0.0797128562	-0.0426428906	0.055886831	0.0479276954	-0.0196799906	-0.1305213206	0.0544260459	0.00175619	-0.0186685192	-0.0950117904	-0.1784844566	0.0766151254	0.086745078	0.0586515762	0.0405722052	-0.0958593381	0.0235610897	0.1214699553	0.082812856	-0.0254858042	0.0326435236	0.011188982	-0.0701268604	-0.0430827399	-0.036567572	0.0311026581	0.0046629452	0.1141032521	0.0338837255	-0.1608464799	-0.0443813476	0.0303374391	-0.0273983005	-0.0779651279	0.2226703427	0.0761495052	0.0432260673	-0.0012557577	0.0464692284	0.1489877092	0.136024874	0.1489244359273129	-0.0218178718637319	0.0004760195326622	0.0221784876162683	-0.0326502609607217	-0.0205892268860593	0.0010660395408032	0.0004239162637656	-0.2794411356709076	0.0116040500862339	0.0001346539784038	0.0780873483050466	0.0021366506563029	0.0002551134501227	6.50828724335583e-08	4.565276027079613e-06	0.0021488631121304	0.0001638635512632	4.617612674674748e-06	2.6851263432620137e-08	-0.000133795979313	0.0004055727973945	1.6448929398640016e-07	1.7901364080324723e-08	0.0	0.0	0.0	0.0	0.0	0.0	0.0	0.0	0.0	0.0	0.0	0.0	0.0	0.0
1146.0469255044004	-0.938415973513429	0.8806245393451566	1313423.5554580886	1541.6375631558692	-0.5626692691093922	2376646.3761331667	0.3165967064000976	1110.0300413058203	-0.482315032526003	1232166.6926014011	0.2326277906005593	1205.3216731931402	1051.6714413980249	0.719885	20.895445	0.1929046264569137	0.1018670247049608	-0.0492015352	-0.0199331578	-0.0562849751	0.1524419261	-0.0272579296	-0.018893395	-0.0291408511	0.0317597914	-0.0550350445	-0.0944872199	0.0455307394	-0.0644623768	0.0635333094	-0.0941287064	0.0214493257	-0.0093145132	-0.0322191487	-0.1586857197	-0.0244448018	0.083566116	0.1101606289	-0.0147114147	-0.0025082528	0.058633456	0.0543015483	0.0348725137	0.0784309799	0.0904913815	-0.0139077888	-0.1216922187	-0.0487473382	0.0306632419	0.0047223591	-0.0202740208	-0.0793264591	0.0369416654	0.047438118	-0.0430296183	-0.0082573654	-0.1112707408	0.1023332756	0.0755844399	0.0155616477	0.0728758126	-0.0825219337	0.0170662434	0.095214051	0.0729347268	-0.036291814	0.0234296866	-0.0001447285	-0.0533902494	-0.0366769873	-0.0316978248	0.0150902974	-0.0045153096	0.0667003952	0.0594809898	-0.1955755888	-0.0729833322	0.0205351181	-0.052566213	-0.036194039	0.1766055615	0.0760085247	0.0138737203	0.0397195765	0.1224706372	0.1475373187	0.1304173552	0.1392001514385725	-0.0097242844887403	9.456170881795678e-05	0.0193766821605215	-0.0839447770401307	-0.051294516079409	0.0070467255923172	0.0026311273798207	-0.2178168412687284	0.0616242944021792	0.0037975536605664	0.0474441763402864	0.0012340545988946	-0.0009025960574083	8.146796428490071e-07	1.522890753052912e-06	0.0017209626761989	-0.0004279004359315	2.96171253286968e-06	1.8309878307036776e-07	-5.906184292109665e-05	7.473413639190335e-05	5.585191142243613e-09	3.488301289236294e-09	0.0	0.0	0.0	0.0	0.0	0.0	0.0	0.0	0.0	0.0	0.0	0.0	0.0	0.0
1145.596065287068	-0.4508602173323197	0.2032749355729466	1312390.3448012124	1553.9495191412457	12.311955985376471	2414759.108039309	151.5842601858475	1112.0922044363274	2.062163130507088	1236749.0711680502	4.252516776822793	1209.5967196372596	1098.7303135566654	0.9920810000000002	28.796253	0.1568414475313373	0.0708803279933647	-0.0677988501	-0.002780428	-0.1262043393	0.1297460324	0.0345485821	-0.0272265617	-0.0207112906	0.0552160845	-0.1652674218	-0.0975768346	0.0225575038	-0.1501506966	0.0672408199	-0.1323317459	-0.0873744102	-0.0770955559	0.0052314503	-0.0417178178	-0.0109652773	0.0780576885	-0.0246056776	0.0048909142	-0.0536219769	0.0116758819	0.0812816324	-0.1301281771	0.0250040004	-0.0187297949	-0.0721500749	0.0028993678	-0.1095690745	0.1060713456	0.0482551242	0.0334213479	-0.1166274095	0.0111474709	0.0915568167	-0.0321710372	0.0919071872	-0.0937349169	0.0214623807	0.1157821363	-0.0487413778	0.0263617161	-0.1029498367	0.0313347498	0.1171719252	0.0647022422	-0.0131671586	0.0371093545	0.0046147037	0.024135514	-0.0413588498	0.0023208869	-0.035696967	0.0294476938	-0.0297040717	0.0723273771	-0.0538918534	-0.0326692891	-0.0299953073	-0.0784455774	0.0159735346	0.0660339976	0.0043904807	0.054178533	-0.0035078647	0.0166128223	0.1458854101	0.124097542	0.16619514652389	0.0269949950853174	0.0007287297596563	0.0276208267280972	-0.0955252103465653	-0.0115804333064346	0.0091250658117555	0.0001341064355647	-0.2554062790178335	-0.0375894377491051	0.0014129658302938	0.0652323673617354	0.0020595356563113	0.0008254810574167	6.814189761537931e-07	4.2416871196176166e-06	0.0020459671827357	0.0003250045065367	4.185981712831457e-06	1.0562792926922887e-07	-0.0005221079067772	-0.0004630460638561	2.144116572526306e-07	2.725966663192694e-07	0.0	0.0	0.0	0.0	0.0	0.0	0.0	0.0	0.0	0.0	0.0	0.0	0.0	0.0
1142.340738684983	-3.255326602085006	10.597151286242312	1304942.3632593527	1545.726929486808	-8.22258965443757	2389271.740540716	67.61098062526376	1112.2736993445344	0.1814949082070143	1237152.7822535755	0.0329404017050725	1205.6146515123337	1085.3891220560115	0.8249189999999998	23.944174	0.1576095419917448	0.1024873380607039	-0.0740423531	-0.0094013447	-0.0799702207	0.074689991	-0.0296532262	-0.0107972629	0.0079835206	0.0487926673	-0.0626665868	-0.0567877991	0.0357902834	-0.0403704964	-0.0187091988	-0.0486324968	0.0706318974	-0.0984942524	0.0079502429	-0.0166178308	0.0042784909	0.1315911538	0.0088973131	-0.0440382447	0.0572262153	-0.0836312111	0.1159202757	0.1006363208	-0.2882719742	0.1514093965	0.1313440524	0.1516645583	-0.0271323461	0.0390582777	0.026909409	0.0100490653	-0.025130873	-0.0257425004	0.0240988579	-0.0161673123	0.002957994	-0.1642170883	0.0175685927	-0.0592080147	0.006645622	-0.0479324588	-0.0802857593	0.0220930907	0.0622322642	0.0433110436	-0.0439808537	0.0330213439	0.0001243474	-0.0021247336	-0.0174798644	-0.0295248603	0.0389744394	-0.040613192	-0.077171055	0.0621832197	-0.0702122346	-0.0619432648	-0.0527569437	-0.0238696212	-0.0027387956	0.0494380684	-0.0437665214	0.0046758148	-0.0744245921	0.0289266191	0.1440342395	0.1170999511	0.1428371759532041	-0.0233579705706858	0.000545594789181	0.0204024588342865	-0.09418821110647	0.0013369992400953	0.0088714191114369	1.7875669680154368e-06	-0.1602237175031575	0.095182561514676	0.009059720016495	0.0256716396505316	0.0019859499206458	-7.358573566550002e-05	5.414860493432841e-09	3.943997087313059e-06	0.002155053499665	0.0001090863169293	4.644255586418364e-06	1.1899824541199698e-08	4.986025395375135e-05	0.0005719681607309	3.2714757688994746e-07	2.486044924332577e-09	0.0	0.0	0.0	0.0	0.0	0.0	0.0	0.0	0.0	0.0	0.0	0.0	0.0	0.0
1141.3183732368748	-1.022365448108303	1.0452311094856914	1302607.6290880663	1543.4863032971398	-2.240626189668319	2382349.9684658702	5.02040572182757	1113.4413761657345	1.1676768212000752	1239751.6981578446	1.3634691587679124	1205.381657793301	1081.2473009001424	0.8108769999999998	23.536598	0.1867354652562683	0.0767663054739498	-0.0542786889	-0.0186733848	-0.0841319521	0.0420302286	0.0112437465	-0.0167495151	-0.0207261563	0.1060110555	-0.0533722365	-0.069093016	-0.0086035539	-0.0464528288	-0.0017397339	0.061315743	-0.0115331286	-0.0731408216	0.0732669127	0.0257744394	0.1043380574	-0.1581222368	-0.0326340899	-0.0956201037	-0.0302626543	-0.033250325	-0.168698609	0.0152058044	0.0291106526	0.1557322169	-0.1082760934	-0.0263089824	-0.0635641412	0.0320308541	-0.0130281542	-0.018030527	0.0059370074	-0.001250768	-0.0103491093	-0.0859045999	0.0249617118	-0.1177777191	-0.0321545212	-0.0489898194	-0.030505634	-0.1499897414	-0.0717349224	0.0457616881	0.0936348361	0.0507613912	0.004904614	-0.093610737	0.0993591167	-0.0908600069	-0.0767895103	-0.1010625939	0.0144788665	-0.1139460669	-0.2866086276	0.0108748358	0.0228966402	0.1957749527	-0.1332220079	0.1818911256	0.0814313397	-0.0194302233	-0.2279852255	0.0633112227	-0.0323964897	0.0392930145	0.1419863355	0.1094628008	0.1759061398889798	0.0330689639357756	0.0010935563757856	0.0309429700506413	-0.0666235021763697	0.0275647089301002	0.0044386910422447	0.0007598131784011	-0.1980966747695873	-0.0378729572664298	0.0014343608921048	0.0392422925547676	0.000997056506305	-0.0009888934143408	9.77910184926605e-07	9.941216767651325e-07	0.0019862217762496	-0.0001688317234154	3.945076944448116e-06	2.8504150831414126e-08	-0.0005569913107693	-0.000606851564723	3.682688216068158e-07	3.102393202725029e-07	0.0	0.0	0.0	0.0	0.0	0.0	0.0	0.0	0.0	0.0	0.0	0.0	0.0	0.0
1140.4482397027937	-0.8701335340811056	0.7571323671324746	1300622.1874412007	1541.5722371764102	-1.914066120729558	2376444.9624330825	3.6636491145246985	1114.3278876685708	0.8865115028363562	1241726.641235899	0.7859026446611748	1204.0078414167033	1072.4903887154314	0.7629099999999999	22.144293	0.205162361888724	0.1132341484996463	-0.0137781495	-0.0131908887	-0.0501235412	0.0152882249	-0.0623326642	-0.0027722478	0.0612015574	0.0255051106	0.0296292278	0.038185474	-0.0421596899	0.0404889254	-0.0309429272	0.0043927896	0.0093074871	-0.0212568521	-0.0257841478	-0.0268379546	-0.0750131969	-0.3531089028	-0.1139342457	-0.0122452199	-0.0353864293	0.0186807296	-0.0042736659	0.0939975568	-0.2117426316	0.0374176297	-0.0210796164	-0.105628432	0.0126920114	-0.0398934941	-0.0024943274	-0.0190903352	0.0033052809	-0.0284945668	-0.0766888052	0.0140947091	-0.0655075093	-0.0716323669	0.0072750852	-0.1127685046	-0.0465556542	-0.105263106	-0.0301031152	0.0275451642	0.0458892406	0.0236161497	0.0044256626	-0.1002203516	0.1025516172	-0.1148466984	-0.0428719428	-0.1011540952	0.008862828	-0.16742751	-0.2818968016	0.0295586993	0.0112651168	0.1540166685	-0.1461498164	0.2195603792	0.0443937852	0.0501069773	-0.2112088348	-0.0413449899	-0.0580245964	-0.0066281616	0.1397444952	0.1012278027	0.1440437012247599	-0.0318624386642198	0.0010152149976311	0.0207485878625279	-0.0530437277783306	0.013579774398039	0.0028136370566216	0.0001844102727016	-0.1008905577095973	0.09720611705999	0.0094490291938804	0.0101789046349535	0.0003612532007275	-0.0006358033055774	4.042458433832758e-07	1.305038750358634e-07	0.0016159441373195	-0.0003702776389301	2.611275454937263e-06	1.3710552989164953e-07	-0.0003127916199474	0.0002441996908219	5.963348899751158e-08	9.783859750931873e-08	0.0	0.0	0.0	0.0	0.0	0.0	0.0	0.0	0.0	0.0	0.0	0.0	0.0	0.0
1140.602766515827	0.1545268130332715	0.0238785359462196	1300974.670983558	1547.4030051797124	5.830768003302183	2394456.0604392053	33.99785550833252	1112.0938896504183	-2.2339980181525334	1236752.8193977969	4.990747145109447	1205.774003474158	1071.402899192997	0.8066999999999999	23.415348	0.3345468087133772	0.2182154450529094	0.0097206871	-0.0079385512	-0.025474218	-0.024239498	-0.0900136043	-9.07912e-05	0.0875830815	-0.0025691234	0.0053501715	0.0282264209	-0.0371287636	0.0193707558	0.026012244	0.0343881181	0.0186302671	0.0056334343	-0.0403897225	0.0008417405	-0.001082563	-0.2088034957	-0.076366244	-0.1009578994	0.0602020216	-0.0854527426	-0.0429117561	0.1539665939	-0.1271538677	-6.88776e-05	-0.0681525531	-0.2698976624	0.0228831311	-0.0271490711	0.0553568854	0.0074872557	0.0184324383	-0.0474413005	-0.0308940138	0.0538308443	-0.0759332732	-0.048961597	0.0534508181	-0.0653176936	0.0079197785	-0.1221499855	0.027278168	-0.0006942236	-0.0062031889	-0.0069922194	-0.0107313672	-0.046604	0.0869055665	-0.1031953354	0.0108311952	-0.1126149008	-0.0108341086	-0.1383949582	-0.25764102	0.0526824934	-0.0115435616	0.1229689405	-0.1333545002	0.1867603416	-0.0252082957	-0.0238358208	-0.0664625065	-0.1643689175	0.0650285183	-0.0250664258	0.1373117808	0.0924399334	0.1344431511344623	-0.0096005500902975	9.217056203631305e-05	0.0180749608869638	-0.0703847840035081	-0.0173410562251775	0.0049540178192204	0.0003007122310047	0.0918785543809548	0.192769112090552	0.0371599305761798	0.008441668755134	-0.0010477898963835	-0.0014090430971109	1.9854024495161586e-06	1.0978636669633454e-06	0.001884843047232	0.0002688989099125	3.5526333126988117e-06	7.23066237521308e-08	0.0003059881791761	0.0006187797991235	3.82888439803319e-07	9.362876579550509e-08	0.0	0.0	0.0	0.0	0.0	0.0	0.0	0.0	0.0	0.0	0.0	0.0	0.0	0.0
1136.5845326995595	-4.018233816267411	16.146203002194966	1291824.399971876	1514.14038266974	-33.26262250997252	2292621.0984312664	1106.4020562409305	1116.2075788331565	4.113689182738199	1245919.3590445772	16.92243869217727	1205.9357071932411	1032.6798281501665	1.915172	55.589977	0.9886197259435536	0.5461167132131783	0.1134969359	-0.1798437996	0.1729619267	0.1176941556	-0.3764004557	0.2420088706	-0.0781833631	-0.2296687806	-0.1809314312	0.0687938787	0.0317918393	0.1475454855	-0.0758108914	-0.055231856	-0.2000950917	-0.1441014665	0.0741219958	0.5426393182	0.0064848994	0.071341732	0.0989356183	0.1679172423	0.2035487349	0.0646757077	-0.0136356266	-0.0489516513	-0.1659540841	0.2156138639	0.0420128404	-0.0701050292	0.2273601142	0.0547250611	0.1545039631	0.2360062215	0.1303046082	-0.1271757081	0.2189195561	0.123336212	0.006148696	0.3503626348	0.3017143427	-0.1962443388	-0.3794047484	-0.0106560335	0.1830379248	0.1045372783	-0.1630121669	0.103628582	-0.2226866799	-0.0988648602	-0.0979642731	-0.1109495485	0.8263531301	-0.0488847367	-0.1882288505	-0.1061265074	0.1054406106	0.1293141643	-0.0093451662	-0.0203357446	0.0574949431	0.0496143741	-0.0083160735	-0.0245244196	-0.0506292297	0.0731842612	-0.0516526341	0.0344931738	0.1346915149	0.0831471893	-0.0539874114933951	-0.1884305626278574	0.0355060769322508	0.0029146405997571	-0.1614045835315636	-0.0910197995280554	0.0260514395849974	0.0082846039061274	0.5941953967914557	0.5023168424105009	0.252322210169256	0.3530681695681555	0.00089107757991	0.0019388674762934	3.759207090628725e-06	7.940192534182624e-07	0.0003908222004154	-0.0014940208468166	1.527419923375351e-07	2.2320982907225904e-06	-0.0003981739252566	-0.0007041621044327	4.958442693190888e-07	1.585424747542485e-07	1.0	0.0	0.0	0.0	0.0	0.0	0.0	0.0	0.0	0.0	0.0	0.0	0.0	0.0
1142.8695095069736	6.284976807414068	39.500933469732736	1306150.7157607104	1543.06342548435	28.9230428146102	2381044.7350674965	836.5424056557746	1112.478538528659	-3.7290403044974023	1237608.4986868612	13.905741592566082	1201.817285490847	1105.6681619354997	2.439024	70.795349	1.1369450022885188	0.7132521069430418	-0.009957241	0.0476355017	0.079172668	-0.104237864	0.1241394834	-0.0595635727	0.0279479004	-0.0100069265	0.3345767896	0.0644281993	0.007310824	-0.0239783048	-0.062465678	0.0411131622	0.1118950793	0.1124960667	-0.1354931976	0.085953687	0.233634296	0.1096406622	0.2043878474	-0.0979426497	0.1076136462	-0.1052384622	-0.25884764	-0.0302279967	-0.0852156317	-0.0971220929	-0.0994847835	0.0733224993	-0.0211111649	-0.0477553549	-0.1962013876	-0.1103937218	0.0758593183	0.115354562	0.0036703144	-0.2971136877	0.032709589	0.1004527337	-0.143593016	-0.1528305521	0.4451169354	0.1959809575	-0.0047162089	0.0029547406	-0.079552724	-0.0684697016	0.0305262944	-0.0595195459	-0.1224816501	0.0958767919	-0.0691782134	0.1789451117	0.2216288302	0.0065976616	0.0435253791	-0.0374050826	0.0007558696	0.1363043565	0.2198926798	-0.0678702199	-0.035084983	-0.0668396764	-0.5384435599	0.19039566	-0.0195224583	-0.1379187661	0.1318872767	0.0734003241	-0.002695508289392	0.0512919032040031	0.0026308593342888	7.265764938180986e-06	-0.02477198318428	0.1366326003472835	0.0006136511508822	0.0186684674776605	-0.0562715648260265	-0.6504669616174822	0.423107268155879	0.0031664890079697	0.0027707510313064	0.0018796734513964	3.5331722838844543e-06	7.67706127748548e-06	0.0040158226203412	0.0036250004199258	1.612683131804406e-05	1.3140628044462227e-05	-0.0008645707963294	-0.0004663968710728	2.175260413464981e-07	7.474826618656529e-07	0.0	1.0	0.0	0.0	0.0	0.0	0.0	0.0	0.0	0.0	0.0	0.0	0.0	0.0
1144.8954149360025	2.025905429028853	4.104292807368582	1310785.511141481	1544.082574488753	1.0191490044028342	2384190.9968398158	1.038664693175288	1113.8053416780235	1.326803149364423	1240562.3391504986	1.7604065971633511	1206.8011861271127	1083.173670273645	1.370915	39.792324	0.4004738290840584	0.2384080941886424	0.0429155174	0.0052695285	-0.0401482601	-0.0781902925	0.0112586563	0.0060023753	0.0521808294	0.0556037951	0.060687704	-0.0079560173	-0.0486017967	0.0209473298	-0.0335051501	0.009309788	0.083290611	0.0732253138	0.0972714992	0.0299740145	-0.0864677141	0.0576777338	-0.1039756893	-0.1409988548	-0.1115698976	-0.0939342557	-0.0082764593	-0.0499989397	0.1640181446	0.1159511333	0.1518244744	0.1154459444	-0.0177734324	0.0128772563	-0.0250179217	0.0152754752	-0.0137250354	0.0171113878	-0.0215029405	0.0938003712	0.1312579688	0.0067762631	-0.140906581	0.0670255794	0.1102659665	-0.1072689199	0.0378485445	-0.0309974897	-0.0051672849	-0.0947665728	0.065253085	0.1122267194	-0.0218443204	0.0730129871	-0.036336949	0.0626857331	0.0334469045	0.0435611103	0.0294290518	0.1429645769	0.0724168966	0.0851045969	0.1278098733	0.1206003024	0.164156664	0.189391723	-0.0763083377	0.0946422418	0.0003394412	-0.0565009388	0.1289028963	0.0632525717	0.0149713980161436	0.0176669063055356	0.0003121195784085	0.0002241427585577	-0.0534477758328364	-0.0286757926485564	0.0028566647414771	0.000822301084023	-0.0652935452040779	-0.0090219803780514	8.139612994194451e-05	0.0042632470453169	-0.0010128460367068	-0.0037835970680131	1.4315606773078084e-05	1.0258570940726722e-06	0.0015651003499643	-0.0024507222703769	2.4495391054583743e-06	6.006039646521307e-06	-0.0001967071396812	0.0006678636566482	4.460418638715049e-07	3.8693698801559135e-08	0.0	0.0	0.0	0.0	0.0	0.0	0.0	0.0	0.0	0.0	0.0	0.0	0.0	0.0
1143.3904350672872	-1.5049798687152816	2.264964405238266	1307341.68700336	1550.555884927006	6.4733104382530655	2404223.552281771	41.903748029996095	1111.175504549038	-2.629837128985628	1234711.001909809	6.916043324991369	1204.82563836543	1085.7804103752007	0.93619	27.173933	0.3390177812623845	0.2349931794558752	0.0514551396	0.0076898936	0.0545831925	-0.1262404803	0.0074469229	0.0004346976	-0.0145397949	-0.0338324139	0.0052577381	0.1568424402	-0.0068199083	0.1301324734	-0.0250067136	0.122236117	0.1774242447	0.1093025829	0.0561804382	0.0888834721	-0.0026422843	-0.0297737696	0.0209022255	0.0087684401	-0.2059088632	-0.0866073305	-0.0573152422	0.0297975605	0.0533811353	0.0193201971	0.0802974662	0.0448805991	0.0606241973	-0.0555254652	-0.0327042571	-0.0329379424	0.1139795375	-0.0909355431	-0.064023854	0.0466023288	0.0401977006	0.0989676872	-0.0757866999	0.0068102987	0.0450522173	-0.1176388116	0.0946362226	-0.0531735741	-0.0701786754	-0.068206535	0.0241551154	0.063351748	-0.0716500703	0.0712271686	-0.0391344713	0.1045634909	-0.0815652908	0.006627125	-0.065810282	0.0587257596	0.1380191457	-0.0328441454	-0.0032198285	0.0717718075	0.0949887401	0.09993792	0.0838695026	-0.0746642844	-0.1404246545	-0.0625730613	0.1257424501	0.0527593557	0.0147042274784325	-0.0002671705377111	7.138009622083843e-08	0.0002162143057374	-0.0820200257229544	-0.028572249890118	0.0067272846195941	0.0008163734637833	0.1559956252049161	0.221289170408994	0.0489688969403007	0.0243346350830726	-0.0013810121253702	-0.0003681660886634	1.3554626884170657e-07	1.9071944904195168e-06	0.0004009665546917	-0.0011641337952725	1.6077417798133205e-07	1.3552074932957874e-06	4.877678489402905e-05	0.0002454839245752	6.026235722485674e-08	2.3791747445983808e-09	0.0	0.0	0.0	0.0	0.0	0.0	0.0	0.0	0.0	0.0	0.0	0.0	0.0	0.0
1142.1192635971147	-1.271171470172476	1.6158769065804537	1304436.4122796156	1551.462245488571	0.906360561564952	2407035.099176439	0.8214894675603354	1110.8964411675568	-0.2790633814811372	1234090.9029987429	0.0778763708836867	1204.765472585177	1089.2427262967797	0.7967499999999998	23.126543	0.088571466146126	0.0446898414720684	0.0568516363	0.014668427	0.0379745034	-0.1350542662	0.0333018918	0.002684222	-0.0053069413	-0.0074011113	0.0383286814	0.0794834325	-0.0161432269	0.1166509371	0.0644575346	0.0684200092	0.1200052419	0.0419250093	0.1037063053	0.1347654097	-0.0280592492	-0.1039209859	-0.1519597354	0.0417109773	-0.1356211915	-0.1095712579	0.0392074118	-0.0295524315	0.08401327	-0.0538718557	0.0306933915	0.0699069906	0.0415138047	-0.0441935662	0.0025043977	-0.0543779137	0.0875438953	-0.0694449151	-0.0077142567	-0.0032028269	0.0483230399	0.0598354923	-0.1092447463	0.0407640908	0.0568718603	-0.1700798273	0.0914144986	-0.0581033708	-0.0760534573	-0.0889669934	0.02598606	0.0663369003	-0.0848710272	0.0800204964	-0.0341565038	0.1101579536	-0.0638279808	-0.0064279166	-0.0939546168	0.0446360421	0.1142100129	-0.0485773731	-0.0365475259	0.0460328419	0.0071894153	0.0674850468	0.1114315846	-0.1479502041	-0.1347964216	-0.0544613529	0.1224102548	0.0419779864	0.0016931815053311	-0.0130110459731014	0.0001692873173141	2.86686360999529e-06	-0.0540191844550861	0.0280008412678683	0.0029180722891926	0.0007840471117083	0.1456826897234933	-0.0103129354814228	0.0001063566382439	0.0212234460850716	-0.0008940371516297	0.0004869749737404	2.3714462504956065e-07	7.993024284941472e-07	0.0005789424743252	0.0001779759196335	3.3517438857778493e-07	3.1675427969390064e-08	0.0001287587599947	7.998197510067094e-05	6.397116341004345e-09	1.6578818275372754e-08	0.0	0.0	0.0	0.0	0.0	0.0	0.0	0.0	0.0	0.0	0.0	0.0	0.0	0.0
1141.8735568898114	-0.2457067073032703	0.0603717860138149	1303875.2199241894	1541.4444154642397	-10.01783002433126	2376050.885965892	100.35691839639289	1109.6410630170035	-1.2553781505532695	1231303.2887335054	1.575974300886548	1202.5252097261423	1068.6284718155678	0.767385	22.274191	0.0447584241568761	0.0243714855550323	0.0695345973	0.0132961685	0.022549793	-0.1062190002	-0.048491149	0.008207264	0.0165461899	-0.0438171644	0.0351448388	0.065164633	-0.0251835703	0.1193392379	0.1044832328	0.076994721	0.1131633313	0.0621812207	-0.0671586754	-0.0278475312	-0.1046691663	-0.024333733	-0.0588023198	-0.1046360834	0.0875193566	-0.0403794762	-0.0414463576	0.0513005814	-0.0359621307	0.0920277889	0.2362700375	-0.0296434412	0.0672758571	-0.0718915373	0.0175683393	-0.0520222234	0.0676560776	-0.0819585108	-0.0353590573	0.0708378573	-0.0377645227	-0.0469228659	0.0156645527	-0.0432166008	0.069867147	-0.1206807898	0.0976295967	-0.0551773788	-0.0768316054	-0.0857083842	0.0153990727	0.0634458588	-0.0621237308	0.0633835277	-0.015902396	0.074914215	-0.0600422843	-0.0006633649	-0.1055657221	0.0545918428	0.0793984755	-0.0495288068	-0.0361646591	0.0614152883	-0.0418843701	0.047805964	0.1521283593	-0.144907361	-0.0870228007	-0.0728636361	0.1189108618	0.0309673479	0.005430514089312	0.0037373325839808	1.3967654843285348e-05	2.9490483274216137e-05	-0.0734840958368749	-0.0194649113817888	0.005399912340963	0.0003788827751008	0.1527672365746397	0.0070845468511464	5.019080408608838e-05	0.0233378285706519	-0.0008940343649061	2.7867236000343396e-09	7.765828422988349e-18	7.992974456330534e-07	0.0003559129112813	-0.0002230295630439	1.266740004167305e-07	4.9742185991552986e-08	0.0001951590770264	6.64003170317e-05	4.40900210191027e-09	3.8087065345796323e-08	0.0	0.0	0.0	0.0	0.0	0.0	0.0	0.0	0.0	0.0	0.0	0.0	0.0	0.0
1146.435572695549	4.562015805737474	20.81198821179853	1314314.5223417713	1548.7567613892636	7.312345925023919	2398647.5059489603	53.47040292721392	1113.300230447951	3.659167430947491	1239437.4031154606	13.389506287706862	1207.627468938413	1083.2935828695254	0.973551	28.258404	0.3583049380832566	0.2691030159994573	0.0334668001	0.0259404432	-0.0233522857	0.0208532565	-0.0010089384	-0.0251591402	-0.032247815	-0.0288122268	-0.0758041261	-0.0161102282	-0.0213424028	-0.0270632854	-0.0603620304	-0.0381274666	0.0279545174	0.0759927994	0.0855146506	-0.0020799133	0.0490978699	0.0955289142	0.0637366572	0.0604679543	-0.0690781655	-0.0068005306	0.027525094	-0.1519110276	0.0799487407	0.0380029265	0.1759896586	0.0503312583	-0.0310293818	-0.0056270642	-0.0204386163	0.0464753848	-0.0379103472	0.0089657035	-0.0461529381	-0.0460418232	0.030821069	0.0488151116	0.0050597097	0.0765086029	0.1186567553	0.023202355	0.024693892	-0.0379651809	0.0010731776	-0.0756912477	0.0883571584	0.0432821253	-0.0597050505	0.0822067972	-0.0492230747	0.1433429344	-0.093416047	0.0979571797	-0.0103101711	0.0701673255	-0.0332721484	-0.0206693468	0.0325198038	-0.0054905155	-0.0202206307	0.1019730085	0.0182669081	-0.1396868262	0.0515782278	-0.1222674959	0.1152490509	0.0197875765	0.021384861980735	0.015954347891423	0.0002545412166405	0.000457312321935	-0.0635915539464377	0.0098925418904372	0.0040438857333226	9.786238505405482e-05	-0.0949184149359467	-0.2476856515105864	0.0613481819642236	0.0090095054939525	0.0005779434436621	0.0014719778085682	2.1667186689172404e-06	3.34018624072007e-07	0.0005790565685317	0.0002231436572504	3.353065095597074e-07	4.9793091771084e-08	0.0001948326070288	-3.264699975999853e-07	1.0658265933293441e-13	3.795974476163881e-08	0.0	0.0	0.0	0.0	0.0	0.0	0.0	0.0	0.0	0.0	0.0	0.0	0.0	0.0
1146.037024178969	-0.3985485165799218	0.1588409200680562	1313400.8607889868	1543.2281129481428	-5.528648441120822	2381553.0085934857	30.565953585507696	1113.7087346632147	0.408504215263747	1240347.1456651387	0.1668756938882497	1208.7758284570589	1065.7110887238296	1.130577	32.816246	0.3204517256315305	0.2031068540100061	0.0624280501	0.0180276695	0.0182891627	-0.0589597272	0.0041021103	0.0166234548	-0.0340484755	-0.1012757343	-0.0286582136	0.009630126	0.0093935644	0.0343998688	-0.0306749252	0.0258569586	-0.0745361167	0.0660300133	0.142807841	0.01556432	0.0566080526	-0.0414935789	0.0587264592	-0.013458946	-0.1478818694	0.0013108317	0.0191287504	-0.2759754001	-0.0825631861	0.039947188	0.1935657639	-0.2105211824	0.051236988	-0.0086331093	0.0629067705	0.0982412976	0.0027819391	0.0136671774	-0.0506621142	0.0153627498	-0.0954513547	0.1554738193	0.1018804676	0.0250743561	0.1142404117	-0.080216234	0.0753954309	-0.0454923759	-0.0666080666	-0.1463306635	0.0670906354	0.1494954565	-0.0877480708	0.1271511796	0.0129883989	0.053468616	0.1308935407	0.0587723508	0.0496384459	0.102850763	0.0076133881	0.104940382	0.066966797	0.1432595121	0.0209557403	-0.0766125582	0.072573481	0.1948860171	0.1688569931	0.0835276827	0.1114298236	0.0084997322	-0.0004806728576056	-0.0218655348383406	0.0004781016137666	2.310463960387334e-07	-0.0220965692874131	0.0414949846590246	0.0004882583742734	0.0017218337518526	0.0838038572717536	0.1787222722077003	0.0319416505830833	0.0070230864936244	-0.0007190299573835	-0.0012969734010456	1.6821400030197908e-06	5.170040796149178e-07	0.0003089298570535	-0.0002701267114782	9.543765657909597e-08	7.296844025402673e-08	0.0001951111730343	2.785660054999964e-07	7.7599019420224e-14	3.806836984282056e-08	0.0	0.0	0.0	0.0	0.0	0.0	0.0	0.0	0.0	0.0	0.0	0.0	0.0	0.0
1150.0328200440806	3.995795865111632	15.96638459564321	1322575.4871785408	1549.2111559075825	5.983042959439672	2400055.205588508	35.79680305450063	1115.3699556238512	1.661220960636456	1244050.1379083518	2.759655080057909	1206.8299741690912	1081.843078449711	1.122263	32.574932	0.2536626330309607	0.145943510026794	0.1331696006	0.0258791753	0.0539566109	0.0903071415	-0.0575172582	-0.0175439572	-0.1089754757	-0.1808876187	-0.0061097624	0.0233222227	-0.0926173091	0.1357770858	-0.0843235437	0.1260467925	0.0521669781	0.0750219164	-0.0559017231	0.0078318146	-0.0344321696	-0.0288238578	0.0695166361	-0.0666296275	-0.0180670026	0.0364122551	0.1396352637	-0.1428133569	0.0350672792	-0.0868599586	0.0133217664	0.0691070629	0.0845312784	-0.153117615	-0.0765127126	0.0403739048	-0.0157015108	0.0249963484	-0.0090385622	0.0214644591	0.0031979632	0.0289142883	0.0675716475	-0.0785797984	0.1325573603	-0.0215877978	0.1384818835	-0.0716524446	-0.106210378	-0.0908330038	0.0641973116	0.0433677341	-0.1188069938	0.1030639897	-0.0208108175	0.1195134329	0.0323236019	0.0517275387	-0.057855634	0.0743983895	0.0328225811	0.0298100492	-0.0080856586	0.0377062254	-0.1539600173	-0.0332009381	0.0654781108	-0.004240339	-0.0083976952	0.1290844434	0.1074583966	-0.0028345346	-0.0047128929543163	-0.0042322200967107	1.791168694700193e-05	2.2211359998844223e-05	-0.0634642433524987	-0.0413676740650856	0.0040277101843051	0.0017112844575551	0.199111238897558	0.1153073816258044	0.0132957922573988	0.0396452854553204	-0.0016809427610534	-0.0009619128036698	9.252762418640876e-07	2.825568565937828e-06	-0.0005831633278039	-0.0008920931848574	3.400794668953189e-07	7.958302504690192e-07	0.0001940100166944	-1.1011563398999986e-06	1.2125452849019612e-12	3.7639886577761373e-08	0.0	0.0	0.0	0.0	0.0	0.0	0.0	0.0	0.0	0.0	0.0	0.0	0.0	0.0
1148.4790918017418	-1.5537282423388206	2.4140714510412806	1319004.2243057536	1559.6077217489983	10.39656584141585	2432376.245739101	108.08858129489484	1115.184980721309	-0.1849749025420806	1243637.5412263866	0.0342157145704522	1212.9099510639962	1111.0369043452451	1.077803	31.284409	0.1639403203969717	0.0990593730727327	0.09296189	0.0554694749	0.0258105264	-0.0709038008	0.0818882259	-0.0167350027	-0.0653037038	-0.0155357962	0.0301621484	-0.02157811	-0.0016462124	0.0230207762	-0.1082938176	0.0582319954	-0.0021873681	0.1870033615	0.0144987434	-0.0108578132	-0.0310573891	0.1926194537	-0.0091128055	-0.0805156065	-0.0875353684	0.0480359255	-0.0647358831	0.047358764	0.1121166913	0.0805878803	-0.1793188722	0.0725502982	0.0018903634	-0.0330673909	-0.0758539762	0.0620571549	0.060578826	0.0172974583	-0.0588350786	0.0190878692	0.1522286313	0.1335412667	-0.0456111048	0.0593794506	0.0613122947	-0.1112896479	0.1094998772	-0.0671298584	-0.0652666793	-0.086294122	0.1171875972	0.0176427308	-0.1009028313	0.1206186325	-0.0006282304	0.1593791241	-0.1008692479	-0.0087632467	0.0030725294	-0.0175254941	0.0993313573	0.0509912464	-0.0313461883	-0.106577236	-0.0635053234	0.0571090185	0.0238563052	-0.0851812617	-0.0653164928	0.0613657915	0.1033401944	-0.0141533203	-0.0033569087574107	0.0013559841969056	1.8386931422577248e-06	1.126883640558065e-05	-0.0548269716902467	0.0086372716622519	0.0030059968247231	7.46024617675414e-05	0.1035445992995889	-0.0955666395979691	0.0091329826040481	0.0107214840441124	-0.0022537948572422	-0.0005728520961888	3.2815952410790217e-07	5.0795912585313885e-06	-0.000939988109613	-0.0003568247818091	8.835776462138213e-07	1.2732392491311184e-07	0.0004319416374934	0.000237931620799	5.661145617603913e-08	1.8657357820047977e-07	0.0	0.0	0.0	0.0	0.0	0.0	0.0	0.0	0.0	0.0	0.0	0.0	0.0	0.0
1147.5724377131835	-0.906654088558298	0.8220216362994782	1316922.4997989784	1545.8855061288607	-13.722215620137604	2389761.998059284	188.29920152554843	1113.5794696304908	-1.6055110908182542	1240059.2351825254	2.5776658627404205	1206.704949085113	1087.3117842126587	0.913335	26.510569	0.1057441291011635	0.0520139156407561	0.0858526424	0.0412890983	-0.0256819331	-0.0911869044	0.0230741665	0.0050620214	0.048654621	-0.0680523455	0.0800460035	-0.0518808874	-0.007560628	0.1012176746	-0.0492790035	0.1021715657	-0.0757861781	0.1229067377	0.0284898395	-0.0911441646	0.0432755383	0.0376842672	0.0117172567	-0.0497528741	-0.0655666637	-0.0475189626	0.2089235968	0.0280674386	-0.0468652717	0.0110017808	-0.0323594	0.0113134453	0.0800803271	-0.0602189639	0.0182613066	0.0234897267	0.0098677929	0.0624220686	-0.1016930001	0.0887735473	-0.0961569729	0.0253127573	-0.0097377487	-0.0288709454	0.0302144111	-0.1507416217	0.1076835697	-0.0607536749	-0.0468216487	-0.1234398453	0.1045019842	0.0894918122	-0.0686080021	0.0944909198	0.0308898929	0.078893199	-0.0049227803	0.0235340636	-0.0286617905	0.064721488	0.0572935798	-0.0079912792	-0.0651091588	0.0332863264	-0.1274931757	0.0411782242	0.0952600753	0.0781540153	-0.0062077164	0.039400893	0.0990808418	-0.0253948054	0.0054274597687111	0.0087843685261218	7.716513040271927e-05	2.9457319540977543e-05	-0.0663205446090415	-0.0114935729187948	0.0043984146372398	0.0001321022184396	0.066954373776042	-0.0365902255235468	0.001338844603864	0.0044828881677419	-0.0019868980564309	0.0002668968008113	7.123390228330678e-08	3.947763886648888e-06	-0.0003640627980725	0.0005759253115404	1.3254172094037792e-07	3.316899644730219e-07	0.0005666387677956	0.0001346971303022	1.8143316911647857e-08	3.21079493168916e-07	0.0	0.0	0.0	0.0	0.0	0.0	0.0	0.0	0.0	0.0	0.0	0.0	0.0	0.0
1149.435912258116	1.8634745449326149	3.4725373796118157	1321202.9163886476	1548.6201204202944	2.7346142914336724	2398224.277370567	7.478115322913286	1112.9150265583403	-0.6644430721505614	1238579.8563393513	0.4414845961288762	1206.2924507155535	1089.8341178572744	0.924345	26.830141	0.09357954235145	0.0462607104829918	0.094387159	0.0458173762	0.0152209602	0.0288296086	0.0029978408	-0.0054296637	-0.0147388172	-0.1042749563	0.0094606365	-0.0433860922	-0.0583098995	0.0868640744	0.0147684464	0.0012092538	-0.1146352634	0.1185079085	0.0312395043	0.0066437429	0.0655848181	-0.0841639142	-0.0928517908	-0.2289858228	0.2069205754	0.1325911036	-0.080383739	-0.0193725678	0.2373828822	-0.0640892722	0.0046158123	-0.2925846804	0.0430540983	-0.086886676	0.0178009792	0.0215870954	-0.013641237	0.0882858439	-0.03301711	-0.006760352	-0.0115097436	0.0704895708	0.0548936399	0.0292846437	0.1070154854	-0.0375797882	0.1043500861	-0.0393684715	-0.0264650941	-0.0869323176	0.1358418938	-0.0617079172	0.0066091404	-0.0992396667	0.0588078805	-0.0257455595	0.0157513904	0.0507254753	-0.0678888348	-0.0869348974	-0.0320841467	0.0993036664	0.0008616126	-0.0933250781	-0.1470998914	-0.0319258581	0.1049911412	-0.2673723059	0.3420460829	-0.1924963124	0.0946861568	-0.0364975928	0.0157925819056572	0.010365122136946	0.0001074357569138	0.0002494056432468	-0.0505250854846792	0.0157954591243623	0.0025527842632341	0.0002494965289494	0.0759642855099187	0.0090099117338766	8.117850945224887e-05	0.0057705726730324	-0.001292274566925	0.0006946234895058	4.82501792173353e-07	1.669973556321196e-06	-0.0005025826813762	-0.0001385198833037	2.525893516192911e-07	1.918775807047067e-08	0.0009016763821113	0.0003350376143156	1.122502030063557e-07	8.130202980573231e-07	0.0	0.0	0.0	0.0	0.0	0.0	0.0	0.0	0.0	0.0	0.0	0.0	0.0	0.0
1151.1176925561188	1.68178029800265	2.828384970749882	1325071.9421157232	1556.5660984879833	7.945978067688884	2422898.018962102	63.13856745219277	1116.267954983044	3.352928424703805	1246054.1473220272	11.242129021186738	1209.3465920504188	1090.568769551346	0.948261	27.524319	0.3957103794799457	0.2299815709802727	0.105138681	0.0546307459	0.0252047168	-0.0480747056	0.039657876	-0.0247364138	-0.0455389791	-0.0815429547	0.004893903	0.0090139116	-0.0201054981	0.0046016689	-0.1208777363	0.1048442082	-0.116938631	0.1974173327	-0.0641822011	0.0382194489	0.0644046654	-0.0418715001	0.0211679059	0.1340005183	0.0795966938	-0.1403891578	0.0872121177	0.0404677865	-0.0540835611	-0.0725197502	0.0694716052	0.0005445951	0.0048202871	-0.0600387871	-0.0683994083	0.0570583539	0.0027891036	0.1041625497	-0.077111531	0.0684781767	0.0071720635	0.1659695315	0.0580343833	0.1127166438	0.0644589753	-0.0242279837	0.0687870771	-0.0150364994	-0.0119414344	-0.0830237755	0.1841116381	-0.1283626393	0.0530441836	-0.1050262565	0.0473626467	-0.0704384171	0.0843745014	-0.0354462727	0.1666990488	-0.1941789226	-0.0768363255	0.0519904936	0.0725883308	-0.0294027676	0.0587281867	0.061065566	-0.0807268068	-0.1213728165	0.2038551826	-0.1342264617	0.0901621419	-0.0474010431	0.0102616690651302	-0.0055309128405269	3.059099684950644e-05	0.0001053018520022	0.0554431768476177	0.1059682623322968	0.0030739458589562	0.0112292726217264	-0.0877078306181431	-0.1636721161280618	0.0267885615978377	0.0076926635517408	0.0005323802386997	0.0018246548056247	3.329365159689312e-06	2.834287185579496e-07	-0.0009702920596563	-0.00046770937828	9.414666810320648e-07	2.187520625311576e-07	0.0007832588024349	-0.0001184175796763	1.4022723176416538e-08	6.134943515917537e-07	0.0	0.0	0.0	0.0	0.0	0.0	0.0	0.0	0.0	0.0	0.0	0.0	0.0	0.0
1150.8863918874542	-0.2313006686645167	0.0534999993246525	1324539.487031723	1554.189209889557	-2.3768885984261487	2415504.1001371257	5.649599409328221	1114.2462497424883	-2.021705240555775	1241544.7050651996	4.087292079690685	1209.3473617322954	1081.6126693854103	0.868081	25.19702	0.252898126651402	0.1283760758057897	0.0745213791	0.0421480803	-0.0078590574	-0.0237699991	0.0216079453	-0.0197996809	-0.0305944958	-0.0560212113	0.0136360326	-0.0039958977	-0.0440311709	0.0321380447	-0.050938777	-0.0300811417	-0.0874471584	-0.0167243451	-0.0228408437	-0.0279039916	-0.0617955701	0.0015718954	-0.0728662297	0.1782631106	-0.1871249263	0.1335189911	-0.0422683191	0.1344996177	0.0149168558	0.0030644388	-0.133046611	0.0297107989	0.0016667061	-0.0510421994	-0.0382652102	0.0553516511	-0.014040411	0.105181072	0.0004047377	0.0791395847	0.0521709879	0.0122258766	-0.0015806799	0.0837887388	-0.0377419145	0.0960755325	0.0349645298	-0.0120342295	-0.0004261228	-0.061411493	0.1267157936	-0.1018972151	0.1013468765	-0.1198342387	0.0417710318	-0.0706861322	0.05667663	0.0771129319	0.185661131	-0.1790932697	-0.0335027483	-0.057909738	0.0995151499	0.0334619186	0.1104209912	0.0338724402	-0.0094527018	0.0276297178	0.050016007	0.0728171149	0.0855149763	-0.0580456054	0.0089390554972368	-0.0013226135678933	1.7493066499757074e-06	7.990671318267945e-05	0.0172120355338876	-0.0382311413137301	0.0002962541672198	0.0014616201661504	-0.1375329215501466	-0.0498250909320034	0.0024825396863824	0.0189153045101187	0.002264955399542	0.0017325751608423	3.001816687967722e-06	5.130022961914462e-06	0.0002280024036902	0.0011982944633465	5.198509608850893e-08	1.4359096208868764e-06	0.0004437428098682	-0.0003395159925667	1.1527110920855149e-07	1.969076813097255e-07	0.0	0.0	0.0	0.0	0.0	0.0	0.0	0.0	0.0	0.0	0.0	0.0	0.0	0.0
1151.046056715787	0.1596648283327795	0.0254928574065359	1324907.0246809628	1549.6863449225991	-4.502864966957986	2401527.767639565	20.275792910657547	1113.296766671883	-0.9494830706053108	1239429.6906820692	0.9015181013660896	1207.1452839207784	1081.4980887652905	0.941061	27.315334	0.2431091227414362	0.1114448263129366	0.0762314092	0.0357657392	0.0153756719	-0.1384644005	0.1624814102	-0.0101126126	-0.0002526749	-0.0289470901	0.0521513939	-0.0540020205	-0.0240337553	0.0471504177	-0.0358124573	0.0087985462	-0.0080098445	0.0811163857	0.0016261785	-0.0557620954	0.0684799011	-0.1836997306	-0.2902676845	-0.0114602793	0.0009964149	0.1198838351	0.0119048472	0.1181333393	-0.0484000813	0.0176765559	-0.0029545112	0.0919196174	0.0121934915	-0.027522773	-0.0319883598	0.0372852147	-0.0454462047	0.0773372216	-0.035231833	0.0713833067	-0.0272159104	0.0115098414	-0.119738677	0.0996866073	-0.0329514032	-0.083072854	0.0399782521	-0.0107898398	0.0262170392	-0.0755631727	0.1700876389	-0.0938192963	0.1417459289	-0.1360716995	0.001608564	-0.1337650956	0.0233221415	0.0460416402	0.1149628194	-0.12692653	0.0543506449	-0.0172428653	0.0148169339	0.0334326996	0.0732332484	0.0319351308	0.1030562092	0.1745967233	-0.0766898412	0.0486370122	0.0807510076	-0.0683731426	0.0327523883337619	0.0238133328365251	0.0005670748207831	0.0010727189415655	0.0503359720718776	0.03312393653799	0.0025337100844208	0.0010971951717727	-0.1812865461081827	-0.0437536245580361	0.0019143796619655	0.0328648117998342	0.0005220888560578	-0.0017428665434842	3.0375837883965626e-06	2.7257677361974226e-07	-0.0006909331165543	-0.0009189355202445	4.773885715514378e-07	8.444424903670298e-07	0.0002571802974192	-0.000186562512449	3.48055710512833e-08	6.614170538062815e-08	0.0	0.0	0.0	0.0	0.0	0.0	0.0	0.0	0.0	0.0	0.0	0.0	0.0	0.0
1149.934470814371	-1.1115859014159923	1.2356232162268042	1322349.2871671277	1554.681912567656	4.995567645056781	2417035.8492650245	24.95569609633815	1114.2920193004802	0.9952526285972	1241646.7042767417	0.990527794729636	1205.693484243238	1087.1551552753535	0.76365	22.165777	0.2341925597538928	0.1312260417120687	0.1345158011	0.0556960723	0.0500949109	-0.1224621019	0.1314360765	-0.0104376627	0.0088642253	-0.0973126517	0.0994811468	0.0200436986	-0.0242220165	0.1426571231	-0.062125225	0.1391528542	-0.0830181533	0.0457036183	0.0195936222	-0.1498572855	0.0211646863	-0.0704462073	-0.1081931808	0.0599640882	-0.0812138318	0.0062767481	0.098230439	-0.1101524911	-0.0994720706	0.0720830376	-0.0487375448	0.1378078937	0.0920112395	-0.1198889251	-0.0299449406	0.0075542205	0.0043670468	0.0980788632	-0.1254485929	0.1240607213	-0.1190518984	-0.0407261064	-0.0512948973	0.0043122837	-0.0630769853	-0.0795553486	0.096942151	-0.0271235237	-0.0087314041	-0.0737277443	0.1642552044	-0.1169715682	0.1331691057	-0.1681218875	-0.0255915041	-0.1462638964	0.0485564614	0.011519361	0.071477338	-0.1215080157	0.0446637254	-0.0724020251	-0.0087109351	-0.0082775048	0.0716795243	0.0027156705	0.1232405696	0.1571609152	-0.1162061461	0.0285309399	0.0758767427	-0.0783272495	0.0193474922060943	-0.0134048961276676	0.0001796912401935	0.0003743254546648	0.0088998203858352	-0.0414361516860424	7.92068029001278e-05	0.0017169546665487	-0.0713418534363299	0.1099446926718528	0.0120878354467081	0.0050896600517307	-0.0002151896768007	-0.0007372785328585	5.435796350139823e-07	4.630659700158972e-08	-0.0009360715978226	-0.0002451384812683	8.762300362501555e-07	6.00928749985287e-08	0.000662899668659	0.0004057193712398	1.6460820819921868e-07	4.39435970708212e-07	0.0	0.0	0.0	0.0	0.0	0.0	0.0	0.0	0.0	0.0	0.0	0.0	0.0	0.0
1150.4765298149775	0.542059000606514	0.2938279601385327	1323596.245655113	1554.804281461037	0.122368893381008	2417416.353649571	0.0149741460672925	1113.474904398889	-0.8171149015911396	1239826.3627261152	0.6676767624022978	1206.004277112128	1107.8579665384102	0.754699	21.905979	0.2510060726385115	0.1650038925492825	0.1727847082	0.0838492976	0.0535934405	-0.0905693854	0.1200155578	-0.0046359079	0.0128866285	-0.1494119364	0.0763151396	-0.0167167192	-0.0396183821	0.1824291096	-0.0415022912	0.0661493068	-0.0698021353	0.0571140543	0.0480291217	-0.0747624486	0.1358248516	-0.1230810366	-0.0983501672	0.0858400651	0.1370335082	0.114659509	-0.0501211981	-0.0591076128	0.1639100617	-0.0966696275	-0.0762809069	0.2420413523	0.1157309328	-0.1342848602	-0.0106350877	0.0296304038	-0.0052235047	0.0955661814	-0.0945652467	0.0606748661	-0.1070515579	0.0152078173	-0.0851076944	0.0153490976	-0.021622232	-0.1177134887	0.1409709293	-0.0438463348	-0.0208332864	-0.0866700535	0.1662970483	-0.0862722391	0.1290839112	-0.1495614198	-0.0123871543	-0.1465060921	0.0382670983	0.0415769624	-0.0313665282	-0.0579796525	0.0434937199	-0.1080889729	-0.0588614677	-0.02116221	0.0239531968	-0.0963138668	0.1049206219	0.0272559244	-0.0538152457	0.0388864249	0.0708988393	-0.0878535601	0.0141484828591984	-0.0051990093468958	2.7029698189110915e-05	0.000200179567217	-0.0135859324158928	-0.022485752801728	0.0001845775596092	0.0005056090790604	0.0718512284692778	0.1431930819056077	0.020504258705626	0.0051625990325443	-0.0013450364919732	-0.0011298468151725	1.2765538257554412e-06	1.809123164739572e-06	-0.0014069435833161	-0.0004708719854934	1.9794902466343475e-06	2.2172042672259082e-07	0.0006610538976394	-1.8457710196000468e-06	3.4068706567953965e-12	4.369922555842424e-07	0.0	0.0	0.0	0.0	0.0	0.0	0.0	0.0	0.0	0.0	0.0	0.0	0.0	0.0
1149.332065195223	-1.1444646197544444	1.3097992658696849	1320964.1960859166	1552.1610066042108	-2.6432748568261104	2409203.790422597	6.986901968729095	1115.3907567269905	1.9158523281014368	1244096.5401920085	3.670490143091696	1207.7463454190636	1109.712394457316	0.908696	26.375908	0.1150120340421829	0.0694914630012511	0.1813354667	0.0514333589	0.0258189036	-0.0160453066	0.0098877639	-0.0058219264	-0.067520859	-0.1526671324	0.035059795	-0.0497306058	-0.0668231082	0.1676408448	-0.0777984371	0.0432430146	0.0242428843	0.0922680446	-0.0624392501	0.0667768169	0.0611064461	-0.0068513425	-0.1166102222	0.0783803863	0.2966067673	0.0102040971	0.1365113453	0.0186534349	-0.0903706326	-0.1138377103	-0.1660361293	-0.096520347	0.0956345385	-0.1428130378	-0.0502248173	0.0469285736	0.0462146117	-0.0058693635	-0.0118929574	0.0299074343	-0.0059449216	0.0141722654	0.00594829	0.0543193229	0.0581682324	-0.0774618297	0.1552772544	-0.0396334186	-0.0583728447	-0.0652087633	0.1115125296	-0.1341148321	0.1205685003	-0.1496305024	-0.0248869052	-0.0938597193	-0.0015424244	-0.0030582271	-0.0958590943	0.0022423134	-0.0248562979	-0.0702072097	-0.0622755636	-0.1211231296	-0.0685313305	-0.0209409369	0.0571170653	-0.1598354231	-0.0542627356	-0.0456605239	0.0658240966	-0.096900045	0.0250873450879396	0.0109388622287412	0.0001196587068593	0.0006293748835613	-0.0094056194032674	0.0041803130126253	8.846567635912021e-05	1.7475016883525236e-05	0.1384483070442641	0.0665970785749863	0.0044351708747229	0.0191679337234228	-0.000991139364361	0.0003538971276122	1.252431769321658e-07	9.823572395859271e-07	-0.0010958291549199	0.0003111144283961	1.2008415367724622e-06	9.679218755629422e-08	0.0006619579461476	9.040485081999832e-07	8.17303705178615e-13	4.3818832246794884e-07	0.0	0.0	0.0	0.0	0.0	0.0	0.0	0.0	0.0	0.0	0.0	0.0	0.0	0.0
1151.19385704121	1.861791845987	3.4662688777836803	1325247.296489418	1554.256352699409	2.095346095198238	2415712.8099064697	4.390475258662503	1118.0728793192586	2.682122592268115	1250086.963469257	7.193781599955034	1213.7095965726164	1090.9386568989542	1.014306	29.441357	0.1595654470662348	0.0923552734956658	0.1319999295	0.0570997879	0.0390277811	-0.0277291808	-0.0028392002	0.0099504747	-0.028539056	-0.0721143613	0.0166403661	-0.0134697144	-0.0963447209	0.0570402843	-0.158433979	0.0912954817	-0.0841745925	0.1041029572	-0.0489259034	0.0004924995	-0.0346954129	0.1283517794	0.0395019493	-0.1843650612	-0.0412654932	-0.0211213862	0.2127023289	-0.0479424146	-0.0422676447	0.0189143116	-0.0621698559	0.1029017366	0.0219500936	-0.0908773912	-0.0541345281	0.1111018004	0.04504073	0.1169990285	-0.012847451	0.1162762342	0.1760198968	0.0719717983	0.0542676821	0.0858564495	0.0305234805	-0.1405839464	0.1194151029	-0.0508148305	-0.0796186836	-0.138299837	0.1409720992	-0.0607154011	-0.0399509368	0.0342654993	0.0145300284	0.0613280477	0.0855128966	0.045645332	0.0353883488	0.0341237575	-0.0653003901	-0.045673738	0.0684693884	-0.2261647418	0.1197994657	-0.0332037245	-0.2612737353	0.1896152052	-0.1138970952	0.2859634717	0.0606594461	-0.1054172954	0.003053166847323	-0.0220341782406166	0.0004855050107392	9.321827797592266e-06	-0.0095579541476098	-0.0001523347443423	9.135448748781136e-05	2.3205874333864057e-08	0.0767306989970251	-0.061717608047239	0.0038090631430726	0.005887600168572	2.6199194905236344e-05	0.0010173385592662	1.0349777441699012e-06	6.86397813682562e-10	-0.000600991407593	0.0004948377473269	3.6119067200061545e-07	2.44864396179561e-07	0.0006630081602352	1.0502140876000226e-06	1.1029496297935478e-12	4.395798205384646e-07	0.0	0.0	0.0	0.0	0.0	0.0	0.0	0.0	0.0	0.0	0.0	0.0	0.0	0.0
1150.200244870227	-0.9936121709831696	0.9872651463258874	1322960.60329953	1530.0789264743612	-24.17742622504784	2341141.521240934	584.5479388676309	1119.8128829244183	1.7400036051597	1253980.892763497	3.027612545968753	1210.8575374264346	1088.8060270370788	1.435357	41.662827	0.9103625731501158	0.565735507919549	-0.0189777512	-0.035427315	0.0569914588	0.221383002	-0.0593152309	0.0303844381	-0.0680768766	-0.0534917707	-0.038649732	-0.0176795667	-0.092139562	-0.011161123	-0.1771282281	-0.138095053	-0.0982676033	-0.0915347383	-0.1841962594	-0.0951430018	-0.1874220301	0.1578954111	0.0899147421	-0.0592506419	-0.0644873926	0.1068621735	0.0824970429	0.0499307616	-0.0553466401	0.0322071421	-0.2082598099	0.0337829762	-0.0018129373	0.0079879853	-0.0540284587	0.1353355626	-0.0313740565	0.0904343893	0.1866890909	0.0931588676	0.085362493	-0.0386168228	0.0264003894	-0.1294716587	0.0156472763	0.3029073116	-0.0214061297	0.03839672	-0.0669664232	0.1159843802	-0.0831267278	-0.057773722	0.0495715623	-0.000990934	-0.0418881248	-0.0191178969	0.1625219913	0.1495530825	0.0554723498	0.0267193729	-0.158495997	0.1623852671	0.2222482062	-0.0208324295	-0.0693065204	-0.3992888855	0.0818971983	-0.2438739343	-0.5399485565	-0.1249718203	0.0554119421	-0.1133587932	0.1052158133552723	0.1021626465079493	0.0104372063415082	0.0110703673800114	0.0810802360581988	0.0906381902058086	0.0065740046792532	0.0082152815237843	-0.1372032395435596	-0.2139339385405846	0.0457677300594866	0.0188247289412473	0.0092042125499125	0.0091780133550072	8.423592914469168e-05	8.471752866396678e-05	-0.0011875580604949	-0.0005865666529018	1.4102941470464084e-06	3.44060438296538e-07	0.0009709841102415	0.0003079759500063	9.484918578228301e-08	9.428101423414776e-07	0.0	0.0	1.0	0.0	0.0	0.0	0.0	0.0	0.0	0.0	0.0	0.0	0.0	0.0
1145.8743410979605	-4.325903772266429	18.71344344690892	1313028.0055866851	1554.6784281326552	24.599501658294	2417025.014901024	605.1354818364093	1114.2591665395616	-5.553716384856671	1241573.490217439	30.843765683425445	1210.2335236662952	1079.5208193441626	1.176083	34.137108	0.3678958112781312	0.2078691895206381	0.0041735638	-0.0433901034	0.0039238232	0.1558972072	-0.1366088381	0.0250143689	-0.0569084425	-0.0234772948	-0.1771633725	-0.0281840547	-0.0235203403	0.0398619213	-0.0446550908	-0.0732716967	0.0912604063	-0.1557635742	-0.0690457093	-0.0529053473	-0.128501908	0.1592238825	0.0105697866	-0.1019177467	-0.0394489093	-0.0788858442	-0.0385056092	0.1329429236	0.069833553	-0.0975896867	0.1838466288	-0.0759680793	0.0159848137	0.0114838308	-0.0096615046	0.1032791016	0.0144589742	-0.0633455723	0.1431884659	0.0881793454	0.264437764	-0.2095149921	0.0585984349	0.077397128	0.0753622137	0.0373764922	-0.0024309775	-0.0004871888	-0.0530644236	0.0822366773	-0.1314105025	-0.0134933022	0.0328747268	0.0055266767	-0.0959470422	-0.0694877207	-0.0466608967	0.0155937111	-0.0166629597	0.1613761476	-0.1765629496	0.100558495	0.1077531143	-0.081051599	0.1755339976	0.0274871224	0.0987821723	0.0143013068	-0.0452719638	-0.0642922436	0.0500887521	-0.1206811645	0.135730577018279	0.0305147636630067	0.0009311508014091	0.0184227895377149	0.049981833055483	-0.0310984030027158	0.0024981836355861	0.0009671106693193	-0.0739628081981109	0.0632404313454487	0.0039993521567584	0.0054704969965505	0.00587609586139	-0.0033281166885225	1.107636069242198e-05	3.4528502572244684e-05	-0.0023952174666987	-0.0012076594062038	5.737066712778538e-06	1.458441241392515e-06	0.0012960522808544	0.0003250681706129	1.0566931554561753e-07	1.6797515147078928e-06	0.0	0.0	0.0	0.0	0.0	0.0	0.0	0.0	0.0	0.0	0.0	0.0	0.0	0.0
1140.6161768269578	-5.25816427100267	27.64829150084904	1301005.262839346	1541.9291546061888	-12.749273526466368	2377545.517824556	162.54397545265618	1112.1046346854002	-2.154531854161405	1236776.7184887475	4.642007510596183	1205.62804382555	1073.80300681916	0.812139	23.573244	0.113565557365062	0.0692764886992221	-0.0242727073	-0.040270698	0.0229923782	0.1002632658	-0.1853896784	0.0455876152	0.0329486548	-0.0228805572	-0.1121280002	0.0844933833	-0.0006117662	0.0248274915	0.0693770271	-0.0513295769	0.071333726	-0.108277837	0.045604567	0.0143154774	-0.2027989024	0.1713938039	0.0293073206	-0.1726849504	-0.0747594096	-0.1508745565	-0.0486876178	0.1023362014	0.0028627785	0.0250164926	-0.0179368113	-0.0906755197	0.0306947534	0.0024004234	0.0595203669	0.0116209505	0.0371009237	-0.0991431475	0.1105981015	0.0933492617	0.1358776959	-0.150124142	0.0619648107	0.0073856244	0.1088606977	0.0313624477	0.0095127117	-0.0048254697	-0.0815880742	0.0427283087	-0.1521199516	0.0338166397	0.042490072	0.0528132852	-0.0743471546	-0.1106641722	-0.0535131313	-0.0150778667	-0.0274390332	0.122869691	-0.1385560485	0.077470727	0.0677670997	-0.0551683027	0.1748869511	-0.0526000086	0.1031661115	0.0281780685	0.0344560279	-0.0523083097	0.0446971468	-0.1273444172	0.1120846937852206	-0.0236458832330584	0.0005591277938714	0.0125629785809266	0.0552121074791216	0.0052302744236385	0.003048376812286	2.735577054656805e-05	-0.0121878595110658	0.0617749486870451	0.003816144285287	0.0001485439194614	0.0056650283043747	-0.0002110675570152	4.454951362440687e-08	3.2092545689366486e-05	-0.0022026945549535	0.0001925229117451	4.851863302421798e-06	3.7065071546850004e-08	0.0013507508325203	5.469855166589997e-05	2.9919315543471283e-09	1.824527811554284e-06	0.0	0.0	0.0	0.0	0.0	0.0	0.0	0.0	0.0	0.0	0.0	0.0	0.0	0.0
1140.006068163153	-0.6101086638047946	0.3722325816496718	1299613.8354488115	1539.4319880857306	-2.4971665204582223	2369850.845941585	6.2358406308974255	1111.565899274412	-0.5387354109882381	1235578.7484297322	0.2902358430526658	1203.92329656244	1064.9807025038997	0.8072	23.429873	0.1222006963712579	0.0533732189748877	-0.0225139463	-0.0146426221	0.0706384141	-0.005675635	-0.1747698247	0.0275528441	0.0250707759	0.0280472209	-0.0481514124	0.1631330027	0.0026108671	0.0653195328	0.0297721029	-0.0144498706	0.1125055149	-0.0342866924	-0.0064340777	0.0328111561	-0.0414934808	0.0820360959	0.0356322851	-0.0844099439	0.1364243929	-0.1424502823	-0.1560280087	-0.1165750177	0.0220119069	0.0568010148	-0.0559030822	-0.0148312415	0.0283503449	-0.0156461469	-0.0007875034	-0.0345387636	0.0900720306	-0.0977211242	0.0521495613	0.0332241776	0.1339287338	-0.0474131006	-0.0306113089	-0.01175785	0.0352104004	0.0359359538	0.02021675	-0.0098442857	-0.100149254	0.0387207634	-0.1591650186	0.0242513051	0.0403121883	0.0836375125	-0.0815398627	-0.0668464419	-0.0936738608	0.0089602922	-0.015751841	0.1013142047	-0.1217109901	0.072397135	0.0325884469	0.028457944	0.2658067883	-0.0754245013	0.0919878974	0.0114391912	0.1443579622	-0.0485608432	0.0392444906	-0.1333121588	0.1293554755416721	0.0172707817564514	0.0002982799024789	0.0167328390526121	0.0251428747097151	-0.0300692327694065	0.0006321641486684	0.0009041587593407	0.0226394596230292	0.0348273191340949	0.001212942158068	0.0005125451320227	0.0061098641579552	0.0004448358535804	1.9787893663069195e-07	3.73304400286656e-05	-0.0024019194906823	-0.0001992249357288	5.76921723971952e-06	3.9690575016144496e-08	0.0015073572974371	0.0001566064649168	2.452558485373692e-08	2.2721260221368784e-06	0.0	0.0	0.0	0.0	0.0	0.0	0.0	0.0	0.0	0.0	0.0	0.0	0.0	0.0
1138.325991525898	-1.6800766372550695	2.822657507050303	1295786.0629834188	1524.0161670749471	-15.415821010783477	2322625.277505813	237.64753743651323	1113.6179488919086	2.05204961749655	1240144.9360942214	4.2109076326677375	1203.3293785282706	1057.4927798354424	0.8471969999999999	24.590824	0.152668067784719	0.0744576129756434	-0.0344277385	-0.0282682373	0.0675429114	-0.1272513476	-0.1143806136	0.0607091945	0.0116567236	0.0171252387	-0.0412357957	0.1787827574	-0.0061236756	0.0589157524	0.0010412686	0.060623266	0.1097324971	-0.0458358008	0.0202978107	0.100520248	-0.1357699697	0.0255674489	-0.0607666244	-0.0147290538	-0.0322462852	0.0893489046	0.0137699836	0.0789706979	0.0682624951	-0.0817434434	0.1109656228	0.1118583254	0.0322392228	-0.002143876	0.0092956676	-0.0336518994	0.1169043117	-0.119164279	0.0278522255	0.1242002187	0.0720933106	0.0181456644	-0.0774801408	-0.0116219721	0.0060790712	0.0571850806	0.0124411264	-0.0095242222	-0.0881567765	0.0218183424	-0.1199717499	-0.005508395	0.0491131183	0.0937370299	-0.0823471569	-0.0767114306	-0.1259297042	0.010716948	0.0326946883	0.0476435197	-0.03001377	0.0229666574	-0.0011242545	0.0636851382	0.2316824964	0.0017246323	0.0843030692	0.0659210132	0.1606236398	-0.0236527709	0.0337382312	-0.1385517956	0.1115114837856907	-0.0178439917559813	0.0003184080417875	0.0124348110160863	0.0317832617051436	0.0066403869954285	0.0010101757246176	4.409473944905601e-05	-0.024159665189515	-0.0467991248125441	0.00219015808322	0.0005836894220694	0.0065109704731356	0.0004011063151804	1.608862760775984e-07	4.2392736502043614e-05	-0.0015259678980676	0.0008759515926147	2.328578025932849e-06	7.672911926042296e-07	0.0018579906740573	0.0003506333766201	1.229437648000829e-07	3.4521293448839e-06	0.0	0.0	0.0	0.0	0.0	0.0	0.0	0.0	0.0	0.0	0.0	0.0	0.0	0.0
1138.3367341609546	0.0107426350566584	0.0001154042079605	1295810.5203402278	1540.419207039526	16.403039964578966	2372891.333416282	269.0597200795748	1114.1179254930353	0.4999766011267184	1241258.7519049046	0.2499766016742256	1207.289533287005	1048.72269613783	0.891938	25.889479	0.1815639951840358	0.1098364706247831	-0.0643189836	-0.0455392422	0.1033341219	-0.1548902268	-0.0281278578	0.0067804088	-0.0005427004	0.1068155297	0.0408242635	0.1095734668	-0.0462018808	0.0203866137	-0.0473734093	-0.0349513037	0.0581944794	-0.0951915547	-0.0681798523	0.0967711832	-0.0709084531	0.1546293385	0.0037794117	0.132744125	-0.0069144972	-0.0203710967	0.0300618138	-0.0597054346	0.159162851	0.2162970774	0.1367516055	-0.1570468752	-0.0184827823	0.012705252	-0.0127619607	-0.0194095914	0.0709651362	-0.1030955716	0.0670270266	0.054946137	0.103870922	0.0978751441	-0.1469006506	-0.0216521857	-0.0271207617	0.1470000886	-0.0130062684	0.0070130832	-0.0743956966	0.033436792	-0.1060277285	0.0338523816	0.0801536267	0.1387023434	-0.0598100372	-0.078100879	-0.1040517111	-0.0095109814	0.0687446918	0.0061874393	0.0254466919	0.0805711109	0.0255248384	0.0292141378	0.154363952	-0.0283581443	0.0325753076	0.0375105192	0.0093443275	-0.0414208346	0.0281858894	-0.1430347106	0.1113500211399127	-0.000161462645778	2.6070185981632426e-08	0.012398827207859	0.1055713060432594	0.0737880443381158	0.0111453006596795	0.0054446754872437	-0.099814042396062	-0.075654377206547	0.0057235847905104	0.0099628430594428	0.0067491721837769	0.0002382017106413	5.674005495244186e-08	4.555132516626785e-05	-0.0014799464724841	4.6021425583499904e-05	2.190241561418131e-06	2.1179716127376194e-09	0.0015030115904102	-0.000354979083647	1.2601014982693477e-07	2.2590438409073985e-06	0.0	0.0	0.0	0.0	0.0	0.0	0.0	0.0	0.0	0.0	0.0	0.0	0.0	0.0
1137.088070165606	-1.2486639953485792	1.5591617732798766	1292969.2793129422	1530.9754628326934	-9.443744206832662	2343885.86779578	89.18430464408546	1112.490527665639	-1.6273978273961802	1237635.174145772	2.6484236886138075	1203.6556939628038	1058.244701074422	0.8723999999999998	25.32238	0.1853929891965889	0.1388100358861645	-0.0941678319	-0.0394852992	0.0374512314	-0.1067187767	-0.0703809157	0.0400373568	-0.0116802718	0.1054006182	-0.0494640169	0.1700584048	0.028230413	-0.0173354164	-0.006850733	-0.0660240893	0.0698120923	-0.0404446004	-0.0492921358	-0.0766556416	-0.0999702646	-0.0099756861	-0.1943882685	0.2278959533	0.1339364533	-0.0747786245	0.0028237898	-0.0026732486	0.1826904558	0.049054089	0.2021914526	-0.0409105778	-0.0167985325	0.0638731511	0.0123789728	-0.0479745998	0.0369749137	-0.13424627	0.0236954898	0.055256121	0.0173319578	0.036296129	-0.143052769	0.0357522156	-0.0579140782	0.1553515027	-0.0416384267	0.0233329155	-0.026308985	0.0611215022	-0.1003059814	0.0193756642	0.0806489491	0.1742629143	-0.0434083446	-0.0705556916	-0.1403433761	0.0096569298	0.1022490193	-0.0767147145	0.1278718834	0.0900437369	0.0422069522	0.0949165285	-0.050835388	0.0511950954	-0.037218935	-0.027212228	0.0134502806	0.0548831454	0.022595049	-0.1467364196	0.111739712019343	0.0003896908794303	1.518589815111641e-07	0.0124857632421657	0.1080120604578098	0.0024407544145503	0.0116666052043415	5.9572821121472525e-06	-0.2215749532722952	-0.1217609108762332	0.01482571941741	0.0490954599176198	0.0077508155408605	0.0010016433570835	1.0032894147897036e-06	6.007514154844465e-05	-0.0016673116967818	-0.0001873652242977	2.7799282942254054e-06	3.5105727276127466e-08	0.001475987511264	-2.702407914619985e-05	7.303008537000736e-10	2.178539133407297e-06	0.0	0.0	0.0	0.0	0.0	0.0	0.0	0.0	0.0	0.0	0.0	0.0	0.0	0.0
1134.864415745803	-2.223654419803097	4.944638978709848	1287917.2421260627	1532.6632861767785	1.687823344085018	2349056.7487942013	2.848747640838333	1111.3900630556304	-1.1004646100086577	1235187.8722587982	1.2110223578815067	1201.396477207119	1043.7158765427737	0.754592	21.902866	0.1506654720456282	0.090694530531956	-0.0853933475	-0.0593987503	0.0457965745	-0.1703250234	-0.0678539665	0.0188026709	0.0251748978	0.0892991008	-0.0682593143	0.2359511101	0.0401692452	-0.0206107901	0.0564924943	-0.0606111633	0.1045819	-0.0766791827	0.0086229866	-0.0112770409	-0.0750358245	0.1083444859	-0.167855069	0.168800331	-0.0376319961	0.0195596745	-0.0860969564	0.0814343587	0.0587880749	-0.0710019132	0.033225726	-0.0554409657	-0.0259025285	0.061431936	0.0108286724	-0.0798134576	0.0507509527	-0.1443505841	0.0372541708	0.068964336	0.0043443683	0.0079010182	-0.1921266786	0.0323328376	-0.0446217973	0.149037599	-0.0487668727	0.0340328992	-0.0403591389	0.0631340159	-0.0922177971	0.0194439964	0.0907932941	0.1936694882	-0.0348885613	-0.0803491753	-0.0598099299	-0.0091697437	0.1311741832	-0.075810403	0.1116799591	0.051890566	0.0397565629	0.1724355095	-0.1187404103	0.0819623519	-0.077880625	-0.0399781419	0.033134765	0.0823064745	0.0169733466	-0.1496367051	0.1178648105723993	0.0061250985530562	3.7516832284652267e-05	0.0138921135712675	0.1439346402761145	0.0359225798183047	0.0207171806714144	0.0012904317408024	-0.2415365986532975	-0.0199616453810022	0.0003984672863168	0.0583399284890041	0.0092131350920384	0.0014623195511779	2.138378469757136e-06	8.488185822414942e-05	-0.0017300942872173	-6.278259043549991e-05	2.9932262426619373e-06	3.941653661791725e-09	0.0017240083355159	0.0002480208242518	6.15143292625918e-08	2.972204740928304e-06	0.0	0.0	0.0	0.0	0.0	0.0	0.0	0.0	0.0	0.0	0.0	0.0	0.0	0.0
1137.159658283547	2.295242537744116	5.268138307070049	1293132.0884275534	1536.6209505372128	3.957664360434365	2361203.9456298877	15.663107189852347	1111.5734608245912	0.1833977689607309	1235595.5588095589	0.0336347416597736	1202.5790548919504	1038.7105282116083	0.7948549999999999	23.071535	0.1647563275363773	0.0929546080643932	-0.0893558982	-0.039824713	0.0340038566	-0.1357893376	-0.06187295	-0.0003245646	-0.0219134726	0.072367351	-0.0049084128	0.1952500196	0.03737177	-0.0276387566	0.0868640968	0.0368785271	0.071612836	0.0245871573	-0.0177452708	-0.0309851317	0.0281403189	-0.0469019091	0.0491149982	0.2242060522	0.1291705889	0.06974066	-0.0982344483	-0.0786115201	-0.1207532151	0.0621968113	-0.0100228159	0.1346609626	-0.0206085755	0.0245169648	-0.0134620748	-0.1221377813	0.0392610808	-0.1369553001	-0.0250220517	0.0224945245	-0.1278219519	0.0445365846	-0.0786318534	-0.0183371495	-0.0871809477	0.2104487003	-0.0523372458	0.0205002788	-0.0040391031	0.0578056325	-0.0625623898	0.0054335309	0.0699299182	0.1504656841	-0.0132676747	-0.0320957547	-0.0860494277	-0.0127857106	0.0911521597	-0.1292409659	0.1101277968	0.0056981886	-0.0305016334	0.1403639988	-0.1920569779	0.0416536164	-0.0928748398	-0.0117801452	0.0066553236	0.0386482672	0.0113284606	-0.1517197269	0.1121762395346905	-0.0056885710377087	3.2359840451059347e-05	0.0125835087161442	0.103502638473742	-0.0404320018023725	0.0107127961710261	0.001634746769747	-0.2676143460253186	-0.026077747372021	0.0006800489079989	0.0716174381985589	0.0076643356854184	-0.0015487994066199	2.3987796019464634e-06	5.874204149877794e-05	-0.0017347809238787	-4.686636661400088e-06	3.009464853853436e-06	2.1964563195979368e-11	0.00202168243872	0.000297674103204	8.860987171836514e-08	4.087199883028846e-06	0.0	0.0	0.0	0.0	0.0	0.0	0.0	0.0	0.0	0.0	0.0	0.0	0.0	0.0
1138.2604749896764	1.100816706129308	1.211797420493379	1295636.9089237235	1539.6516157247252	3.0306651875123407	2370527.0978037566	9.18493147879921	1111.986915696707	0.4134548721158353	1236514.9006806754	0.1709449312763217	1203.124956574467	1042.9138807176996	0.729184	21.165375	0.0929276535236249	0.0455635581477035	-0.0818217256	-0.032000119	0.048338169	-0.1819934387	0.0148801595	0.0099986294	0.060713398	0.0715947008	0.0082170375	0.1275985737	0.0332535657	-0.0432194566	0.0915928013	0.0352656552	0.1116505126	-0.0643100031	0.0630558807	-0.0668343338	0.0335853322	-0.002498039	-0.0484414491	0.1066085852	0.0988399254	0.2424116561	8.96221e-05	0.036546885	-0.024637399	0.1032286028	-0.1189373007	-0.0808198014	-0.0144604626	0.0425173559	0.0208222809	-0.0918131836	0.0654512014	-0.1114165906	-0.0271130858	0.0456908378	-0.1187842234	-0.0376800411	-0.13384989	-0.0459573345	-0.0737738101	0.074447645	-0.0490776095	0.019720658	-0.0044827054	0.0442054388	-0.0526818452	0.0258096182	0.0635039999	0.1250998637	-0.0043445041	-0.0720417412	-0.0581466469	-0.0184189946	0.0767253261	-0.0926126713	0.1425532378	-0.0267738877	-0.0646308847	0.0897597976	-0.2211235708	0.0457079112	-0.0606420289	0.0462548969	-0.0343924443	0.0374444067	0.0056681013	-0.1529741081	0.105454491750379	-0.0067217477843114	4.518189327589644e-05	0.0111206498303307	0.0843657605654613	-0.0191368779082806	0.0071175815557887	0.0003662200960764	-0.2513418979893558	0.0162724480359627	0.0002647925650831	0.0631727496848917	0.007107886192395	-0.0005564494930234	3.0963603828599934e-07	5.052204612403949e-05	-0.0013581287075994	0.0003766522162793	1.8445135864056168e-06	1.418668920281087e-07	0.0019388525521213	-8.282988659869981e-05	6.860790113953471e-09	3.759149218867279e-06	0.0	0.0	0.0	0.0	0.0	0.0	0.0	0.0	0.0	0.0	0.0	0.0	0.0	0.0
1138.6303727829338	0.3698977932574507	0.1368243774567318	1296479.1258238028	1543.320703280174	3.669087555448869	2381838.793173211	13.462203489549752	1112.500356059045	0.5134403623380877	1237657.042231502	0.2636210056778667	1203.1049870164725	1052.4449361243255	0.709149	20.583818	0.148797838982078	0.1027497385419528	-0.0567887756	-0.0093186931	0.0496740564	-0.1339197407	-0.0186771667	-0.0098755703	0.0809501893	0.0286299065	0.0626587807	0.1476861933	0.0086554103	-0.0216454836	0.0311141757	0.0218965963	0.1345624758	-0.0761953999	-0.0420917419	-0.0742699199	-0.0025487468	0.0949992435	0.0204814673	0.2027898481	0.0878834114	-0.0415018337	-0.0613580737	0.0442102049	-0.2436933442	0.0344870807	-0.0808345574	-0.0408213856	0.0079661764	-0.0094964376	0.0020222976	-0.0979462014	0.0746286237	-0.0916648215	-0.0404543046	0.0541576458	-0.1448515317	-0.077756698	-0.0816388738	-0.0728129908	-0.0404431161	0.1040203795	-0.0327148492	0.0062875891	-0.0446242388	0.0197167303	-0.0640745831	0.0101474466	0.0512123424	0.0916288025	-0.0134627611	-0.0620158526	-0.0125856258	-0.0464031834	0.0303737986	-0.0870588201	0.0811000842	-0.0804244952	-0.1012989989	-0.0013928858	-0.2105283616	0.0171887875	-0.0808625542	0.0223559739	-0.0342777648	0.0317418629	0.0	-0.1533929978	0.0936215458205396	-0.0118329459298394	0.0001400186093785	0.0087649938418273	0.0685884356775545	-0.0157773248879068	0.004704373508694	0.0002489239806185	-0.152746099770809	0.0985957982185468	0.0097211314263523	0.0233313709951939	0.0069491192957821	-0.0001587668966128	2.5206927460091173e-08	4.829025898701111e-05	-0.0011239833349498	0.0002341453726496	1.2633385372448742e-06	5.4824055533220074e-08	0.0018799294224681	-5.892312965320007e-05	3.471935208127826e-09	3.534134633461244e-06	0.0	0.0	0.0	0.0	0.0	0.0	0.0	0.0	0.0	0.0	0.0	0.0	0.0	0.0
1140.8745314756086	2.244158692674773	5.036248237907747	1301594.696569689	1540.3308555473716	-2.989847732802445	2372619.1445512976	8.939189465343924	1111.3991414470556	-1.1012146119894624	1235208.0516092523	1.212673621659102	1201.8158297619882	1070.085754341955	0.75319	21.862179	0.0932419648511226	0.0428148689667901	-0.0356138568	0.0093182074	0.0195920197	-0.0243752847	-0.0931608921	-0.0024077138	0.0731100687	-0.0224600834	0.0325044634	0.0512043708	0.0043390922	-0.0153736343	0.0932445747	0.1068022369	0.0652464719	-0.0546034584	0.0442120977	0.0002252558	-0.0900525816	0.0937558651	-0.0318315672	0.0592543487	-0.0782170507	0.0406904762	0.0207610719	0.0427822863	-0.134828034	-0.1620694999	-0.0989229653	0.0008554237	0.0205578641	-0.0077295372	0.0526983385	-0.071831074	0.087334301	-0.0556787685	-0.0077262378	0.0400199156	-0.1127820269	-0.0508975032	-0.0040397372	-0.0837697894	0.0145074629	0.0504474062	-0.0190399505	-0.0010454744	-0.0528682067	0.0158330019	-0.0728706522	0.0159441903	0.0300421758	0.0371974044	-0.0109526486	-0.050100112	0.0271632721	-0.0121498601	-0.0158588284	-0.0135713688	0.0065876684	-0.0951491745	-0.0925779137	-0.0368291449	-0.1816233811	-0.0383856536	-0.1111468182	-0.0256872365	0.0414428578	0.000447756	-0.0056681013	-0.1529741081	0.0945669406515747	0.0009453948310351	8.937713865478929e-07	0.0089429062641984	0.0466918738234767	-0.0218965618540778	0.0021801310811474	0.0004794594210294	-0.1239107145028342	0.0288353852679748	0.0008314794435525	0.0153538651686028	0.0071680735117277	0.0002189542159455	4.79409486803522e-08	5.138127786953228e-05	-0.0008879264134018	0.0002360569215479	7.884133156165843e-07	5.572287021071858e-08	0.0022562107429352	0.0003762813204671	1.4158763213246454e-07	5.090486916536208e-06	0.0	0.0	0.0	0.0	0.0	0.0	0.0	0.0	0.0	0.0	0.0	0.0	0.0	0.0
1142.2329290266032	1.3583975509945958	1.8452439065481157	1304696.0641526931	1536.4122999805516	-3.918555566820032	2360562.7555315285	15.355077730256264	1112.5149312048366	1.1157897577809308	1237689.4721537023	1.2449867835688282	1202.3185729836246	1054.997749185489	0.73606	21.364952	0.1645752569428524	0.0845137098982166	-0.0271797003	-0.0041514963	0.0398728769	0.0673523108	-0.1200321533	-0.00175203	0.039686158	-0.0368793708	0.0245808611	-0.0019749299	-0.0014131963	0.0132708625	0.0473169442	0.0367075124	-0.029689923	-0.061275683	-0.0668963279	-0.1408547434	0.0210446458	0.0018385655	0.0335037535	0.0346523815	0.0516123749	0.0003759723	-0.0025968122	-0.2141009202	0.0372004506	0.0723371042	-0.1309077043	0.0550815297	0.014745656	-0.0216133401	0.0350893055	-0.0451651539	0.0461598057	0.030709149	-0.0018808812	-0.0153526988	-0.0649207674	-0.0945895339	0.0384881637	-0.0377108568	-0.0196687576	0.1065063458	-0.0167209646	-0.0105109651	-0.0501840848	0.0182689277	-0.0764574153	0.0144185336	0.0114803723	-0.0105035402	-0.00966341	-0.029208559	-0.0052710663	0.0109576201	-0.0635724574	0.0325078441	-0.0735604266	-0.1019732382	-0.1081850492	-0.0825539658	-0.1108152146	-0.0374550422	-0.1033410301	-0.0161085316	0.1469629055	-0.0105349781	-0.0113284606	-0.1517197269	0.1007559178907229	0.0061889772391481	3.830343926669447e-05	0.010151754990002	0.0045656471732087	-0.0421262266502679	2.0845134110228596e-05	0.0017746189717897	-0.0812955027600779	0.0426152117427563	0.0018160562718799	0.0066089587690138	0.0062621191120422	-0.0009059543996854	8.207533743095139e-07	3.921413577340419e-05	-0.0013029739543592	-0.0004150475409573	1.6977411257384506e-06	1.722644612547846e-07	0.0024081056285059	0.0001518948855706	2.307205626253597e-08	5.798972718041795e-06	0.0	0.0	0.0	0.0	0.0	0.0	0.0	0.0	0.0	0.0	0.0	0.0	0.0	0.0
1143.0937003418617	0.8607713152584893	0.7409272571718295	1306663.20776125	1539.6371148319568	3.224814851405199	2370482.445368072	10.399430825843536	1111.5219285821818	-0.9930026226547852	1235480.9977190527	0.9860542085992818	1203.0113294922337	1060.3155122847506	0.656219	19.047466	0.0723508957595298	0.0358841483239543	-0.0239333086	0.004369719	0.0224170333	0.0779911701	-0.0925912662	-0.0075075144	0.0312182196	-0.0328031322	0.034885319	-0.0261864448	0.0397683109	0.0231025552	0.0826862394	0.1237058619	0.0334630736	-0.0550701726	-0.1032088836	-0.086391795	-0.0104144967	0.0261292913	0.0903480878	-0.0906227105	0.104992302	-0.1628838513	0.0402734715	-0.0942852824	-0.0497152261	-0.1126578411	-0.1070533833	-0.0054006621	0.0025416982	-0.0120290622	0.0362039865	-0.0645835803	0.0821580415	0.0158532737	-0.005363558	-0.0655814245	-0.0703655515	-0.1265018247	0.132285712	-0.0096423375	0.0499604902	0.0511176365	-0.017363563	-0.0147338368	-0.0312822202	0.0186529019	-0.0564701816	0.009642465	-0.005433482	-0.0362283945	-0.0127478056	-0.0215669957	0.0052456436	0.0105875231	-0.071529034	0.0378847283	-0.1004501912	-0.0955565865	-0.0914259914	-0.0895675281	-0.1292996984	-0.0174515976	-0.0959588632	-0.0376652583	0.1776048495	-0.0386480008	-0.0169733466	-0.1496367051	0.1059587665084507	0.0052028486177277	2.706963373899203e-05	0.0112272601999923	-0.0012063348452642	-0.0057719820184729	1.4552437588986016e-06	3.3315776421574496e-05	-0.092474336767637	-0.0111788340075591	0.0001249663297685	0.0085515029606143	0.0056919861723156	-0.0005701329397266	3.2505156896129545e-07	3.239870658583199e-05	-0.0014307920849399	-0.0001278181305806	2.0471659903266656e-06	1.6337474505144858e-08	0.002714099180514	0.0003059935520081	9.3632053870534e-08	7.366334361666768e-06	0.0	0.0	0.0	0.0	0.0	0.0	0.0	0.0	0.0	0.0	0.0	0.0	0.0	0.0
1146.2078848955707	3.1141845537090376	9.698145434559958	1313792.5153967778	1544.1410364054018	4.503921573445041	2384371.5403111484	20.28530953974365	1112.7675139947546	1.2455854125728365	1238251.5402020663	1.551483020014243	1205.6802484263544	1059.9269093021317	0.753877	21.882101	0.1920313206632686	0.0962248300343986	-0.0176476043	-0.0032994616	0.0126405021	0.1167337435	-0.0638798795	-0.0127062822	0.0103403371	-0.0632883822	-0.0439010608	-0.0640056098	0.0388875031	-0.0135717544	0.0701328147	0.028373697	-0.0415176274	-0.0482040401	0.080920413	-0.0197789132	0.0314029141	0.1010755474	0.0177821691	-0.1052175426	-0.1273673337	0.0148157879	-0.1255843288	-0.0279974955	-0.1359661471	-0.1726627792	-0.022940339	0.0870259911	-0.0148649333	-0.0097752979	0.0521045466	-0.0066734491	0.0179347472	0.0368366549	0.0488068069	-0.073637441	-0.0224392479	-0.076304893	0.0979666617	0.0684226589	0.0646133861	0.0587257553	-0.0289183664	-0.0106599811	-0.0134771409	0.035061026	-0.03928698	0.0145562729	-0.041469453	-0.0524995251	0.0022822368	-0.0080724132	0.0538342314	-0.0075558978	0.0298104021	0.0142689716	-0.1049818845	-0.0515009741	-0.0118160793	-0.0953472998	-0.085503024	0.0875642613	-0.1042731387	0.0090273731	0.0853318581	0.0318065705	-0.022595049	-0.1467364196	0.0912901256261875	-0.0146686408822631	0.0002151690253328	0.008333887036845	0.0470397048403299	0.0482460396855941	0.0022127338314653	0.0023276803453439	-0.1616480606874333	-0.0691737239197962	0.0047850040809321	0.0261300955240081	0.0061840630916449	0.0004920769193293	2.421396945366148e-07	3.824263632144468e-05	-0.0017363681683799	-0.00030557608344	3.0149744161629686e-06	9.337674277052986e-08	0.002312893859771	-0.000401205320743	1.6096570939249372e-07	5.349478006566394e-06	0.0	0.0	0.0	0.0	0.0	0.0	0.0	0.0	0.0	0.0	0.0	0.0	0.0	0.0
1146.607614582086	0.3997296865152293	0.1597838222815635	1314709.0218176213	1544.957733671544	0.8166972661422278	2386894.3988315137	0.6669944245241889	1113.66402288286	0.8965088881054726	1240247.5558636356	0.8037281864521107	1207.6614101099833	1057.7859199382992	0.7276939999999998	21.122114	0.0987022508671332	0.0440116757490139	-0.0092911783	-0.0103900649	-0.0261885561	0.1816526404	-0.0844041668	-0.0249472313	0.0099719933	-0.0297857498	-0.0788316317	-0.1424733667	-0.0148677144	0.0091652206	0.0519482283	-0.0352075119	-0.0909760831	-0.1035288954	0.0817289994	-0.0668584591	0.0392178728	-0.0530235305	-0.0105352914	-0.1804750885	0.0082660337	0.1902147472	-0.0820086568	0.1180567453	-0.0283755248	-0.1390298947	0.1465138034	-0.1854495539	-0.0284867926	-0.0100332733	0.0381891986	0.0469506431	-0.0129405102	0.0590616541	0.0787438014	-0.0301906589	0.0487092083	-0.1424973669	0.109144223	0.0383469388	0.0655485984	-0.0416833445	-0.0267619644	-0.0138434104	-0.0014995307	0.0384072252	-0.0279467241	0.0462837902	-0.0499998615	-0.0662130466	0.0040631724	0.0122324753	0.0528491928	-0.0133668801	0.0086954119	0.0650000341	-0.1153022312	-0.0155065824	0.0335068213	-0.118473611	-0.0214880933	0.1206741918	-0.0708909649	-0.0346507739	0.0367265605	0.0168106523	-0.0281858894	-0.1430347106	0.082026518803417	-0.0092636068227704	8.581441136688012e-05	0.0067283497870073	0.0668959099673003	0.0198562051269704	0.0044750627703531	0.0003942688820443	-0.159210228355306	0.0024378323321272	5.943026479565224e-06	0.0253478968129486	0.005763114905368	-0.0004209481862769	1.771973755298118e-07	3.3213493412474814e-05	-0.0022521887720599	-0.00051582060368	5.07235426499268e-06	2.660708951807997e-07	0.0027190172015194	0.0004061233417483	1.649361687128877e-07	7.393054542158389e-06	0.0	0.0	0.0	0.0	0.0	0.0	0.0	0.0	0.0	0.0	0.0	0.0	0.0	0.0
1146.17430561004	-0.4333089720460066	0.1877566652555669	1313715.538840657	1558.8628210294044	13.90508735786034	2430053.294787753	193.35145442972745	1113.9964543897772	0.3324315069171462	1240988.100392995	0.1105107067912046	1209.848875063804	1091.1220270787776	0.844886	24.523745	0.1160698026142662	0.0507655109875527	-0.0289045285	0.0215250078	-0.0224946753	0.1195103609	-0.0213253074	-0.0380277612	0.0045903864	-0.0111605292	-0.0448866041	-0.0661523366	0.0078883923	-0.0424635204	0.0649818693	0.0099972095	-0.0119701372	-0.0428693622	0.0726594402	-0.0240862954	0.0494554754	-0.0558827024	0.0385658579	-0.065194921	-0.0984881963	-0.000553493	-0.2493399264	0.0459402978	0.0691361158	0.0360531742	0.0087979004	-0.1707086987	-0.0487923059	0.0061935125	0.0446567132	0.0065106351	0.0124942317	0.0321681781	0.0363637986	-0.0614564488	0.0459539729	-0.0845039179	0.0702116335	0.0500773796	-0.0347739171	-0.1217967387	-0.0289742463	-0.0188330424	-0.0056203757	0.026620362	-0.0358093827	0.0724213598	-0.0691716697	-0.0673712393	0.0101984005	0.0195553038	0.0308268835	-0.0222704732	-0.0560793357	0.0159706061	-0.01710621	-0.0623379275	-0.0542330717	-0.1165892006	0.0186742518	0.0370907852	-0.0615785577	0.0057272358	-0.0325293347	0.0269683741	-0.0337382312	-0.1385517956	0.1015616612833554	0.0195351424799384	0.0003816217917114	0.010314771042635	0.0432660952241121	-0.0236298147431881	0.0018719549959419	0.0005583681447973	-0.1223678898128213	0.0368423385424846	0.001357357909279	0.0149739004572427	0.006185965378399	0.000422850473031	1.7880252254254086e-07	3.826616766275109e-05	-0.0023293083073809	-7.711953532099983e-05	5.425677190833673e-06	5.94742272812694e-09	0.0024977370728983	-0.000221280128621	4.8964895322570473e-08	6.238690485330568e-06	0.0	0.0	0.0	0.0	0.0	0.0	0.0	0.0	0.0	0.0	0.0	0.0	0.0	0.0
1145.3452357920487	-0.8290698179912397	0.6873567631040273	1311815.7091515437	1548.5755847995565	-10.28723622984785	2398086.3418372883	105.8272292486942	1111.2476561509573	-2.7487982388199725	1234871.353300996	7.555891757739783	1204.124450842239	1082.4392639148473	0.7724569999999998	22.421404	0.1230601359803145	0.0713888088448651	-0.0400378404	0.024327442	-0.0217055496	0.0072308823	0.0805075516	-0.051807978	0.0489153389	0.011051768	0.0211216864	-0.004998875	0.061380275	-0.0336465597	0.1067416195	0.1170366824	0.0395135042	-0.0170826747	0.0389634214	-0.0299051182	0.1855342383	-0.0427098837	0.0598697991	-0.0714564617	-0.0387458581	-0.1547296531	-0.0302471156	-0.0047777424	0.0820259098	-0.0068230641	-0.1131719289	-0.0649618682	-0.0443711627	0.0011905126	0.0096505507	-0.0906351603	0.0636009936	0.0286523702	-0.0447459479	-0.1802752961	-0.0957859639	-0.0314189311	0.0358899867	0.0100174657	-0.0702973365	-0.1204309449	-0.0335399344	-0.0146133948	0.0249156455	0.0426555435	-0.0164365117	0.068749877	-0.0997213597	-0.058884992	-0.0127412177	0.0300635157	0.04944697	-0.0588540126	-0.0608277732	-0.0639384752	0.0777979182	-0.0384746253	-0.0819936138	-0.0519067021	-0.0068231	0.0237731367	0.0124040737	0.0764997791	-0.1521660303	0.027585508	-0.0392444906	-0.1333121588	0.0902006934955892	-0.0113609677877662	0.0001290715890746	0.0081361651070852	0.0580879446218887	0.0148218493977766	0.0033742093103956	0.0002196872195703	-0.177463406947318	-0.0550955171344966	0.0030355160083176	0.0314932608053493	0.0061880136951006	2.048316701599995e-06	4.195601310053482e-12	3.829151349075259e-05	-0.0031623137672274	-0.0008330054598465	1.0000228362395951e-05	6.938980961340793e-07	0.0024983193295557	5.822566574000335e-07	3.390228150866599e-13	6.241599472431643e-06	0.0	0.0	0.0	0.0	0.0	0.0	0.0	0.0	0.0	0.0	0.0	0.0	0.0	0.0
1150.2471691986182	4.901933406569469	24.02895112244176	1323068.5502494343	1538.9475559299276	-9.628028869628906	2368359.579902698	92.69893991440767	1115.240770196818	3.993114045860693	1243761.9755091916	15.944959783249956	1207.2026142199684	1076.4262192975873	0.958664	27.826288	0.1207670521635427	0.0582672442666145	-0.0282023775	0.0183619667	-0.0244994955	0.1543665186	0.0272299088	-0.0410929429	0.0709507785	-0.0146519442	0.0335046548	-0.1587521515	0.0061739138	-0.0600177608	-0.0029892823	-1.83829e-05	-0.1375790981	-0.0740210153	0.0109566463	-0.0087514368	0.1048465479	-0.0581371213	0.1420952222	-0.0707213829	0.1364579672	-0.1282731659	-0.1490712847	-0.1974483857	0.0083827862	-0.08234121	0.1182226214	0.0401413399	-0.0479351299	0.0043151542	0.0483531367	0.0272005293	-0.0316677988	0.1271929219	-0.035426763	-0.1376408616	-0.1217915567	-0.0017246541	0.1273072095	-0.0464767218	-0.0003266666	0.0584613873	-0.0468866741	-0.0116666628	0.0371133555	0.0521234056	-0.0167628248	0.0662598248	-0.1024926517	-0.1199779042	0.0236440337	0.0669810815	0.0433992934	0.0312853106	-0.0628575205	0.0371747212	-0.0572449712	-0.0331278195	-0.0247624938	-0.0474323765	-0.0397573785	0.0059269848	-0.0528605571	-0.0376991197	0.0733465348	-0.05193055	-0.0446971468	-0.1273444172	0.1064726236200783	0.0162719301244891	0.0002647757099762	0.0113364195805428	0.0224249573368808	-0.0356629872850079	0.0005028787115609	0.0012718486620906	-0.1909343599111537	-0.0134709529638357	0.0001814665737538	0.0364559297946819	0.0062762779927656	8.826429766499964e-05	7.790586242295661e-09	3.939166544247379e-05	-0.0023659908751794	0.000796322892048	5.597912821432183e-06	6.341301483996908e-07	0.0027209557756469	0.0002226364460912	4.956698712811982e-08	7.403600333026224e-06	0.0	0.0	0.0	0.0	0.0	0.0	0.0	0.0	0.0	0.0	0.0	0.0	0.0	0.0
1150.2716390392725	0.0244698406543193	0.0005987731016477	1323124.8435780944	1550.5480335041627	11.600477574235128	2404199.204203626	134.57107995033212	1116.5856177153985	1.3448475185805364	1246763.441688878	1.8086148482322264	1210.7897481936363	1072.3780096150467	0.7952709999999998	23.08363	0.0980237506317876	0.045435095606937	-0.014965705	-0.0015386132	-0.040420527	0.2094604431	0.0325091517	-0.046717314	0.0213732006	-0.010724194	-0.0586760765	-0.2315048465	-0.0096278593	-0.0736180173	-0.0135918349	0.0161784503	-0.141382818	-0.0936675881	-0.0737860671	0.0416798331	-0.0389917591	-0.0212486207	0.1150433888	-0.0513395812	0.1106103424	0.0508847876	0.104917308	-0.0557898222	0.0860536058	0.0364333753	0.0619248413	-0.0640614981	-0.0675039393	0.0229012731	0.0254388558	0.0601354719	-0.0628037608	0.1219919944	0.0463474447	-0.1001270542	0.0790466655	-0.0565020047	0.1598105231	-0.0054399435	-0.0116162515	0.0315765669	-0.0513495838	-0.0127986986	0.0451771738	0.0571021378	-0.0264265422	0.0680548392	-0.0936492824	-0.1257639623	0.0121673503	0.0678734236	0.0395674015	0.0174085451	-0.0497317139	0.0671636867	-0.028388816	-0.0173261667	0.0227630988	-0.0662142048	0.0588910935	0.0481734359	-0.0200453319	-0.0050768718	0.0110757397	-0.0444623992	-0.0500887521	-0.1206811645	0.0913810832459489	-0.0150915403741293	0.0002277545908639	0.008350502375203	0.0444594866518173	0.0220345293149365	0.0019766459533431	0.0004855204821307	-0.1971813024774604	-0.0062469425663067	3.902429142673456e-05	0.0388804660467077	0.0061863200947434	-8.995789802219989e-05	8.092423416572516e-09	3.827055631462599e-05	-0.0028970800034193	-0.0005310891282398	8.39307254621197e-06	2.820556621346168e-07	0.0022489880343807	-0.0004719677412662	2.227535487959188e-07	5.057947178787565e-06	0.0	0.0	0.0	0.0	0.0	0.0	0.0	0.0	0.0	0.0	0.0	0.0	0.0	0.0
1148.0513481290568	-2.220290910215681	4.929691725986377	1318021.8979409449	1556.7109912936971	6.162957789534403	2423349.110414605	37.98204871558277	1114.6182694193317	-1.9673482960668025	1242373.886523346	3.8704593180369513	1209.06151194293	1099.1125506409094	0.8184	23.754963	0.0976703841587842	0.0573545997628052	-0.0345040551	0.0240377419	-0.0544547712	0.1523282176	0.0377883642	-0.0435061891	0.0127961846	0.0109702166	-0.0123819335	-0.1764079737	-0.0143306948	-0.0731225284	0.0611947331	-0.0330153432	-0.044848667	-0.0715666693	0.0878984923	0.1465133772	-0.0053920592	-0.0138812079	0.1708749693	-0.1219095369	-0.075938351	0.0727429074	0.1753808757	0.0656420584	-0.0416688571	0.1287596535	-0.1396860177	-0.0723284519	-0.0732535327	0.0296256964	0.0515257099	0.0218659701	-0.0208676237	0.035942575	0.0486283481	-0.199538645	0.1245999938	-0.0558885934	0.133558381	-0.0397444295	0.0015354647	-0.1133905431	-0.0515900861	-0.0194801841	0.035602429	0.0409795435	-0.033950968	0.0626331607	-0.1032065604	-0.1154609227	0.0022611285	0.0617561802	0.016508775	-0.0253952777	-0.1043663829	0.0238140128	0.0216414397	-0.0128761292	-0.0324945697	-0.0700863229	0.0731248223	-0.0052211519	-0.0279288238	0.0173740713	-0.0760755844	-0.0611634915	-0.0554119421	-0.1133587932	0.1071326648048653	0.0157515815589164	0.0002481123216071	0.0114774078681916	0.063428214995028	0.0189687283432107	0.0040231384574554	0.0003598126549585	-0.1467255877531883	0.0504557147242721	0.0025457791483371	0.0215283981015185	0.0061871135500776	7.934553341998329e-07	6.295713673701686e-13	3.828037408155384e-05	-0.0031169890815907	-0.0002199090781714	9.715620934755635e-06	4.8360002662195024e-08	0.0022781726915228	2.918465714210009e-05	8.517442125019337e-10	5.190070812400239e-06	0.0	0.0	0.0	0.0	0.0	0.0	0.0	0.0	0.0	0.0	0.0	0.0	0.0	0.0
1146.9547602860373	-1.0965878430195062	1.2025048974581731	1315505.2221428014	1551.909587536828	-4.801403756869149	2408423.367888728	23.05347803647718	1113.351110988408	-1.2671584309237005	1239550.6963391225	1.6056904890610146	1206.9253518261396	1093.628703267797	0.676677	19.641296	0.0706608332223473	0.0372670286273884	-0.0353358005	0.0401947992	-0.0550089107	0.0767029289	0.0720850962	-0.0495954768	0.0267594166	0.0340478988	0.039782517	-0.1034926911	0.0204779657	-0.0975595608	0.0752691771	-0.0318333334	0.0120311076	-0.0817983895	0.0961051277	0.1125437554	0.0915016623	-0.1002915152	0.0890757399	0.082213828	-0.0886544133	-0.0122118756	0.1633285477	0.0142455644	0.0473186722	-0.0073025196	-0.1273822292	-0.0399443134	-0.0770270796	0.0306849917	0.0312869911	-0.018939536	0.0225101728	0.0113064109	0.0233459337	-0.1849122865	0.0018714655	-0.0268718794	0.0712736209	0.0045750736	-0.1291363323	-0.1578980384	-0.0554786127	-0.0212645946	0.0525992743	0.0299529744	-0.0184639798	0.0501519764	-0.1242424407	-0.1108192454	0.0171765894	0.0607733256	0.0037806307	-0.0583965844	-0.1044231136	-0.0327953797	0.0590949935	-0.0269696999	-0.0690061087	-0.0578958019	0.0305393478	-0.0119845827	0.0202289578	0.0527107048	-0.1206547736	-0.0139657522	-0.0606594461	-0.1054172954	0.1035820395161977	-0.0035506252886676	1.2606939940525916e-05	0.0107292389103351	0.0499670779326066	-0.0134611370624214	0.0024967088771231	0.0001812022110132	-0.1637653046648566	-0.0170397169116682	0.0002903519524297	0.0268190750119733	0.0055809482918831	-0.0006061652581945	3.6743632024200505e-07	3.1146983836672886e-05	-0.0030082225947931	0.0001087664867976	9.049403179823733e-06	1.1830148650292542e-08	0.0022609173573231	-1.725533419970034e-05	2.9774655834334817e-10	5.111747296644869e-06	0.0	0.0	0.0	0.0	0.0	0.0	0.0	0.0	0.0	0.0	0.0	0.0	0.0	0.0
1146.9355362962262	-0.0192239898110528	0.0003695617842554	1315461.1244191122	1550.8843514393952	-1.025236097432753	2405242.2715395936	1.0511090554791414	1113.499771706231	0.148660717823077	1239881.7415898286	0.0221000090236725	1206.7824257344064	1090.2593354988974	0.664298	19.281988	0.0669918937092	0.0332450231647837	-0.0413754459	0.0485108087	-0.0175112662	0.0368713808	0.1311051178	-0.0485471309	0.0651755165	0.0745306479	0.0602574322	-0.0626789548	-0.0216332041	-0.078481174	0.1004406821	0.0483027667	-0.0816569383	-0.0288669291	0.1332590094	0.2029669108	0.0846908868	-0.1067059258	0.0943928473	0.1052440228	-0.1599915944	-0.0202892009	-0.0370568462	0.1106922854	-0.0512398196	-0.0157127653	-0.0148234548	0.2565273404	-0.0818717004	0.0140560072	0.0361183525	-0.0433048006	0.0459880223	0.0216680043	-0.034016633	-0.1512696147	-0.0011749637	0.085235358	0.017344275	-0.0419866828	-0.1784402685	-0.1958340978	-0.0610303761	-0.0297707071	0.0569541102	0.0276108103	0.0008659879	0.0425141333	-0.1268732917	-0.1067454023	0.0119759134	0.0775232168	0.001879332	-0.087478242	-0.0612595415	-0.0504105494	0.1091951422	-0.0280058106	-0.0732963085	-0.0354522414	0.0645651903	0.0018518486	0.0576407253	0.0887765921	-0.138009544	-0.001576151	-0.0658240966	-0.096900045	0.0894600085680394	-0.0141220309481582	0.0001994317581007	0.0080030931329936	0.04813625043829	-0.0018308274943166	0.0023170986062577	3.3519293139456064e-06	-0.1829276679704818	-0.0191623633056252	0.0003671961674567	0.0334625317091188	0.0050900126485102	-0.0004909356433728	2.41017805933963e-07	2.590822876199382e-05	-0.0031198616702183	-0.0001116390754252	9.73353684129732e-06	1.2463283161793522e-08	0.0022259586368992	-3.4958720423899654e-05	1.2221121336763786e-09	4.954891853186145e-06	0.0	0.0	0.0	0.0	0.0	0.0	0.0	0.0	0.0	0.0	0.0	0.0	0.0	0.0
1146.3982865345856	-0.5372497616406235	0.2886373063829068	1314229.031369434	1541.8468628576247	-9.037488581770504	2377291.748503899	81.67619986563223	1113.1167691677626	-0.3830025384684177	1239028.9418024782	0.1466909444732518	1205.375322958472	1075.7987956328925	0.690647	20.046804	0.0663241767305335	0.0297711410640105	-0.0557062836	0.0317123178	0.0048148334	-0.0058602748	0.1388242928	-0.0415486938	0.0643260322	0.0617625091	0.042984145	-0.0181219379	-0.0033292565	-0.0620133488	0.0789690821	0.0665554041	0.00642824	-0.0253524546	-0.0018106564	-0.0146700774	0.1368911456	-0.1632881708	0.1158922526	0.1381443783	-0.1276027489	0.0912743516	0.1227925445	0.173042412	0.0390989755	-0.0281480255	0.2102164937	-0.0032675546	-0.068107708	0.018539442	0.0227231067	-0.0729191238	0.0326118881	0.0369902094	-0.0597388438	-0.0568717033	-0.0937868815	0.025646268	-0.0045068872	-0.0025896775	-0.2122418054	-0.1250330152	-0.0702246366	-0.0290805705	0.0612439885	0.0375173229	0.0072092237	0.0424825392	-0.1108951715	-0.1215522904	0.0231251927	0.0637393036	-0.0103131642	-0.070476814	-0.0216689952	-0.0593002152	0.1196848764	-0.0221363251	-0.0582119758	0.024867492	0.085348099	0.0299265323	0.076576534	0.0779309269	-0.1059261472	0.0061865895	-0.0708988393	-0.0878535601	0.095371578192001	0.0059115696239615	3.494665541894545e-05	0.0090957379268329	0.0317402763749896	-0.0163959740633004	0.0010074451443607	0.0002688279654844	-0.1994189806411483	-0.0164913126706665	0.0002719633936016	0.0397679298399546	0.0051548629469437	6.485029843350011e-05	4.205561206914027e-09	2.657261200177309e-05	-0.0029390743593169	0.0001807873109014	8.638158089594046e-06	3.2684051782959494e-08	0.001921089838782	-0.0003048687981172	9.294498406542617e-08	3.6905861686714503e-06	0.0	0.0	0.0	0.0	0.0	0.0	0.0	0.0	0.0	0.0	0.0	0.0	0.0	0.0
1150.8543772137268	4.456090679141198	19.856744140729063	1324465.797551995	1536.3242404743776	-5.522622383247153	2360292.171869173	30.499357987942467	1115.745347709733	2.6285785419704557	1244887.6809359132	6.909425151307524	1205.1591182052523	1091.902972520767	0.941763	27.335718	0.0735874554091753	0.0369378169573033	-0.0435595953	0.0567203226	-0.0570704044	0.1402731257	0.073616245	-0.0419434457	0.1209781604	0.0362425633	0.1044415861	-0.0880429658	0.004587655	-0.0471103513	0.0166101669	0.0267195075	-0.1051298168	-0.0069299294	0.0195314875	-0.0439854782	0.0620835291	-0.0428854188	0.1276826324	-0.0144554846	-0.1466562784	-0.0176402361	-0.1431516478	-0.1286177597	0.0055317213	-0.0620758677	0.1078475351	0.0892419647	-0.0514270777	-0.0146246385	0.028096123	-0.0428254141	-0.0225345344	0.1262299577	-0.0859856274	-0.0877451583	-0.2068006328	0.0170470965	0.0693869311	-0.0532696854	-0.0261715363	0.0818208998	-0.0775814315	-0.0208798645	0.0828993215	0.0439713252	0.0129819693	0.0287704163	-0.1365993055	-0.1419905303	0.0158397432	0.0958666328	0.0643967127	-0.0215339183	-0.0078667876	-0.0239621591	-0.0055689602	0.0251823134	-0.0059208472	0.0800054556	-0.0386685501	-0.0164867341	-0.0055350093	0.0138354283	0.0183796763	-0.0443971195	-0.0758767427	-0.0783272495	0.1070011738046048	0.0116295956126038	0.0001352474941126	0.0114492511955632	0.029934233322308	-0.0018060430526815	0.0008960583245943	3.261791508139469e-06	-0.2192975441470182	-0.0198785635058698	0.0003951572870569	0.0480914128689133	0.0056110037004434	0.0004561407534997	2.0806438700327405e-07	3.1483362526389527e-05	-0.0026648462132607	0.0002742281460561	7.101405340329893e-06	7.520107608942043e-08	0.0018459936735775	-7.509616520450001e-05	5.639434028421558e-09	3.4076926428881536e-06	0.0	0.0	0.0	0.0	0.0	0.0	0.0	0.0	0.0	0.0	0.0	0.0	0.0	0.0
1153.0290512850795	2.1746740713526838	4.729207316613656	1329475.9931073706	1542.724904593775	6.400664119397334	2380000.131253872	40.96850116934044	1115.8323049796763	0.086957269943241	1245081.7328362574	0.0075615667959816	1207.5447790942706	1080.6053859073936	0.978276	28.395536	0.1372114545715747	0.0683712152352629	-0.0157514909	0.0364227056	-0.0758052012	0.1843649238	0.1248931079	-0.0345597642	0.029059694	0.0132924601	0.014799937	-0.1731476945	-0.0044251918	-0.0739718695	0.03377165	-0.0558844533	-0.1643191619	-0.0092760163	-0.0021039853	0.0847591187	-0.0195497598	-0.119809911	-0.0516806458	-0.1141913251	-0.14445236	-0.0122551637	0.1316833606	-0.0932831198	0.0493440287	0.0428520755	0.0505883949	-0.0494783487	-0.0659601782	0.0257663579	0.0557274621	0.0300777033	-0.1207381384	0.1447689318	-0.0151368815	-0.0885826938	0.0640178979	0.0930338098	0.0370750261	0.0003114938	-0.0600970165	-0.0477000338	-0.0730019474	-0.0221194277	0.0995647093	0.0460954623	0.0272460614	0.0622321437	-0.1109047663	-0.1925817164	0.0220667117	0.0959413339	0.0058921402	0.0849279704	0.034782941	0.051643125	0.0330994863	0.0170842945	0.0503155449	0.1517456968	0.1648304742	0.0187053964	0.0343705926	0.05111804	0.1159280763	0.0630467783	-0.0807510076	-0.0683731426	0.0942141326976866	-0.0127870411069182	0.00016350842027	0.0088763027999772	-0.0232458339591659	-0.0531800672814739	0.0005403687964571	0.002828119556062	-0.2373781826658358	-0.0180806385188176	0.0003269094892481	0.0563484016057349	0.0049969814171014	-0.000614022283342	3.770233644405241e-07	2.496982328285671e-05	-0.0029891043040033	-0.0003242580907426	8.934744540211054e-06	1.0514330941203629e-07	0.0019709874527802	0.0001249937792027	1.562344483937334e-08	3.884791539016982e-06	0.0	0.0	0.0	0.0	0.0	0.0	0.0	0.0	0.0	0.0	0.0	0.0	0.0	0.0
1151.9073717312294	-1.121679553850072	1.2581650215252964	1326890.5930487488	1538.2969461214743	-4.427958472300588	2366357.494446654	19.60681623241856	1118.011701788912	2.179396809235641	1249950.165336939	4.7497704521064925	1210.5675340591172	1097.3750147505525	0.951037	27.604904	0.0895172771505854	0.0502388861089596	-0.0458236227	0.0510241946	-0.0833069558	0.1351219295	0.2089951214	-0.028300998	0.0177278467	-0.0056000244	-0.0030576572	-0.1435509431	-0.0495829108	-0.1389778316	-0.0303408683	-0.0361260231	-0.2003408674	0.0055634298	-0.1661368493	0.0296127505	0.0498927424	-0.1669792939	0.0776372927	-0.1185421814	-0.0622256083	-0.1004068197	0.2846191218	0.1729915537	0.035862718	0.0678285217	-0.0175481614	-0.000955118	-0.1036352314	0.0416223701	0.036147343	0.0799537606	-0.0993209908	0.1289515723	0.0367901303	-0.1330203915	0.0689434715	0.0720144764	0.0348708399	-0.0062161934	-0.0610952024	-0.008890805	-0.0896891061	-0.016710614	0.1123962548	0.0481262562	0.0369998423	0.0390914948	-0.1551273367	-0.1902641776	0.0469964973	0.1105868927	-0.027151212	0.0728509539	-0.0203655219	0.0120630392	0.1404215874	0.0738416322	0.0528357952	0.1024540904	-0.0338614837	-0.0424170609	0.1406486663	0.0307956024	0.1321604978	-0.0314295667	-0.0855149763	-0.0580456054	0.0960740559287813	0.0018599232310946	3.459314425565743e-06	0.0092302242226065	0.0003894503820731	0.023635284341239	1.5167160009688356e-07	0.0005586266658912	-0.2752644540804425	-0.0378862714146066	0.0014353695617012	0.075770519680204	0.0052628679306844	0.000265886513583	7.069563810532321e-08	2.7697778855826305e-05	-0.0029871725488179	1.9317551854000463e-06	8.92319983641123e-06	3.731678096319967e-12	0.0022258851472847	0.0002548976945044	6.497283466370938e-08	4.95456468890263e-06	0.0	0.0	0.0	0.0	0.0	0.0	0.0	0.0	0.0	0.0	0.0	0.0	0.0	0.0
1151.786706893315	-0.1206648379143189	0.0145600031088888	1326612.618176147	1550.1838912963867	11.886945174912398	2403070.096834808	141.29946559137315	1118.1929270529602	0.1812252640481801	1250355.4221112668	0.0328425963293326	1211.7062216976865	1100.801716867304	0.980138	28.449585	0.379456488848449	0.2390397751368516	-0.0345096572	0.0247257394	-0.0376795668	0.0976794226	0.1930248346	-0.0473311539	0.0443353988	0.0695535065	0.0644371716	-0.0902513937	-0.0280701638	-0.1305535673	-0.0837097245	-0.0188265357	-0.0810151002	-0.0262737649	-0.1655916044	0.1599838286	-0.0395031027	-0.1205343019	-0.0138616782	-0.0618695681	0.0894676701	-0.1010632101	-0.190869958	0.2500227714	0.0864488919	-0.1183075762	0.1020403698	0.2960860793	-0.1170649713	0.0510674923	-0.01745199	0.0578177528	-0.0849443335	0.1085720587	0.0011029218	-0.0925891859	0.1584505155	0.0922333509	-0.0536091417	-0.0665086219	-0.1205924378	-0.0380245236	-0.1015446867	0.0191842541	0.0953188963	0.1008789479	0.0587046042	-0.0186644638	-0.0521234522	-0.1548105804	0.0376126791	0.1024354791	0.095897932	0.0820210096	0.1187057411	-0.1089317953	0.1545741359	0.1554321443	0.2850682765	0.3574824428	0.0228112565	0.0004157519	0.0336987836	-0.2488260032	0.0564739436	0.117997227	-0.0901621419	-0.0474010431	0.0956179104665864	-0.0004561454621948	2.0806868268099762e-07	0.0091427848019961	0.0942263008711421	0.093836850489069	0.0088785957758589	0.0088053545097078	-0.3549774074690077	-0.0797129533885652	0.0063541549379275	0.1260089598134179	0.0089212969152265	0.003658428984542	1.3384102634937734e-05	7.958953864962985e-05	-0.0029831286519861	4.043896831800245e-06	8.899056554300406e-06	1.6353101586244058e-11	0.0017793472384862	-0.0004465379087984	1.993961039941374e-07	3.1660765951084663e-06	0.0	0.0	0.0	0.0	0.0	0.0	0.0	0.0	0.0	0.0	0.0	0.0	0.0	0.0
1089.9627234330414	-61.82398346027367	3822.204930896192	1188018.7384735728	1410.4627799987793	-139.72111129760742	1989405.253761885	19521.9889422384	1102.8179733554923	-15.374953697467843	1216207.4823559152	236.38920119928017	1181.0078699007377	974.8786038344706	4.234359	122.906952	3.816382010780871	2.4292941343780674	0.2941592362	-0.7916727496	-0.3541148717	-0.1769705302	0.0479499041	0.8476403772	-0.1840811211	0.1128762677	0.0296815656	-0.1567349058	0.7595132248	0.3101514812	-0.0287468215	-0.3187430654	-0.0852249594	0.1650573157	0.1144864425	-0.0390185526	-0.1796794983	-0.133452909	0.1054342949	-0.0511551633	0.021630747	-0.0757735782	0.0001050262	0.0417782949	0.0151832884	0.0681436083	-0.0558501113	0.0818691849	0.6789881201	0.5245752883	0.0655605478	0.0099085074	-0.1960662602	-0.0386554492	-0.3299583069	-0.1571177786	0.1353046742	-0.0269234553	-0.0325582841	0.1130043472	0.0505468422	0.0447895408	0.3513680956	0.7991543593	0.2884577469	-0.2818252423	-0.1370525451	0.0531417227	-0.0634332629	-0.0183330803	-0.1308342751	0.0361828774	-0.0114049715	-0.0631286378	0.0209788814	0.0001778924	0.0015084238	-0.0245941302	0.0250110327	-0.0123712267	0.0011788592	-0.0189024484	0.0054117118	-0.0325375269	0.0021945283	0.007238091	-0.0946861568	-0.0364975928	-0.0270309523065748	-0.1226488627731612	0.0150427435395497	0.0007306723826003	-0.1463977949203041	-0.2406240957914462	0.0214323143575274	0.057899955475451	1.4039577284369855	1.7589351359059933	3.093852812324635	1.9710973032379404	-0.0188421696477873	-0.0277634665630137	0.0007708100755955	0.0003550273570359	-0.0049147658480042	-0.001931637196018	2.415492334070844e-05	3.7312222570406666e-06	-0.0024090273286873	-0.0041883745671735	1.7542481514945804e-05	5.803412670362267e-06	0.0	0.0	0.0	1.0	0.0	0.0	0.0	0.0	0.0	0.0	0.0	0.0	0.0	0.0
1140.61737307022	50.65464963717864	2565.893529865322	1301007.9917496096	1552.5895921739482	142.12681217516888	2410534.441726866	20200.030739075733	1117.0669066639991	14.24893330850682	1247838.4739638758	203.03210043027516	1203.522013255013	1064.8063529804692	4.815637	139.779175	3.864298338233884	2.331451095943983	-0.0734261918	0.0435459936	0.373366803	-0.1466581516	0.1296167828	-0.2653381327	-0.7191192747	0.3055931368	0.3022078387	0.023953998	0.0083656393	-0.1729128759	-0.2134530957	-0.0606199003	0.4428509434	0.2797709167	-0.3322287918	0.0115131944	-0.0497736623	-0.2190755702	0.2555370653	0.0848922338	-0.0756475888	0.1105067048	-0.0270203892	-0.0807119225	0.1222202068	0.2543822443	-0.0562532413	-0.0719623254	-0.0250810858	-0.0497347968	-0.773125957	-0.1519706611	-0.2781601428	-0.2455297696	-0.1710364045	0.0647608226	0.0688650623	-0.0217700509	0.2067165791	-0.1582400293	-0.1782617629	-0.0667878133	-0.0946152259	0.0744451413	-0.1308982249	0.0712050689	0.0067500645	-0.6881427127	0.0115591774	0.1319041676	-0.1099982698	0.3963797569	0.0873983313	-0.3456099707	0.0051316188	0.1571407853	-0.0403057194	-0.1529304566	0.0335783433	0.10021147	-0.0555416705	-0.0311449394	0.2085278247	0.1017074474	0.0830265517	0.0208368735	-0.0990808418	-0.0253948054	0.1457251663877343	0.1727561186943091	0.0298446765463222	0.0212358241187328	0.1048214048796722	0.2512191997999763	0.0109875269209481	0.0631110863481404	-0.0555929412300884	-1.459550669667074	2.130288157325604	0.003090575114612	0.0115725509814932	0.0304147206292805	0.0009250552309571	0.0001339239362192	0.0027649593263978	0.007679725174402	7.645000076634175e-06	5.897817875434383e-05	-0.0008880261309193	0.0015210011977679	2.31344464361169e-06	7.885904091955018e-07	0.0	0.0	0.0	0.0	1.0	0.0	0.0	0.0	0.0	0.0	0.0	0.0	0.0	0.0
1148.4517181695958	7.834345099375696	61.37696313611198	1318941.3489666968	1532.0071801654362	-20.582412008511938	2347046.000078452	423.6356840881364	1121.182912335193	4.116005671193761	1257051.1229124248	16.941502685299206	1212.2581160749064	1077.271459903688	2.875175	83.455139	0.942682806850928	0.5896123428546205	-0.1333432938	-0.0442677955	-0.2832415193	0.0893282604	0.1262241525	-0.0451859035	-0.1940977552	0.1066791837	-0.2863265521	-0.2089478171	-0.0402790237	-0.178055193	-0.1768090578	-0.2557173886	-0.0148494143	-0.004804491	-0.2222787704	0.1047732448	-0.0392021416	-0.0222023156	-0.22626156	-0.1258184441	0.1555939985	-0.1008738362	-0.0071694409	-0.0532703681	-0.119267184	-0.0275128845	0.2036334226	0.1796194803	-0.0799269712	0.176638899	0.0158528819	0.2192475786	-0.4352176194	-0.0553614124	0.2861039405	0.3796267679	-0.1503783771	-0.0311413359	-0.1059726583	-0.1668532148	0.1266379143	-0.0973682073	-0.1850083913	0.0809816155	0.1915768301	-0.0248068623	0.1517740532	-0.0461636958	0.2871492016	0.1035100178	0.1754021229	-0.0116880886	0.0617437359	0.313171247	-0.1809350039	0.3147117055	0.0776280794	0.0865456905	0.2099579962	-0.0134069573	-0.1837650747	-0.0318359285	0.0210989603	0.0615800536	-0.0456403149	0.0929471118	-0.1033401944	-0.0141533203	0.1562721143193783	0.0105469479316439	0.0001112381106728	0.0244209737138488	0.0482054628126888	-0.0566159420669834	0.0023237666449855	0.003205364896132	-0.5886814305581041	-0.5330884893280157	0.2841833374540258	0.3465458266839359	0.0051610392079785	-0.0064115117735147	4.110748322191762e-05	2.663632570629134e-05	0.0025980309153075	-0.0001669284110903	6.749764636893525e-06	2.7865094429132205e-08	-0.0011582144968	-0.0002701883658807	7.300175305728305e-08	1.3414608205976774e-06	0.0	0.0	0.0	0.0	0.0	1.0	0.0	0.0	0.0	0.0	0.0	0.0	0.0	0.0
1137.8281598530314	-10.623558316564411	112.85999130544492	1294652.9213545355	1536.4257771120233	4.4185969465870585	2360604.1685742848	19.52399897638848	1114.8520074500032	-6.330904885189739	1242894.9985153018	40.0803566653193	1206.5181514833737	1072.8188491283845	1.370517	39.780769	0.4129907482290425	0.2652891371395526	-0.1730931597	-0.0212751943	-0.199806487	0.0146342007	0.028740947	0.0232233164	0.0705531882	0.1832379229	-0.1759617823	-0.1326745151	0.020382315	-0.2345714863	0.0935552834	-0.1272527936	0.1228707039	0.0488118182	0.0629500705	0.0958192613	-0.000133586	-0.0944372035	-0.2770632399	-0.112748847	-0.0094144302	0.0804561816	0.0283822166	-0.0864911426	-0.2832955609	0.1702132977	-0.1170880184	-0.0450963199	-0.1392797908	0.1828797367	0.0654438324	-0.012772003	-0.1656212086	-0.0898919597	0.1375418506	0.002778378	0.084124453	-0.0234615554	-0.0733677331	-0.0412848576	0.1739035694	-0.1620503111	-0.1737864065	0.03283381	0.1347773822	-0.0911952247	0.1081724005	-0.0526772565	0.2090647923	0.1229706642	0.1291692736	0.0087485366	-0.1060092728	0.0961088001	-0.1654034577	0.1767994218	0.0729786201	-0.0177963182	0.0453085315	-0.1990740393	0.0880439464	-0.0071370707	0.0072922705	-0.033400703	0.0576387252	0.0038928885	-0.1074583966	-0.0028345346	0.136996844106747	-0.0192752702126312	0.0003715360417699	0.0187681352952083	0.0315082363738952	-0.0166972264387936	0.0009927689593932	0.0002787973707483	-0.3601691349325264	0.2285122956255776	0.0522178692520714	0.1297218057580444	0.0032792240581897	-0.0018818151497888	3.541228257974644e-06	1.0753310423810125e-05	0.0019237853785025	-0.0006742455368049	3.700950182540008e-06	4.546070439014622e-07	-0.000744156064353	0.000414058432447	1.7144438548046698e-07	5.537682481133463e-07	0.0	0.0	0.0	0.0	0.0	0.0	0.0	0.0	0.0	0.0	0.0	0.0	0.0	0.0
1136.8773603694087	-0.9507994836226316	0.9040196580570632	1292490.1325205143	1534.212270445743	-2.2135066662804093	2353807.290786281	4.899611761667811	1112.78125173325	-2.070755716753183	1238282.1142090186	4.288029238465989	1202.1905376672294	1067.9017300058106	1.028793	29.861849	0.1610487883986878	0.0858967490466588	-0.17422922	0.0312104764	-0.1801256472	-0.1263258198	-0.0140639482	-0.0122904331	0.1206869855	0.1814958732	-0.1035402611	0.0880447557	0.0360929055	-0.1721499675	0.0868615448	-0.1381776976	0.0409962059	0.0206382868	0.1325651598	-0.0650563723	0.0338352338	0.1133978647	-0.31529428	-0.035765203	0.0390875177	-0.0360733691	0.0613882113	-0.2701790898	0.0369368644	0.0335863007	-0.1536690502	0.1064031396	-0.1495884194	0.1405639504	0.0882034954	-0.0810177671	-0.0906009681	-0.0984632423	0.0102526916	0.0108199911	-0.0762398316	0.0556200981	-0.1462374853	-0.0165174218	0.0491336281	-0.0702063556	-0.163798854	0.0166692262	0.1440841945	-0.1253332012	0.1310674036	-0.0094803629	0.1330992535	0.1608334628	0.1592624257	0.0039746492	-0.1080820687	0.0383815662	-0.065623901	0.0340750813	0.0909887992	-0.0417854289	-0.0346349815	-0.1601138317	0.0904266979	-0.0098844274	0.0278880973	-0.0193210764	0.1020416928	0.0699080407	-0.1114298236	0.0084997322	0.1236254794210367	-0.0133713646857103	0.0001787933935582	0.0152832591620811	0.0290826855702306	-0.0024255508036646	0.0008458025999768	5.883296701157998e-06	-0.3640352500806543	-0.0038661151481279	1.4946846338584033e-05	0.1325216633012845	0.0020678312902381	-0.0012113927679515	1.4674724382454385e-06	4.275926244887766e-06	0.0013077673202235	-0.000616018058279	1.7102553638445549e-06	3.794782481258294e-07	0.0002561482646401	0.0010003043289931	1.000608750602336e-06	6.561193347813472e-08	0.0	0.0	0.0	0.0	0.0	0.0	0.0	0.0	0.0	0.0	0.0	0.0	0.0	0.0
1141.2106364242927	4.3332760548839815	18.777281367830884	1302361.7166879391	1539.084489014189	4.872218568446215	2368781.0643240674	23.738513778712083	1117.8830208613954	5.101769128145406	1249662.4483301989	26.02804823689754	1208.939918503644	1089.5686343194516	1.162465	33.741837	0.3208187382166563	0.1504288133703277	-0.1573206766	0.0849415728	-0.1408065414	-0.2147774092	-0.0040882665	-0.0473855041	0.0819494455	0.1234952165	-0.0899670458	0.1007824125	-0.0022192218	-0.2328257139	-0.0587421182	-0.0759615059	-0.0428819521	0.2817624094	0.1479876876	0.0277684398	0.1393786051	0.1018994099	-0.0835821165	0.0063581827	0.2358995614	-0.0014478399	0.0177635815	0.0223929841	0.1103650205	-0.1254860302	-0.0166947804	-0.0655464454	-0.1685048949	0.1097015423	0.0442756358	-0.0239005738	-0.0909207886	-0.032867051	-0.0980372006	0.0262229878	-0.1055164202	0.2644442325	-0.0370661916	0.040481376	0.1518163527	-0.0028062338	-0.1616215417	0.0021360488	0.100861698	-0.1342449098	0.1225260006	0.0390440021	-0.0009535221	0.1980708238	0.1745553707	-0.0153097232	0.0914073639	-0.1905132348	0.066652209	-0.1048187197	-0.149259342	0.0834133952	-0.046023331	-0.017285525	-0.0261404116	0.0508563699	0.0108106775	-0.1779431566	-0.1038663829	-0.2588146153	-0.1152490509	0.0197875765	0.0832766582724531	-0.0403488211485836	0.0016280273680803	0.0069350018130269	0.1478332237727215	0.1187505382024909	0.0218546620510355	0.0141016903233812	-0.3083708285760025	0.0556644215046517	0.0030985278214475	0.0950925679166503	0.0026983603774702	0.000630529087232	3.97566929845745e-07	7.28114872670112e-06	0.0003550716491407	-0.0009526956710828	1.2607587602349637e-07	9.076290416999068e-07	0.0007940226535438	0.0005378743889037	2.893088582385288e-07	6.304719743407376e-07	0.0	0.0	0.0	0.0	0.0	0.0	0.0	0.0	0.0	0.0	0.0	0.0	0.0	0.0
1140.7606242732484	-0.4500121510443478	0.2025109360875608	1301334.8018922913	1556.3014388003592	17.216949786170062	2422074.168412068	296.4233599395013	1115.7825574894223	-2.100463371973092	1244970.715597636	4.411946377000572	1209.8393275183405	1073.7617074577952	1.007482	29.243284	0.1927232240495451	0.1075242418665255	-0.1457398677	0.0609130382	-0.0797890958	-0.1964207997	-0.0002160697	-0.0936989628	0.1004556341	0.1522637947	-0.0688296591	0.0981173873	-0.0645397213	-0.1810343306	-0.0191786021	-0.0470289391	0.0283806329	0.3169599538	0.2081173642	-0.0456593211	0.0897926725	0.1755817552	0.0441294024	-0.0615432187	0.0329674017	-0.1235802897	0.0588879887	0.2466463148	0.0357178295	0.0186712648	-0.013567492	-0.0397909312	-0.1851182499	0.0635847742	0.0302900391	-0.0300933291	-0.0237384388	-0.038400819	-0.0992071758	0.0253605834	0.0509402483	0.258939439	-0.0874300462	0.1663446497	0.118629067	-0.1343841098	-0.1394705794	-0.0317986351	0.072551683	-0.1502301088	0.1036342176	0.0410355816	-0.0117064586	0.1846861229	0.1277241505	-0.0110774555	-0.0018069487	-0.2265441306	0.0895576142	-0.1499672725	-0.1282657962	0.0069961413	-0.0543682958	-0.034670102	0.2084644715	0.0379548545	-0.0565689332	-0.0563432826	-0.1205799254	-0.1864205818	-0.1189108618	0.0309673479	0.0606584262664569	-0.0226182320059962	0.000511584419077	0.0036794446771231	0.1142064271961231	-0.0336267965765984	0.0130431080129033	0.0011307614480039	-0.2193717856065973	0.0889990429694052	0.00792082964947	0.0481239803202269	0.0021450174692377	-0.0005533429082325	3.061883740912011e-07	4.601099943334907e-06	-4.014701660670639e-05	-0.0003952186657474	1.6117829424191582e-09	1.5619779375516012e-07	0.0007950441295148	1.021475970999948e-06	1.0434131593302866e-12	6.320951678759461e-07	0.0	0.0	0.0	0.0	0.0	0.0	0.0	0.0	0.0	0.0	0.0	0.0	0.0	0.0
1139.1782556645055	-1.582368608742854	2.503890413934796	1297727.0981788256	1541.5374918145649	-14.763946985794291	2376337.8386699394	217.97413059934436	1115.8617157539538	0.0791582645315429	1245147.3686853575	0.0062660308436457	1207.0055540045178	1048.454619742097	1.065729	30.933947	0.1352509172100383	0.0726232051714333	-0.112170923	0.0627351671	-0.1017393314	-0.1638546194	-0.1372080774	-0.0664036683	0.0982618591	0.0408716566	-0.1369749091	0.2152678694	-0.0491948425	-0.0746115013	0.0476730035	0.0564157739	-0.0164313783	0.2047938744	0.1766262086	-0.1164062058	-0.0364851059	0.0714962367	0.0558883201	0.1112910808	-0.0997491987	0.2039289553	-0.1148058001	-0.0489449903	-0.154946574	0.1185309653	0.1874123071	0.0846326098	-0.0942425937	0.0083431049	0.0699337989	-0.0548265136	0.0021624849	-0.0817347573	-0.1306071565	0.1431278655	-0.1632850097	0.1098524192	-0.0051961547	0.0627191028	0.1058047589	0.0691831335	-0.1205712283	-0.042876041	0.0533299489	-0.1312856425	0.0384232219	0.0719725115	0.0037627416	0.1238392112	0.0632839788	-0.0863505632	0.0132553111	-0.21181665	0.085256234	-0.1089984069	-0.07266785	-0.0466804211	-0.0027762976	0.048471239	0.1188984884	0.146707524	0.0484231505	-0.0696614105	-0.10810064	0.0651401019	-0.1224102548	0.0419779864	0.0753694117008478	0.0147109854343908	0.0002164130924508	0.0056805482201318	0.0982119203028872	-0.0159945068932359	0.0096455812895806	0.0002558242507577	-0.1526981396095195	0.0666736459970778	0.0044453750705436	0.0233167218402083	0.0027210134361561	0.0005759959669184	3.317713539062627e-07	7.403914119742026e-06	-2.2695402701833345e-05	1.7451613904873042e-05	5.150813037983843e-10	3.0455882788475813e-10	0.0009590321263982	0.0001639879968834	2.6892063121830023e-08	9.197426194638532e-07	0.0	0.0	0.0	0.0	0.0	0.0	0.0	0.0	0.0	0.0	0.0	0.0	0.0	0.0
1141.8045658465062	2.62631018200068	6.897505172080443	1303717.6665879283	1540.658215021683	-0.8792767928819103	2373627.7355137984	0.7731276785006977	1117.807175580193	1.94545982623913	1249492.8817785685	3.784813935510386	1207.9975110362293	1065.2866766084026	1.25493	36.425739	0.6275135292730045	0.4105721901783466	-0.0304451528	0.0882060339	-0.0843866672	-0.0724866418	-0.1078053497	-0.0406020327	0.0542211714	-0.0374619512	-0.0518282886	0.017590127	-0.0599004362	0.0037227684	-0.0537052532	0.0743563746	-0.1581440569	0.0927689155	0.1547607983	-0.0648931651	-0.0261153865	0.1173357565	-0.0136236571	0.1922167195	0.1031076262	-0.1689886836	0.0084149354	0.0154037246	-0.1177755277	0.1047021665	0.184290523	-0.2256587308	-0.0186024583	-0.0326115917	0.0826752833	0.0577164555	-0.0010017914	0.0073781491	-0.1252011963	0.1073165499	-0.2561955728	0.0881803211	0.0673256581	0.0795447262	0.0622795307	-0.0091691723	-0.0211528458	-0.0876764636	0.00571453	-0.1891714146	0.0577746159	0.2013507762	-0.0843806088	0.1383880342	0.0446999485	-0.1322721146	0.2276194761	-0.1109594527	-0.0670283581	0.0356163907	-0.2835892731	-0.1127617697	-0.1059417013	0.272485611	-0.0268250606	-0.4186743762	0.1001337061	0.0899515535	0.1157370554	0.2389525253	-0.1257424501	0.0527593557	0.0701731384631898	-0.0051962732376579	2.700125556040067e-05	0.004924269361774	0.0276462103110333	-0.0705657099918539	0.0007643129445618	0.0049795194266544	0.1855738075606297	0.3382719471701492	0.1144279102422842	0.0344376380525496	-0.0006962180789195	-0.0034172315150756	1.167747122762588e-05	4.847196134143592e-07	-0.0007102769764733	-0.0006875815737714	5.044933833080528e-07	4.727684205900469e-07	0.0007942532377784	-0.0001647788886198	2.715208213477645e-08	6.308382057214717e-07	0.0	0.0	0.0	0.0	0.0	0.0	1.0	0.0	0.0	0.0	0.0	0.0	0.0	0.0
1138.6248737505657	-3.179692095940481	10.110441824986372	1296466.6031234916	1514.3923462689934	-26.265868752689585	2293384.1784381066	689.8958613335151	1113.9243196251423	-3.882855955050673	1240827.389852336	15.07657036767247	1199.0095164509935	1070.5404247383246	2.180529	63.292271	1.8897620976487937	1.1069476196459476	0.166382879	-0.0685847683	0.2091010889	0.1340456396	-0.0698648011	0.0479888046	-0.1210228314	-0.2543780408	0.2542770426	0.1193156755	0.0592914497	0.1864641435	-0.0028951835	-0.1384005513	0.0861376668	0.1657594673	-0.0948589305	0.3410586146	0.1264966889	0.1685846421	-0.0342982881	-0.0363640222	-0.1224588536	0.3476746998	-0.0036002326	-0.0614194237	0.0137462209	-0.3010977415	-0.0029030179	-0.1196459616	0.2579956954	-0.0723418255	-0.1208792662	-0.0598729129	-0.0343091966	-0.0059706586	0.39208791	-0.233646433	-0.1074247289	0.3276802631	0.1015370213	-0.2139006043	0.209158131	0.0643298727	0.2292172838	0.0482737797	-0.0050483128	0.2677631344	-0.090806061	-0.0748103119	0.0874959641	0.2339363941	0.157086129	0.2473519921	0.2361603144	0.40099436	-0.2226061974	-0.411491046	-0.2134182861	0.1823645286	-0.2783888282	0.012252129	0.1207821867	0.1629783934	0.1070547515	0.0874496859	0.0234521383	-0.0008233698	-0.1289028963	0.0632525717	0.0340032931285776	-0.0361698453346122	0.0013082577115297	0.0011562239435879	-0.1164056087797149	-0.1440518190907482	0.013550265755376	0.0207509265833536	1.089195419304268	0.9036216117436384	0.8165320172101708	1.1863466614334004	-0.0079540518604718	-0.0072578337815523	5.267615120064176e-05	6.32669409990749e-05	-0.008702952508973	-0.0079926755324997	7.574138237343945e-05	6.388286216781937e-05	-7.361387776549759e-05	-0.0008678671155438	7.531933302424849e-07	5.419002999673621e-09	0.0	0.0	0.0	0.0	0.0	0.0	0.0	1.0	0.0	0.0	0.0	0.0	0.0	0.0
1160.0901476445756	21.465273894009897	460.7579833448628	1345809.150662013	1542.3331225120414	27.94077624304805	2378791.460797744	780.6869770640783	1122.5470188597394	8.622699234597121	1260111.809550888	74.35094209032178	1217.1071861569958	1127.2819763288746	2.218179	64.385094	1.3637085070875998	1.0478795835693664	0.1489704735	0.1469928649	-0.0471483962	-0.0124714447	0.2092658864	-0.0557127999	-0.1256735927	-0.0425258336	-0.0020919297	-0.009866989	-0.1426415755	0.0125284252	-0.2310162644	-0.1416826818	-0.1995097038	0.1325844922	-0.0155531224	-0.1032678409	-0.2878547977	-0.0315635886	0.0307688265	0.2157923393	-0.1849877375	-0.0770560226	-0.1376734706	-0.1159864104	-0.2002816077	-0.2705260984	0.0019838502	-0.1140742158	-0.1007618749	-0.0980050281	-0.1305000863	0.2498667333	-0.0184886342	0.1352684703	-0.1629686416	0.0612830527	0.1339230272	0.1580775785	-0.0012639668	0.3509065206	-0.1244637161	0.3703047646	0.0879808803	-0.0946419503	0.1545088144	0.0419853038	0.2088781183	-0.0913035002	-0.0828474269	-0.0725281323	-0.1119788824	0.1577477815	-0.6371173281	0.0729762212	0.18718515	-0.0061161924	-0.2857021885	0.2679353255	-0.1835229924	-0.0010740917	-0.0761761016	-0.2353087704	-0.1409696513	0.0284020632	-0.0607645741	0.1070425024	-0.1318872767	0.0734003241	0.1014388086557573	0.0674355155271797	0.0045475487544164	0.0102898319014993	-0.0197591513066868	0.0966464574730281	0.0003904240603605	0.0093405377420858	0.0595964176306722	-1.029599001673596	1.0600741042472652	0.0035517329944094	-0.0073812177016489	0.0005728341588228	3.28138973514339e-07	5.448237475913507e-05	-0.0059190054279105	0.0027839470810625	3.503462525563396e-05	7.750361350156417e-06	-2.9844469374977044e-05	4.376940839052055e-05	1.91576111085617e-09	8.906923522739426e-10	0.0	0.0	0.0	0.0	0.0	0.0	0.0	0.0	1.0	0.0	0.0	0.0	0.0	0.0
1152.2996695516265	-7.790478092949115	60.69154891672009	1327794.5284487875	1533.4434366387836	-8.889685873257804	2351448.773370563	79.02651492519936	1119.0939229535766	-3.453095906162844	1252371.2083916257	11.923871337158593	1205.8337870491475	1118.4296710699296	1.659772	48.176723	0.4958714176207662	0.359562846395877	0.2175951581	0.0747611304	-0.0861433982	0.0069627455	0.0685315362	0.0503823574	0.0647406107	-0.233168341	0.1795826602	-0.0783011059	-0.1011109124	0.1810329765	-0.1465052269	-0.0926591622	-0.1040902871	-0.0888549694	-0.0362292448	-0.1524958204	0.0043559592	-0.0346063962	-0.0322225991	0.0231112733	-0.0759515041	-0.0423431833	0.0465652566	0.0189688566	0.0828593795	-0.0249380293	-0.1043094274	-0.0681976879	0.1678149894	-0.1598758323	0.043708171	0.0973874953	-0.1526047511	0.1235369804	-0.0188938693	0.1515350803	-0.1790954951	-0.092654162	-0.059254178	-0.0830022781	-0.0491205068	0.007465655	0.1755601332	-0.0917269448	0.1223132806	0.0766195553	0.0625808387	0.0737237064	0.0868249608	-4.21575e-05	0.0086331565	-0.037161657	0.0413091437	0.0171591672	0.1505988973	0.1464326155	-0.1190592647	-0.1803762533	-0.0351555172	0.2739048606	-0.1189531756	-0.0149170657	-0.045188296	0.2053858392	-0.0321226256	-0.353492336	-0.1346915149	0.0831471893	0.0810036086598415	-0.0204351999959157	0.000417597398873	0.0065615846159167	-0.0262530032828607	-0.0064938519761739	0.0006892201813698	4.217011348845767e-05	0.4054770238503948	0.3458806062197226	0.1196333937589228	0.1644116168705736	-0.0084606052215652	-0.0010793875199162	1.1650774181510598e-06	7.158184071517633e-05	-0.005168157853457	0.0007508475744535	2.6709855598249267e-05	5.637720800627045e-07	0.0006011556248343	0.0006310000942092	3.981611188921165e-07	3.613880852699177e-07	0.0	0.0	0.0	0.0	0.0	0.0	0.0	0.0	0.0	1.0	0.0	0.0	0.0	0.0
1152.2307198319331	-0.0689497196933643	0.0047540638457935	1327635.6317244149	1536.9487920211534	3.505355382369771	2362211.5892952825	12.287516356708725	1115.429108965953	-3.664813987623575	1244182.09712858	13.430861563881406	1205.55131262507	1113.5295685071492	1.061298	30.805344	0.2309312443686418	0.1409980355884093	0.2312428835	0.0611886887	0.0148780009	0.077948605	0.0542364551	0.0062632293	-0.0317901294	-0.191618103	0.051712106	-0.0734405261	-0.0811670192	0.1673898112	-0.0119980836	-0.1444466502	0.0230097893	-0.1411936692	-0.0243007531	-0.1913038193	0.1879065629	-0.0407945157	0.0716856646	0.071414074	0.029358057	-0.1193993371	0.1061399266	-0.0069323085	0.0634069694	0.0439839331	0.0426451861	0.0290159418	0.1119926794	-0.2003944984	0.0185234681	0.0677047555	-0.0870421822	0.0331667859	0.0524445732	-0.0846023312	-0.0525695061	-0.1764908919	-0.113168641	0.0939355852	-0.0848258048	0.024923931	0.1980026245	-0.1015700772	0.0980152763	0.1438761962	0.0272272793	0.028809023	0.0595692259	0.0207911517	-0.0491063934	-0.0342429413	-0.0246012713	0.0601716965	0.0794594649	0.1076151791	0.0257334827	-0.1462801738	0.0133519347	0.0290947759	-0.1044259476	-0.0007994201	-0.0293919605	0.1014590887	0.0041956832	-0.290125397	-0.1373117808	0.0924399334	0.0744519988816989	-0.0065516097781426	4.29235906850538e-05	0.0055431001374804	-0.0299519247616757	-0.0036989214788149	0.000897117796929	1.3682020106438938e-05	0.5344916225760841	0.1290145987256892	0.0166447666843506	0.2856812946040151	-0.0082669477735137	0.0001936574480515	3.750320718581953e-08	6.834242549000311e-05	-0.0062081102872699	-0.0010399524338129	3.854063333890636e-05	1.081501064593374e-06	0.0012008680306898	0.0005997124058555	3.596549697369919e-07	1.4420840271327984e-06	0.0	0.0	0.0	0.0	0.0	0.0	0.0	0.0	0.0	0.0	0.0	0.0	0.0	0.0
1147.6613722197576	-4.569347612175534	20.87893760089425	1317126.625285337	1525.0941219006554	-11.854670120497984	2325912.080655931	140.53320366582773	1114.0842935124952	-1.3448154534578407	1241183.8130512354	1.8085286038590176	1203.209153115862	1090.9620699218003	0.91433	26.539423	0.1143264430113639	0.0622877759191054	0.1911386013	0.0295277145	0.0348703129	-0.0349250791	0.0151242626	0.0387620356	-0.0711471755	-0.1377826647	0.0157642866	-0.0084852029	-0.0959540108	0.1667783012	0.0447384742	-0.1609134496	0.12337532	-0.1484320769	0.0307857453	-0.0259634175	0.1186044282	0.071883457	-0.0006390761	0.1506058782	0.0712088201	0.0010147392	0.0607478399	0.0551606216	0.1511207192	-0.033922001	-0.0261901872	0.0120383002	0.1122969732	-0.1530918294	0.0152597372	0.0228151164	-0.03118812	-0.0873976324	0.1215550444	-0.0431014403	0.0447111347	-0.0737750454	-0.1875111017	0.1076483482	-0.1341499172	0.021353771	0.1924788565	-0.0838695971	0.0808589898	0.1340046081	-0.0085403464	-0.0052874715	0.1135070909	0.027873181	-0.0807276701	-0.0950889679	-0.0210474398	-0.0285388603	0.0306444524	0.0393566715	0.1329953595	-0.0755425109	0.0673878205	-0.0017465553	0.0533674786	0.0468429768	-0.004527185	0.1152978686	-0.0281188917	-0.0919088081	-0.1397444952	0.1012278027	0.0765087091067897	0.0020567102250907	4.230056949993035e-06	0.0058535825691873	-0.0254922205327829	0.0044597042288927	0.000649853307692	1.988896180920432e-05	0.5664111651581294	0.0319195425820453	0.001018857198647	0.3208216080157897	-0.0078272310791958	0.0004397166943178	1.933507712618613e-07	6.126554636712864e-05	-0.0052312046999589	0.000976905587311	2.736550261287208e-05	9.543445265194504e-07	0.0013020554685676	0.0001011874378777	1.0238897584273628e-08	1.6953484432267924e-06	0.0	0.0	0.0	0.0	0.0	0.0	0.0	0.0	0.0	0.0	0.0	0.0	0.0	0.0
1144.0552063541977	-3.606165865559888	13.004432249929293	1308862.315186146	1536.9773312584828	11.883209357827354	2362299.316802448	141.2106646419556	1112.591305003447	-1.4929885090482458	1237859.4119692731	2.229014688150104	1201.1238020841026	1084.17688434595	0.957886	27.803698	0.2377618499563448	0.1382769229381154	0.1737224811	0.0184337673	0.0665830629	0.0065886919	-0.0052677855	-0.0198342043	-0.0127846208	-0.1193407586	0.0783161689	0.0397492001	-0.069974076	0.1648740208	0.1147158274	-0.1323929007	0.1368865369	-0.063653505	-0.0113790895	-0.0432655965	0.1467228869	-0.012674135	-0.003609815	-0.1145217977	0.0263105488	0.1435838567	0.1980082374	0.0434800495	-0.0368163001	-0.0069445921	0.206714313	0.082937901	0.0985981284	-0.1621923226	0.0215545169	-0.0527746493	-0.0209519035	-0.074214287	0.0804009704	-0.0840897145	0.0425209909	-0.1157096105	-0.1532131819	-0.0010250002	-0.0326965884	-0.0709695384	0.1768351709	-0.0836547689	0.0270266215	0.1289927698	-0.0318754117	-0.0189180269	0.0724077141	0.0408528216	-0.0208490518	-0.0791059239	0.0746770918	-0.0629299344	-0.0548497194	0.0196111518	0.1589895705	-0.0847232904	-0.0014837064	-0.1105222691	0.0489115576	0.000163189	-0.0504136317	-0.020784557	-0.087442813	0.1091149508	-0.1419863355	0.1094628008	0.0551756573618433	-0.0213330517449463	0.0004550990967525	0.0030443531653115	-0.0174762413033136	0.0080159792294693	0.0003054190100916	6.425592300728325e-05	0.6193214637875286	0.0529102986293992	0.0027994997010522	0.3835590755079271	-0.005343227675784	0.0024840034034118	6.170272908161405e-06	2.8550081995264083e-05	-0.0047042673475872	0.0005269373523716	2.213013127757511e-05	2.776629733244965e-07	0.0012029458173005	-9.910965126709992e-05	9.822722974286165e-09	1.447078639360768e-06	0.0	0.0	0.0	0.0	0.0	0.0	0.0	0.0	0.0	0.0	0.0	0.0	0.0	0.0
1147.0272769962876	2.972070642089875	8.833203901572523	1315671.5741735182	1541.8240090063064	4.846677747823605	2377221.274748279	23.490285191248496	1115.1853567127282	2.5940517092813025	1243638.379826495	6.729104270425247	1204.262507909187	1102.748386397661	1.015782	29.484179	0.1482271421212684	0.0813850206506722	0.1353967589	0.0609884045	0.0599870704	-0.0040426219	-0.0622440699	-0.0335505073	-0.0180228879	-0.1538826101	0.0487516355	0.1028462768	-0.0787469038	0.1691498836	0.032386961	-0.0295967362	0.0534990854	-0.0662264925	-0.1508719924	-0.0972018841	0.0529327475	-0.0416579327	0.0480647074	-0.0982192914	0.0477124744	0.034386814	-0.1626333392	0.0402765504	-0.2126153668	0.0177904807	0.0193511179	0.0248889894	0.0850591797	-0.1504591725	0.0074209617	-0.0279064714	0.0423500442	-0.0387413194	0.0626083022	-0.0396957661	0.0040516338	-0.0847621263	-0.0604952769	0.0308875031	0.0106793055	0.0817343171	0.1589098862	-0.1014949673	0.0096864611	0.1049740332	-0.0549304107	0.0249248883	0.031178511	0.0360664098	-0.0166889543	0.0276479906	0.0472017254	-0.0668122216	0.0354211612	-0.0430573557	-0.0037354982	-0.0962506062	0.1211541349	-0.0356926435	0.1196612608	-0.053184754	-0.1475529562	-0.3773383845	0.0679891086	0.395991201	-0.1440342395	0.1170999511	0.02586425683495	-0.0293114005268933	0.0008591582008479	0.0006689597816242	-0.0145838080680817	0.0028924332352318	0.0002126874577666	8.366170020274075e-06	0.5890751591773054	-0.0302463046102232	0.0009148389425744	0.3470095431597676	-0.0053868659154574	-4.363823967340041e-05	1.904295961793137e-09	2.9018324391116693e-05	-0.0034032709284297	0.0013009964191575	1.1582253012294752e-05	1.6925916826606372e-06	0.001573851233448	0.0003709054161475	1.375708277275502e-07	2.477007705025792e-06	0.0	0.0	0.0	0.0	0.0	0.0	0.0	0.0	0.0	0.0	0.0	0.0	0.0	0.0
1148.3993342823426	1.3720572860549964	1.8825411962166023	1318821.0309801276	1537.6937557155802	-4.130253290726159	2364502.0863666865	17.05899224555427	1115.0855028256924	-0.0998538870358061	1243415.678612027	0.0099707987561595	1203.4350927457467	1092.6914505586142	0.965962	28.038103	0.143468423387038	0.0681878302405646	0.1649687023	0.0498073026	0.0589347866	0.0439963895	0.0194130325	-0.0171140584	-0.009588766	-0.1617144354	0.025610092	0.0251821552	-0.1204162298	0.1728706107	0.0174503386	-0.039249337	0.0343305	-0.057680644	0.0919615279	-0.0448073965	0.1506174024	-0.0425949446	0.0998149023	-0.0174673107	0.0601236005	-0.0725698089	-0.0855858326	-0.0866616788	-0.0811735266	0.1128136268	-0.0975734269	0.0753311061	0.075480806	-0.185156628	0.0246077007	0.0046975053	-0.0204949257	-0.0212418386	0.0212027133	-0.1083045504	-0.0457014133	-0.066959207	-0.1200247568	0.0348236753	0.0161144812	-0.0206851446	0.1653522023	-0.1046853704	0.0426752172	0.1147456993	-0.0189447978	0.0153695461	0.0113597692	0.0032336143	-0.0690621613	-0.0114322643	0.0084056208	-0.0349637719	-0.0239369893	0.0822925386	0.0748191023	-0.1157418873	0.067114663	-0.060446296	-0.0117924709	-0.0310633067	-0.0729641486	-0.1691891702	0.0470654221	0.0074028255	-0.1458854101	0.124097542	0.047043472032584	0.021179215197634	0.0004485591563876	0.0022130882608805	-0.0577660297043536	-0.0431822216362719	0.0033369141878042	0.0018647042654441	0.5536602523883332	-0.0354149067889721	0.0012542156228715	0.3065396750747128	-0.005485220681018	-9.835476556059944e-05	9.673659908480478e-09	3.008764591946757e-05	-0.004015912171555	-0.0006126412431253	1.6127550569643597e-05	3.7532929277811293e-07	0.0014110056468507	-0.0001628455865973	2.6518685074218744e-08	1.9909369354445624e-06	0.0	0.0	0.0	0.0	0.0	0.0	0.0	0.0	0.0	0.0	0.0	0.0	0.0	0.0
1147.477510840934	-0.9218234414086056	0.8497584571304048	1316704.6378857058	1543.5743243977174	5.880568682137209	2382621.69493987	34.58108802533295	1114.6041452899185	-0.4813575357738955	1242342.4006974697	0.2317050772463171	1204.4537342698902	1071.2987223211876	0.7948159999999999	23.070423	0.0980574824903882	0.0588388257608977	0.1580089707	0.0291925118	0.0319195052	0.0572159738	-0.0567129318	-0.0391478863	0.0011951474	-0.117693621	0.0188421344	0.0155312224	-0.1479592869	0.1180072175	0.0757162469	-0.1112952956	0.1228798535	-0.1030724517	0.0529867548	0.0074098987	0.0531941694	0.0459464465	0.0026978895	-0.0418679117	-0.0886799795	-0.0186386737	0.036793115	0.0211632488	0.0573875558	0.0055855396	0.0117971642	0.0810049961	0.0555504292	-0.1808886401	0.0354946098	-0.0112803237	-0.0379810114	-0.0552571357	0.0892219154	-0.1109718667	0.0735408702	-0.0697559067	-0.1419728943	0.0496062826	-0.0529363361	-0.0809626788	0.1638042012	-0.1037520752	0.0562780483	0.1310889602	-0.0292008953	0.0244866058	0.0134851025	0.0195232049	-0.0588451253	-0.0307233241	0.0313759528	-0.0740927006	0.0210778977	0.06238159	0.0648440017	-0.0940485398	0.074628109	0.0023149896	0.1067537987	0.0334087008	-0.0569442829	-0.0911838646	0.0053496994	0.0726443011	-0.1475373187	0.1304173552	0.0661530459074413	0.0191095738748572	0.0003651758136786	0.004376225482832	-0.0382749752776874	0.0194910544266662	0.0014649737325075	0.0003799012026632	0.5542706331383229	0.0006103807499897	3.7256465995806e-07	0.3072159347595573	-0.0056078651256897	-0.0001226444446717	1.5041659808829777e-08	3.1448151267926754e-05	-0.0050032079682582	-0.0009872957967032	2.5032089973642347e-05	9.747529901878064e-07	0.0014779948742533	6.698922740259994e-05	4.487556587997247e-09	2.1844688483190283e-06	0.0	0.0	0.0	0.0	0.0	0.0	0.0	0.0	0.0	0.0	0.0	0.0	0.0	0.0
1149.884542128594	2.407031287659948	5.793799619773904	1322234.4602262862	1552.3466983083952	8.772373910677743	2409780.271748976	76.95454402873952	1119.5324434663412	4.928298176422686	1253352.8919737164	24.28812291573117	1212.5077127842462	1123.7994275932838	1.222908	35.496258	0.3686826080986011	0.2028259611615301	0.1411793576	0.074625485	0.0345350338	-0.0343918128	-0.0184433908	-0.0532388332	0.0219678107	-0.1792070176	-0.0315417254	0.0696637123	-0.1785464097	0.0960662572	-0.0792096308	-0.0383685362	-0.0779612456	-0.0250851265	0.0374198702	0.1004834942	0.0009976649	0.0712726886	-0.1096512376	0.0439416526	-0.1550964215	-0.1681542007	-0.230655953	0.0895102781	0.1203741037	0.1766216906	-0.2603280011	-0.0779241604	0.0186018102	-0.1456774917	0.0409086243	0.1294370285	0.0558588352	-0.0218356617	0.0206061798	-0.0191936701	0.106334247	0.0914383285	-0.0680058847	0.0470332333	-0.0954231718	0.0384278283	0.1166277545	-0.0806221248	-0.0047739558	0.0468091231	-0.0371514368	0.029640847	-0.0870600868	0.0062462117	-0.0250060221	-0.1796092061	0.1338704786	-0.3084235181	0.0469307988	0.009857611	0.1437085084	0.5697515315	0.1089262552	-0.3330705731	-0.1917041716	0.0196141135	0.2098501049	0.1509433897	0.1261585929	-0.0066476654	-0.1489877092	0.136024874	0.0754974405658828	0.0093443946584415	8.731771153271006e-05	0.005699863531999	0.1056973026207828	0.1439722778984702	0.0111719197813093	0.0207280168032743	0.4849081978725635	-0.0693624352657594	0.0048111474259966	0.2351359603640172	-0.0036708199390328	0.0019370451866569	3.752144055150665e-06	1.347491902480077e-05	-0.0042108927053874	0.0007923152628707	1.773161737628482e-05	6.277634757780247e-07	0.0012872853182624	-0.0001907095559909	3.6370134746246254e-08	1.6571034906139284e-06	0.0	0.0	0.0	0.0	0.0	0.0	0.0	0.0	0.0	0.0	0.0	0.0	0.0	0.0
1139.6972405626775	-10.187301565916414	103.78111319492302	1298909.8001461816	1513.0039950871871	-39.34270322120801	2289181.089149789	1547.8482967520513	1122.2804008313656	2.7479573650243765	1259513.2980902109	7.551269679991714	1213.1090461139645	1016.6906691576036	2.366482	68.689751	1.4083080407968065	0.7618268959137153	-0.1131194272	-0.0022967458	0.1830904815	-0.0732501771	-0.0095341789	-0.0103560549	-0.0807375789	0.1048268856	-0.1301087568	-0.1420470318	0.2499887783	-0.1490552371	-0.6315826768	0.3259806473	0.1996327622	-0.3658912927	0.2687432952	-0.0526850779	0.0384224974	-0.014016211	-0.0284188242	-0.0726086979	0.0548743024	0.1276074987	0.0370625671	0.0042749274	0.012376563	-0.0962352388	0.0127536018	-0.0443946882	-0.1107270994	0.2914371079	-0.2606645674	0.5870333036	0.4676936352	-0.0308925357	-0.1111037454	-0.0867029726	-0.1631530174	-0.2214750232	-0.1060095922	-0.1827792893	0.0751497308	-0.0402569657	-0.1011624446	0.0233022692	-0.0493171053	-0.0931327147	-0.0204181371	-0.3825288795	-0.5852076761	0.1420210872	-0.0614569877	-0.5075990524	-0.0494677666	0.3343233998	-0.0904017487	-0.0217634401	0.0516554434	-0.0741444079	0.0105870187	0.0369142163	0.0056247369	0.066925936	-0.0221618754	-0.0132279999	-0.0237866098	-0.032028603	-0.1502346003	0.1408894722	0.0427906657232028	-0.0327067748426799	0.0010697331206097	0.0018310410730348	-0.0354189349680496	-0.1411162375888324	0.0012545009542709	0.0199137925112277	0.1052587177468495	-0.379649480125714	0.1441337277597248	0.0110793976617109	0.0073478674447077	0.0110186873837405	0.0001214114716606	5.399115598499526e-05	-0.000413152795494	0.0037977399098934	1.70695232424507e-07	1.4422828423197132e-05	-0.0009929983528953	-0.0022802836711577	5.199693620948437e-06	9.860457288527786e-07	0.0	0.0	0.0	0.0	0.0	0.0	0.0	0.0	0.0	0.0	1.0	0.0	0.0	0.0
1143.8780802593587	4.1808396966812325	17.47942056934562	1308457.0624978358	1532.454911571438	19.45091648425091	2348418.055999424	378.3381520773038	1117.3389014810869	-4.941499350278718	1248446.220762962	24.418415828805	1207.3875802514233	1074.1773890923212	2.982551	86.571831	0.7585459756974423	0.4057134866211159	-0.0638605529	-0.0397102655	-0.0605368208	-0.0734928447	-0.0479450573	0.0211186097	0.4021421807	0.1824700234	0.3178419161	-0.2418984392	0.0329424537	-0.0182326658	0.0810994896	0.247448676	-0.2955820806	-0.059218692	-0.2107998985	-0.0285139184	-0.1570493354	0.0586979962	-0.1077962991	-0.082730104	0.0377613364	0.3203848661	-0.1607260555	-0.1217617942	0.1626943898	0.2677152725	0.0398044016	0.1104306721	-0.0249773577	0.0011806218	0.1407988168	-0.2176014057	0.0475739887	0.4253875724	-0.2530155096	0.2675178968	0.3426755308	-0.0555036671	-0.0669623663	-0.5189781307	-0.0330084513	0.0785601073	-0.1188173286	0.0143787472	-0.2003847159	-0.22242617	-0.1841985845	-0.0574812875	0.1260036435	-0.1695597997	-0.0322944852	0.0638500492	0.221162124	0.203616347	0.4273090015	0.3020754182	0.1849118859	0.1632849361	-0.5279504261	-0.0216442779	0.0907848426	0.0213616713	-0.0630945234	-0.1401756613	-0.0345084571	0.0078574568	-0.151276289	0.1449845808	0.0369780934177157	-0.0058125723054871	3.3785996806515655e-05	0.0013673793928093	0.1910751165748081	0.2264940515428577	0.0365097001740765	0.0512995553842986	0.226660999630397	0.1214022818835474	0.0147385140465323	0.0513752087534508	0.0086342931776844	0.0012864257329767	1.65489116646464e-06	7.455101867820736e-05	0.005545172577591	0.005958325373085	3.074893891526722e-05	3.55016412515485e-05	-0.0018449886461446	-0.0008519902932493	7.258874597910282e-07	3.403983104402484e-06	0.0	0.0	0.0	0.0	0.0	0.0	0.0	0.0	0.0	0.0	0.0	1.0	0.0	0.0
1092.9904207032791	-50.8876595560796	2589.553895095459	1194628.059749131	1491.328195216292	-41.12671635514607	2224059.7858470827	1691.4067981566395	1108.9182917534945	-8.420609727592364	1229699.7777854884	70.90666818442314	1195.9473241362546	1004.0548111067068	3.689554	107.093361	2.0899064274609573	1.3427036232186502	-0.2863766471	-0.4287825494	0.5083702205	0.1543296974	0.2605321843	0.2501361988	-0.0272035244	0.2739266695	0.1915491044	0.2136151892	0.3528456187	-0.0040674233	0.1301351329	0.3206722109	-0.0778499094	0.0212106711	-0.4372552514	-0.0016404369	0.2612911753	0.2337167827	-0.220744087	0.1038397097	-0.1905815775	-0.1384902935	0.0426600648	0.0814190208	-0.0595110438	-0.0128658324	0.045294938	-0.1573046137	0.1010252484	0.2993453433	-0.2589385686	-0.3613766015	0.3220930247	0.3864817515	0.3722437966	0.2514040171	-0.1221427044	-0.028774889	0.0706046075	0.3116888417	-0.0467711714	-0.0996439009	-0.1429316218	0.4216358457	-0.5721422214	0.3448552438	0.4728441052	0.235425562	0.0031237807	-0.0365299218	-0.0524467099	-0.0650565947	-0.0506228725	-0.0344224198	-0.0176730678	0.0303690109	-0.0207250612	-0.0419888117	-0.0110501334	-0.0080854644	0.0071409686	0.0272847807	0.0023345289	0.008615883	0.006014911	-0.0009843713	-0.1521113526	0.148287834	-0.0508311690289957	-0.0878092624467113	0.0077104665714354	0.0025838077448543	0.6833402534612816	0.4922651368864734	0.4669539020005285	0.2423249649938584	0.4202374984457648	0.1935764988153678	0.037471860893616	0.1765995550999541	0.0330590465932046	0.0244247534155202	0.0005965685794089	0.0010929005616516	0.0069716450908314	0.0014264725132403	4.860383527251356e-05	2.034823831030382e-06	-0.0023188733036321	-0.0004738846574874	2.2456666860204515e-07	5.377173398297648e-06	0.0	0.0	0.0	0.0	0.0	0.0	0.0	0.0	0.0	0.0	0.0	0.0	1.0	0.0
1147.5884866699714	54.59806596669228	2980.948807303281	1316959.3347374753	1556.6599695238017	65.3317743075097	2423190.260717843	4268.240734167385	1112.4598323055986	3.541540552104152	1237566.8784934008	12.542509482198184	1202.6752746091672	1091.794954384633	3.850095	111.753258	2.2761489739109964	1.4736941662833605	-0.0885594499	0.0879400544	-0.0416119298	0.0258940949	-0.250049241	-0.1019332826	-0.126312358	-0.0504374837	-0.3390048314	-0.0390613302	-0.0440744887	-0.0064408928	0.1742266273	0.1148446002	0.078839966	0.067653251	-0.0136108956	-0.0897592132	-0.2768580039	-0.1479957091	0.0926486983	-0.0461823084	0.1304620454	0.0110135443	0.0420630807	-0.1327546825	-0.0050589521	-0.1912182239	-0.0332016026	-0.0811335718	-0.0625740447	-0.0392581825	0.0955408902	-0.0668623943	0.0088537892	-0.2473628948	-0.11304077	0.1145865797	0.0872815644	-0.1400669139	0.4145031998	0.1473563609	0.1016659532	0.0177493864	-0.0985090408	-0.0310053974	-0.1916803341	-0.2268151917	-0.1935359465	-0.0039087418	0.1168761764	-0.1489958794	-0.0582420225	0.105107682	-0.0971401699	0.0840614871	-0.0581214031	-0.1120268656	-0.0758831265	-0.0725825904	0.2769259679	0.0137685191	-0.0298688828	0.0967973844	-0.1049642418	0.0017418225	0.013487451	-0.160884119	-0.1527386503	0.1507811905	0.0310943012803051	0.0819254703093008	0.0067117826854001	0.0009668555721103	0.1592397421139537	-0.5241005113473278	0.0253572954685184	0.2746813459945305	0.2433332689778069	-0.1769042294679579	0.0312951064036519	0.0592110797914257	0.0062131505118507	-0.0268458960813538	0.0007207021364108	3.860323928291061e-05	0.0050583054914972	-0.0019133395993342	2.5586454445310727e-05	3.6608684223803584e-06	-0.001213733728592	0.0011051395750401	1.2213334803198127e-06	1.4731495639218385e-06	0.0	0.0	0.0	0.0	0.0	0.0	0.0	0.0	0.0	0.0	0.0	0.0	0.0	1.0
1135.1540890501976	-12.43439761977379	154.6142441666361	1288574.805887384	1525.4926891003624	-31.16728042343925	2327127.944498655	971.3993689932996	1111.6560777892448	-0.8037545163538198	1235779.2352857676	0.6460213225591628	1200.0725091743109	1065.710859046048	1.376919	39.966583	0.4700175480256728	0.3048661014650569	-0.1040744691	0.038310283	-0.0134896026	-0.0526522121	-0.2457397284	0.0103578101	0.0627484962	0.0319881657	-0.140055749	0.2697645176	-0.0069955179	0.0048169697	0.2095603558	0.1761278527	0.1072866445	0.0385720035	0.0687196378	0.0384465076	-0.3511502202	-0.0256181108	0.0245537388	-0.0442698085	0.0843820547	-0.0330426137	0.0382405699	0.0394297078	-0.0193006912	-0.0834530078	-0.0414747405	0.017731881	-0.050734966	-0.0011348518	0.1161083684	-0.1468218631	0.1733697182	-0.2130464225	-0.0640933419	0.0662001984	0.1321240073	0.0044315951	0.1481561549	-0.0098986072	0.0986619277	0.0036742672	-0.0602677724	-0.0514057765	-0.1828101628	-0.2255733793	-0.1728565272	0.0288778473	0.1197343391	-0.1178322317	-0.0269256283	0.0903338973	-0.203762655	0.0290688676	-0.1382911995	-0.2131604809	-0.0097363168	-0.0645948242	0.1224312147	-0.0053448065	-0.0080468875	0.0657640316	0.0106019133	0.0756036127	-0.0343343103	0.0533502948	-0.1531573254	0.1524510324	0.0394012208742822	0.0083069195939771	6.900491314080072e-05	0.0015524562063839	0.1383285401599323	-0.0209112019540214	0.019134785022778	0.0004372783671618	0.3687154246991113	0.1253821557213043	0.0157206849733214	0.135951064411046	0.0013571233314211	-0.0048560271804296	2.358099997707105e-05	1.8417837366875048e-06	0.0036677305712911	-0.001390574920206	1.345224754358334e-05	1.9336986087062e-06	-0.0011519904141003	6.17433144917e-05	3.812236884420971e-09	1.3270819141789806e-06	0.0	0.0	0.0	0.0	0.0	0.0	0.0	0.0	0.0	0.0	0.0	0.0	0.0	0.0
1136.9908666840058	1.8367776338081967	3.3737520760580377	1292748.2309228466	1523.6568525928562	-1.835836507506201	2321530.204453169	3.370295682292566	1114.8377948010427	3.1817170117979003	1242863.3087168518	10.12332314316416	1203.0066604325812	1033.455809571294	0.919394	26.686428	0.1216875196316219	0.0614573309289606	-0.0914317194	0.0152972849	-0.0097894289	-0.0558823069	-0.214003938	-0.0057167115	0.039772366	-0.0478274381	-0.1150052536	0.1420884935	-0.0290408824	-0.0171523867	0.1231817254	0.2515834149	-0.0221583915	0.0059669189	0.0832772435	0.2048080333	-0.2191240851	-0.0013658306	0.1205186424	0.054729282	0.1627155578	-0.0991829355	0.0996529544	0.0470096035	0.1156028392	0.0009705397	-0.0681049278	0.0854787473	-0.0314772764	-0.0261617956	0.1247716166	-0.0464746652	0.1468108165	-0.167609003	-0.0622082556	0.0174272531	0.0497452331	0.0761526876	0.1846202697	-0.1118023605	0.0563607939	0.1020566888	-0.0378982435	-0.0546014155	-0.1816861512	-0.2245795467	-0.2129229878	0.088617078	0.1255394962	-0.1620229349	-0.045332657	0.0006864788	-0.0512611311	0.006886487	-0.1359237661	-0.1349335639	-0.0703011125	0.0393192813	0.0799899639	0.0311458821	-0.2155813759	-0.048776034	0.122826235	0.1632256957	-0.0375312548	0.0616153668	-0.153366806	0.1532882396	0.0369496526231074	-0.0024515682511748	6.010186890168289e-06	0.0013652768289683	0.1663937183623431	0.0280651782024108	0.0276868695104467	0.000787654227533	0.4093908239387076	0.0406753992395963	0.0016544881033005	0.1676008467252139	0.0013790509567823	2.1927625361200034e-05	4.80820753981143e-10	1.9017815414021768e-06	0.0031730534232938	-0.0004946771479973	1.0068268027076505e-05	2.447054807507426e-07	-0.00065868770869	0.0004933027054102	2.433475591651211e-07	4.338694975792824e-07	0.0	0.0	0.0	0.0	0.0	0.0	0.0	0.0	0.0	0.0	0.0	0.0	0.0	0.0
