#!ascii label  , from subject sub-v2s4x29604_ses-1 vox2ras=TkReg
2284
31160  -20.485  -31.924  83.249 0.4444440007
108853  -20.884  -30.848  83.168 0.5555559993
104751  -21.162  -32.459  82.870 0.4444440007
31164  -21.780  -32.462  82.393 0.4444440007
95358  -21.225  -31.521  82.976 0.5555559993
104109  -21.786  -35.160  81.978 0.4444440007
30449  -21.450  -33.415  82.535 0.4444440007
31161  -21.692  -31.589  82.623 0.4444440007
29757  -21.937  -34.644  81.752 0.4444440007
31165  -22.138  -32.468  82.047 0.4444440007
103849  -21.727  -36.261  81.136 0.3333329856
29062  -21.741  -35.489  80.854 0.4444440007
29763  -21.879  -34.753  81.302 0.4444440007
29754  -22.039  -33.949  81.835 0.4444440007
28345  -21.526  -36.858  80.639 0.3333329856
101789  -21.596  -36.132  80.322 0.4444440007
28356  -21.328  -36.705  79.741 0.3333329856
27576  -21.027  -37.271  79.080 0.3333329856
110462  -20.070  -31.163  83.376 0.5555559993
33632  -19.954  -29.850  83.027 0.4444440007
32811  -20.872  -29.998  83.088 0.4444440007
31965  -22.080  -30.862  82.525 0.5555559993
32814  -22.425  -29.724  82.537 0.4444440007
30453  -22.158  -33.265  81.833 0.4444440007
109809  -22.246  -31.766  82.080 0.5555559993
32822  -22.473  -30.222  82.453 0.4444440007
29758  -22.097  -34.010  81.600 0.4444440007
29764  -22.023  -34.037  81.018 0.4444440007
31172  -22.259  -32.407  81.925 0.4444440007
31978  -22.445  -31.383  81.998 0.5555559993
29771  -21.770  -34.729  80.524 0.5555559993
30458  -22.180  -33.165  81.469 0.5555559993
98583  -22.371  -31.157  81.193 0.6666669846
103824  -21.335  -35.996  79.478 0.3333329856
94748  -21.589  -35.395  79.996 0.4444440007
109673  -21.802  -34.035  80.275 0.5555559993
110267  -21.975  -32.508  80.820 0.5555559993
31984  -21.851  -31.689  80.573 0.5555559993
28363  -21.054  -36.551  78.856 0.3333329856
101388  -21.411  -34.540  79.581 0.4444440007
30471  -21.334  -33.432  79.725 0.5555559993
31185  -21.379  -32.372  79.969 0.4444440007
29077  -21.046  -35.816  78.642 0.3333329856
31191  -20.650  -32.247  78.203 0.3333329856
32812  -21.461  -30.248  82.899 0.5555559993
34399  -21.578  -28.708  82.475 0.3333329856
33641  -21.594  -29.671  82.778 0.4444440007
32813  -22.014  -30.119  82.675 0.4444440007
35154  -22.089  -28.489  82.470 0.3333329856
33642  -21.907  -29.220  82.743 0.4444440007
33659  -23.354  -29.467  82.013 0.4444440007
32831  -22.678  -30.425  82.168 0.5555559993
32832  -23.180  -29.911  81.839 0.6666669846
31985  -22.095  -30.943  80.263 0.6666669846
114319  -22.627  -30.548  80.802 0.6666669846
34479  -35.850  -28.687  75.002 0.7777780294
34480  -36.406  -28.618  74.647 0.7777780294
112160  -21.090  -32.019  79.360 0.4444440007
31992  -21.483  -31.443  79.607 0.5555559993
34487  -37.235  -28.639  74.308 0.8888890147
31192  -20.870  -32.631  79.014 0.4444440007
31999  -21.078  -31.690  78.685 0.3333329856
34401  -22.498  -28.648  82.489 0.3333329856
34410  -23.174  -28.491  82.323 0.4444440007
33653  -23.330  -29.003  82.195 0.4444440007
32833  -23.762  -29.455  81.312 0.6666669846
111767  -32.973  -29.377  75.827 0.6666669846
32882  -33.314  -29.762  75.559 0.7777780294
97842  -22.674  -30.387  79.970 0.6666669846
32841  -23.284  -30.007  80.923 0.6666669846
32883  -33.997  -29.704  75.524 0.7777780294
33717  -34.670  -29.435  75.522 0.7777780294
104236  -35.382  -29.145  75.326 0.7777780294
107279  -36.056  -28.232  74.679 0.7777780294
35240  -36.713  -27.978  74.404 0.7777780294
36055  -38.691  -26.524  73.854 0.8888890147
36056  -39.519  -26.587  73.425 0.8888890147
32005  -20.947  -31.653  77.706 0.3333329856
32858  -21.680  -30.949  78.786 0.4444440007
35251  -37.516  -27.731  74.171 0.8888890147
108330  -21.438  -31.142  78.070 0.4444440007
32006  -21.538  -31.104  77.292 0.4444440007
34488  -38.060  -28.506  73.901 0.7777780294
34489  -38.723  -28.179  73.518 0.6666669846
35163  -23.509  -27.535  81.866 0.3333329856
35164  -23.913  -27.726  81.662 0.4444440007
35162  -22.522  -27.996  82.327 0.3333329856
109403  -23.518  -27.950  82.107 0.3333329856
34411  -23.731  -28.331  81.895 0.4444440007
33660  -23.956  -28.843  81.475 0.5555559993
33667  -24.468  -29.093  80.641 0.6666669846
33716  -32.637  -29.712  75.544 0.6666669846
32842  -24.169  -29.619  80.424 0.6666669846
96876  -23.303  -30.264  79.173 0.6666669846
32849  -23.703  -30.053  79.954 0.6666669846
32908  -32.490  -30.589  74.453 0.4444440007
32895  -33.632  -30.139  75.301 0.6666669846
32859  -22.416  -30.536  78.961 0.5555559993
33703  -34.684  -28.766  75.553 0.7777780294
34478  -35.391  -28.364  75.086 0.7777780294
109406  -23.045  -30.493  78.440 0.4444440007
32870  -23.415  -30.732  77.703 0.3333329856
110393  -33.431  -31.163  73.797 0.3333329856
35223  -34.568  -28.296  75.384 0.6666669846
35238  -35.219  -28.031  74.876 0.6666669846
35239  -36.206  -27.821  74.352 0.6666669846
36040  -37.128  -27.356  74.138 0.6666669846
100210  -37.909  -26.930  74.056 0.8888890147
105965  -39.249  -25.916  73.758 0.8888890147
32007  -22.860  -30.829  77.150 0.3333329856
36038  -35.020  -27.758  74.724 0.6666669846
36039  -35.726  -27.691  74.328 0.6666669846
36053  -36.525  -27.268  73.963 0.6666669846
114000  -36.989  -27.207  74.029 0.6666669846
35253  -39.093  -27.438  73.465 0.7777780294
32030  -21.505  -31.091  75.388 0.2222220004
32017  -22.910  -31.037  76.298 0.2222220004
112263  -39.234  -29.050  72.768 0.5555559993
34496  -39.373  -28.421  72.929 0.6666669846
35262  -39.946  -27.502  72.753 0.6666669846
36089  -40.829  -27.150  72.366 0.6666669846
32042  -21.535  -30.977  74.572 0.1111110002
35268  -40.547  -27.962  72.114 0.6666669846
35173  -24.337  -27.506  81.191 0.5555559993
34426  -25.383  -28.319  80.006 0.6666669846
34419  -24.381  -28.111  81.173 0.6666669846
33668  -25.212  -28.820  80.083 0.6666669846
33699  -31.691  -28.940  75.944 0.6666669846
33700  -32.377  -29.185  75.933 0.6666669846
103299  -32.943  -28.899  76.061 0.6666669846
33661  -24.614  -28.578  80.722 0.6666669846
32843  -24.974  -29.505  79.882 0.5555559993
33715  -31.874  -29.427  75.546 0.6666669846
32850  -24.629  -30.035  79.589 0.5555559993
32894  -32.164  -30.012  75.027 0.4444440007
33701  -33.505  -29.244  75.808 0.7777780294
96984  -24.196  -30.296  79.223 0.4444440007
32861  -24.805  -30.541  78.817 0.4444440007
32907  -31.541  -30.191  74.269 0.3333329856
32049  -31.915  -30.666  73.683 0.3333329856
34465  -33.571  -28.679  75.842 0.7777780294
32008  -23.762  -31.158  76.865 0.3333329856
32061  -31.225  -30.641  72.920 0.3333329856
95434  -32.741  -31.080  73.844 0.3333329856
36902  -39.466  -25.260  73.709 0.8888890147
36057  -39.918  -25.812  73.502 0.8888890147
32871  -24.403  -31.207  77.497 0.3333329856
31233  -31.563  -31.164  72.525 0.3333329856
31234  -32.391  -31.387  72.625 0.3333329856
36899  -36.810  -26.652  73.597 0.6666669846
99170  -37.299  -26.727  73.784 0.7777780294
96548  -38.295  -26.256  73.821 0.8888890147
36901  -38.860  -25.712  73.783 0.8888890147
36073  -40.664  -25.677  73.062 0.8888890147
107860  -23.388  -31.341  75.451 0.2222220004
31244  -31.740  -31.447  72.069 0.3333329856
112438  -35.404  -27.552  74.330 0.6666669846
36052  -35.810  -27.161  73.824 0.6666669846
36072  -40.324  -26.512  72.930 0.7777780294
96547  -41.006  -26.346  72.565 0.8888890147
36934  -41.510  -25.580  72.484 0.7777780294
32031  -22.576  -30.994  74.979 0.2222220004
32043  -22.709  -31.063  74.265 0.2222220004
35180  -25.424  -27.896  79.883 0.6666669846
35188  -25.689  -28.074  79.192 0.6666669846
34441  -25.868  -28.722  78.598 0.6666669846
35990  -24.731  -27.027  80.423 0.4444440007
34477  -30.177  -28.691  75.665 0.6666669846
33698  -30.979  -28.405  76.102 0.5555559993
33683  -25.757  -29.146  78.592 0.5555559993
104310  -30.371  -29.180  75.127 0.6666669846
33714  -31.070  -28.999  75.552 0.7777780294
35220  -31.377  -27.778  76.253 0.5555559993
34464  -32.095  -28.474  76.182 0.6666669846
32852  -25.587  -29.744  78.630 0.5555559993
32009  -25.172  -31.270  77.453 0.4444440007
103915  -24.848  -31.115  77.988 0.4444440007
32906  -30.374  -30.060  74.070 0.4444440007
109691  -24.853  -31.501  77.270 0.3333329856
105504  -29.942  -30.758  73.070 0.3333329856
32048  -30.801  -30.364  73.496 0.4444440007
35222  -33.709  -28.140  75.615 0.6666669846
94622  -24.543  -31.541  76.659 0.3333329856
31232  -30.450  -30.902  72.459 0.3333329856
94641  -34.255  -27.578  74.902 0.4444440007
36903  -40.222  -25.015  73.559 0.8888890147
36919  -40.940  -24.791  73.161 0.8888890147
95151  -23.607  -31.452  74.780 0.2222220004
32032  -24.173  -31.611  75.272 0.2222220004
31243  -29.554  -30.829  72.244 0.3333329856
100349  -30.418  -31.195  71.855 0.3333329856
36050  -34.171  -27.209  74.257 0.4444440007
36918  -37.490  -26.220  73.520 0.6666669846
37708  -39.033  -24.927  73.634 0.7777780294
31253  -29.778  -30.973  71.679 0.3333329856
98981  -35.017  -27.108  73.843 0.5555559993
36916  -36.318  -26.429  73.208 0.5555559993
36917  -37.130  -25.973  73.219 0.6666669846
32057  -22.808  -31.171  73.533 0.2222220004
105826  -30.386  -31.362  71.140 0.3333329856
100512  -21.832  -30.897  72.878 0.1111110002
32098  -29.989  -31.179  70.468 0.3333329856
35998  -25.561  -27.202  78.842 0.6666669846
34462  -29.246  -27.756  76.172 0.6666669846
34463  -29.957  -28.024  76.081 0.6666669846
114552  -25.974  -29.175  78.105 0.6666669846
34476  -29.141  -28.368  75.581 0.6666669846
32863  -25.722  -29.966  77.878 0.4444440007
33691  -25.871  -29.549  77.847 0.5555559993
33713  -29.369  -29.123  74.917 0.5555559993
99971  -25.829  -30.099  77.026 0.4444440007
32905  -29.209  -30.132  73.929 0.4444440007
32892  -29.939  -29.636  74.519 0.4444440007
105191  -25.194  -31.521  76.059 0.4444440007
32060  -28.631  -30.693  73.212 0.4444440007
32020  -24.982  -31.662  76.575 0.2222220004
31204  -24.883  -31.678  75.644 0.2222220004
32047  -29.502  -30.482  73.479 0.3333329856
37709  -39.770  -24.492  73.636 0.8888890147
37722  -40.541  -24.214  73.574 1.0000000000
32019  -24.610  -31.657  75.834 0.2222220004
31212  -24.599  -31.670  75.155 0.2222220004
31242  -27.969  -30.817  72.682 0.3333329856
104779  -28.647  -30.734  72.600 0.3333329856
37723  -41.200  -23.990  73.393 0.8888890147
31211  -24.234  -31.630  74.687 0.2222220004
31218  -24.623  -31.671  74.578 0.2222220004
32086  -28.558  -30.667  71.546 0.3333329856
31252  -28.813  -30.759  72.057 0.3333329856
37707  -38.438  -25.191  73.492 0.7777780294
36920  -41.704  -24.502  72.807 0.8888890147
37724  -41.749  -23.759  73.076 0.8888890147
32044  -23.678  -31.484  74.163 0.2222220004
31225  -24.251  -31.632  74.131 0.2222220004
104072  -42.476  -23.966  72.488 0.8888890147
32058  -23.709  -31.465  73.536 0.2222220004
32096  -28.365  -30.499  70.928 0.3333329856
32097  -29.249  -30.810  70.651 0.3333329856
36951  -42.933  -25.374  71.379 0.6666669846
36935  -42.342  -25.008  72.116 0.7777780294
110041  -23.747  -31.428  72.973 0.2222220004
35195  -25.852  -27.873  78.254 0.6666669846
35203  -25.962  -27.703  77.208 0.6666669846
114087  -26.145  -29.071  76.069 0.4444440007
34473  -26.545  -28.286  75.649 0.6666669846
32881  -25.935  -30.529  75.909 0.4444440007
33710  -26.479  -29.323  75.363 0.4444440007
33727  -27.409  -29.548  74.688 0.4444440007
33712  -28.477  -28.906  74.978 0.5555559993
32891  -26.485  -30.579  74.906 0.4444440007
33711  -26.868  -29.802  74.847 0.4444440007
33728  -28.237  -29.555  74.518 0.4444440007
32033  -25.724  -31.204  75.152 0.4444440007
32022  -25.972  -30.926  75.304 0.4444440007
32046  -28.172  -30.589  73.672 0.4444440007
31205  -25.273  -31.509  75.267 0.3333329856
31229  -26.858  -31.248  73.531 0.3333329856
31222  -27.480  -30.952  73.533 0.3333329856
37721  -39.371  -24.095  73.541 0.8888890147
38544  -40.151  -23.736  73.471 1.0000000000
31219  -25.027  -31.691  74.341 0.2222220004
31213  -24.901  -31.685  74.932 0.2222220004
31241  -27.032  -31.152  73.066 0.3333329856
31230  -27.907  -30.910  73.066 0.3333329856
98454  -40.904  -23.549  73.467 1.0000000000
99614  -41.400  -23.425  73.318 0.8888890147
32073  -26.769  -31.039  72.662 0.3333329856
32059  -24.253  -31.551  73.513 0.2222220004
31226  -24.699  -31.676  74.048 0.2222220004
32085  -27.455  -30.647  71.823 0.3333329856
31238  -24.809  -31.551  73.482 0.2222220004
32933  -27.402  -30.314  70.896 0.3333329856
37751  -42.964  -24.579  71.769 0.8888890147
36952  -43.370  -25.599  70.627 0.2222220004
37752  -43.537  -24.657  71.055 0.6666669846
37765  -43.884  -24.958  70.206 0.4444440007
35215  -26.262  -27.539  76.363 0.6666669846
34460  -26.115  -28.437  76.606 0.6666669846
32034  -26.321  -31.085  74.666 0.4444440007
102465  -26.972  -30.849  74.402 0.4444440007
32903  -27.365  -30.247  74.399 0.4444440007
31214  -25.777  -31.360  74.618 0.3333329856
32045  -27.080  -31.062  74.079 0.4444440007
108020  -25.565  -31.599  74.001 0.3333329856
31220  -26.095  -31.477  74.051 0.3333329856
31221  -26.852  -31.222  74.022 0.3333329856
31227  -25.215  -31.639  73.878 0.2222220004
113642  -25.702  -31.521  73.664 0.3333329856
31228  -26.191  -31.416  73.600 0.3333329856
96238  -40.766  -23.117  73.262 0.8888890147
38545  -41.353  -22.989  73.273 1.0000000000
31239  -25.454  -31.488  73.387 0.2222220004
31240  -26.025  -31.336  73.095 0.3333329856
38546  -42.063  -23.088  73.102 0.8888890147
32072  -25.815  -31.199  72.671 0.2222220004
32084  -26.529  -30.854  72.182 0.3333329856
38553  -42.887  -23.068  72.419 0.8888890147
101613  -25.044  -31.390  72.947 0.2222220004
97776  -24.998  -31.134  72.233 0.2222220004
37738  -43.335  -23.783  71.731 0.7777780294
37753  -44.041  -24.169  70.493 0.5555559993
39406  -41.289  -22.499  73.036 0.8888890147
39407  -41.840  -22.330  73.131 0.8888890147
39422  -42.562  -22.280  72.847 0.8888890147
38554  -43.462  -22.995  71.849 0.7777780294
38567  -44.092  -23.537  70.734 0.7777780294
38588  -44.580  -23.575  69.388 0.5555559993
38589  -44.834  -22.896  68.975 0.3333329856
38598  -44.787  -22.960  68.388 0.2222220004
40336  -41.678  -21.714  72.961 1.0000000000
40347  -42.223  -21.553  72.959 0.8888890147
39423  -43.279  -22.332  72.219 0.8888890147
41252  -42.992  -20.616  72.491 0.8888890147
97529  -43.682  -21.716  71.868 0.8888890147
40359  -43.582  -20.915  71.948 0.8888890147
39452  -44.660  -21.900  70.293 0.7777780294
39453  -44.936  -21.849  69.653 0.6666669846
39504  -44.879  -22.581  67.854 0.2222220004
39487  -45.050  -22.330  68.471 0.5555559993
39503  -44.671  -22.775  67.247 0.2222220004
40410  -45.238  -21.761  67.843 0.4444440007
39516  -44.723  -22.261  66.831 0.1111110002
40429  -45.019  -21.693  67.104 0.2222220004
39527  -44.530  -22.271  66.144 0.1111110002
40428  -44.788  -21.791  66.589 0.3333329856
40335  -41.226  -21.889  72.801 0.8888890147
41242  -41.922  -21.007  72.907 1.0000000000
41251  -42.449  -20.759  72.798 1.0000000000
41258  -43.241  -20.099  72.083 0.8888890147
101319  -44.170  -21.762  71.113 0.7777780294
40360  -44.103  -20.964  71.245 0.8888890147
40371  -44.897  -21.227  69.882 0.7777780294
40382  -45.197  -21.355  69.277 0.6666669846
41285  -45.399  -20.773  68.852 0.7777780294
109851  -45.358  -20.957  67.423 0.5555559993
42140  -45.501  -20.022  67.798 0.5555559993
40450  -45.041  -21.057  66.668 0.5555559993
103574  -44.417  -21.329  65.304 0.2222220004
40449  -44.665  -21.547  66.066 0.3333329856
41241  -41.516  -21.062  72.772 0.8888890147
105884  -42.596  -20.037  72.528 1.0000000000
42111  -42.851  -19.418  72.093 1.0000000000
41259  -43.857  -20.239  71.461 1.0000000000
41265  -44.371  -20.386  70.773 0.8888890147
42960  -43.799  -18.839  70.910 1.0000000000
42126  -44.971  -19.840  69.656 0.8888890147
42967  -44.309  -19.197  70.413 0.8888890147
42133  -45.280  -19.991  69.027 0.8888890147
42968  -44.654  -19.137  69.846 0.8888890147
100777  -45.355  -19.449  68.467 0.6666669846
41325  -45.053  -20.265  66.537 0.4444440007
42147  -45.335  -19.534  67.299 0.5555559993
41324  -44.739  -20.651  65.917 0.3333329856
42954  -42.482  -18.725  71.854 1.0000000000
42959  -43.157  -18.784  71.566 1.0000000000
43836  -43.383  -18.229  71.112 1.0000000000
106992  -44.235  -18.551  70.137 1.0000000000
43844  -44.142  -17.758  69.804 1.0000000000
43849  -44.789  -18.284  68.968 0.8888890147
42983  -45.082  -18.600  68.526 0.7777780294
43860  -45.029  -18.155  68.120 0.7777780294
42159  -44.874  -19.770  66.156 0.5555559993
43829  -42.840  -18.027  71.447 1.0000000000
44690  -43.046  -16.690  70.686 1.0000000000
43848  -44.478  -17.573  69.163 1.0000000000
42999  -44.904  -19.041  66.435 0.5555559993
43867  -45.030  -18.334  67.498 0.6666669846
42998  -44.580  -18.395  65.968 0.6666669846
45518  -42.985  -15.792  70.533 1.0000000000
46316  -42.339  -15.292  70.773 1.0000000000
43853  -44.537  -17.302  68.727 1.0000000000
44699  -44.013  -16.913  69.572 1.0000000000
106953  -44.835  -17.790  67.812 0.7777780294
43866  -44.689  -17.758  67.224 0.6666669846
111760  -44.358  -18.414  65.152 0.6666669846
43873  -44.451  -17.717  66.404 0.6666669846
46321  -42.379  -14.490  70.482 0.8888890147
45523  -43.463  -15.534  69.922 1.0000000000
44714  -44.431  -16.786  68.404 0.8888890147
45529  -43.982  -15.659  69.038 1.0000000000
46330  -43.605  -14.756  69.013 1.0000000000
44723  -44.506  -17.104  67.736 0.7777780294
45535  -44.165  -15.972  68.549 0.8888890147
45534  -43.845  -15.258  68.607 0.8888890147
44734  -44.286  -17.072  66.909 0.7777780294
45547  -44.137  -16.476  67.336 0.7777780294
45540  -43.868  -15.369  68.049 0.8888890147
43880  -44.124  -17.627  65.324 0.5555559993
43887  -44.167  -17.992  64.209 0.5555559993
44759  -43.749  -17.005  64.287 0.5555559993
45575  -44.218  -14.981  62.219 0.2222220004
46379  -44.929  -14.431  61.803 0.3333329856
45585  -45.154  -14.714  61.150 0.3333329856
47108  -42.910  -14.153  70.009 1.0000000000
101441  -42.855  -13.509  69.612 1.0000000000
46327  -43.345  -14.783  69.687 1.0000000000
104815  -43.202  -13.990  69.366 1.0000000000
103870  -43.317  -13.769  68.674 1.0000000000
46333  -43.571  -14.460  68.194 1.0000000000
44747  -43.948  -16.971  66.014 0.6666669846
44733  -43.787  -16.296  66.586 0.6666669846
45546  -43.746  -15.599  67.231 0.7777780294
111550  -43.736  -16.752  65.111 0.6666669846
45554  -43.424  -15.344  66.193 0.6666669846
101720  -43.454  -14.767  66.721 0.7777780294
47153  -45.035  -12.561  64.564 0.8888890147
47999  -44.898  -12.214  65.255 0.8888890147
44758  -43.491  -15.945  64.412 0.6666669846
47163  -45.033  -13.088  63.630 0.5555559993
47154  -45.789  -12.461  64.158 0.7777780294
99293  -43.914  -17.250  63.362 0.1111110002
46362  -44.446  -13.827  63.074 0.3333329856
105383  -43.903  -16.543  62.642 0.2222220004
101520  -43.793  -15.631  62.777 0.2222220004
47173  -45.136  -13.573  62.855 0.3333329856
48008  -46.421  -12.180  64.220 0.8888890147
46370  -44.654  -14.156  62.476 0.3333329856
94677  -46.409  -13.028  62.878 0.3333329856
47174  -45.769  -13.208  63.030 0.5555559993
46371  -45.711  -13.615  62.291 0.3333329856
46381  -46.350  -13.595  61.684 0.2222220004
47107  -42.339  -13.576  70.047 1.0000000000
47116  -43.015  -13.105  69.018 1.0000000000
46340  -43.575  -14.679  67.438 0.8888890147
104251  -44.306  -12.702  65.076 0.7777780294
44746  -43.550  -16.074  65.564 0.6666669846
46347  -43.316  -14.258  65.893 0.6666669846
46354  -43.373  -14.029  64.744 0.6666669846
47152  -44.092  -13.156  64.477 0.5555559993
45560  -43.300  -15.082  65.125 0.6666669846
48000  -45.815  -11.966  64.714 0.8888890147
44769  -43.668  -16.323  63.479 0.2222220004
109671  -43.532  -15.473  63.506 0.3333329856
45568  -43.834  -14.653  63.053 0.4444440007
46361  -43.818  -13.834  63.738 0.3333329856
48001  -46.677  -11.705  64.486 0.8888890147
47164  -46.299  -12.667  63.577 0.7777780294
48009  -47.038  -12.237  63.935 0.8888890147
47165  -47.159  -12.629  63.156 0.6666669846
47175  -46.775  -13.126  62.427 0.3333329856
96170  -47.255  -13.163  61.934 0.2222220004
47183  -46.848  -13.523  61.023 0.2222220004
47952  -41.976  -12.761  69.605 1.0000000000
47960  -42.689  -12.540  68.894 1.0000000000
47128  -43.341  -13.460  67.854 1.0000000000
100905  -43.458  -13.969  67.485 0.8888890147
47145  -44.038  -12.639  65.714 0.8888890147
100316  -43.436  -14.037  66.805 0.7777780294
48887  -45.235  -11.050  65.728 1.0000000000
47990  -45.376  -11.550  65.385 0.8888890147
47991  -46.089  -11.430  64.920 0.8888890147
48905  -47.060  -11.284  64.488 0.8888890147
48912  -47.922  -11.795  63.716 0.7777780294
48907  -48.402  -11.473  63.372 0.8888890147
100916  -47.491  -12.802  62.573 0.4444440007
48011  -48.282  -12.045  63.303 0.6666669846
48012  -48.765  -11.794  62.992 0.7777780294
47176  -48.125  -12.700  62.240 0.3333329856
48019  -49.213  -11.752  62.566 0.6666669846
47184  -47.748  -13.039  61.403 0.2222220004
47185  -48.457  -12.650  61.575 0.3333329856
48856  -42.232  -12.255  68.980 1.0000000000
48857  -42.596  -12.121  68.458 1.0000000000
47973  -43.024  -12.102  67.853 1.0000000000
47967  -42.902  -12.508  68.551 1.0000000000
48877  -43.204  -11.428  67.173 1.0000000000
47980  -43.335  -12.546  67.266 1.0000000000
47974  -43.417  -11.850  67.040 1.0000000000
48878  -43.888  -11.273  66.628 1.0000000000
47135  -43.394  -13.288  67.012 0.8888890147
47136  -43.713  -12.566  66.417 0.8888890147
47981  -43.997  -11.824  66.446 1.0000000000
97220  -43.501  -13.326  66.204 0.8888890147
47989  -44.491  -12.043  65.877 0.8888890147
47982  -44.793  -11.489  65.890 1.0000000000
48895  -45.876  -11.039  65.275 1.0000000000
49752  -45.439  -10.534  65.387 1.0000000000
49762  -47.131  -10.831  64.355 1.0000000000
48002  -47.406  -11.783  64.098 0.8888890147
108996  -48.212  -11.016  63.571 1.0000000000
49763  -47.681  -10.794  63.826 1.0000000000
49773  -48.732  -10.944  63.062 1.0000000000
49772  -48.201  -10.736  63.239 1.0000000000
50654  -48.067  -10.552  62.904 1.0000000000
48025  -49.036  -12.242  62.066 0.5555559993
48026  -49.700  -11.601  62.034 0.6666669846
48922  -49.619  -11.145  62.349 0.8888890147
49788  -48.782  -10.601  62.638 1.0000000000
49789  -49.313  -10.757  62.502 1.0000000000
50664  -49.447  -10.254  62.076 1.0000000000
47191  -48.252  -12.789  60.702 0.2222220004
49802  -49.849  -10.527  62.028 0.8888890147
48047  -48.987  -12.370  60.341 0.2222220004
47197  -48.412  -12.672  59.853 0.2222220004
95297  -42.129  -11.351  67.902 1.0000000000
49713  -42.612  -11.647  67.858 1.0000000000
49728  -42.875  -10.946  67.170 1.0000000000
49729  -43.683  -10.783  66.614 1.0000000000
49744  -44.822  -10.536  65.838 1.0000000000
50605  -44.543  -10.295  65.549 1.0000000000
49753  -46.092  -10.686  65.028 1.0000000000
50622  -44.942  -10.227  65.356 1.0000000000
50623  -45.513  -10.320  65.022 1.0000000000
50639  -46.309  -10.539  64.565 1.0000000000
50640  -47.043  -10.556  63.981 1.0000000000
108347  -47.616  -10.619  63.460 1.0000000000
50663  -48.653  -10.422  62.299 1.0000000000
48035  -49.012  -12.359  61.209 0.3333329856
110461  -49.537  -11.919  61.548 0.6666669846
48036  -49.582  -11.919  60.828 0.3333329856
110693  -50.594  -10.757  61.364 0.5555559993
48935  -50.374  -10.311  61.565 0.8888890147
50670  -49.823  -9.753  61.450 1.0000000000
48951  -50.205  -11.478  60.398 0.4444440007
49814  -51.041  -10.154  61.015 0.5555559993
48061  -48.995  -12.312  59.393 0.2222220004
48965  -50.935  -11.001  59.940 0.4444440007
49815  -51.566  -9.573  60.441 0.5555559993
48975  -50.887  -11.066  59.001 0.3333329856
49833  -51.645  -10.399  59.589 0.2222220004
49825  -51.917  -9.798  59.986 0.3333329856
48984  -50.681  -11.051  58.048 0.2222220004
49712  -41.418  -11.318  67.787 1.0000000000
50589  -42.696  -10.686  66.564 1.0000000000
49742  -43.524  -10.537  66.258 1.0000000000
49743  -44.173  -10.451  65.999 1.0000000000
98340  -45.038  -10.076  65.029 1.0000000000
50638  -45.635  -10.257  64.635 1.0000000000
50651  -45.682  -10.230  64.050 1.0000000000
50652  -46.356  -10.392  64.050 1.0000000000
96185  -46.378  -10.412  63.371 1.0000000000
50662  -47.879  -10.474  62.631 1.0000000000
50661  -47.177  -10.464  62.635 1.0000000000
50668  -48.151  -10.331  61.931 1.0000000000
102419  -48.897  -9.928  61.203 1.0000000000
50677  -51.020  -9.462  60.812 0.8888890147
95644  -49.582  -9.382  60.644 1.0000000000
50684  -51.327  -8.801  60.368 0.6666669846
50676  -50.524  -9.264  60.871 1.0000000000
49834  -52.183  -9.459  59.317 0.3333329856
50685  -52.034  -9.001  60.010 0.3333329856
50683  -50.355  -8.789  60.081 0.8888890147
49846  -51.602  -10.381  58.672 0.2222220004
51479  -52.329  -8.535  59.440 0.4444440007
51478  -51.822  -8.230  59.688 0.5555559993
51487  -50.549  -8.265  59.275 0.7777780294
49847  -52.221  -9.493  58.289 0.2222220004
50695  -52.629  -8.430  58.707 0.3333329856
51489  -52.311  -7.747  58.941 0.5555559993
51488  -51.572  -7.560  59.071 0.6666669846
50602  -42.419  -10.607  66.134 1.0000000000
50604  -44.068  -10.326  65.742 1.0000000000
50621  -44.518  -10.183  65.348 1.0000000000
104968  -44.652  -10.056  64.935 1.0000000000
50637  -45.075  -10.090  64.577 0.8888890147
50650  -44.996  -10.217  63.903 0.8888890147
100823  -45.579  -10.410  63.310 0.8888890147
50660  -46.216  -10.570  62.418 0.8888890147
50674  -47.833  -10.246  61.012 1.0000000000
50675  -48.400  -9.868  60.163 1.0000000000
50681  -48.267  -9.870  59.040 1.0000000000
50682  -49.160  -9.284  59.646 1.0000000000
50694  -49.667  -8.831  59.203 1.0000000000
50704  -52.701  -8.526  57.823 0.2222220004
50696  -52.752  -7.656  58.491 0.5555559993
52270  -51.894  -7.007  58.385 0.6666669846
102473  -50.532  -7.977  58.539 0.7777780294
52271  -52.397  -6.881  58.037 0.5555559993
50667  -47.131  -10.508  61.747 0.8888890147
49813  -47.429  -10.394  60.126 1.0000000000
49823  -47.681  -10.243  59.424 0.8888890147
50692  -48.085  -9.910  57.910 0.8888890147
51499  -50.957  -7.410  57.968 0.7777780294
111843  -50.019  -8.216  57.801 0.8888890147
52288  -52.399  -6.482  57.151 0.5555559993
52287  -51.815  -6.735  57.581 0.6666669846
50693  -48.861  -9.285  58.635 1.0000000000
104544  -48.749  -9.223  57.795 1.0000000000
51497  -49.158  -8.772  57.210 0.8888890147
52297  -51.851  -6.374  56.491 0.7777780294
51520  -50.854  -7.245  56.816 0.8888890147
52298  -52.494  -5.966  55.716 0.7777780294
50703  -48.327  -9.458  57.010 1.0000000000
51518  -49.248  -8.566  56.394 0.8888890147
52306  -51.632  -6.313  55.365 0.7777780294
97736  -49.868  -8.060  56.067 1.0000000000
97446  -51.443  -6.441  54.468 0.7777780294
50712  -48.608  -9.088  56.301 0.7777780294
51531  -48.921  -8.723  55.566 0.7777780294
52305  -50.822  -7.027  54.806 0.7777780294
51542  -50.014  -7.883  54.645 0.8888890147
52314  -50.545  -7.412  54.076 0.8888890147
105018  -48.256  -9.193  54.992 0.7777780294
51541  -48.952  -8.645  54.584 0.7777780294
51550  -48.642  -8.935  53.836 0.6666669846
51551  -49.531  -8.361  53.757 0.7777780294
51562  -49.663  -8.529  52.822 0.6666669846
51572  -49.956  -8.796  51.971 0.4444440007
50783  -49.692  -9.590  50.626 0.2222220004
50797  -49.234  -10.055  50.230 0.2222220004
50798  -49.982  -9.919  49.800 0.3333329856
49927  -49.681  -10.401  49.040 0.3333329856
49941  -49.486  -10.754  48.435 0.3333329856
50739  -48.147  -9.250  54.255 0.6666669846
50752  -48.012  -9.422  53.461 0.6666669846
50764  -48.289  -9.469  52.620 0.5555559993
51561  -48.819  -8.972  53.158 0.6666669846
50765  -49.097  -9.161  52.328 0.5555559993
50772  -48.561  -9.639  51.816 0.5555559993
50773  -49.388  -9.386  51.464 0.3333329856
50782  -48.780  -9.923  50.918 0.3333329856
49940  -48.745  -10.693  48.776 0.3333329856
49109  -49.826  -11.069  47.928 0.3333329856
111297  -47.365  -9.872  53.461 0.6666669846
50763  -47.502  -9.874  52.766 0.6666669846
112963  -47.910  -9.822  52.121 0.5555559993
50781  -47.980  -10.068  51.421 0.5555559993
49911  -48.027  -10.265  50.681 0.5555559993
49912  -48.525  -10.293  50.147 0.4444440007
99142  -48.318  -10.498  49.466 0.4444440007
49887  -46.855  -10.272  52.476 0.6666669846
49899  -47.324  -10.166  51.927 0.5555559993
95176  -47.209  -10.368  50.950 0.5555559993
49924  -46.948  -10.694  49.430 0.4444440007
49925  -47.631  -10.754  48.930 0.5555559993
49090  -48.074  -11.084  48.065 0.3333329856
49091  -48.983  -11.078  47.932 0.4444440007
49108  -48.448  -11.260  47.260 0.4444440007
101443  -49.341  -11.452  47.149 0.4444440007
49089  -47.088  -11.091  48.083 0.4444440007
49106  -46.537  -11.074  47.257 0.4444440007
109541  -48.726  -11.401  46.593 0.3333329856
49124  -48.608  -11.369  45.895 0.3333329856
112814  -49.507  -11.336  44.160 0.2222220004
49976  -51.213  -10.531  43.407 0.2222220004
50846  -52.435  -9.416  43.322 0.2222220004
50847  -53.225  -9.678  43.169 0.2222220004
100546  -47.158  -11.080  46.662 0.3333329856
49123  -47.275  -10.929  45.906 0.3333329856
101853  -47.967  -11.204  46.468 0.2222220004
109178  -48.042  -11.080  45.739 0.3333329856
49135  -49.162  -11.694  45.387 0.2222220004
49134  -48.556  -11.235  45.240 0.2222220004
49139  -49.212  -11.456  44.654 0.2222220004
49971  -49.105  -10.868  44.152 0.2222220004
49974  -49.605  -10.307  43.683 0.2222220004
108545  -50.921  -9.904  43.423 0.2222220004
50845  -51.646  -9.752  43.366 0.2222220004
107849  -51.865  -9.095  43.389 0.2222220004
49977  -52.322  -10.368  43.241 0.2222220004
96403  -47.867  -10.848  45.267 0.2222220004
49970  -48.457  -10.325  44.305 0.2222220004
49973  -48.986  -10.163  43.875 0.2222220004
50844  -50.278  -9.505  43.501 0.2222220004
102698  -51.173  -9.219  43.419 0.2222220004
51650  -52.503  -8.584  43.404 0.2222220004
103426  -53.099  -9.044  43.296 0.2222220004
49122  -46.497  -10.888  46.431 0.3333329856
49132  -46.457  -10.562  45.776 0.2222220004
49133  -47.143  -10.528  45.259 0.2222220004
49967  -46.473  -10.111  45.223 0.2222220004
49137  -47.788  -10.445  44.769 0.2222220004
50841  -47.847  -9.646  44.339 0.2222220004
50843  -49.367  -9.505  43.662 0.2222220004
51647  -49.799  -8.571  43.583 0.2222220004
51648  -50.747  -8.571  43.464 0.3333329856
51649  -51.593  -8.518  43.433 0.2222220004
50842  -48.621  -9.557  43.909 0.2222220004
51644  -48.259  -8.664  44.006 0.3333329856
51646  -49.006  -8.867  43.716 0.2222220004
102900  -52.078  -7.779  43.480 0.2222220004
104351  -53.011  -7.734  43.453 0.2222220004
51651  -53.514  -8.441  43.293 0.2222220004
52399  -55.859  -7.790  42.631 0.2222220004
52397  -55.798  -6.845  42.653 0.2222220004
113663  -47.565  -8.895  44.330 0.2222220004
105500  -47.600  -8.135  44.438 0.2222220004
52387  -48.365  -7.462  44.278 0.2222220004
52390  -49.056  -8.064  43.777 0.3333329856
94818  -48.850  -6.454  44.626 0.2222220004
52388  -49.286  -7.092  44.020 0.3333329856
114464  -49.732  -7.711  43.694 0.3333329856
53122  -50.109  -6.901  43.840 0.3333329856
52391  -50.424  -7.778  43.567 0.3333329856
102275  -51.228  -7.818  43.478 0.3333329856
52394  -52.430  -6.905  43.537 0.3333329856
105869  -54.129  -7.675  43.234 0.2222220004
52395  -53.420  -6.940  43.448 0.3333329856
51652  -54.483  -8.486  43.055 0.2222220004
105380  -55.038  -7.964  42.972 0.2222220004
52396  -55.078  -7.248  43.032 0.2222220004
53127  -55.776  -6.068  42.626 0.2222220004
53938  -56.118  -5.410  42.247 0.2222220004
53935  -55.307  -5.369  42.890 0.2222220004
108301  -55.543  -4.656  42.665 0.2222220004
55475  -55.872  -3.243  41.906 0.2222220004
53118  -49.707  -6.187  44.427 0.3333329856
52392  -50.940  -6.934  43.658 0.3333329856
52393  -51.665  -7.138  43.553 0.3333329856
53123  -51.624  -6.267  43.755 0.3333329856
100641  -52.945  -6.322  43.602 0.3333329856
112357  -54.291  -6.849  43.264 0.3333329856
53125  -53.782  -6.043  43.434 0.3333329856
53126  -54.988  -6.278  43.095 0.2222220004
53934  -54.484  -5.405  43.293 0.3333329856
54743  -54.623  -4.347  43.362 0.2222220004
54744  -55.366  -3.717  42.786 0.2222220004
57045  -55.494  -1.444  41.339 0.2222220004
56272  -55.396  -1.981  42.234 0.2222220004
53119  -50.656  -5.930  44.206 0.3333329856
53124  -52.350  -6.115  43.701 0.3333329856
56262  -54.493  -2.151  43.871 0.2222220004
55464  -54.630  -3.107  43.547 0.2222220004
56271  -54.783  -1.649  43.258 0.2222220004
55474  -55.131  -2.576  42.961 0.2222220004
57044  -54.960  -1.191  42.553 0.2222220004
95446  -52.042  -5.591  43.971 0.3333329856
53932  -52.825  -5.471  43.857 0.3333329856
55437  -51.761  -2.608  47.449 0.2222220004
112499  -51.912  -2.097  47.395 0.2222220004
55438  -52.434  -2.243  47.021 0.2222220004
54742  -53.774  -4.117  43.990 0.3333329856
56243  -53.010  -1.961  46.526 0.2222220004
57024  -53.360  -1.837  45.914 0.2222220004
55463  -54.088  -3.462  43.970 0.2222220004
94711  -54.072  -2.606  44.424 0.2222220004
57029  -53.766  -1.685  45.081 0.2222220004
57036  -53.915  -1.280  44.429 0.2222220004
53926  -50.885  -4.988  44.996 0.2222220004
96802  -51.482  -4.687  44.998 0.2222220004
53931  -51.436  -5.359  44.367 0.3333329856
53927  -52.147  -4.781  44.559 0.3333329856
54730  -52.690  -3.845  45.159 0.3333329856
54741  -53.077  -4.442  44.323 0.3333329856
55448  -53.602  -2.270  45.561 0.2222220004
54731  -53.533  -3.371  44.762 0.2222220004
55447  -53.005  -2.451  46.465 0.3333329856
56256  -54.097  -1.967  44.724 0.2222220004
55457  -53.189  -3.042  45.750 0.3333329856
49107  -47.548  -11.181  47.303 0.4444440007
31960  -20.093  -30.436  83.294 0.5555559993
30452  -21.975  -33.336  82.103 0.4444440007
31964  -21.610  -30.829  82.799 0.5555559993
29058  -21.807  -35.543  81.579 0.4444440007
31970  -22.082  -31.651  82.305 0.5555559993
27584  -20.865  -37.095  78.160 0.3333329856
102763  -22.310  -31.014  82.263 0.5555559993
31179  -22.232  -32.083  81.492 0.5555559993
30465  -21.869  -33.276  80.561 0.5555559993
32840  -22.751  -30.474  81.608 0.6666669846
114098  -21.286  -35.350  79.245 0.4444440007
28372  -20.862  -36.377  77.995 0.3333329856
29776  -20.976  -34.866  78.476 0.3333329856
30477  -20.886  -33.762  78.822 0.5555559993
28371  -20.788  -36.857  77.322 0.3333329856
29084  -20.829  -35.640  77.780 0.3333329856
33640  -21.007  -29.354  82.755 0.3333329856
34400  -21.839  -29.027  82.664 0.3333329856
33643  -22.734  -29.179  82.480 0.4444440007
32823  -22.858  -29.612  82.378 0.4444440007
102305  -23.107  -30.051  82.092 0.4444440007
31993  -21.983  -30.798  79.518 0.5555559993
97419  -23.074  -27.938  82.316 0.3333329856
32035  -33.025  -30.328  75.119 0.7777780294
32896  -34.616  -30.084  75.240 0.6666669846
98841  -34.083  -30.226  75.164 0.6666669846
107892  -22.151  -30.797  76.979 0.4444440007
105962  -22.235  -30.646  77.906 0.4444440007
34495  -38.758  -29.032  73.238 0.5555559993
35972  -22.991  -27.499  82.016 0.3333329856
33702  -34.098  -29.052  75.709 0.7777780294
32050  -33.221  -30.836  74.429 0.3333329856
34466  -34.119  -28.579  75.618 0.6666669846
32860  -24.081  -30.637  78.418 0.4444440007
32063  -32.954  -31.355  73.239 0.3333329856
35237  -34.396  -27.939  75.218 0.6666669846
35252  -38.298  -27.474  73.917 0.8888890147
36054  -37.622  -26.751  73.912 0.7777780294
32880  -21.643  -31.050  76.313 0.2222220004
36051  -34.967  -27.427  74.362 0.6666669846
95463  -22.396  -30.959  75.645 0.2222220004
34420  -24.935  -28.286  80.444 0.6666669846
35982  -24.439  -27.084  80.984 0.4444440007
35174  -24.864  -27.684  80.511 0.5555559993
33675  -25.507  -29.301  79.306 0.5555559993
32851  -25.253  -30.033  79.144 0.5555559993
32062  -32.198  -31.108  73.142 0.3333329856
32018  -23.997  -31.469  76.007 0.3333329856
110350  -31.078  -31.304  72.085 0.3333329856
31254  -31.092  -31.507  71.590 0.3333329856
36090  -41.546  -26.655  71.891 0.7777780294
32056  -21.613  -30.898  73.734 0.1111110002
35187  -25.394  -27.386  79.605 0.6666669846
34427  -25.577  -28.396  79.531 0.6666669846
34434  -25.691  -28.658  79.074 0.6666669846
33669  -25.588  -28.739  79.411 0.5555559993
32893  -31.100  -29.614  74.883 0.5555559993
32862  -25.306  -30.548  78.246 0.5555559993
36900  -37.985  -26.052  73.669 0.7777780294
32087  -29.502  -30.958  71.222 0.3333329856
36071  -35.448  -26.690  73.273 0.6666669846
35997  -25.227  -26.827  79.261 0.6666669846
34451  -26.041  -28.597  77.665 0.6666669846
32872  -25.664  -30.511  77.188 0.4444440007
33729  -29.019  -29.740  74.334 0.4444440007
32000  -25.508  -30.716  77.532 0.4444440007
102238  -25.714  -30.724  76.606 0.4444440007
32904  -28.233  -30.192  74.069 0.4444440007
32021  -25.634  -31.168  75.913 0.3333329856
32010  -25.463  -31.191  76.799 0.4444440007
32074  -27.741  -30.792  72.393 0.3333329856
32947  -28.947  -30.558  70.085 0.3333329856
110180  -28.220  -30.291  70.330 0.2222220004
33697  -26.080  -29.896  76.152 0.4444440007
99202  -26.017  -29.345  77.093 0.6666669846
33726  -27.003  -28.892  74.931 0.6666669846
32890  -26.405  -30.147  75.400 0.4444440007
34486  -27.734  -29.094  74.832 0.6666669846
110641  -27.543  -30.684  74.062 0.4444440007
99179  -25.360  -31.573  74.512 0.2222220004
32071  -24.226  -31.373  72.638 0.2222220004
31215  -26.380  -31.314  74.255 0.3333329856
108688  -24.280  -31.033  71.645 0.2222220004
99575  -43.815  -23.893  71.074 0.5555559993
38566  -43.835  -23.259  71.276 0.6666669846
39437  -43.834  -22.484  71.531 0.8888890147
39438  -44.285  -22.753  70.699 0.7777780294
38578  -44.368  -23.526  70.133 0.5555559993
39468  -44.703  -22.665  69.747 0.6666669846
39469  -45.059  -22.115  69.133 0.6666669846
40348  -43.014  -21.430  72.554 0.8888890147
40370  -44.561  -21.128  70.584 0.7777780294
40394  -45.312  -21.544  68.629 0.5555559993
39517  -44.889  -22.217  67.354 0.1111110002
100482  -44.490  -22.848  66.553 0.1111110002
98146  -44.396  -21.958  65.569 0.2222220004
41276  -45.150  -20.610  69.469 0.8888890147
41266  -44.797  -20.493  70.111 0.7777780294
98992  -45.483  -20.888  68.164 0.6666669846
107665  -45.462  -20.221  68.468 0.6666669846
110130  -45.309  -20.235  67.071 0.5555559993
41343  -44.440  -20.497  65.009 0.2222220004
42110  -42.251  -19.393  72.302 1.0000000000
42117  -43.515  -19.490  71.581 1.0000000000
42118  -44.089  -19.660  70.908 1.0000000000
42125  -44.587  -19.781  70.291 0.8888890147
43837  -43.762  -18.014  70.507 1.0000000000
42975  -44.989  -19.082  69.137 0.8888890147
43845  -44.579  -18.380  69.480 0.8888890147
42988  -45.329  -18.962  67.822 0.7777780294
42153  -45.151  -19.609  66.777 0.5555559993
100157  -43.219  -17.547  70.893 1.0000000000
42993  -45.169  -18.955  67.099 0.6666669846
102191  -44.611  -19.153  65.539 0.5555559993
44689  -42.303  -16.171  71.114 1.0000000000
44691  -43.653  -17.199  70.223 1.0000000000
44705  -44.278  -16.592  69.015 1.0000000000
43854  -44.788  -17.902  68.641 0.8888890147
42992  -44.841  -18.385  66.800 0.6666669846
46322  -42.958  -14.944  70.318 1.0000000000
107689  -41.821  -15.599  71.060 1.0000000000
43859  -44.706  -17.528  68.277 0.8888890147
44698  -43.574  -16.344  70.057 1.0000000000
45524  -43.870  -16.067  69.466 1.0000000000
45541  -44.213  -16.211  67.925 0.7777780294
110991  -45.604  -14.076  61.537 0.3333329856
47115  -42.542  -12.918  69.380 1.0000000000
44777  -44.094  -15.861  62.012 0.2222220004
47122  -43.140  -12.876  68.258 1.0000000000
45567  -43.350  -14.804  64.029 0.4444440007
47144  -43.638  -13.298  65.357 0.5555559993
48886  -44.582  -11.119  66.189 1.0000000000
48896  -46.470  -11.166  64.867 0.8888890147
48010  -47.684  -12.193  63.592 0.5555559993
48913  -49.058  -11.312  62.819 1.0000000000
47166  -47.942  -12.461  62.980 0.5555559993
48018  -48.619  -12.209  62.750 0.6666669846
107251  -44.277  -10.734  66.303 1.0000000000
49761  -46.663  -10.869  64.734 1.0000000000
48906  -47.732  -11.287  63.993 1.0000000000
50653  -47.200  -10.487  63.327 1.0000000000
102557  -50.134  -11.363  61.307 0.5555559993
48934  -50.155  -10.959  61.876 0.6666669846
50669  -49.104  -10.157  61.800 1.0000000000
109348  -50.055  -10.007  61.747 0.8888890147
49727  -42.037  -11.038  67.255 1.0000000000
48952  -50.855  -10.907  60.775 0.4444440007
50671  -50.527  -9.743  61.305 1.0000000000
48048  -49.543  -11.956  60.064 0.2222220004
49824  -51.469  -10.350  60.319 0.4444440007
48964  -49.967  -11.646  59.377 0.3333329856
97435  -51.267  -10.362  57.633 0.2222220004
51477  -51.251  -8.179  59.864 0.7777780294
50705  -53.034  -8.004  58.001 0.3333329856
52256  -52.521  -7.306  58.437 0.5555559993
52255  -51.956  -6.979  58.761 0.6666669846
96304  -44.365  -10.200  64.382 0.8888890147
51498  -49.605  -8.675  58.336 0.8888890147
49801  -46.414  -10.755  61.473 0.8888890147
51519  -50.001  -8.086  57.015 0.8888890147
109969  -52.494  -6.203  56.432 0.6666669846
102023  -52.343  -5.717  54.919 0.7777780294
51532  -50.657  -7.276  55.621 0.8888890147
109462  -49.629  -8.147  55.257 0.7777780294
109000  -48.281  -9.272  55.648 0.8888890147
51552  -50.416  -7.831  53.280 0.8888890147
50725  -47.778  -9.646  55.372 0.7777780294
50784  -50.594  -9.281  50.343 0.3333329856
49926  -49.098  -10.353  49.592 0.3333329856
101188  -47.621  -10.479  49.954 0.4444440007
49910  -46.699  -10.632  50.137 0.4444440007
49073  -46.650  -10.877  48.776 0.4444440007
49125  -49.215  -11.703  46.219 0.3333329856
49138  -48.487  -10.908  44.736 0.2222220004
49975  -50.371  -10.464  43.551 0.2222220004
53117  -48.148  -6.680  44.871 0.1111110002
54754  -56.049  -4.415  42.071 0.2222220004
53933  -53.715  -4.974  43.684 0.3333329856
57030  -54.235  -1.559  44.194 0.2222220004
56251  -53.278  -2.077  46.225 0.2222220004
34515  -40.410  -28.715  71.338 0.1111110002
35269  -41.180  -27.537  71.707 0.2222220004
36091  -42.229  -25.928  71.670 0.5555559993
33751  -40.556  -28.771  70.703 0.1111110002
35289  -41.554  -27.851  70.519 0.1111110002
110514  -41.861  -27.441  70.744 0.2222220004
36107  -42.184  -26.628  71.278 0.5555559993
36108  -42.739  -26.175  70.975 0.5555559993
34519  -40.631  -28.774  69.991 0.1111110002
34520  -41.171  -28.353  70.268 0.1111110002
35290  -42.106  -27.398  70.236 0.2222220004
35281  -42.388  -26.926  70.659 0.2222220004
34506  -39.614  -29.002  72.345 0.4444440007
33747  -39.285  -29.463  72.124 0.4444440007
34507  -40.240  -28.626  71.913 0.4444440007
99014  -39.519  -29.396  71.003 0.2222220004
33750  -40.002  -29.137  71.171 0.1111110002
33766  -39.446  -29.377  70.228 0.1111110002
33780  -39.186  -29.180  69.306 0.1111110002
33767  -39.959  -29.076  69.685 0.1111110002
34529  -40.490  -28.559  69.175 0.1111110002
34521  -41.750  -27.770  69.878 0.1111110002
96084  -38.447  -29.162  69.231 0.1111110002
113601  -38.689  -28.905  68.694 0.1111110002
34537  -37.110  -28.421  67.393 0.1111110002
33796  -37.443  -28.667  68.277 0.1111110002
100112  -38.948  -28.438  67.782 0.1111110002
32926  -38.576  -29.975  72.009 0.2222220004
32938  -38.570  -29.819  71.480 0.2222220004
33755  -38.948  -29.572  70.884 0.2222220004
33753  -37.354  -29.703  70.571 0.2222220004
33765  -38.742  -29.436  70.074 0.1111110002
33778  -36.847  -28.819  69.052 0.1111110002
33779  -37.715  -28.996  69.123 0.1111110002
33793  -34.552  -28.822  67.749 0.1111110002
33795  -36.552  -28.627  68.109 0.1111110002
29747  -18.792  -34.262  83.422 0.3333329856
113742  -37.734  -29.066  74.042 0.7777780294
33732  -38.089  -29.400  73.656 0.6666669846
33741  -38.472  -29.758  73.074 0.4444440007
111909  -37.562  -30.451  72.381 0.2222220004
33754  -38.155  -29.761  70.907 0.2222220004
32937  -37.170  -30.175  71.361 0.2222220004
37737  -38.457  -23.919  72.941 0.5555559993
39404  -39.482  -23.248  73.061 0.5555559993
96046  -40.121  -23.187  73.153 0.7777780294
40334  -40.820  -21.997  72.642 0.5555559993
33752  -36.603  -29.684  70.490 0.1111110002
32936  -36.367  -30.157  71.099 0.2222220004
37750  -38.633  -23.416  72.061 0.3333329856
112118  -38.945  -23.376  72.908 0.5555559993
38552  -39.285  -22.929  72.497 0.5555559993
39421  -40.063  -22.647  72.722 0.5555559993
33776  -34.764  -29.017  68.700 0.1111110002
33761  -35.105  -29.346  69.577 0.1111110002
31150  -16.638  -32.920  83.679 0.2222220004
31952  -15.838  -32.515  83.292 0.1111110002
31962  -15.800  -32.042  82.817 0.1111110002
32910  -36.340  -30.286  73.993 0.3333329856
33719  -36.740  -29.188  74.472 0.7777780294
32067  -36.219  -30.563  73.081 0.2222220004
33740  -37.877  -30.004  73.458 0.2222220004
32079  -36.326  -30.603  72.624 0.2222220004
32919  -37.997  -30.321  72.533 0.2222220004
42109  -41.831  -19.274  72.234 0.8888890147
32924  -36.203  -30.577  71.909 0.2222220004
95223  -37.090  -30.527  72.203 0.2222220004
37719  -37.838  -25.545  73.337 0.5555559993
41250  -41.917  -20.172  72.690 0.6666669846
32090  -35.152  -30.690  71.906 0.2222220004
37736  -37.841  -24.471  72.548 0.4444440007
106531  -38.175  -24.747  73.190 0.4444440007
41240  -41.176  -21.292  72.686 0.5555559993
32935  -34.829  -30.381  71.170 0.2222220004
108728  -35.636  -30.371  71.375 0.2222220004
95809  -37.087  -24.790  71.375 0.3333329856
105426  -38.059  -23.925  72.099 0.4444440007
38565  -39.173  -22.852  71.557 0.3333329856
39435  -39.773  -22.396  72.038 0.4444440007
40358  -40.677  -21.408  71.835 0.5555559993
41264  -40.908  -20.566  70.552 0.5555559993
33760  -34.073  -29.643  69.362 0.1111110002
32950  -34.589  -29.930  70.291 0.1111110002
37749  -37.651  -24.367  71.661 0.2222220004
37764  -38.149  -23.867  71.123 0.2222220004
38576  -38.732  -23.320  71.095 0.3333329856
39450  -39.885  -22.513  71.039 0.3333329856
39436  -40.352  -21.954  71.497 0.3333329856
40369  -40.751  -21.413  70.814 0.3333329856
33774  -32.653  -29.894  68.251 0.1111110002
37763  -37.519  -24.438  70.752 0.2222220004
95067  -38.045  -24.137  70.059 0.2222220004
38585  -38.726  -23.649  70.294 0.1111110002
38586  -39.444  -23.463  69.722 0.1111110002
95147  -40.761  -21.980  69.822 0.1111110002
30447  -20.043  -33.509  83.212 0.3333329856
29750  -21.083  -34.347  82.700 0.3333329856
30448  -20.764  -33.489  82.947 0.3333329856
31155  -17.960  -32.665  83.529 0.2222220004
30446  -19.242  -33.493  83.375 0.3333329856
29749  -20.257  -34.283  83.055 0.3333329856
29050  -21.401  -35.186  82.371 0.3333329856
31154  -17.149  -32.461  83.562 0.2222220004
30440  -17.263  -33.359  83.675 0.2222220004
30443  -18.298  -33.498  83.512 0.3333329856
31953  -16.453  -32.389  83.436 0.2222220004
31956  -16.229  -31.870  83.116 0.2222220004
32819  -16.334  -31.527  82.781 0.1111110002
31969  -16.476  -31.526  82.380 0.1111110002
33730  -36.593  -29.801  74.316 0.5555559993
32053  -35.907  -30.513  73.587 0.2222220004
32078  -35.736  -30.677  72.939 0.2222220004
42953  -41.988  -18.672  71.929 0.8888890147
32103  -34.198  -30.824  71.669 0.1111110002
37735  -37.424  -25.194  72.801 0.4444440007
42108  -41.593  -19.766  72.328 0.7777780294
43828  -42.147  -17.804  71.620 0.8888890147
32102  -33.320  -31.097  71.251 0.1111110002
37748  -36.830  -25.200  72.045 0.3333329856
41249  -41.333  -20.541  72.492 0.5555559993
100376  -40.911  -19.784  71.250 0.5555559993
44679  -42.567  -17.153  71.253 0.8888890147
32114  -32.943  -30.985  70.380 0.1111110002
98877  -36.492  -25.289  71.213 0.1111110002
41257  -40.908  -20.653  71.761 0.5555559993
32961  -32.185  -30.637  68.716 0.1111110002
32949  -33.485  -30.371  69.926 0.1111110002
37762  -36.841  -24.860  70.540 0.1111110002
40381  -40.994  -21.186  69.697 0.1111110002
41274  -40.978  -20.354  69.537 0.1111110002
38587  -40.063  -23.249  69.097 0.1111110002
41275  -41.195  -20.839  68.835 0.1111110002
97153  -37.325  -24.564  69.867 0.1111110002
37778  -37.905  -24.404  69.174 0.1111110002
37779  -38.757  -23.987  69.309 0.1111110002
37780  -39.505  -23.737  69.006 0.1111110002
39467  -40.694  -22.579  69.100 0.1111110002
40392  -41.110  -21.743  68.836 0.1111110002
39486  -40.881  -22.392  68.361 0.1111110002
32999  -28.122  -30.733  64.043 0.1111110002
31158  -18.866  -32.728  83.434 0.3333329856
109626  -20.480  -32.839  83.144 0.3333329856
29753  -21.758  -34.327  82.170 0.3333329856
32805  -16.618  -31.290  83.005 0.1111110002
32806  -17.281  -30.910  83.010 0.1111110002
32804  -16.036  -31.694  83.056 0.1111110002
32820  -16.931  -31.113  82.577 0.2222220004
32829  -17.120  -31.075  81.924 0.1111110002
30482  -20.345  -33.302  77.435 0.3333329856
94808  -35.239  -29.842  75.214 0.4444440007
112924  -35.624  -29.618  75.105 0.6666669846
32909  -35.168  -30.335  74.750 0.3333329856
33718  -36.055  -29.314  74.866 0.6666669846
31203  -20.454  -32.278  76.348 0.2222220004
99537  -34.430  -30.771  73.970 0.1111110002
32052  -35.093  -30.573  73.955 0.3333329856
32029  -20.850  -31.588  75.880 0.2222220004
32064  -34.074  -31.040  73.641 0.1111110002
32065  -34.733  -30.825  73.470 0.2222220004
42952  -41.627  -18.529  71.816 0.8888890147
32041  -20.764  -31.540  74.964 0.1111110002
32076  -33.730  -31.250  72.635 0.1111110002
32077  -35.076  -30.897  72.992 0.2222220004
105580  -41.734  -18.009  71.662 0.8888890147
32088  -32.861  -31.413  71.606 0.1111110002
36933  -36.656  -25.807  72.682 0.4444440007
105832  -41.476  -19.106  71.959 0.6666669846
104956  -41.001  -19.003  71.580 0.5555559993
32101  -32.474  -31.361  70.794 0.1111110002
32122  -31.698  -31.143  69.166 0.1111110002
42124  -40.825  -19.697  70.235 0.1111110002
32082  -23.530  -31.086  71.738 0.1111110002
32120  -30.404  -30.998  68.584 0.1111110002
32121  -30.949  -31.235  68.841 0.1111110002
41283  -40.972  -20.154  68.793 0.1111110002
32095  -23.666  -30.885  70.895 0.1111110002
32929  -23.791  -30.761  69.944 0.1111110002
32131  -30.163  -30.784  67.860 0.1111110002
32974  -31.035  -30.754  67.674 0.1111110002
32942  -23.138  -30.828  69.446 0.1111110002
32943  -24.488  -30.368  69.534 0.1111110002
32129  -29.397  -30.571  67.097 0.1111110002
38595  -39.843  -23.596  68.372 0.1111110002
41284  -41.091  -20.372  68.153 0.1111110002
32956  -23.806  -30.491  69.025 0.1111110002
32138  -29.568  -30.582  66.770 0.1111110002
37796  -38.424  -24.261  68.468 0.1111110002
37797  -39.145  -23.947  68.456 0.1111110002
38596  -40.449  -23.011  68.354 0.1111110002
103437  -41.027  -21.883  67.921 0.1111110002
40393  -41.233  -21.142  68.065 0.1111110002
33785  -23.496  -29.714  67.206 0.1111110002
103880  -28.511  -30.718  66.091 0.1111110002
106975  -24.179  -29.575  67.436 0.1111110002
32997  -27.104  -30.408  64.620 0.1111110002
32990  -28.655  -30.696  65.675 0.1111110002
106491  -23.896  -29.086  65.968 0.1111110002
33812  -24.162  -28.839  65.288 0.1111110002
96189  -28.180  -30.761  64.854 0.1111110002
96302  -23.821  -29.064  64.683 0.1111110002
33813  -26.200  -29.565  64.386 0.1111110002
33007  -26.952  -30.414  63.720 0.1111110002
33820  -23.960  -29.425  63.992 0.1111110002
33826  -25.836  -29.854  63.268 0.1111110002
33014  -24.352  -30.514  62.433 0.1111110002
33015  -24.868  -29.953  62.684 0.1111110002
31159  -19.782  -32.737  83.318 0.3333329856
31957  -17.029  -31.643  83.291 0.2222220004
96449  -17.852  -30.982  83.253 0.1111110002
32810  -17.607  -30.662  82.764 0.2222220004
32821  -17.532  -30.699  82.664 0.2222220004
33658  -18.066  -30.403  82.242 0.1111110002
32830  -17.463  -30.833  82.152 0.1111110002
108392  -17.986  -30.637  81.469 0.1111110002
30476  -20.472  -33.065  78.165 0.3333329856
30485  -20.282  -33.109  76.711 0.2222220004
32051  -33.885  -30.855  74.230 0.3333329856
31197  -20.484  -32.431  77.340 0.2222220004
100991  -33.613  -31.257  73.199 0.1111110002
31255  -31.706  -31.516  71.550 0.2222220004
31245  -32.463  -31.498  72.013 0.2222220004
42951  -41.238  -18.354  71.557 0.6666669846
43826  -41.388  -17.667  71.438 0.8888890147
43827  -41.679  -17.247  71.487 0.8888890147
32100  -31.638  -31.509  70.408 0.1111110002
36950  -36.135  -25.700  71.969 0.3333329856
42966  -40.731  -18.256  70.960 0.4444440007
45510  -41.821  -16.202  71.298 0.8888890147
94699  -30.349  -31.258  69.817 0.1111110002
32112  -31.284  -31.391  69.611 0.1111110002
36932  -35.833  -26.173  72.678 0.2222220004
103185  -40.740  -19.086  70.836 0.4444440007
111288  -40.428  -18.769  69.977 0.3333329856
32083  -25.852  -30.775  71.735 0.1111110002
32110  -30.175  -31.034  69.088 0.1111110002
32111  -30.651  -31.261  69.307 0.1111110002
36949  -35.358  -26.050  71.956 0.1111110002
42132  -40.755  -19.569  69.258 0.1111110002
101652  -40.141  -18.040  69.359 0.1111110002
32930  -24.551  -30.665  70.622 0.1111110002
32931  -25.532  -30.477  70.820 0.1111110002
94515  -26.151  -30.062  70.209 0.1111110002
97980  -35.728  -25.709  71.125 0.1111110002
36963  -36.149  -25.309  70.384 0.1111110002
42982  -40.464  -18.800  68.852 0.1111110002
43852  -40.293  -18.028  68.448 0.1111110002
32944  -25.290  -30.204  69.923 0.1111110002
33759  -25.991  -29.747  69.353 0.1111110002
32118  -29.503  -30.601  68.431 0.1111110002
32119  -29.985  -30.817  68.286 0.1111110002
97590  -36.568  -24.899  69.710 0.1111110002
42139  -40.826  -19.537  68.274 0.1111110002
109160  -24.413  -30.097  68.724 0.1111110002
33758  -25.128  -29.922  68.996 0.1111110002
33772  -25.804  -29.495  68.420 0.1111110002
32972  -28.975  -30.409  67.724 0.1111110002
107194  -29.639  -30.613  67.770 0.1111110002
32130  -29.843  -30.652  67.465 0.1111110002
37777  -37.091  -24.653  69.030 0.1111110002
33771  -24.810  -29.636  68.041 0.1111110002
33787  -25.576  -29.306  67.467 0.1111110002
41297  -40.983  -20.578  67.432 0.1111110002
42146  -40.927  -19.934  67.599 0.1111110002
33786  -24.777  -29.293  67.086 0.1111110002
33803  -25.362  -29.156  66.678 0.1111110002
33804  -26.186  -29.281  66.730 0.1111110002
33805  -27.133  -29.820  67.061 0.1111110002
32982  -27.816  -30.392  66.321 0.1111110002
32137  -29.096  -30.675  66.365 0.1111110002
106254  -26.224  -29.250  65.883 0.1111110002
32989  -27.349  -30.385  65.445 0.1111110002
37795  -37.634  -24.458  68.340 0.1111110002
39502  -40.637  -22.536  67.606 0.1111110002
33802  -24.682  -28.967  66.146 0.1111110002
34554  -25.039  -28.764  65.289 0.1111110002
33814  -26.607  -29.666  65.288 0.1111110002
34565  -25.421  -28.951  64.667 0.1111110002
33821  -24.556  -28.928  64.454 0.1111110002
94868  -24.690  -29.465  63.528 0.1111110002
33006  -24.063  -29.947  63.156 0.1111110002
106720  -18.510  -32.067  83.483 0.2222220004
31963  -19.392  -31.827  83.414 0.3333329856
98149  -17.813  -31.832  83.477 0.2222220004
31958  -18.576  -31.306  83.429 0.2222220004
32807  -18.675  -30.535  83.224 0.2222220004
31959  -19.360  -30.861  83.392 0.4444440007
33637  -18.114  -30.385  82.938 0.2222220004
33631  -19.049  -30.135  82.961 0.3333329856
33651  -18.222  -30.315  82.659 0.2222220004
98815  -18.889  -30.025  82.602 0.2222220004
33652  -18.834  -29.972  82.327 0.1111110002
34407  -19.546  -29.405  81.801 0.1111110002
111294  -41.036  -17.703  71.221 0.4444440007
105384  -41.063  -17.046  71.082 0.7777780294
44676  -41.409  -16.784  71.264 0.8888890147
102381  -40.277  -17.773  70.227 0.3333329856
110329  -40.670  -17.352  70.767 0.7777780294
44688  -41.127  -16.318  70.928 0.7777780294
108969  -30.578  -31.440  70.442 0.2222220004
36069  -33.650  -26.919  73.498 0.1111110002
36070  -34.587  -26.862  73.384 0.2222220004
36088  -35.024  -26.469  72.673 0.2222220004
44697  -40.703  -16.593  70.637 0.7777780294
46315  -41.947  -14.950  70.767 0.8888890147
32923  -26.729  -30.580  71.559 0.1111110002
95205  -29.729  -30.934  69.738 0.2222220004
36087  -34.100  -26.760  72.541 0.1111110002
107230  -40.069  -17.446  68.906 0.1111110002
112058  -40.053  -16.462  69.869 0.3333329856
45528  -40.149  -15.607  69.587 0.4444440007
32932  -26.418  -30.375  70.942 0.1111110002
109353  -26.907  -30.058  70.385 0.1111110002
105749  -28.493  -30.255  69.572 0.2222220004
32109  -29.277  -30.578  69.246 0.1111110002
104911  -29.812  -30.815  68.947 0.1111110002
36106  -34.729  -26.454  71.964 0.1111110002
96619  -40.178  -15.488  68.725 0.3333329856
32945  -26.898  -29.784  69.657 0.1111110002
32959  -28.771  -30.300  68.681 0.1111110002
36948  -34.811  -26.088  71.074 0.1111110002
36962  -35.347  -25.647  70.272 0.1111110002
42987  -40.595  -18.670  67.939 0.1111110002
44713  -40.182  -17.218  68.210 0.1111110002
44704  -40.085  -16.522  69.041 0.2222220004
33773  -26.752  -29.584  68.725 0.1111110002
32957  -27.806  -29.871  68.993 0.1111110002
32958  -28.221  -30.145  68.137 0.1111110002
36981  -35.794  -25.255  69.568 0.1111110002
33789  -27.430  -29.781  68.019 0.1111110002
32971  -28.068  -30.200  67.322 0.1111110002
38605  -40.038  -23.259  67.623 0.1111110002
32808  -19.392  -30.275  83.208 0.2222220004
33639  -20.149  -29.516  82.568 0.3333329856
33638  -19.317  -29.871  82.723 0.2222220004
34398  -19.452  -29.651  82.427 0.1111110002
35989  -24.324  -26.719  80.670 0.1111110002
35236  -33.481  -27.663  75.384 0.3333329856
45516  -41.239  -15.581  70.698 0.7777780294
112026  -41.572  -15.590  70.963 0.8888890147
97021  -33.146  -27.010  74.368 0.1111110002
44687  -40.748  -15.871  70.437 0.7777780294
46314  -41.590  -15.027  70.698 0.7777780294
47095  -41.860  -14.268  70.472 0.7777780294
47951  -41.361  -12.703  69.581 0.8888890147
36068  -32.706  -26.913  73.561 0.1111110002
44696  -40.323  -16.107  70.213 0.6666669846
45515  -40.757  -15.157  70.116 0.7777780294
96630  -33.130  -26.877  72.701 0.1111110002
98862  -40.346  -14.870  69.296 0.4444440007
102784  -40.305  -13.883  68.551 0.4444440007
34409  -20.900  -28.981  82.329 0.1111110002
35171  -21.467  -28.382  82.081 0.1111110002
35161  -22.046  -28.143  82.230 0.1111110002
34408  -20.185  -29.198  82.134 0.1111110002
108846  -22.454  -27.527  81.138 0.1111110002
34475  -27.917  -28.409  75.205 0.5555559993
99121  -32.926  -28.224  76.029 0.4444440007
35221  -32.162  -27.710  76.112 0.4444440007
36037  -32.359  -27.189  75.543 0.4444440007
96731  -33.345  -27.290  75.041 0.2222220004
36888  -30.805  -26.130  75.803 0.3333329856
36025  -31.403  -26.635  75.798 0.3333329856
36049  -32.391  -26.959  75.061 0.2222220004
47094  -41.366  -14.159  70.239 0.7777780294
47105  -41.227  -13.370  69.797 0.7777780294
36898  -30.953  -26.100  75.320 0.2222220004
47093  -41.010  -13.981  69.876 0.7777780294
47950  -40.779  -12.743  69.297 0.8888890147
36048  -31.690  -26.542  74.860 0.1111110002
99876  -40.735  -14.072  69.563 0.7777780294
47104  -40.631  -13.374  69.326 0.7777780294
101624  -25.008  -26.957  79.842 0.5555559993
35194  -25.627  -26.895  77.645 0.5555559993
36004  -25.223  -26.497  78.433 0.5555559993
108065  -25.988  -26.979  76.800 0.5555559993
35218  -29.593  -27.360  76.421 0.5555559993
36013  -29.583  -26.169  76.456 0.3333329856
35219  -30.443  -27.627  76.320 0.4444440007
49703  -41.681  -11.569  68.376 0.8888890147
36880  -30.024  -25.752  76.048 0.3333329856
36015  -31.175  -26.741  76.107 0.4444440007
35206  -31.552  -27.261  76.156 0.4444440007
49702  -41.103  -11.534  68.293 0.8888890147
36887  -30.159  -25.644  75.744 0.2222220004
48842  -40.604  -12.284  68.921 0.7777780294
48866  -42.193  -11.767  68.446 0.8888890147
36914  -30.144  -25.860  73.949 0.1111110002
36915  -30.977  -26.182  74.432 0.1111110002
36010  -26.079  -26.325  76.579 0.6666669846
36021  -26.572  -26.699  76.288 0.5555559993
35217  -28.706  -27.218  76.283 0.5555559993
36024  -29.212  -26.595  76.616 0.4444440007
49701  -40.489  -11.688  68.186 0.7777780294
48865  -39.974  -11.941  68.102 0.6666669846
49726  -41.423  -11.098  67.227 0.7777780294
49711  -40.790  -11.418  67.784 0.7777780294
50587  -41.164  -11.069  66.834 0.7777780294
49724  -40.164  -11.422  67.008 0.5555559993
50599  -40.143  -11.373  66.352 0.6666669846
104579  -39.050  -11.498  65.764 0.5555559993
50600  -40.783  -11.164  66.228 0.6666669846
50601  -41.586  -10.882  66.261 0.7777780294
50603  -43.301  -10.400  65.959 0.8888890147
50620  -43.748  -10.265  65.473 0.7777780294
50616  -39.452  -11.299  65.109 0.6666669846
52289  -52.714  -6.832  57.360 0.4444440007
50617  -40.735  -11.198  65.525 0.6666669846
50618  -41.984  -10.772  65.722 0.6666669846
95435  -40.083  -11.341  65.660 0.6666669846
96208  -41.424  -11.018  65.426 0.6666669846
49750  -38.998  -11.314  65.144 0.5555559993
53023  -52.628  -6.407  56.679 0.4444440007
52307  -53.314  -6.326  55.514 0.4444440007
52299  -53.039  -6.634  56.512 0.4444440007
50635  -43.239  -10.350  65.061 0.6666669846
50634  -42.111  -10.830  65.082 0.6666669846
96034  -40.125  -11.261  64.469 0.6666669846
50631  -38.716  -11.107  64.338 0.4444440007
50630  -38.220  -11.001  64.078 0.3333329856
49767  -37.679  -11.013  63.821 0.3333329856
49766  -36.419  -11.045  63.425 0.2222220004
51500  -52.793  -7.291  58.047 0.4444440007
53034  -52.793  -6.057  55.827 0.5555559993
53045  -53.402  -5.558  54.206 0.4444440007
52308  -53.458  -5.872  54.656 0.6666669846
50646  -41.136  -11.245  64.577 0.6666669846
96450  -38.684  -11.033  63.918 0.4444440007
49768  -37.956  -10.978  63.443 0.3333329856
49778  -35.973  -10.888  62.798 0.1111110002
53051  -53.847  -5.747  53.408 0.4444440007
53056  -53.746  -5.848  52.619 0.3333329856
52323  -51.463  -7.500  52.199 0.5555559993
51563  -50.552  -8.102  52.455 0.6666669846
52334  -54.122  -6.378  51.714 0.4444440007
52341  -52.940  -7.264  51.168 0.4444440007
51574  -51.864  -7.789  51.394 0.4444440007
52342  -53.893  -6.915  50.929 0.4444440007
51585  -53.312  -7.831  50.449 0.4444440007
50648  -43.535  -10.361  64.541 0.6666669846
50647  -42.803  -10.576  64.685 0.6666669846
49769  -41.356  -11.254  64.180 0.6666669846
104302  -40.288  -11.267  64.035 0.6666669846
50644  -38.669  -11.085  63.375 0.3333329856
49780  -37.299  -10.956  62.730 0.3333329856
49779  -36.581  -10.879  62.763 0.1111110002
95114  -36.029  -10.859  62.206 0.1111110002
53040  -53.085  -5.584  55.006 0.6666669846
53044  -52.887  -5.360  54.439 0.6666669846
53050  -53.310  -5.547  53.536 0.6666669846
52324  -53.046  -5.949  52.747 0.4444440007
94669  -52.024  -6.537  53.016 0.6666669846
52315  -51.254  -6.882  53.645 0.6666669846
52332  -52.487  -6.820  52.006 0.4444440007
108237  -51.105  -7.386  52.903 0.7777780294
52333  -53.483  -6.387  51.825 0.4444440007
52343  -54.516  -7.051  50.901 0.4444440007
49771  -43.684  -10.507  63.879 0.6666669846
50649  -44.391  -10.433  63.584 0.6666669846
108638  -39.472  -11.249  63.356 0.4444440007
94695  -38.658  -11.148  62.909 0.3333329856
49781  -38.029  -11.068  62.795 0.3333329856
108069  -36.691  -10.871  62.109 0.1111110002
52316  -52.108  -5.864  54.041 0.6666669846
50738  -47.679  -9.626  54.678 0.5555559993
53049  -52.739  -5.647  53.604 0.6666669846
50751  -46.921  -10.142  53.827 0.5555559993
103710  -47.520  -9.690  54.023 0.5555559993
49879  -45.478  -10.684  53.298 0.4444440007
49880  -46.213  -10.416  53.554 0.4444440007
49014  -44.125  -11.235  53.470 0.3333329856
49015  -44.823  -10.975  53.126 0.3333329856
50762  -46.830  -10.204  53.150 0.5555559993
101430  -42.837  -12.045  53.149 0.3333329856
110739  -43.426  -11.657  53.521 0.3333329856
49025  -43.520  -11.630  52.824 0.3333329856
49027  -45.216  -10.858  52.534 0.4444440007
49886  -46.078  -10.490  52.675 0.5555559993
49026  -44.320  -11.249  52.459 0.3333329856
107260  -45.680  -10.737  51.936 0.4444440007
48124  -42.862  -12.131  52.316 0.2222220004
49037  -43.554  -11.756  51.978 0.3333329856
49039  -44.925  -11.121  51.579 0.3333329856
49052  -43.529  -11.946  51.098 0.3333329856
48152  -42.713  -12.295  50.587 0.2222220004
49784  -43.088  -10.975  63.437 0.6666669846
50659  -44.937  -10.464  63.260 0.6666669846
49783  -41.990  -11.271  63.684 0.6666669846
49782  -40.696  -11.412  63.582 0.6666669846
49787  -45.268  -10.677  62.599 0.7777780294
49795  -38.265  -11.182  62.308 0.2222220004
49794  -37.420  -10.982  62.001 0.2222220004
110738  -46.005  -10.708  54.634 0.5555559993
49865  -46.652  -10.446  55.039 0.6666669846
49009  -45.254  -11.026  54.693 0.4444440007
49873  -46.410  -10.403  54.259 0.5555559993
49008  -44.402  -11.244  54.352 0.3333329856
49872  -45.703  -10.667  54.031 0.4444440007
49871  -44.957  -10.946  53.823 0.3333329856
105543  -46.383  -10.579  50.836 0.3333329856
49897  -45.727  -10.789  51.138 0.4444440007
49038  -44.126  -11.497  51.594 0.3333329856
49054  -45.054  -11.173  50.504 0.4444440007
49053  -44.240  -11.547  50.780 0.3333329856
94717  -43.441  -11.979  50.162 0.2222220004
49786  -44.567  -10.730  62.859 0.6666669846
49785  -43.902  -10.790  63.158 0.6666669846
49797  -43.420  -11.239  62.653 0.6666669846
49798  -44.164  -11.133  62.432 0.6666669846
48919  -40.091  -11.568  62.809 0.5555559993
48921  -42.483  -11.461  62.803 0.6666669846
49799  -44.817  -11.090  62.087 0.6666669846
49800  -45.602  -10.998  61.626 0.7777780294
49796  -39.092  -11.367  62.594 0.3333329856
50711  -47.972  -9.648  56.141 0.7777780294
50710  -47.244  -10.199  55.821 0.6666669846
49007  -43.896  -11.760  55.502 0.3333329856
49864  -45.966  -10.956  55.306 0.5555559993
111085  -43.945  -11.552  54.818 0.3333329856
49013  -43.670  -11.557  54.173 0.3333329856
49055  -45.861  -10.808  50.248 0.4444440007
96687  -44.241  -11.529  49.703 0.4444440007
114499  -43.313  -11.811  49.408 0.2222220004
105791  -42.043  -11.823  62.111 0.6666669846
49810  -44.851  -11.373  61.223 0.6666669846
49811  -46.166  -11.073  60.664 0.7777780294
48930  -40.564  -11.879  62.152 0.5555559993
48920  -41.311  -11.666  62.754 0.5555559993
113907  -45.405  -11.338  60.782 0.7777780294
49822  -46.995  -10.753  59.297 0.7777780294
49832  -47.496  -10.399  58.593 0.7777780294
48972  -44.530  -11.923  58.378 0.5555559993
49857  -47.613  -10.105  56.845 0.7777780294
98617  -45.501  -11.518  57.056 0.5555559993
98455  -46.182  -11.306  57.097 0.5555559993
48991  -44.125  -11.943  56.801 0.3333329856
48992  -44.564  -11.675  56.076 0.4444440007
112280  -45.217  -11.497  56.386 0.5555559993
49855  -45.941  -11.242  56.256 0.5555559993
96355  -46.549  -10.723  55.785 0.5555559993
49002  -43.839  -11.941  56.194 0.3333329856
48993  -45.239  -11.311  55.640 0.4444440007
49071  -45.237  -11.117  49.562 0.3333329856
49072  -46.129  -10.837  49.371 0.3333329856
49070  -44.625  -11.255  48.834 0.3333329856
97668  -43.683  -11.499  48.833 0.4444440007
48932  -42.918  -11.663  61.881 0.6666669846
110723  -43.701  -11.415  61.989 0.6666669846
49809  -44.238  -11.370  61.642 0.6666669846
48933  -43.570  -11.598  61.272 0.6666669846
48949  -44.139  -11.574  60.801 0.6666669846
49820  -45.529  -11.436  59.972 0.7777780294
49821  -46.274  -11.182  59.661 0.7777780294
112693  -42.956  -11.859  61.016 0.6666669846
49830  -45.673  -11.467  59.039 0.6666669846
114155  -46.338  -11.191  58.862 0.6666669846
49843  -45.908  -11.392  58.014 0.6666669846
49831  -46.809  -10.957  58.320 0.6666669846
49845  -47.263  -10.565  57.633 0.7777780294
48973  -45.220  -11.680  58.483 0.5555559993
49844  -46.626  -11.057  57.544 0.6666669846
49856  -46.819  -10.785  56.678 0.6666669846
49087  -45.082  -11.028  48.140 0.3333329856
100358  -45.514  -11.032  48.773 0.3333329856
49088  -46.069  -11.037  48.146 0.3333329856
36835  -23.853  -26.757  80.775 0.1111110002
35980  -23.535  -27.201  81.374 0.1111110002
35979  -22.830  -27.376  81.460 0.1111110002
114224  -25.125  -27.385  80.098 0.5555559993
36849  -24.292  -26.378  79.541 0.2222220004
34461  -28.565  -27.877  75.816 0.6666669846
35235  -27.776  -27.740  75.693 0.5555559993
36035  -26.859  -27.290  76.006 0.6666669846
35160  -20.803  -28.684  81.891 0.1111110002
32037  -34.428  -30.532  74.625 0.3333329856
35971  -22.491  -27.680  82.019 0.1111110002
32036  -33.714  -30.511  74.834 0.4444440007
33742  -39.023  -29.433  72.643 0.3333329856
34497  -39.987  -28.369  72.392 0.5555559993
35172  -24.001  -27.225  81.439 0.2222220004
32075  -33.091  -31.439  72.682 0.2222220004
108775  -38.569  -25.639  73.684 0.7777780294
37720  -38.807  -24.385  73.432 0.4444440007
32946  -27.661  -30.017  70.015 0.1111110002
35234  -27.103  -27.710  75.647 0.6666669846
34474  -27.176  -28.198  75.331 0.5555559993
38542  -39.103  -23.727  73.312 0.6666669846
38543  -39.618  -23.600  73.338 0.7777780294
39405  -40.721  -22.624  72.937 0.6666669846
108096  -25.011  -30.809  71.456 0.1111110002
47106  -41.652  -13.427  70.042 0.7777780294
48844  -41.655  -12.182  69.172 0.8888890147
50636  -44.049  -10.169  64.935 0.7777780294
49812  -46.966  -10.649  60.859 0.7777780294
49898  -46.458  -10.473  51.710 0.5555559993
32016  -20.894  -31.613  76.814 0.2222220004
34508  -40.798  -28.185  71.516 0.2222220004
35981  -24.082  -26.875  81.150 0.1111110002
36027  -32.775  -27.663  75.803 0.4444440007
50588  -41.865  -10.870  66.716 0.7777780294
101515  -46.797  -10.829  60.123 0.7777780294
50724  -47.305  -10.012  55.067 0.6666669846
34516  -41.010  -28.323  70.918 0.1111110002
35280  -41.805  -27.208  71.234 0.3333329856
105075  -41.394  -27.789  71.111 0.1111110002
33756  -40.053  -29.150  70.473 0.1111110002
34524  -41.216  -28.271  69.613 0.1111110002
36123  -42.664  -26.977  69.956 0.2222220004
33748  -39.873  -29.126  71.765 0.4444440007
109780  -39.466  -29.414  71.619 0.2222220004
32921  -38.996  -29.659  71.971 0.3333329856
32927  -39.029  -29.614  71.536 0.2222220004
99831  -39.709  -28.865  68.991 0.1111110002
34530  -41.204  -28.104  69.066 0.1111110002
33797  -38.152  -28.794  68.483 0.1111110002
34528  -39.116  -28.779  68.516 0.1111110002
34538  -38.507  -28.618  68.071 0.1111110002
94593  -39.782  -28.458  68.306 0.1111110002
99114  -37.864  -28.481  67.691 0.1111110002
95353  -38.262  -28.242  67.297 0.1111110002
32920  -38.642  -29.849  72.469 0.2222220004
32925  -37.947  -30.261  71.861 0.2222220004
108079  -36.898  -29.933  70.856 0.2222220004
33763  -37.129  -29.289  69.846 0.2222220004
33764  -37.965  -29.402  69.946 0.2222220004
33762  -36.086  -29.322  69.837 0.1111110002
33777  -35.831  -28.853  68.911 0.1111110002
33794  -35.568  -28.692  67.942 0.1111110002
29748  -19.579  -34.113  83.284 0.3333329856
33731  -37.400  -29.543  74.051 0.5555559993
32916  -38.174  -30.154  72.957 0.2222220004
32918  -37.101  -30.510  72.776 0.2222220004
40345  -40.419  -21.936  72.306 0.5555559993
111832  -35.342  -29.599  70.126 0.1111110002
32951  -35.636  -29.905  70.662 0.1111110002
32911  -37.147  -30.150  73.728 0.3333329856
32914  -36.731  -30.427  73.352 0.2222220004
95565  -35.658  -30.397  74.197 0.4444440007
32915  -37.566  -30.332  73.148 0.2222220004
114049  -37.338  -24.782  72.107 0.4444440007
40346  -40.916  -21.265  72.424 0.5555559993
32962  -33.066  -30.130  69.051 0.1111110002
38577  -39.309  -23.066  70.586 0.1111110002
39451  -40.456  -22.131  70.613 0.2222220004
39466  -40.099  -22.708  69.971 0.1111110002
32897  -35.829  -30.015  74.726 0.4444440007
32066  -35.462  -30.677  73.301 0.2222220004
32091  -35.514  -30.744  72.533 0.2222220004
32089  -33.645  -31.247  72.000 0.1111110002
98870  -34.514  -30.964  72.453 0.1111110002
96645  -41.212  -19.774  72.019 0.5555559993
44678  -42.002  -16.796  71.456 0.8888890147
32934  -33.868  -30.593  70.826 0.1111110002
32948  -32.561  -30.850  69.524 0.1111110002
32113  -32.100  -31.337  69.946 0.1111110002
32960  -31.342  -30.959  68.404 0.1111110002
33008  -27.615  -30.553  63.386 0.1111110002
104235  -34.303  -31.085  73.083 0.1111110002
100378  -33.185  -31.445  72.234 0.1111110002
44677  -41.673  -16.569  71.373 0.8888890147
32094  -22.940  -30.935  70.943 0.1111110002
32132  -30.622  -30.940  68.153 0.1111110002
32108  -23.148  -30.942  70.237 0.1111110002
33770  -23.811  -30.013  68.106 0.1111110002
40409  -40.892  -21.395  67.252 0.1111110002
103302  -28.035  -30.766  65.514 0.1111110002
94882  -24.060  -29.329  66.707 0.1111110002
109284  -27.679  -30.734  64.887 0.1111110002
32998  -27.651  -30.723  64.212 0.1111110002
33822  -25.355  -29.237  64.018 0.1111110002
31256  -32.044  -31.514  71.211 0.2222220004
31263  -31.181  -31.617  70.892 0.2222220004
32099  -30.929  -31.482  70.059 0.1111110002
45517  -41.539  -16.070  71.153 0.7777780294
32983  -28.705  -30.541  66.781 0.1111110002
33788  -26.489  -29.435  67.770 0.1111110002
34544  -25.574  -29.005  65.984 0.1111110002
33815  -26.859  -29.787  66.144 0.1111110002
34555  -25.881  -29.040  65.246 0.1111110002
43843  -40.277  -16.899  70.302 0.6666669846
43842  -40.032  -17.208  69.673 0.2222220004
45522  -40.357  -15.328  69.952 0.7777780294
44712  -40.149  -16.250  68.037 0.1111110002
43858  -40.466  -17.859  67.622 0.1111110002
46313  -41.132  -14.795  70.239 0.7777780294
46312  -40.898  -14.554  69.919 0.7777780294
46320  -40.500  -14.561  69.486 0.7777780294
46326  -40.303  -14.321  68.655 0.4444440007
106128  -40.082  -13.931  67.878 0.3333329856
46325  -40.380  -14.226  68.915 0.7777780294
47114  -40.340  -13.540  68.629 0.7777780294
36026  -31.921  -27.164  75.929 0.4444440007
36036  -31.577  -26.594  75.494 0.2222220004
112014  -32.353  -26.873  74.352 0.1111110002
47949  -40.397  -12.712  68.808 0.7777780294
48843  -41.081  -12.141  69.172 0.7777780294
47948  -40.407  -12.973  68.794 0.7777780294
36843  -24.526  -26.585  80.041 0.1111110002
36857  -25.043  -26.063  78.101 0.4444440007
36864  -25.451  -26.144  77.134 0.5555559993
35204  -29.969  -26.879  76.450 0.4444440007
36869  -29.967  -25.989  76.268 0.3333329856
36014  -30.347  -26.471  76.264 0.3333329856
35205  -30.835  -27.108  76.304 0.4444440007
36870  -30.636  -26.213  76.031 0.3333329856
48855  -41.383  -11.786  68.773 0.8888890147
36897  -30.246  -25.659  74.986 0.1111110002
48854  -40.811  -11.843  68.684 0.6666669846
36865  -26.456  -25.816  76.197 0.5555559993
36023  -28.418  -26.434  76.416 0.5555559993
35216  -27.650  -27.098  76.026 0.5555559993
49725  -40.959  -11.246  67.361 0.7777780294
49710  -40.185  -11.578  67.635 0.6666669846
50586  -40.623  -11.270  66.905 0.7777780294
49723  -39.714  -11.649  67.141 0.5555559993
49740  -39.219  -11.787  66.511 0.5555559993
49741  -39.646  -11.524  66.437 0.5555559993
49751  -39.546  -11.405  65.739 0.6666669846
96733  -41.299  -10.989  65.840 0.7777780294
50619  -42.860  -10.441  65.586 0.7777780294
50615  -38.972  -11.209  64.722 0.5555559993
95381  -40.052  -11.278  65.016 0.6666669846
49739  -38.473  -11.429  65.033 0.4444440007
50633  -40.919  -11.211  65.002 0.6666669846
49760  -38.539  -11.205  64.580 0.4444440007
50645  -39.378  -11.138  63.910 0.6666669846
50632  -39.298  -11.180  64.472 0.5555559993
97243  -37.178  -10.980  63.347 0.2222220004
53039  -52.797  -5.531  55.204 0.6666669846
107217  -42.085  -10.991  64.536 0.6666669846
49770  -42.785  -10.760  64.170 0.6666669846
50737  -47.109  -10.091  54.478 0.6666669846
48136  -42.856  -12.250  51.470 0.2222220004
101446  -44.555  -11.420  55.168 0.4444440007
48950  -44.792  -11.584  60.353 0.6666669846
98217  -44.853  -11.734  56.917 0.5555559993
110743  -46.079  -10.936  48.752 0.3333329856
36834  -23.345  -27.030  80.845 0.1111110002
36982  -43.756  -25.646  69.210 0.3333329856
36965  -44.092  -25.021  69.488 0.4444440007
37766  -44.288  -24.304  69.779 0.4444440007
36999  -43.795  -25.471  68.646 0.2222220004
37014  -44.075  -24.758  68.215 0.3333329856
38597  -44.624  -23.566  68.702 0.2222220004
37821  -43.860  -24.658  67.392 0.2222220004
37822  -44.273  -24.041  67.672 0.2222220004
38606  -44.582  -23.361  67.908 0.2222220004
110823  -40.274  -15.003  68.972 0.2222220004
44721  -40.100  -15.991  66.973 0.2222220004
47121  -40.138  -13.342  68.130 0.5555559993
109119  -39.815  -12.835  67.686 0.4444440007
48852  -40.119  -12.423  68.338 0.5555559993
47966  -39.995  -12.587  68.114 0.5555559993
48864  -39.800  -12.145  67.872 0.5555559993
47972  -39.570  -12.370  67.393 0.5555559993
47120  -39.336  -12.665  66.878 0.4444440007
48876  -39.481  -11.979  67.260 0.4444440007
48875  -39.011  -12.200  66.536 0.4444440007
48884  -38.279  -12.237  65.661 0.3333329856
48885  -38.458  -11.771  65.697 0.3333329856
94926  -42.151  -12.014  61.190 0.5555559993
48034  -41.849  -12.317  60.322 0.4444440007
48948  -42.680  -12.080  60.370 0.4444440007
98712  -43.445  -11.834  60.498 0.5555559993
48961  -43.258  -12.066  59.714 0.3333329856
48045  -42.421  -12.341  59.586 0.3333329856
48962  -43.904  -12.041  59.064 0.3333329856
48046  -43.027  -12.258  58.877 0.3333329856
48982  -45.082  -11.704  57.723 0.4444440007
48060  -43.651  -12.144  58.113 0.3333329856
48981  -44.352  -11.953  57.545 0.3333329856
48980  -43.737  -12.099  57.343 0.3333329856
49103  -43.701  -10.658  47.682 0.3333329856
49953  -43.202  -10.158  47.744 0.2222220004
50828  -43.503  -9.566  47.425 0.1111110002
51613  -44.224  -8.302  48.992 0.1111110002
51629  -44.215  -8.525  47.647 0.2222220004
51635  -43.814  -9.028  47.164 0.2222220004
52374  -44.915  -7.884  48.523 0.2222220004
52377  -44.972  -8.104  47.305 0.2222220004
52361  -45.431  -7.185  49.204 0.1111110002
53095  -46.028  -6.729  49.047 0.2222220004
52375  -45.540  -7.445  48.125 0.1111110002
53104  -46.170  -6.952  47.786 0.2222220004
53894  -46.711  -6.058  48.633 0.2222220004
53082  -46.223  -5.847  49.757 0.1111110002
51637  -45.219  -8.249  46.368 0.1111110002
52379  -46.219  -7.178  46.591 0.1111110002
53879  -47.420  -4.561  49.470 0.1111110002
53096  -47.264  -5.791  47.795 0.2222220004
53105  -46.768  -6.480  47.254 0.1111110002
53106  -47.412  -6.057  46.749 0.1111110002
53107  -48.198  -5.645  46.453 0.1111110002
53905  -47.978  -5.370  47.597 0.2222220004
53113  -48.498  -5.988  45.443 0.2222220004
53915  -49.024  -5.239  46.250 0.2222220004
53896  -48.491  -4.632  48.416 0.2222220004
53906  -48.753  -4.865  47.353 0.1111110002
113732  -48.763  -4.156  48.762 0.2222220004
53114  -49.320  -5.645  45.256 0.2222220004
53916  -49.821  -4.865  46.066 0.2222220004
54696  -49.275  -4.155  48.278 0.2222220004
53907  -49.583  -4.495  47.155 0.1111110002
54689  -48.841  -3.587  48.842 0.3333329856
54705  -50.098  -3.801  47.883 0.1111110002
54716  -51.072  -3.866  46.723 0.1111110002
54697  -49.665  -3.365  48.423 0.2222220004
54698  -50.457  -3.195  48.156 0.1111110002
54706  -50.822  -3.515  47.586 0.1111110002
55428  -50.047  -2.785  48.418 0.1111110002
55429  -50.739  -2.849  48.121 0.1111110002
111289  -49.894  -2.454  47.854 0.1111110002
54717  -51.788  -3.607  46.506 0.2222220004
54707  -51.550  -3.244  47.336 0.1111110002
55446  -52.287  -2.906  47.006 0.2222220004
56236  -51.276  -2.545  47.773 0.2222220004
56241  -51.164  -2.253  47.335 0.1111110002
37781  -44.453  -24.314  69.089 0.4444440007
53917  -50.585  -4.573  45.916 0.2222220004
54728  -51.284  -4.318  45.789 0.2222220004
54718  -52.533  -3.319  46.164 0.3333329856
111244  -39.795  -11.849  67.679 0.5555559993
48963  -44.831  -11.771  59.327 0.4444440007
100474  -44.058  -11.832  59.959 0.4444440007
37000  -44.184  -24.942  68.849 0.3333329856
37798  -44.390  -24.170  68.423 0.2222220004
37013  -43.728  -25.286  68.068 0.2222220004
49954  -43.801  -10.055  47.131 0.2222220004
53895  -47.634  -5.165  48.770 0.2222220004
54715  -50.364  -4.175  46.941 0.1111110002
55436  -51.156  -2.987  47.869 0.1111110002
36964  -43.631  -25.723  69.876 0.1111110002
36140  -43.223  -26.431  69.496 0.1111110002
109350  -20.612  -34.822  77.438 0.2222220004
36877  -27.072  -26.085  76.164 0.5555559993
36011  -28.082  -25.896  76.288 0.3333329856
36012  -28.937  -25.755  76.601 0.3333329856
29781  -20.548  -33.972  77.902 0.2222220004
36856  -24.626  -26.334  79.022 0.1111110002
48974  -49.979  -11.575  58.358 0.1111110002
48983  -49.885  -11.457  57.589 0.1111110002
49016  -48.762  -11.808  54.241 0.1111110002
49017  -49.444  -11.357  53.826 0.1111110002
98521  -50.450  -10.309  53.961 0.1111110002
50740  -51.020  -9.663  54.124 0.1111110002
49028  -48.956  -11.849  53.337 0.1111110002
49018  -50.181  -10.789  53.324 0.1111110002
49881  -50.885  -10.019  53.336 0.1111110002
51555  -54.023  -6.774  53.865 0.1111110002
52318  -53.813  -5.978  54.019 0.1111110002
52325  -54.255  -6.332  53.323 0.1111110002
48994  -49.355  -11.614  56.794 0.1111110002
49858  -49.881  -11.054  56.316 0.1111110002
49004  -49.265  -11.470  55.770 0.1111110002
49859  -50.761  -10.378  56.467 0.1111110002
49010  -48.639  -11.883  55.165 0.1111110002
49011  -49.291  -11.333  54.811 0.1111110002
49866  -49.980  -10.759  55.442 0.1111110002
49875  -50.496  -10.218  54.747 0.1111110002
110979  -53.312  -7.123  55.747 0.1111110002
51534  -53.305  -6.949  56.336 0.1111110002
49874  -49.917  -10.802  54.357 0.1111110002
50741  -51.772  -8.823  54.510 0.1111110002
51543  -52.668  -7.907  55.135 0.1111110002
51544  -53.258  -7.136  54.901 0.1111110002
51553  -52.541  -8.144  54.176 0.1111110002
52317  -53.609  -6.421  54.534 0.1111110002
50754  -52.750  -8.448  53.387 0.1111110002
51554  -53.410  -7.445  54.130 0.1111110002
49860  -51.875  -9.524  57.185 0.1111110002
49867  -50.723  -10.105  55.559 0.1111110002
50713  -51.496  -9.523  56.084 0.1111110002
50714  -52.478  -8.597  56.732 0.1111110002
51521  -53.009  -7.428  57.271 0.1111110002
50726  -51.196  -9.528  55.077 0.1111110002
50727  -52.086  -8.708  55.603 0.1111110002
48090  -43.239  -12.109  55.861 0.1111110002
48110  -42.955  -11.973  53.984 0.2222220004
48033  -40.971  -12.496  60.349 0.3333329856
48069  -43.224  -12.267  57.502 0.1111110002
48078  -42.620  -12.516  56.360 0.1111110002
48099  -43.236  -11.960  54.903 0.2222220004
100220  -45.885  -10.880  46.829 0.2222220004
49102  -42.980  -10.675  48.134 0.2222220004
49121  -45.111  -10.606  46.852 0.2222220004
101123  -45.141  -10.259  46.258 0.2222220004
49963  -44.481  -10.106  46.619 0.1111110002
49966  -44.875  -9.576  46.162 0.1111110002
49962  -44.107  -9.514  46.811 0.1111110002
48079  -43.340  -12.181  56.756 0.1111110002
49105  -45.567  -10.916  47.451 0.2222220004
49104  -44.659  -10.786  47.575 0.2222220004
49120  -44.323  -10.448  47.136 0.2222220004
53880  -48.270  -4.270  49.169 0.1111110002
49086  -44.125  -11.112  48.206 0.2222220004
36124  -43.084  -26.374  70.268 0.1111110002
36850  -24.805  -26.392  79.220 0.2222220004
36022  -27.384  -26.509  76.145 0.5555559993
36147  -43.457  -26.093  68.927 0.2222220004
50753  -51.759  -9.188  53.505 0.1111110002
51564  -53.756  -7.860  53.520 0.1111110002
48995  -50.264  -10.998  57.134 0.1111110002
51533  -52.956  -7.719  56.219 0.1111110002
42165  -44.447  -19.672  64.791 0.1111110002
43005  -44.375  -18.874  64.556 0.1111110002
47988  -37.476  -12.314  65.183 0.2222220004
47133  -38.089  -12.683  65.409 0.1111110002
47142  -37.233  -12.884  64.978 0.1111110002
47151  -36.521  -12.958  64.418 0.1111110002
108835  -37.761  -11.938  65.261 0.2222220004
48894  -37.814  -11.570  64.906 0.2222220004
48893  -37.147  -11.792  64.794 0.2222220004
107239  -36.923  -12.384  64.812 0.1111110002
49758  -37.215  -11.131  63.889 0.2222220004
48903  -36.743  -11.412  64.129 0.2222220004
48931  -41.303  -11.981  61.740 0.3333329856
48947  -41.340  -12.213  60.969 0.2222220004
53052  -54.233  -6.170  52.571 0.1111110002
51586  -54.255  -7.726  50.209 0.3333329856
51601  -52.554  -8.649  50.006 0.2222220004
51573  -50.846  -8.309  51.628 0.2222220004
50774  -50.255  -9.005  51.116 0.2222220004
51583  -51.194  -8.577  50.828 0.2222220004
51584  -52.259  -8.189  50.645 0.2222220004
50785  -51.560  -8.944  50.151 0.2222220004
49928  -50.549  -10.062  49.123 0.2222220004
104010  -50.230  -10.580  48.539 0.2222220004
50800  -51.854  -9.297  49.566 0.2222220004
49942  -51.197  -10.310  48.677 0.2222220004
49092  -50.677  -10.958  48.091 0.2222220004
106511  -50.222  -11.557  47.470 0.2222220004
50801  -52.747  -9.142  49.488 0.2222220004
49093  -51.420  -10.862  48.300 0.2222220004
111068  -44.642  -19.946  65.491 0.2222220004
43011  -44.274  -18.684  63.755 0.1111110002
49759  -37.885  -11.179  64.363 0.2222220004
47979  -38.738  -12.606  66.169 0.2222220004
98037  -44.261  -19.372  63.946 0.1111110002
48904  -37.349  -11.372  64.403 0.2222220004
51602  -53.470  -8.448  49.864 0.2222220004
50799  -50.962  -9.541  49.655 0.2222220004
50813  -51.307  -9.779  49.182 0.2222220004
49126  -49.856  -11.979  46.665 0.2222220004
45584  -44.530  -15.251  61.511 0.1111110002
46380  -45.887  -14.139  60.883 0.1111110002
46388  -45.823  -14.432  59.984 0.1111110002
46395  -45.737  -14.469  59.114 0.1111110002
46389  -46.366  -13.947  60.326 0.1111110002
46405  -46.245  -14.045  58.573 0.1111110002
46396  -46.412  -13.989  59.485 0.1111110002
46414  -46.156  -13.979  57.675 0.1111110002
97783  -48.593  -12.486  58.597 0.1111110002
47226  -46.797  -13.628  58.084 0.1111110002
47189  -46.981  -13.622  60.111 0.1111110002
47190  -47.497  -13.253  60.615 0.1111110002
47195  -47.045  -13.571  59.384 0.1111110002
47196  -47.673  -13.149  59.775 0.1111110002
47209  -46.775  -13.710  58.844 0.1111110002
47210  -47.418  -13.288  58.707 0.1111110002
47228  -48.025  -12.831  58.193 0.1111110002
47227  -47.437  -13.242  57.695 0.1111110002
47211  -48.164  -12.765  59.075 0.1111110002
47126  -39.126  -12.927  66.513 0.2222220004
36878  -28.982  -25.148  76.564 0.2222220004
36868  -29.410  -25.603  76.371 0.2222220004
36866  -27.628  -25.672  75.989 0.2222220004
36867  -28.528  -25.334  76.407 0.2222220004
37690  -28.901  -24.910  76.254 0.2222220004
36879  -29.417  -25.208  76.180 0.2222220004
36886  -29.643  -25.107  75.507 0.1111110002
37679  -27.083  -25.384  75.746 0.1111110002
112470  -25.721  -25.747  76.518 0.1111110002
36151  -42.821  -26.408  67.984 0.1111110002
36158  -43.299  -25.552  67.465 0.1111110002
38621  -44.429  -23.418  67.067 0.1111110002
48032  -39.974  -12.529  60.305 0.1111110002
48946  -40.451  -12.198  61.272 0.1111110002
48043  -40.677  -12.764  59.612 0.1111110002
48044  -41.508  -12.647  59.499 0.1111110002
49964  -45.779  -10.588  46.286 0.1111110002
48170  -42.513  -12.083  49.709 0.1111110002
95679  -42.781  -11.623  48.945 0.1111110002
48123  -42.012  -12.549  52.604 0.1111110002
107685  -42.113  -12.506  51.100 0.1111110002
49085  -43.202  -11.174  48.316 0.1111110002
102066  -45.693  -10.100  45.704 0.1111110002
54755  -56.421  -5.029  41.608 0.1111110002
55483  -56.563  -4.258  40.540 0.1111110002
49969  -47.133  -9.998  44.771 0.1111110002
107940  -56.469  -4.147  39.920 0.1111110002
50836  -45.534  -9.298  45.613 0.1111110002
50839  -46.569  -9.370  44.873 0.1111110002
50840  -47.214  -9.339  44.549 0.1111110002
56284  -56.496  -3.464  40.001 0.1111110002
50837  -46.034  -9.626  45.284 0.1111110002
111766  -46.008  -9.063  45.219 0.1111110002
55482  -56.439  -3.403  40.836 0.1111110002
54759  -56.451  -4.270  41.307 0.1111110002
55485  -56.366  -2.625  40.223 0.1111110002
51643  -47.024  -8.681  44.628 0.1111110002
51641  -46.391  -8.500  45.045 0.1111110002
52386  -47.574  -7.257  44.816 0.1111110002
56281  -55.992  -2.387  41.184 0.1111110002
99857  -56.038  -1.910  40.474 0.1111110002
56283  -56.342  -1.970  39.626 0.1111110002
56287  -56.391  -2.661  39.381 0.1111110002
57076  -56.229  -1.636  39.153 0.1111110002
110113  -55.283  -0.983  40.894 0.1111110002
57067  -55.227  -1.009  40.096 0.1111110002
57068  -55.811  -1.425  40.075 0.1111110002
57075  -55.873  -1.301  39.180 0.1111110002
57088  -55.809  -1.446  38.297 0.1111110002
55536  -54.291  -2.891  33.848 0.1111110002
96339  -55.111  -1.154  39.173 0.1111110002
57117  -55.398  -1.794  36.356 0.1111110002
56323  -55.218  -2.496  35.281 0.1111110002
55537  -54.931  -2.853  34.706 0.1111110002
56322  -54.576  -2.490  34.505 0.1111110002
55535  -53.888  -3.297  33.789 0.1111110002
55547  -53.568  -3.106  33.077 0.1111110002
55548  -53.591  -2.751  33.089 0.1111110002
57066  -54.582  -0.837  40.995 0.1111110002
108462  -53.772  -0.913  41.062 0.1111110002
95182  -54.138  -1.055  40.157 0.1111110002
95030  -53.935  -1.414  38.130 0.1111110002
95031  -54.046  -1.275  39.095 0.1111110002
57087  -54.992  -1.302  38.196 0.1111110002
57103  -54.804  -1.469  37.206 0.1111110002
57116  -54.418  -1.684  36.109 0.1111110002
57127  -54.898  -2.000  35.327 0.1111110002
57126  -54.421  -2.075  35.005 0.1111110002
56329  -53.802  -2.509  33.515 0.1111110002
55558  -53.123  -2.704  32.580 0.1111110002
53925  -50.143  -5.327  45.099 0.2222220004
54729  -51.938  -4.095  45.520 0.1111110002
57035  -53.354  -1.277  44.441 0.1111110002
94749  -54.404  -1.136  43.522 0.1111110002
95754  -53.508  -0.882  42.622 0.1111110002
57074  -53.080  -1.256  39.845 0.1111110002
95032  -53.014  -1.426  38.928 0.1111110002
97029  -53.854  -1.504  37.233 0.1111110002
57115  -53.190  -1.692  36.730 0.1111110002
56310  -53.524  -1.919  35.514 0.1111110002
56321  -53.722  -2.205  34.232 0.1111110002
56337  -53.073  -2.416  32.712 0.1111110002
57028  -53.444  -1.471  45.311 0.1111110002
57102  -52.828  -1.573  37.921 0.1111110002
56309  -52.343  -1.903  36.337 0.1111110002
105948  -53.159  -2.207  33.199 0.1111110002
57147  -52.566  -1.988  32.488 0.1111110002
56348  -52.684  -2.377  32.183 0.1111110002
57156  -52.554  -2.157  32.020 0.1111110002
57023  -52.993  -1.607  46.122 0.1111110002
95632  -52.241  -1.666  37.258 0.1111110002
57114  -51.459  -1.719  37.085 0.1111110002
56308  -51.422  -1.973  36.131 0.1111110002
56320  -52.419  -2.136  35.240 0.1111110002
56328  -52.274  -2.151  34.176 0.1111110002
56355  -52.006  -2.088  31.117 0.1111110002
99741  -52.041  -1.679  31.782 0.1111110002
56356  -52.382  -2.216  31.694 0.1111110002
56319  -51.298  -2.065  35.194 0.1111110002
57137  -51.906  -1.950  33.294 0.1111110002
57154  -51.113  -0.997  32.013 0.1111110002
57146  -51.486  -1.568  32.576 0.1111110002
57164  -51.951  -1.771  31.123 0.1111110002
57155  -51.628  -1.099  31.283 0.1111110002
57136  -50.910  -1.812  34.282 0.1111110002
54760  -56.551  -5.035  41.013 0.1111110002
57057  -54.889  -0.826  41.783 0.1111110002
95616  -53.869  -0.926  43.610 0.1111110002
57043  -54.367  -0.794  42.724 0.1111110002
36152  -43.385  -25.961  68.366 0.1111110002
37689  -28.496  -24.946  76.207 0.1111110002
37680  -27.968  -25.257  75.942 0.2222220004
52385  -46.950  -7.867  44.882 0.1111110002
57089  -56.222  -1.711  38.440 0.1111110002
57104  -55.660  -1.636  37.353 0.1111110002
111431  -53.103  -3.573  33.869 0.1111110002
57056  -54.033  -0.758  41.813 0.1111110002
57055  -53.075  -1.071  41.587 0.1111110002
30438  -15.721  -33.551  83.706 0.1111110002
29048  -19.643  -35.855  82.923 0.2222220004
27583  -20.732  -37.600  77.460 0.2222220004
31148  -15.457  -33.135  83.461 0.1111110002
30439  -16.419  -33.473  83.750 0.2222220004
105594  -18.430  -35.053  83.372 0.2222220004
29049  -20.503  -35.256  82.799 0.2222220004
28329  -21.026  -36.751  82.417 0.2222220004
28330  -21.521  -36.952  81.907 0.2222220004
106076  -21.315  -37.626  81.588 0.2222220004
101669  -19.457  -34.942  83.212 0.2222220004
28321  -20.401  -36.211  82.653 0.2222220004
27568  -21.193  -37.418  80.042 0.2222220004
109874  -20.783  -36.207  77.290 0.2222220004
28380  -20.601  -36.463  76.555 0.2222220004
28388  -20.253  -36.362  75.675 0.2222220004
29101  -19.932  -36.150  74.904 0.2222220004
28394  -19.772  -36.813  74.285 0.2222220004
28401  -19.673  -36.596  73.302 0.2222220004
29125  -19.665  -35.989  72.363 0.2222220004
107802  -19.718  -36.469  71.637 0.1111110002
31149  -16.141  -33.014  83.651 0.1111110002
29054  -21.595  -36.014  82.063 0.2222220004
110322  -21.723  -36.383  81.653 0.2222220004
28338  -21.615  -36.977  81.383 0.2222220004
27560  -21.333  -37.554  80.954 0.2222220004
29091  -20.367  -35.609  76.127 0.2222220004
29112  -19.801  -35.669  74.012 0.2222220004
29119  -19.710  -35.437  73.063 0.2222220004
29128  -19.742  -35.360  71.396 0.1111110002
29130  -19.853  -35.243  70.371 0.1111110002
29083  -20.640  -35.611  76.941 0.2222220004
105084  -20.129  -34.675  75.640 0.2222220004
102675  -19.943  -35.159  74.829 0.2222220004
29790  -19.902  -34.669  74.211 0.2222220004
112087  -19.753  -34.792  72.911 0.2222220004
37698  -29.081  -24.829  75.859 0.1111110002
52344  -55.038  -7.369  50.976 0.1111110002
51575  -55.385  -8.052  51.418 0.1111110002
50776  -55.560  -8.740  50.942 0.1111110002
49903  -55.655  -9.701  50.980 0.1111110002
48142  -55.728  -11.451  50.462 0.1111110002
51587  -54.946  -7.748  50.236 0.1111110002
51604  -55.264  -8.588  49.867 0.1111110002
49913  -55.809  -9.978  49.764 0.1111110002
49059  -55.883  -10.648  50.176 0.1111110002
50786  -55.659  -9.007  50.091 0.1111110002
48141  -55.527  -12.396  50.565 0.1111110002
107119  -55.360  -12.809  51.922 0.1111110002
51603  -54.762  -8.353  49.752 0.1111110002
50804  -55.490  -9.506  49.606 0.1111110002
49074  -55.980  -10.843  49.345 0.1111110002
101097  -56.049  -11.339  49.519 0.1111110002
48157  -56.110  -12.075  49.464 0.1111110002
47351  -55.322  -13.496  50.682 0.1111110002
29053  -21.056  -35.896  82.457 0.2222220004
26798  -20.886  -38.019  79.343 0.2222220004
108030  -20.117  -35.620  75.431 0.2222220004
28403  -19.643  -36.966  72.434 0.1111110002
102654  -20.347  -34.769  76.561 0.2222220004
51588  -55.333  -8.149  50.428 0.1111110002
52327  -55.113  -7.368  51.971 0.1111110002
111613  -55.530  -11.771  51.887 0.1111110002
49930  -55.710  -10.304  49.300 0.1111110002
50803  -55.066  -9.153  49.474 0.1111110002
24511  -17.908  -41.644  80.735 0.1111110002
24514  -18.175  -41.858  80.294 0.1111110002
24512  -18.580  -41.292  80.716 0.1111110002
28311  -14.883  -35.751  83.370 0.1111110002
28312  -15.820  -35.642  83.215 0.1111110002
103966  -16.308  -35.940  82.941 0.1111110002
24518  -18.357  -41.926  79.532 0.1111110002
25344  -17.734  -41.356  80.801 0.1111110002
24515  -18.814  -41.439  80.057 0.1111110002
24519  -18.930  -41.379  79.176 0.1111110002
29039  -15.287  -35.148  83.434 0.1111110002
29040  -16.154  -35.141  83.343 0.1111110002
29045  -16.647  -35.655  83.085 0.1111110002
29041  -16.897  -35.240  83.341 0.1111110002
24509  -18.259  -41.105  81.125 0.1111110002
28318  -17.906  -36.043  82.505 0.1111110002
25346  -19.236  -40.989  79.734 0.1111110002
28317  -17.083  -35.833  82.478 0.1111110002
26068  -18.521  -40.279  81.357 0.1111110002
25339  -17.871  -40.743  81.031 0.1111110002
114367  -19.307  -40.801  80.507 0.1111110002
25347  -19.655  -40.379  79.717 0.1111110002
26073  -18.024  -39.930  81.118 0.1111110002
29035  -15.676  -34.570  83.578 0.1111110002
29743  -16.473  -34.652  83.583 0.1111110002
25340  -18.985  -40.711  81.148 0.1111110002
27540  -19.229  -37.175  82.492 0.1111110002
28327  -18.479  -36.693  82.320 0.1111110002
26069  -19.302  -40.034  81.511 0.1111110002
99702  -19.900  -40.049  80.453 0.1111110002
27545  -18.805  -37.538  82.118 0.1111110002
26763  -19.191  -38.886  81.986 0.1111110002
26066  -18.914  -39.562  81.726 0.1111110002
26074  -20.225  -39.597  80.971 0.1111110002
109956  -20.330  -39.460  80.342 0.1111110002
26789  -20.588  -38.884  79.687 0.1111110002
101387  -20.050  -37.009  75.107 0.1111110002
96750  -20.337  -37.137  75.901 0.1111110002
29042  -17.601  -35.195  83.375 0.1111110002
29047  -18.144  -35.729  83.099 0.1111110002
28319  -18.840  -36.312  82.818 0.1111110002
28328  -20.215  -37.404  82.499 0.1111110002
27546  -19.482  -38.120  82.254 0.1111110002
27547  -20.339  -38.268  82.158 0.1111110002
26765  -20.205  -38.920  81.776 0.1111110002
26770  -20.492  -38.938  81.332 0.1111110002
26790  -20.911  -38.140  80.372 0.1111110002
26797  -20.613  -38.568  78.580 0.1111110002
26805  -20.592  -38.332  77.637 0.1111110002
27592  -20.610  -37.345  76.676 0.1111110002
29800  -19.835  -34.602  73.470 0.1111110002
102428  -19.704  -34.880  72.326 0.1111110002
107853  -19.753  -34.013  72.176 0.1111110002
106828  -19.687  -34.292  71.570 0.1111110002
109456  -17.116  -34.755  83.578 0.1111110002
102720  -18.888  -35.619  83.142 0.1111110002
113315  -20.365  -36.779  82.590 0.1111110002
27548  -21.011  -37.609  82.103 0.1111110002
26771  -20.785  -38.276  81.701 0.1111110002
29791  -20.017  -34.018  74.795 0.1111110002
30489  -19.975  -33.863  73.990 0.1111110002
30500  -19.895  -33.360  72.514 0.1111110002
110448  -16.845  -34.105  83.710 0.1111110002
29744  -17.752  -34.346  83.575 0.1111110002
29783  -20.293  -33.975  77.048 0.1111110002
112922  -20.125  -33.675  75.522 0.1111110002
30490  -20.041  -33.133  74.313 0.1111110002
30493  -19.969  -33.500  73.329 0.1111110002
31236  -20.085  -32.614  72.974 0.1111110002
103916  -20.116  -32.982  75.070 0.1111110002
31217  -20.247  -32.193  74.444 0.1111110002
31224  -20.081  -32.708  73.739 0.1111110002
31250  -20.019  -32.570  72.137 0.1111110002
105111  -40.054  -15.245  67.809 0.1111110002
45539  -39.986  -14.317  67.461 0.1111110002
45533  -40.183  -14.606  68.405 0.1111110002
46339  -39.204  -13.330  66.451 0.1111110002
46332  -39.711  -13.634  67.087 0.1111110002
47134  -38.633  -13.061  65.896 0.1111110002
49808  -37.937  -11.240  61.510 0.1111110002
48929  -39.681  -11.848  62.045 0.1111110002
48945  -39.356  -12.134  61.203 0.1111110002
105229  -53.886  -9.088  43.123 0.1111110002
50848  -54.175  -9.745  42.954 0.1111110002
106145  -54.816  -9.167  42.875 0.1111110002
49146  -54.032  -11.181  42.883 0.1111110002
49978  -53.501  -10.454  43.024 0.1111110002
49979  -54.571  -10.368  42.796 0.1111110002
49147  -54.701  -11.800  42.772 0.1111110002
47395  -52.694  -13.501  43.784 0.1111110002
105518  -53.422  -13.047  43.371 0.1111110002
46533  -51.962  -14.218  45.183 0.1111110002
47373  -51.838  -13.403  47.216 0.1111110002
49945  -54.498  -10.357  48.809 0.1111110002
49095  -53.913  -11.090  48.493 0.1111110002
48180  -53.212  -11.898  48.288 0.1111110002
49145  -52.752  -11.450  43.199 0.1111110002
48209  -52.499  -12.620  43.463 0.1111110002
49144  -51.575  -11.346  43.408 0.1111110002
47394  -51.854  -13.303  43.960 0.1111110002
48208  -51.595  -12.671  43.762 0.1111110002
48207  -50.911  -12.197  43.786 0.1111110002
111673  -54.142  -8.470  49.704 0.1111110002
50815  -52.989  -9.689  49.077 0.1111110002
49944  -53.389  -10.346  48.745 0.1111110002
47392  -51.476  -13.643  44.700 0.1111110002
48205  -51.094  -13.008  44.226 0.1111110002
50802  -53.624  -9.052  49.448 0.1111110002
49094  -52.776  -11.089  48.416 0.1111110002
48187  -51.457  -12.500  47.523 0.1111110002
47380  -51.438  -13.729  46.382 0.1111110002
106705  -54.430  -9.042  49.443 0.1111110002
50816  -53.975  -9.672  49.129 0.1111110002
48188  -52.493  -12.726  47.888 0.1111110002
50851  -55.008  -9.766  42.763 0.1111110002
49981  -55.525  -10.200  42.596 0.1111110002
47389  -50.743  -13.301  45.020 0.1111110002
49150  -56.387  -11.425  42.160 0.1111110002
107211  -51.908  -11.126  48.280 0.1111110002
49111  -52.122  -11.814  48.099 0.1111110002
47379  -50.704  -13.326  45.880 0.1111110002
48215  -56.684  -12.167  41.931 0.1111110002
47403  -57.174  -13.092  41.263 0.1111110002
105659  -56.806  -12.746  40.793 0.1111110002
47412  -56.377  -12.973  40.373 0.1111110002
47411  -55.649  -13.475  40.080 0.1111110002
47430  -55.068  -12.834  39.610 0.1111110002
48241  -54.594  -12.367  39.540 0.1111110002
48240  -53.695  -12.535  39.529 0.1111110002
49143  -50.574  -11.294  43.632 0.1111110002
50852  -55.752  -9.379  42.574 0.1111110002
50814  -52.038  -9.744  49.061 0.1111110002
48204  -50.363  -12.607  44.521 0.1111110002
49140  -49.942  -11.798  44.145 0.1111110002
49943  -52.226  -10.413  48.643 0.1111110002
49110  -51.167  -11.572  47.847 0.1111110002
48186  -50.568  -12.278  47.128 0.1111110002
48201  -50.158  -12.797  45.354 0.1111110002
49983  -56.472  -10.702  42.001 0.1111110002
49151  -56.634  -11.417  41.637 0.1111110002
48217  -56.834  -12.233  41.270 0.1111110002
48227  -56.318  -12.164  40.558 0.1111110002
47431  -55.746  -12.571  40.024 0.1111110002
49175  -56.003  -11.419  40.482 0.1111110002
48242  -55.262  -12.156  39.737 0.1111110002
49185  -54.865  -11.828  39.650 0.1111110002
49174  -55.370  -11.465  40.020 0.1111110002
49184  -54.164  -11.935  39.632 0.1111110002
107237  -53.802  -11.500  39.820 0.1111110002
48203  -49.689  -12.172  44.901 0.1111110002
48195  -50.231  -12.687  46.250 0.1111110002
51655  -55.416  -8.572  42.764 0.1111110002
49982  -56.224  -10.040  42.268 0.1111110002
50864  -56.538  -9.966  41.764 0.1111110002
50853  -56.397  -9.295  42.148 0.1111110002
49995  -56.494  -10.688  41.384 0.1111110002
50006  -56.230  -10.716  40.807 0.1111110002
96391  -56.399  -9.957  41.112 0.1111110002
106196  -56.537  -9.202  41.525 0.1111110002
50005  -55.742  -10.795  40.387 0.1111110002
50873  -56.076  -10.035  40.605 0.1111110002
107158  -55.216  -10.840  40.110 0.1111110002
50874  -56.282  -9.124  40.885 0.1111110002
49173  -54.631  -11.275  39.858 0.1111110002
99670  -55.483  -10.181  40.274 0.1111110002
48194  -49.663  -12.217  45.748 0.1111110002
51656  -56.187  -8.611  42.387 0.1111110002
51657  -56.564  -8.580  41.935 0.1111110002
104301  -56.468  -7.981  42.132 0.1111110002
51668  -56.521  -8.309  41.342 0.1111110002
27575  -20.798  -37.823  78.352 0.1111110002
49142  -49.787  -11.082  43.810 0.1111110002
30487  -20.203  -32.973  75.890 0.1111110002
31210  -20.373  -32.214  75.433 0.1111110002
47127  -39.653  -13.161  67.204 0.1111110002
111625  -20.213  -33.844  76.222 0.1111110002
29046  -17.373  -35.667  82.965 0.1111110002
28326  -17.746  -36.152  82.150 0.1111110002
25341  -19.653  -40.191  81.076 0.1111110002
26067  -19.582  -39.361  81.791 0.1111110002
26077  -20.138  -39.681  79.666 0.1111110002
26070  -19.942  -39.566  81.436 0.1111110002
26779  -20.612  -38.894  80.702 0.1111110002
27598  -20.107  -37.752  75.310 0.1111110002
28320  -19.754  -36.656  82.677 0.1111110002
26764  -19.801  -38.789  82.063 0.1111110002
26780  -20.957  -38.229  81.169 0.1111110002
98925  -20.290  -37.881  76.065 0.1111110002
29811  -19.813  -34.196  72.786 0.1111110002
107997  -20.019  -33.273  73.846 0.1111110002
48210  -53.608  -12.132  43.100 0.1111110002
48211  -54.362  -12.701  43.001 0.1111110002
47393  -52.230  -13.934  44.403 0.1111110002
46538  -53.041  -14.145  44.148 0.1111110002
106411  -51.840  -12.074  43.512 0.1111110002
47390  -51.322  -13.800  45.543 0.1111110002
104766  -56.031  -10.785  42.412 0.1111110002
48196  -50.943  -13.072  46.762 0.1111110002
100115  -57.011  -12.823  41.731 0.1111110002
47429  -54.179  -12.971  39.538 0.1111110002
47410  -54.605  -13.537  39.822 0.1111110002
47427  -52.725  -12.779  39.519 0.1111110002
49160  -56.476  -11.432  40.988 0.1111110002
113359  -55.740  -11.940  40.155 0.1111110002
50004  -54.693  -10.400  40.137 0.1111110002
31153  -15.279  -32.786  83.114 0.1111110002
31231  -29.160  -30.716  72.789 0.3333329856
31955  -15.751  -32.121  82.997 0.2222220004
32809  -16.932  -31.107  82.817 0.2222220004
47103  -40.448  -13.804  69.066 0.7777780294
48853  -40.285  -12.128  68.523 0.7777780294
102278  -40.204  -13.034  68.351 0.4444440007
105677  -41.844  -11.854  68.775 1.0000000000
109185  -18.679  -30.134  82.742 0.3333329856
109621  -42.072  -11.074  64.212 0.6666669846
109642  -40.563  -11.372  67.364 0.7777780294
110798  -43.897  -21.351  71.560 0.8888890147
113648  -40.814  -21.982  67.418 0.1111110002
113722  -43.682  -15.381  69.388 1.0000000000
