global_signal	global_signal_derivative1	global_signal_power2	global_signal_derivative1_power2	csf	csf_derivative1	csf_derivative1_power2	csf_power2	white_matter	white_matter_derivative1	white_matter_derivative1_power2	white_matter_power2	csf_wm	tcompcor	std_dvars	dvars	framewise_displacement	rmsd	t_comp_cor_00	t_comp_cor_01	t_comp_cor_02	t_comp_cor_03	t_comp_cor_04	c_comp_cor_00	c_comp_cor_01	c_comp_cor_02	c_comp_cor_03	c_comp_cor_04	c_comp_cor_05	c_comp_cor_06	c_comp_cor_07	w_comp_cor_00	w_comp_cor_01	w_comp_cor_02	w_comp_cor_03	w_comp_cor_04	w_comp_cor_05	w_comp_cor_06	w_comp_cor_07	w_comp_cor_08	w_comp_cor_09	w_comp_cor_10	w_comp_cor_11	w_comp_cor_12	w_comp_cor_13	w_comp_cor_14	w_comp_cor_15	w_comp_cor_16	w_comp_cor_17	w_comp_cor_18	w_comp_cor_19	w_comp_cor_20	w_comp_cor_21	w_comp_cor_22	w_comp_cor_23	w_comp_cor_24	a_comp_cor_00	a_comp_cor_01	a_comp_cor_02	a_comp_cor_03	a_comp_cor_04	a_comp_cor_05	a_comp_cor_06	a_comp_cor_07	a_comp_cor_08	a_comp_cor_09	a_comp_cor_10	a_comp_cor_11	a_comp_cor_12	a_comp_cor_13	a_comp_cor_14	a_comp_cor_15	a_comp_cor_16	a_comp_cor_17	a_comp_cor_18	a_comp_cor_19	a_comp_cor_20	a_comp_cor_21	a_comp_cor_22	a_comp_cor_23	edge_comp_00	edge_comp_01	edge_comp_02	edge_comp_03	edge_comp_04	edge_comp_05	edge_comp_06	edge_comp_07	edge_comp_08	edge_comp_09	edge_comp_10	edge_comp_11	edge_comp_12	edge_comp_13	edge_comp_14	edge_comp_15	edge_comp_16	edge_comp_17	edge_comp_18	edge_comp_19	edge_comp_20	edge_comp_21	edge_comp_22	edge_comp_23	cosine00	cosine01	trans_x	trans_x_derivative1	trans_x_power2	trans_x_derivative1_power2	trans_y	trans_y_derivative1	trans_y_derivative1_power2	trans_y_power2	trans_z	trans_z_derivative1	trans_z_power2	trans_z_derivative1_power2	rot_x	rot_x_derivative1	rot_x_derivative1_power2	rot_x_power2	rot_y	rot_y_derivative1	rot_y_power2	rot_y_derivative1_power2	rot_z	rot_z_derivative1	rot_z_power2	rot_z_derivative1_power2
1132.7442719808923	n/a	1283109.5857055215	n/a	1590.125093894781	n/a	n/a	2528497.814233886	1102.2184870448682	n/a	n/a	1214885.5931834783	1183.9796828358294	1255.940894945424	n/a	n/a	n/a	n/a	-0.2439357228	-0.1403427672	0.0588837381	-0.0115021748	0.0924307182	-0.259816373	0.0550447842	0.0278331724	-0.0085898098	0.0923346394	-0.0765748832	0.156792223	-0.0052074269	-0.1845266482	0.0965152157	-0.1140954081	0.0781217733	0.0341203742	-0.066643056	0.3430626481	-0.0290758052	0.0655064128	-0.0823897262	0.1450625133	-0.0736535348	0.000881003	0.0157251369	-0.0927666783	0.1372491159	-0.0639536866	-0.1155736873	0.2154255522	-0.05394019	-0.1090968557	0.0015063617	0.1069535158	-0.0407838069	-0.0098676257	-0.277090152	-0.0366618908	0.1369690519	-0.0281507479	0.0657705073	-0.0983827749	0.0183893903	-0.078440084	-0.1286136232	0.0388358612	-0.166825099	0.0893980935	-0.1102310052	0.2522788251	-0.0322887576	0.0769986322	-0.0380663278	0.016444342	-0.0488622128	-0.0390488164	0.2114226401	0.0236232888	-0.0102749248	-0.1356891952	-0.1687547856	-0.0543009746	0.2146361148	-0.0258124459	0.0279961763	-0.0211866228	0.0988441439	-0.1968903135	0.0847450146	-0.0912688131	0.0541739288	0.0056012877	-0.0366305294	0.0081800963	-0.0009089011	0.3673630457	-0.1532053109	0.0198801315	-0.277755927	0.1024333332	-0.1127467507	0.040298235	0.0747179717	-0.0296996697	0.153366806	0.1532882396	-0.0176616845505748	n/a	0.000311935101164	n/a	0.04368120788412	n/a	n/a	0.0019080479222157	-0.0306302211135829	n/a	0.0009382104454669	n/a	0.0058849742644437	n/a	n/a	3.4632922093164665e-05	0.0007857229021235	n/a	6.173604789213752e-07	n/a	-0.0011168229688974	n/a	1.247293543856803e-06	n/a
1133.113902192987	0.3696302120947621	1283947.1153430184	0.1366264936932188	1591.6824748194497	1.5573809246686778	2.425435344521866	2533453.100647368	1103.3517274629085	1.133240418040259	1.2842338450800612	1217385.0344953842	1185.5103777360823	1252.896554077689	0.8769749999999998	15.944528	0.034645565707569	0.0207150040222632	-0.2202687219	-0.1529951109	-0.0231811656	0.007060468	0.0496011082	-0.2902166116	0.1167303077	0.0009748593	-0.0565690505	0.0520010117	-0.0209627305	0.0676594226	0.0641063341	-0.1468156723	0.0663058107	-0.1183105897	-0.1004264337	0.0406201587	-0.0636182115	0.0736614084	-0.1196487362	0.132153149	-0.084609949	0.0507466539	-0.0731755244	-0.0651872829	0.0124862641	-0.0522620612	0.0728320243	-0.2282975186	-0.066510709	-0.0709622348	0.2926917774	0.0325824757	0.1732703205	0.0185136678	-0.0213050979	-0.0982358466	-0.2849451885	-0.0729431633	0.0980667396	-0.0205462823	0.0500138789	-0.0586107824	-0.046187429	-0.0464290751	-0.0220129865	0.0335130539	0.0259729572	0.1413727221	0.0324892575	0.0695139173	-0.1174089509	-0.0060620533	0.1127509264	0.0475845312	-0.1954236379	0.1232777704	0.0706853743	-0.0884473954	0.004497163	0.0730899472	-0.1769779577	-0.0428180274	0.2005231136	-0.0359205605	0.0193621787	0.0103084734	0.0629741088	-0.1640336057	0.0472501112	-0.0726197631	0.070026059	0.0361891373	-0.010960032	0.091671028	-0.0649281907	0.3131377702	-0.1912260266	0.0463425496	-0.1190502022	-0.0369326303	-0.0911021703	-0.0321729567	0.058763179	0.0329335842	0.1531573254	0.1524510324	-0.0244416525416539	-0.006779967991079	0.0005973943789669	4.596796596005715e-05	0.0439304569084981	0.0002492490243781	6.212507615343653e-08	0.0019298850441894	-0.0363157552543498	-0.0056855341407669	0.0013188340796938	3.232529846582605e-05	0.0057762864789843	-0.0001086877854593	1.1813034708068445e-08	3.3365485487296845e-05	0.0004577846994979	-0.0003279382026256	2.0956683109438261e-07	1.0754346474130909e-07	-0.0011148326659555	1.9903029418999723e-06	1.2428518730814475e-06	3.961305800535685e-12
1133.8373861752386	0.7234839822515369	1285587.2182886973	0.5234290725745421	1588.968815222452	-2.713659596997786	7.363948408378187	2524821.8957494423	1102.2356970550818	-1.1160304078266563	1.2455238711937329	1214923.531862502	1182.948070807358	1257.4320908514198	1.090396	19.824787	0.1353214937241989	0.073175447800333	-0.124933382	-0.1737883244	-0.0627985771	-0.0132635151	0.0627496103	-0.2667987149	0.0683717889	0.0499370359	-0.101688027	-0.0136088521	-0.0124036445	-0.0178689302	0.0357294952	-0.1031924969	-0.0520158372	-0.1683526615	-0.058745577	-0.0454959043	0.0002088724	0.114887729	-0.0427516443	0.034075176	-0.0489459645	-0.0639664066	-0.105282849	-0.0162031179	0.0222749649	-0.2650126667	0.0140773962	0.1635253278	-0.010243452	-0.2554095909	-0.0640027216	0.1794253665	-0.2247361121	0.1078758138	0.0966109808	-0.0087812575	-0.2526988304	-0.0595718373	0.0912811101	0.1452408289	-0.0278144834	-0.0002181005	-0.0624793721	0.0878184281	-0.1236773609	0.1250790518	0.1012898847	0.1762791815	-0.0946666366	0.03168446	-0.0242149621	0.0897129953	0.1138223992	0.0496863278	0.0661907154	-0.2397179908	-0.0119789944	0.1904398024	0.0174133396	0.3539972205	-0.1016049801	0.1041991216	0.1621006065	0.0346678584	-0.0628443809	-0.0015981403	-0.0204153305	-0.1499457113	-0.2515537828	0.0510425174	0.1338213832	0.038634822	0.0440113891	-0.2490412737	0.2202794756	0.0959004739	0.0070625973	-0.0218419511	0.2330873586	0.1110760114	0.0320571681	0.1119961629	-0.0610590987	-0.166728231	0.1527386503	0.1507811905	-0.016912926326043	0.0075287262156109	0.0002860470769101	5.6681718429626826e-05	0.0139626190951673	-0.0299678378133308	0.000898071303206	0.0001949547319967	0.0195544501472824	0.0558702054016322	0.0003823765205625	0.0031214798516205	0.0051278824834961	-0.0006484039954882	4.20427741365062e-07	2.6295178764546133e-05	0.0006476450300501	0.0001898603305521	4.194440849485949e-07	3.604694511739063e-08	-0.0011156628257876	-8.301598321000872e-07	1.2447035408443729e-06	6.89165346832445e-13
1136.349533141902	2.5121469666632947	1291290.2614718184	6.310882382115593	1599.0487523278523	10.079937105400404	101.60513204882788	2556956.912321261	1104.489974331637	2.254277276555285	5.081766039593515	1219898.1033991002	1185.7469758320397	1258.31620392976	1.228252	22.331182	0.0647922173774262	0.0406755184772921	-0.0258912389	-0.1148939769	-0.0413716792	-0.1158746835	-0.1039387259	-0.0595701835	0.0236133707	0.211061228	0.0011073901	-0.1672512133	0.2216624208	-0.0283350057	0.0419472012	-0.0758929978	-0.061683851	-0.0506802321	0.0136694626	0.1324374459	0.1263010187	-0.1669480119	-0.1744634171	0.0250752339	0.2185421581	-0.0221939556	-0.0483878829	-0.0195258101	-0.1036969376	-0.0280726594	-0.0463464201	0.0173613136	0.1916374377	-0.1203749475	0.072630493	-0.095585442	0.1110964555	-0.0968611198	-0.1475718833	0.1297085908	-0.0892583994	0.0256123817	0.0690434659	0.1347850764	0.0860660155	0.0016030468	0.2258500426	-0.0578826371	0.1067729295	-0.0515139582	0.0447021352	0.128163725	0.0384772505	-0.3934306131	-0.1043676927	-0.0529813157	-0.0799623472	-0.304792126	0.0547292392	-0.0789985005	0.0693768668	0.0403382209	-0.0326621462	0.0122479985	-0.1134827625	0.0415657087	0.0872259601	-0.0321949602	0.075964574	0.1081048493	0.0182422052	-0.0020437696	-0.2338140538	-0.0863598946	0.1809133215	0.1173479347	0.2718783827	0.0506862233	-0.0208171925	-0.0317985663	0.1062992299	-0.1956541507	0.0948910432	-0.1014640559	0.3542791091	-0.1015202369	-0.0238039836	-0.1353369072	0.1521113526	0.148287834	-0.0181509063442462	-0.0012379800182031	0.0003294554011175	1.5325945254703929e-06	0.0300199995190126	0.0160573804238453	0.000257839466076	0.0009012003711215	-0.0153976022510704	-0.0349520523983528	0.0002370861550821	0.0012216459668571	0.0051882808319098	6.03983484136995e-05	3.6479604911026365e-09	2.6918257990762643e-05	0.0004581127576657	-0.0001895322723844	2.0986729873607238e-07	3.592248227519439e-08	-0.0011146973558452	9.654699424000053e-07	1.2425501951282806e-06	9.321322096778696e-13
1135.8556449842422	-0.4938881576597396	1290168.0462425689	0.2439255122765317	1595.5907181140988	-3.458034213753536	11.958000623490031	2545909.739731865	1105.3688190985165	0.8788447668794106	0.7723681242713255	1221840.2262352488	1186.452495279294	1270.4890453320195	1.20615	21.929344	0.0607574934038431	0.0333407584012209	0.0889810603	-0.0790137107	0.0756144646	-0.0901942296	-0.1845712508	0.0684727106	0.0853679983	0.1104090445	0.1003143954	-0.0437099426	0.0606642906	0.0113562642	-0.0788336961	-0.1424368663	-0.0220743245	-0.0474814565	0.0764021204	0.0628024923	0.1080927767	-0.0173484239	-0.0584402479	-0.0359241222	-0.0935906351	-0.1229932382	-0.1101139605	0.1338369483	-0.0574015792	0.1146508186	0.0265242983	0.2120066067	-0.0021836492	0.1723248422	0.1542573888	-0.1587356019	-0.0453146009	-0.0381433784	0.1945544272	0.1197958086	-0.0417033188	0.1594936233	0.0600673726	4.75911e-05	0.097633616	0.1002948831	0.0442909195	-0.0352180936	0.1695159621	-0.1085543141	-0.0239503642	0.0508821895	-0.0189298595	-0.0723424868	-0.0153487531	0.2595044598	0.163978071	-0.0033294217	0.1145836229	0.2041521473	-0.0545018224	0.1287499686	0.0676453096	-0.0475565467	-0.1767568959	0.0582606362	0.0307890174	-0.0408563597	0.0484586007	0.0408383062	0.1357916181	0.1050101561	-0.1247325641	0.0503553275	0.1138105756	0.070115449	0.143168805	0.0552763134	-0.1316654826	0.0135620065	-0.0826195805	-0.0067609184	-0.1107717743	-0.0271134887	0.0394496735	0.022872409	-0.1288614703	-0.0524041655	0.151276289	0.1449845808	-0.0171921683323148	0.0009587380119313	0.0002955706519666	9.191785755221684e-07	0.0394849066202169	0.0094649071012043	8.958446643442758e-05	0.0015590578508072	-0.0366336307688328	-0.0212360285177624	0.0013420229033071	0.0004509689072072	0.0056412604274601	0.0004529795955503	2.0519051398491345e-07	3.182381921042731e-05	0.0004632093488945	5.096591228800028e-06	2.1456290090326667e-07	2.597524215348138e-11	-0.0009908171471654	0.0001238802086798	9.81718619116982e-07	1.5346306102550807e-08
1134.037567100367	-1.818077883875276	1286041.2035949193	3.3054071918364007	1598.8577474194904	3.2670293053915884	10.673480482287443	2556346.096483327	1104.6803081547448	-0.6885109437716892	0.4740473196933821	1220318.583224862	1186.7277718239336	1281.8040551018216	1.263163	22.965908	0.0222619368526857	0.0111814275271006	0.1239969186	-0.0524814165	0.2364593521	-0.0263756085	-0.1626365221	0.0976476866	0.1731532417	0.1177079312	0.2872835023	-0.0445813291	-0.0556106213	0.1014418454	-0.2627716781	-0.1821415655	-0.0649922752	-0.0860004556	0.1361999455	0.0770121481	0.0484962144	-0.0197488578	0.1784086582	0.0221204636	-0.0582197281	-0.0969968984	-0.1310694461	-0.0473047308	0.0603935185	-0.1296714057	-0.023205828	0.0340136996	0.0884636989	-0.1004470739	-0.0295590863	-0.0514540387	0.1734091264	-0.1418561426	0.0832679629	0.030983775	-0.0924920992	0.2477047578	-0.0213739141	-0.0291086385	0.1573997997	0.1716452136	0.0058976335	-0.0200676636	0.056952977	-0.0461177089	-0.0580719287	0.0984852532	-0.159107029	0.0344725834	-0.0241249464	-0.0262022304	0.0827077019	-0.0671167408	-0.0740555179	0.2058713798	-0.0126224155	0.0530721452	-0.1101691425	-0.0119191592	-0.1895525329	0.1079215962	0.017599816	-0.0351726763	0.0308046756	8.16482e-05	0.0657187695	0.1287097795	-0.0314802471	0.2203313663	0.0761870388	0.0477692551	0.0303952343	-0.0347395359	-0.1120675486	-0.074610907	-0.1487721058	0.034057472	0.0132321154	0.0547397516	-0.2207828183	0.1300878617	-0.0391961178	-0.0204207022	0.1502346003	0.1408894722	-0.0238597129093278	-0.0066675445770129	0.0005692859001155	4.445615068645543e-05	0.0372921531448895	-0.0021927534753274	4.808167803560396e-06	0.0013907046861818	-0.0285856861376174	0.0080479446312154	0.0008171414519583	6.476941278710885e-05	0.0056172957103245	-2.3964717135599615e-05	5.74307667389302e-10	3.155401109723003e-05	0.0005231569691108	5.994762021629995e-05	2.736932143291985e-07	3.593717169597734e-09	-0.0010139786931961	-2.316154603069988e-05	1.0281527902556706e-06	5.364572145322294e-10
1132.6616368768532	-1.3759302235137056	1282922.3836525525	1.893183979978476	1596.4613761369571	-2.396371282533209	5.74259532374986	2548688.9254971067	1103.2269148240396	-1.4533933307052394	2.1123521737384694	1217109.625592169	1185.4248823227188	1265.8538897970448	1.257543	22.863722	0.0697468219381524	0.0320243341983491	0.111538774	-0.1205923515	0.1841616094	0.0095156177	-0.0639117472	0.0818569439	0.1929489045	0.0808184316	0.0657573588	0.0131943939	0.0136885208	0.0137806335	-0.1471184947	-0.1864131513	-0.0802931303	-0.0519980645	-0.0605513558	-0.0419016348	-0.0418073809	-0.0708828683	0.0496938834	-0.0991935574	0.1489494142	-0.1407527212	0.143733194	-0.0319308368	-0.0141332142	-0.008623025	-0.1326450995	0.0108995622	0.0082077775	-0.0030546129	0.0161198335	0.1492434862	0.0542763486	0.0176834846	0.1354943257	0.1717541504	-0.0717819951	0.2313972565	0.0350480271	-0.0173142326	0.0663158445	0.0661116368	-0.0820055516	0.1552882352	-0.0055460437	0.0217044432	0.0245745814	-0.1202443547	-0.0134972065	-0.1069257015	0.0187789808	0.0011804043	-0.014236927	-0.0736229631	-0.0582238846	0.0847334981	-0.1959939193	-0.080484794	-0.096700456	-0.0925531571	-0.1726298492	0.1299934274	0.0194198195	0.0036460724	0.0171791981	-0.0236876369	-0.0281143817	0.1278119177	0.0580750731	0.2120956547	-0.0486149154	-0.0691091553	0.0669585259	-0.1101521703	0.0201798616	-0.2271645749	0.0936578545	0.0574749903	0.0836268965	-0.0037444564	-0.2207165281	0.0028937953	-0.0885219732	-0.040014909	0.1489877092	0.136024874	-0.0239138927959601	-5.417988663230025e-05	0.0005718742686566	2.9354601154889075e-09	0.0243633770413111	-0.0129287761035783	0.0001671532515364	0.000593574140857	-0.0403831277681092	-0.0117974416304918	0.0016307970083354	0.0001391796290248	0.0051662582616438	-0.0004510374486806	2.03434780112395e-07	2.6690224426002823e-05	0.0006621852565065	0.0001390282873957	4.384893139345792e-07	1.932886469618137e-08	-0.0007047159429235	0.0003092627502725	4.966245602105577e-07	9.564344870617252e-08
1132.5381392283332	-0.1234976485200149	1282642.6368067754	0.0152516691899731	1590.3488639654115	-6.112512171545632	37.36280504729349	2529209.509116075	1103.1622522756595	-0.0646625483800562	0.0041812451630031	1216966.9548459058	1184.6417117488406	1254.7384190336709	1.007431	18.31637	0.0548246179083459	0.0258341406417745	0.1107499311	-0.0572262524	0.1143148701	-0.028778164	0.0298857094	0.1168513454	0.0693456832	-0.0102429299	-0.1338243851	-0.0079651466	0.0620532271	0.049189738	-0.0136918849	-0.1743064193	-0.1173538974	-0.0251059154	-0.0176781364	-0.0275101599	-0.0570687666	0.0612445575	0.097953674	-0.0731639303	0.1037676966	-0.0171259181	0.0711382238	-0.0247291007	0.095186703	0.4194849363	0.0389114496	-0.0340526032	0.061907464	0.051313808	-0.1149067392	-0.0341809667	-0.1449468528	0.0557563156	-0.1776878315	-0.0290913928	0.0148267414	0.2148163841	0.1083316904	-0.0246967633	0.0172158833	-0.0345336441	0.1067216953	0.1141248518	-0.067649763	-0.0004895404	0.042078341	-0.3324358214	0.0308047999	-0.0365065538	0.0246415555	0.0792496013	-0.0975256675	0.2179682621	0.1205219956	-0.0476954672	0.0205724536	-0.1152048313	-0.0083851854	-0.1501510291	-0.1953647524	0.047939782	-0.0159097029	-0.0214593508	0.1120097144	0.0250125198	-0.0506993812	0.1390260898	0.1479555063	0.0836977381	-0.1192170555	-0.0780936313	0.0482421952	0.0731550541	-0.0390813308	-0.1367292846	0.1357203137	0.0391730107	0.1049020864	0.0188145732	-0.0287537659	0.016090766	0.1068901524	0.0719286525	0.1475373187	0.1304173552	-0.0175450365444191	0.0063688562515409	0.000307828307345	4.056232995279287e-05	0.0411484158935593	0.0167850388522481	0.0002817375292714	0.0016931921305493	-0.052362898026331	-0.0119797702582217	0.0027418730897159	0.0001435148954397	0.0054542985413527	0.0002880402797088	8.296720273478133e-08	2.9749372578202196e-05	0.0007670828139914	0.0001048975574849	5.884160435209648e-07	1.1003497566297898e-08	-0.0007055971566564	-8.812137328999704e-07	4.978673474815962e-07	7.765376430515003e-13
1132.11376161591	-0.4243776124230862	1281681.5692401258	0.1800963579259192	1589.6273236651753	-0.7215403002362564	0.520620404865027	2526915.028142908	1102.8772053289852	-0.2850469466743561	0.0812517618083732	1216338.1300342726	1184.8119004651594	1251.1572945267685	0.8675129999999999	15.772497	0.0499715893842014	0.0302983132151356	0.1261619747	-0.0436574982	0.076820108	-0.0039961431	0.0306082869	0.1041838611	0.0468350981	-0.0351793826	-0.0950823491	0.0358635618	0.1775282251	0.0881503934	-0.049656202	-0.1338138117	-0.0370866846	0.005686481	0.093108053	0.0305611708	-0.013513117	0.0211996282	-0.0460977526	-0.0274364962	0.1284915539	0.0013014993	0.0628333739	0.2428592551	-0.1871091377	0.2596865423	-0.0337596235	-0.2080899656	0.0300055285	-0.0506162679	-0.1843546561	0.1801036235	-0.1001208503	-0.0069972558	-0.0930203685	-0.130712894	0.0384734606	0.2049957634	0.114046214	-0.0449529986	-0.0179678106	-0.1077406695	0.1205261743	0.0155016958	0.0496027614	0.0204416729	0.0262249737	-0.2274595238	-0.0142893395	-0.0448590959	-0.0498145476	-0.0765040589	-0.1087031158	0.113674259	0.2277870617	-0.054323044	0.0346781175	-0.063634405	0.0585710101	-0.0016759641	-0.1904036275	0.0091646792	-0.0534650094	-0.0718292492	0.1173684627	0.0434145376	0.0201621408	0.1180460003	0.209263165	-0.0175108532	-0.1541713708	-0.1290892256	0.0183893726	0.1428241359	-0.1229444742	-0.1424857793	0.024602614	-0.1198517154	0.0508200003	-0.081333329	-0.0145722679	-0.1048485192	-0.0026704261	0.1952859882	0.1458854101	0.124097542	-0.0176303443985261	-8.530785410700015e-05	0.0003108290436106	7.277429972341222e-09	0.0461881498133607	0.0050397339198014	2.5398917982396847e-05	0.0021333451831814	-0.070022965963659	-0.017660067937328	0.0049032157623477	0.000311877999551	0.004984767443912	-0.0004695310974407	2.204594514638682e-07	2.4847906469884974e-05	0.0006937486764568	-7.333413753460001e-05	4.812872260855617e-07	5.37789572794363e-09	-0.0007047327981724	8.643584839999148e-07	4.966483168199008e-07	7.471155888626309e-13
1132.866137059734	0.7523754438238939	1283385.684496644	0.5660688084692013	1591.697415870844	2.070092205668743	4.285281739970483	2533500.6636899225	1103.7223976625214	0.8451923335362608	0.7143500806684698	1218203.1311019051	1185.2201061140613	1241.1132805128605	0.992692	18.048395	0.0318955769119722	0.02147836740034	0.0976777367	-0.0289169004	-0.0375995178	0.0193976578	0.0766590788	0.0650230613	0.0092227729	-0.0423434091	-0.1600513131	0.0525573468	0.2154869408	0.0194657652	-0.1240002513	-0.1369937216	0.005798985	0.0644787106	-0.0266436789	-0.1061112572	-0.0694595882	-0.0761555791	0.0186624147	-0.0277235671	0.0454659322	-0.139010603	0.2225819535	-0.1300302818	-0.048976148	0.0033555876	0.0609878762	0.0421059108	0.1560933006	-0.0087494732	-0.1201553624	-0.0333370324	0.0168804392	0.0843751104	-0.0537340384	-0.0093658682	0.0632695694	0.1085360236	0.1535293997	0.0259436114	-0.0578663551	-0.1126786514	-0.0910290168	0.0695460216	0.0477906814	0.1058434933	0.0641981319	-0.196291405	0.0598511341	-0.0862591033	0.0063979408	0.0221090213	0.0595931092	0.0475375965	-0.1059871318	-0.1221276349	-0.1328498179	0.0734967012	-0.033337259	0.0978698835	-0.1532314164	0.0607637164	-0.0668435992	0.0330552966	0.0002018303	-0.0537720352	0.0345620848	0.0862043143	0.199051697	-0.0208419569	-0.088861276	-0.1099851385	-0.0432079738	-0.1901711838	0.0968166407	-0.0887442414	0.146881162	0.0839751373	-0.0412075823	0.0032886258	0.1287672803	-0.1122322111	0.0804287883	0.186516861	0.1440342395	0.1170999511	-0.017644449207836	-1.410480930990124e-05	0.0003113265878479	1.9894564566867666e-10	0.0382761900259964	-0.0079119597873643	6.259910767686977e-05	0.0014650667229061	-0.050059717797481	0.019963248166178	0.0025059753459634	0.0003985312773444	0.0050062470032815	2.1479559369499968e-05	4.6137147070787373e-10	2.5062509057865e-05	0.0006352409867429	-5.85076897139e-05	4.035311112380932e-07	3.423149755657999e-09	-0.0007045947642734	1.3803389900003942e-07	4.964537818414881e-07	1.9053357273153085e-14
1135.4553127734964	2.5891757137624154	1289258.7673055583	6.703830876737113	1593.5916396739872	1.894223803143177	3.5880838163942017	2539534.314038827	1103.9894857144136	0.2670880518921876	0.0713360274635639	1218792.7845679754	1185.5150966968788	1259.7360660350266	1.082394	19.679296	0.1007128198349735	0.0539210409043146	0.0593803332	0.0463156903	-0.1105527409	-0.0769453539	0.1097829402	0.0593802706	-0.0442425875	-0.0041765221	-0.2115886524	0.0267550615	-0.0485764174	-0.0977368819	0.0876893663	-0.1133163102	-0.0480654779	0.1123896173	-0.1130920495	-0.0602417815	0.052611204	-0.1026443774	0.0455152511	0.0132846161	0.1516547614	-0.0395369689	0.1427980023	-0.031909176	0.0771430523	-0.1238826626	0.2565988047	0.1125935673	-0.0437513292	-0.0660337875	-0.0781858391	0.0174750527	-0.0359205478	-0.0750280438	-0.0209924377	0.0133535522	0.0721719877	0.016832412	0.1516382951	0.0912372565	0.009624545	-0.0040037533	-0.1025767376	0.0876769689	-0.0398488103	0.0187436334	0.0101710329	-0.0282822565	0.0420095211	0.1390646759	0.0402187761	-0.2902586195	-0.0817601663	-0.2030183578	-0.055969062	-0.0084820447	-0.1322723588	0.0154786818	-0.0064625737	0.0998908889	-0.0778888654	0.0202737102	-0.0653252134	0.1363127323	-0.0127283672	-0.0540043804	-0.0986411548	-0.020211182	0.0653535162	-0.0463567169	-0.1001014346	-0.0644687708	-0.0770347762	-0.2462598761	0.24264612	0.0034707817	0.0699121371	0.1928538033	0.0581515389	0.097634514	0.201371122	0.0762379639	0.0687974969	0.0399174068	0.1419863355	0.1094628008	-0.0212983660590424	-0.0036539168512063	0.0004536203967849	1.3351108355530072e-05	0.0092500914175417	-0.0290260986084547	0.0008425144004277	8.556419123287861e-05	-0.0269929719136285	0.0230667458838525	0.0007286205327299	0.0005320747656702	0.0042007697126847	-0.0008054772905967	6.487936656671615e-07	1.76464661790091e-05	0.0007290246708941	9.378368415120004e-05	5.314769707722509e-07	8.795379412972052e-09	-0.0007045345691922	6.019508119996937e-08	4.963689591868389e-07	3.623447800670905e-15
1136.1833507264394	0.728037952942941	1290912.606467959	0.530039260925348	1590.879379272461	-2.712260401526237	7.356356485687264	2530897.1993943304	1105.4739552349126	1.484469520499033	2.203649757290629	1222072.6657027216	1187.2216333198187	1263.3471906296488	1.216511	22.117725	0.1858617290584428	0.09753867449675	0.019508624	0.1185775819	-0.1058091938	0.0388804243	0.1154584107	0.0774025229	-0.1308426152	-0.1295060535	-0.1010232957	0.0699123953	-0.0553225904	0.0491752329	-0.0571328104	-0.0646194032	-0.0500091027	0.1888428888	0.1620495896	0.1156326186	0.0663689848	-0.1540051601	-0.0326689044	-0.0925357511	-0.1765182716	0.2749379872	0.1259788382	0.1945378835	0.0510327745	0.0035888503	-0.1467081789	-0.0510985276	-0.140216084	-0.0678367356	0.0820359496	-0.0961941303	-0.125513539	-0.0618050692	0.1563551161	-0.0518854832	0.1471905045	-0.0055803119	0.1278583178	-0.1318786773	0.0332430255	0.0021394382	0.2035116197	-0.1640250275	0.0425937568	-0.0340492985	0.0940632377	0.0846236585	0.2522198039	0.0867469961	0.2446256538	-0.1704578294	-0.2827939284	0.1731957124	-0.0109652047	0.0757744277	0.0489030583	-0.0474935687	0.1448278307	0.1030055058	-0.055561334	-0.1728290241	-0.1674709997	0.0102817182	0.0783719441	0.0663975148	-0.0275994034	0.0476729096	0.1193496782	-0.3036811556	-0.2093138462	-0.0179956299	-0.1060481617	0.3646853817	-0.1229564425	0.0613943691	-0.1733718774	-0.1210544313	0.1239060642	-0.0798999286	0.2126510317	0.0105693376	0.0605773045	-0.0114772581	0.1397444952	0.1012278027	-0.0008882343703078	0.0204101316887346	7.889602965960939e-07	0.0004165734755514	0.0383008120947465	0.0290507206772048	0.0008439443718649	0.001466952207117	-0.1064793670974069	-0.0794863951837784	0.0113378556174643	0.0063180870193117	0.0034391342409586	-0.0007616354717261	5.800885917914397e-07	1.1827644327333884e-05	0.0003542935592013	-0.0003747311116928	1.2552392609152506e-07	1.4042340607052177e-07	-0.0007026115224366	1.9230467556000715e-06	4.936629514606768e-07	3.698108824223961e-12
1136.002696776041	-0.1806539503984368	1290502.1270824375	0.0326358497945608	1602.24355660372	11.364177331259045	129.14452641630191	2567184.414678138	1104.3874177985235	-1.0865374363891078	1.1805636006750144	1219671.5685916906	1185.8918444628075	1269.0790379657838	1.200961	21.835005	0.1252151366013005	0.0822688954789627	-0.0247470745	0.1002224864	-0.1093930408	0.1212347908	0.0344699529	-0.0222403739	-0.0666386563	-0.0788090782	0.1124679549	0.0556750231	0.1387183096	-0.1906873708	-0.1481603428	-0.0529671046	0.0040099723	0.0533767964	-0.0965742843	0.0040717334	0.0003633146	0.1219537874	0.0524111392	0.0930752454	-0.0587934038	0.1523800053	0.0125827813	-0.1391285209	0.0033765581	-0.1351659175	-0.0741571848	0.013152663	0.0098168378	0.2141152253	-0.2351465725	-0.0233902171	0.0507664717	0.0269196646	0.076514849	-0.1489295545	0.0393434854	-0.0680420567	0.0964881998	-0.0279728378	0.0468257437	-0.0056678236	-0.1976875348	0.0093902097	0.0758579639	0.1674581498	-0.0994275006	0.0138394714	0.0578018507	0.1310688105	0.0780192935	0.0545383706	0.0357030154	0.0926251822	-0.0753811698	-0.1578912691	-0.0020039294	0.0211288547	0.0524200166	-0.179807971	-0.0247251063	-0.0834020929	-0.0490120015	0.153500633	-0.1053475311	-0.1176187803	0.0254785935	-0.0574784134	-0.0098887171	-0.1038373615	0.0556819047	0.0567725079	-0.357716508	-0.1019521935	0.074199556	-0.0320564194	0.1581299823	-0.0158233124	-0.1179475956	-0.0377841973	-0.1389684401	-0.2174677226	-0.1315171922	-0.0830732129	0.1373117808	0.0924399334	-0.0135382248892312	-0.0126499905189234	0.0001832835331513	0.0001600222601288	0.0152693182814971	-0.0230314938132494	0.0005304497072697	0.0002331520807816	-0.0286530670712892	0.0778263000261176	0.0008209982525917	0.0060569329757552	0.0035876033641468	0.0001484691231882	2.2043080540272944e-08	1.2870897898437436e-05	0.0002692415855407	-8.50519736606e-05	7.249103138447007e-08	7.233838223563397e-09	-0.0007019855744252	6.259480113999334e-07	4.92783746701078e-07	3.9181091297553126e-13
1137.931135780342	1.9284390043010264	1294887.269778339	3.7188769933095336	1588.033647120276	-14.20990948344388	201.92152752766836	2521850.864386125	1105.2983929275372	0.91097512901365	0.8298756856814364	1221684.5374081964	1185.4877330296883	1271.291769377851	1.187201	21.584826	0.0874160890637568	0.0466338521331287	-0.1092471605	0.1356979718	0.020770207	0.0279215533	-0.071288563	-0.0514988404	-0.1827553299	-0.0062927605	0.0396639765	0.1244341089	-0.1335705234	-0.1801170582	-0.0430209513	0.018581071	-0.0805153072	0.1286067867	-0.145329472	0.0188915524	-0.0062392921	0.0160501082	-0.0233936207	0.1052203052	-0.0003662316	0.0969896336	0.0170439727	-0.231870542	-0.1071022489	-0.1205200734	-0.0959573944	-0.1814661325	0.0244412487	-0.0049050042	0.0635775251	-0.0523573476	0.0480177263	-0.0668428101	0.0691108511	0.0191892947	0.0336247568	-0.161467023	0.0441600306	0.0286079422	0.0920399075	0.1237683946	-0.0624377189	-0.0038322495	-0.0369058291	0.0697989666	0.023201945	0.179399119	-0.0071574723	-0.0289098372	0.0118908803	-0.0789425903	-0.0909811582	-0.0339156352	-0.1616678917	-0.1009770846	-0.0742582969	-0.0564228944	0.0095026602	-0.1227785886	0.0176531823	-0.1175927804	-0.0319058026	0.1549625838	-0.0758698905	-0.0554530764	-0.1035561102	-0.1186620918	-0.0374110591	-0.1457185468	0.021417949	0.179722857	-0.177535825	0.0615135348	0.1763886087	-0.1839511306	0.1338654778	0.0161173025	0.0912806369	-0.1238763179	0.0060674657	0.1073451474	-0.0048606185	-0.0089201596	0.1346915149	0.0831471893	-0.0008268900200363	0.0127113348691949	6.837471052356327e-07	0.0001615780341568	0.019492977036009	0.0042236587545118	1.7839293274565006e-05	0.0003799761537263	-0.0525230179933942	-0.0238699509221049	0.0027586674191344	0.0005697745570237	0.0028481620148877	-0.000739441349259	5.467735089941181e-07	8.112026863049164e-06	0.0004089249583079	0.0001396833727672	1.6721962152711777e-07	1.9511444627620558e-08	-0.0007550837427578	-5.309816833259993e-05	5.701514585771274e-07	2.8194154802771182e-09
1137.642895243565	-0.2882405367770388	1294231.3570981608	0.0830826070415155	1599.1953195616256	11.161672441349538	124.58293168798174	2557425.67010781	1101.7836070769424	-3.5147858505947625	12.353719575541149	1213927.116823478	1184.5155750123224	1279.2956413846468	1.124947	20.452963	0.0791278245802805	0.0416276413820066	-0.0645906618	0.1491898755	-0.0552120239	0.1288802734	-0.0534525368	-0.0154882099	-0.1323482645	-0.0734857085	0.1547472335	0.0716058136	-0.0635330645	0.2139386545	0.1767821209	0.0778918529	0.1587287026	0.1610945027	-0.027726933	-0.0992346484	0.0015812384	-0.0500733277	-0.0811967281	-0.0386206518	-0.1044398105	0.0153501651	-0.0052392532	-0.0159462158	0.0065404858	0.0936142337	-0.1307530635	0.0939107663	0.1825838785	0.1621838435	-0.0488249794	-0.0163525138	-0.0926435688	-0.3318372575	-0.1898819975	-0.0537922901	0.0858554633	-0.1224644437	-0.0411069917	-0.127232517	-0.0034744848	0.0777936383	0.014814622	-0.04248348	-0.1315633756	-0.1438964775	-0.0182730833	0.1177881946	0.1342193514	-0.0660548027	0.094287321	0.103429557	-0.1036933494	-0.0836796211	-0.0419786188	0.0035435645	0.1514515354	-0.0700443079	0.1660970153	-0.1383851839	0.1049319103	-0.1546597565	-0.1062104091	0.068846776	0.0321682223	-0.0163867902	-0.1771692435	-0.0595731902	-0.2228685901	-0.0542442938	-0.0309366117	0.067647475	-0.0646155906	0.2278207108	0.0634501939	-0.0089544057	0.0204737769	-0.0134723864	0.1139788861	-0.0472603535	-0.0845756524	0.1448991419	0.0956647115	-0.0928454811	0.1318872767	0.0734003241	-0.0008536985168774	-2.6808496841099964e-05	7.288011577186724e-07	7.186955028792666e-10	0.0072811272570021	-0.0122118497790069	0.000149129275025	5.301481413265893e-05	-0.0264815252824917	0.0260414927109025	0.0007012711812872	0.0006781593426119	0.0022760962735736	-0.0005720657413141	3.272592123852508e-07	5.1806142465756286e-06	0.0002922869923764	-0.0001166379659314	8.543168591244172e-08	1.3604415096637753e-08	-0.0006268339781328	0.0001282497646249	3.929208361417917e-07	1.6448002126367883e-08
1136.8029306158214	-0.839964627743484	1292320.90305672	0.7055405758602497	1600.565283770894	1.3699642092683462	1.876801934676245	2561809.2276126025	1104.5948813342172	2.811274257274817	7.903262949616077	1220129.8518697536	1186.522847253118	1271.9928102754357	1.049688	19.084663	0.0253502599980943	0.0121483391495187	-0.0098128176	0.1387580164	-0.080139876	0.10728718	0.0750599523	0.0784660301	-0.0646106826	-0.0621917285	0.0623871542	0.0557545257	0.0235639596	0.1573371735	0.0828341264	-0.0338590629	0.0482162166	0.1456102313	-0.0629962878	0.0279655724	0.1141414831	-0.0617784885	0.215437339	-0.0415166335	0.0237639625	0.0216012694	-0.0895625902	0.0722999377	0.183073077	0.0128658145	-0.0245038275	0.0105713635	-0.2129630906	0.1679143322	0.1308858265	0.1126872203	0.067988385	0.1653698661	0.0036014811	0.0511552011	0.1052672924	-0.0142267052	0.0117587429	-0.1244158962	0.0133600423	0.0996477864	-0.1976602447	-0.0748526477	-0.0693018001	-0.0295737044	0.0066298483	-0.0544003822	0.0397671039	0.0648733364	0.0017812322	-0.0590585346	-0.0843663489	-0.1208844293	0.097247843	0.0393571576	0.0241900355	-0.0641751198	0.1335104232	-0.0150536304	0.0576894834	-0.1164702365	-0.151654167	0.1063334171	-0.1091456137	-0.0854986756	-0.0482784952	-0.0142957067	-0.2218080783	0.0553796331	-0.0087130358	0.0420847284	-0.1833203116	0.1075553306	0.020701677	-0.0806061059	0.0497331295	-0.0091618146	-0.1867329529	-0.0016704784	-0.0855000854	-0.1320555746	-0.0072961069	0.0349884288	0.1289028963	0.0632525717	-0.0067185231895194	-0.005864824672642	4.513855384810993e-05	3.4396168440830336e-05	0.0144774811255956	0.0071963538685935	5.178750900202063e-05	0.0002095974597419	-0.0301907905816705	-0.0037092652991787	0.0009114838359462	1.3758649059691989e-05	0.0022760538900983	-4.2383475300136065e-08	1.7963589785172433e-15	5.180421310631604e-06	0.0001828579627818	-0.0001094290295946	3.3437034552710155e-08	1.1974712518015846e-08	-0.0005647090680491	6.212491008370001e-05	3.188963315368831e-07	3.8595044529078115e-09
1136.6493591504156	-0.1535714654057756	1291971.7656570503	0.0235841949868773	1599.4362727320472	-1.1290110388467838	1.2746659258378938	2558196.3905309835	1101.9957872303255	-2.59909410389173	6.755290160884755	1214394.7150733848	1185.3171417294018	1279.5629299305103	1.077137	19.583729	0.1128717760928417	0.057188791488619	0.0714217973	0.1112922928	0.006876809	-0.0065262166	0.037401716	0.0821032643	-0.0188303528	-0.0265216609	0.0774968912	0.0361918023	-0.1257952884	0.0714107965	0.1136736429	0.1656806855	0.1126877836	0.138193122	-0.1084608105	-0.1510553872	-0.0264331842	-0.019499536	0.0496997551	0.0964052646	-0.0878513157	-0.0798081226	-0.0897948345	-0.0586971717	-0.0429754281	0.0090376584	0.0359873882	0.0275755819	-0.121490833	-0.1255181689	-0.0679059324	0.0776247313	-0.0304506593	-0.0082547168	-0.0262836788	0.0104596138	0.1051843887	-0.0912640778	-0.1040428653	-0.0835390044	-0.0901996032	0.0832210092	-0.113193006	0.0160458152	-0.1875305838	-0.1160147326	-0.1216603382	-0.0224655139	-0.0584122726	0.0565524852	-0.0428545053	0.0594381294	0.0301393591	-0.1699709746	0.1171770774	0.0062380607	-0.0431398057	-0.0866051349	-0.0197275309	0.2137515962	0.1578175255	-0.0323002159	-0.1498207992	0.0820636791	-0.0770083164	-0.0331613065	-0.2151106458	-0.078562335	-0.1528181438	0.1569400327	-0.0555527532	-0.0631416881	0.0333583167	0.0044696779	0.0245894569	-0.0057418675	-0.071095338	0.1413782814	0.0369511339	-0.0333838459	0.0810869554	0.0288827552	-0.0223090963	0.0517350314	0.1257424501	0.0527593557	-0.0006735738413397	0.0060449493481796	4.537017197371193e-07	3.654141262205817e-05	-0.0001325563205796	-0.0146100374461752	0.0002134531941786	1.757117812560169e-08	0.0057422977751713	0.0359330883568418	3.2973983738737264e-05	0.0012911868388605	0.0015520139438271	-0.0007240399462712	5.242338437964021e-07	2.4087472818337483e-06	0.0001298322285987	-5.30257341831e-05	1.6856407582905095e-08	2.81172848565678e-09	-0.0002161007296705	0.0003486083383786	4.669952536412252e-08	1.215277735870885e-07
1137.3202649389862	0.6709057885705079	1293497.3850408858	0.450114577137415	1590.945803833008	-8.490468899039115	72.08806212555048	2531108.5507338564	1103.3205100523223	1.3247228219968292	1.7548905551192429	1217316.1479021166	1185.2673445991848	1266.5712085791447	1.131427	20.570782	0.0504665323926612	0.0293578629007383	0.0185049435	0.1476178977	-0.0939803296	0.0298679505	0.116416188	0.1492195924	-0.1184439324	-0.0873492887	-0.1235109218	0.0007042258	-0.1064009798	0.0330465972	-0.065220763	0.0919351708	0.1514046219	0.1805227632	0.108591593	-0.1131036724	0.0166675631	0.0146642727	0.0949150927	-0.1472353601	-0.0789292736	0.1936610044	-0.159150154	0.0594558127	-0.1679407572	-0.0641740482	0.0212858336	0.1038939783	-0.0408088679	0.0313290961	0.014906181	-0.0407546218	0.0635978015	0.0375544684	0.0144495388	-0.1564876912	0.1907330195	-0.0631957141	0.0558031864	-0.1361448847	-0.1570228729	0.0055209912	-0.0047007409	-0.0856034194	-0.0431407176	-0.1106022093	-0.1006268877	0.1408931651	-0.0045419937	0.1013342156	0.0200291388	0.0120088198	0.0248459358	0.0645572848	0.1571385411	-0.1269507061	-0.0701467618	0.2541611465	-0.1587143539	-0.1341472227	0.1470191636	-0.1364958143	-0.1941072911	0.0141557538	-0.0303916744	0.0272806502	-0.0643448641	-0.0224278111	-0.1588134294	0.0623480913	0.0209041587	-0.0995680346	0.0815067767	0.0908845345	-0.073783263	-0.0010518142	0.0206624496	0.0104209689	-0.149323363	0.1814336358	-0.0079207739	0.0039945799	-0.0102910427	-0.116550428	0.1224102548	0.0419779864	-0.0007053087980466	-3.173495670690007e-05	4.974605006019396e-07	1.0071074771888215e-09	0.0069581290437668	0.0070906853643464	5.027781893615624e-05	4.841555978971108e-05	-0.0185592208914187	-0.02430151866659	0.0003444446800964	0.0005905638095026	0.0014009916997404	-0.0001510222440866	2.2807718208982752e-08	1.962777742741495e-06	-8.81597664632583e-05	-0.0002179919950619	7.772144422856243e-09	4.7520509911092856e-08	-0.0002279383586222	-1.1837628951700022e-05	5.195589533138266e-08	1.4012945919812655e-10
1136.912244858053	-0.4080200809330563	1292569.4525081776	0.1664803864446178	1596.0544461272484	5.108642294240326	26.09822609050106	2547389.795002558	1101.547054297771	-1.773455754551378	3.1451453133513976	1213405.9128320965	1184.887879586175	1267.2019460558315	0.995215	18.094269	0.038256245575592	0.0294699896219066	0.0477421169	0.1314866909	-0.1011535294	0.0005446841	0.0772016121	0.0886465325	-0.1078443582	-0.0283965233	-0.0337167652	0.0388245154	-0.0177206551	0.0573295842	0.0439472193	0.1864517219	0.1186355331	0.0859925065	0.0809574137	-0.0782546541	0.0434104922	-0.1139698984	0.0641447431	0.0226756941	-0.0429122403	-0.0052944084	0.0082762486	0.1156284089	0.0405535019	-0.0197120638	0.1896643522	0.0498017538	0.0867061956	-0.0092663156	0.1942117783	-0.011968407	-0.0807631548	0.1561292014	-0.064070312	-0.0861443471	0.1590174004	-0.0765311337	-0.060723177	-0.0713711211	-0.1156321981	-0.0005121042	-0.0649767648	-0.1059478578	0.0185069148	-0.1541026596	0.024485529	-0.0243518356	-0.0842938862	0.0173818617	0.0035882863	-0.0764365515	0.1403869443	0.0892591091	0.0580498226	0.0845045874	-0.0076142334	0.0378262973	-0.2013326558	0.0394681254	0.1749066422	-0.073762001	-0.205035846	-0.0131905664	-0.1101912238	0.0399899241	0.0458570316	-0.038042157	-0.0759382717	0.1428876018	0.0133056213	-0.0944687877	0.0525681345	0.0231271933	-0.1616914753	0.043916212	-0.0934064224	-0.12544737	-0.1360088103	0.0200504472	0.0394977554	-0.0345810624	-0.102914615	0.0591107756	0.1189108618	0.0309673479	-0.0006540741660643	5.123463198229998e-05	4.2781301471270966e-07	2.624987514361716e-09	0.0067359535198505	-0.0002221755239162	4.9361963427482355e-08	4.537306982158634e-05	-0.0207169962829851	-0.0021577753915663	0.0004291939349892	4.655994640449522e-06	0.000846971354434	-0.0005540203453064	3.069385430134227e-07	7.173604752317645e-07	-0.0002505962872223	-0.000162436520759	6.279849916960147e-08	2.6385623276302585e-08	-0.0002278940241251	4.4334497100009856e-08	5.1935686231931665e-08	1.9655476331107817e-15
1136.211253275656	-0.7009915823971369	1290976.0120702367	0.4913891985916419	1599.9982873606127	3.94384123336431	15.553883673984522	2559994.519556894	1101.543241896323	-0.0038124014479308	1.4534404800185046e-05	1213397.5137674613	1184.4851703607744	1261.746764153866	0.950769	17.286184	0.0324479676273247	0.0205197220208247	0.1027755987	0.0672985352	-0.0386474095	-0.0615235774	0.033048661	0.0848043717	-0.0557577427	0.0343885749	0.0593256578	0.0045075487	0.0592006304	0.1099357781	-0.0950743948	0.1433598865	0.0565361464	0.1478737536	-0.0134138709	-0.1529253409	-0.0405719855	0.0358050452	0.0226637182	-0.0764133675	-0.0975409444	-0.2311788146	0.0248492082	-0.0432095665	0.0913037139	0.1326861259	-0.0511444714	-0.2094688196	-0.1512472415	-0.1241328763	-0.0568188091	-0.236682177	-0.0324146937	-0.0414086769	-0.0637069425	0.1265042961	0.1438745025	-0.0191756088	-0.0545690536	0.0163501796	-0.1548627013	0.0214777588	-0.0655914159	-0.0393681641	-0.0583848504	-0.0955730824	-0.0213647002	-0.1986721637	-0.0636262539	-0.1289469316	-0.0577903842	-0.0409082059	0.0762897081	0.0508105101	-0.1868617533	-0.0015432916	0.0286659415	-0.2374932898	0.0086994554	0.1774939426	0.1568376934	0.0251300509	-0.2042816912	-0.0155038845	-0.1798621296	0.0029972377	0.0292965409	-0.0119688406	0.0696029737	0.1788467849	-0.0607230351	-0.0665151809	0.041427585	-0.1985788727	-0.0619629519	0.0259887703	-0.1718848194	-0.0258250366	-0.1750851706	-0.0176936124	0.0838762835	0.0621438923	-0.0048353678	0.1059837675	0.1152490509	0.0197875765	-0.0006082186516067	4.585551445760003e-05	3.6992992816227233e-07	2.102728206171165e-09	0.0069109885493787	0.0001750350295282	3.063726156193808e-08	4.776176272964352e-05	-0.026635149893579	-0.0059181536105939	0.0007094312098534	3.5024542158585626e-05	0.0010969382905509	0.0002499669361168	6.248346915167034e-08	1.2032736132767306e-06	-0.0005266250431792	-0.0002760287559569	2.7733393610349424e-07	7.619187411511386e-08	-0.000227711246744	1.8277738109999581e-07	5.185241189370685e-08	3.3407571041773115e-14
1134.9669757532151	-1.2442775224408251	1288150.0360503993	1.548226552851478	1593.5762592049532	-6.422028155659518	41.2424456320836	2539485.293901652	1098.9501427886682	-2.59309910765478	6.724162982120015	1207691.4163352344	1181.9674733816337	1257.7307917461303	0.970402	17.643147	0.1325566195764885	0.080810455000003	0.1145892081	0.0612807844	-0.052437156	-0.1074671077	0.0290873042	0.1068990838	-0.075513844	-0.1136936793	-0.0915911173	-0.0604386015	-0.0800897564	-0.0183320035	0.0202406153	0.2512204182	0.1385201742	0.1006600014	0.0096979095	-0.1568849263	-0.1836769811	-0.0258157143	-0.0714236996	-0.0474516124	0.1076106863	0.0845969213	0.013158912	0.1145378295	0.1977534584	0.0263041132	0.070645072	-0.0562134034	-0.1132049471	-0.0905371702	-0.024035346	0.1098890399	-0.0257819244	0.0494937023	0.12546295	0.1546983417	0.152931554	-0.1108501489	-0.1111134728	0.0006735447	-0.2544120122	-0.0816188852	-0.0224178825	0.08325696	-0.1193566992	0.0360635933	0.0585154499	-0.1108267884	-0.0510427275	0.0097807304	-0.2763709694	-0.1003955458	-0.0139771006	-0.0415507092	0.0671191653	0.0537427101	0.0999366766	0.0608247473	0.006809105	0.1282404163	0.2173119111	0.0850268778	-0.1209700338	-0.0005279169	-0.0538342306	0.060990621	-0.1218761157	-0.0628776331	0.0955608475	0.1542858375	-0.1164343826	-0.0920613141	0.0705438387	-0.1813749683	-0.0395813424	0.1430108424	-0.1520067096	-0.065979105	0.0372498712	0.0208296703	0.1758726606	-0.0060430553	0.0257617243	0.0309616058	0.1114298236	0.0084997322	-0.0007266979294939	-0.0001184792778872	5.280898807307213e-07	1.4037339288672365e-08	-0.0004797241901286	-0.0073907127395073	5.462263479791551e-05	2.3013529859454117e-07	0.0331709725999616	0.0598061224935406	0.0011003134232274	0.0035767722877123	0.0002259893692987	-0.0008709489212521	7.585520234303707e-07	5.107119503602421e-08	-9.302577158543102e-05	0.0004335992715937	8.653794179064785e-09	1.8800832832664706e-07	-0.0002279891552091	-2.7790846509999226e-07	5.1979054892959096e-08	7.723311497423362e-14
1136.1358036182444	1.1688278650292432	1290804.564263274	1.3661585780688188	1587.076159809911	-6.500099395042298	42.25129214542925	2518810.7370369737	1100.0048435036194	1.0547007149511956	1.112393598118563	1210010.6557314224	1182.8051915303972	1255.428508506689	1.25655	22.845669	0.1373737506489431	0.1089129622409172	0.0192926809	0.1060034194	-0.1845490309	-0.0511883933	0.0968237601	0.1197323408	-0.1744631091	-0.1618535701	-0.2320377831	-0.0829212003	-0.0902508148	-0.0248578338	-0.1009940035	0.1576331639	0.2426217381	0.076573856	0.1434992711	0.0837644832	-0.0634728654	0.0001204154	-0.0092911609	0.1072981293	-0.0363416481	-0.1545937902	-0.0182268345	0.024475987	0.0700174043	-0.1055200138	-0.0516253314	0.150740183	0.0613995196	-0.1034969593	0.1707925137	0.107099977	0.1216903848	0.0835180993	-0.1568155974	-0.180112437	0.1905804647	-0.1356307554	0.0134440546	-0.0839061513	-0.2276862057	-0.0726071384	0.1127412125	-0.0917655465	0.1788280368	-0.0178606801	0.0439246553	0.0738297188	-0.1845506544	0.1261511179	-0.0403793047	-0.0109791108	0.2493175766	0.0062039464	0.0291618512	0.0577951843	0.0570546321	-0.0252771503	-0.1305792073	0.0104899205	0.1927517676	-0.1323966054	-0.1338482303	-0.1337450933	0.020755702	0.1105845439	0.1061454092	0.0675343454	0.1425072378	-0.2109750978	0.0206471027	-0.0914258496	0.1709333304	0.0418855662	-0.058312479	0.0693197319	0.1051296165	0.0241664716	0.0882445411	0.2346848662	-0.0684000045	0.161500534	-0.0554947049	-0.1205025699	0.1074583966	-0.0028345346	-0.0007468294812582	-2.0131551764299995e-05	5.577542740763921e-07	4.052793764386903e-10	0.006793693945454	0.0072734181355826	5.2902611375021866e-05	4.615427742449834e-05	-0.074811423642771	-0.1079823962427326	0.0055967491074581	0.0116601978983225	4.1999513890178446e-05	-0.0001839898554085	3.385226689324866e-08	1.763959167011292e-09	-0.0001300001200703	-3.6974348484868975e-05	1.6900031218292413e-08	1.3671024458805327e-09	-6.997264725218659e-06	0.0002209918904838	4.896171363478936e-11	4.883741565963981e-08
1137.5198562488608	1.384052630616452	1293951.423360429	1.915601684316321	1594.9031863190407	7.827026509129837	61.2623439746212	2543716.173730629	1100.8357734330204	0.8309299294010088	0.6904445475743656	1211839.4000698763	1182.893146882661	1272.081885535936	1.172008	21.308588	0.0835061307245832	0.0422602883678272	-0.024260716	0.1231577267	-0.1642718643	0.0168910033	-0.0079617837	-0.0471928591	-0.1267842245	-0.0697134477	0.0034044728	0.0483075358	-0.0452975164	-0.2957266393	-0.0945326103	0.1977948349	0.0965444527	-0.0515332131	-0.0812188839	-0.047172665	-0.0906007036	0.0034996654	0.0220418633	0.0750356756	0.3445964767	-0.0896212475	0.0232684217	-0.0142340407	-0.1323291308	-0.0202424726	-0.0284827308	-0.0173326458	-0.090568751	0.0789022647	0.2671091471	-0.0505025233	0.0445247665	-0.0668555983	0.0770104468	-0.0410968854	0.084935792	-0.1878617391	-0.0603673698	0.0449985323	-0.1496665847	-0.0247142955	-0.1307946607	0.0739671411	0.2779020431	0.1861671813	-0.0310142921	0.028889898	-0.1980136296	-0.1710696473	0.0421602759	-0.0796717453	0.0728747803	0.0608910971	-0.1509444108	0.0659263938	-0.0403281255	-0.1016084758	0.120470641	-0.2656174352	0.1824030225	-0.0363605627	-0.0418177124	0.0024752722	-0.1664527977	0.0008487712	0.1802888697	0.0446859717	0.2747769297	-0.1565840318	0.1668780344	0.0380206359	-0.1046675738	-0.17045108	-0.0645858469	0.0170274136	0.0466136903	-0.092560441	0.0972622054	-0.0607950643	-0.2025082677	0.0459415018	-0.1339765983	-0.003285697	0.1033401944	-0.0141533203	-0.0006190841602062	0.000127745321052	3.8326519741821596e-07	1.6318867050678573e-08	-0.018765464253704	-0.025559158199158	0.0006532705678495	0.000352142648657	-0.0519457221637793	0.0228657014789917	0.0026983580511165	0.0005228403041263	0.0002040189825992	0.000162019468709	2.625030824075361e-08	4.1623745260812665e-08	-0.0005969931024203	-0.00046699298235	3.564007643374148e-07	2.1808244556414745e-07	6.306079872339054e-05	7.00580634486092e-05	3.976664335631973e-09	4.9081322541693526e-09
1137.4532149489687	-0.0666412998921259	1293799.8161977448	0.0044410628513122	1597.9545047493868	3.0513184303461003	9.310544163369787	2553458.599248858	1102.4431061630949	1.607332730074404	2.583518505168437	1215380.8023265328	1184.325524313914	1276.7826197957454	1.181917	21.488752	0.0639441273048284	0.0356541970526613	-0.1306920187	0.0942975814	0.029279024	0.0859332592	-0.1782821095	-0.1163871971	-0.0479219835	-0.0530261304	0.1423439467	0.013998408	-0.0681172751	-0.2439483827	-0.020538492	0.2099037388	-0.0617998735	-0.1014839314	-0.1471131909	0.053039959	-0.0027708834	-0.1479960857	-0.0595458769	-0.0837031429	-0.000674669	0.0160725172	-0.0684600348	-0.0067005337	-0.0985675961	-0.0787168636	-0.1746001482	-0.1179381102	-0.0410981364	-0.2245621383	0.0791348432	0.164726516	-0.0836460649	-0.0210051251	-0.1607088556	-0.0104319133	-0.0182580833	-0.1884350637	-0.1616469811	0.0671415017	0.0233180322	0.0520992114	0.0189336427	0.112682853	0.0156902993	0.1459708425	0.0219458746	0.0177564375	0.0945727633	-0.239541509	0.2211737018	-0.0835685917	0.1523165729	-0.0374310216	0.0260991984	0.221739823	0.2569408015	-0.0748704875	0.0037716737	0.0783177137	0.2087440426	0.0111252226	0.1555271268	0.0540724352	-0.0920948215	0.0188136755	-0.083682904	-0.0801908787	0.34730942	-0.0324521927	0.0784495026	0.1417789963	-0.0039715317	-0.1555834059	-0.1310231958	0.003750611	-0.0633253761	-0.267532849	0.228120838	-0.132497121	-0.0057579199	0.0616660166	-0.0086620703	-0.0871905747	0.0990808418	-0.0253948054	0.0059604705199518	0.006579554680158	3.5527208819214484e-05	4.329053978918904e-05	-0.0186628230493823	0.0001026412043217	1.0535216824609473e-08	0.0003483009641725	-0.027523510253971	0.0244222119098083	0.0007575436167004	0.0005964444345675	-0.0002179306766646	-0.0004219496592638	1.780415149528369e-07	4.7493779831490436e-08	-0.0005510274191318	4.596568328850002e-05	3.036312166350524e-07	2.11284404017869e-09	0.0002519398463819	0.0001888790476585	6.347368619493538e-08	3.5675294644385504e-08
1137.3487420495678	-0.1044728994008892	1293562.1610417345	0.0109145867092283	1598.9351712958758	0.9806665464889192	0.9617068754025035	2556593.6820069714	1102.3664946109875	-0.0766115521073516	0.0058693299162974	1215211.8884409163	1185.7399075946196	1255.3608833226988	1.322023	24.03606	0.0408665706944477	0.0201912948606286	-0.1945929451	-0.0746961734	-0.0214254016	-0.0826474821	-0.1238188052	-0.1051981954	-0.0225129197	-0.0412178847	0.0778863294	-0.1210074931	0.0051341672	0.0329942138	0.0906231287	0.1561270522	0.0393621921	-0.1906022381	-0.0335375282	-0.0510650794	0.0499262929	-0.0239845482	-0.0860111297	0.0041583332	-0.0727821405	0.1435434166	0.0550412848	-0.1127248808	-0.0232419426	-0.0100941697	0.1414527972	-0.1017429248	0.1664745828	0.0503400498	-0.0443967155	-0.0141580932	0.15031942	0.0031760911	0.0096869376	-0.0111999806	-0.0992256229	-0.145036866	-0.2029426086	0.0061347978	-0.0528760988	0.0470640286	0.0380160039	0.0149048855	0.0259564761	-0.1076344441	-0.1020087676	0.0265009991	0.1416144274	-0.0524753732	-0.0527816677	-0.0223470983	-0.0089061857	0.0413203001	-0.1238033927	-0.2179823047	-0.0095492187	-0.016622205	-0.1850956967	-0.2239268803	0.1722908923	0.0105736097	0.2015609322	-0.0666531316	-0.0549239435	0.1139368425	-0.1684749654	-0.1317836043	0.1520122706	-0.1361176904	0.0224931211	0.1378851735	0.1555800376	-0.0784025912	-0.0348000993	-0.1795637013	0.0331853344	0.159217515	-0.1350622004	0.0808409155	-0.0761890223	-0.1913136407	0.247907901	-0.0603319474	0.0946861568	-0.0364975928	0.0043422886795241	-0.0016181818404277	1.8855470976323152e-05	2.6185124686899794e-06	-0.0053466563730495	0.0133161666763328	0.0001773202949518	2.8586734371470837e-05	-0.025987875926134	0.001535634327837	0.0006753696951521	2.3581727888314e-06	-1.966547078994412e-06	0.0002159641295856	4.6640505267668246e-08	3.867307413901455e-12	-0.0003250002136478	0.0002260272054839	1.0562513887111565e-07	5.1088297618906334e-08	0.0002059994244545	-4.594042192740001e-05	4.2435762875585264e-08	2.110522366867536e-09
1137.0792155824115	-0.2695264671563109	1292949.1425095124	0.0726445164977619	1607.7670755608135	8.831904264937748	78.00253294502558	2584914.9692573706	1102.1368928961797	-0.2296017148078135	0.0527169474426885	1214705.730682845	1186.9576377940764	1267.5532487878477	1.168923	21.252502	0.06101132444657	0.0316935183398102	-0.1144492375	-0.1695052564	-0.1817997514	0.1041721299	-0.1127390242	-0.1269120524	0.1300159116	-0.2657109104	0.0620615878	-0.1467248588	0.0095432074	-0.0325806921	0.2233198655	0.2083991141	0.0003253697	-0.1433779861	0.126291189	0.1073375582	-0.0280828571	0.0035836116	-0.051870136	0.0343052095	0.0658763181	0.154646374	-0.0983573949	-0.0415572134	-0.0550024978	0.2013163234	-0.1554111082	-0.0199392247	-0.0706540143	0.0198253497	-0.1094307312	-0.0505137948	-0.0426476567	-0.0814326231	0.114331925	-0.1148046547	-0.1524010304	-0.0886017885	-0.2888840649	-0.0491491289	-0.1122432896	0.0629374472	0.1296250595	-0.0769468798	-0.0381978652	0.1083975163	-0.0148213081	-0.0449946309	0.1053932899	-0.0298147127	-0.0498910058	-0.0190150874	-0.0717317579	0.1352367678	0.1955066478	-0.0277496832	-0.0281173634	0.0245563797	0.1936265891	-0.1346531786	0.162270443	-0.0112230916	0.166003302	-0.186137572	0.0158393395	0.138101371	-0.0911067607	-0.0939274521	-0.0546054842	-0.1648127199	0.0380657343	0.1801249712	0.0761088607	-0.0038021093	-0.0535542255	-0.0411576375	0.0209779058	0.2284633553	0.098535823	-0.0553581028	-0.0372452369	-0.0262744337	0.1320120851	0.2358314007	0.0901621419	-0.0474010431	0.004502121930102	0.0001598332505779	2.026910187350536e-05	2.5546667990297863e-08	-0.0199610745248151	-0.0146144181517656	0.0002135812179146	0.0003984444961852	-0.0215282517285686	0.0044596241975654	0.0004634656224886	1.988824798351084e-05	-0.0005349942437079	-0.0005330276966289	2.8411852537351657e-07	2.862188408005879e-07	-0.0001550198408666	0.0001699803727812	2.403115106230599e-08	2.889332713083572e-08	7.345851693138248e-05	-0.0001325409075231	5.396153709758206e-09	1.7567092167051594e-08
1137.838941085245	0.7597255028335894	1294677.455849992	0.5771828396557502	1603.0309657961825	-4.73610976463101	22.4307357026332	2569708.2773014414	1103.2812027397506	1.144309843570909	1.309445018093278	1217229.412318871	1186.3105953339143	1273.791557609939	1.235087	22.455454	0.0579073596831536	0.0295261558161038	0.042526759	-0.183971356	-0.0735819233	0.051533284	-0.1604191488	-0.0025919984	0.0972930537	-0.0503679705	-0.0358048013	-0.0616864441	0.220518104	-0.0308439259	0.0809154323	0.1898379421	-0.1104845876	-0.1074282679	0.0975119108	0.0330958855	0.0698969042	0.1441818261	-0.1091527234	0.1138992595	0.1828699774	-0.1577491355	0.0058809849	0.0399841722	-0.0205854827	0.0468625979	-0.2713598908	0.0658960685	-0.0588697407	0.1613287435	-0.0309503057	-0.2533364842	0.0095064393	0.3080232598	-0.0553737414	-0.0700347173	-0.0431766208	0.0039861586	-0.189170269	0.1473727096	-0.1102867449	-0.0580526257	0.0133218337	-0.145554892	0.153458771	0.0775701197	0.1485766293	-0.0044513203	-0.0955135945	-0.1100621398	-0.0697538856	0.1994534032	-0.0547293741	-0.0012968791	0.0815016447	-0.2577796758	-0.0004626845	-0.2237403385	0.0378568385	-0.077568848	0.1156124324	0.0581088842	0.0297986238	-0.2027412824	-0.0892209955	0.0383187736	0.143407463	0.0546649898	-0.152889791	-0.1567936401	0.0217711036	0.1173192398	0.1179429082	-0.0188834349	0.0337881121	-0.1825379623	0.0647015231	-0.0697615251	-0.1230532349	-0.0609310752	-0.1417200982	-0.0823359202	-0.0320702087	0.2641860899	0.0855149763	-0.0580456054	0.0066766506136275	0.0021745286835254	4.457766341645247e-05	4.728574995475141e-06	-0.0064504694916394	0.0135106050331757	0.0001825364483624	4.160855666257066e-05	-0.0426754528332509	-0.0211472011046823	0.001821194274523	0.0004472041145618	-0.00029599002028	0.0002390042234279	5.7123018816373545e-08	8.761009210535482e-08	-0.0003270092171556	-0.0001719893762889	1.0693502810471837e-07	2.9580345556279228e-08	6.295161941288034e-05	-1.0506897518502145e-05	3.9629063867041325e-09	1.1039489546430648e-10
1138.4368351901296	0.5978941048845172	1296038.4277177183	0.357477360655658	1602.230810937216	-0.8001548589666072	0.640247798327871	2567143.5715165283	1103.5170594941585	0.2358567544079051	0.0556284085998308	1217749.9005946342	1187.02104201434	1268.1325326572485	1.349516	24.535913	0.1162545174850358	0.0768793386454685	0.1282533175	-0.0693455347	0.1028525557	-0.1834975846	-0.0837203249	0.0780538579	0.1300891322	0.1535795598	0.0528426631	-0.2197064622	-0.1328522069	0.0518179591	0.0947373003	0.1710032842	-0.1184645776	-0.1077705786	-0.046027124	-0.0517502025	-0.1831458694	-0.1771721366	0.0652024453	-0.0052580638	0.007235426	-0.0062659145	-0.0973983602	-0.0148709448	-0.0102473213	0.1224283582	0.1528384265	-0.0249607529	0.2023373049	0.0979601961	-0.0336659169	0.0748378804	0.2077083874	0.0320578857	0.166194689	0.2478041346	0.0102154151	0.0656793132	-0.2384379708	0.1185870131	0.0126075409	0.0602210343	0.0790499799	0.1784870175	-0.0810934487	-0.1311597177	0.016348642	-0.0867167458	-0.0365074103	-0.0293344232	-0.1939719542	0.1146720291	-0.0702346323	-0.1399810889	-0.1061035904	0.1757582473	-0.0927175043	0.2288852474	-0.0194913328	-0.0682530359	0.1581082696	0.1960159634	0.0473665119	-0.0371278856	-0.0346851252	0.0266438261	0.0025397644	0.1346557547	-0.057450897	0.0994101893	0.0807533192	0.0300917479	0.0384609561	-0.0216922552	0.1193504537	0.1037364597	-0.0807552111	-0.0280387112	-0.0311338932	-0.1202669338	0.0012218659	-0.2540432721	0.1625685792	0.1108835209	0.0807510076	-0.0683731426	0.0066828840935357	6.233479908200439e-06	4.466093980763248e-05	3.885627176593855e-11	-0.025138668606246	-0.0186881991146066	0.0003492487861471	0.0006319526592946	0.0286363944099292	0.0713118472431801	0.000820043084801	0.0050853795572346	-0.0006219893663509	-0.0003259993460709	1.0627557363865444e-07	3.8687077185359413e-07	-0.0001810361095866	0.000145973107569	3.277407297425144e-08	2.1308148133350844e-08	0.0001159439187198	5.299229930691966e-05	1.3442992288103589e-08	2.8081837858341582e-09
1138.0202882223286	-0.4165469678009685	1295090.176405632	0.1735113763841811	1591.703534645258	-10.527276291957833	110.82354612721744	2533520.1422022083	1102.5681921722692	-0.9488673218893382	0.900349194549445	1215656.6183900258	1186.945831443051	1271.4090754344652	1.410117	25.63772	0.0485586942511824	0.02765582376868	0.0615828384	0.106422966	0.007869161	0.0484354046	0.1191699093	0.0408099543	-0.0202430064	0.0088928955	0.0217078645	0.0101984551	-0.225923199	-0.0393896765	0.1880440907	0.1947059234	-0.0351001839	-0.0402393394	0.0171004967	-0.0865780299	-0.0188723097	0.1214226275	0.0186947734	-0.2147643059	0.0150347992	0.1411980033	0.0491367646	-0.0127618103	0.1218522445	-0.1491028328	-0.0802945084	0.0157717688	0.2826175031	0.0898932733	-0.041106989	0.0812597691	-0.1237258387	-0.1579299838	-0.0987207879	0.0093836743	0.0897844712	-0.0161628193	-0.1825412272	-0.0170957109	-0.0346986445	-0.0455715361	-0.012645381	0.0700350812	-0.145919888	-0.0606676965	-0.0354572443	0.1965785877	0.051250826	-0.0666645945	0.1196894185	0.1476654914	-0.2352711649	0.0919829915	-0.0429922618	0.0157132566	-0.1044375009	0.0676133668	0.0040477472	0.0719247242	0.1670747437	0.0297380891	0.026999341	-0.0179089247	0.1400083973	0.0516841302	-0.0430148995	0.0780126399	0.0030616971	0.1175427425	0.1492180213	0.0304488769	0.0927031507	0.2051621787	0.112234251	0.0731182301	0.0499093873	0.1968088961	0.0342734753	-0.1164041335	-0.1487848598	-0.1279144119	-0.2261144957	-0.0140924782	0.0758767427	-0.0783272495	0.0067252709287828	4.238683524709994e-05	4.522926906553106e-05	1.796643802264794e-09	-0.0198723192626459	0.0052663493436001	2.77344354088372e-05	0.0003949090728765	0.0118618516710427	-0.0167745427388865	0.0001407035250658	0.0002813852840987	-0.0010369966948067	-0.0004150073284557	1.7223108267202017e-07	1.07536214504002e-06	-0.0001115365494248	6.94995601618e-05	1.2440401857590857e-08	4.8301888626836565e-09	7.094250066842507e-05	-4.500141805137493e-05	5.032838401089491e-09	2.025127626634613e-09
1137.298344743184	-0.7219434791445565	1293447.5249555863	0.5212023870793466	1598.7654728024504	7.061938157192344	49.8709705360092	2556051.0370252426	1103.5393223193807	0.9711301471115804	0.9430937626289596	1217799.035905118	1187.7662205831316	1281.0717761090411	1.096396	19.933882	0.0293635957546852	0.0184999770644314	-0.0375899405	0.1130316499	0.1251987532	0.208890083	-0.0090673324	-0.0114590071	0.0252898316	0.014887306	0.1962322431	0.0861557007	-0.0159957023	-0.0925543348	0.231903285	0.1663391845	0.006636583	-0.0310020011	0.0229917881	0.1038967774	-3.31255e-05	0.0929824204	-0.0148641152	-0.0458326407	-0.172563191	-0.0315198326	-0.078563727	-0.0264441813	-0.1530492749	0.0565768486	0.0778061216	-0.0524209737	0.0093934993	-0.0012654777	-0.0026396345	0.021449596	0.0675433681	0.1518373415	0.0602468799	0.1405769029	0.0300399853	-0.0207211395	-0.19256844	-0.0767150706	0.0749726735	-0.0859973101	0.0350479224	-0.0126107784	-0.1093486932	0.0111500733	-0.1441430773	-0.0115356075	0.0116020507	-0.0452822356	0.1020340478	0.1475060557	0.0439429899	0.0480415403	-0.0754563009	0.1998409222	-0.0190746346	0.1958759863	0.0349905406	0.0845721621	0.1299697832	-0.036256696	0.046698606	-0.0734698221	0.1500406278	-0.0539213516	0.1334220388	-0.0212657983	-0.0394549277	0.2071673999	0.1038597155	-0.0748112598	-0.0682737529	0.1391832479	-0.065212705	0.0643034847	0.285649973	0.0009601586	0.0841784941	0.0488369342	-0.1349313597	0.0620481925	0.086321989	0.0825400731	0.0708988393	-0.0878535601	0.0067466779432692	2.1407014486400124e-05	4.5517663270195126e-05	4.582602692209448e-10	-0.0201391726305217	-0.0002668533678758	7.121071994665715e-08	0.0004055862742419	0.0261862152376295	0.0143243635665868	0.0006857178684714	0.0002051873915877	-0.0008049957033466	0.00023200099146	5.382446003846935e-08	6.480180824064872e-07	-8.254252089034964e-05	2.899402853445037e-05	6.813267754933806e-09	8.406536906565222e-10	0.0001049669167886	3.402441612017494e-05	1.1018053620104877e-08	1.15766089231882e-09
1136.7757737368088	-0.5225710063753013	1292259.1597549203	0.2730804567040952	1600.74101754122	1.9755447387694856	3.902777014879796	2562371.8052389	1103.826611328125	0.2872890087442101	0.0825349745452308	1218433.1878761314	1188.703743081913	1280.17661017573	1.12212	20.401569	0.0420679294224533	0.0272361639190034	-0.0922319613	0.0251323279	0.1388390042	0.1853092402	-0.0210713173	-0.0586838857	0.0414449995	-0.0356567483	0.1582066716	0.066433992	0.04869027	-0.0790332566	0.280569292	0.1257405001	-0.0190898315	-0.0875640666	0.0400391456	0.1585646048	-0.0088734793	0.1020688939	0.0081872029	-0.1679009317	-0.045599137	0.1579256455	0.1784243538	-0.1049556893	-0.0866358601	0.039536387	0.0446225731	0.161582129	0.0207446721	-0.0159095622	-0.0231062635	-0.1678226074	-0.0703283022	0.0141586604	0.0685173542	0.1432778127	-0.0306774426	-0.0353691514	-0.1900400117	-0.0692550465	0.1516926104	-0.1549523358	0.0320639531	-0.0347417326	-0.0849219471	0.1533980271	-0.0354315968	-0.0617997237	0.0627218174	0.0001867035	0.1538213883	0.0500060033	-0.0686476961	0.0940317906	-0.0754088291	0.0036188285	-0.0726243727	0.1464271628	-0.1271098762	0.0667837596	0.126716389	0.0209196021	0.1109452376	-0.0749697153	0.1945908428	-0.0461879107	0.0922861886	-0.1099067046	0.0010103101	0.2521314112	0.0532149389	-0.1578663609	-0.091867773	0.111284484	-0.0604638127	0.0843717854	0.2463136195	-0.0984036486	0.0436342201	0.1307256833	0.0953529891	0.0012299727	0.0728923375	0.1239456651	0.0658240966	-0.096900045	0.0066809751863985	-6.570275687069974e-05	4.463542944127248e-05	4.316852260410282e-09	-0.0361598128525457	-0.016020640222024	0.0002566609131235	0.0013075320655311	0.047492425546352	0.0213062103087225	0.0022555304842757	0.0004539545977195	-0.000804998210688	-2.5073414000424676e-09	6.2867608963669216e-18	6.480221192108817e-07	-3.005872144412613e-05	5.248379944622351e-05	9.03526734855568e-10	2.754549204311411e-09	0.0001459881326977	4.102121590909999e-05	2.1312534888561263e-08	1.6827401546609983e-09
1137.7126400218983	0.9368662850895362	1294390.0512655976	0.877718436137468	1590.2534565415494	-10.48756099967045	109.98893572180864	2528906.0560423457	1103.9757963688005	0.1491850406755475	0.0222561763613647	1218762.5589681272	1187.6199385240984	1249.844833103739	1.343682	24.429855	0.0899260721206464	0.0488553977468323	-0.0941423858	-0.1104829899	0.049088377	-0.1179608698	0.1798302058	-0.1210133931	0.0161813634	0.1515447714	-0.0735126178	0.0877790137	0.0588057593	0.0211198218	0.0582841455	0.0195216393	-0.0532229608	-0.106320369	0.0952136422	0.0613087556	-0.0555811929	0.0258083121	-0.2839247429	0.1582190433	-0.0575370467	0.0235720042	-0.0906713386	0.1016453474	-0.0357023666	-0.1588760009	-0.0910975937	0.0813255713	-0.0285400669	0.022755951	-0.212518205	-0.0293607395	-0.057028804	-0.0258376504	-0.1109417362	0.2255647328	-0.1200211878	-0.0694229223	-0.0221734944	0.1405148453	-0.0506791976	-0.1469719769	0.1404111341	-0.1128793646	0.1170746271	0.0595136326	-0.2737795254	-0.026535528	0.1291359054	0.1297531303	0.0114864122	0.2460071359	0.0174860831	-0.076871422	0.0759834697	-0.1094352832	0.0017262886	-0.1561897578	0.0149584773	0.1909010916	0.0792415646	0.0814324916	0.0995113942	-0.1380021324	0.0184186539	0.0186144581	0.2666895825	-0.1109646842	-0.03741475	0.0116748343	0.0141643558	-0.3091276239	-0.1552473429	0.0488177082	0.0513654295	-0.0241984646	0.0962487254	0.1238372018	0.0838408803	0.0698831358	0.1405610398	0.0629597937	-0.0027517336	-0.0884412711	0.0606594461	-0.1054172954	0.0067544307760272	7.345558962869921e-05	4.56223351081434e-05	5.395723647699863e-09	-0.0448541957747892	-0.0086943829222434	7.559229439859937e-05	0.0020118988786031	0.0078093900301041	-0.0396830355162479	6.098657264228932e-05	0.0015747433077837	-0.0013740163682462	-0.0005690181575582	3.2378166363092853e-07	1.8879209802084773e-06	0.0001263282158727	0.0001563869373168	1.5958818125579492e-08	2.4456874163336905e-08	0.0002500869996732	0.0001040988669755	6.254350740554314e-08	1.0836574105582852e-08
1139.3066465026036	1.594006480705275	1298019.6347650085	2.540856660530416	1601.6473642748456	11.393907733296146	129.82113343486571	2565274.27948856	1104.7935931004515	0.8177967316510149	0.668791494299082	1220568.883355806	1188.694810575258	1253.1030006654405	1.341445	24.389174	0.0521086997301622	0.0246493852194338	0.0489545039	-0.1745078516	-0.0775870813	-0.0672604314	-0.0926355461	-0.0485666503	0.1019593606	0.1877622454	-0.0784529574	-0.1338287296	0.0951694191	-0.2365838621	0.0828090512	0.0791836614	-0.2148739454	-0.0882342632	0.2047910575	-0.0200405567	0.0447723306	-0.030578459	0.0215631662	0.0443278939	-0.0217752323	-0.027670108	0.1849511572	-0.234764319	0.1025111552	-0.0402352082	-0.0291273398	0.1209835363	-0.1701627567	-0.1054768991	-0.015518929	-0.1926960631	-0.1029500796	-0.0480502853	-0.0712257895	0.0114599624	-0.0621036057	0.0799268847	-0.1302396157	0.2766971407	-0.0159551631	0.0711680795	0.0651076843	-0.1177954361	0.0052973621	0.0182510689	0.1210452947	0.0066392337	0.0506787366	0.0255568126	0.1208548304	-0.1235873985	-0.0034521261	0.0660327	-0.1443070494	0.0515831369	-0.0754833166	0.0396019226	-0.1321606705	0.1250089621	0.0676755542	0.2693114557	0.0641305372	-0.0727984656	-0.0688579573	0.0531361317	0.1364636201	0.0249423938	-0.020235441	-0.007372864	-0.0249382615	-0.0134328192	-0.145084093	0.0769676947	0.0933832641	-0.0969003838	-0.0249816335	-0.1026621397	-0.0378263097	-0.0260890285	0.2420497342	0.0733697255	-0.0690612837	-0.3122839068	0.0554119421	-0.1133587932	0.0067615736467132	7.142870686000641e-06	4.571887817992645e-05	5.1020601636927256e-11	-0.032962185542587	0.0118920102322021	0.0001414199073628	0.0010865056757439	-0.0075991928528793	-0.0154085828829833	5.774773201525183e-05	0.0002374244264617	-0.0015379892868903	-0.000163972918644	2.68871180486646e-08	2.365411046589333e-06	-2.982777023641248e-05	-0.0001561559861091	8.896958772762141e-10	2.438469199770933e-08	0.0004259773698058	0.0001758903701325	1.814567195866673e-07	3.0937422305383015e-08
1137.700039454555	-1.606607048048545	1294361.3797748962	2.58118620683926	1602.5929251027662	0.9455608279206444	0.8940852792979745	2568304.0835894407	1104.8469921427036	0.0533990422520673	0.002851457713438	1220686.876046779	1190.104414494592	1261.3165604073836	1.159905	21.088541	0.0545823705493096	0.0349859591357317	0.1579175667	-0.1671475329	0.127829521	-0.0866814932	-0.1722978197	0.1037088257	0.1872939246	0.1318679902	0.0080893471	-0.2872529363	-0.0782124883	-0.111022989	0.0263791393	0.0284561854	-0.1931004949	-0.1405350025	0.2592013885	0.0056858575	0.1687874162	-0.1866737748	0.0919018862	0.0816469466	0.0036078625	-0.1244253664	-0.0983734591	0.0520001412	0.0832574654	0.0138361616	0.0847538399	-0.03751006	0.0615794336	0.0623356449	-0.1111791326	0.1689776157	-0.0016347716	0.0530772057	0.0070969816	-0.1683022101	-0.0213056351	0.2093817653	-0.1792920075	0.1739012527	0.0627312629	0.1514063135	0.0765132423	-0.0790691586	0.0970625836	-0.0885376029	0.0478199109	0.0575162932	-0.0238112402	0.152433295	0.020625881	-0.1770457712	0.1738281814	-0.0700455105	0.1490247994	-0.0454317682	-0.1053035215	0.0620748849	0.1398602458	-0.0950218542	0.0407966091	0.2069723178	0.0093700938	-0.1478115341	0.0029642693	0.0111206757	0.0257307037	0.1164563143	0.0197009785	-0.0252485136	-0.1275241269	0.0571862363	-0.0314565447	0.1061284843	0.1069916938	-0.1182582446	-0.1680272757	0.0208152098	-0.1330542008	-0.1208447023	-0.030394437	0.2238037948	-0.1670657356	-0.2085624307	0.0500887521	-0.1206811645	0.0067072365771423	-5.433706957090005e-05	4.498702250175556e-05	2.9525171295528314e-09	-0.0197748327562408	0.0131873527863462	0.0001739062735115	0.0003910440105372	-0.0392146928729744	-0.0316155000200951	0.0015377921371217	0.0009995398415206	-0.0013959942549583	0.000141995031932	2.0162589093369707e-08	1.948799959876579e-06	-2.9834286612961947e-05	-6.516376549466849e-09	8.900846577043605e-10	4.246316333444148e-17	0.0004784794349632	5.250206515739999e-05	2.2894256968270314e-07	2.756466845791874e-09
1136.2249153550838	-1.4751240994712589	1291007.0582736672	2.1759911088408925	1599.7248028777367	-2.8681222250295377	8.226125097708387	2559119.4449422136	1102.9427571987887	-1.904234943914844	3.6261107216263686	1216482.7256572663	1187.949248243595	1270.5649574881782	1.205045	21.909258	0.0739250085454236	0.0368836987979106	0.1912076244	-0.1202580754	0.1678420247	-0.0748412121	-0.0643528883	0.1508775467	0.1269563613	0.1695140674	0.0157577005	-0.1307500699	-0.1317245062	-0.0079947749	-0.0214089489	0.0532258645	-0.1771048113	-0.1577362005	-0.0026413772	-0.194795273	-0.0188252254	0.061746124	0.2168793248	0.0933473221	-0.2492220209	-0.0460248826	-0.0100253579	0.0634453327	0.1059674347	0.0783483408	0.0494820676	-0.0472120314	-0.0161231239	-0.0059844473	-0.0823492917	-0.0644494798	0.0497011703	-0.0091711006	-0.0935819933	-0.0952891682	0.0238491653	0.170780875	-0.1617378931	0.1830685037	0.008152959	0.0249956221	-0.0024688606	0.0843742577	-0.0299508881	-0.1663002702	0.0284761116	-0.1403183293	-0.0598929073	0.1217802031	0.1021941505	-0.0557610042	-0.0424140325	0.1245414825	-0.1040012422	-0.1050937257	0.1748593459	-0.1278178167	0.021284351	0.156528861	0.032328984	0.2498572992	0.0111211873	-0.0686657799	0.0086809198	-0.0388937098	-0.0526241211	0.144544228	0.0725844901	0.0353482125	-0.1963332554	0.1033487454	-0.0756102427	0.109711777	0.2252505358	-0.0258753447	-0.1150593189	-0.0136400215	-0.0878016247	-0.0174343025	-0.0627528167	0.0938803465	0.2430412834	-0.0838332756	0.0446971468	-0.1273444172	0.0067310799004474	2.384332330509966e-05	4.5307436626206976e-05	5.685040662315085e-10	-0.033032913166437	-0.0132580804101962	0.0001757766961632	0.0010911733522613	-0.0089004575120839	0.0303142353608904	7.921814392441073e-05	0.0009189528655154	-0.001258953291246	0.0001370409637123	1.878022573519593e-08	1.5849633895391356e-06	-0.0003216891380815	-0.0002918548514685	1.0348390155961839e-07	8.517925432572242e-08	0.0003007982611234	-0.0001776811738397	9.047959389486113e-08	3.1570599537089225e-08
1136.0549142269813	-0.1700011281025126	1290620.768139274	0.0289003835561269	1592.9791601136674	-6.745642764069316	45.50369630044073	2537582.604556445	1102.5343262838662	-0.4084309149225191	0.166815812264446	1215581.9406342187	1186.841838843881	1249.412379131225	1.328508	24.153969	0.1042936393390733	0.0497905062305081	0.1713366304	0.0222193322	-0.0092059342	-0.0834293999	0.1822086775	0.1438369795	-0.0163009921	0.0061302571	-0.140163173	-0.0344323799	-0.1264896865	0.1115349646	0.1710580891	0.0275357965	-0.0054807111	-0.0058452109	0.0918845988	0.085997591	-0.132617656	0.0924311856	0.0855364195	-0.0302981088	-0.1094084289	-0.1766983879	0.1323930691	0.1703378485	-0.0382760955	-0.0519008485	0.2113501591	0.0691108934	-0.1643561447	0.1690567643	-0.0833875808	0.0936453921	0.1354269626	-0.3168263396	0.1300207374	0.0528751396	0.126646455	0.0548922067	0.0134553607	0.0014081092	-0.0347709629	-0.2037662134	0.2140135798	0.1165838136	-0.0591021567	0.0151929692	0.0458197577	-0.02066131	-0.1245875066	0.3249543852	0.0516478648	-0.0485969083	-0.0652676456	-0.1581013923	-0.0990957323	0.1414900214	-0.0224948442	0.0355982306	0.1044512219	-0.1538687728	0.0441028132	0.0368500107	-0.0194755271	-0.0719752438	0.2587303308	0.0128153863	-0.1217818279	0.1061944736	0.0497067976	-0.12786269	-0.1562445614	-0.072180313	-0.0102688386	-0.0319108464	0.1288555358	0.1404853346	-0.1260178959	0.1585878814	0.013111946	0.105247762	0.0024551648	-0.1234004264	-0.1092312954	-0.0265926358	0.0392444906	-0.1333121588	0.0024725948069317	-0.0042584850935157	6.113725079265611e-06	1.8134695291695417e-05	-0.0196040351390536	0.0134288780273834	0.0001803347650743	0.0003843181937332	-0.0370349331214896	-0.0281344756094057	0.0013715862713132	0.0007915487178162	-0.0019589959666497	-0.0007000426754036	4.900597473863699e-07	3.837665197349792e-06	-2.9968794660328868e-05	0.0002917203434211	8.98128653392956e-10	8.510075876576605e-08	0.0004784712544739	0.0001776729933505	2.2893474135782763e-07	3.1567692566126835e-08
1137.8839696936875	1.8290554667062224	1294779.9284858648	3.345443900287917	1588.0499780344408	-4.929182079226621	24.29683597016887	2521902.732735188	1103.058731163095	0.5244048792287686	0.2750004773589393	1216738.5643951371	1186.7630289578933	1268.1488576081256	1.24875	22.703856	0.0540675678803819	0.0294339844423402	0.0228282989	0.1145517115	-0.0300848083	0.0930834891	0.1173527627	0.0867788906	-0.0748289791	-0.0037276695	-0.1346589445	0.073051405	-0.0785518683	-0.1742070226	-0.0597194455	0.0017836333	-0.0267457674	0.038685504	-0.045643721	0.1625358543	0.0369296704	-0.0383303115	-0.1880446183	-0.1667652587	-0.0711066627	-0.0181380404	0.2314699397	0.0289195598	-0.1610617116	-0.0760405711	0.1141822661	-0.0753464218	-0.0402416863	-0.1179549256	-0.0571312095	0.1424026884	-0.2370659593	0.2188956286	0.2623370751	-0.0186489117	0.1059570883	-0.0135794305	0.0305681475	0.0223725635	0.0561885299	-0.2440199335	0.0148111871	0.055304578	0.1278187817	0.1064381449	0.1130946967	0.0466331136	0.1845802727	0.0946400041	-0.0106958884	-0.0415403297	0.0214172901	0.0519076552	0.0027731216	-0.0484998017	-0.2194124985	0.143391934	0.0108219488	0.1032094802	0.0359474105	-0.0430660803	0.0446198931	0.003135393	0.2009976992	-0.1394113392	0.1255362895	0.0188910704	0.0105131732	-0.1388147081	-0.0511841448	-0.0652919982	-0.133312847	-0.0266066516	0.0556493733	0.0566287701	0.0245390046	0.0763070708	0.0293086554	-0.0225456902	-0.0215280023	-0.0720516308	-0.1407636757	-0.0682455226	0.0337382312	-0.1385517956	0.0024126481847019	-5.9946622229800194e-05	5.820871263145373e-06	3.5935975167623743e-09	-0.0380743164643035	-0.0184702813252499	0.0003411512922338	0.0014496535742239	-0.0170601462820059	0.0199747868394837	0.0002910485911634	0.0003989921092828	-0.0018769389426212	8.205702402849986e-05	6.733355192413803e-09	3.522899794327988e-06	-0.0002589490863178	-0.0002289802916574	6.705462930482343e-08	5.243197396754053e-08	0.0004782575082915	-2.1374618240004118e-07	2.2873024423719418e-07	4.5687430490591664e-14
1138.5612960851242	0.6773263914367362	1296321.824943038	0.4587710405367108	1598.0067827446517	9.956804710210918	99.13796003727832	2553625.6776979123	1104.6624208222836	1.6036896591886034	2.571820522988459	1220279.063976948	1188.498174800765	1279.615163161175	1.109695	20.175661	0.0714635657752804	0.0390389201965793	-0.0168488869	0.0935087212	0.0832276734	0.1191207593	-0.0374264157	-0.0303989193	-0.0299049657	0.0797764989	0.0958481823	0.1672928962	0.0840422	-0.1540185705	-0.0023045592	-0.034654055	-0.1326228692	0.0644945141	-0.1232863708	0.0902146929	0.1140976334	0.1203078895	0.0930330059	0.0261846971	-0.079370526	0.1003489204	0.1293932537	-0.0403100913	0.0072969894	-0.045917579	-0.0965084542	0.024915477	-0.1246626989	0.1468262327	0.024289988	0.2506278146	0.1005594896	0.107462728	-0.3399478968	-0.0811346693	0.0477134913	-0.0227953855	0.034993616	0.0782391617	0.1880808482	-0.0689769135	-0.173630927	-0.0831934271	0.0473679715	0.115956964	0.0690608051	-0.0760877267	-0.0190319519	0.2109841518	0.16413214	0.0623624764	0.0620410956	0.0039686907	-0.0175290962	-0.0198341119	0.0957102003	-0.1194842309	-0.0998213948	-0.1370413574	0.008171156	0.0022600823	0.0867112362	0.1008895674	0.0199456266	-0.290851812	0.1354057054	0.0411229596	0.0165690216	-0.0586832873	-0.1063291613	0.1035121119	-0.0701733089	-0.0686654115	-0.1040676492	0.0166405829	0.0313749404	0.0085775838	-0.0947909601	-0.0170055987	0.0486801095	0.0583626763	-0.1279728947	-0.0432035778	0.0281858894	-0.1430347106	0.0047739551552865	0.0023613069705845	2.2790647824686548e-05	5.57577060933142e-06	-0.0453723928982725	-0.007298076433969	5.326191963605368e-05	0.0020586540373152	-0.0517358059101837	-0.0346756596281778	0.0026765936131761	0.0012024013706492	-0.0017039865790439	0.0001729523635772	2.991252006697452e-08	2.9035702615617337e-06	-4.203781174871857e-05	0.000216911274569	1.7671776166207007e-09	4.705050103518343e-08	0.0006309643249961	0.0001527068167046	3.9811597941778417e-07	2.331937186805232e-08
1137.2430382805503	-1.318257804573932	1293321.7281175773	1.7378036393200829	1596.6638737523278	-1.342908992323828	1.8034045616641992	2549335.525745789	1103.0697967809274	-1.5926240413562027	2.536451337105764	1216762.9765703164	1187.2811446595508	1276.609266941482	0.971036	17.654673	0.0957678579912423	0.0559054813606872	-0.0561071784	0.066699524	0.1365807098	0.1090517464	-0.0112129064	-0.0408259651	0.0319877763	0.0528406707	0.0527651029	0.0669763446	0.0368978255	-0.0928693169	0.047168337	-0.0415417218	-0.1249078733	-0.06414876	-0.1412727763	0.071790824	0.0124435	-0.0255713723	-0.0067603137	-0.0475016801	0.0769925833	0.1560752978	-0.1978216925	-0.0691469715	0.1743315452	-0.0531538081	0.0958623412	0.0498563397	-0.0489487742	0.1290164204	0.0492145767	0.1514065655	-0.0786853123	-0.0189677779	-0.0296886884	0.0342937418	-0.0406300288	-0.0329461728	-0.0372666628	0.0257285606	0.2244995145	-0.0749641046	-0.0680467508	0.0980009832	-0.1154344584	0.1594313614	0.0247758251	-0.029655068	0.0634468914	0.0929971744	-0.0850971624	-0.1331704352	0.1131759421	-0.0974383742	0.2333085044	-0.0315482898	0.1567807568	0.1062832823	-0.0158803558	-0.0777533351	0.0175212807	0.0787984047	0.1711260297	0.1524834363	0.1435572775	-0.1937160328	-0.1076851143	-0.0510162545	-0.0716430888	0.0274261063	-0.1809441525	0.0570692577	-0.0278249513	-0.0238085691	-0.0983203407	0.0256801063	-0.0484545765	-0.1545236179	0.0651288129	0.0502955761	0.0498907618	-0.0486203892	-0.0965616801	0.090345732	0.022595049	-0.1467364196	0.0067308370812639	0.0019568819259774	4.530416781451714e-05	3.82938687221702e-06	-0.0586818787452756	-0.013309485847003	0.0001771424135115	0.0034435628930752	-0.0058256904481908	0.0459101154619929	3.393866919814153e-05	0.0021077387017335	-0.0022379853608198	-0.0005339987817758	2.851546989381451e-07	5.00857847524373e-06	-4.487968557209676e-05	-2.8418738233781937e-06	2.01418617705027e-09	8.076246828002192e-12	0.0007859511645222	0.000154986839526	6.177192330138023e-07	2.4020920426289065e-08
1137.6908217978378	0.447783517287462	1294340.4060030396	0.2005100783543308	1588.4226468818133	-8.241226870514538	67.91782033129084	2523086.505127026	1104.3799850603857	1.3101882794583162	1.7165933276299428	1219655.1514019778	1188.1446964718218	1245.0745153258197	1.278278	23.240719	0.1369955109646773	0.0745560091458249	-0.1462472048	-0.0053091915	0.2361428151	-0.1431578094	0.0501708283	-0.0652418755	-0.0425249039	0.1139214797	0.0187082015	0.0658444566	-0.1088528193	0.0108091953	-0.0605410561	-0.0828680054	-0.0252187124	0.010802647	-0.0276119039	0.1456995262	0.1401972665	0.0351875461	-0.1145100699	-0.0488167224	-0.0198972609	-0.1365597511	-0.1236256227	-0.0411374786	0.0104392466	0.1705656158	0.038787492	0.0256962581	-0.0980261294	-0.0497769228	0.2139616105	0.1866136766	-0.117904485	0.0130871774	-0.1340755598	0.0817801174	-0.0569831294	-0.0320407112	0.0361921834	-0.0231904372	0.242394409	-0.115561102	0.0912744126	-0.0792431011	0.0331667604	-0.089356399	0.0253204841	0.0174447374	-0.0355702979	-0.0043374427	-0.0190706227	-0.0324075692	0.1433009526	-0.0040201669	0.202998997	-0.0325855813	-0.1102046537	-0.1677830587	-0.0006349314	-0.0204847459	-0.0077108659	-0.1105230325	0.1243729571	0.0120402392	0.0911694958	-0.1750799111	-0.0188988394	0.0160645734	-0.0676473009	-0.0525582868	-0.1676023765	0.0853112109	0.114034134	-0.0989876906	-0.0283233259	-0.052515136	0.0794891322	-0.00455214	-0.2589615819	0.0734610739	0.0696635404	0.0632184316	0.0017573691	-0.0836042983	0.0169733466	-0.1496367051	0.0094626593554068	0.0027318222741428	8.954192207646782e-05	7.462852937503282e-06	-0.0196187292694247	0.0390631494758509	0.0015259296469726	0.0003848945381469	-0.0674273904404145	-0.0616016999922237	0.0045464529816041	0.0037947694419319	-0.0019540631233516	0.0002839222374681	8.061183692894889e-08	3.8183626900426105e-06	0.0001190135182909	0.0001638932038629	1.4164217535978391e-08	2.6860982272477822e-08	0.0010101125076402	0.0002241613431179	1.020327278091173e-06	5.0248307748465685e-08
1138.1907118114302	0.4998900135924486	1295478.09645381	0.2498900256894585	1598.3541453516762	9.931498469862843	98.63466185688804	2554735.973962887	1102.2197700150516	-2.1602150453340982	4.6665290420878005	1214888.4214120333	1188.8188784190072	1271.1704019432866	1.101013	20.017811	0.0729672618556363	0.0621974163143113	-0.1377175066	-0.0019124231	0.0939543914	0.0345032966	-0.0828598779	-0.1417187941	-0.0208342963	0.004384811	0.0871352918	0.0539074531	0.0509023294	-0.0162109193	-5.49144e-05	-0.047843699	0.0855767402	0.0294540177	-0.2027353015	0.1048931054	0.41001218	0.0986950783	0.1856344733	0.010477657	-0.1737311946	0.11507711	-0.0513261912	0.1264398969	0.0540222231	0.1841999305	-0.1287433997	0.0422288735	0.0832265361	-0.2820860882	-0.0267269296	-0.0838924733	0.0988700471	-0.0884409296	0.0539797188	0.1655528658	-0.0684930935	-0.0571798198	0.0177207388	-0.0925574165	0.2790935578	0.0116312656	-0.1104464647	-0.1151379572	0.0274209165	-0.2312995503	0.0946951006	-0.1109536017	-0.0940787281	-0.0894892519	0.1416683655	0.0270752874	-0.1197129352	-0.0014880883	0.1417648037	0.0528773798	0.1551885169	-0.0325167264	-0.110221762	0.0745074401	-0.0627217932	-0.1619440728	0.0749780309	0.0605328669	-0.032665579	-0.1870536046	-0.0156764638	0.061952881	-0.0596459227	-0.0119834667	-0.1590327605	0.1350772737	0.2278341892	-0.1242505175	-0.1546108107	-0.032305879	0.0860557888	-0.0576147092	-0.0914923112	0.0890904758	0.067880004	0.1640795783	0.0478959309	0.0823262998	0.0113284606	-0.1517197269	0.0070421603834347	-0.002420498971972	4.959202286601717e-05	5.858815273317989e-06	-0.0193106526781861	0.0003080765912386	9.491118606919581e-08	0.0003729013068575	-0.1295182616289452	-0.0620908711885307	0.0167749800953838	0.0038552762849507	-0.0020410768581624	-8.701373481079982e-05	7.571390045724196e-09	4.165994740926093e-06	0.0001444178070171	2.5404288726199988e-05	2.0856502983628332e-08	6.453778856841317e-10	0.0010606507861811	5.0538278540900126e-05	1.1249800902265856e-06	2.5541175978776063e-09
1137.8731106738398	-0.3176011375903727	1294755.2159945606	0.1008704825986988	1599.3358323208122	0.9816869691360351	0.963709305371495	2557875.104545305	1102.5463173962514	0.3265473811998163	0.1066331921684581	1215608.3820040356	1186.6154875728269	1277.3506449946651	1.115258	20.276812	0.2046518075751306	0.1204723359704309	-0.0886043812	0.0605335585	0.1442527152	-0.0029349829	-0.0221476219	-0.0947424194	-0.057658417	0.0828545914	0.0230750952	-0.0167993669	-0.0208192027	-0.046863946	-0.0626873252	0.0110294049	-0.1040252174	-0.0079303764	-0.1942016677	0.0703073415	-0.0088276607	0.1157884404	0.0296839053	-0.0479541884	0.1226263482	-0.2077865748	0.0115376859	0.0183681092	-0.0590636383	-0.118340838	0.1051824257	-0.0412547183	-0.2084354166	-0.0837300093	-0.0078113649	-0.0692116277	0.0103066136	-0.2450213904	0.1205606507	-0.0712170346	-0.0223637085	-0.0757395289	0.0326758507	0.0659386391	0.1801000299	-0.067506294	-0.0245669809	0.2027119281	-0.0369833561	0.0755241781	-0.0084625689	0.0421157002	-0.1885348857	-0.0247450081	-0.0626321408	-0.1468088552	0.0705451976	-0.0265674825	0.0254176539	0.0183056684	-0.0038669709	-0.0466711742	0.0042341474	-0.0092397619	-0.0118517655	0.0088005276	0.1454748239	0.1812294425	0.1680267379	-0.0719907211	-0.0984810076	-0.0610444265	-0.1245747777	-0.0122528344	-0.0563403844	-0.0441123441	-0.0024583927	-0.0040355593	-0.0245704367	-0.0110347178	-0.1189280887	-0.1373772684	0.1369491299	0.0448868016	0.0073299842	-0.1368762122	-0.0101540842	0.1577939057	0.0056681013	-0.1529741081	0.0067882710131499	-0.0002538893702848	4.608062334797117e-05	6.44598123436125e-08	-0.0562448104901847	-0.0369341578119986	0.0013641320132816	0.0031634787070767	-0.0219952664971003	0.1075229951318448	0.0004837917482784	0.0115611944821227	-0.002820966470105	-0.0007798896119426	6.082278068159794e-07	7.957851825456663e-06	-8.873406837994757e-05	-0.000233151875397	7.873734891257212e-09	5.435979700116039e-08	0.0008748769683007	-0.0001857738178804	7.654097096630239e-07	3.4511911409860066e-08
1139.0154391254434	1.1423284516035892	1297356.1705661267	1.3049142913430536	1585.1158829799915	-14.219949340820676	202.2069592555064	2512592.362475438	1104.013572874857	1.467255478605466	2.152838639497756	1218845.969091907	1187.102687669837	1254.749254561469	1.114075	20.255306	0.1209934889766518	0.0803228216456103	-0.1087863107	0.0633997478	0.1673350437	-0.1475155904	0.0161656447	-0.0449641748	-0.1635806983	0.0971165483	-0.0153137629	0.0473897637	-0.0418284232	0.0902741803	-0.0978029133	-0.0010056695	-0.0111935148	0.060920541	0.0002295831	0.1455300055	-0.0687175816	0.0940227506	-0.0790726201	0.0246398723	0.1067583923	-0.0930887541	0.0723699547	0.0264683734	0.3128308501	0.0840642445	0.1543324752	-0.0318188491	0.1681526356	0.1123460548	0.1439949603	-0.0087050096	-0.0581547428	-0.1234115591	0.0718069229	-0.1615505826	0.0215808029	-0.0695236528	0.0699310199	0.0171370547	0.1307580625	-0.0615477961	0.0994011979	-0.0012924049	0.0680728627	-0.075428632	0.1765820639	0.1539892823	-0.0974802167	0.0045716568	-0.2304452947	0.0489188633	-0.0398526318	0.1131689489	-0.0181903811	0.1027662298	-0.1340787147	-0.0618140545	0.06438763	-0.1035576183	-0.0396367201	-0.1364455634	0.0321599397	0.0665825849	0.056676091	-0.0946365674	0.1396423075	0.0736760874	-0.0981152702	-0.0535240061	0.0426647638	-0.0108853468	0.105925947	-0.0262347205	0.0225730072	-0.0993794725	-0.0693324266	0.0371853382	0.0407389509	-0.0968735043	0.0237998967	0.1629540976	-0.0628604415	0.1910577949	0.0	-0.1533929978	0.0066727239876342	-0.0001155470255156	4.452524541514886e-05	1.335111510552571e-08	-0.02988676880355	0.0263580416866347	0.0006947463615543	0.0008932189495168	-0.0951220144448541	-0.0731267479477538	0.009048197632047	0.0053475212654143	-0.0024444489913311	0.0003765174787738	1.41765411822254e-07	5.975330871219633e-06	-0.0001250512100101	-3.6317141630152415e-05	1.5637805124990132e-08	1.3189347761845495e-09	0.0008598485423698	-1.5028425930899971e-05	7.393395158154697e-07	2.2585358596054668e-10
1139.070351365739	0.0549122402956072	1297481.2653604683	0.0030153541342825	1606.2951487696448	21.1792657896533	448.56129938877865	2580184.104960895	1103.7564184346331	-0.2571544402237578	0.0661284061267942	1218278.231235649	1188.5443251669294	1284.382729129515	1.30627	23.749655	0.0377055967132252	0.0207668734568236	0.0265639384	0.1123434928	-0.0431809897	0.0780198321	-0.0536144978	0.0336211342	-0.1335547733	-0.0322016307	0.1539765933	-0.0437460093	0.0632340608	0.2331124755	0.042036708	-0.0230585362	-0.0393365304	0.0525407312	-0.1337042918	0.0841851157	0.0586214702	0.0426888401	-0.043393471	0.1402727558	0.0089773697	-0.1065461243	0.0205221635	0.2542841186	0.1987168668	-0.1235520574	-0.0795190493	-0.2061344168	0.2252877772	-0.1363273749	-0.0860354118	-0.0445357948	0.1443194998	0.0044925117	0.064472773	-0.1454662733	0.0653403253	-0.018397441	0.034266344	-0.0506368746	0.1536187435	0.1143292515	-0.1645248564	-0.0655659901	0.0623110908	-0.1401762954	0.1614349425	0.0917524268	-0.0428044009	0.0353874173	-0.2596005626	0.1444888342	-0.1526222075	-0.0281965078	-0.0935615505	-0.0132404097	0.1817838038	-0.0930775232	0.1484166092	0.1317886591	-0.063039585	-0.1071778155	-0.0683971905	0.1090731607	-0.0898752082	-0.1192118938	0.1404565041	0.1876156533	-0.0707954785	0.0230523022	0.0383411607	0.0401413699	0.0800907867	-0.0063730353	0.0165235055	0.0713407872	-0.2102112596	0.037121846	0.1103088091	-0.1769739956	-0.1188656234	0.0782142684	0.178852992	-0.0088752441	-0.0056681013	-0.1529741081	0.006663830217235	-8.893770399200432e-06	4.440663316413426e-05	7.909915191369382e-11	-0.0202985807375313	0.0095881880660186	9.193335038934338e-05	0.000412032379958	-0.1130816172079818	-0.0179596027631276	0.0127874521503725	0.0003225473314093	-0.0023739826649811	7.046632635000034e-05	4.965503149264752e-09	5.635793693630765e-06	-5.244938705750712e-05	7.260182295259286e-05	2.750938202708195e-09	5.2710246960396405e-09	0.0007999384493988	-5.991009297099997e-05	6.399015228265565e-07	3.58921923979386e-09
1138.1076236579108	-0.9627277078282076	1295288.9630282568	0.9268446394201548	1602.0009133627248	-4.294235406920052	18.440457730045825	2566406.9264150043	1103.379958518492	-0.3764599161411297	0.1417220684609864	1217447.3328602691	1187.109696847955	1267.7147606866563	1.045973	19.017128	0.0916107930179418	0.046512106841367	0.089694034	0.1252257483	-0.0675489201	0.0115534282	0.1105902852	0.0947068385	-0.1169025794	-0.0492497201	0.0118283387	0.028187114	0.0403023505	0.0553965993	-0.0510263523	-0.0517437505	-0.0679134949	0.1152109974	-0.1806197937	-0.002040969	-0.0346617687	-0.0603026577	-0.0633568838	-0.0865139345	0.2039780133	0.0188053417	-0.0513923998	0.0976343722	0.0310561294	-0.0760296393	-0.1102741604	0.101998298	-0.0056452442	0.107636338	-0.1070305037	-0.0298063373	0.0437729259	0.2347200686	0.0654597234	-0.0088238518	0.1064396425	-0.0247969393	0.0817316626	-0.0123127572	0.0569490375	0.0439309794	-0.1892959088	0.1333351437	0.0026798335	0.0788611094	-0.0127548314	-0.0087883471	0.1161490991	-0.021123607	-0.1707518791	0.1335900425	-0.1253732966	-0.1423157191	0.1524788961	-0.135147956	-0.0935435256	0.0108551555	0.0390837212	-0.0190071643	-0.0449524202	0.0281443836	-0.0342345306	0.1949277144	-0.0512997384	-0.062494543	-0.0467620518	0.1767698862	-0.0570385954	0.0517574272	0.1145967069	-0.0615914555	0.0360676513	0.0747219273	0.0254616762	0.1135242317	-0.1423245199	0.111008645	0.0755257927	-0.0042907071	-0.0513580831	-0.1934458786	0.1611103316	-0.0178219037	-0.0113284606	-0.1517197269	0.0067251151866116	6.128496937659982e-05	4.522717427319397e-05	3.755847471490777e-09	-0.0403408139415262	-0.0200422332039949	0.0004016911118033	0.0016273812694648	-0.0812448129924661	0.0318368042155157	0.0066007196381807	0.001013582102657	-0.0029053991840811	-0.0005314165191	2.824035167723609e-07	8.441344418859123e-06	-0.0002547483146293	-0.0002022989275717	6.489670380646884e-08	4.09248560966975e-08	0.0008596324153081	5.969396590930001e-05	7.389678894484378e-07	3.563369565980672e-09
1139.264519060951	1.1568954030401528	1297923.64439118	1.3384069735754376	1596.1148617411768	-5.886051621547949	34.64560369152724	2547582.651871056	1102.778935031716	-0.6010234867760573	0.3612292316564495	1216121.3795496856	1186.3398300776637	1269.2038002137017	1.245433	22.643557	0.154067109608361	0.1019695184756054	0.0366936946	0.1542031379	-0.0172843568	-0.0292319224	0.0640228018	0.1380941847	-0.185760771	-0.0512394838	-0.0359356746	-0.0266522944	-0.0496957596	0.2238263341	-0.202713161	-0.1260999222	0.1787299032	0.1346126706	-0.099568059	0.1075928045	-0.1138511554	-0.0926430206	0.039321723	0.0312272658	-0.0175754664	-0.0091552674	0.0594418487	0.1863062821	0.0871837123	-0.0567734452	-0.0639971907	0.0833209329	0.0862932615	-0.0101731296	-0.006499334	-0.108819445	0.0382372052	-0.0280396094	0.0201331964	-0.1384818037	0.1191767292	-0.0522665304	0.1920231167	-0.224628621	0.0123702661	0.0544925861	0.1170481667	0.1159505959	0.157823751	-0.158495286	0.0849698654	0.059326644	0.0290688093	0.0664609652	-0.1775490728	0.0298968841	-0.0365703293	0.0341146942	-0.0868589069	-0.0202791211	0.0454938947	0.0192557927	-0.0759543921	0.0488747338	-0.0874876064	-0.2549753122	-0.1225564875	-0.0033260194	0.0732021059	0.100180389	0.0167982426	0.2291094065	-0.0553475811	-0.0984103997	0.1198563883	-0.0678495969	0.0837196206	-0.1527708448	0.0310151852	0.0288863782	0.0185045411	0.0056591716	0.1649080182	0.0531656473	-0.1337854199	0.0773858955	0.1030461149	-0.1905355049	-0.0169733466	-0.1496367051	0.0068497691205209	0.0001246539339093	4.691933700444166e-05	1.5538603239064214e-08	-0.0196509587749602	0.020689855166566	0.0004280701068134	0.0003861601807751	-0.1781117072446818	-0.0968668942522157	0.0317237802576152	0.0093831952020699	-0.0033168584469078	-0.0004114592628266	1.6929872496589138e-07	1.1001549956823623e-05	-0.0002519465302048	2.8017844244999945e-06	6.34770540822382e-08	7.849995961370766e-12	0.0011730854931703	0.0003134530778622	1.3761295742866065e-06	9.825283202128649e-08
1139.597480844064	0.3329617831129781	1298682.4183461368	0.1108635490137738	1605.3624865154886	9.247624774311817	85.51856396646568	2577188.7131111925	1104.8157840273796	2.036848995663604	4.148753831135832	1220617.9166360334	1188.1790356699146	1272.1349603527026	1.143463	20.789614	0.0685674321978636	0.0410659441102712	0.0154851232	0.1299014416	-0.0526384653	0.0244440324	0.0122019398	0.0127211252	-0.1000025273	-0.0096834758	0.0811408162	0.0880239972	0.1712955842	-0.1186445435	-0.211284266	-0.0830836834	0.0365774952	0.0108350912	-0.2909434096	-0.0249550633	0.0252493941	-0.1703392429	0.0152129253	0.0278380349	-0.0192002323	0.0560792808	0.0404392147	-0.0292099046	-0.1488715428	0.1554736147	0.1372091437	0.0977834731	-0.0034432604	0.0460296464	0.1234639714	-0.3241070525	0.0703505013	0.1359354262	-0.0573500537	0.0451109837	0.0494981975	-0.0505746436	0.1301623712	-0.006941942	0.071450889	0.0693354351	-0.1694416932	0.0866378815	0.2549078189	0.0212377003	-0.1160067794	-0.178930374	0.0964345596	-0.1618787719	0.0552726157	0.1413790563	-0.0388078203	0.0759688078	-0.1207216315	0.0646662544	-0.0646919552	0.0927886865	-0.094207569	0.0766748456	-0.0932892899	-0.0885460873	-0.03818539	0.1450293108	-0.1592751412	-0.0554267668	0.1146410035	0.1773420184	0.0736285645	0.0315732838	0.2198320816	-0.0066354141	-0.0228330129	-0.0469713524	-0.0662480954	0.011376284	0.0242605399	-0.0254485761	0.1122538679	0.0226012713	0.086809178	-0.1351962237	0.0929223879	-0.0478943134	-0.022595049	-0.1467364196	0.0139651231083206	0.0071153539877997	0.0001950246634305	5.062826237169709e-05	-0.0200932347790683	-0.0004422760041081	1.956080638098291e-07	0.0004037380838867	-0.142371087010261	0.0357406202344208	0.0202695264164833	0.001277391934741	-0.0029188074387382	0.0003980510081695	1.5844460510483492e-07	8.519436864433452e-06	-0.0003461942298768	-9.424769967200002e-05	1.198504447999907e-07	8.882628893463513e-09	0.0011600005615812	-1.3084931589100145e-05	1.3456013028686994e-06	1.7121543469143083e-10
1140.282274115912	0.6847932718480934	1300243.664662956	0.4689418251684167	1602.460912092342	-2.9015744231467124	8.419134133059178	2567880.974783821	1103.679746295334	-1.1360377320454518	1.2905817286309738	1218108.9823825331	1187.666308512985	1273.2007325275315	1.296606	23.573942	0.1006776172156687	0.0531444041287331	-0.1054992262	0.0619431614	0.0932119405	-0.0735832434	-0.0897803949	-0.0387641502	-0.1344384048	0.0374595946	0.0524876027	-0.033588889	0.079533186	-0.097768848	-0.1755578766	-0.1052280464	-0.032827751	-0.0615779773	-0.0980824971	-0.0448429981	-0.1446485062	-0.0684500499	0.1040966116	-0.0004439703	-0.0788766304	0.1290831171	-0.0039491851	-0.0851353383	-0.1682026006	0.1050540533	-0.0381675205	-0.0274514392	-0.1516361681	-0.000617951	-0.083007498	0.1065936843	0.1847213544	-0.21964429	-0.1243197753	0.0013728324	-0.0427157592	-0.0583805089	0.1176137356	0.0293625443	0.0169982508	0.1313788647	0.0165988928	0.145523048	0.0004445683	0.0368720425	-0.1969043488	-0.1837404103	0.1078987612	0.0230025533	0.1210270044	-0.0959058392	0.0758712844	-0.0496551357	0.0646666549	0.0793841313	0.1127228398	-0.010952561	-0.1071021225	-0.0348743004	-0.0734459659	0.0172113107	0.1210339173	0.1833360483	-0.0501906799	0.1228419389	-0.1520923787	-0.0446650646	0.0993757392	0.069067091	0.1303920063	-0.1167672276	0.0062191149	0.0625065406	-0.1677583383	-0.1837697168	-0.1459429905	-0.1225852706	0.0482667669	0.1054913746	0.0544365495	-0.0879654451	-0.02587884	-0.1452934696	-0.0281858894	-0.1430347106	0.0201941070666578	0.0062289839583372	0.0004078019602196	3.880024115322217e-05	-0.0410289369655743	-0.020935702186506	0.000438303626042	0.001683373668525	-0.1176144128085354	0.0247566742017255	0.0138331501002965	0.0006128929175303	-0.0037443739492387	-0.0008255665105004	6.815600632599717e-07	1.4020336271737418e-05	-0.0002237243400835	0.0001224698897933	5.005258034579757e-08	1.4998873905983052e-08	0.0011870892986694	2.7088737088200136e-05	1.4091810030154082e-06	7.337996770336295e-10
1139.906882044976	-0.375392070935959	1299387.699733499	0.1409192069215881	1599.6995778283408	-2.761334264001107	7.624966917546535	2559038.739304172	1104.7029418945312	1.0231955991971518	1.0469292342164185	1220368.589830432	1188.555283789824	1249.5965866973434	1.344606	24.44664	0.0578638802280317	0.0298350966385755	-0.1354726318	-0.0812373182	-0.0310677302	-0.1331408698	-0.0529843464	-0.0648912401	-0.0522126493	-0.0732064269	0.0204078158	-0.1479116354	-0.0068789208	0.1278587636	-0.0820473342	-0.136539498	0.1254619666	-0.0114441247	0.024877736	0.1247938389	-0.0599031728	-0.4021650854	-0.1303807888	-0.0135781496	-0.0416274125	-0.0157856599	-0.1350158255	-0.2074227486	0.0120805835	0.0931240995	-0.0197208375	0.0137595645	-0.0865671424	0.009402763	-0.1563319874	-0.0289899636	0.0405774363	0.0323754188	0.0677520019	-0.2180485693	-0.0927205764	-0.0216041035	0.0952963242	-0.150892899	-0.0387424295	0.1464533944	0.2244918964	-0.0127826524	0.0444951887	-0.0589724077	0.0283902996	-0.0328364525	0.3208762232	-0.0693435613	-0.1711558901	-0.1891091631	0.1959991819	-0.0265643974	0.0170174063	-0.1717386579	-0.0911759047	-0.021128228	-0.0404900398	0.0205526268	-0.0982147616	-0.149540506	0.0608257396	-0.0480717554	0.0718216181	0.2317377405	-0.1049366286	-0.042782125	-0.0863799541	-0.0210686466	0.0583353005	-0.1533561401	-0.0638767473	-0.1291109324	-0.0575478264	-0.1490571263	-0.0700594895	0.0219463242	-0.1130048522	-0.0218788318	0.00935073	-0.1222750087	0.0986684073	-0.1248692419	-0.0337382312	-0.1385517956	0.0293588363994388	0.009164729332781	0.000861941274729	8.399226374313648e-05	-0.0299087617778894	0.0111201751876849	0.0001236582962048	0.0008945340310865	-0.1427633406374013	-0.0251489278288658	0.0203813714299506	0.0006324685709415	-0.00382392446257	-7.955051333130006e-05	6.328284171273348e-09	1.4622398295441262e-05	-0.0001625645398568	6.115980022670001e-05	2.6427229618853116e-08	3.7405211637698546e-09	0.0010791986546534	-0.000107890644016	1.1646697362057089e-06	1.1640391066187251e-08
1139.4232182128385	-0.4836638321376085	1298285.2702025017	0.2339307025180367	1603.7743969052335	4.074819076892709	16.604150509408747	2572092.316168745	1102.9781406787558	-1.724801215775415	2.9749392339403484	1216560.7788151654	1187.715329637149	1282.5442527119856	1.317721	23.957842	0.0700193852995885	0.0341460165928561	-0.0701402181	-0.1257035498	-0.2041270611	0.0836841682	-0.0729166015	-0.1213902787	0.1103978467	-0.2184241937	-0.0589021595	0.0434654158	0.0631811236	0.0875736135	-0.0491528444	-0.1650406079	0.1063653953	-0.1164097815	0.0828645748	0.0240734041	-0.0848375722	-0.0768111391	-0.2311607835	0.1015741752	-0.0196876654	0.1205008776	0.0179720092	-0.1693696723	0.1337833003	0.0148966574	-0.016298886	0.1862978511	0.1122993906	-0.0470797496	0.0915813037	-0.0124880102	0.0496821185	-0.0719779085	0.0383172512	-0.0493965632	-0.1967499529	0.0253086972	0.0744191803	-0.0354589973	-0.1069792836	0.072584914	0.0155550205	-0.0529268952	0.0181616397	0.1028267235	-0.0640595361	0.0823773771	0.2238118945	0.0040366251	-0.0787905224	0.0060487758	-0.046395562	0.1142621805	-0.0547468007	0.1615738635	-0.1456282307	-0.0583866425	-0.055496624	0.0855884972	-0.1147334344	0.0045266181	0.0474802109	-0.0372393573	-0.1439434039	0.0720973395	0.0534736938	-0.0148054543	-0.0549112724	0.0176267094	0.1012182776	-0.0377667761	-0.1319300256	0.0244697847	-0.1447614995	-0.0012652407	-0.0148439635	0.1912537788	0.0093762251	-0.1473360744	0.1728007685	-0.0939350995	0.0122323308	0.0742549535	-0.0392444906	-0.1333121588	0.0243864423161852	-0.0049723940832536	0.0005946985688406	2.472470291917541e-05	-0.0446718984167944	-0.0147631366389049	0.0002179502034189	0.0019955785081603	-0.1229182505576318	0.0198450900797694	0.0151088963201487	0.0003938276002741	-0.0034269944017815	0.0003969300607884	1.575534731575622e-07	1.174429062984174e-05	-2.597861219189035e-05	0.0001365859276649	6.748882914166338e-10	1.865571563608393e-08	0.0011544579561532	7.52593014998e-05	1.332773172525424e-06	5.663962462237799e-09
1136.905627979358	-2.517590233480405	1292554.4069311386	6.33826058371592	1595.4389971001203	-8.335399805113184	69.4788899110809	2545425.5934678377	1101.3534803477996	-1.624660330956203	2.63952119098272	1212979.488674211	1187.1030111330897	1254.885659345298	1.128003	20.50853	0.1128325130375803	0.0715928090815759	-0.0160168715	-0.1539432307	-0.1157149491	0.0765705043	-0.0786093389	-0.0705228217	0.2253037947	-0.1387644768	-0.0617195813	-0.1438620271	-0.0858150378	-0.0022182425	-0.176372306	-0.086174427	0.0465115485	-0.0585634947	0.1064273591	-0.1833449384	0.1380787365	-0.0269810633	0.1780551146	-0.093505436	0.0730794348	0.1511109714	0.0340710452	-0.0583905637	0.0609024136	0.0436987131	-0.036638674	0.051892927	-0.0247660963	-0.029070536	0.1804429049	0.0639131435	-0.0506887143	0.0125631076	0.2170170476	0.007206918	-0.1465982313	0.075835692	0.011318192	-0.0379849981	-0.1315606119	0.192692607	-0.2061180356	-0.0567697445	-0.0366470476	-0.0055219221	0.1791092062	0.0307142718	-0.0047021694	0.0370266608	0.0935430541	-0.0893785086	0.0158360522	0.1145963263	-0.0059641656	-0.0084540853	-0.1249636108	0.1919418136	0.227084939	0.0063892487	-0.1315230644	0.0066864003	0.0116158488	-0.0594575896	-0.2973766199	0.0460346435	-0.0015645547	0.0086384153	0.0690245554	0.1339695674	0.0358236211	0.1845306274	-0.0269215441	0.1703169965	0.01680486	0.1033493135	0.1385265589	0.1349485208	0.0225121856	-0.1025010311	0.1385609901	0.1381026554	-0.015809358	0.105612667	-0.0446971468	-0.1273444172	0.0267560996473861	0.0023696573312009	0.0007158888683408	5.615275867314176e-06	-0.0167671379433613	0.0279047604734331	0.0007786756570796	0.0002811369148117	-0.1868963597129322	-0.0639781091553004	0.0349302492739457	0.0040931984510875	-0.003666957151866	-0.0002399627500844	5.7582121428116195e-08	1.3446574753621208e-05	-9.099472420270872e-05	-6.501611201081837e-05	8.280039832727025e-09	4.227094821003281e-09	0.0010878370966956	-6.662085945760001e-05	1.1833895489471122e-06	4.438338914869293e-09
1134.6536517778222	-2.2519762015358538	1287438.9094927474	5.071396812283853	1600.207802102732	4.768805002611771	22.74150115293505	2560665.009910457	1099.4667057142344	-1.88677463356521	3.5599185178651327	1208827.0369741109	1184.3335515042108	1257.0173818677329	1.063526	19.336262	0.1243231039738897	0.066463307774808	0.0051660587	-0.1700303953	-0.0893674901	0.1153052318	0.0096473184	-0.0850056196	0.1700868334	-0.1638930239	-0.0537887908	-0.0846084659	-0.1183175654	0.0032242349	-0.0021189281	-0.1384604142	0.1266687663	-0.0455686425	0.0951283846	-0.2420115192	-0.1691643447	0.1416722983	0.1165743822	0.0280533993	0.0267001707	-0.1089168263	0.0459980442	-0.0803705898	-0.1329404687	0.1402926764	-0.2940262088	-0.0998214722	0.0864034178	-0.1184615232	0.0887182721	0.098948569	-0.0024109032	-0.0379030374	0.1446728334	-0.0299492665	-0.1628254464	0.0959350462	0.0576513121	-0.1163841324	-0.1919578498	0.1162444602	0.0048137017	0.1307644218	-0.2314900812	-0.0019681294	0.0389066685	-0.0295747711	-0.1471519365	-0.0531683313	0.0390488923	0.0443116887	0.0548056082	0.1816049883	-0.024612475	0.0067376942	-0.0797136605	-0.0381328192	0.2591340557	-0.0889390055	-0.1148319043	0.0608342503	0.016573398	-0.0290895962	-0.0422555218	0.1844766707	-0.2335922089	-0.0644330805	-0.0100166022	0.0889493215	-0.03049204	0.0266138006	-0.0884264324	0.0511835554	0.0241590517	0.1495422804	0.0641267734	-0.0566039814	0.1326743629	-0.0470185516	-0.1079055664	0.1322371408	-0.0675253039	-0.0011223317	-0.0500887521	-0.1206811645	0.0283841504602833	0.0016280508128971	0.000805659997352	2.650549449375233e-06	-0.0404060127237642	-0.0236388747804029	0.0005587964008835	0.0016326458642329	-0.1324011833320071	0.0544951763809251	0.0175300733477157	0.0029697242487881	-0.0042288121636733	-0.0005618550118072	3.156810542929811e-07	1.7882852315631256e-05	-0.0003549407104719	-0.0002639459862691	1.2598290795029717e-07	6.966748366761611e-08	0.0011532561386124	6.541904191680005e-05	1.3299997212471834e-06	4.279651045312041e-09
1135.665771552489	1.0121197746668713	1289736.7446759103	1.0243864382717185	1594.6770030886628	-5.530799014069316	30.589737734030123	2542994.744179839	1100.2627175987311	0.7960118844966928	0.6336349202599763	1210578.047737745	1184.440294492898	1250.758689739086	1.158476	21.062571	0.0933055221320022	0.0584945448841969	0.0379644875	-0.1471084574	-0.0513364416	0.0122499151	0.1220100922	0.0248893672	0.0809629742	-0.0116456772	-0.1192398637	0.0493500115	0.2000855095	0.0719274456	-0.0363222509	-0.1182135317	0.1682539831	-0.0968527656	0.0939864572	-0.0544653294	-0.0569202193	-0.0004280413	0.130063183	-0.0381630498	0.0503917021	0.0425568253	-0.0285847783	0.1373962738	-0.2063983359	-0.025155674	0.0222806383	0.0307237273	0.2903814287	0.0113617172	0.0702956586	0.0352957613	-0.1365388655	0.0355840844	-0.0852369809	0.1330207311	-0.0772593591	0.095860521	0.1123420984	-0.1018482466	-0.1940003452	-0.0731368915	0.0929082285	0.0790779812	0.1292845291	-0.0225151688	-0.0320993397	0.0288821606	-0.1081469493	-0.1257266647	0.1266111035	0.1732534426	-0.0495579341	-0.041418661	0.0549708947	-0.0785200761	0.2153702208	0.2406144361	-0.0685944985	-0.1049922485	-0.1369454274	-0.0360606175	-0.0574261327	-0.1597046694	-0.0606629039	0.0860051052	-0.1049275258	0.0061443709	-0.0465294144	-0.0760874405	0.0746607122	-0.0334355759	0.0145067755	-0.0435827585	0.0937595903	-0.0291615548	0.0984876523	-0.0872505309	-0.1024601807	0.1237216711	0.0301823183	0.045295105	-0.0935708145	0.0371101312	-0.0554119421	-0.1133587932	0.0286079948637905	0.0002238444035071	0.0008184173701266	5.0106316981492936e-08	-0.0427534496449055	-0.0023474369211413	5.510460098737362e-06	0.0018278574565394	-0.1806968046561508	-0.0482956213241436	0.0326513352129431	0.002332467039085	-0.0036449572195151	0.0005838549441581	3.408865958179748e-07	1.3285713132095248e-05	-9.110448828519856e-05	0.0002638362221867	8.300027785707881e-09	6.960955213775048e-08	0.0011543373619317	1.0812233192999e-06	1.3324947451514364e-06	1.1690438661978934e-12
1135.080193700309	-0.5855778521799948	1288407.0461307312	0.3429014209637358	1597.1658015406408	2.4887984519780275	6.194117734568226	2550938.597610957	1100.746477431551	0.4837598328199419	0.2340235758499781	1211642.807577968	1185.6865624930772	1253.8787141882856	1.151636	20.938215	0.0555597465428323	0.0303555559728262	0.0876581267	-0.1661677582	-0.0376347855	0.104340014	-0.0116850287	0.0362707377	0.237324029	-0.0619997169	-0.0482864279	0.0441448716	-0.0930142932	-0.0205361157	-0.2758515697	-0.1537537331	0.177290535	-0.1926198073	0.0356945775	-0.1508553226	0.0171395461	-0.0573531087	-0.0273930618	0.0231098656	-0.085724594	0.0048430988	-0.0383523834	0.2487217632	-0.0462696293	-0.2124889285	-0.0512356518	-0.2168026266	-0.0412506816	0.068180581	-0.0087719035	-0.1279544553	-0.1458701497	0.0451061557	0.0026844388	-0.0018977301	-0.1296759467	0.175811016	0.054860864	-0.0986287643	-0.1745602861	0.057671415	-0.1248036771	0.0871282233	0.1838747143	-0.1259369056	-0.0636321712	0.1526460979	0.0228760099	0.0384701799	0.0851820031	0.0265141321	-0.0208086331	0.0288233256	0.0583583918	0.0747082112	0.1650136273	0.0254397168	0.0010054789	0.0843405295	-0.1502177146	-0.0380617437	-0.0410847937	-0.1492265527	-0.1908146951	-0.0180071736	-0.1925388733	0.0571763293	0.0267497801	0.0281170823	-0.0116164087	0.070757742	0.0254526395	0.0224216437	-0.0757986776	0.0535351195	0.1225204068	0.0065501724	-0.0574335709	0.0898171022	0.0125897187	0.1068896163	-0.1330488121	0.0142910286	-0.0606594461	-0.1054172954	0.0353130634659777	0.0067050686021872	0.0012470124513521	4.495794496003662e-05	-0.0215343579742608	0.0212190916706447	0.0004502498513272	0.0004637285733636	-0.2004774279401715	-0.0197806232840207	0.0401911991135066	0.0003912730575043	-0.0034879563097588	0.0001570009097562	2.46492856643058e-08	1.2165839218786226e-05	-9.101392006960474e-05	9.05682155938201e-08	8.2835336464364e-09	8.202601675848679e-15	0.0011543451436794	7.781747699995775e-09	1.3325127107362145e-06	6.055559726638954e-17
1134.5696236724507	-0.5105700278584209	1287248.2309602464	0.2606817533473486	1594.4036821941995	-2.7621193464412954	7.629303283985289	2542123.101794422	1100.6779713481938	-0.0685060833573061	0.0046930834569581	1211491.9966111751	1186.01237802199	1251.900372073654	1.044888	18.997391	0.0462036613784547	0.0260716747542204	-0.0113926651	-0.1610721388	-0.0265067952	0.1171098043	0.1097864536	-0.056784178	0.1921063756	-0.0968337089	-0.1111826651	0.0809032178	-0.1888045102	0.026133431	-0.0276003025	-0.1313191972	0.2124999858	-0.1204488479	-0.0393554426	-0.1738901141	-0.0138836164	-0.0471528338	0.0174359281	0.0470902685	0.1461559175	-0.1088109067	-0.1004664031	-0.0505567615	0.1222439129	-0.0283423432	-0.054091999	-0.0591846362	-0.2697831689	0.0378002815	-0.0760060781	-0.0637498814	-0.045637791	0.0491177758	-0.0733451425	0.036419846	-0.1563853436	0.0782694167	0.0527699053	-0.1054393889	-0.1677448824	0.012975044	-0.1407826233	0.1107260467	-0.0314640184	-0.0670458536	-0.0737853134	-0.0039313899	-0.0327534681	-0.0078296536	-0.0143253997	-0.1488334138	0.1352266815	-0.0477676997	0.0531802475	-0.0007694729	0.0214894051	-0.1636170474	0.0869520875	0.0258554233	-0.1359231413	-0.0393617001	0.0340722594	-0.0726273219	-0.1889803337	-0.0309569427	-0.2150877849	-0.0461790164	0.0791073478	0.081291893	-0.0522827985	-0.0623174467	-0.0217925385	0.0520572335	-0.0564648061	0.1214220475	0.0873930914	-0.0558853719	-0.0608457787	-0.0614023024	-0.0374848264	0.0168832602	0.0393607001	-0.0478384661	-0.0658240966	-0.096900045	0.0330877646700713	-0.0022252987959063	0.001094800170862	4.95195473106246e-06	-0.0307729767331466	-0.0092386187588857	8.535207657203657e-05	0.0009469760970187	-0.1789563196295489	0.0215211083106226	0.0320253643353532	0.0004631581029175	-0.0035559433498018	-6.798704004299999e-05	4.622237613808484e-09	1.2644733106999648e-05	-9.190067473330288e-05	-8.867546636981416e-07	8.445734016436335e-09	7.863338335904043e-13	0.0013498440592335	0.0001954989155541	1.8220789842479728e-06	3.8219825982829165e-08
1134.8756185595698	0.3059948871191409	1287942.6696009662	0.0936328709430558	1589.61185772918	-4.791824465019545	22.961581703559848	2526865.858233215	1101.9934346330276	1.315463284833868	1.7304436537459098	1214389.529974297	1186.2774682144136	1245.6613402742887	1.262852	22.960249	0.0610013711510489	0.0357252499958612	-0.1037961084	-0.0781214411	0.121682082	-0.0866662537	0.2417885311	-0.1610533247	0.0713068208	0.0821587979	-0.0729772969	0.1285102548	-0.0895296552	0.2014307139	-0.0486956291	-0.0879415354	0.2056446494	-0.0352203772	-0.027962727	-0.0682182195	0.02588238	-0.0324466495	-0.0430379318	-0.0826463319	-0.1485678554	-0.0561432733	0.1207659901	-0.1776204835	6.5368e-05	-0.121880108	-0.0024684356	-0.1402339419	0.015959204	0.0307870374	-0.0996877449	0.0066844735	-0.1417890114	0.0315247666	-0.0377989823	0.120607609	-0.1307093814	-0.028830037	0.114044591	-0.0996725469	-0.0959102897	-0.1837964642	0.0622648942	0.1211933071	-0.1388260415	-0.1793666396	-0.0076313219	0.0773890371	0.0171715162	-0.0639254049	0.1511588344	-0.1035357247	-0.0043757337	-0.2396668077	-0.231688958	-0.0956554593	0.0303184509	-0.0462168759	-0.101536002	-0.0686728751	-0.104662679	-0.1473529374	0.0121697049	-0.1137219955	0.0349206	0.0452353443	-0.1496224318	-0.083692943	0.0653372438	0.0137844225	0.0215723688	-0.2540711503	-0.0184289178	-0.0615742729	0.123387185	0.0047051325	0.0946639371	-0.0824196699	-0.143162724	-0.0524384805	-0.1166156075	-0.0004323596	0.1347273073	-0.1288769369	-0.0708988393	-0.0878535601	0.040971021714995	0.0078832570449236	0.0016786246203705	6.214574163633906e-05	-0.0405872595752612	-0.0098142828421146	9.632014770502504e-05	0.0016473256398296	-0.1780312528104843	0.0009250668190645	0.0316951269772705	8.557486197342902e-07	-0.0042079600342017	-0.0006520166843998	4.2512575673583833e-07	1.770692764943877e-05	-9.19298525601242e-05	-2.9177826821324974e-08	8.451097791726174e-09	8.513455780152308e-16	0.0011543146325613	-0.0001955294266722	1.332442270945129e-06	3.823175669475924e-08
1137.494518782965	2.618900223395258	1293893.780261289	6.858638380099731	1589.6153613245765	0.0035035953965234	1.2275180702540318e-05	2526876.996959064	1102.0736111982153	0.0801765651876849	0.006428281605295	1214566.244499475	1186.2819204348473	1245.5451264926585	1.056382	19.206366	0.0369439574816215	0.0208865353025157	-0.0903616826	-0.087352099	-0.005526623	-0.1310330278	0.2174268557	-0.160443901	0.0018618937	0.1670575497	-0.1028719224	0.1500810476	-0.0071284917	0.237004818	-0.0910090471	-0.0581212932	0.0763295523	0.0260590132	0.050444661	-0.1124052836	0.0345617782	0.1606831473	-0.0903214938	0.2175841357	0.0960891414	0.1048740971	0.1819105672	0.0599452808	-0.070300963	0.0285781292	0.1278921999	-0.0496030002	0.0069261326	0.0083956124	0.0380218341	0.0101636724	-0.074129075	-0.0649056375	-0.0080121541	0.0745192769	-0.143930997	-0.0700459674	0.1547027476	0.0983445653	-0.1243000366	-0.0767556467	0.0305900009	-0.0942506984	-0.0341503363	-0.0604399215	-0.1209787631	-0.098364169	-0.1481393567	0.0665727552	-0.0299476534	-0.0053646242	-0.1875059439	-0.0230108331	-0.0590629925	0.0019883594	-0.0137107429	-0.0895960973	0.0057937663	0.0096219722	-0.1078123668	-0.0508493939	-0.0150296873	-0.0395033199	-0.1230165439	0.0492469962	0.1019950043	-0.1537639843	-0.0121620258	-0.0684219355	-0.0622232975	-0.1466904352	-0.0273383063	0.0226833658	0.0442581418	-0.0018613776	-0.114066321	0.0577341908	-0.0248793118	-0.0579996754	-0.0227317039	0.0296278095	-0.0840470583	0.118190904	-0.0758767427	-0.0783272495	0.0383785447811249	-0.00259247693387	0.0014729126995168	6.7209366526484925e-06	-0.0530683300283527	-0.0124810704530914	0.000155777119655	0.0028162476519981	-0.1827408609874226	-0.0047096081769383	0.0333942222744245	2.2180409180284112e-05	-0.004550962225787	-0.0003430021915852	1.1765050343231881e-07	2.071125718054016e-05	-9.212763876975671e-05	-1.9778620963251117e-07	8.48750182529078e-09	3.911938472079565e-14	0.0011542985720018	-1.60605594999412e-08	1.332405193325395e-06	2.5794157145115156e-16
1139.1524103557565	1.6578915727914136	1297668.2140193298	2.7486044671327874	1597.1769678515057	7.561606526929154	57.177893268097584	2550974.266635329	1103.4008826019567	1.3272714037414062	1.7616493791896828	1217493.507726777	1188.207655071987	1244.7126399115473	1.028218	18.694309	0.0742980041664155	0.0436575414447809	-0.0413815962	-0.1062519972	-0.1084409179	-0.1884670686	0.1171809626	-0.1457037666	0.0038692467	0.1411945703	-0.1138418479	-0.024079711	0.0456509561	0.0774744407	-0.0231339507	-0.045678229	-0.0675137118	0.1524231441	0.1955719244	-0.0764653395	-0.0093862948	0.0693516238	-0.1640900509	0.2416393525	-0.0532590176	-0.0061956822	0.0624672986	0.0071080418	-0.1748015411	0.0444475015	0.1241220758	0.0132064972	0.0246863903	-0.0194714886	0.106635057	0.1438307259	0.1213618327	-0.0105680887	0.0011034272	0.0319085163	-0.0543706114	-0.0255238547	0.1441956289	0.190468666	-0.1416883055	-0.0056852804	0.126349086	-0.2192141208	-0.0767405163	0.0239105915	-0.0952644675	-0.0902911674	-0.1326575981	0.0057400309	-0.0542983214	0.0531121091	-0.1102434132	-0.0223993986	-0.0416648152	0.0525031153	-0.0586096457	0.0842178651	0.0549681276	0.0436332079	-0.0891048942	0.0714779601	-0.0362448388	0.0048561247	-0.0901554736	0.1057986157	0.1177312246	-0.2275535594	-0.1112957879	-0.0885624053	-0.0986144623	-0.1565974084	-0.0611743987	-0.085174042	-0.0483108432	-0.0765628825	-0.1324056725	-0.0182320642	0.0556601973	0.0394516163	-0.0886434959	0.0791654672	-0.0829464156	0.1633377825	-0.0807510076	-0.0683731426	0.0467791785196567	0.0084006337385317	0.0021882915429739	7.057064720895869e-05	-0.0686112633405144	-0.0155429333121617	0.0002415827759463	0.0047075054571814	-0.1444694057725826	0.0382714552148399	0.0208714092042831	0.0014647042842615	-0.004791967721664	-0.0002410054958769	5.808364904291863e-08	2.2962954645469664e-05	-9.276651968059824e-05	-6.388809108415217e-07	8.605627173650821e-09	4.081688182376924e-13	0.001154283310772	-1.526122980007212e-08	1.3323699615267695e-06	2.329051350106093e-16
1140.603509457781	1.4510991020245	1300976.3657874062	2.1056886038963105	1605.0654261389443	7.888458287438652	62.22777415265956	2576235.022186591	1105.29854624337	1.8976636414133736	3.601127295942265	1221684.8763277072	1188.5325164794922	1262.0500925650726	1.190491	21.644648	0.0698841120149468	0.04763937214798	0.0703065321	-0.0673992415	-0.1224766515	-0.1735747529	-0.1232672489	0.0196550316	-0.0263542965	0.1239006446	-0.0664717563	-0.2349763106	0.2028617373	-0.0715933777	0.0668701947	-0.0815087416	-0.1233449411	0.0957308653	0.0765378634	-0.0512786444	-0.0943938634	-0.0266212595	-0.0984486874	-0.1187592827	-0.1644304899	-0.0625957334	0.1590431663	-0.0080101016	-0.01382781	0.0276740842	-0.0784160554	-0.1002596236	-0.0326770574	0.0527024331	0.131270783	-0.0100601689	0.0003211939	0.1336024299	-0.0900441771	0.0475391229	0.0470579984	0.0423518852	0.1584742469	0.1928710783	-0.083555651	0.0103025185	0.1243409471	-0.0320119278	-0.0951282255	0.0609286332	0.0770054923	-0.0495991987	0.0943133162	-0.07821836	0.0258349331	0.0191723825	0.0776183763	-0.0458820341	-0.1245218842	0.0990103527	0.2372764445	0.0990894083	0.0697768933	-0.0180826796	-0.0535953823	0.204200865	-0.0852284246	0.1652762483	-0.0233020591	0.1926575828	0.0277097274	-0.0502420746	-0.0846394176	-0.1410945903	-0.0461258407	-0.0563678242	0.067473751	-0.0079565563	0.1224871238	0.0815479977	0.1492021562	-0.3282597233	-0.0810220622	0.0839493961	-0.138917287	0.0345747764	0.0963746765	0.142539651	-0.0855149763	-0.0580456054	0.0472004609885061	0.0004212824688494	0.0022278835175274	1.7747891855985055e-07	-0.0916204081788123	-0.0230091448382979	0.0005294207461897	0.0083942991948521	-0.1476705498815533	-0.0032011441089706	0.0218065913023203	1.0247323606397706e-05	-0.005655978476809	-0.000864010755145	7.46514585006234e-07	3.199009253012666e-05	-9.376530304927576e-05	-9.987833686775225e-07	8.791932055922521e-09	9.975682175468197e-13	0.0011542420373091	-4.1273462899997504e-08	1.3322746806914618e-06	1.7034987397574704e-15
1141.8760761674273	1.2725667096462985	1303880.9733235205	1.6194260305000066	1592.781095921716	-12.284330217228216	150.90476888590624	2536951.619525583	1104.797030443664	-0.5015157997061124	0.2515180973548614	1220576.478477138	1186.8835811506824	1259.810629631202	1.24639	22.660961	0.0500157399081578	0.0299010985929585	0.0715731012	0.1408995801	-0.1431334716	-0.2603121975	0.008766639	0.0393814189	-0.1742573616	0.0428824092	-0.1228403763	0.0334815625	-0.0299906136	-0.0986457431	0.0323134441	-0.0808880107	-0.1446300314	0.2124976414	-0.0443312932	-0.0964342539	-0.1904884885	0.1030286484	-0.0677388076	0.0384093632	-0.0742968458	-0.0023957543	-0.2482057906	0.0047546826	-0.1492374438	0.0146406333	0.0404232016	0.2938877849	-0.0403162885	0.0193581109	0.1484373815	0.0006464579	-0.2260250467	-0.0574856955	-0.1193088486	-0.0098811154	0.1454862858	-0.055750625	0.2293780825	0.1561785687	-0.0462039877	0.1038662322	0.1006105837	0.0707622994	-0.0733280839	0.1231057706	-0.1368662454	0.221140418	-0.143240943	-0.0953169172	0.1516481715	0.0301165062	-0.0639731569	0.0894651608	0.124487991	0.1496966106	-0.2773233191	-0.1648550726	-0.1184433597	0.0102421639	-0.0331790865	0.073464677	-0.1126075428	0.2203397697	0.1016637893	0.1745445717	-0.0239377353	0.0088819907	0.1155928701	-0.0523240413	0.205381319	0.0378497784	0.0179159547	0.0471267405	0.1347353643	0.115843978	-0.02317389	0.1135481131	-0.0824562887	0.103239652	0.0311703398	0.0648722281	-0.2777396993	0.2096115023	-0.0901621419	-0.0474010431	0.053879331768087	0.0066788707795808	0.0029029823917755	4.460731489033953e-05	-0.0757593096030007	0.0158610985758115	0.0002515744480316	0.0057394729915233	-0.1456859792612874	0.0019845706202658	0.0212244045533202	3.938520546822521e-06	-0.0051469722176884	0.0005090062591206	2.590873718239476e-07	2.6491323009656245e-05	-9.297089161308668e-05	7.944114361890797e-07	8.643586687332311e-09	6.310895299479963e-13	0.0011542653654023	2.3328093199997613e-08	1.3323285337673051e-06	5.441999323477749e-16
1141.3502528058364	-0.5258233615909376	1302680.3995799469	0.2764902075947938	1604.4943212464798	11.713225324763698	137.19964750868564	2574402.0269122017	1104.0688594153169	-0.7281710283471057	0.5302330465240814	1218968.0463306387	1188.8670129469526	1273.515211870129	1.430927	26.016081	0.0729742909382245	0.0389841032547953	-0.0893247025	0.1562205698	0.0286981949	0.0979141527	-0.1936136459	0.0185825637	-0.1008175906	-0.1122199146	0.2307885185	0.0830218998	0.0959026916	-0.0543969299	0.0154233277	-0.0034649411	-0.1366369406	0.0931642326	-0.0353059892	-0.0367328106	-0.1342455018	0.0632565757	0.1509990352	0.1740419223	0.166922184	0.0321080221	-0.2275563316	0.0063583162	0.0344141154	-0.0438622239	-0.096898907	0.0727804355	0.0989956329	-0.0751981812	-0.1120946742	-0.0895511191	-0.1283655576	0.0159488852	0.0504053442	0.2185162461	0.0808438432	-0.0296989621	0.0377220909	-0.0403245431	0.0680708549	0.1943048516	-0.0045786348	0.0392810766	-0.0904173518	0.2256376238	-0.1251809026	-0.0184745734	-0.1429329151	-0.1164420774	0.0272854196	0.0896387943	0.0133753051	0.0438103297	0.0920821436	-0.1551415578	0.118515318	-0.0238660428	-0.0415374167	-0.0142038131	-0.0331536161	-0.0681848276	-0.0231895847	0.0912500993	0.132990098	0.1295856503	0.0054158647	-0.0845850038	0.2009916999	0.1237317817	0.1736707111	0.2240656763	-0.0709618913	0.1256690011	0.0946000534	-0.1865702853	0.005050865	-0.0761419021	-0.1284345265	0.162072663	0.1963567396	-0.0215162843	-0.1008726982	0.0867921551	-0.0946861568	-0.0364975928	0.0536160677348362	-0.0002632640332507	0.0028746827193465	6.93079512034768e-08	-0.0572298371069166	0.0185294724960841	0.0003433413509831	0.0032752542552842	-0.1723868764487264	-0.026700897187439	0.0297172351717484	0.0007129379106141	-0.0050848064200954	6.216579759299977e-05	3.864586390373816e-09	2.58552563298434e-05	-0.0004320596516815	-0.0003390887600684	1.866755426111391e-07	1.1498118720473397e-07	0.0010059067786347	-0.0001483585867675	1.0118484473032396e-06	2.201027026767947e-08
1140.1793876607414	-1.170865145094922	1300009.0360464233	1.3709251879981526	1612.4030017231787	7.908680476698919	62.54722688251864	2599843.439965917	1104.1669340641126	0.0980746487957731	0.0096186367364142	1219184.6182805423	1190.6350764543213	1271.7597862403366	1.264615	22.992304	0.0813275254459708	0.0448303088227539	-0.062339915	-0.0377941364	-0.1304944721	0.1115428155	-0.0776750431	-0.0215309483	0.0454529971	-0.2026031305	0.1469052259	0.023402909	0.160505104	0.1847703978	0.0772468276	0.0075908299	0.0340820677	0.123947759	0.1545550041	0.1758620686	0.1203422132	0.0424252786	0.1263961202	0.1742524414	0.2402025001	0.1939559456	0.0816897412	-0.0654267649	0.012032281	-0.0542427037	0.0870503415	-0.2240475484	-0.0680031878	0.0590697966	0.022348835	0.0129404125	-0.0050496284	-0.0542886423	-0.0985015158	0.1375637744	-0.0645514945	0.0357359722	-0.0645715388	-0.1441603778	0.0236346029	0.0830675573	0.0300989725	-0.2568115847	0.0261588207	0.1798434234	-0.0285765294	-0.0696527937	-0.1043486515	-0.0291379746	-0.0265437366	-0.1493646877	-0.2372709407	-0.1575083669	-0.0830651605	0.0051734144	-0.0738181327	-0.0235150771	-0.0030957998	-0.1076670467	-0.0782918921	-0.1025921233	-0.0569492243	-0.1107319337	-0.0248127991	0.1003054052	0.1519677352	-0.1560080034	0.0115227132	0.0117351223	-0.0798616901	0.1143695618	-0.0297777434	-0.0176079838	0.059836757	-0.1691294303	-0.1127505661	0.1343618033	0.1180884152	0.0510112383	0.0506321485	-0.1144861821	0.0089461219	-0.0125717955	-0.0990808418	-0.0253948054	0.0463608502077477	-0.0072552175270884	0.0021493284319852	5.263818136537216e-05	-0.07245050264018	-0.0152206655332634	0.0002316686592754	0.0052490753328147	-0.2107821953847803	-0.0383953189360538	0.0444291338912277	0.0014742005162012	-0.0049447038716975	0.0001401025483979	1.962872406758604e-08	2.4450096378780243e-05	-0.000554852521011	-0.0001227928693294	3.078613200722622e-07	1.5078088758171656e-08	0.0011521378298986	0.0001462310512638	1.3274215790834554e-06	2.138352035374533e-08
1140.5455790815938	0.366191420852374	1300844.2179625682	0.1340961567058805	1604.4382987088936	-7.964703014285078	63.43649410576181	2574222.254363889	1103.9122393966816	-0.2546946674310675	0.064869373617822	1218622.2322897965	1188.8813201385094	1277.304678728039	1.344153	24.438408	0.0716675462042451	0.0353127179772484	0.1210808475	-0.0762502312	-0.0699182855	0.0619876153	-0.1880176693	0.0982249461	0.0618112318	-0.0430778642	-0.029436362	-0.1613473678	0.1527672709	-0.0031363768	0.0190426831	-0.0062477203	-0.1316174254	0.0801498569	0.0411536053	-0.1062212386	0.0427590389	-0.0204790856	0.1051911584	-0.0944287082	0.1769938115	0.1636018132	0.0858801471	0.0019203595	-0.0082827673	-0.0811419824	0.082725308	0.0239037623	0.0650154487	-0.1045482613	-0.0137325663	-0.1269737847	-0.0410424428	0.0808892976	-0.0526373666	-0.2186631264	0.0366753948	0.1123282814	-0.0182946888	0.0536652954	-0.0330813684	0.1253633761	-0.1951477947	-0.1107046528	-0.0100201752	0.087714271	0.1721999223	0.0640268797	-0.0195147754	-0.0560262186	-0.1089283116	-0.0772220516	-0.1833461662	0.0746911943	-0.0513480605	-0.1185299641	0.1114022465	0.1203811582	-0.2266267187	-0.0274953691	-0.0572749041	0.1601316265	-0.136526468	0.0390097669	-0.0793648981	0.0278876471	0.0862537238	-0.0283657263	-0.0236443612	-0.0813359565	-0.0731906283	0.1315522755	0.0787353482	0.1200880075	0.0935165576	-0.0107892387	0.093508435	-0.1620367133	-0.024671938	0.0211930841	-0.1178327059	-0.1707643419	0.0677859231	-0.0245262045	-0.1033401944	-0.0141533203	0.0535989488588626	0.0072380986511148	0.0028728473187749	5.239007208327128e-05	-0.0859463219279348	-0.0134958192877547	0.0001821371382477	0.0073867702529402	-0.1860740160512648	0.0247081793335154	0.0346235394494463	0.0006104941259771	-0.0052318416424335	-0.000287137770736	8.24480993832397e-08	2.737216697150126e-05	-0.0003185188495837	0.0002363336714272	1.0145425754012372e-07	5.585360425030698e-08	0.0011531753663725	1.037536473899982e-06	1.3298134256083495e-06	1.0764819346728085e-12
1140.8718048294138	0.3262257478199899	1301588.475054724	0.1064232385407116	1600.4981771069904	-3.940121601903229	15.524558237784468	2561594.414922799	1103.8279721321317	-0.0842672645499078	0.0071009718747241	1218436.192061334	1189.19519873693	1267.1010519509923	1.328723	24.157867	0.0723405034058877	0.0369965405084144	0.1479660189	0.1174194701	-0.0556174403	-0.1425325471	0.0310361036	0.1120355777	-0.0549983515	-0.0087610549	-0.0852388333	0.0244564159	-0.0210983288	0.1410057117	0.1458945985	0.0109408608	-0.098030186	0.2052247404	0.0112829883	-0.0027374485	-0.0114804376	0.1165907533	-0.0020944502	-0.0534605888	0.0334023312	-0.0227928046	-0.0598969285	-0.0003897199	-0.201893032	-0.0928494627	-0.1515203254	0.1474124582	-0.0419701313	-0.0956803504	-0.1495438431	0.0880856518	0.1763261014	-0.0397580352	0.1293586323	-0.1611702971	0.1475838463	0.027670029	0.0689567251	-0.0167794421	0.0218508793	0.0110794441	0.0542032929	-0.0307122831	-0.2723675178	0.091208394	0.0932324276	0.0898683534	-0.0934535526	-0.0791502579	0.1112366871	0.1001197044	0.0006544499	-0.1624874289	0.1865238944	-0.0563448332	-0.0910835805	-0.0770326031	-0.0138952935	0.1619610254	-0.0108605062	0.0379297419	-0.1840921963	0.1182229788	0.1690408589	0.0772156566	-0.0284458779	-0.0533349657	0.0809024622	0.0281428887	-0.0306845227	0.1231956265	0.0940409388	-0.0656173104	0.0762101484	0.081787986	-0.0738135344	0.1524117809	0.0257740219	-0.0488860489	-0.0853553792	-0.1492533063	-0.1566425025	-0.0623151379	-0.1074583966	-0.0028345346	0.0485761251881484	-0.0050228236707142	0.0023596399382946	2.522875762708689e-05	-0.0716330862599221	0.0143132356680127	0.000204868715288	0.0051312990471214	-0.163356053993894	0.0227179620573708	0.026685200376456	0.0005161058000401	-0.0056557481090238	-0.0004239064665903	1.796966924170733e-07	3.1987486672726286e-05	-0.0004992621330677	-0.0001807432834839	2.4926267751530977e-07	3.2668134524577584e-08	0.001152095476251	-1.0798901215001294e-06	1.3273239863980182e-06	1.1661626745135644e-12
1140.745099672196	-0.1267051572178843	1301299.3824261285	0.0160541968656087	1598.7461695471477	-1.7520075598426956	3.0695304897459565	2555989.3146416773	1104.750169442553	0.9221973104213248	0.8504478793483253	1220472.9368833494	1190.2979722050052	1277.4611870616725	1.48524	27.003546	0.061563417240342	0.0343029092892352	0.0006989474	0.2115323817	0.053216719	0.1693669474	-0.0833716883	0.0944203295	-0.0531472743	-0.0501299529	0.143242623	0.135394177	-0.0148518372	-0.1634489037	0.0680249432	-0.0087093099	0.098201184	0.2365578958	0.0438613287	0.1518445067	0.1216148112	0.0394630866	0.0644992559	-0.1152182857	0.0307312771	-0.1518813826	-0.2185890991	-0.1400071322	-0.0198186098	-0.0032163667	0.0007551223	-0.1767826983	0.0710960487	0.191452314	-0.143903421	0.010826038	-0.179143856	-0.0052500743	0.0712838747	0.0468310595	0.0939173862	0.0334696538	0.0178831466	-0.2155393774	0.1355195569	-0.011547721	0.0077410345	-0.1552105799	-0.0960143223	0.0490662398	-0.0448193945	-0.0296208457	-0.0504910046	-0.1219057682	0.1350524324	-0.0455726384	0.1830698795	-0.0402892177	-0.0281785933	-0.0588203936	-0.0003985879	0.1196008283	0.2805057922	0.0273917797	-0.0173130587	-0.0677352548	-0.1161850386	0.0737932453	0.1748022907	-0.065483731	0.1171205482	-0.1739996446	0.1464090227	0.2236148217	-0.0256296615	0.2630388415	0.0230448371	0.010073211	-0.0738093735	0.0560224318	0.0868740919	0.0077227555	-0.010181244	0.0216312954	-0.002758793	-0.017732322	0.0201688185	-0.1455819299	-0.1114298236	0.0084997322	0.0462632389316155	-0.0023128862565328	0.0021402872764437	5.349442835658768e-06	-0.0672904721707965	0.0043426140891255	1.8858297127072083e-05	0.0045280076449687	-0.1501818780155304	0.0131741759783635	0.0225545964842716	0.0001735589127088	-0.0050451596482949	0.0006105884607288	3.728182683752874e-07	2.545363587678312e-05	-0.0005553343026041	-5.60721695364e-05	3.083961876487821e-07	3.1440881965187846e-09	0.0013201096643121	0.0001680141880611	1.7426895258102053e-06	2.8228767389830704e-08
1139.4787657043232	-1.266333967872697	1298411.857491048	1.603601718188209	1604.4309489050577	5.684779357909974	32.31671634811934	2574198.669804384	1102.7936641028168	-1.956505339736168	3.8279131444161374	1216153.8655853164	1190.4003145329668	1279.3074864312262	1.247051	22.672976	0.0688885769633023	0.0458829911575761	-0.0802438222	0.0722995918	0.0779421488	0.1670479043	-0.109135782	0.0179081634	0.0237770996	-0.1293452021	0.1461877472	0.1555390994	0.1043389706	-0.0266748989	0.0785227148	-0.0071469175	0.1452386766	0.1079048928	0.1390096952	0.0408480553	-0.0126305673	0.1360433922	-0.0794352302	-0.0498435535	0.1052289843	-0.0199460298	-0.099172436	-0.2164542192	0.0324832508	0.1113364751	0.0847908791	-0.0228947703	0.0502945721	-0.0985563064	-0.0975079925	-0.0212566703	0.1798095407	0.1078608886	0.0824478972	-0.1085727164	-0.0237739973	0.0230235782	-0.0352489764	-0.2103071555	0.0662048798	-0.0757255937	-0.0560747036	-0.2283797876	-0.1268343773	0.0850704789	-0.1170186825	-0.0730776193	0.0252607138	-0.0908590366	-0.1858478478	-0.0453985621	0.0984223657	0.022884427	-0.1167715885	0.1137737636	-0.0884174333	0.0244484461	-0.126144664	-0.0861751451	-0.0314134453	-0.1037245659	-0.0904863466	-0.0539922316	0.0813690053	-0.0649053783	0.106209089	-0.2380642752	0.1000722757	0.2050742532	-0.1178784282	0.1401524527	0.0988257973	0.0230274491	0.0172063375	-0.0589863665	-0.0305802153	-0.0348960069	0.0289195256	-0.0168844966	-0.1179859935	-0.053594434	0.0536565256	-0.0947435281	-0.1152490509	0.0197875765	0.0453835473331736	-0.0008796915984418	0.0020596663685424	7.738573083692565e-07	-0.0729156729132682	-0.0056252007424716	3.164288339310408e-05	0.0053166953563947	-0.1943950651871091	-0.0442131871715787	0.0377894413691004	0.001954805919869	-0.0052402058789349	-0.00019504623064	3.804303208687211e-08	2.745975765362389e-05	-0.0005550234673752	3.108352288999335e-07	3.0805104933718974e-07	9.661853952527405e-14	0.0011520567811648	-0.0001680528831473	1.3272348270277998e-06	2.8241771534120066e-08
1138.8809237197513	-0.5978419845719145	1297049.758412754	0.3574150385168853	1601.8628655012265	-2.568083403831224	6.5950523690333664	2565964.6398718003	1103.446175391521	0.6525112887040905	0.4257709818862729	1217593.461986175	1189.669614362807	1266.0010449137665	1.165862	21.196852	0.0235237534934176	0.0134932827135541	-0.0410962008	-0.0469289176	-0.0780348051	0.0692005921	0.1005265402	-0.0298127017	0.0640861439	-0.086989055	-0.0580039423	0.0923906696	0.0306325804	0.0700380732	0.1640984046	0.0100880818	0.0952618086	0.0492917162	0.1075217288	-0.0526081725	0.2105657399	0.036325842	0.0153732017	0.0227246057	0.0413327765	-0.0498129289	-0.0488510048	-0.0715525363	0.076837857	0.0172783845	0.0860030469	0.1238631614	0.0513528994	-0.1026239998	-0.0999986279	0.1980345584	0.079181369	0.1027497917	-0.146832402	0.203695941	-0.0440821724	0.0361088069	-0.0296318881	-0.0750176056	-0.0288246923	-0.0804106286	-0.0752095456	-0.2668949913	-0.0777923837	-0.0577781517	0.0022249446	-0.0785213699	-0.0643446953	-0.0252778256	0.0187187141	0.0369816589	0.0742666223	-0.0946960873	0.102672829	0.0448234348	-0.1201752197	-0.0260578341	-0.2477771738	0.0166236226	-0.0422011954	-0.0410340308	-0.0995468191	-0.1551935735	-0.0173911883	-0.0298676559	0.1111017824	-0.2645110853	-0.0406584681	0.0923835495	-0.1620205306	0.0423831689	0.0644311979	-0.0442832346	-0.009031566	-0.0189032069	-0.0474705886	0.1394414445	0.2726171963	-0.1055973432	-0.0017644823	-0.0047022596	0.0786006869	-0.0579004905	-0.1189108618	0.0309673479	0.0502375936731454	0.0048540463399717	0.002523815818068	2.356176587059357e-05	-0.0757364715496464	-0.0028207986363781	7.95690494699311e-06	0.0057360131227903	-0.1922278335587464	0.0021672316283627	0.0369515399946891	4.696892930975704e-06	-0.0052988290488372	-5.862316990229953e-05	3.436676049393877e-09	2.8077589288800945e-05	-0.0003410577274243	0.0002139657399509	1.1632037343582813e-07	4.578133787273617e-08	0.0011531014090857	1.044627920899913e-06	1.3296428596354266e-06	1.0912474931236748e-12
1139.2087022043647	0.3277784846134182	1297796.4671781529	0.1074387349754688	1601.638787274028	-0.2240782271985608	0.0502110519044498	2565246.8049006187	1103.3579763429975	-0.0881990485233927	0.0077790721604317	1217398.8239597147	1188.8734756787017	1256.199552004656	1.297419	23.588718	0.0522398424982108	0.0341679556540291	0.0845471486	-0.07127216	-0.0702877027	-0.0128329959	-0.0583092174	0.0234389039	0.0155643884	0.0995557475	-0.0582793576	0.0055517599	0.2472630622	-0.0040889789	0.0919854722	0.0198006127	-0.0320158971	0.0372400941	0.2146671246	-0.08624967	0.22025415	0.0738498246	-0.0344601124	-0.0896565947	0.008271963	-0.0385256854	0.0224585928	-0.1308586541	0.0234475081	-0.0541891651	0.0401633641	-0.0772508464	-0.0434762723	-0.0395638993	0.0410502498	-0.0363695183	0.0922343804	-0.0255953851	0.0563544391	0.0050546421	0.0325341764	0.0921770333	-0.0059971043	0.0770628706	-0.0294840948	-0.1443642865	-0.039737436	-0.2522074807	-0.0624482407	0.0068622954	0.0594393574	-0.0131474906	-0.0278461704	-0.0446582618	-0.0036309057	-0.1400946834	0.1135999787	0.0708362381	-0.043167639	-0.0838097009	0.1541921974	0.1063730846	0.0195505279	-0.0705388788	-0.020429149	0.113741522	-0.1530301252	-0.08529977	0.0188900151	-0.0392435286	0.1093228871	-0.1481318995	-0.1062108432	-0.0549463449	-0.0547190746	0.004108205	0.0712176481	-0.0393419977	0.0022795091	-0.0768027113	-0.0294924887	-0.1207098166	-0.0260041701	-0.0911812052	-0.0661629651	-0.1615227077	-0.0308536108	-0.0772888174	-0.1224102548	0.0419779864	0.0535965052337132	0.0033589115605677	0.0028725853732674	1.1282286871716011e-05	-0.0774026544620909	-0.0016661829124444	2.776165497722027e-06	0.0059911709177778	-0.1624625277176079	0.0297653058411384	0.0263940729123945	0.0008859734318165	-0.0055888646095999	-0.0002900355607627	8.412062650693402e-08	3.123540762443824e-05	-0.0002822258186043	5.8831908820000016e-05	7.965141268686725e-08	3.4611934954047962e-09	0.0011532227831842	1.213740985000697e-07	1.3299227876551124e-06	1.473167178670462e-14
1141.260348436093	2.051646231728228	1302475.1829124724	4.209252260164636	1599.1277174838754	-2.5110697901525327	6.305471491016685	2557209.4568251893	1106.254995363568	2.8970190205704967	8.39271920554724	1223800.1147668478	1190.5936629325995	1249.938586887722	1.170725	21.285271	0.0971740524957483	0.0420877339270125	0.1219402096	0.0467855429	-0.1786676857	-0.1267958029	-0.0446311045	0.1158107664	-0.0641308617	0.0824709476	-0.1772664268	-0.0755061967	0.2568484685	0.0123123023	0.1317380724	-0.0189452016	-0.1936466363	0.2429852226	0.0225640988	-0.2054972671	0.1197981839	-0.0713801131	-0.2032315921	-0.1074320256	-0.0393669828	-0.0928424269	0.066181589	0.0172680046	0.0010828126	-0.1610910683	-0.0127974413	-0.0530862645	0.0767833593	0.0935104796	0.0182542943	-0.1292683705	0.170119056	-0.0584257365	-0.0388591374	0.1100131669	0.1777444648	0.0564674096	0.1275963845	0.2076969481	-0.0356208667	-0.1018386123	-0.0861704113	-0.170330611	-0.0540067049	0.0021230446	0.117660447	-0.0884759546	0.1860123914	-0.0964698884	-0.0238510533	0.1875029054	0.1265757984	-0.1789402754	-0.1562923099	0.0480783319	0.0275191083	0.0816936506	0.133623473	-0.0944941364	0.0130440873	0.1750308405	-0.1458761577	0.1374400932	0.0214601774	-0.0086466811	0.1224999765	-0.0510573587	-0.0420071434	-0.154184827	-0.0804538776	-0.0765956806	0.1675167435	-0.0808770953	-0.1123405853	0.1824909511	0.2556381076	0.0025425819	0.0300381778	-0.1075573842	0.0123039213	-0.0622879565	0.1158046169	-0.0621799364	-0.1257424501	0.0527593557	0.0482623572482907	-0.0053341479854224	0.0023292551271616	2.845313473038689e-05	-0.0921695504245718	-0.0147668959624809	0.0002180612163667	0.0084952260254676	-0.1748143187086128	-0.0123517909910048	0.0305600460255564	0.0001525667406854	-0.0060911276438561	-0.0005022630342562	2.522681555802453e-07	3.710183597374797e-05	0.0001162906198262	0.0003985164384305	1.3523508259561781e-08	1.588153516993305e-07	0.0015468676616343	0.0003936448784501	2.392799562609967e-06	1.5495629032999405e-07
1143.2945750982474	2.034226662154424	1307122.485449082	4.13807811301993	1595.6012537401775	-3.526463743697832	12.435946535615328	2545943.3609372266	1107.1491637623635	0.8941683987955003	0.7995371254045088	1225779.2708197008	1191.6965733259522	1270.6446951775542	1.241693	22.575552	0.0681508508907383	0.0419658870387304	0.1573882096	0.1546791664	-0.1035752535	-0.2092485702	-0.0858747823	0.1572499195	-0.1212033926	0.1326649626	-0.1224558763	-0.0073533265	-0.1879684917	-0.0740201583	0.2126154271	-0.0293856295	-0.3420593023	0.028221343	0.0729648922	-0.0357356893	-0.1876788766	-0.0309807965	0.0304618034	-0.0199318982	-0.1460673135	0.0124089567	-0.1585143403	0.0309612826	0.1246830068	-0.0397741199	-0.0766076265	-0.1921838383	0.0670950398	0.0259501013	0.2645988171	-0.0577494154	-0.0479257841	0.0064284335	0.0493964694	-0.0061707934	0.2299727677	0.0777088886	0.0497511208	0.2315933935	0.0467647318	0.2060257955	0.0665211174	0.0233926819	-0.129360287	0.0041473412	-0.0050631144	0.213887996	0.1148276513	0.1174005628	-0.0393770509	0.1143808139	0.1399194943	0.1586360811	-0.0400054737	-0.0184247682	0.1408398857	-0.0811383244	-0.0173427913	-0.1069552726	0.0408185391	0.2117229865	-0.1172093892	0.2000419429	0.1528250463	0.0748832289	-0.0305574215	-0.0191445939	0.0043575799	-0.1185254942	0.0931925662	-0.0277478372	0.0651124904	-0.0665352411	-0.1341790948	0.0821055643	0.1050651492	0.1430439662	-0.10113838	-0.1871234407	0.1079959166	0.2528705912	0.0995659808	-0.0227001758	-0.1289028963	0.0632525717	0.0462183330976131	-0.0020440241506776	0.0021361343143219	4.178034728553287e-06	-0.0925243370184887	-0.0003547865939168	1.258735272231536e-07	0.0085607529407108	-0.135225224435814	0.0395890942727988	0.0182858613237162	0.0015672963853405	-0.005967960490087	0.0001231671537691	1.5170147767581197e-08	3.5616552411239465e-05	-0.000113108211196	-0.0002293988310222	1.279346743995894e-08	5.262382367435186e-08	0.0013761747289587	-0.0001706929326756	1.893856884624552e-06	2.913607726539692e-08
1140.9003007045806	-2.3942743936668194	1301653.4961478023	5.732549872168615	1607.3433202699173	11.74206652973976	137.8761263888347	2583552.5492163217	1105.2978854958071	-1.851278266556392	3.427231220224039	1221683.4156815023	1191.6665657202102	1275.5671535313802	1.338301	24.332014	0.0898612552262104	0.0436034542483203	0.2151676854	0.1160815484	0.133703504	-0.0676662408	-0.1711405668	0.2299238553	0.0034681908	0.1407407039	0.2512191049	-0.0191664662	-0.0518474079	0.1546889097	0.0825236212	0.0421209056	-0.0591090644	-0.0486034654	0.0477727635	0.0954312245	-0.1066503384	-0.2071923819	0.1676251017	-0.1085301543	-0.1010837821	-0.1198451957	-0.0904198458	-0.1118847775	-0.1492663534	-0.0641346479	0.155393747	-0.0984815325	0.0471525365	0.0074838124	-0.0469906516	-0.0197696627	-0.0949064009	0.0320215172	-0.1238445295	-0.1745963848	0.1774458944	0.1813358995	-0.1205307029	-0.0299584233	0.0964531247	0.1086466356	0.116685939	0.0819507209	0.0300230481	-0.0950339791	-0.3171933475	0.0525971899	0.0422392692	0.0159496238	0.0050224565	-0.0548970667	0.1879948892	0.0033451165	-0.1632052274	-0.3095896386	-0.0107723655	-0.0222862606	0.0346686875	0.0502022333	0.0143905007	0.0778277748	-0.133119075	-0.0832747463	0.2006666583	0.0049559841	-0.0466259356	0.088465736	-0.0156069791	-0.019960569	0.1800953646	0.0994921282	-0.1586598083	-0.1150263201	-0.2087771921	-0.0745481886	0.0081566352	0.1321600654	-0.2371460894	-0.0737664878	0.1090405581	0.0534231477	0.1758153151	-0.1073433107	-0.1318872767	0.0734003241	0.0516419945369079	0.0054236614392947	0.00266689559975	2.941610340809332e-05	-0.0656362737996971	0.0268880632187916	0.0007229679436577	0.0043081204383088	-0.1646090852821231	-0.029383860846309	0.0270961509574172	0.0008634112782352	-0.0056978800720278	0.0002700804180591	7.29434322190322e-08	3.246583731521153e-05	-0.0001895397000446	-7.64314888486e-05	3.5925297892996936e-08	5.841772487613666e-09	0.0015929762164872	0.0002168014875284	2.537573226293875e-06	4.7002884994570334e-08
1136.7727169346156	-4.1275837699649855	1292252.2099669075	17.036947778078364	1600.5304375227108	-6.812882747206459	46.41537132718342	2561697.68143664	1103.775728502186	-1.522156993621138	2.3169619132297417	1218320.8588305314	1189.6080862813276	1273.4200866738763	1.252959	22.78039	0.0692994143846082	0.0329730419145613	0.2289466469	-0.0193512683	0.2136616679	0.1600460247	-0.0312913349	0.239074247	0.2072189807	0.1076893158	0.2251213721	0.0715944775	-0.1297774227	-0.0145981651	-0.109638968	-0.0120631875	-0.0309206888	-0.0384175894	0.0279435283	0.2083899842	-0.1234527776	0.1260518335	0.0522464227	-0.1068914318	0.0096507747	0.021520701	0.0342909676	0.1217202597	-0.1637799237	0.1020455813	-0.0240528013	0.0409222637	-0.0239751869	-0.0569232773	0.0204928535	0.0111067458	0.2258449073	0.1530041821	-0.0015400273	0.0087103808	0.0605203791	0.2351339892	-0.1513023613	-0.0725604988	0.090750159	-0.0097172068	0.0915574829	0.025903797	0.0523642478	0.1277342758	-0.2506860492	0.0685747224	-0.0710966915	0.0659757241	-0.1440496967	0.0322696921	-0.1579139936	0.0309023388	-0.1137797107	-0.0280054346	-0.0168558296	-0.1185437332	0.0076992293	0.0851911268	0.0013218255	0.1064195068	-0.1057885571	-0.1696004973	0.0758194425	-0.1480343264	-0.0648965879	0.0196408894	-0.0869506628	-0.0313109761	0.1344272555	0.0455743183	-0.2878484521	-0.0531372973	-0.1698646337	-0.0214439878	-0.1053417887	-0.0297911517	0.0561730769	0.112193324	-0.0433870348	0.1037261147	0.1307280532	0.1048191058	-0.1346915149	0.0831471893	0.0538189769642372	0.0021769824273293	0.002896482281477	4.739252488900592e-06	-0.0733153080669382	-0.0076790342672411	5.896756727746314e-05	0.00537513439695	-0.1472926220127703	0.0173164632693527	0.0216951164993968	0.0002998599001588	-0.005227786307686	0.0004700937643418	2.209881472730441e-07	2.732974967882922e-05	-0.0003486075823631	-0.0001590678823185	1.2152724648104554e-07	2.5302591185292163e-08	0.0013795991747338	-0.0002133770417534	1.903293882926182e-06	4.552976194743224e-08
1135.718994359386	-1.0537225752295851	1289857.634148695	1.1103312655484692	1595.6085354649742	-4.921902057736588	24.225119865951665	2545966.59844868	1101.7801053388405	-1.995623163345499	3.982511810081097	1213919.4005204665	1188.281110997912	1256.8717153106911	1.352131	24.583464	0.1265982353008751	0.0600404915850836	0.1749479602	-0.1102716187	0.0984016146	0.1766330573	0.087648191	0.155985461	0.1861654416	-0.0094234147	-0.0332212862	0.1936805035	-0.0649707076	-0.1395675075	-0.0350305291	0.0317733842	-0.0158581804	-0.1582079676	0.0635900271	-0.0143374189	0.0144253477	-0.0313336731	0.0750966055	-0.1672608085	0.1405230899	0.0700809536	-0.0763266142	0.1489416954	-0.1061179364	-0.1231006007	0.1879570321	-0.0484617047	-0.1274361214	-0.196498114	0.0244904871	-0.186139843	0.0764025647	-0.0405767589	-0.2184154405	0.0023359684	0.0275723557	0.1643790501	-0.1291841664	0.0148840416	-0.0591890483	-0.0626831885	-0.1484607825	0.0447119592	0.1246592645	0.1397247665	-0.0673468511	0.1919901289	0.0118579779	0.0189010421	-0.043799885	-0.2016907238	-0.153313147	-0.0414426443	0.0619458865	0.0962718585	0.1145180786	-0.073880834	-0.0797252871	0.0826753383	0.0103641947	0.204425296	-0.0562245649	-0.0868432093	-0.080760058	-0.1860780807	-0.0662041488	0.0582430666	-0.0145859423	-0.0898181857	0.1063400336	0.0517174498	-0.1191479638	0.0952140945	-0.049944878	0.0456413145	-0.0744784833	-0.0863577939	0.1363726586	0.2578985922	-0.0605636267	-0.0177540551	0.0769940351	0.0118167326	-0.1373117808	0.0924399334	0.0468712149098848	-0.0069477620543524	0.0021969107871286	4.827139756389909e-05	-0.1059863349116909	-0.0326710268447527	0.0010673959950905	0.0112331031880131	-0.1933138525534303	-0.04602123054066	0.0373702455890493	0.0021179536604765	-0.0056979023842415	-0.0004701160765555	2.21009125435937e-07	3.246609158034497e-05	-0.0002257886991345	0.0001228188832285	5.0980536656849774e-08	1.5084478077520477e-08	0.0011533698172957	-0.000226229357438	1.3302619354487166e-06	5.1179722166855534e-08
1136.0969149241528	0.3779205647667822	1290716.2001001777	0.1428239532736436	1601.7274985025094	6.118963037535195	37.44170865472194	2565530.9794591065	1101.7484566504802	-0.031648688360292	0.0010016394749268	1213849.661731715	1186.8936721859448	1250.0467675311938	1.181403	21.479412	0.0733879883356038	0.03772346058103	0.1628878887	-0.099240654	0.0191819122	0.1595963685	0.1283227004	0.1337869297	0.109287664	-0.0493156181	-0.0613163881	0.0973493085	0.0941917289	-0.0699104973	0.0526593179	0.020722441	0.0918855806	-0.1320136242	0.0273778052	0.100256751	-0.0891866602	-0.0860462761	0.0680052715	-0.0843238843	0.064937642	-0.0540294368	0.2433588641	0.1938302101	0.0382550007	-0.0782757863	-0.1132293042	0.2079433629	-0.0827918099	0.071045739	-0.0492301006	0.0296913168	0.066498274	-0.0973595935	-0.1685056627	0.0041540008	0.0297402884	0.1230086713	-0.0951590039	-0.0640602585	-0.0768030673	-0.1597387719	0.0591909258	0.1572112819	0.1138487307	0.0651571988	0.113469581	0.020616067	0.0484129833	0.0768191061	0.0485261637	0.0532061081	-0.0761137117	-0.1299706004	0.0367953896	0.0067821645	0.138155085	-0.0154590894	-0.0916589133	-0.0440500678	0.0179595531	0.019852511	-0.0348242022	-0.2025059828	0.0970145246	-0.1185178889	-0.1995866942	0.0892507616	-0.032060961	-0.0760219847	0.0565869733	0.0798827709	-0.0097410612	-0.0896761682	-0.0253500313	-0.0115547338	-0.0341222415	-0.0143935534	0.0782638958	0.1628815698	-0.0220343285	-0.0091281082	-0.0745165635	0.0206879776	-0.1397444952	0.1012278027	0.0449991329760735	-0.0018720819338113	0.0020249219685983	3.5046907669026706e-06	-0.0862171503293751	0.0197691845823158	0.0003908206590496	0.007433397010918	-0.219456409031622	-0.0261425564781916	0.0481611154650545	0.0006834332592154	-0.0055983782487863	9.952413545520016e-05	9.905053538105028e-09	3.134183901648356e-05	-0.0001998124324178	2.597626671670001e-05	3.992500814871789e-08	6.747664325371364e-10	0.0015399527219495	0.0003865829046537	2.371454385839674e-06	1.4944634217056898e-07
1136.0461003328928	-0.0508145912599502	1290600.7420815732	0.0025821226849158	1593.3599269068518	-8.367571595657637	70.01625440845649	2538795.8566726083	1102.273672681336	0.525216030855745	0.2758518790678628	1215007.249486401	1187.4874599002485	1251.993016441087	1.041767	18.940643	0.056409136314384	0.0276021306267938	0.1286849491	-0.1218487473	0.0283701354	0.1981016343	0.1834563383	0.0904794895	0.1193471399	-0.065730765	-0.1240208979	0.2030982361	0.0680014724	-0.0836298127	-0.038628158	0.0248318794	0.0785140033	-0.104329426	0.0507434606	0.0506882633	0.002117679	0.0320276393	0.0128633793	-0.2577844329	0.0641885313	-0.0579507872	-0.1510704	0.10500975	0.0662499334	-0.0122544334	-0.0728152457	-0.0398746087	0.0170129277	0.1247927931	0.0210892147	0.0320414331	0.0666606279	-0.0707550579	0.0456404355	0.0398477675	0.0133108342	0.110030434	-0.084317382	-0.0621974258	-0.0654371746	-0.1954198093	-0.0769700655	0.0488597663	0.1367735126	0.0668959834	0.021050852	0.1556089559	0.0049739315	-0.0375324318	0.0035460826	0.0450343398	0.0413463225	0.0313119955	0.17047817	0.1419755903	0.0202409407	0.0030644091	0.0841174991	0.0121988911	0.0095290133	0.0265616173	-0.0273403291	-0.205517738	-0.0139609562	-0.2055763457	-0.1282566636	0.0365145271	-0.0299311535	-0.0764299899	0.0843257206	-0.0176933138	0.0045114204	-0.0285969939	-0.0509850311	0.0555521743	-0.0358699821	-0.0315129493	0.0916826278	0.1004482136	0.0324604339	-0.1015354243	-0.1335606545	0.0434736569	-0.1419863355	0.1094628008	0.0471911750285301	0.0021920420524565	0.0022270070005733	4.805048359738142e-06	-0.0752975761647292	0.0109195741646459	0.0001192370999372	0.0056697249762831	-0.2243527863535916	-0.0048963773219695	0.0503341727446203	2.3974510879098165e-05	-0.0051510133678898	0.0004473648808965	2.001353366595399e-07	2.6532938716179417e-05	-1.112666423486175e-05	0.0001886857681829	1.2380265699535158e-10	3.5602319114785514e-08	0.0014079805155227	-0.0001319722064268	1.982409132091568e-06	1.7416663269157932e-08
1137.8607333484267	1.8146330155339	1294727.0484962196	3.2928929810656555	1601.1162700386935	7.7563431318417315	60.1608587788684	2563573.3101826184	1103.5677169939793	1.2940443126433363	1.6745506830845651	1217861.7059913035	1189.80183978883	1248.2566920048564	1.05966	19.265961	0.0641794355619889	0.0323535528708966	0.0213729028	-0.0810874562	-0.0624692695	0.0998910522	0.1964212462	-0.0302210085	0.1023018008	-0.0085934889	-0.1116615675	0.1433673857	-0.0722069442	-0.052997198	0.0580900574	0.0027796005	0.0613778947	-0.1527756097	-0.0347160739	0.0041630161	0.0187901686	0.1272881757	-0.1295471536	-0.2696522569	0.046800341	0.0380687769	-0.010314817	-0.1457545383	0.1569671319	0.0519609287	-0.0263415956	0.094271713	-0.1014746688	-0.0605232844	0.0733213614	0.0138980054	-0.0261772545	-0.1575831382	0.0509527499	-0.0871868078	-0.0444085427	0.0297221032	-0.0520093394	-0.0292922525	-0.0529287145	-0.2307781607	-0.0985611652	0.0730343998	-0.0515433652	-0.0131715121	0.1233477452	0.1329918216	0.1529912661	-0.0784339844	-0.0397103901	-0.05937466	0.0599461667	0.1225234761	0.0809110614	0.0108800619	-0.0558798583	-0.109035688	-0.0377180722	-0.0240087896	0.0194496802	-0.0383707042	0.0456671719	-0.1464035896	-0.0651755148	-0.1738647788	-0.1156664108	0.0330371769	0.0295800659	-0.056214717	0.0378453441	-0.0833078779	0.090749443	0.0024313757	0.0045562253	0.0663642604	0.0830995565	0.0541132921	0.05472553	-0.2149516772	0.1373911314	-0.0802290976	-0.2019033742	0.0720015033	-0.1440342395	0.1170999511	0.0478763836880631	0.000685208659533	0.0022921481150466	4.6951090709901654e-07	-0.0880812644542885	-0.0127836882895593	0.0001634226862846	0.0077583091478663	-0.2393863604095827	-0.015033574055991	0.0573058295501466	0.0002260083488969	-0.0056050171399936	-0.0004540037721038	2.0611942508447986e-07	3.141621713962204e-05	-1.3666309985671532e-05	-2.5396457508097825e-06	1.8676802862446544e-10	6.449800539606184e-12	0.0016649763888062	0.0002569958732835	2.7721463752821343e-06	6.604687888474884e-08
1138.8338640504312	0.9731307020044824	1296942.569908036	0.9469833631837368	1596.58604601483	-4.530224023863639	20.522929706391256	2549087.0023292685	1103.6337084288991	0.0659914349198516	0.004354869482781	1218007.3623805244	1190.3432594977164	1248.2564112283949	0.996947	18.125763	0.0461131469381365	0.0240959430920122	-0.075498454	-0.0411669928	0.0709438091	0.0490160325	0.1788243601	-0.0890510893	0.0603349286	0.0332302407	-0.0779642193	0.1314000552	-0.0850004095	-0.0155994873	0.0390589068	0.0748406713	0.0356499902	-0.1044115768	-0.1626489665	-0.0464188454	0.138791418	0.0961059861	-0.1786998968	-0.0969453769	-0.1597394804	-0.1874724645	0.0728752123	-0.0075413383	0.0736592678	0.0439525179	-0.1290920005	0.0402706539	0.0386048006	0.1054896807	0.0471015522	0.0323716573	0.0823868626	0.0492861893	-0.0840332749	-0.0060482229	-0.0717545006	-0.0277784945	-0.0686025583	0.0277946062	0.0400091931	-0.1809592754	-0.1167915321	0.0126235958	-0.0322827089	-0.2294534429	0.0506145937	0.0360631551	0.1506590548	-0.0197383501	0.1005980284	0.1186439994	0.095151476	-0.0059576564	-0.0335916969	0.0607798341	-0.1328044668	-0.2812257195	0.0963775462	-0.0359265313	0.0401426829	-0.0391462486	0.1104519705	-0.0520297923	-0.0891602449	-0.1915045252	-0.0663563488	0.0199641186	0.0711580219	-0.0028117955	-0.0050658312	-0.170527477	0.1149300996	0.0665781457	0.0330072723	0.0204029362	0.0611632034	0.0277312516	-0.0880606996	-0.2133016149	0.0408533363	-0.1061788163	-0.0904371727	-0.0989304378	-0.1458854101	0.124097542	0.0466068649110269	-0.0012695187770362	0.0021721998568347	1.6116779252474978e-06	-0.0818527812149341	0.0062284832393544	3.8794003462918735e-05	0.0066998777926198	-0.2342249033781485	0.0051614570314341	0.054861305362503	2.664063868734151e-05	-0.0058109581090697	-0.000205940969076	4.2411682744003057e-08	3.3767234145362906e-05	-7.999026843230617e-05	-6.632395844663463e-05	6.398443043872397e-09	4.398867464030917e-09	0.0020617852190897	0.0003968088302834	4.250958289656762e-06	1.574572477909595e-07
1138.9764448842902	0.1425808338590286	1297267.3420012563	0.0203292941839359	1593.5489805354628	-3.037065479367129	9.22376672596349	2539398.3533656127	1103.260054898043	-0.3736535308560178	0.139616961121169	1217182.7487336332	1189.1503668570565	1254.2933882499854	0.941901	17.124952	0.0590404719303033	0.0273779144780965	-0.1201703547	0.0116836537	0.1733735126	-0.0496284739	0.1524165637	-0.1373458264	-0.0284027435	0.1567054524	-0.0571768904	0.0460931585	-0.1442810139	-0.0056019841	0.0231681415	0.0608704934	-0.0362421762	-0.1534940919	-0.2252604227	-0.1897731734	0.0496187127	0.0856086007	0.0655650051	0.0003474196	-0.0822007482	0.0161726949	0.0747317414	0.0085561769	-0.0112460295	0.0135571073	0.116887742	0.1211038178	0.1134348355	0.0527642417	-0.0206244275	0.0475698472	0.0371769293	0.1682323851	0.1675204774	-0.1335563459	-0.0773485953	-0.0792337281	-0.04913998	0.1151693594	0.0311371996	-0.0856164116	-0.1566939786	0.1696356001	-0.1254531853	-0.2442754213	0.0122997194	-0.0659813522	0.0376881027	0.0778875778	-0.0167086477	0.0848592841	-0.0522030729	0.0478137154	0.0129717371	-0.0813164411	-0.1010791749	0.1164184409	-0.0804567933	-0.1819709561	0.0737414736	0.0238680162	0.1301104071	0.1047951995	-0.1099989955	-0.1422843911	-0.0885544515	-0.0065299239	0.1048448536	0.0218459771	0.0249156084	-0.1559847245	0.1285124585	0.2072542167	0.1191563933	0.0049379138	0.074688897	0.0127063721	-0.0570168339	-0.0578188794	-0.0975694658	0.0646543169	0.0439969129	-0.03566849	-0.1475373187	0.1304173552	0.0462577309506997	-0.0003491339603271	0.0021397776727073	1.2189452225375086e-07	-0.0992315180564844	-0.0173787368415503	0.0003020204942078	0.0098468941757943	-0.2205454138699423	0.0136794895082061	0.0486402795790641	0.0001871284332051	-0.0061223599752023	-0.0003114018661325	9.697112223086565e-08	3.748329166595911e-05	-0.000188406764187	-0.0001084164957546	3.549710879141582e-08	1.1754136551727544e-08	0.0019289413485726	-0.000132843870517	3.720814726233081e-06	1.7647493933964012e-08
1139.726554612462	0.7501097281717648	1298976.6192887933	0.5626646042979189	1597.4086769636287	3.859696428165989	14.897256517597295	2551714.4812386907	1104.2592626729142	0.999207774871138	0.998416177362931	1219388.5191989285	1189.1742585295765	1240.3897540266005	1.126873	20.487988	0.0837222863205637	0.0447871563622469	-0.1302310914	0.0667645288	0.205844761	-0.1142662573	0.0728587038	-0.0862776472	-0.0929220373	0.1249949763	0.0737541784	-0.0523021426	-0.0554836307	0.016691646	-0.0324567002	0.0683417842	0.0187443082	-0.0540261893	-0.1409571357	0.1472894353	-0.0128964079	0.1022360184	0.1328890658	0.1136707205	0.0072477106	0.044698883	0.0287099425	-0.1115663677	-0.0241339406	-0.017374577	-0.0813767545	-0.0414230502	0.1383093262	-0.0867373919	0.1009006437	-0.0714857105	-0.1847364934	-0.050995496	-0.0185207385	-0.1206811907	-0.0313039066	-0.1389367263	-0.0323368167	-0.0699457752	0.1655357106	-0.0619437824	0.1508843702	0.1129234803	0.010743681	-0.1058450267	0.1458018804	0.0079710104	-0.2165802755	-0.1524017682	0.1007252012	-0.114600073	-0.0478558079	0.2533087837	-0.0752677301	-0.151090442	0.0253736854	0.0950423714	-0.0817840971	0.1181830229	0.0835860955	-0.1950453169	0.0645111074	-0.0572732094	0.1101780085	-0.0387033098	0.0232006812	0.0329831004	0.0584658815	0.0708331398	0.0936447587	-0.0887278852	0.1042404516	-0.0326644352	0.3356264638	-0.0542075781	-0.1230141589	-0.2232432147	-0.0857227336	-0.1468939047	0.0104929314	0.1672950325	0.0247628245	0.0555156847	-0.1489877092	0.136024874	0.051147439857317	0.0048897089066172	0.0026160606039578	2.39092531914525e-05	-0.0814928623151871	0.0177386557412973	0.0003146599075082	0.006641086608322	-0.2502135321949765	-0.0296681183250341	0.0626068116934865	0.0008801972449482	-0.006070869716888	5.149025831430003e-05	2.651246701273343e-09	3.685545911942778e-05	-0.000242771623526	-5.436485933900002e-05	5.893806118944989e-08	2.955537930949257e-09	0.0014062803992736	-0.000522660949299	1.977624561381116e-06	2.731744679221318e-07
1140.3976554497197	0.6711008372576543	1300506.8125552174	0.4503763337679247	1600.8790793840276	3.470402420398841	12.043692959510134	2562813.826809452	1103.6730783445023	-0.5861843284119459	0.343612066875764	1218094.26386243	1188.8398166360837	1265.5241575625016	1.119993	20.3629	0.0815017041121203	0.0490691461029836	-0.1147848048	0.1074809812	0.1292750677	-0.0110230722	-0.0309820641	-0.1050936655	-0.118761901	0.0571760631	0.1098206939	0.0171292534	0.0035740369	0.0164435039	-0.0609209354	0.0624848129	0.0486821109	0.0626720898	-0.1121338285	0.2145801496	-0.1569814081	0.1124133016	-0.0750645337	0.0788429101	-0.0907656154	-0.0590976037	-0.0378773197	0.0852115674	0.1100207369	0.125183849	0.230659417	-0.0228642682	0.0189989308	-0.1648868668	-0.1399567884	-0.106024656	-0.1075220774	-0.008158294	-0.0410204059	0.014071036	0.0277131242	-0.1811460925	0.0100333342	-0.0415896937	0.1632363342	-0.0724179267	0.0875336827	0.0758259869	0.0459626848	0.0584332047	-0.0736912466	-0.1455266632	-0.0801718427	0.0345609172	-0.2642575208	-0.0134678182	0.0542294064	0.1769529666	-0.0870139982	0.0950059467	0.0592321577	0.0730173047	0.1993976376	0.141456349	0.0901505263	-0.1168029753	0.0638006603	0.0184743275	0.1255349343	-0.0471249686	0.073260071	0.0111740872	0.0131584593	0.0403285647	0.1916052059	-0.0699021368	-0.0737634837	-0.027799799	0.1825368079	-0.1273936131	-0.1648744265	-0.1133013259	-0.0205475666	-0.0849874738	0.0827753236	0.1162002913	0.1649169473	0.1770890023	-0.1502346003	0.1408894722	0.0540635431140827	0.0029161032567657	0.0029228666940482	8.503658204119534e-06	-0.0944638662158752	-0.0129710039006881	0.0001682469421916	0.0089234220204507	-0.2068343556533847	0.0433791765415917	0.0427804506785508	0.0018817529574265	-0.0062840385909262	-0.0002131688740382	4.544096885871398e-08	3.948914101224974e-05	-1.2923421868205054e-05	0.0002298482016577	1.6701483278360057e-10	5.2830195805322375e-08	0.0014079717318391	1.6913325654999403e-06	1.9823843976579946e-06	2.8606058471206104e-12
1141.587060183795	1.189404734075424	1303221.0159790798	1.4146836214410303	1597.8371772588685	-3.0419021251591403	9.253168539047694	2553083.6450305884	1104.1068084996775	0.4337301551752262	0.1881218475083257	1219051.8445753437	1188.9867553422491	1255.5959454842043	1.148768	20.886068	0.1109198135060192	0.0693054600632378	-0.1132613995	0.0779549786	0.0452208906	-0.1047132832	0.003808527	-0.1160705983	-0.1409796734	0.135681951	0.0372835672	-0.0133003451	0.076737665	0.0506703761	-0.1261014498	0.0984723286	0.0162905221	-0.0756272611	-0.0694438555	-0.1317172297	0.3150562878	-0.1616789114	-0.1122273478	0.2199334008	-0.0175685419	0.006841758	-0.1063195777	0.0995239804	-0.1657559283	0.0499347896	0.050658227	0.0172807726	-0.0660714057	0.1397536222	-0.0833413775	-0.0116205597	-0.0746231145	-0.1416002653	0.0953160457	-0.0804499827	-0.0172911278	-0.1747976548	0.0048607061	0.1793148009	0.0027281445	0.014243137	-0.1532410788	-0.103919309	0.2886791261	-0.2129443735	-0.2569602496	-0.0838957834	-0.0110949242	0.0635636328	0.0898539976	-0.1142132979	-0.0970132714	-0.0391023586	0.1104081951	-0.0347308239	-0.0641695507	0.1863189335	0.1954803041	0.104906076	0.0690720931	-0.023921995	0.0967088139	0.1060567092	-0.2282992347	-0.0876950576	0.1843994785	0.0945809489	0.0445224393	-0.0310134723	-0.0182673258	-0.0538601066	0.0792550303	0.1633469191	0.078967636	-0.0659963836	-0.0529814122	0.1386462597	0.0163077579	0.3432408557	0.1119336854	-0.1203893635	0.1406442444	-0.1084476957	-0.151276289	0.1449845808	0.0621679322770063	0.0081043891629236	0.0038648518035984	6.568112370411352e-05	-0.0822965871135323	0.0121672791023429	0.0001480426807543	0.0067727282505352	-0.2713290967753607	-0.064494741121976	0.073619478756933	0.0041595716323907	-0.0061400319064812	0.000144006684445	2.0737925164841852e-08	3.769999181260716e-05	-1.4980269294140314e-05	-2.05684742593526e-06	2.2440846812496316e-10	4.230621333576504e-12	0.0017849762823437	0.0003770045505046	3.186140328529536e-06	1.421324311011755e-07
1141.8758776258712	0.2888174420761515	1303880.5199038535	0.0834155148474111	1598.2583171755768	0.4211399167083982	0.1773588294451566	2554429.6484209066	1103.4695185950045	-0.6372899046730254	0.4061384225981537	1217644.978468291	1187.145743040146	1244.6786013371318	1.195274	21.731606	0.1410949503792332	0.0795527985729242	-0.1407652709	0.0497441389	0.0239427815	-0.1952479053	-0.0434425541	-0.1281728784	-0.1767963974	0.1114420944	0.0053158753	-0.1972020566	-0.1639428669	-0.0789405799	-0.0355447113	0.0751955117	-0.0842722145	-0.0225637842	-0.163422606	-0.0877180351	0.0301145555	-0.0601067088	-0.1832366498	0.0343454511	0.0984177742	0.1515619472	0.0275897728	0.0931413712	-0.00911811	0.1169076333	0.0020012813	-0.1158206478	-0.0376763868	0.1298612211	0.0060018659	0.1829300301	-0.0399349546	-0.0785832113	0.057843706	-0.0109484278	-0.0179922475	-0.199638618	-0.0018065108	0.1680493042	0.0147703653	0.0217603189	0.074252217	0.132610419	-0.0241237505	-0.0791299899	-0.0780567886	-0.029506522	0.0303646904	-0.087853672	-0.0449548742	-0.1655420201	-0.1497350209	-0.0540778908	0.156425378	0.0880936394	-0.0047222102	0.0582160131	0.091167797	-0.1337785103	0.101002898	0.0275514143	0.1783592129	0.1978627739	-0.0309511011	0.0737801377	-0.0238524176	-0.0057794393	-0.0476383743	-0.0412984161	-0.0718417368	-0.1731645723	0.0503585721	0.0282600105	-0.1930330144	-0.219608228	-0.0833549575	0.0820209424	-0.0008852136	0.0422977562	-0.1406253368	0.0007109189	-0.2272753513	-0.0791319674	-0.1521113526	0.148287834	0.0618269458952625	-0.0003409863817438	0.0038225712387357	1.162717125347317e-07	-0.1054528000944259	-0.0231562129808935	0.0005362101996165	0.0111202930477549	-0.2132701947803781	0.0580589019949826	0.0454841759816604	0.0033708361008629	-0.0070831092829406	-0.0009430773764594	8.89394937989546e-07	5.01704371140793e-05	4.401161349032456e-05	5.899188278446487e-05	1.9370221220217187e-09	3.4800422344560423e-09	0.0019736840035321	0.0001887077211883	3.895428545798498e-06	3.5610604036118835e-08
1141.9673190666997	0.0914414408284756	1304089.3578163856	0.0083615371007876	1602.0233044291651	3.764987253588288	14.175129019682275	2566478.6679341416	1103.4559486319165	-0.0135699630880026	0.0001841438982097	1217615.0305711627	1188.5184648798634	1251.674988609965	0.983639	17.88381	0.0507761877269793	0.0239761659302966	-0.1359834833	0.0101768355	-0.0664734383	-0.1177745465	-0.1120077261	-0.0754478594	-0.1284374484	-0.0533182241	0.000671404	-0.2847552814	-0.0216559577	-0.026449836	-0.0320296895	0.0194697235	-0.0727190908	0.0013277178	0.0789275939	-0.1273225597	-0.0619963996	-0.0938122788	-0.0548252195	0.1979428196	-0.0536501817	0.1016169156	0.0714845396	0.0837098661	0.2028171736	0.1751442783	-0.051068678	0.1308180704	-0.1266848309	-0.1785083069	-0.0804570647	0.0413784994	0.007840432	0.0359641469	0.0717688379	-0.030511013	-0.0324719094	-0.1413756336	0.0209674817	0.1259908985	-0.0276083617	0.2266871504	0.0711754012	-0.0456341668	-0.0400367097	-0.064203202	0.0845155168	-0.1268110845	0.0541469256	0.1437923732	-0.037728052	0.0221115346	0.0121110205	0.1786813136	0.1433227381	0.1577272098	0.0316335931	-0.0591303234	-0.2239106236	-0.0751270591	0.1119987685	0.0606928357	0.1925385521	0.2097756842	-0.0498972777	0.1377707823	0.0177033037	0.0228279909	-0.0550881423	-0.0261495455	-0.1232040609	0.0179935849	-0.0307981173	0.073359085	-0.1448745421	-0.0730008174	0.03880663	0.1756671397	0.0021277743	0.0611747937	-0.0817926012	0.2311472894	0.0630306533	0.0995752187	-0.1527386503	0.1507811905	0.0602325125065306	-0.0015944333887319	0.0036279555628493	2.5422178311030907e-06	-0.1212815160613871	-0.0158287159669612	0.0002505482491627	0.0147092061381484	-0.2124612410889881	0.00080895369139	0.0451397789650731	6.544060748135105e-07	-0.0073604772929127	-0.000277368009972	7.693301295588275e-08	5.417662597948347e-05	-0.0001069467224268	-0.0001509583359171	1.1437601437835006e-08	2.2788419182867412e-08	0.0017511286558234	-0.0002225553477086	3.066451569245868e-06	4.95308827937403e-08
1142.0051754949782	0.0378564282784736	1304175.8208573158	0.0014331091620032	1604.6534180397211	2.630113610556009	6.917497604431966	2574912.59202656	1104.1593216922306	0.7033730603141066	0.4947336619756319	1219167.8076798469	1188.0142682802025	1256.698873338684	1.100212	20.003248	0.2209817390947636	0.1453259389999491	-0.1136478934	-0.0140914086	-0.1546456309	-0.0285764866	-0.1589609318	-0.069143869	-0.0664822288	-0.2424316569	0.0525762998	-0.2745269844	-0.0105845816	0.0139843897	-0.068396122	0.1207386629	0.0488280936	-0.0235820958	0.0045438342	0.2122471061	0.0210920922	-0.1308133162	0.2713083166	0.2947465604	-0.0849033432	-0.1552937411	0.2220100387	-0.1070872376	-0.0765950242	-0.0499930443	-0.1212918855	0.0601012568	-0.0141182934	0.144980632	0.1012385298	0.0575514995	-0.166421434	-0.0073870257	0.1211600309	0.0756989644	-0.0623477926	-0.125309482	-0.0970150734	-0.1209512321	-0.0113558489	0.187354596	0.1446011514	0.0560142621	0.194501489	0.0492570796	0.2872884845	-0.1192278302	-0.1859305122	0.1798975592	0.2176447649	0.1256519521	0.0632000057	-0.2184343537	-0.1000153086	-0.1182938008	-0.1742427135	-0.0354573309	0.0378771673	0.039357908	0.0785869162	-0.1846890098	0.1392614005	-0.0417614948	-0.0844714693	0.2539538532	0.1215272189	0.2823596345	-0.0630247804	0.1218012956	-0.272884334	0.1902331359	-0.0609234203	-0.081220266	0.1347033127	0.2011146149	0.0253044084	-0.0481343244	0.0264090687	0.1909465605	0.0969776121	-0.072205482	-0.0733909231	0.0530167376	-0.1531573254	0.1524510324	0.0546104715028548	-0.0056220410036757	0.0029823035977641	3.160734504701196e-05	-0.0829598365967427	0.0383216794646443	0.0014685511169909	0.0068823344881582	-0.3509830828653264	-0.1385218417763383	0.1231891244576486	0.0191883006491089	-0.0077090679311994	-0.0003485906382866	1.2151543310112874e-07	5.942972836784699e-05	-2.0040576407698296e-05	8.69061460191017e-05	4.016247027527936e-10	7.552678215893427e-09	0.0020859554085197	0.0003348267526962	4.351209966332588e-06	1.1210895432114917e-07
1140.8992902345983	-1.105885260379864	1301651.1904578102	1.22298220912544	1607.4165993091672	2.7631812694460223	7.635170727817331	2583788.123734648	1103.677463244517	-0.4818584477136483	0.2321875636330067	1218103.942873852	1188.738024648511	1270.816460331473	1.185483	21.553583	0.1189758697497827	0.0809981516760632	-0.0865579023	-0.0153001271	-0.1599120022	0.1487421183	-0.1892003562	-0.0567625971	0.0447686385	-0.3166660589	0.0719361454	-0.1897176641	-0.0848560538	-0.0898770392	-0.0419678943	0.013620133	0.0747038242	0.0376781314	0.0078201784	0.1183749145	-0.2313887097	-0.1567922132	0.0272084637	0.0302017798	-0.0903589377	0.189457637	0.0164214476	-0.0285355439	0.1516042289	-0.080464351	-0.1040105325	-0.0402816731	-0.0295276818	0.0165350827	-0.0690628335	0.0248779968	0.1205254769	0.1194994647	-0.0300287778	0.2432474047	-0.084764128	-0.1246007757	-0.0907060258	-0.1678655641	-0.0624991538	0.2021750588	0.0677962153	0.0779288529	0.0245513977	0.2239441169	0.1633387106	-0.1203276889	0.1940993383	0.1892634125	-0.0081734259	0.1521516192	-0.012398416	-0.1502980084	-0.0154686322	0.0633548746	0.0500837741	-0.0012328223	-0.0651770131	0.0886554002	0.0916989838	-0.1172856274	0.1625865045	-0.0039584564	0.0490298766	0.2765082209	0.0140242217	0.238141827	-0.1294329558	0.0968751428	-0.1929116866	0.0278760893	-0.2872700746	-0.1422968055	-0.1341748531	0.1139342296	0.1014119416	-0.0941975442	-0.0022576968	-0.2266899066	-0.0389843223	-0.0863208026	-0.0078145478	-0.0779103387	-0.153366806	0.1532882396	0.0653052400582936	0.0106947685554388	0.0042647743790713	0.0001143780744544	-0.0935933070959862	-0.0106334704992435	0.0001130706948582	0.0087597071331635	-0.2739353987989261	0.0770476840664003	0.0750406027151266	0.0059363456199958	-0.0077360676306411	-2.699969944170051e-05	7.289837699421631e-10	5.984674238585301e-05	-1.9053954465997336e-05	9.866219417009605e-07	3.6305318079229975e-10	9.734228558457732e-13	0.0024699680197103	0.0003840126111906	6.100742018391622e-06	1.4746568555342316e-07
