global_signal	global_signal_derivative1	global_signal_derivative1_power2	global_signal_power2	csf	csf_derivative1	csf_derivative1_power2	csf_power2	white_matter	white_matter_derivative1	white_matter_derivative1_power2	white_matter_power2	csf_wm	tcompcor	std_dvars	dvars	framewise_displacement	rmsd	t_comp_cor_00	t_comp_cor_01	t_comp_cor_02	t_comp_cor_03	c_comp_cor_00	c_comp_cor_01	c_comp_cor_02	c_comp_cor_03	c_comp_cor_04	c_comp_cor_05	c_comp_cor_06	c_comp_cor_07	c_comp_cor_08	w_comp_cor_00	w_comp_cor_01	w_comp_cor_02	w_comp_cor_03	w_comp_cor_04	w_comp_cor_05	w_comp_cor_06	w_comp_cor_07	w_comp_cor_08	w_comp_cor_09	w_comp_cor_10	w_comp_cor_11	w_comp_cor_12	w_comp_cor_13	w_comp_cor_14	w_comp_cor_15	w_comp_cor_16	w_comp_cor_17	w_comp_cor_18	w_comp_cor_19	w_comp_cor_20	w_comp_cor_21	w_comp_cor_22	w_comp_cor_23	a_comp_cor_00	a_comp_cor_01	a_comp_cor_02	a_comp_cor_03	a_comp_cor_04	a_comp_cor_05	a_comp_cor_06	a_comp_cor_07	a_comp_cor_08	a_comp_cor_09	a_comp_cor_10	a_comp_cor_11	a_comp_cor_12	a_comp_cor_13	a_comp_cor_14	a_comp_cor_15	a_comp_cor_16	a_comp_cor_17	a_comp_cor_18	a_comp_cor_19	a_comp_cor_20	edge_comp_00	edge_comp_01	edge_comp_02	edge_comp_03	edge_comp_04	edge_comp_05	edge_comp_06	edge_comp_07	edge_comp_08	edge_comp_09	edge_comp_10	edge_comp_11	edge_comp_12	edge_comp_13	edge_comp_14	edge_comp_15	edge_comp_16	edge_comp_17	edge_comp_18	edge_comp_19	edge_comp_20	edge_comp_21	edge_comp_22	edge_comp_23	cosine00	cosine01	trans_x	trans_x_derivative1	trans_x_power2	trans_x_derivative1_power2	trans_y	trans_y_derivative1	trans_y_derivative1_power2	trans_y_power2	trans_z	trans_z_derivative1	trans_z_power2	trans_z_derivative1_power2	rot_x	rot_x_derivative1	rot_x_power2	rot_x_derivative1_power2	rot_y	rot_y_derivative1	rot_y_power2	rot_y_derivative1_power2	rot_z	rot_z_derivative1	rot_z_power2	rot_z_derivative1_power2	motion_outlier00	motion_outlier01	motion_outlier02	motion_outlier03	motion_outlier04	motion_outlier05	motion_outlier06	motion_outlier07
837.2449012733119	n/a	n/a	700979.0247081579	1252.2689751128448	n/a	n/a	1568177.5860301747	802.6622388088032	n/a	n/a	644266.6696095602	918.9957739706258	877.0072362741641	n/a	n/a	n/a	n/a	-0.0077055803	-0.1123795661	-0.0696389502	0.1787218172	-0.0648312688	-0.1341796098	0.0205139536	-0.0085539396	0.0212055136	-0.1702222959	0.0188433872	-0.1142921305	0.0960780907	-0.1499667984	0.0839693286	-0.2853155608	0.1293165062	-0.0165636117	0.0066363683	-0.1193452814	0.0733704343	-0.0405626621	0.1073697734	-0.1070065657	0.0831873328	-0.0870980999	0.0777771294	-0.0607410632	0.0824085814	0.1056941103	-0.04472985	0.1096815881	0.0234811831	0.0583597269	-0.0915553136	0.1173765469	0.0557084538	-0.0370425901	-0.1145499752	0.1382350283	-0.0239316783	0.0630713492	-0.2274213093	0.0427562739	-0.0401121009	-0.0722678144	0.0353025107	-0.0036527032	0.0065055927	-0.2445613054	0.0439334847	-0.150311212	0.0411332733	-0.0235781192	0.0372646298	-0.0302474643	0.0398396639	0.0015431645	-0.1258310552	0.1172981051	-0.0835405901	0.0981671206	-0.1390733517	0.0773842169	-0.0669610931	0.0200902251	-0.020175195	0.0586586942	0.1471124979	-0.1897313654	0.0133415005	-0.1835821873	0.129983466	-0.0469893209	0.0013497019	-0.0582454694	0.1792598526	-0.0328252988	0.1252714266	-0.0252908621	-0.0573166687	0.0274910984	0.153366806	0.1532882396	0.0050506445266762	n/a	2.5509010134844257e-05	n/a	-0.0195274569004624	n/a	n/a	0.0003813215729994	0.0601169487775479	n/a	0.0036140475303223	n/a	0.0002599997024636	n/a	6.759984528116053e-08	n/a	9.899994343176566e-05	n/a	9.8009887994928e-09	n/a	-1.2866468564838238e-08	n/a	1.6554601332997052e-16	n/a	0.0	0.0	0.0	0.0	0.0	0.0	0.0	0.0
837.9442481677756	0.6993468944637016	0.4890860787960237	702150.5630374588	1256.599391954835	4.3304168419902	18.75251002539237	1579042.031861261	805.0614272212215	2.399188412418312	5.756105038282298	648123.9015994701	920.6794873739929	846.5933377545093	1.517956	30.871857	0.0647122814285609	0.0329543807201107	0.0695130569	0.1330451905	-0.0280505898	-0.142662664	0.0103420459	0.0606547742	0.162059225	-0.1333383207	-0.0027150851	-0.0416390841	0.0799790717	0.170012624	-0.0924683919	0.1006589811	-0.1065721079	0.0577594188	0.1654265319	-0.0849701133	0.0094419068	0.2141298194	0.0569339284	0.044119094	0.1236138529	0.0945086057	0.0050057607	0.0313269476	-0.0780534096	0.0957530901	0.0157162401	-0.0916574387	0.0615749769	-0.0233764053	0.2151538087	-0.0511434479	-0.0300242386	-0.0650980382	-0.2714582975	0.0346716008	0.1412979635	-0.1783135358	0.0471988859	0.1177725481	0.0805220121	0.1023143842	-0.0965108352	0.0376604839	-0.1047226941	0.0158325941	0.0959026648	-0.1068356317	0.1359576025	-0.1392580918	0.0872775379	0.2306039705	0.0244381854	0.009954975	-0.011761146	0.0605835253	0.1211135552	-0.149412039	0.0692588146	-0.1257203136	-0.1434915015	-0.0988467365	-0.0120754181	-0.0378169639	0.1610181717	0.0601931784	-0.0177128006	-0.0485707678	0.0828920751	-0.0562572569	-0.0146595138	-0.1951507001	0.1303403398	0.1102785422	0.0228943114	0.0793023057	0.0221799664	-0.0033479592	-0.0363546433	0.0152400506	0.1531573254	0.1524510324	0.0040937745249038	-0.0009568700017724	1.675898986075133e-05	9.156002002919132e-07	-0.0044724506746547	0.0150550062258077	0.0002266532124591	2.0002815037219284e-05	0.0361157972963042	-0.0240011514812436	0.0013043508143477	0.0005760552724256	-2.499996369600837e-05	-0.0002849996661596	6.249981848017364e-10	8.12248097110882e-08	1.2920917669134724e-09	-9.899865133999874e-05	1.669501134125579e-18	9.800732967138636e-09	-0.0001099996233637	-0.0001099867568951	1.2099917140155856e-08	1.2097086692309565e-08	1.0	0.0	0.0	0.0	0.0	0.0	0.0	0.0
838.8575456598279	0.9132974920522656	0.8341123089889582	703681.9819104302	1250.6473539853423	-5.9520379694927215	35.42675599028304	1564118.804030538	805.978018343928	0.9165911227065636	0.8401392862244785	649600.5660536052	920.247584757914	872.4643417058257	1.482907	30.159048	0.0272429143618545	0.0151442670955482	-0.0999818283	-0.0912046075	0.0303263612	-0.005667659	-0.0678472698	-0.0721368325	-0.1074798683	-0.0425253913	0.0007518549	0.0539468445	0.2531236416	-0.0501314113	0.0213977416	-0.083291753	0.0742949398	-0.0087591146	0.0842738634	-0.0985659755	0.0615794167	0.2302403288	-0.1154925454	-0.1447644225	-0.0660476286	0.2196399553	0.0497726299	-0.1372844377	-0.0704678958	0.02553197	-0.0265557949	0.0062060252	-0.0234496653	0.1893734928	-0.0516373696	0.1014446763	0.0151158553	0.0187083224	0.1142299241	-0.1154615537	-0.1150297292	0.0187414667	-0.0278764544	0.1349900355	0.0166474434	0.0357060811	0.0819376132	-0.0628196948	-0.0239453508	0.1312952179	0.1532215759	0.1930771373	0.051322132	0.0328064163	-0.0751928849	-0.1787072439	0.0074221519	-0.109201405	0.283918211	0.1377371424	0.0645799103	0.1661934835	-0.0998794677	-0.0425553418	-0.0453392775	-0.0920771814	0.0158423117	0.0588666333	0.0351874373	-0.0966957815	0.0712764482	0.0015626805	0.110592944	0.2155497441	0.0879321374	-0.0327723272	0.0101290795	0.0369871985	0.1861117965	-0.12943839	-0.0294837607	0.0058478112	-0.1105995955	0.006009871	0.1527386503	0.1507811905	0.0001973590384096	-0.0038964154864942	3.8950590041961963e-08	1.5182053643391832e-05	0.0043531484068921	0.0088255990815468	7.789119914819972e-05	1.894990105242723e-05	0.0336954759605703	-0.0024203213357339	0.0011353851002093	5.85795536820874e-06	0.000211999559941	0.000236999523637	4.494381341517765e-08	5.616877420416889e-08	-1.1142187616997036e-08	-1.2434279383910509e-08	1.2414834489236208e-16	1.546113037971419e-16	-0.0001050000121185	4.999611245200001e-06	1.1025002544885146e-08	2.4996112603130303e-11	0.0	0.0	0.0	0.0	0.0	0.0	0.0	0.0
839.0607515056466	0.2032058458187293	0.0412926157749052	704022.9447172205	1256.9537108109294	6.306356825587045	39.77013641162832	1579932.6311213654	804.0322360532214	-1.9457822907066884	3.786068722827768	646467.8366127431	920.5837572403536	860.6508115810387	1.395629	28.384007	0.0173566711557775	0.0118885707619003	0.0892380709	0.0968096092	-0.1474196807	-0.0232343607	0.1094701725	0.0487389355	0.1353334063	0.0672256515	-0.0640868929	-0.0756881558	-0.0493226923	-0.0708256712	0.062857366	0.0890222222	-0.0314338379	-0.12889201	0.1573154079	-0.1531282747	-0.021581377	-0.1470049779	0.0901670956	-0.1038692933	-0.0809451162	0.1495123917	-0.0259765292	-0.0233480624	-0.0444910927	0.0252188678	-0.0577297628	-0.1442061252	0.0510990167	0.0258779193	-0.0290424605	-0.154889934	-0.045889391	0.082017374	0.1602392594	0.1306365946	0.0860884067	0.1113701574	0.0534877171	0.0804127353	0.0216271277	-0.0180699617	0.0192589178	-0.050385586	-0.1097417282	-0.065263026	0.1512954192	-0.1470463248	0.0743146561	0.0270812891	-0.0524997809	0.0638808897	0.0298741868	0.1800106873	-0.0131751071	0.1968256604	-0.0706213267	-0.0960628252	-0.1012677172	-0.0837995707	0.0701166243	-0.17273956	0.0037010994	-0.0277572176	0.0912941667	0.0193158146	0.0429022619	-0.0837240235	0.1494020193	0.017650718	0.0116205124	-0.1385071425	-0.1974869476	0.0297126659	-0.0456206783	0.0817478772	-0.0397242353	-0.160674156	0.2255424356	0.048975186	0.1521113526	0.148287834	0.0001959984528951	-1.3605855145000037e-06	3.8415393537272734e-08	1.851192942267239e-12	0.0027008261271959	-0.0016523222796962	2.730168915980448e-06	7.294461769344004e-06	0.0337479285161208	5.245255555050288e-05	0.0011389226791291	2.7512705837785902e-09	3.999998993786966e-06	-0.0002079995609472	1.5999991950296744e-11	4.326381735423338e-08	-3.206324095117452e-13	1.1141866984587525e-08	1.0280514202930748e-25	1.2414119990224148e-16	-2.323704955938064e-13	0.0001050000118861	5.399604722251121e-26	1.1025002496087338e-08	0.0	0.0	0.0	0.0	0.0	0.0	0.0	0.0
840.1838274519313	1.1230759462846436	1.2612995811231476	705908.8639117767	1253.7416254562168	-3.212085354712599	10.317492325959163	1571868.0634015964	804.2404020989549	0.2081660457334919	0.0433331025963182	646802.6243682886	920.152397752718	873.6138551981518	1.362891	27.718189	0.0522134830204324	0.0311048377880623	-0.0336119831	-0.1191639681	-0.0492978982	0.0850055705	-0.0315913143	-0.0619591578	-0.1388124277	-0.0500490356	-0.0623693198	-0.0691107936	-0.0110357738	-0.1957243451	0.1255350098	-0.0920674005	0.0871117571	-0.076247061	0.0685890602	-0.068281294	-0.0657165092	0.0364369261	-0.0889026709	0.189063276	-0.195490106	0.0998140438	0.020136645	0.0091576922	-0.0381779811	0.0812297418	-0.0682982206	0.1136649219	-0.2163892017	-0.0235688341	-0.0835172022	-0.0819066555	0.1884878594	0.0489390675	0.0866145509	-0.061849268	-0.0997415903	0.1308247963	-0.1369767599	0.0520231936	-0.010072111	-0.0344873141	0.0058046688	-0.0735033118	0.0611317777	0.0050482629	0.0278341944	-0.0122417154	-0.08093588	-0.0633174922	0.0054412192	0.002231536	0.0785124134	-0.1359303898	0.0267391874	0.2074858602	-0.0658286392	0.1722934776	-0.072809899	0.0055846766	0.0752104803	-0.1258660046	-0.0262111425	0.0028955383	0.0549355052	0.0244485249	0.0936272449	-0.1304619324	0.1224803953	-0.0547477772	-0.0053711709	0.0135808925	0.0164592064	-0.1054882629	-0.0075778233	-0.2634649906	0.0075496667	-0.0672548853	-0.0641001213	-0.0623137089	0.151276289	0.1449845808	-0.0031441541777752	-0.0033401526306703	9.885705493621243e-06	1.1156619596173726e-05	0.0189308024231138	0.0162299762959179	0.000263412130566	0.0003583752803829	0.0270045643113405	-0.0067433642047803	0.0007292464936453	4.547296079831228e-05	0.0005219997740339	0.0005179997750401	2.724837640914427e-07	2.683237669416077e-07	1.7497336912697392e-11	1.7817969322209137e-11	3.061567990364427e-22	3.1748003076718594e-22	4.690825473278176e-12	4.923195968871983e-12	2.2003843620755426e-23	2.423785854791734e-23	0.0	0.0	0.0	0.0	0.0	0.0	0.0	0.0
839.5992214073152	-0.5846060446160664	0.3417642274016421	704926.8525877699	1260.747553741877	7.005928285660275	49.08303114381472	1589484.3942661271	803.9488103217158	-0.2915917772390912	0.0850257645534518	646333.6896177022	921.5806195062536	864.323310793959	1.367996	27.822018	0.0467272291632993	0.0300386350331126	0.0805268908	0.0923331159	-0.0950107672	-0.112967794	0.1180632004	0.1219104201	0.0563190629	0.0591715618	-0.1173452899	-0.1599105408	-0.1308186088	0.0836949668	-0.0496652286	0.0786604055	-0.0580964391	-0.1903682709	0.0566273989	-0.0059806654	-0.0212479282	0.1063953066	-0.1328279259	-0.0929150839	-0.0526698224	0.0134597383	-0.0522526293	-0.0556285719	-0.0307868852	-0.0144919211	-0.1355815399	0.1164113254	0.1009212155	-0.0052400449	0.0090982953	0.2243300161	-0.2622659316	-0.0181993848	-0.0445062647	0.1275191887	0.1058746791	0.160220283	-0.0154547064	0.0021440744	0.0712640116	0.0501039761	-0.0148701206	0.114571564	-0.1819482091	-0.0448892935	-0.0136458687	-0.0779991594	0.0591397541	0.0301344532	0.0141007906	-0.0066881551	0.1748243164	0.0164665579	0.1221085841	0.0301266353	-0.1584844414	-0.1316444583	-0.001930016	0.0811332863	0.1092612451	-0.1014288292	0.0967308912	-0.0446449736	0.0865536707	0.012323701	-0.0432315293	-0.0360452457	0.0127116562	-0.0489182095	0.015195676	0.0001423544	-0.2098523309	0.100440668	-0.0238432695	-0.0038271436	-0.0206694877	-0.2376348219	0.0699283874	-0.0837062487	0.1502346003	0.1408894722	0.0001959933110526	0.0033401474888278	3.841337797736122e-08	1.115658524712266e-05	0.0095363112204012	-0.0093944912027126	8.825646495784446e-05	9.094123169234982e-05	0.0337471653091228	0.0067426009977822	0.0011388711664012	4.546266821529486e-05	-2.299999109888708e-05	-0.0005449997651327	5.28999590548885e-10	2.970247439947932e-07	9.734435479913373e-13	-1.6523893364706055e-11	9.475923411259631e-25	2.7303905192817683e-22	-3.132026942350352e-12	-7.822852415628528e-12	9.809592767608496e-24	6.11970199167051e-23	0.0	0.0	0.0	0.0	0.0	0.0	0.0	0.0
839.0449513942286	-0.5542700130865796	0.3072152474069972	703996.4304601435	1254.1082687026344	-6.639285039242623	44.08010583231091	1572787.549628319	805.6938273657423	1.7450170440265538	3.0450844839431714	649142.5434552586	921.405054631124	878.0345720091044	1.419005	28.859428	0.0224994335544051	0.0168961946273788	-0.1044712171	-0.1167045202	0.0076623259	-0.0664606123	-0.0746930927	-0.0323787883	-0.1529676849	0.010192147	-0.0356436064	-0.0008202518	-0.063762594	0.0014431082	-0.0459701002	-0.1182277281	0.1079676231	0.0051216079	0.0236435014	-0.0233660457	-0.0163937932	-0.0898252225	-0.020044397	0.0284992792	0.0223323177	-0.1044101373	0.1156453717	0.0518663315	-0.1208431418	0.0497979909	0.1770039108	0.0783689062	-0.0710338157	0.1110621532	0.1451755688	-0.0925017639	0.126277543	-0.1516038994	-0.0087324907	-0.1014841599	-0.1229135178	0.04813484	-0.0993061766	-0.0646390648	0.0235187773	0.0478991419	-0.1373441948	0.0224975813	-0.0268626613	0.019963131	0.0599699448	-0.0043026232	-0.1095982411	-0.0393637435	-0.1199846978	-0.0045185457	0.0242956458	-0.1204960013	-0.0745625142	0.0763999601	-0.0115386691	0.1198158906	0.0841672129	0.1851168114	0.0468767774	0.0408300299	0.1251266579	-0.0247101413	0.0262774386	-0.0627764635	0.0871586197	0.1092288794	-0.0191685674	-0.0254798923	-0.0034313525	-0.0483153	0.0748539776	-0.2869418488	0.1355663732	-0.1044475547	-0.2012167288	-0.0920545981	0.0124920591	-0.1405818242	0.1489877092	0.136024874	0.000195453181476	-5.401295766000109e-07	3.8201946149090196e-08	2.91739959518107e-13	-0.0010104323411326	-0.0105467435615338	0.0001112337997527	1.020973516006707e-06	0.0337450144171072	-2.150892015599648e-06	0.0011387259980107	4.626336462770317e-12	0.0002159999581917	0.0002389999492905	4.6655981938816155e-08	5.71209757609032e-08	2.3365309687051194e-11	2.2391866139059857e-11	5.459376967718084e-22	5.013956691895754e-22	4.611103802932247e-12	7.743130745282599e-12	2.1262278281416232e-23	5.995607373854065e-23	0.0	0.0	0.0	0.0	0.0	0.0	0.0	0.0
838.6260046017615	-0.4189467924671817	0.1755164149185398	703293.5755943137	1260.8115860196303	6.703317316995936	44.934463052337584	1589645.8554413358	804.746364890091	-0.9474624756513776	0.8976851427674374	647616.7118038154	922.569458080612	866.1304579216817	1.413616	28.749815	0.0227558093929863	0.0167043551736921	0.1018914442	0.0735355507	0.0619675085	-0.1710267187	0.0966878937	0.0664036996	0.1297136067	-0.0165256537	0.0291523563	0.1281970036	-0.0975152496	0.2360819364	0.0457537496	0.008415001	-0.1557219138	0.0897773122	0.1331934121	0.0275126268	-0.0206293354	-0.004500832	0.0602818413	0.0568421549	-0.0389257327	-0.1772398796	-0.0065895263	0.1023307019	0.0031469664	-0.1318278468	0.0225135811	-0.0128680204	0.1262164244	0.0057377281	0.1253977155	-0.0956190263	-0.0390315658	0.1196724122	0.0199899693	0.1153299739	0.0571996402	-0.1366885916	0.0896145079	-0.0909746952	0.0580195227	0.012070143	-0.1138557451	-0.0361969798	-0.2171472139	-0.0506195198	-0.0119288598	-0.0961036809	-0.0783016343	0.0413251299	0.2247121887	-0.0026291144	-0.0678069889	0.0628623989	-0.153386751	-0.1107676821	-0.00583823	-0.1338422904	0.1807333521	0.009316454	0.0157746113	0.0408004259	0.2314026664	0.0042870099	0.0292016195	0.0178304596	-0.0044353832	0.0303276487	0.014914708	-0.0309539242	0.169628603	0.0747594346	-0.1217143423	0.156974189	-0.1525271953	0.0320731833	-0.0635077119	-0.0620377746	0.0531642696	-0.1401093126	0.1475373187	0.1304173552	0.0001945616137675	-8.915677084999902e-07	3.785422155181385e-08	7.948929788399235e-13	0.0148876250341771	0.0158980573753097	0.0002527482283086	0.0002216413791582	0.033688148275786	-5.686614132120044e-05	0.0011348913342513	3.2337580287627396e-09	0.0003519998222592	0.0001359998640675	1.2390387487050837e-07	1.849596302637848e-08	7.2453154587037716e-12	-1.6119994228347423e-11	5.2494596096131844e-23	2.5985421392195423e-22	-1.374341233265769e-12	-5.985445036198016e-12	1.8888138254544748e-24	3.5825552281347465e-23	0.0	0.0	0.0	0.0	0.0	0.0	0.0	0.0
838.1625453666958	-0.4634592350656703	0.2147944625676562	702516.4524555784	1248.5413456929994	-12.270240326630985	150.55879767328122	1558855.4919048855	804.8711978206686	0.1248329305776678	0.0155832605566088	647817.6450812778	920.1558983780956	875.9962115086073	1.391759	28.30529	0.0415665285257292	0.0285903951924122	-0.1404073137	-0.0820767064	0.0731920131	-0.0786968019	-0.0835645022	-0.0327635307	-0.0990672198	0.0712452343	0.0722776678	0.0867971634	0.195248026	0.1134756642	0.0594876955	-0.062625752	0.0785267646	0.1163448024	0.0900118188	0.1901922392	-0.0354955895	-0.1640814565	0.176918518	-0.0767129043	0.0502353316	0.1621350431	-0.0569421119	0.1280433462	0.0289100029	0.1290347709	-0.0937665458	0.0187415935	-0.001387617	-0.0371890388	0.2521479161	0.0465598701	0.1526614285	-0.0222527528	-0.166727708	-0.1590493954	-0.0822433878	-0.1554484138	-0.0302098881	-0.0423279133	0.0362898201	0.068486061	-0.0704529676	-0.1366045542	0.011585932	0.0764696643	0.0585273064	-0.0060943411	0.0189147375	0.1513058531	-0.1410001481	-0.1374168179	0.0758913001	-0.0613946612	-0.1193971468	-0.1275903211	0.1485694302	0.112742132	0.1094573071	0.0357981343	-0.0108885787	0.1656451702	0.1694144556	-0.0237345264	-0.0396562614	-0.0718810635	0.0865357213	0.0574312953	0.1969825369	0.0608631821	-0.044015295	-0.0069848875	0.0357722427	-0.1815994338	0.0638843814	0.0824069799	-0.1587962939	0.0170347494	0.0246016179	-0.0295421835	0.1458854101	0.124097542	0.0002119250887631	1.7363474995599985e-05	4.491224324724781e-08	3.0149026392282587e-10	-0.0074652691715613	-0.0223528942057384	0.0004996518793729	5.5730243803863535e-05	0.0337310678820159	4.291960622990199e-05	0.0011377849404611	1.842092598929841e-09	0.0003929998607633	4.10000385041e-05	1.5444889055997317e-07	1.681003157337682e-09	0.0003419997268654	0.00034199971962	1.1696381317600823e-07	1.1696380822021645e-07	-6.726802546342075e-08	-6.72666511221875e-08	4.524987249747423e-15	4.524802353194087e-15	0.0	0.0	0.0	0.0	0.0	0.0	0.0	0.0
838.0882684925456	-0.0742768741502004	0.0055170540335247	702391.9457848332	1257.1800636959515	8.638718002952146	74.62744873452951	1580501.7125545568	806.0923118284496	1.2211140077810114	1.491119419999004	649784.8151889344	922.1526717266054	861.5981814582941	1.429947	29.081964	0.047760600140951	0.0289956986883986	0.1090028663	0.0970956778	-0.0529153217	-0.0778759057	0.1489047621	0.0073521674	0.2380608588	0.0721268608	0.0452883471	0.0777694495	0.1020595403	0.0385652932	0.0673353772	-0.0041472502	-0.1727472356	0.0935192993	0.0106590664	0.0520973291	-0.1366001042	0.2362996213	0.215725748	-0.0848342731	0.0513432765	-0.113790975	-0.2327764979	0.0028220323	0.0680364804	-0.0080682957	0.1260094848	-0.1445065044	-0.0573216192	-0.0260635983	0.0061652393	0.0212369639	0.0470895316	0.0985667403	0.0270820963	0.1319591606	0.0674939399	-0.1496133595	0.2111614127	-0.0095391135	0.0469929366	0.0067448151	0.0494842305	-0.1956184091	-0.134023817	0.0595723305	-0.0087664736	-0.0088688916	-0.0158416805	0.089108196	0.1076768499	0.0151073921	0.0729270754	-0.1018562535	-0.1268624812	-0.1288347231	0.0412147336	-0.1234115619	0.0563898541	-0.1758421207	-0.0160120513	0.1129199452	0.1825571444	0.058397754	0.0456977877	0.0069926676	0.0235123472	-0.0026588356	0.0830945575	0.0360990498	0.1801217549	0.0357054334	0.0402141431	0.2273503202	-0.0767443864	0.051311264	0.1912006905	0.0465242919	0.0485734499	-0.0807404737	0.1440342395	0.1170999511	0.0001619537112418	-4.99713775213e-05	2.6229004584992334e-08	2.497138571376287e-09	0.0115410764918948	0.0190063456634561	0.0003612411754787	0.0001331964465917	0.03378215291184	5.108502982410085e-05	0.0011412338553589	2.609680272129273e-09	0.0001100000369675	-0.0002829998237958	1.2100008132851369e-08	8.008890026845386e-08	5.19999928874082e-05	-0.0002899997339779	2.703999260290503e-09	8.409984570730602e-08	-2.864396263555597e-09	6.440362919986517e-08	8.204765954671266e-18	4.147827454113724e-15	0.0	0.0	0.0	0.0	0.0	0.0	0.0	0.0
839.0578925534636	0.9696240609180222	0.9401708195111564	704018.1470562597	1251.9715957290016	-5.208467966949911	27.128138562743334	1567432.8765122227	805.9254282933458	-0.1668835351038069	0.0278501142887435	649515.7959698129	920.9000284908382	874.3453077313864	1.397062	28.413137	0.0803145613552837	0.0509095866806095	-0.1447135043	-0.0424788199	0.0352849938	0.0238117956	-0.0484539723	-0.0553890545	-0.1273052041	0.0779057564	-0.0227924775	-0.0368979495	0.174606691	-0.1040380366	0.0643128376	-0.1148634555	0.1407443392	0.061428822	-0.0763205061	-0.0474177892	0.036447807	-0.0827346418	0.0719672916	0.0655365554	-0.0435528383	0.0733502353	-0.0853244963	0.0049395723	-0.0153343504	-0.2020181342	-0.0316184605	-0.1316247378	0.1070077318	0.1329500151	-0.1730402019	0.0567299258	0.0839148798	-0.0880689293	-0.0778571596	-0.123489466	-0.0929279832	0.050835005	-0.059846096	0.036538154	-0.0019806733	-0.0257561879	-0.00939483	-0.192863996	0.0930703909	0.0667722375	0.0605856239	0.0994461164	0.1298157099	0.1797703632	0.00227445	-0.0786373689	-0.0667355449	0.035226331	0.0169266139	-0.1568632201	0.0881969917	0.1108744178	-0.1508392355	-0.0284313546	0.0079186931	0.1626789639	0.138731114	0.1977197788	-0.0854739389	-0.1435988695	0.0502688031	-0.0316519416	0.1476296271	0.0636268987	-0.0272695373	0.1459205107	-0.0602624146	-0.1217814049	-0.1190523922	0.1472696679	-0.0645233096	0.1418976025	0.0427533138	0.0345759712	0.1419863355	0.1094628008	0.0001911950605233	2.9241349281500017e-05	3.655555116850836e-08	8.550565078026816e-10	0.0231499234317738	0.011608846939879	0.0001347653272735	0.0005359189548969	-0.005644185877685	-0.039426338789525	3.185683422185879e-05	0.0015544361903464	0.0006429998954149	0.0005329998584474	4.134488655035723e-07	2.8408884910494845e-07	4.432454403513475e-11	-5.199994856286416e-05	1.9646652039225995e-21	2.7039946505405192e-09	1.412543790702686e-11	2.878521701462624e-09	1.9952799606527133e-22	8.285887185791279e-18	0.0	0.0	0.0	0.0	0.0	0.0	0.0	0.0
839.13420928117	0.0763167277063985	0.0058242429278125	704146.2211859344	1258.325173232962	6.353577503960423	40.36794709883196	1583382.241591764	806.275129793796	0.3497015004502373	0.1222911394171473	650079.5849240026	921.9641744016692	869.7354769989117	1.429781	29.078575	0.1339795235240187	0.0757835096922831	0.1452925428	0.0111352299	0.1209962903	0.065832709	0.1751113119	-0.000830584	-0.0791740267	0.0498241884	0.052318461	-0.0833738731	-0.153481937	-0.0392541293	0.0571365959	0.0259482687	-0.1656842725	0.0725194634	-0.0133219778	-0.0574090482	0.0815138089	-0.2168093572	-0.2076955988	0.0900521027	0.195172563	-0.1878166145	-0.081864743	0.0591360899	-0.1185213716	0.0790134306	0.2352906726	-0.0840500543	-0.0065147093	0.1174497077	-0.0693771506	-0.001274849	0.0916736135	-0.0594393236	-0.0311631318	0.1480786388	-0.0439239485	0.0476585303	-0.0469439261	-0.0557329612	-0.0609577149	-0.1884608797	-0.1589831019	-0.0165575939	0.0732946358	0.0257766449	-0.0489829299	-0.0211817912	0.061743001	0.0903381459	-0.2220669978	0.1748656693	0.011962481	-0.0543771235	-0.1819492152	0.1319180083	-0.1599799276	-0.0504481779	0.0352719656	-0.01008783	-0.1584949383	0.1048906511	-0.086457757	0.1477403557	-0.1816946875	-0.0393079596	0.0172722563	0.088576363	0.0425404578	0.1454306777	-0.0932101685	-0.1092144062	0.0207463141	0.1464534078	0.0704053265	0.0160491133	0.0664937733	-0.0444788281	0.2166082762	-0.1784401411	0.1397444952	0.1012278027	-0.0028936405277733	-0.0030848355882966	8.373155503972144e-06	9.51621060682123e-06	-0.024556638840238	-0.0477065622720117	0.0022759160838133	0.0006030285111298	0.0337439558131222	0.0393881416908072	0.0011386545539179	0.0015514257058551	-0.0002329997607675	-0.0008759996561824	5.428888851771224e-08	7.67375397631683e-07	2.7011060055315284e-11	-1.7313483979819466e-11	7.295973653118489e-22	2.997567275194653e-22	8.163260120500927e-12	-5.962177786525932e-12	6.663881579496081e-23	3.5547563958143265e-23	0.0	0.0	0.0	0.0	0.0	0.0	0.0	0.0
838.9077113610005	-0.2264979201695496	0.0513013078411316	703766.1481809516	1256.6168267034716	-1.7083465294904272	2.918447864821987	1579085.8491543029	806.2461564214875	-0.0289733723085419	0.0008394563029293	650032.8647444217	922.5834961665496	862.0643269753497	1.349985	27.455706	0.1033533696604403	0.0610756842266589	-0.0471289999	0.1200457231	0.026094933	0.027649401	-0.0638599144	0.1521341316	0.0641450443	0.0895884599	0.1104806055	0.0788730434	0.0283303111	-0.0474540828	-0.105829627	0.2061817917	-0.0077772779	-0.006364239	-0.1338626856	0.0807032581	0.1898880294	-0.0238843719	0.1221110744	0.0448684926	-0.0086576048	0.020418799	0.2213300693	0.0839515786	0.0379583655	0.0732630411	0.035329066	0.0557525276	0.0144518809	0.0570162119	-0.0904320764	-0.0781870131	-0.1736081272	0.041980569	-0.2244765528	-0.0492302753	0.153983937	-0.145098021	-0.0086670887	-0.1942522009	-0.0086835356	0.1049306372	0.0059321768	0.1500270068	0.2328385179	-0.1821309473	0.1315387502	0.0327046978	0.0958024034	0.0036005806	-0.0590941713	0.2850415494	-0.0169490131	-0.023933364	0.0645525111	-0.0166056634	0.1437188008	-0.1479424402	0.0294522919	-0.0171143279	-0.1942614721	-0.0160135262	-0.0320531913	0.0381145547	0.0062123744	0.1140455222	-0.0964223519	0.0817962368	-0.0030793784	-0.0027669109	-0.2570544337	0.1287267623	0.1902010362	-0.0671078279	-0.1596288511	-0.008131704	0.1351469129	0.0528997492	-0.0387532205	-0.005043434	0.1373117808	0.0924399334	0.0001961663527367	0.00308980688051	3.8481237946019406e-08	9.546906558846938e-06	-0.0090443206891848	0.0155123181510532	0.0002406320144194	8.17997367288162e-05	-0.0219044953607436	-0.0556484511738658	0.0004798069170088	0.0030967501180501	-0.0006399999708196	-0.0004070002100521	4.095999626490889e-07	1.6564917098245354e-07	5.594207652670492e-08	5.5915065466649614e-08	3.1295159261197103e-15	3.1264945461397115e-15	-0.0001749997358194	-0.0001749997439826	3.062490753685979e-08	3.0624910393996584e-08	0.0	0.0	0.0	0.0	0.0	0.0	0.0	0.0
837.481097806588	-1.4266135544124836	2.0352262336334204	701374.5891833277	1254.2077140280728	-2.4091126753987737	5.803823882767038	1573036.989927524	806.0531383851898	-0.193018036297758	0.0372559623362426	649721.6619006139	921.1715035766136	866.2846827273038	1.220171	24.815573	0.0693643230197723	0.0393754324343546	-0.1365389463	0.0687328995	0.0168546955	0.1686339572	-0.1316682308	0.0042396413	0.085841877	0.1761622274	0.0750588685	0.0940994057	-0.0817091976	0.0316955715	0.0490301346	0.1679829346	0.041055586	0.0526158466	-0.05531012	-0.1593647829	0.1619567064	0.0374799446	0.0457668196	-0.2452895468	-0.0986254616	-0.1110342818	-0.036286242	-0.012139255	-0.0730951347	0.0430407787	0.1075528783	-0.0233083969	0.0250865504	-0.0179894971	-0.0780609272	-0.1556371966	0.1062277324	-0.108981969	-0.1066866266	-0.0936676242	0.0897154398	-0.0051921377	0.1878322186	-0.0943372593	-0.0475606643	-0.1714087902	0.1617140763	0.089904372	-0.0922041222	0.0384937342	0.1446176975	0.0863933489	-0.035733992	-0.020259307	-0.0917171536	-0.1822824751	-0.2776806949	-0.0377246134	-0.0845559265	-0.0843955038	0.139076989	-0.040546327	-0.1188866851	-0.0326627837	-0.015477551	-0.0987637018	-0.0131287259	-0.0340063162	-0.168429603	0.0631217745	0.0061870134	0.1003127319	-0.1105783166	0.1458299533	0.0649941082	0.1743533116	-0.0078772935	0.0072864683	0.003456292	0.0818078631	0.1390812739	0.053782005	0.046671896	0.1443235465	0.1346915149	0.0831471893	0.0055985144341264	0.0054023480813897	3.134336386912165e-05	2.918536479249497e-05	0.023196870378058	0.0322411910672428	0.0010394944014344	0.0005380947953364	-0.0289731276066476	-0.007068632245904	0.000839442123311	4.996556182783383e-05	-0.0001819997209301	0.0004580002498895	3.312389841863428e-08	2.0976422889884445e-07	1.2788881509351311e-08	-4.3153195017353616e-08	1.6355549026022787e-16	1.8621982402057524e-15	-0.0001400001063992	3.499962942019998e-05	1.9600029791787324e-08	1.2249740595513282e-09	0.0	0.0	0.0	0.0	0.0	0.0	0.0	0.0
840.0525300229054	2.571432216317476	6.612263643115405	705688.2531978844	1255.4226049256215	1.2148908975486847	1.4759598929466489	1576085.916958233	806.2599596938883	0.2068213086985224	0.0427750537317695	650055.1226055904	922.082511785376	876.870202963324	1.408641	28.64864	0.1343868910995876	0.0747302148260707	0.0124250754	-0.118913918	-0.1170199067	0.180256705	-0.0612867836	-0.2372846366	0.0423402966	-0.0548866278	0.0507706817	-0.0913919557	0.0036376855	-0.1874559235	0.0442368479	-0.0691495818	0.1169976298	-0.0728083377	-0.0708252145	0.0177502871	-0.0392299579	-0.0811393014	-0.0830996631	-0.0092960912	-0.0455505691	-0.1349511725	-0.0199356622	-0.0633346006	0.0836763964	0.0070482321	-0.0546115766	-0.1131042972	0.2012031255	-0.0539948148	0.1337894664	-0.0734350905	-0.1128024459	-0.1204324696	0.2018297352	-0.0367071683	-0.1329928752	0.1065913115	0.1020084354	0.0713038989	-0.1312331329	0.0134109048	0.1370512711	-0.0171190917	0.0914351151	0.0514127938	0.0200062399	-0.0686374048	-0.0731460485	-0.0937880077	0.0040157325	0.0691717611	-0.0804269927	-0.0072372231	-0.0300570449	-0.0508639548	-0.0910755837	0.1603681313	-0.0976806429	0.0120802477	0.0504694903	-0.1237448627	-0.0260221871	-0.0029806661	-0.0482802248	0.0060265588	-0.0797121292	-0.2430104219	0.0736747902	0.033158324	0.0482894924	-0.1758016426	0.1725396436	0.020078323	0.0342974841	0.0079463296	-0.0496527301	0.2088560775	0.0281872398	0.0437745612	0.1318872767	0.0734003241	0.0001950256008171	-0.0054034888333093	3.8034984974070834e-08	2.9197691571698307e-05	-0.0195055669279327	-0.0427024373059907	0.001823498151872	0.00038046714118	0.0267572039292645	0.0557303315359121	0.0007159479621122	0.0031058698531026	0.0002890000511572	0.0004709997720872	8.35210295688642e-08	2.218407853062885e-07	-3.299582829185965e-13	-1.2789211467634232e-08	1.088724684665886e-25	1.6356392996386691e-16	7.895431812683651e-13	0.0001400001071887	6.233784350873704e-25	1.9600030012859585e-08	0.0	0.0	0.0	0.0	0.0	0.0	0.0	0.0
842.1650244150007	2.1124943920953	4.462632556634092	709241.9283479188	1257.6875447919292	2.2649398663077136	5.129952597990004	1581777.960324751	807.133605629765	0.8736459358767661	0.7632572212739905	651464.6573369051	922.0352172414764	858.5394781406358	1.427946	29.041256	0.1377535754606041	0.0841555283467221	0.1464036551	0.01947801	0.1268569979	-0.0120517456	0.0810984798	0.1034382641	-0.1680022345	-0.2806907346	-0.1264475965	-0.1438776613	-0.1327728061	-0.0225222581	-0.039199344	-0.0568938936	-0.1277632814	-0.0268539676	-0.211610334	-0.1143618667	-0.0638885086	-0.0073134624	-0.0637890918	0.0515305344	-0.1544244635	0.082788504	0.0033809601	-0.0993975174	-0.0252383702	0.0061198415	-0.0868212559	0.1133802099	0.0393830351	-0.0747148141	-0.1051081326	0.0404811513	0.0239573053	-0.256247059	-0.0109864953	0.1644547019	0.0341988232	0.1129672688	-0.2192062346	0.1608687844	0.0821800189	-0.1900530829	0.0166143535	0.1626502027	0.1403615969	0.102649985	0.0171943409	0.0977129924	0.0666309163	-0.1967244676	0.1130025887	-0.0986595117	-0.0225851912	0.0526649724	-0.1745983348	0.0030520827	-0.1571292653	0.0168374517	0.0500620017	-0.0130870355	0.1195389627	-0.0932527833	-0.0624261066	0.1881768393	-0.1521604447	-0.1254931928	-0.1549544991	0.0958122705	0.0646182593	-0.157850696	-0.1547548554	0.1825031554	-0.0177194522	0.0941357645	0.1008744061	-0.1737029266	0.2383187955	0.1157366449	0.0219728796	0.0740539871	0.1289028963	0.0632525717	0.0001867055707833	-8.320030033799993e-06	3.4858970161517846e-08	6.922289976333391e-11	0.0104842389788615	0.0299898059067942	0.0008993884583271	0.0001099192669658	-0.044298236631846	-0.0710554405611104	0.001962333768691	0.0050488756333335	-0.0004450000533647	-0.0007340001045219	1.9802504749458586e-07	5.387561534381601e-07	-4.6674664133661275e-11	-4.6344705850742685e-11	2.1785242719900868e-21	2.1478317603918632e-21	2.917625123162286e-11	2.8386708050354492e-11	8.512536359307744e-22	8.058051939360608e-22	0.0	0.0	0.0	0.0	0.0	0.0	0.0	0.0
839.5226288194792	-2.6423955955215206	6.982254483231531	704798.244299969	1259.97438738423	2.2868425923009	5.2296490419615	1587535.456864266	805.2402013211084	-1.8934043086566132	3.584979876039428	648411.7818236592	924.4640274630248	891.472565984968	1.376967	28.004459	0.0856724717491612	0.0552875212377264	0.0600850049	-0.067196617	0.0253463745	-0.1676770978	0.1482806414	0.0644681895	-0.4161846307	0.1098976004	-0.146997834	0.0269432457	0.1065088269	0.2878848929	-0.2443576385	-0.1421816873	-0.0330310965	0.1070184822	-0.0924093581	-0.0669355493	-0.0986170755	-0.0743241088	0.0440926771	0.0651489103	0.0349975334	-0.1340842377	-0.0288042687	-0.3488125855	0.0425577798	0.086905188	-0.1076923807	-0.0163835618	0.0544784763	-0.1655143285	0.1445545346	0.0097457573	-0.0394290932	0.1588148294	-0.2545856175	0.0314369276	-0.1215229091	-0.0269363139	-0.2699325249	-0.2119641451	0.3302299916	0.0934265673	-0.0381377444	0.0727207949	-0.0796221042	0.137030054	0.0083486455	0.104203601	0.0652763838	-0.0365525218	-0.0617673536	-0.0920307862	-0.0384221366	0.110711722	-0.1777537063	-0.0518825133	-0.0624889727	0.0744225943	0.1133645854	0.0830172222	0.0320745415	0.0510916739	0.1397966263	-0.0606671565	-0.0142858606	-0.0050244515	-0.0747185576	0.3628673027	-0.0806987851	0.0599214092	-0.2351480554	-0.1545100897	0.0660012685	-0.0271401634	-0.1442191825	0.121168834	-0.0317717962	-0.1489993057	-0.2048055083	0.0594616506	0.1257424501	0.0527593557	0.0002130888274649	2.6383256681599988e-05	4.540684839036592e-08	6.960762331271903e-10	-0.0231181348720781	-0.0336023738509396	0.0011291195284183	0.0005344481599635	-0.0006061930046143	0.0436920436272317	3.674699588433128e-07	0.0019089946763239	-0.0004679997148524	-2.299966148770001e-05	2.190237331019277e-07	5.289844285487911e-10	3.371080015135419e-08	3.3757474815487853e-08	1.1364180468445418e-15	1.1395671059182966e-15	-0.0001439999721474	-0.0001440000013236	2.0735991978451977e-08	2.073600038121156e-08	0.0	0.0	0.0	0.0	0.0	0.0	0.0	0.0
838.1547047868888	-1.3679240325903947	1.8712161589383676	702503.3091563968	1258.4721465220648	-1.5022408621653085	2.2567276079591694	1583752.1435718534	805.0987429375942	-0.1414583835141911	0.0200104742664479	648183.9858796945	922.272685436802	887.2427876435358	1.408471	28.645184	0.0820105168176852	0.0495216402357988	0.0698003943	-0.1560168675	0.1203546364	0.1099042273	0.0015597678	0.038526613	-0.1749345116	-0.0357298886	0.2953492611	0.1574432702	-0.036132489	-0.1186770563	-0.1254473474	-0.1196896011	0.0715821146	0.0439115997	-0.0272241646	-0.0170893746	0.0083519322	0.0896348012	-0.0072821529	0.1134772535	-0.0586859875	0.1192991879	0.1731198044	0.1578192736	-0.0113441058	-0.1150815037	0.0275618566	0.1508252101	0.1304787356	-0.1881623268	-0.2322863083	-0.0333523065	-0.1268487796	0.006923133	-0.1172700352	-0.0415736422	-0.1204141215	-0.1902417156	-0.2457680029	-0.099709027	-0.1433781213	0.0957570595	0.1811027877	-0.0346970752	-0.1042265178	-0.2168626597	-0.2383264489	0.0444405001	0.0001742029	0.0401484924	0.034866463	-0.1406567557	-0.1111211373	0.1106556834	0.0489612312	0.1447142773	-0.0190466262	0.0831681695	0.2073778677	-0.0073991346	-0.0524877176	0.1027386914	0.0716438916	-0.2051170196	-0.1316612999	0.1625517364	0.0022575682	-0.0527413479	-0.0704041893	-0.0020064603	0.1775923537	0.0678072468	0.1142237314	0.1192959917	0.0841724691	0.0806961467	-0.0128007784	0.0063535522	-0.0446346183	0.1346716523	0.1224102548	0.0419779864	0.0001959924249916	-1.7096402473299995e-05	3.841303065408795e-08	2.922869775290582e-10	-0.0157383885416635	0.0073797463304145	5.446065590126773e-05	0.0002476968738883	0.0448058111537648	0.0454120041583791	0.0020075607131468	0.0020622501216806	-2.800000190021088e-05	0.0004399997129521	7.84000106411813e-10	1.9359974739800887e-07	-9.880984919163893e-14	-3.3710898961203384e-08	9.763386297274427e-27	1.1364247087724634e-15	2.529813566002682e-12	0.0001439999746772	6.3999566787312055e-24	2.0735992707038153e-08	0.0	0.0	0.0	0.0	0.0	0.0	0.0	0.0
840.3721512538247	2.217446466935826	4.9170688337261765	706225.3526029811	1255.45850453179	-3.013641990274891	9.082038045548009	1576176.0566011984	807.6174195317736	2.5186765941793965	6.343731786067124	652245.8963311609	922.6475034670066	857.047851213949	1.583186	32.198502	0.176068171768018	0.1147521151754619	0.1129465666	0.1254804546	0.0030219249	-0.1276752067	-0.0001919773	0.0743723414	0.172385228	-0.1781531074	0.1082075748	-0.0440934084	0.1648990716	-0.1078662226	-0.0513142232	0.0787065406	-0.1521818372	0.1567222482	-0.139929924	0.2776206747	0.0743187697	-0.0587427619	0.0492014617	-0.0172971148	-0.2663532281	0.1323692602	0.0877854626	-0.0232711386	0.0973364474	-0.0250101633	0.2775065269	0.0827736706	0.0663607727	0.0923798071	0.0425972169	-0.0035412513	-0.0081639557	0.0069145772	0.0038999586	0.0912498112	0.1594301445	-0.0622383421	-0.0017853981	0.2025981181	-0.0018799585	0.1539489142	0.1283463891	-0.1106839827	0.215526281	-0.113939984	-0.1057345801	0.1418054744	-0.0433391608	0.0087508474	-0.0694028037	0.0766755752	-0.0807640305	-0.0794085013	-0.1948318372	-0.1856897941	0.0091939064	-0.1191957042	0.0180836655	-0.2096862046	0.1344065736	0.0814967991	-0.0247494355	0.0366542846	0.0649668457	-0.1136649247	-0.0698838572	-0.028322763	-0.0547732764	-0.0701515147	0.0087408308	0.0872885158	0.2020061519	-0.1110727009	-0.0159899238	-0.0295880216	0.122490943	0.1325063097	-0.1627371185	0.0277794897	0.1189108618	0.0309673479	0.0001739268559077	-2.20655690839e-05	3.025055120593784e-08	4.868893389963634e-10	0.0257984721112762	0.0415368606529397	0.0017253107929017	0.0006655611632762	-0.061653513907629	-0.1064593250613938	0.0038011557771582	0.0113335878925275	-0.0002899892734292	-0.0002619892715289	8.409377870399534e-08	6.86383783962904e-08	0.0001180262066979	0.0001180262067967	1.3930185467495416e-08	1.393018549081972e-08	-0.0001809829288365	-0.0001809829313663	3.275482053023762e-08	3.275482144594377e-08	0.0	1.0	0.0	0.0	0.0	0.0	0.0	0.0
840.076376086716	-0.2957751671086726	0.0874829494781632	705728.3176589895	1256.0226007980136	0.5640962662237143	0.3182045975675356	1577592.7737154062	805.738298104212	-1.8791214275615855	3.531097339521092	649214.205031872	922.7420035646162	864.6661832586763	1.174653	23.889845	0.0597589890399827	0.032294907322409	0.0039038819	0.1475976319	-0.1716023108	0.1230399063	-0.0213798006	0.058398741	0.073124578	0.1857026773	-0.0095665352	-0.1475128411	0.0304413418	0.0224545396	-0.0421564451	0.13111722	-0.1172148041	-0.0655682239	0.0654567972	0.1735957471	0.0482188832	0.0530171427	-0.0644529756	0.0504435629	-0.0704210571	-0.0996111133	-0.0540069272	0.0353956832	0.1670566788	-0.1382544573	-0.0913309365	0.0305650355	0.0009683313	-0.0671221501	0.1251520475	0.0260473278	0.1081818521	-0.1470233634	0.118139703	0.0445038576	0.1136120143	0.1407304839	0.0816148687	-0.113434672	-0.010296076	0.0751232073	-0.1013909588	-0.0482711742	0.1988826398	0.0565947297	-0.0029030105	-0.0189424194	0.0908019623	0.1001910724	0.07129095	-0.0489169727	0.0335319246	-0.1562604337	0.0159444891	-0.1479486584	-0.0493534311	-0.1420700219	-0.1564284331	-0.0237695546	0.0847091735	0.1570646359	-0.0538385263	-0.0202507757	0.0152836798	0.1168366629	-0.0959726303	0.0337733662	-0.0469044154	-0.0220802744	-0.2104702445	0.1812939103	0.0238327887	-0.1106861592	-0.0058911929	-0.1624849584	0.0276229488	-0.0315510789	0.1160046384	0.1152578968	0.1152490509	0.0197875765	0.0001513736187916	-2.25532371161e-05	2.291397246606464e-08	5.086485044150306e-10	0.0047647318449435	-0.0210337402663327	0.0004424182295915	2.270266955421869e-05	-0.0409505153783413	0.0207029985292876	0.0016769447097517	0.0004286141481036	-4.900003147851166e-05	0.0002409892419506	2.401003084895134e-09	5.8075814735967417e-08	4.418683863249839e-09	-0.000118021788014	1.9524767083344525e-17	1.3929142446030231e-08	-0.0001800000186563	9.829101801999923e-07	3.240000671626835e-08	9.661124223407815e-13	0.0	0.0	0.0	0.0	0.0	0.0	0.0	0.0
838.5523522966636	-1.5240237900524107	2.3226485126457144	703170.0475422678	1258.8931405203682	2.8705397223545788	8.239998297615502	1584811.9392492354	805.8786737273269	0.1403756231148918	0.0197053155648941	649440.4367685155	923.4467044859442	870.7307543907875	0.972121	19.770781	0.0708160333271956	0.058665462931746	-0.0649853137	0.098053991	-0.1165677651	0.1852453278	-0.0521324683	-0.0079172779	0.1012889104	0.1557833159	0.0113393966	-0.004251296	-0.1444640471	0.0584972162	0.0106889544	0.1783612024	-0.0027219574	-0.1637239277	-0.0608378128	0.0941205505	0.0322845152	0.0047368617	-0.119462335	0.1172536412	0.0095356069	-0.146170886	0.0396687245	0.0824152468	-0.0495774798	-0.0285522591	-0.2346548245	-0.0104215119	-0.1312148093	-0.0607342057	0.1261274168	0.0706487237	-0.022025266	0.1465493515	-0.1543196196	0.0210483857	0.0837239788	0.127805262	0.1422289016	-0.273941097	-0.1210192628	0.0215044998	-0.1381571796	0.1040089945	0.1583719557	0.0219652181	-0.088350778	-0.0115780972	-0.0187474205	0.0486318609	0.1131182803	0.049916864	-0.0778278634	-0.0984701351	0.1542782875	0.0701901814	-0.0299095707	-0.12478104	-0.132613877	0.0846618316	-0.1087865546	0.1369360372	-0.0207604411	-0.0287657579	0.0317602941	0.1683927445	-0.0221628783	0.0870801333	-0.2212423011	-0.0495826782	-0.1177462248	0.1190886256	0.1130035649	0.0007897055	-0.051824362	-0.1508025769	-0.0938187663	0.0082338732	0.0509996524	0.0954764285	0.1114298236	0.0084997322	0.0001957925566244	4.4418937832800006e-05	3.8334725229518884e-08	1.973042038194152e-09	0.0046747216704403	-9.001017450319983e-05	8.101831514096484e-09	2.185302269608415e-05	0.0164308625465707	0.057381377924912	0.0002699732440242	0.0032926225325615	-0.0001350001047636	-8.600007328508834e-05	1.8225028286182977e-08	7.396012605040565e-09	-1.1507905739449598e-11	-4.430191768989289e-09	1.32431894508057e-22	1.9626599110020445e-17	3.6657952471068e-12	0.000180000022322	1.3438054793710804e-23	3.24000080359548e-08	0.0	0.0	0.0	0.0	0.0	0.0	0.0	0.0
837.2343892214877	-1.3179630751758395	1.7370266675269557	700961.4224950776	1258.7889729864587	-0.1041675339095036	0.0108508751207875	1584549.6785123034	805.72076383289	-0.1579098944368979	0.0249355347610722	649185.9492714558	922.2944648830036	869.0429079730297	0.886267	18.024717	0.0504647922855776	0.0312663697818757	-0.0880608211	0.0897386301	-0.0661414634	0.2107330003	-0.1456922866	-0.0062401158	0.0903472847	0.1356717659	0.1977205473	-0.0075334812	-0.1480514865	0.1270787024	-0.0050131161	0.1044799121	0.0862060128	-0.1817093512	0.0296472984	-0.0865706402	0.0134473458	-0.0087609312	0.1155423879	-0.1173638484	0.1549872417	-0.1340146862	0.0107860952	0.108379853	0.126014048	-0.0430091628	-0.1208132064	-0.0960653223	-0.0528110156	-0.2135680954	-0.1525932652	-0.0016758752	-0.0071285248	-0.0929405377	0.1670603044	-0.0579193077	0.0538218291	-0.0113153781	0.176759912	-0.2443694468	-0.2655719156	0.0208260567	-0.0320984006	0.116962101	-0.1219183861	0.1167011356	0.0695457876	-0.0251286192	-0.102562937	-0.0488165462	0.0422328915	-0.0512449221	-0.1520015195	0.1121555532	0.1440075208	-0.0770040148	0.0275191641	-0.1108276975	-0.1013434859	0.1315068091	-0.1997275847	0.0426103331	0.0089209248	-0.0651921069	-0.0740860659	0.2016132656	-0.0070259891	0.0049217028	-0.2106021268	0.0055045475	0.135881476	0.0503008904	-0.0830479479	-0.0780264565	0.0287363508	0.0127317047	-0.2135882949	0.0264457079	0.0496816176	0.0765516069	0.1074583966	-0.0028345346	0.0002137208117005	1.7928255076100008e-05	4.567658535392058e-08	3.2142233007370567e-10	0.004734035686809	5.931401636869935e-05	3.518152537786334e-09	2.2411093883981155e-05	0.0395675594664481	0.0231366969198773	0.0015655917621309	0.0005353067443622	0.0002949999961126	0.0004300001008762	8.702499770643403e-08	1.8490008675354218e-07	0.0001150000265572	0.0001150000380651	1.3225006108156709e-08	1.322500875497577e-08	-1.6919278008866367e-08	-1.6922943804113474e-08	2.8626196834130904e-16	2.863860269971826e-16	0.0	0.0	0.0	0.0	0.0	0.0	0.0	0.0
839.1001326801141	1.865743458626412	3.480998653407245	704089.0326637852	1256.042478288923	-2.746494697535809	7.543233123592314	1577642.7072661794	805.3762300302133	-0.3445338026767786	0.1187035411869213	648630.8718976789	919.9452180061631	868.4288352153023	1.238134	25.18091	0.1319706910268192	0.0755161644799551	-0.171819183	0.0291691184	0.1606770638	0.0015070468	-0.2754389695	-0.0683713213	0.0947609519	-0.093158992	0.080179122	-0.0352947241	-0.0970382277	0.0960833878	0.1565652021	0.0164683958	0.1525582495	0.0472827222	-0.0675508083	0.0181961819	-0.0730740572	0.039293093	0.2680258081	0.1149992704	0.1987281717	0.0997438754	0.0605563344	0.0953180651	0.1289505503	-0.0429944324	-0.0658710173	0.0476421124	0.117586546	-0.0437709613	-0.114853839	-0.0345665987	0.0611751756	-0.0809554202	0.0970866657	-0.2100848612	0.043180168	-0.1239220626	0.0970889128	0.0683092245	-0.1904875431	-0.1515119897	-0.0226795313	-0.0154498726	-0.0852687312	-0.0380191802	-0.0468912224	0.0956220947	-0.0084429524	-0.2532664082	-0.0150438388	0.0298848956	0.1568622284	0.1227532427	-0.0389617925	-0.218911654	0.1953532569	-0.027273663	-0.0065232643	0.0940911902	-0.1415186812	-0.0656519519	-0.0897603532	-0.0175724222	-0.0763962632	-0.1561705324	0.0748488846	-0.0779725923	-0.1674968991	-0.130266942	7.86668e-05	-0.0722607902	-0.0638607257	0.051907097	-0.0064492481	0.0435660151	0.0159796645	0.1489095402	0.0703918186	0.1460004684	0.1033401944	-0.0141533203	0.0001838307680799	-2.98900436206e-05	3.3793751292845986e-08	8.934147076413705e-10	-0.0124354065103631	-0.017169442197172	0.000294789745362	0.0001546393350779	-0.0282059917040271	-0.0677735511704752	0.0007955779680076	0.004593254238257	-0.0003949997991308	-0.0006899997952433	1.5602484131337233e-07	4.760997174359338e-07	2.665530196566124e-08	-0.0001149733712552	7.105051228805839e-16	1.3218876097793948e-08	-0.0001349999050904	-0.0001349829858123	1.822497437441701e-08	1.8220406458828183e-08	0.0	0.0	0.0	0.0	0.0	0.0	0.0	0.0
840.3383617131504	1.2382290330363048	1.5332111382540226	706168.5621667417	1251.710040606661	-4.332437682261798	18.770016270681975	1566778.025755529	807.0718002523878	1.695570222174524	2.874958378324965	651364.8907626302	920.9673787182523	876.7973320665699	1.174763	23.892084	0.0548500868362067	0.0332535717391325	-0.0856800311	-0.1267348463	0.046199097	-0.150795517	-0.1513690649	-0.2376036064	-0.0152942917	-0.1504036167	-0.0442925259	0.0938117474	0.0414473675	0.0825575931	0.0300269863	-0.1700549093	0.1784522539	0.1265683128	-0.0789295304	0.0644033046	0.0792910316	0.26635134	-0.1067497656	0.0053576363	0.0674645502	-0.0056500009	-0.0910530513	0.0533911259	-0.1057435775	-0.0914820176	-0.103804471	0.1870844008	0.1556616348	0.0229095109	-0.228980243	0.0459747041	0.0737459421	0.0419759453	0.111565887	-0.1134786037	-0.065922005	0.0029885458	0.1646151719	0.2578122975	-0.0436641155	-0.0959411884	0.0207910493	0.1154641522	-0.1065394001	0.011524729	-0.1713164167	0.3477694286	0.0307314287	0.1060992266	0.169276703	0.0051806194	0.1990553264	0.1839014538	0.1206514461	0.0258565361	0.1334004574	0.1358273871	-0.037473054	-0.0760161255	-0.0046816682	-0.1296076188	-0.0910488098	0.0019868774	0.1394510215	-0.1297824938	-0.1173502773	0.0435203229	-0.2492911768	0.0455673812	0.0206310337	0.1009525216	-0.1475914614	0.0617081948	0.116259058	-0.0439390649	0.0374617208	0.070954511	-0.1309207217	0.1338416084	0.0990808418	-0.0253948054	0.0002247687904315	4.09380223516e-05	5.0521009152039574e-08	1.6759216740601012e-09	0.0176831108367707	0.0301185173471338	0.0009071250871895	0.0003126924088655	-0.0412971342381638	-0.0130911425341367	0.0017054532962849	0.000171378012849	-0.0004129998759404	-1.8000076809600025e-05	1.705688975267858e-07	3.2400276515150064e-10	7.900011246286809e-05	7.897345716090243e-05	6.241017769145806e-09	6.2368069359448915e-09	1.6339590791232105e-08	0.0001350162446811	2.66982227224917e-16	1.8229386327811298e-08	0.0	0.0	0.0	0.0	0.0	0.0	0.0	0.0
840.3733540907184	0.0349923775679599	0.0012244664878586	706227.3742656839	1258.604680496427	6.894639889765813	47.53605920954994	1584085.7417675129	805.2350542411089	-1.836746011278933	3.3736359099490705	648403.4925786816	922.580763562035	881.1933733896556	1.057215	21.501404	0.1075148802970918	0.0685464383662355	0.00417101	-0.1609688263	-0.0470252625	-0.0983602624	0.1018648417	-0.1587594489	0.0073051588	0.0127250601	-0.0955480984	0.1402975056	-0.038362882	-0.1069116595	-0.1655146524	-0.0737641901	0.0589833379	-0.0655074297	0.1075822672	0.023518522	-0.0193628716	0.001916331	-0.077659893	0.0547521524	0.0586610467	0.0846273201	0.1046138153	-0.0297086958	-0.1036297472	0.205742654	0.0513441507	-0.2314390761	-0.0389663441	-0.0086875418	-0.0739511425	0.0914397096	-0.0407837072	-0.0278955151	0.1078965126	0.0043810446	-0.1322954336	0.0326309007	0.0512777304	0.1055374676	0.0586641226	0.0247842056	0.1423282391	0.1095798987	-0.0964428781	-0.0633216473	0.0038639029	0.0113692132	0.0826471515	0.0075468786	-0.0886272111	0.0903432041	0.1232709427	0.0604546559	0.163442063	0.0722308525	0.0363589066	0.1858394193	-0.0242033297	-0.1024269563	-0.0241642401	-0.1211275147	-0.0472365992	-0.0736402337	0.082038623	0.0999927233	-0.1175766259	-0.0019560242	-0.1050511327	0.0764067219	-0.0008765197	-0.0487580301	-0.2513746685	-0.0614512959	-0.0804985244	0.0297170388	-0.0901215287	0.1099565538	-0.0128481463	-0.0892446494	0.0946861568	-0.0364975928	0.0002030654471809	-2.170334325060001e-05	4.1235575838778895e-08	4.710351082533651e-10	0.0111710801714366	-0.0065120306653341	4.240654338625169e-05	0.0001247930321966	-0.0017668093307747	0.0395303249073891	3.1216152113125434e-06	0.0015626465872837	0.0007370001235814	0.0011499999995218	5.431691821589989e-07	1.32249999890014e-06	-1.3510970120478303e-11	-7.900012597383821e-05	1.825463135964575e-22	6.241019903882306e-09	3.7464069119110676e-11	-1.6302126722112998e-08	1.403556474961503e-21	2.6575933566383057e-16	0.0	0.0	0.0	0.0	0.0	0.0	0.0	0.0
840.5056748799846	0.1323207892661457	0.0175087912720157	706449.7895054583	1260.5773553804318	1.9726748840048456	3.891446197983532	1589055.2688979234	807.7099017023081	2.4748474611992606	6.124869956204425	652395.2853079522	922.5589968557576	872.0308380385139	1.328353	27.015753	0.1191710094808023	0.0607539889110329	0.1495926897	-0.0266665542	0.1335342915	0.1646589168	0.1824261222	0.0258248833	-0.0825860679	-0.1056966984	-0.0450149083	0.0777429409	-0.0010834984	-0.1761287397	0.1323597934	-0.0521625556	-0.1065992066	-0.0346173895	-0.1896550036	-0.0907158529	0.036471323	-0.0863240555	-0.2437389808	0.0029983518	0.0175965159	0.0705049194	0.0455167147	-0.050380075	0.0117160674	-0.0075680068	-0.0153246675	0.0534250425	-0.020888647	0.0178279808	0.1350431817	0.2207254358	-0.066769425	0.0496161365	0.1637585287	0.17947888	-0.0353191348	0.0368972416	-0.1198256696	0.0729916035	0.0134941315	-0.2399616746	0.1313860426	0.0408635744	0.085170359	-0.0992182731	-0.0566579874	0.0082783617	0.0549833305	0.0024946509	-0.0569883426	0.0786263972	0.0190238975	-0.0652834079	0.1297575699	0.0201392775	-0.1587405435	0.0313383185	-0.0277643304	-0.0861376653	0.0613109287	-0.1396645598	-0.1641050188	-0.0488468984	-0.1973374805	-0.0864124232	0.0521189918	-0.0896116085	-0.0456274113	-0.0273999791	-0.1582559288	-0.0506195555	-0.1860910886	0.0023240732	-0.2394342662	-0.0958856838	-0.1191521666	0.0882794184	-0.1169859614	-0.0438505983	0.0901621419	-0.0474010431	0.0030839404681586	0.0028808750209777	9.510688811146285e-06	8.299440886493263e-06	-0.0117151023589059	-0.0228861825303424	0.0005237773508121	0.0001372436232796	-0.0380197242312476	-0.0362529149004729	0.0014454994306201	0.0013142738387809	-0.0002039997165456	-0.000940999840127	4.161588435068514e-08	8.854806991190395e-07	0.0002020002693539	0.0002020002828648	4.080410881904815e-08	4.0804114277487546e-08	2.0655052384842298e-08	2.0617588315723187e-08	4.266311890205795e-16	4.250849479566453e-16	0.0	0.0	0.0	0.0	0.0	0.0	0.0	0.0
841.2234000125194	0.7177251325348379	0.5151293658721506	707656.8087286232	1261.5963457520656	1.0189903716338904	1.038341377482574	1591625.3396149655	806.9901541947679	-0.7197475075402053	0.518036474610338	651233.1089672953	924.1482832522792	863.2569639880444	1.35089	27.474108	0.0935610563302195	0.0530625034112382	0.090846126	0.1297177729	-0.0544970638	-0.1452916366	0.0924501652	0.1446821475	0.0888525367	-0.0185133458	-0.0832823673	-0.096733764	0.0110528225	0.0511445908	-0.1243241929	0.0732812217	-0.1182343161	-0.0097794379	-0.0101229452	-0.013155429	0.1841759768	0.0933975852	0.0881944969	-0.1158296985	0.093373513	-0.0961696928	-0.0586375614	-0.0173603803	0.0811536872	-0.0272413432	-0.0389545175	0.0193767329	-0.3361214847	0.0184013961	-0.1801027479	-0.0636866013	-0.0459641369	0.2162279284	0.0310100787	0.1071409825	0.1381932028	-0.0341593086	-0.0646128516	0.017716246	0.0686051457	0.1850073618	-0.0341316673	0.0954553912	-0.1090610819	-0.2002440912	0.0018236714	0.0830654096	-0.2047423453	0.0275843533	0.10537955	0.0893344494	-0.0003287395	-0.125262684	0.1032166699	0.0163134569	-0.0850975616	-0.1718768659	0.1220292124	0.0989292921	0.0257273994	-0.1301356265	-0.040223555	-0.1108756862	0.1263491875	0.0076893868	-0.0890215515	-0.169781497	-0.1163064049	0.0089130527	-0.0395490465	-0.045310746	-0.0864449408	0.0005753119	-0.0372338856	-0.0016685819	-0.1373446176	0.0081203343	-0.0758539962	-0.1515462651	0.0855149763	-0.0580456054	0.0001550859231969	-0.0029288545449616	2.4051643573834773e-08	8.578188945542805e-06	-0.0162202965821904	-0.0045051942232844	2.0296774989516023e-05	0.0002630980212142	0.0007088564863266	0.0387285807175742	5.024775182072932e-07	0.0014999029643976	-0.0008220000350702	-0.0006180003185246	6.756840576554101e-07	3.8192439369650717e-07	5.25572994014567e-08	-0.0002019477120544	2.762269720374361e-15	4.0782878404046656e-08	-0.0001279998512565	-0.0001280205063088	1.6383961921686124e-08	1.6389250035583228e-08	0.0	0.0	0.0	0.0	0.0	0.0	0.0	0.0
842.1035994176453	0.8801994051259499	0.774750992784076	709138.4721521541	1265.5018812610258	3.905535508960156	15.253207611748666	1601495.0114751954	808.0873885985674	1.0972344037994617	1.2039233368811602	653005.227612052	923.5672258711952	875.3556162839009	1.37454	27.955097	0.0836971581777493	0.0523972404146872	-0.1803528327	0.0767768272	0.1419344653	0.0295485089	-0.1829288559	0.1623260377	0.0260496105	-0.0123390101	-0.068266243	0.0763153756	-0.1241361076	0.0194399793	0.0311819106	0.1921878688	0.0840316192	0.1321920064	-0.1446557247	-0.1273761428	0.0322687045	-0.0652921024	0.0227238316	-0.0140362427	0.1132056458	-0.0212358681	0.1366469733	-0.0015931476	0.1971671538	-0.01104552	-0.0408369882	-0.1225151028	-0.0249846111	-0.0441751643	0.0521789335	0.0312168814	-0.0493599342	-0.0266373068	0.2037054703	-0.1634868465	0.1291348592	-0.0673005452	-0.0231158332	-0.0515881802	0.0816053741	-0.1486322102	-0.047505201	0.0704915963	0.071507499	-0.0958740014	0.0439142887	-0.0962694237	-0.0688563013	-0.1135060994	-0.0338694863	-0.1733786894	-0.0172745884	0.0154142051	0.0778056254	-0.1093806959	0.145542952	-0.0628524832	0.0532061018	0.1575396902	0.1312759002	-0.0534040001	-0.0876114111	-0.0766826079	-0.1345355672	-0.0950076355	-0.0519007749	-0.0489538458	-0.1032368944	-0.1441265455	0.0269454656	-0.0581118851	-0.0500439081	-0.149868899	0.0518975492	0.1372357341	0.0317386881	-0.1100300628	0.0249841224	-0.1243453201	0.0807510076	-0.0683731426	0.0001985318642852	4.344594108829998e-05	3.9414901136557074e-08	1.8875497970480328e-09	-0.0057361998610758	0.0104840967211145	0.0001099162840576	3.290398884620603e-05	-0.0427581351251404	-0.043466991611467	0.0018282581193797	0.0018893793597513	-0.0003559999586689	0.0004660000764013	1.267359705722585e-07	2.171560712060175e-07	5.560885085742484e-12	-5.255173851637097e-08	3.09234429368332e-23	2.761685221093027e-15	-1.3147269731228484e-12	0.0001279998499417	1.7285070138567672e-24	1.6383961585116414e-08	0.0	0.0	0.0	0.0	0.0	0.0	0.0	0.0
841.8515538505965	-0.2520455670488672	0.063526967868985	708714.0387206638	1257.06835585915	-8.43352540187584	71.12435070408506	1580220.8513024263	807.1093921814783	-0.9779964170891162	0.9564769918391486	651425.5709475552	924.1433862875436	893.5435452404764	1.369135	27.845181	0.0463188666045245	0.0255999067157483	-0.0902625091	-0.16355398	-0.0833109043	-0.1895401155	-0.0347940647	-0.1318349658	0.0318436761	-0.0284277396	-0.1650913135	0.161564972	-0.0011338421	0.1392477136	-0.0126052507	-0.0840152094	0.0887393982	0.1465502256	-0.0145189315	0.0811423659	-0.0380366698	0.1250961771	-0.09531676	0.1681218703	0.1909294386	-0.1019374763	0.2071856674	0.0002062232	-0.1454557909	0.0270918496	0.049263562	0.0214439541	-0.1416898724	0.0357327206	-0.0182242455	-0.0798151581	0.1253827452	0.1420346365	0.1521936395	-0.075332832	-0.1038962074	-0.0585767098	0.1563950071	-0.0081520871	0.1766879894	-0.0172981062	-0.0509314239	0.0548178487	-0.0023799861	-0.0514037637	-0.2224932053	0.0002137027	0.0061299244	-0.0037462974	0.0806118824	0.0306523182	0.0504094867	-0.0422246302	0.044817652	0.2085583693	0.1323719601	0.1336707325	0.0694113485	-0.0095626544	0.0910693745	-0.0018000596	0.0226613168	-0.1120580116	0.1148965466	-0.095815579	-0.1293502474	0.0225964394	-0.1377312958	-0.001123628	-0.1456367272	0.0372468758	0.0061685901	0.1948022882	0.1003960198	0.0469748224	-0.0480380652	-0.0237939185	-0.0539053529	0.0260978862	0.0758767427	-0.0783272495	0.0196442227614568	0.0194456908971716	0.0003858954879017	0.0003781348944683	-0.0082867678649449	-0.0025505680038691	6.505397142360809e-06	6.867052164748347e-05	-0.0304368069164979	0.0123213282086425	0.0009263992152721	0.000151815128825	-0.0004899998891403	-0.0001339999304714	2.4009989135750626e-07	1.7955981366340035e-08	0.0001059997708485	0.0001059997652876	1.1235951419934508e-08	1.1235950241029452e-08	2.5892823084087448e-08	2.5894137811060574e-08	6.704382872638518e-16	6.705063729781967e-16	0.0	0.0	0.0	0.0	0.0	0.0	0.0	0.0
840.020104928408	-1.8314489221884287	3.354205154585157	705633.7766839337	1262.1083626461468	5.040006786996855	25.401668412974363	1592917.5190613377	805.8601324577434	-1.2492597237348946	1.560649857346185	649410.5530848117	923.9517264620948	879.0591587342586	1.355351	27.564844	0.0370232244679912	0.0226146105591375	0.1146596777	-0.1161143527	0.0260126315	0.131306146	0.1414795693	-0.0708823999	0.01990735	0.0662144415	0.0583280608	0.258748309	-0.0546791748	-0.100444619	-0.048185378	-0.1283065271	0.0337775829	-0.0450189328	-0.0682930364	0.115683285	-0.1406804453	-0.1150832015	0.0152316644	-0.0612625374	0.181672902	0.0465214408	-0.1403470141	0.0085589359	-0.1932811479	0.1384269762	0.1749695124	-0.0235652551	-0.1173028907	-0.0415875514	0.0602398507	-0.0857273929	-0.0137270694	0.0604561625	0.1301937126	0.0439667123	-0.1491131867	-0.1298438354	0.053127983	-0.093879933	0.0099322324	-0.0430295592	0.2221735816	-0.0025859468	-0.0300186749	-0.0599908341	-0.1772519874	-0.1496688754	-0.1283260483	-0.0208005323	-0.0583678923	-0.0050848501	0.2239586328	-0.0415106757	-0.1568279761	0.0641812961	-0.0106642356	0.0992805353	0.0697593135	-0.1921648481	0.0899531559	0.0807982623	-0.0563946963	-0.235185732	-0.1424271537	0.0538226208	-0.0668764851	0.0805354549	-0.0930396796	-0.0462915318	0.1334100364	-0.1197939914	-0.009087756	-0.0758140697	0.0579159185	0.0327905595	0.0535770971	-0.1671542047	-0.1481360763	0.1032993419	0.0708988393	-0.0878535601	0.0025793220928846	-0.0170649006685722	6.652902458842593e-06	0.0002912108348282	-0.0103775827068943	-0.0020908148419493	4.37150670331589e-06	0.0001076942228384	-0.0305030246978645	-6.621778136660025e-05	0.0009304345157185	4.384794569114872e-09	-0.0002399997245695	0.0002500001645707	5.7599867793435866e-08	6.250008228542706e-08	2.0723200933048247e-11	-0.0001059997501252	4.294510569114917e-22	1.123594702662584e-08	-1.600287856059774e-11	-2.5908825962648045e-08	2.560921222252388e-22	6.712672627627854e-16	0.0	0.0	0.0	0.0	0.0	0.0	0.0	0.0
840.8695019234261	0.8493969950180826	0.7214752551457487	707061.5192649508	1258.892156293315	-3.216206352831705	10.343983303995016	1584809.4611768324	805.5373623518138	-0.3227701059295214	0.1041805412817544	648890.4421447174	923.5451501161998	864.0675938278689	1.385767	28.183432	0.0734582672344888	0.036473774615854	0.0888829774	0.1395697125	-0.1795628668	-0.0314082024	0.0762147368	0.0710147751	0.1472053175	-0.0596646147	0.009353958	-0.0825856073	0.2282548708	-0.1618004534	0.0274315858	0.1211671875	-0.0916458299	0.0307785876	0.1136252991	0.1144319121	-0.3651882445	0.0390779115	0.0491073098	0.1413173362	-0.1366282621	0.1346640302	-0.1152503925	-0.0406623869	0.0290333507	0.1276797078	0.1448907537	0.0332840591	0.0189603371	-0.101007878	-0.087273997	0.0305033712	-0.0401566278	0.0921565884	0.1306125525	0.1037726011	0.1572488433	0.0056974198	0.0368911123	0.1144369868	-0.02492817	0.1851938658	0.1056423643	-0.2801585347	0.100426734	-0.0378347495	-0.1734204181	-0.0066176463	-0.0513334194	-0.0360967756	0.114612479	-0.1082512474	-0.0434520912	0.1768319223	0.0397864179	0.1694701941	-0.0401426102	-0.1575542577	-0.0750924425	-0.1194983755	0.1459589398	0.0703604816	-0.04842132	-0.1068552271	0.1310371974	-0.100491527	-0.0521953433	-0.1919088296	-0.1011755922	-0.0804029057	0.0744800563	-0.0584658404	0.136974751	-0.1282179722	-0.0540927277	0.1326436575	0.0081285423	0.0949407996	-0.154931063	0.0049739356	0.0658240966	-0.096900045	0.0026584198257069	7.90977328223e-05	7.067195969711504e-06	6.256451337627954e-09	0.0039049193835722	0.0142825020904665	0.0002039898659641	1.5248395392197889e-05	-0.0534940696899184	-0.0229910449920539	0.0028616154919898	0.0005285881498266	-0.0005499994505093	-0.0003099997259398	3.02499395560532e-07	9.609983008275113e-08	0.0004119993516289	0.0004119993309056	1.69743465742634e-07	1.6974344866674373e-07	1.133755345443153e-07	1.133915374228759e-07	1.2854011833209232e-14	1.2857640759123464e-14	0.0	0.0	0.0	0.0	0.0	0.0	0.0	0.0
843.1130733124414	2.243571389015301	5.033612577608047	710839.6543903502	1268.0057356873965	9.113579394081398	83.05732937222507	1607838.5457361357	808.5021321396406	2.9647697878267536	8.789859894810293	653675.6976743449	923.5753525158832	870.7865511511789	1.362451	27.709227	0.0468892437980271	0.0260261611234324	-0.1590336785	0.0843680593	0.0439841906	0.0742221081	-0.1069606105	0.1516896797	-0.0571938095	-0.0075205362	-0.1376369281	-0.0363095031	-0.1634500281	-0.1216225091	-0.0394217757	0.1466178379	0.0946211559	0.0716000559	0.0123156573	0.080812302	-0.0665302114	0.0167342588	-0.0609626943	0.0948319451	-0.0730452043	-0.016882544	-0.1928193362	0.3508631338	-0.1443453962	-0.0657403592	-0.19834749	-0.052549377	-0.2037345951	0.0826691918	0.0517103166	0.1108965818	-0.0755627344	-0.0509163688	-0.0363380135	-0.1026474644	0.1119313053	0.2048878504	-0.016758018	0.0376457297	0.0400747911	-0.1497487109	-0.0587419845	-0.0221854136	0.0380074762	-0.1739318706	-0.1519030421	-0.0245898735	-0.0441093493	0.0914040072	0.0784705056	-0.1596255482	0.090618991	-0.0862745736	-0.090051258	0.0250228643	0.0318799685	-0.0572126227	-0.1635799836	0.1234783837	0.2046266148	0.1388781879	-0.175569929	0.0208248044	-0.0834262215	-0.1179672176	-0.0221996095	-0.0598221372	-0.0791925466	-0.0345852303	0.1268859265	-0.061095021	-0.0374568325	0.1128847188	0.1178171681	0.0145950644	0.0865428609	-0.0657436772	-0.0021148287	-0.0026947958	0.0606594461	-0.1054172954	-0.0028033697043241	-0.005461789530031	7.858881699122192e-06	2.983114487035625e-05	-0.0154388700388352	-0.0193437894224074	0.0003741821892184	0.000238358708076	-0.0553737893335437	-0.0018797196436253	0.0030662565451556	3.533345938630828e-06	-0.0006469995907001	-9.700014019080002e-05	4.18608470366097e-07	9.409027197034856e-09	0.000105000014237	-0.0003069993373919	1.1025002989770202e-08	9.424859315906569e-08	3.3949077975312543e-08	-7.942645656900276e-08	1.1525398953738512e-15	6.30856200310768e-15	0.0	0.0	0.0	0.0	0.0	0.0	0.0	0.0
842.8390436705363	-0.2740296419051446	0.0750922446426618	710377.6535354642	1260.939162012619	-7.066573674777601	49.936463501059805	1589967.5702970857	807.7451396052384	-0.7569925344022295	0.5730376971407105	652452.210555886	923.5872413402296	883.9183282739217	1.39466	28.36429	0.0388801361115049	0.0239707419926845	0.0067548415	-0.1821899471	-0.112212666	0.004700611	-0.0439621037	-0.1561967727	-0.006306426	-0.0532211302	-0.0807126111	-0.0765003213	-0.0594674432	-0.0642332295	-0.1522234007	-0.1076248708	0.102866175	-0.0021582582	0.0070993759	0.1838089051	-0.0031942232	-0.1187253985	-0.2752091092	-0.1503546635	-0.0386330951	-0.0916354565	0.0831935391	-0.1781695527	0.1161264052	-0.1323332835	0.0858057723	-0.1988544331	0.009131973	-0.0203076915	-0.0941586994	0.097329864	0.0355490581	0.04382334	-0.1605432545	-0.0345920566	-0.1284085293	0.1358540053	0.0093941717	0.0775259287	-0.0190561255	0.0638056562	-0.0108145475	0.142891781	0.1154404492	0.0993789056	-0.1413243807	-0.1261883148	0.0376518795	0.0228196031	-0.0210407642	0.0116861313	-0.2987742971	-0.0056390805	0.0775387116	-0.101060676	-0.0875203573	0.1525641008	-0.0062530099	0.0775662117	-0.0208885446	0.1874417222	-0.1739568407	0.1317193325	0.1197603378	0.0482202677	-0.1780839391	-0.0758494164	0.0545882255	-0.0691189157	-0.0649808094	-0.167264848	0.0499561164	0.0513734572	-0.0503712774	-0.0081401893	-0.0576767792	-0.0541362303	0.0192787483	-0.0493064675	0.0554119421	-0.1133587932	0.002595415586299	0.0053987852906231	6.736182065603782e-06	2.914688261424835e-05	-0.0156742056265102	-0.000235335587675	5.538283882633862e-08	0.0002456807220221	-0.0337294958034704	0.0216442935300733	0.0011376788871563	0.0004684754424159	-0.0007740000627412	-0.000127000472041	5.990760971233815e-07	1.6129119898662213e-08	2.722488900985809e-12	-0.0001050000115145	7.411945815990917e-24	1.1025002418047465e-08	-1.4290848235690157e-12	-3.395050706013611e-08	2.0422834329552847e-24	1.1526369296403519e-15	0.0	0.0	0.0	0.0	0.0	0.0	0.0	0.0
842.1724528860428	-0.6665907844934509	0.4443432739715943	709254.440400094	1265.23291015625	4.293748143631092	18.436273120935446	1600814.3169424534	807.7361347106443	-0.0090048945941134	8.108812665109393e-05	652437.663317292	924.2937648132556	869.2701812185813	1.423942	28.959829	0.0490394751777526	0.0276759856877791	0.1147995285	0.0675251027	0.1795853614	-0.1308112065	0.11915202	0.0645538466	-0.0401496465	-0.1058056155	0.0029080701	-0.0216433705	-0.1035946466	0.2143467765	0.1329630388	0.0578725081	-0.1565412853	0.1108860492	-0.0286432844	-0.1167974611	-0.1025378358	-0.1528518672	-0.1095227711	-0.0245416248	0.0484821422	0.0461289646	-0.1891771966	0.0226166068	0.115227725	0.0430735554	-0.0445057926	0.0944475539	-0.0503879962	0.0508411728	-0.141469724	0.0376717085	0.0453268166	-0.2173405006	-0.0731582849	0.1470446716	0.0469082466	-0.0754287764	-0.0122760891	0.0578327991	0.0001583552	-0.1396882861	-0.188482261	5.73161e-05	-0.0045433006	0.1987573914	-0.0863103534	0.0554311561	-0.0579129061	0.020626493	-0.0474766352	-0.0578843749	-0.1570542573	0.1834162941	0.0635146979	-0.0691456394	-0.0400911103	-0.1227513259	0.1413350246	0.0080573527	-0.0905758792	0.043922137	-0.2014995469	0.2032292931	0.0499962967	-0.0848957947	0.0522804032	0.0490315729	-0.0263303937	0.0405831074	0.0627820027	-0.0343875133	-0.117442339	-0.0886564638	-0.0224209545	-0.1125709909	-0.0357046375	0.0120879969	-0.0644795732	-0.0647302141	0.0500887521	-0.1206811645	0.0026345283948501	3.911280855109977e-05	6.940739863271443e-06	1.5298117927549832e-09	-0.015619915463688	5.429016282220214e-05	2.9474217792612196e-09	0.0002439817590927	-0.0569500483193934	-0.0232205525159229	0.0032433080035812	0.0005391940591447	-0.0006499808720448	0.0001240191906964	4.224751340241186e-07	1.5380759660990035e-08	0.0002080590782149	0.0002080590754924	4.328858002763387e-08	4.3288578894756824e-08	-0.0001824321290494	-0.0001824321276203	3.3281481709496935e-08	3.328148118807496e-08	0.0	0.0	0.0	0.0	0.0	0.0	0.0	0.0
842.8768684122515	0.7044155262086633	0.496201233563828	710441.4153044439	1264.901384837067	-0.3315253191829015	0.1099090372593247	1599975.5133627302	808.3598040460581	0.6236693354138652	0.3889634399355722	653445.5727973814	924.6857000016074	874.6104706991748	1.362011	27.700283	0.0419971889904564	0.0203628911151616	-0.1688673364	0.0957193122	0.1569421416	0.002258801	-0.185095939	0.1499329145	0.000149916	-0.0228118841	-0.0039730984	0.1820899016	0.0331024762	-0.02957167	0.0073868381	0.1378316227	-0.0068651875	0.0650141848	-0.1882139401	-0.1083338895	-0.051056383	-0.1344172257	0.0087930731	0.0646584327	0.0206078503	0.24813095	-0.2035965633	-0.0163690971	-0.1101624994	-0.1570357957	0.0358504749	-0.0175759366	-0.1292936902	0.0508218716	0.0113334888	0.0954820784	0.0003782373	-0.069379398	-0.0532275258	-0.1725671321	0.1234975089	-0.1290503062	-0.039991954	-0.0127561941	0.0621915444	-0.1505604651	0.0732929248	0.0012682983	0.1604363136	0.0620662408	0.0022724773	-0.0972860937	0.0370140212	-0.054283046	-0.0522320711	0.0676933708	0.0624798703	0.2077493862	0.0681223996	-0.1213110432	0.231674492	-0.0348677885	-0.0220943736	0.0453789687	-0.0248103537	-0.0721284095	-0.1944937698	0.053279299	-0.0647256114	-0.0237222909	0.0045510464	0.0472203663	0.1412833678	-0.0584173889	-0.0096907432	-0.1780839136	0.1033847555	0.0688502025	-0.0441992931	0.1591220601	0.1242367242	-0.0258308866	0.0093759038	-0.1174852994	0.0446971468	-0.1273444172	0.0025773760112315	-5.715238361859998e-05	6.642867103271596e-06	3.266394953287615e-09	-0.0256167046298116	-0.0099967891661236	9.993579363192618e-05	0.000656215556091	-0.0533304153485687	0.0036196329708246	0.0028441332012508	1.3101742843481216e-05	-0.0004739997510142	0.0001759811210305	2.246757639615236e-07	3.096935495918667e-08	3.6203484654606655e-11	-0.0002080590420114	1.3106923011363397e-21	4.328856496270789e-08	-2.6936245389134333e-12	0.0001824321263557	7.255613156636607e-24	3.328148072668962e-08	0.0	0.0	0.0	0.0	0.0	0.0	0.0	0.0
843.2527153801921	0.3758469679405607	0.1412609433101128	711075.1419960673	1262.8413421349592	-2.0600427021079213	4.243775934508106	1594768.255405225	808.1211533124581	-0.2386507336000249	0.05695417264783	653059.7984310574	926.5767570233528	888.1459912011264	1.481196	30.124256	0.0690891782246062	0.03133135139667	-0.0085358431	-0.1750394666	-0.098281214	-0.1394837934	0.0248927957	-0.1375431488	0.060392651	-0.0969243687	-0.1628631363	0.055954397	-0.0055240801	-0.0083978801	-0.1328948867	-0.0958410653	0.0307112631	0.0675115176	-0.0578456973	0.1378177575	0.1220447829	0.0350366819	-0.08032865	-0.179193375	0.0161536077	-0.0143915479	0.0625779175	-0.1098098401	-0.1760067349	-0.1152279162	-0.0678299462	0.0645492575	-0.1791584363	0.0086500587	0.0617254679	-0.1756429944	-0.0511166026	-0.0069773592	-0.0235556998	-0.0097711687	-0.1435880515	0.027180943	0.1103299801	0.0212189307	0.1165385443	0.1032739781	0.0358805659	0.2177462233	0.0815890086	0.1235410433	0.0074905703	0.0611778927	-0.2019810415	0.0096553092	-0.0209056103	-0.0305309748	-0.0387808845	-0.0132520526	0.0065037294	0.113009874	0.0237721863	0.1649055216	-0.0131232105	-0.03164711	0.0593390312	-0.1171180755	-0.1063821291	0.1097436518	0.1618194996	0.0375987736	-0.0662505002	0.2872000397	0.0448632093	0.1708177411	0.1839922318	0.0442333885	0.0663916774	0.0397849286	-0.0243261118	0.0470671366	-0.0483763631	0.0148974076	0.0042754502	0.0662270696	0.0392444906	-0.1333121588	-0.000301507957829	-0.0028788839690605	9.090704863421405e-08	8.287972907313537e-06	-0.0043131648016867	0.0213035398281249	0.0004538408092085	1.860339060650907e-05	-0.0460250210156374	0.0073053943329313	0.0021183025594898	5.336878635962476e-05	-0.0001649754161165	0.0003090243348977	2.7216887922812325e-08	9.549603955896589e-08	0.0002070197195336	0.0002070196833301	4.285716427577041e-08	4.285714928610124e-08	-0.0002359831863556	-0.0002359831836619	5.5688064242541845e-08	5.568806297124164e-08	0.0	0.0	0.0	0.0	0.0	0.0	0.0	0.0
841.6188228582721	-1.633892521919961	2.66960477318597	708322.2429893436	1264.839095225532	1.9977530905728145	3.991017410893232	1599817.9368109424	806.9490660802928	-1.1720872321652678	1.3737884798048383	651166.7952478568	924.3068917980632	885.3382834016571	1.301694	26.473583	0.0369417771655208	0.0172870466689502	0.1473833928	-0.0707729733	0.0493516889	0.1654819895	0.180084379	0.0067606433	-0.115266036	-0.0095813819	-0.0977348473	0.0571672383	-0.036906428	-0.132452103	0.099468893	-0.0985752999	-0.0657516621	-0.1214806985	-0.1010394518	-0.0934692033	-0.0428812015	-0.0472839488	-0.0715795355	-0.1114286341	-0.1837510076	0.153718859	0.0540778197	0.1166888349	0.205357729	0.0804873216	-0.1070880567	0.0316375514	-0.0023206272	-0.1041443566	0.0567793837	-0.1092002102	0.0245248844	0.2132908232	-0.0458205671	0.1260809424	-0.1091944063	0.0683191149	-0.1150766756	-0.0590644573	0.0926389087	-0.1228295394	0.1751331989	-0.0051107353	0.0644532562	-0.0618356777	0.1205038145	-0.1029524116	-0.0043871693	-0.0449701336	-0.0470435852	-0.0032163633	-0.129402208	0.168181706	0.1049451481	0.0583395515	-0.1951957907	0.0826648708	-0.027080729	-0.0435801819	0.066685787	-0.0834611127	-0.1312192445	-0.0132509618	-0.1037705991	0.0960518398	0.1621748292	0.1674261769	0.1115082031	-0.1379157399	-0.0449106115	-0.0007325933	-0.0413330996	0.0005843982	-0.3096284684	-0.0370646138	-0.0488388947	-0.0018648871	0.0831401848	0.0625709911	0.0337382312	-0.1385517956	0.0026040744069888	0.0029055823648178	6.78120351713407e-06	8.442408878740198e-06	-0.0132966226865534	-0.0089834578848667	8.07025155691737e-05	0.0001768001748685	-0.0356206610106397	0.0104043600049976	0.0012688314908349	0.0001082507071135	-0.0001069998116985	5.7975604418e-05	1.1448959703514456e-08	3.3611707076324213e-09	1.110125302794529e-08	-0.0002070086182805	1.2323781879046448e-16	4.28525680424316e-08	-0.0002079998708374	2.7983315518200006e-05	4.326394626837508e-08	7.830659473911333e-10	0.0	0.0	0.0	0.0	0.0	0.0	0.0	0.0
840.4635670432481	-1.1552558150240202	1.334615998146813	706379.0075270603	1264.884281633087	0.0451864075550929	0.0020418114277349	1599932.245922451	805.9856608291094	-0.963405251183417	0.9281496780077828	649612.8854621362	924.2125868615304	867.8000589780597	1.340407	27.260914	0.0436690652740798	0.0300503483090531	0.1142125836	0.1423913577	-0.050131402	-0.130839916	0.1047423425	0.1531284614	-0.0082596962	-0.0630521091	-0.0280621544	-0.1549241587	0.0379723831	0.0062582879	0.0406874401	-0.0107952703	-0.1480138354	-0.0164001464	0.1661011208	0.1999991588	0.0199171846	0.0971692856	0.156586025	-0.005566901	-0.1433282324	-0.1301987328	-0.1754201277	-0.2306240202	0.2030357439	0.0434061785	0.0054998618	0.0976529379	-0.0976032673	-0.0545634544	-0.1026838929	-0.0642521032	-0.0288795763	-0.025115411	0.0686094182	0.1375483601	0.1298508389	0.0371857109	-0.1390544109	0.0523995331	0.0181904067	0.1728532933	-0.0238545106	-0.1091223589	-0.1319142906	0.1402772381	0.0260821627	0.1147827678	-0.2857689876	0.0448558319	-0.0078649205	0.0221408666	0.1796623683	-0.0183315649	0.0481750947	-0.0522514079	-0.1474338998	-0.1688749704	0.0432825515	0.060006172	0.1276068878	-0.1302888913	0.017890527	0.0770139364	0.1622252857	0.0301086701	0.1110719514	0.0231866778	-0.0223424694	0.0549149279	0.189201144	0.1046224379	0.1182170441	0.0092314157	-0.157290067	-0.0247106775	0.0154574644	0.092694883	0.1021843792	-0.0058229493	0.0281858894	-0.1430347106	-0.0065374603845071	-0.0091415347914959	4.273838827899972e-05	8.356765834412998e-05	-0.0172190856003879	-0.0039224629138345	1.5385715310407043e-05	0.0002964969089134	-0.0348191443496403	0.0008015166609994	0.001212372813241	6.424289578596321e-07	-0.0006660002895961	-0.0005590004778976	4.43556385742089e-07	3.124815342897452e-07	8.154780672953167e-08	7.044655370158638e-08	6.650044782397051e-15	4.9627169284304935e-15	-0.0002449999645411	-3.700009370370002e-05	6.002498262514026e-08	1.3690069340825822e-09	0.0	0.0	0.0	0.0	0.0	0.0	0.0	0.0
842.8537971283964	2.390230085148346	5.713199859948269	710402.523333756	1266.847255372781	1.9629737396940072	3.853265902728276	1604901.9684455483	808.4710681905057	2.4854073613962555	6.177249752082697	653625.4681010973	923.9647062898592	870.7154412987672	1.380423	28.074741	0.0359800560762153	0.0227442969424307	-0.1775295762	0.0797843062	0.1569933602	0.0152172675	-0.1814031314	0.0926362234	-0.0734461682	-0.1434129704	-0.0836552379	-0.0249299074	-0.1043793016	-0.0439958785	0.1564189746	0.0941061766	0.1311783202	0.0580057356	-0.1010436493	-0.0281892889	0.0441135439	-0.0566152616	0.0172043964	0.001201154	0.0687411178	0.1016900596	-0.0432922309	-0.1304596221	0.2065080593	-0.052206888	0.126253926	-0.0241266636	0.0514484968	0.1999108659	0.05407573	0.2104668803	0.0528073199	0.1001401335	0.1129298524	-0.1714112449	0.1147778263	0.0247132193	-0.1458658319	0.1090566087	0.0294265205	-0.093890125	-0.0959045073	-0.0324919425	0.0673398089	-0.0123386886	0.0467659819	-0.1239092843	-0.2148436274	0.002821047	-0.0248250476	0.0240443555	0.0790403535	-0.0189210835	0.0470092799	-0.2264468572	0.0793058483	-0.0568557446	0.0546729667	0.2531381733	0.1979403731	-0.0495521807	-0.0902123026	0.098051413	-0.0477297473	-0.0031097647	0.149629187	0.0343591901	0.082862163	0.0855400153	0.1961691274	-0.0392537368	0.1480485136	0.0335597079	-0.0373183579	0.1674131324	0.0510739274	0.0912132494	0.1080764248	-0.0486846582	0.022595049	-0.1467364196	-0.0056719728548415	0.0008654875296656	3.217127606605883e-05	7.490686640066634e-07	-0.0382096051118026	-0.0209905195114147	0.000440601909359	0.0014599739227998	-0.0439424148821672	-0.0091232705325269	0.0019309358256765	8.323406520967368e-05	-0.000751000188415	-8.499989881890005e-05	5.640012829993655e-07	7.2249827992232465e-09	9.753985619198604e-08	1.5992049462454374e-08	9.51402354595332e-15	2.557456460095872e-16	-0.0002599996437249	-1.499967918379999e-05	6.759981473707495e-08	2.2499037561692278e-10	0.0	0.0	0.0	0.0	0.0	0.0	0.0	0.0
843.3853994789007	0.5316023505042722	0.282601059061667	711298.932054185	1260.9522201608404	-5.895035211940694	34.75144015002067	1590000.5015285525	808.9256739066689	0.4546057161632006	0.2066663571682565	654360.7459053583	925.8042582155184	887.3099081939852	1.386305	28.19438	0.0467628492045283	0.028126143068202	-0.0382730593	-0.1768790595	-0.0197915332	-0.1814740474	-0.0207695873	-0.1350071456	0.0102476475	-0.1438015151	-0.1405371369	0.0110994331	-0.0301684197	0.0790854915	-0.18401015	-0.0444098011	0.0088042185	0.1076435408	0.0258678465	0.0423609785	0.1286137629	-0.0833851635	0.0368902837	0.005688318	-0.0632252649	-0.1596072648	0.0526359597	-0.1365741788	-0.1212606203	-0.0827704302	-0.1822136014	-0.0526947152	-0.1393911555	-0.1299503586	0.0658353632	-0.0575884412	0.1447056582	-0.1533817984	-0.0792879211	-0.044124057	-0.1150037354	0.0406829893	0.0332503781	0.1043836231	0.0760549677	0.077847508	-0.1320895171	0.1939346551	0.0179489552	0.0597188672	0.0255585219	-0.0764564876	-0.0312755838	0.0580789634	0.1121700844	-0.0601309268	-0.1476681388	0.0394113817	-0.1551138588	0.0134349927	-0.0198423115	0.1159805294	0.1424877805	0.1565366959	0.1810341021	0.0471564685	-0.0462605383	0.1436871663	0.1991701529	0.0778216122	0.0160054246	0.1347814535	0.0223869263	0.174158886	0.1385892707	0.1770368827	0.0499743604	0.0540290717	0.0462385325	-0.0957980811	-0.0785126721	0.0163468191	-0.0117824178	0.1107842554	0.0169733466	-0.1496367051	-0.0032254294556395	0.002446543399202	1.040339517330692e-05	5.985574604178876e-06	-0.018882761420059	0.0193268436917436	0.000373526887085	0.0003565586788468	-0.0428061107518686	0.0011363041302986	0.0018323631177012	1.2911870765336644e-06	-0.0003119999835835	0.0004390002048315	9.734398975610429e-08	1.9272117984209896e-07	3.4573429008588625e-08	-6.296642718339744e-08	1.1953219934119174e-15	3.96477095224209e-15	-0.0002219996553179	3.7999988407000005e-05	4.9283846961266415e-08	1.4439991189321346e-09	0.0	0.0	0.0	0.0	0.0	0.0	0.0	0.0
841.8826936282753	-1.5027058506253752	2.2581248735037325	708766.4698308004	1264.9465016307918	3.994281469951375	15.954284461196917	1600089.6519879787	808.0229344917686	-0.9027394149002248	0.8149384512144002	652901.062664689	925.0639880813716	881.8794844493447	1.131124	23.004562	0.0513521691003281	0.0295147387090302	0.0585098481	-0.1453003747	0.0809234267	-0.0640565018	0.1029720304	-0.0470603783	-0.1343342112	-0.052941628	7.07783e-05	0.1605733799	-0.0465943285	0.0665820964	-0.2063679307	-0.112755151	-0.0458950384	0.0836048246	0.0608497163	0.0331063856	0.1068737967	-0.0546823917	0.0658189824	0.0561840522	0.1124012169	-0.0392065711	-0.0657367577	-0.0422581434	-0.0514869248	0.0013033709	-0.2099882051	-0.0286838348	0.1800764728	-0.0237445923	-0.0552562512	0.1656262638	0.088007101	0.0564862056	-0.0843829479	0.0163882636	-0.1337778898	-0.0825689322	-0.1293935165	-0.0061895068	0.098304831	0.1240382724	-0.0368504922	0.1540545259	-0.1093572186	0.0567741687	-0.0684882668	-0.0347291831	0.0757489776	0.2355351476	-0.0995521906	-0.0523848487	-0.047135403	0.111123032	-0.032697075	-0.0762894987	-0.0215528089	0.0970705788	0.2223178061	0.0667482477	0.0224152984	0.1809048515	-0.0162364597	0.0458417688	0.0215458127	0.2514953024	0.0274628309	-0.002353356	0.0340573404	-0.0335706126	-0.0478746264	-0.1336347423	-0.1031065097	-0.0121733178	-0.1487999739	0.0850433167	0.059306084	0.0713413915	0.0462247877	0.03756831	0.0113284606	-0.1517197269	0.0029882362644571	0.0062136657200966	8.929555972216523e-06	3.860964168110359e-05	-0.0190370296743793	-0.0001542682543203	2.379869429103276e-08	0.0003624084988231	-0.0323770587886969	0.0104290519631716	0.0010482739358067	0.0001087651248505	-0.0007509770600662	-0.0004389770764826	5.639665447456729e-07	1.927008736772982e-07	0.0002300749189443	0.0002300403455152	5.2934468327226224e-08	5.291856056479465e-08	-0.0001999134140611	2.208624125680001e-05	3.9965373121564816e-08	4.878020528535748e-10	0.0	0.0	0.0	0.0	0.0	0.0	0.0	0.0
841.0056091829134	-0.877084445361902	0.7692771242957952	707290.4346771233	1259.2652886034707	-5.681213027321064	32.27618146180257	1585749.0670815825	807.724507267929	-0.298427223839667	0.0890588079286507	652418.8796412187	923.4045161327332	866.9185558616006	1.269516	25.819153	0.0443974748429409	0.025938407885367	0.1255544573	0.0209485996	0.2110769263	0.0188551968	0.134168147	0.0584860998	-0.095254994	-0.0841411338	0.1949678836	0.127133618	0.0682739734	0.0456550812	0.1587255096	-0.0852993131	-0.1031980285	0.1330014176	0.0685143096	-0.2141494295	-0.2379043044	-0.0391940236	-0.0396999701	-0.0989654964	-0.076229152	-0.1761255882	0.0375176728	0.1272736498	-0.1489160694	-0.2137369614	0.1056715549	0.2314803944	0.0236362117	-0.0459416472	0.1287585175	-0.037922315	-0.0586081487	-0.0801494768	0.1439722365	0.1135325674	-0.0271638073	-0.2304396704	-0.122424267	0.0500360301	-0.1145952242	-0.164542182	0.050600344	-0.1196970446	-0.0646826814	0.1512498568	-0.1753213186	-0.0134428012	0.0290943678	0.1153094986	0.1532281796	0.0696858971	-0.1902705409	-0.1138350082	-0.0173321838	0.0171613221	0.0197624769	-0.0659353305	0.2252310405	-0.0750732362	-0.0760173956	0.088618247	-0.075814972	0.0846100422	-0.0961855418	0.0054626033	0.2172237661	-0.1285322059	0.1169206304	0.0719150158	-0.1028855568	0.1322462587	-0.0755461317	0.1004736847	0.0426463432	-0.0278290684	-0.1562196032	0.0434399554	-0.2595836771	0.0118030387	0.0056681013	-0.1529741081	0.0029703937642722	-1.7842500184899693e-05	8.823239114827172e-06	3.1835481284814556e-10	-0.0407899925806276	-0.0217529629062483	0.0004731913952006	0.0016638234947276	-0.0399488566217911	-0.0075717978330942	0.0015959111453884	5.733212242525007e-05	-0.0008059998530652	-5.502279299900007e-05	6.496357631411241e-07	3.0275077494108114e-09	8.712762022966558e-08	-0.000229987791324	7.591222206884831e-15	5.289438415812413e-08	-0.0002160002618063	-1.6086847745200002e-05	4.6656113100390144e-08	2.5878667037724636e-10	0.0	0.0	0.0	0.0	0.0	0.0	0.0	0.0
843.1535320043273	2.1479228214138857	4.613572446750587	710907.8785313722	1266.8351008683303	7.569812264859593	57.30205772521872	1604871.1727920726	808.7617171136687	1.037209845739767	1.0758042640995111	654095.5150686499	925.4063970551236	866.0029221291067	1.361025	27.680227	0.0817010221378054	0.0437837370550533	-0.0682782963	0.1522624374	-0.0076242827	0.0053633742	-0.0832418474	0.1836267882	0.1844505419	-0.0654701418	0.0481397212	0.0701785025	0.0751414024	-0.1378577127	-0.1259690317	0.1708781002	0.0278282383	0.0204496561	0.1331726734	0.0813893011	0.0783157454	-0.1763337689	0.0112787388	-0.1447465043	0.0244004062	0.1688209119	0.0582582142	-0.1671516665	-0.0336144039	-0.0728868314	0.015345035	0.0550600676	0.0589182751	-0.0259443416	-0.0484970076	0.0156275234	-0.0402738721	0.2046650912	-0.0678926618	-0.0809994754	0.1879849804	-0.0813643697	0.0117898823	0.0890184416	-0.0900208444	0.1287129292	0.0751731322	0.0778232105	0.2401696442	0.0239568185	0.0459477113	-0.1318140285	0.0200205616	0.2846330741	-0.1026023628	0.0335888561	0.0975025644	-0.0138024724	0.0476923896	0.0339992222	0.1575300355	-0.118410708	-0.0085693706	-0.0479532625	0.0239133574	0.0667500877	-0.1301269915	0.0268546527	0.0538676999	0.0980605425	-0.0216833157	-0.1474048567	0.2972168122	0.0514358895	-0.1258303588	0.1507189776	-0.1751429568	-0.1552133183	0.1553298385	0.0941611343	-0.0006745867	-0.0755115229	-0.0353901659	-0.0669444922	0.0	-0.1533929978	0.0028881471715607	-8.224659271150033e-05	8.341394084594071e-06	6.76450201265142e-09	-0.0188114393226612	0.0219785532579664	0.0004830568033132	0.0003538702493901	-0.0734870864593801	-0.0335382298375889	0.0054003518762884	0.0011248128606389	-0.0005129782147921	0.0002930216382731	2.6314664885128986e-07	8.586168049625149e-08	0.0002120506702163	0.000211963542596	4.4965486739182024e-08	4.492854338987613e-08	-0.0001989455936847	1.70546681216e-05	3.957934924655774e-08	2.9086170473791926e-10	0.0	0.0	0.0	0.0	0.0	0.0	0.0	0.0
842.7014673213906	-0.4520646829366797	0.2043624775586407	710145.7630256248	1262.6922802903136	-4.142820578016654	17.16296234163824	1594391.794704752	809.8711317128854	1.1094145992166204	1.2308007529549745	655891.2499819098	927.7265070267306	893.80274713584	1.517236	30.857218	0.063771635192134	0.0271683321003816	-0.172714616	-0.0594104274	-0.0842053405	-0.0842116193	-0.0760292946	-0.0803129044	0.1153473888	0.1872435584	-0.2922443382	0.0827416126	0.0494557507	0.1098415667	0.1789585014	0.0518193337	0.148555819	0.2410168768	0.0984698433	0.0271084577	-0.0060372567	0.129002768	-0.0998012542	0.1502442919	0.0227779689	0.1089959267	-0.0174830791	0.001465243	0.093094789	-0.0255910653	-0.0265683247	-0.1393313054	0.0103666196	0.0274632922	-0.008453226	-0.1291858069	-0.1005439372	0.1049629429	-0.1015722432	-0.1278528923	-0.0465041726	0.0202809353	0.2387052854	-0.0124640085	0.2570837955	-0.0583004481	-0.1327220341	-0.0951281271	0.0725742728	-0.0471875446	-0.0169249654	0.0309684133	-0.0285831572	-0.0102739743	0.0601270505	0.1514333252	0.0130322937	-0.0047611462	0.0492229458	0.023624429	0.1743811264	0.067038562	-0.103481634	-0.050190571	-0.0284517585	0.0821652246	0.0177270562	0.09228091	0.1514089101	-0.1223409135	0.2180872894	0.0455345798	0.0622789105	-0.1272955732	-0.1871442847	0.1693506592	0.0050688521	0.0991333623	0.1562105149	0.0251414232	-0.0645950437	-0.2283732876	-0.0739857197	0.0322535359	-0.0056681013	-0.1529741081	0.015734813606187	0.0128466664346263	0.0002475843592214	0.0001650368384825	-0.0123097822622497	0.0065016570604115	4.227154453119871e-05	0.0001515307393439	-0.0529401283510537	0.0205469581083263	0.002802657189826	0.0004221774875053	-0.0003269881886938	0.0001859900260982	1.0692127554525217e-07	3.4592289808046316e-08	6.855667495120343e-05	-0.000143493995265	4.7000176803649646e-09	2.0590526677139555e-08	-0.0003469886440967	-0.000148043050412	1.2040111913206636e-07	2.1916744775289986e-08	0.0	0.0	1.0	0.0	0.0	0.0	0.0	0.0
840.4863817339927	-2.21508558739788	4.90660415949781	706417.357880299	1267.5964752056632	4.904194915349535	24.051127767740237	1606800.8239538216	807.8795470373241	-1.9915846755612847	3.966409519930548	652669.3625212319	928.0795536332458	893.67761427981	1.522105	30.956247	0.0689565306530777	0.0411558082723193	0.1232591013	-0.1006734706	-0.0511487001	0.2190091806	0.1670463201	-0.0935364781	0.059794159	0.2123732429	0.0932891782	0.1603131116	-0.0834767965	-0.0991988833	0.0520386008	-0.0864978553	-0.0466297283	-0.0913680281	-0.2569526306	-0.0023149178	-0.1028196099	0.1530999684	-0.1093247609	-0.0802953206	0.0427955913	-0.0250235146	0.1770012624	0.0402402269	-0.0220962146	0.2478304153	0.0441162948	-0.0578512745	0.000829283	-0.154942781	-0.0314363875	0.0557973534	-0.1209585663	0.012710466	-0.0375057376	0.1184894864	-0.1583841351	-0.0249624605	0.1186975043	-0.2515885212	0.0690315636	-0.0636729025	0.1151299334	-0.0089763098	0.0786551728	-0.0853876563	0.0368630357	-0.0473964215	-0.0282269511	-0.090867374	-0.1073132211	0.1167286458	0.1119163678	-0.0831333219	0.1192513302	0.0766540112	-0.0764518382	0.0941468305	-0.0893362773	-0.2031742833	-0.110406753	0.0198993623	-0.0755740515	-0.1095919617	-0.0608625939	0.15534229	0.2375434823	0.1314947932	0.0854506521	-0.0412080111	0.0420775274	0.0642540149	-0.060856069	-0.0318612296	0.0956322058	0.0693168135	0.1181431657	-0.1551914147	-0.0069518773	-0.1947414681	-0.0113284606	-0.1517197269	0.004711433727877	-0.01102337987831	2.2197607772176968e-05	0.0001215149039415	-0.0189455376200697	-0.0066357553578199	4.403324916883683e-05	0.0003589333957134	-0.0142674064129408	0.0386727219381129	0.000203558885752	0.0014955794221025	-0.0001829764884434	0.0001440117002504	3.348039532307769e-08	2.0739369809011067e-08	0.0001140375133477	4.548083839649656e-05	1.3004554450526854e-08	2.0685066612482357e-09	-0.0004099895750265	-6.300093092979995e-05	1.6809145163041008e-07	3.969117298021424e-09	0.0	0.0	0.0	1.0	0.0	0.0	0.0	0.0
838.9344911595994	-1.5518905743933828	2.408364354891024	703811.0804572159	1259.421137093399	-8.175338112264171	66.8361532498391	1586141.6005576302	806.8622348161549	-1.0173122211691634	1.034924155340137	651026.6659725199	925.0676029001484	879.6976859872111	1.36324	27.725279	0.0802520770112111	0.0392702889578434	0.1172999625	0.1373623863	-0.1481527377	0.0103740512	0.0945428045	0.0554159499	0.0740383457	0.0982282318	0.0520316883	-0.201456761	0.2531246388	0.0336224303	0.0532134051	0.0229126893	-0.0476088941	-0.1205076418	-0.0210986614	0.2211996545	-0.1143373916	0.1519302679	-0.0863647171	-0.1305636833	-0.0111389123	-0.0353222641	0.0178175684	0.181567581	0.1675789014	-0.0345600006	0.1928600605	-0.0012040906	0.1964904849	0.2117525318	0.0145969994	-0.0263778155	0.105333734	-0.1258676562	-0.189573032	0.1435396902	0.0729935871	0.0401813029	0.0225709098	-0.0947816329	0.0325829443	0.1857312171	0.0792924902	-0.2123065178	-0.0296635859	-0.0070494923	-0.0247205103	0.119478698	0.0338351502	-0.1439440696	-0.2188825359	0.1512376463	-0.0017113702	0.0682653589	0.1443078958	-0.1521875961	-0.0827129377	-0.1339351585	-0.1612312183	-0.1500073656	-0.0981641222	-0.0631536502	0.0389776549	-0.0914388144	0.2047595578	-0.0444785853	0.2524111751	-0.0088053601	-0.0235498516	-0.0576804294	-0.140715082	-0.0446499118	0.200812123	-0.0709592379	-0.0063234235	0.0789420147	-0.0163366909	0.0512167184	0.0918152191	-0.1114969599	-0.0169733466	-0.1496367051	-0.0113829976614283	-0.0160944313893053	0.00012957263576	0.000259030721745	-0.0250598776997037	-0.006114340079634	3.738515460941871e-05	0.0006279974703241	-0.0467609300853126	-0.0324935236723718	0.0021865845824434	0.0010558290806469	-0.0004280000048948	-0.0002450235164514	1.8318400418994885e-07	6.003652361420949e-08	5.517797729837071e-08	-0.0001139823353704	3.0446091787395136e-15	1.2991972776490707e-08	-0.0002579997894503	0.0001519897855761	6.656389135639916e-08	2.3100894919499242e-08	0.0	0.0	0.0	0.0	0.0	0.0	0.0	0.0
838.847227223347	-0.0872639362523841	0.0076149945702601	703664.6706202975	1263.4031833349834	3.982046241584385	15.856692270116326	1596187.6036609698	807.5399669002911	0.6777320841362098	0.4593207778676105	652120.7981413233	925.0111959908754	875.8834278474604	1.264665	25.720484	0.1337718904229494	0.0639529281046344	-0.0898636521	0.12339292	-0.0653397811	0.1893712504	-0.0630455036	0.1073697738	-0.1455345429	0.2373273865	0.1518897715	-0.0933827575	-0.153794227	0.0431937803	-0.0127573355	0.1409793817	0.0651937769	-0.2683677343	-0.1350501511	-0.0538457378	-0.0564369214	0.0645645447	-0.0162837434	0.0358775714	0.0981043144	0.0342279266	-0.2187455232	0.1190211222	-0.0475852909	0.0946298953	-0.1210218057	0.0108428956	0.1455465126	0.0388494787	-0.013019388	-0.2885868501	0.0150904668	0.1496766262	0.0954492573	-0.0453960436	0.0913043511	0.1360587742	-0.0466541475	-0.2713549544	-0.1558290085	-0.05733267	0.0738204778	0.0499147564	-0.1064639503	0.0661716548	0.0847797587	0.1195794205	-0.0561262142	0.0084358681	0.0843766269	-0.0390239649	-0.0356363653	0.0113310836	0.0400367427	0.0888975977	-0.0617774644	-0.0494615238	-0.2364458946	0.1272748876	-0.0816480751	-0.0824796923	4.35278e-05	-0.20017734	-0.0747476325	0.0651905963	0.094008136	0.1105785702	-0.0662157683	0.2478071686	-0.0580201383	-0.116123109	0.1672811886	0.1271584991	0.1526421385	-0.0193167153	-0.0511048438	-0.1054610995	0.1445099602	-0.0217413393	-0.022595049	-0.1467364196	0.0079408772321158	0.019323874893544	6.305753121553508e-05	0.0003734121409013	-0.071962415591301	-0.0469025378915973	0.0021998480606727	0.0051785892577351	-0.0149176665919696	0.031843263493343	0.0002225367765491	0.0010139934299064	-0.0008679748800759	-0.0004399748751811	7.533803924427731e-07	1.935778907906246e-07	0.0001221778055693	0.000122122627592	1.4927416173729672e-08	1.4913936169974717e-08	-0.0004099465695665	-0.0001519467801161	1.680561898993412e-07	2.308782398768082e-08	0.0	0.0	0.0	0.0	0.0	0.0	0.0	0.0
838.40764229403	-0.4395849293169931	0.1932349100826258	702927.3746570342	1254.895308534121	-8.507874800862282	72.38393362714743	1574762.2353809471	806.6509329051818	-0.8890339951093438	0.7903814444600807	650685.7275568001	923.3955459303528	888.2710745822758	1.355287	27.563534	0.0530757922524573	0.027288409693627	-0.0714075954	-0.1345310679	-0.1505800971	-0.0413191609	-0.1273107657	-0.1930408971	-0.102636595	0.0606089012	0.0810356467	-0.2997557938	0.0061110832	0.0244328547	-0.0371694789	-0.1146910367	0.1413978124	-0.1082928162	0.1707972867	-0.1121739476	0.2162827725	-0.1403001531	-0.0909648196	0.0247495142	-0.0138933645	0.0346294657	-0.0904987352	0.0998592804	0.2390926396	0.2118020967	-0.0224666924	0.1519670666	-0.1090530822	0.1960090778	0.1769100461	-0.0988438203	-0.17215551	-0.0291540869	-0.0544257676	-0.0855833697	-0.1353073952	0.1866313565	-0.0175483512	0.067534057	-0.1537665659	0.0878967556	-0.1162794847	-0.0616103254	-0.088194933	0.0118697372	0.1525096955	0.0527518713	-0.1129483393	-0.1067932518	-0.1780126778	0.1578065164	0.1074515096	-0.0431965914	-0.0270832724	-0.0881933185	-0.1294649645	0.1472798434	-0.0941210493	0.1260300795	-0.0862674444	-0.081673965	0.1718756612	-0.0917642493	0.1887371971	-0.0411514049	0.0654221312	-0.0196910658	-0.0788339024	0.0650965311	-0.1021012757	-0.1480096549	-0.1307831651	-0.0579059573	0.1808605321	-0.0276782481	0.2642307184	0.1387396666	0.0602266243	-0.1259558602	-0.0281858894	-0.1430347106	0.007944167786448	3.290554332201212e-06	6.310980181923813e-05	1.0827747813168165e-11	-0.0514106842553587	0.0205517313359423	0.0004223736609047	0.0026430584556041	-0.0058518398495834	0.0090658267423862	3.424402962517228e-05	8.218921452296478e-05	-0.0005210000110281	0.0003469748690478	2.714410114912803e-07	1.2039155975073806e-07	1.0669851646660788e-07	-0.0001220711070528	1.1384573416174996e-14	1.4901355177104312e-08	-0.0004099994658618	-5.289629530002899e-08	1.6809956200696134e-07	2.798018056467868e-15	0.0	0.0	0.0	0.0	0.0	0.0	0.0	0.0
837.8015161014362	-0.6061261925938197	0.3673889613482802	701911.380381865	1259.312712919877	4.4174043857558445	19.51346150729497	1585868.5089216204	807.2448781195019	0.5939452143201152	0.3527709176137675	651644.2932501695	925.2800048216608	863.6813947351652	1.436921	29.223785	0.0687959613958642	0.0324174708286763	0.1367473709	-0.045368816	0.1594851629	0.127855849	0.0757654316	-0.0664968956	-0.1117269359	-0.0470108442	0.1992110955	-0.0288297907	-0.0781198548	0.0648261212	0.0988220659	-0.1494478269	-0.0911221091	-0.0721088324	0.0110175726	-0.1769759839	0.1542006364	-0.0089440646	0.1105880488	0.0350844694	-0.0092264543	-0.010706913	-0.1097923161	-0.0535544273	0.0140744133	0.0532951937	0.1254479362	0.0959546618	0.0688991204	-0.1585021463	-0.0386476909	0.0002746244	0.2529519522	0.0441435416	-0.0892088903	0.0813024239	-0.1197980792	-0.1002299549	-0.1468886199	-0.0639647956	-0.1250033829	-0.0210061859	-0.0270484243	0.0260264841	-0.0522141553	-0.083422224	0.0779856313	0.0763784723	-0.2394974275	0.0189335085	-0.0128373938	0.098265141	0.0397300705	-0.0055188527	-0.1975742083	-0.0438871198	-0.1837063613	0.0307213964	0.1140393111	0.0318577216	-0.1627503864	-0.1186404834	0.1369446206	-0.0976951208	-0.1708539073	0.003734697	0.0791782422	0.0373141969	0.017988199	-0.1233840023	-0.0717940533	0.1196799768	-0.0037238791	0.0986935306	0.0789528176	-0.0318597452	0.3011267384	-0.0144850272	-0.2054535019	0.0037350644	-0.0337382312	-0.1385517956	-0.010037541381493	-0.017981709167941	0.0001007522369851	0.0003233418646004	-0.0411106369697051	0.0103000472856535	0.0001060909740867	0.0016900844720548	-0.0162158287227782	-0.0103639888731947	0.0002629531011664	0.0001074122653637	-0.000949999580912	-0.0004289995698839	9.024992037329756e-07	1.8404063096057126e-07	1.1216028106275645e-07	5.461764596148568e-09	1.2579928648076524e-14	2.983087250374193e-17	-0.0002360001761288	0.000173999289733	5.5696083132824634e-08	3.0275752827588485e-08	0.0	0.0	0.0	0.0	0.0	0.0	0.0	0.0
838.8247812733288	1.0232651718926036	1.0470716120083996	703627.0136782478	1263.6205137753816	4.307800855504638	18.55714821068649	1596736.8028339597	807.5354833526202	0.2906052331182991	0.0844514015157409	652113.5568735499	924.8533031521864	860.2265981780696	1.330543	27.060291	0.0509686176935169	0.0301538830724158	0.0459385678	0.1286029755	-0.095841651	-0.1053065553	0.0029979994	0.0671543121	0.077977065	0.0067360529	0.1542894636	-0.1493335173	0.1114897535	0.0617654395	-0.0569824548	0.0755947316	-0.0421003101	0.0274782101	0.1788376766	-0.199631049	-0.009174823	-0.0124436538	0.0597405703	-0.1266360683	-0.1558577796	-0.0488329057	0.2034047915	0.0733905993	-0.000645806	-0.0827061844	0.1060526886	0.0152843754	0.1484582266	-0.0107935979	-0.0806377461	-0.0881165855	0.0257690609	0.1599584536	0.0040175667	0.0172766678	0.1499035311	-0.0691174917	-0.0357235558	0.0893215951	-0.0696912734	0.2061151881	-0.038020512	-0.0405865855	-0.188917987	-0.0847532712	0.1636573874	-0.0882540976	0.065004339	-0.0224761767	0.0201727295	0.0072606605	-0.24865232	0.0821275307	0.0187081792	0.1183808905	-0.0388536284	-0.1736239275	0.1159745946	0.06254456	-0.0513223147	-0.087860546	0.2559638244	-0.1477611981	0.0995126877	0.0301430969	-0.0539462311	-0.1177236252	0.1393661954	-0.0372046649	-0.0225445546	0.0256992816	0.0547383321	-0.2019427459	0.0402197205	0.139612877	-0.0214898747	0.0820337597	-0.1059906243	0.146048275	-0.0392444906	-0.1333121588	-0.0099526332056285	8.49081758644999e-05	9.9054907725779e-05	7.209398328636844e-09	-0.0537766415281453	-0.0126660045584401	0.0001604276714744	0.0028919271740466	-0.0321321717379419	-0.0159163430151637	0.0010324764605965	0.0002533299749763	-0.0005669995038125	0.0003830000770995	3.214884373236212e-07	1.4668905905822298e-07	8.477606239232217e-08	-2.7384218670434283e-08	7.186980754746902e-15	7.498954321901613e-16	-0.0002989999536916	-6.29997775628e-05	8.940097230757897e-08	3.968971972962279e-09	0.0	0.0	0.0	0.0	0.0	0.0	0.0	0.0
841.3745973067997	2.549816033470961	6.5015618045455845	707911.2129931794	1261.7376828523277	-1.882830923053916	3.545052284808062	1591981.980329561	809.1092241302572	1.5737407776369992	2.476660035197507	654657.7365726668	924.9266533742424	877.8323305520511	1.432605	29.136013	0.0425233985859134	0.0195948297291203	-0.1955365695	0.0066768365	0.1069974457	-0.0682281668	-0.1845232668	3.32058e-05	-0.0254971695	-0.0874969623	-0.0529932403	0.0051334638	0.0877734944	0.0785205468	0.1927877394	0.0144424923	0.145511558	0.2272332644	0.2158109364	-0.098869527	-0.1238607663	0.1043471545	-0.0686543883	0.0977947165	0.1147728267	-0.0372647167	0.0689527417	-0.0692721622	0.0685805544	0.1205452849	0.0713604107	-0.0284241861	0.1483337468	0.0203016348	0.1034798125	0.0439112216	-0.1347085526	-0.0388707192	0.0431949882	-0.1837989591	-0.0082782664	-0.0708647241	0.0338152082	0.0853125009	0.0570357867	-0.0484871957	-0.2322780189	-0.1608106985	-0.035831877	-0.0794229966	-0.1047639435	0.0258768366	-0.0208567972	-0.0572084892	0.0495345279	-0.0188294515	-0.0673244713	-0.0557143759	0.0109252712	0.2512171239	0.1640377971	0.0213601524	0.0786407398	0.118204692	0.051132592	0.0149396542	0.1526483342	-0.1119720243	-0.0249242757	-0.1972398085	0.1137042737	-0.152427827	-0.0455213849	0.0014199928	-0.0844215255	0.066757215	-0.0185357143	0.1394734855	0.0250663413	-0.1043161624	-0.042431635	0.0195085877	0.0994217451	0.0938803985	-0.0446971468	-0.1273444172	-0.0144888566806713	-0.0045362234750428	0.000209926967913	2.0577323415529383e-05	-0.0566081674428602	-0.0028315259147149	8.017539005702066e-06	0.0032044846212388	-0.040187291008138	-0.008055119270196	0.0016150183585727	6.488494645708446e-05	-0.0004010111235108	0.0001659883803016	1.608099211793941e-07	2.7552142395181772e-08	-0.0001939762975835	-0.0001940610736458	3.7626804024202544e-08	3.765970030459644e-08	-0.00011703880912	0.0001819611445716	1.3698082840227796e-08	3.3109858133806726e-08	0.0	0.0	0.0	0.0	0.0	0.0	0.0	0.0
840.5424302964075	-0.8321670103922543	0.6925019331851823	706511.577128591	1261.1241738455635	-0.6135090067641613	0.3763933013807477	1590434.181857655	807.0270871732574	-2.082136956999761	4.335294307704227	651292.7194313525	924.7680011778388	877.5015827830874	1.436979	29.224977	0.0698974181811535	0.0302395073109013	0.0807894732	-0.1425380982	-0.011468634	0.0659024248	0.057284206	-0.1536196249	0.0534795774	0.0481007019	0.0899458734	0.0958393395	0.0088403053	-0.0011702203	-0.1262672847	-0.1672444116	-0.0391203873	-0.0965033383	-0.0121815498	-0.0137665026	-0.1043906114	-0.0400028219	0.2342181734	0.0005682737	-0.0961317737	0.1805640035	0.1447370922	0.0274182529	-0.0123879222	-0.0600800607	0.0199079063	-0.0842185396	-0.1821218804	-0.0464190432	0.2572233793	0.0464989125	-0.0148719515	-0.1882655166	0.0134189717	0.0360295756	-0.172112316	-0.0690182005	0.0316502115	0.0026800186	-0.0102838454	0.1202242139	0.078686683	-0.0273387539	-0.0145546777	-0.011128071	0.0540284288	-0.2100229977	0.2451533288	-0.0389055847	0.0673071919	-0.1578706708	0.0494333272	-0.0591187041	-0.0721707648	-0.0713277508	0.039672565	0.1258693456	0.1082332716	-0.1688464466	0.0212764141	0.105766929	0.0958611774	-0.1470249639	-0.0604996015	0.104453115	-0.0493977892	-0.0286557017	0.0724848969	0.0568162785	-0.0043955408	-0.0672267925	-0.0902983531	-0.0591384163	-0.0661153887	-0.0186610855	0.1125900971	-0.0685514326	0.1165384049	0.1353393357	-0.0500887521	-0.1206811645	-0.0100006477939729	0.0044882088866984	0.000100012956299	2.01440190106385e-05	-0.0406832963160184	0.0159248711268418	0.0002536015204065	0.0016551305991369	-0.0493225141719335	-0.0091352231637955	0.0024327104042405	8.345230225234591e-05	-0.0001309896061043	0.0002700215174065	1.7158276907359672e-08	7.291161986250877e-08	5.002678176335706e-05	0.0002440030793468	2.5026788935985542e-09	5.953750273074863e-08	-0.000409996512443	-0.000292957703323	1.6809714021542306e-07	8.582421593628691e-08	0.0	0.0	0.0	0.0	0.0	0.0	0.0	0.0
839.8153882968749	-0.7270419995326165	0.5285900690843851	705289.8864202307	1263.1181192705708	1.9939454250072688	3.975818357907417	1595467.3832296238	808.4683463170765	1.4412591438190248	2.077227919641948	653621.0669966682	926.2616654607176	877.124234782056	1.386806	28.204557	0.0388114362360919	0.0194743818165217	0.1303898659	0.097063421	-0.0840247648	-0.008681913	0.181395738	0.049162383	0.0820350264	0.0503618477	-0.0334060001	-0.0953478998	0.2257759078	0.0150446384	0.1362384453	0.0138554983	-0.1635324909	-0.0243934393	0.0808095907	-0.0069419355	-0.1041933679	0.0665475214	-0.0013899693	0.090019405	0.031147928	-0.0711059117	0.2293193633	0.1134119652	-0.006104458	-0.1258578854	0.0068418288	-0.144687069	-0.0798731273	0.021233685	-0.0996536776	-0.0490626478	-0.1379657913	-0.0437209942	-0.0356224589	0.1717462871	0.0599749563	-0.0199185626	0.0711702108	-0.0224663566	0.0986407655	0.0208127363	0.0041607367	-0.2312549302	-0.0053814197	0.0325017523	0.070860859	-0.0317445865	0.1702013151	-0.1170597881	0.000287955	-0.1728811892	-0.0390331388	-0.1125121897	0.0329736125	-0.0153090655	-0.0333553263	-0.0996834278	-0.0322511106	-0.2158601502	0.0131278051	0.1241958967	0.1567633846	-0.0148638574	0.0211741151	-0.1590686708	0.0154090144	-0.0364058264	-0.0962435186	0.1023169098	0.0525228828	-0.0014472024	0.0617734135	0.022700931	-0.1451871671	-0.099734396	0.065861441	0.0334862772	0.0952101018	-0.0855016669	-0.0554119421	-0.1133587932	-0.009980880138201	1.9767655771898984e-05	9.96179683331352e-05	3.9076021471629125e-10	-0.0363207698370047	0.0043625264790137	1.903163728009569e-05	0.0013191983215526	-0.0561508777571617	-0.0068283635852282	0.0031529210728997	4.662654925207056e-05	-0.0002560037679336	-0.0001250141618293	6.553792919620054e-08	1.5628540657882406e-08	-6.898692270440598e-05	-0.0001190137044677	4.759195504223686e-09	1.4164261851140042e-08	-0.0001020088084185	0.0003079877040245	1.0405796994962236e-08	9.485642583028302e-08	0.0	0.0	0.0	0.0	0.0	0.0	0.0	0.0
839.4232166303465	-0.3921716665283838	0.1537986160276499	704631.3366180375	1260.300432477679	-2.817686792891891	7.93935886283739	1588357.1801034245	807.5307715367376	-0.9375747803388776	0.8790464687274947	652105.9469787186	925.0233300769602	865.2239911229477	1.264262	25.712286	0.0424944357403296	0.0215598340314727	-0.0580300045	0.1470100743	-0.1362607035	0.1777287625	-0.0302888913	0.1036779369	-0.0483388242	0.2692214009	0.1340614932	-0.1256247464	0.022870766	-0.0777595532	-0.1023008904	0.1470545945	0.0141124784	-0.2106491611	0.0246476775	0.1437074035	-0.0463689342	-0.0919292734	0.1291104532	0.0886604449	-0.0330262222	-0.0569802481	-0.0417438816	-0.0983500062	-0.3058961627	0.0305746523	-0.0951080399	-0.1740195504	0.2348905265	0.1489617347	-0.0651599302	0.0901659754	0.0799824738	-0.0248765003	-0.0258352012	-0.0201730575	0.1246104406	0.1530532996	0.0427321527	-0.1984389991	-0.1342031884	0.0740937643	-0.0032350772	-0.0151843847	0.0300905926	0.0092786442	-0.000644093	0.1439350259	0.2252785864	0.2941284433	-0.0473847443	-0.1193715063	0.1003494392	-0.0299963747	-0.1123594721	0.0403802588	-0.0048039182	-0.0857597401	-0.2207055534	-0.0100252706	-0.0117274394	0.1545473748	0.1028218234	-0.0868325251	-0.1190095125	0.102172077	-0.1056378166	-0.0649525084	0.0477944638	0.1343664263	0.0377426844	0.1169934082	-0.0667626422	-0.0576763322	0.0045585279	-0.0588576235	-0.1150508632	-0.002334257	0.1122770571	0.0908705694	-0.0606594461	-0.1054172954	-0.0242953872147353	-0.0143145070765343	0.0005902658399139	0.0002049051128441	-0.0435003776641167	-0.007179607827112	5.154676855112792e-05	0.0018922828569207	-0.0424002981518896	0.0137505796052721	0.0017977852833691	0.0001890784394809	-0.0002159993984672	4.00043694664e-05	4.665574013819224e-08	1.6003495764042363e-09	1.0013743132919473e-05	7.900066583732546e-05	1.0027505153209189e-10	6.241105202740761e-09	-0.000127998597743	-2.5989789324499992e-05	1.6383641024174325e-08	6.754691491318938e-10	0.0	0.0	0.0	0.0	0.0	0.0	0.0	0.0
839.9621387022314	0.5389220718849401	0.2904369995647565	705536.3944532266	1259.1177493328323	-1.1826831448465782	1.3987394211041924	1585377.506684977	807.8415610796644	0.310789542926841	0.0965901399926747	652607.9878076292	924.2037517460247	883.5541356598262	1.314535	26.734728	0.0335494841602669	0.015404102305991	-0.1536597716	-0.0128707543	-0.0407327601	-0.000543141	-0.1466548292	-0.0676282596	-0.0053335757	0.151610762	-0.017614958	-0.1896890111	-0.0565213851	0.0077289145	0.1406958894	-0.027389313	0.2048568486	-0.1155065843	0.0788692639	-0.120624203	0.0350694774	-0.0482984882	0.1329810745	0.1582914955	-0.2946784704	-0.2026300264	-0.0454882903	0.1149768846	-0.0738009617	-0.075364082	0.1475486146	0.0088787653	-0.0398644657	0.0456064711	-0.0775853269	0.2028090904	-0.0638214721	0.1300476119	-0.150335661	-0.1205193506	-0.0197376629	0.1858084706	0.0552742757	-0.0279295804	-0.0791128675	-0.060835969	-0.1448513143	-0.2120661725	-0.1398680774	-0.2436585536	-0.0105071761	-0.0296845328	0.2019835586	-0.0553065779	0.0782856655	-0.012416992	-0.097945764	-0.0239593743	-0.1787993845	0.0105630554	0.0110299309	0.0737874491	-0.1992719612	0.0997420859	-0.0841487539	0.0990542845	0.1856973612	0.1338722577	-0.0562767444	-0.1738539658	-0.0120870414	-0.1448016394	-0.0349215192	-0.006800143	-0.0818712375	0.0425611661	0.0159465398	0.1525413	-0.1316062014	0.0336078161	-0.1371204117	-0.0963664809	0.0208899655	-0.0161285233	-0.0658240966	-0.096900045	-0.0184215252610471	0.0058738619536881	0.0003393525929433	3.4502254250985746e-05	-0.046028876834157	-0.0025284991700402	6.393308052894475e-06	0.0021186575026139	-0.0340035103404403	0.0083967878114493	0.0011562387154724	7.050604555050352e-05	-1.0049556121769198e-06	0.000214994442855	1.0099357824458877e-12	4.6222610458541793e-08	-9.09999604692402e-05	-0.0001010137036021	8.28099280540328e-09	1.0203768315424968e-08	-0.0001090000396984	1.89985580446e-05	1.1881008654252776e-08	3.6094520777403535e-10	0.0	0.0	0.0	0.0	0.0	0.0	0.0	0.0
839.0263968833825	-0.9357418188488964	0.8756127515426408	703965.2946671114	1258.815155591833	-0.3025937409993275	0.0915629720919681	1584615.5959476908	806.4414767758776	-1.400084303786798	1.960236057710163	650347.8554644583	924.2322274855984	881.3614577601605	1.220297	24.818134	0.0341565814968297	0.0151629815613585	-0.0125578172	-0.1861525325	-0.1127184658	-0.0614303202	-0.0957188037	-0.2711673642	-0.0112026438	0.106307207	0.1372169927	-0.1315448147	-0.0352050568	0.0880469298	-0.1811340684	-0.1659052987	0.031605189	-0.1134401129	0.2888852005	0.0838103064	0.1695303693	0.1009452512	0.0529562562	-0.0100475422	0.0711534485	-0.0569742416	-0.0677774868	0.0465837688	0.0270826079	0.1575369034	0.0089474238	0.1315683893	0.0009019808	-0.1378514232	-0.1431334994	0.1567763961	0.0462090734	-0.266891984	-0.0334805105	-0.0292756506	-0.1559696978	0.1227422517	0.0726779823	0.0684807892	-0.204433558	0.1393738661	-0.0530019023	0.0767219895	-0.2261666276	0.0101739251	-0.0578836855	0.0672408653	0.1723257467	-0.0151940777	-0.0216454103	-0.0437721304	0.1284426864	-0.0743756913	-0.0193555015	-0.0645834849	-0.0827667995	0.1358174318	-0.0674552036	0.0773970011	-0.2030346702	0.0886572186	0.14260134	0.0503932948	0.1104208107	-0.0014285901	-0.1828647618	-0.0467942715	-0.0453402765	0.1145793184	0.1772677296	0.054750163	-0.1698469516	-0.1154346149	-0.0551847418	-0.0546874349	0.1826230187	0.1514245868	0.0486495752	-0.0060394554	-0.0708988393	-0.0878535601	-0.0159991425804406	0.0024223826806065	0.0002559725633092	5.8679378513023445e-06	-0.0515266829835781	-0.0054978061494211	3.022587245661248e-05	0.0026549990592901	-0.0266180369423523	0.007385473398088	0.0007085198906644	5.454521731386551e-05	-0.0001970177702015	-0.0001960128145893	3.881600177517106e-08	3.8421023483228354e-08	-0.0002209841371221	-0.0001299841766528	4.883398885959909e-08	1.6895886180121862e-08	-0.0001600214338305	-5.10213941321e-05	2.5606859285169094e-08	2.603182659183088e-09	0.0	0.0	0.0	0.0	0.0	0.0	0.0	0.0
840.4220913265624	1.3956944431798777	1.947962978723188	706309.2915897128	1262.5533077398204	3.738152147987421	13.973781481502968	1594040.8548847616	807.9143794573664	1.4729026814887902	2.1694423091368686	652725.6445339815	924.433301619901	856.5743117388937	1.475546	30.009333	0.0609780000967774	0.0263742176198159	0.1259976968	0.0363906178	0.2411487279	-0.006068601	0.0673012663	-0.0324011092	-0.0535549316	-0.165508259	0.204485227	-0.0215913687	-0.0628949681	0.0712251816	0.1589904693	0.0111668968	-0.1712051734	-0.0820292121	-0.1116926238	0.0198350435	0.002680342	-0.1633691941	0.0619130256	0.0303945261	0.2464615252	-0.0614333555	0.0216316246	0.0502663397	0.0622775856	0.0756497782	0.0318099412	0.2040420827	0.1219918104	0.0658127845	-0.0185347795	0.0825139148	0.0342848791	-0.1314519216	0.0241764149	0.1285239412	0.0115558035	-0.1224139584	-0.0751178196	0.0520152962	-0.2402907606	-0.1462904003	-0.1340623395	0.0521827156	0.0985815567	-0.024806652	-0.0387400663	0.1356898627	0.223843743	-0.0969179505	-0.0482272442	0.1212715827	0.0517299366	0.0111024199	0.0146833333	0.0079842262	-0.0847345889	-0.0498889563	0.0963412096	-0.0006850921	-0.2345688323	-0.0551415644	-0.0639828468	0.0896237091	-0.1049239557	-0.2587946613	-0.033482484	-0.038158465	0.0158987269	0.1278105629	0.0424494103	-0.091616645	-0.0770181302	-0.1211963738	-0.0243207522	-0.0486287741	-0.1499221978	0.1034080028	-0.0145997834	0.1024186466	-0.0758767427	-0.0783272495	-0.0100555436858087	0.0059435988946318	0.0001011139588172	3.5326367820269536e-05	-0.0636543995540535	-0.0121277165704754	0.0001470815092137	0.004051882582587	-0.0423741652636238	-0.0157561283212715	0.0017955698817889	0.0002482555796763	-0.0003599970919774	-0.0001629793217759	1.295979062321846e-07	2.6562259326532352e-08	7.201309250493004e-05	0.000292997229627	5.185885492123612e-09	8.584737656911458e-08	-7.298685902545616e-05	8.703457480504383e-05	5.327081590401812e-09	7.57501721149477e-09	0.0	0.0	0.0	0.0	0.0	0.0	0.0	0.0
843.2339340162412	2.8118426896787696	7.906459311499938	711043.4674765066	1268.547154510076	5.993846770255686	35.92619910530452	1609211.8832156109	810.028121498251	2.113742040884631	4.467905415403125	656145.5576179853	925.9695972122308	868.8337782458001	1.399447	28.46166	0.0408064303472202	0.0263900651419666	-0.1249279579	0.1166669104	0.0854016569	-0.0148804728	-0.1528892355	0.1732669416	0.0564774252	-0.0940819704	0.0405470521	0.1155052278	-0.049337168	-0.1049713496	-0.0018661436	0.1912037292	0.0832258261	0.1598896638	-0.0585112407	-0.0504469785	0.1290831402	-0.0083144047	0.1798291305	0.0278136115	-0.0048440013	-0.181043115	0.0755297082	-0.0899623129	-0.1884530145	0.1268480267	-0.0299052629	0.1251101897	0.0534510603	0.0405472549	0.0680835417	-0.009394585	-0.2399023477	-0.0918674227	0.1068430715	-0.1615562574	0.1917002139	-0.115811966	-0.0493341463	0.0253516406	0.0189205396	-0.0731914735	0.067094393	0.205281946	-0.0071036759	-0.0680858669	0.1033314303	0.1103049229	0.1290127405	-0.0069334421	0.0386248413	0.0066172368	-0.0562313124	-0.231415796	-0.1413389872	0.1587125947	0.1763975636	-0.0808650586	0.0212220588	0.0774657316	-0.1150366535	-0.1511584551	-0.0437646096	0.0283199942	-0.1459837845	0.0403628551	-0.2296093162	-0.1088480929	0.1190625622	-0.033938559	0.0681069349	0.0739653163	-0.0835181032	0.0207237075	-0.0482298325	-0.1386667205	0.1343509475	-0.1053372955	0.071163874	-0.0606408981	-0.0807510076	-0.0683731426	-0.0168210783008504	-0.0067655346150417	0.0002829486752033	4.577245862732744e-05	-0.0551344819252079	0.0085199176288455	7.258899640231396e-05	0.003039811097161	-0.0663449192223168	-0.023970753958693	0.0044016483066157	0.0005745970453481	-0.0003599958531635	1.2388138999862295e-09	1.295970142949163e-07	1.5346598787990922e-18	7.801753870562145e-05	6.0044462006914046e-06	6.086736345683141e-09	3.6053374176997435e-11	-9.798565690366398e-05	-2.499879787820782e-05	9.601188958842552e-09	6.249398953554878e-10	0.0	0.0	0.0	0.0	0.0	0.0	0.0	0.0
842.9359624046165	-0.2979716116246891	0.0887870813342145	710541.036714997	1260.3900217504545	-8.157132759621618	66.5388148580922	1588583.0069281112	809.7170776694454	-0.311043828805623	0.0967482634380617	655641.7458695467	926.9832462718468	891.3792948133853	1.532958	31.176977	0.0535200397207493	0.0248689205250562	-0.0429826118	-0.1955089558	-0.1061616987	-0.1943064009	0.0227161263	-0.1366269354	0.0353155128	0.0193174923	-0.1846897771	0.0824390658	0.127747209	0.091690894	-0.0641959514	-0.1326945746	0.0306508487	0.1826689482	-0.1706066455	0.0253708497	0.2639669701	0.1248855514	0.1198993048	-0.0385257852	-0.2428754488	0.0961932637	-0.1181539362	0.0564892954	-0.0438542678	0.1547439747	-0.1004000952	-0.1372324069	0.049661503	0.0216176056	0.0324872667	-0.0237166414	-0.0138256193	-0.0674319236	0.0741450661	-0.0386277468	-0.1405427905	-0.055107666	0.1000514677	0.0678431958	0.2326574184	0.0662613608	0.0604691246	0.0802531716	0.0348366454	-0.0732788675	0.2372087027	0.2517609406	0.19965529	-0.0498267514	0.053305045	0.0812591842	-0.0384272731	-0.0331223303	-0.0937749557	-0.086216877	0.1068831529	0.1939116337	0.0760157396	-0.0653131543	-0.0629776066	-0.1326644722	0.0994995461	-0.017159599	0.1109423197	-0.0486174643	-0.2731398763	0.0212313554	0.0869826684	-0.0144989293	-0.1119727095	0.0002840821	0.0650590275	0.021077566	-0.124901036	-0.0067583123	-0.0574388786	-0.1028581587	0.1009052028	-0.1407912458	-0.0855149763	-0.0580456054	-0.0100019317915638	0.0068191465092866	0.000100038639563	4.650075911511563e-05	-0.0386739241453	0.0164605577799079	0.0002709499624256	0.0014956724087964	-0.0504055937703498	0.015939325451967	0.0025407238833415	0.0002540620958637	-0.0002740060976129	8.598975555060002e-05	7.507934152905008e-08	7.394238059651947e-09	-0.0001049839438882	-0.0001830014825938	1.1021628474320729e-08	3.3489542631536744e-08	-0.000115014618351	-1.702896144733601e-05	1.3228362434426184e-08	2.899855279748562e-10	0.0	0.0	0.0	0.0	1.0	0.0	0.0	0.0
840.941626243285	-1.9943361613314887	3.97737672439442	707182.8187487008	1269.2200623964934	8.830040646038924	77.9696178106995	1610919.5667897586	808.3968299681635	-1.3202477012819145	1.7430539927401794	653505.4347025759	926.6358605887144	877.4547567367554	1.442334	29.33387	0.0340522954957149	0.018654430616059	0.1538935422	-0.0210814863	0.0724172168	0.1441818339	0.2345982119	0.0212419344	-0.02770521	0.1107897874	-0.0062573869	0.174210138	-0.042287292	-0.0594997202	0.2124162443	-0.115487709	-0.2089673051	-0.0601866935	-0.1707632209	-0.1433116492	0.1055603162	0.1865163998	0.1880486799	-0.0783890309	-0.0013703533	-0.0109293113	0.0757672128	0.0757629008	-0.0640687222	-0.045711953	0.0419641804	-0.1347398914	0.0311107605	-0.0039393925	0.1548776584	0.16476818	-0.1127451644	-0.0001035824	0.0249301409	0.1607608553	-0.0858217545	-0.1094680606	0.017962649	-0.1114983139	0.081674536	-0.2290632843	0.1053055872	-0.0326659112	-0.0896464685	-0.1188470907	0.2369450823	0.0245043171	0.0818433189	-0.0528313619	0.1570969922	-0.070554087	0.1107384922	-0.2010031662	0.0942248692	-0.1175703429	-0.0360964881	0.0321049467	0.0755295819	-0.2002316739	0.0235428477	-0.1154505681	0.0934656246	-0.0408820278	-0.2495516939	-0.1218499465	-0.0937098368	0.0597416458	0.0369380664	0.0446231178	0.0510144513	0.0390728536	0.0002830156	-0.061159494	-0.0297737909	-0.0739108769	-0.0900643769	-0.0607727497	0.0205975941	-0.1124821695	-0.0901621419	-0.0474010431	-0.0270099437503574	-0.0170080119587936	0.0007295370613974	0.0002892724707904	-0.0425362527747381	-0.003862328629438	1.4917582441777167e-05	0.0018093328001164	-0.0566872599880525	-0.0062816662177026	0.003213445444953	3.945933047062727e-05	-0.0003540030147687	-7.999691715580002e-05	1.2531813446532845e-07	6.399506754431932e-09	-5.198054906618843e-05	5.300339482201157e-05	2.701977481222423e-09	2.8093598626580433e-09	-0.0001100091565332	5.005461817799995e-06	1.2102014521146101e-08	2.5054648009453632e-11	0.0	0.0	0.0	0.0	0.0	0.0	0.0	0.0
842.1662038201429	1.2245775768578824	1.4995902417431228	709243.9148568304	1264.5785845919138	-4.641477804579608	21.54331621040514	1599158.996608488	808.3455583096829	-0.051271658480573	0.0026287829633485	653422.541638993	925.482784984676	864.4778372511242	1.360965	27.67902	0.060382794547511	0.0358548421341486	-0.015916152	0.1299330585	-0.1645380931	0.0421772071	-0.0366104667	0.1699265937	-0.0147738761	0.0376499672	-0.0192493633	-0.0044280282	0.0548942429	-0.2515128533	-0.2258751686	0.1353327708	0.0438670532	-0.21057293	-0.0196590806	-0.1169769149	0.0105212362	0.2445825843	-0.0503535647	0.032581732	-0.0416747601	0.1381058169	-0.0268276414	-0.0922166869	-0.1253121985	-0.0595780529	0.1220234705	0.0905814246	-0.0499677027	-0.0559103341	0.2039373694	0.0708938388	0.2869492711	0.0176346502	-0.0182049882	-0.0432034423	0.1362786731	0.1109624972	-0.1404260515	-0.0244808243	-0.0464935399	1.08341e-05	0.2645977886	0.0026856706	-0.0821838195	0.0331234475	0.0304003395	-0.0447938021	0.0392774533	-0.058233249	0.0570875817	-0.1967966238	0.109624528	-0.0306139675	-0.0060801459	-0.0258727155	-0.0464488165	-0.0891474927	-0.1131016981	0.0390219714	0.1711455805	-0.0279636238	0.0871504637	-0.076942189	-0.1570180645	-0.0345350597	-0.2536146921	-0.0312044421	0.2039475378	0.141059298	-0.0296597689	-0.0997157926	0.1802669554	0.0913772103	0.0777770613	-0.0915178187	-0.0716922275	-0.0570548225	-0.0902990082	-0.0012680203	-0.0946861568	-0.0364975928	-0.0269053743147651	0.0001045694355923	0.0007238991670176	1.0934766860092306e-08	-0.0749158467748998	-0.0323795940001617	0.0010484381076153	0.0056123840980002	-0.05778372377452	-0.0010964637864675	0.00333895873325	1.20223283503465e-06	-0.000605996546282	-0.0002519935315133	3.672318141057122e-07	6.350073992454452e-08	0.0001610114399899	0.000212991989056	2.5924683807621173e-08	4.536558740206889e-08	-3.895133059679751e-05	7.105782593640249e-05	1.5172061552610139e-09	5.049214626808074e-09	0.0	0.0	0.0	0.0	0.0	0.0	0.0	0.0
844.8329698843517	2.6667660642087867	7.111641241215622	713742.7470036139	1263.830327187815	-0.7482574040986947	0.5598891427885173	1597267.0959196598	808.7181316304143	0.3725733207313624	0.1388108793207946	654025.0164277881	925.6350113817754	881.7875441456002	1.436773	29.220783	0.0376374195750411	0.0206230250059637	0.0594341742	-0.1444868026	-0.0359695354	0.046194264	-0.0327457818	-0.0796831704	-0.0308779126	-0.2095840295	-0.0599502947	-0.1714513886	-0.0190128384	-0.2100385215	-0.1205711854	-0.1635077492	0.0012668167	-0.1438832777	-0.0005480303	0.1590126989	0.1501640246	0.0155397325	0.0042383327	-0.0284622834	-0.0046067402	0.0454918149	0.0328036781	-0.0744591326	-0.1696995918	-0.1267851846	0.1255914564	-0.139925765	0.0738520955	0.1044753204	0.0538857428	-0.1596172956	-0.0359558639	0.0401973771	0.0769811534	0.008862616	-0.091110968	0.0994659622	-0.1109113047	0.1721506681	-0.1215257125	0.1212937817	0.003742588	0.1033192196	0.1712419616	-0.0893726006	0.0350797274	-0.249891197	0.0211264514	-0.0652216829	0.1823538173	0.0668351485	-0.0082587399	-0.1008735607	-0.1719884891	-0.0367736371	-0.1304345227	0.1112583673	0.0396331172	0.0255016074	0.1183575649	0.1340337567	-0.059573585	0.069476112	-0.0426513868	0.0613305834	-0.201571179	-0.0979088225	0.0491342777	-0.3146343067	0.0108524334	0.0182546945	0.1444736584	-0.0292454869	0.1205601608	0.0445363824	-0.0286448797	-0.1135224395	0.2283628619	0.1748011448	-0.0990808418	-0.0253948054	-0.026948192046504	-4.281773173890266e-05	0.0007262050545752	1.8333581512646318e-09	-0.0573313309115093	0.0175845158633905	0.0003092151981498	0.0032868815040849	-0.0593448872976836	-0.0015611635231636	0.0035218156483747	2.4372315460565844e-06	-0.0003880006813436	0.0002179958649384	1.505445287230978e-07	4.752219713024116e-08	7.59949599737908e-05	-8.50164800161092e-05	5.775233941418065e-09	7.227801874329496e-09	2.7014773583656804e-05	6.596610418045431e-05	7.297979917762415e-10	4.351526900746552e-09	0.0	0.0	0.0	0.0	0.0	0.0	0.0	0.0
843.5047463743929	-1.3282235099587751	1.7641776924072083	711500.2571561289	1267.6470817882343	3.816754600419245	14.567615679821468	1606929.1239662266	809.0072877285628	0.2891560981485099	0.0836112490964707	654492.7915979256	927.9373370163312	872.7696228575988	1.43647	29.214626	0.0142818626673909	0.006657070746354	0.1342840889	0.1146382046	0.0337237522	-0.180605023	0.1088287029	0.1257106203	0.0657058136	-0.0794811838	-0.1186454753	-0.161389994	0.117447511	0.261656076	-0.0584389364	0.0818549429	-0.206052054	-0.0765772207	0.1719350168	0.1526212399	0.0588769819	-0.0020405668	-0.1525455498	0.1944964381	-0.1141234863	0.1141931933	0.1308389904	-0.0368393746	-0.0451277015	-0.0348087333	-0.0802892337	-0.0883802421	-0.0911688942	0.0292138052	-0.0057568917	-0.0989541607	-0.035896972	-0.1592611364	0.1176871135	0.1671575923	0.0894016234	0.048702158	0.0172503618	0.0249990668	0.1484093418	0.1349447214	-0.228207596	0.050283423	0.1028169184	0.0892822951	-0.027440048	-0.0240893649	0.0616959771	-0.2204612727	-0.0572695644	-0.2662975483	0.064068407	-0.0492010813	0.0865799545	0.0692194895	-0.1073952599	-0.1315764388	0.0432693764	-0.0654605249	0.0070358647	0.1597823475	0.0507160074	0.1376048718	0.0600216908	-0.1284236185	-0.1261678762	0.1401323615	-0.150807695	-0.1210368609	0.1284761197	-0.0720571913	0.0739733093	-0.0962899282	0.1090667937	-0.1993559223	-0.0450939574	-0.105784755	-0.0133452954	-0.2712415038	-0.1033401944	-0.0141533203	-0.0269432877869491	4.904259554901896e-06	0.0007259407567703	2.4051761781846545e-11	-0.0541772721688005	0.0031540587427087	9.948086552457806e-06	0.0029351768196522	-0.0621181392858147	-0.0027732519881311	0.0038586632283318	7.69092658967311e-06	-0.0003130002311406	7.500045020299997e-05	9.796914469406904e-08	5.625067530652678e-09	1.799047296446865e-05	-5.800448700932215e-05	3.236571174852774e-10	3.3645205132146223e-09	6.100278991125771e-05	3.3988016327600906e-05	3.7213403769570452e-09	1.1551852538852656e-09	0.0	0.0	0.0	0.0	0.0	0.0	0.0	0.0
842.1360536973989	-1.3686926769939871	1.8733196440569675	709193.1329370283	1266.313399143483	-1.333682644751434	1.7787093969111798	1603549.6248503218	808.0349389452077	-0.9723487833550736	0.9454621564920916	652920.4625561856	926.8557023783676	888.612430585419	1.467854	29.8529	0.0575280170403517	0.0279323301899172	-0.1348109406	0.0657330215	0.0384738545	0.0248521514	-0.1063671374	0.0423165608	-0.1482959451	0.086088821	0.0077390951	0.1836479415	0.1567796112	0.0994324126	0.0614866357	0.0608827661	0.1420229058	-0.0656596794	0.0215284948	-0.0528227738	-0.2267288705	-0.0227426012	0.0649333121	0.0217666007	0.1824378956	0.1468029617	0.140920311	-0.1382601844	-0.0434757427	-0.1621050826	-0.0126976321	0.1539212448	-0.0540168042	-0.089258153	-0.0221918146	-0.1783981694	0.0352780229	-0.0942249585	-0.2909572538	-0.1582249814	0.0243991881	-0.1149476849	-0.0502964212	-0.1977495222	0.0680594872	0.0098375799	-0.0585691414	-0.1118114732	-0.0249533565	0.4210727166	-0.0804276367	-0.1985201463	0.0614773905	-0.1976118029	0.0754791426	0.1179940388	0.107289448	-0.0097763611	0.0206250429	0.1940690503	0.2216767195	-0.024350146	-0.0784736136	-0.0244371986	-0.12399267	0.0799064624	0.0366051346	-0.0015498656	-0.0239807008	0.1209568945	0.0419714953	0.2226899121	0.0068408863	-0.3095489608	0.1218772206	-0.2562302187	0.0026807809	0.2179618216	0.0034555035	-0.2710239546	-0.1291412804	0.251892385	-0.0539442244	-0.0483662261	-0.1074583966	-0.0028345346	-0.0237160502120445	0.0032272375749046	0.0005624510376602	1.0415062364876128e-05	-0.0633025083644582	-0.0091252361956576	8.32699356265413e-05	0.0040072075652323	-0.0476425297078435	0.0144756095779711	0.0022698106369627	0.0002095432726538	9.499964795513732e-05	0.0004079998790957	9.024933111600023e-09	1.664639013421363e-07	-6.005728418800871e-06	-2.399620138326952e-05	3.6068773840392406e-11	5.75817680826426e-10	-0.0001209998034461	-0.0001820025933573	1.4640952433994832e-08	3.312494398880372e-08	0.0	0.0	0.0	0.0	0.0	0.0	0.0	0.0
842.2916791976688	0.1556255002699345	0.0242192963342673	709455.2728456287	1264.8218663650723	-1.4915327784106012	2.2246700290732475	1599774.3536352247	808.1543968548403	0.1194579096326151	0.014270192173794	653113.5291558108	926.380566065548	871.0813099543253	1.300391	26.447069	0.0585542401477424	0.0265082840163794	0.0350884652	0.0908642634	-0.1918365095	-0.0251289394	-0.0244927338	-0.0054522623	0.2588626539	0.0325175761	0.0139675416	-0.0370437155	-0.0015596074	0.0748885046	-0.1123526634	0.1896416439	0.1224356789	-0.0406305797	0.0900684391	0.0642429018	-0.0168589684	-0.0295629928	-0.1173615899	-0.2985356905	0.0683948433	0.0866017281	-0.1412890546	-0.061709701	-0.1338614675	0.0560116028	0.148997313	0.0109356816	0.0036918065	-0.2403040986	-0.0433391364	-0.0151540144	0.0177635662	-0.0226903082	0.0046940715	0.0030616976	0.1130129396	0.0057699605	0.2137808713	0.0423875494	-0.0143429884	-0.0021424971	0.1634940789	0.0600858062	-0.0609582112	0.0895271338	-0.0985753774	-0.1079819648	-0.0442839657	-0.166361411	-0.3880648583	-0.0946598741	0.0885300995	0.1244622146	-0.2410325782	-0.0083740664	0.0890689831	-0.0681612743	-0.132743352	-0.1874477778	-0.0718415963	-0.0980104213	0.1034803075	0.0898267261	0.1055097064	0.0509498849	-0.0716410382	0.0968484034	0.0797926017	-0.1927780795	0.1425151622	-0.1603875687	-0.1278393291	-0.0418055373	0.1116898672	-0.008133037	-0.0938163276	-0.1140070291	-0.0757906052	0.1959841813	-0.1114298236	0.0084997322	-0.027847043920488	-0.0041309937084435	0.0007754578551095	1.7065109019199792e-05	-0.0451097473438864	0.0181927610205717	0.0003309765535516	0.0020348893054292	-0.0629726012347475	-0.015330071526904	0.0039655485062705	0.0002350110930199	-5.200250534990727e-05	-0.000147002153305	2.7042605626671342e-09	2.1609633076319828e-08	8.299843870762658e-05	8.900416712642745e-05	6.8887408279036465e-09	7.921741765869028e-09	6.100215395889167e-05	0.0001820019574049	3.721262787624323e-09	3.3124712499248414e-08	0.0	0.0	0.0	0.0	0.0	0.0	0.0	0.0
843.135779328794	0.8441001311251739	0.7125050313655358	710877.9423843728	1268.4722295664424	3.6503632013700553	13.32515150191664	1609021.7971812612	807.5156994530727	-0.6386974017676721	0.4079343710247751	652081.6048631852	928.4053794482282	890.5372373448612	1.31696	26.78406	0.0381486537488533	0.0240442961127535	0.1106013421	-0.0828625692	-0.0407399971	0.1536618388	0.0693107422	-0.0755908987	0.061712214	-0.0590718235	-0.0283798567	-0.058809248	0.0048795791	-0.1437521799	0.0780071431	-0.1764933316	-0.0682264264	0.0387960658	-0.0438334875	-0.0872587596	-0.0945039879	-0.1824513182	0.0301238546	0.0807194609	-0.1120086701	-0.0904643408	-0.1158272351	-0.1167102328	-0.0026856672	0.0305017143	-0.1456771381	0.0248060458	0.0303618013	-0.0251490935	-0.0183705273	-0.2207579108	-0.0968045802	0.0818424959	0.001396558	0.0927418386	-0.125264341	0.0081667757	0.0882328373	-0.0836920046	-0.0781230478	-0.0623370239	-0.0342920657	-0.1422888984	0.2174031312	0.1037644654	0.1934766629	0.1214729325	-0.1610453744	0.056780536	0.1234442754	0.0160066336	0.0131685564	0.1908810102	-0.1969654789	0.1117990395	-0.0737823382	0.0873828082	-0.0723849211	-0.1965852173	-0.0826905169	-0.1964952024	0.0314806591	0.1611540727	-0.1406378707	0.041813859	-0.0135488961	-0.0716970363	-0.0819668976	-0.1425645237	0.138200554	0.2283533429	0.1490499635	0.1233921707	0.0573013002	0.1756963761	-0.2894455122	0.0023762447	-0.0252749274	-0.1037328037	-0.1152490509	0.0197875765	-0.0231616258725182	0.0046854180479697	0.0005364609130585	2.195314228424112e-05	-0.0451307063468391	-2.0959002952701533e-05	4.392798047713516e-10	0.0020367806553646	-0.0401803493897006	0.0227922518450469	0.0016144604770784	0.000519486744168	0.0001219984700141	0.000174000975364	1.4883626685781256e-08	3.0276339427625865e-08	4.40037404829674e-05	-3.899469822465917e-05	1.936329176492344e-09	1.5205864896322375e-09	6.099733048987974e-05	-4.823469011934532e-09	3.720674326891612e-09	2.3265853309092693e-17	0.0	0.0	0.0	0.0	0.0	0.0	0.0	0.0
842.06753020263	-1.0682491261640052	1.1411561955501608	709077.7254215572	1263.2599562543878	-5.212273312054549	27.1677930795561	1595825.7170758378	809.1004728670094	1.584773413936773	2.5115067735208148	654643.5751936183	924.992813037552	873.787052190445	1.456576	29.623522	0.0441012953393654	0.0222064882734457	-0.0691905584	0.0878040447	-0.0830802463	0.0470831224	-0.0212512443	0.0475178269	-0.2109047454	0.0373871603	-0.1473948723	-0.0297616625	0.1357668511	-0.0713750512	-0.0080610409	0.0117984774	0.0824456598	-0.0723477175	-0.0708917808	-0.1010430511	-0.0513577473	-0.0054056425	-0.0490992419	0.0505113587	-0.0709646155	-0.0448492422	-0.0785147106	-0.1703384022	0.0910647236	-0.1580331199	-0.0754688974	-0.1372617282	0.1131122707	0.1790640063	-0.062938475	-0.2257307228	0.0429091602	-0.1141260376	-0.0070096214	-0.0612463357	0.0582200501	0.2240924147	-0.1781921732	0.0514345073	0.0162412692	-0.0660421248	0.1267525083	-0.087946179	-0.0357641798	0.2574040287	0.0836554869	0.0725627685	0.0456554342	-0.0173787947	0.1470215003	0.167202773	-0.0351054161	0.1205191978	0.0552089691	-0.0479802357	-0.0595353462	0.0003196769	-0.16895008	0.1322880063	0.0423819005	-0.1538301727	0.1152112951	0.0879165726	-0.0877356271	0.0994704395	0.01919196	0.1293569273	0.2008079975	-0.0738234399	-0.0653126114	-0.0615670448	0.0983797045	-0.1663801615	-0.0007170587	0.0041303417	0.0434199419	0.2475928706	-0.0871324946	0.1257568064	-0.1189108618	0.0309673479	-0.0278646291720718	-0.0047030032995535	0.000776437558897	2.211824003561203e-05	-0.0483179360384156	-0.0031872296915765	1.0158433106866858e-05	0.0023346229430124	-0.0507907708786206	-0.0106104214889199	0.0025797024064445	0.0001125810441725	-1.601274341768548e-05	-0.0001380112134317	2.5640795176062965e-10	1.904709503291385e-08	0.0004179993759023	0.0003739956354193	1.7472347825471235e-07	1.3987273531271037e-07	6.100329882506869e-05	5.968335188954034e-09	3.7214024675406275e-09	3.5621024927706975e-17	0.0	0.0	0.0	0.0	0.0	0.0	0.0	0.0
842.6196442396443	0.5521140370143485	0.3048299098682813	710007.8648585448	1267.9767348469677	4.716778592579885	22.248000291419885	1607765.000113177	809.1665148696695	0.0660420026600832	0.0043615461153544	654750.4487863271	926.9976181583552	860.7291821775905	1.264434	25.715784	0.089572077331128	0.0467572887954313	0.1056637433	0.0795079552	0.0550217686	-0.1449300552	0.0598921383	0.0599097731	0.0220730456	-0.1801496618	-0.010288609	-0.1025250079	-0.2656259942	0.0761386606	0.0569477791	0.0153251936	-0.191616402	0.0163653544	0.0969507752	-0.0776439438	0.1927741283	0.092743343	-0.1065436654	0.027331789	0.1738322132	0.0350199504	0.0157610176	0.0482142596	0.0619619986	0.0266821375	-0.0513339824	-0.0231974953	0.0467729446	0.1381187816	0.0933837882	-0.1849682229	0.1758424019	-0.0023188555	0.0574044853	0.1498134001	0.0822298712	0.0661771002	-0.0191292637	0.101188103	-0.0211758116	-0.0298748819	-0.1815247749	0.124389716	-0.1458560514	-0.0188169487	0.1341650763	0.0088002118	-0.2087948073	0.0145778423	-0.0672205426	-0.0183308537	0.0404291957	-0.0862115412	-0.0799329562	0.0046173424	-0.1289941457	-0.1245946709	0.1459203442	0.0793551461	0.0188641845	-0.1681882357	0.1285310269	0.1293612193	0.093336058	-0.0102682559	0.0913681415	0.0744945152	0.0494396711	-0.0764102462	0.104349035	0.0197614499	-0.0411238635	0.0440159969	0.1741598523	0.0129629205	0.0206634143	-0.0561918836	-0.0547267382	0.166977126	-0.1224102548	0.0419779864	-0.02789271355212	-2.808438004819891e-05	0.0007780034693006	7.88732402691673e-10	-0.0692440826192495	-0.0209261465808338	0.0004379036107225	0.0047947429777814	-0.0314252463444688	0.0193655245341518	0.0009875461078105	0.0003750235404828	-0.0006940032876219	-0.0006779905442042	4.816405632300057e-07	4.59671178030327e-07	0.0001109786474808	-0.0003070207284215	1.2316260196667674e-08	9.426172768046847e-08	6.103846292123826e-05	3.51640961695636e-08	3.725693955787377e-09	1.2365136594223173e-15	0.0	0.0	0.0	0.0	0.0	0.0	0.0	0.0
842.9920437696758	0.37239953003143	0.1386814099676299	710635.585858975	1265.945087204331	-2.031647642636699	4.127592143831256	1602616.9638167813	808.8030593503896	-0.3634555192799098	0.1320999144950289	654162.3888145499	925.4469869773808	881.4185861887665	1.418103	28.841084	0.074124119652578	0.0413479322079127	-0.1815894112	0.000262914	0.1454853261	-0.1154157212	-0.1254278794	0.0758718465	-0.0855477914	-0.0893061123	-0.147290669	0.0617287607	-0.0048776469	0.0735265592	0.1747557151	0.0426065824	0.1424775696	0.1584136314	0.0836655011	-0.1464086412	0.0449216072	-0.088191566	-0.0042675755	-0.0455420579	-0.040852826	-0.0051020386	-0.0530694128	0.1348154009	0.1470430745	-0.0774612973	0.0995837832	-0.0929845881	-0.1318036619	0.0038850323	0.0470239876	0.0821057393	0.1329150758	0.0493022851	0.0681969761	-0.1877989844	0.0180347127	-0.0579674363	-0.1311871155	0.0644079448	0.1524839701	-0.0852834643	-0.1272782818	-0.1211297526	-0.1021191638	-0.1149895077	0.1177790105	-0.1149440557	-0.0278494113	0.1122857056	-0.0733703326	0.0801506968	-0.0663716225	0.1357330121	0.0547309551	0.0042400906	0.1667987292	0.0200395887	0.1034281108	0.1515859649	0.0465428509	-0.077207391	0.148324184	0.0599298359	-0.0365782629	0.0006482968	0.1027343785	0.041796559	-0.0924997823	-0.2597134786	-0.0842691691	0.0353699799	-0.129383178	-0.1242516705	-0.0736936823	-0.0101878716	0.0412221112	0.0633468597	0.2227326482	-0.0466554829	-0.1257424501	0.0527593557	-0.0337051905496395	-0.0058124769975194	0.0011360398699875	3.378488884669328e-05	-0.0638289672009904	0.005415115418259	2.9323474993067343e-05	0.0040741370539451	-0.0599712917025527	-0.0285460453580839	0.0035965558284726	0.0008148767055857	-0.0001969983735523	0.0004970049140696	3.880835918225153e-08	2.4701388460933056e-07	5.400706782188181e-05	-5.697157965891818e-05	2.9167633747173412e-09	3.2457608888324604e-09	-7.199468092455355e-05	-0.0001330331438457	5.183234081428274e-09	1.7697817361495132e-08	0.0	0.0	0.0	0.0	0.0	0.0	0.0	0.0
842.3440282638026	-0.648015505873218	0.4199240958521226	709543.4619516898	1264.584465202648	-1.3606220016829411	1.8512922314636933	1599173.8696318674	809.0484894044278	0.2454300540381382	0.0602359114251634	654559.4582075864	925.743065753966	864.0729836917367	1.5059	30.62668	0.0236669096958961	0.0122369195304254	0.1314713078	0.021725209	0.1671998727	0.0021113678	0.0956379699	-0.1405009833	0.1070370451	-0.155171062	0.1476678351	0.1339096768	-0.0733046527	0.0558502804	0.0298046358	-0.0053532955	-0.1966339893	0.1454988755	-0.0193877653	-0.0294540187	-0.0658794306	0.0735554681	-0.0498652187	-0.0199510811	0.0561327573	0.0491452674	0.0733968506	-0.0520998531	-0.0050784131	0.2001667295	-0.1720146896	0.1617555439	0.0733580927	0.1532011196	-0.0049080139	0.0039962796	0.1456332154	0.2203882535	-0.0420712859	0.1294014251	-0.0182147738	-0.1782171789	0.1098763372	0.1702030555	-0.113213177	-0.1957430352	-0.0214560122	0.0065805016	-0.0106409416	0.1627794854	0.0470303549	-0.0030860492	-0.0956804852	0.0983047394	-0.024296078	-0.0700773911	-0.0165626477	-0.2280964016	0.0455146565	0.0628252153	0.0300722664	-0.0362511497	0.1847698892	-0.1876427293	0.0923244189	-0.0250682367	0.0377878895	0.0569689425	-0.1087000631	-0.0183023018	0.1011533081	-0.0804552554	-0.0895821361	0.231454343	-0.137638426	-0.2614163215	0.1033373822	0.007808611	0.0618823672	-0.1066217698	0.0383882753	0.0521120737	0.1300112194	0.1553374901	-0.1289028963	0.0632525717	-0.0278639996498668	0.0058411908997726	0.0007764024764877	3.411951112758737e-05	-0.0728368710646094	-0.0090079038636189	8.114233201620198e-05	0.0053052097864825	-0.0599532093635986	1.8082338954096555e-05	0.0035943873129954	3.2697098205083766e-10	-0.0003249999966679	-0.0001280016231155	1.05624997834135e-07	1.6384415520228098e-08	1.201069407374966e-05	-4.199637374813215e-05	1.4425677213320518e-10	1.763695407992803e-09	-6.599802591727768e-05	5.996655007275864e-06	4.3557394249776565e-09	3.595987127628669e-11	0.0	0.0	0.0	0.0	0.0	1.0	0.0	0.0
843.6954636927716	1.3514354289690118	1.8263777186726569	711822.0354557608	1268.739971248785	4.155506046136907	17.26823049948039	1609701.1146443677	809.1428330654113	0.0943436609835544	0.0089007263677798	654712.12430112	926.5326247033272	872.3276968567101	1.460038	29.693945	0.0316078937446437	0.017770668245407	-0.1638634152	0.069118238	0.0968682972	0.0074953622	-0.0956363122	0.1554638033	-0.0145750537	0.0461091532	-0.0706606059	0.0874876663	-0.0258311971	-0.1142918445	-0.0535445953	0.0367701397	0.0431870626	-0.0438283575	-0.0353407883	0.0302885137	0.0174800945	-0.0188027995	0.1005280996	-0.0435287032	0.0972674395	0.0331480572	0.1790970956	0.0014957405	0.142987932	-0.0526409202	-0.090404032	0.0275324842	-0.2128209118	0.0521157256	-0.0343768557	0.1619910192	0.1301873484	0.0626649866	-0.0506132529	-0.1194400034	0.0819887123	0.0505512758	-0.0387014306	0.0369100781	0.1047630339	-0.0527415566	0.058514208	-0.0002532514	-0.0088201632	-0.1576169944	0.0532596693	-0.1180387891	-0.0895932056	0.1096171289	-0.072776643	-0.1736915416	0.1493035193	0.0390905788	0.0830616821	0.0157701491	0.1516028595	-0.0177021806	-0.0833241628	0.0025424296	0.2113845594	0.0134550806	0.0824401869	0.0984432149	-0.1587655881	0.0435559022	0.0254408833	-0.0043192388	-0.1332663661	0.0479245751	0.0592698113	-0.0666056522	-0.0566925166	-0.1274769052	0.0308647849	0.1593130959	0.1878907889	-0.0660337458	-0.0885480591	-0.0693983367	-0.1318872767	0.0734003241	-0.0278789481311179	-1.494848125109874e-05	0.0007772357488975	2.2345709171445048e-10	-0.0606524615804744	0.0121844094841349	0.000148459834477	0.0036787210957709	-0.0711115835576663	-0.0111583741940676	0.0050568573160789	0.0001245093146548	-0.0001970003409042	0.0001279996557637	3.880913431637101e-08	1.6383911875625697e-08	-5.995397418967485e-06	-1.8006091492717147e-05	3.5944790211361985e-11	3.2421933084410075e-10	-4.7000541469896105e-05	1.8997484447381575e-05	2.2090508984634237e-09	3.6090441532850494e-10	0.0	0.0	0.0	0.0	0.0	0.0	0.0	0.0
843.0259683134701	-0.669495379301452	0.448224062905995	710692.7832508639	1265.3607404858285	-3.3792307629564675	11.41920054931135	1601137.8035628442	809.1091002599803	-0.0337328054309864	0.0011379021622447	654657.5361235149	927.4083335818224	895.3096340828135	1.499842	30.503471	0.0690281974779328	0.0369107036107298	-0.0296366571	-0.1809107614	-0.2248250044	-0.0291933411	0.0570645406	-0.1912036958	0.0554953308	0.1416594144	-0.1562855693	0.0008968232	-0.0546146276	-0.0990931767	-0.0723889592	-0.1481441278	0.0198940905	0.0068647747	0.0152914884	0.0824201704	-0.1373278946	0.068920561	-0.1646282521	-0.0693572031	0.0492198224	-0.0277526258	-0.0750597131	0.082607279	0.197783875	-0.0904649904	-0.1521663544	-0.1165345644	0.0477572008	0.0262605987	0.07901971	-0.0545164602	-0.0582820832	-0.0669259493	-0.1125366831	0.0250774963	-0.1749717145	0.1199415077	0.1251495587	-0.00843372	0.0967330727	0.0808979137	0.0215283054	0.0002969573	-0.0713608037	0.0536362239	-0.0385192478	-0.0210083645	-0.0785824722	0.1518437708	0.0275916365	0.144063603	-0.0614735413	-0.1152311383	0.100745666	-0.1653696683	-0.0642886915	0.1909206699	-0.0785693968	-0.004959115	0.072476064	0.1348567402	0.1136548258	0.1080474613	0.1211171987	0.1553986033	0.0227051738	-0.1915352236	-0.1116131769	0.0186153624	-0.0654253226	0.004964322	0.0102966465	0.1666257782	-0.1031636617	0.0730950655	0.1916255581	0.0431919246	-0.1375148265	-0.1702404623	-0.1346915149	0.0831471893	-0.0279357466226315	-5.679849151360092e-05	0.0007804059393638	3.2260686382205955e-09	-0.0772505207668956	-0.0165980591864212	0.0002754955687559	0.0059676429587565	-0.0411636988057466	0.0299478847519196	0.0016944500993702	0.0008968758011142	5.900275112155381e-05	0.0002560030920257	3.481324639912019e-09	6.553758312674658e-08	-9.04981804819016e-05	-8.450278306293411e-05	8.189920670534836e-09	7.140720345381305e-09	6.100268440298191e-05	0.0001080032258728	3.7213275043698124e-09	1.1664696798947906e-08	0.0	0.0	0.0	0.0	0.0	0.0	0.0	0.0
841.4677141611224	-1.558254152347672	2.428156003308762	708067.9139755445	1263.998049336095	-1.362691149733564	1.8569271695621827	1597691.068725453	807.9796581114905	-1.1294421484898294	1.2756395667853218	652831.127921961	924.6458847249736	868.3660941793632	1.536471	31.248417	0.0646621379098282	0.0382261963797625	0.142062109	0.0559164697	0.106315225	-0.0241805885	0.1648702145	0.0156236273	-0.0670656875	-0.0246606793	0.0853218824	-0.1022460137	-0.0300756587	0.012264916	0.1112219432	-0.0158185266	-0.1857969831	-0.0109913232	0.0331210309	-0.1404919542	-0.0263957786	-0.0723934295	-0.0890499574	0.2268793436	-0.0432187212	-0.050304596	-0.0025630512	-0.0073007181	-0.0236562425	0.1250688952	0.0759413568	-0.2282147106	-0.1013033509	0.0083260103	-0.2312292325	0.1616613897	0.0601496425	0.0907413458	-0.1054844096	0.1983314913	-0.0053184097	0.0404311278	-0.0747649452	0.0341597475	-0.0487911828	-0.1580401668	-0.1387626705	-0.1140595364	-0.0223249859	-0.032286499	-0.018066283	-0.034406474	0.1125974069	0.2309813258	-0.1808615328	0.0676603173	-0.0106274271	0.0662110908	0.1743349483	0.0075622533	-0.1606817656	-0.076653184	0.0105166352	-0.0277401918	-0.0471619499	0.1447111194	-0.0132854603	0.272950736	-0.0281508689	-0.0237327276	0.0885770483	-0.0360492596	-0.1631855695	0.1159735345	-0.0937728411	-0.1913726073	-0.0699972987	-0.1258322378	0.0617276938	0.0841740338	0.0056167469	-0.1297767512	-0.1233084022	0.1598187583	-0.1373117808	0.0924399334	-0.0274897977357824	0.000445948886849	0.0007556889795542	1.988704096819507e-07	-0.0805187611035478	-0.0032682403366521	1.0681394898120472e-05	0.0064832708896502	-0.049281942817231	-0.0081182440114844	0.0024287098878408	6.590588583000233e-05	-0.0005180114180657	-0.0005770141691872	2.683358292464374e-07	3.329453514428567e-07	0.0003889837873454	0.0004794819678273	1.5130838681757139e-07	2.2990295747154154e-07	6.110064088527681e-05	9.795648229489966e-08	3.73328831659156e-09	9.595472423590992e-15	0.0	0.0	0.0	0.0	0.0	0.0	1.0	0.0
842.9822857558171	1.514571594694644	2.2939271154558765	710619.1340981021	1271.2204090593048	7.22235972320982	52.16247997144343	1616001.328408906	809.7440183910544	1.7643602795639026	3.1129671961028125	655685.3753200922	926.8219997173048	871.2907286513275	1.372004	27.903517	0.0483262651449376	0.02712087964409	-0.1116678478	0.1014128588	0.054778257	0.0423160205	-0.115239649	0.1754026956	-0.0641144942	0.0413105503	0.0345866781	0.0589886151	-0.1403995859	-0.0804073981	-0.093305248	0.1241307649	0.044205197	0.0175316207	-0.0132302107	0.0584324084	-0.0687071224	-0.054719975	-0.0184068682	-0.0546203039	-0.0996684528	-0.1038560862	-0.0293524237	0.0494167272	-0.1434584339	0.0795955589	-0.1005141634	0.2784345148	0.0250388871	0.2349994751	0.0454469739	0.0482636755	-0.0211342469	0.0749439005	-0.0389736486	-0.1155275491	0.1395525963	-0.0331634382	-0.1094803261	-0.1164889493	-0.0482396956	-0.0193530679	0.0554156314	0.0844170484	-0.0922197332	0.0419701617	-0.0096806679	-0.006766602	-0.0037728107	0.1833283781	-0.0987152006	0.0960280714	0.0055337427	-0.0250429711	-0.1278013225	0.2088604595	0.1079691087	-0.0938163453	-0.0061246722	0.1314262259	-0.1061222929	0.0224304988	-0.0461543974	0.1264879466	-0.1437616588	0.231170871	-0.0350862405	-0.0819286218	-0.0619440501	0.1767688054	0.0665827432	0.0041291648	-0.0204527668	-0.0047474164	-0.0349082435	-0.0187616208	0.0263792932	-0.1052759655	-0.2102384265	-0.1437134873	-0.1397444952	0.1012278027	-0.0258044457774104	0.001685351958372	0.0006658694218793	2.8404112235883403e-06	-0.0976922501086079	-0.01717348900506	0.0002949287246069	0.0095437757312827	-0.0517449822319804	-0.0024630394147494	0.0026775431861879	6.066563158609075e-06	-0.0002660030925108	0.0002520083255548	7.075764522530924e-08	6.350819614898445e-08	0.0001009916506562	-0.0002879921366892	1.0199313502263942e-08	8.293947079481086e-08	6.1013407794254616e-05	-8.723309102219276e-08	3.7226359306680093e-09	7.609612169286165e-15	0.0	0.0	0.0	0.0	0.0	0.0	0.0	0.0
843.6268683861667	0.644582630349646	0.4154867673484684	711706.2930630507	1260.356677288284	-10.863731771020866	118.02066799268816	1588498.9539851637	809.0870667322072	-0.6569516588472197	0.4315854820621138	654621.8815533271	926.1044134183694	880.2555630937244	1.425721	28.996012	0.0316024292571426	0.017728756686157	0.0074598972	-0.1917758352	0.0013288546	-0.0677075028	-0.0608703645	-0.1696409892	-0.0117106285	-0.0915764905	0.1158607513	-0.0356142862	0.0495477582	0.0594809837	-0.1097573734	-0.1269683478	-0.0069541042	0.0361568893	0.1166476406	0.0669489549	-0.1015576609	-0.0607986154	0.0999271533	-0.2158334946	0.0730098535	0.045543268	0.0060320827	0.0274905181	-0.0884528277	0.0208935217	-0.1284731856	-0.0469356572	0.0638761271	0.0805422566	-0.008097906	0.2367426744	-0.1208913512	0.0614437314	0.051143469	-0.0768605116	-0.1224398451	-0.1682918338	0.0385396684	0.1156851013	-0.1226387467	0.1105672461	0.0471139077	0.0714795154	-0.0527253014	0.0637886817	0.0107984667	-0.0975962134	0.1354102208	0.03847713	-0.0892180453	0.1276212556	-0.0340298636	0.0870528353	0.0358360188	0.0030017489	0.0859394222	0.1515956652	0.1457251395	-0.0172927461	-0.147161338	-0.0595860956	-0.1501234699	0.0849333868	0.1224180805	0.1781827051	-0.0011641952	-0.2261819086	-0.0367441386	0.0248252947	-0.0479477904	-0.0320932226	0.2181674886	-0.0195100528	-0.1054490834	-0.0122128204	-0.0545656506	-0.0631991343	0.0584974418	0.0654210434	-0.1419863355	0.1094628008	-0.0392859923527169	-0.0134815465753065	0.0015433891951377	0.0001817520980621	-0.0946507355605774	0.0030415145480304	9.250810745881123e-06	0.0089587617421583	-0.0620241342509473	-0.0102791520189668	0.0038469932295795	0.000105660966229	-0.000319001858244	-5.299876573319995e-05	1.0176218556312507e-07	2.808869169242609e-09	5.7990260876383815e-05	-4.300138977981619e-05	3.3628703565110514e-09	1.84911952299568e-09	6.100924101049593e-05	-4.1667837586876165e-09	3.7221274886767774e-09	1.73620868916629e-17	0.0	0.0	0.0	0.0	0.0	0.0	0.0	0.0
844.5838921130392	0.9570237268724212	0.9158944137967788	713321.9508168098	1266.790531633087	6.433854344803194	41.39448173014294	1604758.2510352393	809.3478362464393	0.2607695142321518	0.0680007395528724	655043.9200367932	927.431211253159	864.6208179283465	1.409194	28.659883	0.0727460179606064	0.0397267922624349	0.0094233535	0.1118416876	-0.078948498	-0.0872477661	-0.0462997845	0.0873027832	0.1962530164	-0.1303898404	-0.0176346273	0.1094385343	0.099260395	-0.0194083559	-0.0803866365	0.1157334919	-0.037518394	0.0738074522	-0.0566920751	-0.0604213306	-0.1069118157	-0.015990275	-0.0164747923	-0.2745595341	-0.0263155407	-0.0345149814	0.1557476097	0.006253434	-0.0259032373	0.1236655387	-0.1162855594	-0.1792697037	-0.0444703609	-0.0286673123	-0.1247665501	-0.0207510016	0.0927991397	-0.1426432474	-0.02048806	0.0242761527	0.1546102224	-0.0234106059	0.1669972695	0.1517471624	0.0188896463	0.0921684532	0.1637899911	0.0774422295	0.0878851868	0.0783690248	0.1639615534	0.0421743545	-0.0439566304	0.0111613332	0.0767295761	-0.0339441147	-0.074822779	0.0929526255	-0.0003595126	0.1576895998	0.1018828516	-0.1034753643	0.0143331184	-0.1097752108	0.0679424942	-0.1875235096	-0.1220124498	0.0683473191	0.1687477695	0.1667386218	-0.0255177982	0.0230537893	-0.0511839249	0.1325474782	-0.0992890887	0.1003836896	-0.0357420753	-0.1178639649	0.1167969062	-0.1193836399	0.079561121	-0.0862128587	0.1025150488	-0.0185025495	-0.1440342395	0.1170999511	-0.0440295725767754	-0.0047435802240584	0.0019386032612935	2.250155334207887e-05	-0.0725426294860369	0.0221081060745405	0.0004887683542031	0.0052624330927484	-0.0933172488206537	-0.0312931145697064	0.0087081089274557	0.0009792590194727	-0.0005250038840991	-0.0002060020258551	2.756290783191413e-07	4.243683465640532e-08	0.0001439840327621	8.599377188571618e-05	2.0731401690437484e-08	7.394928803132591e-09	6.103778511570111e-05	2.8544105205180213e-08	3.725611211830504e-09	8.14765941964396e-16	0.0	0.0	0.0	0.0	0.0	0.0	0.0	0.0
844.3375139464816	-0.2463781665575197	0.0607022009562449	712905.8374573251	1267.09280929917	0.3022776660830004	0.0913717874125859	1605524.187377663	809.0343960104934	-0.3134402359459045	0.0982447815098243	654536.6539280639	927.2590354890314	884.1695671985194	1.377861	28.022642	0.0522546075292216	0.0215720948607252	-0.1744255652	-0.0149546031	0.0065274288	0.0128711147	-0.0987876804	-0.0316756757	0.0927235355	0.1144333314	-0.2377886216	0.0876208143	-0.0682143661	-0.0047056517	0.1959849217	0.0350504187	0.1300860258	0.0392900376	0.0602986154	0.0188027562	0.0027995439	-0.1084147112	-0.0232201975	0.0534457143	-0.1557254443	-0.0249144259	0.1430083064	0.147236531	0.0328450109	0.1263009579	-0.0589798114	-0.0666817794	0.1944941928	-0.2013544227	0.1081984681	0.0484056336	0.2369191118	0.0918642037	0.1247887311	-0.106992144	-0.0200434275	0.099149368	0.1316712274	-0.0023621362	0.1290339219	-0.1285051136	0.0112150062	-0.1378017818	-0.0013499553	-0.116063981	0.0026664251	-0.0432708955	-0.0970260701	0.0629820287	0.0073474664	0.0440521312	-0.1316413833	0.1023515363	0.0411160861	-0.0276368806	0.1081047806	0.0514673347	-0.1130780683	0.0597458528	0.1506725802	-0.1458719719	0.0399547775	0.0851648154	-0.0134104436	-0.058488692	0.1207525224	0.0476750593	-0.207626859	-0.0026949572	-0.0753485846	-0.0240195185	0.0219525194	0.0213087128	-0.2329778874	0.0901661844	0.0186115401	-0.1618307762	-0.070036769	0.0648072281	-0.1458854101	0.124097542	-0.0299533362262991	0.0140762363504763	0.0008972023510857	0.0001981404297944	-0.0614453462426496	0.0110972832433873	0.0001231496953839	0.003775530574879	-0.0862371813781237	0.00708006744253	0.0074368514520434	5.0127354990773406e-05	-0.0003370001448787	0.0001880037392204	1.135690976482648e-07	3.5345405960852176e-08	1.2003149083117393e-05	-0.0001319808836789	1.440755879115419e-10	1.7418953656685136e-08	-1.8998001841476783e-05	-8.003578695717789e-05	3.6092407396875526e-10	6.405727193854766e-09	0.0	0.0	0.0	0.0	0.0	0.0	0.0	0.0
843.5074439693991	-0.8300699770825304	0.6890161668537925	711504.808031789	1266.548584265643	-0.5442250335270273	0.296180887117494	1604145.3163053046	809.0496188002681	0.0152227897747252	0.0002317333285254	654561.2856808592	927.646165250822	889.2412997082808	1.456131	29.614481	0.0529609214719016	0.0286698734570675	0.1287603359	-0.1377507433	-0.0443838377	0.1726824208	0.1117223697	-0.1138826059	0.0417527997	0.044266089	-0.0093490048	0.0194671094	-0.1688661743	-0.1882554613	0.0304844064	-0.1662673278	-0.021234672	-0.0209327514	-0.1058970697	-0.0072872966	-0.059747202	-0.0335925379	-0.043197219	-0.162983112	0.0233342497	-0.0455458289	-0.073254764	0.2653777711	-0.0080742263	-0.105955607	0.0645995121	0.0247557345	-0.0246761207	0.0464037376	-0.1113500191	-0.0499000019	-0.0430612893	0.1053494998	-0.0685569672	0.0909529576	-0.1451879606	0.0368251147	0.0336751619	-0.0479080839	-0.0624219613	-0.0180508973	0.1379880111	0.0106578655	0.0212207074	-0.1690075438	0.0457323003	-0.1063367993	-0.1892515822	0.0179869243	0.1614189333	-0.0123825025	-0.0953851625	0.1019064086	0.0213057522	-0.0124653398	-0.1837016599	0.0900831055	0.033805873	-0.0356003574	0.1285205681	-0.0835997928	-0.0533219023	-0.0898606618	-0.0624970732	0.119754395	0.0815984783	-0.0404748045	-0.1323938412	-0.021638332	-0.0094891766	0.1788163816	0.0032354413	-0.016963843	0.0513877498	0.1633496678	-0.1562924421	0.1007995412	-0.0177791425	-0.0896916903	-0.1475373187	0.1304173552	-0.0339674411652595	-0.0040141049389604	0.0011537870593153	1.6113038460986277e-05	-0.0769132493000768	-0.0154679030574272	0.0002392560249939	0.0059156479178957	-0.0633582189789478	0.0228789623991758	0.0040142639121843	0.0005234469204629	-0.0002659964014878	7.100374339090004e-05	7.07540856044589e-08	5.041531575520781e-09	9.900967316855969e-05	8.70065240854423e-05	9.802915380945008e-09	7.570135233430651e-09	-7.298675589189794e-05	-5.398875405042116e-05	5.327066535623498e-09	2.914785563916866e-09	0.0	0.0	0.0	0.0	0.0	0.0	0.0	0.0
843.5505443602349	0.0431003908357752	0.0018576436901965	711577.5208904486	1269.8920258552798	3.343441589636768	11.17860166331284	1612625.7573308267	808.6281229382226	-0.4214958620455036	0.1776587617214822	653879.4412065933	927.3942232641556	875.0293755200511	1.507746	30.664219	0.0619299526985052	0.0386372570535402	-0.0313699795	0.0851444016	-0.0100839198	-0.1021588241	-0.0519613188	0.1353500206	-0.059036826	0.0311359257	-0.0163058404	0.0506272479	-0.0781349501	0.0613710391	-0.141733084	0.0468980972	0.0730354203	-0.0993066842	-0.0955973608	-0.117424692	-0.0118463277	0.2428151399	0.0485631726	0.1696307341	0.0906187845	-0.0929505884	-0.1242161462	-0.1910506794	0.0948806003	-0.1908514965	0.0900697807	-0.0236827956	-0.0157628676	0.0216040194	0.1769366453	0.0718307113	-0.0443016987	0.0294143706	-0.0299759228	-0.0631933961	0.11623989	0.0334935249	-0.1695803768	-0.0533173547	0.0569293566	-0.0049574221	0.0646877053	0.1539575636	-0.1137856956	0.0768542448	-0.2020241835	-0.0584519908	0.0423056848	-0.0547989446	0.2270474241	0.1568886386	0.0381146586	-0.1141894171	0.1331765712	-0.26027359	-0.0031375012	-0.1024907454	0.0761839491	0.2008909355	0.1297536409	0.0224926194	-0.0190146288	-0.1638085289	0.0125776812	0.0908836655	-0.0241244978	-0.0235556901	0.0891678194	0.046528981	-0.1866086225	0.0291234474	-0.046086404	0.2355751521	0.1299802698	-0.1334417721	-0.0940962919	0.158097225	-0.1336395481	-0.1181717261	-0.1489877092	0.136024874	-0.0355331187491856	-0.001565677583926	0.0012626025280437	2.4513462968086585e-06	-0.1069785292102807	-0.0300652799102039	0.0009039210560789	0.0114444057119948	-0.0409088864687134	0.0224493325102344	0.00167353699211	0.000503972530155	-0.0002660041859222	-7.784434400033569e-09	7.075822692813237e-08	6.059741892842599e-17	0.0001219921243411	2.298245117254032e-05	1.4882078401254404e-08	5.281930618981998e-10	6.1016262383979046e-05	0.0001340030182758	3.722984275310576e-09	1.795680890704502e-08	0.0	0.0	0.0	0.0	0.0	0.0	0.0	1.0
843.4013676771106	-0.1491766831243239	0.0222536827879749	711325.8669996206	1265.8323151900472	-4.059710665232615	16.481250685403438	1602331.450179395	809.0339322742125	0.4058093359898294	0.1646812171765062	654535.9035710751	927.991488813444	874.5757324812578	1.327589	27.000227	0.0886297724803343	0.0505029452084784	0.1199483756	-0.0270142584	0.1691243627	-0.0265081104	0.0475566704	-0.0338461659	0.0793419017	-0.1301417789	0.097807174	0.0664205013	-0.0442244266	0.1322845709	-0.1719043966	-0.0170789852	-0.1710013185	0.0883760445	0.1029496186	0.0705679956	0.0162452006	-0.0863921366	0.0865102147	0.0204542783	0.073535195	0.1362905073	0.0674823542	-0.0707010774	-0.0094759789	-0.2770466196	-0.1141945849	0.151704705	-0.0134756287	0.0356532834	-0.0899070405	0.0418855748	0.0065526382	0.0064953974	0.2104129699	0.0741460638	-0.047140589	-0.2160487407	0.0694257755	0.0228861926	-0.0675923914	-0.0073718304	-0.1249320373	0.113367353	0.1435154836	0.0455101226	-0.0346094963	-0.0945231344	-0.0433046059	0.0623746128	0.0671998894	-0.2017362588	0.2027643936	0.0268609352	0.1186938679	-0.0613873343	0.0320499672	-0.0198870424	0.1803043689	-0.1605330934	0.0886621694	0.0948597099	-0.1356589233	-0.0930857346	-0.0170145112	-0.0475090616	0.0692599199	0.086859644	-0.0640991629	0.0133754495	-0.0453689695	-0.0092386144	-0.1075105937	-0.0239418749	0.1786354488	0.0190160172	-0.0328586765	0.2318937274	0.2973171503	0.0079486442	-0.1502346003	0.1408894722	-0.0398710786169402	-0.0043379598677546	0.0015897029100782	1.8817895814249504e-05	-0.0770755256800868	0.0299030035301939	0.0008941896201267	0.0059406366588617	-0.0799987571252103	-0.0390898706564969	0.0063998011415783	0.0015280179879416	-0.000476000435732	-0.0002099962498097	2.2657641481705385e-07	4.409842493417991e-08	0.0001659978872727	4.40057629316e-05	2.7555298579000022e-08	1.9365071711921806e-09	9.039506607600914e-06	-5.197675577637813e-05	8.171267970886059e-11	2.7015831410372572e-09	0.0	0.0	0.0	0.0	0.0	0.0	0.0	0.0
843.5204577666481	0.1190900895375079	0.0141824494260516	711526.7626708555	1264.9071651757588	-0.9251500142884196	0.8559025489378632	1599990.1365129745	809.9515979756619	0.9176657014494368	0.8421103396166867	656021.5910633282	927.8930537100056	884.6956432490986	1.366064	27.782709	0.0423219361647821	0.0249197188219238	-0.084958882	-0.0408328196	0.0353914427	0.1347851489	0.0003763573	-0.0011787549	-0.0532592261	0.0435518815	0.0539110161	0.0366088312	0.2262391852	-0.0724840444	0.0598752968	-0.0657881682	0.0490664385	0.128639683	-0.0030765997	0.0727670361	-0.0577380714	0.0299570484	0.0056181522	-0.0938724338	0.0171807436	0.0343641833	-0.2151352366	0.021884308	-0.0702738812	-0.0250276549	0.0493545962	-0.0512011057	-0.1644410787	-0.0769112427	0.0046939898	-0.0478749662	-0.1692757541	0.0387075404	-0.023745385	-0.0761238632	-0.0657551057	-0.0821485509	-0.0670256483	-0.0169522919	0.0570036843	0.1210467338	0.087130317	-0.1332886536	0.1172230404	-0.008310897	-0.1232567761	0.0273433713	-0.0720747994	0.050283345	-0.0819596536	-0.0696545554	-0.1110174279	-0.1897927588	0.071826872	-0.1112863656	0.0867850251	0.084740552	-0.0336664285	-0.0523580794	0.0989909262	0.1482637274	-0.0967396206	-0.221796322	0.0773911528	-0.0643517943	0.2296908046	-0.1000509829	0.070104256	0.0027806528	0.1147300414	0.0688310644	0.0076112038	0.0434089509	-0.1383741664	-0.2464122543	0.0381880359	-0.0911213203	0.0525940686	0.0538788581	-0.151276289	0.1449845808	-0.0372988813995363	0.0025721972174038	0.0013912065536566	6.61619852522036e-06	-0.0771301996866355	-5.4674006548696696e-05	2.989246992086929e-09	0.0059490677037002	-0.0568025417771025	0.0231962153481078	0.0032265287523394	0.0005380644064757	-0.0002660028283347	0.0002099976073973	7.075750468205988e-08	4.4098995112590556e-08	9.799208630001388e-05	-6.800580097268612e-05	9.602448977429368e-09	4.624788965936597e-09	6.101309009204886e-05	5.1973583484447945e-05	3.7225971625804707e-09	2.70125338021488e-09	0.0	0.0	0.0	0.0	0.0	0.0	0.0	0.0
843.8378188749593	0.3173611083112746	0.1007180730685605	712062.2645636487	1262.5514302759127	-2.355734899846084	5.549486918352839	1594036.1140917528	809.3725078674807	-0.5790901081811626	0.3353453533932706	655083.8564916952	927.7755801222706	879.721604442435	1.24983	25.41877	0.0320292103746143	0.0218560543273357	-0.0624986337	0.0552856548	-0.1730158759	0.0405991292	-0.0070271337	-0.0155063303	-0.0610189183	0.1358314537	-0.1013677957	-0.0147508514	0.1106409279	0.0047330858	-0.0279279998	0.0530892374	0.1406633666	-0.0350989522	-0.253389128	0.2754290351	-0.1072349989	0.002281082	0.0607246281	0.0661862439	-0.086131424	-0.2083313929	0.0600523782	-0.0366703717	0.0911204777	0.1059997897	0.0511229419	0.0749533413	-0.0852727976	-0.045870797	-0.0120730679	-0.0219948957	0.1445074563	0.0412400614	0.108420234	-0.038666834	0.0388494836	0.1495379794	0.0318158696	-0.084083531	0.0991390298	0.0225107421	0.1458676647	-0.0716632313	0.0744016614	0.0763256314	-0.2067333087	0.1330216429	0.0042130236	0.0110437792	0.123841984	0.1608014866	0.1217227837	0.0641560274	-0.2202705312	0.0515881012	0.0437870839	-0.0366840166	-0.1650035263	-0.0172019929	0.1147859199	0.1511062797	-0.1143261636	-0.1610623702	0.059856275	-0.0171653533	-0.0491658761	0.1711445208	0.1565117821	-0.012461129	0.0306370262	-0.0052668378	-0.1239211445	-0.0595273667	-0.0560013456	0.0712036737	-0.0470157232	0.2524975223	-0.1779145176	-0.1942535271	-0.1521113526	0.148287834	-0.0398350624925143	-0.0025361810929779	0.0015868322037825	6.432214536379076e-06	-0.0767499368315185	0.0003802628551169	1.445998389817305e-07	0.005890552803642	-0.0765147928418912	-0.0197122510647886	0.0058545135236375	0.0003885728420412	-0.0001530005794253	0.0001130022489093	2.3409177304477532e-08	1.2769508258581986e-08	2.2995351488752647e-05	-7.499673481126123e-05	5.287861900912784e-10	5.6245102323506434e-09	6.100176657809742e-05	-1.1323513951437656e-08	3.7212155256486836e-09	1.2822196820840324e-16	0.0	0.0	0.0	0.0	0.0	0.0	0.0	0.0
843.0757173770681	-0.7621014978911944	0.5807986930880022	710776.6652308581	1273.5956778108798	11.0442475349671	121.97540361362684	1622045.9505385545	809.2904559997068	-0.0820518677739983	0.0067325090052017	654951.0421722133	927.6835580199728	877.0080537925113	1.167152	23.73728	0.0501945428986625	0.0305091746164734	0.0708944168	0.0567395493	-0.1682050041	-0.0613844688	0.1217559971	0.0161338278	0.0646538741	0.0985543531	-0.079901834	-0.1119764117	-0.1930967339	0.0359694223	0.01758675	0.1522138805	0.0386015057	0.0897574334	0.0405620669	-0.0217008684	0.1434715429	0.0211237878	-0.2689555006	-0.000948585	-0.0540269501	-0.0495953075	-0.0661066659	-0.0471250121	0.0219375711	-0.0614235728	0.0828896066	0.1205945124	0.0579151345	-0.3055228135	0.0648434533	0.0957658918	-0.07952763	-0.0437875246	0.0239932809	0.1127565444	0.0747407039	0.1365211601	0.1074402746	-0.0198696099	0.1005968834	-0.0879678535	-0.0496820997	0.1725876907	-0.0867614177	-0.1068084966	-0.3244326336	0.0207375406	0.0515406615	-0.0778427999	-0.217505016	-0.0239999421	-0.194926336	0.0261884036	-0.0220001112	-0.0894113946	-0.1536550702	-0.1105182209	-0.0917649228	0.0625049768	-0.0597394766	0.104185686	-0.1014917784	-0.0733501465	0.1393993327	-0.1261859695	-0.0502180746	0.0721973112	0.1481705039	0.0046858038	-0.0107517795	-0.0398601655	-0.2070500014	0.2234988592	-0.1171300576	0.1755116697	-0.0023901491	-0.0507484741	-0.0597723353	0.3260565628	-0.1527386503	0.1507811905	-0.0398537060367516	-1.8643544237299803e-05	0.0015883178848638	3.475817417281547e-10	-0.1030026872162466	-0.0262527503847281	0.0006892069027628	0.0106095535737679	-0.0626920967234525	0.0138226961184386	0.0039302989915827	0.0001910669279827	-0.0002880027247511	-0.0001350021453257	8.294556946405787e-08	1.8225579242568417e-08	8.999110867891069e-05	6.699575719015805e-05	8.098399641259515e-09	4.488431481482614e-09	6.101292108730813e-05	1.115450921070711e-08	3.7225765396060892e-09	1.2442307573174976e-16	0.0	0.0	0.0	0.0	0.0	0.0	0.0	0.0
842.4019825209176	-0.6737348561505314	0.4539186563921772	709641.1001551724	1262.093696910665	-11.501980900214903	132.29556462890844	1592880.4997816293	808.3604382880571	-0.9300177116496116	0.8649329439819801	653446.5981892599	927.9064571875653	881.9130508661674	1.308728	26.616632	0.0369916333237115	0.0212387712287919	0.0881803657	-0.0996673352	0.0706053812	0.0148326179	0.0115810828	-0.0115282224	-0.1094382112	-0.0373774744	0.1108719801	-0.0562502326	0.0308129893	0.1001147381	0.0427437456	-0.0393241531	-0.0592092431	-0.0479545838	-0.0860976889	0.113858731	0.2440138214	-0.147347084	-0.009072525	0.2357467247	0.1591104186	0.20657456	-0.0899316437	0.1222527466	-0.0144016797	-0.0578896575	0.1617549806	-0.0137031381	0.0850543379	-0.2755624597	-0.0102553621	-0.0851737535	-0.1814692216	0.0552376732	0.0043833066	0.0469167993	-0.0952650716	-0.0865366747	-0.0769113674	-0.1575333482	-0.0868879417	0.1286157607	-0.2163920969	0.0625738687	0.1810026508	-0.1923498355	0.0252389828	0.1492711886	0.0250739157	-0.0710295598	0.1165516994	-0.1327817495	0.1543490824	0.3478105023	0.0280889396	-0.0622820917	-0.1211677524	0.0397837093	0.0456072719	0.0538070188	-0.2183358643	0.0563310672	-0.1838387663	-0.119577061	0.0600694037	-0.2015454638	-0.1434123737	0.1136630228	0.0007540169	-0.0035207641	-0.0408511098	0.1517395716	0.0615531781	0.0315496153	0.1204495851	0.3459603418	0.0298807777	0.0550225549	0.1428603597	-0.1190099487	-0.1531573254	0.1524510324	-0.0398259883198193	2.77177169322948e-05	0.0015861093456503	7.682718319388219e-10	-0.1111294796352382	-0.0081267924189915	6.604475502137933e-05	0.0123497612439988	-0.0600571512830612	0.0026349454403912	0.0036068614202365	6.942937473838862e-06	-0.0006429972899346	-0.0003549945651834	4.1344551486324e-07	1.260211413098222e-07	-7.90195706523722e-05	-0.0001690106793312	6.244092546085241e-09	2.8564609728021734e-08	6.097461065416384e-05	-3.831043314428715e-08	3.717903144426871e-09	1.4676892877028957e-15	0.0	0.0	0.0	0.0	0.0	0.0	0.0	0.0
842.5944959348894	0.1925134139718238	0.0370614145590868	709965.4845797704	1262.7821769186978	0.6884800080329114	0.4740047214609977	1594618.8263435254	808.9664823721305	0.6060440840733463	0.3672894318403013	654426.7696015385	927.6785869161592	877.789896085581	1.355701	27.571957	0.0525697378646968	0.0273480249302151	-0.0761376465	-0.0416606843	0.1868959715	0.049454955	-0.0898751819	-0.0002938367	-0.0885455207	-0.0898098947	0.162727818	0.0382770186	0.1126796485	0.0306459263	0.0917321003	0.0105079497	0.1088475796	-0.0029025564	-0.0177907748	-0.0466588249	-0.0535513617	0.0553018304	0.0672573315	0.0652887166	-0.0457431953	0.0318602815	0.0250192889	-0.1319436902	0.1035107202	0.2317565889	0.1076352568	0.0567906925	-0.1340780909	0.1767106882	-0.1451800458	-0.0669606854	-0.1951441587	-0.2127867226	-0.0248524799	-0.0853573038	-0.0156392251	-0.0943111764	-0.103057143	-0.010132119	-0.0889024278	0.0895330556	-0.0395553581	-0.0773944781	0.0466624236	-0.0722038677	-0.0827633063	0.2529073555	-0.1147174925	-0.2976441151	-0.1223995071	-0.0320137421	-0.1729048871	-0.1912170161	0.0873276705	0.0956813624	-0.0069218005	0.0403914916	0.0636161264	0.1785443637	-0.1898874127	-0.0093178225	-0.1805261565	-0.2520806465	0.0330269888	-0.2497788224	0.0421432108	0.0243352111	0.0723339773	0.0251694647	0.1885183026	0.103299463	0.1728956035	-0.1693011439	-0.2289976804	-0.1441285634	0.1315888403	-0.1800609442	-0.079729374	0.046754816	-0.153366806	0.1532882396	-0.0423662463000908	-0.0025402579802715	0.0017948988255599	6.452910606333041e-06	-0.1306935357966523	-0.0195640561614141	0.0003827522934869	0.0170808002990308	-0.069023192919829	-0.0089660416367678	0.0047642011608479	8.038990263225379e-05	-0.000372000247181	0.0002709970427535	1.383841839027251e-07	7.343939718119649e-08	1.8999941109099083e-05	9.801951176147128e-05	3.609977621492333e-10	9.607824685957206e-09	3.523444367135387e-09	-6.097108720979671e-05	1.2414660208298089e-17	3.717473475544635e-09	0.0	0.0	0.0	0.0	0.0	0.0	0.0	0.0
