global_signal	global_signal_derivative1	global_signal_derivative1_power2	global_signal_power2	csf	csf_derivative1	csf_derivative1_power2	csf_power2	white_matter	white_matter_derivative1	white_matter_derivative1_power2	white_matter_power2	csf_wm	tcompcor	std_dvars	dvars	framewise_displacement	rmsd	t_comp_cor_00	t_comp_cor_01	t_comp_cor_02	t_comp_cor_03	t_comp_cor_04	c_comp_cor_00	c_comp_cor_01	c_comp_cor_02	c_comp_cor_03	c_comp_cor_04	c_comp_cor_05	c_comp_cor_06	c_comp_cor_07	w_comp_cor_00	w_comp_cor_01	w_comp_cor_02	w_comp_cor_03	w_comp_cor_04	w_comp_cor_05	w_comp_cor_06	w_comp_cor_07	w_comp_cor_08	w_comp_cor_09	w_comp_cor_10	w_comp_cor_11	w_comp_cor_12	w_comp_cor_13	w_comp_cor_14	w_comp_cor_15	w_comp_cor_16	w_comp_cor_17	w_comp_cor_18	w_comp_cor_19	w_comp_cor_20	w_comp_cor_21	w_comp_cor_22	a_comp_cor_00	a_comp_cor_01	a_comp_cor_02	a_comp_cor_03	a_comp_cor_04	a_comp_cor_05	a_comp_cor_06	a_comp_cor_07	a_comp_cor_08	a_comp_cor_09	a_comp_cor_10	a_comp_cor_11	a_comp_cor_12	a_comp_cor_13	a_comp_cor_14	a_comp_cor_15	a_comp_cor_16	a_comp_cor_17	a_comp_cor_18	a_comp_cor_19	edge_comp_00	edge_comp_01	edge_comp_02	edge_comp_03	edge_comp_04	edge_comp_05	edge_comp_06	edge_comp_07	edge_comp_08	edge_comp_09	edge_comp_10	edge_comp_11	edge_comp_12	edge_comp_13	edge_comp_14	edge_comp_15	edge_comp_16	edge_comp_17	edge_comp_18	edge_comp_19	edge_comp_20	edge_comp_21	edge_comp_22	edge_comp_23	cosine00	cosine01	trans_x	trans_x_derivative1	trans_x_power2	trans_x_derivative1_power2	trans_y	trans_y_derivative1	trans_y_derivative1_power2	trans_y_power2	trans_z	trans_z_derivative1	trans_z_power2	trans_z_derivative1_power2	rot_x	rot_x_derivative1	rot_x_power2	rot_x_derivative1_power2	rot_y	rot_y_derivative1	rot_y_power2	rot_y_derivative1_power2	rot_z	rot_z_derivative1	rot_z_power2	rot_z_derivative1_power2	motion_outlier00	motion_outlier01	motion_outlier02	motion_outlier03	motion_outlier04	motion_outlier05
854.5090307979024	n/a	n/a	730185.6837151705	1286.3042421161003	n/a	n/a	1654578.6032858752	822.9735802014669	n/a	n/a	677285.5137096203	944.2351427685456	892.8598557831061	n/a	n/a	n/a	n/a	-0.035635879	-0.1034580191	-0.0408908418	0.1374116982	-0.2498090268	-0.1640049801	-0.1584137069	0.036564573	-0.1247201611	0.1184718068	-0.053614907	0.1120438617	-0.0658914194	-0.009457858	0.1403998431	-0.2481779614	0.042106464	-0.0281617307	0.0116664369	-0.0448015332	0.2280203488	-0.066768956	0.079376384	-0.2045290204	0.105530758	-0.0244537421	0.130475728	-0.2404083269	0.1984042798	-0.0233968592	-0.000779524	0.1270881197	-0.1573526593	-0.1672943373	0.0621011129	0.0989077924	-0.0739688199	-0.2222967277	0.070564396	-0.057889856	0.0581465398	-0.0039072136	0.0076387719	-0.0864277293	-0.163677901	0.065680657	-0.2441135484	0.0740664257	-0.0894256354	0.0507837497	-0.3678874005	0.1233433944	-0.0091451523	0.1466219006	-0.1694188921	0.1654267483	-0.0975379619	0.1268069582	-0.0464374758	0.0516820291	-0.0500504668	0.240369768	-0.0666367364	0.2706911832	-0.0261304959	0.0297649191	-0.0559481291	0.0431925887	-0.1934266256	0.3618894041	-0.0810258422	0.2031086736	-0.0755041917	0.0201291093	-0.081080811	0.0183544262	-0.2819625615	0.1901553985	-0.126616413	-0.0603864871	0.153366806	0.1532882396	-4.008405929312176e-05	n/a	1.606731809414501e-09	n/a	0.0611752170459425	n/a	n/a	0.0037424071806181	0.0166417330744366	n/a	0.0002769472797207	n/a	0.0009989957388648	n/a	9.979924862700276e-07	n/a	-7.753956321465695e-08	n/a	6.0123838635197816e-15	n/a	-0.0001549998169817	n/a	2.4024943264360492e-08	n/a	0.0	0.0	0.0	0.0	0.0	0.0
853.5478134848152	-0.961217313087218	0.9239387229786108	728543.8699047088	1274.2242351028156	-12.080007013284783	145.9265694410096	1623647.4013233553	822.4058909416199	-0.5676892598470431	0.3222710957456836	676351.4494554795	940.972874687852	884.1124070870756	1.498565	30.679932	0.0733738309879893	0.041929275017221	0.1336518463	-0.0156954054	-0.2756101683	-0.0234995898	0.049036965	0.0342423841	0.0503470603	-0.251436171	-0.1032887574	0.2061394613	0.071107548	-0.0359428187	-0.0089171647	0.1681770936	-0.0834746822	-0.3041528649	-0.0198122973	0.1476116822	-0.0567670063	0.0907029625	0.1718831493	-0.0691564949	-0.0335128037	-0.0351302288	-0.056541967	-0.0471761021	0.0658786088	0.213307691	-0.028092379	-0.0541907466	0.0077625694	-0.0930034076	0.1730241428	-0.1117453587	0.1036196588	-0.0700631741	-0.1842388207	0.0831865843	0.0351319731	-0.1951548605	-0.0316723859	-0.2810383847	-0.0887807789	0.0134795003	0.0046914188	0.0563242583	-0.047896918	0.1051146703	0.1012795012	0.117598191	-0.1425203288	-0.1002824031	0.0619096065	-0.1091470748	-0.0209103659	-0.1658027081	-0.1555302157	0.0323684258	0.196604751	-0.0370961206	-0.0175001809	0.112627337	-0.0395955443	0.2572422629	-0.1331529242	-0.0942790807	-0.1579662991	0.1293757417	-0.0809205045	-0.0479345116	0.1262922198	0.2170669115	-0.0200920619	-0.0363466015	-0.0730689801	0.1473051935	0.0336096252	0.0264226643	0.0648369156	-0.0507061029	0.1531573254	0.1524510324	-6.231899973840882e-05	-2.223494044528706e-05	3.883657728395799e-09	4.943925766054622e-10	0.0401272494071349	-0.0210479676388075	0.0004430169417242	0.0016101961449824	0.0391429849746458	0.0225012519002092	0.0015321732727253	0.0005063063370766	0.0004409997491424	-0.0005579959897224	1.944807787436597e-07	3.113595245462808e-07	-2.5834032468807777e-08	5.170553074584917e-08	6.673972335994144e-16	2.6734619097099547e-15	-0.0001169999820643	3.79998349174e-05	1.368899580304652e-08	1.443987453749652e-09	0.0	0.0	0.0	0.0	0.0	0.0
856.2178566161306	2.670043131315424	7.1291303230846745	733109.0179883208	1280.726002459256	6.501767356440496	42.27297875727523	1640259.0933752663	823.658840974172	1.2529500325521212	1.5698837840723616	678413.8863149163	941.907622633802	863.2947376264065	1.464288	29.978186	0.0315205749608965	0.0166756909703532	-0.1273002271	0.0495355721	-0.0735138489	0.0552595458	-0.0868503569	0.1414956586	0.0523766333	0.0407639101	-0.0752699436	0.1000200058	0.1819420247	0.0375572692	0.0378609473	-0.1392578899	0.0245295366	-0.0538855449	-0.0128319347	0.263739179	-0.0978206428	-0.0475712751	0.0072483428	-0.1568980084	0.0757054839	-0.1232852729	0.0396826824	-0.0915385043	0.0120611838	-0.0030892905	0.0958920508	-0.0205043869	-0.1246553443	0.034020813	0.0430359853	0.0233695763	-0.0522721856	0.0308168792	0.1580979828	0.0698248905	-0.0226212809	-0.0758298454	-0.0389331446	-0.2314850436	0.0910005275	0.1120287047	-0.0360100926	-0.0874756329	-0.2588620149	0.0251175776	-0.0455246252	0.0746416237	0.0091901881	-0.0785712627	0.1422900044	0.0246419426	-0.1628480589	-0.0461029061	0.0538095873	0.0392273351	0.1184704667	0.0882753892	0.1766748672	0.1881163937	-0.0250701873	0.0871807954	0.0109607572	-0.1339163683	0.0087986243	0.2069548149	0.007677909	-0.0178308186	0.0463844752	0.048480799	0.0912960445	-0.0241330498	-0.1301717828	-0.1914381491	0.0404774446	-0.031255798	0.0323852469	0.1509220243	0.1527386503	0.1507811905	-1.347919081240434e-06	6.097108065716839e-05	1.816885849572056e-12	3.717472676502933e-09	0.047620337963778	0.0074930885566431	5.61463761176958e-05	0.0022676965877844	0.0260777520364996	-0.0130652329381462	0.0006800491512771	0.000170700311728	0.0003399999552529	-0.0001009997938894	1.1559996957197403e-07	1.0200958365721478e-08	2.5991653274104465e-11	2.586002412208188e-08	6.755660399212653e-22	6.687408475946567e-16	1.1731079432517055e-11	0.0001169999937953	1.3761822465202468e-22	1.3688998548118824e-08	0.0	0.0	0.0	0.0	0.0	0.0
858.9102738957305	2.6924172795999084	7.249110807488171	737726.8586036387	1283.6916096525372	2.96560719328113	8.794826024840782	1647864.148692322	824.2567518552145	0.5979108810424805	0.3574974216689952	679399.1929789087	942.2229412521764	884.0635317343252	1.406123	28.787374	0.0346761544298085	0.0206031652765897	0.1358427084	-0.0757193378	-0.0823537523	-0.1449098091	0.0877895018	0.0054144523	0.0358905451	-0.1543130134	0.0603174995	-0.1609679294	0.0792068613	-0.1257221459	-0.0864675224	0.1585421122	0.0046906916	0.0199423232	-0.0706297405	0.197061203	-0.2058868842	0.021617273	0.0846762479	-0.0290391881	0.0980626201	-0.1451625856	-0.0420656213	-0.0639026323	-0.1611742054	0.0673792284	-0.115101921	0.0957861285	0.106864627	-0.0298149921	-0.025123393	0.00250278	0.0688712763	0.0124685004	-0.065980838	0.136636764	-0.1080433104	0.0650066244	-0.1310719239	-0.0755389618	-0.0639596604	0.1550528422	0.1476810604	-0.010763708	-0.1700883762	-0.0150215909	0.0478803284	-0.0846808919	-0.1140603979	-0.1222423567	0.0682846797	0.0141581533	-0.1200385083	-0.104571356	0.0302440224	-0.1302290816	0.1964737324	-0.0248268146	-0.0372806463	0.1505657703	-0.0234192188	0.011701823	0.0185723362	-0.2364989595	-0.1017243202	0.027754866	0.0586596197	0.1157737797	-0.0913810329	0.0189149303	-0.028440101	0.0603715083	0.0617125378	-0.0228340817	0.0404778698	-0.1467658436	0.043780959	0.1995853181	0.1521113526	0.148287834	0.0046808199828234	0.0046821679019046	2.191007571159885e-05	2.1922696261626104e-05	0.0552016803256663	0.0075813423618883	5.74767520081621e-05	0.003047225510777	0.0083150964935043	-0.0177626555429953	6.91408296962875e-05	0.0003155119319391	0.0004329996817691	9.299972651619998e-05	1.8748872441214185e-07	8.648949132087991e-09	1.6068923969214666e-11	-9.922729304889799e-12	2.582103175284016e-22	9.846055685811881e-23	4.7752556222397866e-11	3.602147678988081e-11	2.280306625773269e-21	1.2975467901239218e-21	0.0	0.0	0.0	0.0	0.0	0.0
858.9184234493044	0.0081495535739577	6.641522345480748e-05	737740.8581406387	1288.268740240133	4.577130587595775	20.950124415904845	1659636.3470798992	825.1576493581136	0.90089750289917	0.8116163107299599	680885.1462942077	943.4625362153356	875.3701334336791	1.37073	28.06278	0.0441986657642823	0.0227269170981051	-0.1306545466	-0.0124314204	0.0667555553	-0.0939923235	-0.0420851791	0.0435921079	0.0127961564	0.1548844284	-0.0215907507	-0.0591918186	-0.0553825093	0.0144548414	-0.0001383608	-0.0969706432	-0.0015222812	0.0733835774	-0.1321822507	-0.0750215188	0.1683896548	-0.1163122957	0.1151008346	0.0765142065	-0.2015477839	-0.2362173077	0.0545454686	-0.0524359638	-0.1324121325	-0.0536926646	-0.1551412898	0.0422590251	0.0084879067	0.0904987351	-0.0960270861	0.0437736999	-0.042846254	0.0136288753	0.1788560941	-0.0156105007	-0.0483200769	0.0780621016	0.0693074328	-0.0168774354	-0.0801375027	0.0396365167	0.1609283615	-0.0222452571	-0.0791569217	0.0788791881	0.0228191384	-0.219389776	-0.077041426	-0.0654755434	0.0849987246	0.1237218565	0.1616583742	0.0834576649	0.1717129957	-0.0186715778	0.0045042192	0.0413146294	0.0711807171	0.1536978083	0.0442954538	0.0890558437	0.0677496867	-0.0936199124	-0.0016636188	0.0278766072	0.1476256206	0.067861629	-0.1162443373	-0.116409832	-0.0134372556	-0.1445003716	-0.088365787	0.1196322837	0.1267691384	-0.0689859953	-0.0092922582	0.0010317549	0.151276289	0.1449845808	0.0177065669834206	0.0130257470005971	0.0003135225143383	0.0001696700849235	0.0475701368970504	-0.0076315434286159	5.824045510285059e-05	0.0022629179244041	0.020306484731833	0.0119913882383287	0.0004123533221641	0.0001437933918823	0.0002020000033521	-0.000230999678417	4.080400135424841e-08	5.3360851428757417e-08	-8.033573806187636e-13	-1.687228134983343e-11	6.4538308099464085e-25	2.8467387794793696e-22	1.1070259292589313e-12	-4.664553029313893e-11	1.2255064080516003e-24	2.1758054963281418e-21	0.0	0.0	0.0	0.0	0.0	0.0
860.2538970041347	1.335473554830287	1.7834896156510434	740036.7673108005	1287.879438580207	-0.3893016599258772	0.1515557824210433	1658633.448317669	825.0403490066528	-0.1173003514608126	0.0137593724528301	680691.5774890195	943.2402358037256	895.04400109442	1.396827	28.597061	0.0929061691885393	0.0489016547763415	0.1404558206	-0.0427433647	-0.0222754552	-0.1132925308	0.1725311516	0.0640205924	0.0284167358	-0.1525292221	0.0311985951	-0.1783515954	-0.0105566993	-0.100074061	-0.1720217596	0.0696546606	-0.0933938752	-0.0579696259	-0.1507266375	-0.1376614898	-0.02161721	0.2182575745	-0.0331615796	0.1019352612	0.086250666	0.1659550239	0.0699335598	-0.011990396	-0.0859433565	0.0296706902	-0.0468213616	0.1203536265	-0.1044292544	0.0446992419	0.0630021651	-0.0008351071	0.100422406	0.1279664177	-0.0686068722	0.0969347515	-0.0347977028	0.084761045	-0.1514332057	0.0658966378	-0.2028804271	0.0578888848	-0.0428213749	0.0731512563	0.0239366568	-0.077611205	0.1387971696	-0.1250827716	0.0181020478	-0.0302901412	0.190941646	-0.1339688561	0.209969186	0.0125352256	0.0992444738	-0.1118575759	0.0413977568	-0.1533020218	-0.1105751968	0.05852936	0.0234416486	-0.10401904	-0.0371395291	-0.2561852512	-0.0935687379	-0.110168797	0.1786438969	0.0056219961	-0.010759435	0.050545406	0.0519229515	-0.0452257936	0.0648683765	0.0696806162	0.0409380012	-0.0710624806	0.0511509455	-0.1544283093	0.1502346003	0.1408894722	0.0169412720512411	-0.0007652949321795	0.0002870066987141	5.856763332196255e-07	0.0354516008529373	-0.0121185360441131	0.0001468589158524	0.0012568160030359	-0.0073117350887628	-0.0276182198205958	5.346147000824515e-05	0.0007627660660587	-0.0005419999304363	-0.0007439999337884	2.937639245929541e-07	5.535359014771436e-07	-0.0003039999942768	-0.0003039999934734	9.241599652029445e-08	9.241599603185317e-08	-8.243946415104064e-08	-8.24405711769699e-08	6.796265249510715e-15	6.79644777598504e-15	0.0	0.0	0.0	0.0	0.0	0.0
859.993394998703	-0.2605020054317037	0.0678612948339394	739588.6394413953	1285.470291209671	-2.409147370536175	5.803991052961366	1652433.869582676	825.2445718447367	0.2042228380838651	0.0417069675950285	681028.6033592027	946.0203809845314	887.4480437397556	1.455416	29.796543	0.1038468341340854	0.0614911726779072	-0.1272874904	-0.0109090908	0.1158904375	-0.1419637563	-0.0646473937	0.0291443208	-0.0964799433	0.1293821584	-0.0181834471	0.0031471246	-0.2208621928	0.0535735361	-0.0523952438	-0.1088275529	0.0470771165	-0.0100029586	0.0200033089	-0.1198247458	0.0072720674	0.0621930319	-0.0541829832	0.0129421158	-0.2853183	-0.1328041575	0.0197678819	0.1176528259	-0.0523844937	-0.0838514304	-0.1095185053	0.0911404863	-0.0698632917	0.006196809	-0.0067287291	-0.019316075	-0.1454455337	-0.0294581666	0.1031958716	-0.1171922357	0.0484947547	0.0124663958	0.1198990697	0.0974553742	-0.1204984771	-0.0126590657	0.1100447942	0.0380361896	-0.057365033	0.0096277543	0.1225271927	-0.1789810262	-0.0493933686	0.0582374114	-0.1042014429	0.0184877314	0.0537088812	0.148788915	0.0664564551	0.0953814331	-0.1503731975	-0.0026889376	-0.0529662886	0.1632848267	0.1119651038	0.0396885795	0.1105370178	-0.047532934	-0.0711568653	-0.1223133856	0.1384904657	0.1052808709	0.0257162428	-0.1782164806	-0.1054506446	-0.0236408883	-0.0395340527	-0.0659907269	-0.0576274424	0.1170666606	-0.100412765	0.0081359378	0.1489877092	0.136024874	0.0183570053597179	0.0014157333084768	0.0003369796457767	2.004300800730672e-06	0.0476332677515642	0.0121816668986269	0.0001483930084291	0.0022689281966922	0.0112335847538531	0.0185453198426159	0.000126193426422	0.0003439288880649	0.0005879998844106	0.0011299998148469	3.4574386406687893e-07	1.2768995815540284e-06	3.364353240442597e-11	0.0003040000279203	1.1318872726476602e-21	9.241601697556288e-08	-5.440659316298391e-13	8.243892008510901e-08	2.9600773796024472e-25	6.79617554479899e-15	0.0	0.0	0.0	0.0	0.0	0.0
859.1426720429237	-0.8507229557793607	0.7237295474899722	738126.1309250547	1277.3884778292677	-8.081813380403219	65.3157075156645	1631721.3232909734	825.0584348042806	-0.1861370404560602	0.034646997829741	680721.4208416895	944.93211661921	898.4178046983501	1.448522	29.655397	0.068359495159163	0.0404177414962158	0.1267151126	0.1632370279	-0.0724820224	-0.0054857785	-0.0326949005	0.0373818667	0.0028827782	-0.1112584359	0.047972544	0.2273794115	-0.1089923131	0.0571582404	0.0135728777	0.0454999905	-0.121518527	-0.1718648493	0.0800947682	-0.0921544266	0.0713021479	-0.0255549675	-0.0170409733	0.0661132972	0.1378370121	0.1785354456	-0.0670768844	0.0160241984	-0.1685505851	0.1561472688	0.0221317001	0.0672629297	-0.0096601169	0.0105586272	-0.0043540587	-0.1098625976	-0.0971237886	-0.0267448378	-0.1447947117	0.0623065932	0.1557556347	-0.0546247151	0.0294501035	-0.0558775217	0.0026416707	-0.0624150802	-0.0530088409	0.1362581318	0.1433270257	-0.0447103342	0.1766651568	0.0102214191	0.13047001	0.0484642078	0.1018238935	0.0384633476	-0.0556411199	0.0747307009	-0.0990657637	0.0581581777	0.0571681305	-0.1718974006	-0.0157347393	-0.0396705351	0.1350416432	0.0322377199	-0.0462809772	0.0250065805	-0.096494426	-0.1001709202	-0.0258685084	-0.1267337084	0.0793199226	-0.180148445	0.0220671221	0.1249712986	-0.0291436148	0.0200975731	-0.0130173179	0.11080069	-0.1136157799	-0.1484019891	0.1475373187	0.1304173552	0.0190479266137089	0.0006909212539909	0.0003628235082812	4.773721792164945e-07	0.0182540329713702	-0.029379234780194	0.0008631394362697	0.0003332097197198	0.0355729100615889	0.0243393253077358	0.0012654319302498	0.0005924027564357	0.0003089996928118	-0.0002790001915987	9.548081015778677e-08	7.784110691216707e-08	-2.141709032343897e-11	-5.506062272786494e-11	4.5869175792234325e-22	3.031672175180277e-21	-3.0229489240583476e-11	-2.9685423308953636e-11	9.138220197465525e-22	8.812243570317683e-22	0.0	0.0	0.0	0.0	0.0	0.0
858.1114776457008	-1.031194397222862	1.0633618848638215	736355.308067288	1284.036641174892	6.648163345624425	44.19807587010416	1648750.0958796986	824.9890203475952	-0.069414456685422	0.0048183667969323	680606.8836940848	944.0811694284504	880.1870366844665	1.442518	29.532495	0.1100584299472443	0.0578723543674445	-0.0216628331	-0.1391994392	0.02243632	0.171116216	-0.0174720746	-0.1847230616	-0.0372284186	0.0209157314	-0.1212076113	0.0038760352	0.0269205089	0.1102850348	0.0359362285	0.0215699811	0.2066433947	0.0531081132	0.0377455108	-0.0857244458	0.0912841184	0.0028549523	0.0734169513	-0.0283946747	0.0313827936	0.0943581705	0.0194688953	0.1862721321	0.0305052805	0.0222102066	0.0081385827	0.0218813699	0.1044475671	-0.1472434389	0.0251008563	-0.0247522162	-0.052100916	-0.0593762049	-0.0349600062	-0.1551163336	-0.1142507169	-0.0321816033	0.031968456	0.1089967594	0.1481277898	-0.0206699444	-0.1470783702	0.0285838685	0.0495922585	0.1135637788	0.1673137868	-0.1264483516	0.0748240285	0.007709854	-0.0898377551	-0.0685079791	0.0205841387	0.1410300904	-0.0681519754	0.0264888254	0.0401560644	0.131768797	-0.0709743793	0.0720627418	0.1534848565	-0.1545827491	-0.0670567431	0.0145465995	0.025857325	-0.0205214138	-0.003781001	0.1047829192	0.1543313246	-0.0776234437	0.1348191347	0.1010655814	-0.0046664212	0.1948597394	0.0858912548	-0.0682508296	-0.0050847989	-0.2326425403	0.1458854101	0.124097542	0.0024209029907922	-0.0166270236229167	5.860771290826618e-06	0.000276457914557	0.0318052777134028	0.0135512447420326	0.0001836362340584	0.0010115756904266	-0.0059566560396717	-0.0415295661012606	3.548175117495734e-05	0.0017247048605589	-0.000394999725688	-0.0007039994184998	1.5602478329359525e-07	4.956151812480565e-07	1.2490452894198256e-08	1.2511869984521697e-08	1.560114135021856e-16	1.565468905095749e-16	-6.30000094803927e-05	-6.299997925090345e-05	3.9690011945295695e-09	3.968997385614266e-09	0.0	0.0	0.0	0.0	0.0	0.0
858.4763026901298	0.3648250444290397	0.1330973130426508	736981.5622805154	1285.0970266090249	1.0603854341327406	1.124417268920881	1651474.3677993568	823.9937400817871	-0.9952802658081056	0.9905828075070532	678965.6836939717	945.485991174362	884.3911162915856	1.267831	25.956146	0.0780757009962474	0.0505202058589423	-0.1308073575	0.0808911572	-0.084264506	0.0398455389	-0.0484116249	0.0724393257	-0.0655922155	0.1519229935	-0.0219524679	0.0892487293	0.2167127057	-0.0868988903	-0.0589158397	-0.1848032741	0.0085645106	-0.0342568113	-0.0209551208	0.0538608734	0.0342774949	-0.2128531171	-0.2622389982	0.0600588244	-0.0024534434	-0.0790165801	0.05291499	0.0165782841	0.0138164946	0.0192355105	-0.0043938917	-0.1356320559	0.0318272277	-0.0911571088	-0.1417658488	-0.0358033722	-0.067178144	-0.0218511189	0.1381809695	-0.0724575835	0.1081072796	0.0514208578	-0.0611516046	-0.1647720935	0.057228723	-0.0030291185	0.024361606	-0.0013680342	0.1178980423	-0.1186680134	-0.2632034893	0.1300575338	0.0407037131	0.0463773827	-0.0277665389	0.0703422972	0.046848806	-0.0134532393	0.0540307509	0.1149646938	0.1012525122	0.0991654707	0.107423709	-0.0669412168	0.1043473587	-0.001648248	-0.00092112	-0.0701176007	0.1222934904	0.1208254096	0.029407494	-0.0897308696	0.0312437731	0.014300943	0.1744562097	-0.0187535957	0.0501191577	-0.0814092659	-0.0540929998	0.0416974674	0.0258304896	0.0076292698	0.1440342395	0.1170999511	0.0024561427532177	3.523976242550018e-05	6.032637224183824e-06	1.2418408558056943e-09	0.0301758179482192	-0.0016294597651836	2.655139126352194e-06	0.000910579988844	0.0339537435642256	0.0399103996038973	0.0011528567020251	0.0015928399965427	0.0002719997733551	0.0006669994990431	7.398387670522577e-08	4.448883317237463e-07	-3.2711611197555606e-11	-1.2523164505395812e-08	1.0700495071400452e-21	1.568296492292055e-16	5.606822027059283e-12	6.300001508721472e-05	3.143645324311716e-23	3.969001900989283e-09	0.0	0.0	0.0	0.0	0.0	0.0
858.7649451820072	0.28864249187734	0.0833144881171603	737477.2310734558	1280.161725746011	-4.935300863013936	24.3571946084661	1638814.044065005	824.8561402956644	0.8624002138773221	0.7437341288956509	680387.6521834609	944.6178514859204	891.1076175355751	1.354631	27.733192	0.0518569175923803	0.0308439791381762	0.0800186831	0.1002605869	-0.1560551519	-0.0642739084	0.0281504525	0.0602376697	-0.0805898816	-0.157466044	0.0485992514	0.03501037	0.0004406723	-0.2108462713	0.104292706	0.026332336	-0.1230627198	0.0565942286	-0.2288765639	0.1171977368	0.1371612658	-0.0457325294	-0.1167926275	0.1545977087	0.0348868706	0.1260705753	-0.1013435299	0.2037095827	0.1059102341	-0.1513485178	-0.0242441763	-0.0142597042	0.0924736855	0.0447167782	-0.075254636	0.0085510695	0.1188599915	0.0204136922	-0.0601014263	0.0727981856	0.0465077776	0.1508078835	-0.2007297923	-0.1024600957	-0.0133192726	-0.1428248522	0.0635541885	-0.0125480748	0.0518480799	0.0707819016	-0.02630734	-0.0669121333	0.173595892	-0.0295102245	-0.0983439263	0.0246586171	0.0463244001	-0.0082185295	0.1183405101	-0.0348415474	0.1406584625	-0.086062402	-0.0570667877	-0.1818349755	0.0307649385	0.0980407441	-0.0897544481	0.0062169245	-0.0799193676	-0.0410505616	-0.1215290043	-0.0119768017	0.071371407	-0.3243730768	0.0672666601	0.0859807941	-0.0514250134	-0.1262858879	0.0865256109	-0.010655618	-0.1195191136	-0.0236091158	0.1419863355	0.1094628008	0.0081411587803046	0.0056850160270869	6.627846628613067e-05	3.231940722823492e-05	0.0200515175956326	-0.0101243003525866	0.0001025014576293	0.0004020633578879	0.0612503419388446	0.027296598374619	0.0037516043876253	0.0007451042828252	0.0003249999809177	5.3000207562600016e-05	1.0562498759650536e-07	2.8090220016786837e-09	0.0001220000071542	0.0001220000398658	1.488400174562485e-08	1.488400972725952e-08	-1.9803726524273132e-08	-1.9809333346300188e-08	3.921875842481991e-16	3.924096876248406e-16	0.0	0.0	0.0	0.0	0.0	0.0
858.734531335447	-0.0304138465602363	0.0009250020625896	737424.9953079097	1285.177106605386	5.015380859375	25.154045164585117	1651680.1953425915	824.5756344795227	-0.2805058161417264	0.078683512889336	679924.9769773075	945.0938286656298	874.9822240566164	1.356947	27.780594	0.0800054768209903	0.0403147852896842	0.0731883597	-0.1514217714	0.0381276993	0.0657138503	-0.0142648519	-0.1421656878	0.0526690442	0.0183633437	0.0453726317	-0.013396605	-0.0108571144	-0.0294593233	-0.220670459	0.170289522	0.0908666154	0.006326651	0.0108763439	-0.1338599375	-0.0228362041	-0.0771664513	0.0121652844	0.1090902886	-0.0867419698	-0.0362072303	-0.0002098868	-0.0015584241	0.0156070859	-0.1369170411	0.0553125745	-0.1178165636	-0.0296849352	0.1828747264	0.3013947005	0.0271213212	-0.1423389475	0.026357215	-0.1093362286	-0.0613370692	-0.0515863765	0.0466485393	0.1174330222	0.0688732344	-0.1093792905	0.215196579	-0.0403344346	-0.07851363	0.1494593268	-0.0078689267	-0.1919067455	-0.0767882047	0.0979370189	0.0023356077	-0.1469658336	0.1555046599	-0.0194172469	-0.1076766841	0.0332422506	0.0132114432	-0.0505354541	-0.0663784589	-0.2652169443	-0.0654451684	-0.0282385941	-0.1213491977	-0.0447196713	-0.0581218651	0.137757086	0.0972545984	0.0479045438	0.0122268942	0.1719827866	-0.0339866747	0.0045960029	-0.0950713492	0.0414681065	-0.1196631372	0.0429601717	-0.0002450559	0.0097529622	0.0414350099	0.1397444952	0.1012278027	0.0021719519602214	-0.0059692068200832	4.717375317509581e-06	3.5631430060927786e-05	0.0034627899061518	-0.0165887276894808	0.0002751858863557	1.199091393414679e-05	0.0293537870899029	-0.0318965548489417	0.0008616448165193	0.0010173902112315	-6.399996208132915e-05	-0.000388999942999	4.095995146411569e-09	1.513209556532479e-07	5.278444348277844e-12	-0.0001220000018757	2.786197473786632e-23	1.4884000457684384e-08	6.483838463420925e-13	1.980437490811947e-08	4.204016121973662e-25	3.9221326550135214e-16	0.0	0.0	0.0	0.0	0.0	0.0
859.1794712346247	0.4449398991777116	0.1979715138802721	738189.3637910092	1288.2817560591789	3.1046494537929448	9.63884823093683	1659669.8829949216	825.7900277773539	1.2143932978311796	1.474751081817288	681929.1699765229	946.234762313214	876.7986768905563	1.310102	26.821548	0.0276513710436894	0.0162920863144493	-0.1484523131	-0.0248205618	0.0225320752	-0.0387160864	-0.0133829387	0.0422549822	-0.0186940025	0.107824577	-0.1483550105	0.0201423366	-0.1235532795	0.0444662949	-0.0098039382	-0.1588609682	0.1039176852	0.0476294791	0.216841762	-0.0122924522	0.0655382391	0.1390463439	-0.3704519426	0.0812431268	-0.0220500579	-0.0205820664	0.0368273627	0.0066212211	0.1312469916	0.0487713334	-0.0075161596	0.0615757679	0.0567883444	-0.1257141312	0.147709801	0.0176957376	0.0643978123	0.0286156815	0.0950358081	-0.1075674989	0.0300008818	-0.1522053764	0.0750699049	0.0576793224	-0.0231058986	0.0806617633	0.1686936369	0.2331293806	0.0172102682	-0.0297433239	0.0428886277	0.0196696476	0.0665185037	0.1616390706	-0.1543698649	-0.1731875274	0.0127877526	-0.1456337296	-0.0315686713	0.1722160936	-0.1284920275	0.0813459936	-0.0637024534	-0.0533765655	0.0331890577	-0.0158373236	0.048945489	0.1643868489	-0.07377271	0.0215412804	0.090203025	-0.0241376567	-0.0677816839	-0.0932119181	-0.2237147099	0.0084202236	0.0427542127	-0.0046512793	-0.0060778307	0.0247065528	-0.0594021415	0.1246417901	0.1373117808	0.0924399334	0.0022059095437754	3.3957583554000085e-05	4.866036915319393e-06	1.153117480826897e-09	0.0078258314078425	0.0043630415016906	1.9036131145475432e-05	6.124363722397412e-05	0.0316074003298894	0.0022536132399865	0.0009990277556138	5.078772635442454e-06	0.0002200004354641	0.0002840003975454	4.840019160439363e-08	8.06562258059618e-08	0.0001359998035534	0.0001359997982749	1.8495946566563393e-08	1.8495945130828627e-08	-1.4977900397150612e-08	-1.4978548780996958e-08	2.2433750030696453e-16	2.2435692358470536e-16	0.0	0.0	0.0	0.0	0.0	0.0
860.5842868601836	1.4048156255589674	1.973506941814633	740605.3147906509	1285.1330351199745	-3.148720939204395	9.914443552984208	1651566.9179566775	824.7460289001465	-1.0439988772074005	1.0899336556103123	680206.0121865612	944.3396932909104	888.6556168469516	1.397911	28.619249	0.0711296152670543	0.0377269472234047	0.0244974354	0.1979604392	-0.0554854948	0.1460359314	0.1021199862	0.1739242305	0.0202162793	-0.0192791308	0.0560961523	0.1273610056	0.0245157252	0.0854460008	-0.0640237934	-0.0501666761	-0.1960322982	-0.0901523645	0.1083213295	0.0337389337	-0.0005855729	-0.1046109001	0.0645585246	0.0321919453	-0.1624370827	0.2786957039	0.1048804124	0.0596178028	-0.0095583426	-0.0335600364	0.0436243819	-0.0039399709	0.028680282	0.190728475	-0.1091901485	0.0207747657	-0.0051537026	-0.0039153088	0.030593872	0.1202884365	0.1606236605	-0.0618780198	-0.0253484945	0.0110910399	0.1176061255	-0.0094101513	-0.1511458789	-0.0381143668	0.1996440164	-0.1597382314	-0.0201587282	-0.1381600306	-0.056602512	-0.006639904	0.0032815709	0.095528648	0.0640212409	0.069851214	-0.0877287197	0.1013036203	0.0300224629	-0.0447737842	0.1196332278	-0.2660341675	0.0064481301	-0.1111469806	-0.0490777428	0.060397463	0.0978704985	0.0323202082	-0.0630987868	0.1271951834	-0.1223418701	0.0667594838	-0.1013939965	-0.0428458388	-0.017921994	0.0573303458	0.1714445335	0.2934520896	-0.0496164653	0.1008760584	0.1346915149	0.0831471893	0.0022105331164397	4.623572664300135e-06	4.886456658876613e-06	2.137742418206345e-11	0.0245965581854648	0.0167707267776223	0.0002812572766496	0.0006049906745709	0.0042034873228971	-0.0274039130069923	1.766930567375663e-05	0.0007509744480948	0.0005369996065896	0.0003169991711254	2.883685774773852e-07	1.00488474494254e-07	-2.3072565635828823e-08	-0.000136022876119	5.323432850196291e-16	1.8502222827694563e-08	-8.599996885137056e-05	-8.598499095097341e-05	7.3959946424367084e-09	7.3934186688389804e-09	0.0	0.0	0.0	0.0	0.0	0.0
859.5187169521407	-1.065569908042903	1.135439228926561	738772.4247910542	1280.5379424904877	-4.595092629486771	21.11487627356365	1639777.4221577717	825.6802620887756	0.9342331886291504	0.8727916507361897	681747.8952029892	945.1693258821294	894.8341722125156	1.204568	24.660961	0.0356042112529341	0.016865979147369	0.1324942751	0.1136085296	-0.0042358951	-0.0361964803	-0.1430751062	-0.0837323238	-0.1146612441	-0.08073666	0.1651167403	0.0374948268	0.0586891303	0.0151666166	0.2577806524	0.0617537863	-0.140059631	-0.0136437458	-0.0102138833	-0.0868602846	-0.0494122767	-0.0853479388	-0.080992962	-0.0154155029	0.0862735267	0.0564476294	-0.143652306	0.0337875635	0.063017598	0.1005744511	-0.0708845967	-0.2201405666	-0.1898886202	-0.1336822675	0.0089750688	0.0339820229	-0.1045324731	0.158642222	-0.1001592298	0.0381631654	0.0835441736	0.1078236423	-0.0270185704	-0.0018384725	0.1994994187	-0.066757411	0.0390465305	-0.0603906368	0.0417651158	0.096831761	0.1366788343	0.0115297772	0.1857825248	-0.0963038837	-0.1170613723	0.0843612593	-0.0372130082	0.0144270609	-0.1120928639	0.0399779571	0.0849473059	-0.0747263236	0.0344029585	-0.2222771046	-0.051473197	-0.0147535484	-0.0589168643	0.163393511	0.0974221036	-0.0241833383	0.0981122673	0.0313176355	-0.1783069778	-0.062494152	0.082329445	0.0913436252	-0.0366079421	-0.0832837173	-0.0226991624	0.0387839636	0.1705867744	-0.1892540844	0.1318872767	0.0734003241	0.0021740144936046	-3.651862283510004e-05	4.726339018402866e-06	1.3336098137722903e-09	0.0141706147597204	-0.0104259434257444	0.0001087002963168	0.0002008063226684	0.0108953132353235	0.0066918259124264	0.0001187078504958	4.4780534042221423e-05	0.0003809999420341	-0.0001559996645554	1.4516095582998758e-07	2.4335895341428512e-08	0.0001269999715147	0.0001270230440803	1.612899276473461e-08	1.6134853727434937e-08	-2.4211648642159843e-08	8.59757572027284e-05	5.862039299714007e-16	7.391830826582505e-09	0.0	0.0	0.0	0.0	0.0	0.0
860.4761128785786	0.9573959264379256	0.9166069599599336	740419.1408346284	1289.691353204115	9.153410713627409	83.78492769234903	1663303.7865294616	826.9921127955118	1.3118507067362088	1.7209522767642906	683915.9546259845	946.5654242583428	884.2933904008834	1.409108	28.848482	0.0292062188665609	0.0171812920729431	-0.0166309811	-0.1478563898	0.0190532378	0.2021044671	0.0545862022	-0.1699946129	-0.003687023	0.0351433975	-0.0536432966	-0.1089510165	0.1781370493	0.0442369158	-0.0136665278	0.0619300751	0.1129529894	0.1242646197	-0.0170139331	-0.0258634843	-0.0328656093	-0.0034967159	0.0352054148	-0.0454100716	0.1107342605	0.0003856499	0.0762702605	0.0976933082	0.0867872504	0.1470409619	-0.0744032161	0.037490931	-0.037532406	0.143753882	-0.0178111373	0.1667105005	-0.1669539727	-0.0861438537	-0.0303765543	-0.1200249584	-0.1560404604	0.0919424134	-0.0536297675	0.0501299143	0.1671737021	0.0418648411	-0.1077476954	-0.0736343944	0.0988140669	0.1105310147	-0.0011210924	0.0262115428	0.0255466519	0.0283767823	-0.0315440168	0.0223654476	-0.025635246	-0.0481548926	0.0175074968	-0.0370815666	0.0446321337	0.1757378909	-0.0798260342	-0.1089544942	-0.1577393389	-0.2014542694	-0.0290902627	0.1679291203	0.0716707445	0.0782015071	-0.1725641087	0.0552158315	-0.0045652872	-0.1655382169	0.0896655194	0.0321005704	0.0654217726	0.0144111926	-0.0612729788	0.0088931854	0.0657264903	0.1056517323	0.1289028963	0.0632525717	0.0021842787021455	1.0264208540900106e-05	4.77107344864643e-06	1.053539769710867e-10	0.012268694901337	-0.0019019198583833	3.61729914771313e-06	0.000150520874582	0.0251881420110038	0.0142928287756802	0.0006344424979664	0.0002042849544109	0.0002479999778315	-0.0001329999642026	6.15039890044245e-08	1.7688990477892883e-08	1.2359446799337091e-11	-0.0001269999591552	1.5275592518564386e-22	1.612898962543598e-08	-1.4527368050925096e-11	2.419712127410892e-08	2.1104442248703925e-22	5.855006779539345e-16	0.0	0.0	0.0	0.0	0.0	0.0
861.6854918253956	1.209378946816969	1.4625974370041208	742501.886822374	1287.4606524053609	-2.230700798754242	4.976026053562813	1657554.9314920374	826.3148393630981	-0.6772734324136991	0.4586993022534334	682796.2137516626	947.1987592289956	876.5067214644718	1.303847	26.693499	0.0386593407121409	0.0232413366630651	-0.1579069248	0.0146253503	0.0384092886	-0.0928831747	0.0004349907	0.1022324407	-0.0015152719	0.2216150845	0.0194937698	-0.0281616851	0.0610940576	-0.1008550561	-0.0561667135	-0.1636654538	0.0179968444	0.1253818192	-0.0275853573	-0.116058959	-0.1274781872	0.0428682495	0.0371635786	0.0370499301	-0.1065131555	-0.0586923808	-0.0727110433	0.0702464894	0.1120919583	-0.1590918919	-0.0977734363	-0.0470325885	0.2116941492	-0.1083991385	0.0309760705	0.17861709	-0.0243310203	-0.037822347	0.1864086365	-0.0401206037	0.0162198235	0.1031083415	-0.0216551576	0.0186789553	-0.1166758024	0.0852175866	0.0945077319	0.0102166915	0.1529591512	-0.0506225452	-0.1275042916	0.117991044	-0.0025740343	0.0250956271	-0.0611380798	0.0184806516	-0.0544960428	-0.0218568795	0.1971099211	0.0439135207	-0.0702665389	0.0366799831	0.0417831709	-0.1317611632	-0.1817950935	-0.0780295906	0.0261354009	0.0771955348	0.0816180266	0.0726617532	0.0637976606	0.0149272004	0.0040345744	0.0090365099	-0.0425939073	-0.0657510186	0.0385166925	-0.0232081231	0.1156529138	-0.0883547755	0.0981794955	0.161622477	0.1257424501	0.0527593557	0.0021719920864313	-1.2286615714200352e-05	4.717549623520191e-06	1.5096092570843503e-10	0.0031269757908631	-0.0091417191104739	8.357102829480372e-05	9.77797759664391e-06	0.0408434776514639	0.0156553356404601	0.0016681896666656	0.0002450895340154	-2.8999985019781288e-05	-0.0002769999628512	8.40999131147539e-10	7.672897941961123e-08	2.063460513568316e-12	-1.0295986285768775e-11	4.257869291055618e-24	1.060073335967387e-22	-7.647800934342889e-13	1.3762587957490808e-11	5.848885913133595e-25	1.8940882728767099e-22	0.0	0.0	0.0	0.0	0.0	0.0
861.2533424340879	-0.4321493913076892	0.1867530964076063	741757.3198538884	1292.6455097558364	5.184857350475568	26.882745744780525	1670932.4138919262	825.9422880808512	-0.3725512822469454	0.1387944579038432	682180.6632402318	947.233780207259	899.2840002747096	1.375847	28.16754	0.0920567941337084	0.04832634451094	0.019711139	0.1779077211	-0.0590763801	0.1210556725	0.0477204873	0.1688236007	-0.1119811192	-0.0485343508	0.1130312838	-0.0635257051	-0.0138683962	0.0154118518	-0.0559286806	-0.0062642461	-0.1411251596	0.0871645702	-0.002845878	0.0287683719	0.1994752771	-0.04215432	0.0508948093	0.0496696076	0.1220973052	0.1177013283	0.1532969052	-0.0485927309	0.0534961046	-0.0534726011	-0.0172486356	-0.0985568402	-0.1343718123	-0.0339385383	0.0318631026	0.0211344034	0.2702105998	-0.1757451236	-0.0098645679	0.0761141693	0.1862486448	-0.0155497965	-0.0012416704	0.1550680237	0.036050147	-0.0515464488	-0.1411931428	-0.0946863782	0.0501619313	0.1113494468	-0.1021690106	-0.0711524412	-0.082925525	0.0127419232	-0.1212438845	-0.0150574448	0.2834797901	-0.2830085966	-0.0442647213	0.1498013377	-0.1164960877	-0.1770451952	0.0555173539	-0.1009477949	-0.1635713154	-0.119930546	-0.1663026733	-0.0210625018	0.1958019966	-0.097486617	-0.0265682875	0.0333746557	0.0245081336	0.1342218798	-0.1077605273	0.0032131859	0.1897947632	-0.0232118105	0.088880663	0.0194352615	-0.0450845925	-0.2069984945	0.1224102548	0.0419779864	0.008051711476753	0.0058797193903217	6.483005770487597e-05	3.457110010892498e-05	-0.022218700601627	-0.0253456763924901	0.0006424033117928	0.0004936706564247	0.0051120730798999	-0.035731404571564	2.613329117423725e-05	0.0012767332726567	-0.0005309998116001	-0.0005019998265803	2.8196079991934177e-07	2.520038258866701e-07	-1.6503021171843102e-11	-1.8566481685411415e-11	2.7234970779830167e-22	3.447142421747176e-22	-3.120463203153469e-11	-3.04398519381004e-11	9.737290602234808e-22	9.26584586013475e-22	0.0	0.0	0.0	0.0	0.0	0.0
860.3643424016847	-0.8890000324032599	0.7903210576129971	740226.8016762832	1283.6388450478607	-9.006664707975688	81.12000916189479	1647728.684515806	825.9839957555135	0.0417076746623479	0.0017395301257402	682249.5612442442	946.3290208966544	891.197494127935	1.398277	28.626743	0.0951967548225529	0.0527048737565661	0.145617261	-0.0428961761	0.0596324823	0.0111305818	-0.1104193774	-0.0207400161	-0.0421414011	-0.1658587806	0.0133828068	-0.0438332651	-0.1135994897	0.1583383535	0.03036939	0.1626240629	-0.0497705516	-0.0135779443	0.0560806397	-0.0998798954	0.0495257191	0.0003498728	-0.0329603864	0.0458185216	0.0658523101	-0.0927950033	0.0477932934	-0.0395350273	-0.100059401	-0.0457574709	0.1509065331	0.0418293742	-0.2644244068	-0.0789117798	0.1908544971	-0.0080975173	-0.021341302	-0.1945254725	-0.1761634213	0.0228850883	0.0503950078	-0.0561153207	0.0633762332	0.0003276834	-0.0008981179	0.0639396434	0.1657751423	-0.1377801709	-0.023750831	0.2003295033	0.0558175023	0.1130250285	0.1641312266	0.1760107347	0.0204147201	-0.0036832588	0.0589082477	-0.1621262841	-0.1618023675	0.0178325651	0.0386934161	-0.0592400476	-0.0441120388	-0.014640233	-0.229486757	-0.0327789845	-0.0234233877	0.1612190649	0.061008453	0.0327881136	0.2294091852	-0.2511934099	0.0266566543	0.0575248013	-0.056668052	0.0109106242	0.144276648	0.0681120973	-0.0922569084	0.1139294995	-0.051932304	0.0066693761	0.1189108618	0.0309673479	0.003650970736686	-0.0044007407400669	1.3329587320137512e-05	1.936651906128544e-05	-0.0102242479207319	0.0119944526808951	0.0001438668951142	0.0001045352455445	0.0315123524840146	0.0264002794041147	0.0009930283590767	0.0006969747526153	0.0003809998168762	0.0009119996284763	1.4516086045969794e-07	8.317433223409092e-07	0.0001360001268444	0.0001360001433474	1.8496034501692893e-08	1.8496038990519112e-08	-2.589933043354274e-08	-2.5868125801511207e-08	6.707753169058333e-16	6.6915993248281e-16	0.0	0.0	0.0	0.0	0.0	0.0
860.9882696043568	0.623927202672121	0.3892851542342579	741300.8003963046	1290.246763985112	6.60791893725127	43.66459268128396	1664736.7119740534	827.4352610905966	1.4512653350830078	2.106171072813595	684649.1112960636	946.0915400187174	881.8522652985672	1.381258	28.278326	0.0443772967262083	0.0243416345529521	-0.0720702182	-0.1224486887	0.0445223233	0.1103462096	0.0695943691	-0.1579440477	0.0699444727	0.088249845	-0.1472323426	-0.1071524425	0.0505064491	0.1186828545	0.0500250042	-0.0221732674	0.2136179718	0.153366637	0.0417958815	-0.0241479319	-0.0070032709	0.0109817409	0.0554012876	0.1104928011	0.2154335472	-0.0217153061	-0.0256270916	-0.1120087585	0.0042500114	0.0854580406	-0.021227379	0.014384291	0.0623329986	-0.1053248189	-0.0859040784	-0.2211690572	-0.1913458838	0.0678484527	0.0472993991	-0.1446252761	-0.1785663029	0.0069653682	-0.0159765641	0.0653336901	0.1229384062	-0.0076871799	-0.027963144	0.0102689539	0.084255723	0.2089249711	0.0053079492	0.0379703308	-0.0619580514	0.0689454791	0.1664831418	-0.037686563	-0.0888390833	-0.0393793797	-0.0186918522	-0.0181456229	0.0141997757	0.1557592385	0.0053790565	0.0899620719	-0.1603395382	-0.1812412786	-0.0912826598	0.2170012418	-0.0324764423	-0.1705546241	-0.0097527292	-0.0585606594	0.1550376942	0.0661745459	0.0500979498	-0.0086691694	0.0198325278	-0.0231180451	0.0223200537	-0.1208697647	0.1693972687	0.0309761356	0.1152490509	0.0197875765	0.0036239932824599	-2.6977454226099956e-05	1.313332731131448e-05	7.277830365213181e-10	-0.0022208083611445	0.0080034395595873	6.405504478396854e-05	4.93198977692932e-06	0.0203167676204714	-0.0111955848635432	0.0004127710465442	0.0001253411204367	1.3999951143713626e-05	-0.0003669998657324	1.9599863202636848e-10	1.34688901447663e-07	-3.9812597663058105e-12	-0.0001360001308256	1.5850429326805398e-23	1.849603558459657e-08	1.0884538001541388e-12	2.5900418887342896e-08	1.1847316750699861e-24	6.708316985398286e-16	0.0	0.0	0.0	0.0	0.0	0.0
860.0665099233131	-0.9217596810436816	0.8496409095977497	739714.4014916684	1280.4662834743283	-9.780480510783718	95.65779902182014	1639593.903114559	826.488958199819	-0.946302890777588	0.8954891610940194	683083.9980262221	945.1666990558753	871.4501565110804	1.125627	23.044828	0.0228323708819571	0.0151311180525992	-0.1884758709	-0.0828281434	0.0339233897	-0.1221876159	0.0316152793	0.0255385836	0.0156690145	0.1143171242	-0.0993864116	-0.044710442	-0.0391263241	-0.206168346	0.0711321987	-0.097738131	0.153474395	0.0606469277	-0.0367479766	-0.1075688042	-0.0188860459	0.1774893059	-0.0160521683	0.0685147586	-0.0139531253	0.0266219887	0.0253042592	-0.172190837	-0.0171329973	0.0566158902	-0.0938637132	-0.006267352	-0.0385806302	-0.0399632211	-0.1585591387	0.1044876232	0.2415139454	-0.2315099256	0.1190967932	-0.0893276079	-0.0819163582	-0.0105138279	-0.0639673708	0.0422016012	-0.1322389995	-0.0145740081	0.07594009	0.0248462114	0.1563853794	-0.0099082621	0.0264480722	0.3467882637	-0.0420887418	-0.0146972184	0.0394480676	-0.0842909201	0.0041828276	-0.0753703012	0.1276456907	-0.0275183967	-0.0502260338	0.1557088187	0.0779419653	0.0796187297	-0.1418256647	0.0543643376	-0.056913781	0.1413057857	-0.0259368811	-0.2432600221	0.0376150461	-0.2340817674	-0.2354805117	0.0069190579	-0.0229636589	-0.0270221826	0.0837083757	0.1496330861	0.0993619116	-0.0946587597	-0.0595794592	0.1718816451	0.1114298236	0.0084997322	0.0036239956394723	2.357012399926278e-09	1.3133344394914243e-05	5.5555074534062346e-18	0.0084186868234041	0.0106394951845486	0.000113198857782	7.087428783055782e-05	0.0305096412265442	0.0101928736060728	0.0009308382077724	0.0001038946723493	-2.6000037579212788e-05	-3.9999988722926415e-05	6.76001954120477e-10	1.5999990978342403e-09	-7.142508806623482e-12	-3.1612490403176715e-12	5.1015432052694e-23	9.9934954949094e-24	-1.71383856745525e-12	-2.8022923676093887e-12	2.937242635297064e-24	7.852842513561833e-24	0.0	0.0	0.0	0.0	0.0	0.0
861.337412248562	1.270902325248926	1.6151927203231269	741902.1377390493	1289.2424660448758	8.776182570547462	77.02138051158106	1662146.1362534729	826.7825746536255	0.2936164538065213	0.086210621945917	683569.4257508778	945.8708435801532	875.9523814230254	1.125295	23.038023	0.020771809484881	0.0142840838673803	-0.140213689	0.0659066382	-0.0054168657	-0.0479265199	0.1025612012	0.1658489552	0.0100841732	0.0428141284	-0.0056489648	-0.095502617	-0.0599069715	-0.0826178526	-0.0078770524	-0.1209649226	-0.0732208894	0.0452077846	0.0471457168	0.0333341093	-0.0908129869	-0.0259179313	0.0527276283	-0.2123029075	0.0373369809	0.0029238892	-0.0706730033	-0.0779044333	-0.2497246098	-0.0672885089	0.0876545298	0.2678407728	0.0023249031	-0.1267822909	0.0980596652	-0.0138232913	0.0162599177	-0.109539295	0.1271204402	0.0357397705	0.0676561357	-0.0953587338	-0.0342750693	0.0974191561	-0.1146353884	-0.0222390637	-0.0915784646	-0.2345490181	-0.2238820783	-0.0844367695	-0.0834596674	0.152135368	0.1368602455	0.0932377246	0.1016350808	-0.0486886554	-0.0911484991	0.0481346502	0.1043667248	0.047947103	-0.1532804678	-0.0635156017	0.0905433221	0.0931899156	-0.0871008064	-0.0489732334	0.01956448	-0.0416965272	-0.0040578028	0.014042263	0.0351964159	-0.1578877182	-0.0096896519	0.2032875735	-0.1008910485	-0.0629891406	0.0379765197	0.0032183343	-0.0603671559	-0.233857329	-0.0884782725	-0.0851752719	0.1074583966	-0.0028345346	0.0036315430700142	7.547430541899984e-06	1.318810506936816e-05	5.696370778480468e-11	-0.0037327256194856	-0.0121514124428897	0.0001476568243572	1.3933240550364155e-05	0.030496784281297	-1.2856945247202016e-05	0.0009300538514999	1.653010410895505e-10	-0.0001979998815361	-0.0001719998439568	3.920395308830964e-08	2.9583946321193555e-08	-1.0895284674461436e-11	-3.752775867837954e-12	1.1870722813755424e-22	1.408332671422691e-23	-7.328220902281732e-12	-5.614382334826482e-12	5.370282159263888e-23	3.1521289001611663e-23	0.0	0.0	0.0	0.0	0.0	0.0
863.4284580419437	2.091045793381681	4.372472510019226	745508.7021566886	1282.775528026077	-6.466938018798828	41.82128733898571	1645513.0553025806	826.5176860491434	-0.2648886044820528	0.0701659727844494	683131.4853520305	945.5979306367452	894.8404125364541	1.418906	29.049072	0.0635091409170398	0.0348026272858465	0.1122775804	0.2071642776	0.1204321278	-0.0051768476	0.0992187758	0.1592857633	0.0903190467	-0.1323641782	0.1675133643	-0.0577061285	-0.134527447	0.1063171808	0.1085123769	0.0024339562	-0.2255155711	-0.1183759127	0.1379556812	-0.0530402095	-0.0979886558	0.1951279947	-0.1049971265	-0.1964713485	0.0909174836	-0.0530467422	-0.1178128646	0.1318186104	0.0750997243	0.098562866	-0.0280947695	0.0490600051	0.1027765293	-0.0621561932	-0.1186948703	-0.0735660004	-0.032539013	0.0941429157	-0.057868593	0.1821203496	0.1441144697	-0.0846313797	-0.0396038957	0.170790765	0.0105171821	0.003503311	-0.003154581	0.1762268421	-0.1162901427	-0.0504674668	0.1428782703	0.1894355539	0.0139383335	-0.0440480857	0.0086210464	0.0290702211	0.0055096444	0.2646367536	-0.0901393163	-0.0033170986	-0.0744834161	-0.2247999021	0.1120044112	0.0437586549	0.0197352887	-0.081328783	0.1014650475	0.0595576394	-0.1767922239	-0.1121991467	-0.0626935742	-0.1179230044	-0.0502336873	0.0150046339	-0.0084312992	0.1194843646	-0.1100675519	-0.0904159594	-0.0519673693	0.0218991289	0.1641602905	0.0295089865	0.1033401944	-0.0141533203	0.0181738480606838	0.0145423049906696	0.0003302887533328	0.0002114786344416	-0.0008006112881417	0.0029321143313439	8.597294452072287e-06	6.409784346999121e-07	0.0448309969339817	0.0143342126526847	0.0020098182860946	0.0002054696523723	0.0003809998708607	0.0005789997523968	1.451609015958701e-07	3.352407132755557e-07	-1.0458783394895477e-08	-1.0447888110221017e-08	1.0938615010134135e-16	1.0915836596369766e-16	-5.499998589014331e-05	-5.49999785619224e-05	3.0249984479159632e-09	3.0249976418119243e-09	0.0	0.0	0.0	0.0	0.0	0.0
861.3434783408326	-2.0849797011111377	4.347140354045489	741912.5876802843	1284.175895762893	1.4003677368161789	1.9610297983156668	1649107.731258429	826.6661621729532	0.1484761238098144	0.0220451593415873	683376.9436817594	946.3790565947916	892.5250269250838	1.252822	25.64887	0.0773070570165879	0.0438988619831033	0.0989180812	0.0631142039	0.2293343508	0.0302950045	-0.1849292171	-0.1583811872	-0.0582206169	0.0447219512	0.2511190276	-0.0381636466	0.0170574648	0.2148575516	0.1077195246	0.065721861	-0.0764377384	0.09583549	0.1345943484	-0.1103240581	-0.072186838	-0.1372623123	0.1485461257	-0.0557710283	0.0178417763	-0.0395881629	0.1545240469	-0.0308458985	0.1235676899	0.0989370198	-0.0616491749	0.0480896461	0.1103896674	0.0839212178	0.0075138622	0.1621883175	0.1186559883	0.1164377505	-0.0589974879	0.0241419686	0.0528032755	0.133087078	0.1947248073	0.0968514204	0.1749154461	0.0753077681	0.0035798242	-0.0452852219	-0.0025892447	-0.0580795414	0.0182379809	0.088653206	-0.0167914135	-0.1390115645	0.1979456691	-0.1124280169	-0.0479527006	0.0579801183	-0.0954149064	-0.0877846187	0.0299763236	-0.0678473675	0.0916476552	0.0652806662	0.0503954322	-0.0028660989	0.1801433042	0.1136841969	0.1652992744	-0.0435328296	-0.053319229	0.01520628	-0.1382730622	-0.0882344528	0.1092853423	-0.2083682173	-0.0616293865	0.0026643149	-0.1302555613	-0.0119948259	0.29449701	0.2145067193	0.0990808418	-0.0253948054	0.0142723240675763	-0.0039015239931075	0.0002036992342899	1.52218894687935e-05	0.0233095579190347	0.0241101692071764	0.0005813002591986	0.0005433354903808	0.0107861377013449	-0.0340448592326368	0.0001163407665123	0.00115905244017	0.0006309995131079	0.0002499996422471	3.981603855424068e-07	6.249982112372798e-08	-2.6037616507323943e-11	1.0432745778388153e-08	6.779574733824684e-22	1.0884218447647581e-16	3.079022247668567e-11	5.500001668036578e-05	9.480378001637997e-22	3.025001834840514e-09	0.0	0.0	0.0	0.0	0.0	0.0
860.3324339981767	-1.0110443426558504	1.0222106628164007	740171.8969892272	1290.252854329235	6.076958566342	36.92942541703742	1664752.4281047385	824.3095369338989	-2.356625239054324	5.55368251734785	679486.2126801789	945.7465936467888	909.2176884994764	1.273247	26.067028	0.0872611466553184	0.0570151313934042	0.1239524036	0.0308814566	-0.0606227236	-0.1283907779	-0.1525634499	-0.1110071667	-0.1242154221	0.0046286075	0.1139494584	-0.0135000027	0.1386702611	-0.0768590539	0.1611069411	0.0906735502	-0.119067103	0.0973912525	-0.3520092134	0.0606336361	-0.0653105676	-0.1404465342	-0.1159750646	-0.0021758185	-0.0150513526	-0.0164641212	-0.2668156993	0.0071771865	0.0285394424	0.1855348358	0.2407186141	-0.0577249289	0.0799015623	0.0609431672	-0.1500354807	0.0441640096	-0.0986602843	-0.0268195389	-0.0634937368	0.0401474864	-0.0201696053	0.2221857108	-0.0040632922	-0.1496773786	0.040696538	-0.048248422	0.1299855596	-0.0867523116	-0.1657920237	-0.0495845917	0.0636973721	0.0447547615	0.0788643357	0.0359014163	-0.1152890421	-0.1252502105	0.1063504766	0.1086995912	0.0383856966	-0.1718000741	0.1371127167	-0.0226252186	0.0081789601	-0.0318005123	0.0266447731	0.1404939334	0.1438938533	0.0689470372	0.1078895338	-0.1310230506	-0.1522488812	-0.2108673099	-0.3026478903	0.0135899869	0.0066343529	0.1179499583	-0.0361713256	0.0173784003	-0.2048344923	-0.1194008885	0.005162636	-0.0336690246	0.0946861568	-0.0364975928	0.0196548453050127	0.0053825212374364	0.0003863129439639	2.8971534871453874e-05	-0.0181369166215574	-0.041446474540592	0.0017178102518439	0.0003289477445373	0.0495682980127867	0.0387821603114418	0.0024570161678844	0.0015040559584223	0.0005979997228394	-3.299979026849997e-05	3.576036685159992e-07	1.0889861577649855e-09	-3.690181493709588e-11	-1.0864198429771935e-11	1.3617439456516725e-21	1.1803080752145898e-22	2.0605958562722185e-11	-1.0184263913963484e-11	4.2460552828862375e-22	1.0371923146925882e-22	0.0	0.0	0.0	0.0	0.0	0.0
860.8083226009005	0.4758886027237849	0.2264699622023964	740990.968258976	1289.016812738383	-1.23604159085221	1.527798814316462	1661564.3435222192	826.1496294339498	1.8400925000509003	3.3859404087435734	682523.2102138526	945.6844601577588	882.8578266214441	1.350058	27.639559	0.0365686886349367	0.0276328245284238	0.0517242676	-0.1376762425	0.0664422895	0.1592990241	0.0402642402	-0.0900590445	0.0952239169	-0.0010376374	-0.0053561906	-0.0521093776	0.0604245781	0.0232217406	-0.1807199485	0.069213057	0.1228135838	0.027499582	-0.0421914311	0.0449539962	-0.0193773136	-0.024633691	0.0389812261	-0.1203909018	0.0667886603	-0.0685641571	0.1005845812	0.1173725057	-0.0170286174	-0.04653465	0.0344852749	-0.1866639644	-0.0204825473	-0.0787214798	0.0798370887	0.0513346614	0.0880715054	0.0190624399	-0.0443969001	-0.0373548141	-0.11861891	0.009120358	0.0401954647	-0.0165754049	0.0106654893	0.158487336	-0.1207901993	0.0246271996	-0.0763895233	0.0272118307	-0.1856155189	0.021978201	0.020291434	-0.1310031899	-0.1234214038	-0.0294710108	-0.0407519647	0.0048730751	0.0157074171	-0.1225482854	-0.121049568	-0.0165101611	-0.1757233269	0.0033122919	0.0461127201	-0.1283544162	0.1455574863	-0.045997539	0.1068879136	0.1165976478	-0.183700927	-0.177285895	-0.0215274178	0.1701716796	-0.010693499	-0.126532143	-0.2984848085	-0.0948703062	0.0164649451	0.0715189734	0.0332583685	-0.0861721816	0.0901621419	-0.0474010431	0.0128579145690395	-0.0067969307359732	0.0001653259670647	4.619826742961719e-05	-0.0139157462390642	0.0042211703824931	1.7818279398037774e-05	0.00019364799339	0.0495177001602087	-5.05978525780007e-05	0.0024520026291563	2.5601426855050923e-09	8.799998818441549e-05	-0.0005099997346549	7.743997920457266e-09	2.6009972934815466e-07	1.4628298572461065e-12	3.8364644794341984e-11	2.1398711912506643e-24	1.4718459701960317e-21	3.477414143855488e-13	-2.025821714833664e-11	1.2092409127886198e-25	4.1039536202916056e-22	0.0	0.0	0.0	0.0	0.0	0.0
861.3587634126166	0.5504408117160438	0.3029850872026171	741938.9193077119	1286.941586836329	-2.075225902053944	4.3065625445556055	1656218.6479288084	826.2029987970988	0.0533693631489313	0.0028482889229225	682611.3952213188	945.074276584811	881.6382579032821	1.212431	24.821938	0.0613939403640012	0.0288203326882343	-0.0468148955	-0.1252541072	0.1025711747	-0.15106764	0.0544888187	-0.0562936561	0.1807274191	0.0658710223	-0.0524984224	-0.0312760568	-0.2983452655	-0.0715182988	0.0021194772	0.0175602488	0.0920889694	-0.037814955	0.0902027041	-0.0314745999	0.1083879753	0.2343615852	0.1104266927	-0.0604865028	-0.0270548579	0.0185970211	-0.0001510121	-0.1410899663	0.0175153065	-0.0108869085	0.0407695981	0.1219610992	0.1740460962	0.165996518	0.0209390143	-0.0133200181	-0.1329925284	-0.0069594178	0.0172546654	-0.0059659608	-0.1198666741	-0.1623282614	0.1996937295	0.0699691976	-0.1420280541	-0.0750090538	-0.0058840824	-0.0619146479	0.0552968629	0.0255860079	0.1437775158	-0.083838242	-0.077438834	-0.0255979405	-0.0022449833	0.0691804746	-0.1542567968	0.0370805237	-0.1226448128	-0.017608121	-0.0883541381	0.0584791295	-0.0515425937	0.0352696346	0.1889600526	-0.034346505	0.2085963275	-0.044735114	-0.0133404398	-0.0496175781	0.0740842549	-0.0928040741	0.2398612209	0.0234489189	-0.1318064399	0.3029341702	0.0158257292	-0.0625233888	0.0327537946	-0.0207502382	0.0514709718	0.0962780042	0.0855149763	-0.0580456054	0.0197020298919312	0.0068441153228916	0.0003881699818625	4.684191455304095e-05	-0.0018903485313046	0.0120253977077596	0.0001446101900297	3.573417569805458e-06	0.0345957156387157	-0.014921984521493	0.0011968635405548	0.0002226656220596	0.0003899999425757	0.0003019999543912	1.5209995520904928e-07	9.120397245233793e-08	-0.0002500001796885	-0.0002500001811513	6.250008984428229e-08	6.250009057569774e-08	4.872104226690596e-08	4.8720694525491576e-08	2.373739959573637e-15	2.3737060750462647e-15	0.0	0.0	0.0	0.0	0.0	0.0
860.6470877754621	-0.7116756371544852	0.5064822125192425	740713.4096963839	1286.1823340361973	-0.7592528001316623	0.57646481450777	1654264.9963868002	825.1404414176941	-1.062557379404666	1.1290281845273111	680856.7480629871	943.4111561435884	895.5070590266475	1.309521	26.809647	0.0555236631640969	0.0264069390547162	-0.026173509	-0.1521367615	0.010485576	0.1256476755	0.1433116077	-0.1724837015	0.2468230143	0.0356668392	-0.1296567333	0.0122245493	0.0872418571	-0.0627120233	-0.0404859887	0.0062322566	0.2297005709	0.0104174011	-0.0317158368	0.1652876608	-0.0363057255	-0.0196593597	-0.0682904351	0.0157132203	0.0656617138	0.111590361	0.0423764304	-0.098580493	0.0516236328	0.0401512459	0.1854594498	0.1087918324	-0.0263223945	0.0855847687	0.0204330313	0.2110730758	0.1488604956	0.1310613683	-0.0028843319	-0.0339429463	-0.2587359003	-0.0318320999	-0.0041062447	-0.0726215573	0.080767093	-0.1032117724	-0.223821255	0.0418607495	0.1817700854	-0.1643182648	-0.0437903686	0.0309917799	0.0600418438	0.0638956923	0.3269433935	0.0919711271	0.2454180065	0.0153832932	0.0556863688	-0.1179172056	0.0534722917	0.164683986	-0.0055972805	-0.0044309983	0.1689457674	-0.1634903561	0.1062008345	0.0879281734	-0.0488698774	0.1246073368	-0.2121191128	0.0773418401	0.1876234963	-0.078857631	0.0143030864	-0.0077304945	0.1183977178	0.0151804255	-0.0208776755	-0.0869033506	-0.1073152703	-0.1160611255	0.0807510076	-0.0683731426	0.0152498128690012	-0.0044522170229299	0.0002325567925395	1.982223641926765e-05	-0.0143122541724238	-0.0124219056411192	0.0001543037397568	0.000204840619496	0.046992834348174	0.0123971187094583	0.0022083264800749	0.0001536885522964	0.0001150004532599	-0.0002749994893157	1.3225104249982444e-08	7.562471912395078e-08	3.1808777833930435e-11	0.0002500002114972	1.0117983472883442e-21	6.250010574868364e-08	-1.3956444290183499e-11	-4.873499871119615e-08	1.9478233722499561e-22	2.37510009938029e-15	0.0	0.0	0.0	0.0	0.0	0.0
863.5991018869548	2.9520141114927583	8.71438731445238	745803.408779955	1296.4270510403614	10.244717004164158	104.95422649541024	1680723.098669208	827.9680317242941	2.827590306599973	7.995266941978128	685531.0615574017	947.506302165628	883.732238615402	1.474769	30.19276	0.0186712906675847	0.0127741071216988	-0.1156283466	0.1491873562	0.0976429702	0.0340349889	0.1545523367	0.1659401705	0.1711316277	0.1525793586	0.0645408904	0.0022777052	0.2241945927	-0.0528447355	-0.1375980329	-0.1021666512	-0.017921487	0.0649039302	-0.0678154363	-0.0577763937	-0.2297840976	0.0458806019	-0.1054892873	0.1596560961	-0.1296996123	0.2943597173	0.2037161056	-0.0523521576	-0.0708324134	-0.0166117727	-0.0850183692	-0.0337889962	-0.0325762858	0.0270304142	-0.1226357905	0.0303606783	0.0194638535	-0.0678412034	0.2027645513	0.1460044851	-0.0048154959	0.0455922114	-0.0924333542	0.0114465463	-0.04015005	0.1227493375	-0.0849995896	0.0447944906	0.2486081392	-0.2795792212	-0.0477104403	0.0127107758	-0.0134970865	0.2083463301	-0.0566912355	0.0031653232	-0.0927910744	0.0272286474	0.1944576571	-0.05887054	-0.0042079491	-0.005670509	0.1431490644	-0.1541829675	0.1064082235	-0.1637685975	0.1123787894	-0.0732110053	0.0090621947	0.1366112401	-0.0736718872	-0.0455297651	-0.0235229207	0.0004500355	-0.1038151694	0.0627892196	0.0591580369	0.1834209849	-0.0660712784	-0.0605533532	-0.257483942	0.0154836835	0.0758767427	-0.0783272495	0.0162610860565024	0.0010112731875012	0.0002644229197369	1.022673459758838e-06	-0.0262934698311454	-0.0119812156587216	0.0001435495286607	0.0006913465557613	0.046614359752894	-0.00037847459528	0.0021728985351722	1.4324301927236172e-07	0.0001149999903368	-4.6292309999955244e-10	1.3224997777464091e-08	2.142977965131957e-19	-6.076927405729293e-09	-6.1087361835632245e-09	3.692904669450376e-17	3.731665776037458e-17	-0.0001059999868188	-0.0001059999728623	1.1235997205585772e-08	1.1235994246820148e-08	0.0	0.0	0.0	0.0	0.0	0.0
862.1098179628401	-1.4892839241147158	2.2179666066265264	743233.3382279213	1289.176332005915	-7.250719034446547	52.57292651648547	1661975.615004225	826.965607325236	-1.0024243990581	1.0048546758269927	683872.1156987963	947.4215767392506	893.7662659349667	1.404268	28.749405	0.0416299157170963	0.0240708621055827	-0.0400044935	0.0833269219	-0.0290873368	0.0031280739	0.1258836298	0.1387526015	-0.2127734125	0.0491993926	0.0812000437	-0.2159854661	0.0411287839	-0.0874782665	-0.0880743855	-0.1479281797	-0.0295933709	0.226292326	-0.0016597079	-0.1255644644	-0.0831089789	-0.0676135351	0.0404004664	-0.0302101841	0.0449060577	0.0314867819	-0.1206173815	-0.0088001855	0.1335329623	-0.153334678	0.0910722907	-0.1684140295	0.0811003632	0.019092658	0.0571474214	-0.1462876864	0.2153150386	0.1209096843	0.0942079053	-0.0664446732	0.1166293641	0.1661341356	-0.1541140773	0.2812558437	-0.0329932664	-0.0966283737	-0.0295265673	-0.0152978989	-0.0578989339	-0.0396708098	-0.1643987584	-0.0002391676	-0.2169425727	-0.2421272873	-0.1553055333	-0.1726631221	0.1179284077	-0.0725881622	0.1507208465	0.0086770652	-0.1264066192	-0.0381761374	0.0012896934	-0.1481206536	0.1271526242	0.0442384395	0.0395025693	-0.0682276309	-0.0022711395	-0.3520930507	-0.1149671905	0.1195056926	0.0860589361	0.1445742967	0.2021873139	-0.3202645572	0.2266283092	0.0902847536	-0.0467427473	0.0454029801	-0.0432737308	-0.0102337611	0.0708988393	-0.0878535601	0.0217198491495906	0.0054587630930881	0.0004717518470809	2.979809450646184e-05	-0.0055732357962341	0.0207202340349113	0.0004293280984614	3.106095724042514e-05	0.0364637683898791	-0.0101505913630148	0.0013296064051907	0.0001030345050189	0.0001150004532599	4.6292309999955244e-10	1.3225104249982444e-08	2.142977965131957e-19	3.1808777833930435e-11	6.1087361835632245e-09	1.0117983472883442e-21	3.731665776037458e-17	-1.3956444290183499e-11	0.0001059999728623	1.9478233722499561e-22	1.1235994246820148e-08	0.0	0.0	0.0	0.0	0.0	0.0
859.0188495761078	-3.0909683867323565	9.554085567778827	737913.3839270596	1288.0547987739994	-1.121533231915464	1.257836790290746	1659085.1646447282	826.5083839098612	-0.4572234153747558	0.2090532515669565	683116.1086732905	947.9221477722854	888.3349925652899	1.333655	27.303743	0.053887748247138	0.0328267511966017	-0.1534190155	-0.0389713102	-0.0856480186	-0.0669089473	-0.0619299831	0.0599263385	-0.2161042659	-0.0038942607	-0.1032162184	-0.0554191062	-0.2342528311	0.0057499506	0.1309790244	-0.199945174	0.0104124417	-0.0451478126	0.0799819988	-0.061769088	0.0135886064	-0.1093630794	-0.1937618319	-0.1876550812	-0.1690483271	-0.0055841121	-0.3163246458	-0.1758690162	0.1667735577	-0.0422295034	-0.0430704898	0.0738001951	-0.0764737223	0.1407567879	-0.0742735896	0.0214326095	-0.1578816827	0.0342112714	-0.001595097	-0.2018968105	0.1603066233	-0.1127156325	-0.0117439466	0.1129824479	-0.1101893385	-0.2718502226	0.0603600949	-0.0543837379	-0.2507799477	-0.2373144926	-0.0094244585	-0.032815681	0.1792764861	-0.0809867849	0.0383041911	0.0102293953	0.1360980345	0.0741400408	-0.0079080246	0.1355618689	-0.1955959424	0.0583597273	-0.0258638039	-0.0294092036	0.1278925028	0.1079668404	0.0992708979	0.008526801	-0.1318612486	-0.013400001	-0.1156633069	-0.0244523084	0.0382561619	0.0923617841	0.0282080814	-0.0482448986	0.2420662171	-0.2230039683	-0.1561285435	-0.1154908316	-0.1818151618	-0.078196817	0.0658240966	-0.096900045	0.0196640474345741	-0.0020558017150165	0.0003866747615091	4.226320691464784e-06	-0.0205850373724274	-0.0150118015761933	0.0002253541865629	0.0004237437636242	0.0644339363107633	0.0279701679208842	0.0041517321484995	0.0007823302935224	0.0002919999105878	0.0001769994573279	8.52639477832832e-08	3.13288078943711e-08	-2.762479134332807e-11	-5.943356917725849e-11	7.631290967624136e-22	3.532349145147972e-21	9.982967794433528e-12	2.393941208461703e-11	9.965964598469702e-23	5.730954509571078e-22	0.0	0.0	0.0	0.0	0.0	0.0
861.5992243798445	2.580374803736732	6.658334127759375	742353.2234519497	1277.0663843694722	-10.988414404527248	120.7452511256219	1630898.5500865164	825.9266076087952	-0.5817763010660428	0.3384636644820869	682154.7611561727	944.367620460996	889.4706679642802	1.60583	32.87595	0.0245636812155144	0.01963683005677	0.0775528503	0.1903910545	-6.71129e-05	0.090478447	0.1094634063	0.1851353575	0.0861265215	-0.2312381284	-0.0210131504	0.1382593736	-0.0881682094	0.0856371908	0.1628042019	0.0276635245	-0.1125353817	-0.0361917398	0.2247783545	0.1328644678	-0.0546505243	0.1948814333	-0.1053623996	0.0387858523	0.014853734	-0.0272183696	0.0173113542	-0.0189877553	-0.0630276723	-0.1136515502	0.0239245151	-0.0497098923	-0.1146122278	-0.1419184015	-0.28912237	-0.0063564414	0.0044160683	0.0627516412	-0.0721793796	0.1549800564	0.0913459771	-0.1505533633	-0.1301850283	0.0020271963	0.1028700177	-0.1609746587	0.0135042107	0.2304293864	0.0499126545	-0.0512068871	-0.06747413	-0.0410339162	0.0609560579	0.0942337683	0.0441271805	0.0051142967	-0.142224537	0.1546297364	-0.1378801099	0.0044912541	-0.025484423	-0.079184702	0.089718367	-0.2340523353	0.0935699283	-0.0038392184	0.0467454961	-0.0489889304	-0.1466448747	0.0136469247	-0.1204446231	-0.0486469182	-0.1333698842	-0.0179525086	-0.042251109	-0.0112757434	-0.2431239942	0.0001128426	-0.0638836763	-0.0084275153	0.0387112688	-0.0042758931	0.0606594461	-0.1054172954	0.0196216941703113	-4.235326426280106e-05	0.0003850108821132	1.7937989937146615e-09	-0.0205316854808046	5.335189162279999e-05	2.846424339730996e-09	0.0004215501086826	0.0456667824085599	-0.0187671539022034	0.0020854550155507	0.0003522060655889	0.0002929998037459	9.998931581000053e-07	8.584888499513595e-08	9.997863276152022e-13	-1.6563313831596815e-08	-1.6535689040253487e-08	2.7434336508396643e-16	2.734290120359593e-16	-0.0001130000043184	-0.0001130000143013	1.2769000975958421e-08	1.2769003232109326e-08	1.0	0.0	0.0	0.0	0.0	0.0
862.1568571970895	0.5576328172450076	0.310954358868604	743314.4464119626	1289.5609745529462	12.494590183473974	156.1147838529642	1662967.5070899443	826.4963919321696	0.5697843233743924	0.3246541751632142	683096.2858768945	946.8589581693157	893.9802755073265	1.397903	28.619087	0.0535715109225082	0.0298010657728413	0.0635091447	-0.1152349545	0.0726918347	-0.0011121295	0.0161130535	-0.1074952292	-0.0707503121	-0.0411141719	-0.0063220941	-0.118524549	0.061298344	0.1070111268	0.0520053168	0.0999571252	0.1758874306	-0.0151008288	0.014348913	-0.0511238631	-0.1677461855	-0.1395757128	0.143244158	0.0054060009	-0.0524173275	0.0587469547	-0.0792151166	0.0490579811	-0.1094325017	0.0624037403	0.0316657053	-0.0654523799	-0.01701346	-0.0936154255	0.0962169238	-0.0187021492	0.0724111347	0.1079501552	-0.1092934952	-0.068788319	-0.0563439792	-0.0210434859	-0.069650182	0.0390724436	0.1175074212	0.0953191419	0.0171871233	-0.2362850823	0.0284759063	-0.1512783076	0.0299271245	-0.1050251116	-0.0491993824	0.0012053027	-0.0824150079	0.0467084551	-0.2337335937	0.0219649596	-0.1568211435	-0.0981578958	-0.0250641925	0.1226532581	-0.03479412	-0.1751765734	0.0254505681	-0.0774702003	0.1235510619	-0.0611804432	0.050447856	0.0501479285	0.0474948218	0.040001819	-0.0090099012	0.1183841885	0.0809745452	-0.0137919897	-0.0662369668	0.1798703631	-0.0940696754	-0.0503520432	-0.0034162538	0.001317435	0.0554119421	-0.1133587932	0.0196648997235939	4.320555328260131e-05	0.000386708281139	1.8667198344557012e-09	-0.007817630679014	0.0127140548017905	0.0001616471895029	6.11153494334609e-05	0.0210033493648325	-0.0246634330437274	0.0004411406845412	0.0006082849295024	8.300002614892989e-05	-0.0002099997775969	6.8890043407230464e-09	4.4099906590776934e-08	5.284661597215745e-12	1.656859849319403e-08	2.792764819708687e-23	2.745184560286715e-16	-3.970990745429116e-14	0.0001130000042786	1.5768767500283688e-27	1.2769000966983981e-08	0.0	0.0	0.0	0.0	0.0	0.0
861.6721693970137	-0.4846878000757897	0.2349222635423087	742478.9275133559	1290.629006367809	1.068031814862934	1.1406919575594126	1665723.2320779583	825.6611471176147	-0.8352448145548124	0.6976339002407029	681716.3298595755	946.4219385497132	899.8197956261812	1.186634	24.293798	0.0790567160889992	0.0416396837031809	-0.0351193234	-0.1131841562	0.0330665753	-0.2352633921	-0.0756290016	-0.0709730287	-0.0082886432	0.1722952992	-0.0116012175	-0.009231586	-0.1255560294	-0.0588403264	0.1511176116	-0.0056876299	-0.0014353558	0.0953362186	-0.0425837354	0.0969650186	0.1619388437	-0.0767367047	0.1507687902	0.0962604788	-0.1427362054	0.1695017263	-0.04986655	-0.0575626295	0.0528015001	0.2583236827	-0.1080195257	0.1005917611	0.0314110844	-0.1016616792	0.1419683261	-0.0770555898	0.0438580644	0.0432055716	0.0644256675	-0.0592863593	-0.0747809019	0.0180153687	0.1123583058	-0.0580300048	0.0383028253	-0.1486839011	0.1426978605	-0.1585363997	0.2074025078	-0.0059774681	0.0464460767	-0.1642823951	-0.0115842914	-0.1323465778	-0.0512218884	-0.2718057048	-0.1426158012	0.0561295191	-0.0795378355	-0.1252760502	-0.0577518626	0.2133830939	-0.0019133639	-0.1720480804	-0.0415526333	0.193266805	0.0985443549	-0.0772117131	0.1622126114	-0.2010816606	0.089812886	0.248213087	0.0213127325	0.1625872916	0.0424027051	0.2800635586	-0.1635417521	-0.0453185104	-0.0357702943	-0.1207040749	0.1096054719	-0.0121302051	0.0500887521	-0.1206811645	0.0175412406896384	-0.0021236590339554	0.0003076951249318	4.5099276925008e-06	0.0135134105895673	0.0213310412685812	0.0004550133216019	0.0001826122657622	-0.0023966318000248	-0.0233999811648572	5.743843984890113e-06	0.0005475591185156	0.0005859992320654	0.0005029992059164	3.4339509998123857e-07	2.530082011525996e-07	-4.1253225280257766e-08	-4.125850994185498e-08	1.7018285960236984e-15	1.7022646426221466e-15	-0.0001410002280454	-0.0001410002280056	1.9881064308854813e-08	1.98810642976566e-08	0.0	0.0	0.0	0.0	0.0	0.0
858.623304705922	-3.048864691091694	9.295575904585652	737233.9793841186	1287.5594151334942	-3.069591234314885	9.422390345782778	1657809.2474989058	824.4398244222006	-1.2213226954141874	1.491629126333776	679701.0240933088	944.5632543385252	897.4787474866667	1.284874	26.305056	0.1120809672814665	0.0675758076389717	0.0783968964	-0.1303032218	-0.0413380752	-0.0309939726	-0.0250271982	-0.1869914315	0.1269253716	-0.0262970276	-0.0372977795	0.1572429777	0.0222721255	-0.1464696288	0.0480548947	0.1517065986	-0.0120060136	-0.0475798425	-0.1548363231	0.1861342072	0.0326732568	-0.0033399557	-0.0617542344	-0.0087260323	-0.1809092676	0.100261442	0.0359244827	-0.2526206659	0.1008815268	-0.2442246462	0.0228515345	0.0580319585	0.0356180075	-0.0904773023	0.082243553	-0.0642688108	-0.1546589242	-0.066260641	-0.1270661689	0.0478969762	-0.1328402061	0.0293229957	0.104746191	-0.1916129726	-0.1127196958	-0.1575266513	-0.0729719939	-0.1277095486	0.0044628014	-0.1173283918	-0.2411157019	-0.0195593393	-0.045929388	0.0113003007	0.0233968357	-0.0889885482	0.1243521316	-0.0271915307	0.041463826	-0.1925256263	-0.0658032156	0.0914170006	-0.1274695458	-0.1088672397	-0.1604427432	0.2586217591	-0.0121444128	-0.1427857299	0.0343077504	0.1468855845	-0.099228944	-0.054858416	0.0902709174	-0.0226068782	-0.0506084233	-0.1158888208	0.116846496	-0.0536367203	-0.1359198919	0.1423471631	-0.0113694503	0.0059402322	0.0446971468	-0.1273444172	0.019664145469008	0.0021229047793695	0.0003866786170263	4.506724702270284e-06	-0.0169139825721629	-0.0304273931617302	0.0009258262546185	0.0002860828064514	0.0545320053730762	0.056928637173101	0.0029737396100092	0.0032408697303865	0.000275000108066	-0.0003109991239994	7.562505943631168e-08	9.672045512839421e-08	2.5083490839961087e-11	4.1278308771097734e-08	6.291815127184117e-22	1.7038987750020837e-15	1.2991743369040326e-11	0.0001410002410371	1.6878539576700328e-22	1.988106797253253e-08	0.0	0.0	0.0	0.0	0.0	0.0
861.7698550150228	3.146550309100803	9.90077884770236	742647.2830126134	1289.2423963006938	1.682981167199614	2.832425609148575	1662145.9564191552	826.7649744351705	2.3251500129699707	5.406322582814255	683540.3229527882	945.1995449137598	864.4028888503309	1.528505	31.292891	0.0321765747586806	0.0201161059352085	-0.1293143832	-0.0774284557	0.0841869781	0.0501952964	0.225671464	0.1035199963	0.1974908322	0.0044824844	-0.1669326479	-0.1841715185	0.0130611052	0.0544218733	0.03998475	-0.0239530419	0.1440022557	0.1858759224	0.1173960102	0.2388132487	-0.0358810731	0.1822498917	0.1254618658	0.0804282522	-0.1052938185	-0.0503160425	-0.0187623496	0.1795166746	0.0352789088	0.0321817451	0.1565030748	-0.2182134882	0.1022985654	0.0518654389	-0.0382616113	-0.0489375737	0.0144091456	0.015691665	0.1402584065	0.0345721848	-0.1932431539	-0.203228905	-0.0626598048	0.0511614816	-0.0027883297	-0.0525903823	0.1387779357	0.1188123585	-0.1013567295	0.0375658136	-0.1836436143	-0.006983806	-0.1454993162	0.1055932846	-0.1305520123	-0.2070510621	-0.0854306914	0.1190148661	0.045365753	-0.0880996534	-0.2698221119	0.1090659535	-0.0185503809	-0.0261958297	-0.0695797179	0.0214839254	-0.0406157067	-0.0662657827	-0.2790907611	0.0814631021	-0.149500535	-0.0889201571	-0.1050902905	-0.0124188155	-0.1770843566	-0.1126627844	-0.11441026	-0.0962274203	0.1610489249	0.0285526442	0.1527617867	-0.0603549782	0.0392444906	-0.1333121588	0.0196650163182567	8.708492486991792e-07	0.0003867128667973	7.583784139599249e-13	-0.0228787541308861	-0.0059647715587232	3.5578499747753194e-05	0.0005234373905815	0.0660429325707525	0.0115109271976762	0.0043616689425449	0.0001325014449502	-1.89999632656438e-05	-0.0002940000713316	3.6099860409581377e-10	8.643604194301166e-08	6.556533094226325e-12	-1.852695774573476e-11	4.298812621568503e-23	3.432481633122413e-22	-2.103051111349789e-13	-1.3202048480175303e-11	4.422823976949584e-26	1.7429408407289909e-22	0.0	1.0	0.0	0.0	0.0	0.0
863.6791313478892	1.9092763328663975	3.64533611524376	745941.6419258445	1286.6721687316897	-2.570227569004146	6.606069756468963	1655525.2697887097	828.509627978007	1.7446535428364314	3.043815984531712	686428.2036522555	946.3636729636888	884.8920682335543	1.365941	27.964743	0.0652334722602979	0.0495769907681661	-0.0614394807	-0.0831349781	0.1194805434	-0.2851221858	0.1419705194	0.0024794752	0.1273862587	0.0280623363	0.0188513331	-0.1927640308	-0.3288490674	-0.0681879771	0.204066751	0.0368213227	-0.060274739	0.1729529614	0.1331345337	-0.0549894708	0.1207443897	0.1011200441	0.1413129726	-0.10536277	-0.1902682128	-0.033576349	-0.2124752204	-0.1013222044	-0.0361106116	-0.0145889576	0.001519434	-0.0158093881	-0.0777242437	0.0033192025	-0.0050420988	-0.1215894745	-0.0106041727	-0.1220642391	0.0172099331	0.095743224	-0.0870425024	-0.1604341256	0.1328580324	0.2595396187	-0.1271394615	-0.2309770663	0.1175265611	-0.2628092225	-0.0029845772	0.0643643485	0.0518352765	0.0085547065	-0.0463636047	0.0333141124	-0.0008729747	0.0965350429	-0.2162104253	-0.0809199141	-0.140552706	-0.1034175992	-0.2143776026	0.0817416319	0.0407767401	-0.0299557807	-0.0626169278	0.1316899781	-0.0459832096	-0.1481784437	-0.0306436082	-0.1230175558	0.1537667421	0.0081426851	0.1366739653	-0.0263326372	-0.1169138998	0.2531010857	0.0845642325	0.0823956826	0.2330112655	0.0503508695	0.0455838039	0.037319689	0.0337382312	-0.1385517956	0.0196631194865801	-1.8968316766003468e-06	0.0003866382679435	3.5979704093544826e-12	-0.0162671835759198	0.0066115705549663	4.371286520329743e-05	0.0002646212614926	0.017923151879799	-0.0481197806909535	0.0003212393733063	0.0023155132937454	8.599996093584222e-05	0.0001049999242014	7.395993280966389e-09	1.1024984082317813e-08	-4.547089815787331e-09	-4.553646348881557e-09	2.0676025792836858e-17	2.0735695070682332e-17	-0.0001050000060165	-0.0001050000058061	1.1025001263465037e-08	1.1025001219300962e-08	0.0	0.0	0.0	0.0	0.0	0.0
861.75829485477	-1.920836493119168	3.689612833298344	742627.3587510008	1285.2048930761948	-1.4672756554948592	2.1528978492078688	1651751.6171869934	826.2887864112854	-2.2208415667215604	4.932137264478275	682753.1585490349	944.719514111008	896.4840999436299	1.351699	27.67317	0.0173153565468488	0.0105946200716033	0.0872926216	0.0095703043	0.1792655549	-0.0091645919	-0.0486077092	-0.1553713947	0.2328744356	-0.0325663711	0.086733787	0.0735634518	-0.158519189	0.1169259781	0.1096325515	0.103352434	-0.0736892784	0.050135614	0.1006766367	0.0612507292	0.0960547291	0.0327466415	-0.0169245949	-0.1325518718	-0.1706887783	0.0422369784	-0.0982872272	-0.0257962222	-0.1467891086	0.1054679835	0.166312697	-0.029873132	-0.2029360132	0.1738781737	0.0312160273	0.1210664262	0.0957075013	-0.0824600941	-0.10550904	0.1410427568	-0.1012819452	-0.1474380583	0.2059748938	-0.0011088834	0.0002862738	-0.1533513104	0.1180641387	-0.0851461844	0.0136713577	-0.0712929696	-0.0216269651	0.0810672274	0.1166777286	0.0741486195	-0.0171196986	0.2249779213	0.1673653525	0.0789344619	-0.1932929911	-0.1688860222	-0.111952513	0.0130211745	0.0764754895	0.0182010993	-0.0880601969	0.1080779656	-0.0856328478	-0.0097787953	0.0649653857	0.0811700138	0.1033276068	-0.0807417788	0.0730050502	-0.1101658216	0.1062859676	0.0666876912	-0.0035921327	0.0294429534	-0.0688731587	0.1028737898	-0.0710337402	-0.1058483283	0.0281858894	-0.1430347106	0.0160080566774638	-0.0036550628091162	0.0002562578785888	1.335948413858513e-05	-0.0257175773346176	-0.0094503937586978	8.930994219443434e-05	0.000661393783962	0.017463449161184	-0.000459702718615	0.0003049720566052	2.1132658950202202e-07	0.0001229997577144	3.699979677855778e-05	1.5128940397801103e-08	1.3689849616545748e-09	-8.817442553876731e-09	-4.2703527380894e-09	7.774729319091621e-17	1.823591250770764e-17	-0.0001429998840936	-3.799987807709999e-05	2.0448966850783036e-08	1.4439907338744642e-09	0.0	0.0	0.0	0.0	0.0	0.0
862.3894320913505	0.6311372365804573	0.3983342113984161	743715.532582842	1283.9037894482883	-1.3011036279065138	1.692870650551492	1648408.9405596743	826.8827352523804	0.5939488410949707	0.3527752258380587	683735.0578584581	943.3626542537846	890.9686968864415	1.082669	22.165352	0.1066698009515194	0.0644150227121558	0.0840263229	-0.0862166093	0.1343739794	0.0046638039	0.1255214949	-0.1463191439	0.2414427423	-0.0313772075	0.0042986694	0.0248257725	0.1202500547	0.0847073208	0.0160163534	0.2162645765	0.0147663848	0.1861175275	0.0672948431	0.2298736118	0.01922914	-0.1510514385	0.0675332538	-0.0087612179	-0.0712097124	-0.0632137127	0.0906055979	0.0741610547	-0.1059321693	-0.0405152033	-0.1324010062	0.1840341955	0.1191940978	0.1112339508	-0.1456901534	0.0571008238	-0.0083789279	-0.0625888351	-0.0336910073	0.168618392	-0.2623281492	-0.0248219888	0.0933620595	-0.0981152721	0.1356770438	0.0498985354	0.082696778	-0.0389656196	-0.0298542823	-0.1060859363	-0.1106306556	-0.1172888713	-0.0833876956	-0.1156704382	-0.0134612773	-0.0732301201	0.0700523017	0.0356282131	-0.1360519288	-0.2652197448	-0.0793393045	0.0890891723	0.128215331	0.0804817565	-0.0699250471	0.004683963	-0.1101534647	-0.1389879419	0.0709265543	-0.0061644963	0.1112381183	0.1260614004	0.0161366263	-0.1423181891	0.0079867351	-0.1573359225	0.0091962705	-0.0493496464	0.1082325957	-0.0311162568	-0.1163142821	0.0549392064	0.022595049	-0.1467364196	0.0196516031019626	0.0036435464244988	0.000386185504477	1.3275430547478004e-05	-0.0060977718357122	0.0196198054989054	0.0003849367678148	3.718282136040493e-05	-0.0406409125203026	-0.0581043616814865	0.0016516837704828	0.003376116846413	-0.0003059998939527	-0.0004289996516671	9.363593509906365e-08	1.8404070113049318e-07	3.356068711823923e-08	4.237812967211596e-08	1.1263197198483486e-15	1.7959058745066748e-15	-0.0002199996012294	-7.69997171358e-05	4.8399824541095016e-08	5.928956438993213e-09	0.0	0.0	0.0	0.0	0.0	0.0
863.7330809089652	1.343648817614735	1.8053921450774757	746034.8350564931	1287.6590880627905	3.755298614502181	14.102267684081996	1658065.9270706973	826.2703426678976	-0.6123925844827909	0.3750246775295122	682722.6791725248	942.9953954889534	900.9001345907398	1.137408	23.286003	0.1371076480094592	0.0918042011216722	0.1056949364	0.0698357032	0.2542136519	0.0328662965	-0.0163936861	-0.0965765343	0.2843840961	0.0642537025	0.2111566169	0.1096649131	0.0491468397	-0.1313218172	0.0534475728	0.1103438829	-0.065518472	0.1899900967	-0.0997482076	0.1012794866	0.1777569827	0.1121388577	-0.0455169006	-0.1089600534	-0.0405400277	-0.0997849271	-0.0541573136	0.087705024	0.0459770124	0.1038714956	-0.0607394384	-0.0169142545	-0.0778582747	0.119683406	-0.000542455	-0.0184274078	0.0006773163	-0.041083464	0.0796412355	0.2499052512	-0.2151388461	0.0985144028	0.1147708975	-0.0472163529	-0.0114974915	-0.0504692908	-0.0133364974	0.1365652064	-0.0242138311	0.1424457077	0.0001376049	0.0700918547	0.0343094986	-0.0830503717	-0.1036107779	0.0528383203	0.1523544619	0.0635312285	0.0832293739	-0.2765082354	-0.073870021	-0.0873256198	0.1208003508	0.0845093189	-0.0128392147	0.078847823	-0.0961445683	0.0331182271	-0.0753676031	0.172355023	0.0283883032	0.0281082618	-0.053765148	-0.1918364089	0.2528461546	-0.0736173389	0.0571712154	0.1684504883	0.0782582374	0.1741288265	-0.0634949926	0.0245569839	0.0169733466	-0.1496367051	0.0196645545219382	1.2951419975596595e-05	0.0003866947045462	1.6773927938428248e-10	-0.0195231656943377	-0.0134253938586255	0.0001802412002592	0.0003811539987285	0.0475267425940302	0.0881676551143328	0.0022587912615992	0.0077735354083599	0.0001839999229681	0.0004899998169208	3.385597165226673e-08	2.400998205824175e-07	3.652278479648885e-11	-3.352416433344274e-08	1.3339138092906369e-21	1.1238695942556744e-15	1.0015973090520859e-11	0.0002199996112453	1.0031971695003799e-22	4.8399828948115286e-08	0.0	0.0	0.0	0.0	0.0	0.0
864.2127277072873	0.4796467983220509	0.2300610511405942	746863.6387312699	1282.0496190628917	-5.609468999898809	31.466142460825743	1643651.2257393056	826.6361050605774	0.3657623926798123	0.1337821278988612	683327.2501897219	944.4891669598412	895.5668144579287	1.127278	23.078625	0.0682239903278155	0.0427967830092895	0.1292292061	0.1418940837	0.2518699227	-0.0047990706	0.0024208356	0.0556033738	0.1002826615	-0.0083749099	0.2029659973	-0.0274790722	0.0685541572	0.1458341417	-0.0294769531	0.0514703054	-0.1177204709	0.0433203672	0.1718895635	0.0689902393	-0.0304902845	0.1473939578	0.1023231772	-0.0219809061	0.2411241157	-0.0477256778	-0.0193551182	0.1142482848	-0.1855207805	-0.2209051846	-0.3116695235	-0.1089290455	-0.0194654	0.006436129	0.1162341285	0.1178678747	-0.1503723383	0.1282398409	0.0545771182	0.2411369735	0.0030522338	-0.0068730109	0.1028866402	0.0447477544	0.0658921179	0.1468916935	-0.0317194607	0.2658211234	-0.1344818991	0.1554705594	-0.0892285838	-0.0593230127	-0.0533996685	-0.2189822909	0.0602436157	0.1514138647	-0.0601667623	-0.0826308448	0.0007211151	-0.0536757191	-0.1232216014	-0.2871447518	0.1043870854	0.1398248729	0.0431216359	-0.091602116	-0.0335627775	0.1464188983	-0.2110211518	0.1298804425	0.1443809969	0.0915912222	0.0162851159	0.1154709019	0.1250132622	0.0070563883	0.0419455053	-0.238116257	-0.0335619135	-0.0723121663	0.0543366386	0.0137645728	0.0113284606	-0.1517197269	0.0196776806475043	1.3126125566101376e-05	0.0003872111156651	1.7229517237706014e-10	-0.0591560954719909	-0.0396329297776531	0.0015707691227603	0.0034994436314913	0.0546043813386774	0.0070776387446472	0.0029816384613797	5.009297019973122e-05	-0.0001769999234404	-0.0003609998464085	3.132897289790746e-08	1.303208891069606e-07	6.1109042270857125e-09	6.0743814422892245e-09	3.7343150472614025e-17	3.6898109906427705e-17	-6.899998279306589e-05	-6.899999280903898e-05	4.760997625443389e-09	4.760999007647431e-09	0.0	0.0	0.0	0.0	0.0	0.0
862.9938836651971	-1.2188440420901543	1.4855807989386658	744758.4432435398	1284.096813489806	2.0471944269143023	4.191005021588978	1648904.6264146736	827.3454667727152	0.7093617121378202	0.5031940386470997	684500.521389362	947.0681442517912	901.1224255738437	1.109372	22.71203	0.0667455091345767	0.0353279655467069	0.1174444821	0.1279546374	0.2365765588	-0.0076722388	-0.122417561	0.0006896713	-0.1327399571	0.093544023	0.2276068054	-0.0823658437	0.0651153861	0.3390834231	-0.0530873077	0.0587111473	-0.1322356251	0.0277439249	0.1567954251	-0.1086226923	0.1333467728	-0.1168924448	-0.2313059177	-0.2309487784	0.0902156514	-0.0461405747	0.1276084123	0.0665400553	0.0785409292	0.0047956648	-0.0323568064	0.1359844434	0.0689089231	0.0225810045	0.0923448058	0.0755210647	0.1631619278	0.2476494802	-0.0193060411	0.0541970809	0.1163675718	0.1200082498	0.2120250162	0.1386734651	0.2993360288	0.1034816098	0.0507492959	0.186146678	-0.0768091446	-0.1163744375	0.04424049	0.0320209767	-0.0241942651	-0.0595449523	0.1747188364	0.0397332962	0.0029469397	-0.2042939419	-0.1126839747	-0.0036195378	0.0167987108	-0.1426972887	0.174283801	0.1187790084	0.1327226503	-0.073605116	0.0140954905	0.2006164908	-0.0229048758	0.0909493274	0.1646979713	0.1836302708	-0.0423349665	0.1083233402	0.078234581	-3.6455e-06	0.0547272191	0.0031627942	0.0141726169	0.0758045303	0.0493848464	0.0120646195	0.0056681013	-0.1529741081	0.0196808738956946	3.193248190300202e-06	0.0003873367972982	1.0196834004855515e-11	-0.0392022763646764	0.0199538191073144	0.0003981548969674	0.0015368184721724	0.0276155425414827	-0.0269888387971947	0.0007626181898604	0.0007283974196209	1.0999970961201897e-05	0.0001879998944016	1.2099936114728494e-10	3.5343960295013465e-08	0.0001390001346561	0.0001389940237518	1.9321037434413936e-08	1.931933863873621e-08	-7.41308995268979e-10	6.899924148407062e-05	5.495390264667032e-19	4.760895325377092e-09	0.0	0.0	0.0	0.0	0.0	0.0
860.6064431264563	-2.387440538740861	5.699872326023255	740643.4499507704	1289.512264611586	5.415451121780052	29.32711085238882	1662841.8805837012	827.325347741445	-0.0201190312702692	0.000404775419254	684467.2310155028	949.1630702215188	916.6181611404676	1.387774	28.411715	0.0727312284313102	0.0329428120775904	0.0808852858	0.1579559234	-0.1440149812	-0.0280887699	-0.1239670047	-0.0915566062	-0.2543197352	-0.0139305184	0.1428734055	0.114447576	0.0977702674	-0.0810099022	0.2881715287	-0.0002733484	-0.0948441117	0.0116034826	-0.063136776	0.0033274255	0.0585128797	-0.0113061173	-0.1840859387	-0.1162931283	0.1017892692	0.0947996821	0.1911858698	-0.0534350926	-0.0841527798	-0.1262090846	-0.035725066	-0.0174437497	0.0157365072	0.0150395741	-0.1941525547	-0.2721977066	-0.0056714011	-0.1628940346	-0.0355859898	-0.0256998501	0.1089895688	0.2923076215	-0.0616384962	-0.0652403756	0.2127718966	-0.2598065411	-0.0644748804	0.1183982835	-0.0992474564	-0.0482180565	0.0982177045	0.0597612789	0.0511782263	0.1350511603	-0.108102461	-0.1345275758	-0.1000887348	0.09881372	0.0456111528	-0.0680176399	0.2101347246	-0.0929566122	0.1243132928	0.0379420734	0.1449652441	0.1067161382	-0.094181696	0.2251635405	-0.0429192991	-0.0320659328	-0.0735427506	0.1088116176	0.0002320104	0.006312964	0.0248950888	0.0502626056	0.0524865364	-0.027278813	0.1101519895	-0.1906965039	-0.0200303001	-0.0449842714	0.0	-0.1533929978	0.0234298412999578	0.0037489674042632	0.0005489574633412	1.4054756598227969e-05	-0.0489586686708065	-0.00975639230613	9.518719083111454e-05	0.0023969512380178	0.0514895055650583	0.0238739630235755	0.0026511691833341	0.000569966110451	0.0003690001040215	0.0003580001330602	1.361610767678778e-07	1.2816409527119116e-07	-3.876506582400907e-08	-0.0001390388997219	1.502730328339756e-15	1.933181563588324e-08	-0.0002099998224736	-0.0002099990811646	4.4099925438943515e-08	4.409961408997823e-08	0.0	0.0	0.0	0.0	0.0	0.0
858.8112754920679	-1.7951676343883491	3.2226268355554617	737556.8069123126	1289.0672708187462	-0.4449937928397958	0.198019475665947	1661694.4286960908	824.6182842254639	-2.7070635159810763	7.328192879555827	679995.3146789479	946.3844728219822	901.9021337682552	1.173311	24.021042	0.0695756315058904	0.0365280917254689	0.1096668585	0.0119341991	-0.1191856615	-0.1121971899	-0.2124120246	-0.130347634	-0.2149496263	-0.0060150731	0.1447104767	0.082915774	0.1040678641	-0.2341862022	-0.0187458525	0.0199093331	-0.1030359655	-0.0173252124	-0.1275671386	-0.0186925265	0.2033996447	-0.0261035257	0.0046622596	-0.0585803492	0.028212881	-0.0304280457	0.0141144285	-0.1060628358	0.0463317284	-0.2177277301	0.1013351595	-0.219585196	0.0634072005	-0.1784300478	0.0368389533	0.0108908511	-0.0341201595	0.1529086776	-0.0705275804	-0.0349903847	0.0460607344	0.2416385946	0.0510287278	-0.0618377272	-0.0561118411	-0.1596509136	-0.0948463359	0.0305799134	-0.1281885348	0.0256970031	0.0088211566	-0.0242661832	0.0002679044	0.0221150056	-0.1449506319	-0.0425535516	-0.0449313344	-0.3516275046	0.1476161055	-0.0777081842	0.1318137512	-0.1341438882	-0.1249892209	0.0461844216	0.0646406765	0.1795716808	-0.1053341379	0.1859813147	0.1176721164	-0.0425819479	0.0576922386	-0.0573972689	-0.0111662237	0.0485423823	-0.0237598643	0.0752607463	0.0530719162	0.076862507	0.0277015142	-0.040657944	-0.0861811492	-0.1605575694	-0.0056681013	-0.1529741081	0.0218762578708293	-0.0015535834291285	0.000478570658431	2.4136214712626714e-06	-0.0792402180995139	-0.0302815494287074	0.0009169722358032	0.0062790121644585	0.0606318484396695	0.0091423428746112	0.003676221045211	8.358243323695419e-05	6.700000090394999e-05	-0.0003020001031175	4.4890001211292995e-09	9.120406228301085e-08	-5.999997648009625e-05	-5.996121141427224e-05	3.599997177612103e-09	3.5953468742670516e-09	1.978463445014651e-09	0.000210001800937	3.9143176032592424e-18	4.4100756396802286e-08	0.0	0.0	0.0	0.0	0.0	0.0
857.6498024469322	-1.1614730451357218	1.3490196345768464	735563.1836372619	1287.014824057525	-2.05244676122129	4.212537707647764	1656407.1573438218	824.8949146270752	0.2766304016113281	0.0765243790956446	680451.6201776097	946.2251969241024	879.6698132588807	1.381576	28.284838	0.0450095724897653	0.0268230132465501	0.0124644823	-0.1555175043	-0.0550025054	0.1888670402	-0.0783352982	-0.1294825289	-0.0091465606	-0.0490314546	-0.0844206923	0.1733848872	-0.0081714135	-0.0273155767	-0.3023815529	0.0056503238	0.1282329936	-0.2342899979	-0.0661424671	-0.092336295	0.1160249738	-0.0577406087	-0.0148645818	-0.0410235677	0.1258721111	0.143373921	-0.0154265869	-0.034361784	-0.0146038463	0.0233130667	-0.0224478938	-0.0581617826	0.1705409763	-0.0160216012	0.2024136938	0.0065786163	-0.0862117035	0.0251505233	-0.0696319913	-0.1197551374	-0.0524545135	0.0089446487	0.0712353194	-0.0851245872	-0.145758702	0.1136813207	-0.3204127409	0.1846524929	-0.0217072418	-0.0087017057	-0.0170169818	-0.0002792405	0.1810431915	-0.0857180273	-0.0184450024	-0.073239808	-0.1384635445	-0.0985290139	0.08330524	0.0212410065	-0.0211280327	-0.0552145762	-0.2444363075	0.1461220932	0.0749826114	-0.0829831702	-0.1257611813	0.1302575934	0.1618925297	0.0655198796	-0.0015319731	-0.0140982371	0.1287287245	0.1656233926	0.0765782769	-0.0383529328	-0.2185287813	-0.0029096499	0.111941305	0.1398905023	-0.1055104604	0.177936016	-0.0113284606	-0.1517197269	0.014746490534705	-0.0071297673361243	0.0002174589830901	5.083358226726501e-05	-0.0988021563081815	-0.0195619382086675	0.0003826694264797	0.0097618660911463	0.0440140397167851	-0.0166178087228843	0.0019372356921907	0.0002761515667503	6.699999874514618e-05	-2.158803802496285e-12	4.488999831849591e-09	4.660433857672421e-24	-9.40000054818757e-05	-3.400002900177945e-05	8.836001030592662e-09	1.1560019721218436e-09	3.111744643370922e-09	1.133281198356271e-09	9.682954725547628e-18	1.2843262745478257e-18	0.0	0.0	0.0	0.0	0.0	0.0
857.0310754680717	-0.6187269788605363	0.3828230743698865	734502.2643179595	1282.591039765556	-4.423784291969014	19.569867461871787	1645039.77528689	826.0856467882792	1.1907321612039825	1.4178430797255064	682417.4958296096	947.6391680856768	882.3169020033043	1.256215	25.718325	0.046430846778968	0.0301474992878323	-0.1726773565	-0.0604676514	-0.0962326942	-0.0122241739	-0.1668995523	0.0068195068	-0.0881272887	0.1138802452	-0.1971114927	0.2143626741	-0.1455222506	-0.0330876295	-0.0660600178	-0.1289345947	0.0652028081	-0.2718882305	0.0239283937	-0.0568661181	0.201767661	0.0912263205	-0.0262656301	0.0453756201	0.0588593304	-0.0495677467	-0.119374623	-0.1060240104	-0.1845248346	0.0026527587	-0.0284383983	-0.0476275963	0.2494672778	0.0407175714	-0.0504743258	-0.0183957344	0.1118239109	-0.1913164902	0.0755470702	-0.1826083705	0.0597703664	-0.0830613564	0.0894259921	-0.1450831634	-0.173124397	-0.054829688	0.0642625047	0.3057660051	-0.0037967539	0.0519293046	0.0729545698	0.0438000177	0.027202462	-0.0622045951	-0.0691757854	0.0222774537	-0.0365857165	-0.1289462852	0.0999643914	0.1719226709	-0.0888588761	0.0183986485	-0.1272912641	0.1534347261	0.1219926079	0.129538503	-0.1076703906	0.1848223363	0.0240991687	-0.0512293028	-0.072415282	0.0198259027	0.0049779292	0.0212282056	-0.1262570931	0.0871605868	-0.0261890664	0.0112949873	0.09406699	-0.0137976373	0.0020278342	0.1171678119	-0.0169733466	-0.1496367051	0.0147159517648418	-3.0538769863199325e-05	0.0002165592363451	9.326164647574511e-10	-0.0769421701527193	0.0218599861554621	0.0004778589947169	0.00592009754781	0.0638542052719088	0.0198401655551236	0.004077359530907	0.0003936321692547	6.700000878496272e-05	1.0039816539437509e-11	4.4890011771850824e-09	1.0079791614556296e-22	1.5201173653167645e-12	9.400000700199308e-05	2.3107568043375823e-24	8.836001316374746e-09	2.8160729905737578e-12	-3.108928570380348e-09	7.930267088239027e-24	9.665436855727196e-18	0.0	0.0	0.0	0.0	0.0	0.0
857.0827180650165	0.0516425969448164	0.0026669578192047	734590.7856057165	1286.773725329705	4.1826855641490965	17.494858528541247	1655786.620198887	824.9536579449972	-1.131988843281988	1.2813987413148933	680548.5377568314	946.9576656755884	888.1401703895543	1.387517	28.406456	0.0466058349585554	0.0239619973197674	-0.0471637086	0.1811812453	-0.2140680615	0.2409864919	-0.0210454767	0.1337901401	-0.0723857412	-0.0901343229	-0.0950487036	0.2734458937	0.042267519	0.0297621143	-0.1197027138	-0.0637296252	-0.0783641564	-0.3078844145	0.0004464049	0.0575101696	-0.0079722752	-0.132849702	0.1255991095	0.0653882544	0.0510895915	0.0144179642	-0.0614869309	0.2844038745	0.0644412358	0.0785944578	0.0764955537	0.1206504067	-0.0211644725	-0.0878918538	-0.2691803564	0.0906324186	0.1056175878	0.0337475419	-0.0162770781	0.0408969094	0.2073905317	-0.133336501	-0.0872489211	-0.1179456337	0.0222360388	-0.0500659047	-0.2567778087	0.0049677945	0.0606279447	0.0076139618	0.1186315676	-0.0809257187	-0.2328893114	0.0583882638	0.0170094185	0.1617468083	0.0312687486	-0.0428444868	-0.0836662439	0.1830640628	0.0905668076	-0.0415735473	0.1025736847	0.0077388131	0.197880389	0.0202778425	-0.1869095217	-0.0323163691	0.1376744183	0.0639377107	-0.1699459814	0.0139783847	-0.0012414687	0.0657324907	-0.087687194	-0.0428781656	0.081965676	0.0249987333	0.248462496	0.0090601808	0.0867604334	0.0667759165	-0.022595049	-0.1467364196	0.0171839356529091	0.0024679838880672	0.0002952876445233	6.09094447175978e-06	-0.0673194774724237	0.0096226926802956	9.259621441941452e-05	0.0045319120471601	0.0463400627588441	-0.0175141425130647	0.0021474014164936	0.0003067451879679	0.0002209997007195	0.0001539996919345	4.884086771810857e-08	2.3715905115932385e-08	-2.054790892991321e-08	-2.0549429047278532e-08	4.2221656139200715e-16	4.2227903416913462e-16	-0.0001860000733629	-0.0001860000761789	3.4596027291004184e-08	3.4596028338583755e-08	0.0	0.0	0.0	0.0	0.0	0.0
857.7243630457901	0.6416449807736626	0.4117082813520338	735691.0829623064	1284.2034269368874	-2.5702983928176764	6.60643382812113	1649178.4417564454	826.0320075352987	1.0783495903015137	1.1628378389034424	682328.8774727958	946.8680726812128	890.2459803863808	1.518731	31.092787	0.041938253413743	0.0260211445040353	0.0876259583	-0.1271086398	-0.2545777836	-0.0186705022	-0.005533035	-0.0503670456	-0.1633820576	-0.1731795551	-0.1155644384	0.0018634567	0.1816448715	-0.1327767889	-0.0666661357	0.0324845399	0.0983433675	-0.1163785561	-0.1862077464	0.0393552649	0.0066224839	0.0827535843	-0.0381936264	0.0702227253	0.0030491936	0.1084674243	0.1954943524	-0.0629125712	-0.0888020137	0.0207000379	0.0773422838	0.0723427075	-0.0897246538	-0.0205638971	-0.1070057173	0.0965417168	-0.1796971401	0.2168147639	-0.1164646654	-0.097112137	-0.0415140541	0.0843727094	-0.2257266278	-0.1302504436	-0.0987724973	0.0484049655	-0.0305972045	-0.0058162579	-0.117189637	-0.1027860068	0.115331538	-0.1122889533	-0.0160640121	0.1336216875	0.003003528	0.0261387147	-0.1345987928	-0.1140640816	0.0397436666	-0.0156694638	0.245337014	0.0601486266	-0.1458615575	0.0104452818	0.0687049298	0.0110059191	-0.115282625	-0.0552334875	0.0645580446	0.0859405596	0.0351745835	0.0143619136	-0.209131146	0.0970974758	-0.1603944259	0.0928151465	0.0666702939	-0.0791537142	0.0642109119	-0.0533656787	0.039012605	0.0345160642	-0.0281858894	-0.1430347106	0.0147108753985207	-0.0024730602543883	0.0002164098549908	6.11602702183561e-06	-0.0701716814135835	-0.0028522039411598	8.135067321967499e-06	0.0049240648724094	0.0411280955114961	-0.005211967247348	0.0016915202404027	2.71646025874283e-05	0.0006629995361699	0.0004419998354504	4.395683849615025e-07	1.953638545381807e-07	-3.854006003223276e-11	2.0509368869880983e-08	1.485336227288105e-21	4.2063421144084303e-16	2.123476752508708e-11	0.0001860000945976	4.509153518444928e-22	3.4596035190341276e-08	0.0	0.0	1.0	0.0	0.0	0.0
859.4554729039888	1.7311098581986926	2.9967413411526973	738663.7099046191	1288.4788925602752	4.275465623387845	18.279606296771213	1660177.8565733533	827.5321297645569	1.5001222292581815	2.250366702714536	684809.4257926634	946.7248330991366	886.4797994632913	1.450552	29.696964	0.0714929484724561	0.0420298310108379	-0.1349878623	0.0433043565	-0.071729016	-0.0082241436	-0.1233616904	0.1443549946	0.0126462097	0.1142552152	-0.0111111171	0.1093064328	0.0619583577	-0.0901142858	-0.0503183109	-0.1566312368	-0.0331155018	0.0224669883	-0.1958410871	0.0417926405	-0.0866056626	0.0310209027	-0.0138234608	0.0124843401	-0.0614440923	0.053202523	0.0760732958	0.1455653707	-0.0388203913	0.0455502515	-0.1196992335	0.09331085	-0.0912323365	0.058751129	0.1617472599	-0.0796904384	-0.2131556539	0.0797190334	0.1636552564	0.0016370767	0.0339262557	0.0657164165	-0.0227243221	-0.1383197033	-0.0942611301	0.117229791	-0.0979118446	-0.070515157	-0.0316010121	0.1005086753	0.1073963513	-0.1171700781	0.0231564008	0.0840141872	-0.0859264512	0.0705498195	0.032243706	0.0705344982	0.1906022761	0.1306188206	0.0065422804	-0.0381399113	-0.0189696898	0.0149392164	0.0418932304	0.0264481054	-0.0460425775	-0.1100333008	0.1545271609	0.1028257481	0.0635821449	-0.1068961291	0.0081947586	-0.0816445858	0.0514053206	0.0719140145	-0.1504745446	0.0572422671	-0.0530672911	-0.0370776857	-0.0039974413	0.0187169406	-0.0337382312	-0.1385517956	0.0147159214222085	5.046023687799856e-06	0.0002165583433046	2.546235505783725e-11	-0.0970615526313025	-0.026889871217719	0.0007230651741055	0.0094209449991991	0.056576146145872	0.0154480506343759	0.003200860312719	0.0002386422684022	7.999997969274584e-05	-0.0005829995564771	6.399996750839746e-09	3.398884828525584e-07	-2.897904138876584e-12	3.5642155893356176e-11	8.397848398118036e-24	1.2703632767263045e-21	1.4206092763735176e-12	-1.9814158248713558e-11	2.018130716118489e-24	3.926008671050637e-22	0.0	0.0	0.0	0.0	0.0	0.0
859.8940857090183	0.4386128050294928	0.1923811927358399	739417.8386373486	1289.5059481926685	1.0270556323932851	1.0548432720307708	1662825.590424273	828.1585315068563	0.6264017422994357	0.3923791427557686	685846.5533075928	948.8430421236302	886.1597243315142	1.327874	27.185396	0.0391710845518166	0.0304038936169985	0.0496758484	-0.1251973274	0.0252540198	0.1537839397	-0.0444999384	0.0032941452	-0.0348523666	-0.1096163594	-0.0508406002	-0.0904340084	-0.1122636777	0.095816519	-0.1883479049	0.0978287489	0.170512594	-0.0109208136	0.0424907328	-0.222625152	-0.0964023234	-0.1837405463	0.0319020851	-0.0700726461	0.062641983	0.0766880188	-0.0330950321	-0.062271719	-0.1075855038	-0.1519794464	-0.2059366336	-0.083589386	-0.072376287	-0.1895667531	-0.0903368373	0.0569915105	-0.0099532654	-0.0652690355	-0.1306249195	-0.1233835944	0.0429406395	-0.069789507	-0.0637333593	0.1771742262	-0.0752451482	0.2194837169	-0.0508988993	-0.0543870035	0.0350664306	-0.0149979443	-0.0709871843	0.0120051304	0.2177356149	-0.1030732388	-0.0308794781	-0.0037901127	0.014774467	0.0865304126	-0.0763930854	0.1087276342	-0.0121573046	-0.0393492342	-0.251951118	0.0825874309	0.0188618019	-0.1815044422	-0.0226926767	-0.0793145661	-0.0066664936	-0.0038939984	0.1078018274	-0.0714237223	-0.0022033185	-0.1100871144	0.1636195831	0.0590859242	-0.1405976476	0.1091401701	-0.1167383466	0.0017145316	-0.1842002282	0.2426706498	-0.0392444906	-0.1333121588	0.0147156771210177	-2.443011908014048e-07	0.00021655115313	5.968307182698438e-14	-0.1025956650507282	-0.0055341124194256	3.0626400270841735e-05	0.0105258704872012	0.0275394217396467	-0.0290367244062253	0.0007584197497541	0.000843131364243	0.0001720000360979	9.200005640515416e-05	2.9584012417678907e-08	8.464010378551551e-09	7.532863222081687e-12	1.0430767360958269e-11	5.67440283225909e-23	1.0880090773843237e-22	3.084184370025743e-12	1.6635750936522253e-12	9.512193228311089e-24	2.7674820922200103e-24	0.0	0.0	0.0	0.0	0.0	0.0
859.6519987828204	-0.242086926197885	0.0586060798359402	739001.5590112983	1290.40053709498	0.8945889023116251	0.8002893041391184	1665133.5461350132	827.4741212526957	-0.6844102541606389	0.4684173960002304	684713.4213429209	949.9655897590552	893.0617033608434	1.329691	27.222586	0.0217014692350586	0.01896762807468	-0.153294408	0.0611109599	-0.1034112901	0.0038241412	-0.0861557844	0.0835450403	-0.0749017664	0.108428275	-0.129702899	0.0283947009	0.0101104804	0.1644004807	-0.0134233258	-0.1810675156	-0.0431960696	-0.0502925056	0.0533779571	-0.0216260571	-0.0724145656	-0.1604783572	0.0789736402	0.1026506296	-0.0266088292	-0.0159652522	0.0008256585	-0.0706930394	-0.1558297071	-0.0611452681	0.0227712621	0.1212558563	0.0795124978	-0.1357144175	0.1416648687	-0.1491183938	0.0888783564	-0.0525202841	0.0993733364	-0.1408360225	0.1767271502	-0.0909953957	-0.0194285668	-0.0704584854	0.0631137802	0.072968872	0.1427962957	-0.0589802426	0.0774921043	-0.0184077115	-0.0380367524	0.033667123	0.0467435628	-0.126869256	0.0989617658	0.018663322	0.1381998801	-0.0048943473	-0.0546502308	0.2439576337	0.0339739986	0.0751540034	0.0781019975	0.0144403444	0.0363782456	0.0355767197	-0.0340511749	-0.0731194236	0.0948605123	-0.0572608748	0.1684057912	-0.1318502227	0.0734289193	0.0071430345	0.113027556	-0.163128862	-0.034958372	0.004977462	-0.2441531969	0.0645671453	-0.0111026277	-0.001916461	-0.0446971468	-0.1273444172	0.0147154196864391	-2.574345785988364e-07	0.000216543576548	6.627256225836045e-14	-0.0835511630788659	0.0190445019718623	0.0003626930553562	0.0069807968518312	0.0274827219547546	-5.669978489209957e-05	0.0007553000060423	3.214865606810362e-09	0.000224000216008	5.200017991009999e-05	5.0176096771630666e-08	2.7040187106827662e-09	2.6427748878177226e-12	-4.890088334263965e-12	6.984259107679976e-24	2.3912963916904518e-23	-1.2990140796256648e-11	-1.6074325166282388e-11	1.6874375790657132e-22	2.583839295513794e-22	0.0	0.0	0.0	0.0	0.0	0.0
858.9202463353394	-0.7317524474810853	0.5354616443945585	737743.98956476	1284.096148220998	-6.304388873982134	39.74531907438972	1648902.9178760033	825.9392522176107	-1.5348690350849663	2.3558229548626564	682175.648353786	946.8242784421542	899.0167584338975	1.405535	28.775345	0.0516590412179709	0.0308684797504139	0.0961909345	-0.0145977495	-0.2347811505	-0.1236264287	0.1017950312	0.0100497914	-0.0609762943	-0.1758984474	-0.1115663319	-0.022812099	0.0354239941	-0.0789873175	0.1172024438	0.1057032511	-0.0640532344	-0.1384945788	-0.0105763693	0.0093649274	0.0796763806	0.1802530913	0.0073213437	0.2424424768	-0.0488759459	-0.105373235	0.0740977976	-0.203920081	0.1255114374	0.028438602	0.1253015473	-0.1836848297	-0.0426233389	-0.027643145	0.0300772067	0.0516719912	-0.0886987704	0.0468021046	-0.1611983879	-0.0098502005	0.0497544772	-0.0420830552	-0.1178267665	-0.0910012828	-0.0660021517	-0.1022976208	0.1274944291	-0.0566495528	0.0959424356	0.1288866179	0.0819902149	-0.0057525922	-0.0610638774	0.120492984	0.0722053809	0.0090179814	-0.0095999639	-0.1116213171	-0.0856784167	0.0791367165	0.2192438019	0.0065622172	-0.04905333	-0.1013322869	0.0322006911	0.0805282595	-0.0709316786	-0.0265068298	-0.1971541077	-0.0189483877	0.0435275378	-0.0680669331	0.1762684519	-0.1203450133	-0.1227927415	-0.1856183559	0.0266421371	-0.0023739265	-0.130657087	-0.1950734697	0.098124806	0.0206535787	-0.0500887521	-0.1206811645	0.0196630018469079	0.0049475821604688	0.0003866336416315	2.4478569234589124e-05	-0.0749538884243179	0.008597274654548	7.391313148573346e-05	0.005618085389925	0.056246939543314	0.0287642175885594	0.0031637182079892	0.0008273802134819	0.0004109994745036	0.0001869992584955	1.6892056804223534e-07	3.496872267790422e-08	-3.1505908992812686e-11	-3.414868388063041e-11	9.926223014633953e-22	1.1661326107792273e-21	3.065347021352638e-11	4.364361100978303e-11	9.39635236131549e-22	1.9047647819732546e-21	0.0	0.0	0.0	0.0	0.0	0.0
860.2028706705448	1.282624335205469	1.6451251852612712	739948.978709846	1287.451621793351	3.3554735723530484	11.259202894759728	1657531.6784583298	826.8645641009012	0.9253118832905328	0.8562020813586728	683705.0073657734	948.0144504018492	880.2148427513713	1.397756	28.616089	0.0569100738546836	0.0418597248533861	-0.1580009566	0.0032430681	-0.0613552058	-0.0304088073	-0.0202738118	0.1153482178	0.0004957172	0.1265679768	-0.1329998194	-0.0726413371	0.0553316601	0.0160302081	0.04309133	-0.1545901523	0.0614890249	-0.0602427455	0.0001318002	0.0440426127	-0.0132706523	0.014759772	-0.0684795113	0.0928581318	0.0645566535	-0.2740827455	0.1653067618	0.1054091657	-0.1202281451	0.1840001407	0.0829440163	-0.1286688282	0.0804175959	0.1394807535	0.0235478003	-0.2221914137	-0.1053365195	-0.0287916216	0.1857208961	-0.0930145554	0.0086573376	0.02121247	-0.088701531	-0.1108531164	0.112207595	0.0928262841	0.1802349863	0.1023691308	0.032450354	0.0257064275	-0.057763027	-0.0231237572	0.0790428121	0.1499324745	0.0212667203	0.203942535	-0.1246586734	0.00188982	0.0304706637	0.1422926573	0.1116198896	0.1786939081	0.0948695477	-0.0548547471	-0.0010608997	-0.0100865342	0.0467988593	0.0391873476	-0.0105220732	0.0469726223	0.2110525539	0.0548690071	-0.0537671967	-0.0622956416	-0.0761658818	-0.1259576553	-0.1628965275	-0.1085772426	-0.0018164712	0.0028350721	-0.0587568525	-0.1754555885	-0.0554119421	-0.1133587932	0.0147013198914578	-0.0049616819554501	0.0002161288065509	2.461828782703913e-05	-0.0795224097430491	-0.0045685213187312	2.0871387039701463e-05	0.0063238136513413	0.0164170766622646	-0.0398298628810494	0.0002695204061346	0.0015864179771231	0.0005619995447294	0.0001510000702258	3.158434882760529e-07	2.2801021208196543e-08	4.383160501220118e-13	3.19442250429347e-11	1.92120959794562e-25	1.0204335135936565e-21	-2.1165563334098192e-11	-5.1819033547624565e-11	4.4798107124972185e-22	2.685212237809841e-21	0.0	0.0	0.0	0.0	0.0	0.0
861.003500658659	0.800629988114224	0.6410083778677825	741327.0281464655	1289.686748504639	2.235126711287876	4.995791415512556	1663291.9092684677	827.7656396230062	0.9010755221049748	0.8119370965367531	685195.9541404846	947.5329297383628	897.0204129845205	1.365112	27.947771	0.064644145015944	0.0426762950975889	0.0842957468	-0.0089609535	-0.1811404236	-0.1882718319	0.1731348428	0.0195263998	-0.0107589114	-0.1313150021	-0.0544177464	-0.0936352315	-0.0337487543	-0.2136929306	0.0177666308	0.1187819772	-0.0242926611	0.0366439092	-0.0701935782	0.0263730297	-0.0304899525	-0.0655050891	-0.0110476826	0.1968430235	0.0183422803	-0.1339098759	-0.0683342523	0.1487913936	-0.1722899612	-0.0519069086	0.0344171339	-0.1078729225	-0.0939431464	-0.1253813412	-0.0542997108	-0.0605972453	0.0991405854	0.0187645704	-0.0716192389	0.0480257085	-0.0153080454	0.1013859157	-0.1812694214	-0.0326364775	-0.1003707443	-0.0199169666	0.11515772	-0.0523649489	0.0802050512	0.1512093998	-0.0602802361	-0.1587873465	-0.0776524737	0.1796233743	-0.0129828176	0.1504197237	-0.0176400603	0.0480175146	0.0807301756	-0.0120646369	0.2195101832	-0.016260487	-0.0952109582	-0.1721929814	-0.0744187097	0.0383598057	-0.0858432581	-0.0360588132	-0.1437620777	-0.0902779289	-0.0028538093	0.048711393	0.1484989228	-0.0431849033	-0.2052176857	-0.1847469026	-0.0388148256	-0.0134082415	-0.0460844636	-0.0159799727	0.0686517926	0.0508754274	-0.0606594461	-0.1054172954	0.0172489977852166	0.0025476778937587	0.0002975279245944	6.490662650347264e-06	-0.0929157578997887	-0.0133933481567396	0.0001793817748476	0.0086333380660921	0.0563679357508704	0.0399508590886058	0.0031773441808142	0.0015960711419176	0.0005819998017044	2.000025697499993e-05	3.387237691839609e-07	4.0001027906603317e-10	-4.5110432944639456e-08	-4.5110871260689584e-08	2.0349511604528127e-15	2.034990705898509e-15	-0.0001549998508561	-0.0001549998296905	2.4024953765413243e-08	2.4024947204095373e-08	0.0	0.0	0.0	0.0	0.0	0.0
860.5441458727342	-0.4593547859248019	0.2110068193520206	740536.2269958337	1291.8359894662533	2.149240961614396	4.619236711081173	1668840.2236802536	827.2799741427103	-0.4856654802958928	0.2358709587510402	684392.1556175635	947.5603889722504	880.8317299916688	1.338198	27.396757	0.0320005726081582	0.0162067529730106	-0.1441861546	0.0082272947	-0.0013564063	-0.0587674982	-0.0557116685	0.0684845918	-0.0182282053	0.1097073452	-0.041925361	0.0177157722	-0.1250357479	-0.0996897628	-0.0556067477	-0.1516801416	0.015129737	-0.0245272174	-0.1723610169	-0.2288174541	0.0264931417	0.0822357167	0.0912688297	0.0797480774	0.0148027723	-0.0203566568	-0.0093885685	0.0690146182	-0.1030853869	0.0959573498	0.017660435	0.0346049285	-0.2333689456	-0.0153247116	0.0575455429	0.1573868438	-0.0117837282	0.1340309021	0.1455512601	-0.0489833971	0.0220608239	0.058029288	0.0380419066	-0.0079715872	-0.1498403654	0.0987299641	-0.0490950215	-0.0459867675	0.0492129585	0.0625467729	0.1369944728	-0.1309243417	0.1076416953	0.068403098	0.1233660035	0.1050630546	0.0471070728	0.0044867543	0.2042375289	0.1353458793	-0.0156480018	0.048032445	-0.0164583808	-0.0684929305	-0.1234165152	0.0654099429	0.0509838338	0.0202123002	4.88408e-05	0.0817922745	0.0941372112	0.1509794911	-0.0674017118	-0.1461971531	-0.1509848374	-0.0346288598	-0.1444001116	-0.0452073475	0.0675951396	0.0292817394	0.0513988473	-0.2069510487	-0.0658240966	-0.096900045	0.0147055532930409	-0.0025434444921756	0.0002162532976544	6.469109884778896e-06	-0.0859346427391045	0.0069811151606841	4.873596888673476e-05	0.0073847628226975	0.053144170125833	-0.0032237656250374	0.0028243028183634	1.039266480517278e-05	0.0003519998222592	-0.0002299999794451	1.2390387487050837e-07	5.28999905447924e-08	7.2453154587037716e-12	4.5117678260098166e-08	5.2494596096131844e-23	2.035604891581734e-15	-1.374341233265769e-12	0.0001549998494817	1.8888138254544748e-24	2.4024953339367876e-08	0.0	0.0	0.0	0.0	0.0	0.0
860.9367646277333	0.3926187549990345	0.1541494867769919	741212.112687669	1288.1878485769596	-3.6481408892937	13.308931948136626	1659427.9332213358	828.5215063095093	1.2415321667989474	1.5414021211964894	686447.8864173782	948.1637256779476	887.912628848946	1.335931	27.350355	0.0210830192380159	0.0113898987389815	0.0924375195	-0.1070862551	0.0296434948	0.0823997416	0.0217630162	0.0249921242	0.0167426345	-0.1274269968	-0.0185784334	-0.0504303659	-0.0763761855	-0.0496302105	-0.2144462514	0.0981215976	0.1029176053	-0.077891796	0.1065862494	-0.0994258033	-0.1883330202	0.0096310531	-0.1348931856	0.1437486917	0.0559932104	-0.0229111501	-0.0309222683	0.1522315275	0.0328029254	-0.1442176456	0.0344769301	0.1716774217	-0.0506481804	0.2412450255	-0.0632442699	0.039845308	-0.0230015905	-0.1066996373	-0.10748055	-0.0439548993	-0.010254962	-0.0483246829	-0.1204008169	0.1481671097	-0.1022871246	0.2216548216	-0.0114257651	0.1307331994	0.0277061879	-0.0073601823	-0.1578399601	0.0893391852	0.0438259041	0.0306412917	-0.0383586004	0.0020142793	0.0229380789	0.1579596713	0.040956652	0.0580315241	-0.0211649606	-0.071321546	-0.246772895	-0.0120950233	-0.1835242304	-0.1255016313	-0.0066184575	-0.0369436688	-0.0603478321	0.0872720013	-0.0314570058	0.135160857	-0.1021493846	-0.0175430221	0.0290339511	0.0995821935	0.0216842089	-0.1296830734	-0.001945543	0.1046383916	-0.0133136555	-0.1058625096	-0.0708988393	-0.0878535601	0.0194555093057147	0.0047499560126737	0.0003785168423447	2.2562082122335972e-05	-0.0940566535789599	-0.0081220108398553	6.596706008272849e-05	0.0088466540824724	0.0520831103440997	-0.0010610597817332	0.0027126503831156	1.1258478604119166e-06	0.0002089999808614	-0.0001429998413978	4.368099200006556e-08	2.044895463979596e-08	1.1156409129853271e-11	3.9110936711495e-12	1.2446546467267342e-22	1.5296653704505673e-23	5.391835022623519e-12	6.766176255889288e-12	2.907188491118956e-23	4.578114112575998e-23	0.0	0.0	0.0	0.0	0.0	0.0
861.3259201932276	0.3891555654943204	0.1514420541552043	741882.3407967103	1288.8422778147572	0.654429237797558	0.4282776272842927	1661114.4170827316	827.3385128974915	-1.1829934120178225	1.399473412877569	684489.0149234326	947.496710387955	896.4859491365927	1.426065	29.195654	0.0609239522502524	0.0353330900064888	-0.0853919874	0.1660689992	0.0047902492	0.0861311874	-0.0300488608	0.1399590478	-0.022892997	0.0544855763	0.0303230779	0.1004199344	-0.0151803378	0.1635164331	-0.057090693	-0.1165417917	-0.0207204813	-0.0411438239	0.1337196835	0.0289776427	0.1070527671	-0.0439817669	0.1379667768	0.1301299758	-0.0704346701	0.0104694492	0.1677641956	0.0944020255	0.175146504	0.0612880443	0.0356590735	0.0690958618	0.1056491918	-0.0413715163	0.0849064979	0.1501051489	0.0416011521	-0.0584190489	0.0905043103	0.0226785185	0.1478516865	-0.1201188347	0.1039469854	0.0011634406	0.0710694688	0.0532049528	-0.0768323418	-0.0550466503	0.085276961	0.1838611153	-0.0072386361	-0.0427360727	-0.0847907553	-0.0552118158	0.0075188688	-0.1413363304	0.1001083341	-0.0504280029	-0.0192309522	0.2152081196	-0.0602001236	-0.0962300559	0.0424759483	0.0236609959	-0.1317829759	-0.029818752	0.0191348219	-0.1748883589	0.0691855604	0.0707962944	-0.1415346271	0.1596664627	-0.0510037247	-0.1262985219	-0.0493936857	0.2037046482	0.1540693032	-0.0121331233	-0.0102655527	-0.1547926032	0.1376239079	0.1354819358	-0.0758767427	-0.0783272495	0.0170184647548126	-0.0024370445509021	0.0002896281426107	5.939186143081624e-06	-0.0893929833852809	0.0046636701936789	2.1749819675409905e-05	0.0079911054785211	0.0273596411993253	-0.0247234691447744	0.0007485499665558	0.0006112499265526	0.0006399971639289	0.0004309971830675	4.095963698370353e-07	1.857585718121201e-07	-7.802318542138309e-05	-7.802319657779222e-05	6.0876174632995275e-09	6.087619204216808e-09	-7.29749821808119e-05	-7.297498757264692e-05	5.325348024289813e-09	5.3253488112279735e-09	0.0	0.0	0.0	0.0	0.0	0.0
860.251419590358	-1.074500602869648	1.154551545567237	740032.5049072261	1288.6712076439048	-0.1710701708523174	0.029265003355441	1660673.4814104	827.2452615102133	-0.093251387278201	0.008695821229309	684334.7226911011	947.2984359112572	886.8097523475938	1.40035	28.669191	0.013112647215058	0.0078011983998955	-0.0160877083	-0.0918974948	0.0134766751	0.2349987131	-0.0030767768	-0.0549221423	-0.1107822122	-0.1174443957	-0.1300413749	-0.1465491041	0.0626122266	0.159255566	0.0013029021	0.0307978468	0.1526478333	-0.026531129	0.0971433701	-0.0215195693	-0.0973868213	-0.0552663103	-0.1408666622	0.154157796	0.0524426878	-0.1719113859	-0.1242879087	-0.1482768344	0.196425066	0.0530987159	0.1336211675	0.1046597853	-0.0350926999	-0.0124279974	0.0449024136	0.0589842466	0.1167150581	-0.0304775019	-0.1149021117	-0.1647638989	-0.0154970552	-0.1283519223	-0.1171326832	0.1340131138	0.1940584534	0.0317856664	0.0966921451	-0.0313081879	-0.1085862937	0.1242004985	-0.0198851398	0.1102144464	-0.0821633703	0.0853884902	0.1900033533	0.0064972177	0.1911160869	-0.0986123043	-0.1248648587	0.1415776219	-0.0044667683	0.0873628585	-0.0617248282	0.1180986701	-0.1549720992	-0.0859847243	0.0191217572	0.1011314199	-0.1406464706	0.0530545218	-0.1113853934	0.1173661411	-0.1049632924	-0.1204162611	0.0183964611	0.032600692	0.0371117861	0.2917040823	-0.1847572859	-0.0308993894	0.011586818	-0.0550960881	-0.0807510076	-0.0683731426	0.021916200377845	0.0048977356230324	0.0004803198390018	2.3987814233120573e-05	-0.0894232441289375	-3.026074365659881e-05	9.157126066503851e-10	0.0079965165905435	0.0267250175790394	-0.0006346236202858	0.0007142265645999	4.02747139424782e-07	0.0006399995471276	2.383198700016409e-09	4.095994203235331e-07	5.679636043759902e-18	-1.3562484468820912e-11	7.802317185889862e-05	1.8394098496700849e-22	6.087615346923231e-09	7.323252464511154e-12	7.297498950406436e-05	5.363002665896869e-23	5.325349093118304e-09	0.0	0.0	0.0	0.0	0.0	0.0
861.8172835023129	1.5658639119549207	2.4519297907627675	742729.0301433059	1286.963177159147	-1.708030484757728	2.91736813686172	1656274.2193635665	827.5038669904073	0.2586054801940918	0.0668767943864168	684762.6498840777	946.9555610199546	892.8820641747227	1.369997	28.047777	0.0054531314558801	0.0046285194027673	0.0990224354	0.0170897442	-0.0976292598	-0.0791372043	0.2240823865	0.0202079143	0.0754988701	-0.0642959099	-0.0433428811	-0.0356835808	0.0804764375	0.011581407	-0.0023700204	0.133549292	-0.0096108613	-0.0451175535	0.1045277059	-0.0818310973	-0.0936491917	0.0529915756	0.0433381848	0.0876033948	-0.103380228	-0.0823147883	0.0086053718	-0.1069094188	0.1627506294	0.1393848246	-0.1739411187	0.0875837384	-0.1358351337	-0.0232264375	-0.0102338368	-0.1118468203	0.0664192777	-0.0050805393	-0.1131189188	0.0667674314	0.0203019127	-0.1064360414	-0.0915713205	0.0088347405	-0.0374770199	0.0869500617	0.1864528647	0.0128139775	0.2187941803	0.0330102868	0.0608397458	0.0881430254	-0.1629027646	-0.0237646027	0.1390507412	-0.1674708461	-0.0130997002	0.0466714272	-0.1327572216	0.0546489809	0.1665913962	-0.0259776983	0.0296473696	-0.0325949018	-0.1750477253	-0.0301890697	0.0447997739	-0.0511529493	-0.2170065107	-0.0698529882	0.0791295749	-0.0310459486	0.066529405	0.0051745708	-0.0504788762	-0.0337485934	-0.0150406626	0.1337329636	0.0061544164	0.1477994036	0.0222824252	0.1149351372	-0.0855149763	-0.0580456054	0.0228322244377068	0.0009160240598618	0.0005213104727738	8.391000782456963e-07	-0.0894233820777827	-1.3794884520801356e-07	1.9029883894224482e-14	0.0079965412622291	0.0312619870262125	0.0045369694471731	0.000977311832827	2.0584091764582208e-05	0.0006399995471276	0.0	4.095994203235331e-07	0.0	-1.3562484468820912e-11	0.0	1.8394098496700849e-22	0.0	7.323252464511154e-12	0.0	5.363002665896869e-23	0.0	0.0	0.0	0.0	0.0	0.0	0.0
861.7613489896744	-0.0559345126384869	0.003128669704105	742632.6226125034	1294.952871070718	7.989693911570839	63.835208800592135	1676902.9382942957	828.3121673266093	0.8083003362019099	0.6533494335041206	686101.0465413047	950.2493041534996	895.0305519714099	1.416462	28.999041	0.0476113993153906	0.0301523929304635	-0.1173514857	0.0916712359	-0.0622974148	-0.0182879037	-0.1173018499	0.0601211236	-0.0934894215	0.2021834146	0.0565197669	0.0575724403	0.0557743973	0.0631144454	-0.0130220192	-0.1491359392	-0.0863316969	0.0076034267	0.0246937362	0.0038890713	-0.0957908783	-0.1607568871	0.1059077284	-0.1726130323	0.1016874097	-0.0161779536	0.1728892199	-0.0684695856	0.1900781861	0.1012421562	-0.0783004664	-0.1530673634	-0.143755285	0.1982482275	0.0232437506	0.0039191916	-0.0001708187	0.0077169203	0.1359276644	-0.0604424159	0.1524434491	0.0666043031	0.0776512352	-0.0605026484	0.1363073664	0.1110134014	-0.0554172098	-0.2287124661	0.0617528276	0.0636402214	0.158604635	0.1248139279	-0.1021591042	-0.0498816389	0.0078026904	0.0499865415	-0.1033008892	0.0833990689	0.0007173786	0.1360640559	0.1401139442	0.070429738	0.2225180188	0.1112173219	-0.1740187497	-0.0343834192	0.0988218776	-0.0494711805	0.1515323855	-0.0925614535	0.0177844495	0.0574815147	0.1392823462	-0.0394455349	0.0511202396	-0.0531632965	0.020959307	-0.1734564387	-0.0893014588	0.0533778358	-0.0248098668	0.0176385991	-0.0901621419	-0.0474010431	0.0293953699137148	0.006563145476008	0.0008640877723641	4.307487853924427e-05	-0.0895101816934413	-8.679961565859207e-05	7.5341732784793e-09	0.0080120726267928	0.0061020223463401	-0.0251599646798724	3.723467671523394e-05	0.0006330238226924	0.0008899998232545	0.0002500002761269	7.920996853930412e-07	6.250013806352626e-08	-6.600027000769337e-05	-6.60002564452089e-05	4.356035641088429e-09	4.356033850833339e-09	2.9265628176649693e-08	2.9258304924185185e-08	8.564769925739124e-16	8.560484070365989e-16	0.0	0.0	0.0	0.0	0.0	0.0
860.4103442353385	-1.3510047543359178	1.8252138462382537	740305.9604671736	1289.3361979070698	-5.616673163648102	31.54701742724477	1662387.8312334588	826.9164797465006	-1.3956875801086426	1.9479438212695184	683790.8644763448	947.4791997273765	895.412183609073	1.366703	27.980333	0.0611212090133787	0.0304171139180238	0.0675160953	-0.1423023751	-0.1377240858	0.0100364194	-0.0125195138	-0.0768671451	-0.1470982528	-0.0243765661	-0.0234183484	-0.1413783485	0.0948422255	-0.0941369988	-0.000391337	0.0855442391	0.1252763336	-0.054763815	-0.210784685	-0.0382650731	-0.2532178591	0.0357721385	0.0025401908	-0.0897029209	-0.1626345003	-0.0476832405	0.0758154246	0.1089051198	0.1030830136	-0.0386659837	-0.0284838132	-0.0120038699	0.0347777691	-0.2070340027	-0.01715934	0.0445088809	0.0475566644	-0.0924773961	-0.0964835964	-0.1154374786	-0.0589023398	0.1234373909	-0.1273594143	0.0110859241	-0.0853309233	0.1401099125	-0.0616238294	-0.1113886384	-0.1039451217	-0.0419992161	0.0740093487	0.1879332552	-0.1678608366	-0.0921280155	-0.0848195885	-0.0113286191	0.0799563431	0.2410938748	0.0393682673	-0.0526118076	0.1888118719	0.0584759862	-0.0940041756	0.1444814235	-0.1662643734	-0.0890205353	-0.0435123212	-0.0767288788	0.0525732101	-0.1747094214	-0.0682641612	-0.0369291276	-0.1575837767	0.1201752656	0.0467553067	0.0212348094	0.0002791933	-0.1576430408	0.0568823324	-0.0032087321	-0.2093493011	-0.0331229637	-0.0946861568	-0.0364975928	0.029094016138714	-0.0003013537750008	0.0008464617750797	9.081409770723303e-08	-0.1081496266303361	-0.0186394449368948	0.0003474289075555	0.0116963417402811	0.015532928277139	0.0094309059307989	0.0002412718608627	8.894198667557786e-05	0.0004689998066825	-0.000421000016572	2.1996081866822238e-07	1.772410139536243e-07	-3.942239068521759e-08	6.596084761700816e-05	1.5541248873379309e-15	4.35083341835417e-09	-0.0001679999575965	-0.0001680292232246	2.82239857524258e-08	2.8233819857488217e-08	0.0	0.0	0.0	0.0	0.0	0.0
860.1798985535361	-0.2304456818023936	0.05310521226137	739909.4578755716	1287.3826625032243	-1.9535354038455357	3.8163005740779385	1657354.1197138908	826.694176197052	-0.2223035494486112	0.0494188680974511	683423.2609581224	946.8805850882655	885.4330300152903	1.431276	29.302332	0.0723749609378548	0.0448025465287043	-0.103543818	0.1062662617	-0.0437458753	-0.002699399	-0.0736738028	0.040798467	0.1109191081	-0.0008535503	0.0648928316	0.2021274582	0.0328334659	-0.1644893317	0.0364807385	-0.1232565647	-0.0495388319	-0.0969790121	-0.1833847149	-0.0006341711	0.0448698445	0.0423456906	0.2415489829	-0.1381377829	0.1484766617	-0.061670048	-0.2279191069	0.1495377007	0.20955965	-0.1526780326	-0.036941884	0.169327945	-0.1741423878	-0.017706358	-0.0220665292	0.084292155	-0.0734804163	-0.2615510972	0.1061840242	0.0430615465	0.0291954978	-0.008120496	0.023078148	-0.17680416	-0.1802333666	0.0063563134	-0.147737044	-0.1021357282	-0.0334790398	0.3112253333	0.0384089677	0.1686271177	0.1247190456	-0.0895816641	-0.0048436859	-0.0774537967	0.10320466	0.2434271027	0.1506211521	0.0793596923	0.0275794557	-0.0894387097	0.0661085197	0.1223717757	-0.1483977931	0.0448149528	-0.0356635269	-0.1429540908	0.068008419	-0.0612348429	-0.1257847699	-0.1863979245	0.0925633187	-0.0584414281	0.1450339329	0.239915569	0.0369441391	0.0406254092	-0.0386661595	0.0510425557	0.1446232468	-0.1016364889	-0.0990808418	-0.0253948054	0.0308408452638957	0.0017468291251817	0.0009511577365915	3.051411992583064e-06	-0.1146803375464315	-0.0065307109160954	4.2650185069607656e-05	0.0131515798197634	0.0538784103379157	0.0383454820607766	0.0029028831005408	0.0014703759944733	0.0001220004316789	-0.0003469993750035	1.4884105329837945e-08	1.20408566252889e-07	3.358202604886173e-11	3.945597271126645e-08	1.1277524735464277e-21	1.556773782592203e-15	-1.1856790431473504e-11	0.0001679999457397	1.4058347933588162e-22	2.8223981768545365e-08	0.0	0.0	0.0	0.0	0.0	0.0
861.5821691177355	1.402270564199398	1.966362735220098	742323.8341416222	1286.9322735768444	-0.450388926379901	0.2028501850056399	1656194.676773666	828.115643342336	1.4214671452840548	2.0205688451220003	685775.5187482912	946.9978536255798	872.9989400391627	1.294137	26.494703	0.1020710168263137	0.0758952190478365	-0.0367647761	-0.0889029759	0.0698934205	0.2052869099	0.0322909941	-0.0240543102	0.0296302274	-0.0802852155	-0.0668688959	-0.1121577099	-0.0483754514	0.0834153493	-0.1491212901	-0.0160572391	0.1762054613	-0.024444469	-0.0074791217	-0.0967495948	0.1447907603	0.0250395322	-0.0591182502	-0.0048996568	0.1695617992	0.151578272	-0.1018112213	0.1963529701	0.0924091707	0.0553232755	0.0595390874	-0.0226847912	-0.0004278052	0.0925103419	0.0537795259	0.0058545208	-0.0201789087	-0.1831107514	-0.0247106504	-0.0851048038	-0.0621219121	-0.1192556646	-0.0241291625	0.1789538641	-0.0110185165	0.0976049148	-0.0870140749	0.0450769016	-0.0748101843	0.1146075699	0.14880593	0.0071310633	0.116718718	0.1713091334	-0.0980932951	-0.0366298792	0.1628128364	-0.0943122118	-0.0746308559	0.0283926257	-0.0897754767	0.0243987665	-0.0506569244	0.2505569277	-0.0423470297	-0.1856058828	-0.0299057577	-0.072432614	-0.0518874246	-0.2324410731	-0.1856223717	-0.0192116011	-0.0683959512	-0.2057799646	-0.0427203399	-0.085777109	-0.0755126215	0.0776143957	0.0153941688	-0.0852684233	0.0080667331	-0.0804450077	-0.1033401944	-0.0141533203	0.0367470789041988	0.0059062336403031	0.0013503478079914	3.488359581384804e-05	-0.1127810196114325	0.001899317934999	3.60740861820889e-06	0.0127195583845943	-0.0207370311386085	-0.0746154414765242	0.0004300244604436	0.0055674641067366	-0.0002709999715204	-0.0003930004031993	7.344098456405762e-08	1.5444931691481238e-07	-3.6971314898437406e-11	-7.055334094729914e-11	1.3668781253194196e-21	4.977773918825837e-21	-1.0119683492874553e-11	1.737106938598951e-12	1.0240799399595772e-22	3.01754051612862e-24	0.0	0.0	0.0	0.0	0.0	0.0
862.0350226897449	0.4528535720094169	0.2050763576816881	743104.380343709	1289.816859911073	2.884586334228516	8.320838319617906	1663627.5321108603	828.8172052701315	0.7015619277954102	0.4921891385320123	686937.9597517912	946.8202465928896	889.3787732044053	1.339193	27.41712	0.0666318012554083	0.033739978275971	-0.0569973143	0.1885753077	-0.0304523825	0.1432696652	0.0777252471	0.1487767075	0.0127288873	0.0477977234	0.0654023726	0.0726302181	0.1292822987	0.113643666	0.006329027	-0.0811540864	-0.0334020834	0.0061164043	0.1224468783	-0.0410992638	-0.2519441538	-0.0288811883	0.0761004231	-0.1245009703	-0.1077292398	0.2555957852	0.0462590747	0.0699616769	0.0517847108	0.0647066894	0.0511783167	-0.2155014591	0.036847975	0.0479852299	0.0310749727	-0.1625880344	-0.0528624571	-0.0665989931	0.1082250287	0.1238245074	0.097220665	-0.1467939276	-0.0585238213	0.0021967529	0.0807582114	0.0972870518	-0.1065460594	-0.1317761183	0.034382677	-0.1651606385	0.1684853613	0.0419127021	-0.1224934938	-0.0697047347	-0.232133273	0.0195544533	0.0865967533	-0.0583235356	-0.1177483345	0.0441132209	0.0018829445	-0.0131474029	0.2408701657	0.0980095209	0.1148789138	-0.0787517999	-0.0329950377	-0.2562311298	0.1630160588	-0.0937375745	-0.2101489147	-0.0985485081	-0.0775469118	-0.0271354681	-0.1286819778	-0.1042065945	0.0538009833	0.0893581232	0.1112189443	0.202432596	0.0378610596	-0.0951783089	-0.1074583966	-0.0028345346	0.0272855768277793	-0.0094615020764195	0.0007445027028246	8.952002154209056e-05	-0.0870993792601382	0.0256816403512943	0.0006595466511332	0.0075863018675013	-0.0314250469649124	-0.0106880158263038	0.0009875335767469	0.0001142336823033	-0.0001039999712276	0.0001670000002928	1.0815994015341628e-08	2.7889000097795204e-08	1.2944863181374444e-08	1.2981834496272882e-08	1.675694827845037e-16	1.6852802688862058e-16	-0.0002489998880202	-0.0002489998779005	6.200094423407212e-08	6.200093919447211e-08	0.0	0.0	0.0	0.0	0.0	0.0
862.482555809811	0.4475331200660548	0.2002858935560578	743876.1590762236	1288.3795304928185	-1.4373294182544214	2.065915856579593	1659921.814592895	827.1762127876282	-1.640992482503293	2.6928563276323207	684220.4870016836	946.5201637325216	891.7913896772596	1.527754	31.277517	0.0968428103873923	0.0647647439870087	0.0962584752	-0.1483231148	-0.0080546822	0.0239254644	0.1042300696	-0.0496593083	-0.0362790088	-0.137342391	-0.007169919	-0.2153776473	0.0325895516	-0.0068657539	0.0107109682	0.1495625172	0.0414949009	0.0336029404	-0.0689393203	-0.0415758542	-0.04028248	-0.074476575	-0.0303047336	-0.1710636903	0.0017274098	0.0281381077	0.1021109961	-0.0654055413	-0.012254479	0.1229883726	0.0333117923	0.2075043336	0.1259007272	0.0073621926	-0.0276579584	-0.183613133	0.1115922084	0.1001609565	-0.1337087575	-0.013661474	-0.106194739	0.0423767441	-0.0980044194	0.0127437023	0.020293509	0.1159760818	0.0783763369	-0.1234307432	-0.1305144456	-0.2131353453	0.1156148224	-0.0109874888	0.0060512066	-0.0936498009	0.1052152867	0.039226431	0.0818185592	-0.0098665602	-0.0556306439	-0.1099096903	0.1408579467	0.091095292	-0.0222941049	0.072261642	0.0743363057	-0.1712517324	0.1043637584	-0.0573707403	-0.0886764277	0.0801478374	0.0148245256	-0.13953861	-0.1793322831	0.0792711151	-0.0230171865	0.0366805205	0.1625724172	-0.2213413336	0.0431420845	0.2560982657	-0.0773348328	-0.130692771	-0.1114298236	0.0084997322	0.0220475988949573	-0.0052379779328219	0.0004860966170329	2.743641282473021e-05	-0.0948687804264096	-0.0077694011662714	6.036359448245952e-05	0.0090000854995943	0.0317580399609056	0.063183086925818	0.0010085731021584	0.0039921024734754	0.0001780003044255	0.0002820002756531	3.168410837557067e-08	7.952415546842437e-08	-3.387207203608966e-08	-4.6816935217464106e-08	1.1473172640180472e-15	2.191825423156231e-15	-0.0003799996826815	-0.0001309997946613	1.443997588380407e-07	1.7160946201302766e-08	0.0	0.0	0.0	1.0	0.0	0.0
864.5472239187437	2.0646681089327785	4.262854400044056	747441.9023856064	1292.855295865041	4.47576537222244	20.03247566718548	1671474.8160462826	828.3304177920023	1.1542050043741483	1.3321891921223277	686131.2810394731	946.9582801561676	882.8455256902007	1.50719	30.856506	0.0334833885057348	0.0180013042541101	-0.1185724688	0.108321913	0.1312437117	-0.0596074377	0.0762776865	0.1269305916	0.1112746998	0.1122853769	0.0505456096	-0.0448260982	0.1003613637	0.0492211573	0.0403362275	-0.1537283404	-0.1328131739	0.0858856986	-0.1458807639	0.1253942194	-0.1475040552	0.1616142324	-0.1115967751	-0.10874163	0.1720950562	-0.0511461832	0.1413510102	-0.0247502543	-0.0230632841	0.0486033298	0.0828936469	0.0933628775	0.1397496543	-0.0863526187	0.170945525	0.1275001535	-0.0338917359	-0.1370288004	0.1904121352	0.1487219517	-0.0323861924	0.0619575376	-0.032989558	-0.0703573631	0.0288984902	0.0022860439	0.0209348279	-0.003559275	-0.1054127678	-0.017221852	0.1263423516	0.0651951516	0.110215478	0.0760127966	0.1013909307	-0.0576279336	0.0065775093	0.0542087962	0.1756655923	-0.0249870324	0.066742732	0.0046556733	0.1954163252	0.0133168277	0.0620035835	-0.1262469478	0.1412276831	-0.0206482248	-0.0224800013	0.105536325	-0.0106886559	-0.0234904687	0.2092128776	-0.0019565022	-0.1045008542	0.1268127316	0.0255664733	0.014811723	-0.2310173502	0.0776138465	0.0807513146	0.0005900292	-0.1152490509	0.0197875765	0.0231162281833974	0.00106862928844	0.0005343600054268	1.1419685561119935e-06	-0.107116631906976	-0.0122478514805663	0.00015000986589	0.0114739728310945	0.0401246940851365	0.0083666541242308	0.0016099910754257	7.000090123450989e-05	0.0002519994703332	7.399916590770001e-05	6.350373304821336e-08	5.4758765550353115e-09	-2.7482097486597468e-08	6.389974549492194e-09	7.552656822628468e-16	4.083177474315797e-17	-0.0002180001663138	0.0001619995163676	4.7524072512844475e-08	2.624384330336869e-08	0.0	0.0	0.0	0.0	1.0	0.0
864.6292699215074	0.0820460027637182	0.006731546569504	747583.774404999	1292.5967900977944	-0.2585057672465609	0.0668252316997331	1670806.4617711217	827.4969600041708	-0.8334577878315486	0.6946518840970586	684751.2188161442	947.0435420975704	903.9949359636915	1.463896	29.970163	0.0769441003181416	0.0498812984008382	0.145381623	-0.0684441538	0.0616238072	-0.172564985	0.1191294844	-0.0146027284	-0.0145181432	-0.0311694384	0.1372097851	-0.1944555062	0.0020089341	-0.1017648282	-0.1624034721	0.1182563661	-0.0891873657	0.0002178595	-0.210943834	-0.1529333361	-0.1162035165	0.2027891673	-0.0496911962	-0.0089852524	-0.0757258863	-0.0527090031	-0.0061969163	0.0270783655	0.0777237417	-0.0674317913	-0.0090958417	0.0477110234	0.1733913711	0.2125863	0.0713894364	-0.2002552549	0.0105427912	0.1088515364	-0.0562154988	0.0950329828	-0.0696743725	0.2050483496	-0.0708210792	0.1221384298	-0.1556081961	0.0610864994	0.0533137717	0.0709667818	0.0069969176	-0.0576003598	0.154262454	-0.0673166684	-0.1844567591	-0.0383768603	0.0017189929	0.1455256796	0.001610922	-0.0662235212	0.1048348534	-0.1353495894	0.1158797608	-0.0814955259	-0.0693319427	-0.0174809767	0.076818857	-0.1265457296	0.1922890387	-0.061537394	-0.0424977493	-0.0917522739	0.0869852098	0.1986899204	-0.034171166	0.0486561793	-0.1082944196	0.0559462547	0.2387876049	-0.0382258934	-0.0434928043	0.0665772067	0.04926536	0.0519977045	-0.1189108618	0.0309673479	0.021374234061497	-0.0017419941219003	0.0004568578817156	3.0345435207355446e-06	-0.076866939107532	0.0302496927994439	0.0009150439144607	0.005908526327761	0.0005225428723747	-0.0396021512127617	2.730510534696021e-07	0.0015683303806784	0.0002949995782924	4.3000107959200026e-05	8.702475119269385e-08	1.849009284502857e-09	-2.2831308177373444e-08	4.650789309224024e-09	5.212686330901994e-16	2.1629841198792472e-17	-0.0001539996813816	6.400048493220001e-05	2.371590186563432e-08	4.096062071556761e-09	0.0	0.0	0.0	0.0	0.0	0.0
862.6492438014855	-1.9800261200219893	3.920503435969333	744163.7178312747	1296.5556112325417	3.958821134747268	15.672264776921644	1681056.4530185896	829.1034725507101	1.6065125465393066	2.580882562188208	687412.568195646	950.6368995980824	897.0367970546889	1.440146	29.483934	0.0725587431922736	0.0469813803516233	-0.1306274227	0.0158664638	0.0568218736	-0.1153505108	-0.1132583759	-0.0132198194	-0.1405729863	0.2004335087	0.0601259499	0.036139845	-0.11511974	-0.0646442242	-0.1291792354	-0.180422281	-0.0625608532	0.1242550732	-0.0401355491	-0.1055584268	0.0609563122	0.1017154216	0.0350309925	-0.0375726214	-0.0296754745	-0.2317245316	0.1022624582	-0.0475096106	-0.0535355548	0.1979211964	0.0576024275	0.0123707024	-0.1232365719	-0.1359730466	-0.1025313773	0.1016134633	-0.0336856522	0.0287828028	0.1392161754	-0.1096591353	0.0988603119	0.1871150581	0.1706230859	0.0220367345	-0.030876166	0.0242533493	0.0983926633	0.0301817815	0.0227404871	0.0001864615	0.0492779077	-0.1600780692	-0.0005741311	0.0671364775	0.1597292076	-0.0954425003	0.0118917269	-5.47014e-05	0.1972430856	0.0621862516	0.0009435484	0.0285605801	0.0004756763	-0.0187106363	0.0937860649	0.0790752929	0.2130393136	0.035657077	0.0232231411	-0.0253744076	0.1562728534	0.0886962055	-0.0512105658	-0.0696615525	0.0368286874	0.0413792265	-0.1244824012	0.2339938375	0.0991246644	0.153643491	0.0398098308	-0.1212252476	-0.1224102548	0.0419779864	0.0193641221376026	-0.0020101119238944	0.0003749692261599	4.040549946582448e-06	-0.1015728232843571	-0.024705884176825	0.0006103807129586	0.0103170384299552	0.040165199135302	0.0396426562629272	0.0016132432215784	0.0015715401955806	0.0003909998150262	9.60002367338e-05	1.5288085535052262e-07	9.21604545294564e-09	-2.465565951403904e-08	-1.8243513366655925e-09	6.079015460722237e-16	3.328257799593535e-18	-0.0001259999258942	2.7999755487400003e-05	1.5875981325343893e-08	7.839863073541865e-10	0.0	0.0	0.0	0.0	0.0	0.0
861.504276608119	-1.1449671933664831	1.3109498738855216	742189.6186140784	1289.1822313272728	-7.373379905268848	54.36673122742245	1661990.825569966	828.6371431350708	-0.4663294156392794	0.2174631238904718	686639.5149830518	949.2711966725324	901.749201880561	1.440038	29.481724	0.0461771173126683	0.0321289373939387	0.1559970729	-0.0445183871	-0.1360669469	-0.1309985523	0.0316849383	-0.0228545746	-0.116616814	-0.1195684235	0.0171239681	0.0269127461	-0.1235481014	-0.02844265	-0.15726196	0.0401226078	-0.1597178548	0.0822185525	-0.0093065576	-0.0722138169	0.180447155	-0.0985770468	0.1132431072	0.2912597046	0.0707348351	-0.0707075587	-0.0450395144	-0.0833624237	0.1261070447	0.0690700565	-0.1476795845	0.1228587295	0.1166597414	-0.0328051105	-0.1131106348	-0.0058101525	-0.0068368652	0.1476215368	-0.1551759967	-0.0337127876	0.1247920775	0.0982824256	0.0159913886	0.008234576	-0.1218497358	-0.0789282706	0.0123787226	0.0487021854	0.0605309657	0.1132140338	-0.2213627533	-0.181262439	-0.0201460251	-0.0255452281	0.2999217011	-0.2500244063	-0.0197351272	0.1023613837	0.048615502	0.0110856864	0.0394506871	-0.1386375541	-0.2193930384	-0.1265455728	0.0271262702	0.0617585937	0.0237338871	-0.0663035529	-0.0730151073	-0.1032776376	0.0672233924	-0.0154649196	0.0418165899	0.1854081974	0.1486485434	-0.1189644038	0.0001374441	0.1197044957	-0.0108662158	0.0797257383	0.264277452	-0.0529930934	-0.1257424501	0.0527593557	0.0184173746736604	-0.0009467474639422	0.0003391996898699	8.963307604809908e-07	-0.1323119090392879	-0.0307390857549308	0.0009448913930489	0.0175064412736207	0.0400751303449027	-9.006879039930027e-05	0.0016060160721609	8.112387003993085e-09	0.000229000126672	-0.0001619996883542	5.244105801579205e-08	2.6243899026857933e-08	1.2675194227540487e-11	2.4668334708266577e-08	1.6066054870587569e-22	6.085267372790695e-16	2.348481236140888e-11	0.000125999949379	5.515364116505834e-22	1.5875987243513683e-08	0.0	0.0	0.0	0.0	0.0	0.0
861.0980220212866	-0.4062545868323468	0.1650427893223208	741489.8035289722	1289.83851594745	0.6562846201773027	0.4307095026812665	1663683.3972215203	826.7742927869161	-1.8628503481546657	3.47021141961996	683555.7312133054	949.2484678347012	891.9337448114497	1.390375	28.464975	0.0113426612641206	0.0070900238091995	-0.1108942061	0.0358422063	-0.0419573589	-0.031394708	-0.1356647011	0.0745351161	-0.0845003987	0.0375945538	-0.0656440239	0.1113432024	-0.1097169913	0.1791128129	-0.0226357387	-0.1749797714	-0.1000355133	-0.1220115047	0.0528052764	0.1232601222	-0.0443096919	-0.1591779741	-0.0057323696	0.1179065142	-0.0864668113	-0.00983639	-0.1086784448	-0.0108029875	-0.2209284481	0.0412873879	-0.0932815702	-0.0551395264	0.2165115942	0.0867999185	0.1590381475	0.1081261735	-0.0191985721	-0.0421132435	0.0468347771	-0.0968842466	0.1693785048	-0.0937990321	0.1087966295	-0.1266321579	-0.037267243	0.023367789	0.0810360577	-0.0026877008	-0.0513921223	-0.0482714666	-0.1322309083	-0.2280328932	0.0956537369	-0.1970970657	0.0493036026	0.0979740774	-0.0245439066	0.0817293254	0.0090811531	0.2077588062	-0.1189061589	0.0105342326	-0.0379977084	-0.0278154095	0.0723996171	0.1115354745	0.1476737051	-0.0350465119	0.0067812914	0.0372484021	0.046008242	-0.094218775	-0.0201972364	0.0317808449	0.1651153558	-0.1073193985	0.0237194299	-0.0555921545	0.1582173367	-0.1412328104	0.0837151056	0.0741664232	-0.1289028963	0.0632525717	0.0139235278615927	-0.0044938468120676	0.0001938646281125	2.019465917033102e-05	-0.127326565495494	0.0049853435437939	2.485365024964754e-05	0.0162120542808783	0.0401385912366976	6.346089179490311e-05	0.0016111065064666	4.0272847874044e-09	0.0001929999687342	-3.60001579378e-05	3.7248987931402184e-08	1.2960113715465443e-09	4.2694514590380095e-11	3.001932036283961e-11	1.8228215761081788e-21	9.011595950467969e-22	1.1112649998335292e-11	-1.2372162363073587e-11	1.2349098998550136e-22	1.530704015382546e-22	0.0	0.0	0.0	0.0	0.0	0.0
861.4458823342225	0.3478603129358362	0.1210067973158178	742089.008190587	1281.9600187337624	-7.878497213687751	62.07071834608566	1643421.4896318684	826.5427819887797	-0.231510798136469	0.0535972496537849	683172.9704577513	946.9462459578496	897.5447471214063	1.336084	27.353481	0.077393356492904	0.0416823306075639	0.1321723047	-0.0775878643	-0.087463335	0.0253370241	0.0345526782	0.0431019179	-0.0398710604	-0.2092689407	-0.13825705	0.0002489424	0.0211755951	0.091778511	0.0103558093	0.1745694989	0.0435553933	-0.0778012956	0.1208305392	0.0900520937	-0.088080417	-0.0878178941	-0.2104545472	0.0550685548	-0.0617887536	-0.081074967	0.0067771785	0.0467316511	0.0016746037	-0.1081638073	-0.0457361024	0.1093661423	-0.0776690151	-0.0451827882	0.0145629652	0.1214935549	-0.0077852265	0.0083828799	-0.1914984597	-0.0395705977	0.0379143336	-0.121715904	-0.1026730559	-0.0425395354	0.0629663499	0.1019152503	0.0673752345	0.0293942945	-0.0375775736	-0.0996725121	-0.1412050143	-0.1146674714	0.0498945701	0.0636592645	-0.0024699515	-0.0242895365	-0.108665131	-0.0026578053	-0.1706778269	0.0316114375	0.0497171336	0.0008275502	-0.124060374	-0.0953493693	0.0269417859	-0.0392469712	0.1334093883	-0.0922050404	-0.126679782	0.0624318901	0.0641007175	0.0154083746	-0.2342393466	0.0792876235	0.0955830813	0.0229167388	0.0565705727	0.0264997962	0.1363292896	-0.0730790245	-0.1064004573	0.1089035742	-0.1318872767	0.0734003241	0.0173660952476666	0.0034425673860739	0.000301581264151	1.185127020765969e-05	-0.1056543212008449	0.0216722442946491	0.0004696861727669	0.0111628355884113	0.0086114554728879	-0.0315271357638097	7.415716536153096e-05	0.0009939602894696	0.0004929998505793	0.0002999998818451	2.430488526712121e-07	8.999992910707397e-08	0.0001149999943135	0.0001149999516189	1.3224998692105031e-08	1.3224988872368984e-08	-2.8336390691622186e-08	-2.834750334162052e-08	8.029510374282525e-16	8.035809457031866e-16	0.0	0.0	0.0	0.0	0.0	0.0
861.8327614217635	0.3868790875410468	0.1496754283765929	742755.7086598623	1289.9242479576255	7.964229223863185	63.4289471302364	1663904.565469046	827.0295287768046	0.4867467880249023	0.2369224356525592	683977.8414687834	949.1159054045372	890.7122013143418	1.363597	27.916739	0.0530172998550213	0.0321415513680395	-0.1449002873	0.0125322953	-0.0750661549	-0.1052993508	-0.0820144954	0.0121752366	-0.1348954236	0.1210288768	-0.082908414	-0.0379332899	-0.0012763912	0.0091995085	0.1910596401	-0.1162734598	-0.0039309441	-0.0866866187	0.0788949447	0.0507491427	-0.0927445085	-0.0121618309	0.0447000042	0.0738129735	-0.0190389232	-0.0035612382	-0.1058819184	-0.1177319564	-0.1206840892	0.0015150233	-0.076464199	-0.0877370088	-0.174427557	0.2210165242	-0.043443694	-0.0503182335	0.0313673264	0.221474109	0.0652306395	-0.1461311935	0.1022383548	-0.0524586875	-0.0269593897	-0.0427392077	0.0970212174	-0.0629426766	0.1844702157	0.0449193124	0.0212528725	-0.0803262465	-0.0182608305	-0.0003546795	-0.0544978036	-0.1356043174	-0.0486846278	0.0440512995	-0.0155038057	-0.0186178799	-0.0545070628	0.1692138009	-0.0922563403	0.1038889806	0.0040153667	-0.0639896407	0.0128770194	0.1261427686	0.1648323053	0.0492067547	-0.1104940685	0.0417591805	0.0403006392	-0.071920019	-0.0704145772	0.0514218371	0.2408265895	0.035847719	0.107370435	0.0545331645	0.2024531046	-0.0376160104	-0.1172320107	-0.033421368	-0.1346915149	0.0831471893	0.0186218743681223	0.0012557791204556	0.0003467742049821	1.5769811993724903e-06	-0.1134678822380124	-0.0078135610371674	6.105173608154186e-05	0.0128749602995794	0.0376580056624362	0.0290465501895482	0.001418125390472	0.0008437020779139	0.0003099999832982	-0.000182999867281	9.609998964488429e-08	3.34889514249002e-08	3.128874936919601e-11	-0.0001149999630247	9.789858370883638e-22	1.3224991495694012e-08	2.3460455176845318e-11	2.835985114679903e-08	5.503929571047684e-22	8.042811570685983e-16	0.0	0.0	0.0	0.0	0.0	0.0
861.1141913926508	-0.7185700291126977	0.5163428867390233	741517.6506178188	1280.442692738659	-9.481555218966603	89.89988937031286	1639533.4893878277	826.4490965207418	-0.5804322560627497	0.3369016038780935	683018.1091399505	946.3125388041864	893.8112007391574	1.352788	27.69545	0.0592721353971935	0.0384974980087527	0.0834525676	0.171139377	-0.1498655246	0.0751292047	0.0307828311	0.0829722005	-0.0064029155	-0.159048554	-0.0393462276	0.1576089952	0.0121109796	-0.0295912814	0.2075018071	0.057267417	-0.0880392252	-0.083244585	-0.0062725035	0.2087115614	-0.0276637684	0.0040257248	-0.1076199585	0.0307204416	0.0487375617	-0.0322890783	-0.0103355385	-0.1150273979	0.2292375473	-0.0055253407	-0.3596551589	-0.1293751222	-0.007322311	-0.0385746561	0.1403942985	0.0017444727	-0.0077358745	-0.1334326913	-0.0994009432	0.0641247964	0.0887322006	-0.0724460344	-0.0956683912	-0.1016893507	0.0613129829	-0.1413220139	0.0336246631	-0.033314321	0.1436264235	0.1398379181	-0.1120213181	0.0549198244	0.0011021042	-0.2111839734	-0.1732439486	0.1021554796	0.006995873	0.0206508877	-0.1696149895	0.0476115908	0.0709137666	-0.0492523097	0.0873282652	-0.1686323664	-0.0152410317	0.1041363906	-0.0135790336	0.0366860896	-0.0685330694	-0.0598752387	-0.1350432001	-0.0050442476	0.0690313856	-0.0711897162	0.1258015329	-0.0266335783	-0.0984639866	-0.1607470792	0.1098973469	-0.1220991491	-0.3044601589	0.1465613611	-0.1373117808	0.0924399334	0.013926217428505	-0.0046956569396173	0.0001939395318659	2.204919409457611e-05	-0.1060848851543596	0.0073829970836527	5.450864593722568e-05	0.0112540028582136	0.0034645175686449	-0.0341934880937912	1.200288198344917e-05	0.0011691946280202	0.0005699998127333	0.0002599998294351	3.248997865159971e-07	6.759991130628108e-08	2.2135626664976368e-11	-9.153122704219644e-12	4.8998596785121285e-22	8.377965523850112e-23	-3.5539662575703734e-12	-2.701442143441569e-11	1.2630676159948767e-23	7.297789654362181e-22	0.0	0.0	0.0	0.0	0.0	0.0
861.850367318498	0.736175925847192	0.5419549937969704	742786.0556470299	1289.7450575198768	9.302364781217875	86.53399052284269	1663442.3133969505	827.3621411323547	0.9130446116129178	0.833650462795384	684528.1125791145	947.2162787905346	885.9066882502751	1.386277	28.381075	0.0223311346917267	0.01404263896396	-0.0163519955	-0.1484568807	-0.0228482955	0.1841786984	0.0488659252	-0.1616211762	0.0082103498	-0.0124355632	-0.1352399505	-0.0706401087	0.1234835551	-0.0178644685	-0.0022100425	0.0594567373	0.2434105908	0.0731361212	0.0146399455	0.1241520912	0.1539363562	-0.115776289	-0.0328657603	0.014213887	0.1890514788	0.1040096364	-0.0629925424	-0.0125330938	0.0184829143	-0.0320774607	-0.1327799105	0.0602752472	-0.0838012977	0.1109131449	-0.0769312591	-0.1385468155	-0.1393529757	-0.0214622702	-0.0327525231	-0.1605558854	-0.1781303217	0.011770122	-0.0770823534	0.0135872219	0.2116675715	-0.0816517737	-0.1549570417	-0.0216344284	0.0469218762	0.1425619673	-0.102543377	-0.0546622999	0.1127257144	-0.0577635976	0.0246791049	0.0306205204	-0.078288259	0.0480086099	-0.034253384	-0.0788054823	0.0146594365	0.200771236	-0.0569959426	-0.0087728434	-0.0772708486	-0.0365133736	-0.0341295289	0.066200612	-0.0328495676	0.0202397174	-0.1708191134	0.1048935177	0.0729774658	0.0959077935	0.2373510556	0.0327974384	-0.0218054743	0.0306711704	0.0677175112	-0.0345798958	0.0211400119	-0.0306911106	-0.1397444952	0.1012278027	0.0139412573704049	1.5039941899899769e-05	0.0001943586570678	2.2619985235236058e-10	-0.0946599905684308	0.0114248945859287	0.0001305282162995	0.0089605138144154	0.0018746722927147	-0.0015898452759302	3.5143962050721904e-06	2.527608001397574e-06	0.000492999525241	-7.700028749229996e-05	2.430485318878514e-07	5.9290442738968464e-09	-2.6860327295707972e-08	-2.6882462922372945e-08	7.214771824325545e-16	7.226668127727561e-16	-0.0001089999313581	-0.0001089999278041	1.1880985036070512e-08	1.1880984261306368e-08	0.0	0.0	0.0	0.0	0.0	0.0
862.5480435196254	0.697676201127365	0.4867520816195114	743989.1273795335	1287.3884910727447	-2.356566447132081	5.553405419748722	1657369.1269465585	827.8859842618307	0.5238431294759494	0.2744116242991562	685395.2029371802	946.3304274769758	877.2170893198713	1.283933	26.285803	0.0951609646473824	0.0532198623110354	-0.1296221979	0.0717751678	0.0036458167	-0.0475752462	-0.0037720765	0.1310514318	0.0525578538	0.0773997033	0.0310969586	0.0687818254	0.0903591553	-0.0311870234	0.0669143664	-0.1140627334	-0.0155249662	0.0820955247	0.0138364265	0.1892843844	-0.0610965703	-0.0732694164	0.1100350165	0.0773806437	0.034873293	0.0189376087	0.0451142111	-0.0690280714	0.0836635388	-0.084102553	0.0432933004	0.072703684	-0.0808075619	-0.0967874248	-0.0522187687	-0.1477281735	-0.0227232819	0.0077856701	0.1567664313	0.0949988113	0.0204956592	-0.0338660587	0.0098596924	-0.0729477134	0.0314016766	-0.0017409433	-0.0834359206	-0.1584158601	-0.0710564604	0.0079528595	-0.1045692376	0.1090085589	0.0066260744	0.1034994341	0.0991709627	-0.1444580623	-0.0698779769	-0.1281140043	0.1562326263	0.0061628493	-0.0732896668	-0.0116820028	0.1262071247	-0.0884434898	-0.177875213	0.0545917596	0.0018742803	-0.0316080896	-0.0101041305	0.1781641579	-0.0761111137	-0.0633726592	0.0734506411	0.1351891672	0.1027420478	0.1645272657	-0.0120823654	0.0172986749	0.0424884011	-0.040395556	0.0036687134	-0.017754878	-0.1419863355	0.1094628008	0.0139239652108074	-1.7292159597500495e-05	0.0001938768071917	2.9901878354542847e-10	-0.1290206909157092	-0.0343607003472783	0.0011806577283554	0.0166463386843669	0.0352563306413173	0.0333816583486026	0.0012430088502898	0.0011143351141028	5.400004159176251e-05	-0.0004389994836492	2.9160044919120807e-09	1.927205466442972e-07	2.519318087479405e-12	2.6862846613795448e-08	6.3469636259008866e-24	7.216125281963015e-16	-2.0158721764887595e-12	0.0001089999293422	4.063740631941528e-24	1.1880984596610658e-08	0.0	0.0	0.0	0.0	0.0	0.0
864.3095675600705	1.7615240404451242	3.1029669450661155	747031.028575876	1282.5703545336453	-4.8181365390994415	23.214439709405145	1644986.7143285605	828.7193571726481	0.8333729108173884	0.6945104084842468	686775.7729526471	946.9212486181366	895.5634706156824	1.415494	28.979223	0.093551373457968	0.0626874933548064	0.1596188411	0.081082483	0.1667715386	-0.0269683629	-0.1118891029	0.03695992	0.0639645601	-0.1083051766	0.193553819	-0.0667421498	-0.0485533273	-0.0440297117	0.0100564181	0.1228083816	-0.1428632156	0.1791607736	0.0738453735	-0.0992564505	-0.1130244486	-0.1291479247	-0.0705810568	0.1265120791	0.1848984674	-0.0335297028	-0.1246128999	-0.1090387087	-0.1515334583	0.0695949869	0.1908379622	-0.1427563544	0.09857775	0.1113785681	0.0235275357	0.1378514912	-0.0392879218	-0.2094308887	-0.0413475069	0.1627776131	0.011552491	0.0660731709	-0.0057483776	0.1470913997	0.0320988004	0.0363117028	0.1298467544	0.0101565662	-0.0634205507	0.0965858143	-0.09015253	0.0559983929	0.2703633457	-0.0373383885	-0.1070639226	0.0753999698	-0.1106403855	-0.0018321192	-0.0601849776	-0.0737939268	-0.1105027532	-0.2189686984	0.0121147558	0.0059886657	-0.15011487	0.0029300469	0.0294794991	0.0384272586	0.0577071732	-0.0607712476	0.0607848213	0.0602031064	-0.0075315274	-0.1304584344	0.0466500244	-0.0726534021	-0.1650042649	-0.2102625659	0.0128979934	-0.1635480695	-0.0540159429	-0.22248026	-0.1440342395	0.1170999511	0.0198135350739647	0.0058895698631573	0.0003925761721272	3.468703317301069e-05	-0.1361706227634158	-0.0071499318477065	5.112152542684909e-05	0.0185424385037764	-0.0253055444956373	-0.0605618751369546	0.0006403705822206	0.003667740720104	-0.000344999858848	-0.0003989999004397	1.1902490260513995e-07	1.592009205509404e-07	-1.8900436771218665e-12	-4.409361764601272e-12	3.572265101428346e-24	1.944247117112764e-23	2.5337994750311912e-11	2.7353866926800672e-11	6.420139779668342e-22	7.482340358491196e-22	0.0	0.0	0.0	0.0	0.0	0.0
862.6487715359136	-1.6607960241568662	2.758243433855254	744162.9030324209	1287.3412622415794	4.770907707934157	22.76156035762555	1657247.525469743	828.1695591608683	-0.5497980117797852	0.3022778537570048	685864.818720707	946.8727183252684	891.7510805611658	1.146414	23.47039	0.0636428288953963	0.0396793099635657	0.1334846067	-0.0572966933	0.0998541804	-0.0143612637	-0.10555513	-0.1627337173	0.0264432685	-0.0235063519	0.1240266323	0.0391445505	-0.0318726888	0.0851993717	-0.0484984193	0.1046418387	-0.0108493655	0.0516616112	0.0823398411	-0.0615142579	0.0068287308	-0.043328724	-0.0588419884	-0.0374808154	-0.172883936	0.0066905542	-0.171214345	0.1212374941	-0.0246673064	0.0363329861	0.1124869841	0.0854218713	0.0646268878	-0.2599328834	0.0087113114	-0.1115367502	-0.0559795024	0.1460167582	-0.1146136363	0.0684172749	-0.0453574672	0.0205220015	0.1833455664	0.0035266029	0.0728360459	0.0543202105	0.0867618117	-0.0611724779	-0.0268051173	-0.0709990953	0.0219336574	0.0153234022	-0.0306825672	0.1392470867	-0.1022474527	0.0522538164	0.0151516202	-0.0385919147	-0.1636919924	-0.1250023553	0.0073346204	-0.0242032821	-0.0022340046	0.0470238465	-0.0961137759	0.0461764988	0.1123139647	0.0973913876	0.1225354435	0.1321982265	0.0910692173	0.0263381086	0.1018514244	-0.0221412758	-0.1396599373	-0.1700989638	0.169378612	0.0352067643	0.0386614392	-0.0633701195	-0.0606374852	0.0029676819	-0.1458854101	0.124097542	0.013954987063073	-0.0058585480108916	0.0001947416639305	3.432258479592308e-05	-0.0997621631589567	0.0364084596044591	0.0013255759307695	0.0099524891981542	-0.0241297182990791	0.0011758261965582	0.0005822433051929	1.3825672445125266e-06	1.0000016458123797e-06	0.0003459998604938	1.000003291627468e-12	1.1971590346173762e-07	-1.871836019518014e-11	-1.6828316518058273e-11	3.5037700839650426e-22	2.831922368319529e-22	-5.7999999009623735e-05	-5.8000024347618485e-05	3.3639998851163543e-09	3.364002824324337e-09	0.0	0.0	0.0	0.0	0.0	0.0
863.947315869782	1.2985443338683351	1.6862173870215589	746404.9645986008	1291.7049330945283	4.363670852948872	19.041623312875533	1668501.6341807398	827.8865303993225	-0.2830287615457791	0.0801052798621375	685396.1072166284	947.3403797935456	882.4339532868228	1.377384	28.199015	0.1105081333257033	0.0733500025437744	-0.0934348254	-0.0195950604	0.0488746734	0.0109625651	0.0800056051	-0.0968522869	0.028169069	0.1682489766	-0.054136311	-0.0931733288	0.1344539019	0.0995353721	0.1408590909	-0.09430661	0.0653629217	0.0591902968	-0.1174611794	0.0148634884	0.1508376516	-0.0871895723	-0.1164749179	-0.0735414101	-0.0426863611	-0.0810074905	0.0479693225	0.1071150389	-0.1288353745	-0.114635877	0.0160850414	0.069984149	-0.1961500741	0.0801592037	0.2014215254	-0.2071720101	0.2862001192	0.0777660255	0.1151481159	-0.0884975216	-0.1251994815	0.0754747496	0.0085224194	-0.0201237184	0.1268566191	-0.0781398027	0.0649714862	0.0791380864	-0.1128063077	-0.0020281638	-0.1120531465	0.0675551384	-0.1296547524	0.241204503	-0.0104131461	0.1418243444	0.2577009945	0.0081130928	0.1141873656	-0.076545749	0.0171038974	0.097826102	0.1228470764	0.0446267396	-0.0821520912	-0.0348564774	0.0555357098	0.2453921288	-0.1440632914	0.0391558789	0.0071303262	-0.0779032696	0.0977290865	0.1808342101	-0.155337278	-0.048790897	-0.0856309139	0.1440400682	0.0424242041	-0.019330651	-0.0306268315	-0.1187180221	-0.1475373187	0.1304173552	0.0139603720930523	5.385029979300404e-06	0.0001948919889764	2.8998547877964107e-11	-0.1349772423946831	-0.0352150792357263	0.0012401018055784	0.018218855964473	0.0383079469905283	0.0624376652896074	0.0014674988026291	0.003898462046817	9.999933039633548e-07	-8.341849024826606e-12	9.999866079715463e-13	6.95864451530006e-23	1.4432677275522107e-10	1.630451329504012e-10	2.0830217333937223e-20	2.6583715378814007e-20	0.0001989999050112	0.0002569999040208	3.9600962194466634e-08	6.604895066671263e-08	0.0	0.0	0.0	0.0	0.0	0.0
866.4725034527974	2.525187583015395	6.376572329415132	750774.5992397579	1288.1918966185372	-3.513036475991157	12.34142528164437	1659438.362513664	829.6511405309042	1.7646101315816622	3.1138489164806518	688321.01498423	947.8337805672978	902.48520058253	1.474143	30.179941	0.0987589412429806	0.0516062916176405	0.0870827099	0.1525456191	0.048037297	-0.1247204604	0.1673988794	0.0603939563	0.0533363952	-0.0051126002	0.1942231527	-0.0629974534	-0.0455913603	-0.1373884126	-0.0030162916	0.0588983074	-0.1122431394	0.0963501981	0.0155691414	-0.14214712	-0.0542855398	0.2346273127	0.0690018753	0.0820255346	0.057534626	0.0131491767	-0.0244274602	0.0682957111	0.0194513323	-0.1196301735	0.0116196617	-0.0041328971	0.0817142834	0.1067783133	-0.0619841421	-0.1018707161	0.1480664639	-0.0380610838	0.0209478779	0.1834539537	0.0175800718	0.1611281704	-0.0933508172	0.1703926351	-0.0976970808	-0.1252608156	0.0136016034	0.0742529248	0.1593200251	0.1077849465	-0.0748528922	0.1246578807	-0.0983441902	-0.0116756944	0.02735324	0.0538024714	-0.0945265609	0.0628108401	0.1015590515	-0.1340041621	-0.0061467688	-0.2015897004	0.0903113411	-0.0582042592	-0.0669219193	-0.0014477779	0.0680783831	0.0728744022	-0.0259273274	-0.1957738875	-0.0919014302	0.0266184723	0.1938760193	0.0676734605	-0.0984066795	0.0759899886	-0.1967870692	0.0165262569	0.0342723123	0.1865265706	-0.1510905229	0.2771218138	-0.1489877092	0.136024874	0.0138810694324718	-7.930266058049987e-05	0.0001926840885891	6.288911975145967e-09	-0.1179764475045459	0.0170007948901371	0.0002890270268965	0.0139184421657928	0.002478226736315	-0.0358297202542133	6.141607756586496e-06	0.0012837688534951	0.0005249950861484	0.0005239950928444	2.75619840479966e-07	2.745708573250498e-07	-0.0001210191155456	-0.0001210192598723	1.4645626327439284e-08	1.4645661260056891e-08	-7.296821103298386e-05	-0.0002719681160441	5.324359821354068e-09	7.396665614462267e-08	0.0	0.0	0.0	0.0	0.0	0.0
863.386544644696	-3.085958808101396	9.523141765298584	745436.3254735075	1289.7801126444117	1.5882160258745444	2.5224301448447317	1663532.7389730313	828.5682654380798	-1.082875092824338	1.172618466659319	686525.3704910683	949.8172212522128	907.878611156836	1.413682	28.942135	0.0230517055445669	0.0122550169803596	0.1258178436	0.0005896046	0.139817978	-0.0219529364	-0.2791538071	-0.2144401211	-0.0265338756	0.1040635912	0.2889535727	0.128384853	-0.2091152063	-0.0575590476	-0.1609505335	0.1129078341	-0.0474312112	0.0507821219	-0.004599877	-0.2292212053	0.099989862	-0.1047538439	0.0508095213	-0.2083532172	0.0153970626	-0.0501604017	0.2328355865	-0.1374333009	-0.0264539828	0.0496724213	0.090915517	-0.0619895058	0.1172278782	-0.0766555156	-0.1552560046	0.0773716457	-0.2118396134	-0.0616150427	-0.1196482152	-0.0021526858	0.051131938	0.1789707165	0.349248065	0.0956883476	-0.0871933289	-0.0086359903	-0.1156737826	0.0017034098	0.0811814235	-0.0801745897	-0.0105158535	0.1249265972	-0.0630417523	0.1388288552	0.058160027	-0.0659875053	-0.167424651	0.0514875516	-0.0383691752	-0.0993022725	-0.091945925	-0.164461872	-0.1142368748	0.0619612601	0.0327417437	0.1411753319	0.1444460684	0.1083539483	0.2836784849	0.0075861184	-0.1282297249	0.1105892418	-0.0013711568	-0.1190861592	-0.1064124829	-0.078973614	0.0792191384	0.0220705406	-0.0402232304	-0.0562411962	0.0732571208	0.0530058171	-0.1502346003	0.1408894722	0.0139030127218546	2.1943289382798936e-05	0.000193293762744	4.815079489372564e-10	-0.1080615501602011	0.0099148973443448	9.830518934889574e-05	0.0116772986230256	-0.0004351667377591	-0.002913393474074	1.893700896518973e-07	8.487861534777552e-06	0.0005919999854228	6.700489927439991e-05	3.5046398274059534e-07	4.489656526772478e-09	-2.6334219249690705e-08	0.0001209927813263	6.934911034907806e-16	1.4639253133086024e-08	-8.899995916753943e-05	-1.6031748134555563e-05	7.920992731823686e-09	2.570169482498258e-10	0.0	0.0	0.0	0.0	0.0	0.0
860.964207893445	-2.422336751251009	5.867715336461295	741259.3672735872	1285.9858607885972	-3.7942518558145366	14.396347145352054	1653759.634148189	825.9817670186361	-2.5864984194437284	6.689974073784905	682245.8794472285	946.3960218250976	904.9448377823188	1.203265	24.634293	0.037268432535645	0.0219781163649599	0.1604595328	-0.0691342679	-0.0246987906	0.02851139	-0.2046634815	-0.1413695776	0.0267893472	-0.0639975415	0.0228177454	0.1865694616	-0.029668728	0.0757501562	-0.0377939369	0.1071411088	-0.0883073081	-0.1673661381	0.0087771718	-0.0448524322	0.04841313	-0.0559486907	0.0047493287	-0.0326225208	-0.2504943719	0.0175459301	0.1251798469	0.0281203766	0.0016517962	-0.0891243631	0.1053097291	-0.0448926522	0.0070982959	0.0063710217	-0.0251519627	0.115840039	0.0155612471	-0.1379361296	-0.1905782966	0.038500572	0.0711623657	-0.0503358262	0.267244472	-0.1955055532	-0.101818234	0.0696930273	-0.0070388167	0.027531159	-0.0105688255	-0.1551820352	-0.0711009056	0.075921012	-0.0776801551	0.1409464791	-0.1906211234	-0.0641125891	0.1096749353	0.0336048165	-0.1655704752	-0.05862161	-0.0185819786	-0.0663702002	-0.1366944933	0.0370840501	0.1076328508	0.1542998914	0.0492272287	0.0419034779	0.1750454233	0.1643675127	0.0202908396	-0.200282221	-0.0049665485	-0.0840309473	-0.1758796274	-0.0035312704	0.0818239803	0.0803610249	-0.0385494956	-0.1061565787	-0.0274508614	-0.0221118804	-0.151276289	0.1449845808	0.0312931017098776	0.0173900889880229	0.0009792582146247	0.0003024151950113	-0.1189024995386205	-0.0108409493784194	0.0001175261834254	0.0141378043965316	-0.0004721302704098	-3.6963532650700014e-05	2.229069922372309e-07	1.366302746019366e-09	0.0004139997065314	-0.0001780002788913	1.713957570080853e-07	3.168409928541617e-08	-1.7991306000553212e-08	8.342913249137492e-09	3.23687091605542e-16	6.960420148263392e-17	-8.699996824115052e-05	1.99999092638891e-06	7.568994473961198e-09	3.99996370563797e-12	0.0	0.0	0.0	0.0	0.0	0.0
861.9870900925563	1.0228821991113364	1.0462879932588436	743021.7434862327	1284.916863711375	-1.0689970772220931	1.142754751109378	1651011.3466498763	826.1777412096659	0.1959741910297907	0.0384058835497809	682569.6600703057	944.391227722168	881.3055243154969	1.388754	28.43178	0.1132174767967377	0.0615953397480327	-0.0299299067	-0.1355607691	0.0120795956	0.1520816447	0.0866142424	-0.1115728647	0.1025071756	-0.0092833928	-0.1530849509	-0.0069408971	0.0660688855	0.1031071482	0.0485705674	0.0666571452	0.1557324738	-0.0544209751	0.0860654138	0.1034395193	0.2204809677	0.0968878687	-0.0874256595	-0.1539255712	-0.1599049867	0.0195903003	0.0530171689	0.2322618358	-0.0955549707	0.124662384	-0.0957351979	-0.1990682729	0.0159286222	-0.0483859432	-0.0429887485	0.033828286	-0.0080361583	0.0008993234	-0.0048766652	-0.0659061049	-0.2193772018	-0.1374802457	0.0285437459	-0.0368070408	0.1203959107	-0.0500959592	-0.0409872657	0.1436697193	0.0373533063	-0.0229538067	0.1638372849	-0.1564392038	-0.0589460246	-0.0915512503	-0.1661197912	-0.0848445484	0.0630867972	0.1181500257	-0.1334899499	-0.0881071456	-0.0339761612	0.1817092706	-0.0123254699	0.0450678918	0.2103106207	-0.1179323715	-0.1272751033	0.0269820774	0.0293269232	-0.0168840017	-0.0005331639	-0.0265695717	0.0888934562	0.0014409504	-0.0564322539	-0.0331585038	-0.1138869067	-0.071789083	0.0820460376	-0.0737798791	0.2233880248	-0.1047571326	-0.1521113526	0.148287834	0.0140481964107834	-0.0172449052990942	0.0001973518223959	0.0002973867587747	-0.1094139630233428	0.0094885365152777	9.00323252017583e-05	0.0119714153044734	-0.0408073631896428	-0.040335232919233	0.0016652408904914	0.0016269310146487	-0.0004570023248291	-0.0008710020313605	2.0885112489920226e-07	7.586445386341174e-07	-5.198011883966736e-05	-5.196212753366681e-05	2.701932754585942e-09	2.7000626978250542e-09	-8.701185060964095e-05	-1.1882368490431481e-08	7.571062146514474e-09	1.4119068094239886e-16	0.0	0.0	0.0	0.0	0.0	0.0
863.5272836980882	1.5401936055319538	2.37219634252152	745679.3696909986	1280.9082741647396	-4.008589546635449	16.068790153394993	1640726.0068236918	827.7660737037659	1.5883324940999728	2.52280011181384	685196.6727749483	946.180133933878	885.0683120188087	1.147239	23.487288	0.0517646183961346	0.0325453200845376	-0.1357030395	-0.0958498414	0.0681307094	-0.0801247064	0.058904367	0.0154163079	0.0708250969	0.0996676344	-0.1535456393	-0.0313965045	0.01034828	-0.0822957533	0.1159208673	-0.0461772147	0.1540785387	0.0466437814	-0.0166950523	0.0245244581	-0.0236664685	0.1010616893	0.0132457576	-0.0758942307	-0.0253317228	0.1915412817	-0.0862271998	-0.1401232895	0.0054098717	0.1168806454	-0.0679464027	-0.0692832116	-0.1033645831	-0.0625961526	-0.1426575996	-0.0534923713	0.1043680032	-0.0042630724	0.1145194585	-0.0474786452	-0.1519256304	-0.0682147426	-0.0943963077	-0.0292454099	0.0110002235	-0.0718918358	0.0181718062	0.0380752295	0.1016112195	-0.1869310159	0.1933731488	0.1073396527	0.1010398491	-0.1461261564	-0.0478235283	-0.1804218301	-0.0382819863	-0.1907868322	0.0439242685	-0.0953050418	-0.0527617394	0.2355863921	0.0548284904	-0.0369833899	0.1652923302	-0.0174943061	-0.2578432322	0.0121970978	0.0842677046	-0.2039121741	0.1713296949	-0.0118301551	-0.0861581496	0.0554472899	-0.0591775609	0.039842166	-0.0607521605	-0.1724658742	-0.1906835916	0.0648581679	-0.1216505326	0.0445572346	-0.1527386503	0.1507811905	0.0216102958318487	0.0075620994210653	0.00046700488594	5.718534765407614e-05	-0.1104117437273259	-0.000997780703983	9.95566333241006e-07	0.0121907531529086	-0.0684119685024455	-0.0276046053128027	0.0046801974343795	0.0007620142344756	-0.0001970002079256	0.0002600021169035	3.880908192272963e-08	6.760110079430128e-08	8.552527130945009e-09	5.198867136679831e-05	7.314572032555047e-17	2.7028219504849543e-09	-8.699997971426879e-05	1.187089537215899e-08	7.568996470283181e-09	1.4091815693674574e-16	0.0	0.0	0.0	0.0	0.0	0.0
862.1673910492357	-1.359892648852565	1.8493080164032452	743332.6101886457	1278.7948058506229	-2.1134683141167443	4.466748314775473	1635316.1554705324	826.5860805511475	-1.1799931526184082	1.39238384022633	683244.5485609081	945.0980972118592	879.4313565199624	0.999367	20.459923	0.1141276970584766	0.1093567521365673	-0.135179587	-0.1128662191	0.0701980685	-0.1093912447	0.0464797971	-0.0359784317	0.034539908	0.0897272149	-0.1151360541	-0.0474950276	-0.1433847673	-0.1856418892	0.1048426737	-0.0367969989	0.1297435516	-0.0325374517	-0.0926983621	0.0736295907	0.042826361	0.1274795511	0.0374693283	-0.1611693778	0.0214216035	0.0779714626	-0.1646995325	-0.1598480381	-0.1471881307	-0.1156540969	-0.0428625674	-0.0770761355	0.1483659152	0.0666652848	-0.0736379926	0.2976848341	0.1485782252	0.2466437457	0.0642516031	-0.083943098	-0.1384174537	-0.0258584591	-0.0360275249	0.0798710265	-0.1673507402	-0.278556932	-0.0975421375	0.0483235333	-0.020874293	-0.114730772	0.0044413662	0.1021975959	0.0436640901	-0.2262178976	0.1065640085	0.3111822669	-0.0905405506	-0.1533634308	0.1328065356	-0.0358798876	-0.1478835958	0.1240373604	-0.0388481448	-0.0313032397	0.1312996848	0.1012357207	-0.265972567	0.0825713375	-0.1512384004	0.0310985743	-0.001040792	-0.080059969	-0.1019069428	-0.1311148996	0.0988930888	0.0591346219	0.2112060109	-0.1338674528	-0.1283269456	0.2349246838	0.2418267684	0.1248192698	-0.1531573254	0.1524510324	0.019771376178852	-0.0018389196529966	0.0003909073160056	3.3816254901775024e-06	-0.1085315286893262	0.0018802150379997	3.5352085891202327e-06	0.011779092719642	0.0409965423107792	0.1094085108132247	0.0016807164814395	0.0119702222383675	-0.0001770000724875	2.00001354381e-05	3.132902566058025e-08	4.000054175423433e-10	7.704208382364186e-09	-8.48318748580823e-10	5.935482679889059e-17	7.196446991937336e-19	-8.700002704253138e-05	-4.732826259265348e-11	7.569004705401191e-09	2.2399644400391626e-21	0.0	0.0	0.0	0.0	0.0	0.0
865.2560731506699	3.088682101434188	9.53995712371991	748668.0721241174	1290.9714258301933	12.176619979570432	148.27007412687385	1666607.2223100422	828.8378871281942	2.25180657704675	5.070632860431002	686972.2431391292	945.1354058512142	882.5889069239298	1.577532	32.296612	0.1602225208132778	0.09586489717106	-0.025042925	0.2080640369	0.0990749293	0.1315744229	0.2206591044	0.216229457	0.1608487048	-0.0733040785	0.0708849024	-0.069930194	0.0460148061	0.0771794977	0.0379605055	-0.076529172	-0.0825983472	0.1446160923	0.1824314421	0.1244741744	0.0676007804	0.095837964	0.1236042892	0.0839769269	0.047161773	0.2068152723	0.0121776734	0.0318296906	0.0372322762	-0.1565843154	0.2759559574	0.1463554953	-0.0609903141	-0.1274315347	0.0762694856	0.0560918338	-0.2155658293	0.0963020212	0.1450335432	0.2551415613	0.0230655339	-0.1473174861	-0.1070291273	0.1468000706	0.0248989897	-0.0436117536	-0.1866912531	-0.0497146129	-0.1697672464	0.0032172616	-0.0688190225	-0.2712333759	0.1047139887	0.1566801676	0.0220148256	-0.1875170058	-0.0529491374	-0.0888947519	0.0274299217	-0.0423999503	-0.1813244291	-0.1225326548	0.1018230563	-0.1510863284	0.0912128903	-0.1390983153	-0.3970000667	-0.131075275	-0.0133468176	0.1331058883	0.0593787579	0.1077378661	-0.1145017582	0.1011226582	-0.0490176561	0.0290123491	-0.0934609581	0.1864049398	-0.2637603809	-0.2396154892	-0.0673781456	0.0757991314	-0.153366806	0.1532882396	0.0254977956513471	0.0057264194724951	0.0006501375830778	3.279187997497108e-05	-0.1416481551890172	-0.0331166264996909	0.00109671095072	0.0200641998684519	-0.047684281656231	-0.0886808239670102	0.0022737907170707	0.0078642885394678	-0.0006369995082742	-0.0004599994357867	4.057683735415727e-07	2.1159948092408238e-07	-0.0001069999403138	-0.0001070076445221	1.1448987227156764e-08	1.1450635986185749e-08	-3.4089869781748535e-08	8.696593717274963e-05	1.162119221736572e-15	7.563074228334637e-09	0.0	0.0	0.0	0.0	0.0	1.0
