#!ascii label  , from subject sub-v2s4x29634_ses-1 vox2ras=TkReg
4022
114228  -13.292  -81.447  39.000 0.6999999881
89  -13.930  -83.717  40.025 0.6999999881
349  -15.294  -82.212  40.551 0.6000000238
547  -17.696  -81.003  38.535 0.8000000119
54  -14.035  -84.601  38.519 0.5000000000
186  -15.438  -82.701  38.608 0.5000000000
118454  -16.934  -81.962  38.982 0.8000000119
132813  -17.612  -82.722  37.820 0.8000000119
198  -14.875  -82.979  37.867 0.6000000238
838  -12.545  -79.239  37.681 0.6999999881
830  -13.567  -79.459  38.656 0.8999999762
556  -12.293  -80.146  38.004 0.6999999881
1160  -19.789  -79.169  39.273 0.6999999881
558  -19.170  -80.797  37.624 0.8000000119
188  -18.185  -82.889  37.597 0.8000000119
214  -16.535  -81.942  35.445 0.6000000238
124312  -17.686  -82.818  37.343 0.6999999881
132865  -15.921  -81.616  30.741 0.5000000000
1108  -16.509  -79.633  44.928 0.5000000000
774  -16.641  -79.563  46.205 0.5000000000
114881  -16.520  -79.087  44.160 0.5000000000
110554  -17.008  -79.301  42.914 0.6000000238
126802  -17.491  -79.973  42.481 0.5000000000
1947  -15.580  -76.951  46.051 0.5000000000
110555  -17.318  -78.385  42.233 0.6999999881
128870  -15.832  -76.483  44.605 0.6000000238
115561  -18.409  -77.958  40.102 0.6999999881
544  -13.020  -80.825  38.412 0.6999999881
537  -13.377  -81.692  40.133 0.6999999881
546  -16.802  -80.785  39.406 0.8000000119
1585  -18.442  -77.675  38.087 0.8000000119
1159  -18.997  -78.541  39.643 0.6999999881
548  -21.265  -80.861  38.484 0.6000000238
337  -14.528  -81.864  41.613 0.6999999881
171  -13.528  -83.444  39.960 0.6000000238
560  -21.284  -81.468  37.777 0.6000000238
192  -21.672  -82.678  36.794 0.6999999881
200  -16.332  -82.281  36.664 0.6000000238
202  -19.509  -83.342  36.527 0.8000000119
191  -20.853  -82.997  36.713 0.8000000119
216  -19.030  -83.264  36.195 0.8000000119
376  -19.823  -82.889  35.649 0.8000000119
1283  -17.393  -79.040  29.766 0.6999999881
642  -16.508  -80.383  29.448 0.5000000000
643  -18.377  -81.465  29.699 0.6000000238
631  -19.012  -80.567  31.145 0.6000000238
2353  -13.830  -74.459  55.353 0.4000000060
2870  -14.409  -73.908  55.587 0.4000000060
2358  -13.726  -75.258  54.228 0.6000000238
2366  -13.999  -74.559  54.367 0.6000000238
2877  -14.707  -73.571  54.582 0.6000000238
3446  -15.205  -73.159  52.885 0.6000000238
1479  -17.402  -77.883  49.748 0.3000000119
2895  -13.540  -73.845  52.828 0.6000000238
3436  -14.082  -73.404  53.280 0.6000000238
3458  -14.704  -73.250  51.564 0.6000000238
1915  -15.782  -76.540  48.416 0.5000000000
1085  -16.492  -79.147  46.868 0.4000000060
1921  -15.758  -76.849  47.660 0.5000000000
2412  -15.308  -76.034  47.821 0.6000000238
3455  -12.902  -73.518  51.229 0.6000000238
3477  -13.784  -73.414  49.284 0.6000000238
520  -10.363  -81.411  43.357 0.8999999762
2442  -14.710  -75.290  45.620 0.6999999881
1994  -17.996  -75.834  39.497 0.6999999881
133429  -17.985  -76.403  40.286 0.6999999881
545  -13.510  -80.591  39.066 0.8000000119
333  -13.860  -81.601  41.861 0.6999999881
124860  -17.571  -77.090  38.373 0.8000000119
1573  -18.527  -77.384  38.991 0.6999999881
353  -22.553  -82.102  38.709 0.6000000238
1584  -17.610  -77.895  37.987 0.8000000119
1170  -19.115  -78.291  37.917 0.6999999881
832  -20.625  -79.937  38.351 0.6999999881
332  -13.571  -81.726  41.388 0.6999999881
338  -15.462  -81.506  40.903 0.6999999881
351  -17.648  -82.062  38.530 0.8000000119
193  -22.555  -82.521  37.027 0.6000000238
130987  -13.265  -83.713  38.952 0.6000000238
350  -16.277  -81.635  39.875 0.6999999881
360  -20.661  -82.210  37.324 0.8000000119
205  -22.919  -82.359  36.544 0.6000000238
187  -16.503  -82.328  37.949 0.6000000238
127887  -15.194  -82.755  35.537 0.5000000000
226  -16.343  -81.866  34.485 0.6000000238
133551  -15.239  -82.674  29.709 0.5000000000
641  -15.994  -81.262  29.204 0.5000000000
658  -18.412  -80.361  28.937 0.6000000238
128939  -19.201  -80.993  31.942 0.6999999881
421  -18.390  -82.539  30.772 0.6000000238
398  -20.725  -82.734  32.859 0.6000000238
2850  -12.867  -73.544  57.611 0.3000000119
2334  -12.940  -74.282  56.612 0.4000000060
2851  -13.462  -73.469  57.717 0.3000000119
1867  -12.217  -75.601  54.518 0.5000000000
2871  -15.411  -73.545  55.731 0.4000000060
2352  -13.273  -74.949  55.092 0.4000000060
111705  -10.782  -75.743  53.572 0.5000000000
1868  -12.960  -75.463  54.594 0.5000000000
133655  -12.262  -77.339  52.520 0.6000000238
121154  -12.376  -76.593  53.476 0.5000000000
2372  -13.471  -75.816  52.500 0.6000000238
1463  -12.855  -77.689  51.526 0.6000000238
1908  -16.496  -76.885  49.708 0.4000000060
2900  -12.860  -74.145  51.694 0.6000000238
2917  -15.149  -74.321  50.138 0.6000000238
1476  -12.728  -78.018  49.363 0.6999999881
2392  -12.366  -75.730  49.803 0.6000000238
2400  -14.920  -75.234  48.020 0.6000000238
781  -16.822  -79.961  44.823 0.5000000000
2940  -14.565  -74.807  47.386 0.6000000238
2426  -15.274  -76.287  46.907 0.6000000238
1541  -18.073  -79.877  41.764 0.6000000238
122453  -15.466  -76.006  44.691 0.6999999881
122819  -13.482  -79.076  41.252 0.8000000119
827  -20.497  -80.309  39.683 0.6000000238
339  -22.101  -82.041  39.749 0.6000000238
813  -13.432  -80.081  41.433 0.6999999881
125429  -13.999  -78.815  41.595 0.8000000119
1158  -15.968  -78.246  39.820 0.8000000119
361  -21.386  -82.490  37.184 0.6999999881
824  -15.468  -80.020  41.107 0.8000000119
352  -18.391  -81.683  38.017 0.8000000119
367  -23.708  -81.884  36.823 0.6000000238
116217  -20.279  -83.340  36.298 0.8000000119
219  -21.658  -82.758  35.885 0.6999999881
1591  -29.183  -78.382  38.636 0.3000000119
1217  -28.019  -79.178  35.503 0.4000000060
215  -17.880  -82.682  36.329 0.6000000238
374  -18.502  -82.514  35.729 0.6000000238
575  -20.240  -81.803  35.405 0.8000000119
1641  -26.322  -77.628  34.472 0.5000000000
1232  -26.965  -78.133  34.239 0.6000000238
113617  -16.428  -81.243  32.993 0.5000000000
234  -15.971  -82.269  33.848 0.5000000000
121913  -16.345  -80.467  31.031 0.6000000238
1670  -25.080  -77.946  32.907 0.6000000238
936  -17.170  -80.070  28.892 0.5000000000
1245  -26.071  -78.110  33.152 0.6000000238
630  -18.639  -81.291  30.671 0.6999999881
616  -20.760  -80.729  32.389 0.8999999762
132735  -19.277  -81.823  32.282 0.6000000238
246  -21.118  -83.311  32.669 0.6999999881
245  -20.238  -83.437  32.612 0.6000000238
2856  -11.035  -73.909  55.977 0.3000000119
3948  -12.336  -72.963  57.500 0.3000000119
2374  -18.039  -75.165  52.750 0.4000000060
133199  -9.590  -80.931  44.217 1.0000000000
2888  -17.159  -73.815  54.029 0.5000000000
1456  -12.937  -77.272  52.427 0.6000000238
2380  -16.873  -75.214  51.620 0.4000000060
123315  -13.495  -76.609  52.395 0.6000000238
1894  -17.317  -76.104  51.244 0.4000000060
2386  -15.857  -75.051  50.445 0.5000000000
1073  -17.622  -78.387  49.189 0.3000000119
763  -12.130  -79.499  48.266 0.6999999881
120769  -12.583  -78.671  49.410 0.6999999881
118524  -13.958  -73.066  51.138 0.6000000238
797  -8.194  -80.533  43.198 1.0000000000
3465  -12.540  -73.545  50.368 0.6000000238
2411  -14.926  -75.547  47.335 0.6000000238
1958  -16.221  -77.119  44.374 0.6999999881
1973  -17.289  -77.183  42.112 0.6999999881
111366  -16.970  -76.819  42.826 0.6999999881
1982  -17.632  -76.535  41.172 0.6999999881
132642  -18.141  -78.633  41.002 0.6999999881
128969  -18.928  -80.428  41.297 0.5000000000
122230  -13.470  -78.833  39.834 0.8999999762
1554  -13.902  -77.206  41.182 0.8999999762
2029  -17.482  -76.189  38.663 0.8000000119
2030  -17.978  -76.797  38.662 0.6999999881
1571  -15.698  -77.218  39.856 0.8000000119
123582  -24.143  -81.485  37.527 0.5000000000
574  -19.139  -81.915  35.470 0.8000000119
218  -20.629  -83.041  35.794 0.8000000119
373  -17.564  -81.826  35.323 0.6000000238
385  -17.448  -80.954  34.789 0.6000000238
2113  -18.073  -76.797  31.820 0.6000000238
1202  -27.324  -78.849  36.068 0.4000000060
1203  -27.958  -79.433  36.518 0.4000000060
898  -16.664  -79.745  31.345 0.6000000238
1270  -17.078  -78.763  31.212 0.6000000238
1692  -19.214  -77.131  30.343 0.6999999881
1625  -25.947  -77.191  35.019 0.5000000000
600  -16.501  -80.788  32.539 0.5000000000
126970  -16.427  -80.612  31.803 0.6000000238
1669  -24.577  -77.180  32.992 0.6000000238
1655  -26.311  -77.783  33.764 0.6000000238
938  -18.068  -79.235  29.011 0.6000000238
922  -18.570  -79.299  29.279 0.6999999881
644  -18.786  -80.089  29.954 0.6000000238
606  -25.147  -80.747  33.197 0.5000000000
592  -25.738  -81.307  33.458 0.5000000000
401  -24.455  -82.321  33.389 0.6999999881
235  -24.807  -82.456  33.358 0.6999999881
260  -20.275  -83.683  32.053 0.6000000238
120  -23.558  -83.378  32.441 0.6999999881
271  -21.157  -83.491  31.714 0.6999999881
262  -22.317  -83.517  32.368 0.6000000238
2847  -6.040  -74.066  57.549 0.3000000119
3395  -6.663  -73.835  57.342 0.3000000119
2328  -6.841  -74.504  56.410 0.4000000060
2338  -7.879  -74.573  55.464 0.5000000000
2331  -9.189  -74.049  55.322 0.4000000060
2332  -10.879  -74.342  55.453 0.4000000060
1864  -8.320  -74.930  54.535 0.5000000000
2340  -10.376  -74.760  54.872 0.5000000000
2357  -11.268  -75.415  54.294 0.5000000000
2864  -13.524  -74.096  56.680 0.4000000060
2865  -15.636  -73.495  56.541 0.4000000060
1506  -9.433  -78.310  45.035 0.8999999762
1884  -10.285  -76.638  52.243 0.5000000000
1881  -13.592  -76.047  53.722 0.6000000238
2896  -16.063  -73.746  52.738 0.5000000000
2373  -17.071  -74.628  52.579 0.4000000060
1503  -6.580  -77.951  45.994 0.8999999762
1504  -6.849  -77.999  46.189 0.8999999762
128255  -9.833  -78.079  49.761 0.6000000238
2902  -16.184  -74.326  51.884 0.5000000000
790  -6.782  -79.603  43.791 0.8999999762
517  -8.327  -80.686  44.058 1.0000000000
1065  -11.790  -78.742  50.064 0.6000000238
125140  -12.690  -78.184  49.943 0.6000000238
1899  -13.177  -77.144  50.963 0.6000000238
3467  -14.587  -73.511  50.654 0.6000000238
3476  -13.208  -73.091  49.539 0.6000000238
1078  -16.887  -78.380  48.609 0.3000000119
804  -7.454  -79.753  42.402 0.8000000119
132434  -16.098  -77.240  48.237 0.3000000119
795  -6.504  -79.388  42.597 0.8999999762
3486  -13.855  -73.628  48.409 0.6999999881
1492  -16.492  -78.517  47.747 0.3000000119
125571  -6.178  -79.681  40.500 0.6999999881
2462  -16.163  -75.478  43.297 0.6999999881
1570  -13.428  -76.924  39.923 1.0000000000
112219  -17.690  -74.932  40.564 0.6999999881
837  -11.442  -79.550  37.638 0.5000000000
1181  -12.583  -78.290  37.257 0.6000000238
1583  -13.487  -78.017  37.638 0.8999999762
2510  -16.028  -74.412  39.360 0.8999999762
3064  -17.268  -75.021  38.985 0.8000000119
1199  -12.256  -77.584  36.762 0.6999999881
2011  -15.456  -75.312  39.880 0.8999999762
2511  -16.685  -74.996  38.993 0.8000000119
566  -23.608  -81.020  36.302 0.6000000238
584  -18.586  -80.569  35.260 0.8000000119
377  -21.251  -82.061  35.483 0.6999999881
578  -22.524  -81.484  35.543 0.6999999881
852  -18.974  -79.669  35.252 0.8000000119
865  -18.199  -79.638  34.857 0.8000000119
120630  -27.993  -79.394  37.241 0.3000000119
131200  -17.382  -80.296  34.408 0.6999999881
1666  -17.723  -77.591  31.995 0.6999999881
582  -16.967  -80.717  34.178 0.5000000000
590  -17.161  -79.952  33.836 0.6000000238
873  -17.566  -79.096  33.590 0.6999999881
1259  -17.338  -78.397  32.030 0.6000000238
910  -16.972  -79.220  30.419 0.6000000238
1284  -17.588  -78.422  30.259 0.6999999881
1293  -17.881  -78.755  29.496 0.6999999881
1703  -18.847  -77.755  29.959 0.8000000119
129963  -19.272  -79.584  30.697 0.8000000119
116154  -20.190  -79.040  31.644 0.6999999881
1682  -23.255  -77.795  32.003 0.6000000238
617  -21.723  -80.618  32.321 0.8999999762
875  -27.084  -79.421  32.861 0.5000000000
911  -19.126  -78.948  29.941 0.8000000119
900  -20.327  -79.882  32.088 0.8999999762
133780  -23.400  -80.354  32.430 0.6999999881
603  -22.194  -81.717  32.646 0.8000000119
604  -23.231  -81.548  32.762 0.8000000119
131240  -19.500  -83.311  32.442 0.5000000000
423  -20.315  -83.452  31.067 0.6000000238
425  -21.759  -82.697  30.815 0.5000000000
272  -22.157  -83.462  31.630 0.6000000238
263  -22.993  -83.603  31.896 0.6999999881
426  -22.455  -81.682  30.315 0.6000000238
122859  -22.381  -82.929  30.670 0.6000000238
124599  -23.398  -82.203  29.304 0.6000000238
3387  -5.029  -72.930  58.303 0.3000000119
2854  -7.483  -74.023  56.275 0.3000000119
2336  -6.736  -74.916  55.835 0.5000000000
1862  -9.518  -74.642  54.830 0.5000000000
125890  -11.677  -74.419  55.971 0.4000000060
2848  -11.912  -73.842  56.600 0.4000000060
115190  -15.029  -73.372  57.367 0.3000000119
2356  -6.807  -75.189  54.463 0.6000000238
1870  -8.159  -75.039  53.996 0.5000000000
2341  -11.974  -74.776  55.724 0.5000000000
1878  -9.726  -75.506  53.298 0.5000000000
113331  -16.379  -73.463  55.930 0.4000000060
112020  -16.293  -73.461  55.403 0.5000000000
2889  -17.760  -74.480  53.472 0.4000000060
1460  -9.632  -76.972  50.730 0.6000000238
1461  -10.483  -77.654  51.126 0.6000000238
1905  -12.249  -75.933  49.028 0.6999999881
2923  -11.821  -73.996  48.969 0.6999999881
118569  -12.930  -77.569  50.199 0.6000000238
779  -11.352  -80.493  44.946 0.8999999762
123471  -12.118  -79.879  45.206 0.8999999762
3485  -13.240  -73.152  48.676 0.6999999881
786  -11.002  -80.905  44.082 0.8999999762
1115  -11.412  -78.630  43.792 0.8999999762
522  -9.711  -81.467  43.047 1.0000000000
2453  -14.867  -75.206  44.750 0.6999999881
1127  -7.225  -79.450  41.663 0.8000000119
1128  -8.373  -79.391  41.927 0.8000000119
127018  -9.468  -80.205  42.217 0.8999999762
806  -10.083  -80.288  42.217 1.0000000000
1533  -10.387  -78.126  41.959 0.8000000119
127425  -13.534  -77.267  37.468 1.0000000000
3000  -16.514  -74.749  42.414 0.6999999881
1551  -9.275  -77.853  40.410 0.8000000119
2009  -10.236  -76.267  39.818 0.8999999762
2461  -15.482  -75.202  43.714 0.8000000119
2522  -9.852  -75.497  38.149 0.8999999762
1198  -11.580  -77.975  36.747 0.6000000238
2027  -13.513  -76.240  39.040 1.0000000000
2508  -13.840  -75.025  40.077 1.0000000000
2509  -14.499  -74.336  39.848 0.8999999762
134223  -17.674  -74.403  40.000 0.6999999881
2494  -14.961  -74.691  40.069 0.8999999762
532  -20.296  -81.534  41.731 0.5000000000
2048  -12.684  -75.895  36.427 0.8999999762
2554  -13.225  -74.933  36.827 1.0000000000
1991  -13.776  -76.632  40.760 0.8999999762
855  -21.660  -79.403  35.177 0.6999999881
853  -19.832  -79.759  35.297 0.6999999881
576  -20.981  -80.936  35.237 0.6999999881
132397  -18.592  -78.739  34.778 0.8000000119
1653  -17.765  -78.128  32.948 0.6999999881
1667  -18.082  -77.117  32.703 0.6999999881
2126  -18.414  -76.759  31.005 0.6999999881
864  -17.628  -79.694  34.337 0.6999999881
1244  -18.089  -78.353  33.970 0.8000000119
1654  -25.428  -77.330  33.484 0.6000000238
122345  -18.096  -77.626  30.606 0.6000000238
1668  -23.791  -77.178  32.448 0.6000000238
2119  -23.090  -76.908  31.922 0.6000000238
1263  -26.447  -78.822  32.961 0.5000000000
1272  -19.824  -77.678  30.691 0.6999999881
1273  -20.656  -78.425  31.652 0.6999999881
901  -21.143  -79.724  32.116 0.6999999881
889  -24.828  -79.724  32.924 0.5000000000
1262  -25.489  -78.811  32.875 0.5000000000
2127  -18.906  -76.537  30.727 0.6999999881
2128  -19.322  -76.397  30.755 0.6999999881
902  -22.130  -79.568  32.030 0.6999999881
618  -22.671  -80.506  32.297 0.8999999762
591  -24.828  -81.660  33.566 0.5000000000
248  -22.966  -83.319  32.816 0.8000000119
400  -22.572  -82.810  33.020 0.8000000119
424  -21.281  -82.386  30.630 0.6000000238
122  -24.991  -82.828  32.103 0.6999999881
632  -21.960  -81.315  30.257 0.5000000000
136  -24.220  -83.118  30.763 0.6000000238
137  -25.039  -82.817  30.599 0.6000000238
449  -23.678  -82.319  28.327 0.6000000238
125103  -23.562  -80.339  28.549 0.6000000238
448  -23.465  -81.342  28.873 0.6000000238
670  -23.103  -81.328  27.516 0.6000000238
128438  -23.148  -81.819  26.082 0.6000000238
115369  -4.041  -72.654  49.137 0.8000000119
4032  -4.441  -72.976  48.460 0.8000000119
2364  -7.680  -74.868  53.188 0.6000000238
1882  -8.396  -75.140  52.638 0.6000000238
1484  -12.648  -78.245  48.467 0.6999999881
1526  -6.202  -78.317  43.865 0.8999999762
1475  -9.611  -77.802  49.409 0.6000000238
2410  -11.762  -75.240  47.646 0.6999999881
1090  -10.683  -79.565  46.358 0.6999999881
1498  -12.432  -78.885  46.988 0.6999999881
126529  -11.824  -73.205  47.535 0.6999999881
1497  -12.371  -78.574  46.344 0.6999999881
2424  -11.636  -75.408  46.592 0.6999999881
118605  -11.619  -74.251  48.073 0.6999999881
118966  -6.531  -79.180  44.558 0.8999999762
125778  -10.471  -80.784  44.346 0.8999999762
1946  -11.905  -76.942  45.339 0.8999999762
115136  -11.520  -73.593  46.964 0.6999999881
134466  -12.901  -72.940  47.404 0.6999999881
3501  -13.359  -73.219  47.048 0.6999999881
1119  -5.994  -78.934  41.836 0.6000000238
128936  -10.944  -77.534  43.372 0.8000000119
1518  -11.320  -77.327  43.975 0.8999999762
4059  -12.137  -72.733  46.348 0.6999999881
3525  -13.796  -73.768  45.707 0.6999999881
2971  -14.312  -74.226  44.364 0.6999999881
1130  -10.051  -78.986  41.511 0.8000000119
2999  -15.795  -74.226  42.636 0.8000000119
1144  -9.005  -78.651  40.977 0.8000000119
1552  -9.846  -77.539  40.429 0.8000000119
2491  -10.573  -75.778  40.539 0.8999999762
2972  -14.906  -74.799  43.964 0.8000000119
3564  -15.652  -73.438  42.181 0.8000000119
3580  -16.855  -73.452  40.702 0.8000000119
1143  -7.751  -78.714  41.284 0.8000000119
2552  -11.755  -75.433  35.957 0.8999999762
2040  -13.683  -76.505  37.718 1.0000000000
119345  -13.594  -75.416  39.416 1.0000000000
3046  -15.702  -73.666  39.395 0.8999999762
3611  -16.433  -73.257  39.589 0.8999999762
2551  -9.987  -75.131  36.320 0.8999999762
2524  -13.657  -74.576  38.918 1.0000000000
3045  -14.031  -73.967  39.334 1.0000000000
3075  -11.487  -74.204  36.824 1.0000000000
3062  -13.590  -73.609  38.518 1.0000000000
1622  -20.756  -77.869  35.132 0.6999999881
2553  -12.401  -75.014  36.311 1.0000000000
125957  -18.323  -77.466  33.564 0.8000000119
2114  -18.415  -76.038  31.651 0.6999999881
2623  -19.081  -75.859  31.050 0.6999999881
2094  -24.764  -76.576  33.551 0.6000000238
2606  -19.494  -75.250  31.497 0.6999999881
1679  -20.447  -77.633  31.345 0.6000000238
128912  -21.893  -77.946  31.666 0.6999999881
1275  -22.570  -78.522  31.858 0.6000000238
2608  -21.242  -75.361  31.598 0.6000000238
2116  -20.606  -76.076  31.444 0.6999999881
122558  -25.831  -82.530  32.356 0.6999999881
659  -21.087  -81.043  29.129 0.6000000238
128  -23.829  -83.383  31.658 0.6999999881
290  -23.679  -82.571  29.374 0.6000000238
694  -22.847  -80.821  26.514 0.5000000000
478  -22.774  -81.415  25.641 0.6000000238
113773  -4.043  -72.527  58.038 0.4000000060
2862  -6.127  -74.515  56.755 0.5000000000
114296  -5.269  -69.347  52.300 0.8000000119
1467  -9.597  -77.381  50.017 0.6000000238
1920  -12.427  -77.346  47.864 0.6999999881
1904  -9.466  -76.934  49.636 0.6000000238
1912  -9.636  -76.312  47.938 0.6000000238
773  -11.821  -80.022  46.526 0.6999999881
1489  -12.366  -77.787  47.034 0.6999999881
1931  -9.352  -76.712  45.804 0.6999999881
1508  -12.263  -78.163  45.591 0.8999999762
2939  -11.491  -74.377  47.234 0.6999999881
117114  -7.322  -77.387  45.995 1.0000000000
1517  -9.263  -78.623  44.783 1.0000000000
1956  -11.660  -77.044  44.627 0.8999999762
2960  -11.283  -73.871  45.574 0.6999999881
3524  -13.273  -73.017  45.415 0.6999999881
4068  -12.002  -72.662  45.392 0.6999999881
4069  -12.644  -72.669  45.009 0.6999999881
1981  -10.408  -77.076  41.551 0.8000000119
3537  -13.241  -72.904  44.707 0.6999999881
4133  -16.304  -72.558  40.311 0.8000000119
1567  -8.665  -77.402  39.872 0.8000000119
3060  -10.687  -74.629  38.489 1.0000000000
3093  -12.681  -73.771  36.987 1.0000000000
115719  -14.773  -73.249  39.300 0.8000000119
3624  -13.946  -72.374  39.095 1.0000000000
2609  -22.246  -75.598  31.763 0.6000000238
1434  -8.761  -77.917  18.392 0.6000000238
1408  -7.627  -78.652  19.328 0.5000000000
1424  -8.937  -78.518  18.777 0.6999999881
1041  -7.833  -79.332  19.879 0.5000000000
129265  -21.545  -81.154  29.945 0.6000000238
152  -24.014  -82.825  29.509 0.6000000238
291  -24.161  -82.602  28.667 0.6000000238
458  -22.738  -81.977  27.016 0.5000000000
978  -22.928  -80.121  25.730 0.5000000000
1354  -23.035  -79.501  25.020 0.5000000000
693  -22.505  -81.046  25.575 0.5000000000
718  -22.626  -80.508  23.314 0.5000000000
3407  -4.136  -73.356  56.533 0.5000000000
2861  -4.322  -73.930  55.528 0.6000000238
5642  -5.950  -69.923  52.771 0.8000000119
135341  -3.645  -72.435  49.133 0.8000000119
4018  -4.657  -72.609  49.837 0.8000000119
2369  -6.702  -74.770  53.631 0.6000000238
3482  -3.767  -73.192  48.018 0.8000000119
4033  -5.886  -72.538  48.493 0.8000000119
2899  -8.453  -74.790  51.857 0.6000000238
2883  -4.631  -74.056  53.487 0.6000000238
3495  -4.329  -73.705  47.658 0.8000000119
2384  -9.116  -75.715  50.408 0.6000000238
3442  -7.683  -74.234  52.517 0.6000000238
2408  -5.221  -75.602  47.298 0.8000000119
3496  -5.396  -74.196  47.665 0.8000000119
118604  -6.686  -73.378  47.581 0.8000000119
122143  -9.386  -73.909  47.917 0.8000000119
3454  -8.656  -74.168  51.380 0.6000000238
115885  -11.677  -75.980  45.742 0.6999999881
1929  -6.024  -76.641  47.158 1.0000000000
3508  -7.561  -74.326  46.815 0.8999999762
2423  -9.081  -75.774  46.114 0.8000000119
1918  -9.566  -76.228  46.763 0.6999999881
2421  -6.567  -76.326  47.019 1.0000000000
2438  -8.493  -75.559  46.028 0.8000000119
2441  -11.356  -74.917  45.607 0.6999999881
2460  -10.988  -75.606  43.519 0.8999999762
2451  -11.117  -75.268  44.277 0.8999999762
2440  -11.219  -74.944  44.884 0.8000000119
3522  -11.278  -73.691  44.829 0.8000000119
3536  -11.480  -73.114  44.405 0.6999999881
114356  -11.071  -74.544  43.665 0.8999999762
3553  -14.026  -72.957  42.963 0.8000000119
2480  -10.765  -75.608  41.484 0.8999999762
128631  -10.844  -75.512  42.197 0.8000000119
4110  -12.225  -72.681  42.760 0.8000000119
3029  -10.792  -74.739  40.283 0.8999999762
2998  -11.396  -73.745  41.951 0.8999999762
4128  -11.954  -72.837  40.913 0.8999999762
4706  -13.681  -71.599  40.196 0.8999999762
4111  -12.914  -72.349  42.433 0.8000000119
4113  -14.491  -72.507  42.183 0.8000000119
4114  -15.326  -72.677  41.760 0.8000000119
4131  -14.879  -72.072  41.396 0.8000000119
3030  -11.162  -73.798  40.196 0.8999999762
133308  -12.028  -72.795  38.813 0.8999999762
4159  -14.581  -71.899  39.444 0.8999999762
4145  -16.154  -72.505  39.740 0.8000000119
118749  -11.606  -73.750  37.514 1.0000000000
120979  -12.092  -73.204  38.104 1.0000000000
3622  -12.886  -72.960  38.151 1.0000000000
3608  -12.617  -72.515  38.801 1.0000000000
4708  -15.007  -71.641  39.851 0.8000000119
2595  -22.990  -75.562  32.145 0.6000000238
2805  -7.423  -74.317  15.679 0.6000000238
2820  -8.392  -74.179  14.799 0.6000000238
3164  -20.852  -74.519  31.724 0.6000000238
3366  -7.903  -73.219  14.325 0.6999999881
1842  -9.316  -77.450  17.876 0.6000000238
115175  -7.648  -76.438  18.071 0.6000000238
4487  -8.270  -71.414  13.559 0.6999999881
1845  -9.756  -77.095  17.247 0.6999999881
1834  -9.416  -78.003  18.290 0.6999999881
1846  -10.494  -76.718  16.931 0.6999999881
122530  -7.699  -70.400  13.653 0.6999999881
3921  -9.484  -72.866  13.845 0.6999999881
1425  -9.517  -78.427  18.771 0.8000000119
1822  -11.136  -77.029  19.410 0.6999999881
4997  -7.744  -70.009  14.024 0.6999999881
1410  -9.326  -79.073  19.292 0.8000000119
725  -8.254  -81.019  22.483 0.5000000000
950  -26.304  -80.166  27.583 0.5000000000
121269  -25.951  -80.773  28.216 0.5000000000
4471  -8.080  -70.569  14.973 0.6000000238
1398  -9.462  -79.629  20.122 0.8000000119
696  -27.890  -80.211  25.236 0.5000000000
121435  -26.999  -80.716  26.337 0.5000000000
133943  -25.977  -81.555  26.753 0.6000000238
304  -25.058  -82.283  27.528 0.6000000238
1005  -8.966  -80.690  21.446 0.6000000238
491  -26.027  -81.091  25.476 0.5000000000
480  -25.380  -81.559  26.130 0.5000000000
468  -24.369  -81.995  26.404 0.6000000238
309  -23.415  -82.202  26.619 0.6000000238
6503  -9.582  -68.748  17.906 0.6000000238
684  -9.480  -81.679  24.933 0.5000000000
483  -10.565  -82.328  24.546 0.6000000238
704  -26.075  -80.429  24.084 0.5000000000
301  -22.958  -82.162  26.985 0.6000000238
126592  -9.995  -67.997  16.681 0.6000000238
710  -8.905  -81.568  23.007 0.6000000238
488  -22.999  -81.391  24.768 0.6000000238
119533  -22.337  -80.181  22.598 0.5000000000
703  -22.505  -81.132  24.815 0.5000000000
719  -23.075  -80.819  23.276 0.6000000238
720  -24.096  -80.667  23.271 0.6000000238
1024  -23.765  -80.045  20.889 0.6999999881
4532  -3.737  -70.827  59.866 0.3000000119
4536  -3.138  -71.152  58.879 0.4000000060
3393  -3.456  -72.767  57.022 0.4000000060
3406  -3.192  -72.971  56.030 0.6000000238
3416  -3.342  -73.201  55.296 0.6000000238
3464  -9.021  -73.916  50.650 0.6999999881
3453  -8.138  -73.796  51.822 0.6000000238
2947  -6.740  -75.256  47.080 0.8999999762
3509  -8.321  -74.111  46.791 0.8000000119
1943  -7.794  -76.293  45.802 0.8999999762
3510  -8.932  -73.959  47.178 0.8000000119
113260  -10.945  -75.044  42.830 0.8999999762
2997  -11.186  -73.993  42.915 0.8999999762
4095  -12.451  -72.598  43.506 0.6999999881
116706  -11.963  -72.945  41.819 0.8999999762
4129  -13.033  -72.101  41.426 0.8999999762
4692  -12.983  -71.859  40.451 0.8999999762
4694  -14.299  -71.815  41.123 0.8000000119
4143  -12.273  -72.412  40.294 0.8999999762
4705  -13.395  -71.736  39.670 0.8999999762
2821  -9.055  -75.017  15.255 0.6000000238
3378  -9.817  -73.779  14.186 0.6000000238
2302  -8.899  -76.270  16.800 0.6000000238
2303  -9.862  -76.546  16.518 0.6000000238
2290  -11.935  -75.942  19.029 0.6999999881
2278  -11.783  -76.433  19.785 0.6000000238
1836  -10.651  -77.172  18.621 0.6999999881
2258  -12.420  -76.533  21.339 0.6000000238
1821  -10.531  -77.845  19.464 0.6999999881
1811  -11.377  -77.286  20.316 0.6999999881
4959  -7.172  -70.559  16.785 0.6999999881
1399  -10.185  -79.149  20.754 0.6999999881
1379  -10.238  -79.834  22.451 0.8000000119
135307  -26.381  -81.295  27.258 0.5000000000
1031  -9.535  -80.011  20.974 0.8000000119
695  -27.080  -80.650  25.576 0.5000000000
1006  -9.527  -80.862  22.172 0.8000000119
128569  -9.848  -82.035  23.368 0.8000000119
486  -13.001  -82.031  24.260 0.6000000238
722  -27.286  -79.522  23.365 0.6000000238
479  -24.328  -81.665  25.685 0.6000000238
319  -11.175  -82.640  24.124 0.8000000119
116892  -26.283  -79.920  23.416 0.5000000000
490  -25.300  -80.864  24.620 0.5000000000
499  -24.345  -80.957  24.061 0.5000000000
1025  -24.745  -79.479  20.956 0.6000000238
714  -13.917  -81.726  23.962 0.5000000000
715  -14.792  -81.273  23.627 0.5000000000
1022  -21.747  -79.921  20.556 0.6000000238
1036  -22.570  -80.163  20.063 0.6000000238
5100  -7.533  -69.801  52.681 0.8000000119
5063  -3.163  -70.326  59.391 0.3000000119
5070  -2.354  -70.294  58.363 0.4000000060
5062  -2.594  -69.825  58.885 0.4000000060
3944  -2.825  -71.728  57.148 0.5000000000
4545  -2.756  -71.488  56.239 0.6000000238
5128  -3.225  -70.241  51.980 0.8000000119
4588  -3.198  -71.103  51.273 0.8000000119
117753  -3.998  -71.936  51.013 0.8000000119
3977  -4.019  -73.722  53.924 0.6000000238
3451  -6.333  -73.503  51.958 0.6000000238
3441  -6.726  -73.925  52.657 0.6000000238
4046  -6.792  -72.604  47.958 0.8000000119
125319  -7.683  -72.238  48.256 0.8000000119
3998  -7.910  -73.055  51.445 0.8000000119
4047  -7.811  -72.860  47.527 0.8000000119
4036  -9.018  -72.681  48.508 0.8000000119
4021  -8.492  -72.220  49.866 0.8000000119
131457  -8.459  -72.524  48.090 0.8000000119
2807  -8.683  -75.629  16.242 0.6000000238
3912  -8.959  -73.009  13.645 0.6000000238
2305  -11.266  -76.155  16.079 0.6999999881
3379  -10.559  -74.199  14.640 0.6999999881
2304  -10.721  -76.195  15.865 0.6999999881
2785  -11.892  -75.939  17.986 0.6999999881
3353  -13.068  -74.677  17.235 0.6000000238
4488  -8.914  -71.834  13.412 0.6000000238
119516  -8.308  -70.976  13.895 0.6999999881
4449  -8.189  -71.874  16.601 0.6999999881
117474  -12.945  -76.144  21.804 0.6000000238
4450  -8.834  -72.437  17.131 0.6999999881
1810  -10.766  -78.223  20.535 0.6999999881
2257  -11.898  -77.126  21.105 0.6999999881
981  -11.021  -79.414  23.429 0.8000000119
1372  -12.100  -78.919  23.618 0.6999999881
4960  -7.703  -71.291  17.865 0.6999999881
996  -12.116  -79.650  23.007 0.6999999881
134481  -13.225  -79.096  22.410 0.6999999881
994  -10.986  -80.284  23.331 0.6999999881
713  -11.404  -80.453  22.894 0.6999999881
325  -10.737  -82.245  23.233 0.8000000119
500  -11.098  -82.070  22.674 0.8000000119
734  -26.606  -79.291  22.631 0.6000000238
323  -11.905  -82.488  23.253 0.8000000119
494  -13.260  -82.287  23.451 0.6000000238
716  -15.618  -80.829  23.310 0.6000000238
1027  -26.618  -78.462  21.992 0.5000000000
133056  -24.833  -80.292  23.007 0.5000000000
328  -13.195  -82.334  22.576 0.6000000238
496  -15.214  -81.642  22.840 0.6000000238
134494  -24.763  -78.552  19.942 0.5000000000
742  -24.144  -80.186  21.690 0.6999999881
1037  -23.412  -79.891  20.092 0.6000000238
745  -16.567  -81.104  20.786 0.4000000060
1035  -21.919  -80.331  19.729 0.5000000000
1416  -20.363  -79.248  18.875 0.5000000000
6671  -7.595  -67.047  52.491 0.8000000119
6115  -2.427  -68.676  58.332 0.5000000000
5606  -2.575  -69.351  58.648 0.4000000060
125694  -1.949  -69.773  57.739 0.5000000000
5079  -2.238  -69.682  57.067 0.5000000000
5653  -3.008  -69.437  52.050 0.8000000119
5115  -5.560  -70.631  52.959 0.8000000119
4546  -2.894  -70.885  56.295 0.6000000238
5681  -2.852  -70.104  50.828 0.8000000119
5083  -4.130  -71.056  56.076 0.6000000238
4016  -3.423  -72.234  49.159 0.8000000119
4590  -4.760  -72.317  51.501 0.8000000119
130496  -5.257  -71.776  55.017 0.6999999881
3965  -4.356  -71.936  55.289 0.6000000238
4019  -5.872  -72.488  49.760 0.8000000119
3987  -5.297  -73.326  52.380 0.6999999881
3978  -4.865  -73.603  53.168 0.6000000238
4596  -7.615  -72.232  50.215 0.8000000119
3371  -12.542  -74.501  15.731 0.6999999881
2823  -11.278  -74.904  14.895 0.6999999881
2809  -11.390  -75.611  15.404 0.6999999881
3362  -12.982  -74.509  16.302 0.6999999881
3346  -13.134  -74.225  17.882 0.6000000238
4473  -10.393  -73.529  15.263 0.6999999881
3915  -11.741  -74.195  15.370 0.6999999881
2780  -13.142  -74.630  19.946 0.6000000238
3895  -9.578  -73.098  16.081 0.6999999881
2279  -12.322  -75.657  19.700 0.6000000238
2772  -12.898  -75.384  20.320 0.6000000238
2759  -13.081  -75.864  21.083 0.6000000238
4472  -8.622  -72.189  15.735 0.6999999881
3903  -11.463  -73.689  15.637 0.6999999881
131527  -11.822  -76.625  24.042 0.6999999881
2215  -11.990  -76.714  24.466 0.6000000238
112963  -11.554  -77.882  24.106 0.6000000238
129939  -12.327  -77.687  24.397 0.6000000238
1800  -10.803  -78.533  21.595 0.8000000119
1373  -12.863  -78.878  23.070 0.6999999881
1389  -13.376  -79.299  21.801 0.6999999881
1008  -12.618  -79.757  22.218 0.6999999881
1400  -13.360  -79.470  19.864 0.6999999881
737  -12.000  -81.336  21.687 0.6999999881
134279  -27.247  -78.238  22.346 0.4000000060
327  -12.217  -82.231  22.604 0.6999999881
128266  -12.905  -79.983  19.166 0.6999999881
1808  -26.503  -77.367  21.150 0.5000000000
1396  -26.359  -77.894  21.044 0.5000000000
1026  -25.794  -78.750  21.106 0.5000000000
743  -25.142  -79.669  21.782 0.6000000238
1395  -25.839  -77.937  20.325 0.5000000000
507  -14.128  -82.075  21.480 0.6999999881
504  -16.165  -81.323  21.668 0.4000000060
1050  -16.642  -79.735  18.575 0.4000000060
1420  -24.379  -78.534  19.612 0.5000000000
1038  -24.320  -79.259  20.123 0.6999999881
1417  -20.810  -79.686  19.241 0.4000000060
1048  -23.756  -79.278  19.441 0.5000000000
114974  -23.191  -79.828  19.385 0.5000000000
1045  -21.286  -79.973  18.270 0.4000000060
6622  -2.854  -67.422  58.278 0.4000000060
5129  -7.651  -69.891  51.838 0.8000000119
6149  -7.796  -69.036  53.454 0.8000000119
6620  -2.086  -67.877  57.926 0.5000000000
7196  -3.130  -65.865  59.275 0.4000000060
7208  -2.864  -66.512  58.277 0.4000000060
128193  -2.497  -66.656  57.678 0.4000000060
6138  -2.467  -68.319  56.675 0.5000000000
6147  -7.447  -69.030  54.317 0.8000000119
6659  -5.345  -66.564  54.810 0.6000000238
5116  -6.540  -70.292  53.212 0.8000000119
129507  -6.158  -70.686  53.632 0.8000000119
5618  -3.673  -69.871  56.534 0.6000000238
4564  -6.119  -70.924  54.239 0.8000000119
5084  -5.346  -71.062  55.649 0.6999999881
4570  -5.540  -71.571  53.466 0.8000000119
4563  -5.484  -71.867  54.331 0.6999999881
3996  -5.808  -73.029  51.201 0.8000000119
3354  -13.175  -73.805  16.979 0.6000000238
4943  -13.207  -71.804  19.645 0.5000000000
3904  -12.325  -73.644  15.846 0.6999999881
3905  -12.947  -73.771  16.002 0.6999999881
121460  -13.116  -73.341  19.062 0.6000000238
2795  -12.292  -75.686  16.981 0.6999999881
125633  -13.317  -73.890  19.879 0.6000000238
4474  -12.087  -72.956  16.046 0.6999999881
3896  -10.708  -73.192  16.184 0.6999999881
115077  -12.513  -76.931  24.635 0.5000000000
4980  -10.461  -72.102  17.187 0.6999999881
2234  -12.242  -76.049  24.252 0.5000000000
1766  -12.986  -77.550  24.255 0.6000000238
1793  -15.247  -77.086  22.373 0.4000000060
1791  -11.319  -77.912  22.447 0.6999999881
116610  -11.729  -77.101  23.244 0.6999999881
115639  -9.067  -71.332  18.037 0.6999999881
119123  -9.877  -70.346  17.851 0.6000000238
1779  -11.336  -78.065  23.466 0.6999999881
1371  -10.836  -79.105  23.208 0.8000000119
122014  -14.664  -77.900  22.206 0.6000000238
1812  -14.904  -77.951  20.146 0.6000000238
5464  -7.232  -70.567  18.089 0.6999999881
1390  -14.138  -78.697  21.547 0.6999999881
993  -10.344  -80.400  22.926 0.8000000119
1007  -11.867  -80.560  22.314 0.6999999881
115225  -13.392  -79.469  20.831 0.6999999881
124830  -13.918  -78.680  19.566 0.6999999881
1844  -14.459  -77.120  17.448 0.5000000000
501  -11.789  -81.969  22.114 0.6999999881
1019  -12.675  -80.202  21.128 0.6999999881
1413  -13.514  -78.740  18.600 0.6999999881
1847  -14.391  -77.066  16.442 0.5000000000
330  -12.601  -82.058  21.863 0.6999999881
738  -12.347  -80.984  20.781 0.6999999881
744  -12.749  -80.903  20.089 0.6999999881
1426  -13.220  -78.949  17.751 0.6999999881
1436  -13.417  -78.497  17.070 0.6999999881
331  -13.369  -82.127  21.841 0.5000000000
748  -13.325  -80.836  19.150 0.6999999881
1451  -16.549  -77.505  14.199 0.6000000238
1452  -17.458  -77.795  14.313 0.6000000238
1817  -25.116  -77.391  19.788 0.5000000000
510  -14.705  -81.561  20.275 0.5000000000
114764  -15.997  -81.220  19.974 0.6000000238
1414  -17.671  -78.761  19.224 0.5000000000
118661  -17.732  -78.456  15.167 0.5000000000
1438  -18.978  -78.884  16.989 0.4000000060
1829  -22.712  -77.814  18.534 0.5000000000
2286  -24.154  -77.219  19.456 0.4000000060
1427  -17.982  -78.300  18.206 0.4000000060
114680  -19.602  -78.993  17.458 0.4000000060
1840  -21.523  -78.260  17.698 0.5000000000
1432  -22.893  -79.388  18.352 0.5000000000
1431  -21.558  -79.258  17.838 0.5000000000
751  -17.134  -80.346  19.978 0.6000000238
7832  -7.499  -65.856  52.455 0.8000000119
7251  -6.931  -66.202  52.803 0.6999999881
7755  -3.538  -65.782  61.033 0.3000000119
6150  -8.089  -69.139  52.756 0.8000000119
6666  -7.167  -67.159  53.231 0.8000000119
7764  -3.118  -65.363  59.529 0.4000000060
7774  -2.990  -65.785  58.522 0.4000000060
8381  -3.629  -64.863  59.852 0.4000000060
5654  -3.345  -68.908  52.177 0.8000000119
5099  -7.280  -69.969  53.158 0.8000000119
7802  -4.739  -65.822  55.394 0.4000000060
7217  -2.705  -66.259  57.376 0.4000000060
7791  -3.135  -65.759  56.955 0.4000000060
8389  -3.476  -65.028  58.782 0.4000000060
4610  -3.660  -71.462  48.405 0.6999999881
5622  -6.947  -69.178  55.120 0.8000000119
6142  -4.287  -68.075  56.004 0.6999999881
7226  -2.842  -66.490  56.701 0.4000000060
5081  -5.295  -69.997  56.289 0.6999999881
5091  -5.911  -71.062  54.994 0.6999999881
4454  -13.267  -72.916  17.264 0.6000000238
4436  -13.206  -72.688  18.282 0.6000000238
4475  -12.880  -72.989  16.198 0.6999999881
4418  -13.177  -71.873  18.605 0.5000000000
5466  -13.179  -70.503  18.262 0.5000000000
5467  -13.138  -69.740  18.558 0.5000000000
3872  -13.291  -73.193  19.852 0.5000000000
2773  -13.615  -75.019  20.969 0.6000000238
4451  -9.922  -72.696  16.967 0.6999999881
4452  -11.256  -72.512  16.541 0.6999999881
4981  -11.795  -71.761  16.728 0.6000000238
128649  -12.062  -68.460  14.298 0.6000000238
6494  -13.094  -68.423  18.406 0.4000000060
2746  -13.454  -75.311  22.611 0.6000000238
120426  -14.154  -74.219  21.277 0.5000000000
5480  -9.906  -71.272  17.720 0.6000000238
1781  -13.824  -77.371  23.714 0.6000000238
1803  -15.498  -77.430  20.931 0.5000000000
1824  -15.221  -77.283  19.418 0.5000000000
995  -11.636  -79.567  23.312 0.6999999881
728  -11.470  -81.484  22.380 0.6999999881
1018  -12.227  -80.680  21.547 0.6999999881
1843  -13.838  -77.665  16.848 0.5000000000
2265  -26.144  -76.733  20.876 0.5000000000
512  -13.070  -81.110  19.860 0.6999999881
509  -13.659  -81.631  20.522 0.6999999881
121440  -13.092  -80.200  18.568 0.6999999881
1441  -13.773  -78.191  16.357 0.5000000000
2274  -23.266  -76.301  20.136 0.4000000060
2276  -25.717  -76.968  20.100 0.5000000000
513  -13.864  -81.281  19.728 0.6999999881
757  -14.563  -80.005  16.955 0.6999999881
1058  -14.146  -78.636  16.037 0.6000000238
1854  -18.161  -77.373  14.046 0.6000000238
1839  -20.929  -77.681  17.366 0.5000000000
2285  -22.864  -76.990  19.254 0.4000000060
516  -14.610  -81.030  18.860 0.6999999881
124351  -16.419  -79.412  17.159 0.4000000060
1449  -19.417  -78.002  15.517 0.5000000000
1440  -20.917  -78.630  17.357 0.5000000000
749  -15.523  -81.017  19.040 0.5000000000
755  -15.872  -80.490  18.428 0.5000000000
1057  -17.117  -78.995  16.736 0.4000000060
1442  -18.181  -78.773  16.511 0.4000000060
115071  -18.281  -78.665  15.883 0.4000000060
1439  -19.747  -78.943  17.020 0.4000000060
1054  -16.932  -79.024  17.769 0.4000000060
132260  -19.217  -78.453  15.999 0.4000000060
119644  -20.924  -79.219  17.581 0.4000000060
116477  -20.386  -79.232  17.537 0.4000000060
8444  -7.817  -64.968  53.760 0.6999999881
6675  -8.017  -66.909  51.859 0.8000000119
6168  -8.624  -68.831  51.558 0.8000000119
114971  -5.846  -65.700  54.240 0.6000000238
120097  -4.968  -64.664  63.180 0.3000000119
8958  -5.031  -63.528  62.951 0.3000000119
120835  -6.230  -69.193  51.472 0.8000000119
6661  -7.405  -68.195  53.805 0.8000000119
6665  -6.378  -66.304  53.533 0.6999999881
6660  -6.100  -66.911  54.308 0.6000000238
7803  -5.444  -65.509  55.163 0.5000000000
116256  -5.009  -64.607  60.190 0.4000000060
8959  -5.664  -63.327  61.572 0.3000000119
6146  -6.861  -68.137  54.696 0.6999999881
6144  -6.427  -68.646  55.523 0.6999999881
111975  -6.144  -64.162  60.197 0.4000000060
6653  -4.034  -67.005  55.777 0.6000000238
7227  -3.473  -65.913  56.394 0.4000000060
7775  -4.514  -64.906  57.954 0.4000000060
5621  -6.290  -69.480  55.796 0.6999999881
6143  -5.508  -68.665  56.008 0.6999999881
7801  -4.096  -65.855  55.911 0.4000000060
8390  -5.644  -64.724  58.451 0.4000000060
115068  -13.211  -72.087  17.429 0.5000000000
4962  -13.205  -71.220  17.897 0.5000000000
115035  -13.227  -68.902  18.880 0.4000000060
4453  -12.743  -72.255  16.588 0.6000000238
4982  -12.959  -71.450  17.076 0.6000000238
112384  -12.943  -70.111  17.723 0.5000000000
4394  -14.050  -72.570  20.979 0.5000000000
5481  -10.920  -71.366  17.036 0.6000000238
6008  -11.470  -69.270  15.410 0.6000000238
7625  -12.459  -67.641  14.213 0.5000000000
3850  -14.432  -73.333  21.540 0.5000000000
3314  -14.006  -74.887  21.948 0.6000000238
5463  -7.015  -69.671  16.653 0.6999999881
5980  -9.997  -69.637  17.326 0.6000000238
6538  -11.786  -68.725  14.175 0.6000000238
7083  -12.051  -68.238  13.769 0.6000000238
118700  -8.201  -70.258  18.651 0.6999999881
6536  -11.181  -68.402  13.921 0.6000000238
5973  -9.426  -69.601  18.232 0.6999999881
6513  -10.018  -68.772  16.907 0.6000000238
7052  -10.193  -67.538  16.116 0.6000000238
1823  -14.378  -77.969  19.033 0.6999999881
115431  -25.222  -76.308  20.677 0.4000000060
752  -13.471  -80.044  17.775 0.6999999881
1850  -14.888  -77.354  15.106 0.5000000000
116186  -21.990  -75.283  19.953 0.4000000060
753  -13.799  -80.679  18.430 0.6999999881
119154  -16.943  -78.187  14.715 0.6000000238
2284  -21.970  -76.755  18.934 0.4000000060
2790  -21.537  -76.223  18.436 0.4000000060
758  -15.234  -80.263  17.676 0.6999999881
114227  -16.806  -78.692  15.301 0.5000000000
1453  -18.203  -77.971  14.771 0.5000000000
1848  -20.382  -78.221  16.757 0.5000000000
131896  -16.692  -79.025  15.953 0.5000000000
1448  -18.706  -78.362  15.515 0.5000000000
1443  -19.614  -78.535  16.423 0.5000000000
8445  -8.690  -64.112  53.579 0.5000000000
7261  -7.989  -66.149  51.868 0.8000000119
8422  -8.051  -64.124  55.354 0.5000000000
8433  -7.581  -64.796  54.618 0.5000000000
7824  -6.434  -65.861  53.284 0.6999999881
7804  -6.445  -65.210  54.724 0.5000000000
8410  -7.246  -64.553  56.380 0.4000000060
5671  -7.416  -69.671  50.697 0.6999999881
6178  -4.292  -67.956  51.468 0.6000000238
8420  -6.415  -65.015  55.705 0.5000000000
8401  -7.142  -64.424  57.387 0.4000000060
7785  -5.461  -65.167  56.173 0.4000000060
9568  -5.039  -62.747  62.368 0.3000000119
5694  -3.969  -68.978  49.522 0.5000000000
7784  -4.475  -65.129  56.790 0.4000000060
8391  -6.633  -64.414  58.368 0.4000000060
8967  -6.252  -63.245  60.712 0.3000000119
5974  -12.864  -69.207  17.911 0.5000000000
135491  -12.464  -70.428  17.215 0.6000000238
7039  -12.631  -68.198  16.823 0.4000000060
5992  -11.612  -69.671  16.297 0.6000000238
5971  -6.682  -68.963  17.469 0.6999999881
5502  -11.119  -70.578  16.743 0.6000000238
5962  -6.720  -69.165  18.796 0.8000000119
5964  -7.901  -69.499  19.097 0.6999999881
5981  -10.523  -70.524  17.025 0.6000000238
5990  -10.591  -69.608  16.480 0.6000000238
7082  -10.894  -67.918  13.927 0.6000000238
2264  -24.193  -76.042  20.608 0.4000000060
7597  -9.689  -67.174  17.012 0.6000000238
126168  -14.775  -78.045  15.420 0.6000000238
2783  -21.727  -75.908  19.113 0.4000000060
114665  -14.204  -80.348  17.674 0.6999999881
116378  -15.017  -79.418  16.268 0.6000000238
2293  -21.226  -76.945  17.951 0.4000000060
1444  -20.000  -78.020  16.108 0.5000000000
2299  -20.617  -77.625  16.856 0.5000000000
8434  -8.363  -64.112  54.492 0.5000000000
9601  -7.802  -62.894  56.450 0.5000000000
6681  -8.944  -68.033  50.672 0.8000000119
8411  -7.726  -64.167  56.068 0.4000000060
6179  -8.798  -69.124  50.613 0.8000000119
6180  -8.841  -69.147  49.830 0.6000000238
8392  -7.343  -63.893  58.224 0.4000000060
129404  -6.897  -68.052  48.509 0.6999999881
8382  -6.879  -63.895  59.216 0.4000000060
8975  -6.552  -63.523  60.122 0.4000000060
9569  -5.925  -62.784  61.023 0.3000000119
5482  -12.003  -71.011  17.024 0.6000000238
119645  -12.336  -69.076  16.962 0.6000000238
6515  -11.999  -69.033  15.932 0.6000000238
7053  -12.461  -68.064  15.909 0.5000000000
7037  -6.958  -66.941  16.334 0.6999999881
6998  -6.487  -68.017  19.152 0.8000000119
133853  -10.955  -70.065  16.349 0.6000000238
6484  -6.870  -68.614  19.369 0.8000000119
6486  -8.235  -68.849  19.265 0.6999999881
5972  -8.620  -69.575  18.729 0.6999999881
7106  -12.210  -67.398  12.656 0.6000000238
7019  -9.002  -67.906  18.371 0.6999999881
7624  -10.471  -66.996  14.169 0.6000000238
9623  -8.355  -62.843  54.387 0.5000000000
9611  -8.033  -62.887  55.449 0.5000000000
8453  -8.836  -64.510  52.680 0.5000000000
7837  -8.737  -65.725  51.506 0.8000000119
7834  -9.127  -64.839  51.925 0.6999999881
7271  -9.271  -66.967  50.305 0.6999999881
116361  -7.827  -63.264  57.049 0.4000000060
9584  -6.949  -62.345  58.413 0.4000000060
127518  -7.698  -63.175  57.812 0.4000000060
6193  -5.710  -67.940  50.306 0.6000000238
6205  -9.008  -68.407  48.678 0.6000000238
9585  -7.128  -62.783  58.896 0.4000000060
115593  -5.495  -62.122  59.824 0.4000000060
10213  -3.608  -61.300  62.017 0.3000000119
8976  -6.946  -63.180  59.476 0.4000000060
10236  -5.464  -62.339  60.635 0.3000000119
8968  -6.542  -63.067  60.233 0.3000000119
8218  -6.197  -65.352  15.830 0.5000000000
5991  -11.149  -69.771  16.044 0.6000000238
118506  -6.985  -65.966  16.681 0.6999999881
7570  -6.435  -67.061  19.090 0.8000000119
6007  -11.337  -69.182  15.269 0.6000000238
7096  -11.577  -67.746  13.249 0.6000000238
6477  -6.853  -67.734  19.757 0.8000000119
7634  -11.071  -67.272  13.161 0.6000000238
7038  -9.575  -67.891  17.483 0.6000000238
9047  -8.791  -63.169  53.412 0.5000000000
10270  -6.701  -62.112  56.061 0.5000000000
8446  -8.989  -63.749  52.904 0.6000000238
8454  -9.384  -63.973  52.273 0.6999999881
10269  -5.582  -61.846  56.260 0.4000000060
11503  -3.322  -59.682  59.929 0.3000000119
7838  -9.496  -65.193  51.194 0.8000000119
9600  -7.372  -62.469  56.713 0.4000000060
118722  -5.481  -61.771  57.237 0.4000000060
125664  -3.264  -61.033  59.287 0.3000000119
129451  -9.567  -67.711  48.826 0.6000000238
9591  -7.235  -62.415  57.571 0.4000000060
112004  -5.908  -61.947  58.234 0.4000000060
10246  -4.997  -61.819  59.026 0.3000000119
10233  -3.016  -61.030  60.135 0.3000000119
6710  -8.552  -68.267  48.203 0.6000000238
133402  -4.660  -61.848  59.772 0.3000000119
10223  -2.918  -61.022  61.004 0.3000000119
10224  -3.315  -61.339  61.357 0.3000000119
9394  -10.630  -63.404  21.336 0.6999999881
7643  -11.511  -66.986  12.691 0.6000000238
8165  -10.339  -65.016  21.241 0.6999999881
8209  -6.892  -65.523  15.788 0.6000000238
8198  -7.114  -65.203  17.049 0.6000000238
8177  -10.406  -65.220  20.871 0.6000000238
123562  -11.375  -65.662  12.665 0.6000000238
6985  -7.525  -67.376  20.089 0.8000000119
8190  -9.954  -65.424  20.228 0.6000000238
7633  -10.725  -67.115  13.496 0.6000000238
7001  -8.683  -67.221  19.145 0.6999999881
8199  -9.451  -65.631  19.131 0.6000000238
8256  -11.049  -66.108  12.862 0.6000000238
7572  -8.905  -66.336  19.069 0.6000000238
130412  -9.215  -66.041  18.256 0.6000000238
8249  -10.518  -65.661  13.319 0.6000000238
8874  -10.781  -65.277  13.091 0.6000000238
8210  -9.502  -66.257  17.411 0.6000000238
7606  -9.855  -66.482  16.377 0.6000000238
7607  -10.285  -67.001  15.255 0.6000000238
8228  -10.165  -66.089  14.623 0.6000000238
8238  -10.060  -65.176  14.243 0.6000000238
7615  -9.988  -65.335  15.175 0.6000000238
8839  -9.940  -64.445  14.787 0.6000000238
9622  -7.803  -62.408  54.904 0.5000000000
8458  -9.768  -64.281  51.504 0.6999999881
8463  -10.152  -64.680  50.654 0.6999999881
10244  -3.350  -60.858  58.418 0.4000000060
122370  -10.244  -66.153  49.246 0.6000000238
10010  -12.843  -62.512  21.261 0.6999999881
8784  -9.499  -64.192  21.108 0.8000000119
8827  -6.602  -64.838  15.670 0.5000000000
117041  -6.553  -66.287  19.645 0.8000000119
7556  -8.273  -66.094  20.666 0.8000000119
7555  -7.403  -66.443  20.469 0.8000000119
8189  -9.225  -65.942  20.148 0.6999999881
8211  -9.683  -65.336  18.000 0.6000000238
7585  -9.113  -66.942  18.031 0.6000000238
8828  -10.005  -64.696  15.808 0.6000000238
118561  -5.621  -61.940  55.380 0.5000000000
10303  -7.870  -62.192  53.278 0.6000000238
10278  -4.454  -61.784  55.537 0.5000000000
10268  -4.482  -61.589  56.405 0.4000000060
9649  -9.327  -62.941  52.144 0.6999999881
8459  -10.182  -63.774  50.931 0.6000000238
124513  -4.373  -61.466  57.177 0.4000000060
10252  -3.413  -60.815  57.312 0.4000000060
7843  -10.567  -64.650  49.843 0.6000000238
7288  -9.884  -67.111  48.062 0.6999999881
10008  -10.917  -62.581  21.481 0.6999999881
10009  -12.440  -62.366  21.705 0.6999999881
9406  -9.934  -62.459  21.022 0.8000000119
9436  -6.491  -63.326  16.271 0.5000000000
8793  -7.068  -64.576  18.654 0.6000000238
8175  -8.466  -65.361  20.845 0.8000000119
10060  -6.748  -62.804  16.742 0.5000000000
130270  -8.941  -65.628  20.933 0.6999999881
8864  -10.562  -64.291  13.352 0.6000000238
118935  -9.733  -65.681  17.008 0.6000000238
9466  -9.847  -63.432  14.035 0.6000000238
9458  -9.850  -63.540  14.509 0.6000000238
10291  -6.956  -62.099  54.352 0.5000000000
10276  -3.346  -61.179  55.872 0.5000000000
12175  -3.838  -58.845  59.737 0.3000000119
10317  -8.324  -62.322  52.581 0.6999999881
116007  -3.239  -60.368  58.119 0.3000000119
9669  -10.191  -62.890  50.225 0.6000000238
8464  -10.521  -64.045  50.310 0.6999999881
130189  -3.491  -59.006  59.323 0.3000000119
8469  -10.719  -63.914  49.642 0.6000000238
7304  -9.537  -66.950  47.359 0.6999999881
9403  -8.253  -63.595  19.839 0.8000000119
8804  -7.405  -63.420  18.215 0.6000000238
8782  -7.815  -64.785  20.437 0.6999999881
8796  -11.529  -64.490  20.313 0.6000000238
8174  -7.510  -65.629  20.536 0.8000000119
8806  -11.081  -64.481  19.132 0.6000000238
8805  -10.161  -65.034  19.131 0.6000000238
8220  -10.008  -64.862  16.992 0.6000000238
8840  -9.968  -63.767  15.440 0.6000000238
10105  -9.768  -62.716  13.971 0.5000000000
10302  -6.928  -62.105  53.506 0.5000000000
10289  -4.247  -62.031  54.623 0.5000000000
130409  -6.967  -62.159  52.570 0.6000000238
11559  -3.398  -60.399  56.174 0.5000000000
9079  -10.499  -63.259  49.530 0.6999999881
11532  -3.781  -58.803  57.661 0.3000000119
12203  -3.497  -58.856  58.603 0.3000000119
12187  -3.979  -58.422  59.218 0.3000000119
9679  -10.416  -62.906  48.697 0.6999999881
9087  -10.844  -63.660  48.673 0.6999999881
12204  -4.272  -58.188  58.501 0.3000000119
12918  -5.615  -56.637  58.816 0.3000000119
10007  -10.017  -62.252  21.194 0.8000000119
10666  -8.735  -61.618  20.292 0.8000000119
10017  -9.199  -62.270  20.233 0.8000000119
112655  -7.388  -62.476  17.957 0.6000000238
9405  -9.804  -63.250  20.974 0.8000000119
9395  -11.558  -63.580  21.348 0.6999999881
10046  -7.009  -62.171  17.330 0.6000000238
123196  -9.093  -63.261  20.375 0.8000000119
9417  -12.522  -63.233  19.482 0.6000000238
9425  -7.140  -62.970  16.945 0.6000000238
123292  -11.512  -63.828  18.543 0.6000000238
9438  -11.365  -63.359  17.575 0.6000000238
8818  -10.985  -64.066  18.103 0.6000000238
9449  -10.655  -63.208  16.518 0.6000000238
9437  -10.544  -64.037  17.150 0.6000000238
10075  -10.410  -62.412  15.810 0.6000000238
9448  -10.022  -63.090  15.684 0.6000000238
10301  -5.582  -62.173  53.743 0.5000000000
131619  -3.624  -61.792  55.032 0.5000000000
128105  -7.661  -62.184  51.958 0.6000000238
10919  -3.340  -60.793  55.432 0.5000000000
9673  -9.196  -62.380  49.364 0.6999999881
10288  -3.373  -61.781  54.304 0.5000000000
11546  -3.551  -59.666  56.814 0.5000000000
118714  -10.946  -65.123  48.050 0.6999999881
119247  -4.836  -58.078  57.504 0.3000000119
122243  -10.612  -65.743  47.724 0.6999999881
133982  -7.458  -60.695  22.057 0.5000000000
10652  -9.705  -61.868  21.425 0.8000000119
134963  -7.382  -60.795  20.572 0.6000000238
11328  -7.455  -61.221  19.288 0.6000000238
10027  -8.299  -61.784  19.496 0.6999999881
10045  -6.347  -61.990  17.349 0.5000000000
10688  -6.959  -61.285  18.595 0.5000000000
10689  -7.602  -61.662  18.813 0.6000000238
10029  -13.228  -61.856  20.151 0.6000000238
9404  -8.538  -62.516  19.553 0.6999999881
114765  -12.602  -62.405  18.660 0.6000000238
9426  -12.093  -63.268  18.517 0.6000000238
10061  -12.020  -62.514  17.655 0.6000000238
10076  -11.342  -62.442  16.674 0.6000000238
117614  -5.381  -62.269  52.845 0.6000000238
9657  -7.598  -62.197  51.168 0.6000000238
10316  -5.337  -62.270  51.965 0.6000000238
118039  -3.349  -61.478  53.892 0.5000000000
10927  -3.291  -61.167  54.563 0.5000000000
119361  -5.268  -57.612  56.870 0.5000000000
11577  -3.883  -60.259  54.828 0.5000000000
8488  -11.171  -64.069  47.154 0.5000000000
10639  -8.121  -60.941  22.502 0.8000000119
10628  -8.947  -61.287  23.886 0.8000000119
10641  -11.729  -62.033  22.765 0.6999999881
10640  -9.698  -61.786  22.478 0.8000000119
133498  -10.027  -61.888  23.048 0.8000000119
11293  -7.347  -60.704  21.316 0.5000000000
121292  -8.916  -61.415  21.997 0.6999999881
11292  -6.382  -60.146  20.789 0.6000000238
10062  -12.298  -61.843  17.811 0.6000000238
10315  -4.246  -62.099  52.353 0.6000000238
9678  -9.596  -62.358  48.614 0.6999999881
9656  -6.494  -62.146  50.749 0.5000000000
10314  -3.738  -61.850  52.755 0.5000000000
12241  -5.226  -58.493  55.718 0.5000000000
9691  -11.092  -62.890  46.667 0.6000000238
11269  -7.943  -60.806  23.503 0.8000000119
132738  -9.781  -61.516  24.869 0.8000000119
10607  -10.659  -61.629  25.676 0.6999999881
11267  -6.096  -59.606  22.875 0.5000000000
10614  -9.826  -61.686  24.269 0.8000000119
10615  -10.758  -61.850  24.313 0.6999999881
121905  -11.889  -61.373  25.179 0.6000000238
11281  -7.160  -60.463  22.762 0.5000000000
11280  -6.493  -60.005  21.904 0.5000000000
11946  -5.486  -59.500  21.325 0.5000000000
118067  -8.179  -61.084  20.757 0.6000000238
11308  -5.810  -60.079  19.904 0.5000000000
11578  -5.225  -59.299  54.315 0.5000000000
9672  -8.258  -62.138  49.458 0.6999999881
9665  -6.451  -61.915  49.933 0.6000000238
10352  -9.527  -61.904  47.729 0.6999999881
10324  -4.524  -62.009  51.604 0.6000000238
114212  -4.118  -61.737  52.009 0.5000000000
11585  -3.860  -60.595  53.997 0.5000000000
10353  -10.179  -61.903  47.141 0.6000000238
12258  -5.403  -58.556  54.029 0.5000000000
13684  -5.328  -55.772  57.306 0.5000000000
14370  -6.492  -55.661  58.453 0.3000000119
120749  -7.675  -60.036  26.213 0.6999999881
11241  -8.347  -60.622  25.845 0.8000000119
10588  -10.186  -61.447  26.156 0.8000000119
11911  -6.362  -59.361  24.923 0.6999999881
122807  -6.712  -59.374  25.886 0.6000000238
11227  -9.330  -61.042  26.241 0.8000000119
11268  -6.909  -60.124  23.500 0.6000000238
116178  -7.458  -60.086  25.390 0.8000000119
124014  -11.138  -61.437  27.339 0.6000000238
11253  -8.315  -60.876  24.330 0.8000000119
11291  -5.105  -59.541  20.604 0.6000000238
10346  -7.841  -61.829  48.856 0.6000000238
10334  -5.509  -61.949  50.588 0.6000000238
14382  -5.960  -55.158  57.597 0.4000000060
10356  -10.398  -61.750  46.365 0.6000000238
15062  -6.653  -54.856  56.742 0.4000000060
11887  -5.838  -58.824  26.114 0.5000000000
115619  -12.498  -60.827  25.167 0.6000000238
10345  -7.096  -61.478  48.365 0.6000000238
11586  -5.329  -59.330  53.361 0.5000000000
113026  -7.958  -61.450  48.098 0.6000000238
9671  -6.807  -61.715  49.101 0.6999999881
130355  -4.459  -61.549  51.093 0.6000000238
10341  -5.811  -61.595  49.350 0.8000000119
126092  -5.463  -58.907  52.840 0.5000000000
12967  -5.323  -57.798  54.714 0.5000000000
125448  -4.958  -54.935  56.889 0.5000000000
114815  -5.715  -59.043  28.627 0.5000000000
121989  -5.001  -58.772  29.059 0.5000000000
11843  -7.425  -59.848  29.524 0.6999999881
11842  -6.611  -59.469  29.071 0.6000000238
11191  -8.569  -60.489  28.530 0.6999999881
132185  -9.156  -60.626  29.002 0.6999999881
11874  -5.892  -58.937  27.453 0.5000000000
11875  -7.015  -59.603  27.642 0.6000000238
11193  -10.533  -60.999  28.831 0.5000000000
11888  -6.591  -59.264  26.733 0.6000000238
11225  -7.654  -59.967  27.013 0.6999999881
11211  -9.315  -60.945  27.205 0.8000000119
11192  -9.557  -60.856  28.625 0.6999999881
10564  -10.197  -61.192  27.894 0.6000000238
11226  -8.450  -60.590  26.683 0.8000000119
10578  -11.920  -61.195  27.593 0.6000000238
11228  -12.641  -60.407  26.831 0.6000000238
11242  -12.757  -60.318  25.812 0.6000000238
125709  -8.064  -61.205  47.600 0.6999999881
11592  -5.211  -59.790  52.396 0.5000000000
10354  -8.296  -60.919  46.987 0.6000000238
10343  -5.097  -61.153  48.742 0.6999999881
10339  -4.526  -60.884  49.119 0.8000000119
12944  -4.693  -56.799  55.493 0.5000000000
12280  -4.857  -58.634  51.949 0.6000000238
12981  -5.056  -57.906  53.841 0.5000000000
14395  -3.348  -55.024  55.923 0.5000000000
11827  -7.423  -59.755  30.560 0.6000000238
11844  -8.233  -59.941  29.933 0.6999999881
11171  -9.174  -59.985  30.210 0.6999999881
11856  -6.434  -59.336  28.229 0.5000000000
11179  -8.105  -60.101  29.183 0.6999999881
11181  -9.734  -60.621  29.440 0.6999999881
11209  -7.864  -60.127  27.867 0.6999999881
11210  -8.496  -60.570  27.557 0.8000000119
11212  -12.022  -60.850  28.364 0.6000000238
10565  -11.340  -61.215  28.215 0.6000000238
11213  -12.349  -60.694  27.645 0.6000000238
135220  -12.699  -59.610  27.115 0.6000000238
10350  -7.331  -61.085  47.600 0.6000000238
10332  -4.575  -61.178  50.033 0.6000000238
10349  -5.558  -61.009  47.926 0.6999999881
132377  -4.897  -60.828  48.122 0.8000000119
12269  -4.294  -57.977  52.895 0.5000000000
12966  -3.983  -57.071  54.441 0.5000000000
10980  -7.127  -60.575  46.665 0.6000000238
117124  -4.548  -59.421  50.148 0.6000000238
15059  -3.515  -54.370  55.651 0.5000000000
15074  -5.906  -54.281  55.694 0.5000000000
131941  -6.705  -59.635  29.870 0.6000000238
11190  -7.452  -59.884  28.576 0.6999999881
11173  -11.097  -60.201  30.237 0.5000000000
11183  -11.494  -60.441  29.641 0.6000000238
11182  -10.783  -60.672  29.614 0.6000000238
11858  -12.434  -59.580  29.081 0.6000000238
11876  -12.605  -60.010  27.697 0.6000000238
10950  -4.579  -60.671  50.198 0.6000000238
13695  -3.122  -55.293  55.351 0.5000000000
10978  -4.840  -60.343  46.717 0.6999999881
120744  -4.647  -60.542  47.518 0.6999999881
11611  -4.267  -59.517  49.393 0.6999999881
12279  -3.565  -57.823  51.412 0.6000000238
12993  -3.317  -57.154  52.706 0.6000000238
15073  -4.331  -53.885  55.597 0.5000000000
10993  -5.200  -60.054  46.038 0.8000000119
12296  -3.937  -58.533  49.886 0.6999999881
12992  -3.313  -57.270  51.921 0.6000000238
14411  -3.064  -55.345  54.936 0.5000000000
121464  -4.556  -59.675  45.381 0.8000000119
113566  -6.932  -59.629  31.414 0.5000000000
11828  -8.414  -59.716  30.835 0.6999999881
121512  -7.315  -58.681  33.196 0.4000000060
11814  -8.765  -59.479  31.657 0.6999999881
11830  -10.656  -59.734  30.864 0.6999999881
11172  -10.202  -60.221  30.229 0.6999999881
11831  -11.420  -59.567  30.728 0.6000000238
11846  -12.384  -59.458  29.896 0.6000000238
15095  -4.951  -53.230  54.904 0.5000000000
10964  -3.760  -60.052  48.028 0.8000000119
11619  -3.842  -59.649  48.564 0.8000000119
15729  -7.159  -53.544  54.373 0.5000000000
12295  -3.466  -57.809  50.475 0.6999999881
134753  -3.339  -56.495  53.438 0.6000000238
15094  -3.158  -54.016  55.039 0.5000000000
15750  -7.658  -53.184  53.744 0.5000000000
10976  -3.457  -59.640  46.813 0.6999999881
11662  -4.516  -59.329  44.420 0.6000000238
11639  -3.600  -59.489  46.048 0.8000000119
11661  -3.608  -58.813  44.022 0.6000000238
11815  -9.541  -59.336  31.650 0.6999999881
12558  -9.214  -58.929  32.365 0.6000000238
11816  -10.332  -59.240  31.560 0.6000000238
11817  -11.105  -59.133  31.391 0.5000000000
11832  -12.066  -59.203  30.614 0.6000000238
14022  -9.931  -56.275  32.126 0.5000000000
132918  -8.245  -52.967  53.283 0.4000000060
10977  -4.029  -60.018  46.808 0.6999999881
134175  -3.303  -56.905  52.551 0.6000000238
14422  -3.194  -55.437  54.626 0.6000000238
15749  -5.905  -52.375  53.907 0.5000000000
16411  -9.801  -53.089  52.872 0.4000000060
11628  -3.424  -59.442  48.017 0.8000000119
12302  -3.348  -57.827  49.575 0.8000000119
133520  -3.919  -52.376  54.427 0.5000000000
12350  -2.926  -58.095  45.046 0.6000000238
13083  -3.217  -57.326  44.988 0.6000000238
115286  -8.016  -57.992  33.368 0.4000000060
13276  -8.854  -57.284  33.269 0.5000000000
12547  -10.436  -57.740  32.523 0.6000000238
14015  -9.296  -56.523  32.700 0.5000000000
14680  -8.426  -55.708  31.167 0.5000000000
14023  -10.857  -56.499  32.075 0.6000000238
128686  -3.701  -52.486  54.221 0.5000000000
10963  -3.412  -59.576  47.496 0.8000000119
14423  -3.283  -55.007  54.329 0.6000000238
16393  -6.901  -52.041  53.204 0.5000000000
126418  -3.221  -58.021  48.873 0.8000000119
15108  -3.321  -53.911  54.508 0.6000000238
16410  -8.340  -52.445  52.663 0.4000000060
12314  -3.147  -57.994  48.293 0.8000000119
13021  -3.393  -57.545  49.047 0.8000000119
120321  -3.500  -56.940  50.807 0.6999999881
14436  -3.546  -55.620  53.512 0.6000000238
15109  -3.558  -53.335  53.940 0.6000000238
13053  -3.737  -57.463  47.078 0.8000000119
119855  -3.122  -58.874  45.374 0.6999999881
13082  -3.035  -57.589  45.394 0.6000000238
13066  -3.617  -57.577  45.911 0.6999999881
14014  -8.209  -56.362  32.958 0.4000000060
12545  -8.737  -58.459  32.975 0.6000000238
125378  -8.714  -56.188  32.481 0.5000000000
14681  -9.382  -55.899  31.203 0.5000000000
14699  -10.568  -55.864  30.916 0.6000000238
13769  -3.609  -56.925  50.026 0.8000000119
125649  -3.661  -56.559  51.549 0.6999999881
13733  -4.065  -55.957  52.329 0.6999999881
123551  -3.170  -58.028  46.821 0.6999999881
13052  -3.473  -57.656  47.353 0.8000000119
13770  -4.033  -56.610  49.934 0.8000000119
125725  -4.085  -56.309  51.340 0.6999999881
13084  -4.316  -57.367  45.150 0.6999999881
13054  -4.219  -57.477  46.816 0.6000000238
13068  -5.800  -57.682  45.902 0.6999999881
14679  -7.400  -55.518  31.317 0.5000000000
13789  -3.809  -56.922  49.319 0.8000000119
16408  -3.970  -51.095  52.426 0.6000000238
13752  -5.117  -56.220  51.669 0.8000000119
13734  -5.505  -55.818  52.354 0.6999999881
13806  -3.949  -56.986  48.604 0.8000000119
13790  -4.336  -56.845  49.280 0.8000000119
116612  -4.765  -57.106  48.606 0.8000000119
13085  -5.601  -57.183  44.943 0.6999999881
12316  -6.727  -58.123  48.088 0.6000000238
13104  -6.551  -56.840  44.726 0.6000000238
12341  -7.528  -57.935  46.759 0.6999999881
18669  -7.855  -49.430  47.490 0.6000000238
19506  -9.733  -48.746  46.297 0.5000000000
14696  -6.783  -55.030  31.018 0.5000000000
14683  -11.274  -56.204  31.429 0.6000000238
122845  -7.827  -55.270  30.889 0.4000000060
15377  -7.920  -54.311  29.941 0.4000000060
13771  -4.945  -56.776  50.034 0.8000000119
14438  -5.713  -55.290  52.723 0.6000000238
13753  -6.307  -56.244  51.695 0.8000000119
13735  -6.380  -55.813  52.151 0.8000000119
16409  -4.318  -51.988  52.290 0.6000000238
13011  -5.964  -57.001  50.012 0.8000000119
14439  -6.732  -55.291  52.273 0.8000000119
18642  -8.706  -48.887  50.143 0.5000000000
12330  -7.215  -58.216  47.424 0.6999999881
112188  -7.685  -57.283  46.039 0.6999999881
13086  -7.674  -56.639  45.048 0.6000000238
18658  -6.207  -49.622  48.628 0.6000000238
19499  -9.013  -48.841  48.090 0.6000000238
115496  -9.711  -58.089  47.906 0.6000000238
119456  -6.424  -49.658  47.958 0.6000000238
134773  -5.606  -49.886  47.679 0.6000000238
14487  -11.468  -55.626  49.428 0.6000000238
15160  -12.192  -54.590  49.062 0.6000000238
127590  -12.681  -54.264  48.681 0.6000000238
132180  -11.054  -51.554  47.912 0.6000000238
17875  -10.924  -51.142  47.356 0.6000000238
15343  -5.906  -55.074  31.127 0.4000000060
16012  -7.436  -53.540  29.592 0.4000000060
15360  -7.267  -54.707  30.496 0.5000000000
19494  -8.794  -48.694  48.978 0.5000000000
12317  -7.801  -58.451  48.122 0.6999999881
13040  -8.350  -58.124  48.798 0.6999999881
13041  -9.342  -58.013  48.746 0.6999999881
18657  -5.370  -49.924  48.132 0.6000000238
13024  -9.804  -57.358  49.439 0.6999999881
13025  -10.754  -57.173  49.134 0.6000000238
120882  -11.691  -54.961  49.353 0.6000000238
17127  -11.621  -52.074  48.317 0.6000000238
17876  -11.586  -50.847  46.992 0.6000000238
18688  -13.171  -49.945  46.078 0.5000000000
15359  -6.171  -54.705  30.631 0.5000000000
130042  -7.793  -57.520  49.652 0.8000000119
13774  -8.503  -56.510  50.695 0.6999999881
125787  -8.607  -53.740  50.877 0.6000000238
15789  -8.007  -52.724  50.750 0.6000000238
17104  -5.613  -50.430  49.500 0.6000000238
17847  -5.357  -50.086  49.238 0.6000000238
13014  -8.604  -57.063  50.032 0.6999999881
115888  -9.453  -55.116  50.620 0.6999999881
15790  -8.928  -53.118  50.260 0.6000000238
16460  -8.244  -51.796  49.435 0.6000000238
17874  -5.708  -49.899  47.643 0.5000000000
131380  -8.889  -57.636  49.437 0.6999999881
133341  -9.202  -57.224  49.773 0.6999999881
128344  -8.976  -52.299  49.043 0.5000000000
16475  -8.378  -51.863  48.711 0.5000000000
17152  -6.904  -51.844  46.862 0.5000000000
128727  -5.515  -50.264  46.772 0.5000000000
13791  -10.362  -56.613  49.713 0.8000000119
15801  -9.650  -53.384  49.797 0.6000000238
17133  -7.818  -51.906  47.478 0.5000000000
17168  -5.248  -51.773  45.437 0.5000000000
17182  -4.246  -52.222  44.048 0.4000000060
17199  -7.234  -51.759  43.814 0.3000000119
14486  -10.749  -55.817  49.817 0.6000000238
15802  -10.376  -53.455  49.412 0.6000000238
16476  -9.290  -52.172  48.619 0.5000000000
17126  -9.650  -51.889  48.160 0.6000000238
125042  -7.169  -51.789  46.114 0.5000000000
17184  -6.279  -52.033  44.594 0.5000000000
117115  -8.846  -51.085  43.127 0.3000000119
16462  -10.616  -52.906  48.946 0.6000000238
129875  -10.862  -52.424  48.605 0.6000000238
17134  -9.062  -51.691  47.468 0.6000000238
17171  -8.589  -51.474  46.166 0.5000000000
17926  -8.841  -51.002  44.601 0.5000000000
17957  -10.191  -50.418  42.678 0.3000000119
17155  -9.976  -51.260  47.043 0.6000000238
17911  -10.610  -50.572  45.699 0.6000000238
17944  -10.109  -50.385  43.601 0.5000000000
18744  -11.959  -49.771  43.548 0.5000000000
18709  -12.014  -49.885  45.081 0.6000000238
16001  -5.777  -54.141  30.226 0.4000000060
17124  -7.418  -51.533  48.276 0.5000000000
14473  -9.640  -55.731  50.461 0.6999999881
17958  -10.966  -50.101  42.192 0.3000000119
17942  -8.414  -51.228  43.881 0.3000000119
18758  -11.831  -49.793  42.675 0.4000000060
16692  -6.544  -52.260  29.075 0.4000000060
17371  -7.270  -50.975  28.029 0.4000000060
17372  -8.231  -51.444  28.205 0.6000000238
17380  -8.745  -50.715  27.648 0.6000000238
20370  -23.454  -47.310  39.750 0.4000000060
19583  -20.404  -48.107  40.406 0.4000000060
20350  -22.220  -47.746  40.414 0.4000000060
20399  -24.957  -47.386  38.558 0.4000000060
113116  -15.727  -50.142  39.443 0.4000000060
18006  -17.129  -50.755  38.582 0.4000000060
130602  -18.889  -49.687  38.297 0.4000000060
20409  -25.727  -47.456  37.005 0.4000000060
19685  -25.990  -48.087  35.146 0.5000000000
19636  -15.011  -48.890  38.169 0.3000000119
18847  -14.242  -49.138  38.752 0.3000000119
18848  -15.579  -49.562  38.633 0.3000000119
19604  -19.730  -48.127  39.371 0.4000000060
21154  -24.495  -46.588  38.678 0.4000000060
21161  -25.406  -46.664  37.529 0.4000000060
18027  -17.929  -50.770  37.852 0.4000000060
21171  -25.947  -46.360  35.905 0.4000000060
114282  -16.180  -49.398  38.171 0.3000000119
21178  -26.235  -46.581  35.006 0.5000000000
19601  -17.443  -49.096  38.123 0.3000000119
20365  -19.530  -47.941  39.164 0.5000000000
134951  -26.284  -45.130  35.433 0.4000000060
134549  -26.507  -45.704  32.367 0.5000000000
124373  -26.349  -46.725  34.142 0.5000000000
19637  -16.035  -48.856  38.052 0.3000000119
22596  -26.763  -44.793  33.305 0.5000000000
22606  -26.336  -44.855  30.848 0.5000000000
22600  -26.702  -44.610  31.616 0.5000000000
23298  -27.323  -43.229  33.705 0.4000000060
24095  -27.097  -42.927  32.161 0.5000000000
23314  -27.033  -44.203  32.519 0.5000000000
23352  -24.848  -43.583  29.690 0.5000000000
127581  -25.467  -43.643  29.917 0.5000000000
24965  -26.737  -42.530  31.721 0.5000000000
24083  -27.279  -42.743  32.664 0.5000000000
114696  -25.911  -43.247  30.363 0.5000000000
23332  -24.937  -42.944  30.199 0.5000000000
119331  -24.236  -43.113  29.635 0.5000000000
24105  -25.552  -42.471  30.774 0.5000000000
24114  -23.672  -42.534  29.363 0.5000000000
24104  -24.773  -42.157  30.757 0.5000000000
25923  -23.676  -40.727  28.553 0.4000000060
25909  -24.341  -40.468  29.884 0.5000000000
116232  -23.592  -41.342  28.907 0.5000000000
26862  -19.395  -39.724  26.966 0.3000000119
25942  -23.031  -40.427  27.663 0.4000000060
25940  -21.093  -40.290  26.566 0.3000000119
122535  -24.392  -40.083  31.282 0.3000000119
26842  -24.467  -39.372  29.615 0.4000000060
131343  -20.532  -39.098  26.409 0.3000000119
27776  -22.576  -38.967  26.603 0.3000000119
213  -15.596  -82.431  35.958 0.6000000238
1572  -16.740  -77.384  38.579 0.8000000119
396  -16.224  -81.464  32.216 0.5000000000
2495  -17.893  -74.986  39.752 0.6999999881
1678  -17.938  -77.324  31.295 0.6000000238
123219  -11.383  -79.121  49.548 0.6999999881
1211  -19.430  -78.908  35.221 0.6999999881
2383  -8.953  -75.435  51.292 0.6000000238
117571  -9.421  -76.284  48.999 0.6000000238
118978  -9.224  -77.271  45.308 0.8000000119
1944  -8.459  -76.994  45.204 1.0000000000
2610  -22.875  -76.177  31.912 0.6000000238
1680  -21.132  -77.810  31.672 0.6999999881
2390  -9.365  -75.385  49.285 0.6000000238
1502  -6.325  -77.951  45.539 0.8999999762
4096  -13.143  -72.513  43.254 0.6999999881
3594  -11.683  -73.020  40.184 0.8999999762
481  -8.980  -81.847  23.699 0.6000000238
1942  -5.684  -76.395  46.479 0.8999999762
3551  -11.427  -73.344  43.625 0.8999999762
733  -25.516  -79.838  22.692 0.5000000000
2831  -10.434  -74.674  14.696 0.6999999881
1359  -11.361  -78.568  23.717 0.6999999881
1013  -26.011  -79.243  21.960 0.6000000238
1380  -13.774  -78.567  22.514 0.6999999881
1401  -14.163  -78.721  20.563 0.6999999881
6137  -2.138  -68.270  57.257 0.5000000000
4609  -3.265  -71.641  49.127 0.6000000238
123605  -12.245  -76.251  23.496 0.6000000238
1802  -14.843  -78.051  21.189 0.5000000000
1837  -14.790  -77.255  18.481 0.6000000238
134359  -13.237  -79.324  19.075 0.6999999881
115574  -16.788  -80.854  20.147 0.5000000000
128769  -3.329  -69.800  49.971 0.8000000119
129782  -13.816  -77.980  17.869 0.6000000238
7236  -4.538  -66.274  55.408 0.6000000238
4942  -13.154  -71.037  19.048 0.5000000000
2283  -21.600  -76.544  18.535 0.4000000060
5683  -7.518  -69.511  49.806 0.6000000238
10247  -6.252  -62.220  59.059 0.4000000060
6524  -11.063  -68.783  14.625 0.6000000238
7067  -10.650  -67.984  15.306 0.6000000238
11517  -3.220  -59.660  58.872 0.3000000119
10667  -9.455  -61.942  20.697 0.8000000119
130240  -12.741  -63.096  20.223 0.6000000238
10651  -8.900  -61.477  21.061 0.8000000119
9683  -10.360  -62.466  47.806 0.6999999881
126596  -10.784  -63.074  48.089 0.6999999881
11252  -7.291  -60.260  24.388 0.6999999881
113142  -8.252  -60.706  25.041 0.8000000119
123874  -5.400  -56.837  56.944 0.5000000000
111947  -9.497  -61.346  46.826 0.6000000238
128036  -5.322  -57.557  55.857 0.5000000000
10970  -5.435  -60.673  47.244 0.6000000238
126278  -3.531  -57.117  53.509 0.5000000000
11826  -6.357  -59.478  30.601 0.4000000060
15072  -3.072  -54.803  55.289 0.5000000000
11648  -3.702  -59.304  45.034 0.6999999881
123307  -3.122  -58.775  46.921 0.6999999881
118638  -3.262  -57.170  44.263 0.6000000238
14016  -10.276  -56.792  32.528 0.6000000238
13286  -11.962  -57.666  31.732 0.6000000238
16428  -9.075  -52.241  52.029 0.5000000000
14669  -7.078  -55.890  32.440 0.4000000060
14671  -9.056  -55.988  32.006 0.5000000000
14697  -8.815  -55.487  30.842 0.4000000060
129143  -6.462  -49.830  47.082 0.5000000000
18687  -7.966  -49.414  46.335 0.5000000000
18668  -5.485  -50.071  47.251 0.5000000000
13754  -7.227  -56.107  51.712 0.8000000119
18640  -5.858  -49.690  49.927 0.6000000238
113704  -5.664  -50.154  46.586 0.5000000000
18686  -6.637  -49.812  46.063 0.5000000000
17891  -5.290  -50.462  46.258 0.5000000000
17125  -8.651  -51.992  48.051 0.5000000000
121144  -6.673  -53.827  29.759 0.5000000000
13039  -7.259  -58.016  48.819 0.6000000238
13012  -6.895  -57.008  50.242 0.8000000119
13755  -8.158  -56.031  51.347 0.8000000119
17170  -8.136  -51.467  45.400 0.6000000238
17892  -9.748  -51.014  46.294 0.6000000238
18729  -12.621  -49.584  44.302 0.5000000000
16677  -6.590  -53.147  29.441 0.5000000000
117966  -11.113  -50.205  44.985 0.6000000238
17214  -8.096  -51.928  41.397 0.3000000119
18779  -12.375  -49.647  41.223 0.3000000119
20366  -20.232  -47.407  39.527 0.5000000000
19638  -17.972  -49.964  37.576 0.3000000119
21891  -26.549  -45.368  33.935 0.5000000000
112192  -26.728  -44.020  34.931 0.4000000060
24060  -27.339  -42.526  34.154 0.4000000060
24963  -25.832  -41.409  31.789 0.4000000060
539  -20.874  -81.625  40.721 0.5000000000
124741  -21.676  -81.752  40.657 0.5000000000
111305  -17.774  -81.070  43.327 0.5000000000
524  -18.987  -81.576  42.284 0.5000000000
526  -19.532  -81.569  42.103 0.5000000000
135502  -22.304  -81.945  40.287 0.5000000000
124787  -22.787  -82.043  39.583 0.5000000000
132098  -16.889  -73.219  56.799 0.4000000060
783  -17.325  -79.646  45.849 0.5000000000
528  -20.784  -81.354  41.909 0.5000000000
848  -23.819  -80.212  36.664 0.6000000238
561  -24.198  -81.121  37.085 0.6000000238
123812  -21.531  -80.281  35.156 0.6999999881
565  -23.037  -80.908  35.698 0.6000000238
3404  -16.151  -73.174  57.152 0.3000000119
1214  -21.730  -78.303  35.217 0.6999999881
1213  -20.852  -78.785  35.220 0.6999999881
1621  -19.894  -77.547  34.922 0.6999999881
1190  -28.363  -79.167  37.590 0.3000000119
2585  -18.559  -75.601  33.082 0.6999999881
1233  -27.903  -78.657  34.246 0.5000000000
2060  -10.445  -75.705  35.679 0.6999999881
3162  -19.313  -74.767  32.045 0.6999999881
274  -25.987  -82.539  30.463 0.6999999881
735  -7.998  -80.590  21.802 0.5000000000
708  -7.910  -80.869  22.833 0.5000000000
1365  -22.747  -78.766  23.727 0.5000000000
1001  -22.402  -79.943  23.321 0.5000000000
135335  -20.914  -73.335  32.378 0.6000000238
3154  -22.635  -74.093  32.677 0.6000000238
3361  -6.957  -73.436  15.371 0.5000000000
120871  -25.843  -81.643  28.121 0.6000000238
284  -26.199  -82.184  29.684 0.6999999881
681  -27.062  -80.551  26.620 0.5000000000
698  -8.561  -81.394  24.061 0.5000000000
740  -22.488  -80.188  21.855 0.6000000238
123898  -22.136  -79.606  22.546 0.5000000000
2935  -4.690  -74.811  47.303 0.8000000119
118623  -7.262  -75.197  16.840 0.6999999881
727  -9.508  -81.516  22.717 0.8000000119
741  -23.183  -80.407  21.730 0.6000000238
747  -22.815  -80.248  20.969 0.6999999881
1405  -21.026  -79.373  20.218 0.5000000000
5515  -6.565  -69.933  14.286 0.6999999881
711  -10.281  -81.538  22.812 0.8000000119
723  -27.934  -79.814  24.016 0.4000000060
1014  -27.450  -78.689  22.817 0.4000000060
1402  -18.012  -78.613  19.857 0.5000000000
1430  -20.836  -79.664  17.868 0.4000000060
1782  -14.623  -77.255  23.070 0.5000000000
122655  -18.746  -78.648  17.516 0.4000000060
1437  -17.884  -78.654  17.361 0.4000000060
7745  -4.077  -65.619  61.730 0.3000000119
117078  -26.957  -77.895  21.948 0.4000000060
6167  -3.724  -68.411  51.982 0.6999999881
5667  -3.321  -68.939  50.941 0.6000000238
5156  -3.844  -70.298  48.887 0.6000000238
113833  -6.734  -67.653  15.420 0.6999999881
1767  -13.386  -76.812  24.496 0.5000000000
6680  -4.325  -67.621  50.815 0.6000000238
115008  -6.691  -68.105  17.069 0.6999999881
7289  -10.322  -66.393  48.284 0.6999999881
7303  -8.732  -67.217  47.130 0.6000000238
7863  -10.641  -65.601  48.596 0.6000000238
7874  -11.017  -64.971  47.219 0.6999999881
8478  -11.059  -63.577  47.739 0.6999999881
9092  -11.152  -63.397  47.096 0.6999999881
13654  -6.587  -55.954  58.921 0.3000000119
128330  -10.372  -61.961  21.905 0.8000000119
112226  -10.616  -62.198  21.577 0.8000000119
120229  -13.087  -61.958  21.747 0.6000000238
10668  -13.242  -61.904  20.949 0.6000000238
10690  -12.969  -61.701  19.290 0.6000000238
11330  -13.168  -61.079  19.871 0.6000000238
9701  -10.784  -62.645  45.549 0.5000000000
12933  -5.447  -56.636  57.845 0.4000000060
14366  -6.241  -55.908  58.947 0.3000000119
13665  -7.151  -55.778  58.260 0.3000000119
114396  -11.212  -61.919  23.549 0.6999999881
10616  -11.601  -61.643  24.349 0.6000000238
14383  -7.068  -55.290  57.494 0.3000000119
14396  -7.643  -55.026  56.494 0.3000000119
12270  -5.399  -58.570  53.435 0.5000000000
15076  -8.265  -54.845  55.658 0.4000000060
14380  -4.129  -54.884  56.462 0.5000000000
15060  -4.369  -54.559  56.244 0.5000000000
15075  -7.303  -54.603  55.796 0.4000000060
15097  -7.875  -54.341  54.984 0.4000000060
12613  -12.546  -59.020  27.870 0.6000000238
15096  -6.607  -53.910  54.988 0.5000000000
12359  -2.896  -57.983  43.389 0.5000000000
130961  -7.817  -59.577  31.734 0.6999999881
16374  -4.278  -51.582  53.823 0.6000000238
132342  -3.778  -52.991  53.605 0.6000000238
17044  -4.805  -51.044  53.383 0.6000000238
120844  -7.217  -51.439  52.642 0.5000000000
129239  -9.610  -51.924  51.626 0.5000000000
17055  -4.600  -50.505  52.828 0.6000000238
19495  -9.657  -48.237  48.817 0.5000000000
13070  -8.426  -57.688  46.637 0.6000000238
18670  -9.004  -49.103  46.932 0.5000000000
12318  -8.797  -58.442  48.045 0.6999999881
13055  -9.076  -58.073  47.275 0.6000000238
13071  -9.883  -57.574  46.992 0.6000000238
117657  -11.173  -56.426  49.345 0.6000000238
16478  -12.448  -52.838  48.423 0.6000000238
16489  -12.741  -52.009  47.932 0.6000000238
17136  -11.942  -51.320  47.614 0.6000000238
17878  -13.310  -50.634  46.640 0.5000000000
17054  -4.220  -50.568  52.320 0.6000000238
17809  -5.600  -49.964  51.935 0.6000000238
131653  -7.837  -49.296  50.620 0.5000000000
15776  -5.704  -52.467  51.850 0.6999999881
19480  -9.242  -48.511  49.452 0.5000000000
19479  -8.146  -48.854  49.566 0.5000000000
135110  -9.744  -48.386  48.191 0.5000000000
18708  -7.639  -49.377  45.324 0.3000000119
13042  -10.259  -57.715  48.612 0.6000000238
18710  -12.950  -49.646  45.320 0.6000000238
116635  -13.425  -49.418  43.892 0.5000000000
15117  -6.928  -54.325  52.093 0.8000000119
14453  -7.683  -55.306  51.803 0.8000000119
18641  -7.350  -49.144  50.147 0.6000000238
14454  -8.435  -55.266  51.380 0.6999999881
130185  -7.765  -53.254  51.283 0.8000000119
17090  -5.237  -50.380  50.363 0.6000000238
18707  -6.448  -49.833  45.176 0.5000000000
18706  -5.274  -50.213  45.013 0.5000000000
126492  -8.032  -52.972  29.298 0.5000000000
14472  -9.016  -55.786  50.923 0.6999999881
16678  -7.308  -52.645  29.175 0.5000000000
18781  -14.532  -49.502  41.086 0.4000000060
21125  -21.342  -46.631  39.401 0.5000000000
21127  -23.032  -46.465  39.341 0.4000000060
125568  -19.844  -46.954  39.414 0.4000000060
22585  -25.701  -44.533  36.521 0.4000000060
117666  -26.465  -43.958  35.590 0.4000000060
23289  -26.959  -43.292  35.230 0.4000000060
25829  -26.978  -41.252  33.613 0.4000000060
24949  -27.019  -42.219  32.334 0.5000000000
24995  -24.373  -41.666  30.459 0.5000000000
24962  -24.847  -41.372  32.079 0.3000000119
24947  -25.577  -40.969  32.620 0.3000000119
25894  -24.379  -40.952  30.849 0.4000000060
24093  -25.104  -41.878  31.404 0.5000000000
135383  -6.897  -57.663  46.218 0.6999999881
111625  -18.605  -81.390  42.806 0.5000000000
541  -23.124  -81.699  40.246 0.5000000000
801  -20.070  -81.192  42.522 0.5000000000
1215  -22.435  -78.241  35.457 0.6999999881
856  -22.419  -79.114  35.387 0.6999999881
1012  -22.058  -79.950  21.901 0.6000000238
988  -28.770  -79.496  24.018 0.3000000119
1838  -19.194  -78.198  18.954 0.4000000060
1429  -19.954  -79.094  18.192 0.4000000060
5979  -6.989  -68.755  15.224 0.6999999881
6217  -7.706  -68.286  48.203 0.6000000238
6722  -7.117  -67.513  48.008 0.6000000238
6723  -8.189  -67.783  47.659 0.6999999881
10653  -12.300  -62.120  22.170 0.6999999881
10642  -12.663  -61.671  22.685 0.6000000238
13698  -7.962  -55.735  56.331 0.3000000119
13686  -7.618  -55.320  56.691 0.3000000119
17811  -8.580  -50.165  51.151 0.5000000000
13056  -10.630  -57.608  47.692 0.6000000238
115998  -6.629  -50.101  51.973 0.6000000238
18612  -6.409  -49.687  51.420 0.6000000238
117998  -7.638  -49.541  51.100 0.6000000238
17067  -4.441  -50.766  51.740 0.6000000238
18611  -5.280  -49.870  51.339 0.6000000238
16426  -4.725  -51.507  51.698 0.6000000238
18624  -6.756  -49.405  50.743 0.6000000238
15128  -8.014  -54.273  51.517 0.8000000119
16427  -6.677  -52.235  51.338 0.6999999881
18623  -5.548  -49.743  50.764 0.6000000238
130285  -27.067  -41.243  34.940 0.4000000060
18625  -8.629  -49.504  50.658 0.5000000000
17089  -4.909  -50.357  51.129 0.6000000238
179  -14.306  -83.530  40.251 0.5000000000
336  -13.924  -82.328  41.382 0.6999999881
95  -13.712  -84.110  39.263 0.5000000000
173  -14.435  -82.812  40.976 0.6999999881
181  -16.063  -82.185  39.234 0.5000000000
114173  -17.061  -81.617  39.076 0.8000000119
831  -17.279  -79.650  38.534 0.8000000119
1169  -17.714  -78.736  37.853 0.8000000119
129659  -18.445  -80.504  37.791 0.8000000119
185  -14.741  -83.595  39.309 0.5000000000
199  -15.452  -82.570  37.199 0.5000000000
1182  -13.391  -78.915  37.904 0.8999999762
839  -13.266  -79.846  38.224 0.8000000119
823  -13.445  -79.831  40.079 0.6999999881
1167  -13.637  -78.513  38.435 0.8999999762
1171  -19.732  -78.788  38.173 0.6999999881
826  -19.806  -80.461  40.544 0.6000000238
1149  -18.681  -79.449  40.922 0.6999999881
118933  -19.805  -82.552  37.254 0.8000000119
559  -20.489  -80.741  37.708 0.8000000119
841  -19.782  -80.056  37.659 0.8000000119
358  -18.272  -82.587  37.892 0.8000000119
201  -18.678  -83.130  36.902 0.8000000119
384  -16.909  -81.428  34.672 0.6000000238
225  -15.696  -82.428  34.814 0.6000000238
628  -16.129  -80.919  30.301 0.5000000000
409  -15.949  -81.987  31.465 0.5000000000
615  -16.126  -81.148  31.278 0.5000000000
1509  -16.046  -78.083  45.744 0.5000000000
1510  -16.196  -78.865  46.324 0.5000000000
133767  -16.368  -78.086  44.283 0.5000000000
1101  -16.576  -79.658  45.533 0.5000000000
788  -16.859  -80.194  44.275 0.5000000000
769  -17.588  -79.162  47.920 0.3000000119
128790  -17.019  -77.972  42.855 0.6000000238
128700  -17.152  -80.361  43.242 0.5000000000
1499  -15.970  -77.942  46.413 0.4000000060
1556  -17.905  -77.457  40.761 0.6999999881
2443  -15.271  -76.044  45.362 0.6999999881
1966  -16.461  -76.445  43.524 0.6999999881
1586  -19.120  -78.208  38.549 0.6999999881
825  -16.293  -79.546  39.803 0.8000000119
538  -15.999  -80.765  40.527 0.8000000119
1183  -18.346  -78.875  37.677 0.8000000119
549  -21.933  -81.751  38.661 0.6000000238
540  -21.581  -81.626  39.761 0.6000000238
123977  -20.778  -80.417  37.937 0.6999999881
530  -14.087  -80.906  42.085 0.8000000119
920  -16.976  -79.621  29.643 0.6000000238
657  -18.013  -80.586  28.330 0.5000000000
899  -19.661  -79.952  31.602 0.8000000119
422  -18.781  -81.910  31.641 0.6999999881
121330  -14.744  -73.643  56.679 0.4000000060
2886  -13.782  -74.467  53.570 0.6000000238
3430  -15.470  -73.385  54.210 0.5000000000
3445  -14.452  -73.049  52.770 0.6000000238
2908  -15.472  -74.088  51.111 0.6000000238
1471  -17.091  -77.310  50.142 0.3000000119
1478  -16.768  -77.716  49.291 0.3000000119
3444  -13.776  -73.155  52.458 0.6000000238
2393  -15.472  -75.256  49.522 0.5000000000
2394  -16.169  -75.996  50.046 0.5000000000
116420  -14.398  -74.050  48.979 0.6000000238
123363  -10.561  -80.530  42.818 0.8999999762
116721  -14.252  -74.501  45.179 0.6999999881
3513  -13.847  -73.830  46.548 0.6999999881
123367  -17.886  -75.650  40.359 0.6999999881
814  -13.711  -79.969  41.858 0.8000000119
1168  -16.932  -78.515  38.523 0.8000000119
2028  -16.996  -76.420  38.507 0.8000000119
842  -20.256  -79.734  37.885 0.8000000119
123313  -16.537  -81.441  33.794 0.5000000000
601  -20.449  -81.734  32.660 0.6999999881
602  -21.260  -81.717  32.650 0.8999999762
1880  -13.177  -76.713  53.201 0.5000000000
1865  -9.135  -74.829  54.603 0.5000000000
1462  -11.760  -77.948  51.381 0.6000000238
1892  -12.886  -76.028  51.095 0.6000000238
2387  -16.559  -75.660  50.829 0.4000000060
2385  -12.222  -74.766  50.046 0.6000000238
2391  -12.059  -74.901  49.343 0.6999999881
110552  -17.222  -80.771  43.832 0.5000000000
1146  -13.763  -78.035  41.173 0.8999999762
1553  -13.591  -77.500  40.743 0.8999999762
1147  -14.062  -77.742  41.343 0.8000000119
122780  -15.112  -79.054  41.103 0.8000000119
120456  -16.367  -76.615  38.963 0.8000000119
1216  -27.361  -78.657  35.086 0.5000000000
573  -18.128  -81.341  35.279 0.6000000238
123963  -19.496  -80.697  35.345 0.8000000119
1246  -27.198  -78.593  33.450 0.6000000238
121466  -24.338  -77.782  32.685 0.6000000238
1261  -24.425  -78.632  32.637 0.5000000000
247  -22.005  -83.235  32.709 0.8000000119
119545  -20.851  -83.638  32.399 0.6000000238
1097  -8.211  -79.313  45.190 1.0000000000
113843  -17.110  -73.473  55.782 0.4000000060
2909  -16.210  -74.874  51.159 0.5000000000
766  -11.735  -79.799  47.781 0.6999999881
761  -10.983  -79.527  48.624 0.6999999881
791  -7.526  -80.250  43.935 0.8999999762
4023  -12.699  -73.015  48.863 0.6999999881
110558  -16.593  -77.733  43.628 0.6000000238
2481  -17.582  -75.618  41.148 0.6999999881
816  -19.251  -81.137  41.557 0.5000000000
2492  -13.920  -75.750  40.739 0.8999999762
1993  -14.723  -76.074  40.630 0.8999999762
872  -17.060  -79.619  32.996 0.6000000238
1693  -19.978  -76.755  30.929 0.6999999881
605  -24.205  -80.809  32.920 0.5000000000
874  -25.957  -79.868  32.981 0.5000000000
390  -25.220  -82.024  33.653 0.6000000238
249  -24.018  -82.954  33.051 0.6999999881
117906  -23.583  -82.653  33.133 0.8000000119
236  -25.621  -82.227  33.310 0.6999999881
121  -24.265  -83.127  32.337 0.6999999881
1507  -10.189  -79.261  45.468 0.8000000119
1883  -9.275  -75.799  52.427 0.5000000000
784  -6.914  -79.643  44.800 0.8999999762
1928  -5.894  -76.680  46.891 0.8999999762
1096  -7.310  -79.066  45.740 1.0000000000
1468  -10.105  -77.882  50.372 0.6000000238
803  -6.620  -79.534  41.841 0.8000000119
802  -6.266  -79.534  41.318 0.6999999881
3016  -16.960  -74.224  41.460 0.8000000119
1197  -10.626  -78.430  36.735 0.6000000238
1609  -13.277  -76.704  36.915 1.0000000000
3612  -17.027  -73.719  39.595 0.8000000119
1607  -11.656  -77.177  36.325 0.6999999881
1260  -23.505  -78.675  32.200 0.5000000000
903  -23.057  -79.521  32.107 0.6999999881
888  -23.892  -79.598  32.500 0.5000000000
437  -20.757  -82.191  30.103 0.6000000238
281  -23.446  -83.059  30.079 0.6999999881
647  -23.223  -81.023  29.878 0.5000000000
438  -23.038  -82.525  30.085 0.6999999881
3941  -4.633  -72.207  58.933 0.3000000119
3394  -5.227  -73.488  57.558 0.4000000060
3950  -14.221  -72.587  58.038 0.3000000119
125610  -5.451  -74.496  56.057 0.6000000238
2379  -9.174  -76.016  51.047 0.6000000238
1889  -8.950  -75.620  51.807 0.6000000238
131662  -9.459  -76.303  51.732 0.6000000238
787  -11.714  -80.362  44.844 0.8999999762
1099  -11.206  -80.178  45.668 0.8999999762
1100  -12.294  -79.408  45.731 0.8000000119
134021  -11.564  -80.111  46.275 0.8000000119
1519  -11.901  -78.258  44.485 0.8999999762
1114  -11.058  -79.753  43.350 0.8999999762
1145  -9.708  -78.393  40.908 0.8999999762
2007  -8.976  -76.712  39.224 0.8000000119
2008  -9.801  -76.548  39.447 0.8999999762
2507  -10.509  -75.320  39.422 0.8999999762
2523  -10.346  -75.293  38.590 1.0000000000
116684  -10.424  -74.844  37.754 0.8999999762
134374  -13.577  -74.764  38.226 1.0000000000
115731  -21.020  -81.604  41.366 0.5000000000
3076  -13.425  -74.327  37.759 1.0000000000
2104  -23.389  -76.291  32.285 0.6000000238
1681  -22.514  -77.490  31.749 0.6999999881
129  -24.617  -83.022  31.473 0.6999999881
130  -25.506  -82.729  31.365 0.6999999881
146  -25.395  -82.587  29.756 0.6000000238
302  -23.493  -82.301  27.331 0.6000000238
489  -24.058  -81.424  24.804 0.6000000238
467  -22.800  -81.854  26.470 0.6000000238
2370  -8.215  -75.006  52.540 0.6000000238
2345  -5.914  -74.942  54.761 0.6000000238
111882  -6.192  -77.580  44.499 0.8999999762
765  -11.066  -79.832  48.023 0.6999999881
1482  -9.789  -78.214  48.620 0.6999999881
1487  -9.802  -77.418  47.597 0.6999999881
1082  -10.647  -79.410  47.517 0.6999999881
124137  -9.730  -77.245  46.464 0.6999999881
1932  -12.133  -77.012  46.247 0.8000000119
2470  -10.871  -75.992  42.749 0.8000000119
127985  -15.203  -73.890  42.839 0.8000000119
3090  -10.843  -74.797  36.220 0.8999999762
113485  -20.861  -76.972  31.541 0.6999999881
2117  -21.528  -76.305  31.593 0.6000000238
251  -26.563  -81.688  33.076 0.6000000238
124618  -9.524  -74.700  48.308 0.6999999881
3044  -10.885  -74.226  39.304 0.8999999762
1832  -7.881  -77.152  18.269 0.6000000238
2287  -7.501  -77.066  18.665 0.6000000238
1015  -7.773  -80.082  21.181 0.5000000000
1030  -8.821  -80.189  20.627 0.6000000238
292  -25.026  -82.474  28.273 0.6000000238
303  -24.222  -82.487  27.802 0.6000000238
977  -22.625  -80.560  24.866 0.5000000000
119428  -22.698  -79.861  24.201 0.5000000000
731  -22.788  -80.428  22.573 0.6000000238
2884  -5.252  -74.415  53.726 0.6000000238
5114  -4.298  -70.383  52.301 0.8000000119
114064  -2.949  -71.085  50.696 0.8000000119
2893  -7.159  -74.554  53.164 0.6000000238
2894  -7.973  -74.891  52.624 0.6000000238
3970  -3.543  -73.470  54.727 0.6000000238
2936  -5.590  -75.233  47.574 0.8999999762
3473  -9.357  -73.568  49.698 0.8000000119
3015  -11.078  -74.249  41.097 0.8999999762
111662  -7.553  -76.251  18.539 0.6000000238
2301  -8.033  -75.842  16.866 0.6000000238
133600  -10.309  -77.220  17.844 0.6999999881
135504  -9.624  -72.827  14.415 0.6999999881
121762  -10.089  -78.807  19.818 0.8000000119
709  -8.328  -81.433  23.243 0.5000000000
672  -26.703  -80.932  27.170 0.5000000000
671  -26.224  -81.202  27.597 0.5000000000
470  -26.463  -81.199  26.264 0.6000000238
128394  -25.541  -82.124  27.883 0.6999999881
469  -25.179  -81.974  26.881 0.6000000238
450  -25.620  -82.092  28.388 0.6999999881
705  -26.964  -80.132  24.064 0.4000000060
498  -23.438  -81.155  24.025 0.6000000238
485  -12.003  -82.297  24.438 0.5000000000
732  -23.570  -80.554  22.485 0.6000000238
123646  -24.537  -80.260  22.466 0.5000000000
132609  -2.840  -71.821  56.409 0.6000000238
2312  -10.217  -75.945  15.728 0.6999999881
2786  -12.408  -75.256  18.781 0.6999999881
1801  -11.363  -77.717  21.336 0.6999999881
1790  -10.790  -78.789  22.583 0.8000000119
493  -12.408  -82.463  23.687 0.5000000000
116938  -25.030  -81.355  25.340 0.5000000000
721  -25.205  -80.431  23.595 0.5000000000
124733  -21.806  -79.726  21.305 0.6000000238
5607  -3.269  -69.354  59.135 0.3000000119
131655  -2.471  -70.604  56.656 0.5000000000
3964  -3.436  -72.776  55.044 0.6000000238
3997  -6.948  -73.087  51.342 0.6999999881
4020  -6.836  -72.232  49.750 0.8000000119
2810  -12.083  -75.530  15.981 0.6999999881
3333  -12.883  -74.758  19.109 0.6000000238
4979  -9.399  -72.001  17.609 0.6999999881
712  -10.918  -81.454  22.835 0.6999999881
329  -14.001  -82.220  22.272 0.5000000000
729  -15.997  -81.157  22.546 0.5000000000
119586  -15.233  -81.905  21.578 0.5000000000
1046  -21.666  -80.336  18.958 0.5000000000
1404  -20.450  -78.639  19.895 0.5000000000
5617  -2.615  -69.162  56.658 0.6000000238
4581  -5.045  -71.697  52.392 0.8000000119
3995  -5.252  -72.934  51.524 0.6999999881
3325  -13.698  -74.275  20.559 0.6000000238
1032  -12.800  -80.389  20.071 0.6999999881
1412  -13.092  -79.532  18.428 0.6999999881
1807  -26.142  -77.376  20.431 0.5000000000
511  -15.614  -81.593  20.774 0.5000000000
1053  -16.171  -79.835  17.774 0.5000000000
1830  -23.596  -77.926  19.017 0.5000000000
1433  -23.188  -78.681  18.566 0.5000000000
1051  -22.258  -79.792  18.164 0.5000000000
7197  -3.467  -66.018  59.992 0.3000000119
5138  -7.945  -69.921  51.190 0.8000000119
6139  -3.381  -68.651  56.398 0.5000000000
6140  -4.568  -69.108  56.404 0.6999999881
114793  -15.458  -76.728  18.888 0.5000000000
1445  -14.307  -77.809  15.717 0.5000000000
508  -12.834  -81.294  20.589 0.6999999881
1055  -13.522  -78.928  16.705 0.6999999881
1446  -15.346  -77.644  14.843 0.5000000000
2275  -24.760  -76.754  20.031 0.4000000060
514  -14.903  -81.260  19.593 0.6999999881
1828  -21.827  -77.475  18.198 0.5000000000
114353  -22.436  -78.751  18.030 0.5000000000
113748  -20.332  -78.800  17.073 0.5000000000
7826  -8.064  -65.164  52.956 0.5000000000
8355  -4.355  -65.079  61.892 0.3000000119
8380  -3.179  -65.123  59.517 0.4000000060
8370  -5.256  -64.396  61.143 0.3000000119
2273  -22.152  -76.100  19.753 0.4000000060
1454  -18.895  -77.755  14.680 0.4000000060
1056  -16.122  -79.329  16.418 0.5000000000
1052  -15.596  -79.802  17.005 0.5000000000
119055  -19.996  -77.423  15.072 0.4000000060
5670  -5.320  -68.284  51.171 0.6000000238
1060  -15.804  -78.950  15.548 0.6000000238
2308  -20.353  -77.465  16.177 0.5000000000
120472  -6.526  -67.636  17.840 0.6999999881
5696  -7.611  -69.276  49.123 0.6000000238
6682  -9.371  -67.841  49.767 0.6000000238
6203  -7.236  -68.744  48.735 0.6000000238
6202  -6.395  -68.098  49.232 0.6000000238
7266  -9.204  -66.038  50.766 0.6999999881
118976  -6.557  -66.092  18.402 0.6999999881
9635  -7.899  -62.303  54.023 0.5000000000
9637  -8.909  -62.783  52.705 0.6000000238
7272  -9.821  -66.213  50.095 0.6000000238
10254  -4.739  -61.576  57.996 0.4000000060
131072  -9.996  -66.914  48.754 0.6000000238
8786  -11.683  -64.268  21.055 0.6000000238
8164  -9.439  -65.058  21.194 0.6999999881
8803  -7.249  -63.951  16.592 0.6000000238
6986  -8.027  -66.801  20.333 0.6999999881
8783  -8.769  -64.504  20.833 0.8000000119
10267  -3.643  -61.222  56.603 0.4000000060
9659  -9.549  -62.824  51.572 0.6000000238
10890  -3.343  -60.452  56.921 0.3000000119
9658  -8.464  -62.283  51.725 0.6999999881
9667  -8.623  -62.270  50.918 0.6000000238
129569  -10.242  -63.685  16.239 0.6000000238
113270  -8.859  -62.340  50.089 0.6999999881
132154  -5.638  -56.775  59.113 0.3000000119
10300  -4.083  -62.159  53.255 0.5000000000
11560  -3.928  -59.705  55.779 0.5000000000
9666  -7.666  -62.136  50.214 0.6999999881
111760  -11.521  -60.986  16.675 0.6000000238
13664  -5.745  -55.863  58.274 0.4000000060
12242  -5.368  -58.465  54.828 0.5000000000
10608  -11.474  -61.517  25.892 0.6000000238
11251  -5.893  -59.235  23.877 0.5000000000
13697  -4.947  -56.237  56.459 0.5000000000
10609  -12.235  -61.045  26.116 0.6000000238
113893  -5.472  -61.735  50.028 0.8000000119
15061  -5.334  -54.673  56.508 0.4000000060
11601  -5.136  -59.860  51.484 0.6000000238
11841  -5.713  -59.165  29.627 0.4000000060
10981  -8.153  -60.488  46.212 0.6000000238
10957  -4.424  -60.476  49.199 0.8000000119
129400  -4.221  -60.338  48.565 0.8000000119
126303  -8.511  -59.216  32.350 0.6000000238
122550  -5.888  -53.086  54.474 0.5000000000
15727  -3.738  -52.969  54.837 0.5000000000
13750  -3.354  -56.944  51.718 0.6000000238
13010  -3.409  -57.338  49.996 0.6999999881
12546  -9.534  -58.079  32.839 0.6000000238
12560  -10.838  -58.547  32.063 0.6000000238
12561  -11.544  -58.453  31.687 0.6000000238
12338  -3.109  -58.266  45.966 0.8000000119
13277  -9.723  -57.247  32.900 0.6000000238
14424  -3.663  -54.636  53.912 0.6000000238
13035  -3.373  -57.551  48.174 0.8000000119
15748  -3.708  -52.243  53.667 0.6000000238
13037  -4.212  -57.182  47.769 0.6999999881
13751  -3.829  -56.610  50.660 0.8000000119
123349  -4.439  -54.326  53.388 0.6000000238
13067  -4.687  -57.688  46.008 0.6000000238
12315  -5.521  -57.658  47.960 0.6000000238
12340  -6.569  -57.933  46.739 0.6999999881
12339  -5.477  -57.829  46.639 0.6999999881
14678  -6.292  -55.521  31.438 0.4000000060
15763  -4.255  -52.822  53.065 0.6000000238
17043  -4.033  -50.785  52.833 0.6000000238
13022  -5.396  -57.080  49.355 0.8000000119
13038  -6.073  -57.598  48.706 0.6999999881
13069  -6.739  -57.256  45.505 0.6000000238
15362  -9.326  -55.117  30.550 0.5000000000
15764  -5.713  -53.255  52.301 0.6000000238
17846  -5.486  -49.876  48.945 0.6000000238
17123  -5.846  -50.602  48.513 0.6000000238
18659  -7.658  -49.192  48.602 0.6000000238
17122  -5.644  -50.469  47.844 0.5000000000
122246  -10.942  -54.872  49.637 0.6999999881
15804  -12.103  -53.725  48.845 0.5000000000
15803  -11.134  -53.580  49.085 0.6000000238
15159  -11.485  -54.304  49.253 0.5000000000
14488  -12.157  -55.361  49.104 0.6000000238
16479  -13.384  -52.809  47.904 0.6000000238
16490  -13.938  -52.546  47.194 0.6000000238
122858  -13.005  -51.332  47.267 0.6000000238
121898  -5.505  -54.448  30.847 0.4000000060
114092  -6.750  -49.366  49.341 0.5000000000
116230  -10.824  -54.080  49.448 0.6000000238
121175  -10.571  -51.898  48.293 0.6000000238
15810  -11.475  -52.941  48.708 0.6000000238
134352  -11.207  -50.527  46.074 0.6000000238
17877  -12.401  -50.792  46.920 0.5000000000
17912  -11.522  -50.274  45.682 0.6000000238
17913  -12.357  -49.984  45.877 0.6000000238
17894  -11.802  -50.471  46.378 0.5000000000
117660  -7.799  -56.483  51.108 0.8000000119
17091  -6.855  -51.113  50.029 0.6000000238
16446  -7.221  -51.748  50.658 0.6000000238
17827  -5.193  -50.095  50.132 0.6000000238
17105  -7.121  -51.201  49.133 0.6000000238
16448  -9.018  -52.600  49.598 0.6000000238
16447  -8.209  -52.090  50.135 0.6000000238
14474  -10.128  -55.153  50.227 0.6000000238
117330  -6.509  -51.256  47.654 0.5000000000
113848  -5.803  -50.990  47.032 0.5000000000
16461  -9.759  -52.699  49.194 0.6000000238
17151  -5.361  -51.097  46.228 0.5000000000
15158  -10.237  -54.197  49.852 0.6000000238
17909  -4.922  -50.705  45.427 0.5000000000
114406  -6.059  -51.753  46.157 0.5000000000
17169  -5.995  -51.966  45.374 0.5000000000
17167  -4.581  -51.594  44.836 0.5000000000
17183  -4.991  -52.262  44.483 0.5000000000
127154  -4.671  -52.474  43.690 0.4000000060
17185  -7.698  -51.546  44.618 0.5000000000
16532  -5.182  -52.552  42.982 0.3000000119
16531  -4.646  -52.368  43.447 0.3000000119
16477  -10.113  -52.300  48.665 0.6000000238
129770  -6.990  -51.804  45.286 0.5000000000
17955  -8.088  -51.670  42.442 0.3000000119
111579  -7.002  -52.052  42.856 0.3000000119
17943  -9.310  -50.766  43.800 0.4000000060
17153  -8.048  -51.814  46.879 0.5000000000
17928  -10.658  -50.202  44.265 0.6000000238
17956  -9.228  -51.052  42.216 0.3000000119
17929  -11.551  -49.892  44.253 0.5000000000
18711  -13.829  -49.833  45.506 0.6000000238
16533  -6.028  -52.555  42.311 0.3000000119
117830  -10.128  -50.627  41.666 0.3000000119
121596  -13.161  -49.502  41.530 0.4000000060
127806  -12.956  -49.558  40.822 0.3000000119
17988  -16.461  -50.565  39.234 0.4000000060
20371  -24.296  -47.518  39.263 0.4000000060
20351  -22.974  -47.870  40.352 0.4000000060
20369  -22.675  -47.173  39.931 0.4000000060
19606  -23.707  -48.243  39.878 0.4000000060
21128  -23.854  -46.763  39.263 0.4000000060
118779  -21.055  -48.007  40.561 0.4000000060
19605  -20.639  -47.576  39.948 0.4000000060
20367  -21.052  -47.156  39.598 0.4000000060
20368  -21.805  -47.112  39.751 0.4000000060
19639  -24.852  -48.141  38.789 0.4000000060
20400  -25.414  -47.392  37.908 0.4000000060
114063  -14.051  -49.533  39.973 0.4000000060
17990  -17.873  -50.643  38.548 0.4000000060
18008  -18.048  -50.707  37.840 0.4000000060
18851  -18.211  -50.472  37.784 0.4000000060
18852  -18.727  -49.921  37.965 0.3000000119
116867  -19.138  -49.118  38.558 0.4000000060
21170  -25.650  -46.556  36.726 0.4000000060
20426  -25.903  -47.871  36.064 0.4000000060
20429  -26.194  -47.382  34.644 0.5000000000
133284  -16.325  -50.051  38.360 0.3000000119
21153  -23.679  -46.095  38.831 0.4000000060
122685  -24.194  -45.681  38.377 0.4000000060
21155  -25.107  -46.776  38.191 0.4000000060
115577  -25.367  -45.907  37.174 0.4000000060
21160  -24.957  -45.957  37.974 0.4000000060
18850  -17.749  -50.523  37.749 0.4000000060
21883  -25.977  -45.383  36.062 0.4000000060
124686  -25.677  -45.892  36.524 0.4000000060
21889  -26.256  -45.787  35.289 0.4000000060
128681  -26.398  -45.974  34.473 0.5000000000
19602  -18.515  -49.263  38.092 0.4000000060
123653  -26.133  -44.009  36.176 0.4000000060
115203  -26.439  -45.234  34.765 0.4000000060
21893  -26.544  -45.538  33.084 0.5000000000
21895  -26.662  -45.054  32.415 0.5000000000
21898  -26.438  -45.480  31.605 0.5000000000
22605  -25.687  -45.028  30.236 0.5000000000
23306  -27.110  -44.020  33.534 0.5000000000
22594  -26.732  -44.539  34.288 0.5000000000
23297  -27.077  -43.696  34.375 0.5000000000
23322  -26.950  -43.877  31.550 0.5000000000
123811  -26.607  -44.201  30.928 0.5000000000
23333  -26.081  -44.113  30.246 0.5000000000
125525  -27.266  -43.047  34.510 0.5000000000
24912  -27.255  -41.893  33.694 0.4000000060
24106  -26.386  -42.894  30.928 0.5000000000
24980  -25.920  -42.041  31.348 0.5000000000
24948  -26.601  -41.384  32.309 0.5000000000
24115  -24.284  -42.350  30.036 0.5000000000
25011  -22.524  -42.165  28.299 0.4000000060
24979  -24.698  -41.539  31.334 0.5000000000
24994  -23.910  -41.707  29.601 0.5000000000
130115  -24.241  -41.189  30.033 0.5000000000
25922  -22.916  -41.337  28.186 0.5000000000
26863  -20.158  -39.666  26.656 0.3000000119
25941  -22.005  -41.052  27.181 0.3000000119
26880  -19.038  -39.550  26.935 0.3000000119
26854  -24.285  -40.181  29.024 0.4000000060
25908  -24.053  -40.959  29.334 0.4000000060
26853  -23.867  -39.980  28.219 0.4000000060
129592  -24.321  -39.394  28.674 0.3000000119
26865  -22.799  -39.727  27.052 0.4000000060
114520  -23.459  -39.171  27.189 0.3000000119
26864  -21.884  -39.647  26.584 0.3000000119
122684  -21.032  -39.558  26.408 0.3000000119
27798  -21.933  -38.352  26.151 0.3000000119
18685  -5.538  -50.211  45.830 0.5000000000
18778  -11.703  -49.848  41.687 0.3000000119
18759  -12.536  -49.594  42.128 0.4000000060
21124  -20.658  -46.791  39.440 0.4000000060
25828  -27.019  -41.185  34.296 0.4000000060
111908  -24.650  -40.919  32.634 0.4000000060
17056  -5.845  -50.661  52.842 0.6000000238
17810  -7.585  -50.060  51.584 0.5000000000
15777  -6.938  -53.306  51.752 0.6999999881
121295  -5.419  -51.101  50.876 0.6000000238
18727  -6.125  -49.895  44.496 0.4000000060
18805  -15.779  -50.092  40.097 0.4000000060
18780  -13.787  -49.508  40.772 0.3000000119
21126  -22.109  -46.541  39.389 0.4000000060
275  -26.831  -82.093  30.390 0.6000000238
439  -25.964  -81.742  29.017 0.6000000238
264  -26.470  -82.398  31.271 0.5000000000
133023  -27.771  -81.519  30.884 0.5000000000
123440  -26.503  -81.240  33.213 0.5000000000
252  -26.869  -81.950  32.139 0.5000000000
2538  -8.456  -75.793  36.887 0.6999999881
2006  -7.785  -77.159  39.323 0.6000000238
121745  -8.362  -76.406  38.497 0.6000000238
2024  -7.340  -76.895  38.474 0.5000000000
2025  -9.125  -75.929  38.191 0.8000000119
2550  -9.058  -75.619  36.234 0.6999999881
1549  -7.254  -78.610  40.399 0.6000000238
1565  -6.425  -78.811  38.851 0.6000000238
1582  -6.957  -77.720  38.927 0.6000000238
112171  -5.993  -77.622  43.268 0.6000000238
134261  -5.116  -75.687  46.815 0.6999999881
1964  -5.890  -76.691  43.553 0.6000000238
2934  -4.083  -73.999  47.236 0.6999999881
2436  -5.545  -75.477  45.814 0.6999999881
3507  -4.369  -74.206  46.684 0.6000000238
126101  -5.182  -73.189  45.777 0.6000000238
4618  -4.780  -71.343  46.979 0.5000000000
2450  -5.935  -75.529  44.730 0.6000000238
126318  -5.803  -74.599  44.844 0.6000000238
113076  -5.059  -72.509  46.117 0.5000000000
2983  -5.710  -74.806  43.889 0.6000000238
3534  -5.711  -73.606  45.025 0.5000000000
4056  -3.743  -73.273  47.344 0.6999999881
4627  -3.776  -72.576  47.403 0.6999999881
118800  -5.301  -71.565  46.205 0.5000000000
111953  -5.894  -76.215  45.537 0.6999999881
649  -26.461  -81.129  29.442 0.5000000000
440  -27.579  -81.210  30.052 0.5000000000
533  -21.845  -81.445  41.171 0.3000000119
818  -21.826  -80.535  41.319 0.3000000119
819  -22.876  -80.664  40.911 0.3000000119
1153  -23.821  -80.113  40.966 0.3000000119
535  -24.037  -81.254  40.485 0.3000000119
543  -24.694  -81.300  39.238 0.3000000119
114573  -25.099  -80.855  39.266 0.3000000119
562  -24.617  -81.108  37.930 0.4000000060
111502  -17.664  -81.008  43.896 0.4000000060
110557  -18.867  -80.394  43.281 0.4000000060
127585  -20.049  -80.372  42.532 0.4000000060
1543  -20.147  -78.895  41.902 0.4000000060
1151  -21.605  -78.879  40.794 0.3000000119
1544  -22.848  -78.254  40.929 0.3000000119
834  -24.897  -80.612  38.677 0.4000000060
843  -24.271  -80.477  37.609 0.4000000060
1200  -22.899  -78.756  35.868 0.5000000000
1188  -23.742  -79.385  37.169 0.4000000060
1187  -23.176  -78.449  36.676 0.4000000060
4231  -20.982  -72.531  33.531 0.5000000000
3698  -20.479  -73.472  32.653 0.5000000000
4244  -20.960  -72.782  32.825 0.5000000000
3687  -22.203  -72.786  33.226 0.5000000000
4233  -22.655  -72.827  33.926 0.5000000000
3152  -19.915  -74.188  32.424 0.5000000000
3699  -21.458  -73.208  32.471 0.5000000000
3688  -22.689  -73.459  33.251 0.5000000000
3165  -21.719  -74.596  31.811 0.5000000000
1109  -18.083  -79.380  44.732 0.4000000060
133695  -18.719  -78.992  43.637 0.4000000060
1528  -19.202  -78.391  42.958 0.4000000060
1557  -20.150  -77.436  41.149 0.3000000119
1610  -22.751  -77.669  35.905 0.4000000060
112927  -22.627  -76.669  36.329 0.3000000119
2051  -22.367  -75.784  36.758 0.3000000119
2050  -21.802  -75.399  35.247 0.6000000238
124746  -22.271  -75.985  35.798 0.4000000060
2555  -22.022  -75.003  36.268 0.3000000119
1639  -20.619  -77.015  34.868 0.6000000238
3123  -21.239  -74.846  34.656 0.6000000238
3108  -21.533  -74.380  35.505 0.5000000000
3094  -21.651  -73.969  36.490 0.5000000000
1637  -18.726  -77.816  34.318 0.6000000238
2078  -19.597  -75.706  34.005 0.6000000238
2575  -20.569  -75.246  34.222 0.6000000238
3107  -21.043  -73.824  34.781 0.5000000000
4209  -21.633  -72.066  35.800 0.5000000000
2586  -18.980  -75.100  33.448 0.6000000238
3138  -19.382  -74.449  33.153 0.6000000238
128981  -21.796  -71.869  35.367 0.5000000000
4752  -22.613  -71.848  36.177 0.4000000060
2093  -18.851  -75.970  33.675 0.6000000238
3151  -19.289  -74.539  32.651 0.6000000238
4774  -21.387  -72.225  33.894 0.5000000000
4223  -22.305  -72.154  34.587 0.5000000000
118962  -23.141  -73.659  33.829 0.5000000000
3141  -23.888  -74.937  33.886 0.4000000060
131793  -23.711  -75.337  33.172 0.5000000000
2105  -24.002  -76.288  32.962 0.5000000000
122137  -31.611  -76.146  27.711 0.3000000119
2694  -30.947  -75.115  27.152 0.3000000119
3241  -29.947  -74.553  26.389 0.3000000119
3801  -28.619  -73.846  26.011 0.3000000119
1827  -20.047  -78.162  19.835 0.4000000060
2061  -11.089  -75.868  35.645 0.6000000238
1606  -10.874  -77.499  36.169 0.5000000000
3122  -20.571  -74.259  34.119 0.6000000238
4740  -22.337  -71.781  36.866 0.4000000060
3651  -23.559  -72.749  36.303 0.3000000119
3667  -23.776  -73.538  35.965 0.3000000119
3110  -24.206  -74.279  36.147 0.3000000119
2565  -24.458  -75.076  35.386 0.3000000119
2577  -24.445  -75.441  34.455 0.4000000060
2566  -24.971  -75.880  35.917 0.3000000119
2081  -24.912  -76.157  34.203 0.4000000060
2184  -31.642  -77.018  28.538 0.3000000119
3800  -27.485  -73.637  25.640 0.3000000119
1393  -21.461  -79.042  21.085 0.4000000060
2059  -9.793  -76.364  35.592 0.6000000238
2052  -25.504  -76.537  36.334 0.3000000119
2064  -25.462  -76.566  35.480 0.4000000060
1247  -28.539  -79.101  33.643 0.4000000060
876  -28.108  -79.415  33.045 0.4000000060
593  -27.354  -80.406  32.861 0.4000000060
877  -29.155  -79.528  33.054 0.4000000060
607  -28.335  -80.837  32.436 0.4000000060
1717  -31.002  -77.610  28.586 0.3000000119
117112  -6.674  -74.297  16.563 0.4000000060
1611  -26.628  -78.119  36.482 0.3000000119
118148  -29.088  -79.199  35.901 0.3000000119
1218  -28.604  -79.299  35.806 0.4000000060
111943  -29.470  -79.024  34.898 0.5000000000
866  -29.470  -79.113  33.861 0.5000000000
1248  -30.221  -78.999  33.179 0.5000000000
878  -29.665  -79.541  32.625 0.4000000060
904  -29.288  -79.923  31.404 0.4000000060
1278  -29.614  -79.214  31.743 0.4000000060
412  -28.554  -80.950  31.411 0.4000000060
1289  -28.779  -79.389  31.040 0.4000000060
5478  -5.809  -69.226  15.428 0.4000000060
429  -28.151  -81.184  30.699 0.4000000060
1288  -27.614  -79.041  30.582 0.4000000060
912  -26.938  -79.577  30.078 0.4000000060
2159  -30.429  -77.383  29.149 0.3000000119
4995  -5.792  -70.087  15.609 0.5000000000
2806  -8.056  -75.077  15.985 0.5000000000
927  -26.282  -80.051  29.526 0.4000000060
1734  -30.493  -78.075  27.994 0.3000000119
4470  -6.484  -70.859  14.546 0.5000000000
4486  -7.244  -70.903  13.614 0.5000000000
706  -27.511  -80.269  24.721 0.4000000060
1020  -17.910  -80.010  21.275 0.4000000060
1672  -30.436  -77.544  33.062 0.5000000000
1685  -29.892  -78.273  32.383 0.4000000060
1684  -29.158  -77.542  32.023 0.4000000060
7036  -6.169  -67.317  15.533 0.5000000000
7051  -6.674  -66.970  15.776 0.5000000000
1683  -28.166  -77.299  31.541 0.4000000060
6511  -6.359  -67.758  15.267 0.6000000238
126113  -27.084  -78.211  30.662 0.4000000060
1287  -26.618  -78.598  30.203 0.4000000060
5989  -6.566  -68.664  15.207 0.6000000238
1299  -26.189  -78.992  29.654 0.4000000060
1716  -30.353  -77.883  28.684 0.3000000119
683  -28.500  -79.811  25.233 0.3000000119
746  -17.228  -80.491  20.674 0.4000000060
1033  -17.639  -79.678  20.235 0.4000000060
2131  -27.124  -76.572  31.236 0.4000000060
2625  -26.332  -75.293  30.667 0.4000000060
2129  -25.604  -76.824  29.784 0.4000000060
2624  -25.651  -75.035  29.914 0.3000000119
119703  -28.974  -75.156  28.701 0.3000000119
124028  -25.831  -79.378  29.065 0.4000000060
113762  -25.580  -77.957  28.351 0.4000000060
2179  -25.885  -76.678  27.956 0.3000000119
2158  -28.555  -76.320  28.551 0.3000000119
118063  -25.930  -78.762  27.674 0.4000000060
1730  -25.912  -77.634  27.750 0.4000000060
966  -26.658  -79.366  27.055 0.4000000060
1342  -27.230  -78.887  26.689 0.3000000119
967  -27.564  -79.848  26.427 0.4000000060
1415  -18.420  -78.052  19.077 0.5000000000
3211  -25.701  -74.862  28.614 0.3000000119
2662  -25.953  -75.359  28.236 0.3000000119
3214  -28.109  -74.232  28.360 0.3000000119
5706  -4.562  -69.394  48.261 0.5000000000
6192  -4.016  -67.916  50.360 0.5000000000
10631  -12.260  -61.551  23.532 0.5000000000
11294  -13.450  -60.233  21.463 0.5000000000
11310  -13.249  -60.476  20.585 0.5000000000
11283  -13.502  -60.300  22.192 0.5000000000
120629  -12.823  -60.862  23.828 0.5000000000
11254  -12.873  -60.464  24.437 0.5000000000
12597  -12.601  -58.873  28.783 0.5000000000
10995  -7.579  -60.073  45.752 0.5000000000
10982  -9.048  -60.753  46.075 0.5000000000
13293  -12.761  -57.851  31.146 0.5000000000
10979  -5.868  -60.470  46.671 0.5000000000
17914  -13.837  -50.283  46.107 0.4000000060
14024  -11.823  -56.830  31.829 0.5000000000
14034  -12.395  -56.357  31.349 0.4000000060
17915  -14.494  -50.573  45.590 0.4000000060
17200  -16.055  -51.773  43.414 0.5000000000
17931  -15.261  -50.832  44.243 0.5000000000
17916  -14.955  -50.914  44.957 0.5000000000
14698  -9.750  -55.701  30.836 0.5000000000
15363  -10.427  -55.233  30.634 0.5000000000
131130  -15.676  -51.098  43.581 0.4000000060
17201  -16.795  -51.517  43.017 0.4000000060
18730  -13.636  -49.532  44.671 0.5000000000
122518  -9.904  -54.575  30.189 0.5000000000
18747  -14.318  -49.493  43.888 0.4000000060
17947  -16.170  -50.895  43.018 0.4000000060
18745  -12.787  -49.516  43.195 0.4000000060
113476  -15.101  -49.779  43.296 0.4000000060
16015  -11.168  -53.525  29.691 0.5000000000
17961  -18.298  -50.569  42.486 0.3000000119
17960  -16.372  -50.410  42.304 0.4000000060
18760  -13.429  -49.405  42.435 0.3000000119
17959  -15.728  -50.223  42.780 0.4000000060
125661  -10.069  -53.682  29.740 0.5000000000
16014  -9.219  -53.413  29.554 0.4000000060
126524  -10.622  -52.939  29.376 0.4000000060
18786  -19.405  -49.368  41.542 0.3000000119
18764  -17.965  -49.930  41.992 0.3000000119
17970  -16.432  -50.031  41.460 0.3000000119
119206  -14.019  -49.395  41.736 0.3000000119
18762  -15.262  -49.726  42.405 0.4000000060
16679  -8.784  -52.844  29.202 0.4000000060
16680  -9.760  -52.708  29.188 0.4000000060
18788  -20.895  -49.355  41.354 0.3000000119
18807  -17.340  -50.244  39.868 0.3000000119
18785  -18.552  -49.326  41.263 0.3000000119
18806  -16.525  -50.265  40.206 0.3000000119
18784  -16.892  -49.874  40.998 0.3000000119
119621  -14.826  -49.511  41.792 0.3000000119
16694  -8.120  -52.317  28.828 0.5000000000
133172  -9.824  -52.029  28.561 0.4000000060
130666  -10.258  -51.441  28.215 0.4000000060
19571  -20.866  -48.654  41.129 0.3000000119
19584  -21.634  -48.285  40.780 0.3000000119
19570  -19.948  -48.665  41.140 0.3000000119
18809  -21.601  -49.077  41.108 0.3000000119
19581  -18.953  -48.893  40.374 0.3000000119
19569  -19.247  -48.860  41.035 0.3000000119
19586  -23.070  -48.564  40.364 0.3000000119
19607  -24.366  -48.400  39.309 0.3000000119
18853  -25.173  -48.591  38.173 0.3000000119
114186  -25.766  -48.881  35.739 0.4000000060
17373  -9.318  -51.430  28.170 0.4000000060
124853  -9.737  -50.734  27.710 0.4000000060
19603  -19.244  -49.148  38.849 0.3000000119
18156  -9.125  -50.060  27.039 0.4000000060
18166  -9.534  -49.533  26.433 0.3000000119
21868  -24.408  -45.100  37.868 0.3000000119
21873  -25.007  -45.230  37.383 0.3000000119
122322  -21.567  -45.913  39.314 0.4000000060
125108  -22.313  -45.827  39.147 0.3000000119
125071  -23.009  -45.647  38.935 0.3000000119
21852  -23.164  -44.919  38.827 0.3000000119
21867  -23.772  -44.909  38.341 0.3000000119
22575  -24.771  -44.504  37.557 0.3000000119
22576  -25.247  -44.036  37.171 0.3000000119
23258  -24.279  -43.378  38.662 0.3000000119
23266  -24.776  -43.675  37.872 0.3000000119
23267  -25.439  -43.071  37.457 0.3000000119
24022  -25.388  -42.114  37.932 0.3000000119
23268  -26.035  -42.954  36.860 0.3000000119
23259  -24.838  -42.734  38.292 0.3000000119
24023  -25.875  -42.314  37.230 0.3000000119
24032  -26.369  -42.421  36.571 0.3000000119
24043  -26.865  -42.494  35.804 0.3000000119
24059  -27.253  -42.506  34.988 0.3000000119
24862  -24.803  -41.768  38.614 0.3000000119
24863  -25.305  -41.421  38.060 0.3000000119
25798  -26.041  -41.125  37.038 0.3000000119
120182  -26.224  -40.752  36.383 0.3000000119
25786  -25.141  -40.404  37.809 0.3000000119
25797  -25.719  -40.488  37.128 0.3000000119
25810  -26.307  -40.421  35.732 0.3000000119
25849  -26.602  -40.486  34.004 0.3000000119
132817  -17.532  -80.499  44.163 0.4000000060
2082  -25.408  -76.619  34.647 0.4000000060
2065  -26.022  -77.271  35.924 0.3000000119
594  -28.317  -80.282  32.769 0.4000000060
2080  -21.343  -76.583  34.862 0.6000000238
1624  -22.171  -77.540  35.273 0.5000000000
128167  -19.261  -77.396  34.551 0.6000000238
3137  -18.805  -74.912  32.864 0.6000000238
127874  -24.299  -75.785  33.696 0.4000000060
3140  -23.329  -74.405  33.404 0.5000000000
5479  -6.358  -70.144  15.490 0.6000000238
926  -25.825  -80.419  28.938 0.4000000060
951  -26.928  -80.363  26.921 0.4000000060
648  -25.895  -81.247  28.722 0.4000000060
707  -28.351  -79.903  24.645 0.3000000119
128683  -19.745  -78.539  19.109 0.4000000060
1034  -18.186  -79.056  20.690 0.4000000060
6709  -6.171  -67.112  48.924 0.5000000000
14700  -11.456  -55.732  30.947 0.5000000000
18746  -13.691  -49.347  43.258 0.4000000060
19678  -25.717  -48.460  36.748 0.3000000119
21185  -26.453  -46.902  32.370 0.4000000060
119812  -26.428  -46.829  33.261 0.4000000060
1133  -20.831  -80.160  41.884 0.4000000060
121226  -28.769  -79.131  34.675 0.5000000000
121002  -10.320  -76.896  35.646 0.6000000238
3902  -6.530  -72.388  15.263 0.4000000060
18748  -14.975  -50.046  44.142 0.4000000060
18783  -15.932  -49.812  41.081 0.3000000119
122435  -19.975  -46.009  39.789 0.4000000060
129745  -25.198  -44.715  37.050 0.3000000119
23279  -26.451  -43.269  36.178 0.3000000119
127682  -25.824  -40.717  33.435 0.3000000119
25811  -26.684  -41.040  35.568 0.3000000119
402  -27.625  -81.388  32.415 0.4000000060
392  -27.438  -81.042  32.883 0.4000000060
130973  -23.538  -45.454  38.594 0.3000000119
18761  -14.420  -49.402  42.720 0.4000000060
633  -27.409  -80.581  29.943 0.4000000060
820  -23.915  -80.820  40.838 0.3000000119
111402  -18.080  -80.547  44.013 0.4000000060
1558  -20.730  -78.231  40.898 0.3000000119
112702  -22.002  -78.118  40.575 0.3000000119
833  -24.166  -79.551  38.173 0.3000000119
134793  -20.685  -73.480  34.162 0.5000000000
4221  -21.204  -72.366  34.406 0.5000000000
3139  -20.250  -73.786  33.463 0.5000000000
3666  -23.328  -72.934  35.414 0.4000000060
3677  -23.282  -73.384  34.514 0.3000000119
2063  -22.333  -76.840  35.488 0.5000000000
2079  -20.577  -76.175  34.471 0.6000000238
3637  -21.782  -73.742  37.334 0.3000000119
3650  -21.504  -73.074  36.878 0.5000000000
3665  -21.262  -73.148  35.764 0.5000000000
4741  -22.853  -71.804  37.001 0.4000000060
3125  -24.066  -74.762  34.601 0.3000000119
3262  -28.893  -74.324  26.220 0.3000000119
2161  -31.567  -77.138  29.017 0.3000000119
2053  -26.030  -77.208  36.834 0.3000000119
867  -29.849  -79.223  33.277 0.4000000060
596  -29.401  -80.130  32.154 0.4000000060
608  -28.948  -80.628  31.965 0.4000000060
2160  -31.000  -77.440  29.034 0.3000000119
1220  -30.326  -78.625  34.535 0.5000000000
1249  -30.419  -78.429  33.132 0.5000000000
1264  -29.989  -79.085  32.504 0.4000000060
914  -28.754  -80.225  30.893 0.4000000060
1276  -27.962  -78.321  31.116 0.4000000060
913  -28.158  -80.007  30.367 0.4000000060
115477  -29.720  -77.285  28.951 0.3000000119
2121  -28.877  -76.581  32.009 0.4000000060
1696  -27.084  -77.476  31.003 0.4000000060
1695  -26.229  -77.686  30.327 0.4000000060
1694  -25.726  -77.689  29.683 0.4000000060
1715  -29.277  -77.736  28.437 0.3000000119
2130  -26.310  -76.748  30.629 0.4000000060
114620  -25.774  -75.918  30.251 0.3000000119
2139  -25.329  -76.630  29.004 0.4000000060
134756  -28.048  -75.104  28.366 0.3000000119
1714  -25.560  -77.036  28.365 0.3000000119
2663  -26.619  -75.312  28.052 0.3000000119
15379  -10.857  -54.330  30.177 0.5000000000
17946  -15.479  -50.448  43.516 0.4000000060
17215  -16.940  -50.884  42.527 0.4000000060
135537  -17.604  -50.545  42.413 0.4000000060
130786  -17.083  -50.278  41.834 0.4000000060
121636  -17.591  -49.646  41.139 0.3000000119
18988  -9.881  -49.053  26.058 0.4000000060
22569  -24.260  -44.271  38.209 0.3000000119
120483  -25.792  -40.188  36.534 0.3000000119
3494  -3.816  -73.418  47.584 0.6000000238
1656  -30.774  -77.796  33.654 0.4000000060
2097  -30.662  -77.015  33.536 0.4000000060
131893  -30.043  -75.208  33.591 0.4000000060
2107  -30.300  -76.440  33.036 0.4000000060
1671  -29.735  -77.062  32.521 0.4000000060
3679  -27.395  -73.679  34.774 0.3000000119
3126  -28.342  -73.798  34.045 0.3000000119
3155  -28.839  -74.247  32.432 0.3000000119
2596  -29.236  -74.965  32.404 0.4000000060
2120  -28.001  -76.147  31.568 0.4000000060
3678  -26.570  -73.149  35.102 0.3000000119
3690  -27.840  -73.365  33.494 0.3000000119
131964  -27.936  -73.297  32.574 0.3000000119
131523  -28.115  -73.686  32.007 0.3000000119
2611  -27.926  -75.282  31.497 0.4000000060
2626  -27.121  -75.670  31.232 0.4000000060
128917  -26.222  -72.718  34.394 0.3000000119
4236  -27.196  -72.950  32.892 0.3000000119
2084  -30.903  -77.142  34.038 0.4000000060
2083  -30.581  -76.572  34.534 0.3000000119
3127  -28.549  -74.438  34.690 0.3000000119
2579  -29.149  -75.162  35.043 0.3000000119
2068  -30.227  -77.318  35.451 0.3000000119
3111  -27.816  -74.182  35.410 0.3000000119
1628  -30.490  -78.179  35.031 0.4000000060
4185  -21.723  -72.397  37.248 0.3000000119
2066  -29.547  -76.167  35.512 0.3000000119
1219  -29.719  -78.834  35.433 0.3000000119
2567  -28.829  -75.519  35.864 0.3000000119
2067  -29.657  -77.260  36.285 0.3000000119
19461  -13.576  -48.074  50.496 0.4000000060
19483  -13.193  -47.244  49.708 0.4000000060
20245  -13.607  -46.541  49.642 0.3000000119
21016  -13.698  -45.900  49.270 0.3000000119
20244  -12.423  -46.682  49.293 0.4000000060
133461  -7.556  -50.607  51.953 0.4000000060
17092  -10.542  -51.349  51.089 0.3000000119
17829  -10.950  -50.799  50.680 0.3000000119
114673  -12.362  -49.682  50.660 0.3000000119
19460  -12.996  -48.836  50.458 0.3000000119
18645  -11.815  -48.437  49.706 0.4000000060
123014  -12.310  -47.530  49.585 0.4000000060
21015  -12.828  -46.279  49.096 0.4000000060
21026  -13.313  -45.981  48.763 0.3000000119
19482  -10.721  -48.178  49.449 0.4000000060
20243  -11.317  -47.417  49.305 0.4000000060
117277  -11.711  -46.891  49.208 0.4000000060
126128  -10.522  -48.959  49.774 0.4000000060
18643  -9.820  -48.591  49.637 0.4000000060
21025  -12.637  -46.400  48.599 0.3000000119
20277  -12.037  -46.819  48.197 0.4000000060
19481  -10.084  -48.072  49.207 0.4000000060
19496  -10.327  -47.740  48.916 0.4000000060
20275  -10.823  -47.394  48.767 0.4000000060
20276  -11.375  -47.031  48.580 0.4000000060
122577  -10.595  -48.184  47.472 0.3000000119
19501  -10.311  -48.016  48.282 0.4000000060
19507  -10.507  -48.432  46.636 0.3000000119
18726  -5.156  -50.260  44.239 0.3000000119
18742  -6.310  -49.765  43.768 0.3000000119
21850  -21.867  -45.145  39.500 0.3000000119
20364  -18.826  -48.271  38.823 0.3000000119
21848  -20.195  -45.127  39.869 0.3000000119
18627  -11.263  -49.906  50.231 0.4000000060
18644  -11.330  -49.058  49.801 0.4000000060
19500  -9.895  -48.574  47.413 0.4000000060
19515  -8.555  -49.062  45.494 0.3000000119
980  -8.548  -80.474  24.473 0.4000000060
17068  -8.599  -51.110  51.616 0.4000000060
18626  -9.864  -49.458  50.169 0.4000000060
21123  -18.883  -47.081  39.403 0.3000000119
17069  -9.571  -51.209  51.174 0.4000000060
17828  -9.651  -50.423  50.648 0.4000000060
3180  -27.185  -74.663  31.133 0.3000000119
21849  -21.116  -45.158  39.712 0.3000000119
22549  -21.542  -44.408  39.705 0.3000000119
21847  -18.956  -45.824  39.799 0.3000000119
2106  -29.553  -75.920  32.476 0.4000000060
3128  -29.539  -74.737  34.020 0.3000000119
2587  -29.444  -74.556  33.138 0.3000000119
2588  -30.032  -75.412  33.004 0.4000000060
1627  -29.815  -78.377  35.961 0.3000000119
20262  -11.904  -46.569  49.007 0.4000000060
20261  -11.268  -47.010  49.058 0.4000000060
20242  -10.743  -47.545  49.102 0.4000000060
19502  -10.948  -47.618  47.999 0.4000000060
22548  -20.773  -44.427  39.812 0.3000000119
113880  -9.001  -53.720  53.775 0.3000000119
15730  -8.401  -53.989  54.342 0.3000000119
15731  -9.142  -54.189  54.148 0.3000000119
15099  -9.315  -54.355  54.024 0.3000000119
129191  -10.838  -52.961  53.355 0.3000000119
6694  -4.715  -66.947  50.386 0.4000000060
16429  -10.252  -52.601  52.340 0.3000000119
15098  -8.723  -54.590  54.697 0.3000000119
20285  -11.594  -47.452  47.601 0.3000000119
129909  -9.975  -53.651  53.552 0.3000000119
15752  -10.406  -53.672  53.496 0.3000000119
2881  -18.380  -74.066  54.255 0.3000000119
2367  -19.065  -74.782  53.372 0.3000000119
1886  -18.714  -75.716  52.349 0.3000000119
1901  -17.617  -76.840  50.845 0.3000000119
1542  -19.711  -77.806  42.012 0.3000000119
770  -18.075  -79.338  47.265 0.3000000119
775  -18.228  -79.255  46.498 0.3000000119
1103  -19.522  -78.518  45.493 0.3000000119
111383  -18.520  -79.053  44.091 0.3000000119
15378  -9.015  -54.284  30.002 0.3000000119
16013  -8.414  -53.573  29.599 0.3000000119
96  -14.170  -84.146  39.476 0.5000000000
105  -14.931  -82.881  36.518 0.6000000238
135  -23.503  -83.281  30.899 0.6999999881
144  -23.893  -83.037  30.194 0.6000000238
145  -24.536  -82.823  29.954 0.6000000238
172  -13.925  -83.111  40.681 0.6999999881
178  -12.935  -82.927  38.748 0.6000000238
180  -15.055  -82.927  39.988 0.5000000000
182  -17.432  -82.378  38.260 0.8000000119
189  -19.060  -83.016  37.173 0.8000000119
190  -20.024  -83.162  36.838 0.8000000119
194  -23.225  -82.337  37.143 0.6000000238
203  -21.135  -83.004  36.266 0.8000000119
204  -22.084  -82.672  36.367 0.6999999881
217  -19.774  -83.414  35.987 0.8000000119
243  -16.134  -81.955  33.052 0.5000000000
244  -19.086  -82.799  32.262 0.5000000000
250  -24.879  -82.720  32.864 0.6999999881
259  -19.081  -83.512  32.091 0.5000000000
261  -21.548  -83.507  32.335 0.8000000119
265  -27.289  -81.860  31.068 0.5000000000
273  -22.890  -83.287  30.869 0.6000000238
282  -24.766  -82.633  29.131 0.6000000238
283  -25.549  -82.311  28.990 0.6999999881
310  -24.265  -82.359  27.065 0.6000000238
317  -23.719  -81.894  26.042 0.6000000238
318  -10.500  -82.504  23.813 0.8000000119
320  -11.716  -82.636  23.779 0.8000000119
322  -11.217  -82.513  23.537 0.8000000119
324  -12.588  -82.449  23.085 0.6000000238
326  -11.445  -82.244  22.907 0.8000000119
334  -22.286  -81.704  40.679 0.5000000000
335  -13.584  -82.618  40.767 0.6999999881
340  -23.738  -81.744  39.370 0.5000000000
341  -24.255  -81.541  38.385 0.5000000000
348  -13.266  -82.491  39.555 0.6999999881
354  -23.326  -82.054  38.607 0.6000000238
359  -19.150  -82.154  37.578 0.8000000119
362  -22.149  -82.213  37.633 0.6000000238
363  -22.946  -82.281  37.790 0.6000000238
364  -23.672  -82.035  37.661 0.6000000238
366  -23.187  -81.853  36.035 0.6000000238
375  -19.271  -83.034  35.757 0.8000000119
378  -22.482  -82.412  35.945 0.6999999881
391  -25.857  -81.737  33.447 0.5000000000
397  -19.803  -82.488  32.686 0.5000000000
399  -21.607  -82.784  32.901 0.8000000119
403  -28.401  -81.149  31.971 0.4000000060
411  -19.832  -81.030  32.362 0.6999999881
420  -15.651  -81.766  29.920 0.5000000000
427  -26.818  -81.675  29.841 0.5000000000
428  -27.487  -81.558  30.430 0.5000000000
459  -23.075  -82.101  27.590 0.6000000238
460  -25.873  -81.684  27.374 0.6000000238
461  -26.583  -81.175  26.909 0.5000000000
482  -9.712  -82.150  24.260 0.5000000000
492  -10.535  -82.039  22.961 0.6999999881
495  -14.257  -82.144  23.057 0.5000000000
497  -22.792  -80.953  24.076 0.6000000238
502  -14.800  -82.092  22.265 0.6000000238
503  -15.534  -81.739  22.188 0.5000000000
505  -12.449  -81.556  21.374 0.6999999881
506  -13.062  -81.889  21.180 0.6999999881
515  -14.021  -81.059  19.112 0.6999999881
518  -9.282  -81.101  43.860 1.0000000000
519  -10.182  -81.305  43.786 0.8999999762
521  -9.882  -81.505  43.268 1.0000000000
523  -10.049  -81.582  43.053 1.0000000000
525  -19.307  -81.451  42.624 0.5000000000
527  -19.931  -81.458  42.312 0.5000000000
529  -13.621  -80.860  41.782 0.6999999881
531  -15.061  -80.865  41.575 0.6999999881
534  -22.939  -81.274  40.694 0.3000000119
536  -25.040  -81.023  40.007 0.3000000119
542  -24.191  -81.445  39.902 0.3000000119
550  -24.854  -81.089  38.662 0.3000000119
557  -18.024  -79.660  37.802 0.8000000119
577  -21.799  -81.171  35.265 0.6999999881
583  -17.828  -80.357  34.879 0.6000000238
589  -16.758  -80.542  33.263 0.5000000000
595  -29.046  -80.213  32.487 0.4000000060
619  -28.944  -80.451  31.398 0.4000000060
620  -29.321  -80.223  31.766 0.4000000060
629  -16.540  -80.022  30.375 0.6000000238
634  -28.228  -80.704  30.447 0.4000000060
635  -28.570  -80.700  30.953 0.4000000060
680  -22.722  -81.598  26.661 0.5000000000
682  -27.680  -80.139  25.905 0.5000000000
697  -8.118  -80.873  23.583 0.5000000000
699  -9.081  -81.748  24.402 0.5000000000
724  -7.819  -80.665  22.251 0.5000000000
726  -8.877  -81.091  22.312 0.6000000238
736  -8.466  -80.760  21.837 0.5000000000
750  -16.509  -80.572  19.367 0.5000000000
754  -14.842  -80.769  18.291 0.6999999881
756  -13.477  -79.486  17.218 0.6999999881
759  -11.494  -79.390  49.001 0.6999999881
760  -12.039  -79.382  48.765 0.6999999881
762  -11.591  -79.638  48.401 0.6999999881
767  -12.112  -79.576  47.764 0.6999999881
768  -17.018  -79.412  47.062 0.3000000119
772  -11.429  -79.983  47.123 0.6999999881
776  -7.148  -79.366  45.471 0.8999999762
777  -7.894  -79.808  45.279 1.0000000000
778  -8.604  -80.440  44.470 1.0000000000
780  -11.942  -80.222  45.738 0.8000000119
782  -17.181  -79.920  44.928 0.4000000060
785  -7.637  -80.080  44.812 0.8999999762
789  -17.193  -80.477  44.162 0.5000000000
792  -9.030  -81.096  43.386 1.0000000000
793  -10.808  -80.944  43.502 0.8999999762
794  -11.534  -80.419  44.124 0.8999999762
796  -7.126  -79.899  42.968 0.8999999762
798  -9.151  -81.149  43.014 1.0000000000
799  -9.742  -81.176  42.777 1.0000000000
800  -10.292  -81.271  42.950 0.8999999762
805  -8.709  -80.473  42.644 1.0000000000
811  -6.220  -79.601  40.974 0.6999999881
812  -6.539  -79.569  41.316 0.6999999881
815  -14.463  -79.950  41.779 0.8000000119
817  -19.991  -81.451  41.181 0.5000000000
840  -18.926  -79.517  37.634 0.8000000119
846  -10.024  -79.215  37.106 0.6000000238
847  -23.160  -79.902  35.824 0.6000000238
854  -20.749  -79.801  35.222 0.6999999881
886  -16.963  -79.219  32.121 0.6000000238
887  -17.347  -78.896  32.731 0.6000000238
890  -29.598  -79.720  31.999 0.4000000060
921  -17.605  -79.391  29.185 0.6999999881
937  -17.814  -79.860  28.631 0.5000000000
982  -11.544  -79.101  23.613 0.6999999881
987  -22.556  -80.624  24.088 0.5000000000
1002  -28.203  -79.212  23.426 0.4000000060
1011  -18.069  -79.630  22.024 0.4000000060
1016  -8.345  -80.440  21.219 0.5000000000
1017  -9.656  -80.286  21.685 0.8000000119
1023  -22.150  -80.103  21.135 0.6000000238
1029  -8.110  -79.957  20.526 0.6000000238
1039  -25.142  -78.630  20.338 0.5000000000
1042  -8.659  -79.676  19.871 0.8000000119
1043  -12.947  -80.606  19.443 0.6999999881
1044  -17.155  -79.698  19.353 0.4000000060
1047  -22.653  -80.022  18.947 0.5000000000
1049  -13.159  -79.567  17.797 0.6999999881
1059  -14.844  -78.791  15.686 0.6000000238
1061  -17.503  -78.813  15.896 0.5000000000
1062  -11.211  -78.336  50.678 0.6000000238
1063  -12.347  -78.258  50.727 0.6000000238
1064  -10.639  -78.641  49.870 0.6999999881
1066  -12.494  -78.496  50.019 0.6000000238
1069  -10.009  -78.573  49.228 0.6000000238
1070  -10.717  -79.165  49.147 0.6999999881
1071  -12.149  -79.088  49.404 0.6999999881
1072  -12.414  -79.106  48.813 0.6999999881
1077  -10.360  -79.165  48.471 0.6999999881
1083  -12.462  -79.110  48.198 0.6999999881
1084  -16.163  -78.401  47.033 0.3000000119
1086  -16.887  -78.975  47.769 0.3000000119
1091  -12.195  -79.633  46.565 0.6999999881
1092  -12.278  -79.357  47.399 0.6999999881
1095  -6.886  -78.687  45.822 0.8999999762
1098  -10.157  -79.975  45.057 0.8999999762
1102  -18.201  -79.142  45.647 0.3000000119
1105  -6.603  -78.849  45.423 0.8999999762
1106  -9.419  -80.145  44.767 1.0000000000
1107  -11.966  -79.648  44.531 0.8999999762
1112  -6.160  -78.571  42.928 0.6000000238
1113  -6.356  -79.024  43.775 0.8999999762
1120  -10.486  -79.377  42.377 0.8999999762
1121  -19.541  -81.003  42.958 0.5000000000
1129  -9.601  -79.331  41.550 0.8999999762
1131  -18.587  -80.983  41.942 0.5000000000
1132  -19.499  -79.494  42.735 0.4000000060
1142  -6.731  -79.479  40.747 0.8000000119
1148  -14.750  -77.969  41.029 0.8000000119
1150  -19.275  -79.839  40.567 0.6999999881
1152  -22.671  -79.349  40.808 0.3000000119
1156  -6.378  -79.364  39.796 0.6000000238
1157  -13.489  -77.948  39.666 0.8999999762
1161  -20.202  -79.353  38.525 0.6999999881
1175  -28.792  -78.835  37.946 0.3000000119
1179  -10.798  -79.144  37.281 0.5000000000
1180  -11.573  -78.767  37.230 0.5000000000
1184  -18.849  -78.566  37.738 0.8000000119
1185  -19.605  -79.026  37.812 0.6999999881
1186  -20.142  -79.230  38.023 0.8000000119
1201  -23.408  -79.304  36.376 0.4000000060
1212  -20.024  -78.351  35.186 0.6999999881
1230  -17.957  -79.069  34.332 0.6999999881
1231  -19.267  -78.089  34.918 0.6000000238
1234  -30.117  -78.953  33.902 0.5000000000
1235  -30.553  -78.479  33.772 0.5000000000
1271  -17.563  -77.976  31.203 0.6000000238
1274  -21.443  -78.715  31.813 0.6999999881
1277  -29.037  -78.400  31.614 0.4000000060
1285  -19.259  -78.005  30.038 0.8000000119
1286  -25.962  -78.253  29.894 0.4000000060
1294  -18.282  -78.732  29.452 0.6999999881
1295  -18.744  -78.427  29.665 0.8000000119
1298  -25.703  -78.333  29.222 0.4000000060
1308  -25.694  -78.794  28.484 0.4000000060
1360  -11.864  -78.269  24.177 0.6999999881
1361  -12.565  -78.228  23.955 0.6999999881
1388  -10.225  -79.450  21.702 0.8000000119
1394  -21.836  -79.061  21.868 0.4000000060
1406  -25.147  -77.964  19.842 0.5000000000
1409  -8.412  -79.045  19.250 0.6999999881
1411  -9.924  -78.503  19.096 0.8000000119
1418  -23.323  -79.356  18.849 0.5000000000
1419  -23.789  -78.588  19.106 0.5000000000
1423  -8.205  -78.389  18.799 0.6000000238
1428  -18.974  -78.435  18.136 0.4000000060
1435  -13.253  -79.112  17.265 0.6999999881
1447  -16.041  -78.153  14.779 0.5000000000
1455  -11.523  -77.163  52.497 0.6000000238
1457  -13.449  -76.752  52.643 0.6000000238
1458  -10.949  -77.372  51.825 0.5000000000
1459  -12.093  -77.522  52.042 0.6000000238
1464  -13.330  -77.098  52.064 0.6000000238
1469  -12.900  -77.861  50.676 0.6000000238
1470  -13.119  -77.318  51.451 0.6000000238
1477  -16.272  -77.121  48.908 0.3000000119
1483  -10.000  -78.630  47.842 0.6999999881
1485  -16.438  -77.864  48.449 0.3000000119
1488  -10.152  -78.341  46.826 0.6999999881
1490  -12.522  -78.530  47.648 0.6999999881
1491  -16.143  -77.750  47.696 0.3000000119
1494  -6.206  -77.132  46.276 0.8999999762
1495  -6.395  -77.062  46.524 1.0000000000
1496  -9.757  -78.007  45.748 0.8000000119
1505  -8.316  -77.946  45.013 1.0000000000
1516  -6.354  -78.548  44.682 0.8999999762
1520  -15.841  -76.985  45.129 0.6999999881
1521  -16.227  -78.397  44.927 0.5000000000
1527  -10.762  -78.350  42.930 0.8000000119
1539  -10.127  -77.888  41.033 0.8000000119
1540  -17.669  -78.627  41.590 0.6999999881
1550  -8.219  -77.974  40.639 0.8000000119
1555  -14.543  -76.972  40.921 0.8999999762
1566  -7.049  -78.243  39.577 0.6000000238
1568  -9.505  -77.175  39.859 0.8000000119
1569  -10.009  -76.932  39.969 0.8999999762
1596  -12.995  -77.483  37.032 1.0000000000
1597  -18.290  -78.246  37.766 0.8000000119
1608  -12.463  -76.887  36.547 0.6999999881
1612  -27.392  -78.953  37.132 0.3000000119
1620  -11.055  -76.661  35.767 0.6000000238
1623  -21.463  -77.355  35.076 0.6999999881
1626  -26.613  -78.026  35.348 0.5000000000
1638  -19.690  -76.702  34.448 0.6000000238
1640  -25.801  -77.175  34.208 0.5000000000
1642  -30.824  -77.968  34.250 0.5000000000
1691  -18.679  -77.327  30.392 0.6999999881
1702  -18.305  -78.143  29.922 0.6999999881
1706  -25.462  -77.391  29.067 0.4000000060
1764  -11.656  -77.259  24.080 0.6000000238
1765  -11.894  -77.436  24.398 0.6000000238
1780  -13.404  -78.102  23.474 0.6000000238
1792  -14.122  -77.860  22.998 0.5000000000
1818  -25.708  -77.482  20.024 0.5000000000
1831  -24.434  -77.891  19.435 0.5000000000
1833  -8.213  -77.827  18.448 0.6000000238
1835  -10.042  -77.935  18.447 0.6999999881
1841  -8.581  -77.310  18.032 0.6000000238
1861  -8.577  -74.776  54.773 0.5000000000
1863  -7.451  -75.121  54.514 0.5000000000
1866  -9.937  -74.939  54.599 0.5000000000
1869  -7.283  -75.036  53.822 0.6000000238
1871  -9.172  -75.050  54.008 0.5000000000
1872  -10.313  -75.205  54.071 0.5000000000
1873  -11.832  -76.070  53.885 0.5000000000
1874  -12.956  -76.154  54.016 0.5000000000
1875  -13.508  -75.487  54.314 0.6000000238
1876  -7.910  -74.995  53.282 0.6000000238
1877  -8.684  -75.199  53.162 0.5000000000
1879  -11.301  -76.476  53.102 0.5000000000
1885  -13.602  -76.258  52.883 0.6000000238
1890  -9.400  -76.350  51.251 0.6000000238
1891  -9.900  -76.939  51.455 0.6000000238
1893  -13.342  -76.613  51.807 0.6000000238
1895  -18.175  -76.328  51.567 0.3000000119
1898  -9.360  -76.564  50.274 0.6000000238
1900  -16.837  -76.536  50.497 0.4000000060
1906  -12.667  -76.858  49.592 0.6999999881
1907  -15.918  -76.277  49.217 0.5000000000
1913  -12.168  -76.144  48.164 0.6999999881
1914  -12.521  -77.087  48.741 0.6999999881
1919  -12.121  -76.444  47.239 0.6999999881
1930  -6.596  -77.034  46.616 0.8999999762
1933  -15.820  -77.356  46.950 0.4000000060
1945  -8.998  -77.454  44.948 1.0000000000
1954  -6.064  -76.472  44.617 0.6999999881
1955  -11.191  -76.255  44.141 0.8999999762
1957  -15.820  -75.999  44.112 0.6999999881
1965  -10.944  -76.595  43.417 0.8999999762
1972  -10.696  -77.095  42.586 0.8000000119
1990  -10.256  -76.866  40.601 0.8999999762
1992  -14.129  -76.370  40.945 0.8999999762
2010  -13.593  -75.976  40.182 1.0000000000
2012  -16.460  -75.824  38.972 0.8000000119
2013  -17.791  -75.934  38.930 0.8000000119
2014  -18.114  -76.463  39.052 0.6999999881
2026  -10.132  -75.913  39.045 1.0000000000
2039  -7.800  -76.273  37.629 0.5000000000
2047  -11.778  -76.315  36.051 0.6999999881
2049  -13.528  -75.901  37.030 1.0000000000
2062  -21.914  -76.268  35.080 0.5000000000
2077  -18.883  -76.873  34.011 0.6000000238
2092  -18.453  -76.510  33.293 0.6000000238
2095  -25.302  -76.738  33.990 0.4000000060
2096  -30.521  -76.132  33.702 0.4000000060
2103  -18.295  -76.220  32.506 0.6999999881
2115  -19.772  -75.894  31.118 0.6999999881
2118  -22.381  -76.604  31.715 0.6000000238
2140  -30.898  -77.025  29.359 0.3000000119
2156  -25.473  -76.213  28.487 0.3000000119
2183  -31.065  -77.461  27.940 0.3000000119
2246  -11.929  -77.202  21.980 0.6999999881
2247  -12.396  -76.552  22.436 0.6000000238
2267  -12.033  -76.709  20.588 0.6000000238
2268  -12.451  -76.107  20.463 0.6000000238
2277  -7.314  -77.129  19.098 0.6000000238
2288  -11.017  -76.663  17.809 0.6999999881
2289  -11.290  -76.423  18.810 0.6999999881
2294  -8.209  -76.585  17.582 0.6000000238
2295  -9.144  -76.901  17.372 0.6000000238
2296  -11.540  -76.205  16.902 0.6999999881
2300  -20.868  -76.852  17.290 0.5000000000
2309  -20.726  -76.866  16.494 0.5000000000
2313  -10.760  -75.483  15.186 0.6999999881
2329  -7.321  -74.383  56.133 0.5000000000
2330  -8.087  -74.157  55.633 0.3000000119
2333  -12.315  -74.364  56.385 0.4000000060
2335  -6.153  -74.841  55.769 0.6000000238
2337  -7.211  -74.792  55.773 0.4000000060
2339  -8.830  -74.383  55.140 0.5000000000
2342  -12.702  -74.704  55.891 0.4000000060
2343  -13.419  -74.462  55.980 0.4000000060
2344  -14.119  -74.021  56.218 0.4000000060
2346  -6.506  -75.171  55.068 0.6000000238
2347  -7.037  -75.180  55.200 0.5000000000
2348  -7.708  -74.929  55.149 0.5000000000
2349  -10.811  -74.968  54.735 0.5000000000
2350  -11.643  -75.076  54.982 0.5000000000
2351  -12.458  -75.082  55.132 0.5000000000
2354  -5.832  -74.797  54.196 0.6000000238
2355  -6.362  -75.080  54.380 0.6000000238
2359  -14.013  -74.454  54.906 0.6000000238
2360  -18.509  -74.489  53.716 0.3000000119
2361  -18.967  -74.317  53.718 0.3000000119
2362  -6.180  -74.828  53.958 0.6000000238
2363  -6.711  -75.046  53.985 0.6000000238
2365  -13.655  -75.652  53.584 0.6000000238
2371  -13.195  -74.530  52.358 0.6000000238
2378  -8.674  -75.306  51.841 0.6000000238
2381  -17.726  -75.605  52.050 0.4000000060
2398  -9.553  -75.447  48.179 0.6000000238
2399  -11.891  -75.045  48.543 0.6999999881
2401  -15.376  -75.711  48.631 0.5000000000
2409  -9.269  -75.322  46.714 0.8000000119
2420  -5.814  -76.054  47.462 0.8999999762
2422  -8.833  -74.829  46.562 0.8000000119
2425  -14.709  -75.299  46.578 0.6000000238
2437  -7.649  -75.523  46.288 1.0000000000
2439  -8.867  -76.515  45.460 0.8000000119
2452  -11.400  -75.875  44.947 0.8999999762
2454  -15.263  -75.445  44.244 0.6999999881
2459  -5.775  -75.746  43.701 0.6000000238
2471  -16.816  -75.740  42.651 0.6999999881
2472  -17.270  -76.121  41.951 0.6999999881
2493  -14.248  -75.166  40.403 0.8999999762
2512  -17.654  -75.262  39.196 0.6999999881
2525  -17.147  -75.632  38.714 0.8000000119
2526  -17.487  -75.579  38.858 0.8000000119
2539  -9.274  -75.446  37.148 0.8000000119
2540  -10.006  -75.002  37.141 0.8999999762
2541  -22.151  -75.081  37.105 0.3000000119
2563  -10.373  -75.248  35.849 0.6999999881
2564  -10.993  -75.200  35.814 0.8999999762
2574  -19.768  -74.676  33.682 0.6000000238
2576  -21.304  -75.782  34.693 0.6000000238
2578  -25.009  -75.915  34.987 0.4000000060
2580  -30.099  -75.543  34.336 0.3000000119
2594  -18.555  -75.453  32.332 0.6999999881
2605  -18.854  -75.405  31.634 0.6999999881
2607  -20.320  -75.249  31.500 0.6000000238
2612  -28.697  -75.535  31.915 0.4000000060
2661  -25.546  -75.450  28.589 0.3000000119
2664  -27.494  -75.428  28.171 0.3000000119
2745  -12.931  -75.902  22.657 0.6000000238
2760  -13.415  -75.557  21.796 0.6000000238
2779  -12.727  -75.092  19.609 0.6000000238
2794  -7.394  -75.548  17.756 0.5000000000
2796  -12.772  -75.159  16.590 0.6999999881
2808  -9.472  -75.828  15.989 0.6000000238
2811  -12.651  -74.953  15.915 0.6999999881
2822  -9.982  -75.283  15.212 0.6999999881
2824  -11.870  -75.127  15.258 0.6999999881
2825  -12.282  -74.939  15.519 0.6999999881
2849  -12.436  -73.565  57.241 0.3000000119
2852  -6.545  -74.211  57.095 0.4000000060
2853  -6.910  -74.119  56.778 0.3000000119
2855  -8.207  -74.134  55.929 0.4000000060
2857  -12.104  -74.046  56.614 0.4000000060
2858  -12.620  -73.949  57.057 0.3000000119
2859  -13.182  -73.871  57.250 0.3000000119
2860  -14.183  -73.337  57.724 0.3000000119
2863  -6.562  -74.627  56.450 0.5000000000
2866  -16.606  -73.380  56.463 0.4000000060
2868  -4.056  -74.043  54.397 0.6000000238
2869  -5.110  -74.569  55.117 0.6000000238
2872  -17.735  -73.709  54.969 0.4000000060
2875  -4.272  -74.098  53.808 0.6000000238
2876  -5.014  -74.530  54.264 0.6000000238
2878  -15.678  -73.431  54.940 0.5000000000
2879  -16.808  -73.554  54.777 0.5000000000
2880  -17.763  -74.025  54.384 0.4000000060
2885  -5.887  -74.486  53.581 0.6000000238
2887  -14.339  -73.767  53.970 0.6000000238
2891  -5.242  -74.111  53.261 0.6000000238
2892  -6.109  -74.211  53.121 0.6000000238
2897  -16.727  -73.858  53.410 0.4000000060
2901  -15.416  -73.504  52.091 0.6000000238
2905  -8.916  -74.881  50.983 0.6000000238
2906  -12.221  -74.064  50.129 0.6000000238
2907  -12.511  -74.500  50.883 0.6000000238
2915  -9.213  -74.674  50.019 0.6000000238
2916  -14.438  -73.720  49.780 0.6000000238
2924  -14.454  -74.402  48.173 0.6000000238
2925  -14.898  -74.876  48.799 0.6000000238
2937  -6.565  -74.332  47.381 0.8999999762
2938  -9.349  -74.704  47.317 0.8000000119
2946  -4.387  -74.739  47.057 0.6999999881
2948  -8.055  -74.788  46.378 0.8999999762
2949  -11.356  -74.220  46.376 0.6999999881
2950  -14.282  -74.493  46.793 0.6999999881
2958  -4.809  -74.976  46.597 0.6999999881
2959  -11.226  -74.339  45.080 0.8000000119
2961  -14.263  -74.560  46.048 0.6999999881
2969  -5.467  -74.556  45.535 0.6000000238
2970  -11.170  -74.399  44.473 0.8000000119
2984  -14.585  -73.843  43.445 0.8000000119
2985  -15.241  -74.516  43.301 0.8000000119
2986  -15.847  -74.837  43.113 0.8000000119
3001  -17.269  -75.037  41.598 0.6999999881
3014  -10.854  -75.034  41.072 0.8999999762
3017  -17.389  -74.251  40.652 0.6999999881
3031  -17.342  -73.803  39.919 0.6999999881
3047  -16.785  -74.192  39.304 0.8000000119
3048  -17.412  -74.467  39.515 0.6999999881
3061  -11.249  -73.833  38.326 0.8999999762
3063  -14.063  -73.006  38.990 1.0000000000
3074  -10.645  -74.640  36.827 0.8999999762
3077  -21.920  -74.485  37.022 0.3000000119
3091  -11.694  -74.636  36.282 1.0000000000
3092  -12.556  -74.348  36.630 1.0000000000
3109  -23.841  -74.050  35.163 0.3000000119
3124  -23.622  -74.256  34.158 0.5000000000
3142  -28.623  -73.801  33.001 0.3000000119
3150  -18.873  -74.940  32.283 0.6999999881
3153  -22.489  -74.756  32.139 0.6000000238
3163  -20.025  -74.585  31.852 0.5000000000
3166  -28.340  -74.547  31.782 0.4000000060
3196  -25.454  -74.849  29.130 0.3000000119
3212  -26.148  -74.628  28.367 0.3000000119
3334  -13.092  -74.196  18.890 0.6000000238
3345  -12.979  -74.771  18.233 0.6000000238
3367  -9.222  -74.114  14.369 0.6000000238
3368  -9.746  -74.576  14.626 0.6000000238
3369  -11.259  -74.448  14.989 0.6999999881
3370  -11.947  -74.643  15.282 0.6999999881
3388  -5.825  -73.385  58.170 0.3000000119
3391  -13.086  -73.191  57.887 0.3000000119
3400  -12.785  -72.996  57.895 0.3000000119
3402  -14.698  -73.025  57.961 0.3000000119
3403  -15.483  -72.979  57.707 0.3000000119
3405  -16.787  -72.857  57.110 0.4000000060
3408  -5.304  -74.058  56.760 0.4000000060
3414  -17.209  -73.299  56.260 0.4000000060
3417  -3.582  -73.536  54.754 0.6000000238
3425  -3.800  -73.798  54.161 0.6000000238
3432  -4.274  -73.944  53.670 0.6000000238
3433  -4.918  -73.805  53.184 0.6000000238
3437  -14.851  -73.264  53.640 0.6000000238
3438  -16.315  -73.468  54.164 0.5000000000
3440  -5.393  -73.729  52.706 0.6000000238
3443  -13.214  -73.583  52.064 0.6000000238
3447  -15.782  -73.396  53.511 0.5000000000
3450  -5.548  -73.372  52.016 0.6999999881
3452  -7.341  -73.584  52.014 0.6000000238
3456  -13.507  -73.079  51.598 0.6000000238
3457  -14.162  -72.931  52.011 0.6000000238
3466  -13.235  -73.079  50.533 0.6000000238
3474  -12.177  -73.631  49.652 0.6999999881
3475  -12.663  -73.139  49.661 0.6999999881
3483  -9.376  -73.284  48.643 0.8000000119
3484  -12.195  -73.298  48.952 0.6999999881
3497  -7.623  -73.659  47.101 0.8000000119
3498  -8.386  -73.491  47.193 0.8000000119
3499  -8.896  -73.153  47.758 0.8000000119
3500  -11.808  -73.483  48.249 0.6999999881
3502  -13.987  -73.904  47.458 0.6999999881
3511  -11.482  -73.380  46.168 0.6999999881
3512  -13.313  -73.123  46.231 0.6999999881
3521  -5.123  -74.158  45.922 0.6000000238
3523  -11.534  -73.082  45.299 0.6999999881
3535  -11.238  -73.757  44.099 0.8000000119
3538  -13.755  -73.584  44.867 0.6999999881
3552  -13.679  -73.150  43.972 0.6999999881
3563  -11.652  -73.140  42.836 0.8999999762
3565  -16.380  -73.802  41.808 0.8000000119
3578  -11.526  -73.443  41.041 0.8999999762
3579  -16.169  -72.882  41.270 0.8000000119
3595  -16.790  -73.129  39.871 0.8999999762
3607  -11.512  -73.274  39.168 0.8999999762
3609  -14.803  -72.436  39.293 0.8999999762
3610  -15.639  -72.737  39.433 0.8000000119
3623  -13.407  -72.936  38.521 1.0000000000
3634  -12.151  -73.652  37.157 1.0000000000
3635  -12.636  -73.450  37.514 1.0000000000
3636  -13.097  -73.531  37.633 1.0000000000
3649  -12.126  -74.026  36.715 1.0000000000
3664  -20.926  -72.914  34.725 0.5000000000
3676  -20.751  -72.946  33.862 0.5000000000
3685  -19.926  -73.880  32.927 0.6000000238
3686  -20.530  -73.122  33.150 0.5000000000
3689  -26.988  -73.010  34.003 0.3000000119
3700  -22.131  -73.232  32.687 0.5000000000
3713  -20.548  -73.911  32.131 0.6000000238
3714  -21.250  -73.815  32.017 0.6000000238
3715  -21.987  -73.859  32.171 0.5000000000
3861  -13.844  -73.486  20.630 0.5000000000
3884  -13.204  -73.524  18.053 0.6000000238
3910  -7.575  -72.133  13.927 0.6999999881
3911  -8.402  -72.246  13.513 0.6999999881
3913  -9.823  -73.156  14.200 0.6999999881
3914  -10.673  -73.969  14.872 0.6999999881
3920  -8.842  -72.042  13.317 0.6000000238
3922  -9.987  -73.530  14.283 0.6999999881
3940  -3.637  -71.945  58.598 0.4000000060
3945  -3.224  -72.207  57.575 0.4000000060
3951  -15.242  -72.524  57.934 0.3000000119
3953  -3.094  -72.454  55.887 0.6000000238
3963  -3.289  -72.925  55.290 0.6000000238
3971  -4.346  -72.725  54.454 0.6000000238
3999  -8.594  -73.292  51.163 0.8000000119
4007  -3.987  -72.277  50.330 0.8000000119
4008  -4.845  -72.687  50.754 0.8000000119
4009  -5.523  -72.687  50.436 0.8000000119
4010  -6.624  -72.628  50.515 0.8000000119
4011  -8.316  -72.569  50.762 0.8000000119
4012  -9.054  -72.865  50.386 0.8000000119
4017  -3.563  -72.316  49.694 0.8000000119
4022  -9.185  -72.671  49.361 0.8000000119
4030  -3.444  -72.276  48.494 0.6000000238
4031  -3.658  -72.650  48.570 0.8000000119
4034  -6.876  -72.174  48.541 0.8000000119
4035  -8.516  -72.201  48.846 0.8000000119
4037  -12.218  -73.067  48.178 0.6999999881
4044  -3.513  -72.910  47.886 0.6000000238
4045  -5.555  -73.185  47.988 0.8000000119
4048  -11.792  -73.024  46.727 0.6999999881
4049  -12.297  -72.853  47.301 0.6999999881
4050  -12.761  -72.995  48.057 0.6999999881
4057  -4.188  -73.426  46.729 0.6000000238
4058  -11.772  -72.898  45.990 0.6999999881
4060  -12.764  -72.839  46.713 0.6999999881
4078  -11.780  -72.793  44.688 0.6999999881
4079  -12.141  -72.613  44.453 0.6999999881
4080  -12.799  -72.605  44.164 0.6999999881
4094  -11.821  -72.779  43.790 0.6999999881
4112  -13.673  -72.357  42.388 0.8000000119
4130  -13.594  -72.061  41.656 0.8000000119
4132  -15.681  -72.175  40.840 0.8000000119
4144  -15.729  -71.922  40.051 0.8000000119
4156  -12.084  -72.601  39.435 0.8999999762
4157  -12.726  -72.074  39.578 0.8999999762
4158  -13.760  -71.928  39.263 0.8999999762
4160  -15.416  -72.050  39.623 0.8000000119
4174  -13.280  -72.385  38.790 1.0000000000
4187  -23.351  -71.907  37.485 0.4000000060
4194  -21.521  -72.469  36.393 0.5000000000
4195  -23.229  -72.030  36.674 0.4000000060
4208  -21.277  -72.442  35.268 0.5000000000
4210  -22.169  -71.838  35.341 0.5000000000
4211  -22.727  -72.153  35.354 0.4000000060
4222  -21.510  -72.070  35.088 0.5000000000
4232  -21.890  -72.280  33.722 0.5000000000
4245  -21.641  -72.694  32.993 0.5000000000
4395  -14.569  -72.325  21.842 0.5000000000
4404  -13.440  -72.573  20.193 0.5000000000
4419  -13.142  -72.566  19.296 0.6000000238
4434  -7.649  -71.316  16.694 0.6000000238
4435  -8.139  -71.830  17.364 0.6999999881
4489  -9.303  -72.402  13.690 0.6999999881
4498  -9.094  -72.260  13.479 0.6000000238
4537  -4.099  -71.510  59.569 0.3000000119
4539  -3.006  -71.654  58.017 0.5000000000
4544  -2.535  -71.168  56.794 0.6000000238
4554  -3.195  -72.040  55.696 0.6000000238
4589  -4.111  -71.287  51.798 0.8000000119
4602  -3.138  -71.773  49.868 0.8000000119
4603  -5.189  -72.480  49.098 0.8000000119
4604  -7.503  -71.991  49.211 0.8000000119
4611  -6.391  -72.162  49.084 0.8000000119
4617  -3.674  -71.979  47.792 0.6999999881
4628  -4.300  -72.551  46.780 0.6999999881
4693  -13.639  -71.776  40.880 0.8999999762
4695  -15.080  -71.732  40.554 0.8000000119
4707  -14.347  -71.589  40.369 0.8999999762
4715  -14.167  -71.641  39.719 0.8999999762
4733  -22.181  -71.919  37.510 0.3000000119
4739  -21.861  -71.937  36.677 0.3000000119
4751  -22.017  -71.737  36.038 0.4000000060
4763  -21.718  -71.966  34.597 0.5000000000
4961  -8.559  -71.712  17.821 0.6999999881
4978  -7.673  -70.107  15.085 0.6999999881
4996  -6.496  -69.966  14.494 0.5000000000
5006  -7.081  -70.119  13.956 0.6999999881
5074  -2.260  -70.430  57.349 0.5000000000
5080  -2.620  -69.917  56.719 0.6000000238
5085  -6.155  -70.351  55.578 0.6999999881
5092  -6.591  -70.454  54.770 0.8000000119
5093  -7.459  -69.680  53.713 0.8000000119
5113  -3.520  -69.466  52.254 0.8000000119
5117  -7.144  -69.928  52.587 0.8000000119
5118  -7.817  -69.858  52.260 0.8000000119
5130  -8.069  -69.918  51.708 0.8000000119
5137  -2.892  -70.246  51.514 0.8000000119
5148  -3.027  -70.910  49.919 0.6000000238
5164  -4.617  -70.508  47.709 0.5000000000
5452  -6.885  -69.768  18.403 0.8000000119
5453  -7.540  -70.045  18.699 0.6999999881
5465  -8.319  -71.062  18.301 0.6999999881
5483  -13.002  -70.763  17.487 0.6000000238
5500  -6.362  -69.640  15.013 0.6000000238
5501  -6.552  -69.960  14.653 0.6999999881
5598  -3.264  -69.822  59.540 0.3000000119
5599  -3.949  -69.764  60.367 0.3000000119
5612  -2.027  -69.490  58.265 0.5000000000
5615  -1.945  -68.985  57.598 0.5000000000
5616  -2.235  -68.952  56.976 0.6000000238
5625  -6.758  -69.895  55.248 0.8000000119
5626  -7.136  -69.827  54.537 0.8000000119
5631  -7.762  -69.578  52.855 0.8000000119
5641  -4.597  -69.755  52.498 0.8000000119
5643  -8.248  -69.549  52.125 0.8000000119
5655  -3.965  -68.926  52.333 0.8000000119
5656  -6.707  -69.695  52.089 0.8000000119
5657  -7.316  -69.760  51.414 0.8000000119
5658  -8.351  -69.657  51.262 0.8000000119
5668  -3.746  -68.184  51.392 0.6000000238
5669  -4.660  -68.522  51.934 0.8000000119
5672  -8.248  -69.660  50.364 0.6999999881
5682  -6.536  -69.088  50.395 0.6000000238
5684  -8.273  -69.402  49.434 0.6000000238
5695  -6.817  -68.971  49.473 0.6000000238
5963  -7.188  -69.357  19.090 0.8000000119
5978  -5.864  -68.375  15.450 0.6000000238
5982  -11.614  -70.323  16.812 0.6000000238
5983  -12.312  -69.851  17.128 0.6000000238
6006  -10.987  -69.501  15.670 0.6000000238
6114  -1.987  -68.726  58.107 0.5000000000
6156  -7.859  -68.264  52.906 0.8000000119
6157  -8.334  -68.864  52.338 0.8000000119
6166  -3.196  -68.779  51.863 0.8000000119
6194  -8.802  -68.958  49.164 0.6000000238
6204  -8.229  -68.920  48.677 0.6000000238
6485  -7.576  -68.788  19.438 0.8000000119
6492  -6.515  -68.547  18.541 0.6999999881
6493  -8.912  -68.791  18.674 0.6999999881
6502  -7.042  -67.430  16.028 0.6999999881
6504  -12.877  -68.321  17.704 0.4000000060
6512  -6.735  -68.021  15.157 0.6999999881
6514  -10.589  -68.650  15.946 0.6000000238
6525  -11.550  -68.936  14.658 0.6000000238
6537  -11.462  -68.654  14.119 0.6000000238
6549  -11.375  -68.283  13.729 0.6000000238
6550  -11.743  -68.341  13.739 0.6000000238
6621  -2.342  -67.178  57.994 0.4000000060
6632  -2.112  -67.648  57.556 0.5000000000
6643  -2.334  -67.486  56.939 0.5000000000
6644  -3.140  -67.427  56.254 0.5000000000
6652  -3.664  -66.381  56.064 0.6000000238
6654  -4.923  -67.309  55.536 0.6000000238
6655  -5.890  -67.677  55.192 0.6999999881
6672  -8.237  -67.973  52.121 0.8000000119
6676  -8.549  -67.711  51.492 0.8000000119
6695  -5.587  -67.207  49.822 0.6999999881
6711  -9.221  -67.752  47.926 0.6999999881
6999  -7.915  -68.145  19.705 0.6999999881
7000  -8.209  -67.397  19.874 0.6999999881
7018  -8.507  -68.076  19.252 0.6999999881
7095  -11.088  -67.868  13.522 0.6000000238
7097  -12.088  -67.832  13.205 0.6000000238
7098  -12.503  -67.397  12.742 0.6000000238
7188  -3.211  -65.540  60.263 0.3000000119
7225  -2.339  -66.934  57.374 0.4000000060
7237  -5.223  -65.929  54.763 0.5000000000
7245  -5.750  -66.087  54.099 0.6000000238
7260  -7.531  -66.336  52.279 0.8000000119
7265  -8.627  -66.758  51.164 0.8000000119
7305  -10.127  -66.418  47.527 0.6999999881
7317  -9.772  -66.341  46.931 0.6999999881
7554  -6.768  -66.846  20.142 0.8000000119
7557  -8.920  -65.927  20.600 0.6999999881
7571  -8.598  -66.581  20.083 0.6999999881
7584  -6.754  -66.625  17.174 0.6999999881
7596  -6.991  -66.334  15.986 0.6000000238
7605  -6.354  -66.059  15.748 0.5000000000
7616  -12.434  -67.875  15.029 0.5000000000
7635  -12.478  -67.514  13.337 0.6000000238
7642  -10.773  -66.542  13.137 0.6000000238
7644  -12.505  -66.954  12.179 0.6000000238
7645  -12.909  -67.101  12.241 0.6000000238
7737  -4.562  -65.352  62.637 0.3000000119
7754  -3.592  -65.399  60.930 0.4000000060
7773  -2.630  -66.609  57.940 0.4000000060
7782  -2.995  -65.719  57.748 0.4000000060
7783  -3.503  -65.259  57.511 0.4000000060
7792  -3.787  -65.536  56.506 0.4000000060
7793  -4.588  -65.529  55.929 0.4000000060
7815  -6.089  -65.843  53.666 0.6000000238
7816  -6.587  -65.493  53.792 0.6999999881
7825  -7.054  -65.662  53.102 0.6999999881
7833  -8.341  -65.403  52.229 0.5000000000
7850  -10.260  -65.440  50.006 0.6999999881
7851  -10.559  -65.316  49.351 0.6000000238
8173  -6.771  -65.942  20.241 0.8000000119
8176  -9.610  -65.433  20.867 0.6999999881
8188  -6.698  -65.565  19.291 0.8000000119
8208  -5.516  -65.290  16.522 0.5000000000
8219  -9.889  -65.532  16.184 0.6000000238
8239  -10.285  -66.071  13.683 0.6000000238
8248  -10.246  -65.033  13.773 0.6000000238
8257  -11.895  -66.363  12.370 0.6000000238
8356  -5.280  -64.075  62.051 0.3000000119
8357  -6.022  -63.766  60.959 0.4000000060
8368  -3.277  -65.168  60.159 0.4000000060
8369  -3.844  -64.897  60.797 0.4000000060
8388  -3.120  -65.292  59.010 0.4000000060
8399  -3.157  -65.366  58.346 0.4000000060
8400  -5.821  -64.862  57.376 0.4000000060
8409  -6.480  -64.855  56.599 0.5000000000
8421  -7.387  -64.662  55.502 0.4000000060
8477  -11.093  -64.364  47.957 0.6999999881
8502  -10.964  -64.300  46.505 0.5000000000
8773  -10.172  -64.366  21.312 0.8000000119
8774  -10.976  -64.406  21.318 0.6999999881
8781  -7.056  -65.148  19.975 0.8000000119
8785  -11.044  -64.909  21.017 0.6999999881
8794  -7.462  -64.212  19.488 0.6999999881
8795  -10.772  -65.039  20.256 0.6000000238
8815  -6.047  -64.641  15.910 0.5000000000
8816  -6.755  -64.078  15.830 0.5000000000
8817  -10.373  -64.586  18.105 0.6000000238
8829  -10.150  -64.232  16.338 0.6000000238
8852  -9.987  -64.276  14.121 0.6000000238
8863  -10.173  -64.202  13.801 0.6000000238
8875  -11.324  -64.925  12.740 0.6000000238
8985  -7.405  -63.287  58.533 0.4000000060
8996  -7.655  -63.699  57.580 0.4000000060
8997  -7.664  -62.846  57.333 0.4000000060
9010  -7.730  -63.992  56.801 0.4000000060
9011  -7.934  -63.503  56.055 0.5000000000
9025  -8.282  -63.433  55.020 0.5000000000
9035  -8.557  -63.481  54.213 0.5000000000
9058  -9.177  -63.282  52.517 0.6000000238
9066  -9.667  -63.409  51.712 0.6999999881
9067  -10.060  -63.089  50.968 0.6000000238
9073  -10.414  -63.466  50.295 0.6999999881
9097  -11.114  -63.545  46.527 0.6999999881
9108  -10.883  -63.629  45.821 0.6000000238
9109  -11.127  -62.992  46.014 0.6000000238
9127  -10.597  -63.169  45.223 0.5000000000
9396  -12.165  -62.910  21.500 0.6999999881
9407  -12.151  -63.617  21.108 0.6999999881
9408  -12.617  -63.137  20.886 0.6999999881
9416  -12.245  -63.760  20.437 0.6000000238
9424  -7.002  -63.374  16.205 0.6000000238
9459  -9.788  -62.903  14.888 0.6000000238
9575  -4.347  -62.007  61.663 0.3000000119
9578  -6.486  -62.620  59.792 0.4000000060
9610  -7.520  -62.485  55.806 0.5000000000
9636  -8.431  -62.585  53.416 0.5000000000
9647  -6.556  -62.237  51.575 0.6000000238
9648  -9.037  -62.563  52.079 0.6999999881
9668  -9.582  -62.576  50.796 0.6000000238
9674  -10.058  -62.732  49.428 0.6999999881
9677  -8.698  -62.153  48.931 0.6999999881
9684  -10.734  -62.323  46.924 0.6000000238
9685  -10.964  -62.901  47.414 0.6999999881
9690  -10.884  -62.368  46.142 0.6000000238
10018  -13.020  -62.539  20.544 0.6000000238
10026  -7.848  -62.123  18.780 0.6999999881
10028  -12.938  -62.518  19.715 0.6000000238
10106  -9.926  -62.453  13.750 0.5000000000
10234  -3.762  -61.485  59.725 0.3000000119
10235  -4.216  -61.826  60.563 0.3000000119
10245  -3.864  -61.313  58.678 0.4000000060
10253  -3.784  -61.167  57.677 0.4000000060
10255  -6.525  -62.063  57.684 0.4000000060
10256  -6.572  -62.061  56.926 0.4000000060
10266  -3.346  -60.934  56.465 0.5000000000
10277  -3.677  -61.501  55.712 0.5000000000
10279  -6.826  -62.129  55.197 0.5000000000
10287  -3.326  -61.387  55.178 0.5000000000
10290  -5.667  -62.062  54.555 0.5000000000
10299  -3.463  -61.875  53.512 0.5000000000
10325  -5.408  -62.159  51.215 0.5000000000
10333  -4.831  -61.632  50.484 0.8000000119
10340  -4.946  -61.379  49.685 0.6000000238
10344  -6.148  -61.411  48.563 0.6999999881
10347  -8.732  -61.834  48.348 0.6000000238
10351  -8.686  -61.435  47.620 0.6000000238
10355  -9.932  -61.169  45.769 0.5000000000
10577  -10.198  -61.337  26.896 0.8000000119
10589  -10.926  -61.564  26.471 0.6000000238
10590  -11.725  -61.341  26.764 0.6000000238
10591  -12.243  -61.018  27.029 0.6000000238
10606  -9.778  -61.408  25.456 0.8000000119
10613  -9.139  -61.196  24.766 0.8000000119
10617  -12.315  -61.174  24.410 0.5000000000
10629  -9.591  -61.705  23.391 0.8000000119
10630  -10.632  -61.977  22.715 0.8000000119
10650  -8.209  -60.997  21.611 0.6000000238
10654  -13.379  -61.129  21.332 0.6000000238
10665  -7.957  -61.160  19.987 0.6000000238
10669  -13.303  -61.281  20.564 0.6000000238
10687  -5.721  -61.324  18.200 0.5000000000
10708  -6.591  -61.557  17.957 0.5000000000
10709  -7.283  -61.833  18.140 0.6000000238
10710  -12.571  -61.422  18.399 0.6000000238
10721  -11.824  -61.707  16.981 0.6000000238
10838  -3.046  -60.731  61.226 0.3000000119
10872  -3.103  -60.520  59.354 0.3000000119
10908  -3.307  -60.878  56.029 0.5000000000
10931  -3.816  -61.131  53.163 0.5000000000
10935  -4.100  -61.228  52.180 0.5000000000
10943  -4.348  -61.132  51.325 0.6000000238
10965  -4.375  -60.547  48.255 0.6999999881
10969  -3.853  -60.132  47.491 0.6999999881
10971  -6.311  -60.842  47.356 0.6999999881
10992  -4.252  -59.814  46.033 0.8000000119
10994  -6.361  -60.115  45.962 0.5000000000
11180  -8.816  -60.322  29.378 0.6999999881
11194  -11.464  -60.838  29.012 0.6000000238
11195  -12.342  -60.242  28.384 0.6000000238
11270  -13.152  -60.796  23.016 0.5000000000
11282  -13.271  -61.217  22.165 0.6000000238
11309  -6.923  -60.703  19.971 0.6000000238
11326  -5.497  -60.396  19.363 0.5000000000
11327  -6.438  -60.751  19.268 0.5000000000
11531  -3.315  -59.640  57.823 0.3000000119
11561  -5.088  -59.178  55.015 0.5000000000
11600  -4.924  -59.950  50.732 0.6000000238
11618  -3.347  -58.718  48.385 0.8000000119
11627  -3.169  -58.751  47.764 0.8000000119
11647  -3.040  -58.523  44.275 0.6000000238
11801  -7.906  -59.014  32.744 0.6000000238
11829  -9.816  -59.749  30.932 0.6999999881
11845  -11.836  -59.936  30.080 0.6000000238
11857  -12.080  -60.272  29.231 0.6000000238
11889  -12.767  -59.559  26.314 0.6000000238
11898  -5.553  -58.749  25.425 0.5000000000
12177  -5.261  -57.645  59.328 0.3000000119
12205  -5.189  -57.381  58.142 0.3000000119
12224  -4.654  -58.698  56.646 0.4000000060
12288  -4.521  -58.743  50.826 0.6000000238
12303  -3.620  -58.608  49.048 0.8000000119
12327  -3.122  -58.024  47.544 0.6999999881
12328  -5.106  -57.663  47.295 0.6000000238
12329  -6.154  -58.005  47.365 0.6999999881
12331  -8.181  -58.291  47.409 0.6999999881
12548  -11.236  -57.899  32.162 0.6000000238
12559  -10.015  -58.668  32.257 0.6000000238
12571  -12.188  -58.476  31.228 0.6000000238
12584  -4.635  -58.836  29.834 0.5000000000
12906  -4.927  -57.590  59.081 0.3000000119
12965  -3.320  -56.347  54.061 0.5000000000
13003  -3.359  -57.308  50.947 0.6999999881
13013  -7.811  -56.903  50.466 0.8000000119
13023  -6.579  -57.410  49.488 0.8000000119
13036  -3.679  -57.271  47.975 0.8000000119
13043  -10.956  -57.379  48.450 0.6000000238
13065  -3.488  -57.817  46.370 0.8000000119
13100  -2.902  -57.605  44.417 0.6000000238
13101  -3.328  -57.142  43.352 0.6000000238
13278  -11.165  -57.181  32.280 0.6000000238
13653  -6.214  -56.072  59.130 0.3000000119
13683  -4.289  -55.291  56.553 0.5000000000
13685  -7.529  -55.694  57.302 0.3000000119
13696  -3.554  -55.675  55.922 0.5000000000
13710  -3.263  -56.023  54.972 0.5000000000
13722  -3.276  -55.889  54.367 0.6000000238
13732  -3.464  -56.428  52.787 0.6000000238
13772  -5.911  -56.614  50.828 0.8000000119
13773  -7.064  -56.622  51.065 0.8000000119
13775  -9.431  -56.563  50.191 0.6999999881
13776  -10.125  -56.024  50.199 0.8000000119
13788  -3.555  -57.147  49.440 0.8000000119
13805  -3.649  -57.212  48.770 0.8000000119
14365  -5.973  -55.662  58.448 0.4000000060
14381  -5.290  -55.330  57.292 0.4000000060
14435  -3.324  -55.900  53.967 0.6000000238
14437  -4.575  -55.363  53.150 0.6999999881
14670  -8.151  -55.911  32.006 0.5000000000
14682  -10.313  -56.085  31.354 0.6000000238
15093  -3.066  -54.758  54.861 0.6000000238
15110  -9.947  -54.144  53.747 0.3000000119
15116  -5.758  -54.339  52.741 0.6000000238
15147  -8.936  -54.728  51.028 0.6999999881
15361  -8.338  -54.947  30.518 0.5000000000
15375  -6.458  -54.346  30.167 0.5000000000
15376  -7.118  -54.197  29.962 0.5000000000
15712  -3.445  -53.570  55.150 0.5000000000
15726  -3.514  -53.247  54.644 0.5000000000
15728  -4.505  -52.236  54.313 0.5000000000
15747  -3.560  -52.933  54.148 0.5000000000
15751  -9.762  -53.963  53.826 0.3000000119
15765  -9.097  -53.301  53.194 0.4000000060
15821  -13.520  -53.737  47.794 0.6000000238
16011  -6.045  -53.692  29.736 0.5000000000
16373  -3.824  -51.882  53.918 0.6000000238
16392  -3.933  -51.351  53.231 0.6000000238
16549  -5.827  -52.559  42.162 0.3000000119
16695  -9.025  -52.186  28.609 0.4000000060
17057  -7.981  -51.417  52.191 0.5000000000
17135  -10.210  -51.543  47.724 0.6000000238
17137  -13.541  -51.981  47.384 0.6000000238
17150  -4.979  -51.111  45.642 0.5000000000
17154  -9.081  -51.487  46.785 0.6000000238
17186  -15.474  -51.684  43.933 0.5000000000
17198  -5.665  -52.383  43.537 0.3000000119
17379  -7.922  -50.628  27.663 0.6000000238
17797  -5.043  -50.190  52.412 0.6000000238
17798  -5.967  -50.176  52.399 0.6000000238
17799  -6.860  -50.619  52.371 0.6000000238
17808  -4.701  -50.210  51.649 0.6000000238
17826  -4.903  -50.070  50.852 0.6000000238
17866  -5.386  -50.063  48.394 0.6000000238
17893  -10.833  -50.776  46.565 0.6000000238
17895  -12.624  -50.307  46.424 0.5000000000
17910  -9.442  -50.855  45.387 0.6000000238
17925  -4.626  -50.843  44.624 0.5000000000
17927  -9.807  -50.565  44.443 0.6000000238
17930  -14.831  -50.436  44.766 0.5000000000
17941  -4.428  -51.008  43.978 0.4000000060
17945  -11.009  -49.954  43.316 0.5000000000
17952  -4.533  -51.905  43.312 0.3000000119
17989  -17.146  -50.814  38.973 0.4000000060
18007  -17.629  -50.791  38.145 0.4000000060
18026  -17.462  -50.704  38.093 0.4000000060
18731  -14.427  -49.891  44.821 0.5000000000
18763  -15.857  -50.040  41.978 0.4000000060
18782  -15.262  -49.604  40.985 0.3000000119
18787  -20.214  -49.311  41.471 0.3000000119
18804  -14.863  -49.657  40.182 0.4000000060
18808  -18.293  -49.622  39.654 0.3000000119
18823  -14.945  -49.630  39.322 0.4000000060
18825  -18.651  -50.129  38.042 0.4000000060
18849  -16.950  -50.302  37.953 0.3000000119
19505  -8.996  -49.020  46.037 0.4000000060
19582  -19.667  -48.494  40.203 0.4000000060
19640  -25.296  -47.935  38.275 0.4000000060
20349  -21.422  -47.566  40.230 0.4000000060
20363  -17.457  -48.191  38.846 0.3000000119
20420  -25.807  -47.086  36.227 0.4000000060
20427  -26.005  -47.220  35.495 0.5000000000
21180  -26.448  -46.109  33.626 0.5000000000
21182  -26.454  -46.217  32.784 0.4000000060
21851  -22.533  -45.069  39.239 0.3000000119
21882  -25.463  -45.274  36.765 0.3000000119
22586  -26.199  -44.616  35.843 0.4000000060
22592  -26.482  -44.587  35.152 0.4000000060
22629  -25.177  -44.345  29.684 0.5000000000
23278  -25.834  -43.652  36.725 0.3000000119
23315  -27.273  -43.580  33.001 0.5000000000
23323  -27.213  -43.380  32.300 0.5000000000
23334  -26.544  -43.575  30.824 0.5000000000
24070  -27.360  -42.616  33.357 0.4000000060
24094  -26.904  -43.226  31.449 0.5000000000
24107  -26.486  -42.645  31.308 0.5000000000
24116  -25.955  -42.475  31.032 0.5000000000
24870  -25.732  -41.590  37.505 0.3000000119
24871  -26.146  -41.813  36.947 0.3000000119
24879  -26.538  -41.642  36.267 0.3000000119
24891  -27.073  -41.806  35.390 0.3000000119
24911  -27.263  -41.863  34.600 0.4000000060
24932  -26.547  -41.012  33.126 0.5000000000
24933  -27.072  -41.637  32.967 0.5000000000
24964  -26.486  -41.960  31.795 0.5000000000
24981  -26.381  -42.373  31.442 0.5000000000
25776  -24.392  -41.312  38.844 0.3000000119
25777  -25.017  -41.058  38.334 0.3000000119
25787  -25.499  -40.934  37.663 0.3000000119
25796  -25.426  -40.276  37.099 0.3000000119
26866  -23.463  -39.738  27.599 0.4000000060
27775  -21.483  -39.018  26.336 0.3000000119
110553  -18.302  -81.128  43.468 0.4000000060
110556  -18.405  -80.313  43.795 0.4000000060
111254  -18.061  -80.937  42.524 0.5000000000
111699  -5.104  -72.704  52.619 0.6999999881
111755  -6.492  -61.219  47.953 0.6999999881
111776  -17.059  -49.896  37.747 0.3000000119
111855  -14.859  -73.682  56.141 0.4000000060
111892  -9.785  -67.008  49.495 0.6000000238
111961  -16.741  -49.163  38.022 0.3000000119
111986  -8.856  -61.366  22.977 0.8000000119
112047  -17.067  -73.557  55.251 0.4000000060
112126  -13.825  -73.206  50.185 0.6000000238
112178  -9.809  -65.523  50.569 0.6000000238
112225  -12.240  -78.961  45.069 0.8999999762
112552  -16.844  -79.952  43.631 0.5000000000
112626  -10.388  -73.882  55.672 0.3000000119
113069  -25.837  -79.680  28.322 0.5000000000
113077  -10.981  -74.727  41.941 0.8000000119
113168  -7.010  -67.937  15.645 0.6999999881
113170  -11.911  -63.913  19.404 0.6000000238
113175  -17.531  -77.591  41.567 0.6999999881
113227  -6.875  -70.362  53.903 0.8000000119
113345  -18.661  -75.041  53.131 0.3000000119
113595  -19.934  -81.334  37.499 0.8000000119
113635  -6.027  -64.497  59.310 0.4000000060
113808  -12.644  -72.735  45.866 0.6999999881
113960  -12.785  -60.843  19.027 0.6000000238
114167  -11.244  -74.706  55.324 0.5000000000
114213  -9.600  -77.191  48.774 0.6000000238
114350  -15.541  -76.291  39.935 0.8999999762
114540  -15.116  -75.959  46.079 0.6999999881
114829  -9.148  -68.469  49.396 0.6000000238
114860  -4.778  -75.390  47.118 0.6999999881
114893  -10.313  -61.898  23.566 0.8000000119
115049  -4.689  -64.759  59.122 0.4000000060
115050  -12.615  -75.241  17.614 0.6000000238
115067  -14.029  -73.723  57.159 0.3000000119
115072  -4.948  -72.835  53.536 0.6999999881
115126  -13.150  -72.630  16.747 0.6000000238
115184  -23.131  -74.969  32.650 0.6000000238
115269  -9.256  -76.240  49.794 0.6000000238
115299  -10.825  -64.654  48.898 0.6999999881
115417  -3.901  -51.635  52.912 0.6000000238
115938  -9.505  -74.224  48.952 0.6999999881
115975  -9.571  -50.672  43.088 0.3000000119
116238  -12.173  -65.624  12.239 0.6000000238
116564  -16.806  -79.783  45.586 0.5000000000
116574  -7.123  -64.725  15.854 0.5000000000
116595  -11.624  -62.395  21.819 0.8000000119
117119  -13.597  -75.559  53.135 0.6000000238
117195  -7.751  -77.750  40.043 0.6000000238
117199  -19.681  -78.722  30.845 0.6999999881
117487  -21.729  -77.195  31.633 0.6999999881
117820  -12.406  -73.141  57.480 0.3000000119
118034  -9.720  -62.717  14.290 0.6000000238
118051  -6.150  -77.014  45.636 0.8999999762
118125  -9.081  -70.507  18.291 0.6999999881
118213  -13.650  -75.322  38.055 1.0000000000
118360  -2.269  -67.162  57.779 0.4000000060
118446  -5.126  -72.737  51.880 0.6999999881
118957  -16.704  -80.080  32.357 0.6000000238
119036  -10.667  -64.971  46.480 0.5000000000
119054  -26.722  -40.566  34.877 0.4000000060
119064  -13.337  -73.230  47.850 0.6999999881
119073  -10.549  -76.319  41.211 0.8999999762
119091  -14.743  -73.062  52.314 0.6000000238
119109  -10.682  -76.243  41.970 0.8999999762
119322  -6.063  -60.902  18.605 0.5000000000
119372  -11.212  -62.109  22.027 0.8000000119
119378  -22.374  -80.282  35.266 0.6999999881
119416  -9.003  -76.293  35.544 0.6000000238
119602  -7.620  -80.180  21.813 0.5000000000
119871  -4.524  -62.190  53.989 0.5000000000
119875  -11.163  -61.746  25.075 0.6000000238
119992  -13.486  -74.819  52.953 0.6000000238
120164  -29.052  -74.124  33.735 0.3000000119
120186  -10.716  -67.786  14.597 0.6000000238
120355  -15.317  -78.353  15.196 0.5000000000
120388  -10.345  -50.462  44.958 0.6000000238
120505  -14.696  -81.823  20.920 0.5000000000
120508  -9.688  -62.562  49.998 0.6999999881
120594  -12.493  -59.599  28.361 0.6000000238
120691  -17.187  -79.607  46.416 0.5000000000
120811  -4.525  -56.491  50.730 0.8000000119
121099  -12.339  -77.114  52.972 0.5000000000
121106  -6.292  -73.617  16.316 0.4000000060
121140  -23.845  -78.010  32.393 0.6000000238
121288  -9.126  -59.670  31.036 0.6999999881
121522  -9.221  -57.420  46.518 0.6000000238
121594  -13.336  -80.805  40.833 0.6999999881
121629  -13.701  -74.915  54.671 0.6000000238
121659  -20.822  -45.981  39.545 0.4000000060
121681  -16.294  -79.204  45.640 0.5000000000
121761  -22.432  -75.527  37.581 0.3000000119
121866  -9.916  -74.321  55.149 0.4000000060
121871  -7.429  -74.715  53.175 0.6000000238
121894  -5.835  -65.831  15.973 0.5000000000
122112  -23.436  -81.666  25.462 0.6000000238
122534  -9.215  -60.859  27.972 0.6999999881
122623  -3.048  -72.374  56.604 0.5000000000
122630  -5.474  -76.077  47.152 0.8000000119
122717  -7.551  -72.662  50.873 0.8000000119
122724  -4.247  -51.580  44.210 0.4000000060
122777  -27.906  -81.474  31.501 0.4000000060
123074  -19.017  -78.679  16.374 0.4000000060
123080  -11.542  -73.688  56.218 0.4000000060
123185  -2.361  -67.849  58.141 0.5000000000
123250  -21.338  -72.473  33.389 0.5000000000
123435  -3.180  -59.097  46.188 0.6999999881
123594  -11.020  -74.257  37.562 1.0000000000
123663  -26.754  -42.835  31.453 0.5000000000
123851  -20.256  -80.568  35.289 0.8000000119
124041  -10.374  -74.050  55.547 0.4000000060
124189  -9.652  -75.680  35.764 0.6999999881
124258  -21.921  -76.924  35.055 0.5000000000
124383  -6.037  -63.922  16.136 0.5000000000
124431  -22.884  -72.635  34.731 0.4000000060
124559  -12.819  -76.557  50.365 0.6000000238
124772  -26.464  -76.036  30.856 0.4000000060
124938  -20.713  -79.137  31.875 0.6999999881
124959  -18.186  -76.835  39.721 0.6999999881
124973  -7.475  -62.798  58.125 0.4000000060
125052  -9.873  -77.475  17.708 0.6999999881
125089  -20.163  -79.096  35.281 0.6999999881
125232  -10.345  -61.687  24.951 0.6999999881
125312  -22.574  -81.438  26.141 0.5000000000
125364  -14.433  -75.579  40.569 0.8999999762
125393  -13.696  -77.434  38.347 1.0000000000
125565  -9.116  -68.604  50.047 0.6000000238
125573  -3.425  -73.356  55.481 0.6000000238
125765  -9.447  -54.221  50.389 0.6000000238
126004  -9.200  -72.069  14.112 0.6999999881
126100  -24.345  -43.935  29.363 0.5000000000
126194  -28.162  -79.159  26.267 0.3000000119
126212  -3.724  -62.067  53.867 0.5000000000
126285  -13.151  -72.031  39.156 0.8999999762
126386  -12.464  -72.418  41.158 0.8999999762
126395  -3.223  -61.307  60.610 0.3000000119
126437  -14.025  -79.409  16.590 0.6999999881
126530  -24.758  -80.825  40.656 0.3000000119
127004  -4.755  -67.527  50.985 0.6000000238
127278  -11.364  -74.070  56.037 0.3000000119
127352  -26.523  -80.607  24.768 0.5000000000
127644  -13.410  -78.239  40.769 0.8999999762
127684  -13.012  -75.284  51.758 0.6000000238
127792  -17.338  -78.777  48.442 0.3000000119
127807  -18.939  -81.313  43.080 0.5000000000
127811  -15.274  -77.485  21.667 0.4000000060
127862  -13.220  -70.259  19.180 0.5000000000
127867  -11.919  -68.871  14.867 0.6000000238
127916  -23.460  -75.686  32.610 0.6000000238
128003  -3.288  -71.794  50.472 0.8000000119
128468  -7.344  -68.143  19.725 0.8000000119
128572  -5.313  -70.272  46.980 0.5000000000
128578  -17.256  -78.952  18.561 0.5000000000
128746  -9.123  -62.460  51.450 0.6999999881
128871  -15.364  -81.435  20.169 0.6999999881
128874  -8.023  -51.506  43.252 0.3000000119
128891  -18.240  -79.792  28.724 0.6000000238
129099  -21.111  -80.760  39.296 0.6000000238
129238  -7.643  -75.941  17.453 0.6000000238
129242  -13.551  -76.344  53.150 0.6000000238
129363  -7.854  -62.794  18.919 0.6000000238
129378  -12.706  -73.253  57.723 0.3000000119
129457  -12.487  -75.499  50.447 0.6000000238
129475  -12.040  -74.197  49.643 0.6999999881
129677  -10.425  -64.909  13.507 0.6000000238
129729  -1.965  -68.264  57.720 0.5000000000
129734  -26.525  -80.598  33.083 0.4000000060
129861  -6.796  -62.504  59.027 0.4000000060
129958  -10.569  -76.254  35.608 0.6000000238
130291  -23.010  -78.904  24.490 0.5000000000
130297  -14.447  -79.108  16.095 0.6000000238
130425  -14.672  -73.720  55.206 0.4000000060
130448  -22.200  -44.558  39.552 0.3000000119
130617  -13.096  -74.054  36.977 1.0000000000
130621  -10.034  -66.091  15.548 0.6000000238
130711  -11.937  -79.796  47.197 0.6999999881
130733  -6.787  -67.317  53.900 0.6999999881
130800  -24.075  -81.931  33.338 0.6999999881
130948  -5.895  -73.788  52.461 0.6000000238
131095  -14.867  -73.240  42.576 0.8000000119
131127  -3.574  -57.681  52.177 0.6000000238
131161  -11.685  -58.985  31.139 0.6000000238
131194  -19.586  -45.420  39.835 0.3000000119
131226  -22.215  -40.258  26.912 0.4000000060
131242  -14.866  -74.454  49.441 0.6000000238
131268  -2.568  -71.098  57.751 0.5000000000
131316  -27.273  -42.221  32.981 0.4000000060
131421  -21.987  -82.081  35.585 0.6999999881
131561  -9.541  -76.177  38.811 0.8999999762
131596  -2.379  -69.378  56.831 0.6000000238
131849  -9.126  -81.022  25.011 0.5000000000
131938  -15.433  -49.722  41.668 0.3000000119
131947  -7.734  -70.728  18.402 0.6999999881
131984  -14.116  -77.576  16.134 0.5000000000
132014  -12.361  -74.185  15.641 0.6999999881
132041  -2.912  -69.462  51.577 0.8000000119
132061  -12.657  -78.741  48.884 0.6999999881
132086  -4.382  -73.039  57.531 0.4000000060
132113  -27.368  -43.108  32.991 0.5000000000
132128  -5.947  -56.100  59.043 0.3000000119
132292  -19.217  -76.312  34.036 0.6000000238
132295  -7.407  -61.948  49.504 0.6999999881
132419  -7.199  -59.655  26.456 0.6999999881
132489  -13.137  -73.143  16.546 0.6000000238
132555  -13.282  -70.638  19.591 0.5000000000
132618  -11.686  -79.780  44.006 0.8999999762
132702  -12.554  -72.473  41.951 0.8999999762
132766  -26.244  -82.182  32.882 0.6999999881
132797  -16.741  -78.809  43.398 0.5000000000
132961  -10.248  -75.992  52.877 0.5000000000
133140  -10.901  -63.097  45.646 0.5000000000
133306  -2.746  -66.205  57.857 0.4000000060
133312  -3.425  -57.176  50.402 0.6999999881
133390  -7.699  -63.468  19.157 0.8000000119
133422  -11.200  -73.871  43.578 0.8999999762
133427  -14.177  -72.099  41.774 0.8000000119
133566  -23.617  -74.549  33.812 0.4000000060
133595  -13.463  -60.726  21.799 0.5000000000
133609  -12.923  -61.793  22.227 0.6000000238
133626  -11.576  -73.717  47.639 0.6999999881
133647  -18.702  -78.137  37.832 0.8000000119
133688  -23.125  -72.197  35.970 0.4000000060
133757  -7.583  -63.474  58.041 0.4000000060
133776  -21.391  -72.487  35.819 0.5000000000
134082  -5.781  -58.966  28.051 0.5000000000
134134  -4.789  -61.937  51.018 0.6000000238
134142  -9.015  -76.302  38.700 0.8000000119
134207  -17.097  -78.122  49.236 0.3000000119
134307  -13.814  -79.950  17.158 0.6999999881
134409  -8.274  -80.667  43.662 1.0000000000
134526  -16.423  -79.410  46.101 0.5000000000
134641  -3.290  -61.115  55.604 0.5000000000
134822  -8.999  -60.949  25.464 0.8000000119
134894  -30.785  -77.449  34.596 0.4000000060
134907  -27.928  -74.075  34.797 0.3000000119
134929  -17.477  -78.623  17.988 0.4000000060
134955  -7.124  -74.904  53.615 0.6000000238
135146  -20.184  -78.294  31.302 0.6000000238
135259  -12.101  -77.863  44.983 0.8999999762
135338  -6.623  -54.702  30.644 0.5000000000
135392  -14.255  -74.114  54.884 0.6000000238
135411  -18.730  -76.063  31.145 0.6999999881
135474  -8.595  -75.906  37.665 0.8000000119
135581  -9.512  -75.543  47.339 0.6999999881
