
Fri Mar 13 05:50:53 CET 2026
cd /out/sourcedata/freesurfer/sub-v2s4x29580_ses-1
setenv SUBJECTS_DIR /out/sourcedata/freesurfer
/opt/freesurfer/bin/recon-all -autorecon-hemi rh -noparcstats -noparcstats2 -noparcstats3 -nohyporelabel -nobalabels -rh-only -openmp 16 -subjid sub-v2s4x29580_ses-1 -sd /out/sourcedata/freesurfer

subjid sub-v2s4x29580_ses-1
setenv SUBJECTS_DIR /out/sourcedata/freesurfer
FREESURFER_HOME /opt/freesurfer
Actual FREESURFER_HOME /opt/freesurfer
build-stamp.txt: freesurfer-linux-ubuntu22_x86_64-7.3.2-20220804-6354275
Linux dna038 5.14.0-427.37.1.el9_4.x86_64 #1 SMP PREEMPT_DYNAMIC Fri Sep 13 12:41:50 EDT 2024 x86_64 x86_64 x86_64 GNU/Linux
cputime      unlimited
filesize     unlimited
datasize     unlimited
stacksize    8192 kbytes
coredumpsize 0 kbytes
memoryuse    67108864 kbytes
vmemoryuse   unlimited
descriptors  1024 
memorylocked unlimited
maxproc      2061970 
maxlocks     unlimited
maxsignal    2061970 
maxmessage   819200 
maxnice      0 
maxrtprio    0 
maxrttime    unlimited

               total        used        free      shared  buff/cache   available
Mem:           503Gi        52Gi       401Gi        18Gi        49Gi       428Gi
Swap:             0B          0B          0B

########################################
program versions used
7.3.2 (freesurfer-linux-ubuntu22_x86_64-7.3.2-20220804-6354275)
7.3.2

ProgramName: lta_convert  ProgramArguments: lta_convert -all-info  ProgramVersion: 7.3.2  TimeStamp: 2026/03/13-04:50:53-GMT  BuildTime: Aug  4 2022 06:17:15  BuildStamp: freesurfer-linux-ubuntu22_x86_64-7.3.2-20220804-6354275  User: oesteban  Machine: dna038  Platform: Linux  PlatformVersion: 5.14.0-427.37.1.el9_4.x86_64  CompilerName: GCC  CompilerVersion: 8.4.0
ProgramName: mri_and  ProgramArguments: mri_and -all-info  ProgramVersion: 7.3.2  TimeStamp: 2026/03/13-04:50:53-GMT  BuildTime: Aug  4 2022 06:17:15  BuildStamp: freesurfer-linux-ubuntu22_x86_64-7.3.2-20220804-6354275  User: oesteban  Machine: dna038  Platform: Linux  PlatformVersion: 5.14.0-427.37.1.el9_4.x86_64  CompilerName: GCC  CompilerVersion: 8.4.0
ProgramName: mri_annotation2label  ProgramArguments: mri_annotation2label -all-info  ProgramVersion: 7.3.2  TimeStamp: 2026/03/13-04:50:53-GMT  BuildTime: Aug  4 2022 06:17:15  BuildStamp: freesurfer-linux-ubuntu22_x86_64-7.3.2-20220804-6354275  User: oesteban  Machine: dna038  Platform: Linux  PlatformVersion: 5.14.0-427.37.1.el9_4.x86_64  CompilerName: GCC  CompilerVersion: 8.4.0
ProgramName: mri_aparc2aseg  ProgramArguments: mri_aparc2aseg -all-info  ProgramVersion: 7.3.2  TimeStamp: 2026/03/13-04:50:53-GMT  BuildTime: Aug  4 2022 06:17:15  BuildStamp: freesurfer-linux-ubuntu22_x86_64-7.3.2-20220804-6354275  User: oesteban  Machine: dna038  Platform: Linux  PlatformVersion: 5.14.0-427.37.1.el9_4.x86_64  CompilerName: GCC  CompilerVersion: 8.4.0
ProgramName: mri_surf2volseg  ProgramArguments: mri_surf2volseg -all-info  ProgramVersion: 7.3.2  TimeStamp: 2026/03/13-04:50:53-GMT  BuildTime: Aug  4 2022 06:17:15  BuildStamp: freesurfer-linux-ubuntu22_x86_64-7.3.2-20220804-6354275  User: oesteban  Machine: dna038  Platform: Linux  PlatformVersion: 5.14.0-427.37.1.el9_4.x86_64  CompilerName: GCC  CompilerVersion: 8.4.0
ProgramName: mri_binarize  ProgramArguments: mri_binarize -all-info  ProgramVersion: 7.3.2  TimeStamp: 2026/03/13-04:50:53-GMT  BuildTime: Aug  4 2022 06:17:15  BuildStamp: freesurfer-linux-ubuntu22_x86_64-7.3.2-20220804-6354275  User: oesteban  Machine: dna038  Platform: Linux  PlatformVersion: 5.14.0-427.37.1.el9_4.x86_64  CompilerName: GCC  CompilerVersion: 8.4.0
ProgramName: mri_ca_label  ProgramArguments: mri_ca_label -all-info  ProgramVersion: 7.3.2  TimeStamp: 2026/03/13-04:50:53-GMT  BuildTime: Aug  4 2022 06:17:15  BuildStamp: freesurfer-linux-ubuntu22_x86_64-7.3.2-20220804-6354275  User: oesteban  Machine: dna038  Platform: Linux  PlatformVersion: 5.14.0-427.37.1.el9_4.x86_64  CompilerName: GCC  CompilerVersion: 8.4.0
ProgramName: mri_ca_normalize  ProgramArguments: mri_ca_normalize -all-info  ProgramVersion: 7.3.2  TimeStamp: 2026/03/13-04:50:53-GMT  BuildTime: Aug  4 2022 06:17:15  BuildStamp: freesurfer-linux-ubuntu22_x86_64-7.3.2-20220804-6354275  User: oesteban  Machine: dna038  Platform: Linux  PlatformVersion: 5.14.0-427.37.1.el9_4.x86_64  CompilerName: GCC  CompilerVersion: 8.4.0
ProgramName: mri_ca_register  ProgramArguments: mri_ca_register -all-info  ProgramVersion: 7.3.2  TimeStamp: 2026/03/13-04:50:53-GMT  BuildTime: Aug  4 2022 06:17:15  BuildStamp: freesurfer-linux-ubuntu22_x86_64-7.3.2-20220804-6354275  User: oesteban  Machine: dna038  Platform: Linux  PlatformVersion: 5.14.0-427.37.1.el9_4.x86_64  CompilerName: GCC  CompilerVersion: 8.4.0
ProgramName: mri_cc  ProgramArguments: mri_cc -all-info  ProgramVersion: 7.3.2  TimeStamp: 2026/03/13-04:50:53-GMT  BuildTime: Aug  4 2022 06:17:15  BuildStamp: freesurfer-linux-ubuntu22_x86_64-7.3.2-20220804-6354275  User: oesteban  Machine: dna038  Platform: Linux  PlatformVersion: 5.14.0-427.37.1.el9_4.x86_64  CompilerName: GCC  CompilerVersion: 8.4.0
ProgramName: mri_compute_overlap  ProgramArguments: mri_compute_overlap -all-info  ProgramVersion: 7.3.2  TimeStamp: 2026/03/13-04:50:53-GMT  BuildTime: Aug  4 2022 06:17:15  BuildStamp: freesurfer-linux-ubuntu22_x86_64-7.3.2-20220804-6354275  User: oesteban  Machine: dna038  Platform: Linux  PlatformVersion: 5.14.0-427.37.1.el9_4.x86_64  CompilerName: GCC  CompilerVersion: 8.4.0
ProgramName: mri_compute_seg_overlap  ProgramArguments: mri_compute_seg_overlap -all-info  ProgramVersion: 7.3.2  TimeStamp: 2026/03/13-04:50:53-GMT  BuildTime: Aug  4 2022 06:17:15  BuildStamp: freesurfer-linux-ubuntu22_x86_64-7.3.2-20220804-6354275  User: oesteban  Machine: dna038  Platform: Linux  PlatformVersion: 5.14.0-427.37.1.el9_4.x86_64  CompilerName: GCC  CompilerVersion: 8.4.0
ProgramName: mri_concat  ProgramArguments: mri_concat -all-info  ProgramVersion: 7.3.2  TimeStamp: 2026/03/13-04:50:53-GMT  BuildTime: Aug  4 2022 06:17:15  BuildStamp: freesurfer-linux-ubuntu22_x86_64-7.3.2-20220804-6354275  User: oesteban  Machine: dna038  Platform: Linux  PlatformVersion: 5.14.0-427.37.1.el9_4.x86_64  CompilerName: GCC  CompilerVersion: 8.4.0
ProgramName: mri_concatenate_lta  ProgramArguments: mri_concatenate_lta -all-info  ProgramVersion: 7.3.2  TimeStamp: 2026/03/13-04:50:53-GMT  BuildTime: Aug  4 2022 06:17:15  BuildStamp: freesurfer-linux-ubuntu22_x86_64-7.3.2-20220804-6354275  User: oesteban  Machine: dna038  Platform: Linux  PlatformVersion: 5.14.0-427.37.1.el9_4.x86_64  CompilerName: GCC  CompilerVersion: 8.4.0
mri_convert -all-info 
ProgramName: mri_convert  ProgramArguments: mri_convert -all-info  ProgramVersion: 7.3.2  TimeStamp: 2026/03/13-04:50:53-GMT  BuildTime: Aug  4 2022 06:17:15  BuildStamp: freesurfer-linux-ubuntu22_x86_64-7.3.2-20220804-6354275  User: oesteban  Machine: dna038  Platform: Linux  PlatformVersion: 5.14.0-427.37.1.el9_4.x86_64  CompilerName: GCC  CompilerVersion: 8.4.0
ProgramName: mri_diff  ProgramArguments: mri_diff -all-info  ProgramVersion: 7.3.2  TimeStamp: 2026/03/13-04:50:53-GMT  BuildTime: Aug  4 2022 06:17:15  BuildStamp: freesurfer-linux-ubuntu22_x86_64-7.3.2-20220804-6354275  User: oesteban  Machine: dna038  Platform: Linux  PlatformVersion: 5.14.0-427.37.1.el9_4.x86_64  CompilerName: GCC  CompilerVersion: 8.4.0
ProgramName: mri_edit_wm_with_aseg  ProgramArguments: mri_edit_wm_with_aseg -all-info  ProgramVersion: 7.3.2  TimeStamp: 2026/03/13-04:50:53-GMT  BuildTime: Aug  4 2022 06:17:15  BuildStamp: freesurfer-linux-ubuntu22_x86_64-7.3.2-20220804-6354275  User: oesteban  Machine: dna038  Platform: Linux  PlatformVersion: 5.14.0-427.37.1.el9_4.x86_64  CompilerName: GCC  CompilerVersion: 8.4.0
ProgramName: mri_em_register  ProgramArguments: mri_em_register -all-info  ProgramVersion: 7.3.2  TimeStamp: 2026/03/13-04:50:53-GMT  BuildTime: Aug  4 2022 06:17:15  BuildStamp: freesurfer-linux-ubuntu22_x86_64-7.3.2-20220804-6354275  User: oesteban  Machine: dna038  Platform: Linux  PlatformVersion: 5.14.0-427.37.1.el9_4.x86_64  CompilerName: GCC  CompilerVersion: 8.4.0
ProgramName: mri_fill  ProgramArguments: mri_fill -all-info  ProgramVersion: 7.3.2  TimeStamp: 2026/03/13-04:50:53-GMT  BuildTime: Aug  4 2022 06:17:15  BuildStamp: freesurfer-linux-ubuntu22_x86_64-7.3.2-20220804-6354275  User: oesteban  Machine: dna038  Platform: Linux  PlatformVersion: 5.14.0-427.37.1.el9_4.x86_64  CompilerName: GCC  CompilerVersion: 8.4.0
ProgramName: mri_fuse_segmentations  ProgramArguments: mri_fuse_segmentations -all-info  ProgramVersion: 7.3.2  TimeStamp: 2026/03/13-04:50:53-GMT  BuildTime: Aug  4 2022 06:17:15  BuildStamp: freesurfer-linux-ubuntu22_x86_64-7.3.2-20220804-6354275  User: oesteban  Machine: dna038  Platform: Linux  PlatformVersion: 5.14.0-427.37.1.el9_4.x86_64  CompilerName: GCC  CompilerVersion: 8.4.0
ProgramName: mri_fwhm  ProgramArguments: mri_fwhm -all-info  ProgramVersion: 7.3.2  TimeStamp: 2026/03/13-04:50:53-GMT  BuildTime: Aug  4 2022 06:17:15  BuildStamp: freesurfer-linux-ubuntu22_x86_64-7.3.2-20220804-6354275  User: oesteban  Machine: dna038  Platform: Linux  PlatformVersion: 5.14.0-427.37.1.el9_4.x86_64  CompilerName: GCC  CompilerVersion: 8.4.0
ProgramName: mri_gcut  ProgramArguments: mri_gcut -all-info  ProgramVersion: 7.3.2  TimeStamp: 2026/03/13-04:50:53-GMT  BuildTime: Aug  4 2022 06:17:15  BuildStamp: freesurfer-linux-ubuntu22_x86_64-7.3.2-20220804-6354275  User: oesteban  Machine: dna038  Platform: Linux  PlatformVersion: 5.14.0-427.37.1.el9_4.x86_64  CompilerName: GCC  CompilerVersion: 8.4.0
ProgramName: mri_info  ProgramArguments: mri_info -all-info  ProgramVersion: 7.3.2  TimeStamp: 2026/03/13-04:50:53-GMT  BuildTime: Aug  4 2022 06:17:15  BuildStamp: freesurfer-linux-ubuntu22_x86_64-7.3.2-20220804-6354275  User: oesteban  Machine: dna038  Platform: Linux  PlatformVersion: 5.14.0-427.37.1.el9_4.x86_64  CompilerName: GCC  CompilerVersion: 8.4.0
ProgramName: mri_label2label  ProgramArguments: mri_label2label -all-info  ProgramVersion: 7.3.2  TimeStamp: 2026/03/13-04:50:53-GMT  BuildTime: Aug  4 2022 06:17:15  BuildStamp: freesurfer-linux-ubuntu22_x86_64-7.3.2-20220804-6354275  User: oesteban  Machine: dna038  Platform: Linux  PlatformVersion: 5.14.0-427.37.1.el9_4.x86_64  CompilerName: GCC  CompilerVersion: 8.4.0
ProgramName: mri_label2vol  ProgramArguments: mri_label2vol -all-info  ProgramVersion: 7.3.2  TimeStamp: 2026/03/13-04:50:53-GMT  BuildTime: Aug  4 2022 06:17:15  BuildStamp: freesurfer-linux-ubuntu22_x86_64-7.3.2-20220804-6354275  User: oesteban  Machine: dna038  Platform: Linux  PlatformVersion: 5.14.0-427.37.1.el9_4.x86_64  CompilerName: GCC  CompilerVersion: 8.4.0
ProgramName: mri_log_likelihood  ProgramArguments: mri_log_likelihood -all-info  ProgramVersion: 7.3.2  TimeStamp: 2026/03/13-04:50:53-GMT  BuildTime: Aug  4 2022 06:17:15  BuildStamp: freesurfer-linux-ubuntu22_x86_64-7.3.2-20220804-6354275  User: oesteban  Machine: dna038  Platform: Linux  PlatformVersion: 5.14.0-427.37.1.el9_4.x86_64  CompilerName: GCC  CompilerVersion: 8.4.0
ProgramName: mri_mask  ProgramArguments: mri_mask -all-info  ProgramVersion: 7.3.2  TimeStamp: 2026/03/13-04:50:53-GMT  BuildTime: Aug  4 2022 06:17:15  BuildStamp: freesurfer-linux-ubuntu22_x86_64-7.3.2-20220804-6354275  User: oesteban  Machine: dna038  Platform: Linux  PlatformVersion: 5.14.0-427.37.1.el9_4.x86_64  CompilerName: GCC  CompilerVersion: 8.4.0
ProgramName: mri_matrix_multiply  ProgramArguments: mri_matrix_multiply -all-info  ProgramVersion: 7.3.2  TimeStamp: 2026/03/13-04:50:53-GMT  BuildTime: Aug  4 2022 06:17:15  BuildStamp: freesurfer-linux-ubuntu22_x86_64-7.3.2-20220804-6354275  User: oesteban  Machine: dna038  Platform: Linux  PlatformVersion: 5.14.0-427.37.1.el9_4.x86_64  CompilerName: GCC  CompilerVersion: 8.4.0
ProgramName: mri_normalize  ProgramArguments: mri_normalize -all-info  ProgramVersion: 7.3.2  TimeStamp: 2026/03/13-04:50:53-GMT  BuildTime: Aug  4 2022 06:17:15  BuildStamp: freesurfer-linux-ubuntu22_x86_64-7.3.2-20220804-6354275  User: oesteban  Machine: dna038  Platform: Linux  PlatformVersion: 5.14.0-427.37.1.el9_4.x86_64  CompilerName: GCC  CompilerVersion: 8.4.0
ProgramName: mri_normalize_tp2  ProgramArguments: mri_normalize_tp2 -all-info  ProgramVersion: 7.3.2  TimeStamp: 2026/03/13-04:50:53-GMT  BuildTime: Aug  4 2022 06:17:15  BuildStamp: freesurfer-linux-ubuntu22_x86_64-7.3.2-20220804-6354275  User: oesteban  Machine: dna038  Platform: Linux  PlatformVersion: 5.14.0-427.37.1.el9_4.x86_64  CompilerName: GCC  CompilerVersion: 8.4.0
ProgramName: mri_or  ProgramArguments: mri_or -all-info  ProgramVersion: 7.3.2  TimeStamp: 2026/03/13-04:50:53-GMT  BuildTime: Aug  4 2022 06:17:15  BuildStamp: freesurfer-linux-ubuntu22_x86_64-7.3.2-20220804-6354275  User: oesteban  Machine: dna038  Platform: Linux  PlatformVersion: 5.14.0-427.37.1.el9_4.x86_64  CompilerName: GCC  CompilerVersion: 8.4.0
ProgramName: mri_relabel_hypointensities  ProgramArguments: mri_relabel_hypointensities -all-info  ProgramVersion: 7.3.2  TimeStamp: 2026/03/13-04:50:53-GMT  BuildTime: Aug  4 2022 06:17:15  BuildStamp: freesurfer-linux-ubuntu22_x86_64-7.3.2-20220804-6354275  User: oesteban  Machine: dna038  Platform: Linux  PlatformVersion: 5.14.0-427.37.1.el9_4.x86_64  CompilerName: GCC  CompilerVersion: 8.4.0
ProgramName: mri_relabel_nonwm_hypos  ProgramArguments: mri_relabel_nonwm_hypos -all-info  ProgramVersion: 7.3.2  TimeStamp: 2026/03/13-04:50:53-GMT  BuildTime: Aug  4 2022 06:17:15  BuildStamp: freesurfer-linux-ubuntu22_x86_64-7.3.2-20220804-6354275  User: oesteban  Machine: dna038  Platform: Linux  PlatformVersion: 5.14.0-427.37.1.el9_4.x86_64  CompilerName: GCC  CompilerVersion: 8.4.0
ProgramName: mri_remove_neck  ProgramArguments: mri_remove_neck -all-info  ProgramVersion: 7.3.2  TimeStamp: 2026/03/13-04:50:53-GMT  BuildTime: Aug  4 2022 06:17:15  BuildStamp: freesurfer-linux-ubuntu22_x86_64-7.3.2-20220804-6354275  User: oesteban  Machine: dna038  Platform: Linux  PlatformVersion: 5.14.0-427.37.1.el9_4.x86_64  CompilerName: GCC  CompilerVersion: 8.4.0
7.3.2

ProgramName: mri_robust_register  ProgramArguments: mri_robust_register -all-info  ProgramVersion: 7.3.2  TimeStamp: 2026/03/13-04:50:53-GMT  BuildTime: Aug  4 2022 06:17:15  BuildStamp: freesurfer-linux-ubuntu22_x86_64-7.3.2-20220804-6354275  User: oesteban  Machine: dna038  Platform: Linux  PlatformVersion: 5.14.0-427.37.1.el9_4.x86_64  CompilerName: GCC  CompilerVersion: 8.4.0
7.3.2

ProgramName: mri_robust_template  ProgramArguments: mri_robust_template -all-info  ProgramVersion: 7.3.2  TimeStamp: 2026/03/13-04:50:53-GMT  BuildTime: Aug  4 2022 06:17:15  BuildStamp: freesurfer-linux-ubuntu22_x86_64-7.3.2-20220804-6354275  User: oesteban  Machine: dna038  Platform: Linux  PlatformVersion: 5.14.0-427.37.1.el9_4.x86_64  CompilerName: GCC  CompilerVersion: 8.4.0
ProgramName: mris_anatomical_stats  ProgramArguments: mris_anatomical_stats -all-info  ProgramVersion: 7.3.2  TimeStamp: 2026/03/13-04:50:53-GMT  BuildTime: Aug  4 2022 06:17:15  BuildStamp: freesurfer-linux-ubuntu22_x86_64-7.3.2-20220804-6354275  User: oesteban  Machine: dna038  Platform: Linux  PlatformVersion: 5.14.0-427.37.1.el9_4.x86_64  CompilerName: GCC  CompilerVersion: 8.4.0
ProgramName: mris_ca_label  ProgramArguments: mris_ca_label -all-info  ProgramVersion: 7.3.2  TimeStamp: 2026/03/13-04:50:53-GMT  BuildTime: Aug  4 2022 06:17:15  BuildStamp: freesurfer-linux-ubuntu22_x86_64-7.3.2-20220804-6354275  User: oesteban  Machine: dna038  Platform: Linux  PlatformVersion: 5.14.0-427.37.1.el9_4.x86_64  CompilerName: GCC  CompilerVersion: 8.4.0
ProgramName: mris_calc  ProgramArguments: mris_calc -all-info  ProgramVersion: 7.3.2  TimeStamp: 2026/03/13-04:50:53-GMT  BuildTime: Aug  4 2022 06:17:15  BuildStamp: freesurfer-linux-ubuntu22_x86_64-7.3.2-20220804-6354275  User: oesteban  Machine: dna038  Platform: Linux  PlatformVersion: 5.14.0-427.37.1.el9_4.x86_64  CompilerName: GCC  CompilerVersion: 8.4.0
ProgramName: mris_convert  ProgramArguments: mris_convert -all-info  ProgramVersion: 7.3.2  TimeStamp: 2026/03/13-04:50:53-GMT  BuildTime: Aug  4 2022 06:17:15  BuildStamp: freesurfer-linux-ubuntu22_x86_64-7.3.2-20220804-6354275  User: oesteban  Machine: dna038  Platform: Linux  PlatformVersion: 5.14.0-427.37.1.el9_4.x86_64  CompilerName: GCC  CompilerVersion: 8.4.0
ProgramName: mris_curvature  ProgramArguments: mris_curvature -all-info  ProgramVersion: 7.3.2  TimeStamp: 2026/03/13-04:50:53-GMT  BuildTime: Aug  4 2022 06:17:15  BuildStamp: freesurfer-linux-ubuntu22_x86_64-7.3.2-20220804-6354275  User: oesteban  Machine: dna038  Platform: Linux  PlatformVersion: 5.14.0-427.37.1.el9_4.x86_64  CompilerName: GCC  CompilerVersion: 8.4.0
ProgramName: mris_curvature_stats  ProgramArguments: mris_curvature_stats -all-info  ProgramVersion: 7.3.2  TimeStamp: 2026/03/13-04:50:53-GMT  BuildTime: Aug  4 2022 06:17:15  BuildStamp: freesurfer-linux-ubuntu22_x86_64-7.3.2-20220804-6354275  User: oesteban  Machine: dna038  Platform: Linux  PlatformVersion: 5.14.0-427.37.1.el9_4.x86_64  CompilerName: GCC  CompilerVersion: 8.4.0
ProgramName: mris_diff  ProgramArguments: mris_diff -all-info  ProgramVersion: 7.3.2  TimeStamp: 2026/03/13-04:50:53-GMT  BuildTime: Aug  4 2022 06:17:15  BuildStamp: freesurfer-linux-ubuntu22_x86_64-7.3.2-20220804-6354275  User: oesteban  Machine: dna038  Platform: Linux  PlatformVersion: 5.14.0-427.37.1.el9_4.x86_64  CompilerName: GCC  CompilerVersion: 8.4.0
ProgramName: mris_divide_parcellation  ProgramArguments: mris_divide_parcellation -all-info  ProgramVersion: 7.3.2  TimeStamp: 2026/03/13-04:50:53-GMT  BuildTime: Aug  4 2022 06:17:15  BuildStamp: freesurfer-linux-ubuntu22_x86_64-7.3.2-20220804-6354275  User: oesteban  Machine: dna038  Platform: Linux  PlatformVersion: 5.14.0-427.37.1.el9_4.x86_64  CompilerName: GCC  CompilerVersion: 8.4.0
ProgramName: mri_segment  ProgramArguments: mri_segment -all-info  ProgramVersion: 7.3.2  TimeStamp: 2026/03/13-04:50:53-GMT  BuildTime: Aug  4 2022 06:17:15  BuildStamp: freesurfer-linux-ubuntu22_x86_64-7.3.2-20220804-6354275  User: oesteban  Machine: dna038  Platform: Linux  PlatformVersion: 5.14.0-427.37.1.el9_4.x86_64  CompilerName: GCC  CompilerVersion: 8.4.0
ProgramName: mri_segstats  ProgramArguments: mri_segstats -all-info  ProgramVersion: 7.3.2  TimeStamp: 2026/03/13-04:50:53-GMT  BuildTime: Aug  4 2022 06:17:15  BuildStamp: freesurfer-linux-ubuntu22_x86_64-7.3.2-20220804-6354275  User: oesteban  Machine: dna038  Platform: Linux  PlatformVersion: 5.14.0-427.37.1.el9_4.x86_64  CompilerName: GCC  CompilerVersion: 8.4.0
ProgramName: mris_euler_number  ProgramArguments: mris_euler_number -all-info  ProgramVersion: 7.3.2  TimeStamp: 2026/03/13-04:50:53-GMT  BuildTime: Aug  4 2022 06:17:15  BuildStamp: freesurfer-linux-ubuntu22_x86_64-7.3.2-20220804-6354275  User: oesteban  Machine: dna038  Platform: Linux  PlatformVersion: 5.14.0-427.37.1.el9_4.x86_64  CompilerName: GCC  CompilerVersion: 8.4.0
ProgramName: mris_fix_topology  ProgramArguments: mris_fix_topology -all-info  ProgramVersion: 7.3.2  TimeStamp: 2026/03/13-04:50:53-GMT  BuildTime: Aug  4 2022 06:17:15  BuildStamp: freesurfer-linux-ubuntu22_x86_64-7.3.2-20220804-6354275  User: oesteban  Machine: dna038  Platform: Linux  PlatformVersion: 5.14.0-427.37.1.el9_4.x86_64  CompilerName: GCC  CompilerVersion: 8.4.0
ProgramName: mris_topo_fixer  ProgramArguments: mris_topo_fixer -all-info  ProgramVersion: 7.3.2  TimeStamp: 2026/03/13-04:50:53-GMT  BuildTime: Aug  4 2022 06:17:15  BuildStamp: freesurfer-linux-ubuntu22_x86_64-7.3.2-20220804-6354275  User: oesteban  Machine: dna038  Platform: Linux  PlatformVersion: 5.14.0-427.37.1.el9_4.x86_64  CompilerName: GCC  CompilerVersion: 8.4.0
ProgramName: mris_jacobian  ProgramArguments: mris_jacobian -all-info  ProgramVersion: 7.3.2  TimeStamp: 2026/03/13-04:50:53-GMT  BuildTime: Aug  4 2022 06:17:15  BuildStamp: freesurfer-linux-ubuntu22_x86_64-7.3.2-20220804-6354275  User: oesteban  Machine: dna038  Platform: Linux  PlatformVersion: 5.14.0-427.37.1.el9_4.x86_64  CompilerName: GCC  CompilerVersion: 8.4.0
ProgramName: mris_label2annot  ProgramArguments: mris_label2annot -all-info  ProgramVersion: 7.3.2  TimeStamp: 2026/03/13-04:50:53-GMT  BuildTime: Aug  4 2022 06:17:15  BuildStamp: freesurfer-linux-ubuntu22_x86_64-7.3.2-20220804-6354275  User: oesteban  Machine: dna038  Platform: Linux  PlatformVersion: 5.14.0-427.37.1.el9_4.x86_64  CompilerName: GCC  CompilerVersion: 8.4.0
ProgramName: mris_left_right_register  ProgramArguments: mris_left_right_register -all-info  ProgramVersion: 7.3.2  TimeStamp: 2026/03/13-04:50:53-GMT  BuildTime: Aug  4 2022 06:17:15  BuildStamp: freesurfer-linux-ubuntu22_x86_64-7.3.2-20220804-6354275  User: oesteban  Machine: dna038  Platform: Linux  PlatformVersion: 5.14.0-427.37.1.el9_4.x86_64  CompilerName: GCC  CompilerVersion: 8.4.0
ProgramName: mris_place_surface  ProgramArguments: mris_place_surface -all-info  ProgramVersion: 7.3.2  TimeStamp: 2026/03/13-04:50:53-GMT  BuildTime: Aug  4 2022 06:17:15  BuildStamp: freesurfer-linux-ubuntu22_x86_64-7.3.2-20220804-6354275  User: oesteban  Machine: dna038  Platform: Linux  PlatformVersion: 5.14.0-427.37.1.el9_4.x86_64  CompilerName: GCC  CompilerVersion: 8.4.0
ProgramName: mrisp_paint  ProgramArguments: mrisp_paint -all-info  ProgramVersion: 7.3.2  TimeStamp: 2026/03/13-04:50:53-GMT  BuildTime: Aug  4 2022 06:17:15  BuildStamp: freesurfer-linux-ubuntu22_x86_64-7.3.2-20220804-6354275  User: oesteban  Machine: dna038  Platform: Linux  PlatformVersion: 5.14.0-427.37.1.el9_4.x86_64  CompilerName: GCC  CompilerVersion: 8.4.0
ProgramName: mris_register  ProgramArguments: mris_register -all-info  ProgramVersion: 7.3.2  TimeStamp: 2026/03/13-04:50:53-GMT  BuildTime: Aug  4 2022 06:17:15  BuildStamp: freesurfer-linux-ubuntu22_x86_64-7.3.2-20220804-6354275  User: oesteban  Machine: dna038  Platform: Linux  PlatformVersion: 5.14.0-427.37.1.el9_4.x86_64  CompilerName: GCC  CompilerVersion: 8.4.0
ProgramName: mris_smooth  ProgramArguments: mris_smooth -all-info  ProgramVersion: 7.3.2  TimeStamp: 2026/03/13-04:50:53-GMT  BuildTime: Aug  4 2022 06:17:15  BuildStamp: freesurfer-linux-ubuntu22_x86_64-7.3.2-20220804-6354275  User: oesteban  Machine: dna038  Platform: Linux  PlatformVersion: 5.14.0-427.37.1.el9_4.x86_64  CompilerName: GCC  CompilerVersion: 8.4.0
ProgramName: mris_sphere  ProgramArguments: mris_sphere -all-info  ProgramVersion: 7.3.2  TimeStamp: 2026/03/13-04:50:53-GMT  BuildTime: Aug  4 2022 06:17:15  BuildStamp: freesurfer-linux-ubuntu22_x86_64-7.3.2-20220804-6354275  User: oesteban  Machine: dna038  Platform: Linux  PlatformVersion: 5.14.0-427.37.1.el9_4.x86_64  CompilerName: GCC  CompilerVersion: 8.4.0
ProgramName: mris_surface_stats  ProgramArguments: mris_surface_stats -all-info  ProgramVersion: 7.3.2  TimeStamp: 2026/03/13-04:50:53-GMT  BuildTime: Aug  4 2022 06:17:15  BuildStamp: freesurfer-linux-ubuntu22_x86_64-7.3.2-20220804-6354275  User: oesteban  Machine: dna038  Platform: Linux  PlatformVersion: 5.14.0-427.37.1.el9_4.x86_64  CompilerName: GCC  CompilerVersion: 8.4.0
ProgramName: mri_stats2seg  ProgramArguments: mri_stats2seg -all-info  ProgramVersion: 7.3.2  TimeStamp: 2026/03/13-04:50:53-GMT  BuildTime: Aug  4 2022 06:17:15  BuildStamp: freesurfer-linux-ubuntu22_x86_64-7.3.2-20220804-6354275  User: oesteban  Machine: dna038  Platform: Linux  PlatformVersion: 5.14.0-427.37.1.el9_4.x86_64  CompilerName: GCC  CompilerVersion: 8.4.0
ProgramName: mris_thickness  ProgramArguments: mris_thickness -all-info  ProgramVersion: 7.3.2  TimeStamp: 2026/03/13-04:50:53-GMT  BuildTime: Aug  4 2022 06:17:15  BuildStamp: freesurfer-linux-ubuntu22_x86_64-7.3.2-20220804-6354275  User: oesteban  Machine: dna038  Platform: Linux  PlatformVersion: 5.14.0-427.37.1.el9_4.x86_64  CompilerName: GCC  CompilerVersion: 8.4.0
ProgramName: mris_thickness_diff  ProgramArguments: mris_thickness_diff -all-info  ProgramVersion: 7.3.2  TimeStamp: 2026/03/13-04:50:53-GMT  BuildTime: Aug  4 2022 06:17:15  BuildStamp: freesurfer-linux-ubuntu22_x86_64-7.3.2-20220804-6354275  User: oesteban  Machine: dna038  Platform: Linux  PlatformVersion: 5.14.0-427.37.1.el9_4.x86_64  CompilerName: GCC  CompilerVersion: 8.4.0
ProgramName: mris_topo_fixer  ProgramArguments: mris_topo_fixer -all-info  ProgramVersion: 7.3.2  TimeStamp: 2026/03/13-04:50:53-GMT  BuildTime: Aug  4 2022 06:17:15  BuildStamp: freesurfer-linux-ubuntu22_x86_64-7.3.2-20220804-6354275  User: oesteban  Machine: dna038  Platform: Linux  PlatformVersion: 5.14.0-427.37.1.el9_4.x86_64  CompilerName: GCC  CompilerVersion: 8.4.0
ProgramName: mri_surf2surf  ProgramArguments: mri_surf2surf -all-info  ProgramVersion: 7.3.2  TimeStamp: 2026/03/13-04:50:53-GMT  BuildTime: Aug  4 2022 06:17:15  BuildStamp: freesurfer-linux-ubuntu22_x86_64-7.3.2-20220804-6354275  User: oesteban  Machine: dna038  Platform: Linux  PlatformVersion: 5.14.0-427.37.1.el9_4.x86_64  CompilerName: GCC  CompilerVersion: 8.4.0
ProgramName: mri_surf2vol  ProgramArguments: mri_surf2vol -all-info  ProgramVersion: 7.3.2  TimeStamp: 2026/03/13-04:50:53-GMT  BuildTime: Aug  4 2022 06:17:15  BuildStamp: freesurfer-linux-ubuntu22_x86_64-7.3.2-20220804-6354275  User: oesteban  Machine: dna038  Platform: Linux  PlatformVersion: 5.14.0-427.37.1.el9_4.x86_64  CompilerName: GCC  CompilerVersion: 8.4.0
ProgramName: mri_surfcluster  ProgramArguments: mri_surfcluster -all-info  ProgramVersion: 7.3.2  TimeStamp: 2026/03/13-04:50:53-GMT  BuildTime: Aug  4 2022 06:17:15  BuildStamp: freesurfer-linux-ubuntu22_x86_64-7.3.2-20220804-6354275  User: oesteban  Machine: dna038  Platform: Linux  PlatformVersion: 5.14.0-427.37.1.el9_4.x86_64  CompilerName: GCC  CompilerVersion: 8.4.0
ProgramName: mris_volmask  ProgramArguments: mris_volmask -all-info  ProgramVersion: 7.3.2  TimeStamp: 2026/03/13-04:50:53-GMT  BuildTime: Aug  4 2022 06:17:15  BuildStamp: freesurfer-linux-ubuntu22_x86_64-7.3.2-20220804-6354275  User: oesteban  Machine: dna038  Platform: Linux  PlatformVersion: 5.14.0-427.37.1.el9_4.x86_64  CompilerName: GCC  CompilerVersion: 8.4.0
ProgramName: mri_tessellate  ProgramArguments: mri_tessellate -all-info  ProgramVersion: 7.3.2  TimeStamp: 2026/03/13-04:50:53-GMT  BuildTime: Aug  4 2022 06:17:15  BuildStamp: freesurfer-linux-ubuntu22_x86_64-7.3.2-20220804-6354275  User: oesteban  Machine: dna038  Platform: Linux  PlatformVersion: 5.14.0-427.37.1.el9_4.x86_64  CompilerName: GCC  CompilerVersion: 8.4.0
ProgramName: mri_vol2surf  ProgramArguments: mri_vol2surf -all-info  ProgramVersion: 7.3.2  TimeStamp: 2026/03/13-04:50:53-GMT  BuildTime: Aug  4 2022 06:17:15  BuildStamp: freesurfer-linux-ubuntu22_x86_64-7.3.2-20220804-6354275  User: oesteban  Machine: dna038  Platform: Linux  PlatformVersion: 5.14.0-427.37.1.el9_4.x86_64  CompilerName: GCC  CompilerVersion: 8.4.0
ProgramName: mri_vol2vol  ProgramArguments: mri_vol2vol -all-info  ProgramVersion: 7.3.2  TimeStamp: 2026/03/13-04:50:53-GMT  BuildTime: Aug  4 2022 06:17:15  BuildStamp: freesurfer-linux-ubuntu22_x86_64-7.3.2-20220804-6354275  User: oesteban  Machine: dna038  Platform: Linux  PlatformVersion: 5.14.0-427.37.1.el9_4.x86_64  CompilerName: GCC  CompilerVersion: 8.4.0
ProgramName: mri_voldiff  ProgramArguments: mri_voldiff -all-info  ProgramVersion: 7.3.2  TimeStamp: 2026/03/13-04:50:53-GMT  BuildTime: Aug  4 2022 06:17:15  BuildStamp: freesurfer-linux-ubuntu22_x86_64-7.3.2-20220804-6354275  User: oesteban  Machine: dna038  Platform: Linux  PlatformVersion: 5.14.0-427.37.1.el9_4.x86_64  CompilerName: GCC  CompilerVersion: 8.4.0
ProgramName: mri_watershed  ProgramArguments: mri_watershed -all-info  ProgramVersion: 7.3.2  TimeStamp: 2026/03/13-04:50:53-GMT  BuildTime: Aug  4 2022 06:17:15  BuildStamp: freesurfer-linux-ubuntu22_x86_64-7.3.2-20220804-6354275  User: oesteban  Machine: dna038  Platform: Linux  PlatformVersion: 5.14.0-427.37.1.el9_4.x86_64  CompilerName: GCC  CompilerVersion: 8.4.0
ProgramName: tkregister2  ProgramArguments: tkregister2_cmdl -all-info  ProgramVersion: 7.3.2  TimeStamp: 2026/03/13-04:50:53-GMT  BuildTime: Aug  4 2022 06:17:15  BuildStamp: freesurfer-linux-ubuntu22_x86_64-7.3.2-20220804-6354275  User: oesteban  Machine: dna038  Platform: Linux  PlatformVersion: 5.14.0-427.37.1.el9_4.x86_64  CompilerName: GCC  CompilerVersion: 8.4.0
mri_motion_correct.fsl 7.3.2
mri_convert -all-info 
ProgramName: mri_convert  ProgramArguments: mri_convert -all-info  ProgramVersion: 7.3.2  TimeStamp: 2026/03/13-04:50:53-GMT  BuildTime: Aug  4 2022 06:17:15  BuildStamp: freesurfer-linux-ubuntu22_x86_64-7.3.2-20220804-6354275  User: oesteban  Machine: dna038  Platform: Linux  PlatformVersion: 5.14.0-427.37.1.el9_4.x86_64  CompilerName: GCC  CompilerVersion: 8.4.0
Program nu_correct, built from:
Package MNI N3, version 1.12.0, compiled by nicks@terrier (x86_64-unknown-linux-gnu) on 2015-06-19 at 01:25:34
#######################################
GCADIR /opt/freesurfer/average
GCA RB_all_2020-01-02.gca
GCASkull RB_all_withskull_2020_01_02.gca
AvgCurvTif folding.atlas.acfb40.noaparc.i12.2016-08-02.tif
GCSDIR /opt/freesurfer/average
GCS DKaparc.atlas.acfb40.noaparc.i12.2016-08-02.gcs
#######################################
#--------------------------------------------
#@# Tessellate rh Fri Mar 13 05:50:53 CET 2026
/out/sourcedata/freesurfer/sub-v2s4x29580_ses-1/scripts

 mri_pretess ../mri/filled.mgz 127 ../mri/norm.mgz ../mri/filled-pretess127.mgz 


Iteration Number : 1
pass   1 (xy+):   0 found -   0 modified     |    TOTAL:   0
pass   1 (xy-):   0 found -   0 modified     |    TOTAL:   0
pass   1 (yz+):   8 found -   8 modified     |    TOTAL:   8
pass   2 (yz+):   0 found -   8 modified     |    TOTAL:   8
pass   1 (yz-):   6 found -   6 modified     |    TOTAL:  14
pass   2 (yz-):   0 found -   6 modified     |    TOTAL:  14
pass   1 (xz+):   1 found -   1 modified     |    TOTAL:  15
pass   2 (xz+):   0 found -   1 modified     |    TOTAL:  15
pass   1 (xz-):   0 found -   0 modified     |    TOTAL:  15
Iteration Number : 1
pass   1 (+++):   0 found -   0 modified     |    TOTAL:   0
pass   1 (+++):   0 found -   0 modified     |    TOTAL:   0
pass   1 (+++):   0 found -   0 modified     |    TOTAL:   0
pass   1 (+++):   0 found -   0 modified     |    TOTAL:   0
Iteration Number : 1
pass   1 (++):   0 found -   0 modified     |    TOTAL:   0
pass   1 (+-):   0 found -   0 modified     |    TOTAL:   0
pass   1 (--):   0 found -   0 modified     |    TOTAL:   0
pass   1 (-+):   0 found -   0 modified     |    TOTAL:   0
Iteration Number : 2
pass   1 (xy+):   0 found -   0 modified     |    TOTAL:   0
pass   1 (xy-):   0 found -   0 modified     |    TOTAL:   0
pass   1 (yz+):   1 found -   1 modified     |    TOTAL:   1
pass   2 (yz+):   0 found -   1 modified     |    TOTAL:   1
pass   1 (yz-):   0 found -   0 modified     |    TOTAL:   1
pass   1 (xz+):   0 found -   0 modified     |    TOTAL:   1
pass   1 (xz-):   0 found -   0 modified     |    TOTAL:   1
Iteration Number : 2
pass   1 (+++):   0 found -   0 modified     |    TOTAL:   0
pass   1 (+++):   0 found -   0 modified     |    TOTAL:   0
pass   1 (+++):   0 found -   0 modified     |    TOTAL:   0
pass   1 (+++):   0 found -   0 modified     |    TOTAL:   0
Iteration Number : 2
pass   1 (++):   0 found -   0 modified     |    TOTAL:   0
pass   1 (+-):   0 found -   0 modified     |    TOTAL:   0
pass   1 (--):   0 found -   0 modified     |    TOTAL:   0
pass   1 (-+):   0 found -   0 modified     |    TOTAL:   0
Iteration Number : 3
pass   1 (xy+):   0 found -   0 modified     |    TOTAL:   0
pass   1 (xy-):   0 found -   0 modified     |    TOTAL:   0
pass   1 (yz+):   0 found -   0 modified     |    TOTAL:   0
pass   1 (yz-):   0 found -   0 modified     |    TOTAL:   0
pass   1 (xz+):   0 found -   0 modified     |    TOTAL:   0
pass   1 (xz-):   0 found -   0 modified     |    TOTAL:   0
Iteration Number : 3
pass   1 (+++):   0 found -   0 modified     |    TOTAL:   0
pass   1 (+++):   0 found -   0 modified     |    TOTAL:   0
pass   1 (+++):   0 found -   0 modified     |    TOTAL:   0
pass   1 (+++):   0 found -   0 modified     |    TOTAL:   0
Iteration Number : 3
pass   1 (++):   0 found -   0 modified     |    TOTAL:   0
pass   1 (+-):   0 found -   0 modified     |    TOTAL:   0
pass   1 (--):   0 found -   0 modified     |    TOTAL:   0
pass   1 (-+):   0 found -   0 modified     |    TOTAL:   0

Total Number of Modified Voxels = 16 (out of 294290: 0.005437)
Ambiguous edge configurations... 

mri_pretess done


 mri_tessellate ../mri/filled-pretess127.mgz 127 ../surf/rh.orig.nofix 

7.3.2
  7.3.2
slice 40: 212 vertices, 244 faces
slice 50: 4055 vertices, 4246 faces
slice 60: 11186 vertices, 11490 faces
slice 70: 20467 vertices, 20796 faces
slice 80: 31203 vertices, 31614 faces
slice 90: 41705 vertices, 42044 faces
slice 100: 51812 vertices, 52165 faces
slice 110: 63632 vertices, 64038 faces
slice 120: 75392 vertices, 75772 faces
slice 130: 86783 vertices, 87183 faces
slice 140: 97689 vertices, 98069 faces
slice 150: 107964 vertices, 108310 faces
slice 160: 116150 vertices, 116467 faces
slice 170: 123855 vertices, 124094 faces
slice 180: 130716 vertices, 130953 faces
slice 190: 136406 vertices, 136616 faces
slice 200: 140721 vertices, 140872 faces
slice 210: 142666 vertices, 142694 faces
slice 220: 142682 vertices, 142702 faces
slice 230: 142682 vertices, 142702 faces
slice 240: 142682 vertices, 142702 faces
slice 250: 142682 vertices, 142702 faces
using the conformed surface RAS to save vertex points...
writing ../surf/rh.orig.nofix
using vox2ras matrix:
-1.00000   0.00000   0.00000   128.00000;
 0.00000   0.00000   1.00000  -128.00000;
 0.00000  -1.00000   0.00000   128.00000;
 0.00000   0.00000   0.00000   1.00000;

 rm -f ../mri/filled-pretess127.mgz 


 mris_extract_main_component ../surf/rh.orig.nofix ../surf/rh.orig.nofix 


counting number of connected components...
   142682 voxel in cpt #1: X=-20 [v=142682,e=428106,f=285404] located at (26.506685, -10.878114, 26.860466)
For the whole surface: X=-20 [v=142682,e=428106,f=285404]
One single component has been found
nothing to do
done

#--------------------------------------------
#@# Smooth1 rh Fri Mar 13 05:50:58 CET 2026
/out/sourcedata/freesurfer/sub-v2s4x29580_ses-1/scripts

 mris_smooth -nw -seed 1234 ../surf/rh.orig.nofix ../surf/rh.smoothwm.nofix 

setting seed for random number generator to 1234
smoothing surface tessellation for 10 iterations...
smoothing complete - recomputing first and second fundamental forms...
#--------------------------------------------
#@# Inflation1 rh Fri Mar 13 05:51:01 CET 2026
/out/sourcedata/freesurfer/sub-v2s4x29580_ses-1/scripts

 mris_inflate -no-save-sulc ../surf/rh.smoothwm.nofix ../surf/rh.inflated.nofix 

Not saving sulc
Reading ../surf/rh.smoothwm.nofix
avg radius = 48.3 mm, total surface area = 77844 mm^2
step 000: RMS=0.145 (target=0.015)   step 005: RMS=0.111 (target=0.015)   step 010: RMS=0.081 (target=0.015)   step 015: RMS=0.067 (target=0.015)   step 020: RMS=0.057 (target=0.015)   step 025: RMS=0.049 (target=0.015)   step 030: RMS=0.043 (target=0.015)   step 035: RMS=0.038 (target=0.015)   step 040: RMS=0.035 (target=0.015)   step 045: RMS=0.033 (target=0.015)   step 050: RMS=0.031 (target=0.015)   step 055: RMS=0.030 (target=0.015)   step 060: RMS=0.029 (target=0.015)   writing inflated surface to ../surf/rh.inflated.nofix
inflation took 0.3 minutes

inflation complete.
Not saving sulc
mris_inflate utimesec    77.777572
mris_inflate stimesec    1.645959
mris_inflate ru_maxrss   226004
mris_inflate ru_ixrss    0
mris_inflate ru_idrss    0
mris_inflate ru_isrss    0
mris_inflate ru_minflt   619974
mris_inflate ru_majflt   9
mris_inflate ru_nswap    0
mris_inflate ru_inblock  0
mris_inflate ru_oublock  10040
mris_inflate ru_msgsnd   0
mris_inflate ru_msgrcv   0
mris_inflate ru_nsignals 0
mris_inflate ru_nvcsw    9167
mris_inflate ru_nivcsw   325
#--------------------------------------------
#@# QSphere rh Fri Mar 13 05:51:16 CET 2026
/out/sourcedata/freesurfer/sub-v2s4x29580_ses-1/scripts

 mris_sphere -q -p 6 -a 128 -seed 1234 ../surf/rh.inflated.nofix ../surf/rh.qsphere.nofix 

doing quick spherical unfolding.
limitting unfolding to 6 passes
using n_averages = 128
setting seed for random number genererator to 1234
version: 7.3.2
available threads: 16
scaling brain by 0.294...
inflating...
projecting onto sphere...
surface projected - minimizing metric distortion...
vertex spacing 0.97 +- 0.55 (0.00-->6.11) (max @ vno 51594 --> 52578)
face area 0.02 +- 0.03 (-0.05-->0.61)
Entering MRISinflateToSphere()
inflating to sphere (rms error < 2.00)
000: dt: 0.0000, rms radial error=177.281, avgs=0
005/300: dt: 0.9000, rms radial error=177.019, avgs=0
010/300: dt: 0.9000, rms radial error=176.455, avgs=0
015/300: dt: 0.9000, rms radial error=175.715, avgs=0
020/300: dt: 0.9000, rms radial error=174.874, avgs=0
025/300: dt: 0.9000, rms radial error=173.974, avgs=0
030/300: dt: 0.9000, rms radial error=173.041, avgs=0
035/300: dt: 0.9000, rms radial error=172.096, avgs=0
040/300: dt: 0.9000, rms radial error=171.148, avgs=0
045/300: dt: 0.9000, rms radial error=170.197, avgs=0
050/300: dt: 0.9000, rms radial error=169.247, avgs=0
055/300: dt: 0.9000, rms radial error=168.300, avgs=0
060/300: dt: 0.9000, rms radial error=167.356, avgs=0
065/300: dt: 0.9000, rms radial error=166.417, avgs=0
070/300: dt: 0.9000, rms radial error=165.482, avgs=0
075/300: dt: 0.9000, rms radial error=164.552, avgs=0
080/300: dt: 0.9000, rms radial error=163.628, avgs=0
085/300: dt: 0.9000, rms radial error=162.708, avgs=0
090/300: dt: 0.9000, rms radial error=161.793, avgs=0
095/300: dt: 0.9000, rms radial error=160.883, avgs=0
100/300: dt: 0.9000, rms radial error=159.978, avgs=0
105/300: dt: 0.9000, rms radial error=159.078, avgs=0
110/300: dt: 0.9000, rms radial error=158.182, avgs=0
115/300: dt: 0.9000, rms radial error=157.292, avgs=0
120/300: dt: 0.9000, rms radial error=156.406, avgs=0
125/300: dt: 0.9000, rms radial error=155.525, avgs=0
130/300: dt: 0.9000, rms radial error=154.649, avgs=0
135/300: dt: 0.9000, rms radial error=153.778, avgs=0
140/300: dt: 0.9000, rms radial error=152.911, avgs=0
145/300: dt: 0.9000, rms radial error=152.050, avgs=0
150/300: dt: 0.9000, rms radial error=151.193, avgs=0
155/300: dt: 0.9000, rms radial error=150.341, avgs=0
160/300: dt: 0.9000, rms radial error=149.493, avgs=0
165/300: dt: 0.9000, rms radial error=148.651, avgs=0
170/300: dt: 0.9000, rms radial error=147.814, avgs=0
175/300: dt: 0.9000, rms radial error=146.981, avgs=0
180/300: dt: 0.9000, rms radial error=146.153, avgs=0
185/300: dt: 0.9000, rms radial error=145.330, avgs=0
190/300: dt: 0.9000, rms radial error=144.512, avgs=0
195/300: dt: 0.9000, rms radial error=143.698, avgs=0
200/300: dt: 0.9000, rms radial error=142.888, avgs=0
205/300: dt: 0.9000, rms radial error=142.084, avgs=0
210/300: dt: 0.9000, rms radial error=141.284, avgs=0
215/300: dt: 0.9000, rms radial error=140.488, avgs=0
220/300: dt: 0.9000, rms radial error=139.697, avgs=0
225/300: dt: 0.9000, rms radial error=138.911, avgs=0
230/300: dt: 0.9000, rms radial error=138.128, avgs=0
235/300: dt: 0.9000, rms radial error=137.350, avgs=0
240/300: dt: 0.9000, rms radial error=136.576, avgs=0
245/300: dt: 0.9000, rms radial error=135.807, avgs=0
250/300: dt: 0.9000, rms radial error=135.042, avgs=0
255/300: dt: 0.9000, rms radial error=134.281, avgs=0
260/300: dt: 0.9000, rms radial error=133.525, avgs=0
265/300: dt: 0.9000, rms radial error=132.772, avgs=0
270/300: dt: 0.9000, rms radial error=132.024, avgs=0
275/300: dt: 0.9000, rms radial error=131.280, avgs=0
280/300: dt: 0.9000, rms radial error=130.540, avgs=0
285/300: dt: 0.9000, rms radial error=129.804, avgs=0
290/300: dt: 0.9000, rms radial error=129.073, avgs=0
295/300: dt: 0.9000, rms radial error=128.345, avgs=0
300/300: dt: 0.9000, rms radial error=127.622, avgs=0

spherical inflation complete.
epoch 1 (K=10.0), pass 1, starting sse = 16883.79
taking momentum steps...
taking momentum steps...
taking momentum steps...
taking momentum steps...
pass 1 complete, delta sse/iter = 0.00/13 = 0.00032
epoch 2 (K=40.0), pass 1, starting sse = 2808.46
taking momentum steps...
taking momentum steps...
taking momentum steps...
taking momentum steps...
pass 1 complete, delta sse/iter = 0.00/13 = 0.00010
epoch 3 (K=160.0), pass 1, starting sse = 278.07
taking momentum steps...
taking momentum steps...
taking momentum steps...
taking momentum steps...
pass 1 complete, delta sse/iter = 0.16/18 = 0.00876
epoch 4 (K=640.0), pass 1, starting sse = 10.87
taking momentum steps...
taking momentum steps...
taking momentum steps...
taking momentum steps...
pass 1 complete, delta sse/iter = 0.33/33 = 0.01008
final distance error %100000.00
writing spherical brain to ../surf/rh.qsphere.nofix
spherical transformation took 0.0230 hours
FSRUNTIME@ mris_sphere  0.0230 hours 16 threads
#VMPC# mris_sphere VmPeak  1979912
mris_sphere done
#@# Fix Topology rh Fri Mar 13 05:52:39 CET 2026

 mris_fix_topology -mgz -sphere qsphere.nofix -inflated inflated.nofix -orig orig.nofix -out orig.premesh -ga -seed 1234 sub-v2s4x29580_ses-1 rh 

reading spherical homeomorphism from 'qsphere.nofix'
reading inflated coordinates from 'inflated.nofix'
reading original coordinates from 'orig.nofix'
using genetic algorithm with optimized parameters
setting seed for random number genererator to 1234

*************************************************************
Topology Correction Parameters
retessellation mode:           genetic search
number of patches/generation : 10
number of generations :        10
surface mri loglikelihood coefficient :         1.0
volume mri loglikelihood coefficient :          10.0
normal dot loglikelihood coefficient :          1.0
quadratic curvature loglikelihood coefficient : 1.0
volume resolution :                             2
eliminate vertices during search :              1
initial patch selection :                       1
select all defect vertices :                    0
ordering dependant retessellation:              0
use precomputed edge table :                    0
smooth retessellated patch :                    2
match retessellated patch :                     1
verbose mode :                                  0

*************************************************************
INFO: assuming .mgz format
writing corrected surface to 'orig.premesh'
7.3.2
  7.3.2
before topology correction, eno=-20 (nv=142682, nf=285404, ne=428106, g=11)
using quasi-homeomorphic spherical map to tessellate cortical surface...

Correction of the Topology
Finding true center and radius of Spherical Surface...done
Surface centered at (0,0,0) with radius 100.0 in 11 iterations
marking ambiguous vertices...
1405 ambiguous faces found in tessellation
segmenting defects...
19 defects found, arbitrating ambiguous regions...
analyzing neighboring defects...
19 defects to be corrected 
0 vertices coincident
reading input surface /out/sourcedata/freesurfer/sub-v2s4x29580_ses-1/surf/rh.qsphere.nofix...
reading brain volume from brain...
reading wm segmentation from wm...
Reading original properties of orig.nofix
Reading vertex positions of inflated.nofix
Computing Initial Surface Statistics
      -face       loglikelihood: -8.7001  (-4.3501)
      -vertex     loglikelihood: -5.5229  (-2.7615)
      -normal dot loglikelihood: -3.5947  (-3.5947)
      -quad curv  loglikelihood: -6.1039  (-3.0520)
      Total Loglikelihood : -23.9216
CORRECTING DEFECT 0 (vertices=13, convex hull=31, v0=32080)
After retessellation of defect 0 (v0=32080), euler #=-16 (141802,425017,283199) : difference with theory (-16) = 0 
CORRECTING DEFECT 1 (vertices=36, convex hull=58, v0=46294)
After retessellation of defect 1 (v0=46294), euler #=-15 (141822,425099,283262) : difference with theory (-15) = 0 
CORRECTING DEFECT 2 (vertices=55, convex hull=59, v0=60907)
After retessellation of defect 2 (v0=60907), euler #=-14 (141831,425150,283305) : difference with theory (-14) = 0 
CORRECTING DEFECT 3 (vertices=5, convex hull=29, v0=68202)
After retessellation of defect 3 (v0=68202), euler #=-13 (141833,425164,283318) : difference with theory (-13) = 0 
CORRECTING DEFECT 4 (vertices=16, convex hull=26, v0=77097)
After retessellation of defect 4 (v0=77097), euler #=-12 (141834,425174,283328) : difference with theory (-12) = 0 
CORRECTING DEFECT 5 (vertices=23, convex hull=47, v0=81169)
After retessellation of defect 5 (v0=81169), euler #=-11 (141842,425212,283359) : difference with theory (-11) = 0 
CORRECTING DEFECT 6 (vertices=8, convex hull=20, v0=90005)
After retessellation of defect 6 (v0=90005), euler #=-10 (141844,425225,283371) : difference with theory (-10) = 0 
CORRECTING DEFECT 7 (vertices=10, convex hull=22, v0=97315)
After retessellation of defect 7 (v0=97315), euler #=-9 (141847,425239,283383) : difference with theory (-9) = 0 
CORRECTING DEFECT 8 (vertices=61, convex hull=85, v0=97603)
After retessellation of defect 8 (v0=97603), euler #=-8 (141883,425385,283494) : difference with theory (-8) = 0 
CORRECTING DEFECT 9 (vertices=56, convex hull=35, v0=98696)
After retessellation of defect 9 (v0=98696), euler #=-7 (141893,425426,283526) : difference with theory (-7) = 0 
CORRECTING DEFECT 10 (vertices=264, convex hull=65, v0=100662)
After retessellation of defect 10 (v0=100662), euler #=-6 (141921,425537,283610) : difference with theory (-6) = 0 
CORRECTING DEFECT 11 (vertices=113, convex hull=147, v0=100909)
After retessellation of defect 11 (v0=100909), euler #=-5 (141983,425791,283803) : difference with theory (-5) = 0 
CORRECTING DEFECT 12 (vertices=55, convex hull=27, v0=116131)
After retessellation of defect 12 (v0=116131), euler #=-4 (141991,425824,283829) : difference with theory (-4) = 0 
CORRECTING DEFECT 13 (vertices=25, convex hull=67, v0=135832)
After retessellation of defect 13 (v0=135832), euler #=-3 (142005,425894,283886) : difference with theory (-3) = 0 
CORRECTING DEFECT 14 (vertices=29, convex hull=48, v0=137838)
normal vector of length zero at vertex 142559 with 4 faces
normal vector of length zero at vertex 142559 with 4 faces
After retessellation of defect 14 (v0=137838), euler #=-2 (142018,425950,283930) : difference with theory (-2) = 0 
CORRECTING DEFECT 15 (vertices=21, convex hull=61, v0=137983)
After retessellation of defect 15 (v0=137983), euler #=-1 (142030,426009,283978) : difference with theory (-1) = 0 
CORRECTING DEFECT 16 (vertices=26, convex hull=59, v0=138272)
After retessellation of defect 16 (v0=138272), euler #=0 (142040,426065,284025) : difference with theory (0) = 0 
CORRECTING DEFECT 17 (vertices=34, convex hull=71, v0=139555)
After retessellation of defect 17 (v0=139555), euler #=1 (142058,426144,284087) : difference with theory (1) = 0 
CORRECTING DEFECT 18 (vertices=32, convex hull=64, v0=141462)
After retessellation of defect 18 (v0=141462), euler #=2 (142069,426201,284134) : difference with theory (2) = 0 
computing original vertex metric properties...
storing new metric properties...
computing tessellation statistics...
vertex spacing 0.89 +- 0.21 (0.03-->5.08) (max @ vno 140380 --> 141506)
face area -nan +- -nan (1000.00-->-1.00)
performing soap bubble on retessellated vertices for 0 iterations...
vertex spacing 0.89 +- 0.21 (0.03-->5.08) (max @ vno 140380 --> 141506)
face area -nan +- -nan (1000.00-->-1.00)
tessellation finished, orienting corrected surface...
64 mutations (39.5%), 98 crossovers (60.5%), 32 vertices were eliminated
building final representation...
613 vertices and 0 faces have been removed from triangulation
after topology correction, eno=2 (nv=142069, nf=284134, ne=426201, g=0)
writing corrected surface to /out/sourcedata/freesurfer/sub-v2s4x29580_ses-1/surf/rh.orig.premesh...

0.000 % of the vertices (0 vertices) exhibit an orientation change
removing intersecting faces
000: 78 intersecting
terminating search with 0 intersecting
topology fixing took 0.6 minutes
FSRUNTIME@ mris_fix_topology rh  0.0102 hours 16 threads
#VMPC# mris_fix_topology VmPeak  1858240

 mris_euler_number ../surf/rh.orig.premesh 

euler # = v-e+f = 2g-2: 142069 - 426201 + 284134 = 2 --> 0 holes
      F =2V-4:          284134 = 284138-4 (0)
      2E=3F:            852402 = 852402 (0)

total defect index = 0
Fri Mar 13 05:53:16 CET 2026

setenv SUBJECTS_DIR /out/sourcedata/freesurfer
cd /out/sourcedata/freesurfer/sub-v2s4x29580_ses-1/scripts
/opt/freesurfer/bin/defect2seg --s sub-v2s4x29580_ses-1 --rh-only --cortex

freesurfer-linux-ubuntu22_x86_64-7.3.2-20220804-6354275
defect2seg 7.3.2
Linux dna038 5.14.0-427.37.1.el9_4.x86_64 #1 SMP PREEMPT_DYNAMIC Fri Sep 13 12:41:50 EDT 2024 x86_64 x86_64 x86_64 GNU/Linux
pid 1268566
mri_label2label --label-cortex /out/sourcedata/freesurfer/sub-v2s4x29580_ses-1/surf/rh.orig.nofix /out/sourcedata/freesurfer/sub-v2s4x29580_ses-1/mri/aseg.presurf.mgz 0 /out/sourcedata/freesurfer/sub-v2s4x29580_ses-1/label/rh.nofix.cortex.label

 Generating cortex label... RemoveHipAmgy=0
 NucAccIsMedialWall=0
 mris->useRealRAS=0
18 non-cortical segments detected
only using segment with 7636 vertices
erasing segment 0 (vno[0] = 11785)
erasing segment 1 (vno[0] = 33227)
erasing segment 3 (vno[0] = 48274)
erasing segment 4 (vno[0] = 63337)
erasing segment 5 (vno[0] = 71330)
erasing segment 6 (vno[0] = 76915)
erasing segment 7 (vno[0] = 77946)
erasing segment 8 (vno[0] = 82536)
erasing segment 9 (vno[0] = 82890)
erasing segment 10 (vno[0] = 83751)
erasing segment 11 (vno[0] = 87165)
erasing segment 12 (vno[0] = 88676)
erasing segment 13 (vno[0] = 89396)
erasing segment 14 (vno[0] = 90481)
erasing segment 15 (vno[0] = 104625)
erasing segment 16 (vno[0] = 105564)
erasing segment 17 (vno[0] = 112540)
mri_label2vol --defects /out/sourcedata/freesurfer/sub-v2s4x29580_ses-1/surf/rh.orig.nofix /out/sourcedata/freesurfer/sub-v2s4x29580_ses-1/surf/rh.defect_labels /out/sourcedata/freesurfer/sub-v2s4x29580_ses-1/mri/orig.mgz 2000 0 /out/sourcedata/freesurfer/sub-v2s4x29580_ses-1/mri/rh.surface.defects.mgz /out/sourcedata/freesurfer/sub-v2s4x29580_ses-1/label/rh.nofix.cortex.label
mri_label2vol supposed to be reproducible but seed not set
Contraining to label /out/sourcedata/freesurfer/sub-v2s4x29580_ses-1/label/rh.nofix.cortex.label
Changing input type 0 to MRI_INT
Converting defects to volume: offset=2000, merge=0
Writing to /out/sourcedata/freesurfer/sub-v2s4x29580_ses-1/mri/rh.surface.defects.mgz
mris_defects_pointset -s /out/sourcedata/freesurfer/sub-v2s4x29580_ses-1/surf/rh.orig.nofix -d /out/sourcedata/freesurfer/sub-v2s4x29580_ses-1/surf/rh.defect_labels -o /out/sourcedata/freesurfer/sub-v2s4x29580_ses-1/surf/rh.defects.pointset --label /out/sourcedata/freesurfer/sub-v2s4x29580_ses-1/label/rh.nofix.cortex.label
Reading in surface /out/sourcedata/freesurfer/sub-v2s4x29580_ses-1/surf/rh.orig.nofix
Reading in defect segmentation /out/sourcedata/freesurfer/sub-v2s4x29580_ses-1/surf/rh.defect_labels
Reading in label /out/sourcedata/freesurfer/sub-v2s4x29580_ses-1/label/rh.nofix.cortex.label
#VMPC# mris_defects_pointset 1273816
mris_defects_pointset done
 
Started at Fri Mar 13 05:53:16 CET 2026 
Ended   at Fri Mar 13 05:53:34 CET 2026
Defect2seg-Run-Time-Sec 18
Defect2seg-Run-Time-Min 0.36
Defect2seg-Run-Time-Hours 0.00
 
tkmeditfv sub-v2s4x29580_ses-1 brain.finalsurfs.mgz -defect
defect2seg Done

 mris_remesh --remesh --iters 3 --input /out/sourcedata/freesurfer/sub-v2s4x29580_ses-1/surf/rh.orig.premesh --output /out/sourcedata/freesurfer/sub-v2s4x29580_ses-1/surf/rh.orig 

iters = 3
standard remeshing without target
   adjusted l: 0.710949
remeshing to edge length 0.710949 with 3 iterations

avg qual before   : 0.891232  after: 0.97122

Removing intersections
Remeshed surface quality stats nv0 = 142069  nv = 148573  1.04578
Area    297142  0.30280  0.03375 0.080269   0.4848
Corner  891426 60.00000  8.80491 17.123974 144.8025
Edge    445713  0.84419  0.08233 0.475354   1.2898
Hinge   445713  9.26193  9.69861 0.000000 149.3850
mris_remesh done
/out/sourcedata/freesurfer/sub-v2s4x29580_ses-1/scripts

 mris_remove_intersection ../surf/rh.orig ../surf/rh.orig 

intersection removal took 0.00 hours
writing corrected surface to ../surf/rh.orig

 rm -f ../surf/rh.inflated 

#--------------------------------------------
#@# AutoDetGWStats rh Fri Mar 13 05:54:07 CET 2026
cd /out/sourcedata/freesurfer/sub-v2s4x29580_ses-1/mri
mris_autodet_gwstats --o ../surf/autodet.gw.stats.rh.dat --i brain.finalsurfs.mgz --wm wm.mgz --surf ../surf/rh.orig.premesh
7.3.2

cd /out/sourcedata/freesurfer/sub-v2s4x29580_ses-1/mri
setenv SUBJECTS_DIR /out/sourcedata/freesurfer
mris_autodet_gwstats --o ../surf/autodet.gw.stats.rh.dat --i brain.finalsurfs.mgz --wm wm.mgz --surf ../surf/rh.orig.premesh 

border white:    266494 voxels (1.59%)
border gray      289647 voxels (1.73%)
Reading in intensity volume brain.finalsurfs.mgz
Reading in wm volume wm.mgz
Reading in surf ../surf/rh.orig.premesh
Auto detecting stats
MRIclipBrightWM(): nthresh=20994, wmmin=5, clip=110 
Binarizing thresholding at 5
computing class statistics... low=30, hi=110.000000
CCS WM (103.0): 103.2 +- 5.4 [70.0 --> 110.0]
CCS GM (87.0) : 86.5 +- 9.0 [30.0 --> 110.0]
white_mean = 103.187 +/- 5.42529, gray_mean = 86.517 +/- 9.01639
using class modes intead of means, discounting robust sigmas....
MRIScomputeClassModes(): min=0 max=177 nbins=178
intensity peaks found at WM=106+-4.3,    GM=84+-6.1
white_mode = 106, gray_mode = 84
std_scale = 1
Applying sanity checks, max_scale_down = 0.2
setting MIN_GRAY_AT_WHITE_BORDER to 75.0 (was 70.000000)
setting MAX_BORDER_WHITE to 111.4 (was 105.000000)
setting MIN_BORDER_WHITE to 84.0 (was 85.000000)
setting MAX_CSF to 66.0 (was 40.000000)
setting MAX_GRAY to 100.6 (was 95.000000)
setting MAX_GRAY_AT_CSF_BORDER to 75.0 (was 75.000000)
setting MIN_GRAY_AT_CSF_BORDER to 57.0 (was 40.000000)
When placing the white surface
  white_border_hi   = 111.425;
  white_border_low  = 84;
  white_outside_low = 74.9836;
  white_inside_hi   = 120;
  white_outside_hi  = 111.425;
When placing the pial surface
  pial_border_hi   = 74.9836;
  pial_border_low  = 56.9508;
  pial_outside_low = 10;
  pial_inside_hi   = 100.575;
  pial_outside_hi  = 70.4754;
#VMPC# mris_autodet_gwstats VmPeak  1469880
mris_autodet_gwstats done
#--------------------------------------------
#@# WhitePreAparc rh Fri Mar 13 05:54:10 CET 2026
cd /out/sourcedata/freesurfer/sub-v2s4x29580_ses-1/mri
mris_place_surface --adgws-in ../surf/autodet.gw.stats.rh.dat --wm wm.mgz --threads 16 --invol brain.finalsurfs.mgz --rh --i ../surf/rh.orig --o ../surf/rh.white.preaparc --white --seg aseg.presurf.mgz --nsmooth 5
7.3.2
7.3.2

cd /out/sourcedata/freesurfer/sub-v2s4x29580_ses-1/mri
setenv SUBJECTS_DIR /out/sourcedata/freesurfer
mris_place_surface --adgws-in ../surf/autodet.gw.stats.rh.dat --wm wm.mgz --threads 16 --invol brain.finalsurfs.mgz --rh --i ../surf/rh.orig --o ../surf/rh.white.preaparc --white --seg aseg.presurf.mgz --nsmooth 5 

Reading in input surface ../surf/rh.orig
Smoothing surface before ripping with 5 iterations
Area    297142  0.26930  0.06250 0.002121   0.5844
Corner  891426 60.00000  9.37159 9.377364 138.4604
Edge    445713  0.79237  0.11288 0.039676   1.3427
Hinge   445713  6.25279  6.25242 0.000051 128.6175
Not reading in aparc
Reading in input volume brain.finalsurfs.mgz
Reading in wm volume wm.mgz
MRIclipBrightWM(): nthresh=20994, wmmin=5, clip=110 
MRIfindBrightNonWM(): 133 bright non-wm voxels segmented.
Masking bright non-wm for white surface
MRImask(): AllowDiffGeom = 1
MRImask(): AllowDiffGeom = 1
Reading in seg volume aseg.presurf.mgz
Ripping frozen voxels
INFO: rip surface needed but not specified, so using input surface
Freezing midline and others
Entering: MRISripMidline(): inhibiting deformation at non-cortical midline structures...
  which=1, fix_mtl=0, using annot = 0
#FML0# MRISripMidline(): nripped=0
#FML# MRISripMidline(): nmarked=6754, nmarked2=13, nripped=6754
Ripping segs (eg, WMSA, BG, frozen)
Starting MRISripSegs() d = (-2 2 0.5) segnos: 247 
MRISripSegs(): -2 2 0.5 ripped 0
vertex 74287: xyz = (41.4097,0.53906,10.529) oxyz = (41.4097,0.53906,10.529) wxzy = (41.4097,0.53906,10.529) pxyz = (0,0,0) 
CBVO Creating mask 148573
n_averages 4
Iteration 0 =========================================
n_averages=4, current_sigma=2
Freezing midline and others
Ripping frozen voxels
INFO: rip surface needed but not specified, so using input surface
Freezing midline and others
Entering: MRISripMidline(): inhibiting deformation at non-cortical midline structures...
  which=1, fix_mtl=0, using annot = 0
#FML0# MRISripMidline(): nripped=6754
#FML# MRISripMidline(): nmarked=6754, nmarked2=13, nripped=6754
Ripping segs (eg, WMSA, BG, frozen)
Starting MRISripSegs() d = (-2 2 0.5) segnos: 247 247 
MRISripSegs(): -2 2 0.5 ripped 0
Computing target border values 
Entering MRIScomputeBorderValues_new(): 
  inside_hi   = 120.0000000;
  border_hi   = 111.4252930;
  border_low  =  84.0000000;
  outside_low =  74.9836120;
  outside_hi  = 111.4252930;
  sigma = 2;
  max_thickness = 10;
  step_size=0.5;
  STEP_SIZE=0.1;
  which = 1
  thresh = 0
  flags = 0
  CBVfindFirstPeakD1=0
  CBVfindFirstPeakD2=0
  nvertices=148573
  Gdiag_no=-1
  vno start=0, stop=148573
Replacing 255s with 0s
#SI# sigma=2 had to be increased for 41 vertices, nripped=6754
mean border=91.8, 68 (68) missing vertices, mean dist 0.4 [0.7 (%34.4)->0.9 (%65.6))]
%64 local maxima, %32 large gradients and % 0 min vals, 0 gradients ignored
nFirstPeakD1 0
MRIScomputeBorderValues_new() finished in 0.0166 min


Finding expansion regions
mean absolute distance = 0.82 +- 1.04
5696 vertices more than 2 sigmas from mean.
Averaging target values for 5 iterations...
Positioning Surface: tspring = 0.3, nspring = 0.3, spring = 0, niters = 100 l_repulse = 5, l_surf_repulse = 0, checktol = 0
Positioning pial surface
Entering MRISpositionSurface()
  max_mm = 0.3
  MAX_REDUCTIONS = 2, REDUCTION_PCT = 0.5
  parms->check_tol = 0, niterations = 100
tol=1.0e-04, sigma=2.0, host=dna03, nav=4, nbrs=2, l_repulse=5.000, l_tspring=0.300, l_nspring=0.300, l_intensity=0.200, l_curv=1.000
mom=0.00, dt=0.50
complete_dist_mat 0
rms 0
smooth_averages 0
remove_neg 0
ico_order 0
which_surface 0
target_radius 0.000000
nfields 0
scale 0.000000
desired_rms_height 0.000000
momentum 0.000000
nbhd_size 0
max_nbrs 0
niterations 100
nsurfaces 0
SURFACES 3
flags 0 (0)
use curv 0
no sulc 0
no rigid align 0
mris->nsize 2
mris->hemisphere 1
randomSeed 0

000: dt: 0.0000, sse=1654042.8, rms=7.249
001: dt: 0.5000, sse=936372.5, rms=5.232 (27.831%)
002: dt: 0.5000, sse=590543.6, rms=3.896 (25.531%)
003: dt: 0.5000, sse=416337.3, rms=3.003 (22.931%)
004: dt: 0.5000, sse=324341.0, rms=2.394 (20.277%)
005: dt: 0.5000, sse=275047.9, rms=1.988 (16.969%)
006: dt: 0.5000, sse=248395.7, rms=1.718 (13.575%)
007: dt: 0.5000, sse=235524.9, rms=1.552 (9.663%)
008: dt: 0.5000, sse=227247.4, rms=1.454 (6.293%)
rms = 1.4049/1.4541, sse=224516.0/227247.4, time step reduction 1 of 3 to 0.250  0 0 1
009: dt: 0.5000, sse=224516.0, rms=1.405 (3.382%)
010: dt: 0.2500, sse=214765.4, rms=0.998 (28.968%)
011: dt: 0.2500, sse=195601.6, rms=0.947 (5.130%)
rms = 0.9292/0.9468, sse=195354.7/195601.6, time step reduction 2 of 3 to 0.125  0 0 1
012: dt: 0.2500, sse=195354.7, rms=0.929 (1.850%)
rms = 0.9193/0.9292, sse=194101.9/195354.7, time step reduction 3 of 3 to 0.062  0 0 1
013: dt: 0.1250, sse=194101.9, rms=0.919 (1.067%)
  maximum number of reductions reached, breaking from loop
positioning took 1.3 minutes
Iteration 1 =========================================
n_averages=2, current_sigma=1
Freezing midline and others
Ripping frozen voxels
INFO: rip surface needed but not specified, so using input surface
Freezing midline and others
Entering: MRISripMidline(): inhibiting deformation at non-cortical midline structures...
  which=1, fix_mtl=0, using annot = 0
#FML0# MRISripMidline(): nripped=6754
removing 2 vertices from ripped group in thread:0
#FML# MRISripMidline(): nmarked=6902, nmarked2=42, nripped=6902
Ripping segs (eg, WMSA, BG, frozen)
Starting MRISripSegs() d = (-2 2 0.5) segnos: 247 247 247 
MRISripSegs(): -2 2 0.5 ripped 0
Computing target border values 
Entering MRIScomputeBorderValues_new(): 
  inside_hi   = 120.0000000;
  border_hi   = 111.4252930;
  border_low  =  84.0000000;
  outside_low =  74.9836120;
  outside_hi  = 111.4252930;
  sigma = 1;
  max_thickness = 10;
  step_size=0.5;
  STEP_SIZE=0.1;
  which = 1
  thresh = 0
  flags = 0
  CBVfindFirstPeakD1=0
  CBVfindFirstPeakD2=0
  nvertices=148573
  Gdiag_no=-1
  vno start=0, stop=148573
Replacing 255s with 0s
#SI# sigma=1 had to be increased for 44 vertices, nripped=6902
mean border=93.6, 75 (17) missing vertices, mean dist -0.3 [0.5 (%70.1)->0.3 (%29.9))]
%73 local maxima, %22 large gradients and % 0 min vals, 0 gradients ignored
nFirstPeakD1 0
MRIScomputeBorderValues_new() finished in 0.0115 min


Finding expansion regions
mean absolute distance = 0.42 +- 0.76
4000 vertices more than 2 sigmas from mean.
Averaging target values for 5 iterations...
Positioning Surface: tspring = 0.3, nspring = 0.3, spring = 0, niters = 100 l_repulse = 5, l_surf_repulse = 0, checktol = 0
Positioning pial surface
Entering MRISpositionSurface()
  max_mm = 0.3
  MAX_REDUCTIONS = 2, REDUCTION_PCT = 0.5
  parms->check_tol = 0, niterations = 100
tol=1.0e-04, sigma=1.0, host=dna03, nav=2, nbrs=2, l_repulse=5.000, l_tspring=0.300, l_nspring=0.300, l_intensity=0.200, l_curv=1.000
mom=0.00, dt=0.50
000: dt: 0.0000, sse=491459.2, rms=3.088
014: dt: 0.5000, sse=321330.8, rms=1.889 (38.844%)
015: dt: 0.5000, sse=277554.3, rms=1.430 (24.277%)
016: dt: 0.5000, sse=263053.2, rms=1.214 (15.098%)
017: dt: 0.5000, sse=255370.8, rms=1.108 (8.780%)
rms = 1.0815/1.1075, sse=253812.9/255370.8, time step reduction 1 of 3 to 0.250  0 0 1
018: dt: 0.5000, sse=253812.9, rms=1.081 (2.353%)
019: dt: 0.2500, sse=241189.1, rms=0.840 (22.314%)
rms = 0.8101/0.8401, sse=239627.6/241189.1, time step reduction 2 of 3 to 0.125  0 0 1
020: dt: 0.2500, sse=239627.6, rms=0.810 (3.571%)
rms = 0.8012/0.8101, sse=239144.7/239627.6, time step reduction 3 of 3 to 0.062  0 0 1
021: dt: 0.1250, sse=239144.7, rms=0.801 (1.100%)
  maximum number of reductions reached, breaking from loop
positioning took 0.7 minutes
Iteration 2 =========================================
n_averages=1, current_sigma=0.5
Freezing midline and others
Ripping frozen voxels
INFO: rip surface needed but not specified, so using input surface
Freezing midline and others
Entering: MRISripMidline(): inhibiting deformation at non-cortical midline structures...
  which=1, fix_mtl=0, using annot = 0
#FML0# MRISripMidline(): nripped=6902
removing 2 vertices from ripped group in thread:0
removing 2 vertices from ripped group in thread:0
removing 4 vertices from ripped group in thread:0
removing 2 vertices from ripped group in thread:0
#FML# MRISripMidline(): nmarked=6989, nmarked2=43, nripped=6989
Ripping segs (eg, WMSA, BG, frozen)
Starting MRISripSegs() d = (-2 2 0.5) segnos: 247 247 247 247 
MRISripSegs(): -2 2 0.5 ripped 0
Computing target border values 
Entering MRIScomputeBorderValues_new(): 
  inside_hi   = 120.0000000;
  border_hi   = 111.4252930;
  border_low  =  84.0000000;
  outside_low =  74.9836120;
  outside_hi  = 111.4252930;
  sigma = 0.5;
  max_thickness = 10;
  step_size=0.5;
  STEP_SIZE=0.1;
  which = 1
  thresh = 0
  flags = 0
  CBVfindFirstPeakD1=0
  CBVfindFirstPeakD2=0
  nvertices=148573
  Gdiag_no=-1
  vno start=0, stop=148573
Replacing 255s with 0s
#SI# sigma=0.5 had to be increased for 67 vertices, nripped=6989
mean border=95.3, 55 (3) missing vertices, mean dist -0.2 [0.4 (%70.8)->0.2 (%29.2))]
%84 local maxima, %11 large gradients and % 0 min vals, 0 gradients ignored
nFirstPeakD1 0
MRIScomputeBorderValues_new() finished in 0.0065 min


Finding expansion regions
mean absolute distance = 0.33 +- 0.50
5069 vertices more than 2 sigmas from mean.
Averaging target values for 5 iterations...
Positioning Surface: tspring = 0.3, nspring = 0.3, spring = 0, niters = 100 l_repulse = 5, l_surf_repulse = 0, checktol = 0
Positioning pial surface
Entering MRISpositionSurface()
  max_mm = 0.3
  MAX_REDUCTIONS = 2, REDUCTION_PCT = 0.5
  parms->check_tol = 0, niterations = 100
tol=1.0e-04, sigma=0.5, host=dna03, nav=1, nbrs=2, l_repulse=5.000, l_tspring=0.300, l_nspring=0.300, l_intensity=0.200, l_curv=1.000
mom=0.00, dt=0.50
000: dt: 0.0000, sse=392666.0, rms=2.502
022: dt: 0.5000, sse=273635.6, rms=1.399 (44.092%)
023: dt: 0.5000, sse=248987.0, rms=1.034 (26.079%)
024: dt: 0.5000, sse=248588.3, rms=0.955 (7.667%)
rms = 0.9464/0.9547, sse=243192.3/248588.3, time step reduction 1 of 3 to 0.250  0 0 1
025: dt: 0.5000, sse=243192.3, rms=0.946 (0.876%)
026: dt: 0.2500, sse=235361.7, rms=0.759 (19.763%)
rms = 0.7409/0.7593, sse=234849.7/235361.7, time step reduction 2 of 3 to 0.125  0 0 1
027: dt: 0.2500, sse=234849.7, rms=0.741 (2.425%)
rms = 0.7356/0.7409, sse=234740.6/234849.7, time step reduction 3 of 3 to 0.062  0 0 1
028: dt: 0.1250, sse=234740.6, rms=0.736 (0.720%)
  maximum number of reductions reached, breaking from loop
positioning took 0.6 minutes
Iteration 3 =========================================
n_averages=0, current_sigma=0.25
Freezing midline and others
Ripping frozen voxels
INFO: rip surface needed but not specified, so using input surface
Freezing midline and others
Entering: MRISripMidline(): inhibiting deformation at non-cortical midline structures...
  which=1, fix_mtl=0, using annot = 0
#FML0# MRISripMidline(): nripped=6989
removing 2 vertices from ripped group in thread:0
removing 2 vertices from ripped group in thread:0
removing 2 vertices from ripped group in thread:0
#FML# MRISripMidline(): nmarked=6991, nmarked2=42, nripped=6991
Ripping segs (eg, WMSA, BG, frozen)
Starting MRISripSegs() d = (-2 2 0.5) segnos: 247 247 247 247 247 
MRISripSegs(): -2 2 0.5 ripped 0
Computing target border values 
Entering MRIScomputeBorderValues_new(): 
  inside_hi   = 120.0000000;
  border_hi   = 111.4252930;
  border_low  =  84.0000000;
  outside_low =  74.9836120;
  outside_hi  = 111.4252930;
  sigma = 0.25;
  max_thickness = 10;
  step_size=0.5;
  STEP_SIZE=0.1;
  which = 1
  thresh = 0
  flags = 0
  CBVfindFirstPeakD1=0
  CBVfindFirstPeakD2=0
  nvertices=148573
  Gdiag_no=-1
  vno start=0, stop=148573
Replacing 255s with 0s
#SI# sigma=0.25 had to be increased for 123 vertices, nripped=6991
mean border=95.9, 70 (1) missing vertices, mean dist -0.1 [0.3 (%58.5)->0.2 (%41.5))]
%88 local maxima, % 7 large gradients and % 0 min vals, 0 gradients ignored
nFirstPeakD1 0
MRIScomputeBorderValues_new() finished in 0.0042 min


Finding expansion regions
mean absolute distance = 0.25 +- 0.38
4280 vertices more than 2 sigmas from mean.
Averaging target values for 5 iterations...
Positioning Surface: tspring = 0.3, nspring = 0.3, spring = 0, niters = 100 l_repulse = 5, l_surf_repulse = 0, checktol = 0
Positioning pial surface
Entering MRISpositionSurface()
  max_mm = 0.3
  MAX_REDUCTIONS = 2, REDUCTION_PCT = 0.5
  parms->check_tol = 0, niterations = 100
tol=1.0e-04, sigma=0.2, host=dna03, nav=0, nbrs=2, l_repulse=5.000, l_tspring=0.300, l_nspring=0.300, l_intensity=0.200, l_curv=1.000
mom=0.00, dt=0.50
000: dt: 0.0000, sse=254344.3, rms=1.188
029: dt: 0.5000, sse=228035.6, rms=0.677 (42.956%)
rms = 0.7448/0.6774, sse=229975.4/228035.6, time step reduction 1 of 3 to 0.250  0 1 1
   RMS increased, rejecting step
030: dt: 0.2500, sse=225523.4, rms=0.620 (8.539%)
rms = 0.6038/0.6196, sse=225751.5/225523.4, time step reduction 2 of 3 to 0.125  0 1 1
031: dt: 0.2500, sse=225751.5, rms=0.604 (2.546%)
rms = 0.5996/0.6038, sse=224603.2/225751.5, time step reduction 3 of 3 to 0.062  0 0 1
032: dt: 0.1250, sse=224603.2, rms=0.600 (0.691%)
  maximum number of reductions reached, breaking from loop
positioning took 0.4 minutes


Writing output to ../surf/rh.white.preaparc
#ET# mris_place_surface  3.19 minutes
#VMPC# mris_place_surfaces VmPeak  3255200
mris_place_surface done
#--------------------------------------------
#@# CortexLabel rh Fri Mar 13 05:57:28 CET 2026
cd /out/sourcedata/freesurfer/sub-v2s4x29580_ses-1/mri
mri_label2label --label-cortex ../surf/rh.white.preaparc aseg.presurf.mgz 0 ../label/rh.cortex.label

 Generating cortex label... RemoveHipAmgy=0
 NucAccIsMedialWall=0
 mris->useRealRAS=0
5 non-cortical segments detected
only using segment with 8564 vertices
erasing segment 0 (vno[0] = 10045)
erasing segment 2 (vno[0] = 67043)
erasing segment 3 (vno[0] = 79617)
erasing segment 4 (vno[0] = 88962)
#--------------------------------------------
#@# CortexLabel+HipAmyg rh Fri Mar 13 05:57:45 CET 2026
cd /out/sourcedata/freesurfer/sub-v2s4x29580_ses-1/mri
mri_label2label --label-cortex ../surf/rh.white.preaparc aseg.presurf.mgz 1 ../label/rh.cortex+hipamyg.label

 Generating cortex label... RemoveHipAmgy=1
 NucAccIsMedialWall=0
 mris->useRealRAS=0
10 non-cortical segments detected
only using segment with 6408 vertices
erasing segment 0 (vno[0] = 10045)
erasing segment 2 (vno[0] = 47193)
erasing segment 3 (vno[0] = 52428)
erasing segment 4 (vno[0] = 52456)
erasing segment 5 (vno[0] = 53490)
erasing segment 6 (vno[0] = 56504)
erasing segment 7 (vno[0] = 67043)
erasing segment 8 (vno[0] = 79617)
erasing segment 9 (vno[0] = 88962)
#--------------------------------------------
#@# Smooth2 rh Fri Mar 13 05:58:01 CET 2026
/out/sourcedata/freesurfer/sub-v2s4x29580_ses-1/scripts

 mris_smooth -n 3 -nw -seed 1234 ../surf/rh.white.preaparc ../surf/rh.smoothwm 

smoothing for 3 iterations
setting seed for random number generator to 1234
smoothing surface tessellation for 3 iterations...
smoothing complete - recomputing first and second fundamental forms...
#--------------------------------------------
#@# Inflation2 rh Fri Mar 13 05:58:04 CET 2026
/out/sourcedata/freesurfer/sub-v2s4x29580_ses-1/scripts

 mris_inflate ../surf/rh.smoothwm ../surf/rh.inflated 

Reading ../surf/rh.smoothwm
avg radius = 48.3 mm, total surface area = 90531 mm^2
step 000: RMS=0.163 (target=0.015)   step 005: RMS=0.111 (target=0.015)   step 010: RMS=0.082 (target=0.015)   step 015: RMS=0.069 (target=0.015)   step 020: RMS=0.056 (target=0.015)   step 025: RMS=0.047 (target=0.015)   step 030: RMS=0.039 (target=0.015)   step 035: RMS=0.033 (target=0.015)   step 040: RMS=0.028 (target=0.015)   step 045: RMS=0.025 (target=0.015)   step 050: RMS=0.022 (target=0.015)   step 055: RMS=0.020 (target=0.015)   step 060: RMS=0.019 (target=0.015)   writing inflated surface to ../surf/rh.inflated
writing sulcal depths to ../surf/rh.sulc

inflation complete.
inflation took 0.3 minutes
mris_inflate utimesec    81.863749
mris_inflate stimesec    1.642202
mris_inflate ru_maxrss   227928
mris_inflate ru_ixrss    0
mris_inflate ru_idrss    0
mris_inflate ru_isrss    0
mris_inflate ru_minflt   582596
mris_inflate ru_majflt   3
mris_inflate ru_nswap    0
mris_inflate ru_inblock  0
mris_inflate ru_oublock  11624
mris_inflate ru_msgsnd   0
mris_inflate ru_msgrcv   0
mris_inflate ru_nsignals 0
mris_inflate ru_nvcsw    8163
mris_inflate ru_nivcsw   415
#--------------------------------------------
#@# Curv .H and .K rh Fri Mar 13 05:58:21 CET 2026
/out/sourcedata/freesurfer/sub-v2s4x29580_ses-1/surf

 mris_curvature -w -seed 1234 rh.white.preaparc 

setting seed for random number generator to 1234
total integrated curvature = 25.716*4pi (323.152) --> -25 handles
ICI = 152.3, FI = 1418.4, variation=22536.654
writing Gaussian curvature to ./rh.white.preaparc.K...done.
writing mean curvature to ./rh.white.preaparc.H...done.
rm -f rh.white.H
ln -s rh.white.preaparc.H rh.white.H
rm -f rh.white.K
ln -s rh.white.preaparc.K rh.white.K

 mris_curvature -seed 1234 -thresh .999 -n -a 5 -w -distances 10 10 rh.inflated 

setting seed for random number generator to 1234
normalizing curvature values.
averaging curvature patterns 5 times.
sampling 10 neighbors out to a distance of 10 mm
228 vertices thresholded to be in k1 ~ [-0.23 0.35], k2 ~ [-0.09 0.07]
total integrated curvature = 0.534*4pi (6.708) --> 0 handles
ICI = 1.7, FI = 10.7, variation=185.091
133 vertices thresholded to be in [-0.01 0.01]
writing Gaussian curvature to ./rh.inflated.K...thresholding curvature at 99.90% level
curvature mean = 0.000, std = 0.001
167 vertices thresholded to be in [-0.13 0.18]
done.
writing mean curvature to ./rh.inflated.H...curvature mean = -0.015, std = 0.023
done.
#--------------------------------------------
#@# Sphere rh Fri Mar 13 05:59:10 CET 2026
/out/sourcedata/freesurfer/sub-v2s4x29580_ses-1/scripts

 mris_sphere -seed 1234 ../surf/rh.inflated ../surf/rh.sphere 

setting seed for random number genererator to 1234
version: 7.3.2
available threads: 16
reading original vertex positions...
projecting onto sphere...
surface projected - minimizing metric distortion...
scaling brain by 0.271...
MRISunfold() max_passes = 1 -------
tol=5.0e-01, sigma=0.0, host=dna03, nav=1024, nbrs=2, l_area=1.000, l_dist=1.000
using quadratic fit line minimization
complete_dist_mat 0
rms 0
smooth_averages 0
remove_neg 0
ico_order 0
which_surface 0
target_radius 0.000000
nfields 0
scale 1.000000
desired_rms_height -1.000000
momentum 0.900000
nbhd_size 7
max_nbrs 8
niterations 25
nsurfaces 0
SURFACES 3
flags 0 (0)
use curv 0
no sulc 0
no rigid align 0
mris->nsize 2
mris->hemisphere 1
randomSeed 1234

singular matrix in quadratic form
singular matrix in quadratic form
--------------------
  mrisRemoveNegativeArea()
pass 1: epoch 1 of 3 starting distance error %20.35
pass 1: epoch 2 of 3 starting distance error %20.35
unfolding complete - removing small folds...
starting distance error %20.31
removing remaining folds...
final distance error %20.31
MRISunfold() return, current seed 1234
-01: dt=0.0000, 110 negative triangles  VmPeak 1680120
091: dt=0.9900, 110 negative triangles
092: dt=0.9900,  44 negative triangles
093: dt=0.9900,  31 negative triangles
094: dt=0.9900,  12 negative triangles
095: dt=0.9900,  17 negative triangles
096: dt=0.9900,  14 negative triangles
097: dt=0.9900,  11 negative triangles
098: dt=0.9900,   8 negative triangles
099: dt=0.9900,   9 negative triangles
100: dt=0.9900,   6 negative triangles
101: dt=0.9900,  10 negative triangles
102: dt=0.9900,   7 negative triangles
103: dt=0.9900,   4 negative triangles
104: dt=0.9900,   4 negative triangles
105: dt=0.9900,   1 negative triangles
106: dt=0.9900,   1 negative triangles
107: dt=0.9900,   1 negative triangles
writing spherical brain to ../surf/rh.sphere
spherical transformation took 0.0399 hours
FSRUNTIME@ mris_sphere  0.0399 hours 16 threads
#VMPC# mris_sphere VmPeak  1680120
mris_sphere done
#--------------------------------------------
#@# Surf Reg rh Fri Mar 13 06:01:34 CET 2026
/out/sourcedata/freesurfer/sub-v2s4x29580_ses-1/scripts

 mris_register -curv ../surf/rh.sphere /opt/freesurfer/average/rh.folding.atlas.acfb40.noaparc.i12.2016-08-02.tif ../surf/rh.sphere.reg 

using smoothwm curvature for final alignment

cwd /out/sourcedata/freesurfer/sub-v2s4x29580_ses-1/scripts
cmdline mris_register -curv ../surf/rh.sphere /opt/freesurfer/average/rh.folding.atlas.acfb40.noaparc.i12.2016-08-02.tif ../surf/rh.sphere.reg 

0 inflated.H
1 sulc
2 smoothwm (computed)
7.3.2
  7.3.2
reading surface from ../surf/rh.sphere...
reading template parameterization from /opt/freesurfer/average/rh.folding.atlas.acfb40.noaparc.i12.2016-08-02.tif...
MRISregister() -------
max_passes = 4 
min_degrees = 0.500000 
max_degrees = 64.000000 
nangles = 8 
tol=5.0e-01, sigma=0.0, host=dna03, nav=1024, nbrs=1, l_extern=10000.000, l_parea=0.200, l_nlarea=1.000, l_corr=1.000, l_dist=5.000
using quadratic fit line minimization
complete_dist_mat 0
rms 0
smooth_averages 0
remove_neg 0
ico_order 0
which_surface 0
target_radius 0.000000
nfields 0
scale 0.000000
desired_rms_height -1.000000
momentum 0.950000
nbhd_size -10
max_nbrs 10
niterations 25
nsurfaces 0
SURFACES 3
flags 16 (10)
use curv 16
no sulc 0
no rigid align 0
mris->nsize 1
mris->hemisphere 1
randomSeed 0

tol=5.0e-01, sigma=0.0, host=dna03, nav=1024, nbrs=1, l_extern=10000.000, l_parea=0.200, l_nlarea=1.000, l_corr=1.000, l_dist=5.000
using quadratic fit line minimization
--------------------
1 Reading rh.sulc
tol=1.0e+00, sigma=0.5, host=dna03, nav=1024, nbrs=1, l_extern=10000.000, l_parea=0.200, l_nlarea=1.000, l_corr=0.050, l_spring=0.500, l_dist=5.000
using quadratic fit line minimization
curvature mean = 0.000, std = 5.683
curvature mean = 0.021, std = 0.808
curvature mean = 0.013, std = 0.858
Starting MRISrigidBodyAlignGlobal()
Starting new MRISrigidBodyAlignGlobal_findMinSSE()
  new MRISrigidBodyAlignGlobal_findMinSSE min @ (7.50, -2.50, 6.50) sse = 260454.0, elapsed since starting=0.1280 min
MRISrigidBodyAlignGlobal() done   0.13 min
curvature mean = -0.004, std = 0.827
curvature mean = 0.005, std = 0.947
curvature mean = -0.010, std = 0.833
curvature mean = 0.002, std = 0.980
curvature mean = -0.011, std = 0.834
curvature mean = 0.001, std = 0.992
2 Reading smoothwm
curvature mean = -0.018, std = 0.251
curvature mean = 0.035, std = 0.241
curvature mean = 0.054, std = 0.377
curvature mean = 0.032, std = 0.299
curvature mean = 0.028, std = 0.586
curvature mean = 0.032, std = 0.325
curvature mean = 0.015, std = 0.730
curvature mean = 0.032, std = 0.337
curvature mean = 0.004, std = 0.833
MRISregister() return, current seed 0
-01: dt=0.0000,   2 negative triangles  VmPeak 1616608
105: dt=0.9900,   2 negative triangles
106: dt=0.9900,   1 negative triangles
107: dt=0.9900,   1 negative triangles
writing registered surface to ../surf/rh.sphere.reg...
registration took 0.07 hours
#VMPC# mris_register VmPeak  1616608
FSRUNTIME@ mris_register  0.0696 hours 16 threads

 ln -sf rh.sphere.reg rh.fsaverage.sphere.reg 

#--------------------------------------------
#@# Jacobian white rh Fri Mar 13 06:05:44 CET 2026
/out/sourcedata/freesurfer/sub-v2s4x29580_ses-1/scripts

 mris_jacobian ../surf/rh.white.preaparc ../surf/rh.sphere.reg ../surf/rh.jacobian_white 

reading surface from ../surf/rh.white.preaparc...
writing curvature file ../surf/rh.jacobian_white
#--------------------------------------------
#@# AvgCurv rh Fri Mar 13 06:05:45 CET 2026
/out/sourcedata/freesurfer/sub-v2s4x29580_ses-1/scripts

 mrisp_paint -a 5 /opt/freesurfer/average/rh.folding.atlas.acfb40.noaparc.i12.2016-08-02.tif#6 ../surf/rh.sphere.reg ../surf/rh.avg_curv 

averaging curvature patterns 5 times...
reading surface from ../surf/rh.sphere.reg...
reading template parameterization from /opt/freesurfer/average/rh.folding.atlas.acfb40.noaparc.i12.2016-08-02.tif...
writing curvature file to ../surf/rh.avg_curv...
#-----------------------------------------
#@# Cortical Parc rh Fri Mar 13 06:05:47 CET 2026
/out/sourcedata/freesurfer/sub-v2s4x29580_ses-1/scripts

 mris_ca_label -l ../label/rh.cortex.label -aseg ../mri/aseg.presurf.mgz -seed 1234 sub-v2s4x29580_ses-1 rh ../surf/rh.sphere.reg /opt/freesurfer/average/rh.DKaparc.atlas.acfb40.noaparc.i12.2016-08-02.gcs ../label/rh.aparc.annot 

setting seed for random number generator to 1234
using ../mri/aseg.presurf.mgz aseg volume to correct midline
7.3.2
  7.3.2
reading atlas from /opt/freesurfer/average/rh.DKaparc.atlas.acfb40.noaparc.i12.2016-08-02.gcs...
reading color table from GCSA file....
average std = 0.7   using min determinant for regularization = 0.004
0 singular and 309 ill-conditioned covariance matrices regularized
input 0: MEAN CURVATURE, flags 0, avgs 5, name mean_curvature
labeling surface...
1119 labels changed using aseg
relabeling using gibbs priors...
000:   2909 changed, 148573 examined...
001:    661 changed, 12631 examined...
002:    138 changed, 3833 examined...
003:     47 changed, 881 examined...
004:     24 changed, 308 examined...
005:      5 changed, 165 examined...
006:      2 changed, 35 examined...
007:      0 changed, 15 examined...
176 labels changed using aseg
000: 83 total segments, 43 labels (150 vertices) changed
001: 40 total segments, 0 labels (0 vertices) changed
10 filter iterations complete (10 requested, 3 changed)
rationalizing unknown annotations with cortex label
relabeling unknown label...
relabeling corpuscallosum label...
1629 vertices marked for relabeling...
1629 labels changed in reclassification.
writing output to ../label/rh.aparc.annot...
classification took 0 minutes and 10 seconds.
#--------------------------------------------
#@# WhiteSurfs rh Fri Mar 13 06:05:56 CET 2026
cd /out/sourcedata/freesurfer/sub-v2s4x29580_ses-1/mri
mris_place_surface --adgws-in ../surf/autodet.gw.stats.rh.dat --seg aseg.presurf.mgz --threads 16 --wm wm.mgz --invol brain.finalsurfs.mgz --rh --i ../surf/rh.white.preaparc --o ../surf/rh.white --white --nsmooth 0 --rip-label ../label/rh.cortex.label --rip-bg --rip-surf ../surf/rh.white.preaparc --aparc ../label/rh.aparc.annot
7.3.2
7.3.2

cd /out/sourcedata/freesurfer/sub-v2s4x29580_ses-1/mri
setenv SUBJECTS_DIR /out/sourcedata/freesurfer
mris_place_surface --adgws-in ../surf/autodet.gw.stats.rh.dat --seg aseg.presurf.mgz --threads 16 --wm wm.mgz --invol brain.finalsurfs.mgz --rh --i ../surf/rh.white.preaparc --o ../surf/rh.white --white --nsmooth 0 --rip-label ../label/rh.cortex.label --rip-bg --rip-surf ../surf/rh.white.preaparc --aparc ../label/rh.aparc.annot 

Reading in input surface ../surf/rh.white.preaparc
Not smoothing input surface
Area    297142  0.33160  0.11223 0.001098   2.7444
Corner  891426 60.00000 13.25645 0.097177 179.4060
Edge    445713  0.88449  0.18744 0.036685   3.6199
Hinge   445713  9.31913  9.92733 0.000090 179.9166
Reading in aparc ../label/rh.aparc.annot
Reading in input volume brain.finalsurfs.mgz
Reading in wm volume wm.mgz
MRIclipBrightWM(): nthresh=20994, wmmin=5, clip=110 
MRIfindBrightNonWM(): 133 bright non-wm voxels segmented.
Masking bright non-wm for white surface
MRImask(): AllowDiffGeom = 1
MRImask(): AllowDiffGeom = 1
Reading in seg volume aseg.presurf.mgz
Ripping frozen voxels
Ripping vertices not in label ../label/rh.cortex.label
MRISripNotLabel() ripped 8845/148573 vertices (139728 unripped)
Reading in ripping surface ../surf/rh.white.preaparc
Reading in aparc ../label/rh.aparc.annot for ripsurf
Ripping BG
MRISripBasalGanglia(): 1 -2 2 0.5 ripped 257
Ripping segs (eg, WMSA, BG, frozen)
Starting MRISripSegs() d = (-2 2 0.5) segnos: 247 
MRISripSegs(): -2 2 0.5 ripped 0
vertex 74287: xyz = (41.3111,0.613719,10.596) oxyz = (41.3111,0.613719,10.596) wxzy = (41.3111,0.613719,10.596) pxyz = (0,0,0) 
CBVO Creating mask 148573
n_averages 4
Iteration 0 =========================================
n_averages=4, current_sigma=2
Computing target border values 
Entering MRIScomputeBorderValues_new(): 
  inside_hi   = 120.0000000;
  border_hi   = 111.4252930;
  border_low  =  84.0000000;
  outside_low =  74.9836120;
  outside_hi  = 111.4252930;
  sigma = 2;
  max_thickness = 10;
  step_size=0.5;
  STEP_SIZE=0.1;
  which = 1
  thresh = 0
  flags = 0
  CBVfindFirstPeakD1=0
  CBVfindFirstPeakD2=0
  nvertices=148573
  Gdiag_no=-1
  vno start=0, stop=148573
Replacing 255s with 0s
#SI# sigma=2 had to be increased for 128 vertices, nripped=9102
mean border=91.6, 84 (84) missing vertices, mean dist 0.4 [1.2 (%14.2)->0.7 (%85.8))]
%60 local maxima, %34 large gradients and % 0 min vals, 0 gradients ignored
nFirstPeakD1 0
MRIScomputeBorderValues_new() finished in 0.0155 min


Finding expansion regions
mean absolute distance = 0.75 +- 1.01
3086 vertices more than 2 sigmas from mean.
Averaging target values for 5 iterations...
Positioning Surface: tspring = 0.3, nspring = 0.3, spring = 0, niters = 100 l_repulse = 5, l_surf_repulse = 0, checktol = 0
Positioning pial surface
Entering MRISpositionSurface()
  max_mm = 0.3
  MAX_REDUCTIONS = 2, REDUCTION_PCT = 0.5
  parms->check_tol = 0, niterations = 100
tol=1.0e-04, sigma=2.0, host=dna03, nav=4, nbrs=2, l_repulse=5.000, l_tspring=0.300, l_nspring=0.300, l_intensity=0.200, l_curv=1.000
mom=0.00, dt=0.50
complete_dist_mat 0
rms 0
smooth_averages 0
remove_neg 0
ico_order 0
which_surface 0
target_radius 0.000000
nfields 0
scale 0.000000
desired_rms_height 0.000000
momentum 0.000000
nbhd_size 0
max_nbrs 0
niterations 100
nsurfaces 0
SURFACES 3
flags 0 (0)
use curv 0
no sulc 0
no rigid align 0
mris->nsize 2
mris->hemisphere 1
randomSeed 0

000: dt: 0.0000, sse=1047243.6, rms=5.492
001: dt: 0.5000, sse=520243.6, rms=3.372 (38.607%)
002: dt: 0.5000, sse=343644.4, rms=2.243 (33.484%)
003: dt: 0.5000, sse=284839.7, rms=1.701 (24.172%)
004: dt: 0.5000, sse=262670.1, rms=1.433 (15.709%)
005: dt: 0.5000, sse=253586.8, rms=1.300 (9.338%)
006: dt: 0.5000, sse=249465.2, rms=1.231 (5.286%)
rms = 1.1978/1.2309, sse=247672.4/249465.2, time step reduction 1 of 3 to 0.250  0 0 1
007: dt: 0.5000, sse=247672.4, rms=1.198 (2.686%)
008: dt: 0.2500, sse=235520.5, rms=0.978 (18.317%)
rms = 0.9433/0.9784, sse=234059.7/235520.5, time step reduction 2 of 3 to 0.125  0 0 1
009: dt: 0.2500, sse=234059.7, rms=0.943 (3.585%)
rms = 0.9322/0.9433, sse=233768.2/234059.7, time step reduction 3 of 3 to 0.062  0 0 1
010: dt: 0.1250, sse=233768.2, rms=0.932 (1.176%)
  maximum number of reductions reached, breaking from loop
positioning took 1.0 minutes
Iteration 1 =========================================
n_averages=2, current_sigma=1
Computing target border values 
Entering MRIScomputeBorderValues_new(): 
  inside_hi   = 120.0000000;
  border_hi   = 111.4252930;
  border_low  =  84.0000000;
  outside_low =  74.9836120;
  outside_hi  = 111.4252930;
  sigma = 1;
  max_thickness = 10;
  step_size=0.5;
  STEP_SIZE=0.1;
  which = 1
  thresh = 0
  flags = 0
  CBVfindFirstPeakD1=0
  CBVfindFirstPeakD2=0
  nvertices=148573
  Gdiag_no=-1
  vno start=0, stop=148573
Replacing 255s with 0s
#SI# sigma=1 had to be increased for 95 vertices, nripped=9102
mean border=93.4, 84 (28) missing vertices, mean dist -0.3 [0.5 (%68.7)->0.3 (%31.3))]
%71 local maxima, %23 large gradients and % 0 min vals, 0 gradients ignored
nFirstPeakD1 0
MRIScomputeBorderValues_new() finished in 0.0117 min


Finding expansion regions
mean absolute distance = 0.43 +- 0.78
3610 vertices more than 2 sigmas from mean.
Averaging target values for 5 iterations...
Positioning Surface: tspring = 0.3, nspring = 0.3, spring = 0, niters = 100 l_repulse = 5, l_surf_repulse = 0, checktol = 0
Positioning pial surface
Entering MRISpositionSurface()
  max_mm = 0.3
  MAX_REDUCTIONS = 2, REDUCTION_PCT = 0.5
  parms->check_tol = 0, niterations = 100
tol=1.0e-04, sigma=1.0, host=dna03, nav=2, nbrs=2, l_repulse=5.000, l_tspring=0.300, l_nspring=0.300, l_intensity=0.200, l_curv=1.000
mom=0.00, dt=0.50
000: dt: 0.0000, sse=472338.8, rms=2.966
011: dt: 0.5000, sse=316500.6, rms=1.798 (39.398%)
012: dt: 0.5000, sse=275980.6, rms=1.339 (25.494%)
013: dt: 0.5000, sse=261386.3, rms=1.129 (15.678%)
014: dt: 0.5000, sse=255295.9, rms=1.023 (9.416%)
rms = 1.0185/1.0231, sse=255093.5/255295.9, time step reduction 1 of 3 to 0.250  0 0 1
015: dt: 0.5000, sse=255093.5, rms=1.018 (0.449%)
016: dt: 0.2500, sse=245191.8, rms=0.806 (20.911%)
rms = 0.7891/0.8055, sse=243540.9/245191.8, time step reduction 2 of 3 to 0.125  0 0 1
017: dt: 0.2500, sse=243540.9, rms=0.789 (2.034%)
rms = 0.7849/0.7891, sse=243643.4/243540.9, time step reduction 3 of 3 to 0.062  0 1 1
018: dt: 0.1250, sse=243643.4, rms=0.785 (0.533%)
  maximum number of reductions reached, breaking from loop
positioning took 0.7 minutes
Iteration 2 =========================================
n_averages=1, current_sigma=0.5
Computing target border values 
Entering MRIScomputeBorderValues_new(): 
  inside_hi   = 120.0000000;
  border_hi   = 111.4252930;
  border_low  =  84.0000000;
  outside_low =  74.9836120;
  outside_hi  = 111.4252930;
  sigma = 0.5;
  max_thickness = 10;
  step_size=0.5;
  STEP_SIZE=0.1;
  which = 1
  thresh = 0
  flags = 0
  CBVfindFirstPeakD1=0
  CBVfindFirstPeakD2=0
  nvertices=148573
  Gdiag_no=-1
  vno start=0, stop=148573
Replacing 255s with 0s
#SI# sigma=0.5 had to be increased for 97 vertices, nripped=9102
mean border=95.2, 93 (16) missing vertices, mean dist -0.2 [0.4 (%71.4)->0.2 (%28.6))]
%83 local maxima, %11 large gradients and % 0 min vals, 0 gradients ignored
nFirstPeakD1 0
MRIScomputeBorderValues_new() finished in 0.0065 min


Finding expansion regions
mean absolute distance = 0.34 +- 0.52
4402 vertices more than 2 sigmas from mean.
Averaging target values for 5 iterations...
Positioning Surface: tspring = 0.3, nspring = 0.3, spring = 0, niters = 100 l_repulse = 5, l_surf_repulse = 0, checktol = 0
Positioning pial surface
Entering MRISpositionSurface()
  max_mm = 0.3
  MAX_REDUCTIONS = 2, REDUCTION_PCT = 0.5
  parms->check_tol = 0, niterations = 100
tol=1.0e-04, sigma=0.5, host=dna03, nav=1, nbrs=2, l_repulse=5.000, l_tspring=0.300, l_nspring=0.300, l_intensity=0.200, l_curv=1.000
mom=0.00, dt=0.50
000: dt: 0.0000, sse=398501.4, rms=2.537
019: dt: 0.5000, sse=276644.1, rms=1.410 (44.423%)
020: dt: 0.5000, sse=250025.2, rms=1.017 (27.866%)
021: dt: 0.5000, sse=249021.3, rms=0.929 (8.694%)
rms = 0.9146/0.9288, sse=244790.3/249021.3, time step reduction 1 of 3 to 0.250  0 0 1
022: dt: 0.5000, sse=244790.3, rms=0.915 (1.533%)
023: dt: 0.2500, sse=237725.1, rms=0.749 (18.050%)
rms = 0.7342/0.7495, sse=238086.2/237725.1, time step reduction 2 of 3 to 0.125  0 1 1
024: dt: 0.2500, sse=238086.2, rms=0.734 (2.041%)
rms = 0.7311/0.7342, sse=239519.3/238086.2, time step reduction 3 of 3 to 0.062  0 1 1
025: dt: 0.1250, sse=239519.3, rms=0.731 (0.416%)
  maximum number of reductions reached, breaking from loop
positioning took 0.6 minutes
Iteration 3 =========================================
n_averages=0, current_sigma=0.25
Computing target border values 
Entering MRIScomputeBorderValues_new(): 
  inside_hi   = 120.0000000;
  border_hi   = 111.4252930;
  border_low  =  84.0000000;
  outside_low =  74.9836120;
  outside_hi  = 111.4252930;
  sigma = 0.25;
  max_thickness = 10;
  step_size=0.5;
  STEP_SIZE=0.1;
  which = 1
  thresh = 0
  flags = 0
  CBVfindFirstPeakD1=0
  CBVfindFirstPeakD2=0
  nvertices=148573
  Gdiag_no=-1
  vno start=0, stop=148573
Replacing 255s with 0s
#SI# sigma=0.25 had to be increased for 114 vertices, nripped=9102
mean border=95.8, 107 (13) missing vertices, mean dist -0.1 [0.3 (%58.7)->0.2 (%41.3))]
%87 local maxima, % 7 large gradients and % 0 min vals, 0 gradients ignored
nFirstPeakD1 0
MRIScomputeBorderValues_new() finished in 0.0042 min


Finding expansion regions
mean absolute distance = 0.26 +- 0.39
4312 vertices more than 2 sigmas from mean.
Averaging target values for 5 iterations...
Positioning Surface: tspring = 0.3, nspring = 0.3, spring = 0, niters = 100 l_repulse = 5, l_surf_repulse = 0, checktol = 0
Positioning pial surface
Entering MRISpositionSurface()
  max_mm = 0.3
  MAX_REDUCTIONS = 2, REDUCTION_PCT = 0.5
  parms->check_tol = 0, niterations = 100
tol=1.0e-04, sigma=0.2, host=dna03, nav=0, nbrs=2, l_repulse=5.000, l_tspring=0.300, l_nspring=0.300, l_intensity=0.200, l_curv=1.000
mom=0.00, dt=0.50
000: dt: 0.0000, sse=257487.8, rms=1.176
026: dt: 0.5000, sse=237664.6, rms=0.672 (42.859%)
rms = 0.7318/0.6721, sse=239354.7/237664.6, time step reduction 1 of 3 to 0.250  0 1 1
   RMS increased, rejecting step
027: dt: 0.2500, sse=232780.6, rms=0.618 (8.025%)
rms = 0.6017/0.6182, sse=232691.0/232780.6, time step reduction 2 of 3 to 0.125  0 0 1
028: dt: 0.2500, sse=232691.0, rms=0.602 (2.665%)
rms = 0.5965/0.6017, sse=228987.1/232691.0, time step reduction 3 of 3 to 0.062  0 0 1
029: dt: 0.1250, sse=228987.1, rms=0.597 (0.863%)
  maximum number of reductions reached, breaking from loop
positioning took 0.4 minutes


Writing output to ../surf/rh.white
#ET# mris_place_surface  2.80 minutes
#VMPC# mris_place_surfaces VmPeak  3167364
mris_place_surface done
#--------------------------------------------
#@# T1PialSurf rh Fri Mar 13 06:08:50 CET 2026
cd /out/sourcedata/freesurfer/sub-v2s4x29580_ses-1/mri
mris_place_surface --adgws-in ../surf/autodet.gw.stats.rh.dat --seg aseg.presurf.mgz --threads 16 --wm wm.mgz --invol brain.finalsurfs.mgz --rh --i ../surf/rh.white --o ../surf/rh.pial.T1 --pial --nsmooth 0 --rip-label ../label/rh.cortex+hipamyg.label --pin-medial-wall ../label/rh.cortex.label --aparc ../label/rh.aparc.annot --repulse-surf ../surf/rh.white --white-surf ../surf/rh.white
7.3.2
7.3.2

cd /out/sourcedata/freesurfer/sub-v2s4x29580_ses-1/mri
setenv SUBJECTS_DIR /out/sourcedata/freesurfer
mris_place_surface --adgws-in ../surf/autodet.gw.stats.rh.dat --seg aseg.presurf.mgz --threads 16 --wm wm.mgz --invol brain.finalsurfs.mgz --rh --i ../surf/rh.white --o ../surf/rh.pial.T1 --pial --nsmooth 0 --rip-label ../label/rh.cortex+hipamyg.label --pin-medial-wall ../label/rh.cortex.label --aparc ../label/rh.aparc.annot --repulse-surf ../surf/rh.white --white-surf ../surf/rh.white 

Reading in input surface ../surf/rh.white
Not smoothing input surface
Area    297142  0.33464  0.12659 0.000116   2.7444
Corner  891426 60.00000 14.82298 0.620750 178.0823
Edge    445713  0.89026  0.20821 0.012708   4.1197
Hinge   445713  9.42431 10.20543 0.000008 179.9166
Reading white surface coordinates from ../surf/rh.white
Reading repulsion surface coordinates from ../surf/rh.white
Reading in aparc ../label/rh.aparc.annot
Reading in input volume brain.finalsurfs.mgz
Reading in wm volume wm.mgz
MRIclipBrightWM(): nthresh=20994, wmmin=5, clip=110 
MRIfindBrightNonWM(): 133 bright non-wm voxels segmented.
Masking bright non-wm for pial surface mid_gray = 78.7628
MRImask(): AllowDiffGeom = 1
MRImask(): AllowDiffGeom = 1
MRImask(): AllowDiffGeom = 1
Reading in seg volume aseg.presurf.mgz
Ripping frozen voxels
Ripping vertices not in label ../label/rh.cortex+hipamyg.label
MRISripNotLabel() ripped 6706/148573 vertices (141867 unripped)
INFO: rip surface needed but not specified, so using input surface
Ripping segs (eg, WMSA, BG, frozen)
Starting MRISripSegs() d = (-2 2 0.5) segnos: 247 
MRISripSegs(): -2 2 0.5 ripped 0
vertex 74287: xyz = (41.3262,0.615027,10.5987) oxyz = (41.3262,0.615027,10.5987) wxzy = (41.3262,0.615027,10.5987) pxyz = (41.3262,0.615027,10.5987) 
CBVO Creating mask 148573
n_averages 16
Iteration 0 =========================================
n_averages=16, current_sigma=2
Computing target border values 
Entering MRIScomputeBorderValues_new(): 
  inside_hi   = 100.5747070;
  border_hi   =  74.9836120;
  border_low  =  56.9508440;
  outside_low =  10.0000000;
  outside_hi  =  70.4754180;
  sigma = 2;
  max_thickness = 10;
  step_size=0.5;
  STEP_SIZE=0.1;
  which = 2
  thresh = 0
  flags = 0
  CBVfindFirstPeakD1=0
  CBVfindFirstPeakD2=0
  nvertices=148573
  Gdiag_no=-1
  vno start=0, stop=148573
Replacing 255s with 0s
#SI# sigma=2 had to be increased for 157 vertices, nripped=6706
mean border=72.9, 142 (142) missing vertices, mean dist 1.8 [4.2 (%0.0)->3.1 (%100.0))]
%17 local maxima, %36 large gradients and %42 min vals, 0 gradients ignored
nFirstPeakD1 0
MRIScomputeBorderValues_new() finished in 0.0136 min


Averaging target values for 5 iterations...
Positioning Surface: tspring = 0.3, nspring = 0.3, spring = 0, niters = 100 l_repulse = 0, l_surf_repulse = 5, checktol = 0
Positioning pial surface
Entering MRISpositionSurface()
  max_mm = 0.3
  MAX_REDUCTIONS = 2, REDUCTION_PCT = 0.5
  parms->check_tol = 0, niterations = 100
tol=1.0e-04, sigma=2.0, host=dna03, nav=16, nbrs=2, l_surf_repulse=5.000, l_tspring=0.300, l_nspring=0.300, l_intensity=0.200, l_curv=1.000
mom=0.00, dt=0.50
complete_dist_mat 0
rms 0
smooth_averages 0
remove_neg 0
ico_order 0
which_surface 0
target_radius 0.000000
nfields 0
scale 0.000000
desired_rms_height 0.000000
momentum 0.000000
nbhd_size 0
max_nbrs 0
niterations 100
nsurfaces 0
SURFACES 3
flags 0 (0)
use curv 0
no sulc 0
no rigid align 0
mris->nsize 2
mris->hemisphere 1
randomSeed 0

000: dt: 0.0000, sse=16237776.0, rms=23.779
001: dt: 0.5000, sse=12546485.0, rms=20.861 (12.270%)
002: dt: 0.5000, sse=9734144.0, rms=18.328 (12.142%)
003: dt: 0.5000, sse=7696699.5, rms=16.247 (11.355%)
004: dt: 0.5000, sse=6216518.5, rms=14.548 (10.457%)
005: dt: 0.5000, sse=5052894.0, rms=13.057 (10.250%)
006: dt: 0.5000, sse=4052068.2, rms=11.621 (10.998%)
007: dt: 0.5000, sse=3183154.2, rms=10.211 (12.135%)
008: dt: 0.5000, sse=2456605.5, rms=8.860 (13.231%)
009: dt: 0.5000, sse=1877604.6, rms=7.612 (14.077%)
010: dt: 0.5000, sse=1439219.6, rms=6.510 (14.485%)
011: dt: 0.5000, sse=1119057.6, rms=5.567 (14.486%)
012: dt: 0.5000, sse=904895.1, rms=4.832 (13.199%)
013: dt: 0.5000, sse=766658.1, rms=4.290 (11.226%)
014: dt: 0.5000, sse=689765.2, rms=3.953 (7.848%)
015: dt: 0.5000, sse=645632.0, rms=3.744 (5.274%)
016: dt: 0.5000, sse=618076.8, rms=3.606 (3.695%)
017: dt: 0.5000, sse=604200.7, rms=3.533 (2.037%)
018: dt: 0.5000, sse=592815.4, rms=3.470 (1.765%)
rms = 3.4362/3.4702, sse=586917.6/592815.4, time step reduction 1 of 3 to 0.250  0 0 1
019: dt: 0.5000, sse=586917.6, rms=3.436 (0.980%)
020: dt: 0.2500, sse=458247.4, rms=2.668 (22.353%)
021: dt: 0.2500, sse=432541.4, rms=2.488 (6.760%)
022: dt: 0.2500, sse=425333.6, rms=2.433 (2.190%)
rms = 2.4002/2.4333, sse=421068.5/425333.6, time step reduction 2 of 3 to 0.125  0 0 1
023: dt: 0.2500, sse=421068.5, rms=2.400 (1.360%)
024: dt: 0.1250, sse=407587.6, rms=2.295 (4.388%)
rms = 2.2733/2.2949, sse=404976.7/407587.6, time step reduction 3 of 3 to 0.062  0 0 1
025: dt: 0.1250, sse=404976.8, rms=2.273 (0.941%)
  maximum number of reductions reached, breaking from loop
positioning took 2.1 minutes
Iteration 1 =========================================
n_averages=8, current_sigma=1
Computing target border values 
Entering MRIScomputeBorderValues_new(): 
  inside_hi   = 100.5747070;
  border_hi   =  74.9836120;
  border_low  =  56.9508440;
  outside_low =  10.0000000;
  outside_hi  =  70.4754180;
  sigma = 1;
  max_thickness = 10;
  step_size=0.5;
  STEP_SIZE=0.1;
  which = 2
  thresh = 0
  flags = 0
  CBVfindFirstPeakD1=0
  CBVfindFirstPeakD2=0
  nvertices=148573
  Gdiag_no=-1
  vno start=0, stop=148573
Replacing 255s with 0s
#SI# sigma=1 had to be increased for 12664 vertices, nripped=6706
mean border=71.8, 1954 (23) missing vertices, mean dist 0.1 [0.1 (%40.3)->0.5 (%59.7))]
%32 local maxima, %26 large gradients and %37 min vals, 0 gradients ignored
nFirstPeakD1 0
MRIScomputeBorderValues_new() finished in 0.0037 min


Averaging target values for 5 iterations...
Positioning Surface: tspring = 0.3, nspring = 0.3, spring = 0, niters = 100 l_repulse = 0, l_surf_repulse = 5, checktol = 0
Positioning pial surface
Entering MRISpositionSurface()
  max_mm = 0.3
  MAX_REDUCTIONS = 2, REDUCTION_PCT = 0.5
  parms->check_tol = 0, niterations = 100
tol=1.0e-04, sigma=1.0, host=dna03, nav=8, nbrs=2, l_surf_repulse=5.000, l_tspring=0.300, l_nspring=0.300, l_intensity=0.200, l_curv=1.000
mom=0.00, dt=0.50
000: dt: 0.0000, sse=568374.6, rms=3.045
026: dt: 0.5000, sse=557607.9, rms=2.976 (2.236%)
rms = 3.1597/2.9765, sse=587119.0/557607.9, time step reduction 1 of 3 to 0.250  0 1 1
   RMS increased, rejecting step
027: dt: 0.2500, sse=484613.0, rms=2.504 (15.890%)
028: dt: 0.2500, sse=460427.3, rms=2.327 (7.060%)
rms = 2.2789/2.3268, sse=454430.1/460427.3, time step reduction 2 of 3 to 0.125  0 0 1
029: dt: 0.2500, sse=454430.1, rms=2.279 (2.055%)
030: dt: 0.1250, sse=443174.8, rms=2.186 (4.063%)
rms = 2.1633/2.1863, sse=440420.2/443174.8, time step reduction 3 of 3 to 0.062  0 0 1
031: dt: 0.1250, sse=440420.2, rms=2.163 (1.051%)
  maximum number of reductions reached, breaking from loop
positioning took 0.5 minutes
Iteration 2 =========================================
n_averages=4, current_sigma=0.5
Computing target border values 
Entering MRIScomputeBorderValues_new(): 
  inside_hi   = 100.5747070;
  border_hi   =  74.9836120;
  border_low  =  56.9508440;
  outside_low =  10.0000000;
  outside_hi  =  70.4754180;
  sigma = 0.5;
  max_thickness = 10;
  step_size=0.5;
  STEP_SIZE=0.1;
  which = 2
  thresh = 0
  flags = 0
  CBVfindFirstPeakD1=0
  CBVfindFirstPeakD2=0
  nvertices=148573
  Gdiag_no=-1
  vno start=0, stop=148573
Replacing 255s with 0s
#SI# sigma=0.5 had to be increased for 14572 vertices, nripped=6706
mean border=71.3, 2383 (14) missing vertices, mean dist 0.1 [0.2 (%41.4)->0.4 (%58.6))]
%42 local maxima, %15 large gradients and %37 min vals, 0 gradients ignored
nFirstPeakD1 0
MRIScomputeBorderValues_new() finished in 0.0032 min


Averaging target values for 5 iterations...
Positioning Surface: tspring = 0.3, nspring = 0.3, spring = 0, niters = 100 l_repulse = 0, l_surf_repulse = 5, checktol = 0
Positioning pial surface
Entering MRISpositionSurface()
  max_mm = 0.3
  MAX_REDUCTIONS = 2, REDUCTION_PCT = 0.5
  parms->check_tol = 0, niterations = 100
tol=1.0e-04, sigma=0.5, host=dna03, nav=4, nbrs=2, l_surf_repulse=5.000, l_tspring=0.300, l_nspring=0.300, l_intensity=0.200, l_curv=1.000
mom=0.00, dt=0.50
000: dt: 0.0000, sse=481670.6, rms=2.455
rms = 2.7059/2.4552, sse=518127.2/481670.6, time step reduction 1 of 3 to 0.250  0 1 1
   RMS increased, rejecting step
032: dt: 0.2500, sse=451395.5, rms=2.225 (9.381%)
033: dt: 0.2500, sse=441766.9, rms=2.147 (3.503%)
rms = 2.1417/2.1469, sse=440929.4/441766.9, time step reduction 2 of 3 to 0.125  0 0 1
034: dt: 0.2500, sse=440929.4, rms=2.142 (0.242%)
035: dt: 0.1250, sse=434191.6, rms=2.083 (2.734%)
rms = 2.0684/2.0832, sse=432372.6/434191.6, time step reduction 3 of 3 to 0.062  0 0 1
036: dt: 0.1250, sse=432372.6, rms=2.068 (0.709%)
  maximum number of reductions reached, breaking from loop
positioning took 0.4 minutes
Iteration 3 =========================================
n_averages=2, current_sigma=0.25
Computing target border values 
Entering MRIScomputeBorderValues_new(): 
  inside_hi   = 100.5747070;
  border_hi   =  74.9836120;
  border_low  =  56.9508440;
  outside_low =  10.0000000;
  outside_hi  =  70.4754180;
  sigma = 0.25;
  max_thickness = 10;
  step_size=0.5;
  STEP_SIZE=0.1;
  which = 2
  thresh = 0
  flags = 0
  CBVfindFirstPeakD1=0
  CBVfindFirstPeakD2=0
  nvertices=148573
  Gdiag_no=-1
  vno start=0, stop=148573
Replacing 255s with 0s
#SI# sigma=0.25 had to be increased for 12748 vertices, nripped=6706
mean border=70.9, 5222 (13) missing vertices, mean dist 0.1 [0.2 (%44.2)->0.3 (%55.8))]
%44 local maxima, %12 large gradients and %36 min vals, 0 gradients ignored
nFirstPeakD1 0
MRIScomputeBorderValues_new() finished in 0.0022 min


Averaging target values for 5 iterations...
Positioning Surface: tspring = 0.3, nspring = 0.3, spring = 0, niters = 100 l_repulse = 0, l_surf_repulse = 5, checktol = 0
Positioning pial surface
Entering MRISpositionSurface()
  max_mm = 0.3
  MAX_REDUCTIONS = 2, REDUCTION_PCT = 0.5
  parms->check_tol = 0, niterations = 100
tol=1.0e-04, sigma=0.2, host=dna03, nav=2, nbrs=2, l_surf_repulse=5.000, l_tspring=0.300, l_nspring=0.300, l_intensity=0.200, l_curv=1.000
mom=0.00, dt=0.50
000: dt: 0.0000, sse=442684.7, rms=2.151
rms = 2.3969/2.1515, sse=473190.9/442684.7, time step reduction 1 of 3 to 0.250  0 1 1
   RMS increased, rejecting step
037: dt: 0.2500, sse=430619.1, rms=2.049 (4.747%)
rms = 2.0171/2.0494, sse=426524.4/430619.1, time step reduction 2 of 3 to 0.125  0 0 1
038: dt: 0.2500, sse=426524.4, rms=2.017 (1.573%)
rms = 1.9760/2.0171, sse=421955.0/426524.4, time step reduction 3 of 3 to 0.062  0 0 1
039: dt: 0.1250, sse=421955.0, rms=1.976 (2.040%)
  maximum number of reductions reached, breaking from loop
positioning took 0.3 minutes
Pinning medial wall to white surface
removing intersecting faces
000: 36 intersecting
001: 23 intersecting
002: 8 intersecting
003: 5 intersecting
terminating search with 0 intersecting


Writing output to ../surf/rh.pial.T1
#ET# mris_place_surface  3.72 minutes
#VMPC# mris_place_surfaces VmPeak  2469184
mris_place_surface done
#@# white curv rh Fri Mar 13 06:12:40 CET 2026
cd /out/sourcedata/freesurfer/sub-v2s4x29580_ses-1/mri
mris_place_surface --curv-map ../surf/rh.white 2 10 ../surf/rh.curv
insurf  ../surf/rh.white, nbrs 2, curvature_avgs 10
writing curvature file ../surf/rh.curv
#@# white area rh Fri Mar 13 06:12:42 CET 2026
cd /out/sourcedata/freesurfer/sub-v2s4x29580_ses-1/mri
mris_place_surface --area-map ../surf/rh.white ../surf/rh.area
writing curvature file ../surf/rh.area
#@# pial curv rh Fri Mar 13 06:12:43 CET 2026
cd /out/sourcedata/freesurfer/sub-v2s4x29580_ses-1/mri
mris_place_surface --curv-map ../surf/rh.pial 2 10 ../surf/rh.curv.pial
insurf  ../surf/rh.pial, nbrs 2, curvature_avgs 10
writing curvature file ../surf/rh.curv.pial
#@# pial area rh Fri Mar 13 06:12:45 CET 2026
cd /out/sourcedata/freesurfer/sub-v2s4x29580_ses-1/mri
mris_place_surface --area-map ../surf/rh.pial ../surf/rh.area.pial
writing curvature file ../surf/rh.area.pial
#@# thickness rh Fri Mar 13 06:12:45 CET 2026
cd /out/sourcedata/freesurfer/sub-v2s4x29580_ses-1/mri
mris_place_surface --thickness ../surf/rh.white ../surf/rh.pial 20 5 ../surf/rh.thickness
0 of 148573 vertices processed
25000 of 148573 vertices processed
50000 of 148573 vertices processed
75000 of 148573 vertices processed
100000 of 148573 vertices processed
125000 of 148573 vertices processed
0 of 148573 vertices processed
25000 of 148573 vertices processed
50000 of 148573 vertices processed
75000 of 148573 vertices processed
100000 of 148573 vertices processed
125000 of 148573 vertices processed
thickness calculation complete, 507:1966 truncations.
66292 vertices at 0 distance
120098 vertices at 1 distance
67478 vertices at 2 distance
26203 vertices at 3 distance
10223 vertices at 4 distance
4018 vertices at 5 distance
1562 vertices at 6 distance
595 vertices at 7 distance
251 vertices at 8 distance
110 vertices at 9 distance
77 vertices at 10 distance
45 vertices at 11 distance
34 vertices at 12 distance
34 vertices at 13 distance
29 vertices at 14 distance
26 vertices at 15 distance
17 vertices at 16 distance
15 vertices at 17 distance
12 vertices at 18 distance
8 vertices at 19 distance
19 vertices at 20 distance
writing curvature file ../surf/rh.thickness
#@# area and vertex vol rh Fri Mar 13 06:13:16 CET 2026
cd /out/sourcedata/freesurfer/sub-v2s4x29580_ses-1/mri
mris_place_surface --thickness ../surf/rh.white ../surf/rh.pial 20 5 ../surf/rh.thickness
/out/sourcedata/freesurfer/sub-v2s4x29580_ses-1/surf
mris_calc -o rh.area.mid rh.area add rh.area.pial
Saving result to 'rh.area.mid' (type = MRI_CURV_FILE)                       [ ok ]
mris_calc -o rh.area.mid rh.area.mid div 2
Saving result to 'rh.area.mid' (type = MRI_CURV_FILE)                       [ ok ]
mris_convert --volume sub-v2s4x29580_ses-1 rh /out/sourcedata/freesurfer/sub-v2s4x29580_ses-1/surf/rh.volume
masking with /out/sourcedata/freesurfer/sub-v2s4x29580_ses-1/label/rh.cortex.label
Total face volume 282730
Total vertex volume 282477 (mask=0)
#@# sub-v2s4x29580_ses-1 rh 282477
 
vertexvol Done

#-----------------------------------------
#@# Curvature Stats rh Fri Mar 13 06:13:18 CET 2026
/out/sourcedata/freesurfer/sub-v2s4x29580_ses-1/surf

 mris_curvature_stats -m --writeCurvatureFiles -G -o ../stats/rh.curv.stats -F smoothwm sub-v2s4x29580_ses-1 rh curv sulc 

             Toggling save flag on curvature files                       [ ok ]
                 Outputting results using filestem   [ ../stats/rh.curv.stats ]
             Toggling save flag on curvature files                       [ ok ]
                                   Setting surface [ sub-v2s4x29580_ses-1/rh.smoothwm ]
                                Reading surface...                       [ ok ]
                                   Setting texture                     [ curv ]
                                Reading texture...                       [ ok ]
                                   Setting texture                     [ sulc ]
                                Reading texture...Gb_filter = 0
                       [ ok ]
      Calculating Discrete Principal Curvatures...
      Determining geometric order for vno faces... [####################] [ ok ]
                      Determining KH curvatures... [####################] [ ok ]
                    Determining k1k2 curvatures... [####################] [ ok ]
                                   deltaViolations                      [ 280 ]
Gb_filter = 0

WARN:    S lookup   min:                          -0.012976
WARN:    S explicit min:                          0.000000	vertex = 65
#-----------------------------------------
#@# Cortical Parc 2 rh Fri Mar 13 06:13:20 CET 2026
/out/sourcedata/freesurfer/sub-v2s4x29580_ses-1/scripts

 mris_ca_label -l ../label/rh.cortex.label -aseg ../mri/aseg.presurf.mgz -seed 1234 sub-v2s4x29580_ses-1 rh ../surf/rh.sphere.reg /opt/freesurfer/average/rh.CDaparc.atlas.acfb40.noaparc.i12.2016-08-02.gcs ../label/rh.aparc.a2009s.annot 

setting seed for random number generator to 1234
using ../mri/aseg.presurf.mgz aseg volume to correct midline
7.3.2
  7.3.2
reading atlas from /opt/freesurfer/average/rh.CDaparc.atlas.acfb40.noaparc.i12.2016-08-02.gcs...
reading color table from GCSA file....
average std = 1.4   using min determinant for regularization = 0.021
0 singular and 0 ill-conditioned covariance matrices regularized
input 0: MEAN CURVATURE, flags 0, avgs 5, name mean_curvature
labeling surface...
19 labels changed using aseg
relabeling using gibbs priors...
000:  10087 changed, 148573 examined...
001:   2212 changed, 39163 examined...
002:    660 changed, 11840 examined...
003:    271 changed, 3792 examined...
004:    117 changed, 1619 examined...
005:     71 changed, 669 examined...
006:     44 changed, 405 examined...
007:     33 changed, 226 examined...
008:     14 changed, 172 examined...
009:      4 changed, 83 examined...
010:      6 changed, 26 examined...
011:      1 changed, 26 examined...
012:      0 changed, 6 examined...
27 labels changed using aseg
000: 258 total segments, 172 labels (2497 vertices) changed
001: 93 total segments, 8 labels (14 vertices) changed
002: 85 total segments, 0 labels (0 vertices) changed
10 filter iterations complete (10 requested, 56 changed)
rationalizing unknown annotations with cortex label
relabeling Medial_wall label...
1149 vertices marked for relabeling...
1149 labels changed in reclassification.
writing output to ../label/rh.aparc.a2009s.annot...
classification took 0 minutes and 14 seconds.
#-----------------------------------------
#@# Cortical Parc 3 rh Fri Mar 13 06:13:35 CET 2026
/out/sourcedata/freesurfer/sub-v2s4x29580_ses-1/scripts

 mris_ca_label -l ../label/rh.cortex.label -aseg ../mri/aseg.presurf.mgz -seed 1234 sub-v2s4x29580_ses-1 rh ../surf/rh.sphere.reg /opt/freesurfer/average/rh.DKTaparc.atlas.acfb40.noaparc.i12.2016-08-02.gcs ../label/rh.aparc.DKTatlas.annot 

setting seed for random number generator to 1234
using ../mri/aseg.presurf.mgz aseg volume to correct midline
7.3.2
  7.3.2
reading atlas from /opt/freesurfer/average/rh.DKTaparc.atlas.acfb40.noaparc.i12.2016-08-02.gcs...
reading color table from GCSA file....
average std = 0.9   using min determinant for regularization = 0.009
0 singular and 325 ill-conditioned covariance matrices regularized
input 0: MEAN CURVATURE, flags 0, avgs 5, name mean_curvature
labeling surface...
1869 labels changed using aseg
relabeling using gibbs priors...
000:   2114 changed, 148573 examined...
001:    504 changed, 9901 examined...
002:    161 changed, 2861 examined...
003:     78 changed, 913 examined...
004:     34 changed, 444 examined...
005:     14 changed, 201 examined...
006:     12 changed, 82 examined...
007:      6 changed, 69 examined...
008:      3 changed, 35 examined...
009:      2 changed, 21 examined...
010:      1 changed, 12 examined...
011:      1 changed, 9 examined...
012:      1 changed, 5 examined...
013:      0 changed, 8 examined...
307 labels changed using aseg
000: 44 total segments, 11 labels (57 vertices) changed
001: 33 total segments, 0 labels (0 vertices) changed
10 filter iterations complete (10 requested, 3 changed)
rationalizing unknown annotations with cortex label
relabeling unknown label...
relabeling corpuscallosum label...
896 vertices marked for relabeling...
896 labels changed in reclassification.
writing output to ../label/rh.aparc.DKTatlas.annot...
classification took 0 minutes and 11 seconds.
#-----------------------------------------
#@# WM/GM Contrast rh Fri Mar 13 06:13:45 CET 2026
/out/sourcedata/freesurfer/sub-v2s4x29580_ses-1/scripts

 pctsurfcon --s sub-v2s4x29580_ses-1 --rh-only 

Log file is /out/sourcedata/freesurfer/sub-v2s4x29580_ses-1/scripts/pctsurfcon.log
Fri Mar 13 06:13:45 CET 2026
setenv SUBJECTS_DIR /out/sourcedata/freesurfer
cd /out/sourcedata/freesurfer/sub-v2s4x29580_ses-1/scripts
/opt/freesurfer/bin/pctsurfcon
pctsurfcon 7.3.2
Linux dna038 5.14.0-427.37.1.el9_4.x86_64 #1 SMP PREEMPT_DYNAMIC Fri Sep 13 12:41:50 EDT 2024 x86_64 x86_64 x86_64 GNU/Linux
FREESURFER_HOME /opt/freesurfer
mri_vol2surf --mov /out/sourcedata/freesurfer/sub-v2s4x29580_ses-1/mri/rawavg.mgz --hemi rh --noreshape --interp trilinear --projdist -1 --o /out/sourcedata/freesurfer/sub-v2s4x29580_ses-1/surf/tmp.pctsurfcon.1275196/rh.wm.mgh --regheader sub-v2s4x29580_ses-1 --cortex
srcvol = /out/sourcedata/freesurfer/sub-v2s4x29580_ses-1/mri/rawavg.mgz
srcreg unspecified
srcregold = 0
srcwarp unspecified
surf = white
hemi = rh
ProjDist = -1
reshape = 0
interp = trilinear
float2int = round
GetProjMax = 0
INFO: float2int code = 0
Done loading volume
Computing registration from header.
  Using /out/sourcedata/freesurfer/sub-v2s4x29580_ses-1/mri/orig.mgz as target reference.
-------- original matrix -----------
-0.99948   0.03183   0.00603   0.00000;
 0.00603  -0.00019   0.99998   0.00000;
-0.03183  -0.99949  -0.00000   0.00004;
 0.00000   0.00000   0.00000   1.00000;
-------- original matrix -----------
Loading label /out/sourcedata/freesurfer/sub-v2s4x29580_ses-1/label/rh.cortex.label
Reading surface /out/sourcedata/freesurfer/sub-v2s4x29580_ses-1/surf/rh.white
Done reading source surface
Mapping Source Volume onto Source Subject Surface
Projecting -1 -1 1
 1 -1 -1 -1
using old
Done mapping volume to surface
Number of source voxels hit = 91617
Masking with /out/sourcedata/freesurfer/sub-v2s4x29580_ses-1/label/rh.cortex.label
Writing to /out/sourcedata/freesurfer/sub-v2s4x29580_ses-1/surf/tmp.pctsurfcon.1275196/rh.wm.mgh
Dim: 148573 1 1
mri_vol2surf --mov /out/sourcedata/freesurfer/sub-v2s4x29580_ses-1/mri/rawavg.mgz --hemi rh --noreshape --interp trilinear --o /out/sourcedata/freesurfer/sub-v2s4x29580_ses-1/surf/tmp.pctsurfcon.1275196/rh.gm.mgh --projfrac 0.3 --regheader sub-v2s4x29580_ses-1 --cortex
srcvol = /out/sourcedata/freesurfer/sub-v2s4x29580_ses-1/mri/rawavg.mgz
srcreg unspecified
srcregold = 0
srcwarp unspecified
surf = white
hemi = rh
ProjFrac = 0.3
thickness = thickness
reshape = 0
interp = trilinear
float2int = round
GetProjMax = 0
INFO: float2int code = 0
Done loading volume
Computing registration from header.
  Using /out/sourcedata/freesurfer/sub-v2s4x29580_ses-1/mri/orig.mgz as target reference.
-------- original matrix -----------
-0.99948   0.03183   0.00603   0.00000;
 0.00603  -0.00019   0.99998   0.00000;
-0.03183  -0.99949  -0.00000   0.00004;
 0.00000   0.00000   0.00000   1.00000;
-------- original matrix -----------
Loading label /out/sourcedata/freesurfer/sub-v2s4x29580_ses-1/label/rh.cortex.label
Reading surface /out/sourcedata/freesurfer/sub-v2s4x29580_ses-1/surf/rh.white
Done reading source surface
Reading thickness /out/sourcedata/freesurfer/sub-v2s4x29580_ses-1/surf/rh.thickness
Done
Mapping Source Volume onto Source Subject Surface
Projecting 0.3 0.3 1
 1 0.3 0.3 0.3
using old
Done mapping volume to surface
Number of source voxels hit = 104534
Masking with /out/sourcedata/freesurfer/sub-v2s4x29580_ses-1/label/rh.cortex.label
Writing to /out/sourcedata/freesurfer/sub-v2s4x29580_ses-1/surf/tmp.pctsurfcon.1275196/rh.gm.mgh
Dim: 148573 1 1
mri_concat /out/sourcedata/freesurfer/sub-v2s4x29580_ses-1/surf/tmp.pctsurfcon.1275196/rh.wm.mgh /out/sourcedata/freesurfer/sub-v2s4x29580_ses-1/surf/tmp.pctsurfcon.1275196/rh.gm.mgh --paired-diff-norm --mul 100 --o /out/sourcedata/freesurfer/sub-v2s4x29580_ses-1/surf/rh.w-g.pct.mgh
ninputs = 2
Checking inputs
nframestot = 2
Allocing output
Done allocing
Combining pairs
nframes = 1
Multiplying by 100.000000
Writing to /out/sourcedata/freesurfer/sub-v2s4x29580_ses-1/surf/rh.w-g.pct.mgh
mri_segstats --in /out/sourcedata/freesurfer/sub-v2s4x29580_ses-1/surf/rh.w-g.pct.mgh --annot sub-v2s4x29580_ses-1 rh aparc --sum /out/sourcedata/freesurfer/sub-v2s4x29580_ses-1/stats/rh.w-g.pct.stats --snr

7.3.2
cwd 
cmdline mri_segstats --in /out/sourcedata/freesurfer/sub-v2s4x29580_ses-1/surf/rh.w-g.pct.mgh --annot sub-v2s4x29580_ses-1 rh aparc --sum /out/sourcedata/freesurfer/sub-v2s4x29580_ses-1/stats/rh.w-g.pct.stats --snr 
sysname  Linux
hostname dna038
machine  x86_64
user     oesteban
whitesurfname  white
UseRobust  0
Constructing seg from annotation

Reading annotation /out/sourcedata/freesurfer/sub-v2s4x29580_ses-1/label/rh.aparc.annot
Seg base 2000
Loading /out/sourcedata/freesurfer/sub-v2s4x29580_ses-1/surf/rh.w-g.pct.mgh
Vertex Area is 0.669273 mm^3
Generating list of segmentation ids
Found  36 segmentations
Computing statistics for each segmentation

Reporting on  35 segmentations
Using PrintSegStat
mri_segstats done
Cleaning up

Started at Fri Mar 13 05:50:53 CET 2026 
Ended   at Fri Mar 13 06:13:48 CET 2026
#@#%# recon-all-run-time-hours 0.382
recon-all -s sub-v2s4x29580_ses-1 finished without error at Fri Mar 13 06:13:48 CET 2026



#New# invocation of recon-all 




Fri Mar 13 06:22:43 CET 2026
cd /out/sourcedata/freesurfer/sub-v2s4x29580_ses-1
setenv SUBJECTS_DIR /out/sourcedata/freesurfer
/opt/freesurfer/bin/recon-all -autorecon-hemi rh -nohyporelabel -rh-only -openmp 16 -subjid sub-v2s4x29580_ses-1 -sd /out/sourcedata/freesurfer -notessellate -nosmooth1 -noinflate1 -noqsphere -nofix -nowhite -nosmooth2 -noinflate2 -nocurvHK -nocurvstats -nosphere -nosurfreg -nojacobian_white -noavgcurv -nocortparc -nopial -nocortparc2 -nocortparc3 -nopctsurfcon

subjid sub-v2s4x29580_ses-1
setenv SUBJECTS_DIR /out/sourcedata/freesurfer
FREESURFER_HOME /opt/freesurfer
Actual FREESURFER_HOME /opt/freesurfer
build-stamp.txt: freesurfer-linux-ubuntu22_x86_64-7.3.2-20220804-6354275
Linux dna038 5.14.0-427.37.1.el9_4.x86_64 #1 SMP PREEMPT_DYNAMIC Fri Sep 13 12:41:50 EDT 2024 x86_64 x86_64 x86_64 GNU/Linux
cputime      unlimited
filesize     unlimited
datasize     unlimited
stacksize    8192 kbytes
coredumpsize 0 kbytes
memoryuse    67108864 kbytes
vmemoryuse   unlimited
descriptors  1024 
memorylocked unlimited
maxproc      2061970 
maxlocks     unlimited
maxsignal    2061970 
maxmessage   819200 
maxnice      0 
maxrtprio    0 
maxrttime    unlimited

               total        used        free      shared  buff/cache   available
Mem:           503Gi        52Gi       400Gi        18Gi        50Gi       428Gi
Swap:             0B          0B          0B

########################################
program versions used
7.3.2 (freesurfer-linux-ubuntu22_x86_64-7.3.2-20220804-6354275)
7.3.2

ProgramName: lta_convert  ProgramArguments: lta_convert -all-info  ProgramVersion: 7.3.2  TimeStamp: 2026/03/13-05:22:43-GMT  BuildTime: Aug  4 2022 06:17:15  BuildStamp: freesurfer-linux-ubuntu22_x86_64-7.3.2-20220804-6354275  User: oesteban  Machine: dna038  Platform: Linux  PlatformVersion: 5.14.0-427.37.1.el9_4.x86_64  CompilerName: GCC  CompilerVersion: 8.4.0
ProgramName: mri_and  ProgramArguments: mri_and -all-info  ProgramVersion: 7.3.2  TimeStamp: 2026/03/13-05:22:43-GMT  BuildTime: Aug  4 2022 06:17:15  BuildStamp: freesurfer-linux-ubuntu22_x86_64-7.3.2-20220804-6354275  User: oesteban  Machine: dna038  Platform: Linux  PlatformVersion: 5.14.0-427.37.1.el9_4.x86_64  CompilerName: GCC  CompilerVersion: 8.4.0
ProgramName: mri_annotation2label  ProgramArguments: mri_annotation2label -all-info  ProgramVersion: 7.3.2  TimeStamp: 2026/03/13-05:22:43-GMT  BuildTime: Aug  4 2022 06:17:15  BuildStamp: freesurfer-linux-ubuntu22_x86_64-7.3.2-20220804-6354275  User: oesteban  Machine: dna038  Platform: Linux  PlatformVersion: 5.14.0-427.37.1.el9_4.x86_64  CompilerName: GCC  CompilerVersion: 8.4.0
ProgramName: mri_aparc2aseg  ProgramArguments: mri_aparc2aseg -all-info  ProgramVersion: 7.3.2  TimeStamp: 2026/03/13-05:22:43-GMT  BuildTime: Aug  4 2022 06:17:15  BuildStamp: freesurfer-linux-ubuntu22_x86_64-7.3.2-20220804-6354275  User: oesteban  Machine: dna038  Platform: Linux  PlatformVersion: 5.14.0-427.37.1.el9_4.x86_64  CompilerName: GCC  CompilerVersion: 8.4.0
ProgramName: mri_surf2volseg  ProgramArguments: mri_surf2volseg -all-info  ProgramVersion: 7.3.2  TimeStamp: 2026/03/13-05:22:43-GMT  BuildTime: Aug  4 2022 06:17:15  BuildStamp: freesurfer-linux-ubuntu22_x86_64-7.3.2-20220804-6354275  User: oesteban  Machine: dna038  Platform: Linux  PlatformVersion: 5.14.0-427.37.1.el9_4.x86_64  CompilerName: GCC  CompilerVersion: 8.4.0
ProgramName: mri_binarize  ProgramArguments: mri_binarize -all-info  ProgramVersion: 7.3.2  TimeStamp: 2026/03/13-05:22:43-GMT  BuildTime: Aug  4 2022 06:17:15  BuildStamp: freesurfer-linux-ubuntu22_x86_64-7.3.2-20220804-6354275  User: oesteban  Machine: dna038  Platform: Linux  PlatformVersion: 5.14.0-427.37.1.el9_4.x86_64  CompilerName: GCC  CompilerVersion: 8.4.0
ProgramName: mri_ca_label  ProgramArguments: mri_ca_label -all-info  ProgramVersion: 7.3.2  TimeStamp: 2026/03/13-05:22:43-GMT  BuildTime: Aug  4 2022 06:17:15  BuildStamp: freesurfer-linux-ubuntu22_x86_64-7.3.2-20220804-6354275  User: oesteban  Machine: dna038  Platform: Linux  PlatformVersion: 5.14.0-427.37.1.el9_4.x86_64  CompilerName: GCC  CompilerVersion: 8.4.0
ProgramName: mri_ca_normalize  ProgramArguments: mri_ca_normalize -all-info  ProgramVersion: 7.3.2  TimeStamp: 2026/03/13-05:22:43-GMT  BuildTime: Aug  4 2022 06:17:15  BuildStamp: freesurfer-linux-ubuntu22_x86_64-7.3.2-20220804-6354275  User: oesteban  Machine: dna038  Platform: Linux  PlatformVersion: 5.14.0-427.37.1.el9_4.x86_64  CompilerName: GCC  CompilerVersion: 8.4.0
ProgramName: mri_ca_register  ProgramArguments: mri_ca_register -all-info  ProgramVersion: 7.3.2  TimeStamp: 2026/03/13-05:22:43-GMT  BuildTime: Aug  4 2022 06:17:15  BuildStamp: freesurfer-linux-ubuntu22_x86_64-7.3.2-20220804-6354275  User: oesteban  Machine: dna038  Platform: Linux  PlatformVersion: 5.14.0-427.37.1.el9_4.x86_64  CompilerName: GCC  CompilerVersion: 8.4.0
ProgramName: mri_cc  ProgramArguments: mri_cc -all-info  ProgramVersion: 7.3.2  TimeStamp: 2026/03/13-05:22:43-GMT  BuildTime: Aug  4 2022 06:17:15  BuildStamp: freesurfer-linux-ubuntu22_x86_64-7.3.2-20220804-6354275  User: oesteban  Machine: dna038  Platform: Linux  PlatformVersion: 5.14.0-427.37.1.el9_4.x86_64  CompilerName: GCC  CompilerVersion: 8.4.0
ProgramName: mri_compute_overlap  ProgramArguments: mri_compute_overlap -all-info  ProgramVersion: 7.3.2  TimeStamp: 2026/03/13-05:22:43-GMT  BuildTime: Aug  4 2022 06:17:15  BuildStamp: freesurfer-linux-ubuntu22_x86_64-7.3.2-20220804-6354275  User: oesteban  Machine: dna038  Platform: Linux  PlatformVersion: 5.14.0-427.37.1.el9_4.x86_64  CompilerName: GCC  CompilerVersion: 8.4.0
ProgramName: mri_compute_seg_overlap  ProgramArguments: mri_compute_seg_overlap -all-info  ProgramVersion: 7.3.2  TimeStamp: 2026/03/13-05:22:43-GMT  BuildTime: Aug  4 2022 06:17:15  BuildStamp: freesurfer-linux-ubuntu22_x86_64-7.3.2-20220804-6354275  User: oesteban  Machine: dna038  Platform: Linux  PlatformVersion: 5.14.0-427.37.1.el9_4.x86_64  CompilerName: GCC  CompilerVersion: 8.4.0
ProgramName: mri_concat  ProgramArguments: mri_concat -all-info  ProgramVersion: 7.3.2  TimeStamp: 2026/03/13-05:22:43-GMT  BuildTime: Aug  4 2022 06:17:15  BuildStamp: freesurfer-linux-ubuntu22_x86_64-7.3.2-20220804-6354275  User: oesteban  Machine: dna038  Platform: Linux  PlatformVersion: 5.14.0-427.37.1.el9_4.x86_64  CompilerName: GCC  CompilerVersion: 8.4.0
ProgramName: mri_concatenate_lta  ProgramArguments: mri_concatenate_lta -all-info  ProgramVersion: 7.3.2  TimeStamp: 2026/03/13-05:22:43-GMT  BuildTime: Aug  4 2022 06:17:15  BuildStamp: freesurfer-linux-ubuntu22_x86_64-7.3.2-20220804-6354275  User: oesteban  Machine: dna038  Platform: Linux  PlatformVersion: 5.14.0-427.37.1.el9_4.x86_64  CompilerName: GCC  CompilerVersion: 8.4.0
mri_convert -all-info 
ProgramName: mri_convert  ProgramArguments: mri_convert -all-info  ProgramVersion: 7.3.2  TimeStamp: 2026/03/13-05:22:43-GMT  BuildTime: Aug  4 2022 06:17:15  BuildStamp: freesurfer-linux-ubuntu22_x86_64-7.3.2-20220804-6354275  User: oesteban  Machine: dna038  Platform: Linux  PlatformVersion: 5.14.0-427.37.1.el9_4.x86_64  CompilerName: GCC  CompilerVersion: 8.4.0
ProgramName: mri_diff  ProgramArguments: mri_diff -all-info  ProgramVersion: 7.3.2  TimeStamp: 2026/03/13-05:22:43-GMT  BuildTime: Aug  4 2022 06:17:15  BuildStamp: freesurfer-linux-ubuntu22_x86_64-7.3.2-20220804-6354275  User: oesteban  Machine: dna038  Platform: Linux  PlatformVersion: 5.14.0-427.37.1.el9_4.x86_64  CompilerName: GCC  CompilerVersion: 8.4.0
ProgramName: mri_edit_wm_with_aseg  ProgramArguments: mri_edit_wm_with_aseg -all-info  ProgramVersion: 7.3.2  TimeStamp: 2026/03/13-05:22:43-GMT  BuildTime: Aug  4 2022 06:17:15  BuildStamp: freesurfer-linux-ubuntu22_x86_64-7.3.2-20220804-6354275  User: oesteban  Machine: dna038  Platform: Linux  PlatformVersion: 5.14.0-427.37.1.el9_4.x86_64  CompilerName: GCC  CompilerVersion: 8.4.0
ProgramName: mri_em_register  ProgramArguments: mri_em_register -all-info  ProgramVersion: 7.3.2  TimeStamp: 2026/03/13-05:22:43-GMT  BuildTime: Aug  4 2022 06:17:15  BuildStamp: freesurfer-linux-ubuntu22_x86_64-7.3.2-20220804-6354275  User: oesteban  Machine: dna038  Platform: Linux  PlatformVersion: 5.14.0-427.37.1.el9_4.x86_64  CompilerName: GCC  CompilerVersion: 8.4.0
ProgramName: mri_fill  ProgramArguments: mri_fill -all-info  ProgramVersion: 7.3.2  TimeStamp: 2026/03/13-05:22:43-GMT  BuildTime: Aug  4 2022 06:17:15  BuildStamp: freesurfer-linux-ubuntu22_x86_64-7.3.2-20220804-6354275  User: oesteban  Machine: dna038  Platform: Linux  PlatformVersion: 5.14.0-427.37.1.el9_4.x86_64  CompilerName: GCC  CompilerVersion: 8.4.0
ProgramName: mri_fuse_segmentations  ProgramArguments: mri_fuse_segmentations -all-info  ProgramVersion: 7.3.2  TimeStamp: 2026/03/13-05:22:43-GMT  BuildTime: Aug  4 2022 06:17:15  BuildStamp: freesurfer-linux-ubuntu22_x86_64-7.3.2-20220804-6354275  User: oesteban  Machine: dna038  Platform: Linux  PlatformVersion: 5.14.0-427.37.1.el9_4.x86_64  CompilerName: GCC  CompilerVersion: 8.4.0
ProgramName: mri_fwhm  ProgramArguments: mri_fwhm -all-info  ProgramVersion: 7.3.2  TimeStamp: 2026/03/13-05:22:43-GMT  BuildTime: Aug  4 2022 06:17:15  BuildStamp: freesurfer-linux-ubuntu22_x86_64-7.3.2-20220804-6354275  User: oesteban  Machine: dna038  Platform: Linux  PlatformVersion: 5.14.0-427.37.1.el9_4.x86_64  CompilerName: GCC  CompilerVersion: 8.4.0
ProgramName: mri_gcut  ProgramArguments: mri_gcut -all-info  ProgramVersion: 7.3.2  TimeStamp: 2026/03/13-05:22:43-GMT  BuildTime: Aug  4 2022 06:17:15  BuildStamp: freesurfer-linux-ubuntu22_x86_64-7.3.2-20220804-6354275  User: oesteban  Machine: dna038  Platform: Linux  PlatformVersion: 5.14.0-427.37.1.el9_4.x86_64  CompilerName: GCC  CompilerVersion: 8.4.0
ProgramName: mri_info  ProgramArguments: mri_info -all-info  ProgramVersion: 7.3.2  TimeStamp: 2026/03/13-05:22:43-GMT  BuildTime: Aug  4 2022 06:17:15  BuildStamp: freesurfer-linux-ubuntu22_x86_64-7.3.2-20220804-6354275  User: oesteban  Machine: dna038  Platform: Linux  PlatformVersion: 5.14.0-427.37.1.el9_4.x86_64  CompilerName: GCC  CompilerVersion: 8.4.0
ProgramName: mri_label2label  ProgramArguments: mri_label2label -all-info  ProgramVersion: 7.3.2  TimeStamp: 2026/03/13-05:22:43-GMT  BuildTime: Aug  4 2022 06:17:15  BuildStamp: freesurfer-linux-ubuntu22_x86_64-7.3.2-20220804-6354275  User: oesteban  Machine: dna038  Platform: Linux  PlatformVersion: 5.14.0-427.37.1.el9_4.x86_64  CompilerName: GCC  CompilerVersion: 8.4.0
ProgramName: mri_label2vol  ProgramArguments: mri_label2vol -all-info  ProgramVersion: 7.3.2  TimeStamp: 2026/03/13-05:22:43-GMT  BuildTime: Aug  4 2022 06:17:15  BuildStamp: freesurfer-linux-ubuntu22_x86_64-7.3.2-20220804-6354275  User: oesteban  Machine: dna038  Platform: Linux  PlatformVersion: 5.14.0-427.37.1.el9_4.x86_64  CompilerName: GCC  CompilerVersion: 8.4.0
ProgramName: mri_log_likelihood  ProgramArguments: mri_log_likelihood -all-info  ProgramVersion: 7.3.2  TimeStamp: 2026/03/13-05:22:43-GMT  BuildTime: Aug  4 2022 06:17:15  BuildStamp: freesurfer-linux-ubuntu22_x86_64-7.3.2-20220804-6354275  User: oesteban  Machine: dna038  Platform: Linux  PlatformVersion: 5.14.0-427.37.1.el9_4.x86_64  CompilerName: GCC  CompilerVersion: 8.4.0
ProgramName: mri_mask  ProgramArguments: mri_mask -all-info  ProgramVersion: 7.3.2  TimeStamp: 2026/03/13-05:22:43-GMT  BuildTime: Aug  4 2022 06:17:15  BuildStamp: freesurfer-linux-ubuntu22_x86_64-7.3.2-20220804-6354275  User: oesteban  Machine: dna038  Platform: Linux  PlatformVersion: 5.14.0-427.37.1.el9_4.x86_64  CompilerName: GCC  CompilerVersion: 8.4.0
ProgramName: mri_matrix_multiply  ProgramArguments: mri_matrix_multiply -all-info  ProgramVersion: 7.3.2  TimeStamp: 2026/03/13-05:22:43-GMT  BuildTime: Aug  4 2022 06:17:15  BuildStamp: freesurfer-linux-ubuntu22_x86_64-7.3.2-20220804-6354275  User: oesteban  Machine: dna038  Platform: Linux  PlatformVersion: 5.14.0-427.37.1.el9_4.x86_64  CompilerName: GCC  CompilerVersion: 8.4.0
ProgramName: mri_normalize  ProgramArguments: mri_normalize -all-info  ProgramVersion: 7.3.2  TimeStamp: 2026/03/13-05:22:43-GMT  BuildTime: Aug  4 2022 06:17:15  BuildStamp: freesurfer-linux-ubuntu22_x86_64-7.3.2-20220804-6354275  User: oesteban  Machine: dna038  Platform: Linux  PlatformVersion: 5.14.0-427.37.1.el9_4.x86_64  CompilerName: GCC  CompilerVersion: 8.4.0
ProgramName: mri_normalize_tp2  ProgramArguments: mri_normalize_tp2 -all-info  ProgramVersion: 7.3.2  TimeStamp: 2026/03/13-05:22:43-GMT  BuildTime: Aug  4 2022 06:17:15  BuildStamp: freesurfer-linux-ubuntu22_x86_64-7.3.2-20220804-6354275  User: oesteban  Machine: dna038  Platform: Linux  PlatformVersion: 5.14.0-427.37.1.el9_4.x86_64  CompilerName: GCC  CompilerVersion: 8.4.0
ProgramName: mri_or  ProgramArguments: mri_or -all-info  ProgramVersion: 7.3.2  TimeStamp: 2026/03/13-05:22:43-GMT  BuildTime: Aug  4 2022 06:17:15  BuildStamp: freesurfer-linux-ubuntu22_x86_64-7.3.2-20220804-6354275  User: oesteban  Machine: dna038  Platform: Linux  PlatformVersion: 5.14.0-427.37.1.el9_4.x86_64  CompilerName: GCC  CompilerVersion: 8.4.0
ProgramName: mri_relabel_hypointensities  ProgramArguments: mri_relabel_hypointensities -all-info  ProgramVersion: 7.3.2  TimeStamp: 2026/03/13-05:22:43-GMT  BuildTime: Aug  4 2022 06:17:15  BuildStamp: freesurfer-linux-ubuntu22_x86_64-7.3.2-20220804-6354275  User: oesteban  Machine: dna038  Platform: Linux  PlatformVersion: 5.14.0-427.37.1.el9_4.x86_64  CompilerName: GCC  CompilerVersion: 8.4.0
ProgramName: mri_relabel_nonwm_hypos  ProgramArguments: mri_relabel_nonwm_hypos -all-info  ProgramVersion: 7.3.2  TimeStamp: 2026/03/13-05:22:43-GMT  BuildTime: Aug  4 2022 06:17:15  BuildStamp: freesurfer-linux-ubuntu22_x86_64-7.3.2-20220804-6354275  User: oesteban  Machine: dna038  Platform: Linux  PlatformVersion: 5.14.0-427.37.1.el9_4.x86_64  CompilerName: GCC  CompilerVersion: 8.4.0
ProgramName: mri_remove_neck  ProgramArguments: mri_remove_neck -all-info  ProgramVersion: 7.3.2  TimeStamp: 2026/03/13-05:22:43-GMT  BuildTime: Aug  4 2022 06:17:15  BuildStamp: freesurfer-linux-ubuntu22_x86_64-7.3.2-20220804-6354275  User: oesteban  Machine: dna038  Platform: Linux  PlatformVersion: 5.14.0-427.37.1.el9_4.x86_64  CompilerName: GCC  CompilerVersion: 8.4.0
7.3.2

ProgramName: mri_robust_register  ProgramArguments: mri_robust_register -all-info  ProgramVersion: 7.3.2  TimeStamp: 2026/03/13-05:22:43-GMT  BuildTime: Aug  4 2022 06:17:15  BuildStamp: freesurfer-linux-ubuntu22_x86_64-7.3.2-20220804-6354275  User: oesteban  Machine: dna038  Platform: Linux  PlatformVersion: 5.14.0-427.37.1.el9_4.x86_64  CompilerName: GCC  CompilerVersion: 8.4.0
7.3.2

ProgramName: mri_robust_template  ProgramArguments: mri_robust_template -all-info  ProgramVersion: 7.3.2  TimeStamp: 2026/03/13-05:22:43-GMT  BuildTime: Aug  4 2022 06:17:15  BuildStamp: freesurfer-linux-ubuntu22_x86_64-7.3.2-20220804-6354275  User: oesteban  Machine: dna038  Platform: Linux  PlatformVersion: 5.14.0-427.37.1.el9_4.x86_64  CompilerName: GCC  CompilerVersion: 8.4.0
ProgramName: mris_anatomical_stats  ProgramArguments: mris_anatomical_stats -all-info  ProgramVersion: 7.3.2  TimeStamp: 2026/03/13-05:22:43-GMT  BuildTime: Aug  4 2022 06:17:15  BuildStamp: freesurfer-linux-ubuntu22_x86_64-7.3.2-20220804-6354275  User: oesteban  Machine: dna038  Platform: Linux  PlatformVersion: 5.14.0-427.37.1.el9_4.x86_64  CompilerName: GCC  CompilerVersion: 8.4.0
ProgramName: mris_ca_label  ProgramArguments: mris_ca_label -all-info  ProgramVersion: 7.3.2  TimeStamp: 2026/03/13-05:22:43-GMT  BuildTime: Aug  4 2022 06:17:15  BuildStamp: freesurfer-linux-ubuntu22_x86_64-7.3.2-20220804-6354275  User: oesteban  Machine: dna038  Platform: Linux  PlatformVersion: 5.14.0-427.37.1.el9_4.x86_64  CompilerName: GCC  CompilerVersion: 8.4.0
ProgramName: mris_calc  ProgramArguments: mris_calc -all-info  ProgramVersion: 7.3.2  TimeStamp: 2026/03/13-05:22:43-GMT  BuildTime: Aug  4 2022 06:17:15  BuildStamp: freesurfer-linux-ubuntu22_x86_64-7.3.2-20220804-6354275  User: oesteban  Machine: dna038  Platform: Linux  PlatformVersion: 5.14.0-427.37.1.el9_4.x86_64  CompilerName: GCC  CompilerVersion: 8.4.0
ProgramName: mris_convert  ProgramArguments: mris_convert -all-info  ProgramVersion: 7.3.2  TimeStamp: 2026/03/13-05:22:43-GMT  BuildTime: Aug  4 2022 06:17:15  BuildStamp: freesurfer-linux-ubuntu22_x86_64-7.3.2-20220804-6354275  User: oesteban  Machine: dna038  Platform: Linux  PlatformVersion: 5.14.0-427.37.1.el9_4.x86_64  CompilerName: GCC  CompilerVersion: 8.4.0
ProgramName: mris_curvature  ProgramArguments: mris_curvature -all-info  ProgramVersion: 7.3.2  TimeStamp: 2026/03/13-05:22:43-GMT  BuildTime: Aug  4 2022 06:17:15  BuildStamp: freesurfer-linux-ubuntu22_x86_64-7.3.2-20220804-6354275  User: oesteban  Machine: dna038  Platform: Linux  PlatformVersion: 5.14.0-427.37.1.el9_4.x86_64  CompilerName: GCC  CompilerVersion: 8.4.0
ProgramName: mris_curvature_stats  ProgramArguments: mris_curvature_stats -all-info  ProgramVersion: 7.3.2  TimeStamp: 2026/03/13-05:22:43-GMT  BuildTime: Aug  4 2022 06:17:15  BuildStamp: freesurfer-linux-ubuntu22_x86_64-7.3.2-20220804-6354275  User: oesteban  Machine: dna038  Platform: Linux  PlatformVersion: 5.14.0-427.37.1.el9_4.x86_64  CompilerName: GCC  CompilerVersion: 8.4.0
ProgramName: mris_diff  ProgramArguments: mris_diff -all-info  ProgramVersion: 7.3.2  TimeStamp: 2026/03/13-05:22:43-GMT  BuildTime: Aug  4 2022 06:17:15  BuildStamp: freesurfer-linux-ubuntu22_x86_64-7.3.2-20220804-6354275  User: oesteban  Machine: dna038  Platform: Linux  PlatformVersion: 5.14.0-427.37.1.el9_4.x86_64  CompilerName: GCC  CompilerVersion: 8.4.0
ProgramName: mris_divide_parcellation  ProgramArguments: mris_divide_parcellation -all-info  ProgramVersion: 7.3.2  TimeStamp: 2026/03/13-05:22:43-GMT  BuildTime: Aug  4 2022 06:17:15  BuildStamp: freesurfer-linux-ubuntu22_x86_64-7.3.2-20220804-6354275  User: oesteban  Machine: dna038  Platform: Linux  PlatformVersion: 5.14.0-427.37.1.el9_4.x86_64  CompilerName: GCC  CompilerVersion: 8.4.0
ProgramName: mri_segment  ProgramArguments: mri_segment -all-info  ProgramVersion: 7.3.2  TimeStamp: 2026/03/13-05:22:43-GMT  BuildTime: Aug  4 2022 06:17:15  BuildStamp: freesurfer-linux-ubuntu22_x86_64-7.3.2-20220804-6354275  User: oesteban  Machine: dna038  Platform: Linux  PlatformVersion: 5.14.0-427.37.1.el9_4.x86_64  CompilerName: GCC  CompilerVersion: 8.4.0
ProgramName: mri_segstats  ProgramArguments: mri_segstats -all-info  ProgramVersion: 7.3.2  TimeStamp: 2026/03/13-05:22:43-GMT  BuildTime: Aug  4 2022 06:17:15  BuildStamp: freesurfer-linux-ubuntu22_x86_64-7.3.2-20220804-6354275  User: oesteban  Machine: dna038  Platform: Linux  PlatformVersion: 5.14.0-427.37.1.el9_4.x86_64  CompilerName: GCC  CompilerVersion: 8.4.0
ProgramName: mris_euler_number  ProgramArguments: mris_euler_number -all-info  ProgramVersion: 7.3.2  TimeStamp: 2026/03/13-05:22:43-GMT  BuildTime: Aug  4 2022 06:17:15  BuildStamp: freesurfer-linux-ubuntu22_x86_64-7.3.2-20220804-6354275  User: oesteban  Machine: dna038  Platform: Linux  PlatformVersion: 5.14.0-427.37.1.el9_4.x86_64  CompilerName: GCC  CompilerVersion: 8.4.0
ProgramName: mris_fix_topology  ProgramArguments: mris_fix_topology -all-info  ProgramVersion: 7.3.2  TimeStamp: 2026/03/13-05:22:43-GMT  BuildTime: Aug  4 2022 06:17:15  BuildStamp: freesurfer-linux-ubuntu22_x86_64-7.3.2-20220804-6354275  User: oesteban  Machine: dna038  Platform: Linux  PlatformVersion: 5.14.0-427.37.1.el9_4.x86_64  CompilerName: GCC  CompilerVersion: 8.4.0
ProgramName: mris_topo_fixer  ProgramArguments: mris_topo_fixer -all-info  ProgramVersion: 7.3.2  TimeStamp: 2026/03/13-05:22:43-GMT  BuildTime: Aug  4 2022 06:17:15  BuildStamp: freesurfer-linux-ubuntu22_x86_64-7.3.2-20220804-6354275  User: oesteban  Machine: dna038  Platform: Linux  PlatformVersion: 5.14.0-427.37.1.el9_4.x86_64  CompilerName: GCC  CompilerVersion: 8.4.0
ProgramName: mris_jacobian  ProgramArguments: mris_jacobian -all-info  ProgramVersion: 7.3.2  TimeStamp: 2026/03/13-05:22:43-GMT  BuildTime: Aug  4 2022 06:17:15  BuildStamp: freesurfer-linux-ubuntu22_x86_64-7.3.2-20220804-6354275  User: oesteban  Machine: dna038  Platform: Linux  PlatformVersion: 5.14.0-427.37.1.el9_4.x86_64  CompilerName: GCC  CompilerVersion: 8.4.0
ProgramName: mris_label2annot  ProgramArguments: mris_label2annot -all-info  ProgramVersion: 7.3.2  TimeStamp: 2026/03/13-05:22:43-GMT  BuildTime: Aug  4 2022 06:17:15  BuildStamp: freesurfer-linux-ubuntu22_x86_64-7.3.2-20220804-6354275  User: oesteban  Machine: dna038  Platform: Linux  PlatformVersion: 5.14.0-427.37.1.el9_4.x86_64  CompilerName: GCC  CompilerVersion: 8.4.0
ProgramName: mris_left_right_register  ProgramArguments: mris_left_right_register -all-info  ProgramVersion: 7.3.2  TimeStamp: 2026/03/13-05:22:43-GMT  BuildTime: Aug  4 2022 06:17:15  BuildStamp: freesurfer-linux-ubuntu22_x86_64-7.3.2-20220804-6354275  User: oesteban  Machine: dna038  Platform: Linux  PlatformVersion: 5.14.0-427.37.1.el9_4.x86_64  CompilerName: GCC  CompilerVersion: 8.4.0
ProgramName: mris_place_surface  ProgramArguments: mris_place_surface -all-info  ProgramVersion: 7.3.2  TimeStamp: 2026/03/13-05:22:43-GMT  BuildTime: Aug  4 2022 06:17:15  BuildStamp: freesurfer-linux-ubuntu22_x86_64-7.3.2-20220804-6354275  User: oesteban  Machine: dna038  Platform: Linux  PlatformVersion: 5.14.0-427.37.1.el9_4.x86_64  CompilerName: GCC  CompilerVersion: 8.4.0
ProgramName: mrisp_paint  ProgramArguments: mrisp_paint -all-info  ProgramVersion: 7.3.2  TimeStamp: 2026/03/13-05:22:43-GMT  BuildTime: Aug  4 2022 06:17:15  BuildStamp: freesurfer-linux-ubuntu22_x86_64-7.3.2-20220804-6354275  User: oesteban  Machine: dna038  Platform: Linux  PlatformVersion: 5.14.0-427.37.1.el9_4.x86_64  CompilerName: GCC  CompilerVersion: 8.4.0
ProgramName: mris_register  ProgramArguments: mris_register -all-info  ProgramVersion: 7.3.2  TimeStamp: 2026/03/13-05:22:43-GMT  BuildTime: Aug  4 2022 06:17:15  BuildStamp: freesurfer-linux-ubuntu22_x86_64-7.3.2-20220804-6354275  User: oesteban  Machine: dna038  Platform: Linux  PlatformVersion: 5.14.0-427.37.1.el9_4.x86_64  CompilerName: GCC  CompilerVersion: 8.4.0
ProgramName: mris_smooth  ProgramArguments: mris_smooth -all-info  ProgramVersion: 7.3.2  TimeStamp: 2026/03/13-05:22:43-GMT  BuildTime: Aug  4 2022 06:17:15  BuildStamp: freesurfer-linux-ubuntu22_x86_64-7.3.2-20220804-6354275  User: oesteban  Machine: dna038  Platform: Linux  PlatformVersion: 5.14.0-427.37.1.el9_4.x86_64  CompilerName: GCC  CompilerVersion: 8.4.0
ProgramName: mris_sphere  ProgramArguments: mris_sphere -all-info  ProgramVersion: 7.3.2  TimeStamp: 2026/03/13-05:22:43-GMT  BuildTime: Aug  4 2022 06:17:15  BuildStamp: freesurfer-linux-ubuntu22_x86_64-7.3.2-20220804-6354275  User: oesteban  Machine: dna038  Platform: Linux  PlatformVersion: 5.14.0-427.37.1.el9_4.x86_64  CompilerName: GCC  CompilerVersion: 8.4.0
ProgramName: mris_surface_stats  ProgramArguments: mris_surface_stats -all-info  ProgramVersion: 7.3.2  TimeStamp: 2026/03/13-05:22:43-GMT  BuildTime: Aug  4 2022 06:17:15  BuildStamp: freesurfer-linux-ubuntu22_x86_64-7.3.2-20220804-6354275  User: oesteban  Machine: dna038  Platform: Linux  PlatformVersion: 5.14.0-427.37.1.el9_4.x86_64  CompilerName: GCC  CompilerVersion: 8.4.0
ProgramName: mri_stats2seg  ProgramArguments: mri_stats2seg -all-info  ProgramVersion: 7.3.2  TimeStamp: 2026/03/13-05:22:43-GMT  BuildTime: Aug  4 2022 06:17:15  BuildStamp: freesurfer-linux-ubuntu22_x86_64-7.3.2-20220804-6354275  User: oesteban  Machine: dna038  Platform: Linux  PlatformVersion: 5.14.0-427.37.1.el9_4.x86_64  CompilerName: GCC  CompilerVersion: 8.4.0
ProgramName: mris_thickness  ProgramArguments: mris_thickness -all-info  ProgramVersion: 7.3.2  TimeStamp: 2026/03/13-05:22:43-GMT  BuildTime: Aug  4 2022 06:17:15  BuildStamp: freesurfer-linux-ubuntu22_x86_64-7.3.2-20220804-6354275  User: oesteban  Machine: dna038  Platform: Linux  PlatformVersion: 5.14.0-427.37.1.el9_4.x86_64  CompilerName: GCC  CompilerVersion: 8.4.0
ProgramName: mris_thickness_diff  ProgramArguments: mris_thickness_diff -all-info  ProgramVersion: 7.3.2  TimeStamp: 2026/03/13-05:22:43-GMT  BuildTime: Aug  4 2022 06:17:15  BuildStamp: freesurfer-linux-ubuntu22_x86_64-7.3.2-20220804-6354275  User: oesteban  Machine: dna038  Platform: Linux  PlatformVersion: 5.14.0-427.37.1.el9_4.x86_64  CompilerName: GCC  CompilerVersion: 8.4.0
ProgramName: mris_topo_fixer  ProgramArguments: mris_topo_fixer -all-info  ProgramVersion: 7.3.2  TimeStamp: 2026/03/13-05:22:43-GMT  BuildTime: Aug  4 2022 06:17:15  BuildStamp: freesurfer-linux-ubuntu22_x86_64-7.3.2-20220804-6354275  User: oesteban  Machine: dna038  Platform: Linux  PlatformVersion: 5.14.0-427.37.1.el9_4.x86_64  CompilerName: GCC  CompilerVersion: 8.4.0
ProgramName: mri_surf2surf  ProgramArguments: mri_surf2surf -all-info  ProgramVersion: 7.3.2  TimeStamp: 2026/03/13-05:22:43-GMT  BuildTime: Aug  4 2022 06:17:15  BuildStamp: freesurfer-linux-ubuntu22_x86_64-7.3.2-20220804-6354275  User: oesteban  Machine: dna038  Platform: Linux  PlatformVersion: 5.14.0-427.37.1.el9_4.x86_64  CompilerName: GCC  CompilerVersion: 8.4.0
ProgramName: mri_surf2vol  ProgramArguments: mri_surf2vol -all-info  ProgramVersion: 7.3.2  TimeStamp: 2026/03/13-05:22:43-GMT  BuildTime: Aug  4 2022 06:17:15  BuildStamp: freesurfer-linux-ubuntu22_x86_64-7.3.2-20220804-6354275  User: oesteban  Machine: dna038  Platform: Linux  PlatformVersion: 5.14.0-427.37.1.el9_4.x86_64  CompilerName: GCC  CompilerVersion: 8.4.0
ProgramName: mri_surfcluster  ProgramArguments: mri_surfcluster -all-info  ProgramVersion: 7.3.2  TimeStamp: 2026/03/13-05:22:43-GMT  BuildTime: Aug  4 2022 06:17:15  BuildStamp: freesurfer-linux-ubuntu22_x86_64-7.3.2-20220804-6354275  User: oesteban  Machine: dna038  Platform: Linux  PlatformVersion: 5.14.0-427.37.1.el9_4.x86_64  CompilerName: GCC  CompilerVersion: 8.4.0
ProgramName: mris_volmask  ProgramArguments: mris_volmask -all-info  ProgramVersion: 7.3.2  TimeStamp: 2026/03/13-05:22:43-GMT  BuildTime: Aug  4 2022 06:17:15  BuildStamp: freesurfer-linux-ubuntu22_x86_64-7.3.2-20220804-6354275  User: oesteban  Machine: dna038  Platform: Linux  PlatformVersion: 5.14.0-427.37.1.el9_4.x86_64  CompilerName: GCC  CompilerVersion: 8.4.0
ProgramName: mri_tessellate  ProgramArguments: mri_tessellate -all-info  ProgramVersion: 7.3.2  TimeStamp: 2026/03/13-05:22:43-GMT  BuildTime: Aug  4 2022 06:17:15  BuildStamp: freesurfer-linux-ubuntu22_x86_64-7.3.2-20220804-6354275  User: oesteban  Machine: dna038  Platform: Linux  PlatformVersion: 5.14.0-427.37.1.el9_4.x86_64  CompilerName: GCC  CompilerVersion: 8.4.0
ProgramName: mri_vol2surf  ProgramArguments: mri_vol2surf -all-info  ProgramVersion: 7.3.2  TimeStamp: 2026/03/13-05:22:43-GMT  BuildTime: Aug  4 2022 06:17:15  BuildStamp: freesurfer-linux-ubuntu22_x86_64-7.3.2-20220804-6354275  User: oesteban  Machine: dna038  Platform: Linux  PlatformVersion: 5.14.0-427.37.1.el9_4.x86_64  CompilerName: GCC  CompilerVersion: 8.4.0
ProgramName: mri_vol2vol  ProgramArguments: mri_vol2vol -all-info  ProgramVersion: 7.3.2  TimeStamp: 2026/03/13-05:22:43-GMT  BuildTime: Aug  4 2022 06:17:15  BuildStamp: freesurfer-linux-ubuntu22_x86_64-7.3.2-20220804-6354275  User: oesteban  Machine: dna038  Platform: Linux  PlatformVersion: 5.14.0-427.37.1.el9_4.x86_64  CompilerName: GCC  CompilerVersion: 8.4.0
ProgramName: mri_voldiff  ProgramArguments: mri_voldiff -all-info  ProgramVersion: 7.3.2  TimeStamp: 2026/03/13-05:22:43-GMT  BuildTime: Aug  4 2022 06:17:15  BuildStamp: freesurfer-linux-ubuntu22_x86_64-7.3.2-20220804-6354275  User: oesteban  Machine: dna038  Platform: Linux  PlatformVersion: 5.14.0-427.37.1.el9_4.x86_64  CompilerName: GCC  CompilerVersion: 8.4.0
ProgramName: mri_watershed  ProgramArguments: mri_watershed -all-info  ProgramVersion: 7.3.2  TimeStamp: 2026/03/13-05:22:43-GMT  BuildTime: Aug  4 2022 06:17:15  BuildStamp: freesurfer-linux-ubuntu22_x86_64-7.3.2-20220804-6354275  User: oesteban  Machine: dna038  Platform: Linux  PlatformVersion: 5.14.0-427.37.1.el9_4.x86_64  CompilerName: GCC  CompilerVersion: 8.4.0
ProgramName: tkregister2  ProgramArguments: tkregister2_cmdl -all-info  ProgramVersion: 7.3.2  TimeStamp: 2026/03/13-05:22:43-GMT  BuildTime: Aug  4 2022 06:17:15  BuildStamp: freesurfer-linux-ubuntu22_x86_64-7.3.2-20220804-6354275  User: oesteban  Machine: dna038  Platform: Linux  PlatformVersion: 5.14.0-427.37.1.el9_4.x86_64  CompilerName: GCC  CompilerVersion: 8.4.0
mri_motion_correct.fsl 7.3.2
mri_convert -all-info 
ProgramName: mri_convert  ProgramArguments: mri_convert -all-info  ProgramVersion: 7.3.2  TimeStamp: 2026/03/13-05:22:43-GMT  BuildTime: Aug  4 2022 06:17:15  BuildStamp: freesurfer-linux-ubuntu22_x86_64-7.3.2-20220804-6354275  User: oesteban  Machine: dna038  Platform: Linux  PlatformVersion: 5.14.0-427.37.1.el9_4.x86_64  CompilerName: GCC  CompilerVersion: 8.4.0
Program nu_correct, built from:
Package MNI N3, version 1.12.0, compiled by nicks@terrier (x86_64-unknown-linux-gnu) on 2015-06-19 at 01:25:34
#######################################
GCADIR /opt/freesurfer/average
GCA RB_all_2020-01-02.gca
GCASkull RB_all_withskull_2020_01_02.gca
AvgCurvTif folding.atlas.acfb40.noaparc.i12.2016-08-02.tif
GCSDIR /opt/freesurfer/average
GCS DKaparc.atlas.acfb40.noaparc.i12.2016-08-02.gcs
#######################################
#--------------------------------------------
#@# AutoDetGWStats rh Fri Mar 13 06:22:43 CET 2026
cd /out/sourcedata/freesurfer/sub-v2s4x29580_ses-1/mri
mris_autodet_gwstats --o ../surf/autodet.gw.stats.rh.dat --i brain.finalsurfs.mgz --wm wm.mgz --surf ../surf/rh.orig.premesh
  Update not needed
#--------------------------------------------
#@# WhitePreAparc rh Fri Mar 13 06:22:44 CET 2026
cd /out/sourcedata/freesurfer/sub-v2s4x29580_ses-1/mri
mris_place_surface --adgws-in ../surf/autodet.gw.stats.rh.dat --wm wm.mgz --threads 16 --invol brain.finalsurfs.mgz --rh --i ../surf/rh.orig --o ../surf/rh.white.preaparc --white --seg aseg.presurf.mgz --nsmooth 5
   Update not needed
#--------------------------------------------
#@# CortexLabel rh Fri Mar 13 06:22:44 CET 2026
cd /out/sourcedata/freesurfer/sub-v2s4x29580_ses-1/mri
mri_label2label --label-cortex ../surf/rh.white.preaparc aseg.presurf.mgz 0 ../label/rh.cortex.label
   Update not needed
#--------------------------------------------
#@# CortexLabel+HipAmyg rh Fri Mar 13 06:22:44 CET 2026
cd /out/sourcedata/freesurfer/sub-v2s4x29580_ses-1/mri
mri_label2label --label-cortex ../surf/rh.white.preaparc aseg.presurf.mgz 1 ../label/rh.cortex+hipamyg.label
   Update not needed
#@# white curv rh Fri Mar 13 06:22:44 CET 2026
cd /out/sourcedata/freesurfer/sub-v2s4x29580_ses-1/mri
mris_place_surface --curv-map ../surf/rh.white 2 10 ../surf/rh.curv
   Update not needed
#@# white area rh Fri Mar 13 06:22:44 CET 2026
cd /out/sourcedata/freesurfer/sub-v2s4x29580_ses-1/mri
mris_place_surface --area-map ../surf/rh.white ../surf/rh.area
   Update not needed
#@# pial curv rh Fri Mar 13 06:22:44 CET 2026
cd /out/sourcedata/freesurfer/sub-v2s4x29580_ses-1/mri
mris_place_surface --curv-map ../surf/rh.pial 2 10 ../surf/rh.curv.pial
   Update not needed
#@# pial area rh Fri Mar 13 06:22:44 CET 2026
cd /out/sourcedata/freesurfer/sub-v2s4x29580_ses-1/mri
mris_place_surface --area-map ../surf/rh.pial ../surf/rh.area.pial
   Update not needed
#@# thickness rh Fri Mar 13 06:22:44 CET 2026
cd /out/sourcedata/freesurfer/sub-v2s4x29580_ses-1/mri
mris_place_surface --thickness ../surf/rh.white ../surf/rh.pial 20 5 ../surf/rh.thickness
   Update not needed
#@# area and vertex vol rh Fri Mar 13 06:22:44 CET 2026
cd /out/sourcedata/freesurfer/sub-v2s4x29580_ses-1/mri
mris_place_surface --thickness ../surf/rh.white ../surf/rh.pial 20 5 ../surf/rh.thickness
   Update not needed
#-----------------------------------------
#@# Parcellation Stats rh Fri Mar 13 06:22:44 CET 2026
/out/sourcedata/freesurfer/sub-v2s4x29580_ses-1/scripts

 mris_anatomical_stats -th3 -mgz -noglobal -cortex ../label/rh.cortex.label -f ../stats/rh.aparc.stats -b -a ../label/rh.aparc.annot -c ../label/aparc.annot.ctab sub-v2s4x29580_ses-1 rh white 

computing statistics for each annotation in ../label/rh.aparc.annot.
reading volume /out/sourcedata/freesurfer/sub-v2s4x29580_ses-1/mri/wm.mgz...
reading input surface /out/sourcedata/freesurfer/sub-v2s4x29580_ses-1/surf/rh.white...
reading input pial surface /out/sourcedata/freesurfer/sub-v2s4x29580_ses-1/surf/rh.pial...
reading input white surface /out/sourcedata/freesurfer/sub-v2s4x29580_ses-1/surf/rh.white...
INFO: using TH3 volume calc
INFO: assuming MGZ format for volumes.
INFO: not computing global stats
INFO: using ../label/rh.cortex.label as mask to calc cortex NumVert, SurfArea and MeanThickness.
Using TH3 vertex volume calc
Total face volume 282730
Total vertex volume 282477 (mask=0)
Saving annotation colortable ../label/aparc.annot.ctab

table columns are:
    number of vertices
    total surface area (mm^2)
    total gray matter volume (mm^3)
    average cortical thickness +- standard deviation (mm)
    integrated rectified mean curvature
    integrated rectified Gaussian curvature
    folding index
    intrinsic curvature index
    structure name

 1517    993   2692  2.923 0.439     0.097     0.015        8     1.0  bankssts
  940    631   1860  2.383 0.888     0.121     0.019       10     0.8  caudalanteriorcingulate
 3314   2238   6750  2.861 0.411     0.102     0.019       24     2.6  caudalmiddlefrontal
 2762   1680   3523  1.983 0.529     0.132     0.027       32     3.4  cuneus
  813    548   2847  3.335 0.830     0.111     0.029        5     1.0  entorhinal
 4645   3326  11339  2.894 0.673     0.121     0.024       49     4.9  fusiform
 8764   6158  18417  2.777 0.530     0.123     0.025      103     9.6  inferiorparietal
 5563   3833  13579  2.941 0.751     0.115     0.024       66     5.9  inferiortemporal
 1639   1129   2998  2.339 0.918     0.116     0.026       20     1.7  isthmuscingulate
 7423   4953  11597  2.131 0.610     0.126     0.026       84     8.1  lateraloccipital
 5003   3542  11041  2.964 0.660     0.122     0.031       53     7.0  lateralorbitofrontal
 5199   3303   6526  1.849 0.633     0.116     0.027       50     6.1  lingual
 3220   2287   8207  3.046 0.705     0.124     0.024       48     3.4  medialorbitofrontal
 5969   4159  15416  3.015 0.727     0.113     0.022       63     5.6  middletemporal
  971    616   2305  3.192 0.780     0.096     0.018        7     0.7  parahippocampal
 2421   1409   3691  2.467 0.501     0.101     0.022       16     2.2  paracentral
 1907   1309   4275  3.015 0.433     0.106     0.021       15     1.7  parsopercularis
 1174    853   3268  3.120 0.470     0.126     0.027       16     1.2  parsorbitalis
 1920   1343   4635  3.020 0.493     0.109     0.020       18     1.5  parstriangularis
 2460   1540   2255  1.554 0.478     0.112     0.025       24     2.5  pericalcarine
 7100   4340   9511  2.021 0.687     0.093     0.017       48     5.1  postcentral
 1671   1142   3273  2.515 0.905     0.131     0.024       22     1.9  posteriorcingulate
 9103   5581  16653  2.766 0.613     0.097     0.021       60     7.8  precentral
 6319   4292  11541  2.559 0.506     0.114     0.022       63     5.9  precuneus
  835    532   2036  3.065 0.814     0.104     0.021       35     0.6  rostralanteriorcingulate
 8363   6075  20274  2.893 0.514     0.122     0.024       92     8.4  rostralmiddlefrontal
11172   7694  26725  3.094 0.547     0.115     0.025       92    11.6  superiorfrontal
10380   6772  16417  2.252 0.451     0.112     0.021       91     9.2  superiorparietal
 5189   3441  11717  2.977 0.645     0.100     0.020       49     4.3  superiortemporal
 6919   4707  13178  2.652 0.545     0.119     0.024       71     7.0  supramarginal
  528    449   1988  3.481 0.564     0.180     0.052       13     1.3  frontalpole
  631    507   3088  3.805 0.922     0.159     0.056       12     1.3  temporalpole
  534    341   1004  2.581 0.443     0.106     0.023        4     0.4  transversetemporal
 3360   2231   7852  3.437 0.823     0.098     0.024       24     3.1  insula

 mris_anatomical_stats -th3 -mgz -noglobal -cortex ../label/rh.cortex.label -f ../stats/rh.aparc.pial.stats -b -a ../label/rh.aparc.annot -c ../label/aparc.annot.ctab sub-v2s4x29580_ses-1 rh pial 

computing statistics for each annotation in ../label/rh.aparc.annot.
reading volume /out/sourcedata/freesurfer/sub-v2s4x29580_ses-1/mri/wm.mgz...
reading input surface /out/sourcedata/freesurfer/sub-v2s4x29580_ses-1/surf/rh.pial...
reading input pial surface /out/sourcedata/freesurfer/sub-v2s4x29580_ses-1/surf/rh.pial...
reading input white surface /out/sourcedata/freesurfer/sub-v2s4x29580_ses-1/surf/rh.white...
INFO: using TH3 volume calc
INFO: assuming MGZ format for volumes.
INFO: not computing global stats
INFO: using ../label/rh.cortex.label as mask to calc cortex NumVert, SurfArea and MeanThickness.
Using TH3 vertex volume calc
Total face volume 282730
Total vertex volume 282477 (mask=0)
Saving annotation colortable ../label/aparc.annot.ctab

table columns are:
    number of vertices
    total surface area (mm^2)
    total gray matter volume (mm^3)
    average cortical thickness +- standard deviation (mm)
    integrated rectified mean curvature
    integrated rectified Gaussian curvature
    folding index
    intrinsic curvature index
    structure name

 1517    851   2692  2.923 0.439     0.099     0.026       44     1.5  bankssts
  940    808   1860  2.383 0.888     0.133     0.028       19     0.9  caudalanteriorcingulate
 3314   2423   6750  2.861 0.411     0.102     0.022       60     2.5  caudalmiddlefrontal
 2762   1989   3523  1.983 0.529     0.116     0.025       33     2.5  cuneus
  813   1118   2847  3.335 0.830     0.305     0.098       32     5.0  entorhinal
 4645   4308  11339  2.894 0.673     0.146     0.032      234     6.8  fusiform
 8764   7199  18417  2.777 0.530     0.135     0.045      150    10.8  inferiorparietal
 5563   5106  13579  2.941 0.751     0.136     0.029      187     7.0  inferiortemporal
 1639   1363   2998  2.339 0.918     0.136     0.043       30     2.3  isthmuscingulate
 7423   5910  11597  2.131 0.610     0.125     0.040      265     7.5  lateraloccipital
 5003   4179  11041  2.964 0.660     0.151     0.055      268     9.5  lateralorbitofrontal
 5199   3891   6526  1.849 0.633     0.118     0.030      116     6.1  lingual
 3220   3047   8207  3.046 0.705     0.160     0.042      170     5.0  medialorbitofrontal
 5969   5751  15416  3.015 0.727     0.138     0.030      107     7.2  middletemporal
  971    822   2305  3.192 0.780     0.157     0.041       18     1.8  parahippocampal
 2421   1597   3691  2.467 0.501     0.097     0.019       28     1.8  paracentral
 1907   1518   4275  3.015 0.433     0.123     0.027       28     2.1  parsopercularis
 1174   1196   3268  3.120 0.470     0.174     0.318        7     1.4  parsorbitalis
 1920   1689   4635  3.020 0.493     0.129     0.024       25     2.1  parstriangularis
 2460   1460   2255  1.554 0.478     0.100     0.020       41     1.9  pericalcarine
 7100   5148   9511  2.021 0.687     0.098     0.017       60     5.2  postcentral
 1671   1383   3273  2.515 0.905     0.139     0.037       50     1.9  posteriorcingulate
 9103   6248  16653  2.766 0.613     0.093     0.019      128     6.8  precentral
 6319   4739  11541  2.559 0.506     0.123     0.027      114     6.5  precuneus
  835    739   2036  3.065 0.814     0.142     0.035       60     1.2  rostralanteriorcingulate
 8363   7610  20274  2.893 0.514     0.145     0.028      160    10.6  rostralmiddlefrontal
11172   9148  26725  3.094 0.547     0.124     0.027      219    11.2  superiorfrontal
10380   7689  16417  2.252 0.451     0.113     0.021      123     8.7  superiorparietal
 5189   4333  11717  2.977 0.645     0.123     0.024      101     5.5  superiortemporal
 6919   5129  13178  2.652 0.545     0.116     0.027      142     6.7  supramarginal
  528    702   1988  3.481 0.564     0.209     0.039       19     1.0  frontalpole
  631    984   3088  3.805 0.922     0.242     0.053       11     1.4  temporalpole
  534    464   1004  2.581 0.443     0.116     0.026        4     0.5  transversetemporal
 3360   2175   7852  3.437 0.823     0.123     0.033       80     4.5  insula
#-----------------------------------------
#@# Parcellation Stats 2 rh Fri Mar 13 06:23:05 CET 2026
/out/sourcedata/freesurfer/sub-v2s4x29580_ses-1/scripts

 mris_anatomical_stats -th3 -mgz -noglobal -cortex ../label/rh.cortex.label -f ../stats/rh.aparc.a2009s.stats -b -a ../label/rh.aparc.a2009s.annot -c ../label/aparc.annot.a2009s.ctab sub-v2s4x29580_ses-1 rh white 

computing statistics for each annotation in ../label/rh.aparc.a2009s.annot.
reading volume /out/sourcedata/freesurfer/sub-v2s4x29580_ses-1/mri/wm.mgz...
reading input surface /out/sourcedata/freesurfer/sub-v2s4x29580_ses-1/surf/rh.white...
reading input pial surface /out/sourcedata/freesurfer/sub-v2s4x29580_ses-1/surf/rh.pial...
reading input white surface /out/sourcedata/freesurfer/sub-v2s4x29580_ses-1/surf/rh.white...
INFO: using TH3 volume calc
INFO: assuming MGZ format for volumes.
INFO: not computing global stats
INFO: using ../label/rh.cortex.label as mask to calc cortex NumVert, SurfArea and MeanThickness.
Using TH3 vertex volume calc
Total face volume 282730
Total vertex volume 282477 (mask=0)
Saving annotation colortable ../label/aparc.annot.a2009s.ctab

table columns are:
    number of vertices
    total surface area (mm^2)
    total gray matter volume (mm^3)
    average cortical thickness +- standard deviation (mm)
    integrated rectified mean curvature
    integrated rectified Gaussian curvature
    folding index
    intrinsic curvature index
    structure name

 1067    797   2745  2.950 0.599     0.137     0.031       14     1.4  G_and_S_frontomargin
 1447    956   2427  2.361 0.502     0.116     0.019       15     1.2  G_and_S_occipital_inf
 1810    981   2644  2.282 0.502     0.104     0.024       14     1.9  G_and_S_paracentral
 1998   1335   4153  2.938 0.441     0.121     0.022       22     2.0  G_and_S_subcentral
 1313   1001   3936  3.081 0.561     0.132     0.030       17     1.6  G_and_S_transv_frontopol
 3189   2189   7595  3.128 0.624     0.117     0.022       30     2.9  G_and_S_cingul-Ant
 1377    969   2841  2.869 0.468     0.112     0.019       10     1.3  G_and_S_cingul-Mid-Ant
 1590   1092   3120  2.710 0.577     0.125     0.027       15     1.8  G_and_S_cingul-Mid-Post
  514    373   1509  2.973 0.906     0.150     0.035        7     0.8  G_cingul-Post-dorsal
  402    278    882  2.656 0.654     0.130     0.031        6     0.5  G_cingul-Post-ventral
 2770   1630   3508  1.957 0.539     0.130     0.027       34     3.3  G_cuneus
 1226    838   3603  3.204 0.359     0.120     0.029       15     1.3  G_front_inf-Opercular
  331    236   1074  3.110 0.434     0.133     0.031        6     0.4  G_front_inf-Orbital
  687    507   2332  3.278 0.481     0.120     0.026        8     0.6  G_front_inf-Triangul
 3619   2699  10890  3.021 0.490     0.139     0.031       57     4.9  G_front_middle
 7107   4844  19131  3.207 0.561     0.120     0.028       70     8.5  G_front_sup
  830    537   2019  3.575 0.997     0.098     0.029        5     0.9  G_Ins_lg_and_S_cent_ins
  599    433   2475  3.989 0.811     0.110     0.036        9     0.7  G_insular_short
 2136   1626   5871  2.816 0.521     0.135     0.032       35     3.0  G_occipital_middle
 1937   1208   3009  2.144 0.480     0.132     0.031       22     2.5  G_occipital_sup
 1994   1403   5447  3.045 0.626     0.131     0.028       26     2.5  G_oc-temp_lat-fusifor
 3299   2089   4341  1.849 0.644     0.128     0.030       40     4.2  G_oc-temp_med-Lingual
 1323    871   4244  3.367 0.860     0.107     0.028       11     1.6  G_oc-temp_med-Parahip
 3162   2300   9271  3.098 0.673     0.130     0.032       47     4.4  G_orbital
 4259   2916  10312  2.834 0.535     0.130     0.028       58     5.1  G_pariet_inf-Angular
 3036   2098   7409  2.876 0.536     0.126     0.027       39     3.5  G_pariet_inf-Supramar
 2950   1972   5496  2.337 0.440     0.106     0.018       29     2.2  G_parietal_sup
 2603   1468   3380  1.921 0.481     0.095     0.018       17     2.1  G_postcentral
 3638   2001   8065  2.998 0.601     0.096     0.024       29     3.3  G_precentral
 2914   1951   6453  2.667 0.483     0.125     0.025       42     3.0  G_precuneus
  950    710   2845  2.945 0.714     0.135     0.034       19     1.4  G_rectus
  654    511   1538  3.002 0.835     0.195     0.058       39     1.9  G_subcallosal
  433    253    892  2.717 0.436     0.111     0.021        4     0.4  G_temp_sup-G_T_transv
 1684   1146   5061  3.166 0.626     0.117     0.031       27     1.9  G_temp_sup-Lateral
  889    580   2316  3.772 0.753     0.076     0.014        3     0.5  G_temp_sup-Plan_polar
  774    524   1444  2.688 0.327     0.079     0.010        3     0.3  G_temp_sup-Plan_tempo
 2985   2095   8931  3.126 0.776     0.126     0.030       48     3.7  G_temporal_inf
 3394   2396  10492  3.199 0.691     0.123     0.026       44     3.5  G_temporal_middle
  468    319    741  2.725 0.397     0.092     0.012        2     0.2  Lat_Fis-ant-Horizont
  268    198    486  2.791 0.393     0.106     0.012        1     0.2  Lat_Fis-ant-Vertical
 1507    984   2128  2.695 0.483     0.099     0.019        7     1.2  Lat_Fis-post
 3479   2168   4425  1.826 0.667     0.121     0.025       33     3.9  Pole_occipital
 1724   1360   7863  3.605 0.753     0.151     0.043       32     3.2  Pole_temporal
 2785   1802   2915  1.757 0.587     0.112     0.025       25     2.9  S_calcarine
 3415   2215   3689  1.921 0.628     0.089     0.017       16     2.5  S_central
 1109    753   1718  2.534 0.474     0.095     0.017        6     0.7  S_cingul-Marginalis
  822    535   1405  3.156 0.542     0.082     0.015        3     0.5  S_circular_insula_ant
 1113    726   1763  3.028 0.732     0.084     0.013        4     0.6  S_circular_insula_inf
 1542   1014   2458  2.916 0.435     0.088     0.016        5     1.1  S_circular_insula_sup
 1272    855   2113  2.583 0.521     0.082     0.012        5     0.7  S_collat_transv_ant
  336    246    328  1.668 0.412     0.148     0.030        4     0.4  S_collat_transv_post
 1866   1259   3197  2.721 0.435     0.106     0.019       14     1.5  S_front_inf
 2625   1789   4578  2.781 0.433     0.099     0.015       15     1.6  S_front_middle
 2278   1584   4492  2.859 0.450     0.092     0.016       11     1.5  S_front_sup
  592    408    855  2.498 0.416     0.101     0.020        3     0.5  S_interm_prim-Jensen
 4732   3141   6953  2.371 0.436     0.107     0.019       34     4.0  S_intrapariet_and_P_trans
  906    622   1154  2.161 0.544     0.103     0.018        6     0.6  S_oc_middle_and_Lunatus
 1868   1249   2437  2.173 0.402     0.112     0.022       15     1.5  S_oc_sup_and_transversal
  670    483    845  2.074 0.455     0.135     0.029        7     0.8  S_occipital_ant
 1172    837   2367  2.779 0.470     0.111     0.020       11     1.1  S_oc-temp_lat
 2250   1537   3589  2.538 0.675     0.100     0.017       13     1.6  S_oc-temp_med_and_Lingual
  475    328    706  2.731 0.300     0.109     0.018        2     0.4  S_orbital_lateral
  778    514   1209  2.638 0.616     0.096     0.014        5     0.4  S_orbital_med-olfact
 1718   1199   3557  3.087 0.518     0.115     0.025       16     2.0  S_orbital-H_Shaped
 2247   1489   3282  2.379 0.507     0.104     0.019       15     1.9  S_parieto_occipital
 1450    898   1041  1.501 0.495     0.110     0.016       20     1.0  S_pericallosal
 3574   2319   4092  1.941 0.483     0.110     0.020       31     3.1  S_postcentral
 2066   1372   3358  2.852 0.462     0.093     0.016       11     1.5  S_precentral-inf-part
 1495    994   2290  2.722 0.430     0.088     0.014        6     0.9  S_precentral-sup-part
  485    348   1000  3.061 0.681     0.106     0.014        6     0.3  S_suborbital
 1528   1062   2627  2.615 0.537     0.111     0.022       10     1.4  S_subparietal
 1765   1163   2303  2.490 0.558     0.098     0.016       10     1.2  S_temporal_inf
 6180   4170  10442  2.785 0.510     0.104     0.018       43     5.1  S_temporal_sup
  278    199    367  2.477 0.380     0.128     0.015        3     0.2  S_temporal_transverse
#-----------------------------------------
#@# Parcellation Stats 3 rh Fri Mar 13 06:23:15 CET 2026
/out/sourcedata/freesurfer/sub-v2s4x29580_ses-1/scripts

 mris_anatomical_stats -th3 -mgz -noglobal -cortex ../label/rh.cortex.label -f ../stats/rh.aparc.DKTatlas.stats -b -a ../label/rh.aparc.DKTatlas.annot -c ../label/aparc.annot.DKTatlas.ctab sub-v2s4x29580_ses-1 rh white 

computing statistics for each annotation in ../label/rh.aparc.DKTatlas.annot.
reading volume /out/sourcedata/freesurfer/sub-v2s4x29580_ses-1/mri/wm.mgz...
reading input surface /out/sourcedata/freesurfer/sub-v2s4x29580_ses-1/surf/rh.white...
reading input pial surface /out/sourcedata/freesurfer/sub-v2s4x29580_ses-1/surf/rh.pial...
reading input white surface /out/sourcedata/freesurfer/sub-v2s4x29580_ses-1/surf/rh.white...
INFO: using TH3 volume calc
INFO: assuming MGZ format for volumes.
INFO: not computing global stats
INFO: using ../label/rh.cortex.label as mask to calc cortex NumVert, SurfArea and MeanThickness.
Using TH3 vertex volume calc
Total face volume 282730
Total vertex volume 282477 (mask=0)
Saving annotation colortable ../label/aparc.annot.DKTatlas.ctab

table columns are:
    number of vertices
    total surface area (mm^2)
    total gray matter volume (mm^3)
    average cortical thickness +- standard deviation (mm)
    integrated rectified mean curvature
    integrated rectified Gaussian curvature
    folding index
    intrinsic curvature index
    structure name

 1019    682   1982  2.380 0.892     0.121     0.018       11     0.9  caudalanteriorcingulate
 3449   2337   7145  2.877 0.415     0.104     0.019       25     2.8  caudalmiddlefrontal
 3463   2098   4628  2.043 0.519     0.123     0.025       37     3.9  cuneus
  756    499   2475  3.299 0.828     0.108     0.028        5     0.9  entorhinal
 4215   3000   9687  2.830 0.630     0.119     0.023       42     4.3  fusiform
 8826   6198  18474  2.772 0.528     0.124     0.026      103     9.8  inferiorparietal
 5957   4159  15351  2.984 0.764     0.116     0.025       72     6.5  inferiortemporal
 1637   1121   2951  2.339 0.896     0.115     0.026       20     1.6  isthmuscingulate
 7440   4944  11602  2.114 0.612     0.127     0.026       83     8.1  lateraloccipital
 5173   3698  12506  3.013 0.656     0.122     0.030       59     6.8  lateralorbitofrontal
 5072   3253   6314  1.821 0.621     0.117     0.027       49     6.1  lingual
 2400   1775   6234  3.015 0.759     0.138     0.033       39     3.8  medialorbitofrontal
 7120   4930  17439  2.973 0.704     0.112     0.021       71     6.5  middletemporal
 1057    679   2500  3.201 0.785     0.093     0.017        7     0.7  parahippocampal
 2547   1486   3975  2.496 0.518     0.100     0.021       16     2.3  paracentral
 2205   1520   5087  3.010 0.442     0.106     0.021       18     1.9  parsopercularis
 1040    709   2463  2.980 0.465     0.104     0.020       11     0.8  parsorbitalis
 1835   1281   4162  3.000 0.502     0.110     0.021       16     1.4  parstriangularis
 2467   1531   2287  1.581 0.506     0.111     0.025       24     2.4  pericalcarine
 7976   4885  10512  2.023 0.666     0.095     0.018       55     6.0  postcentral
 1787   1234   3604  2.543 0.893     0.131     0.026       23     2.2  posteriorcingulate
 8693   5314  16069  2.771 0.614     0.097     0.021       58     7.4  precentral
 6355   4339  11751  2.559 0.515     0.116     0.022       64     5.9  precuneus
 1145    754   2505  2.951 0.767     0.114     0.022       38     1.1  rostralanteriorcingulate
 5598   4023  13296  2.875 0.512     0.121     0.024       59     5.8  rostralmiddlefrontal
14748  10325  35933  3.076 0.553     0.118     0.025      140    15.5  superiorfrontal
 8667   5687  13893  2.276 0.442     0.113     0.021       77     7.7  superiorparietal
 6792   4578  16619  3.067 0.702     0.105     0.024       68     6.5  superiortemporal
 6659   4518  12715  2.656 0.534     0.118     0.023       67     6.7  supramarginal
  519    330    996  2.613 0.460     0.108     0.023        4     0.4  transversetemporal
 3111   2068   7322  3.482 0.802     0.096     0.022       21     2.5  insula
/out/sourcedata/freesurfer/sub-v2s4x29580_ses-1/label
#--------------------------------------------
#@# BA_exvivo Labels rh Fri Mar 13 06:23:26 CET 2026

 mri_label2label --srcsubject fsaverage --srclabel /out/sourcedata/freesurfer/fsaverage/label/rh.BA1_exvivo.label --trgsubject sub-v2s4x29580_ses-1 --trglabel ./rh.BA1_exvivo.label --hemi rh --regmethod surface 


srclabel = /out/sourcedata/freesurfer/fsaverage/label/rh.BA1_exvivo.label
srcsubject = fsaverage
trgsubject = sub-v2s4x29580_ses-1
trglabel = ./rh.BA1_exvivo.label
regmethod = surface

srchemi = rh
trghemi = rh
trgsurface = white
srcsurfreg = sphere.reg
trgsurfreg = sphere.reg
usehash = 1
Use ProjAbs  = 0, 0
Use ProjFrac = 0, 0
DoPaint 0

SUBJECTS_DIR    /out/sourcedata/freesurfer
FREESURFER_HOME /opt/freesurfer
Loading source label.
Found 3962 points in source label.
Starting surface-based mapping
Reading source registration 
 /out/sourcedata/freesurfer/fsaverage/surf/rh.sphere.reg
Rescaling ...  original radius = 100
Reading target surface 
 /out/sourcedata/freesurfer/sub-v2s4x29580_ses-1/surf/rh.white
Reading target registration 
 /out/sourcedata/freesurfer/sub-v2s4x29580_ses-1/surf/rh.sphere.reg
Rescaling ...  original radius = 100
Building target registration hash (res=16).
Building source registration hash (res=16).
INFO: found  3962 nlabel points
Performing mapping from target back to the source label 148573
Number of reverse mapping hits = 354
Checking for and removing duplicates
Writing label file ./rh.BA1_exvivo.label 4316
mri_label2label: Done


 mri_label2label --srcsubject fsaverage --srclabel /out/sourcedata/freesurfer/fsaverage/label/rh.BA2_exvivo.label --trgsubject sub-v2s4x29580_ses-1 --trglabel ./rh.BA2_exvivo.label --hemi rh --regmethod surface 


srclabel = /out/sourcedata/freesurfer/fsaverage/label/rh.BA2_exvivo.label
srcsubject = fsaverage
trgsubject = sub-v2s4x29580_ses-1
trglabel = ./rh.BA2_exvivo.label
regmethod = surface

srchemi = rh
trghemi = rh
trgsurface = white
srcsurfreg = sphere.reg
trgsurfreg = sphere.reg
usehash = 1
Use ProjAbs  = 0, 0
Use ProjFrac = 0, 0
DoPaint 0

SUBJECTS_DIR    /out/sourcedata/freesurfer
FREESURFER_HOME /opt/freesurfer
Loading source label.
Found 6687 points in source label.
Starting surface-based mapping
Reading source registration 
 /out/sourcedata/freesurfer/fsaverage/surf/rh.sphere.reg
Rescaling ...  original radius = 100
Reading target surface 
 /out/sourcedata/freesurfer/sub-v2s4x29580_ses-1/surf/rh.white
Reading target registration 
 /out/sourcedata/freesurfer/sub-v2s4x29580_ses-1/surf/rh.sphere.reg
Rescaling ...  original radius = 100
Building target registration hash (res=16).
Building source registration hash (res=16).
INFO: found  6687 nlabel points
Performing mapping from target back to the source label 148573
Number of reverse mapping hits = 506
Checking for and removing duplicates
Writing label file ./rh.BA2_exvivo.label 7193
mri_label2label: Done


 mri_label2label --srcsubject fsaverage --srclabel /out/sourcedata/freesurfer/fsaverage/label/rh.BA3a_exvivo.label --trgsubject sub-v2s4x29580_ses-1 --trglabel ./rh.BA3a_exvivo.label --hemi rh --regmethod surface 


srclabel = /out/sourcedata/freesurfer/fsaverage/label/rh.BA3a_exvivo.label
srcsubject = fsaverage
trgsubject = sub-v2s4x29580_ses-1
trglabel = ./rh.BA3a_exvivo.label
regmethod = surface

srchemi = rh
trghemi = rh
trgsurface = white
srcsurfreg = sphere.reg
trgsurfreg = sphere.reg
usehash = 1
Use ProjAbs  = 0, 0
Use ProjFrac = 0, 0
DoPaint 0

SUBJECTS_DIR    /out/sourcedata/freesurfer
FREESURFER_HOME /opt/freesurfer
Loading source label.
Found 3980 points in source label.
Starting surface-based mapping
Reading source registration 
 /out/sourcedata/freesurfer/fsaverage/surf/rh.sphere.reg
Rescaling ...  original radius = 100
Reading target surface 
 /out/sourcedata/freesurfer/sub-v2s4x29580_ses-1/surf/rh.white
Reading target registration 
 /out/sourcedata/freesurfer/sub-v2s4x29580_ses-1/surf/rh.sphere.reg
Rescaling ...  original radius = 100
Building target registration hash (res=16).
Building source registration hash (res=16).
INFO: found  3980 nlabel points
Performing mapping from target back to the source label 148573
Number of reverse mapping hits = 71
Checking for and removing duplicates
Writing label file ./rh.BA3a_exvivo.label 4051
mri_label2label: Done


 mri_label2label --srcsubject fsaverage --srclabel /out/sourcedata/freesurfer/fsaverage/label/rh.BA3b_exvivo.label --trgsubject sub-v2s4x29580_ses-1 --trglabel ./rh.BA3b_exvivo.label --hemi rh --regmethod surface 


srclabel = /out/sourcedata/freesurfer/fsaverage/label/rh.BA3b_exvivo.label
srcsubject = fsaverage
trgsubject = sub-v2s4x29580_ses-1
trglabel = ./rh.BA3b_exvivo.label
regmethod = surface

srchemi = rh
trghemi = rh
trgsurface = white
srcsurfreg = sphere.reg
trgsurfreg = sphere.reg
usehash = 1
Use ProjAbs  = 0, 0
Use ProjFrac = 0, 0
DoPaint 0

SUBJECTS_DIR    /out/sourcedata/freesurfer
FREESURFER_HOME /opt/freesurfer
Loading source label.
Found 4522 points in source label.
Starting surface-based mapping
Reading source registration 
 /out/sourcedata/freesurfer/fsaverage/surf/rh.sphere.reg
Rescaling ...  original radius = 100
Reading target surface 
 /out/sourcedata/freesurfer/sub-v2s4x29580_ses-1/surf/rh.white
Reading target registration 
 /out/sourcedata/freesurfer/sub-v2s4x29580_ses-1/surf/rh.sphere.reg
Rescaling ...  original radius = 100
Building target registration hash (res=16).
Building source registration hash (res=16).
INFO: found  4522 nlabel points
Performing mapping from target back to the source label 148573
Number of reverse mapping hits = 246
Checking for and removing duplicates
Writing label file ./rh.BA3b_exvivo.label 4768
mri_label2label: Done


 mri_label2label --srcsubject fsaverage --srclabel /out/sourcedata/freesurfer/fsaverage/label/rh.BA4a_exvivo.label --trgsubject sub-v2s4x29580_ses-1 --trglabel ./rh.BA4a_exvivo.label --hemi rh --regmethod surface 


srclabel = /out/sourcedata/freesurfer/fsaverage/label/rh.BA4a_exvivo.label
srcsubject = fsaverage
trgsubject = sub-v2s4x29580_ses-1
trglabel = ./rh.BA4a_exvivo.label
regmethod = surface

srchemi = rh
trghemi = rh
trgsurface = white
srcsurfreg = sphere.reg
trgsurfreg = sphere.reg
usehash = 1
Use ProjAbs  = 0, 0
Use ProjFrac = 0, 0
DoPaint 0

SUBJECTS_DIR    /out/sourcedata/freesurfer
FREESURFER_HOME /opt/freesurfer
Loading source label.
Found 5747 points in source label.
Starting surface-based mapping
Reading source registration 
 /out/sourcedata/freesurfer/fsaverage/surf/rh.sphere.reg
Rescaling ...  original radius = 100
Reading target surface 
 /out/sourcedata/freesurfer/sub-v2s4x29580_ses-1/surf/rh.white
Reading target registration 
 /out/sourcedata/freesurfer/sub-v2s4x29580_ses-1/surf/rh.sphere.reg
Rescaling ...  original radius = 100
Building target registration hash (res=16).
Building source registration hash (res=16).
INFO: found  5747 nlabel points
Performing mapping from target back to the source label 148573
Number of reverse mapping hits = 612
Checking for and removing duplicates
Writing label file ./rh.BA4a_exvivo.label 6359
mri_label2label: Done


 mri_label2label --srcsubject fsaverage --srclabel /out/sourcedata/freesurfer/fsaverage/label/rh.BA4p_exvivo.label --trgsubject sub-v2s4x29580_ses-1 --trglabel ./rh.BA4p_exvivo.label --hemi rh --regmethod surface 


srclabel = /out/sourcedata/freesurfer/fsaverage/label/rh.BA4p_exvivo.label
srcsubject = fsaverage
trgsubject = sub-v2s4x29580_ses-1
trglabel = ./rh.BA4p_exvivo.label
regmethod = surface

srchemi = rh
trghemi = rh
trgsurface = white
srcsurfreg = sphere.reg
trgsurfreg = sphere.reg
usehash = 1
Use ProjAbs  = 0, 0
Use ProjFrac = 0, 0
DoPaint 0

SUBJECTS_DIR    /out/sourcedata/freesurfer
FREESURFER_HOME /opt/freesurfer
Loading source label.
Found 4473 points in source label.
Starting surface-based mapping
Reading source registration 
 /out/sourcedata/freesurfer/fsaverage/surf/rh.sphere.reg
Rescaling ...  original radius = 100
Reading target surface 
 /out/sourcedata/freesurfer/sub-v2s4x29580_ses-1/surf/rh.white
Reading target registration 
 /out/sourcedata/freesurfer/sub-v2s4x29580_ses-1/surf/rh.sphere.reg
Rescaling ...  original radius = 100
Building target registration hash (res=16).
Building source registration hash (res=16).
INFO: found  4473 nlabel points
Performing mapping from target back to the source label 148573
Number of reverse mapping hits = 305
Checking for and removing duplicates
Writing label file ./rh.BA4p_exvivo.label 4778
mri_label2label: Done


 mri_label2label --srcsubject fsaverage --srclabel /out/sourcedata/freesurfer/fsaverage/label/rh.BA6_exvivo.label --trgsubject sub-v2s4x29580_ses-1 --trglabel ./rh.BA6_exvivo.label --hemi rh --regmethod surface 


srclabel = /out/sourcedata/freesurfer/fsaverage/label/rh.BA6_exvivo.label
srcsubject = fsaverage
trgsubject = sub-v2s4x29580_ses-1
trglabel = ./rh.BA6_exvivo.label
regmethod = surface

srchemi = rh
trghemi = rh
trgsurface = white
srcsurfreg = sphere.reg
trgsurfreg = sphere.reg
usehash = 1
Use ProjAbs  = 0, 0
Use ProjFrac = 0, 0
DoPaint 0

SUBJECTS_DIR    /out/sourcedata/freesurfer
FREESURFER_HOME /opt/freesurfer
Loading source label.
Found 12256 points in source label.
Starting surface-based mapping
Reading source registration 
 /out/sourcedata/freesurfer/fsaverage/surf/rh.sphere.reg
Rescaling ...  original radius = 100
Reading target surface 
 /out/sourcedata/freesurfer/sub-v2s4x29580_ses-1/surf/rh.white
Reading target registration 
 /out/sourcedata/freesurfer/sub-v2s4x29580_ses-1/surf/rh.sphere.reg
Rescaling ...  original radius = 100
Building target registration hash (res=16).
Building source registration hash (res=16).
INFO: found  12256 nlabel points
Performing mapping from target back to the source label 148573
Number of reverse mapping hits = 1075
Checking for and removing duplicates
Writing label file ./rh.BA6_exvivo.label 13331
mri_label2label: Done


 mri_label2label --srcsubject fsaverage --srclabel /out/sourcedata/freesurfer/fsaverage/label/rh.BA44_exvivo.label --trgsubject sub-v2s4x29580_ses-1 --trglabel ./rh.BA44_exvivo.label --hemi rh --regmethod surface 


srclabel = /out/sourcedata/freesurfer/fsaverage/label/rh.BA44_exvivo.label
srcsubject = fsaverage
trgsubject = sub-v2s4x29580_ses-1
trglabel = ./rh.BA44_exvivo.label
regmethod = surface

srchemi = rh
trghemi = rh
trgsurface = white
srcsurfreg = sphere.reg
trgsurfreg = sphere.reg
usehash = 1
Use ProjAbs  = 0, 0
Use ProjFrac = 0, 0
DoPaint 0

SUBJECTS_DIR    /out/sourcedata/freesurfer
FREESURFER_HOME /opt/freesurfer
Loading source label.
Found 6912 points in source label.
Starting surface-based mapping
Reading source registration 
 /out/sourcedata/freesurfer/fsaverage/surf/rh.sphere.reg
Rescaling ...  original radius = 100
Reading target surface 
 /out/sourcedata/freesurfer/sub-v2s4x29580_ses-1/surf/rh.white
Reading target registration 
 /out/sourcedata/freesurfer/sub-v2s4x29580_ses-1/surf/rh.sphere.reg
Rescaling ...  original radius = 100
Building target registration hash (res=16).
Building source registration hash (res=16).
INFO: found  6912 nlabel points
Performing mapping from target back to the source label 148573
Number of reverse mapping hits = 442
Checking for and removing duplicates
Writing label file ./rh.BA44_exvivo.label 7354
mri_label2label: Done


 mri_label2label --srcsubject fsaverage --srclabel /out/sourcedata/freesurfer/fsaverage/label/rh.BA45_exvivo.label --trgsubject sub-v2s4x29580_ses-1 --trglabel ./rh.BA45_exvivo.label --hemi rh --regmethod surface 


srclabel = /out/sourcedata/freesurfer/fsaverage/label/rh.BA45_exvivo.label
srcsubject = fsaverage
trgsubject = sub-v2s4x29580_ses-1
trglabel = ./rh.BA45_exvivo.label
regmethod = surface

srchemi = rh
trghemi = rh
trgsurface = white
srcsurfreg = sphere.reg
trgsurfreg = sphere.reg
usehash = 1
Use ProjAbs  = 0, 0
Use ProjFrac = 0, 0
DoPaint 0

SUBJECTS_DIR    /out/sourcedata/freesurfer
FREESURFER_HOME /opt/freesurfer
Loading source label.
Found 5355 points in source label.
Starting surface-based mapping
Reading source registration 
 /out/sourcedata/freesurfer/fsaverage/surf/rh.sphere.reg
Rescaling ...  original radius = 100
Reading target surface 
 /out/sourcedata/freesurfer/sub-v2s4x29580_ses-1/surf/rh.white
Reading target registration 
 /out/sourcedata/freesurfer/sub-v2s4x29580_ses-1/surf/rh.sphere.reg
Rescaling ...  original radius = 100
Building target registration hash (res=16).
Building source registration hash (res=16).
INFO: found  5355 nlabel points
Performing mapping from target back to the source label 148573
Number of reverse mapping hits = 353
Checking for and removing duplicates
Writing label file ./rh.BA45_exvivo.label 5708
mri_label2label: Done


 mri_label2label --srcsubject fsaverage --srclabel /out/sourcedata/freesurfer/fsaverage/label/rh.V1_exvivo.label --trgsubject sub-v2s4x29580_ses-1 --trglabel ./rh.V1_exvivo.label --hemi rh --regmethod surface 


srclabel = /out/sourcedata/freesurfer/fsaverage/label/rh.V1_exvivo.label
srcsubject = fsaverage
trgsubject = sub-v2s4x29580_ses-1
trglabel = ./rh.V1_exvivo.label
regmethod = surface

srchemi = rh
trghemi = rh
trgsurface = white
srcsurfreg = sphere.reg
trgsurfreg = sphere.reg
usehash = 1
Use ProjAbs  = 0, 0
Use ProjFrac = 0, 0
DoPaint 0

SUBJECTS_DIR    /out/sourcedata/freesurfer
FREESURFER_HOME /opt/freesurfer
Loading source label.
Found 4727 points in source label.
Starting surface-based mapping
Reading source registration 
 /out/sourcedata/freesurfer/fsaverage/surf/rh.sphere.reg
Rescaling ...  original radius = 100
Reading target surface 
 /out/sourcedata/freesurfer/sub-v2s4x29580_ses-1/surf/rh.white
Reading target registration 
 /out/sourcedata/freesurfer/sub-v2s4x29580_ses-1/surf/rh.sphere.reg
Rescaling ...  original radius = 100
Building target registration hash (res=16).
Building source registration hash (res=16).
INFO: found  4727 nlabel points
Performing mapping from target back to the source label 148573
Number of reverse mapping hits = 1870
Checking for and removing duplicates
Writing label file ./rh.V1_exvivo.label 6597
mri_label2label: Done


 mri_label2label --srcsubject fsaverage --srclabel /out/sourcedata/freesurfer/fsaverage/label/rh.V2_exvivo.label --trgsubject sub-v2s4x29580_ses-1 --trglabel ./rh.V2_exvivo.label --hemi rh --regmethod surface 


srclabel = /out/sourcedata/freesurfer/fsaverage/label/rh.V2_exvivo.label
srcsubject = fsaverage
trgsubject = sub-v2s4x29580_ses-1
trglabel = ./rh.V2_exvivo.label
regmethod = surface

srchemi = rh
trghemi = rh
trgsurface = white
srcsurfreg = sphere.reg
trgsurfreg = sphere.reg
usehash = 1
Use ProjAbs  = 0, 0
Use ProjFrac = 0, 0
DoPaint 0

SUBJECTS_DIR    /out/sourcedata/freesurfer
FREESURFER_HOME /opt/freesurfer
Loading source label.
Found 8016 points in source label.
Starting surface-based mapping
Reading source registration 
 /out/sourcedata/freesurfer/fsaverage/surf/rh.sphere.reg
Rescaling ...  original radius = 100
Reading target surface 
 /out/sourcedata/freesurfer/sub-v2s4x29580_ses-1/surf/rh.white
Reading target registration 
 /out/sourcedata/freesurfer/sub-v2s4x29580_ses-1/surf/rh.sphere.reg
Rescaling ...  original radius = 100
Building target registration hash (res=16).
Building source registration hash (res=16).
INFO: found  8016 nlabel points
Performing mapping from target back to the source label 148573
Number of reverse mapping hits = 2899
Checking for and removing duplicates
Writing label file ./rh.V2_exvivo.label 10915
mri_label2label: Done


 mri_label2label --srcsubject fsaverage --srclabel /out/sourcedata/freesurfer/fsaverage/label/rh.MT_exvivo.label --trgsubject sub-v2s4x29580_ses-1 --trglabel ./rh.MT_exvivo.label --hemi rh --regmethod surface 


srclabel = /out/sourcedata/freesurfer/fsaverage/label/rh.MT_exvivo.label
srcsubject = fsaverage
trgsubject = sub-v2s4x29580_ses-1
trglabel = ./rh.MT_exvivo.label
regmethod = surface

srchemi = rh
trghemi = rh
trgsurface = white
srcsurfreg = sphere.reg
trgsurfreg = sphere.reg
usehash = 1
Use ProjAbs  = 0, 0
Use ProjFrac = 0, 0
DoPaint 0

SUBJECTS_DIR    /out/sourcedata/freesurfer
FREESURFER_HOME /opt/freesurfer
Loading source label.
Found 1932 points in source label.
Starting surface-based mapping
Reading source registration 
 /out/sourcedata/freesurfer/fsaverage/surf/rh.sphere.reg
Rescaling ...  original radius = 100
Reading target surface 
 /out/sourcedata/freesurfer/sub-v2s4x29580_ses-1/surf/rh.white
Reading target registration 
 /out/sourcedata/freesurfer/sub-v2s4x29580_ses-1/surf/rh.sphere.reg
Rescaling ...  original radius = 100
Building target registration hash (res=16).
Building source registration hash (res=16).
INFO: found  1932 nlabel points
Performing mapping from target back to the source label 148573
Number of reverse mapping hits = 297
Checking for and removing duplicates
Writing label file ./rh.MT_exvivo.label 2229
mri_label2label: Done


 mri_label2label --srcsubject fsaverage --srclabel /out/sourcedata/freesurfer/fsaverage/label/rh.entorhinal_exvivo.label --trgsubject sub-v2s4x29580_ses-1 --trglabel ./rh.entorhinal_exvivo.label --hemi rh --regmethod surface 


srclabel = /out/sourcedata/freesurfer/fsaverage/label/rh.entorhinal_exvivo.label
srcsubject = fsaverage
trgsubject = sub-v2s4x29580_ses-1
trglabel = ./rh.entorhinal_exvivo.label
regmethod = surface

srchemi = rh
trghemi = rh
trgsurface = white
srcsurfreg = sphere.reg
trgsurfreg = sphere.reg
usehash = 1
Use ProjAbs  = 0, 0
Use ProjFrac = 0, 0
DoPaint 0

SUBJECTS_DIR    /out/sourcedata/freesurfer
FREESURFER_HOME /opt/freesurfer
Loading source label.
Found 1038 points in source label.
Starting surface-based mapping
Reading source registration 
 /out/sourcedata/freesurfer/fsaverage/surf/rh.sphere.reg
Rescaling ...  original radius = 100
Reading target surface 
 /out/sourcedata/freesurfer/sub-v2s4x29580_ses-1/surf/rh.white
Reading target registration 
 /out/sourcedata/freesurfer/sub-v2s4x29580_ses-1/surf/rh.sphere.reg
Rescaling ...  original radius = 100
Building target registration hash (res=16).
Building source registration hash (res=16).
INFO: found  1038 nlabel points
Performing mapping from target back to the source label 148573
Number of reverse mapping hits = 136
Checking for and removing duplicates
Writing label file ./rh.entorhinal_exvivo.label 1174
mri_label2label: Done


 mri_label2label --srcsubject fsaverage --srclabel /out/sourcedata/freesurfer/fsaverage/label/rh.perirhinal_exvivo.label --trgsubject sub-v2s4x29580_ses-1 --trglabel ./rh.perirhinal_exvivo.label --hemi rh --regmethod surface 


srclabel = /out/sourcedata/freesurfer/fsaverage/label/rh.perirhinal_exvivo.label
srcsubject = fsaverage
trgsubject = sub-v2s4x29580_ses-1
trglabel = ./rh.perirhinal_exvivo.label
regmethod = surface

srchemi = rh
trghemi = rh
trgsurface = white
srcsurfreg = sphere.reg
trgsurfreg = sphere.reg
usehash = 1
Use ProjAbs  = 0, 0
Use ProjFrac = 0, 0
DoPaint 0

SUBJECTS_DIR    /out/sourcedata/freesurfer
FREESURFER_HOME /opt/freesurfer
Loading source label.
Found 752 points in source label.
Starting surface-based mapping
Reading source registration 
 /out/sourcedata/freesurfer/fsaverage/surf/rh.sphere.reg
Rescaling ...  original radius = 100
Reading target surface 
 /out/sourcedata/freesurfer/sub-v2s4x29580_ses-1/surf/rh.white
Reading target registration 
 /out/sourcedata/freesurfer/sub-v2s4x29580_ses-1/surf/rh.sphere.reg
Rescaling ...  original radius = 100
Building target registration hash (res=16).
Building source registration hash (res=16).
INFO: found  752 nlabel points
Performing mapping from target back to the source label 148573
Number of reverse mapping hits = 107
Checking for and removing duplicates
Writing label file ./rh.perirhinal_exvivo.label 859
mri_label2label: Done


 mri_label2label --srcsubject fsaverage --srclabel /out/sourcedata/freesurfer/fsaverage/label/rh.FG1.mpm.vpnl.label --trgsubject sub-v2s4x29580_ses-1 --trglabel ./rh.FG1.mpm.vpnl.label --hemi rh --regmethod surface 


srclabel = /out/sourcedata/freesurfer/fsaverage/label/rh.FG1.mpm.vpnl.label
srcsubject = fsaverage
trgsubject = sub-v2s4x29580_ses-1
trglabel = ./rh.FG1.mpm.vpnl.label
regmethod = surface

srchemi = rh
trghemi = rh
trgsurface = white
srcsurfreg = sphere.reg
trgsurfreg = sphere.reg
usehash = 1
Use ProjAbs  = 0, 0
Use ProjFrac = 0, 0
DoPaint 0

SUBJECTS_DIR    /out/sourcedata/freesurfer
FREESURFER_HOME /opt/freesurfer
Loading source label.
Found 541 points in source label.
Starting surface-based mapping
Reading source registration 
 /out/sourcedata/freesurfer/fsaverage/surf/rh.sphere.reg
Rescaling ...  original radius = 100
Reading target surface 
 /out/sourcedata/freesurfer/sub-v2s4x29580_ses-1/surf/rh.white
Reading target registration 
 /out/sourcedata/freesurfer/sub-v2s4x29580_ses-1/surf/rh.sphere.reg
Rescaling ...  original radius = 100
Building target registration hash (res=16).
Building source registration hash (res=16).
INFO: found  541 nlabel points
Performing mapping from target back to the source label 148573
Number of reverse mapping hits = 255
Checking for and removing duplicates
Writing label file ./rh.FG1.mpm.vpnl.label 796
mri_label2label: Done


 mri_label2label --srcsubject fsaverage --srclabel /out/sourcedata/freesurfer/fsaverage/label/rh.FG2.mpm.vpnl.label --trgsubject sub-v2s4x29580_ses-1 --trglabel ./rh.FG2.mpm.vpnl.label --hemi rh --regmethod surface 


srclabel = /out/sourcedata/freesurfer/fsaverage/label/rh.FG2.mpm.vpnl.label
srcsubject = fsaverage
trgsubject = sub-v2s4x29580_ses-1
trglabel = ./rh.FG2.mpm.vpnl.label
regmethod = surface

srchemi = rh
trghemi = rh
trgsurface = white
srcsurfreg = sphere.reg
trgsurfreg = sphere.reg
usehash = 1
Use ProjAbs  = 0, 0
Use ProjFrac = 0, 0
DoPaint 0

SUBJECTS_DIR    /out/sourcedata/freesurfer
FREESURFER_HOME /opt/freesurfer
Loading source label.
Found 721 points in source label.
Starting surface-based mapping
Reading source registration 
 /out/sourcedata/freesurfer/fsaverage/surf/rh.sphere.reg
Rescaling ...  original radius = 100
Reading target surface 
 /out/sourcedata/freesurfer/sub-v2s4x29580_ses-1/surf/rh.white
Reading target registration 
 /out/sourcedata/freesurfer/sub-v2s4x29580_ses-1/surf/rh.sphere.reg
Rescaling ...  original radius = 100
Building target registration hash (res=16).
Building source registration hash (res=16).
INFO: found  721 nlabel points
Performing mapping from target back to the source label 148573
Number of reverse mapping hits = 217
Checking for and removing duplicates
Writing label file ./rh.FG2.mpm.vpnl.label 938
mri_label2label: Done


 mri_label2label --srcsubject fsaverage --srclabel /out/sourcedata/freesurfer/fsaverage/label/rh.FG3.mpm.vpnl.label --trgsubject sub-v2s4x29580_ses-1 --trglabel ./rh.FG3.mpm.vpnl.label --hemi rh --regmethod surface 


srclabel = /out/sourcedata/freesurfer/fsaverage/label/rh.FG3.mpm.vpnl.label
srcsubject = fsaverage
trgsubject = sub-v2s4x29580_ses-1
trglabel = ./rh.FG3.mpm.vpnl.label
regmethod = surface

srchemi = rh
trghemi = rh
trgsurface = white
srcsurfreg = sphere.reg
trgsurfreg = sphere.reg
usehash = 1
Use ProjAbs  = 0, 0
Use ProjFrac = 0, 0
DoPaint 0

SUBJECTS_DIR    /out/sourcedata/freesurfer
FREESURFER_HOME /opt/freesurfer
Loading source label.
Found 1523 points in source label.
Starting surface-based mapping
Reading source registration 
 /out/sourcedata/freesurfer/fsaverage/surf/rh.sphere.reg
Rescaling ...  original radius = 100
Reading target surface 
 /out/sourcedata/freesurfer/sub-v2s4x29580_ses-1/surf/rh.white
Reading target registration 
 /out/sourcedata/freesurfer/sub-v2s4x29580_ses-1/surf/rh.sphere.reg
Rescaling ...  original radius = 100
Building target registration hash (res=16).
Building source registration hash (res=16).
INFO: found  1523 nlabel points
Performing mapping from target back to the source label 148573
Number of reverse mapping hits = 223
Checking for and removing duplicates
Writing label file ./rh.FG3.mpm.vpnl.label 1746
mri_label2label: Done


 mri_label2label --srcsubject fsaverage --srclabel /out/sourcedata/freesurfer/fsaverage/label/rh.FG4.mpm.vpnl.label --trgsubject sub-v2s4x29580_ses-1 --trglabel ./rh.FG4.mpm.vpnl.label --hemi rh --regmethod surface 


srclabel = /out/sourcedata/freesurfer/fsaverage/label/rh.FG4.mpm.vpnl.label
srcsubject = fsaverage
trgsubject = sub-v2s4x29580_ses-1
trglabel = ./rh.FG4.mpm.vpnl.label
regmethod = surface

srchemi = rh
trghemi = rh
trgsurface = white
srcsurfreg = sphere.reg
trgsurfreg = sphere.reg
usehash = 1
Use ProjAbs  = 0, 0
Use ProjFrac = 0, 0
DoPaint 0

SUBJECTS_DIR    /out/sourcedata/freesurfer
FREESURFER_HOME /opt/freesurfer
Loading source label.
Found 1586 points in source label.
Starting surface-based mapping
Reading source registration 
 /out/sourcedata/freesurfer/fsaverage/surf/rh.sphere.reg
Rescaling ...  original radius = 100
Reading target surface 
 /out/sourcedata/freesurfer/sub-v2s4x29580_ses-1/surf/rh.white
Reading target registration 
 /out/sourcedata/freesurfer/sub-v2s4x29580_ses-1/surf/rh.sphere.reg
Rescaling ...  original radius = 100
Building target registration hash (res=16).
Building source registration hash (res=16).
INFO: found  1586 nlabel points
Performing mapping from target back to the source label 148573
Number of reverse mapping hits = 284
Checking for and removing duplicates
Writing label file ./rh.FG4.mpm.vpnl.label 1870
mri_label2label: Done


 mri_label2label --srcsubject fsaverage --srclabel /out/sourcedata/freesurfer/fsaverage/label/rh.hOc1.mpm.vpnl.label --trgsubject sub-v2s4x29580_ses-1 --trglabel ./rh.hOc1.mpm.vpnl.label --hemi rh --regmethod surface 


srclabel = /out/sourcedata/freesurfer/fsaverage/label/rh.hOc1.mpm.vpnl.label
srcsubject = fsaverage
trgsubject = sub-v2s4x29580_ses-1
trglabel = ./rh.hOc1.mpm.vpnl.label
regmethod = surface

srchemi = rh
trghemi = rh
trgsurface = white
srcsurfreg = sphere.reg
trgsurfreg = sphere.reg
usehash = 1
Use ProjAbs  = 0, 0
Use ProjFrac = 0, 0
DoPaint 0

SUBJECTS_DIR    /out/sourcedata/freesurfer
FREESURFER_HOME /opt/freesurfer
Loading source label.
Found 3667 points in source label.
Starting surface-based mapping
Reading source registration 
 /out/sourcedata/freesurfer/fsaverage/surf/rh.sphere.reg
Rescaling ...  original radius = 100
Reading target surface 
 /out/sourcedata/freesurfer/sub-v2s4x29580_ses-1/surf/rh.white
Reading target registration 
 /out/sourcedata/freesurfer/sub-v2s4x29580_ses-1/surf/rh.sphere.reg
Rescaling ...  original radius = 100
Building target registration hash (res=16).
Building source registration hash (res=16).
INFO: found  3667 nlabel points
Performing mapping from target back to the source label 148573
Number of reverse mapping hits = 1514
Checking for and removing duplicates
Writing label file ./rh.hOc1.mpm.vpnl.label 5181
mri_label2label: Done


 mri_label2label --srcsubject fsaverage --srclabel /out/sourcedata/freesurfer/fsaverage/label/rh.hOc2.mpm.vpnl.label --trgsubject sub-v2s4x29580_ses-1 --trglabel ./rh.hOc2.mpm.vpnl.label --hemi rh --regmethod surface 


srclabel = /out/sourcedata/freesurfer/fsaverage/label/rh.hOc2.mpm.vpnl.label
srcsubject = fsaverage
trgsubject = sub-v2s4x29580_ses-1
trglabel = ./rh.hOc2.mpm.vpnl.label
regmethod = surface

srchemi = rh
trghemi = rh
trgsurface = white
srcsurfreg = sphere.reg
trgsurfreg = sphere.reg
usehash = 1
Use ProjAbs  = 0, 0
Use ProjFrac = 0, 0
DoPaint 0

SUBJECTS_DIR    /out/sourcedata/freesurfer
FREESURFER_HOME /opt/freesurfer
Loading source label.
Found 2719 points in source label.
Starting surface-based mapping
Reading source registration 
 /out/sourcedata/freesurfer/fsaverage/surf/rh.sphere.reg
Rescaling ...  original radius = 100
Reading target surface 
 /out/sourcedata/freesurfer/sub-v2s4x29580_ses-1/surf/rh.white
Reading target registration 
 /out/sourcedata/freesurfer/sub-v2s4x29580_ses-1/surf/rh.sphere.reg
Rescaling ...  original radius = 100
Building target registration hash (res=16).
Building source registration hash (res=16).
INFO: found  2719 nlabel points
Performing mapping from target back to the source label 148573
Number of reverse mapping hits = 1128
Checking for and removing duplicates
Writing label file ./rh.hOc2.mpm.vpnl.label 3847
mri_label2label: Done


 mri_label2label --srcsubject fsaverage --srclabel /out/sourcedata/freesurfer/fsaverage/label/rh.hOc3v.mpm.vpnl.label --trgsubject sub-v2s4x29580_ses-1 --trglabel ./rh.hOc3v.mpm.vpnl.label --hemi rh --regmethod surface 


srclabel = /out/sourcedata/freesurfer/fsaverage/label/rh.hOc3v.mpm.vpnl.label
srcsubject = fsaverage
trgsubject = sub-v2s4x29580_ses-1
trglabel = ./rh.hOc3v.mpm.vpnl.label
regmethod = surface

srchemi = rh
trghemi = rh
trgsurface = white
srcsurfreg = sphere.reg
trgsurfreg = sphere.reg
usehash = 1
Use ProjAbs  = 0, 0
Use ProjFrac = 0, 0
DoPaint 0

SUBJECTS_DIR    /out/sourcedata/freesurfer
FREESURFER_HOME /opt/freesurfer
Loading source label.
Found 1228 points in source label.
Starting surface-based mapping
Reading source registration 
 /out/sourcedata/freesurfer/fsaverage/surf/rh.sphere.reg
Rescaling ...  original radius = 100
Reading target surface 
 /out/sourcedata/freesurfer/sub-v2s4x29580_ses-1/surf/rh.white
Reading target registration 
 /out/sourcedata/freesurfer/sub-v2s4x29580_ses-1/surf/rh.sphere.reg
Rescaling ...  original radius = 100
Building target registration hash (res=16).
Building source registration hash (res=16).
INFO: found  1228 nlabel points
Performing mapping from target back to the source label 148573
Number of reverse mapping hits = 383
Checking for and removing duplicates
Writing label file ./rh.hOc3v.mpm.vpnl.label 1611
mri_label2label: Done


 mri_label2label --srcsubject fsaverage --srclabel /out/sourcedata/freesurfer/fsaverage/label/rh.hOc4v.mpm.vpnl.label --trgsubject sub-v2s4x29580_ses-1 --trglabel ./rh.hOc4v.mpm.vpnl.label --hemi rh --regmethod surface 


srclabel = /out/sourcedata/freesurfer/fsaverage/label/rh.hOc4v.mpm.vpnl.label
srcsubject = fsaverage
trgsubject = sub-v2s4x29580_ses-1
trglabel = ./rh.hOc4v.mpm.vpnl.label
regmethod = surface

srchemi = rh
trghemi = rh
trgsurface = white
srcsurfreg = sphere.reg
trgsurfreg = sphere.reg
usehash = 1
Use ProjAbs  = 0, 0
Use ProjFrac = 0, 0
DoPaint 0

SUBJECTS_DIR    /out/sourcedata/freesurfer
FREESURFER_HOME /opt/freesurfer
Loading source label.
Found 1025 points in source label.
Starting surface-based mapping
Reading source registration 
 /out/sourcedata/freesurfer/fsaverage/surf/rh.sphere.reg
Rescaling ...  original radius = 100
Reading target surface 
 /out/sourcedata/freesurfer/sub-v2s4x29580_ses-1/surf/rh.white
Reading target registration 
 /out/sourcedata/freesurfer/sub-v2s4x29580_ses-1/surf/rh.sphere.reg
Rescaling ...  original radius = 100
Building target registration hash (res=16).
Building source registration hash (res=16).
INFO: found  1025 nlabel points
Performing mapping from target back to the source label 148573
Number of reverse mapping hits = 451
Checking for and removing duplicates
Writing label file ./rh.hOc4v.mpm.vpnl.label 1476
mri_label2label: Done


 mris_label2annot --s sub-v2s4x29580_ses-1 --ctab /opt/freesurfer/average/colortable_vpnl.txt --hemi rh --a mpm.vpnl --maxstatwinner --noverbose --l rh.FG1.mpm.vpnl.label --l rh.FG2.mpm.vpnl.label --l rh.FG3.mpm.vpnl.label --l rh.FG4.mpm.vpnl.label --l rh.hOc1.mpm.vpnl.label --l rh.hOc2.mpm.vpnl.label --l rh.hOc3v.mpm.vpnl.label --l rh.hOc4v.mpm.vpnl.label 

Reading ctab /opt/freesurfer/average/colortable_vpnl.txt
Number of ctab entries 9

7.3.2
cwd /out/sourcedata/freesurfer/sub-v2s4x29580_ses-1/label
cmdline mris_label2annot --s sub-v2s4x29580_ses-1 --ctab /opt/freesurfer/average/colortable_vpnl.txt --hemi rh --a mpm.vpnl --maxstatwinner --noverbose --l rh.FG1.mpm.vpnl.label --l rh.FG2.mpm.vpnl.label --l rh.FG3.mpm.vpnl.label --l rh.FG4.mpm.vpnl.label --l rh.hOc1.mpm.vpnl.label --l rh.hOc2.mpm.vpnl.label --l rh.hOc3v.mpm.vpnl.label --l rh.hOc4v.mpm.vpnl.label 
sysname  Linux
hostname dna038
machine  x86_64
user     oesteban

subject sub-v2s4x29580_ses-1
hemi    rh
SUBJECTS_DIR /out/sourcedata/freesurfer
ColorTable /opt/freesurfer/average/colortable_vpnl.txt
AnnotName  mpm.vpnl
nlables 8
LabelThresh 0 0.000000
Loading /out/sourcedata/freesurfer/sub-v2s4x29580_ses-1/surf/rh.orig
 1 1376057 FG1
 2 16711935 FG2
 3 16711680 FG3
 4 1705837 FG4
 5 25600 hOc1
 6 255 hOc2
 7 16776960 hOc3v
 8 65535 hOc4v
Mapping unhit to unknown
Found 132062 unhit vertices
Writing annot to /out/sourcedata/freesurfer/sub-v2s4x29580_ses-1/label/rh.mpm.vpnl.annot

 mri_label2label --srcsubject fsaverage --srclabel /out/sourcedata/freesurfer/fsaverage/label/rh.BA1_exvivo.thresh.label --trgsubject sub-v2s4x29580_ses-1 --trglabel ./rh.BA1_exvivo.thresh.label --hemi rh --regmethod surface 


srclabel = /out/sourcedata/freesurfer/fsaverage/label/rh.BA1_exvivo.thresh.label
srcsubject = fsaverage
trgsubject = sub-v2s4x29580_ses-1
trglabel = ./rh.BA1_exvivo.thresh.label
regmethod = surface

srchemi = rh
trghemi = rh
trgsurface = white
srcsurfreg = sphere.reg
trgsurfreg = sphere.reg
usehash = 1
Use ProjAbs  = 0, 0
Use ProjFrac = 0, 0
DoPaint 0

SUBJECTS_DIR    /out/sourcedata/freesurfer
FREESURFER_HOME /opt/freesurfer
Loading source label.
Found 876 points in source label.
Starting surface-based mapping
Reading source registration 
 /out/sourcedata/freesurfer/fsaverage/surf/rh.sphere.reg
Rescaling ...  original radius = 100
Reading target surface 
 /out/sourcedata/freesurfer/sub-v2s4x29580_ses-1/surf/rh.white
Reading target registration 
 /out/sourcedata/freesurfer/sub-v2s4x29580_ses-1/surf/rh.sphere.reg
Rescaling ...  original radius = 100
Building target registration hash (res=16).
Building source registration hash (res=16).
INFO: found  876 nlabel points
Performing mapping from target back to the source label 148573
Number of reverse mapping hits = 107
Checking for and removing duplicates
Writing label file ./rh.BA1_exvivo.thresh.label 983
mri_label2label: Done


 mri_label2label --srcsubject fsaverage --srclabel /out/sourcedata/freesurfer/fsaverage/label/rh.BA2_exvivo.thresh.label --trgsubject sub-v2s4x29580_ses-1 --trglabel ./rh.BA2_exvivo.thresh.label --hemi rh --regmethod surface 


srclabel = /out/sourcedata/freesurfer/fsaverage/label/rh.BA2_exvivo.thresh.label
srcsubject = fsaverage
trgsubject = sub-v2s4x29580_ses-1
trglabel = ./rh.BA2_exvivo.thresh.label
regmethod = surface

srchemi = rh
trghemi = rh
trgsurface = white
srcsurfreg = sphere.reg
trgsurfreg = sphere.reg
usehash = 1
Use ProjAbs  = 0, 0
Use ProjFrac = 0, 0
DoPaint 0

SUBJECTS_DIR    /out/sourcedata/freesurfer
FREESURFER_HOME /opt/freesurfer
Loading source label.
Found 2688 points in source label.
Starting surface-based mapping
Reading source registration 
 /out/sourcedata/freesurfer/fsaverage/surf/rh.sphere.reg
Rescaling ...  original radius = 100
Reading target surface 
 /out/sourcedata/freesurfer/sub-v2s4x29580_ses-1/surf/rh.white
Reading target registration 
 /out/sourcedata/freesurfer/sub-v2s4x29580_ses-1/surf/rh.sphere.reg
Rescaling ...  original radius = 100
Building target registration hash (res=16).
Building source registration hash (res=16).
INFO: found  2688 nlabel points
Performing mapping from target back to the source label 148573
Number of reverse mapping hits = 136
Checking for and removing duplicates
Writing label file ./rh.BA2_exvivo.thresh.label 2824
mri_label2label: Done


 mri_label2label --srcsubject fsaverage --srclabel /out/sourcedata/freesurfer/fsaverage/label/rh.BA3a_exvivo.thresh.label --trgsubject sub-v2s4x29580_ses-1 --trglabel ./rh.BA3a_exvivo.thresh.label --hemi rh --regmethod surface 


srclabel = /out/sourcedata/freesurfer/fsaverage/label/rh.BA3a_exvivo.thresh.label
srcsubject = fsaverage
trgsubject = sub-v2s4x29580_ses-1
trglabel = ./rh.BA3a_exvivo.thresh.label
regmethod = surface

srchemi = rh
trghemi = rh
trgsurface = white
srcsurfreg = sphere.reg
trgsurfreg = sphere.reg
usehash = 1
Use ProjAbs  = 0, 0
Use ProjFrac = 0, 0
DoPaint 0

SUBJECTS_DIR    /out/sourcedata/freesurfer
FREESURFER_HOME /opt/freesurfer
Loading source label.
Found 1698 points in source label.
Starting surface-based mapping
Reading source registration 
 /out/sourcedata/freesurfer/fsaverage/surf/rh.sphere.reg
Rescaling ...  original radius = 100
Reading target surface 
 /out/sourcedata/freesurfer/sub-v2s4x29580_ses-1/surf/rh.white
Reading target registration 
 /out/sourcedata/freesurfer/sub-v2s4x29580_ses-1/surf/rh.sphere.reg
Rescaling ...  original radius = 100
Building target registration hash (res=16).
Building source registration hash (res=16).
INFO: found  1698 nlabel points
Performing mapping from target back to the source label 148573
Number of reverse mapping hits = 23
Checking for and removing duplicates
Writing label file ./rh.BA3a_exvivo.thresh.label 1721
mri_label2label: Done


 mri_label2label --srcsubject fsaverage --srclabel /out/sourcedata/freesurfer/fsaverage/label/rh.BA3b_exvivo.thresh.label --trgsubject sub-v2s4x29580_ses-1 --trglabel ./rh.BA3b_exvivo.thresh.label --hemi rh --regmethod surface 


srclabel = /out/sourcedata/freesurfer/fsaverage/label/rh.BA3b_exvivo.thresh.label
srcsubject = fsaverage
trgsubject = sub-v2s4x29580_ses-1
trglabel = ./rh.BA3b_exvivo.thresh.label
regmethod = surface

srchemi = rh
trghemi = rh
trgsurface = white
srcsurfreg = sphere.reg
trgsurfreg = sphere.reg
usehash = 1
Use ProjAbs  = 0, 0
Use ProjFrac = 0, 0
DoPaint 0

SUBJECTS_DIR    /out/sourcedata/freesurfer
FREESURFER_HOME /opt/freesurfer
Loading source label.
Found 2183 points in source label.
Starting surface-based mapping
Reading source registration 
 /out/sourcedata/freesurfer/fsaverage/surf/rh.sphere.reg
Rescaling ...  original radius = 100
Reading target surface 
 /out/sourcedata/freesurfer/sub-v2s4x29580_ses-1/surf/rh.white
Reading target registration 
 /out/sourcedata/freesurfer/sub-v2s4x29580_ses-1/surf/rh.sphere.reg
Rescaling ...  original radius = 100
Building target registration hash (res=16).
Building source registration hash (res=16).
INFO: found  2183 nlabel points
Performing mapping from target back to the source label 148573
Number of reverse mapping hits = 82
Checking for and removing duplicates
Writing label file ./rh.BA3b_exvivo.thresh.label 2265
mri_label2label: Done


 mri_label2label --srcsubject fsaverage --srclabel /out/sourcedata/freesurfer/fsaverage/label/rh.BA4a_exvivo.thresh.label --trgsubject sub-v2s4x29580_ses-1 --trglabel ./rh.BA4a_exvivo.thresh.label --hemi rh --regmethod surface 


srclabel = /out/sourcedata/freesurfer/fsaverage/label/rh.BA4a_exvivo.thresh.label
srcsubject = fsaverage
trgsubject = sub-v2s4x29580_ses-1
trglabel = ./rh.BA4a_exvivo.thresh.label
regmethod = surface

srchemi = rh
trghemi = rh
trgsurface = white
srcsurfreg = sphere.reg
trgsurfreg = sphere.reg
usehash = 1
Use ProjAbs  = 0, 0
Use ProjFrac = 0, 0
DoPaint 0

SUBJECTS_DIR    /out/sourcedata/freesurfer
FREESURFER_HOME /opt/freesurfer
Loading source label.
Found 1388 points in source label.
Starting surface-based mapping
Reading source registration 
 /out/sourcedata/freesurfer/fsaverage/surf/rh.sphere.reg
Rescaling ...  original radius = 100
Reading target surface 
 /out/sourcedata/freesurfer/sub-v2s4x29580_ses-1/surf/rh.white
Reading target registration 
 /out/sourcedata/freesurfer/sub-v2s4x29580_ses-1/surf/rh.sphere.reg
Rescaling ...  original radius = 100
Building target registration hash (res=16).
Building source registration hash (res=16).
INFO: found  1388 nlabel points
Performing mapping from target back to the source label 148573
Number of reverse mapping hits = 124
Checking for and removing duplicates
Writing label file ./rh.BA4a_exvivo.thresh.label 1512
mri_label2label: Done


 mri_label2label --srcsubject fsaverage --srclabel /out/sourcedata/freesurfer/fsaverage/label/rh.BA4p_exvivo.thresh.label --trgsubject sub-v2s4x29580_ses-1 --trglabel ./rh.BA4p_exvivo.thresh.label --hemi rh --regmethod surface 


srclabel = /out/sourcedata/freesurfer/fsaverage/label/rh.BA4p_exvivo.thresh.label
srcsubject = fsaverage
trgsubject = sub-v2s4x29580_ses-1
trglabel = ./rh.BA4p_exvivo.thresh.label
regmethod = surface

srchemi = rh
trghemi = rh
trgsurface = white
srcsurfreg = sphere.reg
trgsurfreg = sphere.reg
usehash = 1
Use ProjAbs  = 0, 0
Use ProjFrac = 0, 0
DoPaint 0

SUBJECTS_DIR    /out/sourcedata/freesurfer
FREESURFER_HOME /opt/freesurfer
Loading source label.
Found 1489 points in source label.
Starting surface-based mapping
Reading source registration 
 /out/sourcedata/freesurfer/fsaverage/surf/rh.sphere.reg
Rescaling ...  original radius = 100
Reading target surface 
 /out/sourcedata/freesurfer/sub-v2s4x29580_ses-1/surf/rh.white
Reading target registration 
 /out/sourcedata/freesurfer/sub-v2s4x29580_ses-1/surf/rh.sphere.reg
Rescaling ...  original radius = 100
Building target registration hash (res=16).
Building source registration hash (res=16).
INFO: found  1489 nlabel points
Performing mapping from target back to the source label 148573
Number of reverse mapping hits = 57
Checking for and removing duplicates
Writing label file ./rh.BA4p_exvivo.thresh.label 1546
mri_label2label: Done


 mri_label2label --srcsubject fsaverage --srclabel /out/sourcedata/freesurfer/fsaverage/label/rh.BA6_exvivo.thresh.label --trgsubject sub-v2s4x29580_ses-1 --trglabel ./rh.BA6_exvivo.thresh.label --hemi rh --regmethod surface 


srclabel = /out/sourcedata/freesurfer/fsaverage/label/rh.BA6_exvivo.thresh.label
srcsubject = fsaverage
trgsubject = sub-v2s4x29580_ses-1
trglabel = ./rh.BA6_exvivo.thresh.label
regmethod = surface

srchemi = rh
trghemi = rh
trgsurface = white
srcsurfreg = sphere.reg
trgsurfreg = sphere.reg
usehash = 1
Use ProjAbs  = 0, 0
Use ProjFrac = 0, 0
DoPaint 0

SUBJECTS_DIR    /out/sourcedata/freesurfer
FREESURFER_HOME /opt/freesurfer
Loading source label.
Found 6959 points in source label.
Starting surface-based mapping
Reading source registration 
 /out/sourcedata/freesurfer/fsaverage/surf/rh.sphere.reg
Rescaling ...  original radius = 100
Reading target surface 
 /out/sourcedata/freesurfer/sub-v2s4x29580_ses-1/surf/rh.white
Reading target registration 
 /out/sourcedata/freesurfer/sub-v2s4x29580_ses-1/surf/rh.sphere.reg
Rescaling ...  original radius = 100
Building target registration hash (res=16).
Building source registration hash (res=16).
INFO: found  6959 nlabel points
Performing mapping from target back to the source label 148573
Number of reverse mapping hits = 591
Checking for and removing duplicates
Writing label file ./rh.BA6_exvivo.thresh.label 7550
mri_label2label: Done


 mri_label2label --srcsubject fsaverage --srclabel /out/sourcedata/freesurfer/fsaverage/label/rh.BA44_exvivo.thresh.label --trgsubject sub-v2s4x29580_ses-1 --trglabel ./rh.BA44_exvivo.thresh.label --hemi rh --regmethod surface 


srclabel = /out/sourcedata/freesurfer/fsaverage/label/rh.BA44_exvivo.thresh.label
srcsubject = fsaverage
trgsubject = sub-v2s4x29580_ses-1
trglabel = ./rh.BA44_exvivo.thresh.label
regmethod = surface

srchemi = rh
trghemi = rh
trgsurface = white
srcsurfreg = sphere.reg
trgsurfreg = sphere.reg
usehash = 1
Use ProjAbs  = 0, 0
Use ProjFrac = 0, 0
DoPaint 0

SUBJECTS_DIR    /out/sourcedata/freesurfer
FREESURFER_HOME /opt/freesurfer
Loading source label.
Found 1012 points in source label.
Starting surface-based mapping
Reading source registration 
 /out/sourcedata/freesurfer/fsaverage/surf/rh.sphere.reg
Rescaling ...  original radius = 100
Reading target surface 
 /out/sourcedata/freesurfer/sub-v2s4x29580_ses-1/surf/rh.white
Reading target registration 
 /out/sourcedata/freesurfer/sub-v2s4x29580_ses-1/surf/rh.sphere.reg
Rescaling ...  original radius = 100
Building target registration hash (res=16).
Building source registration hash (res=16).
INFO: found  1012 nlabel points
Performing mapping from target back to the source label 148573
Number of reverse mapping hits = 49
Checking for and removing duplicates
Writing label file ./rh.BA44_exvivo.thresh.label 1061
mri_label2label: Done


 mri_label2label --srcsubject fsaverage --srclabel /out/sourcedata/freesurfer/fsaverage/label/rh.BA45_exvivo.thresh.label --trgsubject sub-v2s4x29580_ses-1 --trglabel ./rh.BA45_exvivo.thresh.label --hemi rh --regmethod surface 


srclabel = /out/sourcedata/freesurfer/fsaverage/label/rh.BA45_exvivo.thresh.label
srcsubject = fsaverage
trgsubject = sub-v2s4x29580_ses-1
trglabel = ./rh.BA45_exvivo.thresh.label
regmethod = surface

srchemi = rh
trghemi = rh
trgsurface = white
srcsurfreg = sphere.reg
trgsurfreg = sphere.reg
usehash = 1
Use ProjAbs  = 0, 0
Use ProjFrac = 0, 0
DoPaint 0

SUBJECTS_DIR    /out/sourcedata/freesurfer
FREESURFER_HOME /opt/freesurfer
Loading source label.
Found 1178 points in source label.
Starting surface-based mapping
Reading source registration 
 /out/sourcedata/freesurfer/fsaverage/surf/rh.sphere.reg
Rescaling ...  original radius = 100
Reading target surface 
 /out/sourcedata/freesurfer/sub-v2s4x29580_ses-1/surf/rh.white
Reading target registration 
 /out/sourcedata/freesurfer/sub-v2s4x29580_ses-1/surf/rh.sphere.reg
Rescaling ...  original radius = 100
Building target registration hash (res=16).
Building source registration hash (res=16).
INFO: found  1178 nlabel points
Performing mapping from target back to the source label 148573
Number of reverse mapping hits = 64
Checking for and removing duplicates
Writing label file ./rh.BA45_exvivo.thresh.label 1242
mri_label2label: Done


 mri_label2label --srcsubject fsaverage --srclabel /out/sourcedata/freesurfer/fsaverage/label/rh.V1_exvivo.thresh.label --trgsubject sub-v2s4x29580_ses-1 --trglabel ./rh.V1_exvivo.thresh.label --hemi rh --regmethod surface 


srclabel = /out/sourcedata/freesurfer/fsaverage/label/rh.V1_exvivo.thresh.label
srcsubject = fsaverage
trgsubject = sub-v2s4x29580_ses-1
trglabel = ./rh.V1_exvivo.thresh.label
regmethod = surface

srchemi = rh
trghemi = rh
trgsurface = white
srcsurfreg = sphere.reg
trgsurfreg = sphere.reg
usehash = 1
Use ProjAbs  = 0, 0
Use ProjFrac = 0, 0
DoPaint 0

SUBJECTS_DIR    /out/sourcedata/freesurfer
FREESURFER_HOME /opt/freesurfer
Loading source label.
Found 3232 points in source label.
Starting surface-based mapping
Reading source registration 
 /out/sourcedata/freesurfer/fsaverage/surf/rh.sphere.reg
Rescaling ...  original radius = 100
Reading target surface 
 /out/sourcedata/freesurfer/sub-v2s4x29580_ses-1/surf/rh.white
Reading target registration 
 /out/sourcedata/freesurfer/sub-v2s4x29580_ses-1/surf/rh.sphere.reg
Rescaling ...  original radius = 100
Building target registration hash (res=16).
Building source registration hash (res=16).
INFO: found  3232 nlabel points
Performing mapping from target back to the source label 148573
Number of reverse mapping hits = 1282
Checking for and removing duplicates
Writing label file ./rh.V1_exvivo.thresh.label 4514
mri_label2label: Done


 mri_label2label --srcsubject fsaverage --srclabel /out/sourcedata/freesurfer/fsaverage/label/rh.V2_exvivo.thresh.label --trgsubject sub-v2s4x29580_ses-1 --trglabel ./rh.V2_exvivo.thresh.label --hemi rh --regmethod surface 


srclabel = /out/sourcedata/freesurfer/fsaverage/label/rh.V2_exvivo.thresh.label
srcsubject = fsaverage
trgsubject = sub-v2s4x29580_ses-1
trglabel = ./rh.V2_exvivo.thresh.label
regmethod = surface

srchemi = rh
trghemi = rh
trgsurface = white
srcsurfreg = sphere.reg
trgsurfreg = sphere.reg
usehash = 1
Use ProjAbs  = 0, 0
Use ProjFrac = 0, 0
DoPaint 0

SUBJECTS_DIR    /out/sourcedata/freesurfer
FREESURFER_HOME /opt/freesurfer
Loading source label.
Found 3437 points in source label.
Starting surface-based mapping
Reading source registration 
 /out/sourcedata/freesurfer/fsaverage/surf/rh.sphere.reg
Rescaling ...  original radius = 100
Reading target surface 
 /out/sourcedata/freesurfer/sub-v2s4x29580_ses-1/surf/rh.white
Reading target registration 
 /out/sourcedata/freesurfer/sub-v2s4x29580_ses-1/surf/rh.sphere.reg
Rescaling ...  original radius = 100
Building target registration hash (res=16).
Building source registration hash (res=16).
INFO: found  3437 nlabel points
Performing mapping from target back to the source label 148573
Number of reverse mapping hits = 1319
Checking for and removing duplicates
Writing label file ./rh.V2_exvivo.thresh.label 4756
mri_label2label: Done


 mri_label2label --srcsubject fsaverage --srclabel /out/sourcedata/freesurfer/fsaverage/label/rh.MT_exvivo.thresh.label --trgsubject sub-v2s4x29580_ses-1 --trglabel ./rh.MT_exvivo.thresh.label --hemi rh --regmethod surface 


srclabel = /out/sourcedata/freesurfer/fsaverage/label/rh.MT_exvivo.thresh.label
srcsubject = fsaverage
trgsubject = sub-v2s4x29580_ses-1
trglabel = ./rh.MT_exvivo.thresh.label
regmethod = surface

srchemi = rh
trghemi = rh
trgsurface = white
srcsurfreg = sphere.reg
trgsurfreg = sphere.reg
usehash = 1
Use ProjAbs  = 0, 0
Use ProjFrac = 0, 0
DoPaint 0

SUBJECTS_DIR    /out/sourcedata/freesurfer
FREESURFER_HOME /opt/freesurfer
Loading source label.
Found 268 points in source label.
Starting surface-based mapping
Reading source registration 
 /out/sourcedata/freesurfer/fsaverage/surf/rh.sphere.reg
Rescaling ...  original radius = 100
Reading target surface 
 /out/sourcedata/freesurfer/sub-v2s4x29580_ses-1/surf/rh.white
Reading target registration 
 /out/sourcedata/freesurfer/sub-v2s4x29580_ses-1/surf/rh.sphere.reg
Rescaling ...  original radius = 100
Building target registration hash (res=16).
Building source registration hash (res=16).
INFO: found  268 nlabel points
Performing mapping from target back to the source label 148573
Number of reverse mapping hits = 30
Checking for and removing duplicates
Writing label file ./rh.MT_exvivo.thresh.label 298
mri_label2label: Done


 mri_label2label --srcsubject fsaverage --srclabel /out/sourcedata/freesurfer/fsaverage/label/rh.entorhinal_exvivo.thresh.label --trgsubject sub-v2s4x29580_ses-1 --trglabel ./rh.entorhinal_exvivo.thresh.label --hemi rh --regmethod surface 


srclabel = /out/sourcedata/freesurfer/fsaverage/label/rh.entorhinal_exvivo.thresh.label
srcsubject = fsaverage
trgsubject = sub-v2s4x29580_ses-1
trglabel = ./rh.entorhinal_exvivo.thresh.label
regmethod = surface

srchemi = rh
trghemi = rh
trgsurface = white
srcsurfreg = sphere.reg
trgsurfreg = sphere.reg
usehash = 1
Use ProjAbs  = 0, 0
Use ProjFrac = 0, 0
DoPaint 0

SUBJECTS_DIR    /out/sourcedata/freesurfer
FREESURFER_HOME /opt/freesurfer
Loading source label.
Found 694 points in source label.
Starting surface-based mapping
Reading source registration 
 /out/sourcedata/freesurfer/fsaverage/surf/rh.sphere.reg
Rescaling ...  original radius = 100
Reading target surface 
 /out/sourcedata/freesurfer/sub-v2s4x29580_ses-1/surf/rh.white
Reading target registration 
 /out/sourcedata/freesurfer/sub-v2s4x29580_ses-1/surf/rh.sphere.reg
Rescaling ...  original radius = 100
Building target registration hash (res=16).
Building source registration hash (res=16).
INFO: found  694 nlabel points
Performing mapping from target back to the source label 148573
Number of reverse mapping hits = 85
Checking for and removing duplicates
Writing label file ./rh.entorhinal_exvivo.thresh.label 779
mri_label2label: Done


 mri_label2label --srcsubject fsaverage --srclabel /out/sourcedata/freesurfer/fsaverage/label/rh.perirhinal_exvivo.thresh.label --trgsubject sub-v2s4x29580_ses-1 --trglabel ./rh.perirhinal_exvivo.thresh.label --hemi rh --regmethod surface 


srclabel = /out/sourcedata/freesurfer/fsaverage/label/rh.perirhinal_exvivo.thresh.label
srcsubject = fsaverage
trgsubject = sub-v2s4x29580_ses-1
trglabel = ./rh.perirhinal_exvivo.thresh.label
regmethod = surface

srchemi = rh
trghemi = rh
trgsurface = white
srcsurfreg = sphere.reg
trgsurfreg = sphere.reg
usehash = 1
Use ProjAbs  = 0, 0
Use ProjFrac = 0, 0
DoPaint 0

SUBJECTS_DIR    /out/sourcedata/freesurfer
FREESURFER_HOME /opt/freesurfer
Loading source label.
Found 291 points in source label.
Starting surface-based mapping
Reading source registration 
 /out/sourcedata/freesurfer/fsaverage/surf/rh.sphere.reg
Rescaling ...  original radius = 100
Reading target surface 
 /out/sourcedata/freesurfer/sub-v2s4x29580_ses-1/surf/rh.white
Reading target registration 
 /out/sourcedata/freesurfer/sub-v2s4x29580_ses-1/surf/rh.sphere.reg
Rescaling ...  original radius = 100
Building target registration hash (res=16).
Building source registration hash (res=16).
INFO: found  291 nlabel points
Performing mapping from target back to the source label 148573
Number of reverse mapping hits = 31
Checking for and removing duplicates
Writing label file ./rh.perirhinal_exvivo.thresh.label 322
mri_label2label: Done


 mris_label2annot --s sub-v2s4x29580_ses-1 --hemi rh --ctab /opt/freesurfer/average/colortable_BA.txt --l rh.BA1_exvivo.label --l rh.BA2_exvivo.label --l rh.BA3a_exvivo.label --l rh.BA3b_exvivo.label --l rh.BA4a_exvivo.label --l rh.BA4p_exvivo.label --l rh.BA6_exvivo.label --l rh.BA44_exvivo.label --l rh.BA45_exvivo.label --l rh.V1_exvivo.label --l rh.V2_exvivo.label --l rh.MT_exvivo.label --l rh.perirhinal_exvivo.label --l rh.entorhinal_exvivo.label --a BA_exvivo --maxstatwinner --noverbose 

Reading ctab /opt/freesurfer/average/colortable_BA.txt
Number of ctab entries 15

7.3.2
cwd /out/sourcedata/freesurfer/sub-v2s4x29580_ses-1/label
cmdline mris_label2annot --s sub-v2s4x29580_ses-1 --hemi rh --ctab /opt/freesurfer/average/colortable_BA.txt --l rh.BA1_exvivo.label --l rh.BA2_exvivo.label --l rh.BA3a_exvivo.label --l rh.BA3b_exvivo.label --l rh.BA4a_exvivo.label --l rh.BA4p_exvivo.label --l rh.BA6_exvivo.label --l rh.BA44_exvivo.label --l rh.BA45_exvivo.label --l rh.V1_exvivo.label --l rh.V2_exvivo.label --l rh.MT_exvivo.label --l rh.perirhinal_exvivo.label --l rh.entorhinal_exvivo.label --a BA_exvivo --maxstatwinner --noverbose 
sysname  Linux
hostname dna038
machine  x86_64
user     oesteban

subject sub-v2s4x29580_ses-1
hemi    rh
SUBJECTS_DIR /out/sourcedata/freesurfer
ColorTable /opt/freesurfer/average/colortable_BA.txt
AnnotName  BA_exvivo
nlables 14
LabelThresh 0 0.000000
Loading /out/sourcedata/freesurfer/sub-v2s4x29580_ses-1/surf/rh.orig
 1 1530880 BA1_exvivo
 2 16749699 BA2_exvivo
 3 16711680 BA3a_exvivo
 4 3368703 BA3b_exvivo
 5 1376196 BA4a_exvivo
 6 13382655 BA4p_exvivo
 7 10036737 BA6_exvivo
 8 2490521 BA44_exvivo
 9 39283 BA45_exvivo
10 3993 V1_exvivo
11 8508928 V2_exvivo
12 10027163 MT_exvivo
13 16422433 perirhinal_exvivo
14 16392598 entorhinal_exvivo
Mapping unhit to unknown
Found 104032 unhit vertices
Writing annot to /out/sourcedata/freesurfer/sub-v2s4x29580_ses-1/label/rh.BA_exvivo.annot

 mris_label2annot --s sub-v2s4x29580_ses-1 --hemi rh --ctab /opt/freesurfer/average/colortable_BA.txt --l rh.BA1_exvivo.thresh.label --l rh.BA2_exvivo.thresh.label --l rh.BA3a_exvivo.thresh.label --l rh.BA3b_exvivo.thresh.label --l rh.BA4a_exvivo.thresh.label --l rh.BA4p_exvivo.thresh.label --l rh.BA6_exvivo.thresh.label --l rh.BA44_exvivo.thresh.label --l rh.BA45_exvivo.thresh.label --l rh.V1_exvivo.thresh.label --l rh.V2_exvivo.thresh.label --l rh.MT_exvivo.thresh.label --l rh.perirhinal_exvivo.thresh.label --l rh.entorhinal_exvivo.thresh.label --a BA_exvivo.thresh --maxstatwinner --noverbose 

Reading ctab /opt/freesurfer/average/colortable_BA.txt
Number of ctab entries 15

7.3.2
cwd /out/sourcedata/freesurfer/sub-v2s4x29580_ses-1/label
cmdline mris_label2annot --s sub-v2s4x29580_ses-1 --hemi rh --ctab /opt/freesurfer/average/colortable_BA.txt --l rh.BA1_exvivo.thresh.label --l rh.BA2_exvivo.thresh.label --l rh.BA3a_exvivo.thresh.label --l rh.BA3b_exvivo.thresh.label --l rh.BA4a_exvivo.thresh.label --l rh.BA4p_exvivo.thresh.label --l rh.BA6_exvivo.thresh.label --l rh.BA44_exvivo.thresh.label --l rh.BA45_exvivo.thresh.label --l rh.V1_exvivo.thresh.label --l rh.V2_exvivo.thresh.label --l rh.MT_exvivo.thresh.label --l rh.perirhinal_exvivo.thresh.label --l rh.entorhinal_exvivo.thresh.label --a BA_exvivo.thresh --maxstatwinner --noverbose 
sysname  Linux
hostname dna038
machine  x86_64
user     oesteban

subject sub-v2s4x29580_ses-1
hemi    rh
SUBJECTS_DIR /out/sourcedata/freesurfer
ColorTable /opt/freesurfer/average/colortable_BA.txt
AnnotName  BA_exvivo.thresh
nlables 14
LabelThresh 0 0.000000
Loading /out/sourcedata/freesurfer/sub-v2s4x29580_ses-1/surf/rh.orig
 1 1530880 BA1_exvivo
 2 16749699 BA2_exvivo
 3 16711680 BA3a_exvivo
 4 3368703 BA3b_exvivo
 5 1376196 BA4a_exvivo
 6 13382655 BA4p_exvivo
 7 10036737 BA6_exvivo
 8 2490521 BA44_exvivo
 9 39283 BA45_exvivo
10 3993 V1_exvivo
11 8508928 V2_exvivo
12 10027163 MT_exvivo
13 16422433 perirhinal_exvivo
14 16392598 entorhinal_exvivo
Mapping unhit to unknown
Found 123018 unhit vertices
Writing annot to /out/sourcedata/freesurfer/sub-v2s4x29580_ses-1/label/rh.BA_exvivo.thresh.annot

 mris_anatomical_stats -th3 -mgz -noglobal -f ../stats/rh.BA_exvivo.stats -b -a ./rh.BA_exvivo.annot -c ./BA_exvivo.ctab sub-v2s4x29580_ses-1 rh white 

computing statistics for each annotation in ./rh.BA_exvivo.annot.
reading volume /out/sourcedata/freesurfer/sub-v2s4x29580_ses-1/mri/wm.mgz...
reading input surface /out/sourcedata/freesurfer/sub-v2s4x29580_ses-1/surf/rh.white...
reading input pial surface /out/sourcedata/freesurfer/sub-v2s4x29580_ses-1/surf/rh.pial...
reading input white surface /out/sourcedata/freesurfer/sub-v2s4x29580_ses-1/surf/rh.white...
INFO: using TH3 volume calc
INFO: assuming MGZ format for volumes.
INFO: not computing global stats
Using TH3 vertex volume calc
Total face volume 282730
Total vertex volume 282477 (mask=0)
Saving annotation colortable ./BA_exvivo.ctab

table columns are:
    number of vertices
    total surface area (mm^2)
    total gray matter volume (mm^3)
    average cortical thickness +- standard deviation (mm)
    integrated rectified mean curvature
    integrated rectified Gaussian curvature
    folding index
    intrinsic curvature index
    structure name

 1196    634   1803  2.182 0.509     0.106     0.025       10     1.3  BA1_exvivo
 3869   2456   4477  1.860 0.469     0.096     0.017       26     2.8  BA2_exvivo
 1187    755   1079  1.790 0.481     0.115     0.024        9     1.2  BA3a_exvivo
 2250   1340   2565  1.737 0.534     0.082     0.014       12     1.4  BA3b_exvivo
 1975   1077   3032  2.509 0.474     0.089     0.021       10     1.8  BA4a_exvivo
 1464    937   2173  2.444 0.568     0.093     0.019        7     1.2  BA4p_exvivo
 9006   5574  18638  2.966 0.523     0.100     0.022       62     7.8  BA6_exvivo
 3852   2619   7998  2.939 0.478     0.107     0.020       31     3.4  BA44_exvivo
 3567   2497   8668  2.984 0.487     0.115     0.023       38     3.2  BA45_exvivo
 4534   2708   5074  1.759 0.646     0.102     0.022       35     4.3  V1_exvivo
 8599   5475  10535  1.833 0.544     0.134     0.030      104    11.1  V2_exvivo
 1901   1367   3396  2.408 0.531     0.129     0.027       21     2.1  MT_exvivo
  447    309   1080  3.283 0.905     0.112     0.024        3     0.5  perirhinal_exvivo
  694    454   2734  3.684 0.683     0.103     0.029        4     0.8  entorhinal_exvivo

 mris_anatomical_stats -th3 -mgz -f ../stats/rh.BA_exvivo.thresh.stats -noglobal -b -a ./rh.BA_exvivo.thresh.annot -c ./BA_exvivo.thresh.ctab sub-v2s4x29580_ses-1 rh white 

computing statistics for each annotation in ./rh.BA_exvivo.thresh.annot.
reading volume /out/sourcedata/freesurfer/sub-v2s4x29580_ses-1/mri/wm.mgz...
reading input surface /out/sourcedata/freesurfer/sub-v2s4x29580_ses-1/surf/rh.white...
reading input pial surface /out/sourcedata/freesurfer/sub-v2s4x29580_ses-1/surf/rh.pial...
reading input white surface /out/sourcedata/freesurfer/sub-v2s4x29580_ses-1/surf/rh.white...
INFO: using TH3 volume calc
INFO: assuming MGZ format for volumes.
INFO: not computing global stats
Using TH3 vertex volume calc
Total face volume 282730
Total vertex volume 282477 (mask=0)
Saving annotation colortable ./BA_exvivo.thresh.ctab

table columns are:
    number of vertices
    total surface area (mm^2)
    total gray matter volume (mm^3)
    average cortical thickness +- standard deviation (mm)
    integrated rectified mean curvature
    integrated rectified Gaussian curvature
    folding index
    intrinsic curvature index
    structure name

  787    423   1064  1.978 0.419     0.106     0.025        7     0.8  BA1_exvivo
 2053   1260   2321  1.810 0.506     0.088     0.015       12     1.3  BA2_exvivo
 1071    688    891  1.778 0.453     0.117     0.023        8     1.1  BA3a_exvivo
 1683   1042   1632  1.522 0.370     0.073     0.011        6     0.9  BA3b_exvivo
 1187    590   1839  2.609 0.506     0.094     0.023        7     1.2  BA4a_exvivo
 1183    788   1707  2.328 0.583     0.087     0.018        4     1.0  BA4p_exvivo
 5948   3615  12444  2.945 0.511     0.096     0.020       40     4.7  BA6_exvivo
  839    587   2119  3.170 0.397     0.117     0.026        9     0.8  BA44_exvivo
  914    661   2755  3.160 0.494     0.120     0.025       11     0.9  BA45_exvivo
 4362   2596   4682  1.728 0.627     0.102     0.023       34     4.2  V1_exvivo
 4557   2824   5410  1.777 0.544     0.136     0.029       57     5.8  V2_exvivo
  251    190    605  2.487 0.731     0.144     0.032        4     0.4  MT_exvivo
   42     28     66  3.041 0.946     0.086     0.015        0     0.0  perirhinal_exvivo
  678    459   2478  3.623 0.819     0.102     0.024        4     0.7  entorhinal_exvivo

Started at Fri Mar 13 06:22:43 CET 2026 
Ended   at Fri Mar 13 06:26:16 CET 2026
#@#%# recon-all-run-time-hours 0.059
recon-all -s sub-v2s4x29580_ses-1 finished without error at Fri Mar 13 06:26:16 CET 2026
