global_signal	global_signal_derivative1	global_signal_power2	global_signal_derivative1_power2	csf	csf_derivative1	csf_derivative1_power2	csf_power2	white_matter	white_matter_derivative1	white_matter_power2	white_matter_derivative1_power2	csf_wm	tcompcor	std_dvars	dvars	framewise_displacement	rmsd	t_comp_cor_00	t_comp_cor_01	t_comp_cor_02	c_comp_cor_00	c_comp_cor_01	c_comp_cor_02	c_comp_cor_03	c_comp_cor_04	c_comp_cor_05	c_comp_cor_06	c_comp_cor_07	c_comp_cor_08	c_comp_cor_09	c_comp_cor_10	c_comp_cor_11	w_comp_cor_00	w_comp_cor_01	w_comp_cor_02	w_comp_cor_03	w_comp_cor_04	w_comp_cor_05	w_comp_cor_06	w_comp_cor_07	w_comp_cor_08	w_comp_cor_09	w_comp_cor_10	w_comp_cor_11	w_comp_cor_12	w_comp_cor_13	w_comp_cor_14	w_comp_cor_15	w_comp_cor_16	w_comp_cor_17	w_comp_cor_18	w_comp_cor_19	w_comp_cor_20	w_comp_cor_21	w_comp_cor_22	a_comp_cor_00	a_comp_cor_01	a_comp_cor_02	a_comp_cor_03	a_comp_cor_04	a_comp_cor_05	a_comp_cor_06	a_comp_cor_07	a_comp_cor_08	a_comp_cor_09	a_comp_cor_10	a_comp_cor_11	a_comp_cor_12	a_comp_cor_13	a_comp_cor_14	a_comp_cor_15	a_comp_cor_16	a_comp_cor_17	a_comp_cor_18	a_comp_cor_19	a_comp_cor_20	a_comp_cor_21	edge_comp_00	edge_comp_01	edge_comp_02	edge_comp_03	edge_comp_04	edge_comp_05	edge_comp_06	edge_comp_07	edge_comp_08	edge_comp_09	edge_comp_10	edge_comp_11	edge_comp_12	edge_comp_13	edge_comp_14	edge_comp_15	edge_comp_16	edge_comp_17	edge_comp_18	edge_comp_19	edge_comp_20	edge_comp_21	edge_comp_22	edge_comp_23	cosine00	cosine01	trans_x	trans_x_derivative1	trans_x_power2	trans_x_derivative1_power2	trans_y	trans_y_derivative1	trans_y_derivative1_power2	trans_y_power2	trans_z	trans_z_derivative1	trans_z_derivative1_power2	trans_z_power2	rot_x	rot_x_derivative1	rot_x_derivative1_power2	rot_x_power2	rot_y	rot_y_derivative1	rot_y_derivative1_power2	rot_y_power2	rot_z	rot_z_derivative1	rot_z_derivative1_power2	rot_z_power2	motion_outlier00	motion_outlier01	motion_outlier02
1313.1556055747585	n/a	1724377.6444524108	n/a	1961.1306475174329	n/a	n/a	3846033.4166321456	1270.3462719917295	n/a	1613779.650763285	n/a	1440.231139327894	1043.0361438915388	n/a	n/a	n/a	n/a	-0.1377054239	0.0094365243	-0.1063381245	-0.042757688	0.2345336612	0.1940737238	-0.0056961528	0.0089230145	-0.1260828601	0.0077244684	-0.101604777	-0.0117920094	0.0724838886	-0.0101892288	0.0835612392	-0.1760190297	-0.0125242271	0.0146477769	-0.152292824	0.0880327234	-0.0414901661	0.1141305869	-0.0291456232	0.0012847743	-0.0675875015	0.0975316394	-0.172271101	0.0817869411	-0.0818207451	0.113379532	-0.1247437874	0.0488796054	-0.2182437308	0.1015051782	0.1398995332	-0.0684457658	-0.1727277602	0.0668826036	-0.1111470737	-0.1909069134	0.011015914	-0.025933028	0.1658140336	-0.0249560833	0.031923916	-0.0517340554	0.008221201	-0.0752351639	0.1457018775	-0.1362566681	0.0221677778	-0.0109552267	0.0410325778	-0.0968810792	0.0897502538	-0.0386424045	0.1274182808	-0.1124165597	0.1381748273	0.1328191783	-0.1170515444	0.0601193171	0.0799271875	-0.0940757968	0.1368619033	-0.0151216737	0.1116705327	-0.0609917664	0.1127559632	0.0364024227	-0.0801545377	0.0321016193	-0.029540316	0.0221812121	-0.0730438323	0.0654021263	-0.0298139393	0.0058829124	-0.0434154846	0.0450844133	-0.1905224229	0.2923686086	-0.0466004433	0.0889152051	0.153366806	0.1532882396	-0.0242531683163349	n/a	0.0005882161733804	n/a	0.0405967909024127	n/a	n/a	0.0016480994315742	0.0984051688095064	n/a	n/a	0.0096835772484274	-0.0011233363074298	n/a	n/a	1.2618844595900184e-06	0.0005698288265791	n/a	n/a	3.24704891600514e-07	-0.0005841804847214	n/a	n/a	3.412668387293299e-07	0.0	0.0	0.0
1312.8566297149196	-0.2989758598389471	1723592.5301864175	0.0893865647664377	1968.3058257300008	7.175178212567971	51.4831823821101	3874227.823602661	1269.839590549469	-0.5066814422605148	1612492.585726843	0.2567260839311954	1443.02744342209	1025.914676946178	1.073075	21.831196	0.0312961780813973	0.0169025479431527	-0.1776626681	-0.0735590235	0.0253099485	-0.2241938905	0.0119190281	-0.0193888606	-0.0815690379	-0.0230186963	-0.0750312231	0.0248086564	-0.1524058014	-0.0060693611	-0.1222818452	0.0485414729	0.0503871009	-0.12814016	0.083512063	-0.0065643144	0.1483927369	-0.0378317068	0.0812471416	0.1075673216	0.1208548716	0.0964935218	-0.0079795722	-0.0258658452	0.0239689208	-0.0494933125	0.1098408515	0.1124508696	-0.0096551826	-0.0610237318	-0.0905254434	0.0171737738	-0.0538737152	0.0538408575	0.0872484473	0.0056154463	-0.2288539714	0.0681027694	-0.0615759369	0.0103178208	-0.1045191181	-0.0423093133	-0.0049886609	0.089876242	-0.0355188927	-0.0034409811	-0.0889947361	-0.130763073	0.0373078983	-0.0456122742	-0.0671013124	0.0153680929	0.0896988184	0.013639168	-0.0796902754	-0.1040054465	-0.0125084889	0.0321511254	-0.1362574402	0.025639544	0.1419830888	-0.0065429386	-0.049791615	0.0685251483	0.0249405014	-0.0410178472	0.132678288	0.0194073599	-0.0031261944	-0.1733383489	-0.0325332788	-0.0849173066	0.0229970822	0.0302441656	0.0299211147	0.0286241485	0.0217304451	0.0105424949	-0.1384860771	0.0411172654	0.0449680161	0.0419094348	0.1531573254	0.1524510324	-0.0375096196336386	-0.0132564513173037	0.0014069715650602	0.000175733501528	0.0338144663512878	-0.0067823245511249	4.59999263167916e-05	0.0011434181346223	0.0985835631395701	0.0001783943300637	3.182453699888021e-08	0.0097187189212936	-0.0012543590312722	-0.0001310227238423	1.7166954163081764e-08	1.5734165793341318e-06	0.0005698091869317	-1.9639647399908103e-08	3.857157499927171e-16	3.246825095117651e-07	-0.0004936426905531	9.053779416829992e-05	8.197092172861445e-09	2.436831059365037e-07	0.0	0.0	0.0
1312.9933819738098	0.1367522588902829	1723951.621107023	0.0187011803115949	1964.695664082677	-3.610161647323821	13.033267119807844	3860029.052465271	1268.5570400953293	-1.2825504541397097	1609236.9639754228	1.644935667413975	1440.9535016323327	1021.4589324697292	1.146751	23.330101	0.028745767211952	0.014544745407417	-0.1817080613	-0.1353573788	0.0318960955	-0.1366591154	0.1462486503	-0.074164358	-0.0764416596	0.0193131994	-0.0710878749	0.0505821607	-0.0453362833	-0.1839512073	0.1129752007	0.0568205082	-0.1848373518	-0.1887468138	0.020123889	0.0221247835	-0.191526931	-0.0935386867	-0.0491106821	-0.0350433125	0.1313392774	0.04958226	0.0425555186	-0.0279308386	-0.0721558653	0.0165070349	-0.0788660277	0.0863742839	0.0322579045	-0.0124410591	0.1613552566	0.0318180104	0.002837383	0.1462768143	0.0426912842	0.0080766629	-0.1746997022	-0.0570910247	0.1281711666	0.0413902454	0.0395026664	0.0332892918	0.1100666592	0.0371282654	0.0188767933	-0.0663815328	0.0222856951	-0.0325648752	-0.197446221	-0.0638186492	0.0273578916	0.0690903726	0.001043873	-0.1068017318	-0.0395103	-0.1157824689	-0.0242882159	-0.079080731	-0.1323279084	0.0531526944	0.1295433803	-0.0330507138	0.0208739839	-0.2051479647	-0.0436466078	-0.004971492	-0.0235063347	0.0222785587	-0.0453804606	-0.0723802087	-0.0014987233	-0.1002081526	-0.0112674181	-0.1304410624	-0.0089980167	-0.0706460339	-0.1010708321	0.0782383241	-0.2035429153	0.1187523169	-0.0113664772	-0.0460226065	0.1527386503	0.1507811905	-0.0276590680647501	0.0098505515688885	0.0007650240462104	9.703336621133172e-05	0.030802034261157	-0.0030124320901307	9.074747097649804e-06	0.0009487653146254	0.0986113712380429	2.7808098472789644e-05	7.732903406723656e-10	0.0097242025374471	-0.0010698579951197	0.0001845010361524	3.4040632341346094e-08	1.144596129721544e-06	0.0005027993809458	-6.700980598590002e-05	4.4903140982679624e-09	2.5280721747947974e-07	-0.0005592313575039	-6.558866695079992e-05	4.301873232382954e-09	3.127397112156548e-07	0.0	0.0	0.0
1315.995896693358	3.0025147195481168	1731845.2001137552	9.015094641103106	1963.71327903054	-0.9823850521370332	0.9650803906622816	3856169.842240876	1269.7889539003372	1.2319138050079346	1612363.9874473128	1.5176116229691274	1441.3195493116775	1031.2940381167284	1.185951	24.127617	0.089162783400165	0.0482205438066925	-0.1708130707	0.0060297027	-0.0787957877	-0.0079229221	0.1563854748	0.1800826134	-0.0233807478	-0.0142547068	-0.1278158419	0.0125516726	-0.09184303	-0.0365845846	-0.0294692115	0.0794282057	0.033032481	-0.1289943784	0.0531968533	-0.0116799898	-0.1161554777	0.0213226375	-0.0703982245	-0.1699862939	0.0065428348	-0.0334030737	-0.1114989019	0.0281859316	0.0958406823	-0.0037020075	-0.0910453741	-0.0404273945	-0.1691132202	-0.0104897444	-0.0036682162	-0.207519522	-0.0439912856	-0.0473197769	0.0363430594	-0.0883932122	-0.1203019274	-0.1030488396	0.0251792719	0.0170159129	0.1435556445	0.0114462785	-0.0493217392	-0.1095201352	-0.0653908321	-0.0142982091	0.0216149305	-0.0142422579	0.0516964417	-0.0125233034	-0.0292156189	-0.2057826913	-0.0684476117	-0.0230340213	0.0765585216	-0.1230857113	-0.0123151521	0.0430745546	-0.138331236	0.0326639337	0.0943623776	-0.1170718853	0.1121545008	0.0176466593	0.0361708726	-0.0306471697	0.0164453625	0.0310878238	-0.0454657374	0.0731101023	-0.1192731321	0.0304962975	-0.0292246092	0.1403805751	-0.0065818322	0.0430019077	0.0351215115	-0.0337537495	-0.1467322387	0.0599863253	0.0040283317	0.0242892307	0.1521113526	0.148287834	-0.0289447534395748	-0.0012856853748247	0.0008377987516777	1.6529868830381311e-06	0.0068820870244934	-0.0239199472366636	0.0005721638758047	4.7363121812700416e-05	0.0750223001269461	-0.0235890711110967	0.0005564442758843	0.0056283455163375	-0.00174186316861	-0.0006720051734903	4.515909531977283e-07	3.034087298160069e-06	0.0005699284146012	6.712903365539995e-05	4.506307159507818e-09	3.248183977698373e-07	-0.000491003971098	6.822738640589992e-05	4.6549762557799775e-09	2.410848996340057e-07	0.0	0.0	0.0
1318.1390885838666	2.1431918905086604	1737490.6568527066	4.593271479542086	1977.1703672803137	13.457088249773731	181.09322416219828	3909202.661251371	1269.6278775930405	-0.1610763072967529	1611954.9475614086	0.0259455767723579	1442.371797831902	1038.7164611914052	0.960726	19.545511	0.0667858675146128	0.0370984613675978	-0.1578641407	-0.0136811039	0.0233360533	-0.1291005993	-0.069626373	0.0465123468	-0.0801433057	0.0873015241	-0.0936109061	-0.0962214186	-0.1108708488	-0.0382161085	0.1191746784	-0.0655465546	0.0364283157	-0.1875525574	0.0438113433	0.1246601883	0.0874739434	0.1381041389	-0.058342301	0.0027244591	0.1204358061	-0.1928543333	-0.1206155004	-0.0912750116	0.1453928372	-0.0080626699	0.0412565541	0.0688281271	0.0287575452	0.0280438515	0.0815976111	-0.0436949194	-0.0368106661	0.077233965	0.186436292	-0.0933842491	-0.165190899	-0.1132502239	-0.1414229753	-0.0591434637	-0.0670660013	0.0731084454	0.0335861774	0.0101208035	-0.1341564269	-0.0734700459	-0.0442851438	0.1274464568	-0.1364283407	0.0892667704	-0.1056070081	0.0574484778	-0.1038418664	0.1144710761	0.0324294789	-0.0993451929	-0.1190634063	-0.2214095031	-0.1305749969	0.0479264775	0.105691723	-0.0649476719	0.013561697	0.0842220129	-0.0427710971	0.0277258031	0.0820652702	0.0523567237	-0.0701559406	-0.0502780789	0.0899685964	-0.07367953	0.0335464707	-0.1045159109	-0.0025506373	-0.0306494588	-0.0483569171	-0.0145322751	0.0049719493	-0.0007361399	0.2229353138	0.0129360198	0.151276289	0.1449845808	-0.0207280762768249	0.0082166771627498	0.0004296531461378	6.751378359685573e-05	0.0268676627218837	0.0199855756973903	0.0003994232359561	0.0007218713001368	0.0675266244315935	-0.0074956756953526	5.618515412989972e-05	0.0045598450071254	-0.0012373574510383	0.0005045057175717	2.545260190625361e-07	1.5310534616399987e-06	0.0006452785417652	7.5350127164e-05	5.677641663630971e-09	4.163843964626229e-07	-0.0004491010366513	4.190293444670005e-05	1.7558559152444415e-09	2.016917411212723e-07	0.0	0.0	0.0
1318.4257211055462	0.2866325216796213	1738246.3820726797	0.0821582024844185	1971.569506558505	-5.600860721808658	31.369640825099005	3887086.319191347	1270.9894889593124	1.3616113662719729	1615414.281045054	1.853985512761028	1443.5540221172491	1044.5845573933052	1.012874	20.60644	0.0552515457465707	0.0261630699751756	-0.1425468086	-0.072075555	0.1225568174	-0.075579353	0.0356680617	-0.0468326414	-0.1109259545	-0.0880173649	-0.0435362696	-0.0997752748	-0.027175557	0.0813723983	0.0193617122	-0.1216682735	0.0602104451	-0.1315369083	0.0981694586	0.0006702219	0.0682182404	-0.075318168	0.0425756358	-0.0303918785	0.0231665301	0.149549045	0.0474259702	0.0939792578	0.1718002025	0.054340671	0.0955528271	0.0466749632	0.0641483353	-0.0972788992	0.1897086861	-0.0621523308	0.0358759239	-0.0433853067	0.0480992891	-0.0231087685	-0.1471649739	0.0404737686	-0.0032809085	0.1211918977	-0.04887064	0.0738842583	-0.0121658411	-0.0658301491	0.0654446728	0.1439242024	-0.0266484812	-0.1478216051	-0.0571885938	-0.0784382811	-0.0796124465	0.0359900827	-0.0209320483	-0.0082868768	-0.0365566011	0.1488715187	-0.1412997672	0.0572890101	-0.1214647151	0.0384455799	0.1079009364	0.0109018075	-0.1234976921	0.015034554	-0.0674334194	-0.1483149685	0.0366073891	-0.0791851387	0.0544573408	-0.0339000988	-0.0818336992	0.040321474	0.0276141893	0.1122277927	-0.0311078403	0.0187705176	0.0930901283	-0.1333795056	0.0036967926	-0.0450177719	0.1094826038	-0.0553675414	0.1502346003	0.1408894722	-0.0143935140106066	0.0063345622662183	0.0002071732455735	4.012667910459674e-05	0.0259683985214707	-0.0008992642004129	8.086761021444305e-07	0.0006743577217699	0.0567585630499891	-0.0107680613816044	0.000115951145918	0.0032215344794995	-0.0015869021504063	-0.000349544699368	1.221814968562656e-07	2.5182584349641398e-06	0.0003599439421695	-0.0002853345995956	8.141583372643841e-08	1.295596415045204e-07	-0.0005592148956543	-0.000110113859003	1.2125061944532573e-08	3.1272129952164965e-07	0.0	0.0	0.0
1319.3195374298857	0.8938163243394683	1740604.0418442076	0.7989076216557177	1971.614212792767	0.0447062342618664	0.0019986473818768	3887262.604086442	1272.1102669239044	1.12077796459198	1618264.5312132074	1.2561432459149415	1443.9680545040835	1046.506466048569	1.073231	21.834364	0.096123961266992	0.0441856655575818	-0.1130370145	-0.0012531872	0.0060384484	-0.0382438535	0.0748971089	-0.1000619123	-0.0351656426	0.014525732	-0.0340326466	-0.0735439196	-0.0021184934	-0.0980304447	0.1255964549	0.1701766182	-0.0735502152	-0.1073125436	-0.060629777	-0.0154734592	-0.0546824834	-0.0925474247	-0.0182007331	-0.0944995852	-0.0457428611	-0.0135166932	-0.0068755271	-0.1078515847	-0.015069852	0.0196704192	0.0111548148	0.0221688158	0.0476418151	-0.1053280797	-0.0118190292	0.0283564287	0.042552497	0.1035742989	0.0844087444	0.0742081135	-0.0899623864	-0.0251798704	0.108431284	0.0534443822	-0.0011695754	0.0410027004	-0.0046815966	0.0659304463	-0.0056630132	0.0070824975	-0.0264575702	0.1084943902	-0.0058966418	-0.0157260679	0.2006559834	0.0919899316	-0.0420363934	0.1068671463	-0.0258197021	-0.0301300123	0.0516566909	0.0575601286	-0.1174451696	0.0539895188	0.0558396584	-0.0171685695	0.0383760932	-0.1661086459	-0.0686100156	-0.0098282609	-0.0139266792	-0.0499453774	0.0053559336	-0.022911959	0.0538562457	-0.0312787385	0.0723670536	-0.1176514192	-0.0467302055	-0.1306137549	-0.0564915295	0.0230705215	0.0199428742	-0.1574569092	0.1270430037	0.0158959521	0.1489877092	0.136024874	-0.0059089607712223	0.0084845532393843	3.491581739584404e-05	7.198764367194661e-05	0.0476800847395963	0.0217116862181256	0.0004713973184343	0.002273390480775	0.0760515237640362	0.0192929607140471	0.0003722183331137	0.0057838342668317	-0.0011239807594142	0.0004629213909921	2.142962142380608e-07	1.263332747533322e-06	0.000327069040267	-3.2874901902500014e-05	1.080759175098999e-09	1.0697415710117649e-07	-0.0001223159666402	0.0004368989290141	1.9088067417366762e-07	1.4961195695126522e-08	0.0	0.0	0.0
1320.1491165139648	0.8295790840791142	1742793.689832602	0.688201456741542	1972.7515511000447	1.137338307277787	1.2935384252015016	3891748.682367632	1272.5277117490768	0.4174448251724243	1619326.7771693417	0.1742601820632359	1443.2058295853642	1056.0039705074687	1.09575	22.292511	0.0431992477850168	0.024681229834189	-0.1099272931	0.0573099805	-0.1140739904	-0.0111449445	0.0807486006	0.1938552558	0.0023531177	-0.0572559975	-0.1447968663	-0.1070721434	0.0498663268	0.1311503618	0.0816735659	-0.0161863083	-0.0581090911	-0.1314665989	0.0036184219	0.0284644987	-0.1260019672	0.1089715338	0.0304731745	-0.0943433447	0.0387481894	-0.1393529083	0.0831762695	0.0565526843	0.0256240357	0.0924104565	-0.0401239066	-0.0399289803	0.0411558535	0.1753407966	0.1448063404	-0.0803190298	0.0174165998	-0.0067718373	-0.2278137471	-0.0441326811	-0.0801972956	-0.1646520125	-0.0351952623	-0.0704524571	0.1025645715	-0.0244554526	-0.0740440515	-0.1442863535	-0.0001101097	0.0288753548	0.0425058564	0.1821209099	-0.0806958332	0.0610597299	-0.1487171767	-0.0687898494	-0.0208684021	0.0048176647	0.1092914932	0.00896058	-0.0200890762	0.1406406996	-0.1215085134	0.074977399	0.0418530684	-0.0753048915	0.0948895959	0.0319592741	0.0814176886	-0.0187628109	0.0275755683	-0.0412253972	-0.009207319	0.1546087951	0.093888576	-0.0142312963	0.0726456064	0.0071011962	-0.0366715239	-0.0561722161	0.013677095	-0.0140092525	0.0546398677	-0.096187988	0.0588547584	0.0774505483	0.1475373187	0.1304173552	-0.0200442797738844	-0.0141353190026621	0.0004017731516537	0.000199807243307	0.0547648203631325	0.0070847356235362	5.019347885540292e-05	0.0029991855494061	0.0759714740075949	-8.004975644131107e-05	6.407963506313223e-09	0.0057716648628866	-0.0007709941315793	0.0003529866278349	1.2459955943025428e-07	5.94431950929719e-07	0.0003270148705325	-5.4169734499984017e-08	2.9343601357987585e-15	1.0693872554938776e-07	-3.737389616205526e-05	8.494207047814474e-05	7.215155337114108e-09	1.3968081143320887e-09	0.0	0.0	0.0
1318.7428723280514	-1.4062441859134651	1739082.7633160392	1.9775227104154245	1975.8324258347188	3.0808747346741256	9.491789130753364	3903913.77497991	1271.4636099338531	-1.0641018152236938	1616619.7113860254	1.1323126731623605	1443.99255364872	1044.5069277961911	1.102589	22.431652	0.02424320291715	0.01233891432834	-0.1215745611	-0.1046685061	0.1591231248	-0.074738189	-0.0017460691	-0.0481919214	-0.1153184265	0.1017312563	0.1292111402	0.0573459925	0.1103895817	0.1545737785	0.1017449557	-0.0062752562	0.0676758902	-0.1126377236	-0.042648209	0.0626564836	-0.069518784	-0.0126674764	0.0981196375	-0.0487492967	0.0359425782	-0.0641240121	0.093895701	0.0623179291	-0.1868292323	0.0670404564	-0.0439407573	-0.0194843834	0.0854842848	-0.0869579984	-0.017210399	0.084577557	-0.2191107109	0.0125431319	0.0672185947	0.0496522693	-0.0950521765	-0.0227563579	0.1028006518	0.0554265335	-0.1112084296	0.0167972588	0.0472382589	-0.1169482226	0.1171238288	-0.0141827641	0.1333106681	0.0278626925	-0.1545719149	0.0544664463	0.1035930107	0.2000957844	0.0813503821	0.0547868132	0.0181490896	0.151751181	0.1116211342	-0.1394078441	-0.1098391492	0.0730628846	0.0781101661	0.0209621698	-0.1010881097	-0.1038829432	-0.0075998445	-0.133177602	-0.0644469498	-0.0981120252	0.0035495674	0.0687145806	0.0324110064	0.0524788931	0.0103959045	-0.0235373978	-0.0343074941	0.0611899712	-0.0168972367	-0.0473908653	0.1200064419	-0.0325493821	0.0542445979	-0.0468350712	0.1458854101	0.124097542	-0.0158182185824529	0.0042260611914314	0.0002502160391222	1.785959319372342e-05	0.0478783086123542	-0.0068865117507782	4.742404409360759e-05	0.0022923324355798	0.0759713203486569	-1.53658937990242e-07	2.3611069224289037e-14	0.0057716415155182	-0.0007019624289191	6.903170266019999e-05	4.765375972166262e-09	4.927512516140025e-07	0.000327081253356	6.638282349996031e-08	4.4066792558268826e-15	1.0698214629693184e-07	-0.0002308853369984	-0.0001935114408363	3.744667773455815e-08	5.3308038840864736e-08	0.0	0.0	0.0
1322.387237366179	3.6443650381277166	1748708.0055489552	13.281396531127632	1969.440279747829	-6.392146086889852	40.859531596141245	3878695.015493207	1270.690938591957	-0.7726713418960571	1614655.4614197088	0.5970210025874536	1441.57165956643	1050.418161411741	1.165272	23.7069	0.1229829415637932	0.0722829764189873	-0.1038127867	0.1158153467	-0.0884960119	0.116557668	0.1036336121	0.0603431608	-0.0229929276	-0.0611399823	-0.1058360977	-0.0131762639	0.0514746076	0.0121087853	-0.1488916102	-0.1338017107	0.1784527674	-0.1098554203	-0.0180478273	-0.0065039489	-0.0266181869	0.0852777873	-0.0242495701	-0.011368958	-0.086713714	-0.0934131897	0.0034520218	0.0552067191	-0.0304778787	0.0116955866	0.0851053493	-0.0723310261	-0.0762798017	0.0681483094	0.0843755364	-0.0825023381	-0.0271950845	-0.0777712293	0.0179616787	0.0897556447	-0.0293531909	-0.1578951713	-0.0058602385	0.0225456733	0.084642647	0.0773266899	-0.0574419933	-0.0784285941	-0.0471084235	0.0345345301	-0.0083219122	-0.0191797095	0.1541655096	0.0224471175	0.0233285517	-0.0474324214	0.1027917767	0.1289900512	-0.0249970719	0.012155879	-0.056567382	0.0703994556	-0.1159427074	0.0355263283	0.0058470017	-0.0409716902	0.0942442147	0.0269724203	0.0199476981	0.0177571817	-0.0058988119	-0.0428181584	0.0851330501	0.1057471193	-0.0724825362	0.0186286135	0.0592327283	0.1412813211	0.0119590325	0.096670262	0.0124565024	-0.0319728522	0.1058155302	-0.1360886034	-0.0428533801	0.0024984593	0.1440342395	0.1170999511	-0.0233626416555523	-0.0075444230730993	0.0005458130251257	5.691831950591459e-05	0.0158237128254796	-0.0320545957868746	0.0010274971110599	0.0002503898875832	0.0760419896793962	7.066933073929249e-05	4.99415430713951e-09	0.0057823841944013	-0.0017565337576036	-0.0010545713286845	1.1121206872833917e-06	3.0854108416010228e-06	-0.000256272489755	-0.000583353743111	3.403015896016146e-07	6.567558900522658e-08	-0.0002592253326645	-2.833999566609997e-05	8.031553543545651e-10	6.719777309502067e-08	0.0	0.0	0.0
1322.151436683281	-0.235800682898116	1748084.421523664	0.0556019620552178	1983.2752193734664	13.83493962563739	191.40555444503164	3933380.5957808713	1271.8956615924835	1.2047230005264282	1617718.5739777817	1.4513575079974004	1445.2134046953145	1050.1632655993258	1.086697	22.108335	0.0749084386291505	0.0419326263229103	-0.1222465264	0.0473151328	0.1327486321	-0.0858833422	-0.12478484	-0.024706526	-0.0534509134	-0.0443544453	-0.0819836226	0.0257891271	-0.007425721	0.1621476891	0.0486718217	-0.0675844453	0.1161898026	-0.1457384257	0.0369718939	-0.0342593466	0.1143601787	-0.0597643429	0.1444768995	-0.1206434521	0.0314160738	0.0338574211	0.0562281047	0.2325697623	0.059923022	0.1345620517	0.0910245032	-0.0014098254	0.0226042755	0.0723945893	-0.0478829658	0.0283570041	0.1751038995	-0.0690447995	-0.0574277272	-0.149980918	-0.1418582846	0.0020386917	-0.0123031516	0.0965779725	-0.148613736	0.0078263222	-0.0400849032	-0.071709695	0.1425039062	0.1609432232	0.0220471653	0.0581704504	-0.1156181866	-0.0671357361	-0.1805865898	-0.0459355698	0.0284898091	0.0581234002	0.0392280712	-0.0726860512	0.0236802083	-0.0112863409	-0.1254986838	0.0377080224	0.0754849026	0.0313069478	-0.0977704449	0.0534037381	-0.0364699007	-0.0602206813	-0.0034630512	-0.0630693503	0.0991113382	-0.0587097097	-0.0161173186	-0.0008695028	0.0210254198	0.074456983	-0.0236141495	-0.0631307175	-0.0446241857	0.0858846291	0.1596987476	-0.0816306704	-0.0301636596	0.0856489447	0.1419863355	0.1094628008	-0.0193218514206989	0.0040407902348534	0.0003733339423235	1.632798572208659e-05	0.0479088839327062	0.0320851711072266	0.00102945820498	0.0022952611596775	0.0759594093163684	-8.258036302780103e-05	6.819516357803407e-09	0.0057698318636915	-0.0014270234505633	0.0003295103070403	1.085770424457929e-07	2.036395928457587e-06	-8.512057663434547e-05	0.0001711519131206	2.929297736486008e-08	7.2455125665634804e-09	-0.0005325610509844	-0.0002733357183199	7.471241490945576e-08	2.836212730256087e-07	0.0	0.0	0.0
1320.717573019947	-1.433863663334023	1744294.907683699	2.0559650050296643	1972.058483281412	-11.216736092054362	125.81516855879497	3889014.6614821833	1271.35067820549	-0.5449833869934082	1616332.5469735598	0.2970068920988069	1443.4536196585216	1075.6020840394212	1.283654	26.115335	0.107783655767373	0.0702958176576943	-0.0305777752	0.0351286071	-0.1808994501	0.0840097875	0.1329977172	0.0204306198	0.0961420424	0.0920937285	0.1173514513	0.0019248993	-0.01003105	0.1498437529	0.0183551208	-0.1191663979	0.0166444477	0.0211864731	-0.079853318	-0.0402721157	-0.0624171199	-0.0821671653	0.0137412997	0.039947364	-0.1836514929	0.0661316274	-0.0343531464	-0.016305307	-0.0424608828	0.1864913594	0.0802340118	0.2009006516	0.0481599343	0.0663169202	-0.0391490031	-0.1616404708	-0.0945102798	-0.0830597364	-0.0641980161	0.0081252706	0.0273842507	-0.0536610654	0.0898685296	-0.0274290705	0.12433755	-0.0303336104	-0.0479722031	0.1065782931	0.0995462286	0.1002531786	-0.167728804	-0.0017228684	0.1530207621	-0.0806347014	-0.0891412996	0.1381905187	0.2140317264	0.1114865222	0.1405751448	0.0333123908	0.0311669996	-0.0877505419	-0.0741387969	0.0346996335	-0.1459439933	0.0119907425	0.0846784324	-0.0027599536	0.1310420454	0.0778197484	-0.0835694856	0.0038797953	0.0870712487	-0.0378208063	0.0077434968	-0.0313380163	-0.0217022253	0.2212400067	0.0509629571	0.2030205711	-0.1912303773	-0.0008547607	0.1001042472	-0.0963846981	-0.0720479222	-0.1055366208	0.1397444952	0.1012278027	-0.0148248745689301	0.0044969768517688	0.0002197769059845	2.022280080534444e-05	0.0407990173767132	-0.007109866555993	5.055020244402778e-05	0.0016645598189053	0.0566501370805099	-0.0193092722358584	0.0003728479942784	0.0032092380312405	-0.0001790530692899	0.0012479703812734	1.5574300725356752e-06	3.206000162213373e-08	-0.0002569627505066	-0.0001718421738722	2.9529732721142164e-08	6.602985514791717e-08	-0.000415022803655	0.0001175382473294	1.381523958526722e-08	1.722439275536567e-07	0.0	0.0	0.0
1321.9786537527473	1.2610807328003375	1747627.560977926	1.5903246146402363	1978.893697943569	6.835214662156886	46.72015947776448	3916020.2677607727	1270.0084964036942	-1.3421818017959597	1612921.580937572	1.801451989072248	1442.0391652518456	1076.0508698017525	1.158066	23.560299	0.0772748147960986	0.0501996632331944	-0.041694853	0.0118553525	0.0301557615	-0.1087920281	-0.1653695706	0.0276728057	-0.0602474049	0.0040684901	0.0079119491	0.0168504392	-0.1067588784	0.0034687264	-0.0325250993	-0.1226733859	-0.0984798239	-0.0323053477	0.0017576861	-0.0865113182	0.0940478781	0.0275735398	0.0043126816	0.1995396207	0.0516001727	-0.0681255061	0.1291870625	-0.275031877	0.0440036526	-0.0403732846	0.0939978814	-0.0607535565	0.0409159276	0.0413784875	-0.0917221697	0.377005471	-0.0616088134	-0.1159481075	0.0156944648	0.0461352291	-0.0526535108	-0.0300083365	-0.1292631359	-0.0182253614	-0.0781772801	-0.0992622621	-0.0088227248	0.1980868715	-0.0955599426	0.008214206	-0.0315507361	0.1702143538	-1.80118e-05	0.0528037242	0.1032336303	0.118844087	0.0561065655	-0.1484819549	-0.2321691572	0.0048863271	0.1220124867	0.0673945668	-0.0742150246	-0.0217005089	-0.1138688619	0.0645378837	-0.1064620192	0.0790764569	-0.0053133037	0.1960065993	0.0431424709	0.1190037065	-0.0663789762	-0.085659155	0.2210469942	-0.0906614142	0.0556639491	-0.0377187217	0.1115209612	0.0537825453	-0.1025181167	-0.0218635691	0.1958677019	-0.0148402555	-0.1245625125	0.0085361566	0.1373117808	0.0924399334	-0.0057993598671828	0.0090255147017473	3.36325748690905e-05	8.145991563145664e-05	0.0144686399799951	-0.0263303773967181	0.0006932887738536	0.0002093415428707	0.0612065230183631	0.0045563859378532	2.0760652814666397e-05	0.0037462384599974	-0.0009260529878451	-0.0007469999185552	5.580088783214755e-07	8.575741362968369e-07	-0.0002568078414268	1.5490907980002981e-07	2.3996823004492004e-14	6.595026741829244e-08	-0.0004151187112156	-9.590756060000057e-08	9.19826018024278e-15	1.723235444013007e-07	0.0	0.0	0.0
1321.2275819268273	-0.7510718259200075	1745642.323244211	0.5641088876908141	1974.8808059061853	-4.012892037383608	16.103302503696764	3900154.197536664	1271.7236403226852	1.7151439189910889	1617281.0173555824	2.941718662852111	1442.255771866389	1088.145588734858	1.15291	23.455399	0.0885034535487186	0.0456186933329061	0.023694864	-0.0383135229	0.1199924337	-0.0151902389	0.0027469473	-0.0624125163	-0.094268819	-0.0714667843	0.0572891722	0.1595025723	0.056103391	-0.016129039	-0.0253974583	0.0248609504	-0.1223283178	0.0162797156	-0.0703432172	-0.1593550714	0.0436643153	-0.1774549648	0.101761557	0.0732498316	-0.0090978622	-0.118971821	0.1035093747	-0.0784977814	-0.0120809128	-0.1737977576	0.0176806374	-0.0673566271	0.0076789152	0.074103514	0.021503252	0.0219586304	0.1945929375	-0.0930545816	-0.0335528407	-0.0199790002	0.0128307576	0.0344744986	0.1008503403	0.0730396108	-0.0901126526	-0.160940941	0.0195801027	-0.0167654203	-0.0140256225	-0.0437150763	-0.0304577824	0.1574167762	0.0750156964	0.1078497546	0.1323155389	-0.0832173615	0.0474911541	-0.0723631944	-0.1805483955	-0.0726856172	-0.0593050587	0.044591031	-0.0366391771	-0.0088028297	-0.2021554627	0.141733191	-0.1743818315	-0.1133509363	0.0222153743	0.0370189631	-0.1421222637	0.0107052356	-0.0592654982	0.06638054	0.0764982391	-0.0562639424	-0.007961117	-0.0101568902	-0.0414931115	-0.0850400426	-0.0953273867	0.0958693193	0.1724763528	0.0031480797	-0.2465659251	-0.0814199337	0.1346915149	0.0831471893	0.0003862708204138	0.0061856306875966	1.4920514670315018e-07	3.826202700333679e-05	0.0280275198678623	0.0135588798878672	0.0001838432238136	0.0007855418699434	0.0213004971254733	-0.0399060258928898	0.0015924909025639	0.0004537111777922	-0.001194017755018	-0.0002679647671729	7.180511644602654e-08	1.425678399298225e-06	-0.0002569360851885	-1.2824376170001656e-07	1.6446462414970628e-14	6.601615187199214e-08	-0.0001061533805429	0.0003089653306726	9.545957555769085e-08	1.1268540200685742e-08	0.0	0.0	0.0
1323.6511959909324	2.423614064105095	1752052.4886482256	5.873905131728017	1971.1375320056247	-3.7432739005605526	14.012099494617814	3885383.170081225	1271.6654872894287	-0.0581530332565307	1617133.1115630602	0.0033817752769351	1441.59511952687	1106.09907960078	1.207898	24.574114	0.0770839663919546	0.0401725079085668	0.0903772423	0.1166800157	-0.1241145141	0.2016370079	0.0879465218	-0.0755127557	0.0499318439	0.1221512585	0.1173835596	-0.060890232	-0.1463027399	0.1484264546	-0.1591839487	-0.005709678	-0.0980108941	0.0712258245	-0.0717790719	-0.274643878	-0.0252705299	-0.0432926883	-0.1245927383	0.0045192057	-0.1506138043	0.2394408265	0.030910004	0.001035118	-0.0190439872	-0.1535542112	-0.0829738453	0.0005102156	-0.1407988376	-0.1715171175	-0.0240639974	-0.0423290112	-0.0300152032	-0.0018581272	0.0405659494	0.0696551217	0.1439665348	-0.0517337078	0.0741661932	0.1573199638	0.0600708222	-0.1072948405	0.0453474855	0.1595152764	0.0916017984	0.0360368106	-0.1794485587	-0.1362169097	0.1909592408	0.0941077546	0.0121618053	-0.0046234547	-0.1780269365	-0.0977269646	0.2317904197	0.1857362092	-0.0150452812	0.0423599469	0.0065180227	-0.0404693214	-0.2973871383	0.0925195006	0.0676639814	-0.0039706728	0.0725458373	0.1228935484	-0.0912786087	0.0050548865	0.0553497745	-0.0267932486	-0.0645573842	0.021097983	-0.0111056251	0.0231007132	-0.0366714499	0.0999649396	0.1138244045	-0.0188797834	-0.0130488447	0.0882804286	-0.1426222658	-0.0563391887	0.1318872767	0.0734003241	-0.0057903826766079	-0.0061766534970217	3.352853154156087e-05	3.81510484222704e-05	0.0116736695110262	-0.0163538503568361	0.0002674484214937	0.0001362745598526	1.3205616014033694e-06	-0.0212991765638718	0.0004536549222989	1.7438829431010317e-12	-0.0017800222354498	-0.0005860044804318	3.434012510861439e-07	3.1684791586957035e-06	-0.0003168886823512	-5.9952597162699984e-05	3.594313906552982e-09	1.0041843700227973e-07	-0.0001252820224329	-1.9128641889999985e-05	3.6590494055586215e-10	1.5695585144877657e-08	0.0	0.0	0.0
1326.1151320697645	2.4639360788321483	1758581.343504409	6.070981000570742	1981.198228063662	10.060696058037363	101.21760517220858	3925146.4188825935	1273.2468746900558	1.5813874006271362	1621157.6039079947	2.5007861108622507	1441.1777268467083	1120.4587417381208	1.045123	21.262537	0.0654368366366224	0.0427943612026142	0.1264326198	0.1320032436	0.0302802959	0.1181296563	-0.1131820429	0.1513548538	-0.0642154778	0.0223467372	0.0792746033	0.21674632	-0.0865829171	0.029950621	-0.090959303	0.0578985684	-0.0316521026	0.1062254723	-0.0601147762	-0.1740971058	0.0414075026	0.0500616727	-0.0598071536	-0.0405835117	-0.2300989019	-0.0318431985	0.0220196525	-0.2504362709	-0.0870964687	0.0599868236	-0.2678973705	0.0661961242	0.0254326686	-0.1502441168	-0.119377262	-0.0256177931	-0.0688932009	-0.0208662322	0.1601725103	0.097646842	0.152547891	-0.066959629	-0.0826575532	0.0297596509	-0.0288037551	-0.1743492764	-0.0719935851	-0.0216064409	0.0072627645	-0.0880168343	-0.1590215978	0.0516084844	0.1415791716	-0.0557837661	0.2510262117	-0.0631015071	-0.0152054975	-0.1593756004	0.1428509348	-0.0435740704	0.0265060731	-0.2219572688	0.0306063654	-0.0309931065	-0.3106041296	0.0181309214	-0.036982074	0.1277117321	0.0467012365	0.1017030006	-0.0880023046	0.0512609274	-0.1503662904	0.1218967049	0.003915054	0.0648741682	0.0043649729	-0.0442771821	-0.1031503785	-0.096707633	0.1097703801	-0.0727316036	-0.0845065434	0.0500206764	-0.1741902497	0.0245742723	0.1289028963	0.0632525717	-0.0058544512024525	-6.406852584460009e-05	3.427459888189753e-05	4.1047760039001904e-09	-0.004899200737114	-0.0165728702481402	0.0002746600282616	2.4002167862538365e-05	-0.0369973696276062	-0.0369986901892076	0.0013689030757169	0.0013688053593617	-0.001549020827928	0.0002310014075218	5.3361650277052797e-08	2.3994655253547466e-06	-0.0003134048715449	3.4838108063000098e-06	1.2136937734092723e-11	9.822261350807527e-08	-0.0001237430872924	1.5389351404999864e-06	2.3683213666657128e-12	1.5312351652654527e-08	0.0	0.0	0.0
1325.779578034452	-0.3355540353124979	1757691.4895332097	0.1125965106145011	1979.99764119298	-1.200586870682173	1.441408834054413	3920390.659129765	1274.039855837822	0.7929811477661133	1623177.554263258	0.6288191007124624	1443.8609200107212	1119.189650431428	1.112117	22.625486	0.0588737585263776	0.034120518892148	0.1054206921	0.0380991233	0.2033802067	-0.0407859894	-0.1318940393	-0.0707654899	-0.0491230657	-0.0599968174	0.0800497856	0.1277282716	-0.0354539727	0.117591628	-0.0045913662	-0.0228446597	-0.0679335971	0.0804789868	0.0025466492	-0.1197013391	0.2344892673	-0.0888904491	0.1691314797	-0.1357500888	-0.0772103391	0.0133176546	0.082729525	0.0364422028	-0.0590510864	0.0586779946	0.037267439	-0.0263281005	0.1018767687	-0.1557695682	-0.1509194226	0.1635788328	0.0854619408	0.1057802277	-0.0662019048	-0.0082321031	0.0425525101	0.1095785915	-0.0052309283	0.197261168	-0.1869062974	-0.0865045586	-0.1341367872	-0.0375291846	0.1177408936	0.0486754323	-0.0137762256	0.1234032755	0.1082800074	0.0467851037	0.0024288394	-0.022034633	0.0417429485	0.0022534173	-0.0413354636	0.0348799423	-0.0668667539	0.0136227033	0.0077161419	-0.0415354126	-0.2350133007	0.167676845	-0.1536428161	0.0146173707	0.0025422902	-0.0593810737	-0.0784230676	-0.0399805376	-0.0711201937	0.0113142254	-0.0193742536	0.0790672051	-0.015942876	-0.0826979726	0.0116119354	-0.0579162029	0.1420680256	0.1416457186	0.1297344306	-0.0848055192	-0.0320860965	0.1454659631	0.1257424501	0.0527593557	0.0015655640422664	0.0074200152447189	2.4509907704375104e-06	5.505662623186088e-05	0.0019743077782976	0.0068735085154116	4.724511931143579e-05	3.897891203446406e-06	-0.0234953700216991	0.0135019996059071	0.0001823039933579	0.0005520324124565	-0.0021070156197444	-0.0005579947918164	3.113581876942278e-07	4.439514821846879e-06	-0.0002568626287187	5.654224282619999e-05	3.1970252238169636e-09	6.597841003228073e-08	-0.0001307707558566	-7.027668564199986e-06	4.938812544824469e-11	1.7100990587306482e-08	0.0	0.0	0.0
1325.960068072215	0.1804900377630929	1758170.1021220733	0.0325766537317227	1967.037291976046	-12.960349216933992	167.97065182488151	3869235.708024456	1271.164414644241	-2.875441193580855	1615858.969057836	8.26816205774169	1439.2289912761412	1119.577599938819	1.279568	26.032204	0.0483736399916837	0.0251104337269009	0.1561062373	0.1304148528	-0.1307768204	0.2128938487	0.101133151	-0.1683408375	0.1038642857	0.1202519101	0.0153552146	-0.1512479138	0.018951087	-0.024618666	-0.11510536	-0.0442442953	-0.0143378097	0.1165839976	-0.0072590553	-0.1547966962	0.0084947489	0.0397396962	-0.0887902963	-0.0323694604	-0.2372075853	0.0630601293	-0.0902106275	-0.0589581197	0.0487225936	-0.164164897	-0.0664022486	0.0683375614	-0.1016635347	0.1355078448	0.0404240394	-0.0061067264	0.03361903	0.1220415219	-0.2018056493	0.013707594	0.1974081386	-0.0395527983	0.0249886956	0.0935412188	0.0752412786	0.0101273472	0.0478388942	0.1661402913	0.0388592987	-0.1601672593	-0.152649662	-0.1335043931	0.1448933925	0.0081268774	-0.0416903208	-0.0770390932	-0.1021231572	0.0005704521	-0.0652475882	0.1268609435	-0.0311514397	-0.0665130225	0.0719268002	-0.0601549141	-0.2761734133	0.0976313545	0.0917942243	0.016401781	-0.0213590943	0.118346439	-0.0799193824	-0.015152976	0.0764288631	-0.1054759901	-0.1372480858	0.092369095	-0.0337501939	-0.1150048395	-0.1131500524	0.0422906703	0.1975054187	-0.009408236	-0.0781289553	0.127370597	0.1579179676	-0.0744085672	0.1224102548	0.0419779864	-0.0058398046986383	-0.0074053687409046	3.4103318918237964e-05	5.483948618876845e-05	-0.0047172073321917	-0.0066915151104893	4.477637447390664e-05	2.225204501488313e-05	-0.0402102079210138	-0.0167148378993147	0.0002793858060003	0.0016168608210511	-0.0020410549477317	6.596067201270015e-05	4.350810252367005e-09	4.165905299660053e-06	-0.0002560757726268	7.868560918999684e-07	6.191425093600915e-13	6.55748013264126e-08	-0.0004152615925715	-0.0002844908367149	8.093503617474393e-08	1.7244219026501848e-07	0.0	0.0	0.0
1328.9493585346545	2.989290462439385	1766106.3975496695	8.935857468831072	1983.771679586616	16.73438761057014	280.0397287008033	3935350.076729904	1271.8477458953855	0.6833312511444092	1617596.688739173	0.4669415987905836	1441.827882601459	1149.7671670490563	1.163049	23.661684	0.0968002795573308	0.0520074084075167	0.1879954441	0.058659257	0.0446446457	0.0494592012	-0.2123381512	-0.0225073478	0.0193666216	0.0686334961	0.0229975022	0.0038458969	0.0120926449	-0.0259817245	-0.1397399639	-0.1183430842	-0.0231633394	0.1322157737	0.0242687083	-0.0628999696	0.1135525504	0.1224707617	0.0139350621	0.059689929	-0.0266991108	0.0527764023	-0.1282735241	-0.0101164973	0.0401806527	-0.2409953444	-0.0753379102	-0.0759660599	0.0810318071	-0.0279169262	-0.1666096757	-0.1680099173	-0.1425063662	0.1269405671	-0.122589103	-0.1002968466	0.1550412536	0.0410287099	-0.154215025	-0.0233364236	-0.13672082	-0.0273940464	-0.0308471004	0.1284457886	0.0157513107	-0.1131345793	-0.0498488968	-0.1430542781	-0.005711749	-0.0249683775	0.1535091886	-0.0630977816	-0.2419956779	0.0298490943	-0.0588967458	0.1158551084	0.0231740815	-0.1367109361	0.132386426	-0.0416804721	-0.1730949212	0.0789129307	-0.0900139914	0.1536430018	-0.0872290662	0.0990759701	0.0299131383	0.0666810137	-0.042881848	-0.1691584187	-0.071372731	-0.0258614541	-0.0381048943	-0.0535113087	-0.0331199244	-0.0611141438	0.23618909	-0.076564416	-0.1692074609	-0.0075684569	0.1125631683	-0.1378161809	0.1189108618	0.0309673479	0.0001081853807818	0.0059479900794201	1.1704076614903061e-08	3.537858598487993e-05	-0.037595127843204	-0.0328779205110123	0.0010809576571284	0.0014133936375468	-0.0419796971324757	-0.0017694892114619	3.131092069480066e-06	0.0017622949713343	-0.0013729942936125	0.0006680606541192	4.4630503758217355e-07	1.885113330292488e-06	-0.0002570276248916	-9.518522647999776e-07	9.060227340048464e-13	6.606319995741703e-08	3.982349615323018e-05	0.0004550850887247	2.0710243797959558e-07	1.585910845866339e-09	0.0	0.0	0.0
1327.5976706554968	-1.35168787915768	1762515.575129901	1.827060122661787	1981.321589067948	-2.4500905186680484	6.002943549667067	3925635.2393067386	1272.624202489853	0.7764565944673905	1619572.3607629342	0.6028848430918976	1442.9449701805	1153.0447766951734	1.173013	23.864388	0.0916299425831152	0.0558603478233821	0.2257223627	-0.0048840544	0.0295725118	0.0575450563	-0.0616014786	-0.0938382268	0.1040186375	0.0595585252	-0.018626783	0.0189807654	0.1936832506	-0.1084996953	0.0808290108	0.0639449369	0.0460780169	0.1757505808	-0.0922548237	0.0231116182	-0.0190081259	-0.1424015006	-0.0871997306	-0.0009899806	0.1169955434	-0.1291806886	-0.1020779271	-0.2208161658	0.0621198613	-0.2037276985	0.1367190108	-0.2437540129	0.2039525169	-0.0080489779	-0.0660592234	-0.12539261	-0.1820662102	0.1152694821	0.0606904343	-0.1506729465	0.1548650847	0.1344063645	0.1478778014	-0.0641583669	-0.019478971	0.0329624006	0.007691006	0.1045032304	-0.1534016397	-0.0137860145	0.1196431298	0.0978341387	-0.0148595953	-0.0169352176	0.1494519585	-0.06373084	-0.2867209967	0.1217218319	-0.1723222563	-0.0219555917	-0.0539692704	0.0621878832	0.2269045093	0.0117447932	0.0153097519	0.0214202443	0.0473904816	-0.136805737	-0.1161555583	0.0907536838	-0.0563504423	-0.003647784	-0.0015842799	-0.1142552275	-0.0906033067	-0.0010442776	0.0728759324	-0.1830562157	-0.0375168034	-0.3347779388	0.0933320369	0.0490436621	-0.1182012825	-0.0977746104	0.0766281988	0.246252605	0.1152490509	0.0197875765	0.000658442027472	0.0005502566466902	4.33545903541438e-07	3.027823772267437e-07	0.0071145978347715	0.0447097256779755	0.0019989595701998	5.061750235053531e-05	-0.0372353814766697	0.0047443156558059	2.2508531041925903e-05	0.0013864736337131	-0.0021069829944272	-0.0007339887008147	5.387394129236515e-07	4.439377338805411e-06	-0.0002571465057061	-1.1888081450001955e-07	1.4132648056188055e-14	6.612432539685733e-08	0.0001382288065769	9.840531042366982e-05	9.683605119578822e-09	1.9107202967674032e-08	0.0	0.0	0.0
1327.9696975893733	0.372026933876441	1763503.5177156115	0.1384040395295058	1980.9522821095363	-0.3693069584116983	0.1363876295312999	3924171.94399498	1273.3418350219729	0.7176325321199784	1621399.4288171253	0.5149964511569317	1442.8533434386648	1163.6147014891328	1.256047	25.55368	0.2379015995446539	0.2031748367932016	0.2300345276	0.0261294007	-0.062258838	0.1816422583	0.0277567071	0.0917920888	0.1895377333	0.1316039864	0.0731608598	0.1114918636	0.068955833	0.0464816726	0.062241145	-0.1465645397	0.0554258555	0.1388748473	-0.1695377517	0.1794583185	-0.0823813401	0.1336646924	-0.0497962814	0.1350437498	0.0412845778	0.1984877099	-0.0169516465	0.1548097344	0.0040417801	0.0168118933	-0.0268704392	-0.0586443625	0.0549541608	0.2070020109	0.0512055392	0.0665213956	-0.0669437111	-0.1905542195	0.0369057751	0.003954133	0.2192590953	-0.0615939702	0.0782103974	-0.2217476239	0.025560922	0.0792143647	0.0299136905	-0.0099066922	0.0393875121	0.0402403217	0.15306688	-0.1885525976	-0.1096548368	-0.017784546	-0.1432727492	-0.0243244624	0.0153901343	-0.0791426422	0.0402124447	0.049564186	0.2600132628	0.1253086761	0.2586408459	0.1040618234	0.0461113426	-0.1245407478	0.0507200541	0.0463389502	0.044273913	0.0108605197	-0.0278747996	0.0217972953	0.1702980464	-0.0751068081	0.0515092864	0.0082482135	-0.2222635882	-0.0165056848	-0.0146369	0.1187543686	-0.0226674766	-0.1128461634	-0.14538936	0.2145020712	-0.0343203148	-0.0694813605	0.1114298236	0.0084997322	-0.0057130298359453	-0.0063714718634172	3.2638709906401176e-05	4.059565370631832e-05	0.0025062696582693	-0.0046083281765022	2.1236688582344093e-05	6.281387599961314e-06	-0.0695161294929391	-0.0322807480162694	0.0010420466924898	0.004832492259679	0.0017200243978749	0.0038270073923021	1.464598558073492e-05	2.9584839292849124e-06	-0.0002568252149959	3.2129071020001176e-07	1.0322772046082795e-13	6.595919105769027e-08	0.0002037211533339	6.549234675699999e-05	4.289247483739127e-09	4.1502308315694396e-08	0.0	0.0	0.0
1328.1318441453957	0.1621465560224351	1763934.1954330497	0.0262915056299366	1988.38294138002	7.430659270483602	55.2146971940239	3953666.72157106	1274.122076034546	0.7802410125730148	1623387.0646385811	0.6087760377009634	1443.7134333774827	1157.0029391656556	1.054478	21.45285	0.0592462238355911	0.0425131472006848	0.221828442	-0.0554773634	-0.0334453437	0.0034114404	-0.215402347	0.0607905253	0.0635200093	0.0834135931	0.0922732782	-0.0188327915	0.1291817132	-0.1933750143	0.0043279385	0.0834734733	-0.0694165063	0.1105039608	-0.1518435566	0.2372576904	-0.0030482861	0.1581780046	-0.031583387	0.1554450364	0.0538158689	0.0928208591	-0.0031082752	0.2156172457	0.2554068355	0.0003147823	-0.1013078136	0.056543887	0.0128053767	-0.096578144	0.0738723667	0.1220868427	0.0163887274	-0.0240279706	0.0180946066	-0.1243106315	0.1495779324	-0.0150849849	-0.0890949699	-0.3078934309	-0.0948643776	-0.0019829516	0.130497059	-0.0253393727	-0.0248024132	0.0546070008	0.0251867312	-0.0163776869	-0.1785418237	-0.0763758788	-0.1539900634	0.1268885695	-0.1109399036	-0.0171791954	0.1117642899	-0.0682290736	0.0251324023	-0.0661787095	0.273850895	0.0988471942	0.1126465073	-0.1034590332	-0.0272393217	0.1468786715	0.0416728627	0.0811881176	-0.0370843134	0.1487301022	0.0352900419	-0.0500013335	0.1564071114	-0.0560090971	0.0446300394	-0.1608472785	0.1292202932	0.0105448097	-0.131543096	-0.1039863932	0.0524247039	-0.0931030491	-0.0113749525	0.0120205514	0.1074583966	-0.0028345346	-0.0057128991001889	1.3073575639947765e-07	3.263721612893915e-05	1.7091838001343563e-14	-0.0230312506635073	-0.0255375203217766	0.0006521649441851	0.0005304385071253	-0.065589235568801	0.0039268939241381	1.5420495891432726e-05	0.0043019478224996	0.001124527862559	-0.0005954965353158	3.546161235732409e-07	1.2645629136715133e-06	-0.0002568857277518	-6.051275589999145e-08	3.661793626611951e-15	6.599027712257191e-08	0.0002036446243273	-7.652900659997675e-08	5.856688851179283e-15	4.1471133017407156e-08	0.0	0.0	0.0
1325.7808626412036	-2.3509815041920774	1757694.895745654	5.527114033053243	1982.972489412166	-5.410451967853987	29.272990496455083	3932179.8937654826	1273.7483921051023	-0.3736839294435867	1622434.9663903334	0.1396396791243995	1444.3855944836662	1153.3868416275182	1.10292	22.438391	0.0640626036778493	0.0376838208165774	0.2176858007	-0.192667418	0.0938708681	-0.000999405	-0.0960265999	-0.0727397453	0.0645843681	-0.0349515248	0.1675897958	0.0746533441	0.2489349376	0.012723683	0.0851350916	-0.0888609715	0.0700857544	0.1295736043	-0.1286990827	0.1477124488	-0.0240797981	-0.1687080884	0.1415119749	0.0396588397	0.2014731776	-0.0881372603	-0.0902746964	0.1957579524	-0.125128983	-0.054317979	-0.0384597864	-0.1025246703	0.2031632407	0.1064828219	-0.0326180719	0.1449656918	0.0084004246	-0.0814277823	0.1196695381	0.1302201528	0.0860667027	0.1497922089	0.1481459155	-0.1292965928	-0.1368987816	0.0425413589	0.0348147578	-0.0975273823	0.0183139148	-0.0285120102	0.2622835711	-0.021751983	0.023699252	-0.1332125501	0.0295957192	0.0047328201	0.0916847518	0.0449553901	-0.2459334183	-0.0303437996	0.1809028854	-0.0006186141	0.2827630152	0.1035620266	0.1637447861	-0.0117104509	-0.1387833644	-0.0497874544	0.0644477847	-0.1208690508	-0.1473534793	0.0499150654	0.1052730734	0.001971158	0.0246996784	0.0634195016	-0.0498560277	-0.0480168504	0.0799551806	0.0718787998	-0.0451739199	-0.0769771778	0.1220019056	0.0209584043	-0.0690187221	-0.0018382303	0.1033401944	-0.0141533203	-0.0057757832190503	-6.288411886139992e-05	3.3359671793463046e-05	3.9544124049746734e-09	-0.0169501584173019	0.0060810922462053	3.697968290685943e-05	0.0002873078703716	-0.0481324974307781	0.0174567381380229	0.0003047377064195	0.0023167373089238	0.0005799921010943	-0.0005445357614647	2.965191955139408e-07	3.363908373317807e-07	-0.0002570176876586	-1.319599067999911e-07	1.7413417002662332e-14	6.605809176937368e-08	-6.0925437796392106e-05	-0.0002645700621236	6.999731777213432e-08	3.711908970682044e-09	0.0	0.0	0.0
1324.6720724407428	-1.1087902004608168	1754756.0995044524	1.2294157086379385	1973.399997301338	-9.572492110827852	91.63260521186147	3894307.549348921	1272.1844664812088	-1.5639256238935104	1618453.3167560778	2.445863357070706	1442.1982547865002	1149.0584729165348	1.107136	22.524149	0.0902554209059416	0.0589073773657341	0.2142319958	-0.0635288095	-0.2201276371	0.0740721918	0.0654686958	0.142049408	0.1620078709	-0.0917934209	0.1306539402	-0.0255034764	0.2053479631	-0.161545671	0.0163509795	0.0809327337	0.0807299631	0.1565246179	-0.1104369669	0.1752120165	-0.0012720442	0.0538640039	0.026635415	0.1647052725	-0.0715052511	-0.0573098977	-0.0332689567	-0.0161819498	0.0984342256	0.0352405181	-0.1073557973	-0.0598526316	-0.0677293654	0.0367166447	-0.084144254	-0.1124318496	0.1466533078	-0.1133335701	0.1189075736	0.0825034721	0.1315086906	0.0478879278	0.0200947819	-0.2821599286	0.0777607247	0.0338429861	0.0120291258	-0.1009257087	-0.0381949751	0.038701383	0.0271969154	-0.0642447728	0.209759469	-0.0980714133	0.046962712	0.0049025644	0.047381904	0.0051599998	0.0257683183	0.0366687075	-0.0310941589	-0.0481169511	0.2783663074	0.0611924901	0.1281516782	-0.094181143	0.088737458	0.0799311499	0.155997943	0.028487095	-0.0611137659	0.0886421346	0.1652347737	0.0481211746	-0.0427058725	-0.0137041511	0.0450559395	0.0274257997	0.1078170196	0.0438778175	-0.0248556072	-0.0051136899	0.0747481631	-0.0716929053	-0.1539925501	-0.0424403804	0.0990808418	-0.0253948054	-0.0058238555172493	-4.807229819899991e-05	3.391729308579511e-05	2.31094585413357e-09	-0.0516929417182581	-0.0347427833009562	0.0012070609914972	0.0026721602234872	-0.0460113261758863	0.0021211712548918	4.499367492579254e-06	0.0021170421364637	-0.0002229738920382	-0.0008029659931325	6.447543861272619e-07	4.971735653066286e-08	-0.0002570226746734	-4.987014800032427e-09	2.4870316615742468e-17	6.606065529626844e-08	0.0002029714630942	0.0002638969008905	6.9641574299659e-08	4.11974148306002e-08	0.0	0.0	0.0
1324.7973727351643	0.1253002944215495	1755088.078805994	0.015700163782127	1976.898980385016	3.498983083678013	12.242882619864895	3908129.578647317	1272.769322872162	0.5848563909532913	1619941.749244462	0.3420569980389091	1444.0126038530916	1142.2446100085265	1.114582	22.675636	0.0851538810461887	0.0645365446762829	0.2177331941	-0.1983790104	0.0983689572	-0.066108929	-0.0200809395	-0.1025983071	-0.0254498634	-0.0186712899	-0.0180122535	0.081264014	0.1596399782	-0.1056081846	0.142958207	0.062326536	-0.0167865905	0.1819459532	-0.1569389861	0.1827923997	-0.0713755378	-0.1701234084	0.0982833923	-0.0475419768	-0.00458126	-0.1111378184	-0.0187438961	0.0683905749	-0.0198666756	-0.0602724327	0.0076145207	-0.1834359892	-0.0801166426	0.0662547697	-0.1087575611	-0.071530606	-0.0767181788	0.1317061936	-0.1515737879	-0.0775250779	0.0606411442	0.1925321099	0.1764023476	-0.179809517	-0.0848901562	0.0046328778	0.0261049324	-0.1275770254	-0.001556009	-0.1556988671	0.0846630175	0.0503244588	0.083640326	0.0485406723	-0.0375865611	0.0654097794	-0.0516123213	0.0101252099	-0.008907346	0.0016629048	0.0217712112	-0.0638973267	0.2675475394	0.0410520389	0.1639095682	0.0087662945	-0.0657847932	-0.1130011967	0.0307385619	-0.078622218	-0.1529616762	0.0337528236	-0.0241024505	0.003410568	-0.0381859431	0.0603297699	0.1218871743	-0.0494581227	0.086679116	-0.0325298823	0.006642069	-0.0555887046	0.0329001383	0.0624342678	0.0403769185	0.0195782493	0.0946861568	-0.0364975928	-0.005806910576112	1.6944941137299677e-05	3.3720210438961405e-05	2.8713103014655087e-10	-0.0543242547836655	-0.0026313130654074	6.923808448183714e-06	0.0029511246578006	-0.0129171456409622	0.0330941805349241	0.0010952247852781	0.0001668526515098	-0.0012109752088872	-0.000988001316849	9.76146602095358e-07	1.466460956539398e-06	-0.000257122732393	-1.000577195999896e-07	1.001154725155014e-14	6.61120995132423e-08	0.0002028439875684	-1.2747552580001848e-07	1.6250009677991177e-14	4.114568329264921e-08	0.0	0.0	0.0
1325.73276785568	0.93539512051575	1757567.3717662825	0.8749640314846745	1978.3765702681108	1.4775898830946517	2.1832718626236662	3913973.853785813	1273.3789978027344	0.6096749305722824	1621494.0720450962	0.3717035209683174	1442.7644956318488	1145.755908718695	1.075684	21.884289	0.0477877281019043	0.0392420785901051	0.2167349945	-0.0640005643	-0.0425673363	0.0867663637	-0.0852036473	0.1412764151	-0.0962182671	0.0682273663	0.0784152104	-0.1360884675	0.2221035371	-0.0796783638	-0.1324637791	0.187326517	-0.0327859686	0.2280116029	-0.107935935	0.1046578369	0.0190741184	0.1417277692	-0.0780866486	0.0703618863	-0.0727261139	-0.0652787176	0.0184445765	-0.0061713901	0.1115007932	0.0922184817	0.0912132568	0.0510914909	-0.0812023853	-0.0886110279	0.1480685208	-0.0395147708	0.1315274063	0.0375258456	-0.024759672	0.1210276788	0.2179110468	0.0060272056	-0.0854575661	-0.2043473092	-0.0256784485	-0.0380969341	0.0442652676	-0.1398775608	-0.0667408637	-0.0197410715	-0.0918552514	0.0082694086	-0.0194505351	-0.0836954892	-0.1144448362	0.1361779652	-0.0960112462	-0.0383863153	0.0023158826	-0.1000135667	-0.2259792512	0.1950182661	0.2713409554	0.0309561075	0.0827108877	-0.0693753329	0.021277188	0.0974188646	0.0629264847	0.0327730046	-0.0075053208	0.0521057489	-0.0348439353	0.0907350493	-0.0067530797	0.0391126757	0.1446823568	-0.0051796119	-0.0056830393	-0.0680361873	-0.0451208897	0.026522352	0.0508573493	0.0003466231	0.0550496866	-0.0525673996	0.0901621419	-0.0474010431	-0.0058072240957187	-3.135196066997304e-07	3.372385169789587e-05	9.82945437851536e-14	-0.0515417604530625	0.0027824943306029	7.742274699837836e-06	0.0026565530706008	-0.0499700197569268	-0.0370528741159646	0.0013729154802535	0.0024970028745076	-0.0010519708605603	0.0001590043483269	2.5282382786862152e-08	1.1066426914679782e-06	-0.000257106905646	1.5826747000035214e-08	2.504859206031236e-16	6.610396093086113e-08	0.0002028647352091	2.0747640700017345e-08	4.304645946170161e-16	4.1154100791458266e-08	0.0	0.0	0.0
1328.5044142632703	2.7716464075901968	1764923.9787169949	7.682023808707643	1974.703959567488	-3.672610700622727	13.488069358328556	3899455.7279315153	1275.2754878997805	1.8964900970461256	1626327.5700380232	3.596674688194024	1445.0406272024918	1137.9163330065105	1.154814	23.494141	0.0299611194840885	0.024199334080812	0.2131656367	-0.0878535707	0.150000188	0.1081851084	-0.069547574	-0.1557991976	-0.1125654733	-0.0375414829	0.0613469137	0.1715605086	0.1139074136	0.012232869	-0.1374782342	0.0886782398	0.1687709717	0.2509660035	-0.0979265949	0.0183736944	0.122244079	-0.0282060899	-0.045689493	-0.1533601137	0.1242619022	0.1128684259	0.0129115999	0.0097993793	0.0328681188	0.2571006567	0.1441592218	0.0284621652	-0.2001308131	0.0046681165	-0.0292879379	0.0418399003	0.1389473017	0.2534520437	-0.027416738	-0.042457822	0.1751390884	0.1853287111	0.1025693478	0.0823938109	-0.1238160877	0.0813019216	-0.0455321367	-0.135857293	-0.1265704163	0.0791249878	-0.1048743846	-0.1464983836	0.0576786647	0.0901918893	-0.0162782532	0.0995093406	-0.0268760484	0.1764691137	0.1390801498	0.0190584515	-0.0356370734	0.2114296858	0.2426336156	-0.02620912	0.059734458	0.0434262676	-0.0862900627	0.0093534571	-0.0839829623	-0.1376889982	0.0623900272	-0.1371901008	-0.0229263103	0.0356973553	-0.1646750845	0.0106574742	0.0529151409	0.3131490926	-0.1041124734	-0.0266712084	0.0753296171	0.1525083145	-0.0325244129	-0.1479253364	-0.0182814256	-0.0179736787	0.0855149763	-0.0580456054	-0.0058174056740512	-1.0181578332499676e-05	3.384220877648309e-05	1.0366453734082692e-10	-0.0514945064866623	4.725396640020002e-05	2.232937340551232e-09	0.0026516841983049	-0.0430412276374809	0.0069287921194459	4.800816023449562e-05	0.0018525472765414	-0.0014849767617547	-0.0004330059011943	1.874941104691744e-07	2.205155982951475e-06	-0.0002306506857838	2.6456219862199985e-05	6.99931569397065e-10	5.3199738852537234e-08	0.0002028290198675	-3.571534160001018e-08	1.2755856256054177e-15	4.113961130041071e-08	0.0	0.0	0.0
1333.592824332168	5.088410068897701	1778469.8211102486	25.89191702925951	1978.9072495137364	4.203289946248333	17.667646372232312	3916073.902178021	1276.4579367637634	1.182448863982927	1629344.864327204	1.3981853159345143	1444.215264961017	1139.471433183846	1.347192	27.40797	0.2640133346694758	0.1692006924929549	0.1940596998	0.1921955046	-0.0559966284	0.3038740069	-0.0654963463	-0.0943488251	0.0814358283	-0.1714227979	-0.0264574851	0.0263947955	0.0009847786	-0.1707664015	-0.1032610654	-0.0434803682	0.0524748913	0.246260937	0.0120189536	0.1018500339	-0.0460218254	0.1973270545	-0.0203667335	-0.1178835785	-0.0418533233	0.0369198059	0.0339838599	0.0341590514	-0.1361803251	0.0450331993	-0.0596473417	0.153705794	0.0543059661	-0.1028798157	0.0445022549	-0.0140346951	-0.055281244	0.1170556307	0.0213394451	0.0501780875	0.311371358	-0.0176254822	-0.0693733731	-0.0005781497	0.0819117212	0.1703177686	-0.0996908918	-0.0772023712	0.0857394022	-0.1645993675	-0.0211731748	-0.0094864905	-0.1131209259	0.0848313268	0.0669430555	-0.0790690706	0.2671012937	-0.1944704484	-0.0200536933	-0.1595868794	-0.1825668168	-0.0718919528	0.207248682	-0.0042928252	-0.045610435	-0.0373185639	0.152695017	0.068036342	-0.1849807551	-0.0391492799	0.1667052839	-0.2289919251	0.0921425634	0.1187799563	0.1821395119	-0.0263831276	-0.2219222774	0.0370296265	-0.245589559	0.1357896339	-0.0942660709	0.2584580603	-0.0525578543	0.1190292596	0.1930704447	-0.003711695	0.0807510076	-0.0683731426	-0.0059349791032587	-0.0001175734292075	3.522397695611744e-05	1.3823511255611114e-08	-0.024133376768944	0.0273611297177183	0.0007486314194298	0.0005824198742718	-0.1073823605967447	-0.0643411329592638	0.0041397813904816	0.0115309713673293	0.0012550351237551	0.0027400118855097	7.507665132734967e-06	1.575113161858979e-06	-8.901992340537568e-05	0.0001416307623784	2.0059272851893694e-08	7.924546763098953e-09	0.000765056343245	0.0005622273233775	3.16099563152228e-07	5.853112083394112e-07	0.0	0.0	0.0
1329.8070447350942	-3.7857795970737698	1768386.776227085	14.332127157620034	1986.6285496230955	7.721300109359163	59.61847537878982	3946692.994177564	1276.0699681043625	-0.3879686594009399	1628354.5634978686	0.1505196806773625	1447.4823821803725	1150.016726809557	1.305254	26.55477	0.2381301538552668	0.1742509424773837	0.1991826144	0.0443542756	0.0578014406	0.0846665579	-0.1285025261	-0.1077578422	0.303405602	0.1220915453	-0.0748476231	0.0778098491	0.007707131	0.0634938186	0.0426958968	0.2010748511	0.0533923003	0.2281493943	-0.001795341	0.0540828805	0.0410751082	0.0153370466	-0.0393498659	-0.1105995287	0.0363192259	0.0881141191	-0.0345727259	-0.0898135673	-0.1393697901	0.1685168099	0.2855925335	0.0072904074	-0.0736402282	-0.0242534	-0.0204318422	-0.0892783136	0.1750675831	-0.0707871245	0.0480860779	-0.0772251894	0.1877646091	0.1855398419	0.0600818223	0.013877147	0.0132952052	0.1501938832	-0.1295720268	0.1210395184	-0.062491627	0.1999906087	-0.0344770165	0.0860331338	-0.1658707918	0.0382217799	0.0372035791	0.0407765508	0.1444510901	0.1442613783	0.0967804154	-0.0372280641	-0.1213452795	0.0211332984	0.1836348864	-0.0754371803	-0.0454807486	0.0554906127	0.1076461415	-0.166831603	-0.1624565996	0.0107828537	0.137789161	-0.2022983405	-0.2044540667	0.0650243325	-0.0796145758	-0.1264232664	-0.0201922246	0.2827727985	-0.0922891938	-0.0567594941	-0.0323383709	-0.0228664715	0.0079973794	-0.1923214547	0.1523446785	-0.0819607704	0.0758767427	-0.0783272495	0.0001434826616559	0.0060784617649146	2.0587274195861475e-08	3.694769742752871e-05	-0.0273869198612288	-0.0032535430922847	1.0585542653354133e-05	0.0007500433794853	-0.0380403717031327	0.069341988893612	0.0048083114237218	0.0014470698793124	-0.0016650025489146	-0.0029200376726696	8.526620009810277e-06	2.772233487892115e-06	2.0114306711338514e-06	9.103135407650952e-05	8.286707425002849e-09	4.045853344777976e-12	0.0005870021679021	-0.0001780541753429	3.170328935704018e-08	3.445715451217652e-07	0.0	0.0	0.0
1327.9508145351672	-1.8562301999270403	1763453.365824614	3.44559055512118	1986.268249890036	-0.3602997330594917	0.1298158976427409	3945261.560521227	1275.2213796377182	-0.8485884666442871	1626189.5670851257	0.7201023857217024	1446.1627377384664	1105.6825211072537	1.372578	27.924438	0.1119932767067911	0.0605276869390001	0.0491152665	0.0577095981	0.0762556766	-0.0480028512	-0.2210123328	0.0480625741	0.1216117693	0.0285693046	0.1018062283	-0.0900309515	-0.0735217847	-0.0667957747	0.0443350192	0.0382339149	-0.0691158985	0.0646488609	0.1014691028	0.060030114	0.2412034844	0.1301924149	-0.1029035869	0.1469732302	0.1064171033	-0.1785769723	0.0741584157	0.0137702273	-0.2024716919	-0.2614071798	0.0382804371	0.0663524666	0.105718149	0.0640025918	0.181748102	0.0124188944	0.2142992499	0.051746324	-0.0131661732	0.0750194872	0.0380191266	0.029302684	-0.2673508144	-0.0915794568	-0.1169276838	0.0028839157	0.1118943554	0.1844104188	-0.064736313	0.0448712114	0.0998790955	0.1105633057	-0.1827912486	0.1855026926	0.0381763892	-0.0828961414	0.0989275507	0.0359389074	-0.1281827109	0.1429493407	0.0268029307	-0.0011773069	0.0729204021	-0.1485253958	0.0577250167	0.0862983082	-0.0015813295	0.0462236817	-0.1661540252	0.0306717489	0.3576355348	-0.0897742902	-0.1703647988	0.1016550999	0.1883650796	-0.0530233942	-0.0170739574	0.0069081905	-0.0040866272	-0.0257214521	0.0002741551	0.0233836508	0.3410979452	0.4015351965	-0.1078651046	0.1588031332	0.0708988393	-0.0878535601	0.0106883500923657	0.0105448674307097	0.0001142408276969	0.0001111942291312	-0.0338219545542273	-0.0064350346929984	4.1409671500094274e-05	0.0011439246098682	0.0017221407600445	0.0397625124631772	0.0015810573973843	2.965768797406648e-06	-0.0023019654461852	-0.0006369628972705	4.057217324993568e-07	5.2990449154306265e-06	-7.312811858017909e-05	-7.513954925131294e-05	5.645951861690483e-09	5.347721727076734e-09	0.0009799169637783	0.0003929147958761	1.5438203681843588e-07	9.60237255900482e-07	0.0	0.0	0.0
1324.7962749488818	-3.1545395862854093	1755085.1701184332	9.95112000144172	1975.203650734641	-11.064599155394944	122.42535446956651	3901429.461875454	1273.6043429374697	-1.6170367002484909	1622068.022349184	2.614807689950528	1446.2097628687743	1061.8935093472842	1.235357	25.132748	0.1234137780968863	0.0643279303672577	-0.0327288937	0.0838465702	-0.0102637695	-0.0048330982	0.0296410176	-0.172154634	0.1386942839	0.0658507479	-0.0828789177	-0.1577502064	0.0301191305	-0.0723052435	-0.006453332	-0.041236651	-0.0639688908	0.0019669696	0.1753577852	0.032130519	-0.0291828368	-0.0145063161	-0.2429260165	-0.0174175961	0.0617786885	0.0829487295	-0.0417897438	-0.1481254924	-0.1282821476	-0.1304718467	0.1288418121	-0.1020209573	-0.1132312633	-0.0049677489	0.1134558448	0.0010229382	0.0110033124	-0.249517103	-0.1511398162	0.1624271976	-0.010029585	0.1072251791	0.0066909417	0.0861087768	0.1507073173	0.2323378441	0.0630080537	0.217251432	-0.0938959908	0.1058181693	0.0616946004	-0.0115447834	-0.0274302709	0.1196933561	-0.0035631442	-0.1477598961	-0.0042763461	-0.0568854175	0.0525299636	0.0661440907	-0.0946872871	0.0212806359	-0.0170308366	-0.1323772112	-0.0010885009	0.0689525049	0.1380002411	-0.1131125574	-0.1599597894	0.0622035006	0.119036992	-0.0459578085	-0.0482557558	0.0862800113	-0.0265184118	0.0427164399	-0.0933412762	-0.1226193031	0.1770025162	0.0531988019	-0.0959852342	-0.1154722881	-0.0754090834	-0.1052063208	-0.1403860365	0.0183467447	0.0658240966	-0.096900045	-0.005775580898387	-0.0164639309907527	3.3357334713812784e-05	0.0002710610236682	-0.0474455359786105	-0.0136235814243832	0.0001856019708267	0.0022510788842976	-0.0129040868709111	-0.0146262276309556	0.0002139265347125	0.000166515457972	-0.0016219962682707	0.0006799691779144	4.6235808291372085e-07	2.6308718942840766e-06	-7.107114149063065e-05	2.05697708954844e-06	4.231154746927169e-12	5.051107152781242e-09	8.794235776645202e-05	-0.0008919746060118	7.956186977699914e-07	7.733858289522644e-09	0.0	0.0	0.0
1322.8405018461992	-1.9557731026825425	1749906.9933247042	3.8250484291764977	1980.386874490533	5.183223755891959	26.865808503642743	3921932.1726543824	1274.609895348549	1.0055524110791794	1624630.3853204388	1.011135651427151	1447.1275878657382	1051.145195082186	1.111283	22.608532	0.1011876678242043	0.0565705356090004	-0.0684444585	-0.0063826279	0.0465498138	-0.1030709819	-0.141128688	-0.0134009278	0.1223155868	-0.0353409347	-0.008912513	-0.0455707868	-0.1216609765	-0.0894094385	-0.1502497609	-0.0213708498	0.0465789783	-0.0163049219	0.2110690238	-0.0180315818	0.162977878	-0.0295296525	-0.0040427867	0.0106300149	-0.0127797039	-0.0352992002	-0.030442992	-0.1708968494	-0.0866110738	0.0356610795	-0.1619817476	-0.0486905692	0.0051805105	0.0812307556	0.2239195756	-0.0782156428	-0.0199547177	-0.1273095295	-0.1601310043	0.0273595081	-0.0797819034	0.1165228479	-0.2218850082	0.0097881059	-0.0250850766	0.0051941006	-0.008722012	0.0320871527	-0.0636716236	-0.0588255469	0.0436396577	-0.0201205155	0.0644900919	0.068319941	0.0249187257	-0.2687257943	0.0605033559	-0.0801982541	0.0284856983	0.0971643514	-0.0239425064	0.0074262725	-0.0502574925	-0.1300909422	0.0567241456	0.1174971452	-0.0553057964	0.0943145663	-0.1240289313	-0.0328857335	0.1830728031	0.0173433693	-0.0488123172	0.0350975839	-0.0765563578	0.1064684135	-0.0594810083	-0.108856681	0.2688425718	-0.0695839709	-0.0312943477	-0.0554658206	-0.0601180333	-0.0061688074	-0.1292892286	-0.0655870343	0.0606594461	-0.1054172954	-0.0057873288511558	-1.174795276879994e-05	3.349317523142031e-05	1.3801439425795414e-10	-0.0826062087195254	-0.0351606727409148	0.0012362729075937	0.0068237857190137	-0.0128438212996115	6.026557129959996e-05	3.6319390840671662e-09	0.0001649637455763	-0.0023020482594061	-0.0006800519911354	4.6247071064722213e-07	5.299426188634655e-06	-0.0003872302058645	-0.0003161590643738	9.995655398576047e-08	1.4994723233386305e-07	-0.0002349462179087	-0.0003228885756751	1.0425703230152837e-07	5.519972530960235e-08	0.0	0.0	0.0
1320.0770031916272	-2.763498654572004	1742603.294355387	7.636924813821276	1971.8767823778887	-8.510092112644315	72.42166776569098	3888298.044880976	1274.0401076078415	-0.5697877407073975	1623178.1957934003	0.3246580694604404	1446.371912716118	1043.1159890910465	1.133798	23.066576	0.1080098143640152	0.0539998034207244	-0.0660692093	-0.0140370215	-0.1935200726	0.0119956124	0.1343230691	-0.0589801416	0.1285259339	-0.2984507643	0.0511855518	-0.0179958864	-0.0246587728	-0.1398993402	0.1607453856	0.0076068531	0.0214302238	0.0342825298	0.1304565332	0.0471474518	-0.1016149589	-0.0311271348	0.0241859515	-0.1088512976	0.0924076044	0.0745080532	0.1114178067	-0.1319858213	0.072899475	-0.022579487	-0.0221205811	-0.1024693637	0.005715442	-0.1339820474	0.0180350927	0.0190344694	-0.02109703	-0.1321937477	-0.1109078465	0.0875264675	-0.0334406337	0.0618255955	0.0356399397	-0.0344667017	0.2236061656	0.0507375029	-0.054454243	-0.0706287853	-0.0069606573	0.1040177826	-0.0346115916	-0.0191112667	-0.0058191929	0.0259014655	0.043510847	-0.1465912015	0.016584887	-0.1106479628	-0.1466753205	0.1146977438	-0.0501078424	0.0329166165	-0.0603857728	-0.1090898501	-0.0140082493	0.0637737725	0.1824724085	-0.0287932969	0.0098946793	-0.052673375	0.1017642933	0.0384708031	0.0563154751	0.1588818176	-0.1035511807	0.1293535706	-0.0590099522	-0.1472514232	0.1855397937	0.0035930447	-0.0208173358	0.0050700301	-0.0242238944	-0.0013626204	-0.0267678774	-0.0689142644	0.0554119421	-0.1133587932	-0.0057102349879585	7.709386319729953e-05	3.260678361770541e-05	5.9434637426839345e-09	-0.062636699069003	0.0199695096505223	0.0003987813156823	0.0039233560702608	-0.0272487165129078	-0.0144048952132962	0.000207501006106	0.0007424925516008	-0.0015920034570004	0.0007100448024057	5.041636214233495e-07	2.5344750071012244e-06	3.4917264852385443e-05	0.0004221474707168	1.7820848703266365e-07	1.2192153847716316e-09	0.0001040278217087	0.0003389740396174	1.1490339953453867e-07	1.0821787689457076e-08	0.0	0.0	0.0
1317.8623803495975	-2.214622842029712	1736761.2535407073	4.904554332439759	1975.265694610344	3.388912232455368	11.484726119285629	3901674.564304485	1273.2224615812302	-0.8176460266113281	1621095.4366749672	0.6685450248332927	1446.208278830992	1033.4766925870356	1.252029	25.47193	0.2044475749438528	0.1376847620010706	-0.0647482965	-0.207225752	0.093339455	-0.1780356828	-0.0328272176	-0.0138253522	-0.0373305654	-0.0813747272	0.0359911003	0.1603686869	0.0683576875	0.0856345003	-0.1012992847	0.1181910187	0.0173836893	0.0247315016	0.0904115721	0.0013834212	0.0721692204	-0.0452265225	0.0819358191	-0.2647696507	0.0988420264	-0.0906152501	-0.0546105879	0.0342135359	0.0502407862	-0.1885828921	-0.1135498481	-0.1368066343	-0.2483439588	-0.0661677829	0.1781700359	0.2254165395	-0.1735587771	-0.0609155858	0.1545125679	-0.0412375401	-0.0810735007	0.1537796582	0.0181821582	0.0386205704	-0.0612785758	-0.0425085616	-0.1024689888	-0.118179173	-0.083369116	-0.0622843844	0.028563127	0.0893849402	-0.117855932	0.056028399	-0.2021046756	-0.1574994751	-0.0285363611	-0.0564902746	-0.0331354797	0.2393438028	0.1347170455	-0.1507034174	-0.0622334525	-0.013798338	-0.0252978055	0.1326309254	-0.1156951957	-0.0466454981	0.0404714172	-0.2290457774	0.0551718643	-0.0648075412	-0.0233495102	0.1895735207	0.1301319135	0.1650345123	-0.1119616773	-0.1988885022	0.2119438801	0.1298148593	0.036393532	0.0443346511	-0.1312728787	-0.1013689981	0.074347863	-0.0184398749	0.0500887521	-0.1206811645	-0.0147206278506502	-0.0090103928626916	0.0002166968843173	8.11871795400455e-05	-0.0367355724380615	0.0259011266309415	0.000670868360752	0.001349502282352	-0.0689378961706381	-0.0416891796577303	0.0017379877005345	0.0047524335284336	0.0007330101914547	0.0023250136484551	5.405688465502497e-06	5.373039407764561e-07	-0.0001969618658193	-0.0002318791306716	5.3767931241056574e-08	3.8793976587019934e-08	0.0001040725584317	4.473672300000348e-08	2.0013743847790405e-15	1.083109741851961e-08	0.0	0.0	0.0
1320.6365206825185	2.774140332920979	1744080.819760428	7.695854586738919	1966.1491510060207	-9.116543604323397	83.11136728952982	3865742.484001696	1272.9888211488724	-0.233640432357788	1620500.5387699958	0.0545878516323341	1444.102198982822	1026.3507267802242	1.216843	24.7561	0.2105030681771149	0.1340975446578497	-0.0697959428	-0.0119607686	-0.1806358771	0.0972719153	0.1648127925	-0.0456806358	-0.0197260966	0.0365979365	-0.0707890555	-0.1410174193	-0.0472488253	0.0819056792	-0.0475167704	0.0245973374	-0.0847558434	-0.0157801269	0.1525863147	-0.00544737	-0.0563176737	0.0812296933	-0.0191561186	-0.0479552528	0.1791681585	0.1476889105	0.1137974306	0.1005330689	-0.1338592752	0.0597625323	-0.0107292001	-0.0239500437	0.0380942148	-0.0226041205	-0.1247925128	0.0513988296	-0.1055119607	0.0167238603	-0.1713220972	-0.0454152596	0.0047709861	-0.0387561408	-0.0308766534	0.1207974633	0.2040291856	0.1028902116	0.0422425391	0.0366458511	0.0557588597	0.0248228126	-0.0227890735	-0.0985426598	-0.0936539051	0.0835516544	-0.1666122056	0.1302907153	0.1440944811	0.0352989395	-0.0368300118	0.1164823615	0.1095178022	-0.0256918437	-0.0769359655	-0.0982806566	-0.0135318379	0.0482358512	0.1437596764	-0.0268021547	0.039058089	-0.0223749909	0.0792686423	0.0261148428	0.1265417943	0.1283588352	-0.1237869934	0.085093999	-0.0534433193	-0.0080513115	0.1463250439	0.1757108671	0.0274667611	-0.0232563406	-0.0402159406	-0.0165489796	-0.0520712542	-0.0991668709	0.0446971468	-0.1273444172	-0.0057077819668052	0.009012845883845	3.2578774980586634e-05	8.123139092594175e-05	-0.0750180340061206	-0.0382824615680591	0.0014655468637099	0.0056277054261434	0.0057564709428277	0.0746943671134658	0.0055792484784812	3.313695771561963e-05	-0.0010369910025275	-0.0017700011939822	3.132904226698414e-06	1.0753503393229896e-06	-0.0001970538528068	-9.198698749999895e-08	8.461605869324961e-15	3.8830220906004e-08	0.0001038978671665	-1.7469126520000417e-07	3.051703813717818e-14	1.0794766801747676e-08	0.0	0.0	0.0
1322.281355037589	1.644834355070543	1748427.9818800427	2.7054800556203293	1981.376467870287	15.227316864266186	231.87117888476536	3925852.707430134	1274.1323901414871	1.143568992614746	1623413.3476076587	1.3077500408699052	1447.3396024091528	1032.779649817903	1.096176	22.301172	0.1299177680154178	0.0682837410663616	-0.0923373765	0.0015288552	0.0462989215	-0.080406628	-0.1743027465	-0.0123319867	-0.0197672738	-0.1016550786	-0.100491441	-0.1576673	-0.0626609255	-0.0035711798	-0.0878913869	-0.0308512325	-0.0655663038	0.0116409501	0.2507622871	0.015988491	0.0847755333	0.025794333	0.1457543679	0.1067520813	-0.0078894932	0.1812484728	-0.0599045888	0.0407586599	0.0395007341	-0.0422647409	-0.1567892537	0.053515485	-0.0212249176	-0.0494357872	0.0198720361	-0.0905914506	-0.1240556588	0.033929405	0.1610375641	0.0571400394	-0.072665986	0.1339127633	-0.2229777658	0.0481334404	0.0266286752	0.0054043272	-0.064500608	0.0595372128	0.0433723099	-0.0813055695	-0.0383763866	-0.1473860359	0.0737525959	-0.1181872436	-0.047728533	0.0328446282	0.0732405646	-0.0928971486	0.0029587508	0.0164615094	0.0099535791	-0.0576528039	-0.0685520563	-0.1689409945	0.0716200286	0.0470756835	-0.0754337314	0.1297277218	-0.1053626218	0.0136646834	0.056609159	0.0998065379	-0.0030902598	-0.0352494866	-0.0408368282	-0.0018829743	-0.0330214204	-0.0127292412	0.159790822	0.0149994212	0.0039093699	-0.0606608216	-0.121333483	-0.1178610586	0.0587555357	-0.15740669	0.0392444906	-0.1333121588	-0.0206233016375705	-0.0149155196707653	0.0004253205704342	0.0002224727270489	-0.1081549834232049	-0.0331369494170843	0.0010980574166704	0.0116975004392737	-0.0127921671682855	-0.0185486381111132	0.000344051975777	0.0001636395408613	-0.0020510181466482	-0.0010140271441207	1.028251049013583e-06	4.206675437880218e-06	-0.0001968476136875	2.062391192999809e-07	4.2534574329631764e-14	3.874898301446324e-08	-0.0001482019659226	-0.000252099833089	6.355432584355208e-08	2.196382270332349e-08	0.0	0.0	0.0
1319.099900065061	-3.181454972527945	1740024.5463516542	10.121655742222789	1974.1721840850576	-7.204283785229336	51.90170485811833	3897355.8124151663	1273.095586180687	-1.036803960800171	1620772.371552747	1.0749624531309223	1446.5486633736302	1015.0136342390406	1.159569	23.590885	0.134426900647932	0.065246124908927	-0.1266679121	0.067826136	-0.1267533484	-0.058476854	0.0674656231	-0.0268774382	0.1226449952	-0.1920998099	-0.0045506385	-0.1567039185	-0.0189196472	-0.0801643632	0.0400378409	-0.0703457038	0.0307997583	-0.0260613681	0.1625759718	0.0353542435	-0.1368604174	-0.105297161	-0.006251716	0.024406601	-0.2571943655	-0.0837040796	-0.0488803514	0.0439737513	0.0274391973	0.0750608308	0.1053399343	-0.153931915	-0.1516999525	0.1746147634	0.0066147978	-0.0611134387	0.047754542	0.0343735101	0.0751248607	-0.0974916476	-0.1099908406	0.1024837251	-0.0043556228	0.0197997019	0.221655919	0.070633904	0.0191725701	-0.0382810895	0.020925311	-0.0401334826	0.1061769945	0.0888517369	0.2274592935	-0.0872024487	-0.0774181828	-0.0293011958	-0.0268943755	0.0547794127	0.0284416906	0.0580038068	-0.0505697629	0.0499452659	-0.0807031821	-0.2123163727	0.0912674216	-0.0465590377	0.0936652938	-0.0327952303	0.0378294491	0.1008619808	-0.1649355899	0.0738171443	0.0258294811	-0.0686579169	-0.1382758374	0.012884375	-0.017602329	0.0971566435	-0.0249332975	0.0621916612	-0.0579853329	0.1349532607	0.0700339986	0.0841366677	0.0333667521	0.1457390554	0.0337382312	-0.1385517956	-0.0256971964865186	-0.0050738948489481	0.0006603459072667	2.574440893818208e-05	-0.0763458945543789	0.0318090888688259	0.0010118181346648	0.0058286956153083	0.0289317531014674	0.0417239202697529	0.0017408855226766	0.0008370463375242	-0.002656595987437	-0.0006055778407888	3.667245212544253e-07	7.05750224046637e-06	-0.0003788673603908	-0.0001820197467033	3.3131188189933494e-08	1.4354047676949233e-07	-0.0004770043116386	-0.000328802345716	1.0811098254834399e-07	2.2753311332181465e-07	0.0	0.0	0.0
1318.3621192937558	-0.7377807713053244	1738078.6775887231	0.5443204665078794	1978.5859102611696	4.41372617611205	19.480978757696697	3914802.204284021	1274.4019428491592	1.30635666847229	1624100.3119377117	1.7065677452620207	1446.8770145023514	1016.3385948597776	1.088983	22.154844	0.0751032359110337	0.0372929472734413	-0.1329587648	-0.0263300175	0.0307521937	-0.1462094824	-0.0510407798	0.0145003775	-0.0645247814	-0.1533087097	0.02791222	-0.1062856102	-0.0473828399	0.0411886038	0.0251304195	0.0386688686	-0.1077801195	-0.0196074829	0.2337556761	0.0683981408	0.0359698016	-0.0606412704	0.0161834638	0.1862805703	-0.0963729037	0.0759792129	0.0060672839	0.0699692262	-0.0258322208	0.0071059857	-0.1089741064	-0.0747118162	0.1125206378	0.0430194252	-0.0142563818	-0.2784636824	-0.1111739767	-0.0715772012	0.146854951	-0.1209094011	-0.131376149	0.1464773732	-0.1663392248	0.0255664184	0.0290665069	-0.044652905	0.0786039207	-0.0372716247	0.1156930191	0.0500166781	0.0574682209	-0.1264348438	0.0183933486	-0.1400568606	0.0195955364	0.0676998068	-0.0934262453	-0.0140974909	0.0895907421	-0.2102618845	-0.0519758907	-0.0736315725	-0.0792077342	-0.2373547331	0.1348616702	0.0248229473	-0.1210074111	0.0827615481	0.0059441154	-0.0238335682	-0.0650758155	0.0675117415	0.0750057577	-0.129175044	-0.0798673126	-0.0097498029	0.1104552553	0.1387724853	-0.0219667766	-0.0913619446	-0.0061753583	0.083556594	-0.0870757663	0.0169565536	-0.037307034	0.0020738361	0.0281858894	-0.1430347106	-0.0173713343885708	0.0083258620979478	0.0003017632584395	6.931997967404378e-05	-0.0823288640843742	-0.0059829695299953	3.579592439685221e-05	0.0067780418614233	0.0235383915649762	-0.0053933615364912	2.908834866330273e-05	0.0005540558774661	-0.0031360067798372	-0.0004794107924001	2.298347078697874e-07	9.834538523184883e-06	-0.0001969527209462	0.0001819146394446	3.3092936044258825e-08	3.879037428811173e-08	-3.0308888551410345e-05	0.0004466954230871	1.9953680100704338e-07	9.186287252218131e-10	0.0	0.0	0.0
1318.819401363592	0.4572820698363102	1739284.6134130233	0.2091068913937801	1966.1920529200029	-12.393857341166722	153.60769979319224	3865911.188965776	1272.6492985486984	-1.7526443004608154	1619636.237096494	3.071762043937781	1445.5028614662474	1019.0354224840122	1.053291	21.428707	0.0505573937605548	0.0255325367663755	-0.1110367005	0.0414530756	-0.1283601985	-0.0118021182	0.1635655404	-0.1368170136	0.0603356586	-0.0066473995	0.0155096631	-0.1665259826	-0.1024101615	0.0259551737	-0.0179545988	-0.0203004696	-0.0597752927	-0.0164229557	0.1822142636	-0.0540015668	-0.1591843342	-0.0695594772	-0.1170858936	-0.0198495028	0.0702951494	0.078634627	-0.0485335521	0.1158655053	0.1333263626	-0.0416926197	0.1005961388	0.1458566281	-0.2526351725	-0.0038234509	-0.1045675991	0.094842309	-0.1352663019	-0.0486797744	0.1155530936	0.0459990708	-0.0926202067	0.0938516851	0.0255017637	0.0913257565	0.2481959012	0.0323202813	0.0999411617	0.1108820579	-0.0375972943	-0.01825156	-0.0372149905	-0.0512746522	0.0248801427	0.010565639	-0.1443549491	0.0512363936	-0.0981712292	0.0676122914	0.0050839075	0.0119556839	0.0998278128	-0.140137563	-0.0747953046	-0.2308225077	0.0740582993	-0.0250014253	0.1125856845	-0.0820798448	0.0277942585	0.0882900075	-0.148227868	0.0407651848	0.0241975361	-0.0720031559	-0.0903635944	-0.0252447492	0.0382312932	0.0437428258	-0.0935882186	0.098892911	0.0322718839	0.0056562893	0.0232921563	-0.0343479206	0.07439278	0.0069362019	0.022595049	-0.1467364196	-0.0229127966940865	-0.0055414623055157	0.0005249962523445	3.0707804483451375e-05	-0.0880156090573081	-0.0056867449729338	3.2339068387188914e-05	0.0077467474377288	0.0282676252650659	0.0047292337000897	2.236565139006412e-05	0.0007990586381261	-0.0027529749071667	0.0003830318726704	1.467134154814701e-07	7.5788708394895e-06	-0.0001978826211888	-9.299002425999932e-07	8.647144611875263e-13	3.915753176855012e-08	0.0002777283941758	0.0003080372827272	9.488696754996333e-08	7.713306093146855e-08	0.0	0.0	0.0
1320.3326329377242	1.513231574132078	1743278.261600263	2.289869796950247	1972.136850530451	5.944797610448177	35.34061862919035	3889323.757220167	1273.9764449596405	1.3271464109420776	1623015.9823120038	1.761317596076438	1446.2006458900755	1027.462671052067	1.064603	21.658836	0.1145845414309146	0.0521687185527628	-0.1094804479	0.0076255267	0.0358957751	-0.1676798192	-0.0635750119	0.0225633743	-0.0739016136	-0.0758669443	-0.0412244545	-0.0855347243	-0.1718533475	-0.0696828261	-0.1631380879	-0.0157735532	-0.1219038702	-0.0178210461	0.2041740312	0.030690566	0.0417997284	0.0155378781	0.0246583862	0.1694282113	-0.030121211	-0.0832289127	-0.2114740332	-0.02548439	0.0215331819	0.0380103912	0.0573093184	0.0492316068	-0.1196228974	0.0569898656	-0.0735533372	0.1736581725	0.0789508708	0.0695768874	-0.0155387802	0.0512845091	-0.1256653406	0.0829062128	-0.2522827744	-0.0024737011	0.0379915396	-0.0667976641	0.0426344265	0.0454917635	-0.1104080383	-0.1910429648	-0.0076469225	0.0317947145	0.0779203183	-0.0665621625	-0.001390529	0.0889900962	0.1173064589	0.0330828548	-0.0480677552	-0.022612241	0.1029163403	0.1435779375	-0.0770728412	-0.2173111401	0.1110472531	-0.0399900436	-0.1075747449	0.0709120257	0.0002052368	0.1272084586	-0.016156665	0.1296756331	-0.1255532452	-0.0922227686	0.031159776	-0.1088617225	0.0522750588	0.0641877964	-0.0877370614	0.0316192248	-0.0478567482	0.0248398832	0.0488773632	-0.0110933545	-0.0056671012	-0.120011692	0.0169733466	-0.1496367051	-0.0167040442506731	0.0062087524434133	0.0002790250943284	3.854860690359183e-05	-0.1152668727138745	-0.0272512636565663	0.0007426313708796	0.0132864519452365	0.0537502449971611	0.0254826197320952	0.0006493639084105	0.0028890888372548	-0.001985008730325	0.0007679661768416	5.89772048772857e-07	3.940259659466468e-06	-0.0001969345250132	9.480961756000004e-07	8.98886358187347e-13	3.878320714217469e-08	-6.619544478369372e-05	-0.0003439238389594	1.1828360700463579e-07	4.381836910111044e-09	0.0	0.0	0.0
1320.9914272588403	0.6587943211161473	1745018.350891348	0.4340099575348854	1971.608960616687	-0.5278899137640565	0.2786677610538229	3887241.893584013	1274.3959050178528	0.4194600582122803	1624084.922726272	0.1759467404354495	1445.639019420752	1021.6332798622574	1.140203	23.196878	0.1451136296700242	0.07298939751604	-0.0895043588	0.0623104561	-0.1050020633	0.0544205447	0.1011533189	-0.1753534041	0.0376994105	-0.0654740155	0.040511565	-0.1359984351	-0.0338336056	0.0991093863	0.0369198774	-0.0428627785	-0.0515791084	-0.0089191903	0.1721262265	-0.0072753306	-0.2141538675	0.0112599491	-0.1337373827	-0.0373269712	0.0112923276	0.0560688655	0.0555986446	-0.0091193159	-0.0389829056	-0.103936312	0.0907777651	0.154298793	0.3461407613	0.0712065572	-0.139491198	0.1122241743	-0.0512533649	0.0348626883	-0.1343177462	-0.1271958601	-0.0330456238	0.064357009	-0.0191427912	0.1167527951	0.2016688483	0.1067084389	0.1169092743	0.0814690659	0.0922466727	0.0011715511	-0.0641071097	0.1063980737	-0.1030395226	0.0343101285	0.0643211102	0.1187903828	-0.0845498747	-0.0786979815	-0.0523003466	-0.1076574313	0.1282444591	0.0437087009	-0.0629765708	-0.2366514538	0.058773244	-0.054313279	0.0686979563	-0.1122814323	0.014669472	0.0471804706	-0.0904641752	0.0930525207	0.1338843411	-0.04103903	0.0140285986	-0.0653634775	0.0914662712	-0.0793057344	-0.167858526	0.139749404	0.06202207	-0.0560418541	0.2618586087	0.0354140861	0.0410148532	0.1790441715	0.0113284606	-0.1517197269	0.0021603249031585	0.0188643691538316	4.667003687206784e-06	0.000355864423572	-0.1279599526217367	-0.0126930799078622	0.0001611142775473	0.0163737494749571	-0.0039643534693496	-0.0577145984665107	0.0033309748761505	1.571609842994421e-05	-0.0027399762366045	-0.0007549675062795	5.699759355378871e-07	7.50746977715736e-06	-0.00020888868383	-1.195415881679999e-05	1.4290191301727694e-10	4.36344822322297e-08	0.0002837145329564	0.00034990997774	1.2243699252207288e-07	8.049393621066818e-08	0.0	0.0	0.0
1320.4048090604306	-0.5866181984097238	1743468.859789912	0.3441209107054701	1978.3988353634668	6.789874746779788	46.10239907695789	3914061.951767522	1273.6192989349363	-0.7766060829164871	1622106.1186195186	0.6031170080228897	1445.9160559106915	1033.180422193768	1.201082	24.435438	0.2604577368118984	0.1565115627362724	-0.0777743644	-0.0420679377	0.0526027132	-0.0723883418	-0.0627237603	-0.063133784	-0.0519169772	-0.1172517331	0.0565474429	-0.0718052976	-0.0375590921	0.1841706262	-0.044002445	0.0585728504	0.1107279807	0.0287982402	0.1688280171	-0.0094389629	0.1088132276	-0.1017975382	0.0144523723	-0.0111982139	0.0587566625	0.0192584827	0.208409464	0.0127394268	0.1116144776	0.1344104507	-0.2167360831	0.1078946777	0.0172396275	0.140702365	-0.2133994941	-0.019021642	0.0904930948	0.0007486688	0.090176834	-0.0690594124	-0.0566025788	0.1461043781	-0.1485883989	0.0895299072	-0.0368112156	-0.0313585549	0.0421173342	-0.1533272583	0.0588126376	0.1720085642	-0.0999885433	-0.022720153	-0.0143003511	0.0154963267	0.057799679	0.0037716242	-0.1059914879	-0.0102238145	0.0014163077	-0.2542575737	0.1114970535	0.0290985434	-0.0586460937	-0.1552819911	0.0109209578	0.0239202208	-0.1662992012	0.0978419321	0.0593065197	-0.1225461049	-0.0425358323	-0.0299739398	0.1436063631	-0.0714822789	0.2125746998	-0.0528613358	0.0596004955	0.0224320257	-0.0890524991	0.0262816003	-0.0024227314	-0.027139979	-0.1692985662	-0.1215849312	0.0282896167	0.0999270325	0.0056681013	-0.1529741081	-0.0099778428223942	-0.0121381677255527	9.955734738840348e-05	0.0001473351157336	-0.0692797316800835	0.0586802209416532	0.0034433683297612	0.0047996812216643	-0.0721029393610521	-0.0681385858917024	0.0046428668873209	0.0051988338645035	-0.0005439596978392	0.0021960165387653	4.8224886385307285e-06	2.958921528733137e-07	-0.0001681298433913	4.0758840438699976e-05	1.6612830739074042e-09	2.8267644238783072e-08	0.0004769543988122	0.0001932398658557	3.7341645755967575e-08	2.2748549854630714e-07	0.0	0.0	0.0
1319.5901154105925	-0.814693649838091	1741318.072689341	0.66372574308651	1966.6938219306885	-11.705013432778289	137.00733946152013	3867884.5892203385	1275.039011001587	1.419712066650618	1625724.4795759048	2.015582352193369	1443.8868865500167	1028.8254875144048	1.084233	22.058203	0.0393675240682052	0.0221534258649226	-0.0731179764	0.0406492319	-0.1050784259	0.0259422471	0.1056910372	0.1270797156	-0.10539776	-0.2515024199	0.1493141656	-0.1167262375	0.0230084187	0.1307654636	0.0253607843	0.1627012704	-0.0959872186	-0.0036759191	0.1341612368	-0.0143866871	-0.1444734228	-0.0270459108	-0.0207831811	-0.0338346019	-0.1362607487	-0.1752106605	0.1563569926	-0.0686111762	0.1370765472	0.173678398	-0.0380743304	-0.0640124687	0.1379787376	0.1877955475	-0.0855076789	0.0572247895	0.1390817483	0.1155013263	0.0601306665	0.1186192983	-0.0178877672	-0.0210809234	-0.082771383	0.0769680967	0.1625931868	-0.0812361932	0.037222529	-0.2527646461	-0.0218308688	0.0025824246	-0.0282185153	0.2336383982	0.077214723	0.0057808049	0.0887728371	0.1809455539	-0.1487968485	0.0157310236	-0.0316078454	0.0002019696	0.0841388927	0.1202477128	-0.052806643	-0.1161572729	-0.0163499357	-0.0867749801	0.0061693617	0.0942912472	0.1600371974	-0.0153196969	-0.1257832258	-0.0155236017	-0.0344491114	0.2402332591	0.2317310629	-0.0840333215	0.0801418799	0.0138497802	-0.1533511573	-0.0227287542	-0.0346823636	0.0044983168	-0.2056969201	-0.0725768954	-0.002173239	0.0587043991	0.0	-0.1533929978	-0.0125366526923471	-0.0025588098699529	0.0001571676607285	6.5475079505683776e-06	-0.0646537379991087	0.0046259936809747	2.1399817536418774e-05	0.0041801058372573	-0.0620731594354495	0.0100297799256025	0.000100596485356	0.0038530771222987	-0.0001619650261633	0.0003819946716758	1.4591992918877858e-07	2.6232669700078463e-08	-0.0001680337091307	9.613426060000003e-08	9.241796061108716e-15	2.8235327404220692e-08	0.0004159863929152	-6.096800589699996e-05	3.717097743056622e-09	1.7304467909059917e-07	0.0	0.0	0.0
1320.8248771075212	1.234761696928672	1744578.3559860983	1.5246364482021733	1973.3541366955465	6.660314764857958	44.35979276698492	3894126.5488134255	1274.8750282526016	-0.1639827489852905	1625306.3376620717	0.0268903419647728	1443.1361175132697	1033.07227195245	1.134809	23.087145	0.0478364210008401	0.0242398406313357	-0.0506928537	-0.0402595888	0.2159981241	0.0145731254	-0.0058617814	-0.1036840424	-0.2777567136	-0.0545574625	0.0793125721	0.0534356944	-0.0613927625	0.1806300002	0.1478735297	0.1849606377	-0.0372636515	-0.018291378	0.125689484	0.0132746719	-0.1161332055	-0.1495431135	-0.0353610515	-0.0405515959	-0.1060434014	-0.0278011469	0.0322207601	0.0418797837	-0.0215096402	-0.0138269745	-0.0522969824	0.0711392578	0.0275358004	-0.0492985683	0.2383373323	0.226067681	0.0960696261	0.2266771802	0.0497090284	-0.0338364991	-0.0182991502	0.0516698835	0.0364668341	0.2212398452	-0.0348900938	-0.0187807409	0.16892833	-0.2244578149	0.091891786	-0.1956626283	-0.0008756663	0.0971048342	-0.0780051638	-0.0744908578	0.0120842386	0.1555259569	0.0017766511	-0.1569026413	0.0538635736	-0.0672424411	-0.0641673603	-0.1476281797	-0.0459698312	-0.1024041375	0.0305140385	0.0220756615	-0.1590896124	-0.1434071076	0.0290241392	-0.0805726371	-0.2628553986	-0.0881147249	-0.0724422116	0.0731121883	0.238825089	-0.0229252023	0.0158359812	-0.0551084799	-0.1161013631	0.0010011083	-0.0280826826	-0.0947591475	-0.1782737376	0.1336243936	0.0662375148	-0.0483769193	-0.0056681013	-0.1529741081	-0.0112378489965863	0.0012988036957608	0.00012628925007	1.686891040121915e-06	-0.0569747711752768	0.0076789668238319	5.8966531481510993e-05	0.0032461245504751	-0.0497640736761937	0.0123090857592558	0.0001515135922287	0.0024764630288496	5.000814424389253e-05	0.0002119731704071	4.4932624972476696e-08	2.500814490717962e-09	-0.0001679977185267	3.5990604000014784e-08	1.2953235762858802e-15	2.8223233430176322e-08	9.70042594865592e-05	-0.0003189821334286	1.0174960144668725e-07	9.409826358535713e-09	0.0	0.0	0.0
1322.141969127444	1.3170920199229386	1748059.386528195	1.7347313889446865	1973.724272168372	0.3701354728254955	0.1370002682437531	3895587.50254657	1273.3722788095474	-1.5027494430541992	1621476.9604406198	2.258255888599706	1441.195057844654	1048.9218856108473	1.451428	29.528622	0.2549961496153511	0.1380100082414234	-0.0291881035	0.1820525884	0.1021561594	0.1727380763	0.0243672614	0.1837862056	-0.2146963757	0.2080893009	0.2644194367	-0.1103136175	-0.2450755781	0.006350212	0.1058584809	0.3175814567	0.1514218722	-0.0027069643	-0.029579982	-0.312694255	0.0655278082	-0.0331028904	-0.1659878637	0.158841123	0.186781671	-0.3158069661	0.1250002446	0.2642771657	0.1953875708	0.1755955734	0.0296735876	-0.037864569	0.1293921025	-0.3254179896	-0.0745653573	-0.1953855705	-0.0215382468	-0.0893066932	-0.0022167354	0.203533026	0.1454835024	-0.2185930642	-0.0699651349	0.1955689603	-0.0119104254	-0.3438035518	0.2921030768	-0.142790207	-0.2030322237	0.2371360252	0.0863816252	-0.0309003115	-0.0611719666	-0.2334733248	0.1044599158	-0.0534153287	0.1722347924	0.3554640663	-0.0143653796	0.2121362628	-0.1310016812	-0.0776814121	-0.0570762061	0.0038278381	-0.1465838462	-0.5651620194	-0.3495966597	-0.2052700216	0.2661329309	0.3032013806	0.1932712238	-0.3901861851	0.0608782508	-0.0586840032	-0.0868972577	0.1210475084	-0.0281950388	-0.037170348	0.19912611	-0.0605290784	0.0709877107	0.0660728229	0.0302613993	0.0362872573	0.0625201781	0.0157283191	-0.0113284606	-0.1517197269	0.0217053594696068	0.0329432084661931	0.0004711226297048	0.001085254984047	-0.0555308013053945	0.0014439698698823	2.0850489851279105e-06	0.0030836698936192	0.0126412215703837	0.0624052952465774	0.0038944208748124	0.0001598004827915	0.0024259437642576	0.0023759356200137	5.645070070449921e-06	5.885203147340335e-06	-0.0001698366787676	-1.8389602408999963e-06	3.3817747676109733e-12	2.884449745480895e-08	-0.0006892946809128	-0.0007862989403993	6.18266023673155e-07	4.751271571346788e-07	0.0	0.0	0.0
1328.5353536184928	6.393384491048664	1765006.1858142137	40.875365250381584	1977.9714843497788	4.247212181406894	18.03881131389111	3912371.192900867	1274.4558053016665	1.0835264921190628	1624237.599667119	1.1740296591238415	1443.0204861919935	1063.108715631856	1.534194	31.212456	0.4284160020510476	0.217953239895328	0.0114493004	0.2653921949	0.1556582473	0.2763939822	-0.0328244025	0.0783254283	-0.2268114526	-0.0107212456	-0.1222464398	0.2239029957	-0.303100746	-0.125673362	0.1901571805	-0.1087734856	0.0890996937	-0.0278990925	-0.1520244234	-0.4149068156	0.0542081933	0.3741994734	-0.076070909	0.0004939798	0.1821306992	-0.0192642963	0.0769196163	0.1106562264	-0.2339145481	0.152901218	-0.0087206543	-0.1966134087	-0.1189053949	0.2156981156	0.0685590529	-0.0175185308	-0.1025405299	0.0920496577	0.0376368502	-0.1045849963	0.1421840915	-0.2644418509	0.0134654466	0.2650157923	-0.0831915244	-0.2162031008	-0.2252188696	0.0298189868	-0.2269316542	0.0824903107	0.3629896837	-0.2056621296	-0.0043867479	0.3108498589	-0.1970833338	0.1891280663	-0.1520000864	-0.1537262079	0.0113746633	-0.2376802783	-0.0267491151	-0.0219528098	-0.0636378009	0.1216423318	-0.2570876974	-0.4412950739	0.0313705977	0.1585176341	-0.3169376715	-0.4160454083	-0.0544591437	0.053467727	-0.1657027168	-0.1100809808	-0.180331256	0.0699412074	0.2551405073	-0.1992642225	-0.1590789528	0.1484801116	-0.1559693206	0.0261822464	0.1155573022	0.0003731917	-0.0788201387	-0.2023586813	-0.0169733466	-0.1496367051	-0.0252944895632367	-0.0469998490328435	0.0006398112022646	0.00220898580911	-0.1329678038875954	-0.0774370025822009	0.0059964893689157	0.01768043687069	-0.1769827297087545	-0.1896239512791382	0.0359572428987129	0.031322886615162	0.0017153774270936	-0.000710566337164	5.049045195106636e-07	2.942519717382259e-06	0.0004590970220117	0.0006289337007793	3.95557599975946e-07	2.1077007562001137e-07	-0.0016368986261068	-0.000947603945194	8.979532369472333e-07	2.6794371121503294e-06	1.0	0.0	0.0
1329.683436959869	1.1480833413761502	1768058.0425254095	1.3180953587454258	1987.0326522953253	9.061167945546458	82.10476453739862	3948298.7612877954	1275.6141315698624	1.1583262681958786	1627191.412660734	1.3417197435925905	1444.350490776163	1072.7348970642677	1.316951	26.792746	0.129098217736771	0.0690399809960025	0.0106764887	0.294046746	0.1879990288	0.1218413254	-0.2097044125	0.0522903821	0.0841239993	0.0731695863	-0.186422159	0.0279038754	-0.2539709311	-0.1330103798	0.2338034368	-0.1461913866	-0.0861710802	-0.057160471	-0.0568131717	-0.0427110271	0.0846793577	-0.0180674788	0.0278064683	-0.0544922587	-0.2289452754	-0.2090693497	-0.2193106128	0.169595286	-0.2027381845	0.0414788271	0.1221198607	0.0255768391	0.1068164693	-0.1848727092	-0.1167053359	0.1200151214	-0.1801116319	-0.0847967048	-0.1075007059	-0.1103144888	0.1017456678	-0.166075528	-0.0347047509	0.0996682182	-0.1262974305	0.0895881599	-0.0067422047	0.1565115805	0.2246793587	-0.0897557147	0.3654120529	0.2349536261	0.170467539	-0.128432416	-0.0545656481	-0.1482842089	0.0592269589	0.1101120833	0.1129631284	-0.0216097901	0.1149859903	0.0319150018	-0.0690405014	0.1243543974	-0.1224545449	-0.1853419795	0.0427891403	0.0724194966	-0.2079130862	-0.0456454384	-0.1539737881	0.1458085345	-0.1786153638	-0.1427523827	0.0506479466	0.1037816253	-0.4200610728	0.2867558441	0.1164291524	-0.1174571847	-0.0501662226	-0.2911959536	0.0369918828	-0.0607387182	0.017142421	0.3875203114	-0.022595049	-0.1467364196	-0.0171176991013339	0.0081767904619028	0.0002930156225238	6.685990225786462e-05	-0.1195667505311348	0.0134010533564606	0.0001795882310627	0.0142962078325746	-0.1156315833490069	0.0613511463597476	0.0037639631596551	0.0133706630677983	0.002178289789506	0.0004629123624124	2.1428785527422922e-07	4.7449464070660935e-06	0.0004796976418579	2.0600619846199988e-05	4.2438553804764877e-10	2.301098276040301e-07	-0.0011970270571922	0.0004398715689146	1.934869971393917e-07	1.4328737756502184e-06	0.0	0.0	0.0
1323.0548522451995	-6.628584714669387	1750474.1420495668	43.93813531954864	1979.2600020731777	-7.772650222147604	60.4140914758512	3917470.155806716	1275.4517630338669	-0.1623685359954834	1626777.199826199	0.0263635414813165	1446.6313996076826	1074.6388185618273	1.381586	28.1077	0.1053587322320561	0.0483567759068559	-0.0210984186	0.1053864103	0.0382483966	-0.0784302814	-0.0109533799	0.12912742	0.2519136439	0.0025279587	-0.2511766834	0.3339499635	-0.0044580632	0.1081191678	-0.0402732876	0.1303756581	-0.1677861512	-0.1301948329	-0.0863732432	-0.1800276136	-0.0785750088	0.0822886834	0.2478817571	0.0833748068	-0.2506436161	0.1338738374	-0.1864454949	0.0573329552	0.0005702093	0.0260881971	0.2216326842	-0.0485785763	0.1432129833	0.0137118687	0.1274229002	-0.0241321629	0.0484981886	0.0690230215	-0.0023844067	0.0659050406	-0.0665949557	-0.1095960884	0.0836144226	-0.0413992943	-0.0560318081	-0.0885157242	-0.2661799826	0.2802000348	0.205124091	-0.0677764282	0.1462987609	0.0630941093	0.0201643903	-0.2310544657	-0.061585052	0.0557894128	-0.1475618048	0.0024204059	0.0993960201	0.0476875817	-0.1661532697	0.0006690008	-0.0778790458	0.1104840359	-0.0311571528	-0.01514568	0.1182892449	-0.015682064	0.0071005207	-0.0663075596	-0.1263685031	0.0823136222	0.0265548802	-0.0686739291	0.1399432675	-0.0472706729	-0.2487692408	0.089323697	0.1155018891	-0.3322443121	0.0827904625	0.2023750805	0.1699818458	-0.0002207194	0.0886492353	-0.2170257787	-0.0281858894	-0.1430347106	-0.0036728173264464	0.0134448817748875	1.348958711344488e-05	0.0001807648459407	-0.0860726831115528	0.0334940674195819	0.0011218525523075	0.0074085067780217	-0.0995651815664402	0.0160664017825667	0.0002581292662388	0.0099132253803582	0.0016937739084282	-0.0004845158810777	2.3475563901659682e-07	2.8688700528721407e-06	0.0005762118597436	9.651421788569997e-05	9.314994254088363e-09	3.3202010730917814e-07	-0.0009309895310553	0.0002660375261369	7.077596531304175e-08	8.667415069345675e-07	0.0	0.0	0.0
1314.7729763340192	-8.28187591118035	1728627.9792982154	68.58946860818935	1968.2762621414563	-10.983739931721402	120.64254288769128	3874111.444109543	1273.6787782907486	-1.772984743118286	1622257.6302682138	3.143474899330215	1445.576184753978	1039.7689205566771	1.214726	24.713028	0.1471404342721885	0.0683433401694612	-0.0607929957	-0.0714806168	-0.1585993553	-0.1867891403	0.2099666786	-0.0083260692	0.1553770295	0.113844318	0.0143369638	0.127629278	-0.0595242999	0.0838856988	-0.0271124704	0.0495919753	-0.1819677326	-0.0750535449	-0.1092169155	-0.0707069846	-0.2000660458	-0.0186752508	0.1886520487	0.0597156832	0.0238690444	0.0074558029	-0.0357890655	-0.0482552375	0.061151238	-0.0985366256	0.1793874398	-0.0357212434	-0.0561156055	-0.113057993	-0.0117306868	-0.0704580072	-0.08704291	-0.0240292477	0.0497574127	-0.1528249457	-0.1244397818	-0.0231796034	0.1508060085	-0.0977298467	0.0556456156	-0.1835958716	-0.0650311681	0.1723989823	0.1560030842	-0.0299747756	0.0051216755	0.0168128373	-0.1268938126	-0.0493418786	0.0480912689	0.0361065396	-0.0633968417	0.1076948194	0.0313089179	-0.015412288	-0.1285768005	0.1698532659	-0.0834264737	0.1030908516	-0.0176304825	0.044064476	0.1785875757	-0.1023112878	0.1323691889	-0.0814098145	-0.0120187333	0.0571153632	0.0669287019	-0.1749754168	0.1131493636	-0.0891045629	-0.1295216865	-0.0653159118	0.0359783559	-0.2007706261	0.0577464245	0.1649224056	0.171184003	0.0230701105	0.1278064652	-0.2563598736	-0.0337382312	-0.1385517956	-0.0093679291661459	-0.0056951118396995	8.775809686192702e-05	3.243429886668542e-05	-0.0564034341012273	0.0296692490103255	0.0008802643368367	0.0031813473784114	-0.0506610408232717	0.0489041407431685	0.0023916149818276	0.0025665410572972	0.0020371351815362	0.0003433612731079	1.178969638703465e-07	4.149919747852526e-06	0.0008691854360178	0.0002929735762742	8.583351639489449e-08	7.554833221854531e-07	-0.0003098857268576	0.0006211038041977	3.857699355888549e-07	9.602916371006309e-08	0.0	0.0	0.0
1314.4188310911957	-0.3541452428235061	1727696.8635271452	0.1254188530145201	1966.692349394491	-1.583912746965325	2.5087795899992416	3867878.7971668234	1270.716523051262	-2.9622552394866943	1614720.4819554882	8.774956103866373	1443.7906109015632	1028.430729605639	1.071904	21.807375	0.0551114438831053	0.0256102269144472	-0.0781426685	-0.1000743315	-0.1868992876	-0.1297462913	0.2627575826	0.2265913614	0.0584935332	0.0019216823	0.0763124463	0.1730143654	-0.0191805146	-0.0125549427	0.111861686	-0.1761982716	0.0484682386	-0.1134411064	-0.1333480144	-0.1175108203	-0.1476022497	0.0818264024	0.1727910753	0.0897136482	0.0489979399	-0.0367899802	0.1255866699	-0.1438388272	0.0767013469	-0.0499632285	-0.0509224036	-0.0507215738	-0.0253383985	-0.058410789	-0.0111699905	0.0014001763	0.0583518558	-0.1042260747	0.0413435148	-0.1393413154	-0.1259695515	-0.1403167394	0.1458257272	-0.1649303143	0.1171778997	-0.2348094935	-0.1270533815	-0.0204947527	0.0484135905	0.1296571889	-0.0060511751	-0.0444129623	-0.0900581663	-0.0193386963	0.1382345739	-0.0865112113	0.0404109276	-0.04576757	-0.1833375081	0.0745199979	-0.0928232766	-0.0079092118	-0.0867255059	0.1354436846	-0.0054834238	-0.0307483123	0.1459030855	0.0171302968	0.2265460376	-0.0934898175	0.0345149017	0.0871686089	0.0390720916	-0.0014201761	0.0139372911	0.0115366861	-0.0782481163	0.077698336	-0.0686339405	-0.1776530183	0.0256125804	0.0645981224	-0.0681248573	0.0523257211	-0.1344599879	-0.1473958891	-0.0392444906	-0.1333121588	-0.0189893495690256	-0.0096214204028797	0.0003605953970546	9.257173056894978e-05	-0.0598892315450285	-0.0034857974438012	1.2150783819211e-05	0.003586720055054	-0.0354420434246023	0.0152189973986694	0.0002316178818207	0.0012561384421113	0.002412628885377	0.0003754937038408	1.409955216240825e-07	5.820778138555465e-06	0.0009771902429942	0.0001080048069764	1.1665038330009436e-08	9.549007710030636e-07	-0.0002576796649197	5.220606193790002e-05	2.725472903063853e-09	6.639880971312889e-08	0.0	0.0	0.0
1314.1590968361977	-0.2597342549979657	1727014.131797331	0.0674618832193483	1971.501143022017	4.808793627526029	23.124496152134945	3886816.75693712	1272.1226671934128	1.406144142150879	1618296.0803872824	1.9772413485052311	1444.4915192241456	1078.7888500454485	1.512849	30.778191	0.0766060187099365	0.0361896791422971	0.0926193319	-0.3553308515	-0.0956217847	-0.2017752864	0.1285649442	-0.012175198	0.0323679307	0.3294218989	0.0115250571	0.1282820329	0.0808969718	-0.0412392194	-0.1083984469	0.0644747924	-0.0683833687	0.0627873257	-0.169779138	-0.0450900001	-0.258772348	-0.202843569	0.1387958792	0.1271720988	0.2039307069	0.0079376183	-0.1758366564	-0.0222917646	-0.1484988105	-0.0731753945	-0.0583373339	0.2965954178	0.009566107	-0.0902435574	0.0953905214	-0.0588373365	0.1608037392	-0.199698879	0.0065870554	0.0290964089	-0.0476893933	0.0898514306	0.2621189301	-0.1619120609	-0.0044479375	-0.2094642133	0.0712902643	0.1653582592	-0.0042367112	-0.1572478303	-0.0454453886	-0.1173123922	-0.2225498094	-0.0582509641	0.0404906758	-0.0395578161	0.2239477505	0.0217546138	0.1967417713	-0.1635074087	0.0246894085	-0.0419487321	0.1085621216	0.1556400742	0.0246366856	0.0783047883	0.0622819823	-0.2898265543	0.2132621453	-0.0543544198	0.2123148244	0.0331633883	-0.4022208412	-0.2029297627	-0.0285411077	-0.2139109085	0.1249573596	0.1239979366	-0.0061320572	0.1752509795	0.1223913682	0.0035095473	-0.044552468	-0.1077518229	-0.228291136	-0.0146123587	-0.0446971468	-0.1273444172	-0.0054292311144479	0.0135601184545777	2.947655049408918e-05	0.0001838768125021	-0.0718176628241593	-0.0119284312791307	0.0001422874727809	0.0051577766935246	-0.0422509275482383	-0.006808884123636	4.636090300910245e-05	0.0017851408786864	0.0029060216174709	0.0004933927320938	2.434363880830829e-07	8.444961641208186e-06	0.0007954344833722	-0.0001817557596219	3.303515615577024e-08	6.327160173375988e-07	-4.665645958375903e-05	0.0002110232053359	4.4530793190254704e-08	2.17682522089094e-09	0.0	1.0	0.0
1315.784142878103	1.625046041905307	1731287.9106494642	2.640774638312105	1971.5890088041951	0.0878657821781416	0.0077203956777766	3887163.219637509	1272.2165729999542	0.0939058065414428	1618535.0086157478	0.0088183005021988	1442.529048223622	1023.1587450610086	1.514636	30.814548	0.0661611174099497	0.039758977171982	-0.0527811297	-0.1248371778	-0.1186513083	-0.0254393424	0.1422767048	0.1872326226	-0.1363715749	0.0618868412	0.0292947343	0.0846646416	0.0882792058	-0.1346590866	-0.1472494912	-0.0685753645	-0.0722205562	-0.0840354041	-0.1503357537	-0.0733828633	-0.0747222344	-0.0193231249	0.133305174	0.0281133118	0.0391692289	-0.0402305576	0.1301257187	-0.0836410504	0.1356060451	-0.0140994295	-0.2216111211	0.0087666707	-0.138194594	-0.061565824	0.1591313703	0.0548520291	0.0463003064	0.0983308641	-0.1524159272	-0.0319061261	-0.0688875226	-0.1663973848	0.0538339317	-0.1194155182	0.0020016496	-0.2133325171	0.0353454106	-0.0799302211	-0.0171098478	-0.1561561079	-0.1334320071	0.0630323997	-0.0559034548	0.0996988867	0.0419666017	-0.0431017875	0.0983262703	-0.1534885814	0.017926645	0.1821478053	0.0254068295	0.1834991921	-0.0523679183	0.1714112526	-0.0263749162	-0.0072967928	0.0230937436	0.0295811923	0.1545005524	-0.0329980327	0.1423179024	0.0982623649	-0.0939569976	0.1174160198	0.066662692	-0.0161345182	0.0645423882	-0.1109258898	-0.1622898081	-0.0590375399	0.0314069172	0.0153538221	-0.0782838062	-0.0278110759	-0.1592364932	0.1276115228	-0.0500887521	-0.1206811645	-0.0127786361522765	-0.0073494050378286	0.0001632935419122	5.401375441006041e-05	-0.0746385318963831	-0.0028208690722238	7.957302322628762e-06	0.0055709104436473	-0.0496133585828957	-0.0073624310346573	5.42053907400864e-05	0.0024614853498749	0.0026590070235698	-0.0002470145939011	6.101620960012534e-08	7.070318351393527e-06	7.194161526125065e-05	-0.0007234928681109	5.234419302074077e-07	5.1755960063978125e-09	-4.459567629101031e-05	2.060783292748721e-06	4.246827779672261e-12	1.988774343852579e-09	0.0	0.0	1.0
1320.0031820183408	4.219039140237783	1742408.4005385449	17.80029126685837	1977.4669741796067	5.877965375411577	34.55047695453736	3910375.6339710495	1275.4428777694702	3.226304769515991	1626754.5344528677	10.409042465801631	1446.6152242646913	1035.8067530470903	1.062092	21.607765	0.077839853514575	0.0442130043908914	-0.042343765	-0.1127589088	0.0137361706	-0.0504797505	-0.004799792	0.0553091584	-0.1016583331	-0.0199569852	-0.0414586561	0.0743890233	0.1607239107	-0.021558721	-0.106519494	-0.2254770578	0.0882040219	-0.0599293359	-0.025981518	0.0331908214	0.2315912163	-0.0365833537	0.1186706266	-0.1311278526	0.0424589836	0.1015554106	-0.0526715977	-0.0379929813	0.0856563701	-0.0265245831	0.2019851274	0.149389929	-0.0480082733	-0.083550422	0.0976195107	-0.1022195776	0.0530554966	-0.0230075738	-0.1163827387	0.0004535757	-0.0938822379	0.0029767042	-0.0119885265	0.0115080324	-0.174346124	-0.0042048725	-0.0491537304	-0.048731908	0.0620137111	-0.0284214646	-0.234717528	-0.1189268235	-0.0435921491	-0.0070562479	-0.154736944	-0.1004577488	0.0859174555	0.0605396316	-0.0940913223	0.0397330491	-0.2275803077	0.1652428865	-0.0571040938	0.1374477356	-0.00580502	0.1286015991	-0.107595816	0.1042123205	0.0536650543	-0.1156870162	0.1829132515	-0.0124251465	0.1664839383	-0.150154739	0.019030394	0.0040444183	0.0225027953	-0.0373323598	-0.1122928565	-0.0135486701	0.058837158	-0.0310544804	-0.022224908	-0.0425665694	-0.0817472891	0.1339760331	-0.0554119421	-0.1133587932	-0.0053089211589991	0.0074697149932774	2.8184643872468343e-05	5.579664208079319e-05	-0.0722507694717364	0.0023877624246466	5.701409396554661e-06	0.0052201736892579	-0.0905194329027168	-0.0409060743198211	0.0016733069162587	0.0081937677330294	0.0022650014935507	-0.0003940055300191	1.5524035768563193e-07	5.130231765786901e-06	-7.974173292124576e-06	-7.991578855337522e-05	6.386533260107778e-09	6.35874396928329e-11	2.3009040673110763e-05	6.760471696412107e-05	4.570397755798921e-09	5.294159526968654e-10	0.0	0.0	0.0
1321.9246909202996	1.9215089019587597	1747484.8884647295	3.6921964603067576	1973.798284105033	-3.66869007457376	13.459286863276024	3895879.666335973	1275.706175327301	0.2632975578308105	1627426.2457682106	0.069325603959669	1447.371769989667	1039.3801990279565	1.129032	22.96961	0.0602616264861528	0.0345447946937928	-0.0288028631	-0.0347474667	-0.126002631	0.0059971558	0.0989875006	-0.1474253382	-0.0138118637	0.0587615829	-0.1232504727	-0.0134570795	0.2148303087	-0.0128469463	0.0560405756	-0.1100632955	0.1068605368	-0.0912265413	-0.1524153064	0.0240217747	0.0204015824	0.0806054735	0.0330758124	-0.0629552758	-0.0208048114	0.1805468332	-0.0031503908	-0.1716469932	0.1342386431	0.0454982261	0.1008405376	-0.0202653381	0.1071926629	0.0266851768	0.1063601229	0.0079920154	-0.0125048449	-0.0809355685	-0.0935154404	0.0784424399	-0.0228687285	-0.0873102331	0.1387462681	-0.0349808022	-0.0342988225	0.1107512124	-0.0971069068	0.1034954247	0.0123327604	0.0751560752	-0.1613947615	0.0163299871	-0.0559936804	-0.0107516746	-0.0055307609	0.0798363279	-0.0377150694	-0.1498842617	-0.130798294	0.0998756248	-0.0394877494	-0.0465011768	-0.050721348	0.1267960734	-0.0438212449	0.0935889196	0.1356349515	-0.1146473561	-0.0165153892	0.0301007256	0.0672544739	0.0224878034	0.1213647185	-0.0872944303	-0.0080666414	-0.0487426771	0.0208636748	-0.1667567728	-0.1273560626	0.0605991039	0.0984910326	-0.1387556866	0.0962809588	-0.0694678947	0.0985959853	0.0996166887	-0.0606594461	-0.1054172954	-0.0091037219207095	-0.0037948007617104	8.287775280960667e-05	1.4400512821077837e-05	-0.0824000246173284	-0.0101492551455919	0.0001030073800103	0.0067897640569363	-0.0908379546267355	-0.0003185217240186	1.0145608867184133e-07	0.0082515340007688	0.0016960107237385	-0.0005689907698121	3.237504961314797e-07	2.876452375035991e-06	0.0001638679553643	0.0001718421286564	2.9529717181171182e-08	2.685270679527622e-08	-0.0001561390379549	-0.000179148078628	3.2094034076107936e-08	2.4379399173481706e-08	0.0	0.0	0.0
1322.6530052914522	0.7283143711526918	1749410.9724065105	0.530441823227541	1983.1742375901908	9.37595348515788	87.90850375584418	3932980.056641435	1276.6947432756424	0.9885679483413696	1629949.4675076583	0.9772665884878649	1448.8791875965612	1039.7627275076538	1.110412	22.590809	0.0243586788565692	0.0125788103696145	-0.0404820555	-0.0911896944	0.0394027583	-0.069159395	-0.0700322242	-0.0494164739	-0.0567467244	-0.0146374525	-0.0263838686	-0.0094186865	0.0105109266	0.1256309764	-0.0222537699	-0.1184529612	0.1749193	-0.0785929109	-0.0863323982	0.1050500376	0.2065609452	-0.0099271366	0.1180684136	-0.052536404	0.0009320385	0.1603070756	0.0544969773	0.0002066137	0.0230218956	0.0710071236	-0.2716738583	-0.0010971412	0.1189798555	-0.0133705538	0.0057874085	-0.1295918616	-0.0704410425	-0.0794418038	-0.0633128589	-0.128751629	-0.0913386112	0.0310613354	-0.0008450505	-0.0420975963	-0.204917652	0.063375856	-0.1129066809	-0.1265516891	0.0883444414	0.237313313	-0.1077798761	-0.164752689	-0.0288920692	0.0172334466	0.0280786865	-0.1627678734	-0.0275605057	-0.1265400591	0.0407235455	-0.0874793877	0.1350567433	0.0648296744	-0.051820631	0.1530067396	0.0113943803	0.1489615596	-0.1224155798	0.1039521464	0.0231100655	-0.0616527416	0.1748877909	-0.0278936123	0.1961287828	-0.117696983	-0.0736058431	0.0311912013	0.0486301362	0.025554113	-0.0779727531	-0.0668918044	0.0422761124	-0.1135496625	-0.0090979123	-0.0193875286	-0.0136208988	0.0551819504	-0.0658240966	-0.096900045	-0.0036943401419478	0.0054093817787617	1.364814908440689e-05	2.9261411228399094e-05	-0.0786503618305971	0.0037496627867313	1.4059971014197583e-05	0.0061858794160838	-0.0916894997787665	-0.000851545152031	7.251291459475126e-07	0.0084069643696804	0.0016960011226835	-9.60105500007538e-09	9.218025711447248e-17	2.8764198081436923e-06	-8.22993779170389e-06	-0.000172097893156	2.961768482873533e-08	6.77318760553159e-11	-0.0002709933265248	-0.0001148542885699	1.3191507602897862e-08	7.343738302097687e-08	0.0	0.0	0.0
1321.8620443572916	-0.7909609341606938	1747319.2643124382	0.6256191993683574	1976.0615515590696	-7.112686031121257	50.590302577307455	3904819.2555500376	1272.9452304840088	-3.749512791633606	1620389.5598119863	14.058846174624035	1446.64783579664	1046.6415375080533	1.041631	21.191496	0.0324723085891141	0.0171997112994072	-0.044900942	-0.0195334807	-0.1532833681	-0.004277923	0.1403251268	0.1421840475	0.0709306023	-0.0849803919	-0.034462304	-0.028251126	0.1091867811	0.0025995086	0.1144314591	-0.0727366647	0.137116636	-0.1084784406	-0.1409016473	0.1377805239	-0.037826342	0.1406486505	-0.0279016395	-0.0986303651	0.0125223592	0.0538978975	0.1004756776	-0.0879283762	0.0823859437	-0.0425219114	0.0442114748	-0.1680586404	-0.1295604067	0.0821117599	-0.2704476924	0.0615397804	-0.0377824142	-0.1786218923	0.0681792068	0.1817595711	-0.0624608959	-0.1630150301	0.0543927612	-0.1673538458	0.0719737137	0.09673455	-0.1647734171	-0.1167024278	-0.0813817076	0.1684103559	-0.0219896598	-0.0332873084	0.1605448824	0.0730350775	0.0485883765	-0.0649475695	-0.0105131394	-0.0329851357	-0.2148823278	-0.0147628692	0.2111468856	-0.0485559294	-0.0508443034	0.1447161897	-0.004271155	0.0175645411	0.0880584835	0.0637883966	0.0966062317	0.0180921025	0.0605965441	0.0335721917	0.1243995347	0.1592591469	-0.0460517494	0.02402522	-0.001185051	0.0561091585	-0.0647978956	-0.0023052582	0.1052511996	-0.07586532	-0.0432925676	-0.029116108	-0.0700489379	0.0725704713	-0.0708988393	-0.0878535601	-0.0102640699249718	-0.006569729783024	0.0001053511314247	4.316134942195257e-05	-0.0918110228180495	-0.0131606609874524	0.0001732029976266	0.0084292639108964	-0.0978256642816859	-0.0061361645029194	3.765251480688809e-05	0.0095698605921531	0.0016959984980254	-2.6246581000168717e-09	6.888830141984175e-18	2.876410905304413e-06	-8.117772390736633e-06	1.121654009672568e-07	1.2581077174145491e-14	6.589822858780594e-11	-0.0001389930502695	0.0001320002762553	1.7424072931475522e-08	1.9319068023219755e-08	0.0	0.0	0.0
1320.755018251307	-1.1070261059844595	1744393.8182360106	1.2255067993311162	1978.3413373458484	2.2797857867788025	5.197423233598643	3913834.44705136	1274.360296010971	1.4150655269622805	1623994.1640491695	2.002410445597036	1448.1021507333178	1045.9978170199606	1.089921	22.173923	0.0468692344279582	0.0207248055853216	-0.045089309	-0.1475792196	0.0446152854	-0.1102297346	-0.0123338127	-0.0897544951	-0.029836408	0.1875565671	-0.0358434903	0.0082239047	0.0029781023	0.1132957717	0.1338436593	-0.0660185054	0.0529106481	-0.1359800742	-0.1639974084	-0.071114456	-0.0457969714	-0.1579849456	-0.0678289083	-0.0725290425	0.0873013495	0.0828358986	0.0520920737	-0.01986298	0.1279007712	-0.1804804589	0.0036324899	-0.0140461181	-0.0228479971	0.2196878026	-0.0921336697	-0.1020602589	0.102138895	0.2628093868	-0.0233836095	0.1230782724	-0.1310766384	0.000835983	0.2088017262	0.0153566991	-0.0801319738	-0.0221453179	0.0654684596	0.0959617885	-0.1023427452	0.0111699537	-0.0962122384	0.0072978457	0.00475939	0.1443358741	0.0295897582	-0.0381408725	-0.2394965583	0.0819893225	0.042915266	-0.0577209433	0.1784407141	0.1070620173	-0.0478160138	0.170594849	0.0025043966	0.1069721795	-0.0586640841	-0.1500380142	-0.0047230762	0.0329765219	-0.016748023	0.015230265	-0.0627779899	0.0314522489	-0.0345517472	-0.027654175	0.0466265649	-0.0326258806	0.0167320619	0.133862498	0.1394837935	-0.3212263152	0.0915456953	0.039919955	0.2688073525	0.0453035768	-0.0758767427	-0.0783272495	-0.0045554507152871	0.0057086192096846	2.0752131219409755e-05	3.258833328118116e-05	-0.0842373682706494	0.0075736545474	5.736024320335416e-05	0.007095934213165	-0.0926057707535221	0.0052198935281638	2.7247288445366403e-05	0.0085758287768538	0.0019300193039028	0.0002340208058773	5.4765737583507684e-08	3.724974513437448e-06	7.412344717505626e-05	8.224121956579289e-05	6.763618195668955e-09	5.494285421113355e-09	-0.0003900723676805	-0.000251079317411	6.30408236315737e-08	1.521564520278712e-07	0.0	0.0	0.0
1321.901765716732	1.1467474654248235	1747424.2782050136	1.3150297494582568	1977.963226444465	-0.3781109013834793	0.1429678537450272	3912338.5251665977	1273.8632072210312	-0.4970887899398803	1622727.470711452	0.2470972650838945	1445.6374000603755	1035.0564271858527	1.077725	21.925808	0.0711205143977312	0.0408268930969071	-0.0669254055	-0.0663152942	-0.0364569927	-0.0321794194	-0.0364720618	0.1210060339	-0.1239864849	0.0894174996	0.0131171865	-0.1306898987	0.0934885214	-0.2258505696	-0.108401575	-0.0796177572	-0.0463187994	-0.1363133314	-0.1622616835	0.0246648541	0.1101312467	0.0344555993	-0.2102057982	0.1104114738	-0.1164550392	-0.1169497172	-0.091116841	0.0086688773	0.1025612419	-0.1055459725	-0.063707884	0.0500083867	0.0148897082	0.0204931226	-0.0387752396	0.1764196742	0.064030151	0.1538653972	0.0360150595	-0.0960843019	-0.0601644223	-0.1740939926	-0.0725713867	-0.1714742614	-0.0976387415	0.0111866484	0.1313603124	0.0525410699	-0.1717018204	-0.0395971398	-0.139752975	0.071892884	0.1297837276	-0.013550913	-0.0491400951	-0.0153170968	-0.0907467439	-0.0473505844	-0.0025957859	-0.0581340553	-0.035831213	-0.1429083202	-0.0423699844	0.1533858311	0.0437300334	0.0231940161	-0.0347921131	0.1032856755	-0.0315807327	0.1723821017	0.0556851553	0.1544047459	-0.1193670194	0.0618983626	-0.0190473846	0.0356988657	0.0993858544	-0.0516340405	0.0394541652	0.0168276427	-0.0638487037	0.1127473701	0.0015957462	-0.0094617914	0.0793558648	0.068460083	-0.0807510076	-0.0683731426	-0.0176262693034061	-0.013070818588119	0.0003106853695561	0.0001708462985635	-0.1154761061129932	-0.0312387378423437	0.0009758587419826	0.0133347310830192	-0.0926459453044827	-4.017455096060052e-05	1.613994544885888e-09	0.0085832711813611	0.0015450026745126	-0.0003850166293901	1.482378049069905e-07	2.387033264251087e-06	-8.354102411400888e-06	-8.247754958645714e-05	6.8025461857864975e-09	6.979102710017412e-11	-0.00045799385703	-6.792148934949997e-05	4.613328715454238e-09	2.097583730772161e-07	0.0	0.0	0.0
1322.6928217689524	0.7910560522204833	1749516.3007591136	0.625769677754656	1980.212942706652	2.249716262187121	5.061223260349192	3921243.2984629385	1275.7323797941208	1.8691725730896	1627493.104855171	3.4938061079903946	1446.3561383324177	1033.4551063511558	1.080795	21.988258	0.0430549999780376	0.0250572277157003	-0.052223627	-0.1382438025	0.1649137846	-0.0285851822	-0.0046622294	-0.0568049229	-0.137065732	0.0444972348	-0.0444686667	-0.0277030076	0.1250737771	-0.0431582202	0.0567139497	-0.1404110555	0.0537885011	-0.1165319915	-0.1535685267	0.0407150631	0.0280121393	-0.1577837157	-0.0334740296	0.1479009376	-0.0774907778	0.0537168074	-0.0566202422	0.067124833	-0.2645704163	0.019170516	-0.0869850045	-0.0853526436	-0.0200787028	-0.0624373762	0.1385973965	0.0056564264	-0.0130022475	0.1059561347	0.045999698	0.0463943151	-0.0669868948	-0.0469894772	0.1716246714	0.0098189429	-0.1550994363	0.0994408822	0.0889740137	-0.0037248099	0.0528835059	-0.0993734497	0.0414026765	-0.0778047663	0.164148612	-0.030117366	0.0979109831	0.0359714597	0.1048444555	-0.1489187997	0.0417587595	-0.0806155948	-0.1418712159	-0.0092626916	-0.0402611273	0.1603063386	0.0656526854	0.1090863664	-0.1078725837	-0.1396611142	-0.0922201766	0.0367884838	-0.1266982425	0.0682240195	-0.0779160291	0.0818857995	-0.0880169508	0.0846757157	0.0188760605	0.0075484511	0.0442993479	0.0484502021	-0.0239257551	0.1233462668	-0.0589042379	0.2060768709	0.046652526	-0.0311011749	-0.0855149763	-0.0580456054	-0.0159543216174284	0.0016719476859776	0.0002545403782723	2.79540906464618e-06	-0.1236014745953184	-0.0081253684823252	6.602161297356375e-05	0.0152773245221371	-0.0955743819132095	-0.0029284366087267	8.575740971331308e-06	0.009134462478092	0.0011100193404918	-0.0004349833340208	1.892105008758509e-07	1.2321429362658503e-06	7.71983324081571e-05	8.555243481955799e-05	7.319219103554718e-09	5.959582526600319e-09	-0.0005440430322098	-8.604917517979996e-05	7.4044605491239025e-09	2.959828208960334e-07	0.0	0.0	0.0
1324.1866743053415	1.493852536389113	1753470.3484078406	2.2315954004761864	1979.047560258345	-1.1653824483071276	1.3581162508223148	3916629.245764507	1274.8737556934357	-0.8586241006851196	1625303.092955886	0.7372353462773304	1446.0383420549524	1046.0343248543072	1.086193	22.098078	0.04447727636865	0.0207399781741182	-0.0501050875	0.0142248586	0.0003228098	0.0695975754	-0.0272980365	0.2122625189	-0.1555685554	0.0903838108	-0.0147336805	-0.078115381	0.1598773028	0.0243554429	-0.0084131014	0.0128202865	-0.0496940535	-0.1301064118	-0.1169128112	0.1619961467	0.0391132818	0.0788349754	-0.2307366447	0.0439121602	-0.1232746329	0.0401380446	-0.1010222138	-0.0145011409	0.1118456478	0.0992631583	-0.0819170512	0.0787230767	0.0578071984	-0.1060263775	0.0441021516	0.115044496	-0.0804022794	0.0664875578	0.0377260548	0.0310966286	-0.0127815671	-0.2119186628	-0.0356222828	-0.1228703608	-0.0813184575	0.1868726302	0.0636453792	-0.0602880382	-0.0904660293	0.0604750628	-0.143429231	0.0408441383	0.0703496193	-0.1514586169	-0.040753151	0.14926881	-0.0394037333	-0.0396870108	0.096171749	0.0747897928	0.0200972954	-0.1751075763	-0.040746946	0.1429232087	0.0470523731	0.0274505564	-0.0211773501	0.0970179548	-0.0325875849	0.2114466073	-0.0377833393	0.0891012179	-0.0903065397	0.1965157204	-0.0749742441	0.0448954315	0.1095491054	0.0143676951	-0.0343759961	0.0086326075	-0.0652167918	0.1334252184	-0.0412475149	0.1346391848	0.0413157806	-0.0016349972	-0.0901621419	-0.0474010431	-0.0240257756067165	-0.008071453989288	0.0005772378935042	6.514836950119476e-05	-0.1143645517697962	0.0092369228255222	8.532074328465304e-05	0.0130792507015063	-0.0917230976869873	0.0038512842262221	1.4832390191147857e-05	0.0084131266492966	0.0010480034777964	-6.201586269540004e-05	3.845967225854711e-09	1.0983112894733492e-06	1.7895628267705632e-05	-5.930270414045147e-05	3.5168107183699197e-09	3.202535110959049e-10	-0.0001990092924933	0.0003450337397165	1.1904828154275347e-07	3.960469849868383e-08	0.0	0.0	0.0
1324.3406595944846	0.1539852891430655	1753878.1826551545	0.0237114692724734	1980.0622495540904	1.0146892957454838	1.029594366900466	3920646.512109205	1274.960665225983	0.0869095325472244	1625524.6978734809	0.007553266847577	1445.712300494055	1048.5073942670235	1.11107	22.604187	0.080266904149275	0.0382596405046516	-0.0172539314	-0.06613418	0.1899763327	0.0281303472	-0.0173299162	-0.1310562006	-0.1401553281	0.0688719338	-0.0907742614	-0.0294417225	0.1295727625	0.0747074569	0.1288239736	-0.0699995995	0.025439473	-0.0959177418	-0.1170262661	0.1014686715	0.0554776181	-0.0884697852	0.0012133062	-0.0270722875	-0.0451073112	0.131942865	0.1316878333	-0.101542574	-0.0829891584	0.0488227137	0.0757416502	-0.0914498394	0.0816366778	-0.0081228366	-0.0016732739	-0.115372843	-0.0031311574	0.1266103589	0.2367212363	0.1141591241	-0.0311453752	-0.0533319644	0.1593006286	0.0572362217	-0.1380762871	0.1584677382	0.0006399968	-0.1020320132	-0.0029819674	0.0099279624	-0.0356140283	-0.0336397434	0.0690822716	-0.0234288035	0.1161717736	0.1524624653	0.0328941601	-0.0503535237	-0.0864809042	0.048915678	-0.1452762558	-0.0924963596	-0.0262436316	0.1396585309	0.0168939931	0.1238690751	-0.1091454518	-0.1291244878	-0.109162333	0.0379486227	-0.1501971049	-0.0441560864	-0.0039294	0.1035228894	-0.0483334578	0.0126112933	0.0673605689	0.0212959693	-0.0268675407	0.0174301651	-0.0568001763	0.0144094616	-0.0739984817	0.1380031561	0.0068376757	-0.1162603191	-0.0946861568	-0.0364975928	-0.0158093826382241	0.0082163929684924	0.0002499365794017	6.750911341269135e-05	-0.0955002881852919	0.0188642635845043	0.0003558604405856	0.0091203050434738	-0.1122208702679259	-0.0204977725809386	0.0004201586807798	0.0125935237236906	0.0012910419495226	0.0002430384717262	5.9067698739006964e-08	1.6667893154271157e-06	0.0004188653459986	0.0004009697177308	1.607767145371931e-07	1.754481780785269e-07	-0.000208770603343	-9.761310849700017e-06	9.528318950447121e-11	4.3585164820200256e-08	0.0	0.0	0.0
1327.1672758033858	2.826616208901214	1761372.9779633805	7.989759192423072	1969.77652330635	-10.285726247740286	105.79616444345343	3880019.551768852	1275.983516573906	1.0228513479230514	1628133.934568311	1.0462248799480032	1445.2661386970108	1061.1311790572906	1.128356	22.955862	0.0486705304889112	0.0300373732152981	0.0032864677	0.1024193689	-0.0488666074	0.1851979307	0.1462078995	-0.0376402765	-0.0632520089	0.2098486946	-0.1174364083	-0.0491831599	-0.0008989689	0.2448475597	-0.0721860556	-0.0225811014	0.0190753414	-0.0890843207	-0.0466073895	0.1490623029	0.0167780743	0.0969320639	-0.097682191	-0.2107920149	0.0168342788	0.115330096	0.1618767509	-0.0105230557	-0.1053464422	-0.0904210427	0.0142608311	0.0142296859	0.1911520223	-0.0272405441	-0.0099950057	0.0149656095	-0.0226907162	0.0795302383	-0.1403251336	-0.0406429087	0.0649468461	-0.1808973592	0.0580612414	0.0929963749	-0.0117673193	0.2342646305	0.0423528271	-0.0541963274	0.1302523985	0.0260856362	-0.0856497209	-0.0544384024	-0.1391477961	0.1089983838	0.0490896693	0.0768161944	0.0518112271	0.1316248155	-0.0746954336	0.102061515	0.0330335215	0.0677595037	-0.0254735614	0.1205157055	-0.0353470732	0.0672598679	0.1111193424	-0.013433471	-0.0270176478	0.1296943828	-0.0533303428	-0.1239073543	0.1675990641	0.0572441485	-0.0411034069	-0.0622109214	0.0404162027	0.0467571848	-0.0175188436	0.1579903577	0.053143825	-0.1237654353	0.0446451534	-0.0609740265	-0.0068277401	-0.0663752149	-0.0990808418	-0.0253948054	-0.005179860189159	0.0106295224490651	2.683095157923431e-05	0.0001129867474951	-0.0955120219512792	-1.1733765987301248e-05	1.3768126424474764e-10	0.0091225463372216	-0.1132181252323647	-0.0009972549644387	9.945174640978236e-07	0.0128183438811314	0.0016249571959312	0.0003339152464086	1.1149939178411613e-07	2.6404858886085885e-06	0.0004196605876041	7.952416055000328e-07	6.324092111182699e-13	1.761150087882185e-07	0.0001971592948313	0.0004059298981743	1.6477908223179758e-07	3.8871787538375485e-08	0.0	0.0	0.0
1329.993236969172	2.8259611657861115	1768882.010383736	7.986056510531198	1988.0080561362024	18.231532829852316	332.38878932598266	3952176.031262442	1275.972921013832	-0.0105955600738525	1628106.895160571	0.0001122658932786	1445.3419193808336	1076.762973957908	1.073607	21.84202	0.0367596523991722	0.0173258214804511	0.0046935065	0.13598064	0.0853075516	0.0728290013	-0.1788480266	0.1849832805	-0.0429769196	0.0330160031	-0.0848376236	-0.0020244525	0.0714594286	-0.0509679296	-0.0120049988	-0.1456539387	-0.1673918326	-0.1212237958	-0.0953869703	0.1036376963	0.1430236271	0.068900338	-0.0847235493	-0.1371775423	-0.0345848913	-0.1052688564	-0.0444647655	-0.0734251155	0.0496843382	-0.0174940825	-0.0694418193	0.0189065208	-0.0348041863	-0.1381194997	0.0165537528	0.084609003	0.0046996589	-0.200388748	-0.132631462	-0.0404341961	0.0307911985	-0.2079828568	-0.1068535725	-0.0423065311	-0.124485889	0.1407764056	-0.0064840707	0.0096893784	-0.001576535	-0.0610426708	-0.0660368262	0.2142629718	-0.043160634	0.0819179849	-0.0594336416	-0.0910211047	-0.0169458264	-0.0265721889	0.0728066432	0.0986883231	0.0354882234	0.0051571719	-0.0216171541	0.1471645477	0.0047189917	0.009303434	-0.0372681414	0.1269027581	-0.0725125105	0.1789571998	0.014642888	-0.0300761145	-0.0210649349	0.1517484627	0.02205175	0.022527257	0.0708363338	-0.0363715783	-0.0909385837	-0.0152228503	-0.0397445859	-0.0192368505	0.0326414212	-0.0277254884	0.1205307141	0.023243598	-0.1033401944	-0.0141533203	-0.0105427570565552	-0.0053628968673962	0.0001111497263535	2.876066281032797e-05	-0.0832047890302618	0.0123072329210174	0.0001514679821721	0.0069230369175703	-0.1108754972099461	0.0023426280224185	5.487906051420853e-06	0.0122933758815527	0.0014139744229509	-0.0002109827729803	4.451373049445688e-08	1.9993236687593303e-06	0.0003426067102638	-7.705387734030001e-05	5.937300013174e-09	1.173793579177834e-07	0.0001502580533851	-4.690124144619999e-05	2.199726449194748e-09	2.2577482607079563e-08	0.0	0.0	0.0
1327.9182309046168	-2.0750060645550548	1763366.8279688472	4.305650167940256	1980.424199884588	-7.583856251614407	57.51487564515092	3922080.011488511	1274.3973007202148	-1.5756202936172483	1624088.4800829696	2.4825793096585045	1448.5188372161897	1066.3477133337549	1.053869	21.440466	0.1113786505499145	0.0521890769100082	-0.0210349372	0.0308697678	0.21787357	-0.0617283105	-0.0655975432	-0.0411892465	-0.0511655081	-0.0463195121	-0.0643062811	0.0847771125	0.0440174135	0.0294226801	0.0653796369	-0.1471208363	0.2191832506	-0.1488342673	-0.0513245708	0.0967609767	0.1302026303	-0.0348276706	-0.0170884393	-0.0328144742	-0.0315851285	-0.0067050116	0.1187673716	0.0632065433	-0.1476860956	0.0239772176	0.0455427675	-0.071426958	-0.1544771776	0.0488302456	0.0526529189	-0.1067854496	-0.0700619636	-0.0398500414	0.0829642096	0.043696375	-0.1247648031	0.0031294209	0.041414814	0.0082105617	-0.1477059476	0.1319332475	-0.0176679194	-0.0019142018	-0.0056744319	0.1082958301	0.1521636351	-0.0025282405	0.1847569138	0.1229490543	-0.0160067341	-0.0468189899	0.0469021371	-0.0769357641	0.1095729585	0.08976266	-0.1240209808	-0.1388140422	-0.0318287277	0.1429172606	0.0720922489	0.0994897352	-0.1623428759	0.0206164392	-0.1140738121	0.0461168322	-0.1050333215	-0.0438747337	0.0914226384	0.034615292	-0.0835925481	0.1382921661	-0.149943097	0.0993450439	-0.0356721781	0.0388580238	-0.016263858	0.1713535649	0.0638030378	0.0508354732	-0.0963663007	0.0842982528	-0.1074583966	-0.0028345346	-0.0155270736725441	-0.0049843166159888	0.0002410900168326	2.4843412128423035e-05	-0.1137849864488487	-0.0305801974185869	0.0009351484741597	0.0129470231411646	-0.0891978497747061	0.02167764743524	0.0004699203983265	0.007956256404431	0.0014779946078447	6.402018489380006e-05	4.098584073836346e-09	2.1844680608180083e-06	-2.9866688589175183e-05	-0.0003724733988529	1.3873643285308752e-07	8.92019087282767e-10	-0.0004959781444701	-0.0006462361978552	4.176212234183452e-07	2.459943197920033e-07	0.0	0.0	0.0
1324.3422580804863	-3.575972824130531	1753882.4165377214	12.787581638920086	1978.5903359405263	-1.8338639440617044	3.36305696532955	3914819.717477245	1275.331190824509	0.9338901042940506	1626469.64628986	0.8721507268983527	1448.933836148541	1060.6320692166532	1.088701	22.149094	0.0600358214087775	0.0332472541732263	-0.0561529759	0.0415491147	0.0781907908	-0.1456395509	-0.0928294764	-0.0254414471	0.0684532985	0.2254036557	-0.0846158876	-0.0832651894	-0.1080183631	-0.0370502031	-0.0543611229	0.1361704971	0.4057923252	-0.1593603754	-0.006313229	0.0612691132	0.1372484098	-0.0828187383	-0.1001297591	0.2048787443	0.024815611	-0.0210898856	-0.128139883	-0.0807367151	-0.1202528651	0.0824865532	0.0679760754	0.0726253719	-0.0675759085	0.192155655	-0.1045133556	-0.0426278975	0.0242160082	-0.0604710707	-0.0049360958	-0.0987185943	-0.1235913674	-0.0146436976	-0.088920794	-0.0779753522	-0.1179143905	0.0981431362	0.0527283842	0.1752241113	-0.1388988236	0.0728568003	0.0589354053	-0.1487099214	0.2252088167	-0.025799689	0.1382560366	-0.003511839	0.1939157152	0.1753214278	0.0250333418	-0.1549760723	0.1185086149	-0.0010124844	-0.0394249034	0.0966636222	0.0993790797	0.0623581658	-0.0881131133	0.1429940524	-0.1325142354	0.2326313943	0.0378384014	0.0274936983	0.0305302192	-0.1254793612	-0.1127849675	-0.0471143853	0.0201315133	0.0935761744	0.0408616551	0.0633441066	-0.0746402284	0.0287668568	0.0271370544	0.0902996778	0.0277270518	-0.1536934573	-0.1114298236	0.0084997322	-0.0132491804607326	0.0022778932118114	0.000175540782881	5.1887974844169045e-06	-0.1204760508279036	-0.0066910643790548	4.477034252465727e-05	0.0145144788230876	-0.0924325964826735	-0.0032347467079674	1.0463586264705956e-05	0.0085437848925287	0.0009370832995594	-0.0005409113082853	2.9258504343091485e-07	8.781251103131321e-07	0.0002727146334311	0.0003025813220202	9.155545643553749e-08	7.437327128745927e-08	-0.0006091278563634	-0.0001131497118933	1.2802857301536809e-08	3.710367453978709e-07	0.0	0.0	0.0
1324.652246292596	0.3099882121096016	1754703.57360802	0.0960926916469073	1968.7257220055449	-9.864613934981437	97.3106080862299	3875880.968486254	1274.5076401233673	-0.8235507011415848	1624369.7247328348	0.6782357573507959	1444.831095906451	1042.7828741333997	1.254434	25.520868	0.0927933976865388	0.0440589198799179	-0.0388374156	0.029762708	0.0474975668	-0.0285279657	0.1169831852	-0.2283321874	-0.1078595963	0.006256549	0.034519207	0.0258186164	0.0043925606	-0.3017506093	0.0476175581	0.0983418528	-0.1424292675	-0.0438574949	-0.0725793983	0.0313696804	0.063036478	-0.2059962571	-0.3408036387	-0.0849007481	0.1842925716	-0.1191473063	-0.0379121406	-0.0039768974	-0.0723125769	-0.005511486	0.0081680779	0.2077826129	-0.0979774821	-0.0309297232	-0.1192778793	-0.2086469086	-0.0319887751	0.0497957045	-0.0131528722	-0.0365576517	-0.0063620883	-0.0172414396	0.1443264753	0.0602049128	-0.0400351481	0.1298455674	0.2773022175	0.0408606522	-0.2390306199	-0.0690317672	-0.0814560302	0.1194829396	-0.0047514713	0.1430494124	-0.0496954824	-0.1405917712	0.0068194848	0.1018519256	0.1677218413	-0.1837231605	-0.0927143648	0.0909654347	-0.0147868266	0.0818761101	0.0280538853	-0.0022018259	0.0367207664	-0.1135799098	-0.217904371	0.1994569485	-0.057404398	-0.024004182	0.0822662984	-0.0842408057	-0.0452859764	0.0202943858	-0.038777032	-0.0920638755	0.0106520743	0.051807475	-0.1760416048	0.2676047499	-0.1861895829	-0.272143859	-0.1752173765	0.1023815482	-0.1152490509	0.0197875765	-0.0182038307989813	-0.0049546503382486	0.0003313794557579	2.4548559974307937e-05	-0.1468229348820955	-0.0263468840541919	0.000694158299365	0.021556974207392	-0.1092387193747868	-0.0168061228921132	0.0002824457666648	0.0119330978106434	0.0012370078453313	0.0002999245457719	8.995473315648057e-08	1.5301884094111851e-06	0.0001859372439041	-8.677738952700002e-05	7.530315333120694e-09	3.4572658670652773e-08	-0.0001021149836226	0.0005070128727408	2.570620531248787e-07	1.0427469880243869e-08	0.0	0.0	0.0
1330.012629151914	5.360382859318179	1768933.593703587	28.73370439847213	1971.115990063376	2.390268057831236	5.713381388288307	3885298.2462835233	1275.8863496780396	1.3787095546722412	1627885.9772947526	1.9008400361445297	1447.9334074714498	1068.006273699295	1.417426	28.836857	0.2349383206641115	0.1144096342198518	0.0334194125	0.1131058195	0.001438337	0.1576427141	0.0567007756	-0.1105157655	-0.0759075843	-0.1722920182	-0.3617695506	0.1826270084	-0.0246427642	0.0160807903	-0.4226864456	0.127972027	-0.0105114419	0.0213370278	0.0338703123	-0.1077469372	0.0389316382	0.1287645431	0.1845330872	-0.3174456646	0.1688979157	-0.0734967518	-0.4481617688	-0.0422503213	0.0965903463	0.0526041478	-0.0079484636	0.0885664409	0.1380846355	0.1999507849	-0.0403619375	0.001199216	-0.0556549766	0.0233962549	0.1312178229	0.239647775	0.0436248285	-0.016508052	0.0257189402	0.1830158292	-0.0058019088	0.078911306	-0.4739389312	-0.0413272864	-0.251037197	-0.3479061352	-0.1535903869	-0.0166466969	-0.1292712157	-0.2293629564	-0.0954826393	-0.0316400428	0.0270170811	0.2851488515	-0.1133758266	-0.056628137	0.1415900864	-0.0737597064	0.0005398753	0.0310010737	-0.1583809464	-0.0509560525	0.1345126799	0.0634987579	-0.1714930924	-0.1665786122	-0.163292213	-0.1639526018	0.1540034498	-0.0013962494	0.0635995441	-0.4351258019	0.3007168503	0.0902833525	0.4781417515	0.031884866	0.2094466503	0.1194775041	-0.101304747	0.2227668816	-0.036264331	0.2137865894	-0.1189108618	0.0309673479	-0.0202222616581337	-0.0020184308591524	0.00040893986657	4.0740631331786965e-06	-0.0982544375422804	0.048568497339815	0.0023588989338476	0.0096539344967498	-0.1940526095967101	-0.0848138902219233	0.0071933959745764	0.0376564152912931	-0.0002284828416072	-0.0014654906869385	2.1476629535034768e-06	5.2204408908900856e-08	0.0006610061501699	0.0004750689062657	2.2569046570058346e-07	4.369291305624323e-07	-5.192453196248547e-05	5.019045166011453e-05	2.5190814378462936e-09	2.696157019523175e-09	0.0	0.0	0.0
1331.029100930255	1.0164717783409287	1771638.467523203	1.0332148761635702	1990.1090596096567	18.993069546280594	360.73669078985137	3960534.069140432	1278.7759145498276	2.889564871788025	1635267.839632748	8.349585148271345	1448.65237628964	1093.518151131913	1.342357	27.309607	0.1304236515778276	0.0706710075595931	0.0500331765	0.1366052957	0.0316180934	0.1623639037	-0.167853391	0.1520622679	0.1263355433	-0.108546823	-0.170708956	-0.01051725	0.1171872264	0.302619366	0.1685825352	0.1629331699	-0.1836127447	0.0850762433	0.0042925065	-0.0485091069	-0.0190860375	0.1057120368	-0.0166100206	-0.2058519789	-0.160041401	-0.1350495209	-0.0260106364	-0.0856771438	-0.0203513483	0.0322078123	-0.0741620157	0.1327907501	0.1094886641	0.0427695722	0.0038501538	0.0588589659	0.1486882683	-0.1959383573	0.2743054401	-0.2824894637	0.1521034373	-0.0576977683	-0.127913097	0.0220878824	0.0295188922	0.0836346391	-0.1495045284	-0.0449233284	0.1677582216	0.1726824463	-0.1041948102	0.2148328662	-0.1104067588	-0.2076711823	0.1386597929	-0.0836513683	-0.0452321788	-0.0513197192	0.1259290316	-0.1837735767	0.1155015591	0.0579226793	0.0087970692	0.0052914853	-0.07515058	-0.0025800542	0.0223523247	0.1615543541	0.0043421559	0.0486507778	-0.0732880502	-0.1564658236	-0.0020850012	0.2176337946	0.0880811029	-0.0815346361	0.0427931611	0.1092216372	0.0659314148	-0.1846396624	-0.1535523032	-0.1524864541	-0.0552228459	-0.1368593461	0.0654768129	-0.0568093227	-0.1224102548	0.0419779864	-0.0100123990808782	0.0102098625772554	0.0001002481353547	0.0001042412938464	-0.0911900382464665	0.0070643992958139	4.9905737410695925e-05	0.008315623075392	-0.1445589090469212	0.0494937005497889	0.0024496263941121	0.020897278184836	-0.0007651918922778	-0.0005367090506705	2.8805660507173656e-07	5.855186320076802e-07	0.0006072587364727	-5.374741369719991e-05	2.888784479137952e-09	3.6876317302242016e-07	0.0006307327867691	0.0006826573187315	4.660210148177976e-07	3.9782384830551497e-07	0.0	0.0	0.0
1326.170359780814	-4.85874114944113	1758727.8231611734	23.607365557272512	1982.2164600466888	-7.892599562967916	62.29312786136135	3929182.094480026	1274.9729914665222	-3.802923083305359	1625556.1289690926	14.462223977536738	1448.098756344919	1092.2827774737882	1.26244	25.683748	0.0972368991934679	0.0652769167577273	0.0392553706	-0.0206217458	0.0860043778	-0.0559102564	-0.0823162132	-0.0497500901	0.1695957682	0.107707995	0.1358868242	-0.0175930362	-0.05443543	0.1778572105	0.0626114797	-0.0384041057	-0.0533139277	0.0545872754	-0.003734102	0.0712243816	-0.0383342	-0.1313889554	0.0177915386	-0.068710838	-0.1170962461	0.0122403538	0.0756856837	-0.0841731966	0.0079547054	-0.0048612312	0.0702391104	0.0051886694	-0.0515483358	-0.0669843841	-0.13643943	0.0444270383	0.0181148895	-0.1618530656	-0.1225395036	-0.0945377535	0.0072681418	0.1013283453	0.0523309581	-0.0167580592	-0.0113455726	-0.0087557037	0.0146889278	0.0716066495	0.1657226402	0.0649426986	-0.0200758639	0.1727660754	-0.0172247729	0.1401406002	0.1262867708	0.1004930288	-0.096706595	0.0969139351	0.0646367453	0.1215384879	0.103086388	-0.0028751005	0.0086673394	-0.0080160267	-0.0167577998	0.0961840968	0.0447833585	-0.0917799755	0.0308743977	0.0304800156	-0.0772038681	-0.1930228471	-0.1069179769	-0.0442121216	0.0787074383	-0.0930166215	0.0235755199	0.0139561555	0.0721800558	-0.0590912478	-0.2169965963	-0.2045723945	0.0197678249	-0.0265053441	-0.0054480421	-0.1542439583	-0.1257424501	0.0527593557	-0.0081168566286464	0.0018955424522318	6.5883361530001e-05	3.593081188212948e-06	-0.0885304145519967	0.0026596236944698	7.073598196185193e-06	0.0078376343007483	-0.0866157511135199	0.0579431579334012	0.003357409551295	0.0075022883409592	-0.0010147895517753	-0.0002495976594975	6.229899162663e-08	1.0297978343923144e-06	0.0009997073212013	0.0003924485847285	1.540158916554811e-07	9.994147280634792e-07	0.0005780075287279	-5.2725258041200055e-05	2.779952835511131e-09	3.340927032661341e-07	0.0	0.0	0.0
1323.601239793479	-2.5691199873349437	1751920.2419828346	6.600377509323899	1977.047399725796	-5.169060320892868	26.71918460102908	3908716.420762531	1272.7157148122787	-2.257276654243469	1619805.2907301297	5.095297893792591	1445.1870725361457	1074.296072262546	1.171683	23.837326	0.1179036175080159	0.0615791464381188	0.0082318329	0.0136005099	0.0522786013	-0.0959133185	-0.0692212339	-0.0242137553	0.0471002786	-0.0049271795	0.2643375846	-0.0022566594	-0.1004406763	0.0790744804	-0.1313398775	-0.0122953559	0.0660523114	0.012670412	0.0249440779	0.0392388867	0.0363546518	0.0388578025	0.2727206622	-0.0108823464	0.0508629076	-0.0364025766	0.0218299867	-0.0371923714	-0.1090573537	-0.0566856319	-0.1803394461	0.0715229978	-0.1781502821	-0.0288925157	-0.2664365673	-0.0328328724	0.1664635511	0.0285542404	-0.0191833769	0.0721869446	-0.0325699803	0.0746138814	-0.0804075018	-0.0218796887	-0.0926509044	-0.0660687695	-0.0165614499	-0.1206915819	0.1707137538	-0.0329017372	0.0127233388	-0.175701324	-0.0615181131	0.1492095343	0.1892052467	-0.1184788412	-0.10461388	0.1749989613	0.2079120357	0.0506384888	0.1489723765	-0.0938420509	0.0002141991	-0.0739306659	0.0198931222	0.0963889877	-0.0525511326	0.1255219083	0.0586026858	-0.091094233	0.0697814698	-0.1955647863	0.0634444666	-0.1259121562	-0.0187707466	-0.0330923624	0.0741728208	0.0261901303	0.0026902759	-0.1762289355	-0.1009653363	-0.1373194133	0.004382677	0.0988757985	-0.0662496779	-0.1133782027	-0.1289028963	0.0632525717	-0.0045936270973498	0.0035232295312965	2.1101409909506352e-05	1.2413146330200452e-05	-0.0812715836428878	0.0072588309091088	5.269062616703464e-05	0.0066050703078229	-0.1094298898410954	-0.0228141387275754	0.000520484925881	0.0119749007906342	-0.0021160454508418	-0.0011012558990665	1.2127645552287653e-06	4.477648350028277e-06	0.0013691575587337	0.0003694502375323	1.364934780127467e-07	1.8745924206376249e-06	0.0007934497589297	0.0002154422302018	4.64153545543254e-08	6.295625199455991e-07	0.0	0.0	0.0
1326.201780190241	2.600540396761972	1758811.161779764	6.762810355190911	1971.2213350406364	-5.826064685159508	33.94302971566276	3885713.551719389	1274.7379784584043	2.022263646125566	1624956.9137242192	4.089550254441069	1444.8034210049534	1067.7164782436228	1.170528	23.813831	0.0657248014418492	0.0380326697205457	0.0222626687	0.1903771829	-0.117340958	0.157192612	0.1005313859	-0.0438024269	0.0451669428	-0.1621655142	0.2098505463	-0.0064511255	-0.1920870879	-0.0507406632	-0.0199432723	-0.2184782641	0.0439563635	0.0460634686	0.0451213949	0.0283346509	-0.2446190105	0.1415401936	-0.0386046253	-0.1566874584	0.0043953734	-0.0415536832	-0.0071488275	0.1787977375	-0.1934836795	-0.1804086399	-0.1022366736	0.0044527459	-0.0463848495	-0.1150028836	0.0057353014	-0.0481972928	0.1319070088	0.0444239516	0.1148959925	0.0388251337	0.0772739162	-0.0892390464	0.019102448	0.0547706775	0.1889416973	0.041516214	0.0822269478	-0.1602326539	0.1144646222	-0.2187439239	0.0723585553	-0.180500552	-0.0812302471	0.1540614745	0.1077802152	-0.1135521595	-0.0001427798	0.042076744	-0.0549218059	-0.0201079755	0.0213262548	-0.1416987672	0.0009292309	-0.090886148	0.0308514506	0.010093686	0.1876289845	0.035562755	0.0252114192	-0.0064485566	0.0213336057	-0.2028580075	0.1329478866	0.0102367577	-0.0593713183	0.0532563646	0.0368328437	-0.1764997825	-0.1442391527	-0.1068447622	-0.0979835616	-0.0660041735	0.1625865582	0.0617986867	-0.0396601629	0.0046656539	-0.1318872767	0.0734003241	-0.0097492453257359	-0.0051556182283861	9.50477844213833e-05	2.6580399316867027e-05	-0.0829929729493699	-0.001721389306482	2.9631811444709025e-06	0.0068878335589748	-0.1001194041513144	0.009310485689781	8.668514377961685e-05	0.0100238950876142	-0.0023109280867733	-0.0001948826359315	3.797924178760962e-08	5.3403886222377056e-06	0.0012537969918835	-0.0001153605668501	1.3308060383999444e-08	1.5720068968561131e-06	0.001473952720492	0.0006805029615623	4.630842806950611e-07	2.172536622245768e-06	0.0	0.0	0.0
1324.9194113955618	-1.282368794679087	1755411.446692762	1.6444697255666942	1978.19126097624	6.969925935603669	48.57986754780068	3913240.665002767	1275.3024522066116	0.5644737482073197	1626396.344604197	0.3186306124152205	1448.170574627642	1101.8102226143403	1.206562	24.546925	0.1604167842712331	0.0998853007938103	0.0705705803	0.0998971843	-0.0719906948	-0.0039636056	-0.0023198882	0.0595679653	0.1682439791	-0.085807599	0.0450290671	0.0982596832	-0.1225511115	-0.1700191611	0.024319536	0.2050874459	0.3490293902	0.0573502941	0.0540412863	0.0314446338	-0.1325893048	0.0681818758	0.0342168287	0.0072127036	0.0226653544	-0.0734677963	0.1457032435	-0.0858514736	0.0469219348	0.0614414315	0.0822859321	0.1077485308	0.1661200033	0.0285241535	-0.0115556203	-0.0475180448	-0.1174444242	-0.0036328032	-0.037215263	0.3027170251	0.0174494457	0.0967549388	-0.0032187659	-0.0473087248	0.1990032661	-0.0648460079	-0.1130607134	0.0063079585	-0.0338680431	0.1600726246	0.0550270433	0.0243120378	0.0064371782	0.1020876396	0.1874007165	0.0169368166	0.0197769618	0.1067266967	-0.1301184374	-0.1993638292	-0.1922109313	-0.2741639696	0.037146302	-0.1222876004	-0.0088663486	0.0319439251	0.1652093446	-0.0132465851	0.0805818427	-0.0341779986	0.0115104063	-0.0473891659	-0.0523881922	-0.054118965	-0.2482249266	0.1017341086	0.0654839002	-0.1252035724	0.0599872553	-0.2577443314	-0.2087453389	-0.0475648591	0.0362673664	-0.024310463	-0.0211077941	0.0653501178	-0.1346915149	0.0831471893	-0.0119927538418522	-0.0022435085161162	0.0001438261447112	5.033330461886357e-06	-0.1043960861578625	-0.0214031132084926	0.0004580932550155	0.0108985428050798	-0.0962501974055101	0.0038692067458043	1.4970760841777556e-05	0.0092641005005996	-0.0039228237523088	-0.0016118956655354	2.598207636572132e-06	1.5388546191678094e-05	0.0011259151048423	-0.0001278818870411	1.6353777033218204e-08	1.2676848233120476e-06	0.0005557111570523	-0.0009182415634397	8.431675688281847e-07	3.08814890072406e-07	0.0	0.0	0.0
1323.3182758904918	-1.601135505070033	1751171.2593057838	2.56363490559587	1977.7621902591925	-0.4290707170475798	0.1841016802277243	3911543.2812188384	1274.549566745758	-0.7528854608535767	1624476.5980917995	0.5668365171647025	1447.394484555928	1089.3811972686456	1.208609	24.588575	0.1785965050781826	0.1406606689924761	0.0682417334	-0.0905936654	-0.0718824527	-0.0508401511	0.057557557	-0.0206392316	0.1281708262	0.0796583916	0.0475401361	0.01011776	-0.0530945154	0.0213392061	-0.0061549935	-0.0649956445	-0.0490905904	0.114645986	0.015446114	0.0152349354	-0.0490866673	-0.1302863091	0.0432404715	0.0747024248	0.000388317	-0.1217709203	0.0962114893	0.075194376	0.1164007838	0.1114891702	0.0705105341	0.0750420733	-0.111437483	-0.0598047128	0.0798407897	0.1219890755	-0.2332770495	0.0924213681	-0.087207966	-0.1401377996	0.0435432897	0.124446759	0.0667752254	-0.0894129445	0.0697449218	-0.0933466847	0.0141142768	-0.002055264	0.0617722003	-0.0099957319	-0.0071708599	0.1124999703	0.0720199225	0.0583875576	-0.242599474	0.0369129569	0.1174468272	0.0838772459	0.0300395059	0.0709768359	0.1102449602	-0.1978225541	0.0471697877	-0.0615261902	-0.0566174242	0.0610773044	0.0324488585	0.0265711294	0.1902890277	-0.0652006516	-0.0763426059	-0.0550624186	-0.1521623074	-0.0939711243	-0.0396311787	0.1173618612	-0.0492723543	0.0435720898	0.0387024437	0.1209146065	-0.2055535206	-0.0514103538	-0.0263304266	0.0920829543	0.1574608834	0.1104616445	-0.1373117808	0.0924399334	-0.0133517249238082	-0.001358971081956	0.000178268558441	1.8468024015926651e-06	-0.1038219159690214	0.000574170188841	3.29671405753818e-07	0.0107789902354785	-0.1123293586723406	-0.0160791612668305	0.0002585394270447	0.0126178848197393	-0.0012760443933272	0.0026467793589816	7.005440975131049e-06	1.628289293741782e-06	0.0015365499991832	0.0004106348943408	1.6862101645036206e-07	2.360985899989892e-06	0.0007099809545409	0.0001542697974886	2.379917041717368e-08	5.040729558108076e-07	0.0	0.0	0.0
1323.1290743593877	-0.1892015311041177	1750670.54741513	0.0357972193721424	1976.8328779236344	-0.929312335558052	0.8636214170203613	3907868.227239839	1275.6394739151	1.089907169342041	1627256.0674103934	1.1878976377831805	1447.421187623439	1079.6286129023842	0.858761	17.471085	0.061547725340363	0.0379668849612225	0.0649267698	-0.0898249049	-0.0974299571	-0.0617951355	0.0120042864	0.0340396085	0.1866549152	0.0189951299	0.0927224935	0.0305129941	-0.1551038638	-0.019298372	-0.1216217452	-0.1373910674	-0.1140657756	0.1164277191	0.0358619038	0.022575482	0.0027636355	0.0593685782	0.1119558965	-0.0150761632	-0.0823932729	-0.2604494436	0.1972435449	-0.0034223016	-0.0040210092	-0.1200546266	0.0807679519	0.1691750179	-0.0216561242	0.0932401565	0.1719394654	-0.2092763889	-0.0287466893	-0.1006175608	-0.0730014157	-0.0999797512	0.0211674877	0.0920340487	-0.0490105273	-0.1294554813	0.0623301955	-0.1362380807	-0.0147958282	-0.018303155	0.1462661912	-0.0538401561	-0.0313491319	0.1143681842	-0.0017820028	0.2427857476	-0.1901154746	-0.1936866915	0.0358008892	0.1332038431	-0.0012780532	-0.1369364941	-0.2027989167	-0.0130565813	0.0505761455	-0.0851791008	-0.0662800411	0.0697247861	0.0435061128	0.0655934346	0.1805684174	-0.0889404078	0.0047336351	-0.0135861348	-0.0929716074	-0.1346047707	-0.0553151546	0.1077348599	-0.0037212442	-0.0095801686	0.0463588645	0.1146193368	-0.164780876	-0.0231750764	0.0236126072	0.0936330188	0.1515035134	0.1469892319	-0.1397444952	0.1012278027	-0.0129381980331402	0.000413526890668	0.0001673969683447	1.7100448930554425e-07	-0.1150438074754731	-0.0112218915064516	0.0001259308489825	0.0132350776384537	-0.117514601423629	-0.0051852427512883	2.6886742389788888e-05	0.0138096815477543	-0.0019271878194346	-0.0006511434261073	4.23987761362883e-07	3.714052891377088e-06	0.0015001183358156	-3.643166336759997e-05	1.327266095730125e-09	2.2503550214501657e-06	0.000916947148905	0.000206966194364	4.28350056095584e-08	8.407920738850082e-07	0.0	0.0	0.0
1322.4002261686542	-0.7288481907335154	1748742.3581709077	0.5312196851355188	1974.4885685187728	-2.344309404861633	5.495786585722704	3898605.1072113127	1275.2185055017471	-0.4209684133529663	1626182.2367741095	0.1772144050409139	1445.295425897223	1079.0354813455317	1.00758	20.498737	0.0426081089199298	0.0292377969725157	0.0640026127	-0.1433047859	-0.0505680045	-0.0510205874	-0.0062234205	0.0575019007	-0.0039921314	-0.0944265412	0.3130796159	0.1976268076	0.0388384324	-0.0400256374	-0.1050750332	-0.0600706458	-0.0577729914	0.0776247245	0.0153499013	0.0048241827	0.0258899651	0.0290440299	0.1169584732	0.012673936	-0.0990436653	-0.0791864254	0.0760963879	0.1660149944	0.106083789	-0.1375509559	-0.0365917611	0.069037537	-0.0546863223	0.1703012894	-0.0207407447	0.0029975401	-0.1670437115	0.0495203429	-0.1502549621	0.021996595	0.0179164395	0.0663356695	-0.0430730635	-0.0290590867	-0.0359950914	-0.1784217699	0.0375645119	-0.1261538253	0.1295147243	-0.06617853	-0.0466674584	-0.0796022222	0.0969576738	0.0729679814	-0.1239749969	-0.0268217416	-0.1345522428	0.0864539686	-0.0516141069	0.0715318719	0.0764933469	-0.0075329586	0.0530050621	-0.059936454	-0.0366785054	0.1057479563	-0.0804213251	0.0831002475	0.1483859822	-0.1323493576	0.0062229539	-0.0528518163	0.0145714234	-0.1585933551	-0.0202715203	0.0865656542	-0.023693483	0.0197139924	-0.0694534013	-0.0007741638	-0.0847426898	0.1933732661	-0.0583973325	0.0289077706	-0.0527601223	0.1168673368	-0.1419863355	0.1094628008	-0.0120904185531003	0.0008477794800399	0.0001461782207891	7.187300467767233e-07	-0.1145770350469064	0.0004667724285667	2.1787650007005526e-07	0.01312789696014	-0.1117356374076408	0.0057789640159882	3.3396425098086564e-05	0.0124848526668917	-0.0013691213886622	0.0005580664307724	3.11438141155046e-07	1.8744933768923104e-06	0.0015394517176519	3.9333381836299895e-05	1.5471149266801663e-09	2.3699115909813854e-06	0.000804055101607	-0.000112892047298	1.2744614343133873e-08	6.465046064202431e-07	0.0	0.0	0.0
1324.9638597833202	2.56363361466606	1755529.229731914	6.572217310245767	1971.2091193080928	-3.279449210680013	10.754787125429765	3885665.3920433866	1274.6592664718628	-0.5592390298843384	1624756.2456025872	0.3127482925459759	1445.9735424107853	1100.8544164859395	1.083756	22.04851	0.068243440556419	0.0416802356297341	0.0972299804	-0.0305284739	-0.0637960814	0.0052457223	0.0016756876	0.1545155891	-0.0749225825	0.0445221584	0.0499570701	-0.0452891804	0.0773441032	0.0282239825	-0.0974191007	-0.0209868497	-0.0682310399	0.0811912131	0.010463558	0.0035701417	0.0646388338	0.0086156531	0.1144279515	0.1656608592	-0.0021031172	0.0219674885	0.0182012619	-0.0418164529	0.0041918962	-0.0044155908	0.0495323007	0.1926063298	-0.1458027249	0.1122363211	0.0138722623	0.0556080737	-0.3195960696	0.0948095171	-0.0458148856	0.1935803684	0.0414973806	0.0524466206	-0.0800735957	-0.0503817512	-0.0121421885	-0.0742411317	-0.0701945344	-0.0030262809	0.0120896509	-0.1177265736	-0.0381615461	-0.0469981161	0.1843188692	0.1084291908	-0.0261211995	0.3021426129	0.1113178685	0.0545106402	-0.0735151212	-0.0334915882	0.0599727635	0.2663776862	0.071584882	-0.0518306411	-0.0829454117	0.0034839651	0.0088963471	0.1239344702	0.1527352153	0.0165581862	-0.0113169477	0.0423816848	-0.1749971747	-0.0139126513	0.0152298572	-0.0022550195	-0.0198585454	0.0295591307	0.0092184584	0.0534033577	0.0103907728	0.0408408748	-0.0825214352	-0.0428859001	0.1377736693	-0.1130224088	-0.1440342395	0.1170999511	-0.0125298971882727	-0.0004394786351723	0.0001569983235486	1.931414707729947e-07	-0.1467486940311175	-0.0321716589842111	0.0010350156417963	0.0215351791998385	-0.1369482561951613	-0.0252126187875205	0.0006356761461248	0.0187548248748955	-0.0012981350473313	7.098634133089984e-05	5.039060655547018e-09	1.6851546011098366e-06	0.0014619387382566	-7.751297939529995e-05	6.008261974736195e-09	2.1372648744152995e-06	0.0008639494638711	5.989436226410002e-05	3.587334631023248e-09	7.464086761231611e-07	0.0	0.0	0.0
1325.3573368506436	0.3934770673233743	1756572.0703438304	0.1548242025094032	1968.30796240184	-2.9011569062527087	8.416711394697789	3874236.234854484	1276.2966626882553	1.637396216392517	1628933.1711891782	2.6810663694565307	1445.6542522340983	1047.41658598327	1.391078	28.300817	0.1134852896922867	0.088050185992481	-0.029342696	0.1087687106	0.0255142478	0.0585706318	0.0995954198	-0.1669359771	-0.0252513613	0.1272670688	-0.0007045525	-0.0439626012	0.0006327159	-0.0802399284	-0.1403323344	0.1448172174	-0.0136021561	0.00322763	0.0960036709	0.0509562172	0.00057064	-0.0718873865	-0.0545120947	0.0638932674	-0.0733522928	0.0468164189	-0.1202822459	0.0124216329	-0.068801736	0.1113097849	-0.1016578562	-0.2315878348	0.0378202043	-0.0558567971	-0.0394141903	-0.0116190135	0.0095077089	0.0329973676	-0.1880953242	0.0356628066	0.033880821	0.0072447104	0.036485786	0.130290104	0.0502056772	0.099718156	0.1208655672	-0.0114209139	-0.0621895621	-0.1610422645	0.0804562227	0.0130355296	-0.0162943588	-0.1273556917	0.1306324569	-0.0558270491	0.0154816907	-0.0833813351	0.0119294046	0.0124030326	0.0062343279	0.2439491444	0.0183535566	-0.0323996759	0.0596417489	-0.0839120537	0.0701496789	-0.0831346296	-0.1162073708	0.0695221547	-0.0316229736	-0.0972064161	0.0005939409	-0.1512374768	0.1552743357	-0.1263323577	-0.1979385803	-0.1942306479	-0.1181990697	0.1429801913	-0.0234530917	-0.0162437552	-0.1478026548	-0.0946731874	-0.2359850569	0.060231434	-0.1458854101	0.124097542	-0.0204066286734558	-0.0078767314851831	0.0004164304938163	6.204289888967478e-05	-0.1480193521552877	-0.0012706581241701	1.6145720685196857e-06	0.021909728612471	-0.1268630977857228	0.0100851584094384	0.0001017104201434	0.0160942455797898	0.0004199415415172	0.0017180765888485	2.9517871651492982e-06	1.7635089829184225e-07	0.0012971819344582	-0.0001647568037984	2.7144804397864497e-08	1.6826809710847178e-06	0.0008617280230481	-2.2214408230000152e-06	4.934799330090985e-12	7.425751857063867e-07	0.0	0.0	0.0
1328.834801846571	3.4774649959274484	1765801.9305986157	12.092762797900688	1983.9718822132456	15.663919811405547	245.35838385814324	3936144.4294127687	1275.6958289146423	-0.6008337736129761	1627399.8479102163	0.361001223514009	1447.009776233047	1071.7681474164892	1.103862	22.457548	0.0637341204141226	0.0434303939757529	-0.0252032023	0.1317890177	0.1109721046	0.0034082224	-0.1447861125	-0.0046873614	0.0066323052	0.0250233007	0.0031274471	-0.1442531233	-0.0918033062	-0.0156175043	-0.0059618397	-0.073636151	-0.0562857775	-0.0440254821	0.1232174411	-0.0125299683	0.1151668925	0.1672208755	0.1168414297	0.1381900043	0.1093044002	0.0876887719	-0.001998638	0.0519111659	-0.0495002585	-0.1913513089	0.101864746	-0.0210164021	-0.0110112263	-0.1461838722	-0.0682774266	0.0205941535	0.1979403733	0.0820032303	-0.0079867082	-0.0561666171	0.0013593435	-0.041952094	-0.2385923062	0.0032853349	-0.0902904185	0.0553658237	0.0643114256	0.1074627755	0.1177346341	-0.0528702758	0.0845323809	-0.1962821683	-0.1694274778	0.0012421504	0.1202388155	0.0277210469	0.0001667806	-0.0114794607	-0.1151312044	0.0601323148	-0.0980367172	0.1224042733	0.006267	-0.0582402291	0.099109096	-0.0831488831	-0.0605018675	0.1197375472	-0.1125416797	0.0719790685	0.0444530336	-0.073530733	0.0134309152	-0.1167949713	0.1213861646	-0.0814531342	-0.1615488083	-0.0424832203	-0.0720124219	0.0801103709	0.1621495186	-0.1055285555	0.0121832916	0.0148049852	-0.11597764	-0.2164101314	-0.1475373187	0.1304173552	-0.0207470674195917	-0.0003404387461358	0.000430440806513	1.1589853987058245e-07	-0.1444384328273287	0.0035809193279589	1.2822983233350202e-05	0.0208624608776147	-0.12130466916296	0.0055584286227628	3.08961287543488e-05	0.0147148227607351	-0.0003457649301678	-0.000765706471685	5.863064007802917e-07	1.1955338693394362e-07	0.0012962987635265	-8.831709316999177e-07	7.799908945997007e-13	1.6803904843203329e-06	0.0011802250547767	0.0003184970317285	1.014403592199288e-07	1.3929311799226645e-06	0.0	0.0	0.0
1326.4408586744687	-2.393943172102354	1759445.3515610618	5.73096391125548	1975.623352113834	-8.348530099411619	69.69795482078177	3903087.6294175023	1275.5937452316284	-0.102083683013916	1627139.4028740523	0.0104210783376856	1448.5332438151042	1062.518914652359	1.127086	22.930019	0.2112562611433858	0.1541644331949446	-0.0369048263	0.1477578746	-0.0964448824	-0.0100898711	0.0413573263	0.1384953248	0.153864651	-0.1595997116	-0.0733499756	-0.1100626485	0.0453956462	0.0294050352	0.0448335991	0.223938182	0.10587612	-0.0069862319	0.1323751223	0.0002377443	-0.1357187666	0.1697099021	-0.0604382537	0.0328127721	0.0011791359	0.0069749967	-0.1036405491	0.0579978314	0.139940735	-0.0039405408	0.1037023439	-0.1958571526	-0.0162012545	-0.2020909148	-0.1012043697	0.0010098169	0.0873293296	-0.0413990211	-0.0481540688	-0.0709235226	-0.0416556746	0.0130319811	-0.0734112649	-0.0703830948	0.2007279983	0.0519201889	-0.0846883525	-0.0098088903	-0.0797382211	0.080838582	0.114986409	-0.061357584	-0.0440574921	-0.177956448	0.0364361335	-0.03356817	-0.2060100542	0.0336881629	0.0513124483	0.058656652	-0.0989575318	0.0270665682	-0.0057329968	-0.0948281057	0.1416253346	-0.1133095609	0.0967943886	0.0872035164	0.0185384628	0.011609018	-0.0476084077	-0.0097836115	-0.0405996551	0.1471356688	-0.0386637982	0.0251223181	-0.0083813861	0.0326169167	-0.0584681513	-0.1136247866	0.2735082335	-0.0140588486	0.0700393505	-0.0684023533	-0.141350668	0.0707195139	-0.1489877092	0.136024874	-0.0101238061039339	0.0106232613156577	0.00010249145003	0.0001128536809807	-0.1622734995874992	-0.0178350667601704	0.0003180896063397	0.0263326886683741	-0.0917441251902175	0.0295605439727424	0.0008738257599644	0.0084169845069183	-0.003142096455956	-0.0027963315257882	7.819470002116962e-06	9.872770138531255e-06	0.001294071660518	-2.2271030084999952e-06	4.95998781046973e-12	1.674621462555814e-06	0.0009140359016771	-0.0002661891530995	7.085666522788226e-08	8.354616295546692e-07	0.0	0.0	0.0
1324.483828292421	-1.9570303820476056	1754257.4114081475	3.829967916257397	1977.3200500109965	1.696697897162494	2.878783754235629	3909794.5801754897	1273.75139939785	-1.8423458337783811	1622442.6274679813	3.394238171240559	1447.5768298850026	1050.3003001790812	1.173222	23.868637	0.0700805774702914	0.0355541833110799	-0.0608557624	-0.1002440203	0.1360956419	-0.1102542314	0.0249397628	-0.0758283994	-0.0199058517	-0.0120015051	-0.0876519903	0.0264535756	0.0415179758	-0.0966755454	0.1852901788	0.0626632757	-0.0286680121	0.0014206677	0.0820460175	0.0666966693	0.0143760616	-0.1042875419	-0.0225314874	-0.0182847484	-0.0376077111	0.0239774531	0.0172697266	0.1093563645	-0.0208305812	-0.0197426209	0.0316891787	-0.2487811817	0.0033827123	-0.0075096126	0.0018703595	0.0324268561	0.084444262	0.0418533154	0.1409182373	-0.0243442994	-0.0775472731	0.1134857356	0.0715810264	0.0014462854	-0.0042768767	0.0479852879	0.0951726159	-0.0500493994	-0.0614649607	-0.042165486	0.1497961545	-0.0178042827	0.0283378405	-0.106742253	-0.1013490604	0.0227967386	-0.0981749735	-0.1374940864	-0.148135929	0.1075561135	-0.1196575849	-0.0908884244	-0.0001155991	-0.0918210716	0.181414451	-0.0556021494	-0.0289254439	-0.126611549	-0.0561175488	-0.0660997311	-0.1320854362	0.0108434066	-0.1136828405	0.0513410053	-0.0358029584	0.0922238871	-0.0713923004	-0.0360968248	-0.0127649937	-0.0618507459	0.2467553012	-0.0697975598	0.0533640177	0.1422260177	-0.119619195	-0.0863794647	-0.1502346003	0.1408894722	-0.0208768887442403	-0.0107530826403064	0.0004358444836393	0.0001156287862692	-0.1763342834880177	-0.0140607839005184	0.000197705643897	0.0310937795332325	-0.084854244265081	0.0068898809251365	4.7470459162559934e-05	0.007200242769798	-0.0032979251501407	-0.0001558286941846	2.4282581931308744e-08	1.087631029593056e-05	0.0018068326449514	0.0005127609844333	2.629238271571094e-07	3.264644206862072e-06	0.0010129828231456	9.894692146850008e-05	9.790493268093522e-09	1.02613419998803e-06	0.0	0.0	0.0
1325.825769630482	1.3419413380609058	1757813.97141626	1.8008065547966945	1976.4385276353064	-0.8815223756901105	0.7770816988423364	3906309.253521218	1275.365833759308	1.614434361458052	1626558.0099205752	2.6063983074564683	1447.7512200498436	1051.906474894631	1.047013	21.300972	0.092003338131863	0.0435438609681133	-0.0618166657	-0.0010264536	-0.0050100458	-0.0097174885	-0.060349322	0.0971718957	-0.0426521831	0.0990173883	-0.1271946628	-0.1971030705	0.0187265467	-0.1224023755	0.0195084608	0.0707650012	0.0126692028	0.0226743061	0.0980060119	0.0015306074	-0.110323672	0.1153417841	-0.0177833251	0.1053406376	0.0357432733	0.0792716099	-0.051028655	-0.0616606399	0.1056205781	-0.0112470149	-0.0288003976	-0.0736705505	0.0999577177	-0.0913253726	0.0092027667	-0.1328040772	0.1696137194	0.1585553232	-0.0309304257	0.0175324269	-0.0069964541	0.0026513137	-0.1254017397	-0.066073648	0.0838811744	0.0102389549	0.0126239801	0.060426515	-0.0914283715	-0.0370466135	0.0467470367	-0.089899495	-0.1337915161	-0.0705584551	0.0131020542	0.1315869342	-0.1367332028	-0.0391675572	0.0563911868	0.1076263021	-0.0526955235	0.0526369892	0.0008599485	-0.0895771456	0.1243186613	-0.1330495032	0.0045716972	0.0674026101	-0.0437986336	0.0491673645	-0.0017535085	0.0739956094	-0.1179608607	0.1118584796	-0.0241938984	0.0254569439	0.0102373083	-0.0377323996	-0.0144863011	-0.0353034157	0.2547582786	-0.0287810244	0.0212334139	-0.0831831019	-0.0136782074	-0.0701980651	-0.151276289	0.1449845808	-0.0125097105813551	0.0083671781628852	0.0001564928588292	7.000967040946297e-05	-0.1892576726324932	-0.0129233891444755	0.0001670139869795	0.0358184666502679	-0.1110066238738483	-0.0261523796087673	0.000683946959201	0.01232247054387	-0.0028808651949534	0.0004170599551872	1.739390062208326e-07	8.299384271493892e-06	0.001478836198439	-0.0003279964465124	1.0758166892476172e-07	2.186956501813513e-06	0.0011591342457606	0.000146151422615	2.1360238332388345e-08	1.343592199694995e-06	0.0	0.0	0.0
1327.2086353105174	1.3828656800353656	1761482.761642806	1.912317489019674	1981.87983010032	5.441302465013678	29.607772515763923	3927847.6609584736	1277.8912371397018	2.5254033803937546	1633006.0139584376	6.377662233704203	1450.0261213358997	1071.6491366409198	1.116373	22.712084	0.1574107927837135	0.0877662285490274	0.0039799172	-0.1456695734	0.079150665	-0.0554872801	-0.0441052996	-0.1114215378	-0.0301590333	-0.1402236638	-0.0372088766	-0.0456228764	0.0073658917	0.1072877239	0.0130893977	0.0192909938	0.0337624162	0.1034376665	0.0881090218	0.0051449998	0.0223970517	-0.1251965894	0.0351643936	0.0093635586	0.0462960103	-0.0624175522	-0.1356886121	-0.0688539118	-0.0206032882	0.2370446125	-0.1176507288	-0.2336131854	-0.0011890035	-0.078087715	0.1775966534	0.058422975	0.0295854415	-0.0011676914	-0.1164757708	0.1874547321	0.0020920354	0.1743318588	0.0229976386	0.0626707941	-0.0304632588	-0.0209088122	-0.0509399456	-0.1248186471	-0.1168998603	0.0403600144	0.1489346868	0.1104031168	0.0055873498	-0.1360233318	-0.0252583453	-0.0500839141	0.0332030773	-0.1691676583	0.1300695176	0.1438600053	-0.1073596702	0.159499706	0.0353747447	-0.040885599	0.0337383701	-0.0071015239	-0.1038611431	-0.0372954564	0.010123663	-0.1817027769	-0.0444883018	-0.0371084158	-0.031519343	0.0772259185	0.0478045023	0.1174026635	-0.1299531276	0.0016661886	0.0433173741	0.1848824482	0.1175112213	0.1197832391	0.1444669305	-0.1711206473	-0.0309473749	-0.0022180569	-0.1521113526	0.148287834	-0.0225638983487499	-0.0100541877673948	0.0005091295086927	0.000101086691662	-0.1692519330315605	0.0200057396009327	0.0004002296169803	0.0286462168349198	-0.1402295983911443	-0.0292229745172959	0.0008539822396385	0.0196643402649416	-0.0015022642156633	0.0013786009792901	1.9005406600996229e-06	2.25679777366247e-06	0.0018910069932116	0.0004121707947726	1.698847640634768e-07	3.575907448375176e-06	0.0013309202896597	0.0001717860438991	2.951044487850352e-08	1.77134881742786e-06	0.0	0.0	0.0
1327.12430376626	-0.0843315442573384	1761258.9176470805	0.0071118093568274	1975.83268472971	-6.0471453706099965	36.56796713328991	3903914.798046214	1274.5274987220764	-3.3637384176254272	1624420.3449987525	11.314736142209211	1448.1238987540617	1083.2442886007525	1.166739	23.736744	0.0633251533955826	0.0355555311498601	0.0384199643	-0.036040483	-0.2230635513	0.0204762506	-0.0045287739	0.0660772946	0.0468846428	-0.1525807407	0.0335458176	-0.203846168	0.1278565742	0.0607315464	-0.0413638625	-0.0406591297	-0.0845660486	0.0977748942	0.0539279525	-0.0081765874	-0.0577550304	0.0837168619	0.0280137487	0.1199655324	0.0180312972	0.0520002224	0.2073269545	-0.1609807565	-0.162126769	0.1035928408	0.1717700006	0.0238785282	-0.0787049723	-0.0317223163	0.0683646392	0.0600616045	-0.1062447624	0.0453962824	0.2442294153	-0.1483186041	0.0292456261	0.0479396115	-0.1152184955	-0.0358894993	0.1081601373	-0.0560418313	-0.0833256236	0.0760475039	0.045708581	0.0911724935	0.0598314663	0.0815737579	0.0634400793	0.1723244861	-0.0251482284	0.2772785832	0.1722428162	-0.0715594677	0.0398614218	0.0340899328	-0.0387894219	-0.006842346	0.0493356444	-0.0507958066	-0.0373654477	-0.0175662673	0.0433692355	0.0688178563	0.0875164094	-0.0097551707	0.099236009	0.1642699971	-0.0586797927	-0.0157041328	0.1024797927	-0.0355070821	-0.0267337913	-0.0864970217	0.1442526744	0.1570264569	0.1190126704	0.2783238526	0.0715089952	-0.1510389993	0.2840390864	0.0405950919	-0.1527386503	0.1507811905	-0.0315225230868492	-0.0089586247380992	0.0009936694617609	8.025695719808474e-05	-0.1591716062224719	0.0100803268090886	0.000101612988578	0.0253356002274416	-0.153856541957154	-0.0136269435660097	0.0001856935909512	0.0236718355030134	-0.0015012143540939	1.0498615693999534e-06	1.1022093149029332e-12	2.2536445369375656e-06	0.0018309169304659	-6.009006274569997e-05	3.61081564078216e-09	3.3522568062666734e-06	0.0007788750483271	-0.0005520452413326	3.047539484779687e-07	6.066463409065423e-07	0.0	0.0	0.0
1326.5083549232795	-0.6159488429805151	1759624.4156812653	0.3793929771690352	1972.911716681867	-2.920968047843189	8.53205433652085	3892380.641820591	1276.4505507946014	1.9230520725250244	1629326.0086238417	3.698129273642792	1448.2375448462187	1090.8412721523246	1.327854	27.014551	0.1666856880546096	0.0856400749691883	0.0721143233	-0.1268656152	0.0026188819	0.0065901153	-0.0257843095	-0.1280775681	-0.0827343246	-0.1296960992	0.052943274	0.1733085201	-0.0199604936	-0.0112134075	0.079096851	0.0847205364	-0.0072249549	0.1514789701	-0.0253952061	-0.2229487911	-0.0502994059	-0.1014903122	-0.1214103893	0.0794704811	0.2292215589	0.1700160846	-0.1678165074	-0.1115781495	0.0487307631	0.161019065	-0.1641870189	-0.0194974842	0.087001427	0.1354468554	0.0734340155	0.1100609015	-0.0051525296	-0.080519023	-0.0538642823	-0.2811616681	0.0746553979	0.1554927661	0.0778070093	0.1133254104	0.0048839476	-0.1698058587	-0.0315497279	0.1016088172	-0.302483066	0.1465142568	-0.0664843826	0.0258333844	-0.1173672081	-0.1157966568	0.0070236293	-0.0531199109	0.1510243729	-0.300653452	0.1758647929	0.0598437795	0.2122288971	-0.066058679	0.0775402588	-0.1337072537	-0.1918003794	-0.0973990521	-0.2794120716	-0.2229431119	-0.0002563472	-0.1343260688	0.1925168706	0.3862962865	0.2251655622	0.2746236049	-0.2586367728	-0.4389365674	-0.2075656077	-0.0047737901	-0.0843460809	-0.0811728079	-0.1826979899	-0.068744532	0.0018785902	0.0318042631	0.0708487033	0.0183533826	-0.1531573254	0.1524510324	-0.004029124671959	0.0274933984148901	1.623384562218872e-05	0.0007558869563998	-0.2163132525666498	-0.0571416463441779	0.003265167746923	0.0467914232359632	-0.1599270026737755	-0.0060704607166214	3.6850493312044623e-05	0.0255766461842177	-0.0022600275836016	-0.0007588132295077	5.757975172759055e-07	5.107724678640088e-06	0.0015850439473301	-0.0002458729831358	6.045352383609743e-08	2.5123643149677845e-06	0.001293792487262	0.0005149174389349	2.6513996891927654e-07	1.6738990000955925e-06	0.0	0.0	0.0
1330.0634106131165	3.5550556898369905	1769068.6762517958	12.63842095784236	1974.3186582454964	1.4069415636295162	1.979484563468268	3897934.164296298	1277.8944737911224	1.443922996520996	1633014.2861458897	2.0849136198821725	1445.5452693274262	1086.7924625784058	1.382762	28.131643	0.1541677874173704	0.0749658049105684	0.0918722501	0.0389457651	-0.0389463049	0.1957166799	-0.0090872801	-0.1293295247	-0.0573226496	0.0419783907	0.0517110274	0.1279635612	-0.0056029726	-0.0615320628	0.20208407	-0.0098918399	-0.2216904076	0.1135278378	-0.039932148	-0.2107354263	0.1194797531	-0.1623058585	-0.1756754491	-0.0910414496	-0.1401381158	0.1736704151	0.1052313667	0.3042747088	0.1091113483	-0.1873379686	0.0430994664	0.0101932933	0.1075363375	0.1638023715	0.074020446	0.1021607915	0.0401096378	-0.2380190167	0.127341812	0.1431272144	0.2018337764	-0.0553641234	0.0688251345	0.1478674251	-0.0092285101	-0.0816337117	0.2619696375	0.1329894018	0.1813692256	0.1586101281	-0.1089723238	0.0119779995	0.0625033093	-0.1858606134	-0.2986770512	-0.154049463	-0.0278830397	-0.0599985601	-0.3588199858	-0.2037779723	0.0912016841	0.002142223	0.0659415626	-0.0929611727	-0.150607359	-0.0812297426	0.0613843972	-0.310889766	-0.174957715	0.0161256497	0.2072000071	0.2854552743	0.2196907054	-0.0759588992	0.3793071902	0.4399601276	0.3224937479	0.2859743111	0.015453474	-0.0753554487	-0.0117375441	-0.0537743333	-0.0926993209	0.0418357856	-0.003698179	-0.0683585922	-0.153366806	0.1532882396	0.001479866030408	0.005508990702367	2.1900034679555317e-06	3.034897855876605e-05	-0.1651399518957959	0.0511733006708539	0.0026187067015496	0.0272712037121457	-0.123020636490871	0.0369063661829044	0.0013620798648266	0.015134077002619	-0.001930110040345	0.0003299175432566	1.0884558534847065e-07	3.7253247678405776e-06	0.0021840261271519	0.0005989821798218	3.587796517440753e-07	4.769970124082127e-06	0.0010111096131155	-0.0002826828741465	7.990960733572596e-08	1.0223426497345762e-06	0.0	0.0	0.0
