
Fri Mar 13 05:40:25 CET 2026
cd /out/sourcedata/freesurfer/sub-v2s4x29591_ses-1
setenv SUBJECTS_DIR /out/sourcedata/freesurfer
/opt/freesurfer/bin/recon-all -autorecon-hemi rh -noparcstats -noparcstats2 -noparcstats3 -nohyporelabel -nobalabels -rh-only -openmp 16 -subjid sub-v2s4x29591_ses-1 -sd /out/sourcedata/freesurfer

subjid sub-v2s4x29591_ses-1
setenv SUBJECTS_DIR /out/sourcedata/freesurfer
FREESURFER_HOME /opt/freesurfer
Actual FREESURFER_HOME /opt/freesurfer
build-stamp.txt: freesurfer-linux-ubuntu22_x86_64-7.3.2-20220804-6354275
Linux dna073 5.14.0-427.37.1.el9_4.x86_64 #1 SMP PREEMPT_DYNAMIC Fri Sep 13 12:41:50 EDT 2024 x86_64 x86_64 x86_64 GNU/Linux
cputime      unlimited
filesize     unlimited
datasize     unlimited
stacksize    8192 kbytes
coredumpsize 0 kbytes
memoryuse    67108864 kbytes
vmemoryuse   unlimited
descriptors  1024 
memorylocked unlimited
maxproc      2061970 
maxlocks     unlimited
maxsignal    2062029 
maxmessage   819200 
maxnice      0 
maxrtprio    0 
maxrttime    unlimited

               total        used        free      shared  buff/cache   available
Mem:           503Gi        52Gi       297Gi        16Gi       152Gi       430Gi
Swap:             0B          0B          0B

########################################
program versions used
7.3.2 (freesurfer-linux-ubuntu22_x86_64-7.3.2-20220804-6354275)
7.3.2

ProgramName: lta_convert  ProgramArguments: lta_convert -all-info  ProgramVersion: 7.3.2  TimeStamp: 2026/03/13-04:40:25-GMT  BuildTime: Aug  4 2022 06:17:15  BuildStamp: freesurfer-linux-ubuntu22_x86_64-7.3.2-20220804-6354275  User: oesteban  Machine: dna073  Platform: Linux  PlatformVersion: 5.14.0-427.37.1.el9_4.x86_64  CompilerName: GCC  CompilerVersion: 8.4.0
ProgramName: mri_and  ProgramArguments: mri_and -all-info  ProgramVersion: 7.3.2  TimeStamp: 2026/03/13-04:40:25-GMT  BuildTime: Aug  4 2022 06:17:15  BuildStamp: freesurfer-linux-ubuntu22_x86_64-7.3.2-20220804-6354275  User: oesteban  Machine: dna073  Platform: Linux  PlatformVersion: 5.14.0-427.37.1.el9_4.x86_64  CompilerName: GCC  CompilerVersion: 8.4.0
ProgramName: mri_annotation2label  ProgramArguments: mri_annotation2label -all-info  ProgramVersion: 7.3.2  TimeStamp: 2026/03/13-04:40:25-GMT  BuildTime: Aug  4 2022 06:17:15  BuildStamp: freesurfer-linux-ubuntu22_x86_64-7.3.2-20220804-6354275  User: oesteban  Machine: dna073  Platform: Linux  PlatformVersion: 5.14.0-427.37.1.el9_4.x86_64  CompilerName: GCC  CompilerVersion: 8.4.0
ProgramName: mri_aparc2aseg  ProgramArguments: mri_aparc2aseg -all-info  ProgramVersion: 7.3.2  TimeStamp: 2026/03/13-04:40:25-GMT  BuildTime: Aug  4 2022 06:17:15  BuildStamp: freesurfer-linux-ubuntu22_x86_64-7.3.2-20220804-6354275  User: oesteban  Machine: dna073  Platform: Linux  PlatformVersion: 5.14.0-427.37.1.el9_4.x86_64  CompilerName: GCC  CompilerVersion: 8.4.0
ProgramName: mri_surf2volseg  ProgramArguments: mri_surf2volseg -all-info  ProgramVersion: 7.3.2  TimeStamp: 2026/03/13-04:40:25-GMT  BuildTime: Aug  4 2022 06:17:15  BuildStamp: freesurfer-linux-ubuntu22_x86_64-7.3.2-20220804-6354275  User: oesteban  Machine: dna073  Platform: Linux  PlatformVersion: 5.14.0-427.37.1.el9_4.x86_64  CompilerName: GCC  CompilerVersion: 8.4.0
ProgramName: mri_binarize  ProgramArguments: mri_binarize -all-info  ProgramVersion: 7.3.2  TimeStamp: 2026/03/13-04:40:25-GMT  BuildTime: Aug  4 2022 06:17:15  BuildStamp: freesurfer-linux-ubuntu22_x86_64-7.3.2-20220804-6354275  User: oesteban  Machine: dna073  Platform: Linux  PlatformVersion: 5.14.0-427.37.1.el9_4.x86_64  CompilerName: GCC  CompilerVersion: 8.4.0
ProgramName: mri_ca_label  ProgramArguments: mri_ca_label -all-info  ProgramVersion: 7.3.2  TimeStamp: 2026/03/13-04:40:25-GMT  BuildTime: Aug  4 2022 06:17:15  BuildStamp: freesurfer-linux-ubuntu22_x86_64-7.3.2-20220804-6354275  User: oesteban  Machine: dna073  Platform: Linux  PlatformVersion: 5.14.0-427.37.1.el9_4.x86_64  CompilerName: GCC  CompilerVersion: 8.4.0
ProgramName: mri_ca_normalize  ProgramArguments: mri_ca_normalize -all-info  ProgramVersion: 7.3.2  TimeStamp: 2026/03/13-04:40:25-GMT  BuildTime: Aug  4 2022 06:17:15  BuildStamp: freesurfer-linux-ubuntu22_x86_64-7.3.2-20220804-6354275  User: oesteban  Machine: dna073  Platform: Linux  PlatformVersion: 5.14.0-427.37.1.el9_4.x86_64  CompilerName: GCC  CompilerVersion: 8.4.0
ProgramName: mri_ca_register  ProgramArguments: mri_ca_register -all-info  ProgramVersion: 7.3.2  TimeStamp: 2026/03/13-04:40:25-GMT  BuildTime: Aug  4 2022 06:17:15  BuildStamp: freesurfer-linux-ubuntu22_x86_64-7.3.2-20220804-6354275  User: oesteban  Machine: dna073  Platform: Linux  PlatformVersion: 5.14.0-427.37.1.el9_4.x86_64  CompilerName: GCC  CompilerVersion: 8.4.0
ProgramName: mri_cc  ProgramArguments: mri_cc -all-info  ProgramVersion: 7.3.2  TimeStamp: 2026/03/13-04:40:25-GMT  BuildTime: Aug  4 2022 06:17:15  BuildStamp: freesurfer-linux-ubuntu22_x86_64-7.3.2-20220804-6354275  User: oesteban  Machine: dna073  Platform: Linux  PlatformVersion: 5.14.0-427.37.1.el9_4.x86_64  CompilerName: GCC  CompilerVersion: 8.4.0
ProgramName: mri_compute_overlap  ProgramArguments: mri_compute_overlap -all-info  ProgramVersion: 7.3.2  TimeStamp: 2026/03/13-04:40:25-GMT  BuildTime: Aug  4 2022 06:17:15  BuildStamp: freesurfer-linux-ubuntu22_x86_64-7.3.2-20220804-6354275  User: oesteban  Machine: dna073  Platform: Linux  PlatformVersion: 5.14.0-427.37.1.el9_4.x86_64  CompilerName: GCC  CompilerVersion: 8.4.0
ProgramName: mri_compute_seg_overlap  ProgramArguments: mri_compute_seg_overlap -all-info  ProgramVersion: 7.3.2  TimeStamp: 2026/03/13-04:40:25-GMT  BuildTime: Aug  4 2022 06:17:15  BuildStamp: freesurfer-linux-ubuntu22_x86_64-7.3.2-20220804-6354275  User: oesteban  Machine: dna073  Platform: Linux  PlatformVersion: 5.14.0-427.37.1.el9_4.x86_64  CompilerName: GCC  CompilerVersion: 8.4.0
ProgramName: mri_concat  ProgramArguments: mri_concat -all-info  ProgramVersion: 7.3.2  TimeStamp: 2026/03/13-04:40:25-GMT  BuildTime: Aug  4 2022 06:17:15  BuildStamp: freesurfer-linux-ubuntu22_x86_64-7.3.2-20220804-6354275  User: oesteban  Machine: dna073  Platform: Linux  PlatformVersion: 5.14.0-427.37.1.el9_4.x86_64  CompilerName: GCC  CompilerVersion: 8.4.0
ProgramName: mri_concatenate_lta  ProgramArguments: mri_concatenate_lta -all-info  ProgramVersion: 7.3.2  TimeStamp: 2026/03/13-04:40:25-GMT  BuildTime: Aug  4 2022 06:17:15  BuildStamp: freesurfer-linux-ubuntu22_x86_64-7.3.2-20220804-6354275  User: oesteban  Machine: dna073  Platform: Linux  PlatformVersion: 5.14.0-427.37.1.el9_4.x86_64  CompilerName: GCC  CompilerVersion: 8.4.0
mri_convert -all-info 
ProgramName: mri_convert  ProgramArguments: mri_convert -all-info  ProgramVersion: 7.3.2  TimeStamp: 2026/03/13-04:40:25-GMT  BuildTime: Aug  4 2022 06:17:15  BuildStamp: freesurfer-linux-ubuntu22_x86_64-7.3.2-20220804-6354275  User: oesteban  Machine: dna073  Platform: Linux  PlatformVersion: 5.14.0-427.37.1.el9_4.x86_64  CompilerName: GCC  CompilerVersion: 8.4.0
ProgramName: mri_diff  ProgramArguments: mri_diff -all-info  ProgramVersion: 7.3.2  TimeStamp: 2026/03/13-04:40:25-GMT  BuildTime: Aug  4 2022 06:17:15  BuildStamp: freesurfer-linux-ubuntu22_x86_64-7.3.2-20220804-6354275  User: oesteban  Machine: dna073  Platform: Linux  PlatformVersion: 5.14.0-427.37.1.el9_4.x86_64  CompilerName: GCC  CompilerVersion: 8.4.0
ProgramName: mri_edit_wm_with_aseg  ProgramArguments: mri_edit_wm_with_aseg -all-info  ProgramVersion: 7.3.2  TimeStamp: 2026/03/13-04:40:25-GMT  BuildTime: Aug  4 2022 06:17:15  BuildStamp: freesurfer-linux-ubuntu22_x86_64-7.3.2-20220804-6354275  User: oesteban  Machine: dna073  Platform: Linux  PlatformVersion: 5.14.0-427.37.1.el9_4.x86_64  CompilerName: GCC  CompilerVersion: 8.4.0
ProgramName: mri_em_register  ProgramArguments: mri_em_register -all-info  ProgramVersion: 7.3.2  TimeStamp: 2026/03/13-04:40:25-GMT  BuildTime: Aug  4 2022 06:17:15  BuildStamp: freesurfer-linux-ubuntu22_x86_64-7.3.2-20220804-6354275  User: oesteban  Machine: dna073  Platform: Linux  PlatformVersion: 5.14.0-427.37.1.el9_4.x86_64  CompilerName: GCC  CompilerVersion: 8.4.0
ProgramName: mri_fill  ProgramArguments: mri_fill -all-info  ProgramVersion: 7.3.2  TimeStamp: 2026/03/13-04:40:25-GMT  BuildTime: Aug  4 2022 06:17:15  BuildStamp: freesurfer-linux-ubuntu22_x86_64-7.3.2-20220804-6354275  User: oesteban  Machine: dna073  Platform: Linux  PlatformVersion: 5.14.0-427.37.1.el9_4.x86_64  CompilerName: GCC  CompilerVersion: 8.4.0
ProgramName: mri_fuse_segmentations  ProgramArguments: mri_fuse_segmentations -all-info  ProgramVersion: 7.3.2  TimeStamp: 2026/03/13-04:40:25-GMT  BuildTime: Aug  4 2022 06:17:15  BuildStamp: freesurfer-linux-ubuntu22_x86_64-7.3.2-20220804-6354275  User: oesteban  Machine: dna073  Platform: Linux  PlatformVersion: 5.14.0-427.37.1.el9_4.x86_64  CompilerName: GCC  CompilerVersion: 8.4.0
ProgramName: mri_fwhm  ProgramArguments: mri_fwhm -all-info  ProgramVersion: 7.3.2  TimeStamp: 2026/03/13-04:40:25-GMT  BuildTime: Aug  4 2022 06:17:15  BuildStamp: freesurfer-linux-ubuntu22_x86_64-7.3.2-20220804-6354275  User: oesteban  Machine: dna073  Platform: Linux  PlatformVersion: 5.14.0-427.37.1.el9_4.x86_64  CompilerName: GCC  CompilerVersion: 8.4.0
ProgramName: mri_gcut  ProgramArguments: mri_gcut -all-info  ProgramVersion: 7.3.2  TimeStamp: 2026/03/13-04:40:25-GMT  BuildTime: Aug  4 2022 06:17:15  BuildStamp: freesurfer-linux-ubuntu22_x86_64-7.3.2-20220804-6354275  User: oesteban  Machine: dna073  Platform: Linux  PlatformVersion: 5.14.0-427.37.1.el9_4.x86_64  CompilerName: GCC  CompilerVersion: 8.4.0
ProgramName: mri_info  ProgramArguments: mri_info -all-info  ProgramVersion: 7.3.2  TimeStamp: 2026/03/13-04:40:25-GMT  BuildTime: Aug  4 2022 06:17:15  BuildStamp: freesurfer-linux-ubuntu22_x86_64-7.3.2-20220804-6354275  User: oesteban  Machine: dna073  Platform: Linux  PlatformVersion: 5.14.0-427.37.1.el9_4.x86_64  CompilerName: GCC  CompilerVersion: 8.4.0
ProgramName: mri_label2label  ProgramArguments: mri_label2label -all-info  ProgramVersion: 7.3.2  TimeStamp: 2026/03/13-04:40:25-GMT  BuildTime: Aug  4 2022 06:17:15  BuildStamp: freesurfer-linux-ubuntu22_x86_64-7.3.2-20220804-6354275  User: oesteban  Machine: dna073  Platform: Linux  PlatformVersion: 5.14.0-427.37.1.el9_4.x86_64  CompilerName: GCC  CompilerVersion: 8.4.0
ProgramName: mri_label2vol  ProgramArguments: mri_label2vol -all-info  ProgramVersion: 7.3.2  TimeStamp: 2026/03/13-04:40:25-GMT  BuildTime: Aug  4 2022 06:17:15  BuildStamp: freesurfer-linux-ubuntu22_x86_64-7.3.2-20220804-6354275  User: oesteban  Machine: dna073  Platform: Linux  PlatformVersion: 5.14.0-427.37.1.el9_4.x86_64  CompilerName: GCC  CompilerVersion: 8.4.0
ProgramName: mri_log_likelihood  ProgramArguments: mri_log_likelihood -all-info  ProgramVersion: 7.3.2  TimeStamp: 2026/03/13-04:40:25-GMT  BuildTime: Aug  4 2022 06:17:15  BuildStamp: freesurfer-linux-ubuntu22_x86_64-7.3.2-20220804-6354275  User: oesteban  Machine: dna073  Platform: Linux  PlatformVersion: 5.14.0-427.37.1.el9_4.x86_64  CompilerName: GCC  CompilerVersion: 8.4.0
ProgramName: mri_mask  ProgramArguments: mri_mask -all-info  ProgramVersion: 7.3.2  TimeStamp: 2026/03/13-04:40:25-GMT  BuildTime: Aug  4 2022 06:17:15  BuildStamp: freesurfer-linux-ubuntu22_x86_64-7.3.2-20220804-6354275  User: oesteban  Machine: dna073  Platform: Linux  PlatformVersion: 5.14.0-427.37.1.el9_4.x86_64  CompilerName: GCC  CompilerVersion: 8.4.0
ProgramName: mri_matrix_multiply  ProgramArguments: mri_matrix_multiply -all-info  ProgramVersion: 7.3.2  TimeStamp: 2026/03/13-04:40:25-GMT  BuildTime: Aug  4 2022 06:17:15  BuildStamp: freesurfer-linux-ubuntu22_x86_64-7.3.2-20220804-6354275  User: oesteban  Machine: dna073  Platform: Linux  PlatformVersion: 5.14.0-427.37.1.el9_4.x86_64  CompilerName: GCC  CompilerVersion: 8.4.0
ProgramName: mri_normalize  ProgramArguments: mri_normalize -all-info  ProgramVersion: 7.3.2  TimeStamp: 2026/03/13-04:40:25-GMT  BuildTime: Aug  4 2022 06:17:15  BuildStamp: freesurfer-linux-ubuntu22_x86_64-7.3.2-20220804-6354275  User: oesteban  Machine: dna073  Platform: Linux  PlatformVersion: 5.14.0-427.37.1.el9_4.x86_64  CompilerName: GCC  CompilerVersion: 8.4.0
ProgramName: mri_normalize_tp2  ProgramArguments: mri_normalize_tp2 -all-info  ProgramVersion: 7.3.2  TimeStamp: 2026/03/13-04:40:25-GMT  BuildTime: Aug  4 2022 06:17:15  BuildStamp: freesurfer-linux-ubuntu22_x86_64-7.3.2-20220804-6354275  User: oesteban  Machine: dna073  Platform: Linux  PlatformVersion: 5.14.0-427.37.1.el9_4.x86_64  CompilerName: GCC  CompilerVersion: 8.4.0
ProgramName: mri_or  ProgramArguments: mri_or -all-info  ProgramVersion: 7.3.2  TimeStamp: 2026/03/13-04:40:25-GMT  BuildTime: Aug  4 2022 06:17:15  BuildStamp: freesurfer-linux-ubuntu22_x86_64-7.3.2-20220804-6354275  User: oesteban  Machine: dna073  Platform: Linux  PlatformVersion: 5.14.0-427.37.1.el9_4.x86_64  CompilerName: GCC  CompilerVersion: 8.4.0
ProgramName: mri_relabel_hypointensities  ProgramArguments: mri_relabel_hypointensities -all-info  ProgramVersion: 7.3.2  TimeStamp: 2026/03/13-04:40:25-GMT  BuildTime: Aug  4 2022 06:17:15  BuildStamp: freesurfer-linux-ubuntu22_x86_64-7.3.2-20220804-6354275  User: oesteban  Machine: dna073  Platform: Linux  PlatformVersion: 5.14.0-427.37.1.el9_4.x86_64  CompilerName: GCC  CompilerVersion: 8.4.0
ProgramName: mri_relabel_nonwm_hypos  ProgramArguments: mri_relabel_nonwm_hypos -all-info  ProgramVersion: 7.3.2  TimeStamp: 2026/03/13-04:40:25-GMT  BuildTime: Aug  4 2022 06:17:15  BuildStamp: freesurfer-linux-ubuntu22_x86_64-7.3.2-20220804-6354275  User: oesteban  Machine: dna073  Platform: Linux  PlatformVersion: 5.14.0-427.37.1.el9_4.x86_64  CompilerName: GCC  CompilerVersion: 8.4.0
ProgramName: mri_remove_neck  ProgramArguments: mri_remove_neck -all-info  ProgramVersion: 7.3.2  TimeStamp: 2026/03/13-04:40:25-GMT  BuildTime: Aug  4 2022 06:17:15  BuildStamp: freesurfer-linux-ubuntu22_x86_64-7.3.2-20220804-6354275  User: oesteban  Machine: dna073  Platform: Linux  PlatformVersion: 5.14.0-427.37.1.el9_4.x86_64  CompilerName: GCC  CompilerVersion: 8.4.0
7.3.2

ProgramName: mri_robust_register  ProgramArguments: mri_robust_register -all-info  ProgramVersion: 7.3.2  TimeStamp: 2026/03/13-04:40:25-GMT  BuildTime: Aug  4 2022 06:17:15  BuildStamp: freesurfer-linux-ubuntu22_x86_64-7.3.2-20220804-6354275  User: oesteban  Machine: dna073  Platform: Linux  PlatformVersion: 5.14.0-427.37.1.el9_4.x86_64  CompilerName: GCC  CompilerVersion: 8.4.0
7.3.2

ProgramName: mri_robust_template  ProgramArguments: mri_robust_template -all-info  ProgramVersion: 7.3.2  TimeStamp: 2026/03/13-04:40:25-GMT  BuildTime: Aug  4 2022 06:17:15  BuildStamp: freesurfer-linux-ubuntu22_x86_64-7.3.2-20220804-6354275  User: oesteban  Machine: dna073  Platform: Linux  PlatformVersion: 5.14.0-427.37.1.el9_4.x86_64  CompilerName: GCC  CompilerVersion: 8.4.0
ProgramName: mris_anatomical_stats  ProgramArguments: mris_anatomical_stats -all-info  ProgramVersion: 7.3.2  TimeStamp: 2026/03/13-04:40:25-GMT  BuildTime: Aug  4 2022 06:17:15  BuildStamp: freesurfer-linux-ubuntu22_x86_64-7.3.2-20220804-6354275  User: oesteban  Machine: dna073  Platform: Linux  PlatformVersion: 5.14.0-427.37.1.el9_4.x86_64  CompilerName: GCC  CompilerVersion: 8.4.0
ProgramName: mris_ca_label  ProgramArguments: mris_ca_label -all-info  ProgramVersion: 7.3.2  TimeStamp: 2026/03/13-04:40:25-GMT  BuildTime: Aug  4 2022 06:17:15  BuildStamp: freesurfer-linux-ubuntu22_x86_64-7.3.2-20220804-6354275  User: oesteban  Machine: dna073  Platform: Linux  PlatformVersion: 5.14.0-427.37.1.el9_4.x86_64  CompilerName: GCC  CompilerVersion: 8.4.0
ProgramName: mris_calc  ProgramArguments: mris_calc -all-info  ProgramVersion: 7.3.2  TimeStamp: 2026/03/13-04:40:25-GMT  BuildTime: Aug  4 2022 06:17:15  BuildStamp: freesurfer-linux-ubuntu22_x86_64-7.3.2-20220804-6354275  User: oesteban  Machine: dna073  Platform: Linux  PlatformVersion: 5.14.0-427.37.1.el9_4.x86_64  CompilerName: GCC  CompilerVersion: 8.4.0
ProgramName: mris_convert  ProgramArguments: mris_convert -all-info  ProgramVersion: 7.3.2  TimeStamp: 2026/03/13-04:40:25-GMT  BuildTime: Aug  4 2022 06:17:15  BuildStamp: freesurfer-linux-ubuntu22_x86_64-7.3.2-20220804-6354275  User: oesteban  Machine: dna073  Platform: Linux  PlatformVersion: 5.14.0-427.37.1.el9_4.x86_64  CompilerName: GCC  CompilerVersion: 8.4.0
ProgramName: mris_curvature  ProgramArguments: mris_curvature -all-info  ProgramVersion: 7.3.2  TimeStamp: 2026/03/13-04:40:25-GMT  BuildTime: Aug  4 2022 06:17:15  BuildStamp: freesurfer-linux-ubuntu22_x86_64-7.3.2-20220804-6354275  User: oesteban  Machine: dna073  Platform: Linux  PlatformVersion: 5.14.0-427.37.1.el9_4.x86_64  CompilerName: GCC  CompilerVersion: 8.4.0
ProgramName: mris_curvature_stats  ProgramArguments: mris_curvature_stats -all-info  ProgramVersion: 7.3.2  TimeStamp: 2026/03/13-04:40:25-GMT  BuildTime: Aug  4 2022 06:17:15  BuildStamp: freesurfer-linux-ubuntu22_x86_64-7.3.2-20220804-6354275  User: oesteban  Machine: dna073  Platform: Linux  PlatformVersion: 5.14.0-427.37.1.el9_4.x86_64  CompilerName: GCC  CompilerVersion: 8.4.0
ProgramName: mris_diff  ProgramArguments: mris_diff -all-info  ProgramVersion: 7.3.2  TimeStamp: 2026/03/13-04:40:25-GMT  BuildTime: Aug  4 2022 06:17:15  BuildStamp: freesurfer-linux-ubuntu22_x86_64-7.3.2-20220804-6354275  User: oesteban  Machine: dna073  Platform: Linux  PlatformVersion: 5.14.0-427.37.1.el9_4.x86_64  CompilerName: GCC  CompilerVersion: 8.4.0
ProgramName: mris_divide_parcellation  ProgramArguments: mris_divide_parcellation -all-info  ProgramVersion: 7.3.2  TimeStamp: 2026/03/13-04:40:25-GMT  BuildTime: Aug  4 2022 06:17:15  BuildStamp: freesurfer-linux-ubuntu22_x86_64-7.3.2-20220804-6354275  User: oesteban  Machine: dna073  Platform: Linux  PlatformVersion: 5.14.0-427.37.1.el9_4.x86_64  CompilerName: GCC  CompilerVersion: 8.4.0
ProgramName: mri_segment  ProgramArguments: mri_segment -all-info  ProgramVersion: 7.3.2  TimeStamp: 2026/03/13-04:40:25-GMT  BuildTime: Aug  4 2022 06:17:15  BuildStamp: freesurfer-linux-ubuntu22_x86_64-7.3.2-20220804-6354275  User: oesteban  Machine: dna073  Platform: Linux  PlatformVersion: 5.14.0-427.37.1.el9_4.x86_64  CompilerName: GCC  CompilerVersion: 8.4.0
ProgramName: mri_segstats  ProgramArguments: mri_segstats -all-info  ProgramVersion: 7.3.2  TimeStamp: 2026/03/13-04:40:25-GMT  BuildTime: Aug  4 2022 06:17:15  BuildStamp: freesurfer-linux-ubuntu22_x86_64-7.3.2-20220804-6354275  User: oesteban  Machine: dna073  Platform: Linux  PlatformVersion: 5.14.0-427.37.1.el9_4.x86_64  CompilerName: GCC  CompilerVersion: 8.4.0
ProgramName: mris_euler_number  ProgramArguments: mris_euler_number -all-info  ProgramVersion: 7.3.2  TimeStamp: 2026/03/13-04:40:25-GMT  BuildTime: Aug  4 2022 06:17:15  BuildStamp: freesurfer-linux-ubuntu22_x86_64-7.3.2-20220804-6354275  User: oesteban  Machine: dna073  Platform: Linux  PlatformVersion: 5.14.0-427.37.1.el9_4.x86_64  CompilerName: GCC  CompilerVersion: 8.4.0
ProgramName: mris_fix_topology  ProgramArguments: mris_fix_topology -all-info  ProgramVersion: 7.3.2  TimeStamp: 2026/03/13-04:40:25-GMT  BuildTime: Aug  4 2022 06:17:15  BuildStamp: freesurfer-linux-ubuntu22_x86_64-7.3.2-20220804-6354275  User: oesteban  Machine: dna073  Platform: Linux  PlatformVersion: 5.14.0-427.37.1.el9_4.x86_64  CompilerName: GCC  CompilerVersion: 8.4.0
ProgramName: mris_topo_fixer  ProgramArguments: mris_topo_fixer -all-info  ProgramVersion: 7.3.2  TimeStamp: 2026/03/13-04:40:25-GMT  BuildTime: Aug  4 2022 06:17:15  BuildStamp: freesurfer-linux-ubuntu22_x86_64-7.3.2-20220804-6354275  User: oesteban  Machine: dna073  Platform: Linux  PlatformVersion: 5.14.0-427.37.1.el9_4.x86_64  CompilerName: GCC  CompilerVersion: 8.4.0
ProgramName: mris_jacobian  ProgramArguments: mris_jacobian -all-info  ProgramVersion: 7.3.2  TimeStamp: 2026/03/13-04:40:25-GMT  BuildTime: Aug  4 2022 06:17:15  BuildStamp: freesurfer-linux-ubuntu22_x86_64-7.3.2-20220804-6354275  User: oesteban  Machine: dna073  Platform: Linux  PlatformVersion: 5.14.0-427.37.1.el9_4.x86_64  CompilerName: GCC  CompilerVersion: 8.4.0
ProgramName: mris_label2annot  ProgramArguments: mris_label2annot -all-info  ProgramVersion: 7.3.2  TimeStamp: 2026/03/13-04:40:25-GMT  BuildTime: Aug  4 2022 06:17:15  BuildStamp: freesurfer-linux-ubuntu22_x86_64-7.3.2-20220804-6354275  User: oesteban  Machine: dna073  Platform: Linux  PlatformVersion: 5.14.0-427.37.1.el9_4.x86_64  CompilerName: GCC  CompilerVersion: 8.4.0
ProgramName: mris_left_right_register  ProgramArguments: mris_left_right_register -all-info  ProgramVersion: 7.3.2  TimeStamp: 2026/03/13-04:40:25-GMT  BuildTime: Aug  4 2022 06:17:15  BuildStamp: freesurfer-linux-ubuntu22_x86_64-7.3.2-20220804-6354275  User: oesteban  Machine: dna073  Platform: Linux  PlatformVersion: 5.14.0-427.37.1.el9_4.x86_64  CompilerName: GCC  CompilerVersion: 8.4.0
ProgramName: mris_place_surface  ProgramArguments: mris_place_surface -all-info  ProgramVersion: 7.3.2  TimeStamp: 2026/03/13-04:40:25-GMT  BuildTime: Aug  4 2022 06:17:15  BuildStamp: freesurfer-linux-ubuntu22_x86_64-7.3.2-20220804-6354275  User: oesteban  Machine: dna073  Platform: Linux  PlatformVersion: 5.14.0-427.37.1.el9_4.x86_64  CompilerName: GCC  CompilerVersion: 8.4.0
ProgramName: mrisp_paint  ProgramArguments: mrisp_paint -all-info  ProgramVersion: 7.3.2  TimeStamp: 2026/03/13-04:40:25-GMT  BuildTime: Aug  4 2022 06:17:15  BuildStamp: freesurfer-linux-ubuntu22_x86_64-7.3.2-20220804-6354275  User: oesteban  Machine: dna073  Platform: Linux  PlatformVersion: 5.14.0-427.37.1.el9_4.x86_64  CompilerName: GCC  CompilerVersion: 8.4.0
ProgramName: mris_register  ProgramArguments: mris_register -all-info  ProgramVersion: 7.3.2  TimeStamp: 2026/03/13-04:40:25-GMT  BuildTime: Aug  4 2022 06:17:15  BuildStamp: freesurfer-linux-ubuntu22_x86_64-7.3.2-20220804-6354275  User: oesteban  Machine: dna073  Platform: Linux  PlatformVersion: 5.14.0-427.37.1.el9_4.x86_64  CompilerName: GCC  CompilerVersion: 8.4.0
ProgramName: mris_smooth  ProgramArguments: mris_smooth -all-info  ProgramVersion: 7.3.2  TimeStamp: 2026/03/13-04:40:25-GMT  BuildTime: Aug  4 2022 06:17:15  BuildStamp: freesurfer-linux-ubuntu22_x86_64-7.3.2-20220804-6354275  User: oesteban  Machine: dna073  Platform: Linux  PlatformVersion: 5.14.0-427.37.1.el9_4.x86_64  CompilerName: GCC  CompilerVersion: 8.4.0
ProgramName: mris_sphere  ProgramArguments: mris_sphere -all-info  ProgramVersion: 7.3.2  TimeStamp: 2026/03/13-04:40:25-GMT  BuildTime: Aug  4 2022 06:17:15  BuildStamp: freesurfer-linux-ubuntu22_x86_64-7.3.2-20220804-6354275  User: oesteban  Machine: dna073  Platform: Linux  PlatformVersion: 5.14.0-427.37.1.el9_4.x86_64  CompilerName: GCC  CompilerVersion: 8.4.0
ProgramName: mris_surface_stats  ProgramArguments: mris_surface_stats -all-info  ProgramVersion: 7.3.2  TimeStamp: 2026/03/13-04:40:25-GMT  BuildTime: Aug  4 2022 06:17:15  BuildStamp: freesurfer-linux-ubuntu22_x86_64-7.3.2-20220804-6354275  User: oesteban  Machine: dna073  Platform: Linux  PlatformVersion: 5.14.0-427.37.1.el9_4.x86_64  CompilerName: GCC  CompilerVersion: 8.4.0
ProgramName: mri_stats2seg  ProgramArguments: mri_stats2seg -all-info  ProgramVersion: 7.3.2  TimeStamp: 2026/03/13-04:40:25-GMT  BuildTime: Aug  4 2022 06:17:15  BuildStamp: freesurfer-linux-ubuntu22_x86_64-7.3.2-20220804-6354275  User: oesteban  Machine: dna073  Platform: Linux  PlatformVersion: 5.14.0-427.37.1.el9_4.x86_64  CompilerName: GCC  CompilerVersion: 8.4.0
ProgramName: mris_thickness  ProgramArguments: mris_thickness -all-info  ProgramVersion: 7.3.2  TimeStamp: 2026/03/13-04:40:25-GMT  BuildTime: Aug  4 2022 06:17:15  BuildStamp: freesurfer-linux-ubuntu22_x86_64-7.3.2-20220804-6354275  User: oesteban  Machine: dna073  Platform: Linux  PlatformVersion: 5.14.0-427.37.1.el9_4.x86_64  CompilerName: GCC  CompilerVersion: 8.4.0
ProgramName: mris_thickness_diff  ProgramArguments: mris_thickness_diff -all-info  ProgramVersion: 7.3.2  TimeStamp: 2026/03/13-04:40:25-GMT  BuildTime: Aug  4 2022 06:17:15  BuildStamp: freesurfer-linux-ubuntu22_x86_64-7.3.2-20220804-6354275  User: oesteban  Machine: dna073  Platform: Linux  PlatformVersion: 5.14.0-427.37.1.el9_4.x86_64  CompilerName: GCC  CompilerVersion: 8.4.0
ProgramName: mris_topo_fixer  ProgramArguments: mris_topo_fixer -all-info  ProgramVersion: 7.3.2  TimeStamp: 2026/03/13-04:40:25-GMT  BuildTime: Aug  4 2022 06:17:15  BuildStamp: freesurfer-linux-ubuntu22_x86_64-7.3.2-20220804-6354275  User: oesteban  Machine: dna073  Platform: Linux  PlatformVersion: 5.14.0-427.37.1.el9_4.x86_64  CompilerName: GCC  CompilerVersion: 8.4.0
ProgramName: mri_surf2surf  ProgramArguments: mri_surf2surf -all-info  ProgramVersion: 7.3.2  TimeStamp: 2026/03/13-04:40:25-GMT  BuildTime: Aug  4 2022 06:17:15  BuildStamp: freesurfer-linux-ubuntu22_x86_64-7.3.2-20220804-6354275  User: oesteban  Machine: dna073  Platform: Linux  PlatformVersion: 5.14.0-427.37.1.el9_4.x86_64  CompilerName: GCC  CompilerVersion: 8.4.0
ProgramName: mri_surf2vol  ProgramArguments: mri_surf2vol -all-info  ProgramVersion: 7.3.2  TimeStamp: 2026/03/13-04:40:25-GMT  BuildTime: Aug  4 2022 06:17:15  BuildStamp: freesurfer-linux-ubuntu22_x86_64-7.3.2-20220804-6354275  User: oesteban  Machine: dna073  Platform: Linux  PlatformVersion: 5.14.0-427.37.1.el9_4.x86_64  CompilerName: GCC  CompilerVersion: 8.4.0
ProgramName: mri_surfcluster  ProgramArguments: mri_surfcluster -all-info  ProgramVersion: 7.3.2  TimeStamp: 2026/03/13-04:40:25-GMT  BuildTime: Aug  4 2022 06:17:15  BuildStamp: freesurfer-linux-ubuntu22_x86_64-7.3.2-20220804-6354275  User: oesteban  Machine: dna073  Platform: Linux  PlatformVersion: 5.14.0-427.37.1.el9_4.x86_64  CompilerName: GCC  CompilerVersion: 8.4.0
ProgramName: mris_volmask  ProgramArguments: mris_volmask -all-info  ProgramVersion: 7.3.2  TimeStamp: 2026/03/13-04:40:25-GMT  BuildTime: Aug  4 2022 06:17:15  BuildStamp: freesurfer-linux-ubuntu22_x86_64-7.3.2-20220804-6354275  User: oesteban  Machine: dna073  Platform: Linux  PlatformVersion: 5.14.0-427.37.1.el9_4.x86_64  CompilerName: GCC  CompilerVersion: 8.4.0
ProgramName: mri_tessellate  ProgramArguments: mri_tessellate -all-info  ProgramVersion: 7.3.2  TimeStamp: 2026/03/13-04:40:25-GMT  BuildTime: Aug  4 2022 06:17:15  BuildStamp: freesurfer-linux-ubuntu22_x86_64-7.3.2-20220804-6354275  User: oesteban  Machine: dna073  Platform: Linux  PlatformVersion: 5.14.0-427.37.1.el9_4.x86_64  CompilerName: GCC  CompilerVersion: 8.4.0
ProgramName: mri_vol2surf  ProgramArguments: mri_vol2surf -all-info  ProgramVersion: 7.3.2  TimeStamp: 2026/03/13-04:40:25-GMT  BuildTime: Aug  4 2022 06:17:15  BuildStamp: freesurfer-linux-ubuntu22_x86_64-7.3.2-20220804-6354275  User: oesteban  Machine: dna073  Platform: Linux  PlatformVersion: 5.14.0-427.37.1.el9_4.x86_64  CompilerName: GCC  CompilerVersion: 8.4.0
ProgramName: mri_vol2vol  ProgramArguments: mri_vol2vol -all-info  ProgramVersion: 7.3.2  TimeStamp: 2026/03/13-04:40:25-GMT  BuildTime: Aug  4 2022 06:17:15  BuildStamp: freesurfer-linux-ubuntu22_x86_64-7.3.2-20220804-6354275  User: oesteban  Machine: dna073  Platform: Linux  PlatformVersion: 5.14.0-427.37.1.el9_4.x86_64  CompilerName: GCC  CompilerVersion: 8.4.0
ProgramName: mri_voldiff  ProgramArguments: mri_voldiff -all-info  ProgramVersion: 7.3.2  TimeStamp: 2026/03/13-04:40:25-GMT  BuildTime: Aug  4 2022 06:17:15  BuildStamp: freesurfer-linux-ubuntu22_x86_64-7.3.2-20220804-6354275  User: oesteban  Machine: dna073  Platform: Linux  PlatformVersion: 5.14.0-427.37.1.el9_4.x86_64  CompilerName: GCC  CompilerVersion: 8.4.0
ProgramName: mri_watershed  ProgramArguments: mri_watershed -all-info  ProgramVersion: 7.3.2  TimeStamp: 2026/03/13-04:40:25-GMT  BuildTime: Aug  4 2022 06:17:15  BuildStamp: freesurfer-linux-ubuntu22_x86_64-7.3.2-20220804-6354275  User: oesteban  Machine: dna073  Platform: Linux  PlatformVersion: 5.14.0-427.37.1.el9_4.x86_64  CompilerName: GCC  CompilerVersion: 8.4.0
ProgramName: tkregister2  ProgramArguments: tkregister2_cmdl -all-info  ProgramVersion: 7.3.2  TimeStamp: 2026/03/13-04:40:25-GMT  BuildTime: Aug  4 2022 06:17:15  BuildStamp: freesurfer-linux-ubuntu22_x86_64-7.3.2-20220804-6354275  User: oesteban  Machine: dna073  Platform: Linux  PlatformVersion: 5.14.0-427.37.1.el9_4.x86_64  CompilerName: GCC  CompilerVersion: 8.4.0
mri_motion_correct.fsl 7.3.2
mri_convert -all-info 
ProgramName: mri_convert  ProgramArguments: mri_convert -all-info  ProgramVersion: 7.3.2  TimeStamp: 2026/03/13-04:40:25-GMT  BuildTime: Aug  4 2022 06:17:15  BuildStamp: freesurfer-linux-ubuntu22_x86_64-7.3.2-20220804-6354275  User: oesteban  Machine: dna073  Platform: Linux  PlatformVersion: 5.14.0-427.37.1.el9_4.x86_64  CompilerName: GCC  CompilerVersion: 8.4.0
Program nu_correct, built from:
Package MNI N3, version 1.12.0, compiled by nicks@terrier (x86_64-unknown-linux-gnu) on 2015-06-19 at 01:25:34
#######################################
GCADIR /opt/freesurfer/average
GCA RB_all_2020-01-02.gca
GCASkull RB_all_withskull_2020_01_02.gca
AvgCurvTif folding.atlas.acfb40.noaparc.i12.2016-08-02.tif
GCSDIR /opt/freesurfer/average
GCS DKaparc.atlas.acfb40.noaparc.i12.2016-08-02.gcs
#######################################
#--------------------------------------------
#@# Tessellate rh Fri Mar 13 05:40:25 CET 2026
/out/sourcedata/freesurfer/sub-v2s4x29591_ses-1/scripts

 mri_pretess ../mri/filled.mgz 127 ../mri/norm.mgz ../mri/filled-pretess127.mgz 


Iteration Number : 1
pass   1 (xy+):   0 found -   0 modified     |    TOTAL:   0
pass   1 (xy-):   0 found -   0 modified     |    TOTAL:   0
pass   1 (yz+):   5 found -   5 modified     |    TOTAL:   5
pass   2 (yz+):   0 found -   5 modified     |    TOTAL:   5
pass   1 (yz-):   3 found -   3 modified     |    TOTAL:   8
pass   2 (yz-):   0 found -   3 modified     |    TOTAL:   8
pass   1 (xz+):   0 found -   0 modified     |    TOTAL:   8
pass   1 (xz-):   1 found -   1 modified     |    TOTAL:   9
pass   2 (xz-):   0 found -   1 modified     |    TOTAL:   9
Iteration Number : 1
pass   1 (+++):   0 found -   0 modified     |    TOTAL:   0
pass   1 (+++):   0 found -   0 modified     |    TOTAL:   0
pass   1 (+++):   0 found -   0 modified     |    TOTAL:   0
pass   1 (+++):   0 found -   0 modified     |    TOTAL:   0
Iteration Number : 1
pass   1 (++):   0 found -   0 modified     |    TOTAL:   0
pass   1 (+-):   1 found -   1 modified     |    TOTAL:   1
pass   2 (+-):   0 found -   1 modified     |    TOTAL:   1
pass   1 (--):   0 found -   0 modified     |    TOTAL:   1
pass   1 (-+):   0 found -   0 modified     |    TOTAL:   1
Iteration Number : 2
pass   1 (xy+):   0 found -   0 modified     |    TOTAL:   0
pass   1 (xy-):   0 found -   0 modified     |    TOTAL:   0
pass   1 (yz+):   0 found -   0 modified     |    TOTAL:   0
pass   1 (yz-):   0 found -   0 modified     |    TOTAL:   0
pass   1 (xz+):   0 found -   0 modified     |    TOTAL:   0
pass   1 (xz-):   0 found -   0 modified     |    TOTAL:   0
Iteration Number : 2
pass   1 (+++):   0 found -   0 modified     |    TOTAL:   0
pass   1 (+++):   0 found -   0 modified     |    TOTAL:   0
pass   1 (+++):   0 found -   0 modified     |    TOTAL:   0
pass   1 (+++):   0 found -   0 modified     |    TOTAL:   0
Iteration Number : 2
pass   1 (++):   0 found -   0 modified     |    TOTAL:   0
pass   1 (+-):   0 found -   0 modified     |    TOTAL:   0
pass   1 (--):   0 found -   0 modified     |    TOTAL:   0
pass   1 (-+):   0 found -   0 modified     |    TOTAL:   0

Total Number of Modified Voxels = 10 (out of 178582: 0.005600)
Ambiguous edge configurations... 

mri_pretess done


 mri_tessellate ../mri/filled-pretess127.mgz 127 ../surf/rh.orig.nofix 

7.3.2
  7.3.2
slice 60: 1114 vertices, 1224 faces
slice 70: 5491 vertices, 5638 faces
slice 80: 11913 vertices, 12176 faces
slice 90: 19649 vertices, 19959 faces
slice 100: 29139 vertices, 29519 faces
slice 110: 39137 vertices, 39481 faces
slice 120: 50843 vertices, 51295 faces
slice 130: 63698 vertices, 64173 faces
slice 140: 74739 vertices, 75136 faces
slice 150: 83529 vertices, 83877 faces
slice 160: 90366 vertices, 90694 faces
slice 170: 97452 vertices, 97786 faces
slice 180: 103568 vertices, 103914 faces
slice 190: 108862 vertices, 109120 faces
slice 200: 111180 vertices, 111316 faces
slice 210: 111240 vertices, 111362 faces
slice 220: 111240 vertices, 111362 faces
slice 230: 111240 vertices, 111362 faces
slice 240: 111240 vertices, 111362 faces
slice 250: 111240 vertices, 111362 faces
using the conformed surface RAS to save vertex points...
writing ../surf/rh.orig.nofix
using vox2ras matrix:
-1.00000   0.00000   0.00000   128.00000;
 0.00000   0.00000   1.00000  -128.00000;
 0.00000  -1.00000   0.00000   128.00000;
 0.00000   0.00000   0.00000   1.00000;

 rm -f ../mri/filled-pretess127.mgz 


 mris_extract_main_component ../surf/rh.orig.nofix ../surf/rh.orig.nofix 


counting number of connected components...
   111240 voxel in cpt #1: X=-122 [v=111240,e=334086,f=222724] located at (26.719481, -4.088646, 33.123749)
For the whole surface: X=-122 [v=111240,e=334086,f=222724]
One single component has been found
nothing to do
done

#--------------------------------------------
#@# Smooth1 rh Fri Mar 13 05:40:27 CET 2026
/out/sourcedata/freesurfer/sub-v2s4x29591_ses-1/scripts

 mris_smooth -nw -seed 1234 ../surf/rh.orig.nofix ../surf/rh.smoothwm.nofix 

setting seed for random number generator to 1234
smoothing surface tessellation for 10 iterations...
smoothing complete - recomputing first and second fundamental forms...
#--------------------------------------------
#@# Inflation1 rh Fri Mar 13 05:40:29 CET 2026
/out/sourcedata/freesurfer/sub-v2s4x29591_ses-1/scripts

 mris_inflate -no-save-sulc ../surf/rh.smoothwm.nofix ../surf/rh.inflated.nofix 

Not saving sulc
Reading ../surf/rh.smoothwm.nofix
avg radius = 42.2 mm, total surface area = 58670 mm^2
step 000: RMS=0.166 (target=0.015)   step 005: RMS=0.133 (target=0.015)   step 010: RMS=0.108 (target=0.015)   step 015: RMS=0.096 (target=0.015)   step 020: RMS=0.088 (target=0.015)   step 025: RMS=0.082 (target=0.015)   step 030: RMS=0.076 (target=0.015)   step 035: RMS=0.074 (target=0.015)   step 040: RMS=0.070 (target=0.015)   step 045: RMS=0.069 (target=0.015)   step 050: RMS=0.068 (target=0.015)   step 055: RMS=0.067 (target=0.015)   step 060: RMS=0.067 (target=0.015)   writing inflated surface to ../surf/rh.inflated.nofix
inflation took 0.1 minutes

inflation complete.
Not saving sulc
mris_inflate utimesec    37.608693
mris_inflate stimesec    1.840119
mris_inflate ru_maxrss   178748
mris_inflate ru_ixrss    0
mris_inflate ru_idrss    0
mris_inflate ru_isrss    0
mris_inflate ru_minflt   519794
mris_inflate ru_majflt   12
mris_inflate ru_nswap    0
mris_inflate ru_inblock  0
mris_inflate ru_oublock  7832
mris_inflate ru_msgsnd   0
mris_inflate ru_msgrcv   0
mris_inflate ru_nsignals 0
mris_inflate ru_nvcsw    13772
mris_inflate ru_nivcsw   187
#--------------------------------------------
#@# QSphere rh Fri Mar 13 05:40:38 CET 2026
/out/sourcedata/freesurfer/sub-v2s4x29591_ses-1/scripts

 mris_sphere -q -p 6 -a 128 -seed 1234 ../surf/rh.inflated.nofix ../surf/rh.qsphere.nofix 

doing quick spherical unfolding.
limitting unfolding to 6 passes
using n_averages = 128
setting seed for random number genererator to 1234
version: 7.3.2
available threads: 16
scaling brain by 0.351...
inflating...
projecting onto sphere...
surface projected - minimizing metric distortion...
vertex spacing 1.08 +- 0.68 (0.00-->8.36) (max @ vno 37799 --> 37812)
face area 0.03 +- 0.04 (-0.19-->1.25)
Entering MRISinflateToSphere()
inflating to sphere (rms error < 2.00)
000: dt: 0.0000, rms radial error=176.217, avgs=0
005/300: dt: 0.9000, rms radial error=175.959, avgs=0
010/300: dt: 0.9000, rms radial error=175.405, avgs=0
015/300: dt: 0.9000, rms radial error=174.678, avgs=0
020/300: dt: 0.9000, rms radial error=173.849, avgs=0
025/300: dt: 0.9000, rms radial error=172.963, avgs=0
030/300: dt: 0.9000, rms radial error=172.045, avgs=0
035/300: dt: 0.9000, rms radial error=171.110, avgs=0
040/300: dt: 0.9000, rms radial error=170.168, avgs=0
045/300: dt: 0.9000, rms radial error=169.226, avgs=0
050/300: dt: 0.9000, rms radial error=168.285, avgs=0
055/300: dt: 0.9000, rms radial error=167.346, avgs=0
060/300: dt: 0.9000, rms radial error=166.410, avgs=0
065/300: dt: 0.9000, rms radial error=165.478, avgs=0
070/300: dt: 0.9000, rms radial error=164.551, avgs=0
075/300: dt: 0.9000, rms radial error=163.628, avgs=0
080/300: dt: 0.9000, rms radial error=162.710, avgs=0
085/300: dt: 0.9000, rms radial error=161.796, avgs=0
090/300: dt: 0.9000, rms radial error=160.888, avgs=0
095/300: dt: 0.9000, rms radial error=159.984, avgs=0
100/300: dt: 0.9000, rms radial error=159.085, avgs=0
105/300: dt: 0.9000, rms radial error=158.191, avgs=0
110/300: dt: 0.9000, rms radial error=157.301, avgs=0
115/300: dt: 0.9000, rms radial error=156.416, avgs=0
120/300: dt: 0.9000, rms radial error=155.536, avgs=0
125/300: dt: 0.9000, rms radial error=154.660, avgs=0
130/300: dt: 0.9000, rms radial error=153.789, avgs=0
135/300: dt: 0.9000, rms radial error=152.923, avgs=0
140/300: dt: 0.9000, rms radial error=152.061, avgs=0
145/300: dt: 0.9000, rms radial error=151.204, avgs=0
150/300: dt: 0.9000, rms radial error=150.351, avgs=0
155/300: dt: 0.9000, rms radial error=149.504, avgs=0
160/300: dt: 0.9000, rms radial error=148.661, avgs=0
165/300: dt: 0.9000, rms radial error=147.822, avgs=0
170/300: dt: 0.9000, rms radial error=146.988, avgs=0
175/300: dt: 0.9000, rms radial error=146.159, avgs=0
180/300: dt: 0.9000, rms radial error=145.334, avgs=0
185/300: dt: 0.9000, rms radial error=144.513, avgs=0
190/300: dt: 0.9000, rms radial error=143.698, avgs=0
195/300: dt: 0.9000, rms radial error=142.886, avgs=0
200/300: dt: 0.9000, rms radial error=142.079, avgs=0
205/300: dt: 0.9000, rms radial error=141.277, avgs=0
210/300: dt: 0.9000, rms radial error=140.479, avgs=0
215/300: dt: 0.9000, rms radial error=139.685, avgs=0
220/300: dt: 0.9000, rms radial error=138.896, avgs=0
225/300: dt: 0.9000, rms radial error=138.111, avgs=0
230/300: dt: 0.9000, rms radial error=137.330, avgs=0
235/300: dt: 0.9000, rms radial error=136.554, avgs=0
240/300: dt: 0.9000, rms radial error=135.782, avgs=0
245/300: dt: 0.9000, rms radial error=135.015, avgs=0
250/300: dt: 0.9000, rms radial error=134.251, avgs=0
255/300: dt: 0.9000, rms radial error=133.492, avgs=0
260/300: dt: 0.9000, rms radial error=132.738, avgs=0
265/300: dt: 0.9000, rms radial error=131.987, avgs=0
270/300: dt: 0.9000, rms radial error=131.241, avgs=0
275/300: dt: 0.9000, rms radial error=130.499, avgs=0
280/300: dt: 0.9000, rms radial error=129.761, avgs=0
285/300: dt: 0.9000, rms radial error=129.027, avgs=0
290/300: dt: 0.9000, rms radial error=128.297, avgs=0
295/300: dt: 0.9000, rms radial error=127.571, avgs=0
300/300: dt: 0.9000, rms radial error=126.850, avgs=0

spherical inflation complete.
epoch 1 (K=10.0), pass 1, starting sse = 12516.06
taking momentum steps...
taking momentum steps...
taking momentum steps...
taking momentum steps...
pass 1 complete, delta sse/iter = 0.00/13 = 0.00032
epoch 2 (K=40.0), pass 1, starting sse = 1974.16
taking momentum steps...
taking momentum steps...
taking momentum steps...
taking momentum steps...
pass 1 complete, delta sse/iter = 0.00/13 = 0.00034
epoch 3 (K=160.0), pass 1, starting sse = 227.58
taking momentum steps...
taking momentum steps...
taking momentum steps...
taking momentum steps...
pass 1 complete, delta sse/iter = 0.12/14 = 0.00864
epoch 4 (K=640.0), pass 1, starting sse = 25.66
taking momentum steps...
taking momentum steps...
taking momentum steps...
taking momentum steps...
pass 1 complete, delta sse/iter = 0.10/19 = 0.00529
final distance error %100000.00
writing spherical brain to ../surf/rh.qsphere.nofix
spherical transformation took 0.0225 hours
FSRUNTIME@ mris_sphere  0.0225 hours 16 threads
#VMPC# mris_sphere VmPeak  1520712
mris_sphere done
#@# Fix Topology rh Fri Mar 13 05:41:58 CET 2026

 mris_fix_topology -mgz -sphere qsphere.nofix -inflated inflated.nofix -orig orig.nofix -out orig.premesh -ga -seed 1234 sub-v2s4x29591_ses-1 rh 

reading spherical homeomorphism from 'qsphere.nofix'
reading inflated coordinates from 'inflated.nofix'
reading original coordinates from 'orig.nofix'
using genetic algorithm with optimized parameters
setting seed for random number genererator to 1234

*************************************************************
Topology Correction Parameters
retessellation mode:           genetic search
number of patches/generation : 10
number of generations :        10
surface mri loglikelihood coefficient :         1.0
volume mri loglikelihood coefficient :          10.0
normal dot loglikelihood coefficient :          1.0
quadratic curvature loglikelihood coefficient : 1.0
volume resolution :                             2
eliminate vertices during search :              1
initial patch selection :                       1
select all defect vertices :                    0
ordering dependant retessellation:              0
use precomputed edge table :                    0
smooth retessellated patch :                    2
match retessellated patch :                     1
verbose mode :                                  0

*************************************************************
INFO: assuming .mgz format
writing corrected surface to 'orig.premesh'
7.3.2
  7.3.2
before topology correction, eno=-122 (nv=111240, nf=222724, ne=334086, g=62)
using quasi-homeomorphic spherical map to tessellate cortical surface...

Correction of the Topology
Finding true center and radius of Spherical Surface...done
Surface centered at (0,0,0) with radius 100.0 in 7 iterations
marking ambiguous vertices...
15333 ambiguous faces found in tessellation
segmenting defects...
61 defects found, arbitrating ambiguous regions...
analyzing neighboring defects...
      -merging segment 0 into 1
      -merging segment 9 into 8
      -merging segment 27 into 24
      -merging segment 43 into 41
      -merging segment 60 into 57
56 defects to be corrected 
0 vertices coincident
reading input surface /out/sourcedata/freesurfer/sub-v2s4x29591_ses-1/surf/rh.qsphere.nofix...
reading brain volume from brain...
reading wm segmentation from wm...
Reading original properties of orig.nofix
Reading vertex positions of inflated.nofix
Computing Initial Surface Statistics
      -face       loglikelihood: -9.1108  (-4.5554)
      -vertex     loglikelihood: -5.8888  (-2.9444)
      -normal dot loglikelihood: -3.6248  (-3.6248)
      -quad curv  loglikelihood: -5.8536  (-2.9268)
      Total Loglikelihood : -24.4780
CORRECTING DEFECT 0 (vertices=147, convex hull=174, v0=1755)
After retessellation of defect 0 (v0=1755), euler #=-57 (102257,303789,201475) : difference with theory (-53) = 4 
CORRECTING DEFECT 1 (vertices=499, convex hull=335, v0=1770)
After retessellation of defect 1 (v0=1770), euler #=-56 (102363,304284,201865) : difference with theory (-52) = 4 
CORRECTING DEFECT 2 (vertices=261, convex hull=243, v0=3226)
After retessellation of defect 2 (v0=3226), euler #=-55 (102422,304576,202099) : difference with theory (-51) = 4 
CORRECTING DEFECT 3 (vertices=46, convex hull=80, v0=5979)
After retessellation of defect 3 (v0=5979), euler #=-54 (102436,304653,202163) : difference with theory (-50) = 4 
CORRECTING DEFECT 4 (vertices=132, convex hull=141, v0=6738)
After retessellation of defect 4 (v0=6738), euler #=-53 (102491,304888,202344) : difference with theory (-49) = 4 
CORRECTING DEFECT 5 (vertices=224, convex hull=185, v0=6867)
After retessellation of defect 5 (v0=6867), euler #=-52 (102579,305234,202603) : difference with theory (-48) = 4 
CORRECTING DEFECT 6 (vertices=49, convex hull=74, v0=8843)
After retessellation of defect 6 (v0=8843), euler #=-51 (102588,305293,202654) : difference with theory (-47) = 4 
CORRECTING DEFECT 7 (vertices=273, convex hull=275, v0=10062)
After retessellation of defect 7 (v0=10062), euler #=-49 (102637,305581,202895) : difference with theory (-46) = 3 
CORRECTING DEFECT 8 (vertices=21, convex hull=58, v0=13326)
After retessellation of defect 8 (v0=13326), euler #=-48 (102649,305638,202941) : difference with theory (-45) = 3 
CORRECTING DEFECT 9 (vertices=63, convex hull=68, v0=15761)
After retessellation of defect 9 (v0=15761), euler #=-47 (102677,305753,203029) : difference with theory (-44) = 3 
CORRECTING DEFECT 10 (vertices=22, convex hull=42, v0=15993)
After retessellation of defect 10 (v0=15993), euler #=-46 (102681,305784,203057) : difference with theory (-43) = 3 
CORRECTING DEFECT 11 (vertices=103, convex hull=169, v0=16626)
After retessellation of defect 11 (v0=16626), euler #=-45 (102750,306063,203268) : difference with theory (-42) = 3 
CORRECTING DEFECT 12 (vertices=967, convex hull=437, v0=17311)
A large defect has been detected...
This often happens because cerebellum or dura has not been removed from wm.mgz.
This may cause recon-all to run very slowly or crash.
if so, see https://surfer.nmr.mgh.harvard.edu/fswiki/FsTutorial/TopologicalDefect_freeview
After retessellation of defect 12 (v0=17311), euler #=-44 (102926,306809,203839) : difference with theory (-41) = 3 
CORRECTING DEFECT 13 (vertices=43, convex hull=76, v0=19213)
After retessellation of defect 13 (v0=19213), euler #=-43 (102950,306914,203921) : difference with theory (-40) = 3 
CORRECTING DEFECT 14 (vertices=173, convex hull=114, v0=21316)
After retessellation of defect 14 (v0=21316), euler #=-42 (103000,307118,204076) : difference with theory (-39) = 3 
CORRECTING DEFECT 15 (vertices=154, convex hull=51, v0=25121)
After retessellation of defect 15 (v0=25121), euler #=-41 (103019,307193,204133) : difference with theory (-38) = 3 
CORRECTING DEFECT 16 (vertices=114, convex hull=140, v0=25783)
After retessellation of defect 16 (v0=25783), euler #=-40 (103056,307366,204270) : difference with theory (-37) = 3 
CORRECTING DEFECT 17 (vertices=44, convex hull=54, v0=37803)
After retessellation of defect 17 (v0=37803), euler #=-39 (103072,307434,204323) : difference with theory (-36) = 3 
CORRECTING DEFECT 18 (vertices=73, convex hull=42, v0=38205)
After retessellation of defect 18 (v0=38205), euler #=-38 (103079,307470,204353) : difference with theory (-35) = 3 
CORRECTING DEFECT 19 (vertices=13, convex hull=23, v0=41385)
After retessellation of defect 19 (v0=41385), euler #=-37 (103083,307491,204371) : difference with theory (-34) = 3 
CORRECTING DEFECT 20 (vertices=22, convex hull=62, v0=41498)
After retessellation of defect 20 (v0=41498), euler #=-36 (103092,307539,204411) : difference with theory (-33) = 3 
CORRECTING DEFECT 21 (vertices=127, convex hull=61, v0=41834)
After retessellation of defect 21 (v0=41834), euler #=-35 (103103,307596,204458) : difference with theory (-32) = 3 
CORRECTING DEFECT 22 (vertices=458, convex hull=344, v0=42503)
After retessellation of defect 22 (v0=42503), euler #=-33 (103200,308054,204821) : difference with theory (-31) = 2 
CORRECTING DEFECT 23 (vertices=60, convex hull=57, v0=44575)
After retessellation of defect 23 (v0=44575), euler #=-32 (103221,308139,204886) : difference with theory (-30) = 2 
CORRECTING DEFECT 24 (vertices=93, convex hull=35, v0=49232)
After retessellation of defect 24 (v0=49232), euler #=-31 (103240,308209,204938) : difference with theory (-29) = 2 
CORRECTING DEFECT 25 (vertices=81, convex hull=76, v0=56789)
After retessellation of defect 25 (v0=56789), euler #=-30 (103291,308394,205073) : difference with theory (-28) = 2 
CORRECTING DEFECT 26 (vertices=51, convex hull=99, v0=57506)
After retessellation of defect 26 (v0=57506), euler #=-29 (103322,308526,205175) : difference with theory (-27) = 2 
CORRECTING DEFECT 27 (vertices=102, convex hull=125, v0=57894)
After retessellation of defect 27 (v0=57894), euler #=-28 (103377,308748,205343) : difference with theory (-26) = 2 
CORRECTING DEFECT 28 (vertices=289, convex hull=88, v0=58808)
After retessellation of defect 28 (v0=58808), euler #=-27 (103401,308858,205430) : difference with theory (-25) = 2 
CORRECTING DEFECT 29 (vertices=17, convex hull=58, v0=59753)
After retessellation of defect 29 (v0=59753), euler #=-26 (103411,308909,205472) : difference with theory (-24) = 2 
CORRECTING DEFECT 30 (vertices=67, convex hull=83, v0=63126)
After retessellation of defect 30 (v0=63126), euler #=-25 (103447,309049,205577) : difference with theory (-23) = 2 
CORRECTING DEFECT 31 (vertices=63, convex hull=105, v0=66584)
After retessellation of defect 31 (v0=66584), euler #=-24 (103487,309213,205702) : difference with theory (-22) = 2 
CORRECTING DEFECT 32 (vertices=261, convex hull=114, v0=69722)
After retessellation of defect 32 (v0=69722), euler #=-23 (103529,309389,205837) : difference with theory (-21) = 2 
CORRECTING DEFECT 33 (vertices=93, convex hull=116, v0=70608)
After retessellation of defect 33 (v0=70608), euler #=-22 (103579,309594,205993) : difference with theory (-20) = 2 
CORRECTING DEFECT 34 (vertices=48, convex hull=44, v0=70659)
After retessellation of defect 34 (v0=70659), euler #=-21 (103594,309655,206040) : difference with theory (-19) = 2 
CORRECTING DEFECT 35 (vertices=171, convex hull=145, v0=73519)
After retessellation of defect 35 (v0=73519), euler #=-20 (103627,309816,206169) : difference with theory (-18) = 2 
CORRECTING DEFECT 36 (vertices=136, convex hull=69, v0=76526)
After retessellation of defect 36 (v0=76526), euler #=-19 (103655,309930,206256) : difference with theory (-17) = 2 
CORRECTING DEFECT 37 (vertices=105, convex hull=61, v0=83357)
After retessellation of defect 37 (v0=83357), euler #=-18 (103674,310012,206320) : difference with theory (-16) = 2 
CORRECTING DEFECT 38 (vertices=127, convex hull=163, v0=84980)
After retessellation of defect 38 (v0=84980), euler #=-16 (103743,310296,206537) : difference with theory (-15) = 1 
CORRECTING DEFECT 39 (vertices=185, convex hull=50, v0=86329)
After retessellation of defect 39 (v0=86329), euler #=-15 (103766,310389,206608) : difference with theory (-14) = 1 
CORRECTING DEFECT 40 (vertices=119, convex hull=107, v0=87060)
After retessellation of defect 40 (v0=87060), euler #=-14 (103805,310558,206739) : difference with theory (-13) = 1 
CORRECTING DEFECT 41 (vertices=49, convex hull=76, v0=88715)
After retessellation of defect 41 (v0=88715), euler #=-13 (103836,310682,206833) : difference with theory (-12) = 1 
CORRECTING DEFECT 42 (vertices=13, convex hull=18, v0=89710)
After retessellation of defect 42 (v0=89710), euler #=-12 (103838,310697,206847) : difference with theory (-11) = 1 
CORRECTING DEFECT 43 (vertices=419, convex hull=300, v0=90941)
After retessellation of defect 43 (v0=90941), euler #=-11 (103994,311327,207322) : difference with theory (-10) = 1 
CORRECTING DEFECT 44 (vertices=39, convex hull=27, v0=92362)
After retessellation of defect 44 (v0=92362), euler #=-10 (104001,311363,207352) : difference with theory (-9) = 1 
CORRECTING DEFECT 45 (vertices=1035, convex hull=493, v0=92741)
A large defect has been detected...
This often happens because cerebellum or dura has not been removed from wm.mgz.
This may cause recon-all to run very slowly or crash.
if so, see https://surfer.nmr.mgh.harvard.edu/fswiki/FsTutorial/TopologicalDefect_freeview
After retessellation of defect 45 (v0=92741), euler #=-9 (104204,312221,208008) : difference with theory (-8) = 1 
CORRECTING DEFECT 46 (vertices=395, convex hull=161, v0=95287)
After retessellation of defect 46 (v0=95287), euler #=-8 (104232,312385,208145) : difference with theory (-7) = 1 
CORRECTING DEFECT 47 (vertices=41, convex hull=31, v0=101535)
After retessellation of defect 47 (v0=101535), euler #=-7 (104234,312403,208162) : difference with theory (-6) = 1 
CORRECTING DEFECT 48 (vertices=149, convex hull=48, v0=101592)
After retessellation of defect 48 (v0=101592), euler #=-6 (104246,312461,208209) : difference with theory (-5) = 1 
CORRECTING DEFECT 49 (vertices=284, convex hull=80, v0=102484)
After retessellation of defect 49 (v0=102484), euler #=-5 (104266,312554,208283) : difference with theory (-4) = 1 
CORRECTING DEFECT 50 (vertices=25, convex hull=44, v0=102906)
After retessellation of defect 50 (v0=102906), euler #=-4 (104270,312582,208308) : difference with theory (-3) = 1 
CORRECTING DEFECT 51 (vertices=17, convex hull=33, v0=103907)
After retessellation of defect 51 (v0=103907), euler #=-3 (104278,312616,208335) : difference with theory (-2) = 1 
CORRECTING DEFECT 52 (vertices=17, convex hull=22, v0=105162)
After retessellation of defect 52 (v0=105162), euler #=-2 (104282,312635,208351) : difference with theory (-1) = 1 
CORRECTING DEFECT 53 (vertices=380, convex hull=266, v0=106325)
After retessellation of defect 53 (v0=106325), euler #=0 (104417,313187,208770) : difference with theory (0) = 0 
CORRECTING DEFECT 54 (vertices=30, convex hull=30, v0=107103)
After retessellation of defect 54 (v0=107103), euler #=1 (104425,313222,208798) : difference with theory (1) = 0 
CORRECTING DEFECT 55 (vertices=57, convex hull=105, v0=108029)
After retessellation of defect 55 (v0=108029), euler #=2 (104449,313341,208894) : difference with theory (2) = 0 
computing original vertex metric properties...
storing new metric properties...
computing tessellation statistics...
vertex spacing 0.90 +- 0.28 (0.02-->13.89) (max @ vno 68758 --> 71396)
face area -nan +- -nan (1000.00-->-1.00)
performing soap bubble on retessellated vertices for 0 iterations...
vertex spacing 0.90 +- 0.28 (0.02-->13.89) (max @ vno 68758 --> 71396)
face area -nan +- -nan (1000.00-->-1.00)
tessellation finished, orienting corrected surface...
123 mutations (30.1%), 286 crossovers (69.9%), 543 vertices were eliminated
building final representation...
6791 vertices and 0 faces have been removed from triangulation
after topology correction, eno=2 (nv=104449, nf=208894, ne=313341, g=0)
writing corrected surface to /out/sourcedata/freesurfer/sub-v2s4x29591_ses-1/surf/rh.orig.premesh...

0.000 % of the vertices (0 vertices) exhibit an orientation change
removing intersecting faces
000: 749 intersecting
001: 145 intersecting
002: 31 intersecting
003: 20 intersecting
step 1 with no progress (num=20, old_num=20)
004: 20 intersecting
step 2 with no progress (num=20, old_num=20)
005: 20 intersecting
step 3 with no progress (num=20, old_num=20)
006: 20 intersecting
step 4 with no progress (num=20, old_num=20)
007: 20 intersecting
step 5 with no progress (num=20, old_num=20)
008: 20 intersecting
step 6 with no progress (num=20, old_num=20)
009: 20 intersecting
step 7 with no progress (num=20, old_num=20)
010: 20 intersecting
step 8 with no progress (num=20, old_num=20)
011: 20 intersecting
step 9 with no progress (num=20, old_num=20)
012: 20 intersecting
step 10 with no progress (num=20, old_num=20)
013: 20 intersecting
step 11 with no progress (num=20, old_num=20)
014: 20 intersecting
step 12 with no progress (num=20, old_num=20)
015: 20 intersecting
step 13 with no progress (num=20, old_num=20)
016: 20 intersecting
step 14 with no progress (num=20, old_num=20)
017: 20 intersecting
step 15 with no progress (num=20, old_num=20)
018: 20 intersecting
step 16 with no progress (num=20, old_num=20)
terminating search with 20 intersecting
topology fixing took 15.2 minutes
FSRUNTIME@ mris_fix_topology rh  0.2539 hours 16 threads
#VMPC# mris_fix_topology VmPeak  1862384

 mris_euler_number ../surf/rh.orig.premesh 

euler # = v-e+f = 2g-2: 104449 - 313341 + 208894 = 2 --> 0 holes
      F =2V-4:          208894 = 208898-4 (0)
      2E=3F:            626682 = 626682 (0)

total defect index = 0
Fri Mar 13 05:57:13 CET 2026

setenv SUBJECTS_DIR /out/sourcedata/freesurfer
cd /out/sourcedata/freesurfer/sub-v2s4x29591_ses-1/scripts
/opt/freesurfer/bin/defect2seg --s sub-v2s4x29591_ses-1 --rh-only --cortex

freesurfer-linux-ubuntu22_x86_64-7.3.2-20220804-6354275
defect2seg 7.3.2
Linux dna073 5.14.0-427.37.1.el9_4.x86_64 #1 SMP PREEMPT_DYNAMIC Fri Sep 13 12:41:50 EDT 2024 x86_64 x86_64 x86_64 GNU/Linux
pid 2610858
mri_label2label --label-cortex /out/sourcedata/freesurfer/sub-v2s4x29591_ses-1/surf/rh.orig.nofix /out/sourcedata/freesurfer/sub-v2s4x29591_ses-1/mri/aseg.presurf.mgz 0 /out/sourcedata/freesurfer/sub-v2s4x29591_ses-1/label/rh.nofix.cortex.label

 Generating cortex label... RemoveHipAmgy=0
 NucAccIsMedialWall=0
 mris->useRealRAS=0
18 non-cortical segments detected
only using segment with 5848 vertices
erasing segment 1 (vno[0] = 46962)
erasing segment 2 (vno[0] = 54859)
erasing segment 3 (vno[0] = 56026)
erasing segment 4 (vno[0] = 65836)
erasing segment 5 (vno[0] = 70462)
erasing segment 6 (vno[0] = 70466)
erasing segment 7 (vno[0] = 70486)
erasing segment 8 (vno[0] = 70538)
erasing segment 9 (vno[0] = 71411)
erasing segment 10 (vno[0] = 71430)
erasing segment 11 (vno[0] = 71448)
erasing segment 12 (vno[0] = 72430)
erasing segment 13 (vno[0] = 72448)
erasing segment 14 (vno[0] = 73503)
erasing segment 15 (vno[0] = 74421)
erasing segment 16 (vno[0] = 76395)
erasing segment 17 (vno[0] = 76440)
mri_label2vol --defects /out/sourcedata/freesurfer/sub-v2s4x29591_ses-1/surf/rh.orig.nofix /out/sourcedata/freesurfer/sub-v2s4x29591_ses-1/surf/rh.defect_labels /out/sourcedata/freesurfer/sub-v2s4x29591_ses-1/mri/orig.mgz 2000 0 /out/sourcedata/freesurfer/sub-v2s4x29591_ses-1/mri/rh.surface.defects.mgz /out/sourcedata/freesurfer/sub-v2s4x29591_ses-1/label/rh.nofix.cortex.label
mri_label2vol supposed to be reproducible but seed not set
Contraining to label /out/sourcedata/freesurfer/sub-v2s4x29591_ses-1/label/rh.nofix.cortex.label
Changing input type 0 to MRI_INT
Converting defects to volume: offset=2000, merge=0
Writing to /out/sourcedata/freesurfer/sub-v2s4x29591_ses-1/mri/rh.surface.defects.mgz
mris_defects_pointset -s /out/sourcedata/freesurfer/sub-v2s4x29591_ses-1/surf/rh.orig.nofix -d /out/sourcedata/freesurfer/sub-v2s4x29591_ses-1/surf/rh.defect_labels -o /out/sourcedata/freesurfer/sub-v2s4x29591_ses-1/surf/rh.defects.pointset --label /out/sourcedata/freesurfer/sub-v2s4x29591_ses-1/label/rh.nofix.cortex.label
Reading in surface /out/sourcedata/freesurfer/sub-v2s4x29591_ses-1/surf/rh.orig.nofix
Reading in defect segmentation /out/sourcedata/freesurfer/sub-v2s4x29591_ses-1/surf/rh.defect_labels
Reading in label /out/sourcedata/freesurfer/sub-v2s4x29591_ses-1/label/rh.nofix.cortex.label
#VMPC# mris_defects_pointset 1528700
mris_defects_pointset done
 
Started at Fri Mar 13 05:57:13 CET 2026 
Ended   at Fri Mar 13 05:57:22 CET 2026
Defect2seg-Run-Time-Sec 9
Defect2seg-Run-Time-Min 0.18
Defect2seg-Run-Time-Hours 0.00
 
tkmeditfv sub-v2s4x29591_ses-1 brain.finalsurfs.mgz -defect
defect2seg Done

 mris_remesh --remesh --iters 3 --input /out/sourcedata/freesurfer/sub-v2s4x29591_ses-1/surf/rh.orig.premesh --output /out/sourcedata/freesurfer/sub-v2s4x29591_ses-1/surf/rh.orig 

iters = 3
standard remeshing without target
   adjusted l: 0.716648
remeshing to edge length 0.716648 with 3 iterations

avg qual before   : 0.883417  after: 0.971017

Removing intersections
removing intersecting faces
000: 4 intersecting
terminating search with 0 intersecting
Remeshed surface quality stats nv0 = 104449  nv = 107870  1.03275
Area    215736  0.30690  0.03457 0.000070   0.5100
Corner  647208 60.00000  8.86178 0.041071 179.8198
Edge    323604  0.84991  0.08341 0.023923   1.2995
Hinge   323604 10.29726 11.17878 0.000040 179.9924
mris_remesh done
/out/sourcedata/freesurfer/sub-v2s4x29591_ses-1/scripts

 mris_remove_intersection ../surf/rh.orig ../surf/rh.orig 

intersection removal took 0.00 hours
writing corrected surface to ../surf/rh.orig

 rm -f ../surf/rh.inflated 

#--------------------------------------------
#@# AutoDetGWStats rh Fri Mar 13 05:57:42 CET 2026
cd /out/sourcedata/freesurfer/sub-v2s4x29591_ses-1/mri
mris_autodet_gwstats --o ../surf/autodet.gw.stats.rh.dat --i brain.finalsurfs.mgz --wm wm.mgz --surf ../surf/rh.orig.premesh
7.3.2

cd /out/sourcedata/freesurfer/sub-v2s4x29591_ses-1/mri
setenv SUBJECTS_DIR /out/sourcedata/freesurfer
mris_autodet_gwstats --o ../surf/autodet.gw.stats.rh.dat --i brain.finalsurfs.mgz --wm wm.mgz --surf ../surf/rh.orig.premesh 

border white:    193956 voxels (1.16%)
border gray      232618 voxels (1.39%)
Reading in intensity volume brain.finalsurfs.mgz
Reading in wm volume wm.mgz
Reading in surf ../surf/rh.orig.premesh
Auto detecting stats
MRIclipBrightWM(): nthresh=11827, wmmin=5, clip=110 
Binarizing thresholding at 5
computing class statistics... low=30, hi=110.000000
CCS WM (99.0): 99.4 +- 6.4 [70.0 --> 110.0]
CCS GM (83.0) : 82.0 +- 8.9 [30.0 --> 110.0]
white_mean = 99.3869 +/- 6.40952, gray_mean = 82.016 +/- 8.93047
using class modes intead of means, discounting robust sigmas....
MRIScomputeClassModes(): min=0 max=186 nbins=187
intensity peaks found at WM=102+-6.1,    GM=81+-6.1
white_mode = 102, gray_mode = 81
std_scale = 1
Applying sanity checks, max_scale_down = 0.2
setting MIN_GRAY_AT_WHITE_BORDER to 72.1 (was 70.000000)
setting MAX_BORDER_WHITE to 108.4 (was 105.000000)
setting MIN_BORDER_WHITE to 81.0 (was 85.000000)
setting MAX_CSF to 63.1 (was 40.000000)
setting MAX_GRAY to 95.6 (was 95.000000)
setting MAX_GRAY_AT_CSF_BORDER to 72.1 (was 75.000000)
setting MIN_GRAY_AT_CSF_BORDER to 54.2 (was 40.000000)
When placing the white surface
  white_border_hi   = 108.41;
  white_border_low  = 81;
  white_outside_low = 72.0695;
  white_inside_hi   = 120;
  white_outside_hi  = 108.41;
When placing the pial surface
  pial_border_hi   = 72.0695;
  pial_border_low  = 54.2086;
  pial_outside_low = 10;
  pial_inside_hi   = 95.5905;
  pial_outside_hi  = 67.6043;
#VMPC# mris_autodet_gwstats VmPeak  1308464
mris_autodet_gwstats done
#--------------------------------------------
#@# WhitePreAparc rh Fri Mar 13 05:57:45 CET 2026
cd /out/sourcedata/freesurfer/sub-v2s4x29591_ses-1/mri
mris_place_surface --adgws-in ../surf/autodet.gw.stats.rh.dat --wm wm.mgz --threads 16 --invol brain.finalsurfs.mgz --rh --i ../surf/rh.orig --o ../surf/rh.white.preaparc --white --seg aseg.presurf.mgz --nsmooth 5
7.3.2
7.3.2

cd /out/sourcedata/freesurfer/sub-v2s4x29591_ses-1/mri
setenv SUBJECTS_DIR /out/sourcedata/freesurfer
mris_place_surface --adgws-in ../surf/autodet.gw.stats.rh.dat --wm wm.mgz --threads 16 --invol brain.finalsurfs.mgz --rh --i ../surf/rh.orig --o ../surf/rh.white.preaparc --white --seg aseg.presurf.mgz --nsmooth 5 

Reading in input surface ../surf/rh.orig
Smoothing surface before ripping with 5 iterations
removing intersecting faces
000: 14 intersecting
001: 10 intersecting
002: 9 intersecting
step 1 with no progress (num=13, old_num=9)
003: 13 intersecting
004: 11 intersecting
step 1 with no progress (num=28, old_num=11)
005: 28 intersecting
006: 13 intersecting
007: 12 intersecting
step 1 with no progress (num=13, old_num=12)
008: 13 intersecting
009: 10 intersecting
step 1 with no progress (num=15, old_num=10)
010: 15 intersecting
011: 14 intersecting
step 1 with no progress (num=14, old_num=14)
012: 14 intersecting
013: 13 intersecting
step 1 with no progress (num=16, old_num=13)
014: 16 intersecting
015: 15 intersecting
016: 13 intersecting
step 1 with no progress (num=13, old_num=13)
017: 13 intersecting
step 2 with no progress (num=13, old_num=13)
018: 13 intersecting
step 3 with no progress (num=13, old_num=13)
019: 13 intersecting
step 4 with no progress (num=13, old_num=13)
020: 13 intersecting
step 5 with no progress (num=13, old_num=13)
021: 13 intersecting
step 6 with no progress (num=13, old_num=13)
022: 13 intersecting
step 7 with no progress (num=13, old_num=13)
023: 13 intersecting
step 8 with no progress (num=13, old_num=13)
024: 13 intersecting
step 9 with no progress (num=13, old_num=13)
025: 13 intersecting
step 10 with no progress (num=13, old_num=13)
026: 13 intersecting
step 11 with no progress (num=13, old_num=13)
027: 13 intersecting
step 12 with no progress (num=13, old_num=13)
028: 13 intersecting
step 13 with no progress (num=13, old_num=13)
029: 13 intersecting
step 14 with no progress (num=13, old_num=13)
030: 13 intersecting
step 15 with no progress (num=13, old_num=13)
031: 13 intersecting
step 16 with no progress (num=13, old_num=13)
terminating search with 9 intersecting
Area    215736  0.26906  0.06784 0.000000   0.6222
Corner  647208 60.00000  9.72878 0.008116 179.9820
Edge    323604  0.79103  0.12279 0.000165   1.3673
Hinge   323604  6.76754  7.24661 0.000019 173.0389
Not reading in aparc
Reading in input volume brain.finalsurfs.mgz
Reading in wm volume wm.mgz
MRIclipBrightWM(): nthresh=11827, wmmin=5, clip=110 
MRIfindBrightNonWM(): 36 bright non-wm voxels segmented.
Masking bright non-wm for white surface
MRImask(): AllowDiffGeom = 1
MRImask(): AllowDiffGeom = 1
Reading in seg volume aseg.presurf.mgz
Ripping frozen voxels
INFO: rip surface needed but not specified, so using input surface
Freezing midline and others
Entering: MRISripMidline(): inhibiting deformation at non-cortical midline structures...
  which=1, fix_mtl=0, using annot = 0
#FML0# MRISripMidline(): nripped=0
removing 2 vertices from ripped group in thread:0
removing 2 vertices from ripped group in thread:0
removing 2 vertices from ripped group in thread:0
removing 4 vertices from ripped group in thread:0
#FML# MRISripMidline(): nmarked=4965, nmarked2=1, nripped=4965
Ripping segs (eg, WMSA, BG, frozen)
Starting MRISripSegs() d = (-2 2 0.5) segnos: 247 
MRISripSegs(): -2 2 0.5 ripped 0
vertex 53935: xyz = (2.12308,4.66672,14.1918) oxyz = (2.12308,4.66672,14.1918) wxzy = (2.12308,4.66672,14.1918) pxyz = (0,0,0) 
CBVO Creating mask 107870
n_averages 4
Iteration 0 =========================================
n_averages=4, current_sigma=2
Freezing midline and others
Ripping frozen voxels
INFO: rip surface needed but not specified, so using input surface
Freezing midline and others
Entering: MRISripMidline(): inhibiting deformation at non-cortical midline structures...
  which=1, fix_mtl=0, using annot = 0
#FML0# MRISripMidline(): nripped=4965
removing 2 vertices from ripped group in thread:0
removing 2 vertices from ripped group in thread:0
removing 2 vertices from ripped group in thread:0
removing 4 vertices from ripped group in thread:0
#FML# MRISripMidline(): nmarked=4965, nmarked2=1, nripped=4965
Ripping segs (eg, WMSA, BG, frozen)
Starting MRISripSegs() d = (-2 2 0.5) segnos: 247 247 
MRISripSegs(): -2 2 0.5 ripped 0
Computing target border values 
Entering MRIScomputeBorderValues_new(): 
  inside_hi   = 120.0000000;
  border_hi   = 108.4095230;
  border_low  =  81.0000000;
  outside_low =  72.0695340;
  outside_hi  = 108.4095230;
  sigma = 2;
  max_thickness = 10;
  step_size=0.5;
  STEP_SIZE=0.1;
  which = 1
  thresh = 0
  flags = 0
  CBVfindFirstPeakD1=0
  CBVfindFirstPeakD2=0
  nvertices=107870
  Gdiag_no=-1
  vno start=0, stop=107870
Replacing 255s with 0s
#SI# sigma=2 had to be increased for 410 vertices, nripped=4965
mean border=88.3, 115 (115) missing vertices, mean dist 0.3 [0.6 (%35.8)->0.8 (%64.2))]
%68 local maxima, %27 large gradients and % 0 min vals, 0 gradients ignored
nFirstPeakD1 0
MRIScomputeBorderValues_new() finished in 0.0079 min


Finding expansion regions
mean absolute distance = 0.75 +- 0.91
3653 vertices more than 2 sigmas from mean.
Averaging target values for 5 iterations...
Positioning Surface: tspring = 0.3, nspring = 0.3, spring = 0, niters = 100 l_repulse = 5, l_surf_repulse = 0, checktol = 0
Positioning pial surface
Entering MRISpositionSurface()
  max_mm = 0.3
  MAX_REDUCTIONS = 2, REDUCTION_PCT = 0.5
  parms->check_tol = 0, niterations = 100
tol=1.0e-04, sigma=2.0, host=dna07, nav=4, nbrs=2, l_repulse=5.000, l_tspring=0.300, l_nspring=0.300, l_intensity=0.200, l_curv=1.000
mom=0.00, dt=0.50
complete_dist_mat 0
rms 0
smooth_averages 0
remove_neg 0
ico_order 0
which_surface 0
target_radius 0.000000
nfields 0
scale 0.000000
desired_rms_height 0.000000
momentum 0.000000
nbhd_size 0
max_nbrs 0
niterations 100
nsurfaces 0
SURFACES 3
flags 0 (0)
use curv 0
no sulc 0
no rigid align 0
mris->nsize 2
mris->hemisphere 1
randomSeed 0

000: dt: 0.0000, sse=2225293.2, rms=6.968
001: dt: 0.5000, sse=1655040.6, rms=5.009 (28.114%)
002: dt: 0.5000, sse=1169513.5, rms=3.788 (24.383%)
003: dt: 0.5000, sse=886845.3, rms=3.057 (19.288%)
004: dt: 0.5000, sse=713763.8, rms=2.624 (14.175%)
005: dt: 0.5000, sse=678618.6, rms=2.371 (9.655%)
006: dt: 0.5000, sse=673176.4, rms=2.219 (6.395%)
007: dt: 0.5000, sse=658613.6, rms=2.132 (3.936%)
008: dt: 0.5000, sse=654634.8, rms=2.073 (2.730%)
rms = 2.0389/2.0734, sse=653135.9/654634.8, time step reduction 1 of 3 to 0.250  0 0 1
009: dt: 0.5000, sse=653135.9, rms=2.039 (1.667%)
010: dt: 0.2500, sse=615216.3, rms=1.501 (26.376%)
011: dt: 0.2500, sse=611764.8, rms=1.431 (4.684%)
rms = 1.4177/1.4308, sse=612017.6/611764.7, time step reduction 2 of 3 to 0.125  0 1 1
012: dt: 0.2500, sse=612017.6, rms=1.418 (0.918%)
rms = 1.4044/1.4177, sse=611960.5/612017.6, time step reduction 3 of 3 to 0.062  0 0 1
013: dt: 0.1250, sse=611960.4, rms=1.404 (0.939%)
  maximum number of reductions reached, breaking from loop
positioning took 0.8 minutes
Iteration 1 =========================================
n_averages=2, current_sigma=1
Freezing midline and others
Ripping frozen voxels
INFO: rip surface needed but not specified, so using input surface
Freezing midline and others
Entering: MRISripMidline(): inhibiting deformation at non-cortical midline structures...
  which=1, fix_mtl=0, using annot = 0
#FML0# MRISripMidline(): nripped=4965
removing 3 vertices from ripped group in thread:0
removing 4 vertices from ripped group in thread:0
#FML# MRISripMidline(): nmarked=5133, nmarked2=38, nripped=5133
Ripping segs (eg, WMSA, BG, frozen)
Starting MRISripSegs() d = (-2 2 0.5) segnos: 247 247 247 
MRISripSegs(): -2 2 0.5 ripped 0
Computing target border values 
Entering MRIScomputeBorderValues_new(): 
  inside_hi   = 120.0000000;
  border_hi   = 108.4095230;
  border_low  =  81.0000000;
  outside_low =  72.0695340;
  outside_hi  = 108.4095230;
  sigma = 1;
  max_thickness = 10;
  step_size=0.5;
  STEP_SIZE=0.1;
  which = 1
  thresh = 0
  flags = 0
  CBVfindFirstPeakD1=0
  CBVfindFirstPeakD2=0
  nvertices=107870
  Gdiag_no=-1
  vno start=0, stop=107870
Replacing 255s with 0s
#SI# sigma=1 had to be increased for 212 vertices, nripped=5133
mean border=90.1, 119 (22) missing vertices, mean dist -0.2 [0.4 (%69.3)->0.3 (%30.7))]
%78 local maxima, %17 large gradients and % 0 min vals, 0 gradients ignored
nFirstPeakD1 0
MRIScomputeBorderValues_new() finished in 0.0072 min


Finding expansion regions
mean absolute distance = 0.39 +- 0.64
3303 vertices more than 2 sigmas from mean.
Averaging target values for 5 iterations...
Positioning Surface: tspring = 0.3, nspring = 0.3, spring = 0, niters = 100 l_repulse = 5, l_surf_repulse = 0, checktol = 0
Positioning pial surface
Entering MRISpositionSurface()
  max_mm = 0.3
  MAX_REDUCTIONS = 2, REDUCTION_PCT = 0.5
  parms->check_tol = 0, niterations = 100
tol=1.0e-04, sigma=1.0, host=dna07, nav=2, nbrs=2, l_repulse=5.000, l_tspring=0.300, l_nspring=0.300, l_intensity=0.200, l_curv=1.000
mom=0.00, dt=0.50
000: dt: 0.0000, sse=790429.2, rms=2.959
014: dt: 0.5000, sse=681461.1, rms=1.844 (37.685%)
015: dt: 0.5000, sse=661121.0, rms=1.553 (15.816%)
016: dt: 0.5000, sse=657348.1, rms=1.471 (5.237%)
rms = 1.4620/1.4712, sse=658905.6/657348.0, time step reduction 1 of 3 to 0.250  0 1 1
017: dt: 0.5000, sse=658905.6, rms=1.462 (0.631%)
018: dt: 0.2500, sse=637913.1, rms=1.155 (20.963%)
rms = 1.1184/1.1555, sse=635018.7/637913.0, time step reduction 2 of 3 to 0.125  0 0 1
019: dt: 0.2500, sse=635018.8, rms=1.118 (3.211%)
rms = 1.1081/1.1184, sse=634794.7/635018.7, time step reduction 3 of 3 to 0.062  0 0 1
020: dt: 0.1250, sse=634794.7, rms=1.108 (0.923%)
  maximum number of reductions reached, breaking from loop
positioning took 0.4 minutes
Iteration 2 =========================================
n_averages=1, current_sigma=0.5
Freezing midline and others
Ripping frozen voxels
INFO: rip surface needed but not specified, so using input surface
Freezing midline and others
Entering: MRISripMidline(): inhibiting deformation at non-cortical midline structures...
  which=1, fix_mtl=0, using annot = 0
#FML0# MRISripMidline(): nripped=5133
removing 4 vertices from ripped group in thread:0
removing 4 vertices from ripped group in thread:0
removing 3 vertices from ripped group in thread:0
removing 4 vertices from ripped group in thread:0
removing 2 vertices from ripped group in thread:0
removing 4 vertices from ripped group in thread:0
#FML# MRISripMidline(): nmarked=5195, nmarked2=38, nripped=5195
Ripping segs (eg, WMSA, BG, frozen)
Starting MRISripSegs() d = (-2 2 0.5) segnos: 247 247 247 247 
MRISripSegs(): -2 2 0.5 ripped 0
Computing target border values 
Entering MRIScomputeBorderValues_new(): 
  inside_hi   = 120.0000000;
  border_hi   = 108.4095230;
  border_low  =  81.0000000;
  outside_low =  72.0695340;
  outside_hi  = 108.4095230;
  sigma = 0.5;
  max_thickness = 10;
  step_size=0.5;
  STEP_SIZE=0.1;
  which = 1
  thresh = 0
  flags = 0
  CBVfindFirstPeakD1=0
  CBVfindFirstPeakD2=0
  nvertices=107870
  Gdiag_no=-1
  vno start=0, stop=107870
Replacing 255s with 0s
#SI# sigma=0.5 had to be increased for 219 vertices, nripped=5195
mean border=91.3, 136 (7) missing vertices, mean dist -0.1 [0.3 (%63.2)->0.3 (%36.8))]
%84 local maxima, %11 large gradients and % 0 min vals, 0 gradients ignored
nFirstPeakD1 0
MRIScomputeBorderValues_new() finished in 0.0043 min


Finding expansion regions
mean absolute distance = 0.30 +- 0.48
3299 vertices more than 2 sigmas from mean.
Averaging target values for 5 iterations...
Positioning Surface: tspring = 0.3, nspring = 0.3, spring = 0, niters = 100 l_repulse = 5, l_surf_repulse = 0, checktol = 0
Positioning pial surface
Entering MRISpositionSurface()
  max_mm = 0.3
  MAX_REDUCTIONS = 2, REDUCTION_PCT = 0.5
  parms->check_tol = 0, niterations = 100
tol=1.0e-04, sigma=0.5, host=dna07, nav=1, nbrs=2, l_repulse=5.000, l_tspring=0.300, l_nspring=0.300, l_intensity=0.200, l_curv=1.000
mom=0.00, dt=0.50
000: dt: 0.0000, sse=682558.4, rms=1.917
021: dt: 0.5000, sse=646014.1, rms=1.323 (30.986%)
rms = 1.2430/1.3229, sse=647453.4/646014.1, time step reduction 1 of 3 to 0.250  0 1 0
022: dt: 0.5000, sse=647453.4, rms=1.243 (6.040%)
023: dt: 0.2500, sse=629505.5, rms=1.033 (16.885%)
rms = 1.0094/1.0331, sse=629811.6/629505.5, time step reduction 2 of 3 to 0.125  0 1 1
024: dt: 0.2500, sse=629811.6, rms=1.009 (2.301%)
rms = 0.9981/1.0094, sse=629659.0/629811.6, time step reduction 3 of 3 to 0.062  0 0 1
025: dt: 0.1250, sse=629659.1, rms=0.998 (1.112%)
  maximum number of reductions reached, breaking from loop
positioning took 0.3 minutes
Iteration 3 =========================================
n_averages=0, current_sigma=0.25
Freezing midline and others
Ripping frozen voxels
INFO: rip surface needed but not specified, so using input surface
Freezing midline and others
Entering: MRISripMidline(): inhibiting deformation at non-cortical midline structures...
  which=1, fix_mtl=0, using annot = 0
#FML0# MRISripMidline(): nripped=5195
removing 4 vertices from ripped group in thread:0
removing 4 vertices from ripped group in thread:0
removing 4 vertices from ripped group in thread:0
removing 3 vertices from ripped group in thread:0
removing 2 vertices from ripped group in thread:0
removing 3 vertices from ripped group in thread:0
#FML# MRISripMidline(): nmarked=5263, nmarked2=38, nripped=5263
Ripping segs (eg, WMSA, BG, frozen)
Starting MRISripSegs() d = (-2 2 0.5) segnos: 247 247 247 247 247 
MRISripSegs(): -2 2 0.5 ripped 0
Computing target border values 
Entering MRIScomputeBorderValues_new(): 
  inside_hi   = 120.0000000;
  border_hi   = 108.4095230;
  border_low  =  81.0000000;
  outside_low =  72.0695340;
  outside_hi  = 108.4095230;
  sigma = 0.25;
  max_thickness = 10;
  step_size=0.5;
  STEP_SIZE=0.1;
  which = 1
  thresh = 0
  flags = 0
  CBVfindFirstPeakD1=0
  CBVfindFirstPeakD2=0
  nvertices=107870
  Gdiag_no=-1
  vno start=0, stop=107870
Replacing 255s with 0s
#SI# sigma=0.25 had to be increased for 238 vertices, nripped=5263
mean border=91.7, 181 (7) missing vertices, mean dist -0.0 [0.3 (%53.7)->0.3 (%46.3))]
%86 local maxima, % 9 large gradients and % 0 min vals, 0 gradients ignored
nFirstPeakD1 0
MRIScomputeBorderValues_new() finished in 0.0030 min


Finding expansion regions
mean absolute distance = 0.28 +- 0.42
3165 vertices more than 2 sigmas from mean.
Averaging target values for 5 iterations...
Positioning Surface: tspring = 0.3, nspring = 0.3, spring = 0, niters = 100 l_repulse = 5, l_surf_repulse = 0, checktol = 0
Positioning pial surface
Entering MRISpositionSurface()
  max_mm = 0.3
  MAX_REDUCTIONS = 2, REDUCTION_PCT = 0.5
  parms->check_tol = 0, niterations = 100
tol=1.0e-04, sigma=0.2, host=dna07, nav=0, nbrs=2, l_repulse=5.000, l_tspring=0.300, l_nspring=0.300, l_intensity=0.200, l_curv=1.000
mom=0.00, dt=0.50
000: dt: 0.0000, sse=636533.6, rms=1.187
026: dt: 0.5000, sse=623663.9, rms=0.890 (25.009%)
rms = 1.0457/0.8901, sse=631027.3/623663.9, time step reduction 1 of 3 to 0.250  0 1 1
   RMS increased, rejecting step
027: dt: 0.2500, sse=620420.1, rms=0.817 (8.245%)
rms = 0.8185/0.8167, sse=621843.0/620420.1, time step reduction 2 of 3 to 0.125  0 1 1
   RMS increased, rejecting step
rms = 0.8101/0.8167, sse=620251.7/620420.1, time step reduction 3 of 3 to 0.062  0 0 1
028: dt: 0.1250, sse=620251.7, rms=0.810 (0.809%)
  maximum number of reductions reached, breaking from loop
positioning took 0.3 minutes
removing intersecting faces
000: 6 intersecting
001: 2 intersecting
step 1 with no progress (num=2, old_num=2)
002: 2 intersecting
step 2 with no progress (num=2, old_num=2)
003: 2 intersecting
step 3 with no progress (num=2, old_num=2)
004: 2 intersecting
step 4 with no progress (num=2, old_num=2)
005: 2 intersecting
step 5 with no progress (num=2, old_num=2)
006: 2 intersecting
step 6 with no progress (num=2, old_num=2)
007: 2 intersecting
step 7 with no progress (num=2, old_num=2)
008: 2 intersecting
step 8 with no progress (num=2, old_num=2)
009: 2 intersecting
step 9 with no progress (num=2, old_num=2)
010: 2 intersecting
step 10 with no progress (num=2, old_num=2)
011: 2 intersecting
step 11 with no progress (num=2, old_num=2)
012: 2 intersecting
step 12 with no progress (num=2, old_num=2)
013: 2 intersecting
step 13 with no progress (num=2, old_num=2)
014: 2 intersecting
step 14 with no progress (num=2, old_num=2)
015: 2 intersecting
step 15 with no progress (num=2, old_num=2)
016: 2 intersecting
step 16 with no progress (num=2, old_num=2)
terminating search with 2 intersecting


Writing output to ../surf/rh.white.preaparc
#ET# mris_place_surface  1.99 minutes
#VMPC# mris_place_surfaces VmPeak  2879672
mris_place_surface done
#--------------------------------------------
#@# CortexLabel rh Fri Mar 13 06:00:13 CET 2026
cd /out/sourcedata/freesurfer/sub-v2s4x29591_ses-1/mri
mri_label2label --label-cortex ../surf/rh.white.preaparc aseg.presurf.mgz 0 ../label/rh.cortex.label

 Generating cortex label... RemoveHipAmgy=0
 NucAccIsMedialWall=0
 mris->useRealRAS=0
6 non-cortical segments detected
only using segment with 6367 vertices
erasing segment 0 (vno[0] = 16635)
erasing segment 2 (vno[0] = 58093)
erasing segment 3 (vno[0] = 58151)
erasing segment 4 (vno[0] = 60448)
erasing segment 5 (vno[0] = 94424)
#--------------------------------------------
#@# CortexLabel+HipAmyg rh Fri Mar 13 06:00:20 CET 2026
cd /out/sourcedata/freesurfer/sub-v2s4x29591_ses-1/mri
mri_label2label --label-cortex ../surf/rh.white.preaparc aseg.presurf.mgz 1 ../label/rh.cortex+hipamyg.label

 Generating cortex label... RemoveHipAmgy=1
 NucAccIsMedialWall=0
 mris->useRealRAS=0
10 non-cortical segments detected
only using segment with 4102 vertices
erasing segment 0 (vno[0] = 16635)
erasing segment 1 (vno[0] = 27434)
erasing segment 3 (vno[0] = 30798)
erasing segment 4 (vno[0] = 31810)
erasing segment 5 (vno[0] = 46248)
erasing segment 6 (vno[0] = 53991)
erasing segment 7 (vno[0] = 58093)
erasing segment 8 (vno[0] = 58151)
erasing segment 9 (vno[0] = 60448)
#--------------------------------------------
#@# Smooth2 rh Fri Mar 13 06:00:28 CET 2026
/out/sourcedata/freesurfer/sub-v2s4x29591_ses-1/scripts

 mris_smooth -n 3 -nw -seed 1234 ../surf/rh.white.preaparc ../surf/rh.smoothwm 

smoothing for 3 iterations
setting seed for random number generator to 1234
smoothing surface tessellation for 3 iterations...
smoothing complete - recomputing first and second fundamental forms...
#--------------------------------------------
#@# Inflation2 rh Fri Mar 13 06:00:30 CET 2026
/out/sourcedata/freesurfer/sub-v2s4x29591_ses-1/scripts

 mris_inflate ../surf/rh.smoothwm ../surf/rh.inflated 

Reading ../surf/rh.smoothwm
avg radius = 41.6 mm, total surface area = 67185 mm^2
step 000: RMS=0.177 (target=0.015)   step 005: RMS=0.123 (target=0.015)   step 010: RMS=0.098 (target=0.015)   step 015: RMS=0.085 (target=0.015)   step 020: RMS=0.071 (target=0.015)   step 025: RMS=0.061 (target=0.015)   step 030: RMS=0.052 (target=0.015)   step 035: RMS=0.046 (target=0.015)   step 040: RMS=0.041 (target=0.015)   step 045: RMS=0.037 (target=0.015)   step 050: RMS=0.034 (target=0.015)   step 055: RMS=0.032 (target=0.015)   step 060: RMS=0.031 (target=0.015)   writing inflated surface to ../surf/rh.inflated
writing sulcal depths to ../surf/rh.sulc

inflation complete.
inflation took 0.1 minutes
mris_inflate utimesec    44.049737
mris_inflate stimesec    1.467558
mris_inflate ru_maxrss   167936
mris_inflate ru_ixrss    0
mris_inflate ru_idrss    0
mris_inflate ru_isrss    0
mris_inflate ru_minflt   457909
mris_inflate ru_majflt   13
mris_inflate ru_nswap    0
mris_inflate ru_inblock  0
mris_inflate ru_oublock  8440
mris_inflate ru_msgsnd   0
mris_inflate ru_msgrcv   0
mris_inflate ru_nsignals 0
mris_inflate ru_nvcsw    7781
mris_inflate ru_nivcsw   199
#--------------------------------------------
#@# Curv .H and .K rh Fri Mar 13 06:00:38 CET 2026
/out/sourcedata/freesurfer/sub-v2s4x29591_ses-1/surf

 mris_curvature -w -seed 1234 rh.white.preaparc 

setting seed for random number generator to 1234
total integrated curvature = 21.221*4pi (266.671) --> -20 handles
ICI = 167.5, FI = 1247.7, variation=21142.691
writing Gaussian curvature to ./rh.white.preaparc.K...done.
writing mean curvature to ./rh.white.preaparc.H...done.
rm -f rh.white.H
ln -s rh.white.preaparc.H rh.white.H
rm -f rh.white.K
ln -s rh.white.preaparc.K rh.white.K

 mris_curvature -seed 1234 -thresh .999 -n -a 5 -w -distances 10 10 rh.inflated 

setting seed for random number generator to 1234
normalizing curvature values.
averaging curvature patterns 5 times.
sampling 10 neighbors out to a distance of 10 mm
118 vertices thresholded to be in k1 ~ [-1.65 0.45], k2 ~ [-0.37 0.26]
total integrated curvature = -0.150*4pi (-1.889) --> 1 handles
ICI = 1.2, FI = 10.3, variation=174.997
112 vertices thresholded to be in [-0.11 0.18]
writing Gaussian curvature to ./rh.inflated.K...thresholding curvature at 99.90% level
curvature mean = 0.000, std = 0.005
83 vertices thresholded to be in [-0.53 0.21]
done.
writing mean curvature to ./rh.inflated.H...curvature mean = -0.021, std = 0.033
done.
#--------------------------------------------
#@# Sphere rh Fri Mar 13 06:01:07 CET 2026
/out/sourcedata/freesurfer/sub-v2s4x29591_ses-1/scripts

 mris_sphere -seed 1234 ../surf/rh.inflated ../surf/rh.sphere 

setting seed for random number genererator to 1234
version: 7.3.2
available threads: 16
reading original vertex positions...
projecting onto sphere...
surface projected - minimizing metric distortion...
scaling brain by 0.322...
MRISunfold() max_passes = 1 -------
tol=5.0e-01, sigma=0.0, host=dna07, nav=1024, nbrs=2, l_area=1.000, l_dist=1.000
using quadratic fit line minimization
complete_dist_mat 0
rms 0
smooth_averages 0
remove_neg 0
ico_order 0
which_surface 0
target_radius 0.000000
nfields 0
scale 1.000000
desired_rms_height -1.000000
momentum 0.900000
nbhd_size 7
max_nbrs 8
niterations 25
nsurfaces 0
SURFACES 3
flags 0 (0)
use curv 0
no sulc 0
no rigid align 0
mris->nsize 2
mris->hemisphere 1
randomSeed 1234

--------------------
  mrisRemoveNegativeArea()
pass 1: epoch 1 of 3 starting distance error %22.97
pass 1: epoch 2 of 3 starting distance error %22.94
unfolding complete - removing small folds...
starting distance error %22.62
removing remaining folds...
final distance error %22.67
MRISunfold() return, current seed 1234
-01: dt=0.0000,  59 negative triangles  VmPeak 1569496
229: dt=0.9900,  59 negative triangles
230: dt=0.9900,  39 negative triangles
231: dt=0.9900,  35 negative triangles
232: dt=0.9900,  28 negative triangles
233: dt=0.9900,  28 negative triangles
234: dt=0.9900,  26 negative triangles
235: dt=0.9900,  23 negative triangles
236: dt=0.9900,  22 negative triangles
237: dt=0.9900,  22 negative triangles
238: dt=0.9900,  20 negative triangles
239: dt=0.9900,  20 negative triangles
240: dt=0.9900,  20 negative triangles
241: dt=0.9900,  20 negative triangles
242: dt=0.9900,  20 negative triangles
243: dt=0.9900,  20 negative triangles
244: dt=0.9900,  21 negative triangles
245: dt=0.9900,  21 negative triangles
246: dt=0.9900,  21 negative triangles
247: dt=0.9900,  21 negative triangles
248: dt=0.9405,  21 negative triangles
249: dt=0.9405,  21 negative triangles
250: dt=0.9405,  21 negative triangles
251: dt=0.9405,  21 negative triangles
252: dt=0.9405,  21 negative triangles
253: dt=0.9405,  21 negative triangles
254: dt=0.9405,  21 negative triangles
255: dt=0.9405,  21 negative triangles
256: dt=0.9405,  21 negative triangles
257: dt=0.9405,  21 negative triangles
258: dt=0.8935,  21 negative triangles
259: dt=0.8935,  21 negative triangles
260: dt=0.8935,  21 negative triangles
261: dt=0.8935,  21 negative triangles
262: dt=0.8935,  21 negative triangles
263: dt=0.8935,  21 negative triangles
264: dt=0.8935,  20 negative triangles
265: dt=0.8935,  21 negative triangles
266: dt=0.8935,  19 negative triangles
267: dt=0.8935,  21 negative triangles
268: dt=0.8935,  21 negative triangles
269: dt=0.8935,  22 negative triangles
270: dt=0.8935,  21 negative triangles
271: dt=0.8935,  20 negative triangles
272: dt=0.8935,  22 negative triangles
273: dt=0.8935,  20 negative triangles
274: dt=0.8935,  22 negative triangles
275: dt=0.8935,  22 negative triangles
276: dt=0.8488,  21 negative triangles
277: dt=0.8488,  23 negative triangles
278: dt=0.8488,  21 negative triangles
279: dt=0.8488,  22 negative triangles
280: dt=0.8488,  22 negative triangles
281: dt=0.8488,  22 negative triangles
282: dt=0.8488,  22 negative triangles
283: dt=0.8488,  22 negative triangles
284: dt=0.8488,  22 negative triangles
285: dt=0.8488,  20 negative triangles
286: dt=0.8064,  21 negative triangles
287: dt=0.8064,  21 negative triangles
288: dt=0.8064,  21 negative triangles
289: dt=0.8064,  21 negative triangles
290: dt=0.8064,  20 negative triangles
291: dt=0.8064,  20 negative triangles
292: dt=0.8064,  20 negative triangles
293: dt=0.8064,  19 negative triangles
294: dt=0.8064,  20 negative triangles
295: dt=0.8064,  20 negative triangles
296: dt=0.7660,  21 negative triangles
297: dt=0.7660,  20 negative triangles
298: dt=0.7660,  22 negative triangles
299: dt=0.7660,  20 negative triangles
300: dt=0.7660,  21 negative triangles
301: dt=0.7660,  20 negative triangles
302: dt=0.7660,  21 negative triangles
303: dt=0.7660,  20 negative triangles
304: dt=0.7660,  21 negative triangles
305: dt=0.7660,  20 negative triangles
306: dt=0.7277,  22 negative triangles
307: dt=0.7277,  20 negative triangles
308: dt=0.7277,  23 negative triangles
309: dt=0.7277,  22 negative triangles
310: dt=0.7277,  23 negative triangles
311: dt=0.7277,  22 negative triangles
312: dt=0.7277,  22 negative triangles
313: dt=0.7277,  21 negative triangles
314: dt=0.7277,  23 negative triangles
315: dt=0.7277,  22 negative triangles
316: dt=0.6914,  23 negative triangles
expanding nbhd size to 1
317: dt=0.9900,  21 negative triangles
318: dt=0.9900,  21 negative triangles
319: dt=0.9900,  21 negative triangles
320: dt=0.9900,  20 negative triangles
321: dt=0.9900,  22 negative triangles
322: dt=0.9900,  23 negative triangles
323: dt=0.9900,  24 negative triangles
324: dt=0.9900,  20 negative triangles
325: dt=0.9900,  19 negative triangles
326: dt=0.9405,  19 negative triangles
327: dt=0.9405,  19 negative triangles
328: dt=0.9405,  20 negative triangles
329: dt=0.9405,  20 negative triangles
330: dt=0.9405,  20 negative triangles
331: dt=0.9405,  19 negative triangles
332: dt=0.9405,  19 negative triangles
333: dt=0.9405,  19 negative triangles
334: dt=0.9405,  19 negative triangles
335: dt=0.9405,  19 negative triangles
336: dt=0.8935,  19 negative triangles
337: dt=0.8935,  19 negative triangles
338: dt=0.8935,  19 negative triangles
339: dt=0.8935,  19 negative triangles
340: dt=0.8935,  19 negative triangles
341: dt=0.8935,  19 negative triangles
342: dt=0.8935,  19 negative triangles
343: dt=0.8935,  19 negative triangles
344: dt=0.8935,  19 negative triangles
345: dt=0.8935,  19 negative triangles
346: dt=0.8488,  19 negative triangles
347: dt=0.8488,  18 negative triangles
348: dt=0.8488,  18 negative triangles
349: dt=0.8488,  18 negative triangles
350: dt=0.8488,  18 negative triangles
351: dt=0.8488,  19 negative triangles
352: dt=0.8488,  18 negative triangles
353: dt=0.8488,  18 negative triangles
354: dt=0.8488,  17 negative triangles
355: dt=0.8488,  18 negative triangles
356: dt=0.8488,  18 negative triangles
357: dt=0.8488,  19 negative triangles
358: dt=0.8488,  19 negative triangles
359: dt=0.8488,  20 negative triangles
360: dt=0.8488,  20 negative triangles
361: dt=0.8488,  20 negative triangles
362: dt=0.8488,  20 negative triangles
363: dt=0.8488,  20 negative triangles
364: dt=0.8064,  20 negative triangles
365: dt=0.8064,  20 negative triangles
366: dt=0.8064,  21 negative triangles
367: dt=0.8064,  21 negative triangles
368: dt=0.8064,  20 negative triangles
369: dt=0.8064,  19 negative triangles
370: dt=0.8064,  19 negative triangles
371: dt=0.8064,  19 negative triangles
372: dt=0.8064,  19 negative triangles
373: dt=0.8064,  19 negative triangles
374: dt=0.7660,  19 negative triangles
375: dt=0.7660,  19 negative triangles
376: dt=0.7660,  19 negative triangles
377: dt=0.7660,  19 negative triangles
378: dt=0.7660,  19 negative triangles
379: dt=0.7660,  19 negative triangles
380: dt=0.7660,  19 negative triangles
381: dt=0.7660,  20 negative triangles
382: dt=0.7660,  19 negative triangles
383: dt=0.7660,  19 negative triangles
384: dt=0.7277,  20 negative triangles
385: dt=0.7277,  19 negative triangles
386: dt=0.7277,  19 negative triangles
387: dt=0.7277,  19 negative triangles
388: dt=0.7277,  18 negative triangles
389: dt=0.7277,  19 negative triangles
390: dt=0.7277,  20 negative triangles
391: dt=0.7277,  19 negative triangles
392: dt=0.7277,  20 negative triangles
393: dt=0.7277,  19 negative triangles
394: dt=0.6914,  19 negative triangles
395: dt=0.6914,  20 negative triangles
396: dt=0.6914,  21 negative triangles
397: dt=0.6914,  18 negative triangles
398: dt=0.6914,  21 negative triangles
399: dt=0.6914,  21 negative triangles
400: dt=0.6914,  19 negative triangles
401: dt=0.6914,  20 negative triangles
402: dt=0.6914,  19 negative triangles
403: dt=0.6914,  21 negative triangles
404: dt=0.6568,  20 negative triangles
405: dt=0.6568,  20 negative triangles
406: dt=0.6568,  19 negative triangles
407: dt=0.6568,  20 negative triangles
408: dt=0.6568,  19 negative triangles
409: dt=0.6568,  20 negative triangles
410: dt=0.6568,  21 negative triangles
411: dt=0.6568,  21 negative triangles
412: dt=0.6568,  20 negative triangles
413: dt=0.6568,  20 negative triangles
414: dt=0.6239,  20 negative triangles
415: dt=0.6239,  19 negative triangles
416: dt=0.6239,  21 negative triangles
417: dt=0.6239,  21 negative triangles
418: dt=0.6239,  21 negative triangles
419: dt=0.6239,  21 negative triangles
420: dt=0.6239,  21 negative triangles
421: dt=0.6239,  19 negative triangles
422: dt=0.6239,  20 negative triangles
423: dt=0.6239,  20 negative triangles
424: dt=0.5927,  21 negative triangles
425: dt=0.5927,  21 negative triangles
426: dt=0.5927,  21 negative triangles
427: dt=0.5927,  21 negative triangles
428: dt=0.5927,  20 negative triangles
429: dt=0.5927,  20 negative triangles
430: dt=0.5927,  20 negative triangles
431: dt=0.5927,  21 negative triangles
432: dt=0.5927,  21 negative triangles
433: dt=0.5927,  21 negative triangles
434: dt=0.5631,  20 negative triangles
435: dt=0.5631,  21 negative triangles
436: dt=0.5631,  21 negative triangles
437: dt=0.5631,  21 negative triangles
438: dt=0.5631,  21 negative triangles
439: dt=0.5631,  21 negative triangles
440: dt=0.5631,  21 negative triangles
441: dt=0.5631,  21 negative triangles
442: dt=0.5631,  21 negative triangles
443: dt=0.5631,  21 negative triangles
444: dt=0.5350,  21 negative triangles
445: dt=0.5350,  21 negative triangles
446: dt=0.5350,  20 negative triangles
447: dt=0.5350,  20 negative triangles
448: dt=0.5350,  20 negative triangles
449: dt=0.5350,  20 negative triangles
450: dt=0.5350,  21 negative triangles
451: dt=0.5350,  20 negative triangles
452: dt=0.5350,  20 negative triangles
453: dt=0.5350,  20 negative triangles
454: dt=0.5082,  21 negative triangles
455: dt=0.5082,  19 negative triangles
456: dt=0.5082,  19 negative triangles
457: dt=0.5082,  21 negative triangles
458: dt=0.5082,  21 negative triangles
459: dt=0.5082,  21 negative triangles
460: dt=0.5082,  20 negative triangles
461: dt=0.5082,  20 negative triangles
462: dt=0.5082,  20 negative triangles
463: dt=0.5082,  19 negative triangles
464: dt=0.4828,  21 negative triangles
465: dt=0.4828,  21 negative triangles
466: dt=0.4828,  21 negative triangles
467: dt=0.4828,  20 negative triangles
468: dt=0.4828,  20 negative triangles
469: dt=0.4828,  21 negative triangles
470: dt=0.4828,  20 negative triangles
471: dt=0.4828,  20 negative triangles
472: dt=0.4828,  19 negative triangles
473: dt=0.4828,  21 negative triangles
474: dt=0.4587,  21 negative triangles
475: dt=0.4587,  21 negative triangles
476: dt=0.4587,  21 negative triangles
477: dt=0.4587,  21 negative triangles
478: dt=0.4587,  21 negative triangles
479: dt=0.4587,  19 negative triangles
480: dt=0.4587,  20 negative triangles
481: dt=0.4587,  21 negative triangles
482: dt=0.4587,  21 negative triangles
483: dt=0.4587,  20 negative triangles
484: dt=0.4357,  21 negative triangles
485: dt=0.4357,  21 negative triangles
486: dt=0.4357,  21 negative triangles
487: dt=0.4357,  20 negative triangles
488: dt=0.4357,  20 negative triangles
489: dt=0.4357,  20 negative triangles
490: dt=0.4357,  20 negative triangles
491: dt=0.4357,  20 negative triangles
492: dt=0.4357,  21 negative triangles
493: dt=0.4357,  21 negative triangles
494: dt=0.4139,  21 negative triangles
495: dt=0.4139,  21 negative triangles
496: dt=0.4139,  20 negative triangles
497: dt=0.4139,  20 negative triangles
498: dt=0.4139,  19 negative triangles
499: dt=0.4139,  21 negative triangles
500: dt=0.4139,  19 negative triangles
501: dt=0.4139,  20 negative triangles
502: dt=0.4139,  21 negative triangles
503: dt=0.4139,  21 negative triangles
504: dt=0.3932,  19 negative triangles
505: dt=0.3932,  21 negative triangles
506: dt=0.3932,  21 negative triangles
507: dt=0.3932,  20 negative triangles
508: dt=0.3932,  19 negative triangles
509: dt=0.3932,  21 negative triangles
510: dt=0.3932,  20 negative triangles
511: dt=0.3932,  21 negative triangles
512: dt=0.3932,  20 negative triangles
513: dt=0.3932,  19 negative triangles
514: dt=0.3736,  19 negative triangles
515: dt=0.3736,  20 negative triangles
516: dt=0.3736,  18 negative triangles
517: dt=0.3736,  18 negative triangles
518: dt=0.3736,  20 negative triangles
519: dt=0.3736,  20 negative triangles
520: dt=0.3736,  20 negative triangles
521: dt=0.3736,  20 negative triangles
522: dt=0.3736,  20 negative triangles
523: dt=0.3736,  20 negative triangles
524: dt=0.3549,  19 negative triangles
525: dt=0.3549,  20 negative triangles
526: dt=0.3549,  20 negative triangles
527: dt=0.3549,  20 negative triangles
528: dt=0.3549,  20 negative triangles
529: dt=0.3549,  20 negative triangles
530: dt=0.3549,  20 negative triangles
531: dt=0.3549,  20 negative triangles
532: dt=0.3549,  20 negative triangles
533: dt=0.3549,  20 negative triangles
534: dt=0.3372,  20 negative triangles
535: dt=0.3372,  20 negative triangles
536: dt=0.3372,  20 negative triangles
537: dt=0.3372,  20 negative triangles
538: dt=0.3372,  20 negative triangles
539: dt=0.3372,  20 negative triangles
540: dt=0.3372,  20 negative triangles
541: dt=0.3372,  20 negative triangles
542: dt=0.3372,  19 negative triangles
543: dt=0.3372,  20 negative triangles
544: dt=0.3203,  20 negative triangles
545: dt=0.3203,  20 negative triangles
546: dt=0.3203,  20 negative triangles
547: dt=0.3203,  20 negative triangles
548: dt=0.3203,  20 negative triangles
549: dt=0.3203,  20 negative triangles
550: dt=0.3203,  20 negative triangles
551: dt=0.3203,  20 negative triangles
552: dt=0.3203,  20 negative triangles
553: dt=0.3203,  20 negative triangles
554: dt=0.3043,  18 negative triangles
555: dt=0.3043,  19 negative triangles
556: dt=0.3043,  18 negative triangles
557: dt=0.3043,  19 negative triangles
558: dt=0.3043,  19 negative triangles
559: dt=0.3043,  18 negative triangles
560: dt=0.3043,  19 negative triangles
561: dt=0.3043,  19 negative triangles
562: dt=0.3043,  18 negative triangles
563: dt=0.3043,  18 negative triangles
564: dt=0.2891,  18 negative triangles
565: dt=0.2891,  18 negative triangles
566: dt=0.2891,  18 negative triangles
567: dt=0.2891,  19 negative triangles
568: dt=0.2891,  19 negative triangles
569: dt=0.2891,  18 negative triangles
570: dt=0.2891,  20 negative triangles
571: dt=0.2891,  20 negative triangles
572: dt=0.2891,  20 negative triangles
573: dt=0.2891,  20 negative triangles
574: dt=0.2746,  20 negative triangles
575: dt=0.2746,  19 negative triangles
576: dt=0.2746,  20 negative triangles
577: dt=0.2746,  20 negative triangles
578: dt=0.2746,  20 negative triangles
579: dt=0.2746,  20 negative triangles
580: dt=0.2746,  19 negative triangles
581: dt=0.2746,  18 negative triangles
582: dt=0.2746,  19 negative triangles
583: dt=0.2746,  18 negative triangles
584: dt=0.2609,  18 negative triangles
585: dt=0.2609,  19 negative triangles
586: dt=0.2609,  20 negative triangles
587: dt=0.2609,  20 negative triangles
588: dt=0.2609,  20 negative triangles
589: dt=0.2609,  19 negative triangles
590: dt=0.2609,  19 negative triangles
591: dt=0.2609,  18 negative triangles
592: dt=0.2609,  19 negative triangles
593: dt=0.2609,  19 negative triangles
594: dt=0.2478,  19 negative triangles
595: dt=0.2478,  20 negative triangles
596: dt=0.2478,  19 negative triangles
597: dt=0.2478,  18 negative triangles
598: dt=0.2478,  18 negative triangles
599: dt=0.2478,  18 negative triangles
600: dt=0.2478,  18 negative triangles
601: dt=0.2478,  17 negative triangles
602: dt=0.2478,  19 negative triangles
603: dt=0.2478,  19 negative triangles
604: dt=0.2354,  20 negative triangles
605: dt=0.2354,  20 negative triangles
606: dt=0.2354,  17 negative triangles
607: dt=0.2354,  19 negative triangles
608: dt=0.2354,  20 negative triangles
609: dt=0.2354,  20 negative triangles
610: dt=0.2354,  19 negative triangles
611: dt=0.2354,  17 negative triangles
612: dt=0.2354,  18 negative triangles
613: dt=0.2354,  18 negative triangles
614: dt=0.2237,  18 negative triangles
615: dt=0.2237,  18 negative triangles
616: dt=0.2237,  19 negative triangles
617: dt=0.2237,  19 negative triangles
618: dt=0.2237,  18 negative triangles
619: dt=0.2237,  19 negative triangles
620: dt=0.2237,  18 negative triangles
621: dt=0.2237,  18 negative triangles
622: dt=0.2237,  17 negative triangles
623: dt=0.2237,  17 negative triangles
624: dt=0.2125,  19 negative triangles
625: dt=0.2125,  19 negative triangles
626: dt=0.2125,  20 negative triangles
627: dt=0.2125,  20 negative triangles
628: dt=0.2125,  18 negative triangles
629: dt=0.2125,  18 negative triangles
630: dt=0.2125,  18 negative triangles
631: dt=0.2125,  18 negative triangles
632: dt=0.2125,  18 negative triangles
633: dt=0.2125,  18 negative triangles
634: dt=0.2019,  20 negative triangles
635: dt=0.2019,  20 negative triangles
636: dt=0.2019,  19 negative triangles
637: dt=0.2019,  18 negative triangles
638: dt=0.2019,  17 negative triangles
639: dt=0.2019,  18 negative triangles
640: dt=0.2019,  19 negative triangles
641: dt=0.2019,  20 negative triangles
642: dt=0.2019,  20 negative triangles
643: dt=0.2019,  20 negative triangles
644: dt=0.1918,  20 negative triangles
645: dt=0.1918,  19 negative triangles
646: dt=0.1918,  19 negative triangles
647: dt=0.1918,  18 negative triangles
648: dt=0.1918,  18 negative triangles
649: dt=0.1918,  18 negative triangles
650: dt=0.1918,  18 negative triangles
651: dt=0.1918,  18 negative triangles
652: dt=0.1918,  18 negative triangles
653: dt=0.1918,  18 negative triangles
654: dt=0.1822,  17 negative triangles
655: dt=0.1822,  17 negative triangles
656: dt=0.1822,  19 negative triangles
657: dt=0.1822,  17 negative triangles
658: dt=0.1822,  19 negative triangles
659: dt=0.1822,  17 negative triangles
660: dt=0.1822,  19 negative triangles
661: dt=0.1822,  18 negative triangles
662: dt=0.1822,  17 negative triangles
663: dt=0.1822,  17 negative triangles
664: dt=0.1731,  17 negative triangles
665: dt=0.1731,  17 negative triangles
666: dt=0.1731,  17 negative triangles
667: dt=0.1731,  17 negative triangles
668: dt=0.1731,  19 negative triangles
669: dt=0.1731,  19 negative triangles
670: dt=0.1731,  19 negative triangles
671: dt=0.1731,  18 negative triangles
672: dt=0.1731,  19 negative triangles
673: dt=0.1731,  18 negative triangles
674: dt=0.1644,  19 negative triangles
675: dt=0.1644,  19 negative triangles
676: dt=0.1644,  19 negative triangles
677: dt=0.1644,  19 negative triangles
678: dt=0.1644,  19 negative triangles
679: dt=0.1644,  18 negative triangles
680: dt=0.1644,  18 negative triangles
681: dt=0.1644,  18 negative triangles
682: dt=0.1644,  18 negative triangles
683: dt=0.1644,  18 negative triangles
684: dt=0.1562,  18 negative triangles
685: dt=0.1562,  19 negative triangles
686: dt=0.1562,  19 negative triangles
687: dt=0.1562,  18 negative triangles
688: dt=0.1562,  19 negative triangles
689: dt=0.1562,  19 negative triangles
690: dt=0.1562,  18 negative triangles
691: dt=0.1562,  19 negative triangles
692: dt=0.1562,  19 negative triangles
693: dt=0.1562,  18 negative triangles
694: dt=0.1484,  18 negative triangles
695: dt=0.1484,  18 negative triangles
696: dt=0.1484,  18 negative triangles
697: dt=0.1484,  18 negative triangles
698: dt=0.1484,  18 negative triangles
699: dt=0.1484,  19 negative triangles
700: dt=0.1484,  19 negative triangles
701: dt=0.1484,  19 negative triangles
702: dt=0.1484,  19 negative triangles
703: dt=0.1484,  19 negative triangles
704: dt=0.1410,  19 negative triangles
705: dt=0.1410,  18 negative triangles
706: dt=0.1410,  19 negative triangles
707: dt=0.1410,  19 negative triangles
708: dt=0.1410,  19 negative triangles
709: dt=0.1410,  19 negative triangles
710: dt=0.1410,  19 negative triangles
711: dt=0.1410,  17 negative triangles
712: dt=0.1410,  18 negative triangles
713: dt=0.1410,  19 negative triangles
714: dt=0.1339,  19 negative triangles
715: dt=0.1339,  19 negative triangles
716: dt=0.1339,  19 negative triangles
717: dt=0.1339,  19 negative triangles
718: dt=0.1339,  19 negative triangles
719: dt=0.1339,  19 negative triangles
720: dt=0.1339,  18 negative triangles
721: dt=0.1339,  19 negative triangles
722: dt=0.1339,  19 negative triangles
723: dt=0.1339,  18 negative triangles
724: dt=0.1272,  18 negative triangles
725: dt=0.1272,  18 negative triangles
726: dt=0.1272,  17 negative triangles
727: dt=0.1272,  18 negative triangles
728: dt=0.1272,  18 negative triangles
729: dt=0.1272,  18 negative triangles
730: dt=0.1272,  17 negative triangles
731: dt=0.1272,  18 negative triangles
732: dt=0.1272,  17 negative triangles
733: dt=0.1272,  17 negative triangles
734: dt=0.1272,  16 negative triangles
735: dt=0.1272,  16 negative triangles
736: dt=0.1272,  17 negative triangles
737: dt=0.1272,  18 negative triangles
738: dt=0.1272,  18 negative triangles
739: dt=0.1272,  18 negative triangles
740: dt=0.1272,  18 negative triangles
741: dt=0.1272,  18 negative triangles
742: dt=0.1272,  18 negative triangles
743: dt=0.1272,  18 negative triangles
744: dt=0.1209,  18 negative triangles
745: dt=0.1209,  18 negative triangles
746: dt=0.1209,  19 negative triangles
747: dt=0.1209,  19 negative triangles
748: dt=0.1209,  18 negative triangles
749: dt=0.1209,  17 negative triangles
750: dt=0.1209,  17 negative triangles
751: dt=0.1209,  17 negative triangles
752: dt=0.1209,  18 negative triangles
753: dt=0.1209,  17 negative triangles
754: dt=0.1148,  17 negative triangles
755: dt=0.1148,  17 negative triangles
756: dt=0.1148,  19 negative triangles
757: dt=0.1148,  19 negative triangles
758: dt=0.1148,  19 negative triangles
759: dt=0.1148,  19 negative triangles
760: dt=0.1148,  19 negative triangles
761: dt=0.1148,  19 negative triangles
762: dt=0.1148,  18 negative triangles
763: dt=0.1148,  19 negative triangles
764: dt=0.1091,  19 negative triangles
765: dt=0.1091,  17 negative triangles
766: dt=0.1091,  17 negative triangles
767: dt=0.1091,  17 negative triangles
768: dt=0.1091,  19 negative triangles
769: dt=0.1091,  19 negative triangles
770: dt=0.1091,  19 negative triangles
771: dt=0.1091,  18 negative triangles
772: dt=0.1091,  17 negative triangles
773: dt=0.1091,  17 negative triangles
774: dt=0.1036,  18 negative triangles
775: dt=0.1036,  18 negative triangles
776: dt=0.1036,  17 negative triangles
777: dt=0.1036,  17 negative triangles
778: dt=0.1036,  17 negative triangles
779: dt=0.1036,  18 negative triangles
780: dt=0.1036,  19 negative triangles
781: dt=0.1036,  19 negative triangles
782: dt=0.1036,  19 negative triangles
783: dt=0.1036,  19 negative triangles
784: dt=0.0984,  19 negative triangles
785: dt=0.0984,  17 negative triangles
786: dt=0.0984,  17 negative triangles
787: dt=0.0984,  17 negative triangles
788: dt=0.0984,  18 negative triangles
789: dt=0.0984,  19 negative triangles
790: dt=0.0984,  19 negative triangles
791: dt=0.0984,  19 negative triangles
792: dt=0.0984,  19 negative triangles
793: dt=0.0984,  18 negative triangles
794: dt=0.0935,  19 negative triangles
795: dt=0.0935,  18 negative triangles
796: dt=0.0935,  17 negative triangles
797: dt=0.0935,  19 negative triangles
798: dt=0.0935,  18 negative triangles
799: dt=0.0935,  19 negative triangles
800: dt=0.0935,  18 negative triangles
801: dt=0.0935,  18 negative triangles
802: dt=0.0935,  17 negative triangles
803: dt=0.0935,  17 negative triangles
804: dt=0.0888,  19 negative triangles
805: dt=0.0888,  19 negative triangles
806: dt=0.0888,  18 negative triangles
807: dt=0.0888,  19 negative triangles
808: dt=0.0888,  19 negative triangles
809: dt=0.0888,  19 negative triangles
810: dt=0.0888,  19 negative triangles
811: dt=0.0888,  19 negative triangles
812: dt=0.0888,  19 negative triangles
813: dt=0.0888,  18 negative triangles
814: dt=0.0844,  17 negative triangles
815: dt=0.0844,  17 negative triangles
816: dt=0.0844,  15 negative triangles
817: dt=0.0844,  16 negative triangles
818: dt=0.0844,  17 negative triangles
819: dt=0.0844,  17 negative triangles
820: dt=0.0844,  17 negative triangles
821: dt=0.0844,  18 negative triangles
822: dt=0.0844,  16 negative triangles
823: dt=0.0844,  16 negative triangles
824: dt=0.0844,  16 negative triangles
825: dt=0.0844,  17 negative triangles
826: dt=0.0802,  16 negative triangles
827: dt=0.0802,  16 negative triangles
828: dt=0.0802,  16 negative triangles
829: dt=0.0802,  17 negative triangles
830: dt=0.0802,  17 negative triangles
831: dt=0.0802,  16 negative triangles
832: dt=0.0802,  17 negative triangles
833: dt=0.0802,  15 negative triangles
834: dt=0.0802,  17 negative triangles
835: dt=0.0802,  16 negative triangles
836: dt=0.0762,  17 negative triangles
837: dt=0.0762,  18 negative triangles
838: dt=0.0762,  17 negative triangles
839: dt=0.0762,  17 negative triangles
840: dt=0.0762,  16 negative triangles
841: dt=0.0762,  15 negative triangles
842: dt=0.0762,  16 negative triangles
843: dt=0.0762,  17 negative triangles
844: dt=0.0762,  16 negative triangles
845: dt=0.0762,  16 negative triangles
846: dt=0.0724,  17 negative triangles
847: dt=0.0724,  18 negative triangles
848: dt=0.0724,  17 negative triangles
849: dt=0.0724,  18 negative triangles
850: dt=0.0724,  18 negative triangles
851: dt=0.0724,  18 negative triangles
852: dt=0.0724,  16 negative triangles
853: dt=0.0724,  16 negative triangles
854: dt=0.0724,  16 negative triangles
855: dt=0.0724,  16 negative triangles
856: dt=0.0687,  15 negative triangles
857: dt=0.0687,  15 negative triangles
858: dt=0.0687,  15 negative triangles
859: dt=0.0687,  15 negative triangles
860: dt=0.0687,  15 negative triangles
861: dt=0.0687,  15 negative triangles
862: dt=0.0687,  17 negative triangles
863: dt=0.0687,  18 negative triangles
864: dt=0.0687,  18 negative triangles
865: dt=0.0687,  17 negative triangles
866: dt=0.0653,  16 negative triangles
867: dt=0.0653,  17 negative triangles
868: dt=0.0653,  17 negative triangles
869: dt=0.0653,  18 negative triangles
870: dt=0.0653,  18 negative triangles
871: dt=0.0653,  17 negative triangles
872: dt=0.0653,  17 negative triangles
873: dt=0.0653,  17 negative triangles
874: dt=0.0653,  17 negative triangles
875: dt=0.0653,  18 negative triangles
876: dt=0.0620,  18 negative triangles
877: dt=0.0620,  17 negative triangles
878: dt=0.0620,  17 negative triangles
879: dt=0.0620,  17 negative triangles
880: dt=0.0620,  17 negative triangles
881: dt=0.0620,  16 negative triangles
882: dt=0.0620,  16 negative triangles
883: dt=0.0620,  16 negative triangles
884: dt=0.0620,  16 negative triangles
885: dt=0.0620,  16 negative triangles
886: dt=0.0589,  16 negative triangles
887: dt=0.0589,  16 negative triangles
888: dt=0.0589,  16 negative triangles
889: dt=0.0589,  16 negative triangles
890: dt=0.0589,  17 negative triangles
891: dt=0.0589,  17 negative triangles
892: dt=0.0589,  17 negative triangles
893: dt=0.0589,  17 negative triangles
894: dt=0.0589,  17 negative triangles
895: dt=0.0589,  16 negative triangles
896: dt=0.0560,  17 negative triangles
897: dt=0.0560,  17 negative triangles
898: dt=0.0560,  16 negative triangles
899: dt=0.0560,  16 negative triangles
900: dt=0.0560,  16 negative triangles
901: dt=0.0560,  16 negative triangles
902: dt=0.0560,  17 negative triangles
903: dt=0.0560,  17 negative triangles
904: dt=0.0560,  17 negative triangles
905: dt=0.0560,  16 negative triangles
906: dt=0.0532,  17 negative triangles
907: dt=0.0532,  18 negative triangles
908: dt=0.0532,  16 negative triangles
909: dt=0.0532,  16 negative triangles
910: dt=0.0532,  17 negative triangles
911: dt=0.0532,  18 negative triangles
912: dt=0.0532,  17 negative triangles
913: dt=0.0532,  17 negative triangles
914: dt=0.0532,  17 negative triangles
915: dt=0.0532,  17 negative triangles
916: dt=0.0505,  18 negative triangles
917: dt=0.0505,  18 negative triangles
918: dt=0.0505,  18 negative triangles
919: dt=0.0505,  18 negative triangles
920: dt=0.0505,  18 negative triangles
921: dt=0.0505,  18 negative triangles
922: dt=0.0505,  18 negative triangles
923: dt=0.0505,  18 negative triangles
924: dt=0.0505,  18 negative triangles
925: dt=0.0505,  17 negative triangles
926: dt=0.0480,  17 negative triangles
927: dt=0.0480,  17 negative triangles
928: dt=0.0480,  17 negative triangles
929: dt=0.0480,  17 negative triangles
930: dt=0.0480,  17 negative triangles
931: dt=0.0480,  17 negative triangles
932: dt=0.0480,  18 negative triangles
933: dt=0.0480,  18 negative triangles
934: dt=0.0480,  17 negative triangles
935: dt=0.0480,  17 negative triangles
936: dt=0.0456,  17 negative triangles
937: dt=0.0456,  17 negative triangles
938: dt=0.0456,  17 negative triangles
939: dt=0.0456,  17 negative triangles
940: dt=0.0456,  17 negative triangles
941: dt=0.0456,  17 negative triangles
942: dt=0.0456,  17 negative triangles
943: dt=0.0456,  17 negative triangles
944: dt=0.0456,  17 negative triangles
945: dt=0.0456,  17 negative triangles
946: dt=0.0433,  17 negative triangles
947: dt=0.0433,  17 negative triangles
948: dt=0.0433,  17 negative triangles
949: dt=0.0433,  17 negative triangles
950: dt=0.0433,  18 negative triangles
951: dt=0.0433,  18 negative triangles
952: dt=0.0433,  18 negative triangles
953: dt=0.0433,  18 negative triangles
954: dt=0.0433,  17 negative triangles
955: dt=0.0433,  17 negative triangles
956: dt=0.0412,  17 negative triangles
957: dt=0.0412,  17 negative triangles
958: dt=0.0412,  17 negative triangles
959: dt=0.0412,  17 negative triangles
960: dt=0.0412,  17 negative triangles
961: dt=0.0412,  16 negative triangles
962: dt=0.0412,  16 negative triangles
963: dt=0.0412,  16 negative triangles
964: dt=0.0412,  16 negative triangles
965: dt=0.0412,  16 negative triangles
966: dt=0.0391,  16 negative triangles
967: dt=0.0391,  16 negative triangles
968: dt=0.0391,  16 negative triangles
969: dt=0.0391,  16 negative triangles
970: dt=0.0391,  16 negative triangles
971: dt=0.0391,  16 negative triangles
972: dt=0.0391,  16 negative triangles
973: dt=0.0391,  16 negative triangles
974: dt=0.0391,  16 negative triangles
975: dt=0.0391,  16 negative triangles
976: dt=0.0371,  16 negative triangles
977: dt=0.0371,  16 negative triangles
978: dt=0.0371,  16 negative triangles
979: dt=0.0371,  16 negative triangles
980: dt=0.0371,  16 negative triangles
981: dt=0.0371,  16 negative triangles
982: dt=0.0371,  16 negative triangles
983: dt=0.0371,  16 negative triangles
984: dt=0.0371,  16 negative triangles
985: dt=0.0371,  17 negative triangles
986: dt=0.0353,  17 negative triangles
987: dt=0.0353,  17 negative triangles
988: dt=0.0353,  17 negative triangles
989: dt=0.0353,  17 negative triangles
990: dt=0.0353,  17 negative triangles
991: dt=0.0353,  15 negative triangles
992: dt=0.0353,  15 negative triangles
993: dt=0.0353,  15 negative triangles
994: dt=0.0353,  16 negative triangles
995: dt=0.0353,  16 negative triangles
996: dt=0.0335,  16 negative triangles
997: dt=0.0335,  16 negative triangles
998: dt=0.0335,  15 negative triangles
999: dt=0.0335,  15 negative triangles
1000: dt=0.0335,  15 negative triangles
1001: dt=0.0335,  15 negative triangles
1002: dt=0.0335,  15 negative triangles
1003: dt=0.0335,  15 negative triangles
1004: dt=0.0335,  16 negative triangles
1005: dt=0.0335,  16 negative triangles
1006: dt=0.0319,  16 negative triangles
1007: dt=0.0319,  16 negative triangles
1008: dt=0.0319,  16 negative triangles
1009: dt=0.0319,  15 negative triangles
1010: dt=0.0319,  15 negative triangles
1011: dt=0.0319,  15 negative triangles
1012: dt=0.0319,  16 negative triangles
1013: dt=0.0319,  17 negative triangles
1014: dt=0.0319,  16 negative triangles
1015: dt=0.0319,  16 negative triangles
1016: dt=0.0303,  17 negative triangles
1017: dt=0.0303,  17 negative triangles
1018: dt=0.0303,  16 negative triangles
1019: dt=0.0303,  17 negative triangles
1020: dt=0.0303,  17 negative triangles
1021: dt=0.0303,  17 negative triangles
1022: dt=0.0303,  16 negative triangles
1023: dt=0.0303,  16 negative triangles
1024: dt=0.0303,  16 negative triangles
1025: dt=0.0303,  17 negative triangles
1026: dt=0.0287,  17 negative triangles
1027: dt=0.0287,  17 negative triangles
1028: dt=0.0287,  17 negative triangles
1029: dt=0.0287,  18 negative triangles
1030: dt=0.0287,  18 negative triangles
1031: dt=0.0287,  18 negative triangles
1032: dt=0.0287,  18 negative triangles
1033: dt=0.0287,  18 negative triangles
1034: dt=0.0287,  18 negative triangles
1035: dt=0.0287,  18 negative triangles
1036: dt=0.0273,  17 negative triangles
1037: dt=0.0273,  18 negative triangles
1038: dt=0.0273,  18 negative triangles
1039: dt=0.0273,  18 negative triangles
1040: dt=0.0273,  18 negative triangles
1041: dt=0.0273,  18 negative triangles
1042: dt=0.0273,  17 negative triangles
1043: dt=0.0273,  17 negative triangles
1044: dt=0.0273,  17 negative triangles
1045: dt=0.0273,  17 negative triangles
1046: dt=0.0259,  17 negative triangles
1047: dt=0.0259,  17 negative triangles
1048: dt=0.0259,  16 negative triangles
1049: dt=0.0259,  15 negative triangles
1050: dt=0.0259,  16 negative triangles
1051: dt=0.0259,  16 negative triangles
1052: dt=0.0259,  16 negative triangles
1053: dt=0.0259,  16 negative triangles
1054: dt=0.0259,  16 negative triangles
1055: dt=0.0259,  16 negative triangles
1056: dt=0.0246,  16 negative triangles
1057: dt=0.0246,  16 negative triangles
1058: dt=0.0246,  17 negative triangles
1059: dt=0.0246,  17 negative triangles
1060: dt=0.0246,  17 negative triangles
1061: dt=0.0246,  18 negative triangles
1062: dt=0.0246,  18 negative triangles
1063: dt=0.0246,  18 negative triangles
1064: dt=0.0246,  17 negative triangles
1065: dt=0.0246,  17 negative triangles
1066: dt=0.0234,  17 negative triangles
1067: dt=0.0234,  17 negative triangles
1068: dt=0.0234,  17 negative triangles
1069: dt=0.0234,  17 negative triangles
1070: dt=0.0234,  17 negative triangles
1071: dt=0.0234,  17 negative triangles
1072: dt=0.0234,  17 negative triangles
1073: dt=0.0234,  17 negative triangles
1074: dt=0.0234,  17 negative triangles
1075: dt=0.0234,  17 negative triangles
1076: dt=0.0222,  17 negative triangles
1077: dt=0.0222,  17 negative triangles
1078: dt=0.0222,  17 negative triangles
1079: dt=0.0222,  17 negative triangles
1080: dt=0.0222,  17 negative triangles
1081: dt=0.0222,  16 negative triangles
1082: dt=0.0222,  16 negative triangles
1083: dt=0.0222,  16 negative triangles
1084: dt=0.0222,  15 negative triangles
1085: dt=0.0222,  15 negative triangles
1086: dt=0.0211,  15 negative triangles
1087: dt=0.0211,  15 negative triangles
1088: dt=0.0211,  15 negative triangles
1089: dt=0.0211,  16 negative triangles
1090: dt=0.0211,  16 negative triangles
1091: dt=0.0211,  15 negative triangles
1092: dt=0.0211,  14 negative triangles
1093: dt=0.0211,  16 negative triangles
1094: dt=0.0211,  15 negative triangles
1095: dt=0.0211,  15 negative triangles
1096: dt=0.0211,  17 negative triangles
1097: dt=0.0211,  17 negative triangles
1098: dt=0.0211,  17 negative triangles
1099: dt=0.0211,  17 negative triangles
1100: dt=0.0211,  17 negative triangles
1101: dt=0.0211,  17 negative triangles
1102: dt=0.0201,  17 negative triangles
1103: dt=0.0201,  17 negative triangles
1104: dt=0.0201,  17 negative triangles
1105: dt=0.0201,  17 negative triangles
1106: dt=0.0201,  17 negative triangles
1107: dt=0.0201,  17 negative triangles
1108: dt=0.0201,  16 negative triangles
1109: dt=0.0201,  16 negative triangles
1110: dt=0.0201,  16 negative triangles
1111: dt=0.0201,  16 negative triangles
1112: dt=0.0191,  16 negative triangles
1113: dt=0.0191,  15 negative triangles
1114: dt=0.0191,  15 negative triangles
1115: dt=0.0191,  15 negative triangles
1116: dt=0.0191,  15 negative triangles
1117: dt=0.0191,  15 negative triangles
1118: dt=0.0191,  15 negative triangles
1119: dt=0.0191,  15 negative triangles
1120: dt=0.0191,  16 negative triangles
1121: dt=0.0191,  16 negative triangles
1122: dt=0.0181,  16 negative triangles
1123: dt=0.0181,  16 negative triangles
1124: dt=0.0181,  16 negative triangles
1125: dt=0.0181,  16 negative triangles
1126: dt=0.0181,  16 negative triangles
1127: dt=0.0181,  16 negative triangles
1128: dt=0.0181,  16 negative triangles
1129: dt=0.0181,  16 negative triangles
1130: dt=0.0181,  16 negative triangles
1131: dt=0.0181,  16 negative triangles
1132: dt=0.0172,  16 negative triangles
1133: dt=0.0172,  16 negative triangles
1134: dt=0.0172,  16 negative triangles
1135: dt=0.0172,  16 negative triangles
1136: dt=0.0172,  16 negative triangles
1137: dt=0.0172,  16 negative triangles
1138: dt=0.0172,  16 negative triangles
1139: dt=0.0172,  16 negative triangles
1140: dt=0.0172,  16 negative triangles
1141: dt=0.0172,  16 negative triangles
1142: dt=0.0164,  16 negative triangles
1143: dt=0.0164,  16 negative triangles
1144: dt=0.0164,  16 negative triangles
1145: dt=0.0164,  16 negative triangles
1146: dt=0.0164,  16 negative triangles
1147: dt=0.0164,  16 negative triangles
1148: dt=0.0164,  16 negative triangles
1149: dt=0.0164,  16 negative triangles
1150: dt=0.0164,  16 negative triangles
1151: dt=0.0164,  16 negative triangles
1152: dt=0.0155,  16 negative triangles
1153: dt=0.0155,  16 negative triangles
1154: dt=0.0155,  16 negative triangles
1155: dt=0.0155,  16 negative triangles
1156: dt=0.0155,  16 negative triangles
1157: dt=0.0155,  16 negative triangles
1158: dt=0.0155,  16 negative triangles
1159: dt=0.0155,  16 negative triangles
1160: dt=0.0155,  16 negative triangles
1161: dt=0.0155,  16 negative triangles
1162: dt=0.0148,  15 negative triangles
1163: dt=0.0148,  15 negative triangles
1164: dt=0.0148,  15 negative triangles
1165: dt=0.0148,  16 negative triangles
1166: dt=0.0148,  16 negative triangles
1167: dt=0.0148,  15 negative triangles
1168: dt=0.0148,  15 negative triangles
1169: dt=0.0148,  15 negative triangles
1170: dt=0.0148,  15 negative triangles
1171: dt=0.0148,  15 negative triangles
1172: dt=0.0140,  15 negative triangles
1173: dt=0.0140,  15 negative triangles
1174: dt=0.0140,  15 negative triangles
1175: dt=0.0140,  15 negative triangles
1176: dt=0.0140,  15 negative triangles
1177: dt=0.0140,  15 negative triangles
1178: dt=0.0140,  17 negative triangles
1179: dt=0.0140,  17 negative triangles
1180: dt=0.0140,  18 negative triangles
1181: dt=0.0140,  18 negative triangles
1182: dt=0.0133,  18 negative triangles
1183: dt=0.0133,  18 negative triangles
1184: dt=0.0133,  18 negative triangles
1185: dt=0.0133,  18 negative triangles
1186: dt=0.0133,  17 negative triangles
1187: dt=0.0133,  16 negative triangles
1188: dt=0.0133,  16 negative triangles
1189: dt=0.0133,  16 negative triangles
1190: dt=0.0133,  16 negative triangles
1191: dt=0.0133,  16 negative triangles
1192: dt=0.0127,  17 negative triangles
1193: dt=0.0127,  17 negative triangles
1194: dt=0.0127,  17 negative triangles
1195: dt=0.0127,  17 negative triangles
1196: dt=0.0127,  17 negative triangles
1197: dt=0.0127,  17 negative triangles
1198: dt=0.0127,  17 negative triangles
1199: dt=0.0127,  17 negative triangles
1200: dt=0.0127,  17 negative triangles
1201: dt=0.0127,  17 negative triangles
1202: dt=0.0120,  17 negative triangles
1203: dt=0.0120,  17 negative triangles
1204: dt=0.0120,  17 negative triangles
1205: dt=0.0120,  17 negative triangles
1206: dt=0.0120,  17 negative triangles
1207: dt=0.0120,  16 negative triangles
1208: dt=0.0120,  16 negative triangles
1209: dt=0.0120,  15 negative triangles
1210: dt=0.0120,  15 negative triangles
1211: dt=0.0120,  15 negative triangles
1212: dt=0.0114,  16 negative triangles
1213: dt=0.0114,  16 negative triangles
1214: dt=0.0114,  16 negative triangles
1215: dt=0.0114,  17 negative triangles
1216: dt=0.0114,  17 negative triangles
1217: dt=0.0114,  17 negative triangles
1218: dt=0.0114,  17 negative triangles
1219: dt=0.0114,  17 negative triangles
1220: dt=0.0114,  17 negative triangles
1221: dt=0.0114,  17 negative triangles
1222: dt=0.0108,  17 negative triangles
1223: dt=0.0108,  17 negative triangles
1224: dt=0.0108,  17 negative triangles
1225: dt=0.0108,  17 negative triangles
1226: dt=0.0108,  17 negative triangles
1227: dt=0.0108,  17 negative triangles
1228: dt=0.0108,  17 negative triangles
1229: dt=0.0108,  17 negative triangles
1230: 17 negative triangles
writing spherical brain to ../surf/rh.sphere
spherical transformation took 0.0835 hours
FSRUNTIME@ mris_sphere  0.0835 hours 16 threads
#VMPC# mris_sphere VmPeak  1569496
mris_sphere done
#--------------------------------------------
#@# Surf Reg rh Fri Mar 13 06:06:08 CET 2026
/out/sourcedata/freesurfer/sub-v2s4x29591_ses-1/scripts

 mris_register -curv ../surf/rh.sphere /opt/freesurfer/average/rh.folding.atlas.acfb40.noaparc.i12.2016-08-02.tif ../surf/rh.sphere.reg 

using smoothwm curvature for final alignment

cwd /out/sourcedata/freesurfer/sub-v2s4x29591_ses-1/scripts
cmdline mris_register -curv ../surf/rh.sphere /opt/freesurfer/average/rh.folding.atlas.acfb40.noaparc.i12.2016-08-02.tif ../surf/rh.sphere.reg 

0 inflated.H
1 sulc
2 smoothwm (computed)
7.3.2
  7.3.2
reading surface from ../surf/rh.sphere...
reading template parameterization from /opt/freesurfer/average/rh.folding.atlas.acfb40.noaparc.i12.2016-08-02.tif...
MRISregister() -------
max_passes = 4 
min_degrees = 0.500000 
max_degrees = 64.000000 
nangles = 8 
tol=5.0e-01, sigma=0.0, host=dna07, nav=1024, nbrs=1, l_extern=10000.000, l_parea=0.200, l_nlarea=1.000, l_corr=1.000, l_dist=5.000
using quadratic fit line minimization
complete_dist_mat 0
rms 0
smooth_averages 0
remove_neg 0
ico_order 0
which_surface 0
target_radius 0.000000
nfields 0
scale 0.000000
desired_rms_height -1.000000
momentum 0.950000
nbhd_size -10
max_nbrs 10
niterations 25
nsurfaces 0
SURFACES 3
flags 16 (10)
use curv 16
no sulc 0
no rigid align 0
mris->nsize 1
mris->hemisphere 1
randomSeed 0

tol=5.0e-01, sigma=0.0, host=dna07, nav=1024, nbrs=1, l_extern=10000.000, l_parea=0.200, l_nlarea=1.000, l_corr=1.000, l_dist=5.000
using quadratic fit line minimization
--------------------
1 Reading rh.sulc
tol=1.0e+00, sigma=0.5, host=dna07, nav=1024, nbrs=1, l_extern=10000.000, l_parea=0.200, l_nlarea=1.000, l_corr=0.050, l_spring=0.500, l_dist=5.000
using quadratic fit line minimization
curvature mean = 0.000, std = 5.660
curvature mean = 0.044, std = 0.815
curvature mean = 0.011, std = 0.887
Starting MRISrigidBodyAlignGlobal()
Starting new MRISrigidBodyAlignGlobal_findMinSSE()
  new MRISrigidBodyAlignGlobal_findMinSSE min @ (8.00, -3.50, 27.00) sse = 212463.3, elapsed since starting=0.0378 min
MRISrigidBodyAlignGlobal() done   0.04 min
curvature mean = 0.015, std = 0.845
curvature mean = 0.004, std = 0.959
curvature mean = 0.012, std = 0.856
curvature mean = 0.001, std = 0.984
curvature mean = 0.012, std = 0.860
curvature mean = -0.000, std = 0.994
2 Reading smoothwm
curvature mean = -0.036, std = 0.290
curvature mean = 0.037, std = 0.244
curvature mean = 0.059, std = 0.391
curvature mean = 0.026, std = 0.308
curvature mean = 0.043, std = 0.555
curvature mean = 0.024, std = 0.335
curvature mean = 0.022, std = 0.686
curvature mean = 0.024, std = 0.346
curvature mean = 0.007, std = 0.790
MRISregister() return, current seed 0
-01: dt=0.0000,  28 negative triangles  VmPeak 1581824
105: dt=0.9900,  28 negative triangles
106: dt=0.9900,  24 negative triangles
107: dt=0.9900,  31 negative triangles
108: dt=0.9900,  23 negative triangles
109: dt=0.9900,  25 negative triangles
110: dt=0.9900,  21 negative triangles
111: dt=0.9900,  17 negative triangles
112: dt=0.9900,  21 negative triangles
113: dt=0.9900,  17 negative triangles
114: dt=0.9900,  16 negative triangles
115: dt=0.9900,  18 negative triangles
116: dt=0.9900,  18 negative triangles
117: dt=0.9900,  16 negative triangles
118: dt=0.9900,  16 negative triangles
119: dt=0.9900,  17 negative triangles
120: dt=0.9900,  16 negative triangles
121: dt=0.9900,  17 negative triangles
122: dt=0.9900,  18 negative triangles
123: dt=0.9900,  17 negative triangles
124: dt=0.9405,  16 negative triangles
125: dt=0.9405,  15 negative triangles
126: dt=0.9405,  18 negative triangles
127: dt=0.9405,  16 negative triangles
128: dt=0.9405,  16 negative triangles
129: dt=0.9405,  17 negative triangles
130: dt=0.9405,  18 negative triangles
131: dt=0.9405,  17 negative triangles
132: dt=0.9405,  16 negative triangles
133: dt=0.9405,  17 negative triangles
134: dt=0.9405,  17 negative triangles
135: dt=0.8935,  17 negative triangles
136: dt=0.8935,  18 negative triangles
137: dt=0.8935,  18 negative triangles
138: dt=0.8935,  18 negative triangles
139: dt=0.8935,  19 negative triangles
140: dt=0.8935,  15 negative triangles
141: dt=0.8935,  18 negative triangles
142: dt=0.8935,  18 negative triangles
143: dt=0.8935,  18 negative triangles
144: dt=0.8935,  18 negative triangles
145: dt=0.8488,  18 negative triangles
146: dt=0.8488,  16 negative triangles
147: dt=0.8488,  17 negative triangles
148: dt=0.8488,  19 negative triangles
149: dt=0.8488,  17 negative triangles
150: dt=0.8488,  16 negative triangles
151: dt=0.8488,  17 negative triangles
152: dt=0.8488,  19 negative triangles
153: dt=0.8488,  17 negative triangles
154: dt=0.8488,  17 negative triangles
155: dt=0.8064,  18 negative triangles
156: dt=0.8064,  16 negative triangles
157: dt=0.8064,  17 negative triangles
158: dt=0.8064,  17 negative triangles
159: dt=0.8064,  18 negative triangles
160: dt=0.8064,  20 negative triangles
161: dt=0.8064,  19 negative triangles
162: dt=0.8064,  18 negative triangles
163: dt=0.8064,  16 negative triangles
164: dt=0.8064,  18 negative triangles
165: dt=0.7660,  19 negative triangles
166: dt=0.7660,  17 negative triangles
167: dt=0.7660,  19 negative triangles
168: dt=0.7660,  19 negative triangles
169: dt=0.7660,  21 negative triangles
170: dt=0.7660,  17 negative triangles
171: dt=0.7660,  17 negative triangles
172: dt=0.7660,  20 negative triangles
173: dt=0.7660,  17 negative triangles
174: dt=0.7660,  19 negative triangles
175: dt=0.7277,  20 negative triangles
expanding nbhd size to 1
176: dt=0.9900,  19 negative triangles
177: dt=0.9900,  20 negative triangles
178: dt=0.9900,  18 negative triangles
179: dt=0.9900,  19 negative triangles
180: dt=0.9900,  18 negative triangles
181: dt=0.9900,  19 negative triangles
182: dt=0.9900,  18 negative triangles
183: dt=0.9900,  20 negative triangles
184: dt=0.9900,  19 negative triangles
185: dt=0.9405,  19 negative triangles
186: dt=0.9405,  17 negative triangles
187: dt=0.9405,  17 negative triangles
188: dt=0.9405,  18 negative triangles
189: dt=0.9405,  17 negative triangles
190: dt=0.9405,  17 negative triangles
191: dt=0.9405,  17 negative triangles
192: dt=0.9405,  16 negative triangles
193: dt=0.9405,  16 negative triangles
194: dt=0.9405,  16 negative triangles
195: dt=0.8935,  16 negative triangles
196: dt=0.8935,  16 negative triangles
197: dt=0.8935,  16 negative triangles
198: dt=0.8935,  16 negative triangles
199: dt=0.8935,  16 negative triangles
200: dt=0.8935,  16 negative triangles
201: dt=0.8935,  15 negative triangles
202: dt=0.8935,  15 negative triangles
203: dt=0.8935,  15 negative triangles
204: dt=0.8935,  15 negative triangles
205: dt=0.8488,  15 negative triangles
206: dt=0.8488,  15 negative triangles
207: dt=0.8488,  15 negative triangles
208: dt=0.8488,  16 negative triangles
209: dt=0.8488,  15 negative triangles
210: dt=0.8488,  16 negative triangles
211: dt=0.8488,  17 negative triangles
212: dt=0.8488,  16 negative triangles
213: dt=0.8488,  17 negative triangles
214: dt=0.8488,  17 negative triangles
215: dt=0.8064,  17 negative triangles
216: dt=0.8064,  17 negative triangles
217: dt=0.8064,  17 negative triangles
218: dt=0.8064,  18 negative triangles
219: dt=0.8064,  18 negative triangles
220: dt=0.8064,  17 negative triangles
221: dt=0.8064,  17 negative triangles
222: dt=0.8064,  17 negative triangles
223: dt=0.8064,  19 negative triangles
224: dt=0.8064,  19 negative triangles
225: dt=0.7660,  18 negative triangles
226: dt=0.7660,  15 negative triangles
227: dt=0.7660,  18 negative triangles
228: dt=0.7660,  20 negative triangles
229: dt=0.7660,  19 negative triangles
230: dt=0.7660,  18 negative triangles
231: dt=0.7660,  17 negative triangles
232: dt=0.7660,  19 negative triangles
233: dt=0.7660,  17 negative triangles
234: dt=0.7660,  20 negative triangles
235: dt=0.7277,  19 negative triangles
236: dt=0.7277,  18 negative triangles
237: dt=0.7277,  18 negative triangles
238: dt=0.7277,  17 negative triangles
239: dt=0.7277,  18 negative triangles
240: dt=0.7277,  19 negative triangles
241: dt=0.7277,  17 negative triangles
242: dt=0.7277,  18 negative triangles
243: dt=0.7277,  20 negative triangles
244: dt=0.7277,  19 negative triangles
245: dt=0.6914,  19 negative triangles
246: dt=0.6914,  18 negative triangles
247: dt=0.6914,  19 negative triangles
248: dt=0.6914,  19 negative triangles
249: dt=0.6914,  20 negative triangles
250: dt=0.6914,  21 negative triangles
251: dt=0.6914,  21 negative triangles
252: dt=0.6914,  20 negative triangles
253: dt=0.6914,  20 negative triangles
254: dt=0.6914,  19 negative triangles
255: dt=0.6568,  19 negative triangles
256: dt=0.6568,  19 negative triangles
257: dt=0.6568,  18 negative triangles
258: dt=0.6568,  20 negative triangles
259: dt=0.6568,  21 negative triangles
260: dt=0.6568,  16 negative triangles
261: dt=0.6568,  18 negative triangles
262: dt=0.6568,  18 negative triangles
263: dt=0.6568,  19 negative triangles
264: dt=0.6568,  18 negative triangles
265: dt=0.6239,  19 negative triangles
266: dt=0.6239,  18 negative triangles
267: dt=0.6239,  17 negative triangles
268: dt=0.6239,  20 negative triangles
269: dt=0.6239,  21 negative triangles
270: dt=0.6239,  19 negative triangles
271: dt=0.6239,  17 negative triangles
272: dt=0.6239,  17 negative triangles
273: dt=0.6239,  18 negative triangles
274: dt=0.6239,  17 negative triangles
275: dt=0.5927,  19 negative triangles
276: dt=0.5927,  17 negative triangles
277: dt=0.5927,  20 negative triangles
278: dt=0.5927,  18 negative triangles
279: dt=0.5927,  18 negative triangles
280: dt=0.5927,  18 negative triangles
281: dt=0.5927,  16 negative triangles
282: dt=0.5927,  20 negative triangles
283: dt=0.5927,  17 negative triangles
284: dt=0.5927,  17 negative triangles
285: dt=0.5631,  19 negative triangles
286: dt=0.5631,  18 negative triangles
287: dt=0.5631,  18 negative triangles
288: dt=0.5631,  20 negative triangles
289: dt=0.5631,  19 negative triangles
290: dt=0.5631,  19 negative triangles
291: dt=0.5631,  18 negative triangles
292: dt=0.5631,  20 negative triangles
293: dt=0.5631,  19 negative triangles
294: dt=0.5631,  17 negative triangles
295: dt=0.5350,  19 negative triangles
296: dt=0.5350,  18 negative triangles
297: dt=0.5350,  18 negative triangles
298: dt=0.5350,  19 negative triangles
299: dt=0.5350,  16 negative triangles
300: dt=0.5350,  16 negative triangles
301: dt=0.5350,  17 negative triangles
302: dt=0.5350,  16 negative triangles
303: dt=0.5350,  20 negative triangles
304: dt=0.5350,  18 negative triangles
305: dt=0.5082,  18 negative triangles
306: dt=0.5082,  18 negative triangles
307: dt=0.5082,  19 negative triangles
308: dt=0.5082,  19 negative triangles
309: dt=0.5082,  20 negative triangles
310: dt=0.5082,  19 negative triangles
311: dt=0.5082,  20 negative triangles
312: dt=0.5082,  18 negative triangles
313: dt=0.5082,  18 negative triangles
314: dt=0.5082,  18 negative triangles
315: dt=0.4828,  18 negative triangles
316: dt=0.4828,  18 negative triangles
317: dt=0.4828,  17 negative triangles
318: dt=0.4828,  19 negative triangles
319: dt=0.4828,  20 negative triangles
320: dt=0.4828,  18 negative triangles
321: dt=0.4828,  17 negative triangles
322: dt=0.4828,  18 negative triangles
323: dt=0.4828,  18 negative triangles
324: dt=0.4828,  20 negative triangles
325: dt=0.4587,  17 negative triangles
326: dt=0.4587,  17 negative triangles
327: dt=0.4587,  17 negative triangles
328: dt=0.4587,  18 negative triangles
329: dt=0.4587,  16 negative triangles
330: dt=0.4587,  17 negative triangles
331: dt=0.4587,  19 negative triangles
332: dt=0.4587,  17 negative triangles
333: dt=0.4587,  16 negative triangles
334: dt=0.4587,  17 negative triangles
335: dt=0.4357,  18 negative triangles
336: dt=0.4357,  16 negative triangles
337: dt=0.4357,  18 negative triangles
338: dt=0.4357,  17 negative triangles
339: dt=0.4357,  17 negative triangles
340: dt=0.4357,  19 negative triangles
341: dt=0.4357,  16 negative triangles
342: dt=0.4357,  16 negative triangles
343: dt=0.4357,  18 negative triangles
344: dt=0.4357,  18 negative triangles
345: dt=0.4139,  18 negative triangles
346: dt=0.4139,  19 negative triangles
347: dt=0.4139,  18 negative triangles
348: dt=0.4139,  16 negative triangles
349: dt=0.4139,  16 negative triangles
350: dt=0.4139,  15 negative triangles
351: dt=0.4139,  16 negative triangles
352: dt=0.4139,  17 negative triangles
353: dt=0.4139,  16 negative triangles
354: dt=0.4139,  16 negative triangles
355: dt=0.3932,  17 negative triangles
356: dt=0.3932,  18 negative triangles
357: dt=0.3932,  17 negative triangles
358: dt=0.3932,  18 negative triangles
359: dt=0.3932,  15 negative triangles
360: dt=0.3932,  15 negative triangles
361: dt=0.3932,  17 negative triangles
362: dt=0.3932,  17 negative triangles
363: dt=0.3932,  16 negative triangles
364: dt=0.3932,  19 negative triangles
365: dt=0.3736,  18 negative triangles
366: dt=0.3736,  19 negative triangles
367: dt=0.3736,  17 negative triangles
368: dt=0.3736,  15 negative triangles
369: dt=0.3736,  15 negative triangles
370: dt=0.3736,  18 negative triangles
371: dt=0.3736,  16 negative triangles
372: dt=0.3736,  15 negative triangles
373: dt=0.3736,  20 negative triangles
374: dt=0.3736,  17 negative triangles
375: dt=0.3549,  15 negative triangles
376: dt=0.3549,  18 negative triangles
377: dt=0.3549,  18 negative triangles
378: dt=0.3549,  17 negative triangles
379: dt=0.3549,  18 negative triangles
380: dt=0.3549,  16 negative triangles
381: dt=0.3549,  15 negative triangles
382: dt=0.3549,  14 negative triangles
383: dt=0.3549,  13 negative triangles
384: dt=0.3549,  13 negative triangles
385: dt=0.3549,  15 negative triangles
386: dt=0.3549,  16 negative triangles
387: dt=0.3549,  15 negative triangles
388: dt=0.3549,  17 negative triangles
389: dt=0.3549,  17 negative triangles
390: dt=0.3549,  19 negative triangles
391: dt=0.3549,  18 negative triangles
392: dt=0.3549,  16 negative triangles
393: dt=0.3372,  17 negative triangles
394: dt=0.3372,  17 negative triangles
395: dt=0.3372,  16 negative triangles
396: dt=0.3372,  15 negative triangles
397: dt=0.3372,  14 negative triangles
398: dt=0.3372,  16 negative triangles
399: dt=0.3372,  14 negative triangles
400: dt=0.3372,  15 negative triangles
401: dt=0.3372,  15 negative triangles
402: dt=0.3372,  15 negative triangles
403: dt=0.3203,  15 negative triangles
404: dt=0.3203,  16 negative triangles
405: dt=0.3203,  17 negative triangles
406: dt=0.3203,  15 negative triangles
407: dt=0.3203,  15 negative triangles
408: dt=0.3203,  14 negative triangles
409: dt=0.3203,  15 negative triangles
410: dt=0.3203,  15 negative triangles
411: dt=0.3203,  14 negative triangles
412: dt=0.3203,  17 negative triangles
413: dt=0.3043,  17 negative triangles
414: dt=0.3043,  15 negative triangles
415: dt=0.3043,  16 negative triangles
416: dt=0.3043,  18 negative triangles
417: dt=0.3043,  17 negative triangles
418: dt=0.3043,  17 negative triangles
419: dt=0.3043,  16 negative triangles
420: dt=0.3043,  16 negative triangles
421: dt=0.3043,  16 negative triangles
422: dt=0.3043,  17 negative triangles
423: dt=0.2891,  15 negative triangles
424: dt=0.2891,  16 negative triangles
425: dt=0.2891,  15 negative triangles
426: dt=0.2891,  14 negative triangles
427: dt=0.2891,  15 negative triangles
428: dt=0.2891,  14 negative triangles
429: dt=0.2891,  16 negative triangles
430: dt=0.2891,  15 negative triangles
431: dt=0.2891,  17 negative triangles
432: dt=0.2891,  17 negative triangles
433: dt=0.2746,  19 negative triangles
434: dt=0.2746,  16 negative triangles
435: dt=0.2746,  17 negative triangles
436: dt=0.2746,  14 negative triangles
437: dt=0.2746,  15 negative triangles
438: dt=0.2746,  16 negative triangles
439: dt=0.2746,  16 negative triangles
440: dt=0.2746,  15 negative triangles
441: dt=0.2746,  14 negative triangles
442: dt=0.2746,  16 negative triangles
443: dt=0.2609,  17 negative triangles
444: dt=0.2609,  16 negative triangles
445: dt=0.2609,  18 negative triangles
446: dt=0.2609,  17 negative triangles
447: dt=0.2609,  15 negative triangles
448: dt=0.2609,  14 negative triangles
449: dt=0.2609,  14 negative triangles
450: dt=0.2609,  14 negative triangles
451: dt=0.2609,  15 negative triangles
452: dt=0.2609,  15 negative triangles
453: dt=0.2478,  16 negative triangles
454: dt=0.2478,  18 negative triangles
455: dt=0.2478,  18 negative triangles
456: dt=0.2478,  16 negative triangles
457: dt=0.2478,  17 negative triangles
458: dt=0.2478,  17 negative triangles
459: dt=0.2478,  18 negative triangles
460: dt=0.2478,  16 negative triangles
461: dt=0.2478,  17 negative triangles
462: dt=0.2478,  15 negative triangles
463: dt=0.2354,  15 negative triangles
464: dt=0.2354,  15 negative triangles
465: dt=0.2354,  15 negative triangles
466: dt=0.2354,  15 negative triangles
467: dt=0.2354,  15 negative triangles
468: dt=0.2354,  17 negative triangles
469: dt=0.2354,  14 negative triangles
470: dt=0.2354,  15 negative triangles
471: dt=0.2354,  15 negative triangles
472: dt=0.2354,  17 negative triangles
473: dt=0.2237,  14 negative triangles
474: dt=0.2237,  14 negative triangles
475: dt=0.2237,  17 negative triangles
476: dt=0.2237,  16 negative triangles
477: dt=0.2237,  15 negative triangles
478: dt=0.2237,  16 negative triangles
479: dt=0.2237,  17 negative triangles
480: dt=0.2237,  16 negative triangles
481: dt=0.2237,  15 negative triangles
482: dt=0.2237,  15 negative triangles
483: dt=0.2125,  15 negative triangles
484: dt=0.2125,  16 negative triangles
485: dt=0.2125,  15 negative triangles
486: dt=0.2125,  17 negative triangles
487: dt=0.2125,  17 negative triangles
488: dt=0.2125,  17 negative triangles
489: dt=0.2125,  18 negative triangles
490: dt=0.2125,  16 negative triangles
491: dt=0.2125,  16 negative triangles
492: dt=0.2125,  15 negative triangles
493: dt=0.2019,  18 negative triangles
494: dt=0.2019,  17 negative triangles
495: dt=0.2019,  14 negative triangles
496: dt=0.2019,  14 negative triangles
497: dt=0.2019,  13 negative triangles
498: dt=0.2019,  13 negative triangles
499: dt=0.2019,  13 negative triangles
500: dt=0.2019,  14 negative triangles
501: dt=0.2019,  13 negative triangles
502: dt=0.2019,  14 negative triangles
503: dt=0.1918,  13 negative triangles
504: dt=0.1918,  16 negative triangles
505: dt=0.1918,  14 negative triangles
506: dt=0.1918,  13 negative triangles
507: dt=0.1918,  13 negative triangles
508: dt=0.1918,  14 negative triangles
509: dt=0.1918,  14 negative triangles
510: dt=0.1918,  15 negative triangles
511: dt=0.1918,  15 negative triangles
512: dt=0.1918,  17 negative triangles
513: dt=0.1822,  14 negative triangles
514: dt=0.1822,  15 negative triangles
515: dt=0.1822,  15 negative triangles
516: dt=0.1822,  15 negative triangles
517: dt=0.1822,  15 negative triangles
518: dt=0.1822,  16 negative triangles
519: dt=0.1822,  15 negative triangles
520: dt=0.1822,  17 negative triangles
521: dt=0.1822,  17 negative triangles
522: dt=0.1822,  17 negative triangles
523: dt=0.1731,  17 negative triangles
524: dt=0.1731,  15 negative triangles
525: dt=0.1731,  15 negative triangles
526: dt=0.1731,  15 negative triangles
527: dt=0.1731,  16 negative triangles
528: dt=0.1731,  15 negative triangles
529: dt=0.1731,  15 negative triangles
530: dt=0.1731,  15 negative triangles
531: dt=0.1731,  16 negative triangles
532: dt=0.1731,  15 negative triangles
533: dt=0.1644,  16 negative triangles
534: dt=0.1644,  16 negative triangles
535: dt=0.1644,  16 negative triangles
536: dt=0.1644,  15 negative triangles
537: dt=0.1644,  17 negative triangles
538: dt=0.1644,  18 negative triangles
539: dt=0.1644,  18 negative triangles
540: dt=0.1644,  17 negative triangles
541: dt=0.1644,  16 negative triangles
542: dt=0.1644,  16 negative triangles
543: dt=0.1562,  16 negative triangles
544: dt=0.1562,  16 negative triangles
545: dt=0.1562,  17 negative triangles
546: dt=0.1562,  18 negative triangles
547: dt=0.1562,  16 negative triangles
548: dt=0.1562,  16 negative triangles
549: dt=0.1562,  17 negative triangles
550: dt=0.1562,  16 negative triangles
551: dt=0.1562,  16 negative triangles
552: dt=0.1562,  15 negative triangles
553: dt=0.1484,  17 negative triangles
554: dt=0.1484,  14 negative triangles
555: dt=0.1484,  14 negative triangles
556: dt=0.1484,  17 negative triangles
557: dt=0.1484,  18 negative triangles
558: dt=0.1484,  18 negative triangles
559: dt=0.1484,  18 negative triangles
560: dt=0.1484,  17 negative triangles
561: dt=0.1484,  17 negative triangles
562: dt=0.1484,  18 negative triangles
563: dt=0.1410,  17 negative triangles
564: dt=0.1410,  17 negative triangles
565: dt=0.1410,  17 negative triangles
566: dt=0.1410,  17 negative triangles
567: dt=0.1410,  16 negative triangles
568: dt=0.1410,  17 negative triangles
569: dt=0.1410,  17 negative triangles
570: dt=0.1410,  17 negative triangles
571: dt=0.1410,  18 negative triangles
572: dt=0.1410,  16 negative triangles
573: dt=0.1339,  16 negative triangles
574: dt=0.1339,  16 negative triangles
575: dt=0.1339,  16 negative triangles
576: dt=0.1339,  14 negative triangles
577: dt=0.1339,  15 negative triangles
578: dt=0.1339,  15 negative triangles
579: dt=0.1339,  15 negative triangles
580: dt=0.1339,  13 negative triangles
581: dt=0.1339,  13 negative triangles
582: dt=0.1339,  14 negative triangles
583: dt=0.1272,  14 negative triangles
584: dt=0.1272,  14 negative triangles
585: dt=0.1272,  15 negative triangles
586: dt=0.1272,  13 negative triangles
587: dt=0.1272,  15 negative triangles
588: dt=0.1272,  14 negative triangles
589: dt=0.1272,  16 negative triangles
590: dt=0.1272,  18 negative triangles
591: dt=0.1272,  17 negative triangles
592: dt=0.1272,  16 negative triangles
593: dt=0.1209,  13 negative triangles
594: dt=0.1209,  14 negative triangles
595: dt=0.1209,  15 negative triangles
596: dt=0.1209,  15 negative triangles
597: dt=0.1209,  15 negative triangles
598: dt=0.1209,  15 negative triangles
599: dt=0.1209,  16 negative triangles
600: dt=0.1209,  15 negative triangles
601: dt=0.1209,  14 negative triangles
602: dt=0.1209,  17 negative triangles
603: dt=0.1148,  17 negative triangles
604: dt=0.1148,  14 negative triangles
605: dt=0.1148,  14 negative triangles
606: dt=0.1148,  14 negative triangles
607: dt=0.1148,  14 negative triangles
608: dt=0.1148,  16 negative triangles
609: dt=0.1148,  16 negative triangles
610: dt=0.1148,  14 negative triangles
611: dt=0.1148,  16 negative triangles
612: dt=0.1148,  17 negative triangles
613: dt=0.1091,  17 negative triangles
614: dt=0.1091,  15 negative triangles
615: dt=0.1091,  16 negative triangles
616: dt=0.1091,  16 negative triangles
617: dt=0.1091,  16 negative triangles
618: dt=0.1091,  16 negative triangles
619: dt=0.1091,  15 negative triangles
620: dt=0.1091,  15 negative triangles
621: dt=0.1091,  17 negative triangles
622: dt=0.1091,  17 negative triangles
623: dt=0.1036,  17 negative triangles
624: dt=0.1036,  14 negative triangles
625: dt=0.1036,  15 negative triangles
626: dt=0.1036,  15 negative triangles
627: dt=0.1036,  16 negative triangles
628: dt=0.1036,  15 negative triangles
629: dt=0.1036,  16 negative triangles
630: dt=0.1036,  16 negative triangles
631: dt=0.1036,  14 negative triangles
632: dt=0.1036,  16 negative triangles
633: dt=0.0984,  14 negative triangles
634: dt=0.0984,  16 negative triangles
635: dt=0.0984,  13 negative triangles
636: dt=0.0984,  17 negative triangles
637: dt=0.0984,  16 negative triangles
638: dt=0.0984,  14 negative triangles
639: dt=0.0984,  16 negative triangles
640: dt=0.0984,  16 negative triangles
641: dt=0.0984,  18 negative triangles
642: dt=0.0984,  16 negative triangles
643: dt=0.0935,  18 negative triangles
644: dt=0.0935,  17 negative triangles
645: dt=0.0935,  16 negative triangles
646: dt=0.0935,  17 negative triangles
647: dt=0.0935,  18 negative triangles
648: dt=0.0935,  19 negative triangles
649: dt=0.0935,  18 negative triangles
650: dt=0.0935,  18 negative triangles
651: dt=0.0935,  19 negative triangles
652: dt=0.0935,  18 negative triangles
653: dt=0.0888,  19 negative triangles
654: dt=0.0888,  19 negative triangles
655: dt=0.0888,  19 negative triangles
656: dt=0.0888,  17 negative triangles
657: dt=0.0888,  19 negative triangles
658: dt=0.0888,  18 negative triangles
659: dt=0.0888,  17 negative triangles
660: dt=0.0888,  17 negative triangles
661: dt=0.0888,  14 negative triangles
662: dt=0.0888,  16 negative triangles
663: dt=0.0844,  16 negative triangles
664: dt=0.0844,  16 negative triangles
665: dt=0.0844,  16 negative triangles
666: dt=0.0844,  16 negative triangles
667: dt=0.0844,  16 negative triangles
668: dt=0.0844,  17 negative triangles
669: dt=0.0844,  16 negative triangles
670: dt=0.0844,  16 negative triangles
671: dt=0.0844,  16 negative triangles
672: dt=0.0844,  15 negative triangles
673: dt=0.0802,  16 negative triangles
674: dt=0.0802,  16 negative triangles
675: dt=0.0802,  16 negative triangles
676: dt=0.0802,  16 negative triangles
677: dt=0.0802,  16 negative triangles
678: dt=0.0802,  16 negative triangles
679: dt=0.0802,  16 negative triangles
680: dt=0.0802,  15 negative triangles
681: dt=0.0802,  17 negative triangles
682: dt=0.0802,  17 negative triangles
683: dt=0.0762,  17 negative triangles
684: dt=0.0762,  18 negative triangles
685: dt=0.0762,  15 negative triangles
686: dt=0.0762,  16 negative triangles
687: dt=0.0762,  15 negative triangles
688: dt=0.0762,  16 negative triangles
689: dt=0.0762,  14 negative triangles
690: dt=0.0762,  16 negative triangles
691: dt=0.0762,  15 negative triangles
692: dt=0.0762,  16 negative triangles
693: dt=0.0724,  16 negative triangles
694: dt=0.0724,  16 negative triangles
695: dt=0.0724,  16 negative triangles
696: dt=0.0724,  18 negative triangles
697: dt=0.0724,  16 negative triangles
698: dt=0.0724,  16 negative triangles
699: dt=0.0724,  16 negative triangles
700: dt=0.0724,  17 negative triangles
701: dt=0.0724,  16 negative triangles
702: dt=0.0724,  17 negative triangles
703: dt=0.0687,  16 negative triangles
704: dt=0.0687,  16 negative triangles
705: dt=0.0687,  14 negative triangles
706: dt=0.0687,  14 negative triangles
707: dt=0.0687,  15 negative triangles
708: dt=0.0687,  14 negative triangles
709: dt=0.0687,  15 negative triangles
710: dt=0.0687,  14 negative triangles
711: dt=0.0687,  14 negative triangles
712: dt=0.0687,  15 negative triangles
713: dt=0.0653,  15 negative triangles
714: dt=0.0653,  16 negative triangles
715: dt=0.0653,  16 negative triangles
716: dt=0.0653,  16 negative triangles
717: dt=0.0653,  16 negative triangles
718: dt=0.0653,  16 negative triangles
719: dt=0.0653,  16 negative triangles
720: dt=0.0653,  16 negative triangles
721: dt=0.0653,  18 negative triangles
722: dt=0.0653,  16 negative triangles
723: dt=0.0620,  16 negative triangles
724: dt=0.0620,  16 negative triangles
725: dt=0.0620,  15 negative triangles
726: dt=0.0620,  16 negative triangles
727: dt=0.0620,  17 negative triangles
728: dt=0.0620,  16 negative triangles
729: dt=0.0620,  16 negative triangles
730: dt=0.0620,  16 negative triangles
731: dt=0.0620,  17 negative triangles
732: dt=0.0620,  17 negative triangles
733: dt=0.0589,  19 negative triangles
734: dt=0.0589,  19 negative triangles
735: dt=0.0589,  17 negative triangles
736: dt=0.0589,  17 negative triangles
737: dt=0.0589,  17 negative triangles
738: dt=0.0589,  17 negative triangles
739: dt=0.0589,  17 negative triangles
740: dt=0.0589,  17 negative triangles
741: dt=0.0589,  17 negative triangles
742: dt=0.0589,  17 negative triangles
743: dt=0.0560,  17 negative triangles
744: dt=0.0560,  17 negative triangles
745: dt=0.0560,  17 negative triangles
746: dt=0.0560,  17 negative triangles
747: dt=0.0560,  18 negative triangles
748: dt=0.0560,  17 negative triangles
749: dt=0.0560,  17 negative triangles
750: dt=0.0560,  17 negative triangles
751: dt=0.0560,  16 negative triangles
752: dt=0.0560,  17 negative triangles
753: dt=0.0532,  15 negative triangles
754: dt=0.0532,  15 negative triangles
755: dt=0.0532,  16 negative triangles
756: dt=0.0532,  16 negative triangles
757: dt=0.0532,  17 negative triangles
758: dt=0.0532,  18 negative triangles
759: dt=0.0532,  18 negative triangles
760: dt=0.0532,  18 negative triangles
761: dt=0.0532,  18 negative triangles
762: dt=0.0532,  19 negative triangles
763: dt=0.0505,  19 negative triangles
764: dt=0.0505,  19 negative triangles
765: dt=0.0505,  19 negative triangles
766: dt=0.0505,  19 negative triangles
767: dt=0.0505,  19 negative triangles
768: dt=0.0505,  18 negative triangles
769: dt=0.0505,  18 negative triangles
770: dt=0.0505,  18 negative triangles
771: dt=0.0505,  17 negative triangles
772: dt=0.0505,  17 negative triangles
773: dt=0.0480,  18 negative triangles
774: dt=0.0480,  18 negative triangles
775: dt=0.0480,  19 negative triangles
776: dt=0.0480,  19 negative triangles
777: dt=0.0480,  19 negative triangles
778: dt=0.0480,  17 negative triangles
779: dt=0.0480,  19 negative triangles
780: dt=0.0480,  19 negative triangles
781: dt=0.0480,  19 negative triangles
782: dt=0.0480,  19 negative triangles
783: dt=0.0456,  19 negative triangles
784: dt=0.0456,  19 negative triangles
785: dt=0.0456,  19 negative triangles
786: dt=0.0456,  19 negative triangles
787: dt=0.0456,  19 negative triangles
788: dt=0.0456,  19 negative triangles
789: dt=0.0456,  19 negative triangles
790: dt=0.0456,  19 negative triangles
791: dt=0.0456,  19 negative triangles
792: dt=0.0456,  19 negative triangles
793: dt=0.0433,  19 negative triangles
794: dt=0.0433,  19 negative triangles
795: dt=0.0433,  18 negative triangles
796: dt=0.0433,  19 negative triangles
797: dt=0.0433,  18 negative triangles
798: dt=0.0433,  19 negative triangles
799: dt=0.0433,  18 negative triangles
800: dt=0.0433,  18 negative triangles
801: dt=0.0433,  18 negative triangles
802: dt=0.0433,  18 negative triangles
803: dt=0.0412,  18 negative triangles
804: dt=0.0412,  18 negative triangles
805: dt=0.0412,  18 negative triangles
806: dt=0.0412,  19 negative triangles
807: dt=0.0412,  19 negative triangles
808: dt=0.0412,  19 negative triangles
809: dt=0.0412,  19 negative triangles
810: dt=0.0412,  19 negative triangles
811: dt=0.0412,  18 negative triangles
812: dt=0.0412,  18 negative triangles
813: dt=0.0391,  18 negative triangles
814: dt=0.0391,  18 negative triangles
815: dt=0.0391,  19 negative triangles
816: dt=0.0391,  19 negative triangles
817: dt=0.0391,  19 negative triangles
818: dt=0.0391,  19 negative triangles
819: dt=0.0391,  19 negative triangles
820: dt=0.0391,  19 negative triangles
821: dt=0.0391,  19 negative triangles
822: dt=0.0391,  19 negative triangles
823: dt=0.0371,  19 negative triangles
824: dt=0.0371,  19 negative triangles
825: dt=0.0371,  18 negative triangles
826: dt=0.0371,  18 negative triangles
827: dt=0.0371,  18 negative triangles
828: dt=0.0371,  18 negative triangles
829: dt=0.0371,  18 negative triangles
830: dt=0.0371,  18 negative triangles
831: dt=0.0371,  18 negative triangles
832: dt=0.0371,  18 negative triangles
833: dt=0.0353,  18 negative triangles
834: dt=0.0353,  18 negative triangles
835: dt=0.0353,  19 negative triangles
836: dt=0.0353,  19 negative triangles
837: dt=0.0353,  19 negative triangles
838: dt=0.0353,  18 negative triangles
839: dt=0.0353,  18 negative triangles
840: dt=0.0353,  18 negative triangles
841: dt=0.0353,  19 negative triangles
842: dt=0.0353,  18 negative triangles
843: dt=0.0335,  18 negative triangles
844: dt=0.0335,  18 negative triangles
845: dt=0.0335,  18 negative triangles
846: dt=0.0335,  18 negative triangles
847: dt=0.0335,  17 negative triangles
848: dt=0.0335,  18 negative triangles
849: dt=0.0335,  17 negative triangles
850: dt=0.0335,  16 negative triangles
851: dt=0.0335,  16 negative triangles
852: dt=0.0335,  16 negative triangles
853: dt=0.0319,  16 negative triangles
854: dt=0.0319,  16 negative triangles
855: dt=0.0319,  16 negative triangles
856: dt=0.0319,  15 negative triangles
857: dt=0.0319,  14 negative triangles
858: dt=0.0319,  16 negative triangles
859: dt=0.0319,  14 negative triangles
860: dt=0.0319,  15 negative triangles
861: dt=0.0319,  15 negative triangles
862: dt=0.0319,  15 negative triangles
863: dt=0.0303,  15 negative triangles
864: dt=0.0303,  14 negative triangles
865: dt=0.0303,  12 negative triangles
866: dt=0.0303,  12 negative triangles
867: dt=0.0303,  14 negative triangles
868: dt=0.0303,  13 negative triangles
869: dt=0.0303,  13 negative triangles
870: dt=0.0303,  13 negative triangles
871: dt=0.0303,  14 negative triangles
872: dt=0.0303,  14 negative triangles
873: dt=0.0303,  14 negative triangles
874: dt=0.0303,  15 negative triangles
875: dt=0.0287,  15 negative triangles
876: dt=0.0287,  16 negative triangles
877: dt=0.0287,  17 negative triangles
878: dt=0.0287,  18 negative triangles
879: dt=0.0287,  19 negative triangles
880: dt=0.0287,  17 negative triangles
881: dt=0.0287,  17 negative triangles
882: dt=0.0287,  17 negative triangles
883: dt=0.0287,  16 negative triangles
884: dt=0.0287,  15 negative triangles
885: dt=0.0273,  16 negative triangles
886: dt=0.0273,  17 negative triangles
887: dt=0.0273,  17 negative triangles
888: dt=0.0273,  17 negative triangles
889: dt=0.0273,  16 negative triangles
890: dt=0.0273,  16 negative triangles
891: dt=0.0273,  16 negative triangles
892: dt=0.0273,  16 negative triangles
893: dt=0.0273,  16 negative triangles
894: dt=0.0273,  18 negative triangles
895: dt=0.0259,  18 negative triangles
896: dt=0.0259,  17 negative triangles
897: dt=0.0259,  17 negative triangles
898: dt=0.0259,  16 negative triangles
899: dt=0.0259,  16 negative triangles
900: dt=0.0259,  16 negative triangles
901: dt=0.0259,  16 negative triangles
902: dt=0.0259,  16 negative triangles
903: dt=0.0259,  16 negative triangles
904: dt=0.0259,  16 negative triangles
905: dt=0.0246,  16 negative triangles
906: dt=0.0246,  14 negative triangles
907: dt=0.0246,  15 negative triangles
908: dt=0.0246,  13 negative triangles
909: dt=0.0246,  14 negative triangles
910: dt=0.0246,  14 negative triangles
911: dt=0.0246,  15 negative triangles
912: dt=0.0246,  15 negative triangles
913: dt=0.0246,  15 negative triangles
914: dt=0.0246,  16 negative triangles
915: dt=0.0234,  16 negative triangles
916: dt=0.0234,  16 negative triangles
917: dt=0.0234,  16 negative triangles
918: dt=0.0234,  16 negative triangles
919: dt=0.0234,  17 negative triangles
920: dt=0.0234,  18 negative triangles
921: dt=0.0234,  18 negative triangles
922: dt=0.0234,  17 negative triangles
923: dt=0.0234,  18 negative triangles
924: dt=0.0234,  16 negative triangles
925: dt=0.0222,  16 negative triangles
926: dt=0.0222,  16 negative triangles
927: dt=0.0222,  16 negative triangles
928: dt=0.0222,  16 negative triangles
929: dt=0.0222,  16 negative triangles
930: dt=0.0222,  17 negative triangles
931: dt=0.0222,  17 negative triangles
932: dt=0.0222,  17 negative triangles
933: dt=0.0222,  17 negative triangles
934: dt=0.0222,  17 negative triangles
935: dt=0.0211,  17 negative triangles
936: dt=0.0211,  17 negative triangles
937: dt=0.0211,  17 negative triangles
938: dt=0.0211,  17 negative triangles
939: dt=0.0211,  17 negative triangles
940: dt=0.0211,  17 negative triangles
941: dt=0.0211,  17 negative triangles
942: dt=0.0211,  17 negative triangles
943: dt=0.0211,  17 negative triangles
944: dt=0.0211,  17 negative triangles
945: dt=0.0201,  17 negative triangles
946: dt=0.0201,  17 negative triangles
947: dt=0.0201,  17 negative triangles
948: dt=0.0201,  17 negative triangles
949: dt=0.0201,  17 negative triangles
950: dt=0.0201,  17 negative triangles
951: dt=0.0201,  17 negative triangles
952: dt=0.0201,  17 negative triangles
953: dt=0.0201,  17 negative triangles
954: dt=0.0201,  17 negative triangles
955: dt=0.0191,  17 negative triangles
956: dt=0.0191,  17 negative triangles
957: dt=0.0191,  18 negative triangles
958: dt=0.0191,  18 negative triangles
959: dt=0.0191,  17 negative triangles
960: dt=0.0191,  18 negative triangles
961: dt=0.0191,  17 negative triangles
962: dt=0.0191,  17 negative triangles
963: dt=0.0191,  18 negative triangles
964: dt=0.0191,  18 negative triangles
965: dt=0.0181,  16 negative triangles
966: dt=0.0181,  17 negative triangles
967: dt=0.0181,  17 negative triangles
968: dt=0.0181,  17 negative triangles
969: dt=0.0181,  17 negative triangles
970: dt=0.0181,  17 negative triangles
971: dt=0.0181,  16 negative triangles
972: dt=0.0181,  17 negative triangles
973: dt=0.0181,  17 negative triangles
974: dt=0.0181,  15 negative triangles
975: dt=0.0172,  15 negative triangles
976: dt=0.0172,  15 negative triangles
977: dt=0.0172,  16 negative triangles
978: dt=0.0172,  16 negative triangles
979: dt=0.0172,  16 negative triangles
980: dt=0.0172,  16 negative triangles
981: dt=0.0172,  16 negative triangles
982: dt=0.0172,  16 negative triangles
983: dt=0.0172,  16 negative triangles
984: dt=0.0172,  16 negative triangles
985: dt=0.0164,  16 negative triangles
986: dt=0.0164,  16 negative triangles
987: dt=0.0164,  16 negative triangles
988: dt=0.0164,  16 negative triangles
989: dt=0.0164,  16 negative triangles
990: dt=0.0164,  16 negative triangles
991: dt=0.0164,  17 negative triangles
992: dt=0.0164,  15 negative triangles
993: dt=0.0164,  15 negative triangles
994: dt=0.0164,  16 negative triangles
995: dt=0.0155,  15 negative triangles
996: dt=0.0155,  15 negative triangles
997: dt=0.0155,  16 negative triangles
998: dt=0.0155,  16 negative triangles
999: dt=0.0155,  16 negative triangles
1000: dt=0.0155,  16 negative triangles
1001: dt=0.0155,  16 negative triangles
1002: dt=0.0155,  16 negative triangles
1003: dt=0.0155,  16 negative triangles
1004: dt=0.0155,  16 negative triangles
1005: dt=0.0148,  15 negative triangles
1006: dt=0.0148,  15 negative triangles
1007: dt=0.0148,  14 negative triangles
1008: dt=0.0148,  14 negative triangles
1009: dt=0.0148,  14 negative triangles
1010: dt=0.0148,  14 negative triangles
1011: dt=0.0148,  14 negative triangles
1012: dt=0.0148,  14 negative triangles
1013: dt=0.0148,  14 negative triangles
1014: dt=0.0148,  16 negative triangles
1015: dt=0.0140,  16 negative triangles
1016: dt=0.0140,  16 negative triangles
1017: dt=0.0140,  17 negative triangles
1018: dt=0.0140,  15 negative triangles
1019: dt=0.0140,  14 negative triangles
1020: dt=0.0140,  16 negative triangles
1021: dt=0.0140,  15 negative triangles
1022: dt=0.0140,  17 negative triangles
1023: dt=0.0140,  16 negative triangles
1024: dt=0.0140,  16 negative triangles
1025: dt=0.0133,  17 negative triangles
1026: dt=0.0133,  17 negative triangles
1027: dt=0.0133,  17 negative triangles
1028: dt=0.0133,  17 negative triangles
1029: dt=0.0133,  17 negative triangles
1030: dt=0.0133,  17 negative triangles
1031: dt=0.0133,  17 negative triangles
1032: dt=0.0133,  17 negative triangles
1033: dt=0.0133,  18 negative triangles
1034: dt=0.0133,  16 negative triangles
1035: dt=0.0127,  17 negative triangles
1036: dt=0.0127,  17 negative triangles
1037: dt=0.0127,  17 negative triangles
1038: dt=0.0127,  17 negative triangles
1039: dt=0.0127,  17 negative triangles
1040: dt=0.0127,  17 negative triangles
1041: dt=0.0127,  17 negative triangles
1042: dt=0.0127,  17 negative triangles
1043: dt=0.0127,  17 negative triangles
1044: dt=0.0127,  17 negative triangles
1045: dt=0.0120,  17 negative triangles
1046: dt=0.0120,  17 negative triangles
1047: dt=0.0120,  17 negative triangles
1048: dt=0.0120,  16 negative triangles
1049: dt=0.0120,  16 negative triangles
1050: dt=0.0120,  16 negative triangles
1051: dt=0.0120,  16 negative triangles
1052: dt=0.0120,  16 negative triangles
1053: dt=0.0120,  17 negative triangles
1054: dt=0.0120,  17 negative triangles
1055: dt=0.0114,  17 negative triangles
1056: dt=0.0114,  19 negative triangles
1057: dt=0.0114,  19 negative triangles
1058: dt=0.0114,  19 negative triangles
1059: dt=0.0114,  19 negative triangles
1060: dt=0.0114,  18 negative triangles
1061: dt=0.0114,  19 negative triangles
1062: dt=0.0114,  19 negative triangles
1063: dt=0.0114,  19 negative triangles
1064: dt=0.0114,  19 negative triangles
1065: dt=0.0108,  19 negative triangles
1066: dt=0.0108,  19 negative triangles
1067: dt=0.0108,  17 negative triangles
1068: dt=0.0108,  19 negative triangles
1069: dt=0.0108,  19 negative triangles
1070: dt=0.0108,  19 negative triangles
1071: dt=0.0108,  19 negative triangles
1072: dt=0.0108,  18 negative triangles
1073: dt=0.0108,  18 negative triangles
1074: dt=0.0108,  17 negative triangles
1075: dt=0.0103,  18 negative triangles
1076: dt=0.0103,  17 negative triangles
1077: dt=0.0103,  17 negative triangles
1078: dt=0.0103,  17 negative triangles
1079: dt=0.0103,  17 negative triangles
1080: dt=0.0103,  16 negative triangles
1081: dt=0.0103,  16 negative triangles
1082: dt=0.0103,  17 negative triangles
1083: dt=0.0103,  17 negative triangles
1084: dt=0.0103,  17 negative triangles
1085: dt=0.0098,  17 negative triangles
1086: dt=0.0098,  17 negative triangles
1087: dt=0.0098,  17 negative triangles
1088: dt=0.0098,  17 negative triangles
1089: dt=0.0098,  17 negative triangles
1090: dt=0.0098,  17 negative triangles
1091: dt=0.0098,  17 negative triangles
1092: dt=0.0098,  17 negative triangles
1093: dt=0.0098,  17 negative triangles
1094: dt=0.0098,  17 negative triangles
1095: dt=0.0098,  17 negative triangles
1096: dt=0.0098,  17 negative triangles
1097: dt=0.0098,  17 negative triangles
1098: dt=0.0098,  17 negative triangles
1099: dt=0.0098,  17 negative triangles
1100: dt=0.0098,  17 negative triangles
1101: dt=0.0098,  17 negative triangles
1102: dt=0.0098,  17 negative triangles
1103: dt=0.0098,  17 negative triangles
1104: dt=0.0098,  17 negative triangles
writing registered surface to ../surf/rh.sphere.reg...
1105: dt=0.0098,  17 negative triangles
1106: 17 negative triangles
registration took 0.14 hours
#VMPC# mris_register VmPeak  1581824
FSRUNTIME@ mris_register  0.1438 hours 16 threads

 ln -sf rh.sphere.reg rh.fsaverage.sphere.reg 

#--------------------------------------------
#@# Jacobian white rh Fri Mar 13 06:14:46 CET 2026
/out/sourcedata/freesurfer/sub-v2s4x29591_ses-1/scripts

 mris_jacobian ../surf/rh.white.preaparc ../surf/rh.sphere.reg ../surf/rh.jacobian_white 

reading surface from ../surf/rh.white.preaparc...
writing curvature file ../surf/rh.jacobian_white
#--------------------------------------------
#@# AvgCurv rh Fri Mar 13 06:14:46 CET 2026
/out/sourcedata/freesurfer/sub-v2s4x29591_ses-1/scripts

 mrisp_paint -a 5 /opt/freesurfer/average/rh.folding.atlas.acfb40.noaparc.i12.2016-08-02.tif#6 ../surf/rh.sphere.reg ../surf/rh.avg_curv 

averaging curvature patterns 5 times...
reading surface from ../surf/rh.sphere.reg...
reading template parameterization from /opt/freesurfer/average/rh.folding.atlas.acfb40.noaparc.i12.2016-08-02.tif...
writing curvature file to ../surf/rh.avg_curv...
#-----------------------------------------
#@# Cortical Parc rh Fri Mar 13 06:14:46 CET 2026
/out/sourcedata/freesurfer/sub-v2s4x29591_ses-1/scripts

 mris_ca_label -l ../label/rh.cortex.label -aseg ../mri/aseg.presurf.mgz -seed 1234 sub-v2s4x29591_ses-1 rh ../surf/rh.sphere.reg /opt/freesurfer/average/rh.DKaparc.atlas.acfb40.noaparc.i12.2016-08-02.gcs ../label/rh.aparc.annot 

setting seed for random number generator to 1234
using ../mri/aseg.presurf.mgz aseg volume to correct midline
7.3.2
  7.3.2
reading atlas from /opt/freesurfer/average/rh.DKaparc.atlas.acfb40.noaparc.i12.2016-08-02.gcs...
reading color table from GCSA file....
average std = 0.7   using min determinant for regularization = 0.004
0 singular and 309 ill-conditioned covariance matrices regularized
input 0: MEAN CURVATURE, flags 0, avgs 5, name mean_curvature
labeling surface...
1164 labels changed using aseg
relabeling using gibbs priors...
000:   2307 changed, 107870 examined...
001:    529 changed, 10287 examined...
002:    119 changed, 3088 examined...
003:     40 changed, 728 examined...
004:     14 changed, 259 examined...
005:      3 changed, 97 examined...
006:      2 changed, 22 examined...
007:      2 changed, 15 examined...
008:      0 changed, 12 examined...
134 labels changed using aseg
000: 76 total segments, 38 labels (124 vertices) changed
001: 40 total segments, 2 labels (3 vertices) changed
002: 38 total segments, 0 labels (0 vertices) changed
10 filter iterations complete (10 requested, 6 changed)
rationalizing unknown annotations with cortex label
relabeling unknown label...
relabeling corpuscallosum label...
1023 vertices marked for relabeling...
1023 labels changed in reclassification.
writing output to ../label/rh.aparc.annot...
classification took 0 minutes and 5 seconds.
#--------------------------------------------
#@# WhiteSurfs rh Fri Mar 13 06:14:52 CET 2026
cd /out/sourcedata/freesurfer/sub-v2s4x29591_ses-1/mri
mris_place_surface --adgws-in ../surf/autodet.gw.stats.rh.dat --seg aseg.presurf.mgz --threads 16 --wm wm.mgz --invol brain.finalsurfs.mgz --rh --i ../surf/rh.white.preaparc --o ../surf/rh.white --white --nsmooth 0 --rip-label ../label/rh.cortex.label --rip-bg --rip-surf ../surf/rh.white.preaparc --aparc ../label/rh.aparc.annot
7.3.2
7.3.2

cd /out/sourcedata/freesurfer/sub-v2s4x29591_ses-1/mri
setenv SUBJECTS_DIR /out/sourcedata/freesurfer
mris_place_surface --adgws-in ../surf/autodet.gw.stats.rh.dat --seg aseg.presurf.mgz --threads 16 --wm wm.mgz --invol brain.finalsurfs.mgz --rh --i ../surf/rh.white.preaparc --o ../surf/rh.white --white --nsmooth 0 --rip-label ../label/rh.cortex.label --rip-bg --rip-surf ../surf/rh.white.preaparc --aparc ../label/rh.aparc.annot 

Reading in input surface ../surf/rh.white.preaparc
Not smoothing input surface
removing intersecting faces
000: 2 intersecting
step 1 with no progress (num=2, old_num=2)
001: 2 intersecting
step 2 with no progress (num=2, old_num=2)
002: 2 intersecting
step 3 with no progress (num=2, old_num=2)
003: 2 intersecting
step 4 with no progress (num=2, old_num=2)
004: 2 intersecting
step 5 with no progress (num=2, old_num=2)
005: 2 intersecting
step 6 with no progress (num=2, old_num=2)
006: 2 intersecting
step 7 with no progress (num=2, old_num=2)
007: 2 intersecting
step 8 with no progress (num=2, old_num=2)
008: 2 intersecting
step 9 with no progress (num=2, old_num=2)
009: 2 intersecting
step 10 with no progress (num=2, old_num=2)
010: 2 intersecting
step 11 with no progress (num=2, old_num=2)
011: 2 intersecting
step 12 with no progress (num=2, old_num=2)
012: 2 intersecting
step 13 with no progress (num=2, old_num=2)
013: 2 intersecting
step 14 with no progress (num=2, old_num=2)
014: 2 intersecting
step 15 with no progress (num=2, old_num=2)
015: 2 intersecting
step 16 with no progress (num=2, old_num=2)
terminating search with 2 intersecting
Area    215736  0.34696  0.12512 0.000019   3.1432
Corner  647208 60.00000 14.42924 0.066380 178.8765
Edge    323604  0.90722  0.20376 0.008202   3.4408
Hinge   323604 11.52559 12.80968 0.000082 179.9491
Reading in aparc ../label/rh.aparc.annot
Reading in input volume brain.finalsurfs.mgz
Reading in wm volume wm.mgz
MRIclipBrightWM(): nthresh=11827, wmmin=5, clip=110 
MRIfindBrightNonWM(): 36 bright non-wm voxels segmented.
Masking bright non-wm for white surface
MRImask(): AllowDiffGeom = 1
MRImask(): AllowDiffGeom = 1
Reading in seg volume aseg.presurf.mgz
Ripping frozen voxels
Ripping vertices not in label ../label/rh.cortex.label
MRISripNotLabel() ripped 6565/107870 vertices (101305 unripped)
Reading in ripping surface ../surf/rh.white.preaparc
Reading in aparc ../label/rh.aparc.annot for ripsurf
Ripping BG
MRISripBasalGanglia(): 1 -2 2 0.5 ripped 411
Ripping segs (eg, WMSA, BG, frozen)
Starting MRISripSegs() d = (-2 2 0.5) segnos: 247 
MRISripSegs(): -2 2 0.5 ripped 0
vertex 53935: xyz = (2.12308,4.66672,14.1918) oxyz = (2.12308,4.66672,14.1918) wxzy = (2.12308,4.66672,14.1918) pxyz = (0,0,0) 
CBVO Creating mask 107870
n_averages 4
Iteration 0 =========================================
n_averages=4, current_sigma=2
Computing target border values 
Entering MRIScomputeBorderValues_new(): 
  inside_hi   = 120.0000000;
  border_hi   = 108.4095230;
  border_low  =  81.0000000;
  outside_low =  72.0695340;
  outside_hi  = 108.4095230;
  sigma = 2;
  max_thickness = 10;
  step_size=0.5;
  STEP_SIZE=0.1;
  which = 1
  thresh = 0
  flags = 0
  CBVfindFirstPeakD1=0
  CBVfindFirstPeakD2=0
  nvertices=107870
  Gdiag_no=-1
  vno start=0, stop=107870
Replacing 255s with 0s
#SI# sigma=2 had to be increased for 249 vertices, nripped=6976
mean border=88.1, 218 (218) missing vertices, mean dist 0.3 [0.8 (%16.3)->0.6 (%83.7))]
%64 local maxima, %29 large gradients and % 0 min vals, 0 gradients ignored
nFirstPeakD1 0
MRIScomputeBorderValues_new() finished in 0.0076 min


Finding expansion regions
mean absolute distance = 0.61 +- 0.88
2920 vertices more than 2 sigmas from mean.
Averaging target values for 5 iterations...
Positioning Surface: tspring = 0.3, nspring = 0.3, spring = 0, niters = 100 l_repulse = 5, l_surf_repulse = 0, checktol = 0
Positioning pial surface
Entering MRISpositionSurface()
  max_mm = 0.3
  MAX_REDUCTIONS = 2, REDUCTION_PCT = 0.5
  parms->check_tol = 0, niterations = 100
tol=1.0e-04, sigma=2.0, host=dna07, nav=4, nbrs=2, l_repulse=5.000, l_tspring=0.300, l_nspring=0.300, l_intensity=0.200, l_curv=1.000
mom=0.00, dt=0.50
complete_dist_mat 0
rms 0
smooth_averages 0
remove_neg 0
ico_order 0
which_surface 0
target_radius 0.000000
nfields 0
scale 0.000000
desired_rms_height 0.000000
momentum 0.000000
nbhd_size 0
max_nbrs 0
niterations 100
nsurfaces 0
SURFACES 3
flags 0 (0)
use curv 0
no sulc 0
no rigid align 0
mris->nsize 2
mris->hemisphere 1
randomSeed 0

000: dt: 0.0000, sse=642250.9, rms=4.879
001: dt: 0.5000, sse=335298.5, rms=2.939 (39.772%)
002: dt: 0.5000, sse=253148.9, rms=2.134 (27.378%)
003: dt: 0.5000, sse=236580.6, rms=1.874 (12.178%)
004: dt: 0.5000, sse=227402.9, rms=1.757 (6.252%)
rms = 1.7340/1.7570, sse=226166.8/227402.9, time step reduction 1 of 3 to 0.250  0 0 1
005: dt: 0.5000, sse=226166.8, rms=1.734 (1.311%)
006: dt: 0.2500, sse=207523.5, rms=1.438 (17.087%)
rms = 1.3917/1.4377, sse=205951.1/207523.5, time step reduction 2 of 3 to 0.125  0 0 1
007: dt: 0.2500, sse=205951.1, rms=1.392 (3.202%)
rms = 1.3770/1.3917, sse=204731.4/205951.1, time step reduction 3 of 3 to 0.062  0 0 1
008: dt: 0.1250, sse=204731.4, rms=1.377 (1.052%)
  maximum number of reductions reached, breaking from loop
positioning took 0.5 minutes
Iteration 1 =========================================
n_averages=2, current_sigma=1
Computing target border values 
Entering MRIScomputeBorderValues_new(): 
  inside_hi   = 120.0000000;
  border_hi   = 108.4095230;
  border_low  =  81.0000000;
  outside_low =  72.0695340;
  outside_hi  = 108.4095230;
  sigma = 1;
  max_thickness = 10;
  step_size=0.5;
  STEP_SIZE=0.1;
  which = 1
  thresh = 0
  flags = 0
  CBVfindFirstPeakD1=0
  CBVfindFirstPeakD2=0
  nvertices=107870
  Gdiag_no=-1
  vno start=0, stop=107870
Replacing 255s with 0s
#SI# sigma=1 had to be increased for 230 vertices, nripped=6976
mean border=90.0, 156 (49) missing vertices, mean dist -0.2 [0.4 (%69.4)->0.3 (%30.6))]
%76 local maxima, %17 large gradients and % 0 min vals, 0 gradients ignored
nFirstPeakD1 0
MRIScomputeBorderValues_new() finished in 0.0060 min


Finding expansion regions
mean absolute distance = 0.39 +- 0.64
2922 vertices more than 2 sigmas from mean.
Averaging target values for 5 iterations...
Positioning Surface: tspring = 0.3, nspring = 0.3, spring = 0, niters = 100 l_repulse = 5, l_surf_repulse = 0, checktol = 0
Positioning pial surface
Entering MRISpositionSurface()
  max_mm = 0.3
  MAX_REDUCTIONS = 2, REDUCTION_PCT = 0.5
  parms->check_tol = 0, niterations = 100
tol=1.0e-04, sigma=1.0, host=dna07, nav=2, nbrs=2, l_repulse=5.000, l_tspring=0.300, l_nspring=0.300, l_intensity=0.200, l_curv=1.000
mom=0.00, dt=0.50
000: dt: 0.0000, sse=338372.4, rms=2.846
009: dt: 0.5000, sse=245837.4, rms=1.767 (37.887%)
010: dt: 0.5000, sse=220921.9, rms=1.484 (16.036%)
rms = 1.4389/1.4841, sse=219184.2/220921.9, time step reduction 1 of 3 to 0.250  0 0 1
011: dt: 0.5000, sse=219184.2, rms=1.439 (3.044%)
012: dt: 0.2500, sse=204908.4, rms=1.191 (17.221%)
rms = 1.1649/1.1911, sse=203765.0/204908.4, time step reduction 2 of 3 to 0.125  0 0 1
013: dt: 0.2500, sse=203765.0, rms=1.165 (2.196%)
rms = 1.1565/1.1649, sse=202533.5/203765.0, time step reduction 3 of 3 to 0.062  0 0 1
014: dt: 0.1250, sse=202533.5, rms=1.157 (0.722%)
  maximum number of reductions reached, breaking from loop
positioning took 0.3 minutes
Iteration 2 =========================================
n_averages=1, current_sigma=0.5
Computing target border values 
Entering MRIScomputeBorderValues_new(): 
  inside_hi   = 120.0000000;
  border_hi   = 108.4095230;
  border_low  =  81.0000000;
  outside_low =  72.0695340;
  outside_hi  = 108.4095230;
  sigma = 0.5;
  max_thickness = 10;
  step_size=0.5;
  STEP_SIZE=0.1;
  which = 1
  thresh = 0
  flags = 0
  CBVfindFirstPeakD1=0
  CBVfindFirstPeakD2=0
  nvertices=107870
  Gdiag_no=-1
  vno start=0, stop=107870
Replacing 255s with 0s
#SI# sigma=0.5 had to be increased for 270 vertices, nripped=6976
mean border=91.2, 165 (20) missing vertices, mean dist -0.1 [0.3 (%63.3)->0.3 (%36.7))]
%82 local maxima, %11 large gradients and % 0 min vals, 0 gradients ignored
nFirstPeakD1 0
MRIScomputeBorderValues_new() finished in 0.0034 min


Finding expansion regions
mean absolute distance = 0.31 +- 0.50
3415 vertices more than 2 sigmas from mean.
Averaging target values for 5 iterations...
Positioning Surface: tspring = 0.3, nspring = 0.3, spring = 0, niters = 100 l_repulse = 5, l_surf_repulse = 0, checktol = 0
Positioning pial surface
Entering MRISpositionSurface()
  max_mm = 0.3
  MAX_REDUCTIONS = 2, REDUCTION_PCT = 0.5
  parms->check_tol = 0, niterations = 100
tol=1.0e-04, sigma=0.5, host=dna07, nav=1, nbrs=2, l_repulse=5.000, l_tspring=0.300, l_nspring=0.300, l_intensity=0.200, l_curv=1.000
mom=0.00, dt=0.50
000: dt: 0.0000, sse=248254.3, rms=1.947
015: dt: 0.5000, sse=213861.7, rms=1.377 (29.260%)
016: dt: 0.5000, sse=208054.5, rms=1.285 (6.700%)
rms = 1.3416/1.2851, sse=211342.9/208054.5, time step reduction 1 of 3 to 0.250  0 1 1
   RMS increased, rejecting step
017: dt: 0.2500, sse=201463.1, rms=1.141 (11.241%)
018: dt: 0.2500, sse=198980.3, rms=1.083 (5.064%)
rms = 1.0776/1.0829, sse=199437.8/198980.3, time step reduction 2 of 3 to 0.125  0 1 1
019: dt: 0.2500, sse=199437.8, rms=1.078 (0.484%)
rms = 1.0716/1.0776, sse=200610.9/199437.8, time step reduction 3 of 3 to 0.062  0 1 1
020: dt: 0.1250, sse=200610.9, rms=1.072 (0.560%)
  maximum number of reductions reached, breaking from loop
positioning took 0.4 minutes
Iteration 3 =========================================
n_averages=0, current_sigma=0.25
Computing target border values 
Entering MRIScomputeBorderValues_new(): 
  inside_hi   = 120.0000000;
  border_hi   = 108.4095230;
  border_low  =  81.0000000;
  outside_low =  72.0695340;
  outside_hi  = 108.4095230;
  sigma = 0.25;
  max_thickness = 10;
  step_size=0.5;
  STEP_SIZE=0.1;
  which = 1
  thresh = 0
  flags = 0
  CBVfindFirstPeakD1=0
  CBVfindFirstPeakD2=0
  nvertices=107870
  Gdiag_no=-1
  vno start=0, stop=107870
Replacing 255s with 0s
#SI# sigma=0.25 had to be increased for 286 vertices, nripped=6976
mean border=91.7, 238 (14) missing vertices, mean dist -0.0 [0.3 (%53.7)->0.3 (%46.3))]
%85 local maxima, % 8 large gradients and % 0 min vals, 0 gradients ignored
nFirstPeakD1 0
MRIScomputeBorderValues_new() finished in 0.0027 min


Finding expansion regions
mean absolute distance = 0.29 +- 0.43
3352 vertices more than 2 sigmas from mean.
Averaging target values for 5 iterations...
Positioning Surface: tspring = 0.3, nspring = 0.3, spring = 0, niters = 100 l_repulse = 5, l_surf_repulse = 0, checktol = 0
Positioning pial surface
Entering MRISpositionSurface()
  max_mm = 0.3
  MAX_REDUCTIONS = 2, REDUCTION_PCT = 0.5
  parms->check_tol = 0, niterations = 100
tol=1.0e-04, sigma=0.2, host=dna07, nav=0, nbrs=2, l_repulse=5.000, l_tspring=0.300, l_nspring=0.300, l_intensity=0.200, l_curv=1.000
mom=0.00, dt=0.50
000: dt: 0.0000, sse=207334.4, rms=1.258
021: dt: 0.5000, sse=195344.5, rms=0.974 (22.543%)
rms = 1.1089/0.9744, sse=203000.8/195344.5, time step reduction 1 of 3 to 0.250  0 1 1
   RMS increased, rejecting step
022: dt: 0.2500, sse=192485.5, rms=0.912 (6.363%)
rms = 0.9110/0.9124, sse=194097.3/192485.5, time step reduction 2 of 3 to 0.125  0 1 1
023: dt: 0.2500, sse=194097.3, rms=0.911 (0.156%)
rms = 0.9001/0.9110, sse=190872.1/194097.3, time step reduction 3 of 3 to 0.062  0 0 1
024: dt: 0.1250, sse=190872.1, rms=0.900 (1.203%)
  maximum number of reductions reached, breaking from loop
positioning took 0.3 minutes


Writing output to ../surf/rh.white
#ET# mris_place_surface  1.51 minutes
#VMPC# mris_place_surfaces VmPeak  2776068
mris_place_surface done
#--------------------------------------------
#@# T1PialSurf rh Fri Mar 13 06:16:41 CET 2026
cd /out/sourcedata/freesurfer/sub-v2s4x29591_ses-1/mri
mris_place_surface --adgws-in ../surf/autodet.gw.stats.rh.dat --seg aseg.presurf.mgz --threads 16 --wm wm.mgz --invol brain.finalsurfs.mgz --rh --i ../surf/rh.white --o ../surf/rh.pial.T1 --pial --nsmooth 0 --rip-label ../label/rh.cortex+hipamyg.label --pin-medial-wall ../label/rh.cortex.label --aparc ../label/rh.aparc.annot --repulse-surf ../surf/rh.white --white-surf ../surf/rh.white
7.3.2
7.3.2

cd /out/sourcedata/freesurfer/sub-v2s4x29591_ses-1/mri
setenv SUBJECTS_DIR /out/sourcedata/freesurfer
mris_place_surface --adgws-in ../surf/autodet.gw.stats.rh.dat --seg aseg.presurf.mgz --threads 16 --wm wm.mgz --invol brain.finalsurfs.mgz --rh --i ../surf/rh.white --o ../surf/rh.pial.T1 --pial --nsmooth 0 --rip-label ../label/rh.cortex+hipamyg.label --pin-medial-wall ../label/rh.cortex.label --aparc ../label/rh.aparc.annot --repulse-surf ../surf/rh.white --white-surf ../surf/rh.white 

Reading in input surface ../surf/rh.white
Not smoothing input surface
Area    215736  0.35076  0.13966 0.000470   2.8837
Corner  647208 60.00000 15.87979 0.397063 178.5555
Edge    323604  0.91412  0.22339 0.011991   3.4384
Hinge   323604 11.62793 13.31991 0.000141 179.9167
Reading white surface coordinates from ../surf/rh.white
Reading repulsion surface coordinates from ../surf/rh.white
Reading in aparc ../label/rh.aparc.annot
Reading in input volume brain.finalsurfs.mgz
Reading in wm volume wm.mgz
MRIclipBrightWM(): nthresh=11827, wmmin=5, clip=110 
MRIfindBrightNonWM(): 36 bright non-wm voxels segmented.
Masking bright non-wm for pial surface mid_gray = 74.8995
MRImask(): AllowDiffGeom = 1
MRImask(): AllowDiffGeom = 1
MRImask(): AllowDiffGeom = 1
Reading in seg volume aseg.presurf.mgz
Ripping frozen voxels
Ripping vertices not in label ../label/rh.cortex+hipamyg.label
MRISripNotLabel() ripped 4322/107870 vertices (103548 unripped)
INFO: rip surface needed but not specified, so using input surface
Ripping segs (eg, WMSA, BG, frozen)
Starting MRISripSegs() d = (-2 2 0.5) segnos: 247 
MRISripSegs(): -2 2 0.5 ripped 0
vertex 53935: xyz = (2.12308,4.66672,14.1918) oxyz = (2.12308,4.66672,14.1918) wxzy = (2.12308,4.66672,14.1918) pxyz = (2.12308,4.66672,14.1918) 
CBVO Creating mask 107870
n_averages 16
Iteration 0 =========================================
n_averages=16, current_sigma=2
Computing target border values 
Entering MRIScomputeBorderValues_new(): 
  inside_hi   =  95.5904770;
  border_hi   =  72.0695340;
  border_low  =  54.2086030;
  outside_low =  10.0000000;
  outside_hi  =  67.6043010;
  sigma = 2;
  max_thickness = 10;
  step_size=0.5;
  STEP_SIZE=0.1;
  which = 2
  thresh = 0
  flags = 0
  CBVfindFirstPeakD1=0
  CBVfindFirstPeakD2=0
  nvertices=107870
  Gdiag_no=-1
  vno start=0, stop=107870
Replacing 255s with 0s
#SI# sigma=2 had to be increased for 344 vertices, nripped=4322
mean border=70.4, 283 (283) missing vertices, mean dist 1.8 [2.4 (%0.1)->3.5 (%99.9))]
%16 local maxima, %34 large gradients and %46 min vals, 0 gradients ignored
nFirstPeakD1 0
MRIScomputeBorderValues_new() finished in 0.0087 min


Averaging target values for 5 iterations...
Positioning Surface: tspring = 0.3, nspring = 0.3, spring = 0, niters = 100 l_repulse = 0, l_surf_repulse = 5, checktol = 0
Positioning pial surface
Entering MRISpositionSurface()
  max_mm = 0.3
  MAX_REDUCTIONS = 2, REDUCTION_PCT = 0.5
  parms->check_tol = 0, niterations = 100
tol=1.0e-04, sigma=2.0, host=dna07, nav=16, nbrs=2, l_surf_repulse=5.000, l_tspring=0.300, l_nspring=0.300, l_intensity=0.200, l_curv=1.000
mom=0.00, dt=0.50
complete_dist_mat 0
rms 0
smooth_averages 0
remove_neg 0
ico_order 0
which_surface 0
target_radius 0.000000
nfields 0
scale 0.000000
desired_rms_height 0.000000
momentum 0.000000
nbhd_size 0
max_nbrs 0
niterations 100
nsurfaces 0
SURFACES 3
flags 0 (0)
use curv 0
no sulc 0
no rigid align 0
mris->nsize 2
mris->hemisphere 1
randomSeed 0

000: dt: 0.0000, sse=10183766.0, rms=22.028
001: dt: 0.5000, sse=7452857.0, rms=18.788 (14.708%)
002: dt: 0.5000, sse=5470596.0, rms=16.030 (14.681%)
003: dt: 0.5000, sse=4163282.8, rms=13.912 (13.209%)
004: dt: 0.5000, sse=3335564.2, rms=12.384 (10.987%)
005: dt: 0.5000, sse=2780629.0, rms=11.241 (9.226%)
006: dt: 0.5000, sse=2377422.8, rms=10.330 (8.105%)
007: dt: 0.5000, sse=2052654.8, rms=9.531 (7.733%)
008: dt: 0.5000, sse=1789720.2, rms=8.830 (7.356%)
009: dt: 0.5000, sse=1574547.0, rms=8.211 (7.017%)
010: dt: 0.5000, sse=1398083.1, rms=7.664 (6.661%)
011: dt: 0.5000, sse=1252924.8, rms=7.181 (6.292%)
012: dt: 0.5000, sse=1133352.5, rms=6.757 (5.903%)
013: dt: 0.5000, sse=1030430.2, rms=6.369 (5.750%)
014: dt: 0.5000, sse=944515.6, rms=6.025 (5.402%)
015: dt: 0.5000, sse=871848.2, rms=5.717 (5.116%)
016: dt: 0.5000, sse=815452.5, rms=5.464 (4.413%)
017: dt: 0.5000, sse=764516.8, rms=5.227 (4.352%)
018: dt: 0.5000, sse=731225.1, rms=5.063 (3.136%)
019: dt: 0.5000, sse=698938.6, rms=4.899 (3.225%)
020: dt: 0.5000, sse=676962.6, rms=4.783 (2.367%)
021: dt: 0.5000, sse=656144.5, rms=4.671 (2.345%)
022: dt: 0.5000, sse=641883.2, rms=4.591 (1.716%)
023: dt: 0.5000, sse=626462.2, rms=4.504 (1.895%)
024: dt: 0.5000, sse=615434.0, rms=4.440 (1.425%)
025: dt: 0.5000, sse=605719.6, rms=4.382 (1.316%)
026: dt: 0.5000, sse=597260.9, rms=4.331 (1.152%)
rms = 4.2823/4.3310, sse=589340.8/597260.9, time step reduction 1 of 3 to 0.250  0 0 1
027: dt: 0.5000, sse=589340.8, rms=4.282 (1.126%)
028: dt: 0.2500, sse=535400.2, rms=3.949 (7.792%)
029: dt: 0.2500, sse=519491.5, rms=3.847 (2.577%)
rms = 3.8362/3.8469, sse=518156.5/519491.5, time step reduction 2 of 3 to 0.125  0 0 1
030: dt: 0.2500, sse=518156.5, rms=3.836 (0.277%)
031: dt: 0.1250, sse=506674.2, rms=3.759 (2.009%)
rms = 3.7365/3.7592, sse=503384.4/506674.2, time step reduction 3 of 3 to 0.062  0 0 1
032: dt: 0.1250, sse=503384.4, rms=3.737 (0.602%)
  maximum number of reductions reached, breaking from loop
positioning took 1.6 minutes
Iteration 1 =========================================
n_averages=8, current_sigma=1
Computing target border values 
Entering MRIScomputeBorderValues_new(): 
  inside_hi   =  95.5904770;
  border_hi   =  72.0695340;
  border_low  =  54.2086030;
  outside_low =  10.0000000;
  outside_hi  =  67.6043010;
  sigma = 1;
  max_thickness = 10;
  step_size=0.5;
  STEP_SIZE=0.1;
  which = 2
  thresh = 0
  flags = 0
  CBVfindFirstPeakD1=0
  CBVfindFirstPeakD2=0
  nvertices=107870
  Gdiag_no=-1
  vno start=0, stop=107870
Replacing 255s with 0s
#SI# sigma=1 had to be increased for 11931 vertices, nripped=4322
mean border=69.3, 2048 (59) missing vertices, mean dist 0.3 [0.2 (%36.7)->0.9 (%63.3))]
%28 local maxima, %25 large gradients and %41 min vals, 0 gradients ignored
nFirstPeakD1 0
MRIScomputeBorderValues_new() finished in 0.0038 min


Averaging target values for 5 iterations...
Positioning Surface: tspring = 0.3, nspring = 0.3, spring = 0, niters = 100 l_repulse = 0, l_surf_repulse = 5, checktol = 0
Positioning pial surface
Entering MRISpositionSurface()
  max_mm = 0.3
  MAX_REDUCTIONS = 2, REDUCTION_PCT = 0.5
  parms->check_tol = 0, niterations = 100
tol=1.0e-04, sigma=1.0, host=dna07, nav=8, nbrs=2, l_surf_repulse=5.000, l_tspring=0.300, l_nspring=0.300, l_intensity=0.200, l_curv=1.000
mom=0.00, dt=0.50
000: dt: 0.0000, sse=691401.0, rms=4.431
033: dt: 0.5000, sse=672950.0, rms=4.333 (2.205%)
034: dt: 0.5000, sse=652003.5, rms=4.227 (2.438%)
rms = 4.2186/4.2272, sse=650393.2/652003.5, time step reduction 1 of 3 to 0.250  0 0 1
035: dt: 0.5000, sse=650393.2, rms=4.219 (0.205%)
036: dt: 0.2500, sse=582863.9, rms=3.798 (9.970%)
037: dt: 0.2500, sse=564525.9, rms=3.678 (3.155%)
rms = 3.6876/3.6781, sse=566091.9/564525.9, time step reduction 2 of 3 to 0.125  0 1 1
   RMS increased, rejecting step
rms = 3.6308/3.6781, sse=557567.9/564525.9, time step reduction 3 of 3 to 0.062  0 0 1
038: dt: 0.1250, sse=557567.9, rms=3.631 (1.288%)
  maximum number of reductions reached, breaking from loop
positioning took 0.4 minutes
Iteration 2 =========================================
n_averages=4, current_sigma=0.5
Computing target border values 
Entering MRIScomputeBorderValues_new(): 
  inside_hi   =  95.5904770;
  border_hi   =  72.0695340;
  border_low  =  54.2086030;
  outside_low =  10.0000000;
  outside_hi  =  67.6043010;
  sigma = 0.5;
  max_thickness = 10;
  step_size=0.5;
  STEP_SIZE=0.1;
  which = 2
  thresh = 0
  flags = 0
  CBVfindFirstPeakD1=0
  CBVfindFirstPeakD2=0
  nvertices=107870
  Gdiag_no=-1
  vno start=0, stop=107870
Replacing 255s with 0s
#SI# sigma=0.5 had to be increased for 12800 vertices, nripped=4322
mean border=68.9, 2670 (40) missing vertices, mean dist 0.2 [0.2 (%38.3)->0.6 (%61.7))]
%35 local maxima, %18 large gradients and %41 min vals, 0 gradients ignored
nFirstPeakD1 0
MRIScomputeBorderValues_new() finished in 0.0016 min


Averaging target values for 5 iterations...
Positioning Surface: tspring = 0.3, nspring = 0.3, spring = 0, niters = 100 l_repulse = 0, l_surf_repulse = 5, checktol = 0
Positioning pial surface
Entering MRISpositionSurface()
  max_mm = 0.3
  MAX_REDUCTIONS = 2, REDUCTION_PCT = 0.5
  parms->check_tol = 0, niterations = 100
tol=1.0e-04, sigma=0.5, host=dna07, nav=4, nbrs=2, l_surf_repulse=5.000, l_tspring=0.300, l_nspring=0.300, l_intensity=0.200, l_curv=1.000
mom=0.00, dt=0.50
000: dt: 0.0000, sse=579491.7, rms=3.732
rms = 4.0585/3.7317, sse=630441.7/579491.7, time step reduction 1 of 3 to 0.250  0 1 1
   RMS increased, rejecting step
039: dt: 0.2500, sse=557016.2, rms=3.581 (4.044%)
rms = 3.5603/3.5808, sse=553686.7/557016.2, time step reduction 2 of 3 to 0.125  0 0 1
040: dt: 0.2500, sse=553686.7, rms=3.560 (0.572%)
041: dt: 0.1250, sse=542128.8, rms=3.478 (2.310%)
rms = 3.4443/3.4780, sse=537171.6/542128.8, time step reduction 3 of 3 to 0.062  0 0 1
042: dt: 0.1250, sse=537171.6, rms=3.444 (0.969%)
  maximum number of reductions reached, breaking from loop
positioning took 0.2 minutes
Iteration 3 =========================================
n_averages=2, current_sigma=0.25
Computing target border values 
Entering MRIScomputeBorderValues_new(): 
  inside_hi   =  95.5904770;
  border_hi   =  72.0695340;
  border_low  =  54.2086030;
  outside_low =  10.0000000;
  outside_hi  =  67.6043010;
  sigma = 0.25;
  max_thickness = 10;
  step_size=0.5;
  STEP_SIZE=0.1;
  which = 2
  thresh = 0
  flags = 0
  CBVfindFirstPeakD1=0
  CBVfindFirstPeakD2=0
  nvertices=107870
  Gdiag_no=-1
  vno start=0, stop=107870
Replacing 255s with 0s
#SI# sigma=0.25 had to be increased for 10715 vertices, nripped=4322
mean border=68.6, 5691 (33) missing vertices, mean dist 0.1 [0.2 (%37.8)->0.5 (%62.2))]
%38 local maxima, %14 large gradients and %39 min vals, 0 gradients ignored
nFirstPeakD1 0
MRIScomputeBorderValues_new() finished in 0.0014 min


Averaging target values for 5 iterations...
Positioning Surface: tspring = 0.3, nspring = 0.3, spring = 0, niters = 100 l_repulse = 0, l_surf_repulse = 5, checktol = 0
Positioning pial surface
Entering MRISpositionSurface()
  max_mm = 0.3
  MAX_REDUCTIONS = 2, REDUCTION_PCT = 0.5
  parms->check_tol = 0, niterations = 100
tol=1.0e-04, sigma=0.2, host=dna07, nav=2, nbrs=2, l_surf_repulse=5.000, l_tspring=0.300, l_nspring=0.300, l_intensity=0.200, l_curv=1.000
mom=0.00, dt=0.50
000: dt: 0.0000, sse=538497.4, rms=3.454
rms = 3.6857/3.4543, sse=569551.2/538497.4, time step reduction 1 of 3 to 0.250  0 1 1
   RMS increased, rejecting step
043: dt: 0.2500, sse=529194.7, rms=3.390 (1.863%)
rms = 3.3663/3.3900, sse=524555.9/529194.7, time step reduction 2 of 3 to 0.125  0 0 1
044: dt: 0.2500, sse=524555.9, rms=3.366 (0.698%)
045: dt: 0.1250, sse=516725.8, rms=3.309 (1.697%)
rms = 3.2779/3.3092, sse=512084.7/516725.8, time step reduction 3 of 3 to 0.062  0 0 1
046: dt: 0.1250, sse=512084.8, rms=3.278 (0.944%)
  maximum number of reductions reached, breaking from loop
positioning took 0.2 minutes
Pinning medial wall to white surface
removing intersecting faces
000: 16 intersecting
step 1 with no progress (num=28, old_num=16)
001: 28 intersecting
002: 26 intersecting
003: 2 intersecting
terminating search with 0 intersecting


Writing output to ../surf/rh.pial.T1
#ET# mris_place_surface  2.63 minutes
#VMPC# mris_place_surfaces VmPeak  2271412
mris_place_surface done
#@# white curv rh Fri Mar 13 06:19:22 CET 2026
cd /out/sourcedata/freesurfer/sub-v2s4x29591_ses-1/mri
mris_place_surface --curv-map ../surf/rh.white 2 10 ../surf/rh.curv
insurf  ../surf/rh.white, nbrs 2, curvature_avgs 10
writing curvature file ../surf/rh.curv
#@# white area rh Fri Mar 13 06:19:23 CET 2026
cd /out/sourcedata/freesurfer/sub-v2s4x29591_ses-1/mri
mris_place_surface --area-map ../surf/rh.white ../surf/rh.area
writing curvature file ../surf/rh.area
#@# pial curv rh Fri Mar 13 06:19:24 CET 2026
cd /out/sourcedata/freesurfer/sub-v2s4x29591_ses-1/mri
mris_place_surface --curv-map ../surf/rh.pial 2 10 ../surf/rh.curv.pial
insurf  ../surf/rh.pial, nbrs 2, curvature_avgs 10
writing curvature file ../surf/rh.curv.pial
#@# pial area rh Fri Mar 13 06:19:25 CET 2026
cd /out/sourcedata/freesurfer/sub-v2s4x29591_ses-1/mri
mris_place_surface --area-map ../surf/rh.pial ../surf/rh.area.pial
writing curvature file ../surf/rh.area.pial
#@# thickness rh Fri Mar 13 06:19:25 CET 2026
cd /out/sourcedata/freesurfer/sub-v2s4x29591_ses-1/mri
mris_place_surface --thickness ../surf/rh.white ../surf/rh.pial 20 5 ../surf/rh.thickness
0 of 107870 vertices processed
25000 of 107870 vertices processed
50000 of 107870 vertices processed
75000 of 107870 vertices processed
100000 of 107870 vertices processed
0 of 107870 vertices processed
25000 of 107870 vertices processed
50000 of 107870 vertices processed
75000 of 107870 vertices processed
100000 of 107870 vertices processed
thickness calculation complete, 1113:5436 truncations.
35835 vertices at 0 distance
70584 vertices at 1 distance
57851 vertices at 2 distance
28191 vertices at 3 distance
12180 vertices at 4 distance
5244 vertices at 5 distance
2306 vertices at 6 distance
1170 vertices at 7 distance
643 vertices at 8 distance
428 vertices at 9 distance
250 vertices at 10 distance
209 vertices at 11 distance
201 vertices at 12 distance
149 vertices at 13 distance
127 vertices at 14 distance
73 vertices at 15 distance
70 vertices at 16 distance
55 vertices at 17 distance
52 vertices at 18 distance
33 vertices at 19 distance
89 vertices at 20 distance
writing curvature file ../surf/rh.thickness
#@# area and vertex vol rh Fri Mar 13 06:19:39 CET 2026
cd /out/sourcedata/freesurfer/sub-v2s4x29591_ses-1/mri
mris_place_surface --thickness ../surf/rh.white ../surf/rh.pial 20 5 ../surf/rh.thickness
/out/sourcedata/freesurfer/sub-v2s4x29591_ses-1/surf
mris_calc -o rh.area.mid rh.area add rh.area.pial
Saving result to 'rh.area.mid' (type = MRI_CURV_FILE)                       [ ok ]
mris_calc -o rh.area.mid rh.area.mid div 2
Saving result to 'rh.area.mid' (type = MRI_CURV_FILE)                       [ ok ]
mris_convert --volume sub-v2s4x29591_ses-1 rh /out/sourcedata/freesurfer/sub-v2s4x29591_ses-1/surf/rh.volume
masking with /out/sourcedata/freesurfer/sub-v2s4x29591_ses-1/label/rh.cortex.label
Total face volume 242409
Total vertex volume 242181 (mask=0)
#@# sub-v2s4x29591_ses-1 rh 242181
 
vertexvol Done

#-----------------------------------------
#@# Curvature Stats rh Fri Mar 13 06:19:40 CET 2026
/out/sourcedata/freesurfer/sub-v2s4x29591_ses-1/surf

 mris_curvature_stats -m --writeCurvatureFiles -G -o ../stats/rh.curv.stats -F smoothwm sub-v2s4x29591_ses-1 rh curv sulc 

             Toggling save flag on curvature files                       [ ok ]
                 Outputting results using filestem   [ ../stats/rh.curv.stats ]
             Toggling save flag on curvature files                       [ ok ]
                                   Setting surface [ sub-v2s4x29591_ses-1/rh.smoothwm ]
                                Reading surface...                       [ ok ]
                                   Setting texture                     [ curv ]
                                Reading texture...                       [ ok ]
                                   Setting texture                     [ sulc ]
                                Reading texture...Gb_filter = 0
                       [ ok ]
      Calculating Discrete Principal Curvatures...
      Determining geometric order for vno faces... [####################] [ ok ]
                      Determining KH curvatures... [####################] [ ok ]
                    Determining k1k2 curvatures... [####################] [ ok ]
                                   deltaViolations                      [ 246 ]
Gb_filter = 0

WARN:    S lookup   min:                          -0.083780
WARN:    S explicit min:                          0.000000	vertex = 541
#-----------------------------------------
#@# Cortical Parc 2 rh Fri Mar 13 06:19:41 CET 2026
/out/sourcedata/freesurfer/sub-v2s4x29591_ses-1/scripts

 mris_ca_label -l ../label/rh.cortex.label -aseg ../mri/aseg.presurf.mgz -seed 1234 sub-v2s4x29591_ses-1 rh ../surf/rh.sphere.reg /opt/freesurfer/average/rh.CDaparc.atlas.acfb40.noaparc.i12.2016-08-02.gcs ../label/rh.aparc.a2009s.annot 

setting seed for random number generator to 1234
using ../mri/aseg.presurf.mgz aseg volume to correct midline
7.3.2
  7.3.2
reading atlas from /opt/freesurfer/average/rh.CDaparc.atlas.acfb40.noaparc.i12.2016-08-02.gcs...
reading color table from GCSA file....
average std = 1.4   using min determinant for regularization = 0.021
0 singular and 0 ill-conditioned covariance matrices regularized
input 0: MEAN CURVATURE, flags 0, avgs 5, name mean_curvature
labeling surface...
57 labels changed using aseg
relabeling using gibbs priors...
000:   6857 changed, 107870 examined...
001:   1555 changed, 27391 examined...
002:    463 changed, 8530 examined...
003:    192 changed, 2714 examined...
004:     94 changed, 1128 examined...
005:     58 changed, 557 examined...
006:     37 changed, 344 examined...
007:     24 changed, 205 examined...
008:     13 changed, 125 examined...
009:     10 changed, 81 examined...
010:      9 changed, 55 examined...
011:      3 changed, 55 examined...
012:      3 changed, 19 examined...
013:      1 changed, 14 examined...
014:      2 changed, 8 examined...
015:      0 changed, 11 examined...
50 labels changed using aseg
000: 184 total segments, 100 labels (1144 vertices) changed
001: 90 total segments, 7 labels (50 vertices) changed
002: 83 total segments, 0 labels (0 vertices) changed
10 filter iterations complete (10 requested, 20 changed)
rationalizing unknown annotations with cortex label
relabeling Medial_wall label...
743 vertices marked for relabeling...
743 labels changed in reclassification.
writing output to ../label/rh.aparc.a2009s.annot...
classification took 0 minutes and 8 seconds.
#-----------------------------------------
#@# Cortical Parc 3 rh Fri Mar 13 06:19:49 CET 2026
/out/sourcedata/freesurfer/sub-v2s4x29591_ses-1/scripts

 mris_ca_label -l ../label/rh.cortex.label -aseg ../mri/aseg.presurf.mgz -seed 1234 sub-v2s4x29591_ses-1 rh ../surf/rh.sphere.reg /opt/freesurfer/average/rh.DKTaparc.atlas.acfb40.noaparc.i12.2016-08-02.gcs ../label/rh.aparc.DKTatlas.annot 

setting seed for random number generator to 1234
using ../mri/aseg.presurf.mgz aseg volume to correct midline
7.3.2
  7.3.2
reading atlas from /opt/freesurfer/average/rh.DKTaparc.atlas.acfb40.noaparc.i12.2016-08-02.gcs...
reading color table from GCSA file....
average std = 0.9   using min determinant for regularization = 0.009
0 singular and 325 ill-conditioned covariance matrices regularized
input 0: MEAN CURVATURE, flags 0, avgs 5, name mean_curvature
labeling surface...
1535 labels changed using aseg
relabeling using gibbs priors...
000:   1662 changed, 107870 examined...
001:    358 changed, 7854 examined...
002:    120 changed, 2097 examined...
003:     50 changed, 709 examined...
004:     28 changed, 276 examined...
005:     26 changed, 153 examined...
006:     10 changed, 114 examined...
007:      9 changed, 59 examined...
008:      4 changed, 50 examined...
009:      1 changed, 25 examined...
010:      0 changed, 7 examined...
241 labels changed using aseg
000: 48 total segments, 15 labels (70 vertices) changed
001: 33 total segments, 0 labels (0 vertices) changed
10 filter iterations complete (10 requested, 2 changed)
rationalizing unknown annotations with cortex label
relabeling unknown label...
relabeling corpuscallosum label...
583 vertices marked for relabeling...
583 labels changed in reclassification.
writing output to ../label/rh.aparc.DKTatlas.annot...
classification took 0 minutes and 6 seconds.
#-----------------------------------------
#@# WM/GM Contrast rh Fri Mar 13 06:19:54 CET 2026
/out/sourcedata/freesurfer/sub-v2s4x29591_ses-1/scripts

 pctsurfcon --s sub-v2s4x29591_ses-1 --rh-only 

Log file is /out/sourcedata/freesurfer/sub-v2s4x29591_ses-1/scripts/pctsurfcon.log
Fri Mar 13 06:19:55 CET 2026
setenv SUBJECTS_DIR /out/sourcedata/freesurfer
cd /out/sourcedata/freesurfer/sub-v2s4x29591_ses-1/scripts
/opt/freesurfer/bin/pctsurfcon
pctsurfcon 7.3.2
Linux dna073 5.14.0-427.37.1.el9_4.x86_64 #1 SMP PREEMPT_DYNAMIC Fri Sep 13 12:41:50 EDT 2024 x86_64 x86_64 x86_64 GNU/Linux
FREESURFER_HOME /opt/freesurfer
mri_vol2surf --mov /out/sourcedata/freesurfer/sub-v2s4x29591_ses-1/mri/rawavg.mgz --hemi rh --noreshape --interp trilinear --projdist -1 --o /out/sourcedata/freesurfer/sub-v2s4x29591_ses-1/surf/tmp.pctsurfcon.2615644/rh.wm.mgh --regheader sub-v2s4x29591_ses-1 --cortex
srcvol = /out/sourcedata/freesurfer/sub-v2s4x29591_ses-1/mri/rawavg.mgz
srcreg unspecified
srcregold = 0
srcwarp unspecified
surf = white
hemi = rh
ProjDist = -1
reshape = 0
interp = trilinear
float2int = round
GetProjMax = 0
INFO: float2int code = 0
Done loading volume
Computing registration from header.
  Using /out/sourcedata/freesurfer/sub-v2s4x29591_ses-1/mri/orig.mgz as target reference.
-------- original matrix -----------
-0.99590   0.09044   0.00000   0.00000;
 0.00000   0.00000   1.00000   0.00000;
-0.09044  -0.99590   0.00000   0.00002;
 0.00000   0.00000   0.00000   1.00000;
-------- original matrix -----------
Loading label /out/sourcedata/freesurfer/sub-v2s4x29591_ses-1/label/rh.cortex.label
Reading surface /out/sourcedata/freesurfer/sub-v2s4x29591_ses-1/surf/rh.white
Done reading source surface
Mapping Source Volume onto Source Subject Surface
Projecting -1 -1 1
 1 -1 -1 -1
using old
Done mapping volume to surface
Number of source voxels hit = 65060
Masking with /out/sourcedata/freesurfer/sub-v2s4x29591_ses-1/label/rh.cortex.label
Writing to /out/sourcedata/freesurfer/sub-v2s4x29591_ses-1/surf/tmp.pctsurfcon.2615644/rh.wm.mgh
Dim: 107870 1 1
mri_vol2surf --mov /out/sourcedata/freesurfer/sub-v2s4x29591_ses-1/mri/rawavg.mgz --hemi rh --noreshape --interp trilinear --o /out/sourcedata/freesurfer/sub-v2s4x29591_ses-1/surf/tmp.pctsurfcon.2615644/rh.gm.mgh --projfrac 0.3 --regheader sub-v2s4x29591_ses-1 --cortex
srcvol = /out/sourcedata/freesurfer/sub-v2s4x29591_ses-1/mri/rawavg.mgz
srcreg unspecified
srcregold = 0
srcwarp unspecified
surf = white
hemi = rh
ProjFrac = 0.3
thickness = thickness
reshape = 0
interp = trilinear
float2int = round
GetProjMax = 0
INFO: float2int code = 0
Done loading volume
Computing registration from header.
  Using /out/sourcedata/freesurfer/sub-v2s4x29591_ses-1/mri/orig.mgz as target reference.
-------- original matrix -----------
-0.99590   0.09044   0.00000   0.00000;
 0.00000   0.00000   1.00000   0.00000;
-0.09044  -0.99590   0.00000   0.00002;
 0.00000   0.00000   0.00000   1.00000;
-------- original matrix -----------
Loading label /out/sourcedata/freesurfer/sub-v2s4x29591_ses-1/label/rh.cortex.label
Reading surface /out/sourcedata/freesurfer/sub-v2s4x29591_ses-1/surf/rh.white
Done reading source surface
Reading thickness /out/sourcedata/freesurfer/sub-v2s4x29591_ses-1/surf/rh.thickness
Done
Mapping Source Volume onto Source Subject Surface
Projecting 0.3 0.3 1
 1 0.3 0.3 0.3
using old
Done mapping volume to surface
Number of source voxels hit = 77232
Masking with /out/sourcedata/freesurfer/sub-v2s4x29591_ses-1/label/rh.cortex.label
Writing to /out/sourcedata/freesurfer/sub-v2s4x29591_ses-1/surf/tmp.pctsurfcon.2615644/rh.gm.mgh
Dim: 107870 1 1
mri_concat /out/sourcedata/freesurfer/sub-v2s4x29591_ses-1/surf/tmp.pctsurfcon.2615644/rh.wm.mgh /out/sourcedata/freesurfer/sub-v2s4x29591_ses-1/surf/tmp.pctsurfcon.2615644/rh.gm.mgh --paired-diff-norm --mul 100 --o /out/sourcedata/freesurfer/sub-v2s4x29591_ses-1/surf/rh.w-g.pct.mgh
ninputs = 2
Checking inputs
nframestot = 2
Allocing output
Done allocing
Combining pairs
nframes = 1
Multiplying by 100.000000
Writing to /out/sourcedata/freesurfer/sub-v2s4x29591_ses-1/surf/rh.w-g.pct.mgh
mri_segstats --in /out/sourcedata/freesurfer/sub-v2s4x29591_ses-1/surf/rh.w-g.pct.mgh --annot sub-v2s4x29591_ses-1 rh aparc --sum /out/sourcedata/freesurfer/sub-v2s4x29591_ses-1/stats/rh.w-g.pct.stats --snr

7.3.2
cwd 
cmdline mri_segstats --in /out/sourcedata/freesurfer/sub-v2s4x29591_ses-1/surf/rh.w-g.pct.mgh --annot sub-v2s4x29591_ses-1 rh aparc --sum /out/sourcedata/freesurfer/sub-v2s4x29591_ses-1/stats/rh.w-g.pct.stats --snr 
sysname  Linux
hostname dna073
machine  x86_64
user     oesteban
whitesurfname  white
UseRobust  0
Constructing seg from annotation

Reading annotation /out/sourcedata/freesurfer/sub-v2s4x29591_ses-1/label/rh.aparc.annot
Seg base 2000
Loading /out/sourcedata/freesurfer/sub-v2s4x29591_ses-1/surf/rh.w-g.pct.mgh
Vertex Area is 0.701512 mm^3
Generating list of segmentation ids
Found  36 segmentations
Computing statistics for each segmentation

Reporting on  35 segmentations
Using PrintSegStat
mri_segstats done
Cleaning up

Started at Fri Mar 13 05:40:24 CET 2026 
Ended   at Fri Mar 13 06:19:56 CET 2026
#@#%# recon-all-run-time-hours 0.659
recon-all -s sub-v2s4x29591_ses-1 finished without error at Fri Mar 13 06:19:56 CET 2026



#New# invocation of recon-all 




Fri Mar 13 06:25:25 CET 2026
cd /out/sourcedata/freesurfer/sub-v2s4x29591_ses-1
setenv SUBJECTS_DIR /out/sourcedata/freesurfer
/opt/freesurfer/bin/recon-all -autorecon-hemi rh -nohyporelabel -rh-only -openmp 16 -subjid sub-v2s4x29591_ses-1 -sd /out/sourcedata/freesurfer -notessellate -nosmooth1 -noinflate1 -noqsphere -nofix -nowhite -nosmooth2 -noinflate2 -nocurvHK -nocurvstats -nosphere -nosurfreg -nojacobian_white -noavgcurv -nocortparc -nopial -nocortparc2 -nocortparc3 -nopctsurfcon

subjid sub-v2s4x29591_ses-1
setenv SUBJECTS_DIR /out/sourcedata/freesurfer
FREESURFER_HOME /opt/freesurfer
Actual FREESURFER_HOME /opt/freesurfer
build-stamp.txt: freesurfer-linux-ubuntu22_x86_64-7.3.2-20220804-6354275
Linux dna073 5.14.0-427.37.1.el9_4.x86_64 #1 SMP PREEMPT_DYNAMIC Fri Sep 13 12:41:50 EDT 2024 x86_64 x86_64 x86_64 GNU/Linux
cputime      unlimited
filesize     unlimited
datasize     unlimited
stacksize    8192 kbytes
coredumpsize 0 kbytes
memoryuse    67108864 kbytes
vmemoryuse   unlimited
descriptors  1024 
memorylocked unlimited
maxproc      2061970 
maxlocks     unlimited
maxsignal    2062029 
maxmessage   819200 
maxnice      0 
maxrtprio    0 
maxrttime    unlimited

               total        used        free      shared  buff/cache   available
Mem:           503Gi        53Gi       297Gi        16Gi       152Gi       430Gi
Swap:             0B          0B          0B

########################################
program versions used
7.3.2 (freesurfer-linux-ubuntu22_x86_64-7.3.2-20220804-6354275)
7.3.2

ProgramName: lta_convert  ProgramArguments: lta_convert -all-info  ProgramVersion: 7.3.2  TimeStamp: 2026/03/13-05:25:25-GMT  BuildTime: Aug  4 2022 06:17:15  BuildStamp: freesurfer-linux-ubuntu22_x86_64-7.3.2-20220804-6354275  User: oesteban  Machine: dna073  Platform: Linux  PlatformVersion: 5.14.0-427.37.1.el9_4.x86_64  CompilerName: GCC  CompilerVersion: 8.4.0
ProgramName: mri_and  ProgramArguments: mri_and -all-info  ProgramVersion: 7.3.2  TimeStamp: 2026/03/13-05:25:25-GMT  BuildTime: Aug  4 2022 06:17:15  BuildStamp: freesurfer-linux-ubuntu22_x86_64-7.3.2-20220804-6354275  User: oesteban  Machine: dna073  Platform: Linux  PlatformVersion: 5.14.0-427.37.1.el9_4.x86_64  CompilerName: GCC  CompilerVersion: 8.4.0
ProgramName: mri_annotation2label  ProgramArguments: mri_annotation2label -all-info  ProgramVersion: 7.3.2  TimeStamp: 2026/03/13-05:25:25-GMT  BuildTime: Aug  4 2022 06:17:15  BuildStamp: freesurfer-linux-ubuntu22_x86_64-7.3.2-20220804-6354275  User: oesteban  Machine: dna073  Platform: Linux  PlatformVersion: 5.14.0-427.37.1.el9_4.x86_64  CompilerName: GCC  CompilerVersion: 8.4.0
ProgramName: mri_aparc2aseg  ProgramArguments: mri_aparc2aseg -all-info  ProgramVersion: 7.3.2  TimeStamp: 2026/03/13-05:25:25-GMT  BuildTime: Aug  4 2022 06:17:15  BuildStamp: freesurfer-linux-ubuntu22_x86_64-7.3.2-20220804-6354275  User: oesteban  Machine: dna073  Platform: Linux  PlatformVersion: 5.14.0-427.37.1.el9_4.x86_64  CompilerName: GCC  CompilerVersion: 8.4.0
ProgramName: mri_surf2volseg  ProgramArguments: mri_surf2volseg -all-info  ProgramVersion: 7.3.2  TimeStamp: 2026/03/13-05:25:25-GMT  BuildTime: Aug  4 2022 06:17:15  BuildStamp: freesurfer-linux-ubuntu22_x86_64-7.3.2-20220804-6354275  User: oesteban  Machine: dna073  Platform: Linux  PlatformVersion: 5.14.0-427.37.1.el9_4.x86_64  CompilerName: GCC  CompilerVersion: 8.4.0
ProgramName: mri_binarize  ProgramArguments: mri_binarize -all-info  ProgramVersion: 7.3.2  TimeStamp: 2026/03/13-05:25:25-GMT  BuildTime: Aug  4 2022 06:17:15  BuildStamp: freesurfer-linux-ubuntu22_x86_64-7.3.2-20220804-6354275  User: oesteban  Machine: dna073  Platform: Linux  PlatformVersion: 5.14.0-427.37.1.el9_4.x86_64  CompilerName: GCC  CompilerVersion: 8.4.0
ProgramName: mri_ca_label  ProgramArguments: mri_ca_label -all-info  ProgramVersion: 7.3.2  TimeStamp: 2026/03/13-05:25:25-GMT  BuildTime: Aug  4 2022 06:17:15  BuildStamp: freesurfer-linux-ubuntu22_x86_64-7.3.2-20220804-6354275  User: oesteban  Machine: dna073  Platform: Linux  PlatformVersion: 5.14.0-427.37.1.el9_4.x86_64  CompilerName: GCC  CompilerVersion: 8.4.0
ProgramName: mri_ca_normalize  ProgramArguments: mri_ca_normalize -all-info  ProgramVersion: 7.3.2  TimeStamp: 2026/03/13-05:25:25-GMT  BuildTime: Aug  4 2022 06:17:15  BuildStamp: freesurfer-linux-ubuntu22_x86_64-7.3.2-20220804-6354275  User: oesteban  Machine: dna073  Platform: Linux  PlatformVersion: 5.14.0-427.37.1.el9_4.x86_64  CompilerName: GCC  CompilerVersion: 8.4.0
ProgramName: mri_ca_register  ProgramArguments: mri_ca_register -all-info  ProgramVersion: 7.3.2  TimeStamp: 2026/03/13-05:25:25-GMT  BuildTime: Aug  4 2022 06:17:15  BuildStamp: freesurfer-linux-ubuntu22_x86_64-7.3.2-20220804-6354275  User: oesteban  Machine: dna073  Platform: Linux  PlatformVersion: 5.14.0-427.37.1.el9_4.x86_64  CompilerName: GCC  CompilerVersion: 8.4.0
ProgramName: mri_cc  ProgramArguments: mri_cc -all-info  ProgramVersion: 7.3.2  TimeStamp: 2026/03/13-05:25:25-GMT  BuildTime: Aug  4 2022 06:17:15  BuildStamp: freesurfer-linux-ubuntu22_x86_64-7.3.2-20220804-6354275  User: oesteban  Machine: dna073  Platform: Linux  PlatformVersion: 5.14.0-427.37.1.el9_4.x86_64  CompilerName: GCC  CompilerVersion: 8.4.0
ProgramName: mri_compute_overlap  ProgramArguments: mri_compute_overlap -all-info  ProgramVersion: 7.3.2  TimeStamp: 2026/03/13-05:25:25-GMT  BuildTime: Aug  4 2022 06:17:15  BuildStamp: freesurfer-linux-ubuntu22_x86_64-7.3.2-20220804-6354275  User: oesteban  Machine: dna073  Platform: Linux  PlatformVersion: 5.14.0-427.37.1.el9_4.x86_64  CompilerName: GCC  CompilerVersion: 8.4.0
ProgramName: mri_compute_seg_overlap  ProgramArguments: mri_compute_seg_overlap -all-info  ProgramVersion: 7.3.2  TimeStamp: 2026/03/13-05:25:25-GMT  BuildTime: Aug  4 2022 06:17:15  BuildStamp: freesurfer-linux-ubuntu22_x86_64-7.3.2-20220804-6354275  User: oesteban  Machine: dna073  Platform: Linux  PlatformVersion: 5.14.0-427.37.1.el9_4.x86_64  CompilerName: GCC  CompilerVersion: 8.4.0
ProgramName: mri_concat  ProgramArguments: mri_concat -all-info  ProgramVersion: 7.3.2  TimeStamp: 2026/03/13-05:25:25-GMT  BuildTime: Aug  4 2022 06:17:15  BuildStamp: freesurfer-linux-ubuntu22_x86_64-7.3.2-20220804-6354275  User: oesteban  Machine: dna073  Platform: Linux  PlatformVersion: 5.14.0-427.37.1.el9_4.x86_64  CompilerName: GCC  CompilerVersion: 8.4.0
ProgramName: mri_concatenate_lta  ProgramArguments: mri_concatenate_lta -all-info  ProgramVersion: 7.3.2  TimeStamp: 2026/03/13-05:25:25-GMT  BuildTime: Aug  4 2022 06:17:15  BuildStamp: freesurfer-linux-ubuntu22_x86_64-7.3.2-20220804-6354275  User: oesteban  Machine: dna073  Platform: Linux  PlatformVersion: 5.14.0-427.37.1.el9_4.x86_64  CompilerName: GCC  CompilerVersion: 8.4.0
mri_convert -all-info 
ProgramName: mri_convert  ProgramArguments: mri_convert -all-info  ProgramVersion: 7.3.2  TimeStamp: 2026/03/13-05:25:25-GMT  BuildTime: Aug  4 2022 06:17:15  BuildStamp: freesurfer-linux-ubuntu22_x86_64-7.3.2-20220804-6354275  User: oesteban  Machine: dna073  Platform: Linux  PlatformVersion: 5.14.0-427.37.1.el9_4.x86_64  CompilerName: GCC  CompilerVersion: 8.4.0
ProgramName: mri_diff  ProgramArguments: mri_diff -all-info  ProgramVersion: 7.3.2  TimeStamp: 2026/03/13-05:25:25-GMT  BuildTime: Aug  4 2022 06:17:15  BuildStamp: freesurfer-linux-ubuntu22_x86_64-7.3.2-20220804-6354275  User: oesteban  Machine: dna073  Platform: Linux  PlatformVersion: 5.14.0-427.37.1.el9_4.x86_64  CompilerName: GCC  CompilerVersion: 8.4.0
ProgramName: mri_edit_wm_with_aseg  ProgramArguments: mri_edit_wm_with_aseg -all-info  ProgramVersion: 7.3.2  TimeStamp: 2026/03/13-05:25:25-GMT  BuildTime: Aug  4 2022 06:17:15  BuildStamp: freesurfer-linux-ubuntu22_x86_64-7.3.2-20220804-6354275  User: oesteban  Machine: dna073  Platform: Linux  PlatformVersion: 5.14.0-427.37.1.el9_4.x86_64  CompilerName: GCC  CompilerVersion: 8.4.0
ProgramName: mri_em_register  ProgramArguments: mri_em_register -all-info  ProgramVersion: 7.3.2  TimeStamp: 2026/03/13-05:25:25-GMT  BuildTime: Aug  4 2022 06:17:15  BuildStamp: freesurfer-linux-ubuntu22_x86_64-7.3.2-20220804-6354275  User: oesteban  Machine: dna073  Platform: Linux  PlatformVersion: 5.14.0-427.37.1.el9_4.x86_64  CompilerName: GCC  CompilerVersion: 8.4.0
ProgramName: mri_fill  ProgramArguments: mri_fill -all-info  ProgramVersion: 7.3.2  TimeStamp: 2026/03/13-05:25:25-GMT  BuildTime: Aug  4 2022 06:17:15  BuildStamp: freesurfer-linux-ubuntu22_x86_64-7.3.2-20220804-6354275  User: oesteban  Machine: dna073  Platform: Linux  PlatformVersion: 5.14.0-427.37.1.el9_4.x86_64  CompilerName: GCC  CompilerVersion: 8.4.0
ProgramName: mri_fuse_segmentations  ProgramArguments: mri_fuse_segmentations -all-info  ProgramVersion: 7.3.2  TimeStamp: 2026/03/13-05:25:25-GMT  BuildTime: Aug  4 2022 06:17:15  BuildStamp: freesurfer-linux-ubuntu22_x86_64-7.3.2-20220804-6354275  User: oesteban  Machine: dna073  Platform: Linux  PlatformVersion: 5.14.0-427.37.1.el9_4.x86_64  CompilerName: GCC  CompilerVersion: 8.4.0
ProgramName: mri_fwhm  ProgramArguments: mri_fwhm -all-info  ProgramVersion: 7.3.2  TimeStamp: 2026/03/13-05:25:25-GMT  BuildTime: Aug  4 2022 06:17:15  BuildStamp: freesurfer-linux-ubuntu22_x86_64-7.3.2-20220804-6354275  User: oesteban  Machine: dna073  Platform: Linux  PlatformVersion: 5.14.0-427.37.1.el9_4.x86_64  CompilerName: GCC  CompilerVersion: 8.4.0
ProgramName: mri_gcut  ProgramArguments: mri_gcut -all-info  ProgramVersion: 7.3.2  TimeStamp: 2026/03/13-05:25:25-GMT  BuildTime: Aug  4 2022 06:17:15  BuildStamp: freesurfer-linux-ubuntu22_x86_64-7.3.2-20220804-6354275  User: oesteban  Machine: dna073  Platform: Linux  PlatformVersion: 5.14.0-427.37.1.el9_4.x86_64  CompilerName: GCC  CompilerVersion: 8.4.0
ProgramName: mri_info  ProgramArguments: mri_info -all-info  ProgramVersion: 7.3.2  TimeStamp: 2026/03/13-05:25:25-GMT  BuildTime: Aug  4 2022 06:17:15  BuildStamp: freesurfer-linux-ubuntu22_x86_64-7.3.2-20220804-6354275  User: oesteban  Machine: dna073  Platform: Linux  PlatformVersion: 5.14.0-427.37.1.el9_4.x86_64  CompilerName: GCC  CompilerVersion: 8.4.0
ProgramName: mri_label2label  ProgramArguments: mri_label2label -all-info  ProgramVersion: 7.3.2  TimeStamp: 2026/03/13-05:25:25-GMT  BuildTime: Aug  4 2022 06:17:15  BuildStamp: freesurfer-linux-ubuntu22_x86_64-7.3.2-20220804-6354275  User: oesteban  Machine: dna073  Platform: Linux  PlatformVersion: 5.14.0-427.37.1.el9_4.x86_64  CompilerName: GCC  CompilerVersion: 8.4.0
ProgramName: mri_label2vol  ProgramArguments: mri_label2vol -all-info  ProgramVersion: 7.3.2  TimeStamp: 2026/03/13-05:25:25-GMT  BuildTime: Aug  4 2022 06:17:15  BuildStamp: freesurfer-linux-ubuntu22_x86_64-7.3.2-20220804-6354275  User: oesteban  Machine: dna073  Platform: Linux  PlatformVersion: 5.14.0-427.37.1.el9_4.x86_64  CompilerName: GCC  CompilerVersion: 8.4.0
ProgramName: mri_log_likelihood  ProgramArguments: mri_log_likelihood -all-info  ProgramVersion: 7.3.2  TimeStamp: 2026/03/13-05:25:25-GMT  BuildTime: Aug  4 2022 06:17:15  BuildStamp: freesurfer-linux-ubuntu22_x86_64-7.3.2-20220804-6354275  User: oesteban  Machine: dna073  Platform: Linux  PlatformVersion: 5.14.0-427.37.1.el9_4.x86_64  CompilerName: GCC  CompilerVersion: 8.4.0
ProgramName: mri_mask  ProgramArguments: mri_mask -all-info  ProgramVersion: 7.3.2  TimeStamp: 2026/03/13-05:25:25-GMT  BuildTime: Aug  4 2022 06:17:15  BuildStamp: freesurfer-linux-ubuntu22_x86_64-7.3.2-20220804-6354275  User: oesteban  Machine: dna073  Platform: Linux  PlatformVersion: 5.14.0-427.37.1.el9_4.x86_64  CompilerName: GCC  CompilerVersion: 8.4.0
ProgramName: mri_matrix_multiply  ProgramArguments: mri_matrix_multiply -all-info  ProgramVersion: 7.3.2  TimeStamp: 2026/03/13-05:25:25-GMT  BuildTime: Aug  4 2022 06:17:15  BuildStamp: freesurfer-linux-ubuntu22_x86_64-7.3.2-20220804-6354275  User: oesteban  Machine: dna073  Platform: Linux  PlatformVersion: 5.14.0-427.37.1.el9_4.x86_64  CompilerName: GCC  CompilerVersion: 8.4.0
ProgramName: mri_normalize  ProgramArguments: mri_normalize -all-info  ProgramVersion: 7.3.2  TimeStamp: 2026/03/13-05:25:25-GMT  BuildTime: Aug  4 2022 06:17:15  BuildStamp: freesurfer-linux-ubuntu22_x86_64-7.3.2-20220804-6354275  User: oesteban  Machine: dna073  Platform: Linux  PlatformVersion: 5.14.0-427.37.1.el9_4.x86_64  CompilerName: GCC  CompilerVersion: 8.4.0
ProgramName: mri_normalize_tp2  ProgramArguments: mri_normalize_tp2 -all-info  ProgramVersion: 7.3.2  TimeStamp: 2026/03/13-05:25:25-GMT  BuildTime: Aug  4 2022 06:17:15  BuildStamp: freesurfer-linux-ubuntu22_x86_64-7.3.2-20220804-6354275  User: oesteban  Machine: dna073  Platform: Linux  PlatformVersion: 5.14.0-427.37.1.el9_4.x86_64  CompilerName: GCC  CompilerVersion: 8.4.0
ProgramName: mri_or  ProgramArguments: mri_or -all-info  ProgramVersion: 7.3.2  TimeStamp: 2026/03/13-05:25:25-GMT  BuildTime: Aug  4 2022 06:17:15  BuildStamp: freesurfer-linux-ubuntu22_x86_64-7.3.2-20220804-6354275  User: oesteban  Machine: dna073  Platform: Linux  PlatformVersion: 5.14.0-427.37.1.el9_4.x86_64  CompilerName: GCC  CompilerVersion: 8.4.0
ProgramName: mri_relabel_hypointensities  ProgramArguments: mri_relabel_hypointensities -all-info  ProgramVersion: 7.3.2  TimeStamp: 2026/03/13-05:25:25-GMT  BuildTime: Aug  4 2022 06:17:15  BuildStamp: freesurfer-linux-ubuntu22_x86_64-7.3.2-20220804-6354275  User: oesteban  Machine: dna073  Platform: Linux  PlatformVersion: 5.14.0-427.37.1.el9_4.x86_64  CompilerName: GCC  CompilerVersion: 8.4.0
ProgramName: mri_relabel_nonwm_hypos  ProgramArguments: mri_relabel_nonwm_hypos -all-info  ProgramVersion: 7.3.2  TimeStamp: 2026/03/13-05:25:25-GMT  BuildTime: Aug  4 2022 06:17:15  BuildStamp: freesurfer-linux-ubuntu22_x86_64-7.3.2-20220804-6354275  User: oesteban  Machine: dna073  Platform: Linux  PlatformVersion: 5.14.0-427.37.1.el9_4.x86_64  CompilerName: GCC  CompilerVersion: 8.4.0
ProgramName: mri_remove_neck  ProgramArguments: mri_remove_neck -all-info  ProgramVersion: 7.3.2  TimeStamp: 2026/03/13-05:25:25-GMT  BuildTime: Aug  4 2022 06:17:15  BuildStamp: freesurfer-linux-ubuntu22_x86_64-7.3.2-20220804-6354275  User: oesteban  Machine: dna073  Platform: Linux  PlatformVersion: 5.14.0-427.37.1.el9_4.x86_64  CompilerName: GCC  CompilerVersion: 8.4.0
7.3.2

ProgramName: mri_robust_register  ProgramArguments: mri_robust_register -all-info  ProgramVersion: 7.3.2  TimeStamp: 2026/03/13-05:25:25-GMT  BuildTime: Aug  4 2022 06:17:15  BuildStamp: freesurfer-linux-ubuntu22_x86_64-7.3.2-20220804-6354275  User: oesteban  Machine: dna073  Platform: Linux  PlatformVersion: 5.14.0-427.37.1.el9_4.x86_64  CompilerName: GCC  CompilerVersion: 8.4.0
7.3.2

ProgramName: mri_robust_template  ProgramArguments: mri_robust_template -all-info  ProgramVersion: 7.3.2  TimeStamp: 2026/03/13-05:25:25-GMT  BuildTime: Aug  4 2022 06:17:15  BuildStamp: freesurfer-linux-ubuntu22_x86_64-7.3.2-20220804-6354275  User: oesteban  Machine: dna073  Platform: Linux  PlatformVersion: 5.14.0-427.37.1.el9_4.x86_64  CompilerName: GCC  CompilerVersion: 8.4.0
ProgramName: mris_anatomical_stats  ProgramArguments: mris_anatomical_stats -all-info  ProgramVersion: 7.3.2  TimeStamp: 2026/03/13-05:25:25-GMT  BuildTime: Aug  4 2022 06:17:15  BuildStamp: freesurfer-linux-ubuntu22_x86_64-7.3.2-20220804-6354275  User: oesteban  Machine: dna073  Platform: Linux  PlatformVersion: 5.14.0-427.37.1.el9_4.x86_64  CompilerName: GCC  CompilerVersion: 8.4.0
ProgramName: mris_ca_label  ProgramArguments: mris_ca_label -all-info  ProgramVersion: 7.3.2  TimeStamp: 2026/03/13-05:25:25-GMT  BuildTime: Aug  4 2022 06:17:15  BuildStamp: freesurfer-linux-ubuntu22_x86_64-7.3.2-20220804-6354275  User: oesteban  Machine: dna073  Platform: Linux  PlatformVersion: 5.14.0-427.37.1.el9_4.x86_64  CompilerName: GCC  CompilerVersion: 8.4.0
ProgramName: mris_calc  ProgramArguments: mris_calc -all-info  ProgramVersion: 7.3.2  TimeStamp: 2026/03/13-05:25:25-GMT  BuildTime: Aug  4 2022 06:17:15  BuildStamp: freesurfer-linux-ubuntu22_x86_64-7.3.2-20220804-6354275  User: oesteban  Machine: dna073  Platform: Linux  PlatformVersion: 5.14.0-427.37.1.el9_4.x86_64  CompilerName: GCC  CompilerVersion: 8.4.0
ProgramName: mris_convert  ProgramArguments: mris_convert -all-info  ProgramVersion: 7.3.2  TimeStamp: 2026/03/13-05:25:25-GMT  BuildTime: Aug  4 2022 06:17:15  BuildStamp: freesurfer-linux-ubuntu22_x86_64-7.3.2-20220804-6354275  User: oesteban  Machine: dna073  Platform: Linux  PlatformVersion: 5.14.0-427.37.1.el9_4.x86_64  CompilerName: GCC  CompilerVersion: 8.4.0
ProgramName: mris_curvature  ProgramArguments: mris_curvature -all-info  ProgramVersion: 7.3.2  TimeStamp: 2026/03/13-05:25:25-GMT  BuildTime: Aug  4 2022 06:17:15  BuildStamp: freesurfer-linux-ubuntu22_x86_64-7.3.2-20220804-6354275  User: oesteban  Machine: dna073  Platform: Linux  PlatformVersion: 5.14.0-427.37.1.el9_4.x86_64  CompilerName: GCC  CompilerVersion: 8.4.0
ProgramName: mris_curvature_stats  ProgramArguments: mris_curvature_stats -all-info  ProgramVersion: 7.3.2  TimeStamp: 2026/03/13-05:25:25-GMT  BuildTime: Aug  4 2022 06:17:15  BuildStamp: freesurfer-linux-ubuntu22_x86_64-7.3.2-20220804-6354275  User: oesteban  Machine: dna073  Platform: Linux  PlatformVersion: 5.14.0-427.37.1.el9_4.x86_64  CompilerName: GCC  CompilerVersion: 8.4.0
ProgramName: mris_diff  ProgramArguments: mris_diff -all-info  ProgramVersion: 7.3.2  TimeStamp: 2026/03/13-05:25:25-GMT  BuildTime: Aug  4 2022 06:17:15  BuildStamp: freesurfer-linux-ubuntu22_x86_64-7.3.2-20220804-6354275  User: oesteban  Machine: dna073  Platform: Linux  PlatformVersion: 5.14.0-427.37.1.el9_4.x86_64  CompilerName: GCC  CompilerVersion: 8.4.0
ProgramName: mris_divide_parcellation  ProgramArguments: mris_divide_parcellation -all-info  ProgramVersion: 7.3.2  TimeStamp: 2026/03/13-05:25:25-GMT  BuildTime: Aug  4 2022 06:17:15  BuildStamp: freesurfer-linux-ubuntu22_x86_64-7.3.2-20220804-6354275  User: oesteban  Machine: dna073  Platform: Linux  PlatformVersion: 5.14.0-427.37.1.el9_4.x86_64  CompilerName: GCC  CompilerVersion: 8.4.0
ProgramName: mri_segment  ProgramArguments: mri_segment -all-info  ProgramVersion: 7.3.2  TimeStamp: 2026/03/13-05:25:25-GMT  BuildTime: Aug  4 2022 06:17:15  BuildStamp: freesurfer-linux-ubuntu22_x86_64-7.3.2-20220804-6354275  User: oesteban  Machine: dna073  Platform: Linux  PlatformVersion: 5.14.0-427.37.1.el9_4.x86_64  CompilerName: GCC  CompilerVersion: 8.4.0
ProgramName: mri_segstats  ProgramArguments: mri_segstats -all-info  ProgramVersion: 7.3.2  TimeStamp: 2026/03/13-05:25:25-GMT  BuildTime: Aug  4 2022 06:17:15  BuildStamp: freesurfer-linux-ubuntu22_x86_64-7.3.2-20220804-6354275  User: oesteban  Machine: dna073  Platform: Linux  PlatformVersion: 5.14.0-427.37.1.el9_4.x86_64  CompilerName: GCC  CompilerVersion: 8.4.0
ProgramName: mris_euler_number  ProgramArguments: mris_euler_number -all-info  ProgramVersion: 7.3.2  TimeStamp: 2026/03/13-05:25:25-GMT  BuildTime: Aug  4 2022 06:17:15  BuildStamp: freesurfer-linux-ubuntu22_x86_64-7.3.2-20220804-6354275  User: oesteban  Machine: dna073  Platform: Linux  PlatformVersion: 5.14.0-427.37.1.el9_4.x86_64  CompilerName: GCC  CompilerVersion: 8.4.0
ProgramName: mris_fix_topology  ProgramArguments: mris_fix_topology -all-info  ProgramVersion: 7.3.2  TimeStamp: 2026/03/13-05:25:25-GMT  BuildTime: Aug  4 2022 06:17:15  BuildStamp: freesurfer-linux-ubuntu22_x86_64-7.3.2-20220804-6354275  User: oesteban  Machine: dna073  Platform: Linux  PlatformVersion: 5.14.0-427.37.1.el9_4.x86_64  CompilerName: GCC  CompilerVersion: 8.4.0
ProgramName: mris_topo_fixer  ProgramArguments: mris_topo_fixer -all-info  ProgramVersion: 7.3.2  TimeStamp: 2026/03/13-05:25:25-GMT  BuildTime: Aug  4 2022 06:17:15  BuildStamp: freesurfer-linux-ubuntu22_x86_64-7.3.2-20220804-6354275  User: oesteban  Machine: dna073  Platform: Linux  PlatformVersion: 5.14.0-427.37.1.el9_4.x86_64  CompilerName: GCC  CompilerVersion: 8.4.0
ProgramName: mris_jacobian  ProgramArguments: mris_jacobian -all-info  ProgramVersion: 7.3.2  TimeStamp: 2026/03/13-05:25:25-GMT  BuildTime: Aug  4 2022 06:17:15  BuildStamp: freesurfer-linux-ubuntu22_x86_64-7.3.2-20220804-6354275  User: oesteban  Machine: dna073  Platform: Linux  PlatformVersion: 5.14.0-427.37.1.el9_4.x86_64  CompilerName: GCC  CompilerVersion: 8.4.0
ProgramName: mris_label2annot  ProgramArguments: mris_label2annot -all-info  ProgramVersion: 7.3.2  TimeStamp: 2026/03/13-05:25:25-GMT  BuildTime: Aug  4 2022 06:17:15  BuildStamp: freesurfer-linux-ubuntu22_x86_64-7.3.2-20220804-6354275  User: oesteban  Machine: dna073  Platform: Linux  PlatformVersion: 5.14.0-427.37.1.el9_4.x86_64  CompilerName: GCC  CompilerVersion: 8.4.0
ProgramName: mris_left_right_register  ProgramArguments: mris_left_right_register -all-info  ProgramVersion: 7.3.2  TimeStamp: 2026/03/13-05:25:25-GMT  BuildTime: Aug  4 2022 06:17:15  BuildStamp: freesurfer-linux-ubuntu22_x86_64-7.3.2-20220804-6354275  User: oesteban  Machine: dna073  Platform: Linux  PlatformVersion: 5.14.0-427.37.1.el9_4.x86_64  CompilerName: GCC  CompilerVersion: 8.4.0
ProgramName: mris_place_surface  ProgramArguments: mris_place_surface -all-info  ProgramVersion: 7.3.2  TimeStamp: 2026/03/13-05:25:25-GMT  BuildTime: Aug  4 2022 06:17:15  BuildStamp: freesurfer-linux-ubuntu22_x86_64-7.3.2-20220804-6354275  User: oesteban  Machine: dna073  Platform: Linux  PlatformVersion: 5.14.0-427.37.1.el9_4.x86_64  CompilerName: GCC  CompilerVersion: 8.4.0
ProgramName: mrisp_paint  ProgramArguments: mrisp_paint -all-info  ProgramVersion: 7.3.2  TimeStamp: 2026/03/13-05:25:25-GMT  BuildTime: Aug  4 2022 06:17:15  BuildStamp: freesurfer-linux-ubuntu22_x86_64-7.3.2-20220804-6354275  User: oesteban  Machine: dna073  Platform: Linux  PlatformVersion: 5.14.0-427.37.1.el9_4.x86_64  CompilerName: GCC  CompilerVersion: 8.4.0
ProgramName: mris_register  ProgramArguments: mris_register -all-info  ProgramVersion: 7.3.2  TimeStamp: 2026/03/13-05:25:25-GMT  BuildTime: Aug  4 2022 06:17:15  BuildStamp: freesurfer-linux-ubuntu22_x86_64-7.3.2-20220804-6354275  User: oesteban  Machine: dna073  Platform: Linux  PlatformVersion: 5.14.0-427.37.1.el9_4.x86_64  CompilerName: GCC  CompilerVersion: 8.4.0
ProgramName: mris_smooth  ProgramArguments: mris_smooth -all-info  ProgramVersion: 7.3.2  TimeStamp: 2026/03/13-05:25:25-GMT  BuildTime: Aug  4 2022 06:17:15  BuildStamp: freesurfer-linux-ubuntu22_x86_64-7.3.2-20220804-6354275  User: oesteban  Machine: dna073  Platform: Linux  PlatformVersion: 5.14.0-427.37.1.el9_4.x86_64  CompilerName: GCC  CompilerVersion: 8.4.0
ProgramName: mris_sphere  ProgramArguments: mris_sphere -all-info  ProgramVersion: 7.3.2  TimeStamp: 2026/03/13-05:25:25-GMT  BuildTime: Aug  4 2022 06:17:15  BuildStamp: freesurfer-linux-ubuntu22_x86_64-7.3.2-20220804-6354275  User: oesteban  Machine: dna073  Platform: Linux  PlatformVersion: 5.14.0-427.37.1.el9_4.x86_64  CompilerName: GCC  CompilerVersion: 8.4.0
ProgramName: mris_surface_stats  ProgramArguments: mris_surface_stats -all-info  ProgramVersion: 7.3.2  TimeStamp: 2026/03/13-05:25:25-GMT  BuildTime: Aug  4 2022 06:17:15  BuildStamp: freesurfer-linux-ubuntu22_x86_64-7.3.2-20220804-6354275  User: oesteban  Machine: dna073  Platform: Linux  PlatformVersion: 5.14.0-427.37.1.el9_4.x86_64  CompilerName: GCC  CompilerVersion: 8.4.0
ProgramName: mri_stats2seg  ProgramArguments: mri_stats2seg -all-info  ProgramVersion: 7.3.2  TimeStamp: 2026/03/13-05:25:25-GMT  BuildTime: Aug  4 2022 06:17:15  BuildStamp: freesurfer-linux-ubuntu22_x86_64-7.3.2-20220804-6354275  User: oesteban  Machine: dna073  Platform: Linux  PlatformVersion: 5.14.0-427.37.1.el9_4.x86_64  CompilerName: GCC  CompilerVersion: 8.4.0
ProgramName: mris_thickness  ProgramArguments: mris_thickness -all-info  ProgramVersion: 7.3.2  TimeStamp: 2026/03/13-05:25:25-GMT  BuildTime: Aug  4 2022 06:17:15  BuildStamp: freesurfer-linux-ubuntu22_x86_64-7.3.2-20220804-6354275  User: oesteban  Machine: dna073  Platform: Linux  PlatformVersion: 5.14.0-427.37.1.el9_4.x86_64  CompilerName: GCC  CompilerVersion: 8.4.0
ProgramName: mris_thickness_diff  ProgramArguments: mris_thickness_diff -all-info  ProgramVersion: 7.3.2  TimeStamp: 2026/03/13-05:25:25-GMT  BuildTime: Aug  4 2022 06:17:15  BuildStamp: freesurfer-linux-ubuntu22_x86_64-7.3.2-20220804-6354275  User: oesteban  Machine: dna073  Platform: Linux  PlatformVersion: 5.14.0-427.37.1.el9_4.x86_64  CompilerName: GCC  CompilerVersion: 8.4.0
ProgramName: mris_topo_fixer  ProgramArguments: mris_topo_fixer -all-info  ProgramVersion: 7.3.2  TimeStamp: 2026/03/13-05:25:25-GMT  BuildTime: Aug  4 2022 06:17:15  BuildStamp: freesurfer-linux-ubuntu22_x86_64-7.3.2-20220804-6354275  User: oesteban  Machine: dna073  Platform: Linux  PlatformVersion: 5.14.0-427.37.1.el9_4.x86_64  CompilerName: GCC  CompilerVersion: 8.4.0
ProgramName: mri_surf2surf  ProgramArguments: mri_surf2surf -all-info  ProgramVersion: 7.3.2  TimeStamp: 2026/03/13-05:25:25-GMT  BuildTime: Aug  4 2022 06:17:15  BuildStamp: freesurfer-linux-ubuntu22_x86_64-7.3.2-20220804-6354275  User: oesteban  Machine: dna073  Platform: Linux  PlatformVersion: 5.14.0-427.37.1.el9_4.x86_64  CompilerName: GCC  CompilerVersion: 8.4.0
ProgramName: mri_surf2vol  ProgramArguments: mri_surf2vol -all-info  ProgramVersion: 7.3.2  TimeStamp: 2026/03/13-05:25:25-GMT  BuildTime: Aug  4 2022 06:17:15  BuildStamp: freesurfer-linux-ubuntu22_x86_64-7.3.2-20220804-6354275  User: oesteban  Machine: dna073  Platform: Linux  PlatformVersion: 5.14.0-427.37.1.el9_4.x86_64  CompilerName: GCC  CompilerVersion: 8.4.0
ProgramName: mri_surfcluster  ProgramArguments: mri_surfcluster -all-info  ProgramVersion: 7.3.2  TimeStamp: 2026/03/13-05:25:25-GMT  BuildTime: Aug  4 2022 06:17:15  BuildStamp: freesurfer-linux-ubuntu22_x86_64-7.3.2-20220804-6354275  User: oesteban  Machine: dna073  Platform: Linux  PlatformVersion: 5.14.0-427.37.1.el9_4.x86_64  CompilerName: GCC  CompilerVersion: 8.4.0
ProgramName: mris_volmask  ProgramArguments: mris_volmask -all-info  ProgramVersion: 7.3.2  TimeStamp: 2026/03/13-05:25:25-GMT  BuildTime: Aug  4 2022 06:17:15  BuildStamp: freesurfer-linux-ubuntu22_x86_64-7.3.2-20220804-6354275  User: oesteban  Machine: dna073  Platform: Linux  PlatformVersion: 5.14.0-427.37.1.el9_4.x86_64  CompilerName: GCC  CompilerVersion: 8.4.0
ProgramName: mri_tessellate  ProgramArguments: mri_tessellate -all-info  ProgramVersion: 7.3.2  TimeStamp: 2026/03/13-05:25:25-GMT  BuildTime: Aug  4 2022 06:17:15  BuildStamp: freesurfer-linux-ubuntu22_x86_64-7.3.2-20220804-6354275  User: oesteban  Machine: dna073  Platform: Linux  PlatformVersion: 5.14.0-427.37.1.el9_4.x86_64  CompilerName: GCC  CompilerVersion: 8.4.0
ProgramName: mri_vol2surf  ProgramArguments: mri_vol2surf -all-info  ProgramVersion: 7.3.2  TimeStamp: 2026/03/13-05:25:25-GMT  BuildTime: Aug  4 2022 06:17:15  BuildStamp: freesurfer-linux-ubuntu22_x86_64-7.3.2-20220804-6354275  User: oesteban  Machine: dna073  Platform: Linux  PlatformVersion: 5.14.0-427.37.1.el9_4.x86_64  CompilerName: GCC  CompilerVersion: 8.4.0
ProgramName: mri_vol2vol  ProgramArguments: mri_vol2vol -all-info  ProgramVersion: 7.3.2  TimeStamp: 2026/03/13-05:25:25-GMT  BuildTime: Aug  4 2022 06:17:15  BuildStamp: freesurfer-linux-ubuntu22_x86_64-7.3.2-20220804-6354275  User: oesteban  Machine: dna073  Platform: Linux  PlatformVersion: 5.14.0-427.37.1.el9_4.x86_64  CompilerName: GCC  CompilerVersion: 8.4.0
ProgramName: mri_voldiff  ProgramArguments: mri_voldiff -all-info  ProgramVersion: 7.3.2  TimeStamp: 2026/03/13-05:25:25-GMT  BuildTime: Aug  4 2022 06:17:15  BuildStamp: freesurfer-linux-ubuntu22_x86_64-7.3.2-20220804-6354275  User: oesteban  Machine: dna073  Platform: Linux  PlatformVersion: 5.14.0-427.37.1.el9_4.x86_64  CompilerName: GCC  CompilerVersion: 8.4.0
ProgramName: mri_watershed  ProgramArguments: mri_watershed -all-info  ProgramVersion: 7.3.2  TimeStamp: 2026/03/13-05:25:25-GMT  BuildTime: Aug  4 2022 06:17:15  BuildStamp: freesurfer-linux-ubuntu22_x86_64-7.3.2-20220804-6354275  User: oesteban  Machine: dna073  Platform: Linux  PlatformVersion: 5.14.0-427.37.1.el9_4.x86_64  CompilerName: GCC  CompilerVersion: 8.4.0
ProgramName: tkregister2  ProgramArguments: tkregister2_cmdl -all-info  ProgramVersion: 7.3.2  TimeStamp: 2026/03/13-05:25:25-GMT  BuildTime: Aug  4 2022 06:17:15  BuildStamp: freesurfer-linux-ubuntu22_x86_64-7.3.2-20220804-6354275  User: oesteban  Machine: dna073  Platform: Linux  PlatformVersion: 5.14.0-427.37.1.el9_4.x86_64  CompilerName: GCC  CompilerVersion: 8.4.0
mri_motion_correct.fsl 7.3.2
mri_convert -all-info 
ProgramName: mri_convert  ProgramArguments: mri_convert -all-info  ProgramVersion: 7.3.2  TimeStamp: 2026/03/13-05:25:25-GMT  BuildTime: Aug  4 2022 06:17:15  BuildStamp: freesurfer-linux-ubuntu22_x86_64-7.3.2-20220804-6354275  User: oesteban  Machine: dna073  Platform: Linux  PlatformVersion: 5.14.0-427.37.1.el9_4.x86_64  CompilerName: GCC  CompilerVersion: 8.4.0
Program nu_correct, built from:
Package MNI N3, version 1.12.0, compiled by nicks@terrier (x86_64-unknown-linux-gnu) on 2015-06-19 at 01:25:34
#######################################
GCADIR /opt/freesurfer/average
GCA RB_all_2020-01-02.gca
GCASkull RB_all_withskull_2020_01_02.gca
AvgCurvTif folding.atlas.acfb40.noaparc.i12.2016-08-02.tif
GCSDIR /opt/freesurfer/average
GCS DKaparc.atlas.acfb40.noaparc.i12.2016-08-02.gcs
#######################################
#--------------------------------------------
#@# AutoDetGWStats rh Fri Mar 13 06:25:25 CET 2026
cd /out/sourcedata/freesurfer/sub-v2s4x29591_ses-1/mri
mris_autodet_gwstats --o ../surf/autodet.gw.stats.rh.dat --i brain.finalsurfs.mgz --wm wm.mgz --surf ../surf/rh.orig.premesh
  Update not needed
#--------------------------------------------
#@# WhitePreAparc rh Fri Mar 13 06:25:25 CET 2026
cd /out/sourcedata/freesurfer/sub-v2s4x29591_ses-1/mri
mris_place_surface --adgws-in ../surf/autodet.gw.stats.rh.dat --wm wm.mgz --threads 16 --invol brain.finalsurfs.mgz --rh --i ../surf/rh.orig --o ../surf/rh.white.preaparc --white --seg aseg.presurf.mgz --nsmooth 5
   Update not needed
#--------------------------------------------
#@# CortexLabel rh Fri Mar 13 06:25:25 CET 2026
cd /out/sourcedata/freesurfer/sub-v2s4x29591_ses-1/mri
mri_label2label --label-cortex ../surf/rh.white.preaparc aseg.presurf.mgz 0 ../label/rh.cortex.label
   Update not needed
#--------------------------------------------
#@# CortexLabel+HipAmyg rh Fri Mar 13 06:25:25 CET 2026
cd /out/sourcedata/freesurfer/sub-v2s4x29591_ses-1/mri
mri_label2label --label-cortex ../surf/rh.white.preaparc aseg.presurf.mgz 1 ../label/rh.cortex+hipamyg.label
   Update not needed
#@# white curv rh Fri Mar 13 06:25:25 CET 2026
cd /out/sourcedata/freesurfer/sub-v2s4x29591_ses-1/mri
mris_place_surface --curv-map ../surf/rh.white 2 10 ../surf/rh.curv
   Update not needed
#@# white area rh Fri Mar 13 06:25:25 CET 2026
cd /out/sourcedata/freesurfer/sub-v2s4x29591_ses-1/mri
mris_place_surface --area-map ../surf/rh.white ../surf/rh.area
   Update not needed
#@# pial curv rh Fri Mar 13 06:25:25 CET 2026
cd /out/sourcedata/freesurfer/sub-v2s4x29591_ses-1/mri
mris_place_surface --curv-map ../surf/rh.pial 2 10 ../surf/rh.curv.pial
   Update not needed
#@# pial area rh Fri Mar 13 06:25:25 CET 2026
cd /out/sourcedata/freesurfer/sub-v2s4x29591_ses-1/mri
mris_place_surface --area-map ../surf/rh.pial ../surf/rh.area.pial
   Update not needed
#@# thickness rh Fri Mar 13 06:25:25 CET 2026
cd /out/sourcedata/freesurfer/sub-v2s4x29591_ses-1/mri
mris_place_surface --thickness ../surf/rh.white ../surf/rh.pial 20 5 ../surf/rh.thickness
   Update not needed
#@# area and vertex vol rh Fri Mar 13 06:25:25 CET 2026
cd /out/sourcedata/freesurfer/sub-v2s4x29591_ses-1/mri
mris_place_surface --thickness ../surf/rh.white ../surf/rh.pial 20 5 ../surf/rh.thickness
   Update not needed
#-----------------------------------------
#@# Parcellation Stats rh Fri Mar 13 06:25:25 CET 2026
/out/sourcedata/freesurfer/sub-v2s4x29591_ses-1/scripts

 mris_anatomical_stats -th3 -mgz -noglobal -cortex ../label/rh.cortex.label -f ../stats/rh.aparc.stats -b -a ../label/rh.aparc.annot -c ../label/aparc.annot.ctab sub-v2s4x29591_ses-1 rh white 

computing statistics for each annotation in ../label/rh.aparc.annot.
reading volume /out/sourcedata/freesurfer/sub-v2s4x29591_ses-1/mri/wm.mgz...
reading input surface /out/sourcedata/freesurfer/sub-v2s4x29591_ses-1/surf/rh.white...
reading input pial surface /out/sourcedata/freesurfer/sub-v2s4x29591_ses-1/surf/rh.pial...
reading input white surface /out/sourcedata/freesurfer/sub-v2s4x29591_ses-1/surf/rh.white...
INFO: using TH3 volume calc
INFO: assuming MGZ format for volumes.
INFO: not computing global stats
INFO: using ../label/rh.cortex.label as mask to calc cortex NumVert, SurfArea and MeanThickness.
Using TH3 vertex volume calc
Total face volume 242409
Total vertex volume 242181 (mask=0)
Saving annotation colortable ../label/aparc.annot.ctab

table columns are:
    number of vertices
    total surface area (mm^2)
    total gray matter volume (mm^3)
    average cortical thickness +- standard deviation (mm)
    integrated rectified mean curvature
    integrated rectified Gaussian curvature
    folding index
    intrinsic curvature index
    structure name

 1247    846   2347  2.833 0.519     0.091     0.017        6     0.8  bankssts
  693    472   1620  2.795 0.880     0.129     0.030        8     0.8  caudalanteriorcingulate
 2290   1608   5271  2.892 0.661     0.114     0.026       15     2.6  caudalmiddlefrontal
 2206   1542   4212  2.192 0.729     0.144     0.042       28     3.8  cuneus
  446    318   1153  2.690 0.884     0.148     0.057        8     0.9  entorhinal
 3655   2614   8369  2.722 0.798     0.133     0.038       45     5.4  fusiform
 5272   3782  14451  2.912 0.757     0.120     0.031       63     6.2  inferiorparietal
 3217   2242   8593  2.871 0.772     0.125     0.050       65     7.1  inferiortemporal
 1078    748   2898  2.977 1.035     0.125     0.038       13     1.6  isthmuscingulate
 6226   4473  11882  2.456 0.655     0.141     0.036       80     9.7  lateraloccipital
 3387   2328   7782  2.943 0.898     0.133     0.043       40     5.5  lateralorbitofrontal
 4442   3264   7673  2.127 0.712     0.159     0.052       70     9.8  lingual
 1879   1288   5156  3.200 0.861     0.123     0.032       23     2.4  medialorbitofrontal
 4001   2808  12779  3.156 0.859     0.122     0.034       45     5.5  middletemporal
  924    592   1826  2.543 0.674     0.096     0.024        6     0.8  parahippocampal
 1632   1096   3362  2.713 0.744     0.105     0.031       10     1.8  paracentral
 1545   1138   4972  3.378 0.709     0.123     0.031       17     1.9  parsopercularis
 1040    791   3548  2.691 1.024     0.156     0.052       18     2.3  parsorbitalis
 1411   1010   3597  2.921 0.688     0.114     0.026       16     1.5  parstriangularis
 2158   1527   2223  1.619 0.461     0.143     0.044       25     4.0  pericalcarine
 5517   3798  10560  2.328 0.810     0.113     0.029       53     6.5  postcentral
 1230    856   2955  2.727 0.905     0.126     0.028       15     1.4  posteriorcingulate
 5818   4077  12209  2.644 0.721     0.116     0.029       50     7.0  precentral
 4137   2968   9961  2.843 0.826     0.132     0.038       49     6.3  precuneus
  436    287   1469  3.575 0.956     0.104     0.026        4     0.3  rostralanteriorcingulate
 6447   4613  18908  3.090 0.751     0.139     0.043      101    11.1  rostralmiddlefrontal
 7934   5702  22199  3.175 0.895     0.133     0.041      100    13.3  superiorfrontal
 6522   4728  14652  2.534 0.701     0.140     0.040       86    11.2  superiorparietal
 5557   3765  12816  2.841 0.712     0.109     0.033       56     7.1  superiortemporal
 4899   3488  11599  2.924 0.788     0.121     0.033       52     6.4  supramarginal
  405    334   1567  2.970 0.965     0.179     0.062        8     1.1  frontalpole
  579    422   1575  2.508 0.910     0.188     0.080       19     1.9  temporalpole
  482    347   1229  2.951 0.562     0.152     0.049        9     0.8  transversetemporal
 2593   1723   6767  3.599 0.886     0.106     0.030       24     3.1  insula

 mris_anatomical_stats -th3 -mgz -noglobal -cortex ../label/rh.cortex.label -f ../stats/rh.aparc.pial.stats -b -a ../label/rh.aparc.annot -c ../label/aparc.annot.ctab sub-v2s4x29591_ses-1 rh pial 

computing statistics for each annotation in ../label/rh.aparc.annot.
reading volume /out/sourcedata/freesurfer/sub-v2s4x29591_ses-1/mri/wm.mgz...
reading input surface /out/sourcedata/freesurfer/sub-v2s4x29591_ses-1/surf/rh.pial...
reading input pial surface /out/sourcedata/freesurfer/sub-v2s4x29591_ses-1/surf/rh.pial...
reading input white surface /out/sourcedata/freesurfer/sub-v2s4x29591_ses-1/surf/rh.white...
INFO: using TH3 volume calc
INFO: assuming MGZ format for volumes.
INFO: not computing global stats
INFO: using ../label/rh.cortex.label as mask to calc cortex NumVert, SurfArea and MeanThickness.
Using TH3 vertex volume calc
Total face volume 242409
Total vertex volume 242181 (mask=0)
Saving annotation colortable ../label/aparc.annot.ctab

table columns are:
    number of vertices
    total surface area (mm^2)
    total gray matter volume (mm^3)
    average cortical thickness +- standard deviation (mm)
    integrated rectified mean curvature
    integrated rectified Gaussian curvature
    folding index
    intrinsic curvature index
    structure name

 1247    788   2347  2.833 0.519     0.119     0.042       29     1.8  bankssts
  693    646   1620  2.795 0.880     0.189     0.053       22     1.6  caudalanteriorcingulate
 2290   1942   5271  2.892 0.661     0.137     0.038       54     3.4  caudalmiddlefrontal
 2206   2353   4212  2.192 0.729     0.184     0.048       62     4.4  cuneus
  446    628   1153  2.690 0.884     0.360     0.108       24     2.7  entorhinal
 3655   3467   8369  2.722 0.798     0.170     0.047      115     6.9  fusiform
 5272   5659  14451  2.912 0.757     0.174     0.038      118     9.0  inferiorparietal
 3217   3538   8593  2.871 0.772     0.189     0.046      102     6.2  inferiortemporal
 1078   1173   2898  2.977 1.035     0.203     0.058       31     2.7  isthmuscingulate
 6226   5490  11882  2.456 0.655     0.137     0.032      114     8.4  lateraloccipital
 3387   2887   7782  2.943 0.898     0.150     0.040       60     5.6  lateralorbitofrontal
 4442   4262   7673  2.127 0.712     0.178     0.054      234    10.0  lingual
 1879   1883   5156  3.200 0.861     0.185     0.052       40     3.7  medialorbitofrontal
 4001   4970  12779  3.156 0.859     0.203     0.046       98     8.1  middletemporal
  924    840   1826  2.543 0.674     0.176     0.045       13     1.9  parahippocampal
 1632   1309   3362  2.713 0.744     0.127     0.032       24     2.0  paracentral
 1545   1717   4972  3.378 0.709     0.182     0.041       29     2.5  parsopercularis
 1040   1631   3548  2.691 1.024     0.247     0.049       22     2.4  parsorbitalis
 1411   1367   3597  2.921 0.688     0.163     0.037       41     2.2  parstriangularis
 2158   1356   2223  1.619 0.461     0.130     0.039       68     3.3  pericalcarine
 5517   5228  10560  2.328 0.810     0.156     0.038       79     9.0  postcentral
 1230   1158   2955  2.727 0.905     0.188     0.051       44     2.8  posteriorcingulate
 5818   4838  12209  2.644 0.721     0.129     0.031       75     7.3  precentral
 4137   4003   9961  2.843 0.826     0.177     0.047       98     7.8  precuneus
  436    485   1469  3.575 0.956     0.191     0.058       15     1.2  rostralanteriorcingulate
 6447   7180  18908  3.090 0.751     0.192     0.052      263    12.3  rostralmiddlefrontal
 7934   7738  22199  3.175 0.895     0.175     0.046      188    14.9  superiorfrontal
 6522   6712  14652  2.534 0.701     0.181     0.045      237    12.2  superiorparietal
 5557   5120  12816  2.841 0.712     0.148     0.034      113     8.1  superiortemporal
 4899   4364  11599  2.924 0.788     0.163     0.044      119     8.6  supramarginal
  405    714   1567  2.970 0.965     0.249     0.047        6     1.0  frontalpole
  579    819   1575  2.508 0.910     0.256     0.103       26     1.6  temporalpole
  482    476   1229  2.951 0.562     0.161     0.045       16     0.7  transversetemporal
 2593   1772   6767  3.599 0.886     0.152     0.043       65     4.9  insula
#-----------------------------------------
#@# Parcellation Stats 2 rh Fri Mar 13 06:25:35 CET 2026
/out/sourcedata/freesurfer/sub-v2s4x29591_ses-1/scripts

 mris_anatomical_stats -th3 -mgz -noglobal -cortex ../label/rh.cortex.label -f ../stats/rh.aparc.a2009s.stats -b -a ../label/rh.aparc.a2009s.annot -c ../label/aparc.annot.a2009s.ctab sub-v2s4x29591_ses-1 rh white 

computing statistics for each annotation in ../label/rh.aparc.a2009s.annot.
reading volume /out/sourcedata/freesurfer/sub-v2s4x29591_ses-1/mri/wm.mgz...
reading input surface /out/sourcedata/freesurfer/sub-v2s4x29591_ses-1/surf/rh.white...
reading input pial surface /out/sourcedata/freesurfer/sub-v2s4x29591_ses-1/surf/rh.pial...
reading input white surface /out/sourcedata/freesurfer/sub-v2s4x29591_ses-1/surf/rh.white...
INFO: using TH3 volume calc
INFO: assuming MGZ format for volumes.
INFO: not computing global stats
INFO: using ../label/rh.cortex.label as mask to calc cortex NumVert, SurfArea and MeanThickness.
Using TH3 vertex volume calc
Total face volume 242409
Total vertex volume 242181 (mask=0)
Saving annotation colortable ../label/aparc.annot.a2009s.ctab

table columns are:
    number of vertices
    total surface area (mm^2)
    total gray matter volume (mm^3)
    average cortical thickness +- standard deviation (mm)
    integrated rectified mean curvature
    integrated rectified Gaussian curvature
    folding index
    intrinsic curvature index
    structure name

  625    476   1840  2.911 0.647     0.154     0.048        9     1.3  G_and_S_frontomargin
 1140    792   2099  2.462 0.593     0.142     0.038       15     2.0  G_and_S_occipital_inf
 1232    878   2641  2.370 0.705     0.145     0.050       14     2.6  G_and_S_paracentral
 1266    924   3279  3.002 0.681     0.135     0.030       17     1.6  G_and_S_subcentral
  982    728   3263  3.166 0.824     0.146     0.046       15     1.8  G_and_S_transv_frontopol
 1881   1269   5522  3.638 0.860     0.109     0.025       16     1.9  G_and_S_cingul-Ant
  984    686   2305  2.960 0.860     0.122     0.030        9     1.2  G_and_S_cingul-Mid-Ant
 1000    692   2462  2.943 0.884     0.112     0.025        7     1.1  G_and_S_cingul-Mid-Post
  402    294   1749  3.576 0.666     0.167     0.054        9     0.9  G_cingul-Post-dorsal
  280    208    897  3.165 0.920     0.157     0.058        6     0.6  G_cingul-Post-ventral
 2060   1469   3948  2.097 0.733     0.156     0.049       28     4.2  G_cuneus
 1053    826   4248  3.395 0.732     0.137     0.036       15     1.6  G_front_inf-Opercular
  215    145   1019  3.390 0.682     0.096     0.029        2     0.1  G_front_inf-Orbital
  617    454   2433  3.324 0.710     0.128     0.038       12     1.0  G_front_inf-Triangul
 3086   2273  12501  3.281 0.815     0.155     0.051       64     6.2  G_front_middle
 5406   3936  16587  3.185 0.916     0.147     0.049       90    11.1  G_front_sup
  520    330   1688  4.146 0.788     0.095     0.032        7     0.6  G_Ins_lg_and_S_cent_ins
  567    398   2302  3.901 0.948     0.136     0.047        8     1.1  G_insular_short
 1596   1173   5462  3.100 0.688     0.137     0.035       28     2.4  G_occipital_middle
 1379    979   3005  2.476 0.657     0.149     0.041       20     2.1  G_occipital_sup
 1568   1132   4812  3.162 0.692     0.145     0.044       27     2.5  G_oc-temp_lat-fusifor
 3168   2295   5784  2.138 0.724     0.164     0.059       58     7.4  G_oc-temp_med-Lingual
 1009    676   2522  2.707 0.797     0.129     0.044       14     1.5  G_oc-temp_med-Parahip
 2447   1764   7434  2.888 0.976     0.153     0.057       46     5.3  G_orbital
 2164   1601   8410  3.375 0.737     0.151     0.048       41     3.7  G_pariet_inf-Angular
 2204   1641   6340  2.972 0.759     0.145     0.046       36     3.9  G_pariet_inf-Supramar
 2359   1772   6438  2.603 0.784     0.167     0.055       47     5.8  G_parietal_sup
 1957   1355   4249  2.270 0.722     0.116     0.034       23     2.6  G_postcentral
 2137   1504   6133  2.807 0.856     0.126     0.037       25     3.0  G_precentral
 1867   1422   6583  3.038 0.912     0.164     0.057       35     4.2  G_precuneus
  554    391   1972  3.322 0.985     0.136     0.042       10     0.9  G_rectus
  305    200    681  2.771 0.906     0.146     0.053        5     0.6  G_subcallosal
  354    256   1028  2.917 0.537     0.155     0.061        8     0.7  G_temp_sup-G_T_transv
 2133   1421   6132  3.002 0.743     0.138     0.051       35     4.2  G_temp_sup-Lateral
  782    526   1717  2.876 0.596     0.090     0.022        4     0.7  G_temp_sup-Plan_polar
  825    552   1806  2.915 0.785     0.068     0.014        3     0.5  G_temp_sup-Plan_tempo
 1781   1263   5758  2.998 0.803     0.141     0.071       57     5.6  G_temporal_inf
 2521   1795  10501  3.475 0.810     0.137     0.043       39     4.3  G_temporal_middle
  258    171    334  2.647 0.422     0.093     0.013        1     0.1  Lat_Fis-ant-Horizont
  148    106    305  2.971 0.658     0.096     0.022        1     0.1  Lat_Fis-ant-Vertical
 1338    886   2079  2.905 0.730     0.095     0.021        6     1.1  Lat_Fis-post
 3032   2146   5044  2.129 0.685     0.152     0.040       47     4.9  Pole_occipital
 1252    949   3970  2.713 0.928     0.183     0.083       31     4.1  Pole_temporal
 2105   1541   2596  1.984 0.885     0.143     0.040       21     4.0  S_calcarine
 2371   1590   2668  1.936 0.574     0.096     0.019       12     1.9  S_central
  887    597   1387  2.344 0.526     0.091     0.021        4     0.7  S_cingul-Marginalis
  502    334    930  3.462 0.575     0.086     0.021        2     0.4  S_circular_insula_ant
 1059    700   1767  3.058 0.747     0.080     0.015        4     0.7  S_circular_insula_inf
 1193    804   2044  3.065 0.737     0.110     0.024        7     1.4  S_circular_insula_sup
  804    551   1109  2.321 0.651     0.102     0.016        4     0.7  S_collat_transv_ant
  425    359    654  2.558 0.533     0.182     0.046        4     1.2  S_collat_transv_post
 1577   1105   3155  2.901 0.608     0.114     0.027       11     1.7  S_front_inf
 1752   1215   2949  2.839 0.529     0.111     0.029       12     2.0  S_front_middle
 1796   1228   3419  2.867 0.563     0.104     0.025        9     1.8  S_front_sup
  221    159    430  3.010 0.561     0.112     0.024        1     0.2  S_interm_prim-Jensen
 2330   1653   3984  2.592 0.578     0.108     0.024       14     2.3  S_intrapariet_and_P_trans
  711    493    949  2.313 0.476     0.099     0.017        4     0.5  S_oc_middle_and_Lunatus
 1122    784   1728  2.390 0.550     0.104     0.020        7     1.0  S_oc_sup_and_transversal
  596    416   1031  2.587 0.629     0.106     0.019        4     0.5  S_occipital_ant
  701    486   1152  2.765 0.584     0.106     0.017        4     0.6  S_oc-temp_lat
 1802   1232   2562  2.276 0.627     0.102     0.021       10     1.6  S_oc-temp_med_and_Lingual
  290    224    508  2.514 0.445     0.155     0.026        3     0.4  S_orbital_lateral
  402    299   1043  3.074 0.924     0.133     0.036        4     0.4  S_orbital_med-olfact
 1271    890   2476  2.797 0.916     0.120     0.030        9     1.7  S_orbital-H_Shaped
 1769   1209   2774  2.513 0.621     0.108     0.023       12     1.9  S_parieto_occipital
 1016    647   1120  2.205 0.720     0.102     0.021       10     0.7  S_pericallosal
 2199   1498   3472  2.500 0.710     0.102     0.023       13     2.1  S_postcentral
 1306    897   2332  2.819 0.576     0.103     0.022        8     1.3  S_precentral-inf-part
 1247    858   1837  2.623 0.528     0.101     0.021        5     1.2  S_precentral-sup-part
  173    115    334  3.382 0.745     0.124     0.022        1     0.2  S_suborbital
  821    570   1417  2.730 0.695     0.107     0.026        4     0.8  S_subparietal
  810    542   1319  2.658 0.715     0.106     0.021        4     0.8  S_temporal_inf
 5269   3597   9184  2.610 0.645     0.096     0.018       29     4.1  S_temporal_sup
  324    249    569  2.969 0.615     0.125     0.016        2     0.3  S_temporal_transverse
#-----------------------------------------
#@# Parcellation Stats 3 rh Fri Mar 13 06:25:40 CET 2026
/out/sourcedata/freesurfer/sub-v2s4x29591_ses-1/scripts

 mris_anatomical_stats -th3 -mgz -noglobal -cortex ../label/rh.cortex.label -f ../stats/rh.aparc.DKTatlas.stats -b -a ../label/rh.aparc.DKTatlas.annot -c ../label/aparc.annot.DKTatlas.ctab sub-v2s4x29591_ses-1 rh white 

computing statistics for each annotation in ../label/rh.aparc.DKTatlas.annot.
reading volume /out/sourcedata/freesurfer/sub-v2s4x29591_ses-1/mri/wm.mgz...
reading input surface /out/sourcedata/freesurfer/sub-v2s4x29591_ses-1/surf/rh.white...
reading input pial surface /out/sourcedata/freesurfer/sub-v2s4x29591_ses-1/surf/rh.pial...
reading input white surface /out/sourcedata/freesurfer/sub-v2s4x29591_ses-1/surf/rh.white...
INFO: using TH3 volume calc
INFO: assuming MGZ format for volumes.
INFO: not computing global stats
INFO: using ../label/rh.cortex.label as mask to calc cortex NumVert, SurfArea and MeanThickness.
Using TH3 vertex volume calc
Total face volume 242409
Total vertex volume 242181 (mask=0)
Saving annotation colortable ../label/aparc.annot.DKTatlas.ctab

table columns are:
    number of vertices
    total surface area (mm^2)
    total gray matter volume (mm^3)
    average cortical thickness +- standard deviation (mm)
    integrated rectified mean curvature
    integrated rectified Gaussian curvature
    folding index
    intrinsic curvature index
    structure name

  770    525   1705  2.723 0.903     0.131     0.031        9     1.0  caudalanteriorcingulate
 2435   1720   5614  2.905 0.677     0.116     0.026       18     2.8  caudalmiddlefrontal
 2604   1803   4830  2.192 0.708     0.142     0.042       32     4.4  cuneus
  381    268    965  2.600 0.899     0.144     0.050        7     0.8  entorhinal
 3266   2311   7353  2.775 0.774     0.127     0.032       39     3.8  fusiform
 5380   3851  14462  2.915 0.745     0.122     0.032       65     6.5  inferiorparietal
 3657   2583   9531  2.793 0.778     0.129     0.053       72     8.5  inferiortemporal
 1049    728   2832  2.972 1.046     0.127     0.039       14     1.5  isthmuscingulate
 6227   4466  11948  2.446 0.663     0.143     0.037       82    10.1  lateraloccipital
 3671   2571   8961  2.904 0.910     0.138     0.045       49     6.4  lateralorbitofrontal
 4348   3212   7539  2.129 0.706     0.160     0.052       69     9.5  lingual
 1496   1045   4579  3.264 0.913     0.130     0.037       20     2.2  medialorbitofrontal
 4848   3390  14785  3.102 0.847     0.118     0.031       50     6.3  middletemporal
 1011    662   2027  2.562 0.684     0.099     0.026        6     1.0  parahippocampal
 1770   1195   3661  2.709 0.727     0.110     0.034       12     2.2  paracentral
 1709   1250   5335  3.351 0.710     0.123     0.031       18     2.1  parsopercularis
  849    609   2984  2.994 0.975     0.122     0.038        9     1.1  parsorbitalis
 1395   1006   3532  2.884 0.687     0.119     0.027       16     1.7  parstriangularis
 2192   1548   2272  1.616 0.453     0.144     0.044       25     4.3  pericalcarine
 6003   4140  11452  2.326 0.804     0.114     0.029       56     7.0  postcentral
 1303    908   3240  2.807 0.893     0.123     0.029       16     1.4  posteriorcingulate
 5543   3893  11870  2.654 0.725     0.117     0.030       50     6.8  precentral
 4240   3059  10671  2.867 0.828     0.135     0.039       54     6.7  precuneus
  602    400   1758  3.376 0.955     0.110     0.027        6     0.5  rostralanteriorcingulate
 4344   3212  13472  3.095 0.751     0.144     0.046       67     7.9  rostralmiddlefrontal
10362   7355  28185  3.122 0.876     0.132     0.040      138    17.3  superiorfrontal
 5374   3904  11986  2.554 0.694     0.135     0.037       70     8.6  superiorparietal
 6938   4733  15999  2.822 0.722     0.114     0.035       80     9.7  superiortemporal
 4642   3305  10964  2.939 0.781     0.122     0.033       49     6.4  supramarginal
  475    344   1242  2.935 0.555     0.152     0.051        9     0.8  transversetemporal
 2421   1605   6430  3.636 0.888     0.104     0.029       22     2.8  insula
/out/sourcedata/freesurfer/sub-v2s4x29591_ses-1/label
#--------------------------------------------
#@# BA_exvivo Labels rh Fri Mar 13 06:25:45 CET 2026

 mri_label2label --srcsubject fsaverage --srclabel /out/sourcedata/freesurfer/fsaverage/label/rh.BA1_exvivo.label --trgsubject sub-v2s4x29591_ses-1 --trglabel ./rh.BA1_exvivo.label --hemi rh --regmethod surface 


srclabel = /out/sourcedata/freesurfer/fsaverage/label/rh.BA1_exvivo.label
srcsubject = fsaverage
trgsubject = sub-v2s4x29591_ses-1
trglabel = ./rh.BA1_exvivo.label
regmethod = surface

srchemi = rh
trghemi = rh
trgsurface = white
srcsurfreg = sphere.reg
trgsurfreg = sphere.reg
usehash = 1
Use ProjAbs  = 0, 0
Use ProjFrac = 0, 0
DoPaint 0

SUBJECTS_DIR    /out/sourcedata/freesurfer
FREESURFER_HOME /opt/freesurfer
Loading source label.
Found 3962 points in source label.
Starting surface-based mapping
Reading source registration 
 /out/sourcedata/freesurfer/fsaverage/surf/rh.sphere.reg
Rescaling ...  original radius = 100
Reading target surface 
 /out/sourcedata/freesurfer/sub-v2s4x29591_ses-1/surf/rh.white
Reading target registration 
 /out/sourcedata/freesurfer/sub-v2s4x29591_ses-1/surf/rh.sphere.reg
Rescaling ...  original radius = 100
Building target registration hash (res=16).
Building source registration hash (res=16).
INFO: found  3962 nlabel points
Performing mapping from target back to the source label 107870
Number of reverse mapping hits = 193
Checking for and removing duplicates
Writing label file ./rh.BA1_exvivo.label 4155
mri_label2label: Done


 mri_label2label --srcsubject fsaverage --srclabel /out/sourcedata/freesurfer/fsaverage/label/rh.BA2_exvivo.label --trgsubject sub-v2s4x29591_ses-1 --trglabel ./rh.BA2_exvivo.label --hemi rh --regmethod surface 


srclabel = /out/sourcedata/freesurfer/fsaverage/label/rh.BA2_exvivo.label
srcsubject = fsaverage
trgsubject = sub-v2s4x29591_ses-1
trglabel = ./rh.BA2_exvivo.label
regmethod = surface

srchemi = rh
trghemi = rh
trgsurface = white
srcsurfreg = sphere.reg
trgsurfreg = sphere.reg
usehash = 1
Use ProjAbs  = 0, 0
Use ProjFrac = 0, 0
DoPaint 0

SUBJECTS_DIR    /out/sourcedata/freesurfer
FREESURFER_HOME /opt/freesurfer
Loading source label.
Found 6687 points in source label.
Starting surface-based mapping
Reading source registration 
 /out/sourcedata/freesurfer/fsaverage/surf/rh.sphere.reg
Rescaling ...  original radius = 100
Reading target surface 
 /out/sourcedata/freesurfer/sub-v2s4x29591_ses-1/surf/rh.white
Reading target registration 
 /out/sourcedata/freesurfer/sub-v2s4x29591_ses-1/surf/rh.sphere.reg
Rescaling ...  original radius = 100
Building target registration hash (res=16).
Building source registration hash (res=16).
INFO: found  6687 nlabel points
Performing mapping from target back to the source label 107870
Number of reverse mapping hits = 179
Checking for and removing duplicates
Writing label file ./rh.BA2_exvivo.label 6866
mri_label2label: Done


 mri_label2label --srcsubject fsaverage --srclabel /out/sourcedata/freesurfer/fsaverage/label/rh.BA3a_exvivo.label --trgsubject sub-v2s4x29591_ses-1 --trglabel ./rh.BA3a_exvivo.label --hemi rh --regmethod surface 


srclabel = /out/sourcedata/freesurfer/fsaverage/label/rh.BA3a_exvivo.label
srcsubject = fsaverage
trgsubject = sub-v2s4x29591_ses-1
trglabel = ./rh.BA3a_exvivo.label
regmethod = surface

srchemi = rh
trghemi = rh
trgsurface = white
srcsurfreg = sphere.reg
trgsurfreg = sphere.reg
usehash = 1
Use ProjAbs  = 0, 0
Use ProjFrac = 0, 0
DoPaint 0

SUBJECTS_DIR    /out/sourcedata/freesurfer
FREESURFER_HOME /opt/freesurfer
Loading source label.
Found 3980 points in source label.
Starting surface-based mapping
Reading source registration 
 /out/sourcedata/freesurfer/fsaverage/surf/rh.sphere.reg
Rescaling ...  original radius = 100
Reading target surface 
 /out/sourcedata/freesurfer/sub-v2s4x29591_ses-1/surf/rh.white
Reading target registration 
 /out/sourcedata/freesurfer/sub-v2s4x29591_ses-1/surf/rh.sphere.reg
Rescaling ...  original radius = 100
Building target registration hash (res=16).
Building source registration hash (res=16).
INFO: found  3980 nlabel points
Performing mapping from target back to the source label 107870
Number of reverse mapping hits = 16
Checking for and removing duplicates
Writing label file ./rh.BA3a_exvivo.label 3996
mri_label2label: Done


 mri_label2label --srcsubject fsaverage --srclabel /out/sourcedata/freesurfer/fsaverage/label/rh.BA3b_exvivo.label --trgsubject sub-v2s4x29591_ses-1 --trglabel ./rh.BA3b_exvivo.label --hemi rh --regmethod surface 


srclabel = /out/sourcedata/freesurfer/fsaverage/label/rh.BA3b_exvivo.label
srcsubject = fsaverage
trgsubject = sub-v2s4x29591_ses-1
trglabel = ./rh.BA3b_exvivo.label
regmethod = surface

srchemi = rh
trghemi = rh
trgsurface = white
srcsurfreg = sphere.reg
trgsurfreg = sphere.reg
usehash = 1
Use ProjAbs  = 0, 0
Use ProjFrac = 0, 0
DoPaint 0

SUBJECTS_DIR    /out/sourcedata/freesurfer
FREESURFER_HOME /opt/freesurfer
Loading source label.
Found 4522 points in source label.
Starting surface-based mapping
Reading source registration 
 /out/sourcedata/freesurfer/fsaverage/surf/rh.sphere.reg
Rescaling ...  original radius = 100
Reading target surface 
 /out/sourcedata/freesurfer/sub-v2s4x29591_ses-1/surf/rh.white
Reading target registration 
 /out/sourcedata/freesurfer/sub-v2s4x29591_ses-1/surf/rh.sphere.reg
Rescaling ...  original radius = 100
Building target registration hash (res=16).
Building source registration hash (res=16).
INFO: found  4522 nlabel points
Performing mapping from target back to the source label 107870
Number of reverse mapping hits = 162
Checking for and removing duplicates
Writing label file ./rh.BA3b_exvivo.label 4684
mri_label2label: Done


 mri_label2label --srcsubject fsaverage --srclabel /out/sourcedata/freesurfer/fsaverage/label/rh.BA4a_exvivo.label --trgsubject sub-v2s4x29591_ses-1 --trglabel ./rh.BA4a_exvivo.label --hemi rh --regmethod surface 


srclabel = /out/sourcedata/freesurfer/fsaverage/label/rh.BA4a_exvivo.label
srcsubject = fsaverage
trgsubject = sub-v2s4x29591_ses-1
trglabel = ./rh.BA4a_exvivo.label
regmethod = surface

srchemi = rh
trghemi = rh
trgsurface = white
srcsurfreg = sphere.reg
trgsurfreg = sphere.reg
usehash = 1
Use ProjAbs  = 0, 0
Use ProjFrac = 0, 0
DoPaint 0

SUBJECTS_DIR    /out/sourcedata/freesurfer
FREESURFER_HOME /opt/freesurfer
Loading source label.
Found 5747 points in source label.
Starting surface-based mapping
Reading source registration 
 /out/sourcedata/freesurfer/fsaverage/surf/rh.sphere.reg
Rescaling ...  original radius = 100
Reading target surface 
 /out/sourcedata/freesurfer/sub-v2s4x29591_ses-1/surf/rh.white
Reading target registration 
 /out/sourcedata/freesurfer/sub-v2s4x29591_ses-1/surf/rh.sphere.reg
Rescaling ...  original radius = 100
Building target registration hash (res=16).
Building source registration hash (res=16).
INFO: found  5747 nlabel points
Performing mapping from target back to the source label 107870
Number of reverse mapping hits = 58
Checking for and removing duplicates
Writing label file ./rh.BA4a_exvivo.label 5805
mri_label2label: Done


 mri_label2label --srcsubject fsaverage --srclabel /out/sourcedata/freesurfer/fsaverage/label/rh.BA4p_exvivo.label --trgsubject sub-v2s4x29591_ses-1 --trglabel ./rh.BA4p_exvivo.label --hemi rh --regmethod surface 


srclabel = /out/sourcedata/freesurfer/fsaverage/label/rh.BA4p_exvivo.label
srcsubject = fsaverage
trgsubject = sub-v2s4x29591_ses-1
trglabel = ./rh.BA4p_exvivo.label
regmethod = surface

srchemi = rh
trghemi = rh
trgsurface = white
srcsurfreg = sphere.reg
trgsurfreg = sphere.reg
usehash = 1
Use ProjAbs  = 0, 0
Use ProjFrac = 0, 0
DoPaint 0

SUBJECTS_DIR    /out/sourcedata/freesurfer
FREESURFER_HOME /opt/freesurfer
Loading source label.
Found 4473 points in source label.
Starting surface-based mapping
Reading source registration 
 /out/sourcedata/freesurfer/fsaverage/surf/rh.sphere.reg
Rescaling ...  original radius = 100
Reading target surface 
 /out/sourcedata/freesurfer/sub-v2s4x29591_ses-1/surf/rh.white
Reading target registration 
 /out/sourcedata/freesurfer/sub-v2s4x29591_ses-1/surf/rh.sphere.reg
Rescaling ...  original radius = 100
Building target registration hash (res=16).
Building source registration hash (res=16).
INFO: found  4473 nlabel points
Performing mapping from target back to the source label 107870
Number of reverse mapping hits = 41
Checking for and removing duplicates
Writing label file ./rh.BA4p_exvivo.label 4514
mri_label2label: Done


 mri_label2label --srcsubject fsaverage --srclabel /out/sourcedata/freesurfer/fsaverage/label/rh.BA6_exvivo.label --trgsubject sub-v2s4x29591_ses-1 --trglabel ./rh.BA6_exvivo.label --hemi rh --regmethod surface 


srclabel = /out/sourcedata/freesurfer/fsaverage/label/rh.BA6_exvivo.label
srcsubject = fsaverage
trgsubject = sub-v2s4x29591_ses-1
trglabel = ./rh.BA6_exvivo.label
regmethod = surface

srchemi = rh
trghemi = rh
trgsurface = white
srcsurfreg = sphere.reg
trgsurfreg = sphere.reg
usehash = 1
Use ProjAbs  = 0, 0
Use ProjFrac = 0, 0
DoPaint 0

SUBJECTS_DIR    /out/sourcedata/freesurfer
FREESURFER_HOME /opt/freesurfer
Loading source label.
Found 12256 points in source label.
Starting surface-based mapping
Reading source registration 
 /out/sourcedata/freesurfer/fsaverage/surf/rh.sphere.reg
Rescaling ...  original radius = 100
Reading target surface 
 /out/sourcedata/freesurfer/sub-v2s4x29591_ses-1/surf/rh.white
Reading target registration 
 /out/sourcedata/freesurfer/sub-v2s4x29591_ses-1/surf/rh.sphere.reg
Rescaling ...  original radius = 100
Building target registration hash (res=16).
Building source registration hash (res=16).
INFO: found  12256 nlabel points
Performing mapping from target back to the source label 107870
Number of reverse mapping hits = 210
Checking for and removing duplicates
Writing label file ./rh.BA6_exvivo.label 12466
mri_label2label: Done


 mri_label2label --srcsubject fsaverage --srclabel /out/sourcedata/freesurfer/fsaverage/label/rh.BA44_exvivo.label --trgsubject sub-v2s4x29591_ses-1 --trglabel ./rh.BA44_exvivo.label --hemi rh --regmethod surface 


srclabel = /out/sourcedata/freesurfer/fsaverage/label/rh.BA44_exvivo.label
srcsubject = fsaverage
trgsubject = sub-v2s4x29591_ses-1
trglabel = ./rh.BA44_exvivo.label
regmethod = surface

srchemi = rh
trghemi = rh
trgsurface = white
srcsurfreg = sphere.reg
trgsurfreg = sphere.reg
usehash = 1
Use ProjAbs  = 0, 0
Use ProjFrac = 0, 0
DoPaint 0

SUBJECTS_DIR    /out/sourcedata/freesurfer
FREESURFER_HOME /opt/freesurfer
Loading source label.
Found 6912 points in source label.
Starting surface-based mapping
Reading source registration 
 /out/sourcedata/freesurfer/fsaverage/surf/rh.sphere.reg
Rescaling ...  original radius = 100
Reading target surface 
 /out/sourcedata/freesurfer/sub-v2s4x29591_ses-1/surf/rh.white
Reading target registration 
 /out/sourcedata/freesurfer/sub-v2s4x29591_ses-1/surf/rh.sphere.reg
Rescaling ...  original radius = 100
Building target registration hash (res=16).
Building source registration hash (res=16).
INFO: found  6912 nlabel points
Performing mapping from target back to the source label 107870
Number of reverse mapping hits = 108
Checking for and removing duplicates
Writing label file ./rh.BA44_exvivo.label 7020
mri_label2label: Done


 mri_label2label --srcsubject fsaverage --srclabel /out/sourcedata/freesurfer/fsaverage/label/rh.BA45_exvivo.label --trgsubject sub-v2s4x29591_ses-1 --trglabel ./rh.BA45_exvivo.label --hemi rh --regmethod surface 


srclabel = /out/sourcedata/freesurfer/fsaverage/label/rh.BA45_exvivo.label
srcsubject = fsaverage
trgsubject = sub-v2s4x29591_ses-1
trglabel = ./rh.BA45_exvivo.label
regmethod = surface

srchemi = rh
trghemi = rh
trgsurface = white
srcsurfreg = sphere.reg
trgsurfreg = sphere.reg
usehash = 1
Use ProjAbs  = 0, 0
Use ProjFrac = 0, 0
DoPaint 0

SUBJECTS_DIR    /out/sourcedata/freesurfer
FREESURFER_HOME /opt/freesurfer
Loading source label.
Found 5355 points in source label.
Starting surface-based mapping
Reading source registration 
 /out/sourcedata/freesurfer/fsaverage/surf/rh.sphere.reg
Rescaling ...  original radius = 100
Reading target surface 
 /out/sourcedata/freesurfer/sub-v2s4x29591_ses-1/surf/rh.white
Reading target registration 
 /out/sourcedata/freesurfer/sub-v2s4x29591_ses-1/surf/rh.sphere.reg
Rescaling ...  original radius = 100
Building target registration hash (res=16).
Building source registration hash (res=16).
INFO: found  5355 nlabel points
Performing mapping from target back to the source label 107870
Number of reverse mapping hits = 162
Checking for and removing duplicates
Writing label file ./rh.BA45_exvivo.label 5517
mri_label2label: Done


 mri_label2label --srcsubject fsaverage --srclabel /out/sourcedata/freesurfer/fsaverage/label/rh.V1_exvivo.label --trgsubject sub-v2s4x29591_ses-1 --trglabel ./rh.V1_exvivo.label --hemi rh --regmethod surface 


srclabel = /out/sourcedata/freesurfer/fsaverage/label/rh.V1_exvivo.label
srcsubject = fsaverage
trgsubject = sub-v2s4x29591_ses-1
trglabel = ./rh.V1_exvivo.label
regmethod = surface

srchemi = rh
trghemi = rh
trgsurface = white
srcsurfreg = sphere.reg
trgsurfreg = sphere.reg
usehash = 1
Use ProjAbs  = 0, 0
Use ProjFrac = 0, 0
DoPaint 0

SUBJECTS_DIR    /out/sourcedata/freesurfer
FREESURFER_HOME /opt/freesurfer
Loading source label.
Found 4727 points in source label.
Starting surface-based mapping
Reading source registration 
 /out/sourcedata/freesurfer/fsaverage/surf/rh.sphere.reg
Rescaling ...  original radius = 100
Reading target surface 
 /out/sourcedata/freesurfer/sub-v2s4x29591_ses-1/surf/rh.white
Reading target registration 
 /out/sourcedata/freesurfer/sub-v2s4x29591_ses-1/surf/rh.sphere.reg
Rescaling ...  original radius = 100
Building target registration hash (res=16).
Building source registration hash (res=16).
INFO: found  4727 nlabel points
Performing mapping from target back to the source label 107870
Number of reverse mapping hits = 1302
Checking for and removing duplicates
Writing label file ./rh.V1_exvivo.label 6029
mri_label2label: Done


 mri_label2label --srcsubject fsaverage --srclabel /out/sourcedata/freesurfer/fsaverage/label/rh.V2_exvivo.label --trgsubject sub-v2s4x29591_ses-1 --trglabel ./rh.V2_exvivo.label --hemi rh --regmethod surface 


srclabel = /out/sourcedata/freesurfer/fsaverage/label/rh.V2_exvivo.label
srcsubject = fsaverage
trgsubject = sub-v2s4x29591_ses-1
trglabel = ./rh.V2_exvivo.label
regmethod = surface

srchemi = rh
trghemi = rh
trgsurface = white
srcsurfreg = sphere.reg
trgsurfreg = sphere.reg
usehash = 1
Use ProjAbs  = 0, 0
Use ProjFrac = 0, 0
DoPaint 0

SUBJECTS_DIR    /out/sourcedata/freesurfer
FREESURFER_HOME /opt/freesurfer
Loading source label.
Found 8016 points in source label.
Starting surface-based mapping
Reading source registration 
 /out/sourcedata/freesurfer/fsaverage/surf/rh.sphere.reg
Rescaling ...  original radius = 100
Reading target surface 
 /out/sourcedata/freesurfer/sub-v2s4x29591_ses-1/surf/rh.white
Reading target registration 
 /out/sourcedata/freesurfer/sub-v2s4x29591_ses-1/surf/rh.sphere.reg
Rescaling ...  original radius = 100
Building target registration hash (res=16).
Building source registration hash (res=16).
INFO: found  8016 nlabel points
Performing mapping from target back to the source label 107870
Number of reverse mapping hits = 1748
Checking for and removing duplicates
Writing label file ./rh.V2_exvivo.label 9764
mri_label2label: Done


 mri_label2label --srcsubject fsaverage --srclabel /out/sourcedata/freesurfer/fsaverage/label/rh.MT_exvivo.label --trgsubject sub-v2s4x29591_ses-1 --trglabel ./rh.MT_exvivo.label --hemi rh --regmethod surface 


srclabel = /out/sourcedata/freesurfer/fsaverage/label/rh.MT_exvivo.label
srcsubject = fsaverage
trgsubject = sub-v2s4x29591_ses-1
trglabel = ./rh.MT_exvivo.label
regmethod = surface

srchemi = rh
trghemi = rh
trgsurface = white
srcsurfreg = sphere.reg
trgsurfreg = sphere.reg
usehash = 1
Use ProjAbs  = 0, 0
Use ProjFrac = 0, 0
DoPaint 0

SUBJECTS_DIR    /out/sourcedata/freesurfer
FREESURFER_HOME /opt/freesurfer
Loading source label.
Found 1932 points in source label.
Starting surface-based mapping
Reading source registration 
 /out/sourcedata/freesurfer/fsaverage/surf/rh.sphere.reg
Rescaling ...  original radius = 100
Reading target surface 
 /out/sourcedata/freesurfer/sub-v2s4x29591_ses-1/surf/rh.white
Reading target registration 
 /out/sourcedata/freesurfer/sub-v2s4x29591_ses-1/surf/rh.sphere.reg
Rescaling ...  original radius = 100
Building target registration hash (res=16).
Building source registration hash (res=16).
INFO: found  1932 nlabel points
Performing mapping from target back to the source label 107870
Number of reverse mapping hits = 170
Checking for and removing duplicates
Writing label file ./rh.MT_exvivo.label 2102
mri_label2label: Done


 mri_label2label --srcsubject fsaverage --srclabel /out/sourcedata/freesurfer/fsaverage/label/rh.entorhinal_exvivo.label --trgsubject sub-v2s4x29591_ses-1 --trglabel ./rh.entorhinal_exvivo.label --hemi rh --regmethod surface 


srclabel = /out/sourcedata/freesurfer/fsaverage/label/rh.entorhinal_exvivo.label
srcsubject = fsaverage
trgsubject = sub-v2s4x29591_ses-1
trglabel = ./rh.entorhinal_exvivo.label
regmethod = surface

srchemi = rh
trghemi = rh
trgsurface = white
srcsurfreg = sphere.reg
trgsurfreg = sphere.reg
usehash = 1
Use ProjAbs  = 0, 0
Use ProjFrac = 0, 0
DoPaint 0

SUBJECTS_DIR    /out/sourcedata/freesurfer
FREESURFER_HOME /opt/freesurfer
Loading source label.
Found 1038 points in source label.
Starting surface-based mapping
Reading source registration 
 /out/sourcedata/freesurfer/fsaverage/surf/rh.sphere.reg
Rescaling ...  original radius = 100
Reading target surface 
 /out/sourcedata/freesurfer/sub-v2s4x29591_ses-1/surf/rh.white
Reading target registration 
 /out/sourcedata/freesurfer/sub-v2s4x29591_ses-1/surf/rh.sphere.reg
Rescaling ...  original radius = 100
Building target registration hash (res=16).
Building source registration hash (res=16).
INFO: found  1038 nlabel points
Performing mapping from target back to the source label 107870
Number of reverse mapping hits = 44
Checking for and removing duplicates
Writing label file ./rh.entorhinal_exvivo.label 1082
mri_label2label: Done


 mri_label2label --srcsubject fsaverage --srclabel /out/sourcedata/freesurfer/fsaverage/label/rh.perirhinal_exvivo.label --trgsubject sub-v2s4x29591_ses-1 --trglabel ./rh.perirhinal_exvivo.label --hemi rh --regmethod surface 


srclabel = /out/sourcedata/freesurfer/fsaverage/label/rh.perirhinal_exvivo.label
srcsubject = fsaverage
trgsubject = sub-v2s4x29591_ses-1
trglabel = ./rh.perirhinal_exvivo.label
regmethod = surface

srchemi = rh
trghemi = rh
trgsurface = white
srcsurfreg = sphere.reg
trgsurfreg = sphere.reg
usehash = 1
Use ProjAbs  = 0, 0
Use ProjFrac = 0, 0
DoPaint 0

SUBJECTS_DIR    /out/sourcedata/freesurfer
FREESURFER_HOME /opt/freesurfer
Loading source label.
Found 752 points in source label.
Starting surface-based mapping
Reading source registration 
 /out/sourcedata/freesurfer/fsaverage/surf/rh.sphere.reg
Rescaling ...  original radius = 100
Reading target surface 
 /out/sourcedata/freesurfer/sub-v2s4x29591_ses-1/surf/rh.white
Reading target registration 
 /out/sourcedata/freesurfer/sub-v2s4x29591_ses-1/surf/rh.sphere.reg
Rescaling ...  original radius = 100
Building target registration hash (res=16).
Building source registration hash (res=16).
INFO: found  752 nlabel points
Performing mapping from target back to the source label 107870
Number of reverse mapping hits = 14
Checking for and removing duplicates
Writing label file ./rh.perirhinal_exvivo.label 766
mri_label2label: Done


 mri_label2label --srcsubject fsaverage --srclabel /out/sourcedata/freesurfer/fsaverage/label/rh.FG1.mpm.vpnl.label --trgsubject sub-v2s4x29591_ses-1 --trglabel ./rh.FG1.mpm.vpnl.label --hemi rh --regmethod surface 


srclabel = /out/sourcedata/freesurfer/fsaverage/label/rh.FG1.mpm.vpnl.label
srcsubject = fsaverage
trgsubject = sub-v2s4x29591_ses-1
trglabel = ./rh.FG1.mpm.vpnl.label
regmethod = surface

srchemi = rh
trghemi = rh
trgsurface = white
srcsurfreg = sphere.reg
trgsurfreg = sphere.reg
usehash = 1
Use ProjAbs  = 0, 0
Use ProjFrac = 0, 0
DoPaint 0

SUBJECTS_DIR    /out/sourcedata/freesurfer
FREESURFER_HOME /opt/freesurfer
Loading source label.
Found 541 points in source label.
Starting surface-based mapping
Reading source registration 
 /out/sourcedata/freesurfer/fsaverage/surf/rh.sphere.reg
Rescaling ...  original radius = 100
Reading target surface 
 /out/sourcedata/freesurfer/sub-v2s4x29591_ses-1/surf/rh.white
Reading target registration 
 /out/sourcedata/freesurfer/sub-v2s4x29591_ses-1/surf/rh.sphere.reg
Rescaling ...  original radius = 100
Building target registration hash (res=16).
Building source registration hash (res=16).
INFO: found  541 nlabel points
Performing mapping from target back to the source label 107870
Number of reverse mapping hits = 59
Checking for and removing duplicates
Writing label file ./rh.FG1.mpm.vpnl.label 600
mri_label2label: Done


 mri_label2label --srcsubject fsaverage --srclabel /out/sourcedata/freesurfer/fsaverage/label/rh.FG2.mpm.vpnl.label --trgsubject sub-v2s4x29591_ses-1 --trglabel ./rh.FG2.mpm.vpnl.label --hemi rh --regmethod surface 


srclabel = /out/sourcedata/freesurfer/fsaverage/label/rh.FG2.mpm.vpnl.label
srcsubject = fsaverage
trgsubject = sub-v2s4x29591_ses-1
trglabel = ./rh.FG2.mpm.vpnl.label
regmethod = surface

srchemi = rh
trghemi = rh
trgsurface = white
srcsurfreg = sphere.reg
trgsurfreg = sphere.reg
usehash = 1
Use ProjAbs  = 0, 0
Use ProjFrac = 0, 0
DoPaint 0

SUBJECTS_DIR    /out/sourcedata/freesurfer
FREESURFER_HOME /opt/freesurfer
Loading source label.
Found 721 points in source label.
Starting surface-based mapping
Reading source registration 
 /out/sourcedata/freesurfer/fsaverage/surf/rh.sphere.reg
Rescaling ...  original radius = 100
Reading target surface 
 /out/sourcedata/freesurfer/sub-v2s4x29591_ses-1/surf/rh.white
Reading target registration 
 /out/sourcedata/freesurfer/sub-v2s4x29591_ses-1/surf/rh.sphere.reg
Rescaling ...  original radius = 100
Building target registration hash (res=16).
Building source registration hash (res=16).
INFO: found  721 nlabel points
Performing mapping from target back to the source label 107870
Number of reverse mapping hits = 133
Checking for and removing duplicates
Writing label file ./rh.FG2.mpm.vpnl.label 854
mri_label2label: Done


 mri_label2label --srcsubject fsaverage --srclabel /out/sourcedata/freesurfer/fsaverage/label/rh.FG3.mpm.vpnl.label --trgsubject sub-v2s4x29591_ses-1 --trglabel ./rh.FG3.mpm.vpnl.label --hemi rh --regmethod surface 


srclabel = /out/sourcedata/freesurfer/fsaverage/label/rh.FG3.mpm.vpnl.label
srcsubject = fsaverage
trgsubject = sub-v2s4x29591_ses-1
trglabel = ./rh.FG3.mpm.vpnl.label
regmethod = surface

srchemi = rh
trghemi = rh
trgsurface = white
srcsurfreg = sphere.reg
trgsurfreg = sphere.reg
usehash = 1
Use ProjAbs  = 0, 0
Use ProjFrac = 0, 0
DoPaint 0

SUBJECTS_DIR    /out/sourcedata/freesurfer
FREESURFER_HOME /opt/freesurfer
Loading source label.
Found 1523 points in source label.
Starting surface-based mapping
Reading source registration 
 /out/sourcedata/freesurfer/fsaverage/surf/rh.sphere.reg
Rescaling ...  original radius = 100
Reading target surface 
 /out/sourcedata/freesurfer/sub-v2s4x29591_ses-1/surf/rh.white
Reading target registration 
 /out/sourcedata/freesurfer/sub-v2s4x29591_ses-1/surf/rh.sphere.reg
Rescaling ...  original radius = 100
Building target registration hash (res=16).
Building source registration hash (res=16).
INFO: found  1523 nlabel points
Performing mapping from target back to the source label 107870
Number of reverse mapping hits = 141
Checking for and removing duplicates
Writing label file ./rh.FG3.mpm.vpnl.label 1664
mri_label2label: Done


 mri_label2label --srcsubject fsaverage --srclabel /out/sourcedata/freesurfer/fsaverage/label/rh.FG4.mpm.vpnl.label --trgsubject sub-v2s4x29591_ses-1 --trglabel ./rh.FG4.mpm.vpnl.label --hemi rh --regmethod surface 


srclabel = /out/sourcedata/freesurfer/fsaverage/label/rh.FG4.mpm.vpnl.label
srcsubject = fsaverage
trgsubject = sub-v2s4x29591_ses-1
trglabel = ./rh.FG4.mpm.vpnl.label
regmethod = surface

srchemi = rh
trghemi = rh
trgsurface = white
srcsurfreg = sphere.reg
trgsurfreg = sphere.reg
usehash = 1
Use ProjAbs  = 0, 0
Use ProjFrac = 0, 0
DoPaint 0

SUBJECTS_DIR    /out/sourcedata/freesurfer
FREESURFER_HOME /opt/freesurfer
Loading source label.
Found 1586 points in source label.
Starting surface-based mapping
Reading source registration 
 /out/sourcedata/freesurfer/fsaverage/surf/rh.sphere.reg
Rescaling ...  original radius = 100
Reading target surface 
 /out/sourcedata/freesurfer/sub-v2s4x29591_ses-1/surf/rh.white
Reading target registration 
 /out/sourcedata/freesurfer/sub-v2s4x29591_ses-1/surf/rh.sphere.reg
Rescaling ...  original radius = 100
Building target registration hash (res=16).
Building source registration hash (res=16).
INFO: found  1586 nlabel points
Performing mapping from target back to the source label 107870
Number of reverse mapping hits = 110
Checking for and removing duplicates
Writing label file ./rh.FG4.mpm.vpnl.label 1696
mri_label2label: Done


 mri_label2label --srcsubject fsaverage --srclabel /out/sourcedata/freesurfer/fsaverage/label/rh.hOc1.mpm.vpnl.label --trgsubject sub-v2s4x29591_ses-1 --trglabel ./rh.hOc1.mpm.vpnl.label --hemi rh --regmethod surface 


srclabel = /out/sourcedata/freesurfer/fsaverage/label/rh.hOc1.mpm.vpnl.label
srcsubject = fsaverage
trgsubject = sub-v2s4x29591_ses-1
trglabel = ./rh.hOc1.mpm.vpnl.label
regmethod = surface

srchemi = rh
trghemi = rh
trgsurface = white
srcsurfreg = sphere.reg
trgsurfreg = sphere.reg
usehash = 1
Use ProjAbs  = 0, 0
Use ProjFrac = 0, 0
DoPaint 0

SUBJECTS_DIR    /out/sourcedata/freesurfer
FREESURFER_HOME /opt/freesurfer
Loading source label.
Found 3667 points in source label.
Starting surface-based mapping
Reading source registration 
 /out/sourcedata/freesurfer/fsaverage/surf/rh.sphere.reg
Rescaling ...  original radius = 100
Reading target surface 
 /out/sourcedata/freesurfer/sub-v2s4x29591_ses-1/surf/rh.white
Reading target registration 
 /out/sourcedata/freesurfer/sub-v2s4x29591_ses-1/surf/rh.sphere.reg
Rescaling ...  original radius = 100
Building target registration hash (res=16).
Building source registration hash (res=16).
INFO: found  3667 nlabel points
Performing mapping from target back to the source label 107870
Number of reverse mapping hits = 1020
Checking for and removing duplicates
Writing label file ./rh.hOc1.mpm.vpnl.label 4687
mri_label2label: Done


 mri_label2label --srcsubject fsaverage --srclabel /out/sourcedata/freesurfer/fsaverage/label/rh.hOc2.mpm.vpnl.label --trgsubject sub-v2s4x29591_ses-1 --trglabel ./rh.hOc2.mpm.vpnl.label --hemi rh --regmethod surface 


srclabel = /out/sourcedata/freesurfer/fsaverage/label/rh.hOc2.mpm.vpnl.label
srcsubject = fsaverage
trgsubject = sub-v2s4x29591_ses-1
trglabel = ./rh.hOc2.mpm.vpnl.label
regmethod = surface

srchemi = rh
trghemi = rh
trgsurface = white
srcsurfreg = sphere.reg
trgsurfreg = sphere.reg
usehash = 1
Use ProjAbs  = 0, 0
Use ProjFrac = 0, 0
DoPaint 0

SUBJECTS_DIR    /out/sourcedata/freesurfer
FREESURFER_HOME /opt/freesurfer
Loading source label.
Found 2719 points in source label.
Starting surface-based mapping
Reading source registration 
 /out/sourcedata/freesurfer/fsaverage/surf/rh.sphere.reg
Rescaling ...  original radius = 100
Reading target surface 
 /out/sourcedata/freesurfer/sub-v2s4x29591_ses-1/surf/rh.white
Reading target registration 
 /out/sourcedata/freesurfer/sub-v2s4x29591_ses-1/surf/rh.sphere.reg
Rescaling ...  original radius = 100
Building target registration hash (res=16).
Building source registration hash (res=16).
INFO: found  2719 nlabel points
Performing mapping from target back to the source label 107870
Number of reverse mapping hits = 681
Checking for and removing duplicates
Writing label file ./rh.hOc2.mpm.vpnl.label 3400
mri_label2label: Done


 mri_label2label --srcsubject fsaverage --srclabel /out/sourcedata/freesurfer/fsaverage/label/rh.hOc3v.mpm.vpnl.label --trgsubject sub-v2s4x29591_ses-1 --trglabel ./rh.hOc3v.mpm.vpnl.label --hemi rh --regmethod surface 


srclabel = /out/sourcedata/freesurfer/fsaverage/label/rh.hOc3v.mpm.vpnl.label
srcsubject = fsaverage
trgsubject = sub-v2s4x29591_ses-1
trglabel = ./rh.hOc3v.mpm.vpnl.label
regmethod = surface

srchemi = rh
trghemi = rh
trgsurface = white
srcsurfreg = sphere.reg
trgsurfreg = sphere.reg
usehash = 1
Use ProjAbs  = 0, 0
Use ProjFrac = 0, 0
DoPaint 0

SUBJECTS_DIR    /out/sourcedata/freesurfer
FREESURFER_HOME /opt/freesurfer
Loading source label.
Found 1228 points in source label.
Starting surface-based mapping
Reading source registration 
 /out/sourcedata/freesurfer/fsaverage/surf/rh.sphere.reg
Rescaling ...  original radius = 100
Reading target surface 
 /out/sourcedata/freesurfer/sub-v2s4x29591_ses-1/surf/rh.white
Reading target registration 
 /out/sourcedata/freesurfer/sub-v2s4x29591_ses-1/surf/rh.sphere.reg
Rescaling ...  original radius = 100
Building target registration hash (res=16).
Building source registration hash (res=16).
INFO: found  1228 nlabel points
Performing mapping from target back to the source label 107870
Number of reverse mapping hits = 347
Checking for and removing duplicates
Writing label file ./rh.hOc3v.mpm.vpnl.label 1575
mri_label2label: Done


 mri_label2label --srcsubject fsaverage --srclabel /out/sourcedata/freesurfer/fsaverage/label/rh.hOc4v.mpm.vpnl.label --trgsubject sub-v2s4x29591_ses-1 --trglabel ./rh.hOc4v.mpm.vpnl.label --hemi rh --regmethod surface 


srclabel = /out/sourcedata/freesurfer/fsaverage/label/rh.hOc4v.mpm.vpnl.label
srcsubject = fsaverage
trgsubject = sub-v2s4x29591_ses-1
trglabel = ./rh.hOc4v.mpm.vpnl.label
regmethod = surface

srchemi = rh
trghemi = rh
trgsurface = white
srcsurfreg = sphere.reg
trgsurfreg = sphere.reg
usehash = 1
Use ProjAbs  = 0, 0
Use ProjFrac = 0, 0
DoPaint 0

SUBJECTS_DIR    /out/sourcedata/freesurfer
FREESURFER_HOME /opt/freesurfer
Loading source label.
Found 1025 points in source label.
Starting surface-based mapping
Reading source registration 
 /out/sourcedata/freesurfer/fsaverage/surf/rh.sphere.reg
Rescaling ...  original radius = 100
Reading target surface 
 /out/sourcedata/freesurfer/sub-v2s4x29591_ses-1/surf/rh.white
Reading target registration 
 /out/sourcedata/freesurfer/sub-v2s4x29591_ses-1/surf/rh.sphere.reg
Rescaling ...  original radius = 100
Building target registration hash (res=16).
Building source registration hash (res=16).
INFO: found  1025 nlabel points
Performing mapping from target back to the source label 107870
Number of reverse mapping hits = 263
Checking for and removing duplicates
Writing label file ./rh.hOc4v.mpm.vpnl.label 1288
mri_label2label: Done


 mris_label2annot --s sub-v2s4x29591_ses-1 --ctab /opt/freesurfer/average/colortable_vpnl.txt --hemi rh --a mpm.vpnl --maxstatwinner --noverbose --l rh.FG1.mpm.vpnl.label --l rh.FG2.mpm.vpnl.label --l rh.FG3.mpm.vpnl.label --l rh.FG4.mpm.vpnl.label --l rh.hOc1.mpm.vpnl.label --l rh.hOc2.mpm.vpnl.label --l rh.hOc3v.mpm.vpnl.label --l rh.hOc4v.mpm.vpnl.label 

Reading ctab /opt/freesurfer/average/colortable_vpnl.txt
Number of ctab entries 9

7.3.2
cwd /out/sourcedata/freesurfer/sub-v2s4x29591_ses-1/label
cmdline mris_label2annot --s sub-v2s4x29591_ses-1 --ctab /opt/freesurfer/average/colortable_vpnl.txt --hemi rh --a mpm.vpnl --maxstatwinner --noverbose --l rh.FG1.mpm.vpnl.label --l rh.FG2.mpm.vpnl.label --l rh.FG3.mpm.vpnl.label --l rh.FG4.mpm.vpnl.label --l rh.hOc1.mpm.vpnl.label --l rh.hOc2.mpm.vpnl.label --l rh.hOc3v.mpm.vpnl.label --l rh.hOc4v.mpm.vpnl.label 
sysname  Linux
hostname dna073
machine  x86_64
user     oesteban

subject sub-v2s4x29591_ses-1
hemi    rh
SUBJECTS_DIR /out/sourcedata/freesurfer
ColorTable /opt/freesurfer/average/colortable_vpnl.txt
AnnotName  mpm.vpnl
nlables 8
LabelThresh 0 0.000000
Loading /out/sourcedata/freesurfer/sub-v2s4x29591_ses-1/surf/rh.orig
 1 1376057 FG1
 2 16711935 FG2
 3 16711680 FG3
 4 1705837 FG4
 5 25600 hOc1
 6 255 hOc2
 7 16776960 hOc3v
 8 65535 hOc4v
Mapping unhit to unknown
Found 93925 unhit vertices
Writing annot to /out/sourcedata/freesurfer/sub-v2s4x29591_ses-1/label/rh.mpm.vpnl.annot

 mri_label2label --srcsubject fsaverage --srclabel /out/sourcedata/freesurfer/fsaverage/label/rh.BA1_exvivo.thresh.label --trgsubject sub-v2s4x29591_ses-1 --trglabel ./rh.BA1_exvivo.thresh.label --hemi rh --regmethod surface 


srclabel = /out/sourcedata/freesurfer/fsaverage/label/rh.BA1_exvivo.thresh.label
srcsubject = fsaverage
trgsubject = sub-v2s4x29591_ses-1
trglabel = ./rh.BA1_exvivo.thresh.label
regmethod = surface

srchemi = rh
trghemi = rh
trgsurface = white
srcsurfreg = sphere.reg
trgsurfreg = sphere.reg
usehash = 1
Use ProjAbs  = 0, 0
Use ProjFrac = 0, 0
DoPaint 0

SUBJECTS_DIR    /out/sourcedata/freesurfer
FREESURFER_HOME /opt/freesurfer
Loading source label.
Found 876 points in source label.
Starting surface-based mapping
Reading source registration 
 /out/sourcedata/freesurfer/fsaverage/surf/rh.sphere.reg
Rescaling ...  original radius = 100
Reading target surface 
 /out/sourcedata/freesurfer/sub-v2s4x29591_ses-1/surf/rh.white
Reading target registration 
 /out/sourcedata/freesurfer/sub-v2s4x29591_ses-1/surf/rh.sphere.reg
Rescaling ...  original radius = 100
Building target registration hash (res=16).
Building source registration hash (res=16).
INFO: found  876 nlabel points
Performing mapping from target back to the source label 107870
Number of reverse mapping hits = 55
Checking for and removing duplicates
Writing label file ./rh.BA1_exvivo.thresh.label 931
mri_label2label: Done


 mri_label2label --srcsubject fsaverage --srclabel /out/sourcedata/freesurfer/fsaverage/label/rh.BA2_exvivo.thresh.label --trgsubject sub-v2s4x29591_ses-1 --trglabel ./rh.BA2_exvivo.thresh.label --hemi rh --regmethod surface 


srclabel = /out/sourcedata/freesurfer/fsaverage/label/rh.BA2_exvivo.thresh.label
srcsubject = fsaverage
trgsubject = sub-v2s4x29591_ses-1
trglabel = ./rh.BA2_exvivo.thresh.label
regmethod = surface

srchemi = rh
trghemi = rh
trgsurface = white
srcsurfreg = sphere.reg
trgsurfreg = sphere.reg
usehash = 1
Use ProjAbs  = 0, 0
Use ProjFrac = 0, 0
DoPaint 0

SUBJECTS_DIR    /out/sourcedata/freesurfer
FREESURFER_HOME /opt/freesurfer
Loading source label.
Found 2688 points in source label.
Starting surface-based mapping
Reading source registration 
 /out/sourcedata/freesurfer/fsaverage/surf/rh.sphere.reg
Rescaling ...  original radius = 100
Reading target surface 
 /out/sourcedata/freesurfer/sub-v2s4x29591_ses-1/surf/rh.white
Reading target registration 
 /out/sourcedata/freesurfer/sub-v2s4x29591_ses-1/surf/rh.sphere.reg
Rescaling ...  original radius = 100
Building target registration hash (res=16).
Building source registration hash (res=16).
INFO: found  2688 nlabel points
Performing mapping from target back to the source label 107870
Number of reverse mapping hits = 28
Checking for and removing duplicates
Writing label file ./rh.BA2_exvivo.thresh.label 2716
mri_label2label: Done


 mri_label2label --srcsubject fsaverage --srclabel /out/sourcedata/freesurfer/fsaverage/label/rh.BA3a_exvivo.thresh.label --trgsubject sub-v2s4x29591_ses-1 --trglabel ./rh.BA3a_exvivo.thresh.label --hemi rh --regmethod surface 


srclabel = /out/sourcedata/freesurfer/fsaverage/label/rh.BA3a_exvivo.thresh.label
srcsubject = fsaverage
trgsubject = sub-v2s4x29591_ses-1
trglabel = ./rh.BA3a_exvivo.thresh.label
regmethod = surface

srchemi = rh
trghemi = rh
trgsurface = white
srcsurfreg = sphere.reg
trgsurfreg = sphere.reg
usehash = 1
Use ProjAbs  = 0, 0
Use ProjFrac = 0, 0
DoPaint 0

SUBJECTS_DIR    /out/sourcedata/freesurfer
FREESURFER_HOME /opt/freesurfer
Loading source label.
Found 1698 points in source label.
Starting surface-based mapping
Reading source registration 
 /out/sourcedata/freesurfer/fsaverage/surf/rh.sphere.reg
Rescaling ...  original radius = 100
Reading target surface 
 /out/sourcedata/freesurfer/sub-v2s4x29591_ses-1/surf/rh.white
Reading target registration 
 /out/sourcedata/freesurfer/sub-v2s4x29591_ses-1/surf/rh.sphere.reg
Rescaling ...  original radius = 100
Building target registration hash (res=16).
Building source registration hash (res=16).
INFO: found  1698 nlabel points
Performing mapping from target back to the source label 107870
Number of reverse mapping hits = 5
Checking for and removing duplicates
Writing label file ./rh.BA3a_exvivo.thresh.label 1703
mri_label2label: Done


 mri_label2label --srcsubject fsaverage --srclabel /out/sourcedata/freesurfer/fsaverage/label/rh.BA3b_exvivo.thresh.label --trgsubject sub-v2s4x29591_ses-1 --trglabel ./rh.BA3b_exvivo.thresh.label --hemi rh --regmethod surface 


srclabel = /out/sourcedata/freesurfer/fsaverage/label/rh.BA3b_exvivo.thresh.label
srcsubject = fsaverage
trgsubject = sub-v2s4x29591_ses-1
trglabel = ./rh.BA3b_exvivo.thresh.label
regmethod = surface

srchemi = rh
trghemi = rh
trgsurface = white
srcsurfreg = sphere.reg
trgsurfreg = sphere.reg
usehash = 1
Use ProjAbs  = 0, 0
Use ProjFrac = 0, 0
DoPaint 0

SUBJECTS_DIR    /out/sourcedata/freesurfer
FREESURFER_HOME /opt/freesurfer
Loading source label.
Found 2183 points in source label.
Starting surface-based mapping
Reading source registration 
 /out/sourcedata/freesurfer/fsaverage/surf/rh.sphere.reg
Rescaling ...  original radius = 100
Reading target surface 
 /out/sourcedata/freesurfer/sub-v2s4x29591_ses-1/surf/rh.white
Reading target registration 
 /out/sourcedata/freesurfer/sub-v2s4x29591_ses-1/surf/rh.sphere.reg
Rescaling ...  original radius = 100
Building target registration hash (res=16).
Building source registration hash (res=16).
INFO: found  2183 nlabel points
Performing mapping from target back to the source label 107870
Number of reverse mapping hits = 31
Checking for and removing duplicates
Writing label file ./rh.BA3b_exvivo.thresh.label 2214
mri_label2label: Done


 mri_label2label --srcsubject fsaverage --srclabel /out/sourcedata/freesurfer/fsaverage/label/rh.BA4a_exvivo.thresh.label --trgsubject sub-v2s4x29591_ses-1 --trglabel ./rh.BA4a_exvivo.thresh.label --hemi rh --regmethod surface 


srclabel = /out/sourcedata/freesurfer/fsaverage/label/rh.BA4a_exvivo.thresh.label
srcsubject = fsaverage
trgsubject = sub-v2s4x29591_ses-1
trglabel = ./rh.BA4a_exvivo.thresh.label
regmethod = surface

srchemi = rh
trghemi = rh
trgsurface = white
srcsurfreg = sphere.reg
trgsurfreg = sphere.reg
usehash = 1
Use ProjAbs  = 0, 0
Use ProjFrac = 0, 0
DoPaint 0

SUBJECTS_DIR    /out/sourcedata/freesurfer
FREESURFER_HOME /opt/freesurfer
Loading source label.
Found 1388 points in source label.
Starting surface-based mapping
Reading source registration 
 /out/sourcedata/freesurfer/fsaverage/surf/rh.sphere.reg
Rescaling ...  original radius = 100
Reading target surface 
 /out/sourcedata/freesurfer/sub-v2s4x29591_ses-1/surf/rh.white
Reading target registration 
 /out/sourcedata/freesurfer/sub-v2s4x29591_ses-1/surf/rh.sphere.reg
Rescaling ...  original radius = 100
Building target registration hash (res=16).
Building source registration hash (res=16).
INFO: found  1388 nlabel points
Performing mapping from target back to the source label 107870
Number of reverse mapping hits = 26
Checking for and removing duplicates
Writing label file ./rh.BA4a_exvivo.thresh.label 1414
mri_label2label: Done


 mri_label2label --srcsubject fsaverage --srclabel /out/sourcedata/freesurfer/fsaverage/label/rh.BA4p_exvivo.thresh.label --trgsubject sub-v2s4x29591_ses-1 --trglabel ./rh.BA4p_exvivo.thresh.label --hemi rh --regmethod surface 


srclabel = /out/sourcedata/freesurfer/fsaverage/label/rh.BA4p_exvivo.thresh.label
srcsubject = fsaverage
trgsubject = sub-v2s4x29591_ses-1
trglabel = ./rh.BA4p_exvivo.thresh.label
regmethod = surface

srchemi = rh
trghemi = rh
trgsurface = white
srcsurfreg = sphere.reg
trgsurfreg = sphere.reg
usehash = 1
Use ProjAbs  = 0, 0
Use ProjFrac = 0, 0
DoPaint 0

SUBJECTS_DIR    /out/sourcedata/freesurfer
FREESURFER_HOME /opt/freesurfer
Loading source label.
Found 1489 points in source label.
Starting surface-based mapping
Reading source registration 
 /out/sourcedata/freesurfer/fsaverage/surf/rh.sphere.reg
Rescaling ...  original radius = 100
Reading target surface 
 /out/sourcedata/freesurfer/sub-v2s4x29591_ses-1/surf/rh.white
Reading target registration 
 /out/sourcedata/freesurfer/sub-v2s4x29591_ses-1/surf/rh.sphere.reg
Rescaling ...  original radius = 100
Building target registration hash (res=16).
Building source registration hash (res=16).
INFO: found  1489 nlabel points
Performing mapping from target back to the source label 107870
Number of reverse mapping hits = 9
Checking for and removing duplicates
Writing label file ./rh.BA4p_exvivo.thresh.label 1498
mri_label2label: Done


 mri_label2label --srcsubject fsaverage --srclabel /out/sourcedata/freesurfer/fsaverage/label/rh.BA6_exvivo.thresh.label --trgsubject sub-v2s4x29591_ses-1 --trglabel ./rh.BA6_exvivo.thresh.label --hemi rh --regmethod surface 


srclabel = /out/sourcedata/freesurfer/fsaverage/label/rh.BA6_exvivo.thresh.label
srcsubject = fsaverage
trgsubject = sub-v2s4x29591_ses-1
trglabel = ./rh.BA6_exvivo.thresh.label
regmethod = surface

srchemi = rh
trghemi = rh
trgsurface = white
srcsurfreg = sphere.reg
trgsurfreg = sphere.reg
usehash = 1
Use ProjAbs  = 0, 0
Use ProjFrac = 0, 0
DoPaint 0

SUBJECTS_DIR    /out/sourcedata/freesurfer
FREESURFER_HOME /opt/freesurfer
Loading source label.
Found 6959 points in source label.
Starting surface-based mapping
Reading source registration 
 /out/sourcedata/freesurfer/fsaverage/surf/rh.sphere.reg
Rescaling ...  original radius = 100
Reading target surface 
 /out/sourcedata/freesurfer/sub-v2s4x29591_ses-1/surf/rh.white
Reading target registration 
 /out/sourcedata/freesurfer/sub-v2s4x29591_ses-1/surf/rh.sphere.reg
Rescaling ...  original radius = 100
Building target registration hash (res=16).
Building source registration hash (res=16).
INFO: found  6959 nlabel points
Performing mapping from target back to the source label 107870
Number of reverse mapping hits = 132
Checking for and removing duplicates
Writing label file ./rh.BA6_exvivo.thresh.label 7091
mri_label2label: Done


 mri_label2label --srcsubject fsaverage --srclabel /out/sourcedata/freesurfer/fsaverage/label/rh.BA44_exvivo.thresh.label --trgsubject sub-v2s4x29591_ses-1 --trglabel ./rh.BA44_exvivo.thresh.label --hemi rh --regmethod surface 


srclabel = /out/sourcedata/freesurfer/fsaverage/label/rh.BA44_exvivo.thresh.label
srcsubject = fsaverage
trgsubject = sub-v2s4x29591_ses-1
trglabel = ./rh.BA44_exvivo.thresh.label
regmethod = surface

srchemi = rh
trghemi = rh
trgsurface = white
srcsurfreg = sphere.reg
trgsurfreg = sphere.reg
usehash = 1
Use ProjAbs  = 0, 0
Use ProjFrac = 0, 0
DoPaint 0

SUBJECTS_DIR    /out/sourcedata/freesurfer
FREESURFER_HOME /opt/freesurfer
Loading source label.
Found 1012 points in source label.
Starting surface-based mapping
Reading source registration 
 /out/sourcedata/freesurfer/fsaverage/surf/rh.sphere.reg
Rescaling ...  original radius = 100
Reading target surface 
 /out/sourcedata/freesurfer/sub-v2s4x29591_ses-1/surf/rh.white
Reading target registration 
 /out/sourcedata/freesurfer/sub-v2s4x29591_ses-1/surf/rh.sphere.reg
Rescaling ...  original radius = 100
Building target registration hash (res=16).
Building source registration hash (res=16).
INFO: found  1012 nlabel points
Performing mapping from target back to the source label 107870
Number of reverse mapping hits = 27
Checking for and removing duplicates
Writing label file ./rh.BA44_exvivo.thresh.label 1039
mri_label2label: Done


 mri_label2label --srcsubject fsaverage --srclabel /out/sourcedata/freesurfer/fsaverage/label/rh.BA45_exvivo.thresh.label --trgsubject sub-v2s4x29591_ses-1 --trglabel ./rh.BA45_exvivo.thresh.label --hemi rh --regmethod surface 


srclabel = /out/sourcedata/freesurfer/fsaverage/label/rh.BA45_exvivo.thresh.label
srcsubject = fsaverage
trgsubject = sub-v2s4x29591_ses-1
trglabel = ./rh.BA45_exvivo.thresh.label
regmethod = surface

srchemi = rh
trghemi = rh
trgsurface = white
srcsurfreg = sphere.reg
trgsurfreg = sphere.reg
usehash = 1
Use ProjAbs  = 0, 0
Use ProjFrac = 0, 0
DoPaint 0

SUBJECTS_DIR    /out/sourcedata/freesurfer
FREESURFER_HOME /opt/freesurfer
Loading source label.
Found 1178 points in source label.
Starting surface-based mapping
Reading source registration 
 /out/sourcedata/freesurfer/fsaverage/surf/rh.sphere.reg
Rescaling ...  original radius = 100
Reading target surface 
 /out/sourcedata/freesurfer/sub-v2s4x29591_ses-1/surf/rh.white
Reading target registration 
 /out/sourcedata/freesurfer/sub-v2s4x29591_ses-1/surf/rh.sphere.reg
Rescaling ...  original radius = 100
Building target registration hash (res=16).
Building source registration hash (res=16).
INFO: found  1178 nlabel points
Performing mapping from target back to the source label 107870
Number of reverse mapping hits = 17
Checking for and removing duplicates
Writing label file ./rh.BA45_exvivo.thresh.label 1195
mri_label2label: Done


 mri_label2label --srcsubject fsaverage --srclabel /out/sourcedata/freesurfer/fsaverage/label/rh.V1_exvivo.thresh.label --trgsubject sub-v2s4x29591_ses-1 --trglabel ./rh.V1_exvivo.thresh.label --hemi rh --regmethod surface 


srclabel = /out/sourcedata/freesurfer/fsaverage/label/rh.V1_exvivo.thresh.label
srcsubject = fsaverage
trgsubject = sub-v2s4x29591_ses-1
trglabel = ./rh.V1_exvivo.thresh.label
regmethod = surface

srchemi = rh
trghemi = rh
trgsurface = white
srcsurfreg = sphere.reg
trgsurfreg = sphere.reg
usehash = 1
Use ProjAbs  = 0, 0
Use ProjFrac = 0, 0
DoPaint 0

SUBJECTS_DIR    /out/sourcedata/freesurfer
FREESURFER_HOME /opt/freesurfer
Loading source label.
Found 3232 points in source label.
Starting surface-based mapping
Reading source registration 
 /out/sourcedata/freesurfer/fsaverage/surf/rh.sphere.reg
Rescaling ...  original radius = 100
Reading target surface 
 /out/sourcedata/freesurfer/sub-v2s4x29591_ses-1/surf/rh.white
Reading target registration 
 /out/sourcedata/freesurfer/sub-v2s4x29591_ses-1/surf/rh.sphere.reg
Rescaling ...  original radius = 100
Building target registration hash (res=16).
Building source registration hash (res=16).
INFO: found  3232 nlabel points
Performing mapping from target back to the source label 107870
Number of reverse mapping hits = 903
Checking for and removing duplicates
Writing label file ./rh.V1_exvivo.thresh.label 4135
mri_label2label: Done


 mri_label2label --srcsubject fsaverage --srclabel /out/sourcedata/freesurfer/fsaverage/label/rh.V2_exvivo.thresh.label --trgsubject sub-v2s4x29591_ses-1 --trglabel ./rh.V2_exvivo.thresh.label --hemi rh --regmethod surface 


srclabel = /out/sourcedata/freesurfer/fsaverage/label/rh.V2_exvivo.thresh.label
srcsubject = fsaverage
trgsubject = sub-v2s4x29591_ses-1
trglabel = ./rh.V2_exvivo.thresh.label
regmethod = surface

srchemi = rh
trghemi = rh
trgsurface = white
srcsurfreg = sphere.reg
trgsurfreg = sphere.reg
usehash = 1
Use ProjAbs  = 0, 0
Use ProjFrac = 0, 0
DoPaint 0

SUBJECTS_DIR    /out/sourcedata/freesurfer
FREESURFER_HOME /opt/freesurfer
Loading source label.
Found 3437 points in source label.
Starting surface-based mapping
Reading source registration 
 /out/sourcedata/freesurfer/fsaverage/surf/rh.sphere.reg
Rescaling ...  original radius = 100
Reading target surface 
 /out/sourcedata/freesurfer/sub-v2s4x29591_ses-1/surf/rh.white
Reading target registration 
 /out/sourcedata/freesurfer/sub-v2s4x29591_ses-1/surf/rh.sphere.reg
Rescaling ...  original radius = 100
Building target registration hash (res=16).
Building source registration hash (res=16).
INFO: found  3437 nlabel points
Performing mapping from target back to the source label 107870
Number of reverse mapping hits = 922
Checking for and removing duplicates
Writing label file ./rh.V2_exvivo.thresh.label 4359
mri_label2label: Done


 mri_label2label --srcsubject fsaverage --srclabel /out/sourcedata/freesurfer/fsaverage/label/rh.MT_exvivo.thresh.label --trgsubject sub-v2s4x29591_ses-1 --trglabel ./rh.MT_exvivo.thresh.label --hemi rh --regmethod surface 


srclabel = /out/sourcedata/freesurfer/fsaverage/label/rh.MT_exvivo.thresh.label
srcsubject = fsaverage
trgsubject = sub-v2s4x29591_ses-1
trglabel = ./rh.MT_exvivo.thresh.label
regmethod = surface

srchemi = rh
trghemi = rh
trgsurface = white
srcsurfreg = sphere.reg
trgsurfreg = sphere.reg
usehash = 1
Use ProjAbs  = 0, 0
Use ProjFrac = 0, 0
DoPaint 0

SUBJECTS_DIR    /out/sourcedata/freesurfer
FREESURFER_HOME /opt/freesurfer
Loading source label.
Found 268 points in source label.
Starting surface-based mapping
Reading source registration 
 /out/sourcedata/freesurfer/fsaverage/surf/rh.sphere.reg
Rescaling ...  original radius = 100
Reading target surface 
 /out/sourcedata/freesurfer/sub-v2s4x29591_ses-1/surf/rh.white
Reading target registration 
 /out/sourcedata/freesurfer/sub-v2s4x29591_ses-1/surf/rh.sphere.reg
Rescaling ...  original radius = 100
Building target registration hash (res=16).
Building source registration hash (res=16).
INFO: found  268 nlabel points
Performing mapping from target back to the source label 107870
Number of reverse mapping hits = 51
Checking for and removing duplicates
Writing label file ./rh.MT_exvivo.thresh.label 319
mri_label2label: Done


 mri_label2label --srcsubject fsaverage --srclabel /out/sourcedata/freesurfer/fsaverage/label/rh.entorhinal_exvivo.thresh.label --trgsubject sub-v2s4x29591_ses-1 --trglabel ./rh.entorhinal_exvivo.thresh.label --hemi rh --regmethod surface 


srclabel = /out/sourcedata/freesurfer/fsaverage/label/rh.entorhinal_exvivo.thresh.label
srcsubject = fsaverage
trgsubject = sub-v2s4x29591_ses-1
trglabel = ./rh.entorhinal_exvivo.thresh.label
regmethod = surface

srchemi = rh
trghemi = rh
trgsurface = white
srcsurfreg = sphere.reg
trgsurfreg = sphere.reg
usehash = 1
Use ProjAbs  = 0, 0
Use ProjFrac = 0, 0
DoPaint 0

SUBJECTS_DIR    /out/sourcedata/freesurfer
FREESURFER_HOME /opt/freesurfer
Loading source label.
Found 694 points in source label.
Starting surface-based mapping
Reading source registration 
 /out/sourcedata/freesurfer/fsaverage/surf/rh.sphere.reg
Rescaling ...  original radius = 100
Reading target surface 
 /out/sourcedata/freesurfer/sub-v2s4x29591_ses-1/surf/rh.white
Reading target registration 
 /out/sourcedata/freesurfer/sub-v2s4x29591_ses-1/surf/rh.sphere.reg
Rescaling ...  original radius = 100
Building target registration hash (res=16).
Building source registration hash (res=16).
INFO: found  694 nlabel points
Performing mapping from target back to the source label 107870
Number of reverse mapping hits = 20
Checking for and removing duplicates
Writing label file ./rh.entorhinal_exvivo.thresh.label 714
mri_label2label: Done


 mri_label2label --srcsubject fsaverage --srclabel /out/sourcedata/freesurfer/fsaverage/label/rh.perirhinal_exvivo.thresh.label --trgsubject sub-v2s4x29591_ses-1 --trglabel ./rh.perirhinal_exvivo.thresh.label --hemi rh --regmethod surface 


srclabel = /out/sourcedata/freesurfer/fsaverage/label/rh.perirhinal_exvivo.thresh.label
srcsubject = fsaverage
trgsubject = sub-v2s4x29591_ses-1
trglabel = ./rh.perirhinal_exvivo.thresh.label
regmethod = surface

srchemi = rh
trghemi = rh
trgsurface = white
srcsurfreg = sphere.reg
trgsurfreg = sphere.reg
usehash = 1
Use ProjAbs  = 0, 0
Use ProjFrac = 0, 0
DoPaint 0

SUBJECTS_DIR    /out/sourcedata/freesurfer
FREESURFER_HOME /opt/freesurfer
Loading source label.
Found 291 points in source label.
Starting surface-based mapping
Reading source registration 
 /out/sourcedata/freesurfer/fsaverage/surf/rh.sphere.reg
Rescaling ...  original radius = 100
Reading target surface 
 /out/sourcedata/freesurfer/sub-v2s4x29591_ses-1/surf/rh.white
Reading target registration 
 /out/sourcedata/freesurfer/sub-v2s4x29591_ses-1/surf/rh.sphere.reg
Rescaling ...  original radius = 100
Building target registration hash (res=16).
Building source registration hash (res=16).
INFO: found  291 nlabel points
Performing mapping from target back to the source label 107870
Number of reverse mapping hits = 6
Checking for and removing duplicates
Writing label file ./rh.perirhinal_exvivo.thresh.label 297
mri_label2label: Done


 mris_label2annot --s sub-v2s4x29591_ses-1 --hemi rh --ctab /opt/freesurfer/average/colortable_BA.txt --l rh.BA1_exvivo.label --l rh.BA2_exvivo.label --l rh.BA3a_exvivo.label --l rh.BA3b_exvivo.label --l rh.BA4a_exvivo.label --l rh.BA4p_exvivo.label --l rh.BA6_exvivo.label --l rh.BA44_exvivo.label --l rh.BA45_exvivo.label --l rh.V1_exvivo.label --l rh.V2_exvivo.label --l rh.MT_exvivo.label --l rh.perirhinal_exvivo.label --l rh.entorhinal_exvivo.label --a BA_exvivo --maxstatwinner --noverbose 

Reading ctab /opt/freesurfer/average/colortable_BA.txt
Number of ctab entries 15

7.3.2
cwd /out/sourcedata/freesurfer/sub-v2s4x29591_ses-1/label
cmdline mris_label2annot --s sub-v2s4x29591_ses-1 --hemi rh --ctab /opt/freesurfer/average/colortable_BA.txt --l rh.BA1_exvivo.label --l rh.BA2_exvivo.label --l rh.BA3a_exvivo.label --l rh.BA3b_exvivo.label --l rh.BA4a_exvivo.label --l rh.BA4p_exvivo.label --l rh.BA6_exvivo.label --l rh.BA44_exvivo.label --l rh.BA45_exvivo.label --l rh.V1_exvivo.label --l rh.V2_exvivo.label --l rh.MT_exvivo.label --l rh.perirhinal_exvivo.label --l rh.entorhinal_exvivo.label --a BA_exvivo --maxstatwinner --noverbose 
sysname  Linux
hostname dna073
machine  x86_64
user     oesteban

subject sub-v2s4x29591_ses-1
hemi    rh
SUBJECTS_DIR /out/sourcedata/freesurfer
ColorTable /opt/freesurfer/average/colortable_BA.txt
AnnotName  BA_exvivo
nlables 14
LabelThresh 0 0.000000
Loading /out/sourcedata/freesurfer/sub-v2s4x29591_ses-1/surf/rh.orig
 1 1530880 BA1_exvivo
 2 16749699 BA2_exvivo
 3 16711680 BA3a_exvivo
 4 3368703 BA3b_exvivo
 5 1376196 BA4a_exvivo
 6 13382655 BA4p_exvivo
 7 10036737 BA6_exvivo
 8 2490521 BA44_exvivo
 9 39283 BA45_exvivo
10 3993 V1_exvivo
11 8508928 V2_exvivo
12 10027163 MT_exvivo
13 16422433 perirhinal_exvivo
14 16392598 entorhinal_exvivo
Mapping unhit to unknown
Found 74186 unhit vertices
Writing annot to /out/sourcedata/freesurfer/sub-v2s4x29591_ses-1/label/rh.BA_exvivo.annot

 mris_label2annot --s sub-v2s4x29591_ses-1 --hemi rh --ctab /opt/freesurfer/average/colortable_BA.txt --l rh.BA1_exvivo.thresh.label --l rh.BA2_exvivo.thresh.label --l rh.BA3a_exvivo.thresh.label --l rh.BA3b_exvivo.thresh.label --l rh.BA4a_exvivo.thresh.label --l rh.BA4p_exvivo.thresh.label --l rh.BA6_exvivo.thresh.label --l rh.BA44_exvivo.thresh.label --l rh.BA45_exvivo.thresh.label --l rh.V1_exvivo.thresh.label --l rh.V2_exvivo.thresh.label --l rh.MT_exvivo.thresh.label --l rh.perirhinal_exvivo.thresh.label --l rh.entorhinal_exvivo.thresh.label --a BA_exvivo.thresh --maxstatwinner --noverbose 

Reading ctab /opt/freesurfer/average/colortable_BA.txt
Number of ctab entries 15

7.3.2
cwd /out/sourcedata/freesurfer/sub-v2s4x29591_ses-1/label
cmdline mris_label2annot --s sub-v2s4x29591_ses-1 --hemi rh --ctab /opt/freesurfer/average/colortable_BA.txt --l rh.BA1_exvivo.thresh.label --l rh.BA2_exvivo.thresh.label --l rh.BA3a_exvivo.thresh.label --l rh.BA3b_exvivo.thresh.label --l rh.BA4a_exvivo.thresh.label --l rh.BA4p_exvivo.thresh.label --l rh.BA6_exvivo.thresh.label --l rh.BA44_exvivo.thresh.label --l rh.BA45_exvivo.thresh.label --l rh.V1_exvivo.thresh.label --l rh.V2_exvivo.thresh.label --l rh.MT_exvivo.thresh.label --l rh.perirhinal_exvivo.thresh.label --l rh.entorhinal_exvivo.thresh.label --a BA_exvivo.thresh --maxstatwinner --noverbose 
sysname  Linux
hostname dna073
machine  x86_64
user     oesteban

subject sub-v2s4x29591_ses-1
hemi    rh
SUBJECTS_DIR /out/sourcedata/freesurfer
ColorTable /opt/freesurfer/average/colortable_BA.txt
AnnotName  BA_exvivo.thresh
nlables 14
LabelThresh 0 0.000000
Loading /out/sourcedata/freesurfer/sub-v2s4x29591_ses-1/surf/rh.orig
 1 1530880 BA1_exvivo
 2 16749699 BA2_exvivo
 3 16711680 BA3a_exvivo
 4 3368703 BA3b_exvivo
 5 1376196 BA4a_exvivo
 6 13382655 BA4p_exvivo
 7 10036737 BA6_exvivo
 8 2490521 BA44_exvivo
 9 39283 BA45_exvivo
10 3993 V1_exvivo
11 8508928 V2_exvivo
12 10027163 MT_exvivo
13 16422433 perirhinal_exvivo
14 16392598 entorhinal_exvivo
Mapping unhit to unknown
Found 87891 unhit vertices
Writing annot to /out/sourcedata/freesurfer/sub-v2s4x29591_ses-1/label/rh.BA_exvivo.thresh.annot

 mris_anatomical_stats -th3 -mgz -noglobal -f ../stats/rh.BA_exvivo.stats -b -a ./rh.BA_exvivo.annot -c ./BA_exvivo.ctab sub-v2s4x29591_ses-1 rh white 

computing statistics for each annotation in ./rh.BA_exvivo.annot.
reading volume /out/sourcedata/freesurfer/sub-v2s4x29591_ses-1/mri/wm.mgz...
reading input surface /out/sourcedata/freesurfer/sub-v2s4x29591_ses-1/surf/rh.white...
reading input pial surface /out/sourcedata/freesurfer/sub-v2s4x29591_ses-1/surf/rh.pial...
reading input white surface /out/sourcedata/freesurfer/sub-v2s4x29591_ses-1/surf/rh.white...
INFO: using TH3 volume calc
INFO: assuming MGZ format for volumes.
INFO: not computing global stats
Using TH3 vertex volume calc
Total face volume 242409
Total vertex volume 242181 (mask=0)
Saving annotation colortable ./BA_exvivo.ctab

table columns are:
    number of vertices
    total surface area (mm^2)
    total gray matter volume (mm^3)
    average cortical thickness +- standard deviation (mm)
    integrated rectified mean curvature
    integrated rectified Gaussian curvature
    folding index
    intrinsic curvature index
    structure name

 1030    683   2466  2.494 0.735     0.154     0.051       17     2.1  BA1_exvivo
 2626   1837   4925  2.450 0.714     0.107     0.026       19     2.9  BA2_exvivo
  869    597    835  1.910 0.536     0.130     0.027        7     1.1  BA3a_exvivo
 1763   1204   2620  1.837 0.630     0.096     0.023       15     1.7  BA3b_exvivo
 1117    778   2578  2.636 0.737     0.107     0.032        8     1.3  BA4a_exvivo
  979    670   1499  2.305 0.574     0.110     0.031        6     1.2  BA4p_exvivo
 6246   4468  16497  2.986 0.792     0.128     0.037       68     9.5  BA6_exvivo
 2801   2028   7217  3.071 0.639     0.119     0.028       29     3.3  BA44_exvivo
 2738   2033   9201  3.131 0.786     0.128     0.035       37     3.6  BA45_exvivo
 4005   2703   5016  1.768 0.601     0.140     0.043       52     7.2  V1_exvivo
 7092   5366  13337  2.272 0.693     0.165     0.049      110    15.1  V2_exvivo
 1581   1073   3063  2.609 0.567     0.105     0.022       15     1.4  MT_exvivo
  310    236    780  2.705 0.753     0.137     0.050        4     0.5  perirhinal_exvivo
  527    373   1311  2.614 0.918     0.148     0.060        8     1.3  entorhinal_exvivo

 mris_anatomical_stats -th3 -mgz -f ../stats/rh.BA_exvivo.thresh.stats -noglobal -b -a ./rh.BA_exvivo.thresh.annot -c ./BA_exvivo.thresh.ctab sub-v2s4x29591_ses-1 rh white 

computing statistics for each annotation in ./rh.BA_exvivo.thresh.annot.
reading volume /out/sourcedata/freesurfer/sub-v2s4x29591_ses-1/mri/wm.mgz...
reading input surface /out/sourcedata/freesurfer/sub-v2s4x29591_ses-1/surf/rh.white...
reading input pial surface /out/sourcedata/freesurfer/sub-v2s4x29591_ses-1/surf/rh.pial...
reading input white surface /out/sourcedata/freesurfer/sub-v2s4x29591_ses-1/surf/rh.white...
INFO: using TH3 volume calc
INFO: assuming MGZ format for volumes.
INFO: not computing global stats
Using TH3 vertex volume calc
Total face volume 242409
Total vertex volume 242181 (mask=0)
Saving annotation colortable ./BA_exvivo.thresh.ctab

table columns are:
    number of vertices
    total surface area (mm^2)
    total gray matter volume (mm^3)
    average cortical thickness +- standard deviation (mm)
    integrated rectified mean curvature
    integrated rectified Gaussian curvature
    folding index
    intrinsic curvature index
    structure name

  659    453   1577  2.296 0.816     0.145     0.045       10     1.2  BA1_exvivo
 1564   1077   3230  2.580 0.738     0.098     0.024       10     1.4  BA2_exvivo
  764    517    667  1.865 0.421     0.135     0.029        7     1.0  BA3a_exvivo
 1301    884   1544  1.631 0.439     0.074     0.014        5     0.6  BA3b_exvivo
  704    479   1754  2.767 0.855     0.128     0.043        7     1.2  BA4a_exvivo
  812    571   1237  2.278 0.551     0.106     0.026        5     1.0  BA4p_exvivo
 4224   3044  10738  2.870 0.778     0.131     0.037       47     6.5  BA6_exvivo
  714    539   2224  3.192 0.683     0.133     0.033        9     1.0  BA44_exvivo
  638    502   2770  3.472 0.708     0.134     0.036       10     0.8  BA45_exvivo
 3826   2603   4694  1.755 0.601     0.142     0.045       51     7.3  V1_exvivo
 3972   2955   7201  2.177 0.685     0.169     0.052       63     9.1  V2_exvivo
  285    186    790  2.886 0.794     0.121     0.026        4     0.3  MT_exvivo
   29     23     73  2.697 0.759     0.191     0.056        0     0.1  perirhinal_exvivo
  487    353   1248  2.768 0.868     0.128     0.046        5     0.8  entorhinal_exvivo

Started at Fri Mar 13 06:25:25 CET 2026 
Ended   at Fri Mar 13 06:27:20 CET 2026
#@#%# recon-all-run-time-hours 0.032
recon-all -s sub-v2s4x29591_ses-1 finished without error at Fri Mar 13 06:27:20 CET 2026
