#!ascii label  , from subject sub-v2s4x29583_ses-1 vox2ras=TkReg
4693
130186  -11.728  -34.842  69.876 0.2222220004
36983  -11.581  -33.435  70.713 0.3333329856
41049  -12.149  -31.081  71.646 0.4444440007
41050  -12.808  -30.530  71.826 0.5555559993
41056  -12.977  -29.994  71.600 0.5555559993
42050  -13.719  -29.601  71.100 0.5555559993
42040  -14.611  -29.500  72.008 0.4444440007
42999  -14.482  -29.265  71.503 0.4444440007
142742  -14.896  -28.919  70.959 0.5555559993
36010  -10.484  -34.106  69.942 0.4444440007
36982  -10.770  -33.580  70.429 0.3333329856
35018  -9.430  -35.561  68.114 0.3333329856
126761  -9.671  -35.089  68.726 0.3333329856
36011  -11.050  -34.766  69.640 0.3333329856
142460  -10.747  -32.673  70.721 0.4444440007
38004  -11.812  -32.298  71.476 0.4444440007
40031  -11.978  -31.708  71.628 0.4444440007
35025  -9.181  -36.017  67.555 0.1111110002
35026  -9.817  -36.260  67.936 0.3333329856
39046  -11.283  -32.503  71.121 0.5555559993
40037  -11.550  -31.560  71.332 0.4444440007
142973  -11.671  -31.089  71.323 0.5555559993
41055  -12.265  -30.593  71.454 0.5555559993
41054  -11.084  -31.548  70.815 0.5555559993
41068  -11.668  -30.851  70.726 0.5555559993
41082  -12.267  -30.504  69.928 0.5555559993
42054  -12.950  -30.030  69.763 0.6666669846
43008  -14.381  -29.255  70.507 0.5555559993
43018  -15.093  -28.929  70.052 0.6666669846
141097  -16.110  -28.981  71.590 0.4444440007
42059  -13.580  -29.969  68.851 0.6666669846
42056  -14.484  -29.444  69.290 0.6666669846
43030  -15.649  -28.939  68.467 0.7777780294
125423  -16.493  -28.652  70.227 0.7777780294
42067  -13.798  -30.058  67.843 0.7777780294
43029  -15.016  -29.317  68.397 0.7777780294
43031  -16.327  -28.747  68.528 0.7777780294
138179  -13.647  -30.557  67.045 0.7777780294
134454  -14.382  -29.844  67.202 0.7777780294
43044  -14.871  -29.507  67.693 0.7777780294
43045  -15.431  -29.147  67.677 0.7777780294
42072  -14.220  -30.108  66.299 0.7777780294
42083  -14.760  -29.770  65.697 0.7777780294
42073  -14.810  -29.724  66.450 0.7777780294
43074  -15.406  -29.315  66.070 0.7777780294
38008  -11.055  -33.018  70.829 0.4444440007
36017  -8.944  -34.851  68.314 0.4444440007
36994  -9.260  -34.465  69.020 0.3333329856
36018  -10.123  -34.719  69.339 0.3333329856
36981  -10.109  -33.688  70.129 0.4444440007
38007  -10.242  -33.158  70.390 0.4444440007
39044  -10.201  -32.553  70.361 0.4444440007
36030  -8.023  -35.395  67.001 0.4444440007
35024  -8.494  -35.703  67.253 0.1111110002
36016  -8.441  -34.861  67.939 0.4444440007
146767  -8.688  -34.333  68.414 0.4444440007
36987  -9.190  -34.027  69.239 0.3333329856
38015  -9.763  -33.631  69.914 0.4444440007
38006  -9.608  -33.046  70.004 0.4444440007
40035  -10.562  -32.066  70.589 0.5555559993
40036  -11.078  -31.880  70.996 0.5555559993
36023  -8.217  -35.081  67.460 0.5555559993
36993  -8.200  -34.645  67.621 0.4444440007
38018  -8.303  -34.381  67.780 0.4444440007
39053  -8.914  -33.663  68.450 0.4444440007
39050  -9.424  -33.079  69.504 0.5555559993
40054  -9.549  -32.680  69.560 0.5555559993
40041  -9.990  -32.372  70.076 0.5555559993
40042  -10.391  -31.932  70.211 0.5555559993
41081  -11.563  -30.985  69.798 0.5555559993
38026  -7.983  -34.097  67.001 0.5555559993
38027  -8.396  -33.965  67.786 0.4444440007
39063  -8.666  -33.731  67.803 0.5555559993
39054  -9.328  -33.061  68.900 0.5555559993
40071  -9.832  -32.334  68.900 0.5555559993
40072  -10.556  -32.146  68.687 0.5555559993
41080  -11.156  -31.487  69.141 0.5555559993
138288  -12.638  -30.102  70.313 0.5555559993
39065  -9.542  -33.004  68.134 0.5555559993
40085  -10.773  -32.646  67.793 0.6666669846
40073  -11.207  -32.010  68.325 0.6666669846
41085  -11.840  -31.578  68.347 0.7777780294
41086  -12.798  -30.582  68.972 0.7777780294
43963  -18.048  -28.414  69.354 0.7777780294
43951  -18.329  -28.454  70.338 0.4444440007
39075  -7.780  -33.835  66.008 0.5555559993
39076  -8.431  -33.822  66.922 0.4444440007
131500  -9.504  -33.619  66.927 0.5555559993
39078  -9.981  -33.110  67.661 0.6666669846
40086  -11.683  -32.110  67.507 0.7777780294
41092  -12.298  -31.550  67.694 0.7777780294
41087  -13.243  -30.622  68.069 0.7777780294
43962  -17.395  -28.518  69.108 0.7777780294
131161  -8.007  -33.917  65.654 0.3333329856
39091  -8.857  -33.865  65.850 0.4444440007
39092  -10.714  -33.259  66.014 0.6666669846
40101  -11.205  -32.806  66.800 0.6666669846
40102  -11.905  -32.261  66.479 0.7777780294
40087  -12.437  -31.725  66.944 0.7777780294
43046  -16.128  -28.832  67.684 0.7777780294
138484  -16.574  -28.706  67.995 0.7777780294
128780  -11.973  -32.195  65.548 0.6666669846
41100  -13.682  -30.712  65.974 0.7777780294
43058  -15.750  -28.962  66.882 0.7777780294
127568  -16.129  -28.805  66.076 0.7777780294
40103  -12.553  -31.813  66.049 0.6666669846
42082  -14.116  -30.155  65.406 0.6666669846
43088  -15.219  -29.340  65.095 0.7777780294
43075  -15.836  -28.908  65.280 0.6666669846
40120  -11.987  -31.956  64.521 0.5555559993
40121  -12.766  -31.523  64.600 0.5555559993
41105  -13.227  -31.040  64.687 0.5555559993
42095  -14.023  -30.206  64.553 0.5555559993
42096  -14.606  -29.783  64.799 0.7777780294
41117  -13.042  -31.097  63.931 0.5555559993
41106  -13.663  -30.715  65.068 0.5555559993
43100  -15.097  -29.326  64.088 0.6666669846
43964  -18.849  -28.271  69.535 0.6666669846
43952  -19.151  -28.383  70.430 0.4444440007
43981  -18.555  -28.248  68.564 0.7777780294
135601  -18.262  -28.185  67.664 0.7777780294
44016  -17.172  -28.447  66.808 0.7777780294
43089  -15.605  -28.997  64.596 0.7777780294
44032  -16.818  -28.480  66.105 0.7777780294
43090  -16.208  -28.626  64.498 0.6666669846
41118  -13.619  -30.739  64.237 0.5555559993
42109  -14.415  -29.911  63.877 0.6666669846
125215  -14.757  -29.614  63.032 0.6666669846
43982  -19.348  -28.088  68.743 0.8888890147
43966  -20.373  -28.080  69.753 0.5555559993
43005  -20.509  -29.082  70.797 0.4444440007
129197  -19.884  -27.928  68.006 0.8888890147
44002  -19.573  -27.893  67.118 0.8888890147
44017  -17.944  -28.117  66.723 0.7777780294
44019  -19.226  -27.788  66.323 0.8888890147
138735  -17.194  -28.162  65.455 0.7777780294
44033  -17.970  -27.879  65.674 0.7777780294
44048  -16.881  -28.195  64.677 0.6666669846
44050  -18.358  -27.632  64.823 0.7777780294
126707  -15.479  -28.942  63.117 0.5555559993
44067  -17.959  -27.511  63.915 0.7777780294
143543  -18.892  -27.511  64.874 0.7777780294
43102  -16.146  -28.527  63.615 0.5555559993
44065  -16.670  -27.983  63.209 0.4444440007
44084  -17.189  -27.615  62.510 0.5555559993
43016  -22.984  -29.201  70.415 0.4444440007
140078  -20.772  -27.965  69.102 0.8888890147
43015  -21.774  -28.832  70.430 0.5555559993
35058  -32.107  -36.112  65.511 0.3333329856
129196  -20.808  -27.881  68.217 0.8888890147
145645  -20.842  -27.815  66.659 0.8888890147
44003  -20.415  -27.850  67.262 0.8888890147
36048  -32.922  -35.125  66.106 0.4444440007
44020  -20.106  -27.766  66.351 0.8888890147
125052  -33.327  -33.605  66.316 0.5555559993
44034  -18.852  -27.666  65.515 0.8888890147
39100  -33.310  -31.997  66.481 0.5555559993
44051  -19.482  -27.504  64.926 0.8888890147
41102  -33.102  -29.924  66.648 0.6666669846
44947  -18.892  -27.324  64.220 0.7777780294
44948  -19.635  -27.315  64.182 0.7777780294
44951  -31.584  -26.602  64.565 0.8888890147
43080  -32.324  -28.180  66.309 0.7777780294
48868  -34.608  -22.383  68.378 0.3333329856
44958  -18.559  -27.187  63.296 0.6666669846
44939  -31.196  -26.095  65.272 0.8888890147
44940  -31.499  -26.612  65.971 0.6666669846
48876  -33.408  -22.863  67.069 0.4444440007
142043  -33.980  -22.735  66.826 0.4444440007
131574  -31.514  -24.007  64.900 0.6666669846
47851  -31.832  -23.731  64.394 0.6666669846
47852  -32.582  -23.638  64.429 0.5555559993
47838  -33.070  -23.477  65.232 0.6666669846
47870  -31.384  -23.977  63.818 0.7777780294
47871  -32.052  -23.611  63.604 0.6666669846
43021  -23.548  -28.980  70.120 0.6666669846
42051  -23.935  -29.664  70.339 0.2222220004
41077  -24.119  -29.957  70.143 0.1111110002
126374  -30.704  -36.928  65.546 0.2222220004
43968  -22.577  -28.239  69.540 0.7777780294
43956  -22.844  -28.694  70.066 0.7777780294
35057  -31.430  -36.610  65.397 0.4444440007
129195  -21.775  -27.892  68.077 0.7777780294
36054  -31.542  -36.077  66.113 0.5555559993
44004  -21.266  -27.853  67.290 0.8888890147
130564  -31.220  -35.309  66.355 0.5555559993
36047  -32.132  -35.296  66.186 0.5555559993
44036  -20.230  -27.649  65.434 0.8888890147
139758  -21.519  -27.878  66.464 0.8888890147
39099  -32.810  -32.916  66.063 0.5555559993
38051  -32.593  -33.662  66.171 0.5555559993
44021  -20.890  -27.771  65.956 0.8888890147
122989  -21.009  -27.705  65.133 0.8888890147
42086  -33.047  -29.831  66.218 0.7777780294
126806  -33.452  -30.878  66.574 0.5555559993
49963  -35.549  -21.826  67.358 0.5555559993
44052  -20.335  -27.483  64.515 0.7777780294
43081  -32.753  -28.940  65.608 0.8888890147
48887  -34.411  -22.800  66.130 0.5555559993
48877  -34.686  -22.396  67.076 0.4444440007
44957  -17.857  -27.338  62.947 0.6666669846
44949  -20.072  -27.278  63.806 0.6666669846
44950  -31.217  -25.891  64.298 0.8888890147
125491  -31.158  -25.203  63.863 0.8888890147
136682  -31.137  -25.341  64.853 0.7777780294
47853  -33.721  -23.622  64.327 0.6666669846
48895  -34.073  -23.277  65.275 0.6666669846
142737  -18.319  -27.078  62.599 0.6666669846
44972  -19.706  -26.979  62.508 0.6666669846
45875  -30.694  -25.193  63.068 1.0000000000
46853  -30.820  -24.613  63.305 0.8888890147
47850  -31.318  -24.287  64.300 0.8888890147
47872  -33.745  -23.803  63.350 0.7777780294
121982  -32.986  -23.681  63.750 0.7777780294
44100  -17.809  -27.162  61.970 0.5555559993
44960  -20.246  -27.200  63.140 0.6666669846
47889  -30.428  -23.874  62.193 1.0000000000
47869  -31.042  -24.306  63.540 0.8888890147
47891  -32.832  -23.652  62.978 0.8888890147
44987  -18.319  -26.818  61.399 0.6666669846
48919  -31.015  -23.493  62.282 0.8888890147
48920  -31.707  -23.352  61.926 0.8888890147
142076  -18.803  -26.680  61.052 0.5555559993
128176  -24.284  -29.820  70.147 0.1111110002
40066  -25.047  -31.231  69.281 0.1111110002
35046  -30.156  -36.455  66.276 0.3333329856
42057  -24.801  -29.400  69.606 0.5555559993
41078  -24.710  -30.114  69.806 0.1111110002
126386  -22.938  -28.056  68.883 0.7777780294
43022  -24.153  -28.877  69.615 0.7777780294
35047  -30.788  -36.669  66.076 0.4444440007
43985  -22.218  -27.961  68.886 0.7777780294
43970  -24.117  -28.433  68.973 0.7777780294
36046  -30.633  -36.010  66.316 0.4444440007
44005  -22.256  -27.949  67.099 0.7777780294
44006  -23.291  -28.074  67.316 0.7777780294
37038  -31.076  -34.758  66.299 0.5555559993
37025  -31.896  -34.542  66.204 0.5555559993
38050  -31.961  -33.987  66.031 0.6666669846
44022  -22.243  -27.954  66.110 0.7777780294
129926  -32.986  -31.729  65.584 0.8888890147
49972  -35.865  -21.852  66.334 0.5555559993
49964  -36.366  -21.297  66.981 0.4444440007
141264  -21.811  -27.801  64.867 0.8888890147
42099  -33.194  -29.910  65.039 0.8888890147
48888  -35.813  -22.325  65.374 0.5555559993
124799  -21.812  -27.704  64.179 0.8888890147
44053  -21.195  -27.600  64.351 0.8888890147
43094  -32.600  -28.387  64.666 1.0000000000
47854  -34.737  -23.377  64.540 0.5555559993
44068  -20.726  -27.394  63.747 0.6666669846
44963  -31.589  -26.442  63.585 1.0000000000
44988  -19.997  -26.890  61.699 0.6666669846
44973  -20.522  -27.080  62.362 0.6666669846
46865  -30.342  -24.617  62.557 1.0000000000
138169  -31.886  -23.501  62.665 0.8888890147
47892  -33.656  -23.846  62.452 0.8888890147
122318  -19.111  -26.833  61.762 0.6666669846
47911  -30.206  -23.863  61.525 1.0000000000
48935  -31.181  -23.195  61.398 1.0000000000
48936  -31.991  -23.210  61.268 0.8888890147
47912  -32.656  -23.556  61.996 0.8888890147
121936  -18.017  -26.398  60.011 0.4444440007
45009  -19.519  -26.729  60.890 0.6666669846
44989  -20.812  -26.984  61.577 0.7777780294
48934  -30.613  -23.539  61.514 1.0000000000
45029  -18.781  -26.531  60.373 0.4444440007
138411  -20.301  -26.858  61.048 0.6666669846
45010  -20.226  -26.739  60.322 0.6666669846
39060  -26.040  -32.111  68.679 0.1111110002
40067  -25.583  -31.355  69.019 0.1111110002
38022  -25.948  -32.720  68.552 0.1111110002
40053  -25.609  -30.949  69.190 0.1111110002
35056  -30.024  -36.897  65.990 0.2222220004
42053  -25.094  -29.926  69.613 0.2222220004
36044  -29.039  -35.803  66.638 0.3333329856
139895  -25.210  -29.259  68.993 0.5555559993
36045  -29.894  -35.988  66.500 0.4444440007
43032  -24.694  -28.859  69.008 0.7777780294
37037  -30.199  -34.934  66.000 0.6666669846
37024  -30.393  -35.435  66.392 0.6666669846
44007  -24.209  -28.306  67.396 0.7777780294
38062  -31.002  -34.280  65.604 0.6666669846
49974  -37.103  -21.272  65.433 0.4444440007
50918  -37.645  -20.363  66.979 0.3333329856
44023  -23.018  -28.045  66.399 0.7777780294
44024  -23.843  -28.195  66.565 0.7777780294
38075  -31.284  -33.587  64.799 0.7777780294
39114  -32.101  -33.562  65.576 0.6666669846
49973  -36.464  -21.603  65.897 0.4444440007
50917  -36.972  -20.864  66.474 0.3333329856
142094  -24.444  -28.433  66.613 0.7777780294
134743  -32.135  -33.139  64.926 0.8888890147
41111  -33.170  -30.822  65.466 0.8888890147
49982  -36.570  -21.931  64.897 0.6666669846
44054  -22.277  -27.813  64.371 0.7777780294
44055  -22.878  -27.896  64.250 0.7777780294
134460  -24.354  -28.367  65.908 0.7777780294
132623  -32.783  -31.593  64.622 0.8888890147
43106  -32.860  -28.875  63.713 1.0000000000
48921  -35.884  -23.457  63.279 0.7777780294
48896  -35.443  -22.946  64.715 0.5555559993
44069  -21.478  -27.548  63.641 0.8888890147
44071  -23.152  -27.825  63.484 0.7777780294
44075  -32.187  -27.326  63.171 1.0000000000
47893  -34.524  -23.925  62.860 0.8888890147
122301  -35.283  -23.767  63.181 0.6666669846
44085  -21.817  -27.505  62.908 0.8888890147
44072  -23.979  -27.888  63.350 0.7777780294
47913  -33.621  -23.849  61.544 0.8888890147
44974  -21.337  -27.258  62.217 0.7777780294
44975  -22.147  -27.440  62.136 0.7777780294
44101  -23.715  -27.626  61.907 0.7777780294
44994  -31.041  -26.054  61.694 0.8888890147
44977  -31.109  -26.012  62.721 1.0000000000
46864  -30.060  -24.707  61.810 1.0000000000
44990  -21.709  -27.149  61.335 0.7777780294
44992  -23.146  -27.387  61.319 0.7777780294
44088  -24.269  -27.818  62.553 0.8888890147
45884  -30.488  -25.267  62.258 1.0000000000
47929  -30.408  -23.625  60.998 1.0000000000
48953  -31.454  -23.056  60.619 1.0000000000
123263  -20.961  -26.899  60.758 0.6666669846
44991  -22.489  -27.141  60.847 0.7777780294
46874  -29.993  -24.280  61.318 0.8888890147
45031  -20.217  -26.487  59.379 0.5555559993
45011  -21.745  -26.914  60.305 0.5555559993
45012  -22.541  -26.933  60.133 0.6666669846
45032  -21.126  -26.626  59.238 0.4444440007
142068  -22.080  -26.747  59.355 0.5555559993
124804  -23.782  -26.908  59.873 0.6666669846
38023  -26.477  -32.908  68.406 0.1111110002
37002  -26.334  -34.008  68.014 0.1111110002
40068  -26.044  -31.458  68.751 0.1111110002
39061  -26.472  -32.350  68.419 0.1111110002
41083  -25.809  -30.735  69.015 0.2222220004
38024  -26.849  -32.964  68.328 0.1111110002
37004  -27.332  -34.080  68.071 0.1111110002
36043  -28.373  -35.658  66.827 0.3333329856
127851  -25.900  -29.738  68.516 0.6666669846
42058  -25.502  -29.734  69.122 0.5555559993
39072  -26.977  -32.673  68.150 0.2222220004
39073  -27.409  -32.986  67.888 0.5555559993
38042  -28.070  -34.326  67.346 0.6666669846
127917  -28.277  -35.139  67.122 0.5555559993
43033  -25.168  -29.000  68.283 0.7777780294
39083  -27.867  -33.255  67.213 0.6666669846
38049  -28.372  -33.980  66.436 0.6666669846
37035  -28.828  -34.945  66.443 0.5555559993
43047  -25.386  -28.961  67.399 0.7777780294
38061  -28.830  -34.170  65.669 0.7777780294
37036  -29.431  -34.555  65.600 0.7777780294
50926  -37.545  -20.510  65.951 0.4444440007
51990  -38.035  -19.830  66.478 0.2222220004
44008  -24.859  -28.634  66.962 0.7777780294
141804  -29.666  -34.049  64.810 1.0000000000
37049  -30.033  -34.438  65.205 0.7777780294
127723  -37.718  -20.931  64.961 0.4444440007
52006  -38.569  -19.446  66.010 0.2222220004
44025  -24.952  -28.589  66.202 0.7777780294
38083  -30.102  -33.158  63.845 1.0000000000
39131  -30.778  -33.288  64.120 1.0000000000
44056  -23.681  -27.964  64.160 0.7777780294
44040  -24.989  -28.478  65.374 0.7777780294
39147  -30.763  -32.786  63.550 1.0000000000
39132  -31.595  -32.882  64.145 0.8888890147
48907  -36.303  -23.000  63.631 0.6666669846
49983  -37.318  -21.663  64.548 0.5555559993
50941  -37.961  -21.441  64.024 0.5555559993
44057  -25.062  -28.305  64.508 0.7777780294
44041  -25.665  -28.613  64.913 0.7777780294
39148  -31.390  -32.380  63.449 1.0000000000
40141  -32.103  -32.099  63.910 1.0000000000
42112  -33.047  -29.790  63.918 1.0000000000
133792  -35.246  -23.946  62.425 0.7777780294
48908  -36.908  -22.751  63.293 0.7777780294
50002  -37.962  -22.243  62.406 0.8888890147
50958  -38.657  -20.867  63.634 0.5555559993
44073  -25.170  -28.140  63.796 0.7777780294
41140  -32.071  -30.936  62.871 1.0000000000
42121  -32.862  -29.446  62.813 1.0000000000
48937  -36.881  -23.514  62.014 0.7777780294
48923  -37.266  -22.857  62.609 0.6666669846
50013  -38.311  -22.275  61.658 0.8888890147
128835  -24.796  -27.978  63.217 0.7777780294
41158  -32.500  -30.170  62.457 1.0000000000
132539  -31.790  -26.789  62.735 1.0000000000
48954  -32.249  -23.224  60.524 0.8888890147
47931  -33.601  -23.881  60.674 0.8888890147
47915  -35.324  -24.212  61.516 0.8888890147
47917  -37.158  -23.645  61.181 0.8888890147
48938  -37.682  -22.937  61.655 0.8888890147
44102  -24.546  -27.695  61.749 0.8888890147
143382  -26.228  -28.243  62.921 0.8888890147
44092  -32.381  -27.424  62.227 1.0000000000
45896  -30.470  -25.391  61.330 0.8888890147
47930  -32.850  -23.530  61.064 0.8888890147
47914  -34.399  -24.141  61.124 0.8888890147
44119  -24.810  -27.468  60.956 0.7777780294
44090  -26.045  -28.069  62.289 0.8888890147
47928  -30.140  -23.891  60.804 1.0000000000
48952  -30.777  -23.260  60.647 0.8888890147
45014  -24.238  -27.131  60.393 0.6666669846
44120  -25.635  -27.576  60.727 0.8888890147
44104  -26.217  -27.945  61.313 0.8888890147
143712  -22.904  -26.704  58.944 0.5555559993
45034  -24.462  -26.921  59.687 0.6666669846
44132  -25.894  -27.323  59.879 0.6666669846
124436  -23.779  -26.736  59.098 0.5555559993
124803  -24.619  -26.792  59.022 0.6666669846
41088  -26.032  -30.290  68.713 0.5555559993
41084  -26.322  -31.042  68.569 0.6666669846
40082  -26.985  -32.190  67.878 0.6666669846
40083  -27.482  -32.328  67.406 0.7777780294
42061  -26.346  -29.955  68.071 0.6666669846
41094  -26.929  -30.979  67.473 0.6666669846
39098  -28.030  -32.886  66.134 0.7777780294
42062  -26.575  -30.601  68.127 0.6666669846
41101  -27.055  -30.567  66.690 0.7777780294
40097  -27.438  -31.525  66.874 0.7777780294
137166  -28.486  -33.393  65.372 1.0000000000
52007  -39.090  -18.944  65.644 0.3333329856
43034  -25.895  -29.387  67.925 0.7777780294
42069  -26.710  -30.252  67.501 0.6666669846
41109  -27.261  -30.362  65.883 0.7777780294
126243  -27.794  -31.880  66.058 1.0000000000
40128  -28.129  -32.416  65.192 1.0000000000
38073  -29.512  -33.553  64.204 1.0000000000
50927  -38.128  -20.150  65.477 0.4444440007
43048  -26.009  -29.236  67.022 0.7777780294
41110  -27.553  -30.993  66.002 0.7777780294
130614  -27.894  -31.380  65.186 1.0000000000
39129  -28.749  -32.937  64.375 1.0000000000
39130  -29.457  -32.789  63.667 1.0000000000
50942  -38.391  -20.590  64.554 0.4444440007
52040  -38.944  -20.035  64.135 0.4444440007
144900  -39.612  -18.895  64.443 0.4444440007
43078  -26.261  -28.970  65.344 0.7777780294
40139  -28.258  -31.919  64.382 1.0000000000
52041  -39.589  -19.436  63.821 0.5555559993
53104  -40.028  -18.445  64.159 0.4444440007
44058  -25.735  -28.389  64.056 0.7777780294
43062  -26.647  -29.431  65.767 0.7777780294
42085  -27.651  -30.433  65.159 0.8888890147
41123  -28.146  -30.926  64.284 1.0000000000
40140  -28.880  -32.095  63.759 1.0000000000
39146  -30.092  -32.613  63.322 1.0000000000
49992  -38.320  -21.604  63.069 0.6666669846
50959  -39.270  -20.309  63.278 0.6666669846
52042  -40.048  -19.062  63.258 0.4444440007
53105  -40.590  -18.360  63.108 0.4444440007
43091  -26.358  -28.793  64.450 0.7777780294
43092  -27.049  -28.996  64.008 0.8888890147
40171  -30.372  -31.328  62.699 1.0000000000
40154  -30.720  -32.134  62.941 1.0000000000
50003  -38.690  -21.657  62.138 0.8888890147
50015  -39.157  -21.320  61.592 0.7777780294
52069  -39.973  -19.971  61.975 0.6666669846
52057  -40.343  -19.260  62.475 0.4444440007
43103  -26.430  -28.504  63.504 0.8888890147
40172  -31.211  -31.319  62.591 1.0000000000
47916  -36.328  -24.002  61.375 0.8888890147
50014  -38.805  -21.837  61.245 0.8888890147
50987  -39.643  -20.744  61.581 0.8888890147
52070  -40.572  -19.447  61.579 0.4444440007
43114  -26.689  -28.405  62.698 0.8888890147
41157  -31.706  -30.623  62.184 0.8888890147
41173  -32.168  -29.959  61.760 0.8888890147
43117  -32.819  -28.901  61.904 0.8888890147
135904  -31.799  -23.037  59.995 1.0000000000
136861  -32.939  -23.561  60.349 1.0000000000
47932  -34.336  -24.246  60.252 0.8888890147
47933  -35.793  -24.421  60.684 0.8888890147
47934  -36.672  -24.069  60.560 0.8888890147
125937  -37.702  -23.245  60.821 0.8888890147
48939  -38.325  -22.603  60.799 0.8888890147
146018  -39.812  -20.697  60.941 0.8888890147
50988  -40.185  -20.155  61.047 0.7777780294
44091  -26.802  -28.337  61.852 0.8888890147
44107  -32.450  -28.017  60.960 0.8888890147
45016  -31.065  -26.160  60.729 0.8888890147
47965  -32.758  -23.437  58.852 1.0000000000
47948  -33.451  -23.847  59.717 0.8888890147
47950  -35.226  -24.543  59.869 0.8888890147
46892  -36.555  -24.444  59.206 0.8888890147
47951  -37.117  -24.034  59.700 0.8888890147
48973  -38.662  -22.526  59.789 0.8888890147
50038  -39.135  -21.918  59.627 0.8888890147
127582  -39.528  -21.381  59.962 0.8888890147
44105  -26.958  -28.287  60.951 0.8888890147
43126  -28.348  -29.039  61.041 0.8888890147
45017  -31.575  -26.939  60.115 0.8888890147
45908  -30.528  -25.520  60.387 0.8888890147
48969  -30.665  -23.266  59.778 0.8888890147
48971  -31.883  -22.986  59.258 0.8888890147
123523  -33.721  -23.957  58.751 0.8888890147
46902  -36.379  -24.525  58.514 0.8888890147
47952  -37.782  -23.717  58.986 0.8888890147
50039  -39.588  -21.572  59.138 0.8888890147
44122  -27.164  -28.175  60.101 0.6666669846
43140  -27.742  -28.632  60.562 0.8888890147
47964  -29.998  -23.932  58.608 0.8888890147
48968  -30.350  -23.541  59.141 0.8888890147
48984  -31.186  -22.897  58.712 0.8888890147
46891  -35.845  -24.604  59.129 0.7777780294
48972  -38.390  -23.004  59.033 0.8888890147
50049  -39.027  -22.254  58.868 0.7777780294
45036  -25.957  -27.053  59.151 0.6666669846
123187  -26.615  -27.711  59.674 0.6666669846
44134  -27.362  -28.028  59.279 0.6666669846
49001  -30.153  -22.991  57.435 0.8888890147
48983  -30.680  -23.101  58.935 0.8888890147
137428  -31.300  -22.783  57.866 0.7777780294
47982  -32.821  -23.455  57.214 0.7777780294
47983  -33.562  -23.905  57.368 0.7777780294
46900  -34.853  -24.498  58.131 0.8888890147
46913  -36.145  -24.567  57.704 0.8888890147
131077  -36.874  -24.303  57.947 0.8888890147
48986  -38.157  -23.336  58.257 0.8888890147
48987  -38.666  -22.784  58.299 0.7777780294
49021  -29.903  -22.605  56.505 0.7777780294
140453  -30.860  -22.581  57.355 0.7777780294
49024  -32.092  -22.882  56.634 0.7777780294
47999  -33.518  -23.871  56.648 0.7777780294
46922  -34.952  -24.481  56.800 0.8888890147
46923  -35.899  -24.472  56.784 0.8888890147
47985  -37.291  -23.943  57.333 1.0000000000
49005  -37.891  -23.526  57.570 0.8888890147
49000  -29.687  -23.331  56.932 0.7777780294
49022  -30.454  -22.522  57.065 0.7777780294
49004  -32.045  -22.915  57.548 0.7777780294
47998  -32.864  -23.455  56.249 0.7777780294
48000  -34.307  -24.094  56.123 0.7777780294
48003  -37.818  -23.379  56.683 0.7777780294
49034  -29.542  -22.426  55.650 0.6666669846
50070  -29.882  -22.047  55.966 0.5555559993
50081  -30.328  -21.776  55.651 0.6666669846
49023  -31.365  -22.478  56.510 0.7777780294
49036  -32.332  -22.959  55.723 0.6666669846
48018  -33.077  -23.494  55.391 0.7777780294
48019  -33.897  -23.827  55.233 0.7777780294
48001  -35.295  -24.243  56.019 0.6666669846
48022  -36.623  -23.685  55.468 0.6666669846
48023  -37.396  -23.330  55.751 0.7777780294
50093  -30.940  -21.698  55.108 0.6666669846
49048  -32.542  -22.995  54.860 0.6666669846
48020  -34.818  -23.934  55.256 0.5555559993
48036  -36.335  -23.420  54.702 0.6666669846
49037  -37.060  -23.007  54.958 0.7777780294
49047  -31.485  -21.990  54.375 0.5555559993
139197  -32.082  -22.548  54.424 0.5555559993
131513  -32.637  -22.981  53.995 0.3333329856
48034  -33.357  -23.527  54.422 0.4444440007
48035  -35.059  -23.523  53.984 0.5555559993
143656  -35.809  -23.610  54.625 0.5555559993
49062  -33.249  -23.290  53.501 0.4444440007
138518  -34.513  -23.449  53.584 0.5555559993
49064  -35.286  -23.069  53.408 0.5555559993
53080  -39.609  -18.487  66.217 0.3333329856
52022  -39.264  -19.253  64.701 0.4444440007
53093  -39.695  -18.454  65.236 0.4444440007
53094  -40.386  -17.760  65.185 0.4444440007
54190  -40.730  -17.453  64.219 0.4444440007
133838  -27.497  -29.783  64.834 0.8888890147
146107  -28.498  -31.512  63.958 1.0000000000
40153  -29.695  -31.957  63.148 1.0000000000
54201  -41.009  -17.516  63.266 0.4444440007
40152  -28.904  -31.145  63.540 1.0000000000
131684  -30.061  -30.719  62.408 1.0000000000
43104  -27.191  -28.855  63.204 0.8888890147
42111  -28.042  -29.681  63.696 1.0000000000
141291  -29.022  -30.487  63.208 1.0000000000
127347  -29.339  -30.267  62.540 1.0000000000
41156  -30.804  -30.786  62.171 0.8888890147
53115  -41.131  -17.951  62.426 0.4444440007
42110  -27.605  -29.211  63.647 1.0000000000
43105  -28.013  -29.261  62.945 1.0000000000
41172  -31.293  -30.273  61.598 0.8888890147
42134  -32.478  -29.285  61.402 0.8888890147
52081  -40.771  -19.499  60.702 0.7777780294
53126  -40.826  -18.708  62.053 0.6666669846
43115  -27.370  -28.812  62.352 1.0000000000
42119  -28.718  -29.647  62.339 1.0000000000
41171  -30.159  -30.260  61.811 0.8888890147
42147  -32.113  -29.056  60.691 0.8888890147
141322  -32.061  -28.332  60.386 0.8888890147
51013  -40.462  -20.278  59.564 0.8888890147
51000  -39.962  -20.652  60.289 0.8888890147
43125  -27.532  -28.733  61.451 0.8888890147
42130  -28.901  -29.474  61.499 0.8888890147
42131  -29.778  -29.786  61.172 0.8888890147
42146  -31.382  -29.347  60.465 0.8888890147
45922  -30.588  -25.695  59.436 0.8888890147
130492  -40.397  -20.565  58.916 0.8888890147
43141  -28.605  -28.922  60.144 0.7777780294
45038  -31.355  -27.036  59.247 0.8888890147
45037  -31.094  -26.300  59.789 0.8888890147
46889  -29.923  -24.518  58.787 0.8888890147
51026  -40.004  -21.050  58.622 0.8888890147
51027  -40.532  -20.582  58.222 0.8888890147
45054  -26.158  -26.999  58.367 0.4444440007
44133  -26.677  -27.518  58.906 0.5555559993
43151  -28.002  -28.518  59.675 0.6666669846
123952  -39.093  -22.264  57.864 0.7777780294
50062  -39.646  -21.694  57.362 0.8888890147
44144  -27.053  -27.479  57.908 0.5555559993
135267  -29.492  -24.429  56.864 0.7777780294
46899  -29.710  -24.341  57.872 0.7777780294
50061  -39.086  -22.227  56.919 0.7777780294
46909  -29.302  -23.791  56.385 0.7777780294
46910  -29.551  -23.823  57.221 0.7777780294
127673  -38.003  -22.909  55.927 0.7777780294
49025  -38.519  -22.692  56.412 0.8888890147
49020  -29.478  -23.106  56.068 0.5555559993
49038  -37.819  -22.726  55.225 0.7777780294
50090  -28.918  -21.602  54.217 0.5555559993
50091  -29.427  -21.461  54.591 0.5555559993
50092  -30.158  -21.459  54.871 0.5555559993
49050  -36.728  -22.739  54.057 0.7777780294
49051  -37.604  -22.422  54.423 0.7777780294
50104  -29.151  -21.019  53.957 0.4444440007
51084  -29.536  -20.762  53.414 0.5555559993
136531  -30.697  -21.487  54.239 0.5555559993
50106  -31.336  -21.810  53.499 0.4444440007
137094  -32.007  -22.420  53.706 0.3333329856
49065  -36.098  -22.714  53.331 0.5555559993
50114  -30.654  -21.080  52.131 0.3333329856
50115  -31.271  -21.710  52.525 0.3333329856
49061  -32.586  -22.849  53.108 0.2222220004
48043  -33.904  -23.297  53.146 0.4444440007
49063  -34.668  -22.985  52.899 0.4444440007
138652  -36.743  -22.312  53.291 0.5555559993
50127  -31.295  -21.621  51.533 0.1111110002
49085  -31.859  -21.984  50.948 0.1111110002
125069  -33.069  -22.771  51.638 0.2222220004
49076  -34.675  -22.746  52.082 0.3333329856
49077  -35.518  -22.631  52.517 0.4444440007
140166  -32.940  -22.579  50.899 0.1111110002
121988  -33.847  -22.794  51.844 0.2222220004
54179  -41.001  -17.044  65.134 0.2222220004
54202  -41.480  -17.189  62.829 0.4444440007
55214  -41.945  -16.722  62.458 0.4444440007
54213  -41.668  -17.546  61.853 0.4444440007
53137  -41.593  -18.170  60.895 0.8888890147
42132  -30.834  -29.875  61.035 0.8888890147
52095  -40.952  -19.498  59.736 0.8888890147
52082  -41.250  -18.888  60.363 0.8888890147
43127  -29.319  -29.352  60.534 0.8888890147
42145  -30.437  -29.498  60.398 0.8888890147
43143  -30.996  -28.924  59.766 0.8888890147
52108  -40.868  -19.916  58.732 0.8888890147
142096  -29.423  -29.060  59.767 0.7777780294
43153  -30.176  -28.818  59.123 0.8888890147
44136  -31.060  -28.252  59.024 0.8888890147
44137  -31.628  -27.785  59.638 0.8888890147
137675  -31.022  -26.439  59.023 0.8888890147
52109  -41.477  -19.128  58.924 0.8888890147
43152  -28.998  -28.831  59.262 0.6666669846
43159  -29.547  -28.583  58.471 0.7777780294
44148  -30.716  -27.641  58.228 0.7777780294
45055  -31.080  -26.952  58.496 0.8888890147
132115  -40.926  -20.069  57.871 0.8888890147
44135  -28.347  -28.378  58.690 0.6666669846
139473  -30.316  -26.073  57.444 0.7777780294
127448  -29.802  -25.241  57.213 0.7777780294
45935  -29.955  -25.243  58.153 0.7777780294
45065  -27.067  -27.105  56.930 0.4444440007
139713  -27.780  -27.615  57.198 0.4444440007
146075  -29.497  -24.982  55.015 0.6666669846
124010  -29.205  -24.093  55.463 0.6666669846
45077  -27.600  -26.998  55.996 0.4444440007
140916  -28.512  -27.709  57.037 0.4444440007
48017  -28.982  -23.618  54.748 0.6666669846
132196  -29.169  -22.902  55.244 0.5555559993
121127  -28.727  -22.820  54.394 0.5555559993
49046  -28.543  -22.127  53.982 0.5555559993
50103  -28.551  -21.387  53.637 0.5555559993
51083  -28.789  -20.768  53.220 0.4444440007
141870  -29.211  -20.479  52.863 0.1111110002
51099  -29.874  -20.610  52.649 0.1111110002
51114  -30.080  -20.499  51.671 0.1111110002
51098  -29.317  -20.178  52.213 0.1111110002
130817  -31.337  -21.480  50.666 0.1111110002
49086  -32.414  -22.550  51.292 0.1111110002
49089  -35.235  -22.359  51.530 0.3333329856
49090  -36.042  -22.081  51.798 0.4444440007
54191  -41.355  -16.800  63.870 0.3333329856
55185  -41.676  -16.612  64.708 0.2222220004
55193  -41.989  -16.075  64.068 0.2222220004
55186  -42.320  -16.244  64.496 0.1111110002
55203  -41.816  -16.486  63.300 0.3333329856
56161  -43.213  -15.508  63.372 0.1111110002
55215  -42.456  -16.345  61.898 0.5555559993
56171  -43.062  -15.448  62.540 0.2222220004
56183  -43.682  -14.992  62.040 0.1111110002
54239  -42.026  -17.779  60.158 0.7777780294
124944  -42.006  -18.261  59.211 0.8888890147
53161  -41.937  -18.692  58.272 0.8888890147
53162  -42.391  -18.170  58.378 0.8888890147
44147  -29.984  -28.124  57.866 0.6666669846
44159  -30.239  -27.450  57.411 0.7777780294
127581  -41.482  -19.440  57.926 0.8888890147
44146  -29.116  -28.303  57.936 0.6666669846
44169  -29.718  -27.329  56.832 0.5555559993
45079  -29.583  -26.785  56.285 0.6666669846
52121  -41.199  -19.931  57.130 0.8888890147
53173  -41.973  -18.864  57.534 0.8888890147
44158  -29.334  -27.838  57.267 0.5555559993
128747  -29.757  -26.099  55.969 0.5555559993
46932  -29.227  -24.657  54.435 0.5555559993
48032  -28.157  -22.772  53.646 0.5555559993
49059  -27.881  -21.889  53.231 0.3333329856
144063  -44.121  -15.159  63.052 0.1111110002
57117  -44.204  -15.003  62.833 0.1111110002
56173  -44.560  -14.979  62.636 0.1111110002
56182  -43.047  -15.647  61.461 0.5555559993
57127  -44.297  -14.782  62.338 0.1111110002
57122  -45.085  -14.676  62.188 0.1111110002
55239  -42.826  -16.685  59.924 0.7777780294
56192  -43.625  -15.096  61.030 0.2222220004
55240  -43.338  -16.175  59.517 0.7777780294
128334  -43.699  -15.366  60.023 0.3333329856
124038  -42.691  -17.657  58.755 0.8888890147
54252  -42.852  -17.797  57.947 0.8888890147
132443  -43.249  -17.197  58.287 0.8888890147
52122  -41.778  -19.292  56.989 0.8888890147
53174  -42.448  -18.392  57.690 1.0000000000
52133  -41.499  -19.712  56.325 1.0000000000
53186  -42.453  -18.663  56.837 1.0000000000
58089  -46.208  -13.997  61.057 0.1111110002
58088  -45.545  -14.118  61.239 0.2222220004
57129  -45.633  -14.380  61.643 0.1111110002
56212  -44.547  -15.329  58.710 0.4444440007
124400  -44.194  -14.594  60.617 0.2222220004
57134  -44.262  -14.516  61.600 0.2222220004
55254  -44.247  -16.065  58.268 0.5555559993
56203  -43.928  -15.722  59.110 0.6666669846
54253  -43.939  -16.811  57.820 0.6666669846
55253  -43.637  -16.512  58.686 0.6666669846
55273  -44.220  -17.170  56.836 1.0000000000
135719  -43.599  -17.743  56.768 1.0000000000
54277  -43.952  -17.668  56.091 1.0000000000
53187  -43.188  -18.166  56.265 1.0000000000
136603  -42.649  -18.685  56.032 1.0000000000
58090  -46.858  -13.796  60.822 0.1111110002
59003  -47.147  -13.261  60.062 0.2222220004
58095  -46.645  -13.593  60.477 0.2222220004
135568  -47.400  -13.771  60.585 0.2222220004
145663  -46.016  -13.804  60.781 0.1111110002
58103  -46.683  -13.258  59.932 0.2222220004
57149  -44.929  -14.552  59.180 0.2222220004
57143  -45.442  -13.902  59.764 0.2222220004
58102  -46.178  -13.579  59.438 0.2222220004
56213  -45.217  -14.974  58.158 0.5555559993
57150  -45.627  -14.154  58.772 0.2222220004
131529  -44.777  -15.674  57.990 0.5555559993
56218  -45.213  -15.633  57.490 0.6666669846
57156  -45.926  -14.471  57.909 0.5555559993
54278  -44.546  -17.186  55.945 0.8888890147
55264  -44.739  -16.323  57.371 0.8888890147
56227  -45.404  -15.888  56.737 0.7777780294
55274  -44.988  -16.604  56.327 1.0000000000
53198  -43.519  -17.912  54.853 1.0000000000
54288  -44.228  -17.452  55.217 1.0000000000
54298  -43.204  -17.756  54.065 1.0000000000
54310  -42.850  -17.530  53.292 1.0000000000
58096  -47.373  -13.464  60.278 0.2222220004
58097  -47.947  -13.628  60.205 0.1111110002
134936  -46.796  -13.273  59.220 0.2222220004
58112  -47.251  -13.103  58.588 0.2222220004
57151  -46.504  -13.754  58.346 0.2222220004
58120  -46.980  -13.445  57.571 0.2222220004
56219  -45.814  -15.109  57.172 0.5555559993
57157  -46.461  -14.289  57.257 0.6666669846
56228  -45.890  -15.433  56.320 0.7777780294
56229  -46.289  -14.750  56.412 0.6666669846
55286  -44.950  -16.637  55.307 1.0000000000
55275  -45.558  -15.984  55.824 0.7777780294
134863  -45.944  -15.134  55.606 0.7777780294
56236  -45.381  -15.773  55.073 1.0000000000
54300  -44.487  -16.887  54.625 1.0000000000
55296  -44.073  -16.565  54.055 1.0000000000
55311  -42.315  -16.522  52.266 1.0000000000
55312  -42.432  -17.251  52.708 1.0000000000
59007  -47.748  -13.177  59.749 0.2222220004
58104  -47.985  -13.274  59.889 0.1111110002
58121  -47.711  -12.767  57.984 0.2222220004
139648  -47.208  -12.973  57.117 0.4444440007
57164  -46.675  -13.850  56.549 0.5555559993
56237  -46.385  -14.409  55.906 0.5555559993
142013  -45.428  -14.978  54.837 0.7777780294
139250  -45.115  -15.566  54.692 0.8888890147
124291  -44.692  -15.275  54.395 1.0000000000
57177  -44.600  -14.399  54.550 0.8888890147
56258  -43.403  -15.070  53.567 1.0000000000
56246  -44.085  -15.672  53.970 1.0000000000
56257  -42.938  -15.371  52.952 1.0000000000
146136  -42.895  -16.080  52.720 1.0000000000
56282  -41.916  -15.778  51.585 1.0000000000
56307  -40.661  -15.489  49.776 0.7777780294
55342  -40.886  -16.097  50.369 0.8888890147
55354  -40.393  -16.175  49.677 0.4444440007
59008  -48.360  -13.115  59.329 0.1111110002
58113  -48.084  -12.915  58.898 0.1111110002
59024  -48.483  -12.398  58.153 0.2222220004
59034  -47.166  -12.386  56.969 0.2222220004
58128  -46.806  -13.088  56.385 0.4444440007
58136  -46.499  -13.723  55.823 0.5555559993
59044  -46.270  -12.904  55.855 0.7777780294
57170  -46.011  -14.331  55.360 0.6666669846
57178  -45.291  -14.028  54.974 0.7777780294
58135  -45.835  -13.464  55.388 0.6666669846
124552  -43.670  -13.797  54.454 0.8888890147
58142  -44.364  -13.491  54.919 0.8888890147
57176  -43.925  -14.725  54.092 1.0000000000
58150  -43.058  -14.165  53.934 1.0000000000
58149  -42.341  -13.688  53.596 1.0000000000
56268  -42.477  -15.594  52.308 1.0000000000
57185  -42.692  -14.518  53.265 1.0000000000
56297  -41.417  -15.493  50.857 0.8888890147
57198  -41.720  -14.800  51.289 1.0000000000
58164  -41.641  -14.034  51.866 1.0000000000
56296  -41.040  -15.321  50.327 0.8888890147
57207  -40.915  -14.751  50.018 0.8888890147
55360  -40.099  -15.687  49.015 0.4444440007
56315  -39.486  -15.535  48.103 0.3333329856
57220  -40.285  -13.927  49.069 0.3333329856
123348  -40.797  -13.988  49.735 0.7777780294
58199  -39.006  -14.050  47.320 0.2222220004
59009  -48.793  -13.090  59.010 0.1111110002
59016  -48.782  -12.745  58.583 0.1111110002
58129  -47.795  -12.231  57.639 0.3333329856
59033  -46.553  -12.378  56.464 0.3333329856
127140  -46.101  -11.767  56.680 0.4444440007
59043  -45.317  -12.628  55.664 0.4444440007
132548  -45.353  -11.427  56.635 0.4444440007
136072  -45.055  -13.241  55.232 0.7777780294
59041  -43.401  -12.074  55.370 0.7777780294
139363  -42.835  -11.611  55.153 0.7777780294
58140  -42.723  -13.176  54.339 0.8888890147
58141  -43.451  -12.937  54.997 0.7777780294
59938  -42.340  -11.580  54.693 0.7777780294
59058  -42.039  -12.967  53.838 0.8888890147
59050  -42.160  -12.323  54.260 0.8888890147
60841  -41.733  -10.920  53.546 0.7777780294
60842  -42.100  -10.372  53.730 0.6666669846
61746  -42.447  -9.862  53.335 0.6666669846
58148  -41.807  -13.182  53.133 1.0000000000
59937  -41.832  -11.561  53.971 1.0000000000
59945  -41.449  -11.518  53.161 1.0000000000
60851  -41.859  -10.401  53.014 0.7777780294
61761  -42.219  -9.773  52.355 0.7777780294
138223  -41.970  -14.101  52.786 1.0000000000
59064  -41.414  -12.658  52.631 0.8888890147
59953  -41.384  -10.987  52.785 0.8888890147
60850  -41.545  -10.536  52.221 0.8888890147
61771  -42.321  -9.526  51.526 0.7777780294
57208  -41.329  -14.742  50.607 0.8888890147
58156  -41.208  -13.135  51.608 0.8888890147
59056  -41.187  -11.968  52.640 1.0000000000
60849  -41.091  -11.118  52.047 0.8888890147
60863  -41.184  -10.762  51.477 1.0000000000
61760  -41.670  -10.035  51.559 1.0000000000
144442  -41.094  -14.110  50.343 0.8888890147
57197  -41.348  -13.987  51.007 0.8888890147
59063  -41.101  -12.414  52.040 0.8888890147
60862  -40.929  -11.338  51.275 1.0000000000
61781  -41.304  -10.425  50.767 1.0000000000
61782  -41.998  -9.675  50.847 1.0000000000
58172  -40.845  -13.147  50.432 0.8888890147
59070  -40.882  -12.294  51.190 0.8888890147
59959  -40.761  -11.738  50.875 1.0000000000
59952  -40.965  -11.700  51.814 1.0000000000
60876  -40.926  -11.037  50.877 1.0000000000
62666  -41.621  -9.941  50.136 1.0000000000
58183  -40.506  -13.294  49.567 0.6666669846
59088  -40.317  -12.462  49.721 0.7777780294
59078  -40.510  -12.101  50.323 0.8888890147
59965  -40.510  -11.983  50.093 0.8888890147
137208  -40.797  -11.574  50.522 1.0000000000
60875  -40.931  -11.079  50.158 1.0000000000
144181  -41.231  -10.523  50.165 1.0000000000
139004  -39.801  -12.693  48.411 0.2222220004
59087  -40.141  -12.198  49.006 0.6666669846
59099  -39.681  -12.211  48.155 0.3333329856
59077  -40.236  -12.248  49.836 0.5555559993
59989  -39.989  -11.974  48.564 0.5555559993
59976  -40.298  -12.091  49.276 0.7777780294
60874  -40.579  -11.759  49.556 0.8888890147
60888  -40.867  -11.093  49.319 0.8888890147
61793  -41.180  -10.527  49.546 0.8888890147
59098  -39.252  -12.100  47.655 0.4444440007
59997  -38.992  -11.832  47.208 0.5555559993
59988  -39.589  -11.851  47.882 0.5555559993
60897  -40.133  -11.854  48.542 0.6666669846
60898  -40.513  -11.530  48.808 0.6666669846
125982  -40.683  -10.409  48.112 0.8888890147
60904  -39.269  -11.588  47.348 0.5555559993
141547  -39.046  -11.376  46.967 0.5555559993
60896  -39.714  -11.545  47.868 0.6666669846
130739  -48.515  -11.723  57.721 0.1111110002
59902  -48.961  -12.135  57.924 0.1111110002
59909  -47.638  -11.568  57.442 0.3333329856
59921  -46.792  -11.715  56.983 0.3333329856
60822  -45.947  -11.103  57.167 0.4444440007
60812  -46.948  -10.826  57.519 0.2222220004
59920  -44.920  -11.880  56.139 0.4444440007
59919  -44.554  -11.124  56.407 0.4444440007
144978  -44.628  -12.203  55.805 0.6666669846
59042  -44.060  -11.733  55.937 0.6666669846
128086  -43.311  -11.237  55.539 0.6666669846
60835  -42.756  -10.353  54.788 0.7777780294
61739  -42.553  -10.035  54.179 0.6666669846
61747  -43.101  -9.430  53.786 0.6666669846
62647  -42.962  -9.199  52.871 0.6666669846
62655  -42.921  -8.961  51.897 0.7777780294
62648  -43.574  -8.551  52.511 0.6666669846
62656  -43.567  -8.342  51.811 0.7777780294
63613  -43.796  -7.801  51.336 0.7777780294
140330  -42.999  -8.610  50.494 0.8888890147
63625  -43.537  -7.960  50.435 0.8888890147
62667  -42.417  -9.171  50.101 0.8888890147
63624  -43.024  -8.416  49.810 0.8888890147
63639  -42.965  -7.955  49.052 0.8888890147
145342  -43.146  -7.316  48.625 0.8888890147
62679  -41.837  -9.601  49.336 0.8888890147
62694  -42.528  -8.408  48.514 0.7777780294
63659  -42.730  -7.721  48.244 0.7777780294
62693  -41.940  -9.119  48.384 0.7777780294
61802  -40.745  -10.890  48.808 0.8888890147
61803  -41.266  -10.045  48.680 0.8888890147
61801  -40.132  -11.034  48.219 0.6666669846
61809  -40.695  -10.024  47.487 0.8888890147
125507  -38.620  -11.284  46.498 0.5555559993
60905  -39.511  -11.126  47.480 0.7777780294
60913  -39.209  -10.950  46.790 0.6666669846
124813  -39.778  -10.647  47.073 0.7777780294
59910  -49.014  -11.287  57.640 0.1111110002
125431  -48.293  -10.995  57.659 0.1111110002
60813  -47.774  -10.393  57.797 0.2222220004
60821  -45.046  -10.564  56.976 0.3333329856
61720  -45.158  -9.627  57.173 0.3333329856
124543  -44.620  -9.894  56.669 0.3333329856
61732  -43.962  -9.709  56.036 0.3333329856
62615  -44.515  -8.658  55.722 0.3333329856
60827  -43.822  -10.758  56.085 0.5555559993
61731  -43.829  -9.174  55.183 0.4444440007
62626  -43.712  -8.960  54.272 0.3333329856
60826  -43.284  -10.327  55.416 0.6666669846
61740  -43.230  -9.701  54.732 0.6666669846
62627  -44.321  -8.478  54.716 0.3333329856
63572  -44.742  -7.720  54.319 0.3333329856
63586  -44.032  -8.047  53.009 0.6666669846
146366  -44.372  -7.624  52.755 0.3333329856
63599  -44.059  -7.803  52.214 0.5555559993
63614  -44.381  -7.165  51.609 0.4444440007
64548  -44.040  -7.170  50.766 0.6666669846
64533  -44.802  -6.425  51.890 0.3333329856
133644  -43.444  -7.815  49.668 0.8888890147
64563  -43.835  -7.246  49.929 0.8888890147
64564  -44.328  -6.512  50.170 0.5555559993
63640  -43.517  -7.299  49.207 0.7777780294
65568  -43.886  -5.950  48.727 0.7777780294
62715  -42.239  -8.279  47.823 0.7777780294
64587  -42.952  -6.861  47.986 0.7777780294
64588  -43.450  -6.101  48.056 0.8888890147
63677  -42.484  -7.463  47.487 0.7777780294
61810  -41.290  -9.695  47.810 0.8888890147
62714  -41.711  -8.908  47.413 0.7777780294
122649  -40.348  -10.091  46.985 0.7777780294
62713  -41.062  -9.433  46.964 0.6666669846
60921  -38.901  -10.764  45.958 0.6666669846
141681  -39.872  -10.317  46.332 0.7777780294
61817  -40.607  -9.686  46.387 0.7777780294
62733  -41.018  -8.859  46.114 0.6666669846
60928  -38.987  -10.618  44.935 0.5555559993
61830  -40.459  -9.558  45.663 0.6666669846
61841  -40.274  -9.365  44.755 0.6666669846
62751  -40.797  -8.652  45.198 0.6666669846
61705  -46.830  -9.615  57.987 0.2222220004
61706  -47.922  -9.481  58.088 0.2222220004
61691  -48.263  -8.621  58.139 0.1111110002
61704  -45.831  -9.154  57.667 0.3333329856
61719  -44.707  -9.165  56.595 0.3333329856
62604  -45.076  -8.359  56.485 0.3333329856
63551  -45.546  -7.613  56.489 0.3333329856
63562  -45.110  -7.810  55.799 0.3333329856
63538  -47.204  -6.916  57.886 0.2222220004
63587  -44.626  -7.491  53.353 0.3333329856
64474  -47.647  -6.086  57.638 0.2222220004
64507  -45.115  -6.832  54.033 0.3333329856
63600  -44.632  -7.091  52.496 0.3333329856
64508  -45.703  -6.119  54.607 0.3333329856
64520  -45.009  -6.576  53.195 0.3333329856
140708  -44.978  -6.316  52.563 0.3333329856
65535  -44.976  -5.658  51.436 0.3333329856
66464  -45.356  -4.839  50.967 0.3333329856
65561  -44.482  -5.703  49.475 0.6666669846
65569  -44.362  -5.285  48.547 0.7777780294
66463  -44.998  -4.907  49.985 0.5555559993
125506  -43.892  -5.556  48.100 0.8888890147
66487  -44.835  -4.724  48.186 0.7777780294
64596  -43.080  -6.181  47.345 0.7777780294
65578  -43.679  -5.548  47.354 0.7777780294
65579  -44.255  -5.055  47.725 0.8888890147
66498  -44.827  -4.578  47.331 0.7777780294
63676  -41.892  -7.984  46.956 0.7777780294
146541  -42.689  -6.774  47.231 0.7777780294
65593  -43.257  -5.664  46.704 0.7777780294
144942  -43.669  -5.319  46.734 0.7777780294
66497  -44.120  -4.941  46.778 0.7777780294
126368  -41.476  -8.692  46.725 0.7777780294
125091  -42.909  -5.603  46.026 0.7777780294
62734  -41.519  -8.197  46.281 0.7777780294
64604  -42.078  -6.627  46.110 0.7777780294
64613  -42.396  -6.097  45.915 0.7777780294
145910  -41.830  -6.857  45.720 0.7777780294
63692  -41.559  -7.124  45.240 0.7777780294
65622  -42.238  -5.938  44.816 0.7777780294
65606  -42.578  -5.750  45.366 0.7777780294
62765  -40.592  -8.419  44.294 0.6666669846
63691  -41.005  -7.730  44.812 0.7777780294
64622  -41.789  -6.481  44.544 0.7777780294
63698  -41.336  -7.096  44.488 0.7777780294
64621  -41.410  -6.758  43.997 0.7777780294
65644  -42.175  -5.901  44.143 0.7777780294
64634  -41.225  -6.575  43.323 0.5555559993
64635  -41.802  -6.093  43.457 0.7777780294
65645  -42.723  -5.482  44.075 0.7777780294
63715  -40.330  -7.157  42.123 0.5555559993
64652  -40.906  -6.609  42.452 0.5555559993
64653  -41.497  -6.145  42.720 0.6666669846
64673  -40.647  -6.703  41.766 0.5555559993
64674  -41.261  -6.227  41.816 0.5555559993
126764  -40.714  -6.623  41.109 0.3333329856
62593  -47.375  -8.644  58.212 0.2222220004
62592  -46.514  -8.501  58.013 0.2222220004
62576  -47.130  -7.762  58.095 0.2222220004
62591  -45.864  -8.240  57.523 0.3333329856
63536  -45.961  -7.431  57.164 0.3333329856
63537  -46.532  -7.556  57.726 0.3333329856
64473  -46.778  -6.535  57.307 0.3333329856
63552  -46.009  -6.735  56.561 0.3333329856
64486  -46.691  -5.773  56.465 0.3333329856
63573  -45.320  -7.139  55.029 0.3333329856
139404  -45.957  -6.155  55.633 0.3333329856
65491  -46.720  -5.125  55.657 0.3333329856
65500  -46.069  -5.141  54.298 0.3333329856
137493  -46.805  -4.518  54.870 0.3333329856
66410  -46.540  -4.412  53.936 0.2222220004
64521  -45.564  -5.947  53.742 0.3333329856
65510  -45.409  -5.778  52.975 0.3333329856
66426  -46.242  -4.249  53.166 0.2222220004
66427  -46.692  -3.736  52.798 0.2222220004
65521  -45.692  -4.946  52.697 0.3333329856
123395  -45.820  -4.282  51.644 0.3333329856
66445  -46.492  -3.631  51.894 0.2222220004
66465  -45.899  -3.995  51.000 0.3333329856
67341  -46.643  -3.445  50.930 0.2222220004
67314  -47.317  -3.255  52.445 0.2222220004
66478  -46.072  -3.814  50.149 0.3333329856
121490  -46.786  -3.277  49.963 0.2222220004
67342  -47.477  -2.908  50.816 0.2222220004
141098  -45.334  -4.429  48.601 0.6666669846
67358  -46.263  -3.665  49.267 0.4444440007
67359  -47.564  -2.949  49.557 0.3333329856
66488  -45.426  -4.236  47.877 0.8888890147
67365  -46.524  -3.584  48.467 0.6666669846
131984  -46.874  -3.236  49.115 0.3333329856
67373  -46.028  -3.856  47.767 0.6666669846
65594  -43.538  -5.152  46.199 0.7777780294
66521  -43.958  -4.790  45.911 0.7777780294
66509  -44.802  -4.505  46.402 0.7777780294
66499  -45.486  -4.157  47.122 0.7777780294
66500  -46.209  -3.939  47.054 0.7777780294
65607  -43.236  -5.126  45.394 0.7777780294
65608  -43.869  -4.859  45.145 0.7777780294
65624  -43.269  -5.132  44.599 0.7777780294
65623  -42.707  -5.500  44.705 0.7777780294
64636  -42.144  -5.890  43.012 0.6666669846
65667  -42.774  -5.692  43.403 0.6666669846
65646  -43.402  -5.409  43.869 0.6666669846
132597  -42.027  -5.985  42.211 0.6666669846
64654  -42.817  -5.886  42.589 0.6666669846
65669  -44.267  -5.989  42.790 0.6666669846
64693  -40.019  -6.940  40.277 0.1111110002
128668  -41.435  -6.339  40.960 0.5555559993
64676  -42.864  -6.154  41.623 0.5555559993
64655  -43.697  -6.103  42.261 0.6666669846
67344  -49.702  -2.979  50.727 0.2222220004
67345  -50.479  -3.252  51.147 0.2222220004
67360  -48.423  -2.941  49.603 0.3333329856
67329  -50.353  -3.581  51.731 0.1111110002
67346  -51.235  -3.798  51.508 0.1111110002
67366  -47.348  -3.355  48.511 0.5555559993
140135  -48.043  -3.112  48.923 0.4444440007
67375  -47.583  -3.832  47.641 0.6666669846
66510  -45.682  -4.295  46.429 0.7777780294
66522  -44.462  -4.711  45.629 0.7777780294
123172  -46.113  -4.587  45.841 0.7777780294
66511  -46.509  -4.344  46.396 0.7777780294
66523  -45.297  -4.657  45.607 0.7777780294
133456  -44.630  -4.897  44.969 0.7777780294
65625  -44.027  -5.129  44.402 0.7777780294
121324  -44.907  -5.409  44.268 0.7777780294
65647  -44.335  -5.658  43.576 0.6666669846
65648  -45.785  -5.684  44.166 0.7777780294
136182  -45.200  -5.805  43.652 0.7777780294
64638  -45.884  -6.147  43.314 0.6666669846
64694  -40.891  -6.699  40.311 0.3333329856
64695  -42.322  -6.357  40.791 0.5555559993
64696  -43.322  -6.510  40.699 0.5555559993
64677  -43.964  -6.437  41.439 0.5555559993
64637  -45.005  -6.091  42.984 0.6666669846
64658  -46.402  -6.421  42.621 0.7777780294
64639  -46.792  -6.232  43.333 0.7777780294
123215  -41.748  -6.639  40.103 0.3333329856
64678  -44.857  -6.581  41.292 0.6666669846
144398  -45.372  -6.536  41.806 0.6666669846
64659  -47.259  -6.358  42.683 0.7777780294
68327  -49.275  -3.135  49.740 0.2222220004
122187  -48.772  -3.386  48.905 0.4444440007
67361  -50.262  -3.450  50.000 0.3333329856
127205  -51.040  -3.574  50.684 0.2222220004
67367  -48.194  -3.619  48.263 0.4444440007
66489  -49.107  -4.039  48.087 0.4444440007
66501  -47.027  -4.005  46.966 0.5555559993
66502  -48.358  -4.131  47.605 0.4444440007
66512  -47.994  -4.519  46.833 0.5555559993
133788  -47.236  -4.540  46.376 0.7777780294
65595  -47.732  -4.943  46.021 0.5555559993
65626  -45.469  -5.184  44.805 0.7777780294
65609  -46.188  -5.105  45.180 0.7777780294
146228  -46.007  -5.426  44.674 0.7777780294
65627  -46.552  -5.616  44.537 0.7777780294
64623  -47.135  -5.967  44.005 0.7777780294
65628  -47.392  -5.655  44.691 0.7777780294
65649  -46.435  -5.943  43.867 0.7777780294
64624  -47.963  -5.905  44.154 0.7777780294
64625  -48.957  -5.721  44.316 0.7777780294
64640  -47.625  -6.167  43.419 0.7777780294
64660  -48.104  -6.201  42.757 0.7777780294
122876  -42.695  -6.678  39.946 0.3333329856
64697  -44.269  -6.621  40.594 0.4444440007
129225  -45.670  -6.606  41.206 0.7777780294
134704  -46.859  -6.480  41.962 0.7777780294
132067  -48.571  -6.082  42.119 0.7777780294
64717  -43.038  -6.774  39.061 0.4444440007
64698  -45.163  -6.631  40.498 0.5555559993
64699  -46.062  -6.601  40.467 0.6666669846
64679  -46.484  -6.556  41.244 0.7777780294
64681  -47.737  -6.315  41.936 0.7777780294
138106  -48.322  -6.121  41.516 0.7777780294
138991  -50.421  -3.880  49.079 0.3333329856
66479  -51.199  -3.928  49.702 0.3333329856
67362  -51.772  -3.895  50.772 0.2222220004
123285  -50.049  -4.281  48.354 0.4444440007
126087  -48.913  -4.621  47.235 0.5555559993
66504  -50.596  -4.756  47.836 0.4444440007
66513  -48.754  -4.918  46.589 0.5555559993
66524  -46.913  -4.866  45.725 0.8888890147
65611  -48.289  -5.312  45.650 0.6666669846
65596  -48.343  -5.017  46.227 0.5555559993
65610  -47.573  -5.329  45.366 0.8888890147
137868  -48.189  -5.621  44.930 0.6666669846
65629  -48.972  -5.534  45.281 0.5555559993
64641  -48.477  -5.980  43.491 0.7777780294
65650  -49.961  -5.777  44.027 0.6666669846
64642  -49.343  -5.810  43.434 0.7777780294
64661  -48.904  -5.948  42.798 0.7777780294
145942  -49.593  -5.785  42.772 0.7777780294
122626  -49.343  -5.833  42.155 0.7777780294
122873  -45.505  -6.619  39.646 0.4444440007
64700  -47.054  -6.478  40.539 0.7777780294
129939  -47.788  -6.246  41.099 0.7777780294
122872  -46.463  -6.561  39.630 0.5555559993
122843  -52.242  -4.255  49.936 0.3333329856
66480  -52.808  -4.608  50.602 0.3333329856
66490  -50.873  -4.358  48.643 0.4444440007
66492  -52.890  -4.738  49.737 0.3333329856
66503  -49.764  -4.700  47.539 0.4444440007
65571  -52.394  -4.882  48.707 0.3333329856
65581  -50.426  -5.158  47.082 0.4444440007
146798  -51.098  -5.157  47.434 0.4444440007
65580  -49.561  -5.121  46.648 0.5555559993
123589  -48.935  -5.272  46.037 0.5555559993
122179  -51.226  -5.728  45.959 0.5555559993
65612  -49.703  -5.499  45.782 0.5555559993
65613  -50.530  -5.694  45.449 0.5555559993
123682  -49.798  -5.680  44.915 0.5555559993
65630  -50.671  -5.785  44.574 0.5555559993
65632  -52.238  -5.919  44.694 0.5555559993
65631  -51.517  -5.862  44.211 0.5555559993
121841  -52.204  -5.926  43.923 0.5555559993
65670  -50.154  -5.739  43.174 0.7777780294
65651  -50.842  -5.782  43.685 0.6666669846
65652  -51.777  -5.812  43.268 0.5555559993
124596  -50.955  -5.692  42.806 0.6666669846
65684  -49.800  -5.746  41.440 0.7777780294
123706  -50.221  -5.690  42.271 0.7777780294
123873  -47.384  -6.390  39.607 0.2222220004
132202  -48.501  -5.986  40.898 0.7777780294
64720  -45.858  -6.614  38.664 0.2222220004
64701  -47.930  -6.148  40.313 0.7777780294
66584  -51.283  -4.109  38.659 0.7777780294
67473  -51.594  -3.417  38.472 0.7777780294
68445  -51.669  -2.693  38.058 0.7777780294
66493  -53.397  -5.174  49.172 0.3333329856
65564  -55.315  -6.503  49.834 0.4444440007
65572  -54.121  -5.708  48.701 0.3333329856
65582  -51.942  -5.419  47.447 0.4444440007
65583  -53.156  -5.614  47.840 0.4444440007
65598  -51.920  -5.745  46.462 0.4444440007
138944  -52.613  -5.820  46.886 0.4444440007
138173  -52.677  -5.900  46.054 0.4444440007
65616  -54.155  -6.060  45.752 0.4444440007
65615  -53.378  -6.016  45.501 0.4444440007
121506  -54.961  -5.969  45.452 0.4444440007
143538  -52.679  -5.945  45.297 0.4444440007
65633  -53.124  -6.021  44.665 0.5555559993
122152  -54.104  -6.067  44.757 0.4444440007
143608  -54.886  -5.855  44.567 0.4444440007
142056  -52.771  -6.000  44.073 0.5555559993
65654  -53.565  -5.996  43.760 0.5555559993
65655  -54.536  -5.855  43.866 0.4444440007
65653  -52.707  -5.909  43.380 0.5555559993
66542  -54.943  -5.218  43.335 0.4444440007
65671  -51.687  -5.693  42.322 0.7777780294
65672  -52.504  -5.763  42.546 0.6666669846
141294  -51.018  -5.663  42.072 0.7777780294
65685  -50.678  -5.642  41.431 0.7777780294
64721  -46.862  -6.506  38.808 0.3333329856
64722  -47.731  -6.294  38.801 0.4444440007
126661  -48.199  -6.063  39.527 0.7777780294
65698  -50.246  -5.635  40.530 0.7777780294
65707  -50.959  -5.308  39.872 0.7777780294
143892  -46.741  -6.375  37.652 0.2222220004
130529  -47.579  -6.191  37.700 0.2222220004
65704  -48.584  -5.880  38.745 0.6666669846
64723  -48.846  -5.743  39.515 0.7777780294
136146  -50.135  -5.410  39.578 0.7777780294
65706  -50.705  -4.972  39.131 0.7777780294
67457  -51.849  -3.799  39.001 0.7777780294
64747  -47.121  -6.172  37.233 0.2222220004
69354  -51.450  -2.120  36.519 0.6666669846
69365  -51.186  -2.021  35.904 0.5555559993
132378  -54.835  -5.959  49.450 0.4444440007
65584  -54.253  -5.981  47.618 0.4444440007
65585  -55.232  -6.191  47.837 0.4444440007
65599  -53.552  -5.997  46.594 0.4444440007
146674  -54.784  -6.124  46.629 0.4444440007
65634  -55.493  -5.573  44.865 0.4444440007
65656  -55.263  -5.441  44.098 0.4444440007
66531  -55.823  -4.952  44.542 0.4444440007
66543  -55.524  -4.666  43.799 0.4444440007
65673  -53.348  -5.769  42.781 0.7777780294
65674  -54.203  -5.669  43.013 0.4444440007
65686  -51.498  -5.566  41.540 0.7777780294
65687  -52.294  -5.546  41.724 0.7777780294
66558  -52.805  -5.098  41.178 0.7777780294
65700  -52.022  -5.266  40.956 0.7777780294
66567  -52.525  -4.721  40.389 0.7777780294
66559  -53.541  -4.840  41.458 0.7777780294
66568  -53.231  -4.371  40.702 0.7777780294
65699  -51.213  -5.467  40.740 0.7777780294
66566  -51.767  -5.031  40.121 0.7777780294
67442  -52.893  -3.898  39.951 0.7777780294
67443  -53.518  -3.433  40.326 0.7777780294
66575  -51.438  -4.653  39.285 0.7777780294
66576  -52.201  -4.303  39.626 0.7777780294
67458  -52.485  -3.378  39.287 0.7777780294
69340  -53.501  -1.306  38.498 0.7777780294
69339  -52.957  -1.649  38.166 0.7777780294
69347  -52.539  -1.920  37.637 0.7777780294
68457  -51.846  -2.154  37.514 0.7777780294
69355  -51.969  -2.027  37.029 0.7777780294
130328  -52.138  -2.122  36.296 0.7777780294
69379  -50.881  -1.941  35.090 0.4444440007
64614  -55.642  -5.925  46.295 0.4444440007
131061  -55.710  -5.688  45.560 0.4444440007
65617  -56.337  -5.530  46.104 0.4444440007
65635  -56.080  -5.195  45.317 0.4444440007
66525  -56.805  -4.782  45.921 0.4444440007
66532  -56.368  -4.388  45.129 0.4444440007
67405  -55.663  -3.631  43.715 0.4444440007
66551  -53.862  -5.268  42.221 0.6666669846
66553  -55.145  -4.278  43.064 0.5555559993
65688  -53.103  -5.508  41.930 0.7777780294
66552  -54.590  -4.870  42.561 0.5555559993
67418  -54.815  -3.896  42.273 0.5555559993
66560  -54.237  -4.420  41.810 0.7777780294
67431  -54.461  -3.424  41.524 0.5555559993
68390  -54.902  -2.861  42.097 0.6666669846
67430  -53.873  -3.928  41.079 0.7777780294
67444  -54.068  -2.891  40.780 0.7777780294
69341  -54.120  -0.983  38.967 0.7777780294
70211  -54.769  -0.640  39.448 0.7777780294
121601  -54.120  -1.128  38.186 0.7777780294
69348  -53.322  -1.550  37.736 0.7777780294
142061  -53.512  -1.721  36.972 0.7777780294
69356  -52.757  -1.957  37.074 0.7777780294
69366  -53.247  -2.055  36.263 0.7777780294
69380  -51.795  -2.263  35.329 0.5555559993
68469  -52.864  -2.466  35.432 0.5555559993
68482  -52.477  -2.664  34.524 0.5555559993
68481  -51.502  -2.414  34.386 0.4444440007
67392  -56.512  -3.419  44.902 0.4444440007
67406  -56.099  -2.904  44.234 0.5555559993
139550  -56.010  -3.490  44.323 0.4444440007
67419  -55.222  -3.266  42.890 0.5555559993
68406  -55.046  -1.861  41.910 0.5555559993
138630  -54.717  -1.042  38.233 0.7777780294
69357  -54.149  -1.435  37.269 0.7777780294
136222  -54.298  -1.857  36.255 0.7777780294
68498  -53.059  -2.747  33.675 0.4444440007
68483  -53.459  -2.636  34.528 0.5555559993
68497  -52.119  -2.737  33.618 0.4444440007
68496  -51.220  -2.565  33.413 0.4444440007
68354  -56.828  -2.450  44.850 0.4444440007
68356  -58.662  -1.905  45.621 0.3333329856
69280  -57.198  -1.609  44.734 0.5555559993
68370  -55.703  -2.647  43.453 0.5555559993
69293  -55.606  -1.347  42.472 0.5555559993
68391  -55.361  -2.313  42.666 0.5555559993
70195  -55.792  -0.509  41.923 0.6666669846
69322  -55.157  -0.483  40.998 0.6666669846
70205  -55.378  -0.174  40.540 0.6666669846
70219  -54.692  -0.880  38.743 0.7777780294
70213  -56.034  -0.249  39.299 0.6666669846
70230  -55.457  -0.942  38.161 0.7777780294
69358  -55.079  -1.545  36.698 0.7777780294
68470  -53.982  -2.356  35.320 0.7777780294
141733  -55.258  -1.746  35.798 0.7777780294
68484  -54.226  -2.434  34.415 0.7777780294
69381  -54.791  -2.118  34.684 0.7777780294
68508  -52.611  -2.726  32.834 0.4444440007
146481  -55.977  -0.803  42.624 0.6666669846
70180  -56.530  -0.341  42.754 0.6666669846
70196  -56.454  0.166  41.922 0.6666669846
70206  -55.868  -0.069  41.167 0.6666669846
71134  -56.409  0.081  39.845 0.6666669846
70221  -56.270  -0.539  38.537 0.7777780294
70231  -56.617  -0.731  37.467 0.7777780294
122417  -56.573  -0.887  36.327 0.7777780294
69367  -55.849  -1.523  35.336 0.7777780294
133512  -53.557  -2.620  32.842 0.6666669846
68499  -53.976  -2.555  33.684 0.6666669846
69395  -54.779  -2.219  33.837 0.7777780294
69267  -58.939  -1.286  45.325 0.3333329856
69281  -57.605  -0.857  44.526 0.4444440007
70147  -58.693  -0.609  44.831 0.3333329856
70181  -57.390  0.103  43.348 0.5555559993
71093  -58.275  0.484  43.680 0.5555559993
71107  -57.118  0.371  42.563 0.6666669846
71094  -59.116  0.764  43.706 0.5555559993
71128  -56.770  0.460  41.258 0.6666669846
125656  -56.842  0.392  40.472 0.6666669846
71135  -57.432  0.561  39.747 0.6666669846
71141  -57.548  0.143  38.232 0.6666669846
71149  -57.937  0.584  37.582 0.6666669846
142531  -57.036  -0.357  38.135 0.7777780294
70238  -57.277  -0.304  36.546 0.7777780294
71155  -57.819  0.404  36.732 0.6666669846
126979  -57.645  0.343  35.832 0.7777780294
69368  -56.432  -0.993  35.250 0.7777780294
69383  -56.005  -1.443  34.603 0.7777780294
68514  -51.684  -2.218  31.290 0.4444440007
137154  -53.019  -2.589  32.066 0.5555559993
129287  -55.434  -1.854  33.284 0.6666669846
68509  -53.905  -2.401  32.069 0.5555559993
123313  -54.571  -2.296  32.838 0.6666669846
69396  -56.059  -1.392  33.726 0.7777780294
68507  -52.008  -2.577  32.066 0.4444440007
142500  -57.751  0.627  43.055 0.5555559993
71110  -59.709  1.111  42.671 0.4444440007
71118  -57.072  0.683  41.986 0.5555559993
128181  -58.471  1.015  43.121 0.5555559993
71095  -59.663  0.725  43.302 0.4444440007
71111  -60.061  0.739  42.563 0.4444440007
71119  -57.680  1.108  41.738 0.5555559993
71129  -57.710  1.061  40.773 0.6666669846
72044  -58.610  1.921  40.578 0.6666669846
140650  -58.157  1.306  39.985 0.6666669846
72053  -58.739  2.045  39.554 0.6666669846
72058  -58.004  0.859  38.368 0.6666669846
72059  -58.505  1.641  38.605 0.6666669846
71150  -58.312  1.133  36.994 0.6666669846
72073  -58.105  1.072  36.126 0.7777780294
70241  -57.103  -0.327  35.561 0.7777780294
68522  -53.038  -2.188  30.675 0.5555559993
68523  -53.887  -2.130  30.810 0.5555559993
70250  -56.480  -0.881  34.219 0.7777780294
68515  -52.565  -2.377  31.344 0.5555559993
68517  -54.103  -2.213  31.449 0.5555559993
69413  -55.955  -1.242  31.889 0.7777780294
69404  -56.060  -1.307  32.807 0.7777780294
70260  -56.517  -0.749  33.323 0.7777780294
70261  -56.803  -0.277  33.823 0.7777780294
69402  -54.651  -2.046  31.892 0.6666669846
69403  -55.373  -1.796  32.361 0.6666669846
72030  -59.518  1.558  42.278 0.4444440007
127561  -60.213  1.139  41.688 0.4444440007
71121  -60.398  0.381  41.851 0.4444440007
72043  -58.520  1.684  41.430 0.5555559993
72031  -59.897  1.390  42.019 0.4444440007
72892  -59.288  2.127  41.091 0.6666669846
72037  -59.724  1.879  41.436 0.5555559993
72904  -59.421  2.404  40.267 0.5555559993
134331  -59.587  2.639  39.376 0.6666669846
141710  -60.085  3.028  37.969 0.5555559993
72919  -59.356  2.642  37.840 0.6666669846
72074  -58.657  1.760  36.469 0.6666669846
72084  -58.531  1.663  35.590 0.7777780294
126344  -56.936  -0.288  34.604 0.7777780294
72083  -57.945  1.042  35.239 0.7777780294
69411  -54.626  -1.954  31.124 0.5555559993
123036  -55.331  -1.732  31.498 0.6666669846
71177  -57.272  0.408  33.874 0.7777780294
70267  -56.552  -0.527  32.300 0.7777780294
71176  -56.872  0.054  33.070 0.7777780294
73819  -60.500  2.985  38.173 0.5555559993
73828  -60.512  3.288  37.416 0.5555559993
72939  -58.990  2.422  35.985 0.6666669846
72921  -61.776  2.456  37.506 0.3333329856
72068  -62.142  1.500  37.313 0.3333329856
72950  -58.963  2.304  35.119 0.6666669846
72091  -57.845  1.053  34.315 0.7777780294
72960  -58.910  2.285  34.227 0.7777780294
72099  -57.768  1.138  33.401 0.7777780294
72100  -58.373  1.651  33.800 0.7777780294
72106  -58.286  1.719  32.896 0.7777780294
73829  -60.911  3.296  37.492 0.4444440007
73830  -61.312  3.007  37.490 0.3333329856
72927  -61.804  2.985  36.847 0.3333329856
73837  -60.360  3.505  36.623 0.6666669846
72928  -62.156  2.608  36.194 0.3333329856
72926  -59.614  3.090  36.335 0.6666669846
72940  -59.365  2.976  35.583 0.6666669846
72951  -59.473  3.164  34.776 0.6666669846
72961  -59.356  2.943  33.757 0.7777780294
72968  -58.829  2.272  33.332 0.6666669846
73839  -61.279  3.490  36.676 0.4444440007
73838  -60.834  3.580  36.883 0.5555559993
73840  -61.824  3.366  36.048 0.4444440007
123265  -60.868  3.898  36.054 0.6666669846
73855  -60.758  4.223  35.282 0.6666669846
144760  -60.148  3.929  34.920 0.6666669846
139288  -60.953  4.925  33.433 0.6666669846
73874  -60.488  4.358  33.758 0.6666669846
73873  -59.906  3.780  34.164 0.6666669846
73856  -61.369  3.844  35.706 0.4444440007
74719  -61.093  4.728  34.046 0.6666669846
74728  -60.968  5.271  32.741 0.6666669846
74724  -61.424  5.047  33.284 0.5555559993
75575  -61.611  5.450  32.616 0.5555559993
73857  -61.884  3.748  35.360 0.4444440007
140618  -61.126  4.273  35.376 0.5555559993
74715  -61.513  4.233  34.881 0.4444440007
74721  -61.862  4.430  34.006 0.4444440007
74720  -61.401  4.590  34.045 0.5555559993
75576  -61.808  5.286  32.785 0.3333329856
68456  -51.179  -2.546  37.405 0.7777780294
67474  -52.091  -2.913  38.678 0.7777780294
68446  -52.389  -2.106  38.243 0.7777780294
68465  -51.314  -2.120  36.901 0.7777780294
68431  -52.697  -2.413  38.983 0.7777780294
68447  -53.036  -1.669  38.718 0.7777780294
67459  -53.092  -2.907  39.647 0.7777780294
68432  -53.275  -1.967  39.374 0.7777780294
69331  -53.632  -1.314  39.144 0.7777780294
68417  -53.645  -2.395  40.054 0.7777780294
68418  -54.215  -1.718  40.464 0.7777780294
68433  -53.778  -1.601  39.737 0.7777780294
69332  -54.277  -0.981  39.734 0.7777780294
70204  -54.916  -0.443  40.163 0.6666669846
68405  -54.588  -2.361  41.309 0.6666669846
69321  -54.679  -0.915  40.457 0.6666669846
69294  -56.219  -1.128  43.290 0.5555559993
69266  -58.174  -1.337  45.191 0.4444440007
69268  -59.487  -1.045  44.904 0.3333329856
38009  -11.664  -32.801  71.202 0.4444440007
42049  -13.024  -29.871  70.646 0.5555559993
42055  -13.683  -29.655  70.014 0.5555559993
42041  -15.090  -29.326  72.087 0.5555559993
137381  -15.780  -28.790  70.839 0.5555559993
36988  -9.702  -34.071  69.671 0.3333329856
36024  -8.725  -35.281  67.736 0.4444440007
38005  -12.152  -32.594  71.417 0.4444440007
41069  -12.426  -30.232  70.879 0.5555559993
41067  -10.931  -31.354  70.107 0.5555559993
122309  -11.998  -30.992  69.042 0.7777780294
142130  -15.196  -28.984  69.118 0.6666669846
129809  -15.887  -28.768  69.500 0.6666669846
42060  -14.353  -29.715  68.197 0.6666669846
43019  -16.745  -28.624  69.309 0.7777780294
43979  -17.025  -28.589  68.324 0.7777780294
43009  -16.704  -28.756  71.019 0.5555559993
38020  -8.959  -33.920  68.935 0.4444440007
39051  -9.665  -32.705  69.951 0.4444440007
36022  -7.934  -34.883  67.166 0.5555559993
38019  -8.686  -34.015  68.458 0.4444440007
38013  -9.100  -33.590  69.033 0.4444440007
36992  -7.920  -34.651  67.103 0.5555559993
126636  -9.029  -33.466  67.850 0.5555559993
40070  -9.433  -32.728  69.010 0.5555559993
40055  -9.808  -32.273  69.590 0.5555559993
40056  -10.412  -31.932  69.492 0.5555559993
38036  -7.778  -33.899  66.249 0.5555559993
39062  -8.147  -33.911  66.999 0.4444440007
40084  -10.215  -32.597  68.224 0.6666669846
39077  -9.174  -33.537  67.391 0.5555559993
39090  -8.553  -33.854  66.518 0.5555559993
143802  -9.526  -33.307  67.588 0.6666669846
134273  -12.513  -31.063  68.236 0.7777780294
43980  -17.795  -28.396  68.404 0.7777780294
43011  -18.602  -28.673  70.949 0.4444440007
43020  -17.379  -28.547  70.246 0.5555559993
139478  -17.920  -28.606  70.924 0.5555559993
39089  -7.623  -33.858  65.697 0.5555559993
128746  -9.854  -33.653  65.959 0.4444440007
41093  -12.889  -31.137  67.409 0.7777780294
44000  -17.516  -28.425  67.556 0.7777780294
43999  -16.816  -28.625  67.517 0.7777780294
138650  -10.936  -33.096  65.258 0.3333329856
39093  -11.450  -32.822  65.846 0.6666669846
126587  -13.080  -31.226  66.491 0.7777780294
41099  -13.081  -31.257  65.465 0.7777780294
43059  -16.472  -28.714  66.831 0.7777780294
140503  -12.507  -31.782  65.262 0.5555559993
43076  -16.519  -28.537  65.345 0.6666669846
42108  -13.942  -30.367  63.789 0.5555559993
43965  -19.642  -28.126  69.699 0.5555559993
43953  -19.910  -28.352  70.394 0.4444440007
144037  -17.420  -28.203  66.153 0.7777780294
43101  -15.733  -28.905  63.986 0.6666669846
129799  -19.049  -28.008  67.836 0.8888890147
43954  -20.656  -28.391  70.276 0.4444440007
43983  -20.128  -27.954  68.917 0.8888890147
43006  -21.399  -29.128  70.614 0.3333329856
43014  -20.981  -28.793  70.531 0.4444440007
44001  -18.750  -27.972  66.984 0.8888890147
44018  -18.536  -27.859  66.246 0.7777780294
44049  -17.588  -27.865  64.755 0.6666669846
131584  -16.637  -28.259  63.995 0.5555559993
44066  -17.169  -27.877  63.985 0.5555559993
139136  -17.361  -27.648  63.319 0.6666669846
43113  -16.077  -28.415  62.841 0.6666669846
41076  -23.373  -29.788  70.366 0.1111110002
141620  -22.396  -28.895  70.371 0.4444440007
43984  -21.422  -27.945  68.941 0.7777780294
43955  -21.420  -28.452  70.168 0.4444440007
135745  -22.145  -28.536  70.086 0.5555559993
37026  -32.701  -34.463  66.259 0.5555559993
44035  -19.573  -27.667  65.714 0.8888890147
129998  -33.044  -32.856  66.320 0.5555559993
40112  -33.238  -31.795  66.237 0.5555559993
39084  -33.601  -31.618  66.705 0.4444440007
44959  -19.431  -27.130  63.409 0.6666669846
137870  -32.080  -27.081  64.008 1.0000000000
43093  -32.297  -28.074  65.437 0.8888890147
44042  -31.919  -27.398  65.728 0.7777780294
132867  -32.713  -29.005  66.487 0.7777780294
48854  -35.051  -22.685  68.849 0.3333329856
48859  -35.100  -22.021  69.133 0.2222220004
48886  -33.422  -23.054  66.190 0.5555559993
47837  -32.473  -23.459  66.023 0.4444440007
46828  -31.229  -24.799  65.474 0.7777780294
123095  -31.343  -23.657  63.083 0.8888890147
43969  -23.429  -28.419  69.411 0.7777780294
43017  -24.093  -29.396  70.118 0.6666669846
44037  -21.614  -27.858  65.665 0.7777780294
39115  -32.703  -32.638  65.628 0.7777780294
124769  -33.050  -30.790  66.024 0.6666669846
48878  -35.225  -22.344  66.231 0.5555559993
145446  -33.004  -29.209  64.567 1.0000000000
122229  -34.963  -22.863  65.347 0.5555559993
127642  -18.935  -26.967  62.626 0.6666669846
46843  -31.247  -24.658  64.333 0.8888890147
47873  -34.612  -23.714  63.703 0.7777780294
44971  -18.489  -26.939  62.086 0.6666669846
129163  -22.691  -27.966  68.097 0.7777780294
43987  -24.445  -28.509  68.284 0.7777780294
145510  -22.211  -27.911  65.431 0.7777780294
39133  -32.428  -32.410  64.791 0.8888890147
41124  -33.070  -30.671  64.310 1.0000000000
48897  -36.111  -22.690  64.431 0.6666669846
44060  -32.426  -27.911  63.828 1.0000000000
44961  -21.024  -27.311  63.006 0.7777780294
128192  -34.478  -23.988  61.984 0.8888890147
45030  -19.436  -26.505  59.922 0.4444440007
122995  -20.957  -26.763  59.955 0.6666669846
35044  -28.728  -36.260  66.382 0.2222220004
37023  -29.602  -35.384  66.410 0.5555559993
43988  -24.801  -28.665  67.653 0.7777780294
38074  -30.271  -33.869  64.534 0.8888890147
122903  -22.829  -27.973  65.587 0.7777780294
125297  -23.604  -28.139  65.723 0.7777780294
49990  -36.857  -22.272  63.992 0.6666669846
44070  -22.292  -27.728  63.660 0.8888890147
44039  -24.221  -28.238  64.938 0.7777780294
40156  -32.497  -31.270  63.656 1.0000000000
48922  -36.467  -23.340  62.846 0.7777780294
44086  -22.629  -27.651  62.817 0.8888890147
126200  -24.502  -28.049  64.000 0.7777780294
44976  -22.922  -27.577  62.055 0.7777780294
140676  -22.480  -27.364  61.532 0.7777780294
44089  -25.127  -27.930  62.424 0.8888890147
48951  -30.409  -23.578  60.273 0.8888890147
44993  -23.963  -27.415  61.127 0.7777780294
45895  -30.007  -24.881  60.937 0.8888890147
144973  -21.478  -26.775  59.721 0.5555559993
45033  -23.068  -26.858  59.648 0.6666669846
45013  -23.323  -27.073  60.485 0.7777780294
45049  -20.612  -26.284  58.557 0.4444440007
38032  -26.907  -33.562  68.291 0.1111110002
40069  -26.559  -31.854  68.334 0.1111110002
38033  -27.195  -33.411  68.142 0.2222220004
38034  -27.648  -33.838  67.887 0.4444440007
132490  -26.729  -31.384  68.028 0.6666669846
143463  -28.390  -34.659  66.901 0.6666669846
37015  -27.783  -34.615  67.725 0.4444440007
124735  -27.776  -32.334  66.792 0.6666669846
38072  -29.098  -33.811  64.900 0.8888890147
52021  -38.705  -19.726  65.062 0.3333329856
43060  -25.493  -28.880  66.585 0.7777780294
43077  -25.587  -28.765  65.767 0.7777780294
49991  -37.537  -22.160  63.335 0.6666669846
40155  -31.666  -31.729  63.155 1.0000000000
41141  -32.810  -30.394  63.310 1.0000000000
47895  -36.026  -23.852  62.185 0.8888890147
44076  -32.730  -28.310  62.701 1.0000000000
44093  -32.657  -28.126  61.657 1.0000000000
44074  -25.671  -28.148  63.178 0.8888890147
128949  -35.016  -24.460  60.722 0.8888890147
47935  -37.354  -23.697  60.466 0.8888890147
44103  -25.400  -27.790  61.572 0.8888890147
44106  -32.275  -27.436  61.360 0.8888890147
48970  -31.089  -22.978  59.737 1.0000000000
45015  -25.054  -27.207  60.191 0.8888890147
45035  -25.235  -26.974  59.454 0.6666669846
44121  -26.408  -27.821  60.445 0.7777780294
42068  -26.373  -29.700  67.359 0.7777780294
42074  -26.436  -29.532  66.574 0.7777780294
42075  -26.865  -29.930  66.195 0.7777780294
43061  -26.136  -29.094  66.197 0.7777780294
42084  -27.185  -29.829  65.458 0.7777780294
52056  -39.795  -19.780  62.870 0.5555559993
43079  -26.973  -29.314  64.881 0.7777780294
42098  -27.892  -30.069  64.341 0.8888890147
50973  -38.908  -20.992  62.754 0.6666669846
50974  -39.525  -20.530  62.451 0.6666669846
42097  -27.534  -29.471  64.253 0.8888890147
50026  -39.429  -21.236  60.868 0.8888890147
50025  -38.952  -21.898  60.379 0.8888890147
42133  -31.800  -29.660  61.108 0.8888890147
47947  -32.510  -23.331  59.781 1.0000000000
47949  -34.345  -24.311  59.360 0.8888890147
46882  -36.221  -24.460  59.882 0.8888890147
135048  -37.939  -23.287  59.953 0.8888890147
51001  -40.481  -20.025  60.270 0.8888890147
47946  -30.088  -23.907  59.985 0.8888890147
47966  -33.235  -23.725  58.022 0.8888890147
128370  -34.401  -24.337  58.619 0.7777780294
47968  -37.095  -24.226  58.759 0.8888890147
51012  -39.959  -20.893  59.411 0.8888890147
43116  -28.137  -29.153  61.953 1.0000000000
134769  -29.968  -24.501  59.652 0.8888890147
121284  -30.375  -23.191  58.261 0.8888890147
48985  -31.956  -22.949  58.396 0.7777780294
47967  -34.094  -24.158  57.918 0.8888890147
46901  -35.606  -24.602  58.324 0.8888890147
47969  -37.545  -23.879  58.148 0.8888890147
50050  -39.608  -21.686  58.280 0.8888890147
47981  -29.981  -23.544  57.933 0.8888890147
49002  -30.634  -22.827  57.958 0.8888890147
49003  -31.386  -22.641  57.116 0.7777780294
47984  -34.191  -24.226  57.036 0.7777780294
46924  -36.622  -24.334  57.229 1.0000000000
49006  -38.485  -22.911  57.428 0.7777780294
143206  -33.515  -23.804  55.919 0.7777780294
48002  -36.844  -23.966  56.440 0.7777780294
50071  -30.372  -22.079  56.384 0.7777780294
50060  -30.871  -22.298  56.747 0.7777780294
122598  -36.088  -24.102  55.969 0.6666669846
49033  -29.089  -22.137  54.805 0.5555559993
50082  -31.047  -21.969  56.015 0.6666669846
49035  -31.695  -22.365  55.222 0.6666669846
48021  -35.757  -23.864  55.216 0.6666669846
123925  -29.877  -21.039  54.147 0.5555559993
124717  -34.379  -23.737  54.386 0.5555559993
50105  -30.472  -21.158  53.262 0.5555559993
131498  -33.851  -23.563  53.785 0.4444440007
123582  -33.285  -22.974  52.567 0.4444440007
41139  -28.476  -30.325  63.719 1.0000000000
40170  -29.601  -30.978  62.929 1.0000000000
41155  -28.650  -29.902  63.127 1.0000000000
42120  -29.318  -29.905  61.882 1.0000000000
53127  -41.270  -18.278  61.664 0.4444440007
53136  -41.055  -18.852  61.197 0.8888890147
43154  -31.529  -28.415  59.765 0.8888890147
139666  -27.483  -27.885  58.534 0.6666669846
47997  -29.227  -23.485  55.633 0.6666669846
49060  -31.903  -22.341  52.823 0.2222220004
49075  -32.478  -22.733  52.198 0.2222220004
49074  -31.840  -22.281  51.865 0.2222220004
50126  -30.803  -21.014  51.057 0.1111110002
49088  -34.427  -22.498  51.255 0.3333329856
49087  -33.604  -22.588  51.049 0.1111110002
54214  -42.018  -16.972  61.784 0.4444440007
53149  -41.695  -18.417  60.052 0.8888890147
43160  -30.385  -28.342  58.454 0.7777780294
44149  -31.183  -27.534  58.902 0.7777780294
45066  -30.186  -26.779  57.002 0.7777780294
45067  -30.696  -26.850  57.728 0.7777780294
44145  -28.203  -27.913  57.808 0.6666669846
45956  -29.675  -25.354  56.300 0.7777780294
123317  -30.040  -26.067  56.615 0.7777780294
45076  -26.619  -26.785  56.228 0.3333329856
46921  -29.395  -24.626  55.966 0.6666669846
44168  -29.028  -27.451  56.541 0.5555559993
48033  -28.518  -23.496  53.876 0.5555559993
50102  -28.190  -21.039  53.033 0.3333329856
51129  -30.287  -20.427  50.537 0.1111110002
51113  -29.511  -19.912  51.244 0.1111110002
55194  -42.727  -15.852  63.976 0.1111110002
55204  -42.456  -15.958  63.180 0.2222220004
56172  -43.743  -15.121  62.840 0.2222220004
56162  -43.696  -15.395  63.292 0.1111110002
55226  -42.674  -16.527  60.830 0.6666669846
54227  -42.090  -17.220  61.065 0.5555559993
123022  -42.432  -17.158  60.293 0.6666669846
54240  -42.519  -17.443  59.570 0.8888890147
57121  -44.637  -14.847  62.375 0.1111110002
56174  -45.145  -15.175  62.399 0.1111110002
55227  -43.139  -15.887  60.429 0.5555559993
57128  -44.912  -14.470  61.860 0.2222220004
57123  -45.729  -14.640  61.933 0.1111110002
56175  -45.965  -15.310  62.015 0.1111110002
55252  -42.985  -16.911  59.085 0.7777780294
54264  -42.950  -17.992  57.145 0.8888890147
54265  -43.503  -17.500  57.479 0.8888890147
53185  -42.036  -19.070  56.215 1.0000000000
57136  -45.456  -13.906  60.627 0.2222220004
57135  -44.835  -14.172  61.106 0.2222220004
56193  -44.291  -14.922  59.613 0.3333329856
57142  -44.786  -14.232  60.167 0.2222220004
53197  -43.037  -18.361  55.439 1.0000000000
58094  -46.074  -13.567  60.270 0.2222220004
55303  -43.532  -17.070  53.585 1.0000000000
54309  -42.069  -17.904  53.021 1.0000000000
56247  -44.770  -16.099  54.513 1.0000000000
127039  -43.519  -16.119  53.316 1.0000000000
138328  -42.963  -16.768  52.953 1.0000000000
129503  -41.373  -16.214  51.053 1.0000000000
57192  -42.019  -14.859  52.107 1.0000000000
57221  -40.514  -14.787  49.331 0.5555559993
57232  -39.962  -14.737  48.599 0.4444440007
124054  -39.730  -13.683  48.271 0.3333329856
58182  -40.130  -13.010  48.999 0.4444440007
59025  -48.909  -12.152  57.956 0.1111110002
141957  -45.786  -12.171  56.214 0.4444440007
58134  -44.318  -12.611  55.418 0.7777780294
59051  -42.728  -12.304  54.906 0.7777780294
59929  -42.703  -10.961  55.064 0.7777780294
60834  -42.209  -10.796  54.351 0.7777780294
58157  -41.564  -13.325  52.366 1.0000000000
59057  -41.672  -12.299  53.400 0.8888890147
140890  -41.171  -11.444  52.504 1.0000000000
61808  -40.135  -10.580  47.590 0.7777780294
60811  -45.893  -10.163  57.492 0.2222220004
62637  -43.622  -8.763  53.364 0.5555559993
124252  -42.629  -9.027  51.010 0.8888890147
62668  -43.293  -8.475  51.151 0.7777780294
62680  -42.493  -8.800  49.188 0.8888890147
60920  -38.102  -11.204  45.894 0.4444440007
60820  -44.365  -10.400  56.459 0.4444440007
62638  -44.200  -8.263  53.818 0.3333329856
144998  -44.777  -7.957  55.114 0.3333329856
64549  -44.588  -6.472  51.050 0.4444440007
64577  -43.919  -6.568  49.376 0.7777780294
65551  -44.795  -5.689  50.508 0.3333329856
63660  -43.502  -6.698  48.658 0.7777780294
61829  -39.734  -10.171  45.336 0.7777780294
62605  -45.282  -8.764  57.135 0.3333329856
145251  -45.508  -8.085  56.990 0.3333329856
64496  -45.590  -7.108  55.897 0.3333329856
65520  -45.234  -5.696  52.236 0.3333329856
65536  -45.509  -4.934  51.894 0.3333329856
66476  -44.882  -4.859  49.050 0.6666669846
126142  -45.581  -4.396  50.298 0.3333329856
66477  -45.559  -4.296  49.417 0.6666669846
63685  -42.223  -7.068  46.762 0.7777780294
64605  -42.645  -6.270  46.589 0.7777780294
63684  -41.752  -7.396  46.103 0.7777780294
62752  -41.275  -7.987  45.615 0.7777780294
64612  -42.035  -6.373  45.397 0.7777780294
133599  -41.704  -6.359  43.852 0.7777780294
63697  -40.911  -7.397  43.892 0.7777780294
63707  -40.635  -7.285  42.932 0.5555559993
64675  -41.933  -6.095  41.476 0.5555559993
65511  -45.869  -5.021  53.488 0.3333329856
66444  -45.958  -4.162  52.401 0.2222220004
67325  -47.177  -3.046  51.712 0.2222220004
67357  -45.832  -3.949  48.555 0.6666669846
68303  -48.348  -2.799  51.177 0.2222220004
67343  -48.104  -2.793  50.306 0.2222220004
67374  -46.762  -3.710  47.717 0.6666669846
65668  -43.539  -5.785  43.083 0.6666669846
63727  -40.040  -7.125  41.268 0.1111110002
63754  -39.090  -7.087  39.773 0.1111110002
64656  -44.684  -6.369  42.152 0.6666669846
68315  -48.835  -2.858  50.461 0.2222220004
64657  -45.571  -6.408  42.468 0.6666669846
137308  -46.059  -6.564  41.895 0.7777780294
64715  -41.184  -6.784  39.430 0.3333329856
67368  -49.650  -3.664  48.982 0.3333329856
122743  -46.927  -5.358  45.114 0.7777780294
122875  -43.660  -6.691  39.840 0.3333329856
64718  -43.955  -6.718  38.946 0.3333329856
122874  -44.578  -6.660  39.737 0.4444440007
64682  -48.974  -5.909  41.488 0.7777780294
66491  -51.631  -4.423  48.980 0.3333329856
65570  -51.417  -4.833  48.140 0.3333329856
122482  -51.157  -5.513  46.787 0.4444440007
65597  -50.427  -5.503  46.295 0.5555559993
123182  -51.365  -5.826  45.088 0.5555559993
64702  -48.683  -5.828  40.167 0.7777780294
124307  -49.284  -5.782  40.749 0.7777780294
66596  -50.266  -4.072  37.630 0.7777780294
67486  -51.015  -3.480  37.998 0.7777780294
65562  -54.092  -5.526  49.848 0.3333329856
65697  -49.444  -5.644  39.951 0.7777780294
64737  -47.983  -6.166  38.081 0.4444440007
65705  -49.368  -5.514  39.158 0.7777780294
68464  -50.732  -2.038  36.276 0.6666669846
67391  -55.943  -4.089  44.403 0.4444440007
67385  -57.097  -3.828  45.741 0.4444440007
68342  -57.395  -2.940  45.559 0.4444440007
69308  -54.794  -1.357  41.139 0.6666669846
69349  -54.863  -1.233  37.634 0.7777780294
68355  -57.755  -2.097  45.410 0.4444440007
68371  -56.319  -1.951  43.995 0.5555559993
69309  -55.241  -1.032  41.687 0.6666669846
70212  -55.439  -0.197  39.877 0.6666669846
70237  -55.795  -1.216  37.081 0.7777780294
69359  -55.896  -1.411  36.090 0.7777780294
138691  -55.399  -1.804  34.989 0.7777780294
70163  -57.024  -0.565  43.722 0.5555559993
71127  -56.031  0.042  40.549 0.6666669846
71140  -56.952  -0.053  38.964 0.6666669846
70164  -57.956  -0.119  44.175 0.4444440007
71109  -59.288  1.185  43.002 0.5555559993
132788  -57.639  0.459  38.894 0.6666669846
70222  -57.441  -0.134  37.444 0.7777780294
71163  -57.471  0.359  34.892 0.7777780294
68516  -53.419  -2.345  31.392 0.5555559993
71120  -58.634  1.452  42.325 0.5555559993
72910  -59.074  2.447  38.691 0.6666669846
144966  -58.798  2.024  38.057 0.6666669846
134462  -58.780  1.907  37.333 0.6666669846
72036  -59.203  1.902  41.808 0.5555559993
72898  -59.857  2.313  40.676 0.5555559993
72905  -60.037  2.626  39.914 0.5555559993
146668  -60.177  2.968  38.393 0.5555559993
72920  -59.879  3.062  37.196 0.5555559993
72925  -59.192  2.524  36.861 0.6666669846
72092  -58.445  1.630  34.700 0.7777780294
124738  -57.327  0.672  33.006 0.7777780294
72922  -62.078  2.299  36.872 0.2222220004
73854  -60.065  3.676  35.689 0.6666669846
73866  -60.645  4.337  34.554 0.6666669846
74714  -61.136  4.519  34.789 0.6666669846
35032  -7.798  -35.774  66.649 0.2222220004
36029  -7.637  -35.051  66.642 0.4444440007
36028  -7.069  -35.101  65.991 0.3333329856
37007  -7.362  -34.971  66.298 0.4444440007
38025  -7.728  -34.239  66.527 0.4444440007
36998  -7.255  -34.786  66.315 0.4444440007
39074  -6.933  -33.903  65.495 0.4444440007
37005  -6.422  -34.058  65.197 0.3333329856
38043  -6.032  -33.953  64.828 0.3333329856
39086  -6.023  -33.749  64.544 0.3333329856
38044  -5.981  -33.904  64.977 0.3333329856
38066  -5.351  -33.540  63.772 0.2222220004
39087  -6.397  -33.470  64.632 0.3333329856
39107  -7.293  -33.558  65.010 0.3333329856
133424  -7.008  -33.440  64.829 0.4444440007
39104  -5.417  -33.322  63.717 0.3333329856
38055  -5.727  -33.765  64.206 0.3333329856
39106  -6.373  -33.141  64.469 0.3333329856
40118  -5.965  -32.886  63.986 0.2222220004
39119  -6.477  -32.918  64.306 0.1111110002
39118  -5.037  -32.740  63.475 0.3333329856
130857  -4.972  -33.281  63.459 0.2222220004
39108  -8.097  -33.795  64.886 0.3333329856
39120  -7.339  -33.096  64.214 0.1111110002
39121  -8.279  -33.372  63.905 0.1111110002
39105  -5.859  -33.338  64.085 0.2222220004
40117  -5.601  -32.687  63.577 0.2222220004
40131  -5.658  -32.035  63.342 0.2222220004
135373  -6.131  -32.021  63.580 0.2222220004
146483  -7.011  -32.096  63.025 0.2222220004
40116  -5.149  -32.709  63.285 0.2222220004
39136  -4.945  -32.720  63.119 0.2222220004
39109  -9.212  -33.692  64.809 0.3333329856
39122  -9.183  -33.312  63.720 0.1111110002
39138  -7.520  -32.674  63.122 0.2222220004
41116  -5.801  -31.402  63.079 0.2222220004
40145  -6.511  -31.626  63.046 0.1111110002
39150  -8.056  -32.287  62.232 0.1111110002
39110  -10.265  -33.482  65.108 0.3333329856
39123  -10.673  -32.970  64.358 0.1111110002
127070  -9.941  -32.917  63.555 0.1111110002
39140  -9.294  -32.866  62.960 0.1111110002
39139  -8.525  -32.898  62.986 0.2222220004
39152  -9.930  -32.491  62.512 0.1111110002
40160  -7.207  -31.721  62.480 0.1111110002
40161  -8.653  -31.734  61.686 0.1111110002
39151  -8.964  -32.519  62.191 0.1111110002
39111  -11.477  -32.719  64.893 0.4444440007
39124  -11.377  -32.497  63.914 0.3333329856
40146  -10.673  -32.188  62.505 0.1111110002
40147  -11.262  -32.083  62.963 0.2222220004
40165  -11.930  -31.584  62.537 0.3333329856
41144  -7.220  -30.865  62.126 0.1111110002
40162  -9.516  -31.895  61.725 0.1111110002
129635  -7.816  -31.317  61.856 0.1111110002
40164  -11.102  -31.729  62.035 0.1111110002
40132  -11.779  -31.943  63.520 0.3333329856
40133  -12.447  -31.626  63.648 0.3333329856
40176  -9.254  -31.129  61.439 0.1111110002
40177  -10.009  -31.265  61.377 0.1111110002
41149  -13.225  -30.681  62.208 0.3333329856
41163  -10.988  -30.582  61.047 0.1111110002
41148  -12.331  -30.935  61.742 0.1111110002
133357  -13.671  -30.138  61.658 0.1111110002
41165  -12.756  -30.312  61.168 0.1111110002
42117  -14.008  -30.213  62.865 0.4444440007
41164  -11.786  -30.391  61.001 0.1111110002
134195  -14.157  -29.629  61.259 0.1111110002
42128  -13.267  -29.612  60.694 0.1111110002
42129  -13.939  -29.277  60.586 0.1111110002
43112  -14.885  -29.210  62.012 0.5555559993
44083  -16.416  -28.092  62.062 0.3333329856
43123  -14.584  -29.100  60.943 0.2222220004
123074  -15.207  -28.813  61.369 0.3333329856
43124  -15.775  -28.415  61.215 0.3333329856
138131  -16.301  -27.927  61.049 0.3333329856
44116  -15.600  -27.950  60.230 0.2222220004
44130  -14.977  -27.479  59.500 0.1111110002
44131  -15.799  -27.292  59.444 0.1111110002
44117  -16.494  -27.460  60.343 0.3333329856
44099  -16.986  -27.522  61.451 0.3333329856
45007  -16.620  -26.905  59.538 0.3333329856
44118  -17.479  -26.883  60.646 0.3333329856
45008  -18.284  -26.633  60.729 0.4444440007
45918  -18.594  -26.186  59.482 0.3333329856
45919  -19.305  -26.056  59.019 0.3333329856
45932  -19.299  -25.674  58.069 0.2222220004
45920  -19.898  -26.053  58.619 0.3333329856
45933  -20.107  -25.804  57.893 0.3333329856
45050  -21.459  -26.450  58.475 0.3333329856
45051  -23.252  -26.567  58.250 0.3333329856
51053  -40.832  -20.423  56.374 0.7777780294
123951  -41.204  -19.870  55.617 0.8888890147
45945  -21.150  -25.744  56.887 0.3333329856
124821  -22.605  -26.305  57.501 0.3333329856
50073  -39.611  -21.608  56.448 0.6666669846
50084  -39.490  -21.464  55.583 0.6666669846
50072  -38.982  -22.014  56.033 0.6666669846
133947  -41.722  -19.385  55.701 0.8888890147
52145  -41.561  -19.325  55.041 0.7777780294
53196  -42.263  -18.864  55.350 0.8888890147
51063  -40.093  -20.971  55.972 0.6666669846
51064  -40.578  -20.414  55.411 0.7777780294
52144  -40.889  -19.774  54.859 0.7777780294
52157  -41.204  -19.176  54.296 0.7777780294
49039  -38.455  -22.430  55.572 0.6666669846
50083  -38.862  -21.821  55.223 0.6666669846
51074  -39.872  -20.842  55.116 0.7777780294
51075  -40.219  -20.219  54.622 0.7777780294
140941  -40.824  -19.087  53.703 0.7777780294
49052  -38.272  -22.114  54.828 0.6666669846
50107  -38.916  -21.127  54.087 0.6666669846
51090  -39.845  -19.972  53.880 0.7777780294
52167  -40.265  -19.405  53.410 0.7777780294
52168  -40.764  -18.860  53.033 0.7777780294
51089  -39.554  -20.656  54.341 0.6666669846
49067  -38.185  -21.692  53.980 0.6666669846
51103  -39.622  -19.825  53.046 0.6666669846
52179  -40.133  -19.242  52.611 0.7777780294
49066  -37.367  -22.065  53.611 0.5555559993
51088  -38.551  -21.008  53.290 0.6666669846
52178  -39.462  -19.618  52.202 0.6666669846
51102  -38.890  -20.310  52.609 0.6666669846
131073  -38.200  -20.913  52.470 0.5555559993
139206  -38.422  -20.454  51.949 0.5555559993
50117  -37.820  -21.455  53.080 0.6666669846
140924  -37.942  -20.856  51.658 0.5555559993
53214  -42.450  -18.201  53.794 0.8888890147
53206  -41.971  -18.763  54.431 0.7777780294
123642  -41.538  -18.636  53.541 0.7777780294
126121  -41.300  -18.272  52.655 0.8888890147
53223  -40.610  -18.658  52.249 0.7777780294
52196  -40.001  -19.081  51.813 0.7777780294
53237  -40.376  -18.420  51.502 0.5555559993
51116  -38.846  -19.963  51.729 0.5555559993
53236  -39.735  -18.790  51.081 0.4444440007
49079  -37.099  -21.814  52.828 0.5555559993
51115  -38.383  -20.382  51.234 0.4444440007
51132  -38.791  -19.835  50.927 0.4444440007
50116  -36.816  -21.703  52.019 0.4444440007
50131  -37.549  -21.345  52.237 0.4444440007
52211  -39.201  -19.260  50.584 0.4444440007
50128  -35.669  -21.793  50.923 0.3333329856
50130  -37.303  -21.252  51.379 0.4444440007
51131  -38.360  -20.256  50.527 0.4444440007
52210  -38.655  -19.771  50.126 0.4444440007
55327  -41.614  -16.728  51.575 0.8888890147
141522  -27.074  -26.783  55.533 0.3333329856
45078  -28.671  -26.955  55.829 0.3333329856
53238  -40.956  -17.961  51.929 0.7777780294
54334  -41.199  -17.367  51.558 0.7777780294
45086  -27.925  -26.741  55.056 0.3333329856
45094  -28.430  -26.403  54.412 0.3333329856
45979  -28.281  -25.939  53.857 0.3333329856
54333  -40.678  -17.736  51.208 0.6666669846
54349  -40.409  -17.524  50.597 0.7777780294
52195  -39.329  -19.411  51.393 0.4444440007
54348  -39.867  -17.777  50.107 0.4444440007
53255  -39.543  -18.552  50.294 0.4444440007
53271  -39.258  -18.228  49.423 0.4444440007
52223  -38.989  -19.084  49.771 0.2222220004
54350  -40.919  -16.947  50.919 0.7777780294
141842  -28.756  -25.153  53.738 0.3333329856
45989  -27.874  -25.477  53.188 0.3333329856
54363  -40.324  -16.939  50.028 0.4444440007
54371  -39.111  -17.627  48.742 0.2222220004
45967  -29.580  -25.723  55.349 0.4444440007
46951  -28.307  -24.491  53.253 0.3333329856
49073  -27.441  -22.214  52.211 0.2222220004
55353  -39.905  -16.586  49.244 0.3333329856
144701  -28.419  -20.694  52.806 0.1111110002
54362  -39.657  -17.358  49.402 0.2222220004
125030  -39.514  -16.355  48.495 0.3333329856
144264  -39.083  -15.746  47.621 0.2222220004
58206  -37.488  -13.675  45.716 0.1111110002
59116  -38.066  -12.819  46.472 0.1111110002
59108  -38.728  -12.320  47.103 0.1111110002
62790  -40.015  -7.911  42.494 0.4444440007
63714  -39.831  -7.667  41.789 0.4444440007
59125  -36.786  -13.122  45.121 0.1111110002
62778  -39.743  -8.994  42.812 0.4444440007
59115  -37.435  -12.497  45.824 0.1111110002
59107  -38.196  -11.988  46.508 0.1111110002
61856  -39.423  -9.926  43.431 0.4444440007
60912  -38.717  -11.616  46.789 0.2222220004
60919  -37.553  -11.588  45.575 0.1111110002
126056  -38.257  -10.870  45.390 0.3333329856
72112  -57.580  1.219  31.627 0.6666669846
72120  -57.479  1.293  30.767 0.6666669846
72981  -58.296  2.624  30.635 0.6666669846
71182  -57.123  0.464  32.162 0.6666669846
71190  -57.141  0.639  31.193 0.6666669846
72980  -57.759  1.988  30.255 0.6666669846
70274  -56.366  -0.757  31.430 0.6666669846
71189  -56.730  -0.068  31.417 0.6666669846
71198  -57.061  0.733  30.425 0.6666669846
72989  -57.576  1.897  29.360 0.6666669846
72998  -58.377  3.366  28.668 0.6666669846
73906  -58.906  4.036  29.001 0.6666669846
133873  -59.432  4.762  27.950 0.6666669846
74759  -59.615  5.021  27.228 0.6666669846
65716  -49.287  -5.444  38.323 0.5555559993
144628  -51.013  -4.570  38.884 0.6666669846
65717  -49.865  -4.879  37.960 0.5555559993
66583  -50.628  -4.502  38.423 0.5555559993
72974  -59.327  3.214  32.412 0.6666669846
72105  -57.677  1.192  32.516 0.6666669846
129123  -58.491  2.476  31.507 0.6666669846
73891  -58.857  3.196  31.097 0.6666669846
75612  -60.139  5.717  26.966 0.6666669846
70282  -56.459  -0.504  30.630 0.6666669846
71197  -56.710  0.156  30.071 0.6666669846
72128  -57.022  1.188  29.202 0.6666669846
72137  -57.302  1.692  28.477 0.6666669846
72997  -57.806  2.495  28.642 0.6666669846
73007  -57.971  2.978  27.957 0.6666669846
73911  -58.500  3.592  27.642 0.6666669846
137270  -59.149  4.670  26.705 0.6666669846
74768  -59.557  5.280  26.394 0.6666669846
75620  -59.989  5.834  26.119 0.6666669846
75621  -60.621  6.277  26.672 0.6666669846
69412  -55.873  -1.266  30.935 0.6666669846
71205  -56.610  0.303  29.156 0.6666669846
72136  -56.773  0.931  28.383 0.6666669846
74758  -59.051  4.325  27.396 0.6666669846
69421  -54.555  -1.833  30.281 0.4444440007
70281  -55.936  -0.978  30.173 0.5555559993
70296  -56.003  -0.436  28.828 0.6666669846
132585  -56.933  1.488  27.564 0.6666669846
73006  -57.554  2.284  27.728 0.6666669846
66595  -49.612  -4.560  37.202 0.5555559993
72969  -59.252  2.821  33.003 0.6666669846
72113  -58.152  1.793  32.004 0.6666669846
72973  -58.767  2.434  32.409 0.6666669846
76567  -62.102  6.604  27.938 0.3333329856
76566  -61.847  6.702  27.696 0.5555559993
73917  -57.930  3.031  26.986 0.6666669846
73918  -58.568  4.013  26.607 0.6666669846
74767  -58.879  4.867  25.980 0.6666669846
76570  -60.415  6.192  25.896 0.6666669846
69429  -54.172  -1.687  29.456 0.4444440007
70287  -55.554  -1.094  29.414 0.5555559993
70295  -55.263  -0.868  28.579 0.5555559993
71212  -56.305  0.190  28.219 0.6666669846
139928  -56.492  0.749  27.693 0.6666669846
75619  -59.221  5.540  25.574 0.6666669846
76579  -59.146  5.947  24.752 0.6666669846
76580  -60.041  6.151  25.175 0.6666669846
68521  -52.306  -2.129  30.712 0.4444440007
69419  -52.583  -1.811  29.953 0.4444440007
132581  -55.067  -0.217  27.490 0.6666669846
71226  -55.709  0.843  26.617 0.6666669846
72150  -56.717  1.627  26.747 0.6666669846
69428  -53.274  -1.625  29.259 0.4444440007
69434  -53.899  -1.395  28.731 0.4444440007
70301  -54.353  -0.570  27.738 0.4444440007
71219  -55.846  0.323  27.398 0.6666669846
123908  -62.511  2.407  33.916 0.1111110002
70165  -58.891  0.161  44.260 0.3333329856
72093  -62.484  2.150  34.695 0.1111110002
141032  -62.447  2.947  34.525 0.1111110002
70214  -61.022  0.191  39.924 0.2222220004
71142  -61.666  0.479  38.849 0.2222220004
72941  -62.273  3.030  35.323 0.1111110002
72061  -61.933  0.944  38.148 0.2222220004
75585  -61.187  6.124  31.160 0.5555559993
67500  -49.567  -3.318  36.384 0.3333329856
76592  -60.605  6.331  24.757 0.5555559993
127180  -57.370  2.928  26.155 0.6666669846
75636  -59.603  5.883  25.350 0.6666669846
135748  -51.813  -1.786  30.491 0.4444440007
72149  -56.192  1.429  26.331 0.6666669846
137229  -57.925  3.585  26.124 0.6666669846
74783  -58.315  5.366  25.271 0.6666669846
69427  -52.516  -1.333  29.089 0.4444440007
69433  -53.099  -1.223  28.561 0.4444440007
70293  -53.694  -0.898  28.128 0.4444440007
71217  -54.295  -0.031  27.121 0.4444440007
71218  -55.065  0.341  26.837 0.6666669846
72038  -60.048  1.688  41.283 0.3333329856
71130  -60.741  1.018  40.326 0.2222220004
72060  -61.517  1.418  38.825 0.2222220004
72045  -60.189  1.923  40.709 0.3333329856
72054  -60.985  1.873  39.431 0.3333329856
72912  -61.298  2.519  38.186 0.2222220004
72906  -60.399  2.544  39.464 0.4444440007
73820  -60.847  2.844  38.169 0.3333329856
76591  -59.741  6.077  24.657 0.6666669846
73015  -56.694  2.180  26.071 0.6666669846
73025  -56.770  3.070  25.681 0.6666669846
73927  -57.262  3.909  25.517 0.6666669846
122080  -51.761  0.109  28.342 0.3333329856
70292  -52.936  -0.664  28.002 0.4444440007
71224  -54.257  0.577  26.424 0.4444440007
72148  -55.591  1.284  26.068 0.5555559993
73023  -55.347  2.537  25.478 0.6666669846
74781  -56.538  4.779  25.116 0.6666669846
74782  -57.432  5.078  25.158 0.6666669846
75635  -58.637  5.815  24.898 0.6666669846
76601  -59.109  6.008  24.261 0.5555559993
75665  -59.526  5.877  23.569 0.4444440007
73926  -56.198  3.829  25.364 0.6666669846
141491  -57.686  5.778  24.658 0.6666669846
75653  -58.154  6.090  24.325 0.6666669846
75691  -61.720  5.527  21.891 0.4444440007
123351  -53.906  3.792  25.467 0.4444440007
73925  -55.236  4.194  25.335 0.6666669846
74780  -55.604  4.758  25.162 0.6666669846
76602  -60.647  6.107  23.243 0.4444440007
75634  -56.779  5.529  24.653 0.6666669846
75664  -58.468  6.034  23.827 0.5555559993
75677  -60.121  5.734  22.591 0.4444440007
73924  -54.528  4.361  25.392 0.6666669846
75633  -55.932  5.226  24.827 0.6666669846
75652  -57.086  6.111  24.147 0.6666669846
125168  -57.671  6.187  23.935 0.5555559993
75676  -58.942  5.676  23.123 0.5555559993
74829  -59.340  5.392  22.353 0.4444440007
74840  -61.449  5.270  21.286 0.4444440007
74779  -54.719  4.905  25.244 0.6666669846
75631  -54.652  5.184  24.958 0.6666669846
75651  -56.181  5.687  24.303 0.6666669846
75663  -57.158  5.988  23.751 0.5555559993
74827  -57.378  5.301  23.009 0.5555559993
74828  -58.406  5.309  22.650 0.5555559993
73948  -55.688  4.331  23.141 0.5555559993
73958  -57.068  4.308  22.443 0.5555559993
123449  -54.012  4.833  25.326 0.5555559993
126855  -53.136  4.649  25.371 0.4444440007
74778  -53.661  5.093  25.142 0.6666669846
75649  -54.716  5.355  24.398 0.5555559993
74813  -55.982  5.395  23.619 0.5555559993
74826  -56.535  4.844  23.082 0.5555559993
74776  -51.218  4.540  25.503 0.5555559993
122237  -53.038  4.939  25.165 0.5555559993
74797  -53.410  5.105  24.865 0.5555559993
74812  -55.132  5.165  23.742 0.5555559993
74775  -50.421  4.640  25.717 0.4444440007
74795  -51.445  4.748  24.982 0.5555559993
74796  -52.435  4.862  24.957 0.5555559993
74794  -50.621  4.803  25.050 0.4444440007
74808  -50.765  4.808  24.208 0.3333329856
130523  -50.350  5.335  23.530 0.4444440007
75646  -49.344  5.729  24.704 0.4444440007
124867  -50.061  5.226  24.393 0.4444440007
76590  -48.825  6.430  24.858 0.3333329856
75660  -49.718  5.837  23.774 0.3333329856
76600  -49.747  6.587  23.336 0.2222220004
49078  -36.398  -22.231  52.626 0.5555559993
75603  -62.265  6.050  30.127 0.4444440007
75607  -60.066  5.548  27.964 0.6666669846
76553  -61.681  6.614  29.243 0.4444440007
74744  -59.910  5.387  29.713 0.6666669846
76554  -61.988  6.569  29.302 0.5555559993
74746  -62.417  5.421  30.493 0.3333329856
73900  -59.210  4.316  29.783 0.6666669846
128102  -59.796  3.911  32.473 0.5555559993
73879  -60.378  4.473  32.974 0.6666669846
72990  -58.124  2.777  29.616 0.6666669846
73899  -58.712  3.407  30.223 0.6666669846
41134  -13.487  -30.753  63.325 0.3333329856
137110  -22.340  -26.524  58.363 0.3333329856
45966  -29.146  -25.710  54.394 0.3333329856
45087  -28.935  -26.466  55.013 0.3333329856
46942  -28.845  -24.289  53.939 0.3333329856
54319  -41.725  -17.448  52.216 0.8888890147
61840  -39.615  -10.020  44.383 0.4444440007
62764  -40.005  -9.141  43.838 0.4444440007
62779  -40.329  -8.180  43.373 0.4444440007
140394  -49.999  -5.142  38.776 0.6666669846
70182  -60.393  -0.113  42.414 0.2222220004
144102  -60.491  -0.202  41.817 0.2222220004
72039  -60.358  1.460  40.929 0.3333329856
71122  -60.537  0.714  41.138 0.2222220004
70197  -60.601  -0.198  41.163 0.2222220004
73812  -60.219  2.822  38.992 0.5555559993
69420  -53.572  -1.921  30.047 0.4444440007
139566  -55.212  -1.726  30.799 0.4444440007
73813  -60.539  2.714  38.766 0.5555559993
72085  -62.395  1.939  35.523 0.1111110002
132494  -59.752  3.631  33.202 0.6666669846
74732  -60.710  5.465  31.790 0.5555559993
73867  -62.168  3.776  34.607 0.2222220004
68455  -50.538  -3.158  37.240 0.5555559993
145142  -9.872  -33.355  64.313 0.3333329856
44082  -15.695  -28.705  62.096 0.4444440007
48042  -28.094  -23.575  53.232 0.1111110002
125530  -27.698  -23.058  52.644 0.1111110002
122788  -37.592  -11.125  45.254 0.1111110002
72899  -60.218  2.299  40.243 0.4444440007
35031  -7.345  -35.539  66.285 0.2222220004
39088  -6.905  -33.670  65.203 0.4444440007
122733  -5.788  -34.220  64.476 0.2222220004
38067  -5.557  -34.043  64.132 0.2222220004
37041  -5.204  -33.835  63.760 0.2222220004
40119  -6.106  -32.393  63.821 0.2222220004
39137  -6.708  -32.410  63.612 0.2222220004
129476  -5.186  -32.331  63.056 0.2222220004
39141  -10.674  -32.602  63.267 0.1111110002
41129  -6.132  -30.694  62.759 0.1111110002
40163  -10.341  -31.833  61.898 0.1111110002
41147  -11.491  -31.174  61.429 0.1111110002
41133  -12.767  -31.141  62.888 0.3333329856
40178  -10.733  -31.279  61.347 0.1111110002
42118  -14.339  -29.824  62.144 0.5555559993
43139  -15.038  -28.574  60.610 0.2222220004
44129  -14.315  -27.535  59.667 0.1111110002
45028  -17.281  -26.529  59.577 0.3333329856
45917  -17.557  -25.997  58.994 0.3333329856
45944  -20.382  -25.476  57.080 0.2222220004
45934  -20.894  -26.028  57.739 0.3333329856
45060  -21.732  -26.177  57.620 0.3333329856
50095  -39.264  -21.287  54.804 0.6666669846
52156  -40.513  -19.575  54.145 0.7777780294
50094  -38.714  -21.625  54.570 0.6666669846
122272  -39.227  -20.485  53.542 0.7777780294
53256  -40.120  -18.143  50.790 0.6666669846
50129  -36.500  -21.552  51.167 0.4444440007
45092  -26.561  -26.276  54.244 0.3333329856
121540  -39.425  -16.992  48.801 0.2222220004
60005  -38.126  -11.619  46.195 0.1111110002
143370  -38.980  -10.382  43.471 0.4444440007
140284  -56.809  0.203  30.755 0.6666669846
72129  -57.331  1.304  29.964 0.6666669846
73884  -58.970  2.989  31.812 0.6666669846
71206  -56.934  0.755  29.760 0.6666669846
130577  -58.646  3.565  29.458 0.6666669846
74752  -58.967  4.119  28.254 0.6666669846
74753  -59.511  4.851  28.812 0.6666669846
75608  -60.771  6.337  28.312 0.6666669846
65728  -49.188  -5.262  37.484 0.4444440007
66607  -49.907  -3.716  36.954 0.4444440007
73886  -60.189  4.626  32.176 0.6666669846
73892  -59.297  4.042  30.769 0.6666669846
75613  -60.677  6.281  27.483 0.6666669846
69422  -55.400  -1.501  30.185 0.5555559993
70288  -56.292  -0.482  29.694 0.6666669846
136152  -61.299  6.562  27.144 0.6666669846
69430  -54.929  -1.590  29.631 0.4444440007
73016  -57.254  2.207  26.861 0.6666669846
66606  -49.358  -4.203  36.554 0.3333329856
76572  -62.076  6.546  27.194 0.3333329856
76560  -61.962  6.716  28.532 0.3333329856
76559  -61.544  6.650  28.450 0.5555559993
73928  -58.132  4.440  25.686 0.6666669846
69435  -54.748  -1.374  28.979 0.5555559993
142197  -54.990  -0.651  28.012 0.6666669846
70294  -54.492  -0.993  28.349 0.4444440007
71225  -55.045  0.881  26.162 0.4444440007
70300  -53.533  -0.358  27.498 0.4444440007
71136  -61.205  0.950  39.527 0.2222220004
146412  -61.408  0.092  39.367 0.2222220004
130120  -60.736  0.247  40.572 0.2222220004
71143  -61.987  -0.087  38.216 0.2222220004
70223  -61.637  -0.450  38.887 0.2222220004
72067  -61.742  1.898  38.156 0.2222220004
75596  -61.740  6.274  30.790 0.5555559993
146622  -61.656  6.064  31.437 0.5555559993
74739  -59.797  5.005  30.524 0.6666669846
134853  -60.389  5.536  31.072 0.6666669846
74740  -60.482  5.903  30.414 0.6666669846
75580  -61.523  5.800  31.997 0.5555559993
72156  -55.887  1.878  25.766 0.5555559993
124284  -52.555  -0.900  28.515 0.4444440007
70291  -52.304  -0.341  28.115 0.4444440007
70299  -52.675  0.062  27.359 0.4444440007
71216  -53.488  0.245  26.842 0.4444440007
72046  -60.540  1.857  40.199 0.3333329856
144747  -60.853  1.463  39.870 0.2222220004
141788  -61.288  2.094  38.734 0.2222220004
72907  -60.858  2.431  38.999 0.3333329856
73024  -56.129  2.734  25.564 0.5555559993
70286  -51.979  -0.664  28.926 0.2222220004
72155  -55.018  1.614  25.674 0.4444440007
125358  -54.850  3.460  25.403 0.5555559993
75690  -60.969  5.637  21.910 0.4444440007
75675  -57.955  5.821  23.452 0.5555559993
75632  -55.238  5.093  25.007 0.6666669846
75662  -56.420  5.877  23.936 0.5555559993
126738  -54.168  5.134  25.149 0.6666669846
75630  -54.085  5.273  24.930 0.5555559993
75650  -55.380  5.343  24.579 0.6666669846
75661  -55.598  5.628  24.038 0.6666669846
74777  -52.216  4.663  25.313 0.5555559993
75648  -54.041  5.185  24.527 0.5555559993
74809  -52.637  4.544  24.243 0.5555559993
74811  -54.305  4.975  23.892 0.5555559993
77489  -49.029  7.149  24.443 0.3333329856
76549  -61.784  6.485  29.911 0.5555559993
75597  -62.070  6.045  30.832 0.3333329856
75601  -60.270  5.842  28.954 0.6666669846
76555  -62.223  6.258  29.445 0.2222220004
75595  -61.278  6.403  30.085 0.6666669846
74731  -59.904  4.752  31.351 0.6666669846
39042  -12.385  -32.017  71.667 0.3333329856
39043  -12.968  -31.672  71.763 0.3333329856
39048  -13.085  -32.176  71.376 0.2222220004
39047  -12.620  -32.398  71.440 0.2222220004
39049  -13.632  -31.238  71.653 0.2222220004
40040  -17.045  -30.333  71.012 0.1111110002
125633  -13.220  -30.471  71.967 0.4444440007
124917  -16.773  -29.624  71.488 0.3333329856
42043  -17.352  -29.281  71.442 0.3333329856
41071  -18.165  -30.216  70.912 0.2222220004
41060  -17.748  -29.689  71.314 0.2222220004
35059  -32.752  -35.776  65.016 0.2222220004
36055  -33.480  -35.267  65.386 0.2222220004
37039  -34.379  -34.606  65.376 0.2222220004
36061  -34.326  -35.162  64.614 0.1111110002
37050  -34.930  -34.779  64.665 0.2222220004
37027  -33.487  -34.557  66.030 0.3333329856
38063  -34.726  -33.738  65.658 0.2222220004
135553  -34.303  -32.497  66.419 0.2222220004
40113  -34.699  -31.259  66.634 0.2222220004
40100  -34.580  -30.481  66.842 0.2222220004
40099  -34.113  -31.015  67.056 0.3333329856
39102  -35.369  -31.531  66.182 0.2222220004
39085  -34.117  -31.805  66.706 0.2222220004
40114  -35.213  -30.773  66.468 0.2222220004
42077  -34.988  -29.301  66.581 0.2222220004
38053  -34.150  -33.237  66.253 0.3333329856
38054  -34.847  -32.859  65.913 0.2222220004
128282  -33.942  -25.076  68.983 0.3333329856
46767  -34.350  -24.331  68.946 0.2222220004
47811  -32.465  -23.741  67.674 0.3333329856
47812  -32.961  -23.294  67.933 0.3333329856
47810  -31.922  -24.013  67.190 0.3333329856
47823  -32.101  -23.631  66.672 0.3333329856
41097  -34.066  -30.126  67.217 0.2222220004
41091  -34.155  -29.490  67.351 0.2222220004
42071  -34.656  -28.815  66.932 0.2222220004
43051  -34.679  -28.184  66.946 0.2222220004
40098  -33.570  -31.051  66.729 0.3333329856
41096  -33.632  -30.274  67.088 0.3333329856
42064  -33.849  -28.980  67.542 0.3333329856
42065  -34.320  -28.987  67.320 0.2222220004
42066  -34.341  -28.364  67.340 0.2222220004
43993  -34.378  -27.640  67.314 0.2222220004
41089  -33.439  -29.697  67.188 0.3333329856
42063  -33.397  -28.964  67.381 0.3333329856
43990  -32.851  -27.272  67.809 0.3333329856
43971  -33.121  -26.796  68.094 0.3333329856
44912  -33.477  -26.269  68.332 0.3333329856
42070  -33.107  -29.369  67.039 0.5555559993
143605  -32.678  -28.166  67.196 0.3333329856
43035  -32.672  -27.686  67.432 0.3333329856
44919  -32.046  -26.009  67.724 0.3333329856
45841  -32.506  -25.617  68.276 0.3333329856
42076  -32.943  -29.363  66.756 0.5555559993
43063  -32.692  -28.644  66.933 0.6666669846
44009  -32.082  -26.971  67.084 0.3333329856
45849  -31.587  -25.403  67.331 0.3333329856
46779  -32.202  -24.336  67.792 0.3333329856
44026  -31.960  -27.214  66.513 0.5555559993
45856  -31.341  -25.630  66.833 0.3333329856
46796  -31.505  -24.464  66.845 0.3333329856
46813  -31.334  -24.596  66.307 0.3333329856
47836  -31.769  -23.865  65.859 0.4444440007
44933  -31.589  -26.371  66.799 0.4444440007
45862  -31.137  -25.454  65.626 0.5555559993
51041  -40.662  -20.568  57.374 0.7777780294
51052  -40.160  -21.063  56.886 0.7777780294
41061  -18.697  -29.651  71.151 0.2222220004
42044  -18.305  -29.291  71.313 0.2222220004
43003  -18.870  -29.021  71.170 0.2222220004
40033  -13.417  -30.844  71.936 0.3333329856
42039  -13.848  -29.764  71.888 0.4444440007
43000  -15.227  -28.994  71.754 0.3333329856
128793  -16.428  -29.226  71.647 0.3333329856
42042  -15.633  -29.197  71.930 0.3333329856
126001  -32.624  -35.655  65.749 0.3333329856
38052  -33.595  -32.486  66.525 0.4444440007
41095  -33.406  -30.217  66.915 0.3333329856
138568  -32.519  -23.417  67.362 0.3333329856
51040  -40.103  -21.112  57.788 0.7777780294
43010  -17.395  -28.737  71.075 0.4444440007
43001  -16.963  -29.032  71.392 0.3333329856
37028  -34.041  -34.000  66.012 0.2222220004
39101  -34.867  -32.063  66.350 0.2222220004
41098  -34.513  -29.803  67.026 0.2222220004
39116  -35.553  -32.384  65.703 0.2222220004
41104  -35.495  -30.411  66.189 0.2222220004
41103  -35.041  -29.982  66.636 0.2222220004
46780  -32.697  -24.724  68.396 0.3333329856
46781  -33.236  -24.149  68.552 0.2222220004
44913  -33.777  -26.541  68.018 0.3333329856
41090  -33.724  -29.595  67.359 0.3333329856
43038  -33.946  -28.436  67.614 0.3333329856
43973  -33.704  -27.318  67.726 0.2222220004
44926  -31.622  -25.988  67.264 0.3333329856
35019  -10.253  -35.832  68.498 0.1111110002
145396  -10.219  -35.243  68.919 0.2222220004
36019  -10.781  -35.426  69.086 0.2222220004
135680  -12.629  -34.323  70.005 0.1111110002
36985  -12.717  -33.684  70.305 0.1111110002
36984  -12.198  -33.550  70.628 0.1111110002
38010  -12.395  -32.970  71.014 0.1111110002
41062  -19.600  -29.629  70.948 0.1111110002
41063  -20.526  -29.672  70.679 0.1111110002
45053  -25.307  -26.839  58.666 0.3333329856
42045  -19.199  -29.288  71.159 0.1111110002
40043  -14.334  -31.279  70.771 0.1111110002
42046  -20.050  -29.291  70.942 0.1111110002
128808  -15.348  -31.190  70.110 0.1111110002
144681  -16.069  -30.697  70.791 0.1111110002
43004  -19.694  -29.054  71.022 0.2222220004
43013  -20.174  -28.748  70.705 0.2222220004
38012  -13.158  -33.462  70.252 0.1111110002
38016  -13.288  -32.710  70.700 0.1111110002
40034  -14.028  -30.519  72.037 0.1111110002
40039  -15.242  -30.626  71.112 0.1111110002
42038  -14.743  -29.691  72.088 0.1111110002
41058  -15.262  -30.055  71.829 0.2222220004
141036  -16.074  -30.116  71.398 0.2222220004
43012  -19.406  -28.713  70.861 0.3333329856
64748  -47.941  -5.986  37.431 0.2222220004
141127  -50.697  -2.331  36.791 0.4444440007
73947  -54.759  4.242  23.355 0.5555559993
74848  -60.978  4.857  20.797 0.3333329856
73983  -60.301  4.046  20.475 0.3333329856
73920  -61.735  4.550  26.208 0.2222220004
74785  -62.206  5.628  24.708 0.3333329856
126565  -56.367  3.997  22.632 0.4444440007
73053  -55.785  3.288  22.357 0.4444440007
128968  -58.307  3.993  21.563 0.3333329856
137304  -55.408  2.712  21.717 0.2222220004
73065  -57.063  2.720  21.202 0.2222220004
73066  -58.086  3.133  21.121 0.3333329856
75623  -62.301  6.224  26.821 0.2222220004
75622  -62.308  5.891  26.265 0.2222220004
76571  -61.153  6.466  26.374 0.4444440007
123264  -62.185  5.438  25.661 0.2222220004
125428  -60.121  6.029  24.118 0.3333329856
74838  -59.029  4.752  21.787 0.3333329856
74839  -60.271  5.258  21.660 0.3333329856
136123  -61.760  6.569  26.838 0.3333329856
75638  -62.058  6.367  26.445 0.3333329856
76582  -61.644  6.388  25.983 0.3333329856
76581  -60.908  6.412  25.548 0.4444440007
76593  -61.518  6.347  25.000 0.4444440007
75637  -62.077  6.149  25.450 0.4444440007
75654  -61.975  6.080  24.334 0.4444440007
74799  -62.196  5.644  23.786 0.3333329856
76603  -61.316  6.250  23.941 0.4444440007
75666  -61.966  6.010  23.387 0.3333329856
76610  -61.501  6.141  23.067 0.3333329856
74816  -62.150  5.499  22.921 0.3333329856
75678  -61.190  5.919  22.483 0.3333329856
75679  -61.870  5.764  22.608 0.3333329856
36989  -11.284  -34.125  70.191 0.2222220004
41051  -13.992  -30.114  72.117 0.2222220004
36007  -12.040  -34.342  70.228 0.1111110002
131112  -12.007  -33.035  71.103 0.1111110002
41066  -22.762  -29.480  70.519 0.2222220004
45052  -24.345  -26.650  58.187 0.4444440007
41053  -15.188  -29.596  72.039 0.2222220004
65715  -48.616  -5.787  37.835 0.3333329856
125575  -50.116  -2.789  36.663 0.4444440007
74849  -61.971  4.888  20.491 0.3333329856
73959  -57.924  4.627  22.154 0.4444440007
65727  -48.496  -5.564  37.038 0.2222220004
39052  -13.573  -31.916  70.971 0.1111110002
41072  -19.095  -30.132  70.759 0.1111110002
40038  -14.489  -30.550  71.671 0.1111110002
40045  -18.619  -30.663  70.299 0.1111110002
73973  -59.954  4.580  21.166 0.3333329856
73972  -59.132  3.726  21.021 0.3333329856
73052  -54.930  2.928  22.240 0.4444440007
73970  -56.675  3.373  22.031 0.4444440007
73971  -57.509  3.680  21.751 0.3333329856
44110  -41.653  -27.775  61.452 0.1111110002
129238  -41.642  -29.041  61.478 0.1111110002
46845  -39.539  -24.432  64.602 0.1111110002
44966  -38.058  -25.957  63.231 0.1111110002
45876  -38.738  -25.440  63.462 0.1111110002
45877  -40.421  -25.090  63.119 0.1111110002
43119  -38.970  -28.857  61.578 0.1111110002
44094  -37.788  -27.478  62.303 0.1111110002
44996  -40.581  -27.238  61.547 0.1111110002
44981  -40.713  -26.373  61.793 0.1111110002
41159  -37.881  -30.148  62.116 0.1111110002
42123  -38.906  -29.731  61.610 0.1111110002
42135  -39.885  -29.247  61.463 0.1111110002
43130  -40.693  -28.717  61.468 0.1111110002
40185  -40.292  -31.910  61.481 0.1111110002
41175  -40.812  -31.080  61.522 0.1111110002
41176  -41.913  -30.501  61.392 0.1111110002
127843  -40.731  -32.686  60.776 0.1111110002
40192  -42.490  -31.677  60.543 0.1111110002
46817  -38.926  -23.681  65.941 0.1111110002
45864  -38.139  -24.952  65.048 0.1111110002
46844  -38.999  -24.542  64.979 0.1111110002
44965  -37.380  -26.681  63.049 0.1111110002
44952  -36.406  -26.633  64.376 0.1111110002
38077  -36.524  -33.411  64.047 0.1111110002
42122  -37.358  -29.317  62.420 0.1111110002
43107  -36.323  -28.424  63.562 0.1111110002
44941  -36.151  -26.516  65.341 0.1111110002
39135  -37.135  -32.788  63.680 0.1111110002
40157  -37.227  -31.957  63.588 0.1111110002
141557  -37.442  -30.844  62.795 0.1111110002
121915  -35.930  -29.223  65.052 0.1111110002
38105  -39.282  -33.099  61.132 0.1111110002
39177  -40.075  -32.814  60.778 0.1111110002
39192  -40.735  -32.375  60.421 0.1111110002
49956  -38.221  -21.504  67.662 0.1111110002
48871  -38.789  -21.745  67.235 0.1111110002
47814  -37.811  -22.792  67.557 0.1111110002
46816  -38.224  -23.980  66.273 0.1111110002
46815  -37.384  -24.270  66.780 0.1111110002
45851  -35.881  -25.291  67.134 0.1111110002
37040  -35.230  -34.206  65.039 0.1111110002
38076  -35.878  -33.790  64.647 0.1111110002
131588  -35.195  -28.430  66.262 0.1111110002
44934  -35.270  -26.895  66.481 0.1111110002
145844  -36.016  -32.290  65.407 0.1111110002
40115  -35.621  -31.075  65.982 0.1111110002
41125  -36.296  -30.795  65.144 0.1111110002
42087  -35.685  -29.520  65.685 0.1111110002
50901  -37.752  -20.740  67.683 0.1111110002
48862  -37.440  -21.332  68.073 0.1111110002
47813  -37.134  -22.711  68.304 0.1111110002
46798  -36.563  -24.331  67.636 0.1111110002
48861  -36.967  -21.966  68.722 0.1111110002
47796  -35.569  -22.840  68.994 0.1111110002
47805  -36.284  -22.688  69.001 0.1111110002
44927  -35.124  -26.249  66.940 0.1111110002
45842  -35.107  -25.010  68.513 0.1111110002
134176  -34.352  -25.907  68.090 0.1111110002
50907  -37.075  -20.789  67.534 0.1111110002
126294  -36.810  -21.501  68.691 0.2222220004
123764  -36.256  -21.852  69.069 0.2222220004
48857  -33.921  -22.898  68.169 0.2222220004
51141  -37.927  -20.294  49.760 0.2222220004
49954  -35.574  -21.699  68.488 0.2222220004
49955  -36.320  -21.240  67.964 0.2222220004
36034  -27.906  -35.235  67.323 0.2222220004
36042  -28.031  -35.752  66.687 0.2222220004
47793  -33.864  -23.909  68.749 0.1111110002
47795  -35.094  -23.526  68.865 0.1111110002
50151  -36.954  -21.110  50.529 0.2222220004
51130  -37.789  -20.732  50.717 0.2222220004
37051  -35.466  -34.483  64.307 0.1111110002
42078  -35.415  -29.771  66.241 0.1111110002
43064  -34.903  -28.672  66.614 0.1111110002
43065  -35.296  -29.118  66.240 0.1111110002
38064  -35.464  -33.336  65.331 0.1111110002
44010  -34.778  -27.317  66.881 0.1111110002
129848  -34.547  -26.645  67.344 0.1111110002
145376  -35.797  -30.749  65.755 0.1111110002
44109  -41.051  -27.942  61.496 0.1111110002
42137  -41.215  -29.519  61.467 0.1111110002
46830  -38.618  -24.311  65.592 0.1111110002
45869  -39.026  -24.929  64.229 0.1111110002
45870  -39.911  -24.654  63.913 0.1111110002
44967  -39.003  -25.888  62.500 0.1111110002
45868  -38.026  -25.454  64.085 0.1111110002
142069  -38.194  -26.518  62.557 0.1111110002
44979  -38.883  -26.851  61.831 0.1111110002
45885  -40.103  -25.724  62.423 0.1111110002
121165  -39.574  -25.236  63.288 0.1111110002
142499  -38.160  -29.337  61.845 0.1111110002
44095  -38.890  -27.906  61.625 0.1111110002
43118  -37.950  -28.550  61.961 0.1111110002
44096  -39.811  -27.469  61.546 0.1111110002
123987  -37.037  -30.078  62.971 0.1111110002
125256  -38.178  -31.049  62.177 0.1111110002
40184  -39.419  -31.894  61.674 0.1111110002
41174  -40.056  -31.083  61.609 0.1111110002
124989  -39.780  -30.215  61.547 0.1111110002
131485  -40.677  -30.279  61.495 0.1111110002
39165  -41.286  -32.403  61.040 0.1111110002
39158  -39.611  -32.664  61.345 0.1111110002
140446  -41.373  -31.071  61.443 0.1111110002
39166  -41.804  -32.111  60.673 0.1111110002
144814  -42.884  -31.192  60.657 0.1111110002
40208  -43.494  -31.548  59.533 0.1111110002
144047  -38.533  -23.441  66.454 0.1111110002
44953  -37.094  -25.710  64.845 0.1111110002
45863  -37.258  -25.224  65.621 0.1111110002
133407  -37.212  -26.128  63.809 0.1111110002
44964  -36.680  -26.849  63.580 0.1111110002
44078  -36.736  -27.528  63.075 0.1111110002
144368  -36.866  -25.396  65.984 0.1111110002
127831  -36.579  -32.656  64.476 0.1111110002
42114  -36.633  -29.268  63.245 0.1111110002
43108  -36.954  -28.413  62.636 0.1111110002
43095  -35.917  -28.490  64.552 0.1111110002
42113  -36.247  -29.259  64.254 0.1111110002
44077  -36.150  -27.557  63.945 0.1111110002
44935  -35.932  -26.346  66.076 0.1111110002
44061  -35.777  -27.560  64.933 0.1111110002
39149  -37.639  -33.132  62.731 0.1111110002
39134  -36.757  -32.070  64.358 0.1111110002
146000  -37.211  -31.318  63.401 0.1111110002
135612  -37.555  -32.472  62.986 0.1111110002
40143  -36.816  -31.277  64.241 0.1111110002
40173  -37.709  -31.750  62.731 0.1111110002
41142  -36.971  -30.682  63.660 0.1111110002
42100  -36.656  -29.975  63.976 0.1111110002
43082  -35.574  -28.622  65.574 0.1111110002
126787  -36.219  -29.935  64.952 0.1111110002
38121  -39.371  -33.081  60.964 0.1111110002
39157  -38.888  -32.493  61.792 0.1111110002
38094  -38.722  -33.078  61.630 0.1111110002
38104  -38.686  -33.282  61.288 0.1111110002
48869  -37.663  -22.003  68.090 0.1111110002
48870  -38.324  -22.174  67.424 0.1111110002
46800  -37.944  -23.490  66.903 0.1111110002
46799  -37.282  -23.537  67.612 0.1111110002
46829  -37.792  -24.626  65.930 0.1111110002
46814  -36.664  -24.863  66.824 0.1111110002
45858  -37.059  -24.980  66.238 0.1111110002
45843  -35.745  -24.754  68.052 0.1111110002
143768  -35.700  -26.027  66.583 0.1111110002
45857  -36.406  -25.516  66.353 0.1111110002
38065  -36.153  -32.900  65.045 0.1111110002
44028  -35.456  -27.505  65.915 0.1111110002
44027  -34.991  -27.894  66.578 0.1111110002
39117  -36.310  -32.103  65.115 0.1111110002
40129  -36.057  -31.337  65.491 0.1111110002
40142  -36.458  -31.534  64.906 0.1111110002
41126  -36.612  -30.531  64.424 0.1111110002
41112  -35.779  -30.193  65.723 0.1111110002
50900  -37.119  -21.059  68.190 0.1111110002
46783  -36.631  -23.468  68.358 0.1111110002
144870  -36.218  -23.446  68.781 0.1111110002
138323  -35.594  -24.343  68.650 0.1111110002
45850  -35.096  -25.610  67.663 0.1111110002
35054  -28.706  -36.598  65.735 0.1111110002
35069  -29.388  -36.835  65.439 0.1111110002
35045  -29.537  -36.436  66.372 0.1111110002
35071  -30.942  -36.799  64.822 0.1111110002
61868  -38.677  -9.887  42.126 0.2222220004
61882  -38.175  -9.495  41.224 0.2222220004
61898  -38.060  -8.870  40.730 0.2222220004
62804  -38.716  -8.606  41.076 0.2222220004
62805  -39.365  -7.851  41.180 0.2222220004
60927  -38.108  -10.832  44.493 0.2222220004
60939  -39.001  -10.507  44.019 0.3333329856
60950  -38.141  -10.521  42.707 0.1111110002
61855  -38.887  -10.269  42.955 0.2222220004
60964  -37.766  -10.255  41.809 0.2222220004
65471  -47.480  -5.488  57.063 0.1111110002
66404  -47.776  -4.568  55.925 0.1111110002
126739  -47.080  -4.108  54.278 0.1111110002
65588  -58.065  -6.043  47.218 0.3333329856
67465  -37.549  -3.718  38.459 0.1111110002
138580  -38.948  -5.085  37.841 0.1111110002
65714  -40.008  -6.308  38.270 0.1111110002
64730  -41.481  -6.740  38.456 0.1111110002
67327  -48.681  -2.950  51.933 0.1111110002
121192  -56.541  -5.910  46.964 0.3333329856
70155  -37.476  -0.704  43.418 0.1111110002
68383  -36.759  -1.959  42.919 0.1111110002
69274  -36.929  -1.435  43.562 0.1111110002
67435  -36.198  -3.072  40.439 0.1111110002
67450  -36.631  -3.084  39.535 0.1111110002
66582  -38.146  -4.567  38.167 0.1111110002
64740  -40.756  -6.429  38.135 0.1111110002
64731  -42.444  -6.849  38.303 0.1111110002
64719  -44.867  -6.673  38.823 0.2222220004
69287  -37.292  -1.264  42.750 0.1111110002
68400  -36.955  -1.641  41.983 0.1111110002
145763  -37.414  -1.265  40.704 0.1111110002
68423  -37.367  -2.361  39.347 0.1111110002
69336  -39.067  -1.745  38.637 0.1111110002
68437  -38.231  -2.116  38.901 0.1111110002
67480  -39.175  -3.172  37.703 0.1111110002
67466  -38.682  -2.568  38.231 0.1111110002
66591  -40.132  -4.742  37.270 0.1111110002
64741  -41.276  -6.442  37.769 0.1111110002
64732  -43.326  -6.787  38.176 0.1111110002
68438  -39.550  -2.199  37.960 0.1111110002
64742  -42.010  -6.580  37.496 0.1111110002
123685  -42.819  -6.745  37.596 0.1111110002
64753  -42.826  -6.441  36.897 0.1111110002
64743  -43.536  -6.694  37.321 0.1111110002
70189  -38.976  -0.295  41.640 0.1111110002
70173  -38.639  -0.112  42.338 0.1111110002
142568  -39.262  -0.611  41.153 0.1111110002
69314  -38.046  -0.911  40.464 0.1111110002
140261  -38.592  -1.482  39.319 0.1111110002
128085  -38.119  -1.253  39.813 0.1111110002
67481  -40.427  -3.677  37.068 0.1111110002
124861  -40.787  -4.422  36.885 0.1111110002
65725  -42.112  -5.921  36.663 0.1111110002
64744  -44.429  -6.650  37.170 0.1111110002
64745  -45.298  -6.566  37.156 0.1111110002
64735  -46.442  -6.518  38.043 0.1111110002
68439  -40.503  -2.028  37.956 0.1111110002
66592  -41.509  -4.875  36.671 0.1111110002
138046  -42.148  -3.868  36.512 0.1111110002
65732  -42.902  -5.890  36.282 0.1111110002
64755  -44.782  -6.365  36.474 0.1111110002
64746  -46.192  -6.419  37.271 0.1111110002
66603  -43.273  -4.665  35.996 0.1111110002
65734  -44.484  -5.685  35.932 0.1111110002
65735  -45.902  -5.795  36.056 0.1111110002
64758  -47.067  -5.867  36.508 0.1111110002
65751  -45.386  -5.367  35.743 0.1111110002
65753  -46.960  -5.170  35.475 0.1111110002
65737  -47.386  -5.489  36.074 0.1111110002
66605  -48.779  -4.477  36.103 0.1111110002
66619  -45.720  -4.585  35.344 0.1111110002
66620  -46.515  -4.548  35.141 0.1111110002
66621  -47.348  -4.521  35.265 0.1111110002
67512  -47.858  -3.759  35.180 0.1111110002
129106  -49.158  -2.950  35.845 0.2222220004
142633  -48.487  -2.698  35.222 0.1111110002
68463  -49.744  -2.319  36.149 0.2222220004
142623  -42.208  -3.018  37.067 0.1111110002
66594  -42.831  -4.011  36.337 0.1111110002
65750  -44.908  -4.721  35.723 0.1111110002
67509  -45.310  -3.821  35.420 0.1111110002
124327  -46.058  -3.655  34.946 0.1111110002
67511  -46.980  -3.802  34.891 0.1111110002
67520  -46.672  -2.965  34.680 0.1111110002
67521  -47.533  -2.971  34.846 0.1111110002
68479  -48.903  -1.873  34.870 0.1111110002
69363  -49.709  -1.766  35.228 0.2222220004
69364  -50.395  -1.867  35.581 0.3333329856
68478  -48.000  -2.169  34.608 0.1111110002
69377  -49.311  -1.672  34.450 0.3333329856
69378  -50.085  -1.711  34.806 0.3333329856
68480  -50.598  -2.025  34.179 0.3333329856
67482  -42.899  -3.169  36.963 0.1111110002
67483  -43.610  -3.476  36.616 0.1111110002
67497  -43.872  -4.100  36.081 0.1111110002
67498  -44.529  -3.948  35.851 0.1111110002
67510  -45.562  -2.900  35.110 0.1111110002
67519  -45.993  -2.736  34.762 0.1111110002
68476  -46.445  -2.028  34.552 0.1111110002
69393  -49.058  -1.501  33.571 0.2222220004
69394  -49.786  -1.745  33.878 0.3333329856
124818  -47.304  -1.633  34.212 0.1111110002
69376  -48.374  -1.564  34.116 0.1111110002
67484  -44.247  -3.494  36.556 0.1111110002
67499  -44.826  -3.289  36.293 0.1111110002
68462  -45.203  -2.380  35.989 0.1111110002
69362  -45.420  -1.407  35.645 0.1111110002
122165  -45.193  -3.119  35.703 0.1111110002
68467  -45.432  -2.139  35.353 0.1111110002
69374  -45.471  -1.253  35.032 0.1111110002
68475  -45.672  -2.034  34.858 0.1111110002
143501  -46.581  -1.389  34.323 0.1111110002
68494  -49.639  -1.881  32.769 0.2222220004
137549  -51.803  -2.718  32.855 0.3333329856
70249  -46.742  -0.830  34.016 0.1111110002
70258  -47.229  -0.366  33.361 0.1111110002
69400  -48.653  -1.012  32.342 0.1111110002
69401  -49.318  -1.507  32.272 0.2222220004
68513  -50.773  -2.149  31.723 0.2222220004
70266  -48.135  -0.208  32.318 0.1111110002
70272  -48.949  -0.295  31.742 0.1111110002
143684  -51.365  -2.416  31.859 0.3333329856
70273  -49.773  -0.653  31.425 0.1111110002
69409  -50.315  -1.355  31.371 0.2222220004
69417  -50.905  -1.101  30.839 0.2222220004
69426  -51.932  -1.308  29.720 0.2222220004
146388  -45.327  -3.270  38.117 0.1111110002
67485  -44.876  -3.172  37.236 0.1111110002
136592  -44.559  -3.152  37.766 0.1111110002
69345  -45.547  -1.665  36.594 0.1111110002
70235  -45.564  -0.667  36.093 0.1111110002
70240  -45.472  -0.531  35.315 0.1111110002
71153  -45.665  0.283  35.762 0.1111110002
71162  -45.987  0.809  35.192 0.1111110002
71171  -46.109  0.348  34.515 0.1111110002
70257  -46.621  0.038  33.833 0.1111110002
71175  -47.160  0.406  33.217 0.1111110002
71180  -47.768  0.627  32.580 0.1111110002
71181  -48.422  0.398  32.087 0.1111110002
71187  -49.900  0.237  31.393 0.1111110002
70279  -50.577  -0.454  30.987 0.1111110002
143276  -50.734  0.324  30.943 0.1111110002
141872  -51.154  -0.685  30.458 0.2222220004
70280  -51.512  -0.651  29.778 0.1111110002
124061  -52.015  0.248  27.694 0.3333329856
71222  -52.815  0.757  26.540 0.3333329856
71237  -54.470  1.110  25.927 0.3333329856
72146  -52.301  1.595  26.206 0.3333329856
72147  -53.237  1.446  25.878 0.3333329856
73021  -53.533  2.497  25.556 0.3333329856
67471  -45.253  -3.366  38.772 0.1111110002
68454  -45.985  -2.343  37.545 0.1111110002
69346  -46.233  -1.384  37.447 0.1111110002
70228  -45.917  -0.831  36.808 0.1111110002
71147  -46.604  0.323  37.234 0.1111110002
71154  -46.186  0.782  36.506 0.1111110002
72065  -46.748  1.153  37.076 0.1111110002
72923  -47.104  2.179  36.145 0.1111110002
72936  -46.560  1.651  35.452 0.1111110002
72944  -46.927  1.923  34.738 0.1111110002
72953  -47.890  1.992  33.549 0.1111110002
72096  -48.586  1.763  32.885 0.1111110002
71186  -49.070  0.724  31.820 0.1111110002
71188  -51.210  0.950  30.696 0.1111110002
72118  -51.455  1.030  29.996 0.1111110002
71204  -51.519  0.228  29.258 0.1111110002
71211  -51.558  0.751  27.791 0.1111110002
71215  -51.940  0.842  26.997 0.1111110002
72140  -51.290  1.425  27.275 0.1111110002
72145  -51.575  1.727  26.570 0.2222220004
72154  -52.710  2.330  25.738 0.3333329856
125246  -52.870  3.490  25.572 0.3333329856
70229  -46.483  -0.506  37.364 0.1111110002
73848  -48.665  3.235  35.956 0.1111110002
73859  -48.937  3.160  35.015 0.1111110002
72946  -48.394  2.686  34.317 0.1111110002
72947  -49.340  2.936  34.189 0.1111110002
72954  -48.872  2.381  33.525 0.1111110002
72097  -49.319  2.078  32.949 0.1111110002
72098  -50.150  2.004  32.654 0.1111110002
121389  -50.842  1.635  32.047 0.1111110002
72111  -51.419  1.681  31.382 0.1111110002
142885  -51.539  1.644  30.634 0.1111110002
71196  -51.183  0.085  30.219 0.1111110002
72127  -51.380  1.223  29.349 0.1111110002
72135  -51.255  1.442  28.726 0.1111110002
140701  -51.178  1.356  28.027 0.1111110002
72134  -50.844  1.825  27.569 0.1111110002
73005  -50.924  2.263  26.759 0.1111110002
73014  -51.793  2.874  25.921 0.3333329856
75581  -61.795  5.616  32.266 0.3333329856
73860  -49.868  3.362  34.874 0.1111110002
73861  -50.812  3.554  34.732 0.1111110002
75587  -61.981  5.595  32.176 0.3333329856
72948  -50.271  3.103  34.069 0.1111110002
72956  -50.700  2.596  33.362 0.1111110002
72965  -51.861  2.427  32.596 0.1111110002
72964  -51.112  2.235  32.671 0.1111110002
72104  -52.023  2.285  31.855 0.1111110002
72119  -51.961  2.252  31.066 0.1111110002
72977  -51.671  2.033  30.236 0.1111110002
142106  -50.803  2.080  28.406 0.1111110002
73910  -50.029  3.080  27.349 0.1111110002
73013  -50.925  3.387  26.297 0.3333329856
73916  -50.782  4.232  26.064 0.2222220004
73020  -51.523  4.174  25.789 0.3333329856
74729  -62.160  5.066  32.480 0.3333329856
73862  -51.776  3.572  34.578 0.1111110002
73870  -52.682  3.237  33.580 0.1111110002
72966  -52.497  2.721  32.396 0.1111110002
72978  -52.388  2.911  30.832 0.1111110002
72988  -51.854  2.670  30.244 0.1111110002
72987  -51.421  2.102  29.461 0.1111110002
73898  -51.592  2.947  29.961 0.1111110002
73897  -50.875  3.053  29.543 0.1111110002
73896  -49.270  3.872  29.085 0.1111110002
74751  -48.987  4.158  28.281 0.1111110002
74757  -49.132  4.215  27.477 0.1111110002
74766  -50.082  4.324  26.327 0.2222220004
73946  -53.910  4.064  23.436 0.4444440007
73957  -54.408  3.351  22.829 0.4444440007
72972  -53.114  3.324  31.375 0.1111110002
128750  -53.144  4.585  30.684 0.1111110002
75593  -52.905  5.287  30.697 0.1111110002
135026  -52.898  3.958  30.547 0.1111110002
74737  -52.481  4.542  30.521 0.1111110002
75592  -51.868  5.404  30.571 0.1111110002
128199  -52.074  3.748  30.377 0.1111110002
74736  -51.515  4.450  30.362 0.1111110002
75591  -50.827  5.125  30.387 0.1111110002
73890  -51.161  3.620  30.044 0.1111110002
74734  -50.004  4.922  30.254 0.1111110002
75599  -48.661  5.598  29.798 0.1111110002
75611  -48.096  5.547  27.819 0.1111110002
76569  -47.977  6.068  27.070 0.1111110002
75629  -49.342  5.373  25.516 0.2222220004
139407  -51.561  4.468  24.039 0.3333329856
73945  -53.047  3.858  23.425 0.3333329856
73956  -53.564  3.228  22.716 0.3333329856
76546  -52.585  6.119  30.779 0.1111110002
77465  -52.285  6.956  31.009 0.1111110002
76545  -51.594  6.364  30.802 0.1111110002
76543  -49.555  6.645  30.494 0.1111110002
76542  -48.682  6.449  30.016 0.1111110002
76558  -47.815  6.646  28.734 0.1111110002
77472  -47.897  7.618  27.665 0.1111110002
77474  -48.012  7.499  26.747 0.1111110002
122339  -50.157  5.999  23.028 0.2222220004
75673  -50.623  5.510  22.698 0.2222220004
74824  -51.542  4.325  22.791 0.2222220004
73968  -52.609  3.616  21.661 0.2222220004
73051  -54.147  2.798  22.059 0.2222220004
73063  -54.746  2.671  21.463 0.2222220004
138460  -56.286  2.323  20.814 0.2222220004
127274  -50.097  7.293  30.795 0.1111110002
77462  -49.479  7.979  30.551 0.1111110002
127894  -48.161  8.007  29.087 0.1111110002
137554  -48.422  8.607  29.060 0.1111110002
123475  -48.327  8.287  27.201 0.1111110002
77482  -48.617  7.170  25.170 0.2222220004
145992  -50.517  6.141  22.440 0.1111110002
74836  -51.695  4.606  21.750 0.2222220004
75674  -51.159  5.077  22.261 0.2222220004
140000  -53.258  3.380  20.586 0.2222220004
73969  -53.306  3.100  21.532 0.2222220004
73062  -54.098  2.755  21.298 0.2222220004
73074  -54.468  2.590  20.556 0.2222220004
132052  -56.864  2.170  20.235 0.2222220004
136590  -60.771  2.243  16.977 0.2222220004
73132  -60.356  1.974  16.274 0.2222220004
72216  -60.839  1.640  16.658 0.1111110002
71320  -60.217  1.520  16.018 0.2222220004
77463  -50.356  8.042  31.040 0.1111110002
78330  -50.620  8.803  31.253 0.1111110002
79203  -50.273  9.497  31.055 0.1111110002
79205  -48.811  9.078  29.467 0.1111110002
130917  -49.365  9.659  27.998 0.1111110002
78347  -49.195  8.602  25.812 0.1111110002
79222  -49.830  9.138  25.705 0.1111110002
78355  -49.175  7.972  24.976 0.1111110002
78364  -49.798  7.940  23.675 0.1111110002
76609  -50.279  6.704  22.652 0.1111110002
76617  -51.240  6.485  21.387 0.1111110002
75699  -51.972  5.826  20.562 0.2222220004
131571  -53.092  -1.005  22.276 0.1111110002
122803  -53.692  -0.469  20.963 0.1111110002
75688  -51.480  5.590  21.335 0.2222220004
74846  -52.564  4.517  20.448 0.2222220004
73991  -53.621  3.319  19.916 0.2222220004
70372  -54.678  -0.480  21.130 0.1111110002
73073  -53.764  2.948  20.667 0.2222220004
73087  -55.136  2.336  19.840 0.2222220004
121889  -55.799  2.230  19.106 0.2222220004
121827  -56.223  -0.425  20.464 0.1111110002
144058  -54.000  2.865  20.167 0.2222220004
144849  -55.707  2.545  18.367 0.2222220004
73076  -55.985  2.144  20.019 0.2222220004
73088  -56.638  2.075  19.261 0.2222220004
72199  -57.390  2.129  18.502 0.2222220004
72200  -58.296  2.169  18.662 0.2222220004
72209  -58.223  2.278  17.582 0.2222220004
73104  -59.240  2.354  17.624 0.2222220004
73118  -60.053  2.282  16.612 0.2222220004
71304  -60.578  1.050  16.571 0.1111110002
80063  -49.711  10.025  30.155 0.1111110002
80070  -49.788  10.206  28.603 0.1111110002
143869  -49.339  9.341  27.204 0.1111110002
78360  -49.928  8.611  24.176 0.1111110002
78365  -50.337  8.429  23.384 0.1111110002
78371  -50.745  8.197  22.630 0.1111110002
76624  -51.645  6.329  20.835 0.1111110002
75700  -52.440  5.374  20.154 0.2222220004
70356  -53.024  -0.603  21.709 0.1111110002
121829  -54.307  -0.464  20.055 0.1111110002
74854  -52.933  4.874  19.490 0.2222220004
121828  -55.276  -0.441  20.217 0.1111110002
70401  -54.913  -0.539  19.180 0.1111110002
73101  -55.043  2.600  18.905 0.2222220004
73998  -54.451  3.352  18.598 0.2222220004
70402  -55.955  -0.496  19.292 0.1111110002
70417  -56.208  -0.468  18.242 0.1111110002
139187  -56.792  -0.417  19.808 0.1111110002
70418  -57.102  -0.401  18.183 0.1111110002
73102  -56.551  2.307  18.173 0.2222220004
70434  -57.750  -0.211  17.656 0.1111110002
73103  -57.445  2.346  17.554 0.2222220004
73116  -58.153  2.492  16.471 0.2222220004
72215  -59.134  2.400  16.397 0.2222220004
71288  -58.718  -0.159  17.870 0.1111110002
71303  -59.713  0.381  16.976 0.1111110002
73117  -59.616  2.174  15.695 0.2222220004
138574  -60.022  0.984  16.068 0.1111110002
80083  -51.538  10.291  25.408 0.1111110002
136065  -51.315  9.718  23.502 0.1111110002
79213  -50.601  10.359  27.350 0.1111110002
135315  -50.183  9.331  25.322 0.1111110002
79241  -50.597  9.227  23.832 0.1111110002
78366  -50.981  8.995  23.042 0.1111110002
77508  -51.704  7.909  21.249 0.1111110002
77513  -51.729  7.132  20.845 0.1111110002
70431  -55.051  -0.167  17.551 0.1111110002
145570  -52.338  6.068  20.022 0.2222220004
139635  -52.696  5.869  19.474 0.2222220004
71300  -55.700  0.232  16.929 0.1111110002
74861  -53.890  3.942  18.715 0.2222220004
143419  -55.414  -0.517  18.526 0.1111110002
70432  -55.941  -0.196  17.527 0.1111110002
139711  -55.232  3.026  18.014 0.2222220004
70433  -56.829  -0.215  17.546 0.1111110002
73115  -57.187  2.662  16.700 0.2222220004
132137  -57.611  0.217  16.691 0.1111110002
140110  -58.535  0.554  16.087 0.1111110002
71302  -58.576  0.177  16.903 0.1111110002
122524  -58.884  2.328  15.387 0.2222220004
121166  -59.325  0.698  16.055 0.1111110002
71318  -59.038  1.083  15.380 0.1111110002
79257  -51.887  9.245  22.044 0.1111110002
78377  -52.308  8.486  21.013 0.1111110002
77519  -52.455  7.418  20.148 0.1111110002
75713  -53.666  4.777  18.548 0.2222220004
76638  -53.618  6.420  18.398 0.2222220004
71315  -55.550  0.761  16.307 0.2222220004
75714  -54.426  5.020  17.678 0.2222220004
71316  -56.432  0.683  16.100 0.2222220004
74005  -54.908  3.700  17.836 0.2222220004
74006  -55.765  3.664  17.129 0.2222220004
71330  -57.404  1.330  15.202 0.1111110002
74007  -56.743  3.284  16.316 0.2222220004
73129  -57.996  2.573  15.353 0.2222220004
71301  -56.573  0.165  16.841 0.1111110002
71317  -58.132  0.933  15.535 0.1111110002
73142  -58.252  2.127  14.763 0.1111110002
141571  -58.784  1.544  14.969 0.1111110002
73130  -59.112  1.951  15.047 0.1111110002
72229  -59.194  1.672  15.063 0.1111110002
71319  -59.662  1.351  15.544 0.1111110002
73131  -59.664  1.816  15.534 0.1111110002
74870  -56.009  4.507  16.621 0.2222220004
74014  -56.683  3.983  15.970 0.2222220004
72228  -56.420  1.349  15.388 0.2222220004
73141  -57.575  2.408  14.516 0.2222220004
132146  -57.495  3.046  15.494 0.2222220004
73128  -57.591  2.809  14.680 0.2222220004
72240  -58.017  1.967  14.603 0.1111110002
66481  -53.426  -5.051  50.257 0.2222220004
65573  -55.495  -6.268  48.910 0.3333329856
64573  -54.462  -6.558  50.566 0.2222220004
65586  -56.879  -6.318  47.841 0.3333329856
65587  -57.613  -6.223  47.556 0.3333329856
74784  -61.863  4.806  25.097 0.1111110002
73936  -61.297  4.241  24.460 0.1111110002
74798  -62.107  4.983  24.187 0.3333329856
66403  -47.311  -4.554  55.572 0.1111110002
67306  -47.078  -3.643  53.057 0.1111110002
67326  -47.864  -2.896  51.882 0.1111110002
67315  -48.135  -3.128  52.330 0.1111110002
122790  -45.765  -6.603  37.790 0.1111110002
64734  -45.070  -6.698  37.910 0.1111110002
65558  -54.743  -6.392  50.390 0.2222220004
64736  -47.221  -6.355  38.050 0.1111110002
64757  -46.420  -6.063  36.596 0.1111110002
65726  -47.728  -5.769  36.732 0.1111110002
140143  -54.814  -6.007  48.464 0.3333329856
65600  -55.851  -6.145  47.321 0.3333329856
65574  -56.133  -6.433  48.339 0.3333329856
66514  -57.291  -5.280  46.718 0.3333329856
68495  -50.374  -2.328  33.124 0.3333329856
69410  -51.145  -1.676  31.020 0.2222220004
64716  -42.092  -6.813  39.207 0.2222220004
65556  -53.744  -5.603  50.590 0.2222220004
67386  -57.990  -3.501  46.060 0.3333329856
62789  -39.437  -8.511  41.859 0.2222220004
134136  -39.253  -9.720  42.683 0.3333329856
60938  -38.483  -10.610  43.515 0.2222220004
65739  -49.021  -4.977  36.702 0.1111110002
144855  -50.254  -2.097  36.356 0.2222220004
69418  -51.423  -1.237  30.397 0.2222220004
142206  -53.523  0.771  26.295 0.3333329856
73022  -54.468  2.536  25.471 0.3333329856
73923  -52.298  4.184  25.596 0.3333329856
75618  -48.976  5.229  26.256 0.1111110002
74823  -50.916  4.793  23.228 0.3333329856
76578  -48.430  6.518  25.644 0.2222220004
126586  -48.258  7.306  25.914 0.2222220004
135443  -49.465  7.876  24.244 0.1111110002
61883  -38.882  -9.190  41.658 0.2222220004
143963  -49.107  -3.792  36.098 0.1111110002
71236  -54.103  1.648  25.658 0.3333329856
74810  -53.550  4.768  24.124 0.4444440007
35068  -28.781  -36.597  64.926 0.1111110002
61881  -37.295  -9.870  41.079 0.1111110002
62818  -38.806  -7.910  40.692 0.2222220004
60937  -37.463  -10.806  43.530 0.1111110002
60963  -36.866  -10.459  41.651 0.1111110002
65601  -57.848  -5.636  47.102 0.3333329856
139143  -37.171  -3.141  38.907 0.1111110002
65722  -39.657  -5.467  37.726 0.1111110002
65712  -38.468  -5.605  38.265 0.1111110002
68382  -36.430  -2.438  42.269 0.1111110002
67424  -36.091  -2.993  41.491 0.1111110002
66574  -36.050  -4.016  39.672 0.1111110002
68399  -36.437  -2.445  40.944 0.1111110002
68410  -36.732  -2.320  40.203 0.1111110002
66590  -38.955  -4.136  37.735 0.1111110002
66589  -38.381  -3.502  38.089 0.1111110002
138683  -39.463  -4.652  37.549 0.1111110002
124419  -40.886  -6.003  37.579 0.1111110002
65723  -40.335  -5.770  37.639 0.1111110002
70172  -37.884  -0.607  42.581 0.1111110002
68411  -36.893  -1.720  40.967 0.1111110002
69313  -37.404  -1.552  40.092 0.1111110002
69300  -37.551  -1.080  41.290 0.1111110002
68436  -37.877  -2.882  38.599 0.1111110002
68424  -37.909  -1.717  39.459 0.1111110002
69326  -39.452  -1.240  39.319 0.1111110002
122910  -39.659  -3.866  37.360 0.1111110002
68451  -40.014  -2.905  37.460 0.1111110002
123228  -40.803  -5.300  37.153 0.1111110002
64733  -44.192  -6.736  38.029 0.1111110002
65724  -41.376  -5.918  37.162 0.1111110002
69301  -38.424  -0.677  41.218 0.1111110002
126156  -37.641  -1.017  42.039 0.1111110002
145978  -37.927  -0.785  41.612 0.1111110002
123630  -38.841  -1.068  39.936 0.1111110002
68452  -40.923  -2.719  37.395 0.1111110002
64754  -43.749  -6.309  36.476 0.1111110002
66593  -42.459  -4.999  36.242 0.1111110002
65733  -43.528  -5.556  35.985 0.1111110002
146242  -42.997  -5.358  36.052 0.1111110002
125050  -45.218  -5.963  36.115 0.1111110002
64756  -45.611  -6.250  36.575 0.1111110002
65736  -46.649  -5.641  35.993 0.1111110002
65738  -48.217  -5.193  36.230 0.1111110002
66604  -44.053  -4.826  35.892 0.1111110002
65752  -46.174  -5.233  35.516 0.1111110002
65754  -47.618  -5.016  35.702 0.1111110002
66622  -48.116  -4.518  35.627 0.1111110002
67513  -48.613  -3.747  35.642 0.1111110002
68468  -49.381  -2.091  35.539 0.1111110002
141053  -50.017  -1.836  35.909 0.2222220004
68477  -47.216  -2.371  34.541 0.1111110002
67469  -43.807  -2.911  38.023 0.1111110002
69392  -48.374  -1.276  33.212 0.1111110002
122575  -49.008  -1.431  32.797 0.1111110002
69391  -47.605  -1.101  33.621 0.1111110002
69375  -45.954  -1.157  34.572 0.1111110002
70248  -46.152  -0.387  34.326 0.1111110002
140723  -50.306  -2.240  32.347 0.2222220004
68506  -51.082  -2.538  32.447 0.3333329856
70265  -47.560  -0.062  32.774 0.1111110002
70259  -47.857  -0.700  32.856 0.1111110002
68505  -49.871  -1.871  31.951 0.2222220004
69408  -49.414  -1.206  31.799 0.2222220004
68453  -45.263  -2.752  36.886 0.1111110002
70236  -45.975  -0.055  36.642 0.1111110002
71161  -45.588  0.130  35.064 0.1111110002
140189  -46.068  1.079  35.853 0.1111110002
72089  -46.507  1.249  34.596 0.1111110002
70247  -45.644  -0.442  34.796 0.1111110002
71174  -46.716  0.876  33.833 0.1111110002
72090  -47.024  1.705  33.990 0.1111110002
72095  -47.924  1.384  32.815 0.1111110002
141418  -47.337  1.208  33.252 0.1111110002
72102  -48.436  1.099  32.337 0.1111110002
126768  -51.450  0.806  28.551 0.2222220004
71138  -46.983  -0.179  37.920 0.1111110002
72071  -46.554  1.531  36.356 0.1111110002
72924  -47.797  2.746  35.981 0.1111110002
72937  -47.280  2.361  35.309 0.1111110002
72945  -47.523  2.336  34.491 0.1111110002
125226  -49.242  1.505  32.382 0.1111110002
72109  -49.969  1.203  31.882 0.1111110002
72110  -50.643  1.006  31.328 0.1111110002
70217  -46.946  -1.083  38.015 0.1111110002
72938  -48.019  2.915  35.156 0.1111110002
73849  -49.489  3.439  35.609 0.1111110002
72955  -49.778  2.534  33.452 0.1111110002
72103  -51.495  2.025  32.117 0.1111110002
72996  -50.091  2.681  28.110 0.1111110002
73012  -50.479  2.904  26.860 0.1111110002
72949  -51.201  3.169  33.957 0.1111110002
72957  -51.565  2.688  33.282 0.1111110002
72958  -52.294  2.824  33.146 0.1111110002
72971  -52.583  2.762  31.572 0.1111110002
72986  -51.032  2.525  29.256 0.1111110002
73905  -50.048  2.831  28.927 0.1111110002
141293  -49.487  3.406  28.086 0.1111110002
73914  -49.663  3.794  27.017 0.2222220004
73869  -52.062  3.200  33.803 0.1111110002
72967  -53.064  3.163  32.183 0.1111110002
135823  -52.308  3.316  30.544 0.1111110002
73889  -50.121  3.554  29.666 0.1111110002
74743  -49.601  4.389  29.857 0.1111110002
74750  -48.624  4.631  28.781 0.1111110002
132873  -48.257  5.196  28.476 0.1111110002
74764  -48.863  4.782  27.024 0.1111110002
73882  -53.585  3.860  31.314 0.1111110002
72979  -53.066  3.602  30.827 0.1111110002
73877  -53.605  3.602  32.008 0.1111110002
74738  -53.447  4.238  30.861 0.1111110002
74735  -50.492  4.292  30.163 0.1111110002
75590  -50.033  5.722  30.481 0.1111110002
75600  -49.316  5.184  30.102 0.1111110002
141073  -48.106  6.133  29.395 0.1111110002
124174  -48.427  5.343  27.011 0.1111110002
76557  -47.732  6.998  28.042 0.1111110002
75617  -48.373  5.906  26.266 0.1111110002
130706  -52.196  3.885  23.252 0.2222220004
73955  -52.765  3.453  22.499 0.2222220004
76544  -50.570  6.521  30.764 0.1111110002
77468  -48.225  7.176  29.464 0.1111110002
78342  -48.234  8.366  28.253 0.1111110002
77464  -51.145  7.300  31.073 0.1111110002
78339  -48.653  8.176  29.799 0.1111110002
78336  -49.206  8.876  30.276 0.1111110002
79210  -49.234  9.685  28.992 0.1111110002
78344  -48.944  8.812  26.752 0.1111110002
75687  -50.894  5.884  21.963 0.2222220004
77496  -50.077  7.497  23.042 0.1111110002
76616  -50.761  6.648  22.014 0.1111110002
73982  -52.772  3.735  20.890 0.2222220004
75689  -52.050  5.011  20.897 0.2222220004
79202  -49.692  9.496  30.541 0.1111110002
79215  -49.729  9.318  26.452 0.1111110002
79233  -49.672  8.844  25.003 0.1111110002
79216  -50.478  9.841  26.613 0.1111110002
77507  -51.191  7.274  21.585 0.1111110002
74847  -53.028  3.948  20.062 0.2222220004
73997  -53.892  3.469  19.201 0.2222220004
73089  -57.538  2.090  19.478 0.2222220004
121951  -49.925  9.790  27.232 0.1111110002
128365  -50.805  9.675  25.340 0.1111110002
78372  -51.392  8.766  22.332 0.1111110002
121830  -53.340  -0.523  19.891 0.1111110002
76625  -52.127  6.581  20.353 0.2222220004
70400  -53.940  -0.574  19.017 0.1111110002
74855  -53.446  4.041  19.295 0.2222220004
70403  -56.922  -0.452  18.945 0.1111110002
138644  -55.431  -0.437  17.974 0.1111110002
79224  -51.044  9.907  26.077 0.1111110002
79235  -51.138  9.858  24.468 0.1111110002
80930  -50.826  11.214  28.780 0.1111110002
128984  -52.158  7.842  20.702 0.1111110002
76631  -52.583  6.657  19.698 0.1111110002
75708  -53.262  5.704  18.799 0.2222220004
70416  -54.595  -0.504  18.207 0.1111110002
74862  -54.326  4.179  18.088 0.2222220004
73114  -56.115  2.845  17.475 0.2222220004
126734  -57.185  0.611  16.075 0.1111110002
79258  -52.505  9.294  21.466 0.1111110002
76632  -53.132  6.585  19.014 0.1111110002
125928  -53.931  5.736  18.069 0.2222220004
74869  -55.087  4.385  17.400 0.2222220004
71332  -58.712  1.847  14.755 0.1111110002
71331  -58.314  1.631  14.862 0.1111110002
45063  -25.444  -26.706  57.714 0.2222220004
45064  -26.367  -26.954  57.608 0.2222220004
45946  -21.968  -25.903  56.771 0.2222220004
45061  -23.535  -26.423  57.360 0.2222220004
45062  -24.507  -26.470  57.139 0.2222220004
45072  -22.826  -26.048  56.636 0.2222220004
45073  -23.726  -26.189  56.446 0.2222220004
124787  -25.302  -26.507  56.881 0.2222220004
127661  -26.095  -26.708  56.973 0.2222220004
45074  -24.710  -26.291  56.188 0.2222220004
45075  -25.725  -26.496  56.256 0.2222220004
45085  -26.915  -26.584  54.877 0.2222220004
45047  -16.022  -25.956  58.505 0.1111110002
45930  -17.195  -25.266  58.196 0.1111110002
45942  -18.660  -25.049  57.394 0.1111110002
45941  -17.742  -24.743  57.605 0.1111110002
45943  -19.560  -25.252  57.244 0.1111110002
46919  -19.568  -24.129  56.197 0.1111110002
45952  -21.448  -25.396  56.252 0.1111110002
45954  -23.031  -25.732  55.837 0.1111110002
45955  -23.888  -25.893  55.661 0.1111110002
130333  -24.593  -26.003  55.422 0.1111110002
45083  -25.361  -26.269  55.521 0.2222220004
126108  -26.264  -26.545  55.567 0.2222220004
45091  -25.775  -25.999  54.264 0.1111110002
45093  -27.536  -26.389  54.227 0.1111110002
45978  -27.042  -25.870  53.110 0.1111110002
45975  -24.106  -25.311  54.075 0.1111110002
45986  -24.653  -25.094  53.307 0.1111110002
45987  -25.528  -25.474  52.989 0.1111110002
45977  -26.192  -25.945  53.523 0.1111110002
45995  -26.379  -25.280  51.957 0.1111110002
46950  -27.781  -24.953  52.539 0.1111110002
45976  -25.205  -25.633  53.833 0.1111110002
49102  -34.864  -22.034  50.659 0.1111110002
49101  -34.074  -22.188  50.435 0.1111110002
50150  -36.118  -21.367  50.237 0.1111110002
50169  -36.522  -20.919  49.609 0.1111110002
53283  -38.763  -18.244  48.665 0.1111110002
54370  -38.536  -17.908  48.004 0.1111110002
54378  -38.942  -17.065  48.037 0.1111110002
50149  -35.262  -21.525  49.980 0.1111110002
54377  -38.321  -17.591  47.188 0.1111110002
55365  -38.548  -16.758  47.202 0.1111110002
131851  -38.711  -15.984  47.226 0.1111110002
51140  -36.997  -20.506  49.093 0.1111110002
52222  -38.293  -19.568  49.291 0.1111110002
52234  -37.868  -19.319  48.324 0.1111110002
53270  -38.590  -18.851  48.947 0.1111110002
53291  -37.956  -18.360  47.232 0.1111110002
146688  -38.478  -15.600  46.781 0.1111110002
57241  -38.997  -15.217  47.349 0.1111110002
56331  -38.049  -15.564  46.222 0.1111110002
57240  -38.498  -14.862  46.617 0.1111110002
57231  -39.479  -14.665  47.905 0.1111110002
133897  -37.152  -16.839  46.102 0.1111110002
55374  -37.600  -16.232  46.069 0.1111110002
125885  -38.285  -13.888  46.473 0.1111110002
64714  -40.425  -6.854  39.618 0.2222220004
128621  -55.130  3.560  22.822 0.3333329856
58192  -39.270  -12.807  47.699 0.1111110002
45027  -15.897  -26.620  58.889 0.1111110002
133193  -16.645  -26.309  58.919 0.1111110002
45931  -18.330  -25.633  58.338 0.1111110002
45950  -19.956  -24.820  56.553 0.1111110002
141355  -26.975  -26.155  53.737 0.1111110002
52221  -37.462  -19.955  48.697 0.1111110002
140870  -37.259  -20.694  49.970 0.1111110002
45048  -16.674  -25.744  58.500 0.1111110002
45953  -22.198  -25.562  56.029 0.1111110002
46908  -19.114  -24.548  56.708 0.1111110002
45951  -20.725  -25.152  56.402 0.1111110002
45964  -24.062  -25.606  54.938 0.1111110002
45963  -23.304  -25.403  55.155 0.1111110002
45965  -24.993  -25.883  54.715 0.1111110002
46941  -23.693  -24.345  53.500 0.1111110002
50168  -35.679  -21.153  49.237 0.1111110002
53282  -38.230  -18.653  48.075 0.1111110002
54388  -37.426  -17.438  46.313 0.1111110002
54389  -38.070  -17.227  46.539 0.1111110002
55375  -38.183  -16.349  46.543 0.1111110002
53298  -37.689  -17.933  46.646 0.1111110002
141262  -37.728  -16.863  46.223 0.1111110002
56330  -37.418  -15.488  45.801 0.1111110002
56341  -36.705  -15.386  45.641 0.1111110002
55373  -36.952  -16.116  45.928 0.1111110002
136712  -61.698  -18.023  31.758 0.1111110002
128553  -62.553  -18.721  31.368 0.1111110002
135645  -62.481  -19.309  31.916 0.1111110002
53500  -57.298  -18.454  30.021 0.1111110002
53486  -56.503  -18.725  30.367 0.1111110002
57422  -59.509  -14.586  31.125 0.1111110002
56438  -59.834  -15.774  30.914 0.1111110002
55503  -60.325  -16.501  30.913 0.1111110002
54529  -61.795  -17.760  30.935 0.1111110002
52425  -62.081  -19.616  30.573 0.1111110002
53489  -59.943  -19.174  30.460 0.1111110002
53501  -58.853  -18.594  30.120 0.1111110002
138714  -58.038  -18.263  29.893 0.1111110002
53499  -56.266  -17.964  29.667 0.1111110002
143845  -59.379  -13.793  31.349 0.1111110002
55504  -61.113  -16.887  30.638 0.1111110002
54542  -58.634  -17.905  29.547 0.1111110002
57430  -60.399  -15.175  30.705 0.1111110002
58372  -60.185  -13.508  31.330 0.1111110002
52410  -55.890  -19.282  31.464 0.1111110002
58370  -57.827  -13.945  31.741 0.1111110002
56436  -58.119  -15.192  31.881 0.1111110002
55497  -58.996  -16.545  31.947 0.1111110002
52421  -56.637  -19.247  31.050 0.1111110002
59219  -57.871  -12.458  31.816 0.1111110002
58371  -58.717  -13.919  31.500 0.1111110002
56437  -58.872  -15.626  31.476 0.1111110002
141455  -59.759  -17.035  31.808 0.1111110002
54525  -60.538  -17.534  32.108 0.1111110002
54530  -62.505  -18.889  32.412 0.1111110002
52414  -61.210  -19.791  32.075 0.1111110002
52422  -58.469  -19.373  31.284 0.1111110002
53487  -57.585  -19.046  30.725 0.1111110002
132187  -58.264  -13.206  31.646 0.1111110002
55499  -60.592  -17.203  31.332 0.1111110002
133391  -62.261  -19.534  31.281 0.1111110002
52424  -60.662  -19.669  31.211 0.1111110002
53488  -58.733  -19.091  30.704 0.1111110002
140849  -59.194  -13.220  31.496 0.1111110002
55498  -59.672  -16.481  31.390 0.1111110002
53490  -61.199  -19.523  30.529 0.1111110002
146723  -58.091  -18.675  30.328 0.1111110002
57423  -60.817  -14.328  30.893 0.1111110002
52395  -56.600  -19.294  32.416 0.1111110002
54526  -61.745  -18.111  32.653 0.1111110002
54527  -62.569  -18.915  33.289 0.1111110002
132743  -57.397  -19.402  32.178 0.1111110002
53476  -62.582  -19.431  32.986 0.1111110002
52399  -61.876  -19.840  32.840 0.1111110002
52413  -59.310  -19.604  31.791 0.1111110002
52412  -58.299  -19.484  31.951 0.1111110002
137362  -57.491  -19.362  31.472 0.1111110002
133579  -60.195  -19.738  32.300 0.1111110002
60104  -58.393  -11.696  31.846 0.1111110002
59220  -58.839  -12.433  31.658 0.1111110002
59221  -59.890  -12.552  31.626 0.1111110002
60105  -59.468  -11.618  31.855 0.1111110002
58380  -63.419  -13.343  30.179 0.1111110002
133942  -62.557  -9.928  28.858 0.1111110002
53467  -57.198  -18.974  33.790 0.1111110002
59215  -56.991  -12.486  32.161 0.1111110002
58367  -57.129  -13.924  32.157 0.1111110002
57418  -57.293  -14.958  32.672 0.1111110002
61047  -57.146  -10.970  32.075 0.1111110002
56430  -57.703  -15.612  32.929 0.1111110002
55491  -59.476  -17.125  33.370 0.1111110002
54517  -60.543  -17.578  32.974 0.1111110002
52375  -60.282  -19.607  34.411 0.1111110002
52373  -58.251  -19.131  34.166 0.1111110002
134238  -57.384  -13.239  31.945 0.1111110002
57420  -57.556  -14.608  32.120 0.1111110002
56434  -58.269  -15.814  32.182 0.1111110002
55495  -59.547  -17.101  32.453 0.1111110002
54518  -61.796  -18.097  33.572 0.1111110002
53468  -62.479  -19.489  33.708 0.1111110002
52384  -60.686  -19.782  33.626 0.1111110002
122577  -58.909  -19.538  33.014 0.1111110002
60103  -57.499  -11.736  32.015 0.1111110002
52385  -61.744  -19.937  33.536 0.1111110002
52397  -59.128  -19.604  32.430 0.1111110002
61048  -57.928  -10.233  32.136 0.1111110002
52398  -61.061  -19.844  32.886 0.1111110002
61055  -57.945  -11.113  32.019 0.1111110002
61056  -58.709  -10.944  32.006 0.1111110002
59222  -61.025  -12.756  31.661 0.1111110002
60107  -61.726  -12.191  32.158 0.1111110002
58374  -62.478  -13.513  31.092 0.1111110002
58376  -63.315  -12.915  30.814 0.1111110002
135037  -63.491  -9.482  29.449 0.1111110002
62915  -63.303  -8.431  29.177 0.1111110002
146461  -63.469  -12.819  30.360 0.1111110002
59234  -63.487  -12.496  29.737 0.1111110002
123672  -63.162  -10.975  28.974 0.1111110002
61992  -63.240  -9.062  29.216 0.1111110002
62914  -62.923  -8.477  28.914 0.1111110002
61087  -63.257  -9.925  29.111 0.1111110002
60138  -62.897  -11.702  28.493 0.1111110002
138992  -62.805  -11.088  28.665 0.1111110002
61086  -62.952  -10.327  28.803 0.1111110002
122497  -62.222  -9.235  29.060 0.1111110002
65482  -47.359  -4.912  56.268 0.1111110002
57374  -56.942  -13.681  38.796 0.1111110002
131205  -59.456  -17.981  39.871 0.1111110002
54472  -58.774  -18.284  39.123 0.1111110002
57373  -55.550  -14.279  38.186 0.1111110002
122282  -57.576  -18.524  36.459 0.1111110002
53445  -56.840  -18.537  35.507 0.1111110002
128207  -57.514  -18.770  34.710 0.1111110002
58366  -56.518  -13.312  32.516 0.1111110002
61951  -56.775  -10.164  32.175 0.1111110002
60097  -56.642  -11.694  32.298 0.1111110002
57417  -56.712  -14.313  32.739 0.1111110002
55490  -58.078  -16.060  33.540 0.1111110002
55494  -58.597  -16.476  32.847 0.1111110002
54512  -60.589  -17.514  33.933 0.1111110002
52374  -59.157  -19.299  34.616 0.1111110002
133865  -57.247  -9.417  32.223 0.1111110002
126043  -58.710  -16.573  33.837 0.1111110002
54519  -62.470  -18.854  34.131 0.1111110002
52377  -62.129  -19.843  34.191 0.1111110002
62878  -57.716  -8.683  32.393 0.1111110002
133443  -58.030  -9.362  32.303 0.1111110002
122232  -59.033  -10.237  32.232 0.1111110002
61049  -59.487  -10.846  32.129 0.1111110002
60098  -60.318  -11.120  32.245 0.1111110002
60106  -60.641  -11.924  31.945 0.1111110002
126533  -61.355  -11.426  32.479 0.1111110002
59216  -62.594  -12.235  32.118 0.1111110002
60100  -62.902  -11.660  32.596 0.1111110002
59224  -62.948  -12.834  31.458 0.1111110002
59217  -63.113  -12.130  31.982 0.1111110002
59225  -63.351  -12.376  31.282 0.1111110002
61057  -63.686  -10.348  31.538 0.1111110002
124123  -63.836  -9.785  30.871 0.1111110002
61972  -63.797  -9.089  29.899 0.1111110002
62900  -63.776  -8.263  29.758 0.1111110002
63824  -63.658  -7.686  29.481 0.1111110002
64816  -63.707  -6.247  29.398 0.1111110002
58375  -63.094  -13.483  30.749 0.1111110002
59229  -63.484  -12.433  30.565 0.1111110002
138572  -63.570  -11.888  30.889 0.1111110002
61060  -63.703  -10.479  30.525 0.1111110002
123741  -63.761  -9.741  29.989 0.1111110002
61971  -63.468  -8.741  29.404 0.1111110002
124791  -63.529  -7.146  29.197 0.1111110002
144894  -63.552  -11.938  30.186 0.1111110002
60118  -63.419  -11.495  29.556 0.1111110002
61065  -63.506  -10.464  29.578 0.1111110002
64828  -63.331  -6.713  28.848 0.1111110002
63835  -63.254  -7.711  28.964 0.1111110002
65812  -63.156  -6.276  28.536 0.1111110002
130477  -63.097  -7.084  28.700 0.1111110002
65811  -62.763  -5.934  28.363 0.1111110002
61838  -50.960  -8.727  45.440 0.1111110002
61862  -51.170  -9.075  43.580 0.1111110002
61887  -50.269  -9.570  41.187 0.1111110002
127388  -49.712  -9.838  38.842 0.1111110002
61922  -49.792  -9.901  37.066 0.1111110002
60076  -50.001  -11.293  34.976 0.1111110002
59203  -51.318  -12.732  34.764 0.1111110002
141655  -53.421  -12.951  35.739 0.1111110002
55451  -61.457  -16.258  40.508 0.1111110002
57404  -52.717  -13.715  35.748 0.1111110002
58341  -54.751  -12.712  36.702 0.1111110002
58322  -57.465  -12.683  38.433 0.1111110002
58308  -59.854  -13.004  39.551 0.1111110002
125683  -61.080  -14.258  39.761 0.1111110002
55463  -61.710  -16.571  39.665 0.1111110002
57384  -55.046  -14.097  37.563 0.1111110002
53382  -61.423  -18.023  39.207 0.1111110002
53380  -59.904  -18.410  39.155 0.1111110002
64791  -54.721  -6.924  32.972 0.1111110002
62875  -55.106  -8.435  32.562 0.1111110002
53401  -59.345  -18.503  38.434 0.1111110002
53423  -58.909  -18.540  37.643 0.1111110002
63798  -54.876  -7.599  32.715 0.1111110002
121606  -58.501  -18.570  36.928 0.1111110002
64793  -56.231  -7.040  32.598 0.1111110002
63799  -55.641  -7.741  32.469 0.1111110002
61949  -55.422  -9.406  32.490 0.1111110002
61045  -55.435  -10.356  32.606 0.1111110002
60096  -55.886  -11.639  32.621 0.1111110002
122739  -58.735  -18.685  36.155 0.1111110002
62876  -55.929  -8.582  32.285 0.1111110002
61046  -56.165  -10.866  32.348 0.1111110002
59214  -56.211  -12.380  32.606 0.1111110002
53447  -58.987  -18.987  35.355 0.1111110002
62877  -56.815  -8.643  32.274 0.1111110002
52366  -60.003  -19.391  35.170 0.1111110002
63801  -57.329  -7.905  32.466 0.1111110002
55487  -59.540  -17.006  34.326 0.1111110002
54513  -61.807  -17.995  34.498 0.1111110002
53459  -62.277  -19.386  34.562 0.1111110002
142161  -61.758  -19.795  34.798 0.1111110002
63802  -58.215  -7.954  32.766 0.1111110002
62879  -58.656  -8.850  32.658 0.1111110002
61952  -58.623  -9.633  32.363 0.1111110002
61953  -59.504  -9.507  32.669 0.1111110002
133890  -59.979  -10.343  32.461 0.1111110002
61050  -60.987  -10.628  32.730 0.1111110002
61051  -61.987  -11.004  33.122 0.1111110002
60099  -62.295  -11.634  32.650 0.1111110002
60090  -62.756  -11.114  33.216 0.1111110002
61052  -63.461  -10.944  32.334 0.1111110002
61955  -63.634  -9.788  32.544 0.1111110002
61957  -63.841  -9.106  31.366 0.1111110002
60108  -63.391  -11.736  31.710 0.1111110002
62888  -63.890  -8.433  30.367 0.1111110002
63814  -63.909  -7.676  29.947 0.1111110002
132263  -63.821  -6.996  29.667 0.1111110002
65796  -63.686  -5.491  29.624 0.1111110002
128500  -63.581  -11.169  31.223 0.1111110002
66675  -63.766  -4.801  28.920 0.1111110002
136648  -63.749  -3.403  28.548 0.1111110002
65813  -63.506  -5.573  28.750 0.1111110002
66674  -63.686  -4.404  28.490 0.1111110002
61874  -51.049  -9.203  42.718 0.1111110002
61903  -50.983  -9.495  40.848 0.1111110002
143995  -51.600  -9.242  40.632 0.1111110002
62833  -50.878  -8.963  38.901 0.1111110002
65740  -53.902  -5.779  35.740 0.1111110002
61920  -50.299  -9.369  38.388 0.1111110002
129953  -50.444  -9.596  35.763 0.1111110002
61929  -50.994  -9.972  34.815 0.1111110002
65756  -54.542  -5.388  35.328 0.1111110002
65755  -53.884  -5.774  34.853 0.1111110002
143615  -49.921  -10.045  36.524 0.1111110002
61028  -50.700  -10.759  34.804 0.1111110002
59195  -52.651  -11.868  34.948 0.1111110002
64779  -53.589  -6.497  33.911 0.1111110002
58333  -56.070  -12.432  37.526 0.1111110002
59167  -58.198  -12.441  38.499 0.1111110002
57375  -60.142  -13.644  38.553 0.1111110002
65763  -53.951  -5.907  34.074 0.1111110002
64780  -54.204  -6.511  33.469 0.1111110002
62869  -54.378  -8.177  32.928 0.1111110002
61948  -54.608  -9.002  32.910 0.1111110002
61044  -54.817  -9.841  32.953 0.1111110002
56413  -61.776  -16.148  38.812 0.1111110002
54474  -61.678  -17.406  39.391 0.1111110002
53402  -60.866  -18.389  38.886 0.1111110002
64781  -55.071  -6.289  33.226 0.1111110002
61036  -54.969  -10.684  33.135 0.1111110002
58358  -55.626  -12.713  33.815 0.1111110002
64792  -55.390  -6.944  32.747 0.1111110002
129417  -55.490  -11.062  32.700 0.1111110002
60095  -55.340  -11.527  33.003 0.1111110002
58359  -56.038  -13.319  34.261 0.1111110002
57408  -56.920  -14.784  34.274 0.1111110002
53424  -60.032  -18.611  37.744 0.1111110002
58360  -55.815  -12.772  33.045 0.1111110002
56422  -57.651  -15.246  34.855 0.1111110002
56423  -58.585  -15.846  35.339 0.1111110002
55484  -61.175  -17.233  35.949 0.1111110002
54504  -61.986  -17.696  36.304 0.1111110002
53427  -62.207  -18.442  36.716 0.1111110002
53435  -61.756  -18.963  36.636 0.1111110002
121397  -60.941  -18.855  37.015 0.1111110002
121615  -59.648  -18.738  36.823 0.1111110002
58361  -56.024  -13.563  33.296 0.1111110002
56426  -57.464  -15.535  33.853 0.1111110002
136964  -60.198  -16.818  35.718 0.1111110002
54505  -62.268  -18.113  36.610 0.1111110002
52362  -61.377  -19.306  36.152 0.1111110002
53434  -60.579  -19.118  36.310 0.1111110002
53448  -59.805  -19.054  35.908 0.1111110002
63800  -56.479  -7.853  32.376 0.1111110002
57412  -56.959  -14.992  33.304 0.1111110002
55483  -59.491  -16.650  35.175 0.1111110002
54508  -60.635  -17.338  34.995 0.1111110002
54509  -61.862  -17.887  35.420 0.1111110002
52363  -61.913  -19.340  35.881 0.1111110002
52367  -60.796  -19.432  35.677 0.1111110002
52369  -61.972  -19.604  35.035 0.1111110002
127325  -61.068  -19.699  34.995 0.1111110002
61940  -60.199  -9.082  33.325 0.1111110002
61954  -60.560  -9.846  33.011 0.1111110002
67546  -63.445  -4.222  29.882 0.1111110002
67550  -62.127  -3.184  29.688 0.1111110002
68531  -62.812  -2.657  29.140 0.1111110002
68535  -62.265  -2.117  28.609 0.1111110002
61039  -63.073  -10.572  33.778 0.1111110002
61944  -63.431  -9.579  33.869 0.1111110002
138207  -63.543  -9.225  33.197 0.1111110002
62881  -63.604  -8.664  32.497 0.1111110002
64809  -63.640  -6.347  30.614 0.1111110002
66659  -63.588  -4.629  29.828 0.1111110002
67551  -63.128  -3.272  29.554 0.1111110002
60091  -63.167  -11.105  33.041 0.1111110002
61040  -63.326  -10.394  33.390 0.1111110002
63808  -63.764  -8.073  31.329 0.1111110002
66660  -63.638  -5.030  29.834 0.1111110002
67552  -63.630  -3.646  29.328 0.1111110002
68536  -63.260  -2.273  28.460 0.1111110002
138078  -63.865  -7.637  30.573 0.1111110002
64810  -63.877  -6.973  30.293 0.1111110002
67555  -63.814  -4.131  29.008 0.1111110002
69440  -63.564  -1.885  27.846 0.1111110002
68538  -63.721  -2.292  27.582 0.1111110002
64760  -53.357  -6.292  36.186 0.1111110002
61029  -51.488  -10.395  34.663 0.1111110002
59196  -53.569  -11.873  35.508 0.1111110002
62868  -53.833  -7.896  33.324 0.1111110002
136420  -53.908  -8.644  33.456 0.1111110002
58342  -55.560  -11.896  37.022 0.1111110002
59175  -56.290  -11.605  37.088 0.1111110002
58334  -58.640  -12.509  37.877 0.1111110002
65764  -54.637  -5.452  34.469 0.1111110002
61939  -54.274  -9.408  33.518 0.1111110002
60089  -55.050  -11.236  33.710 0.1111110002
59205  -55.386  -11.729  34.306 0.1111110002
57387  -59.717  -14.078  37.816 0.1111110002
53383  -61.899  -17.820  38.628 0.1111110002
145357  -55.055  -5.434  34.039 0.1111110002
58352  -56.474  -12.722  35.289 0.1111110002
140411  -56.836  -13.458  35.301 0.1111110002
56419  -59.771  -15.674  36.755 0.1111110002
56415  -60.094  -15.162  37.519 0.1111110002
142768  -61.632  -16.448  37.876 0.1111110002
54489  -62.013  -17.219  38.820 0.1111110002
65773  -55.554  -5.558  33.672 0.1111110002
57407  -56.609  -13.842  34.679 0.1111110002
57405  -58.076  -14.702  35.811 0.1111110002
56418  -58.904  -15.224  36.288 0.1111110002
56420  -60.680  -16.110  37.261 0.1111110002
55481  -61.526  -16.916  36.832 0.1111110002
55478  -62.094  -17.118  38.196 0.1111110002
125910  -60.942  -18.586  38.017 0.1111110002
135489  -57.246  -14.117  35.314 0.1111110002
54500  -62.258  -17.953  37.403 0.1111110002
53425  -61.627  -18.588  37.481 0.1111110002
64782  -55.942  -6.221  32.983 0.1111110002
64794  -56.966  -7.241  32.556 0.1111110002
63791  -57.715  -7.154  32.826 0.1111110002
62870  -59.112  -8.069  33.159 0.1111110002
62880  -59.465  -8.753  33.050 0.1111110002
65789  -61.562  -5.180  31.610 0.1111110002
66658  -62.704  -4.542  30.583 0.1111110002
68530  -61.561  -2.596  29.236 0.1111110002
69438  -61.703  -1.553  28.109 0.1111110002
61941  -61.107  -9.488  33.778 0.1111110002
61037  -61.569  -10.252  33.461 0.1111110002
66654  -62.648  -5.559  31.327 0.1111110002
67545  -63.221  -3.831  29.886 0.1111110002
61033  -62.981  -10.010  34.576 0.1111110002
61943  -63.128  -9.522  34.740 0.1111110002
133804  -63.391  -8.162  33.074 0.1111110002
63803  -63.472  -7.588  32.127 0.1111110002
64803  -63.420  -6.662  31.446 0.1111110002
65791  -63.357  -5.744  30.818 0.1111110002
66657  -62.469  -3.788  30.157 0.1111110002
69439  -62.897  -1.606  28.044 0.1111110002
69444  -63.230  -1.306  27.427 0.1111110002
70307  -63.381  -1.068  26.831 0.1111110002
63729  -55.839  -7.494  41.432 0.1111110002
63743  -55.541  -7.269  40.780 0.1111110002
64738  -55.156  -6.303  38.792 0.1111110002
129816  -54.931  -6.729  39.443 0.1111110002
63757  -54.461  -7.175  39.733 0.1111110002
122067  -54.520  -6.390  38.199 0.1111110002
64724  -54.260  -6.817  38.893 0.1111110002
64751  -54.280  -6.154  37.487 0.1111110002
65729  -54.744  -5.589  37.097 0.1111110002
64761  -54.059  -5.918  36.650 0.1111110002
64775  -53.415  -6.350  34.481 0.1111110002
63789  -53.552  -7.219  33.649 0.1111110002
62861  -53.309  -8.031  33.754 0.1111110002
65741  -54.608  -5.431  36.213 0.1111110002
60086  -55.125  -10.870  34.845 0.1111110002
59189  -57.876  -12.124  37.607 0.1111110002
61035  -54.541  -9.997  33.605 0.1111110002
59206  -55.885  -12.172  34.770 0.1111110002
57386  -58.957  -13.474  37.449 0.1111110002
128867  -55.118  -5.053  34.974 0.1111110002
57397  -57.786  -13.470  36.280 0.1111110002
57398  -58.545  -14.048  36.646 0.1111110002
65766  -56.329  -4.929  34.194 0.1111110002
125681  -56.529  -5.605  33.466 0.1111110002
64783  -56.981  -6.428  32.935 0.1111110002
65774  -57.412  -5.773  33.552 0.1111110002
125104  -57.963  -6.447  33.370 0.1111110002
63792  -58.669  -7.201  33.428 0.1111110002
64785  -59.356  -6.920  34.279 0.1111110002
63793  -59.593  -7.600  33.900 0.1111110002
63784  -60.070  -7.355  34.764 0.1111110002
63794  -60.336  -8.047  34.430 0.1111110002
63785  -60.721  -7.886  35.379 0.1111110002
62862  -61.112  -8.519  34.975 0.1111110002
62855  -61.532  -8.259  35.780 0.1111110002
62871  -59.913  -8.338  33.602 0.1111110002
62872  -60.677  -8.766  34.104 0.1111110002
62863  -61.965  -8.893  35.428 0.1111110002
62857  -62.758  -8.605  35.646 0.1111110002
63786  -62.872  -8.361  35.217 0.1111110002
141158  -62.551  -7.575  34.612 0.1111110002
66656  -61.206  -4.388  30.871 0.1111110002
68534  -60.918  -2.002  28.748 0.1111110002
61932  -61.582  -9.202  34.640 0.1111110002
61933  -62.567  -9.426  35.041 0.1111110002
61935  -63.066  -9.055  35.310 0.1111110002
63795  -63.071  -8.200  33.969 0.1111110002
64787  -62.739  -7.406  33.428 0.1111110002
64797  -63.094  -7.059  32.394 0.1111110002
64802  -62.942  -6.359  31.748 0.1111110002
61942  -62.146  -9.879  34.286 0.1111110002
61934  -63.003  -9.432  35.147 0.1111110002
69443  -62.418  -1.154  27.481 0.1111110002
70316  -62.987  -0.691  26.446 0.1111110002
70306  -62.946  -0.824  27.041 0.1111110002
64725  -55.535  -6.446  39.719 0.1111110002
65718  -55.000  -5.939  37.899 0.1111110002
130743  -53.542  -6.408  37.073 0.1111110002
64766  -52.644  -6.726  35.725 0.1111110002
63783  -52.889  -7.459  34.172 0.1111110002
143624  -53.816  -9.223  33.950 0.1111110002
65730  -55.394  -5.245  37.536 0.1111110002
58343  -57.526  -12.216  36.816 0.1111110002
65742  -55.272  -5.038  36.650 0.1111110002
58344  -58.228  -12.851  37.138 0.1111110002
58353  -57.126  -12.931  35.910 0.1111110002
65765  -55.417  -5.146  34.394 0.1111110002
66638  -57.064  -5.148  33.848 0.1111110002
139964  -58.726  -5.706  34.503 0.1111110002
64784  -58.706  -6.415  33.982 0.1111110002
64776  -59.857  -6.722  35.030 0.1111110002
64777  -60.459  -7.228  35.653 0.1111110002
63775  -61.151  -7.670  36.124 0.1111110002
63770  -61.586  -7.390  36.410 0.1111110002
63776  -61.898  -7.865  36.192 0.1111110002
63777  -62.418  -7.993  35.996 0.1111110002
64778  -62.394  -7.543  35.644 0.1111110002
64786  -62.123  -6.804  35.112 0.1111110002
66653  -60.506  -4.763  31.891 0.1111110002
66652  -60.190  -4.172  31.378 0.1111110002
68525  -59.860  -2.864  30.182 0.1111110002
68529  -60.257  -2.432  29.467 0.1111110002
62856  -62.326  -8.426  35.818 0.1111110002
64795  -62.017  -6.899  33.925 0.1111110002
65782  -61.564  -6.212  33.139 0.1111110002
65781  -60.916  -5.427  32.693 0.1111110002
128384  -61.380  -3.681  30.210 0.1111110002
64796  -62.472  -6.745  32.773 0.1111110002
65783  -62.311  -6.208  32.199 0.1111110002
64583  -55.897  -7.120  49.669 0.2222220004
62706  -56.355  -8.236  48.866 0.2222220004
127692  -56.342  -8.615  48.548 0.1111110002
63667  -56.820  -7.840  48.475 0.2222220004
62729  -57.364  -8.435  47.426 0.2222220004
62746  -56.762  -8.799  46.898 0.1111110002
62785  -57.497  -7.507  43.943 0.1111110002
62772  -57.404  -7.831  44.689 0.1111110002
62771  -56.555  -8.190  44.492 0.1111110002
62784  -56.893  -7.774  43.822 0.1111110002
63716  -56.114  -7.680  42.164 0.1111110002
62795  -56.484  -7.760  42.986 0.1111110002
63730  -56.577  -7.239  41.723 0.1111110002
63728  -55.134  -7.662  41.140 0.1111110002
64726  -56.144  -6.172  40.137 0.1111110002
64703  -55.885  -6.743  40.467 0.1111110002
63766  -52.991  -7.071  37.949 0.1111110002
65708  -55.830  -5.851  39.290 0.1111110002
63762  -53.344  -7.201  38.631 0.1111110002
64749  -53.069  -6.793  37.410 0.1111110002
63774  -52.015  -7.285  35.367 0.1111110002
63782  -52.205  -7.675  34.645 0.1111110002
61031  -53.448  -9.478  34.323 0.1111110002
61032  -54.095  -9.836  34.279 0.1111110002
65719  -55.587  -5.558  38.405 0.1111110002
64774  -52.706  -6.871  34.778 0.1111110002
61931  -53.301  -8.785  34.043 0.1111110002
60085  -54.613  -10.671  34.999 0.1111110002
60079  -55.390  -11.017  35.686 0.1111110002
60088  -54.609  -10.458  34.118 0.1111110002
59198  -55.682  -11.196  35.377 0.1111110002
59200  -56.788  -11.883  36.348 0.1111110002
66608  -55.934  -4.519  36.141 0.1111110002
59199  -56.242  -11.497  35.793 0.1111110002
66623  -55.901  -4.625  35.093 0.1111110002
66624  -56.856  -4.139  35.705 0.1111110002
67501  -57.382  -3.769  36.378 0.1111110002
67502  -58.112  -3.530  36.640 0.1111110002
66631  -57.287  -4.713  34.420 0.1111110002
67515  -58.600  -3.710  36.260 0.1111110002
66610  -59.353  -3.994  36.383 0.1111110002
65767  -57.821  -5.302  34.110 0.1111110002
66632  -58.247  -4.804  34.754 0.1111110002
65758  -59.146  -5.194  35.272 0.1111110002
66627  -59.662  -4.780  35.967 0.1111110002
65743  -60.488  -5.338  36.325 0.1111110002
65759  -59.988  -5.698  35.775 0.1111110002
65768  -59.584  -6.039  35.128 0.1111110002
65744  -60.675  -6.227  36.289 0.1111110002
140856  -61.290  -6.508  36.526 0.1111110002
64768  -60.249  -6.527  35.749 0.1111110002
64769  -60.963  -7.011  36.381 0.1111110002
134818  -60.394  -4.145  33.424 0.1111110002
67536  -59.942  -3.723  32.869 0.1111110002
63771  -62.033  -7.406  36.383 0.1111110002
64763  -62.018  -6.852  36.468 0.1111110002
65769  -61.867  -5.894  35.101 0.1111110002
66640  -61.322  -5.443  34.273 0.1111110002
66639  -60.791  -4.911  33.602 0.1111110002
66647  -60.305  -4.551  32.749 0.1111110002
66646  -59.868  -4.087  32.093 0.1111110002
67535  -59.590  -3.250  32.193 0.1111110002
131952  -62.193  -7.379  36.198 0.1111110002
64770  -62.214  -6.829  36.070 0.1111110002
65777  -61.551  -6.209  34.179 0.1111110002
65776  -61.172  -5.642  33.560 0.1111110002
67544  -60.281  -3.646  30.625 0.1111110002
126609  -59.729  -1.650  29.023 0.1111110002
64589  -56.080  -6.766  49.115 0.2222220004
63668  -57.366  -8.047  47.907 0.2222220004
63678  -57.927  -7.765  47.297 0.2222220004
62759  -57.588  -8.130  45.746 0.2222220004
63717  -56.912  -7.370  42.461 0.1111110002
137872  -57.772  -7.196  43.667 0.1111110002
64704  -56.483  -6.556  40.859 0.1111110002
64683  -56.744  -6.854  41.404 0.1111110002
64662  -57.761  -6.580  42.750 0.1111110002
64705  -56.990  -6.355  41.362 0.1111110002
65701  -56.668  -5.841  40.644 0.1111110002
66585  -56.008  -4.712  38.029 0.1111110002
66577  -56.756  -4.343  39.504 0.1111110002
66597  -55.903  -4.546  37.119 0.1111110002
66586  -56.688  -4.089  38.544 0.1111110002
66598  -56.628  -4.025  37.594 0.1111110002
67475  -57.519  -3.533  38.053 0.1111110002
67476  -58.592  -3.117  38.525 0.1111110002
66609  -56.642  -4.030  36.657 0.1111110002
67488  -58.345  -3.359  37.486 0.1111110002
67489  -59.368  -3.271  37.729 0.1111110002
67503  -58.971  -3.497  36.908 0.1111110002
67504  -59.855  -3.782  37.160 0.1111110002
66611  -60.213  -4.487  36.651 0.1111110002
66612  -61.040  -4.881  36.700 0.1111110002
66600  -61.506  -4.264  37.105 0.1111110002
132003  -61.192  -5.796  36.553 0.1111110002
66614  -61.928  -4.767  36.789 0.1111110002
131779  -61.900  -5.489  36.540 0.1111110002
65745  -61.755  -6.197  36.534 0.1111110002
66629  -62.097  -5.092  36.470 0.1111110002
66628  -62.207  -5.319  35.907 0.1111110002
67523  -61.598  -4.206  34.861 0.1111110002
68501  -61.533  -3.250  34.548 0.1111110002
67529  -60.575  -3.256  33.683 0.1111110002
64762  -61.702  -6.942  36.583 0.1111110002
66634  -61.706  -5.043  35.073 0.1111110002
66633  -61.215  -4.767  34.374 0.1111110002
65760  -62.143  -6.178  35.807 0.1111110002
67540  -59.687  -3.572  31.421 0.1111110002
64590  -56.719  -6.860  48.482 0.2222220004
142998  -56.985  -7.308  48.335 0.2222220004
64597  -57.355  -6.835  48.004 0.2222220004
64591  -57.462  -7.499  47.931 0.2222220004
62760  -58.168  -7.821  45.908 0.2222220004
63693  -58.570  -7.396  45.559 0.2222220004
63699  -57.985  -7.389  44.389 0.2222220004
64626  -58.873  -6.755  44.445 0.2222220004
63709  -58.325  -7.030  44.096 0.1111110002
64644  -58.620  -6.589  43.873 0.2222220004
64663  -58.337  -6.333  43.300 0.1111110002
65689  -57.606  -6.011  42.043 0.1111110002
65690  -58.233  -5.320  42.487 0.1111110002
65709  -56.362  -5.367  39.829 0.1111110002
65702  -57.210  -5.411  41.217 0.1111110002
66571  -58.294  -3.757  41.332 0.1111110002
66570  -57.592  -4.269  40.902 0.1111110002
67445  -58.244  -3.380  40.442 0.1111110002
142446  -58.900  -2.873  39.981 0.1111110002
66578  -57.465  -3.767  40.032 0.1111110002
66587  -57.495  -3.505  39.065 0.1111110002
67460  -58.325  -3.143  39.562 0.1111110002
67461  -59.242  -2.812  39.246 0.1111110002
67477  -59.786  -3.012  38.478 0.1111110002
67478  -60.569  -3.005  38.325 0.1111110002
67491  -61.032  -3.521  37.736 0.1111110002
67492  -61.560  -3.489  37.602 0.1111110002
66599  -60.729  -4.060  37.215 0.1111110002
67505  -62.225  -3.696  37.079 0.1111110002
124058  -62.198  -4.389  36.757 0.1111110002
67517  -62.427  -3.820  36.295 0.1111110002
68471  -62.429  -2.887  35.785 0.1111110002
134889  -62.321  -4.621  36.262 0.1111110002
67516  -62.197  -4.429  35.664 0.1111110002
68511  -59.890  -2.765  32.942 0.1111110002
64599  -58.477  -6.315  46.873 0.2222220004
64615  -59.008  -6.821  45.149 0.2222220004
66515  -58.109  -4.942  46.709 0.2222220004
64607  -58.954  -5.648  46.310 0.2222220004
65618  -59.395  -5.287  45.697 0.2222220004
65636  -59.690  -5.375  45.004 0.2222220004
65658  -59.478  -5.729  44.283 0.2222220004
122335  -59.781  -5.037  44.385 0.2222220004
65677  -59.413  -5.128  43.703 0.1111110002
66562  -58.518  -4.305  42.152 0.1111110002
67432  -59.007  -3.302  41.731 0.1111110002
67446  -58.962  -2.875  40.752 0.1111110002
136922  -59.553  -2.565  39.868 0.1111110002
68419  -60.158  -2.323  39.577 0.1111110002
132488  -59.973  -2.684  38.983 0.1111110002
68421  -60.877  -1.834  39.244 0.1111110002
68448  -61.027  -2.400  38.642 0.1111110002
133724  -61.625  -2.848  37.980 0.1111110002
68449  -61.681  -2.020  38.270 0.1111110002
68458  -62.112  -2.471  37.558 0.1111110002
122138  -62.115  -3.150  37.454 0.1111110002
66526  -57.685  -4.376  46.290 0.2222220004
66517  -59.105  -4.760  46.169 0.2222220004
66527  -59.535  -4.582  45.562 0.2222220004
67387  -58.844  -3.397  46.010 0.2222220004
68343  -58.322  -2.677  45.854 0.2222220004
67388  -59.579  -3.600  45.520 0.2222220004
66533  -59.911  -4.439  44.920 0.2222220004
67421  -60.098  -3.114  43.321 0.2222220004
125152  -59.578  -3.228  42.502 0.1111110002
68393  -60.057  -2.380  42.496 0.1111110002
67433  -59.590  -2.630  41.629 0.1111110002
145116  -59.290  -2.723  41.177 0.1111110002
67447  -59.690  -2.366  40.640 0.1111110002
68420  -60.252  -2.022  40.242 0.1111110002
140699  -60.573  -1.669  39.953 0.1111110002
127759  -60.570  -2.121  39.324 0.1111110002
69333  -60.952  -1.313  39.613 0.1111110002
125538  -61.191  -1.933  38.837 0.1111110002
70224  -61.876  -1.072  38.281 0.1111110002
143591  -61.346  -2.367  38.427 0.1111110002
69350  -62.139  -1.596  37.633 0.1111110002
70232  -62.220  -0.674  37.571 0.1111110002
69256  -59.356  -1.842  45.366 0.2222220004
68372  -60.256  -1.848  44.007 0.2222220004
68394  -60.381  -1.718  43.114 0.1111110002
67422  -60.300  -2.391  43.463 0.2222220004
69323  -60.377  -1.572  40.958 0.1111110002
69310  -60.521  -0.845  41.695 0.1111110002
69324  -60.653  -1.064  40.619 0.1111110002
70207  -60.825  -0.488  40.237 0.1111110002
125905  -61.240  -0.595  39.513 0.1111110002
71151  -62.250  0.330  37.435 0.1111110002
69269  -59.980  -1.253  44.398 0.2222220004
69282  -60.175  -1.045  43.700 0.2222220004
138533  -60.071  -0.051  43.385 0.1111110002
69295  -60.426  -0.899  42.776 0.1111110002
70148  -59.330  -0.327  44.491 0.2222220004
70149  -59.769  -0.545  44.217 0.2222220004
72983  -62.358  2.807  30.580 0.1111110002
72993  -62.279  3.082  29.795 0.1111110002
72124  -62.216  2.059  30.964 0.2222220004
72123  -61.617  1.720  30.622 0.1111110002
72982  -61.991  2.434  30.244 0.1111110002
72132  -61.283  2.032  29.875 0.1111110002
73901  -62.085  3.376  29.080 0.1111110002
73001  -61.492  2.977  28.735 0.1111110002
72131  -60.434  1.479  29.388 0.1111110002
73000  -60.629  2.436  28.305 0.1111110002
73907  -61.142  3.202  27.927 0.1111110002
73912  -60.784  3.270  27.189 0.1111110002
73950  -62.287  4.975  22.421 0.2222220004
136185  -62.350  4.673  21.379 0.1111110002
74841  -62.143  5.070  21.196 0.2222220004
74842  -62.407  4.427  20.428 0.2222220004
73984  -62.304  4.275  19.802 0.2222220004
127061  -61.488  4.355  19.984 0.2222220004
73992  -62.476  3.667  19.247 0.2222220004
143936  -59.610  3.222  20.293 0.2222220004
73080  -61.889  3.763  19.162 0.2222220004
121584  -59.456  2.636  19.700 0.2222220004
73079  -60.603  3.356  19.577 0.2222220004
73091  -60.177  2.644  18.947 0.2222220004
125690  -61.230  2.894  18.585 0.2222220004
74741  -62.521  4.453  30.833 0.2222220004
73893  -62.478  3.590  30.192 0.2222220004
125443  -62.436  5.474  29.583 0.1111110002
73902  -62.348  3.796  29.370 0.1111110002
131007  -62.388  5.774  28.743 0.1111110002
74754  -62.381  4.689  28.834 0.1111110002
73908  -61.808  3.711  28.322 0.1111110002
146161  -62.206  4.909  27.443 0.1111110002
74760  -62.112  4.443  27.932 0.1111110002
74761  -62.345  5.473  27.004 0.1111110002
74769  -62.214  5.184  26.420 0.1111110002
74815  -62.165  5.086  23.335 0.2222220004
68344  -59.157  -2.619  45.733 0.2222220004
74726  -62.064  4.748  33.251 0.1111110002
73880  -62.434  4.172  32.821 0.2222220004
68357  -59.958  -1.859  44.803 0.2222220004
37006  -6.901  -34.453  65.709 0.2222220004
75614  -62.336  6.198  27.447 0.1111110002
125640  -62.337  5.359  27.904 0.1111110002
74830  -62.162  5.259  22.050 0.2222220004
74733  -62.230  5.438  31.560 0.2222220004
69342  -61.432  -1.296  38.922 0.1111110002
128917  -62.502  4.503  29.844 0.2222220004
73078  -58.739  2.800  20.428 0.2222220004
131862  -58.359  -7.110  46.865 0.2222220004
64598  -57.964  -6.831  47.460 0.2222220004
67380  -58.507  -4.236  46.313 0.2222220004
65602  -58.382  -5.522  46.876 0.2222220004
52416  -62.703  -19.293  30.969 0.1111110002
53481  -63.041  -19.028  30.755 0.1111110002
52411  -56.664  -19.390  31.757 0.1111110002
52400  -62.272  -19.568  32.763 0.1111110002
52415  -62.025  -19.660  32.113 0.1111110002
143497  -60.231  -19.708  31.710 0.1111110002
124965  -61.650  -19.723  31.321 0.1111110002
52423  -59.554  -19.490  31.173 0.1111110002
121338  -57.308  -19.233  32.907 0.1111110002
52383  -58.156  -19.297  33.370 0.1111110002
52386  -62.270  -19.728  33.376 0.1111110002
61991  -62.940  -9.342  28.962 0.1111110002
52382  -56.460  -19.029  33.125 0.1111110002
121856  -59.306  -19.507  33.732 0.1111110002
52376  -61.433  -19.869  34.292 0.1111110002
122882  -59.910  -19.674  32.979 0.1111110002
62916  -63.455  -8.053  29.286 0.1111110002
62913  -62.549  -8.488  28.930 0.1111110002
58321  -56.474  -13.242  38.166 0.1111110002
53446  -57.982  -18.680  35.497 0.1111110002
126774  -55.982  -10.054  32.288 0.1111110002
54514  -62.278  -18.708  35.022 0.1111110002
60101  -63.203  -11.558  32.371 0.1111110002
143521  -63.757  -9.764  31.596 0.1111110002
61960  -63.872  -9.219  30.399 0.1111110002
64829  -63.569  -6.244  29.026 0.1111110002
65799  -63.708  -5.470  29.136 0.1111110002
60112  -63.599  -11.268  30.281 0.1111110002
63834  -62.859  -7.733  28.747 0.1111110002
135899  -62.589  -6.820  28.570 0.1111110002
62753  -51.689  -8.716  45.959 0.1111110002
122787  -50.785  -9.383  41.807 0.1111110002
142544  -50.405  -9.447  39.136 0.1111110002
122813  -50.072  -9.694  39.661 0.1111110002
142968  -49.427  -9.993  39.522 0.1111110002
61919  -49.713  -9.822  37.900 0.1111110002
61022  -49.417  -10.429  36.427 0.1111110002
61923  -50.238  -9.363  37.512 0.1111110002
60081  -50.577  -11.664  34.684 0.1111110002
59202  -50.547  -12.435  34.666 0.1111110002
61023  -50.067  -10.196  35.921 0.1111110002
61025  -49.604  -10.883  35.590 0.1111110002
61026  -50.172  -10.648  35.283 0.1111110002
58350  -51.970  -13.291  35.154 0.1111110002
59194  -52.102  -12.576  34.883 0.1111110002
135854  -51.104  -12.022  34.611 0.1111110002
59204  -51.787  -11.925  34.700 0.1111110002
57395  -53.813  -13.602  36.308 0.1111110002
56396  -61.573  -15.669  40.282 0.1111110002
58332  -55.275  -13.134  37.279 0.1111110002
57396  -54.531  -13.849  37.008 0.1111110002
59157  -59.207  -12.590  39.064 0.1111110002
58323  -59.694  -12.880  38.846 0.1111110002
58324  -60.405  -13.533  39.296 0.1111110002
56405  -61.694  -15.871  39.573 0.1111110002
57376  -60.873  -14.382  38.983 0.1111110002
55474  -61.939  -16.598  39.009 0.1111110002
57411  -56.399  -14.254  33.734 0.1111110002
55486  -58.834  -16.462  34.623 0.1111110002
61038  -62.557  -10.501  33.781 0.1111110002
64804  -63.716  -7.164  31.064 0.1111110002
135103  -63.777  -6.234  29.961 0.1111110002
66664  -63.699  -4.735  29.358 0.1111110002
61863  -52.006  -9.049  42.899 0.1111110002
61888  -51.588  -9.186  42.095 0.1111110002
61913  -51.037  -9.373  39.882 0.1111110002
62834  -51.627  -8.636  39.380 0.1111110002
61925  -50.235  -9.555  36.562 0.1111110002
130168  -50.542  -10.070  35.242 0.1111110002
60082  -51.313  -11.292  34.643 0.1111110002
65757  -55.216  -4.983  35.721 0.1111110002
64767  -53.283  -6.278  35.269 0.1111110002
60083  -52.332  -10.874  34.731 0.1111110002
59197  -54.464  -11.402  35.883 0.1111110002
59184  -54.178  -12.275  36.138 0.1111110002
59176  -56.896  -12.050  37.691 0.1111110002
59178  -58.328  -12.270  38.167 0.1111110002
59179  -58.991  -12.487  38.462 0.1111110002
58335  -59.420  -12.995  38.145 0.1111110002
57388  -60.498  -14.706  38.242 0.1111110002
56412  -61.236  -15.439  38.601 0.1111110002
56427  -58.161  -15.998  34.355 0.1111110002
56424  -59.483  -16.194  35.992 0.1111110002
55480  -60.446  -16.510  36.433 0.1111110002
53436  -62.105  -18.897  36.369 0.1111110002
55482  -62.064  -17.435  37.198 0.1111110002
53449  -62.207  -19.103  35.602 0.1111110002
66663  -63.653  -4.195  29.447 0.1111110002
68532  -63.547  -2.908  28.920 0.1111110002
62864  -63.321  -8.988  34.610 0.1111110002
62873  -63.447  -8.826  33.612 0.1111110002
132619  -63.525  -5.120  30.194 0.1111110002
125684  -63.310  -4.916  30.410 0.1111110002
68537  -63.706  -2.589  28.210 0.1111110002
140156  -63.814  -2.894  27.935 0.1111110002
69445  -63.627  -1.674  27.177 0.1111110002
60077  -53.305  -11.005  35.056 0.1111110002
59177  -57.686  -12.105  37.883 0.1111110002
57399  -59.291  -14.623  37.076 0.1111110002
53404  -62.059  -18.162  37.858 0.1111110002
139464  -60.865  -15.617  37.941 0.1111110002
67549  -60.830  -3.142  29.837 0.1111110002
61928  -62.766  -9.007  35.531 0.1111110002
63744  -56.261  -7.068  41.076 0.1111110002
63758  -55.195  -6.983  40.112 0.1111110002
64750  -53.720  -6.682  37.958 0.1111110002
65790  -61.765  -5.793  32.217 0.1111110002
70315  -62.318  -0.587  25.882 0.1111110002
124322  -56.756  -4.468  34.889 0.1111110002
62707  -56.865  -8.391  48.225 0.2222220004
123775  -57.367  -8.463  46.570 0.2222220004
62758  -56.872  -8.576  45.961 0.2222220004
62773  -58.112  -7.658  45.180 0.2222220004
62794  -55.463  -8.209  42.749 0.1111110002
63731  -57.193  -6.849  42.053 0.1111110002
65720  -56.164  -5.009  38.934 0.1111110002
67514  -57.862  -3.785  35.895 0.1111110002
67487  -57.424  -3.613  37.115 0.1111110002
66626  -58.657  -4.245  35.603 0.1111110002
66613  -61.643  -5.253  36.634 0.1111110002
67522  -60.899  -4.118  34.127 0.1111110002
65746  -62.037  -6.018  36.320 0.1111110002
62747  -57.877  -8.114  46.603 0.2222220004
63718  -57.492  -7.064  42.914 0.1111110002
64643  -58.017  -6.812  43.454 0.1111110002
66569  -56.912  -4.777  40.403 0.1111110002
67490  -60.321  -3.437  37.807 0.1111110002
67493  -61.920  -3.480  37.499 0.1111110002
66601  -61.962  -4.059  37.211 0.1111110002
64606  -58.765  -6.760  46.089 0.2222220004
64627  -59.332  -6.216  44.730 0.2222220004
65657  -58.964  -5.998  43.774 0.1111110002
65676  -58.667  -5.647  43.153 0.1111110002
65675  -58.087  -6.054  42.757 0.1111110002
66554  -58.952  -4.765  42.875 0.1111110002
66561  -57.814  -4.841  41.759 0.1111110002
68434  -60.601  -2.532  38.768 0.1111110002
124269  -61.112  -2.974  38.189 0.1111110002
68486  -62.159  -3.572  35.347 0.1111110002
66544  -59.965  -4.358  44.125 0.2222220004
67407  -60.150  -3.620  43.918 0.2222220004
66555  -59.670  -4.047  43.282 0.1111110002
67420  -59.123  -3.931  42.515 0.1111110002
68345  -59.789  -2.672  45.164 0.2222220004
125446  -60.039  -3.582  44.691 0.2222220004
67393  -60.227  -2.742  44.250 0.2222220004
68408  -60.344  -1.614  42.052 0.1111110002
68407  -60.034  -2.064  41.311 0.1111110002
72975  -62.414  2.535  31.424 0.1111110002
73887  -62.505  3.454  31.125 0.1111110002
72992  -61.780  2.716  29.485 0.1111110002
72991  -60.985  2.258  29.096 0.1111110002
136138  -62.190  3.988  28.709 0.1111110002
140778  -61.557  3.959  27.309 0.1111110002
73090  -58.485  2.288  19.636 0.2222220004
123511  -62.072  4.725  27.051 0.1111110002
35040  -8.023  -36.426  66.577 0.1111110002
134290  -5.653  -35.259  63.812 0.1111110002
35074  -5.721  -35.844  63.234 0.1111110002
140616  -5.403  -35.794  62.755 0.1111110002
35039  -7.576  -36.299  66.280 0.1111110002
139875  -6.926  -35.317  65.859 0.1111110002
35048  -6.205  -35.265  64.462 0.1111110002
36036  -6.747  -34.973  65.615 0.1111110002
36049  -5.586  -34.817  64.221 0.1111110002
37029  -5.787  -34.363  64.422 0.1111110002
36056  -5.262  -34.774  63.772 0.1111110002
36075  -5.107  -35.295  62.540 0.1111110002
37042  -5.304  -34.403  64.043 0.1111110002
145190  -4.677  -34.240  63.100 0.1111110002
36074  -4.822  -34.630  62.159 0.1111110002
135933  -4.770  -33.188  62.954 0.1111110002
38086  -4.677  -33.287  62.064 0.1111110002
138004  -5.090  -32.157  62.770 0.1111110002
138016  -4.751  -32.684  62.287 0.1111110002
130376  -5.083  -31.517  62.253 0.1111110002
129622  -5.236  -31.521  62.498 0.1111110002
40175  -4.747  -31.621  61.215 0.1111110002
41127  -5.007  -30.576  61.987 0.1111110002
42101  -4.714  -29.499  61.995 0.1111110002
42115  -4.646  -29.672  61.866 0.1111110002
41113  -5.154  -30.435  62.169 0.1111110002
41143  -4.951  -31.110  61.762 0.1111110002
43096  -4.852  -28.422  62.122 0.1111110002
43109  -4.520  -28.775  61.994 0.1111110002
42088  -4.971  -28.956  62.112 0.1111110002
42089  -5.556  -28.487  62.442 0.1111110002
134065  -4.766  -30.245  61.758 0.1111110002
41114  -5.307  -29.951  62.284 0.1111110002
131708  -4.769  -30.119  61.236 0.1111110002
125394  -4.907  -27.900  62.129 0.1111110002
43083  -5.451  -27.867  62.597 0.1111110002
43066  -5.903  -27.552  63.348 0.1111110002
42124  -4.560  -29.456  61.771 0.1111110002
43120  -4.672  -28.705  61.664 0.1111110002
44944  -5.620  -26.263  63.605 0.1111110002
44044  -5.646  -26.682  63.705 0.1111110002
44029  -6.024  -26.752  64.412 0.1111110002
44943  -5.274  -26.671  63.056 0.1111110002
126134  -5.717  -27.174  63.592 0.1111110002
44079  -5.026  -27.249  62.169 0.1111110002
121137  -6.179  -27.986  62.946 0.1111110002
122262  -5.025  -27.917  61.570 0.1111110002
45865  -5.345  -26.228  63.064 0.1111110002
45871  -5.188  -26.221  62.571 0.1111110002
44984  -5.206  -26.649  61.845 0.1111110002
43067  -6.327  -27.532  64.370 0.1111110002
43007  -22.223  -29.177  70.516 0.1111110002
134582  -62.278  2.271  20.471 0.1111110002
73081  -62.675  2.994  19.859 0.1111110002
72195  -62.407  1.677  19.755 0.1111110002
62705  -55.940  -8.518  49.088 0.1111110002
62728  -56.594  -8.831  47.880 0.1111110002
73986  -62.731  3.893  20.051 0.1111110002
143114  -62.130  1.187  18.443 0.1111110002
73108  -62.586  2.303  18.814 0.1111110002
71290  -62.401  1.702  18.609 0.1111110002
66452  -52.725  -5.037  51.162 0.1111110002
64574  -55.202  -6.873  50.205 0.1111110002
71281  -61.939  0.629  18.765 0.1111110002
73092  -62.085  3.018  18.463 0.1111110002
73107  -62.312  2.394  18.412 0.1111110002
72115  -62.272  1.753  31.740 0.1111110002
135113  -62.503  3.287  32.105 0.1111110002
73106  -61.323  2.416  17.730 0.1111110002
72217  -61.475  1.718  17.337 0.1111110002
73120  -61.761  2.246  17.824 0.1111110002
133994  -62.457  4.364  31.845 0.1111110002
73119  -61.153  2.080  17.040 0.1111110002
73077  -57.784  2.432  20.399 0.1111110002
73105  -60.397  2.451  17.800 0.1111110002
73075  -55.436  2.395  20.871 0.1111110002
70399  -52.952  -0.568  18.900 0.1111110002
70415  -53.501  -0.578  18.152 0.1111110002
70370  -51.057  -0.620  21.010 0.1111110002
121831  -52.373  -0.535  19.755 0.1111110002
70430  -53.932  -0.237  17.562 0.1111110002
71299  -54.755  0.270  17.063 0.1111110002
70398  -51.969  -0.536  18.802 0.1111110002
70429  -52.240  -0.410  17.476 0.1111110002
138834  -53.032  -0.454  17.662 0.1111110002
71298  -52.968  -0.153  17.295 0.1111110002
127788  -53.776  0.239  17.112 0.1111110002
146558  -53.651  0.611  16.887 0.1111110002
71314  -54.496  0.860  16.617 0.1111110002
72227  -55.534  1.436  15.739 0.1111110002
72238  -56.396  2.021  14.868 0.1111110002
123979  -51.294  -0.488  19.692 0.1111110002
71313  -52.866  0.364  16.942 0.1111110002
72225  -53.440  1.212  16.692 0.1111110002
72226  -54.656  1.748  16.106 0.1111110002
72237  -55.626  2.075  15.302 0.1111110002
73126  -53.671  2.422  16.331 0.1111110002
74013  -54.444  3.124  15.709 0.1111110002
74026  -55.448  3.258  15.018 0.1111110002
73140  -56.207  2.694  14.642 0.1111110002
141471  -57.030  2.552  14.395 0.1111110002
126592  -51.144  -0.502  18.697 0.1111110002
135463  -54.769  5.870  17.388 0.1111110002
70413  -51.503  -0.542  17.932 0.1111110002
74877  -56.764  4.618  15.756 0.1111110002
73127  -55.041  2.550  15.508 0.1111110002
74878  -57.105  4.280  15.003 0.1111110002
74015  -57.338  3.546  15.104 0.1111110002
74027  -56.409  3.396  14.503 0.1111110002
73145  -56.934  3.053  14.315 0.1111110002
74028  -57.134  3.345  14.623 0.1111110002
76639  -54.247  6.591  17.818 0.1111110002
142506  -54.609  7.296  17.633 0.1111110002
75721  -55.359  5.174  16.972 0.1111110002
135518  -57.037  5.985  16.033 0.1111110002
75722  -56.436  5.223  16.269 0.1111110002
75726  -56.991  5.173  15.402 0.1111110002
74884  -56.943  4.064  14.736 0.1111110002
136283  -55.823  5.950  16.711 0.1111110002
51991  -38.682  -19.489  66.814 0.1111110002
51992  -39.145  -19.234  66.941 0.1111110002
53064  -39.627  -18.817  66.750 0.1111110002
53081  -40.118  -17.982  66.030 0.1111110002
66467  -53.120  -5.060  50.916 0.1111110002
42048  -21.928  -29.440  70.603 0.1111110002
37016  -6.194  -34.324  64.949 0.1111110002
127886  -4.905  -33.640  63.445 0.1111110002
40144  -4.929  -32.381  62.662 0.1111110002
73064  -56.127  2.710  21.551 0.1111110002
41065  -22.485  -29.809  70.411 0.1111110002
61897  -37.588  -9.218  40.788 0.1111110002
71305  -61.144  1.227  17.102 0.1111110002
72239  -57.202  1.990  14.612 0.1111110002
137358  -57.255  2.781  14.467 0.1111110002
63631  -54.978  -7.174  50.352 0.1111110002
129063  -61.687  4.474  23.738 0.1111110002
72201  -59.295  2.396  18.792 0.1111110002
63651  -55.591  -7.582  49.888 0.1111110002
73985  -62.641  4.013  19.766 0.1111110002
73993  -62.670  3.479  19.464 0.1111110002
137278  -5.276  -35.296  63.245 0.1111110002
36062  -4.940  -34.585  63.056 0.1111110002
37053  -5.041  -34.178  63.606 0.1111110002
137350  -4.712  -33.926  62.543 0.1111110002
40158  -4.796  -32.068  61.842 0.1111110002
138839  -4.963  -30.599  61.923 0.1111110002
41161  -4.797  -30.788  61.398 0.1111110002
127478  -4.378  -28.941  61.988 0.1111110002
44043  -5.315  -27.146  62.992 0.1111110002
146330  -5.151  -27.632  62.398 0.1111110002
121940  -4.865  -29.311  61.002 0.1111110002
42142  -4.877  -30.016  60.419 0.1111110002
44062  -5.154  -27.165  62.515 0.1111110002
122988  -4.692  -28.147  61.997 0.1111110002
44954  -5.165  -26.689  62.581 0.1111110002
44968  -5.106  -26.681  62.245 0.1111110002
125549  -5.046  -27.313  61.958 0.1111110002
136091  -6.562  -28.067  63.994 0.1111110002
45879  -5.126  -26.109  62.243 0.1111110002
73094  -62.667  2.581  19.240 0.1111110002
73093  -62.584  3.010  18.878 0.1111110002
72210  -62.030  1.740  18.032 0.1111110002
70414  -52.544  -0.595  18.074 0.1111110002
70385  -50.232  -0.522  20.024 0.1111110002
70397  -50.435  -0.478  19.044 0.1111110002
71297  -52.048  -0.096  16.987 0.1111110002
73125  -52.229  1.770  16.565 0.1111110002
74012  -52.427  2.918  16.394 0.1111110002
74876  -53.446  3.477  16.152 0.1111110002
121895  -55.711  3.847  14.728 0.1111110002
74890  -56.877  3.506  14.491 0.1111110002
76644  -55.198  6.680  17.226 0.1111110002
35055  -29.282  -36.678  66.053 0.1111110002
36035  -6.165  -34.691  64.768 0.1111110002
37003  -26.930  -34.123  68.179 0.1111110002
37014  -27.404  -34.662  67.788 0.1111110002
38014  -9.305  -33.516  69.425 0.4444440007
38035  -7.059  -34.141  65.761 0.4444440007
38106  -39.931  -33.008  61.007 0.1111110002
39041  -11.412  -32.030  71.308 0.4444440007
39045  -10.880  -32.240  70.857 0.5555559993
39059  -25.530  -31.859  68.749 0.1111110002
39064  -9.145  -33.320  68.433 0.5555559993
39079  -10.371  -33.260  66.909 0.6666669846
39103  -35.834  -31.769  65.660 0.1111110002
39156  -38.179  -32.657  62.326 0.1111110002
39164  -40.527  -32.634  61.151 0.1111110002
39176  -39.363  -32.797  60.659 0.1111110002
40032  -12.712  -31.180  71.816 0.5555559993
40052  -25.164  -30.767  69.438 0.1111110002
40096  -27.112  -31.681  67.530 0.6666669846
40174  -38.552  -31.864  62.080 0.1111110002
40183  -39.078  -31.123  61.707 0.1111110002
40186  -41.069  -31.871  61.378 0.1111110002
40187  -41.810  -31.623  61.194 0.1111110002
40193  -43.337  -31.339  60.199 0.1111110002
41052  -14.625  -30.048  72.096 0.1111110002
41057  -13.326  -30.138  72.003 0.4444440007
41059  -15.943  -29.578  71.703 0.3333329856
41079  -25.337  -30.447  69.422 0.1111110002
41160  -38.737  -30.471  61.736 0.1111110002
41177  -42.482  -31.000  61.042 0.1111110002
42052  -24.469  -29.739  70.027 0.1111110002
42136  -40.629  -29.528  61.464 0.1111110002
43002  -17.909  -28.936  71.249 0.5555559993
43023  -25.579  -29.402  68.612 0.6666669846
43024  -33.688  -27.831  67.676 0.3333329856
43036  -33.150  -28.102  67.557 0.3333329856
43037  -33.598  -28.351  67.593 0.3333329856
43049  -32.386  -27.744  67.063 0.3333329856
43050  -32.933  -28.504  67.258 0.3333329856
43057  -15.113  -29.387  66.995 0.7777780294
43128  -32.488  -28.606  61.150 0.8888890147
43129  -39.862  -28.375  61.464 0.1111110002
43131  -41.344  -28.668  61.476 0.1111110002
43142  -30.105  -29.207  59.850 0.8888890147
43144  -31.661  -28.837  60.180 0.8888890147
43967  -21.833  -28.142  69.630 0.7777780294
43972  -33.508  -27.062  67.835 0.2222220004
43986  -23.632  -28.133  68.357 0.7777780294
43989  -32.377  -26.851  67.677 0.3333329856
43991  -33.209  -27.726  67.696 0.3333329856
43992  -33.955  -27.859  67.643 0.2222220004
44038  -23.302  -28.007  64.930 0.7777780294
44059  -32.032  -27.471  64.791 0.8888890147
44087  -23.446  -27.738  62.691 0.7777780294
44108  -40.479  -27.973  61.487 0.1111110002
44123  -32.029  -27.564  60.535 0.8888890147
44157  -28.131  -27.428  56.493 0.4444440007
44911  -32.972  -26.005  68.491 0.3333329856
44920  -32.601  -26.423  68.071 0.3333329856
44921  -34.104  -26.880  67.598 0.3333329856
44932  -31.215  -25.894  66.155 0.4444440007
44942  -36.656  -25.770  65.721 0.1111110002
44962  -31.103  -25.723  63.515 1.0000000000
44978  -31.795  -26.717  61.950 1.0000000000
44980  -39.855  -26.519  61.816 0.1111110002
44995  -31.705  -26.785  61.042 0.8888890147
44997  -41.264  -27.088  61.528 0.1111110002
45084  -25.965  -26.260  54.891 0.1111110002
45088  -29.397  -26.462  55.618 0.5555559993
45835  -32.981  -25.322  68.652 0.3333329856
45836  -34.485  -25.064  68.827 0.2222220004
45840  -32.044  -25.130  67.843 0.3333329856
45848  -31.354  -24.963  66.863 0.3333329856
45855  -31.216  -25.200  66.249 0.3333329856
45907  -29.996  -25.045  60.043 0.8888890147
45921  -30.095  -25.154  59.094 0.8888890147
45936  -30.610  -26.054  58.417 0.8888890147
45988  -26.332  -25.637  52.618 0.1111110002
46766  -33.484  -24.714  68.828 0.2222220004
46768  -35.098  -24.332  68.901 0.1111110002
46769  -35.752  -23.597  68.901 0.1111110002
46782  -36.140  -24.027  68.497 0.1111110002
46797  -31.670  -24.699  67.327 0.3333329856
46881  -29.961  -24.394  60.488 0.8888890147
46890  -35.036  -24.551  58.913 0.7777780294
46911  -34.687  -24.449  57.471 0.8888890147
46912  -35.357  -24.573  57.525 0.8888890147
47794  -34.573  -23.530  68.740 0.1111110002
47802  -32.808  -23.913  68.129 0.3333329856
47803  -33.464  -23.529  68.365 0.3333329856
47804  -34.329  -23.166  68.502 0.1111110002
47821  -31.405  -24.279  65.699 0.3333329856
47822  -31.589  -24.134  66.459 0.4444440007
47824  -38.430  -22.889  66.875 0.1111110002
47874  -35.518  -23.368  63.944 0.5555559993
47888  -30.118  -24.203  62.075 1.0000000000
47890  -30.837  -23.907  62.969 0.8888890147
47894  -35.794  -23.706  62.790 0.7777780294
48048  -34.093  -22.973  52.512 0.4444440007
48858  -34.774  -22.392  68.627 0.3333329856
48860  -35.583  -22.176  69.194 0.2222220004
48867  -33.161  -22.978  67.592 0.4444440007
48875  -32.737  -23.096  66.876 0.3333329856
48879  -38.949  -22.360  66.766 0.1111110002
49049  -35.808  -23.242  54.091 0.5555559993
49946  -34.961  -21.908  68.879 0.2222220004
49947  -35.558  -21.881  69.066 0.2222220004
49948  -36.332  -21.576  68.719 0.2222220004
49962  -34.805  -21.991  68.139 0.3333329856
50004  -39.187  -21.064  62.103 0.7777780294
50080  -29.651  -21.798  55.328 0.5555559993
50908  -37.798  -20.493  67.627 0.1111110002
52096  -41.479  -18.844  59.652 0.8888890147
52368  -61.590  -19.601  35.426 0.1111110002
52396  -58.170  -19.416  32.632 0.1111110002
52426  -62.649  -19.473  30.508 0.1111110002
53079  -39.086  -18.955  66.482 0.1111110002
53207  -42.792  -18.364  54.627 0.8888890147
53403  -61.553  -18.276  38.358 0.1111110002
53426  -62.059  -18.528  37.057 0.1111110002
53437  -62.235  -18.627  36.242 0.1111110002
53458  -58.358  -18.934  34.850 0.1111110002
54299  -43.906  -17.332  54.366 1.0000000000
54510  -62.231  -18.406  35.874 0.1111110002
55366  -39.075  -16.243  47.779 0.1111110002
57359  -61.503  -14.979  40.105 0.1111110002
57377  -61.404  -15.186  39.366 0.1111110002
57385  -55.688  -13.513  37.736 0.1111110002
57421  -58.377  -14.661  31.600 0.1111110002
58351  -52.739  -12.782  35.287 0.1111110002
59015  -47.314  -13.114  59.501 0.2222220004
59168  -58.667  -12.484  38.621 0.1111110002
59208  -55.413  -12.084  33.413 0.1111110002
59213  -55.692  -12.121  32.921 0.1111110002
61869  -39.247  -9.288  42.202 0.2222220004
61950  -56.327  -9.388  32.231 0.1111110002
62577  -47.856  -7.819  58.146 0.2222220004
62685  -55.514  -8.203  49.605 0.1111110002
62686  -55.975  -8.121  49.434 0.2222220004
63518  -47.599  -7.204  58.039 0.2222220004
63652  -56.178  -7.737  49.258 0.2222220004
63686  -58.310  -7.568  46.395 0.2222220004
63700  -58.546  -7.229  44.781 0.2222220004
63708  -57.230  -7.446  43.258 0.1111110002
63790  -54.228  -7.388  33.118 0.1111110002
64456  -47.766  -6.604  57.901 0.2222220004
64616  -59.288  -6.049  45.468 0.2222220004
64645  -59.106  -6.300  44.205 0.2222220004
64680  -47.189  -6.436  41.361 0.7777780294
65490  -46.227  -5.365  55.016 0.3333329856
65543  -53.293  -5.597  50.912 0.1111110002
65557  -54.097  -6.065  50.648 0.2222220004
65563  -54.548  -6.000  50.304 0.2222220004
65614  -52.013  -5.848  45.596 0.5555559993
65772  -54.695  -5.771  33.769 0.1111110002
65775  -58.141  -5.923  33.879 0.1111110002
65795  -63.621  -5.600  30.170 0.1111110002
66516  -58.641  -4.939  46.612 0.2222220004
66625  -57.596  -4.234  35.141 0.1111110002
67381  -59.180  -4.067  46.011 0.2222220004
68392  -55.817  -1.873  43.173 0.5555559993
69382  -55.467  -1.834  34.174 0.7777780294
69453  -63.555  -1.535  26.493 0.1111110002
70166  -59.504  0.189  43.966 0.2222220004
70188  -38.240  -0.567  41.892 0.1111110002
70200  -39.066  -0.823  40.629 0.1111110002
70220  -55.352  -0.489  39.053 0.7777780294
70302  -55.614  -0.313  28.074 0.6666669846
71108  -57.715  0.967  42.472 0.5555559993
71223  -53.909  1.058  25.973 0.3333329856
72052  -58.089  1.122  39.187 0.6666669846
72121  -57.927  1.914  31.135 0.6666669846
72141  -56.343  1.045  27.040 0.6666669846
72893  -59.980  2.042  40.848 0.5555559993
72900  -60.552  2.292  39.693 0.4444440007
72911  -59.788  2.831  38.570 0.5555559993
73004  -50.448  2.387  27.490 0.1111110002
73086  -54.307  2.835  19.576 0.2222220004
73885  -59.454  3.780  31.710 0.6666669846
73915  -50.308  3.624  26.621 0.2222220004
74725  -61.711  4.844  33.431 0.5555559993
74742  -48.868  4.782  29.522 0.1111110002
74745  -60.558  6.111  29.700 0.6666669846
74756  -48.569  4.791  27.845 0.1111110002
74765  -49.413  4.536  26.656 0.1111110002
74774  -49.710  4.877  25.957 0.2222220004
74814  -56.681  5.596  23.537 0.5555559993
74825  -52.115  3.895  22.195 0.2222220004
74837  -52.270  4.196  21.282 0.2222220004
75586  -61.830  5.910  31.638 0.3333329856
75589  -49.183  5.896  30.265 0.1111110002
75602  -61.021  6.440  29.142 0.6666669846
75606  -48.295  5.315  29.168 0.1111110002
75628  -48.806  5.841  25.486 0.2222220004
75647  -49.881  5.069  25.211 0.2222220004
76550  -62.004  6.356  30.087 0.5555559993
76561  -62.159  6.501  28.671 0.3333329856
76563  -47.774  6.862  27.277 0.1111110002
76564  -47.797  6.311  27.929 0.1111110002
76565  -61.279  6.581  27.814 0.6666669846
76599  -49.278  6.460  24.089 0.3333329856
77453  -51.108  8.148  31.290 0.1111110002
77461  -48.937  7.301  30.220 0.1111110002
77470  -47.887  7.499  28.573 0.1111110002
77495  -49.460  7.238  23.737 0.2222220004
77502  -50.685  7.390  22.283 0.1111110002
78337  -49.869  8.795  30.870 0.1111110002
78346  -48.491  8.095  26.296 0.1111110002
78354  -48.689  7.846  25.597 0.2222220004
78376  -51.819  8.637  21.645 0.1111110002
79206  -49.314  9.592  29.859 0.1111110002
79209  -48.719  9.140  28.565 0.1111110002
79212  -48.749  9.013  27.641 0.1111110002
79223  -50.395  9.501  25.936 0.1111110002
79234  -50.339  9.304  24.661 0.1111110002
80066  -49.688  10.160  29.478 0.1111110002
121455  -54.756  -1.987  35.409 0.7777780294
121879  -34.079  -22.641  67.686 0.4444440007
122033  -22.554  -27.905  64.909 0.7777780294
122954  -30.518  -24.230  62.751 1.0000000000
123274  -48.011  6.671  26.420 0.1111110002
123782  -23.598  -29.410  70.367 0.2222220004
124668  -32.550  -23.282  58.014 0.7777780294
124768  -56.983  -8.308  45.210 0.2222220004
127051  -55.572  3.329  25.404 0.5555559993
127521  -31.681  -22.546  56.018 0.7777780294
128988  -63.179  -7.675  32.996 0.1111110002
129833  -23.381  -29.504  70.440 0.4444440007
130086  -26.482  -33.460  68.291 0.1111110002
130730  -57.762  -15.228  32.336 0.1111110002
131946  -51.234  8.032  21.930 0.1111110002
132613  -58.400  1.327  37.810 0.6666669846
132691  -56.425  -7.324  48.901 0.2222220004
133359  -41.275  -30.322  61.467 0.1111110002
133682  -31.567  -26.831  65.277 0.7777780294
134505  -31.967  -26.540  67.396 0.3333329856
135242  -50.980  5.829  30.649 0.1111110002
135887  -47.916  5.821  28.651 0.1111110002
135905  -21.092  -28.101  69.717 0.6666669846
136470  -57.328  -5.900  47.328 0.3333329856
136653  -25.568  -30.228  69.243 0.2222220004
136865  -53.183  -6.842  34.167 0.1111110002
136898  -30.069  -24.019  59.256 0.8888890147
136899  -55.350  -8.561  49.114 0.1111110002
137599  -36.518  -2.224  41.550 0.1111110002
138121  -42.446  -14.857  52.651 1.0000000000
139185  -59.276  -6.351  34.566 0.1111110002
139210  -49.553  8.349  24.593 0.1111110002
139227  -49.977  10.183  27.860 0.1111110002
139367  -32.680  -29.539  62.038 0.8888890147
139456  -31.310  -24.376  64.982 0.7777780294
139887  -33.935  -25.720  68.616 0.3333329856
140570  -40.328  -32.967  61.014 0.1111110002
140600  -33.453  -25.522  68.764 0.3333329856
140786  -27.550  -26.008  53.630 0.1111110002
141144  -35.281  -23.720  54.570 0.6666669846
141187  -42.289  -5.806  43.641 0.7777780294
141198  -43.604  -17.935  55.564 1.0000000000
141678  -9.127  -30.400  61.657 0.1111110002
141714  -32.088  -23.628  65.154 0.6666669846
141774  -62.124  -17.682  38.170 0.1111110002
142028  -32.316  -27.140  67.408 0.3333329856
142661  -56.818  -1.209  44.070 0.5555559993
142834  -52.372  -4.221  50.884 0.2222220004
143359  -47.701  -10.979  57.594 0.2222220004
143700  -41.274  -12.871  52.174 0.8888890147
143897  -41.041  -29.128  61.473 0.1111110002
144210  -26.271  -27.381  59.411 0.6666669846
144518  -60.253  -18.532  38.473 0.1111110002
144793  -37.421  -21.876  63.956 0.5555559993
144892  -32.156  -35.890  65.983 0.5555559993
145321  -33.506  -31.473  66.597 0.5555559993
145561  -26.683  -29.977  66.886 0.7777780294
145748  -49.511  7.313  30.537 0.1111110002
145815  -63.188  -10.059  34.175 0.1111110002
145874  -34.669  -29.360  66.892 0.2222220004
146044  -41.164  -16.906  64.549 0.3333329856
146317  -62.343  6.204  28.118 0.3333329856
146500  -34.441  -29.400  67.154 0.2222220004
146709  -43.574  -9.736  55.351 0.4444440007
