#!ascii label  , from subject sub-v2s4x29583_ses-1 vox2ras=TkReg
3595
145105  -53.197  24.471  24.011 0.6999999881
91485  -52.518  24.610  22.488 0.6999999881
91468  -53.137  24.501  23.213 0.8000000119
140272  -54.063  24.512  22.937 0.6999999881
91483  -50.707  24.884  22.707 0.6999999881
92365  -50.463  25.381  21.565 0.6999999881
91466  -50.832  24.745  23.372 0.6000000238
91500  -51.012  24.978  22.072 0.6999999881
92366  -51.360  25.240  21.333 0.6999999881
133085  -52.490  24.488  23.852 0.6000000238
91484  -51.553  24.698  22.740 0.6999999881
91501  -51.906  24.826  21.885 0.8000000119
91449  -53.639  24.609  24.592 0.5000000000
91486  -53.424  24.607  22.321 0.8000000119
91502  -52.813  24.816  21.722 0.8000000119
93163  -59.616  26.655  20.989 0.8999999762
93165  -61.716  26.561  21.263 0.8999999762
94631  -60.336  28.135  12.775 0.8000000119
92364  -49.583  25.609  21.874 0.6999999881
92381  -49.948  25.876  21.103 0.6999999881
92382  -50.820  25.632  20.787 0.6999999881
93185  -50.668  26.430  19.546 0.6999999881
91503  -54.298  24.658  22.101 0.6999999881
92367  -52.247  25.136  21.149 0.8000000119
92383  -51.699  25.459  20.527 0.8000000119
92368  -53.104  25.130  21.028 0.6999999881
92384  -52.595  25.355  20.377 0.8000000119
92400  -52.072  25.719  19.633 0.8000000119
146617  -51.403  26.196  19.336 0.6999999881
92369  -54.498  24.970  21.264 0.6999999881
92385  -53.466  25.326  20.345 0.8000000119
145769  -54.890  25.163  20.813 0.6999999881
93188  -53.478  25.853  19.150 0.8000000119
92387  -55.381  25.357  20.371 0.6999999881
92414  -54.252  25.972  18.866 0.8000000119
92388  -56.383  25.595  20.131 0.8000000119
93189  -56.173  26.077  18.840 0.8999999762
93190  -57.048  26.335  18.989 0.8999999762
93175  -59.097  26.664  20.321 0.8999999762
93191  -57.994  26.593  19.201 0.8999999762
93205  -56.634  26.594  18.207 0.8999999762
93192  -58.949  26.942  19.472 0.8999999762
91516  -61.531  25.233  20.957 0.8999999762
93177  -61.176  27.152  20.638 0.8999999762
91506  -60.571  24.487  21.410 0.8000000119
89124  -56.861  21.730  20.883 0.8000000119
89890  -56.913  21.822  20.096 0.8000000119
89891  -57.283  22.225  20.775 0.8000000119
135013  -57.286  22.463  19.894 0.8000000119
90687  -57.988  23.856  18.987 0.8999999762
91531  -58.621  24.292  18.387 0.8000000119
90702  -58.676  24.052  17.775 0.8000000119
92434  -60.663  25.895  16.419 0.8000000119
94630  -59.588  28.442  12.367 0.8000000119
94640  -58.613  28.672  11.511 0.8000000119
93162  -49.124  26.166  21.460 0.5000000000
93173  -49.451  26.447  20.699 0.6000000238
121549  -50.311  26.142  20.319 0.6999999881
93199  -51.128  26.755  18.731 0.6999999881
93186  -52.003  26.310  18.849 0.8000000119
93202  -53.447  26.195  18.546 0.8999999762
121128  -54.055  26.333  18.138 1.0000000000
93940  -54.323  26.694  17.409 1.0000000000
93204  -55.743  26.370  18.199 0.8999999762
143663  -56.068  26.610  17.810 0.8999999762
93220  -57.371  27.053  17.691 0.8999999762
93219  -56.439  26.881  17.493 0.8999999762
92392  -61.959  26.443  20.222 0.8999999762
93904  -60.759  27.467  20.016 0.8999999762
93207  -58.734  27.147  18.702 0.8999999762
127749  -58.537  23.462  21.172 0.8000000119
90679  -59.343  24.236  20.888 0.8000000119
92391  -62.026  25.928  20.501 0.8999999762
93915  -60.579  27.667  19.296 1.0000000000
91515  -60.316  24.839  20.493 0.8000000119
92407  -61.719  26.320  19.622 0.8000000119
93916  -61.213  27.540  19.563 0.8999999762
90671  -57.737  23.002  20.490 0.8000000119
90678  -58.342  23.873  20.044 0.8000000119
91524  -61.094  25.556  20.026 0.8999999762
91522  -58.827  24.435  19.241 0.8999999762
91523  -59.851  25.051  19.556 0.8999999762
90686  -57.609  23.189  19.499 0.8000000119
91532  -59.463  25.034  18.601 0.8000000119
92416  -60.391  25.745  18.087 0.8999999762
93228  -61.226  27.525  16.818 0.8000000119
93973  -60.713  28.164  15.414 0.8000000119
94588  -59.847  28.206  15.040 0.8000000119
94602  -59.320  28.398  14.034 0.8999999762
92427  -61.234  26.844  17.070 0.8000000119
123702  -60.987  27.952  16.166 0.8000000119
138606  -60.106  28.332  14.107 0.8000000119
92435  -61.266  26.721  16.155 0.8000000119
93982  -60.710  28.258  14.572 0.8000000119
94639  -58.141  28.872  10.939 0.8000000119
92440  -47.803  25.229  15.726 0.1000000015
94031  -56.714  28.940  9.518 0.6999999881
92447  -47.979  25.751  14.961 0.1000000015
92448  -48.397  25.302  14.371 0.2000000030
92459  -48.555  25.493  13.623 0.2000000030
91586  -48.799  24.411  11.880 0.2000000030
94654  -55.519  28.795  8.756 0.6999999881
94022  -57.642  28.867  10.355 0.8000000119
139172  -49.845  24.876  9.477 0.4000000060
144827  -50.845  25.666  8.354 0.5000000000
94029  -55.099  28.009  9.291 0.6999999881
93172  -48.713  26.781  21.131 0.6000000238
93913  -50.204  27.075  19.145 0.6999999881
93924  -50.497  27.419  18.370 0.6999999881
93200  -51.932  26.801  18.118 0.6999999881
93216  -52.651  26.912  17.580 0.8000000119
94572  -49.693  28.726  16.859 0.6999999881
94565  -50.221  28.249  17.272 0.6999999881
93217  -53.430  26.567  17.808 1.0000000000
95225  -49.898  28.928  16.048 0.6999999881
93955  -54.181  27.122  16.650 1.0000000000
93218  -55.476  26.744  17.423 0.8999999762
93968  -54.887  27.356  16.174 1.0000000000
93942  -56.111  27.121  16.878 0.8999999762
123249  -55.833  27.342  16.197 1.0000000000
131455  -56.999  27.227  16.972 1.0000000000
93927  -59.626  27.622  18.191 1.0000000000
93944  -59.446  27.746  17.258 1.0000000000
124352  -61.707  26.866  18.987 0.8999999762
93945  -60.525  27.958  17.743 1.0000000000
92406  -60.628  25.700  19.038 0.8999999762
93958  -59.659  27.956  16.543 1.0000000000
93208  -61.459  27.471  18.497 0.8999999762
93960  -60.956  27.926  17.344 1.0000000000
92417  -61.277  26.764  18.026 0.8999999762
121305  -60.212  28.088  16.064 0.8000000119
94618  -59.035  28.743  12.911 0.8000000119
92424  -46.488  25.224  17.702 0.1000000015
94656  -56.575  29.226  9.538 0.8000000119
95280  -57.916  29.186  10.841 0.8000000119
93225  -46.508  26.397  16.337 0.1000000015
92425  -47.027  25.338  17.022 0.1000000015
93952  -46.153  27.155  15.632 0.1000000015
126758  -46.799  26.505  15.763 0.1000000015
93226  -47.141  25.838  16.239 0.1000000015
94664  -54.036  28.680  7.746 0.6999999881
93232  -46.870  26.947  15.136 0.2000000030
93246  -48.349  26.333  13.471 0.2000000030
93255  -48.934  26.165  12.007 0.3000000119
93276  -49.499  25.558  10.396 0.4000000060
94046  -53.056  28.122  7.411 0.6999999881
93285  -50.308  25.928  8.892 0.4000000060
93295  -51.897  26.458  8.021 0.6000000238
93296  -52.847  27.002  8.450 0.6000000238
94028  -53.954  27.487  8.853 0.6000000238
93898  -48.254  27.837  21.432 0.5000000000
93903  -48.993  27.071  20.351 0.6000000238
93184  -49.803  26.718  19.900 0.6999999881
94552  -48.864  28.019  19.184 0.6999999881
93923  -49.672  27.675  18.759 0.6999999881
93925  -51.255  27.278  17.946 0.6999999881
95224  -49.107  29.241  16.458 0.6999999881
93937  -51.319  27.635  17.372 0.6999999881
93938  -52.529  27.420  16.891 0.8000000119
95223  -48.492  29.965  16.085 0.6999999881
94574  -51.303  28.246  16.271 0.6999999881
93953  -51.728  27.776  16.846 0.6999999881
93954  -53.161  27.490  16.353 0.8999999762
96526  -48.196  31.207  14.250 0.6999999881
142067  -47.970  31.000  14.883 0.6999999881
95230  -48.831  29.992  15.091 0.6999999881
95231  -49.312  29.437  15.585 0.6999999881
95232  -50.124  29.169  15.253 0.8000000119
94582  -50.712  28.690  15.721 0.8000000119
93967  -53.905  27.462  15.983 1.0000000000
96530  -47.995  32.426  13.549 0.8000000119
96525  -47.983  31.876  14.065 0.6999999881
125664  -48.496  30.576  14.603 0.8000000119
95873  -49.128  30.117  14.272 0.8000000119
145178  -50.252  29.331  14.587 0.8000000119
95233  -50.879  28.908  14.859 0.8000000119
94586  -54.136  28.122  14.907 1.0000000000
97947  -48.212  33.758  12.197 0.8000000119
97221  -48.063  33.104  12.928 0.8000000119
96531  -48.326  31.517  13.369 0.8000000119
95872  -48.707  30.726  13.791 0.8000000119
95879  -49.345  30.264  13.464 0.8000000119
95239  -49.915  29.682  13.965 0.8000000119
95240  -50.727  29.242  14.082 0.8000000119
139382  -54.510  27.749  15.441 1.0000000000
98671  -47.828  34.151  10.382 0.8000000119
97954  -48.250  33.772  11.008 0.8000000119
124071  -48.198  32.992  11.906 0.8000000119
97216  -48.193  32.276  12.674 0.8000000119
133924  -48.473  31.616  12.431 0.8000000119
95878  -48.866  30.885  12.763 0.8000000119
95248  -49.913  29.893  13.232 0.8000000119
144798  -56.580  27.367  16.411 1.0000000000
99323  -47.850  34.923  10.481 0.8000000119
145513  -49.230  30.727  11.982 0.8000000119
93943  -58.083  27.445  17.090 1.0000000000
93970  -56.529  27.619  15.734 1.0000000000
93969  -55.508  27.752  15.369 1.0000000000
98670  -47.346  34.442  10.224 0.8000000119
97229  -48.215  32.972  10.775 0.8000000119
96536  -48.336  32.216  11.654 0.8000000119
95883  -48.711  31.424  11.514 0.6999999881
136853  -57.275  27.865  15.450 1.0000000000
93979  -56.558  28.080  14.800 1.0000000000
99312  -46.731  35.369  10.753 0.6000000238
99322  -47.295  35.200  10.423 0.6999999881
97965  -47.880  33.433  10.181 0.6999999881
95890  -48.727  31.778  10.128 0.6999999881
93980  -57.686  28.202  14.825 1.0000000000
94616  -57.074  28.884  13.139 1.0000000000
98655  -45.894  34.444  11.545 0.6000000238
98669  -46.911  34.702  10.388 0.6000000238
97963  -46.840  33.847  10.265 0.6999999881
96541  -48.352  32.314  10.475 0.6999999881
95902  -49.319  31.390  9.610 0.6000000238
93972  -59.225  28.098  15.835 1.0000000000
93971  -58.176  27.947  15.637 1.0000000000
97964  -47.414  33.581  10.098 0.6999999881
97239  -47.968  32.847  9.815 0.6999999881
96551  -48.182  32.455  9.303 0.6999999881
96552  -48.592  32.128  8.971 0.6000000238
95912  -49.697  31.526  8.672 0.6000000238
93981  -58.726  28.262  14.936 1.0000000000
94600  -57.294  28.480  13.973 1.0000000000
98656  -46.379  34.439  10.827 0.6000000238
122820  -47.022  32.876  9.764 0.6999999881
97238  -47.610  32.829  9.703 0.6999999881
97250  -47.847  32.524  9.058 0.6000000238
96561  -49.736  31.766  7.658 0.6000000238
140355  -50.030  31.793  6.880 0.6999999881
95927  -51.870  31.497  6.991 0.6999999881
94601  -58.315  28.457  13.971 0.8999999762
95262  -57.598  29.307  11.406 0.8999999762
97952  -45.881  33.744  11.371 0.5000000000
97953  -46.263  33.597  10.745 0.5000000000
97228  -46.416  32.930  10.436 0.6000000238
97248  -46.888  32.223  9.496 0.6000000238
97249  -47.414  32.383  9.218 0.6000000238
96558  -47.724  32.186  8.619 0.6000000238
95923  -48.004  32.061  8.049 0.5000000000
95935  -50.518  31.292  5.998 0.6999999881
94628  -57.772  29.106  12.263 0.8000000119
97227  -45.860  32.905  11.145 0.5000000000
97236  -45.900  32.108  10.852 0.6000000238
97237  -46.459  32.202  10.106 0.6000000238
95909  -47.051  31.759  9.198 0.5000000000
95910  -47.529  31.596  8.614 0.5000000000
95911  -47.949  31.379  8.099 0.5000000000
95312  -49.378  30.482  7.255 0.6000000238
94629  -58.972  28.807  11.946 0.8000000119
95899  -46.056  31.342  10.650 0.6000000238
96550  -46.582  31.722  9.829 0.6000000238
95900  -46.502  31.106  10.011 0.5000000000
95311  -48.560  30.978  7.656 0.6000000238
95314  -54.929  29.878  8.197 0.8000000119
95279  -57.350  29.428  10.651 0.8000000119
95278  -56.459  29.657  10.665 0.8000000119
95320  -51.947  29.675  6.173 0.6999999881
95321  -52.822  29.880  6.571 0.6999999881
95319  -50.662  30.455  5.970 0.6999999881
95313  -50.159  29.870  6.756 0.6000000238
94045  -52.264  27.649  7.279 0.6000000238
93988  -46.380  27.950  13.919 0.3000000119
93245  -47.740  26.916  13.980 0.3000000119
93990  -48.027  27.199  13.249 0.3000000119
94007  -48.868  27.037  11.640 0.3000000119
94008  -49.321  26.735  10.782 0.4000000060
94036  -50.836  27.351  7.662 0.6000000238
94037  -51.230  27.015  7.574 0.6000000238
94611  -46.509  28.343  13.210 0.3000000119
93989  -47.204  27.695  13.619 0.3000000119
93286  -50.729  25.915  8.240 0.5000000000
129896  -52.533  27.248  7.736 0.6000000238
93897  -48.128  28.199  20.607 0.5000000000
93911  -48.552  27.741  20.023 0.6999999881
131388  -48.328  27.199  22.080 0.5000000000
94559  -49.200  28.268  18.393 0.6999999881
95213  -48.119  29.410  18.509 0.6999999881
94560  -49.971  27.981  18.011 0.6999999881
93936  -50.700  27.749  17.644 0.6999999881
95218  -48.451  29.654  17.041 0.6000000238
125977  -48.443  29.380  17.722 0.6000000238
136813  -49.472  28.507  17.632 0.6999999881
96515  -47.582  31.632  16.463 0.6000000238
94575  -52.273  27.908  16.084 0.8999999762
93966  -53.156  27.835  15.642 0.8000000119
127068  -47.754  31.815  14.838 0.6999999881
95865  -47.747  31.292  15.575 0.6999999881
95866  -48.206  30.561  15.394 0.6999999881
94584  -52.477  28.205  15.207 0.8000000119
143561  -53.809  27.853  15.362 1.0000000000
94583  -51.573  28.445  15.377 0.8000000119
127054  -52.639  28.470  14.593 0.8999999762
95241  -51.430  28.872  14.289 0.8000000119
94597  -53.184  28.611  14.187 1.0000000000
95249  -50.539  29.545  13.352 0.8000000119
94598  -54.501  28.378  14.371 1.0000000000
95257  -50.258  29.864  12.644 0.8000000119
138135  -51.026  29.516  12.666 0.8000000119
94613  -53.978  28.707  13.720 0.8999999762
141226  -54.834  28.611  13.793 1.0000000000
95892  -49.885  30.288  11.796 0.6999999881
122484  -50.640  29.807  11.975 0.6999999881
94614  -54.768  28.969  12.957 0.8999999762
94615  -55.556  28.709  13.439 1.0000000000
95891  -49.243  30.920  10.978 0.6999999881
95273  -50.628  30.082  10.558 0.6999999881
95274  -51.392  29.771  10.775 0.8000000119
95275  -52.113  29.633  11.156 0.8999999762
122195  -56.342  28.518  13.817 1.0000000000
95904  -51.224  30.279  9.517 0.6999999881
95289  -52.209  29.860  10.209 0.6999999881
141653  -56.293  28.871  13.079 1.0000000000
95913  -50.506  31.232  8.494 0.6999999881
121332  -55.566  29.513  11.594 0.8999999762
94627  -56.850  29.182  12.351 1.0000000000
98648  -45.697  34.847  12.152 0.5000000000
121237  -52.545  31.025  7.774 0.8000000119
95928  -52.983  31.075  7.271 0.8000000119
97946  -45.610  34.014  12.158 0.5000000000
98642  -45.387  34.485  12.891 0.5000000000
97939  -45.301  33.586  12.891 0.5000000000
97220  -45.547  32.982  12.095 0.5000000000
97215  -45.146  32.631  12.978 0.5000000000
121147  -45.530  32.085  11.651 0.5000000000
95901  -46.959  30.951  9.403 0.5000000000
95299  -47.512  30.700  8.929 0.6000000238
95300  -48.242  30.277  8.590 0.6000000238
123727  -55.523  29.910  9.390 0.8000000119
95292  -55.989  29.830  10.091 0.8000000119
96535  -45.177  31.357  12.135 0.4000000060
96540  -45.510  31.325  11.424 0.4000000060
95286  -46.575  30.390  10.384 0.5000000000
95287  -47.186  30.123  9.927 0.5000000000
95288  -47.962  29.685  9.617 0.6000000238
95888  -45.542  30.645  11.518 0.4000000060
95889  -46.061  30.553  10.953 0.4000000060
94018  -49.347  27.523  10.225 0.5000000000
145366  -50.189  27.600  8.714 0.6000000238
93997  -47.508  28.071  12.756 0.3000000119
94625  -48.215  27.958  11.918 0.3000000119
94017  -48.784  27.805  11.093 0.3000000119
95256  -45.275  29.450  12.461 0.4000000060
94623  -45.672  28.842  12.847 0.4000000060
123886  -46.570  28.775  12.432 0.3000000119
139936  -47.373  28.650  11.917 0.3000000119
94638  -48.013  28.619  11.243 0.3000000119
94538  -48.030  28.642  21.156 0.5000000000
94545  -47.854  28.972  20.429 0.6000000238
95207  -47.718  29.828  19.389 0.6000000238
95212  -47.700  30.148  18.668 0.6000000238
133386  -47.653  31.086  16.936 0.6000000238
95250  -51.435  29.184  13.464 0.8000000119
95242  -52.262  28.801  13.975 0.8999999762
95251  -52.271  29.073  13.237 0.8000000119
94612  -53.040  28.928  13.442 0.8000000119
95252  -53.743  29.126  12.815 0.8999999762
121618  -51.895  29.327  12.636 0.8000000119
121193  -52.806  29.231  12.675 0.8999999762
121983  -51.475  29.587  11.816 0.8000000119
144631  -55.127  29.260  12.304 0.8999999762
95259  -53.437  29.458  11.943 0.8999999762
95276  -54.128  29.730  11.126 0.8999999762
95260  -54.504  29.409  12.025 0.8999999762
124481  -53.037  29.655  10.921 0.8000000119
95302  -52.522  30.403  8.945 0.8000000119
139475  -53.083  29.980  9.878 0.8000000119
95290  -53.941  29.959  10.130 0.8999999762
95277  -54.941  29.673  11.178 0.8999999762
122706  -55.619  29.751  10.741 0.8000000119
95291  -54.992  29.889  10.270 0.8000000119
130589  -45.282  32.078  12.375 0.4000000060
98629  -45.083  34.920  13.648 0.5000000000
98641  -45.105  34.106  13.486 0.4000000060
97938  -44.952  33.346  13.649 0.5000000000
122406  -45.173  30.757  11.949 0.4000000060
97214  -44.711  32.391  13.756 0.5000000000
95882  -44.842  30.671  12.583 0.4000000060
126171  -45.044  30.088  12.281 0.4000000060
95270  -45.615  29.996  11.783 0.4000000060
95272  -46.873  29.656  10.844 0.5000000000
94644  -47.649  29.316  10.576 0.5000000000
94645  -48.562  28.659  10.307 0.5000000000
94646  -49.281  28.239  9.653 0.5000000000
94653  -49.641  28.457  8.804 0.6000000238
96529  -44.891  31.558  13.017 0.4000000060
95271  -46.223  29.878  11.295 0.5000000000
94636  -46.670  29.243  11.658 0.5000000000
94637  -47.305  29.102  11.279 0.4000000060
95247  -44.788  29.450  12.870 0.4000000060
94624  -45.926  29.364  12.081 0.4000000060
95330  -52.938  30.632  6.646 0.6999999881
95915  -53.369  30.636  8.099 0.8000000119
94661  -49.833  29.168  7.783 0.6000000238
95301  -49.038  29.757  8.237 0.6000000238
95323  -54.084  30.244  7.648 0.8000000119
95303  -53.680  30.256  9.109 0.8000000119
94652  -48.788  29.168  9.279 0.6000000238
95916  -54.270  30.323  8.393 0.8000000119
93176  -60.218  27.070  20.527 0.8999999762
94603  -60.623  28.226  13.618 0.8000000119
92401  -53.032  25.585  19.674 0.8000000119
92402  -53.893  25.571  19.664 0.8000000119
92403  -54.816  25.603  19.607 0.6999999881
93201  -52.706  26.449  18.310 0.8000000119
92404  -55.755  25.691  19.524 0.8000000119
93203  -54.849  26.350  18.144 0.8999999762
92405  -57.346  26.015  19.820 0.8000000119
93193  -59.885  27.316  19.795 0.8999999762
92375  -62.095  25.673  21.365 0.8999999762
90673  -59.561  23.764  21.753 0.8000000119
89884  -57.885  22.656  21.578 0.8000000119
93926  -58.492  27.297  17.892 1.0000000000
91514  -59.268  24.515  20.060 0.8000000119
93929  -61.127  27.778  18.875 1.0000000000
125327  -61.256  26.425  18.764 0.8999999762
93221  -61.325  27.588  17.689 0.8999999762
94648  -57.582  29.121  10.372 0.8000000119
93233  -47.386  26.177  15.459 0.1000000015
94655  -56.154  29.034  9.075 0.8000000119
94030  -56.158  28.636  9.359 0.6999999881
93240  -48.168  26.104  14.238 0.1000000015
93239  -47.538  26.569  14.717 0.2000000030
92473  -48.757  25.575  12.683 0.2000000030
135216  -49.185  25.281  11.090 0.3000000119
94039  -53.538  27.741  8.057 0.6999999881
94665  -54.884  29.163  8.179 0.6999999881
92486  -49.357  24.433  10.315 0.3000000119
134020  -49.786  26.229  9.794 0.4000000060
93294  -51.139  26.181  7.924 0.6000000238
93215  -51.908  27.307  17.454 0.6999999881
95219  -48.981  29.041  17.279 0.6999999881
93957  -58.715  27.770  16.438 1.0000000000
93946  -61.054  27.958  18.144 0.8999999762
95305  -55.651  29.746  9.091 0.8000000119
145062  -46.759  25.923  16.691 0.1000000015
94675  -54.268  29.666  7.608 0.6999999881
94674  -53.442  29.215  7.134 0.6999999881
93238  -47.024  27.357  14.388 0.2000000030
93978  -46.243  27.623  14.692 0.3000000119
146760  -48.528  26.518  12.810 0.3000000119
93265  -49.246  26.189  11.244 0.3000000119
94027  -50.554  26.787  8.326 0.6000000238
94599  -55.433  28.291  14.369 1.0000000000
96559  -48.146  32.286  8.406 0.5000000000
96560  -48.916  32.089  8.166 0.6000000238
95903  -50.162  30.701  9.598 0.6000000238
96567  -49.241  31.723  7.476 0.5000000000
95318  -49.859  31.144  6.376 0.6000000238
95914  -51.580  31.079  8.147 0.6999999881
95947  -51.584  31.236  5.966 0.6999999881
95925  -49.225  31.439  7.190 0.5000000000
94673  -52.398  28.636  6.792 0.6000000238
94671  -50.860  29.167  6.492 0.6000000238
94662  -50.581  28.564  7.346 0.6000000238
94663  -51.159  28.050  7.128 0.6000000238
93998  -48.418  27.206  12.455 0.3000000119
94026  -49.981  27.247  9.281 0.5000000000
94550  -47.831  29.250  19.810 0.6000000238
94558  -48.759  28.840  18.032 0.6999999881
94596  -51.947  28.540  14.684 0.8000000119
124086  -49.913  30.498  10.674 0.6999999881
84236  -59.311  15.922  14.292 0.2000000030
85093  -59.302  16.644  14.583 0.2000000030
86759  -60.569  18.047  16.053 0.2000000030
85092  -58.791  16.375  14.063 0.2000000030
85938  -59.064  17.382  14.774 0.2000000030
86758  -59.745  17.883  15.482 0.2000000030
86745  -59.402  18.528  15.803 0.2000000030
87524  -58.990  19.288  16.144 0.2000000030
83340  -60.801  14.517  15.679 0.2000000030
83356  -59.621  14.583  14.314 0.2000000030
84237  -59.809  15.285  14.568 0.2000000030
84226  -60.013  16.102  15.031 0.2000000030
85939  -60.018  17.163  15.377 0.2000000030
86746  -60.420  18.591  16.072 0.2000000030
88330  -59.667  20.053  16.144 0.3000000119
87525  -60.108  19.292  16.136 0.3000000119
84218  -60.629  15.718  15.893 0.2000000030
85085  -60.429  16.663  15.800 0.2000000030
85929  -60.826  17.541  16.273 0.2000000030
89921  -57.435  21.904  16.215 0.3000000119
88329  -58.595  20.093  16.290 0.3000000119
89154  -58.372  20.985  16.262 0.3000000119
89155  -59.393  20.872  16.013 0.3000000119
81793  -61.852  12.779  17.639 0.3000000119
82553  -61.722  13.258  17.231 0.3000000119
82563  -61.317  13.213  16.418 0.3000000119
83341  -61.350  13.869  16.455 0.2000000030
84219  -61.179  14.867  16.483 0.2000000030
87535  -50.360  19.646  14.982 0.1000000015
129630  -50.416  20.127  13.910 0.1000000015
85080  -61.372  16.544  17.092 0.2000000030
88354  -51.923  20.753  14.182 0.1000000015
129113  -54.382  22.517  15.793 0.3000000119
138794  -61.044  15.833  16.639 0.2000000030
85930  -61.472  17.473  16.832 0.2000000030
90709  -56.025  22.980  16.050 0.3000000119
139940  -61.236  18.335  16.389 0.2000000030
90726  -57.412  23.538  15.468 0.3000000119
90727  -58.463  23.215  15.347 0.3000000119
88332  -61.737  20.154  15.797 0.3000000119
86747  -61.251  18.799  16.250 0.3000000119
89164  -59.100  21.780  15.761 0.4000000060
89165  -60.444  21.473  15.533 0.4000000060
88342  -60.265  20.686  15.889 0.3000000119
87526  -61.135  19.402  16.096 0.3000000119
88331  -60.728  20.094  16.004 0.3000000119
81748  -60.918  12.923  21.869 0.3000000119
81772  -61.299  12.445  19.514 0.3000000119
123119  -61.305  12.927  21.310 0.3000000119
81783  -61.088  12.293  18.611 0.3000000119
81773  -61.985  12.583  19.639 0.3000000119
126199  -61.978  12.428  18.820 0.3000000119
81784  -62.376  12.660  18.290 0.3000000119
81785  -62.519  12.664  18.987 0.3000000119
137038  -61.645  12.443  18.028 0.3000000119
82546  -62.742  12.887  18.484 0.3000000119
82554  -62.468  13.342  18.132 0.3000000119
84203  -61.878  15.143  18.029 0.3000000119
145470  -62.019  13.427  17.647 0.3000000119
138887  -61.933  14.166  17.739 0.2000000030
125625  -61.624  14.048  17.128 0.2000000030
85072  -61.913  16.453  17.998 0.2000000030
84211  -61.498  15.259  17.279 0.2000000030
85073  -62.451  17.819  18.270 0.2000000030
85922  -62.309  18.287  17.381 0.2000000030
88363  -51.019  20.984  13.681 0.1000000015
89174  -51.708  21.529  14.077 0.1000000015
89949  -51.135  21.924  13.714 0.2000000030
89933  -52.826  22.316  14.900 0.3000000119
91552  -54.153  23.961  15.242 0.3000000119
90724  -55.560  23.624  15.701 0.3000000119
90735  -52.659  23.937  14.289 0.3000000119
91554  -56.070  24.437  15.079 0.3000000119
85931  -61.680  18.262  16.660 0.2000000030
86749  -62.333  18.871  16.863 0.2000000030
91578  -53.166  24.888  13.750 0.3000000119
92449  -54.155  25.105  14.038 0.3000000119
91566  -56.047  25.156  14.313 0.3000000119
90736  -59.145  23.771  14.559 0.3000000119
88344  -62.153  20.838  15.420 0.4000000060
87543  -62.520  20.359  16.011 0.3000000119
86748  -61.897  18.896  16.417 0.3000000119
89939  -60.099  22.338  15.172 0.4000000060
88343  -61.205  20.791  15.626 0.3000000119
81760  -61.334  12.657  20.402 0.3000000119
81761  -61.802  12.888  20.523 0.3000000119
89130  -57.089  21.610  19.387 0.8000000119
88302  -57.321  20.967  18.883 0.8000000119
88309  -58.597  20.851  18.178 0.4000000060
87502  -59.986  19.536  18.323 0.3000000119
125435  -61.113  19.451  18.615 0.3000000119
86708  -62.640  18.914  19.453 0.2000000030
127613  -62.404  17.182  19.232 0.3000000119
140789  -62.234  14.335  18.461 0.3000000119
89903  -57.352  22.465  19.132 0.6999999881
89134  -57.517  21.759  18.712 0.6999999881
132064  -58.852  19.913  18.307 0.4000000060
86725  -62.254  19.419  19.104 0.3000000119
126497  -62.757  18.392  19.169 0.2000000030
84204  -62.156  15.666  18.823 0.3000000119
89904  -57.884  22.607  18.369 0.6999999881
88319  -59.358  21.233  17.851 0.5000000000
88310  -59.712  20.409  18.027 0.4000000060
139156  -62.021  19.909  18.560 0.3000000119
86726  -62.871  19.419  18.809 0.2000000030
86709  -62.973  19.024  19.097 0.2000000030
90694  -57.670  23.206  18.831 0.8000000119
89911  -58.526  23.173  17.822 0.6999999881
89141  -59.943  21.827  17.530 0.6999999881
88320  -60.520  20.994  17.697 0.4000000060
87513  -62.348  20.323  18.155 0.2000000030
133139  -62.897  18.796  18.378 0.2000000030
135613  -59.066  23.608  17.459 0.6999999881
89913  -60.658  22.451  17.014 0.6000000238
134967  -60.981  21.578  17.346 0.4000000060
88321  -62.026  21.010  17.528 0.4000000060
88312  -62.978  20.383  17.761 0.2000000030
87504  -63.093  19.875  18.275 0.2000000030
86737  -62.849  19.224  17.546 0.2000000030
91539  -59.381  24.896  17.670 0.6999999881
90710  -60.086  24.333  16.470 0.6999999881
89923  -59.775  23.500  16.939 0.6999999881
89156  -61.892  22.422  16.403 0.4000000060
89143  -62.482  21.567  16.779 0.4000000060
88322  -63.038  20.660  16.990 0.3000000119
87514  -63.122  20.014  17.531 0.2000000030
92426  -60.440  25.843  17.200 0.6999999881
91544  -59.864  25.111  16.768 0.6999999881
91545  -60.518  25.068  15.980 0.6999999881
91567  -56.938  24.977  14.432 0.3000000119
91568  -57.876  24.721  14.389 0.4000000060
125389  -62.622  21.978  16.049 0.4000000060
87528  -62.639  19.610  16.673 0.2000000030
92461  -53.285  25.444  12.981 0.4000000060
92462  -54.615  25.648  13.390 0.3000000119
92451  -56.788  25.585  13.751 0.4000000060
91569  -59.675  24.341  13.748 0.6000000238
90737  -61.466  23.413  14.003 0.5000000000
138846  -62.446  22.101  14.971 0.4000000060
88333  -62.918  20.876  16.211 0.4000000060
126071  -53.492  25.813  12.372 0.3000000119
92478  -54.901  26.176  12.665 0.5000000000
92464  -57.447  25.950  13.175 0.5000000000
92465  -58.255  25.742  13.123 0.5000000000
92467  -59.983  25.499  12.888 0.6000000238
89166  -61.715  21.442  15.102 0.4000000060
93256  -55.101  26.533  11.991 0.6000000238
93258  -56.971  26.653  12.208 0.6000000238
93249  -58.747  26.263  12.587 0.6000000238
92480  -59.582  26.263  12.585 0.6000000238
92481  -60.443  26.208  12.695 0.6000000238
94010  -56.461  27.650  10.742 0.6000000238
93271  -57.523  27.307  11.603 0.6000000238
134832  -58.447  26.772  12.217 0.6000000238
124014  -59.262  27.133  12.104 0.6000000238
94020  -55.889  27.956  9.999 0.6000000238
82521  -61.781  13.386  21.632 0.3000000119
82532  -62.377  13.384  20.251 0.3000000119
82539  -62.701  13.013  19.277 0.3000000119
81774  -62.311  12.858  19.806 0.3000000119
83320  -62.646  13.485  18.857 0.3000000119
127584  -62.463  15.115  20.530 0.3000000119
133328  -62.382  14.715  19.407 0.3000000119
88307  -57.085  20.213  18.931 0.5000000000
88308  -57.837  20.294  18.499 0.4000000060
130658  -61.200  18.994  19.126 0.3000000119
85905  -62.277  18.371  20.056 0.3000000119
131596  -57.824  21.105  18.469 0.6000000238
87501  -58.182  19.492  18.477 0.3000000119
135634  -62.589  18.060  19.836 0.2000000030
84198  -62.337  16.122  19.938 0.3000000119
90711  -61.194  24.107  15.662 0.6000000238
89924  -60.832  23.370  16.358 0.6000000238
136353  -61.126  25.691  15.647 0.6999999881
91557  -61.349  24.833  15.285 0.6000000238
90712  -62.120  23.374  15.350 0.6000000238
89925  -61.783  23.187  15.879 0.5000000000
93974  -61.101  28.054  15.042 0.6999999881
93235  -61.519  26.722  14.939 0.6999999881
92454  -61.815  25.491  13.885 0.6000000238
91582  -61.710  24.839  13.748 0.6000000238
89177  -62.220  22.525  14.642 0.5000000000
93983  -61.109  27.990  14.066 0.6999999881
93992  -61.292  27.364  13.596 0.6999999881
92469  -61.457  25.470  13.378 0.6000000238
94000  -59.194  27.906  11.668 0.6999999881
94002  -60.618  27.553  12.612 0.6999999881
131390  -60.913  25.435  12.945 0.6000000238
94012  -58.658  28.341  11.392 0.6999999881
93999  -58.476  27.511  11.664 0.6000000238
94021  -56.898  28.602  9.965 0.6000000238
82522  -62.229  13.747  21.349 0.3000000119
82515  -62.356  14.000  22.598 0.3000000119
82531  -62.062  13.184  20.642 0.3000000119
83304  -62.475  14.255  20.971 0.3000000119
83313  -62.539  13.865  19.864 0.3000000119
125998  -56.095  21.739  22.167 0.6999999881
89116  -56.420  21.561  21.385 0.6999999881
89123  -56.471  21.319  20.507 0.6999999881
129781  -56.792  20.810  19.418 0.8000000119
86724  -60.188  18.842  18.724 0.3000000119
85906  -62.620  18.534  19.659 0.3000000119
85063  -62.410  17.368  20.382 0.3000000119
89877  -56.527  22.115  22.685 0.6999999881
89129  -56.664  21.258  19.877 0.6999999881
86707  -61.853  18.773  19.683 0.3000000119
89107  -56.890  21.926  22.172 0.6999999881
89117  -57.176  21.981  21.564 0.6999999881
89869  -57.532  22.514  23.668 0.8000000119
89878  -58.241  22.525  23.080 0.8000000119
90663  -59.045  22.884  22.824 0.6999999881
90664  -60.088  23.268  23.069 0.8000000119
145660  -59.615  23.368  22.443 0.8000000119
91493  -62.004  24.481  22.715 0.8000000119
136559  -62.516  14.524  21.993 0.3000000119
85890  -62.343  18.037  20.344 0.3000000119
89122  -55.852  20.980  20.814 0.6999999881
88294  -56.186  20.693  19.994 0.6999999881
87499  -56.853  19.588  18.987 0.4000000060
86723  -58.991  18.939  18.497 0.3000000119
86706  -60.616  18.411  19.366 0.3000000119
89868  -56.507  22.349  23.435 0.6999999881
88301  -56.482  20.109  19.369 0.6999999881
87500  -57.469  19.540  18.703 0.3000000119
122832  -57.233  22.291  22.878 0.6999999881
89870  -58.552  22.692  23.930 0.6999999881
89879  -59.349  22.863  23.528 0.6999999881
90665  -61.222  23.741  23.186 0.6999999881
92390  -58.803  26.220  21.097 0.6999999881
92356  -62.031  25.829  22.921 0.6999999881
92389  -58.078  26.062  20.533 0.6999999881
85024  -62.068  16.170  22.475 0.3000000119
126602  -59.319  15.349  23.263 0.3000000119
84149  -57.657  15.481  23.467 0.3000000119
84191  -62.458  16.427  21.074 0.3000000119
86705  -58.526  18.319  18.825 0.3000000119
85916  -59.452  18.237  18.978 0.3000000119
89098  -55.810  22.094  22.864 0.8000000119
89106  -55.223  21.617  22.350 0.6999999881
89867  -55.640  22.288  23.519 0.8000000119
89859  -56.815  22.582  24.286 0.8000000119
89852  -57.048  22.865  25.050 0.6999999881
89860  -57.769  22.754  24.457 0.6999999881
90648  -59.585  23.203  25.022 0.6999999881
90649  -60.527  23.310  24.741 0.6999999881
136210  -62.176  24.152  23.891 0.6999999881
146512  -58.804  25.881  21.684 0.6999999881
125526  -60.218  25.965  22.718 0.6999999881
123237  -57.118  25.591  20.722 0.6999999881
85023  -61.672  16.418  22.233 0.3000000119
84163  -60.178  15.621  22.858 0.3000000119
84164  -61.220  15.805  22.742 0.3000000119
84179  -62.528  15.384  21.666 0.3000000119
84162  -58.345  15.314  22.906 0.3000000119
85038  -62.264  16.428  21.920 0.3000000119
84133  -56.987  15.782  24.080 0.3000000119
85889  -62.045  17.834  20.822 0.3000000119
85052  -62.186  17.315  21.247 0.3000000119
86722  -57.954  18.859  18.652 0.3000000119
89115  -55.546  21.299  21.577 0.6999999881
121170  -56.123  22.711  24.890 0.8000000119
89858  -55.904  22.464  24.155 0.8000000119
90641  -57.302  23.276  25.858 0.6999999881
89853  -58.002  23.049  25.176 0.6999999881
145227  -58.828  23.191  25.270 0.6999999881
90646  -61.908  23.998  25.108 0.6999999881
130070  -61.861  25.100  25.031 0.6999999881
92340  -59.915  25.621  23.402 0.6999999881
92341  -60.653  25.642  23.956 0.6999999881
92372  -57.938  25.605  21.408 0.6999999881
95853  -47.910  30.055  17.820 0.5000000000
96509  -47.612  31.784  17.448 0.5000000000
95848  -47.615  30.793  18.383 0.5000000000
85037  -62.053  16.815  21.930 0.3000000119
85904  -61.290  18.010  20.167 0.3000000119
85903  -59.919  17.735  19.661 0.3000000119
87492  -56.291  19.228  19.303 0.5000000000
86721  -57.099  18.872  18.902 0.5000000000
88300  -55.937  19.962  19.735 0.5000000000
90640  -56.318  23.031  25.604 0.6999999881
143957  -56.438  23.312  26.235 0.8000000119
90633  -56.993  23.548  26.732 0.6999999881
91425  -57.472  24.076  27.999 0.6999999881
90642  -58.447  23.361  25.830 0.6999999881
90628  -58.743  23.877  27.206 0.6999999881
91426  -58.398  24.163  27.921 0.6999999881
90643  -59.471  23.399  25.753 0.6999999881
90630  -60.862  24.076  27.268 0.6999999881
137002  -61.052  24.434  27.908 0.6999999881
90645  -61.268  23.629  25.280 0.6999999881
92304  -61.589  25.064  26.358 0.6000000238
92302  -60.192  25.720  26.585 0.6000000238
92313  -56.690  25.300  25.818 0.6000000238
137547  -55.329  25.103  25.574 0.6000000238
92311  -54.557  25.279  25.838 0.5000000000
91474  -58.733  25.194  23.648 0.6999999881
92326  -60.050  25.434  24.635 0.6999999881
91441  -58.520  25.332  25.406 0.6000000238
92314  -57.574  25.286  25.660 0.6000000238
137286  -55.331  24.711  24.825 0.6000000238
92354  -59.101  25.543  22.853 0.6999999881
91491  -58.095  25.066  22.889 0.6000000238
91472  -56.638  24.596  23.584 0.6000000238
91471  -55.645  24.521  23.373 0.6000000238
121274  -56.164  25.264  20.935 0.6000000238
92370  -55.333  25.043  21.163 0.6000000238
91504  -55.126  24.742  21.884 0.6000000238
98657  -48.155  34.499  10.854 0.6999999881
97941  -48.152  33.936  13.196 0.5000000000
97932  -47.810  33.448  14.711 0.6000000238
136240  -47.757  33.108  15.985 0.5000000000
130711  -47.561  32.228  15.798 0.5000000000
95837  -47.741  30.354  19.934 0.4000000060
97192  -47.943  32.631  17.800 0.5000000000
97184  -47.760  32.016  18.312 0.5000000000
95843  -47.660  30.757  19.282 0.5000000000
96496  -48.089  31.594  19.596 0.4000000060
96484  -48.440  31.238  20.400 0.4000000060
96497  -48.902  32.001  20.100 0.5000000000
97156  -49.920  32.145  20.461 0.5000000000
85902  -58.664  17.637  19.321 0.3000000119
86704  -57.720  18.174  19.015 0.3000000119
138510  -54.261  22.865  26.667 0.8000000119
88293  -55.439  20.217  20.385 0.6999999881
87491  -55.555  19.361  19.851 0.5000000000
89114  -54.697  21.099  21.787 0.6999999881
88287  -55.070  20.749  21.097 0.6999999881
89866  -55.062  22.342  23.979 0.8000000119
89097  -54.894  22.010  23.182 0.8000000119
89851  -55.441  22.803  25.481 0.8000000119
91418  -56.103  24.101  28.964 0.8000000119
90625  -55.622  23.584  27.632 0.8000000119
89846  -55.015  23.219  26.949 0.8000000119
90632  -55.652  23.140  26.192 0.8000000119
91403  -56.711  24.236  30.680 0.6999999881
91407  -55.941  24.091  29.806 0.6999999881
91419  -56.856  24.103  28.508 0.8000000119
91404  -57.964  24.509  30.490 0.6999999881
91409  -58.429  24.519  29.675 0.8000000119
143435  -58.834  24.449  29.167 0.6999999881
123427  -59.226  24.652  30.496 0.6999999881
91410  -59.670  24.645  29.626 0.8000000119
92289  -61.163  25.255  28.951 0.6999999881
93120  -58.596  26.408  28.160 0.6999999881
93119  -56.562  26.189  27.449 0.6999999881
137527  -59.016  26.081  27.607 0.6000000238
92312  -55.928  25.328  25.909 0.6000000238
91447  -51.868  24.636  24.490 0.5000000000
91445  -50.111  24.787  23.912 0.5000000000
92339  -50.028  24.925  23.108 0.5000000000
95831  -49.424  30.273  21.862 0.3000000119
95830  -48.868  30.809  21.157 0.4000000060
145506  -49.901  31.647  20.970 0.4000000060
122381  -48.538  29.965  21.473 0.4000000060
95838  -48.076  30.390  20.630 0.4000000060
123312  -48.355  35.207  11.286 0.6000000238
98643  -48.468  34.739  13.357 0.5000000000
95201  -47.770  29.723  20.213 0.5000000000
96485  -49.298  31.521  20.771 0.4000000060
97174  -51.459  32.699  20.057 0.3000000119
98630  -48.571  34.695  14.982 0.5000000000
97918  -48.100  33.404  16.623 0.5000000000
97886  -48.660  33.187  18.147 0.4000000060
97186  -49.039  32.991  18.914 0.4000000060
97171  -48.582  32.354  19.330 0.5000000000
97172  -49.475  32.623  19.631 0.5000000000
85887  -60.388  17.351  20.452 0.3000000119
85062  -59.251  17.096  20.039 0.3000000119
85888  -61.355  17.490  20.857 0.3000000119
143285  -53.445  21.530  23.474 0.6000000238
88292  -54.651  20.092  20.879 0.6000000238
86703  -55.866  18.580  19.558 0.5000000000
85901  -57.659  17.523  19.432 0.3000000119
122289  -53.821  22.521  26.047 0.8000000119
132208  -53.511  21.880  24.092 0.8000000119
89096  -53.971  21.712  23.330 0.8000000119
88286  -54.421  20.554  21.397 0.6999999881
89835  -53.302  22.857  29.028 0.6000000238
90623  -53.562  22.950  28.199 0.8000000119
89857  -54.384  22.332  24.502 0.6999999881
90618  -54.047  23.144  28.834 0.8000000119
89845  -53.649  22.670  26.837 0.8000000119
89850  -54.552  22.564  25.334 0.8000000119
126404  -55.332  23.698  28.334 0.8000000119
90624  -54.811  23.392  27.845 0.8000000119
121604  -55.241  22.561  24.729 0.8000000119
91402  -55.625  23.836  30.654 0.6999999881
90611  -55.087  23.705  29.936 0.6999999881
142386  -56.107  23.879  31.314 0.6999999881
91397  -56.874  24.093  31.643 0.6999999881
124472  -58.630  24.385  32.003 0.6999999881
91399  -59.705  24.603  31.915 0.6999999881
136384  -59.813  24.753  31.212 0.6999999881
93080  -60.815  26.031  30.194 0.6999999881
93112  -59.344  26.624  28.824 0.6999999881
121239  -57.578  26.496  28.183 0.6999999881
91400  -60.270  24.982  31.540 0.6999999881
92260  -60.441  25.552  31.880 0.6000000238
93097  -59.219  26.810  30.144 0.6999999881
125434  -57.219  26.780  28.657 0.6999999881
93128  -54.840  26.233  27.006 0.5000000000
92323  -51.113  25.039  25.142 0.5000000000
92338  -49.459  25.073  23.610 0.4000000060
93890  -48.469  27.259  22.804 0.4000000060
92351  -49.190  25.448  22.804 0.4000000060
134264  -48.377  27.781  22.174 0.4000000060
95194  -48.444  29.031  21.756 0.3000000119
96473  -49.913  31.071  21.475 0.3000000119
97158  -51.917  32.282  20.643 0.3000000119
97906  -52.784  33.965  17.850 0.2000000030
97873  -51.485  33.178  19.433 0.4000000060
99258  -49.674  35.408  15.124 0.3000000119
98616  -49.960  35.134  15.786 0.3000000119
99259  -50.492  35.597  15.366 0.3000000119
99249  -51.477  35.113  16.212 0.3000000119
98589  -51.444  34.436  17.285 0.3000000119
97905  -51.891  34.034  17.879 0.4000000060
97874  -52.315  33.431  19.066 0.2000000030
145870  -49.584  34.830  16.033 0.4000000060
98587  -49.570  34.259  17.077 0.4000000060
98588  -50.508  34.405  17.220 0.4000000060
127978  -50.963  34.027  17.884 0.4000000060
97888  -50.450  33.622  18.477 0.3000000119
97872  -50.776  33.345  19.100 0.4000000060
97902  -48.319  33.299  17.337 0.5000000000
97887  -49.530  33.484  18.363 0.4000000060
97871  -49.958  33.211  19.080 0.4000000060
90614  -53.924  23.055  29.626 0.6999999881
143988  -54.220  23.226  28.178 0.8000000119
90604  -54.336  23.307  31.384 0.6999999881
90610  -54.451  23.334  30.032 0.6999999881
90605  -55.258  23.624  31.556 0.6999999881
129718  -54.578  23.413  29.355 0.6999999881
127481  -55.409  23.576  32.536 0.6000000238
91375  -57.183  23.992  33.849 0.4000000060
91390  -56.368  23.771  33.070 0.5000000000
122783  -57.399  24.030  33.165 0.5000000000
91392  -58.264  24.237  32.802 0.6000000238
91378  -60.096  24.980  33.292 0.6000000238
92243  -60.296  25.722  32.904 0.5000000000
93078  -59.296  26.808  31.002 0.5000000000
93843  -56.472  27.316  29.417 0.4000000060
141161  -54.298  26.539  27.201 0.3000000119
92308  -51.762  25.602  25.824 0.4000000060
93143  -48.535  26.744  23.477 0.4000000060
94532  -49.153  28.567  22.953 0.3000000119
93127  -53.588  26.595  27.099 0.3000000119
92295  -52.296  26.195  26.406 0.3000000119
94521  -48.685  27.902  22.924 0.3000000119
94531  -48.610  28.371  22.307 0.3000000119
96474  -51.145  30.850  21.835 0.3000000119
91359  -57.969  24.211  34.439 0.4000000060
91360  -59.087  24.530  34.552 0.4000000060
93037  -59.884  26.360  33.396 0.4000000060
93059  -57.366  26.905  31.474 0.3000000119
93822  -56.448  27.091  30.687 0.3000000119
93116  -53.077  27.234  27.601 0.3000000119
93133  -50.259  26.334  26.026 0.4000000060
93882  -48.684  27.470  23.620 0.3000000119
95177  -50.513  29.521  23.061 0.3000000119
95178  -51.306  29.821  22.974 0.3000000119
91346  -59.249  24.860  35.584 0.4000000060
93014  -58.496  26.939  35.461 0.1000000015
91347  -59.605  25.104  34.806 0.4000000060
142219  -58.569  26.709  33.777 0.3000000119
122594  -56.319  26.860  31.595 0.1000000015
93075  -54.883  27.052  30.772 0.2000000030
93036  -59.322  26.674  33.965 0.3000000119
127262  -58.907  26.682  33.239 0.3000000119
93076  -55.691  27.005  30.963 0.3000000119
93861  -53.510  27.550  28.225 0.3000000119
93883  -48.887  27.765  24.326 0.3000000119
95176  -49.621  29.060  23.296 0.3000000119
123184  -57.581  26.818  34.860 0.1000000015
93033  -55.865  26.532  33.554 0.2000000030
132413  -54.952  26.465  32.327 0.1000000015
93095  -53.521  27.236  29.765 0.2000000030
93838  -52.104  27.415  28.933 0.2000000030
93034  -56.864  26.641  33.286 0.1000000015
122769  -54.175  26.766  30.917 0.2000000030
93827  -54.134  27.443  29.599 0.2000000030
93859  -51.601  27.751  27.669 0.2000000030
93840  -53.657  27.641  29.037 0.3000000119
93866  -50.321  27.762  26.833 0.3000000119
93875  -48.964  27.772  25.151 0.3000000119
93032  -54.906  26.362  33.854 0.2000000030
93057  -53.771  26.377  31.485 0.2000000030
91450  -54.524  24.605  24.491 0.6000000238
125068  -55.232  24.534  24.111 0.6999999881
91487  -54.926  24.566  22.714 0.6000000238
91437  -53.213  24.906  25.288 0.3000000119
93152  -61.242  26.521  21.880 0.8000000119
93166  -62.165  26.039  21.734 0.8000000119
93153  -61.878  26.188  22.108 0.8000000119
94001  -59.881  27.893  12.078 0.6999999881
92363  -48.953  25.937  22.109 0.4000000060
91507  -61.796  24.848  21.842 0.8000000119
91492  -60.697  23.987  22.366 0.8000000119
90703  -59.349  24.310  17.216 0.6999999881
90672  -58.766  23.137  22.089 0.6999999881
93234  -61.338  27.246  15.814 0.6999999881
128527  -57.295  28.276  10.605 0.6000000238
137028  -55.031  27.489  10.098 0.6000000238
94539  -48.291  28.325  21.724 0.4000000060
97940  -47.915  33.299  13.841 0.6000000238
128853  -48.303  34.354  11.517 0.6000000238
95193  -47.984  29.488  20.989 0.4000000060
93151  -48.486  26.651  22.672 0.4000000060
97199  -47.697  32.633  16.801 0.5000000000
97205  -47.661  32.798  15.180 0.5000000000
83357  -60.258  14.535  14.834 0.2000000030
131800  -60.322  15.243  15.156 0.2000000030
82573  -61.066  13.655  15.859 0.2000000030
85079  -60.879  16.665  16.434 0.2000000030
89938  -58.272  22.335  15.779 0.3000000119
89936  -56.780  23.066  15.886 0.3000000119
82545  -62.383  12.972  17.904 0.3000000119
87534  -49.522  19.503  15.528 0.1000000015
121962  -50.525  19.364  16.006 0.1000000015
87551  -51.060  19.922  14.437 0.1000000015
85921  -61.913  17.366  17.467 0.2000000030
89950  -52.070  22.366  14.298 0.1000000015
90723  -54.656  23.409  15.710 0.3000000119
127701  -53.847  23.109  15.493 0.3000000119
90725  -56.490  23.676  15.569 0.3000000119
91556  -58.129  24.047  14.936 0.3000000119
90728  -59.675  23.053  14.851 0.4000000060
133899  -59.109  22.584  15.423 0.3000000119
87527  -61.944  19.517  16.109 0.3000000119
89940  -61.319  22.147  14.818 0.4000000060
90734  -52.139  23.186  14.189 0.3000000119
136706  -53.223  22.857  15.198 0.3000000119
90721  -52.694  23.045  14.738 0.3000000119
91553  -55.028  24.225  15.311 0.3000000119
91565  -54.567  24.673  14.718 0.3000000119
91564  -53.647  24.396  14.575 0.3000000119
143242  -55.359  24.786  14.733 0.3000000119
91555  -57.155  24.279  15.040 0.3000000119
142578  -53.857  25.407  13.423 0.3000000119
136151  -56.022  25.654  13.671 0.3000000119
127695  -58.678  24.381  14.267 0.6000000238
123756  -60.374  23.554  14.069 0.5000000000
88345  -62.604  21.032  15.654 0.4000000060
128507  -62.960  20.344  16.687 0.4000000060
89951  -60.919  22.849  14.407 0.4000000060
82514  -61.882  13.586  22.928 0.3000000119
89135  -58.148  21.645  18.233 0.6999999881
88311  -61.127  20.163  18.065 0.3000000119
143622  -58.705  21.439  18.030 0.6999999881
89140  -58.783  22.090  17.838 0.6999999881
87503  -62.791  19.904  18.508 0.2000000030
86727  -63.021  19.483  18.366 0.2000000030
89912  -59.397  22.779  17.417 0.6999999881
89142  -61.686  21.800  17.048 0.5000000000
138478  -62.924  21.001  17.135 0.4000000060
89144  -62.825  21.231  16.481 0.4000000060
92452  -57.670  25.377  13.771 0.5000000000
89168  -62.630  21.585  15.691 0.4000000060
90713  -62.430  23.054  15.019 0.4000000060
127970  -54.070  25.820  12.830 0.3000000119
92479  -55.532  25.942  13.204 0.4000000060
92463  -56.582  26.147  13.026 0.5000000000
91580  -60.435  24.808  13.224 0.6000000238
91579  -59.550  25.003  13.244 0.6000000238
92453  -58.673  25.017  13.634 0.5000000000
90738  -62.064  23.337  14.465 0.6000000238
89952  -61.831  22.678  14.356 0.5000000000
91571  -61.677  24.153  13.874 0.6000000238
91570  -60.932  24.114  13.592 0.6000000238
89941  -62.089  22.025  14.678 0.4000000060
89167  -62.315  21.519  15.205 0.4000000060
92477  -54.210  26.283  12.044 0.5000000000
93257  -55.909  26.503  12.320 0.6000000238
93247  -57.364  26.361  12.648 0.5000000000
92466  -59.094  25.584  12.968 0.6000000238
93269  -55.699  26.953  11.473 0.6000000238
93268  -54.793  26.747  11.359 0.6000000238
93259  -57.798  26.795  12.168 0.6000000238
93270  -56.620  27.097  11.580 0.6000000238
92468  -61.167  26.221  12.906 0.6999999881
133487  -57.196  27.683  11.089 0.6000000238
94009  -55.387  27.287  10.734 0.6000000238
94011  -57.933  28.252  11.073 0.6999999881
90729  -61.968  24.025  14.831 0.6000000238
92442  -61.422  26.234  15.259 0.6999999881
91558  -61.617  25.166  14.842 0.6000000238
91572  -61.925  24.618  14.196 0.6000000238
93984  -61.429  27.256  14.418 0.6999999881
93251  -61.520  26.419  13.552 0.6999999881
92443  -61.724  25.707  14.515 0.6999999881
91581  -61.291  24.762  13.418 0.6000000238
89108  -57.602  22.300  22.316 0.6999999881
89885  -58.277  22.649  22.423 0.6999999881
91508  -62.138  25.468  22.312 0.8000000119
90657  -62.051  24.151  23.349 0.6999999881
89854  -58.716  22.927  24.668 0.6999999881
89871  -59.563  22.979  24.284 0.6999999881
90656  -60.572  23.315  23.879 0.6999999881
139997  -61.598  23.723  23.752 0.6999999881
92374  -60.384  26.369  22.056 0.6999999881
92355  -61.258  26.283  22.515 0.6999999881
92343  -62.230  25.369  23.715 0.6999999881
90650  -61.561  23.650  24.457 0.6999999881
91476  -62.320  24.743  24.110 0.6999999881
128438  -59.400  25.917  22.180 0.6999999881
92342  -61.649  25.696  23.819 0.6999999881
84178  -60.662  16.128  22.179 0.3000000119
85875  -61.809  17.183  21.523 0.3000000119
92318  -61.797  24.803  25.575 0.6999999881
141559  -61.067  23.707  25.939 0.6999999881
92327  -61.250  25.435  24.696 0.6999999881
92353  -57.511  25.108  22.188 0.6000000238
145696  -47.975  32.046  18.954 0.5000000000
141844  -56.042  23.426  26.886 0.8000000119
90634  -58.024  23.629  26.544 0.6999999881
90627  -57.674  23.864  27.313 0.6999999881
90626  -56.639  23.786  27.604 0.8000000119
91421  -59.313  24.408  28.617 0.6999999881
91420  -58.015  24.341  28.757 0.8000000119
90635  -59.163  23.616  26.496 0.6999999881
90629  -59.892  23.967  27.202 0.6999999881
91427  -59.360  24.181  27.787 0.6999999881
90636  -60.383  23.676  26.418 0.6999999881
91429  -61.297  24.451  27.219 0.6000000238
90637  -61.245  24.012  26.533 0.6999999881
91422  -60.991  24.660  28.858 0.6999999881
132084  -60.399  24.612  29.006 0.6999999881
91423  -61.273  24.797  28.038 0.6999999881
92316  -60.433  25.454  25.553 0.6999999881
92303  -61.123  25.503  26.409 0.6000000238
92315  -59.314  25.534  25.969 0.6000000238
92292  -59.955  26.017  27.415 0.6000000238
92293  -61.226  25.450  27.878 0.6999999881
92301  -58.239  25.538  26.280 0.6000000238
92300  -57.235  25.575  26.436 0.6000000238
92324  -57.055  25.013  25.204 0.6000000238
92299  -56.282  25.683  26.611 0.6000000238
92298  -55.236  25.663  26.396 0.6000000238
92310  -53.684  25.381  25.911 0.5000000000
91454  -58.863  25.264  24.556 0.6999999881
141806  -58.025  24.897  24.237 0.6000000238
91452  -57.057  24.732  24.439 0.6000000238
91489  -56.603  24.770  22.253 0.6000000238
91490  -57.148  24.741  22.893 0.6000000238
91488  -55.765  24.597  22.448 0.6000000238
97933  -48.149  34.220  14.238 0.5000000000
97927  -47.822  33.502  15.426 0.5000000000
97920  -48.711  33.903  16.864 0.5000000000
98614  -48.604  34.460  15.631 0.4000000060
89847  -54.783  22.849  26.110 0.8000000119
87486  -54.930  19.434  20.406 0.5000000000
89105  -54.305  21.428  22.559 0.6000000238
89089  -54.351  22.100  23.811 0.8000000119
91408  -57.101  24.304  29.549 0.8000000119
145312  -55.666  23.909  28.651 0.8000000119
90620  -55.317  23.809  29.090 0.8000000119
124486  -58.856  24.545  31.245 0.6999999881
125456  -60.414  24.859  30.598 0.6999999881
91411  -60.791  24.749  29.753 0.8000000119
93099  -60.929  26.049  29.345 0.6000000238
140259  -60.974  25.912  28.598 0.6000000238
93113  -60.368  26.365  28.752 0.6999999881
145822  -56.937  25.807  26.978 0.6999999881
93110  -56.641  26.703  28.173 0.6999999881
91436  -52.245  24.968  25.236 0.3000000119
91446  -50.964  24.713  24.220 0.5000000000
95195  -49.158  29.529  22.170 0.3000000119
133785  -48.384  34.503  12.373 0.6000000238
135166  -48.622  35.187  12.485 0.6000000238
98615  -49.202  34.912  15.556 0.4000000060
99271  -48.690  35.043  14.232 0.4000000060
97903  -49.120  33.718  17.621 0.4000000060
87479  -53.953  20.001  21.329 0.5000000000
89856  -53.662  22.259  25.080 0.8000000119
89841  -54.081  23.033  27.433 0.8000000119
123473  -54.759  23.509  30.687 0.6999999881
91398  -57.746  24.341  31.336 0.6999999881
91396  -56.162  23.798  32.086 0.6000000238
91391  -57.097  23.990  32.450 0.6999999881
91393  -59.493  24.507  32.688 0.6999999881
91405  -60.933  24.936  30.261 0.6999999881
92274  -60.598  25.194  30.919 0.6999999881
93079  -60.130  26.515  30.599 0.6999999881
138402  -59.033  26.765  29.440 0.6999999881
91394  -60.201  24.947  32.414 0.6000000238
93062  -60.116  26.390  31.514 0.6000000238
93096  -58.269  26.927  29.670 0.5000000000
93854  -57.325  26.961  29.217 0.5000000000
93118  -55.779  26.756  27.868 0.4000000060
92309  -52.740  25.487  25.876 0.4000000060
92296  -53.205  26.051  26.477 0.3000000119
92322  -50.279  24.943  24.658 0.5000000000
92306  -48.833  25.660  24.514 0.4000000060
124770  -48.603  26.024  23.222 0.4000000060
97889  -51.456  33.638  18.606 0.3000000119
98602  -50.071  34.757  16.464 0.4000000060
90609  -53.910  23.068  30.560 0.6000000238
91358  -57.109  24.000  34.709 0.5000000000
90601  -55.269  23.527  33.439 0.4000000060
91376  -58.223  24.217  33.734 0.4000000060
91377  -59.319  24.486  33.563 0.5000000000
93061  -59.315  26.743  31.913 0.5000000000
93060  -58.387  26.949  31.301 0.4000000060
93844  -57.435  27.070  29.899 0.4000000060
93863  -55.173  27.269  28.306 0.3000000119
93823  -57.465  27.041  30.641 0.3000000119
93852  -55.787  27.457  28.795 0.3000000119
92307  -49.967  25.500  25.322 0.4000000060
93131  -48.738  26.242  24.874 0.4000000060
95184  -49.026  28.902  22.449 0.3000000119
93862  -54.376  27.310  28.082 0.3000000119
126195  -51.985  26.896  26.849 0.4000000060
91345  -58.244  24.338  35.373 0.3000000119
92203  -59.839  25.732  34.522 0.4000000060
93048  -59.377  26.602  32.799 0.3000000119
93046  -57.140  26.748  32.378 0.3000000119
93842  -55.459  27.512  29.468 0.3000000119
93868  -52.190  27.375  27.406 0.3000000119
93132  -49.298  26.393  25.549 0.4000000060
95812  -51.844  30.171  23.066 0.2000000030
93007  -58.990  26.497  36.309 0.2000000030
93015  -59.282  26.381  35.545 0.2000000030
93016  -59.544  26.241  34.895 0.3000000119
93025  -58.597  26.787  34.532 0.1000000015
93035  -57.953  26.637  33.151 0.2000000030
122184  -55.954  26.617  32.534 0.1000000015
93828  -54.773  27.397  29.919 0.3000000119
93870  -48.850  26.933  25.167 0.3000000119
93124  -49.809  27.146  26.217 0.3000000119
93867  -51.290  27.481  26.991 0.3000000119
125813  -49.171  28.548  24.636 0.3000000119
93850  -52.751  27.615  28.578 0.3000000119
93860  -52.501  27.713  27.958 0.3000000119
81735  -58.035  12.626  22.770 0.2000000030
122087  -57.285  12.450  20.998 0.2000000030
81758  -57.606  12.391  20.196 0.2000000030
81768  -56.958  12.174  19.528 0.2000000030
81780  -57.248  11.961  18.634 0.2000000030
81736  -58.853  12.549  22.285 0.2000000030
81746  -57.943  12.555  21.777 0.2000000030
121799  -58.230  12.508  20.865 0.2000000030
81769  -57.933  12.271  19.341 0.2000000030
81711  -58.968  12.613  24.241 0.2000000030
81723  -58.915  12.529  23.225 0.2000000030
81747  -58.918  12.543  21.437 0.2000000030
81007  -57.601  11.619  17.815 0.2000000030
81008  -58.409  11.716  17.642 0.2000000030
145407  -58.952  11.803  17.524 0.2000000030
81016  -58.886  11.540  16.938 0.2000000030
81026  -58.613  10.776  16.349 0.1000000015
144288  -59.445  11.702  16.719 0.2000000030
80148  -59.035  10.281  15.556 0.2000000030
81027  -59.306  11.223  16.113 0.2000000030
79302  -58.698  9.719  14.713 0.2000000030
80153  -59.080  10.162  14.979 0.2000000030
81694  -61.166  12.838  26.487 0.2000000030
82491  -61.610  13.103  27.382 0.2000000030
81712  -60.107  12.630  24.852 0.2000000030
124721  -60.866  12.757  25.655 0.2000000030
124106  -59.873  12.655  26.030 0.2000000030
81724  -59.852  12.598  23.676 0.2000000030
142933  -59.041  12.491  20.729 0.2000000030
81781  -58.190  12.024  18.440 0.2000000030
81770  -59.082  12.253  19.134 0.2000000030
133389  -59.009  11.986  18.093 0.2000000030
80159  -57.970  10.048  14.158 0.1000000015
80158  -57.079  9.598  14.347 0.1000000015
80161  -58.896  10.408  14.634 0.1000000015
80154  -59.299  10.852  15.308 0.2000000030
136160  -55.089  11.188  13.081 0.1000000015
79309  -55.591  10.420  13.621 0.1000000015
136164  -54.462  12.020  13.599 0.1000000015
82489  -61.961  13.603  28.134 0.2000000030
82494  -62.031  13.166  26.589 0.2000000030
81713  -61.299  12.862  25.027 0.2000000030
121801  -59.688  12.593  22.683 0.2000000030
81725  -60.832  12.871  24.069 0.2000000030
121800  -59.544  12.612  21.902 0.2000000030
121798  -59.844  12.588  21.106 0.2000000030
81771  -60.302  12.357  19.355 0.2000000030
121797  -59.586  12.457  20.128 0.2000000030
81782  -59.972  12.165  18.377 0.2000000030
81791  -59.556  11.950  17.387 0.2000000030
81017  -59.969  11.990  16.564 0.2000000030
81028  -59.581  11.601  15.731 0.2000000030
127143  -56.815  10.623  13.841 0.1000000015
80160  -58.483  10.544  14.262 0.1000000015
81048  -58.862  11.015  14.406 0.1000000015
81049  -59.163  10.838  14.814 0.2000000030
81818  -55.268  12.311  13.908 0.1000000015
81044  -55.445  11.637  13.474 0.1000000015
81045  -56.561  11.429  13.573 0.1000000015
81046  -57.647  10.965  13.830 0.1000000015
82492  -62.177  13.614  27.376 0.2000000030
83273  -62.270  14.294  27.084 0.2000000030
81700  -61.719  12.960  25.813 0.2000000030
81726  -61.767  13.199  24.444 0.2000000030
81714  -62.013  13.162  25.212 0.2000000030
124487  -60.527  12.779  23.044 0.2000000030
81737  -60.899  12.967  22.515 0.2000000030
139813  -60.329  12.784  22.039 0.2000000030
122015  -60.571  12.538  20.291 0.2000000030
124438  -60.668  12.201  17.638 0.2000000030
143418  -59.943  11.959  15.966 0.2000000030
124295  -59.141  11.569  14.684 0.1000000015
81819  -56.160  12.223  13.780 0.1000000015
124859  -58.782  11.708  14.281 0.1000000015
82581  -55.694  12.921  14.272 0.1000000015
81807  -53.715  13.117  14.582 0.1000000015
82571  -55.215  13.641  14.740 0.1000000015
83347  -54.739  14.318  15.277 0.1000000015
84224  -55.125  15.269  15.490 0.1000000015
84217  -55.157  16.097  15.717 0.1000000015
84972  -57.108  16.944  26.158 0.2000000030
84971  -56.163  16.898  26.091 0.2000000030
85829  -59.124  17.957  27.828 0.2000000030
84978  -49.200  17.013  25.702 0.2000000030
84985  -56.631  16.546  25.410 0.2000000030
143067  -49.630  17.193  25.322 0.2000000030
85844  -50.184  17.006  25.096 0.2000000030
84990  -50.940  16.783  24.887 0.2000000030
84991  -51.769  16.595  24.688 0.2000000030
84992  -52.588  16.529  24.417 0.2000000030
84983  -54.092  16.351  24.903 0.2000000030
123185  -54.972  16.310  24.495 0.2000000030
143125  -55.652  16.183  24.290 0.2000000030
146781  -56.098  16.451  25.089 0.2000000030
84975  -61.490  16.085  27.904 0.2000000030
86664  -49.903  18.422  24.570 0.2000000030
85847  -50.431  17.624  24.482 0.2000000030
85848  -51.228  17.259  24.223 0.2000000030
85006  -51.952  16.968  23.888 0.2000000030
84994  -54.290  16.353  23.971 0.2000000030
84996  -56.345  16.203  24.632 0.2000000030
84123  -62.037  15.163  27.579 0.2000000030
86665  -50.433  18.533  24.101 0.2000000030
85855  -50.850  17.924  23.917 0.2000000030
85856  -51.460  17.770  23.452 0.2000000030
85007  -52.755  16.764  23.512 0.2000000030
85008  -53.618  16.534  23.375 0.2000000030
84995  -55.194  16.117  23.650 0.2000000030
84132  -56.108  15.909  23.826 0.2000000030
132875  -52.030  17.989  22.680 0.2000000030
85864  -52.636  17.276  22.758 0.2000000030
85020  -53.150  16.788  22.874 0.2000000030
85010  -55.078  16.056  22.754 0.2000000030
82495  -62.292  13.707  26.388 0.2000000030
85872  -52.730  17.839  22.116 0.2000000030
85021  -53.758  16.639  22.613 0.2000000030
85022  -54.433  16.393  22.287 0.2000000030
84147  -55.829  15.780  23.026 0.2000000030
85865  -53.236  17.164  22.282 0.2000000030
85031  -53.863  16.903  21.871 0.2000000030
81792  -61.090  12.420  17.036 0.2000000030
81018  -60.370  12.286  16.148 0.2000000030
81034  -59.833  12.054  15.562 0.1000000015
81820  -57.337  12.041  13.714 0.1000000015
81821  -58.337  12.422  13.946 0.1000000015
81822  -59.104  12.353  14.379 0.1000000015
81823  -59.662  12.294  14.959 0.1000000015
81808  -60.323  12.608  15.588 0.1000000015
83348  -55.779  14.552  14.911 0.1000000015
85083  -56.204  16.777  14.733 0.1000000015
85927  -54.480  17.523  16.164 0.1000000015
84959  -59.716  17.307  27.463 0.2000000030
84986  -57.661  16.500  25.598 0.2000000030
84960  -60.865  16.958  28.264 0.2000000030
84974  -60.345  16.549  27.175 0.2000000030
85842  -48.659  17.621  25.757 0.2000000030
85843  -49.217  17.708  25.336 0.2000000030
86653  -46.823  18.497  27.518 0.3000000119
87443  -47.411  19.245  27.474 0.3000000119
86658  -47.870  18.363  26.496 0.2000000030
86659  -48.357  18.363  26.002 0.2000000030
86661  -48.864  18.405  25.510 0.2000000030
86662  -49.382  18.423  25.051 0.2000000030
84997  -57.298  16.127  24.859 0.2000000030
87448  -47.807  18.996  26.888 0.2000000030
87449  -48.342  19.129  26.486 0.2000000030
87452  -48.704  19.021  25.903 0.2000000030
87456  -49.665  19.084  24.879 0.2000000030
86671  -50.958  18.599  23.570 0.2000000030
83275  -62.192  14.348  26.055 0.2000000030
87457  -50.151  19.276  24.467 0.2000000030
87461  -50.685  19.398  23.930 0.3000000119
86672  -51.500  18.644  23.029 0.2000000030
86680  -51.948  18.790  22.560 0.2000000030
83276  -62.533  13.951  25.487 0.2000000030
84173  -55.073  16.104  21.954 0.2000000030
84148  -56.703  15.574  23.236 0.2000000030
81701  -62.240  13.414  25.741 0.2000000030
85874  -54.088  17.298  21.362 0.2000000030
84174  -55.739  15.911  21.675 0.2000000030
84175  -57.252  15.530  21.789 0.2000000030
128795  -58.089  15.412  22.141 0.2000000030
135928  -58.997  15.447  22.438 0.2000000030
86688  -53.648  18.343  21.144 0.2000000030
85883  -53.967  17.771  21.104 0.2000000030
85032  -54.601  16.696  21.447 0.2000000030
85033  -55.273  16.326  21.353 0.2000000030
137700  -57.913  15.623  21.488 0.2000000030
85884  -54.550  17.430  20.820 0.2000000030
85046  -55.188  16.760  20.817 0.2000000030
85034  -55.807  16.267  20.956 0.2000000030
84189  -57.357  15.853  21.013 0.2000000030
85048  -57.707  16.414  20.413 0.2000000030
121696  -55.818  16.793  20.479 0.2000000030
85060  -57.147  17.040  19.847 0.2000000030
85049  -58.722  16.474  20.481 0.2000000030
85886  -56.215  17.258  19.994 0.2000000030
85061  -58.183  16.958  19.845 0.2000000030
128316  -56.677  18.033  19.376 0.2000000030
81799  -60.996  12.722  16.283 0.2000000030
82572  -56.209  13.670  14.444 0.1000000015
82582  -56.643  12.928  13.943 0.1000000015
82583  -57.491  12.914  13.797 0.1000000015
133621  -58.013  13.467  13.803 0.1000000015
82586  -60.019  13.798  14.573 0.1000000015
83349  -56.736  14.445  14.262 0.1000000015
130938  -57.085  13.648  13.935 0.1000000015
83354  -58.527  14.250  13.795 0.1000000015
82585  -59.328  13.932  14.130 0.1000000015
143685  -55.810  15.278  15.068 0.1000000015
84225  -56.463  15.352  14.565 0.1000000015
86752  -53.016  18.902  15.970 0.1000000015
85078  -55.520  16.742  15.445 0.1000000015
86744  -54.444  18.296  15.634 0.1000000015
85935  -55.097  18.055  15.318 0.1000000015
85936  -55.788  17.602  14.781 0.1000000015
123639  -56.361  17.823  27.976 0.2000000030
85827  -57.055  17.672  27.487 0.2000000030
85839  -57.572  17.391  26.879 0.2000000030
125354  -58.098  16.968  26.305 0.2000000030
84987  -58.675  16.336  25.874 0.2000000030
84122  -60.951  15.741  26.894 0.2000000030
84128  -61.682  15.045  26.529 0.2000000030
87439  -47.123  19.813  28.583 0.3000000119
88245  -47.832  19.956  28.015 0.3000000119
84125  -58.290  15.967  25.116 0.2000000030
84126  -59.336  15.741  25.462 0.2000000030
87442  -46.819  19.221  28.015 0.3000000119
145834  -47.266  19.586  27.998 0.3000000119
87444  -48.228  19.633  27.209 0.3000000119
84135  -58.983  15.458  24.603 0.2000000030
146058  -48.608  19.666  26.755 0.4000000060
88257  -49.684  20.183  25.831 0.4000000060
87454  -49.933  19.800  25.074 0.3000000119
88261  -50.648  20.140  24.525 0.3000000119
84134  -57.963  15.733  24.299 0.2000000030
84150  -59.718  15.214  24.090 0.2000000030
84137  -61.328  14.868  25.544 0.2000000030
88269  -51.128  20.005  23.869 0.5000000000
87469  -51.780  19.453  22.849 0.2000000030
125613  -58.649  15.372  23.730 0.2000000030
82502  -62.409  13.626  24.865 0.2000000030
88278  -52.294  20.029  22.679 0.5000000000
87470  -52.290  19.324  22.351 0.3000000119
86681  -52.430  18.595  22.158 0.2000000030
84161  -57.392  15.394  22.634 0.2000000030
126829  -52.694  19.787  22.194 0.3000000119
86687  -53.007  18.481  21.598 0.3000000119
87478  -53.500  19.181  21.272 0.3000000119
87485  -54.239  19.397  20.846 0.3000000119
86697  -55.222  18.506  20.062 0.3000000119
85885  -55.345  17.479  20.291 0.2000000030
85900  -55.799  17.908  19.733 0.2000000030
84233  -57.316  15.150  13.837 0.1000000015
136754  -55.853  15.950  15.148 0.1000000015
137014  -57.138  15.997  13.920 0.1000000015
84234  -57.930  15.770  13.625 0.1000000015
134542  -58.544  15.135  13.775 0.1000000015
85942  -56.388  18.308  13.897 0.1000000015
85943  -57.145  17.732  13.700 0.1000000015
85084  -56.917  16.818  14.068 0.1000000015
85090  -57.593  16.717  13.763 0.1000000015
141137  -55.667  19.600  13.809 0.1000000015
86763  -56.726  18.682  13.804 0.1000000015
87556  -57.028  18.839  13.978 0.1000000015
87539  -55.700  19.935  14.184 0.1000000015
87541  -57.459  18.996  15.122 0.1000000015
127474  -56.557  18.310  28.745 0.2000000030
86648  -57.627  18.784  29.228 0.2000000030
85816  -57.578  18.301  28.333 0.2000000030
85828  -58.096  17.940  27.613 0.2000000030
85840  -58.590  17.455  27.056 0.2000000030
84973  -59.168  16.816  26.625 0.2000000030
84121  -59.783  16.138  26.258 0.2000000030
88246  -48.614  20.348  27.729 0.4000000060
88247  -49.359  20.753  27.465 0.4000000060
84127  -60.479  15.487  25.935 0.2000000030
88253  -48.872  20.136  27.010 0.4000000060
88254  -49.539  20.502  26.653 0.5000000000
84136  -60.142  15.291  24.999 0.2000000030
83282  -62.173  14.514  25.101 0.2000000030
87450  -48.989  19.729  26.298 0.4000000060
88258  -50.421  20.549  25.414 0.5000000000
88259  -51.184  20.918  25.029 0.5000000000
88262  -51.471  20.619  24.213 0.5000000000
122964  -61.076  14.962  24.451 0.2000000030
88270  -51.758  20.241  23.380 0.5000000000
88263  -52.204  21.005  23.842 0.5000000000
88271  -52.575  20.716  23.124 0.5000000000
88279  -52.985  20.399  22.431 0.4000000060
88280  -53.813  20.709  21.978 0.5000000000
83298  -62.629  14.880  22.841 0.2000000030
85051  -60.792  16.988  21.143 0.2000000030
84235  -58.645  15.832  13.840 0.1000000015
85944  -57.843  17.369  13.782 0.1000000015
85945  -58.557  17.014  14.121 0.1000000015
86756  -57.838  18.373  14.375 0.1000000015
86757  -58.754  18.041  14.961 0.1000000015
87522  -57.099  19.526  15.772 0.1000000015
122353  -52.646  22.578  28.289 0.6999999881
89839  -51.892  22.201  27.975 0.6999999881
89840  -52.341  22.299  27.380 0.6999999881
143253  -50.783  21.487  27.191 0.6000000238
89073  -51.425  21.823  27.275 0.6000000238
89844  -52.902  22.310  26.597 0.6000000238
88248  -50.173  21.168  27.115 0.6000000238
89077  -50.849  21.382  26.667 0.6000000238
89078  -51.548  21.639  26.352 0.6000000238
89079  -52.267  21.880  26.049 0.6000000238
89085  -52.850  21.841  24.853 0.6000000238
88255  -50.253  20.863  26.246 0.5000000000
89082  -50.961  21.201  25.853 0.6000000238
89087  -52.052  21.310  24.725 0.6000000238
89088  -52.684  21.509  24.204 0.6000000238
133999  -52.938  21.340  23.585 0.5000000000
84151  -62.202  15.190  23.563 0.2000000030
89104  -53.407  21.149  22.905 0.5000000000
88355  -53.591  20.378  14.407 0.1000000015
89934  -53.557  22.218  15.368 0.2000000030
89935  -54.211  21.773  15.567 0.2000000030
89919  -55.691  22.306  16.251 0.2000000030
87523  -57.929  19.397  16.042 0.1000000015
89151  -55.809  21.620  16.298 0.2000000030
88328  -57.443  20.243  16.351 0.2000000030
90733  -51.444  22.813  13.707 0.1000000015
89150  -54.985  21.799  16.001 0.2000000030
89920  -56.533  22.264  16.252 0.2000000030
89152  -56.597  21.087  16.375 0.2000000030
89948  -47.887  21.619  13.922 0.1000000015
130304  -48.258  22.308  13.294 0.1000000015
89186  -48.651  21.653  12.307 0.1000000015
89963  -48.529  22.194  12.185 0.1000000015
89958  -49.772  21.925  12.373 0.2000000030
89965  -49.109  22.153  11.570 0.2000000030
89959  -50.595  22.308  13.030 0.1000000015
90744  -50.908  23.213  12.967 0.2000000030
90742  -48.476  23.189  12.907 0.1000000015
89969  -48.872  22.618  11.072 0.1000000015
89970  -49.050  22.811  10.792 0.1000000015
90743  -50.070  22.532  12.092 0.2000000030
91589  -51.094  24.284  11.840 0.2000000030
91590  -51.884  24.788  12.581 0.2000000030
93964  -44.701  27.934  15.326 0.1000000015
125103  -45.275  27.468  15.892 0.1000000015
145199  -48.583  24.094  13.156 0.1000000015
91575  -48.632  23.714  12.247 0.1000000015
90753  -48.725  23.190  11.060 0.1000000015
90754  -48.961  23.056  10.653 0.1000000015
146273  -49.569  22.755  11.282 0.1000000015
91588  -50.386  23.771  11.013 0.1000000015
91597  -50.793  24.357  10.729 0.2000000030
92475  -51.687  24.938  11.530 0.2000000030
121907  -43.396  28.705  15.709 0.1000000015
94580  -44.009  28.351  15.297 0.1000000015
93965  -45.355  27.891  14.895 0.1000000015
132001  -48.704  24.696  12.920 0.1000000015
91587  -48.920  24.251  10.926 0.1000000015
91595  -49.072  23.599  10.482 0.1000000015
91596  -49.958  23.815  10.209 0.2000000030
92488  -52.374  25.533  11.138 0.2000000030
92489  -53.249  26.004  11.653 0.4000000060
95864  -43.107  30.039  15.120 0.2000000030
141611  -43.217  29.117  15.497 0.2000000030
94579  -43.501  28.966  15.083 0.2000000030
122424  -43.935  28.791  14.450 0.2000000030
94581  -44.550  28.336  14.600 0.2000000030
94594  -44.972  28.336  14.115 0.1000000015
94595  -45.606  28.151  14.076 0.2000000030
94610  -45.815  28.401  13.498 0.2000000030
91602  -49.810  24.242  9.835 0.3000000119
91607  -50.263  24.839  9.254 0.3000000119
92487  -51.413  24.974  10.222 0.2000000030
92494  -50.787  24.919  9.315 0.2000000030
93266  -52.958  26.148  10.755 0.3000000119
99313  -47.269  35.819  10.597 0.6000000238
99311  -46.111  35.097  11.427 0.6000000238
96519  -43.242  30.751  15.205 0.2000000030
95237  -43.584  29.520  14.532 0.2000000030
95238  -43.980  29.213  13.883 0.2000000030
95246  -44.360  29.350  13.366 0.2000000030
94593  -44.441  28.744  13.792 0.2000000030
94609  -45.101  28.612  13.447 0.2000000030
94608  -44.682  28.981  13.220 0.2000000030
140251  -45.011  29.004  12.906 0.3000000119
93287  -51.313  25.787  8.391 0.4000000060
93279  -54.484  26.983  10.595 0.5000000000
93288  -52.206  26.228  8.794 0.5000000000
93277  -52.609  26.189  9.799 0.5000000000
93278  -53.570  26.643  10.252 0.5000000000
99314  -47.863  35.818  10.550 0.5000000000
100030  -46.899  36.192  11.014 0.6000000238
100014  -47.186  36.896  11.439 0.5000000000
98628  -44.753  34.218  14.261 0.4000000060
100013  -46.506  36.600  11.873 0.6000000238
96520  -43.806  31.293  14.672 0.2000000030
95871  -43.973  29.919  13.707 0.2000000030
128454  -44.352  31.444  13.870 0.3000000119
95877  -44.519  29.970  12.979 0.2000000030
94019  -54.249  27.216  9.741 0.5000000000
93289  -53.214  26.820  9.329 0.5000000000
100003  -49.451  36.272  12.788 0.3000000119
99300  -48.903  35.998  11.945 0.3000000119
100016  -49.464  36.821  11.758 0.2000000030
143973  -48.985  36.519  11.184 0.2000000030
100017  -50.085  37.303  11.789 0.2000000030
100015  -48.540  36.232  10.937 0.3000000119
100033  -48.972  37.020  10.838 0.2000000030
100712  -49.635  37.566  11.032 0.2000000030
100032  -48.270  36.664  10.807 0.4000000060
142505  -49.292  37.776  10.859 0.2000000030
100031  -47.591  36.401  10.788 0.4000000060
100724  -47.912  37.174  10.989 0.2000000030
100725  -48.691  37.560  10.888 0.2000000030
100711  -48.085  37.849  11.382 0.4000000060
81738  -61.353  13.199  23.341 0.2000000030
82503  -62.558  13.980  24.140 0.2000000030
81749  -61.301  13.199  22.274 0.2000000030
84190  -58.261  15.930  20.979 0.2000000030
141979  -60.307  15.292  23.665 0.2000000030
85035  -59.191  16.082  21.166 0.2000000030
85050  -59.741  16.709  20.768 0.2000000030
84166  -62.311  15.521  23.069 0.2000000030
83283  -62.550  14.225  24.682 0.2000000030
82509  -62.365  13.886  23.488 0.2000000030
83293  -62.535  14.339  23.497 0.2000000030
83291  -62.133  14.794  24.238 0.2000000030
144534  -62.589  15.117  22.280 0.2000000030
139752  -61.082  16.636  21.703 0.2000000030
88356  -54.382  20.130  14.165 0.1000000015
88327  -56.378  20.031  15.717 0.2000000030
87538  -53.374  19.590  14.838 0.1000000015
86753  -53.999  18.940  15.284 0.1000000015
89163  -55.440  20.731  15.653 0.2000000030
86754  -54.842  18.878  14.709 0.1000000015
91563  -48.541  24.017  13.860 0.1000000015
97931  -44.581  33.200  14.425 0.4000000060
124447  -44.405  30.662  13.322 0.3000000119
83355  -59.053  14.648  13.968 0.1000000015
85091  -58.205  16.511  13.774 0.1000000015
87542  -58.384  18.727  15.499 0.1000000015
136378  -60.605  13.750  15.218 0.1000000015
89153  -57.563  21.152  16.345 0.2000000030
89922  -58.132  21.643  16.084 0.2000000030
82562  -60.848  13.128  15.684 0.1000000015
121974  -60.755  12.714  21.181 0.2000000030
89160  -53.042  21.676  14.857 0.2000000030
90745  -51.782  23.661  13.625 0.2000000030
91577  -52.200  24.468  13.427 0.3000000119
92476  -52.627  25.425  12.240 0.2000000030
84165  -61.944  15.842  22.996 0.2000000030
84177  -59.601  15.838  21.959 0.2000000030
126954  -61.394  15.338  23.521 0.2000000030
89849  -52.966  22.116  25.670 0.6000000238
130409  -53.194  22.639  27.456 0.6999999881
88285  -53.233  19.920  21.775 0.5000000000
81759  -58.583  12.406  20.080 0.2000000030
81047  -58.322  11.401  13.987 0.1000000015
136248  -55.779  16.595  25.468 0.2000000030
85846  -49.738  17.695  24.907 0.2000000030
124114  -53.211  16.378  24.911 0.2000000030
84993  -53.426  16.440  24.188 0.2000000030
85857  -52.148  17.326  23.244 0.2000000030
85009  -54.396  16.315  23.121 0.2000000030
84159  -55.599  15.826  22.341 0.2000000030
85873  -53.447  17.643  21.593 0.2000000030
84160  -56.397  15.597  22.287 0.2000000030
125473  -59.609  13.078  14.450 0.1000000015
81824  -60.261  13.057  15.003 0.1000000015
85937  -56.541  17.475  14.159 0.1000000015
86761  -55.366  19.484  13.948 0.1000000015
86654  -47.365  18.406  26.991 0.2000000030
87453  -49.272  19.283  25.479 0.2000000030
87462  -51.267  19.422  23.414 0.3000000119
84188  -56.491  15.830  21.319 0.2000000030
84176  -58.671  15.644  21.666 0.2000000030
86695  -54.212  18.189  20.763 0.2000000030
85047  -56.620  16.429  20.511 0.2000000030
136049  -57.987  14.947  13.628 0.1000000015
87553  -53.581  20.030  14.364 0.1000000015
87554  -54.451  19.714  14.289 0.1000000015
86755  -55.631  18.638  14.226 0.1000000015
86762  -56.026  19.114  13.656 0.1000000015
87477  -52.771  19.225  21.794 0.2000000030
87484  -53.986  18.803  20.843 0.3000000119
86696  -54.739  18.050  20.425 0.2000000030
87555  -56.247  19.296  13.781 0.1000000015
88357  -55.111  20.000  13.781 0.1000000015
84152  -62.519  14.942  23.476 0.2000000030
85036  -60.165  16.418  21.503 0.2000000030
89074  -52.076  22.040  26.719 0.6000000238
89083  -51.726  21.454  25.563 0.6000000238
89084  -52.369  21.720  25.382 0.6000000238
89162  -54.545  21.081  15.238 0.1000000015
90749  -48.603  22.861  11.833 0.1000000015
89964  -48.796  22.168  11.742 0.1000000015
89182  -49.259  20.971  12.721 0.2000000030
90750  -49.662  23.285  10.791 0.1000000015
93935  -45.094  27.144  16.776 0.1000000015
90755  -49.281  23.574  10.481 0.1000000015
91603  -50.382  24.453  9.748 0.2000000030
136591  -52.217  25.638  10.247 0.3000000119
95870  -43.593  30.337  14.492 0.2000000030
96524  -43.999  30.689  13.973 0.2000000030
97209  -44.257  32.266  14.558 0.3000000119
101339  -49.249  38.289  10.892 0.3000000119
82508  -62.133  13.598  23.947 0.2000000030
88341  -54.875  20.322  14.370 0.1000000015
84951  -46.876  16.581  27.598 0.2000000030
85812  -45.901  17.741  28.289 0.2000000030
85824  -46.428  17.650  27.699 0.2000000030
83236  -45.506  14.378  32.289 0.2000000030
83247  -45.041  14.903  31.845 0.2000000030
84059  -45.458  15.226  31.254 0.2000000030
84087  -45.894  15.601  29.802 0.2000000030
84100  -45.724  16.072  28.998 0.2000000030
84942  -45.713  16.878  28.538 0.2000000030
81658  -42.964  12.838  32.607 0.2000000030
82457  -43.329  13.590  32.500 0.2000000030
81659  -43.831  12.822  32.551 0.2000000030
82458  -44.238  13.613  32.442 0.2000000030
83235  -44.633  14.335  32.230 0.2000000030
83234  -43.625  14.419  32.242 0.2000000030
84057  -43.340  15.253  31.891 0.2000000030
83246  -44.139  15.010  31.795 0.2000000030
84058  -44.615  15.400  31.201 0.2000000030
84072  -45.076  15.604  30.389 0.2000000030
84071  -44.329  15.969  30.638 0.2000000030
84919  -44.296  16.669  30.325 0.2000000030
84085  -44.683  16.164  30.085 0.2000000030
84086  -45.167  16.089  29.625 0.2000000030
84930  -44.725  16.744  29.736 0.2000000030
85803  -44.910  17.566  29.520 0.2000000030
85811  -45.405  17.679  28.903 0.2000000030
86645  -45.779  18.538  28.773 0.2000000030
80036  -41.685  10.360  33.195 0.1000000015
80912  -41.885  11.314  32.881 0.1000000015
80899  -41.877  12.170  33.004 0.1000000015
81647  -42.197  12.836  32.925 0.1000000015
82456  -42.530  13.580  32.773 0.1000000015
83233  -42.781  14.295  32.534 0.2000000030
84046  -42.899  14.913  32.253 0.2000000030
136355  -43.135  15.883  31.707 0.2000000030
84070  -43.776  15.754  31.312 0.2000000030
84918  -43.781  16.539  30.875 0.2000000030
85797  -43.925  17.294  30.664 0.2000000030
85802  -44.437  17.419  30.121 0.2000000030
86636  -44.726  18.216  30.061 0.3000000119
86637  -45.273  18.409  29.455 0.3000000119
136013  -48.386  20.496  28.381 0.3000000119
88242  -49.083  20.951  28.338 0.3000000119
137291  -50.680  21.558  27.710 0.5000000000
83901  -38.173  15.871  47.055 0.1000000015
79148  -38.896  9.334  36.242 0.1000000015
80004  -38.697  9.988  36.638 0.1000000015
80015  -39.798  10.252  35.423 0.1000000015
132283  -40.590  10.195  34.347 0.1000000015
80026  -41.193  11.088  33.543 0.1000000015
80898  -41.382  11.933  33.456 0.1000000015
81646  -41.557  12.809  33.486 0.1000000015
82444  -41.903  13.584  33.274 0.1000000015
83226  -42.160  14.326  33.061 0.2000000030
84045  -42.359  15.053  32.762 0.2000000030
84056  -42.650  15.730  32.266 0.2000000030
84911  -43.249  16.470  31.420 0.2000000030
85796  -43.402  17.238  31.237 0.3000000119
86628  -44.184  18.006  30.611 0.3000000119
87430  -44.587  18.709  30.715 0.3000000119
87431  -45.140  19.362  30.904 0.3000000119
86629  -45.188  18.963  30.141 0.3000000119
87435  -45.838  19.249  29.488 0.4000000060
87436  -46.616  19.786  29.334 0.3000000119
126893  -47.446  20.592  29.983 0.4000000060
140730  -46.279  19.812  29.941 0.4000000060
88237  -47.297  20.278  29.364 0.4000000060
88240  -47.847  20.377  28.808 0.4000000060
89068  -50.517  21.663  28.507 0.5000000000
89072  -49.913  21.290  27.976 0.5000000000
84772  -38.797  16.257  47.356 0.1000000015
84747  -39.010  16.277  48.889 0.1000000015
84739  -39.791  16.380  50.307 0.1000000015
84792  -37.921  16.154  45.243 0.1000000015
84785  -38.559  16.334  46.450 0.1000000015
84759  -38.896  16.273  48.188 0.1000000015
82347  -35.764  14.337  41.846 0.1000000015
83943  -36.770  15.399  43.694 0.1000000015
83168  -37.045  14.364  40.813 0.1000000015
82355  -36.139  14.033  41.076 0.1000000015
81580  -37.542  12.687  39.166 0.1000000015
82367  -37.562  13.850  40.215 0.1000000015
80856  -38.009  10.924  37.742 0.1000000015
80845  -38.431  11.725  38.160 0.1000000015
81594  -37.977  12.167  38.698 0.1000000015
80005  -39.237  10.053  36.031 0.1000000015
79995  -38.696  10.661  37.090 0.1000000015
80857  -38.924  11.372  37.512 0.1000000015
80877  -39.703  10.841  36.110 0.1000000015
132224  -40.144  10.930  35.448 0.1000000015
80888  -40.513  11.480  34.934 0.1000000015
80889  -40.861  11.743  34.103 0.1000000015
81638  -41.085  12.432  33.955 0.1000000015
139248  -41.494  13.569  33.798 0.1000000015
83225  -41.661  14.355  33.737 0.1000000015
84905  -42.504  16.645  32.434 0.2000000030
85791  -42.842  17.089  31.798 0.2000000030
86627  -43.705  17.817  31.088 0.3000000119
86605  -42.961  18.037  32.563 0.2000000030
85784  -43.225  17.981  31.790 0.3000000119
86621  -43.978  18.425  31.257 0.3000000119
87426  -44.523  19.082  31.469 0.3000000119
88236  -46.856  20.226  29.983 0.4000000060
88228  -45.765  19.957  31.133 0.4000000060
88232  -46.359  20.152  30.574 0.4000000060
88238  -47.960  20.745  29.539 0.5000000000
88241  -48.524  20.845  28.994 0.5000000000
89066  -49.132  21.221  29.098 0.5000000000
89067  -49.754  21.437  28.794 0.5000000000
88234  -47.969  20.983  30.316 0.4000000060
89062  -48.734  21.223  29.801 0.5000000000
89063  -49.594  21.536  29.587 0.5000000000
89064  -50.358  21.778  29.321 0.5000000000
89069  -51.249  21.919  28.208 0.5000000000
89065  -51.104  22.034  29.034 0.5000000000
89834  -51.845  22.286  28.728 0.5000000000
84760  -39.524  16.557  48.554 0.1000000015
143306  -40.829  16.721  49.955 0.1000000015
84741  -41.305  16.778  50.953 0.1000000015
83932  -37.349  15.775  44.129 0.1000000015
84802  -37.846  16.198  44.476 0.1000000015
84774  -40.020  16.978  48.153 0.1000000015
84749  -40.916  16.858  49.420 0.1000000015
83962  -37.747  15.546  42.680 0.1000000015
83944  -37.494  15.720  43.386 0.1000000015
84803  -38.362  16.646  44.709 0.1000000015
84794  -39.044  17.071  45.917 0.1000000015
84786  -39.247  16.717  46.879 0.1000000015
83154  -37.558  14.829  41.441 0.1000000015
83945  -38.224  15.981  43.187 0.1000000015
82382  -38.051  13.306  39.621 0.1000000015
81581  -38.468  12.748  39.074 0.1000000015
80846  -39.426  11.988  38.105 0.1000000015
80867  -39.380  11.067  36.882 0.1000000015
80878  -40.322  11.543  35.877 0.1000000015
80868  -40.051  11.439  36.668 0.1000000015
81637  -40.813  12.463  34.718 0.1000000015
81629  -40.666  12.085  35.422 0.1000000015
82443  -41.156  13.123  34.205 0.1000000015
130616  -41.294  13.943  34.392 0.1000000015
84036  -41.688  15.267  33.987 0.1000000015
84037  -42.040  15.993  33.223 0.2000000030
84899  -42.377  17.044  33.122 0.2000000030
85783  -42.698  17.468  32.438 0.2000000030
86613  -43.423  18.408  32.477 0.2000000030
86614  -43.880  18.746  32.008 0.2000000030
134119  -45.373  19.812  32.565 0.3000000119
88225  -45.885  20.185  31.951 0.3000000119
87421  -45.194  19.650  31.715 0.3000000119
88233  -47.186  20.623  30.736 0.4000000060
89058  -48.658  21.345  30.738 0.5000000000
84817  -38.317  16.484  44.113 0.1000000015
85661  -38.869  17.163  44.974 0.1000000015
83973  -38.065  15.251  42.039 0.1000000015
146323  -38.514  16.366  43.643 0.1000000015
84804  -39.017  16.855  44.027 0.1000000015
82368  -38.685  13.875  40.230 0.1000000015
83169  -38.034  14.443  40.803 0.1000000015
83963  -38.585  15.681  42.568 0.1000000015
85685  -40.015  17.146  43.935 0.1000000015
82383  -39.019  13.267  39.531 0.1000000015
82369  -39.511  13.604  40.004 0.1000000015
145441  -39.435  15.243  41.950 0.1000000015
83974  -38.886  15.293  41.998 0.1000000015
84836  -40.044  16.247  42.861 0.1000000015
81582  -39.463  12.623  38.917 0.1000000015
82384  -39.931  13.117  39.585 0.1000000015
83170  -39.634  14.049  40.552 0.1000000015
83156  -39.846  14.534  41.193 0.1000000015
80847  -40.408  11.949  37.920 0.1000000015
81596  -40.160  12.273  38.494 0.1000000015
80858  -40.643  11.898  37.274 0.1000000015
128252  -39.816  11.575  37.370 0.1000000015
81583  -40.477  12.582  39.094 0.1000000015
136992  -40.546  11.815  36.563 0.1000000015
81597  -40.939  12.267  38.460 0.1000000015
81615  -40.725  12.191  36.093 0.1000000015
123795  -41.072  12.175  36.828 0.1000000015
82425  -40.816  12.779  35.540 0.1000000015
82433  -40.921  13.433  34.961 0.1000000015
83209  -41.188  14.421  35.189 0.1000000015
84890  -41.786  16.060  34.334 0.2000000030
84891  -42.151  16.810  33.928 0.2000000030
137551  -42.511  17.431  33.721 0.2000000030
86597  -44.532  19.006  33.855 0.2000000030
87413  -44.854  19.417  33.164 0.3000000119
87415  -46.348  20.109  33.729 0.3000000119
85775  -42.724  17.755  33.148 0.2000000030
86607  -44.016  18.840  32.994 0.2000000030
88220  -46.201  20.290  32.829 0.3000000119
88221  -47.020  20.693  32.662 0.5000000000
89049  -48.552  21.424  32.379 0.5000000000
89050  -49.246  21.721  32.003 0.5000000000
87420  -44.603  19.306  32.310 0.2000000030
88226  -46.556  20.517  32.120 0.3000000119
88230  -47.284  20.811  31.785 0.5000000000
89053  -48.617  21.417  31.562 0.6000000238
89054  -49.295  21.659  31.211 0.5000000000
89059  -49.415  21.602  30.402 0.5000000000
89060  -50.182  21.897  30.134 0.5000000000
89827  -50.957  22.116  29.865 0.5000000000
89828  -51.736  22.283  29.589 0.5000000000
84818  -40.503  16.739  43.311 0.1000000015
83975  -40.037  15.088  41.837 0.1000000015
83171  -40.456  14.055  40.827 0.1000000015
83157  -40.660  14.549  41.411 0.1000000015
83965  -40.496  15.643  42.367 0.1000000015
84837  -40.966  16.224  42.761 0.1000000015
82370  -40.263  13.551  40.218 0.1000000015
83158  -41.467  14.430  41.555 0.1000000015
83966  -41.427  15.523  42.431 0.1000000015
84838  -41.884  16.068  42.829 0.1000000015
81584  -41.504  12.465  39.158 0.1000000015
82386  -41.761  12.854  39.983 0.1000000015
82371  -41.182  13.487  40.525 0.1000000015
81606  -41.562  12.285  37.610 0.1000000015
80848  -41.100  12.101  37.924 0.1000000015
82412  -41.594  13.469  36.499 0.1000000015
81616  -41.729  12.604  36.986 0.1000000015
83198  -41.387  14.423  36.075 0.2000000030
84017  -41.473  15.232  35.635 0.2000000030
84883  -41.736  16.016  35.226 0.2000000030
85753  -42.565  17.335  35.198 0.2000000030
85765  -42.495  17.429  34.423 0.2000000030
86596  -43.701  18.511  33.978 0.2000000030
87405  -45.168  19.422  33.849 0.2000000030
145897  -46.845  20.478  33.323 0.3000000119
89044  -49.294  21.754  32.934 0.5000000000
89798  -50.071  22.062  33.029 0.5000000000
89807  -50.746  22.341  32.661 0.5000000000
89809  -52.418  22.693  32.478 0.6000000238
132004  -53.895  23.173  31.896 0.5000000000
89042  -47.531  20.790  33.325 0.4000000060
89043  -48.396  21.261  33.323 0.5000000000
89806  -49.963  21.994  32.314 0.5000000000
141703  -51.838  22.533  32.001 0.6000000238
139162  -53.184  22.873  31.932 0.6000000238
138626  -53.662  23.026  31.337 0.6000000238
89813  -49.817  21.914  31.624 0.5000000000
89815  -51.528  22.381  31.325 0.6000000238
89823  -52.975  22.755  30.916 0.6000000238
89055  -49.998  21.972  30.949 0.5000000000
89820  -50.802  22.183  30.719 0.5000000000
89821  -51.609  22.294  30.428 0.5000000000
137437  -52.362  22.513  30.175 0.5000000000
89829  -52.503  22.563  29.288 0.5000000000
83140  -41.867  14.812  42.134 0.1000000015
81598  -41.684  12.276  38.332 0.1000000015
83159  -42.301  14.179  41.643 0.1000000015
82413  -42.321  13.174  37.138 0.1000000015
81599  -42.862  12.447  38.312 0.1000000015
146477  -42.990  12.253  38.803 0.1000000015
133965  -41.760  15.069  36.238 0.1000000015
84006  -41.988  15.813  36.032 0.2000000030
84872  -42.252  16.601  35.598 0.2000000030
85754  -43.294  17.705  35.493 0.2000000030
90600  -54.566  23.361  32.264 0.5000000000
89830  -53.152  22.832  29.933 0.5000000000
85825  -46.996  17.590  27.174 0.2000000030
87438  -46.364  19.237  28.684 0.2000000030
86646  -46.320  18.537  28.143 0.2000000030
83248  -45.855  14.929  31.934 0.2000000030
84931  -45.222  16.808  29.161 0.2000000030
81660  -44.767  12.787  32.583 0.2000000030
84910  -42.806  16.378  31.893 0.2000000030
130294  -37.676  15.479  47.551 0.1000000015
83913  -38.022  15.849  46.391 0.1000000015
80016  -40.315  10.579  34.865 0.1000000015
79161  -40.209  9.676  34.817 0.1000000015
80025  -40.679  10.908  34.228 0.1000000015
137582  -41.949  15.021  33.353 0.2000000030
122247  -45.746  19.604  30.354 0.3000000119
84773  -39.395  16.631  47.736 0.1000000015
84761  -40.218  16.758  48.969 0.1000000015
84740  -40.622  16.597  50.564 0.1000000015
84731  -40.793  16.601  51.664 0.1000000015
84793  -38.455  16.602  45.535 0.1000000015
83961  -36.937  15.313  42.889 0.1000000015
83972  -37.191  15.130  42.134 0.1000000015
82381  -37.054  13.239  39.663 0.1000000015
81595  -38.748  12.297  38.559 0.1000000015
140587  -39.139  10.514  36.550 0.1000000015
88229  -46.486  20.411  31.375 0.4000000060
85624  -40.870  17.215  48.563 0.1000000015
84816  -37.925  16.161  43.798 0.1000000015
85638  -39.813  17.113  47.305 0.1000000015
83216  -41.431  14.681  34.433 0.1000000015
86606  -43.242  18.297  33.179 0.2000000030
89057  -47.955  21.071  31.169 0.5000000000
83155  -38.466  14.885  41.463 0.1000000015
130992  -39.727  16.668  43.441 0.1000000015
130402  -38.989  14.492  40.941 0.1000000015
83964  -39.507  15.659  42.387 0.1000000015
82385  -40.845  12.950  39.811 0.1000000015
82411  -41.135  12.768  36.307 0.1000000015
82426  -41.059  13.594  35.783 0.1000000015
84026  -41.476  15.319  34.825 0.1000000015
84884  -42.040  16.785  34.812 0.2000000030
85776  -42.916  18.019  33.966 0.2000000030
87414  -45.602  19.821  33.396 0.3000000119
87406  -45.802  19.612  34.189 0.2000000030
89048  -47.801  21.032  32.558 0.5000000000
89052  -48.038  21.164  31.889 0.5000000000
83976  -41.000  15.021  41.955 0.1000000015
83172  -41.123  14.092  41.070 0.1000000015
84819  -41.407  16.720  43.207 0.1000000015
85688  -42.840  17.097  43.591 0.1000000015
82356  -41.815  13.838  41.055 0.1000000015
121162  -42.224  12.361  38.143 0.1000000015
81607  -42.315  12.578  37.659 0.1000000015
85766  -42.957  17.918  34.755 0.2000000030
88222  -47.197  20.347  34.048 0.3000000119
89814  -50.582  22.202  31.656 0.6000000238
89816  -52.358  22.608  31.587 0.6000000238
89822  -52.178  22.467  30.887 0.5000000000
126674  -42.324  15.334  42.569 0.1000000015
121442  -42.436  12.298  38.769 0.1000000015
133604  -51.689  16.527  31.152 0.1000000015
84920  -50.947  16.295  31.324 0.1000000015
84063  -49.619  15.794  31.569 0.1000000015
121376  -50.254  16.003  31.125 0.1000000015
84921  -51.428  16.325  30.509 0.1000000015
122493  -49.056  15.608  30.907 0.1000000015
84076  -49.761  15.736  30.450 0.1000000015
84077  -50.653  16.010  30.438 0.1000000015
124690  -48.239  15.450  30.754 0.1000000015
84075  -48.926  15.488  30.075 0.1000000015
84091  -50.324  15.683  29.465 0.1000000015
84078  -51.200  16.035  29.715 0.1000000015
124331  -47.128  15.373  31.165 0.1000000015
84074  -47.377  15.367  30.295 0.1000000015
122014  -48.116  15.350  29.673 0.1000000015
84089  -48.837  15.367  29.105 0.1000000015
84103  -49.634  15.441  28.733 0.1000000015
84105  -51.072  15.782  28.830 0.1000000015
84944  -51.824  16.185  29.137 0.1000000015
84954  -51.752  15.913  28.230 0.1000000015
84073  -46.540  15.378  30.516 0.1000000015
122655  -46.692  15.432  29.738 0.1000000015
84088  -47.288  15.364  29.246 0.1000000015
121973  -48.026  15.380  28.677 0.1000000015
84104  -50.366  15.573  28.527 0.1000000015
122068  -46.464  15.612  29.010 0.1000000015
84101  -47.144  15.677  28.282 0.1000000015
84111  -47.937  15.632  27.856 0.1000000015
84102  -48.852  15.420  28.080 0.1000000015
126590  -49.885  15.524  27.749 0.1000000015
84114  -50.889  15.648  27.899 0.1000000015
84966  -51.651  15.800  27.140 0.1000000015
84955  -52.493  16.158  27.761 0.1000000015
84943  -46.312  16.217  28.351 0.1000000015
139781  -47.402  15.952  27.700 0.1000000015
84952  -47.722  16.256  27.228 0.1000000015
84113  -49.181  15.626  27.336 0.1000000015
84119  -49.707  15.720  26.837 0.1000000015
84120  -50.584  15.647  26.987 0.1000000015
124425  -52.638  16.167  26.876 0.1000000015
145224  -46.202  16.984  28.042 0.1000000015
145278  -47.351  16.950  26.997 0.1000000015
84118  -48.939  16.029  26.750 0.1000000015
84965  -50.219  15.959  26.205 0.1000000015
121492  -51.117  15.903  26.244 0.1000000015
84967  -52.041  16.002  26.186 0.1000000015
84968  -53.524  16.472  26.589 0.1000000015
85835  -47.546  17.609  26.696 0.1000000015
85836  -48.096  17.585  26.232 0.1000000015
84979  -49.862  16.581  25.638 0.1000000015
84980  -50.632  16.355  25.563 0.1000000015
84981  -51.506  16.251  25.483 0.1000000015
139805  -52.818  16.250  26.126 0.1000000015
122224  -53.468  16.379  25.681 0.1000000015
84982  -52.490  16.296  25.357 0.1000000015
84913  -51.578  16.533  31.914 0.1000000015
84064  -50.338  16.074  31.784 0.1000000015
84912  -50.881  16.221  32.235 0.1000000015
84914  -52.257  16.785  31.478 0.1000000015
84062  -48.721  15.535  31.629 0.1000000015
84050  -49.209  15.482  32.364 0.1000000015
84061  -47.822  15.401  31.644 0.1000000015
84922  -52.259  16.639  30.544 0.1000000015
138514  -47.642  15.424  30.985 0.1000000015
84945  -52.500  16.332  28.625 0.1000000015
126522  -53.065  16.489  28.186 0.1000000015
143891  -53.909  16.507  26.126 0.1000000015
125614  -54.331  16.493  25.763 0.1000000015
84906  -51.582  16.368  32.830 0.1000000015
130161  -52.333  16.694  33.223 0.1000000015
84907  -52.883  17.213  32.822 0.1000000015
84051  -50.133  15.742  32.549 0.1000000015
85785  -52.861  17.231  31.898 0.1000000015
128651  -48.191  14.820  32.791 0.1000000015
83239  -48.917  14.920  32.985 0.1000000015
85792  -52.938  17.082  31.003 0.1000000015
84047  -47.055  15.246  31.914 0.1000000015
84048  -47.655  15.068  32.397 0.1000000015
84049  -48.398  15.287  32.350 0.1000000015
84923  -53.014  16.901  30.240 0.1000000015
84060  -46.343  15.235  31.396 0.1000000015
84934  -53.473  17.049  29.612 0.1000000015
128638  -45.851  15.379  30.667 0.1000000015
84946  -53.238  16.738  28.846 0.1000000015
84947  -53.743  16.861  28.168 0.1000000015
84957  -54.261  16.873  27.338 0.1000000015
84969  -54.352  16.682  26.460 0.1000000015
84984  -54.996  16.444  25.271 0.1000000015
84970  -55.184  16.728  26.100 0.1000000015
76645  -56.326  6.705  16.636 0.1000000015
86587  -57.370  18.721  35.312 0.1000000015
84040  -52.019  15.887  34.074 0.1000000015
84902  -53.020  17.050  33.774 0.1000000015
85767  -53.832  17.456  33.978 0.1000000015
84039  -51.383  15.790  33.545 0.1000000015
84900  -51.929  16.259  33.535 0.1000000015
85777  -53.633  17.528  33.206 0.1000000015
83229  -51.107  15.088  33.825 0.1000000015
84038  -50.662  15.448  33.310 0.1000000015
84052  -50.919  15.950  32.882 0.1000000015
85786  -53.566  17.581  32.314 0.1000000015
83227  -48.431  14.249  33.170 0.1000000015
83228  -49.672  14.703  33.352 0.1000000015
143250  -50.079  15.218  33.219 0.1000000015
126650  -46.974  14.749  32.414 0.1000000015
85793  -53.599  17.530  31.410 0.1000000015
85798  -53.716  17.398  30.454 0.1000000015
85813  -54.004  17.230  28.913 0.1000000015
85814  -54.619  17.304  28.241 0.1000000015
78402  -55.315  8.610  17.394 0.1000000015
77534  -56.797  7.346  16.548 0.1000000015
76649  -57.234  6.721  16.170 0.1000000015
77535  -57.593  7.179  16.041 0.1000000015
73804  -51.381  3.657  41.546 0.1000000015
74670  -51.819  4.292  41.077 0.1000000015
74678  -53.169  4.876  40.716 0.1000000015
75539  -53.660  5.182  40.204 0.1000000015
142683  -54.054  5.453  39.796 0.1000000015
76502  -56.202  6.859  38.161 0.1000000015
78271  -58.247  8.443  38.671 0.1000000015
125541  -58.782  9.086  38.129 0.1000000015
79142  -59.654  10.122  38.242 0.1000000015
75545  -54.156  5.519  39.166 0.1000000015
130952  -55.456  6.242  38.310 0.1000000015
79154  -59.520  10.318  36.977 0.1000000015
138885  -60.017  12.456  36.696 0.1000000015
81611  -59.984  13.041  37.255 0.1000000015
77377  -51.117  7.899  40.291 0.1000000015
82409  -60.102  13.933  37.025 0.1000000015
78245  -51.763  8.052  39.957 0.1000000015
83219  -52.954  14.777  35.134 0.1000000015
84030  -53.672  16.187  34.899 0.1000000015
84894  -54.301  16.764  34.926 0.1000000015
77384  -51.019  7.811  39.414 0.1000000015
84029  -53.021  15.697  34.808 0.1000000015
84885  -55.169  16.813  35.350 0.1000000015
84886  -56.220  16.979  35.699 0.1000000015
83218  -52.156  14.547  34.713 0.1000000015
84028  -52.385  15.362  34.566 0.1000000015
84892  -53.008  16.423  34.403 0.1000000015
84893  -53.620  16.905  34.435 0.1000000015
85756  -54.855  17.392  34.785 0.1000000015
141963  -56.137  19.289  33.080 0.1000000015
84027  -51.698  15.200  34.212 0.1000000015
85778  -54.375  17.903  33.525 0.1000000015
82435  -50.629  13.706  34.211 0.1000000015
83217  -51.321  14.352  34.339 0.1000000015
85787  -54.285  17.969  32.718 0.1000000015
134540  -49.143  14.141  33.434 0.1000000015
128683  -50.474  14.640  33.732 0.1000000015
85794  -54.283  17.967  31.848 0.1000000015
83238  -47.624  14.290  32.850 0.1000000015
140852  -48.708  13.613  33.465 0.1000000015
86630  -55.039  18.416  31.424 0.1000000015
85795  -59.094  18.724  31.443 0.1000000015
82445  -46.558  13.145  32.798 0.1000000015
82461  -46.788  14.002  32.699 0.1000000015
121268  -54.494  17.790  30.298 0.1000000015
82460  -46.011  13.767  32.569 0.1000000015
83237  -46.276  14.509  32.355 0.1000000015
85804  -54.266  17.508  29.679 0.1000000015
85805  -55.073  18.008  29.796 0.1000000015
83262  -57.539  14.906  29.177 0.1000000015
83265  -57.075  13.989  28.745 0.1000000015
127794  -54.863  17.677  29.036 0.1000000015
82486  -57.404  12.677  27.537 0.1000000015
81691  -56.666  12.303  26.853 0.1000000015
85826  -55.367  17.359  27.546 0.1000000015
122511  -57.530  12.397  26.834 0.1000000015
122287  -57.218  12.308  26.252 0.1000000015
141005  -56.198  17.481  27.290 0.1000000015
122784  -57.292  12.445  24.973 0.1000000015
143190  -55.468  11.645  19.961 0.1000000015
131412  -55.746  9.982  17.469 0.1000000015
79289  -56.081  9.152  17.117 0.1000000015
74629  -54.629  3.739  47.187 0.1000000015
131189  -53.927  4.030  47.642 0.1000000015
73762  -54.590  3.118  47.353 0.1000000015
72838  -54.350  2.528  47.176 0.1000000015
71988  -53.572  1.529  46.659 0.1000000015
71997  -52.695  0.574  45.530 0.1000000015
74631  -54.406  4.530  47.087 0.1000000015
75497  -54.999  5.338  46.665 0.1000000015
72019  -51.608  1.038  43.710 0.1000000015
76389  -54.416  6.185  46.281 0.1000000015
72886  -51.413  2.455  42.639 0.1000000015
77294  -54.999  7.136  45.970 0.1000000015
121680  -51.748  3.282  42.266 0.1000000015
73805  -52.170  3.996  41.821 0.1000000015
74671  -52.638  4.553  41.293 0.1000000015
78199  -54.421  8.909  44.966 0.1000000015
78200  -55.388  9.143  44.882 0.1000000015
78219  -53.776  9.078  44.043 0.1000000015
75540  -54.433  5.455  40.466 0.1000000015
121282  -53.399  8.992  43.065 0.1000000015
75546  -54.793  5.699  39.791 0.1000000015
80000  -59.868  11.504  36.966 0.1000000015
122786  -53.072  8.790  42.125 0.1000000015
123140  -52.166  8.540  41.885 0.1000000015
75553  -55.018  5.841  38.904 0.1000000015
76490  -55.885  6.491  39.008 0.1000000015
146752  -59.951  11.925  37.388 0.1000000015
78246  -52.500  8.276  40.334 0.1000000015
83195  -59.851  14.666  37.167 0.1000000015
84018  -53.707  15.334  35.265 0.1000000015
83194  -59.302  14.782  37.788 0.1000000015
78254  -51.870  8.084  39.139 0.1000000015
78267  -51.304  8.097  38.510 0.1000000015
78266  -50.759  8.135  37.921 0.1000000015
82437  -51.906  13.834  34.828 0.1000000015
82436  -51.367  13.370  34.658 0.1000000015
138420  -49.865  13.949  33.788 0.1000000015
82447  -48.075  13.506  33.260 0.1000000015
82448  -49.301  13.338  33.735 0.1000000015
81641  -50.769  12.774  34.503 0.1000000015
82446  -47.312  13.363  33.011 0.1000000015
81651  -48.591  12.812  33.667 0.1000000015
84094  -58.061  15.800  29.597 0.1000000015
81661  -45.745  12.818  32.689 0.1000000015
129418  -47.028  12.545  33.142 0.1000000015
83266  -58.225  14.138  28.765 0.1000000015
82481  -57.781  13.317  28.272 0.1000000015
82459  -45.163  13.636  32.489 0.1000000015
82487  -58.489  12.928  27.831 0.1000000015
81686  -58.297  12.564  27.136 0.1000000015
81692  -58.109  12.384  26.429 0.1000000015
81698  -57.857  12.386  25.624 0.1000000015
81710  -57.266  12.488  24.212 0.1000000015
140378  -58.746  12.500  26.019 0.1000000015
121803  -58.044  12.548  24.682 0.1000000015
81722  -57.157  12.541  23.241 0.1000000015
121802  -58.054  12.601  23.727 0.1000000015
81745  -56.923  12.442  21.771 0.1000000015
81757  -56.671  12.269  20.335 0.1000000015
80997  -55.561  11.489  19.273 0.1000000015
80998  -56.344  11.747  18.906 0.1000000015
81005  -55.787  11.155  18.422 0.1000000015
81006  -56.696  11.348  17.930 0.1000000015
79297  -58.901  9.461  15.171 0.1000000015
80141  -56.493  9.914  17.072 0.1000000015
78404  -56.846  8.549  16.655 0.1000000015
135858  -57.758  10.594  16.748 0.1000000015
79295  -57.960  9.031  16.081 0.1000000015
79290  -57.045  9.165  16.625 0.1000000015
78409  -57.260  7.864  16.391 0.1000000015
78410  -57.601  8.414  16.227 0.1000000015
73763  -55.072  3.558  46.865 0.1000000015
73769  -54.930  3.078  46.746 0.1000000015
71989  -54.022  2.179  46.386 0.1000000015
72856  -54.703  2.689  46.023 0.1000000015
132059  -53.599  1.667  46.197 0.1000000015
71999  -53.971  2.259  45.904 0.1000000015
74632  -55.487  4.330  46.673 0.1000000015
72009  -52.643  0.961  44.875 0.1000000015
72866  -53.684  2.505  45.159 0.1000000015
72020  -52.296  1.457  44.119 0.1000000015
75498  -56.038  5.487  46.568 0.1000000015
72887  -52.156  2.862  43.000 0.1000000015
76390  -55.552  6.328  46.346 0.1000000015
76391  -56.356  6.487  46.291 0.1000000015
77295  -55.954  7.229  46.034 0.1000000015
74665  -52.977  4.315  42.131 0.1000000015
74672  -53.512  4.687  41.545 0.1000000015
137850  -55.495  8.042  45.706 0.1000000015
78184  -55.448  8.755  45.320 0.1000000015
75533  -53.985  5.046  40.997 0.1000000015
78220  -54.859  9.277  44.273 0.1000000015
79084  -54.402  9.262  43.387 0.1000000015
76472  -55.686  6.173  39.794 0.1000000015
76491  -56.607  7.033  39.074 0.1000000015
77386  -58.075  8.013  39.596 0.1000000015
79141  -59.193  9.619  37.581 0.1000000015
79999  -59.773  10.827  37.706 0.1000000015
78239  -53.691  8.816  41.461 0.1000000015
79992  -59.977  10.682  38.828 0.1000000015
80862  -59.922  11.467  38.124 0.1000000015
81604  -59.860  12.558  38.081 0.1000000015
78238  -52.745  8.518  41.212 0.1000000015
78247  -53.364  8.534  40.550 0.1000000015
80854  -59.839  11.861  38.604 0.1000000015
82400  -59.598  12.893  38.297 0.1000000015
78255  -52.351  8.212  39.634 0.1000000015
83210  -53.739  14.489  35.525 0.1000000015
84020  -55.641  16.042  35.806 0.1000000015
78268  -52.612  8.367  39.036 0.1000000015
78256  -53.037  8.364  39.727 0.1000000015
83211  -54.451  14.897  35.677 0.1000000015
83200  -55.186  14.402  36.257 0.1000000015
84008  -56.163  15.197  36.422 0.1000000015
132975  -52.088  8.457  38.399 0.1000000015
78280  -52.848  8.806  38.390 0.1000000015
82428  -52.613  13.799  35.259 0.1000000015
82430  -54.332  14.075  35.931 0.1000000015
142373  -50.812  8.461  37.284 0.1000000015
138664  -53.754  13.839  35.741 0.1000000015
82414  -54.107  13.241  36.169 0.1000000015
143760  -49.591  10.274  35.155 0.1000000015
79165  -50.119  9.860  35.622 0.1000000015
79150  -50.343  9.175  36.264 0.1000000015
79137  -51.969  9.235  37.118 0.1000000015
123964  -52.348  8.966  37.776 0.1000000015
138139  -53.321  13.389  35.722 0.1000000015
82427  -52.022  13.108  35.193 0.1000000015
81632  -52.718  12.854  35.664 0.1000000015
80891  -49.482  11.657  34.408 0.1000000015
80892  -50.148  12.195  34.393 0.1000000015
81631  -51.442  12.507  35.037 0.1000000015
80881  -52.108  12.247  35.578 0.1000000015
80901  -46.615  11.767  33.297 0.1000000015
80890  -48.023  11.358  34.048 0.1000000015
80903  -48.123  12.137  33.730 0.1000000015
81639  -48.736  11.932  34.070 0.1000000015
81640  -49.390  12.493  34.049 0.1000000015
84936  -58.773  16.761  30.022 0.1000000015
80916  -45.263  11.963  32.726 0.1000000015
81648  -45.979  12.039  32.915 0.1000000015
80902  -47.460  11.931  33.548 0.1000000015
81650  -47.770  12.707  33.388 0.1000000015
86640  -57.411  19.019  29.984 0.1000000015
84106  -58.713  15.068  29.221 0.1000000015
82482  -58.907  13.506  28.356 0.1000000015
128594  -59.354  13.084  28.037 0.1000000015
81687  -59.237  12.803  27.465 0.1000000015
81699  -58.913  12.609  25.251 0.1000000015
142287  -57.364  11.101  17.369 0.1000000015
80147  -57.402  9.868  16.593 0.1000000015
72847  -55.238  3.081  46.166 0.1000000015
73770  -55.553  3.544  46.425 0.1000000015
73783  -54.208  3.203  44.695 0.1000000015
74633  -56.347  4.808  46.441 0.1000000015
72865  -52.942  1.971  44.639 0.1000000015
72878  -53.309  2.882  44.267 0.1000000015
73796  -54.768  3.734  44.169 0.1000000015
75499  -56.763  5.682  46.272 0.1000000015
72877  -52.569  2.416  43.781 0.1000000015
73795  -53.772  3.567  43.807 0.1000000015
74659  -54.309  4.094  43.260 0.1000000015
74667  -54.756  4.582  42.727 0.1000000015
76392  -56.846  6.765  46.114 0.1000000015
76401  -57.121  7.106  45.756 0.1000000015
73801  -53.385  3.901  42.924 0.1000000015
74666  -53.898  4.397  42.380 0.1000000015
77315  -56.302  7.841  45.719 0.1000000015
78186  -56.700  8.253  45.416 0.1000000015
75527  -55.166  5.172  42.227 0.1000000015
75535  -55.699  5.658  41.743 0.1000000015
77296  -56.495  7.224  46.021 0.1000000015
78185  -56.183  8.538  45.440 0.1000000015
78201  -56.136  9.106  45.080 0.1000000015
74673  -54.347  4.845  41.847 0.1000000015
75534  -54.797  5.415  41.351 0.1000000015
75541  -55.467  5.850  40.727 0.1000000015
79068  -55.954  9.367  44.351 0.1000000015
131846  -56.482  6.427  40.618 0.1000000015
76474  -57.410  7.127  40.621 0.1000000015
79085  -55.311  9.438  43.685 0.1000000015
121920  -55.209  9.428  42.771 0.1000000015
76473  -56.562  6.748  39.798 0.1000000015
77385  -57.305  7.387  39.698 0.1000000015
78258  -58.744  8.544  39.638 0.1000000015
78273  -59.668  9.363  39.720 0.1000000015
78232  -54.039  9.124  42.417 0.1000000015
78240  -54.678  9.226  41.728 0.1000000015
78248  -54.294  8.898  40.755 0.1000000015
80853  -59.956  11.263  39.254 0.1000000015
78257  -53.884  8.643  39.845 0.1000000015
82404  -56.118  13.542  37.174 0.1000000015
82408  -59.624  13.924  37.928 0.1000000015
78269  -53.417  8.632  39.040 0.1000000015
78270  -54.287  8.951  39.116 0.1000000015
82416  -55.453  13.595  36.730 0.1000000015
124391  -57.162  15.286  36.923 0.1000000015
82415  -54.776  13.652  36.365 0.1000000015
79152  -51.703  9.762  36.587 0.1000000015
79138  -52.629  9.535  37.353 0.1000000015
81619  -54.900  12.974  36.716 0.1000000015
80018  -50.724  10.446  35.623 0.1000000015
81618  -53.444  12.592  36.135 0.1000000015
80871  -54.249  12.239  36.693 0.1000000015
129676  -50.160  10.670  35.231 0.1000000015
81617  -52.816  12.000  36.085 0.1000000015
130285  -48.841  11.113  34.407 0.1000000015
80017  -49.539  10.882  34.775 0.1000000015
80879  -50.177  11.399  34.813 0.1000000015
81630  -50.833  11.924  34.873 0.1000000015
84926  -59.553  17.727  30.330 0.1000000015
85807  -59.959  18.239  30.201 0.1000000015
86642  -59.615  18.634  29.689 0.1000000015
80041  -47.153  11.147  33.752 0.1000000015
86649  -58.673  18.765  29.082 0.1000000015
84095  -59.239  16.122  29.534 0.1000000015
84937  -59.930  17.244  29.824 0.1000000015
83267  -59.448  14.300  28.854 0.1000000015
84107  -59.917  15.309  29.234 0.1000000015
84096  -60.281  16.333  29.380 0.1000000015
85817  -58.740  18.420  28.361 0.1000000015
82483  -60.106  13.529  28.444 0.1000000015
83268  -60.738  14.587  28.872 0.1000000015
82488  -59.995  12.971  27.902 0.1000000015
132472  -60.908  13.217  27.969 0.1000000015
73775  -55.373  3.141  45.662 0.1000000015
130693  -56.191  4.053  46.230 0.1000000015
73784  -55.211  3.324  44.997 0.1000000015
74651  -56.759  4.616  45.380 0.1000000015
74649  -55.653  3.871  44.569 0.1000000015
136598  -57.121  6.308  45.781 0.1000000015
74660  -55.208  4.276  43.648 0.1000000015
74668  -55.586  4.850  43.100 0.1000000015
75528  -55.961  5.465  42.606 0.1000000015
75536  -56.386  5.906  42.186 0.1000000015
77317  -57.191  7.794  45.320 0.1000000015
76435  -57.013  6.426  42.158 0.1000000015
123503  -57.210  6.714  41.391 0.1000000015
143009  -57.065  9.054  44.628 0.1000000015
79069  -56.705  9.242  44.592 0.1000000015
75542  -56.409  6.132  41.453 0.1000000015
77378  -58.319  7.696  40.990 0.1000000015
79086  -56.132  9.568  43.500 0.1000000015
77379  -58.722  8.304  40.419 0.1000000015
78259  -59.285  8.867  40.069 0.1000000015
79122  -60.052  9.949  40.348 0.1000000015
79099  -56.309  9.740  42.685 0.1000000015
131618  -55.377  9.448  40.998 0.1000000015
81603  -59.659  12.162  38.688 0.1000000015
81601  -58.505  12.750  38.725 0.1000000015
81602  -59.237  12.240  38.982 0.1000000015
82399  -59.118  13.271  38.456 0.1000000015
139491  -55.052  9.290  39.265 0.1000000015
79120  -54.736  9.118  39.984 0.1000000015
145131  -57.210  13.534  37.890 0.1000000015
81610  -57.592  13.090  38.265 0.1000000015
82398  -58.446  13.471  38.406 0.1000000015
79130  -54.716  9.465  38.518 0.1000000015
130540  -56.604  13.114  37.736 0.1000000015
83192  -57.551  14.690  37.477 0.1000000015
82406  -57.891  13.983  38.029 0.1000000015
79139  -53.335  9.743  37.546 0.1000000015
79140  -54.183  9.905  37.797 0.1000000015
79129  -53.690  9.204  38.282 0.1000000015
81609  -55.701  12.942  37.224 0.1000000015
139379  -52.155  10.450  36.441 0.1000000015
146013  -52.280  9.817  36.872 0.1000000015
145767  -52.966  9.252  37.860 0.1000000015
81608  -55.183  12.249  37.205 0.1000000015
145786  -51.442  10.723  35.860 0.1000000015
79151  -51.022  9.876  36.127 0.1000000015
80870  -53.923  11.309  36.955 0.1000000015
80869  -52.174  11.356  35.994 0.1000000015
144146  -53.479  11.845  36.494 0.1000000015
80880  -51.474  11.650  35.446 0.1000000015
86641  -58.741  19.058  30.003 0.1000000015
85808  -60.316  17.943  29.593 0.1000000015
84097  -60.456  17.070  29.461 0.1000000015
86650  -59.332  18.583  28.986 0.1000000015
85819  -60.268  17.910  28.970 0.1000000015
137886  -60.942  16.439  29.127 0.1000000015
85818  -59.595  18.247  28.593 0.1000000015
84948  -61.073  16.911  28.930 0.1000000015
141801  -61.333  15.422  28.762 0.1000000015
83269  -61.767  14.451  28.489 0.1000000015
141880  -61.366  16.192  28.629 0.1000000015
84115  -61.903  15.276  28.331 0.1000000015
73776  -55.889  3.483  45.909 0.1000000015
74638  -56.361  4.000  45.662 0.1000000015
73785  -55.905  3.563  45.328 0.1000000015
74650  -56.325  4.123  44.992 0.1000000015
74662  -56.647  4.738  44.742 0.1000000015
75505  -57.023  5.373  45.650 0.1000000015
75515  -57.036  5.291  44.934 0.1000000015
75523  -56.713  5.405  44.059 0.1000000015
75516  -57.235  6.083  45.141 0.1000000015
76414  -57.458  6.814  44.605 0.1000000015
75530  -57.120  6.175  43.615 0.1000000015
75529  -56.720  5.908  42.992 0.1000000015
76445  -57.847  6.932  41.984 0.1000000015
128471  -58.154  7.336  42.395 0.1000000015
76402  -57.337  6.920  45.288 0.1000000015
77333  -57.550  7.486  44.846 0.1000000015
76425  -57.530  6.797  43.769 0.1000000015
77369  -58.483  7.674  41.748 0.1000000015
137175  -57.579  8.235  44.641 0.1000000015
78221  -57.509  8.909  44.166 0.1000000015
137540  -57.879  8.479  43.972 0.1000000015
77347  -58.267  8.277  43.369 0.1000000015
76458  -57.906  7.221  41.382 0.1000000015
77370  -58.907  8.310  41.211 0.1000000015
130217  -59.306  8.938  41.451 0.1000000015
79070  -57.240  9.323  44.053 0.1000000015
79088  -57.804  9.364  43.426 0.1000000015
78222  -58.101  8.939  43.441 0.1000000015
79089  -58.436  9.366  42.847 0.1000000015
78250  -59.716  9.481  40.996 0.1000000015
79116  -59.800  10.347  41.176 0.1000000015
79976  -59.979  10.824  40.655 0.1000000015
79101  -58.106  9.890  42.918 0.1000000015
79983  -60.086  10.652  39.842 0.1000000015
80838  -59.893  11.266  40.103 0.1000000015
79106  -56.495  10.001  41.759 0.1000000015
79107  -57.613  10.478  41.886 0.1000000015
81588  -59.674  11.671  39.383 0.1000000015
79115  -57.037  10.396  41.094 0.1000000015
79121  -55.625  9.569  39.982 0.1000000015
140461  -56.571  10.196  40.021 0.1000000015
138935  -56.934  12.503  38.202 0.1000000015
79131  -55.712  9.825  38.984 0.1000000015
80861  -56.105  12.217  37.771 0.1000000015
80851  -57.667  12.300  38.717 0.1000000015
80006  -52.850  10.177  36.980 0.1000000015
79990  -55.111  10.145  38.067 0.1000000015
79991  -55.906  10.601  38.445 0.1000000015
80860  -55.474  11.650  37.612 0.1000000015
79996  -53.620  10.489  37.227 0.1000000015
79997  -54.474  10.705  37.509 0.1000000015
129133  -53.004  11.085  36.586 0.1000000015
80859  -54.745  11.526  37.303 0.1000000015
131453  -42.368  15.288  36.576 0.1000000015
84873  -43.391  16.611  36.567 0.1000000015
144303  -43.302  18.190  34.402 0.1000000015
85743  -43.725  17.357  36.218 0.1000000015
85755  -44.139  17.994  35.770 0.1000000015
86583  -43.759  18.232  34.888 0.1000000015
86598  -45.145  19.059  34.603 0.1000000015
86584  -44.643  18.519  35.249 0.1000000015
87396  -46.049  19.276  34.979 0.1000000015
87397  -46.820  19.535  35.310 0.2000000030
87408  -47.327  19.982  34.858 0.2000000030
88213  -47.780  20.417  34.575 0.2000000030
88223  -47.965  20.839  34.038 0.2000000030
130006  -49.169  21.517  33.829 0.3000000119
89045  -49.852  21.852  33.620 0.3000000119
88214  -48.467  20.692  34.740 0.2000000030
89036  -49.834  21.637  34.372 0.2000000030
145905  -50.173  21.950  33.997 0.2000000030
89800  -51.352  22.529  33.355 0.3000000119
90599  -53.794  23.106  32.560 0.4000000060
89173  -48.048  20.763  13.458 0.1000000015
89181  -48.620  20.984  12.773 0.1000000015
76436  -57.517  6.708  42.848 0.1000000015
77359  -58.590  8.131  42.495 0.1000000015
133670  -57.851  7.648  44.088 0.1000000015
77358  -58.033  7.465  43.140 0.1000000015
139769  -58.931  8.406  41.804 0.1000000015
78233  -58.572  8.801  42.890 0.1000000015
78241  -59.032  9.057  42.289 0.1000000015
79110  -59.391  9.862  41.788 0.1000000015
79109  -58.790  9.889  42.418 0.1000000015
135413  -58.926  10.412  42.112 0.1000000015
79970  -59.231  10.685  41.670 0.1000000015
79975  -59.520  11.024  41.164 0.1000000015
80833  -59.610  11.181  40.646 0.1000000015
79108  -58.283  10.294  42.347 0.1000000015
79969  -58.522  10.662  41.817 0.1000000015
79973  -57.923  10.847  41.307 0.1000000015
80832  -59.058  11.352  40.783 0.1000000015
80837  -59.312  11.601  40.025 0.1000000015
146281  -57.399  10.742  40.596 0.1000000015
79982  -58.393  11.550  40.069 0.1000000015
79981  -57.344  10.946  39.769 0.1000000015
141243  -57.591  11.619  39.204 0.1000000015
80852  -58.549  12.067  39.360 0.1000000015
140866  -56.726  11.074  38.819 0.1000000015
80850  -56.856  11.797  38.444 0.1000000015
79998  -55.305  10.967  37.794 0.1000000015
80849  -56.076  11.351  38.100 0.1000000015
86577  -44.965  18.306  36.092 0.1000000015
89792  -51.267  22.450  34.306 0.3000000119
129721  -52.017  22.659  33.819 0.3000000119
90592  -53.566  23.072  33.420 0.3000000119
146111  -54.907  23.438  32.831 0.4000000060
90579  -52.677  22.849  34.270 0.3000000119
90593  -54.410  23.298  33.098 0.3000000119
90581  -54.352  23.390  34.086 0.3000000119
90594  -55.315  23.583  34.449 0.3000000119
99298  -45.860  35.508  12.054 0.4000000060
99286  -45.528  35.476  12.908 0.4000000060
100012  -45.934  36.183  12.376 0.5000000000
99299  -46.316  35.844  11.544 0.5000000000
100001  -45.614  36.496  13.276 0.5000000000
100002  -46.110  37.037  12.726 0.5000000000
85769  -55.375  18.068  34.482 0.1000000015
85757  -55.761  17.651  35.147 0.1000000015
86615  -54.978  18.478  33.132 0.1000000015
84010  -58.730  16.132  37.036 0.1000000015
86616  -55.683  18.989  32.763 0.1000000015
86622  -54.984  18.488  32.295 0.1000000015
83202  -58.179  15.426  37.316 0.1000000015
138678  -56.862  15.687  36.574 0.1000000015
87409  -57.440  19.751  33.764 0.1000000015
86623  -55.880  19.059  31.905 0.1000000015
83193  -58.570  14.818  37.895 0.1000000015
86631  -55.918  18.773  30.998 0.1000000015
86634  -59.083  19.130  31.221 0.1000000015
86638  -55.110  18.266  30.577 0.1000000015
82407  -58.911  14.143  38.263 0.1000000015
87432  -58.843  19.426  31.363 0.1000000015
84925  -58.573  17.281  30.619 0.1000000015
85800  -59.411  18.410  30.730 0.1000000015
86633  -58.262  19.285  30.719 0.1000000015
86599  -55.072  18.365  33.854 0.1000000015
86625  -59.046  19.277  31.890 0.1000000015
142690  -59.021  19.213  30.822 0.1000000015
132989  -59.337  18.760  30.502 0.1000000015
91374  -56.213  23.721  34.066 0.3000000119
80990  -56.104  11.927  19.749 0.1000000015
81015  -58.052  11.259  17.116 0.1000000015
78426  -57.872  8.453  14.785 0.1000000015
81688  -60.307  12.802  27.177 0.1000000015
83271  -62.236  14.322  27.979 0.1000000015
85838  -56.617  17.273  26.764 0.1000000015
85830  -60.064  17.677  28.310 0.1000000015
84963  -48.608  16.789  26.240 0.1000000015
84964  -49.408  16.301  26.193 0.1000000015
84962  -47.893  16.892  26.643 0.1000000015
85815  -55.568  17.777  28.457 0.1000000015
85806  -55.757  18.219  29.217 0.1000000015
86647  -56.658  18.633  29.418 0.1000000015
129082  -44.361  18.665  34.515 0.1000000015
89808  -51.607  22.541  32.605 0.4000000060
90598  -53.148  22.876  32.752 0.4000000060
128544  -42.634  16.322  36.259 0.1000000015
85742  -42.906  17.063  35.935 0.1000000015
89034  -48.601  21.158  34.113 0.2000000030
87407  -46.603  19.789  34.509 0.2000000030
84932  -51.858  16.365  29.888 0.1000000015
84090  -49.505  15.519  29.563 0.1000000015
84112  -48.484  15.793  27.314 0.1000000015
84953  -48.308  16.317  26.798 0.1000000015
84956  -53.290  16.495  27.490 0.1000000015
122723  -52.234  16.805  32.370 0.1000000015
84933  -52.598  16.594  29.556 0.1000000015
138424  -49.579  15.263  32.921 0.1000000015
141189  -46.492  15.018  32.068 0.1000000015
84958  -54.956  16.998  26.828 0.1000000015
78403  -56.307  8.182  16.878 0.1000000015
85770  -56.410  18.566  34.809 0.1000000015
85758  -56.792  17.984  35.592 0.1000000015
84901  -52.429  16.438  33.934 0.1000000015
142297  -52.542  15.996  34.386 0.1000000015
142972  -54.197  17.268  34.478 0.1000000015
85768  -54.566  17.765  34.202 0.1000000015
85799  -54.342  17.905  30.991 0.1000000015
85837  -55.722  17.178  26.743 0.1000000015
80140  -55.329  10.461  18.072 0.1000000015
79132  -59.438  9.491  38.746 0.1000000015
84019  -54.567  15.899  35.400 0.1000000015
84875  -57.423  17.251  36.209 0.1000000015
86608  -55.816  18.937  33.491 0.1000000015
86617  -56.605  19.532  32.642 0.1000000015
82434  -50.058  13.043  34.037 0.1000000015
84916  -58.451  17.692  31.198 0.1000000015
87433  -58.916  19.407  31.781 0.1000000015
81649  -46.399  12.444  32.926 0.1000000015
81697  -56.749  12.303  25.541 0.1000000015
81014  -56.103  10.618  17.643 0.1000000015
73761  -54.077  3.326  47.879 0.1000000015
71980  -54.028  2.119  46.841 0.1000000015
71069  -53.150  1.051  46.108 0.1000000015
71998  -53.255  1.538  45.546 0.1000000015
72876  -51.857  1.977  43.363 0.1000000015
77293  -53.838  6.955  45.902 0.1000000015
77314  -54.371  7.875  45.757 0.1000000015
73800  -52.533  3.643  42.599 0.1000000015
137734  -54.746  8.432  45.472 0.1000000015
78272  -59.115  8.935  39.196 0.1000000015
84002  -59.016  15.458  37.520 0.1000000015
78279  -51.514  8.587  37.650 0.1000000015
86639  -56.080  18.638  30.059 0.1000000015
81693  -59.076  12.631  26.697 0.1000000015
81756  -56.350  12.321  21.094 0.1000000015
80142  -56.931  10.586  17.228 0.1000000015
72846  -54.553  2.623  46.531 0.1000000015
72867  -54.620  2.832  45.462 0.1000000015
73794  -52.900  3.295  43.435 0.1000000015
79133  -59.985  9.959  39.337 0.1000000015
83212  -55.192  15.270  35.885 0.1000000015
84021  -56.615  16.216  36.265 0.1000000015
82417  -56.087  14.186  36.792 0.1000000015
78292  -51.146  9.025  36.768 0.1000000015
80029  -48.901  10.289  34.788 0.1000000015
80900  -45.808  11.293  33.197 0.1000000015
86632  -56.975  19.195  30.709 0.1000000015
74639  -56.690  4.678  46.022 0.1000000015
78202  -56.687  8.875  45.089 0.1000000015
143880  -57.998  7.700  40.301 0.1000000015
79105  -55.610  9.577  42.001 0.1000000015
82405  -56.853  13.955  37.461 0.1000000015
129132  -50.799  11.145  35.330 0.1000000015
84108  -60.750  15.611  29.140 0.1000000015
82484  -61.186  13.820  28.445 0.1000000015
74661  -56.075  4.592  44.081 0.1000000015
75522  -56.210  5.239  43.389 0.1000000015
136543  -56.804  9.486  43.918 0.1000000015
79087  -57.415  9.678  43.390 0.1000000015
78249  -59.341  8.841  40.769 0.1000000015
78260  -59.669  9.267  40.403 0.1000000015
79100  -57.349  10.074  42.663 0.1000000015
79114  -56.254  9.851  40.768 0.1000000015
85831  -60.656  17.375  28.800 0.1000000015
75524  -57.187  6.059  44.376 0.1000000015
79980  -56.467  10.467  39.171 0.1000000015
89035  -49.150  21.178  34.571 0.2000000030
89799  -50.542  22.232  33.623 0.3000000119
140738  -52.029  22.650  33.122 0.3000000119
90591  -52.716  22.814  33.378 0.4000000060
79974  -58.789  11.088  41.353 0.1000000015
121916  -58.143  11.218  40.724 0.1000000015
129920  -53.099  22.966  33.829 0.3000000119
90580  -53.432  23.132  34.286 0.3000000119
86600  -55.808  18.653  34.145 0.1000000015
84009  -57.635  16.141  36.733 0.1000000015
84003  -59.380  15.933  36.891 0.1000000015
121677  -56.555  19.234  34.069 0.1000000015
86624  -56.632  19.249  31.381 0.1000000015
87427  -57.768  19.506  31.483 0.1000000015
137830  -56.876  19.506  31.935 0.1000000015
87422  -57.727  19.801  32.337 0.1000000015
97925  -43.691  32.894  16.055 0.2000000030
97926  -44.172  33.177  15.288 0.2000000030
97204  -43.780  32.193  15.327 0.2000000030
97917  -43.906  33.807  16.083 0.2000000030
99273  -50.105  35.913  14.611 0.2000000030
100709  -46.757  37.362  12.251 0.4000000060
126147  -44.241  34.058  15.517 0.2000000030
99247  -44.121  35.445  15.730 0.2000000030
98613  -44.413  34.772  15.175 0.2000000030
99269  -44.730  35.336  14.463 0.3000000119
99257  -44.433  35.826  15.222 0.2000000030
99270  -45.127  35.912  13.843 0.3000000119
99991  -49.720  36.143  13.731 0.2000000030
99992  -50.560  36.431  13.981 0.2000000030
100710  -47.436  37.648  11.783 0.3000000119
100703  -47.038  38.044  12.533 0.3000000119
100702  -46.406  37.885  13.061 0.4000000060
99272  -49.343  35.558  14.356 0.2000000030
131844  -50.989  36.112  14.827 0.2000000030
99287  -48.986  35.589  13.328 0.2000000030
125568  -44.463  33.874  14.951 0.2000000030
97203  -43.370  32.047  16.040 0.2000000030
137045  -43.424  31.486  15.432 0.2000000030
98600  -43.992  34.714  15.931 0.1000000015
99246  -43.666  35.683  16.398 0.1000000015
92998  -58.061  26.599  37.841 0.1000000015
122223  -56.129  27.066  36.105 0.1000000015
90542  -58.370  24.781  37.981 0.1000000015
141071  -57.981  27.061  37.245 0.1000000015
92997  -57.119  27.097  37.762 0.1000000015
123180  -56.485  26.867  35.107 0.1000000015
91310  -58.172  24.830  38.978 0.1000000015
99989  -44.780  36.352  14.645 0.3000000119
93024  -55.571  26.798  35.238 0.1000000015
91294  -57.358  24.519  39.947 0.1000000015
90531  -57.976  24.117  39.445 0.1000000015
92983  -57.403  26.455  38.512 0.1000000015
127111  -44.095  36.294  15.899 0.1000000015
99990  -45.279  36.879  14.129 0.3000000119
100696  -45.468  37.769  14.451 0.1000000015
100701  -45.795  37.446  13.608 0.1000000015
99983  -44.913  37.279  14.888 0.2000000030
101319  -46.850  38.775  14.263 0.1000000015
100697  -46.156  38.315  14.053 0.1000000015
99982  -44.508  36.774  15.404 0.2000000030
100690  -45.716  38.343  14.842 0.1000000015
97916  -43.467  33.493  16.876 0.1000000015
98586  -43.231  34.383  17.316 0.1000000015
97191  -42.990  32.728  17.212 0.1000000015
98599  -43.578  34.584  16.651 0.1000000015
96514  -42.920  31.210  15.972 0.1000000015
96513  -42.444  31.231  16.559 0.1000000015
97198  -43.327  32.619  16.618 0.1000000015
95228  -42.683  29.827  15.747 0.1000000015
92157  -57.611  25.563  39.103 0.1000000015
92996  -56.091  27.224  37.968 0.1000000015
93044  -54.111  26.237  32.266 0.1000000015
93858  -50.719  27.874  27.332 0.1000000015
92139  -56.090  25.573  39.695 0.1000000015
92981  -55.673  26.891  38.535 0.1000000015
93003  -54.380  26.976  36.782 0.1000000015
92218  -54.018  26.159  33.715 0.1000000015
93056  -53.107  26.200  31.362 0.1000000015
93094  -52.791  26.814  30.025 0.1000000015
131578  -49.147  28.141  25.905 0.2000000030
101326  -47.982  39.077  13.078 0.1000000015
101922  -48.549  39.023  12.140 0.2000000030
139482  -49.413  39.353  12.256 0.1000000015
101937  -49.836  39.193  11.276 0.2000000030
121187  -51.141  39.389  11.137 0.2000000030
101320  -47.592  39.105  14.049 0.1000000015
101908  -48.735  39.265  12.950 0.1000000015
101923  -50.470  39.453  11.841 0.1000000015
101939  -52.372  39.200  10.388 0.1000000015
101909  -49.287  39.420  13.348 0.1000000015
101924  -51.364  39.507  11.965 0.1000000015
101925  -52.039  39.455  11.325 0.1000000015
100681  -44.527  37.878  16.449 0.1000000015
100688  -44.751  37.564  15.683 0.2000000030
100689  -45.214  37.996  15.216 0.2000000030
101911  -51.218  39.546  12.972 0.1000000015
101926  -52.853  39.368  10.989 0.1000000015
99975  -43.703  36.839  16.535 0.1000000015
99976  -44.265  37.198  16.159 0.1000000015
121778  -52.126  39.488  12.657 0.1000000015
93848  -51.012  27.821  27.900 0.1000000015
92241  -53.163  25.942  32.290 0.1000000015
121361  -49.205  29.289  25.026 0.2000000030
101325  -47.777  38.443  12.211 0.2000000030
101331  -49.205  38.905  11.343 0.2000000030
101341  -50.613  39.137  10.799 0.2000000030
121489  -48.602  39.376  13.941 0.1000000015
101938  -51.568  39.185  10.526 0.1000000015
121292  -47.256  39.028  14.912 0.1000000015
101941  -53.715  39.289  11.158 0.1000000015
101307  -45.715  38.494  15.579 0.1000000015
146193  -46.267  38.723  15.622 0.1000000015
140441  -49.463  28.910  23.883 0.2000000030
95832  -50.425  30.275  22.221 0.1000000015
92273  -51.993  25.902  31.062 0.1000000015
93109  -51.208  27.324  28.625 0.1000000015
94513  -49.099  28.795  25.627 0.1000000015
98604  -52.757  34.641  16.528 0.1000000015
99250  -52.178  35.086  16.024 0.1000000015
99260  -51.472  35.549  15.546 0.1000000015
98617  -53.015  34.892  15.769 0.1000000015
100005  -51.074  36.814  13.260 0.1000000015
99993  -51.433  36.421  14.115 0.1000000015
99274  -51.899  35.951  14.768 0.1000000015
100704  -50.756  37.311  12.183 0.1000000015
99262  -53.263  35.249  15.085 0.1000000015
130208  -51.811  36.650  13.461 0.1000000015
100006  -52.506  36.605  13.181 0.1000000015
99995  -53.061  36.051  13.771 0.1000000015
100018  -51.728  37.085  12.470 0.1000000015
99288  -53.906  35.789  13.500 0.1000000015
100019  -52.729  36.962  12.148 0.1000000015
100007  -53.383  36.432  12.871 0.1000000015
99289  -54.849  35.584  13.263 0.1000000015
101330  -48.587  38.383  11.362 0.2000000030
99301  -55.305  35.879  12.342 0.1000000015
101340  -49.830  38.780  10.881 0.2000000030
101342  -51.355  38.874  10.355 0.1000000015
100742  -52.235  38.614  10.188 0.1000000015
146147  -53.606  37.901  10.222 0.1000000015
100048  -54.740  37.319  10.565 0.1000000015
101886  -49.105  39.441  15.008 0.1000000015
101897  -49.578  39.469  14.220 0.1000000015
101910  -50.206  39.507  13.340 0.1000000015
101950  -53.926  38.614  10.312 0.1000000015
101949  -53.234  38.855  10.172 0.1000000015
100022  -55.834  36.255  11.500 0.1000000015
99315  -57.581  36.221  11.715 0.1000000015
121578  -46.938  38.881  15.730 0.1000000015
101309  -47.834  39.138  15.599 0.1000000015
101885  -48.137  39.305  14.856 0.1000000015
100745  -55.384  37.862  10.397 0.1000000015
100050  -56.464  37.091  10.708 0.1000000015
101927  -54.370  39.359  12.200 0.1000000015
122269  -54.897  39.135  11.281 0.1000000015
100747  -56.645  38.027  10.904 0.1000000015
95164  -48.804  29.279  26.198 0.1000000015
94510  -49.004  28.542  26.453 0.1000000015
135248  -50.406  27.534  28.187 0.1000000015
95169  -49.490  29.345  24.324 0.2000000030
97890  -53.081  33.616  18.559 0.1000000015
97907  -53.745  33.884  17.926 0.1000000015
142783  -53.837  34.486  16.286 0.1000000015
129720  -54.370  34.112  17.165 0.1000000015
100004  -50.162  36.745  12.863 0.1000000015
98618  -53.725  34.797  15.498 0.1000000015
98632  -55.021  34.817  14.717 0.1000000015
98633  -56.187  34.767  14.506 0.1000000015
98634  -57.294  34.743  14.256 0.1000000015
98635  -58.266  34.709  14.446 0.1000000015
100726  -49.774  38.226  10.779 0.1000000015
100727  -50.449  38.647  10.654 0.1000000015
100728  -51.648  38.228  10.480 0.1000000015
100729  -52.476  37.914  10.377 0.1000000015
100743  -52.968  38.291  10.132 0.1000000015
101296  -48.506  39.085  16.282 0.1000000015
101878  -49.268  39.282  15.878 0.1000000015
101887  -49.772  39.365  15.494 0.1000000015
124147  -49.861  39.461  14.954 0.1000000015
101898  -50.411  39.459  14.548 0.1000000015
101899  -51.168  39.445  14.108 0.1000000015
96487  -51.522  31.635  21.219 0.2000000030
93857  -50.064  27.931  27.489 0.1000000015
95805  -50.400  30.379  23.841 0.1000000015
95833  -51.312  30.126  22.591 0.1000000015
97175  -52.362  32.879  19.929 0.2000000030
95167  -48.993  29.660  25.585 0.1000000015
98619  -54.563  34.604  15.520 0.1000000015
98606  -56.454  34.365  15.973 0.1000000015
97911  -58.837  33.705  17.306 0.1000000015
98607  -57.735  34.235  15.984 0.1000000015
100713  -50.357  37.872  10.937 0.1000000015
100714  -51.208  37.694  11.263 0.1000000015
98608  -58.949  34.066  16.021 0.1000000015
143078  -50.949  38.373  10.613 0.1000000015
136402  -49.807  30.028  24.163 0.1000000015
138802  -49.330  30.095  24.882 0.1000000015
126696  -53.214  33.249  19.387 0.1000000015
97891  -54.143  33.478  18.824 0.1000000015
97892  -55.329  33.533  18.758 0.1000000015
97908  -54.819  33.769  17.962 0.1000000015
97876  -55.869  33.341  19.553 0.1000000015
98592  -55.399  34.013  17.259 0.1000000015
97909  -56.102  33.769  17.925 0.1000000015
146711  -56.861  33.694  18.254 0.1000000015
98593  -56.665  34.093  16.855 0.1000000015
97910  -57.579  33.753  17.664 0.1000000015
98594  -58.330  33.908  16.723 0.1000000015
98556  -60.388  33.414  21.919 0.1000000015
129580  -59.593  33.796  17.654 0.1000000015
95813  -52.560  30.388  23.021 0.1000000015
95822  -52.625  30.559  22.572 0.1000000015
124153  -52.940  31.051  21.895 0.1000000015
96488  -52.426  31.691  21.317 0.1000000015
97159  -52.812  32.314  20.749 0.2000000030
95811  -51.008  29.854  23.233 0.2000000030
96454  -52.386  30.690  23.288 0.1000000015
141154  -49.179  31.050  25.118 0.1000000015
96446  -50.401  31.462  24.309 0.1000000015
96453  -51.337  30.779  23.601 0.1000000015
136484  -52.997  30.688  23.139 0.1000000015
95814  -53.180  30.649  22.955 0.1000000015
96476  -53.363  30.888  22.504 0.1000000015
142328  -53.531  31.265  21.973 0.1000000015
97176  -53.362  32.758  20.185 0.1000000015
97104  -50.712  32.510  24.675 0.1000000015
96447  -51.202  31.770  24.133 0.1000000015
96448  -52.010  31.592  23.764 0.1000000015
97160  -53.632  32.284  20.940 0.1000000015
97103  -50.008  32.207  24.815 0.1000000015
97122  -53.825  31.708  23.507 0.1000000015
97834  -52.071  33.097  24.748 0.1000000015
97106  -52.506  32.367  24.146 0.1000000015
129788  -54.049  33.076  19.744 0.1000000015
97822  -51.663  33.516  25.425 0.1000000015
97178  -55.366  32.954  20.251 0.1000000015
97810  -50.510  33.448  26.265 0.1000000015
97863  -56.370  33.060  20.365 0.1000000015
97877  -57.100  33.406  19.545 0.1000000015
143344  -57.927  33.437  19.195 0.1000000015
99178  -59.114  35.885  27.424 0.1000000015
99185  -59.598  35.079  26.784 0.1000000015
99192  -59.579  34.916  25.280 0.1000000015
140390  -58.768  33.594  18.062 0.1000000015
99184  -58.948  35.984  26.471 0.1000000015
98555  -60.202  34.070  22.223 0.1000000015
97850  -60.468  33.418  23.179 0.1000000015
97896  -59.674  33.667  18.499 0.1000000015
96456  -54.343  31.459  23.148 0.1000000015
128201  -54.291  32.292  21.108 0.1000000015
97177  -54.128  32.639  20.454 0.1000000015
97823  -52.545  33.588  25.342 0.1000000015
97824  -53.403  33.579  25.239 0.1000000015
97146  -55.584  32.182  22.022 0.1000000015
97161  -54.829  32.571  20.788 0.1000000015
97812  -52.192  33.932  26.104 0.1000000015
122050  -56.357  32.409  21.931 0.1000000015
124603  -51.004  33.631  26.994 0.1000000015
97162  -55.723  32.563  21.172 0.1000000015
97147  -57.217  32.557  21.796 0.1000000015
97164  -57.907  32.789  21.185 0.1000000015
97163  -56.825  32.720  21.150 0.1000000015
97865  -58.816  33.148  20.472 0.1000000015
99887  -58.257  36.562  29.043 0.1000000015
136777  -59.533  34.999  28.197 0.1000000015
97830  -60.546  33.069  25.358 0.1000000015
97127  -59.918  32.558  23.514 0.1000000015
97137  -59.591  32.566  22.585 0.1000000015
97150  -60.056  32.701  21.851 0.1000000015
97879  -59.620  33.489  19.592 0.1000000015
96465  -54.482  31.435  22.803 0.1000000015
96477  -54.506  31.607  22.259 0.1000000015
137925  -54.980  32.199  23.629 0.1000000015
96457  -55.158  31.690  23.051 0.1000000015
96478  -55.094  31.793  22.513 0.1000000015
97836  -53.788  33.012  24.515 0.1000000015
97124  -56.518  32.246  23.234 0.1000000015
122407  -50.740  33.378  27.818 0.1000000015
97825  -54.271  33.515  25.151 0.1000000015
97109  -55.758  32.410  23.829 0.1000000015
97787  -50.668  33.105  28.645 0.1000000015
97800  -52.462  34.203  27.894 0.1000000015
98534  -53.869  34.039  25.850 0.1000000015
144024  -56.759  32.419  23.756 0.1000000015
97125  -57.494  32.442  23.431 0.1000000015
121391  -58.355  32.567  24.127 0.1000000015
97136  -57.985  32.503  22.777 0.1000000015
98519  -60.281  33.563  27.696 0.1000000015
97817  -60.301  32.854  26.999 0.1000000015
97099  -60.026  32.619  25.471 0.1000000015
97789  -52.063  33.886  28.768 0.1000000015
98515  -53.204  34.380  27.457 0.1000000015
97838  -56.033  33.295  24.970 0.1000000015
97802  -60.072  32.814  28.595 0.1000000015
122592  -60.065  32.652  26.481 0.1000000015
97126  -59.295  32.543  24.060 0.1000000015
96414  -48.613  30.970  30.208 0.1000000015
97074  -50.447  32.452  29.711 0.1000000015
132603  -52.225  33.528  29.776 0.1000000015
98503  -54.006  34.466  28.215 0.1000000015
98517  -54.895  34.569  27.770 0.1000000015
98527  -54.898  34.415  26.837 0.1000000015
97840  -58.176  32.856  24.955 0.1000000015
124244  -59.453  32.826  27.920 0.1000000015
97815  -58.440  33.264  27.087 0.1000000015
97841  -59.245  32.778  25.750 0.1000000015
97075  -51.128  32.796  29.980 0.1000000015
140913  -52.940  34.021  29.370 0.1000000015
95772  -48.059  30.525  31.873 0.1000000015
96416  -50.040  31.562  30.922 0.1000000015
96407  -48.751  30.786  31.165 0.1000000015
97067  -50.590  32.168  30.441 0.1000000015
98518  -56.595  34.101  27.599 0.1000000015
97814  -57.213  33.710  26.801 0.1000000015
97826  -55.667  33.701  25.622 0.1000000015
98504  -55.104  34.385  28.790 0.1000000015
98505  -55.862  34.328  28.212 0.1000000015
97062  -51.517  32.073  31.787 0.1000000015
97801  -58.121  33.440  28.051 0.1000000015
97766  -53.764  33.492  30.804 0.1000000015
96410  -50.916  31.456  32.359 0.1000000015
97069  -52.249  32.683  31.378 0.1000000015
97777  -54.103  34.017  29.919 0.1000000015
97045  -51.680  31.720  32.723 0.1000000015
97010  -51.034  32.056  35.739 0.1000000015
96385  -52.229  31.445  34.513 0.1000000015
96373  -51.103  31.151  35.326 0.1000000015
96401  -51.033  31.028  33.548 0.1000000015
97063  -52.962  32.418  32.203 0.1000000015
96367  -51.768  31.427  35.885 0.1000000015
97030  -52.995  31.686  33.941 0.1000000015
97767  -55.015  33.471  31.015 0.1000000015
97064  -54.005  32.556  32.306 0.1000000015
97048  -54.738  32.064  33.171 0.1000000015
98488  -55.533  33.743  30.334 0.1000000015
97759  -55.832  32.941  32.006 0.1000000015
97065  -55.182  32.564  32.496 0.1000000015
100008  -54.304  36.130  12.574 0.1000000015
99279  -56.797  35.091  13.574 0.1000000015
100715  -52.077  37.487  11.259 0.1000000015
100020  -53.722  36.756  11.713 0.1000000015
141523  -59.190  34.819  23.734 0.1000000015
100034  -52.959  37.294  11.032 0.1000000015
144943  -60.051  33.661  20.236 0.1000000015
98609  -59.183  34.233  16.430 0.1000000015
100021  -54.775  36.424  11.636 0.1000000015
98644  -58.032  34.935  13.673 0.1000000015
100035  -53.647  37.240  10.829 0.1000000015
95821  -50.655  29.672  22.810 0.2000000030
101324  -47.036  38.619  13.299 0.1000000015
140093  -55.257  27.143  36.720 0.1000000015
93022  -54.076  26.491  35.111 0.1000000015
101308  -46.349  38.723  14.985 0.1000000015
93093  -51.571  26.778  29.423 0.1000000015
100682  -45.103  38.115  15.986 0.2000000030
99261  -52.439  35.443  15.322 0.1000000015
141266  -56.903  35.447  12.723 0.1000000015
99304  -58.137  35.800  12.485 0.1000000015
98605  -55.237  34.290  16.353 0.1000000015
98623  -59.052  34.482  15.492 0.1000000015
95804  -49.737  30.818  24.451 0.1000000015
97866  -59.894  33.075  20.677 0.1000000015
98536  -60.030  34.433  26.133 0.1000000015
98539  -60.040  34.281  24.536 0.1000000015
97165  -59.057  32.855  21.258 0.1000000015
143236  -55.482  32.818  24.341 0.1000000015
97021  -54.065  31.564  35.505 0.1000000015
125764  -53.946  23.332  35.018 0.2000000030
90582  -55.343  23.607  35.310 0.2000000030
91329  -56.934  23.908  36.439 0.2000000030
129038  -57.964  24.282  36.328 0.2000000030
91344  -57.061  23.978  35.604 0.2000000030
90555  -56.788  23.727  37.219 0.2000000030
91343  -56.111  23.766  35.816 0.2000000030
90552  -53.787  23.122  35.941 0.2000000030
91328  -56.135  23.659  36.483 0.2000000030
89793  -52.011  22.670  34.519 0.2000000030
140118  -54.690  23.487  34.896 0.2000000030
136787  -58.783  24.579  36.205 0.2000000030
91357  -56.152  23.779  34.981 0.2000000030
90568  -54.608  23.409  35.655 0.2000000030
91318  -57.795  24.197  37.227 0.2000000030
90569  -55.393  23.545  36.135 0.2000000030
87398  -47.539  19.726  35.570 0.1000000015
89030  -49.740  21.212  35.219 0.1000000015
89791  -50.484  22.036  34.401 0.1000000015
86580  -48.376  19.254  37.008 0.1000000015
87392  -47.096  19.296  36.088 0.1000000015
87393  -47.873  19.483  36.248 0.1000000015
140674  -49.103  20.155  36.176 0.1000000015
87399  -48.130  19.885  35.760 0.1000000015
88202  -48.674  20.307  35.578 0.1000000015
89769  -52.097  22.377  36.015 0.1000000015
89785  -52.430  22.645  35.529 0.1000000015
89783  -50.905  22.037  35.137 0.1000000015
88197  -52.218  20.911  37.983 0.1000000015
88998  -52.921  21.178  38.279 0.1000000015
88203  -49.196  19.711  36.850 0.1000000015
88204  -50.385  20.570  36.650 0.1000000015
89010  -51.795  21.337  37.174 0.1000000015
89757  -53.784  22.320  37.575 0.1000000015
89758  -54.608  22.643  37.643 0.1000000015
90539  -55.396  23.084  37.494 0.1000000015
89022  -50.659  21.145  36.272 0.1000000015
89023  -51.361  21.749  36.149 0.1000000015
89770  -52.897  22.627  36.230 0.1000000015
90553  -54.724  23.142  36.644 0.1000000015
89748  -54.183  22.186  38.180 0.1000000015
91319  -58.757  25.151  37.165 0.1000000015
88207  -47.976  20.184  35.188 0.1000000015
88215  -49.094  20.785  35.159 0.1000000015
88208  -49.398  20.611  35.752 0.1000000015
90567  -53.064  22.946  35.169 0.1000000015
90554  -55.770  23.406  36.961 0.1000000015
132123  -52.374  22.756  34.953 0.1000000015
127120  -50.285  21.689  34.958 0.1000000015
86579  -47.493  18.947  36.800 0.1000000015
86586  -46.302  19.085  35.846 0.1000000015
86578  -46.675  18.705  36.562 0.1000000015
87394  -48.563  19.794  36.269 0.1000000015
136250  -49.697  20.312  36.415 0.1000000015
88209  -50.066  20.880  35.982 0.1000000015
89031  -50.503  21.453  35.622 0.1000000015
89024  -52.269  22.034  36.752 0.1000000015
89784  -51.745  22.464  35.253 0.1000000015
88196  -51.461  20.605  37.625 0.1000000015
89000  -54.437  21.679  38.811 0.1000000015
89011  -52.603  21.584  37.578 0.1000000015
88194  -50.027  19.925  37.088 0.1000000015
88205  -51.074  20.931  36.856 0.1000000015
89756  -53.073  22.246  37.221 0.1000000015
89771  -53.794  22.673  36.850 0.1000000015
77316  -56.759  7.543  45.758 0.1000000015
78203  -57.116  8.596  44.936 0.1000000015
80863  -59.951  12.229  37.732 0.1000000015
81033  -59.431  11.488  15.132 0.1000000015
81800  -61.495  12.855  16.951 0.2000000030
82366  -36.584  13.650  40.357 0.1000000015
82429  -53.275  14.052  35.465 0.1000000015
82584  -58.887  13.235  14.014 0.1000000015
83139  -36.174  14.977  43.190 0.1000000015
83153  -36.636  14.659  41.567 0.1000000015
83201  -56.735  14.651  37.017 0.1000000015
83292  -62.475  14.569  23.985 0.2000000030
83353  -57.593  14.326  13.790 0.1000000015
83890  -38.305  15.863  47.871 0.1000000015
84784  -38.119  16.077  45.905 0.1000000015
84820  -42.348  16.556  43.236 0.1000000015
84835  -39.086  16.241  43.143 0.1000000015
85687  -41.879  17.272  43.577 0.1000000015
85809  -60.651  17.295  29.199 0.1000000015
86643  -59.872  18.358  29.193 0.1000000015
86764  -57.465  18.178  13.778 0.1000000015
86765  -58.237  17.774  14.099 0.1000000015
87410  -58.120  19.671  34.016 0.1000000015
87428  -58.615  19.661  32.040 0.1000000015
87540  -56.595  19.394  14.674 0.1000000015
88340  -54.211  20.539  14.522 0.1000000015
88353  -51.022  20.408  14.034 0.1000000015
88999  -53.470  21.779  38.083 0.1000000015
89161  -53.696  21.228  14.884 0.2000000030
89175  -52.391  21.595  14.471 0.3000000119
89187  -48.878  21.573  12.202 0.1000000015
89188  -49.307  21.552  12.335 0.2000000030
89918  -55.177  22.800  16.095 0.2000000030
89926  -62.310  22.696  15.649 0.4000000060
89937  -57.480  22.753  15.856 0.3000000119
89942  -62.468  22.334  15.322 0.4000000060
89953  -62.421  22.639  14.834 0.5000000000
89968  -48.709  22.554  11.461 0.1000000015
90619  -54.700  23.457  28.606 0.8000000119
90621  -56.004  23.927  28.262 0.8000000119
90638  -61.607  23.995  25.803 0.6999999881
90644  -60.413  23.444  25.528 0.6999999881
90651  -62.157  24.161  24.502 0.6999999881
90695  -58.141  23.575  18.358 0.8000000119
90722  -53.343  23.572  15.004 0.3000000119
90751  -50.490  23.389  11.829 0.2000000030
91295  -57.731  24.663  39.548 0.1000000015
91330  -58.561  24.658  36.925 0.2000000030
91331  -59.091  25.003  36.508 0.2000000030
91361  -59.892  25.013  34.135 0.4000000060
91412  -61.044  24.843  29.639 0.6999999881
91428  -60.391  24.380  28.077 0.6999999881
91430  -61.561  24.956  27.165 0.6000000238
91433  -61.584  24.534  26.299 0.6999999881
91438  -54.078  24.877  25.252 0.5000000000
91439  -54.765  24.858  25.220 0.6000000238
91440  -56.187  24.904  25.174 0.6000000238
91442  -61.842  24.374  25.512 0.6999999881
91448  -52.781  24.585  24.602 0.3000000119
91451  -56.005  24.605  24.264 0.6000000238
91453  -57.849  24.991  24.912 0.6000000238
91455  -59.635  25.424  24.024 0.6999999881
91456  -62.110  24.634  24.901 0.6999999881
91467  -51.658  24.581  23.629 0.6000000238
91469  -53.897  24.490  23.798 0.6000000238
91470  -54.711  24.497  23.569 0.6999999881
91473  -57.625  24.782  23.613 0.6000000238
91475  -62.323  24.881  23.285 0.6999999881
91505  -55.982  24.827  21.664 0.6000000238
91576  -51.364  24.051  12.811 0.2000000030
91601  -49.491  24.046  10.157 0.1000000015
92140  -57.028  25.234  39.614 0.1000000015
92156  -56.544  26.239  39.106 0.1000000015
92168  -58.186  25.732  38.435 0.1000000015
92175  -58.926  25.787  36.796 0.1000000015
92185  -59.287  25.699  36.034 0.2000000030
92186  -59.535  25.678  35.244 0.4000000060
92202  -54.281  26.320  34.374 0.1000000015
92219  -60.117  25.767  33.780 0.5000000000
92242  -53.706  26.010  32.985 0.1000000015
92259  -52.459  25.846  31.630 0.1000000015
92261  -60.614  25.788  30.971 0.6999999881
92282  -61.090  25.375  29.866 0.6000000238
92291  -57.802  25.966  27.339 0.6999999881
92297  -54.209  25.954  26.568 0.5000000000
92317  -61.442  25.209  25.592 0.6000000238
92321  -49.414  25.170  24.464 0.4000000060
92325  -59.421  25.427  25.189 0.6999999881
92328  -62.049  25.255  24.392 0.6999999881
92337  -48.863  25.468  23.795 0.4000000060
92350  -48.678  26.083  22.532 0.4000000060
92352  -50.128  25.138  22.328 0.6999999881
92371  -56.871  25.185  21.524 0.6000000238
92373  -59.562  26.342  21.576 0.6999999881
92386  -54.388  25.296  20.430 0.6999999881
92399  -51.149  25.840  19.975 0.6999999881
92415  -55.263  25.979  18.852 0.8999999762
92450  -55.170  25.332  14.055 0.3000000119
92460  -52.578  25.082  13.070 0.3000000119
92474  -48.970  25.153  11.724 0.3000000119
92495  -51.594  25.492  9.284 0.2000000030
92499  -50.558  25.415  8.847 0.5000000000
92500  -50.774  25.321  8.800 0.3000000119
92982  -56.563  26.865  38.392 0.1000000015
93004  -56.142  27.242  37.210 0.1000000015
93005  -57.289  27.235  36.833 0.1000000015
93011  -53.784  26.657  36.036 0.1000000015
93012  -54.837  26.853  35.814 0.1000000015
93023  -54.881  26.518  34.802 0.1000000015
93026  -59.224  26.704  34.953 0.2000000030
93027  -59.703  26.310  34.262 0.3000000119
93045  -54.483  26.241  33.030 0.1000000015
93047  -58.376  26.795  32.318 0.3000000119
93049  -60.060  26.324  32.447 0.5000000000
93058  -54.551  26.600  31.546 0.2000000030
93072  -51.958  26.335  30.233 0.1000000015
93073  -52.633  26.268  30.810 0.1000000015
93074  -54.162  27.125  30.241 0.2000000030
93077  -58.364  26.982  30.444 0.5000000000
93098  -60.089  26.591  29.623 0.6999999881
93111  -58.197  26.745  28.879 0.6999999881
93117  -53.958  27.072  27.645 0.3000000119
93121  -59.657  26.317  28.124 0.6000000238
93122  -60.598  26.066  27.996 0.6000000238
93125  -51.310  26.484  26.365 0.4000000060
93126  -52.728  26.728  26.991 0.3000000119
93129  -55.577  26.203  27.187 0.6999999881
93136  -48.611  26.138  24.076 0.4000000060
93161  -48.534  26.546  21.925 0.5000000000
93164  -60.597  26.781  21.322 0.8999999762
93174  -58.272  26.439  19.862 0.8999999762
93178  -61.863  26.861  20.361 0.8999999762
93187  -52.789  26.004  19.021 0.8000000119
93194  -61.887  26.813  19.699 0.8000000119
93206  -57.703  26.808  18.431 0.8999999762
93209  -61.646  27.324  19.221 0.8999999762
93227  -54.861  26.982  16.859 1.0000000000
93241  -61.691  26.276  14.254 0.6999999881
93248  -57.998  26.302  12.660 0.6000000238
93250  -61.181  27.084  12.955 0.6999999881
93260  -60.131  27.041  12.416 0.6999999881
93261  -60.781  26.854  12.664 0.6999999881
93267  -53.881  26.486  11.142 0.5000000000
93829  -55.542  27.317  30.275 0.3000000119
93830  -56.767  27.182  30.089 0.3000000119
93839  -52.854  27.404  29.280 0.2000000030
93841  -54.559  27.560  29.233 0.3000000119
93849  -51.896  27.717  28.245 0.2000000030
93851  -54.380  27.542  28.609 0.3000000119
93853  -56.535  27.116  28.749 0.5000000000
93865  -49.488  27.901  26.405 0.2000000030
93871  -49.203  27.383  25.736 0.3000000119
93874  -48.693  26.982  24.425 0.4000000060
93902  -48.422  27.457  20.852 0.5000000000
93905  -61.370  27.310  20.088 0.8999999762
93912  -49.328  27.374  19.547 0.6999999881
93914  -59.716  27.501  19.011 0.8999999762
93917  -61.687  27.209  19.786 0.8999999762
93928  -60.554  27.842  18.536 1.0000000000
93939  -53.421  27.060  17.019 0.8999999762
93941  -55.429  27.110  16.711 0.8999999762
93956  -57.480  27.575  16.245 1.0000000000
93959  -60.456  28.042  16.911 1.0000000000
93975  -61.273  27.585  15.300 0.6999999881
93991  -60.962  27.839  13.191 0.6999999881
94013  -59.184  28.370  11.762 0.8000000119
94038  -51.746  26.945  7.564 0.6000000238
94040  -54.562  28.309  8.443 0.6999999881
94044  -51.704  27.762  7.136 0.6000000238
94507  -49.833  28.159  26.981 0.1000000015
94522  -49.070  28.272  23.684 0.3000000119
94551  -48.171  28.548  19.713 0.6000000238
94566  -50.974  28.045  16.993 0.6999999881
94573  -50.475  28.481  16.525 0.6999999881
94585  -53.322  28.211  14.904 1.0000000000
94587  -54.818  28.084  14.910 1.0000000000
94617  -58.014  28.841  13.096 0.8999999762
94619  -59.916  28.460  13.237 0.8000000119
94626  -55.795  29.135  12.500 1.0000000000
94647  -57.182  29.110  9.860 0.6999999881
94666  -55.524  29.377  8.699 0.8000000119
94672  -51.528  28.773  6.556 0.6000000238
95170  -50.037  29.566  23.559 0.2000000030
95185  -49.778  29.232  22.836 0.3000000119
95208  -48.032  29.142  19.245 0.6000000238
95229  -43.172  29.492  15.319 0.2000000030
95258  -52.455  29.487  11.890 0.8999999762
95261  -56.628  29.450  11.531 0.8000000119
95263  -58.336  29.033  11.459 0.8000000119
95293  -56.908  29.467  9.983 0.8000000119
95304  -54.655  30.122  9.284 0.8000000119
95306  -55.941  29.440  9.120 0.8000000119
95315  -55.421  29.703  8.776 0.8000000119
95322  -53.626  30.215  7.021 0.6999999881
95328  -51.439  30.540  5.843 0.6999999881
95329  -52.252  30.654  6.135 0.6999999881
95771  -47.251  30.551  31.495 0.1000000015
95820  -49.902  29.769  22.434 0.3000000119
95844  -47.884  30.900  20.006 0.4000000060
95852  -47.649  30.914  17.608 0.5000000000
95859  -47.871  30.778  16.217 0.6000000238
95860  -47.924  30.371  16.937 0.6000000238
95884  -49.568  30.296  12.674 0.8000000119
95917  -55.109  30.046  8.649 0.8000000119
95924  -48.551  31.720  7.717 0.5000000000
95926  -50.721  31.626  7.308 0.6999999881
95929  -53.786  30.544  7.715 0.8000000119
95930  -54.513  30.227  8.065 0.8000000119
95936  -51.480  31.474  6.328 0.6999999881
95937  -52.370  31.140  6.588 0.6999999881
95938  -53.338  30.716  7.118 0.6999999881
95946  -51.002  31.137  5.779 0.6999999881
96368  -52.739  31.556  35.921 0.1000000015
96374  -52.021  31.343  35.287 0.1000000015
96375  -52.908  31.532  34.969 0.1000000015
96383  -50.565  30.834  34.629 0.1000000015
96384  -51.432  31.127  34.598 0.1000000015
96402  -51.955  31.533  33.696 0.1000000015
96408  -49.475  31.000  31.528 0.1000000015
96415  -49.312  31.266  30.555 0.1000000015
96445  -49.577  31.673  24.844 0.1000000015
96455  -53.554  31.039  23.141 0.1000000015
96464  -53.787  31.063  22.896 0.1000000015
96475  -52.141  30.928  21.817 0.1000000015
96486  -50.550  31.637  21.093 0.3000000119
96504  -47.711  31.474  18.798 0.5000000000
96576  -49.776  31.622  6.840 0.6000000238
96577  -50.309  31.567  6.397 0.6999999881
96578  -50.838  31.651  6.533 0.6999999881
96585  -50.924  31.502  6.054 0.6999999881
97011  -51.640  31.731  36.076 0.1000000015
97012  -52.445  31.845  36.343 0.1000000015
97020  -51.044  31.439  35.576 0.1000000015
97046  -52.547  31.943  32.931 0.1000000015
97047  -53.573  32.041  33.060 0.1000000015
97061  -50.783  31.808  31.350 0.1000000015
97068  -51.351  32.435  30.876 0.1000000015
97081  -50.022  32.486  28.956 0.1000000015
97098  -50.085  32.748  25.188 0.1000000015
97100  -60.331  32.837  25.067 0.1000000015
97105  -51.621  32.443  24.384 0.1000000015
97107  -53.371  32.363  23.988 0.1000000015
97108  -54.157  32.373  23.887 0.1000000015
97110  -56.357  32.689  24.256 0.1000000015
97111  -57.325  32.638  24.247 0.1000000015
97112  -59.252  32.645  24.809 0.1000000015
97113  -59.979  32.572  24.538 0.1000000015
97114  -60.302  32.796  24.205 0.1000000015
97121  -52.998  31.432  23.538 0.1000000015
97123  -55.780  32.070  23.339 0.1000000015
97128  -60.341  32.833  23.321 0.1000000015
97134  -55.927  32.055  22.723 0.1000000015
97135  -57.059  32.367  22.586 0.1000000015
97138  -60.168  32.729  22.579 0.1000000015
97139  -60.475  33.044  22.547 0.1000000015
97143  -53.236  31.740  21.436 0.1000000015
97144  -54.021  31.761  21.682 0.1000000015
97145  -54.857  32.115  21.672 0.1000000015
97148  -58.145  32.579  22.008 0.1000000015
97149  -59.313  32.644  21.904 0.1000000015
97151  -60.338  32.900  21.969 0.1000000015
97157  -50.981  32.226  20.535 0.3000000119
97173  -50.571  32.806  19.764 0.4000000060
97185  -48.298  32.556  18.586 0.5000000000
97210  -47.789  32.607  14.358 0.6000000238
97757  -53.331  32.973  31.493 0.1000000015
97758  -54.463  33.091  31.667 0.1000000015
97764  -51.860  33.026  30.425 0.1000000015
97765  -52.733  33.270  30.656 0.1000000015
97774  -50.715  32.856  29.313 0.1000000015
97775  -51.363  33.316  29.269 0.1000000015
97776  -53.125  33.704  30.099 0.1000000015
97788  -51.279  33.514  28.468 0.1000000015
97792  -60.168  32.945  28.896 0.1000000015
97799  -51.574  33.810  27.825 0.1000000015
97803  -60.268  32.932  27.998 0.1000000015
97804  -60.406  33.203  27.241 0.1000000015
97811  -51.304  33.738  26.181 0.1000000015
97813  -55.884  34.076  26.514 0.1000000015
97816  -60.077  32.712  27.538 0.1000000015
97818  -60.464  33.308  26.325 0.1000000015
97820  -49.748  33.008  25.887 0.1000000015
97821  -50.704  33.270  25.448 0.1000000015
97827  -56.587  33.570  25.782 0.1000000015
97828  -57.980  33.194  25.992 0.1000000015
97829  -60.337  32.830  25.988 0.1000000015
97833  -51.315  33.068  24.878 0.1000000015
97835  -52.943  33.049  24.641 0.1000000015
97837  -54.637  32.909  24.405 0.1000000015
97839  -57.046  33.137  24.985 0.1000000015
97842  -60.528  33.097  23.966 0.1000000015
97857  -59.932  32.766  21.317 0.1000000015
97858  -60.214  33.047  21.267 0.1000000015
97864  -57.537  33.100  20.414 0.1000000015
97875  -54.875  33.253  19.545 0.1000000015
97878  -58.344  33.338  19.696 0.1000000015
97880  -60.089  33.931  18.957 0.1000000015
97893  -56.413  33.563  18.785 0.1000000015
97894  -57.585  33.556  18.631 0.1000000015
97895  -58.734  33.501  18.926 0.1000000015
97904  -50.017  33.955  17.799 0.4000000060
97919  -48.236  33.913  16.031 0.5000000000
97928  -48.070  34.110  15.190 0.5000000000
98492  -53.519  34.309  28.922 0.1000000015
98493  -54.292  34.344  29.089 0.1000000015
98494  -54.933  34.181  29.556 0.1000000015
98502  -53.177  34.356  28.225 0.1000000015
98509  -60.118  33.699  28.474 0.1000000015
98514  -51.965  34.026  26.996 0.1000000015
98516  -54.089  34.459  27.222 0.1000000015
98525  -52.739  34.224  26.737 0.1000000015
98526  -53.506  34.306  26.612 0.1000000015
98528  -60.243  33.988  26.988 0.1000000015
98533  -53.032  34.044  25.964 0.1000000015
98535  -54.843  34.045  25.872 0.1000000015
98537  -60.320  33.887  25.375 0.1000000015
98540  -60.301  33.827  23.819 0.1000000015
98548  -59.706  34.445  23.043 0.1000000015
98549  -60.212  34.038  23.047 0.1000000015
98562  -60.282  33.731  21.267 0.1000000015
98590  -52.355  34.393  17.257 0.1000000015
98591  -53.306  34.259  17.174 0.1000000015
98595  -59.230  33.884  16.864 0.1000000015
98601  -49.102  34.499  16.278 0.4000000060
98603  -51.883  34.781  16.682 0.3000000119
98620  -55.713  34.555  15.387 0.1000000015
98621  -57.157  34.516  15.121 0.1000000015
98622  -58.570  34.455  15.256 0.1000000015
98631  -49.068  35.151  14.878 0.4000000060
98636  -58.998  34.798  14.663 0.1000000015
99174  -59.544  34.535  28.934 0.1000000015
99179  -59.854  34.548  27.617 0.1000000015
99191  -58.804  35.892  25.607 0.1000000015
99195  -59.369  34.887  24.414 0.1000000015
99248  -50.757  35.204  16.045 0.3000000119
99263  -54.067  34.990  14.877 0.1000000015
99275  -52.749  35.732  14.563 0.1000000015
99276  -53.569  35.501  14.334 0.1000000015
99277  -54.449  35.292  14.122 0.1000000015
99278  -55.486  35.143  13.892 0.1000000015
99290  -55.913  35.493  13.032 0.1000000015
99291  -57.806  35.330  12.886 0.1000000015
99302  -56.404  35.792  12.152 0.1000000015
99303  -57.473  35.732  12.095 0.1000000015
99888  -58.961  35.352  29.192 0.1000000015
99897  -58.824  36.042  28.389 0.1000000015
99994  -52.261  36.287  14.030 0.1000000015
100023  -56.885  36.178  11.444 0.1000000015
100036  -54.346  36.969  10.925 0.1000000015
100037  -55.264  36.783  10.893 0.1000000015
100038  -56.980  36.664  11.146 0.1000000015
100049  -55.565  37.316  10.548 0.1000000015
100730  -53.264  37.711  10.399 0.1000000015
100731  -54.011  37.522  10.452 0.1000000015
100733  -57.147  37.725  11.241 0.1000000015
100744  -54.486  37.831  10.302 0.1000000015
100746  -56.582  37.516  10.745 0.1000000015
101344  -56.306  38.458  10.942 0.1000000015
101351  -52.189  38.980  10.168 0.1000000015
101352  -52.787  38.782  10.074 0.1000000015
101353  -53.595  38.409  10.172 0.1000000015
101354  -54.567  38.279  10.302 0.1000000015
101940  -53.087  39.158  10.375 0.1000000015
101948  -52.701  39.010  10.092 0.1000000015
101951  -54.702  38.661  10.608 0.1000000015
121212  -58.446  25.500  22.205 0.6999999881
121736  -58.765  32.514  23.291 0.1000000015
121946  -55.638  16.382  24.865 0.2000000030
122006  -57.712  26.653  33.967 0.1000000015
122199  -60.893  25.817  27.219 0.6000000238
122258  -48.519  28.691  18.830 0.6000000238
122376  -47.640  31.412  18.119 0.5000000000
122616  -51.254  29.679  6.039 0.6000000238
122647  -49.597  29.617  14.783 0.8000000119
122782  -57.693  24.169  32.033 0.6999999881
122811  -58.735  32.552  22.515 0.1000000015
122830  -36.321  14.883  42.354 0.1000000015
123456  -55.383  26.763  31.604 0.2000000030
123627  -59.494  32.834  29.000 0.1000000015
124340  -51.030  34.808  16.669 0.3000000119
124564  -55.589  34.386  27.371 0.1000000015
124618  -51.257  22.424  32.043 0.6000000238
124894  -59.390  32.830  26.819 0.1000000015
125497  -61.089  25.992  23.256 0.6999999881
125652  -50.619  27.113  26.510 0.3000000119
125909  -53.827  28.404  14.425 1.0000000000
126443  -50.866  25.733  25.760 0.4000000060
126518  -59.398  35.331  26.040 0.1000000015
126697  -52.307  33.741  18.388 0.3000000119
126848  -52.264  26.984  29.561 0.1000000015
126978  -48.605  24.733  13.768 0.1000000015
127302  -56.098  37.938  10.562 0.1000000015
127365  -53.958  31.281  22.405 0.1000000015
127743  -53.461  26.674  30.634 0.2000000030
127799  -58.514  28.961  12.252 0.8000000119
128091  -52.272  24.528  23.170 0.6999999881
128341  -55.143  33.412  25.042 0.1000000015
128626  -51.972  30.210  22.870 0.3000000119
128913  -59.829  34.386  23.760 0.1000000015
129056  -56.889  9.731  43.279 0.1000000015
129257  -50.377  27.989  8.196 0.6000000238
129649  -54.862  26.808  27.628 0.3000000119
130696  -59.159  15.246  14.085 0.2000000030
130935  -52.174  32.202  32.191 0.1000000015
131499  -56.543  25.893  19.444 0.8000000119
131643  -48.498  32.034  7.920 0.6000000238
131748  -59.096  25.759  26.893 0.6000000238
131763  -55.068  27.534  28.847 0.3000000119
132072  -53.823  25.122  20.931 0.6999999881
132459  -56.116  27.404  29.961 0.3000000119
132961  -62.086  26.240  20.866 0.8999999762
133050  -54.537  18.743  20.512 0.3000000119
133289  -60.500  32.961  24.665 0.1000000015
134783  -61.367  25.369  27.019 0.6999999881
135308  -55.695  26.631  34.448 0.2000000030
136057  -51.895  30.446  22.363 0.1000000015
136786  -58.963  26.822  35.773 0.1000000015
136921  -54.221  34.304  26.446 0.1000000015
136933  -56.143  29.586  9.514 0.8000000119
137312  -55.983  32.150  33.374 0.1000000015
137544  -60.432  33.485  24.618 0.1000000015
137664  -56.510  16.163  14.489 0.1000000015
137838  -53.666  24.853  21.553 0.6999999881
138445  -57.330  12.533  22.408 0.1000000015
138550  -59.573  15.292  37.097 0.1000000015
138803  -48.566  39.298  15.543 0.1000000015
139089  -59.714  10.899  36.953 0.1000000015
139168  -42.492  15.818  36.426 0.1000000015
139217  -54.637  32.917  20.143 0.1000000015
139260  -60.925  25.398  30.483 0.6999999881
139571  -47.673  38.956  16.218 0.1000000015
139575  -55.966  27.136  28.364 0.4000000060
139764  -40.333  16.618  49.763 0.1000000015
140277  -50.888  26.473  7.856 0.5000000000
140867  -56.248  36.662  10.882 0.1000000015
140950  -39.281  14.921  41.575 0.1000000015
141004  -49.094  25.670  25.061 0.4000000060
141259  -56.222  32.349  23.654 0.1000000015
141699  -55.225  26.403  33.053 0.1000000015
141841  -62.419  15.657  22.458 0.2000000030
142348  -56.355  24.590  22.902 0.6000000238
142470  -48.399  27.166  21.503 0.5000000000
142635  -50.396  30.078  11.329 0.6999999881
142656  -56.669  26.674  34.197 0.1000000015
142848  -57.149  22.095  19.604 0.8000000119
143019  -56.046  37.525  10.533 0.1000000015
143171  -59.878  13.287  37.734 0.1000000015
143430  -53.670  27.279  16.502 1.0000000000
143679  -52.806  34.209  28.642 0.1000000015
143978  -52.589  34.243  27.274 0.1000000015
144313  -53.884  39.012  10.599 0.1000000015
144477  -57.119  26.349  27.802 0.6999999881
144834  -53.208  25.830  33.003 0.1000000015
145045  -60.412  33.675  22.548 0.1000000015
145134  -51.580  10.217  36.263 0.1000000015
145189  -62.173  25.957  22.301 0.8000000119
145277  -51.632  33.186  29.859 0.1000000015
145803  -54.237  31.687  34.150 0.1000000015
145830  -59.422  26.585  33.378 0.3000000119
145951  -54.350  31.890  23.518 0.1000000015
145977  -53.555  31.589  34.612 0.1000000015
146082  -50.886  29.787  11.329 0.6999999881
146138  -51.450  28.684  14.790 0.8000000119
