
Fri Mar 13 04:04:23 CET 2026
cd /out/sourcedata/freesurfer/sub-v2s4x29595_ses-1
setenv SUBJECTS_DIR /out/sourcedata/freesurfer
/opt/freesurfer/bin/recon-all -autorecon1 -i /work/fmriprep_25_2_wf/sub_v2s4x29595_ses_1_wf/anat_fit_wf/anat_validate/sub-v2s4x29595_ses-1_run-1_T1w_noise_corrected_ras_valid.nii.gz -noskullstrip -noT2pial -noFLAIRpial -openmp 16 -subjid sub-v2s4x29595_ses-1 -sd /out/sourcedata/freesurfer

subjid sub-v2s4x29595_ses-1
setenv SUBJECTS_DIR /out/sourcedata/freesurfer
FREESURFER_HOME /opt/freesurfer
Actual FREESURFER_HOME /opt/freesurfer
build-stamp.txt: freesurfer-linux-ubuntu22_x86_64-7.3.2-20220804-6354275
Linux dna020 5.14.0-427.37.1.el9_4.x86_64 #1 SMP PREEMPT_DYNAMIC Fri Sep 13 12:41:50 EDT 2024 x86_64 x86_64 x86_64 GNU/Linux
cputime      unlimited
filesize     unlimited
datasize     unlimited
stacksize    8192 kbytes
coredumpsize 0 kbytes
memoryuse    67108864 kbytes
vmemoryuse   unlimited
descriptors  1024 
memorylocked unlimited
maxproc      2061970 
maxlocks     unlimited
maxsignal    2061970 
maxmessage   819200 
maxnice      0 
maxrtprio    0 
maxrttime    unlimited

               total        used        free      shared  buff/cache   available
Mem:           503Gi        52Gi       314Gi        36Gi       136Gi       410Gi
Swap:             0B          0B          0B

########################################
program versions used
7.3.2 (freesurfer-linux-ubuntu22_x86_64-7.3.2-20220804-6354275)
7.3.2

ProgramName: lta_convert  ProgramArguments: lta_convert -all-info  ProgramVersion: 7.3.2  TimeStamp: 2026/03/13-03:04:23-GMT  BuildTime: Aug  4 2022 06:17:15  BuildStamp: freesurfer-linux-ubuntu22_x86_64-7.3.2-20220804-6354275  User: oesteban  Machine: dna020  Platform: Linux  PlatformVersion: 5.14.0-427.37.1.el9_4.x86_64  CompilerName: GCC  CompilerVersion: 8.4.0
ProgramName: mri_and  ProgramArguments: mri_and -all-info  ProgramVersion: 7.3.2  TimeStamp: 2026/03/13-03:04:23-GMT  BuildTime: Aug  4 2022 06:17:15  BuildStamp: freesurfer-linux-ubuntu22_x86_64-7.3.2-20220804-6354275  User: oesteban  Machine: dna020  Platform: Linux  PlatformVersion: 5.14.0-427.37.1.el9_4.x86_64  CompilerName: GCC  CompilerVersion: 8.4.0
ProgramName: mri_annotation2label  ProgramArguments: mri_annotation2label -all-info  ProgramVersion: 7.3.2  TimeStamp: 2026/03/13-03:04:23-GMT  BuildTime: Aug  4 2022 06:17:15  BuildStamp: freesurfer-linux-ubuntu22_x86_64-7.3.2-20220804-6354275  User: oesteban  Machine: dna020  Platform: Linux  PlatformVersion: 5.14.0-427.37.1.el9_4.x86_64  CompilerName: GCC  CompilerVersion: 8.4.0
ProgramName: mri_aparc2aseg  ProgramArguments: mri_aparc2aseg -all-info  ProgramVersion: 7.3.2  TimeStamp: 2026/03/13-03:04:23-GMT  BuildTime: Aug  4 2022 06:17:15  BuildStamp: freesurfer-linux-ubuntu22_x86_64-7.3.2-20220804-6354275  User: oesteban  Machine: dna020  Platform: Linux  PlatformVersion: 5.14.0-427.37.1.el9_4.x86_64  CompilerName: GCC  CompilerVersion: 8.4.0
ProgramName: mri_surf2volseg  ProgramArguments: mri_surf2volseg -all-info  ProgramVersion: 7.3.2  TimeStamp: 2026/03/13-03:04:23-GMT  BuildTime: Aug  4 2022 06:17:15  BuildStamp: freesurfer-linux-ubuntu22_x86_64-7.3.2-20220804-6354275  User: oesteban  Machine: dna020  Platform: Linux  PlatformVersion: 5.14.0-427.37.1.el9_4.x86_64  CompilerName: GCC  CompilerVersion: 8.4.0
ProgramName: mri_binarize  ProgramArguments: mri_binarize -all-info  ProgramVersion: 7.3.2  TimeStamp: 2026/03/13-03:04:23-GMT  BuildTime: Aug  4 2022 06:17:15  BuildStamp: freesurfer-linux-ubuntu22_x86_64-7.3.2-20220804-6354275  User: oesteban  Machine: dna020  Platform: Linux  PlatformVersion: 5.14.0-427.37.1.el9_4.x86_64  CompilerName: GCC  CompilerVersion: 8.4.0
ProgramName: mri_ca_label  ProgramArguments: mri_ca_label -all-info  ProgramVersion: 7.3.2  TimeStamp: 2026/03/13-03:04:23-GMT  BuildTime: Aug  4 2022 06:17:15  BuildStamp: freesurfer-linux-ubuntu22_x86_64-7.3.2-20220804-6354275  User: oesteban  Machine: dna020  Platform: Linux  PlatformVersion: 5.14.0-427.37.1.el9_4.x86_64  CompilerName: GCC  CompilerVersion: 8.4.0
ProgramName: mri_ca_normalize  ProgramArguments: mri_ca_normalize -all-info  ProgramVersion: 7.3.2  TimeStamp: 2026/03/13-03:04:23-GMT  BuildTime: Aug  4 2022 06:17:15  BuildStamp: freesurfer-linux-ubuntu22_x86_64-7.3.2-20220804-6354275  User: oesteban  Machine: dna020  Platform: Linux  PlatformVersion: 5.14.0-427.37.1.el9_4.x86_64  CompilerName: GCC  CompilerVersion: 8.4.0
ProgramName: mri_ca_register  ProgramArguments: mri_ca_register -all-info  ProgramVersion: 7.3.2  TimeStamp: 2026/03/13-03:04:23-GMT  BuildTime: Aug  4 2022 06:17:15  BuildStamp: freesurfer-linux-ubuntu22_x86_64-7.3.2-20220804-6354275  User: oesteban  Machine: dna020  Platform: Linux  PlatformVersion: 5.14.0-427.37.1.el9_4.x86_64  CompilerName: GCC  CompilerVersion: 8.4.0
ProgramName: mri_cc  ProgramArguments: mri_cc -all-info  ProgramVersion: 7.3.2  TimeStamp: 2026/03/13-03:04:23-GMT  BuildTime: Aug  4 2022 06:17:15  BuildStamp: freesurfer-linux-ubuntu22_x86_64-7.3.2-20220804-6354275  User: oesteban  Machine: dna020  Platform: Linux  PlatformVersion: 5.14.0-427.37.1.el9_4.x86_64  CompilerName: GCC  CompilerVersion: 8.4.0
ProgramName: mri_compute_overlap  ProgramArguments: mri_compute_overlap -all-info  ProgramVersion: 7.3.2  TimeStamp: 2026/03/13-03:04:23-GMT  BuildTime: Aug  4 2022 06:17:15  BuildStamp: freesurfer-linux-ubuntu22_x86_64-7.3.2-20220804-6354275  User: oesteban  Machine: dna020  Platform: Linux  PlatformVersion: 5.14.0-427.37.1.el9_4.x86_64  CompilerName: GCC  CompilerVersion: 8.4.0
ProgramName: mri_compute_seg_overlap  ProgramArguments: mri_compute_seg_overlap -all-info  ProgramVersion: 7.3.2  TimeStamp: 2026/03/13-03:04:23-GMT  BuildTime: Aug  4 2022 06:17:15  BuildStamp: freesurfer-linux-ubuntu22_x86_64-7.3.2-20220804-6354275  User: oesteban  Machine: dna020  Platform: Linux  PlatformVersion: 5.14.0-427.37.1.el9_4.x86_64  CompilerName: GCC  CompilerVersion: 8.4.0
ProgramName: mri_concat  ProgramArguments: mri_concat -all-info  ProgramVersion: 7.3.2  TimeStamp: 2026/03/13-03:04:23-GMT  BuildTime: Aug  4 2022 06:17:15  BuildStamp: freesurfer-linux-ubuntu22_x86_64-7.3.2-20220804-6354275  User: oesteban  Machine: dna020  Platform: Linux  PlatformVersion: 5.14.0-427.37.1.el9_4.x86_64  CompilerName: GCC  CompilerVersion: 8.4.0
ProgramName: mri_concatenate_lta  ProgramArguments: mri_concatenate_lta -all-info  ProgramVersion: 7.3.2  TimeStamp: 2026/03/13-03:04:23-GMT  BuildTime: Aug  4 2022 06:17:15  BuildStamp: freesurfer-linux-ubuntu22_x86_64-7.3.2-20220804-6354275  User: oesteban  Machine: dna020  Platform: Linux  PlatformVersion: 5.14.0-427.37.1.el9_4.x86_64  CompilerName: GCC  CompilerVersion: 8.4.0
mri_convert -all-info 
ProgramName: mri_convert  ProgramArguments: mri_convert -all-info  ProgramVersion: 7.3.2  TimeStamp: 2026/03/13-03:04:23-GMT  BuildTime: Aug  4 2022 06:17:15  BuildStamp: freesurfer-linux-ubuntu22_x86_64-7.3.2-20220804-6354275  User: oesteban  Machine: dna020  Platform: Linux  PlatformVersion: 5.14.0-427.37.1.el9_4.x86_64  CompilerName: GCC  CompilerVersion: 8.4.0
ProgramName: mri_diff  ProgramArguments: mri_diff -all-info  ProgramVersion: 7.3.2  TimeStamp: 2026/03/13-03:04:23-GMT  BuildTime: Aug  4 2022 06:17:15  BuildStamp: freesurfer-linux-ubuntu22_x86_64-7.3.2-20220804-6354275  User: oesteban  Machine: dna020  Platform: Linux  PlatformVersion: 5.14.0-427.37.1.el9_4.x86_64  CompilerName: GCC  CompilerVersion: 8.4.0
ProgramName: mri_edit_wm_with_aseg  ProgramArguments: mri_edit_wm_with_aseg -all-info  ProgramVersion: 7.3.2  TimeStamp: 2026/03/13-03:04:23-GMT  BuildTime: Aug  4 2022 06:17:15  BuildStamp: freesurfer-linux-ubuntu22_x86_64-7.3.2-20220804-6354275  User: oesteban  Machine: dna020  Platform: Linux  PlatformVersion: 5.14.0-427.37.1.el9_4.x86_64  CompilerName: GCC  CompilerVersion: 8.4.0
ProgramName: mri_em_register  ProgramArguments: mri_em_register -all-info  ProgramVersion: 7.3.2  TimeStamp: 2026/03/13-03:04:23-GMT  BuildTime: Aug  4 2022 06:17:15  BuildStamp: freesurfer-linux-ubuntu22_x86_64-7.3.2-20220804-6354275  User: oesteban  Machine: dna020  Platform: Linux  PlatformVersion: 5.14.0-427.37.1.el9_4.x86_64  CompilerName: GCC  CompilerVersion: 8.4.0
ProgramName: mri_fill  ProgramArguments: mri_fill -all-info  ProgramVersion: 7.3.2  TimeStamp: 2026/03/13-03:04:23-GMT  BuildTime: Aug  4 2022 06:17:15  BuildStamp: freesurfer-linux-ubuntu22_x86_64-7.3.2-20220804-6354275  User: oesteban  Machine: dna020  Platform: Linux  PlatformVersion: 5.14.0-427.37.1.el9_4.x86_64  CompilerName: GCC  CompilerVersion: 8.4.0
ProgramName: mri_fuse_segmentations  ProgramArguments: mri_fuse_segmentations -all-info  ProgramVersion: 7.3.2  TimeStamp: 2026/03/13-03:04:23-GMT  BuildTime: Aug  4 2022 06:17:15  BuildStamp: freesurfer-linux-ubuntu22_x86_64-7.3.2-20220804-6354275  User: oesteban  Machine: dna020  Platform: Linux  PlatformVersion: 5.14.0-427.37.1.el9_4.x86_64  CompilerName: GCC  CompilerVersion: 8.4.0
ProgramName: mri_fwhm  ProgramArguments: mri_fwhm -all-info  ProgramVersion: 7.3.2  TimeStamp: 2026/03/13-03:04:23-GMT  BuildTime: Aug  4 2022 06:17:15  BuildStamp: freesurfer-linux-ubuntu22_x86_64-7.3.2-20220804-6354275  User: oesteban  Machine: dna020  Platform: Linux  PlatformVersion: 5.14.0-427.37.1.el9_4.x86_64  CompilerName: GCC  CompilerVersion: 8.4.0
ProgramName: mri_gcut  ProgramArguments: mri_gcut -all-info  ProgramVersion: 7.3.2  TimeStamp: 2026/03/13-03:04:23-GMT  BuildTime: Aug  4 2022 06:17:15  BuildStamp: freesurfer-linux-ubuntu22_x86_64-7.3.2-20220804-6354275  User: oesteban  Machine: dna020  Platform: Linux  PlatformVersion: 5.14.0-427.37.1.el9_4.x86_64  CompilerName: GCC  CompilerVersion: 8.4.0
ProgramName: mri_info  ProgramArguments: mri_info -all-info  ProgramVersion: 7.3.2  TimeStamp: 2026/03/13-03:04:23-GMT  BuildTime: Aug  4 2022 06:17:15  BuildStamp: freesurfer-linux-ubuntu22_x86_64-7.3.2-20220804-6354275  User: oesteban  Machine: dna020  Platform: Linux  PlatformVersion: 5.14.0-427.37.1.el9_4.x86_64  CompilerName: GCC  CompilerVersion: 8.4.0
ProgramName: mri_label2label  ProgramArguments: mri_label2label -all-info  ProgramVersion: 7.3.2  TimeStamp: 2026/03/13-03:04:23-GMT  BuildTime: Aug  4 2022 06:17:15  BuildStamp: freesurfer-linux-ubuntu22_x86_64-7.3.2-20220804-6354275  User: oesteban  Machine: dna020  Platform: Linux  PlatformVersion: 5.14.0-427.37.1.el9_4.x86_64  CompilerName: GCC  CompilerVersion: 8.4.0
ProgramName: mri_label2vol  ProgramArguments: mri_label2vol -all-info  ProgramVersion: 7.3.2  TimeStamp: 2026/03/13-03:04:23-GMT  BuildTime: Aug  4 2022 06:17:15  BuildStamp: freesurfer-linux-ubuntu22_x86_64-7.3.2-20220804-6354275  User: oesteban  Machine: dna020  Platform: Linux  PlatformVersion: 5.14.0-427.37.1.el9_4.x86_64  CompilerName: GCC  CompilerVersion: 8.4.0
ProgramName: mri_log_likelihood  ProgramArguments: mri_log_likelihood -all-info  ProgramVersion: 7.3.2  TimeStamp: 2026/03/13-03:04:23-GMT  BuildTime: Aug  4 2022 06:17:15  BuildStamp: freesurfer-linux-ubuntu22_x86_64-7.3.2-20220804-6354275  User: oesteban  Machine: dna020  Platform: Linux  PlatformVersion: 5.14.0-427.37.1.el9_4.x86_64  CompilerName: GCC  CompilerVersion: 8.4.0
ProgramName: mri_mask  ProgramArguments: mri_mask -all-info  ProgramVersion: 7.3.2  TimeStamp: 2026/03/13-03:04:23-GMT  BuildTime: Aug  4 2022 06:17:15  BuildStamp: freesurfer-linux-ubuntu22_x86_64-7.3.2-20220804-6354275  User: oesteban  Machine: dna020  Platform: Linux  PlatformVersion: 5.14.0-427.37.1.el9_4.x86_64  CompilerName: GCC  CompilerVersion: 8.4.0
ProgramName: mri_matrix_multiply  ProgramArguments: mri_matrix_multiply -all-info  ProgramVersion: 7.3.2  TimeStamp: 2026/03/13-03:04:23-GMT  BuildTime: Aug  4 2022 06:17:15  BuildStamp: freesurfer-linux-ubuntu22_x86_64-7.3.2-20220804-6354275  User: oesteban  Machine: dna020  Platform: Linux  PlatformVersion: 5.14.0-427.37.1.el9_4.x86_64  CompilerName: GCC  CompilerVersion: 8.4.0
ProgramName: mri_normalize  ProgramArguments: mri_normalize -all-info  ProgramVersion: 7.3.2  TimeStamp: 2026/03/13-03:04:23-GMT  BuildTime: Aug  4 2022 06:17:15  BuildStamp: freesurfer-linux-ubuntu22_x86_64-7.3.2-20220804-6354275  User: oesteban  Machine: dna020  Platform: Linux  PlatformVersion: 5.14.0-427.37.1.el9_4.x86_64  CompilerName: GCC  CompilerVersion: 8.4.0
ProgramName: mri_normalize_tp2  ProgramArguments: mri_normalize_tp2 -all-info  ProgramVersion: 7.3.2  TimeStamp: 2026/03/13-03:04:23-GMT  BuildTime: Aug  4 2022 06:17:15  BuildStamp: freesurfer-linux-ubuntu22_x86_64-7.3.2-20220804-6354275  User: oesteban  Machine: dna020  Platform: Linux  PlatformVersion: 5.14.0-427.37.1.el9_4.x86_64  CompilerName: GCC  CompilerVersion: 8.4.0
ProgramName: mri_or  ProgramArguments: mri_or -all-info  ProgramVersion: 7.3.2  TimeStamp: 2026/03/13-03:04:23-GMT  BuildTime: Aug  4 2022 06:17:15  BuildStamp: freesurfer-linux-ubuntu22_x86_64-7.3.2-20220804-6354275  User: oesteban  Machine: dna020  Platform: Linux  PlatformVersion: 5.14.0-427.37.1.el9_4.x86_64  CompilerName: GCC  CompilerVersion: 8.4.0
ProgramName: mri_relabel_hypointensities  ProgramArguments: mri_relabel_hypointensities -all-info  ProgramVersion: 7.3.2  TimeStamp: 2026/03/13-03:04:23-GMT  BuildTime: Aug  4 2022 06:17:15  BuildStamp: freesurfer-linux-ubuntu22_x86_64-7.3.2-20220804-6354275  User: oesteban  Machine: dna020  Platform: Linux  PlatformVersion: 5.14.0-427.37.1.el9_4.x86_64  CompilerName: GCC  CompilerVersion: 8.4.0
ProgramName: mri_relabel_nonwm_hypos  ProgramArguments: mri_relabel_nonwm_hypos -all-info  ProgramVersion: 7.3.2  TimeStamp: 2026/03/13-03:04:23-GMT  BuildTime: Aug  4 2022 06:17:15  BuildStamp: freesurfer-linux-ubuntu22_x86_64-7.3.2-20220804-6354275  User: oesteban  Machine: dna020  Platform: Linux  PlatformVersion: 5.14.0-427.37.1.el9_4.x86_64  CompilerName: GCC  CompilerVersion: 8.4.0
ProgramName: mri_remove_neck  ProgramArguments: mri_remove_neck -all-info  ProgramVersion: 7.3.2  TimeStamp: 2026/03/13-03:04:23-GMT  BuildTime: Aug  4 2022 06:17:15  BuildStamp: freesurfer-linux-ubuntu22_x86_64-7.3.2-20220804-6354275  User: oesteban  Machine: dna020  Platform: Linux  PlatformVersion: 5.14.0-427.37.1.el9_4.x86_64  CompilerName: GCC  CompilerVersion: 8.4.0
7.3.2

ProgramName: mri_robust_register  ProgramArguments: mri_robust_register -all-info  ProgramVersion: 7.3.2  TimeStamp: 2026/03/13-03:04:23-GMT  BuildTime: Aug  4 2022 06:17:15  BuildStamp: freesurfer-linux-ubuntu22_x86_64-7.3.2-20220804-6354275  User: oesteban  Machine: dna020  Platform: Linux  PlatformVersion: 5.14.0-427.37.1.el9_4.x86_64  CompilerName: GCC  CompilerVersion: 8.4.0
7.3.2

ProgramName: mri_robust_template  ProgramArguments: mri_robust_template -all-info  ProgramVersion: 7.3.2  TimeStamp: 2026/03/13-03:04:23-GMT  BuildTime: Aug  4 2022 06:17:15  BuildStamp: freesurfer-linux-ubuntu22_x86_64-7.3.2-20220804-6354275  User: oesteban  Machine: dna020  Platform: Linux  PlatformVersion: 5.14.0-427.37.1.el9_4.x86_64  CompilerName: GCC  CompilerVersion: 8.4.0
ProgramName: mris_anatomical_stats  ProgramArguments: mris_anatomical_stats -all-info  ProgramVersion: 7.3.2  TimeStamp: 2026/03/13-03:04:23-GMT  BuildTime: Aug  4 2022 06:17:15  BuildStamp: freesurfer-linux-ubuntu22_x86_64-7.3.2-20220804-6354275  User: oesteban  Machine: dna020  Platform: Linux  PlatformVersion: 5.14.0-427.37.1.el9_4.x86_64  CompilerName: GCC  CompilerVersion: 8.4.0
ProgramName: mris_ca_label  ProgramArguments: mris_ca_label -all-info  ProgramVersion: 7.3.2  TimeStamp: 2026/03/13-03:04:23-GMT  BuildTime: Aug  4 2022 06:17:15  BuildStamp: freesurfer-linux-ubuntu22_x86_64-7.3.2-20220804-6354275  User: oesteban  Machine: dna020  Platform: Linux  PlatformVersion: 5.14.0-427.37.1.el9_4.x86_64  CompilerName: GCC  CompilerVersion: 8.4.0
ProgramName: mris_calc  ProgramArguments: mris_calc -all-info  ProgramVersion: 7.3.2  TimeStamp: 2026/03/13-03:04:23-GMT  BuildTime: Aug  4 2022 06:17:15  BuildStamp: freesurfer-linux-ubuntu22_x86_64-7.3.2-20220804-6354275  User: oesteban  Machine: dna020  Platform: Linux  PlatformVersion: 5.14.0-427.37.1.el9_4.x86_64  CompilerName: GCC  CompilerVersion: 8.4.0
ProgramName: mris_convert  ProgramArguments: mris_convert -all-info  ProgramVersion: 7.3.2  TimeStamp: 2026/03/13-03:04:23-GMT  BuildTime: Aug  4 2022 06:17:15  BuildStamp: freesurfer-linux-ubuntu22_x86_64-7.3.2-20220804-6354275  User: oesteban  Machine: dna020  Platform: Linux  PlatformVersion: 5.14.0-427.37.1.el9_4.x86_64  CompilerName: GCC  CompilerVersion: 8.4.0
ProgramName: mris_curvature  ProgramArguments: mris_curvature -all-info  ProgramVersion: 7.3.2  TimeStamp: 2026/03/13-03:04:23-GMT  BuildTime: Aug  4 2022 06:17:15  BuildStamp: freesurfer-linux-ubuntu22_x86_64-7.3.2-20220804-6354275  User: oesteban  Machine: dna020  Platform: Linux  PlatformVersion: 5.14.0-427.37.1.el9_4.x86_64  CompilerName: GCC  CompilerVersion: 8.4.0
ProgramName: mris_curvature_stats  ProgramArguments: mris_curvature_stats -all-info  ProgramVersion: 7.3.2  TimeStamp: 2026/03/13-03:04:23-GMT  BuildTime: Aug  4 2022 06:17:15  BuildStamp: freesurfer-linux-ubuntu22_x86_64-7.3.2-20220804-6354275  User: oesteban  Machine: dna020  Platform: Linux  PlatformVersion: 5.14.0-427.37.1.el9_4.x86_64  CompilerName: GCC  CompilerVersion: 8.4.0
ProgramName: mris_diff  ProgramArguments: mris_diff -all-info  ProgramVersion: 7.3.2  TimeStamp: 2026/03/13-03:04:23-GMT  BuildTime: Aug  4 2022 06:17:15  BuildStamp: freesurfer-linux-ubuntu22_x86_64-7.3.2-20220804-6354275  User: oesteban  Machine: dna020  Platform: Linux  PlatformVersion: 5.14.0-427.37.1.el9_4.x86_64  CompilerName: GCC  CompilerVersion: 8.4.0
ProgramName: mris_divide_parcellation  ProgramArguments: mris_divide_parcellation -all-info  ProgramVersion: 7.3.2  TimeStamp: 2026/03/13-03:04:23-GMT  BuildTime: Aug  4 2022 06:17:15  BuildStamp: freesurfer-linux-ubuntu22_x86_64-7.3.2-20220804-6354275  User: oesteban  Machine: dna020  Platform: Linux  PlatformVersion: 5.14.0-427.37.1.el9_4.x86_64  CompilerName: GCC  CompilerVersion: 8.4.0
ProgramName: mri_segment  ProgramArguments: mri_segment -all-info  ProgramVersion: 7.3.2  TimeStamp: 2026/03/13-03:04:23-GMT  BuildTime: Aug  4 2022 06:17:15  BuildStamp: freesurfer-linux-ubuntu22_x86_64-7.3.2-20220804-6354275  User: oesteban  Machine: dna020  Platform: Linux  PlatformVersion: 5.14.0-427.37.1.el9_4.x86_64  CompilerName: GCC  CompilerVersion: 8.4.0
ProgramName: mri_segstats  ProgramArguments: mri_segstats -all-info  ProgramVersion: 7.3.2  TimeStamp: 2026/03/13-03:04:23-GMT  BuildTime: Aug  4 2022 06:17:15  BuildStamp: freesurfer-linux-ubuntu22_x86_64-7.3.2-20220804-6354275  User: oesteban  Machine: dna020  Platform: Linux  PlatformVersion: 5.14.0-427.37.1.el9_4.x86_64  CompilerName: GCC  CompilerVersion: 8.4.0
ProgramName: mris_euler_number  ProgramArguments: mris_euler_number -all-info  ProgramVersion: 7.3.2  TimeStamp: 2026/03/13-03:04:23-GMT  BuildTime: Aug  4 2022 06:17:15  BuildStamp: freesurfer-linux-ubuntu22_x86_64-7.3.2-20220804-6354275  User: oesteban  Machine: dna020  Platform: Linux  PlatformVersion: 5.14.0-427.37.1.el9_4.x86_64  CompilerName: GCC  CompilerVersion: 8.4.0
ProgramName: mris_fix_topology  ProgramArguments: mris_fix_topology -all-info  ProgramVersion: 7.3.2  TimeStamp: 2026/03/13-03:04:23-GMT  BuildTime: Aug  4 2022 06:17:15  BuildStamp: freesurfer-linux-ubuntu22_x86_64-7.3.2-20220804-6354275  User: oesteban  Machine: dna020  Platform: Linux  PlatformVersion: 5.14.0-427.37.1.el9_4.x86_64  CompilerName: GCC  CompilerVersion: 8.4.0
ProgramName: mris_topo_fixer  ProgramArguments: mris_topo_fixer -all-info  ProgramVersion: 7.3.2  TimeStamp: 2026/03/13-03:04:23-GMT  BuildTime: Aug  4 2022 06:17:15  BuildStamp: freesurfer-linux-ubuntu22_x86_64-7.3.2-20220804-6354275  User: oesteban  Machine: dna020  Platform: Linux  PlatformVersion: 5.14.0-427.37.1.el9_4.x86_64  CompilerName: GCC  CompilerVersion: 8.4.0
ProgramName: mris_jacobian  ProgramArguments: mris_jacobian -all-info  ProgramVersion: 7.3.2  TimeStamp: 2026/03/13-03:04:23-GMT  BuildTime: Aug  4 2022 06:17:15  BuildStamp: freesurfer-linux-ubuntu22_x86_64-7.3.2-20220804-6354275  User: oesteban  Machine: dna020  Platform: Linux  PlatformVersion: 5.14.0-427.37.1.el9_4.x86_64  CompilerName: GCC  CompilerVersion: 8.4.0
ProgramName: mris_label2annot  ProgramArguments: mris_label2annot -all-info  ProgramVersion: 7.3.2  TimeStamp: 2026/03/13-03:04:23-GMT  BuildTime: Aug  4 2022 06:17:15  BuildStamp: freesurfer-linux-ubuntu22_x86_64-7.3.2-20220804-6354275  User: oesteban  Machine: dna020  Platform: Linux  PlatformVersion: 5.14.0-427.37.1.el9_4.x86_64  CompilerName: GCC  CompilerVersion: 8.4.0
ProgramName: mris_left_right_register  ProgramArguments: mris_left_right_register -all-info  ProgramVersion: 7.3.2  TimeStamp: 2026/03/13-03:04:23-GMT  BuildTime: Aug  4 2022 06:17:15  BuildStamp: freesurfer-linux-ubuntu22_x86_64-7.3.2-20220804-6354275  User: oesteban  Machine: dna020  Platform: Linux  PlatformVersion: 5.14.0-427.37.1.el9_4.x86_64  CompilerName: GCC  CompilerVersion: 8.4.0
ProgramName: mris_place_surface  ProgramArguments: mris_place_surface -all-info  ProgramVersion: 7.3.2  TimeStamp: 2026/03/13-03:04:23-GMT  BuildTime: Aug  4 2022 06:17:15  BuildStamp: freesurfer-linux-ubuntu22_x86_64-7.3.2-20220804-6354275  User: oesteban  Machine: dna020  Platform: Linux  PlatformVersion: 5.14.0-427.37.1.el9_4.x86_64  CompilerName: GCC  CompilerVersion: 8.4.0
ProgramName: mrisp_paint  ProgramArguments: mrisp_paint -all-info  ProgramVersion: 7.3.2  TimeStamp: 2026/03/13-03:04:23-GMT  BuildTime: Aug  4 2022 06:17:15  BuildStamp: freesurfer-linux-ubuntu22_x86_64-7.3.2-20220804-6354275  User: oesteban  Machine: dna020  Platform: Linux  PlatformVersion: 5.14.0-427.37.1.el9_4.x86_64  CompilerName: GCC  CompilerVersion: 8.4.0
ProgramName: mris_register  ProgramArguments: mris_register -all-info  ProgramVersion: 7.3.2  TimeStamp: 2026/03/13-03:04:23-GMT  BuildTime: Aug  4 2022 06:17:15  BuildStamp: freesurfer-linux-ubuntu22_x86_64-7.3.2-20220804-6354275  User: oesteban  Machine: dna020  Platform: Linux  PlatformVersion: 5.14.0-427.37.1.el9_4.x86_64  CompilerName: GCC  CompilerVersion: 8.4.0
ProgramName: mris_smooth  ProgramArguments: mris_smooth -all-info  ProgramVersion: 7.3.2  TimeStamp: 2026/03/13-03:04:23-GMT  BuildTime: Aug  4 2022 06:17:15  BuildStamp: freesurfer-linux-ubuntu22_x86_64-7.3.2-20220804-6354275  User: oesteban  Machine: dna020  Platform: Linux  PlatformVersion: 5.14.0-427.37.1.el9_4.x86_64  CompilerName: GCC  CompilerVersion: 8.4.0
ProgramName: mris_sphere  ProgramArguments: mris_sphere -all-info  ProgramVersion: 7.3.2  TimeStamp: 2026/03/13-03:04:23-GMT  BuildTime: Aug  4 2022 06:17:15  BuildStamp: freesurfer-linux-ubuntu22_x86_64-7.3.2-20220804-6354275  User: oesteban  Machine: dna020  Platform: Linux  PlatformVersion: 5.14.0-427.37.1.el9_4.x86_64  CompilerName: GCC  CompilerVersion: 8.4.0
ProgramName: mris_surface_stats  ProgramArguments: mris_surface_stats -all-info  ProgramVersion: 7.3.2  TimeStamp: 2026/03/13-03:04:23-GMT  BuildTime: Aug  4 2022 06:17:15  BuildStamp: freesurfer-linux-ubuntu22_x86_64-7.3.2-20220804-6354275  User: oesteban  Machine: dna020  Platform: Linux  PlatformVersion: 5.14.0-427.37.1.el9_4.x86_64  CompilerName: GCC  CompilerVersion: 8.4.0
ProgramName: mri_stats2seg  ProgramArguments: mri_stats2seg -all-info  ProgramVersion: 7.3.2  TimeStamp: 2026/03/13-03:04:23-GMT  BuildTime: Aug  4 2022 06:17:15  BuildStamp: freesurfer-linux-ubuntu22_x86_64-7.3.2-20220804-6354275  User: oesteban  Machine: dna020  Platform: Linux  PlatformVersion: 5.14.0-427.37.1.el9_4.x86_64  CompilerName: GCC  CompilerVersion: 8.4.0
ProgramName: mris_thickness  ProgramArguments: mris_thickness -all-info  ProgramVersion: 7.3.2  TimeStamp: 2026/03/13-03:04:23-GMT  BuildTime: Aug  4 2022 06:17:15  BuildStamp: freesurfer-linux-ubuntu22_x86_64-7.3.2-20220804-6354275  User: oesteban  Machine: dna020  Platform: Linux  PlatformVersion: 5.14.0-427.37.1.el9_4.x86_64  CompilerName: GCC  CompilerVersion: 8.4.0
ProgramName: mris_thickness_diff  ProgramArguments: mris_thickness_diff -all-info  ProgramVersion: 7.3.2  TimeStamp: 2026/03/13-03:04:23-GMT  BuildTime: Aug  4 2022 06:17:15  BuildStamp: freesurfer-linux-ubuntu22_x86_64-7.3.2-20220804-6354275  User: oesteban  Machine: dna020  Platform: Linux  PlatformVersion: 5.14.0-427.37.1.el9_4.x86_64  CompilerName: GCC  CompilerVersion: 8.4.0
ProgramName: mris_topo_fixer  ProgramArguments: mris_topo_fixer -all-info  ProgramVersion: 7.3.2  TimeStamp: 2026/03/13-03:04:23-GMT  BuildTime: Aug  4 2022 06:17:15  BuildStamp: freesurfer-linux-ubuntu22_x86_64-7.3.2-20220804-6354275  User: oesteban  Machine: dna020  Platform: Linux  PlatformVersion: 5.14.0-427.37.1.el9_4.x86_64  CompilerName: GCC  CompilerVersion: 8.4.0
ProgramName: mri_surf2surf  ProgramArguments: mri_surf2surf -all-info  ProgramVersion: 7.3.2  TimeStamp: 2026/03/13-03:04:23-GMT  BuildTime: Aug  4 2022 06:17:15  BuildStamp: freesurfer-linux-ubuntu22_x86_64-7.3.2-20220804-6354275  User: oesteban  Machine: dna020  Platform: Linux  PlatformVersion: 5.14.0-427.37.1.el9_4.x86_64  CompilerName: GCC  CompilerVersion: 8.4.0
ProgramName: mri_surf2vol  ProgramArguments: mri_surf2vol -all-info  ProgramVersion: 7.3.2  TimeStamp: 2026/03/13-03:04:23-GMT  BuildTime: Aug  4 2022 06:17:15  BuildStamp: freesurfer-linux-ubuntu22_x86_64-7.3.2-20220804-6354275  User: oesteban  Machine: dna020  Platform: Linux  PlatformVersion: 5.14.0-427.37.1.el9_4.x86_64  CompilerName: GCC  CompilerVersion: 8.4.0
ProgramName: mri_surfcluster  ProgramArguments: mri_surfcluster -all-info  ProgramVersion: 7.3.2  TimeStamp: 2026/03/13-03:04:23-GMT  BuildTime: Aug  4 2022 06:17:15  BuildStamp: freesurfer-linux-ubuntu22_x86_64-7.3.2-20220804-6354275  User: oesteban  Machine: dna020  Platform: Linux  PlatformVersion: 5.14.0-427.37.1.el9_4.x86_64  CompilerName: GCC  CompilerVersion: 8.4.0
ProgramName: mris_volmask  ProgramArguments: mris_volmask -all-info  ProgramVersion: 7.3.2  TimeStamp: 2026/03/13-03:04:23-GMT  BuildTime: Aug  4 2022 06:17:15  BuildStamp: freesurfer-linux-ubuntu22_x86_64-7.3.2-20220804-6354275  User: oesteban  Machine: dna020  Platform: Linux  PlatformVersion: 5.14.0-427.37.1.el9_4.x86_64  CompilerName: GCC  CompilerVersion: 8.4.0
ProgramName: mri_tessellate  ProgramArguments: mri_tessellate -all-info  ProgramVersion: 7.3.2  TimeStamp: 2026/03/13-03:04:23-GMT  BuildTime: Aug  4 2022 06:17:15  BuildStamp: freesurfer-linux-ubuntu22_x86_64-7.3.2-20220804-6354275  User: oesteban  Machine: dna020  Platform: Linux  PlatformVersion: 5.14.0-427.37.1.el9_4.x86_64  CompilerName: GCC  CompilerVersion: 8.4.0
ProgramName: mri_vol2surf  ProgramArguments: mri_vol2surf -all-info  ProgramVersion: 7.3.2  TimeStamp: 2026/03/13-03:04:23-GMT  BuildTime: Aug  4 2022 06:17:15  BuildStamp: freesurfer-linux-ubuntu22_x86_64-7.3.2-20220804-6354275  User: oesteban  Machine: dna020  Platform: Linux  PlatformVersion: 5.14.0-427.37.1.el9_4.x86_64  CompilerName: GCC  CompilerVersion: 8.4.0
ProgramName: mri_vol2vol  ProgramArguments: mri_vol2vol -all-info  ProgramVersion: 7.3.2  TimeStamp: 2026/03/13-03:04:23-GMT  BuildTime: Aug  4 2022 06:17:15  BuildStamp: freesurfer-linux-ubuntu22_x86_64-7.3.2-20220804-6354275  User: oesteban  Machine: dna020  Platform: Linux  PlatformVersion: 5.14.0-427.37.1.el9_4.x86_64  CompilerName: GCC  CompilerVersion: 8.4.0
ProgramName: mri_voldiff  ProgramArguments: mri_voldiff -all-info  ProgramVersion: 7.3.2  TimeStamp: 2026/03/13-03:04:23-GMT  BuildTime: Aug  4 2022 06:17:15  BuildStamp: freesurfer-linux-ubuntu22_x86_64-7.3.2-20220804-6354275  User: oesteban  Machine: dna020  Platform: Linux  PlatformVersion: 5.14.0-427.37.1.el9_4.x86_64  CompilerName: GCC  CompilerVersion: 8.4.0
ProgramName: mri_watershed  ProgramArguments: mri_watershed -all-info  ProgramVersion: 7.3.2  TimeStamp: 2026/03/13-03:04:23-GMT  BuildTime: Aug  4 2022 06:17:15  BuildStamp: freesurfer-linux-ubuntu22_x86_64-7.3.2-20220804-6354275  User: oesteban  Machine: dna020  Platform: Linux  PlatformVersion: 5.14.0-427.37.1.el9_4.x86_64  CompilerName: GCC  CompilerVersion: 8.4.0
ProgramName: tkregister2  ProgramArguments: tkregister2_cmdl -all-info  ProgramVersion: 7.3.2  TimeStamp: 2026/03/13-03:04:23-GMT  BuildTime: Aug  4 2022 06:17:15  BuildStamp: freesurfer-linux-ubuntu22_x86_64-7.3.2-20220804-6354275  User: oesteban  Machine: dna020  Platform: Linux  PlatformVersion: 5.14.0-427.37.1.el9_4.x86_64  CompilerName: GCC  CompilerVersion: 8.4.0
mri_motion_correct.fsl 7.3.2
mri_convert -all-info 
ProgramName: mri_convert  ProgramArguments: mri_convert -all-info  ProgramVersion: 7.3.2  TimeStamp: 2026/03/13-03:04:23-GMT  BuildTime: Aug  4 2022 06:17:15  BuildStamp: freesurfer-linux-ubuntu22_x86_64-7.3.2-20220804-6354275  User: oesteban  Machine: dna020  Platform: Linux  PlatformVersion: 5.14.0-427.37.1.el9_4.x86_64  CompilerName: GCC  CompilerVersion: 8.4.0
Program nu_correct, built from:
Package MNI N3, version 1.12.0, compiled by nicks@terrier (x86_64-unknown-linux-gnu) on 2015-06-19 at 01:25:34
#######################################
GCADIR /opt/freesurfer/average
GCA RB_all_2020-01-02.gca
GCASkull RB_all_withskull_2020_01_02.gca
AvgCurvTif folding.atlas.acfb40.noaparc.i12.2016-08-02.tif
GCSDIR /opt/freesurfer/average
GCS DKaparc.atlas.acfb40.noaparc.i12.2016-08-02.gcs
#######################################
/out/sourcedata/freesurfer/sub-v2s4x29595_ses-1

 mri_convert /work/fmriprep_25_2_wf/sub_v2s4x29595_ses_1_wf/anat_fit_wf/anat_validate/sub-v2s4x29595_ses-1_run-1_T1w_noise_corrected_ras_valid.nii.gz /out/sourcedata/freesurfer/sub-v2s4x29595_ses-1/mri/orig/001.mgz 

mri_convert /work/fmriprep_25_2_wf/sub_v2s4x29595_ses_1_wf/anat_fit_wf/anat_validate/sub-v2s4x29595_ses-1_run-1_T1w_noise_corrected_ras_valid.nii.gz /out/sourcedata/freesurfer/sub-v2s4x29595_ses-1/mri/orig/001.mgz 
reading from /work/fmriprep_25_2_wf/sub_v2s4x29595_ses_1_wf/anat_fit_wf/anat_validate/sub-v2s4x29595_ses-1_run-1_T1w_noise_corrected_ras_valid.nii.gz...
TR=0.00, TE=0.00, TI=0.00, flip angle=0.00
i_ras = (0.997638, 0.0278815, -0.0627806)
j_ras = (-0.0285529, 0.999544, -0.00982316)
k_ras = (0.062478, 0.0115925, 0.997979)
writing to /out/sourcedata/freesurfer/sub-v2s4x29595_ses-1/mri/orig/001.mgz...
#--------------------------------------------
#@# MotionCor Fri Mar 13 04:04:25 CET 2026
Found 1 runs
/out/sourcedata/freesurfer/sub-v2s4x29595_ses-1/mri/orig/001.mgz
Checking for (invalid) multi-frame inputs...
Only one run found so motion
correction will not be performed. I'll
copy the run to rawavg and continue.

 cp /out/sourcedata/freesurfer/sub-v2s4x29595_ses-1/mri/orig/001.mgz /out/sourcedata/freesurfer/sub-v2s4x29595_ses-1/mri/rawavg.mgz 


 mri_info /out/sourcedata/freesurfer/sub-v2s4x29595_ses-1/mri/rawavg.mgz 

rawavg.mgz ========================================
Volume information for /out/sourcedata/freesurfer/sub-v2s4x29595_ses-1/mri/rawavg.mgz
          type: MGH
    dimensions: 170 x 256 x 256
   voxel sizes: 0.999997, 0.937500, 0.937500
          type: FLOAT (3)
           fov: 240.000
           dof: 1
        xstart: -85.0, xend: 85.0
        ystart: -120.0, yend: 120.0
        zstart: -120.0, zend: 120.0
            TR: 0.00 msec, TE: 0.00 msec, TI: 0.00 msec, flip angle: 0.00 degrees
       nframes: 1
       PhEncDir: UNKNOWN
       FieldStrength: 0.000000
ras xform present
    xform info: x_r =   0.9976, y_r =  -0.0286, z_r =   0.0625, c_r =     0.2906
              : x_a =   0.0279, y_a =   0.9995, z_a =   0.0116, c_a =     2.4169
              : x_s =  -0.0628, y_s =  -0.0098, z_s =   0.9980, c_s =     0.7936

talairach xfm : 
Orientation   : RAS
Primary Slice Direction: axial

voxel to ras transform:
                0.9976  -0.0268   0.0586   -88.5794
                0.0279   0.9371   0.0109  -121.2894
               -0.0628  -0.0092   0.9356  -112.4488
                0.0000   0.0000   0.0000     1.0000

voxel-to-ras determinant 0.878904

ras to voxel transform:
                0.9976   0.0279  -0.0628    84.6925
               -0.0305   1.0662  -0.0105   125.4403
                0.0666   0.0124   1.0645   127.1059
                0.0000   0.0000   0.0000     1.0000
/out/sourcedata/freesurfer/sub-v2s4x29595_ses-1

 mri_convert /out/sourcedata/freesurfer/sub-v2s4x29595_ses-1/mri/rawavg.mgz /out/sourcedata/freesurfer/sub-v2s4x29595_ses-1/mri/orig.mgz --conform 

mri_convert /out/sourcedata/freesurfer/sub-v2s4x29595_ses-1/mri/rawavg.mgz /out/sourcedata/freesurfer/sub-v2s4x29595_ses-1/mri/orig.mgz --conform 
reading from /out/sourcedata/freesurfer/sub-v2s4x29595_ses-1/mri/rawavg.mgz...
TR=0.00, TE=0.00, TI=0.00, flip angle=0.00
i_ras = (0.997638, 0.0278815, -0.0627806)
j_ras = (-0.0285529, 0.999544, -0.00982316)
k_ras = (0.062478, 0.0115925, 0.997979)
changing data type from float to uchar (noscale = 0)...
MRIchangeType: Building histogram -0.000440598 399.647 1000, flo=0, fhi=0.999, dest_type=0
Reslicing using trilinear interpolation 
writing to /out/sourcedata/freesurfer/sub-v2s4x29595_ses-1/mri/orig.mgz...

 mri_add_xform_to_header -c /out/sourcedata/freesurfer/sub-v2s4x29595_ses-1/mri/transforms/talairach.xfm /out/sourcedata/freesurfer/sub-v2s4x29595_ses-1/mri/orig.mgz /out/sourcedata/freesurfer/sub-v2s4x29595_ses-1/mri/orig.mgz 

INFO: extension is mgz

 mri_info /out/sourcedata/freesurfer/sub-v2s4x29595_ses-1/mri/orig.mgz 

orig.mgz ========================================
Volume information for /out/sourcedata/freesurfer/sub-v2s4x29595_ses-1/mri/orig.mgz
          type: MGH
    dimensions: 256 x 256 x 256
   voxel sizes: 1.000000, 1.000000, 1.000000
          type: UCHAR (0)
           fov: 256.000
           dof: 1
        xstart: -128.0, xend: 128.0
        ystart: -128.0, yend: 128.0
        zstart: -128.0, zend: 128.0
            TR: 0.00 msec, TE: 0.00 msec, TI: 0.00 msec, flip angle: 0.00 degrees
       nframes: 1
       PhEncDir: UNKNOWN
       FieldStrength: 0.000000
ras xform present
    xform info: x_r =  -1.0000, y_r =   0.0000, z_r =  -0.0000, c_r =     0.2906
              : x_a =   0.0000, y_a =   0.0000, z_a =   1.0000, c_a =     2.4169
              : x_s =  -0.0000, y_s =  -1.0000, z_s =   0.0000, c_s =     0.7936

talairach xfm : /out/sourcedata/freesurfer/sub-v2s4x29595_ses-1/mri/transforms/talairach.xfm
Orientation   : LIA
Primary Slice Direction: coronal

voxel to ras transform:
               -1.0000   0.0000  -0.0000   128.2906
                0.0000   0.0000   1.0000  -125.5831
               -0.0000  -1.0000   0.0000   128.7936
                0.0000   0.0000   0.0000     1.0000

voxel-to-ras determinant -1

ras to voxel transform:
               -1.0000  -0.0000  -0.0000   128.2906
                0.0000   0.0000  -1.0000   128.7936
                0.0000   1.0000   0.0000   125.5831
               -0.0000  -0.0000  -0.0000     1.0000
#--------------------------------------------
#@# Talairach Fri Mar 13 04:04:33 CET 2026
/out/sourcedata/freesurfer/sub-v2s4x29595_ses-1/mri

 mri_nu_correct.mni --no-rescale --i orig.mgz --o orig_nu.mgz --ants-n4 --n 1 --proto-iters 1000 --distance 50 

/usr/bin/bc
/out/sourcedata/freesurfer/sub-v2s4x29595_ses-1/mri
/opt/freesurfer/bin/mri_nu_correct.mni
--no-rescale --i orig.mgz --o orig_nu.mgz --ants-n4 --n 1 --proto-iters 1000 --distance 50
nIters 1
mri_nu_correct.mni 7.3.2
Linux dna020 5.14.0-427.37.1.el9_4.x86_64 #1 SMP PREEMPT_DYNAMIC Fri Sep 13 12:41:50 EDT 2024 x86_64 x86_64 x86_64 GNU/Linux
Fri Mar 13 04:04:33 CET 2026
tmpdir is ./tmp.mri_nu_correct.mni.416911
cd /out/sourcedata/freesurfer/sub-v2s4x29595_ses-1/mri
AntsN4BiasFieldCorrectionFs -i orig.mgz -o ./tmp.mri_nu_correct.mni.416911/nu0.mgz --dtype uchar
AntsN4BiasFieldCorrectionFs done
mri_convert ./tmp.mri_nu_correct.mni.416911/nu0.mgz orig_nu.mgz --like orig.mgz --conform
mri_convert ./tmp.mri_nu_correct.mni.416911/nu0.mgz orig_nu.mgz --like orig.mgz --conform 
reading from ./tmp.mri_nu_correct.mni.416911/nu0.mgz...
TR=0.00, TE=0.00, TI=0.00, flip angle=0.00
i_ras = (-1, 2.91038e-10, -7.45058e-09)
j_ras = (3.72529e-09, 9.31323e-10, -1)
k_ras = (-2.32831e-10, 1, 9.31323e-10)
INFO: transform src into the like-volume: orig.mgz
writing to orig_nu.mgz...
 
 
Fri Mar 13 04:07:28 CET 2026
mri_nu_correct.mni done

 talairach_avi --i orig_nu.mgz --xfm transforms/talairach.auto.xfm 

talairach_avi log file is transforms/talairach_avi.log...
mv -f /out/sourcedata/freesurfer/sub-v2s4x29595_ses-1/mri/talsrcimg_to_711-2C_as_mni_average_305_t4_vox2vox.txt /out/sourcedata/freesurfer/sub-v2s4x29595_ses-1/mri/transforms/talsrcimg_to_711-2C_as_mni_average_305_t4_vox2vox.txt
Started at Fri Mar 13 04:07:28 CET 2026
Ended   at Fri Mar 13 04:08:58 CET 2026
talairach_avi done

 cp transforms/talairach.auto.xfm transforms/talairach.xfm 

lta_convert --src orig.mgz --trg /opt/freesurfer/average/mni305.cor.mgz --inxfm transforms/talairach.xfm --outlta transforms/talairach.xfm.lta --subject fsaverage --ltavox2vox
7.3.2

--src: orig.mgz src image (geometry).
--trg: /opt/freesurfer/average/mni305.cor.mgz trg image (geometry).
--inmni: transforms/talairach.xfm input MNI/XFM transform.
--outlta: transforms/talairach.xfm.lta output LTA.
--s: fsaverage subject name
--ltavox2vox: output LTA as VOX_TO_VOX transform.
 LTA read, type : 1
 1.02746   0.04019  -0.05851   1.34637;
-0.03202   1.05802   0.11105  -7.19063;
 0.04411  -0.17681   1.17029  -22.18944;
 0.00000   0.00000   0.00000   1.00000;
setting subject to fsaverage
Writing  LTA to file transforms/talairach.xfm.lta...
lta_convert successful.
#--------------------------------------------
#@# Talairach Failure Detection Fri Mar 13 04:09:01 CET 2026
/out/sourcedata/freesurfer/sub-v2s4x29595_ses-1/mri

 talairach_afd -T 0.005 -xfm transforms/talairach.xfm 

talairach_afd: Talairach Transform: transforms/talairach.xfm OK (p=0.8002, pval=0.8469 >= threshold=0.0050)

 awk -f /opt/freesurfer/bin/extract_talairach_avi_QA.awk /out/sourcedata/freesurfer/sub-v2s4x29595_ses-1/mri/transforms/talairach_avi.log 


 tal_QC_AZS /out/sourcedata/freesurfer/sub-v2s4x29595_ses-1/mri/transforms/talairach_avi.log 

TalAviQA: 0.97361
z-score: -1
#--------------------------------------------
#@# Nu Intensity Correction Fri Mar 13 04:09:01 CET 2026

 mri_nu_correct.mni --i orig.mgz --o nu.mgz --uchar transforms/talairach.xfm --n 2 --ants-n4 

/usr/bin/bc
/out/sourcedata/freesurfer/sub-v2s4x29595_ses-1/mri
/opt/freesurfer/bin/mri_nu_correct.mni
--i orig.mgz --o nu.mgz --uchar transforms/talairach.xfm --n 2 --ants-n4
nIters 2
mri_nu_correct.mni 7.3.2
Linux dna020 5.14.0-427.37.1.el9_4.x86_64 #1 SMP PREEMPT_DYNAMIC Fri Sep 13 12:41:50 EDT 2024 x86_64 x86_64 x86_64 GNU/Linux
Fri Mar 13 04:09:01 CET 2026
tmpdir is ./tmp.mri_nu_correct.mni.417766
cd /out/sourcedata/freesurfer/sub-v2s4x29595_ses-1/mri
AntsN4BiasFieldCorrectionFs -i orig.mgz -o ./tmp.mri_nu_correct.mni.417766/nu0.mgz --dtype uchar
AntsN4BiasFieldCorrectionFs done
mri_binarize --i ./tmp.mri_nu_correct.mni.417766/nu0.mgz --min -1 --o ./tmp.mri_nu_correct.mni.417766/ones.mgz

7.3.2
cwd /out/sourcedata/freesurfer/sub-v2s4x29595_ses-1/mri
cmdline mri_binarize --i ./tmp.mri_nu_correct.mni.417766/nu0.mgz --min -1 --o ./tmp.mri_nu_correct.mni.417766/ones.mgz 
sysname  Linux
hostname dna020
machine  x86_64
user     oesteban

input      ./tmp.mri_nu_correct.mni.417766/nu0.mgz
frame      0
nErode3d   0
nErode2d   0
output     ./tmp.mri_nu_correct.mni.417766/ones.mgz
Binarizing based on threshold
min        -1
max        +infinity
binval        1
binvalnot     0
fstart = 0, fend = 0, nframes = 1
Starting parallel 1
Found 16777216 values in range
Counting number of voxels in first frame
Found 16777215 voxels in final mask
Writing output to ./tmp.mri_nu_correct.mni.417766/ones.mgz
Count: 16777215 16777215.000000 16777216 99.999994
mri_binarize done
mri_segstats --id 1 --seg ./tmp.mri_nu_correct.mni.417766/ones.mgz --i orig.mgz --sum ./tmp.mri_nu_correct.mni.417766/sum.junk --avgwf ./tmp.mri_nu_correct.mni.417766/input.mean.dat

7.3.2
cwd 
cmdline mri_segstats --id 1 --seg ./tmp.mri_nu_correct.mni.417766/ones.mgz --i orig.mgz --sum ./tmp.mri_nu_correct.mni.417766/sum.junk --avgwf ./tmp.mri_nu_correct.mni.417766/input.mean.dat 
sysname  Linux
hostname dna020
machine  x86_64
user     oesteban
whitesurfname  white
UseRobust  0
Loading ./tmp.mri_nu_correct.mni.417766/ones.mgz
Loading orig.mgz
Voxel Volume is 1 mm^3
Generating list of segmentation ids
Found   1 segmentations
Computing statistics for each segmentation

Reporting on   1 segmentations
Using PrintSegStat
Computing spatial average of each frame

Writing to ./tmp.mri_nu_correct.mni.417766/input.mean.dat
mri_segstats done
mri_segstats --id 1 --seg ./tmp.mri_nu_correct.mni.417766/ones.mgz --i ./tmp.mri_nu_correct.mni.417766/nu0.mgz --sum ./tmp.mri_nu_correct.mni.417766/sum.junk --avgwf ./tmp.mri_nu_correct.mni.417766/output.mean.dat

7.3.2
cwd 
cmdline mri_segstats --id 1 --seg ./tmp.mri_nu_correct.mni.417766/ones.mgz --i ./tmp.mri_nu_correct.mni.417766/nu0.mgz --sum ./tmp.mri_nu_correct.mni.417766/sum.junk --avgwf ./tmp.mri_nu_correct.mni.417766/output.mean.dat 
sysname  Linux
hostname dna020
machine  x86_64
user     oesteban
whitesurfname  white
UseRobust  0
Loading ./tmp.mri_nu_correct.mni.417766/ones.mgz
Loading ./tmp.mri_nu_correct.mni.417766/nu0.mgz
Voxel Volume is 1 mm^3
Generating list of segmentation ids
Found   1 segmentations
Computing statistics for each segmentation

Reporting on   1 segmentations
Using PrintSegStat
Computing spatial average of each frame

Writing to ./tmp.mri_nu_correct.mni.417766/output.mean.dat
mri_segstats done
mris_calc -o ./tmp.mri_nu_correct.mni.417766/nu0.mgz ./tmp.mri_nu_correct.mni.417766/nu0.mgz mul 1.01854875716267291408
Saving result to './tmp.mri_nu_correct.mni.417766/nu0.mgz' (type = MGH )                       [ ok ]
mri_convert ./tmp.mri_nu_correct.mni.417766/nu0.mgz nu.mgz --like orig.mgz
mri_convert ./tmp.mri_nu_correct.mni.417766/nu0.mgz nu.mgz --like orig.mgz 
reading from ./tmp.mri_nu_correct.mni.417766/nu0.mgz...
TR=0.00, TE=0.00, TI=0.00, flip angle=0.00
i_ras = (-1, 2.91038e-10, -7.45058e-09)
j_ras = (3.72529e-09, 9.31323e-10, -1)
k_ras = (-2.32831e-10, 1, 9.31323e-10)
INFO: transform src into the like-volume: orig.mgz
writing to nu.mgz...
mri_make_uchar nu.mgz transforms/talairach.xfm nu.mgz
type change took 0 minutes and 6 seconds.
FIRST_PERCENTILE 0.010000
WM_PERCENTILE    0.900000
MAX_R 50.000000
i1 = 2, i2 = 52
#mri_make_uchar# mapping  5 134 to  3 110  :  b -1.748 m 0.834318 : thresh 2.09513 maxsat 307.734 : nzero 13964021 nsat 0
 
 
Fri Mar 13 04:12:16 CET 2026
mri_nu_correct.mni done

 mri_add_xform_to_header -c /out/sourcedata/freesurfer/sub-v2s4x29595_ses-1/mri/transforms/talairach.xfm nu.mgz nu.mgz 

INFO: extension is mgz
#--------------------------------------------
#@# Intensity Normalization Fri Mar 13 04:12:16 CET 2026
/out/sourcedata/freesurfer/sub-v2s4x29595_ses-1/mri

 mri_normalize -g 1 -seed 1234 -mprage nu.mgz T1.mgz 

using max gradient = 1.000
setting seed for random number genererator to 1234
assuming input volume is MGH (Van der Kouwe) MP-RAGE
reading mri_src from nu.mgz...
normalizing image...
NOT doing gentle normalization with control points/label
talairach transform
 1.02746   0.04019  -0.05851   1.34637;
-0.03202   1.05802   0.11105  -7.19063;
 0.04411  -0.17681   1.17029  -22.18944;
 0.00000   0.00000   0.00000   1.00000;
processing without aseg, no1d=0
MRInormInit(): 
INFO: Modifying talairach volume c_(r,a,s) based on average_305
MRInormalize(): 
MRIsplineNormalize(): npeaks = 14
Starting OpenSpline(): npoints = 14
building Voronoi diagram...
performing soap bubble smoothing, sigma = 8...

Iterating 2 times
---------------------------------
3d normalization pass 1 of 2
white matter peak found at 110
white matter peak found at 110
gm peak at 83 (83), valley at 54 (54)
csf peak at 42, setting threshold to 69
building Voronoi diagram...
performing soap bubble smoothing, sigma = 8...
---------------------------------
3d normalization pass 2 of 2
white matter peak found at 110
white matter peak found at 110
gm peak at 85 (85), valley at 54 (54)
csf peak at 43, setting threshold to 71
building Voronoi diagram...
performing soap bubble smoothing, sigma = 8...
Done iterating ---------------------------------
writing output to T1.mgz
3D bias adjustment took 1 minutes and 34 seconds.

Started at Fri Mar 13 04:04:23 CET 2026 
Ended   at Fri Mar 13 04:13:51 CET 2026
#@#%# recon-all-run-time-hours 0.158
recon-all -s sub-v2s4x29595_ses-1 finished without error at Fri Mar 13 04:13:51 CET 2026



#New# invocation of recon-all 




Fri Mar 13 04:20:45 CET 2026
cd /out/sourcedata/freesurfer/sub-v2s4x29595_ses-1
setenv SUBJECTS_DIR /out/sourcedata/freesurfer
/opt/freesurfer/bin/recon-all -openmp 16 -subjid sub-v2s4x29595_ses-1 -sd /out/sourcedata/freesurfer -gcareg

subjid sub-v2s4x29595_ses-1
setenv SUBJECTS_DIR /out/sourcedata/freesurfer
FREESURFER_HOME /opt/freesurfer
Actual FREESURFER_HOME /opt/freesurfer
build-stamp.txt: freesurfer-linux-ubuntu22_x86_64-7.3.2-20220804-6354275
Linux dna020 5.14.0-427.37.1.el9_4.x86_64 #1 SMP PREEMPT_DYNAMIC Fri Sep 13 12:41:50 EDT 2024 x86_64 x86_64 x86_64 GNU/Linux
cputime      unlimited
filesize     unlimited
datasize     unlimited
stacksize    8192 kbytes
coredumpsize 0 kbytes
memoryuse    67108864 kbytes
vmemoryuse   unlimited
descriptors  1024 
memorylocked unlimited
maxproc      2061970 
maxlocks     unlimited
maxsignal    2061970 
maxmessage   819200 
maxnice      0 
maxrtprio    0 
maxrttime    unlimited

               total        used        free      shared  buff/cache   available
Mem:           503Gi        52Gi       313Gi        36Gi       136Gi       410Gi
Swap:             0B          0B          0B

########################################
program versions used
7.3.2 (freesurfer-linux-ubuntu22_x86_64-7.3.2-20220804-6354275)
7.3.2

ProgramName: lta_convert  ProgramArguments: lta_convert -all-info  ProgramVersion: 7.3.2  TimeStamp: 2026/03/13-03:20:45-GMT  BuildTime: Aug  4 2022 06:17:15  BuildStamp: freesurfer-linux-ubuntu22_x86_64-7.3.2-20220804-6354275  User: oesteban  Machine: dna020  Platform: Linux  PlatformVersion: 5.14.0-427.37.1.el9_4.x86_64  CompilerName: GCC  CompilerVersion: 8.4.0
ProgramName: mri_and  ProgramArguments: mri_and -all-info  ProgramVersion: 7.3.2  TimeStamp: 2026/03/13-03:20:45-GMT  BuildTime: Aug  4 2022 06:17:15  BuildStamp: freesurfer-linux-ubuntu22_x86_64-7.3.2-20220804-6354275  User: oesteban  Machine: dna020  Platform: Linux  PlatformVersion: 5.14.0-427.37.1.el9_4.x86_64  CompilerName: GCC  CompilerVersion: 8.4.0
ProgramName: mri_annotation2label  ProgramArguments: mri_annotation2label -all-info  ProgramVersion: 7.3.2  TimeStamp: 2026/03/13-03:20:45-GMT  BuildTime: Aug  4 2022 06:17:15  BuildStamp: freesurfer-linux-ubuntu22_x86_64-7.3.2-20220804-6354275  User: oesteban  Machine: dna020  Platform: Linux  PlatformVersion: 5.14.0-427.37.1.el9_4.x86_64  CompilerName: GCC  CompilerVersion: 8.4.0
ProgramName: mri_aparc2aseg  ProgramArguments: mri_aparc2aseg -all-info  ProgramVersion: 7.3.2  TimeStamp: 2026/03/13-03:20:45-GMT  BuildTime: Aug  4 2022 06:17:15  BuildStamp: freesurfer-linux-ubuntu22_x86_64-7.3.2-20220804-6354275  User: oesteban  Machine: dna020  Platform: Linux  PlatformVersion: 5.14.0-427.37.1.el9_4.x86_64  CompilerName: GCC  CompilerVersion: 8.4.0
ProgramName: mri_surf2volseg  ProgramArguments: mri_surf2volseg -all-info  ProgramVersion: 7.3.2  TimeStamp: 2026/03/13-03:20:45-GMT  BuildTime: Aug  4 2022 06:17:15  BuildStamp: freesurfer-linux-ubuntu22_x86_64-7.3.2-20220804-6354275  User: oesteban  Machine: dna020  Platform: Linux  PlatformVersion: 5.14.0-427.37.1.el9_4.x86_64  CompilerName: GCC  CompilerVersion: 8.4.0
ProgramName: mri_binarize  ProgramArguments: mri_binarize -all-info  ProgramVersion: 7.3.2  TimeStamp: 2026/03/13-03:20:45-GMT  BuildTime: Aug  4 2022 06:17:15  BuildStamp: freesurfer-linux-ubuntu22_x86_64-7.3.2-20220804-6354275  User: oesteban  Machine: dna020  Platform: Linux  PlatformVersion: 5.14.0-427.37.1.el9_4.x86_64  CompilerName: GCC  CompilerVersion: 8.4.0
ProgramName: mri_ca_label  ProgramArguments: mri_ca_label -all-info  ProgramVersion: 7.3.2  TimeStamp: 2026/03/13-03:20:45-GMT  BuildTime: Aug  4 2022 06:17:15  BuildStamp: freesurfer-linux-ubuntu22_x86_64-7.3.2-20220804-6354275  User: oesteban  Machine: dna020  Platform: Linux  PlatformVersion: 5.14.0-427.37.1.el9_4.x86_64  CompilerName: GCC  CompilerVersion: 8.4.0
ProgramName: mri_ca_normalize  ProgramArguments: mri_ca_normalize -all-info  ProgramVersion: 7.3.2  TimeStamp: 2026/03/13-03:20:45-GMT  BuildTime: Aug  4 2022 06:17:15  BuildStamp: freesurfer-linux-ubuntu22_x86_64-7.3.2-20220804-6354275  User: oesteban  Machine: dna020  Platform: Linux  PlatformVersion: 5.14.0-427.37.1.el9_4.x86_64  CompilerName: GCC  CompilerVersion: 8.4.0
ProgramName: mri_ca_register  ProgramArguments: mri_ca_register -all-info  ProgramVersion: 7.3.2  TimeStamp: 2026/03/13-03:20:45-GMT  BuildTime: Aug  4 2022 06:17:15  BuildStamp: freesurfer-linux-ubuntu22_x86_64-7.3.2-20220804-6354275  User: oesteban  Machine: dna020  Platform: Linux  PlatformVersion: 5.14.0-427.37.1.el9_4.x86_64  CompilerName: GCC  CompilerVersion: 8.4.0
ProgramName: mri_cc  ProgramArguments: mri_cc -all-info  ProgramVersion: 7.3.2  TimeStamp: 2026/03/13-03:20:45-GMT  BuildTime: Aug  4 2022 06:17:15  BuildStamp: freesurfer-linux-ubuntu22_x86_64-7.3.2-20220804-6354275  User: oesteban  Machine: dna020  Platform: Linux  PlatformVersion: 5.14.0-427.37.1.el9_4.x86_64  CompilerName: GCC  CompilerVersion: 8.4.0
ProgramName: mri_compute_overlap  ProgramArguments: mri_compute_overlap -all-info  ProgramVersion: 7.3.2  TimeStamp: 2026/03/13-03:20:45-GMT  BuildTime: Aug  4 2022 06:17:15  BuildStamp: freesurfer-linux-ubuntu22_x86_64-7.3.2-20220804-6354275  User: oesteban  Machine: dna020  Platform: Linux  PlatformVersion: 5.14.0-427.37.1.el9_4.x86_64  CompilerName: GCC  CompilerVersion: 8.4.0
ProgramName: mri_compute_seg_overlap  ProgramArguments: mri_compute_seg_overlap -all-info  ProgramVersion: 7.3.2  TimeStamp: 2026/03/13-03:20:45-GMT  BuildTime: Aug  4 2022 06:17:15  BuildStamp: freesurfer-linux-ubuntu22_x86_64-7.3.2-20220804-6354275  User: oesteban  Machine: dna020  Platform: Linux  PlatformVersion: 5.14.0-427.37.1.el9_4.x86_64  CompilerName: GCC  CompilerVersion: 8.4.0
ProgramName: mri_concat  ProgramArguments: mri_concat -all-info  ProgramVersion: 7.3.2  TimeStamp: 2026/03/13-03:20:45-GMT  BuildTime: Aug  4 2022 06:17:15  BuildStamp: freesurfer-linux-ubuntu22_x86_64-7.3.2-20220804-6354275  User: oesteban  Machine: dna020  Platform: Linux  PlatformVersion: 5.14.0-427.37.1.el9_4.x86_64  CompilerName: GCC  CompilerVersion: 8.4.0
ProgramName: mri_concatenate_lta  ProgramArguments: mri_concatenate_lta -all-info  ProgramVersion: 7.3.2  TimeStamp: 2026/03/13-03:20:45-GMT  BuildTime: Aug  4 2022 06:17:15  BuildStamp: freesurfer-linux-ubuntu22_x86_64-7.3.2-20220804-6354275  User: oesteban  Machine: dna020  Platform: Linux  PlatformVersion: 5.14.0-427.37.1.el9_4.x86_64  CompilerName: GCC  CompilerVersion: 8.4.0
mri_convert -all-info 
ProgramName: mri_convert  ProgramArguments: mri_convert -all-info  ProgramVersion: 7.3.2  TimeStamp: 2026/03/13-03:20:45-GMT  BuildTime: Aug  4 2022 06:17:15  BuildStamp: freesurfer-linux-ubuntu22_x86_64-7.3.2-20220804-6354275  User: oesteban  Machine: dna020  Platform: Linux  PlatformVersion: 5.14.0-427.37.1.el9_4.x86_64  CompilerName: GCC  CompilerVersion: 8.4.0
ProgramName: mri_diff  ProgramArguments: mri_diff -all-info  ProgramVersion: 7.3.2  TimeStamp: 2026/03/13-03:20:45-GMT  BuildTime: Aug  4 2022 06:17:15  BuildStamp: freesurfer-linux-ubuntu22_x86_64-7.3.2-20220804-6354275  User: oesteban  Machine: dna020  Platform: Linux  PlatformVersion: 5.14.0-427.37.1.el9_4.x86_64  CompilerName: GCC  CompilerVersion: 8.4.0
ProgramName: mri_edit_wm_with_aseg  ProgramArguments: mri_edit_wm_with_aseg -all-info  ProgramVersion: 7.3.2  TimeStamp: 2026/03/13-03:20:45-GMT  BuildTime: Aug  4 2022 06:17:15  BuildStamp: freesurfer-linux-ubuntu22_x86_64-7.3.2-20220804-6354275  User: oesteban  Machine: dna020  Platform: Linux  PlatformVersion: 5.14.0-427.37.1.el9_4.x86_64  CompilerName: GCC  CompilerVersion: 8.4.0
ProgramName: mri_em_register  ProgramArguments: mri_em_register -all-info  ProgramVersion: 7.3.2  TimeStamp: 2026/03/13-03:20:45-GMT  BuildTime: Aug  4 2022 06:17:15  BuildStamp: freesurfer-linux-ubuntu22_x86_64-7.3.2-20220804-6354275  User: oesteban  Machine: dna020  Platform: Linux  PlatformVersion: 5.14.0-427.37.1.el9_4.x86_64  CompilerName: GCC  CompilerVersion: 8.4.0
ProgramName: mri_fill  ProgramArguments: mri_fill -all-info  ProgramVersion: 7.3.2  TimeStamp: 2026/03/13-03:20:45-GMT  BuildTime: Aug  4 2022 06:17:15  BuildStamp: freesurfer-linux-ubuntu22_x86_64-7.3.2-20220804-6354275  User: oesteban  Machine: dna020  Platform: Linux  PlatformVersion: 5.14.0-427.37.1.el9_4.x86_64  CompilerName: GCC  CompilerVersion: 8.4.0
ProgramName: mri_fuse_segmentations  ProgramArguments: mri_fuse_segmentations -all-info  ProgramVersion: 7.3.2  TimeStamp: 2026/03/13-03:20:45-GMT  BuildTime: Aug  4 2022 06:17:15  BuildStamp: freesurfer-linux-ubuntu22_x86_64-7.3.2-20220804-6354275  User: oesteban  Machine: dna020  Platform: Linux  PlatformVersion: 5.14.0-427.37.1.el9_4.x86_64  CompilerName: GCC  CompilerVersion: 8.4.0
ProgramName: mri_fwhm  ProgramArguments: mri_fwhm -all-info  ProgramVersion: 7.3.2  TimeStamp: 2026/03/13-03:20:45-GMT  BuildTime: Aug  4 2022 06:17:15  BuildStamp: freesurfer-linux-ubuntu22_x86_64-7.3.2-20220804-6354275  User: oesteban  Machine: dna020  Platform: Linux  PlatformVersion: 5.14.0-427.37.1.el9_4.x86_64  CompilerName: GCC  CompilerVersion: 8.4.0
ProgramName: mri_gcut  ProgramArguments: mri_gcut -all-info  ProgramVersion: 7.3.2  TimeStamp: 2026/03/13-03:20:45-GMT  BuildTime: Aug  4 2022 06:17:15  BuildStamp: freesurfer-linux-ubuntu22_x86_64-7.3.2-20220804-6354275  User: oesteban  Machine: dna020  Platform: Linux  PlatformVersion: 5.14.0-427.37.1.el9_4.x86_64  CompilerName: GCC  CompilerVersion: 8.4.0
ProgramName: mri_info  ProgramArguments: mri_info -all-info  ProgramVersion: 7.3.2  TimeStamp: 2026/03/13-03:20:45-GMT  BuildTime: Aug  4 2022 06:17:15  BuildStamp: freesurfer-linux-ubuntu22_x86_64-7.3.2-20220804-6354275  User: oesteban  Machine: dna020  Platform: Linux  PlatformVersion: 5.14.0-427.37.1.el9_4.x86_64  CompilerName: GCC  CompilerVersion: 8.4.0
ProgramName: mri_label2label  ProgramArguments: mri_label2label -all-info  ProgramVersion: 7.3.2  TimeStamp: 2026/03/13-03:20:45-GMT  BuildTime: Aug  4 2022 06:17:15  BuildStamp: freesurfer-linux-ubuntu22_x86_64-7.3.2-20220804-6354275  User: oesteban  Machine: dna020  Platform: Linux  PlatformVersion: 5.14.0-427.37.1.el9_4.x86_64  CompilerName: GCC  CompilerVersion: 8.4.0
ProgramName: mri_label2vol  ProgramArguments: mri_label2vol -all-info  ProgramVersion: 7.3.2  TimeStamp: 2026/03/13-03:20:45-GMT  BuildTime: Aug  4 2022 06:17:15  BuildStamp: freesurfer-linux-ubuntu22_x86_64-7.3.2-20220804-6354275  User: oesteban  Machine: dna020  Platform: Linux  PlatformVersion: 5.14.0-427.37.1.el9_4.x86_64  CompilerName: GCC  CompilerVersion: 8.4.0
ProgramName: mri_log_likelihood  ProgramArguments: mri_log_likelihood -all-info  ProgramVersion: 7.3.2  TimeStamp: 2026/03/13-03:20:45-GMT  BuildTime: Aug  4 2022 06:17:15  BuildStamp: freesurfer-linux-ubuntu22_x86_64-7.3.2-20220804-6354275  User: oesteban  Machine: dna020  Platform: Linux  PlatformVersion: 5.14.0-427.37.1.el9_4.x86_64  CompilerName: GCC  CompilerVersion: 8.4.0
ProgramName: mri_mask  ProgramArguments: mri_mask -all-info  ProgramVersion: 7.3.2  TimeStamp: 2026/03/13-03:20:45-GMT  BuildTime: Aug  4 2022 06:17:15  BuildStamp: freesurfer-linux-ubuntu22_x86_64-7.3.2-20220804-6354275  User: oesteban  Machine: dna020  Platform: Linux  PlatformVersion: 5.14.0-427.37.1.el9_4.x86_64  CompilerName: GCC  CompilerVersion: 8.4.0
ProgramName: mri_matrix_multiply  ProgramArguments: mri_matrix_multiply -all-info  ProgramVersion: 7.3.2  TimeStamp: 2026/03/13-03:20:45-GMT  BuildTime: Aug  4 2022 06:17:15  BuildStamp: freesurfer-linux-ubuntu22_x86_64-7.3.2-20220804-6354275  User: oesteban  Machine: dna020  Platform: Linux  PlatformVersion: 5.14.0-427.37.1.el9_4.x86_64  CompilerName: GCC  CompilerVersion: 8.4.0
ProgramName: mri_normalize  ProgramArguments: mri_normalize -all-info  ProgramVersion: 7.3.2  TimeStamp: 2026/03/13-03:20:45-GMT  BuildTime: Aug  4 2022 06:17:15  BuildStamp: freesurfer-linux-ubuntu22_x86_64-7.3.2-20220804-6354275  User: oesteban  Machine: dna020  Platform: Linux  PlatformVersion: 5.14.0-427.37.1.el9_4.x86_64  CompilerName: GCC  CompilerVersion: 8.4.0
ProgramName: mri_normalize_tp2  ProgramArguments: mri_normalize_tp2 -all-info  ProgramVersion: 7.3.2  TimeStamp: 2026/03/13-03:20:45-GMT  BuildTime: Aug  4 2022 06:17:15  BuildStamp: freesurfer-linux-ubuntu22_x86_64-7.3.2-20220804-6354275  User: oesteban  Machine: dna020  Platform: Linux  PlatformVersion: 5.14.0-427.37.1.el9_4.x86_64  CompilerName: GCC  CompilerVersion: 8.4.0
ProgramName: mri_or  ProgramArguments: mri_or -all-info  ProgramVersion: 7.3.2  TimeStamp: 2026/03/13-03:20:45-GMT  BuildTime: Aug  4 2022 06:17:15  BuildStamp: freesurfer-linux-ubuntu22_x86_64-7.3.2-20220804-6354275  User: oesteban  Machine: dna020  Platform: Linux  PlatformVersion: 5.14.0-427.37.1.el9_4.x86_64  CompilerName: GCC  CompilerVersion: 8.4.0
ProgramName: mri_relabel_hypointensities  ProgramArguments: mri_relabel_hypointensities -all-info  ProgramVersion: 7.3.2  TimeStamp: 2026/03/13-03:20:45-GMT  BuildTime: Aug  4 2022 06:17:15  BuildStamp: freesurfer-linux-ubuntu22_x86_64-7.3.2-20220804-6354275  User: oesteban  Machine: dna020  Platform: Linux  PlatformVersion: 5.14.0-427.37.1.el9_4.x86_64  CompilerName: GCC  CompilerVersion: 8.4.0
ProgramName: mri_relabel_nonwm_hypos  ProgramArguments: mri_relabel_nonwm_hypos -all-info  ProgramVersion: 7.3.2  TimeStamp: 2026/03/13-03:20:45-GMT  BuildTime: Aug  4 2022 06:17:15  BuildStamp: freesurfer-linux-ubuntu22_x86_64-7.3.2-20220804-6354275  User: oesteban  Machine: dna020  Platform: Linux  PlatformVersion: 5.14.0-427.37.1.el9_4.x86_64  CompilerName: GCC  CompilerVersion: 8.4.0
ProgramName: mri_remove_neck  ProgramArguments: mri_remove_neck -all-info  ProgramVersion: 7.3.2  TimeStamp: 2026/03/13-03:20:45-GMT  BuildTime: Aug  4 2022 06:17:15  BuildStamp: freesurfer-linux-ubuntu22_x86_64-7.3.2-20220804-6354275  User: oesteban  Machine: dna020  Platform: Linux  PlatformVersion: 5.14.0-427.37.1.el9_4.x86_64  CompilerName: GCC  CompilerVersion: 8.4.0
7.3.2

ProgramName: mri_robust_register  ProgramArguments: mri_robust_register -all-info  ProgramVersion: 7.3.2  TimeStamp: 2026/03/13-03:20:45-GMT  BuildTime: Aug  4 2022 06:17:15  BuildStamp: freesurfer-linux-ubuntu22_x86_64-7.3.2-20220804-6354275  User: oesteban  Machine: dna020  Platform: Linux  PlatformVersion: 5.14.0-427.37.1.el9_4.x86_64  CompilerName: GCC  CompilerVersion: 8.4.0
7.3.2

ProgramName: mri_robust_template  ProgramArguments: mri_robust_template -all-info  ProgramVersion: 7.3.2  TimeStamp: 2026/03/13-03:20:45-GMT  BuildTime: Aug  4 2022 06:17:15  BuildStamp: freesurfer-linux-ubuntu22_x86_64-7.3.2-20220804-6354275  User: oesteban  Machine: dna020  Platform: Linux  PlatformVersion: 5.14.0-427.37.1.el9_4.x86_64  CompilerName: GCC  CompilerVersion: 8.4.0
ProgramName: mris_anatomical_stats  ProgramArguments: mris_anatomical_stats -all-info  ProgramVersion: 7.3.2  TimeStamp: 2026/03/13-03:20:45-GMT  BuildTime: Aug  4 2022 06:17:15  BuildStamp: freesurfer-linux-ubuntu22_x86_64-7.3.2-20220804-6354275  User: oesteban  Machine: dna020  Platform: Linux  PlatformVersion: 5.14.0-427.37.1.el9_4.x86_64  CompilerName: GCC  CompilerVersion: 8.4.0
ProgramName: mris_ca_label  ProgramArguments: mris_ca_label -all-info  ProgramVersion: 7.3.2  TimeStamp: 2026/03/13-03:20:45-GMT  BuildTime: Aug  4 2022 06:17:15  BuildStamp: freesurfer-linux-ubuntu22_x86_64-7.3.2-20220804-6354275  User: oesteban  Machine: dna020  Platform: Linux  PlatformVersion: 5.14.0-427.37.1.el9_4.x86_64  CompilerName: GCC  CompilerVersion: 8.4.0
ProgramName: mris_calc  ProgramArguments: mris_calc -all-info  ProgramVersion: 7.3.2  TimeStamp: 2026/03/13-03:20:45-GMT  BuildTime: Aug  4 2022 06:17:15  BuildStamp: freesurfer-linux-ubuntu22_x86_64-7.3.2-20220804-6354275  User: oesteban  Machine: dna020  Platform: Linux  PlatformVersion: 5.14.0-427.37.1.el9_4.x86_64  CompilerName: GCC  CompilerVersion: 8.4.0
ProgramName: mris_convert  ProgramArguments: mris_convert -all-info  ProgramVersion: 7.3.2  TimeStamp: 2026/03/13-03:20:45-GMT  BuildTime: Aug  4 2022 06:17:15  BuildStamp: freesurfer-linux-ubuntu22_x86_64-7.3.2-20220804-6354275  User: oesteban  Machine: dna020  Platform: Linux  PlatformVersion: 5.14.0-427.37.1.el9_4.x86_64  CompilerName: GCC  CompilerVersion: 8.4.0
ProgramName: mris_curvature  ProgramArguments: mris_curvature -all-info  ProgramVersion: 7.3.2  TimeStamp: 2026/03/13-03:20:45-GMT  BuildTime: Aug  4 2022 06:17:15  BuildStamp: freesurfer-linux-ubuntu22_x86_64-7.3.2-20220804-6354275  User: oesteban  Machine: dna020  Platform: Linux  PlatformVersion: 5.14.0-427.37.1.el9_4.x86_64  CompilerName: GCC  CompilerVersion: 8.4.0
ProgramName: mris_curvature_stats  ProgramArguments: mris_curvature_stats -all-info  ProgramVersion: 7.3.2  TimeStamp: 2026/03/13-03:20:45-GMT  BuildTime: Aug  4 2022 06:17:15  BuildStamp: freesurfer-linux-ubuntu22_x86_64-7.3.2-20220804-6354275  User: oesteban  Machine: dna020  Platform: Linux  PlatformVersion: 5.14.0-427.37.1.el9_4.x86_64  CompilerName: GCC  CompilerVersion: 8.4.0
ProgramName: mris_diff  ProgramArguments: mris_diff -all-info  ProgramVersion: 7.3.2  TimeStamp: 2026/03/13-03:20:45-GMT  BuildTime: Aug  4 2022 06:17:15  BuildStamp: freesurfer-linux-ubuntu22_x86_64-7.3.2-20220804-6354275  User: oesteban  Machine: dna020  Platform: Linux  PlatformVersion: 5.14.0-427.37.1.el9_4.x86_64  CompilerName: GCC  CompilerVersion: 8.4.0
ProgramName: mris_divide_parcellation  ProgramArguments: mris_divide_parcellation -all-info  ProgramVersion: 7.3.2  TimeStamp: 2026/03/13-03:20:45-GMT  BuildTime: Aug  4 2022 06:17:15  BuildStamp: freesurfer-linux-ubuntu22_x86_64-7.3.2-20220804-6354275  User: oesteban  Machine: dna020  Platform: Linux  PlatformVersion: 5.14.0-427.37.1.el9_4.x86_64  CompilerName: GCC  CompilerVersion: 8.4.0
ProgramName: mri_segment  ProgramArguments: mri_segment -all-info  ProgramVersion: 7.3.2  TimeStamp: 2026/03/13-03:20:45-GMT  BuildTime: Aug  4 2022 06:17:15  BuildStamp: freesurfer-linux-ubuntu22_x86_64-7.3.2-20220804-6354275  User: oesteban  Machine: dna020  Platform: Linux  PlatformVersion: 5.14.0-427.37.1.el9_4.x86_64  CompilerName: GCC  CompilerVersion: 8.4.0
ProgramName: mri_segstats  ProgramArguments: mri_segstats -all-info  ProgramVersion: 7.3.2  TimeStamp: 2026/03/13-03:20:45-GMT  BuildTime: Aug  4 2022 06:17:15  BuildStamp: freesurfer-linux-ubuntu22_x86_64-7.3.2-20220804-6354275  User: oesteban  Machine: dna020  Platform: Linux  PlatformVersion: 5.14.0-427.37.1.el9_4.x86_64  CompilerName: GCC  CompilerVersion: 8.4.0
ProgramName: mris_euler_number  ProgramArguments: mris_euler_number -all-info  ProgramVersion: 7.3.2  TimeStamp: 2026/03/13-03:20:45-GMT  BuildTime: Aug  4 2022 06:17:15  BuildStamp: freesurfer-linux-ubuntu22_x86_64-7.3.2-20220804-6354275  User: oesteban  Machine: dna020  Platform: Linux  PlatformVersion: 5.14.0-427.37.1.el9_4.x86_64  CompilerName: GCC  CompilerVersion: 8.4.0
ProgramName: mris_fix_topology  ProgramArguments: mris_fix_topology -all-info  ProgramVersion: 7.3.2  TimeStamp: 2026/03/13-03:20:45-GMT  BuildTime: Aug  4 2022 06:17:15  BuildStamp: freesurfer-linux-ubuntu22_x86_64-7.3.2-20220804-6354275  User: oesteban  Machine: dna020  Platform: Linux  PlatformVersion: 5.14.0-427.37.1.el9_4.x86_64  CompilerName: GCC  CompilerVersion: 8.4.0
ProgramName: mris_topo_fixer  ProgramArguments: mris_topo_fixer -all-info  ProgramVersion: 7.3.2  TimeStamp: 2026/03/13-03:20:45-GMT  BuildTime: Aug  4 2022 06:17:15  BuildStamp: freesurfer-linux-ubuntu22_x86_64-7.3.2-20220804-6354275  User: oesteban  Machine: dna020  Platform: Linux  PlatformVersion: 5.14.0-427.37.1.el9_4.x86_64  CompilerName: GCC  CompilerVersion: 8.4.0
ProgramName: mris_jacobian  ProgramArguments: mris_jacobian -all-info  ProgramVersion: 7.3.2  TimeStamp: 2026/03/13-03:20:45-GMT  BuildTime: Aug  4 2022 06:17:15  BuildStamp: freesurfer-linux-ubuntu22_x86_64-7.3.2-20220804-6354275  User: oesteban  Machine: dna020  Platform: Linux  PlatformVersion: 5.14.0-427.37.1.el9_4.x86_64  CompilerName: GCC  CompilerVersion: 8.4.0
ProgramName: mris_label2annot  ProgramArguments: mris_label2annot -all-info  ProgramVersion: 7.3.2  TimeStamp: 2026/03/13-03:20:45-GMT  BuildTime: Aug  4 2022 06:17:15  BuildStamp: freesurfer-linux-ubuntu22_x86_64-7.3.2-20220804-6354275  User: oesteban  Machine: dna020  Platform: Linux  PlatformVersion: 5.14.0-427.37.1.el9_4.x86_64  CompilerName: GCC  CompilerVersion: 8.4.0
ProgramName: mris_left_right_register  ProgramArguments: mris_left_right_register -all-info  ProgramVersion: 7.3.2  TimeStamp: 2026/03/13-03:20:45-GMT  BuildTime: Aug  4 2022 06:17:15  BuildStamp: freesurfer-linux-ubuntu22_x86_64-7.3.2-20220804-6354275  User: oesteban  Machine: dna020  Platform: Linux  PlatformVersion: 5.14.0-427.37.1.el9_4.x86_64  CompilerName: GCC  CompilerVersion: 8.4.0
ProgramName: mris_place_surface  ProgramArguments: mris_place_surface -all-info  ProgramVersion: 7.3.2  TimeStamp: 2026/03/13-03:20:45-GMT  BuildTime: Aug  4 2022 06:17:15  BuildStamp: freesurfer-linux-ubuntu22_x86_64-7.3.2-20220804-6354275  User: oesteban  Machine: dna020  Platform: Linux  PlatformVersion: 5.14.0-427.37.1.el9_4.x86_64  CompilerName: GCC  CompilerVersion: 8.4.0
ProgramName: mrisp_paint  ProgramArguments: mrisp_paint -all-info  ProgramVersion: 7.3.2  TimeStamp: 2026/03/13-03:20:45-GMT  BuildTime: Aug  4 2022 06:17:15  BuildStamp: freesurfer-linux-ubuntu22_x86_64-7.3.2-20220804-6354275  User: oesteban  Machine: dna020  Platform: Linux  PlatformVersion: 5.14.0-427.37.1.el9_4.x86_64  CompilerName: GCC  CompilerVersion: 8.4.0
ProgramName: mris_register  ProgramArguments: mris_register -all-info  ProgramVersion: 7.3.2  TimeStamp: 2026/03/13-03:20:45-GMT  BuildTime: Aug  4 2022 06:17:15  BuildStamp: freesurfer-linux-ubuntu22_x86_64-7.3.2-20220804-6354275  User: oesteban  Machine: dna020  Platform: Linux  PlatformVersion: 5.14.0-427.37.1.el9_4.x86_64  CompilerName: GCC  CompilerVersion: 8.4.0
ProgramName: mris_smooth  ProgramArguments: mris_smooth -all-info  ProgramVersion: 7.3.2  TimeStamp: 2026/03/13-03:20:45-GMT  BuildTime: Aug  4 2022 06:17:15  BuildStamp: freesurfer-linux-ubuntu22_x86_64-7.3.2-20220804-6354275  User: oesteban  Machine: dna020  Platform: Linux  PlatformVersion: 5.14.0-427.37.1.el9_4.x86_64  CompilerName: GCC  CompilerVersion: 8.4.0
ProgramName: mris_sphere  ProgramArguments: mris_sphere -all-info  ProgramVersion: 7.3.2  TimeStamp: 2026/03/13-03:20:45-GMT  BuildTime: Aug  4 2022 06:17:15  BuildStamp: freesurfer-linux-ubuntu22_x86_64-7.3.2-20220804-6354275  User: oesteban  Machine: dna020  Platform: Linux  PlatformVersion: 5.14.0-427.37.1.el9_4.x86_64  CompilerName: GCC  CompilerVersion: 8.4.0
ProgramName: mris_surface_stats  ProgramArguments: mris_surface_stats -all-info  ProgramVersion: 7.3.2  TimeStamp: 2026/03/13-03:20:45-GMT  BuildTime: Aug  4 2022 06:17:15  BuildStamp: freesurfer-linux-ubuntu22_x86_64-7.3.2-20220804-6354275  User: oesteban  Machine: dna020  Platform: Linux  PlatformVersion: 5.14.0-427.37.1.el9_4.x86_64  CompilerName: GCC  CompilerVersion: 8.4.0
ProgramName: mri_stats2seg  ProgramArguments: mri_stats2seg -all-info  ProgramVersion: 7.3.2  TimeStamp: 2026/03/13-03:20:45-GMT  BuildTime: Aug  4 2022 06:17:15  BuildStamp: freesurfer-linux-ubuntu22_x86_64-7.3.2-20220804-6354275  User: oesteban  Machine: dna020  Platform: Linux  PlatformVersion: 5.14.0-427.37.1.el9_4.x86_64  CompilerName: GCC  CompilerVersion: 8.4.0
ProgramName: mris_thickness  ProgramArguments: mris_thickness -all-info  ProgramVersion: 7.3.2  TimeStamp: 2026/03/13-03:20:45-GMT  BuildTime: Aug  4 2022 06:17:15  BuildStamp: freesurfer-linux-ubuntu22_x86_64-7.3.2-20220804-6354275  User: oesteban  Machine: dna020  Platform: Linux  PlatformVersion: 5.14.0-427.37.1.el9_4.x86_64  CompilerName: GCC  CompilerVersion: 8.4.0
ProgramName: mris_thickness_diff  ProgramArguments: mris_thickness_diff -all-info  ProgramVersion: 7.3.2  TimeStamp: 2026/03/13-03:20:45-GMT  BuildTime: Aug  4 2022 06:17:15  BuildStamp: freesurfer-linux-ubuntu22_x86_64-7.3.2-20220804-6354275  User: oesteban  Machine: dna020  Platform: Linux  PlatformVersion: 5.14.0-427.37.1.el9_4.x86_64  CompilerName: GCC  CompilerVersion: 8.4.0
ProgramName: mris_topo_fixer  ProgramArguments: mris_topo_fixer -all-info  ProgramVersion: 7.3.2  TimeStamp: 2026/03/13-03:20:45-GMT  BuildTime: Aug  4 2022 06:17:15  BuildStamp: freesurfer-linux-ubuntu22_x86_64-7.3.2-20220804-6354275  User: oesteban  Machine: dna020  Platform: Linux  PlatformVersion: 5.14.0-427.37.1.el9_4.x86_64  CompilerName: GCC  CompilerVersion: 8.4.0
ProgramName: mri_surf2surf  ProgramArguments: mri_surf2surf -all-info  ProgramVersion: 7.3.2  TimeStamp: 2026/03/13-03:20:45-GMT  BuildTime: Aug  4 2022 06:17:15  BuildStamp: freesurfer-linux-ubuntu22_x86_64-7.3.2-20220804-6354275  User: oesteban  Machine: dna020  Platform: Linux  PlatformVersion: 5.14.0-427.37.1.el9_4.x86_64  CompilerName: GCC  CompilerVersion: 8.4.0
ProgramName: mri_surf2vol  ProgramArguments: mri_surf2vol -all-info  ProgramVersion: 7.3.2  TimeStamp: 2026/03/13-03:20:45-GMT  BuildTime: Aug  4 2022 06:17:15  BuildStamp: freesurfer-linux-ubuntu22_x86_64-7.3.2-20220804-6354275  User: oesteban  Machine: dna020  Platform: Linux  PlatformVersion: 5.14.0-427.37.1.el9_4.x86_64  CompilerName: GCC  CompilerVersion: 8.4.0
ProgramName: mri_surfcluster  ProgramArguments: mri_surfcluster -all-info  ProgramVersion: 7.3.2  TimeStamp: 2026/03/13-03:20:45-GMT  BuildTime: Aug  4 2022 06:17:15  BuildStamp: freesurfer-linux-ubuntu22_x86_64-7.3.2-20220804-6354275  User: oesteban  Machine: dna020  Platform: Linux  PlatformVersion: 5.14.0-427.37.1.el9_4.x86_64  CompilerName: GCC  CompilerVersion: 8.4.0
ProgramName: mris_volmask  ProgramArguments: mris_volmask -all-info  ProgramVersion: 7.3.2  TimeStamp: 2026/03/13-03:20:45-GMT  BuildTime: Aug  4 2022 06:17:15  BuildStamp: freesurfer-linux-ubuntu22_x86_64-7.3.2-20220804-6354275  User: oesteban  Machine: dna020  Platform: Linux  PlatformVersion: 5.14.0-427.37.1.el9_4.x86_64  CompilerName: GCC  CompilerVersion: 8.4.0
ProgramName: mri_tessellate  ProgramArguments: mri_tessellate -all-info  ProgramVersion: 7.3.2  TimeStamp: 2026/03/13-03:20:45-GMT  BuildTime: Aug  4 2022 06:17:15  BuildStamp: freesurfer-linux-ubuntu22_x86_64-7.3.2-20220804-6354275  User: oesteban  Machine: dna020  Platform: Linux  PlatformVersion: 5.14.0-427.37.1.el9_4.x86_64  CompilerName: GCC  CompilerVersion: 8.4.0
ProgramName: mri_vol2surf  ProgramArguments: mri_vol2surf -all-info  ProgramVersion: 7.3.2  TimeStamp: 2026/03/13-03:20:45-GMT  BuildTime: Aug  4 2022 06:17:15  BuildStamp: freesurfer-linux-ubuntu22_x86_64-7.3.2-20220804-6354275  User: oesteban  Machine: dna020  Platform: Linux  PlatformVersion: 5.14.0-427.37.1.el9_4.x86_64  CompilerName: GCC  CompilerVersion: 8.4.0
ProgramName: mri_vol2vol  ProgramArguments: mri_vol2vol -all-info  ProgramVersion: 7.3.2  TimeStamp: 2026/03/13-03:20:45-GMT  BuildTime: Aug  4 2022 06:17:15  BuildStamp: freesurfer-linux-ubuntu22_x86_64-7.3.2-20220804-6354275  User: oesteban  Machine: dna020  Platform: Linux  PlatformVersion: 5.14.0-427.37.1.el9_4.x86_64  CompilerName: GCC  CompilerVersion: 8.4.0
ProgramName: mri_voldiff  ProgramArguments: mri_voldiff -all-info  ProgramVersion: 7.3.2  TimeStamp: 2026/03/13-03:20:45-GMT  BuildTime: Aug  4 2022 06:17:15  BuildStamp: freesurfer-linux-ubuntu22_x86_64-7.3.2-20220804-6354275  User: oesteban  Machine: dna020  Platform: Linux  PlatformVersion: 5.14.0-427.37.1.el9_4.x86_64  CompilerName: GCC  CompilerVersion: 8.4.0
ProgramName: mri_watershed  ProgramArguments: mri_watershed -all-info  ProgramVersion: 7.3.2  TimeStamp: 2026/03/13-03:20:45-GMT  BuildTime: Aug  4 2022 06:17:15  BuildStamp: freesurfer-linux-ubuntu22_x86_64-7.3.2-20220804-6354275  User: oesteban  Machine: dna020  Platform: Linux  PlatformVersion: 5.14.0-427.37.1.el9_4.x86_64  CompilerName: GCC  CompilerVersion: 8.4.0
ProgramName: tkregister2  ProgramArguments: tkregister2_cmdl -all-info  ProgramVersion: 7.3.2  TimeStamp: 2026/03/13-03:20:45-GMT  BuildTime: Aug  4 2022 06:17:15  BuildStamp: freesurfer-linux-ubuntu22_x86_64-7.3.2-20220804-6354275  User: oesteban  Machine: dna020  Platform: Linux  PlatformVersion: 5.14.0-427.37.1.el9_4.x86_64  CompilerName: GCC  CompilerVersion: 8.4.0
mri_motion_correct.fsl 7.3.2
mri_convert -all-info 
ProgramName: mri_convert  ProgramArguments: mri_convert -all-info  ProgramVersion: 7.3.2  TimeStamp: 2026/03/13-03:20:45-GMT  BuildTime: Aug  4 2022 06:17:15  BuildStamp: freesurfer-linux-ubuntu22_x86_64-7.3.2-20220804-6354275  User: oesteban  Machine: dna020  Platform: Linux  PlatformVersion: 5.14.0-427.37.1.el9_4.x86_64  CompilerName: GCC  CompilerVersion: 8.4.0
Program nu_correct, built from:
Package MNI N3, version 1.12.0, compiled by nicks@terrier (x86_64-unknown-linux-gnu) on 2015-06-19 at 01:25:34
#######################################
GCADIR /opt/freesurfer/average
GCA RB_all_2020-01-02.gca
GCASkull RB_all_withskull_2020_01_02.gca
AvgCurvTif folding.atlas.acfb40.noaparc.i12.2016-08-02.tif
GCSDIR /opt/freesurfer/average
GCS DKaparc.atlas.acfb40.noaparc.i12.2016-08-02.gcs
#######################################
#-------------------------------------
#@# EM Registration Fri Mar 13 04:20:45 CET 2026
/out/sourcedata/freesurfer/sub-v2s4x29595_ses-1/mri

 mri_em_register -uns 3 -mask brainmask.mgz nu.mgz /opt/freesurfer/average/RB_all_2020-01-02.gca transforms/talairach.lta 

setting unknown_nbr_spacing = 3
using MR volume brainmask.mgz to mask input volume...

== Number of threads available to mri_em_register for OpenMP = 16 == 
reading 1 input volumes...
logging results to talairach.log
reading '/opt/freesurfer/average/RB_all_2020-01-02.gca'...
GCAread took 0 minutes and 1 seconds.
average std = 7.2   using min determinant for regularization = 5.2
0 singular and 884 ill-conditioned covariance matrices regularized
reading 'nu.mgz'...
MRImask(): AllowDiffGeom = 1
MRImask(): AllowDiffGeom = 1
MRImask(): AllowDiffGeom = 1
MRImask(): AllowDiffGeom = 1
MRImask(): AllowDiffGeom = 1
freeing gibbs priors...done.
accounting for voxel sizes in initial transform
bounding unknown intensity as < 5.9 or > 519.0 
total sample mean = 79.1 (1017 zeros)
************************************************
spacing=8, using 2841 sample points, tol=1.00e-05...
************************************************
register_mri: find_optimal_transform
find_optimal_transform: nsamples 2841, passno 0, spacing 8
resetting wm mean[0]: 98 --> 107
resetting gm mean[0]: 61 --> 61
input volume #1 is the most T1-like
using real data threshold=31.4
skull bounding box = (60, 48, 34) --> (195, 160, 192)
finding center of left hemi white matter
using (105, 85, 113) as brain centroid of Right_Cerebral_White_Matter...
MRImask(): AllowDiffGeom = 1
mean wm in atlas = 107, using box (88,71,94) --> (121, 98,132) to find MRI wm
before smoothing, mri peak at 110
robust fit to distribution - 109 +- 3.1
after smoothing, mri peak at 109, scaling input intensities by 0.982
scaling channel 0 by 0.981651
initial log_p = -4.100
************************************************
First Search limited to translation only.
************************************************
max log p =    -4.021613 @ (-10.526, 10.526, -10.526)
max log p =    -3.841365 @ (5.263, 5.263, 5.263)
max log p =    -3.759146 @ (2.632, -7.895, 2.632)
max log p =    -3.746839 @ (1.316, 3.947, -1.316)
max log p =    -3.715398 @ (-0.658, -0.658, 0.658)
max log p =    -3.715398 @ (0.000, 0.000, 0.000)
max log p =    -3.715398 @ (0.000, 0.000, 0.000)
max log p =    -3.715398 @ (0.000, 0.000, 0.000)
Found translation: (-2.0, 11.2, -3.3): log p = -3.715
****************************************
Nine parameter search.  iteration 0 nscales = 0 ...
****************************************
Result so far: scale 1.000: max_log_p=-3.537, old_max_log_p =-3.715 (thresh=-3.7)
 1.00000   0.00000   0.00000  -1.97369;
 0.00000   1.11081   0.29764  -33.15229;
 0.00000  -0.27823   1.03837   22.61767;
 0.00000   0.00000   0.00000   1.00000;
iteration took 0 minutes and 13 seconds.
****************************************
Nine parameter search.  iteration 1 nscales = 0 ...
****************************************
Result so far: scale 1.000: max_log_p=-3.537, old_max_log_p =-3.537 (thresh=-3.5)
 1.00000   0.00000   0.00000  -1.97369;
 0.00000   1.11081   0.29764  -33.15229;
 0.00000  -0.27823   1.03837   22.61767;
 0.00000   0.00000   0.00000   1.00000;
reducing scale to 0.2500
iteration took 0 minutes and 19 seconds.
****************************************
Nine parameter search.  iteration 2 nscales = 1 ...
****************************************
Result so far: scale 0.250: max_log_p=-3.509, old_max_log_p =-3.537 (thresh=-3.5)
 1.01657  -0.07401  -0.01983   6.04981;
 0.06295   1.06687   0.28587  -35.22804;
 0.00000  -0.27823   1.03837   22.61767;
 0.00000   0.00000   0.00000   1.00000;
iteration took 0 minutes and 12 seconds.
****************************************
Nine parameter search.  iteration 3 nscales = 1 ...
****************************************
Result so far: scale 0.250: max_log_p=-3.508, old_max_log_p =-3.509 (thresh=-3.5)
 1.03717  -0.03980  -0.01066  -1.29891;
 0.02966   1.06872   0.28636  -31.19440;
 0.00000  -0.27301   1.01890   24.17024;
 0.00000   0.00000   0.00000   1.00000;
reducing scale to 0.0625
iteration took 0 minutes and 19 seconds.
****************************************
Nine parameter search.  iteration 4 nscales = 2 ...
****************************************
Result so far: scale 0.062: max_log_p=-3.486, old_max_log_p =-3.508 (thresh=-3.5)
 1.03641  -0.05281  -0.03202   2.52681;
 0.04646   1.06425   0.28487  -31.77592;
 0.01701  -0.27427   1.02098   21.88984;
 0.00000   0.00000   0.00000   1.00000;
iteration took 0 minutes and 11 seconds.
****************************************
Nine parameter search.  iteration 5 nscales = 2 ...
****************************************
Result so far: scale 0.062: max_log_p=-3.486, old_max_log_p =-3.486 (thresh=-3.5)
 1.03641  -0.05281  -0.03202   2.52681;
 0.04646   1.06425   0.28487  -31.77592;
 0.01701  -0.27427   1.02098   21.88984;
 0.00000   0.00000   0.00000   1.00000;
min search scale 0.025000 reached
***********************************************
Computing MAP estimate using 2841 samples...
***********************************************
dt = 5.00e-06, momentum=0.80, tol=1.00e-05
l_intensity = 1.0000
Aligning input volume to GCA...
Transform matrix
 1.03641  -0.05281  -0.03202   2.52681;
 0.04646   1.06425   0.28487  -31.77592;
 0.01701  -0.27427   1.02098   21.88984;
 0.00000   0.00000   0.00000   1.00000;
nsamples 2841
Quasinewton: input matrix
 1.03641  -0.05281  -0.03202   2.52681;
 0.04646   1.06425   0.28487  -31.77592;
 0.01701  -0.27427   1.02098   21.88984;
 0.00000   0.00000   0.00000   1.00000;
 IFLAG= -1  LINE SEARCH FAILED. SEE DOCUMENTATION OF ROUTINE MCSRCH ERROR RETURN OF LINE SEARCH: INFO= 3 POSSIBLE CAUSES: FUNCTION OR GRADIENT ARE INCORRECT OR INCORRECT TOLERANCESoutof QuasiNewtonEMA: 008: -log(p) =   -0.0  tol 0.000010
Resulting transform:
 1.03641  -0.05281  -0.03202   2.52681;
 0.04646   1.06425   0.28487  -31.77592;
 0.01701  -0.27427   1.02098   21.88984;
 0.00000   0.00000   0.00000   1.00000;

pass 1, spacing 8: log(p) = -3.486 (old=-4.100)
transform before final EM align:
 1.03641  -0.05281  -0.03202   2.52681;
 0.04646   1.06425   0.28487  -31.77592;
 0.01701  -0.27427   1.02098   21.88984;
 0.00000   0.00000   0.00000   1.00000;

**************************************************
 EM alignment process ...
 Computing final MAP estimate using 315638 samples. 
**************************************************
dt = 5.00e-06, momentum=0.80, tol=1.00e-07
l_intensity = 1.0000
Aligning input volume to GCA...
Transform matrix
 1.03641  -0.05281  -0.03202   2.52681;
 0.04646   1.06425   0.28487  -31.77592;
 0.01701  -0.27427   1.02098   21.88984;
 0.00000   0.00000   0.00000   1.00000;
nsamples 315638
Quasinewton: input matrix
 1.03641  -0.05281  -0.03202   2.52681;
 0.04646   1.06425   0.28487  -31.77592;
 0.01701  -0.27427   1.02098   21.88984;
 0.00000   0.00000   0.00000   1.00000;
dfp_em_step_func: 009: -log(p) = 4.0
after pass:transform: ( 1.04, -0.05, -0.03, 2.53)
                      ( 0.05, 1.06, 0.28, -31.78)
                      ( 0.02, -0.27, 1.02, 21.89)
 IFLAG= -1  LINE SEARCH FAILED. SEE DOCUMENTATION OF ROUTINE MCSRCH ERROR RETURN OF LINE SEARCH: INFO= 3 POSSIBLE CAUSES: FUNCTION OR GRADIENT ARE INCORRECT OR INCORRECT TOLERANCESpass 2 through quasi-newton minimization...
 IFLAG= -1  LINE SEARCH FAILED. SEE DOCUMENTATION OF ROUTINE MCSRCH ERROR RETURN OF LINE SEARCH: INFO= 6 POSSIBLE CAUSES: FUNCTION OR GRADIENT ARE INCORRECT OR INCORRECT TOLERANCESoutof QuasiNewtonEMA: 011: -log(p) =    4.0  tol 0.000000
final transform:
 1.03641  -0.05281  -0.03202   2.52681;
 0.04646   1.06425   0.28487  -31.77592;
 0.01701  -0.27427   1.02098   21.88984;
 0.00000   0.00000   0.00000   1.00000;

writing output transformation to transforms/talairach.lta...
#VMPC# mri_em_register VmPeak  891280
FSRUNTIME@ mri_em_register  0.0423 hours 16 threads
registration took 2 minutes and 32 seconds.

Started at Fri Mar 13 04:20:45 CET 2026 
Ended   at Fri Mar 13 04:23:17 CET 2026
#@#%# recon-all-run-time-hours 0.042
recon-all -s sub-v2s4x29595_ses-1 finished without error at Fri Mar 13 04:23:17 CET 2026



#New# invocation of recon-all 




Fri Mar 13 04:23:19 CET 2026
cd /out/sourcedata/freesurfer/sub-v2s4x29595_ses-1
setenv SUBJECTS_DIR /out/sourcedata/freesurfer
/opt/freesurfer/bin/recon-all -autorecon2-volonly -openmp 16 -subjid sub-v2s4x29595_ses-1 -sd /out/sourcedata/freesurfer -nogcareg

subjid sub-v2s4x29595_ses-1
setenv SUBJECTS_DIR /out/sourcedata/freesurfer
FREESURFER_HOME /opt/freesurfer
Actual FREESURFER_HOME /opt/freesurfer
build-stamp.txt: freesurfer-linux-ubuntu22_x86_64-7.3.2-20220804-6354275
Linux dna020 5.14.0-427.37.1.el9_4.x86_64 #1 SMP PREEMPT_DYNAMIC Fri Sep 13 12:41:50 EDT 2024 x86_64 x86_64 x86_64 GNU/Linux
cputime      unlimited
filesize     unlimited
datasize     unlimited
stacksize    8192 kbytes
coredumpsize 0 kbytes
memoryuse    67108864 kbytes
vmemoryuse   unlimited
descriptors  1024 
memorylocked unlimited
maxproc      2061970 
maxlocks     unlimited
maxsignal    2061970 
maxmessage   819200 
maxnice      0 
maxrtprio    0 
maxrttime    unlimited

               total        used        free      shared  buff/cache   available
Mem:           503Gi        52Gi       313Gi        36Gi       136Gi       410Gi
Swap:             0B          0B          0B

########################################
program versions used
7.3.2 (freesurfer-linux-ubuntu22_x86_64-7.3.2-20220804-6354275)
7.3.2

ProgramName: lta_convert  ProgramArguments: lta_convert -all-info  ProgramVersion: 7.3.2  TimeStamp: 2026/03/13-03:23:19-GMT  BuildTime: Aug  4 2022 06:17:15  BuildStamp: freesurfer-linux-ubuntu22_x86_64-7.3.2-20220804-6354275  User: oesteban  Machine: dna020  Platform: Linux  PlatformVersion: 5.14.0-427.37.1.el9_4.x86_64  CompilerName: GCC  CompilerVersion: 8.4.0
ProgramName: mri_and  ProgramArguments: mri_and -all-info  ProgramVersion: 7.3.2  TimeStamp: 2026/03/13-03:23:19-GMT  BuildTime: Aug  4 2022 06:17:15  BuildStamp: freesurfer-linux-ubuntu22_x86_64-7.3.2-20220804-6354275  User: oesteban  Machine: dna020  Platform: Linux  PlatformVersion: 5.14.0-427.37.1.el9_4.x86_64  CompilerName: GCC  CompilerVersion: 8.4.0
ProgramName: mri_annotation2label  ProgramArguments: mri_annotation2label -all-info  ProgramVersion: 7.3.2  TimeStamp: 2026/03/13-03:23:19-GMT  BuildTime: Aug  4 2022 06:17:15  BuildStamp: freesurfer-linux-ubuntu22_x86_64-7.3.2-20220804-6354275  User: oesteban  Machine: dna020  Platform: Linux  PlatformVersion: 5.14.0-427.37.1.el9_4.x86_64  CompilerName: GCC  CompilerVersion: 8.4.0
ProgramName: mri_aparc2aseg  ProgramArguments: mri_aparc2aseg -all-info  ProgramVersion: 7.3.2  TimeStamp: 2026/03/13-03:23:19-GMT  BuildTime: Aug  4 2022 06:17:15  BuildStamp: freesurfer-linux-ubuntu22_x86_64-7.3.2-20220804-6354275  User: oesteban  Machine: dna020  Platform: Linux  PlatformVersion: 5.14.0-427.37.1.el9_4.x86_64  CompilerName: GCC  CompilerVersion: 8.4.0
ProgramName: mri_surf2volseg  ProgramArguments: mri_surf2volseg -all-info  ProgramVersion: 7.3.2  TimeStamp: 2026/03/13-03:23:19-GMT  BuildTime: Aug  4 2022 06:17:15  BuildStamp: freesurfer-linux-ubuntu22_x86_64-7.3.2-20220804-6354275  User: oesteban  Machine: dna020  Platform: Linux  PlatformVersion: 5.14.0-427.37.1.el9_4.x86_64  CompilerName: GCC  CompilerVersion: 8.4.0
ProgramName: mri_binarize  ProgramArguments: mri_binarize -all-info  ProgramVersion: 7.3.2  TimeStamp: 2026/03/13-03:23:19-GMT  BuildTime: Aug  4 2022 06:17:15  BuildStamp: freesurfer-linux-ubuntu22_x86_64-7.3.2-20220804-6354275  User: oesteban  Machine: dna020  Platform: Linux  PlatformVersion: 5.14.0-427.37.1.el9_4.x86_64  CompilerName: GCC  CompilerVersion: 8.4.0
ProgramName: mri_ca_label  ProgramArguments: mri_ca_label -all-info  ProgramVersion: 7.3.2  TimeStamp: 2026/03/13-03:23:19-GMT  BuildTime: Aug  4 2022 06:17:15  BuildStamp: freesurfer-linux-ubuntu22_x86_64-7.3.2-20220804-6354275  User: oesteban  Machine: dna020  Platform: Linux  PlatformVersion: 5.14.0-427.37.1.el9_4.x86_64  CompilerName: GCC  CompilerVersion: 8.4.0
ProgramName: mri_ca_normalize  ProgramArguments: mri_ca_normalize -all-info  ProgramVersion: 7.3.2  TimeStamp: 2026/03/13-03:23:19-GMT  BuildTime: Aug  4 2022 06:17:15  BuildStamp: freesurfer-linux-ubuntu22_x86_64-7.3.2-20220804-6354275  User: oesteban  Machine: dna020  Platform: Linux  PlatformVersion: 5.14.0-427.37.1.el9_4.x86_64  CompilerName: GCC  CompilerVersion: 8.4.0
ProgramName: mri_ca_register  ProgramArguments: mri_ca_register -all-info  ProgramVersion: 7.3.2  TimeStamp: 2026/03/13-03:23:19-GMT  BuildTime: Aug  4 2022 06:17:15  BuildStamp: freesurfer-linux-ubuntu22_x86_64-7.3.2-20220804-6354275  User: oesteban  Machine: dna020  Platform: Linux  PlatformVersion: 5.14.0-427.37.1.el9_4.x86_64  CompilerName: GCC  CompilerVersion: 8.4.0
ProgramName: mri_cc  ProgramArguments: mri_cc -all-info  ProgramVersion: 7.3.2  TimeStamp: 2026/03/13-03:23:19-GMT  BuildTime: Aug  4 2022 06:17:15  BuildStamp: freesurfer-linux-ubuntu22_x86_64-7.3.2-20220804-6354275  User: oesteban  Machine: dna020  Platform: Linux  PlatformVersion: 5.14.0-427.37.1.el9_4.x86_64  CompilerName: GCC  CompilerVersion: 8.4.0
ProgramName: mri_compute_overlap  ProgramArguments: mri_compute_overlap -all-info  ProgramVersion: 7.3.2  TimeStamp: 2026/03/13-03:23:19-GMT  BuildTime: Aug  4 2022 06:17:15  BuildStamp: freesurfer-linux-ubuntu22_x86_64-7.3.2-20220804-6354275  User: oesteban  Machine: dna020  Platform: Linux  PlatformVersion: 5.14.0-427.37.1.el9_4.x86_64  CompilerName: GCC  CompilerVersion: 8.4.0
ProgramName: mri_compute_seg_overlap  ProgramArguments: mri_compute_seg_overlap -all-info  ProgramVersion: 7.3.2  TimeStamp: 2026/03/13-03:23:19-GMT  BuildTime: Aug  4 2022 06:17:15  BuildStamp: freesurfer-linux-ubuntu22_x86_64-7.3.2-20220804-6354275  User: oesteban  Machine: dna020  Platform: Linux  PlatformVersion: 5.14.0-427.37.1.el9_4.x86_64  CompilerName: GCC  CompilerVersion: 8.4.0
ProgramName: mri_concat  ProgramArguments: mri_concat -all-info  ProgramVersion: 7.3.2  TimeStamp: 2026/03/13-03:23:19-GMT  BuildTime: Aug  4 2022 06:17:15  BuildStamp: freesurfer-linux-ubuntu22_x86_64-7.3.2-20220804-6354275  User: oesteban  Machine: dna020  Platform: Linux  PlatformVersion: 5.14.0-427.37.1.el9_4.x86_64  CompilerName: GCC  CompilerVersion: 8.4.0
ProgramName: mri_concatenate_lta  ProgramArguments: mri_concatenate_lta -all-info  ProgramVersion: 7.3.2  TimeStamp: 2026/03/13-03:23:19-GMT  BuildTime: Aug  4 2022 06:17:15  BuildStamp: freesurfer-linux-ubuntu22_x86_64-7.3.2-20220804-6354275  User: oesteban  Machine: dna020  Platform: Linux  PlatformVersion: 5.14.0-427.37.1.el9_4.x86_64  CompilerName: GCC  CompilerVersion: 8.4.0
mri_convert -all-info 
ProgramName: mri_convert  ProgramArguments: mri_convert -all-info  ProgramVersion: 7.3.2  TimeStamp: 2026/03/13-03:23:19-GMT  BuildTime: Aug  4 2022 06:17:15  BuildStamp: freesurfer-linux-ubuntu22_x86_64-7.3.2-20220804-6354275  User: oesteban  Machine: dna020  Platform: Linux  PlatformVersion: 5.14.0-427.37.1.el9_4.x86_64  CompilerName: GCC  CompilerVersion: 8.4.0
ProgramName: mri_diff  ProgramArguments: mri_diff -all-info  ProgramVersion: 7.3.2  TimeStamp: 2026/03/13-03:23:19-GMT  BuildTime: Aug  4 2022 06:17:15  BuildStamp: freesurfer-linux-ubuntu22_x86_64-7.3.2-20220804-6354275  User: oesteban  Machine: dna020  Platform: Linux  PlatformVersion: 5.14.0-427.37.1.el9_4.x86_64  CompilerName: GCC  CompilerVersion: 8.4.0
ProgramName: mri_edit_wm_with_aseg  ProgramArguments: mri_edit_wm_with_aseg -all-info  ProgramVersion: 7.3.2  TimeStamp: 2026/03/13-03:23:19-GMT  BuildTime: Aug  4 2022 06:17:15  BuildStamp: freesurfer-linux-ubuntu22_x86_64-7.3.2-20220804-6354275  User: oesteban  Machine: dna020  Platform: Linux  PlatformVersion: 5.14.0-427.37.1.el9_4.x86_64  CompilerName: GCC  CompilerVersion: 8.4.0
ProgramName: mri_em_register  ProgramArguments: mri_em_register -all-info  ProgramVersion: 7.3.2  TimeStamp: 2026/03/13-03:23:19-GMT  BuildTime: Aug  4 2022 06:17:15  BuildStamp: freesurfer-linux-ubuntu22_x86_64-7.3.2-20220804-6354275  User: oesteban  Machine: dna020  Platform: Linux  PlatformVersion: 5.14.0-427.37.1.el9_4.x86_64  CompilerName: GCC  CompilerVersion: 8.4.0
ProgramName: mri_fill  ProgramArguments: mri_fill -all-info  ProgramVersion: 7.3.2  TimeStamp: 2026/03/13-03:23:19-GMT  BuildTime: Aug  4 2022 06:17:15  BuildStamp: freesurfer-linux-ubuntu22_x86_64-7.3.2-20220804-6354275  User: oesteban  Machine: dna020  Platform: Linux  PlatformVersion: 5.14.0-427.37.1.el9_4.x86_64  CompilerName: GCC  CompilerVersion: 8.4.0
ProgramName: mri_fuse_segmentations  ProgramArguments: mri_fuse_segmentations -all-info  ProgramVersion: 7.3.2  TimeStamp: 2026/03/13-03:23:19-GMT  BuildTime: Aug  4 2022 06:17:15  BuildStamp: freesurfer-linux-ubuntu22_x86_64-7.3.2-20220804-6354275  User: oesteban  Machine: dna020  Platform: Linux  PlatformVersion: 5.14.0-427.37.1.el9_4.x86_64  CompilerName: GCC  CompilerVersion: 8.4.0
ProgramName: mri_fwhm  ProgramArguments: mri_fwhm -all-info  ProgramVersion: 7.3.2  TimeStamp: 2026/03/13-03:23:19-GMT  BuildTime: Aug  4 2022 06:17:15  BuildStamp: freesurfer-linux-ubuntu22_x86_64-7.3.2-20220804-6354275  User: oesteban  Machine: dna020  Platform: Linux  PlatformVersion: 5.14.0-427.37.1.el9_4.x86_64  CompilerName: GCC  CompilerVersion: 8.4.0
ProgramName: mri_gcut  ProgramArguments: mri_gcut -all-info  ProgramVersion: 7.3.2  TimeStamp: 2026/03/13-03:23:19-GMT  BuildTime: Aug  4 2022 06:17:15  BuildStamp: freesurfer-linux-ubuntu22_x86_64-7.3.2-20220804-6354275  User: oesteban  Machine: dna020  Platform: Linux  PlatformVersion: 5.14.0-427.37.1.el9_4.x86_64  CompilerName: GCC  CompilerVersion: 8.4.0
ProgramName: mri_info  ProgramArguments: mri_info -all-info  ProgramVersion: 7.3.2  TimeStamp: 2026/03/13-03:23:19-GMT  BuildTime: Aug  4 2022 06:17:15  BuildStamp: freesurfer-linux-ubuntu22_x86_64-7.3.2-20220804-6354275  User: oesteban  Machine: dna020  Platform: Linux  PlatformVersion: 5.14.0-427.37.1.el9_4.x86_64  CompilerName: GCC  CompilerVersion: 8.4.0
ProgramName: mri_label2label  ProgramArguments: mri_label2label -all-info  ProgramVersion: 7.3.2  TimeStamp: 2026/03/13-03:23:19-GMT  BuildTime: Aug  4 2022 06:17:15  BuildStamp: freesurfer-linux-ubuntu22_x86_64-7.3.2-20220804-6354275  User: oesteban  Machine: dna020  Platform: Linux  PlatformVersion: 5.14.0-427.37.1.el9_4.x86_64  CompilerName: GCC  CompilerVersion: 8.4.0
ProgramName: mri_label2vol  ProgramArguments: mri_label2vol -all-info  ProgramVersion: 7.3.2  TimeStamp: 2026/03/13-03:23:19-GMT  BuildTime: Aug  4 2022 06:17:15  BuildStamp: freesurfer-linux-ubuntu22_x86_64-7.3.2-20220804-6354275  User: oesteban  Machine: dna020  Platform: Linux  PlatformVersion: 5.14.0-427.37.1.el9_4.x86_64  CompilerName: GCC  CompilerVersion: 8.4.0
ProgramName: mri_log_likelihood  ProgramArguments: mri_log_likelihood -all-info  ProgramVersion: 7.3.2  TimeStamp: 2026/03/13-03:23:19-GMT  BuildTime: Aug  4 2022 06:17:15  BuildStamp: freesurfer-linux-ubuntu22_x86_64-7.3.2-20220804-6354275  User: oesteban  Machine: dna020  Platform: Linux  PlatformVersion: 5.14.0-427.37.1.el9_4.x86_64  CompilerName: GCC  CompilerVersion: 8.4.0
ProgramName: mri_mask  ProgramArguments: mri_mask -all-info  ProgramVersion: 7.3.2  TimeStamp: 2026/03/13-03:23:19-GMT  BuildTime: Aug  4 2022 06:17:15  BuildStamp: freesurfer-linux-ubuntu22_x86_64-7.3.2-20220804-6354275  User: oesteban  Machine: dna020  Platform: Linux  PlatformVersion: 5.14.0-427.37.1.el9_4.x86_64  CompilerName: GCC  CompilerVersion: 8.4.0
ProgramName: mri_matrix_multiply  ProgramArguments: mri_matrix_multiply -all-info  ProgramVersion: 7.3.2  TimeStamp: 2026/03/13-03:23:19-GMT  BuildTime: Aug  4 2022 06:17:15  BuildStamp: freesurfer-linux-ubuntu22_x86_64-7.3.2-20220804-6354275  User: oesteban  Machine: dna020  Platform: Linux  PlatformVersion: 5.14.0-427.37.1.el9_4.x86_64  CompilerName: GCC  CompilerVersion: 8.4.0
ProgramName: mri_normalize  ProgramArguments: mri_normalize -all-info  ProgramVersion: 7.3.2  TimeStamp: 2026/03/13-03:23:19-GMT  BuildTime: Aug  4 2022 06:17:15  BuildStamp: freesurfer-linux-ubuntu22_x86_64-7.3.2-20220804-6354275  User: oesteban  Machine: dna020  Platform: Linux  PlatformVersion: 5.14.0-427.37.1.el9_4.x86_64  CompilerName: GCC  CompilerVersion: 8.4.0
ProgramName: mri_normalize_tp2  ProgramArguments: mri_normalize_tp2 -all-info  ProgramVersion: 7.3.2  TimeStamp: 2026/03/13-03:23:19-GMT  BuildTime: Aug  4 2022 06:17:15  BuildStamp: freesurfer-linux-ubuntu22_x86_64-7.3.2-20220804-6354275  User: oesteban  Machine: dna020  Platform: Linux  PlatformVersion: 5.14.0-427.37.1.el9_4.x86_64  CompilerName: GCC  CompilerVersion: 8.4.0
ProgramName: mri_or  ProgramArguments: mri_or -all-info  ProgramVersion: 7.3.2  TimeStamp: 2026/03/13-03:23:19-GMT  BuildTime: Aug  4 2022 06:17:15  BuildStamp: freesurfer-linux-ubuntu22_x86_64-7.3.2-20220804-6354275  User: oesteban  Machine: dna020  Platform: Linux  PlatformVersion: 5.14.0-427.37.1.el9_4.x86_64  CompilerName: GCC  CompilerVersion: 8.4.0
ProgramName: mri_relabel_hypointensities  ProgramArguments: mri_relabel_hypointensities -all-info  ProgramVersion: 7.3.2  TimeStamp: 2026/03/13-03:23:19-GMT  BuildTime: Aug  4 2022 06:17:15  BuildStamp: freesurfer-linux-ubuntu22_x86_64-7.3.2-20220804-6354275  User: oesteban  Machine: dna020  Platform: Linux  PlatformVersion: 5.14.0-427.37.1.el9_4.x86_64  CompilerName: GCC  CompilerVersion: 8.4.0
ProgramName: mri_relabel_nonwm_hypos  ProgramArguments: mri_relabel_nonwm_hypos -all-info  ProgramVersion: 7.3.2  TimeStamp: 2026/03/13-03:23:19-GMT  BuildTime: Aug  4 2022 06:17:15  BuildStamp: freesurfer-linux-ubuntu22_x86_64-7.3.2-20220804-6354275  User: oesteban  Machine: dna020  Platform: Linux  PlatformVersion: 5.14.0-427.37.1.el9_4.x86_64  CompilerName: GCC  CompilerVersion: 8.4.0
ProgramName: mri_remove_neck  ProgramArguments: mri_remove_neck -all-info  ProgramVersion: 7.3.2  TimeStamp: 2026/03/13-03:23:19-GMT  BuildTime: Aug  4 2022 06:17:15  BuildStamp: freesurfer-linux-ubuntu22_x86_64-7.3.2-20220804-6354275  User: oesteban  Machine: dna020  Platform: Linux  PlatformVersion: 5.14.0-427.37.1.el9_4.x86_64  CompilerName: GCC  CompilerVersion: 8.4.0
7.3.2

ProgramName: mri_robust_register  ProgramArguments: mri_robust_register -all-info  ProgramVersion: 7.3.2  TimeStamp: 2026/03/13-03:23:19-GMT  BuildTime: Aug  4 2022 06:17:15  BuildStamp: freesurfer-linux-ubuntu22_x86_64-7.3.2-20220804-6354275  User: oesteban  Machine: dna020  Platform: Linux  PlatformVersion: 5.14.0-427.37.1.el9_4.x86_64  CompilerName: GCC  CompilerVersion: 8.4.0
7.3.2

ProgramName: mri_robust_template  ProgramArguments: mri_robust_template -all-info  ProgramVersion: 7.3.2  TimeStamp: 2026/03/13-03:23:19-GMT  BuildTime: Aug  4 2022 06:17:15  BuildStamp: freesurfer-linux-ubuntu22_x86_64-7.3.2-20220804-6354275  User: oesteban  Machine: dna020  Platform: Linux  PlatformVersion: 5.14.0-427.37.1.el9_4.x86_64  CompilerName: GCC  CompilerVersion: 8.4.0
ProgramName: mris_anatomical_stats  ProgramArguments: mris_anatomical_stats -all-info  ProgramVersion: 7.3.2  TimeStamp: 2026/03/13-03:23:19-GMT  BuildTime: Aug  4 2022 06:17:15  BuildStamp: freesurfer-linux-ubuntu22_x86_64-7.3.2-20220804-6354275  User: oesteban  Machine: dna020  Platform: Linux  PlatformVersion: 5.14.0-427.37.1.el9_4.x86_64  CompilerName: GCC  CompilerVersion: 8.4.0
ProgramName: mris_ca_label  ProgramArguments: mris_ca_label -all-info  ProgramVersion: 7.3.2  TimeStamp: 2026/03/13-03:23:19-GMT  BuildTime: Aug  4 2022 06:17:15  BuildStamp: freesurfer-linux-ubuntu22_x86_64-7.3.2-20220804-6354275  User: oesteban  Machine: dna020  Platform: Linux  PlatformVersion: 5.14.0-427.37.1.el9_4.x86_64  CompilerName: GCC  CompilerVersion: 8.4.0
ProgramName: mris_calc  ProgramArguments: mris_calc -all-info  ProgramVersion: 7.3.2  TimeStamp: 2026/03/13-03:23:19-GMT  BuildTime: Aug  4 2022 06:17:15  BuildStamp: freesurfer-linux-ubuntu22_x86_64-7.3.2-20220804-6354275  User: oesteban  Machine: dna020  Platform: Linux  PlatformVersion: 5.14.0-427.37.1.el9_4.x86_64  CompilerName: GCC  CompilerVersion: 8.4.0
ProgramName: mris_convert  ProgramArguments: mris_convert -all-info  ProgramVersion: 7.3.2  TimeStamp: 2026/03/13-03:23:19-GMT  BuildTime: Aug  4 2022 06:17:15  BuildStamp: freesurfer-linux-ubuntu22_x86_64-7.3.2-20220804-6354275  User: oesteban  Machine: dna020  Platform: Linux  PlatformVersion: 5.14.0-427.37.1.el9_4.x86_64  CompilerName: GCC  CompilerVersion: 8.4.0
ProgramName: mris_curvature  ProgramArguments: mris_curvature -all-info  ProgramVersion: 7.3.2  TimeStamp: 2026/03/13-03:23:19-GMT  BuildTime: Aug  4 2022 06:17:15  BuildStamp: freesurfer-linux-ubuntu22_x86_64-7.3.2-20220804-6354275  User: oesteban  Machine: dna020  Platform: Linux  PlatformVersion: 5.14.0-427.37.1.el9_4.x86_64  CompilerName: GCC  CompilerVersion: 8.4.0
ProgramName: mris_curvature_stats  ProgramArguments: mris_curvature_stats -all-info  ProgramVersion: 7.3.2  TimeStamp: 2026/03/13-03:23:19-GMT  BuildTime: Aug  4 2022 06:17:15  BuildStamp: freesurfer-linux-ubuntu22_x86_64-7.3.2-20220804-6354275  User: oesteban  Machine: dna020  Platform: Linux  PlatformVersion: 5.14.0-427.37.1.el9_4.x86_64  CompilerName: GCC  CompilerVersion: 8.4.0
ProgramName: mris_diff  ProgramArguments: mris_diff -all-info  ProgramVersion: 7.3.2  TimeStamp: 2026/03/13-03:23:19-GMT  BuildTime: Aug  4 2022 06:17:15  BuildStamp: freesurfer-linux-ubuntu22_x86_64-7.3.2-20220804-6354275  User: oesteban  Machine: dna020  Platform: Linux  PlatformVersion: 5.14.0-427.37.1.el9_4.x86_64  CompilerName: GCC  CompilerVersion: 8.4.0
ProgramName: mris_divide_parcellation  ProgramArguments: mris_divide_parcellation -all-info  ProgramVersion: 7.3.2  TimeStamp: 2026/03/13-03:23:19-GMT  BuildTime: Aug  4 2022 06:17:15  BuildStamp: freesurfer-linux-ubuntu22_x86_64-7.3.2-20220804-6354275  User: oesteban  Machine: dna020  Platform: Linux  PlatformVersion: 5.14.0-427.37.1.el9_4.x86_64  CompilerName: GCC  CompilerVersion: 8.4.0
ProgramName: mri_segment  ProgramArguments: mri_segment -all-info  ProgramVersion: 7.3.2  TimeStamp: 2026/03/13-03:23:19-GMT  BuildTime: Aug  4 2022 06:17:15  BuildStamp: freesurfer-linux-ubuntu22_x86_64-7.3.2-20220804-6354275  User: oesteban  Machine: dna020  Platform: Linux  PlatformVersion: 5.14.0-427.37.1.el9_4.x86_64  CompilerName: GCC  CompilerVersion: 8.4.0
ProgramName: mri_segstats  ProgramArguments: mri_segstats -all-info  ProgramVersion: 7.3.2  TimeStamp: 2026/03/13-03:23:19-GMT  BuildTime: Aug  4 2022 06:17:15  BuildStamp: freesurfer-linux-ubuntu22_x86_64-7.3.2-20220804-6354275  User: oesteban  Machine: dna020  Platform: Linux  PlatformVersion: 5.14.0-427.37.1.el9_4.x86_64  CompilerName: GCC  CompilerVersion: 8.4.0
ProgramName: mris_euler_number  ProgramArguments: mris_euler_number -all-info  ProgramVersion: 7.3.2  TimeStamp: 2026/03/13-03:23:19-GMT  BuildTime: Aug  4 2022 06:17:15  BuildStamp: freesurfer-linux-ubuntu22_x86_64-7.3.2-20220804-6354275  User: oesteban  Machine: dna020  Platform: Linux  PlatformVersion: 5.14.0-427.37.1.el9_4.x86_64  CompilerName: GCC  CompilerVersion: 8.4.0
ProgramName: mris_fix_topology  ProgramArguments: mris_fix_topology -all-info  ProgramVersion: 7.3.2  TimeStamp: 2026/03/13-03:23:19-GMT  BuildTime: Aug  4 2022 06:17:15  BuildStamp: freesurfer-linux-ubuntu22_x86_64-7.3.2-20220804-6354275  User: oesteban  Machine: dna020  Platform: Linux  PlatformVersion: 5.14.0-427.37.1.el9_4.x86_64  CompilerName: GCC  CompilerVersion: 8.4.0
ProgramName: mris_topo_fixer  ProgramArguments: mris_topo_fixer -all-info  ProgramVersion: 7.3.2  TimeStamp: 2026/03/13-03:23:19-GMT  BuildTime: Aug  4 2022 06:17:15  BuildStamp: freesurfer-linux-ubuntu22_x86_64-7.3.2-20220804-6354275  User: oesteban  Machine: dna020  Platform: Linux  PlatformVersion: 5.14.0-427.37.1.el9_4.x86_64  CompilerName: GCC  CompilerVersion: 8.4.0
ProgramName: mris_jacobian  ProgramArguments: mris_jacobian -all-info  ProgramVersion: 7.3.2  TimeStamp: 2026/03/13-03:23:19-GMT  BuildTime: Aug  4 2022 06:17:15  BuildStamp: freesurfer-linux-ubuntu22_x86_64-7.3.2-20220804-6354275  User: oesteban  Machine: dna020  Platform: Linux  PlatformVersion: 5.14.0-427.37.1.el9_4.x86_64  CompilerName: GCC  CompilerVersion: 8.4.0
ProgramName: mris_label2annot  ProgramArguments: mris_label2annot -all-info  ProgramVersion: 7.3.2  TimeStamp: 2026/03/13-03:23:19-GMT  BuildTime: Aug  4 2022 06:17:15  BuildStamp: freesurfer-linux-ubuntu22_x86_64-7.3.2-20220804-6354275  User: oesteban  Machine: dna020  Platform: Linux  PlatformVersion: 5.14.0-427.37.1.el9_4.x86_64  CompilerName: GCC  CompilerVersion: 8.4.0
ProgramName: mris_left_right_register  ProgramArguments: mris_left_right_register -all-info  ProgramVersion: 7.3.2  TimeStamp: 2026/03/13-03:23:19-GMT  BuildTime: Aug  4 2022 06:17:15  BuildStamp: freesurfer-linux-ubuntu22_x86_64-7.3.2-20220804-6354275  User: oesteban  Machine: dna020  Platform: Linux  PlatformVersion: 5.14.0-427.37.1.el9_4.x86_64  CompilerName: GCC  CompilerVersion: 8.4.0
ProgramName: mris_place_surface  ProgramArguments: mris_place_surface -all-info  ProgramVersion: 7.3.2  TimeStamp: 2026/03/13-03:23:19-GMT  BuildTime: Aug  4 2022 06:17:15  BuildStamp: freesurfer-linux-ubuntu22_x86_64-7.3.2-20220804-6354275  User: oesteban  Machine: dna020  Platform: Linux  PlatformVersion: 5.14.0-427.37.1.el9_4.x86_64  CompilerName: GCC  CompilerVersion: 8.4.0
ProgramName: mrisp_paint  ProgramArguments: mrisp_paint -all-info  ProgramVersion: 7.3.2  TimeStamp: 2026/03/13-03:23:19-GMT  BuildTime: Aug  4 2022 06:17:15  BuildStamp: freesurfer-linux-ubuntu22_x86_64-7.3.2-20220804-6354275  User: oesteban  Machine: dna020  Platform: Linux  PlatformVersion: 5.14.0-427.37.1.el9_4.x86_64  CompilerName: GCC  CompilerVersion: 8.4.0
ProgramName: mris_register  ProgramArguments: mris_register -all-info  ProgramVersion: 7.3.2  TimeStamp: 2026/03/13-03:23:19-GMT  BuildTime: Aug  4 2022 06:17:15  BuildStamp: freesurfer-linux-ubuntu22_x86_64-7.3.2-20220804-6354275  User: oesteban  Machine: dna020  Platform: Linux  PlatformVersion: 5.14.0-427.37.1.el9_4.x86_64  CompilerName: GCC  CompilerVersion: 8.4.0
ProgramName: mris_smooth  ProgramArguments: mris_smooth -all-info  ProgramVersion: 7.3.2  TimeStamp: 2026/03/13-03:23:19-GMT  BuildTime: Aug  4 2022 06:17:15  BuildStamp: freesurfer-linux-ubuntu22_x86_64-7.3.2-20220804-6354275  User: oesteban  Machine: dna020  Platform: Linux  PlatformVersion: 5.14.0-427.37.1.el9_4.x86_64  CompilerName: GCC  CompilerVersion: 8.4.0
ProgramName: mris_sphere  ProgramArguments: mris_sphere -all-info  ProgramVersion: 7.3.2  TimeStamp: 2026/03/13-03:23:19-GMT  BuildTime: Aug  4 2022 06:17:15  BuildStamp: freesurfer-linux-ubuntu22_x86_64-7.3.2-20220804-6354275  User: oesteban  Machine: dna020  Platform: Linux  PlatformVersion: 5.14.0-427.37.1.el9_4.x86_64  CompilerName: GCC  CompilerVersion: 8.4.0
ProgramName: mris_surface_stats  ProgramArguments: mris_surface_stats -all-info  ProgramVersion: 7.3.2  TimeStamp: 2026/03/13-03:23:19-GMT  BuildTime: Aug  4 2022 06:17:15  BuildStamp: freesurfer-linux-ubuntu22_x86_64-7.3.2-20220804-6354275  User: oesteban  Machine: dna020  Platform: Linux  PlatformVersion: 5.14.0-427.37.1.el9_4.x86_64  CompilerName: GCC  CompilerVersion: 8.4.0
ProgramName: mri_stats2seg  ProgramArguments: mri_stats2seg -all-info  ProgramVersion: 7.3.2  TimeStamp: 2026/03/13-03:23:19-GMT  BuildTime: Aug  4 2022 06:17:15  BuildStamp: freesurfer-linux-ubuntu22_x86_64-7.3.2-20220804-6354275  User: oesteban  Machine: dna020  Platform: Linux  PlatformVersion: 5.14.0-427.37.1.el9_4.x86_64  CompilerName: GCC  CompilerVersion: 8.4.0
ProgramName: mris_thickness  ProgramArguments: mris_thickness -all-info  ProgramVersion: 7.3.2  TimeStamp: 2026/03/13-03:23:19-GMT  BuildTime: Aug  4 2022 06:17:15  BuildStamp: freesurfer-linux-ubuntu22_x86_64-7.3.2-20220804-6354275  User: oesteban  Machine: dna020  Platform: Linux  PlatformVersion: 5.14.0-427.37.1.el9_4.x86_64  CompilerName: GCC  CompilerVersion: 8.4.0
ProgramName: mris_thickness_diff  ProgramArguments: mris_thickness_diff -all-info  ProgramVersion: 7.3.2  TimeStamp: 2026/03/13-03:23:19-GMT  BuildTime: Aug  4 2022 06:17:15  BuildStamp: freesurfer-linux-ubuntu22_x86_64-7.3.2-20220804-6354275  User: oesteban  Machine: dna020  Platform: Linux  PlatformVersion: 5.14.0-427.37.1.el9_4.x86_64  CompilerName: GCC  CompilerVersion: 8.4.0
ProgramName: mris_topo_fixer  ProgramArguments: mris_topo_fixer -all-info  ProgramVersion: 7.3.2  TimeStamp: 2026/03/13-03:23:19-GMT  BuildTime: Aug  4 2022 06:17:15  BuildStamp: freesurfer-linux-ubuntu22_x86_64-7.3.2-20220804-6354275  User: oesteban  Machine: dna020  Platform: Linux  PlatformVersion: 5.14.0-427.37.1.el9_4.x86_64  CompilerName: GCC  CompilerVersion: 8.4.0
ProgramName: mri_surf2surf  ProgramArguments: mri_surf2surf -all-info  ProgramVersion: 7.3.2  TimeStamp: 2026/03/13-03:23:19-GMT  BuildTime: Aug  4 2022 06:17:15  BuildStamp: freesurfer-linux-ubuntu22_x86_64-7.3.2-20220804-6354275  User: oesteban  Machine: dna020  Platform: Linux  PlatformVersion: 5.14.0-427.37.1.el9_4.x86_64  CompilerName: GCC  CompilerVersion: 8.4.0
ProgramName: mri_surf2vol  ProgramArguments: mri_surf2vol -all-info  ProgramVersion: 7.3.2  TimeStamp: 2026/03/13-03:23:19-GMT  BuildTime: Aug  4 2022 06:17:15  BuildStamp: freesurfer-linux-ubuntu22_x86_64-7.3.2-20220804-6354275  User: oesteban  Machine: dna020  Platform: Linux  PlatformVersion: 5.14.0-427.37.1.el9_4.x86_64  CompilerName: GCC  CompilerVersion: 8.4.0
ProgramName: mri_surfcluster  ProgramArguments: mri_surfcluster -all-info  ProgramVersion: 7.3.2  TimeStamp: 2026/03/13-03:23:19-GMT  BuildTime: Aug  4 2022 06:17:15  BuildStamp: freesurfer-linux-ubuntu22_x86_64-7.3.2-20220804-6354275  User: oesteban  Machine: dna020  Platform: Linux  PlatformVersion: 5.14.0-427.37.1.el9_4.x86_64  CompilerName: GCC  CompilerVersion: 8.4.0
ProgramName: mris_volmask  ProgramArguments: mris_volmask -all-info  ProgramVersion: 7.3.2  TimeStamp: 2026/03/13-03:23:19-GMT  BuildTime: Aug  4 2022 06:17:15  BuildStamp: freesurfer-linux-ubuntu22_x86_64-7.3.2-20220804-6354275  User: oesteban  Machine: dna020  Platform: Linux  PlatformVersion: 5.14.0-427.37.1.el9_4.x86_64  CompilerName: GCC  CompilerVersion: 8.4.0
ProgramName: mri_tessellate  ProgramArguments: mri_tessellate -all-info  ProgramVersion: 7.3.2  TimeStamp: 2026/03/13-03:23:19-GMT  BuildTime: Aug  4 2022 06:17:15  BuildStamp: freesurfer-linux-ubuntu22_x86_64-7.3.2-20220804-6354275  User: oesteban  Machine: dna020  Platform: Linux  PlatformVersion: 5.14.0-427.37.1.el9_4.x86_64  CompilerName: GCC  CompilerVersion: 8.4.0
ProgramName: mri_vol2surf  ProgramArguments: mri_vol2surf -all-info  ProgramVersion: 7.3.2  TimeStamp: 2026/03/13-03:23:19-GMT  BuildTime: Aug  4 2022 06:17:15  BuildStamp: freesurfer-linux-ubuntu22_x86_64-7.3.2-20220804-6354275  User: oesteban  Machine: dna020  Platform: Linux  PlatformVersion: 5.14.0-427.37.1.el9_4.x86_64  CompilerName: GCC  CompilerVersion: 8.4.0
ProgramName: mri_vol2vol  ProgramArguments: mri_vol2vol -all-info  ProgramVersion: 7.3.2  TimeStamp: 2026/03/13-03:23:19-GMT  BuildTime: Aug  4 2022 06:17:15  BuildStamp: freesurfer-linux-ubuntu22_x86_64-7.3.2-20220804-6354275  User: oesteban  Machine: dna020  Platform: Linux  PlatformVersion: 5.14.0-427.37.1.el9_4.x86_64  CompilerName: GCC  CompilerVersion: 8.4.0
ProgramName: mri_voldiff  ProgramArguments: mri_voldiff -all-info  ProgramVersion: 7.3.2  TimeStamp: 2026/03/13-03:23:19-GMT  BuildTime: Aug  4 2022 06:17:15  BuildStamp: freesurfer-linux-ubuntu22_x86_64-7.3.2-20220804-6354275  User: oesteban  Machine: dna020  Platform: Linux  PlatformVersion: 5.14.0-427.37.1.el9_4.x86_64  CompilerName: GCC  CompilerVersion: 8.4.0
ProgramName: mri_watershed  ProgramArguments: mri_watershed -all-info  ProgramVersion: 7.3.2  TimeStamp: 2026/03/13-03:23:19-GMT  BuildTime: Aug  4 2022 06:17:15  BuildStamp: freesurfer-linux-ubuntu22_x86_64-7.3.2-20220804-6354275  User: oesteban  Machine: dna020  Platform: Linux  PlatformVersion: 5.14.0-427.37.1.el9_4.x86_64  CompilerName: GCC  CompilerVersion: 8.4.0
ProgramName: tkregister2  ProgramArguments: tkregister2_cmdl -all-info  ProgramVersion: 7.3.2  TimeStamp: 2026/03/13-03:23:19-GMT  BuildTime: Aug  4 2022 06:17:15  BuildStamp: freesurfer-linux-ubuntu22_x86_64-7.3.2-20220804-6354275  User: oesteban  Machine: dna020  Platform: Linux  PlatformVersion: 5.14.0-427.37.1.el9_4.x86_64  CompilerName: GCC  CompilerVersion: 8.4.0
mri_motion_correct.fsl 7.3.2
mri_convert -all-info 
ProgramName: mri_convert  ProgramArguments: mri_convert -all-info  ProgramVersion: 7.3.2  TimeStamp: 2026/03/13-03:23:19-GMT  BuildTime: Aug  4 2022 06:17:15  BuildStamp: freesurfer-linux-ubuntu22_x86_64-7.3.2-20220804-6354275  User: oesteban  Machine: dna020  Platform: Linux  PlatformVersion: 5.14.0-427.37.1.el9_4.x86_64  CompilerName: GCC  CompilerVersion: 8.4.0
Program nu_correct, built from:
Package MNI N3, version 1.12.0, compiled by nicks@terrier (x86_64-unknown-linux-gnu) on 2015-06-19 at 01:25:34
#######################################
GCADIR /opt/freesurfer/average
GCA RB_all_2020-01-02.gca
GCASkull RB_all_withskull_2020_01_02.gca
AvgCurvTif folding.atlas.acfb40.noaparc.i12.2016-08-02.tif
GCSDIR /opt/freesurfer/average
GCS DKaparc.atlas.acfb40.noaparc.i12.2016-08-02.gcs
#######################################
#--------------------------------------
#@# CA Normalize Fri Mar 13 04:23:19 CET 2026
/out/sourcedata/freesurfer/sub-v2s4x29595_ses-1/mri

 mri_ca_normalize -c ctrl_pts.mgz -mask brainmask.mgz nu.mgz /opt/freesurfer/average/RB_all_2020-01-02.gca transforms/talairach.lta norm.mgz 

writing control point volume to ctrl_pts.mgz
using MR volume brainmask.mgz to mask input volume...
reading 1 input volume
reading atlas from '/opt/freesurfer/average/RB_all_2020-01-02.gca'...
reading transform from 'transforms/talairach.lta'...
reading input volume from nu.mgz...
resetting wm mean[0]: 98 --> 107
resetting gm mean[0]: 61 --> 61
input volume #1 is the most T1-like
using real data threshold=31.4
skull bounding box = (60, 48, 34) --> (195, 160, 192)
finding center of left hemi white matter
using (105, 85, 113) as brain centroid of Right_Cerebral_White_Matter...
mean wm in atlas = 107, using box (88,71,94) --> (121, 98,132) to find MRI wm
before smoothing, mri peak at 110
robust fit to distribution - 109 +- 3.1
after smoothing, mri peak at 109, scaling input intensities by 0.982
scaling channel 0 by 0.981651
using 246437 sample points...
INFO: compute sample coordinates transform
 1.03641  -0.05281  -0.03202   2.52681;
 0.04646   1.06425   0.28487  -31.77592;
 0.01701  -0.27427   1.02098   21.88984;
 0.00000   0.00000   0.00000   1.00000;
INFO: transform used
finding control points in Left_Cerebral_White_Matter....
found 40230 control points for structure...
bounding box (127, 46, 37) --> (193, 154, 192)
Left_Cerebral_White_Matter: limiting intensities to 96.0 --> 132.0
16 of 8419 (0.2%) samples deleted
finding control points in Right_Cerebral_White_Matter....
found 39478 control points for structure...
bounding box (65, 47, 37) --> (130, 151, 193)
Right_Cerebral_White_Matter: limiting intensities to 95.0 --> 132.0
26 of 8354 (0.3%) samples deleted
finding control points in Left_Cerebellum_White_Matter....
found 3105 control points for structure...
bounding box (130, 127, 65) --> (178, 169, 116)
Left_Cerebellum_White_Matter: limiting intensities to 89.0 --> 132.0
0 of 252 (0.0%) samples deleted
finding control points in Right_Cerebellum_White_Matter....
found 2710 control points for structure...
bounding box (88, 127, 63) --> (130, 170, 117)
Right_Cerebellum_White_Matter: limiting intensities to 94.0 --> 132.0
0 of 112 (0.0%) samples deleted
finding control points in Brain_Stem....
found 3475 control points for structure...
bounding box (114, 117, 99) --> (148, 180, 127)
Brain_Stem: limiting intensities to 92.0 --> 132.0
0 of 567 (0.0%) samples deleted
using 17704 total control points for intensity normalization...
bias field = 0.984 +- 0.056
152 of 17662 control points discarded
finding control points in Left_Cerebral_White_Matter....
found 40230 control points for structure...
bounding box (127, 46, 37) --> (193, 154, 192)
Left_Cerebral_White_Matter: limiting intensities to 92.0 --> 132.0
20 of 8542 (0.2%) samples deleted
finding control points in Right_Cerebral_White_Matter....
found 39478 control points for structure...
bounding box (65, 47, 37) --> (130, 151, 193)
Right_Cerebral_White_Matter: limiting intensities to 91.0 --> 132.0
21 of 8462 (0.2%) samples deleted
finding control points in Left_Cerebellum_White_Matter....
found 3105 control points for structure...
bounding box (130, 127, 65) --> (178, 169, 116)
Left_Cerebellum_White_Matter: limiting intensities to 88.0 --> 132.0
19 of 277 (6.9%) samples deleted
finding control points in Right_Cerebellum_White_Matter....
found 2710 control points for structure...
bounding box (88, 127, 63) --> (130, 170, 117)
Right_Cerebellum_White_Matter: limiting intensities to 88.0 --> 132.0
9 of 132 (6.8%) samples deleted
finding control points in Brain_Stem....
found 3475 control points for structure...
bounding box (114, 117, 99) --> (148, 180, 127)
Brain_Stem: limiting intensities to 88.0 --> 132.0
2 of 583 (0.3%) samples deleted
using 17996 total control points for intensity normalization...
bias field = 1.024 +- 0.050
121 of 17870 control points discarded
finding control points in Left_Cerebral_White_Matter....
found 40230 control points for structure...
bounding box (127, 46, 37) --> (193, 154, 192)
Left_Cerebral_White_Matter: limiting intensities to 93.0 --> 132.0
34 of 8562 (0.4%) samples deleted
finding control points in Right_Cerebral_White_Matter....
found 39478 control points for structure...
bounding box (65, 47, 37) --> (130, 151, 193)
Right_Cerebral_White_Matter: limiting intensities to 91.0 --> 132.0
33 of 8495 (0.4%) samples deleted
finding control points in Left_Cerebellum_White_Matter....
found 3105 control points for structure...
bounding box (130, 127, 65) --> (178, 169, 116)
Left_Cerebellum_White_Matter: limiting intensities to 88.0 --> 132.0
19 of 262 (7.3%) samples deleted
finding control points in Right_Cerebellum_White_Matter....
found 2710 control points for structure...
bounding box (88, 127, 63) --> (130, 170, 117)
Right_Cerebellum_White_Matter: limiting intensities to 88.0 --> 132.0
17 of 140 (12.1%) samples deleted
finding control points in Brain_Stem....
found 3475 control points for structure...
bounding box (114, 117, 99) --> (148, 180, 127)
Brain_Stem: limiting intensities to 88.0 --> 132.0
42 of 594 (7.1%) samples deleted
using 18053 total control points for intensity normalization...
bias field = 1.018 +- 0.045
106 of 17790 control points discarded
writing normalized volume to norm.mgz...
writing control points to ctrl_pts.mgz
freeing GCA...done.
normalization took 1 minutes and 22 seconds.
#--------------------------------------
#@# CA Reg Fri Mar 13 04:24:41 CET 2026
/out/sourcedata/freesurfer/sub-v2s4x29595_ses-1/mri

 mri_ca_register -nobigventricles -T transforms/talairach.lta -align-after -mask brainmask.mgz norm.mgz /opt/freesurfer/average/RB_all_2020-01-02.gca transforms/talairach.m3z 

not handling expanded ventricles...
using previously computed transform transforms/talairach.lta
renormalizing sequences with structure alignment, equivalent to:
	-renormalize
	-regularize_mean 0.500
	-regularize 0.500
using MR volume brainmask.mgz to mask input volume...

== Number of threads available to mri_ca_register for OpenMP = 16 == 
reading 1 input volumes...
logging results to talairach.log
reading input volume 'norm.mgz'...
reading GCA '/opt/freesurfer/average/RB_all_2020-01-02.gca'...
label assignment complete, 0 changed (0.00%)
freeing gibbs priors...done.
average std[0] = 5.0
Starting GCAMregister()
label assignment complete, 0 changed (0.00%)
npasses = 1, nlevels = 6
#pass# 1 of 1 ************************
enabling zero nodes
setting smoothness cost coefficient to 0.156

#GCAMreg# pass 0 level1 5 level2 0 tsec 0 sigma 2
l_jacobian=1.00 l_label=1.00 l_log_likelihood=0.20 l_smoothness=0.16 
tol=2.50e-01, dt=5.00e-02, exp_k=20.0, momentum=0.90, levels=6, niter=500, lbl_dist=10.00, avgs=256, sigma=2.0,type=2, relabel=0, neg=no

blurring input image with Gaussian with sigma=2.000...
GCAMRegisterLevel(): init RMS 0.944257
#FOTS# QuadFit found better minimum quadopt=(dt=221.952,rms=0.851418) vs oldopt=(dt=369.92,rms=0.876828)
#GCMRL#    0 dt 221.952000 rms  0.851  9.832% neg 0  invalid 762 tFOTS 4.6460 tGradient 3.1720 tsec 8.1450
#FOTS# QuadFit found better minimum quadopt=(dt=225.774,rms=0.811874) vs oldopt=(dt=369.92,rms=0.820854)
#GCMRL#    1 dt 225.774127 rms  0.812  4.644% neg 0  invalid 762 tFOTS 4.2540 tGradient 3.1290 tsec 7.7260
#FOTS# QuadFit found better minimum quadopt=(dt=184.889,rms=0.792987) vs oldopt=(dt=92.48,rms=0.798232)
#GCMRL#    2 dt 184.888889 rms  0.793  2.326% neg 0  invalid 762 tFOTS 4.2200 tGradient 3.2850 tsec 7.8190
#FOTS# QuadFit found better minimum quadopt=(dt=177.951,rms=0.785011) vs oldopt=(dt=92.48,rms=0.787232)
#GCMRL#    3 dt 177.951220 rms  0.785  1.006% neg 0  invalid 762 tFOTS 4.6010 tGradient 3.2340 tsec 8.1560
#FOTS# QuadFit found better minimum quadopt=(dt=295.936,rms=0.778185) vs oldopt=(dt=369.92,rms=0.779076)
#GCMRL#    4 dt 295.936000 rms  0.778  0.869% neg 0  invalid 762 tFOTS 3.9420 tGradient 3.3120 tsec 7.5800
#FOTS# QuadFit found better minimum quadopt=(dt=129.472,rms=0.774284) vs oldopt=(dt=92.48,rms=0.774493)
#GCMRL#    5 dt 129.472000 rms  0.774  0.501% neg 0  invalid 762 tFOTS 4.2280 tGradient 3.1970 tsec 7.7540
#FOTS# QuadFit found better minimum quadopt=(dt=517.888,rms=0.767963) vs oldopt=(dt=369.92,rms=0.768733)
#GCMRL#    6 dt 517.888000 rms  0.768  0.816% neg 0  invalid 762 tFOTS 4.3520 tGradient 3.1720 tsec 7.8610
#FOTS# QuadFit found better minimum quadopt=(dt=110.976,rms=0.765261) vs oldopt=(dt=92.48,rms=0.765311)
#GCMRL#    7 dt 110.976000 rms  0.765  0.352% neg 0  invalid 762 tFOTS 4.3190 tGradient 3.1740 tsec 7.8220
#GCMRL#    8 dt 1479.680000 rms  0.757  1.075% neg 0  invalid 762 tFOTS 4.3610 tGradient 3.2220 tsec 7.9140
#FOTS# QuadFit found better minimum quadopt=(dt=110.976,rms=0.753172) vs oldopt=(dt=92.48,rms=0.75324)
#GCMRL#    9 dt 110.976000 rms  0.753  0.511% neg 0  invalid 762 tFOTS 4.4840 tGradient 3.3760 tsec 8.2160
#FOTS# QuadFit found better minimum quadopt=(dt=443.904,rms=0.75229) vs oldopt=(dt=369.92,rms=0.752298)
#GCMRL#   10 dt 443.904000 rms  0.752  0.000% neg 0  invalid 762 tFOTS 4.5130 tGradient 3.4850 tsec 8.3460

#GCAMreg# pass 0 level1 5 level2 1 tsec 100.844 sigma 0.5
l_jacobian=1.00 l_label=1.00 l_log_likelihood=0.20 l_smoothness=0.16 
tol=2.50e-01, dt=5.00e-02, exp_k=20.0, momentum=0.90, levels=6, niter=500, lbl_dist=10.00, avgs=256, sigma=0.5,type=2, relabel=0, neg=no

blurring input image with Gaussian with sigma=0.500...
GCAMRegisterLevel(): init RMS 0.752829
#FOTS# QuadFit found better minimum quadopt=(dt=295.936,rms=0.744243) vs oldopt=(dt=369.92,rms=0.745524)
#GCMRL#   12 dt 295.936000 rms  0.744  1.141% neg 0  invalid 762 tFOTS 4.4470 tGradient 3.5690 tsec 8.3470
#GCMRL#   13 dt  92.480000 rms  0.743  0.000% neg 0  invalid 762 tFOTS 4.4970 tGradient 3.6800 tsec 8.5250
#GCMRL#   14 dt  92.480000 rms  0.743  0.000% neg 0  invalid 762 tFOTS 0.0000 tGradient 3.4850 tsec 3.7790
setting smoothness cost coefficient to 0.615

#GCAMreg# pass 0 level1 4 level2 0 tsec 0 sigma 2
l_jacobian=1.00 l_label=1.00 l_log_likelihood=0.20 l_smoothness=0.62 
tol=2.50e-01, dt=5.00e-02, exp_k=20.0, momentum=0.90, levels=6, niter=500, lbl_dist=10.00, avgs=64, sigma=2.0,type=2, relabel=0, neg=no

blurring input image with Gaussian with sigma=2.000...
GCAMRegisterLevel(): init RMS 0.757369
#FOTS# QuadFit found better minimum quadopt=(dt=36.288,rms=0.754596) vs oldopt=(dt=25.92,rms=0.754971)
#GCMRL#   16 dt  36.288000 rms  0.755  0.366% neg 0  invalid 762 tFOTS 4.2410 tGradient 2.2540 tsec 6.8440
#FOTS# QuadFit found better minimum quadopt=(dt=124.416,rms=0.748793) vs oldopt=(dt=103.68,rms=0.748941)
#GCMRL#   17 dt 124.416000 rms  0.749  0.769% neg 0  invalid 762 tFOTS 4.2360 tGradient 2.3310 tsec 6.8840
#FOTS# QuadFit found better minimum quadopt=(dt=331.776,rms=0.719592) vs oldopt=(dt=414.72,rms=0.721824)
#GCMRL#   18 dt 331.776000 rms  0.720  3.900% neg 0  invalid 762 tFOTS 4.3940 tGradient 2.3220 tsec 7.0440
#FOTS# QuadFit found better minimum quadopt=(dt=9.072,rms=0.718307) vs oldopt=(dt=6.48,rms=0.718577)
#GCMRL#   19 dt   9.072000 rms  0.718  0.000% neg 0  invalid 762 tFOTS 4.6330 tGradient 2.3570 tsec 7.4500
#GCMRL#   20 dt   9.072000 rms  0.718  0.038% neg 0  invalid 762 tFOTS 0.0000 tGradient 2.5900 tsec 2.9000

#GCAMreg# pass 0 level1 4 level2 1 tsec 43.487 sigma 0.5
l_jacobian=1.00 l_label=1.00 l_log_likelihood=0.20 l_smoothness=0.62 
tol=2.50e-01, dt=5.00e-02, exp_k=20.0, momentum=0.90, levels=6, niter=500, lbl_dist=10.00, avgs=64, sigma=0.5,type=2, relabel=0, neg=no

blurring input image with Gaussian with sigma=0.500...
GCAMRegisterLevel(): init RMS 0.718493
#GCMRL#   22 dt   0.000000 rms  0.718  0.069% neg 0  invalid 762 tFOTS 3.8350 tGradient 2.4360 tsec 6.5740
setting smoothness cost coefficient to 2.353

#GCAMreg# pass 0 level1 3 level2 0 tsec 0 sigma 2
l_jacobian=1.00 l_label=1.00 l_log_likelihood=0.20 l_smoothness=2.35 
tol=2.50e-01, dt=5.00e-02, exp_k=20.0, momentum=0.90, levels=6, niter=500, lbl_dist=10.00, avgs=16, sigma=2.0,type=2, relabel=0, neg=no

blurring input image with Gaussian with sigma=2.000...
GCAMRegisterLevel(): init RMS 0.773463
#FOTS# QuadFit found better minimum quadopt=(dt=8.67391,rms=0.76625) vs oldopt=(dt=8,rms=0.766259)
#GCMRL#   24 dt   8.673913 rms  0.766  0.933% neg 0  invalid 762 tFOTS 4.2840 tGradient 2.0510 tsec 6.6500
#FOTS# QuadFit found better minimum quadopt=(dt=4.8,rms=0.765527) vs oldopt=(dt=8,rms=0.765659)
#GCMRL#   25 dt   4.800000 rms  0.766  0.000% neg 0  invalid 762 tFOTS 4.0710 tGradient 1.8940 tsec 6.4220
#GCMRL#   26 dt   4.800000 rms  0.765  0.031% neg 0  invalid 762 tFOTS 0.0000 tGradient 1.9720 tsec 2.2700

#GCAMreg# pass 0 level1 3 level2 1 tsec 27.202 sigma 0.5
l_jacobian=1.00 l_label=1.00 l_log_likelihood=0.20 l_smoothness=2.35 
tol=2.50e-01, dt=5.00e-02, exp_k=20.0, momentum=0.90, levels=6, niter=500, lbl_dist=10.00, avgs=16, sigma=0.5,type=2, relabel=0, neg=no

blurring input image with Gaussian with sigma=0.500...
GCAMRegisterLevel(): init RMS 0.76581
#GCMRL#   28 dt   0.000000 rms  0.765  0.066% neg 0  invalid 762 tFOTS 3.8170 tGradient 1.9780 tsec 6.1240
setting smoothness cost coefficient to 8.000

#GCAMreg# pass 0 level1 2 level2 0 tsec 0 sigma 2
l_jacobian=1.00 l_label=1.00 l_log_likelihood=0.20 l_smoothness=8.00 
tol=2.50e-01, dt=5.00e-02, exp_k=20.0, momentum=0.90, levels=6, niter=500, lbl_dist=10.00, avgs=4, sigma=2.0,type=2, relabel=0, neg=no

blurring input image with Gaussian with sigma=2.000...
GCAMRegisterLevel(): init RMS 0.859804
#FOTS# QuadFit found better minimum quadopt=(dt=3.06087,rms=0.846959) vs oldopt=(dt=2.88,rms=0.846997)
#GCMRL#   30 dt   3.060870 rms  0.847  1.494% neg 0  invalid 762 tFOTS 4.5320 tGradient 1.8030 tsec 6.7030
#FOTS# QuadFit found better minimum quadopt=(dt=4.5748,rms=0.836906) vs oldopt=(dt=2.88,rms=0.838286)
#GCMRL#   31 dt   4.574803 rms  0.837  1.187% neg 0  invalid 762 tFOTS 4.1950 tGradient 1.7970 tsec 6.3280
#FOTS# QuadFit found better minimum quadopt=(dt=1.3,rms=0.835103) vs oldopt=(dt=0.72,rms=0.835497)
#GCMRL#   32 dt   1.300000 rms  0.835  0.000% neg 0  invalid 762 tFOTS 4.6590 tGradient 1.9100 tsec 6.9370
#GCMRL#   33 dt   1.300000 rms  0.834  0.092% neg 0  invalid 762 tFOTS 0.0000 tGradient 1.8850 tsec 2.1910
#GCMRL#   34 dt   1.300000 rms  0.833  0.129% neg 0  invalid 762 tFOTS 0.0000 tGradient 1.7360 tsec 2.0450
#GCMRL#   35 dt   1.300000 rms  0.832  0.122% neg 0  invalid 762 tFOTS 0.0000 tGradient 1.6940 tsec 1.9970
#GCMRL#   36 dt   1.300000 rms  0.832  0.077% neg 0  invalid 762 tFOTS 0.0000 tGradient 1.7870 tsec 2.1050
#FOTS# QuadFit found better minimum quadopt=(dt=6.25,rms=0.830476) vs oldopt=(dt=2.88,rms=0.830828)
#GCMRL#   37 dt   6.250000 rms  0.830  0.135% neg 0  invalid 762 tFOTS 4.0530 tGradient 1.9470 tsec 6.3850

#GCAMreg# pass 0 level1 2 level2 1 tsec 51.788 sigma 0.5
l_jacobian=1.00 l_label=1.00 l_log_likelihood=0.20 l_smoothness=8.00 
tol=2.50e-01, dt=5.00e-02, exp_k=20.0, momentum=0.90, levels=6, niter=500, lbl_dist=10.00, avgs=4, sigma=0.5,type=2, relabel=0, neg=no

blurring input image with Gaussian with sigma=0.500...
GCAMRegisterLevel(): init RMS 0.831001
#GCMRL#   39 dt   0.000000 rms  0.830  0.061% neg 0  invalid 762 tFOTS 4.2320 tGradient 2.0900 tsec 6.6930
setting smoothness cost coefficient to 20.000

#GCAMreg# pass 0 level1 1 level2 0 tsec 0 sigma 2
l_jacobian=1.00 l_label=1.00 l_log_likelihood=0.20 l_smoothness=20.00 
tol=2.50e-01, dt=5.00e-02, exp_k=20.0, momentum=0.90, levels=6, niter=500, lbl_dist=10.00, avgs=1, sigma=2.0,type=2, relabel=0, neg=no

blurring input image with Gaussian with sigma=2.000...
GCAMRegisterLevel(): init RMS 0.888757
#GCMRL#   41 dt   0.000000 rms  0.888  0.053% neg 0  invalid 762 tFOTS 4.1970 tGradient 1.8970 tsec 6.4780

#GCAMreg# pass 0 level1 1 level2 1 tsec 22.861 sigma 0.5
l_jacobian=1.00 l_label=1.00 l_log_likelihood=0.20 l_smoothness=20.00 
tol=2.50e-01, dt=5.00e-02, exp_k=20.0, momentum=0.90, levels=6, niter=500, lbl_dist=10.00, avgs=1, sigma=0.5,type=2, relabel=0, neg=no

blurring input image with Gaussian with sigma=0.500...
GCAMRegisterLevel(): init RMS 0.888757
#FOTS# QuadFit found better minimum quadopt=(dt=0.048,rms=0.88825) vs oldopt=(dt=0.08,rms=0.888261)
#GCMRL#   43 dt   0.048000 rms  0.888  0.057% neg 0  invalid 762 tFOTS 4.2640 tGradient 1.8120 tsec 6.4250
#GCMRL#   44 dt   0.020000 rms  0.888  0.000% neg 0  invalid 762 tFOTS 4.3330 tGradient 2.0090 tsec 6.6820
resetting metric properties...
setting smoothness cost coefficient to 40.000

#GCAMreg# pass 0 level1 0 level2 0 tsec 0 sigma 2
l_jacobian=1.00 l_label=1.00 l_log_likelihood=0.20 l_smoothness=40.00 
tol=2.50e-01, dt=5.00e-02, exp_k=20.0, momentum=0.90, levels=6, niter=500, lbl_dist=10.00, avgs=0, sigma=2.0,type=2, relabel=0, neg=no

blurring input image with Gaussian with sigma=2.000...
GCAMRegisterLevel(): init RMS 0.791604
#FOTS# QuadFit found better minimum quadopt=(dt=0.212687,rms=0.787032) vs oldopt=(dt=0.32,rms=0.787753)
#GCMRL#   46 dt   0.212687 rms  0.787  0.578% neg 0  invalid 762 tFOTS 4.2800 tGradient 1.3140 tsec 5.9200
#FOTS# QuadFit found better minimum quadopt=(dt=0.024,rms=0.786781) vs oldopt=(dt=0.02,rms=0.786785)
#GCMRL#   47 dt   0.024000 rms  0.787  0.000% neg 0  invalid 762 tFOTS 4.0290 tGradient 1.3150 tsec 5.6890

#GCAMreg# pass 0 level1 0 level2 1 tsec 22.729 sigma 0.5
l_jacobian=1.00 l_label=1.00 l_log_likelihood=0.20 l_smoothness=40.00 
tol=2.50e-01, dt=5.00e-02, exp_k=20.0, momentum=0.90, levels=6, niter=500, lbl_dist=10.00, avgs=0, sigma=0.5,type=2, relabel=0, neg=no

blurring input image with Gaussian with sigma=0.500...
GCAMRegisterLevel(): init RMS 0.787327
#FOTS# QuadFit found better minimum quadopt=(dt=0.007,rms=0.786755) vs oldopt=(dt=0.005,rms=0.78676)
#GCMRL#   49 dt   0.007000 rms  0.787  0.073% neg 0  invalid 762 tFOTS 4.1780 tGradient 1.2480 tsec 5.7560
#FOTS# QuadFit found better minimum quadopt=(dt=0.004,rms=0.786757) vs oldopt=(dt=0.005,rms=0.786757)
GCAMregister done in 6.13095 min
Starting GCAmapRenormalizeWithAlignment() without scales
renormalizing by structure alignment....
renormalizing input #0
gca peak = 0.10253 (16)
mri peak = 0.14675 (30)
Left_Lateral_Ventricle (4): linear fit = 1.60 x + 0.0 (927 voxels, overlap=0.263)
Left_Lateral_Ventricle (4): linear fit = 1.50 x + 0.0 (927 voxels, peak = 26), gca=24.0
gca peak = 0.17690 (16)
mri peak = 0.10053 (24)
Right_Lateral_Ventricle (43): linear fit = 1.67 x + 0.0 (796 voxels, overlap=0.202)
Right_Lateral_Ventricle (43): linear fit = 1.50 x + 0.0 (796 voxels, peak = 27), gca=24.0
gca peak = 0.28275 (96)
mri peak = 0.20127 (103)
Right_Pallidum (52): linear fit = 1.09 x + 0.0 (947 voxels, overlap=1.008)
Right_Pallidum (52): linear fit = 1.09 x + 0.0 (947 voxels, peak = 104), gca=104.2
gca peak = 0.18948 (93)
mri peak = 0.11385 (103)
Left_Pallidum (13): linear fit = 1.07 x + 0.0 (852 voxels, overlap=1.006)
Left_Pallidum (13): linear fit = 1.07 x + 0.0 (852 voxels, peak = 99), gca=99.0
gca peak = 0.20755 (55)
mri peak = 0.09356 (78)
Right_Hippocampus (53): linear fit = 1.40 x + 0.0 (1038 voxels, overlap=0.027)
Right_Hippocampus (53): linear fit = 1.40 x + 0.0 (1038 voxels, peak = 77), gca=77.3
gca peak = 0.31831 (58)
mri peak = 0.09751 (78)
Left_Hippocampus (17): linear fit = 1.33 x + 0.0 (979 voxels, overlap=0.011)
Left_Hippocampus (17): linear fit = 1.33 x + 0.0 (979 voxels, peak = 77), gca=76.9
gca peak = 0.11957 (102)
mri peak = 0.15647 (105)
Right_Cerebral_White_Matter (41): linear fit = 1.02 x + 0.0 (67540 voxels, overlap=0.505)
Right_Cerebral_White_Matter (41): linear fit = 1.02 x + 0.0 (67540 voxels, peak = 105), gca=104.5
gca peak = 0.11429 (102)
mri peak = 0.18294 (106)
Left_Cerebral_White_Matter (2): linear fit = 1.03 x + 0.0 (72869 voxels, overlap=0.450)
Left_Cerebral_White_Matter (2): linear fit = 1.03 x + 0.0 (72869 voxels, peak = 106), gca=105.6
gca peak = 0.14521 (59)
mri peak = 0.05141 (82)
Left_Cerebral_Cortex (3): linear fit = 1.39 x + 0.0 (27587 voxels, overlap=0.000)
Left_Cerebral_Cortex (3): linear fit = 1.39 x + 0.0 (27587 voxels, peak = 82), gca=82.3
gca peak = 0.14336 (58)
mri peak = 0.05686 (80)
Right_Cerebral_Cortex (42): linear fit = 1.38 x + 0.0 (27522 voxels, overlap=0.000)
Right_Cerebral_Cortex (42): linear fit = 1.38 x + 0.0 (27522 voxels, peak = 80), gca=80.3
gca peak = 0.13305 (70)
mri peak = 0.11728 (83)
Right_Caudate (50): linear fit = 1.26 x + 0.0 (658 voxels, overlap=0.015)
Right_Caudate (50): linear fit = 1.26 x + 0.0 (658 voxels, peak = 89), gca=88.5
gca peak = 0.15761 (71)
mri peak = 0.11292 (90)
Left_Caudate (11): linear fit = 1.25 x + 0.0 (1063 voxels, overlap=0.017)
Left_Caudate (11): linear fit = 1.25 x + 0.0 (1063 voxels, peak = 89), gca=89.1
gca peak = 0.13537 (57)
mri peak = 0.04705 (82)
Left_Cerebellum_Cortex (8): linear fit = 1.45 x + 0.0 (17396 voxels, overlap=0.001)
Left_Cerebellum_Cortex (8): linear fit = 1.45 x + 0.0 (17396 voxels, peak = 82), gca=82.4
gca peak = 0.13487 (56)
mri peak = 0.04626 (80)
Right_Cerebellum_Cortex (47): linear fit = 1.47 x + 0.0 (20594 voxels, overlap=0.002)
Right_Cerebellum_Cortex (47): linear fit = 1.47 x + 0.0 (20594 voxels, peak = 82), gca=82.0
gca peak = 0.19040 (84)
mri peak = 0.09843 (93)
Left_Cerebellum_White_Matter (7): linear fit = 1.10 x + 0.0 (5946 voxels, overlap=0.689)
Left_Cerebellum_White_Matter (7): linear fit = 1.10 x + 0.0 (5946 voxels, peak = 92), gca=92.0
gca peak = 0.18871 (83)
mri peak = 0.05294 (92)
Right_Cerebellum_White_Matter (46): linear fit = 1.12 x + 0.0 (4814 voxels, overlap=0.874)
Right_Cerebellum_White_Matter (46): linear fit = 1.12 x + 0.0 (4814 voxels, peak = 93), gca=93.4
gca peak = 0.24248 (57)
mri peak = 0.11986 (78)
Left_Amygdala (18): linear fit = 1.38 x + 0.0 (423 voxels, overlap=0.057)
Left_Amygdala (18): linear fit = 1.38 x + 0.0 (423 voxels, peak = 78), gca=78.4
gca peak = 0.35833 (56)
mri peak = 0.09193 (84)
Right_Amygdala (54): linear fit = 1.48 x + 0.0 (444 voxels, overlap=0.058)
Right_Amygdala (54): linear fit = 1.48 x + 0.0 (444 voxels, peak = 83), gca=82.6
gca peak = 0.12897 (85)
mri peak = 0.09726 (98)
Left_Thalamus (10): linear fit = 1.13 x + 0.0 (5484 voxels, overlap=0.126)
Left_Thalamus (10): linear fit = 1.13 x + 0.0 (5484 voxels, peak = 96), gca=96.5
gca peak = 0.13127 (83)
mri peak = 0.07701 (93)
Right_Thalamus (49): linear fit = 1.15 x + 0.0 (4282 voxels, overlap=0.192)
Right_Thalamus (49): linear fit = 1.15 x + 0.0 (4282 voxels, peak = 96), gca=95.9
gca peak = 0.12974 (78)
mri peak = 0.10158 (94)
Left_Putamen (12): linear fit = 1.20 x + 0.0 (2472 voxels, overlap=0.103)
Left_Putamen (12): linear fit = 1.20 x + 0.0 (2472 voxels, peak = 93), gca=93.2
gca peak = 0.17796 (79)
mri peak = 0.11750 (94)
Right_Putamen (51): linear fit = 1.24 x + 0.0 (2460 voxels, overlap=0.012)
Right_Putamen (51): linear fit = 1.24 x + 0.0 (2460 voxels, peak = 98), gca=97.6
gca peak = 0.10999 (80)
mri peak = 0.10136 (95)
Brain_Stem (16): linear fit = 1.17 x + 0.0 (6202 voxels, overlap=0.012)
Brain_Stem (16): linear fit = 1.17 x + 0.0 (6202 voxels, peak = 94), gca=94.0
gca peak = 0.13215 (88)
mri peak = 0.24385 (99)
Right_VentralDC (60): linear fit = 1.12 x + 0.0 (831 voxels, overlap=0.010)
Right_VentralDC (60): linear fit = 1.12 x + 0.0 (831 voxels, peak = 98), gca=98.1
gca peak = 0.11941 (89)
mri peak = 0.31287 (99)
Left_VentralDC (28): linear fit = 1.11 x + 0.0 (1023 voxels, overlap=0.056)
Left_VentralDC (28): linear fit = 1.11 x + 0.0 (1023 voxels, peak = 98), gca=98.3
gca peak = 0.20775 (25)
uniform distribution in MR - rejecting arbitrary fit
gca peak = 0.13297 (21)
mri peak = 0.11330 (30)
Fourth_Ventricle (15): linear fit = 1.78 x + 0.0 (664 voxels, overlap=0.036)
Fourth_Ventricle (15): linear fit = 1.78 x + 0.0 (664 voxels, peak = 37), gca=37.5
gca peak Unknown = 0.94777 ( 0)
gca peak Left_Inf_Lat_Vent = 0.19087 (28)
gca peak Third_Ventricle = 0.20775 (25)
gca peak Fourth_Ventricle = 0.13297 (21)
gca peak CSF = 0.16821 (33)
gca peak Left_Accumbens_area = 0.32850 (63)
gca peak Left_undetermined = 0.98480 (28)
gca peak Left_vessel = 0.40887 (53)
gca peak Left_choroid_plexus = 0.10898 (46)
gca peak Right_Inf_Lat_Vent = 0.17798 (26)
gca peak Right_Accumbens_area = 0.30137 (64)
gca peak Right_vessel = 0.47828 (52)
gca peak Right_choroid_plexus = 0.11612 (45)
gca peak Fifth_Ventricle = 0.59466 (35)
gca peak WM_hypointensities = 0.10053 (78)
gca peak non_WM_hypointensities = 0.07253 (60)
gca peak Optic_Chiasm = 0.25330 (73)
not using caudate to estimate GM means
estimating mean gm scale to be 1.39 x + 0.0
estimating mean wm scale to be 1.03 x + 0.0
estimating mean csf scale to be 1.50 x + 0.0
Right_Putamen too bright - rescaling by 0.969 (from 1.235) to 94.6 (was 97.6)
Right_Pallidum too bright - rescaling by 0.978 (from 1.085) to 101.9 (was 104.2)
saving intensity scales to talairach.label_intensities.txt
GCAmapRenormalizeWithAlignment() took 3.6066 min
noneg pre
Starting GCAMregister()
label assignment complete, 0 changed (0.00%)
npasses = 1, nlevels = 6
#pass# 1 of 1 ************************
enabling zero nodes
setting smoothness cost coefficient to 0.008

#GCAMreg# pass 0 level1 5 level2 0 tsec 0 sigma 2
l_jacobian=1.00 l_label=1.00 l_log_likelihood=0.20 l_smoothness=0.01 
tol=5.00e-02, dt=5.00e-02, exp_k=20.0, momentum=0.90, levels=6, niter=500, lbl_dist=10.00, avgs=256, sigma=2.0,type=2, relabel=0, neg=no

blurring input image with Gaussian with sigma=2.000...
GCAMRegisterLevel(): init RMS 0.782389
#FOTS# QuadFit found better minimum quadopt=(dt=171.544,rms=0.699908) vs oldopt=(dt=92.48,rms=0.718378)
#GCMRL#   51 dt 171.543767 rms  0.700 10.542% neg 0  invalid 762 tFOTS 4.5110 tGradient 2.0880 tsec 6.9290
#FOTS# QuadFit found better minimum quadopt=(dt=320.963,rms=0.675967) vs oldopt=(dt=369.92,rms=0.676462)
#GCMRL#   52 dt 320.963155 rms  0.676  3.421% neg 0  invalid 762 tFOTS 4.0790 tGradient 2.1650 tsec 6.5670
#FOTS# QuadFit found better minimum quadopt=(dt=157.37,rms=0.668326) vs oldopt=(dt=92.48,rms=0.669942)
#GCMRL#   53 dt 157.369863 rms  0.668  1.130% neg 0  invalid 762 tFOTS 4.2630 tGradient 2.1270 tsec 6.7090
#FOTS# QuadFit found better minimum quadopt=(dt=443.904,rms=0.65953) vs oldopt=(dt=369.92,rms=0.659615)
#GCMRL#   54 dt 443.904000 rms  0.660  1.316% neg 0  invalid 762 tFOTS 4.3780 tGradient 2.2110 tsec 6.9170
#FOTS# QuadFit found better minimum quadopt=(dt=110.976,rms=0.653437) vs oldopt=(dt=92.48,rms=0.653666)
#GCMRL#   55 dt 110.976000 rms  0.653  0.924% neg 0  invalid 762 tFOTS 4.0600 tGradient 2.1330 tsec 6.5110
#FOTS# QuadFit found better minimum quadopt=(dt=443.904,rms=0.65022) vs oldopt=(dt=369.92,rms=0.650366)
#GCMRL#   56 dt 443.904000 rms  0.650  0.492% neg 0  invalid 762 tFOTS 4.4380 tGradient 2.1280 tsec 6.8820
#FOTS# QuadFit found better minimum quadopt=(dt=129.472,rms=0.646934) vs oldopt=(dt=92.48,rms=0.647361)
#GCMRL#   57 dt 129.472000 rms  0.647  0.505% neg 0  invalid 762 tFOTS 4.7470 tGradient 2.1430 tsec 7.2040
#FOTS# QuadFit found better minimum quadopt=(dt=221.952,rms=0.645575) vs oldopt=(dt=369.92,rms=0.645832)
#GCMRL#   58 dt 221.952000 rms  0.646  0.210% neg 0  invalid 762 tFOTS 4.4740 tGradient 2.1190 tsec 6.9160
#FOTS# QuadFit found better minimum quadopt=(dt=129.472,rms=0.644149) vs oldopt=(dt=92.48,rms=0.644413)
#GCMRL#   59 dt 129.472000 rms  0.644  0.221% neg 0  invalid 762 tFOTS 4.4970 tGradient 2.0590 tsec 6.8890
#FOTS# QuadFit found better minimum quadopt=(dt=517.888,rms=0.642247) vs oldopt=(dt=369.92,rms=0.642445)
#GCMRL#   60 dt 517.888000 rms  0.642  0.295% neg 0  invalid 762 tFOTS 4.2140 tGradient 2.2330 tsec 6.7680
#FOTS# QuadFit found better minimum quadopt=(dt=129.472,rms=0.640431) vs oldopt=(dt=92.48,rms=0.64054)
#GCMRL#   61 dt 129.472000 rms  0.640  0.283% neg 0  invalid 762 tFOTS 4.4500 tGradient 2.1630 tsec 6.9140
#FOTS# QuadFit found better minimum quadopt=(dt=129.472,rms=0.639742) vs oldopt=(dt=92.48,rms=0.639868)
#GCMRL#   62 dt 129.472000 rms  0.640  0.108% neg 0  invalid 762 tFOTS 4.0810 tGradient 2.0420 tsec 6.4260
#FOTS# QuadFit found better minimum quadopt=(dt=517.888,rms=0.637927) vs oldopt=(dt=369.92,rms=0.638292)
#GCMRL#   63 dt 517.888000 rms  0.638  0.284% neg 0  invalid 762 tFOTS 4.5280 tGradient 2.1370 tsec 6.9870
#FOTS# QuadFit found better minimum quadopt=(dt=110.976,rms=0.637094) vs oldopt=(dt=92.48,rms=0.637129)
#GCMRL#   64 dt 110.976000 rms  0.637  0.131% neg 0  invalid 762 tFOTS 4.0670 tGradient 2.1560 tsec 6.5370
#FOTS# QuadFit found better minimum quadopt=(dt=517.888,rms=0.63584) vs oldopt=(dt=369.92,rms=0.636056)
#GCMRL#   65 dt 517.888000 rms  0.636  0.197% neg 0  invalid 762 tFOTS 4.3630 tGradient 2.0240 tsec 6.7110
#FOTS# QuadFit found better minimum quadopt=(dt=129.472,rms=0.634958) vs oldopt=(dt=92.48,rms=0.635006)
#GCMRL#   66 dt 129.472000 rms  0.635  0.139% neg 0  invalid 762 tFOTS 4.0360 tGradient 2.0810 tsec 6.4170
#FOTS# QuadFit found better minimum quadopt=(dt=295.936,rms=0.63432) vs oldopt=(dt=369.92,rms=0.634385)
#GCMRL#   67 dt 295.936000 rms  0.634  0.100% neg 0  invalid 762 tFOTS 4.0890 tGradient 2.0580 tsec 6.4590
#FOTS# QuadFit found better minimum quadopt=(dt=110.976,rms=0.633703) vs oldopt=(dt=92.48,rms=0.63373)
#GCMRL#   68 dt 110.976000 rms  0.634  0.097% neg 0  invalid 762 tFOTS 3.8010 tGradient 2.1030 tsec 6.2040
#FOTS# QuadFit found better minimum quadopt=(dt=517.888,rms=0.632646) vs oldopt=(dt=369.92,rms=0.632852)
#GCMRL#   69 dt 517.888000 rms  0.633  0.167% neg 0  invalid 762 tFOTS 4.4060 tGradient 2.1340 tsec 6.8660
#FOTS# QuadFit found better minimum quadopt=(dt=110.976,rms=0.632167) vs oldopt=(dt=92.48,rms=0.632181)
#GCMRL#   70 dt 110.976000 rms  0.632  0.076% neg 0  invalid 762 tFOTS 4.4390 tGradient 2.2490 tsec 7.0190
#FOTS# QuadFit found better minimum quadopt=(dt=887.808,rms=0.630874) vs oldopt=(dt=1479.68,rms=0.631259)
#GCMRL#   71 dt 887.808000 rms  0.631  0.205% neg 0  invalid 762 tFOTS 4.3390 tGradient 2.1500 tsec 6.8180
#GCMRL#   72 dt  92.480000 rms  0.630  0.139% neg 0  invalid 762 tFOTS 4.6980 tGradient 2.5180 tsec 7.5430
#FOTS# QuadFit found better minimum quadopt=(dt=4734.98,rms=0.625861) vs oldopt=(dt=5918.72,rms=0.626308)
#GCMRL#   73 dt 4734.976000 rms  0.626  0.656% neg 0  invalid 762 tFOTS 4.8600 tGradient 2.0420 tsec 7.2300
#FOTS# QuadFit found better minimum quadopt=(dt=129.472,rms=0.623793) vs oldopt=(dt=92.48,rms=0.624074)
#GCMRL#   74 dt 129.472000 rms  0.624  0.330% neg 0  invalid 762 tFOTS 4.1980 tGradient 2.0930 tsec 6.6130
#FOTS# QuadFit found better minimum quadopt=(dt=129.472,rms=0.623476) vs oldopt=(dt=92.48,rms=0.62353)
#GCMRL#   75 dt 129.472000 rms  0.623  0.051% neg 0  invalid 762 tFOTS 4.6330 tGradient 2.0720 tsec 7.0810
#FOTS# QuadFit found better minimum quadopt=(dt=1183.74,rms=0.622131) vs oldopt=(dt=1479.68,rms=0.622294)
#GCMRL#   76 dt 1183.744000 rms  0.622  0.216% neg 0  invalid 762 tFOTS 5.0850 tGradient 2.0630 tsec 7.4790
#FOTS# QuadFit found better minimum quadopt=(dt=55.488,rms=0.621957) vs oldopt=(dt=92.48,rms=0.622007)
#GCMRL#   77 dt  55.488000 rms  0.622  0.000% neg 0  invalid 762 tFOTS 4.4920 tGradient 2.1200 tsec 6.9680
#GCMRL#   78 dt  55.488000 rms  0.622  0.008% neg 0  invalid 762 tFOTS 0.0000 tGradient 2.1460 tsec 2.4520

#GCAMreg# pass 0 level1 5 level2 1 tsec 200.135 sigma 0.5
l_jacobian=1.00 l_label=1.00 l_log_likelihood=0.20 l_smoothness=0.01 
tol=5.00e-02, dt=5.00e-02, exp_k=20.0, momentum=0.90, levels=6, niter=500, lbl_dist=10.00, avgs=256, sigma=0.5,type=2, relabel=0, neg=no

blurring input image with Gaussian with sigma=0.500...
GCAMRegisterLevel(): init RMS 0.62201
#GCMRL#   80 dt 369.920000 rms  0.620  0.274% neg 0  invalid 762 tFOTS 4.9480 tGradient 2.1490 tsec 7.4270
#FOTS# QuadFit found better minimum quadopt=(dt=129.472,rms=0.61998) vs oldopt=(dt=92.48,rms=0.619998)
#GCMRL#   81 dt 129.472000 rms  0.620  0.052% neg 0  invalid 762 tFOTS 4.6380 tGradient 2.1650 tsec 7.1340
#FOTS# QuadFit found better minimum quadopt=(dt=443.904,rms=0.619726) vs oldopt=(dt=369.92,rms=0.619733)
#GCMRL#   82 dt 443.904000 rms  0.620  0.000% neg 0  invalid 762 tFOTS 5.0250 tGradient 2.0510 tsec 7.4250
#GCMRL#   83 dt 443.904000 rms  0.619  0.053% neg 0  invalid 762 tFOTS 0.0000 tGradient 2.0390 tsec 2.3780
#GCMRL#   84 dt 443.904000 rms  0.619 -0.208% neg 0  invalid 762 tFOTS 0.0000 tGradient 2.2000 tsec 2.7590
#GCMRL#   85 dt  92.480000 rms  0.619  0.091% neg 0  invalid 762 tFOTS 4.6860 tGradient 2.1190 tsec 7.1350
#FOTS# QuadFit found better minimum quadopt=(dt=73.984,rms=0.61882) vs oldopt=(dt=92.48,rms=0.61882)
#GCMRL#   86 dt  73.984000 rms  0.619  0.000% neg 0  invalid 762 tFOTS 4.9610 tGradient 2.0500 tsec 7.3780
#GCMRL#   87 dt  73.984000 rms  0.619  0.006% neg 0  invalid 762 tFOTS 0.0000 tGradient 2.0580 tsec 2.3760
#GCMRL#   88 dt  73.984000 rms  0.619  0.012% neg 0  invalid 762 tFOTS 0.0000 tGradient 2.0550 tsec 2.3720
#GCMRL#   89 dt  73.984000 rms  0.619  0.024% neg 0  invalid 762 tFOTS 0.0000 tGradient 2.0600 tsec 2.3750
#GCMRL#   90 dt  73.984000 rms  0.618  0.034% neg 0  invalid 762 tFOTS 0.0000 tGradient 2.1200 tsec 2.4380
#GCMRL#   91 dt  73.984000 rms  0.618  0.044% neg 0  invalid 762 tFOTS 0.0000 tGradient 2.1030 tsec 2.4450
#GCMRL#   92 dt  73.984000 rms  0.618  0.049% neg 0  invalid 762 tFOTS 0.0000 tGradient 2.1080 tsec 2.4360
#GCMRL#   93 dt  73.984000 rms  0.617  0.052% neg 0  invalid 762 tFOTS 0.0000 tGradient 2.1000 tsec 2.4390
#GCMRL#   94 dt  73.984000 rms  0.617  0.051% neg 0  invalid 762 tFOTS 0.0000 tGradient 2.1470 tsec 2.5360
#GCMRL#   95 dt  73.984000 rms  0.617  0.051% neg 0  invalid 762 tFOTS 0.0000 tGradient 2.2050 tsec 2.5170
#GCMRL#   96 dt  73.984000 rms  0.617  0.048% neg 0  invalid 762 tFOTS 0.0000 tGradient 2.1480 tsec 2.4620
#GCMRL#   97 dt  73.984000 rms  0.616  0.044% neg 0  invalid 762 tFOTS 0.0000 tGradient 2.3500 tsec 2.6930
#GCMRL#   98 dt  73.984000 rms  0.616  0.043% neg 0  invalid 762 tFOTS 0.0000 tGradient 2.1770 tsec 2.4970
#GCMRL#   99 dt  73.984000 rms  0.616  0.046% neg 0  invalid 762 tFOTS 0.0000 tGradient 2.2080 tsec 2.5310
#GCMRL#  100 dt  73.984000 rms  0.615  0.047% neg 0  invalid 762 tFOTS 0.0000 tGradient 2.1330 tsec 2.4960
#GCMRL#  101 dt  73.984000 rms  0.615  0.050% neg 0  invalid 762 tFOTS 0.0000 tGradient 2.1270 tsec 2.4480
#GCMRL#  102 dt  73.984000 rms  0.615  0.050% neg 0  invalid 762 tFOTS 0.0000 tGradient 2.5420 tsec 2.9010
#GCMRL#  103 dt  73.984000 rms  0.615  0.049% neg 0  invalid 762 tFOTS 0.0000 tGradient 2.5170 tsec 2.8930
#GCMRL#  104 dt  73.984000 rms  0.614  0.048% neg 0  invalid 762 tFOTS 0.0000 tGradient 2.5020 tsec 2.8960
#GCMRL#  105 dt  73.984000 rms  0.614  0.042% neg 0  invalid 762 tFOTS 0.0000 tGradient 2.4870 tsec 2.8590
#GCMRL#  106 dt  73.984000 rms  0.614  0.041% neg 0  invalid 762 tFOTS 0.0000 tGradient 2.3570 tsec 2.6770
#GCMRL#  107 dt  73.984000 rms  0.613  0.040% neg 0  invalid 762 tFOTS 0.0000 tGradient 2.1290 tsec 2.4720
#GCMRL#  108 dt  73.984000 rms  0.613  0.040% neg 0  invalid 762 tFOTS 0.0000 tGradient 2.2160 tsec 2.5790
#GCMRL#  109 dt  73.984000 rms  0.613  0.043% neg 0  invalid 762 tFOTS 0.0000 tGradient 2.1560 tsec 2.4820
#GCMRL#  110 dt  73.984000 rms  0.613  0.040% neg 0  invalid 762 tFOTS 0.0000 tGradient 2.2700 tsec 2.6270
#GCMRL#  111 dt  73.984000 rms  0.612  0.035% neg 0  invalid 762 tFOTS 0.0000 tGradient 2.1400 tsec 2.5070
#GCMRL#  112 dt  73.984000 rms  0.612  0.037% neg 0  invalid 762 tFOTS 0.0000 tGradient 2.1150 tsec 2.4330
#GCMRL#  113 dt  73.984000 rms  0.612  0.036% neg 0  invalid 762 tFOTS 0.0000 tGradient 2.1480 tsec 2.5220
#GCMRL#  114 dt  73.984000 rms  0.612  0.035% neg 0  invalid 762 tFOTS 0.0000 tGradient 2.2540 tsec 2.6160
#GCMRL#  115 dt  73.984000 rms  0.612  0.034% neg 0  invalid 762 tFOTS 0.0000 tGradient 2.1800 tsec 2.5020
#GCMRL#  116 dt  73.984000 rms  0.611  0.036% neg 0  invalid 762 tFOTS 0.0000 tGradient 2.2150 tsec 2.6160
#GCMRL#  117 dt  73.984000 rms  0.611  0.036% neg 0  invalid 762 tFOTS 0.0000 tGradient 2.2260 tsec 2.5780
#GCMRL#  118 dt  73.984000 rms  0.611  0.032% neg 0  invalid 762 tFOTS 0.0000 tGradient 2.1610 tsec 2.4960
#GCMRL#  119 dt  73.984000 rms  0.611  0.039% neg 0  invalid 762 tFOTS 0.0000 tGradient 2.1650 tsec 2.4950
#GCMRL#  120 dt  73.984000 rms  0.611  0.039% neg 0  invalid 762 tFOTS 0.0000 tGradient 2.4600 tsec 2.8440
#GCMRL#  121 dt  73.984000 rms  0.610  0.034% neg 0  invalid 762 tFOTS 0.0000 tGradient 2.5360 tsec 2.9220
#GCMRL#  122 dt  73.984000 rms  0.610  0.034% neg 0  invalid 762 tFOTS 0.0000 tGradient 2.5910 tsec 2.9810
#GCMRL#  123 dt  73.984000 rms  0.610  0.034% neg 0  invalid 762 tFOTS 0.0000 tGradient 2.3220 tsec 2.6470
#GCMRL#  124 dt  73.984000 rms  0.610  0.031% neg 0  invalid 762 tFOTS 0.0000 tGradient 2.1240 tsec 2.4490
#GCMRL#  125 dt  73.984000 rms  0.610  0.032% neg 0  invalid 762 tFOTS 0.0000 tGradient 2.2710 tsec 2.5910
#GCMRL#  126 dt  73.984000 rms  0.609  0.034% neg 0  invalid 762 tFOTS 0.0000 tGradient 2.1830 tsec 2.5020
#GCMRL#  127 dt  73.984000 rms  0.609  0.030% neg 0  invalid 762 tFOTS 0.0000 tGradient 2.0980 tsec 2.4250
#GCMRL#  128 dt  73.984000 rms  0.609  0.034% neg 0  invalid 762 tFOTS 0.0000 tGradient 2.2160 tsec 2.5420
#GCMRL#  129 dt  73.984000 rms  0.609  0.033% neg 0  invalid 762 tFOTS 0.0000 tGradient 2.2270 tsec 2.5540
#GCMRL#  130 dt  73.984000 rms  0.609  0.031% neg 0  invalid 762 tFOTS 0.0000 tGradient 2.2510 tsec 2.5840
#GCMRL#  131 dt  73.984000 rms  0.608  0.030% neg 0  invalid 762 tFOTS 0.0000 tGradient 2.6830 tsec 3.0450
#GCMRL#  132 dt  73.984000 rms  0.608  0.026% neg 0  invalid 762 tFOTS 0.0000 tGradient 2.2210 tsec 2.5500
#GCMRL#  133 dt  73.984000 rms  0.608  0.027% neg 0  invalid 762 tFOTS 0.0000 tGradient 2.3150 tsec 2.6480
#GCMRL#  134 dt  73.984000 rms  0.608  0.031% neg 0  invalid 762 tFOTS 0.0000 tGradient 2.1890 tsec 2.5220
#GCMRL#  135 dt  73.984000 rms  0.608  0.031% neg 0  invalid 762 tFOTS 0.0000 tGradient 2.2980 tsec 2.6270
#GCMRL#  136 dt  73.984000 rms  0.607  0.026% neg 0  invalid 762 tFOTS 0.0000 tGradient 2.3160 tsec 2.6450
#GCMRL#  137 dt  73.984000 rms  0.607  0.026% neg 0  invalid 762 tFOTS 0.0000 tGradient 2.3520 tsec 2.6800
#GCMRL#  138 dt  73.984000 rms  0.607  0.026% neg 0  invalid 762 tFOTS 0.0000 tGradient 2.3290 tsec 2.6620
#GCMRL#  139 dt  73.984000 rms  0.607  0.027% neg 0  invalid 762 tFOTS 0.0000 tGradient 2.3470 tsec 2.6780
#GCMRL#  140 dt  73.984000 rms  0.607  0.026% neg 0  invalid 762 tFOTS 0.0000 tGradient 2.3490 tsec 2.6750
#GCMRL#  141 dt  73.984000 rms  0.607  0.026% neg 0  invalid 762 tFOTS 0.0000 tGradient 2.2260 tsec 2.5570
#GCMRL#  142 dt  73.984000 rms  0.607  0.026% neg 0  invalid 762 tFOTS 0.0000 tGradient 2.2040 tsec 2.5330
#GCMRL#  143 dt  73.984000 rms  0.606  0.021% neg 0  invalid 762 tFOTS 0.0000 tGradient 2.2210 tsec 2.5470
#GCMRL#  144 dt  73.984000 rms  0.606  0.019% neg 0  invalid 762 tFOTS 0.0000 tGradient 2.2470 tsec 2.6050
#FOTS# QuadFit found better minimum quadopt=(dt=2071.55,rms=0.606001) vs oldopt=(dt=1479.68,rms=0.606035)
#GCMRL#  145 dt 2071.552000 rms  0.606  0.047% neg 0  invalid 762 tFOTS 4.9090 tGradient 2.2890 tsec 7.5460
#FOTS# QuadFit found better minimum quadopt=(dt=129.472,rms=0.605806) vs oldopt=(dt=92.48,rms=0.605843)
#GCMRL#  146 dt 129.472000 rms  0.606  0.000% neg 0  invalid 762 tFOTS 4.9640 tGradient 2.2580 tsec 7.5930
setting smoothness cost coefficient to 0.031

#GCAMreg# pass 0 level1 4 level2 0 tsec 0 sigma 2
l_jacobian=1.00 l_label=1.00 l_log_likelihood=0.20 l_smoothness=0.03 
tol=5.00e-02, dt=5.00e-02, exp_k=20.0, momentum=0.90, levels=6, niter=500, lbl_dist=10.00, avgs=64, sigma=2.0,type=2, relabel=0, neg=no

blurring input image with Gaussian with sigma=2.000...
GCAMRegisterLevel(): init RMS 0.607406
#GCMRL#  148 dt 103.680000 rms  0.605  0.395% neg 0  invalid 762 tFOTS 4.5630 tGradient 2.0270 tsec 6.9240
#GCMRL#  149 dt 414.720000 rms  0.595  1.697% neg 0  invalid 762 tFOTS 4.4520 tGradient 1.9240 tsec 6.7120
#FOTS# QuadFit found better minimum quadopt=(dt=53.4684,rms=0.591545) vs oldopt=(dt=25.92,rms=0.592185)
#GCMRL#  150 dt  53.468354 rms  0.592  0.537% neg 0  invalid 762 tFOTS 4.4390 tGradient 1.8390 tsec 6.6150
#FOTS# QuadFit found better minimum quadopt=(dt=331.776,rms=0.587701) vs oldopt=(dt=414.72,rms=0.587784)
#GCMRL#  151 dt 331.776000 rms  0.588  0.650% neg 0  invalid 762 tFOTS 4.4390 tGradient 1.8000 tsec 6.5730
#FOTS# QuadFit found better minimum quadopt=(dt=124.416,rms=0.582548) vs oldopt=(dt=103.68,rms=0.582693)
#GCMRL#  152 dt 124.416000 rms  0.583  0.877% neg 0  invalid 762 tFOTS 4.8620 tGradient 1.7620 tsec 7.0000
#FOTS# QuadFit found better minimum quadopt=(dt=36.288,rms=0.582012) vs oldopt=(dt=25.92,rms=0.582058)
#GCMRL#  153 dt  36.288000 rms  0.582  0.092% neg 0  invalid 762 tFOTS 5.0330 tGradient 2.3150 tsec 7.8200
#FOTS# QuadFit found better minimum quadopt=(dt=36.288,rms=0.581848) vs oldopt=(dt=25.92,rms=0.581884)
#GCMRL#  154 dt  36.288000 rms  0.582  0.000% neg 0  invalid 762 tFOTS 5.1510 tGradient 1.7940 tsec 7.3000
#GCMRL#  155 dt  36.288000 rms  0.582  0.046% neg 0  invalid 762 tFOTS 0.0000 tGradient 1.8110 tsec 2.2270
#GCMRL#  156 dt  36.288000 rms  0.581  0.089% neg 0  invalid 762 tFOTS 0.0000 tGradient 1.8060 tsec 2.1420
#GCMRL#  157 dt  36.288000 rms  0.580  0.149% neg 0  invalid 762 tFOTS 0.0000 tGradient 1.8300 tsec 2.1380
#GCMRL#  158 dt  36.288000 rms  0.579  0.222% neg 0  invalid 762 tFOTS 0.0000 tGradient 1.8840 tsec 2.3050
#GCMRL#  159 dt  36.288000 rms  0.577  0.280% neg 0  invalid 762 tFOTS 0.0000 tGradient 1.7950 tsec 2.1110
#GCMRL#  160 dt  36.288000 rms  0.576  0.306% neg 0  invalid 762 tFOTS 0.0000 tGradient 2.1060 tsec 2.4370
#GCMRL#  161 dt  36.288000 rms  0.574  0.298% neg 0  invalid 762 tFOTS 0.0000 tGradient 1.8900 tsec 2.3110
#GCMRL#  162 dt  36.288000 rms  0.572  0.281% neg 0  invalid 762 tFOTS 0.0000 tGradient 1.8780 tsec 2.2990
#GCMRL#  163 dt  36.288000 rms  0.571  0.259% neg 0  invalid 762 tFOTS 0.0000 tGradient 1.9000 tsec 2.2200
#GCMRL#  164 dt  36.288000 rms  0.569  0.246% neg 0  invalid 762 tFOTS 0.0000 tGradient 1.8540 tsec 2.1730
#GCMRL#  165 dt  36.288000 rms  0.568  0.234% neg 0  invalid 762 tFOTS 0.0000 tGradient 1.8360 tsec 2.2140
#GCMRL#  166 dt  36.288000 rms  0.567  0.229% neg 0  invalid 762 tFOTS 0.0000 tGradient 1.8980 tsec 2.2530
#GCMRL#  167 dt  36.288000 rms  0.565  0.221% neg 0  invalid 762 tFOTS 0.0000 tGradient 1.9530 tsec 2.2900
#GCMRL#  168 dt  36.288000 rms  0.564  0.206% neg 0  invalid 762 tFOTS 0.0000 tGradient 1.8650 tsec 2.2030
#GCMRL#  169 dt  36.288000 rms  0.563  0.191% neg 0  invalid 762 tFOTS 0.0000 tGradient 1.9110 tsec 2.2430
#GCMRL#  170 dt  36.288000 rms  0.562  0.170% neg 0  invalid 762 tFOTS 0.0000 tGradient 1.8820 tsec 2.2150
#GCMRL#  171 dt  36.288000 rms  0.561  0.151% neg 0  invalid 762 tFOTS 0.0000 tGradient 1.9260 tsec 2.2590
#GCMRL#  172 dt  36.288000 rms  0.561  0.141% neg 0  invalid 762 tFOTS 0.0000 tGradient 1.9450 tsec 2.2790
#GCMRL#  173 dt  36.288000 rms  0.560  0.133% neg 0  invalid 762 tFOTS 0.0000 tGradient 1.9200 tsec 2.2550
#GCMRL#  174 dt  36.288000 rms  0.559  0.135% neg 0  invalid 762 tFOTS 0.0000 tGradient 1.8910 tsec 2.2220
#GCMRL#  175 dt  36.288000 rms  0.558  0.138% neg 0  invalid 762 tFOTS 0.0000 tGradient 1.9690 tsec 2.2980
#GCMRL#  176 dt  36.288000 rms  0.558  0.130% neg 0  invalid 762 tFOTS 0.0000 tGradient 1.9400 tsec 2.2710
#GCMRL#  177 dt  36.288000 rms  0.557  0.123% neg 0  invalid 762 tFOTS 0.0000 tGradient 1.9330 tsec 2.2660
#GCMRL#  178 dt  36.288000 rms  0.556  0.113% neg 0  invalid 762 tFOTS 0.0000 tGradient 1.8720 tsec 2.2020
#GCMRL#  179 dt  36.288000 rms  0.556  0.107% neg 0  invalid 762 tFOTS 0.0000 tGradient 1.8590 tsec 2.1890
#GCMRL#  180 dt  36.288000 rms  0.555  0.103% neg 0  invalid 762 tFOTS 0.0000 tGradient 1.8970 tsec 2.2300
#GCMRL#  181 dt  36.288000 rms  0.555  0.105% neg 0  invalid 762 tFOTS 0.0000 tGradient 1.8710 tsec 2.2030
#GCMRL#  182 dt  36.288000 rms  0.554  0.098% neg 0  invalid 762 tFOTS 0.0000 tGradient 1.8720 tsec 2.2050
#GCMRL#  183 dt  36.288000 rms  0.554  0.088% neg 0  invalid 762 tFOTS 0.0000 tGradient 1.8570 tsec 2.1920
#GCMRL#  184 dt  36.288000 rms  0.553  0.081% neg 0  invalid 762 tFOTS 0.0000 tGradient 1.7970 tsec 2.1310
#GCMRL#  185 dt  36.288000 rms  0.553  0.087% neg 0  invalid 762 tFOTS 0.0000 tGradient 1.8620 tsec 2.1970
#GCMRL#  186 dt  36.288000 rms  0.552  0.085% neg 0  invalid 762 tFOTS 0.0000 tGradient 1.8190 tsec 2.1510
#GCMRL#  187 dt  36.288000 rms  0.552  0.085% neg 0  invalid 762 tFOTS 0.0000 tGradient 1.8370 tsec 2.1720
#GCMRL#  188 dt  36.288000 rms  0.551  0.080% neg 0  invalid 762 tFOTS 0.0000 tGradient 1.8160 tsec 2.1500
#GCMRL#  189 dt  36.288000 rms  0.551  0.069% neg 0  invalid 762 tFOTS 0.0000 tGradient 1.8440 tsec 2.1770
#GCMRL#  190 dt  36.288000 rms  0.550  0.066% neg 0  invalid 762 tFOTS 0.0000 tGradient 1.7880 tsec 2.1180
#GCMRL#  191 dt  36.288000 rms  0.550  0.064% neg 0  invalid 762 tFOTS 0.0000 tGradient 1.8340 tsec 2.1680
#GCMRL#  192 dt  36.288000 rms  0.550  0.081% neg 0  invalid 762 tFOTS 0.0000 tGradient 1.8700 tsec 2.2040
#GCMRL#  193 dt  36.288000 rms  0.549  0.080% neg 0  invalid 762 tFOTS 0.0000 tGradient 1.8240 tsec 2.1540
#GCMRL#  194 dt  36.288000 rms  0.549  0.071% neg 0  invalid 762 tFOTS 0.0000 tGradient 1.8470 tsec 2.1810
#GCMRL#  195 dt  36.288000 rms  0.548  0.063% neg 0  invalid 762 tFOTS 0.0000 tGradient 1.8130 tsec 2.1440
#GCMRL#  196 dt  36.288000 rms  0.548  0.057% neg 0  invalid 762 tFOTS 0.0000 tGradient 1.8280 tsec 2.1600
#GCMRL#  197 dt  36.288000 rms  0.548  0.054% neg 0  invalid 762 tFOTS 0.0000 tGradient 1.9300 tsec 2.2640
#GCMRL#  198 dt  36.288000 rms  0.548  0.050% neg 0  invalid 762 tFOTS 0.0000 tGradient 1.8630 tsec 2.1990
#GCMRL#  199 dt  36.288000 rms  0.547  0.058% neg 0  invalid 762 tFOTS 0.0000 tGradient 1.8830 tsec 2.2150
#GCMRL#  200 dt  36.288000 rms  0.547  0.058% neg 0  invalid 762 tFOTS 0.0000 tGradient 1.8500 tsec 2.1820
#GCMRL#  201 dt  36.288000 rms  0.547  0.052% neg 0  invalid 762 tFOTS 0.0000 tGradient 1.7950 tsec 2.1260
#GCMRL#  202 dt  36.288000 rms  0.546  0.037% neg 0  invalid 762 tFOTS 0.0000 tGradient 1.9410 tsec 2.2730
#GCMRL#  203 dt  36.288000 rms  0.546  0.039% neg 0  invalid 762 tFOTS 0.0000 tGradient 1.8560 tsec 2.1870
#GCMRL#  204 dt  36.288000 rms  0.546  0.040% neg 0  invalid 762 tFOTS 0.0000 tGradient 1.8990 tsec 2.2320
#GCMRL#  205 dt  36.288000 rms  0.546  0.043% neg 0  invalid 762 tFOTS 0.0000 tGradient 1.8970 tsec 2.2310
#GCMRL#  206 dt  36.288000 rms  0.546  0.055% neg 0  invalid 762 tFOTS 0.0000 tGradient 1.8720 tsec 2.2100
#GCMRL#  207 dt  36.288000 rms  0.545  0.051% neg 0  invalid 762 tFOTS 0.0000 tGradient 1.8510 tsec 2.1840
#GCMRL#  208 dt  36.288000 rms  0.545  0.043% neg 0  invalid 762 tFOTS 0.0000 tGradient 1.8680 tsec 2.1990
#GCMRL#  209 dt  36.288000 rms  0.545  0.036% neg 0  invalid 762 tFOTS 0.0000 tGradient 1.9080 tsec 2.2390
#GCMRL#  210 dt  36.288000 rms  0.545  0.037% neg 0  invalid 762 tFOTS 0.0000 tGradient 1.8610 tsec 2.1910
#GCMRL#  211 dt  36.288000 rms  0.544  0.033% neg 0  invalid 762 tFOTS 0.0000 tGradient 1.8540 tsec 2.1850
#GCMRL#  212 dt  36.288000 rms  0.544  0.052% neg 0  invalid 762 tFOTS 0.0000 tGradient 2.0030 tsec 2.3290
#GCMRL#  213 dt  36.288000 rms  0.544  0.046% neg 0  invalid 762 tFOTS 0.0000 tGradient 1.8500 tsec 2.1820
#GCMRL#  214 dt  36.288000 rms  0.544  0.042% neg 0  invalid 762 tFOTS 0.0000 tGradient 1.8700 tsec 2.2000
#GCMRL#  215 dt  36.288000 rms  0.543  0.035% neg 0  invalid 762 tFOTS 0.0000 tGradient 2.2740 tsec 2.6550
#GCMRL#  216 dt  36.288000 rms  0.543  0.029% neg 0  invalid 762 tFOTS 0.0000 tGradient 1.9280 tsec 2.2610
#GCMRL#  217 dt  36.288000 rms  0.543  0.023% neg 0  invalid 762 tFOTS 0.0000 tGradient 1.9080 tsec 2.2430
#GCMRL#  218 dt  36.288000 rms  0.543  0.032% neg 0  invalid 762 tFOTS 0.0000 tGradient 1.8730 tsec 2.2060
#GCMRL#  219 dt  36.288000 rms  0.543  0.037% neg 0  invalid 762 tFOTS 0.0000 tGradient 1.8710 tsec 2.2100
#GCMRL#  220 dt  36.288000 rms  0.543  0.038% neg 0  invalid 762 tFOTS 0.0000 tGradient 1.8670 tsec 2.2030
#GCMRL#  221 dt  36.288000 rms  0.542  0.031% neg 0  invalid 762 tFOTS 0.0000 tGradient 1.9040 tsec 2.2300
#GCMRL#  222 dt  36.288000 rms  0.542  0.029% neg 0  invalid 762 tFOTS 0.0000 tGradient 1.8220 tsec 2.1480
#GCMRL#  223 dt  36.288000 rms  0.542  0.019% neg 0  invalid 762 tFOTS 0.0000 tGradient 1.8200 tsec 2.1460
#GCMRL#  224 dt  36.288000 rms  0.542  0.023% neg 0  invalid 762 tFOTS 0.0000 tGradient 1.8200 tsec 2.1450
#GCMRL#  225 dt  36.288000 rms  0.542  0.031% neg 0  invalid 762 tFOTS 0.0000 tGradient 1.8400 tsec 2.1660
#GCMRL#  226 dt  36.288000 rms  0.542  0.032% neg 0  invalid 762 tFOTS 0.0000 tGradient 2.1030 tsec 2.4570
#GCMRL#  227 dt  36.288000 rms  0.542  0.031% neg 0  invalid 762 tFOTS 0.0000 tGradient 1.8720 tsec 2.1890
#GCMRL#  228 dt  36.288000 rms  0.541  0.023% neg 0  invalid 762 tFOTS 0.0000 tGradient 1.8060 tsec 2.1250
#GCMRL#  229 dt  36.288000 rms  0.541  0.023% neg 0  invalid 762 tFOTS 0.0000 tGradient 1.8310 tsec 2.1720
#FOTS# QuadFit found better minimum quadopt=(dt=497.664,rms=0.541164) vs oldopt=(dt=414.72,rms=0.541167)
#GCMRL#  230 dt 497.664000 rms  0.541  0.000% neg 0  invalid 762 tFOTS 4.9030 tGradient 1.7960 tsec 7.0560

#GCAMreg# pass 0 level1 4 level2 1 tsec 235.117 sigma 0.5
l_jacobian=1.00 l_label=1.00 l_log_likelihood=0.20 l_smoothness=0.03 
tol=5.00e-02, dt=5.00e-02, exp_k=20.0, momentum=0.90, levels=6, niter=500, lbl_dist=10.00, avgs=64, sigma=0.5,type=2, relabel=0, neg=no

blurring input image with Gaussian with sigma=0.500...
GCAMRegisterLevel(): init RMS 0.541396
#FOTS# QuadFit found better minimum quadopt=(dt=124.416,rms=0.538976) vs oldopt=(dt=103.68,rms=0.539054)
#GCMRL#  232 dt 124.416000 rms  0.539  0.447% neg 0  invalid 762 tFOTS 5.1710 tGradient 2.2780 tsec 7.8380
#FOTS# QuadFit found better minimum quadopt=(dt=36.288,rms=0.538469) vs oldopt=(dt=25.92,rms=0.538574)
#GCMRL#  233 dt  36.288000 rms  0.538  0.094% neg 0  invalid 762 tFOTS 5.1310 tGradient 2.3400 tsec 7.8210
#FOTS# QuadFit found better minimum quadopt=(dt=145.152,rms=0.537974) vs oldopt=(dt=103.68,rms=0.538043)
#GCMRL#  234 dt 145.152000 rms  0.538  0.092% neg 0  invalid 762 tFOTS 5.2440 tGradient 1.9640 tsec 7.6090
#GCMRL#  235 dt 103.680000 rms  0.538  0.087% neg 0  invalid 762 tFOTS 5.0960 tGradient 2.1360 tsec 7.5960
#FOTS# QuadFit found better minimum quadopt=(dt=82.944,rms=0.537264) vs oldopt=(dt=103.68,rms=0.537278)
#GCMRL#  236 dt  82.944000 rms  0.537  0.000% neg 0  invalid 762 tFOTS 5.0250 tGradient 1.9150 tsec 7.3300
#GCMRL#  237 dt  82.944000 rms  0.537  0.051% neg 0  invalid 762 tFOTS 0.0000 tGradient 1.8850 tsec 2.2270
#GCMRL#  238 dt  82.944000 rms  0.537  0.057% neg 0  invalid 762 tFOTS 0.0000 tGradient 1.9320 tsec 2.2720
#GCMRL#  239 dt  82.944000 rms  0.536  0.089% neg 0  invalid 762 tFOTS 0.0000 tGradient 1.9580 tsec 2.3020
#GCMRL#  240 dt  82.944000 rms  0.536  0.081% neg 0  invalid 762 tFOTS 0.0000 tGradient 1.9830 tsec 2.3250
#GCMRL#  241 dt  82.944000 rms  0.535  0.086% neg 0  invalid 762 tFOTS 0.0000 tGradient 1.9530 tsec 2.2940
#GCMRL#  242 dt  82.944000 rms  0.535  0.082% neg 0  invalid 762 tFOTS 0.0000 tGradient 1.9110 tsec 2.2530
#GCMRL#  243 dt  82.944000 rms  0.534  0.078% neg 0  invalid 762 tFOTS 0.0000 tGradient 1.9850 tsec 2.3370
#GCMRL#  244 dt  82.944000 rms  0.534  0.071% neg 0  invalid 762 tFOTS 0.0000 tGradient 1.8760 tsec 2.2240
#GCMRL#  245 dt  82.944000 rms  0.534  0.080% neg 0  invalid 762 tFOTS 0.0000 tGradient 1.9320 tsec 2.3170
#GCMRL#  246 dt  82.944000 rms  0.533  0.066% neg 0  invalid 762 tFOTS 0.0000 tGradient 2.0260 tsec 2.3780
#GCMRL#  247 dt  82.944000 rms  0.533  0.065% neg 0  invalid 762 tFOTS 0.0000 tGradient 1.8980 tsec 2.2440
#GCMRL#  248 dt  82.944000 rms  0.533  0.065% neg 0  invalid 762 tFOTS 0.0000 tGradient 2.0020 tsec 2.3580
#GCMRL#  249 dt  82.944000 rms  0.532  0.063% neg 0  invalid 762 tFOTS 0.0000 tGradient 1.9500 tsec 2.3020
#GCMRL#  250 dt  82.944000 rms  0.532  0.064% neg 0  invalid 762 tFOTS 0.0000 tGradient 2.0610 tsec 2.4130
#GCMRL#  251 dt  82.944000 rms  0.532  0.049% neg 0  invalid 762 tFOTS 0.0000 tGradient 1.9740 tsec 2.3250
#GCMRL#  252 dt  82.944000 rms  0.531  0.058% neg 0  invalid 762 tFOTS 0.0000 tGradient 1.9550 tsec 2.3090
#GCMRL#  253 dt  82.944000 rms  0.531  0.055% neg 0  invalid 762 tFOTS 0.0000 tGradient 1.9680 tsec 2.3180
#GCMRL#  254 dt  82.944000 rms  0.531  0.052% neg 0  invalid 762 tFOTS 0.0000 tGradient 1.9920 tsec 2.3410
#GCMRL#  255 dt  82.944000 rms  0.531  0.049% neg 0  invalid 762 tFOTS 0.0000 tGradient 1.9910 tsec 2.3370
#GCMRL#  256 dt  82.944000 rms  0.530  0.043% neg 0  invalid 762 tFOTS 0.0000 tGradient 2.0250 tsec 2.4330
#GCMRL#  257 dt  82.944000 rms  0.530  0.046% neg 0  invalid 762 tFOTS 0.0000 tGradient 1.9660 tsec 2.3160
#GCMRL#  258 dt  82.944000 rms  0.530  0.039% neg 0  invalid 762 tFOTS 0.0000 tGradient 1.9730 tsec 2.3250
#GCMRL#  259 dt  82.944000 rms  0.530  0.046% neg 0  invalid 762 tFOTS 0.0000 tGradient 1.9670 tsec 2.3110
#GCMRL#  260 dt  82.944000 rms  0.529  0.047% neg 0  invalid 762 tFOTS 0.0000 tGradient 1.9590 tsec 2.3120
#GCMRL#  261 dt  82.944000 rms  0.529  0.044% neg 0  invalid 762 tFOTS 0.0000 tGradient 1.9730 tsec 2.3250
#GCMRL#  262 dt  82.944000 rms  0.529  0.039% neg 0  invalid 762 tFOTS 0.0000 tGradient 1.9900 tsec 2.3400
#GCMRL#  263 dt  82.944000 rms  0.529  0.036% neg 0  invalid 762 tFOTS 0.0000 tGradient 1.9460 tsec 2.2930
#GCMRL#  264 dt  82.944000 rms  0.528  0.045% neg 0  invalid 762 tFOTS 0.0000 tGradient 1.9710 tsec 2.3150
#GCMRL#  265 dt  82.944000 rms  0.528  0.046% neg 0  invalid 762 tFOTS 0.0000 tGradient 1.9850 tsec 2.3320
#GCMRL#  266 dt  82.944000 rms  0.528  0.038% neg 0  invalid 762 tFOTS 0.0000 tGradient 1.9740 tsec 2.3180
#GCMRL#  267 dt  82.944000 rms  0.528  0.039% neg 0  invalid 762 tFOTS 0.0000 tGradient 1.9640 tsec 2.3150
#GCMRL#  268 dt  82.944000 rms  0.528  0.041% neg 0  invalid 762 tFOTS 0.0000 tGradient 1.9890 tsec 2.3380
#GCMRL#  269 dt  82.944000 rms  0.527  0.034% neg 0  invalid 762 tFOTS 0.0000 tGradient 1.9780 tsec 2.3240
#GCMRL#  270 dt  82.944000 rms  0.527  0.037% neg 0  invalid 762 tFOTS 0.0000 tGradient 1.9500 tsec 2.3030
#GCMRL#  271 dt  82.944000 rms  0.527  0.034% neg 0  invalid 762 tFOTS 0.0000 tGradient 1.9690 tsec 2.3150
#GCMRL#  272 dt  82.944000 rms  0.527  0.033% neg 0  invalid 762 tFOTS 0.0000 tGradient 2.0030 tsec 2.3510
#GCMRL#  273 dt  82.944000 rms  0.527  0.034% neg 0  invalid 762 tFOTS 0.0000 tGradient 1.9640 tsec 2.3160
#GCMRL#  274 dt  82.944000 rms  0.527  0.031% neg 0  invalid 762 tFOTS 0.0000 tGradient 1.9960 tsec 2.3470
#GCMRL#  275 dt  82.944000 rms  0.526  0.020% neg 0  invalid 762 tFOTS 0.0000 tGradient 1.9890 tsec 2.3390
#GCMRL#  276 dt  82.944000 rms  0.526  0.027% neg 0  invalid 762 tFOTS 0.0000 tGradient 1.9750 tsec 2.3220
#GCMRL#  277 dt  82.944000 rms  0.526  0.031% neg 0  invalid 762 tFOTS 0.0000 tGradient 1.9550 tsec 2.3080
#GCMRL#  278 dt  82.944000 rms  0.526  0.032% neg 0  invalid 762 tFOTS 0.0000 tGradient 1.8780 tsec 2.2260
#GCMRL#  279 dt  82.944000 rms  0.526  0.032% neg 0  invalid 762 tFOTS 0.0000 tGradient 1.8710 tsec 2.2180
#GCMRL#  280 dt  82.944000 rms  0.526  0.026% neg 0  invalid 762 tFOTS 0.0000 tGradient 1.9280 tsec 2.2790
#GCMRL#  281 dt  82.944000 rms  0.526  0.019% neg 0  invalid 762 tFOTS 0.0000 tGradient 1.9720 tsec 2.3190
#GCMRL#  282 dt  82.944000 rms  0.525  0.018% neg 0  invalid 762 tFOTS 0.0000 tGradient 1.9540 tsec 2.3350
#FOTS# QuadFit found better minimum quadopt=(dt=145.152,rms=0.525384) vs oldopt=(dt=103.68,rms=0.525388)
#GCMRL#  283 dt 145.152000 rms  0.525  0.000% neg 0  invalid 762 tFOTS 5.0580 tGradient 1.9740 tsec 7.4820
setting smoothness cost coefficient to 0.118

#GCAMreg# pass 0 level1 3 level2 0 tsec 0 sigma 2
l_jacobian=1.00 l_label=1.00 l_log_likelihood=0.20 l_smoothness=0.12 
tol=5.00e-02, dt=5.00e-02, exp_k=20.0, momentum=0.90, levels=6, niter=500, lbl_dist=10.00, avgs=16, sigma=2.0,type=2, relabel=0, neg=no

blurring input image with Gaussian with sigma=2.000...
GCAMRegisterLevel(): init RMS 0.536575
#FOTS# QuadFit found better minimum quadopt=(dt=11.2,rms=0.536005) vs oldopt=(dt=8,rms=0.536054)
#GCMRL#  285 dt  11.200000 rms  0.536  0.106% neg 0  invalid 762 tFOTS 4.9060 tGradient 1.6700 tsec 6.9380
#FOTS# QuadFit found better minimum quadopt=(dt=11.2,rms=0.535757) vs oldopt=(dt=8,rms=0.535795)
#GCMRL#  286 dt  11.200000 rms  0.536  0.000% neg 0  invalid 762 tFOTS 4.8450 tGradient 1.7790 tsec 7.0140
#GCMRL#  287 dt  11.200000 rms  0.536  0.043% neg 0  invalid 762 tFOTS 0.0000 tGradient 1.7810 tsec 2.1310
#GCMRL#  288 dt  11.200000 rms  0.535  0.046% neg 0  invalid 762 tFOTS 0.0000 tGradient 1.7870 tsec 2.1320
#GCMRL#  289 dt  11.200000 rms  0.535  0.027% neg 0  invalid 762 tFOTS 0.0000 tGradient 1.8270 tsec 2.1750
#GCMRL#  290 dt  11.200000 rms  0.535  0.018% neg 0  invalid 762 tFOTS 0.0000 tGradient 1.7950 tsec 2.1430
#GCMRL#  291 dt  11.200000 rms  0.535  0.048% neg 0  invalid 762 tFOTS 0.0000 tGradient 1.7310 tsec 2.0780
#GCMRL#  292 dt  11.200000 rms  0.534  0.115% neg 0  invalid 762 tFOTS 0.0000 tGradient 1.7120 tsec 2.0590
#GCMRL#  293 dt  11.200000 rms  0.533  0.175% neg 0  invalid 762 tFOTS 0.0000 tGradient 1.7070 tsec 2.2510
#GCMRL#  294 dt  11.200000 rms  0.532  0.292% neg 0  invalid 762 tFOTS 0.0000 tGradient 1.8070 tsec 2.1520
#GCMRL#  295 dt  11.200000 rms  0.530  0.349% neg 0  invalid 762 tFOTS 0.0000 tGradient 1.7160 tsec 2.0620
#GCMRL#  296 dt  11.200000 rms  0.528  0.357% neg 0  invalid 762 tFOTS 0.0000 tGradient 1.7070 tsec 2.0580
#GCMRL#  297 dt  11.200000 rms  0.526  0.336% neg 0  invalid 762 tFOTS 0.0000 tGradient 1.7170 tsec 2.0650
#GCMRL#  298 dt  11.200000 rms  0.525  0.298% neg 0  invalid 762 tFOTS 0.0000 tGradient 1.7130 tsec 2.0630
#GCMRL#  299 dt  11.200000 rms  0.523  0.247% neg 0  invalid 762 tFOTS 0.0000 tGradient 1.6860 tsec 2.0330
#GCMRL#  300 dt  11.200000 rms  0.522  0.205% neg 0  invalid 762 tFOTS 0.0000 tGradient 1.7650 tsec 2.1130
#GCMRL#  301 dt  11.200000 rms  0.521  0.170% neg 0  invalid 762 tFOTS 0.0000 tGradient 1.7600 tsec 2.1070
#GCMRL#  302 dt  11.200000 rms  0.521  0.157% neg 0  invalid 762 tFOTS 0.0000 tGradient 1.7910 tsec 2.1380
#GCMRL#  303 dt  11.200000 rms  0.520  0.155% neg 0  invalid 762 tFOTS 0.0000 tGradient 1.7670 tsec 2.1140
#GCMRL#  304 dt  11.200000 rms  0.519  0.163% neg 0  invalid 762 tFOTS 0.0000 tGradient 1.6970 tsec 2.0440
#GCMRL#  305 dt  11.200000 rms  0.518  0.169% neg 0  invalid 762 tFOTS 0.0000 tGradient 1.6990 tsec 2.0480
#GCMRL#  306 dt  11.200000 rms  0.517  0.178% neg 0  invalid 762 tFOTS 0.0000 tGradient 1.6830 tsec 2.0280
#GCMRL#  307 dt  11.200000 rms  0.516  0.167% neg 0  invalid 762 tFOTS 0.0000 tGradient 1.7420 tsec 2.0900
#GCMRL#  308 dt  11.200000 rms  0.516  0.025% neg 0  invalid 762 tFOTS 0.0000 tGradient 1.7660 tsec 2.3880
#GCMRL#  309 dt  11.200000 rms  0.516  0.038% neg 0  invalid 762 tFOTS 0.0000 tGradient 1.6700 tsec 2.0180
#GCMRL#  310 dt  11.200000 rms  0.516  0.056% neg 0  invalid 762 tFOTS 0.0000 tGradient 1.6730 tsec 2.0200
#GCMRL#  311 dt  11.200000 rms  0.515  0.070% neg 0  invalid 762 tFOTS 0.0000 tGradient 1.6790 tsec 2.0260
#GCMRL#  312 dt  11.200000 rms  0.515  0.083% neg 0  invalid 762 tFOTS 0.0000 tGradient 1.6840 tsec 2.0300
#GCMRL#  313 dt  11.200000 rms  0.514  0.091% neg 0  invalid 762 tFOTS 0.0000 tGradient 1.7520 tsec 2.0960
#GCMRL#  314 dt  11.200000 rms  0.514  0.090% neg 0  invalid 762 tFOTS 0.0000 tGradient 1.6960 tsec 2.0430
#GCMRL#  315 dt  11.200000 rms  0.513  0.077% neg 0  invalid 762 tFOTS 0.0000 tGradient 1.6690 tsec 2.0170
#GCMRL#  316 dt  11.200000 rms  0.513  0.056% neg 0  invalid 762 tFOTS 0.0000 tGradient 1.7340 tsec 2.0810
#GCMRL#  317 dt  11.200000 rms  0.513  0.047% neg 0  invalid 762 tFOTS 0.0000 tGradient 1.7590 tsec 2.1070
#GCMRL#  318 dt  11.200000 rms  0.513  0.042% neg 0  invalid 762 tFOTS 0.0000 tGradient 1.7600 tsec 2.1050
#GCMRL#  319 dt  11.200000 rms  0.512  0.045% neg 0  invalid 762 tFOTS 0.0000 tGradient 1.7510 tsec 2.0960
#GCMRL#  320 dt  11.200000 rms  0.512  0.055% neg 0  invalid 762 tFOTS 0.0000 tGradient 1.6850 tsec 2.0320
#GCMRL#  321 dt  11.200000 rms  0.512  0.069% neg 0  invalid 762 tFOTS 0.0000 tGradient 1.7340 tsec 2.0790
#GCMRL#  322 dt  11.200000 rms  0.511  0.073% neg 0  invalid 762 tFOTS 0.0000 tGradient 1.6820 tsec 2.0280
#GCMRL#  323 dt  11.200000 rms  0.511  0.081% neg 0  invalid 762 tFOTS 0.0000 tGradient 1.6740 tsec 2.0180
#GCMRL#  324 dt  11.200000 rms  0.511  0.087% neg 0  invalid 762 tFOTS 0.0000 tGradient 1.6780 tsec 2.0220
#GCMRL#  325 dt  11.200000 rms  0.510  0.089% neg 0  invalid 762 tFOTS 0.0000 tGradient 1.8160 tsec 2.1650
#GCMRL#  326 dt  11.200000 rms  0.510  0.086% neg 0  invalid 762 tFOTS 0.0000 tGradient 1.6760 tsec 2.0230
#GCMRL#  327 dt  11.200000 rms  0.509  0.068% neg 0  invalid 762 tFOTS 0.0000 tGradient 1.6850 tsec 2.0330
#GCMRL#  328 dt  11.200000 rms  0.509  0.065% neg 0  invalid 762 tFOTS 0.0000 tGradient 1.7440 tsec 2.0890
#GCMRL#  329 dt  11.200000 rms  0.509  0.058% neg 0  invalid 762 tFOTS 0.0000 tGradient 1.6930 tsec 2.0420
#GCMRL#  330 dt  11.200000 rms  0.509  0.052% neg 0  invalid 762 tFOTS 0.0000 tGradient 1.6860 tsec 2.0310
#GCMRL#  331 dt  11.200000 rms  0.508  0.048% neg 0  invalid 762 tFOTS 0.0000 tGradient 1.6830 tsec 2.0300
#GCMRL#  332 dt  11.200000 rms  0.508  0.048% neg 0  invalid 762 tFOTS 0.0000 tGradient 1.7610 tsec 2.1070
#GCMRL#  333 dt  11.200000 rms  0.508  0.046% neg 0  invalid 762 tFOTS 0.0000 tGradient 1.7290 tsec 2.0540
#GCMRL#  334 dt  11.200000 rms  0.508  0.044% neg 0  invalid 762 tFOTS 0.0000 tGradient 1.6910 tsec 2.0140
#GCMRL#  335 dt  11.200000 rms  0.507  0.043% neg 0  invalid 762 tFOTS 0.0000 tGradient 1.6290 tsec 1.9610
#GCMRL#  336 dt  11.200000 rms  0.507  0.044% neg 0  invalid 762 tFOTS 0.0000 tGradient 1.5350 tsec 1.9210
#GCMRL#  337 dt  11.200000 rms  0.507  0.043% neg 0  invalid 762 tFOTS 0.0000 tGradient 1.6050 tsec 1.9420
#GCMRL#  338 dt  11.200000 rms  0.507  0.041% neg 0  invalid 762 tFOTS 0.0000 tGradient 1.6130 tsec 1.9270
#GCMRL#  339 dt  11.200000 rms  0.506  0.042% neg 0  invalid 762 tFOTS 0.0000 tGradient 1.5530 tsec 1.9040
#GCMRL#  340 dt  11.200000 rms  0.506  0.044% neg 0  invalid 762 tFOTS 0.0000 tGradient 1.6360 tsec 1.9410
#GCMRL#  341 dt  11.200000 rms  0.506  0.035% neg 0  invalid 762 tFOTS 0.0000 tGradient 1.5860 tsec 1.9180
#GCMRL#  342 dt  11.200000 rms  0.506  0.038% neg 0  invalid 762 tFOTS 0.0000 tGradient 1.6440 tsec 1.9510
#GCMRL#  343 dt  11.200000 rms  0.506  0.036% neg 0  invalid 762 tFOTS 0.0000 tGradient 1.6170 tsec 2.0500
#GCMRL#  344 dt  11.200000 rms  0.506  0.036% neg 0  invalid 762 tFOTS 0.0000 tGradient 1.5960 tsec 1.9000
#GCMRL#  345 dt  11.200000 rms  0.505  0.030% neg 0  invalid 762 tFOTS 0.0000 tGradient 1.5470 tsec 1.9140
#GCMRL#  346 dt  11.200000 rms  0.505  0.029% neg 0  invalid 762 tFOTS 0.0000 tGradient 1.5730 tsec 1.8800
#GCMRL#  347 dt  11.200000 rms  0.505  0.027% neg 0  invalid 762 tFOTS 0.0000 tGradient 1.5270 tsec 1.8410
#GCMRL#  348 dt  11.200000 rms  0.505  0.029% neg 0  invalid 762 tFOTS 0.0000 tGradient 1.5150 tsec 1.8600
#GCMRL#  349 dt  11.200000 rms  0.505  0.025% neg 0  invalid 762 tFOTS 0.0000 tGradient 1.5670 tsec 1.9250
#GCMRL#  350 dt  11.200000 rms  0.505  0.024% neg 0  invalid 762 tFOTS 0.0000 tGradient 1.5850 tsec 1.8980
#GCMRL#  351 dt  11.200000 rms  0.505  0.024% neg 0  invalid 762 tFOTS 0.0000 tGradient 1.4990 tsec 1.8370
#GCMRL#  352 dt  32.000000 rms  0.505  0.000% neg 0  invalid 762 tFOTS 4.3170 tGradient 1.5680 tsec 6.2390
#GCMRL#  353 dt  32.000000 rms  0.504  0.019% neg 0  invalid 762 tFOTS 0.0000 tGradient 1.5250 tsec 1.8360
#GCMRL#  354 dt  32.000000 rms  0.504  0.004% neg 0  invalid 762 tFOTS 0.0000 tGradient 1.5650 tsec 1.8830
#GCMRL#  355 dt  32.000000 rms  0.504  0.005% neg 0  invalid 762 tFOTS 0.0000 tGradient 1.5150 tsec 1.8230
#GCMRL#  356 dt  32.000000 rms  0.504  0.033% neg 0  invalid 762 tFOTS 0.0000 tGradient 1.5050 tsec 1.8100
#GCMRL#  357 dt  32.000000 rms  0.504  0.013% neg 0  invalid 762 tFOTS 0.0000 tGradient 1.5220 tsec 1.8290
#GCMRL#  358 dt  32.000000 rms  0.504 -0.009% neg 0  invalid 762 tFOTS 0.0000 tGradient 1.5240 tsec 2.2390
#FOTS# QuadFit found better minimum quadopt=(dt=6.4,rms=0.504184) vs oldopt=(dt=8,rms=0.504184)
#GCMRL#  359 dt   6.400000 rms  0.504  0.001% neg 0  invalid 762 tFOTS 4.4130 tGradient 1.5380 tsec 6.2780
#FOTS# QuadFit found better minimum quadopt=(dt=11.2,rms=0.504186) vs oldopt=(dt=8,rms=0.504187)

#GCAMreg# pass 0 level1 3 level2 1 tsec 187.327 sigma 0.5
l_jacobian=1.00 l_label=1.00 l_log_likelihood=0.20 l_smoothness=0.12 
tol=5.00e-02, dt=5.00e-02, exp_k=20.0, momentum=0.90, levels=6, niter=500, lbl_dist=10.00, avgs=16, sigma=0.5,type=2, relabel=0, neg=no

blurring input image with Gaussian with sigma=0.500...
GCAMRegisterLevel(): init RMS 0.504403
#FOTS# QuadFit found better minimum quadopt=(dt=64.256,rms=0.500884) vs oldopt=(dt=32,rms=0.501493)
#GCMRL#  361 dt  64.256000 rms  0.501  0.698% neg 0  invalid 762 tFOTS 4.4040 tGradient 1.5130 tsec 6.2450
#FOTS# QuadFit found better minimum quadopt=(dt=11.2,rms=0.50031) vs oldopt=(dt=8,rms=0.500426)
#GCMRL#  362 dt  11.200000 rms  0.500  0.115% neg 0  invalid 762 tFOTS 4.4120 tGradient 1.5350 tsec 6.2750
#FOTS# QuadFit found better minimum quadopt=(dt=25.6,rms=0.500042) vs oldopt=(dt=32,rms=0.500084)
#GCMRL#  363 dt  25.600000 rms  0.500  0.054% neg 0  invalid 762 tFOTS 4.3320 tGradient 1.5270 tsec 6.1870
#FOTS# QuadFit found better minimum quadopt=(dt=102.4,rms=0.499412) vs oldopt=(dt=128,rms=0.49949)
#GCMRL#  364 dt 102.400000 rms  0.499  0.126% neg 0  invalid 762 tFOTS 4.1330 tGradient 1.5220 tsec 5.9840
#FOTS# QuadFit found better minimum quadopt=(dt=25.6,rms=0.499013) vs oldopt=(dt=32,rms=0.49906)
#GCMRL#  365 dt  25.600000 rms  0.499  0.080% neg 0  invalid 762 tFOTS 4.4170 tGradient 1.5150 tsec 6.2610
#FOTS# QuadFit found better minimum quadopt=(dt=38.4,rms=0.498768) vs oldopt=(dt=32,rms=0.498775)
#GCMRL#  366 dt  38.400000 rms  0.499  0.000% neg 0  invalid 762 tFOTS 4.1440 tGradient 1.5130 tsec 6.0110
#GCMRL#  367 dt  38.400000 rms  0.499  0.027% neg 0  invalid 762 tFOTS 0.0000 tGradient 1.5140 tsec 1.8220
#GCMRL#  368 dt  38.400000 rms  0.498  0.070% neg 0  invalid 762 tFOTS 0.0000 tGradient 1.5330 tsec 1.8370
#GCMRL#  369 dt  38.400000 rms  0.498  0.051% neg 0  invalid 762 tFOTS 0.0000 tGradient 1.5130 tsec 1.8210
#GCMRL#  370 dt  38.400000 rms  0.498  0.091% neg 0  invalid 762 tFOTS 0.0000 tGradient 1.5130 tsec 1.8210
#GCMRL#  371 dt  38.400000 rms  0.497  0.056% neg 0  invalid 762 tFOTS 0.0000 tGradient 1.5310 tsec 1.8410
#GCMRL#  372 dt  38.400000 rms  0.497  0.064% neg 0  invalid 762 tFOTS 0.0000 tGradient 1.5420 tsec 1.8530
#GCMRL#  373 dt  38.400000 rms  0.497  0.029% neg 0  invalid 762 tFOTS 0.0000 tGradient 1.5400 tsec 1.8470
#GCMRL#  374 dt  38.400000 rms  0.496  0.070% neg 0  invalid 762 tFOTS 0.0000 tGradient 1.5320 tsec 1.8390
#GCMRL#  375 dt  38.400000 rms  0.496  0.039% neg 0  invalid 762 tFOTS 0.0000 tGradient 1.5510 tsec 1.8590
#GCMRL#  376 dt  38.400000 rms  0.496  0.049% neg 0  invalid 762 tFOTS 0.0000 tGradient 1.5460 tsec 1.8690
#GCMRL#  377 dt  38.400000 rms  0.496  0.045% neg 0  invalid 762 tFOTS 0.0000 tGradient 1.9190 tsec 2.3260
#GCMRL#  378 dt  38.400000 rms  0.495  0.065% neg 0  invalid 762 tFOTS 0.0000 tGradient 2.0090 tsec 2.4260
#GCMRL#  379 dt  38.400000 rms  0.495  0.065% neg 0  invalid 762 tFOTS 0.0000 tGradient 1.8590 tsec 2.4190
#GCMRL#  380 dt  38.400000 rms  0.495  0.037% neg 0  invalid 762 tFOTS 0.0000 tGradient 1.9150 tsec 2.2780
#GCMRL#  381 dt  38.400000 rms  0.495  0.059% neg 0  invalid 762 tFOTS 0.0000 tGradient 1.7350 tsec 2.0940
#GCMRL#  382 dt  38.400000 rms  0.494  0.061% neg 0  invalid 762 tFOTS 0.0000 tGradient 1.7850 tsec 2.1320
#GCMRL#  383 dt  38.400000 rms  0.494  0.050% neg 0  invalid 762 tFOTS 0.0000 tGradient 1.8010 tsec 2.1610
#GCMRL#  384 dt  38.400000 rms  0.494  0.031% neg 0  invalid 762 tFOTS 0.0000 tGradient 1.8420 tsec 2.2060
#GCMRL#  385 dt  38.400000 rms  0.494  0.065% neg 0  invalid 762 tFOTS 0.0000 tGradient 1.7360 tsec 2.0970
#GCMRL#  386 dt  38.400000 rms  0.493  0.059% neg 0  invalid 762 tFOTS 0.0000 tGradient 1.7300 tsec 2.0880
#GCMRL#  387 dt  38.400000 rms  0.493  0.043% neg 0  invalid 762 tFOTS 0.0000 tGradient 1.7390 tsec 2.1020
#GCMRL#  388 dt  38.400000 rms  0.493  0.042% neg 0  invalid 762 tFOTS 0.0000 tGradient 1.7580 tsec 2.1190
#GCMRL#  389 dt  38.400000 rms  0.493  0.047% neg 0  invalid 762 tFOTS 0.0000 tGradient 1.8070 tsec 2.1670
#GCMRL#  390 dt  38.400000 rms  0.493  0.029% neg 0  invalid 762 tFOTS 0.0000 tGradient 1.8310 tsec 2.1950
#GCMRL#  391 dt  38.400000 rms  0.492  0.031% neg 0  invalid 762 tFOTS 0.0000 tGradient 1.8330 tsec 2.1920
#GCMRL#  392 dt  38.400000 rms  0.492  0.038% neg 0  invalid 762 tFOTS 0.0000 tGradient 1.7890 tsec 2.1480
#GCMRL#  393 dt  38.400000 rms  0.492  0.027% neg 0  invalid 762 tFOTS 0.0000 tGradient 1.7900 tsec 2.1420
#GCMRL#  394 dt  38.400000 rms  0.492  0.032% neg 0  invalid 762 tFOTS 0.0000 tGradient 1.6940 tsec 2.0540
#GCMRL#  395 dt  38.400000 rms  0.492  0.047% neg 0  invalid 762 tFOTS 0.0000 tGradient 1.7880 tsec 2.1530
#GCMRL#  396 dt  38.400000 rms  0.492  0.040% neg 0  invalid 762 tFOTS 0.0000 tGradient 1.7430 tsec 2.0910
#GCMRL#  397 dt  38.400000 rms  0.492 -0.004% neg 0  invalid 762 tFOTS 0.0000 tGradient 1.7260 tsec 2.3260
#FOTS# QuadFit found better minimum quadopt=(dt=11.2,rms=0.491499) vs oldopt=(dt=8,rms=0.491502)
#GCMRL#  398 dt  11.200000 rms  0.491  0.004% neg 0  invalid 762 tFOTS 4.9420 tGradient 1.7050 tsec 7.0160
#FOTS# QuadFit found better minimum quadopt=(dt=25.6,rms=0.491473) vs oldopt=(dt=32,rms=0.491475)
#GCMRL#  399 dt  25.600000 rms  0.491  0.005% neg 0  invalid 762 tFOTS 4.6500 tGradient 1.7640 tsec 6.7920
#FOTS# QuadFit found better minimum quadopt=(dt=25.6,rms=0.49145) vs oldopt=(dt=32,rms=0.491451)
setting smoothness cost coefficient to 0.400

#GCAMreg# pass 0 level1 2 level2 0 tsec 0 sigma 2
l_jacobian=1.00 l_label=1.00 l_log_likelihood=0.20 l_smoothness=0.40 
tol=5.00e-02, dt=5.00e-02, exp_k=20.0, momentum=0.90, levels=6, niter=500, lbl_dist=10.00, avgs=4, sigma=2.0,type=2, relabel=0, neg=no

blurring input image with Gaussian with sigma=2.000...
GCAMRegisterLevel(): init RMS 0.514955
#GCMRL#  401 dt   0.000000 rms  0.515  0.035% neg 0  invalid 762 tFOTS 5.1250 tGradient 1.9040 tsec 7.3660

#GCAMreg# pass 0 level1 2 level2 1 tsec 24.688 sigma 0.5
l_jacobian=1.00 l_label=1.00 l_log_likelihood=0.20 l_smoothness=0.40 
tol=5.00e-02, dt=5.00e-02, exp_k=20.0, momentum=0.90, levels=6, niter=500, lbl_dist=10.00, avgs=4, sigma=0.5,type=2, relabel=0, neg=no

blurring input image with Gaussian with sigma=0.500...
GCAMRegisterLevel(): init RMS 0.514955
#GCMRL#  403 dt   0.000000 rms  0.515  0.035% neg 0  invalid 762 tFOTS 4.5900 tGradient 1.6930 tsec 6.6180
setting smoothness cost coefficient to 1.000

#GCAMreg# pass 0 level1 1 level2 0 tsec 0 sigma 2
l_jacobian=1.00 l_label=1.00 l_log_likelihood=0.20 l_smoothness=1.00 
tol=5.00e-02, dt=5.00e-02, exp_k=20.0, momentum=0.90, levels=6, niter=500, lbl_dist=10.00, avgs=1, sigma=2.0,type=2, relabel=0, neg=no

blurring input image with Gaussian with sigma=2.000...
GCAMRegisterLevel(): init RMS 0.561288
#FOTS# QuadFit found better minimum quadopt=(dt=1.536,rms=0.556729) vs oldopt=(dt=1.28,rms=0.556788)
#GCMRL#  405 dt   1.536000 rms  0.557  0.812% neg 0  invalid 762 tFOTS 4.6280 tGradient 1.6200 tsec 6.6150
#FOTS# QuadFit found better minimum quadopt=(dt=0.256,rms=0.556665) vs oldopt=(dt=0.32,rms=0.556673)
#GCMRL#  406 dt   0.256000 rms  0.557  0.000% neg 0  invalid 762 tFOTS 4.6640 tGradient 1.5620 tsec 6.6230

#GCAMreg# pass 0 level1 1 level2 1 tsec 25.891 sigma 0.5
l_jacobian=1.00 l_label=1.00 l_log_likelihood=0.20 l_smoothness=1.00 
tol=5.00e-02, dt=5.00e-02, exp_k=20.0, momentum=0.90, levels=6, niter=500, lbl_dist=10.00, avgs=1, sigma=0.5,type=2, relabel=0, neg=no

blurring input image with Gaussian with sigma=0.500...
GCAMRegisterLevel(): init RMS 0.556848
#FOTS# QuadFit found better minimum quadopt=(dt=0.448,rms=0.556349) vs oldopt=(dt=0.32,rms=0.556407)
#GCMRL#  408 dt   0.448000 rms  0.556  0.090% neg 0  invalid 762 tFOTS 4.6260 tGradient 1.5670 tsec 6.5360
#GCMRL#  409 dt   0.320000 rms  0.556  0.000% neg 0  invalid 762 tFOTS 4.9540 tGradient 1.6400 tsec 7.0070
resetting metric properties...
setting smoothness cost coefficient to 2.000

#GCAMreg# pass 0 level1 0 level2 0 tsec 0 sigma 2
l_jacobian=1.00 l_label=1.00 l_log_likelihood=0.20 l_smoothness=2.00 
tol=5.00e-02, dt=5.00e-02, exp_k=20.0, momentum=0.90, levels=6, niter=500, lbl_dist=10.00, avgs=0, sigma=2.0,type=2, relabel=0, neg=no

blurring input image with Gaussian with sigma=2.000...
GCAMRegisterLevel(): init RMS 0.502968
#FOTS# QuadFit found better minimum quadopt=(dt=0.448,rms=0.489699) vs oldopt=(dt=0.32,rms=0.493256)
#GCMRL#  411 dt   0.448000 rms  0.490  2.638% neg 0  invalid 762 tFOTS 4.4350 tGradient 0.9350 tsec 5.7450
#FOTS# QuadFit found better minimum quadopt=(dt=0.448,rms=0.487109) vs oldopt=(dt=0.32,rms=0.487822)
#GCMRL#  412 dt   0.448000 rms  0.487  0.529% neg 0  invalid 762 tFOTS 4.4290 tGradient 0.9380 tsec 5.7380
#FOTS# QuadFit found better minimum quadopt=(dt=0.448,rms=0.485538) vs oldopt=(dt=0.32,rms=0.485977)
#GCMRL#  413 dt   0.448000 rms  0.486  0.322% neg 0  invalid 762 tFOTS 4.4030 tGradient 0.9670 tsec 5.7410
#FOTS# QuadFit found better minimum quadopt=(dt=0.448,rms=0.484576) vs oldopt=(dt=0.32,rms=0.484838)
#GCMRL#  414 dt   0.448000 rms  0.485  0.198% neg 0  invalid 762 tFOTS 4.4660 tGradient 0.9480 tsec 5.7830
#FOTS# QuadFit found better minimum quadopt=(dt=0.5,rms=0.483828) vs oldopt=(dt=0.32,rms=0.484092)
#GCMRL#  415 dt   0.500000 rms  0.484  0.154% neg 0  invalid 762 tFOTS 4.4800 tGradient 0.9660 tsec 5.8250
#FOTS# QuadFit found better minimum quadopt=(dt=0.448,rms=0.483346) vs oldopt=(dt=0.32,rms=0.483474)
#GCMRL#  416 dt   0.448000 rms  0.483  0.100% neg 0  invalid 762 tFOTS 4.5390 tGradient 0.9530 tsec 5.8700
#FOTS# QuadFit found better minimum quadopt=(dt=0.448,rms=0.482982) vs oldopt=(dt=0.32,rms=0.483083)
#GCMRL#  417 dt   0.448000 rms  0.483  0.075% neg 0  invalid 762 tFOTS 4.5550 tGradient 1.0240 tsec 5.9570
#FOTS# QuadFit found better minimum quadopt=(dt=0.448,rms=0.482694) vs oldopt=(dt=0.32,rms=0.482767)
#GCMRL#  418 dt   0.448000 rms  0.483  0.059% neg 0  invalid 762 tFOTS 4.5770 tGradient 0.9570 tsec 5.9110
#FOTS# QuadFit found better minimum quadopt=(dt=0.448,rms=0.482453) vs oldopt=(dt=0.32,rms=0.482515)
#GCMRL#  419 dt   0.448000 rms  0.482  0.050% neg 0  invalid 762 tFOTS 4.5130 tGradient 0.9890 tsec 5.8810
#FOTS# QuadFit found better minimum quadopt=(dt=0.448,rms=0.482263) vs oldopt=(dt=0.32,rms=0.482307)
#GCMRL#  420 dt   0.448000 rms  0.482  0.000% neg 0  invalid 762 tFOTS 4.5270 tGradient 0.9480 tsec 5.8790
#GCMRL#  421 dt   0.448000 rms  0.482  0.036% neg 0  invalid 762 tFOTS 0.0000 tGradient 1.0280 tsec 1.4000
#GCMRL#  422 dt   0.448000 rms  0.482  0.058% neg 0  invalid 762 tFOTS 0.0000 tGradient 0.9550 tsec 1.3160
#GCMRL#  423 dt   0.448000 rms  0.482  0.019% neg 0  invalid 762 tFOTS 0.0000 tGradient 0.9400 tsec 1.5140
#GCMRL#  424 dt   0.448000 rms  0.482  0.019% neg 0  invalid 762 tFOTS 0.0000 tGradient 0.9670 tsec 1.5360
#GCMRL#  425 dt   0.448000 rms  0.482  0.011% neg 0  invalid 762 tFOTS 0.0000 tGradient 0.9560 tsec 1.5510
#FOTS# QuadFit found better minimum quadopt=(dt=0.448,rms=0.481474) vs oldopt=(dt=0.32,rms=0.481488)
#GCMRL#  426 dt   0.448000 rms  0.481  0.021% neg 0  invalid 762 tFOTS 4.5540 tGradient 0.9790 tsec 5.9100
#FOTS# QuadFit found better minimum quadopt=(dt=0.384,rms=0.481449) vs oldopt=(dt=0.32,rms=0.481452)
#GCMRL#  427 dt   0.384000 rms  0.481  0.000% neg 0  invalid 762 tFOTS 4.5610 tGradient 0.9370 tsec 5.9060
#GCMRL#  428 dt   0.384000 rms  0.481  0.015% neg 0  invalid 762 tFOTS 0.0000 tGradient 0.9810 tsec 1.3470
#GCMRL#  429 dt   0.384000 rms  0.481  0.015% neg 0  invalid 762 tFOTS 0.0000 tGradient 1.0180 tsec 1.3810
#GCMRL#  430 dt   0.384000 rms  0.481  0.022% neg 0  invalid 762 tFOTS 0.0000 tGradient 0.9810 tsec 1.3710
#GCMRL#  431 dt   0.384000 rms  0.481  0.023% neg 0  invalid 762 tFOTS 0.0000 tGradient 0.9540 tsec 1.3330

#GCAMreg# pass 0 level1 0 level2 1 tsec 94.735 sigma 0.5
l_jacobian=1.00 l_label=1.00 l_log_likelihood=0.20 l_smoothness=2.00 
tol=5.00e-02, dt=5.00e-02, exp_k=20.0, momentum=0.90, levels=6, niter=500, lbl_dist=10.00, avgs=0, sigma=0.5,type=2, relabel=0, neg=no

blurring input image with Gaussian with sigma=0.500...
GCAMRegisterLevel(): init RMS 0.481294
#FOTS# QuadFit found better minimum quadopt=(dt=0.384,rms=0.478483) vs oldopt=(dt=0.32,rms=0.478872)
#GCMRL#  433 dt   0.384000 rms  0.478  0.584% neg 0  invalid 762 tFOTS 4.4730 tGradient 0.9730 tsec 5.8070
#FOTS# QuadFit found better minimum quadopt=(dt=0.448,rms=0.477634) vs oldopt=(dt=0.32,rms=0.477857)
#GCMRL#  434 dt   0.448000 rms  0.478  0.177% neg 0  invalid 762 tFOTS 4.4270 tGradient 0.9610 tsec 5.7450
#FOTS# QuadFit found better minimum quadopt=(dt=0.448,rms=0.477419) vs oldopt=(dt=0.32,rms=0.477468)
#GCMRL#  435 dt   0.448000 rms  0.477  0.000% neg 0  invalid 762 tFOTS 4.4820 tGradient 0.9680 tsec 5.8380
#GCMRL#  436 dt   0.448000 rms  0.477  0.030% neg 0  invalid 762 tFOTS 0.0000 tGradient 0.9740 tsec 1.3410
#GCMRL#  437 dt   0.448000 rms  0.477  0.038% neg 0  invalid 762 tFOTS 0.0000 tGradient 0.9700 tsec 1.3350
#GCMRL#  438 dt   0.448000 rms  0.477  0.006% neg 0  invalid 762 tFOTS 0.0000 tGradient 0.9750 tsec 1.5260
#GCMRL#  439 dt   0.448000 rms  0.477  0.018% neg 0  invalid 762 tFOTS 0.0000 tGradient 0.9710 tsec 1.3360
#GCMRL#  440 dt   0.448000 rms  0.477  0.012% neg 0  invalid 762 tFOTS 0.0000 tGradient 0.9680 tsec 1.5590
#GCMRL#  441 dt   0.320000 rms  0.477  0.000% neg 0  invalid 762 tFOTS 4.2950 tGradient 1.0260 tsec 5.7120
#GCMRL#  442 dt   0.320000 rms  0.477  0.008% neg 0  invalid 762 tFOTS 0.0000 tGradient 0.9690 tsec 1.3330
#GCMRL#  443 dt   0.320000 rms  0.477  0.011% neg 0  invalid 762 tFOTS 0.0000 tGradient 0.9690 tsec 1.3320
#GCMRL#  444 dt   0.320000 rms  0.477  0.005% neg 0  invalid 762 tFOTS 0.0000 tGradient 0.9680 tsec 1.5210
#GCMRL#  445 dt   0.320000 rms  0.477  0.008% neg 0  invalid 762 tFOTS 0.0000 tGradient 0.9620 tsec 1.3260
#GCMRL#  446 dt   0.320000 rms  0.477  0.010% neg 0  invalid 762 tFOTS 0.0000 tGradient 0.9690 tsec 1.3310
#GCMRL#  447 dt   0.320000 rms  0.477  0.014% neg 0  invalid 762 tFOTS 0.0000 tGradient 0.9710 tsec 1.3320
GCAMregister done in 22.2152 min
********************* ALLOWING NEGATIVE NODES IN DEFORMATION********************************
noneg post
Starting GCAMregister()
label assignment complete, 0 changed (0.00%)
npasses = 1, nlevels = 6
#pass# 1 of 1 ************************
enabling zero nodes
setting smoothness cost coefficient to 0.008

#GCAMreg# pass 0 level1 5 level2 0 tsec 0 sigma 2
l_jacobian=1.00 l_label=1.00 l_log_likelihood=0.20 l_smoothness=0.01 
tol=2.50e-01, dt=5.00e-02, exp_k=20.0, momentum=0.90, levels=6, niter=500, lbl_dist=10.00, avgs=256, sigma=2.0,type=2, relabel=0, neg=yes

blurring input image with Gaussian with sigma=2.000...
GCAMRegisterLevel(): init RMS 0.47478
#GCMRL#  449 dt   0.000000 rms  0.475  0.050% neg 0  invalid 762 tFOTS 5.4740 tGradient 2.0720 tsec 7.9080

#GCAMreg# pass 0 level1 5 level2 1 tsec 26.281 sigma 0.5
l_jacobian=1.00 l_label=1.00 l_log_likelihood=0.20 l_smoothness=0.01 
tol=2.50e-01, dt=5.00e-02, exp_k=20.0, momentum=0.90, levels=6, niter=500, lbl_dist=10.00, avgs=256, sigma=0.5,type=2, relabel=0, neg=yes

blurring input image with Gaussian with sigma=0.500...
GCAMRegisterLevel(): init RMS 0.47478
#FOTS# QuadFit found better minimum quadopt=(dt=129.472,rms=0.474427) vs oldopt=(dt=92.48,rms=0.474439)
#GCMRL#  451 dt 129.472000 rms  0.474  0.074% neg 0  invalid 762 tFOTS 5.2150 tGradient 2.2840 tsec 7.9210
#GCMRL#  452 dt 369.920000 rms  0.474  0.000% neg 0  invalid 762 tFOTS 5.2280 tGradient 2.2060 tsec 7.8270
setting smoothness cost coefficient to 0.031

#GCAMreg# pass 0 level1 4 level2 0 tsec 0 sigma 2
l_jacobian=1.00 l_label=1.00 l_log_likelihood=0.20 l_smoothness=0.03 
tol=2.50e-01, dt=5.00e-02, exp_k=20.0, momentum=0.90, levels=6, niter=500, lbl_dist=10.00, avgs=64, sigma=2.0,type=2, relabel=0, neg=yes

blurring input image with Gaussian with sigma=2.000...
GCAMRegisterLevel(): init RMS 0.474474
#GCMRL#  454 dt   0.000000 rms  0.474  0.050% neg 0  invalid 762 tFOTS 5.2210 tGradient 1.8830 tsec 7.4700

#GCAMreg# pass 0 level1 4 level2 1 tsec 25.82 sigma 0.5
l_jacobian=1.00 l_label=1.00 l_log_likelihood=0.20 l_smoothness=0.03 
tol=2.50e-01, dt=5.00e-02, exp_k=20.0, momentum=0.90, levels=6, niter=500, lbl_dist=10.00, avgs=64, sigma=0.5,type=2, relabel=0, neg=yes

blurring input image with Gaussian with sigma=0.500...
GCAMRegisterLevel(): init RMS 0.474474
#FOTS# QuadFit found better minimum quadopt=(dt=124.416,rms=0.473054) vs oldopt=(dt=103.68,rms=0.47306)
#GCMRL#  456 dt 124.416000 rms  0.473  0.299% neg 0  invalid 762 tFOTS 5.4400 tGradient 1.8380 tsec 7.6560
#FOTS# QuadFit found better minimum quadopt=(dt=36.288,rms=0.472512) vs oldopt=(dt=25.92,rms=0.472581)
#GCMRL#  457 dt  36.288000 rms  0.473  0.000% neg 0  invalid 762 tFOTS 5.7820 tGradient 1.8930 tsec 8.0940
#GCMRL#  458 dt  36.288000 rms  0.472  0.059% neg 0  invalid 762 tFOTS 0.0000 tGradient 1.9090 tsec 2.2850
#GCMRL#  459 dt  36.288000 rms  0.472  0.089% neg 0  invalid 762 tFOTS 0.0000 tGradient 1.8610 tsec 2.2300
#GCMRL#  460 dt  36.288000 rms  0.471  0.108% neg 0  invalid 762 tFOTS 0.0000 tGradient 1.8430 tsec 2.2110
#GCMRL#  461 dt  36.288000 rms  0.471  0.105% neg 0  invalid 762 tFOTS 0.0000 tGradient 1.8360 tsec 2.2010
#GCMRL#  462 dt  36.288000 rms  0.470  0.097% neg 0  invalid 762 tFOTS 0.0000 tGradient 1.8290 tsec 2.2270
#FOTS# QuadFit found better minimum quadopt=(dt=145.152,rms=0.470035) vs oldopt=(dt=103.68,rms=0.470091)
setting smoothness cost coefficient to 0.118

#GCAMreg# pass 0 level1 3 level2 0 tsec 0 sigma 2
l_jacobian=1.00 l_label=1.00 l_log_likelihood=0.20 l_smoothness=0.12 
tol=2.50e-01, dt=5.00e-02, exp_k=20.0, momentum=0.90, levels=6, niter=500, lbl_dist=10.00, avgs=16, sigma=2.0,type=2, relabel=0, neg=yes

blurring input image with Gaussian with sigma=2.000...
GCAMRegisterLevel(): init RMS 0.470526
#FOTS# QuadFit found better minimum quadopt=(dt=11.2,rms=0.4696) vs oldopt=(dt=8,rms=0.46973)
#GCMRL#  464 dt  11.200000 rms  0.470  0.197% neg 0  invalid 762 tFOTS 5.7800 tGradient 1.6920 tsec 7.8540
#FOTS# QuadFit found better minimum quadopt=(dt=25.6,rms=0.468969) vs oldopt=(dt=32,rms=0.469021)
#GCMRL#  465 dt  25.600000 rms  0.469  0.000% neg 0  invalid 762 tFOTS 5.7890 tGradient 1.6570 tsec 7.8610
iter 0, gcam->neg = 2
after 4 iterations, nbhd size=0, neg = 0
#GCMRL#  466 dt  25.600000 rms  0.468  0.220% neg 0  invalid 762 tFOTS 0.0000 tGradient 1.6950 tsec 5.2500
iter 0, gcam->neg = 2
after 5 iterations, nbhd size=0, neg = 0
#GCMRL#  467 dt  25.600000 rms  0.467  0.249% neg 0  invalid 762 tFOTS 0.0000 tGradient 1.6040 tsec 5.6770
iter 0, gcam->neg = 11
after 11 iterations, nbhd size=1, neg = 0
#GCMRL#  468 dt  25.600000 rms  0.466  0.186% neg 0  invalid 762 tFOTS 0.0000 tGradient 1.6100 tsec 8.7540
iter 0, gcam->neg = 12
after 14 iterations, nbhd size=1, neg = 0
#GCMRL#  469 dt  25.600000 rms  0.465  0.141% neg 0  invalid 762 tFOTS 0.0000 tGradient 1.6650 tsec 10.3380
iter 0, gcam->neg = 38
after 18 iterations, nbhd size=1, neg = 0
#GCMRL#  470 dt  25.600000 rms  0.465  0.125% neg 0  invalid 762 tFOTS 0.0000 tGradient 1.5850 tsec 12.3280
iter 0, gcam->neg = 44
after 13 iterations, nbhd size=1, neg = 0
#GCMRL#  471 dt  25.600000 rms  0.464  0.180% neg 0  invalid 762 tFOTS 0.0000 tGradient 1.7120 tsec 9.6380
iter 0, gcam->neg = 48
after 8 iterations, nbhd size=0, neg = 0
#GCMRL#  472 dt  25.600000 rms  0.463  0.166% neg 0  invalid 762 tFOTS 0.0000 tGradient 1.6220 tsec 7.0580
iter 0, gcam->neg = 68
after 8 iterations, nbhd size=0, neg = 0
#GCMRL#  473 dt  25.600000 rms  0.462  0.149% neg 0  invalid 762 tFOTS 0.0000 tGradient 1.5950 tsec 7.0620
iter 0, gcam->neg = 63
after 16 iterations, nbhd size=1, neg = 0
#GCMRL#  474 dt  25.600000 rms  0.462  0.133% neg 0  invalid 762 tFOTS 0.0000 tGradient 1.5860 tsec 11.0570
iter 0, gcam->neg = 60
after 14 iterations, nbhd size=1, neg = 0
#GCMRL#  475 dt  25.600000 rms  0.461  0.131% neg 0  invalid 762 tFOTS 0.0000 tGradient 1.5470 tsec 10.0420
iter 0, gcam->neg = 50
after 9 iterations, nbhd size=0, neg = 0
#GCMRL#  476 dt  25.600000 rms  0.461  0.120% neg 0  invalid 762 tFOTS 0.0000 tGradient 1.5930 tsec 7.5410
iter 0, gcam->neg = 46
after 16 iterations, nbhd size=1, neg = 0
#GCMRL#  477 dt  25.600000 rms  0.460  0.114% neg 0  invalid 762 tFOTS 0.0000 tGradient 1.6230 tsec 11.0960
#FOTS# QuadFit found better minimum quadopt=(dt=44.8,rms=0.459267) vs oldopt=(dt=32,rms=0.459425)
iter 0, gcam->neg = 3
after 4 iterations, nbhd size=0, neg = 0
#GCMRL#  478 dt  44.800000 rms  0.459  0.176% neg 0  invalid 762 tFOTS 5.5530 tGradient 1.6430 tsec 10.6330
#FOTS# QuadFit found better minimum quadopt=(dt=25.6,rms=0.459143) vs oldopt=(dt=32,rms=0.459172)
iter 0, gcam->neg = 1
after 1 iterations, nbhd size=0, neg = 0
#GCMRL#  479 dt  25.600000 rms  0.459  0.000% neg 0  invalid 762 tFOTS 5.8320 tGradient 1.5550 tsec 9.3780
iter 0, gcam->neg = 2
after 7 iterations, nbhd size=1, neg = 0
#GCMRL#  480 dt  25.600000 rms  0.459  0.055% neg 0  invalid 762 tFOTS 0.0000 tGradient 1.5610 tsec 6.4660
iter 0, gcam->neg = 5
after 3 iterations, nbhd size=0, neg = 0
#GCMRL#  481 dt  25.600000 rms  0.459  0.053% neg 0  invalid 762 tFOTS 0.0000 tGradient 1.5560 tsec 4.5000
iter 0, gcam->neg = 6
after 16 iterations, nbhd size=1, neg = 0

#GCAMreg# pass 0 level1 3 level2 1 tsec 173.744 sigma 0.5
l_jacobian=1.00 l_label=1.00 l_log_likelihood=0.20 l_smoothness=0.12 
tol=2.50e-01, dt=5.00e-02, exp_k=20.0, momentum=0.90, levels=6, niter=500, lbl_dist=10.00, avgs=16, sigma=0.5,type=2, relabel=0, neg=yes

blurring input image with Gaussian with sigma=0.500...
GCAMRegisterLevel(): init RMS 0.458802
#FOTS# QuadFit found better minimum quadopt=(dt=54.902,rms=0.454359) vs oldopt=(dt=32,rms=0.454939)
iter 0, gcam->neg = 1
after 3 iterations, nbhd size=0, neg = 0
#GCMRL#  483 dt  54.901961 rms  0.454  0.969% neg 0  invalid 762 tFOTS 5.8210 tGradient 1.5600 tsec 10.3270
#FOTS# QuadFit found better minimum quadopt=(dt=20.8415,rms=0.453438) vs oldopt=(dt=32,rms=0.453829)
#GCMRL#  484 dt  20.841499 rms  0.453  0.000% neg 0  invalid 762 tFOTS 5.8700 tGradient 1.6290 tsec 7.9070
iter 0, gcam->neg = 1
after 0 iterations, nbhd size=0, neg = 0
#GCMRL#  485 dt  20.841499 rms  0.453  0.138% neg 0  invalid 762 tFOTS 0.0000 tGradient 1.5340 tsec 2.9970
#GCMRL#  486 dt  20.841499 rms  0.452  0.130% neg 0  invalid 762 tFOTS 0.0000 tGradient 1.5640 tsec 1.9240
iter 0, gcam->neg = 2
after 2 iterations, nbhd size=0, neg = 0
#GCMRL#  487 dt  20.841499 rms  0.452  0.136% neg 0  invalid 762 tFOTS 0.0000 tGradient 1.5600 tsec 4.0050
iter 0, gcam->neg = 1
after 0 iterations, nbhd size=0, neg = 0
#GCMRL#  488 dt  20.841499 rms  0.451  0.140% neg 0  invalid 762 tFOTS 0.0000 tGradient 1.5830 tsec 3.0350
iter 0, gcam->neg = 1
after 0 iterations, nbhd size=0, neg = 0
#GCMRL#  489 dt  20.841499 rms  0.450  0.108% neg 0  invalid 762 tFOTS 0.0000 tGradient 1.5530 tsec 3.0150
iter 0, gcam->neg = 2
after 6 iterations, nbhd size=1, neg = 0
#GCMRL#  490 dt  20.841499 rms  0.450  0.070% neg 0  invalid 762 tFOTS 0.0000 tGradient 1.5990 tsec 6.0500
#FOTS# QuadFit found better minimum quadopt=(dt=25.6,rms=0.450063) vs oldopt=(dt=32,rms=0.450071)
#GCMRL#  491 dt  25.600000 rms  0.450  0.000% neg 0  invalid 762 tFOTS 5.5270 tGradient 1.5570 tsec 7.4890
#GCMRL#  492 dt  25.600000 rms  0.450  0.020% neg 0  invalid 762 tFOTS 0.0000 tGradient 1.5550 tsec 1.9130
iter 0, gcam->neg = 1
after 1 iterations, nbhd size=0, neg = 0
#GCMRL#  493 dt  25.600000 rms  0.450  0.033% neg 0  invalid 762 tFOTS 0.0000 tGradient 1.5890 tsec 3.6480
iter 0, gcam->neg = 1
after 0 iterations, nbhd size=0, neg = 0
#GCMRL#  494 dt  25.600000 rms  0.450  0.029% neg 0  invalid 762 tFOTS 0.0000 tGradient 1.6980 tsec 3.1730
#GCMRL#  495 dt  25.600000 rms  0.450  0.032% neg 0  invalid 762 tFOTS 0.0000 tGradient 1.6050 tsec 1.9750
#GCMRL#  496 dt  25.600000 rms  0.449  0.044% neg 0  invalid 762 tFOTS 0.0000 tGradient 1.5960 tsec 1.9650
#GCMRL#  497 dt  25.600000 rms  0.449  0.052% neg 0  invalid 762 tFOTS 0.0000 tGradient 1.6030 tsec 1.9700
setting smoothness cost coefficient to 0.400

#GCAMreg# pass 0 level1 2 level2 0 tsec 0 sigma 2
l_jacobian=1.00 l_label=1.00 l_log_likelihood=0.20 l_smoothness=0.40 
tol=2.50e-01, dt=5.00e-02, exp_k=20.0, momentum=0.90, levels=6, niter=500, lbl_dist=10.00, avgs=4, sigma=2.0,type=2, relabel=0, neg=yes

blurring input image with Gaussian with sigma=2.000...
GCAMRegisterLevel(): init RMS 0.454614
#GCMRL#  499 dt   0.000000 rms  0.454  0.047% neg 0  invalid 762 tFOTS 5.5410 tGradient 1.5300 tsec 7.4530

#GCAMreg# pass 0 level1 2 level2 1 tsec 25.479 sigma 0.5
l_jacobian=1.00 l_label=1.00 l_log_likelihood=0.20 l_smoothness=0.40 
tol=2.50e-01, dt=5.00e-02, exp_k=20.0, momentum=0.90, levels=6, niter=500, lbl_dist=10.00, avgs=4, sigma=0.5,type=2, relabel=0, neg=yes

blurring input image with Gaussian with sigma=0.500...
GCAMRegisterLevel(): init RMS 0.454614
#GCMRL#  501 dt   2.880000 rms  0.454  0.077% neg 0  invalid 762 tFOTS 6.0210 tGradient 1.5360 tsec 7.9530
#FOTS# QuadFit found better minimum quadopt=(dt=2.304,rms=0.454195) vs oldopt=(dt=2.88,rms=0.4542)
iter 0, gcam->neg = 2
after 0 iterations, nbhd size=0, neg = 0
#GCMRL#  502 dt   2.304000 rms  0.454  0.000% neg 0  invalid 762 tFOTS 5.9420 tGradient 1.6020 tsec 9.0500
#GCMRL#  503 dt   2.304000 rms  0.454  0.006% neg 0  invalid 762 tFOTS 0.0000 tGradient 1.5220 tsec 1.8860
setting smoothness cost coefficient to 1.000

#GCAMreg# pass 0 level1 1 level2 0 tsec 0 sigma 2
l_jacobian=1.00 l_label=1.00 l_log_likelihood=0.20 l_smoothness=1.00 
tol=2.50e-01, dt=5.00e-02, exp_k=20.0, momentum=0.90, levels=6, niter=500, lbl_dist=10.00, avgs=1, sigma=2.0,type=2, relabel=0, neg=yes

blurring input image with Gaussian with sigma=2.000...
GCAMRegisterLevel(): init RMS 0.463154
#FOTS# QuadFit found better minimum quadopt=(dt=0.448,rms=0.462727) vs oldopt=(dt=0.32,rms=0.462762)
#GCMRL#  505 dt   0.448000 rms  0.463  0.092% neg 0  invalid 762 tFOTS 6.1610 tGradient 1.6020 tsec 8.1340
#FOTS# QuadFit found better minimum quadopt=(dt=0.384,rms=0.462663) vs oldopt=(dt=0.32,rms=0.462663)
#GCMRL#  506 dt   0.384000 rms  0.463  0.000% neg 0  invalid 762 tFOTS 5.9420 tGradient 1.4800 tsec 7.8320

#GCAMreg# pass 0 level1 1 level2 1 tsec 28.554 sigma 0.5
l_jacobian=1.00 l_label=1.00 l_log_likelihood=0.20 l_smoothness=1.00 
tol=2.50e-01, dt=5.00e-02, exp_k=20.0, momentum=0.90, levels=6, niter=500, lbl_dist=10.00, avgs=1, sigma=0.5,type=2, relabel=0, neg=yes

blurring input image with Gaussian with sigma=0.500...
GCAMRegisterLevel(): init RMS 0.462903
#FOTS# QuadFit found better minimum quadopt=(dt=1.792,rms=0.461732) vs oldopt=(dt=1.28,rms=0.461797)
iter 0, gcam->neg = 1
after 0 iterations, nbhd size=0, neg = 0
#GCMRL#  508 dt   1.792000 rms  0.462  0.253% neg 0  invalid 762 tFOTS 5.6480 tGradient 1.5500 tsec 8.6790
#FOTS# QuadFit found better minimum quadopt=(dt=1.536,rms=0.461484) vs oldopt=(dt=1.28,rms=0.461488)
#GCMRL#  509 dt   1.536000 rms  0.461  0.000% neg 0  invalid 762 tFOTS 5.9000 tGradient 1.4440 tsec 7.7530
#GCMRL#  510 dt   1.536000 rms  0.461  0.022% neg 0  invalid 762 tFOTS 0.0000 tGradient 1.4720 tsec 1.8380
resetting metric properties...
setting smoothness cost coefficient to 2.000

#GCAMreg# pass 0 level1 0 level2 0 tsec 0 sigma 2
l_jacobian=1.00 l_label=1.00 l_log_likelihood=0.20 l_smoothness=2.00 
tol=2.50e-01, dt=5.00e-02, exp_k=20.0, momentum=0.90, levels=6, niter=500, lbl_dist=10.00, avgs=0, sigma=2.0,type=2, relabel=0, neg=yes

blurring input image with Gaussian with sigma=2.000...
GCAMRegisterLevel(): init RMS 0.455172
#FOTS# QuadFit found better minimum quadopt=(dt=2.08123,rms=0.425873) vs oldopt=(dt=1.28,rms=0.430338)
iter 0, gcam->neg = 560
after 14 iterations, nbhd size=1, neg = 0
#GCMRL#  512 dt   2.081229 rms  0.428  5.875% neg 0  invalid 762 tFOTS 5.7690 tGradient 1.0930 tsec 15.4480
#GCMRL#  513 dt   0.080000 rms  0.428  0.000% neg 0  invalid 762 tFOTS 5.8060 tGradient 0.9430 tsec 7.1490

#GCAMreg# pass 0 level1 0 level2 1 tsec 34.579 sigma 0.5
l_jacobian=1.00 l_label=1.00 l_log_likelihood=0.20 l_smoothness=2.00 
tol=2.50e-01, dt=5.00e-02, exp_k=20.0, momentum=0.90, levels=6, niter=500, lbl_dist=10.00, avgs=0, sigma=0.5,type=2, relabel=0, neg=yes

blurring input image with Gaussian with sigma=0.500...
GCAMRegisterLevel(): init RMS 0.428522
#FOTS# QuadFit found better minimum quadopt=(dt=0.028,rms=0.428161) vs oldopt=(dt=0.02,rms=0.428171)
#GCMRL#  515 dt   0.028000 rms  0.428  0.084% neg 0  invalid 762 tFOTS 5.7920 tGradient 0.9550 tsec 7.1210
#FOTS# QuadFit found better minimum quadopt=(dt=0.016,rms=0.428154) vs oldopt=(dt=0.02,rms=0.428154)
#GCMRL#  516 dt   0.016000 rms  0.428  0.000% neg 0  invalid 762 tFOTS 5.5820 tGradient 0.9680 tsec 6.9420
#GCMRL#  517 dt   0.016000 rms  0.428  0.001% neg 0  invalid 762 tFOTS 0.0000 tGradient 0.9240 tsec 1.3110
label assignment complete, 0 changed (0.00%)
GCAMregister done in 8.29863 min
Starting GCAMcomputeMaxPriorLabels()
Morphing with label term set to 0 *******************************
Starting GCAMregister()
label assignment complete, 0 changed (0.00%)
npasses = 1, nlevels = 6
#pass# 1 of 1 ************************
enabling zero nodes
setting smoothness cost coefficient to 0.008

#GCAMreg# pass 0 level1 5 level2 0 tsec 0 sigma 2
l_jacobian=1.00 l_log_likelihood=0.20 l_smoothness=0.01 
tol=2.50e-01, dt=5.00e-02, exp_k=20.0, momentum=0.90, levels=6, niter=500, lbl_dist=10.00, avgs=256, sigma=2.0,type=2, relabel=0, neg=yes

blurring input image with Gaussian with sigma=2.000...
GCAMRegisterLevel(): init RMS 0.414963

#GCAMreg# pass 0 level1 5 level2 1 tsec 17.555 sigma 0.5
l_jacobian=1.00 l_log_likelihood=0.20 l_smoothness=0.01 
tol=2.50e-01, dt=5.00e-02, exp_k=20.0, momentum=0.90, levels=6, niter=500, lbl_dist=10.00, avgs=256, sigma=0.5,type=2, relabel=0, neg=yes

blurring input image with Gaussian with sigma=0.500...
GCAMRegisterLevel(): init RMS 0.414963
#FOTS# QuadFit found better minimum quadopt=(dt=32.368,rms=0.414947) vs oldopt=(dt=23.12,rms=0.41495)
#GCMRL#  520 dt  32.368000 rms  0.415  0.004% neg 0  invalid 762 tFOTS 5.1880 tGradient 1.9210 tsec 7.4380
#FOTS# QuadFit found better minimum quadopt=(dt=8.092,rms=0.414947) vs oldopt=(dt=5.78,rms=0.414947)
#GCMRL#  521 dt   8.092000 rms  0.415  0.000% neg 0  invalid 762 tFOTS 4.7750 tGradient 1.3690 tsec 6.4910
setting smoothness cost coefficient to 0.031

#GCAMreg# pass 0 level1 4 level2 0 tsec 0 sigma 2
l_jacobian=1.00 l_log_likelihood=0.20 l_smoothness=0.03 
tol=2.50e-01, dt=5.00e-02, exp_k=20.0, momentum=0.90, levels=6, niter=500, lbl_dist=10.00, avgs=64, sigma=2.0,type=2, relabel=0, neg=yes

blurring input image with Gaussian with sigma=2.000...
GCAMRegisterLevel(): init RMS 0.415105

#GCAMreg# pass 0 level1 4 level2 1 tsec 16.478 sigma 0.5
l_jacobian=1.00 l_log_likelihood=0.20 l_smoothness=0.03 
tol=2.50e-01, dt=5.00e-02, exp_k=20.0, momentum=0.90, levels=6, niter=500, lbl_dist=10.00, avgs=64, sigma=0.5,type=2, relabel=0, neg=yes

blurring input image with Gaussian with sigma=0.500...
GCAMRegisterLevel(): init RMS 0.415105
#FOTS# QuadFit found better minimum quadopt=(dt=36.288,rms=0.414968) vs oldopt=(dt=25.92,rms=0.414994)
#GCMRL#  524 dt  36.288000 rms  0.415  0.033% neg 0  invalid 762 tFOTS 4.7530 tGradient 1.0950 tsec 6.1680
#FOTS# QuadFit found better minimum quadopt=(dt=82.944,rms=0.414851) vs oldopt=(dt=103.68,rms=0.414854)
#GCMRL#  525 dt  82.944000 rms  0.415  0.000% neg 0  invalid 762 tFOTS 4.5820 tGradient 1.0920 tsec 6.0220
#GCMRL#  526 dt  82.944000 rms  0.415  0.036% neg 0  invalid 762 tFOTS 0.0000 tGradient 1.1080 tsec 1.4020
#GCMRL#  527 dt  82.944000 rms  0.415  0.033% neg 0  invalid 762 tFOTS 0.0000 tGradient 1.1100 tsec 1.4070
setting smoothness cost coefficient to 0.118

#GCAMreg# pass 0 level1 3 level2 0 tsec 0 sigma 2
l_jacobian=1.00 l_log_likelihood=0.20 l_smoothness=0.12 
tol=2.50e-01, dt=5.00e-02, exp_k=20.0, momentum=0.90, levels=6, niter=500, lbl_dist=10.00, avgs=16, sigma=2.0,type=2, relabel=0, neg=yes

blurring input image with Gaussian with sigma=2.000...
GCAMRegisterLevel(): init RMS 0.415136
#FOTS# QuadFit found better minimum quadopt=(dt=2.8,rms=0.415101) vs oldopt=(dt=2,rms=0.415107)
#GCMRL#  529 dt   2.800000 rms  0.415  0.008% neg 0  invalid 762 tFOTS 4.9160 tGradient 0.9840 tsec 6.2230
#GCMRL#  530 dt   2.000000 rms  0.415  0.000% neg 0  invalid 762 tFOTS 4.8570 tGradient 0.9730 tsec 6.1800

#GCAMreg# pass 0 level1 3 level2 1 tsec 24.261 sigma 0.5
l_jacobian=1.00 l_log_likelihood=0.20 l_smoothness=0.12 
tol=2.50e-01, dt=5.00e-02, exp_k=20.0, momentum=0.90, levels=6, niter=500, lbl_dist=10.00, avgs=16, sigma=0.5,type=2, relabel=0, neg=yes

blurring input image with Gaussian with sigma=0.500...
GCAMRegisterLevel(): init RMS 0.415094
#FOTS# QuadFit found better minimum quadopt=(dt=96.8053,rms=0.411666) vs oldopt=(dt=128,rms=0.412059)
#GCMRL#  532 dt  96.805298 rms  0.412  0.826% neg 0  invalid 762 tFOTS 4.8560 tGradient 0.9780 tsec 6.1600
#FOTS# QuadFit found better minimum quadopt=(dt=11.2,rms=0.411128) vs oldopt=(dt=8,rms=0.411233)
#GCMRL#  533 dt  11.200000 rms  0.411  0.000% neg 0  invalid 762 tFOTS 4.8260 tGradient 0.9820 tsec 6.1490
#GCMRL#  534 dt  11.200000 rms  0.411  0.043% neg 0  invalid 762 tFOTS 0.0000 tGradient 0.9660 tsec 1.2650
#GCMRL#  535 dt  11.200000 rms  0.411  0.028% neg 0  invalid 762 tFOTS 0.0000 tGradient 0.9600 tsec 1.2600
#GCMRL#  536 dt  11.200000 rms  0.411  0.015% neg 0  invalid 762 tFOTS 0.0000 tGradient 0.9820 tsec 1.3080
#FOTS# QuadFit found better minimum quadopt=(dt=44.8,rms=0.40991) vs oldopt=(dt=32,rms=0.410063)
#GCMRL#  537 dt  44.800000 rms  0.410  0.210% neg 0  invalid 762 tFOTS 4.7560 tGradient 0.9710 tsec 6.0410
#FOTS# QuadFit found better minimum quadopt=(dt=11.2,rms=0.409823) vs oldopt=(dt=8,rms=0.409839)
iter 0, gcam->neg = 1
after 0 iterations, nbhd size=0, neg = 0
setting smoothness cost coefficient to 0.400

#GCAMreg# pass 0 level1 2 level2 0 tsec 0 sigma 2
l_jacobian=1.00 l_log_likelihood=0.20 l_smoothness=0.40 
tol=2.50e-01, dt=5.00e-02, exp_k=20.0, momentum=0.90, levels=6, niter=500, lbl_dist=10.00, avgs=4, sigma=2.0,type=2, relabel=0, neg=yes

blurring input image with Gaussian with sigma=2.000...
GCAMRegisterLevel(): init RMS 0.412526
#FOTS# QuadFit found better minimum quadopt=(dt=2.1,rms=0.412455) vs oldopt=(dt=2.88,rms=0.41247)
iter 0, gcam->neg = 1
after 5 iterations, nbhd size=0, neg = 0
#GCMRL#  539 dt   2.100000 rms  0.412  0.013% neg 0  invalid 762 tFOTS 4.8120 tGradient 0.9430 tsec 9.3830
#FOTS# QuadFit found better minimum quadopt=(dt=0.375,rms=0.412471) vs oldopt=(dt=0.18,rms=0.412472)
#GCMRL#  540 dt   0.375000 rms  0.412  0.000% neg 0  invalid 762 tFOTS 4.9570 tGradient 0.9390 tsec 6.3050

#GCAMreg# pass 0 level1 2 level2 1 tsec 27.381 sigma 0.5
l_jacobian=1.00 l_log_likelihood=0.20 l_smoothness=0.40 
tol=2.50e-01, dt=5.00e-02, exp_k=20.0, momentum=0.90, levels=6, niter=500, lbl_dist=10.00, avgs=4, sigma=0.5,type=2, relabel=0, neg=yes

blurring input image with Gaussian with sigma=0.500...
GCAMRegisterLevel(): init RMS 0.412471
#FOTS# QuadFit found better minimum quadopt=(dt=28.4912,rms=0.409757) vs oldopt=(dt=11.52,rms=0.410716)
iter 0, gcam->neg = 17
after 18 iterations, nbhd size=1, neg = 0
#GCMRL#  542 dt  28.491228 rms  0.410  0.608% neg 0  invalid 762 tFOTS 4.9560 tGradient 1.0310 tsec 15.4900
#FOTS# QuadFit found better minimum quadopt=(dt=11.2806,rms=0.408913) vs oldopt=(dt=11.52,rms=0.408914)
iter 0, gcam->neg = 10
after 9 iterations, nbhd size=1, neg = 0
#GCMRL#  543 dt  11.280576 rms  0.409  0.000% neg 0  invalid 762 tFOTS 4.6950 tGradient 0.9400 tsec 11.1450
iter 0, gcam->neg = 6
after 6 iterations, nbhd size=0, neg = 0
#GCMRL#  544 dt  11.280576 rms  0.409  0.029% neg 0  invalid 762 tFOTS 0.0000 tGradient 0.9390 tsec 5.1010
iter 0, gcam->neg = 10
after 2 iterations, nbhd size=0, neg = 0
#GCMRL#  545 dt  11.280576 rms  0.409  0.067% neg 0  invalid 762 tFOTS 0.0000 tGradient 0.9380 tsec 3.2660
iter 0, gcam->neg = 15
after 12 iterations, nbhd size=0, neg = 0
#GCMRL#  546 dt  11.280576 rms  0.408  0.100% neg 0  invalid 762 tFOTS 0.0000 tGradient 0.9020 tsec 7.9300
iter 0, gcam->neg = 16
after 9 iterations, nbhd size=0, neg = 0
#GCMRL#  547 dt  11.280576 rms  0.408  0.072% neg 0  invalid 762 tFOTS 0.0000 tGradient 0.9160 tsec 6.3170
iter 0, gcam->neg = 12
after 6 iterations, nbhd size=0, neg = 0
#GCMRL#  548 dt  11.280576 rms  0.408  0.080% neg 0  invalid 762 tFOTS 0.0000 tGradient 0.9220 tsec 5.0570
iter 0, gcam->neg = 42
after 6 iterations, nbhd size=0, neg = 0
#GCMRL#  549 dt  11.280576 rms  0.407  0.075% neg 0  invalid 762 tFOTS 0.0000 tGradient 0.9050 tsec 5.0790
#FOTS# QuadFit found better minimum quadopt=(dt=9.10345,rms=0.40709) vs oldopt=(dt=11.52,rms=0.407104)
iter 0, gcam->neg = 12
after 9 iterations, nbhd size=0, neg = 0
setting smoothness cost coefficient to 1.000

#GCAMreg# pass 0 level1 1 level2 0 tsec 0 sigma 2
l_jacobian=1.00 l_log_likelihood=0.20 l_smoothness=1.00 
tol=2.50e-01, dt=5.00e-02, exp_k=20.0, momentum=0.90, levels=6, niter=500, lbl_dist=10.00, avgs=1, sigma=2.0,type=2, relabel=0, neg=yes

blurring input image with Gaussian with sigma=2.000...
GCAMRegisterLevel(): init RMS 0.413333
#FOTS# QuadFit found better minimum quadopt=(dt=4e-05,rms=0.413333) vs oldopt=(dt=5e-05,rms=0.413333)
#GCMRL#  551 dt   0.000040 rms  0.413  0.000% neg 0  invalid 762 tFOTS 5.4110 tGradient 0.8520 tsec 6.5480

#GCAMreg# pass 0 level1 1 level2 1 tsec 22.192 sigma 0.5
l_jacobian=1.00 l_log_likelihood=0.20 l_smoothness=1.00 
tol=2.50e-01, dt=5.00e-02, exp_k=20.0, momentum=0.90, levels=6, niter=500, lbl_dist=10.00, avgs=1, sigma=0.5,type=2, relabel=0, neg=yes

blurring input image with Gaussian with sigma=0.500...
GCAMRegisterLevel(): init RMS 0.413333
resetting metric properties...
setting smoothness cost coefficient to 2.000

#GCAMreg# pass 0 level1 0 level2 0 tsec 0 sigma 2
l_jacobian=1.00 l_log_likelihood=0.20 l_smoothness=2.00 
tol=2.50e-01, dt=5.00e-02, exp_k=20.0, momentum=0.90, levels=6, niter=500, lbl_dist=10.00, avgs=0, sigma=2.0,type=2, relabel=0, neg=yes

blurring input image with Gaussian with sigma=2.000...
GCAMRegisterLevel(): init RMS 0.402875
#FOTS# QuadFit found better minimum quadopt=(dt=1.14773,rms=0.394664) vs oldopt=(dt=1.28,rms=0.394738)
iter 0, gcam->neg = 391
after 18 iterations, nbhd size=1, neg = 0
#GCMRL#  554 dt   1.147727 rms  0.396  1.645% neg 0  invalid 762 tFOTS 4.2580 tGradient 0.3770 tsec 12.3860
#FOTS# QuadFit found better minimum quadopt=(dt=2.34375e-05,rms=0.396246) vs oldopt=(dt=1.95313e-05,rms=0.396246)
#GCMRL#  555 dt   0.000023 rms  0.396  0.000% neg 0  invalid 762 tFOTS 5.8620 tGradient 0.3990 tsec 6.5820

#GCAMreg# pass 0 level1 0 level2 1 tsec 30.169 sigma 0.5
l_jacobian=1.00 l_log_likelihood=0.20 l_smoothness=2.00 
tol=2.50e-01, dt=5.00e-02, exp_k=20.0, momentum=0.90, levels=6, niter=500, lbl_dist=10.00, avgs=0, sigma=0.5,type=2, relabel=0, neg=yes

blurring input image with Gaussian with sigma=0.500...
GCAMRegisterLevel(): init RMS 0.396246
#FOTS# QuadFit found better minimum quadopt=(dt=0.096,rms=0.396086) vs oldopt=(dt=0.08,rms=0.396091)
#GCMRL#  557 dt   0.096000 rms  0.396  0.040% neg 0  invalid 762 tFOTS 5.0720 tGradient 0.4020 tsec 5.7720
#GCMRL#  558 dt   0.080000 rms  0.396  0.000% neg 0  invalid 762 tFOTS 4.7270 tGradient 0.4020 tsec 5.5510
#GCMRL#  559 dt   0.080000 rms  0.396  0.012% neg 0  invalid 762 tFOTS 0.0000 tGradient 0.4110 tsec 0.7250
GCAMregister done in 4.92642 min
writing output transformation to transforms/talairach.m3z...
GCAMwrite
Calls to gcamLogLikelihoodEnergy 3776 tmin = 1.56642
Calls to gcamLabelEnergy         3228 tmin = 1.25742
Calls to gcamJacobianEnergy      3776 tmin = 0.7216
Calls to gcamSmoothnessEnergy    3776 tmin = 4.60323
Calls to gcamLogLikelihoodTerm 561 tmin = 0.922567
Calls to gcamLabelTerm         519 tmin = 5.49977
Calls to gcamJacobianTerm      561 tmin = 1.13578
Calls to gcamSmoothnessTerm    561 tmin = 0.4507
Calls to gcamComputeGradient    561 tmin = 16.6189
Calls to gcamComputeMetricProperties    5527 tmin = 2.07932
mri_ca_register took 0 hours, 45 minutes and 24 seconds.
#VMPC# mri_ca_register VmPeak  3120820
FSRUNTIME@ mri_ca_register  0.7566 hours 16 threads
#--------------------------------------
#@# SubCort Seg Fri Mar 13 05:10:05 CET 2026

 mri_ca_label -relabel_unlikely 9 .3 -prior 0.5 -align norm.mgz transforms/talairach.m3z /opt/freesurfer/average/RB_all_2020-01-02.gca aseg.auto_noCCseg.mgz 

sysname  Linux
hostname dna020
machine  x86_64

setenv SUBJECTS_DIR /out/sourcedata/freesurfer
cd /out/sourcedata/freesurfer/sub-v2s4x29595_ses-1/mri
mri_ca_label -relabel_unlikely 9 .3 -prior 0.5 -align norm.mgz transforms/talairach.m3z /opt/freesurfer/average/RB_all_2020-01-02.gca aseg.auto_noCCseg.mgz 

relabeling unlikely voxels with window_size = 9 and prior threshold 0.30
using Gibbs prior factor = 0.500
renormalizing sequences with structure alignment, equivalent to:
	-renormalize
	-renormalize_mean 0.500
	-regularize 0.500

== Number of threads available to for OpenMP = 16 == 
reading 1 input volumes
reading classifier array from /opt/freesurfer/average/RB_all_2020-01-02.gca
reading input volume from norm.mgz
average std[0] = 7.2
reading transform from transforms/talairach.m3z
setting orig areas to linear transform determinant scaled 6.61
Atlas used for the 3D morph was /opt/freesurfer/average/RB_all_2020-01-02.gca
average std = 7.2   using min determinant for regularization = 5.2
0 singular and 0 ill-conditioned covariance matrices regularized
labeling volume...
renormalizing by structure alignment....
renormalizing input #0
gca peak = 0.15521 (20)
mri peak = 0.19640 (30)
Left_Lateral_Ventricle (4): linear fit = 1.42 x + 0.0 (686 voxels, overlap=0.146)
Left_Lateral_Ventricle (4): linear fit = 1.42 x + 0.0 (686 voxels, peak = 28), gca=28.5
gca peak = 0.20380 (13)
mri peak = 0.18480 (30)
Right_Lateral_Ventricle (43): linear fit = 2.08 x + 0.0 (623 voxels, overlap=0.166)
Right_Lateral_Ventricle (43): linear fit = 1.50 x + 0.0 (623 voxels, peak = 27), gca=19.5
gca peak = 0.26283 (96)
mri peak = 0.34899 (103)
Right_Pallidum (52): linear fit = 1.09 x + 0.0 (786 voxels, overlap=0.017)
Right_Pallidum (52): linear fit = 1.09 x + 0.0 (786 voxels, peak = 104), gca=104.2
gca peak = 0.15814 (97)
mri peak = 0.38386 (103)
Left_Pallidum (13): linear fit = 1.07 x + 0.0 (603 voxels, overlap=0.209)
Left_Pallidum (13): linear fit = 1.07 x + 0.0 (603 voxels, peak = 103), gca=103.3
gca peak = 0.27624 (56)
mri peak = 0.10689 (78)
Right_Hippocampus (53): linear fit = 1.38 x + 0.0 (1065 voxels, overlap=0.023)
Right_Hippocampus (53): linear fit = 1.38 x + 0.0 (1065 voxels, peak = 77), gca=77.0
gca peak = 0.28723 (59)
mri peak = 0.10209 (78)
Left_Hippocampus (17): linear fit = 1.29 x + 0.0 (1126 voxels, overlap=0.018)
Left_Hippocampus (17): linear fit = 1.29 x + 0.0 (1126 voxels, peak = 76), gca=76.4
gca peak = 0.07623 (103)
mri peak = 0.17509 (105)
Right_Cerebral_White_Matter (41): linear fit = 1.01 x + 0.0 (46941 voxels, overlap=0.569)
Right_Cerebral_White_Matter (41): linear fit = 1.01 x + 0.0 (46941 voxels, peak = 105), gca=104.5
gca peak = 0.07837 (105)
mri peak = 0.19535 (106)
Left_Cerebral_White_Matter (2): linear fit = 1.01 x + 0.0 (46502 voxels, overlap=0.525)
Left_Cerebral_White_Matter (2): linear fit = 1.01 x + 0.0 (46502 voxels, peak = 107), gca=106.6
gca peak = 0.10165 (58)
mri peak = 0.05520 (82)
Left_Cerebral_Cortex (3): linear fit = 1.35 x + 0.0 (35718 voxels, overlap=0.000)
Left_Cerebral_Cortex (3): linear fit = 1.35 x + 0.0 (35718 voxels, peak = 78), gca=78.0
gca peak = 0.11113 (58)
mri peak = 0.06684 (80)
Right_Cerebral_Cortex (42): linear fit = 1.35 x + 0.0 (30834 voxels, overlap=0.000)
Right_Cerebral_Cortex (42): linear fit = 1.35 x + 0.0 (30834 voxels, peak = 78), gca=78.0
gca peak = 0.27796 (67)
mri peak = 0.14726 (90)
Right_Caudate (50): linear fit = 1.29 x + 0.0 (876 voxels, overlap=0.018)
Right_Caudate (50): linear fit = 1.29 x + 0.0 (876 voxels, peak = 87), gca=86.8
gca peak = 0.14473 (69)
mri peak = 0.18695 (90)
Left_Caudate (11): linear fit = 1.18 x + 0.0 (825 voxels, overlap=0.019)
Left_Caudate (11): linear fit = 1.18 x + 0.0 (825 voxels, peak = 82), gca=81.8
gca peak = 0.14301 (56)
mri peak = 0.07312 (79)
Left_Cerebellum_Cortex (8): linear fit = 1.40 x + 0.0 (28143 voxels, overlap=0.001)
Left_Cerebellum_Cortex (8): linear fit = 1.40 x + 0.0 (28143 voxels, peak = 79), gca=78.7
gca peak = 0.14610 (55)
mri peak = 0.07886 (83)
Right_Cerebellum_Cortex (47): linear fit = 1.45 x + 0.0 (29183 voxels, overlap=0.001)
Right_Cerebellum_Cortex (47): linear fit = 1.45 x + 0.0 (29183 voxels, peak = 79), gca=79.5
gca peak = 0.16309 (85)
mri peak = 0.20649 (95)
Left_Cerebellum_White_Matter (7): linear fit = 1.11 x + 0.0 (6442 voxels, overlap=0.002)
Left_Cerebellum_White_Matter (7): linear fit = 1.11 x + 0.0 (6442 voxels, peak = 94), gca=93.9
gca peak = 0.15172 (84)
mri peak = 0.15531 (96)
Right_Cerebellum_White_Matter (46): linear fit = 1.14 x + 0.0 (6355 voxels, overlap=0.002)
Right_Cerebellum_White_Matter (46): linear fit = 1.14 x + 0.0 (6355 voxels, peak = 96), gca=96.2
gca peak = 0.30461 (58)
mri peak = 0.13334 (80)
Left_Amygdala (18): linear fit = 1.36 x + 0.0 (445 voxels, overlap=0.061)
Left_Amygdala (18): linear fit = 1.36 x + 0.0 (445 voxels, peak = 79), gca=78.6
gca peak = 0.32293 (57)
mri peak = 0.12308 (84)
Right_Amygdala (54): linear fit = 1.46 x + 0.0 (510 voxels, overlap=0.061)
Right_Amygdala (54): linear fit = 1.46 x + 0.0 (510 voxels, peak = 83), gca=82.9
gca peak = 0.11083 (90)
mri peak = 0.11052 (94)
Left_Thalamus (10): linear fit = 1.09 x + 0.0 (4919 voxels, overlap=0.560)
Left_Thalamus (10): linear fit = 1.09 x + 0.0 (4919 voxels, peak = 98), gca=97.7
gca peak = 0.11393 (83)
mri peak = 0.11510 (94)
Right_Thalamus (49): linear fit = 1.14 x + 0.0 (4542 voxels, overlap=0.199)
Right_Thalamus (49): linear fit = 1.14 x + 0.0 (4542 voxels, peak = 95), gca=95.0
gca peak = 0.08575 (81)
mri peak = 0.13896 (94)
Left_Putamen (12): linear fit = 1.17 x + 0.0 (1540 voxels, overlap=0.011)
Left_Putamen (12): linear fit = 1.17 x + 0.0 (1540 voxels, peak = 95), gca=95.2
gca peak = 0.08618 (78)
mri peak = 0.12997 (94)
Right_Putamen (51): linear fit = 1.23 x + 0.0 (1641 voxels, overlap=0.010)
Right_Putamen (51): linear fit = 1.23 x + 0.0 (1641 voxels, peak = 96), gca=95.6
gca peak = 0.08005 (78)
mri peak = 0.08266 (93)
Brain_Stem (16): linear fit = 1.13 x + 0.0 (11647 voxels, overlap=0.234)
Brain_Stem (16): linear fit = 1.13 x + 0.0 (11647 voxels, peak = 89), gca=88.5
gca peak = 0.12854 (88)
mri peak = 0.24339 (99)
Right_VentralDC (60): linear fit = 1.12 x + 0.0 (1504 voxels, overlap=0.008)
Right_VentralDC (60): linear fit = 1.12 x + 0.0 (1504 voxels, peak = 98), gca=98.1
gca peak = 0.15703 (87)
mri peak = 0.25047 (99)
Left_VentralDC (28): linear fit = 1.12 x + 0.0 (1587 voxels, overlap=0.006)
Left_VentralDC (28): linear fit = 1.12 x + 0.0 (1587 voxels, peak = 98), gca=97.9
gca peak = 0.17522 (25)
mri peak = 0.27778 (34)
gca peak = 0.17113 (14)
mri peak = 0.12956 (26)
Fourth_Ventricle (15): linear fit = 1.76 x + 0.0 (159 voxels, overlap=0.129)
Fourth_Ventricle (15): linear fit = 1.76 x + 0.0 (159 voxels, peak = 25), gca=24.7
gca peak Unknown = 0.94777 ( 0)
gca peak Left_Inf_Lat_Vent = 0.16627 (28)
gca peak Third_Ventricle = 0.17522 (25)
gca peak Fourth_Ventricle = 0.17113 (14)
gca peak CSF = 0.20346 (36)
gca peak Left_Accumbens_area = 0.70646 (62)
gca peak Left_undetermined = 1.00000 (28)
gca peak Left_vessel = 0.89917 (53)
gca peak Left_choroid_plexus = 0.11689 (35)
gca peak Right_Inf_Lat_Vent = 0.25504 (23)
gca peak Right_Accumbens_area = 0.31650 (65)
gca peak Right_vessel = 0.77268 (52)
gca peak Right_choroid_plexus = 0.13275 (38)
gca peak Fifth_Ventricle = 0.60973 (33)
gca peak WM_hypointensities = 0.11013 (77)
gca peak non_WM_hypointensities = 0.11354 (41)
gca peak Optic_Chiasm = 0.51646 (76)
not using caudate to estimate GM means
estimating mean gm scale to be 1.36 x + 0.0
estimating mean wm scale to be 1.01 x + 0.0
estimating mean csf scale to be 1.46 x + 0.0
Left_Putamen too bright - rescaling by 0.998 (from 1.175) to 95.0 (was 95.2)
Left_Pallidum too bright - rescaling by 0.991 (from 1.065) to 102.4 (was 103.3)
Right_Putamen too bright - rescaling by 0.994 (from 1.225) to 95.0 (was 95.6)
Right_Pallidum too bright - rescaling by 0.983 (from 1.085) to 102.4 (was 104.2)
saving intensity scales to aseg.auto_noCCseg.label_intensities.txt
renormalizing by structure alignment....
renormalizing input #0
gca peak = 0.11872 (26)
mri peak = 0.19640 (30)
Left_Lateral_Ventricle (4): linear fit = 1.01 x + 0.0 (686 voxels, overlap=0.761)
Left_Lateral_Ventricle (4): linear fit = 1.01 x + 0.0 (686 voxels, peak = 26), gca=26.4
gca peak = 0.16931 (19)
mri peak = 0.18480 (30)
Right_Lateral_Ventricle (43): linear fit = 1.50 x + 0.0 (623 voxels, overlap=0.372)
Right_Lateral_Ventricle (43): linear fit = 1.50 x + 0.0 (623 voxels, peak = 29), gca=28.5
gca peak = 0.20791 (99)
mri peak = 0.34899 (103)
Right_Pallidum (52): linear fit = 1.01 x + 0.0 (786 voxels, overlap=0.756)
Right_Pallidum (52): linear fit = 1.01 x + 0.0 (786 voxels, peak = 100), gca=100.5
gca peak = 0.17621 (100)
mri peak = 0.38386 (103)
Left_Pallidum (13): linear fit = 1.01 x + 0.0 (603 voxels, overlap=0.856)
Left_Pallidum (13): linear fit = 1.01 x + 0.0 (603 voxels, peak = 102), gca=101.5
gca peak = 0.23498 (76)
mri peak = 0.10689 (78)
Right_Hippocampus (53): linear fit = 0.96 x + 0.0 (1065 voxels, overlap=1.000)
Right_Hippocampus (53): linear fit = 0.96 x + 0.0 (1065 voxels, peak = 73), gca=73.3
gca peak = 0.29146 (73)
mri peak = 0.10209 (78)
Left_Hippocampus (17): linear fit = 1.00 x + 0.0 (1126 voxels, overlap=1.003)
Left_Hippocampus (17): linear fit = 1.00 x + 0.0 (1126 voxels, peak = 73), gca=73.0
gca peak = 0.07901 (105)
mri peak = 0.17509 (105)
Right_Cerebral_White_Matter (41): linear fit = 1.00 x + 0.0 (46941 voxels, overlap=0.627)
Right_Cerebral_White_Matter (41): linear fit = 1.00 x + 0.0 (46941 voxels, peak = 105), gca=105.0
gca peak = 0.07852 (106)
mri peak = 0.19535 (106)
Left_Cerebral_White_Matter (2): linear fit = 1.00 x + 0.0 (46502 voxels, overlap=0.594)
Left_Cerebral_White_Matter (2): linear fit = 1.00 x + 0.0 (46502 voxels, peak = 106), gca=106.0
gca peak = 0.07331 (78)
mri peak = 0.05520 (82)
Left_Cerebral_Cortex (3): linear fit = 1.01 x + 0.0 (35718 voxels, overlap=0.933)
Left_Cerebral_Cortex (3): linear fit = 1.01 x + 0.0 (35718 voxels, peak = 79), gca=79.2
gca peak = 0.08451 (78)
mri peak = 0.06684 (80)
Right_Cerebral_Cortex (42): linear fit = 1.01 x + 0.0 (30834 voxels, overlap=0.913)
Right_Cerebral_Cortex (42): linear fit = 1.01 x + 0.0 (30834 voxels, peak = 79), gca=79.2
gca peak = 0.19225 (86)
mri peak = 0.14726 (90)
Right_Caudate (50): linear fit = 1.00 x + 0.0 (876 voxels, overlap=0.997)
Right_Caudate (50): linear fit = 1.00 x + 0.0 (876 voxels, peak = 86), gca=86.0
gca peak = 0.14698 (92)
mri peak = 0.18695 (90)
Left_Caudate (11): linear fit = 1.03 x + 0.0 (825 voxels, overlap=0.632)
Left_Caudate (11): linear fit = 1.03 x + 0.0 (825 voxels, peak = 95), gca=95.2
gca peak = 0.10057 (78)
mri peak = 0.07312 (79)
Left_Cerebellum_Cortex (8): linear fit = 1.01 x + 0.0 (28143 voxels, overlap=0.904)
Left_Cerebellum_Cortex (8): linear fit = 1.01 x + 0.0 (28143 voxels, peak = 79), gca=79.2
gca peak = 0.11865 (80)
mri peak = 0.07886 (83)
Right_Cerebellum_Cortex (47): linear fit = 1.00 x + 0.0 (29183 voxels, overlap=0.903)
Right_Cerebellum_Cortex (47): linear fit = 1.00 x + 0.0 (29183 voxels, peak = 80), gca=80.0
gca peak = 0.14531 (94)
mri peak = 0.20649 (95)
Left_Cerebellum_White_Matter (7): linear fit = 1.00 x + 0.0 (6442 voxels, overlap=0.781)
Left_Cerebellum_White_Matter (7): linear fit = 1.00 x + 0.0 (6442 voxels, peak = 94), gca=93.5
gca peak = 0.14301 (96)
mri peak = 0.15531 (96)
Right_Cerebellum_White_Matter (46): linear fit = 1.00 x + 0.0 (6355 voxels, overlap=0.793)
Right_Cerebellum_White_Matter (46): linear fit = 1.00 x + 0.0 (6355 voxels, peak = 96), gca=95.5
gca peak = 0.27858 (77)
mri peak = 0.13334 (80)
Left_Amygdala (18): linear fit = 1.00 x + 0.0 (445 voxels, overlap=1.020)
Left_Amygdala (18): linear fit = 1.00 x + 0.0 (445 voxels, peak = 77), gca=77.0
gca peak = 0.21156 (84)
mri peak = 0.12308 (84)
Right_Amygdala (54): linear fit = 0.99 x + 0.0 (510 voxels, overlap=1.007)
Right_Amygdala (54): linear fit = 0.99 x + 0.0 (510 voxels, peak = 83), gca=82.7
gca peak = 0.10260 (96)
mri peak = 0.11052 (94)
Left_Thalamus (10): linear fit = 1.00 x + 0.0 (4919 voxels, overlap=0.910)
Left_Thalamus (10): linear fit = 1.00 x + 0.0 (4919 voxels, peak = 96), gca=96.5
gca peak = 0.09826 (95)
mri peak = 0.11510 (94)
Right_Thalamus (49): linear fit = 1.00 x + 0.0 (4542 voxels, overlap=0.891)
Right_Thalamus (49): linear fit = 1.00 x + 0.0 (4542 voxels, peak = 95), gca=95.0
gca peak = 0.08030 (95)
mri peak = 0.13896 (94)
Left_Putamen (12): linear fit = 1.01 x + 0.0 (1540 voxels, overlap=0.716)
Left_Putamen (12): linear fit = 1.01 x + 0.0 (1540 voxels, peak = 96), gca=96.4
gca peak = 0.08265 (99)
mri peak = 0.12997 (94)
Right_Putamen (51): linear fit = 1.00 x + 0.0 (1641 voxels, overlap=0.608)
Right_Putamen (51): linear fit = 1.00 x + 0.0 (1641 voxels, peak = 99), gca=98.5
gca peak = 0.08303 (89)
mri peak = 0.08266 (93)
Brain_Stem (16): linear fit = 0.99 x + 0.0 (11647 voxels, overlap=0.705)
Brain_Stem (16): linear fit = 0.99 x + 0.0 (11647 voxels, peak = 88), gca=87.7
gca peak = 0.12184 (94)
mri peak = 0.24339 (99)
Right_VentralDC (60): linear fit = 1.00 x + 0.0 (1504 voxels, overlap=0.677)
Right_VentralDC (60): linear fit = 1.00 x + 0.0 (1504 voxels, peak = 94), gca=94.0
gca peak = 0.15110 (96)
mri peak = 0.25047 (99)
Left_VentralDC (28): linear fit = 1.00 x + 0.0 (1587 voxels, overlap=0.751)
Left_VentralDC (28): linear fit = 1.00 x + 0.0 (1587 voxels, peak = 96), gca=95.5
gca peak = 0.13275 (39)
mri peak = 0.27778 (34)
gca peak = 0.12566 (22)
mri peak = 0.12956 (26)
Fourth_Ventricle (15): linear fit = 1.24 x + 0.0 (159 voxels, overlap=0.323)
Fourth_Ventricle (15): linear fit = 1.24 x + 0.0 (159 voxels, peak = 27), gca=27.2
gca peak Unknown = 0.94777 ( 0)
gca peak Left_Inf_Lat_Vent = 0.14083 (36)
gca peak Third_Ventricle = 0.13275 (39)
gca peak CSF = 0.17830 (53)
gca peak Left_Accumbens_area = 0.66562 (74)
gca peak Left_undetermined = 0.99358 (33)
gca peak Left_vessel = 0.63642 (53)
gca peak Left_choroid_plexus = 0.11374 (35)
gca peak Right_Inf_Lat_Vent = 0.25066 (32)
gca peak Right_Accumbens_area = 0.29063 (84)
gca peak Right_vessel = 0.77268 (52)
gca peak Right_choroid_plexus = 0.13882 (38)
gca peak Fifth_Ventricle = 0.59466 (46)
gca peak WM_hypointensities = 0.09973 (77)
gca peak non_WM_hypointensities = 0.14069 (41)
gca peak Optic_Chiasm = 0.60883 (76)
not using caudate to estimate GM means
estimating mean gm scale to be 1.00 x + 0.0
estimating mean wm scale to be 1.00 x + 0.0
estimating mean csf scale to be 1.25 x + 0.0
Left_Putamen too bright - rescaling by 0.985 (from 1.015) to 95.0 (was 96.4)
Right_Putamen too bright - rescaling by 0.964 (from 0.995) to 95.0 (was 98.5)
saving intensity scales to aseg.auto_noCCseg.label_intensities.txt
saving sequentially combined intensity scales to aseg.auto_noCCseg.label_intensities.txt
48023 voxels changed in iteration 0 of unlikely voxel relabeling
115 voxels changed in iteration 1 of unlikely voxel relabeling
22 voxels changed in iteration 2 of unlikely voxel relabeling
0 voxels changed in iteration 3 of unlikely voxel relabeling
73256 gm and wm labels changed (%39 to gray, %61 to white out of all changed labels)
473 hippocampal voxels changed.
0 amygdala voxels changed.
Reclassifying using Gibbs Priors
pass 1: 62816 changed. image ll: -2.071, PF=0.500
pass 2: 16474 changed. image ll: -2.070, PF=0.500
pass 3: 5180 changed.
pass 4: 1893 changed.
53258 voxels changed in iteration 0 of unlikely voxel relabeling
371 voxels changed in iteration 1 of unlikely voxel relabeling
30 voxels changed in iteration 2 of unlikely voxel relabeling
0 voxels changed in iteration 3 of unlikely voxel relabeling
5935 voxels changed in iteration 0 of unlikely voxel relabeling
116 voxels changed in iteration 1 of unlikely voxel relabeling
1 voxels changed in iteration 2 of unlikely voxel relabeling
0 voxels changed in iteration 3 of unlikely voxel relabeling
4985 voxels changed in iteration 0 of unlikely voxel relabeling
55 voxels changed in iteration 1 of unlikely voxel relabeling
21 voxels changed in iteration 2 of unlikely voxel relabeling
0 voxels changed in iteration 3 of unlikely voxel relabeling
4388 voxels changed in iteration 0 of unlikely voxel relabeling
16 voxels changed in iteration 1 of unlikely voxel relabeling
1 voxels changed in iteration 2 of unlikely voxel relabeling
1 voxels changed in iteration 3 of unlikely voxel relabeling
0 voxels changed in iteration 4 of unlikely voxel relabeling
 !!!!!!!!! ventricle segment 1 with volume 3902 above threshold 100 - not erasing !!!!!!!!!!
 !!!!!!!!! ventricle segment 3 with volume 155 above threshold 100 - not erasing !!!!!!!!!!
 !!!!!!!!! ventricle segment 1 with volume 4616 above threshold 100 - not erasing !!!!!!!!!!
writing labeled volume to aseg.auto_noCCseg.mgz
mri_ca_label utimesec    2363.717126
mri_ca_label stimesec    4.952250
mri_ca_label ru_maxrss   2139188
mri_ca_label ru_ixrss    0
mri_ca_label ru_idrss    0
mri_ca_label ru_isrss    0
mri_ca_label ru_minflt   7594713
mri_ca_label ru_majflt   8
mri_ca_label ru_nswap    0
mri_ca_label ru_inblock  1142
mri_ca_label ru_oublock  616
mri_ca_label ru_msgsnd   0
mri_ca_label ru_msgrcv   0
mri_ca_label ru_nsignals 0
mri_ca_label ru_nvcsw    2420
mri_ca_label ru_nivcsw   1593
auto-labeling took 38 minutes and 20 seconds.
#--------------------------------------
#@# CC Seg Fri Mar 13 05:48:25 CET 2026

 mri_cc -aseg aseg.auto_noCCseg.mgz -o aseg.auto.mgz -lta /out/sourcedata/freesurfer/sub-v2s4x29595_ses-1/mri/transforms/cc_up.lta sub-v2s4x29595_ses-1 

will read input aseg from aseg.auto_noCCseg.mgz
writing aseg with cc labels to aseg.auto.mgz
will write lta as /out/sourcedata/freesurfer/sub-v2s4x29595_ses-1/mri/transforms/cc_up.lta
reading aseg from /out/sourcedata/freesurfer/sub-v2s4x29595_ses-1/mri/aseg.auto_noCCseg.mgz
reading norm from /out/sourcedata/freesurfer/sub-v2s4x29595_ses-1/mri/norm.mgz
24893 voxels in left wm, 26119 in right wm, xrange [124, 130]
searching rotation angles z=[-4 10], y=[-8  6]
searching scale 1 Z rot -4.3  searching scale 1 Z rot -4.1  searching scale 1 Z rot -3.8  searching scale 1 Z rot -3.6  searching scale 1 Z rot -3.3  searching scale 1 Z rot -3.1  searching scale 1 Z rot -2.8  searching scale 1 Z rot -2.6  searching scale 1 Z rot -2.3  searching scale 1 Z rot -2.1  searching scale 1 Z rot -1.8  searching scale 1 Z rot -1.6  searching scale 1 Z rot -1.3  searching scale 1 Z rot -1.1  searching scale 1 Z rot -0.8  searching scale 1 Z rot -0.6  searching scale 1 Z rot -0.3  searching scale 1 Z rot -0.1  searching scale 1 Z rot 0.2  searching scale 1 Z rot 0.4  searching scale 1 Z rot 0.7  searching scale 1 Z rot 0.9  searching scale 1 Z rot 1.2  searching scale 1 Z rot 1.4  searching scale 1 Z rot 1.7  searching scale 1 Z rot 1.9  searching scale 1 Z rot 2.2  searching scale 1 Z rot 2.4  searching scale 1 Z rot 2.7  searching scale 1 Z rot 2.9  searching scale 1 Z rot 3.2  searching scale 1 Z rot 3.4  searching scale 1 Z rot 3.7  searching scale 1 Z rot 3.9  searching scale 1 Z rot 4.2  searching scale 1 Z rot 4.4  searching scale 1 Z rot 4.7  searching scale 1 Z rot 4.9  searching scale 1 Z rot 5.2  searching scale 1 Z rot 5.4  searching scale 1 Z rot 5.7  searching scale 1 Z rot 5.9  searching scale 1 Z rot 6.2  searching scale 1 Z rot 6.4  searching scale 1 Z rot 6.7  searching scale 1 Z rot 6.9  searching scale 1 Z rot 7.2  searching scale 1 Z rot 7.4  searching scale 1 Z rot 7.7  searching scale 1 Z rot 7.9  searching scale 1 Z rot 8.2  searching scale 1 Z rot 8.4  searching scale 1 Z rot 8.7  searching scale 1 Z rot 8.9  searching scale 1 Z rot 9.2  searching scale 1 Z rot 9.4  global minimum found at slice 126.6, rotations (-1.00, 2.67)
final transformation (x=126.6, yr=-1.002, zr=2.670):
 0.99876  -0.04659  -0.01748   7.71351;
 0.04658   0.99891  -0.00082   30.29025;
 0.01750   0.00000   0.99985   20.80175;
 0.00000   0.00000   0.00000   1.00000;
updating x range to be [126, 130] in xformed coordinates
best xformed slice 127
min_x_fornix = 141
min_x_fornix = 144
min_x_fornix = 115
min_x_fornix = 115
min_x_fornix = 143
cc center is found at 127 92 105
eigenvectors:
 0.00051   0.00252   1.00000;
-0.09091  -0.99586   0.00255;
 0.99586  -0.09091  -0.00028;
writing aseg with callosum to /out/sourcedata/freesurfer/sub-v2s4x29595_ses-1/mri/aseg.auto.mgz...
corpus callosum segmentation took 0.6 minutes
#VMPC# mri_cc VmPeak  553540
mri_cc done
#--------------------------------------
#@# Merge ASeg Fri Mar 13 05:48:59 CET 2026

 cp aseg.auto.mgz aseg.presurf.mgz 

#--------------------------------------------
#@# Intensity Normalization2 Fri Mar 13 05:48:59 CET 2026
/out/sourcedata/freesurfer/sub-v2s4x29595_ses-1/mri

 mri_normalize -seed 1234 -mprage -aseg aseg.presurf.mgz -mask brainmask.mgz norm.mgz brain.mgz 

setting seed for random number genererator to 1234
assuming input volume is MGH (Van der Kouwe) MP-RAGE
using segmentation for initial intensity normalization
using MR volume brainmask.mgz to mask input volume...
reading mri_src from norm.mgz...
Reading aseg aseg.presurf.mgz
normalizing image...
NOT doing gentle normalization with control points/label
processing with aseg
removing outliers in the aseg WM...
542 control points removed
Building bias image
building Voronoi diagram...
performing soap bubble smoothing, sigma = 0...
Smoothing with sigma 8
Applying bias correction
building Voronoi diagram...
performing soap bubble smoothing, sigma = 8...

Iterating 2 times
---------------------------------
3d normalization pass 1 of 2
white matter peak found at 110
white matter peak found at 109
gm peak at 87 (87), valley at 60 (60)
csf peak at 44, setting threshold to 72
building Voronoi diagram...
performing soap bubble smoothing, sigma = 8...
---------------------------------
3d normalization pass 2 of 2
white matter peak found at 110
white matter peak found at 110
gm peak at 87 (87), valley at 59 (59)
csf peak at 44, setting threshold to 72
building Voronoi diagram...
performing soap bubble smoothing, sigma = 8...
Done iterating ---------------------------------
writing output to brain.mgz
3D bias adjustment took 2 minutes and 16 seconds.
#--------------------------------------------
#@# Mask BFS Fri Mar 13 05:51:16 CET 2026
/out/sourcedata/freesurfer/sub-v2s4x29595_ses-1/mri

 mri_mask -T 5 brain.mgz brainmask.mgz brain.finalsurfs.mgz 

threshold mask volume at 5
DoAbs = 0
Found 1393259 voxels in mask (pct=  8.30)
Writing masked volume to brain.finalsurfs.mgz...done.
#--------------------------------------------
#@# WM Segmentation Fri Mar 13 05:51:16 CET 2026

 AntsDenoiseImageFs -i brain.mgz -o antsdn.brain.mgz 


 mri_segment -wsizemm 13 -mprage antsdn.brain.mgz wm.seg.mgz 

wsizemm = 13, voxres = 1, wsize = 13
Widening wm low from 89 to 79
assuming input volume is MGH (Van der Kouwe) MP-RAGE
wm mean:  110
wsize:    13
wm low:   79
wm hi:    125
gray low: 30
gray hi:  99
Doing initial trinary intensity segmentation 
Using local statistics to label ambiguous voxels
Autodetecting stats
Computing class statistics for intensity windows...
CCS WM (103.0): 102.9 +- 4.9 [79.0 --> 125.0]
CCS GM (84.0) : 81.2 +- 11.5 [30.0 --> 95.0]
 white_mean 102.934
 white_sigma 4.88154
 gray_mean 81.1974
 gray_sigma 11.4812
setting bottom of white matter range wm_low to 92.7
setting top of gray matter range gray_hi to 101.9
 wm_low 92.6786
 wm_hi  125
 gray_low 30
 gray_hi  101.934
Redoing initial intensity segmentation...
Recomputing local statistics to label ambiguous voxels...
 wm_low 92.6786
 wm_hi  125
 gray_low 30
 gray_hi  101.934
using local geometry to label remaining ambiguous voxels...
polvwsize = 5, polvlen = 3, gray_hi = 101.934, wm_low = 92.6786
MRIcpolvMedianCurveSegment(): wsize=5, len=3, gmhi=101.934, wmlow=92.6786
    164451 voxels processed (0.98%)
     75945 voxels white (0.45%)
     88506 voxels non-white (0.53%)

Reclassifying voxels using Gaussian border classifier niter=1
MRIreclassify(): wm_low=87.6786, gray_hi=101.934, wsize=13
    339171 voxels tested (2.02%)
     55891 voxels changed (0.33%)
     47858 multi-scale searches  (0.29%)
Recovering bright white
MRIrecoverBrightWhite()
 wm_low 92.6786
 wm_hi 125
 slack 4.88154
 pct_thresh 0.33
 intensity_thresh 129.882
 nvox_thresh 8.58
        0 voxels tested (0.00%)
        0 voxels changed (0.00%)

removing voxels with positive offset direction...
MRIremoveWrongDirection() wsize=3, lowthr=87.6786, hithr=101.934
  smoothing input volume with sigma = 0.250
   133036 voxels tested (0.79%)
    17981 voxels changed (0.11%)
thicken = 1
removing 1-dimensional structures...
MRIremove1dStructures(): max_iter=10000, thresh=2, WM_MIN_VAL=5
 1393 sparsely connected voxels removed in 1 iterations
thickening thin strands....
thickness 4
nsegments 20
wm_hi 125
1495 diagonally connected voxels added...
MRIthickenThinWMStrands(): thickness=4, nsegments=20
  20 segments, 2024 filled
MRIfindBrightNonWM(): 5 bright non-wm voxels segmented.
MRIfilterMorphology() WM_MIN_VAL=5, DIAGONAL_FILL=230
white matter segmentation took 1.1 minutes
writing output to wm.seg.mgz...

 mri_edit_wm_with_aseg -keep-in wm.seg.mgz brain.mgz aseg.presurf.mgz wm.asegedit.mgz 

preserving editing changes in input volume...
auto filling took 0.43 minutes
reading wm segmentation from wm.seg.mgz...
0 voxels added to wm to prevent paths from MTL structures to cortex
3658 additional wm voxels added
0 additional wm voxels added
SEG EDIT: 28793 voxels turned on, 80621 voxels turned off.
propagating editing to output volume from wm.seg.mgz
writing edited volume to wm.asegedit.mgz....

 mri_pretess wm.asegedit.mgz wm norm.mgz wm.mgz 


Iteration Number : 1
pass   1 (xy+):  26 found -  26 modified     |    TOTAL:  26
pass   2 (xy+):   0 found -  26 modified     |    TOTAL:  26
pass   1 (xy-):  26 found -  26 modified     |    TOTAL:  52
pass   2 (xy-):   0 found -  26 modified     |    TOTAL:  52
pass   1 (yz+):  17 found -  17 modified     |    TOTAL:  69
pass   2 (yz+):   0 found -  17 modified     |    TOTAL:  69
pass   1 (yz-):  22 found -  22 modified     |    TOTAL:  91
pass   2 (yz-):   0 found -  22 modified     |    TOTAL:  91
pass   1 (xz+):  12 found -  12 modified     |    TOTAL: 103
pass   2 (xz+):   0 found -  12 modified     |    TOTAL: 103
pass   1 (xz-):  20 found -  20 modified     |    TOTAL: 123
pass   2 (xz-):   0 found -  20 modified     |    TOTAL: 123
Iteration Number : 1
pass   1 (+++):   8 found -   8 modified     |    TOTAL:   8
pass   2 (+++):   0 found -   8 modified     |    TOTAL:   8
pass   1 (+++):   4 found -   4 modified     |    TOTAL:  12
pass   2 (+++):   0 found -   4 modified     |    TOTAL:  12
pass   1 (+++):   4 found -   4 modified     |    TOTAL:  16
pass   2 (+++):   0 found -   4 modified     |    TOTAL:  16
pass   1 (+++):   5 found -   5 modified     |    TOTAL:  21
pass   2 (+++):   0 found -   5 modified     |    TOTAL:  21
Iteration Number : 1
pass   1 (++):  62 found -  62 modified     |    TOTAL:  62
pass   2 (++):   0 found -  62 modified     |    TOTAL:  62
pass   1 (+-):  48 found -  48 modified     |    TOTAL: 110
pass   2 (+-):   0 found -  48 modified     |    TOTAL: 110
pass   1 (--):  43 found -  43 modified     |    TOTAL: 153
pass   2 (--):   0 found -  43 modified     |    TOTAL: 153
pass   1 (-+):  28 found -  28 modified     |    TOTAL: 181
pass   2 (-+):   0 found -  28 modified     |    TOTAL: 181
Iteration Number : 2
pass   1 (xy+):   2 found -   2 modified     |    TOTAL:   2
pass   2 (xy+):   0 found -   2 modified     |    TOTAL:   2
pass   1 (xy-):   2 found -   2 modified     |    TOTAL:   4
pass   2 (xy-):   0 found -   2 modified     |    TOTAL:   4
pass   1 (yz+):   0 found -   0 modified     |    TOTAL:   4
pass   1 (yz-):   0 found -   0 modified     |    TOTAL:   4
pass   1 (xz+):   2 found -   2 modified     |    TOTAL:   6
pass   2 (xz+):   0 found -   2 modified     |    TOTAL:   6
pass   1 (xz-):   0 found -   0 modified     |    TOTAL:   6
Iteration Number : 2
pass   1 (+++):   0 found -   0 modified     |    TOTAL:   0
pass   1 (+++):   2 found -   2 modified     |    TOTAL:   2
pass   2 (+++):   0 found -   2 modified     |    TOTAL:   2
pass   1 (+++):   0 found -   0 modified     |    TOTAL:   2
pass   1 (+++):   0 found -   0 modified     |    TOTAL:   2
Iteration Number : 2
pass   1 (++):   0 found -   0 modified     |    TOTAL:   0
pass   1 (+-):   0 found -   0 modified     |    TOTAL:   0
pass   1 (--):   0 found -   0 modified     |    TOTAL:   0
pass   1 (-+):   0 found -   0 modified     |    TOTAL:   0
Iteration Number : 3
pass   1 (xy+):   1 found -   1 modified     |    TOTAL:   1
pass   2 (xy+):   0 found -   1 modified     |    TOTAL:   1
pass   1 (xy-):   0 found -   0 modified     |    TOTAL:   1
pass   1 (yz+):   0 found -   0 modified     |    TOTAL:   1
pass   1 (yz-):   0 found -   0 modified     |    TOTAL:   1
pass   1 (xz+):   0 found -   0 modified     |    TOTAL:   1
pass   1 (xz-):   0 found -   0 modified     |    TOTAL:   1
Iteration Number : 3
pass   1 (+++):   0 found -   0 modified     |    TOTAL:   0
pass   1 (+++):   0 found -   0 modified     |    TOTAL:   0
pass   1 (+++):   0 found -   0 modified     |    TOTAL:   0
pass   1 (+++):   0 found -   0 modified     |    TOTAL:   0
Iteration Number : 3
pass   1 (++):   0 found -   0 modified     |    TOTAL:   0
pass   1 (+-):   0 found -   0 modified     |    TOTAL:   0
pass   1 (--):   0 found -   0 modified     |    TOTAL:   0
pass   1 (-+):   0 found -   0 modified     |    TOTAL:   0
Iteration Number : 4
pass   1 (xy+):   0 found -   0 modified     |    TOTAL:   0
pass   1 (xy-):   0 found -   0 modified     |    TOTAL:   0
pass   1 (yz+):   0 found -   0 modified     |    TOTAL:   0
pass   1 (yz-):   0 found -   0 modified     |    TOTAL:   0
pass   1 (xz+):   0 found -   0 modified     |    TOTAL:   0
pass   1 (xz-):   0 found -   0 modified     |    TOTAL:   0
Iteration Number : 4
pass   1 (+++):   0 found -   0 modified     |    TOTAL:   0
pass   1 (+++):   0 found -   0 modified     |    TOTAL:   0
pass   1 (+++):   0 found -   0 modified     |    TOTAL:   0
pass   1 (+++):   0 found -   0 modified     |    TOTAL:   0
Iteration Number : 4
pass   1 (++):   0 found -   0 modified     |    TOTAL:   0
pass   1 (+-):   0 found -   0 modified     |    TOTAL:   0
pass   1 (--):   0 found -   0 modified     |    TOTAL:   0
pass   1 (-+):   0 found -   0 modified     |    TOTAL:   0

Total Number of Modified Voxels = 334 (out of 527364: 0.063334)
binarizing input wm segmentation...
Ambiguous edge configurations... 

mri_pretess done

#--------------------------------------------
#@# Fill Fri Mar 13 05:53:20 CET 2026
/out/sourcedata/freesurfer/sub-v2s4x29595_ses-1/mri

 mri_fill -a ../scripts/ponscc.cut.log -xform transforms/talairach.lta -segmentation aseg.presurf.mgz -ctab /opt/freesurfer/SubCorticalMassLUT.txt wm.mgz filled.mgz 

logging cutting plane coordinates to ../scripts/ponscc.cut.log...
INFO: Using transforms/talairach.lta and its offset for Talairach volume ...
using segmentation aseg.presurf.mgz...
reading input volume...done.
searching for cutting planes...voxel to talairach voxel transform
 1.03641  -0.05281  -0.03202   2.52681;
 0.04646   1.06425   0.28487  -31.77592;
 0.01701  -0.27427   1.02098   21.88982;
 0.00000   0.00000   0.00000   1.00000;
voxel to talairach voxel transform
 1.03641  -0.05281  -0.03202   2.52681;
 0.04646   1.06425   0.28487  -31.77592;
 0.01701  -0.27427   1.02098   21.88982;
 0.00000   0.00000   0.00000   1.00000;
reading segmented volume aseg.presurf.mgz
removing CC from segmentation
Looking for area (min, max) = (350, 1400)
area[0] = 1052 (min = 350, max = 1400), aspect = 0.46 (min = 0.10, max = 0.75)
no need to search
using seed (124, 123, 146), TAL = (4.0, 18.0, 5.0)
talairach voxel to voxel transform
 0.96229   0.05180   0.01572  -1.12967;
-0.03518   0.87470  -0.24516   33.25002;
-0.02548   0.23411   0.91333  -12.48915;
 0.00000   0.00000   0.00000   1.00000;
segmentation indicates cc at (124,  123,  146) --> (4.0, 18.0, 5.0)
done.
filling took 1.0 minutes
talairach cc position changed to (4.00, 18.00, 5.00)
Erasing brainstem...done.
seed_search_size = 9, min_neighbors = 5
search rh wm seed point around talairach space:(22.00, 18.00, 5.00) SRC: (109.54, 101.32, 146.95)
search lh wm seed point around talairach space (-14.00, 18.00, 5.00), SRC: (144.18, 100.05, 146.03)
compute mri_fill using aseg
Erasing Brain Stem and Cerebellum ...
Define left and right masks using aseg:
Building Voronoi diagram ...
Using the Voronoi diagram for separating WM into two hemispheres ...
Find the largest connected component for each hemisphere ...
Embedding colortable
mri_fill done, writing output to filled.mgz...
 cp filled.mgz filled.auto.mgz

Started at Fri Mar 13 04:23:19 CET 2026 
Ended   at Fri Mar 13 05:54:21 CET 2026
#@#%# recon-all-run-time-hours 1.517
recon-all -s sub-v2s4x29595_ses-1 finished without error at Fri Mar 13 05:54:21 CET 2026



#New# invocation of recon-all 




Fri Mar 13 06:38:35 CET 2026
cd /out/sourcedata/freesurfer/sub-v2s4x29595_ses-1
setenv SUBJECTS_DIR /out/sourcedata/freesurfer
/opt/freesurfer/bin/recon-all -parallel -subjid sub-v2s4x29595_ses-1 -sd /out/sourcedata/freesurfer -cortribbon

subjid sub-v2s4x29595_ses-1
setenv SUBJECTS_DIR /out/sourcedata/freesurfer
FREESURFER_HOME /opt/freesurfer
Actual FREESURFER_HOME /opt/freesurfer
build-stamp.txt: freesurfer-linux-ubuntu22_x86_64-7.3.2-20220804-6354275
Linux dna020 5.14.0-427.37.1.el9_4.x86_64 #1 SMP PREEMPT_DYNAMIC Fri Sep 13 12:41:50 EDT 2024 x86_64 x86_64 x86_64 GNU/Linux
cputime      unlimited
filesize     unlimited
datasize     unlimited
stacksize    8192 kbytes
coredumpsize 0 kbytes
memoryuse    67108864 kbytes
vmemoryuse   unlimited
descriptors  1024 
memorylocked unlimited
maxproc      2061970 
maxlocks     unlimited
maxsignal    2061970 
maxmessage   819200 
maxnice      0 
maxrtprio    0 
maxrttime    unlimited

               total        used        free      shared  buff/cache   available
Mem:           503Gi        52Gi       314Gi        36Gi       136Gi       411Gi
Swap:             0B          0B          0B

########################################
program versions used
7.3.2 (freesurfer-linux-ubuntu22_x86_64-7.3.2-20220804-6354275)
7.3.2

ProgramName: lta_convert  ProgramArguments: lta_convert -all-info  ProgramVersion: 7.3.2  TimeStamp: 2026/03/13-05:38:35-GMT  BuildTime: Aug  4 2022 06:17:15  BuildStamp: freesurfer-linux-ubuntu22_x86_64-7.3.2-20220804-6354275  User: oesteban  Machine: dna020  Platform: Linux  PlatformVersion: 5.14.0-427.37.1.el9_4.x86_64  CompilerName: GCC  CompilerVersion: 8.4.0
ProgramName: mri_and  ProgramArguments: mri_and -all-info  ProgramVersion: 7.3.2  TimeStamp: 2026/03/13-05:38:35-GMT  BuildTime: Aug  4 2022 06:17:15  BuildStamp: freesurfer-linux-ubuntu22_x86_64-7.3.2-20220804-6354275  User: oesteban  Machine: dna020  Platform: Linux  PlatformVersion: 5.14.0-427.37.1.el9_4.x86_64  CompilerName: GCC  CompilerVersion: 8.4.0
ProgramName: mri_annotation2label  ProgramArguments: mri_annotation2label -all-info  ProgramVersion: 7.3.2  TimeStamp: 2026/03/13-05:38:35-GMT  BuildTime: Aug  4 2022 06:17:15  BuildStamp: freesurfer-linux-ubuntu22_x86_64-7.3.2-20220804-6354275  User: oesteban  Machine: dna020  Platform: Linux  PlatformVersion: 5.14.0-427.37.1.el9_4.x86_64  CompilerName: GCC  CompilerVersion: 8.4.0
ProgramName: mri_aparc2aseg  ProgramArguments: mri_aparc2aseg -all-info  ProgramVersion: 7.3.2  TimeStamp: 2026/03/13-05:38:35-GMT  BuildTime: Aug  4 2022 06:17:15  BuildStamp: freesurfer-linux-ubuntu22_x86_64-7.3.2-20220804-6354275  User: oesteban  Machine: dna020  Platform: Linux  PlatformVersion: 5.14.0-427.37.1.el9_4.x86_64  CompilerName: GCC  CompilerVersion: 8.4.0
ProgramName: mri_surf2volseg  ProgramArguments: mri_surf2volseg -all-info  ProgramVersion: 7.3.2  TimeStamp: 2026/03/13-05:38:35-GMT  BuildTime: Aug  4 2022 06:17:15  BuildStamp: freesurfer-linux-ubuntu22_x86_64-7.3.2-20220804-6354275  User: oesteban  Machine: dna020  Platform: Linux  PlatformVersion: 5.14.0-427.37.1.el9_4.x86_64  CompilerName: GCC  CompilerVersion: 8.4.0
ProgramName: mri_binarize  ProgramArguments: mri_binarize -all-info  ProgramVersion: 7.3.2  TimeStamp: 2026/03/13-05:38:35-GMT  BuildTime: Aug  4 2022 06:17:15  BuildStamp: freesurfer-linux-ubuntu22_x86_64-7.3.2-20220804-6354275  User: oesteban  Machine: dna020  Platform: Linux  PlatformVersion: 5.14.0-427.37.1.el9_4.x86_64  CompilerName: GCC  CompilerVersion: 8.4.0
ProgramName: mri_ca_label  ProgramArguments: mri_ca_label -all-info  ProgramVersion: 7.3.2  TimeStamp: 2026/03/13-05:38:35-GMT  BuildTime: Aug  4 2022 06:17:15  BuildStamp: freesurfer-linux-ubuntu22_x86_64-7.3.2-20220804-6354275  User: oesteban  Machine: dna020  Platform: Linux  PlatformVersion: 5.14.0-427.37.1.el9_4.x86_64  CompilerName: GCC  CompilerVersion: 8.4.0
ProgramName: mri_ca_normalize  ProgramArguments: mri_ca_normalize -all-info  ProgramVersion: 7.3.2  TimeStamp: 2026/03/13-05:38:35-GMT  BuildTime: Aug  4 2022 06:17:15  BuildStamp: freesurfer-linux-ubuntu22_x86_64-7.3.2-20220804-6354275  User: oesteban  Machine: dna020  Platform: Linux  PlatformVersion: 5.14.0-427.37.1.el9_4.x86_64  CompilerName: GCC  CompilerVersion: 8.4.0
ProgramName: mri_ca_register  ProgramArguments: mri_ca_register -all-info  ProgramVersion: 7.3.2  TimeStamp: 2026/03/13-05:38:35-GMT  BuildTime: Aug  4 2022 06:17:15  BuildStamp: freesurfer-linux-ubuntu22_x86_64-7.3.2-20220804-6354275  User: oesteban  Machine: dna020  Platform: Linux  PlatformVersion: 5.14.0-427.37.1.el9_4.x86_64  CompilerName: GCC  CompilerVersion: 8.4.0
ProgramName: mri_cc  ProgramArguments: mri_cc -all-info  ProgramVersion: 7.3.2  TimeStamp: 2026/03/13-05:38:35-GMT  BuildTime: Aug  4 2022 06:17:15  BuildStamp: freesurfer-linux-ubuntu22_x86_64-7.3.2-20220804-6354275  User: oesteban  Machine: dna020  Platform: Linux  PlatformVersion: 5.14.0-427.37.1.el9_4.x86_64  CompilerName: GCC  CompilerVersion: 8.4.0
ProgramName: mri_compute_overlap  ProgramArguments: mri_compute_overlap -all-info  ProgramVersion: 7.3.2  TimeStamp: 2026/03/13-05:38:35-GMT  BuildTime: Aug  4 2022 06:17:15  BuildStamp: freesurfer-linux-ubuntu22_x86_64-7.3.2-20220804-6354275  User: oesteban  Machine: dna020  Platform: Linux  PlatformVersion: 5.14.0-427.37.1.el9_4.x86_64  CompilerName: GCC  CompilerVersion: 8.4.0
ProgramName: mri_compute_seg_overlap  ProgramArguments: mri_compute_seg_overlap -all-info  ProgramVersion: 7.3.2  TimeStamp: 2026/03/13-05:38:35-GMT  BuildTime: Aug  4 2022 06:17:15  BuildStamp: freesurfer-linux-ubuntu22_x86_64-7.3.2-20220804-6354275  User: oesteban  Machine: dna020  Platform: Linux  PlatformVersion: 5.14.0-427.37.1.el9_4.x86_64  CompilerName: GCC  CompilerVersion: 8.4.0
ProgramName: mri_concat  ProgramArguments: mri_concat -all-info  ProgramVersion: 7.3.2  TimeStamp: 2026/03/13-05:38:35-GMT  BuildTime: Aug  4 2022 06:17:15  BuildStamp: freesurfer-linux-ubuntu22_x86_64-7.3.2-20220804-6354275  User: oesteban  Machine: dna020  Platform: Linux  PlatformVersion: 5.14.0-427.37.1.el9_4.x86_64  CompilerName: GCC  CompilerVersion: 8.4.0
ProgramName: mri_concatenate_lta  ProgramArguments: mri_concatenate_lta -all-info  ProgramVersion: 7.3.2  TimeStamp: 2026/03/13-05:38:35-GMT  BuildTime: Aug  4 2022 06:17:15  BuildStamp: freesurfer-linux-ubuntu22_x86_64-7.3.2-20220804-6354275  User: oesteban  Machine: dna020  Platform: Linux  PlatformVersion: 5.14.0-427.37.1.el9_4.x86_64  CompilerName: GCC  CompilerVersion: 8.4.0
mri_convert -all-info 
ProgramName: mri_convert  ProgramArguments: mri_convert -all-info  ProgramVersion: 7.3.2  TimeStamp: 2026/03/13-05:38:35-GMT  BuildTime: Aug  4 2022 06:17:15  BuildStamp: freesurfer-linux-ubuntu22_x86_64-7.3.2-20220804-6354275  User: oesteban  Machine: dna020  Platform: Linux  PlatformVersion: 5.14.0-427.37.1.el9_4.x86_64  CompilerName: GCC  CompilerVersion: 8.4.0
ProgramName: mri_diff  ProgramArguments: mri_diff -all-info  ProgramVersion: 7.3.2  TimeStamp: 2026/03/13-05:38:35-GMT  BuildTime: Aug  4 2022 06:17:15  BuildStamp: freesurfer-linux-ubuntu22_x86_64-7.3.2-20220804-6354275  User: oesteban  Machine: dna020  Platform: Linux  PlatformVersion: 5.14.0-427.37.1.el9_4.x86_64  CompilerName: GCC  CompilerVersion: 8.4.0
ProgramName: mri_edit_wm_with_aseg  ProgramArguments: mri_edit_wm_with_aseg -all-info  ProgramVersion: 7.3.2  TimeStamp: 2026/03/13-05:38:35-GMT  BuildTime: Aug  4 2022 06:17:15  BuildStamp: freesurfer-linux-ubuntu22_x86_64-7.3.2-20220804-6354275  User: oesteban  Machine: dna020  Platform: Linux  PlatformVersion: 5.14.0-427.37.1.el9_4.x86_64  CompilerName: GCC  CompilerVersion: 8.4.0
ProgramName: mri_em_register  ProgramArguments: mri_em_register -all-info  ProgramVersion: 7.3.2  TimeStamp: 2026/03/13-05:38:35-GMT  BuildTime: Aug  4 2022 06:17:15  BuildStamp: freesurfer-linux-ubuntu22_x86_64-7.3.2-20220804-6354275  User: oesteban  Machine: dna020  Platform: Linux  PlatformVersion: 5.14.0-427.37.1.el9_4.x86_64  CompilerName: GCC  CompilerVersion: 8.4.0
ProgramName: mri_fill  ProgramArguments: mri_fill -all-info  ProgramVersion: 7.3.2  TimeStamp: 2026/03/13-05:38:35-GMT  BuildTime: Aug  4 2022 06:17:15  BuildStamp: freesurfer-linux-ubuntu22_x86_64-7.3.2-20220804-6354275  User: oesteban  Machine: dna020  Platform: Linux  PlatformVersion: 5.14.0-427.37.1.el9_4.x86_64  CompilerName: GCC  CompilerVersion: 8.4.0
ProgramName: mri_fuse_segmentations  ProgramArguments: mri_fuse_segmentations -all-info  ProgramVersion: 7.3.2  TimeStamp: 2026/03/13-05:38:35-GMT  BuildTime: Aug  4 2022 06:17:15  BuildStamp: freesurfer-linux-ubuntu22_x86_64-7.3.2-20220804-6354275  User: oesteban  Machine: dna020  Platform: Linux  PlatformVersion: 5.14.0-427.37.1.el9_4.x86_64  CompilerName: GCC  CompilerVersion: 8.4.0
ProgramName: mri_fwhm  ProgramArguments: mri_fwhm -all-info  ProgramVersion: 7.3.2  TimeStamp: 2026/03/13-05:38:35-GMT  BuildTime: Aug  4 2022 06:17:15  BuildStamp: freesurfer-linux-ubuntu22_x86_64-7.3.2-20220804-6354275  User: oesteban  Machine: dna020  Platform: Linux  PlatformVersion: 5.14.0-427.37.1.el9_4.x86_64  CompilerName: GCC  CompilerVersion: 8.4.0
ProgramName: mri_gcut  ProgramArguments: mri_gcut -all-info  ProgramVersion: 7.3.2  TimeStamp: 2026/03/13-05:38:35-GMT  BuildTime: Aug  4 2022 06:17:15  BuildStamp: freesurfer-linux-ubuntu22_x86_64-7.3.2-20220804-6354275  User: oesteban  Machine: dna020  Platform: Linux  PlatformVersion: 5.14.0-427.37.1.el9_4.x86_64  CompilerName: GCC  CompilerVersion: 8.4.0
ProgramName: mri_info  ProgramArguments: mri_info -all-info  ProgramVersion: 7.3.2  TimeStamp: 2026/03/13-05:38:35-GMT  BuildTime: Aug  4 2022 06:17:15  BuildStamp: freesurfer-linux-ubuntu22_x86_64-7.3.2-20220804-6354275  User: oesteban  Machine: dna020  Platform: Linux  PlatformVersion: 5.14.0-427.37.1.el9_4.x86_64  CompilerName: GCC  CompilerVersion: 8.4.0
ProgramName: mri_label2label  ProgramArguments: mri_label2label -all-info  ProgramVersion: 7.3.2  TimeStamp: 2026/03/13-05:38:35-GMT  BuildTime: Aug  4 2022 06:17:15  BuildStamp: freesurfer-linux-ubuntu22_x86_64-7.3.2-20220804-6354275  User: oesteban  Machine: dna020  Platform: Linux  PlatformVersion: 5.14.0-427.37.1.el9_4.x86_64  CompilerName: GCC  CompilerVersion: 8.4.0
ProgramName: mri_label2vol  ProgramArguments: mri_label2vol -all-info  ProgramVersion: 7.3.2  TimeStamp: 2026/03/13-05:38:35-GMT  BuildTime: Aug  4 2022 06:17:15  BuildStamp: freesurfer-linux-ubuntu22_x86_64-7.3.2-20220804-6354275  User: oesteban  Machine: dna020  Platform: Linux  PlatformVersion: 5.14.0-427.37.1.el9_4.x86_64  CompilerName: GCC  CompilerVersion: 8.4.0
ProgramName: mri_log_likelihood  ProgramArguments: mri_log_likelihood -all-info  ProgramVersion: 7.3.2  TimeStamp: 2026/03/13-05:38:35-GMT  BuildTime: Aug  4 2022 06:17:15  BuildStamp: freesurfer-linux-ubuntu22_x86_64-7.3.2-20220804-6354275  User: oesteban  Machine: dna020  Platform: Linux  PlatformVersion: 5.14.0-427.37.1.el9_4.x86_64  CompilerName: GCC  CompilerVersion: 8.4.0
ProgramName: mri_mask  ProgramArguments: mri_mask -all-info  ProgramVersion: 7.3.2  TimeStamp: 2026/03/13-05:38:35-GMT  BuildTime: Aug  4 2022 06:17:15  BuildStamp: freesurfer-linux-ubuntu22_x86_64-7.3.2-20220804-6354275  User: oesteban  Machine: dna020  Platform: Linux  PlatformVersion: 5.14.0-427.37.1.el9_4.x86_64  CompilerName: GCC  CompilerVersion: 8.4.0
ProgramName: mri_matrix_multiply  ProgramArguments: mri_matrix_multiply -all-info  ProgramVersion: 7.3.2  TimeStamp: 2026/03/13-05:38:35-GMT  BuildTime: Aug  4 2022 06:17:15  BuildStamp: freesurfer-linux-ubuntu22_x86_64-7.3.2-20220804-6354275  User: oesteban  Machine: dna020  Platform: Linux  PlatformVersion: 5.14.0-427.37.1.el9_4.x86_64  CompilerName: GCC  CompilerVersion: 8.4.0
ProgramName: mri_normalize  ProgramArguments: mri_normalize -all-info  ProgramVersion: 7.3.2  TimeStamp: 2026/03/13-05:38:35-GMT  BuildTime: Aug  4 2022 06:17:15  BuildStamp: freesurfer-linux-ubuntu22_x86_64-7.3.2-20220804-6354275  User: oesteban  Machine: dna020  Platform: Linux  PlatformVersion: 5.14.0-427.37.1.el9_4.x86_64  CompilerName: GCC  CompilerVersion: 8.4.0
ProgramName: mri_normalize_tp2  ProgramArguments: mri_normalize_tp2 -all-info  ProgramVersion: 7.3.2  TimeStamp: 2026/03/13-05:38:35-GMT  BuildTime: Aug  4 2022 06:17:15  BuildStamp: freesurfer-linux-ubuntu22_x86_64-7.3.2-20220804-6354275  User: oesteban  Machine: dna020  Platform: Linux  PlatformVersion: 5.14.0-427.37.1.el9_4.x86_64  CompilerName: GCC  CompilerVersion: 8.4.0
ProgramName: mri_or  ProgramArguments: mri_or -all-info  ProgramVersion: 7.3.2  TimeStamp: 2026/03/13-05:38:35-GMT  BuildTime: Aug  4 2022 06:17:15  BuildStamp: freesurfer-linux-ubuntu22_x86_64-7.3.2-20220804-6354275  User: oesteban  Machine: dna020  Platform: Linux  PlatformVersion: 5.14.0-427.37.1.el9_4.x86_64  CompilerName: GCC  CompilerVersion: 8.4.0
ProgramName: mri_relabel_hypointensities  ProgramArguments: mri_relabel_hypointensities -all-info  ProgramVersion: 7.3.2  TimeStamp: 2026/03/13-05:38:35-GMT  BuildTime: Aug  4 2022 06:17:15  BuildStamp: freesurfer-linux-ubuntu22_x86_64-7.3.2-20220804-6354275  User: oesteban  Machine: dna020  Platform: Linux  PlatformVersion: 5.14.0-427.37.1.el9_4.x86_64  CompilerName: GCC  CompilerVersion: 8.4.0
ProgramName: mri_relabel_nonwm_hypos  ProgramArguments: mri_relabel_nonwm_hypos -all-info  ProgramVersion: 7.3.2  TimeStamp: 2026/03/13-05:38:35-GMT  BuildTime: Aug  4 2022 06:17:15  BuildStamp: freesurfer-linux-ubuntu22_x86_64-7.3.2-20220804-6354275  User: oesteban  Machine: dna020  Platform: Linux  PlatformVersion: 5.14.0-427.37.1.el9_4.x86_64  CompilerName: GCC  CompilerVersion: 8.4.0
ProgramName: mri_remove_neck  ProgramArguments: mri_remove_neck -all-info  ProgramVersion: 7.3.2  TimeStamp: 2026/03/13-05:38:35-GMT  BuildTime: Aug  4 2022 06:17:15  BuildStamp: freesurfer-linux-ubuntu22_x86_64-7.3.2-20220804-6354275  User: oesteban  Machine: dna020  Platform: Linux  PlatformVersion: 5.14.0-427.37.1.el9_4.x86_64  CompilerName: GCC  CompilerVersion: 8.4.0
7.3.2

ProgramName: mri_robust_register  ProgramArguments: mri_robust_register -all-info  ProgramVersion: 7.3.2  TimeStamp: 2026/03/13-05:38:35-GMT  BuildTime: Aug  4 2022 06:17:15  BuildStamp: freesurfer-linux-ubuntu22_x86_64-7.3.2-20220804-6354275  User: oesteban  Machine: dna020  Platform: Linux  PlatformVersion: 5.14.0-427.37.1.el9_4.x86_64  CompilerName: GCC  CompilerVersion: 8.4.0
7.3.2

ProgramName: mri_robust_template  ProgramArguments: mri_robust_template -all-info  ProgramVersion: 7.3.2  TimeStamp: 2026/03/13-05:38:35-GMT  BuildTime: Aug  4 2022 06:17:15  BuildStamp: freesurfer-linux-ubuntu22_x86_64-7.3.2-20220804-6354275  User: oesteban  Machine: dna020  Platform: Linux  PlatformVersion: 5.14.0-427.37.1.el9_4.x86_64  CompilerName: GCC  CompilerVersion: 8.4.0
ProgramName: mris_anatomical_stats  ProgramArguments: mris_anatomical_stats -all-info  ProgramVersion: 7.3.2  TimeStamp: 2026/03/13-05:38:35-GMT  BuildTime: Aug  4 2022 06:17:15  BuildStamp: freesurfer-linux-ubuntu22_x86_64-7.3.2-20220804-6354275  User: oesteban  Machine: dna020  Platform: Linux  PlatformVersion: 5.14.0-427.37.1.el9_4.x86_64  CompilerName: GCC  CompilerVersion: 8.4.0
ProgramName: mris_ca_label  ProgramArguments: mris_ca_label -all-info  ProgramVersion: 7.3.2  TimeStamp: 2026/03/13-05:38:35-GMT  BuildTime: Aug  4 2022 06:17:15  BuildStamp: freesurfer-linux-ubuntu22_x86_64-7.3.2-20220804-6354275  User: oesteban  Machine: dna020  Platform: Linux  PlatformVersion: 5.14.0-427.37.1.el9_4.x86_64  CompilerName: GCC  CompilerVersion: 8.4.0
ProgramName: mris_calc  ProgramArguments: mris_calc -all-info  ProgramVersion: 7.3.2  TimeStamp: 2026/03/13-05:38:35-GMT  BuildTime: Aug  4 2022 06:17:15  BuildStamp: freesurfer-linux-ubuntu22_x86_64-7.3.2-20220804-6354275  User: oesteban  Machine: dna020  Platform: Linux  PlatformVersion: 5.14.0-427.37.1.el9_4.x86_64  CompilerName: GCC  CompilerVersion: 8.4.0
ProgramName: mris_convert  ProgramArguments: mris_convert -all-info  ProgramVersion: 7.3.2  TimeStamp: 2026/03/13-05:38:35-GMT  BuildTime: Aug  4 2022 06:17:15  BuildStamp: freesurfer-linux-ubuntu22_x86_64-7.3.2-20220804-6354275  User: oesteban  Machine: dna020  Platform: Linux  PlatformVersion: 5.14.0-427.37.1.el9_4.x86_64  CompilerName: GCC  CompilerVersion: 8.4.0
ProgramName: mris_curvature  ProgramArguments: mris_curvature -all-info  ProgramVersion: 7.3.2  TimeStamp: 2026/03/13-05:38:35-GMT  BuildTime: Aug  4 2022 06:17:15  BuildStamp: freesurfer-linux-ubuntu22_x86_64-7.3.2-20220804-6354275  User: oesteban  Machine: dna020  Platform: Linux  PlatformVersion: 5.14.0-427.37.1.el9_4.x86_64  CompilerName: GCC  CompilerVersion: 8.4.0
ProgramName: mris_curvature_stats  ProgramArguments: mris_curvature_stats -all-info  ProgramVersion: 7.3.2  TimeStamp: 2026/03/13-05:38:35-GMT  BuildTime: Aug  4 2022 06:17:15  BuildStamp: freesurfer-linux-ubuntu22_x86_64-7.3.2-20220804-6354275  User: oesteban  Machine: dna020  Platform: Linux  PlatformVersion: 5.14.0-427.37.1.el9_4.x86_64  CompilerName: GCC  CompilerVersion: 8.4.0
ProgramName: mris_diff  ProgramArguments: mris_diff -all-info  ProgramVersion: 7.3.2  TimeStamp: 2026/03/13-05:38:35-GMT  BuildTime: Aug  4 2022 06:17:15  BuildStamp: freesurfer-linux-ubuntu22_x86_64-7.3.2-20220804-6354275  User: oesteban  Machine: dna020  Platform: Linux  PlatformVersion: 5.14.0-427.37.1.el9_4.x86_64  CompilerName: GCC  CompilerVersion: 8.4.0
ProgramName: mris_divide_parcellation  ProgramArguments: mris_divide_parcellation -all-info  ProgramVersion: 7.3.2  TimeStamp: 2026/03/13-05:38:35-GMT  BuildTime: Aug  4 2022 06:17:15  BuildStamp: freesurfer-linux-ubuntu22_x86_64-7.3.2-20220804-6354275  User: oesteban  Machine: dna020  Platform: Linux  PlatformVersion: 5.14.0-427.37.1.el9_4.x86_64  CompilerName: GCC  CompilerVersion: 8.4.0
ProgramName: mri_segment  ProgramArguments: mri_segment -all-info  ProgramVersion: 7.3.2  TimeStamp: 2026/03/13-05:38:35-GMT  BuildTime: Aug  4 2022 06:17:15  BuildStamp: freesurfer-linux-ubuntu22_x86_64-7.3.2-20220804-6354275  User: oesteban  Machine: dna020  Platform: Linux  PlatformVersion: 5.14.0-427.37.1.el9_4.x86_64  CompilerName: GCC  CompilerVersion: 8.4.0
ProgramName: mri_segstats  ProgramArguments: mri_segstats -all-info  ProgramVersion: 7.3.2  TimeStamp: 2026/03/13-05:38:35-GMT  BuildTime: Aug  4 2022 06:17:15  BuildStamp: freesurfer-linux-ubuntu22_x86_64-7.3.2-20220804-6354275  User: oesteban  Machine: dna020  Platform: Linux  PlatformVersion: 5.14.0-427.37.1.el9_4.x86_64  CompilerName: GCC  CompilerVersion: 8.4.0
ProgramName: mris_euler_number  ProgramArguments: mris_euler_number -all-info  ProgramVersion: 7.3.2  TimeStamp: 2026/03/13-05:38:35-GMT  BuildTime: Aug  4 2022 06:17:15  BuildStamp: freesurfer-linux-ubuntu22_x86_64-7.3.2-20220804-6354275  User: oesteban  Machine: dna020  Platform: Linux  PlatformVersion: 5.14.0-427.37.1.el9_4.x86_64  CompilerName: GCC  CompilerVersion: 8.4.0
ProgramName: mris_fix_topology  ProgramArguments: mris_fix_topology -all-info  ProgramVersion: 7.3.2  TimeStamp: 2026/03/13-05:38:35-GMT  BuildTime: Aug  4 2022 06:17:15  BuildStamp: freesurfer-linux-ubuntu22_x86_64-7.3.2-20220804-6354275  User: oesteban  Machine: dna020  Platform: Linux  PlatformVersion: 5.14.0-427.37.1.el9_4.x86_64  CompilerName: GCC  CompilerVersion: 8.4.0
ProgramName: mris_topo_fixer  ProgramArguments: mris_topo_fixer -all-info  ProgramVersion: 7.3.2  TimeStamp: 2026/03/13-05:38:35-GMT  BuildTime: Aug  4 2022 06:17:15  BuildStamp: freesurfer-linux-ubuntu22_x86_64-7.3.2-20220804-6354275  User: oesteban  Machine: dna020  Platform: Linux  PlatformVersion: 5.14.0-427.37.1.el9_4.x86_64  CompilerName: GCC  CompilerVersion: 8.4.0
ProgramName: mris_jacobian  ProgramArguments: mris_jacobian -all-info  ProgramVersion: 7.3.2  TimeStamp: 2026/03/13-05:38:35-GMT  BuildTime: Aug  4 2022 06:17:15  BuildStamp: freesurfer-linux-ubuntu22_x86_64-7.3.2-20220804-6354275  User: oesteban  Machine: dna020  Platform: Linux  PlatformVersion: 5.14.0-427.37.1.el9_4.x86_64  CompilerName: GCC  CompilerVersion: 8.4.0
ProgramName: mris_label2annot  ProgramArguments: mris_label2annot -all-info  ProgramVersion: 7.3.2  TimeStamp: 2026/03/13-05:38:35-GMT  BuildTime: Aug  4 2022 06:17:15  BuildStamp: freesurfer-linux-ubuntu22_x86_64-7.3.2-20220804-6354275  User: oesteban  Machine: dna020  Platform: Linux  PlatformVersion: 5.14.0-427.37.1.el9_4.x86_64  CompilerName: GCC  CompilerVersion: 8.4.0
ProgramName: mris_left_right_register  ProgramArguments: mris_left_right_register -all-info  ProgramVersion: 7.3.2  TimeStamp: 2026/03/13-05:38:35-GMT  BuildTime: Aug  4 2022 06:17:15  BuildStamp: freesurfer-linux-ubuntu22_x86_64-7.3.2-20220804-6354275  User: oesteban  Machine: dna020  Platform: Linux  PlatformVersion: 5.14.0-427.37.1.el9_4.x86_64  CompilerName: GCC  CompilerVersion: 8.4.0
ProgramName: mris_place_surface  ProgramArguments: mris_place_surface -all-info  ProgramVersion: 7.3.2  TimeStamp: 2026/03/13-05:38:35-GMT  BuildTime: Aug  4 2022 06:17:15  BuildStamp: freesurfer-linux-ubuntu22_x86_64-7.3.2-20220804-6354275  User: oesteban  Machine: dna020  Platform: Linux  PlatformVersion: 5.14.0-427.37.1.el9_4.x86_64  CompilerName: GCC  CompilerVersion: 8.4.0
ProgramName: mrisp_paint  ProgramArguments: mrisp_paint -all-info  ProgramVersion: 7.3.2  TimeStamp: 2026/03/13-05:38:35-GMT  BuildTime: Aug  4 2022 06:17:15  BuildStamp: freesurfer-linux-ubuntu22_x86_64-7.3.2-20220804-6354275  User: oesteban  Machine: dna020  Platform: Linux  PlatformVersion: 5.14.0-427.37.1.el9_4.x86_64  CompilerName: GCC  CompilerVersion: 8.4.0
ProgramName: mris_register  ProgramArguments: mris_register -all-info  ProgramVersion: 7.3.2  TimeStamp: 2026/03/13-05:38:35-GMT  BuildTime: Aug  4 2022 06:17:15  BuildStamp: freesurfer-linux-ubuntu22_x86_64-7.3.2-20220804-6354275  User: oesteban  Machine: dna020  Platform: Linux  PlatformVersion: 5.14.0-427.37.1.el9_4.x86_64  CompilerName: GCC  CompilerVersion: 8.4.0
ProgramName: mris_smooth  ProgramArguments: mris_smooth -all-info  ProgramVersion: 7.3.2  TimeStamp: 2026/03/13-05:38:35-GMT  BuildTime: Aug  4 2022 06:17:15  BuildStamp: freesurfer-linux-ubuntu22_x86_64-7.3.2-20220804-6354275  User: oesteban  Machine: dna020  Platform: Linux  PlatformVersion: 5.14.0-427.37.1.el9_4.x86_64  CompilerName: GCC  CompilerVersion: 8.4.0
ProgramName: mris_sphere  ProgramArguments: mris_sphere -all-info  ProgramVersion: 7.3.2  TimeStamp: 2026/03/13-05:38:35-GMT  BuildTime: Aug  4 2022 06:17:15  BuildStamp: freesurfer-linux-ubuntu22_x86_64-7.3.2-20220804-6354275  User: oesteban  Machine: dna020  Platform: Linux  PlatformVersion: 5.14.0-427.37.1.el9_4.x86_64  CompilerName: GCC  CompilerVersion: 8.4.0
ProgramName: mris_surface_stats  ProgramArguments: mris_surface_stats -all-info  ProgramVersion: 7.3.2  TimeStamp: 2026/03/13-05:38:35-GMT  BuildTime: Aug  4 2022 06:17:15  BuildStamp: freesurfer-linux-ubuntu22_x86_64-7.3.2-20220804-6354275  User: oesteban  Machine: dna020  Platform: Linux  PlatformVersion: 5.14.0-427.37.1.el9_4.x86_64  CompilerName: GCC  CompilerVersion: 8.4.0
ProgramName: mri_stats2seg  ProgramArguments: mri_stats2seg -all-info  ProgramVersion: 7.3.2  TimeStamp: 2026/03/13-05:38:35-GMT  BuildTime: Aug  4 2022 06:17:15  BuildStamp: freesurfer-linux-ubuntu22_x86_64-7.3.2-20220804-6354275  User: oesteban  Machine: dna020  Platform: Linux  PlatformVersion: 5.14.0-427.37.1.el9_4.x86_64  CompilerName: GCC  CompilerVersion: 8.4.0
ProgramName: mris_thickness  ProgramArguments: mris_thickness -all-info  ProgramVersion: 7.3.2  TimeStamp: 2026/03/13-05:38:35-GMT  BuildTime: Aug  4 2022 06:17:15  BuildStamp: freesurfer-linux-ubuntu22_x86_64-7.3.2-20220804-6354275  User: oesteban  Machine: dna020  Platform: Linux  PlatformVersion: 5.14.0-427.37.1.el9_4.x86_64  CompilerName: GCC  CompilerVersion: 8.4.0
ProgramName: mris_thickness_diff  ProgramArguments: mris_thickness_diff -all-info  ProgramVersion: 7.3.2  TimeStamp: 2026/03/13-05:38:35-GMT  BuildTime: Aug  4 2022 06:17:15  BuildStamp: freesurfer-linux-ubuntu22_x86_64-7.3.2-20220804-6354275  User: oesteban  Machine: dna020  Platform: Linux  PlatformVersion: 5.14.0-427.37.1.el9_4.x86_64  CompilerName: GCC  CompilerVersion: 8.4.0
ProgramName: mris_topo_fixer  ProgramArguments: mris_topo_fixer -all-info  ProgramVersion: 7.3.2  TimeStamp: 2026/03/13-05:38:35-GMT  BuildTime: Aug  4 2022 06:17:15  BuildStamp: freesurfer-linux-ubuntu22_x86_64-7.3.2-20220804-6354275  User: oesteban  Machine: dna020  Platform: Linux  PlatformVersion: 5.14.0-427.37.1.el9_4.x86_64  CompilerName: GCC  CompilerVersion: 8.4.0
ProgramName: mri_surf2surf  ProgramArguments: mri_surf2surf -all-info  ProgramVersion: 7.3.2  TimeStamp: 2026/03/13-05:38:35-GMT  BuildTime: Aug  4 2022 06:17:15  BuildStamp: freesurfer-linux-ubuntu22_x86_64-7.3.2-20220804-6354275  User: oesteban  Machine: dna020  Platform: Linux  PlatformVersion: 5.14.0-427.37.1.el9_4.x86_64  CompilerName: GCC  CompilerVersion: 8.4.0
ProgramName: mri_surf2vol  ProgramArguments: mri_surf2vol -all-info  ProgramVersion: 7.3.2  TimeStamp: 2026/03/13-05:38:35-GMT  BuildTime: Aug  4 2022 06:17:15  BuildStamp: freesurfer-linux-ubuntu22_x86_64-7.3.2-20220804-6354275  User: oesteban  Machine: dna020  Platform: Linux  PlatformVersion: 5.14.0-427.37.1.el9_4.x86_64  CompilerName: GCC  CompilerVersion: 8.4.0
ProgramName: mri_surfcluster  ProgramArguments: mri_surfcluster -all-info  ProgramVersion: 7.3.2  TimeStamp: 2026/03/13-05:38:35-GMT  BuildTime: Aug  4 2022 06:17:15  BuildStamp: freesurfer-linux-ubuntu22_x86_64-7.3.2-20220804-6354275  User: oesteban  Machine: dna020  Platform: Linux  PlatformVersion: 5.14.0-427.37.1.el9_4.x86_64  CompilerName: GCC  CompilerVersion: 8.4.0
ProgramName: mris_volmask  ProgramArguments: mris_volmask -all-info  ProgramVersion: 7.3.2  TimeStamp: 2026/03/13-05:38:35-GMT  BuildTime: Aug  4 2022 06:17:15  BuildStamp: freesurfer-linux-ubuntu22_x86_64-7.3.2-20220804-6354275  User: oesteban  Machine: dna020  Platform: Linux  PlatformVersion: 5.14.0-427.37.1.el9_4.x86_64  CompilerName: GCC  CompilerVersion: 8.4.0
ProgramName: mri_tessellate  ProgramArguments: mri_tessellate -all-info  ProgramVersion: 7.3.2  TimeStamp: 2026/03/13-05:38:35-GMT  BuildTime: Aug  4 2022 06:17:15  BuildStamp: freesurfer-linux-ubuntu22_x86_64-7.3.2-20220804-6354275  User: oesteban  Machine: dna020  Platform: Linux  PlatformVersion: 5.14.0-427.37.1.el9_4.x86_64  CompilerName: GCC  CompilerVersion: 8.4.0
ProgramName: mri_vol2surf  ProgramArguments: mri_vol2surf -all-info  ProgramVersion: 7.3.2  TimeStamp: 2026/03/13-05:38:35-GMT  BuildTime: Aug  4 2022 06:17:15  BuildStamp: freesurfer-linux-ubuntu22_x86_64-7.3.2-20220804-6354275  User: oesteban  Machine: dna020  Platform: Linux  PlatformVersion: 5.14.0-427.37.1.el9_4.x86_64  CompilerName: GCC  CompilerVersion: 8.4.0
ProgramName: mri_vol2vol  ProgramArguments: mri_vol2vol -all-info  ProgramVersion: 7.3.2  TimeStamp: 2026/03/13-05:38:35-GMT  BuildTime: Aug  4 2022 06:17:15  BuildStamp: freesurfer-linux-ubuntu22_x86_64-7.3.2-20220804-6354275  User: oesteban  Machine: dna020  Platform: Linux  PlatformVersion: 5.14.0-427.37.1.el9_4.x86_64  CompilerName: GCC  CompilerVersion: 8.4.0
ProgramName: mri_voldiff  ProgramArguments: mri_voldiff -all-info  ProgramVersion: 7.3.2  TimeStamp: 2026/03/13-05:38:35-GMT  BuildTime: Aug  4 2022 06:17:15  BuildStamp: freesurfer-linux-ubuntu22_x86_64-7.3.2-20220804-6354275  User: oesteban  Machine: dna020  Platform: Linux  PlatformVersion: 5.14.0-427.37.1.el9_4.x86_64  CompilerName: GCC  CompilerVersion: 8.4.0
ProgramName: mri_watershed  ProgramArguments: mri_watershed -all-info  ProgramVersion: 7.3.2  TimeStamp: 2026/03/13-05:38:35-GMT  BuildTime: Aug  4 2022 06:17:15  BuildStamp: freesurfer-linux-ubuntu22_x86_64-7.3.2-20220804-6354275  User: oesteban  Machine: dna020  Platform: Linux  PlatformVersion: 5.14.0-427.37.1.el9_4.x86_64  CompilerName: GCC  CompilerVersion: 8.4.0
ProgramName: tkregister2  ProgramArguments: tkregister2_cmdl -all-info  ProgramVersion: 7.3.2  TimeStamp: 2026/03/13-05:38:35-GMT  BuildTime: Aug  4 2022 06:17:15  BuildStamp: freesurfer-linux-ubuntu22_x86_64-7.3.2-20220804-6354275  User: oesteban  Machine: dna020  Platform: Linux  PlatformVersion: 5.14.0-427.37.1.el9_4.x86_64  CompilerName: GCC  CompilerVersion: 8.4.0
mri_motion_correct.fsl 7.3.2
mri_convert -all-info 
ProgramName: mri_convert  ProgramArguments: mri_convert -all-info  ProgramVersion: 7.3.2  TimeStamp: 2026/03/13-05:38:35-GMT  BuildTime: Aug  4 2022 06:17:15  BuildStamp: freesurfer-linux-ubuntu22_x86_64-7.3.2-20220804-6354275  User: oesteban  Machine: dna020  Platform: Linux  PlatformVersion: 5.14.0-427.37.1.el9_4.x86_64  CompilerName: GCC  CompilerVersion: 8.4.0
Program nu_correct, built from:
Package MNI N3, version 1.12.0, compiled by nicks@terrier (x86_64-unknown-linux-gnu) on 2015-06-19 at 01:25:34
#######################################
GCADIR /opt/freesurfer/average
GCA RB_all_2020-01-02.gca
GCASkull RB_all_withskull_2020_01_02.gca
AvgCurvTif folding.atlas.acfb40.noaparc.i12.2016-08-02.tif
GCSDIR /opt/freesurfer/average
GCS DKaparc.atlas.acfb40.noaparc.i12.2016-08-02.gcs
#######################################
#@# white curv lh Fri Mar 13 06:38:35 CET 2026
cd /out/sourcedata/freesurfer/sub-v2s4x29595_ses-1/mri
mris_place_surface --curv-map ../surf/lh.white 2 10 ../surf/lh.curv
   Update not needed
#@# white area lh Fri Mar 13 06:38:35 CET 2026
cd /out/sourcedata/freesurfer/sub-v2s4x29595_ses-1/mri
mris_place_surface --area-map ../surf/lh.white ../surf/lh.area
   Update not needed
#@# pial curv lh Fri Mar 13 06:38:35 CET 2026
cd /out/sourcedata/freesurfer/sub-v2s4x29595_ses-1/mri
mris_place_surface --curv-map ../surf/lh.pial 2 10 ../surf/lh.curv.pial
   Update not needed
#@# pial area lh Fri Mar 13 06:38:35 CET 2026
cd /out/sourcedata/freesurfer/sub-v2s4x29595_ses-1/mri
mris_place_surface --area-map ../surf/lh.pial ../surf/lh.area.pial
   Update not needed
#@# thickness lh Fri Mar 13 06:38:36 CET 2026
cd /out/sourcedata/freesurfer/sub-v2s4x29595_ses-1/mri
mris_place_surface --thickness ../surf/lh.white ../surf/lh.pial 20 5 ../surf/lh.thickness
   Update not needed
#@# area and vertex vol lh Fri Mar 13 06:38:36 CET 2026
cd /out/sourcedata/freesurfer/sub-v2s4x29595_ses-1/mri
mris_place_surface --thickness ../surf/lh.white ../surf/lh.pial 20 5 ../surf/lh.thickness
   Update not needed
#@# white curv rh Fri Mar 13 06:38:36 CET 2026
cd /out/sourcedata/freesurfer/sub-v2s4x29595_ses-1/mri
mris_place_surface --curv-map ../surf/rh.white 2 10 ../surf/rh.curv
   Update not needed
#@# white area rh Fri Mar 13 06:38:36 CET 2026
cd /out/sourcedata/freesurfer/sub-v2s4x29595_ses-1/mri
mris_place_surface --area-map ../surf/rh.white ../surf/rh.area
   Update not needed
#@# pial curv rh Fri Mar 13 06:38:36 CET 2026
cd /out/sourcedata/freesurfer/sub-v2s4x29595_ses-1/mri
mris_place_surface --curv-map ../surf/rh.pial 2 10 ../surf/rh.curv.pial
   Update not needed
#@# pial area rh Fri Mar 13 06:38:36 CET 2026
cd /out/sourcedata/freesurfer/sub-v2s4x29595_ses-1/mri
mris_place_surface --area-map ../surf/rh.pial ../surf/rh.area.pial
   Update not needed
#@# thickness rh Fri Mar 13 06:38:36 CET 2026
cd /out/sourcedata/freesurfer/sub-v2s4x29595_ses-1/mri
mris_place_surface --thickness ../surf/rh.white ../surf/rh.pial 20 5 ../surf/rh.thickness
   Update not needed
#@# area and vertex vol rh Fri Mar 13 06:38:36 CET 2026
cd /out/sourcedata/freesurfer/sub-v2s4x29595_ses-1/mri
mris_place_surface --thickness ../surf/rh.white ../surf/rh.pial 20 5 ../surf/rh.thickness
   Update not needed
#--------------------------------------------
#@# Cortical ribbon mask Fri Mar 13 06:38:36 CET 2026
/out/sourcedata/freesurfer/sub-v2s4x29595_ses-1/mri

 mris_volmask --aseg_name aseg.presurf --label_left_white 2 --label_left_ribbon 3 --label_right_white 41 --label_right_ribbon 42 --save_ribbon sub-v2s4x29595_ses-1 

SUBJECTS_DIR is /out/sourcedata/freesurfer
loading input data...
Running hemis serially
Processing left hemi
computing distance to left white surface 
computing distance to left pial surface 
Processing right hemi
computing distance to right white surface 
computing distance to right pial surface 
 hemi masks overlap voxels = 25
writing volume /out/sourcedata/freesurfer/sub-v2s4x29595_ses-1/mri/ribbon.mgz
mris_volmask took 5.02 minutes
 writing ribbon files

Started at Fri Mar 13 06:38:35 CET 2026 
Ended   at Fri Mar 13 06:43:37 CET 2026
#@#%# recon-all-run-time-hours 0.084
recon-all -s sub-v2s4x29595_ses-1 finished without error at Fri Mar 13 06:43:37 CET 2026



#New# invocation of recon-all 




Fri Mar 13 06:50:13 CET 2026
cd /out/sourcedata/freesurfer/sub-v2s4x29595_ses-1
setenv SUBJECTS_DIR /out/sourcedata/freesurfer
/opt/freesurfer/bin/recon-all -autorecon3 -openmp 16 -subjid sub-v2s4x29595_ses-1 -sd /out/sourcedata/freesurfer -nosphere -nosurfreg -nojacobian_white -noavgcurv -nocortparc -nopial -noparcstats -nocortparc2 -noparcstats2 -nocortparc3 -noparcstats3 -nopctsurfcon -nocortribbon -nobalabels

subjid sub-v2s4x29595_ses-1
setenv SUBJECTS_DIR /out/sourcedata/freesurfer
FREESURFER_HOME /opt/freesurfer
Actual FREESURFER_HOME /opt/freesurfer
build-stamp.txt: freesurfer-linux-ubuntu22_x86_64-7.3.2-20220804-6354275
Linux dna020 5.14.0-427.37.1.el9_4.x86_64 #1 SMP PREEMPT_DYNAMIC Fri Sep 13 12:41:50 EDT 2024 x86_64 x86_64 x86_64 GNU/Linux
cputime      unlimited
filesize     unlimited
datasize     unlimited
stacksize    8192 kbytes
coredumpsize 0 kbytes
memoryuse    67108864 kbytes
vmemoryuse   unlimited
descriptors  1024 
memorylocked unlimited
maxproc      2061970 
maxlocks     unlimited
maxsignal    2061970 
maxmessage   819200 
maxnice      0 
maxrtprio    0 
maxrttime    unlimited

               total        used        free      shared  buff/cache   available
Mem:           503Gi        53Gi       312Gi        36Gi       137Gi       410Gi
Swap:             0B          0B          0B

########################################
program versions used
7.3.2 (freesurfer-linux-ubuntu22_x86_64-7.3.2-20220804-6354275)
7.3.2

ProgramName: lta_convert  ProgramArguments: lta_convert -all-info  ProgramVersion: 7.3.2  TimeStamp: 2026/03/13-05:50:13-GMT  BuildTime: Aug  4 2022 06:17:15  BuildStamp: freesurfer-linux-ubuntu22_x86_64-7.3.2-20220804-6354275  User: oesteban  Machine: dna020  Platform: Linux  PlatformVersion: 5.14.0-427.37.1.el9_4.x86_64  CompilerName: GCC  CompilerVersion: 8.4.0
ProgramName: mri_and  ProgramArguments: mri_and -all-info  ProgramVersion: 7.3.2  TimeStamp: 2026/03/13-05:50:13-GMT  BuildTime: Aug  4 2022 06:17:15  BuildStamp: freesurfer-linux-ubuntu22_x86_64-7.3.2-20220804-6354275  User: oesteban  Machine: dna020  Platform: Linux  PlatformVersion: 5.14.0-427.37.1.el9_4.x86_64  CompilerName: GCC  CompilerVersion: 8.4.0
ProgramName: mri_annotation2label  ProgramArguments: mri_annotation2label -all-info  ProgramVersion: 7.3.2  TimeStamp: 2026/03/13-05:50:13-GMT  BuildTime: Aug  4 2022 06:17:15  BuildStamp: freesurfer-linux-ubuntu22_x86_64-7.3.2-20220804-6354275  User: oesteban  Machine: dna020  Platform: Linux  PlatformVersion: 5.14.0-427.37.1.el9_4.x86_64  CompilerName: GCC  CompilerVersion: 8.4.0
ProgramName: mri_aparc2aseg  ProgramArguments: mri_aparc2aseg -all-info  ProgramVersion: 7.3.2  TimeStamp: 2026/03/13-05:50:13-GMT  BuildTime: Aug  4 2022 06:17:15  BuildStamp: freesurfer-linux-ubuntu22_x86_64-7.3.2-20220804-6354275  User: oesteban  Machine: dna020  Platform: Linux  PlatformVersion: 5.14.0-427.37.1.el9_4.x86_64  CompilerName: GCC  CompilerVersion: 8.4.0
ProgramName: mri_surf2volseg  ProgramArguments: mri_surf2volseg -all-info  ProgramVersion: 7.3.2  TimeStamp: 2026/03/13-05:50:13-GMT  BuildTime: Aug  4 2022 06:17:15  BuildStamp: freesurfer-linux-ubuntu22_x86_64-7.3.2-20220804-6354275  User: oesteban  Machine: dna020  Platform: Linux  PlatformVersion: 5.14.0-427.37.1.el9_4.x86_64  CompilerName: GCC  CompilerVersion: 8.4.0
ProgramName: mri_binarize  ProgramArguments: mri_binarize -all-info  ProgramVersion: 7.3.2  TimeStamp: 2026/03/13-05:50:13-GMT  BuildTime: Aug  4 2022 06:17:15  BuildStamp: freesurfer-linux-ubuntu22_x86_64-7.3.2-20220804-6354275  User: oesteban  Machine: dna020  Platform: Linux  PlatformVersion: 5.14.0-427.37.1.el9_4.x86_64  CompilerName: GCC  CompilerVersion: 8.4.0
ProgramName: mri_ca_label  ProgramArguments: mri_ca_label -all-info  ProgramVersion: 7.3.2  TimeStamp: 2026/03/13-05:50:13-GMT  BuildTime: Aug  4 2022 06:17:15  BuildStamp: freesurfer-linux-ubuntu22_x86_64-7.3.2-20220804-6354275  User: oesteban  Machine: dna020  Platform: Linux  PlatformVersion: 5.14.0-427.37.1.el9_4.x86_64  CompilerName: GCC  CompilerVersion: 8.4.0
ProgramName: mri_ca_normalize  ProgramArguments: mri_ca_normalize -all-info  ProgramVersion: 7.3.2  TimeStamp: 2026/03/13-05:50:13-GMT  BuildTime: Aug  4 2022 06:17:15  BuildStamp: freesurfer-linux-ubuntu22_x86_64-7.3.2-20220804-6354275  User: oesteban  Machine: dna020  Platform: Linux  PlatformVersion: 5.14.0-427.37.1.el9_4.x86_64  CompilerName: GCC  CompilerVersion: 8.4.0
ProgramName: mri_ca_register  ProgramArguments: mri_ca_register -all-info  ProgramVersion: 7.3.2  TimeStamp: 2026/03/13-05:50:13-GMT  BuildTime: Aug  4 2022 06:17:15  BuildStamp: freesurfer-linux-ubuntu22_x86_64-7.3.2-20220804-6354275  User: oesteban  Machine: dna020  Platform: Linux  PlatformVersion: 5.14.0-427.37.1.el9_4.x86_64  CompilerName: GCC  CompilerVersion: 8.4.0
ProgramName: mri_cc  ProgramArguments: mri_cc -all-info  ProgramVersion: 7.3.2  TimeStamp: 2026/03/13-05:50:13-GMT  BuildTime: Aug  4 2022 06:17:15  BuildStamp: freesurfer-linux-ubuntu22_x86_64-7.3.2-20220804-6354275  User: oesteban  Machine: dna020  Platform: Linux  PlatformVersion: 5.14.0-427.37.1.el9_4.x86_64  CompilerName: GCC  CompilerVersion: 8.4.0
ProgramName: mri_compute_overlap  ProgramArguments: mri_compute_overlap -all-info  ProgramVersion: 7.3.2  TimeStamp: 2026/03/13-05:50:13-GMT  BuildTime: Aug  4 2022 06:17:15  BuildStamp: freesurfer-linux-ubuntu22_x86_64-7.3.2-20220804-6354275  User: oesteban  Machine: dna020  Platform: Linux  PlatformVersion: 5.14.0-427.37.1.el9_4.x86_64  CompilerName: GCC  CompilerVersion: 8.4.0
ProgramName: mri_compute_seg_overlap  ProgramArguments: mri_compute_seg_overlap -all-info  ProgramVersion: 7.3.2  TimeStamp: 2026/03/13-05:50:13-GMT  BuildTime: Aug  4 2022 06:17:15  BuildStamp: freesurfer-linux-ubuntu22_x86_64-7.3.2-20220804-6354275  User: oesteban  Machine: dna020  Platform: Linux  PlatformVersion: 5.14.0-427.37.1.el9_4.x86_64  CompilerName: GCC  CompilerVersion: 8.4.0
ProgramName: mri_concat  ProgramArguments: mri_concat -all-info  ProgramVersion: 7.3.2  TimeStamp: 2026/03/13-05:50:13-GMT  BuildTime: Aug  4 2022 06:17:15  BuildStamp: freesurfer-linux-ubuntu22_x86_64-7.3.2-20220804-6354275  User: oesteban  Machine: dna020  Platform: Linux  PlatformVersion: 5.14.0-427.37.1.el9_4.x86_64  CompilerName: GCC  CompilerVersion: 8.4.0
ProgramName: mri_concatenate_lta  ProgramArguments: mri_concatenate_lta -all-info  ProgramVersion: 7.3.2  TimeStamp: 2026/03/13-05:50:13-GMT  BuildTime: Aug  4 2022 06:17:15  BuildStamp: freesurfer-linux-ubuntu22_x86_64-7.3.2-20220804-6354275  User: oesteban  Machine: dna020  Platform: Linux  PlatformVersion: 5.14.0-427.37.1.el9_4.x86_64  CompilerName: GCC  CompilerVersion: 8.4.0
mri_convert -all-info 
ProgramName: mri_convert  ProgramArguments: mri_convert -all-info  ProgramVersion: 7.3.2  TimeStamp: 2026/03/13-05:50:13-GMT  BuildTime: Aug  4 2022 06:17:15  BuildStamp: freesurfer-linux-ubuntu22_x86_64-7.3.2-20220804-6354275  User: oesteban  Machine: dna020  Platform: Linux  PlatformVersion: 5.14.0-427.37.1.el9_4.x86_64  CompilerName: GCC  CompilerVersion: 8.4.0
ProgramName: mri_diff  ProgramArguments: mri_diff -all-info  ProgramVersion: 7.3.2  TimeStamp: 2026/03/13-05:50:13-GMT  BuildTime: Aug  4 2022 06:17:15  BuildStamp: freesurfer-linux-ubuntu22_x86_64-7.3.2-20220804-6354275  User: oesteban  Machine: dna020  Platform: Linux  PlatformVersion: 5.14.0-427.37.1.el9_4.x86_64  CompilerName: GCC  CompilerVersion: 8.4.0
ProgramName: mri_edit_wm_with_aseg  ProgramArguments: mri_edit_wm_with_aseg -all-info  ProgramVersion: 7.3.2  TimeStamp: 2026/03/13-05:50:13-GMT  BuildTime: Aug  4 2022 06:17:15  BuildStamp: freesurfer-linux-ubuntu22_x86_64-7.3.2-20220804-6354275  User: oesteban  Machine: dna020  Platform: Linux  PlatformVersion: 5.14.0-427.37.1.el9_4.x86_64  CompilerName: GCC  CompilerVersion: 8.4.0
ProgramName: mri_em_register  ProgramArguments: mri_em_register -all-info  ProgramVersion: 7.3.2  TimeStamp: 2026/03/13-05:50:13-GMT  BuildTime: Aug  4 2022 06:17:15  BuildStamp: freesurfer-linux-ubuntu22_x86_64-7.3.2-20220804-6354275  User: oesteban  Machine: dna020  Platform: Linux  PlatformVersion: 5.14.0-427.37.1.el9_4.x86_64  CompilerName: GCC  CompilerVersion: 8.4.0
ProgramName: mri_fill  ProgramArguments: mri_fill -all-info  ProgramVersion: 7.3.2  TimeStamp: 2026/03/13-05:50:13-GMT  BuildTime: Aug  4 2022 06:17:15  BuildStamp: freesurfer-linux-ubuntu22_x86_64-7.3.2-20220804-6354275  User: oesteban  Machine: dna020  Platform: Linux  PlatformVersion: 5.14.0-427.37.1.el9_4.x86_64  CompilerName: GCC  CompilerVersion: 8.4.0
ProgramName: mri_fuse_segmentations  ProgramArguments: mri_fuse_segmentations -all-info  ProgramVersion: 7.3.2  TimeStamp: 2026/03/13-05:50:13-GMT  BuildTime: Aug  4 2022 06:17:15  BuildStamp: freesurfer-linux-ubuntu22_x86_64-7.3.2-20220804-6354275  User: oesteban  Machine: dna020  Platform: Linux  PlatformVersion: 5.14.0-427.37.1.el9_4.x86_64  CompilerName: GCC  CompilerVersion: 8.4.0
ProgramName: mri_fwhm  ProgramArguments: mri_fwhm -all-info  ProgramVersion: 7.3.2  TimeStamp: 2026/03/13-05:50:13-GMT  BuildTime: Aug  4 2022 06:17:15  BuildStamp: freesurfer-linux-ubuntu22_x86_64-7.3.2-20220804-6354275  User: oesteban  Machine: dna020  Platform: Linux  PlatformVersion: 5.14.0-427.37.1.el9_4.x86_64  CompilerName: GCC  CompilerVersion: 8.4.0
ProgramName: mri_gcut  ProgramArguments: mri_gcut -all-info  ProgramVersion: 7.3.2  TimeStamp: 2026/03/13-05:50:13-GMT  BuildTime: Aug  4 2022 06:17:15  BuildStamp: freesurfer-linux-ubuntu22_x86_64-7.3.2-20220804-6354275  User: oesteban  Machine: dna020  Platform: Linux  PlatformVersion: 5.14.0-427.37.1.el9_4.x86_64  CompilerName: GCC  CompilerVersion: 8.4.0
ProgramName: mri_info  ProgramArguments: mri_info -all-info  ProgramVersion: 7.3.2  TimeStamp: 2026/03/13-05:50:13-GMT  BuildTime: Aug  4 2022 06:17:15  BuildStamp: freesurfer-linux-ubuntu22_x86_64-7.3.2-20220804-6354275  User: oesteban  Machine: dna020  Platform: Linux  PlatformVersion: 5.14.0-427.37.1.el9_4.x86_64  CompilerName: GCC  CompilerVersion: 8.4.0
ProgramName: mri_label2label  ProgramArguments: mri_label2label -all-info  ProgramVersion: 7.3.2  TimeStamp: 2026/03/13-05:50:13-GMT  BuildTime: Aug  4 2022 06:17:15  BuildStamp: freesurfer-linux-ubuntu22_x86_64-7.3.2-20220804-6354275  User: oesteban  Machine: dna020  Platform: Linux  PlatformVersion: 5.14.0-427.37.1.el9_4.x86_64  CompilerName: GCC  CompilerVersion: 8.4.0
ProgramName: mri_label2vol  ProgramArguments: mri_label2vol -all-info  ProgramVersion: 7.3.2  TimeStamp: 2026/03/13-05:50:13-GMT  BuildTime: Aug  4 2022 06:17:15  BuildStamp: freesurfer-linux-ubuntu22_x86_64-7.3.2-20220804-6354275  User: oesteban  Machine: dna020  Platform: Linux  PlatformVersion: 5.14.0-427.37.1.el9_4.x86_64  CompilerName: GCC  CompilerVersion: 8.4.0
ProgramName: mri_log_likelihood  ProgramArguments: mri_log_likelihood -all-info  ProgramVersion: 7.3.2  TimeStamp: 2026/03/13-05:50:13-GMT  BuildTime: Aug  4 2022 06:17:15  BuildStamp: freesurfer-linux-ubuntu22_x86_64-7.3.2-20220804-6354275  User: oesteban  Machine: dna020  Platform: Linux  PlatformVersion: 5.14.0-427.37.1.el9_4.x86_64  CompilerName: GCC  CompilerVersion: 8.4.0
ProgramName: mri_mask  ProgramArguments: mri_mask -all-info  ProgramVersion: 7.3.2  TimeStamp: 2026/03/13-05:50:13-GMT  BuildTime: Aug  4 2022 06:17:15  BuildStamp: freesurfer-linux-ubuntu22_x86_64-7.3.2-20220804-6354275  User: oesteban  Machine: dna020  Platform: Linux  PlatformVersion: 5.14.0-427.37.1.el9_4.x86_64  CompilerName: GCC  CompilerVersion: 8.4.0
ProgramName: mri_matrix_multiply  ProgramArguments: mri_matrix_multiply -all-info  ProgramVersion: 7.3.2  TimeStamp: 2026/03/13-05:50:13-GMT  BuildTime: Aug  4 2022 06:17:15  BuildStamp: freesurfer-linux-ubuntu22_x86_64-7.3.2-20220804-6354275  User: oesteban  Machine: dna020  Platform: Linux  PlatformVersion: 5.14.0-427.37.1.el9_4.x86_64  CompilerName: GCC  CompilerVersion: 8.4.0
ProgramName: mri_normalize  ProgramArguments: mri_normalize -all-info  ProgramVersion: 7.3.2  TimeStamp: 2026/03/13-05:50:13-GMT  BuildTime: Aug  4 2022 06:17:15  BuildStamp: freesurfer-linux-ubuntu22_x86_64-7.3.2-20220804-6354275  User: oesteban  Machine: dna020  Platform: Linux  PlatformVersion: 5.14.0-427.37.1.el9_4.x86_64  CompilerName: GCC  CompilerVersion: 8.4.0
ProgramName: mri_normalize_tp2  ProgramArguments: mri_normalize_tp2 -all-info  ProgramVersion: 7.3.2  TimeStamp: 2026/03/13-05:50:13-GMT  BuildTime: Aug  4 2022 06:17:15  BuildStamp: freesurfer-linux-ubuntu22_x86_64-7.3.2-20220804-6354275  User: oesteban  Machine: dna020  Platform: Linux  PlatformVersion: 5.14.0-427.37.1.el9_4.x86_64  CompilerName: GCC  CompilerVersion: 8.4.0
ProgramName: mri_or  ProgramArguments: mri_or -all-info  ProgramVersion: 7.3.2  TimeStamp: 2026/03/13-05:50:13-GMT  BuildTime: Aug  4 2022 06:17:15  BuildStamp: freesurfer-linux-ubuntu22_x86_64-7.3.2-20220804-6354275  User: oesteban  Machine: dna020  Platform: Linux  PlatformVersion: 5.14.0-427.37.1.el9_4.x86_64  CompilerName: GCC  CompilerVersion: 8.4.0
ProgramName: mri_relabel_hypointensities  ProgramArguments: mri_relabel_hypointensities -all-info  ProgramVersion: 7.3.2  TimeStamp: 2026/03/13-05:50:13-GMT  BuildTime: Aug  4 2022 06:17:15  BuildStamp: freesurfer-linux-ubuntu22_x86_64-7.3.2-20220804-6354275  User: oesteban  Machine: dna020  Platform: Linux  PlatformVersion: 5.14.0-427.37.1.el9_4.x86_64  CompilerName: GCC  CompilerVersion: 8.4.0
ProgramName: mri_relabel_nonwm_hypos  ProgramArguments: mri_relabel_nonwm_hypos -all-info  ProgramVersion: 7.3.2  TimeStamp: 2026/03/13-05:50:13-GMT  BuildTime: Aug  4 2022 06:17:15  BuildStamp: freesurfer-linux-ubuntu22_x86_64-7.3.2-20220804-6354275  User: oesteban  Machine: dna020  Platform: Linux  PlatformVersion: 5.14.0-427.37.1.el9_4.x86_64  CompilerName: GCC  CompilerVersion: 8.4.0
ProgramName: mri_remove_neck  ProgramArguments: mri_remove_neck -all-info  ProgramVersion: 7.3.2  TimeStamp: 2026/03/13-05:50:13-GMT  BuildTime: Aug  4 2022 06:17:15  BuildStamp: freesurfer-linux-ubuntu22_x86_64-7.3.2-20220804-6354275  User: oesteban  Machine: dna020  Platform: Linux  PlatformVersion: 5.14.0-427.37.1.el9_4.x86_64  CompilerName: GCC  CompilerVersion: 8.4.0
7.3.2

ProgramName: mri_robust_register  ProgramArguments: mri_robust_register -all-info  ProgramVersion: 7.3.2  TimeStamp: 2026/03/13-05:50:13-GMT  BuildTime: Aug  4 2022 06:17:15  BuildStamp: freesurfer-linux-ubuntu22_x86_64-7.3.2-20220804-6354275  User: oesteban  Machine: dna020  Platform: Linux  PlatformVersion: 5.14.0-427.37.1.el9_4.x86_64  CompilerName: GCC  CompilerVersion: 8.4.0
7.3.2

ProgramName: mri_robust_template  ProgramArguments: mri_robust_template -all-info  ProgramVersion: 7.3.2  TimeStamp: 2026/03/13-05:50:13-GMT  BuildTime: Aug  4 2022 06:17:15  BuildStamp: freesurfer-linux-ubuntu22_x86_64-7.3.2-20220804-6354275  User: oesteban  Machine: dna020  Platform: Linux  PlatformVersion: 5.14.0-427.37.1.el9_4.x86_64  CompilerName: GCC  CompilerVersion: 8.4.0
ProgramName: mris_anatomical_stats  ProgramArguments: mris_anatomical_stats -all-info  ProgramVersion: 7.3.2  TimeStamp: 2026/03/13-05:50:13-GMT  BuildTime: Aug  4 2022 06:17:15  BuildStamp: freesurfer-linux-ubuntu22_x86_64-7.3.2-20220804-6354275  User: oesteban  Machine: dna020  Platform: Linux  PlatformVersion: 5.14.0-427.37.1.el9_4.x86_64  CompilerName: GCC  CompilerVersion: 8.4.0
ProgramName: mris_ca_label  ProgramArguments: mris_ca_label -all-info  ProgramVersion: 7.3.2  TimeStamp: 2026/03/13-05:50:13-GMT  BuildTime: Aug  4 2022 06:17:15  BuildStamp: freesurfer-linux-ubuntu22_x86_64-7.3.2-20220804-6354275  User: oesteban  Machine: dna020  Platform: Linux  PlatformVersion: 5.14.0-427.37.1.el9_4.x86_64  CompilerName: GCC  CompilerVersion: 8.4.0
ProgramName: mris_calc  ProgramArguments: mris_calc -all-info  ProgramVersion: 7.3.2  TimeStamp: 2026/03/13-05:50:13-GMT  BuildTime: Aug  4 2022 06:17:15  BuildStamp: freesurfer-linux-ubuntu22_x86_64-7.3.2-20220804-6354275  User: oesteban  Machine: dna020  Platform: Linux  PlatformVersion: 5.14.0-427.37.1.el9_4.x86_64  CompilerName: GCC  CompilerVersion: 8.4.0
ProgramName: mris_convert  ProgramArguments: mris_convert -all-info  ProgramVersion: 7.3.2  TimeStamp: 2026/03/13-05:50:13-GMT  BuildTime: Aug  4 2022 06:17:15  BuildStamp: freesurfer-linux-ubuntu22_x86_64-7.3.2-20220804-6354275  User: oesteban  Machine: dna020  Platform: Linux  PlatformVersion: 5.14.0-427.37.1.el9_4.x86_64  CompilerName: GCC  CompilerVersion: 8.4.0
ProgramName: mris_curvature  ProgramArguments: mris_curvature -all-info  ProgramVersion: 7.3.2  TimeStamp: 2026/03/13-05:50:13-GMT  BuildTime: Aug  4 2022 06:17:15  BuildStamp: freesurfer-linux-ubuntu22_x86_64-7.3.2-20220804-6354275  User: oesteban  Machine: dna020  Platform: Linux  PlatformVersion: 5.14.0-427.37.1.el9_4.x86_64  CompilerName: GCC  CompilerVersion: 8.4.0
ProgramName: mris_curvature_stats  ProgramArguments: mris_curvature_stats -all-info  ProgramVersion: 7.3.2  TimeStamp: 2026/03/13-05:50:13-GMT  BuildTime: Aug  4 2022 06:17:15  BuildStamp: freesurfer-linux-ubuntu22_x86_64-7.3.2-20220804-6354275  User: oesteban  Machine: dna020  Platform: Linux  PlatformVersion: 5.14.0-427.37.1.el9_4.x86_64  CompilerName: GCC  CompilerVersion: 8.4.0
ProgramName: mris_diff  ProgramArguments: mris_diff -all-info  ProgramVersion: 7.3.2  TimeStamp: 2026/03/13-05:50:13-GMT  BuildTime: Aug  4 2022 06:17:15  BuildStamp: freesurfer-linux-ubuntu22_x86_64-7.3.2-20220804-6354275  User: oesteban  Machine: dna020  Platform: Linux  PlatformVersion: 5.14.0-427.37.1.el9_4.x86_64  CompilerName: GCC  CompilerVersion: 8.4.0
ProgramName: mris_divide_parcellation  ProgramArguments: mris_divide_parcellation -all-info  ProgramVersion: 7.3.2  TimeStamp: 2026/03/13-05:50:13-GMT  BuildTime: Aug  4 2022 06:17:15  BuildStamp: freesurfer-linux-ubuntu22_x86_64-7.3.2-20220804-6354275  User: oesteban  Machine: dna020  Platform: Linux  PlatformVersion: 5.14.0-427.37.1.el9_4.x86_64  CompilerName: GCC  CompilerVersion: 8.4.0
ProgramName: mri_segment  ProgramArguments: mri_segment -all-info  ProgramVersion: 7.3.2  TimeStamp: 2026/03/13-05:50:13-GMT  BuildTime: Aug  4 2022 06:17:15  BuildStamp: freesurfer-linux-ubuntu22_x86_64-7.3.2-20220804-6354275  User: oesteban  Machine: dna020  Platform: Linux  PlatformVersion: 5.14.0-427.37.1.el9_4.x86_64  CompilerName: GCC  CompilerVersion: 8.4.0
ProgramName: mri_segstats  ProgramArguments: mri_segstats -all-info  ProgramVersion: 7.3.2  TimeStamp: 2026/03/13-05:50:13-GMT  BuildTime: Aug  4 2022 06:17:15  BuildStamp: freesurfer-linux-ubuntu22_x86_64-7.3.2-20220804-6354275  User: oesteban  Machine: dna020  Platform: Linux  PlatformVersion: 5.14.0-427.37.1.el9_4.x86_64  CompilerName: GCC  CompilerVersion: 8.4.0
ProgramName: mris_euler_number  ProgramArguments: mris_euler_number -all-info  ProgramVersion: 7.3.2  TimeStamp: 2026/03/13-05:50:13-GMT  BuildTime: Aug  4 2022 06:17:15  BuildStamp: freesurfer-linux-ubuntu22_x86_64-7.3.2-20220804-6354275  User: oesteban  Machine: dna020  Platform: Linux  PlatformVersion: 5.14.0-427.37.1.el9_4.x86_64  CompilerName: GCC  CompilerVersion: 8.4.0
ProgramName: mris_fix_topology  ProgramArguments: mris_fix_topology -all-info  ProgramVersion: 7.3.2  TimeStamp: 2026/03/13-05:50:13-GMT  BuildTime: Aug  4 2022 06:17:15  BuildStamp: freesurfer-linux-ubuntu22_x86_64-7.3.2-20220804-6354275  User: oesteban  Machine: dna020  Platform: Linux  PlatformVersion: 5.14.0-427.37.1.el9_4.x86_64  CompilerName: GCC  CompilerVersion: 8.4.0
ProgramName: mris_topo_fixer  ProgramArguments: mris_topo_fixer -all-info  ProgramVersion: 7.3.2  TimeStamp: 2026/03/13-05:50:13-GMT  BuildTime: Aug  4 2022 06:17:15  BuildStamp: freesurfer-linux-ubuntu22_x86_64-7.3.2-20220804-6354275  User: oesteban  Machine: dna020  Platform: Linux  PlatformVersion: 5.14.0-427.37.1.el9_4.x86_64  CompilerName: GCC  CompilerVersion: 8.4.0
ProgramName: mris_jacobian  ProgramArguments: mris_jacobian -all-info  ProgramVersion: 7.3.2  TimeStamp: 2026/03/13-05:50:13-GMT  BuildTime: Aug  4 2022 06:17:15  BuildStamp: freesurfer-linux-ubuntu22_x86_64-7.3.2-20220804-6354275  User: oesteban  Machine: dna020  Platform: Linux  PlatformVersion: 5.14.0-427.37.1.el9_4.x86_64  CompilerName: GCC  CompilerVersion: 8.4.0
ProgramName: mris_label2annot  ProgramArguments: mris_label2annot -all-info  ProgramVersion: 7.3.2  TimeStamp: 2026/03/13-05:50:13-GMT  BuildTime: Aug  4 2022 06:17:15  BuildStamp: freesurfer-linux-ubuntu22_x86_64-7.3.2-20220804-6354275  User: oesteban  Machine: dna020  Platform: Linux  PlatformVersion: 5.14.0-427.37.1.el9_4.x86_64  CompilerName: GCC  CompilerVersion: 8.4.0
ProgramName: mris_left_right_register  ProgramArguments: mris_left_right_register -all-info  ProgramVersion: 7.3.2  TimeStamp: 2026/03/13-05:50:13-GMT  BuildTime: Aug  4 2022 06:17:15  BuildStamp: freesurfer-linux-ubuntu22_x86_64-7.3.2-20220804-6354275  User: oesteban  Machine: dna020  Platform: Linux  PlatformVersion: 5.14.0-427.37.1.el9_4.x86_64  CompilerName: GCC  CompilerVersion: 8.4.0
ProgramName: mris_place_surface  ProgramArguments: mris_place_surface -all-info  ProgramVersion: 7.3.2  TimeStamp: 2026/03/13-05:50:13-GMT  BuildTime: Aug  4 2022 06:17:15  BuildStamp: freesurfer-linux-ubuntu22_x86_64-7.3.2-20220804-6354275  User: oesteban  Machine: dna020  Platform: Linux  PlatformVersion: 5.14.0-427.37.1.el9_4.x86_64  CompilerName: GCC  CompilerVersion: 8.4.0
ProgramName: mrisp_paint  ProgramArguments: mrisp_paint -all-info  ProgramVersion: 7.3.2  TimeStamp: 2026/03/13-05:50:13-GMT  BuildTime: Aug  4 2022 06:17:15  BuildStamp: freesurfer-linux-ubuntu22_x86_64-7.3.2-20220804-6354275  User: oesteban  Machine: dna020  Platform: Linux  PlatformVersion: 5.14.0-427.37.1.el9_4.x86_64  CompilerName: GCC  CompilerVersion: 8.4.0
ProgramName: mris_register  ProgramArguments: mris_register -all-info  ProgramVersion: 7.3.2  TimeStamp: 2026/03/13-05:50:13-GMT  BuildTime: Aug  4 2022 06:17:15  BuildStamp: freesurfer-linux-ubuntu22_x86_64-7.3.2-20220804-6354275  User: oesteban  Machine: dna020  Platform: Linux  PlatformVersion: 5.14.0-427.37.1.el9_4.x86_64  CompilerName: GCC  CompilerVersion: 8.4.0
ProgramName: mris_smooth  ProgramArguments: mris_smooth -all-info  ProgramVersion: 7.3.2  TimeStamp: 2026/03/13-05:50:13-GMT  BuildTime: Aug  4 2022 06:17:15  BuildStamp: freesurfer-linux-ubuntu22_x86_64-7.3.2-20220804-6354275  User: oesteban  Machine: dna020  Platform: Linux  PlatformVersion: 5.14.0-427.37.1.el9_4.x86_64  CompilerName: GCC  CompilerVersion: 8.4.0
ProgramName: mris_sphere  ProgramArguments: mris_sphere -all-info  ProgramVersion: 7.3.2  TimeStamp: 2026/03/13-05:50:13-GMT  BuildTime: Aug  4 2022 06:17:15  BuildStamp: freesurfer-linux-ubuntu22_x86_64-7.3.2-20220804-6354275  User: oesteban  Machine: dna020  Platform: Linux  PlatformVersion: 5.14.0-427.37.1.el9_4.x86_64  CompilerName: GCC  CompilerVersion: 8.4.0
ProgramName: mris_surface_stats  ProgramArguments: mris_surface_stats -all-info  ProgramVersion: 7.3.2  TimeStamp: 2026/03/13-05:50:13-GMT  BuildTime: Aug  4 2022 06:17:15  BuildStamp: freesurfer-linux-ubuntu22_x86_64-7.3.2-20220804-6354275  User: oesteban  Machine: dna020  Platform: Linux  PlatformVersion: 5.14.0-427.37.1.el9_4.x86_64  CompilerName: GCC  CompilerVersion: 8.4.0
ProgramName: mri_stats2seg  ProgramArguments: mri_stats2seg -all-info  ProgramVersion: 7.3.2  TimeStamp: 2026/03/13-05:50:13-GMT  BuildTime: Aug  4 2022 06:17:15  BuildStamp: freesurfer-linux-ubuntu22_x86_64-7.3.2-20220804-6354275  User: oesteban  Machine: dna020  Platform: Linux  PlatformVersion: 5.14.0-427.37.1.el9_4.x86_64  CompilerName: GCC  CompilerVersion: 8.4.0
ProgramName: mris_thickness  ProgramArguments: mris_thickness -all-info  ProgramVersion: 7.3.2  TimeStamp: 2026/03/13-05:50:13-GMT  BuildTime: Aug  4 2022 06:17:15  BuildStamp: freesurfer-linux-ubuntu22_x86_64-7.3.2-20220804-6354275  User: oesteban  Machine: dna020  Platform: Linux  PlatformVersion: 5.14.0-427.37.1.el9_4.x86_64  CompilerName: GCC  CompilerVersion: 8.4.0
ProgramName: mris_thickness_diff  ProgramArguments: mris_thickness_diff -all-info  ProgramVersion: 7.3.2  TimeStamp: 2026/03/13-05:50:13-GMT  BuildTime: Aug  4 2022 06:17:15  BuildStamp: freesurfer-linux-ubuntu22_x86_64-7.3.2-20220804-6354275  User: oesteban  Machine: dna020  Platform: Linux  PlatformVersion: 5.14.0-427.37.1.el9_4.x86_64  CompilerName: GCC  CompilerVersion: 8.4.0
ProgramName: mris_topo_fixer  ProgramArguments: mris_topo_fixer -all-info  ProgramVersion: 7.3.2  TimeStamp: 2026/03/13-05:50:13-GMT  BuildTime: Aug  4 2022 06:17:15  BuildStamp: freesurfer-linux-ubuntu22_x86_64-7.3.2-20220804-6354275  User: oesteban  Machine: dna020  Platform: Linux  PlatformVersion: 5.14.0-427.37.1.el9_4.x86_64  CompilerName: GCC  CompilerVersion: 8.4.0
ProgramName: mri_surf2surf  ProgramArguments: mri_surf2surf -all-info  ProgramVersion: 7.3.2  TimeStamp: 2026/03/13-05:50:13-GMT  BuildTime: Aug  4 2022 06:17:15  BuildStamp: freesurfer-linux-ubuntu22_x86_64-7.3.2-20220804-6354275  User: oesteban  Machine: dna020  Platform: Linux  PlatformVersion: 5.14.0-427.37.1.el9_4.x86_64  CompilerName: GCC  CompilerVersion: 8.4.0
ProgramName: mri_surf2vol  ProgramArguments: mri_surf2vol -all-info  ProgramVersion: 7.3.2  TimeStamp: 2026/03/13-05:50:13-GMT  BuildTime: Aug  4 2022 06:17:15  BuildStamp: freesurfer-linux-ubuntu22_x86_64-7.3.2-20220804-6354275  User: oesteban  Machine: dna020  Platform: Linux  PlatformVersion: 5.14.0-427.37.1.el9_4.x86_64  CompilerName: GCC  CompilerVersion: 8.4.0
ProgramName: mri_surfcluster  ProgramArguments: mri_surfcluster -all-info  ProgramVersion: 7.3.2  TimeStamp: 2026/03/13-05:50:13-GMT  BuildTime: Aug  4 2022 06:17:15  BuildStamp: freesurfer-linux-ubuntu22_x86_64-7.3.2-20220804-6354275  User: oesteban  Machine: dna020  Platform: Linux  PlatformVersion: 5.14.0-427.37.1.el9_4.x86_64  CompilerName: GCC  CompilerVersion: 8.4.0
ProgramName: mris_volmask  ProgramArguments: mris_volmask -all-info  ProgramVersion: 7.3.2  TimeStamp: 2026/03/13-05:50:13-GMT  BuildTime: Aug  4 2022 06:17:15  BuildStamp: freesurfer-linux-ubuntu22_x86_64-7.3.2-20220804-6354275  User: oesteban  Machine: dna020  Platform: Linux  PlatformVersion: 5.14.0-427.37.1.el9_4.x86_64  CompilerName: GCC  CompilerVersion: 8.4.0
ProgramName: mri_tessellate  ProgramArguments: mri_tessellate -all-info  ProgramVersion: 7.3.2  TimeStamp: 2026/03/13-05:50:13-GMT  BuildTime: Aug  4 2022 06:17:15  BuildStamp: freesurfer-linux-ubuntu22_x86_64-7.3.2-20220804-6354275  User: oesteban  Machine: dna020  Platform: Linux  PlatformVersion: 5.14.0-427.37.1.el9_4.x86_64  CompilerName: GCC  CompilerVersion: 8.4.0
ProgramName: mri_vol2surf  ProgramArguments: mri_vol2surf -all-info  ProgramVersion: 7.3.2  TimeStamp: 2026/03/13-05:50:13-GMT  BuildTime: Aug  4 2022 06:17:15  BuildStamp: freesurfer-linux-ubuntu22_x86_64-7.3.2-20220804-6354275  User: oesteban  Machine: dna020  Platform: Linux  PlatformVersion: 5.14.0-427.37.1.el9_4.x86_64  CompilerName: GCC  CompilerVersion: 8.4.0
ProgramName: mri_vol2vol  ProgramArguments: mri_vol2vol -all-info  ProgramVersion: 7.3.2  TimeStamp: 2026/03/13-05:50:13-GMT  BuildTime: Aug  4 2022 06:17:15  BuildStamp: freesurfer-linux-ubuntu22_x86_64-7.3.2-20220804-6354275  User: oesteban  Machine: dna020  Platform: Linux  PlatformVersion: 5.14.0-427.37.1.el9_4.x86_64  CompilerName: GCC  CompilerVersion: 8.4.0
ProgramName: mri_voldiff  ProgramArguments: mri_voldiff -all-info  ProgramVersion: 7.3.2  TimeStamp: 2026/03/13-05:50:13-GMT  BuildTime: Aug  4 2022 06:17:15  BuildStamp: freesurfer-linux-ubuntu22_x86_64-7.3.2-20220804-6354275  User: oesteban  Machine: dna020  Platform: Linux  PlatformVersion: 5.14.0-427.37.1.el9_4.x86_64  CompilerName: GCC  CompilerVersion: 8.4.0
ProgramName: mri_watershed  ProgramArguments: mri_watershed -all-info  ProgramVersion: 7.3.2  TimeStamp: 2026/03/13-05:50:13-GMT  BuildTime: Aug  4 2022 06:17:15  BuildStamp: freesurfer-linux-ubuntu22_x86_64-7.3.2-20220804-6354275  User: oesteban  Machine: dna020  Platform: Linux  PlatformVersion: 5.14.0-427.37.1.el9_4.x86_64  CompilerName: GCC  CompilerVersion: 8.4.0
ProgramName: tkregister2  ProgramArguments: tkregister2_cmdl -all-info  ProgramVersion: 7.3.2  TimeStamp: 2026/03/13-05:50:13-GMT  BuildTime: Aug  4 2022 06:17:15  BuildStamp: freesurfer-linux-ubuntu22_x86_64-7.3.2-20220804-6354275  User: oesteban  Machine: dna020  Platform: Linux  PlatformVersion: 5.14.0-427.37.1.el9_4.x86_64  CompilerName: GCC  CompilerVersion: 8.4.0
mri_motion_correct.fsl 7.3.2
mri_convert -all-info 
ProgramName: mri_convert  ProgramArguments: mri_convert -all-info  ProgramVersion: 7.3.2  TimeStamp: 2026/03/13-05:50:13-GMT  BuildTime: Aug  4 2022 06:17:15  BuildStamp: freesurfer-linux-ubuntu22_x86_64-7.3.2-20220804-6354275  User: oesteban  Machine: dna020  Platform: Linux  PlatformVersion: 5.14.0-427.37.1.el9_4.x86_64  CompilerName: GCC  CompilerVersion: 8.4.0
Program nu_correct, built from:
Package MNI N3, version 1.12.0, compiled by nicks@terrier (x86_64-unknown-linux-gnu) on 2015-06-19 at 01:25:34
#######################################
GCADIR /opt/freesurfer/average
GCA RB_all_2020-01-02.gca
GCASkull RB_all_withskull_2020_01_02.gca
AvgCurvTif folding.atlas.acfb40.noaparc.i12.2016-08-02.tif
GCSDIR /opt/freesurfer/average
GCS DKaparc.atlas.acfb40.noaparc.i12.2016-08-02.gcs
#######################################
#--------------------------------------------
#@# WhiteSurfs lh Fri Mar 13 06:50:13 CET 2026
cd /out/sourcedata/freesurfer/sub-v2s4x29595_ses-1/mri
mris_place_surface --adgws-in ../surf/autodet.gw.stats.lh.dat --seg aseg.presurf.mgz --threads 16 --wm wm.mgz --invol brain.finalsurfs.mgz --lh --i ../surf/lh.white.preaparc --o ../surf/lh.white --white --nsmooth 0 --rip-label ../label/lh.cortex.label --rip-bg --rip-surf ../surf/lh.white.preaparc --aparc ../label/lh.aparc.annot
   Update not needed
#--------------------------------------------
#@# WhiteSurfs rh Fri Mar 13 06:50:13 CET 2026
cd /out/sourcedata/freesurfer/sub-v2s4x29595_ses-1/mri
mris_place_surface --adgws-in ../surf/autodet.gw.stats.rh.dat --seg aseg.presurf.mgz --threads 16 --wm wm.mgz --invol brain.finalsurfs.mgz --rh --i ../surf/rh.white.preaparc --o ../surf/rh.white --white --nsmooth 0 --rip-label ../label/rh.cortex.label --rip-bg --rip-surf ../surf/rh.white.preaparc --aparc ../label/rh.aparc.annot
   Update not needed
#@# white curv lh Fri Mar 13 06:50:14 CET 2026
cd /out/sourcedata/freesurfer/sub-v2s4x29595_ses-1/mri
mris_place_surface --curv-map ../surf/lh.white 2 10 ../surf/lh.curv
   Update not needed
#@# white area lh Fri Mar 13 06:50:14 CET 2026
cd /out/sourcedata/freesurfer/sub-v2s4x29595_ses-1/mri
mris_place_surface --area-map ../surf/lh.white ../surf/lh.area
   Update not needed
#@# pial curv lh Fri Mar 13 06:50:14 CET 2026
cd /out/sourcedata/freesurfer/sub-v2s4x29595_ses-1/mri
mris_place_surface --curv-map ../surf/lh.pial 2 10 ../surf/lh.curv.pial
   Update not needed
#@# pial area lh Fri Mar 13 06:50:14 CET 2026
cd /out/sourcedata/freesurfer/sub-v2s4x29595_ses-1/mri
mris_place_surface --area-map ../surf/lh.pial ../surf/lh.area.pial
   Update not needed
#@# thickness lh Fri Mar 13 06:50:14 CET 2026
cd /out/sourcedata/freesurfer/sub-v2s4x29595_ses-1/mri
mris_place_surface --thickness ../surf/lh.white ../surf/lh.pial 20 5 ../surf/lh.thickness
   Update not needed
#@# area and vertex vol lh Fri Mar 13 06:50:14 CET 2026
cd /out/sourcedata/freesurfer/sub-v2s4x29595_ses-1/mri
mris_place_surface --thickness ../surf/lh.white ../surf/lh.pial 20 5 ../surf/lh.thickness
   Update not needed
#@# white curv rh Fri Mar 13 06:50:14 CET 2026
cd /out/sourcedata/freesurfer/sub-v2s4x29595_ses-1/mri
mris_place_surface --curv-map ../surf/rh.white 2 10 ../surf/rh.curv
   Update not needed
#@# white area rh Fri Mar 13 06:50:14 CET 2026
cd /out/sourcedata/freesurfer/sub-v2s4x29595_ses-1/mri
mris_place_surface --area-map ../surf/rh.white ../surf/rh.area
   Update not needed
#@# pial curv rh Fri Mar 13 06:50:14 CET 2026
cd /out/sourcedata/freesurfer/sub-v2s4x29595_ses-1/mri
mris_place_surface --curv-map ../surf/rh.pial 2 10 ../surf/rh.curv.pial
   Update not needed
#@# pial area rh Fri Mar 13 06:50:14 CET 2026
cd /out/sourcedata/freesurfer/sub-v2s4x29595_ses-1/mri
mris_place_surface --area-map ../surf/rh.pial ../surf/rh.area.pial
   Update not needed
#@# thickness rh Fri Mar 13 06:50:14 CET 2026
cd /out/sourcedata/freesurfer/sub-v2s4x29595_ses-1/mri
mris_place_surface --thickness ../surf/rh.white ../surf/rh.pial 20 5 ../surf/rh.thickness
   Update not needed
#@# area and vertex vol rh Fri Mar 13 06:50:14 CET 2026
cd /out/sourcedata/freesurfer/sub-v2s4x29595_ses-1/mri
mris_place_surface --thickness ../surf/rh.white ../surf/rh.pial 20 5 ../surf/rh.thickness
   Update not needed

#-----------------------------------------
#@# Curvature Stats lh Fri Mar 13 06:50:14 CET 2026
/out/sourcedata/freesurfer/sub-v2s4x29595_ses-1/surf

 mris_curvature_stats -m --writeCurvatureFiles -G -o ../stats/lh.curv.stats -F smoothwm sub-v2s4x29595_ses-1 lh curv sulc 

             Toggling save flag on curvature files                       [ ok ]
                 Outputting results using filestem   [ ../stats/lh.curv.stats ]
             Toggling save flag on curvature files                       [ ok ]
                                   Setting surface [ sub-v2s4x29595_ses-1/lh.smoothwm ]
                                Reading surface...                       [ ok ]
                                   Setting texture                     [ curv ]
                                Reading texture...                       [ ok ]
                                   Setting texture                     [ sulc ]
                                Reading texture...Gb_filter = 0
                       [ ok ]
      Calculating Discrete Principal Curvatures...
      Determining geometric order for vno faces... [####################] [ ok ]
                      Determining KH curvatures... [####################] [ ok ]
                    Determining k1k2 curvatures... [####################] [ ok ]
                                   deltaViolations                      [ 258 ]
Gb_filter = 0

WARN:    S lookup   min:                          -0.036333
WARN:    S explicit min:                          0.000000	vertex = 209

#-----------------------------------------
#@# Curvature Stats rh Fri Mar 13 06:50:16 CET 2026
/out/sourcedata/freesurfer/sub-v2s4x29595_ses-1/surf

 mris_curvature_stats -m --writeCurvatureFiles -G -o ../stats/rh.curv.stats -F smoothwm sub-v2s4x29595_ses-1 rh curv sulc 

             Toggling save flag on curvature files                       [ ok ]
                 Outputting results using filestem   [ ../stats/rh.curv.stats ]
             Toggling save flag on curvature files                       [ ok ]
                                   Setting surface [ sub-v2s4x29595_ses-1/rh.smoothwm ]
                                Reading surface...                       [ ok ]
                                   Setting texture                     [ curv ]
                                Reading texture...                       [ ok ]
                                   Setting texture                     [ sulc ]
                                Reading texture...Gb_filter = 0
                       [ ok ]
      Calculating Discrete Principal Curvatures...
      Determining geometric order for vno faces... [####################] [ ok ]
                      Determining KH curvatures... [####################] [ ok ]
                    Determining k1k2 curvatures... [####################] [ ok ]
                                   deltaViolations                      [ 232 ]
Gb_filter = 0
#-----------------------------------------
#@# Relabel Hypointensities Fri Mar 13 06:50:19 CET 2026
/out/sourcedata/freesurfer/sub-v2s4x29595_ses-1/mri

 mri_relabel_hypointensities aseg.presurf.mgz ../surf aseg.presurf.hypos.mgz 

reading input surface ../surf/lh.white...
relabeling lh hypointensities...
3189 voxels changed to hypointensity...
reading input surface ../surf/rh.white...
relabeling rh hypointensities...
2837 voxels changed to hypointensity...
5955 hypointense voxels neighboring cortex changed
#-----------------------------------------
#@# APas-to-ASeg Fri Mar 13 06:50:34 CET 2026
/out/sourcedata/freesurfer/sub-v2s4x29595_ses-1/mri

 mri_surf2volseg --o aseg.mgz --i aseg.presurf.hypos.mgz --fix-presurf-with-ribbon /out/sourcedata/freesurfer/sub-v2s4x29595_ses-1/mri/ribbon.mgz --threads 16 --lh-cortex-mask /out/sourcedata/freesurfer/sub-v2s4x29595_ses-1/label/lh.cortex.label --lh-white /out/sourcedata/freesurfer/sub-v2s4x29595_ses-1/surf/lh.white --lh-pial /out/sourcedata/freesurfer/sub-v2s4x29595_ses-1/surf/lh.pial --rh-cortex-mask /out/sourcedata/freesurfer/sub-v2s4x29595_ses-1/label/rh.cortex.label --rh-white /out/sourcedata/freesurfer/sub-v2s4x29595_ses-1/surf/rh.white --rh-pial /out/sourcedata/freesurfer/sub-v2s4x29595_ses-1/surf/rh.pial 

SUBJECTS_DIR /out/sourcedata/freesurfer
outvol aseg.mgz
16 avail.processors, using 16
Loading aseg.presurf.hypos.mgz
Loading /out/sourcedata/freesurfer/sub-v2s4x29595_ses-1/mri/ribbon.mgz
Loading /out/sourcedata/freesurfer/sub-v2s4x29595_ses-1/surf/lh.white
Loading /out/sourcedata/freesurfer/sub-v2s4x29595_ses-1/surf/lh.pial
Loading /out/sourcedata/freesurfer/sub-v2s4x29595_ses-1/label/lh.cortex.label
Loading /out/sourcedata/freesurfer/sub-v2s4x29595_ses-1/surf/rh.white
Loading /out/sourcedata/freesurfer/sub-v2s4x29595_ses-1/surf/rh.pial
Loading /out/sourcedata/freesurfer/sub-v2s4x29595_ses-1/label/rh.cortex.label
Done loading
  0 176  48 240  96 144  64  16 208 112 192 128 224 160  80  32  17   1 193 225  33 209 241  65  81  49 177  18   2 194 226 210  34 242  82  66 161  50 178  97 113   3 195 227  19 
211 243  35  67  83 145  51 129   4 196 228 179 
 20 162 212 244  68  36  84  52   5  98 197 229  21 146 180 213 245 114  37  69   6  53 198 230  85  22  70 214 246  99 
199 
163   7 181  54  38 231  23 130 147  86 200  55   8 215 247  24 232  71  39 
115 182  87 100 201  56 148  25   9 216 248 233 164 131  40  72 183 202  26  57  88  10 116 217 249 234 101  41 149 203  73  27  58 184 132  11 165  89 218 250 235 204  42  28  59 
 74 102 150 117 185  12 219 
251 236 205  43 166  29  90 133  60  75  13 186 206 252 237 220  30 151 103 118  44  61  14 167  76  91 134 187 207  31 253 221 238  45  15  62 152  77 104 119 
168 188 254 222 239 
 92  63  46 135  78 189 105 255 223 169 120 153  47  93 190 136  79 
106 170 121 191 154  94 137 107 171 122 155 172 108  95 138 123 173 156 109 139 
124 174 157 110 140 175 125 158 111 141 126 159 
142 127 143 
nrelabeled = 180245
ndotcheck = 0
Starting Surf2VolSeg free
free done
#VMPC# mri_surf2volseg VmPeak  1921564
mri_surf2volseg done

 mri_brainvol_stats sub-v2s4x29595_ses-1 

ComputeBrainVolumeStats2 VoxelVol=1, KeepCSF=1
  #CBVS2 MaskVol              1396754.0
  #CBVS2 BrainSegVol          1118245.0
  #CBVS2 BrainSegVolNotVent   1105524.0
  #CBVS2 SupraTentVol          977669.0
  #CBVS2 SupraTentVolNotVent   964948.0
  #CBVS2 lhCtxGM               233407.9
  #CBVS2 rhCtxGM               231932.5
  #CBVS2 lhCerebralWM          222910.5
  #CBVS2 rhCerebralWM          222885.5
  #CBVS2 SubCortGMVol           54751.0
  #CBVS2 CerebellumVol         140576.0
  #CBVS2 CerebellumGMVol       113800.0
  #CBVS2 VentChorVol             9397.0
  #CBVS2 3rd4th5thCSF            3324.0
  #CBVS2 AllCSF                 12721.0
  #CBVS2 CCVol                   3351.0
#-----------------------------------------
#@# AParc-to-ASeg aparc Fri Mar 13 06:50:42 CET 2026
/out/sourcedata/freesurfer/sub-v2s4x29595_ses-1/mri

 mri_surf2volseg --o aparc+aseg.mgz --label-cortex --i aseg.mgz --threads 16 --lh-annot /out/sourcedata/freesurfer/sub-v2s4x29595_ses-1/label/lh.aparc.annot 1000 --lh-cortex-mask /out/sourcedata/freesurfer/sub-v2s4x29595_ses-1/label/lh.cortex.label --lh-white /out/sourcedata/freesurfer/sub-v2s4x29595_ses-1/surf/lh.white --lh-pial /out/sourcedata/freesurfer/sub-v2s4x29595_ses-1/surf/lh.pial --rh-annot /out/sourcedata/freesurfer/sub-v2s4x29595_ses-1/label/rh.aparc.annot 2000 --rh-cortex-mask /out/sourcedata/freesurfer/sub-v2s4x29595_ses-1/label/rh.cortex.label --rh-white /out/sourcedata/freesurfer/sub-v2s4x29595_ses-1/surf/rh.white --rh-pial /out/sourcedata/freesurfer/sub-v2s4x29595_ses-1/surf/rh.pial 

SUBJECTS_DIR /out/sourcedata/freesurfer
outvol aparc+aseg.mgz
16 avail.processors, using 16
Loading aseg.mgz
Loading /out/sourcedata/freesurfer/sub-v2s4x29595_ses-1/surf/lh.white
Loading /out/sourcedata/freesurfer/sub-v2s4x29595_ses-1/surf/lh.pial
Loading /out/sourcedata/freesurfer/sub-v2s4x29595_ses-1/label/lh.cortex.label
Ripping lh vertices labeled not in lh.cortex.label
  ripped 7965 vertices from lh hemi
Loading /out/sourcedata/freesurfer/sub-v2s4x29595_ses-1/label/lh.aparc.annot
Loading /out/sourcedata/freesurfer/sub-v2s4x29595_ses-1/surf/rh.white
Loading /out/sourcedata/freesurfer/sub-v2s4x29595_ses-1/surf/rh.pial
Loading /out/sourcedata/freesurfer/sub-v2s4x29595_ses-1/label/rh.cortex.label
Ripping rh vertices labeled not in rh.cortex.label
  ripped 8020 vertices from rh hemi
Loading /out/sourcedata/freesurfer/sub-v2s4x29595_ses-1/label/rh.aparc.annot
Done loading
160  64  80  32 192   0 176 128 208 144  48  16  96 112 224 240  17 209  33 225 241   1  49 210  18  34 242 226   2 211  19 
 35  20 243 227 212   3  36  50  21  37 244 228 213   4  22  38 245 229 214   5  51  23  39 
246 230 215   6  40  24 193  41 216  25 247 231   7  52  42 217  26 248 232   8  43 218  27 249  53  44 233 219 
  9  28 194  54 250  45  29 234 220  10  55  30 251 221  46 235 195  56  11  31  57 252 222 236 196  47  12  58 223 253 237 197  59 
 13 254 238 198  60  14 255 239 
199 
 15 200  61 201 202 203 204 205 206 207  62  65 129  63 145  66 113  97 177 161 146  67 130  81 114 147  98  68 178 162 148  82  69 131  99 
115 179 
 70 149 163  83  71 100 150 180 116  72 164 132 101 151  84 181  73 152 117 165 102 182  85 133 153  74 103 166 183  86 154 118 134  75 104 184 167 155 185  87 105  76 186 135 168 156 119 
187 106  88 188 169  77 189 157 136 190 107 191 170  89 120 158  78 108 137 171 159 
109  90 138  79 
121 110 172 139 
111  91 173 122 140 174  92 141 142 175 123 143  93 124  94 125 126  95 127 
nrelabeled = 464400
ndotcheck = 27479
Starting Surf2VolSeg free
free done
#VMPC# mri_surf2volseg VmPeak  1905744
mri_surf2volseg done
#-----------------------------------------
#@# AParc-to-ASeg aparc.a2009s Fri Mar 13 06:51:10 CET 2026
/out/sourcedata/freesurfer/sub-v2s4x29595_ses-1/mri

 mri_surf2volseg --o aparc.a2009s+aseg.mgz --label-cortex --i aseg.mgz --threads 16 --lh-annot /out/sourcedata/freesurfer/sub-v2s4x29595_ses-1/label/lh.aparc.a2009s.annot 11100 --lh-cortex-mask /out/sourcedata/freesurfer/sub-v2s4x29595_ses-1/label/lh.cortex.label --lh-white /out/sourcedata/freesurfer/sub-v2s4x29595_ses-1/surf/lh.white --lh-pial /out/sourcedata/freesurfer/sub-v2s4x29595_ses-1/surf/lh.pial --rh-annot /out/sourcedata/freesurfer/sub-v2s4x29595_ses-1/label/rh.aparc.a2009s.annot 12100 --rh-cortex-mask /out/sourcedata/freesurfer/sub-v2s4x29595_ses-1/label/rh.cortex.label --rh-white /out/sourcedata/freesurfer/sub-v2s4x29595_ses-1/surf/rh.white --rh-pial /out/sourcedata/freesurfer/sub-v2s4x29595_ses-1/surf/rh.pial 

SUBJECTS_DIR /out/sourcedata/freesurfer
outvol aparc.a2009s+aseg.mgz
16 avail.processors, using 16
Loading aseg.mgz
Loading /out/sourcedata/freesurfer/sub-v2s4x29595_ses-1/surf/lh.white
Loading /out/sourcedata/freesurfer/sub-v2s4x29595_ses-1/surf/lh.pial
Loading /out/sourcedata/freesurfer/sub-v2s4x29595_ses-1/label/lh.cortex.label
Ripping lh vertices labeled not in lh.cortex.label
  ripped 7965 vertices from lh hemi
Loading /out/sourcedata/freesurfer/sub-v2s4x29595_ses-1/label/lh.aparc.a2009s.annot
Loading /out/sourcedata/freesurfer/sub-v2s4x29595_ses-1/surf/rh.white
Loading /out/sourcedata/freesurfer/sub-v2s4x29595_ses-1/surf/rh.pial
Loading /out/sourcedata/freesurfer/sub-v2s4x29595_ses-1/label/rh.cortex.label
Ripping rh vertices labeled not in rh.cortex.label
  ripped 8020 vertices from rh hemi
Loading /out/sourcedata/freesurfer/sub-v2s4x29595_ses-1/label/rh.aparc.a2009s.annot
Done loading
  0  96  80 240 208 192  64  48  32 128  16 144 112 160 176 224  17   1  49 241  33 225 209 242  18   2  50  34 226 210 243  19 
  3  51  35  20 211 227 244   4  52 212  21 245   5 228  36  53 213  22 246   6 229  37  54 214  23 247   7 193  55 215  24 230 248  38   8 216  56  25 231 249  39 
  9 217  57  26 250  10 232 218  40  58  27 194 251  11  59 
 28 233 219 
 41 252  12  60  29 195 220 253 234  42  13  30 196 221 254  14 235  43  31 197 222 255  61  15 236 198 223  44 237 199 
 45 238 200  46 239 
201  47 202 203 204  62 205 206 207  65 129  63 145 113  66 161  97 146 130  67 177 114  81 147  68  98 162  69 115 131 148  70  99 
 82 178 163 116 149  71 100 132  72 150  83 117 179 
164 101  73 151 133 102 118  84 180  74 165 152 103 153  75 134 119 
 85 166 181 104 154  76 135  86 120 167 105 182 155  77 106 136  87 168 183 121 156 107  78 169 137  88 184 157 108 122 170 185 138  79 
109 158  89 186 110 171 159 
139 
187 123 111  90 188 172 140 189 190 124 191  91 141 173 125 142 126  92 143 174 127  93 175  94  95 
nrelabeled = 464400
ndotcheck = 27479
Starting Surf2VolSeg free
free done
#VMPC# mri_surf2volseg VmPeak  1905820
mri_surf2volseg done
#-----------------------------------------
#@# AParc-to-ASeg aparc.DKTatlas Fri Mar 13 06:51:39 CET 2026
/out/sourcedata/freesurfer/sub-v2s4x29595_ses-1/mri

 mri_surf2volseg --o aparc.DKTatlas+aseg.mgz --label-cortex --i aseg.mgz --threads 16 --lh-annot /out/sourcedata/freesurfer/sub-v2s4x29595_ses-1/label/lh.aparc.DKTatlas.annot 1000 --lh-cortex-mask /out/sourcedata/freesurfer/sub-v2s4x29595_ses-1/label/lh.cortex.label --lh-white /out/sourcedata/freesurfer/sub-v2s4x29595_ses-1/surf/lh.white --lh-pial /out/sourcedata/freesurfer/sub-v2s4x29595_ses-1/surf/lh.pial --rh-annot /out/sourcedata/freesurfer/sub-v2s4x29595_ses-1/label/rh.aparc.DKTatlas.annot 2000 --rh-cortex-mask /out/sourcedata/freesurfer/sub-v2s4x29595_ses-1/label/rh.cortex.label --rh-white /out/sourcedata/freesurfer/sub-v2s4x29595_ses-1/surf/rh.white --rh-pial /out/sourcedata/freesurfer/sub-v2s4x29595_ses-1/surf/rh.pial 

SUBJECTS_DIR /out/sourcedata/freesurfer
outvol aparc.DKTatlas+aseg.mgz
16 avail.processors, using 16
Loading aseg.mgz
Loading /out/sourcedata/freesurfer/sub-v2s4x29595_ses-1/surf/lh.white
Loading /out/sourcedata/freesurfer/sub-v2s4x29595_ses-1/surf/lh.pial
Loading /out/sourcedata/freesurfer/sub-v2s4x29595_ses-1/label/lh.cortex.label
Ripping lh vertices labeled not in lh.cortex.label
  ripped 7965 vertices from lh hemi
Loading /out/sourcedata/freesurfer/sub-v2s4x29595_ses-1/label/lh.aparc.DKTatlas.annot
Loading /out/sourcedata/freesurfer/sub-v2s4x29595_ses-1/surf/rh.white
Loading /out/sourcedata/freesurfer/sub-v2s4x29595_ses-1/surf/rh.pial
Loading /out/sourcedata/freesurfer/sub-v2s4x29595_ses-1/label/rh.cortex.label
Ripping rh vertices labeled not in rh.cortex.label
  ripped 8020 vertices from rh hemi
Loading /out/sourcedata/freesurfer/sub-v2s4x29595_ses-1/label/rh.aparc.DKTatlas.annot
Done loading
224 128  32 112 144 176 192  16   0 208  64  80 240  96  48 160   1  49  17 241 209 225  33  18   2  50 210 242 226  34  19 
  3  51 211 227 243   4  20  35 212  52 228 244   5  21 213  36  53 229 245 214  22   6 230 246 215  37  54  23   7 231 247 216  55  24   8  38 232 248 217  56  25   9 233 249 218  39 
 57  26  10 234 250 219 
193 235  40  58 251  27  11 220  59 
236  28 252 221  12  41 253 237  60  29 222  13  42 238 254  30 223  14 194 255 239 
 31  15  43  61  44 195  45 196  46 197  47 198 199 
200  62 201 202 203 204 205 206 207  65  63 129 145 113  66 161  81  97  67 146 177 114 130  68 147  82 115  69  98 162 178  70 148 131 116  71  83  99 
163 149 179 
 72 117 100  84 132 150  73 164 180 101 118  85 151  74 181 165 133 102  86 152  75 119 
182 103 153 166  87  76 134 120 104 183 154  77 167  88 135 105 121 184 155  78 168 185  89 106 136 186 156 122 169 187  79 
107  90 188 137 157 189 108 170 190 123 191  91 158 109 138 171 124 110  92 159 
139 
111 125 172  93 126 140 127 173  94 141 174 142  95 143 175 
nrelabeled = 464400
ndotcheck = 27479
Starting Surf2VolSeg free
free done
#VMPC# mri_surf2volseg VmPeak  1905760
mri_surf2volseg done
#-----------------------------------------
#@# WMParc Fri Mar 13 06:52:07 CET 2026
/out/sourcedata/freesurfer/sub-v2s4x29595_ses-1/mri

 mri_surf2volseg --o wmparc.mgz --label-wm --i aparc+aseg.mgz --threads 16 --lh-annot /out/sourcedata/freesurfer/sub-v2s4x29595_ses-1/label/lh.aparc.annot 3000 --lh-cortex-mask /out/sourcedata/freesurfer/sub-v2s4x29595_ses-1/label/lh.cortex.label --lh-white /out/sourcedata/freesurfer/sub-v2s4x29595_ses-1/surf/lh.white --lh-pial /out/sourcedata/freesurfer/sub-v2s4x29595_ses-1/surf/lh.pial --rh-annot /out/sourcedata/freesurfer/sub-v2s4x29595_ses-1/label/rh.aparc.annot 4000 --rh-cortex-mask /out/sourcedata/freesurfer/sub-v2s4x29595_ses-1/label/rh.cortex.label --rh-white /out/sourcedata/freesurfer/sub-v2s4x29595_ses-1/surf/rh.white --rh-pial /out/sourcedata/freesurfer/sub-v2s4x29595_ses-1/surf/rh.pial 

SUBJECTS_DIR /out/sourcedata/freesurfer
outvol wmparc.mgz
16 avail.processors, using 16
Loading aparc+aseg.mgz
Loading /out/sourcedata/freesurfer/sub-v2s4x29595_ses-1/surf/lh.white
Loading /out/sourcedata/freesurfer/sub-v2s4x29595_ses-1/surf/lh.pial
Loading /out/sourcedata/freesurfer/sub-v2s4x29595_ses-1/label/lh.cortex.label
Ripping lh vertices labeled not in lh.cortex.label
  ripped 7965 vertices from lh hemi
Loading /out/sourcedata/freesurfer/sub-v2s4x29595_ses-1/label/lh.aparc.annot
Loading /out/sourcedata/freesurfer/sub-v2s4x29595_ses-1/surf/rh.white
Loading /out/sourcedata/freesurfer/sub-v2s4x29595_ses-1/surf/rh.pial
Loading /out/sourcedata/freesurfer/sub-v2s4x29595_ses-1/label/rh.cortex.label
Ripping rh vertices labeled not in rh.cortex.label
  ripped 8020 vertices from rh hemi
Loading /out/sourcedata/freesurfer/sub-v2s4x29595_ses-1/label/rh.aparc.annot
Done loading
  0  80  64  16 208  48 160 192  96 144 128 224 240 112 176  32 241  49 193  33  17 209 225 242  50  34  18 194   1  51  19 
226  35 243 195   2  65  52 210  36   3 244 196 227  53 211  20  37   4 245 197  54  21  38   5 228 246 198  55  22  39 
  6 229 199 
 66 247  56  40   7 212  23 200  57 248   8  41 230 213 201 249  24   9  58  42 214 231 202 250  10 215  25  59 
 43 129 203  11 251 232 216  67  26  60  44 204 252  12 217 233  61 205 253 218  27  13  45 254 234  62 219 
206  14  28  46 255  15 235 207 220  63  29  47  68 221 236  30 222 237 223  31 238 177 239 
 69 130  81  70 131  71  97 178 161  72 113  82 132 145  73 179 
133  74  83 180  98  75 162 181 114 134  76  84 146 182  77 135 163 183  99 
 85 115 184  78 185 136 186  86  79 
164 187 100 188 147 189 190 116 191 137  87 165 101  88 117 148 138 166  89 118 102 167  90 139 
149 119 
168  91 103 140 120 169 150  92 121 141 122 170 104  93 151 123 171 124 142 125  94 126 105 152 172 127  95 173 143 153 106 174 175 154 107 155 108 156 109 157 158 110 159 
111 
nrelabeled = 442445
ndotcheck = 3489
Starting Surf2VolSeg free
free done
#VMPC# mri_surf2volseg VmPeak  1905744
mri_surf2volseg done

 mri_segstats --seed 1234 --seg mri/wmparc.mgz --sum stats/wmparc.stats --pv mri/norm.mgz --excludeid 0 --brainmask mri/brainmask.mgz --in mri/norm.mgz --in-intensity-name norm --in-intensity-units MR --subject sub-v2s4x29595_ses-1 --surf-wm-vol --ctab /opt/freesurfer/WMParcStatsLUT.txt --etiv 

setting seed for random number genererator to 1234

7.3.2
cwd 
cmdline mri_segstats --seed 1234 --seg mri/wmparc.mgz --sum stats/wmparc.stats --pv mri/norm.mgz --excludeid 0 --brainmask mri/brainmask.mgz --in mri/norm.mgz --in-intensity-name norm --in-intensity-units MR --subject sub-v2s4x29595_ses-1 --surf-wm-vol --ctab /opt/freesurfer/WMParcStatsLUT.txt --etiv 
sysname  Linux
hostname dna020
machine  x86_64
user     oesteban
whitesurfname  white
UseRobust  0
atlas_icv (eTIV) = 1502640 mm^3    (det: 1.296455 )
Loading mri/wmparc.mgz
Getting Brain Volume Statistics
Loading mri/norm.mgz
Loading mri/norm.mgz
Voxel Volume is 1 mm^3
Generating list of segmentation ids
Found 390 segmentations
Computing statistics for each segmentation

Reporting on  70 segmentations
Using PrintSegStat
mri_segstats done
#--------------------------------------------
#@# ASeg Stats Fri Mar 13 06:56:28 CET 2026
/out/sourcedata/freesurfer/sub-v2s4x29595_ses-1

 mri_segstats --seed 1234 --seg mri/aseg.mgz --sum stats/aseg.stats --pv mri/norm.mgz --empty --brainmask mri/brainmask.mgz --brain-vol-from-seg --excludeid 0 --excl-ctxgmwm --supratent --subcortgray --in mri/norm.mgz --in-intensity-name norm --in-intensity-units MR --etiv --surf-wm-vol --surf-ctx-vol --totalgray --euler --ctab /opt/freesurfer/ASegStatsLUT.txt --subject sub-v2s4x29595_ses-1 

setting seed for random number genererator to 1234

7.3.2
cwd 
cmdline mri_segstats --seed 1234 --seg mri/aseg.mgz --sum stats/aseg.stats --pv mri/norm.mgz --empty --brainmask mri/brainmask.mgz --brain-vol-from-seg --excludeid 0 --excl-ctxgmwm --supratent --subcortgray --in mri/norm.mgz --in-intensity-name norm --in-intensity-units MR --etiv --surf-wm-vol --surf-ctx-vol --totalgray --euler --ctab /opt/freesurfer/ASegStatsLUT.txt --subject sub-v2s4x29595_ses-1 
sysname  Linux
hostname dna020
machine  x86_64
user     oesteban
whitesurfname  white
UseRobust  0
atlas_icv (eTIV) = 1502640 mm^3    (det: 1.296455 )
Computing euler number
orig.nofix lheno =  -36, rheno = -34
orig.nofix lhholes =   19, rhholes = 18
Loading mri/aseg.mgz
Getting Brain Volume Statistics
Loading mri/norm.mgz
Loading mri/norm.mgz
Voxel Volume is 1 mm^3
Generating list of segmentation ids
Found  50 segmentations
Computing statistics for each segmentation

Reporting on  45 segmentations
Using PrintSegStat
mri_segstats done

Started at Fri Mar 13 06:50:13 CET 2026 
Ended   at Fri Mar 13 06:57:07 CET 2026
#@#%# recon-all-run-time-hours 0.115
recon-all -s sub-v2s4x29595_ses-1 finished without error at Fri Mar 13 06:57:07 CET 2026
