global_signal	global_signal_derivative1	global_signal_power2	global_signal_derivative1_power2	csf	csf_derivative1	csf_derivative1_power2	csf_power2	white_matter	white_matter_derivative1	white_matter_derivative1_power2	white_matter_power2	csf_wm	tcompcor	std_dvars	dvars	framewise_displacement	rmsd	t_comp_cor_00	t_comp_cor_01	t_comp_cor_02	t_comp_cor_03	c_comp_cor_00	c_comp_cor_01	c_comp_cor_02	c_comp_cor_03	c_comp_cor_04	c_comp_cor_05	c_comp_cor_06	w_comp_cor_00	w_comp_cor_01	w_comp_cor_02	w_comp_cor_03	w_comp_cor_04	w_comp_cor_05	w_comp_cor_06	w_comp_cor_07	w_comp_cor_08	w_comp_cor_09	w_comp_cor_10	w_comp_cor_11	w_comp_cor_12	w_comp_cor_13	w_comp_cor_14	w_comp_cor_15	w_comp_cor_16	w_comp_cor_17	w_comp_cor_18	w_comp_cor_19	w_comp_cor_20	w_comp_cor_21	a_comp_cor_00	a_comp_cor_01	a_comp_cor_02	a_comp_cor_03	a_comp_cor_04	a_comp_cor_05	a_comp_cor_06	a_comp_cor_07	a_comp_cor_08	a_comp_cor_09	a_comp_cor_10	a_comp_cor_11	a_comp_cor_12	a_comp_cor_13	a_comp_cor_14	a_comp_cor_15	edge_comp_00	edge_comp_01	edge_comp_02	edge_comp_03	edge_comp_04	edge_comp_05	edge_comp_06	edge_comp_07	edge_comp_08	edge_comp_09	edge_comp_10	edge_comp_11	edge_comp_12	edge_comp_13	edge_comp_14	edge_comp_15	edge_comp_16	edge_comp_17	edge_comp_18	edge_comp_19	edge_comp_20	edge_comp_21	edge_comp_22	edge_comp_23	cosine00	cosine01	trans_x	trans_x_derivative1	trans_x_derivative1_power2	trans_x_power2	trans_y	trans_y_derivative1	trans_y_derivative1_power2	trans_y_power2	trans_z	trans_z_derivative1	trans_z_derivative1_power2	trans_z_power2	rot_x	rot_x_derivative1	rot_x_derivative1_power2	rot_x_power2	rot_y	rot_y_derivative1	rot_y_derivative1_power2	rot_y_power2	rot_z	rot_z_derivative1	rot_z_power2	rot_z_derivative1_power2	motion_outlier00
942.3601870360424	n/a	888042.7221106048	n/a	1504.717021900219	n/a	n/a	2264173.315996264	928.2099252171796	n/a	n/a	861573.6652716822	1137.4944159285087	1017.48668352068	n/a	n/a	n/a	n/a	-0.1408848822	-0.0438988042	-0.0334133803	0.0150826571	-0.1031709798	-0.1479232827	-0.1235127186	0.0318251806	-0.082496381	0.1450994167	-0.0984675207	-0.0555579603	0.0036026571	-0.1443784879	0.1325639131	-0.0230816578	-0.0649331696	0.1038660996	-0.1065683597	0.0277297052	-0.0171672736	0.049042134	-0.0589142849	0.2048905768	-0.1505075891	0.0144050174	-0.298122354	0.0519187735	-0.0568344862	-0.0813115335	0.0233405308	-0.0131217771	-0.0015636136	-0.1118747112	0.0190461183	-0.0197661732	0.0783134023	-0.0640827266	0.1458610556	-0.0068123449	0.0464665548	-0.1068503216	-0.1263684037	0.1420805684	-0.2089372002	0.0503452897	-0.0707418614	0.0220124004	-0.2652657333	-0.0033786031	0.0564670916	-0.0084129328	0.129132666	-0.0115002546	0.0138754547	-0.107218903	0.1643836657	-0.0750007591	0.0614587584	-0.0340878209	0.3354988218	-0.0107668446	0.0709332301	-0.0777347235	0.0432471072	-0.0696870885	0.0213939149	-0.1477387639	0.0747022503	-0.1862532592	0.0501817699	-0.1074007944	0.0635485435	0.153366806	0.1532882396	-0.0566474040102349	n/a	n/a	0.0032089283810987	-0.0044795244055251	n/a	n/a	2.0066138899695e-05	0.2333469530106526	n/a	n/a	0.0544508004793557	0.0035646732229649	n/a	n/a	1.2706895186522969e-05	0.0029089327895437	n/a	n/a	8.461889974082491e-06	0.0002368162340196	n/a	5.608192869522596e-08	n/a	0.0
943.1507424702248	0.7905554341824654	889533.3230221363	0.6249778945154264	1503.7585877359131	-0.9584341643057996	0.9185960473085566	2261289.890189508	928.71095427302	0.5010290558403767	0.2510301147962993	862504.0365867034	1135.5399895621815	1017.611004164093	0.961479	21.956881	0.1020006270657506	0.0499682673523409	-0.1075650393	0.0080991957	0.067430919	0.0036742704	-0.0936838833	0.0074269016	-0.0587675402	0.0474155666	-0.1007967493	0.1150616447	-0.0279578101	-0.0522207443	0.1224186949	-0.1561028176	0.0864972509	-0.0682757798	-0.0712472427	0.0964572639	-0.0830236029	-0.003168656	-0.1463525774	0.0643694621	-0.0363039737	0.0242534297	-0.0386672607	0.0506342053	-0.0565111755	0.2128384653	0.0665025516	-0.1077337086	-0.0367428892	0.0588949262	-0.0881715805	-0.0210328042	-0.0067799737	-0.1276289545	0.0067550539	-0.0719064159	0.1376038786	0.0854083597	0.0049484903	-0.1297330086	-0.0542097798	0.0270165062	-0.1279753346	0.0779799967	0.0393022059	0.1075106857	-0.213773344	-0.015179695	-0.0398555008	0.0237393959	0.1556193719	-0.0263691492	0.0040573465	-0.0815562843	0.0379255408	-0.0938178761	0.0924419667	-0.0645096725	0.1887009147	-0.078092657	0.2069493756	0.0611379701	-0.0324017132	0.1234507147	-0.0280449406	-0.0916533108	-0.020934682	-0.1247899709	0.1591716623	-0.1938637887	-0.1494904506	0.1531573254	0.1524510324	-0.0525295559304623	0.0041178480797725	1.6956672808086877e-05	0.0027593542462515	-0.0395090988061497	-0.0350295744006246	0.0012270710826888	0.001560968888474	0.245460632901711	0.0121136798910583	0.000146741240503	0.0602509223045085	0.0030895363042313	-0.0004751369187336	2.257550915436598e-07	9.5452345751632e-06	0.0025090876665467	-0.000399845122997	1.5987612238448606e-07	6.295520918416764e-06	0.0003766246861749	0.0001398084521553	1.418461542363419e-07	1.954640329406081e-08	0.0
943.9957523125872	0.8450098423624013	891127.9803842076	0.7140416336893303	1505.965562869341	2.206975133427932	4.870739239569237	2267932.276548371	931.3811645507812	2.670210277761271	7.130022927461924	867470.8736799695	1136.8106130322697	998.8151970604512	1.029863	23.518538	0.1047717366724649	0.0518966774136992	-0.0769462758	0.1363633778	0.125787867	0.0302415914	-0.0958099147	0.0442070612	-0.0209468628	0.0804822023	-0.0557297599	0.0340913894	-0.0085079971	-0.0670424817	0.1707749477	-0.081611912	-0.0615822494	-0.1702095601	0.0943893319	-0.0072570336	0.0266147138	-0.1378436472	0.0498533615	0.0107247679	-0.0808504209	-0.258479425	0.0599195023	0.0322604523	0.0655664769	0.2576783717	0.0556468837	-0.0392491238	-0.0363647865	0.0585884197	0.2638564057	0.0171850069	-0.0280362546	-0.1774601261	0.0085844002	-0.0218023091	-0.0158126387	0.0973272616	-0.086231392	-0.132653434	-0.0664646794	0.0999200181	-0.1642064269	0.0184980216	0.200236119	0.088079479	-0.0743404032	0.0142102103	-0.0801835293	0.0030829448	0.1048151453	0.058952657	0.0812731158	-0.1762793491	0.0593716364	-0.1258426473	0.1072723978	-0.0292347278	0.0845329985	-0.1365144843	0.2369706123	0.0993150211	0.0729088867	-0.078128617	-0.0458268676	0.0071548757	0.238564733	-0.0236397368	0.1407060122	-0.0563545508	0.0064464048	0.1527386503	0.1507811905	-0.04006808664748	0.0124614692829823	0.0001552882166907	0.0016054515675899	-0.0013264908955648	0.0381826079105849	0.0014579115468534	1.7595780960163054e-06	0.2191206473476796	-0.0263399855540313	0.0006937948389865	0.0480138580940661	0.0030900036820871	4.673778558001232e-07	2.1844206009232082e-13	9.548122755311837e-06	0.0023250185612264	-0.0001840691053203	3.388143553341571e-08	5.405711310047278e-06	5.407690853672688e-06	-0.0003712169953212	2.9243120368895236e-11	1.378020576153201e-07	0.0
946.5688686242316	2.573116311644412	895992.6230485579	6.620927553250544	1510.3722801348229	4.406717265481802	19.41915705789541	2281224.424599664	930.6593652778606	-0.7217992729206344	0.5209941903887565	866126.8541793904	1136.5967058895967	1008.8276806537788	1.051215	24.006145	0.0552810289373194	0.0282370484983305	0.01998586	0.1608821436	0.076876143	-0.112728373	-0.0158562646	0.0325386868	0.0082745828	0.0611792923	0.0495185944	0.1649333168	0.0625661306	0.0045316211	0.0933259212	-0.0718612629	0.0778033244	-0.0118648017	-0.0314089002	-0.0052827637	0.041329647	-0.1995693831	0.0382576457	-0.1372950563	-0.0907815915	0.0660145819	-0.0499717734	-0.0452178242	0.0904597493	0.1130522446	-0.0904095797	0.0240822231	-0.0709252606	0.0547821778	-0.0185678798	-0.0504946431	0.058919196	-0.1078379727	-0.0477045302	-0.1207349355	0.0193113011	0.050941469	0.0822570802	-0.0887280733	-0.0046467419	0.1980001201	-0.0030683429	-0.0479131263	-0.017471636	0.1247636002	-0.2059215062	-0.0140327309	0.043309795	0.0270875094	0.158761896	0.0885889432	0.117974301	-0.1125253738	-0.0184444834	-0.0151625583	-0.0395530857	-0.0400458168	0.2087565283	0.0661264671	0.0113245916	0.0156808719	-0.062691719	-0.0167415285	0.0050627928	-0.118214122	0.0337897298	0.1368495429	0.0234270051	0.1016963321	0.1699714161	0.1521113526	0.148287834	-0.0377780658748463	0.0022900207726337	5.244195139093866e-06	0.0014271822612442	-0.0109647247943627	-0.0096382338987978	9.289555268793696e-05	0.0001202251898161	0.2363576148332811	0.0172369674856014	0.0002971130480996	0.0558649220896776	0.0030290846068786	-6.091907520850001e-05	3.71113372425888e-09	9.175353555628882e-06	0.0024480298528422	0.0001230112916158	1.5131777864987443e-08	5.992850160406604e-06	0.0003437934596351	0.0003383857687814	1.1819394288787115e-07	1.145049285137976e-07	0.0
944.1000176978014	-2.468850926430264	891324.8434169888	6.095224896935572	1506.5382716140468	-3.834008520776024	14.699621337383157	2269657.56383784	931.2890593938852	0.6296941160245524	0.3965146797559424	867299.3121467474	1137.8812582410906	1000.8190239974058	1.017523	23.236723	0.1904890125920515	0.0994812316516789	0.0848526526	0.0672988082	-0.0084557154	-0.182839183	0.1063474172	0.0028530353	0.0049307329	0.1332948148	0.0912428358	0.1158341145	-0.145042204	0.0711326768	0.1298610412	-0.0853419808	-0.0779395467	0.174614787	-0.0134868616	0.251061737	0.0045111091	-0.0925850589	-0.0894107243	-0.0108952748	-0.1552644636	0.060525538	0.1159667316	-0.0423117311	0.0468060337	-0.1246935161	0.0221013598	-0.0787933392	-0.1285721757	-0.0380463494	0.1625577713	0.0501254207	0.0921115859	0.0166328679	0.0028349932	-0.1768516983	-0.0663260826	0.1543351801	0.0927797028	-0.0229132438	-0.0473343963	-0.1312315607	-0.0123805737	-0.0380026799	-0.0357440568	-0.0050361799	-0.0014330528	-0.0587124197	-0.030969085	0.0160322869	0.227758559	0.0604858885	-0.048090305	0.0690493151	-0.1285095835	0.005408608	-0.0626864913	0.0293804135	0.0425223149	0.0271686194	0.1008545514	0.0921587519	-0.1518527572	0.2845211848	0.0423139813	0.0094713286	-0.157249768	-0.0061698782	-0.0105603002	0.0318375211	-0.0320133898	0.151276289	0.1449845808	-0.0400018709545264	-0.00222380507968	4.945309032411008e-06	0.0016001496798625	-0.0662047107385177	-0.055239985944155	0.0030514560471104	0.0043830637239708	0.3114292902029376	0.0750716753696564	0.005635756442807	0.0969882027963055	0.0031611311015324	0.0001320464946537	1.7436276750356015e-08	9.992749841075443e-06	0.0018967970606469	-0.0005512327921953	3.038575911914269e-07	3.59783908927872e-06	-0.000131998177487	-0.0004757916371221	1.7423518859889557e-08	2.263776819553281e-07	0.0
941.6040611838188	-2.495956513982605	886618.2080378607	6.2297989196922	1509.9329376779633	3.3946660639164747	11.52375768550617	2279897.4762848043	931.5963647274572	0.3073053335720033	0.0944365680418002	867871.7867734134	1139.5988488016674	996.9445563630762	1.008822	23.038036	0.0838421649190357	0.0540692094231273	0.1075647478	-0.0707036308	-0.0583014872	-0.1320526923	0.156377127	-0.1071584879	0.0298135763	0.0562039336	0.0637517742	-0.0181968219	0.0209550283	0.0666776755	0.1547735315	0.0096951277	-0.1128006703	0.1164888483	0.019793964	0.0599610879	0.1313825291	0.0144397761	0.0272382225	0.0209589455	0.0062057187	-0.1495897	0.0015030139	-0.0297173996	-0.0469576333	0.0825403904	0.0627685163	-0.0321193111	0.0384357657	-0.0203928846	0.0707206755	0.1228527209	0.0442880254	0.1109276096	0.0519626882	-0.0726496539	-0.1065114873	0.1246602222	0.0474899331	-0.1107155486	-0.0731231788	-0.1105013464	0.071211687	0.0116657504	0.0625332569	-0.1286537237	0.1531361849	-0.0339210986	-0.0815108932	-0.022960531	0.1118333602	0.1366455109	-0.0409658626	0.0833967992	-0.0158632266	0.0027968808	-0.0507564089	0.1403316479	-0.1805246389	-0.0961596405	0.0618317041	0.009496704	0.0312013873	0.011195312	0.2957135118	0.0630630561	0.0797368278	-0.0481462817	-0.1051195916	0.0456935196	0.0351156818	0.1502346003	0.1408894722	-0.0457719904460987	-0.0057701194915723	3.329427894702259e-05	0.0020950751093977	-0.0158597781720573	0.0503449325664604	0.0025346122351214	0.0002515325636668	0.3004642705992495	-0.010965019603688	0.0001202316549092	0.090278777906739	0.0032368780198036	7.57469182712002e-05	5.7375956275838835e-09	1.0477379315087676e-05	0.0018958732612015	-9.237994453999664e-07	8.534054153212854e-13	3.594335422538811e-06	-0.0003905693249167	-0.0002585711474297	1.5254439756588678e-07	6.685903828311165e-08	0.0
941.6617855270492	0.0577243432304612	886726.9183219905	0.0033320998013881	1510.248558407738	0.3156207297747642	0.0996164450635547	2280850.708172651	930.001060582906	-1.5953041445511644	2.5449953136221226	864901.97268533	1138.744545702157	1005.180383042994	0.981761	22.420048	0.0361567815696754	0.0180126907728336	0.0942801445	-0.0998148439	-0.0930188311	-0.0418627835	0.1415204218	-0.0954755017	0.0154571172	-0.1376458275	0.0162598667	0.0217652948	0.1821710592	0.056357263	-0.0066516626	-0.0910602144	0.1214169936	0.1513561587	-0.1333489896	0.0651830202	-0.030193129	0.0404092937	0.0972342875	0.0480735874	-0.1174970607	-0.0301487339	-0.0667515796	0.0526954791	0.1212240922	-0.0127731264	-0.0937087349	-0.0238317262	0.0983896691	-0.0708426284	-0.1531199097	0.0071257963	0.0627889128	0.1570962784	-0.0329841607	-0.0422723326	0.0364374488	0.0345730421	0.1629962112	-0.1091638374	-0.0997731174	-0.0456400063	0.1674956001	0.0196851873	-0.0909769792	0.0423363111	0.0437496363	-0.0535916911	0.0633277274	-0.0034234922	0.1144833094	0.1143608508	-0.0466963424	0.1155589624	0.0121066568	0.070517881	-0.1461265733	0.0805623937	0.0449204634	0.0120843453	-0.1217976635	-0.1361066555	0.0085679983	0.0053602274	0.0527763921	0.0058043327	0.0502697689	0.0148547069	-0.16484753	0.0404916461	0.1852222239	0.1489877092	0.136024874	-0.0449707609322018	0.0008012295138968	6.419687339394591e-07	0.0020223693388212	-0.0162209099387098	-0.0003611317666524	1.3041615288555504e-07	0.0002631179192397	0.2911095309750635	-0.009354739624186	8.751115343631632e-05	0.0847447590245214	0.0031396992475686	-9.71787722350002e-05	9.443713773102043e-09	9.857711365182831e-06	0.0021037219756294	0.0002078487144278	4.320108808933069e-08	4.425646150746066e-06	-0.0001828031982808	0.0002077661266359	3.3417009301689485e-08	4.316676337728483e-08	0.0
940.6727554943916	-0.989030032657638	884865.2329294115	0.9781804054987684	1506.4635012001345	-3.785057207603586	14.326658064831856	2269432.280448168	929.1116882790136	-0.8893723038924009	0.790983094930877	863248.529296679	1138.786063724467	998.1166130580104	0.932131	21.286673	0.1384275246728684	0.0678212124997465	0.0798273214	-0.047099247	-0.0327104948	0.0306954825	0.0853821941	0.0195152995	-0.0186039055	-0.0964915174	-0.1134688583	-0.1135137647	-0.0055420821	0.04346449	0.0471129253	0.0444601042	0.0031853836	0.0577744038	-0.2168997637	0.0841963857	0.1609552872	0.1744646523	0.0566789328	0.0943065018	0.1176002265	-0.1062291553	0.0415256714	0.0762695849	-0.2294745336	-0.0251188291	0.1855132664	0.2689610752	-0.0778169325	0.0196409173	-0.0147643553	0.0802692746	0.0303074143	0.0606249619	0.0127224987	0.0741073716	0.0624912282	0.0751766123	0.1137536686	-0.0401155016	-0.0425525129	-0.1898422459	0.0548184415	-0.0012243277	-0.0188206471	0.1307272022	0.237866873	-0.0698992159	-0.0396421974	0.0209221866	0.157721403	0.0783335175	-0.1674807877	0.1444411842	-0.0564460229	0.0807090389	-0.0533564429	0.0238265331	-0.109468906	-0.0268140595	-0.0252249881	0.0502725485	-0.0035840646	0.1271980986	0.0366054936	0.0959079865	-0.1161454254	0.0306072441	-0.0335876259	0.0223475893	-0.1177847049	0.1475373187	0.1304173552	-0.0399502303714029	0.0050205305607989	2.5205727111915745e-05	0.0015960209067281	-0.0605527976755269	-0.044331887736817	0.0019653162703097	0.0036666413063332	0.3286406049029864	0.0375310739279229	0.0014085815101832	0.1080046471910008	0.0027989667681823	-0.0003407324793863	1.1609862250873539e-07	7.834214969388868e-06	0.0016470717880132	-0.0004566501876162	2.0852939384991066e-07	2.712845474869e-06	5.069478366328986e-05	0.000233497981944	2.5699610906677603e-09	5.452130757196252e-08	0.0
940.5878063706256	-0.0849491237660231	884705.4214931055	0.0072163536286151	1511.0945330609331	4.631031860798657	21.44645609573228	2283406.68784664	930.2634480794272	1.151759800413629	1.3265506378488423	865390.0828326253	1141.2041248876092	983.6747340634872	0.947855	21.645752	0.1506411975904913	0.0830130479756155	0.0706757677	-0.0167036719	0.0231757546	0.1148544334	0.0053597173	0.0487540598	-0.0124021979	-0.1135641298	-0.0777532215	-0.1324407063	-0.1152168493	0.0958727506	0.089642064	0.0323952969	0.0299348154	-0.0530853648	-0.0282118632	0.0234579395	0.1935456856	0.0084141615	-0.0463210216	0.005562607	0.0434915513	-0.1104843121	-0.0713851026	0.0604729751	-0.1145105418	-0.0082927981	-0.0067717339	-0.0041638424	-0.0276760864	-0.1629944038	0.0389925738	0.0765989212	-0.0134947985	0.0132100302	-0.014912708	0.1389665686	-0.0216991385	0.1271396558	0.0246623056	-0.0620333172	-0.0982207286	-0.1380282148	-0.0763889737	-0.0159451271	0.0136284973	-0.0553703729	0.1087619461	-0.0367830264	-0.0595958185	-0.0316813671	0.0898952502	0.1404906509	-0.0791255768	-0.0014304179	0.069508009	-0.0040413516	-0.0152731842	0.1038113866	-0.1620673115	-0.0650199267	-0.0665158451	-0.0292872241	0.0763241103	-0.1269972801	0.0959329571	0.0414895169	0.1537465667	0.178958708	0.1174657427	-0.025032453	0.0814928961	0.1458854101	0.124097542	-0.0464808740168365	-0.0065306436454336	4.264930642364232e-05	0.002160471649369	-0.0178773194393357	0.0426754782361911	0.0018211964426876	0.000319598550336	0.2657803469250126	-0.0628602579779737	0.0039514120330574	0.07063919281158	0.0030439558964494	0.0002449891282671	6.001967296907368e-08	9.265667499529071e-06	0.0021715799332777	0.0005245081452644	2.751087944488056e-07	4.715759406614379e-06	4.869570257703569e-05	-1.999081086254172e-06	2.37127144947112e-09	3.9963251894191594e-12	0.0
942.920877395308	2.3330710246824538	889099.7810279375	5.443220406212835	1505.0005190224	-6.094014038533032	37.13700710183768	2265026.5622576936	931.3987352211057	1.1352871416784185	1.288876894060353	867503.6039714753	1139.3037864382572	1001.9019793908236	1.081588	24.699764	0.0830616658468324	0.0482683825289919	0.0294016667	0.0482078931	-0.0716392786	0.0978742813	-0.0024596652	0.0525903429	-0.0759391645	-0.1541021132	-0.0360617152	0.0304954409	0.0087723216	0.0904911945	0.0339053115	-0.0582993354	0.0998891539	0.0903819155	-0.0823586813	0.0556878908	0.0537454986	-0.1175943881	0.0086593807	-0.0421609962	-0.1157009947	-0.018147543	-0.189457924	-0.1747444636	0.0090858861	-0.0290670357	-0.0902407336	0.1857215689	0.0331823587	-0.0200405337	0.0393609132	-0.0341272845	0.064269853	-0.0112952638	-0.0422595015	0.0599290337	0.0498473751	0.0631542652	0.1793488324	-0.0399326409	-0.0884425895	0.0372848028	0.0085375609	-0.0108342981	-0.0996687783	0.0965673962	-0.0839603802	-0.0867749227	0.0594748304	-0.0552216499	0.143334138	0.0819093155	-0.0043138102	0.0725990958	0.0003274384	0.0685356831	-0.1138508761	0.053336324	0.0775614433	-0.0231109228	-0.1302531831	-0.1045475016	0.0005315555	-0.0702197141	-0.2419497315	0.0439084866	0.0483135301	0.0283235729	0.1492354594	0.2108049325	0.0989049013	0.1440342395	0.1170999511	-0.0569505464977027	-0.0104696724808662	0.0001096140418566	0.0032433647463869	-0.0583522492610342	-0.0404749298216985	0.0016382199440714	0.0034049849938218	0.2883180326632981	0.0225376857382854	0.0005079472784377	0.0831272879588346	0.0028989529823001	-0.0001450029141493	2.1025845111789287e-08	8.403928393586643e-06	0.0022180754307181	4.64954974404002e-05	2.161831282230261e-09	4.9198586163552845e-06	4.878484710698055e-05	8.914452994486163e-08	2.379961307251468e-09	7.946747219090332e-15	0.0
942.990625445694	0.0697480503860106	889231.3196784612	0.0048647905326494	1508.425053187779	3.424534165378873	11.727434249847173	2275346.1410845537	930.3635645276718	-1.0351706934338836	1.0715783645443873	865576.3622006353	1139.3965878524443	988.817796033154	1.046996	23.909792	0.0386561496945085	0.0229751687731871	0.1135733318	0.0601994337	-0.0677909479	-0.016023811	0.1535585778	0.1066097864	-0.0749786165	0.0580049314	0.0252028007	-0.0074274215	-0.1245176243	0.1278313692	0.0285397943	0.0821040991	-0.0129595317	0.1281232708	-0.015110062	-0.033047458	0.1925107768	0.0968661804	-0.1397962589	0.1290885689	0.0719938633	0.2286310872	-0.0605737657	-0.0863967405	-0.0526390084	-0.0212377106	0.0594155531	0.0182127811	0.2540191712	-0.0135851233	0.0449711279	0.0690109983	0.1158102933	0.0254930582	-0.0251885505	0.0039123729	-0.0412675519	0.0851545319	0.1354714369	0.1371815437	0.017222517	-0.1897440523	0.1629621429	-0.057789892	-0.0273140478	-0.0831953222	-0.1336766821	-0.1040899109	-0.0252783289	-0.0378072849	0.1404077463	0.0292687023	-0.1313589051	0.1346401159	-0.1211739537	0.0901299138	-0.0162415852	0.0244190763	-0.101290949	0.0409497598	-0.0309386168	0.0768151442	-0.099044202	0.0871278453	-0.1747769643	0.0169524134	-0.0855647602	-0.0897249628	0.0503415921	-0.0215244578	-0.1564843601	0.1419863355	0.1094628008	-0.0566957025536538	0.0002548439440489	6.494543581840201e-08	0.0032144026880523	-0.0634347045979666	-0.0050824553369323	2.5831352251912616e-05	0.0040239617474312	0.3029617841079925	0.0146437514446944	0.0002144394563739	0.0917858426298978	0.0028474633193688	-5.148966293130018e-05	2.651185388778908e-09	8.108047355150784e-06	0.0018970784352396	-0.0003209969954785	1.0303907110622417e-07	3.598906589451129e-06	4.98001680738372e-05	1.015320966856652e-06	2.480056740182434e-09	1.030876665738727e-12	0.0
941.0015504444916	-1.9890750012024228	885483.9179389371	3.956419360408418	1509.762975224645	1.3379220368660754	1.790035376731868	2279384.2413591724	931.713889396221	1.3503248685492508	1.8233772506225516	868090.7716938335	1141.2898926184566	995.5449895111808	1.00984	23.061283	0.1654654987018622	0.1035884316227439	0.1171652682	-0.0680369928	-0.0692532537	-0.0254188712	0.1084342017	0.0211429564	0.0089754545	-0.0229017391	0.0872057059	-0.1379324411	-0.0924319664	0.0465844232	0.0222803202	0.0783379531	-0.0446823897	0.1113242177	0.1062703459	-0.0209702832	0.0752495672	0.1462122034	-0.1072735531	0.0837715473	0.1285968094	-0.1535734152	-0.039378146	-0.0297843016	0.2541771922	-0.1620505799	-0.1193768888	-0.2548086323	-0.0582879843	-0.0416437387	0.1144051771	0.1169536756	0.003746875	0.0985780361	0.0118381996	0.0922220234	-0.1533195881	0.0891267903	0.0338545626	0.0563063564	-0.028062675	-0.1514334848	0.0538797162	0.0265124653	-0.001016251	-0.1350198958	0.0587784019	-0.0568836729	-0.0710944773	-0.0760723485	-0.0576587128	0.1031062137	-0.1071086118	0.0794581335	0.0331239595	0.0377989819	-0.0134546302	0.0408194241	-0.289282717	-0.0247915762	-0.0024157524	0.0851435391	0.0195730647	-0.2671204699	0.0365529195	-0.0008445151	0.123897703	-0.0752321116	-0.1141137551	-0.0651712056	-0.038110957	0.1397444952	0.1012278027	-0.0399825835685305	0.0167131189851232	0.0002793283462108	0.0015986069888145	-0.0004771214799319	0.0629575831180347	0.0039636572720642	2.276449066124065e-07	0.2240485148324751	-0.0789132692755174	0.0062273040677503	0.0501977369986378	0.002984960124449	0.0001374968050802	1.890537140726262e-08	8.909986944550591e-06	0.0018970808009186	2.365679000132861e-09	5.596437131669615e-18	3.598915565213957e-06	4.966879236930157e-05	-1.3137570453563408e-07	2.466988935424789e-09	1.7259575742234226e-14	0.0
942.1428917173528	1.1413412728611547	887633.2284135355	1.302659901136321	1513.879827813788	4.116852589143036	16.94847524073372	2291832.133061505	931.2991497631898	-0.4147396330312176	0.172008963206869	867318.1063496402	1142.06785430236	1006.331363764834	1.009355	23.050211	0.1878477522018336	0.0860393509173693	0.0719536011	-0.0794928206	-0.031519172	0.0628641477	0.0504832736	0.0099826088	0.0377209039	-0.1985967041	0.0016272903	-0.0268217361	-0.0339311179	0.0520360049	-0.1192987349	0.0330583645	0.0836118625	0.0626134856	0.1222084752	-0.0660278649	-0.0203570394	0.173115084	-0.035916362	0.0128418052	0.0225698295	-0.0621890531	-0.0231738007	0.2087042489	0.0091133144	-0.0202495872	-0.1221312024	-0.0769991584	-0.0101040595	0.1904801365	-0.0749517223	-0.0981973362	0.0073685309	0.1275969229	-0.1138162532	0.1393182413	0.0256321665	0.0059341096	0.0238963028	0.1071985552	0.0030142472	0.0415381404	0.116805874	-0.0469933934	-0.1920653508	0.0265939089	0.1435526507	-0.0448082926	0.0831307286	-0.0182766725	-0.1498791624	0.0398395925	-0.0361614442	0.0360238361	0.076413549	0.1522917415	-0.0346944974	-0.0800798818	-0.0707063468	0.046284924	-0.1817209471	0.0068639068	0.1971638557	-0.2460721154	-5.24968e-05	-0.0648042031	0.0395478185	-0.0076536039	-0.1422483697	-0.043065329	-0.0025078485	0.1373117808	0.0924399334	-0.0220553589167309	0.0179272246517996	0.000321385383716	0.0004864388569458	0.0144869676811794	0.0149640891611113	0.0002239239644216	0.0002098722325955	0.1658696881873425	-0.0581788266451326	0.0033847758698043	0.0275127534593662	0.0025891542827698	-0.0003958058416792	1.566622643073801e-07	6.703719899985197e-06	0.0007820159422584	-0.0011150648586602	1.243369639018892e-06	6.115489339462933e-07	-0.0003750127421671	-0.0004246815345364	1.4063455678768785e-07	1.8035440577619284e-07	0.0
942.4601575736904	0.3172658563375989	888231.1486138253	0.1006576235976299	1509.5277919000755	-4.352035913712598	18.940216594244248	2278674.154518717	928.8945856070094	-2.404564156180413	5.781928781187623	862845.1511700177	1138.0178828705775	1004.2429074667842	0.949645	21.686625	0.1180265090407857	0.0562781652666338	0.0304950097	0.033670812	0.034458104	0.0822812386	0.0490191675	0.1465560584	-0.0558999134	-0.0310699117	-0.0652228435	-0.0071749924	0.0215345133	0.0915688081	-0.0669171904	0.0959027902	0.1325114381	0.0087334808	-0.1707036766	-0.0132914644	-0.0720539098	0.1347325739	-0.0523291995	-0.1591428464	-0.0314939042	-0.0235159829	0.049587176	0.1817885609	0.2571943048	-0.0407979693	-0.0024074055	0.0973149423	-0.0322806298	-0.0753148244	-0.2788356621	0.0483612042	0.0847851419	-0.0606708352	-0.0675264504	0.0936884041	0.1023189141	-0.0202046445	0.0440334024	0.0781000841	0.1785877364	-0.0796346679	-0.0202330711	0.0883540691	-0.120792638	0.2093303171	0.135811889	-0.068737458	0.0435202076	0.0290167831	-0.0936089963	-0.0238875605	-0.0973313704	0.0575686372	-0.064672421	0.1802250884	0.0478647492	-0.1791390877	-0.0366401742	0.0524369	-0.0801187591	0.0603833244	0.1132186457	-0.0685424202	-0.0824252935	-0.0777704135	-0.1446394042	0.008958934	-0.2808279963	-0.0554509302	-0.1983020804	0.1346915149	0.0831471893	-0.0046719967310053	0.0173833621857256	0.0003021812808801	2.182755345452421e-05	-0.0116872346499121	-0.0261742023310915	0.0006850888676689	0.0001365914537621	0.1997585232362411	0.0338888350488986	0.0011484531409714	0.0399034676055238	0.0020916313066949	-0.0004975229760749	2.475291117224255e-07	4.374921523146215e-06	0.0005610114274319	-0.0002210045148265	4.884299557369668e-08	3.14733821709178e-07	-0.0004680874407671	-9.307469860000002e-05	2.1910585220389337e-07	8.662899519480845e-09	0.0
942.71473851007	0.2545809363796252	888711.0782041097	0.0648114531679267	1512.5054131252862	2.977621225210669	8.866228160825084	2287672.6247332925	929.7040411485668	0.8094555415574405	0.6552182737580493	864349.604127976	1139.3791898752625	994.9817603377044	1.134725	25.913221	0.2498604633901636	0.1568753307843912	-0.0118653734	0.0455254019	0.130974462	0.1136671877	-0.0928470563	0.1847282026	0.086454471	0.0201049149	0.054465526	-0.2408898525	-0.0406745751	-0.0447625764	-0.0768050791	0.0075387229	-0.0893313618	-0.3026987513	0.026276883	0.0248884435	-0.1627702749	0.0768606269	0.0488851018	-0.0355272123	0.0401199078	0.2287425533	0.1042317509	-0.1736402284	0.0211156138	0.0222334997	0.0285921319	0.0013222671	0.1557902425	-0.2789661524	-0.0220721588	0.1317969822	-0.1216760469	-0.1734331099	-0.0411006986	0.1526729154	-0.0952916644	-0.0881324054	-0.3205959413	0.0280940008	0.0224937988	0.0018702458	-0.2538635876	0.0375221081	0.0001531627	0.0161639291	0.0722890899	0.0309186186	-0.1191587571	0.0202390458	-0.2125665773	-0.0212305562	0.0965453865	-0.1433537854	0.0714472086	-0.0860483859	0.1662781895	-0.1227870607	-0.159561447	-0.0850418444	0.0023025149	0.0047526679	0.0311139824	-0.1566543348	-0.0285280493	-0.0715651139	-0.0458589158	0.2034353376	0.0134954389	0.0273393759	-0.1127988599	0.1318872767	0.0734003241	0.0008173328418621	0.0054893295728674	3.01327391595566e-05	6.680329743863766e-07	0.0298639933718476	0.0415512280217597	0.0017265045501162	0.0008918581001137	0.0485214981777346	-0.1512370250585065	0.0228726377485473	0.0023543357854119	0.0017770106060114	-0.0003146207006835	9.898618529857649e-08	3.157766693877003e-06	0.0001908924962445	-0.0003701189311874	1.3698802322330336e-07	3.6439945122456446e-08	-0.0001211694578974	0.0003469179828697	1.4682037527149792e-08	1.2035208683838144e-07	0.0
946.3357695590396	3.6210310489695994	895551.3887468997	13.11186585760187	1508.995385585687	-3.5100275395991503	12.320293328744464	2277067.073718896	932.0965386698872	2.392497521320365	5.724044389524091	868803.9574003845	1138.01794851698	1004.7184611391716	1.195519	27.301548	0.145509669666716	0.0769061017543559	-0.0143322353	0.1294678149	0.0458914179	0.0532380084	-0.078268994	0.0624720496	-0.0556917916	-0.0937383367	0.0061244472	0.1771079761	0.0810491914	0.0555969721	-0.1083754394	0.0016503383	-0.0822173094	-0.0292733352	-0.031824793	-0.2651771132	0.0311574946	0.0239267083	-0.1374564473	-0.0484667367	0.1679923287	0.2790670434	-0.1201668259	0.0782928335	-0.0378470165	-0.1103729451	-0.0457135063	0.1258896114	0.1175451826	0.2037440854	0.0244846643	-0.126619372	0.0693278102	-0.0974233502	-0.0835025007	0.025591955	0.0551124589	-0.0945134435	0.0038137747	0.0456497418	0.1145225795	0.1885771114	0.1141508271	-0.2056015402	-0.0503062042	-0.0891297525	0.0099218546	-0.0516244252	0.116376495	0.0045975695	-0.107585162	-0.0522986805	0.1278730328	-0.1052771154	-0.023273416	0.0476649398	0.052972642	-0.1278705839	0.1349739031	0.1590153577	-0.1677819386	0.0271287376	-0.0224192071	-0.1317832642	-0.2186088436	-0.0897618149	-0.0347583049	0.1366343013	-0.0463192244	0.0604286104	0.0262678881	0.1289028963	0.0632525717	-0.0065852804650035	-0.0074026133068655	5.479868377098365e-05	4.336591880275671e-05	0.008509998741772	-0.0213539946300756	0.0004559930866612	7.242007858496101e-05	0.110156581325711	0.0616350831479764	0.0037988834746579	0.0121344724093679	0.0019079795462696	0.0001309689402582	1.7152863312355973e-08	3.6403859489831488e-06	0.0009880556910526	0.0007971631948081	6.354691591566569e-07	9.762540486214308e-07	5.305797867226954e-05	0.0001742274365696	2.815149100787009e-09	3.035519965363822e-08	0.0
946.5646195055598	0.2288499465201994	895984.5788997052	0.0523722980222981	1509.75342467591	0.7580390902230647	0.5746232623062116	2279355.403320639	933.492193556924	1.3956548870368124	1.9478525637097373	871407.6754317177	1140.1064613375895	1017.372047417368	1.170587	26.732183	0.0943986411905467	0.0484442647244002	0.0625380999	0.0431406984	0.0987827975	-0.1520983177	0.1304046352	0.093023362	-0.0356977598	0.1231647551	0.0210745361	0.0685380085	-0.0962424817	0.1309579457	0.0364826566	0.043765744	-0.0240807488	0.0819595366	0.1623877772	-0.1704943408	-0.0444893514	-0.0723293844	0.0885709123	0.1464200357	-0.0561523622	0.1708743255	0.1921430611	0.099522519	0.1523704819	-0.0050854968	0.2638333076	0.0278726852	0.0299103653	0.0426059795	0.1432634628	0.0700574976	0.12289019	-0.0277060604	-0.0260870116	-0.0705777447	-0.0075535068	0.079110902	-0.087508818	0.2346260492	0.1845341432	-0.0905104493	-0.0086037976	0.1219516713	0.0511894524	-0.1111502541	0.0699986875	-0.0647751067	-0.0481339277	0.0137501742	-0.060075011	-0.1025404004	0.0162974421	-0.0580292817	-0.0719737479	-0.0424306534	0.2085381856	-0.180522649	-0.0909021533	0.1855542589	0.0818584922	0.0577272858	9.14526e-05	0.0968217797	-0.0453940207	-0.0599893478	-0.1315223276	0.0376320599	0.0200750729	0.0782029201	-0.2125763246	0.1257424501	0.0527593557	-0.0128956484386861	-0.0063103679736826	3.982074396327905e-05	0.0001662977486541	-0.0105697107600235	-0.0190797095017955	0.0003640353146729	0.0001117187855505	0.1244852073676412	0.0143286260419301	0.0002053095242494	0.0154965668533646	0.0011885615931874	-0.0007194179530822	5.175621912169827e-07	1.4126786608001704e-06	0.0008109146294204	-0.0001771410616322	3.137895571618288e-08	6.575825362080245e-07	-0.0001439817600761	-0.0001970397387483	2.0730747234611623e-08	3.8824658646025725e-08	0.0
943.974684133182	-2.589935372377795	891088.2042843407	6.707765233093707	1511.5362372206243	1.782812544714261	3.178420569590539	2284741.796431084	932.4109809234852	-1.0812126334387813	1.1690207587076245	869390.237346696	1142.8044991379793	1023.3708960111024	1.146868	26.190527	0.1398900338918822	0.0801964849739765	-0.0194956709	-0.1472741485	0.0467420624	-0.1018706309	0.0615130121	-0.0653932555	0.0469964681	0.0297616518	-0.0093013348	-0.0679741042	0.0403411676	-0.0056030782	0.0215015674	0.1126936048	-0.1824573059	-0.0394671667	0.2214710168	0.1238063499	-0.1001485462	-0.1110668193	0.1382905758	0.0381215228	0.0185245696	0.0921444668	0.0101288701	0.056541333	0.1156927846	0.2001343848	0.0050065474	0.0331161688	0.0159867667	-0.1886141905	-0.2652791149	0.1076098006	-0.0204582603	0.1196901097	0.0834923838	-0.0598343399	-0.0407451391	0.1258610599	-0.3174878943	0.0782727204	0.1685779809	0.0260807819	0.0759287127	0.0857623965	0.1019481007	-0.0291858901	-0.105571651	-0.0349263923	-0.0629385169	-0.0679456886	-0.1535423892	-0.1124830053	0.0036529456	-0.1558226654	0.1427644672	-0.1391706604	0.2117348884	-0.0262349776	-0.0900652006	0.0918341958	0.1031724932	-0.075034931	-0.0174796249	0.0472117107	0.0691899168	-0.1576741838	-0.0285752719	0.0625651994	-0.0718518871	0.1159701958	0.0808901134	0.1224102548	0.0419779864	-0.0164560499089958	-0.0035604014703096	1.2676458629783463e-05	0.0002708015786073	0.0248347421465382	0.0354044529065617	0.0012534752856129	0.000616764417485	0.0746190246236722	-0.0498661827439689	0.0024866361814549	0.0055679988357881	0.0020329971458654	0.000844435552678	7.130714026265994e-07	4.133077395096862e-06	0.0008270174929245	1.610286350410008e-05	2.593022130316784e-10	6.839579336031255e-07	1.6659759162635998e-05	0.0001606415192387	2.775475753570341e-10	2.5805697703329184e-08	0.0
941.802376323683	-2.1723078094989887	886991.7160489362	4.718921219210294	1515.3393732427242	3.803136022099807	14.463843602593142	2296253.416099652	930.0817944087448	-2.3291865147404	5.4251098204485295	865052.1442905907	1142.954398268645	1025.205616365582	1.173401	26.796455	0.0739959771795259	0.0396355937347986	-0.157669849	-0.1676588235	-0.1477498119	0.0159161294	-0.0461751258	-0.2528019254	-0.0793644072	-0.0844028683	-0.0234425505	-0.0843281551	0.040188351	0.0003439599	0.0151815022	0.1322367707	-0.0346702232	-0.0589116993	0.1413295823	0.0592317939	-0.1568899845	-0.0762281141	0.1161035995	-0.208591372	0.1014897777	-0.1741881999	0.094851103	0.0206438358	-0.1288583567	0.1122167899	-0.2116474765	0.1095422953	0.1065106803	0.0476763829	-0.0054214828	-0.10850527	-0.0036403698	0.1704494927	0.2045633206	0.0571710505	0.0687708987	0.023392258	-0.2119097437	-0.004628046	0.0840011544	0.2212438628	0.0531328332	0.1169754525	0.1538204929	0.0785248661	-0.0689630559	-0.0557083281	0.0419395634	-0.1495367025	-0.1191808838	-0.1931641273	0.0185341401	-0.1326939166	0.2089518721	-0.1258179061	0.0795955035	0.1639327351	0.0877972057	0.0327719184	-0.0951655458	-0.1629359426	-0.094722501	0.0188175696	0.132865106	0.0408233434	0.0131147661	0.106779955	-0.00986321	-0.2240926894	0.0779433396	0.1189108618	0.0309673479	-0.0180997964639288	-0.001643746554933	2.701902736854107e-06	0.0003276026320356	0.0482083377124098	0.0233735955658716	0.0005463249696769	0.0023240438249937	0.0977286730361299	0.0231096484124577	0.0005340558497474	0.0095508935334027	0.002033057971232	6.08253666002298e-08	3.699725222052351e-15	4.133324714389977e-06	0.0012399167882535	0.0004128992953289	1.7048582808318474e-07	1.5373936417928747e-06	-8.775985306703582e-05	-0.0001044196122296	7.701791810347717e-09	1.0903455418195028e-08	0.0
942.1581355408832	0.3557592172002159	887661.9523658733	0.1265646206229104	1508.0815999796102	-7.257773263113904	52.67527273877105	2274310.112197061	931.7602897818762	1.6784953731313408	2.817346717623319	868177.2376144058	1140.9585578145434	1000.2237534305872	1.081071	24.687943	0.1487092589960962	0.0843555232029774	-0.1260765283	-0.022381967	-0.2217774938	0.0908878338	-0.089459121	-0.1594488728	-0.1922544391	-0.0431665256	-0.0974748643	-0.0876642722	-0.036479706	0.1027223667	0.0058086176	0.1383950342	0.0676244187	-0.1339939567	0.0537931767	-0.0398315252	-0.0987053569	-0.1103472255	0.1234980381	-0.0675623289	0.126373428	0.0494589255	-0.0476270224	-0.0735976525	-0.1953311329	-0.1937880491	-0.1418037717	0.1112107291	-0.2727566163	-0.0016321273	0.106158975	-0.1263512335	0.0667702788	0.0639710652	0.2226631819	0.1255271829	0.0969557241	-0.0233749892	-0.0475466401	0.0534751382	-0.0264773141	0.1631238281	-0.1090079817	-0.0226677903	0.0462585082	-0.0097845391	0.0065164372	-0.126109818	0.1264766325	-0.1361522866	-0.0694129004	-0.243211262	-0.0466604118	-0.0070553249	0.0243749152	0.0025911897	-0.0328247101	0.0304201691	0.1314893639	0.1224356124	-0.0416114896	-0.0749564447	-0.0184619236	0.1088371132	0.0705143307	0.2447717589	-0.3172341578	-0.0047912979	0.0015455476	-0.1954993691	0.0646429079	0.1152490509	0.0197875765	-0.0180599687991502	3.982766477859945e-05	1.586242881716491e-09	0.0003261624730262	-0.0152560809184905	-0.0634644186309003	0.0040277324321581	0.0002327480049915	0.1434370585755147	0.0457083855393847	0.002089256508617	0.0205741897727956	0.0015759897722136	-0.0004570681990184	2.089113385539239e-07	2.4837437621218747e-06	0.0010110152372975	-0.0002289015509559	5.239592003006221e-08	1.0221518100477204e-06	1.6202940179215397e-05	0.0001039627932462	2.625352704512327e-10	1.0808262379562777e-08	0.0
940.332861301386	-1.825274239497276	884225.8900432516	3.3316260493723577	1506.802751366472	-1.2788486131382797	1.6354537753257012	2270454.53152557	929.9785320874086	-1.7817576944676148	3.1746604817945503	864860.0701434512	1140.5356920015445	996.6011902995014	1.107536	25.292313	0.1803666806513728	0.0975310132508454	-0.0307355729	-0.0400681799	-0.2534626179	0.0703137814	-0.0686205902	-0.051021022	-0.1723393341	0.0524673174	-0.0130557486	-0.2072473079	-0.0715386632	0.0956883372	-0.0490994467	0.2535122792	0.0368647407	-0.2513953569	-0.0117773454	-0.0271339844	-0.1340386301	-0.1721523807	-0.0228209358	0.1367479351	-0.0211880822	-0.1492106135	0.0282271294	-0.1580739281	0.0834596037	-0.2374481061	0.2389964051	-0.0540112292	-0.105238555	0.0780940769	-0.1038023295	0.0152367579	0.0387238233	-0.0139879858	0.2155082113	0.2052149599	-0.0885636097	-0.1203066939	-0.0426284528	-0.0329178656	0.0112390329	-0.0095312672	-0.2006883732	-0.1186719722	0.1676370659	-0.2414522152	0.0703455144	-0.0884964733	-0.0975418483	-0.1645223148	-0.227136131	-0.1766955849	-0.0055937033	0.0309669319	-0.0912283815	-0.127673192	-0.0571724366	0.0546183143	-0.1704746535	-0.1032464814	0.1988012562	-0.1076356009	-0.0486683024	0.0177519271	0.0183119887	0.2861251319	-0.1564771864	-0.1412132576	-0.0822277607	0.0239090562	-0.0674100217	0.1114298236	0.0084997322	-0.004472127664755	0.0135878411343952	0.0001846294266935	1.999992584986701e-05	0.0123634550267865	0.027619535945277	0.0007628387658324	0.0001528550201993	0.0632061805020498	-0.0802308780734648	0.0064369937964391	0.0039950212536577	0.0017380177549076	0.000162027982694	2.6253067175887197e-08	3.0207057163740545e-06	0.0001908434463855	-0.000820171790912	6.726817666077977e-07	3.6421221028295215e-08	-0.0001801657961795	-0.0001963687363587	3.245971411299313e-08	3.8560680619118676e-08	0.0
941.4074697862936	1.0746084849076851	886248.0241694313	1.1547833958355904	1511.3738924243075	4.571141057835575	20.895330570630144	2284251.042701802	930.068568105916	0.090036018507476	0.0081064846286785	865027.541378589	1139.8410606485106	993.7456594130164	1.066305	24.35075	0.0633122685179234	0.0283406377347131	0.0778799988	0.0408418244	-0.2027234867	0.1971373965	-0.0776092899	-0.003427419	-0.2029678353	-0.1008382059	0.0174051808	0.0227843627	0.0317581436	0.080007881	-0.115950958	0.1079429128	0.2075330701	-0.1020912992	0.0235742784	-0.1278035037	-0.1421324106	-0.0244123694	0.1066062375	0.0124245437	0.0208510354	-0.1681116381	0.1272886031	-0.044517764	0.0204538042	-0.2354970788	-0.1528807298	-0.2331533901	0.0735624163	0.0734726937	0.0562227202	-0.1301675061	0.0766216595	0.0001957657	0.0448797824	0.2217634847	-0.0141324679	-0.1506258486	0.0439549845	0.0490439118	0.0463397968	0.2082563686	0.0252195029	0.0019168678	0.0043765705	-0.2249582749	0.0194138619	-0.0849652863	0.0910463074	-0.184614911	-0.2487163084	-0.0679291041	0.1238813425	-0.0397085544	-0.0192478459	-0.0488276457	-0.0996189376	0.0692856055	-0.0203157202	-0.0515888837	-0.0375415011	-0.1123948022	-0.0093761688	-0.0467906862	-0.0569137964	0.2321272334	0.1177753298	-0.1311923698	0.1878628772	0.1982034935	0.0001190236	0.1074583966	-0.0028345346	0.0058273103105221	0.0102994379752771	0.0001060784226065	3.395754545511717e-05	0.0333286914292756	0.0209652364024891	0.0004395411374122	0.0011108016723878	0.0571333704783683	-0.0060728100236815	3.687902158372658e-05	0.0032642220222184	0.0018039936940905	6.597593918289987e-05	4.352824551065703e-09	3.2543932483182885e-06	-3.187064103471471e-05	-0.0002227140874202	4.960156473541904e-08	1.015737759963641e-09	-0.0004109714519059	-0.0002308056557264	1.688975342816435e-07	5.32712507152935e-08	0.0
943.7179843559944	2.3105145697007856	890603.6339969409	5.338477576799606	1514.521263821221	3.1473713969135133	9.90594671010932	2293774.6585666286	929.99320490791	-0.0753631980060163	0.005679611613694	864887.3611748859	1138.273951257378	994.5135267740608	0.989291	22.592012	0.30567977450725	0.1519630360144398	0.1281889643	0.0846954041	-0.093596525	0.1362061669	-0.0157392138	0.1476836928	-0.1093197422	-0.047633953	0.08243172	0.0193140817	0.0224399985	0.0763184648	-0.2885667877	0.0869664902	0.176791278	-0.0044997979	0.0160691704	-0.1455007031	0.0452638701	0.0182106267	0.0810122755	-0.0271951517	-0.0943125264	0.0265435236	0.141614081	-0.1380532939	-0.0725918799	0.0220151692	0.0214676058	0.0960173931	-0.0592261952	0.050301716	0.0117488489	-0.0837941628	0.1133408162	-0.031864157	-0.1022797441	0.172452282	-0.0112021064	-0.2492767503	0.0441705811	0.2073518523	0.1348782964	0.1270658479	0.0904311367	0.0108432173	0.0029593659	0.0291800749	-0.0880542441	-0.0680042718	0.1596973718	-0.0174369467	-0.2765310366	-0.0581700043	0.0788915434	-0.0444676369	-0.1842620213	0.1130587512	-0.1728700389	-0.0290303635	0.0928530564	0.0242781905	-0.096631812	0.0161391704	-0.07200106	0.1122776595	-0.0397143313	-0.0605940861	0.0852250517	-0.1710076381	0.0849106389	0.1542207395	0.1348717384	0.1033401944	-0.0141533203	0.0310559518048165	0.0252286414942944	0.0006364843516476	0.000964472142503	0.0220658957383079	-0.0112627956909677	0.0001268505667764	0.0004869037547338	-0.0643671894329003	-0.1215005599112686	0.0147623860587517	0.0041431350754908	0.0003546845706156	-0.0014493091234749	2.100496935387583e-06	1.2580114463277254e-07	-0.001536073247029	-0.0015042026059942	2.262625479879999e-06	2.359521020238215e-06	-0.0004107276331607	2.4381874520003257e-07	1.6869718864179052e-07	5.944758051091842e-14	0.0
943.9967283791538	0.2787440231593336	891129.8231905458	0.0776982304470511	1514.5779949928817	0.0567311716606582	0.003218425837991	2293946.502916658	931.1300601716564	1.1368552637463836	1.2924398907078594	867003.1889552724	1139.1193491931529	993.5344047824324	0.91213	20.829906	0.1892534368641502	0.0928993407929034	0.1132048933	0.0890375587	0.0088797505	0.1052737144	-0.0058515703	0.187172947	0.0033408542	0.0018552377	0.0925617504	-0.1050945629	0.0996834188	0.0165466234	-0.2299360831	0.0228053512	-0.0047234296	0.0603194437	0.1123241265	-0.1585007682	0.1407161681	0.1575692586	-0.015131882	-0.1390380808	0.1819277017	-0.0034075278	0.1142637717	-0.0553527959	0.0478530227	0.2007663535	0.0106636489	-0.1400119659	-0.1359331331	0.1482850586	-0.0330199509	-0.0385171036	0.0442490768	-0.0322256957	-0.1682041869	0.0964477923	-0.0907672121	-0.2236413923	-0.0615989895	0.26883783	0.0772883653	-0.0287393793	0.2151442651	-0.0023087167	0.0319302673	0.1683993497	0.0209586561	-0.001436571	0.0633910355	0.1112511179	-0.2842486001	-0.0455306208	0.0391803319	-0.0496181869	-0.2830314001	0.1402953599	-0.1506003159	-0.0857188126	-0.0218459997	-0.0393743382	-0.0420797117	0.2076197182	-0.07631783	0.302052065	-0.0069170448	-0.1821539769	0.1836200965	0.0309325402	0.0699736531	-0.1229923869	0.0427045042	0.0990808418	-0.0253948054	0.0656046719039409	0.0345487200991243	0.0011936140604876	0.0043039729756237	0.022005851961012	-6.0043777295900463e-05	3.605255191959692e-09	0.0004842575205299	-0.1382168958002552	-0.0738497063673549	0.0054537791305445	0.0191039102846586	-0.0008420473279708	-0.0011967318985864	1.4321672370942098e-06	7.09043702542764e-07	-0.0017367365330358	-0.0002006632860068	4.0265754351046855e-08	3.01625378518121e-06	-0.000629231780975	-0.0002185041478143	3.959326341889704e-07	4.774406261205348e-08	0.0
944.9059227655443	0.9091943863905954	892847.2028774049	0.8266344322441712	1523.761244218428	9.183249225546206	84.33206633849498	2321848.329382092	931.8498014882016	0.7197413165451962	0.5180275627422124	868344.0525336007	1143.6112402021097	1000.8461903474804	1.240979	28.339693	0.3618415519476616	0.163460560221839	0.0395286899	0.0356186578	0.1766571679	0.0215565591	-0.0938705089	0.2139300038	0.2749536111	0.0929101911	0.1181839288	-0.3328414743	-0.0944805432	-0.1711559344	-0.1114648266	-0.0575443352	-0.1682878118	-0.042640492	0.1130375809	-0.1186631992	0.0733646129	0.1151015149	0.1736557985	0.2294160585	-0.0860846244	-0.1748474876	-0.0596600139	-0.231415349	0.0360019497	0.0484069483	-0.0964595619	0.0598495813	-0.0238038786	-0.1115215784	-0.1923860826	0.2332854377	-0.2606730934	-0.1154979411	-0.1082806805	0.0844668874	-0.2508763777	-0.1414368532	-0.2397756794	0.1234112465	-0.1149345181	-0.0929232771	-0.159800321	0.025568305	-0.136993916	0.021121376	0.0033755452	0.1553857518	-0.1698304682	0.1603189288	-0.2574571317	0.1175153911	0.1523310963	-0.049796285	-0.1094227475	0.1288818219	-0.039304863	0.0126634757	-0.0800369509	-0.1663334226	0.082464895	0.0301179484	0.0520184091	0.1616232303	0.3226918225	-0.106813892	0.0717673159	-0.0186369344	0.0983173743	-0.012031671	0.0765055324	0.0946861568	-0.0364975928	0.0977391645283916	0.0321344926244507	0.0010326256162308	0.009552944282708	0.0722668127677934	0.0502609608067814	0.0025261641812208	0.0052224922276153	-0.2739298098465497	-0.1357129140462944	0.0184179950389369	0.0750375407225668	-0.0024538848846244	-0.0016118375566536	2.598020309039047e-06	6.0215510269881055e-06	-0.0025426708779809	-0.0008059343449451	6.495301683620877e-07	6.465175193732161e-06	-0.001086123568779	-0.000456891787804	1.1796644066572312e-06	2.087501057627354e-07	0.0
946.0355719680732	1.1296492025288671	894983.3034289595	1.2761073207741054	1524.1433934920874	0.3821492736594791	0.1460380673584674	2323013.083925576	929.4999631925392	-2.34983829566238	5.521740015761479	863970.1815749317	1141.69474839534	1016.2803573868964	1.490344	34.034332	0.3899276610553965	0.2342358176950106	-0.0989595192	0.0747243754	0.220658	-0.0381651794	-0.1401828849	0.0526169339	0.380750493	-0.1163919684	0.0945220582	0.2286723971	-0.1774465695	-0.3143519729	-0.193605686	-0.2003935274	-0.0333565832	-0.1085643131	0.0473558182	0.0914054554	0.228258762	0.1787335107	0.2064068007	-0.1532544809	0.0529202133	0.0480289899	-0.224547605	0.0600565131	0.0369159804	-0.1260812098	0.0432776269	-0.0729039015	-0.0906488438	-0.1250744278	0.2034659488	-0.1948350064	-0.3177839309	0.0284432575	-0.348782982	-0.137603319	-0.008386479	0.0357595593	-0.0341945055	0.1199880155	-0.1445547183	0.1462394038	-0.0694780938	-0.3933555758	-0.0433719072	0.0215994954	0.1558832639	0.3485388487	0.2202997903	0.153640778	-0.0206286352	0.1903897969	0.1113514407	-0.0866818943	0.0169431003	0.0934140006	-0.0504454813	-0.0095358286	-0.0763677477	-0.1436923522	0.2275605952	-0.0586204616	0.2186010815	0.0762601377	-0.2755387378	0.1248070057	-0.1337304775	-0.1293498155	-0.1269314248	-0.1539406622	0.1265879413	0.0901621419	-0.0474010431	0.1119055866450651	0.0141664221166735	0.0002006875155877	0.0125228603223761	0.114915198870392	0.0426483861025986	0.0018188848371563	0.0132055029314217	-0.5009537393061692	-0.2270239294596194	0.0515398645472862	0.2509546489248332	-0.0043150740047163	-0.0018611891200918	3.4640249407484595e-06	1.8619863666178365e-05	-0.0025387231831663	3.947694814600191e-06	1.5584294349221237e-11	6.445115400746031e-06	-0.0008294819161554	0.0002566416526236	6.88040249228834e-07	6.58649378613726e-08	0.0
945.5505352437626	-0.4850367243105893	894065.814699766	0.2352606239299466	1510.318406660478	-13.824986831609294	191.1302608941704	2281061.689497445	931.3788567074686	1.8788935149293595	3.5302408404436023	867466.5747217112	1132.9167891716645	1024.0318383110894	1.534453	35.041641	0.2527730595788784	0.1257618764731636	-0.1906391069	0.0909547315	0.2489109062	-0.0594886772	-0.1140175604	0.0857563172	0.1970226285	0.2204551379	-0.0547008581	0.0958774784	0.3726939396	-0.2476739597	0.0475251463	-0.1046655855	-0.1582100741	-0.03749073	-0.2102545885	-0.0739349372	0.0574656802	-0.0454838894	-0.1673661206	0.05903728	0.0568238156	-0.0176781297	0.1713855272	-0.0192647375	0.0813000382	-0.1338246231	-0.0292388438	-0.0476545356	0.022973656	0.1175748993	-0.143287675	0.1265156254	-0.1700272911	-0.2821863786	0.0090949152	-0.2283245269	0.0316537787	-0.1885950954	0.0208640154	-0.2187876474	0.0746413937	-0.1367295143	0.104627514	-0.0161174058	-0.0448365253	0.195576638	0.0533007292	0.2590272099	-0.2374532511	0.1667879765	0.1058924218	-0.0477090727	0.1395912287	-0.0770128578	-0.104700289	-0.0628242924	-0.0192627052	0.0205664956	-0.0071577075	-0.0342690068	-0.0332848665	-0.0451972489	-0.0876630058	-0.0967631118	-0.1732547614	0.1979894144	-0.0682052081	0.0760583718	-0.1519413712	0.0701800332	0.025878583	0.0855149763	-0.0580456054	0.1031839439018114	-0.0087216427432536	7.606705214094986e-05	0.0106469262791321	0.0539019232458883	-0.0610132756245037	0.0037226198024316	0.0029054173296056	-0.4166770378942459	0.0842767014119232	0.0071025624008744	0.1736197539083228	-0.0042630217505931	5.2052254123199394e-05	2.709437159306128e-09	1.8173354446029863e-05	-0.0014319766457142	0.0011067465374521	1.2248878981622126e-06	2.0505571138708914e-06	-1.305191174674411e-05	0.0008164300044086	1.703524002447969e-10	6.665579520987178e-07	1.0
948.5498283491438	2.9992931053811844	899746.7768611902	8.995759131987109	1515.3358476240555	5.017440963577428	25.174713822984792	2296242.731094515	933.7012506150108	2.3223939075422777	5.39351346178949	871798.0254000353	1136.9074797911792	1007.8806341063564	1.411403	32.231598	0.0892567698581579	0.0555140370895925	0.031110198	0.1509839596	0.2031401267	-0.1776461353	-0.0287204919	0.024393058	0.0937443322	0.0754839089	0.0855373122	0.2448617536	0.2011330911	-0.0735357997	0.0155500941	-0.2485576685	-0.1644379398	-0.156643142	0.0491673515	-0.1827984591	0.0111980607	-0.0430483799	-0.0822048447	0.0248403543	-0.1086368634	-0.0455452912	-0.1511373235	-0.0393350458	0.0183275621	-0.0907628469	0.0687827409	-0.0301587168	0.0848787341	0.2211966158	-0.0158340264	-0.1043836956	0.0185455192	-0.1306130433	-0.1264252092	-0.2635437492	-0.0622935278	-0.1035576414	0.023943856	-0.1619625142	-0.0078422802	-0.0222669681	0.1893317686	-0.1562258939	0.126114972	-0.2190315029	0.0372231781	0.1917231067	0.0114340195	0.2040731094	0.0372115373	0.0918203284	0.2569616266	0.0160012513	0.0232635122	0.0288388314	0.0565065752	0.0587683566	-0.0575777611	0.2276230239	-0.1340784081	-0.1003459872	-0.0571296429	-0.0445862704	0.105233591	0.0880927719	-0.0117776907	0.056437921	0.108324416	-0.0010183493	-0.0490557328	0.0807510076	-0.0683731426	0.0955868959429295	-0.0075970479588819	5.771513768955165e-05	0.0091368546760044	0.0601090182083083	0.00620709496242	3.8528027872499753e-05	0.0036130940699667	-0.3690272994542027	0.0476497384400432	0.0022704975734045	0.1361811477424618	-0.0042638803839711	-8.586333779996361e-07	7.372512778150659e-13	1.8180675928813536e-05	-0.001519984671769	-8.800802605480012e-05	7.745412650062377e-09	2.3103534024127148e-06	-0.0004802430222502	-0.0004671911105034	2.306333604200061e-07	2.1826753373345235e-07	0.0
945.9303134062296	-2.6195149429141797	894784.1578208078	6.861858536150676	1514.1323726220885	-1.2034750019670355	1.448352080359556	2292596.841822195	932.44828303291	-1.2529675821008368	1.569927761795617	869459.8005310219	1141.1904876977862	1047.0911639861504	1.381903	31.557926	0.1576802716222965	0.0846869903164152	0.0049002199	-0.1596231796	0.1679480943	-0.3415646052	0.2139721688	-0.1535215799	0.1561256264	0.1539038262	0.1108624033	0.249695628	-0.1500467705	-0.0492940998	-0.1253458456	-0.1351006197	-0.1587504014	0.0061666459	0.0671705781	0.0849052009	-0.0648825704	0.0171275037	0.0768779424	-0.1748828559	-0.095970353	0.2057758511	0.0895732997	0.0361051565	-0.0230945011	-0.1290639671	0.1903935589	-0.0136911447	-0.0366468745	0.1004175928	-0.0855620176	0.0380540828	0.0255073863	0.1489891735	-0.1074251772	-0.3665036663	0.035354523	-0.0869592743	-0.0755972394	0.0590039208	0.0947838993	0.1036843812	-0.1896637892	0.0044985924	-0.0598503114	-0.1961453119	0.0870028175	0.1055254115	0.0645036979	0.2710285865	0.0504732799	-0.0453153924	0.033160358	0.1689861151	0.0981395335	-0.0566114334	0.0733442585	-0.0096044684	-0.0377694124	0.3047819658	0.0066942658	-0.1080923057	0.0358854128	0.1365603363	0.0787876788	0.0078614986	-0.0364816827	0.0388442161	0.0486949242	0.1562069747	0.0170422704	0.0758767427	-0.0783272495	0.0785891660745505	-0.0169977298683789	0.0002889228206783	0.0061762570242932	0.0164743304859911	-0.0436346877223172	0.0019039859726241	0.0002714035649616	-0.3000560427195324	0.0689712567346703	0.0047570342555598	0.0900336287725058	-0.0041039949186134	0.0001598854653576	2.5563362032648182e-08	1.684277429200461e-05	-0.0018989749688711	-0.000378990297102	1.4363364529753796e-07	3.6061059323989953e-06	-0.000502899205729	-2.265618347880005e-05	2.529076111228591e-07	5.13302649825052e-10	0.0
941.5253342155328	-4.404979190696849	886469.9549696707	19.40384167047227	1525.1166273403517	10.984254718263172	120.65385171568678	2325980.726990009	930.4050327136011	-2.043250319308868	4.17487186735579	865653.5248987973	1144.44385412275	1048.4914824932216	1.299045	29.665733	0.078400558274089	0.0364118614620426	-0.1386775203	-0.3208306233	0.0353670819	-0.1500993485	0.1166407966	-0.2476168906	0.224043641	0.1021895019	-0.0451888791	0.0173876828	0.2325655412	-0.109675365	-0.0324002495	0.1108169783	-0.2026064526	0.1501741877	0.0284594495	0.0828500338	-0.0413585608	0.0476286668	0.0348942745	0.005073642	0.2287926279	-0.0103565533	-0.0609105471	0.0988853212	0.0690755496	0.124943486	-0.0120146387	0.1831542822	-0.0033642824	-0.1136732097	-0.1265644146	0.0768982696	-0.1300324611	0.2002562365	0.0794951052	-0.2252017893	0.0714591657	-0.0254329438	-0.2118574031	-0.0509515202	0.0626117836	0.0369545783	0.2446853851	0.0619860741	0.0139534382	0.014486344	0.0252099026	0.1034538682	-0.1116836831	0.1717290816	0.0072367904	-0.1756475945	-0.0836417555	0.1677947093	0.155613161	-0.0686529982	0.0535632461	0.0858537332	-0.0588190423	0.0426883004	-0.0433109962	-0.0273769318	-0.165381495	0.1513424707	0.0214802869	-0.0943576813	-0.0174218933	-0.0131003259	-0.0143705723	0.0790372394	0.1405637503	0.0708988393	-0.0878535601	0.0901685223003312	0.0115793562257806	0.0001340814906035	0.0081303624138253	0.0310943845019835	0.0146200540159923	0.0002137459794305	0.0009668607475571	-0.2785240792696015	0.0215319634499309	0.0004636254500091	0.0775756627329792	-0.0035798988973827	0.0005240960212307	2.7467663946985066e-07	1.2815676115481873e-05	-0.001899264963338	-2.8999446689999264e-07	8.409679083261094e-14	3.6072074009632943e-06	-0.0004139015297789	8.899767595010004e-05	1.7131447635331364e-07	7.920586324519015e-09	0.0
939.142973310404	-2.382360905128735	881989.5243183062	5.675643482285805	1515.3714683448875	-9.74515899546418	94.96812384687644	2296350.68707374	929.106940737814	-1.298091975787088	1.6850427776028256	863239.70732718	1141.371728112309	1008.271375875004	1.20629	27.547523	0.0525247139523797	0.0324270094977889	-0.1796436739	-0.2127534928	-0.1335038008	0.0704797032	-0.0565106858	-0.269835026	0.0620600168	-0.0177067287	-0.072273171	-0.132658396	0.2947544775	-0.1556573218	-0.1337205702	0.1618414658	-0.134117703	0.0634507872	-0.0299931094	0.1284590731	-0.2644909504	-0.1018246089	-0.1351472492	0.1763064017	0.0379033209	0.1081415153	-0.0485804831	0.0490340399	-0.1870256568	-0.0034228715	-0.0011079343	0.000366479	-0.108846281	0.0878771569	0.0148403229	-0.0582277902	-0.116875012	0.1729085562	0.2318626773	-0.052049086	0.0829813597	-0.1982864119	-0.1643522415	-0.1490098281	-0.0525335901	-0.0749301574	0.1219854184	0.0156733707	-0.0213065676	0.0340909813	-0.0268014889	0.1113020395	-0.0556912377	0.0521149896	-0.070017869	-0.1544025337	-0.036321572	0.2084220529	0.2285239659	-0.0032502501	-0.0598309625	0.214443756	-0.0193613297	-0.1047956558	-0.0713551924	0.139348285	0.0128838736	-0.0329553654	0.0647899019	-0.033147435	-0.0037157296	0.0804856064	0.22057262	-0.0634552928	0.0536504851	0.0658240966	-0.096900045	0.0927372910317529	0.0025687687314217	6.59857279552985e-06	0.008600205147908	0.0315128509832476	0.0004184664812641	1.751141959415609e-07	0.0009930597770923	-0.3095364332158254	-0.0310123539462239	0.0009617660972858	0.0958128034879751	-0.0039129453128614	-0.0003330464154787	1.1091991486321093e-07	1.5311141021444e-05	-0.0018991256399651	1.3932337289998369e-07	1.9411002236227912e-14	3.6066781963728506e-06	-0.0004512182867967	-3.731675701780003e-05	2.0359794233974907e-07	1.3925403543255275e-09	0.0
939.9307121125568	0.7877388021527167	883469.7435724181	0.620532420416997	1512.393101395268	-2.978366949619385	8.870669686585082	2287332.8931479976	929.6372940024652	0.5303532646511258	0.281274585326107	864225.4984002259	1141.71185360543	1000.0232525497188	1.034509	23.624641	0.1698681226158648	0.0954665337909542	-0.1672766799	-0.0960661438	-0.1926619454	0.0598777052	-0.123732665	-0.1767098544	0.0393270178	-0.0332971713	-0.0106079093	-0.0824521543	0.047826393	-0.1349241367	-0.1446601738	-0.0241258496	0.018065362	0.0858571788	-0.0371011107	0.1217361442	-0.1377142483	-0.0748312281	0.1130759768	0.0399253998	0.1097112598	-0.0643433899	-0.0329671659	-0.056219727	-0.1074725882	-0.1109405165	0.0580708273	-0.0120972793	0.168676451	-0.0131770195	0.103665688	-0.2133787214	-0.1428379137	0.1500332266	0.1115941261	0.0052229947	0.0104028399	-0.1544182761	0.011545889	-0.0066427065	-0.2273177624	-0.0859368639	0.0391490476	-0.0140789409	-0.0038649345	0.0874219219	0.0705589834	0.1613179311	0.1041705771	0.0272678896	-0.0347917049	-0.0906186611	-0.0414234535	0.2273675696	0.1404015438	-0.0429091567	-0.1786145282	0.0033817328	0.0566720356	-0.1274504586	0.039183202	-0.0592527293	0.1495620249	-0.0795045664	-0.0620161599	-0.0896744491	-0.154651843	0.1198132969	0.0126705722	-0.1207065521	0.0686036544	0.0606594461	-0.1054172954	0.1081415248219457	0.0154042337901927	0.0002372904186629	0.0116945893908154	0.0568171400873467	0.025304289104099	0.0006403070470638	0.0032281874077051	-0.3987547008703984	-0.0892182676545729	0.007959899283283	0.1590053114662409	-0.0042640062524836	-0.0003510609396221	1.2324378332842177e-07	1.8181749321219237e-05	-0.0023176158519864	-0.0004184902120213	1.7513405755763277e-07	5.371343237378647e-06	-0.0004219427971002	2.9275489696500032e-05	1.7803572402474053e-07	8.570542969698794e-10	0.0
940.1374999055192	0.2067877929624728	883858.5187286002	0.0427611913182905	1508.685775700943	-3.707325694325164	13.744263803803555	2276132.769802356	928.220349183216	-1.4169448192492382	2.007732620797256	861593.0166378113	1139.8077594370568	1000.95040932466	1.190276	27.181826	0.2041342081103913	0.1087554870721059	0.0248191894	-0.0403441445	-0.1146139374	0.1226787907	-0.0177669927	-0.0478610036	-0.1101934317	0.0362601469	-0.0593115138	-0.0715707341	0.146467299	-0.0904053141	-0.0896411533	-0.0293096546	0.0422551695	0.0868813022	-0.2433958672	-0.0653631684	-0.0894145308	0.0374915109	-0.1659542935	-0.057311653	0.0327507897	-0.0515150613	0.1153521815	-0.1068612877	-0.0381457953	0.2829682203	0.0705419804	-0.0890723299	0.0343862658	-0.0052911315	0.033493971	-0.0461091305	-0.0154509843	0.0235630078	0.0975420543	0.0104996989	0.0388231396	-0.3201263365	0.1333745904	-0.02232782	-0.1397171607	-0.1411784619	0.0376044893	0.0703040119	0.0704499854	-0.045889075	0.1314090342	0.053317346	-0.0311313703	0.0889904707	0.0006089618	-0.130005652	-0.0707960741	0.2394605903	-0.1039788037	-0.1878224802	-0.0436709206	-0.0178127833	0.049329567	-0.1345186066	-0.0677665002	-0.0444671445	0.1129206075	-0.0581254618	-0.1752843162	-0.035448957	-0.0496416382	0.0259919145	0.2035268887	-0.0437538542	-0.108447933	0.0554119421	-0.1133587932	0.1040660194483962	-0.0040755053735494	1.6609744049830767e-05	0.0108297364038339	0.0048225027399411	-0.0519946373474056	0.0027034423128882	2.3256532676739417e-05	-0.3163362240137672	0.0824184768566311	0.006792805327367	0.1000686066232883	-0.0046486048743257	-0.0003845986218421	1.4791609992284285e-07	2.1609527277604655e-05	-0.0017092707256316	0.0006083451263548	3.700837927596376e-07	2.9216064135011767e-06	-0.000101974774641	0.0003199680224592	1.0398854663082737e-08	1.023795353964511e-07	0.0
941.915473015906	1.777973110386711	887204.7583067778	3.1611883812581945	1516.8130424974602	8.127266796517233	66.05246558177149	2300721.805890402	931.6707741929072	3.45042500969123	11.905432747502726	868010.431485211	1142.3989565408178	990.6549224488722	1.092573	24.950609	0.2365222603844184	0.1374069652014988	0.1101522874	0.0366686999	0.0387050949	0.0766975131	-0.0565773646	0.1025120425	0.0874410567	0.0933640744	0.0221319014	-0.1396074077	0.1747250042	-0.1762397719	0.114655785	-0.0605268175	-0.0504298368	0.0407372138	-0.0185255502	0.001316745	-0.1145055545	0.1537454333	-0.1713160105	-0.1391297084	-0.0605274467	-0.0635964836	0.1449471622	-0.106309277	0.131218861	-0.1645550573	-0.0908016443	0.1186997101	0.1107745445	-0.0771364878	0.1255954895	0.1122757476	-0.1667526102	-0.0635858147	0.0140494956	0.0332135377	-0.1251201839	-0.1155739094	0.1626259294	-0.0477581608	-0.1591287198	0.0681898221	0.1009639144	0.1710049842	0.1288590196	-0.0612246614	-0.0145345997	0.1571136459	-0.0817605465	-0.0188944704	-0.0259601395	0.1186875647	-0.0597427904	0.1126753669	-0.0670213878	-0.1882436264	-0.0301748364	-0.0396846768	0.067599263	-0.0459387261	-0.2008201199	0.115153478	-0.0598672698	-0.0406962659	-0.0526657741	-0.1322040896	-0.13713277	-0.1540447022	0.0536033747	-0.0196277864	0.0403739194	0.0500887521	-0.1206811645	0.1329491461761591	0.0288831267277629	0.000834235009572	0.0176754754689697	0.0502172966829306	0.0453947939429895	0.0020606873171264	0.0025217768861414	-0.4393313685321232	-0.1229951445183559	0.0151278055750912	0.1930120513763082	-0.0047512259668022	-0.0001026210924765	1.0531088621070406e-08	2.2574148187615503e-05	-0.0023186004256199	-0.0006093296999883	3.712826832878317e-07	5.375907933684782e-06	-0.0001750078860824	-7.30331114414e-05	3.062776019103029e-08	5.333835366811952e-09	0.0
943.1128010204995	1.1973280045936008	889461.7554487324	1.4335943505840938	1518.220250950628	1.4072084531678684	1.9802356306671047	2304992.730396588	932.9823122291468	1.3115380362396536	1.720132020503367	870455.9949324452	1142.7575392668468	1004.2794815968512	1.0014	22.868538	0.1156054584492954	0.0583345582045303	0.0639264978	-0.0587177372	0.1555195917	0.0478320486	0.0005885465	0.0799822813	0.1753233013	-0.0429963137	0.0696645448	0.0373612257	-0.0313731171	-0.115844226	0.154704353	-0.0471243729	-0.0378667933	-0.0305509735	0.1504987542	-0.0983093838	-0.0704061366	0.2009203792	-0.0999356623	0.0369748286	-0.1591044047	-0.0232029378	0.0555685187	0.1009372472	-0.1831645718	-0.0719687556	-0.102238591	0.0563514643	0.0816219713	-0.0629094301	0.1287250927	0.0164056747	-0.1653286352	0.0155428738	-0.1470049433	-0.0013563061	-0.0787655341	0.0378929196	0.1217125911	-0.0826339736	-0.004919143	0.093226077	0.0375747844	0.2420644843	-0.0929575132	-0.2155334232	-0.0203896971	0.1506348459	-0.0069124149	0.0095991364	-0.0066788871	0.1432705035	-0.0988185467	-0.0117530812	0.0497466461	-0.1570887085	0.080094083	-0.0918759789	0.007749401	0.0521794646	-0.2520927897	0.1362907966	0.1074760441	-0.021787378	0.1058582324	0.0176730719	0.0698175629	-0.0280965388	0.0326330106	-0.0491081795	-0.1928562175	0.0446971468	-0.1273444172	0.1382965991911362	0.0053474530149771	2.859525374738773e-05	0.0191259493478337	0.0701556232605895	0.0199383265776588	0.0003975368667173	0.0049218114750817	-0.4355857867603987	0.0037455817717244	1.4029382808674544e-05	0.1897349776276755	-0.0043553996360627	0.0003958263307395	1.566784841066962e-07	1.89695059898151e-05	-0.0018289705881526	0.0004896298374673	2.3973737773825466e-07	3.345133412327268e-06	0.0006710178874095	0.0008460257734919	4.502650052235085e-07	7.157596094125677e-07	0.0
944.7677376926388	1.654936672139229	892586.0781848667	2.7388153887912656	1513.7328583993317	-4.487392551296352	20.136691909429988	2291387.166597811	931.9494813720082	-1.032830857138606	1.0667395794576675	868529.835829555	1140.9144364142733	1024.6604531258615	1.119608	25.567999	0.1059099391106465	0.0518492537492774	-0.1033081415	-0.0882802723	0.188651553	0.0912115242	-0.0469812392	0.0245256217	0.1344757233	-0.0874187594	-0.0014868124	0.1902895032	0.0164398814	-0.0654053656	0.1108535626	-0.0846899995	0.0533392512	0.1112909455	-0.0436690691	0.0008002042	-0.1768506557	0.0179306014	0.0887366375	-0.1606057649	-0.1018827625	-0.0285724341	-0.047373351	0.2063936887	0.0486310102	-0.0666822058	-0.0189177548	-0.0122055886	0.0065385002	0.1403674918	0.0277196523	-0.0383625845	-0.0962737154	-0.0115331813	-0.1272854167	-0.0892862737	0.1460985968	0.0732444305	0.0123687897	-0.0142987884	0.0926887529	0.063570084	-0.0342449059	0.1991150358	-0.2112158309	-0.1032004895	0.0133794889	0.1020751839	0.0992019472	0.051617178	0.0464626856	-0.0154040023	-0.1701058459	-0.0333219988	0.042561679	-0.0613163437	0.1053024799	-0.181477274	0.1370755472	-0.0452865744	-0.0500904628	0.0583090165	0.1297918491	0.0524167419	0.073166754	0.1090728718	0.0289514723	-0.095476183	-0.1105462116	0.1726300924	0.0006030484	0.0392444906	-0.1333121588	0.1351250906434984	-0.0031715085476378	1.0058466467739714e-05	0.0182587901214136	0.034589016532422	-0.0355666067281674	0.0012649835141561	0.0011964000646801	-0.4170017753065025	0.0185840114538962	0.0003453654817185	0.1738904806087748	-0.0042917253939683	6.367424209439976e-05	4.05440910629623e-09	1.8418906857232363e-05	-0.0023200570237444	-0.0004910864355918	2.411658872222591e-07	5.382664593425724e-06	0.0002540223174768	-0.0004169955699327	6.452733777628417e-08	1.7388530534349734e-07	0.0
945.2677577852209	0.5000200925820764	893531.1339082989	0.2500200929857882	1513.6019053476634	-0.1309530516682571	0.0171487017412292	2290990.727872077	930.0960452635476	-1.8534361084606417	3.4352254081457274	865078.6534148911	1140.350413372023	1020.80793413395	1.028766	23.493473	0.0473788149001022	0.0227246950528475	-0.1728614268	-0.0218486875	0.1128262632	0.0556065877	-0.1153206164	0.0165917064	0.0821032119	0.0706627938	-0.1315985623	0.0533880139	0.0681132865	-0.0920181868	0.1512032532	0.0048074228	-0.0197263316	0.0316460408	-0.0513315798	-0.069244919	-0.0446412514	0.0191502606	-0.0104793887	0.0179948174	0.0015810785	-0.133506622	0.0467663862	0.133745158	-0.1506496287	0.1235435381	0.126643501	-0.1076949326	0.0402756598	0.0462513014	-0.0833573571	0.0423318846	-0.1296138339	-0.1000769129	0.039102425	-0.0424728721	0.1353894473	0.0834768705	-0.0237091071	-0.0450089567	0.1315056627	-0.0223783642	0.1370538104	0.1280474303	0.0098246398	-0.0453435312	-0.1337638179	0.1057838499	-0.0826032067	-0.0050541531	0.0874286096	-0.1233663189	-0.1227055366	-0.1049475573	-0.0381208154	-0.0654557528	0.0652594592	-0.1172720212	0.1166919022	-0.1193451596	-0.0881927842	0.0572522985	-0.1695313755	0.0362483625	0.0120161422	0.0191044104	0.1495611937	-0.0123235016	-0.2848614506	0.1542532004	-0.0517665349	0.0337382312	-0.1385517956	0.1403513049527447	0.0052262143092463	2.7313316006170803e-05	0.0196984888019383	0.0472127226267957	0.0126237060943736	0.0001593579555571	0.0022290411778347	-0.4259475321448747	-0.0089457568383721	8.002656541128255e-05	0.181431300140309	-0.0040952519476468	0.0001964734463215	3.8601815109447563e-08	1.6771088514704907e-05	-0.0021060346108434	0.000214022412901	4.580559322396621e-08	4.435381782070311e-06	0.0002551892114165	1.1668939396999691e-06	6.512153362337513e-08	1.3616414665085157e-12	0.0
946.1287948948328	0.8610371096119707	895159.6965291486	0.7413849041289368	1515.2923911517355	1.6904858040720685	2.857742253769187	2296111.030682344	931.6510477235904	1.5550024600428287	2.4180326507392493	867973.6747244637	1140.6700155653093	1017.5999617680826	0.940319	21.47366	0.0579697709579908	0.0315953030532962	-0.1849880616	0.076414926	-0.000129202	0.0384913764	-0.1554320392	-0.0998098519	-0.0684373905	0.0675737287	-0.0468546366	0.0613385795	-0.0472228889	-0.0304699871	0.1108751446	0.0778923722	-0.0781728284	-0.0842551322	-0.0804151874	-0.2238926427	-0.0162475174	-0.17399216	-0.0280038074	-0.0750173822	0.0174203924	0.0400619061	-0.0855825949	0.1818752269	-0.0992065706	-0.0255546279	0.0990168404	0.0438842162	-0.0751996113	-0.2164796801	0.0921708144	-0.0750407261	-0.0329820834	-0.1031624716	0.1294476943	-0.0093318251	0.0527349759	0.0406850479	-0.0212445277	-0.0349231185	0.1388127077	-0.0374679327	-0.0003479805	-0.0386844615	0.0721378808	-0.1409490039	-0.0744414463	0.0730323702	-0.0419342476	-0.0762029445	0.1038136871	-0.1197831641	0.0841499635	-0.0915537174	0.0585646443	0.0421550972	0.0013232277	0.1564780948	0.0555214584	-0.0610121714	-0.0975269514	0.2011209588	-0.1701952259	0.0074957879	0.1101463408	0.0883549637	0.1714738407	-0.0474457657	-0.151680928	0.0395740535	-0.1703309272	0.0281858894	-0.1430347106	0.1370639149068893	-0.0032873900458554	1.0806933313589197e-05	0.0187865167696029	0.0407815653177578	-0.0064311573090378	4.135978433359159e-05	0.0016631360697665	-0.4132112245519721	0.0127363075929025	0.000162213531101	0.1707435160957403	-0.0043318070872371	-0.0002365551395903	5.5958334066586575e-08	1.876455264103757e-05	-0.0016340640852934	0.0004719705255499	2.2275617698794317e-07	2.670165434845756e-06	0.0002569618664801	1.7726550636000256e-06	6.602940082493675e-08	3.1423059745068108e-12	0.0
948.7072017335988	2.578406838766	900045.3546211954	6.648181826195278	1512.702412923177	-2.5899782285584934	6.707987224406991	2288268.5900636017	931.4684055318662	-0.1826421917241987	0.0333581701978189	867633.3905040772	1142.8822425607018	1022.5998157508168	1.003749	22.92219	0.0856294209633973	0.0560138474606934	-0.1687797637	0.0879139588	-0.0589607706	-0.0931183844	-0.1464214485	-0.1054781744	0.0005268736	0.0172554624	0.0556202405	0.086398908	-0.1966989235	-0.0898020859	-0.06777089	-0.0683394784	0.1599307568	0.0845587166	0.0109303915	0.0026296417	0.0837743622	-0.2243690787	0.1759782572	-0.0220763041	-0.0192477746	0.063844062	-0.0244592488	0.2758672531	0.0994395316	-0.0154420819	-0.088582633	-0.2938067303	-0.0536356514	-0.110955087	-0.0634213064	-0.2277183858	-0.0580240633	0.0189561004	0.041436356	-0.057764295	0.0273203753	0.0869475576	0.034050568	0.1622564935	-0.0332431669	-0.0803794272	-0.1575350224	-0.1012043438	0.0401229899	0.0153760919	-0.1330385165	0.0882897106	0.1834163711	-0.0841385636	0.0805374384	-0.1054320825	0.0670858324	-0.0728417576	0.0406033939	0.1018315447	-0.1134282286	0.1386837657	0.0933840511	0.0813364092	0.143163134	0.1152139763	0.0293733393	-0.0438701924	0.0716176228	0.0933049785	0.06515582	-0.0121614312	-0.1716735985	-0.0491991448	-0.0094245524	0.022595049	-0.1467364196	0.1371245976974222	6.068279053289549e-05	3.682401066859271e-09	0.0188031552936798	0.0474516131704518	0.006670047852694	4.44895383572279e-05	0.0022516555924781	-0.4646768372337675	-0.0514656126817953	0.0026487092887125	0.2159245630615772	-0.004282609989233	4.919709800410045e-05	2.4203544520250647e-09	1.834074831987828e-05	-0.0017682788928046	-0.0001342148075112	1.8013614555268516e-08	3.1268102427382624e-06	-0.0001082877807721	-0.0003652496472522	1.172624346454639e-08	1.3340730481785654e-07	0.0
946.974019703539	-1.7331820300597656	896759.7939934788	3.00391994932209	1512.153048337161	-0.5493645860160541	0.3018014483685905	2286606.8415953685	932.003620642742	0.5352151108758108	0.2864552149098064	868630.7488911801	1140.2218654279666	1017.8110178407208	1.005589	22.964205	0.0886773451536372	0.0573526713440487	-0.1249959265	0.0340466396	-0.1408370323	-0.1271709532	-0.0291361749	-0.1374656025	-0.096209473	0.1251333699	0.0178706574	-0.0228371933	-0.1364287828	-0.0610738054	-0.0825598696	0.0165200358	0.0598532428	0.0591494687	-0.0215206712	0.0666235279	-0.0009264181	-0.2620287857	-0.1862828089	-0.0849788323	0.0727237604	0.1185289763	-0.0238269903	-0.3637895895	0.0519441324	0.231518892	-0.0907129127	-0.0002564893	-0.1038203091	-0.0257479766	0.0436123351	-0.0859232519	0.0494797324	0.0132056059	0.1617472495	-0.1180279923	-0.0375537209	-0.0867055638	0.0747084892	0.0978605999	0.0459891805	-0.1073725817	-0.2253292714	-0.0559453974	0.0293294939	0.1813529483	-0.0817453435	0.0238209577	0.075550034	-0.0193835148	0.0484175927	-0.1330038792	-0.0215807053	0.0636298932	-0.093191595	-0.0162820414	-0.1065035439	0.0289828654	0.0498988385	0.0588742506	0.2580252259	0.0612150906	0.0808829583	-0.0231038447	0.1229563343	0.0598226873	-0.0004782686	0.1555958354	-0.0660690518	-0.0690790115	-0.1299292503	0.0169733466	-0.1496367051	0.1301977610391276	-0.0069268366582945	4.798106609069359e-05	0.0169514569796017	0.0285636649802398	-0.018887948190212	0.0003567545868361	0.0008158829571033	-0.4132763596391555	0.051400477594612	0.0026420090969542	0.1707973494365925	-0.0044660798858463	-0.0001834698966133	3.366120296329515e-08	1.9945869546760903e-05	-0.0017628579394082	5.420953396400143e-06	2.9386735725942246e-11	3.107668114534525e-06	-6.793697657142854e-05	4.035080420067146e-05	4.6154327856668295e-09	1.6281873996409254e-09	0.0
945.4177828385504	-1.5562368649887048	893814.7841073604	2.4218731799498725	1517.7068954300094	5.5538470928484	30.845217530740623	2303434.220435797	932.6092973471294	0.6056767043874061	0.3668442702375892	869760.1014983065	1141.607478393017	1015.4515061665104	1.124317	25.675533	0.0761195217362613	0.0361088631527279	0.0420902581	0.0103552505	-0.0922274056	-0.0672330015	0.0070148787	-0.0848303705	-0.0403143834	0.0941944405	-0.0296000751	-0.1596532419	-0.0469877824	-0.0085774308	0.0767464362	0.0555039461	-0.0789343573	0.0792723329	-0.0420926943	0.0214502018	-0.0417427746	-0.0251852033	-0.082540422	-0.0111408406	-0.1368824191	-0.1013323848	0.0163568277	-0.0032947897	-0.0327757757	0.0861700581	-0.0748415512	-0.0602632878	-0.0019596535	0.0854668036	-0.1308119024	0.087334977	-0.014947356	0.0177857447	0.1528394897	0.0269678072	-0.1510782136	-0.0322647566	0.0966557083	-0.0686285119	-0.0298333406	-0.0155791832	-0.0515048508	-0.0866197645	0.0250607505	0.0189265958	-0.0282367951	0.0123025029	-0.1101350499	-0.1114802315	0.0284905978	0.0222769049	0.0366933175	0.0076788399	-0.1310001704	-0.1583840596	-0.0665760268	0.0838186852	-0.0284371168	-0.0155181194	0.071864034	-0.1590044387	-0.0281406342	-0.0200610758	-0.0990437193	0.0270253689	0.1138285691	0.1623608008	-0.0462228312	0.1183071377	-0.0161894674	0.0113284606	-0.1517197269	0.1370796962432194	0.0068819352040917	4.736103215331773e-05	0.0187908431221332	0.0453372200077808	0.016773555027541	0.0002813521482619	0.0020554635180339	-0.4201617400860726	-0.0068853804469171	4.740846389878848e-05	0.1765358878321564	-0.0040237739579945	0.0004423059278518	1.956345338128419e-07	1.6190756865034726e-05	-0.0019080264610094	-0.0001451685216012	2.1073899663878118e-08	3.640564975912056e-06	0.0002561615951298	0.0003240985717012	6.56187628194436e-08	1.0503988417877638e-07	0.0
947.3090301626056	1.8912473240552568	897394.3986276165	3.576816440746171	1520.5439666636262	2.8370712336168253	8.048973184616095	2312053.954557155	931.6855992130348	-0.9236981340945932	0.853218242929833	868038.0557809517	1141.1723856652886	1014.3327366319944	1.055327	24.100054	0.1259083327917452	0.0780371391711759	0.0543423435	0.1303089813	-0.0271710844	0.0460871617	-0.1066122538	0.0263631973	-0.0236796752	-0.1235310723	0.0533669648	-0.0027730799	0.0161490625	-0.0621212239	0.1098121381	-0.1481610271	0.2232614086	-0.0551527245	0.0093360405	0.0703875373	0.0048981988	-0.0610498242	-0.0368190761	-0.1436637939	0.0823509552	-0.0170401704	0.182215493	-0.0282668527	0.1026014549	-0.0203824373	-0.0416119065	0.3017513378	-0.0354615899	-0.0284459865	-0.0956201089	-0.1312633159	-0.0222301405	-0.0601880915	-0.0576652299	0.0737801864	-0.0455844105	0.088021961	0.086724211	-0.0778419998	-0.0479855003	0.0236686288	-0.0330178138	0.1198068536	0.0942589502	0.1437233749	0.0742084211	0.0520549816	0.1226008119	-0.1530760773	0.0733690781	0.1518228942	0.1044298509	-0.0601812503	-0.0196304852	-0.0445839243	-0.079405733	-0.0066287794	-0.0642545804	0.0139669762	-0.0170615402	-0.0664944526	-0.0343198447	-0.0019365963	-0.1155371661	0.1407971895	0.039075936	-0.0471830892	0.0340796141	0.1268299643	-0.0724752589	0.0056681013	-0.1529741081	0.1370584839190627	-2.121232415669416e-05	4.4996269612867065e-10	0.0187850280141919	0.0661670883772984	0.0208298683695176	0.0004338834162914	0.0043780835843292	-0.4953580514857236	-0.075196311399651	0.0056544852481132	0.2453795991717328	-0.0045467640982772	-0.0005229901402826	2.735186868329178e-07	2.067306376538248e-05	-0.0019810907459616	-7.306428495219971e-05	5.338389735576237e-09	3.924720543734688e-06	0.0002549972063963	-1.1643887335000382e-06	6.502357526991722e-08	1.355801122701823e-12	0.0
948.576292437264	1.2672622746583784	899796.9825740258	1.6059536727723271	1518.2191434867216	-2.324823176904601	5.404802803872804	2304989.3676495543	932.111723999334	0.4261247862991695	0.1815823334985128	868832.2660170106	1141.4209334453296	1020.4461518862644	1.030575	23.534792	0.0753948135903106	0.0359790111982951	0.1237696489	0.0555053939	0.0467477938	-0.1071788044	0.0957327266	0.0777224608	0.0041098875	0.0877588215	0.0546459075	0.0946547632	-0.0571604985	-0.0356393586	-0.0307459296	-0.0878932379	0.0864079054	0.0547193277	0.1619556854	0.0584633271	0.2322968516	0.0096728467	-0.1264235233	0.1304479189	0.1342015823	0.0849455572	0.1982686313	0.0123133367	-0.0162083432	-0.1308471094	-0.155997439	-0.0900192845	0.0664397702	-0.0332310353	0.0008967884	0.0156237099	0.0424553596	-0.0025068954	-0.1261122319	-0.0912114387	-0.0627051809	-0.0021793194	0.1974265949	0.0691029141	0.0438857588	-0.0729024476	0.0249944749	0.0466900091	0.1791063926	0.043531177	-0.1983807671	0.0422323716	0.1550425007	-0.0301975721	0.0625644659	0.1320850064	-0.071959474	-0.096548456	-0.157378173	-0.0076503758	-0.0721956805	-0.0630617965	-0.0356183974	0.140101298	0.0203262386	-0.1002402754	-0.2980938235	-0.0772608274	-0.0235741729	0.0041939352	0.1522113588	0.0544987228	0.0060794964	-0.1346079489	-0.0844817836	0.0	-0.1533929978	0.1556251134095276	0.0185666294904648	0.0003447197306362	0.0242191759237283	0.0697341506382258	0.0035670622609274	1.2723933173332498e-05	0.0048628517652347	-0.507191188840082	-0.0118331373543583	0.0001400231396471	0.2572429020370156	-0.004184075127652	0.0003626889706251	1.3154328941316713e-07	1.7506484673836098e-05	-0.0023208114970967	-0.0003397207511351	1.1541018875179672e-07	5.3861660050562265e-06	0.0003811471743272	0.0001261499679309	1.45273168497609e-07	1.5913814408967104e-08	0.0
946.3598130665972	-2.216479370666775	895596.8957874448	4.912780800591384	1513.2342995444496	-4.984843942271937	24.848669128805223	2289878.045317781	932.1387675433364	0.0270435440023675	0.0007313532722079	868882.6819572101	1141.3567564439145	1018.4694566752742	1.049349	23.963524	0.1108859233834119	0.0558159317978521	0.0740803541	-0.0825643874	0.1683646704	-0.0161289982	0.11769517	0.0484963495	0.0960503044	0.0262521317	-0.0839392532	0.0562256545	-0.1757720909	-0.034659376	-0.0028717361	-0.0457536014	0.1555234321	0.1080854502	0.1056249447	0.0149471151	0.3226177853	-0.0887755796	0.0419823378	0.1204651615	-0.1448036952	0.1081291234	0.2290920432	-0.0516570274	-0.071903925	0.050986978	0.1683267433	0.0385297319	-0.142290954	0.0476965792	-0.0853739399	0.1148644774	-0.01302787	0.0478736869	-0.1108689093	-0.0484515762	0.0426281488	0.0599416647	0.1718252121	0.1348512123	0.1447470296	-0.1091546608	-0.2580838459	0.081391073	0.0516365127	0.0873781714	-0.0309404803	0.0261309649	-0.0020905712	0.0465881841	-0.0028743294	0.064762852	-0.2547147069	-0.0956827471	-0.1397095043	0.1305252553	0.0881139516	-0.040089352	-0.0109228446	0.1967362764	0.1559481265	-0.0706018231	0.005226893	-0.1370442485	0.0569784171	0.0770952283	0.1161410798	0.0726217501	0.0882250665	-0.1242442439	0.013765381	-0.0056681013	-0.1529741081	0.1586924029726901	0.0030672895631625	9.408265264285706e-06	0.0251832787612466	0.0627212399190995	-0.0070129107191262	4.918091675443653e-05	0.0039339539369892	-0.4709091041449227	0.0362820846951592	0.0013163896698267	0.2217553843665736	-0.0046161515892272	-0.0004320764615751	1.8669006864734522e-07	2.13088554947248e-05	-0.0027078101112514	-0.0003869986141547	1.497679273576585e-07	7.332235598595321e-06	-9.025051806217698e-05	-0.0004713976923893	8.145156010491333e-09	2.222157843900297e-07	0.0
945.8629441319504	-0.4968689346468409	894656.7090819611	0.2468787382170866	1521.2210243979653	7.986724853515625	63.78777388576418	2314113.4050703947	929.7600280917025	-2.378739451633919	5.658401378759638	864453.7098370834	1142.384898665508	1026.266024752827	1.127403	25.746023	0.1267887717907125	0.0551990483012661	-0.0964271842	-0.0981121398	0.1913599709	0.0597522851	-0.0260620933	0.0043578081	0.1615434265	-0.0237937338	-0.1497840595	-0.0819307569	-0.1339278302	-0.1234513057	0.1097773598	0.2344708709	0.0161246814	0.0001339052	-0.0837930383	0.0193846716	0.0937978661	-0.0017464825	0.2312930007	-0.0343408573	-0.0695662862	-0.0321198601	-0.0914141966	0.0409289445	0.1154230232	-0.0145158845	0.1106982832	0.0446687564	0.1088223798	0.0254742615	-0.085116181	0.1504273804	-0.186066795	0.0168219558	0.0116509177	0.0483852854	0.0719759824	0.1896172846	0.0324182653	0.0101074912	0.2279812974	-0.0521274851	0.0024248629	-0.0327257992	-0.0238245609	0.0080551639	-0.0650813655	0.0766076984	-0.1195930605	-0.1037539965	-0.0036406032	0.0568250208	-0.1971482221	-0.147821041	0.0155343831	0.2067438663	0.1090356941	0.0413541481	0.0014827277	0.0005983604	0.0833521636	-0.1112554507	0.0033267694	-0.0744045619	-0.0475296991	-0.107167718	-0.0968568633	-0.1141368761	-0.0010308731	0.2590970821	0.0493572408	-0.0113284606	-0.1517197269	0.1794555647345816	0.0207631617618914	0.0004311088863504	0.0322042997142076	0.0761354963351124	0.0134142564160128	0.0001799422751945	0.0057966138021939	-0.5088523603274098	-0.037943256182487	0.0014396906897298	0.258930724610776	-0.0052297813825644	-0.0006136297933371	3.765415232710546e-07	2.7350613309417203e-05	-0.0031231238811106	-0.0004153137698591	1.7248552743466047e-07	9.753902776763338e-06	-0.0001546689034722	-6.441838541002302e-05	2.392246970129272e-08	4.149728378834266e-09	0.0
946.4161962208324	0.5532520888820045	895703.6164691091	0.3060878738523014	1515.7030150025755	-5.518009395389754	30.4484276876096	2297355.629687898	929.8757477971434	0.115719705440938	0.0133910502273374	864668.9063412966	1140.7517111353936	1020.125834904516	1.197821	27.354124	0.103223915057996	0.0502424403068154	-0.1659076939	0.0196733945	-0.0427806983	0.0656461656	-0.137977059	-0.1205178469	-0.0559834147	-0.1128489727	-0.0313828512	0.052421765	-0.0957836794	-0.0833914359	-0.042469185	0.0234692242	0.1161357675	-0.0256443694	-0.1184562408	0.084288024	0.1271264697	-0.0734950813	0.0050046865	0.0956611473	-0.0634010609	0.0979587368	-0.0474024426	0.1293574035	0.0434783626	-0.0645698489	-0.0178990291	0.2053039914	0.0170786928	0.1005047927	0.1006025349	-0.1622519348	-0.0291912241	-0.0142676684	0.0527251744	0.0538344098	0.1100388912	0.1008327974	0.037371858	-0.0670200711	0.0444493654	-0.1300236553	-0.0480924181	-0.1180745131	-0.1048381816	0.041598419	-0.0253711914	0.0161112398	0.055129483	-0.0726657143	0.0505578212	-0.0835910187	-0.1251030646	-0.0761034919	0.058514355	0.3029207292	-0.0171092887	0.094381468	0.0588940443	-0.1082782726	0.0210905211	-0.0188958638	-0.1434577328	-0.1422064425	0.0301559215	-0.1123399578	0.0031651787	0.0064419429	-0.0017432562	-0.1084653255	-0.0890944195	-0.0169733466	-0.1496367051	0.1617918080722518	-0.0176637566623298	0.000312008299426	0.0261765891592883	0.0671090344575873	-0.009026461877525	8.147701402641384e-05	0.0045036225058296	-0.4687621031835505	0.0400902571438592	0.0016072287178607	0.2197379093810656	-0.0046161115953933	0.000613669787171	3.76590607686623e-07	2.1308486261124475e-05	-0.00313789602319	-1.477214207940003e-05	2.1821618161398102e-10	9.846391452351618e-06	-5.424204523706228e-05	0.0001004268582351	2.94219947149951e-09	1.0085553854980449e-08	0.0
948.852455422538	2.4362592017056386	900320.9821613795	5.935358897895395	1512.8761511722328	-2.826863830342745	7.991159115300056	2288794.248785709	931.819698265794	1.9439504686506552	3.7789434245671023	868287.9500761555	1140.706634763474	1010.1610470426104	1.049613	23.969561	0.147277821302753	0.0857524079627	-0.1348927175	0.1828716621	-0.0582127551	-0.015268877	-0.1434971693	0.0035261884	-0.1377527417	0.0944776707	-0.051313891	0.0362721174	-0.1536260573	0.0330114	0.0820071502	0.0775816759	0.0470932297	-0.0445109195	-0.1389762849	-0.0098430893	0.1118275706	-0.1599859208	-0.1430485881	0.0559164627	0.2099711345	-0.0796904006	-0.2520679096	-0.0445943367	0.0653641513	-0.1069486328	0.1233095848	-0.0694599427	-0.134976579	-0.0555633746	0.0963649436	-0.0989077761	0.0590009123	-0.1550200065	0.1524432892	0.0275764462	0.0581984402	0.1132484419	0.0288447382	0.0584469763	-0.0645971691	-0.1164425787	-0.110007834	-0.1586429228	-0.0145621856	0.0457038933	0.1197197798	-0.0481741893	-0.0127919152	-0.0335018244	0.132032024	-0.1526126286	-0.0341528092	-0.0165726573	-0.1255409854	0.2124057681	0.0554408735	-0.0585196291	-0.0200202645	-0.0521789579	0.0925392034	0.0044757358	-0.0598408638	-0.2096895323	0.0516930224	-0.1005455034	-0.150327465	0.151531916	0.1476861604	-0.1665167381	0.1288844407	-0.022595049	-0.1467364196	0.1621559758815323	0.0003641678092805	1.326181933161603e-07	0.026294560514092	0.0084258524913281	-0.0586831819662592	0.003443715845685	7.099499020561996e-05	-0.4310920686393729	0.0376700345441776	0.0014190315025595	0.1858403716437738	-0.0054731776956159	-0.0008570661002226	7.345623001507763e-07	2.9955674087787373e-05	-0.0030207783592768	0.0001171176639131	1.3716547200485257e-08	9.125101895875037e-06	-9.126702076197756e-05	-3.7024975524915286e-05	8.329669078767244e-09	1.370848812620576e-09	0.0
948.5193729775046	-0.3330824450333693	899689.0009136386	0.1109439151894075	1519.5892501663377	6.713098994104939	45.065698104652746	2309151.4892210923	934.032484525336	2.2127862595419856	4.896423030417812	872416.682148572	1141.4830732841324	1017.5053299016206	1.220966	27.882673	0.3194547565164276	0.1939791116460382	-0.0536782863	0.1721824228	-0.0598684194	-0.1784274016	-0.1109238873	0.0323334957	0.0407697814	0.1896437154	0.0423307664	-0.1201068357	-0.0984664035	-0.0514472839	0.2103444211	0.1820050622	0.0396024416	0.102410653	0.1059795247	-0.2704334658	-0.062050277	0.1019736029	0.0789599268	0.1213621431	-0.2870006097	0.1439797538	-0.1914650919	-0.1441354026	0.0763070103	-0.0330068876	0.0633943526	-0.0378833323	0.0348241142	-0.1030272883	-0.0262499333	0.0439980525	-0.0760193691	-0.1769228363	0.1751598699	0.0320147982	-0.2096404573	0.1564540572	0.1329033867	0.0610512253	0.0505088872	0.1398391034	0.05059492	-0.0898441957	-0.1824044052	-0.0251839902	0.0266570892	0.0992196533	-0.1284066831	-0.3136996643	0.0861844421	0.1275015463	0.1194926177	0.0484465744	0.0186997368	0.2053168165	0.078400964	-0.1304311615	-0.0410722291	0.0817853576	0.0664946222	-0.0688743321	0.0049027613	-0.0578450044	0.1196405624	-0.1799255277	-0.2657866682	-0.1954202577	0.2132627413	0.0455429027	0.0505679478	-0.0281858894	-0.1430347106	0.2027266405547294	0.040570664673197	0.001645978832025	0.0410980907906064	0.0895393733348015	0.0811135208434734	0.0065794032636245	0.0080172993771889	-0.6043334424167739	-0.173241373777401	0.0300125735882811	0.3652189096233081	-0.0056685088475407	-0.0001953311519247	3.8154258912269296e-08	3.21319925546472e-05	-0.00295212831966	6.865003961680025e-05	4.712827939388244e-09	8.715061615738574e-06	-0.0003178697736675	-0.0002266027529055	1.0104119301142769e-07	5.134880762436127e-08	0.0
949.8202895503942	1.300916572889605	902158.5824415948	1.692383929618835	1513.1122140290536	-6.477036137284131	41.951997123684535	2289508.572243904	935.0116893972148	0.9792048718787782	0.9588421811111344	874246.8593094337	1138.9760387672727	1021.212921608124	1.462911	33.407856	0.4937146270874522	0.3355374332659179	0.0880924826	0.0872340242	-0.0982771811	-0.124512467	0.0484895227	-0.0993745105	-0.1861837538	-0.0203738072	0.2411625976	0.0689864048	0.0257377943	0.3357134131	0.0274438606	0.0622354464	-0.0913290338	0.0172110702	0.0401914137	-0.0159499591	0.1311471035	-0.0551749833	-0.1454731801	-0.2044073235	-0.1036064275	0.0600318166	-0.0282274659	0.1091095942	0.073904043	-0.0431907276	-0.1254845265	-0.0070105378	0.1219002894	-0.0390908822	0.0099157883	-0.0301772381	0.2870561773	-0.0264330354	0.0559234948	-0.0529688616	-0.1238698377	0.0621008613	-0.0641187205	-0.2202253747	0.2745897683	0.0661164042	-0.0792698804	-0.1372421769	-0.2540759765	-0.0815250358	0.1584569433	-0.1899787132	0.0069316809	0.0357261991	0.0920212841	-0.0203519715	0.220973321	0.2195815616	-0.0616408844	0.1782795579	0.3308749047	-0.0619385266	-0.0140846217	-0.0877848881	-0.1324413138	-0.3888353243	0.0971176888	0.1345938111	0.0931598305	-0.035954024	0.1962756098	-0.1649242217	-0.1638159024	-0.1398073281	0.0766739538	-0.0337382312	-0.1385517956	0.1661900513223457	-0.0365365892323836	0.0013349223527359	0.0276191331585239	0.0100130950292509	-0.0795262783055505	0.0063244289411318	0.0001002620720648	-0.2875212781177509	0.316812164299023	0.1003699474478311	0.082668485370465	-0.0061602317212584	-0.0004917228737176	2.417913845371929e-07	3.794845485959823e-05	-0.0023930561908849	0.000559072128775	3.125616451731218e-07	5.726717932732547e-06	-0.0001518728711504	0.0001659969025171	2.3065368991466e-08	2.75549716452716e-08	0.0
948.7890873107718	-1.0312022396224163	900200.7322000074	1.0633780590022877	1513.4167060153388	0.3044919862852566	0.0927153697119409	2290430.1260463186	932.6468964011312	-2.3647929960835654	5.592245914325886	869830.2333666624	1138.3659645383054	1016.3768500934316	1.005264	22.956783	0.1725433805904672	0.0853684857719514	0.1267236032	0.0601740268	-0.013459352	-0.0282115611	0.1660804907	-0.0409825946	-0.1357249679	-0.0720185412	-0.0354516953	-0.0276752126	-0.02570607	0.288342401	-0.0086315832	0.0337548267	-0.1033818007	-0.0725191917	0.0474080622	0.0831732071	-0.0383710548	0.0082027646	-0.0246073191	-0.0561010042	0.1202570956	0.0296757449	0.0740794493	0.1073721471	0.0675822259	0.0961838468	0.1231818428	0.057007242	0.3024561868	0.0303548761	0.0721458669	0.0671408089	0.2505360151	0.0234335527	0.0076573208	0.0763225902	-0.0203850919	0.0521717546	-0.0709928059	-0.1558915739	0.098052312	-0.0638146954	0.0507665424	-0.1844250763	0.1375883257	0.0989257386	0.1108249806	-0.2295774351	-0.0927816892	0.0559450452	0.1067602564	-0.073223714	0.1187515327	0.0978099433	-0.0519727162	0.0571843629	0.2983130256	0.0072095815	-0.1275984139	0.0201638418	-0.0372132634	0.0537617778	-0.0036122422	0.0994529762	-0.2302161854	0.1591276849	0.1722563008	0.0363407743	0.09161315	-0.1650152502	0.0959652551	-0.0392444906	-0.1333121588	0.1423753203797844	-0.0238147309425613	0.0005671414098665	0.0202707318532462	-0.031077070869756	-0.0410901658990069	0.0016884017336079	0.0009657843338438	-0.29979766002171	-0.012276381903959	0.0001507095526518	0.0898786369544928	-0.0053051115248494	0.0008551201964089	7.312305503065655e-07	2.814420829108993e-05	-0.001368676761414	0.0010243794294709	1.0493532155231266e-06	1.873276077234716e-06	-0.0001241304601315	2.7742411018899992e-05	1.540837113245791e-08	7.696413691415836e-10	0.0
948.2709568204548	-0.5181304903170485	899217.8075491808	0.2684592049961851	1515.9352275023966	2.5185214870577965	6.3429504807718144	2298059.613982743	932.6138636465292	-0.0330327546020043	0.0010911628765962	869768.6186657071	1142.7340133734212	1030.4042975993757	1.155805	26.394613	0.2430319648275982	0.1625890323413059	0.0795064351	-0.0289914723	-0.0989501975	-0.1538479879	0.0882360929	-0.0173267575	-0.0714043942	-0.0288322836	0.011030409	-0.104323114	0.0248173684	0.1274959726	-0.0055042047	0.0569215528	0.0214906428	-0.1401794455	0.1026847772	0.1378561011	0.0292688679	0.0271307104	-0.1135629764	0.0257658411	-0.0741976223	0.1266056034	-0.1071686685	-0.0407505681	0.0408858751	0.1163276607	-0.018237372	-0.0506529262	-0.1461769544	-0.026561274	-0.0101303135	0.049508968	0.0941196825	0.0734390159	0.022133772	0.0594800343	-0.116454235	0.1110455344	-0.0805800159	-0.0794326841	0.0379525568	0.0156433868	-0.0212951226	-0.1250745555	0.0192976086	0.1573044669	0.0460192981	-0.1063000472	-0.012182275	-0.1202797782	0.0249058448	0.0764308781	0.1687761855	0.1256302801	0.1425814041	-0.0643386531	0.071137637	0.040160954	-0.0802662263	0.149518045	0.1173305944	0.1705231896	0.0204776339	-0.0124855908	-0.0729614126	0.0009870044	0.0332436268	-0.2720485782	0.1554269776	0.0796058609	-0.0404308953	-0.0446971468	-0.1273444172	0.1419471741904345	-0.0004281461893498	1.833091594548295e-07	0.0201490002606495	0.017956908042052	0.049033978911808	0.0024043310879236	0.0003224505464307	-0.4478549487953103	-0.1480572887736003	0.0219209607589892	0.20057405516045	-0.0051701815307777	0.0001349299940717	1.8206103300189162e-08	2.673077706119484e-05	-0.0021231387760007	-0.0007544620145866	5.692129314542218e-07	4.50771826215775e-06	-0.0001449894705299	-2.0859010398399997e-05	2.1021946564540743e-08	4.350983148005591e-10	0.0
946.3154174304052	-1.95553939004958	895512.8692664821	3.824134306035484	1520.5413572430175	4.606129740620872	21.216431187432104	2312046.0190864378	932.0238617952848	-0.5900018512444376	0.3481021844718635	868668.4789557961	1144.036023218096	1027.31889239035	1.146336	26.178389	0.0496817534162592	0.0349904708599187	0.0576915023	-0.1426359845	-0.1611035578	-0.0709281216	0.1341649727	-0.1410574616	-0.0996957396	-0.0524820053	0.0928897546	-0.0530597628	0.1051244573	0.1405990362	-0.070772429	-0.0245869699	-0.0047607284	0.1506371485	0.0862011555	0.0064034524	-0.1839577321	0.1009442504	0.1038122953	-0.237122112	0.0511283087	-0.0657060931	-0.1649974106	-0.1849502146	-0.06264076	0.0691888701	0.1161109489	-0.084073213	-0.0615448337	-0.0646107891	0.1578331389	-0.0550346706	0.146804663	0.1832965757	0.0374872134	-0.0204844916	-0.0075536109	-0.0099057602	-0.0330319965	0.0316675939	-0.0418984965	0.0475345559	0.0125680741	0.1484991686	-0.0193701752	0.0629913024	0.1758730648	-0.1604427915	0.1430794335	0.0068253544	0.0163270234	-0.0242051555	-0.0193465412	0.1211147785	0.0855181289	-0.1596998716	-0.0029471331	-0.0007126977	0.0181805279	0.0316223779	0.0734255346	0.0340957094	0.1688572023	-0.0485684295	-0.0750811892	-0.0467627759	0.1075752879	-0.0912673941	-0.1041398236	0.0781033405	0.0289046709	-0.0500887521	-0.1206811645	0.1421267699941779	0.0001795958037433	3.225465272223139e-08	0.0202000187489779	0.0085370485099502	-0.0094198595321018	8.873375360452917e-05	7.288119726124294e-05	-0.4143710403815959	0.0334839084137144	0.001121172122658	0.1717033591069261	-0.0051661373219929	4.044208784800135e-06	1.6355624695054584e-11	2.668897482968797e-05	-0.0022032655600183	-8.012678401759978e-05	6.4203015170030845e-09	4.854379127962752e-06	-9.719266999830582e-05	4.779680053159418e-05	9.446415101399575e-09	2.2845341410570016e-09	0.0
943.6829031611348	-2.63251426927036	890537.4217186278	6.930131377912054	1509.9356930910883	-10.605664151929204	112.4801121035162	2279905.797270465	929.632185686029	-2.3916761092558545	5.720114611585222	864216.0006633834	1139.264184718195	1007.0313451033908	1.071449	24.468218	0.0599861556972132	0.0330104233588035	0.1476237232	-0.1158555399	-0.0658113404	0.0640586842	0.2083884399	-0.0038832439	-0.0994844018	-0.0452056295	-0.1711998245	-0.0089871949	0.0443685016	0.1050516109	-0.1488293645	0.0531712878	0.0152116965	0.0887008846	-0.107625032	-0.0705580653	-0.0481613811	0.0335996476	-0.0865123633	0.0763754534	-0.0221963049	-0.0854973881	0.0444189326	0.0867313694	-0.1683182131	0.0982427411	0.0679765092	0.0819690059	-0.0873262093	0.0086723337	-0.0017760424	0.1063904522	0.1237305375	0.1172186408	-0.0048378992	0.05337279	0.1601664845	-0.1210289336	0.0950953085	0.0318336426	-0.0042845682	-0.0031383197	-0.0052274689	0.0344402974	0.0755045907	0.0624131084	-0.0207400923	-0.1803809674	0.0043152004	0.0620538635	-0.038626885	0.0132642748	-0.106258973	0.0815817743	-0.0521596043	-0.1133190404	0.0189842912	0.0421231177	0.0998935588	0.0132052812	-0.0472937815	0.0919561258	0.0840705194	0.023522212	-0.0047655236	-0.1066473434	0.0567799091	-0.061663684	0.0317634526	-0.0548903394	-0.0946433283	-0.0554119421	-0.1133587932	0.1420419467258256	-8.482326835229648e-05	7.194986853965701e-09	0.0201759146296622	0.0017660282394871	-0.0067710202704631	4.58467155030222e-05	3.118855742665906e-06	-0.3878368931588483	0.0265341472227476	0.0007040609688384	0.1504174556951079	-0.0052383539856752	-7.221666368230004e-05	5.2152465134024335e-09	2.744035247923925e-05	-0.0020149758830072	0.000188289677011	3.5453002468944314e-08	4.060127809100645e-06	0.0001742242880213	0.0002714169580196	3.03541025365289e-08	7.366716510061647e-08	0.0
943.4441362918164	-0.2387668693183968	890086.8383034115	0.0570096178841084	1517.4030349228408	7.467341831752492	55.76119403224066	2302511.970393048	929.9706318396647	0.3384461536358003	0.1145457989108677	864845.3760842653	1142.2190143333132	1003.7814533714824	0.960503	21.934582	0.128740323834547	0.07864642690023	0.1584574689	-0.0600847907	0.021885766	0.1542528581	0.0726639154	0.1400991633	0.044719135	-0.1205610183	-0.1175485559	-0.217863795	0.0571105799	0.0413526969	0.0224348407	0.1771488613	-0.0844914365	-0.0295469973	-0.0006251813	0.1137264422	0.0820994676	0.002349047	-0.0745478287	0.0637526924	-0.0439997989	-0.2021061802	-0.0736477312	0.143659861	-0.138462107	0.0585668978	0.0007382701	-0.1377977658	0.1253195981	-0.0099733063	0.0287417545	0.2028881167	-0.0500195097	0.0365423666	-0.0081885135	0.2155265725	0.0232431629	0.0022644627	0.008824803	-0.0855610527	-0.0944740105	-0.0064008937	0.0587636967	-0.0223463655	0.0467529936	0.0071652842	-0.1786114128	-0.1209543689	-0.1490032112	-0.0164510964	-0.0788423927	0.122361331	-0.0861705632	-0.0302764871	-0.0386338497	-0.1010587577	0.0028278124	0.1117772472	0.0563481454	1.44609e-05	-0.0496891804	0.1313452737	-0.0157817892	-0.0696505675	-0.0555989583	-0.1216051675	-0.1007921796	-0.1062845588	-0.1185859471	-0.0450536112	0.1278894217	-0.0606594461	-0.1054172954	0.1422586592647832	0.0002167125389576	4.6964324541453014e-08	0.0202375261358136	0.0344853403302209	0.0327193120907338	0.0010705533836908	0.0011892386976911	-0.4542472470783139	-0.0664103539194655	0.0044103351077086	0.2063405614782267	-0.0049631738724722	0.0002751801132029	7.572409470241579e-08	2.4633094888390693e-05	-0.0021818103584316	-0.0001668344754244	2.7833742190134793e-08	4.760296440159428e-06	0.0003200886051017	0.0001458643170803	1.0245671511595205e-07	2.1276398997331465e-08	0.0
945.975491521898	2.5313552300815445	894869.6305600965	6.407759300861189	1518.3189955491289	0.915960626288097	0.838983868910083	2305292.572245316	932.2800049138737	2.3093730742089065	5.333203995881095	869146.0075622123	1142.623677607465	1009.2929812919464	0.95999	21.922871	0.044550512135553	0.0233988045655845	0.1243335663	0.0376186537	0.0016264426	0.1760754732	-0.0173065268	0.1565622563	-0.0777812063	-0.2341750671	0.0717951312	0.0424682139	0.0581678231	0.0996959927	-0.070367909	-0.0470749655	0.0503625844	-0.1596673008	-0.0506411331	0.0013997168	0.0694778568	0.0014715853	0.0330277493	0.0998227183	-0.0892240268	-0.1397732965	-0.0898161239	0.1307018778	-0.0243188195	0.0631198911	-0.1421972486	0.1626783518	-0.0273664292	0.0157210508	-0.0974650497	-0.0446057729	0.076374433	-0.0218503324	-0.1721513663	0.1598610926	0.0490868876	0.042825169	-0.0399426256	-0.0594489181	-0.068093128	0.0335819848	0.0931202319	0.052598777	0.006278799	-0.0346359641	-0.1305802941	-0.1475037984	0.0522265528	-0.0096835268	-0.0487888539	0.1470385853	0.0806574162	-0.0428984687	0.0661612074	-0.0552353109	-0.0453246636	0.1260456626	0.0767533829	-0.0473879848	-0.069966038	0.1371830993	0.0168715737	0.0086769168	0.0063255331	-0.0246419582	0.031784574	0.0008786939	0.0059035872	-0.0716812728	-0.1548100811	-0.0658240966	-0.096900045	0.1420202321719728	-0.0002384270928104	5.6847478586024595e-08	0.020169746346181	0.0257263876830791	-0.0087589526471418	7.671925147487239e-05	0.00066184702322	-0.435968429094018	0.0182788179842958	0.000334115186903	0.1900684711667058	-0.0048571364791819	0.0001060373932903	1.1243928775801822e-08	2.359177477739954e-05	-0.0024202951044109	-0.0002384847459792	5.6874974064811146e-08	5.857828392435369e-06	0.0003191244561452	-9.641489564999662e-07	1.0184041850996968e-07	9.295832103199738e-13	0.0
947.95810285641	1.9826113345120573	898624.564771124	3.9307477037356815	1517.1994808881711	-1.1195146609577478	1.253313076099341	2301894.264807336	933.4868373725252	1.206832458651547	1.4564445832549386	871397.6755477593	1142.1233793552751	1010.2836839540408	0.903756	20.638691	0.1270380348537582	0.0569099791612201	0.0958228843	0.1137668836	-0.0185977952	0.1146552595	0.0373560574	0.2070476281	-0.1190826379	-0.0742991486	-0.0048791347	0.0895607478	0.0992744612	0.111895459	-0.1343514955	-0.1401952267	0.0346393239	0.0185541523	-0.068507442	-0.1287839365	0.0520644791	0.0396642818	0.0696948291	0.0210012486	-0.0502588031	-0.1177039013	-0.1192032849	-0.0997659766	0.1339902701	0.2148974709	-0.0125894952	0.1030081055	0.0853476893	-0.0660043771	0.2224202902	-0.0141920365	0.1575509514	-0.0593147319	-0.1488045937	0.0429156571	0.0587020502	-0.0374044108	-0.056695497	0.104928775	-0.0673480309	-0.0069781189	0.0863190444	0.0684823614	0.0335408676	0.074947209	-0.0489316277	-0.1836432807	0.0892935056	0.0724954341	0.0127154519	0.0292877903	0.0497195935	-0.0250046063	-0.0443101705	0.0334169895	-0.0241019726	0.0169777381	0.0814186025	-0.1041726871	0.1261666593	0.0546245215	0.2192861192	0.0175862321	0.006486855	-0.0229909075	0.0062391537	0.0391636816	-0.0554574155	0.1264482674	0.004189303	-0.0708988393	-0.0878535601	0.1587030668159599	0.016682834643987	0.0002783169717586	0.025186663416791	-0.0040522001130227	-0.0297785877961018	0.0008867642911301	1.6420325755981186e-05	-0.4178993278623437	0.0180691012316743	0.0003264924193204	0.1746398482277986	-0.0055241941872082	-0.0006670577080263	4.44965985837301e-07	3.0516721417984863e-05	-0.0025621847202323	-0.0001418896158214	2.013266307794449e-08	6.564790540591869e-06	-0.000122078443647	-0.0004412028997921	1.490314640327375e-08	1.946599987850461e-07	0.0
947.2989699936088	-0.6591328628012434	897375.3385509521	0.4344561308245627	1519.9658813476562	2.766400459485112	7.652971502239439	2310296.280460957	931.6407518847903	-1.8460854877348536	3.408031628025233	867954.4905724574	1143.522844289368	1018.9151304788712	1.018684	23.263241	0.1269115393476555	0.0647656955783115	0.1291680212	0.0436463298	-0.0069724814	-0.0151518051	0.120099249	0.1341664631	-0.042173259	0.0561621743	0.0276567715	-0.0699265064	-0.1146849983	0.1269043684	0.0450276015	-0.0187007806	-0.1137956794	0.0640663472	-0.1026302488	0.0206965816	0.0977691654	0.1075591792	-0.0456593457	0.004490719	-0.0078677325	-0.0971119257	0.1486300174	-0.1335716293	-0.0830782384	-0.0996834438	0.0332645976	-0.1628876424	-0.0844738142	-0.180667177	-0.0305411977	0.1874978761	0.0639075636	-0.03167824	-0.0355781336	0.0683592525	-0.0773597529	0.0141566391	0.0159759534	0.0270902597	-0.1071504472	0.0165011247	0.0032569749	-0.0004107561	0.0426040356	-0.1043459077	-0.1414048811	-0.1318804387	-0.1584188593	0.0044200588	-0.0137725974	0.1011959744	0.0049014899	-0.0521831498	-0.1100599969	-0.1126837744	-0.0476084626	0.0689815582	0.0686925991	-0.142185636	0.0352494709	-0.1013687665	0.0280959688	-0.0169646744	-0.0239386543	-0.1317926918	-0.1019686245	0.0237226452	-0.053628973	0.0289870871	-0.0094909877	-0.0758767427	-0.0783272495	0.1716558527101028	0.0129527858941429	0.0001677746624195	0.0294657317696325	0.0211784751508616	0.0252306752638843	0.0006365869742715	0.0004485278097156	-0.471085311729567	-0.0531859838672233	0.0028287488799245	0.2219213709273433	-0.0056053072358641	-8.111304865590033e-05	6.579326662254455e-09	3.141946920843044e-05	-0.0029079830158362	-0.0003457982956038	1.1957646124256214e-07	8.4563652203918e-06	0.0001618520985413	0.0002839305421882	2.6196101802222682e-08	8.061655278734198e-08	0.0
946.467896911674	-0.8310730819348464	895801.4798844071	0.6906824675166839	1520.4776071401743	0.5117257925180638	0.2618632867282405	2311852.15381471	932.0153448284432	0.3745929436528286	0.1403198734344912	868652.6029956818	1141.2418772289932	1017.2842309105808	0.874388	19.968019	0.1038089306528637	0.0610438248920558	0.1474229413	0.0067459937	-0.0188230201	0.0192762446	0.0940224066	0.0799973746	-0.0707479082	-0.1205135082	0.1002629939	0.0230228497	0.0262793042	0.105326961	0.0169363548	-0.0157901096	-0.009909115	-0.2605731083	0.0403620055	0.162904803	0.0686210453	0.0534876077	-0.0719708489	-0.0101764971	-0.0882543004	0.0707158464	-0.1417664973	-0.0513862601	0.0905130359	0.0330805129	-0.0266658877	-0.0640550855	0.0865395482	0.0968259009	0.0048799865	0.0174011456	0.1035220832	0.015977734	-0.114098372	0.0756252169	-0.0686786036	0.0639454783	-0.0538189135	-0.1630517808	-0.0489916973	0.0330712802	0.0278344582	-0.1233833697	-0.0050310785	-0.0603967251	-0.0754693691	-0.1238416405	-0.0174485477	0.0081553377	-0.078914146	0.1788047492	0.0731593814	-0.0656340638	0.0910981654	-0.0585301767	-0.0652978872	0.1413006823	0.0673442581	-0.0999565211	-0.0085776231	-0.0485617829	-0.0756135985	0.0304059149	0.0125453048	-0.0731561462	-0.1281881777	0.0718375881	-0.0625293953	-0.0389558294	-0.1427998565	-0.0807510076	-0.0683731426	0.1671514085003167	-0.0045044442097861	2.0290017639075537e-05	0.0279395933636397	0.062228612179652	0.0410501370287904	0.0016851137500824	0.0038724001738055	-0.4740813723458643	-0.0029960606162972	8.976379216527505e-06	0.224753147605338	-0.004785707070189	0.0008196001656751	6.717444315746523e-07	2.290299216165698e-05	-0.0029062257789422	1.7572368939998764e-06	3.087881501634333e-12	8.446148278188197e-06	-0.0001219562748494	-0.0002838083733907	1.4873332975142396e-08	8.0547192806675e-08	0.0
947.6474759009956	1.1795789893216124	898035.738581528	1.3914065920489966	1515.426534240499	-5.051072899675319	25.513337437834437	2296517.58068017	932.6459134710956	0.6305686426524062	0.3976168130964979	869828.3999143343	1139.7384271025132	1011.837235084214	1.049611	23.969513	0.1809677694315823	0.1150379738845129	0.0534580323	0.0936937554	-0.0416872944	0.1601332011	0.04863908	0.0905585476	-0.1456758154	-0.14067485	-0.0420829876	0.0888886151	0.1122086453	0.1729887107	-0.0675119609	-0.1065537349	0.007965467	-0.0226371146	-0.1216038704	0.0002316034	0.0030659338	-0.0916603538	0.1987393524	0.1619551147	-0.02879261	0.0132875392	0.1905017581	0.0074580895	-0.1506980936	-0.019609347	-0.3025735676	-0.041213674	0.1253062269	-0.1668358804	-0.0687470997	-0.0060025656	0.200712101	-0.0665413437	-0.0963837492	0.0438598218	0.1221375017	-0.0467407996	-0.123704741	-0.0528533165	-0.0798335829	-0.0570974888	-0.0175556421	0.0812736461	-0.094613024	0.0891251816	-0.086587097	-0.2163104344	0.0517745469	0.1471229725	0.0493234604	-0.0279519231	0.0652918791	-0.0354115842	0.0401418678	0.1216611784	-0.0962748095	-0.0377933371	0.0626511869	-0.1614319534	0.1069726585	0.0837987861	0.1475585458	0.0157409517	0.1278117636	0.0960030274	-0.0354898124	0.1593437317	0.0720406355	0.1348076747	-0.0371764095	-0.0855149763	-0.0580456054	0.1707269211936761	0.0035755126933594	1.2784291020374194e-05	0.0291476816202716	-0.0189249307062766	-0.0811535428859286	0.0065858975229382	0.0003581530022373	-0.39947548556475	0.0746058867811143	0.0055660383423964	0.1595806635671927	-0.0052172155487085	-0.0004315084785195	1.8619956703421442e-07	2.721933808168574e-05	-0.0029062039811851	2.179775709975143e-08	4.751422145797639e-16	8.446021580256127e-06	-0.0001230825399964	-1.1262651469999937e-06	1.5149311651965404e-08	1.2684731813469174e-12	0.0
949.3159754065448	1.6684995055492209	901200.8211620796	2.7838906000179944	1521.8490469796318	6.422512739132799	41.248669884323085	2316024.5217928137	931.008065648358	-1.6378478227376263	2.682545490446383	866776.0183022972	1141.70780158358	1017.2456055521312	1.12375	25.662601	0.1137111658776235	0.056152128863995	0.1301689478	0.1155367824	-0.0157474003	-0.0119673745	0.1149297003	0.190509899	-0.0872741068	0.0389845147	-0.0041882851	-0.0395127834	-0.0693048663	0.1630955574	0.0685439142	-0.0952935273	-0.1243400141	-0.063246252	-0.1210460054	0.0996968221	-0.0849104895	0.1675555452	-0.0613521439	-0.0567647835	-0.0813687376	0.1138420082	-0.0150926125	-0.0786455404	-0.0861746884	-0.0404988589	-0.0843316884	-0.1260232579	-0.0262634592	0.0973961237	-0.0554822227	0.1494097455	0.1263657626	-0.1016793398	-0.0421082176	0.0519836874	-0.0045548443	0.000849057	-0.0123484967	-0.0112191483	-0.2562165913	0.0428242637	-0.0054757091	-0.1014014467	-0.0290755628	-0.056424841	-0.0701686939	-0.1731610746	-0.1667121737	0.1003428177	0.0314627836	0.0708083711	0.1021194608	-0.0680416088	-0.0439336009	0.0231897163	-0.0165311295	0.0167012027	0.0474427687	-0.1584019401	-0.0140002487	-0.0916169755	-0.1094135876	0.024032124	-0.0817117738	-0.0228872866	-0.1326005838	0.214409045	-0.0350820227	0.014936701	0.1133738627	-0.0901621419	-0.0474010431	0.170954532904588	0.0002276117109119	5.180709094424295e-08	0.0292254523206258	0.0147589751448293	0.0336839058511059	0.0011346055133861	0.0002178273473256	-0.43717030029498	-0.03769481473023	0.0014208990575463	0.1911178714600029	-0.0055231072818335	-0.0003058917331249	9.356975239421617e-08	3.050471404664224e-05	-0.0024348572754588	0.0004713467057262	2.2216771699903522e-07	5.928529951854652e-06	-5.822430714018563e-05	6.485823285621437e-05	3.3900699419546714e-09	4.2065903692309245e-09	0.0
949.6970654507212	0.3810900441764033	901924.5161257114	0.145229621770373	1519.9564080430475	-1.8926389365842624	3.582082144274808	2310267.482351124	933.0188974472704	2.010831798912477	4.043444523517588	870524.2629937201	1141.525653264386	1019.839429324659	1.102691	25.181673	0.1865521955430888	0.1042623162792723	0.1722264175	0.0122718358	0.0352734057	-0.0799198651	0.1246398981	0.1143437983	-0.052378139	-0.0673229812	0.1240367113	0.0943918847	-0.0941462842	0.1047936615	0.056618351	-0.2046366607	-0.0802367009	-0.184747652	0.1007160984	0.0736457147	0.0306475101	0.1131101995	-0.0850885806	0.0954684517	0.2219034701	-0.1102688412	-0.086015978	-0.0678962993	0.0548023636	-0.0464391904	0.0136715674	0.0459577295	-0.1519192836	-0.076392924	-0.2725179092	0.0079263053	0.1197802638	0.033464345	-0.1911247131	-0.0254810535	-0.0900334398	0.1068733017	-0.0937562565	-0.0304440654	-0.1466091474	0.0237225096	0.0761007131	-0.074936939	0.1380675544	-0.1220976117	-0.1207989539	-0.1080141924	0.0642195862	0.0651977282	-0.0257532786	0.251287841	0.0881118425	-0.1310602858	0.1706076242	-0.0242298007	-0.0861026289	0.0821895323	-0.0893571589	0.141084503	-0.0691814624	0.0184614802	-0.1267467143	0.0458356068	-0.036856568	0.025854782	-0.1593886894	0.0773865022	0.0783717456	-0.0841086536	-0.1058777861	-0.0946861568	-0.0364975928	0.162271284911398	-0.00868324799319	7.53987957112383e-05	0.0263319699067961	0.0569934352554497	0.0422344601106203	0.0017837496208355	0.0032482516622171	-0.5238356648154792	-0.0866653645204991	0.0075108854074709	0.274403803732675	-0.0051849840812242	0.0003381232006093	1.1432729879027701e-07	2.6884059922548364e-05	-0.0025951162442301	-0.0001602589687712	2.56829370716404e-08	6.734628321066939e-06	0.0004227759818548	0.0004810002889949	1.787395308332902e-07	2.313612780132597e-07	0.0
947.6944630185636	-2.0026024321575733	898124.7952360436	4.010416501283428	1516.8967835143371	-3.059624528710401	9.361302256686344	2300975.8518361417	932.637178144382	-0.3817193028884276	0.1457096261976271	869812.1060571157	1143.528157964362	1028.9556264425128	1.057972	24.160452	0.1638803090084571	0.0813637579273137	0.1302915301	-0.1587111995	0.0499730222	-0.0678792281	0.2494118626	-0.015442104	0.0067630076	-0.0149258169	-0.0764203296	0.1445893419	-0.115120302	0.1731538431	-0.1704750905	-0.1680632427	-0.0840811293	0.0745237252	0.0087160146	0.0375546801	-0.0570987812	0.0985289414	0.1456608871	0.0690874066	0.0108794063	-0.0240250735	-0.1071857678	0.08833683	-0.0322926119	-0.0283606975	0.0061184546	0.1370103775	-0.1642030943	0.0800807906	0.0770897296	0.1155917358	0.1404450123	0.1748916355	-0.1301492858	-0.0857856991	0.1368122789	-0.0383709041	-0.0499597893	0.0987480784	-0.1119106997	0.0197403557	-0.1424251651	0.0085604485	-0.1311597618	-0.0637876638	-0.0550015161	-0.1718767317	0.0868758139	0.2338841898	-0.0094207581	0.0563869937	-0.1061458315	-0.0581854513	0.1220341506	-0.0285985404	-0.0782759053	-0.0144697319	-0.0629267378	0.2259363447	-0.0114205217	0.074653104	0.0138558019	-0.0095650707	0.0922539264	0.0215226373	-0.0154080237	0.1098162423	0.0382082964	0.0591840366	0.0945507174	-0.0990808418	-0.0253948054	0.1707823451285719	0.0085110602171739	7.243814602036031e-05	0.0291666094076146	0.0008971434052398	-0.0560962918502098	0.0031467939593439	8.048662895652641e-07	-0.475135292429286	0.0487003723861931	0.0023717262705538	0.2257535461118631	-0.0053806517582282	-0.0001956676770039	3.828583982414159e-08	2.895141334332422e-05	-0.0029068032651167	-0.0003116870208866	9.714879898916404e-08	8.449505222093109e-06	-8.132101135220398e-05	-0.000504096993207	6.613106887345289e-09	2.541137785603422e-07	0.0
945.051954102309	-2.642508916254656	893123.1959525927	6.982853372485354	1518.2183726104624	1.321589096125308	1.7465977389973089	2304987.026931961	931.3984236777892	-1.238754466592809	1.5345126285036346	867503.0236294705	1143.7561129397757	1027.6992013163472	1.087254	24.829155	0.0811603056794263	0.0502249670749444	0.0534711698	-0.2616215537	0.1245204625	0.0830715693	0.1947252634	-0.0278107823	0.0410330012	-0.0565227732	-0.2245554004	0.0066317819	-0.0155809634	0.087834147	-0.0218327777	-0.0113330991	-0.0685251244	0.1460336795	-0.1820692211	0.1847636198	-0.154631759	0.0729927619	0.130885503	0.0428533688	-0.0723235594	0.1060818331	0.0973144057	-0.0133553823	0.1809833437	0.0041396082	0.053610789	-0.1037588063	-0.1310453433	0.1185781773	0.026085908	0.1871829173	0.038956479	0.1138157496	-0.0297990411	-0.0069642689	0.2412480986	0.0004719863	-0.1395690562	0.0241379113	-0.114065177	0.0204406286	-0.1270899764	0.044656019	-0.2034051629	0.0392026431	0.0324843705	-0.1406237018	-0.1555166835	0.2195797716	-0.0899743136	-0.0065170526	-0.2202269695	-0.0786781256	0.1453255211	0.015868253	-0.0542255747	-0.0890791302	-0.024365852	0.07762063	0.1668290161	-0.0295091782	-0.0065951093	-0.0342873829	-0.0933585346	0.0876700639	0.0211477239	-0.004928503	-0.049651089	0.1229260442	0.1038412988	-0.1033401944	-0.0141533203	0.1708608111446068	7.846601603489489e-05	6.1569156723883825e-09	0.0291934167849929	0.0281058698965921	0.0272087264913523	0.0007403147972812	0.0007899399226441	-0.4973107266628886	-0.0221754342336026	0.0004917498834488	0.2473179588539703	-0.0047481413221637	0.0006325104360644	4.000694517305037e-07	2.254484601523845e-05	-0.0029068260880031	-2.2822886399775227e-08	5.20884143617045e-16	8.449637905895405e-06	-7.990069153437354e-05	1.4203198178304457e-06	6.3841205076711115e-09	2.0173083849219098e-12	0.0
944.7068144755018	-0.3451396268071676	892470.9653164502	0.1191213619925909	1523.7378962590144	5.519523648551967	30.46514130692442	2321777.176495847	930.5262438747416	-0.8721798030476293	0.7606976088442015	865879.090539635	1146.3608913740925	1033.3229736369815	1.398532	31.937672	0.3088346118211736	0.2059908332180721	-0.1320072251	-0.2250065604	0.0151340041	0.138981813	-0.1067776105	-0.0902574376	0.1173802662	-0.197812417	-0.1297090972	-0.0264267892	-0.1330644064	-0.0552214197	0.0513214388	0.0879352397	0.144293597	-0.0096057487	0.0517608413	0.26156845	0.004093655	-0.098021163	0.1154999487	0.2630970057	0.1346881656	0.0375165861	0.0652666508	-0.0137887779	0.1485302241	-0.0454922259	0.0336746614	0.0752242655	0.1379442187	0.0494511858	0.1598744207	-0.069415499	-0.1831476173	0.1492388208	-0.0111652319	0.1171527817	0.1225666175	0.2559257455	-0.1461690163	0.0536529807	-0.11305722	-0.0909186093	0.1263109741	-0.0364372204	-0.0049653777	0.0667185557	-0.0496365074	0.0273302509	0.0157727185	-0.0564145581	-0.0335707517	-0.0023184721	-0.2273082818	-0.1094345206	0.2517167489	0.0042231503	-0.033049059	-0.0679849321	-0.179252566	-0.0634893937	0.0481577436	0.1010792248	-0.1578305909	0.1769213823	-0.2039849269	-0.0095929859	0.0212795193	-0.100570702	0.0132112101	-0.0308360586	0.3359439233	-0.1074583966	-0.0028345346	0.1932303917241427	0.0223695805795358	0.0005003981353043	0.0373379842858656	0.0720723807719139	0.0439665108753218	0.0019330540785497	0.0051944280701317	-0.6985494393390468	-0.2012387126761581	0.0404970194795573	0.4879713192008966	-0.0051431752769286	-0.0003950339547648	1.5605182541719666e-07	2.6452251929209577e-05	-0.0033338158758722	-0.000426989787869	1.823202789444989e-07	1.1114328294217522e-05	-8.307310270352962e-05	-3.172411169156085e-06	6.9011403927911815e-09	1.0064192626186278e-11	0.0
943.443094831752	-1.2637196437498233	890084.8731857141	1.59698733799918	1521.7158421107702	-2.022054148244252	4.088702978431785	2315619.10413089	930.3842232973522	-0.1420205773894167	0.0201698444020233	865614.8029606172	1145.4338490355908	1013.4881318653432	1.215346	27.754328	0.351264216346061	0.1907289672115484	-0.1436190713	-0.025652042	-0.1117567497	0.0733627281	-0.1714031043	-0.056327181	0.0144324146	-0.0253255192	-0.0460309576	-0.0933954312	-0.1703174794	-0.1353500092	0.2005477282	0.1003042259	0.2348909809	0.1448609865	0.1726682831	0.0088589037	-0.103556881	0.1133617634	-0.0616087186	0.0159773623	0.1794486422	0.0530224864	-0.0867319002	-0.0579120426	-0.1095449641	-0.0611288847	-0.0208633271	0.0613632487	0.1241380225	-0.0309634415	-0.0394108586	-0.1075803454	-0.180487751	0.0110862005	0.1371551399	0.0983828742	-0.0334499082	0.1618060271	0.2021889227	0.1584315439	-0.0559923703	0.0289615905	0.0062087982	0.1442359172	-0.0398461847	-0.0144720594	0.037925177	0.1188120004	-0.0125740998	-0.3021537715	0.0184102873	-0.0070646998	-0.1494320077	0.0714359869	0.1270933966	0.0507238874	-0.0435589789	-0.1883576728	-0.0162045658	0.029039673	-0.0815763594	0.0332258381	0.0202464335	0.2236700037	-0.036295104	0.013059212	0.221573194	0.2000761679	0.0404025928	-0.0590205615	0.0206507397	-0.1114298236	0.0084997322	0.2093786572876155	0.0161482655634728	0.0002607664807084	0.0438394221275647	0.1030195900939929	0.030947209322079	0.0009577297648245	0.0106130359431343	-0.8666011246369294	-0.1680516852978826	0.0282413689314585	0.7509975092219908	-0.0073463647427897	-0.0022031894658611	4.854043822481319e-06	5.396907493410357e-05	-0.0033376443038524	-3.828427980200316e-06	1.465686079958067e-11	1.1139869499038372e-05	0.0004322501267077	0.0005153232294112	1.868401720388227e-07	2.655580307708189e-07	0.0
944.6014849315444	1.1583900997924277	892271.9653348788	1.34186762329711	1514.1300820151528	-7.585760095617388	57.54375622826113	2292589.905263213	931.59178848849	1.20756519113786	1.4582136908478165	867863.2603791835	1141.022856402292	1006.4409057047416	1.223647	27.943899	0.3390248051438279	0.2196434376720879	-0.0162799718	0.0737225	-0.1191850723	0.0557045511	-0.0354170544	0.02189546	-0.1480402173	0.0979738937	-0.0516301959	0.0391816624	0.1519716465	0.0088380128	0.1649280153	0.0536220851	0.097310919	-0.0536503012	-0.1468146637	-0.025459146	-0.1822952938	0.30903807	0.1751882359	0.2346767871	-0.0282890095	0.0854542823	-0.004635462	-0.0734845827	0.0513975001	0.0808475438	-0.1093236894	-0.0273715259	-0.1534593432	0.0440486615	0.1299901501	0.0663876821	0.0548555296	-0.1521233354	0.1467419192	-0.0110666684	0.0634284723	-0.0482443721	0.0283218815	-0.0998618831	-0.1186142086	0.1609063527	0.0599190014	0.1791942405	-0.3957866123	-0.1620710575	0.0846295344	-0.0283115977	-0.153144922	-0.0931707757	0.0040871745	0.049921581	0.0534039807	0.083623793	0.1693067527	0.0371270412	-0.2128493913	-0.4238947613	0.1615320853	-0.1281785402	-0.143624664	-0.1320521503	-0.0690032377	0.0499748097	0.2274969457	0.1132149095	-0.0749396408	0.0257531828	0.019782078	0.1172199461	-0.064171735	-0.1152490509	0.0197875765	0.2023750402225346	-0.0070036170650809	4.905065199429244e-05	0.0409556569050725	0.0641845200944573	-0.0388350699995356	0.0015081626618688	0.0041196526197557	-0.648687558711913	0.2179135659250164	0.0474863222141564	0.4207955488276215	-0.0061163099589415	0.0012300547838481	1.5130347712678405e-06	3.740924751384698e-05	-0.0031079979274863	0.0002296463763661	5.273745817808054e-08	9.659651117259136e-06	0.0004780000095773	4.57498828696e-05	2.284840091558989e-07	2.0930517825821204e-09	0.0
948.4395814712078	3.838096539663411	899537.6397012798	14.73098504777625	1523.005870330028	8.875788314875308	78.77961821047705	2319546.8810597262	932.3718090882436	0.7800205997535841	0.608432136039941	869317.1903824841	1142.136002326327	1010.8088160729365	1.431322	32.686485	0.240602108378104	0.1534142520576524	0.0368179989	0.1782196126	-0.0411422738	0.084536161	-0.2213846988	0.0547772298	-0.0605663918	-0.1529559882	0.2931018203	0.0946985566	0.1054686469	-0.0255993654	0.0816047376	-0.1375157336	0.3005109881	-0.1241938138	0.2452563883	-0.0052496741	-0.1196308573	0.0830417077	-0.1823929261	0.01849959	0.0579470551	-0.0414721972	0.0483303379	0.0081536408	0.0995093577	0.0972917063	0.0108265748	0.0869578902	0.044647392	0.127823443	0.0039467613	-0.3201528151	0.0023721594	-0.1081170565	-0.1246549716	0.0788111328	-0.2079565582	0.1462186759	-0.1564604889	-0.1313398398	-0.0827826694	0.0461606065	0.0212131842	0.2925281528	0.0550320321	0.049429336	0.1546194506	0.0379956719	0.2903016943	-0.1067487965	0.0711351469	0.0527497671	-0.0057493328	-0.0220411028	-0.0131463828	-0.1207777024	0.1113309135	-0.2904464486	-0.2495859856	-0.2675627745	-0.0321442766	0.0457245322	-0.0707989028	0.077612882	0.0226977277	0.0568688717	-0.0012805146	0.1650480093	0.1243272048	-0.0465366442	0.0440180324	-0.1189108618	0.0309673479	0.2028477285468142	0.0004726883242796	2.2343425191025826e-07	0.041147200976602	0.0867386727100125	0.0225541526155551	0.0005086898002057	0.0075235973434946	-0.8000453375170622	-0.1513577788051492	0.0229091772048284	0.64007254208279	-0.0071392786500232	-0.0010229686910816	1.046464942933406e-06	5.096929964267709e-05	-0.003404237335467	-0.0002962394079807	8.775778684075577e-08	1.158883183618746e-05	0.0004728583359773	-5.141673600000008e-06	2.2359500590322117e-07	2.643680740893704e-11	0.0
948.867151759562	0.427570288354218	900348.8716883038	0.1828163514833092	1518.5941941257795	-4.411676204248579	19.46288693113315	2306128.3264325256	933.443847035027	1.072037946783439	1.149265359343652	871317.4155675509	1140.3632729013586	1011.619948903068	1.378357	31.476938	0.2717650499857165	0.1417754670782682	-0.0021658592	0.1981376941	0.0298278214	0.0350102981	-0.0004477022	0.2086988291	-0.0764835515	0.2542670162	-0.1356116986	0.0318135765	0.1424975346	-0.0026383251	0.1822951314	-0.0507140595	-0.0769974654	-0.0807735167	-0.1304012286	-0.2209837416	0.0891535423	-0.1035805093	0.1556626423	-0.0614533317	0.0261056344	0.0046525168	0.1694366124	-0.0552759325	-0.0634798234	0.0312217629	-0.1725782056	0.042426374	-0.0662704032	0.1821662842	0.1021793658	0.1290729357	0.0530959407	-0.25940277	0.0806258969	-0.1042864222	0.0901793937	-0.0317267529	0.0429883111	0.1163337796	-0.0566367927	0.1319467352	0.0821090025	0.0628879659	0.1017503089	0.1043449005	0.2071443019	-0.0237644287	-0.1312894436	-0.0171034885	0.148064629	-0.1575764462	0.1182713527	-0.0903879744	-0.1394116844	-0.1079246264	-0.0853820697	-0.1713837746	-0.020656808	0.0004227914	-0.1509922811	0.1352417242	0.1523306618	-0.1261534287	0.0161303522	0.1926546834	-0.0501338712	-0.0113619549	0.0377854711	-0.1127786511	0.2025647685	-0.1224102548	0.0419779864	0.1871074915384412	-0.015740237008373	0.0002477550610797	0.0350092133898078	0.0097755719579737	-0.0769631007520388	0.0059233188773684	9.556180710552175e-05	-0.7074446091761075	0.0926007283409546	0.0085748948892752	0.5004778750523355	-0.0078690150764531	-0.0007297364264299	5.325152520586822e-07	6.19213982734462e-05	-0.0024099218299153	0.0009943155055517	9.886633245805334e-07	5.807723226302307e-06	0.0004780260816827	5.167745705399976e-06	2.2850893476891538e-07	2.6705595675679896e-11	0.0
952.3430881670724	3.475936407510403	906957.3575795965	12.082133909056328	1520.026159265539	1.4319651397595408	2.050524161486561	2310479.5248515457	934.0093681976084	0.5655211625813763	0.3198141853273915	872373.4998808956	1140.7452109584724	1019.9214528749116	1.121749	25.616886	0.1405390824104564	0.0770424135262141	-0.0696042024	0.2212275505	0.0134324593	-0.0980555816	-0.0910964224	0.1590291855	-0.0348897641	0.1446982867	0.0132561419	0.0101672934	0.1299824327	0.0107906796	0.1582668861	-0.0808694417	-0.1495516342	-0.0433831256	0.0178598066	0.0348841062	-0.0434414792	-0.0358612717	0.062569055	-0.0032887428	0.1746098352	0.0532116866	0.1071060911	0.1102397836	0.0237027165	-0.0392299507	-0.1408819379	0.0238627457	-0.1013073702	-0.0917933512	0.1284740893	-0.0093101128	0.0586513338	-0.2241089831	0.0718025587	-0.1229765352	-0.033513488	0.1244092299	-0.136607094	0.0792426239	-0.0695759454	0.1087471033	0.1465191344	0.0005213795	0.0924454488	0.2491006838	0.1769429546	0.0244892223	-0.0795138553	-0.1288967727	0.1116370101	-0.0340669396	0.2768295474	-0.112010779	0.0426268206	0.0056772311	-0.0850840677	-0.025733494	-0.1028645947	0.1556017132	-0.0910541543	0.241776294	0.1173349455	0.0371214063	0.0643951114	-0.0254791036	-0.1567243457	-0.0505233731	-0.1860600983	-0.0952646793	0.0734477546	-0.1257424501	0.0527593557	0.1803507029791262	-0.0067567885593149	4.565419163529003e-05	0.032526376065065	0.0635720139598561	0.0537964420018824	0.0028940571720618	0.0040414009589121	-0.7573438012964715	-0.0498991921203639	0.0024899293742649	0.5735696333621894	-0.0078123023997903	5.671267666280087e-05	3.2163276942593987e-09	6.103206878576928e-05	-0.0026948940846771	-0.0002849722547618	8.120918598402441e-08	7.262454127627626e-06	0.0002179778185294	-0.0002600482631532	4.7514329370836034e-08	6.762509916904795e-08	0.0
951.0902325411548	-1.2528556259176185	904572.630435188	1.5696472193934274	1525.227566897214	5.201407631675011	27.05464135084704	2326319.1308231954	934.4872498645734	0.4778816669650041	0.2283708876212511	873266.4201594536	1145.5083034565796	1039.8700510209158	1.405281	32.091789	0.1376114297173278	0.0809681524638007	-0.0379286007	0.0119454746	-0.121017706	-0.3015224649	0.0417707231	-0.1085275618	0.0242195615	0.142219079	0.3268594089	-0.018530199	-0.0979299609	0.0650761333	-0.0021908411	-0.1957143205	0.0110632074	0.1702279623	0.2610196594	-0.0412234394	-0.0976967043	-0.2385992901	0.0462832479	-0.0114294459	0.0707739757	-0.1154978736	-0.1868944037	0.055726298	-0.0668875017	-0.0471822273	0.1002169662	-0.0754861527	0.0389814831	0.1148536204	-0.0880872311	-0.1403436814	0.0642009208	0.098190441	0.0168096686	-0.1999762856	-0.2369782606	0.0998989645	-0.0547255952	0.1755209849	-0.0779136008	-0.0332836232	-0.1344890087	0.0999772627	0.0338491081	-0.0670906204	0.0299945754	0.0204558207	0.2129487532	-0.0399365873	0.087933704	-0.0279142761	0.0967511562	0.0231439084	-0.016932986	-0.2133799745	-0.0660298303	-0.0751242548	-0.2070758216	0.0543586394	0.1667523845	-0.0865093839	0.0011710608	0.0474147188	0.1348167051	-0.169362409	0.0137735632	-0.0138682071	-0.1661448211	0.0347122641	0.0241898447	-0.1289028963	0.0632525717	0.2032925163219232	0.0229418133427969	0.0005263267994557	0.0413278471924994	0.0678018503867292	0.0042298364268731	1.7891516198102653e-05	0.0045970909158644	-0.8171756404482693	-0.0598318391517977	0.0035798489762866	0.6677760273420391	-0.0070939809789411	0.0007183214208492	5.159856636508137e-07	5.032456612957813e-05	-0.0027780553845058	-8.316129982869963e-05	6.915801789198877e-09	7.717591719381668e-06	0.0004286539137687	0.0002106760952393	1.837441777892241e-07	4.438441710527861e-08	0.0
945.9617564021016	-5.128476139053191	894843.644575349	26.301267508837928	1522.3409414885243	-2.8866254086897243	8.332606250093118	2317521.9421321666	932.0922422918654	-2.395007572707982	5.73606127332858	868795.9481406775	1142.7975792973052	1026.7113379954424	1.264969	28.887558	0.0906062073324384	0.0576114582679677	0.1124165708	-0.1608326911	-0.0084504131	-0.1545225087	0.2458240268	-0.1472164819	0.0679258204	0.098985696	0.0441818487	0.0683572969	0.0453015192	0.0725443909	0.0586785515	-0.1538131412	-0.0334194489	0.1423513966	0.1299993411	0.0216915644	-0.0245234471	0.0235759106	0.0839687811	-0.0897980811	0.0562547484	-0.1079581432	0.1185740633	-0.1260640662	-0.1051109152	-0.163545112	0.2833973749	0.1164973983	0.0227451218	0.0110159829	-0.0749864375	0.0797902205	0.0763412516	0.1746938965	0.0008764049	-0.1941143113	-0.0532146326	-0.0589202119	0.1286074295	0.0086216147	-0.0987816391	0.1871079187	-0.0391608431	0.0892055598	0.2585961996	0.0453536293	0.1056374352	0.0019511529	0.0723398728	0.0685520371	0.0174966901	0.0108362849	-0.106527295	-0.0554191839	-0.1978778529	-0.3089618045	-0.0840435644	-0.018931093	-0.0430506783	0.0237486059	-0.0242040317	-0.2397331012	-0.0717325085	-0.0476659563	0.0839442566	-0.1493139837	-0.0011856777	-0.1659919058	-0.0488796488	-0.1379101307	-0.0021648783	-0.1318872767	0.0734003241	0.2029129154787483	-0.0003796008431748	1.4409680013909405e-07	0.0411736512680856	0.058812050705697	-0.0089897996810322	8.08164983050867e-05	0.0034588573082094	-0.7883093767280229	0.0288662637202463	0.0008332611811668	0.621431673437324	-0.0079428421777372	-0.0008488611987961	7.205653348215528e-07	6.308874186044103e-05	-0.0028741621183574	-9.610673385160004e-05	9.236504291622284e-09	8.260807882600696e-06	0.0005310968428807	0.000102442929112	2.8206385651784697e-07	1.049455372504626e-08	0.0
945.230522772905	-0.7312336291965948	893460.7411815394	0.5347026204680232	1523.9008210011018	1.5598795125774814	2.4332240937589606	2322273.712247832	929.82824971051	-2.26399258135541	5.125662408432333	864580.5739597105	1145.256739571861	1016.12571789213	1.152799	26.325966	0.127034765425407	0.0662738062741577	0.0903371244	-0.1478372696	0.1551498993	0.0223068494	0.1293767005	-0.0417118115	0.1968714611	-0.0189699987	-0.219019009	-0.0692227555	-0.0133039746	-0.068356462	0.1363219931	0.2009007829	-0.056181455	-0.1100379408	0.0105692821	0.1666429723	0.1676070892	0.1109111375	0.1176093487	-0.3156119515	-0.0979742725	0.0556464504	0.0139858368	-0.0464212622	0.0073694629	-0.0610565952	0.048678157	-0.0060478581	-0.1149572766	0.1686634619	-0.0918130553	0.2326309923	-0.1676577249	0.1251823616	0.0267985858	0.0513171107	0.0838971172	0.0480753443	0.1522699275	-0.0299801444	0.0320895205	0.3468225984	-0.0991654774	-0.1477369361	0.1373893121	-0.0007225511	0.2038164032	0.0627136914	-0.164839403	-0.0372111519	-0.0606700333	0.0755001825	-0.1473769729	-0.0972079759	-0.1371274311	-0.055498183	-0.057207496	0.0685444802	0.0764020777	0.1910104181	-0.0835532497	-0.0155584121	0.2497299059	0.0685261018	0.0686788889	0.1165316246	0.0475176794	-0.0821751036	0.0397386782	-0.1553331634	0.0977554231	-0.1346915149	0.0831471893	0.2032047533758287	0.0002918378970803	8.516935817230969e-08	0.0412921717945313	0.0797651647735335	0.0209531140678365	0.0004390329891397	0.0063624815113489	-0.8472433364492531	-0.0589339597212301	0.0034732116084235	0.7178212711576623	-0.0085548126119044	-0.0006119704341672	3.745078122947917e-07	7.31848188247986e-05	-0.0026316756424595	0.0002424864758978	5.8799690993382715e-08	6.925716687114623e-06	0.0006137570076008	8.26601647201e-05	3.766976643790885e-07	6.8327028315540645e-09	0.0
946.3812059068224	1.1506831339173689	895637.3868936513	1.324071674681897	1528.0475431449247	4.146722143822899	17.19530453807118	2334929.2941112407	929.2925463183842	-0.5357033921258108	0.2869781243351001	863584.6366429062	1143.658670084277	1024.376989894443	1.15941	26.476944	0.1832636772031819	0.0850272406904429	-0.045651403	-0.0624665083	0.1776138668	0.1130679647	-0.083237622	-0.0245892597	0.1941141348	-0.2107204169	-0.0580869129	0.0136067393	-0.0348681121	-0.0655414295	0.0147427504	0.0891984831	0.1877290674	-0.1569492114	0.0747309244	0.0163307696	0.1513402244	0.1032967188	0.1072684104	-0.0322801912	-0.0043550759	0.076925346	0.0111490771	-0.0230811905	-0.2220111798	0.1325486862	0.1232745168	-0.2125610956	0.1043053313	0.1048521281	-0.1171611542	-0.066094891	-0.1587375939	0.0830668518	-0.1140892136	0.1209529671	0.0620002369	0.0950805318	0.0708477269	-0.1110279477	0.2156266278	0.010044625	0.0023646205	-0.0143526889	0.1039322663	-0.0290542111	0.0945621829	0.1182481959	0.0675944549	-0.1137326917	-0.0484197871	0.0970041874	-0.1414436419	-0.1190394228	-0.0759649354	0.0335815098	0.2161014299	0.1849392219	0.0445186367	0.0234457599	-0.0468595123	-0.0599255784	0.2994487718	0.1900200076	-0.0113723574	0.0816248829	-0.0916416353	0.1169883643	0.1083041592	0.0863224583	-0.0347609553	-0.1373117808	0.0924399334	0.2237043774725577	0.020499624096729	0.0004202345881071	0.0500436485003845	0.0951418397610837	0.0153766749875502	0.0002364421336727	0.0090519696731237	-0.9190040539573658	-0.0717607175081127	0.0051496005772791	0.844568451190073	-0.009067117376007	-0.0005123047641025	2.624561713222194e-07	8.221261751028805e-05	-0.0033370253457745	-0.000705349703315	4.975182039665586e-07	1.1135738158341422e-05	0.0003188782628026	-0.0002948787447982	1.0168334648800405e-07	8.695347413376197e-08	0.0
946.682658989699	0.3014530828766055	896208.0568318068	0.0908739611758096	1523.294704451229	-4.752838693695594	22.58947564829004	2320426.7566091577	927.6959155521928	-1.5966307661914243	2.5492298035490144	860619.7117322212	1142.7251549943428	1032.2947146445242	1.010648	23.07972	0.0726049410772586	0.0338267781448942	-0.1491917907	-0.0208294378	0.0449034149	0.0581150826	-0.1201871589	-0.0384976561	0.0657340635	-0.0505945865	-0.0769377816	0.0990275071	-0.0413300735	-0.0494786735	0.0424057305	0.0755827512	0.1544209209	0.0119133328	-0.1363434943	-0.0362319833	0.0105871169	-0.0173088943	-0.0352489477	-0.2379230839	0.1574889904	0.0636791012	0.0094822876	0.0442308544	-0.0922816509	0.0005131208	0.0304525748	-0.1916361717	0.0085153967	-0.2008476935	-0.0075045267	-0.0732437099	-0.0857481082	-0.0138175959	0.0094840538	0.0327541494	0.1585990974	0.0347387836	0.1055761609	-0.0049518012	0.2130600635	-0.0725253337	0.0263190614	0.0317288255	0.1111153887	-0.1270946256	0.0132190129	0.1101491611	0.0559551485	-0.0933780072	0.0356100684	-0.080950559	-0.1061265977	-0.1276360762	-0.0591575866	0.0405210065	0.0795448009	0.2671014182	0.0105811171	-0.0744946605	-0.1531719595	-0.1580186122	0.1491824307	0.1721820953	-0.0266974445	-0.1643958058	-0.0276423174	0.0758822169	0.0151597336	0.1024114064	-0.1342835027	-0.1397444952	0.1012278027	0.2307892136357452	0.0070848361631875	5.019490345920941e-05	0.0532636611306056	0.0724034235297921	-0.0227384162312916	0.0005170355727074	0.0052422557388344	-0.9264633394200104	-0.0074592854626445	5.564093961321981e-05	0.8583343192892773	-0.0092047926716172	-0.0001376752956101	1.8954487021355903e-08	8.47282081274577e-05	-0.0037850018153722	-0.0004479764695976	2.0068291731321885e-07	1.432623874237085e-05	0.0001980819636078	-0.0001207962991948	3.92364643067218e-08	1.4591745899159648e-08	0.0
948.3593573694978	1.676698379798836	899385.4707102869	2.8113174568200416	1520.240981329055	-3.0537231221740058	9.325224906900155	2311132.6413123286	930.9375009318344	3.241585379641606	10.507875773506214	866644.6306412092	1141.2623659377582	1019.08276371704	1.041188	23.777149	0.2275969453216585	0.1102705410208301	-0.1551126684	0.1287428578	-0.001404856	0.0494843624	-0.1647036958	-0.0300908332	-0.1221223214	0.1046825215	-0.0140541063	0.089564236	-0.0305596087	0.0217517639	0.0629279712	-0.1477631514	0.0762558103	0.0611072793	-0.1425349888	-0.1812427301	-0.0699881667	-0.1315536599	-0.0026104341	-0.0061442471	0.0557555933	-0.0374585085	-0.0857090424	-0.1047375667	-0.0048502399	-0.1502233709	0.0532263098	-0.0375564035	0.0110058728	-0.0924200617	-0.2790469599	-0.1120235505	0.0446101912	-0.1622835333	0.0732627565	-0.0701750631	0.1010902273	-0.0678821143	0.0209919545	0.0341192092	-0.0046544187	-0.2069234395	-0.0791653814	0.0965599163	0.0091848594	-0.1697886335	0.1156107235	0.0338359433	0.0685794778	0.0927717283	0.1315276991	-0.2253991695	-0.0322743352	-0.1740405363	-0.1281166118	-0.0112602932	-0.0321319354	0.0739366895	-0.1438619526	-0.0579215109	-0.135874473	-0.0798866561	0.04141803	-0.0786688948	0.0180809903	-0.0125936643	-0.0278676488	-0.0242107169	0.1259535109	0.0816730447	-0.1027765854	-0.1419863355	0.1094628008	0.2064848300965565	-0.0243043835391887	0.0005907030592199	0.0426359850600038	0.0412705165119007	-0.0311329070178913	0.0009692578993846	0.001703255533159	-0.8314597479978829	0.0950035914221274	0.0090256823831025	0.691325312540703	-0.0084680073449426	0.0007367853266745	5.428526176029956e-07	7.170714839400182e-05	-0.0031018786830723	0.0006831231322999	4.666572138832268e-07	9.621651364498346e-06	7.486915573327868e-05	-0.0001232128078745	5.6053904802139365e-09	1.51813960243237e-08	0.0
950.6681212293428	2.3087638598449303	903769.8767217284	5.330390560526061	1523.021508073632	2.780526744576946	7.731328977307669	2319594.5140548805	932.8554490261708	1.9179480943364524	3.678524892568829	870219.2887778188	1143.9053972017398	1032.958390081298	1.095197	25.010536	0.0763518564415074	0.0540239969204189	-0.133201779	0.0809398302	0.0558553906	-0.0813627467	-0.0671587673	0.0548287033	-0.0184714999	0.2472363132	-0.1023530302	-0.008389833	-0.0098306983	-0.0547436503	0.0872870327	0.047295066	-0.1612720295	0.0562622794	0.0208787549	-0.1881427652	0.0559328414	-0.0361453771	0.0994141711	0.0313703481	0.2009309317	0.1370651847	0.1362907686	0.0192642623	0.0428923108	0.1031441609	-0.060512482	-0.0365186587	-0.103638923	0.0340002229	0.0507209481	0.0741489859	-0.0282015854	-0.128252838	0.1290357943	-0.0938469127	0.0088786369	0.0230127665	-0.0348563257	0.2190012256	0.081798198	0.0454224921	0.1821043809	-0.0354261126	0.0644540012	-0.014991419	-0.1299078121	0.0672710487	-0.1633392075	-0.0350847902	0.0767190477	-0.1629437525	0.092920382	-0.0652298839	-0.0796210704	0.068106613	-0.1361666358	0.1384456373	-0.0774541024	0.1617424903	-0.0620822384	0.036095029	0.018986356	-0.0022375688	-0.0942116379	-0.0803993092	0.1065065224	-0.0732181743	0.0183935919	-0.0019397938	0.0292376385	-0.1440342395	0.1170999511	0.2063315183683869	-0.0001533117281695	2.3504485994348483e-08	0.0425726954722039	0.0513648738066052	0.0100943572947044	0.0001018960491931	0.0026383502611684	-0.8840422616226675	-0.0525825136247846	0.0027649207391006	0.7815307203349209	-0.0085475117224191	-7.950437747649905e-05	6.3209460379256506e-09	7.305995664489192e-05	-0.0032908768171859	-0.0001889981341136	3.5720294698422386e-08	1.08298702258916e-05	7.293819144640282e-05	-1.9309642868758567e-06	5.319979771472111e-09	3.7286230771899846e-12	0.0
947.3553821204896	-3.3127391088531795	897482.2200326589	10.974240403325355	1524.7989272791824	1.777419205550359	3.1592190322592693	2325011.7686317456	931.7811905179012	-1.0742585082696223	1.1540313425896742	868216.1870029573	1144.1121194982318	1034.0714534540646	1.208437	27.59656	0.1956339325627327	0.1011177465330353	-0.0995455786	-0.0443808312	-0.1291678985	-0.2098167529	-0.0160141046	-0.1221065025	0.0294631155	0.0739820739	0.2559014189	-0.1511511723	0.0406634017	-0.07016769	-0.0730452704	0.0604768712	0.0165792923	0.1463438313	0.1046452097	0.0480982039	0.0387386662	-0.0049505525	-0.1351400514	0.0760027875	-0.0494839	0.0678208171	-0.1417099066	0.0805550109	0.0424438274	-0.0025893687	-0.1522711655	0.1038989122	-0.1720240601	0.0066866867	-0.0191447936	-0.0771367107	-0.0343632332	0.1128409129	0.0877528917	-0.0746445017	-0.2568829532	-0.009710321	-0.0106892378	0.0345863858	0.043672587	-0.0517958791	0.0690224489	-0.0484992952	-0.2569144554	0.1366699096	-0.1362228811	0.100730118	-0.0174332689	-0.1140124883	-0.0572042992	-0.0108410738	0.0908678855	0.1613023931	0.1121788492	0.0895598831	-0.0912897329	0.0282541931	0.0195205024	0.1494664283	0.1878978978	-0.0581794362	-0.0685898175	0.0661316882	-0.1146597341	-0.1125927168	0.1095800976	0.1667754311	-0.0346907342	0.0789725147	-0.1831955444	-0.1458854101	0.124097542	0.2162468766158838	0.0099153582474968	9.831432917620472e-05	0.0467627116461252	0.1199830051893116	0.0686181313827064	0.0047084479544543	0.0143959215342583	-0.9133511230583906	-0.029308861435723	0.0008590093586584	0.8342102739920234	-0.007741472313242	0.000806039409177	6.496995291465669e-07	5.993039357669245e-05	-0.0042358373863471	-0.0009449605691612	8.929504772694596e-07	1.7942318363575833e-05	6.810653984857477e-05	-4.831651597828057e-06	4.638500770145502e-09	2.3344857162794417e-11	0.0
946.3645570316564	-0.9908250888331622	895605.8748057233	0.981734356661244	1525.417764628763	0.6188373495806445	0.3829596652359968	2326899.3566450123	930.3107824738092	-1.4704080440919824	2.162099816130409	865478.1519870312	1142.368992917233	1017.7750353205182	1.295645	29.588079	0.1427463033520245	0.0831542056472327	0.1380305821	-0.0983426356	-0.0259920367	-0.0676299244	0.0814271445	-0.1413152419	0.040307425	-0.0594095615	0.1938828704	-0.1181499113	0.1070563235	-0.0592110482	-0.1984669718	-0.0463789046	-0.0980820554	0.0535863033	0.0077603677	0.1657796424	0.028470618	-0.138761759	-0.0175324071	0.025725266	-0.1412369767	-0.0753362504	0.0639145547	-0.0987478396	-0.0915516084	-0.090070353	-0.031943416	-0.0582539483	0.2457352006	0.0101720452	0.0130775134	-0.0148246732	0.0079666095	0.14299799	-0.0268965189	-0.0671721537	-0.1346676397	-0.1882688074	-0.0098839949	-0.1596631121	0.0014146504	-0.1146599044	-0.0905930174	-0.0330259214	0.0224536767	0.1008012487	-0.1027404936	0.037368243	0.0779380777	0.1162495373	-0.1211624114	0.1005874664	-0.0319540807	0.0938880623	-0.0034049452	-0.0147695314	-0.0394249126	-0.0399413845	0.0237158842	0.0269058104	0.0629156996	-0.1869752383	-0.2247511589	-0.1479745925	0.0345876767	0.0394583383	0.0048116156	-0.1121862311	0.0233555761	-0.1577514906	-0.0186198305	-0.1475373187	0.1304173552	0.2156279322631604	-0.0006189443527233	3.830921117681743e-07	0.046495405172086	0.1115973269507577	-0.0083856782385538	7.031959952055632e-05	0.0124539633825543	-0.8367396792219921	0.0766114438363985	0.0058693133266976	0.7001332907845222	-0.0071531126102584	0.0005883597029836	3.461671400949503e-07	5.1167020015037736e-05	-0.0042318415516562	3.995834690900292e-06	1.5966694877002233e-11	1.7908482918323953e-05	-0.0004821426609639	-0.0005502492008124	2.3246154552135026e-07	3.027741829947672e-07	0.0
945.4591643096396	-0.9053927220168134	893893.0313770821	0.8197359810810148	1519.6725184402187	-5.745246188544343	33.007853766983295	2309404.563302437	928.0220944159512	-2.288688057858053	5.238093026182067	861225.0077241686	1141.080632025765	1023.4269098532004	1.204355	27.503321	0.0621992795563672	0.0409891862159783	-0.0056642121	-0.1206726478	0.1758298315	0.1572761332	0.0531309675	0.0132148101	0.1038177383	-0.0675630061	-0.2351639896	-0.0062450097	0.0151826632	-0.1644768772	-0.1504732034	0.1439197134	-0.0042506473	0.0445073358	-0.1526019092	0.0319318729	0.0838186719	0.0421030744	0.0417987231	-0.1158822281	0.0664587669	-0.1151576123	-0.061397479	-0.0677571515	0.1404601621	0.0195609839	-0.0221349665	0.0295012388	0.216436337	0.0859919022	0.0442939854	0.0817006841	-0.1169845677	0.0441116356	-0.0573161898	0.0448194286	0.1874684	-0.1339393509	0.0334206009	-0.0064385003	0.0469736217	0.0052812649	-0.0244514914	-0.172156972	-0.0215322908	0.0884836758	0.0514614625	0.0446281693	-0.1703134799	0.1470235907	-0.1179595532	0.0394816947	-0.0590555871	-0.0262737149	0.1047516609	0.1485431019	-0.0069174812	-0.105553506	0.1982009247	0.0394639823	0.0561918973	-0.0863287261	-0.0114603167	-0.0021896551	0.0041411119	0.3003460781	0.0917795585	-0.1445103507	0.0956458714	-0.0680870639	-0.2015177855	-0.1489877092	0.136024874	0.2180071414983899	0.0023792092352294	5.660636585001322e-06	0.0475271137442989	0.0964588680395479	-0.0151384589112098	0.0002291729382063	0.0093043132234709	-0.7996850854915891	0.0370545937304029	0.0013730429165252	0.6394962359576902	-0.0072023978524337	-4.928524217530025e-05	2.4290350962779948e-09	5.187453482474157e-05	-0.0042322017342237	-3.601825674997769e-07	1.2973148193073134e-13	1.791153151916609e-05	-0.0003792477321162	0.0001028949288477	1.43828842315281e-07	1.0587366382573248e-08	0.0
946.942015919433	1.4828516097933289	896699.1815135597	2.198848896666667	1521.0024114476018	1.3298930073831343	1.7686154110865573	2313448.33562942	928.947388005924	0.9252935899728528	0.8561682276448497	862943.2496830288	1141.654575579807	1028.7220952185123	1.200889	27.424179	0.1155301254634613	0.0697335170349612	-0.1513977726	-0.0107494534	0.0618296942	0.125300711	-0.107051637	-0.0148945463	0.0071268714	-0.0501057177	-0.2044860018	0.1080753045	0.0144200929	-0.0387345368	-0.0973794734	-0.0500820237	-0.055303249	-0.2632110803	-0.1996805332	-0.0034824191	-0.0613704392	-0.0600011371	-0.0198831813	0.1052161869	0.0797565267	0.0339576459	-0.0310581893	0.1008670516	0.0980128271	-0.0018142829	0.1359280457	-0.0206993186	0.0833406786	0.0873502157	0.0658923557	-0.0476491661	-0.0563149688	-0.0781450179	-0.0372687871	0.0413746705	0.2330889046	-0.0300821514	-0.1802638431	-0.1021177957	-0.0451644385	-0.1909862826	0.0881792624	-0.1626042739	0.0735374053	-0.172640662	0.005317283	0.0311249989	-0.0231927615	0.1465657576	-0.0009109695	-0.0519707852	0.0660753604	-0.054335877	0.2300478011	0.1492128943	0.0271056362	0.0643178785	-0.0779795775	-0.1788134152	-0.1129718444	-0.0223367066	-0.051367604	0.1072054181	-0.1851040536	-0.0161293568	-0.0084805432	-0.1153987659	-0.1774505851	-0.1426546539	-0.1036487336	-0.1502346003	0.1408894722	0.2222808257740638	0.0042736842756739	1.8264377288142348e-05	0.0494087655067997	0.086539575218552	-0.0099192928209958	9.839237006866064e-05	0.0074890980790074	-0.7584312555518125	0.0412538299397766	0.0017018784847	0.5752179693978986	-0.008098310130491	-0.0008959122780572	8.02658809973819e-07	6.558262696961315e-05	-0.0039576652297128	0.0002745365045108	7.53702923090633e-08	1.566311407047767e-05	-0.0003480301461441	3.1217585972099994e-05	1.2112498262508364e-07	9.74537673925454e-10	0.0
949.3706639812636	2.4286480618307	901304.6576282254	5.8983314082340135	1518.913549961188	-2.0888614864138617	4.363342309423127	2307098.3722556983	930.5304945928754	1.5831065869513168	2.506226465648647	865887.0013672613	1142.828552004104	1025.7635838034375	1.043127	23.821434	0.1830120814981537	0.0845293939439742	-0.1452752553	0.0948976938	-0.006387236	0.04878991	-0.1488446731	-0.0254716251	-0.0713133014	0.0469602762	-0.0679645864	0.0600243905	-0.0859511272	-0.0161852877	-0.0720394427	-0.1270524486	0.0572559272	0.0398746618	-0.0359561688	-0.1598500233	-0.105165722	0.0145152716	-0.0460945904	0.0663425715	0.0166053106	0.0608954228	0.0343095047	0.1477545556	0.1532377665	0.1142630733	0.1437219637	-0.0393777101	0.0018191079	-0.2400815508	0.046394572	-0.1289670471	-0.0117119268	-0.0943673081	0.000390941	-0.0060390697	0.097680952	-0.0530265103	-0.058509662	0.1234202503	-0.0593816061	-0.2072788751	-0.0719949124	0.0602809913	0.0406937582	-0.1778408068	0.0054011024	0.0104093202	0.1867683042	0.1929296722	0.0847555983	-0.2387699807	0.0227305901	-0.0350739655	0.0342902321	0.0726660136	-0.0006432048	0.0075554141	-0.1169653653	-0.1209146489	-0.0316783502	0.0611583964	-0.0622295613	-0.1795824226	0.0960044266	-0.0840356224	-0.0246059735	-0.2334934131	0.1607164366	0.2139618609	-0.1241929993	-0.151276289	0.1449845808	0.2057362118966352	-0.0165446138774285	0.0002737242483532	0.0423273888855771	0.0366317169322059	-0.0499078582863461	0.00249079431873	0.0013418826854012	-0.8202638677580865	-0.061832612206274	0.0038232719322514	0.6728328127494556	-0.0086800731557004	-0.0005817630252094	3.384482175007945e-07	7.534366998831071e-05	-0.0035480143381763	0.0004096508915365	1.678138529366494e-07	1.2588405743904607e-05	-0.0002449041203279	0.0001031260258162	5.997802815358251e-08	1.0634977200643551e-08	0.0
947.8409057811208	-1.529758200142851	898402.3826719755	2.340160150904295	1522.281009324741	3.3674593635530528	11.339782565181132	2317339.4713507523	932.3405649898616	1.810070396986248	3.2763548420459534	869258.9291256143	1144.3280691272887	1023.4654137380352	1.220136	27.863718	0.1623868651608724	0.1031018132547578	-0.1209350412	0.0515274961	-0.0931750847	-0.1080136571	-0.0143151317	-0.0396866439	-0.0619616015	0.2527550273	-0.0619749667	-0.0489448419	-0.0512889699	-0.0209452798	0.0585962977	0.0697968812	-0.1858508461	0.1197195779	-0.0084434736	-0.1434188359	0.0701501898	-0.1160501487	0.060793527	-0.011684006	-0.0670088648	0.0951622739	-0.1198762761	-0.1092892588	-0.0263360658	0.0188063933	-0.1442689483	0.0782860692	0.1287245275	0.0787376969	-0.0964808117	0.0614253378	-0.0314512536	-0.0505789293	0.1830428836	-0.0575315542	-0.0304026673	-0.0505603863	0.0645882282	0.2120351711	-0.0375324839	0.0489745905	0.0663618367	-0.1885367975	-0.0622909739	-0.0908960804	-0.1244783036	0.0652127692	-0.1393498317	-0.02139032	-0.0070230847	-0.1621298326	0.0140293491	0.1407734634	-0.0905156414	0.0199463654	-0.1258851299	-0.0745240778	0.0218267535	0.10670346	0.1240643538	0.0070392044	0.0542315969	-0.0909050944	-0.0439530358	-0.1144007901	0.1255459706	0.033696642	0.0136563084	-0.0219217654	0.0630774714	-0.1521113526	0.148287834	0.2059880140180183	0.000251802121383	6.340430833302614e-08	0.0424310619190873	0.0776179409213568	0.0409862239891509	0.0016798705568888	0.0060245447528712	-0.9128985662792956	-0.092634698521209	0.0085811873701152	0.8333837923147934	-0.008740025189451	-5.9952033750599806e-05	3.594246350833058e-09	7.638804031223799e-05	-0.0037533435200829	-0.0002053291819066	4.216007294243373e-08	1.4087587579748296e-05	6.009747459748745e-05	0.0003050015949253	3.6117064529956493e-09	9.302597290703012e-08	0.0
945.9193128748688	-1.9215929062520445	894763.3464696638	3.6925192973581775	1520.655017559345	-1.6259917653960656	2.643849221135814	2312391.682428412	929.5587672265128	-2.781797763348777	7.738398796172259	864079.5017276743	1142.6989247057406	1021.684663817748	1.049579	23.968784	0.1313157878089977	0.0639080725346918	-0.0019402864	-0.0387776623	-0.1303840618	-0.0875564287	-0.02632757	-0.0807696401	0.0452838291	0.0246934192	0.1232926331	-0.1181269043	-0.0081038938	-0.1236556139	-0.0927188222	0.1620460872	-0.0425806205	0.1173086165	0.0456970671	0.0186657233	-0.0561236666	-0.0071460848	-0.1923118095	0.0196472298	-0.0638782393	-0.1274888819	0.0254196686	-0.0158323025	0.0644401774	-0.0026162616	-0.0630171061	0.0464421944	-0.1415378808	0.1333250616	0.022736305	-0.0113032774	-0.0696167497	0.0798759435	0.1130302078	0.0161403034	-0.1871061655	-0.0859667827	0.0151773259	-0.0280888617	0.0707932649	0.0105908782	0.0555592633	-0.0388937883	-0.1774439089	0.1331594637	-0.1170772176	0.0856285708	-0.0868261024	-0.1184914902	-0.1136507211	0.018781363	0.0878289473	0.2752151055	-0.034876195	-0.0070257319	0.0610571527	0.0013126121	0.1485647233	0.0182071925	0.1342969507	0.0619216174	0.0231471233	-0.0492410642	-0.0538767656	-0.0403910992	0.0461747734	0.091075471	-0.128515203	0.063598557	0.0215828349	-0.1527386503	0.1507811905	0.2157130664819817	0.0097250524639634	9.457664542684074e-05	0.0465321270510598	0.0978525195747295	0.0202345786533726	0.0004094381732795	0.0095751155871228	-0.9515448903820528	-0.0386463241027572	0.0014935383666553	0.9054376784121928	-0.0087321011838877	7.924005563300987e-06	6.278986416722499e-11	7.624959108565297e-05	-0.0045207722491207	-0.0007674287290377	5.889468541525729e-07	2.043738172841983e-05	-0.0004187464425795	-0.0004788439171769	1.753485831729865e-07	2.2929149701740167e-07	0.0
946.7090244877714	0.7897116129026927	896257.9770465879	0.6236444315533722	1525.4450091127949	4.789991553449909	22.944019082121468	2326982.4758271347	930.6462590263696	1.0874917998568208	1.1826384147558275	866102.4594397767	1142.9543856851856	1018.9726428229952	1.023956	23.383636	0.0694687224097891	0.0333332375361514	0.1221073223	-0.0222452764	-0.0243757597	0.0256526096	-0.0440676953	-0.034058071	0.0637895449	-0.1526296157	0.2145339061	-0.0669636298	0.0128853593	-0.0999232748	-0.1749623386	0.1053624008	-0.1163425664	-0.0942225179	0.1330984672	-0.0255174315	-0.0027990175	-0.0470115516	-0.1430299144	0.0100193434	-0.1775086849	0.0201750651	0.0811003531	0.147990285	-0.0753448427	-0.024434499	-0.0612207981	-0.0160145823	-0.1132000696	-0.1260501722	0.0238730783	-0.0767491551	-0.0523298528	0.0721687061	-0.0620073236	0.0671632679	-0.1953482925	-0.1383481793	0.0070586237	-0.1932386596	0.2000113045	-0.0365328877	-0.0310845894	0.0218163014	-0.027524085	-0.0359710608	-0.1302569367	0.0779049485	0.0773571769	-0.039192697	-0.1356312208	0.1089351271	0.0620417694	0.1957437166	-0.0732741832	-0.0538544079	0.1932639149	0.0783654214	0.1149948312	-0.0650102818	0.0117633253	0.0926742229	-0.1411133315	-0.0975182758	-0.0531432119	0.0601612367	-0.0171724167	0.1165076408	-0.0161850117	-0.0358651846	-0.0664088179	-0.1531573254	0.1524510324	0.2051228094192509	-0.0105902570627308	0.0001121535446547	0.0420753669440463	0.0997371020713018	0.0018845824965723	3.5516511863867086e-06	0.0099474895295812	-0.9406924595293588	0.010852430852694	0.0001177752554125	0.8849023034153942	-0.0091502595419138	-0.0004181583580261	1.7485641238708418e-07	8.372724968438453e-05	-0.0046439434013718	-0.000123171152251	1.5171132746863605e-08	2.156621031514468e-05	-3.7246912900861136e-05	0.0003814995296786	1.3873325206443355e-09	1.455418911450227e-07	0.0
948.1548587774354	1.4458342896639351	898997.6362232585	2.090436793168016	1524.0777631487165	-1.3672459640783927	1.8693615262886536	2322813.0281243958	929.7823430418058	-0.863915984563846	0.7463508283849194	864495.2054323102	1141.1716094701826	1018.9366307336776	0.920305	21.016605	0.137963232910858	0.0643929843419686	0.1116525077	0.0122650794	0.0815372421	0.0620452981	0.0176154326	0.0816000519	0.0873952329	-0.1107482021	0.0547419153	0.0371053391	0.1022184689	-0.0487565079	-0.1277849087	0.0449307273	0.0732239432	-0.0725686339	0.0467327677	-0.0550536466	0.002662302	0.0160735275	-0.16550532	-0.110678514	-0.2824872228	-0.1027811075	0.0801030481	0.0633835452	-0.039385155	-0.0736697046	0.1244125758	0.158436351	-0.0298775577	-0.2664405898	0.1049874638	-0.0164036216	-0.0373136442	-0.0088236836	-0.1722812612	0.0542316335	-0.0520703731	-0.1507369824	0.0977270732	-0.120572994	0.2319063142	-0.0026089464	-0.1507258989	0.1247528217	0.0670832891	0.0850164968	0.033329479	0.0711896268	0.1780213836	0.0101302249	-0.0934502107	0.0764940194	-0.0369974393	0.1363496921	-0.1633291152	0.0215087155	0.3468730571	0.130763184	0.1516242136	-0.0440487024	0.0032299583	0.249277203	-0.2109303819	-0.1269606008	0.1573806165	0.1716343133	-0.1166191018	0.0038992006	-0.0563735081	0.1349391642	0.2641190954	-0.153366806	0.1532882396	0.2027411351954668	-0.0023816742237841	5.672372108237608e-06	0.0411039679003465	0.0815470128722921	-0.0181900891990097	0.0003308793450679	0.0066499153083937	-0.987672523004136	-0.0469800634747772	0.002207126364094	0.9754970126973556	-0.0095341436615237	-0.0003838841196099	1.4736701728866886e-07	9.089989535857256e-05	-0.0053569873187218	-0.00071304391735	5.084316280698346e-07	2.8697313132946184e-05	-0.0003485469962067	-0.0003113000833058	1.2148500856471338e-07	9.690774186622222e-08	0.0
