#!ascii label  , from subject sub-v2s4x29632_ses-1 vox2ras=TkReg
3881
55555  18.791  6.624  68.082 0.0000000000
68601  3.709  25.446  73.050 0.0000000000
64015  14.031  18.848  66.523 0.0000000000
57170  7.761  8.339  68.740 0.0000000000
93151  25.966  10.155  64.155 0.0000000000
62223  5.350  15.433  62.567 0.0000000000
66175  41.882  22.174  48.708 0.0000000000
67004  53.159  22.118  37.551 0.0000000000
57971  11.777  9.982  64.635 0.0000000000
104115  13.564  11.269  57.219 0.0000000000
56334  17.319  8.180  76.275 0.0000000000
56377  12.028  7.930  71.597 0.0000000000
55569  24.494  6.991  66.657 0.0000000000
60269  17.894  12.819  59.741 0.0000000000
70147  1.611  28.635  67.712 0.0000000000
89661  -0.489  32.398  72.323 0.0000000000
63407  6.542  16.539  72.832 0.0000000000
60225  -0.714  12.929  70.120 0.0000000000
66722  1.755  22.236  68.004 0.0000000000
105994  3.807  25.639  61.074 0.0000000000
60922  32.229  14.404  58.779 0.0000000000
66154  34.366  21.404  52.157 0.0000000000
62886  40.009  16.116  56.357 0.0000000000
98789  7.066  11.102  75.310 0.0000000000
88526  10.933  13.733  69.450 0.0000000000
88842  25.088  11.194  58.898 0.0000000000
60961  23.270  12.838  56.447 0.0000000000
66923  47.166  22.644  45.579 0.0000000000
55574  14.734  6.646  66.057 0.0000000000
58769  11.996  9.925  61.001 0.0000000000
55652  15.404  5.563  62.124 0.0000000000
55517  18.766  7.689  72.633 0.0000000000
55542  14.916  7.301  69.743 0.0000000000
90954  22.209  6.340  72.994 0.0000000000
56333  21.077  8.357  76.394 0.0000000000
90496  21.830  6.063  67.623 0.0000000000
88660  25.294  5.341  71.946 0.0000000000
55663  18.159  6.638  61.215 0.0000000000
68605  -2.018  25.925  72.417 0.0000000000
73474  0.515  35.539  65.327 0.0000000000
71932  2.218  32.216  68.201 0.0000000000
67381  4.623  23.682  69.701 0.0000000000
65258  4.513  20.978  69.826 0.0000000000
102631  2.753  19.872  74.332 0.0000000000
68620  0.812  25.426  69.864 0.0000000000
58757  33.760  10.239  61.977 0.0000000000
61607  35.779  14.534  58.793 0.0000000000
59439  9.394  11.931  79.115 0.0000000000
60226  12.291  12.363  66.926 0.0000000000
58713  11.799  10.937  69.731 0.0000000000
62190  15.298  15.225  69.637 0.0000000000
64002  11.867  18.759  69.954 0.0000000000
88775  26.269  9.554  61.651 0.0000000000
90723  18.665  12.747  64.231 0.0000000000
89786  20.133  12.548  58.512 0.0000000000
88730  23.075  13.176  61.162 0.0000000000
88831  25.095  14.177  60.136 0.0000000000
60891  3.709  13.944  65.250 0.0000000000
57209  -1.370  8.106  63.583 0.0000000000
57982  4.033  9.719  63.010 0.0000000000
63448  5.154  17.333  59.678 0.0000000000
107828  53.176  25.618  33.832 0.0000000000
96098  11.524  14.805  65.046 0.0000000000
99447  11.437  19.558  63.574 0.0000000000
92846  11.075  15.146  62.036 0.0000000000
62240  11.813  16.025  58.881 0.0000000000
62893  14.692  16.944  55.817 0.0000000000
57104  13.786  8.440  79.187 0.0000000000
88466  11.035  6.924  77.202 0.0000000000
54701  14.085  6.114  74.057 0.0000000000
96892  12.159  8.105  68.445 0.0000000000
54676  17.086  4.935  79.181 0.0000000000
88746  23.641  12.766  67.810 0.0000000000
94831  30.673  7.257  67.429 0.0000000000
88715  30.048  6.080  72.666 0.0000000000
90962  17.889  16.617  57.046 0.0000000000
60281  16.258  12.145  57.312 0.0000000000
91518  20.412  9.319  62.662 0.0000000000
73479  -0.076  35.315  62.939 0.0000000000
96628  7.056  13.277  69.085 0.0000000000
59476  4.408  11.103  67.093 0.0000000000
99416  5.726  15.862  69.608 0.0000000000
102343  6.323  17.212  66.967 0.0000000000
64616  7.337  19.538  64.898 0.0000000000
66057  6.966  21.185  62.411 0.0000000000
67436  2.965  23.500  64.785 0.0000000000
108811  -0.952  24.770  63.715 0.0000000000
99234  30.083  14.083  51.293 0.0000000000
64758  30.970  19.264  49.962 0.0000000000
62911  34.757  16.719  53.053 0.0000000000
64666  38.460  19.826  55.707 0.0000000000
64113  45.547  18.308  50.569 0.0000000000
62921  40.650  16.881  52.083 0.0000000000
57151  5.861  9.251  72.073 0.0000000000
88482  8.671  7.261  74.733 0.0000000000
94339  9.045  9.623  71.831 0.0000000000
58714  8.715  10.962  69.367 0.0000000000
62806  9.763  15.972  71.357 0.0000000000
96179  7.804  21.518  69.974 0.0000000000
106717  18.807  14.852  61.662 0.0000000000
102969  19.360  16.374  56.608 0.0000000000
61657  23.765  14.824  52.772 0.0000000000
60290  27.822  13.337  56.448 0.0000000000
90411  26.040  14.270  64.882 0.0000000000
55597  3.030  6.198  65.790 0.0000000000
100288  7.507  21.950  59.258 0.0000000000
94717  50.719  23.885  41.951 0.0000000000
100963  46.991  18.108  46.179 0.0000000000
93160  17.109  6.133  67.790 0.0000000000
55617  15.608  6.755  64.357 0.0000000000
54806  17.807  5.900  65.463 0.0000000000
54746  18.653  5.906  70.666 0.0000000000
55548  16.810  7.080  69.026 0.0000000000
54735  21.123  5.960  71.395 0.0000000000
55515  20.856  7.213  72.282 0.0000000000
91345  20.300  6.165  68.553 0.0000000000
97407  22.033  5.144  70.328 0.0000000000
104389  18.770  5.877  64.866 0.0000000000
67361  1.153  23.510  74.723 0.0000000000
70118  0.540  29.268  71.584 0.0000000000
70120  2.124  29.415  70.954 0.0000000000
102775  6.156  24.622  71.911 0.0000000000
89675  6.750  21.935  72.396 0.0000000000
65966  4.223  21.385  75.972 0.0000000000
65970  -1.056  20.166  76.202 0.0000000000
65271  14.787  20.577  66.530 0.0000000000
57098  10.302  8.932  80.435 0.0000000000
62832  11.476  16.246  67.566 0.0000000000
88535  12.253  15.464  68.366 0.0000000000
63430  14.834  17.787  67.740 0.0000000000
64595  14.456  18.552  68.436 0.0000000000
88787  26.344  9.508  62.898 0.0000000000
100472  26.979  8.265  62.707 0.0000000000
56432  27.153  8.414  64.733 0.0000000000
103001  23.308  11.049  64.014 0.0000000000
91075  21.910  12.837  62.046 0.0000000000
92178  24.668  11.217  63.181 0.0000000000
88837  25.755  11.421  62.318 0.0000000000
56382  6.342  7.551  70.413 0.0000000000
98054  6.163  7.302  68.830 0.0000000000
60896  4.900  13.868  63.973 0.0000000000
59494  2.854  11.561  63.931 0.0000000000
60246  4.412  12.812  62.461 0.0000000000
58754  5.585  10.368  61.937 0.0000000000
60915  5.024  13.637  61.000 0.0000000000
62861  4.922  16.503  60.873 0.0000000000
67683  53.140  24.192  36.010 0.0000000000
59486  10.419  11.834  64.722 0.0000000000
61562  10.678  14.586  63.495 0.0000000000
60238  10.925  12.142  63.017 0.0000000000
58777  11.645  10.553  59.070 0.0000000000
60913  12.517  13.306  59.981 0.0000000000
60931  12.643  13.701  58.169 0.0000000000
62870  13.184  16.214  57.012 0.0000000000
60950  13.580  13.885  56.577 0.0000000000
88503  15.450  8.677  77.679 0.0000000000
55481  14.109  7.068  76.227 0.0000000000
56355  14.740  7.592  75.001 0.0000000000
55576  12.956  7.246  66.679 0.0000000000
56386  13.444  7.605  69.307 0.0000000000
57197  11.708  8.882  66.038 0.0000000000
58723  11.040  10.942  65.822 0.0000000000
57137  18.848  8.869  76.314 0.0000000000
88452  18.742  6.338  78.290 0.0000000000
88475  17.709  8.634  77.866 0.0000000000
56312  15.735  7.040  79.035 0.0000000000
57180  23.786  9.812  68.482 0.0000000000
57159  26.622  8.478  68.870 0.0000000000
55537  26.564  6.824  69.479 0.0000000000
88672  24.173  4.087  73.473 0.0000000000
102991  23.255  2.542  73.732 0.0000000000
61614  15.017  14.362  56.898 0.0000000000
58814  15.946  11.130  56.619 0.0000000000
55611  21.842  6.517  64.776 0.0000000000
57226  19.005  8.277  62.098 0.0000000000
95155  21.972  7.307  65.200 0.0000000000
57195  22.040  8.571  65.487 0.0000000000
104706  0.744  29.710  64.416 0.0000000000
71973  1.127  32.794  62.258 0.0000000000
105845  0.366  32.416  63.882 0.0000000000
72939  -1.935  34.448  69.577 0.0000000000
97706  -2.697  37.530  67.308 0.0000000000
62177  7.684  15.729  71.267 0.0000000000
104514  6.744  15.329  69.319 0.0000000000
62179  5.134  14.801  72.444 0.0000000000
65994  3.105  21.530  69.053 0.0000000000
64600  5.230  19.660  69.693 0.0000000000
65267  5.786  20.436  68.024 0.0000000000
64016  7.322  18.709  66.221 0.0000000000
66020  5.542  21.541  66.621 0.0000000000
66752  5.295  22.654  65.475 0.0000000000
66743  2.556  22.658  66.645 0.0000000000
69156  0.474  26.795  69.410 0.0000000000
68630  -0.375  25.312  67.537 0.0000000000
69181  1.304  26.518  66.459 0.0000000000
70170  0.589  28.107  62.658 0.0000000000
61633  31.106  14.924  54.721 0.0000000000
95201  32.133  15.776  52.666 0.0000000000
88817  33.246  15.254  55.630 0.0000000000
62243  39.035  14.421  59.518 0.0000000000
63458  36.806  18.119  59.127 0.0000000000
101578  39.752  18.153  58.123 0.0000000000
63473  41.752  17.453  55.776 0.0000000000
63495  43.537  16.828  53.925 0.0000000000
62909  39.577  16.758  53.373 0.0000000000
102175  4.883  10.271  75.904 0.0000000000
88427  5.152  8.380  74.661 0.0000000000
98379  6.585  8.577  74.611 0.0000000000
54720  11.309  5.744  74.426 0.0000000000
88459  10.381  6.923  76.176 0.0000000000
88460  10.239  7.007  73.603 0.0000000000
88517  11.224  12.592  69.486 0.0000000000
88495  10.340  10.677  70.642 0.0000000000
88501  10.035  11.291  70.153 0.0000000000
58711  8.738  10.268  70.666 0.0000000000
60207  9.408  12.632  69.182 0.0000000000
88534  9.266  15.034  69.127 0.0000000000
103993  10.788  14.581  71.450 0.0000000000
65252  9.330  20.020  70.442 0.0000000000
68029  5.894  24.285  68.136 0.0000000000
91324  17.683  14.394  58.839 0.0000000000
102691  16.663  15.565  60.520 0.0000000000
102768  17.946  14.551  59.945 0.0000000000
60279  21.694  12.315  57.912 0.0000000000
61612  19.774  14.196  57.219 0.0000000000
60976  21.536  14.089  55.788 0.0000000000
62277  21.166  15.675  54.369 0.0000000000
61002  23.944  14.092  54.108 0.0000000000
60999  26.270  13.213  53.298 0.0000000000
88784  25.584  12.675  55.966 0.0000000000
88843  25.993  12.414  61.008 0.0000000000
91273  26.066  14.019  61.615 0.0000000000
90015  27.379  11.870  61.524 0.0000000000
59467  2.698  11.077  69.108 0.0000000000
57957  3.138  9.390  66.644 0.0000000000
57949  0.120  8.578  68.493 0.0000000000
92926  1.473  6.359  63.307 0.0000000000
68073  6.074  24.253  62.065 0.0000000000
66078  7.313  21.434  60.807 0.0000000000
68098  6.547  24.580  60.220 0.0000000000
65409  33.488  20.297  50.204 0.0000000000
89230  30.630  21.224  50.371 0.0000000000
66867  32.551  22.263  52.371 0.0000000000
101646  44.211  23.816  44.403 0.0000000000
68216  44.815  25.785  43.251 0.0000000000
68229  48.144  25.630  42.185 0.0000000000
67597  48.964  24.124  45.656 0.0000000000
62958  44.166  16.780  49.569 0.0000000000
63526  46.120  17.724  48.665 0.0000000000
57207  13.456  8.421  64.689 0.0000000000
58752  12.593  10.384  62.682 0.0000000000
57215  13.940  8.593  63.313 0.0000000000
56462  13.452  7.142  61.708 0.0000000000
57247  14.285  8.164  59.521 0.0000000000
95726  17.896  7.748  73.563 0.0000000000
55505  16.466  7.155  73.158 0.0000000000
54739  17.296  5.898  71.698 0.0000000000
54775  14.301  5.877  67.884 0.0000000000
88631  22.902  5.371  75.011 0.0000000000
54688  22.582  4.857  76.638 0.0000000000
56338  23.102  7.843  74.921 0.0000000000
97471  20.069  7.477  74.858 0.0000000000
105371  23.012  5.915  67.105 0.0000000000
54752  25.356  6.010  69.975 0.0000000000
90378  23.751  5.377  70.371 0.0000000000
88673  23.651  5.968  72.103 0.0000000000
57256  16.232  8.608  58.512 0.0000000000
54845  17.152  5.483  61.667 0.0000000000
54824  20.977  5.740  64.789 0.0000000000
109391  -1.714  27.370  71.251 0.0000000000
71527  1.057  31.577  66.590 0.0000000000
71062  1.080  30.342  69.501 0.0000000000
73974  1.274  36.536  66.495 0.0000000000
72928  0.419  33.373  70.037 0.0000000000
65255  6.050  20.935  70.912 0.0000000000
63991  4.213  18.704  71.959 0.0000000000
66707  4.573  22.029  70.253 0.0000000000
68025  3.184  23.373  70.350 0.0000000000
93850  1.969  23.603  70.098 0.0000000000
67386  -0.477  23.430  69.062 0.0000000000
67376  0.108  23.675  72.587 0.0000000000
67377  -2.512  24.065  73.357 0.0000000000
60906  32.818  13.647  62.180 0.0000000000
61593  34.299  14.715  58.710 0.0000000000
60261  36.324  11.918  59.799 0.0000000000
60288  37.002  12.635  57.222 0.0000000000
57914  7.750  10.703  77.349 0.0000000000
106762  12.433  9.963  69.077 0.0000000000
57933  11.704  9.681  70.514 0.0000000000
59457  12.439  11.912  68.183 0.0000000000
88527  11.489  13.616  68.839 0.0000000000
88525  14.402  12.109  72.613 0.0000000000
62804  12.502  15.315  71.701 0.0000000000
63413  13.985  16.883  70.276 0.0000000000
91548  24.988  10.452  60.276 0.0000000000
90080  24.021  9.644  59.740 0.0000000000
91228  24.793  8.400  61.344 0.0000000000
90214  19.263  11.370  60.855 0.0000000000
88871  18.836  12.952  59.146 0.0000000000
102737  20.603  11.358  60.976 0.0000000000
102805  21.833  11.619  60.070 0.0000000000
102914  23.333  12.266  58.823 0.0000000000
60277  24.732  13.003  57.627 0.0000000000
88858  24.601  13.704  60.915 0.0000000000
88752  26.021  12.106  61.325 0.0000000000
60888  0.569  14.298  66.798 0.0000000000
98001  -0.763  11.250  66.390 0.0000000000
59482  0.667  11.908  65.181 0.0000000000
57983  1.352  9.244  62.550 0.0000000000
56457  3.036  7.646  62.464 0.0000000000
63456  5.093  17.476  58.102 0.0000000000
68704  1.023  25.722  59.729 0.0000000000
92902  4.616  26.221  58.912 0.0000000000
69237  2.374  26.475  57.837 0.0000000000
66217  45.812  21.288  45.709 0.0000000000
63436  11.211  17.261  66.578 0.0000000000
98461  11.477  19.262  65.497 0.0000000000
63438  11.411  17.676  65.005 0.0000000000
63442  11.584  17.065  62.705 0.0000000000
63446  11.261  17.443  60.595 0.0000000000
60250  11.904  12.283  61.328 0.0000000000
62231  11.292  15.653  60.526 0.0000000000
63455  11.238  17.572  58.875 0.0000000000
64055  11.858  18.225  57.682 0.0000000000
64075  13.513  18.645  55.670 0.0000000000
64083  15.907  19.037  54.680 0.0000000000
57107  11.749  9.196  79.422 0.0000000000
107746  12.923  8.179  77.959 0.0000000000
55488  12.585  6.545  75.627 0.0000000000
55521  12.880  6.642  72.521 0.0000000000
91763  14.783  6.518  71.827 0.0000000000
56375  13.643  7.618  70.683 0.0000000000
56380  12.880  8.209  70.457 0.0000000000
58716  11.622  10.336  67.527 0.0000000000
91797  11.933  13.691  66.138 0.0000000000
95008  19.959  4.861  77.299 0.0000000000
90543  24.575  12.412  64.528 0.0000000000
92049  28.371  9.675  65.921 0.0000000000
57172  27.705  9.635  67.661 0.0000000000
91853  30.841  5.552  69.876 0.0000000000
54725  27.611  4.968  72.189 0.0000000000
64071  17.797  18.769  55.411 0.0000000000
62878  15.936  16.395  56.275 0.0000000000
61599  16.399  14.262  58.072 0.0000000000
60918  16.935  12.918  58.976 0.0000000000
97557  17.470  8.485  59.424 0.0000000000
58768  17.446  10.304  60.683 0.0000000000
59508  18.199  11.047  60.930 0.0000000000
91245  18.099  11.276  64.779 0.0000000000
92221  22.859  9.888  64.977 0.0000000000
72954  -0.193  34.895  64.390 0.0000000000
59472  8.071  11.239  67.382 0.0000000000
57954  6.918  9.748  66.798 0.0000000000
60222  5.736  12.113  68.128 0.0000000000
60216  4.411  12.759  69.625 0.0000000000
61541  2.953  15.059  70.565 0.0000000000
63417  4.363  17.210  70.468 0.0000000000
63427  5.817  16.933  68.525 0.0000000000
62205  2.831  16.138  67.911 0.0000000000
62209  4.672  16.378  65.857 0.0000000000
62850  6.146  16.994  64.585 0.0000000000
63441  6.602  17.558  63.620 0.0000000000
104194  6.732  18.357  62.346 0.0000000000
65294  7.084  20.332  63.648 0.0000000000
67448  5.924  23.450  63.520 0.0000000000
68065  3.312  24.040  63.281 0.0000000000
67410  -0.878  23.947  66.556 0.0000000000
67454  -0.476  23.438  63.849 0.0000000000
68088  0.316  24.581  61.598 0.0000000000
98850  -0.510  25.934  60.594 0.0000000000
95434  26.895  16.656  49.410 0.0000000000
90781  28.083  19.261  48.945 0.0000000000
62963  30.569  15.976  48.911 0.0000000000
63521  33.266  17.578  50.438 0.0000000000
64109  36.018  18.500  51.140 0.0000000000
62888  34.822  16.969  56.377 0.0000000000
63485  36.457  18.065  54.742 0.0000000000
64724  38.310  19.736  51.660 0.0000000000
66150  39.038  21.969  52.455 0.0000000000
65406  43.739  20.862  49.939 0.0000000000
64703  44.391  19.694  52.711 0.0000000000
63512  44.536  16.502  52.128 0.0000000000
89069  41.636  15.387  49.600 0.0000000000
68869  51.355  26.336  37.646 0.0000000000
69155  3.852  27.193  70.337 0.0000000000
95717  3.909  28.360  69.852 0.0000000000
90767  4.255  9.173  72.150 0.0000000000
57157  7.231  8.754  70.332 0.0000000000
57116  10.687  9.783  78.245 0.0000000000
88470  9.707  9.772  76.716 0.0000000000
108104  9.725  11.011  73.936 0.0000000000
88474  10.434  8.935  72.095 0.0000000000
88491  8.944  8.269  73.517 0.0000000000
88439  8.001  9.103  74.215 0.0000000000
57150  7.281  8.944  72.884 0.0000000000
57934  8.145  9.822  70.664 0.0000000000
57946  8.681  9.941  68.244 0.0000000000
92373  7.869  13.119  69.034 0.0000000000
62193  8.474  15.856  69.741 0.0000000000
63410  8.274  17.011  72.081 0.0000000000
100577  10.817  17.296  71.031 0.0000000000
63988  8.721  18.727  71.204 0.0000000000
64587  7.412  19.712  71.236 0.0000000000
65993  6.327  22.305  69.960 0.0000000000
68031  3.987  24.995  68.911 0.0000000000
55587  30.259  6.943  65.406 0.0000000000
88917  17.496  18.668  57.914 0.0000000000
88896  20.163  17.180  60.427 0.0000000000
91380  18.531  14.540  58.699 0.0000000000
108969  19.546  16.110  58.263 0.0000000000
64053  20.988  17.533  57.335 0.0000000000
64082  19.755  18.235  55.081 0.0000000000
63506  21.290  18.201  52.653 0.0000000000
62954  24.052  17.271  50.989 0.0000000000
61665  26.605  14.368  51.346 0.0000000000
107077  28.947  12.744  53.957 0.0000000000
91288  30.084  13.377  58.732 0.0000000000
60945  25.918  14.491  57.994 0.0000000000
61586  27.591  14.451  60.163 0.0000000000
88792  30.209  15.098  61.581 0.0000000000
88788  30.013  12.364  63.560 0.0000000000
99028  31.088  9.510  59.412 0.0000000000
71506  3.833  31.178  69.332 0.0000000000
72934  3.134  34.405  68.432 0.0000000000
98083  5.374  8.052  66.687 0.0000000000
57201  0.202  7.584  66.094 0.0000000000
64037  6.309  18.611  60.697 0.0000000000
64040  5.651  18.504  59.148 0.0000000000
64648  6.686  18.982  58.047 0.0000000000
68110  6.549  24.800  58.423 0.0000000000
66102  7.645  21.688  57.716 0.0000000000
65399  28.144  20.068  51.091 0.0000000000
68854  49.675  26.756  39.650 0.0000000000
67653  51.627  23.864  39.733 0.0000000000
65433  44.395  20.615  48.535 0.0000000000
64787  46.424  19.978  46.862 0.0000000000
65472  47.223  20.440  45.826 0.0000000000
64175  46.916  18.481  44.614 0.0000000000
65482  48.265  21.006  45.041 0.0000000000
66261  49.070  21.736  42.670 0.0000000000
66268  50.804  21.659  41.101 0.0000000000
55556  18.062  6.579  67.979 0.0000000000
54807  17.016  5.789  65.988 0.0000000000
54772  18.680  6.301  67.445 0.0000000000
55538  18.959  6.357  69.241 0.0000000000
55547  18.337  6.678  68.727 0.0000000000
95456  19.753  6.041  69.509 0.0000000000
54745  19.591  5.857  70.616 0.0000000000
88665  19.532  6.478  67.718 0.0000000000
93550  20.683  5.773  69.504 0.0000000000
88663  19.187  6.169  67.010 0.0000000000
67999  2.679  24.155  74.369 0.0000000000
68609  1.749  26.255  72.912 0.0000000000
69141  2.783  27.037  72.133 0.0000000000
68005  4.781  24.936  72.982 0.0000000000
66688  5.679  22.985  74.521 0.0000000000
66690  4.105  22.999  74.972 0.0000000000
66683  2.494  22.261  75.568 0.0000000000
64014  15.049  18.945  66.663 0.0000000000
65277  14.720  20.558  66.074 0.0000000000
64611  14.666  19.533  66.112 0.0000000000
101223  12.130  17.384  67.410 0.0000000000
62838  12.696  16.892  67.965 0.0000000000
64009  14.615  18.308  67.075 0.0000000000
64008  15.061  18.451  67.338 0.0000000000
103220  25.805  9.899  63.700 0.0000000000
88763  26.265  9.233  63.763 0.0000000000
88753  26.594  9.451  64.580 0.0000000000
109106  24.518  10.497  64.010 0.0000000000
90610  23.794  11.478  63.357 0.0000000000
88733  25.025  10.576  63.590 0.0000000000
88734  25.498  10.679  63.097 0.0000000000
56381  6.968  7.852  69.897 0.0000000000
56389  6.357  7.312  69.541 0.0000000000
57171  7.244  8.086  68.354 0.0000000000
61569  5.040  14.704  62.815 0.0000000000
60900  4.160  13.336  63.294 0.0000000000
61570  4.548  14.407  62.302 0.0000000000
93772  4.694  13.384  61.779 0.0000000000
61574  4.563  14.326  61.623 0.0000000000
62229  4.433  15.102  61.135 0.0000000000
62228  4.914  15.780  61.584 0.0000000000
66176  40.473  21.669  49.595 0.0000000000
64757  41.105  20.195  48.629 0.0000000000
66188  42.334  21.663  48.284 0.0000000000
67672  53.204  23.090  36.758 0.0000000000
59485  10.924  11.332  64.217 0.0000000000
59492  10.499  11.949  63.900 0.0000000000
59491  11.215  11.461  63.408 0.0000000000
58786  12.253  10.749  58.278 0.0000000000
59530  12.080  11.621  58.232 0.0000000000
60284  12.672  12.732  57.344 0.0000000000
60951  12.772  13.486  57.154 0.0000000000
60283  13.321  12.971  56.683 0.0000000000
88498  16.475  8.702  76.990 0.0000000000
95614  15.245  7.287  76.593 0.0000000000
98599  16.178  7.417  75.447 0.0000000000
57965  12.129  9.248  64.970 0.0000000000
56400  12.122  7.550  67.194 0.0000000000
57966  11.426  9.759  65.589 0.0000000000
58733  10.870  11.183  65.008 0.0000000000
88488  17.991  8.862  76.692 0.0000000000
88476  18.014  8.916  77.359 0.0000000000
97322  17.011  8.845  77.144 0.0000000000
88497  16.275  8.721  77.418 0.0000000000
56406  24.732  7.986  67.262 0.0000000000
56399  25.567  8.519  68.746 0.0000000000
55554  25.833  7.333  68.112 0.0000000000
88611  22.914  3.140  74.298 0.0000000000
104969  23.471  2.713  73.828 0.0000000000
60295  14.798  12.412  56.432 0.0000000000
59551  14.364  11.666  56.658 0.0000000000
55571  22.677  7.151  66.407 0.0000000000
55590  22.030  7.059  65.831 0.0000000000
107913  22.578  7.569  66.191 0.0000000000
56408  23.377  7.771  66.423 0.0000000000
70590  1.625  29.404  65.669 0.0000000000
71087  0.592  30.434  64.357 0.0000000000
71081  1.705  30.288  66.028 0.0000000000
72410  -1.654  32.878  72.144 0.0000000000
103365  -3.042  34.201  70.414 0.0000000000
103484  -2.746  34.903  70.824 0.0000000000
62810  7.009  15.794  72.595 0.0000000000
62187  6.820  15.637  71.199 0.0000000000
62166  5.301  15.137  73.649 0.0000000000
100251  2.498  21.609  68.839 0.0000000000
66001  3.930  21.419  68.388 0.0000000000
66010  4.349  21.566  67.605 0.0000000000
66009  5.180  21.202  67.379 0.0000000000
66730  4.041  22.110  67.027 0.0000000000
96197  3.848  22.521  66.345 0.0000000000
96596  2.038  22.651  67.143 0.0000000000
109761  0.808  27.628  68.750 0.0000000000
69162  0.826  26.823  68.328 0.0000000000
69675  1.327  27.575  67.872 0.0000000000
70160  1.511  28.398  65.344 0.0000000000
60956  32.099  13.709  56.989 0.0000000000
88816  31.913  14.822  55.424 0.0000000000
60938  32.921  14.198  57.271 0.0000000000
62256  39.631  15.172  58.568 0.0000000000
62864  39.436  15.885  59.600 0.0000000000
62876  40.099  15.921  57.527 0.0000000000
63464  40.916  17.485  57.111 0.0000000000
62875  40.804  16.564  56.614 0.0000000000
62896  41.141  16.767  54.839 0.0000000000
62887  39.404  16.195  55.074 0.0000000000
58706  6.371  10.965  75.987 0.0000000000
58707  4.600  10.322  76.240 0.0000000000
58708  5.532  10.675  75.894 0.0000000000
88438  5.856  9.108  75.164 0.0000000000
88444  6.906  10.462  74.891 0.0000000000
93358  11.482  6.230  73.642 0.0000000000
55509  10.602  6.203  74.185 0.0000000000
56365  11.151  6.938  73.109 0.0000000000
88523  11.272  13.168  69.450 0.0000000000
88513  10.846  12.193  69.673 0.0000000000
88518  10.300  12.792  69.328 0.0000000000
88511  9.780  11.947  69.532 0.0000000000
91079  10.294  13.475  69.217 0.0000000000
88510  10.852  14.227  70.499 0.0000000000
91360  11.147  13.274  72.318 0.0000000000
91080  26.269  11.409  57.644 0.0000000000
95464  24.810  10.851  58.407 0.0000000000
92043  17.722  13.840  59.018 0.0000000000
102936  17.911  14.329  59.428 0.0000000000
88909  17.977  13.901  59.356 0.0000000000
60293  22.002  12.791  56.895 0.0000000000
60963  21.515  13.491  56.360 0.0000000000
60962  22.509  13.126  56.325 0.0000000000
60987  22.765  14.062  55.108 0.0000000000
60974  23.204  13.335  55.690 0.0000000000
60310  24.740  13.116  54.988 0.0000000000
88861  24.796  12.861  55.878 0.0000000000
88777  26.008  10.673  60.433 0.0000000000
103229  26.147  12.021  60.980 0.0000000000
88794  25.985  11.012  60.064 0.0000000000
102799  27.001  10.766  59.901 0.0000000000
59468  0.053  11.353  70.475 0.0000000000
58719  0.817  9.374  68.681 0.0000000000
59469  -0.096  10.072  69.465 0.0000000000
68084  5.656  24.962  61.454 0.0000000000
68083  6.409  24.520  61.162 0.0000000000
68679  5.227  25.414  60.768 0.0000000000
66165  34.053  21.109  51.929 0.0000000000
66156  32.711  21.828  52.378 0.0000000000
66866  33.023  21.980  52.948 0.0000000000
66924  46.087  22.572  44.780 0.0000000000
67600  46.528  23.344  44.632 0.0000000000
67598  48.250  24.329  45.296 0.0000000000
105117  48.522  23.774  46.129 0.0000000000
62335  42.772  15.553  48.951 0.0000000000
62972  43.921  16.603  48.732 0.0000000000
55594  14.185  7.273  65.457 0.0000000000
98919  13.673  8.699  63.951 0.0000000000
56420  14.432  7.560  64.661 0.0000000000
95730  15.100  6.003  62.731 0.0000000000
55634  14.662  7.010  63.010 0.0000000000
55666  14.015  6.686  61.493 0.0000000000
56476  13.660  7.926  60.298 0.0000000000
55680  14.700  6.656  60.799 0.0000000000
56371  18.015  7.936  72.985 0.0000000000
55518  17.303  7.278  72.815 0.0000000000
106922  17.938  5.889  71.969 0.0000000000
54773  16.164  5.675  68.037 0.0000000000
54762  15.691  6.262  68.675 0.0000000000
54789  14.933  5.969  67.080 0.0000000000
55575  13.786  6.946  66.332 0.0000000000
54699  22.434  5.863  74.050 0.0000000000
55484  23.704  6.772  75.012 0.0000000000
55496  22.363  6.917  74.367 0.0000000000
101469  19.565  7.469  72.325 0.0000000000
56360  20.214  7.163  73.872 0.0000000000
92212  19.377  7.390  74.056 0.0000000000
56352  18.717  7.430  74.397 0.0000000000
90451  22.709  5.627  67.720 0.0000000000
54759  23.394  5.404  68.268 0.0000000000
88648  22.724  5.357  68.692 0.0000000000
88691  22.108  6.033  71.643 0.0000000000
91120  22.773  5.434  71.051 0.0000000000
88687  22.860  6.088  72.483 0.0000000000
93006  23.127  5.089  73.664 0.0000000000
55679  15.457  6.910  60.073 0.0000000000
54846  16.300  5.304  61.955 0.0000000000
103892  20.275  6.121  66.503 0.0000000000
54825  19.985  5.710  64.747 0.0000000000
88659  21.206  6.358  66.585 0.0000000000
54804  21.579  6.343  66.091 0.0000000000
69145  -2.988  27.033  72.401 0.0000000000
70122  -0.363  29.104  70.855 0.0000000000
70119  -0.356  29.015  71.307 0.0000000000
71060  1.921  30.670  70.132 0.0000000000
71509  1.649  31.053  69.254 0.0000000000
72429  1.507  34.608  66.432 0.0000000000
73460  0.905  35.305  68.327 0.0000000000
73459  1.810  35.114  68.270 0.0000000000
66706  5.429  22.062  70.402 0.0000000000
65985  4.962  21.409  70.472 0.0000000000
67382  4.256  23.337  70.378 0.0000000000
102736  4.867  20.430  73.632 0.0000000000
107232  4.274  22.621  71.597 0.0000000000
65981  3.281  21.869  72.455 0.0000000000
68017  2.659  23.588  71.112 0.0000000000
67374  2.452  22.931  71.983 0.0000000000
68018  1.946  24.353  70.987 0.0000000000
66698  1.081  21.657  73.429 0.0000000000
66695  -1.795  22.454  75.249 0.0000000000
65975  -2.033  21.470  74.737 0.0000000000
68011  -2.397  23.983  73.705 0.0000000000
68616  -3.119  25.699  71.974 0.0000000000
60242  33.219  11.471  62.464 0.0000000000
60255  34.496  12.634  61.493 0.0000000000
95232  8.399  10.551  80.205 0.0000000000
59435  7.955  11.599  79.692 0.0000000000
59446  8.843  12.170  78.855 0.0000000000
59461  12.349  11.260  67.692 0.0000000000
59454  12.455  11.207  68.512 0.0000000000
60219  12.450  12.049  67.393 0.0000000000
88532  13.223  15.008  68.987 0.0000000000
88533  12.067  14.234  68.863 0.0000000000
62197  14.646  14.591  69.625 0.0000000000
90342  13.309  13.194  70.244 0.0000000000
88531  15.523  13.809  70.971 0.0000000000
62183  14.887  14.652  71.470 0.0000000000
63412  14.867  16.457  70.025 0.0000000000
88738  25.207  10.055  60.755 0.0000000000
88819  24.383  9.088  61.177 0.0000000000
88774  25.357  9.028  61.455 0.0000000000
55626  27.557  7.685  62.783 0.0000000000
55644  27.023  6.930  62.090 0.0000000000
88820  18.642  12.664  62.506 0.0000000000
105496  20.027  11.304  61.046 0.0000000000
90832  19.508  12.547  62.251 0.0000000000
88736  23.043  12.940  61.708 0.0000000000
103101  22.236  12.748  61.396 0.0000000000
90041  22.368  12.446  60.660 0.0000000000
59517  22.580  11.910  59.411 0.0000000000
90318  22.913  12.559  59.862 0.0000000000
89900  23.826  13.584  59.789 0.0000000000
88857  23.690  13.504  60.496 0.0000000000
88747  26.198  10.737  62.117 0.0000000000
88838  25.571  12.041  62.073 0.0000000000
88839  26.141  11.072  62.117 0.0000000000
90479  26.297  11.070  61.893 0.0000000000
60892  2.572  13.853  65.559 0.0000000000
60233  0.915  12.881  65.416 0.0000000000
60232  2.019  13.126  65.056 0.0000000000
58746  3.099  10.569  63.430 0.0000000000
59495  2.086  10.930  64.032 0.0000000000
100444  2.658  9.501  63.024 0.0000000000
57230  2.063  8.212  62.372 0.0000000000
57228  3.307  8.424  62.435 0.0000000000
56456  4.090  7.774  62.151 0.0000000000
57239  4.306  8.405  62.072 0.0000000000
58771  5.870  10.260  60.943 0.0000000000
58005  5.477  9.442  60.391 0.0000000000
101148  4.983  16.928  58.966 0.0000000000
68711  0.579  25.910  59.089 0.0000000000
69223  1.781  26.056  59.167 0.0000000000
105893  44.914  21.022  45.716 0.0000000000
62846  11.394  16.376  65.700 0.0000000000
63435  11.288  17.369  65.872 0.0000000000
92271  11.576  16.021  64.889 0.0000000000
61567  10.872  14.981  62.826 0.0000000000
62219  11.314  15.796  63.155 0.0000000000
97796  11.430  16.279  62.567 0.0000000000
106677  11.590  17.427  62.157 0.0000000000
62857  11.255  16.183  61.106 0.0000000000
58762  12.634  10.283  61.859 0.0000000000
59503  12.048  11.593  61.755 0.0000000000
96716  12.349  10.914  61.381 0.0000000000
61579  12.490  13.895  59.550 0.0000000000
61580  11.963  14.134  60.245 0.0000000000
62235  11.427  15.877  59.706 0.0000000000
62867  11.624  16.810  58.512 0.0000000000
64045  11.455  18.282  58.405 0.0000000000
62872  12.000  16.897  57.903 0.0000000000
62880  13.597  16.655  56.475 0.0000000000
63469  13.343  17.614  56.268 0.0000000000
63481  14.182  17.672  55.705 0.0000000000
63480  15.076  17.609  55.453 0.0000000000
56314  13.518  7.491  79.821 0.0000000000
57105  13.171  9.064  78.791 0.0000000000
57113  13.366  8.852  78.221 0.0000000000
55486  13.960  7.401  75.032 0.0000000000
88492  13.284  6.972  76.213 0.0000000000
54693  12.916  5.841  75.013 0.0000000000
54703  12.463  5.607  74.659 0.0000000000
55507  13.263  6.278  73.187 0.0000000000
54729  16.169  6.238  72.193 0.0000000000
54730  15.373  6.321  72.415 0.0000000000
55530  15.013  6.748  70.994 0.0000000000
95964  12.780  7.757  68.824 0.0000000000
56379  13.709  7.896  69.954 0.0000000000
107018  13.260  7.999  70.381 0.0000000000
57167  12.665  8.480  69.206 0.0000000000
108561  12.299  8.744  68.814 0.0000000000
57943  11.594  9.465  67.994 0.0000000000
60890  11.251  13.295  65.458 0.0000000000
60230  11.282  12.431  65.759 0.0000000000
61555  11.655  14.223  65.586 0.0000000000
62207  11.413  15.673  66.131 0.0000000000
98319  21.911  5.863  76.730 0.0000000000
53962  21.029  4.732  76.841 0.0000000000
54683  21.027  6.067  77.264 0.0000000000
92418  17.932  6.129  78.600 0.0000000000
88447  18.987  5.332  78.186 0.0000000000
94836  17.477  4.731  78.538 0.0000000000
53957  17.030  4.397  78.062 0.0000000000
53954  16.758  4.451  78.911 0.0000000000
53950  16.356  4.646  79.491 0.0000000000
56313  14.638  7.954  79.084 0.0000000000
54679  14.761  6.093  79.820 0.0000000000
55473  14.292  7.204  79.578 0.0000000000
55466  13.198  6.579  80.343 0.0000000000
90860  23.100  12.184  66.185 0.0000000000
88724  27.072  13.059  66.251 0.0000000000
90619  24.574  12.126  68.572 0.0000000000
88705  28.456  6.530  69.963 0.0000000000
91569  28.743  7.181  69.026 0.0000000000
99520  31.678  6.667  71.146 0.0000000000
54743  25.428  6.005  70.728 0.0000000000
100923  26.513  5.776  71.045 0.0000000000
88680  25.972  5.530  71.401 0.0000000000
63479  16.048  17.618  55.447 0.0000000000
62892  15.561  16.951  55.777 0.0000000000
60282  15.639  12.538  56.813 0.0000000000
61600  15.649  14.342  57.595 0.0000000000
60929  15.973  13.570  57.959 0.0000000000
60928  16.616  13.532  58.508 0.0000000000
60264  16.806  12.221  59.090 0.0000000000
55687  17.768  7.215  59.883 0.0000000000
57255  17.076  8.808  58.719 0.0000000000
56473  18.081  7.764  59.905 0.0000000000
57224  20.760  8.595  62.710 0.0000000000
103740  18.265  9.292  61.389 0.0000000000
57993  18.950  9.497  61.743 0.0000000000
58767  17.935  10.489  61.132 0.0000000000
105467  19.200  10.072  61.647 0.0000000000
58759  19.564  10.506  61.773 0.0000000000
88826  19.623  10.179  63.724 0.0000000000
57194  23.274  9.063  65.783 0.0000000000
57964  21.502  9.520  65.184 0.0000000000
88761  23.591  10.108  65.488 0.0000000000
88725  23.724  10.049  64.855 0.0000000000
72964  0.590  34.033  62.383 0.0000000000
72431  0.442  33.370  66.044 0.0000000000
72434  0.250  33.812  65.130 0.0000000000
100283  0.612  36.502  65.253 0.0000000000
60213  7.330  12.400  68.714 0.0000000000
59464  6.909  11.545  67.250 0.0000000000
60214  6.387  12.619  68.769 0.0000000000
62200  6.055  15.969  69.563 0.0000000000
60878  5.104  13.575  69.835 0.0000000000
61540  4.589  14.563  70.344 0.0000000000
60880  3.161  13.554  70.477 0.0000000000
62194  4.285  15.843  70.252 0.0000000000
96535  4.765  19.112  71.175 0.0000000000
63411  2.455  17.117  72.264 0.0000000000
63997  4.690  18.914  70.916 0.0000000000
64006  6.556  18.743  68.184 0.0000000000
64007  5.954  18.223  68.869 0.0000000000
62840  5.751  16.806  67.821 0.0000000000
62837  3.548  16.314  68.583 0.0000000000
62845  4.450  16.489  66.776 0.0000000000
62211  2.906  16.018  66.728 0.0000000000
62843  5.858  16.977  66.484 0.0000000000
64613  7.454  19.467  65.779 0.0000000000
63437  6.419  17.561  65.199 0.0000000000
64023  6.903  18.141  64.863 0.0000000000
100378  6.348  17.021  63.980 0.0000000000
64028  6.921  18.190  64.024 0.0000000000
64027  7.172  18.881  63.594 0.0000000000
65287  7.129  20.295  64.507 0.0000000000
67420  4.581  23.105  65.398 0.0000000000
66763  5.610  22.948  64.782 0.0000000000
97819  4.932  23.688  64.293 0.0000000000
67449  5.232  24.069  63.548 0.0000000000
67451  2.702  23.715  63.752 0.0000000000
68621  0.117  24.832  69.493 0.0000000000
67391  -1.029  23.863  68.465 0.0000000000
106745  -1.078  24.337  68.421 0.0000000000
68644  -0.385  25.112  65.481 0.0000000000
67440  -1.338  23.866  64.415 0.0000000000
68066  -1.180  23.918  63.586 0.0000000000
67465  -0.268  23.643  62.812 0.0000000000
107767  -0.354  24.130  62.326 0.0000000000
68682  -0.062  24.973  61.100 0.0000000000
69206  -0.645  25.619  61.807 0.0000000000
108464  0.942  28.710  62.310 0.0000000000
70173  0.508  28.031  61.788 0.0000000000
62325  28.403  14.995  49.848 0.0000000000
62965  28.540  16.224  48.895 0.0000000000
62323  30.352  15.118  49.790 0.0000000000
62924  33.546  16.334  52.382 0.0000000000
62936  32.885  16.491  50.986 0.0000000000
62934  34.830  16.862  51.499 0.0000000000
99558  35.344  17.906  50.601 0.0000000000
63514  35.557  17.281  51.414 0.0000000000
61592  35.443  14.395  58.982 0.0000000000
102358  34.390  16.103  57.258 0.0000000000
88834  35.865  15.571  58.251 0.0000000000
64060  37.690  19.322  57.270 0.0000000000
108187  37.157  18.121  56.430 0.0000000000
64079  37.912  18.346  54.751 0.0000000000
108629  37.543  18.395  53.159 0.0000000000
64100  38.880  18.879  52.988 0.0000000000
66151  38.586  21.390  51.477 0.0000000000
64090  39.223  19.681  53.712 0.0000000000
62920  41.890  16.889  52.488 0.0000000000
90783  43.938  16.631  53.251 0.0000000000
89062  42.622  16.946  51.732 0.0000000000
105173  42.709  16.952  50.761 0.0000000000
62301  41.605  16.491  50.526 0.0000000000
62351  39.638  15.559  48.175 0.0000000000
100097  11.415  20.150  64.724 0.0000000000
88426  5.700  8.648  74.014 0.0000000000
88422  4.464  9.077  73.188 0.0000000000
97575  5.106  9.222  72.541 0.0000000000
57155  5.656  9.000  71.513 0.0000000000
105404  6.309  9.134  71.478 0.0000000000
57121  11.356  8.491  78.072 0.0000000000
57903  11.184  9.626  78.852 0.0000000000
56327  10.668  7.566  77.519 0.0000000000
90846  9.477  7.118  75.710 0.0000000000
88469  9.647  8.670  76.877 0.0000000000
88471  10.272  9.864  75.477 0.0000000000
88472  10.209  10.884  75.512 0.0000000000
91090  10.123  10.115  74.374 0.0000000000
88484  11.201  9.169  71.347 0.0000000000
88494  10.790  9.998  71.015 0.0000000000
90614  9.802  10.093  71.339 0.0000000000
88485  9.702  9.360  72.086 0.0000000000
57927  8.848  8.903  72.699 0.0000000000
90888  8.329  8.445  73.853 0.0000000000
57149  7.991  8.830  73.060 0.0000000000
57145  7.655  8.534  73.784 0.0000000000
104352  8.373  9.316  72.222 0.0000000000
59456  8.991  11.458  69.438 0.0000000000
95196  8.480  10.293  69.931 0.0000000000
57938  8.122  9.515  69.960 0.0000000000
105870  8.619  10.368  69.088 0.0000000000
59462  8.250  11.434  68.073 0.0000000000
59458  8.521  11.646  68.885 0.0000000000
62184  10.188  15.086  70.458 0.0000000000
62192  9.307  15.373  69.566 0.0000000000
62175  9.167  15.785  71.212 0.0000000000
62176  8.426  15.987  71.464 0.0000000000
99662  8.997  16.325  71.515 0.0000000000
63415  11.806  17.231  70.829 0.0000000000
62805  11.382  16.115  71.377 0.0000000000
63993  11.388  18.066  70.595 0.0000000000
65261  9.039  20.743  70.078 0.0000000000
64591  9.561  19.273  70.614 0.0000000000
65253  8.532  20.214  70.619 0.0000000000
64586  8.049  19.006  71.409 0.0000000000
65254  7.702  20.324  70.775 0.0000000000
65983  7.136  21.081  70.515 0.0000000000
65992  7.110  21.907  70.021 0.0000000000
68030  4.832  24.623  68.509 0.0000000000
68623  3.679  25.938  68.609 0.0000000000
69161  3.610  26.300  69.429 0.0000000000
88718  29.051  8.582  66.609 0.0000000000
55567  30.014  8.163  65.911 0.0000000000
56403  31.236  7.360  66.001 0.0000000000
63478  18.044  17.888  55.909 0.0000000000
103208  18.234  18.472  55.985 0.0000000000
92696  17.902  16.998  57.488 0.0000000000
89799  17.061  14.876  61.376 0.0000000000
90903  16.271  16.879  60.478 0.0000000000
88895  16.297  16.305  61.859 0.0000000000
96491  17.550  16.803  61.676 0.0000000000
90804  18.844  16.071  61.472 0.0000000000
102738  19.759  12.525  58.838 0.0000000000
103113  18.990  13.704  58.505 0.0000000000
90050  19.489  13.408  58.231 0.0000000000
62259  19.535  15.586  56.653 0.0000000000
90240  18.914  15.353  58.032 0.0000000000
88893  19.603  16.469  57.740 0.0000000000
88905  20.632  16.905  58.119 0.0000000000
93729  19.792  17.141  56.988 0.0000000000
88915  20.020  17.793  56.363 0.0000000000
95200  19.420  17.318  55.755 0.0000000000
62286  22.245  15.491  53.329 0.0000000000
62915  21.197  16.906  53.349 0.0000000000
62927  22.301  16.765  52.345 0.0000000000
63516  22.880  17.966  51.556 0.0000000000
62311  23.751  15.937  51.669 0.0000000000
62309  25.386  15.300  51.139 0.0000000000
61667  24.951  14.890  51.803 0.0000000000
91492  27.699  12.537  54.602 0.0000000000
60322  27.394  12.703  53.789 0.0000000000
88876  28.746  13.088  55.196 0.0000000000
88877  29.260  13.696  55.419 0.0000000000
60958  28.971  13.991  57.216 0.0000000000
92291  24.664  14.309  58.906 0.0000000000
90563  24.984  13.844  58.057 0.0000000000
91115  25.056  14.576  58.946 0.0000000000
88799  25.632  14.473  62.801 0.0000000000
61578  26.420  14.651  61.202 0.0000000000
62226  26.933  16.032  62.379 0.0000000000
62225  28.057  16.119  61.840 0.0000000000
88778  28.490  15.163  63.514 0.0000000000
98042  30.459  13.627  63.587 0.0000000000
88760  28.118  12.867  65.079 0.0000000000
70564  3.415  29.947  70.129 0.0000000000
102459  5.903  10.563  66.601 0.0000000000
57185  5.576  8.884  66.663 0.0000000000
109400  5.073  9.463  66.492 0.0000000000
57199  2.892  7.724  66.106 0.0000000000
107024  4.375  6.945  65.939 0.0000000000
58735  -1.122  9.946  65.327 0.0000000000
57960  -0.963  8.812  67.049 0.0000000000
57202  -1.011  8.064  65.099 0.0000000000
64627  7.194  19.661  62.298 0.0000000000
64035  6.592  18.454  61.565 0.0000000000
64632  7.013  19.671  61.454 0.0000000000
66085  7.515  21.282  60.013 0.0000000000
104886  6.928  19.930  60.272 0.0000000000
64641  6.993  19.761  59.435 0.0000000000
64642  6.349  19.137  58.938 0.0000000000
65341  7.498  20.362  58.958 0.0000000000
68700  6.114  25.360  58.801 0.0000000000
67512  7.413  23.084  56.904 0.0000000000
90933  29.425  19.133  48.851 0.0000000000
91649  28.244  19.825  50.563 0.0000000000
89232  29.447  19.889  50.544 0.0000000000
68827  49.581  25.479  42.744 0.0000000000
68238  50.435  25.126  41.394 0.0000000000
68251  50.547  25.635  40.328 0.0000000000
67646  51.151  23.831  41.203 0.0000000000
64741  45.240  19.300  50.689 0.0000000000
65421  44.407  20.445  49.554 0.0000000000
64740  45.434  19.081  49.941 0.0000000000
64136  46.541  18.285  47.641 0.0000000000
64762  46.257  18.831  48.027 0.0000000000
64771  46.555  19.151  47.271 0.0000000000
65463  46.837  20.219  46.285 0.0000000000
64148  47.154  18.965  45.917 0.0000000000
64200  47.065  19.257  43.134 0.0000000000
64803  47.666  19.808  44.658 0.0000000000
64814  47.988  20.321  43.084 0.0000000000
66248  48.845  21.501  43.679 0.0000000000
64827  48.327  19.894  42.232 0.0000000000
66304  51.912  20.447  40.422 0.0000000000
55573  15.596  6.145  66.299 0.0000000000
55593  15.547  6.600  65.363 0.0000000000
55592  16.252  6.167  65.662 0.0000000000
55616  16.420  6.496  64.255 0.0000000000
55632  16.648  6.327  63.445 0.0000000000
54738  18.555  5.937  71.666 0.0000000000
54747  17.884  5.860  71.159 0.0000000000
55540  17.552  6.825  69.173 0.0000000000
54760  17.421  6.832  68.597 0.0000000000
55526  21.448  6.725  71.947 0.0000000000
55514  21.526  6.660  72.679 0.0000000000
55527  20.731  6.979  71.862 0.0000000000
55528  19.932  6.888  71.863 0.0000000000
90971  21.241  6.002  68.138 0.0000000000
88683  21.808  5.536  68.802 0.0000000000
90733  21.506  5.461  69.538 0.0000000000
88690  21.792  5.369  71.095 0.0000000000
55615  17.232  6.407  64.089 0.0000000000
92627  18.618  5.733  65.890 0.0000000000
88662  19.895  6.219  66.863 0.0000000000
68001  -0.262  23.543  74.615 0.0000000000
69648  -0.750  27.859  72.034 0.0000000000
68610  0.379  26.266  72.871 0.0000000000
69654  1.060  28.497  72.010 0.0000000000
71056  2.485  30.341  70.259 0.0000000000
89227  4.443  25.141  70.684 0.0000000000
68024  4.171  23.828  70.539 0.0000000000
106995  6.587  24.185  72.360 0.0000000000
102555  6.511  20.930  74.588 0.0000000000
102581  3.616  19.286  75.570 0.0000000000
102638  0.134  18.748  76.066 0.0000000000
65244  1.965  20.308  76.448 0.0000000000
66684  0.673  21.722  75.700 0.0000000000
58007  33.226  9.826  59.367 0.0000000000
98147  35.179  10.060  59.846 0.0000000000
57099  8.898  8.951  80.905 0.0000000000
58686  10.107  10.363  79.768 0.0000000000
61549  11.549  14.918  67.168 0.0000000000
91452  11.596  14.299  68.013 0.0000000000
88530  11.533  15.464  67.805 0.0000000000
62830  13.159  16.136  68.382 0.0000000000
63424  14.866  17.077  68.452 0.0000000000
63423  14.928  17.119  68.727 0.0000000000
63429  14.974  17.848  67.985 0.0000000000
64607  15.210  19.037  67.111 0.0000000000
88786  26.561  9.544  62.012 0.0000000000
92077  26.322  9.059  61.808 0.0000000000
57214  26.667  8.829  62.877 0.0000000000
56440  26.832  8.423  63.854 0.0000000000
56431  27.700  7.549  64.095 0.0000000000
102966  22.159  11.304  64.348 0.0000000000
88818  20.212  12.894  62.779 0.0000000000
89958  22.677  11.855  63.515 0.0000000000
88744  23.439  12.194  62.761 0.0000000000
88735  23.861  12.585  62.202 0.0000000000
91043  24.900  12.185  62.294 0.0000000000
90011  25.163  11.172  62.918 0.0000000000
91099  26.027  10.741  62.499 0.0000000000
61561  4.674  14.169  64.766 0.0000000000
60898  3.143  13.250  64.789 0.0000000000
60901  3.581  12.821  63.984 0.0000000000
60240  3.945  12.478  63.264 0.0000000000
58745  4.257  10.773  63.093 0.0000000000
57987  4.992  9.534  62.341 0.0000000000
59505  4.907  11.929  62.090 0.0000000000
59504  5.568  11.896  61.510 0.0000000000
61581  5.278  13.866  60.306 0.0000000000
62233  4.468  15.144  60.404 0.0000000000
62863  4.674  16.469  59.904 0.0000000000
65452  43.205  20.640  47.474 0.0000000000
93179  53.351  24.738  34.609 0.0000000000
60894  11.055  14.117  64.927 0.0000000000
105118  11.111  14.712  64.289 0.0000000000
61559  10.331  13.946  63.980 0.0000000000
60899  10.234  13.368  63.359 0.0000000000
61568  10.782  14.498  62.201 0.0000000000
58004  11.752  9.756  60.284 0.0000000000
58770  11.740  10.780  60.413 0.0000000000
58787  11.466  11.070  59.427 0.0000000000
60919  12.664  13.471  59.180 0.0000000000
61601  12.655  14.461  58.718 0.0000000000
62253  12.816  15.838  57.649 0.0000000000
62238  12.902  15.105  57.646 0.0000000000
62252  13.430  15.542  57.052 0.0000000000
62251  14.171  15.273  56.678 0.0000000000
57111  14.838  8.806  77.958 0.0000000000
105299  14.012  8.798  77.834 0.0000000000
88506  15.219  8.234  77.286 0.0000000000
56342  14.475  7.300  75.674 0.0000000000
55498  14.575  6.978  74.340 0.0000000000
55551  13.844  6.265  68.525 0.0000000000
100231  13.732  6.957  69.011 0.0000000000
55559  12.848  6.974  67.561 0.0000000000
56392  12.300  7.422  68.055 0.0000000000
95340  11.064  8.914  66.833 0.0000000000
57945  10.963  9.530  67.185 0.0000000000
57951  10.973  10.212  65.973 0.0000000000
59481  10.825  11.738  65.402 0.0000000000
57120  20.173  8.674  76.801 0.0000000000
109307  19.944  7.261  77.460 0.0000000000
88463  19.144  8.282  77.613 0.0000000000
103556  18.019  7.044  78.192 0.0000000000
55475  17.227  7.142  78.465 0.0000000000
55471  16.325  6.099  79.250 0.0000000000
56319  16.275  7.809  78.543 0.0000000000
56320  15.239  8.201  78.559 0.0000000000
102441  22.778  10.891  68.111 0.0000000000
57941  24.662  10.891  68.998 0.0000000000
57165  24.743  9.906  68.958 0.0000000000
56383  27.257  7.319  69.353 0.0000000000
54750  28.147  6.090  70.641 0.0000000000
91000  25.375  4.315  72.644 0.0000000000
88641  26.370  3.287  72.683 0.0000000000
102992  25.124  3.029  73.391 0.0000000000
89774  24.044  2.349  73.484 0.0000000000
62262  14.774  15.751  56.517 0.0000000000
60949  14.568  13.759  56.503 0.0000000000
60965  15.004  12.954  56.493 0.0000000000
59549  16.113  11.745  56.639 0.0000000000
55628  20.213  6.562  63.548 0.0000000000
56453  18.480  7.455  61.975 0.0000000000
56442  20.891  7.132  63.337 0.0000000000
106707  21.136  7.917  62.986 0.0000000000
88815  21.110  8.478  63.212 0.0000000000
90337  20.391  9.447  64.842 0.0000000000
56419  21.680  8.183  65.298 0.0000000000
90486  23.739  8.787  66.492 0.0000000000
70597  1.119  30.088  63.114 0.0000000000
71546  1.530  31.941  62.235 0.0000000000
71092  1.154  30.890  63.093 0.0000000000
101188  0.675  32.730  63.047 0.0000000000
72448  0.217  33.848  63.703 0.0000000000
92483  -0.987  36.916  67.583 0.0000000000
74456  -0.620  37.471  66.857 0.0000000000
108819  -3.230  35.711  68.464 0.0000000000
100084  7.794  14.879  68.960 0.0000000000
61544  6.988  14.329  69.146 0.0000000000
62199  7.156  15.730  69.301 0.0000000000
62825  6.368  16.245  69.671 0.0000000000
62821  5.104  16.052  70.945 0.0000000000
65270  4.025  21.313  69.296 0.0000000000
109239  5.040  19.856  70.126 0.0000000000
65269  4.331  21.022  68.956 0.0000000000
65268  5.120  20.376  68.952 0.0000000000
64605  6.477  19.618  68.008 0.0000000000
64017  6.800  17.976  66.738 0.0000000000
65275  6.662  20.194  67.409 0.0000000000
65279  6.799  20.622  66.649 0.0000000000
65285  6.844  20.796  65.812 0.0000000000
66029  6.437  21.482  65.424 0.0000000000
66030  5.827  21.906  65.846 0.0000000000
66753  4.488  22.610  65.951 0.0000000000
67421  2.812  23.164  65.615 0.0000000000
69153  0.593  26.250  69.627 0.0000000000
68625  -0.004  25.449  68.369 0.0000000000
69163  0.674  26.210  68.691 0.0000000000
68629  0.642  25.832  66.978 0.0000000000
68643  0.584  25.903  64.978 0.0000000000
69198  -0.003  26.122  63.201 0.0000000000
69702  0.827  27.425  64.168 0.0000000000
70166  0.720  28.201  63.596 0.0000000000
61013  30.494  13.764  52.735 0.0000000000
61661  31.328  14.626  51.699 0.0000000000
62275  31.495  15.302  53.972 0.0000000000
62282  32.770  15.814  53.839 0.0000000000
62899  33.750  16.251  54.798 0.0000000000
62244  37.840  13.854  60.117 0.0000000000
88852  36.151  15.697  59.322 0.0000000000
88855  38.072  16.231  60.667 0.0000000000
64042  37.856  18.196  59.262 0.0000000000
64649  38.303  19.436  57.289 0.0000000000
64665  39.124  20.142  56.014 0.0000000000
64655  40.324  19.644  56.560 0.0000000000
64067  41.312  19.054  56.375 0.0000000000
110098  42.246  18.799  55.418 0.0000000000
103230  43.451  18.093  54.656 0.0000000000
63483  42.641  17.766  55.186 0.0000000000
62907  41.756  16.897  54.202 0.0000000000
105926  40.258  17.124  52.922 0.0000000000
65293  11.391  20.203  62.808 0.0000000000
65299  11.344  20.685  62.098 0.0000000000
57138  4.854  9.037  75.348 0.0000000000
88432  6.098  8.414  74.695 0.0000000000
88423  6.162  8.935  73.228 0.0000000000
88458  11.026  6.428  75.799 0.0000000000
106340  10.878  6.796  76.551 0.0000000000
54696  10.614  5.853  75.203 0.0000000000
88445  9.513  6.436  75.030 0.0000000000
104079  9.189  7.286  74.075 0.0000000000
95472  11.364  11.631  69.754 0.0000000000
103790  10.910  11.190  70.162 0.0000000000
88496  9.440  10.652  70.563 0.0000000000
58709  9.086  10.131  71.198 0.0000000000
105938  9.401  11.233  69.913 0.0000000000
60208  8.888  12.135  69.124 0.0000000000
60875  8.677  12.926  69.028 0.0000000000
91160  9.664  14.273  69.092 0.0000000000
88521  10.201  15.302  71.261 0.0000000000
64599  10.122  19.765  70.186 0.0000000000
65990  9.620  21.181  69.459 0.0000000000
66709  7.877  22.126  69.466 0.0000000000
66721  6.985  23.181  68.809 0.0000000000
67395  6.840  23.777  68.185 0.0000000000
53997  32.386  5.203  66.626 0.0000000000
88920  17.691  15.853  57.478 0.0000000000
92432  17.908  16.150  57.877 0.0000000000
89984  17.652  14.901  58.810 0.0000000000
89830  17.499  14.891  59.950 0.0000000000
60280  20.784  12.734  57.745 0.0000000000
106682  19.675  13.814  57.622 0.0000000000
60947  20.297  13.369  57.409 0.0000000000
61622  20.817  14.249  56.135 0.0000000000
61629  20.297  15.156  55.930 0.0000000000
62278  20.449  16.254  54.768 0.0000000000
61637  21.516  14.926  54.755 0.0000000000
61648  22.627  14.807  53.749 0.0000000000
61647  23.444  14.561  53.543 0.0000000000
61645  25.052  14.029  53.066 0.0000000000
61001  24.687  13.733  53.808 0.0000000000
88864  26.230  12.634  55.186 0.0000000000
88862  27.096  12.761  56.268 0.0000000000
93607  25.752  14.156  60.769 0.0000000000
90655  26.106  13.156  61.549 0.0000000000
102798  26.570  12.944  62.027 0.0000000000
90388  26.572  12.693  62.835 0.0000000000
90518  27.997  12.072  63.762 0.0000000000
91058  28.289  11.052  60.938 0.0000000000
59477  3.295  10.689  67.842 0.0000000000
58728  3.728  10.318  66.872 0.0000000000
58729  2.417  9.786  67.672 0.0000000000
100532  2.076  9.037  67.391 0.0000000000
57200  1.681  7.495  66.500 0.0000000000
56445  0.017  7.507  62.553 0.0000000000
54837  1.360  5.605  63.938 0.0000000000
66784  6.877  21.982  62.095 0.0000000000
66070  7.098  21.365  61.586 0.0000000000
67475  6.977  23.120  61.208 0.0000000000
67488  7.240  23.006  60.495 0.0000000000
102060  7.414  22.855  59.641 0.0000000000
64119  32.043  19.041  50.115 0.0000000000
106460  30.686  19.873  50.351 0.0000000000
65410  31.985  20.913  50.299 0.0000000000
66168  31.787  21.755  50.362 0.0000000000
101555  31.239  23.432  50.685 0.0000000000
68230  47.211  24.695  42.438 0.0000000000
68813  48.920  25.252  44.276 0.0000000000
67620  50.191  23.964  43.611 0.0000000000
63510  45.275  16.996  50.762 0.0000000000
108230  45.640  18.305  49.813 0.0000000000
63527  45.722  17.443  49.196 0.0000000000
62970  45.988  17.304  48.366 0.0000000000
63542  46.199  17.268  46.893 0.0000000000
64849  47.874  19.337  40.964 0.0000000000
57970  12.606  9.586  64.033 0.0000000000
58744  12.122  10.306  63.646 0.0000000000
57216  13.368  9.185  63.556 0.0000000000
57980  13.540  9.267  62.801 0.0000000000
57986  13.111  8.974  62.026 0.0000000000
56443  14.906  7.394  63.973 0.0000000000
56455  14.125  7.860  62.848 0.0000000000
57237  12.471  8.654  61.123 0.0000000000
57249  12.276  8.984  60.287 0.0000000000
58012  12.800  9.224  59.296 0.0000000000
58038  13.849  9.956  57.800 0.0000000000
105900  17.159  7.361  75.401 0.0000000000
56354  16.289  7.633  74.424 0.0000000000
56362  17.214  7.732  73.390 0.0000000000
55519  16.682  6.463  72.589 0.0000000000
54740  16.431  6.266  71.248 0.0000000000
55541  16.943  6.778  69.623 0.0000000000
103799  16.210  6.926  69.434 0.0000000000
97295  15.302  6.838  69.292 0.0000000000
100016  13.405  6.731  67.080 0.0000000000
56409  13.393  7.538  65.834 0.0000000000
90852  22.644  4.151  75.615 0.0000000000
105000  23.061  4.097  76.362 0.0000000000
54686  23.737  4.765  76.189 0.0000000000
55478  23.230  6.536  75.855 0.0000000000
56332  22.101  8.088  75.988 0.0000000000
108470  21.412  6.900  74.188 0.0000000000
57140  21.549  8.466  74.976 0.0000000000
57135  21.035  8.590  75.455 0.0000000000
57136  19.640  8.834  75.866 0.0000000000
56340  18.877  8.121  75.566 0.0000000000
54784  23.725  6.234  66.764 0.0000000000
54758  25.775  6.109  68.479 0.0000000000
100396  24.168  5.337  68.516 0.0000000000
88689  24.664  5.653  70.007 0.0000000000
88681  24.536  5.875  70.891 0.0000000000
88682  22.833  5.109  70.188 0.0000000000
90514  23.740  5.835  71.335 0.0000000000
90789  24.438  5.769  71.667 0.0000000000
88649  24.232  5.283  72.624 0.0000000000
90921  23.018  4.188  74.311 0.0000000000
58037  14.996  9.918  57.578 0.0000000000
57246  15.519  7.828  59.349 0.0000000000
55688  17.095  6.781  59.960 0.0000000000
55664  17.839  5.918  61.414 0.0000000000
102282  18.191  6.332  63.963 0.0000000000
55630  18.401  6.650  63.023 0.0000000000
55629  19.408  6.690  63.218 0.0000000000
54823  21.646  5.901  64.947 0.0000000000
54803  22.018  6.750  66.280 0.0000000000
95083  0.410  28.306  69.531 0.0000000000
71073  1.848  30.344  66.914 0.0000000000
70137  0.707  29.262  69.404 0.0000000000
71069  1.376  30.748  68.629 0.0000000000
71947  0.557  32.766  66.583 0.0000000000
70565  0.904  30.292  70.226 0.0000000000
71934  1.228  31.997  67.649 0.0000000000
73472  1.185  36.560  65.762 0.0000000000
73967  -1.015  35.236  68.849 0.0000000000
72929  -0.570  33.415  70.285 0.0000000000
108423  0.063  31.724  71.981 0.0000000000
64588  5.976  19.287  71.760 0.0000000000
89209  4.331  17.502  73.163 0.0000000000
64589  5.093  19.329  71.488 0.0000000000
64590  5.124  20.003  70.825 0.0000000000
65986  4.406  21.409  70.039 0.0000000000
102554  4.674  23.478  71.286 0.0000000000
67383  3.610  22.978  70.246 0.0000000000
65987  3.839  21.526  69.437 0.0000000000
65988  2.997  21.834  69.247 0.0000000000
66715  1.993  22.130  69.296 0.0000000000
66716  0.995  22.366  69.212 0.0000000000
66717  0.301  22.844  68.983 0.0000000000
105831  0.763  23.376  69.781 0.0000000000
68022  1.442  24.687  70.516 0.0000000000
68019  0.677  25.135  71.419 0.0000000000
65978  -1.121  21.371  74.409 0.0000000000
104149  -1.528  23.856  72.936 0.0000000000
68614  0.000  26.087  70.974 0.0000000000
69149  -1.629  26.875  71.142 0.0000000000
93452  -1.391  27.547  70.907 0.0000000000
61576  32.664  14.245  60.370 0.0000000000
92441  32.564  14.749  58.885 0.0000000000
108034  33.977  14.109  59.889 0.0000000000
60910  34.736  13.677  59.991 0.0000000000
60921  36.031  13.489  59.240 0.0000000000
60267  36.768  11.784  58.313 0.0000000000
107467  36.839  13.288  58.103 0.0000000000
61605  37.142  13.871  57.950 0.0000000000
61620  37.859  14.442  56.266 0.0000000000
61625  38.252  14.801  55.308 0.0000000000
96228  38.610  15.338  54.523 0.0000000000
57909  6.163  10.793  77.867 0.0000000000
57921  7.541  11.146  76.145 0.0000000000
57932  12.385  9.239  69.637 0.0000000000
104040  11.769  8.545  71.310 0.0000000000
58712  12.440  10.661  69.051 0.0000000000
59455  12.141  11.411  69.245 0.0000000000
60883  11.927  13.344  67.769 0.0000000000
109672  11.833  13.105  68.584 0.0000000000
60211  11.930  12.504  68.907 0.0000000000
91128  11.927  13.037  70.151 0.0000000000
88515  12.101  11.976  72.910 0.0000000000
88516  11.746  13.031  73.008 0.0000000000
62173  14.114  13.291  72.635 0.0000000000
62816  13.354  16.254  71.160 0.0000000000
63992  12.390  17.985  70.289 0.0000000000
64000  14.151  18.192  69.085 0.0000000000
64001  13.007  18.512  69.625 0.0000000000
88748  24.561  10.694  59.413 0.0000000000
88836  24.203  10.220  59.166 0.0000000000
90945  24.111  10.119  60.085 0.0000000000
88814  24.140  8.606  61.030 0.0000000000
90750  26.187  7.814  61.822 0.0000000000
55645  26.315  7.086  61.873 0.0000000000
88866  18.431  12.274  60.136 0.0000000000
88850  18.622  12.803  59.431 0.0000000000
88849  19.309  11.927  59.985 0.0000000000
89748  19.975  11.957  59.434 0.0000000000
103398  20.400  11.674  59.732 0.0000000000
102804  21.152  12.622  61.845 0.0000000000
102569  21.072  11.472  60.062 0.0000000000
59527  21.336  11.719  59.300 0.0000000000
59526  22.110  11.728  58.867 0.0000000000
59538  22.724  11.902  58.349 0.0000000000
60278  23.436  12.143  57.906 0.0000000000
88846  24.453  12.643  56.863 0.0000000000
90137  23.832  12.815  58.666 0.0000000000
103198  24.218  13.917  59.576 0.0000000000
88844  24.818  14.168  59.942 0.0000000000
90822  24.930  13.229  61.529 0.0000000000
90710  25.577  12.763  61.549 0.0000000000
92557  25.766  13.391  61.176 0.0000000000
88764  26.955  11.024  61.020 0.0000000000
91181  26.394  10.580  61.006 0.0000000000
60889  -0.738  13.616  68.051 0.0000000000
59478  -0.894  11.049  67.823 0.0000000000
60234  -0.377  12.270  66.010 0.0000000000
59483  -0.264  11.472  65.406 0.0000000000
58739  -0.420  10.199  64.137 0.0000000000
59487  2.136  11.683  64.393 0.0000000000
58738  0.920  10.642  63.936 0.0000000000
57984  0.219  8.974  62.484 0.0000000000
56444  0.991  7.740  62.299 0.0000000000
56458  2.088  7.541  62.549 0.0000000000
108875  5.423  16.981  57.479 0.0000000000
68691  2.513  25.812  60.578 0.0000000000
68689  4.427  25.834  60.395 0.0000000000
102378  3.015  26.127  59.942 0.0000000000
100800  35.624  23.142  51.834 0.0000000000
97726  33.805  22.851  52.459 0.0000000000
66226  44.542  21.780  44.562 0.0000000000
66915  46.541  21.818  45.486 0.0000000000
64011  11.413  17.690  66.959 0.0000000000
64612  12.831  19.425  65.986 0.0000000000
100142  11.305  18.278  65.777 0.0000000000
64021  11.379  18.524  64.891 0.0000000000
105551  11.500  17.855  64.278 0.0000000000
97593  11.541  16.132  64.077 0.0000000000
63440  11.611  17.494  63.523 0.0000000000
64026  11.555  18.473  63.778 0.0000000000
64031  11.633  18.729  62.754 0.0000000000
100555  11.589  18.145  61.136 0.0000000000
100457  11.323  18.212  60.228 0.0000000000
59498  11.631  11.535  62.574 0.0000000000
60245  11.459  12.270  62.169 0.0000000000
60909  10.876  13.796  61.865 0.0000000000
60258  12.298  12.550  60.514 0.0000000000
94792  11.392  14.038  61.072 0.0000000000
62227  11.207  15.375  61.298 0.0000000000
62860  11.119  16.617  60.263 0.0000000000
63449  11.078  17.513  59.739 0.0000000000
64039  11.252  18.431  59.296 0.0000000000
64662  12.248  19.738  56.285 0.0000000000
62871  12.555  16.582  57.501 0.0000000000
64063  12.620  18.669  56.403 0.0000000000
64076  12.684  19.573  55.765 0.0000000000
64686  14.222  20.080  54.870 0.0000000000
64684  16.222  19.869  54.330 0.0000000000
92270  11.305  8.016  80.541 0.0000000000
57096  12.368  8.689  79.769 0.0000000000
57114  12.722  9.083  78.618 0.0000000000
94464  12.547  7.160  77.574 0.0000000000
94232  13.485  7.733  77.620 0.0000000000
88493  13.200  6.802  77.215 0.0000000000
88480  12.408  6.625  76.762 0.0000000000
54694  12.125  5.672  75.167 0.0000000000
54719  12.038  5.666  74.195 0.0000000000
56372  12.477  7.287  72.023 0.0000000000
96260  15.523  7.110  73.662 0.0000000000
54715  15.127  6.260  73.158 0.0000000000
54716  14.371  6.254  73.428 0.0000000000
55536  14.270  7.532  70.178 0.0000000000
55531  14.277  7.056  71.110 0.0000000000
55520  13.866  6.564  72.271 0.0000000000
55532  13.346  7.112  71.607 0.0000000000
56376  12.871  7.792  71.106 0.0000000000
57153  12.395  8.361  70.896 0.0000000000
57942  12.242  9.399  68.803 0.0000000000
59471  12.105  11.734  66.882 0.0000000000
104460  11.383  11.119  66.489 0.0000000000
60227  11.876  12.394  66.412 0.0000000000
60886  12.137  13.084  66.761 0.0000000000
62208  11.240  15.687  66.963 0.0000000000
63433  11.195  16.997  66.927 0.0000000000
53965  21.704  4.418  76.357 0.0000000000
88448  19.689  5.392  77.730 0.0000000000
54678  15.641  5.898  79.598 0.0000000000
88762  25.130  10.582  64.297 0.0000000000
91373  27.412  10.378  64.904 0.0000000000
91420  27.830  12.180  65.067 0.0000000000
109088  27.752  10.640  66.825 0.0000000000
107622  29.029  8.587  67.218 0.0000000000
57163  27.092  9.043  68.505 0.0000000000
88712  29.348  7.702  68.069 0.0000000000
88704  30.381  6.218  68.758 0.0000000000
54751  25.953  6.426  69.804 0.0000000000
54741  27.196  6.109  70.715 0.0000000000
108865  28.754  5.626  73.133 0.0000000000
103919  29.152  4.744  73.561 0.0000000000
64683  16.986  19.982  54.430 0.0000000000
64072  16.491  18.358  55.135 0.0000000000
102147  17.059  17.687  55.621 0.0000000000
62877  16.789  16.399  56.526 0.0000000000
102099  15.519  15.422  56.854 0.0000000000
62261  16.176  15.835  56.793 0.0000000000
102195  17.010  15.796  57.089 0.0000000000
61613  17.060  14.857  57.949 0.0000000000
60927  17.182  13.505  58.842 0.0000000000
91024  17.549  13.165  59.332 0.0000000000
58036  16.017  9.932  57.376 0.0000000000
58035  16.562  10.217  57.544 0.0000000000
58034  16.862  10.386  57.711 0.0000000000
57240  18.086  8.528  60.874 0.0000000000
58003  17.398  9.359  59.987 0.0000000000
58784  16.970  11.089  58.579 0.0000000000
59510  17.107  11.181  59.991 0.0000000000
60257  17.344  11.859  60.006 0.0000000000
91149  17.889  12.355  60.153 0.0000000000
91050  18.736  11.220  61.051 0.0000000000
88840  18.838  11.758  62.438 0.0000000000
107212  17.865  11.975  64.982 0.0000000000
90187  19.439  10.086  65.272 0.0000000000
88802  19.394  10.741  65.459 0.0000000000
88731  20.818  11.395  64.841 0.0000000000
88785  22.772  10.594  64.580 0.0000000000
90809  24.355  10.480  64.291 0.0000000000
71964  0.354  32.362  64.801 0.0000000000
72439  0.091  34.182  64.406 0.0000000000
73477  -0.438  35.427  63.974 0.0000000000
74467  0.149  37.636  65.348 0.0000000000
74469  -0.138  37.347  64.637 0.0000000000
57947  8.220  9.374  67.684 0.0000000000
57948  7.354  9.144  67.331 0.0000000000
58725  7.257  10.506  66.768 0.0000000000
59474  6.542  11.069  66.781 0.0000000000
59466  5.059  11.710  67.473 0.0000000000
60877  6.159  13.629  69.365 0.0000000000
60223  4.735  12.171  68.525 0.0000000000
95732  4.009  11.463  68.195 0.0000000000
60224  3.524  11.930  69.442 0.0000000000
60209  1.995  13.055  70.446 0.0000000000
60873  0.600  14.053  70.222 0.0000000000
89206  1.572  15.396  74.326 0.0000000000
62812  2.965  15.205  72.384 0.0000000000
63416  4.671  16.644  70.427 0.0000000000
63422  4.916  17.980  69.981 0.0000000000
63428  5.660  17.163  69.067 0.0000000000
62203  5.191  16.583  68.998 0.0000000000
62201  3.860  16.350  69.602 0.0000000000
62196  2.331  15.475  70.023 0.0000000000
61548  0.595  14.530  69.161 0.0000000000
61554  1.309  15.077  67.004 0.0000000000
61553  2.284  15.433  66.489 0.0000000000
61557  4.064  14.788  65.447 0.0000000000
63434  6.345  17.465  66.102 0.0000000000
62213  5.114  16.062  65.081 0.0000000000
61556  4.998  15.045  64.974 0.0000000000
62218  5.584  15.500  64.385 0.0000000000
62220  5.682  15.157  63.565 0.0000000000
62856  5.859  16.062  63.073 0.0000000000
62855  5.981  16.737  62.511 0.0000000000
63443  6.423  17.568  62.695 0.0000000000
104545  7.130  18.940  62.735 0.0000000000
65300  7.155  20.384  62.762 0.0000000000
66039  6.562  21.635  64.602 0.0000000000
66048  6.590  21.723  63.760 0.0000000000
66058  6.732  21.848  62.930 0.0000000000
67463  5.823  24.044  62.895 0.0000000000
101380  5.218  24.729  62.493 0.0000000000
68074  4.268  25.040  62.345 0.0000000000
67396  0.480  23.050  67.484 0.0000000000
67408  0.525  23.204  66.520 0.0000000000
67423  0.619  23.264  65.507 0.0000000000
68042  -0.992  24.184  66.682 0.0000000000
103800  -0.277  23.391  64.810 0.0000000000
67437  1.809  23.521  64.159 0.0000000000
67452  1.853  23.642  63.215 0.0000000000
68075  2.280  24.085  62.599 0.0000000000
68086  2.595  25.005  61.883 0.0000000000
68681  0.797  25.057  61.117 0.0000000000
68693  0.355  25.448  60.397 0.0000000000
68706  -0.544  26.144  59.779 0.0000000000
97605  -0.459  26.359  61.495 0.0000000000
100407  -0.303  27.099  60.258 0.0000000000
70183  -0.126  27.746  59.349 0.0000000000
63533  25.329  18.259  49.827 0.0000000000
64759  25.902  19.527  49.730 0.0000000000
63530  27.497  18.177  49.043 0.0000000000
63539  29.091  18.370  48.279 0.0000000000
64132  30.840  18.144  48.831 0.0000000000
62322  31.813  15.472  50.493 0.0000000000
62961  32.050  16.806  49.515 0.0000000000
64124  32.119  18.095  49.940 0.0000000000
64117  33.784  18.458  50.261 0.0000000000
64743  35.167  19.417  50.483 0.0000000000
65407  35.441  20.011  51.018 0.0000000000
62246  33.610  15.587  57.398 0.0000000000
88882  34.114  16.479  56.646 0.0000000000
63477  34.633  17.404  55.592 0.0000000000
63466  36.496  17.067  56.921 0.0000000000
63476  35.965  17.850  55.335 0.0000000000
63498  35.400  17.884  53.910 0.0000000000
64102  36.410  18.273  52.251 0.0000000000
64726  36.357  19.389  51.603 0.0000000000
65396  36.653  20.361  51.532 0.0000000000
66153  36.896  21.612  51.436 0.0000000000
66139  39.676  20.818  53.462 0.0000000000
64721  44.546  20.134  51.716 0.0000000000
108304  45.286  18.574  52.151 0.0000000000
109033  44.485  17.753  53.887 0.0000000000
89060  44.936  16.871  53.024 0.0000000000
63511  45.048  16.748  51.603 0.0000000000
62933  44.308  16.683  51.219 0.0000000000
98330  42.901  16.338  49.614 0.0000000000
89071  41.867  14.759  48.989 0.0000000000
62281  38.753  15.126  53.499 0.0000000000
62291  39.083  15.673  52.837 0.0000000000
99323  39.478  15.622  51.991 0.0000000000
62318  38.226  15.947  50.887 0.0000000000
95023  40.274  15.446  50.709 0.0000000000
94215  40.484  15.286  49.970 0.0000000000
61685  41.196  14.681  48.678 0.0000000000
68289  52.542  25.415  36.000 0.0000000000
68290  52.571  24.590  36.953 0.0000000000
94659  52.483  24.115  37.873 0.0000000000
103318  4.264  26.516  71.342 0.0000000000
69652  3.686  27.748  70.920 0.0000000000
64614  14.038  20.081  65.796 0.0000000000
92201  4.920  8.882  71.667 0.0000000000
57158  6.438  8.637  70.863 0.0000000000
57161  7.581  8.290  69.485 0.0000000000
57097  11.080  8.981  80.110 0.0000000000
58693  10.524  10.501  79.303 0.0000000000
57905  10.504  10.892  78.514 0.0000000000
56328  9.939  7.801  77.274 0.0000000000
92239  9.969  8.857  77.493 0.0000000000
57906  9.369  11.013  77.827 0.0000000000
57123  9.699  10.875  76.236 0.0000000000
98483  9.506  11.711  75.131 0.0000000000
88464  8.431  12.191  74.230 0.0000000000
57154  11.179  8.306  72.035 0.0000000000
88473  10.354  8.271  72.603 0.0000000000
88461  9.670  7.825  73.341 0.0000000000
91168  10.389  9.564  71.607 0.0000000000
88490  9.668  8.585  72.739 0.0000000000
91124  8.591  7.740  74.022 0.0000000000
88483  9.466  9.981  74.007 0.0000000000
88478  8.817  10.965  73.961 0.0000000000
88456  8.291  11.039  74.170 0.0000000000
91454  6.979  8.697  74.392 0.0000000000
57146  7.018  8.642  73.664 0.0000000000
99689  6.601  9.034  72.673 0.0000000000
57930  8.418  9.703  71.414 0.0000000000
57931  7.605  9.489  71.283 0.0000000000
57929  6.858  9.256  71.873 0.0000000000
57935  7.611  9.364  70.564 0.0000000000
57169  8.111  8.880  69.249 0.0000000000
57175  8.328  9.032  68.482 0.0000000000
58717  8.432  10.712  67.732 0.0000000000
59459  7.996  12.038  68.477 0.0000000000
93069  8.564  13.959  68.937 0.0000000000
61543  8.763  14.816  68.982 0.0000000000
62198  8.360  15.483  69.137 0.0000000000
62809  7.843  16.087  72.048 0.0000000000
62799  7.443  16.765  72.366 0.0000000000
88520  11.630  14.468  72.088 0.0000000000
92834  10.708  15.338  71.425 0.0000000000
63408  10.282  16.506  71.309 0.0000000000
64598  10.320  19.013  70.467 0.0000000000
63995  9.740  18.523  70.876 0.0000000000
94111  8.989  17.177  71.656 0.0000000000
98774  8.480  18.023  71.580 0.0000000000
63989  7.630  17.973  71.822 0.0000000000
94044  7.045  19.035  71.695 0.0000000000
65250  6.761  20.285  70.972 0.0000000000
65984  6.247  21.628  70.482 0.0000000000
67388  6.153  23.571  68.824 0.0000000000
106227  4.423  24.328  69.177 0.0000000000
68023  4.100  24.378  69.746 0.0000000000
68619  3.876  25.151  69.977 0.0000000000
90361  4.633  26.024  71.210 0.0000000000
88825  24.451  9.243  58.902 0.0000000000
88732  27.999  9.390  65.609 0.0000000000
55588  29.117  7.172  65.511 0.0000000000
64670  18.106  19.095  55.696 0.0000000000
92581  17.789  19.412  57.408 0.0000000000
88911  17.449  19.093  58.467 0.0000000000
91083  17.382  17.593  58.471 0.0000000000
90910  16.947  18.107  59.343 0.0000000000
88865  18.470  13.352  59.157 0.0000000000
88878  18.416  13.892  58.860 0.0000000000
90607  18.374  14.738  59.864 0.0000000000
88887  18.973  14.739  57.998 0.0000000000
88888  18.770  15.122  58.513 0.0000000000
88890  19.155  14.783  61.125 0.0000000000
90484  20.583  16.320  59.688 0.0000000000
64038  21.032  17.165  59.199 0.0000000000
62901  20.101  17.262  54.542 0.0000000000
62952  25.563  16.569  50.239 0.0000000000
62327  26.650  15.380  50.189 0.0000000000
61663  28.349  14.041  51.106 0.0000000000
61017  26.612  13.445  52.534 0.0000000000
61015  28.333  13.202  52.395 0.0000000000
102345  29.141  13.209  52.388 0.0000000000
60982  29.850  13.724  54.236 0.0000000000
91235  30.261  14.278  56.181 0.0000000000
90242  30.851  13.282  58.951 0.0000000000
88847  25.064  12.769  56.630 0.0000000000
60291  26.215  13.225  56.988 0.0000000000
60960  26.976  13.551  57.102 0.0000000000
92482  26.025  14.555  59.711 0.0000000000
61595  27.478  14.421  59.520 0.0000000000
94396  28.022  14.160  57.564 0.0000000000
60923  29.139  13.571  58.996 0.0000000000
88808  30.172  14.396  59.906 0.0000000000
88791  31.016  14.692  60.933 0.0000000000
61572  31.197  14.416  62.070 0.0000000000
60244  31.551  12.512  62.990 0.0000000000
88767  31.898  11.292  62.684 0.0000000000
93742  32.590  10.366  60.200 0.0000000000
92057  3.243  29.104  70.491 0.0000000000
107239  3.247  30.620  69.804 0.0000000000
71507  2.978  31.262  69.441 0.0000000000
72422  3.043  33.434  67.322 0.0000000000
97280  2.203  34.931  66.549 0.0000000000
57177  6.887  8.413  67.672 0.0000000000
57178  6.023  8.270  67.251 0.0000000000
57186  4.582  8.663  66.246 0.0000000000
58721  -0.863  9.027  67.990 0.0000000000
57959  -0.306  8.261  67.747 0.0000000000
56425  1.032  6.869  65.953 0.0000000000
62858  6.003  17.321  61.864 0.0000000000
63445  5.557  17.198  61.075 0.0000000000
63447  5.704  17.779  60.365 0.0000000000
103984  6.967  20.209  61.008 0.0000000000
64637  6.296  19.169  59.877 0.0000000000
63450  5.470  17.998  59.608 0.0000000000
64047  5.273  18.118  58.429 0.0000000000
64057  5.398  18.080  57.760 0.0000000000
68106  6.069  25.322  59.666 0.0000000000
68105  6.583  24.650  59.276 0.0000000000
66815  7.483  22.802  58.909 0.0000000000
67505  7.462  22.995  57.635 0.0000000000
66093  7.606  21.210  58.449 0.0000000000
91464  29.344  20.185  50.691 0.0000000000
67542  32.458  23.700  51.937 0.0000000000
68263  51.680  24.539  39.056 0.0000000000
98982  52.682  22.388  39.077 0.0000000000
66187  42.835  21.399  48.379 0.0000000000
65434  43.635  21.053  47.923 0.0000000000
65450  44.562  20.659  47.652 0.0000000000
64131  46.030  18.578  48.646 0.0000000000
64772  45.839  19.753  47.571 0.0000000000
94399  44.982  20.736  46.935 0.0000000000
66211  46.310  20.639  46.266 0.0000000000
66216  46.730  21.255  45.876 0.0000000000
66224  47.233  21.861  45.687 0.0000000000
63555  46.024  17.512  45.868 0.0000000000
64161  47.127  18.306  45.495 0.0000000000
64796  47.422  19.785  45.470 0.0000000000
65483  47.711  20.655  45.273 0.0000000000
66922  48.189  22.621  46.246 0.0000000000
66931  49.505  21.800  46.075 0.0000000000
67622  50.424  22.295  43.974 0.0000000000
67633  50.572  22.473  43.006 0.0000000000
66968  50.747  21.643  42.047 0.0000000000
66967  51.346  21.933  41.861 0.0000000000
66984  51.655  21.491  41.298 0.0000000000
66267  52.611  21.083  40.268 0.0000000000
65540  53.226  20.495  38.938 0.0000000000
92602  17.896  5.844  67.248 0.0000000000
55546  19.265  6.419  68.606 0.0000000000
67998  3.478  24.266  74.124 0.0000000000
68602  2.348  25.600  73.347 0.0000000000
68608  2.985  26.250  72.629 0.0000000000
67358  4.827  23.674  74.371 0.0000000000
67359  3.886  23.717  74.452 0.0000000000
98167  3.032  23.733  74.633 0.0000000000
64010  12.731  18.121  67.062 0.0000000000
63431  13.593  17.668  67.645 0.0000000000
88727  25.208  10.403  63.898 0.0000000000
88796  25.805  10.155  63.347 0.0000000000
56388  7.082  7.629  68.974 0.0000000000
57176  7.766  8.617  68.019 0.0000000000
62224  4.618  14.967  61.979 0.0000000000
95753  41.254  22.574  49.255 0.0000000000
65424  41.016  20.941  49.230 0.0000000000
65423  41.952  21.365  48.328 0.0000000000
67673  52.885  23.316  37.607 0.0000000000
67014  53.405  21.793  36.592 0.0000000000
66318  53.162  20.960  37.237 0.0000000000
58737  11.378  10.681  64.410 0.0000000000
104290  11.471  10.898  63.728 0.0000000000
58785  13.243  10.636  57.658 0.0000000000
58799  12.742  11.388  57.656 0.0000000000
59541  13.247  12.073  57.044 0.0000000000
110023  16.718  8.248  76.551 0.0000000000
56335  16.561  7.286  76.092 0.0000000000
93503  17.718  9.001  77.029 0.0000000000
101820  17.230  8.773  76.879 0.0000000000
55568  25.270  7.014  66.842 0.0000000000
102146  25.465  7.547  67.435 0.0000000000
90612  22.554  3.670  74.771 0.0000000000
59540  14.379  10.675  57.139 0.0000000000
55570  23.503  7.043  66.523 0.0000000000
56407  24.133  7.902  66.634 0.0000000000
70153  2.008  28.922  66.920 0.0000000000
70591  0.931  30.111  65.145 0.0000000000
70587  2.023  29.576  66.468 0.0000000000
103388  -1.732  32.416  72.315 0.0000000000
102542  -2.207  32.827  71.872 0.0000000000
103506  -1.194  33.283  72.146 0.0000000000
62800  6.273  15.627  73.141 0.0000000000
66012  2.516  21.790  68.302 0.0000000000
66011  3.391  21.811  67.759 0.0000000000
66732  2.611  22.229  67.446 0.0000000000
69666  1.064  28.425  68.663 0.0000000000
70156  1.855  28.665  66.209 0.0000000000
60940  32.418  13.641  57.900 0.0000000000
91743  32.448  14.266  56.321 0.0000000000
62265  39.344  15.622  57.160 0.0000000000
94877  40.588  16.508  55.567 0.0000000000
57925  5.713  10.364  75.551 0.0000000000
56373  11.602  7.479  72.392 0.0000000000
102098  25.516  11.405  58.234 0.0000000000
90950  17.953  13.430  59.483 0.0000000000
60292  22.900  12.561  57.004 0.0000000000
60301  23.952  12.870  56.218 0.0000000000
88745  25.671  11.257  59.147 0.0000000000
88829  26.054  11.328  58.669 0.0000000000
96677  -1.102  11.801  69.234 0.0000000000
68085  4.615  25.340  61.508 0.0000000000
66155  33.014  21.704  52.722 0.0000000000
96590  33.447  21.691  52.581 0.0000000000
67599  47.673  23.558  45.717 0.0000000000
91434  15.890  5.806  62.839 0.0000000000
107701  13.970  6.874  60.881 0.0000000000
55665  15.026  6.101  61.484 0.0000000000
98616  17.950  7.318  72.597 0.0000000000
102524  18.284  6.492  72.236 0.0000000000
54788  15.781  5.678  67.231 0.0000000000
54700  22.574  6.103  73.370 0.0000000000
55495  22.540  6.529  74.345 0.0000000000
109986  22.211  6.304  73.876 0.0000000000
54726  19.078  6.656  72.026 0.0000000000
56370  19.555  7.707  72.821 0.0000000000
56361  18.628  7.890  73.144 0.0000000000
103330  22.047  5.684  68.173 0.0000000000
92419  22.199  6.329  72.161 0.0000000000
88688  22.965  6.045  71.797 0.0000000000
54858  15.969  5.448  61.403 0.0000000000
88652  21.143  6.359  67.321 0.0000000000
88671  20.635  6.015  66.192 0.0000000000
104190  21.617  6.446  67.134 0.0000000000
100611  -2.321  27.422  72.015 0.0000000000
71508  2.222  31.167  69.416 0.0000000000
71515  1.954  31.570  68.683 0.0000000000
72423  1.738  32.746  67.597 0.0000000000
107715  1.884  35.491  66.302 0.0000000000
73466  1.945  35.786  67.390 0.0000000000
66712  4.865  22.817  70.167 0.0000000000
103412  3.894  19.787  74.298 0.0000000000
102720  3.505  20.938  73.292 0.0000000000
101865  2.391  21.456  73.212 0.0000000000
66703  2.669  22.297  72.378 0.0000000000
66704  1.815  22.412  72.631 0.0000000000
102727  1.436  20.320  74.399 0.0000000000
67362  -1.646  23.360  74.896 0.0000000000
67355  -2.177  23.084  74.770 0.0000000000
101011  -2.149  24.289  73.834 0.0000000000
68611  -3.134  26.018  72.279 0.0000000000
59501  33.982  10.861  62.230 0.0000000000
58687  9.050  11.478  79.582 0.0000000000
59440  8.499  12.278  79.092 0.0000000000
60882  12.280  12.652  67.281 0.0000000000
62191  14.794  13.454  70.649 0.0000000000
61539  15.440  14.629  70.191 0.0000000000
62182  15.443  14.638  71.051 0.0000000000
62189  15.498  15.257  69.959 0.0000000000
88737  25.962  9.847  61.265 0.0000000000
55625  28.297  6.994  63.101 0.0000000000
92060  18.628  13.097  63.007 0.0000000000
88841  23.021  13.037  60.517 0.0000000000
91709  24.016  13.353  61.290 0.0000000000
109868  26.353  10.389  62.007 0.0000000000
57989  3.295  9.036  62.727 0.0000000000
57988  4.158  8.967  62.390 0.0000000000
61590  4.526  15.568  59.810 0.0000000000
93319  4.799  16.042  59.098 0.0000000000
68712  -0.112  26.132  58.870 0.0000000000
65474  44.126  20.439  45.243 0.0000000000
65465  44.624  20.590  46.200 0.0000000000
62212  11.581  15.510  65.310 0.0000000000
105384  11.212  15.602  62.491 0.0000000000
62222  11.310  15.882  61.887 0.0000000000
62234  12.098  15.223  59.247 0.0000000000
105237  12.209  14.521  59.562 0.0000000000
62866  12.267  16.232  58.175 0.0000000000
62879  14.334  16.382  56.204 0.0000000000
63468  13.997  17.003  56.009 0.0000000000
103639  13.696  8.928  78.426 0.0000000000
55499  13.625  6.438  74.614 0.0000000000
55487  13.331  6.869  75.337 0.0000000000
54702  13.248  5.869  74.362 0.0000000000
54717  13.655  6.074  73.756 0.0000000000
55534  15.615  6.876  70.280 0.0000000000
55529  15.570  6.460  71.503 0.0000000000
56393  11.608  7.969  67.725 0.0000000000
56387  13.126  8.190  69.702 0.0000000000
57168  11.693  8.641  68.251 0.0000000000
55480  21.491  7.136  76.627 0.0000000000
109154  17.737  5.267  78.710 0.0000000000
56321  14.306  8.673  78.478 0.0000000000
90604  30.966  5.653  71.364 0.0000000000
88707  30.322  5.584  70.217 0.0000000000
88709  31.215  6.674  71.531 0.0000000000
88708  31.246  6.462  71.642 0.0000000000
54724  30.663  5.904  72.366 0.0000000000
101978  15.115  16.341  56.125 0.0000000000
60271  15.755  12.949  57.691 0.0000000000
60270  16.307  12.766  58.405 0.0000000000
59529  16.682  11.767  58.257 0.0000000000
55677  18.048  6.881  60.413 0.0000000000
57233  20.062  9.120  62.404 0.0000000000
57234  19.394  8.983  62.092 0.0000000000
58760  18.405  10.005  61.479 0.0000000000
57992  19.804  9.746  61.930 0.0000000000
58002  19.995  10.083  61.983 0.0000000000
91093  20.163  10.039  62.739 0.0000000000
90181  23.279  9.940  66.353 0.0000000000
72965  0.299  34.376  62.997 0.0000000000
72952  0.101  34.721  64.937 0.0000000000
60221  6.667  11.964  68.006 0.0000000000
101395  5.318  15.197  69.964 0.0000000000
64594  5.054  19.948  70.417 0.0000000000
98311  6.344  17.738  68.295 0.0000000000
63432  6.399  17.402  67.643 0.0000000000
62844  5.220  16.694  66.750 0.0000000000
65284  7.256  20.240  65.366 0.0000000000
64019  7.276  18.762  65.321 0.0000000000
64022  7.216  18.825  64.453 0.0000000000
64620  7.209  19.583  64.041 0.0000000000
67435  4.220  23.518  64.750 0.0000000000
104811  3.547  23.725  64.093 0.0000000000
68626  -0.680  24.822  68.780 0.0000000000
68654  -0.561  25.105  64.357 0.0000000000
96046  -1.209  24.327  64.004 0.0000000000
68077  -0.821  24.075  62.784 0.0000000000
68664  -0.990  24.541  63.164 0.0000000000
68672  -0.665  24.844  62.322 0.0000000000
68663  -0.646  25.361  62.587 0.0000000000
70601  1.324  29.460  62.425 0.0000000000
70172  1.175  28.809  61.577 0.0000000000
61677  28.860  14.428  50.440 0.0000000000
62324  29.354  14.962  49.830 0.0000000000
61676  29.885  14.455  50.510 0.0000000000
94866  33.927  16.328  53.145 0.0000000000
62923  34.434  16.529  52.268 0.0000000000
62922  35.278  16.882  52.162 0.0000000000
64658  37.868  19.472  56.439 0.0000000000
99820  37.586  18.536  55.855 0.0000000000
64068  38.043  19.141  55.548 0.0000000000
64092  38.263  18.449  53.660 0.0000000000
64091  38.760  19.112  53.933 0.0000000000
64704  39.282  19.647  52.585 0.0000000000
64677  38.857  19.851  54.778 0.0000000000
106476  41.400  16.884  51.486 0.0000000000
62302  40.667  15.957  51.186 0.0000000000
64619  11.408  19.254  64.571 0.0000000000
56326  11.579  7.428  77.663 0.0000000000
90918  8.952  8.352  75.221 0.0000000000
58710  11.305  10.465  70.329 0.0000000000
62185  9.356  15.569  70.686 0.0000000000
64003  11.009  18.728  70.374 0.0000000000
65982  8.162  20.913  70.286 0.0000000000
64593  8.120  19.763  71.037 0.0000000000
56397  30.889  7.437  66.668 0.0000000000
56404  30.135  8.140  66.306 0.0000000000
88919  17.954  17.295  56.638 0.0000000000
102767  16.202  15.902  61.719 0.0000000000
102987  17.334  15.190  62.273 0.0000000000
89943  19.110  16.187  57.272 0.0000000000
109987  19.247  16.727  57.043 0.0000000000
90459  19.305  16.988  56.418 0.0000000000
90641  19.428  17.489  56.206 0.0000000000
62271  19.557  16.596  55.938 0.0000000000
62285  22.943  15.062  52.980 0.0000000000
62297  22.609  15.852  52.638 0.0000000000
62296  23.329  15.463  52.298 0.0000000000
62926  22.998  16.305  51.994 0.0000000000
62295  24.117  15.150  52.030 0.0000000000
62310  24.562  15.602  51.401 0.0000000000
88863  27.978  12.686  55.510 0.0000000000
88875  28.634  13.451  55.947 0.0000000000
60959  28.444  13.836  56.774 0.0000000000
89919  25.247  14.365  64.204 0.0000000000
88779  25.786  15.296  63.375 0.0000000000
61566  26.121  14.586  64.658 0.0000000000
91366  27.293  15.020  64.185 0.0000000000
90354  26.940  14.107  65.098 0.0000000000
91189  28.084  13.410  65.058 0.0000000000
103316  27.224  13.671  65.183 0.0000000000
58727  4.956  10.354  66.558 0.0000000000
57974  -1.239  9.079  64.528 0.0000000000
65306  7.101  20.492  61.823 0.0000000000
65326  7.352  20.504  59.783 0.0000000000
97648  7.558  21.047  59.306 0.0000000000
89228  30.195  19.143  49.503 0.0000000000
91072  29.518  19.547  49.931 0.0000000000
90528  30.150  19.667  50.282 0.0000000000
96423  50.300  24.749  42.303 0.0000000000
68838  49.749  25.928  41.801 0.0000000000
108690  44.904  19.769  49.997 0.0000000000
93392  46.647  17.896  46.903 0.0000000000
64149  46.752  18.618  46.725 0.0000000000
64786  46.835  19.462  46.523 0.0000000000
64815  47.699  19.819  43.654 0.0000000000
64828  47.754  19.586  42.688 0.0000000000
108574  16.480  5.634  67.292 0.0000000000
55572  16.358  5.762  66.555 0.0000000000
54786  17.818  5.714  66.374 0.0000000000
55591  16.941  6.252  65.004 0.0000000000
54736  20.202  6.042  71.377 0.0000000000
54737  19.349  5.993  71.459 0.0000000000
88664  20.453  6.381  67.567 0.0000000000
99297  21.089  5.742  68.885 0.0000000000
54744  20.424  5.719  70.443 0.0000000000
88684  21.172  5.483  70.373 0.0000000000
95535  19.293  5.844  66.361 0.0000000000
97757  0.861  24.188  74.307 0.0000000000
68603  0.109  25.383  73.429 0.0000000000
69646  1.653  27.514  72.253 0.0000000000
70117  1.857  28.799  71.457 0.0000000000
70559  1.564  29.855  70.845 0.0000000000
70558  2.350  29.860  70.591 0.0000000000
89859  5.768  24.724  71.712 0.0000000000
67371  6.747  23.822  72.802 0.0000000000
94648  5.105  21.321  75.755 0.0000000000
65964  6.685  21.254  75.067 0.0000000000
65243  6.250  20.183  76.113 0.0000000000
102721  5.057  19.693  75.781 0.0000000000
103413  4.052  19.678  76.445 0.0000000000
103456  3.127  19.330  76.727 0.0000000000
65963  2.765  20.647  76.429 0.0000000000
66692  1.626  22.752  75.262 0.0000000000
109915  1.641  21.802  75.679 0.0000000000
66693  0.277  22.639  75.285 0.0000000000
58017  32.450  8.904  58.816 0.0000000000
57090  8.866  8.129  81.384 0.0000000000
57894  9.701  9.502  80.344 0.0000000000
63425  14.215  16.962  68.240 0.0000000000
62829  14.775  15.977  68.855 0.0000000000
65263  14.848  19.908  67.138 0.0000000000
56415  27.566  7.998  65.268 0.0000000000
105719  24.103  11.680  62.911 0.0000000000
88824  24.422  11.907  62.641 0.0000000000
88795  26.202  9.974  62.690 0.0000000000
56378  5.764  8.242  71.143 0.0000000000
61560  5.361  14.556  64.247 0.0000000000
60897  4.119  13.502  64.388 0.0000000000
59500  4.339  11.831  62.765 0.0000000000
59499  4.990  11.067  62.454 0.0000000000
60252  4.946  12.582  61.808 0.0000000000
60251  5.374  12.734  61.219 0.0000000000
92377  6.104  11.926  60.826 0.0000000000
60914  5.850  12.890  60.367 0.0000000000
62232  4.478  15.767  60.604 0.0000000000
67693  53.479  23.801  35.149 0.0000000000
60895  10.401  13.262  64.720 0.0000000000
60235  10.217  12.549  64.392 0.0000000000
60239  10.362  12.689  63.552 0.0000000000
109608  10.382  14.040  62.843 0.0000000000
60903  10.644  13.029  62.591 0.0000000000
58778  11.529  10.380  59.718 0.0000000000
60272  12.366  12.653  58.335 0.0000000000
60930  12.911  14.320  57.424 0.0000000000
61616  13.571  14.809  56.930 0.0000000000
88508  14.603  8.770  77.829 0.0000000000
104478  15.539  7.043  76.012 0.0000000000
88507  14.889  7.085  76.377 0.0000000000
55558  13.544  6.383  67.784 0.0000000000
57183  11.428  8.180  66.892 0.0000000000
57950  11.049  9.601  66.402 0.0000000000
60231  10.485  12.496  65.170 0.0000000000
57129  19.632  8.912  76.378 0.0000000000
88477  19.338  8.837  77.167 0.0000000000
88462  18.479  8.640  77.615 0.0000000000
56318  17.886  8.152  78.230 0.0000000000
100060  17.058  8.329  78.230 0.0000000000
57110  16.017  8.629  78.031 0.0000000000
57166  23.614  11.046  69.219 0.0000000000
57173  24.513  9.547  68.811 0.0000000000
56384  26.291  7.871  69.001 0.0000000000
88711  27.320  6.651  70.067 0.0000000000
89950  23.972  2.978  73.737 0.0000000000
103165  24.552  1.926  73.352 0.0000000000
61615  14.306  14.517  56.678 0.0000000000
59550  15.413  11.751  56.482 0.0000000000
60294  15.450  12.273  56.498 0.0000000000
99301  20.996  6.475  63.841 0.0000000000
55647  19.942  7.085  62.962 0.0000000000
55627  21.525  6.725  64.001 0.0000000000
56433  21.780  7.086  64.376 0.0000000000
56441  21.383  7.600  63.715 0.0000000000
56434  21.392  8.224  64.739 0.0000000000
56418  22.179  7.695  65.766 0.0000000000
57181  23.973  9.035  67.213 0.0000000000
56417  22.897  8.201  66.069 0.0000000000
104650  23.496  9.492  66.926 0.0000000000
91889  0.744  29.850  63.759 0.0000000000
71089  0.739  30.733  63.669 0.0000000000
71537  0.469  31.435  64.295 0.0000000000
71541  0.769  31.681  63.336 0.0000000000
72454  0.488  33.582  63.046 0.0000000000
72447  0.345  33.147  63.606 0.0000000000
73461  -2.424  35.262  68.895 0.0000000000
73968  -2.057  36.230  68.328 0.0000000000
72940  -3.008  34.449  69.586 0.0000000000
73463  -3.991  35.278  69.339 0.0000000000
62818  7.611  16.082  70.042 0.0000000000
62824  7.395  16.002  69.454 0.0000000000
62188  5.969  15.263  71.691 0.0000000000
62820  5.954  16.027  70.521 0.0000000000
62811  4.617  15.163  71.778 0.0000000000
108842  3.618  21.370  68.934 0.0000000000
65276  4.751  20.981  68.189 0.0000000000
64609  7.033  19.296  67.429 0.0000000000
65280  6.076  20.919  67.077 0.0000000000
66019  6.291  21.247  66.257 0.0000000000
66740  5.093  22.156  66.249 0.0000000000
66742  3.110  22.770  66.179 0.0000000000
102120  3.712  23.050  65.602 0.0000000000
67406  2.391  22.916  65.999 0.0000000000
69172  1.129  26.563  67.435 0.0000000000
69173  0.614  25.924  67.904 0.0000000000
68635  0.718  25.825  65.969 0.0000000000
69184  1.316  26.591  65.460 0.0000000000
69191  0.973  26.662  64.603 0.0000000000
105966  1.004  29.132  64.867 0.0000000000
70161  1.083  28.249  64.492 0.0000000000
70594  0.812  29.031  64.011 0.0000000000
70598  0.920  29.058  63.109 0.0000000000
61644  30.701  14.398  53.477 0.0000000000
61643  31.108  15.008  53.492 0.0000000000
99819  30.900  14.911  54.014 0.0000000000
88901  32.878  14.742  55.802 0.0000000000
62267  32.704  15.261  55.052 0.0000000000
90557  33.454  15.696  55.236 0.0000000000
62912  33.487  16.080  53.918 0.0000000000
107612  37.487  14.566  61.335 0.0000000000
88856  38.508  14.470  60.774 0.0000000000
102450  39.738  17.059  58.561 0.0000000000
63452  38.838  17.286  59.482 0.0000000000
64041  38.915  18.323  58.675 0.0000000000
64050  37.855  18.955  58.144 0.0000000000
64049  39.174  18.959  57.723 0.0000000000
64656  39.137  19.573  56.857 0.0000000000
64048  40.305  18.396  57.634 0.0000000000
63474  41.342  17.136  56.364 0.0000000000
63463  41.379  18.013  56.451 0.0000000000
64066  41.837  18.376  55.838 0.0000000000
89045  41.790  19.350  55.774 0.0000000000
62884  41.989  17.098  55.098 0.0000000000
62897  40.028  16.618  54.435 0.0000000000
62908  40.655  16.883  53.831 0.0000000000
64626  11.521  19.454  62.565 0.0000000000
66069  11.530  21.229  61.501 0.0000000000
57926  4.044  9.937  75.976 0.0000000000
88437  6.349  8.703  74.839 0.0000000000
88433  5.552  8.468  74.917 0.0000000000
88428  6.631  8.500  74.310 0.0000000000
54695  11.300  5.698  75.214 0.0000000000
54705  10.754  5.635  74.912 0.0000000000
109023  10.863  6.579  73.592 0.0000000000
55500  10.096  6.123  74.803 0.0000000000
88450  9.650  6.683  74.385 0.0000000000
88502  10.584  11.696  69.868 0.0000000000
60874  9.478  13.379  69.088 0.0000000000
88529  10.108  14.763  69.502 0.0000000000
66720  7.847  22.823  68.757 0.0000000000
67387  7.511  23.410  68.288 0.0000000000
88913  17.574  15.035  58.079 0.0000000000
103209  17.742  15.502  58.122 0.0000000000
60946  21.156  12.960  57.150 0.0000000000
60964  20.545  13.742  56.771 0.0000000000
61628  21.138  14.643  55.471 0.0000000000
62269  20.788  15.390  55.113 0.0000000000
61636  22.292  14.583  54.504 0.0000000000
61635  23.128  14.329  54.327 0.0000000000
60309  25.411  12.896  55.052 0.0000000000
88848  26.318  12.598  56.119 0.0000000000
89826  27.098  11.282  61.280 0.0000000000
90208  26.972  12.350  61.863 0.0000000000
102882  27.607  12.081  61.777 0.0000000000
90320  27.854  11.098  61.016 0.0000000000
59537  26.912  11.305  58.167 0.0000000000
88776  28.007  10.423  59.661 0.0000000000
58718  1.813  10.198  68.820 0.0000000000
57958  1.347  9.015  68.081 0.0000000000
57188  2.092  8.309  66.853 0.0000000000
100253  0.932  8.293  67.848 0.0000000000
55637  0.606  6.974  62.760 0.0000000000
56446  -0.363  7.109  63.134 0.0000000000
67462  6.334  23.360  62.591 0.0000000000
66797  6.747  22.805  61.878 0.0000000000
67476  6.603  23.665  61.624 0.0000000000
67489  6.873  23.803  60.772 0.0000000000
67497  7.086  23.783  59.773 0.0000000000
98696  32.550  20.357  50.172 0.0000000000
64745  31.504  19.954  50.240 0.0000000000
66878  32.407  22.148  51.140 0.0000000000
66879  31.939  22.683  51.001 0.0000000000
67603  43.335  24.458  44.385 0.0000000000
68213  48.543  25.022  44.299 0.0000000000
68196  48.816  24.665  45.031 0.0000000000
68212  49.490  24.850  43.848 0.0000000000
68195  49.219  24.504  44.990 0.0000000000
62945  44.804  16.804  50.678 0.0000000000
62944  45.200  17.046  49.950 0.0000000000
62981  44.254  16.764  48.235 0.0000000000
62980  45.183  17.045  48.004 0.0000000000
63543  45.969  17.121  47.651 0.0000000000
62986  45.215  16.994  47.225 0.0000000000
57208  12.965  8.945  64.389 0.0000000000
55653  13.849  6.905  62.224 0.0000000000
93480  13.425  7.437  62.153 0.0000000000
57236  13.100  7.849  61.591 0.0000000000
57242  13.046  8.255  60.783 0.0000000000
56468  14.408  7.388  60.246 0.0000000000
57248  13.237  8.492  59.817 0.0000000000
57258  13.836  8.784  58.908 0.0000000000
58024  13.374  9.525  58.510 0.0000000000
95256  18.012  7.267  74.887 0.0000000000
56353  17.093  7.797  74.098 0.0000000000
54727  17.493  6.324  72.369 0.0000000000
54728  16.847  6.023  72.165 0.0000000000
55533  17.739  6.329  70.102 0.0000000000
55549  16.111  6.952  69.146 0.0000000000
54763  14.704  6.028  68.663 0.0000000000
56422  13.190  8.088  65.428 0.0000000000
57196  12.646  8.593  65.295 0.0000000000
105024  23.081  4.477  75.590 0.0000000000
88647  23.441  4.395  76.212 0.0000000000
92842  23.711  4.917  75.719 0.0000000000
56347  23.419  7.320  74.889 0.0000000000
56337  23.557  7.207  75.097 0.0000000000
56331  22.890  7.636  75.445 0.0000000000
57126  22.347  8.240  75.198 0.0000000000
56359  20.968  6.944  73.461 0.0000000000
56350  20.762  7.764  74.859 0.0000000000
57141  20.586  8.490  75.365 0.0000000000
101526  20.281  8.784  75.782 0.0000000000
109949  20.132  8.705  75.667 0.0000000000
54770  24.960  5.650  67.887 0.0000000000
54771  23.829  5.623  67.519 0.0000000000
88675  23.549  5.210  68.892 0.0000000000
90550  24.109  5.217  69.387 0.0000000000
90552  22.351  5.242  69.502 0.0000000000
88633  22.419  5.227  74.453 0.0000000000
88632  22.551  4.765  74.915 0.0000000000
57257  15.031  8.562  58.630 0.0000000000
54869  16.732  5.899  60.667 0.0000000000
55689  16.259  6.573  60.139 0.0000000000
54868  17.517  5.561  61.001 0.0000000000
55678  17.600  6.396  60.423 0.0000000000
55631  17.445  6.426  63.182 0.0000000000
55614  19.391  6.236  63.954 0.0000000000
55613  20.523  6.096  64.200 0.0000000000
91504  21.794  6.598  66.728 0.0000000000
91076  22.643  6.588  66.725 0.0000000000
107351  -0.197  28.629  70.344 0.0000000000
70126  0.138  29.283  70.240 0.0000000000
70566  0.520  29.958  69.913 0.0000000000
71520  1.107  31.894  67.247 0.0000000000
94672  1.463  31.405  68.049 0.0000000000
69655  -0.057  28.649  71.831 0.0000000000
70560  0.916  29.949  70.826 0.0000000000
71939  1.100  32.642  67.350 0.0000000000
71516  1.532  31.409  68.377 0.0000000000
72430  0.834  34.013  66.327 0.0000000000
72424  0.631  33.138  66.874 0.0000000000
73975  0.199  36.561  67.402 0.0000000000
73468  0.049  35.819  68.167 0.0000000000
72937  0.217  34.409  69.309 0.0000000000
72416  -0.338  32.342  71.314 0.0000000000
72415  0.735  32.227  70.917 0.0000000000
65251  5.746  20.059  71.143 0.0000000000
94764  5.210  18.787  72.253 0.0000000000
65257  4.911  20.781  70.340 0.0000000000
103152  5.596  23.969  71.660 0.0000000000
66714  3.176  22.361  69.655 0.0000000000
66708  3.863  21.944  69.761 0.0000000000
67384  2.581  22.749  69.807 0.0000000000
68021  2.360  23.570  70.537 0.0000000000
95152  1.290  22.743  69.585 0.0000000000
65996  1.559  21.950  69.052 0.0000000000
67385  0.342  22.979  69.379 0.0000000000
68013  1.053  24.309  71.856 0.0000000000
68613  1.185  25.177  70.891 0.0000000000
65246  -0.537  18.992  76.352 0.0000000000
89721  0.184  19.390  75.542 0.0000000000
101128  -1.231  20.106  75.558 0.0000000000
67369  -2.504  23.310  73.806 0.0000000000
66701  -2.380  22.568  73.907 0.0000000000
68015  -2.275  24.484  72.803 0.0000000000
97521  -0.469  25.449  71.673 0.0000000000
68020  -1.547  25.200  72.326 0.0000000000
68615  -1.646  26.114  71.686 0.0000000000
69154  -2.388  27.017  71.486 0.0000000000
69658  -0.721  28.261  70.598 0.0000000000
60912  33.124  13.893  61.394 0.0000000000
60254  35.279  11.997  61.006 0.0000000000
105796  34.822  12.969  60.674 0.0000000000
60262  35.648  12.638  60.199 0.0000000000
109076  35.547  13.358  59.670 0.0000000000
60917  36.225  12.666  59.423 0.0000000000
60937  36.943  12.893  58.079 0.0000000000
60936  36.980  12.899  57.627 0.0000000000
60970  37.576  13.573  56.009 0.0000000000
95739  37.514  13.958  56.870 0.0000000000
57908  7.097  11.407  77.981 0.0000000000
57915  6.787  10.586  77.233 0.0000000000
57156  11.999  8.925  70.641 0.0000000000
105292  12.202  11.833  68.846 0.0000000000
88524  14.132  11.875  71.849 0.0000000000
88514  12.721  11.745  71.892 0.0000000000
88519  13.301  11.398  72.851 0.0000000000
88522  13.042  12.230  73.332 0.0000000000
62815  14.447  15.868  70.871 0.0000000000
63414  12.867  17.183  70.590 0.0000000000
63419  13.536  17.755  69.877 0.0000000000
63999  14.934  17.970  68.449 0.0000000000
93165  14.664  17.261  69.303 0.0000000000
92871  12.622  19.109  69.431 0.0000000000
88810  24.668  7.927  60.900 0.0000000000
55646  25.373  7.634  61.255 0.0000000000
88773  26.700  8.523  62.044 0.0000000000
99809  18.623  11.905  60.355 0.0000000000
92339  18.881  12.121  60.043 0.0000000000
88870  19.142  11.746  60.318 0.0000000000
90854  20.061  11.507  60.291 0.0000000000
106569  20.286  11.539  60.107 0.0000000000
90830  22.003  12.523  62.723 0.0000000000
89829  21.552  11.795  60.806 0.0000000000
59518  22.047  11.655  59.523 0.0000000000
59525  22.824  11.857  58.990 0.0000000000
102913  24.808  13.803  60.647 0.0000000000
92586  25.113  12.407  62.046 0.0000000000
91767  25.923  12.339  60.997 0.0000000000
88830  25.746  10.767  60.251 0.0000000000
60229  -0.832  12.498  67.423 0.0000000000
60228  0.094  13.408  66.411 0.0000000000
58734  -0.514  10.797  65.012 0.0000000000
59489  0.317  11.068  64.739 0.0000000000
60236  2.690  12.403  64.424 0.0000000000
58747  1.825  10.073  63.403 0.0000000000
57972  0.505  9.777  63.170 0.0000000000
57217  1.088  8.623  62.112 0.0000000000
55656  2.785  6.933  62.656 0.0000000000
54849  3.531  6.187  62.837 0.0000000000
55655  3.936  6.921  62.338 0.0000000000
96833  5.462  9.488  61.445 0.0000000000
68703  2.190  25.901  59.856 0.0000000000
69230  2.392  26.281  58.653 0.0000000000
69222  2.990  26.243  59.233 0.0000000000
67539  35.468  24.021  51.745 0.0000000000
104173  44.767  21.215  45.051 0.0000000000
66225  45.513  21.838  45.015 0.0000000000
101676  11.837  18.522  66.374 0.0000000000
64018  11.251  17.886  66.418 0.0000000000
107146  11.195  15.259  63.718 0.0000000000
62852  11.539  16.637  63.355 0.0000000000
100557  11.676  17.876  62.826 0.0000000000
99441  11.496  17.433  61.441 0.0000000000
64036  11.667  18.879  60.852 0.0000000000
58753  11.832  10.854  62.992 0.0000000000
60908  11.338  12.964  61.716 0.0000000000
106093  11.478  13.435  61.312 0.0000000000
59512  12.181  11.803  60.057 0.0000000000
61588  11.610  15.019  59.986 0.0000000000
92258  11.368  14.800  60.763 0.0000000000
62862  11.284  16.742  59.331 0.0000000000
64652  11.786  18.801  57.986 0.0000000000
64054  12.179  19.018  57.236 0.0000000000
62881  12.907  17.024  56.899 0.0000000000
63470  12.644  17.777  56.789 0.0000000000
64674  13.326  20.023  55.319 0.0000000000
64084  15.038  18.941  54.898 0.0000000000
56325  12.371  8.484  78.194 0.0000000000
88500  14.354  7.934  77.472 0.0000000000
88499  13.951  6.945  77.144 0.0000000000
55489  11.828  6.382  75.762 0.0000000000
54718  12.860  5.807  73.970 0.0000000000
55508  12.418  6.214  73.404 0.0000000000
55522  11.999  6.717  72.800 0.0000000000
56363  16.386  7.669  73.779 0.0000000000
56364  15.872  7.688  74.068 0.0000000000
55506  14.712  6.426  73.660 0.0000000000
54731  14.594  6.319  72.707 0.0000000000
55543  14.117  7.474  69.613 0.0000000000
57160  12.660  8.636  70.120 0.0000000000
58722  11.068  10.341  66.630 0.0000000000
59480  11.370  11.710  66.119 0.0000000000
97145  11.788  12.991  66.079 0.0000000000
61552  11.764  14.474  66.303 0.0000000000
62842  11.187  16.459  66.600 0.0000000000
53960  22.911  4.209  76.435 0.0000000000
53961  22.106  4.521  76.553 0.0000000000
94615  20.212  4.683  76.608 0.0000000000
88443  19.585  4.677  76.754 0.0000000000
88455  19.350  7.099  77.683 0.0000000000
92909  20.085  6.268  77.585 0.0000000000
88451  19.452  5.979  78.110 0.0000000000
53136  16.257  4.095  78.563 0.0000000000
88728  26.500  12.244  64.479 0.0000000000
90799  26.969  13.328  65.538 0.0000000000
88719  26.900  11.051  67.712 0.0000000000
90990  27.402  11.683  66.526 0.0000000000
57164  25.821  9.843  68.807 0.0000000000
90606  29.882  6.523  68.889 0.0000000000
88701  30.640  5.493  69.293 0.0000000000
88703  31.588  5.422  70.593 0.0000000000
100717  25.666  6.096  69.477 0.0000000000
54733  27.527  5.344  71.554 0.0000000000
90324  28.487  4.816  72.253 0.0000000000
55513  28.159  5.389  73.056 0.0000000000
64672  16.991  19.149  54.776 0.0000000000
62891  16.503  16.982  55.921 0.0000000000
62890  17.459  17.045  56.319 0.0000000000
62250  14.871  15.048  56.780 0.0000000000
102436  15.491  15.942  56.552 0.0000000000
104219  15.427  14.891  57.163 0.0000000000
62249  16.265  15.088  57.453 0.0000000000
62248  17.213  15.312  57.628 0.0000000000
60263  17.176  12.389  59.443 0.0000000000
58022  15.599  9.267  58.026 0.0000000000
58020  16.875  9.773  58.149 0.0000000000
57254  17.310  9.351  58.792 0.0000000000
56452  19.484  7.588  62.490 0.0000000000
56467  18.229  7.593  61.029 0.0000000000
57235  18.431  8.366  61.592 0.0000000000
57994  17.654  9.453  60.919 0.0000000000
58775  17.211  10.206  59.543 0.0000000000
59520  16.916  11.551  59.276 0.0000000000
59509  17.666  11.239  60.521 0.0000000000
60256  17.720  11.977  60.256 0.0000000000
59519  17.979  11.775  60.497 0.0000000000
90162  18.414  11.568  60.624 0.0000000000
91146  18.819  11.325  63.349 0.0000000000
90517  18.125  12.466  63.738 0.0000000000
57206  20.864  9.176  65.062 0.0000000000
88822  20.190  9.921  65.275 0.0000000000
88801  20.582  10.286  65.251 0.0000000000
88811  19.711  11.348  65.269 0.0000000000
88793  21.678  10.502  64.938 0.0000000000
88754  23.764  10.872  64.469 0.0000000000
71082  1.441  30.915  66.532 0.0000000000
96437  0.896  31.007  65.799 0.0000000000
94618  0.704  31.771  66.017 0.0000000000
72960  -0.079  34.651  63.765 0.0000000000
74457  -1.630  37.369  67.359 0.0000000000
74461  -0.099  37.644  66.111 0.0000000000
74462  -1.251  37.953  66.708 0.0000000000
74470  -0.497  36.909  63.833 0.0000000000
58724  8.048  10.652  67.061 0.0000000000
57953  7.828  9.887  67.021 0.0000000000
59473  7.474  11.211  67.009 0.0000000000
59465  6.072  11.626  67.301 0.0000000000
59475  5.473  11.184  66.808 0.0000000000
96326  2.548  14.273  70.547 0.0000000000
60210  0.925  13.320  70.459 0.0000000000
60872  1.524  14.148  70.477 0.0000000000
107742  4.492  18.342  72.570 0.0000000000
89208  3.898  16.334  73.799 0.0000000000
106613  2.935  17.252  73.337 0.0000000000
63418  3.478  17.369  71.356 0.0000000000
62813  1.467  16.120  72.736 0.0000000000
62823  2.537  16.364  71.992 0.0000000000
62822  3.967  16.309  71.254 0.0000000000
64601  5.068  19.040  70.338 0.0000000000
64004  5.463  18.677  69.538 0.0000000000
98688  5.392  17.775  69.412 0.0000000000
97033  4.779  16.365  69.368 0.0000000000
62202  3.011  16.115  69.325 0.0000000000
62206  2.106  15.749  68.594 0.0000000000
61547  1.523  15.175  69.217 0.0000000000
61551  1.254  15.215  68.017 0.0000000000
61550  1.989  15.765  67.271 0.0000000000
62210  3.804  16.220  66.206 0.0000000000
62215  3.283  15.672  65.944 0.0000000000
62214  4.247  15.866  65.481 0.0000000000
64012  7.274  18.719  66.957 0.0000000000
62847  5.911  17.061  65.453 0.0000000000
62851  5.660  16.451  64.742 0.0000000000
62217  6.060  16.211  63.950 0.0000000000
62853  6.269  16.836  63.339 0.0000000000
64033  6.833  18.252  63.178 0.0000000000
64623  7.238  19.615  63.170 0.0000000000
66047  6.889  21.073  63.271 0.0000000000
66751  6.080  22.297  64.974 0.0000000000
66762  5.991  22.863  64.216 0.0000000000
96767  6.318  22.232  64.208 0.0000000000
66772  6.383  22.604  63.424 0.0000000000
66785  6.628  22.526  62.590 0.0000000000
68064  4.343  24.460  63.050 0.0000000000
94745  3.418  24.700  62.527 0.0000000000
66724  0.370  22.846  68.313 0.0000000000
67398  -0.823  23.791  67.587 0.0000000000
67397  -0.152  23.300  67.774 0.0000000000
67409  -0.292  23.499  66.929 0.0000000000
68631  -1.002  24.823  68.040 0.0000000000
68637  -0.927  24.576  67.147 0.0000000000
67455  -1.090  23.657  63.922 0.0000000000
67439  -1.044  23.568  64.650 0.0000000000
67438  0.665  23.368  64.490 0.0000000000
67453  0.688  23.426  63.434 0.0000000000
68076  0.208  24.133  62.130 0.0000000000
67464  0.972  23.771  62.603 0.0000000000
68087  1.243  24.538  61.876 0.0000000000
68680  1.939  25.389  61.270 0.0000000000
68683  -0.399  25.263  61.458 0.0000000000
68694  -0.306  25.634  60.485 0.0000000000
69708  0.347  27.178  63.134 0.0000000000
69205  -0.329  26.271  62.285 0.0000000000
69714  0.120  27.178  62.074 0.0000000000
69718  0.596  27.853  60.895 0.0000000000
69719  -0.047  27.119  61.196 0.0000000000
70178  0.281  27.880  60.102 0.0000000000
109165  -0.264  27.360  59.703 0.0000000000
62967  26.131  17.064  49.745 0.0000000000
63531  26.749  17.669  49.332 0.0000000000
62966  27.533  17.215  49.054 0.0000000000
62964  29.497  16.146  48.750 0.0000000000
62976  29.064  17.097  48.449 0.0000000000
62975  30.160  16.858  48.310 0.0000000000
63537  30.591  17.604  48.399 0.0000000000
62974  31.043  16.843  48.521 0.0000000000
62294  31.646  15.277  52.282 0.0000000000
61674  31.418  14.866  50.968 0.0000000000
62306  32.299  15.866  51.183 0.0000000000
62948  33.567  17.094  50.805 0.0000000000
62949  32.629  16.789  50.236 0.0000000000
63528  32.469  17.409  49.969 0.0000000000
64118  32.794  18.269  50.209 0.0000000000
63519  35.842  17.993  50.793 0.0000000000
64116  34.783  18.572  50.339 0.0000000000
64115  35.549  18.558  50.624 0.0000000000
64742  35.766  19.282  51.019 0.0000000000
61594  33.221  14.836  58.595 0.0000000000
61608  33.152  15.135  57.849 0.0000000000
62237  33.721  15.286  58.050 0.0000000000
88872  35.011  16.349  57.235 0.0000000000
88883  33.987  17.108  56.056 0.0000000000
88835  36.406  17.122  59.791 0.0000000000
95550  36.360  16.401  57.935 0.0000000000
88868  36.534  17.482  58.247 0.0000000000
63475  36.952  17.834  55.536 0.0000000000
98407  36.655  17.583  56.186 0.0000000000
63486  35.527  18.030  54.655 0.0000000000
63497  36.085  18.267  53.948 0.0000000000
64094  35.976  18.022  53.071 0.0000000000
104605  36.684  18.341  53.143 0.0000000000
64706  37.815  19.095  52.055 0.0000000000
95715  37.176  18.707  52.502 0.0000000000
64725  37.314  19.612  51.728 0.0000000000
65395  37.805  20.669  51.400 0.0000000000
109652  39.327  21.368  52.528 0.0000000000
66862  38.350  22.528  51.934 0.0000000000
66855  38.863  22.764  52.659 0.0000000000
65363  39.465  20.253  55.253 0.0000000000
106651  39.434  20.295  54.463 0.0000000000
105658  45.122  19.346  52.075 0.0000000000
90747  43.476  17.338  54.442 0.0000000000
100667  44.045  17.483  54.277 0.0000000000
89057  43.991  17.041  54.222 0.0000000000
90301  43.818  16.592  52.476 0.0000000000
89061  44.548  16.590  52.907 0.0000000000
108643  44.978  16.619  52.460 0.0000000000
62960  42.350  16.361  49.903 0.0000000000
89072  42.286  15.377  49.202 0.0000000000
100035  38.323  14.719  54.004 0.0000000000
62304  38.504  15.439  51.812 0.0000000000
93692  39.528  15.643  50.645 0.0000000000
62337  39.523  15.914  49.175 0.0000000000
62336  40.538  15.182  48.914 0.0000000000
68301  51.837  26.546  35.526 0.0000000000
68868  51.771  25.770  37.037 0.0000000000
68279  51.976  25.114  37.772 0.0000000000
92152  3.709  27.462  69.465 0.0000000000
56344  4.351  8.187  75.084 0.0000000000
57142  3.965  8.577  74.214 0.0000000000
57147  3.498  8.958  72.889 0.0000000000
57152  3.469  8.661  72.458 0.0000000000
107840  11.779  8.662  80.103 0.0000000000
94203  11.144  9.206  78.359 0.0000000000
57904  10.845  10.454  78.876 0.0000000000
88467  10.353  7.128  77.031 0.0000000000
108098  9.996  7.309  76.742 0.0000000000
57117  10.065  10.065  77.495 0.0000000000
104393  9.290  10.161  77.332 0.0000000000
90426  10.393  11.111  74.753 0.0000000000
88479  8.572  12.155  74.459 0.0000000000
88489  8.649  11.490  74.521 0.0000000000
91242  8.540  8.460  74.454 0.0000000000
88434  7.120  9.145  74.573 0.0000000000
56366  7.272  8.588  74.205 0.0000000000
57944  8.461  9.631  69.123 0.0000000000
62808  8.519  16.477  71.810 0.0000000000
62174  12.769  13.637  72.785 0.0000000000
63996  9.157  18.839  70.935 0.0000000000
63987  9.160  18.168  71.280 0.0000000000
99670  6.587  19.703  71.379 0.0000000000
96752  5.696  22.676  69.900 0.0000000000
67380  5.486  23.290  69.522 0.0000000000
67389  5.218  23.964  68.964 0.0000000000
68624  3.776  25.381  69.246 0.0000000000
90982  4.038  26.203  70.517 0.0000000000
90596  4.706  25.945  71.653 0.0000000000
88726  27.935  10.730  65.463 0.0000000000
56405  28.440  8.015  65.911 0.0000000000
54780  32.485  5.706  66.163 0.0000000000
64671  17.739  19.680  54.959 0.0000000000
91313  18.078  18.947  56.583 0.0000000000
88916  17.386  16.431  58.893 0.0000000000
91275  16.123  16.784  61.394 0.0000000000
88897  18.951  17.700  61.032 0.0000000000
88902  19.325  14.021  57.884 0.0000000000
88910  19.267  14.581  57.673 0.0000000000
94058  19.489  15.691  58.713 0.0000000000
88879  19.309  15.162  59.819 0.0000000000
88894  20.381  15.878  59.597 0.0000000000
88889  19.748  15.457  60.716 0.0000000000
88904  20.983  16.549  58.980 0.0000000000
91511  19.966  18.221  55.727 0.0000000000
62900  20.789  16.587  54.036 0.0000000000
62928  21.598  17.269  52.707 0.0000000000
63499  20.966  17.711  53.060 0.0000000000
63500  20.727  18.477  53.182 0.0000000000
62938  23.467  16.984  51.468 0.0000000000
63515  23.588  17.967  51.100 0.0000000000
63523  24.801  18.060  50.155 0.0000000000
62953  24.729  17.100  50.536 0.0000000000
62308  26.213  15.007  50.883 0.0000000000
62328  25.855  15.721  50.507 0.0000000000
61679  27.019  14.714  50.621 0.0000000000
61664  27.431  14.156  51.168 0.0000000000
61018  25.847  13.723  52.785 0.0000000000
93796  28.250  12.663  53.858 0.0000000000
60997  27.892  13.003  53.127 0.0000000000
97095  28.873  12.928  53.163 0.0000000000
61014  29.746  13.241  52.885 0.0000000000
60996  29.544  13.149  53.726 0.0000000000
61609  29.945  13.952  57.017 0.0000000000
104538  29.803  14.244  55.638 0.0000000000
60957  30.979  13.834  56.921 0.0000000000
60941  30.698  13.404  57.962 0.0000000000
90334  24.116  12.526  57.749 0.0000000000
60276  25.449  13.817  57.709 0.0000000000
60944  27.004  14.285  57.811 0.0000000000
88806  26.257  14.326  60.619 0.0000000000
61587  26.596  14.478  60.457 0.0000000000
61610  27.408  14.397  58.470 0.0000000000
60924  28.408  14.124  59.483 0.0000000000
60943  28.526  14.142  58.065 0.0000000000
88789  29.118  15.392  62.351 0.0000000000
91414  29.752  15.045  60.526 0.0000000000
88807  30.159  15.096  60.774 0.0000000000
90670  30.785  14.766  60.189 0.0000000000
88780  30.637  12.799  63.484 0.0000000000
88781  31.479  13.568  63.142 0.0000000000
59490  31.646  11.610  62.832 0.0000000000
88797  29.274  11.463  61.105 0.0000000000
90932  29.402  11.790  62.446 0.0000000000
108076  30.640  9.948  59.932 0.0000000000
90529  31.118  10.934  60.556 0.0000000000
58765  32.219  10.721  61.025 0.0000000000
58000  31.602  10.389  59.918 0.0000000000
58009  31.888  9.764  59.472 0.0000000000
103555  30.995  9.088  59.010 0.0000000000
69660  3.707  28.177  70.402 0.0000000000
70116  2.940  28.553  70.932 0.0000000000
71059  4.122  30.445  69.562 0.0000000000
73470  2.577  35.734  66.621 0.0000000000
71937  3.515  32.885  67.737 0.0000000000
72428  2.417  33.986  66.887 0.0000000000
92575  2.572  35.635  67.420 0.0000000000
57184  6.454  9.015  66.980 0.0000000000
56401  5.711  7.517  67.387 0.0000000000
109102  3.840  9.192  66.120 0.0000000000
57956  4.219  9.640  66.397 0.0000000000
55595  4.852  6.646  66.144 0.0000000000
59470  -0.673  9.771  68.393 0.0000000000
59479  -1.050  10.246  67.271 0.0000000000
57190  -0.538  8.329  66.543 0.0000000000
57189  0.646  7.871  67.100 0.0000000000
55619  -0.562  6.828  63.957 0.0000000000
54827  1.195  5.721  64.394 0.0000000000
108228  6.374  17.920  61.948 0.0000000000
64633  6.795  19.023  61.253 0.0000000000
63444  6.129  17.869  61.244 0.0000000000
109567  7.157  20.852  61.168 0.0000000000
100119  5.846  18.468  59.905 0.0000000000
63451  5.139  17.784  58.944 0.0000000000
64046  5.837  18.545  58.315 0.0000000000
64056  6.050  18.445  57.482 0.0000000000
99989  4.734  26.066  59.564 0.0000000000
68688  5.367  25.711  59.999 0.0000000000
67502  7.043  24.065  58.809 0.0000000000
67496  7.323  23.386  59.092 0.0000000000
66827  7.603  22.345  57.312 0.0000000000
66821  7.536  22.346  58.227 0.0000000000
64120  26.662  19.633  49.607 0.0000000000
89237  27.456  19.781  49.908 0.0000000000
65412  27.670  19.845  50.930 0.0000000000
65411  31.078  20.585  50.307 0.0000000000
103068  30.106  20.207  50.619 0.0000000000
89235  29.621  20.925  50.655 0.0000000000
93533  33.757  23.812  52.151 0.0000000000
67541  33.070  23.093  52.414 0.0000000000
68146  33.171  24.456  51.762 0.0000000000
68839  48.582  26.575  41.361 0.0000000000
68844  49.036  27.003  40.717 0.0000000000
107988  50.383  26.401  39.475 0.0000000000
67645  51.284  24.360  40.306 0.0000000000
68250  51.148  25.447  39.485 0.0000000000
67652  52.229  23.497  39.136 0.0000000000
66173  43.065  21.472  49.267 0.0000000000
65422  43.648  21.024  48.923 0.0000000000
64123  46.001  18.006  49.169 0.0000000000
64756  45.692  18.836  49.216 0.0000000000
105908  45.220  20.466  47.415 0.0000000000
65464  45.723  20.427  46.900 0.0000000000
66212  45.440  20.832  46.280 0.0000000000
65473  46.876  20.776  46.020 0.0000000000
66215  47.270  21.150  45.779 0.0000000000
98310  45.264  17.093  45.514 0.0000000000
64188  46.433  18.761  43.571 0.0000000000
63554  46.516  17.969  45.201 0.0000000000
64174  47.366  19.025  45.049 0.0000000000
65493  47.930  20.545  44.325 0.0000000000
66223  47.749  21.612  45.508 0.0000000000
66236  48.429  21.589  45.794 0.0000000000
66235  48.803  21.308  44.932 0.0000000000
66938  50.126  21.589  44.113 0.0000000000
66950  50.208  22.160  42.897 0.0000000000
64837  48.342  19.790  41.367 0.0000000000
105253  49.377  21.789  40.983 0.0000000000
66985  51.340  22.591  41.416 0.0000000000
66286  52.282  20.604  40.530 0.0000000000
65517  52.643  20.621  40.000 0.0000000000
66303  53.198  21.169  39.178 0.0000000000
54787  17.089  5.634  66.873 0.0000000000
54754  19.080  6.083  69.921 0.0000000000
55539  18.373  6.375  69.582 0.0000000000
54785  18.574  5.842  66.739 0.0000000000
68000  1.885  24.253  74.363 0.0000000000
68008  1.348  24.900  73.780 0.0000000000
105951  2.104  26.771  72.500 0.0000000000
69653  2.296  27.840  71.768 0.0000000000
68012  5.801  24.921  72.159 0.0000000000
67372  6.480  24.022  72.967 0.0000000000
67365  5.583  24.028  73.713 0.0000000000
66689  5.016  23.047  74.800 0.0000000000
106903  3.895  22.222  75.573 0.0000000000
65967  3.271  21.653  76.018 0.0000000000
66682  3.297  22.627  75.363 0.0000000000
66691  2.670  23.117  75.094 0.0000000000
64610  14.904  19.743  66.361 0.0000000000
105078  14.757  20.077  65.957 0.0000000000
109254  11.439  17.103  67.196 0.0000000000
63426  11.755  16.733  67.570 0.0000000000
88741  24.229  10.791  63.781 0.0000000000
61563  5.211  14.437  63.625 0.0000000000
61564  4.490  14.120  62.988 0.0000000000
60904  4.433  13.806  62.408 0.0000000000
66177  39.517  21.599  49.962 0.0000000000
65436  42.297  20.896  48.034 0.0000000000
65435  42.817  21.210  47.954 0.0000000000
94945  53.591  22.617  35.824 0.0000000000
58025  12.399  9.950  58.761 0.0000000000
104702  11.647  11.153  58.786 0.0000000000
59542  12.493  12.076  57.647 0.0000000000
109172  12.527  13.148  57.687 0.0000000000
88504  15.875  8.599  77.249 0.0000000000
88505  15.968  7.874  76.654 0.0000000000
108580  15.422  7.540  75.198 0.0000000000
57182  12.412  7.949  66.174 0.0000000000
58732  11.236  10.490  65.261 0.0000000000
57130  18.558  9.034  76.913 0.0000000000
88487  17.501  8.840  77.399 0.0000000000
88486  16.955  8.700  77.723 0.0000000000
56398  24.808  8.579  68.058 0.0000000000
104206  25.336  8.315  68.241 0.0000000000
55545  26.124  7.009  69.059 0.0000000000
88613  23.139  3.257  74.190 0.0000000000
60966  14.204  13.104  56.393 0.0000000000
60296  13.975  12.462  56.557 0.0000000000
58815  15.185  11.122  56.620 0.0000000000
100509  0.560  30.885  64.972 0.0000000000
72418  -2.240  32.952  71.466 0.0000000000
72932  -2.994  34.104  69.913 0.0000000000
90794  -2.679  33.584  71.003 0.0000000000
103499  -3.007  34.511  70.724 0.0000000000
62178  7.032  15.439  72.024 0.0000000000
62168  6.070  15.089  72.786 0.0000000000
62169  4.496  14.406  73.427 0.0000000000
66002  3.107  21.537  68.621 0.0000000000
66021  4.779  21.819  66.908 0.0000000000
66741  4.459  22.261  66.511 0.0000000000
66731  3.282  22.369  66.900 0.0000000000
69667  0.502  27.237  69.123 0.0000000000
99858  1.500  27.231  66.972 0.0000000000
69695  1.634  27.545  66.032 0.0000000000
88903  31.321  14.354  56.059 0.0000000000
88908  33.075  14.591  56.523 0.0000000000
101597  38.962  15.001  57.965 0.0000000000
62242  39.434  14.916  59.793 0.0000000000
62869  39.852  15.707  58.607 0.0000000000
62868  40.371  16.581  57.614 0.0000000000
63457  40.305  17.516  57.802 0.0000000000
62885  41.380  16.847  55.758 0.0000000000
64631  11.402  19.864  61.942 0.0000000000
106495  6.005  10.439  77.039 0.0000000000
57916  5.457  10.342  77.511 0.0000000000
58704  5.274  10.497  76.392 0.0000000000
90829  18.156  13.777  59.290 0.0000000000
109974  21.773  12.598  57.344 0.0000000000
60975  22.248  13.731  55.740 0.0000000000
61627  21.928  14.358  55.229 0.0000000000
60986  23.578  13.722  54.836 0.0000000000
60985  24.347  13.475  54.544 0.0000000000
60973  24.086  13.181  55.320 0.0000000000
103075  28.080  10.504  59.917 0.0000000000
106529  1.171  10.734  69.958 0.0000000000
58720  -0.309  9.191  68.805 0.0000000000
68099  5.983  25.200  60.569 0.0000000000
100959  34.057  20.603  50.698 0.0000000000
66166  33.340  21.347  50.959 0.0000000000
99090  32.743  21.881  52.850 0.0000000000
67602  43.709  24.986  44.378 0.0000000000
67601  45.131  23.878  44.298 0.0000000000
67610  45.698  24.347  43.793 0.0000000000
68214  47.569  24.421  43.685 0.0000000000
67609  47.067  23.741  44.121 0.0000000000
108831  43.336  16.356  49.424 0.0000000000
62973  43.284  16.088  48.832 0.0000000000
56421  13.833  7.840  65.009 0.0000000000
56435  14.240  8.183  64.077 0.0000000000
55633  15.370  6.578  63.446 0.0000000000
56469  13.466  7.262  61.021 0.0000000000
54761  16.622  6.727  68.624 0.0000000000
54774  15.211  5.573  67.999 0.0000000000
55557  14.091  6.347  67.042 0.0000000000
88640  23.235  6.262  74.926 0.0000000000
54692  23.574  5.859  75.489 0.0000000000
55494  23.389  6.916  74.738 0.0000000000
56348  23.059  7.543  74.754 0.0000000000
55516  20.196  7.405  72.268 0.0000000000
56369  20.318  7.403  72.697 0.0000000000
56351  19.638  7.936  75.264 0.0000000000
88661  22.222  6.191  67.163 0.0000000000
90907  23.246  5.142  69.522 0.0000000000
54713  23.222  5.822  72.944 0.0000000000
54870  15.663  6.195  60.722 0.0000000000
54857  16.774  5.340  61.334 0.0000000000
91409  19.534  5.684  65.561 0.0000000000
88674  20.024  5.842  66.142 0.0000000000
91020  20.547  5.668  65.466 0.0000000000
54805  21.271  5.746  65.233 0.0000000000
94597  -1.869  27.284  71.592 0.0000000000
69659  -1.144  28.175  71.099 0.0000000000
69656  -0.992  28.046  71.607 0.0000000000
70561  0.367  29.737  70.620 0.0000000000
71057  1.564  30.132  70.561 0.0000000000
71933  1.572  32.069  67.950 0.0000000000
73471  1.844  36.217  66.189 0.0000000000
73467  1.179  36.208  67.300 0.0000000000
73973  1.883  36.277  66.677 0.0000000000
72936  1.125  34.359  69.080 0.0000000000
96537  5.541  21.368  70.643 0.0000000000
89671  6.078  21.149  73.044 0.0000000000
103510  5.453  22.295  72.023 0.0000000000
89224  4.429  21.464  72.583 0.0000000000
103471  3.880  22.276  72.001 0.0000000000
90683  3.239  23.405  70.737 0.0000000000
67378  2.904  23.070  71.503 0.0000000000
67379  2.085  23.807  71.464 0.0000000000
67375  1.452  23.337  72.221 0.0000000000
66705  0.641  22.686  72.914 0.0000000000
66686  -1.442  21.479  75.610 0.0000000000
65971  -1.616  20.907  75.619 0.0000000000
109459  -1.907  21.684  75.412 0.0000000000
67363  -2.264  22.768  74.483 0.0000000000
109703  -2.548  24.488  73.116 0.0000000000
68612  -3.380  26.670  71.969 0.0000000000
60249  33.100  12.609  62.394 0.0000000000
60905  33.627  13.151  61.811 0.0000000000
60248  33.935  11.975  62.197 0.0000000000
60247  34.699  11.407  61.678 0.0000000000
60253  35.983  11.522  60.402 0.0000000000
57887  8.160  9.398  80.616 0.0000000000
57896  7.529  9.884  80.461 0.0000000000
58699  7.918  12.438  78.612 0.0000000000
57907  8.288  11.367  77.790 0.0000000000
105751  12.316  10.387  68.464 0.0000000000
91207  15.057  12.987  71.470 0.0000000000
62172  15.186  13.554  71.593 0.0000000000
62814  15.236  15.547  70.387 0.0000000000
64602  14.356  19.273  68.073 0.0000000000
102952  24.400  9.640  60.650 0.0000000000
90167  25.791  8.464  61.673 0.0000000000
56450  26.902  7.741  62.204 0.0000000000
55643  27.996  6.811  62.275 0.0000000000
88833  19.501  11.285  61.408 0.0000000000
102670  20.321  12.626  62.125 0.0000000000
90979  22.876  12.712  62.189 0.0000000000
90714  22.445  12.086  59.976 0.0000000000
90353  23.124  12.501  59.473 0.0000000000
60887  1.724  14.630  66.205 0.0000000000
60893  1.277  13.791  65.819 0.0000000000
60237  1.657  12.230  64.860 0.0000000000
57229  2.150  8.838  62.460 0.0000000000
95910  6.093  11.097  61.308 0.0000000000
62874  5.266  16.421  58.178 0.0000000000
100810  1.001  26.349  58.389 0.0000000000
108490  11.260  16.866  66.202 0.0000000000
62849  11.519  16.795  64.954 0.0000000000
62854  11.434  16.729  61.830 0.0000000000
109600  11.289  16.872  61.022 0.0000000000
59497  12.295  10.947  62.183 0.0000000000
63461  11.647  17.541  58.101 0.0000000000
64074  14.560  18.395  55.297 0.0000000000
64073  15.513  18.309  55.122 0.0000000000
56305  12.749  7.695  80.143 0.0000000000
56315  13.034  8.616  79.473 0.0000000000
56343  13.770  7.219  75.603 0.0000000000
54714  15.906  6.406  72.900 0.0000000000
107278  11.535  15.142  66.456 0.0000000000
93500  11.666  14.944  65.755 0.0000000000
54689  21.545  5.079  76.990 0.0000000000
88454  20.525  5.317  77.298 0.0000000000
93055  18.373  5.537  78.470 0.0000000000
88446  18.267  4.920  78.323 0.0000000000
53133  16.119  4.068  79.292 0.0000000000
109667  15.150  7.569  79.022 0.0000000000
55472  15.028  6.933  79.353 0.0000000000
55465  13.985  6.346  80.053 0.0000000000
88729  24.951  13.963  65.548 0.0000000000
91231  25.514  13.297  66.802 0.0000000000
88740  26.077  12.166  67.645 0.0000000000
109349  27.990  7.272  69.316 0.0000000000
56391  27.646  7.937  68.909 0.0000000000
92337  31.773  5.963  70.966 0.0000000000
88702  32.075  6.128  70.760 0.0000000000
53977  31.443  4.411  72.031 0.0000000000
54734  26.930  5.168  71.642 0.0000000000
60948  15.270  13.526  57.187 0.0000000000
56474  17.189  7.478  59.627 0.0000000000
57245  16.718  8.016  59.199 0.0000000000
57244  17.471  7.984  59.527 0.0000000000
57225  19.902  8.371  62.424 0.0000000000
96320  18.755  8.884  61.782 0.0000000000
58761  17.780  9.947  61.243 0.0000000000
58766  18.742  10.624  61.450 0.0000000000
91068  19.821  10.496  62.244 0.0000000000
57963  22.600  9.262  65.484 0.0000000000
88772  23.290  9.627  65.386 0.0000000000
104999  0.749  33.356  62.533 0.0000000000
71954  0.465  32.454  65.823 0.0000000000
71955  0.303  33.051  65.262 0.0000000000
73476  -0.098  35.668  64.724 0.0000000000
59463  7.584  11.726  67.765 0.0000000000
61545  6.172  14.768  69.541 0.0000000000
61546  5.513  14.311  69.819 0.0000000000
60879  4.089  13.545  70.322 0.0000000000
60871  3.587  14.359  70.603 0.0000000000
89205  2.469  17.357  72.741 0.0000000000
63998  3.986  18.275  71.493 0.0000000000
109117  3.248  17.691  71.797 0.0000000000
101909  4.382  18.175  70.754 0.0000000000
64606  5.895  19.403  68.826 0.0000000000
62836  4.198  16.440  68.579 0.0000000000
62841  4.817  16.607  67.953 0.0000000000
62204  3.780  16.376  67.467 0.0000000000
64020  6.873  18.077  65.740 0.0000000000
63439  6.579  17.563  64.391 0.0000000000
65295  6.839  20.997  64.130 0.0000000000
67434  5.080  23.362  64.910 0.0000000000
67433  5.473  23.430  64.231 0.0000000000
67450  4.313  23.913  63.839 0.0000000000
68027  -0.096  23.739  69.524 0.0000000000
67390  -0.396  23.334  68.448 0.0000000000
68028  -0.904  24.130  69.056 0.0000000000
108634  -0.954  24.198  67.105 0.0000000000
68636  -0.347  25.177  66.558 0.0000000000
68645  -0.982  24.362  66.099 0.0000000000
68655  -1.244  24.347  64.975 0.0000000000
67466  -0.897  23.660  63.344 0.0000000000
68089  -0.159  24.559  61.811 0.0000000000
69212  -0.541  25.890  61.196 0.0000000000
70177  1.016  28.633  60.617 0.0000000000
62343  27.998  15.597  49.341 0.0000000000
102451  27.676  16.335  49.119 0.0000000000
62342  28.921  15.536  49.271 0.0000000000
62341  29.748  15.479  49.233 0.0000000000
62913  32.902  16.060  53.063 0.0000000000
62925  32.739  16.239  51.988 0.0000000000
62935  33.791  16.618  51.509 0.0000000000
62947  34.374  17.079  50.996 0.0000000000
63520  34.380  17.688  50.565 0.0000000000
102015  35.101  17.340  50.895 0.0000000000
105206  35.663  17.653  50.914 0.0000000000
63513  36.090  17.886  51.340 0.0000000000
88880  34.149  15.684  57.615 0.0000000000
62236  34.729  15.064  58.266 0.0000000000
62245  35.086  15.567  57.850 0.0000000000
88867  35.885  16.700  57.065 0.0000000000
97505  37.135  18.998  58.106 0.0000000000
63465  36.884  18.411  57.658 0.0000000000
100880  37.361  19.098  57.135 0.0000000000
63484  37.319  18.030  54.959 0.0000000000
64093  37.250  18.199  54.046 0.0000000000
64101  38.189  18.673  52.676 0.0000000000
64705  38.656  19.230  52.181 0.0000000000
65394  38.657  20.452  51.507 0.0000000000
64723  39.143  19.971  51.745 0.0000000000
64722  39.410  20.636  52.469 0.0000000000
65381  39.524  20.568  53.485 0.0000000000
62906  42.388  16.837  53.550 0.0000000000
103941  43.093  16.695  52.960 0.0000000000
91897  43.685  16.736  51.557 0.0000000000
62317  40.899  15.430  50.216 0.0000000000
64615  12.245  20.098  65.455 0.0000000000
88417  5.028  9.244  71.894 0.0000000000
57115  11.928  9.148  78.682 0.0000000000
57122  10.516  8.503  77.729 0.0000000000
88378  9.672  7.995  76.273 0.0000000000
90048  8.500  8.614  73.370 0.0000000000
57928  7.722  9.331  72.104 0.0000000000
59453  8.896  10.857  70.016 0.0000000000
58715  8.549  10.874  68.590 0.0000000000
60212  8.164  12.404  68.866 0.0000000000
62186  8.483  15.743  70.920 0.0000000000
62817  12.349  16.498  71.135 0.0000000000
64592  8.769  19.417  70.881 0.0000000000
66711  6.314  22.932  69.394 0.0000000000
68035  5.286  24.945  67.868 0.0000000000
68622  4.439  25.335  68.146 0.0000000000
90877  29.007  8.493  66.382 0.0000000000
56414  30.740  7.624  65.860 0.0000000000
90155  18.169  17.935  56.842 0.0000000000
102669  19.201  12.870  58.913 0.0000000000
90420  18.965  14.341  58.211 0.0000000000
102982  19.256  15.244  57.345 0.0000000000
90004  19.082  16.043  57.994 0.0000000000
94999  20.395  16.262  58.760 0.0000000000
88918  19.426  17.923  55.668 0.0000000000
62287  21.534  15.983  53.662 0.0000000000
62914  21.910  16.338  52.996 0.0000000000
63505  22.053  17.876  52.070 0.0000000000
62939  22.728  17.159  51.855 0.0000000000
62937  24.260  16.466  51.139 0.0000000000
62329  25.042  16.097  50.807 0.0000000000
61666  25.800  14.655  51.593 0.0000000000
60323  26.698  12.843  53.742 0.0000000000
97947  28.510  12.703  54.602 0.0000000000
91036  29.269  13.213  54.566 0.0000000000
88809  29.321  14.052  56.303 0.0000000000
60942  29.544  13.718  57.953 0.0000000000
88790  26.536  15.794  61.970 0.0000000000
62230  27.868  16.129  61.477 0.0000000000
91177  27.699  15.675  62.875 0.0000000000
88783  30.335  14.700  62.664 0.0000000000
88782  29.401  13.893  64.149 0.0000000000
88770  29.268  12.937  64.324 0.0000000000
88758  28.955  12.503  64.209 0.0000000000
70125  3.992  29.107  69.904 0.0000000000
57955  5.949  9.729  66.582 0.0000000000
57187  3.436  8.599  66.139 0.0000000000
57198  4.014  7.729  66.040 0.0000000000
59484  -0.908  10.703  65.944 0.0000000000
58730  -1.220  9.592  66.643 0.0000000000
57967  -1.323  8.915  65.896 0.0000000000
64032  7.066  18.979  61.912 0.0000000000
66806  7.427  22.133  60.251 0.0000000000
65314  7.257  20.698  60.540 0.0000000000
64647  7.214  19.617  58.549 0.0000000000
68701  5.423  25.822  59.067 0.0000000000
89229  28.688  19.066  48.632 0.0000000000
89236  28.092  19.663  49.569 0.0000000000
91145  28.747  19.447  49.263 0.0000000000
89231  28.852  19.727  50.272 0.0000000000
91155  28.802  20.000  50.698 0.0000000000
89243  30.118  21.989  50.306 0.0000000000
68829  48.910  26.458  42.293 0.0000000000
69322  49.118  26.638  42.087 0.0000000000
68843  49.573  26.640  40.826 0.0000000000
67654  51.566  22.884  40.581 0.0000000000
65405  44.561  20.198  50.635 0.0000000000
64764  45.168  19.882  49.161 0.0000000000
63535  46.332  17.796  48.193 0.0000000000
64130  46.301  18.163  48.418 0.0000000000
64785  47.113  19.791  46.010 0.0000000000
64187  47.304  19.132  44.111 0.0000000000
109344  47.906  20.489  43.667 0.0000000000
65492  48.240  21.018  43.815 0.0000000000
65502  48.375  21.077  42.752 0.0000000000
66288  50.366  21.648  39.896 0.0000000000
66287  51.488  20.914  40.793 0.0000000000
66305  50.760  21.431  39.302 0.0000000000
104250  14.928  7.093  64.972 0.0000000000
96097  16.152  6.520  64.922 0.0000000000
92580  15.993  6.450  63.694 0.0000000000
54826  17.770  6.150  64.665 0.0000000000
88670  20.577  6.322  66.827 0.0000000000
68010  -1.533  24.970  73.485 0.0000000000
69144  -1.232  26.813  72.383 0.0000000000
68604  -0.856  25.893  72.945 0.0000000000
69143  0.029  27.131  72.400 0.0000000000
69647  0.498  27.873  72.225 0.0000000000
99388  1.250  25.693  73.333 0.0000000000
70557  1.154  29.669  71.211 0.0000000000
89225  4.803  24.264  71.173 0.0000000000
89681  6.513  23.294  71.884 0.0000000000
66697  6.584  23.026  73.687 0.0000000000
102565  7.219  22.230  73.485 0.0000000000
103383  6.974  20.814  73.489 0.0000000000
103376  6.629  19.856  74.029 0.0000000000
89776  5.062  18.989  74.807 0.0000000000
102793  3.361  18.628  75.141 0.0000000000
103454  1.678  18.616  75.601 0.0000000000
102719  2.496  18.588  76.036 0.0000000000
64585  1.172  19.244  76.564 0.0000000000
65245  0.028  19.604  76.386 0.0000000000
65968  2.243  21.256  76.050 0.0000000000
65969  0.998  20.762  76.166 0.0000000000
101886  -0.124  20.645  76.184 0.0000000000
66685  -0.550  21.505  75.800 0.0000000000
66694  -1.017  22.563  75.383 0.0000000000
57999  33.357  10.068  60.446 0.0000000000
58764  34.131  9.962  61.298 0.0000000000
57998  34.229  9.979  60.258 0.0000000000
57895  8.935  9.779  80.406 0.0000000000
100297  9.482  10.606  79.975 0.0000000000
58694  10.031  11.287  79.295 0.0000000000
92179  11.874  14.013  67.035 0.0000000000
62831  12.023  16.129  68.059 0.0000000000
62828  15.108  16.150  69.177 0.0000000000
64005  15.053  18.463  67.781 0.0000000000
88813  26.641  9.105  62.200 0.0000000000
55610  28.585  6.761  64.098 0.0000000000
103000  20.935  12.166  63.867 0.0000000000
88827  24.077  12.917  61.775 0.0000000000
88739  26.491  10.108  62.029 0.0000000000
60241  3.373  12.198  63.797 0.0000000000
59493  3.685  11.592  63.438 0.0000000000
58755  4.876  10.238  62.660 0.0000000000
98714  5.509  11.241  61.851 0.0000000000
61582  4.689  14.516  60.721 0.0000000000
68307  52.802  25.968  34.290 0.0000000000
93306  53.503  24.768  33.954 0.0000000000
67700  53.885  23.482  34.318 0.0000000000
62216  11.493  15.380  64.529 0.0000000000
109615  10.086  13.173  64.036 0.0000000000
97507  11.999  9.213  60.799 0.0000000000
60265  12.504  12.634  59.585 0.0000000000
59521  11.968  11.724  59.011 0.0000000000
62239  12.466  15.442  58.397 0.0000000000
62263  13.909  15.936  56.615 0.0000000000
57112  14.084  9.070  77.994 0.0000000000
101190  14.710  7.152  76.932 0.0000000000
55550  14.396  6.811  69.163 0.0000000000
55552  13.138  6.922  68.436 0.0000000000
57174  11.190  8.695  67.466 0.0000000000
56324  20.548  7.517  77.135 0.0000000000
105187  19.820  8.190  77.426 0.0000000000
88453  18.604  7.672  77.958 0.0000000000
55470  17.071  5.810  78.943 0.0000000000
56311  16.531  6.738  78.827 0.0000000000
56385  25.725  8.972  68.752 0.0000000000
90153  30.000  5.331  72.130 0.0000000000
102714  24.920  2.057  73.540 0.0000000000
59539  16.665  11.344  57.131 0.0000000000
55648  18.980  6.918  62.569 0.0000000000
56451  20.499  7.766  62.743 0.0000000000
88821  20.666  9.255  63.012 0.0000000000
90330  21.096  8.546  64.026 0.0000000000
71091  1.564  30.459  62.451 0.0000000000
71547  1.320  31.396  62.691 0.0000000000
71974  1.057  32.123  62.714 0.0000000000
73979  0.393  37.113  66.473 0.0000000000
73980  0.646  37.204  65.574 0.0000000000
99387  -2.746  36.648  67.933 0.0000000000
73969  -3.975  35.898  68.184 0.0000000000
73462  -3.704  35.125  68.911 0.0000000000
62819  6.734  16.078  70.241 0.0000000000
62834  6.132  16.168  69.508 0.0000000000
62826  5.461  16.565  69.620 0.0000000000
65262  4.739  20.549  69.707 0.0000000000
64013  6.803  18.322  67.555 0.0000000000
64608  7.415  19.394  66.636 0.0000000000
65274  7.241  20.003  66.951 0.0000000000
65278  7.296  20.139  66.224 0.0000000000
65288  6.877  20.929  64.982 0.0000000000
107224  0.493  25.750  69.128 0.0000000000
96347  -0.534  25.313  63.468 0.0000000000
69192  0.352  25.948  64.062 0.0000000000
103801  0.535  26.699  63.882 0.0000000000
69701  1.436  27.434  64.963 0.0000000000
61027  30.699  14.015  51.861 0.0000000000
61675  30.759  14.408  50.968 0.0000000000
61653  31.100  14.605  52.676 0.0000000000
62284  31.549  15.350  53.123 0.0000000000
62268  31.859  15.227  54.678 0.0000000000
62274  32.323  15.511  54.243 0.0000000000
62283  32.160  15.644  53.483 0.0000000000
92347  34.301  16.646  54.107 0.0000000000
61606  36.704  13.962  58.702 0.0000000000
91042  36.711  14.600  60.349 0.0000000000
88853  36.803  15.916  61.024 0.0000000000
97348  37.130  16.693  60.825 0.0000000000
88854  38.882  15.257  60.630 0.0000000000
63453  37.850  17.264  60.181 0.0000000000
64051  37.145  18.507  58.874 0.0000000000
64657  38.350  19.663  56.565 0.0000000000
65364  38.984  20.139  55.303 0.0000000000
64058  40.873  18.707  57.058 0.0000000000
91100  42.224  19.608  55.277 0.0000000000
89052  42.588  19.719  54.760 0.0000000000
91305  43.220  19.333  54.309 0.0000000000
91893  42.705  18.901  54.914 0.0000000000
63496  42.751  17.023  54.526 0.0000000000
95306  41.264  16.904  53.168 0.0000000000
66056  11.571  21.513  62.327 0.0000000000
88465  11.510  6.706  76.543 0.0000000000
88449  10.155  6.347  75.448 0.0000000000
106229  10.170  5.971  75.078 0.0000000000
95341  11.049  19.438  69.924 0.0000000000
65260  9.834  20.469  69.864 0.0000000000
65991  8.655  21.519  69.572 0.0000000000
54768  31.547  5.990  67.703 0.0000000000
55553  32.059  6.289  66.856 0.0000000000
102806  17.488  15.480  58.951 0.0000000000
89947  18.265  14.566  61.511 0.0000000000
90500  20.616  12.239  58.675 0.0000000000
60926  20.082  12.984  58.004 0.0000000000
61623  19.995  14.651  56.647 0.0000000000
107120  19.737  15.912  56.114 0.0000000000
62270  20.117  15.997  55.508 0.0000000000
62276  21.851  15.163  54.003 0.0000000000
61656  24.584  14.571  52.547 0.0000000000
61646  24.258  14.322  53.329 0.0000000000
61000  25.480  13.437  53.553 0.0000000000
60984  25.099  13.238  54.325 0.0000000000
60983  26.000  12.950  54.199 0.0000000000
90802  26.856  12.606  54.468 0.0000000000
92379  27.062  12.500  55.371 0.0000000000
88823  25.442  14.069  60.630 0.0000000000
103243  26.065  13.630  61.520 0.0000000000
88766  26.049  13.546  62.475 0.0000000000
90927  25.499  13.366  63.645 0.0000000000
88759  26.276  14.180  63.574 0.0000000000
90358  27.244  13.378  64.139 0.0000000000
90775  26.494  12.610  63.490 0.0000000000
88750  28.069  12.084  62.171 0.0000000000
56424  2.367  6.909  66.022 0.0000000000
57219  -0.775  7.698  62.812 0.0000000000
56436  -1.097  7.316  63.432 0.0000000000
55618  0.552  6.419  63.639 0.0000000000
66796  7.167  22.266  61.201 0.0000000000
66167  32.581  21.548  50.603 0.0000000000
66880  31.087  22.373  50.271 0.0000000000
89249  30.418  22.989  50.185 0.0000000000
106641  42.883  25.637  44.316 0.0000000000
68231  46.118  24.944  41.766 0.0000000000
104746  48.039  25.069  43.187 0.0000000000
94874  48.743  25.745  43.347 0.0000000000
68828  49.027  26.033  43.268 0.0000000000
68228  50.092  24.518  43.071 0.0000000000
67632  50.497  23.532  42.805 0.0000000000
64107  45.449  17.451  51.148 0.0000000000
63518  45.538  17.559  50.089 0.0000000000
62971  45.042  17.019  48.923 0.0000000000
102377  46.372  17.571  47.634 0.0000000000
64838  47.970  19.313  41.825 0.0000000000
57981  13.061  9.832  63.136 0.0000000000
101621  13.047  9.772  62.349 0.0000000000
57995  12.432  9.359  61.412 0.0000000000
56454  14.474  7.953  63.456 0.0000000000
57227  13.545  8.353  62.482 0.0000000000
58013  11.965  9.809  59.585 0.0000000000
109876  12.975  10.107  58.143 0.0000000000
54748  17.116  6.264  70.662 0.0000000000
92335  16.442  6.676  70.173 0.0000000000
108099  15.612  7.000  69.520 0.0000000000
53152  22.701  3.993  76.036 0.0000000000
53146  23.008  4.224  76.390 0.0000000000
53959  23.316  4.270  76.358 0.0000000000
109498  23.118  4.512  76.479 0.0000000000
55485  23.625  6.126  75.563 0.0000000000
54687  23.476  5.119  76.259 0.0000000000
97046  22.742  5.816  76.395 0.0000000000
55479  22.461  6.937  76.236 0.0000000000
55504  21.745  6.566  73.792 0.0000000000
56349  22.105  7.436  74.529 0.0000000000
92694  21.220  7.391  74.521 0.0000000000
56339  22.370  8.223  74.897 0.0000000000
57134  21.796  8.485  75.092 0.0000000000
57127  21.469  8.470  75.643 0.0000000000
57128  20.589  8.791  76.043 0.0000000000
56341  18.084  8.204  75.933 0.0000000000
54783  24.790  6.179  66.950 0.0000000000
54769  25.612  6.534  67.364 0.0000000000
54753  24.992  5.516  69.092 0.0000000000
92411  25.130  5.806  71.303 0.0000000000
88620  22.381  3.974  74.768 0.0000000000
58023  14.442  9.315  58.239 0.0000000000
56475  16.384  7.240  59.643 0.0000000000
98701  17.982  6.112  60.809 0.0000000000
55649  18.094  6.671  62.098 0.0000000000
55651  16.794  5.813  62.526 0.0000000000
55650  17.542  6.201  62.253 0.0000000000
55612  21.366  6.141  64.354 0.0000000000
107106  21.546  5.968  65.424 0.0000000000
54822  21.787  6.349  65.487 0.0000000000
70581  1.856  29.539  67.388 0.0000000000
70573  1.335  29.359  68.438 0.0000000000
71068  1.565  30.269  68.056 0.0000000000
70574  0.945  29.833  68.960 0.0000000000
71074  1.459  31.155  67.447 0.0000000000
71946  0.738  32.204  66.599 0.0000000000
72948  0.472  34.417  65.620 0.0000000000
70121  0.274  29.637  71.123 0.0000000000
71061  1.273  30.561  69.639 0.0000000000
104413  1.351  30.863  68.946 0.0000000000
71940  0.828  32.480  67.080 0.0000000000
105800  -1.005  36.106  68.268 0.0000000000
93498  -0.082  35.121  68.829 0.0000000000
72938  -0.775  34.425  69.477 0.0000000000
72930  -1.663  33.513  70.419 0.0000000000
72417  -1.520  32.444  71.555 0.0000000000
72409  -0.848  32.354  72.118 0.0000000000
102636  0.133  31.763  72.124 0.0000000000
63990  6.492  18.018  72.133 0.0000000000
90432  5.458  17.624  72.709 0.0000000000
65256  5.300  20.789  70.747 0.0000000000
66713  4.062  22.573  70.128 0.0000000000
90586  3.997  23.330  70.902 0.0000000000
65995  2.253  21.726  69.029 0.0000000000
66003  1.892  21.815  68.776 0.0000000000
66723  1.073  22.238  68.750 0.0000000000
68026  1.000  24.424  70.005 0.0000000000
65977  0.157  20.924  74.454 0.0000000000
66699  -0.237  22.025  73.626 0.0000000000
65974  -1.734  20.788  74.908 0.0000000000
66700  -1.626  22.298  73.776 0.0000000000
67367  -0.736  23.055  73.312 0.0000000000
68014  -0.486  24.647  72.281 0.0000000000
68618  0.659  26.020  70.234 0.0000000000
69148  -0.708  26.960  70.472 0.0000000000
99078  -0.051  27.241  70.050 0.0000000000
93378  -2.750  26.485  71.550 0.0000000000
69661  0.086  27.766  69.897 0.0000000000
61584  32.093  14.700  59.421 0.0000000000
61575  33.153  14.389  59.538 0.0000000000
96178  34.042  14.352  59.331 0.0000000000
60911  33.915  13.785  60.717 0.0000000000
61583  35.032  14.092  59.390 0.0000000000
61591  36.598  13.553  58.736 0.0000000000
59506  35.988  10.786  60.308 0.0000000000
59516  36.477  11.207  59.702 0.0000000000
60260  36.622  11.781  59.078 0.0000000000
60916  36.730  12.607  58.593 0.0000000000
62258  37.963  14.624  57.884 0.0000000000
60954  37.274  13.182  56.909 0.0000000000
62257  38.331  15.299  56.656 0.0000000000
62266  38.824  15.759  55.802 0.0000000000
58700  6.133  11.981  78.642 0.0000000000
59451  7.551  11.469  75.303 0.0000000000
57937  12.155  10.125  69.675 0.0000000000
60220  12.240  12.615  67.984 0.0000000000
88512  11.702  12.055  69.419 0.0000000000
88509  11.562  12.857  71.298 0.0000000000
62803  13.730  14.880  71.865 0.0000000000
92410  15.107  16.294  69.520 0.0000000000
64596  13.570  18.932  68.955 0.0000000000
89925  23.959  9.230  60.541 0.0000000000
90161  24.322  8.319  60.390 0.0000000000
103179  25.510  7.912  61.562 0.0000000000
55662  25.972  6.932  61.375 0.0000000000
92838  18.134  12.514  60.032 0.0000000000
90291  18.166  12.845  59.701 0.0000000000
93119  18.529  12.501  59.804 0.0000000000
103821  18.889  12.327  59.784 0.0000000000
88873  19.081  12.346  59.642 0.0000000000
88869  19.615  11.509  60.461 0.0000000000
88884  19.454  12.120  59.631 0.0000000000
103472  20.523  11.945  59.206 0.0000000000
60268  21.070  12.258  58.425 0.0000000000
93711  22.424  12.353  57.564 0.0000000000
88860  23.756  12.527  57.094 0.0000000000
88845  24.241  13.520  58.662 0.0000000000
88765  26.192  11.027  60.574 0.0000000000
88749  26.830  10.831  61.210 0.0000000000
60885  -0.360  14.012  69.004 0.0000000000
59488  1.322  11.381  64.592 0.0000000000
57973  -0.695  9.199  63.264 0.0000000000
57218  -0.663  8.460  62.729 0.0000000000
96110  0.077  8.157  62.330 0.0000000000
55636  1.692  7.004  62.752 0.0000000000
55635  2.509  6.261  63.150 0.0000000000
57997  4.884  8.865  61.762 0.0000000000
68690  3.414  25.970  60.462 0.0000000000
68702  3.872  26.248  59.605 0.0000000000
108190  35.158  22.069  52.099 0.0000000000
66865  33.967  22.025  52.559 0.0000000000
97406  34.739  22.922  52.229 0.0000000000
67540  34.547  23.933  52.017 0.0000000000
66925  44.982  22.729  44.571 0.0000000000
93532  11.545  17.104  64.191 0.0000000000
100556  11.663  18.082  62.015 0.0000000000
64034  11.657  18.953  61.794 0.0000000000
61573  11.099  14.603  61.536 0.0000000000
59502  12.206  11.650  60.930 0.0000000000
108145  11.873  12.917  61.122 0.0000000000
60259  11.974  13.389  60.718 0.0000000000
97809  11.565  18.974  60.053 0.0000000000
63460  12.237  17.455  57.407 0.0000000000
102228  12.267  18.214  57.074 0.0000000000
64661  12.488  20.229  55.799 0.0000000000
57106  12.566  9.191  79.100 0.0000000000
88481  11.801  6.747  77.274 0.0000000000
54704  11.658  5.488  74.839 0.0000000000
55497  15.447  7.586  74.527 0.0000000000
55535  14.821  7.142  70.368 0.0000000000
105978  13.948  6.271  73.065 0.0000000000
95465  11.681  10.971  67.066 0.0000000000
62839  11.253  16.284  67.200 0.0000000000
62833  11.348  16.666  67.259 0.0000000000
99113  19.293  4.963  77.734 0.0000000000
93322  19.163  4.739  77.300 0.0000000000
54677  16.455  5.275  79.479 0.0000000000
88722  27.728  12.688  65.506 0.0000000000
98218  27.866  11.135  65.700 0.0000000000
88721  28.351  9.508  66.532 0.0000000000
88713  30.085  7.855  67.225 0.0000000000
57940  25.704  11.113  68.593 0.0000000000
57939  26.678  10.200  68.438 0.0000000000
57162  28.316  8.447  68.321 0.0000000000
90029  30.185  7.139  68.060 0.0000000000
88706  30.820  6.604  67.985 0.0000000000
91199  30.906  5.668  68.563 0.0000000000
104418  26.541  6.518  70.104 0.0000000000
54742  26.091  6.222  70.403 0.0000000000
88710  28.329  5.575  71.315 0.0000000000
88716  29.364  4.657  72.111 0.0000000000
88720  29.238  6.058  73.131 0.0000000000
54712  27.592  5.598  73.783 0.0000000000
54711  28.111  5.677  73.711 0.0000000000
54710  29.219  5.362  73.372 0.0000000000
53972  30.110  4.762  73.103 0.0000000000
53167  29.887  3.672  73.360 0.0000000000
100411  17.328  18.377  55.353 0.0000000000
62260  17.473  16.337  56.849 0.0000000000
62247  17.340  15.087  57.864 0.0000000000
61598  17.228  14.183  58.543 0.0000000000
61597  17.468  13.706  58.910 0.0000000000
58798  15.544  10.513  56.931 0.0000000000
58021  16.444  9.490  58.046 0.0000000000
58797  16.329  10.599  56.957 0.0000000000
58813  16.468  11.097  56.804 0.0000000000
58796  16.758  10.758  57.180 0.0000000000
59528  17.031  10.914  57.694 0.0000000000
57241  17.752  8.670  60.195 0.0000000000
58783  17.052  10.303  58.371 0.0000000000
59511  17.086  11.850  59.620 0.0000000000
88885  17.648  12.444  59.866 0.0000000000
103058  18.138  12.127  60.357 0.0000000000
88874  18.848  11.565  60.615 0.0000000000
88859  19.049  11.007  61.390 0.0000000000
88828  19.242  11.292  61.990 0.0000000000
103176  20.552  9.248  63.812 0.0000000000
107684  18.999  10.138  65.012 0.0000000000
91091  18.377  10.969  65.336 0.0000000000
104125  18.636  11.659  65.168 0.0000000000
88812  19.695  11.895  64.776 0.0000000000
91845  23.763  10.452  64.446 0.0000000000
71533  0.487  31.629  65.281 0.0000000000
71965  0.203  33.235  64.387 0.0000000000
73981  0.290  36.880  64.908 0.0000000000
74468  -0.545  38.138  65.806 0.0000000000
95624  -0.385  36.313  64.270 0.0000000000
73982  -0.504  36.119  63.425 0.0000000000
58726  6.528  10.330  66.645 0.0000000000
60215  5.475  12.763  69.048 0.0000000000
94223  3.239  12.644  70.251 0.0000000000
59460  1.865  11.662  70.435 0.0000000000
60217  0.577  12.396  70.597 0.0000000000
60218  0.127  13.274  70.373 0.0000000000
62801  5.422  16.186  73.455 0.0000000000
62798  4.518  15.313  74.111 0.0000000000
61538  2.313  13.823  74.561 0.0000000000
91196  1.121  15.781  73.527 0.0000000000
62802  1.333  14.858  73.403 0.0000000000
62170  2.634  13.923  73.694 0.0000000000
62827  5.075  16.419  70.151 0.0000000000
63420  5.420  16.575  69.261 0.0000000000
63421  4.951  17.070  69.749 0.0000000000
62835  5.352  16.624  69.171 0.0000000000
62195  3.346  15.920  70.275 0.0000000000
61542  1.394  14.805  70.173 0.0000000000
60884  0.320  14.567  67.858 0.0000000000
61558  2.989  14.659  65.860 0.0000000000
62848  5.381  16.671  65.669 0.0000000000
92662  5.546  16.111  62.294 0.0000000000
68671  3.611  25.361  61.828 0.0000000000
104435  0.967  22.547  68.031 0.0000000000
66733  1.285  22.816  67.260 0.0000000000
67407  1.633  22.931  66.294 0.0000000000
67422  1.844  23.246  65.271 0.0000000000
68036  -1.117  24.233  67.665 0.0000000000
67425  -1.190  23.912  65.537 0.0000000000
67424  -0.532  23.545  65.730 0.0000000000
109685  2.538  23.849  63.175 0.0000000000
98056  2.977  25.660  61.255 0.0000000000
68692  1.480  25.557  60.504 0.0000000000
68705  -0.176  25.824  59.550 0.0000000000
69224  -0.524  26.425  59.017 0.0000000000
69211  -0.500  26.404  60.764 0.0000000000
69215  -0.552  26.430  60.086 0.0000000000
69726  -0.590  26.853  59.311 0.0000000000
64127  25.655  18.892  49.665 0.0000000000
64126  26.652  18.859  49.380 0.0000000000
91198  27.591  18.905  49.085 0.0000000000
62977  28.196  16.880  48.806 0.0000000000
63540  28.248  17.714  48.685 0.0000000000
90827  28.218  18.616  48.745 0.0000000000
64133  30.167  18.510  48.541 0.0000000000
94083  30.727  18.663  49.273 0.0000000000
109524  30.510  14.689  50.370 0.0000000000
94858  31.025  15.018  50.368 0.0000000000
62340  31.302  15.560  49.636 0.0000000000
62321  32.308  16.168  50.511 0.0000000000
62950  31.937  16.180  49.859 0.0000000000
62962  31.471  16.371  49.164 0.0000000000
106698  31.554  16.980  49.034 0.0000000000
64125  31.427  18.326  49.495 0.0000000000
99775  33.124  19.296  50.184 0.0000000000
64744  34.214  19.598  50.202 0.0000000000
65408  34.774  20.335  50.837 0.0000000000
65398  35.058  20.723  51.536 0.0000000000
60939  32.777  14.576  58.261 0.0000000000
61621  33.305  15.260  57.141 0.0000000000
88891  33.657  15.967  56.760 0.0000000000
93920  33.831  16.516  56.273 0.0000000000
92668  33.791  16.548  55.693 0.0000000000
62898  34.139  17.091  55.290 0.0000000000
105904  34.902  17.258  53.759 0.0000000000
63467  35.734  17.384  56.054 0.0000000000
109681  35.182  17.799  55.237 0.0000000000
63487  34.768  17.632  54.715 0.0000000000
62910  35.392  17.361  52.986 0.0000000000
63504  35.923  17.485  52.082 0.0000000000
64707  36.595  18.833  51.908 0.0000000000
65397  35.864  20.109  51.395 0.0000000000
97278  35.626  21.112  51.651 0.0000000000
108343  35.996  21.860  51.677 0.0000000000
66864  36.439  22.812  51.611 0.0000000000
66863  37.521  22.732  51.597 0.0000000000
66152  37.952  21.820  51.310 0.0000000000
66144  39.463  21.468  52.929 0.0000000000
66143  39.564  21.699  52.916 0.0000000000
98969  39.149  22.180  52.701 0.0000000000
66174  42.329  21.949  48.739 0.0000000000
66161  43.278  21.380  50.175 0.0000000000
64720  45.033  19.570  51.333 0.0000000000
64114  45.392  18.575  51.499 0.0000000000
89058  44.001  18.459  54.124 0.0000000000
89053  44.485  18.697  53.400 0.0000000000
90790  44.458  16.907  53.774 0.0000000000
89056  44.920  17.626  53.277 0.0000000000
64702  45.040  18.658  52.703 0.0000000000
64108  45.253  17.514  52.269 0.0000000000
62959  43.806  16.730  50.188 0.0000000000
91191  43.324  16.805  50.506 0.0000000000
62349  42.411  14.680  48.501 0.0000000000
62280  39.028  16.134  53.934 0.0000000000
62290  39.732  16.417  52.410 0.0000000000
109190  40.086  15.980  51.778 0.0000000000
93458  39.106  15.483  51.532 0.0000000000
62303  39.876  15.545  51.317 0.0000000000
91211  41.255  14.912  49.362 0.0000000000
89075  41.632  14.653  48.804 0.0000000000
89078  42.003  14.456  48.490 0.0000000000
68898  52.111  26.686  33.902 0.0000000000
68300  52.778  25.470  35.186 0.0000000000
68877  51.592  26.363  36.597 0.0000000000
94759  52.066  25.970  36.360 0.0000000000
68607  4.075  25.962  72.307 0.0000000000
69140  3.807  26.524  71.919 0.0000000000
56307  10.561  8.217  80.767 0.0000000000
57892  10.922  9.718  79.378 0.0000000000
57893  10.510  9.718  79.945 0.0000000000
58697  10.575  11.159  78.971 0.0000000000
58698  9.979  11.600  78.995 0.0000000000
57118  8.689  10.562  77.351 0.0000000000
57920  8.727  11.258  76.143 0.0000000000
58705  8.533  12.004  75.038 0.0000000000
59452  8.307  12.071  74.407 0.0000000000
88468  10.696  7.630  72.814 0.0000000000
101010  8.413  11.996  74.083 0.0000000000
88457  8.179  11.908  74.233 0.0000000000
57936  6.933  9.255  71.046 0.0000000000
106701  7.767  8.966  69.935 0.0000000000
57952  8.459  10.076  67.416 0.0000000000
60876  7.664  13.945  68.991 0.0000000000
95515  11.022  14.196  71.968 0.0000000000
63994  10.502  18.223  70.784 0.0000000000
63409  9.837  17.526  71.267 0.0000000000
62807  9.524  16.711  71.471 0.0000000000
66710  7.091  22.543  69.397 0.0000000000
103002  5.167  25.316  71.371 0.0000000000
109283  5.052  25.655  71.475 0.0000000000
68606  4.854  25.492  72.310 0.0000000000
56416  27.166  8.868  65.139 0.0000000000
55589  28.242  7.065  65.090 0.0000000000
99206  29.150  6.631  64.776 0.0000000000
56396  31.749  6.999  66.345 0.0000000000
55566  31.980  6.962  65.922 0.0000000000
55586  31.508  6.851  65.678 0.0000000000
54802  30.922  5.571  65.062 0.0000000000
55608  30.083  6.246  64.381 0.0000000000
88907  17.477  19.126  59.097 0.0000000000
90787  18.217  13.352  59.383 0.0000000000
62889  19.764  16.877  55.242 0.0000000000
62902  19.609  17.730  55.130 0.0000000000
63488  19.987  18.119  54.449 0.0000000000
62916  20.476  17.741  53.735 0.0000000000
63522  25.391  17.482  49.998 0.0000000000
62951  26.348  16.151  49.907 0.0000000000
62344  27.134  15.810  49.573 0.0000000000
62326  27.480  15.124  49.943 0.0000000000
61678  27.910  14.531  50.481 0.0000000000
61662  29.299  13.983  51.142 0.0000000000
61655  25.416  14.324  52.318 0.0000000000
61654  26.221  14.048  52.068 0.0000000000
60998  27.030  13.040  53.126 0.0000000000
61016  27.427  13.263  52.415 0.0000000000
61031  27.002  13.716  51.817 0.0000000000
61030  27.865  13.582  51.714 0.0000000000
61029  28.801  13.515  51.724 0.0000000000
61028  29.813  13.560  51.951 0.0000000000
60995  30.149  13.736  53.556 0.0000000000
61634  30.380  14.414  54.327 0.0000000000
91212  29.829  14.057  54.938 0.0000000000
88886  30.502  14.516  55.308 0.0000000000
105051  31.653  13.485  57.650 0.0000000000
88804  31.522  13.956  59.133 0.0000000000
88832  25.505  12.929  57.002 0.0000000000
98279  27.689  13.851  57.156 0.0000000000
60925  25.564  14.552  59.386 0.0000000000
61611  26.316  14.587  58.660 0.0000000000
61596  26.584  14.542  59.523 0.0000000000
103333  28.771  15.468  60.811 0.0000000000
103273  30.012  13.508  59.335 0.0000000000
90748  30.879  14.052  59.591 0.0000000000
88805  31.465  14.576  59.711 0.0000000000
88800  31.644  14.582  60.187 0.0000000000
61571  32.121  14.224  61.417 0.0000000000
60907  32.051  14.068  62.677 0.0000000000
61565  31.156  14.186  63.038 0.0000000000
60902  32.257  13.153  62.650 0.0000000000
60243  32.359  12.037  62.600 0.0000000000
59496  32.475  11.194  62.590 0.0000000000
95475  33.146  10.442  62.142 0.0000000000
88756  28.308  12.371  64.377 0.0000000000
91151  29.498  12.094  63.522 0.0000000000
58758  32.580  10.710  62.010 0.0000000000
57990  33.254  10.159  61.552 0.0000000000
58008  32.490  9.735  59.435 0.0000000000
69147  3.508  27.223  71.450 0.0000000000
106383  2.904  28.015  71.302 0.0000000000
99072  2.517  30.772  69.846 0.0000000000
71514  2.644  31.727  68.822 0.0000000000
104334  3.940  32.344  68.260 0.0000000000
71513  3.467  31.779  68.852 0.0000000000
71931  3.049  32.347  68.322 0.0000000000
71938  2.600  32.834  67.765 0.0000000000
108607  2.167  33.311  67.360 0.0000000000
72407  1.958  31.676  71.347 0.0000000000
71926  1.796  31.286  72.192 0.0000000000
56394  6.380  7.686  68.137 0.0000000000
56410  4.873  7.485  66.167 0.0000000000
100238  5.362  7.077  66.593 0.0000000000
56426  -1.115  7.403  64.157 0.0000000000
55600  -0.265  7.175  65.039 0.0000000000
62859  5.492  16.607  61.702 0.0000000000
109892  5.173  17.060  60.372 0.0000000000
106133  6.719  19.450  60.714 0.0000000000
63462  5.539  17.567  57.371 0.0000000000
99142  6.957  24.237  57.979 0.0000000000
67506  7.178  23.677  57.444 0.0000000000
67501  7.339  23.386  58.301 0.0000000000
64653  7.414  19.480  57.654 0.0000000000
64654  6.890  18.855  57.178 0.0000000000
93053  28.836  20.490  50.816 0.0000000000
95002  32.638  22.314  52.476 0.0000000000
101735  32.050  23.418  51.650 0.0000000000
104188  51.394  25.711  38.480 0.0000000000
68272  52.123  24.363  38.484 0.0000000000
67662  52.656  23.231  38.364 0.0000000000
66994  53.045  22.087  38.372 0.0000000000
65451  44.099  20.548  47.080 0.0000000000
64763  45.677  19.341  48.446 0.0000000000
65449  45.168  20.273  48.153 0.0000000000
62991  45.187  17.098  46.333 0.0000000000
63548  46.664  17.718  46.356 0.0000000000
110198  46.918  17.818  45.849 0.0000000000
66921  49.284  23.085  45.993 0.0000000000
105006  49.955  21.277  45.023 0.0000000000
66930  50.221  22.102  45.252 0.0000000000
66920  49.612  23.474  45.200 0.0000000000
67608  50.182  22.876  44.605 0.0000000000
67621  50.335  23.055  43.755 0.0000000000
65510  48.676  20.995  41.676 0.0000000000
65519  48.756  20.602  40.569 0.0000000000
66269  49.446  21.865  41.879 0.0000000000
66949  51.132  21.945  42.546 0.0000000000
92197  51.102  22.664  42.177 0.0000000000
66995  52.040  20.610  41.135 0.0000000000
66983  52.269  21.506  40.664 0.0000000000
93443  52.250  22.655  39.868 0.0000000000
66302  53.258  21.016  38.363 0.0000000000
53973  29.055  4.055  73.890 0.0000000000
53980  31.832  5.002  71.485 0.0000000000
54006  32.335  4.944  66.412 0.0000000000
54009  31.275  4.864  65.241 0.0000000000
54766  32.379  5.764  66.548 0.0000000000
54767  32.184  5.251  67.254 0.0000000000
54800  32.215  6.333  65.810 0.0000000000
55502  28.937  6.007  73.324 0.0000000000
55503  27.493  5.724  73.609 0.0000000000
55512  29.777  6.178  72.866 0.0000000000
55565  32.267  6.415  66.186 0.0000000000
56368  30.666  6.329  72.126 0.0000000000
57991  20.088  9.774  62.320 0.0000000000
58750  32.622  10.944  62.409 0.0000000000
58776  16.982  10.917  59.297 0.0000000000
60881  -0.128  13.803  69.850 0.0000000000
61536  3.229  13.987  74.296 0.0000000000
61537  2.848  14.040  74.738 0.0000000000
61577  27.636  15.076  60.650 0.0000000000
61585  28.955  14.127  59.957 0.0000000000
62167  3.967  14.588  74.277 0.0000000000
62171  15.506  14.016  71.134 0.0000000000
62180  4.059  14.621  72.722 0.0000000000
62181  15.476  14.432  70.564 0.0000000000
62221  26.301  15.332  63.602 0.0000000000
62273  33.111  15.722  54.497 0.0000000000
62307  31.794  15.286  51.437 0.0000000000
62865  38.705  16.366  60.125 0.0000000000
63454  37.078  17.730  59.814 0.0000000000
63529  31.844  17.483  49.444 0.0000000000
63532  25.954  18.042  49.589 0.0000000000
63536  31.232  17.535  48.874 0.0000000000
63538  29.845  17.713  48.221 0.0000000000
63986  3.251  17.927  72.094 0.0000000000
64059  40.016  19.175  57.254 0.0000000000
64078  38.413  19.022  54.704 0.0000000000
64746  26.102  19.913  49.891 0.0000000000
65238  4.697  20.253  76.444 0.0000000000
65239  3.658  20.148  76.477 0.0000000000
65240  1.131  19.625  76.518 0.0000000000
65241  0.251  19.058  76.549 0.0000000000
65242  6.646  20.595  75.763 0.0000000000
65247  -1.651  20.723  75.337 0.0000000000
65248  -2.060  21.473  75.204 0.0000000000
65249  -0.903  19.012  75.891 0.0000000000
65362  40.229  20.171  55.673 0.0000000000
65393  39.158  20.885  51.788 0.0000000000
65962  3.646  20.724  76.350 0.0000000000
65965  5.842  21.485  75.361 0.0000000000
65972  5.962  22.298  74.764 0.0000000000
65973  -0.857  20.071  75.205 0.0000000000
65976  6.570  22.582  74.028 0.0000000000
65979  -2.013  21.773  74.301 0.0000000000
65980  -2.182  22.199  74.237 0.0000000000
66285  52.909  20.970  39.855 0.0000000000
66680  5.305  22.329  75.098 0.0000000000
66681  4.590  22.270  75.383 0.0000000000
66687  6.226  22.807  74.273 0.0000000000
66696  -2.187  22.168  74.592 0.0000000000
66702  -2.465  22.738  74.084 0.0000000000
66966  52.665  21.643  39.851 0.0000000000
67356  6.065  23.331  74.125 0.0000000000
67357  5.582  23.544  74.230 0.0000000000
67360  2.206  23.641  74.761 0.0000000000
67364  6.745  23.505  73.270 0.0000000000
67366  4.621  24.342  73.809 0.0000000000
67368  -2.122  23.208  73.564 0.0000000000
67370  -2.448  23.308  74.173 0.0000000000
67373  3.134  22.568  71.954 0.0000000000
67607  49.852  23.769  44.396 0.0000000000
68002  -1.539  24.175  74.335 0.0000000000
68003  -2.184  23.768  74.363 0.0000000000
68004  5.701  24.467  72.932 0.0000000000
68006  3.886  24.777  73.590 0.0000000000
68007  2.777  24.756  73.778 0.0000000000
68009  -0.146  24.532  73.967 0.0000000000
68016  -2.792  24.987  72.849 0.0000000000
68090  -0.493  24.507  62.156 0.0000000000
68617  -3.307  26.485  72.039 0.0000000000
68887  51.471  26.750  36.075 0.0000000000
69142  1.113  26.928  72.534 0.0000000000
69146  -3.281  26.764  72.111 0.0000000000
69150  -3.211  26.614  71.844 0.0000000000
69151  -3.228  26.543  71.822 0.0000000000
69152  4.272  26.920  70.984 0.0000000000
69331  49.311  26.711  41.471 0.0000000000
69649  -3.222  27.314  72.104 0.0000000000
69650  -3.444  26.991  71.943 0.0000000000
69651  -3.371  26.820  72.039 0.0000000000
69657  -3.152  27.472  71.835 0.0000000000
69687  1.747  28.090  66.964 0.0000000000
72408  0.916  31.325  72.004 0.0000000000
72419  -2.944  33.957  70.362 0.0000000000
72931  -2.690  33.793  70.426 0.0000000000
72941  -3.283  34.589  69.775 0.0000000000
72945  2.965  34.670  66.624 0.0000000000
72946  2.283  35.881  66.663 0.0000000000
72947  1.235  35.439  65.954 0.0000000000
88528  15.380  13.941  70.657 0.0000000000
88714  31.353  6.783  71.376 0.0000000000
88717  29.743  5.001  71.227 0.0000000000
88723  28.470  5.861  73.559 0.0000000000
88742  26.058  12.287  61.112 0.0000000000
88743  26.069  11.944  61.130 0.0000000000
88751  26.748  11.426  61.187 0.0000000000
88755  26.714  10.326  60.929 0.0000000000
88768  30.995  12.050  63.297 0.0000000000
88771  28.308  14.379  64.481 0.0000000000
88803  26.457  11.256  61.219 0.0000000000
88851  19.096  12.064  59.984 0.0000000000
88881  33.898  16.026  57.112 0.0000000000
88892  33.600  15.859  55.994 0.0000000000
88900  33.370  15.227  56.306 0.0000000000
89204  1.637  16.621  73.523 0.0000000000
89207  1.239  14.665  74.182 0.0000000000
89210  3.539  18.040  72.587 0.0000000000
89226  3.429  23.161  71.239 0.0000000000
89238  27.390  19.386  49.313 0.0000000000
89785  4.120  23.002  71.310 0.0000000000
89803  5.417  25.230  71.747 0.0000000000
89823  2.211  19.752  76.634 0.0000000000
90086  7.140  23.150  73.204 0.0000000000
90319  3.017  15.015  74.715 0.0000000000
90504  6.719  24.325  72.126 0.0000000000
90725  31.812  6.050  71.364 0.0000000000
90739  6.558  22.019  74.404 0.0000000000
90899  31.247  5.098  72.190 0.0000000000
91006  1.806  14.131  74.832 0.0000000000
91009  37.727  15.325  61.272 0.0000000000
91190  36.710  17.227  60.327 0.0000000000
91375  -2.614  24.866  73.157 0.0000000000
91481  27.208  5.473  73.151 0.0000000000
92144  29.187  4.954  72.863 0.0000000000
92268  29.443  14.711  63.474 0.0000000000
92501  29.070  15.565  61.230 0.0000000000
92600  31.386  6.882  67.188 0.0000000000
92900  1.565  13.936  74.355 0.0000000000
93085  14.581  6.227  62.192 0.0000000000
93227  30.841  6.414  71.869 0.0000000000
93566  28.197  4.593  74.131 0.0000000000
93595  21.171  5.950  65.780 0.0000000000
95174  29.396  5.895  72.936 0.0000000000
96692  1.541  16.692  72.956 0.0000000000
96975  -1.199  19.827  75.830 0.0000000000
97162  2.035  14.949  70.664 0.0000000000
98286  1.338  33.560  67.023 0.0000000000
99190  1.792  15.691  72.623 0.0000000000
99676  28.204  14.135  58.865 0.0000000000
101378  -3.069  34.147  70.094 0.0000000000
102140  31.644  13.450  58.434 0.0000000000
102148  3.367  23.260  74.883 0.0000000000
102535  -2.908  34.000  70.912 0.0000000000
102541  -2.451  33.936  71.295 0.0000000000
102553  6.473  19.842  75.058 0.0000000000
102557  6.741  21.507  74.334 0.0000000000
102632  1.276  18.528  76.313 0.0000000000
102730  3.557  22.754  71.591 0.0000000000
102782  6.445  23.407  73.049 0.0000000000
102846  6.529  24.267  71.975 0.0000000000
102944  25.580  14.664  64.300 0.0000000000
103153  6.912  22.610  73.588 0.0000000000
103356  -2.070  33.126  72.167 0.0000000000
103377  7.229  20.385  75.429 0.0000000000
103384  5.068  23.078  71.570 0.0000000000
103389  6.516  22.470  73.574 0.0000000000
103390  7.460  20.854  74.656 0.0000000000
103397  6.918  21.983  73.991 0.0000000000
103411  2.133  19.023  76.724 0.0000000000
103455  0.412  19.126  76.470 0.0000000000
103957  26.851  10.681  61.099 0.0000000000
104068  20.407  10.901  65.320 0.0000000000
104531  2.462  16.253  74.106 0.0000000000
104588  1.500  24.596  71.242 0.0000000000
104690  3.031  20.234  76.522 0.0000000000
104932  32.089  15.744  51.933 0.0000000000
105121  25.847  7.419  61.587 0.0000000000
105901  30.239  14.224  63.318 0.0000000000
105902  15.219  14.510  69.954 0.0000000000
105937  26.813  11.892  67.085 0.0000000000
106591  5.966  23.757  73.752 0.0000000000
106768  2.236  35.456  67.775 0.0000000000
107076  23.825  5.264  75.884 0.0000000000
107806  52.997  22.713  37.978 0.0000000000
107980  1.819  34.263  66.719 0.0000000000
108394  -2.145  22.285  75.029 0.0000000000
109003  21.953  8.186  74.789 0.0000000000
109197  3.773  15.139  70.498 0.0000000000
109261  31.174  14.701  55.360 0.0000000000
109426  15.437  14.229  70.560 0.0000000000
109961  1.225  33.464  69.717 0.0000000000
