#!ascii label  , from subject sub-v2s4x29632_ses-1 vox2ras=TkReg
2992
93558  17.403  -72.241  37.977 0.8999999762
92215  17.853  -73.350  39.436 0.8999999762
1345  17.988  -71.830  39.989 0.8999999762
94457  17.461  -73.378  37.956 0.8999999762
763  17.312  -74.514  38.264 0.8999999762
1591  13.961  -70.408  39.238 0.5000000000
1596  17.273  -70.333  38.379 0.8000000119
1343  14.715  -70.898  40.542 0.6999999881
1872  17.616  -69.299  40.034 0.8000000119
1618  16.547  -70.690  35.576 0.8000000119
1371  16.762  -71.398  36.108 0.8000000119
1176  17.124  -72.708  36.834 0.8999999762
757  17.233  -74.109  38.898 0.8999999762
963  17.215  -73.649  36.860 0.8999999762
958  17.600  -74.340  38.132 0.8999999762
603  17.592  -75.194  33.212 0.6999999881
92110  17.339  -75.990  35.403 0.8000000119
91533  17.706  -76.393  37.183 0.8999999762
260  17.187  -78.404  34.595 0.6999999881
108630  17.069  -77.864  33.125 0.8000000119
2262  15.540  -68.470  35.712 0.8000000119
108380  16.147  -68.603  36.768 0.8000000119
1899  16.715  -69.292  37.441 0.8000000119
1885  17.363  -69.348  38.671 0.8000000119
104688  14.844  -71.537  40.966 0.6999999881
1920  15.521  -69.512  35.050 0.6999999881
1587  17.983  -70.263  41.189 0.8000000119
104003  16.304  -69.726  34.582 0.8000000119
93145  16.148  -70.063  35.099 0.6999999881
1909  15.944  -69.950  35.797 0.8000000119
1360  17.252  -71.168  38.130 0.8999999762
1155  16.573  -72.143  40.736 0.8000000119
1163  18.020  -72.786  40.023 0.8999999762
1185  17.058  -72.123  35.839 0.8000000119
770  17.541  -75.214  37.806 0.8999999762
977  18.454  -73.269  33.628 0.6999999881
1200  18.073  -72.407  34.304 0.6999999881
92583  17.582  -75.572  37.209 0.8999999762
600  17.212  -75.255  34.586 0.8000000119
593  17.328  -75.489  36.087 0.8999999762
171  16.965  -78.814  34.098 0.6999999881
99550  13.447  -70.131  38.852 0.6000000238
1865  14.118  -69.087  41.338 0.8999999762
2630  16.644  -67.097  33.507 0.8000000119
97206  15.363  -68.018  41.528 1.0000000000
2277  16.534  -67.684  33.384 0.8000000119
94369  20.705  -66.320  32.825 0.5000000000
1927  16.468  -69.205  33.980 0.6999999881
2248  15.400  -69.203  35.746 0.8000000119
1861  16.541  -69.639  41.733 0.8000000119
2617  21.023  -67.176  34.070 0.5000000000
1590  18.134  -70.861  39.765 0.8999999762
100239  15.953  -71.002  41.833 0.8000000119
2260  19.418  -68.594  35.196 0.6000000238
1342  17.810  -71.672  40.439 0.8999999762
940  17.761  -72.645  40.134 0.8999999762
1183  19.379  -72.398  35.931 0.6000000238
962  19.812  -73.328  36.719 0.5000000000
969  19.456  -73.058  35.176 0.6000000238
611  18.240  -74.980  32.728 0.6999999881
777  17.243  -74.696  36.748 0.8999999762
93106  17.287  -75.355  37.886 0.8999999762
786  19.304  -74.342  33.647 0.6000000238
787  17.587  -74.250  33.734 0.8000000119
455  17.260  -76.178  37.691 0.8000000119
356  17.508  -77.322  36.672 0.8000000119
610  18.954  -74.965  32.810 0.4000000060
87695  17.286  -76.159  32.922 0.8000000119
96232  17.107  -78.488  33.730 0.8000000119
5383  13.313  -60.598  40.998 0.6999999881
5400  12.942  -60.076  40.710 0.6999999881
5399  13.642  -60.179  40.242 0.8000000119
5872  13.033  -59.354  39.993 0.8000000119
5927  11.340  -59.393  36.742 0.8000000119
5410  14.225  -60.004  39.411 0.8000000119
93439  13.361  -59.021  39.107 0.8000000119
5887  14.081  -59.338  38.846 0.8000000119
5911  12.886  -58.954  37.546 0.8000000119
4962  11.176  -61.113  36.764 0.8000000119
2217  9.859  -69.029  42.039 0.8999999762
3797  18.788  -64.339  32.983 0.6000000238
1864  15.203  -69.101  41.282 0.8999999762
2212  16.179  -67.978  40.885 1.0000000000
1863  16.169  -68.725  41.201 0.8000000119
2275  17.591  -68.250  33.213 0.8000000119
2221  17.336  -68.431  39.348 0.8000000119
1862  16.902  -69.105  41.280 0.8000000119
2269  17.068  -68.695  33.493 0.6999999881
104540  17.833  -70.791  38.953 0.8000000119
1926  17.625  -69.219  34.104 0.6999999881
754  15.115  -73.413  39.700 0.8000000119
97252  19.797  -72.631  37.191 0.6000000238
1617  17.093  -70.634  35.071 0.6999999881
753  16.016  -73.682  39.590 0.8000000119
1184  17.232  -72.873  35.691 0.8999999762
456  16.458  -76.234  37.960 0.6999999881
346  16.890  -76.892  37.567 0.8000000119
592  19.959  -74.959  35.932 0.5000000000
105478  19.873  -73.926  36.293 0.5000000000
94164  19.755  -74.254  35.220 0.6999999881
792  18.199  -73.826  33.248 0.6999999881
250  17.154  -77.908  36.332 0.6999999881
470  17.235  -76.185  34.312 0.8999999762
87696  18.402  -76.376  31.273 0.5000000000
90959  18.191  -76.003  31.845 0.5000000000
172  16.421  -79.076  34.218 0.6999999881
4530  12.890  -61.859  41.836 0.6000000238
4529  13.456  -62.181  41.043 0.6999999881
4538  14.063  -61.938  40.194 0.8000000119
4943  14.699  -60.716  39.103 0.8000000119
4947  14.639  -59.855  38.591 0.8000000119
5899  13.638  -59.046  38.261 0.8000000119
5912  11.812  -58.806  37.211 0.8000000119
5898  14.428  -59.342  38.087 0.8000000119
5910  13.952  -59.214  37.490 0.8000000119
5446  11.747  -60.299  36.604 0.8000000119
1867  12.237  -69.492  41.221 0.8999999762
1874  14.010  -69.760  40.024 0.6999999881
4203  21.624  -63.339  31.990 0.6000000238
3381  18.176  -65.651  32.467 0.8000000119
3000  18.215  -66.466  32.260 0.6000000238
1585  15.386  -70.754  41.400 0.8000000119
1341  14.154  -71.858  40.705 0.6999999881
2224  17.208  -68.381  38.146 0.6999999881
2620  18.412  -68.111  33.397 0.6999999881
94718  15.624  -68.442  34.720 0.8000000119
1860  17.477  -69.732  41.666 0.8999999762
2268  18.079  -68.684  33.785 0.6999999881
93142  15.992  -69.452  36.473 0.8000000119
1583  17.440  -70.587  41.595 0.8000000119
101946  16.646  -71.190  41.570 0.8000000119
2261  18.540  -68.898  34.758 0.6999999881
936  16.054  -72.798  40.304 0.8000000119
2605  20.820  -67.733  34.856 0.5000000000
1616  17.429  -70.101  34.820 0.6999999881
937  15.170  -72.845  40.350 0.8000000119
1351  20.812  -71.299  38.036 0.3000000119
2259  20.314  -68.338  35.430 0.5000000000
573  16.014  -74.231  39.081 0.8000000119
1370  18.090  -71.050  34.861 0.6999999881
1386  17.778  -71.714  34.749 0.6999999881
1193  18.473  -72.169  34.610 0.6000000238
1192  19.077  -72.306  34.877 0.6000000238
105856  18.155  -72.881  33.916 0.6999999881
970  17.197  -73.703  35.549 0.8999999762
352  16.402  -77.463  37.266 0.6000000238
107056  19.921  -75.722  35.159 0.4000000060
87697  17.870  -75.677  32.344 0.6000000238
468  20.298  -75.952  35.152 0.4000000060
89787  19.789  -76.880  33.134 0.4000000060
87694  18.963  -76.027  31.908 0.4000000060
103289  17.032  -77.280  32.199 0.8000000119
178  16.820  -78.814  32.360 0.8000000119
4946  15.196  -60.557  38.329 0.8000000119
94907  18.217  -61.374  37.330 0.5000000000
93538  18.736  -61.088  36.879 0.5000000000
5428  17.974  -60.875  36.766 0.5000000000
5926  12.342  -59.432  36.858 0.8000000119
5456  19.689  -60.704  35.073 0.5000000000
5440  17.766  -60.294  36.021 0.5000000000
4961  11.910  -61.229  36.753 0.8000000119
5438  19.157  -60.544  35.656 0.5000000000
5457  18.444  -60.178  35.284 0.5000000000
4967  20.562  -61.695  34.398 0.5000000000
5455  20.090  -61.017  34.413 0.5000000000
5472  19.487  -60.658  34.496 0.5000000000
1866  13.180  -69.285  41.355 0.8999999762
4204  20.155  -63.002  32.183 0.5000000000
94860  18.695  -65.947  32.063 0.6000000238
3367  17.729  -65.633  33.375 0.8000000119
2981  16.833  -66.533  34.255 0.8999999762
2566  15.570  -67.361  39.649 1.0000000000
2582  16.824  -67.681  37.763 0.8999999762
2225  17.087  -67.817  38.815 0.8999999762
109107  17.210  -68.593  40.216 0.8999999762
1157  14.962  -72.402  40.795 0.6999999881
2979  21.777  -66.864  34.148 0.5000000000
938  14.505  -72.699  40.448 0.6999999881
755  14.469  -73.284  39.867 0.8000000119
1898  19.952  -69.864  37.466 0.4000000060
1919  18.166  -69.553  34.947 0.6999999881
1610  18.431  -70.142  35.445 0.6000000238
1609  19.146  -70.170  36.781 0.5000000000
1359  19.372  -71.008  37.355 0.5000000000
1908  18.821  -69.643  35.924 0.5000000000
1379  18.848  -71.690  35.270 0.6000000238
103055  19.303  -75.816  32.772 0.4000000060
985  18.759  -73.733  33.376 0.6999999881
372  18.847  -76.815  30.782 0.5000000000
4077  11.272  -63.275  44.888 0.4000000060
3697  13.085  -63.681  43.020 0.4000000060
4507  10.461  -62.592  44.588 0.4000000060
4528  14.082  -62.815  40.550 0.6000000238
4542  16.282  -62.651  39.417 0.4000000060
103543  17.301  -61.875  38.093 0.6000000238
4945  16.766  -61.577  37.936 0.6000000238
1876  12.079  -70.041  40.068 0.8000000119
108872  20.204  -62.172  35.588 0.4000000060
1887  13.008  -69.888  38.849 0.6000000238
4979  21.602  -62.034  33.535 0.4000000060
3809  20.120  -64.166  31.811 0.6000000238
2214  13.397  -68.733  41.784 0.8999999762
3810  19.633  -64.457  32.036 0.6000000238
107992  18.514  -65.024  32.671 0.6000000238
2213  14.382  -68.294  41.839 0.8999999762
93289  19.439  -65.814  32.044 0.6000000238
93027  17.109  -66.218  36.095 0.8999999762
2556  15.434  -67.697  40.786 1.0000000000
2961  16.873  -66.578  36.816 0.8999999762
2576  16.545  -67.325  38.301 0.8999999762
2222  16.905  -67.950  40.024 0.8999999762
2954  16.564  -66.114  37.460 0.8999999762
575  14.857  -73.709  39.363 0.8000000119
2246  20.366  -69.297  36.841 0.5000000000
2247  19.888  -68.944  35.985 0.5000000000
1594  21.192  -70.651  38.292 0.3000000119
97378  21.297  -69.081  36.958 0.4000000060
106958  19.993  -76.722  34.128 0.4000000060
280  18.168  -77.603  29.494 0.6000000238
118  18.679  -78.979  26.245 0.6000000238
216  19.743  -78.038  21.568 0.4000000060
3682  12.579  -64.037  43.839 0.3000000119
6383  11.343  -58.338  37.673 0.8000000119
4550  18.613  -62.254  38.442 0.4000000060
4944  18.005  -61.864  37.906 0.4000000060
4559  18.894  -61.778  37.604 0.5000000000
6377  12.756  -58.757  38.457 0.8000000119
1901  11.824  -69.390  37.404 0.6000000238
4558  19.669  -62.379  37.279 0.4000000060
1889  11.320  -70.095  39.103 0.6999999881
99148  10.129  -70.131  39.757 0.8000000119
4153  19.959  -63.299  37.608 0.4000000060
1877  10.862  -70.086  40.619 0.8000000119
107836  9.958  -69.846  40.978 0.8000000119
1868  11.386  -69.701  41.219 0.8000000119
2562  9.659  -67.523  41.094 1.0000000000
4968  20.111  -61.480  34.985 0.5000000000
2215  12.456  -69.074  41.756 0.8999999762
2560  11.230  -68.303  41.310 0.8999999762
2216  11.438  -69.137  41.653 0.8999999762
4573  21.184  -63.091  35.468 0.4000000060
100634  20.293  -62.352  32.538 0.5000000000
2559  12.729  -68.382  41.352 1.0000000000
103988  23.117  -63.241  36.431 0.4000000060
2558  13.686  -67.993  41.525 1.0000000000
3786  18.235  -64.895  33.303 0.6000000238
2968  17.346  -65.872  35.389 0.8999999762
2568  13.883  -67.324  40.313 0.8999999762
3777  18.005  -64.726  34.457 0.8000000119
2943  15.415  -66.365  38.353 0.8999999762
2567  14.748  -67.293  40.053 1.0000000000
2942  16.147  -66.620  37.975 0.8999999762
2930  15.053  -66.765  39.143 0.8999999762
1895  22.169  -69.618  38.087 0.3000000119
2236  21.831  -69.339  37.852 0.4000000060
2258  21.603  -68.500  36.171 0.4000000060
99916  22.989  -69.518  37.790 0.3000000119
2234  23.530  -69.022  37.398 0.3000000119
120  19.968  -78.573  25.464 0.4000000060
184  19.862  -77.963  30.039 0.4000000060
190  19.641  -78.205  29.181 0.5000000000
105  18.553  -78.868  27.502 0.6000000238
97  19.108  -78.487  28.339 0.6000000238
95587  20.618  -77.569  23.299 0.4000000060
308  19.924  -77.553  22.512 0.4000000060
219  19.922  -78.473  20.048 0.5000000000
104510  10.643  -63.775  45.286 0.3000000119
3681  13.306  -64.552  43.383 0.3000000119
3683  11.939  -63.944  44.474 0.3000000119
4087  12.111  -63.228  44.229 0.4000000060
4506  11.471  -62.503  44.349 0.4000000060
4099  12.883  -62.876  42.656 0.4000000060
5374  12.294  -60.825  42.081 0.6000000238
5384  12.723  -60.604  41.469 0.6999999881
1881  6.558  -68.564  39.409 1.0000000000
108538  7.083  -68.797  39.468 0.8999999762
4552  16.691  -62.124  38.581 0.4000000060
4544  14.711  -61.647  39.571 0.8000000119
109384  11.806  -58.669  39.489 0.8000000119
3309  7.979  -66.179  40.333 0.8999999762
98102  10.408  -69.833  38.323 0.8000000119
4942  15.312  -61.419  38.907 0.8000000119
4146  9.002  -63.734  38.458 0.8000000119
2220  6.648  -68.367  39.837 1.0000000000
91698  19.383  -62.532  38.117 0.3000000119
4564  9.891  -62.030  36.933 0.8000000119
2924  7.295  -67.065  40.549 1.0000000000
1870  8.566  -69.107  40.944 1.0000000000
96051  15.972  -61.379  38.192 0.6999999881
5420  15.074  -59.848  37.909 0.8000000119
4954  10.670  -61.831  37.174 0.8000000119
103962  9.611  -62.699  37.443 0.8000000119
3724  8.238  -64.692  39.258 0.8999999762
2923  8.324  -66.864  40.883 1.0000000000
2218  9.221  -68.875  41.366 1.0000000000
4949  19.367  -61.514  36.805 0.5000000000
5419  15.643  -60.612  37.622 0.8000000119
4953  11.347  -61.831  37.252 0.8000000119
101248  9.376  -64.337  39.844 0.8999999762
3320  8.618  -65.271  40.079 0.8999999762
5429  17.010  -60.705  36.690 0.6000000238
5445  12.740  -60.350  36.539 0.8000000119
2209  8.871  -67.864  40.993 1.0000000000
4162  21.330  -63.667  36.161 0.4000000060
5923  14.950  -60.019  36.779 0.8000000119
5444  13.737  -60.045  36.356 0.8000000119
4553  10.581  -62.924  38.318 0.8000000119
5459  16.433  -60.230  35.227 0.6999999881
4952  11.900  -61.939  37.163 0.8000000119
2561  10.317  -68.038  41.228 0.8999999762
4994  19.019  -61.163  33.536 0.5000000000
95042  11.981  -68.739  41.527 1.0000000000
2570  11.960  -67.625  40.617 1.0000000000
4586  21.639  -62.619  34.871 0.4000000060
2947  12.030  -66.223  39.150 0.8999999762
2569  12.967  -67.443  40.436 1.0000000000
4206  19.210  -63.527  32.822 0.5000000000
107332  23.147  -62.239  34.634 0.4000000060
4615  22.604  -62.499  32.844 0.4000000060
4607  21.825  -62.118  32.886 0.4000000060
3776  18.419  -64.222  33.892 0.6000000238
2945  13.644  -66.230  38.733 0.8999999762
2931  14.202  -66.711  39.384 0.8999999762
3349  17.575  -65.034  35.347 0.8000000119
3342  16.056  -65.068  37.061 0.8999999762
2944  14.556  -66.268  38.593 0.8999999762
3350  17.202  -65.334  36.127 0.8999999762
3334  16.276  -65.586  37.366 0.8999999762
3341  16.902  -65.572  36.939 0.8999999762
2243  24.160  -68.516  36.742 0.3000000119
2242  25.165  -68.486  36.281 0.3000000119
657  23.675  -75.618  25.654 0.6000000238
99331  20.714  -77.496  30.909 0.4000000060
307  20.720  -77.184  22.332 0.4000000060
198  20.231  -78.329  27.382 0.6000000238
96809  20.001  -78.214  28.846 0.6000000238
206  20.719  -78.473  24.716 0.5000000000
103  19.914  -78.340  27.885 0.6000000238
417  21.473  -76.776  21.985 0.5000000000
303  21.282  -77.830  23.874 0.4000000060
316  21.174  -77.616  20.393 0.6000000238
215  20.418  -78.055  20.800 0.6000000238
107346  20.330  -78.195  19.594 0.6000000238
226  19.990  -78.782  18.463 0.6000000238
152  19.811  -80.206  17.457 0.5000000000
95708  20.131  -78.679  16.965 0.6000000238
3696  13.766  -64.177  42.656 0.3000000119
4515  10.762  -61.908  44.000 0.4000000060
2250  8.761  -68.643  36.740 0.6000000238
107618  11.767  -60.105  41.045 0.6999999881
5889  11.405  -58.952  40.037 0.6999999881
1904  8.049  -69.168  38.162 0.8999999762
94704  9.196  -69.588  37.951 0.8000000119
2936  6.987  -66.461  39.913 1.0000000000
1902  10.414  -69.415  37.148 0.6000000238
1890  9.392  -69.953  39.036 0.8000000119
1879  7.832  -69.166  40.013 0.8999999762
1871  7.857  -68.850  40.417 1.0000000000
3723  8.956  -64.096  39.170 0.8000000119
101776  8.312  -68.613  40.811 1.0000000000
4951  16.449  -61.153  37.392 0.6999999881
4145  9.809  -63.189  38.256 0.8000000119
3308  8.947  -65.958  40.780 0.8999999762
4135  9.679  -63.724  39.222 0.8000000119
2922  9.294  -66.712  41.016 1.0000000000
4152  20.350  -64.076  37.069 0.4000000060
4575  19.935  -62.266  36.394 0.4000000060
5460  15.500  -60.458  35.511 0.8000000119
4562  11.546  -62.485  37.701 0.8000000119
3722  10.319  -63.897  39.745 0.8999999762
3319  9.495  -65.202  40.276 0.8999999762
2920  10.995  -67.091  40.942 1.0000000000
93014  22.089  -64.118  36.905 0.4000000060
4587  20.742  -62.437  34.991 0.4000000060
4960  12.437  -61.599  36.636 0.8000000119
2934  11.482  -66.460  40.020 0.8999999762
97804  21.990  -63.135  35.556 0.4000000060
4959  13.461  -61.878  35.518 0.8000000119
4585  22.658  -62.500  35.069 0.4000000060
3328  12.205  -65.598  38.568 0.8999999762
2946  12.747  -66.214  38.886 0.8999999762
2932  13.315  -66.697  39.573 1.0000000000
4196  18.645  -63.607  33.563 0.6999999881
93516  13.971  -65.439  37.472 0.8999999762
3326  14.028  -65.871  38.115 0.8999999762
3778  17.548  -64.276  35.074 0.8999999762
3335  14.914  -65.761  37.828 0.8999999762
3765  17.067  -64.564  35.807 0.8999999762
3755  16.578  -64.818  36.491 0.8999999762
631  21.606  -75.840  30.405 0.4000000060
369  21.466  -76.982  31.109 0.4000000060
196  21.018  -77.773  26.836 0.6999999881
189  20.234  -77.973  29.312 0.6000000238
201  21.158  -78.031  25.438 0.6000000238
205  21.185  -78.233  25.025 0.6000000238
415  23.068  -76.401  21.178 0.4000000060
108522  23.382  -76.199  20.532 0.5000000000
315  22.002  -77.083  20.302 0.4000000060
318  21.507  -77.399  19.797 0.6000000238
323  21.341  -77.396  18.832 0.6000000238
222  20.537  -77.977  18.666 0.6000000238
2456  8.990  -68.570  15.658 0.6999999881
2457  8.146  -68.919  15.547 0.6000000238
326  22.165  -76.714  18.234 0.6000000238
229  21.029  -77.640  18.210 0.6000000238
338  19.837  -77.753  16.151 0.6999999881
107005  22.112  -76.257  15.453 0.6000000238
339  19.532  -78.451  16.076 0.5000000000
442  19.235  -77.813  16.003 0.5000000000
4922  10.646  -60.923  42.762 0.5000000000
4921  11.624  -60.859  42.621 0.6000000238
4111  13.627  -63.112  41.291 0.5000000000
5861  11.161  -60.089  41.067 0.6999999881
6372  10.967  -58.511  39.212 0.6999999881
6378  10.968  -58.130  38.254 0.8000000119
5913  10.902  -58.659  37.011 0.8000000119
4963  10.210  -61.192  36.353 0.8000000119
107656  6.286  -67.940  39.867 1.0000000000
4157  8.912  -63.281  37.475 0.8000000119
2563  7.817  -67.777  40.679 1.0000000000
3307  9.747  -65.962  40.788 0.8999999762
4134  10.493  -63.387  39.008 0.8000000119
95851  15.080  -60.360  36.141 0.8000000119
4144  11.212  -63.088  38.537 0.8000000119
103789  10.076  -64.479  40.002 0.8999999762
5458  17.396  -60.078  35.168 0.6000000238
4561  12.254  -62.545  37.215 0.8000000119
4143  11.818  -63.582  38.848 0.8000000119
3317  10.856  -65.537  39.739 0.8999999762
4981  17.492  -60.681  33.940 0.5000000000
4969  15.833  -60.675  34.545 0.8000000119
4971  14.196  -61.349  35.018 0.8000000119
3329  11.532  -65.856  39.153 0.8999999762
4161  22.439  -63.490  36.267 0.4000000060
4608  18.891  -61.867  33.321 0.5000000000
4970  14.925  -60.977  34.719 0.8000000119
4576  13.093  -62.938  35.828 0.8000000119
3336  13.297  -65.033  37.433 0.8999999762
4584  23.557  -62.400  35.311 0.4000000060
4598  17.489  -62.920  33.963 0.6999999881
4185  18.132  -63.793  34.351 0.6000000238
3757  14.413  -64.624  36.125 0.8999999762
3343  14.895  -65.101  37.022 0.8999999762
4186  17.162  -63.512  34.594 0.8999999762
4173  16.658  -63.913  35.207 0.8999999762
3766  16.118  -64.200  35.861 0.8999999762
389  22.137  -76.844  26.979 0.6000000238
96551  21.562  -77.303  27.337 0.5000000000
273  21.163  -77.293  29.923 0.5000000000
291  21.354  -77.683  25.884 0.6000000238
407  22.510  -76.921  23.560 0.5000000000
103645  21.844  -77.691  24.891 0.4000000060
302  21.956  -77.585  24.112 0.4000000060
299  21.309  -78.092  24.512 0.4000000060
412  22.249  -76.629  22.573 0.5000000000
420  23.260  -76.217  19.930 0.5000000000
103572  22.422  -76.831  20.810 0.4000000060
2474  7.602  -69.703  15.024 0.5000000000
554  23.637  -75.621  18.255 0.6000000238
430  22.707  -76.485  19.184 0.5000000000
432  23.072  -76.034  17.692 0.6000000238
96613  22.887  -75.799  16.128 0.6000000238
337  20.669  -77.309  16.131 0.6999999881
240  20.136  -77.807  16.694 0.6999999881
345  19.800  -77.512  15.773 0.6000000238
449  20.212  -76.831  15.297 0.5000000000
451  18.931  -76.971  15.246 0.5000000000
571  18.771  -76.381  15.189 0.6000000238
2251  7.843  -68.467  37.329 0.8999999762
5890  10.590  -59.005  40.022 0.6999999881
2226  7.052  -68.669  38.228 1.0000000000
5928  10.427  -59.396  36.569 0.8000000119
4147  8.257  -63.945  37.890 0.8999999762
3322  6.673  -65.914  39.160 1.0000000000
4578  9.361  -61.638  36.307 0.8000000119
3737  11.110  -63.709  39.348 0.8999999762
105424  13.202  -61.064  36.230 0.8000000119
3736  11.566  -64.027  39.320 0.8999999762
5462  13.954  -60.779  35.778 0.8000000119
98561  12.466  -63.254  37.518 0.8000000119
93560  11.444  -65.026  39.070 0.8999999762
3318  10.202  -65.275  40.139 0.8999999762
4560  12.756  -63.077  36.812 0.8000000119
3735  12.202  -64.350  38.613 0.8999999762
4982  16.708  -60.881  33.900 0.6999999881
96053  18.111  -61.213  33.672 0.6000000238
4601  13.917  -62.243  34.493 0.8000000119
3748  12.916  -64.330  37.816 0.8999999762
4610  16.778  -62.184  33.790 0.6999999881
3344  13.870  -64.868  36.774 0.8999999762
95650  15.995  -63.283  34.395 0.8999999762
3767  14.859  -64.319  35.433 0.8999999762
107541  9.365  -72.044  19.356 0.6000000238
2053  9.729  -70.283  21.028 0.6999999881
1490  10.076  -71.762  21.190 0.5000000000
1290  9.643  -72.271  20.659 0.5000000000
1516  9.786  -72.018  17.943 0.6000000238
1744  10.454  -70.447  21.266 0.6000000238
1307  10.184  -72.782  17.064 0.6000000238
1313  10.406  -72.766  16.243 0.6000000238
402  22.739  -77.083  24.436 0.6000000238
286  21.753  -77.383  26.405 0.6000000238
1317  10.419  -72.701  15.308 0.6000000238
1538  9.305  -71.636  14.714 0.6000000238
1539  8.496  -71.406  14.933 0.6000000238
545  23.788  -75.876  21.100 0.5000000000
108935  9.299  -70.176  13.970 0.6999999881
909  23.967  -74.585  17.917 0.4000000060
92047  17.849  -69.743  13.752 0.5000000000
1803  17.921  -70.558  14.422 0.6000000238
914  23.497  -74.319  16.185 0.5000000000
727  23.791  -75.227  17.766 0.6000000238
566  22.871  -75.167  14.994 0.5000000000
96129  17.273  -71.209  15.914 0.6999999881
735  23.253  -74.496  15.437 0.5000000000
556  23.245  -75.618  17.073 0.6000000238
568  21.499  -75.979  14.795 0.5000000000
94011  17.483  -71.386  14.887 0.6999999881
101017  17.075  -72.105  14.523 0.6999999881
743  21.184  -75.564  14.694 0.5000000000
1152  16.550  -72.918  14.289 0.6999999881
107330  20.345  -75.721  14.890 0.5000000000
570  19.696  -76.505  15.096 0.6000000238
98013  18.515  -75.254  15.356 0.6999999881
4088  8.771  -62.974  43.545 0.3000000119
4101  7.258  -63.731  42.325 0.3000000119
2237  6.263  -68.357  38.207 0.8999999762
2228  6.004  -68.013  38.500 1.0000000000
2594  8.378  -67.789  36.534 0.8000000119
5929  9.531  -59.451  36.551 0.8000000119
3330  7.108  -65.092  38.865 0.8999999762
2572  6.029  -67.237  38.787 1.0000000000
4565  9.110  -62.412  36.791 0.8000000119
3749  6.881  -64.556  37.555 0.8999999762
4154  12.842  -63.756  37.278 0.8999999762
4984  14.498  -61.698  34.284 0.8000000119
4176  13.544  -63.729  35.174 0.8000000119
4996  16.227  -61.502  33.803 0.8000000119
3768  13.995  -64.362  35.307 0.8999999762
4599  15.656  -62.440  33.890 0.8000000119
4187  14.841  -63.243  34.142 0.8000000119
4175  14.291  -63.899  34.672 0.8999999762
1770  9.362  -70.554  19.980 0.6000000238
2059  10.074  -69.674  20.844 0.5000000000
1491  9.652  -71.125  20.977 0.6000000238
1515  10.348  -71.800  17.022 0.6000000238
1757  11.880  -70.392  21.016 0.5000000000
1523  10.707  -71.953  15.887 0.6999999881
2800  15.729  -67.240  16.259 0.6000000238
101822  9.945  -71.944  14.637 0.6000000238
2807  16.200  -67.911  15.407 0.5000000000
2446  16.291  -68.408  16.318 0.6000000238
2107  16.920  -69.212  16.302 0.6000000238
1505  12.971  -71.367  18.261 0.6000000238
1806  9.722  -70.846  14.264 0.6000000238
1512  14.366  -71.427  17.278 0.5000000000
2470  16.625  -68.482  14.492 0.5000000000
2106  17.471  -69.751  16.791 0.6999999881
1519  17.229  -71.047  16.999 0.6999999881
2473  8.790  -69.539  14.496 0.6999999881
1797  17.592  -70.537  15.322 0.6999999881
94234  16.669  -71.791  15.346 0.6999999881
92435  14.860  -71.872  15.634 0.6000000238
1311  13.981  -72.097  15.704 0.6000000238
1312  13.182  -72.691  16.069 0.5000000000
1305  12.811  -72.336  16.980 0.4000000060
567  22.275  -75.688  14.890 0.5000000000
1527  15.497  -71.957  15.099 0.6000000238
1528  14.544  -72.333  14.991 0.6000000238
1316  13.760  -72.766  15.073 0.5000000000
1814  18.417  -70.613  13.838 0.5000000000
1547  17.759  -71.985  14.317 0.6999999881
94236  16.091  -72.207  14.654 0.6000000238
97294  23.024  -73.232  15.168 0.5000000000
107809  23.034  -73.613  15.339 0.5000000000
931  22.547  -73.514  14.613 0.5000000000
1333  17.951  -72.139  14.266 0.6000000238
1143  15.272  -73.300  14.341 0.4000000060
1134  13.380  -73.496  15.552 0.5000000000
924  19.278  -74.593  15.075 0.6000000238
1140  18.004  -73.458  14.700 0.8000000119
927  16.554  -73.942  14.906 0.5000000000
106274  17.292  -73.913  14.947 0.6000000238
746  17.081  -74.597  15.357 0.5000000000
4080  8.415  -63.849  44.072 0.3000000119
4522  9.152  -62.137  43.004 0.3000000119
4100  8.142  -63.016  42.410 0.3000000119
4090  6.892  -64.301  42.866 0.3000000119
5403  8.869  -60.254  40.426 0.5000000000
96031  6.097  -66.984  38.014 1.0000000000
2583  6.253  -67.907  37.424 0.8999999762
2595  7.366  -67.833  36.750 0.8999999762
4165  13.121  -63.796  36.255 0.8000000119
4600  14.581  -62.406  33.988 0.8000000119
4188  13.971  -63.128  34.348 0.8000000119
2052  10.257  -69.987  21.264 0.5000000000
2068  9.745  -69.820  20.036 0.5000000000
1782  9.722  -70.417  19.131 0.6000000238
94610  12.473  -70.202  21.052 0.5000000000
1781  10.253  -70.387  18.372 0.6000000238
1788  9.856  -71.048  18.160 0.6000000238
1488  11.618  -70.891  20.723 0.5000000000
1495  12.736  -71.128  19.110 0.4000000060
1769  12.371  -70.657  20.138 0.5000000000
1529  10.801  -71.753  14.962 0.6000000238
93727  17.495  -70.195  18.225 0.6999999881
1780  13.618  -70.900  18.817 0.6000000238
3139  7.278  -67.068  16.188 0.6000000238
2439  15.799  -67.862  17.214 0.6000000238
2093  16.682  -69.064  17.226 0.6000000238
107223  17.204  -70.653  18.369 0.6999999881
1501  16.961  -71.118  18.010 0.6999999881
1504  13.968  -71.139  18.055 0.6000000238
1506  12.349  -71.658  18.665 0.6000000238
1816  9.800  -70.036  13.762 0.6999999881
105718  17.466  -69.798  17.561 0.6999999881
1502  16.253  -71.247  18.053 0.6000000238
1503  15.097  -71.065  17.996 0.6000000238
2120  17.424  -69.749  15.821 0.6999999881
1510  16.616  -71.395  17.265 0.6999999881
1511  15.561  -71.468  17.245 0.6000000238
2148  9.745  -69.571  13.821 0.6999999881
2810  7.663  -68.218  16.086 0.6000000238
2811  6.441  -67.851  15.749 0.4000000060
101529  17.335  -69.594  14.670 0.5000000000
1520  16.828  -71.490  16.402 0.6999999881
101298  15.921  -71.696  16.241 0.6000000238
1521  14.689  -71.679  16.440 0.6000000238
1522  13.611  -71.854  16.585 0.5000000000
1534  17.990  -71.461  14.309 0.6000000238
932  21.879  -73.726  14.412 0.5000000000
1550  19.889  -71.065  13.543 0.6000000238
1331  19.518  -71.644  13.832 0.6000000238
1544  19.121  -71.147  13.625 0.6000000238
933  21.013  -73.862  14.433 0.5000000000
1332  18.757  -71.766  14.083 0.6000000238
1144  14.470  -72.956  14.395 0.5000000000
934  20.007  -73.982  14.621 0.6000000238
99628  19.161  -72.297  14.219 0.6000000238
1150  18.322  -72.531  14.361 0.6000000238
1141  16.965  -73.334  14.597 0.6999999881
1142  16.105  -73.370  14.405 0.5000000000
929  14.627  -73.884  14.849 0.5000000000
106053  19.984  -74.926  15.031 0.4000000060
925  18.548  -74.234  15.079 0.6999999881
926  17.853  -74.431  15.242 0.5000000000
3671  5.151  -65.003  44.138 0.3000000119
4924  8.598  -61.987  42.173 0.3000000119
4102  6.218  -63.920  42.131 0.3000000119
5402  9.627  -60.345  40.830 0.5000000000
5876  8.842  -59.701  39.963 0.5000000000
5412  7.971  -59.962  40.019 0.5000000000
5901  8.350  -59.180  38.446 0.6999999881
5915  9.148  -58.972  37.247 0.6999999881
2962  9.005  -67.174  36.341 0.8000000119
2597  6.141  -67.225  36.655 0.8999999762
2609  8.244  -67.027  36.388 0.8999999762
2392  12.426  -68.842  21.534 0.6000000238
1743  11.959  -69.797  21.365 0.6000000238
102354  11.021  -69.830  21.356 0.5000000000
2078  11.432  -69.561  18.516 0.6000000238
107922  10.861  -71.244  16.600 0.6999999881
2412  16.955  -69.050  19.952 0.5000000000
2066  17.235  -69.676  20.138 0.6000000238
1756  13.311  -70.204  20.747 0.6000000238
1758  11.186  -70.356  21.273 0.6000000238
1764  17.296  -70.095  19.921 0.6999999881
98718  15.736  -70.466  20.079 0.6999999881
92809  14.230  -70.333  20.114 0.6000000238
1793  11.276  -71.225  15.715 0.6999999881
1776  17.261  -70.308  19.045 0.6999999881
1766  16.215  -70.622  19.608 0.6000000238
1779  14.618  -70.766  18.732 0.6000000238
1537  10.395  -71.423  14.497 0.6999999881
3545  7.091  -65.185  14.847 0.6000000238
1777  16.756  -70.774  18.797 0.6999999881
1799  11.581  -70.799  14.858 0.6999999881
1778  15.715  -70.844  18.791 0.6000000238
3140  6.520  -66.611  15.766 0.4000000060
1791  17.535  -70.477  16.384 0.6999999881
2448  8.667  -68.073  16.707 0.6000000238
1817  20.920  -70.933  13.732 0.5000000000
108331  18.825  -70.702  13.505 0.6000000238
1546  18.495  -71.422  14.036 0.6000000238
1549  20.436  -70.955  13.561 0.6000000238
1153  15.827  -73.011  14.078 0.6999999881
1330  20.959  -72.262  13.735 0.6000000238
105442  16.161  -72.624  14.283 0.6000000238
2472  9.619  -68.848  14.430 0.6000000238
1148  20.512  -73.040  14.169 0.6000000238
1149  19.578  -73.024  14.336 0.6000000238
1151  17.445  -72.784  14.453 0.6999999881
1328  22.179  -72.135  13.915 0.5000000000
935  19.028  -73.692  14.690 0.6000000238
108509  18.798  -72.989  14.424 0.6999999881
4930  8.894  -61.350  41.621 0.4000000060
107001  8.351  -61.267  41.101 0.3000000119
4931  7.909  -61.828  41.502 0.3000000119
4932  6.989  -61.930  41.139 0.3000000119
5892  8.542  -59.368  39.359 0.6000000238
5916  8.261  -59.213  37.491 0.6999999881
5463  8.216  -60.599  35.465 0.6999999881
5449  7.583  -60.032  35.909 0.6999999881
2252  6.675  -68.194  37.448 0.8999999762
4167  7.641  -63.424  36.313 0.8000000119
2607  10.035  -66.707  35.458 0.6000000238
2956  5.903  -66.716  37.157 1.0000000000
2611  6.277  -67.207  36.046 0.8999999762
2610  6.867  -67.361  36.123 0.8999999762
2040  13.054  -68.909  21.956 0.6999999881
2404  12.072  -68.572  20.868 0.6999999881
2039  13.576  -69.189  21.934 0.6999999881
2067  10.569  -69.274  20.227 0.6000000238
1787  10.538  -70.800  17.483 0.6999999881
1740  15.759  -69.999  21.357 0.6999999881
1742  12.935  -69.703  21.463 0.6000000238
97973  11.130  -69.214  19.433 0.6000000238
1753  17.068  -70.153  20.568 0.6999999881
2094  11.780  -69.878  17.495 0.6000000238
1786  11.372  -70.570  16.795 0.6999999881
2076  17.113  -69.539  18.224 0.6000000238
1754  16.352  -70.352  20.501 0.6999999881
1768  13.375  -70.620  19.645 0.5000000000
3533  7.902  -65.208  15.230 0.6000000238
1805  10.651  -70.404  13.932 0.8000000119
3521  8.045  -65.839  16.306 0.6000000238
2147  10.675  -69.535  13.665 0.8000000119
1785  17.284  -70.780  17.780 0.6999999881
2788  8.964  -65.923  18.729 0.6999999881
2803  9.223  -67.729  16.962 0.6999999881
1545  19.277  -70.306  13.204 0.6000000238
1818  19.837  -70.302  13.252 0.6000000238
5893  7.607  -59.611  39.051 0.6000000238
4972  8.296  -61.307  35.266 0.8000000119
4177  7.247  -62.996  35.533 0.8000000119
91836  5.842  -65.236  35.934 1.0000000000
2380  13.825  -68.817  22.094 0.6999999881
2415  11.489  -68.821  20.084 0.6999999881
2077  12.288  -69.365  18.027 0.6999999881
2430  11.978  -69.045  19.041 0.6999999881
3936  7.822  -64.431  14.554 0.6000000238
1755  15.171  -70.229  20.575 0.6999999881
3520  8.670  -64.893  17.812 0.6999999881
3546  6.255  -64.971  14.903 0.6000000238
3534  6.503  -65.680  15.377 0.5000000000
93733  8.990  -67.386  17.909 0.6999999881
4178  6.519  -63.546  35.148 0.8000000119
2982  10.347  -66.375  34.811 0.6000000238
3351  5.622  -65.905  36.139 1.0000000000
2971  6.265  -66.994  35.175 0.8999999762
2985  6.953  -66.554  34.659 0.8000000119
2983  9.625  -66.088  35.148 0.6999999881
2391  13.280  -68.581  21.789 0.6000000238
98724  12.887  -68.408  21.296 0.5000000000
2379  14.531  -68.375  22.349 0.6000000238
2403  13.162  -68.170  20.507 0.6999999881
2441  13.104  -69.118  17.446 0.6000000238
2036  16.583  -69.132  22.321 0.5000000000
2037  15.729  -69.107  22.548 0.6999999881
2049  14.389  -69.390  21.947 0.6999999881
2414  12.629  -68.468  19.662 0.6999999881
2429  12.881  -68.868  18.488 0.6000000238
108294  12.455  -69.594  17.178 0.6999999881
5158  7.615  -61.583  13.827 0.6000000238
2428  13.460  -68.307  18.818 0.6000000238
4761  8.030  -62.609  14.006 0.6000000238
4368  7.060  -63.957  13.997 0.6000000238
95168  17.303  -68.235  21.171 0.5000000000
2046  17.120  -69.384  21.312 0.6000000238
2048  16.159  -69.616  21.969 0.6999999881
3937  6.755  -64.522  14.403 0.6000000238
2109  12.167  -70.013  16.377 0.6999999881
4367  7.916  -63.518  14.207 0.6000000238
2447  13.452  -68.879  16.442 0.6000000238
2123  12.561  -69.684  14.811 0.6999999881
2124  12.246  -70.269  15.217 0.6999999881
3926  8.825  -64.547  15.636 0.6000000238
107269  13.465  -68.530  15.348 0.6999999881
99803  12.475  -69.131  14.404 0.6999999881
1815  11.364  -69.822  13.753 0.6999999881
2146  11.590  -69.025  13.781 0.6999999881
107121  11.011  -68.823  13.716 0.6999999881
2809  9.654  -68.063  15.359 0.6999999881
109182  9.484  -67.088  17.210 0.6999999881
3138  9.775  -66.989  16.073 0.6999999881
2817  10.229  -68.138  14.221 0.6999999881
107292  10.754  -67.567  14.022 0.6999999881
3358  10.260  -65.771  34.463 0.6000000238
3368  10.512  -65.544  33.821 0.5000000000
6078  8.562  -59.650  18.533 0.6999999881
2038  14.647  -69.027  22.385 0.6000000238
2769  13.748  -67.959  21.215 0.5000000000
5630  8.244  -60.911  14.300 0.6000000238
2778  13.840  -67.648  20.079 0.6000000238
95312  13.461  -68.560  18.042 0.5000000000
3938  6.034  -64.141  14.510 0.6000000238
4366  8.735  -63.187  14.424 0.6000000238
5175  6.936  -62.267  13.578 0.6000000238
102158  6.455  -63.580  14.001 0.6000000238
2108  12.852  -69.468  16.469 0.6000000238
3935  8.720  -63.887  14.751 0.6000000238
3927  5.502  -64.557  15.262 0.5000000000
101561  9.523  -66.323  17.313 0.6999999881
99771  13.460  -67.942  14.521 0.6999999881
92162  11.419  -68.042  13.848 0.6999999881
3156  10.750  -66.693  14.217 0.6999999881
2830  11.341  -67.066  13.869 0.6999999881
5203  12.679  -61.597  11.658 0.5000000000
3384  8.097  -64.913  33.186 0.8000000119
5621  8.618  -60.662  15.333 0.6999999881
5125  8.792  -61.328  16.617 0.6999999881
94350  8.873  -61.101  14.851 0.6999999881
4763  5.618  -62.253  14.119 0.5000000000
4760  8.658  -61.726  14.253 0.6999999881
4771  6.213  -61.985  13.603 0.6000000238
4369  5.758  -63.243  14.305 0.6000000238
4357  5.284  -63.725  15.013 0.5000000000
2802  13.958  -68.034  16.336 0.6000000238
2801  14.259  -66.874  16.293 0.6000000238
3925  9.212  -64.874  16.023 0.6999999881
108901  13.835  -67.316  14.590 0.6000000238
2816  12.846  -68.024  14.041 0.6999999881
92340  12.195  -68.103  13.966 0.6999999881
3531  9.704  -65.669  15.875 0.6999999881
2827  13.308  -67.323  14.077 0.6999999881
100436  10.160  -66.435  14.997 0.6999999881
3800  10.644  -64.224  32.893 0.6000000238
6090  8.118  -58.782  16.776 0.6999999881
6581  7.751  -58.182  17.476 0.8000000119
6105  8.482  -60.300  16.181 0.6000000238
6117  8.243  -59.835  15.285 0.6000000238
5622  7.944  -60.005  14.529 0.6000000238
6135  6.514  -59.033  14.398 0.6999999881
97743  6.027  -59.562  14.318 0.6000000238
5632  6.572  -59.844  13.996 0.6000000238
5631  7.276  -60.450  13.874 0.6000000238
5160  5.876  -61.340  13.742 0.6000000238
3934  9.211  -64.286  15.049 0.6000000238
94312  9.772  -64.807  14.957 0.6999999881
2828  12.692  -67.297  13.908 0.6999999881
3172  11.810  -66.535  13.742 0.6999999881
4391  13.426  -63.919  12.589 0.5000000000
3798  11.417  -64.001  32.177 0.6000000238
102905  10.815  -62.669  32.220 0.6000000238
87761  11.031  -59.956  29.878 0.5000000000
90722  11.115  -59.157  30.859 0.6999999881
90556  10.074  -58.030  30.457 0.6000000238
6555  8.299  -58.082  19.081 0.6999999881
6580  8.202  -58.839  18.011 0.6999999881
101480  8.376  -59.756  16.745 0.6000000238
6118  7.734  -59.184  14.916 0.6000000238
6134  7.215  -59.421  14.304 0.6000000238
2793  14.106  -67.431  17.230 0.5000000000
5140  9.000  -61.318  15.785 0.6999999881
104123  9.135  -61.222  14.931 0.6999999881
94296  5.301  -61.426  14.384 0.5000000000
99887  5.051  -60.745  14.906 0.6000000238
4759  8.909  -62.569  14.363 0.6999999881
98169  4.819  -61.663  15.204 0.5000000000
4358  4.816  -63.280  15.613 0.5000000000
101747  9.205  -63.114  14.397 0.6999999881
3945  9.799  -64.107  14.455 0.6999999881
3154  14.333  -65.970  14.861 0.5000000000
2808  14.005  -67.637  15.343 0.6000000238
3933  10.436  -64.707  14.027 0.6999999881
3170  13.124  -66.450  13.738 0.6999999881
3558  12.696  -65.710  13.384 0.6999999881
3544  10.436  -65.650  14.382 0.6999999881
4408  12.420  -62.920  12.354 0.6000000238
3958  12.059  -64.358  12.822 0.6000000238
91178  11.464  -63.650  31.511 0.5000000000
87755  9.963  -62.973  32.134 0.6999999881
89896  10.168  -62.066  32.146 0.6999999881
89902  11.342  -62.536  31.693 0.5000000000
102916  11.060  -61.792  32.058 0.6999999881
87769  10.593  -61.298  31.939 0.8000000119
103046  11.255  -60.982  31.109 0.6999999881
103080  10.906  -60.609  31.602 0.8000000119
89971  10.445  -59.915  31.892 0.8999999762
9371  4.956  -53.542  19.110 0.6000000238
8149  5.473  -54.901  18.900 0.8000000119
7043  7.344  -57.344  18.386 0.6999999881
7569  6.305  -56.238  17.952 0.8000000119
101001  5.099  -54.286  18.554 0.6000000238
7057  7.206  -57.433  17.475 0.8000000119
7579  5.626  -55.927  16.870 0.6999999881
101107  6.610  -57.086  16.279 0.6999999881
101770  5.834  -56.906  15.752 0.6000000238
6089  8.409  -59.732  17.638 0.6999999881
6596  7.558  -58.490  15.546 0.6999999881
7073  7.404  -57.856  16.421 0.6999999881
6609  7.026  -58.608  14.753 0.6999999881
6611  5.467  -58.271  15.207 0.6000000238
7091  5.726  -57.550  15.366 0.6000000238
5098  8.710  -61.428  18.079 0.6999999881
109914  8.938  -61.868  17.115 0.6999999881
6119  5.770  -58.951  14.693 0.6000000238
5623  4.871  -60.117  15.536 0.6000000238
5139  9.572  -61.379  15.694 0.6000000238
5157  9.137  -61.795  14.365 0.6000000238
4379  9.741  -63.476  13.975 0.6999999881
91710  4.579  -61.997  16.125 0.6000000238
92996  4.616  -62.807  16.294 0.6000000238
5156  9.592  -61.073  14.706 0.6999999881
4770  9.381  -62.572  13.966 0.6999999881
3155  13.840  -66.665  14.289 0.6000000238
3944  10.474  -63.732  13.156 0.6999999881
109264  10.291  -64.090  13.718 0.6999999881
3543  13.774  -65.801  14.039 0.5000000000
3559  11.913  -65.739  13.373 0.6999999881
106496  10.869  -64.477  13.248 0.6999999881
3570  13.034  -64.975  13.125 0.6999999881
3560  11.119  -65.291  13.495 0.6999999881
4392  12.703  -63.805  12.551 0.6000000238
3572  11.572  -64.868  13.070 0.6000000238
3959  11.188  -64.110  12.812 0.6000000238
90620  11.274  -61.437  30.203 0.5000000000
91236  9.636  -61.310  31.700 0.8000000119
87771  11.237  -60.540  30.403 0.6000000238
87760  8.406  -61.299  31.069 0.8999999762
90252  11.187  -59.828  30.661 0.8000000119
97601  10.806  -58.538  30.875 0.6999999881
102903  10.128  -60.624  31.888 0.8999999762
103279  10.593  -59.226  32.133 0.8999999762
90339  9.958  -57.477  31.211 0.6999999881
6900  9.883  -57.050  31.977 0.6000000238
9965  4.193  -51.604  19.733 0.6999999881
10539  3.929  -51.023  19.886 0.6000000238
9373  3.938  -53.205  18.824 0.6000000238
7560  6.593  -56.108  18.969 0.6999999881
8148  6.158  -55.449  19.372 0.6999999881
7032  8.602  -57.662  19.551 0.6000000238
7568  7.057  -56.789  18.674 0.8000000119
6554  8.925  -58.594  19.448 0.6000000238
5580  8.940  -60.368  18.982 0.6999999881
6610  6.204  -58.296  14.862 0.6000000238
6598  4.814  -58.392  15.914 0.6000000238
5097  9.190  -62.084  18.388 0.6999999881
6107  4.647  -59.509  16.157 0.6000000238
5634  5.451  -59.805  14.781 0.6000000238
92151  4.476  -61.432  16.819 0.5000000000
5174  9.876  -61.806  13.143 0.6999999881
4378  9.994  -62.896  13.053 0.6999999881
4393  11.750  -63.548  12.596 0.6000000238
5186  12.121  -61.043  12.077 0.5000000000
4779  11.436  -62.667  12.382 0.6000000238
89878  9.369  -59.982  31.800 0.8999999762
87772  10.843  -58.777  31.620 0.8999999762
87773  10.588  -58.081  31.365 0.8000000119
10525  4.164  -50.786  20.250 0.8000000119
9386  4.160  -53.912  18.606 0.6000000238
9385  4.308  -53.809  18.636 0.6000000238
8797  4.468  -54.535  18.374 0.6000000238
7558  8.241  -56.838  19.807 0.6999999881
7559  7.381  -56.528  19.423 0.6000000238
6566  8.412  -58.787  18.838 0.6999999881
105288  9.313  -60.129  19.529 0.6999999881
5085  9.620  -61.816  19.246 0.6999999881
5613  4.513  -60.493  16.487 0.5000000000
87775  8.122  -58.987  32.188 0.8999999762
87789  7.116  -58.595  32.162 0.8000000119
6887  6.099  -57.204  33.223 0.8000000119
6411  9.741  -58.301  33.425 0.8999999762
90492  10.529  -58.541  32.390 0.8999999762
6417  9.005  -58.767  32.891 0.8999999762
6884  10.112  -57.723  33.824 0.8999999762
6870  10.278  -57.219  33.957 0.8999999762
6894  10.323  -57.329  32.742 0.8000000119
7952  9.563  -55.933  33.949 0.8000000119
6412  8.785  -58.279  33.522 0.8000000119
8571  7.899  -54.125  34.229 0.6999999881
9943  4.643  -51.738  20.720 0.8000000119
8771  6.021  -54.750  20.702 0.8000000119
11052  3.649  -49.624  21.689 0.6999999881
10508  4.467  -50.953  21.305 0.8000000119
8770  6.810  -54.971  20.919 0.6999999881
9924  5.099  -52.151  21.950 0.8000000119
8131  7.501  -55.403  20.646 0.8000000119
9325  5.527  -53.772  21.888 0.8000000119
9942  5.184  -52.805  21.342 0.8000000119
8178  4.432  -55.602  17.552 0.6000000238
7542  8.889  -56.301  20.434 0.6999999881
8754  6.452  -54.659  21.555 0.6999999881
109084  5.697  -55.677  17.561 0.6999999881
8176  5.207  -55.312  17.394 0.6000000238
7581  4.578  -55.895  16.839 0.5000000000
8740  6.897  -54.494  22.410 0.8000000119
8741  6.021  -54.325  22.235 0.6999999881
92416  5.745  -52.661  23.616 0.8000000119
7580  5.007  -55.725  16.636 0.5000000000
7076  4.221  -57.164  16.532 0.5000000000
7031  9.365  -57.919  19.812 0.6999999881
7017  9.199  -57.150  20.117 0.6000000238
8725  7.387  -53.995  23.190 0.8000000119
7595  4.799  -56.144  16.162 0.5000000000
6067  9.494  -59.458  19.686 0.6000000238
8751  9.869  -54.250  22.179 0.8000000119
8739  8.008  -54.406  22.510 0.8000000119
5579  9.438  -60.923  19.518 0.8000000119
8737  10.272  -53.547  22.297 0.8000000119
6599  4.235  -58.048  16.597 0.5000000000
6582  4.086  -58.696  17.393 0.5000000000
5083  11.440  -61.680  19.588 0.6999999881
5084  10.379  -61.929  19.545 0.8000000119
4697  9.860  -62.336  18.916 0.6999999881
4723  9.900  -62.334  18.260 0.6000000238
9941  9.896  -52.439  21.689 0.6000000238
6108  4.341  -59.018  16.767 0.5000000000
6091  4.342  -59.925  17.065 0.5000000000
5107  12.181  -61.266  18.381 0.6999999881
5108  11.163  -61.837  18.013 0.6999999881
5124  9.290  -61.785  16.668 0.6000000238
6076  12.659  -60.062  18.382 0.6000000238
5601  12.364  -61.098  17.512 0.6999999881
93314  10.101  -61.995  17.296 0.6999999881
5138  10.591  -60.903  15.317 0.6000000238
98694  9.838  -60.934  13.678 0.6999999881
11071  7.856  -50.062  20.956 0.6000000238
5600  12.712  -60.548  17.927 0.6000000238
5611  12.393  -60.795  16.586 0.6999999881
5620  12.049  -60.587  15.608 0.6999999881
6087  13.132  -59.693  17.454 0.5000000000
5629  10.327  -60.484  14.131 0.6999999881
99429  10.164  -60.934  13.005 0.6000000238
4780  10.581  -62.339  12.586 0.6000000238
5610  13.058  -60.331  16.992 0.6000000238
5619  13.121  -60.211  16.033 0.6000000238
5628  11.309  -60.234  14.498 0.6000000238
6115  13.374  -59.336  15.468 0.6000000238
6131  12.695  -59.014  14.240 0.5000000000
6144  11.612  -59.548  13.190 0.6000000238
5665  11.474  -60.420  12.596 0.6000000238
5666  10.754  -60.657  12.774 0.6000000238
101642  11.121  -61.923  12.225 0.6000000238
4394  10.826  -63.253  12.712 0.6000000238
4797  11.977  -61.972  11.986 0.6000000238
105564  6.858  -57.974  32.835 0.8000000119
98417  7.305  -57.588  33.717 0.6999999881
6885  9.488  -57.818  34.111 0.8000000119
6871  9.964  -57.220  34.579 0.8999999762
7376  10.035  -56.653  34.292 0.8000000119
7378  8.504  -56.948  35.316 0.8000000119
107211  9.831  -56.553  35.002 0.8999999762
7942  9.104  -55.271  34.480 0.8000000119
8570  8.687  -54.651  34.829 0.8000000119
9196  7.332  -53.409  34.444 0.6000000238
9913  5.003  -51.431  22.539 0.8000000119
91293  4.230  -50.044  21.957 0.6999999881
8130  8.559  -55.629  20.827 0.8000000119
8753  7.507  -54.845  21.551 0.8000000119
10492  5.442  -51.931  23.531 0.8000000119
8129  9.632  -55.739  21.058 0.6999999881
8752  8.675  -54.637  21.897 0.8000000119
8726  6.344  -54.035  22.953 0.8999999762
9900  5.871  -52.138  24.153 0.8999999762
6535  10.701  -58.634  19.900 0.6999999881
5564  10.814  -60.713  20.271 0.8000000119
5565  9.954  -60.300  20.061 0.6999999881
9309  9.114  -53.156  23.218 0.8000000119
9340  11.355  -54.258  21.142 0.6999999881
10537  9.134  -51.670  21.332 0.6000000238
5591  12.341  -60.762  18.768 0.6000000238
9357  10.915  -53.447  20.963 0.4000000060
10524  8.964  -51.202  21.959 0.6000000238
6133  10.949  -59.957  13.567 0.6000000238
5645  11.006  -59.977  13.019 0.6000000238
103191  6.440  -58.775  31.563 0.8000000119
6418  6.044  -58.262  31.975 0.8999999762
7390  5.326  -56.558  33.667 0.8000000119
106669  7.867  -58.023  33.390 0.8000000119
7379  5.944  -56.294  34.544 0.6999999881
6874  6.649  -56.911  34.073 0.8000000119
6886  8.429  -57.804  34.057 0.8000000119
7369  6.629  -56.164  35.471 0.6999999881
7929  9.233  -55.569  35.718 0.8999999762
7357  9.056  -55.808  36.187 0.8999999762
9195  8.217  -53.955  35.130 0.8000000119
10493  4.987  -50.819  23.218 0.8000000119
11040  4.374  -49.669  23.014 0.6000000238
9299  6.148  -52.892  23.842 0.8000000119
9310  6.594  -53.502  23.497 0.8000000119
10483  5.506  -51.408  24.146 0.8000000119
8112  9.253  -55.055  21.491 0.8000000119
8724  8.569  -53.794  23.020 0.8000000119
106831  5.809  -51.624  24.526 0.8999999762
8128  10.743  -55.916  21.137 0.6999999881
9899  6.467  -52.289  24.286 0.8000000119
9891  6.134  -51.754  24.737 0.8000000119
7540  11.106  -56.757  20.709 0.6999999881
6049  10.711  -59.775  20.093 0.6999999881
7016  10.288  -57.616  20.193 0.6999999881
9921  9.682  -52.534  22.559 0.6999999881
10507  9.001  -51.061  23.309 0.6999999881
11039  8.803  -50.483  23.661 0.6999999881
6048  11.412  -60.188  20.083 0.6000000238
8146  12.580  -56.065  20.123 0.6000000238
96375  11.759  -59.748  19.561 0.6000000238
7014  12.090  -57.354  20.186 0.6999999881
8781  12.189  -55.070  19.903 0.5000000000
9356  11.504  -54.354  20.442 0.5000000000
11064  8.377  -50.215  21.959 0.6999999881
9963  9.367  -52.168  20.729 0.5000000000
6143  12.030  -58.930  12.958 0.5000000000
94322  7.273  -56.726  34.987 0.8000000119
7931  5.987  -55.536  35.884 0.6999999881
7359  7.253  -55.906  36.269 0.6999999881
8535  7.595  -54.331  37.957 0.8000000119
8558  8.785  -54.710  35.740 0.8999999762
9183  8.286  -53.829  36.098 0.8000000119
9184  7.617  -53.192  35.360 0.6999999881
9799  6.750  -52.649  34.611 0.5000000000
11580  4.087  -48.427  23.718 0.6000000238
10479  5.105  -50.066  24.680 0.6000000238
8111  10.420  -55.029  21.550 0.6999999881
9298  6.862  -52.888  23.900 0.8000000119
95269  8.144  -53.302  23.434 0.8000000119
9898  7.327  -52.241  24.267 0.8000000119
8110  11.393  -55.278  21.298 0.6999999881
9911  7.749  -52.721  23.790 0.8000000119
7539  11.970  -56.725  20.619 0.6999999881
96684  10.912  -54.324  21.646 0.6999999881
8750  10.722  -53.537  21.706 0.8000000119
6533  11.564  -58.053  19.702 0.6999999881
9920  10.337  -53.015  22.250 0.8000000119
10538  8.506  -51.561  20.468 0.5000000000
8537  5.031  -54.183  37.485 0.6999999881
8544  5.827  -54.741  37.068 0.6999999881
7918  8.454  -55.354  36.630 0.8000000119
7917  8.790  -55.147  36.308 0.8999999762
8543  8.477  -54.443  36.599 0.8999999762
9773  7.771  -52.971  36.311 0.8999999762
11572  4.655  -49.048  24.807 0.6000000238
105273  4.161  -48.242  24.968 0.6000000238
10478  5.660  -51.068  24.967 0.6999999881
9910  8.676  -52.551  23.524 0.8000000119
10476  7.457  -51.457  25.486 0.8000000119
7530  12.188  -56.159  20.813 0.6999999881
9308  9.330  -52.494  23.160 0.6999999881
9897  8.262  -51.884  23.973 0.8000000119
9922  9.044  -51.823  23.543 0.8000000119
11616  7.601  -49.337  21.689 0.6999999881
9144  3.532  -53.597  39.180 0.6999999881
92393  4.206  -54.343  37.285 0.6999999881
9162  3.992  -53.497  38.660 0.6999999881
8536  6.414  -54.389  37.854 0.6999999881
8534  8.275  -54.302  37.351 0.8999999762
91822  6.469  -51.538  35.713 0.6999999881
11023  5.394  -50.210  25.546 0.6000000238
10477  6.455  -51.401  25.412 0.8000000119
11017  5.682  -50.147  26.353 0.6999999881
9889  7.901  -51.658  24.753 0.8000000119
10467  7.946  -51.065  26.146 0.8000000119
12639  9.796  -47.984  25.380 0.4000000060
10475  8.399  -51.293  25.457 0.8000000119
10491  8.793  -51.214  23.887 0.6999999881
10482  8.802  -51.284  24.695 0.6999999881
11627  7.264  -49.351  20.909 0.6000000238
9143  3.897  -52.888  39.493 0.6999999881
9755  4.443  -53.005  38.970 0.6999999881
9731  3.636  -52.610  40.472 0.6999999881
9159  7.443  -53.581  38.470 0.8000000119
9168  8.081  -53.612  37.964 0.8999999762
9174  8.228  -53.562  37.133 0.8999999762
10374  7.384  -51.985  36.554 0.8999999762
93650  4.988  -51.270  35.105 0.6000000238
101575  4.682  -48.736  25.535 0.5000000000
106117  5.460  -49.477  26.525 0.6000000238
12128  9.574  -48.688  25.717 0.5000000000
11564  9.239  -49.228  26.834 0.6000000238
11013  8.938  -50.035  26.465 0.5000000000
11015  7.432  -50.683  26.619 0.6999999881
11016  6.546  -50.435  26.688 0.8000000119
11008  5.999  -49.713  26.915 0.6000000238
11578  9.363  -49.602  25.350 0.5000000000
10474  8.966  -50.910  25.391 0.6999999881
12143  8.942  -47.882  24.435 0.5000000000
12135  9.217  -48.461  24.916 0.6000000238
11027  9.269  -50.533  25.020 0.6000000238
12136  8.723  -48.627  24.240 0.6000000238
100410  8.349  -48.781  23.714 0.6000000238
11028  9.032  -50.586  24.302 0.6000000238
11606  7.220  -48.532  22.292 0.6000000238
11605  7.832  -49.140  22.709 0.6999999881
99354  4.531  -52.261  39.471 0.6999999881
9161  5.428  -53.188  38.807 0.6999999881
9160  6.583  -53.421  38.760 0.8000000119
106584  7.923  -52.704  37.114 0.8999999762
11558  4.853  -48.127  26.542 0.5000000000
91395  8.062  -49.806  27.473 0.6999999881
11007  7.419  -50.209  27.165 0.6999999881
90582  5.450  -48.949  26.952 0.5000000000
11579  9.128  -49.677  24.642 0.6000000238
12156  7.918  -48.396  23.338 0.6000000238
10326  4.893  -51.435  40.109 0.6999999881
9742  6.699  -52.016  39.098 0.8000000119
9141  6.173  -52.700  39.101 0.8000000119
9158  7.712  -52.921  38.384 0.8999999762
9764  7.962  -52.888  37.801 0.8999999762
10935  5.723  -50.815  36.147 0.8000000119
90239  8.475  -49.288  27.600 0.6000000238
87820  7.893  -49.107  27.851 0.5000000000
108866  6.186  -48.205  27.706 0.5000000000
106854  9.924  -48.157  26.122 0.4000000060
87824  6.283  -49.074  27.455 0.5000000000
12638  10.757  -47.685  25.287 0.4000000060
12114  9.648  -48.401  27.191 0.5000000000
12646  10.941  -47.704  24.425 0.4000000060
12144  8.506  -47.956  23.746 0.5000000000
10314  5.143  -50.628  40.574 0.6999999881
11391  7.245  -48.598  43.579 0.5000000000
9765  7.576  -52.163  38.197 0.8999999762
10357  7.252  -51.244  37.319 0.8999999762
106415  6.718  -51.225  36.537 0.8000000119
10920  3.560  -49.804  36.318 0.6000000238
10936  4.314  -50.577  35.987 0.6000000238
87819  7.751  -48.217  28.012 0.5000000000
90546  7.016  -48.660  27.864 0.5000000000
12108  9.230  -48.228  27.735 0.5000000000
12113  9.940  -47.770  27.192 0.5000000000
12628  10.517  -47.638  25.975 0.4000000060
12637  11.730  -47.275  24.968 0.4000000060
11981  5.792  -47.018  42.931 0.5000000000
10867  5.743  -50.073  40.483 0.8000000119
11421  5.109  -48.516  41.546 0.8000000119
11979  7.803  -48.046  42.855 0.5000000000
11980  6.761  -47.500  43.104 0.5000000000
11990  5.132  -47.467  41.742 0.6999999881
10340  7.331  -51.414  38.631 0.8999999762
15161  14.941  -41.897  36.382 0.6000000238
106326  12.628  -40.835  37.663 0.6000000238
99727  11.747  -41.200  37.792 0.8000000119
15698  11.689  -40.784  36.827 0.6999999881
15687  11.434  -41.099  37.175 0.8000000119
15130  10.971  -41.798  37.699 0.8000000119
10918  6.381  -50.466  37.045 0.8000000119
101889  9.800  -47.237  27.326 0.5000000000
87823  7.696  -47.340  27.816 0.6000000238
87817  6.741  -47.626  27.814 0.6000000238
100610  8.550  -47.813  27.965 0.5000000000
90537  9.133  -46.768  27.489 0.5000000000
10881  6.448  -49.859  39.940 0.8000000119
11987  8.909  -48.162  41.614 0.4000000060
10880  7.090  -50.565  39.210 0.8999999762
96558  15.005  -41.978  35.309 0.5000000000
92285  14.087  -41.643  36.716 0.6000000238
12520  6.536  -46.929  41.643 0.6999999881
10347  7.500  -51.347  38.128 0.8999999762
15118  11.745  -41.821  38.400 0.8000000119
11988  8.125  -47.572  42.049 0.6000000238
94888  14.136  -42.056  35.673 0.6999999881
14055  10.634  -44.061  37.959 0.8000000119
12545  8.913  -46.291  38.023 0.6000000238
12528  6.848  -47.336  40.758 0.8000000119
11486  5.913  -49.436  37.386 0.8000000119
13501  9.913  -44.935  38.036 0.6999999881
12053  3.039  -47.968  35.174 0.6000000238
11487  4.302  -49.082  37.063 0.8000000119
108346  6.930  -45.964  27.067 0.5000000000
15144  15.686  -42.079  37.109 0.5000000000
15145  14.934  -41.416  37.430 0.5000000000
15160  15.628  -42.354  36.030 0.4000000060
15129  12.469  -41.122  38.172 0.8000000119
11996  8.961  -47.727  40.999 0.5000000000
109614  8.504  -47.652  41.521 0.6000000238
11438  6.352  -48.735  40.081 0.8000000119
11437  6.766  -49.567  39.427 0.8000000119
10897  7.300  -50.761  38.623 0.8999999762
15178  15.683  -42.198  34.890 0.4000000060
14587  11.147  -42.876  38.244 0.8000000119
94935  6.471  -47.748  40.281 0.8000000119
11455  7.075  -49.712  38.899 0.8999999762
15697  12.168  -40.706  37.146 0.6999999881
12518  8.370  -47.433  40.645 0.8000000119
12519  7.490  -47.208  41.161 0.6000000238
11456  6.863  -48.363  39.257 0.8000000119
106155  6.590  -49.249  38.178 0.8000000119
15194  14.949  -41.996  34.226 0.6000000238
15163  12.408  -41.788  35.608 0.6999999881
13494  10.093  -45.428  38.689 0.8000000119
13495  9.341  -45.674  38.164 0.6000000238
12536  9.154  -46.807  38.765 0.6999999881
12546  8.598  -47.146  38.140 0.6999999881
95259  6.812  -48.740  38.336 0.8000000119
15179  13.379  -42.191  34.915 0.6999999881
15712  11.728  -40.867  36.448 0.6999999881
13024  9.460  -46.172  38.655 0.6999999881
101081  7.166  -48.036  37.356 0.6999999881
12019  4.811  -48.338  36.810 0.8000000119
12555  8.093  -47.648  37.780 0.6999999881
106338  16.306  -42.684  36.802 0.3000000119
15117  12.465  -41.874  39.025 0.8000000119
12517  9.171  -47.441  40.245 0.6999999881
14041  11.369  -43.870  38.652 0.8000000119
14042  10.732  -44.715  38.668 0.8000000119
13023  10.173  -46.017  39.062 0.8000000119
12002  7.331  -47.790  39.703 0.8000000119
15193  15.763  -42.154  33.920 0.6000000238
108067  14.315  -42.093  34.803 0.6000000238
108473  9.722  -45.805  38.654 0.8000000119
12537  8.682  -47.264  39.014 0.8000000119
12538  8.104  -47.570  39.317 0.8000000119
15205  15.970  -41.796  33.183 0.6000000238
15195  13.997  -42.059  34.072 0.6000000238
15686  12.052  -40.797  37.424 0.8000000119
12018  6.500  -48.419  37.536 0.6999999881
12011  7.347  -48.321  38.734 0.8000000119
11469  5.567  -48.736  37.406 0.8000000119
15164  11.404  -41.541  35.231 0.6999999881
15126  16.068  -42.732  37.707 0.4000000060
15127  14.589  -41.216  38.101 0.6000000238
102371  13.170  -41.432  38.679 0.6999999881
14576  11.856  -42.799  38.951 0.8000000119
14624  16.780  -43.070  34.991 0.3000000119
105336  11.430  -44.567  39.078 0.8000000119
12525  9.905  -47.295  39.954 0.6999999881
15177  16.341  -42.514  34.478 0.4000000060
14630  18.942  -42.990  33.673 0.3000000119
14631  17.914  -42.907  33.862 0.4000000060
13015  9.849  -46.692  39.328 0.8000000119
12526  8.592  -47.400  39.809 0.8000000119
15204  16.712  -41.861  32.885 0.5000000000
108814  14.493  -41.814  33.463 0.6000000238
12010  7.786  -47.866  38.878 0.8000000119
12547  8.181  -47.570  38.520 0.6999999881
12017  7.568  -47.932  38.156 0.6999999881
94576  8.186  -44.520  26.117 0.6000000238
14166  9.776  -45.079  25.227 0.5000000000
13583  8.830  -45.613  26.551 0.6000000238
103566  7.252  -44.819  26.826 0.6000000238
102884  6.514  -44.740  27.287 0.5000000000
13590  10.462  -45.903  25.782 0.6000000238
13582  9.926  -46.195  26.385 0.6000000238
14622  18.443  -43.431  34.453 0.3000000119
14612  16.702  -43.223  35.949 0.3000000119
13488  10.969  -45.360  39.206 0.8000000119
15176  19.774  -42.808  34.009 0.3000000119
107670  10.404  -46.485  39.402 0.8000000119
104200  18.983  -42.397  33.105 0.5000000000
15201  19.523  -42.050  32.843 0.5000000000
15751  19.423  -41.536  32.141 0.5000000000
14167  8.493  -44.183  25.460 0.6000000238
14174  10.262  -45.006  24.616 0.5000000000
15188  20.116  -42.135  33.475 0.3000000119
16320  20.346  -40.943  32.460 0.4000000060
92771  20.499  -40.104  32.634 0.4000000060
14712  8.118  -43.276  25.063 0.6000000238
100483  7.675  -43.453  26.066 0.6000000238
14185  8.999  -43.859  23.807 0.6000000238
14175  9.092  -44.297  24.552 0.6000000238
104338  8.261  -42.980  23.932 0.6000000238
100326  8.693  -43.398  23.231 0.6000000238
14184  10.226  -44.642  23.853 0.5000000000
17639  20.412  -38.371  33.339 0.3000000119
15292  7.682  -41.901  23.856 0.5000000000
15282  7.817  -42.223  24.447 0.6000000238
14720  8.237  -43.098  24.491 0.6000000238
14721  7.335  -41.967  25.251 0.6000000238
15291  7.842  -42.451  23.588 0.6000000238
15856  7.141  -41.478  21.933 0.6000000238
15300  8.185  -42.864  22.664 0.6000000238
16440  7.009  -40.647  21.583 0.6000000238
15313  8.631  -42.746  21.597 0.5000000000
15326  9.268  -42.465  20.738 0.5000000000
15869  8.944  -41.851  20.368 0.4000000060
16452  8.798  -40.951  20.333 0.5000000000
18426  20.435  -37.742  32.784 0.3000000119
17033  7.058  -39.147  20.629 0.5000000000
15841  7.080  -41.398  23.206 0.5000000000
15301  7.206  -42.042  23.150 0.6000000238
15314  7.480  -42.150  22.322 0.6000000238
15855  8.214  -42.057  21.253 0.6000000238
19227  20.288  -36.874  33.002 0.3000000119
20813  18.944  -35.015  33.342 0.3000000119
15842  6.763  -41.048  22.813 0.6000000238
16432  6.739  -40.881  22.372 0.6000000238
16454  6.852  -39.815  21.307 0.6000000238
16453  7.651  -40.366  20.724 0.5000000000
16471  8.479  -40.042  20.117 0.5000000000
17018  6.619  -39.409  21.916 0.5000000000
17756  6.585  -37.782  21.012 0.6000000238
17757  6.473  -38.128  20.903 0.6000000238
17051  8.066  -38.917  19.993 0.5000000000
17741  8.007  -38.845  21.816 0.5000000000
17027  8.961  -38.431  21.361 0.6000000238
17763  7.000  -37.365  20.411 0.5000000000
17052  6.855  -37.916  20.369 0.5000000000
17742  6.818  -38.514  21.558 0.6000000238
17755  7.343  -37.757  21.263 0.6000000238
18532  7.103  -37.194  20.582 0.6000000238
18542  9.382  -37.033  20.410 0.6000000238
18543  7.937  -36.609  20.283 0.5000000000
18547  7.666  -36.963  20.240 0.4000000060
20844  21.050  -34.031  31.727 0.4000000060
20823  20.465  -34.518  32.319 0.4000000060
102139  19.702  -34.175  32.609 0.3000000119
20039  19.762  -35.007  32.965 0.3000000119
18531  8.195  -37.267  20.796 0.6000000238
17770  7.538  -37.683  19.965 0.4000000060
21633  20.725  -33.270  31.347 0.3000000119
21622  20.126  -33.605  32.053 0.3000000119
21623  19.082  -33.586  32.363 0.3000000119
20843  21.293  -33.699  30.900 0.4000000060
18541  11.049  -37.172  20.251 0.5000000000
94138  9.495  -36.175  20.135 0.5000000000
19335  8.558  -35.996  20.111 0.4000000060
19333  10.577  -36.080  19.966 0.4000000060
97529  20.017  -32.957  31.528 0.3000000119
21635  18.363  -33.023  31.999 0.3000000119
21650  21.038  -32.952  30.598 0.4000000060
22486  19.501  -32.467  31.257 0.4000000060
21624  18.096  -33.507  32.532 0.3000000119
18546  8.368  -36.476  19.840 0.3000000119
22487  18.612  -32.523  31.494 0.3000000119
22503  20.655  -32.235  30.154 0.4000000060
19343  11.685  -35.807  19.671 0.3000000119
19334  9.070  -35.439  20.033 0.4000000060
19345  8.710  -35.820  19.957 0.5000000000
20144  10.127  -35.205  19.844 0.4000000060
22557  21.219  -32.231  27.407 0.3000000119
22606  22.618  -32.463  23.790 0.4000000060
22615  22.327  -32.450  22.757 0.4000000060
20953  12.194  -34.586  19.147 0.3000000119
20156  12.715  -35.391  19.398 0.4000000060
20140  18.147  -35.694  20.267 0.4000000060
19341  13.666  -35.915  19.785 0.3000000119
20157  11.210  -34.993  19.569 0.4000000060
22584  19.276  -32.576  24.966 0.3000000119
22600  19.519  -33.107  24.758 0.4000000060
23566  21.606  -31.800  24.342 0.3000000119
24479  21.387  -31.001  23.738 0.4000000060
20951  14.424  -34.955  19.133 0.4000000060
22599  21.442  -33.054  24.517 0.4000000060
22620  21.853  -32.574  21.835 0.5000000000
96759  13.822  -35.368  19.392 0.4000000060
20153  16.647  -35.448  19.644 0.3000000119
20954  10.639  -34.187  19.558 0.3000000119
20155  14.666  -35.635  19.656 0.4000000060
21756  21.320  -32.770  21.083 0.3000000119
20154  15.702  -35.585  19.618 0.4000000060
21760  20.010  -32.913  19.982 0.3000000119
20948  18.899  -34.109  19.855 0.4000000060
20152  17.598  -35.205  19.791 0.3000000119
20966  16.271  -34.184  19.015 0.4000000060
20969  13.035  -34.147  18.623 0.3000000119
95510  15.629  -33.927  18.715 0.3000000119
20950  15.281  -35.004  19.263 0.4000000060
96503  16.102  -34.869  19.322 0.4000000060
21763  17.564  -33.746  19.148 0.3000000119
21776  14.838  -33.821  18.367 0.3000000119
20968  14.127  -34.362  18.648 0.3000000119
21764  16.868  -33.848  18.943 0.4000000060
109992  15.674  -34.480  19.051 0.3000000119
21774  17.103  -33.181  18.718 0.3000000119
1195  17.170  -71.477  35.298 0.8000000119
104342  17.452  -73.703  34.437 0.8000000119
108722  16.829  -77.890  30.665 0.6000000238
101895  10.467  -69.357  41.712 0.8999999762
2211  16.849  -68.439  40.801 0.8999999762
1907  19.445  -69.557  36.509 0.5000000000
1603  19.927  -70.481  37.767 0.4000000060
1896  21.508  -69.731  38.344 0.4000000060
101824  10.568  -69.008  41.904 0.8999999762
2565  16.371  -67.585  39.244 1.0000000000
95132  20.755  -68.676  36.170 0.5000000000
185  19.192  -77.919  29.544 0.4000000060
104  19.400  -78.598  27.615 0.6999999881
4614  23.288  -62.572  33.337 0.4000000060
91542  19.463  -78.615  26.506 0.6000000238
231  20.301  -79.300  17.545 0.6000000238
6384  10.521  -58.322  37.621 0.8000000119
5441  16.278  -60.353  36.175 0.6999999881
5442  15.603  -60.332  36.478 0.8000000119
2935  10.500  -66.189  40.519 0.8999999762
5479  18.424  -60.623  33.928 0.5000000000
319  20.793  -77.830  19.710 0.6000000238
3747  13.253  -64.433  36.875 0.8999999762
1497  9.306  -71.511  20.131 0.5000000000
1489  10.708  -71.178  21.154 0.5000000000
331  20.927  -77.301  16.786 0.6999999881
5914  10.010  -58.711  37.006 0.8000000119
5475  16.822  -60.427  34.380 0.8000000119
725  24.152  -74.904  18.189 0.5000000000
4923  9.609  -61.272  42.434 0.4000000060
2405  11.153  -69.050  20.775 0.6000000238
2051  11.766  -69.285  21.334 0.5000000000
94761  7.158  -65.868  15.491 0.5000000000
1548  21.096  -71.517  13.724 0.6000000238
5930  8.681  -59.484  36.673 0.6999999881
2984  8.327  -66.460  35.454 0.8999999762
4938  7.574  -61.413  40.841 0.4000000060
4973  7.631  -61.165  34.777 0.8000000119
4590  6.850  -62.545  34.737 0.8000000119
107210  6.361  -64.725  36.673 1.0000000000
1798  12.063  -70.194  14.487 0.6999999881
3352  5.677  -65.556  35.171 1.0000000000
2963  5.787  -66.528  36.308 0.8999999762
2471  12.920  -68.581  14.461 0.6999999881
91510  8.913  -63.433  31.874 0.8000000119
91751  10.722  -63.240  32.352 0.6000000238
9360  4.384  -52.456  19.479 0.6000000238
6567  7.860  -58.001  18.396 0.8000000119
8783  5.664  -54.929  19.849 0.6999999881
8147  6.988  -55.836  19.796 0.6999999881
8161  5.773  -55.485  18.307 0.5000000000
108040  10.021  -59.522  32.295 0.8999999762
6416  9.997  -58.876  32.710 0.8999999762
103341  10.493  -57.931  32.644 0.8999999762
92037  3.972  -50.116  20.934 0.6999999881
8772  5.342  -54.147  20.125 0.8000000119
8164  4.368  -55.144  18.123 0.5000000000
7543  7.946  -56.019  20.081 0.6999999881
5122  11.286  -61.432  16.965 0.6999999881
6116  12.556  -59.954  14.944 0.6000000238
9912  5.416  -52.578  23.015 0.8000000119
5563  11.596  -60.977  20.167 0.6999999881
87757  7.248  -59.173  31.618 0.8999999762
7367  8.976  -56.417  35.916 0.8000000119
105662  5.804  -53.835  22.644 0.8000000119
96645  11.391  -58.076  19.839 0.6999999881
7358  8.350  -55.942  36.371 0.8000000119
11029  4.527  -49.384  23.891 0.6000000238
9324  9.806  -53.067  22.809 0.8000000119
7911  7.126  -54.961  37.385 0.8000000119
12647  9.623  -47.795  24.666 0.4000000060
9142  5.051  -52.521  39.122 0.6999999881
101113  7.325  -52.158  38.708 0.8999999762
11392  5.859  -48.208  43.461 0.5000000000
10325  6.226  -50.939  39.712 0.8000000119
12506  6.524  -46.891  42.433 0.6000000238
15162  13.272  -41.807  36.070 0.6999999881
92997  17.926  -43.787  35.209 0.3000000119
13014  10.709  -46.992  39.734 0.6999999881
93822  9.256  -47.169  39.516 0.8000000119
14728  9.773  -44.196  23.046 0.6000000238
14738  9.481  -43.660  22.425 0.5000000000
14747  9.247  -43.299  21.844 0.5000000000
15870  7.963  -41.257  20.972 0.5000000000
20052  21.055  -34.861  31.856 0.4000000060
20038  20.611  -35.569  32.352 0.4000000060
20824  18.809  -34.251  32.959 0.3000000119
100526  8.366  -36.431  20.166 0.4000000060
20945  18.006  -34.354  19.580 0.4000000060
976  19.171  -73.279  33.971 0.6000000238
9359  4.908  -53.055  19.574 0.6999999881
452  16.039  -75.545  38.318 0.6999999881
453  15.304  -75.568  38.428 0.6999999881
166  16.986  -78.723  34.942 0.6999999881
574  15.482  -74.009  39.212 0.8000000119
2639  18.994  -66.550  32.176 0.6000000238
2991  19.924  -66.468  32.425 0.6000000238
2627  19.453  -67.212  32.870 0.6000000238
2640  18.434  -67.106  32.474 0.6999999881
92048  22.006  -66.193  33.575 0.5000000000
2267  18.976  -68.378  34.262 0.6000000238
90506  16.922  -78.928  33.265 0.6999999881
87  16.402  -78.681  31.097 0.6000000238
3366  22.218  -65.340  32.950 0.5000000000
192  17.421  -78.077  29.201 0.6999999881
3379  21.343  -65.081  32.358 0.5000000000
2604  21.813  -67.905  35.338 0.5000000000
191  18.709  -78.161  29.006 0.6999999881
98  17.998  -78.470  28.392 0.6000000238
3793  22.189  -63.859  32.285 0.5000000000
2257  22.517  -68.337  36.142 0.4000000060
4543  15.382  -62.252  39.429 0.4000000060
4201  23.131  -63.104  32.807 0.4000000060
3695  14.642  -64.577  42.439 0.3000000119
101974  13.389  -63.352  42.211 0.4000000060
4110  14.511  -63.436  41.151 0.4000000060
5386  10.999  -60.550  41.989 0.6000000238
4540  18.467  -62.699  39.256 0.4000000060
4163  20.653  -63.748  36.544 0.4000000060
4572  23.121  -62.852  35.893 0.4000000060
486  21.672  -76.473  31.116 0.4000000060
3667  8.878  -64.229  44.911 0.3000000119
4079  9.419  -63.190  44.557 0.4000000060
104573  10.268  -60.770  42.055 0.6000000238
6379  10.221  -58.401  38.476 0.6999999881
3734  20.110  -64.169  37.888 0.4000000060
3745  21.487  -64.657  37.519 0.4000000060
496  21.795  -76.289  29.151 0.4000000060
388  22.748  -76.467  26.425 0.5000000000
500  22.130  -76.136  28.217 0.5000000000
381  21.727  -76.654  28.935 0.5000000000
98840  23.261  -76.596  23.880 0.6000000238
290  22.067  -77.360  25.622 0.6000000238
529  23.697  -76.042  23.337 0.6000000238
536  23.582  -75.965  22.155 0.5000000000
411  22.826  -76.334  22.084 0.5000000000
4516  9.724  -62.287  43.920 0.4000000060
6385  9.646  -58.551  37.790 0.6999999881
718  24.277  -75.277  19.419 0.5000000000
5387  9.641  -60.831  41.556 0.6000000238
5875  9.476  -59.724  40.277 0.6000000238
3331  6.340  -65.494  38.388 1.0000000000
4579  8.586  -61.961  35.879 0.8000000119
106909  8.030  -63.689  37.081 0.8000000119
2949  5.807  -65.974  37.692 1.0000000000
2427  16.122  -68.466  18.139 0.6000000238
1322  22.773  -72.603  14.586 0.5000000000
101738  8.885  -58.809  37.930 0.6999999881
4580  7.944  -62.661  35.840 0.8000000119
3750  5.766  -65.521  36.863 1.0000000000
98682  22.859  -72.322  14.625 0.6000000238
1543  21.718  -71.841  13.801 0.6000000238
2973  5.743  -66.098  34.689 0.8999999762
104543  6.238  -66.335  34.038 0.8999999762
3371  6.904  -66.100  33.809 0.8000000119
3360  8.267  -65.908  34.508 0.8000000119
3370  8.947  -65.121  34.052 0.8000000119
99639  7.777  -65.497  33.729 0.8000000119
3788  10.086  -64.480  33.367 0.5000000000
101315  9.729  -64.050  32.802 0.8000000119
4208  10.017  -63.624  32.500 0.8000000119
90285  9.036  -62.684  31.631 0.8000000119
102698  9.076  -61.945  31.502 0.8000000119
102875  9.148  -60.651  31.449 0.8000000119
90414  8.127  -60.338  31.127 0.8999999762
6154  12.409  -59.362  12.697 0.4000000060
87762  8.228  -59.562  31.614 0.8999999762
7370  5.316  -55.774  35.129 0.8000000119
8545  4.643  -54.667  36.711 0.6999999881
94143  8.917  -50.859  22.630 0.6999999881
11051  8.595  -50.145  23.024 0.6999999881
105940  8.594  -49.930  23.465 0.6999999881
11617  6.915  -48.598  21.484 0.6000000238
11628  6.405  -48.755  20.501 0.5000000000
11072  7.075  -49.879  20.278 0.5000000000
12648  8.825  -47.445  23.962 0.5000000000
12167  6.700  -47.699  22.243 0.5000000000
10304  4.087  -51.177  41.783 0.6000000238
10315  4.410  -51.034  41.045 0.6999999881
10868  4.995  -49.820  41.320 0.6000000238
11383  6.723  -49.284  44.116 0.5000000000
10853  4.774  -49.071  42.135 0.6000000238
11989  5.628  -46.861  42.134 0.6999999881
104259  10.154  -47.407  26.882 0.6000000238
87826  8.491  -47.044  27.725 0.6000000238
12618  10.697  -47.233  26.285 0.4000000060
87825  6.889  -46.731  27.502 0.6000000238
13089  10.232  -46.897  26.739 0.6000000238
91057  8.348  -46.403  27.248 0.6999999881
104847  7.676  -46.609  27.419 0.6000000238
13090  9.523  -46.507  27.009 0.6999999881
13572  8.095  -45.652  26.770 0.6999999881
87833  7.460  -45.759  26.960 0.6000000238
13094  10.808  -46.681  26.175 0.5000000000
12527  7.801  -47.453  40.223 0.8000000119
15196  13.232  -41.985  33.994 0.6999999881
15203  17.607  -41.885  32.529 0.5000000000
13598  10.945  -45.612  25.142 0.5000000000
14028  11.987  -44.838  39.354 0.6999999881
96882  11.808  -45.909  39.386 0.6999999881
14027  12.532  -44.107  39.380 0.6999999881
92406  10.942  -46.258  39.436 0.6999999881
15175  20.353  -42.501  34.383 0.3000000119
16921  20.469  -39.466  32.079 0.4000000060
19228  20.035  -36.020  32.981 0.3000000119
17762  9.888  -38.172  20.892 0.5000000000
22502  21.239  -32.758  29.772 0.4000000060
22519  20.941  -32.054  29.113 0.4000000060
108662  21.261  -32.312  28.294 0.4000000060
22504  19.829  -31.909  30.623 0.4000000060
23490  20.172  -31.332  29.726 0.4000000060
22538  20.892  -31.737  28.099 0.3000000119
20944  18.493  -34.915  20.058 0.3000000119
22572  20.611  -32.053  26.319 0.3000000119
22583  19.499  -32.310  25.333 0.3000000119
22614  22.631  -33.084  23.092 0.5000000000
21757  20.735  -32.898  20.495 0.4000000060
20942  20.229  -34.155  20.737 0.5000000000
23564  19.041  -31.879  24.969 0.3000000119
23563  19.720  -32.221  24.684 0.4000000060
100604  15.940  -79.080  29.857 0.5000000000
3378  21.981  -64.613  32.444 0.5000000000
3785  22.659  -64.424  32.744 0.4000000060
4195  23.774  -63.283  33.400 0.4000000060
4606  23.967  -62.663  34.018 0.4000000060
5401  10.345  -60.407  41.341 0.6000000238
100981  9.918  -59.194  40.053 0.6999999881
5891  9.336  -59.236  39.650 0.6999999881
92928  9.025  -60.152  36.069 0.8000000119
4166  8.389  -62.929  36.566 0.8000000119
3759  7.244  -64.114  36.852 0.8000000119
7932  4.775  -55.333  35.659 0.8000000119
12175  6.233  -47.609  21.380 0.5000000000
10825  5.316  -49.851  43.868 0.5000000000
11384  5.849  -49.297  43.922 0.5000000000
10854  4.500  -50.232  41.959 0.5000000000
10838  4.731  -49.652  42.943 0.5000000000
13093  11.405  -47.016  25.983 0.3000000119
22537  21.399  -32.799  28.902 0.4000000060
97707  19.067  -31.333  30.314 0.3000000119
23557  19.017  -31.819  25.111 0.3000000119
13597  11.833  -46.042  24.846 0.4000000060
103664  17.720  -73.130  38.746 0.8999999762
1361  16.801  -71.367  37.110 0.8000000119
1177  16.996  -71.964  36.734 0.8000000119
945  17.622  -73.429  39.378 0.8999999762
1168  17.865  -72.552  39.321 0.8999999762
1353  17.871  -71.553  39.043 0.8999999762
1604  16.722  -70.634  37.441 0.8000000119
1346  14.446  -70.467  39.970 0.6999999881
1873  14.526  -69.961  40.341 0.6999999881
98190  17.846  -69.703  40.945 0.8000000119
577  16.777  -75.488  38.106 0.8999999762
91187  17.560  -77.159  35.054 0.8000000119
782  17.184  -74.513  35.162 0.8999999762
93219  17.690  -76.775  35.720 0.8000000119
93430  17.779  -76.009  37.037 0.8999999762
465  17.785  -76.901  36.603 0.6999999881
91222  17.219  -77.901  33.957 0.8000000119
92367  17.611  -77.469  35.894 0.6999999881
87690  17.025  -77.036  32.895 0.8000000119
2621  16.250  -67.481  34.179 0.8999999762
2592  16.391  -67.576  36.721 0.8000000119
2270  16.155  -68.430  33.715 0.6999999881
1338  17.361  -71.470  41.016 0.8000000119
1339  15.829  -71.823  41.110 0.8000000119
752  16.985  -73.570  39.482 0.8999999762
1194  17.543  -72.201  34.902 0.6999999881
978  17.887  -73.396  33.744 0.6999999881
1199  18.593  -72.769  34.058 0.6999999881
3001  17.618  -66.438  32.696 0.6999999881
2641  17.778  -66.989  32.536 0.6999999881
2999  21.339  -65.879  32.883 0.5000000000
2626  20.458  -66.915  33.246 0.6000000238
2618  20.182  -67.488  33.925 0.5000000000
1918  18.940  -69.108  35.691 0.6000000238
2266  19.844  -68.008  34.633 0.5000000000
1167  20.547  -71.817  37.754 0.3000000119
92584  18.512  -75.546  32.273 0.5000000000
781  19.787  -75.142  34.900 0.4000000060
351  17.160  -77.467  37.078 0.6999999881
90165  19.635  -75.579  33.946 0.4000000060
91310  17.537  -76.416  31.971 0.6000000238
4112  13.039  -62.669  41.798 0.5000000000
104507  12.469  -59.606  40.471 0.6999999881
5411  13.695  -59.525  39.530 0.8000000119
4619  19.591  -62.671  32.694 0.5000000000
4205  19.742  -63.657  32.128 0.6000000238
2606  16.350  -67.396  35.588 0.8999999762
1352  20.157  -71.172  37.955 0.4000000060
258  16.801  -78.529  35.718 0.6999999881
103277  19.392  -76.641  31.884 0.4000000060
90628  17.704  -76.828  30.856 0.5000000000
90054  17.396  -76.816  31.472 0.6000000238
4920  12.395  -61.384  42.434 0.5000000000
5924  14.257  -59.579  36.839 0.8000000119
4617  20.880  -62.896  32.026 0.6000000238
3795  20.631  -64.650  31.898 0.6000000238
2619  19.307  -67.827  33.700 0.6000000238
1595  20.601  -70.584  38.230 0.3000000119
1369  18.772  -70.837  36.038 0.5000000000
90250  19.798  -76.484  33.927 0.4000000060
102739  19.566  -76.954  31.478 0.4000000060
90346  16.912  -77.625  31.621 0.6999999881
181  16.676  -78.286  31.433 0.6999999881
82  16.654  -79.180  32.072 0.6999999881
4597  21.237  -62.089  34.216 0.4000000060
4991  20.970  -61.915  33.203 0.5000000000
4992  20.269  -61.561  33.513 0.5000000000
4999  21.058  -62.235  32.637 0.5000000000
101463  16.602  -66.908  37.540 0.8999999762
378  18.241  -76.993  30.329 0.5000000000
4086  12.659  -63.102  43.494 0.4000000060
4123  14.907  -63.137  40.520 0.4000000060
107506  15.921  -62.009  38.887 0.5000000000
4574  20.557  -63.091  35.905 0.4000000060
96471  22.314  -62.212  34.190 0.4000000060
105654  20.422  -65.619  32.209 0.6000000238
2245  22.222  -68.864  36.996 0.4000000060
277  17.636  -77.338  30.072 0.5000000000
117  19.298  -78.691  26.002 0.4000000060
312  20.312  -77.567  21.684 0.5000000000
93562  19.760  -78.497  20.807 0.5000000000
3665  12.161  -64.621  44.504 0.3000000119
4618  19.676  -61.796  33.060 0.5000000000
2244  23.194  -68.646  37.089 0.3000000119
275  20.267  -77.655  30.710 0.4000000060
116  19.853  -78.524  26.087 0.5000000000
115  20.514  -78.398  25.824 0.6999999881
202  20.672  -78.496  25.243 0.4000000060
183  20.071  -78.010  29.809 0.6000000238
96  19.665  -78.371  28.361 0.6999999881
209  20.720  -78.265  24.099 0.5000000000
224  19.812  -78.562  19.214 0.5000000000
4521  12.031  -61.612  43.051 0.4000000060
5358  11.151  -61.300  43.396 0.5000000000
3321  7.589  -65.554  39.622 0.8999999762
4609  17.870  -62.095  33.557 0.6000000238
2933  12.447  -66.678  39.804 1.0000000000
514  23.736  -75.753  24.885 0.6000000238
392  22.932  -76.603  25.647 0.6000000238
397  23.045  -76.670  25.051 0.6000000238
370  21.159  -77.260  31.500 0.4000000060
105710  20.786  -77.513  30.368 0.5000000000
101483  21.507  -77.134  23.129 0.5000000000
110  19.708  -78.553  27.125 0.5000000000
197  20.546  -78.223  26.834 0.6999999881
195  20.273  -78.102  28.272 0.6000000238
283  21.053  -77.627  27.944 0.6999999881
311  20.977  -77.381  21.325 0.6000000238
102317  7.949  -70.089  14.673 0.5000000000
223  20.381  -78.179  19.145 0.6000000238
94432  20.211  -80.014  18.180 0.5000000000
230  20.358  -78.366  17.891 0.6000000238
4914  10.149  -61.500  43.387 0.5000000000
108651  8.641  -69.082  37.389 0.6999999881
4577  12.862  -62.166  36.453 0.8000000119
365  21.603  -76.747  31.887 0.4000000060
491  21.580  -76.599  29.880 0.5000000000
492  21.615  -76.416  30.376 0.4000000060
199  20.780  -78.096  26.150 0.6999999881
188  20.582  -77.819  28.630 0.6000000238
295  21.885  -77.525  25.370 0.6999999881
1324  9.699  -72.518  14.825 0.6000000238
314  22.221  -76.868  19.726 0.6000000238
91600  21.729  -77.139  19.343 0.6000000238
103822  21.637  -77.115  18.428 0.6999999881
93997  21.975  -76.836  18.851 0.6999999881
429  22.958  -76.328  18.865 0.6000000238
440  22.944  -75.966  16.948 0.6000000238
329  21.990  -76.733  17.441 0.6999999881
447  21.652  -76.255  15.113 0.6000000238
105741  21.273  -76.921  16.296 0.6999999881
336  21.649  -76.818  16.794 0.6000000238
450  19.483  -77.147  15.391 0.6000000238
97481  16.575  -62.831  34.083 0.8000000119
110093  21.854  -76.940  27.643 0.5000000000
505  22.516  -76.269  27.282 0.5000000000
272  21.482  -77.109  29.189 0.5000000000
298  22.549  -77.182  25.077 0.6000000238
551  23.316  -76.068  19.056 0.6000000238
901  24.402  -74.898  18.912 0.4000000060
734  23.437  -74.775  15.886 0.5000000000
448  20.968  -76.488  15.202 0.6999999881
744  19.445  -75.609  15.117 0.4000000060
3684  7.561  -64.519  43.645 0.3000000119
398  23.154  -76.652  24.627 0.6000000238
99478  23.521  -74.586  16.230 0.5000000000
910  23.628  -74.335  17.121 0.5000000000
1132  23.219  -73.873  15.553 0.5000000000
922  22.835  -74.170  15.003 0.5000000000
748  21.549  -74.671  14.560 0.5000000000
747  22.362  -74.462  14.643 0.5000000000
923  20.707  -74.810  14.731 0.5000000000
1334  17.144  -72.461  14.465 0.6999999881
919  16.244  -74.624  15.479 0.5000000000
4523  7.082  -63.300  41.798 0.3000000119
2121  16.724  -68.942  15.468 0.6000000238
1535  15.301  -72.485  14.519 0.5000000000
1145  22.648  -72.672  14.393 0.6000000238
928  15.645  -73.960  14.848 0.5000000000
3686  5.949  -64.504  43.016 0.3000000119
2804  8.472  -67.456  17.253 0.6000000238
1146  22.212  -73.017  14.032 0.6000000238
1336  20.225  -71.720  13.725 0.6000000238
1335  20.717  -71.560  13.670 0.6000000238
1147  21.478  -73.009  13.989 0.6000000238
5413  7.026  -60.203  39.676 0.4000000060
2075  17.344  -69.806  19.232 0.6999999881
2426  16.463  -68.930  19.034 0.5000000000
1741  13.852  -69.699  21.475 0.6999999881
1792  11.812  -70.630  15.746 0.8000000119
1329  21.525  -71.960  13.728 0.6000000238
1532  22.645  -72.194  14.191 0.5000000000
3519  9.318  -65.241  17.382 0.6999999881
3769  6.214  -64.471  35.585 1.0000000000
2829  12.019  -67.276  13.881 0.6999999881
3557  13.301  -65.480  13.435 0.6999999881
9966  3.839  -51.547  19.678 0.6000000238
7075  4.654  -57.378  16.025 0.6000000238
5123  10.299  -61.585  16.326 0.6000000238
7402  9.676  -56.356  33.166 0.6999999881
7953  8.555  -55.206  33.558 0.8000000119
7941  9.681  -55.915  34.986 0.8000000119
9341  5.265  -53.431  20.731 0.8000000119
8738  9.494  -53.605  22.730 0.8000000119
9962  10.214  -52.741  20.962 0.5000000000
9940  10.551  -52.991  21.597 0.5000000000
96508  8.483  -50.897  21.110 0.6000000238
11080  7.758  -50.785  20.284 0.5000000000
7368  7.895  -56.428  35.806 0.8000000119
8749  11.786  -54.957  21.135 0.6999999881
10523  9.393  -51.908  22.093 0.6000000238
12157  7.266  -47.951  22.900 0.6000000238
10906  7.100  -50.340  38.080 0.8999999762
11488  3.290  -48.666  36.443 0.6000000238
11407  4.844  -48.077  42.176 0.5000000000
15159  16.248  -42.672  35.529 0.4000000060
105915  10.699  -41.175  35.406 0.6999999881
15191  17.332  -42.373  33.344 0.5000000000
14575  12.695  -43.096  39.309 0.6999999881
15190  18.239  -42.448  33.142 0.4000000060
15189  19.507  -42.489  33.410 0.3000000119
13584  7.656  -44.623  26.553 0.6000000238
13591  9.315  -45.291  25.916 0.6000000238
15200  20.034  -41.543  32.632 0.4000000060
15202  18.666  -41.952  32.482 0.5000000000
15724  20.575  -41.682  34.139 0.3000000119
16913  20.525  -39.252  32.974 0.3000000119
15848  6.845  -41.501  22.746 0.6000000238
16441  6.538  -40.016  21.918 0.6000000238
100278  9.689  -42.156  20.207 0.4000000060
20021  19.370  -35.684  33.470 0.3000000119
16433  6.769  -40.480  22.460 0.5000000000
17743  6.536  -38.490  21.305 0.6000000238
18565  8.578  -37.564  19.608 0.3000000119
21634  19.283  -33.011  31.810 0.3000000119
24443  20.307  -30.831  26.938 0.3000000119
22485  20.345  -32.590  30.960 0.4000000060
19342  12.773  -36.085  19.766 0.3000000119
20158  9.235  -34.757  19.689 0.3000000119
23573  22.011  -31.657  23.218 0.4000000060
20952  13.417  -34.831  19.001 0.3000000119
20967  15.024  -34.433  18.856 0.3000000119
23580  21.867  -31.712  22.179 0.3000000119
109252  20.331  -33.467  20.471 0.4000000060
21758  19.695  -33.774  20.182 0.4000000060
21761  19.245  -33.304  19.642 0.3000000119
20949  17.014  -34.533  19.340 0.4000000060
186  16.984  -77.904  30.022 0.6000000238
11393  4.926  -48.465  42.822 0.5000000000
83  16.319  -79.459  32.067 0.8000000119
91  16.409  -78.548  30.004 0.6999999881
92  15.882  -79.228  30.971 0.6000000238
106  17.320  -79.133  27.856 0.6000000238
892  24.634  -74.506  19.496 0.4000000060
15711  20.834  -42.061  35.068 0.3000000119
99  16.661  -78.765  28.890 0.6000000238
692  24.310  -75.267  22.475 0.4000000060
682  24.005  -75.640  23.517 0.5000000000
179  16.671  -79.384  32.793 0.6000000238
868  24.385  -74.854  22.659 0.4000000060
107680  24.232  -75.239  23.273 0.4000000060
704  24.466  -75.149  21.521 0.4000000060
96742  24.515  -74.780  21.704 0.4000000060
103883  24.088  -75.341  23.972 0.5000000000
714  24.317  -75.355  20.833 0.3000000119
105473  23.809  -75.801  20.341 0.3000000119
856  24.099  -74.833  24.424 0.4000000060
674  23.931  -75.386  24.612 0.5000000000
522  23.800  -75.755  24.309 0.5000000000
110092  24.694  -74.114  19.293 0.3000000119
848  23.998  -75.069  25.038 0.5000000000
91732  23.086  -73.140  16.634 0.4000000060
658  23.656  -75.160  26.341 0.5000000000
839  23.899  -75.035  25.624 0.5000000000
1055  23.726  -74.033  24.526 0.4000000060
849  23.935  -74.572  25.284 0.5000000000
1315  23.033  -72.623  15.136 0.4000000060
840  23.658  -74.504  26.184 0.4000000060
4974  6.757  -61.146  34.558 0.6999999881
5464  7.270  -60.563  35.135 0.6999999881
4604  5.059  -62.510  33.975 0.6999999881
4603  5.711  -62.506  34.031 0.6999999881
105261  6.432  -62.286  34.244 0.6999999881
98471  5.103  -63.269  33.829 0.8999999762
4189  6.152  -63.076  34.374 0.6999999881
4179  5.883  -64.046  34.750 0.8999999762
3789  4.949  -64.311  32.848 0.8999999762
4210  4.586  -63.500  32.302 0.8999999762
110068  5.059  -63.916  33.605 0.8999999762
4191  5.325  -64.035  34.147 0.8999999762
3779  5.300  -64.638  33.757 0.8999999762
3771  5.602  -64.766  34.508 0.8999999762
3386  5.477  -65.329  32.699 0.8000000119
4975  5.639  -61.246  34.734 0.6999999881
4611  4.653  -62.509  33.568 0.8999999762
3813  4.914  -64.095  31.476 0.8000000119
4214  5.049  -63.892  30.826 0.6999999881
3804  5.105  -64.771  32.227 0.8000000119
3374  5.394  -65.257  33.203 0.8000000119
3362  5.595  -65.423  34.179 0.8999999762
3817  5.664  -64.131  31.083 0.6999999881
87753  5.856  -64.678  31.620 0.6999999881
3361  5.657  -65.889  33.850 0.8000000119
3803  6.459  -65.125  32.111 0.6999999881
3372  6.092  -66.093  33.306 0.6999999881
2986  5.961  -66.386  34.423 0.8000000119
3802  7.679  -64.557  32.205 0.6999999881
108127  7.232  -65.088  32.552 0.6999999881
102514  6.815  -65.567  32.994 0.6999999881
90079  6.186  -63.664  30.725 0.6999999881
90264  7.856  -63.920  31.608 0.6999999881
4209  8.826  -64.003  32.236 0.6999999881
102797  5.390  -63.567  30.518 0.8000000119
87754  8.002  -63.186  31.277 0.6999999881
4620  4.299  -62.644  32.723 0.8999999762
90323  4.924  -63.198  30.131 0.8000000119
87764  4.239  -62.820  31.567 0.8999999762
95064  3.660  -61.003  31.728 0.8999999762
4997  4.063  -61.870  33.278 0.8999999762
103308  5.115  -62.559  29.659 0.8000000119
89929  4.351  -62.612  30.490 0.8000000119
5004  3.807  -61.734  31.004 0.8999999762
89825  5.708  -63.012  29.937 0.8000000119
103066  6.991  -62.885  30.610 0.6999999881
103309  6.476  -62.303  29.924 0.8000000119
102997  5.697  -62.104  29.499 0.8000000119
87759  4.825  -61.748  29.485 0.8000000119
90709  8.150  -62.311  31.049 0.6999999881
91118  4.756  -60.730  29.574 0.8000000119
91122  4.257  -61.106  29.816 0.8000000119
91119  3.828  -59.982  30.630 0.8000000119
5480  3.565  -60.290  33.295 0.6999999881
90157  6.574  -61.497  29.771 0.8000000119
87765  4.588  -59.961  30.086 0.8000000119
5482  3.531  -60.055  32.149 0.6999999881
87786  3.905  -59.326  30.891 0.8000000119
5949  3.534  -59.021  32.020 0.8000000119
5946  3.450  -59.317  32.869 0.6000000238
6421  3.560  -58.296  32.751 0.5000000000
103037  7.375  -60.985  30.435 0.8000000119
89981  6.491  -60.711  30.068 0.8000000119
103225  6.394  -59.989  30.543 0.8000000119
103045  5.411  -59.567  30.532 0.8000000119
95378  3.481  -58.002  33.519 0.5000000000
6424  4.105  -58.596  31.306 0.8000000119
101052  3.767  -58.937  31.458 0.8000000119
103228  7.257  -59.778  31.078 0.8000000119
87793  6.349  -59.336  31.085 0.8000000119
90230  5.302  -58.761  31.187 0.6999999881
94070  3.537  -58.026  35.011 0.5000000000
6902  4.096  -58.004  31.981 0.8000000119
97357  3.678  -57.781  37.331 0.5000000000
6419  4.860  -58.108  31.874 0.8000000119
6897  3.879  -57.598  32.577 0.6000000238
6875  3.548  -57.371  34.089 0.5000000000
6888  4.874  -56.965  32.922 0.6999999881
6857  3.647  -57.139  36.619 0.5000000000
7403  4.129  -57.019  32.837 0.6999999881
7392  3.849  -56.758  33.697 0.6000000238
6864  3.515  -57.077  34.864 0.5000000000
6896  4.488  -57.512  32.424 0.8000000119
7381  3.980  -56.212  34.250 0.6000000238
109590  3.667  -56.547  36.873 0.6000000238
7371  3.642  -56.383  35.261 0.5000000000
7943  4.375  -55.593  35.098 0.6999999881
7944  4.033  -55.765  34.904 0.6999999881
7380  4.591  -56.053  34.392 0.6999999881
7945  3.866  -56.030  34.796 0.6999999881
7351  3.690  -55.955  37.211 0.6999999881
7933  4.144  -55.358  35.621 0.6999999881
7922  3.979  -55.273  36.139 0.6999999881
7912  3.692  -54.991  37.362 0.6999999881
8546  4.188  -54.926  36.414 0.6000000238
8527  3.728  -54.009  38.423 0.6000000238
8547  3.939  -54.783  36.869 0.6000000238
96818  3.574  -55.130  39.319 0.6000000238
94927  3.401  -54.260  39.102 0.6000000238
8514  3.141  -53.883  39.695 0.6000000238
8494  3.171  -54.007  41.679 0.5000000000
9130  3.323  -53.347  39.993 0.5000000000
9730  3.920  -51.835  41.104 0.6000000238
12661  7.844  -47.209  23.233 0.5000000000
14572  16.216  -43.116  38.760 0.3000000119
91844  15.480  -42.044  37.962 0.4000000060
13485  14.581  -44.674  39.137 0.3000000119
14025  14.204  -43.960  39.377 0.4000000060
14024  15.163  -43.900  39.252 0.4000000060
15108  14.150  -42.358  39.132 0.4000000060
100193  14.947  -41.749  38.464 0.4000000060
103944  15.433  -41.612  32.693 0.5000000000
15726  10.783  -41.095  34.386 0.6000000238
15753  16.056  -41.557  32.402 0.5000000000
15754  14.587  -41.476  32.586 0.5000000000
15739  13.674  -41.538  33.205 0.5000000000
91163  12.694  -41.482  33.471 0.6000000238
15752  16.800  -41.493  32.126 0.5000000000
95343  15.290  -41.349  31.954 0.5000000000
15755  13.601  -41.007  32.158 0.5000000000
15756  12.960  -41.031  32.693 0.6000000238
13486  13.581  -44.938  39.295 0.4000000060
13487  12.677  -45.527  39.296 0.5000000000
13013  11.712  -46.822  39.669 0.5000000000
14026  13.253  -43.999  39.456 0.6000000238
98901  12.796  -44.676  39.423 0.6000000238
12524  11.544  -47.637  40.017 0.5000000000
12001  10.642  -47.751  40.227 0.5000000000
14565  13.724  -43.095  39.315 0.5000000000
15209  18.103  -41.591  31.962 0.5000000000
15740  11.255  -40.884  33.362 0.6000000238
104814  18.109  -41.152  31.193 0.5000000000
104719  16.855  -41.193  31.485 0.5000000000
15757  12.118  -40.777  32.842 0.6000000238
15769  15.245  -40.860  31.284 0.5000000000
14574  13.359  -42.095  39.210 0.6000000238
15727  10.137  -41.115  35.000 0.6000000238
15766  18.704  -41.476  31.807 0.4000000060
15765  19.121  -40.968  31.355 0.5000000000
16347  18.486  -40.473  30.517 0.6000000238
16355  18.830  -39.690  30.021 0.6000000238
14183  11.392  -45.080  23.572 0.3000000119
15131  10.160  -42.377  37.142 0.6000000238
16333  20.249  -40.290  31.768 0.4000000060
16927  20.316  -39.493  31.258 0.6000000238
16933  20.121  -39.389  30.601 0.6000000238
108789  11.594  -44.299  22.271 0.4000000060
14193  10.820  -44.508  23.147 0.3000000119
15148  10.600  -41.640  36.860 0.6000000238
14588  10.333  -43.152  37.571 0.6000000238
14056  9.603  -44.322  37.363 0.5000000000
13502  9.252  -45.354  37.513 0.5000000000
14589  9.437  -43.385  36.981 0.6000000238
17649  20.532  -38.620  32.423 0.3000000119
17656  20.579  -38.805  31.506 0.3000000119
92182  20.649  -37.983  31.877 0.3000000119
18434  20.956  -37.326  31.396 0.3000000119
93013  20.639  -37.143  32.261 0.3000000119
14737  10.758  -44.127  22.407 0.4000000060
14736  11.549  -43.837  21.788 0.4000000060
96317  20.901  -36.465  31.868 0.3000000119
14746  10.318  -43.526  21.730 0.4000000060
15311  10.845  -43.170  21.066 0.4000000060
15312  9.767  -43.057  21.136 0.4000000060
103840  20.504  -36.423  32.507 0.3000000119
94134  21.482  -35.728  30.528 0.4000000060
20881  21.475  -34.545  28.364 0.4000000060
20894  20.851  -34.996  26.003 0.4000000060
101244  21.563  -35.859  29.592 0.4000000060
20064  21.578  -35.195  29.029 0.4000000060
97164  21.578  -34.960  29.976 0.4000000060
94382  21.453  -34.679  31.023 0.4000000060
96507  21.550  -34.276  29.305 0.4000000060
20072  20.897  -35.524  26.889 0.4000000060
21687  21.496  -33.605  28.623 0.4000000060
102341  21.069  -34.793  26.538 0.4000000060
21702  21.174  -33.719  26.398 0.4000000060
99328  20.310  -34.588  25.534 0.5000000000
20902  20.274  -34.886  24.943 0.5000000000
20901  21.634  -34.933  24.406 0.5000000000
20090  23.201  -35.823  23.622 0.5000000000
20925  22.632  -35.349  23.230 0.5000000000
21669  21.445  -33.449  29.515 0.4000000060
21697  21.444  -33.900  27.560 0.5000000000
109778  21.433  -33.016  27.195 0.4000000060
21703  19.982  -33.845  25.491 0.5000000000
20895  19.563  -34.285  24.977 0.5000000000
21723  21.026  -34.634  24.080 0.5000000000
20912  22.316  -35.459  23.700 0.5000000000
21737  22.343  -34.755  23.455 0.5000000000
20932  22.335  -35.251  22.692 0.5000000000
20127  21.694  -35.404  21.926 0.4000000060
20128  20.984  -35.362  21.523 0.4000000060
106280  21.336  -33.360  30.197 0.4000000060
22556  21.441  -32.905  28.021 0.4000000060
22571  21.081  -32.815  26.362 0.4000000060
20903  19.428  -33.929  24.867 0.4000000060
20913  19.770  -34.323  24.624 0.5000000000
21725  19.631  -33.813  24.588 0.4000000060
106530  22.374  -34.669  23.012 0.4000000060
98759  22.155  -34.406  22.482 0.4000000060
20939  21.503  -34.741  21.682 0.4000000060
20137  20.204  -34.964  21.023 0.3000000119
20138  19.502  -35.517  20.864 0.4000000060
20139  18.867  -35.378  20.459 0.3000000119
99787  19.922  -32.923  25.491 0.3000000119
21709  19.357  -33.650  25.015 0.4000000060
21710  19.380  -33.389  24.940 0.3000000119
21724  20.390  -34.223  24.176 0.4000000060
22605  22.761  -33.525  23.767 0.4000000060
99576  21.805  -34.168  21.942 0.4000000060
20940  20.862  -34.467  21.251 0.4000000060
5484  3.655  -60.391  31.200 0.8999999762
15700  10.133  -41.650  36.089 0.6000000238
15715  9.576  -41.523  35.353 0.6000000238
176  16.326  -79.550  33.413 0.6000000238
7391  4.229  -56.600  33.479 0.6999999881
15714  10.537  -41.272  35.765 0.6000000238
15180  12.442  -41.938  34.464 0.6000000238
15764  19.977  -41.104  31.845 0.3000000119
20860  21.507  -34.063  30.201 0.4000000060
21753  21.597  -33.413  21.595 0.4000000060
21746  22.144  -33.403  22.369 0.4000000060
713  24.564  -74.932  20.166 0.3000000119
15767  17.459  -41.407  31.748 0.4000000060
14173  11.153  -45.345  24.362 0.3000000119
21754  20.924  -33.605  20.997 0.4000000060
20943  19.415  -34.679  20.459 0.3000000119
103036  5.627  -60.234  30.032 0.8000000119
6413  3.450  -58.837  33.561 0.5000000000
15768  16.076  -41.176  31.525 0.5000000000
13012  12.574  -46.543  39.407 0.6000000238
15775  16.607  -40.743  30.882 0.5000000000
16334  19.727  -40.536  31.342 0.6000000238
16346  19.284  -40.255  30.727 0.6000000238
16345  19.926  -39.963  30.986 0.6000000238
17664  20.488  -38.863  30.632 0.5000000000
18442  20.830  -38.152  30.907 0.4000000060
19245  21.407  -36.616  30.014 0.5000000000
20888  21.276  -34.883  27.492 0.4000000060
20933  21.995  -35.008  22.117 0.4000000060
20117  22.169  -35.820  22.419 0.5000000000
20129  20.199  -35.685  21.248 0.5000000000
102136  22.477  -34.197  23.378 0.4000000060
21745  22.403  -33.873  22.943 0.4000000060
98413  21.351  -34.062  21.478 0.4000000060
22598  21.738  -34.299  23.953 0.4000000060
646  22.286  -75.772  28.048 0.4000000060
647  21.963  -75.550  28.657 0.4000000060
650  23.294  -75.668  26.533 0.4000000060
104145  3.934  -56.025  39.703 0.4000000060
7346  3.737  -55.626  37.949 0.5000000000
103772  3.707  -55.344  40.248 0.5000000000
16321  12.692  -40.629  31.930 0.5000000000
106959  14.400  -40.020  29.908 0.4000000060
92610  13.299  -40.425  31.177 0.5000000000
16336  12.491  -40.418  31.095 0.5000000000
92305  11.900  -40.536  31.870 0.5000000000
16357  17.037  -39.347  29.798 0.4000000060
16358  15.535  -39.477  29.200 0.4000000060
97715  15.219  -39.989  29.976 0.5000000000
16306  10.862  -40.700  32.920 0.5000000000
16939  16.464  -39.005  29.052 0.4000000060
16308  9.474  -40.938  32.827 0.5000000000
15741  10.053  -40.843  34.146 0.5000000000
15728  9.403  -41.164  34.580 0.5000000000
17670  17.770  -38.286  28.862 0.4000000060
16937  18.197  -38.704  29.444 0.4000000060
16356  17.921  -39.572  29.938 0.5000000000
106598  8.693  -41.000  33.157 0.5000000000
17671  17.118  -38.465  28.470 0.4000000060
103989  8.789  -41.590  34.882 0.5000000000
16936  19.178  -38.854  29.650 0.4000000060
15729  8.476  -41.474  33.972 0.5000000000
17669  18.421  -38.174  28.910 0.4000000060
15149  9.490  -42.525  36.437 0.5000000000
15165  9.073  -42.160  35.742 0.5000000000
15166  7.969  -42.823  35.438 0.5000000000
100190  19.590  -39.541  30.320 0.5000000000
15181  7.725  -42.251  34.763 0.5000000000
17668  19.315  -38.074  29.110 0.4000000060
15150  8.394  -43.055  35.940 0.5000000000
16935  20.069  -38.816  29.850 0.4000000060
17663  20.739  -38.110  29.890 0.4000000060
17667  20.050  -37.901  29.216 0.4000000060
18441  21.136  -37.412  30.418 0.5000000000
18444  21.095  -37.243  29.540 0.4000000060
92456  22.748  -75.818  27.349 0.4000000060
109552  15.544  -79.530  31.119 0.6000000238
106504  17.418  -40.379  30.475 0.5000000000
15776  15.685  -40.506  30.735 0.5000000000
16349  13.875  -40.221  30.421 0.5000000000
16350  13.125  -40.296  30.174 0.4000000060
107214  11.945  -40.528  31.088 0.5000000000
102461  16.251  -39.787  30.098 0.4000000060
16938  17.379  -38.693  29.269 0.4000000060
19238  21.257  -36.566  30.965 0.5000000000
106785  23.135  -72.640  15.922 0.3000000119
4122  15.655  -63.348  40.672 0.3000000119
3364  24.038  -64.922  33.703 0.3000000119
3357  24.112  -65.727  34.042 0.3000000119
2978  22.586  -66.583  34.235 0.4000000060
2615  23.152  -67.091  34.827 0.3000000119
2616  22.285  -67.310  34.735 0.3000000119
2256  23.429  -68.173  36.126 0.3000000119
5903  4.019  -59.590  38.469 0.3000000119
5918  3.875  -59.822  37.646 0.4000000060
5468  3.867  -60.380  36.036 0.4000000060
5452  4.046  -60.500  36.570 0.4000000060
4976  4.560  -61.159  35.072 0.5000000000
5466  5.040  -60.832  35.713 0.4000000060
5465  6.240  -60.690  35.276 0.6000000238
108734  4.560  -61.441  34.607 0.6000000238
5416  4.852  -59.585  39.048 0.3000000119
5433  5.790  -59.990  38.032 0.3000000119
5423  5.298  -59.847  38.465 0.4000000060
97655  6.813  -59.834  38.952 0.3000000119
5434  5.065  -60.229  37.454 0.4000000060
106974  3.988  -60.743  35.294 0.4000000060
5421  6.708  -59.769  37.992 0.5000000000
4987  4.531  -61.746  34.092 0.6000000238
5432  6.888  -59.841  36.729 0.5000000000
5919  3.532  -59.334  37.336 0.4000000060
5415  5.755  -59.768  39.440 0.3000000119
5938  3.679  -60.036  35.226 0.4000000060
5414  6.373  -59.997  39.600 0.3000000119
5476  3.726  -60.429  34.376 0.4000000060
5904  3.649  -59.267  38.138 0.4000000060
5405  6.542  -60.784  40.158 0.3000000119
5932  3.581  -59.664  35.983 0.4000000060
4988  3.913  -61.151  33.808 0.6000000238
5404  7.283  -60.932  40.202 0.3000000119
102062  3.510  -59.296  36.605 0.4000000060
6386  3.557  -58.557  37.725 0.4000000060
5943  3.543  -59.433  34.388 0.4000000060
6391  3.580  -58.362  36.773 0.4000000060
98090  3.726  -57.734  38.032 0.4000000060
6836  3.881  -57.628  39.953 0.3000000119
100308  3.880  -56.695  38.226 0.4000000060
7335  3.958  -56.796  39.264 0.3000000119
7879  3.575  -54.913  41.855 0.4000000060
8462  3.897  -54.470  44.044 0.3000000119
8486  3.463  -54.457  42.556 0.4000000060
7888  3.422  -54.683  40.890 0.4000000060
9075  4.530  -53.736  43.960 0.3000000119
9098  3.738  -53.740  43.524 0.4000000060
105480  3.902  -53.092  43.670 0.4000000060
9706  4.127  -51.685  42.524 0.4000000060
9687  4.895  -52.200  44.003 0.4000000060
9112  3.402  -53.209  42.087 0.4000000060
9721  3.593  -52.507  41.443 0.4000000060
9094  6.757  -52.954  43.811 0.4000000060
9095  5.906  -53.371  43.873 0.4000000060
9688  4.134  -52.404  43.341 0.4000000060
8474  6.821  -54.497  43.233 0.3000000119
9096  5.088  -53.031  44.089 0.4000000060
9720  3.860  -51.864  41.789 0.4000000060
9707  3.758  -52.458  42.377 0.4000000060
9686  5.915  -52.250  44.230 0.4000000060
9705  7.602  -52.674  43.387 0.4000000060
10292  4.399  -50.764  42.655 0.4000000060
9685  6.944  -51.975  44.075 0.4000000060
110058  5.637  -50.672  44.119 0.4000000060
9704  8.389  -52.387  42.902 0.3000000119
9684  7.795  -51.722  43.588 0.4000000060
10824  6.306  -50.209  44.235 0.4000000060
9703  9.079  -52.088  42.384 0.3000000119
10291  8.546  -51.435  43.034 0.3000000119
10823  7.227  -50.168  44.144 0.4000000060
10837  7.764  -49.683  43.831 0.4000000060
10302  10.266  -51.033  41.504 0.3000000119
10836  8.719  -50.331  43.134 0.3000000119
10865  11.199  -50.653  40.610 0.3000000119
11404  10.165  -49.491  41.427 0.3000000119
10303  9.730  -50.939  42.026 0.3000000119
11390  8.340  -49.146  43.173 0.4000000060
10879  11.731  -50.111  40.239 0.3000000119
109001  11.173  -49.925  40.782 0.3000000119
11999  12.889  -48.316  39.471 0.3000000119
10852  9.186  -49.654  42.565 0.3000000119
10850  10.659  -50.232  41.224 0.3000000119
11406  8.681  -48.595  42.363 0.3000000119
11417  11.274  -49.270  40.508 0.3000000119
11418  10.632  -49.336  40.931 0.3000000119
11419  9.804  -48.582  41.114 0.3000000119
12000  12.195  -48.391  39.926 0.3000000119
11994  10.579  -48.524  40.612 0.4000000060
12522  13.164  -47.077  39.228 0.4000000060
97441  11.363  -48.462  40.279 0.4000000060
103534  13.298  -46.083  39.057 0.3000000119
12523  12.528  -47.523  39.672 0.4000000060
15325  10.202  -42.585  20.580 0.3000000119
11995  9.842  -47.829  40.535 0.4000000060
15310  11.970  -43.215  21.206 0.3000000119
15324  11.153  -42.536  20.678 0.3000000119
15868  10.409  -42.048  20.245 0.4000000060
1054  24.065  -74.402  23.720 0.3000000119
106657  21.549  -67.405  34.634 0.4000000060
5424  4.486  -59.898  37.982 0.4000000060
5450  5.761  -60.393  36.426 0.5000000000
5422  6.084  -59.874  38.789 0.3000000119
107673  7.177  -59.676  38.529 0.5000000000
11436  11.953  -49.239  40.088 0.3000000119
5917  7.465  -59.529  37.383 0.5000000000
100316  13.138  -47.737  39.340 0.3000000119
96564  6.798  -60.206  35.782 0.6000000238
6397  3.544  -58.677  35.896 0.4000000060
16335  14.381  -40.825  31.465 0.4000000060
16348  14.775  -40.398  30.622 0.4000000060
98942  3.594  -59.067  35.136 0.4000000060
3365  23.548  -65.571  33.782 0.4000000060
2977  23.540  -66.310  34.257 0.3000000119
5467  4.289  -60.707  35.930 0.4000000060
106123  4.170  -61.195  34.635 0.6000000238
6827  3.942  -57.025  40.937 0.3000000119
10280  4.639  -51.504  43.395 0.4000000060
10290  9.220  -51.194  42.454 0.3000000119
4142  19.692  -63.324  38.454 0.3000000119
3733  20.368  -64.862  38.447 0.3000000119
4194  24.346  -63.440  33.857 0.3000000119
3782  24.957  -63.943  33.989 0.3000000119
3784  23.432  -64.033  33.125 0.3000000119
3783  24.221  -64.057  33.663 0.3000000119
95955  23.143  -65.033  33.306 0.3000000119
2989  22.839  -65.841  33.693 0.3000000119
101256  21.208  -35.645  31.476 0.3000000119
16451  9.735  -41.317  20.286 0.3000000119
88  15.866  -79.584  31.642 0.6000000238
109  20.051  -78.480  26.721 0.5000000000
111  19.133  -78.780  26.922 0.6000000238
112  18.438  -79.123  26.802 0.5000000000
167  16.346  -78.849  35.161 0.6999999881
194  20.581  -78.001  27.597 0.6000000238
233  20.687  -77.680  17.425 0.6999999881
256  17.486  -77.792  34.910 0.6999999881
257  17.224  -78.174  35.438 0.6999999881
266  21.164  -77.290  30.792 0.4000000060
269  19.938  -77.617  30.686 0.4000000060
270  17.198  -77.415  30.767 0.6000000238
274  20.323  -77.729  30.210 0.6000000238
276  18.991  -77.454  29.981 0.4000000060
278  21.096  -77.485  28.969 0.6000000238
279  20.643  -77.659  29.625 0.6000000238
282  21.610  -77.118  28.304 0.5000000000
289  22.495  -77.064  25.361 0.6000000238
310  21.807  -77.177  21.007 0.6000000238
321  22.542  -76.530  18.745 0.6000000238
322  22.362  -76.680  19.249 0.5000000000
327  21.532  -77.178  17.854 0.6999999881
330  21.374  -77.102  17.271 0.6999999881
335  22.416  -76.386  16.727 0.6000000238
343  21.276  -76.675  15.682 0.6000000238
344  20.478  -77.095  15.623 0.6999999881
347  15.981  -76.893  37.731 0.6999999881
375  21.507  -76.949  29.709 0.5000000000
376  21.427  -77.006  30.385 0.5000000000
384  21.995  -76.599  27.899 0.5000000000
393  22.393  -77.009  26.034 0.6000000238
401  23.610  -76.215  24.159 0.6000000238
406  23.047  -76.362  22.988 0.5000000000
416  22.296  -76.648  21.575 0.5000000000
421  22.752  -76.595  20.251 0.4000000060
424  23.089  -76.267  19.377 0.6000000238
425  22.736  -76.517  19.589 0.6000000238
428  23.262  -76.014  18.418 0.6000000238
433  22.851  -76.316  18.327 0.6000000238
436  22.616  -76.388  17.670 0.6000000238
441  21.898  -76.560  16.149 0.6000000238
446  22.687  -75.687  15.407 0.6000000238
461  17.488  -76.881  37.205 0.8000000119
469  19.976  -76.231  34.813 0.4000000060
497  21.694  -76.160  29.730 0.4000000060
504  23.015  -76.053  26.750 0.5000000000
508  23.310  -76.127  26.038 0.4000000060
535  24.049  -75.645  22.699 0.4000000060
541  24.151  -75.515  21.781 0.4000000060
548  23.667  -75.825  19.610 0.5000000000
550  23.707  -75.742  18.916 0.6000000238
559  23.239  -75.413  16.381 0.6000000238
560  23.207  -75.133  15.504 0.5000000000
569  20.686  -76.202  14.966 0.5000000000
578  16.463  -74.663  38.597 0.8999999762
579  15.724  -74.789  38.733 0.6999999881
586  17.587  -75.856  37.560 0.8999999762
599  20.112  -75.511  35.407 0.4000000060
625  21.632  -75.726  31.293 0.3000000119
639  21.997  -75.969  28.894 0.4000000060
667  23.854  -75.376  25.125 0.5000000000
703  24.608  -74.772  20.885 0.3000000119
719  24.190  -75.427  20.090 0.3000000119
724  24.063  -75.319  18.585 0.6000000238
730  23.410  -75.597  17.658 0.6000000238
731  23.523  -75.128  16.829 0.6000000238
740  23.084  -74.630  15.110 0.5000000000
741  22.720  -74.950  14.772 0.5000000000
742  22.012  -75.309  14.640 0.5000000000
749  15.517  -73.138  39.962 0.8000000119
750  14.728  -73.124  40.063 0.6999999881
751  14.250  -73.162  40.127 0.6999999881
758  16.559  -74.026  39.142 0.8000000119
776  20.051  -74.277  36.374 0.5000000000
791  18.547  -74.289  33.007 0.6999999881
861  24.278  -74.899  23.533 0.3000000119
902  24.420  -74.428  18.800 0.3000000119
917  23.339  -74.304  15.688 0.5000000000
918  23.062  -74.039  15.373 0.5000000000
930  22.860  -73.337  15.020 0.5000000000
941  17.027  -72.693  40.210 0.8999999762
942  16.499  -73.128  39.865 0.8000000119
952  17.965  -73.864  38.832 0.8999999762
957  20.188  -73.252  37.282 0.5000000000
1111  24.555  -73.813  19.079 0.3000000119
1125  23.376  -73.891  16.249 0.4000000060
1133  13.880  -73.388  14.854 0.5000000000
1154  17.294  -72.206  40.474 0.8000000119
1156  15.696  -72.513  40.657 0.8000000119
1159  17.608  -71.936  40.451 0.8999999762
1162  17.819  -72.272  40.224 0.8999999762
1174  20.435  -72.634  37.548 0.3000000119
1175  19.911  -71.858  37.577 0.4000000060
1198  19.011  -72.631  34.372 0.6000000238
1318  10.032  -73.003  15.021 0.6000000238
1323  10.225  -72.402  14.801 0.6000000238
1327  22.525  -72.255  14.151 0.5000000000
1337  17.763  -71.344  40.780 0.8999999762
1340  15.251  -71.587  41.155 0.8000000119
1347  14.265  -71.075  39.663 0.6999999881
1484  10.093  -71.012  21.241 0.6000000238
1485  9.970  -70.531  21.211 0.6000000238
1536  10.998  -70.951  14.495 0.6999999881
1582  17.802  -70.861  41.106 0.8000000119
1584  16.702  -70.397  42.063 0.8000000119
1586  18.005  -70.938  40.594 0.8999999762
1588  15.645  -69.583  41.484 0.8000000119
1589  15.003  -70.086  40.622 0.6999999881
1597  16.837  -69.974  37.765 0.8000000119
1602  20.466  -70.074  38.162 0.3000000119
1611  16.489  -70.677  36.429 0.8000000119
1738  17.073  -69.877  21.113 0.6999999881
1739  16.654  -70.010  21.237 0.6999999881
1752  17.219  -69.796  20.652 0.6000000238
1765  16.977  -70.418  19.768 0.6999999881
1767  15.121  -70.496  19.572 0.6999999881
1804  11.540  -70.347  14.110 0.8000000119
1807  8.753  -70.454  14.431 0.6000000238
1869  9.516  -69.220  41.544 1.0000000000
1875  13.143  -69.818  40.154 0.6000000238
1878  9.062  -69.644  40.259 1.0000000000
1880  7.176  -68.707  39.904 0.8999999762
1883  21.695  -70.044  38.407 0.3000000119
1884  21.043  -70.007  38.557 0.4000000060
1891  8.432  -69.536  39.091 0.8999999762
1892  7.418  -69.070  39.042 1.0000000000
1897  20.893  -69.589  37.984 0.4000000060
1921  15.175  -69.016  35.078 0.8000000119
1928  15.585  -69.118  34.429 0.6999999881
2035  17.097  -69.131  21.955 0.6000000238
2047  16.836  -69.554  21.683 0.6999999881
2050  12.595  -69.232  21.656 0.6999999881
2058  10.887  -69.448  21.113 0.5000000000
2060  9.569  -70.115  20.544 0.6999999881
2092  17.541  -70.332  17.323 0.6999999881
2095  10.948  -70.117  17.959 0.6999999881
2122  13.046  -69.277  15.610 0.6999999881
2133  12.039  -69.644  14.011 0.6999999881
2134  9.068  -69.978  13.895 0.6999999881
2135  8.247  -70.006  14.368 0.5000000000
2208  9.581  -68.409  41.319 1.0000000000
2210  17.354  -69.096  40.848 0.8000000119
2219  7.440  -68.421  40.278 1.0000000000
2223  16.140  -67.684  40.175 1.0000000000
2227  6.283  -68.472  38.893 1.0000000000
2235  22.713  -69.137  37.740 0.3000000119
2276  16.921  -68.027  33.081 0.8000000119
2393  11.599  -68.980  21.205 0.6000000238
2401  17.207  -69.038  20.792 0.5000000000
2440  13.734  -68.379  17.290 0.5000000000
2455  12.909  -69.057  14.895 0.6999999881
2488  12.285  -68.757  14.070 0.6999999881
2489  10.342  -68.894  13.772 0.6999999881
2557  14.609  -67.780  41.347 0.8999999762
2564  6.921  -67.848  40.236 1.0000000000
2571  6.214  -68.298  39.359 1.0000000000
2577  15.801  -67.091  38.716 0.8999999762
2584  6.189  -67.562  37.554 1.0000000000
2596  6.479  -67.619  36.760 0.8999999762
2612  5.942  -66.922  35.695 0.8999999762
2628  17.769  -67.625  32.831 0.6999999881
2629  17.132  -67.239  32.957 0.6999999881
2794  9.025  -66.468  18.537 0.6999999881
2795  8.802  -66.673  18.346 0.6999999881
2796  8.334  -66.587  17.636 0.6000000238
2921  10.134  -66.779  41.009 1.0000000000
2925  6.472  -67.332  40.029 1.0000000000
2937  6.251  -66.828  39.382 1.0000000000
2948  6.115  -66.374  38.593 1.0000000000
2955  15.893  -65.926  37.768 0.8999999762
2969  9.269  -66.712  35.937 0.6000000238
2970  7.282  -66.924  35.581 0.8999999762
2972  5.752  -66.330  35.485 0.8999999762
2980  17.557  -65.599  34.536 0.8999999762
2990  21.225  -66.548  33.506 0.5000000000
2992  17.133  -66.450  33.421 0.8000000119
2994  5.871  -66.079  33.721 0.6999999881
3116  9.184  -65.862  18.437 0.6999999881
3117  8.757  -65.963  18.515 0.6999999881
3137  14.225  -66.772  15.165 0.5000000000
3157  10.254  -67.313  14.754 0.6999999881
3171  12.417  -66.487  13.731 0.6999999881
3173  11.268  -66.173  13.752 0.6999999881
3327  13.186  -65.656  38.107 0.8999999762
3337  12.715  -65.083  37.991 0.8999999762
3338  6.155  -65.127  37.648 1.0000000000
3345  5.617  -66.099  36.858 1.0000000000
3359  9.584  -65.492  34.522 0.6000000238
3369  10.121  -64.996  34.048 0.5000000000
3373  5.654  -65.776  33.209 0.8000000119
3380  19.834  -64.979  31.895 0.6000000238
3385  5.890  -65.580  32.708 0.6999999881
3391  5.588  -65.063  32.127 0.6999999881
3491  9.007  -65.517  18.756 0.6999999881
3504  9.022  -64.999  18.346 0.6999999881
3505  8.857  -65.309  18.629 0.6999999881
3506  8.528  -65.585  18.098 0.6000000238
3532  8.726  -64.830  16.483 0.6999999881
3571  12.363  -65.047  13.074 0.6999999881
3721  10.801  -64.360  39.747 0.8999999762
3738  8.403  -64.191  38.625 0.8999999762
3739  7.582  -64.507  38.283 0.8999999762
3740  6.692  -64.875  38.217 1.0000000000
3746  20.627  -64.585  37.590 0.4000000060
3756  15.546  -64.631  36.409 0.8999999762
3758  13.637  -64.361  36.010 0.8999999762
3770  5.764  -64.779  35.085 0.8999999762
3792  22.784  -63.638  32.629 0.4000000060
3794  21.443  -64.231  32.010 0.5000000000
3796  19.324  -64.258  32.387 0.6000000238
3801  8.928  -64.372  32.877 0.8000000119
3808  20.814  -63.769  31.789 0.6000000238
3812  5.331  -64.413  31.577 0.6999999881
3916  8.863  -64.880  17.105 0.6000000238
3957  12.848  -64.446  12.853 0.5000000000
4089  7.893  -63.746  43.089 0.3000000119
4151  20.962  -64.327  36.824 0.4000000060
4155  12.453  -63.678  38.119 0.8999999762
4156  11.921  -63.138  37.994 0.8000000119
4160  23.053  -63.573  36.867 0.4000000060
4164  20.223  -63.240  36.764 0.4000000060
4168  6.876  -63.930  36.019 1.0000000000
4174  15.348  -63.859  34.809 0.8999999762
4180  5.577  -64.234  34.550 0.8999999762
4183  25.458  -63.669  34.608 0.3000000119
4190  5.480  -63.458  34.130 0.6999999881
4197  18.255  -63.044  33.709 0.6000000238
4198  4.759  -63.334  33.179 0.8999999762
4202  22.427  -63.086  32.342 0.4000000060
4207  11.036  -63.772  32.531 0.6000000238
4213  20.328  -63.492  31.920 0.6000000238
4365  9.241  -63.592  14.664 0.6000000238
4370  5.100  -62.886  14.811 0.5000000000
4380  7.072  -63.176  13.762 0.6000000238
4513  12.444  -62.355  43.205 0.4000000060
4514  11.701  -61.915  43.759 0.4000000060
4520  12.648  -62.176  42.491 0.5000000000
4531  7.807  -62.601  41.804 0.3000000119
4532  7.035  -62.576  41.439 0.3000000119
4536  15.531  -62.927  40.021 0.4000000060
4537  14.711  -62.513  39.979 0.4000000060
4563  10.944  -62.382  37.877 0.8000000119
4588  13.476  -62.836  34.908 0.8000000119
4589  7.760  -62.042  35.006 0.8000000119
4594  23.748  -62.327  34.716 0.4000000060
4595  23.181  -62.132  33.940 0.4000000060
4596  22.463  -62.163  33.399 0.4000000060
4602  7.008  -61.775  34.436 0.6999999881
4616  21.790  -62.616  32.350 0.4000000060
4722  10.642  -62.258  18.921 0.6999999881
4751  4.768  -62.486  15.441 0.5000000000
4762  6.307  -62.770  13.741 0.6000000238
4928  13.224  -61.154  41.446 0.6999999881
4929  12.771  -61.079  41.950 0.6000000238
4936  14.230  -60.896  39.932 0.8000000119
4937  13.730  -61.093  40.749 0.8000000119
4950  17.396  -61.377  37.420 0.6000000238
4957  19.679  -61.274  35.873 0.5000000000
4958  19.125  -60.895  36.339 0.5000000000
4964  9.168  -61.025  35.754 0.8000000119
4980  20.598  -61.633  33.817 0.5000000000
4983  15.312  -61.458  33.991 0.8000000119
4985  6.184  -61.756  34.133 0.6999999881
4986  5.036  -61.785  34.373 0.6999999881
4993  19.729  -61.340  33.537 0.5000000000
4995  17.150  -61.389  33.753 0.6999999881
5000  20.358  -61.782  33.022 0.5000000000
5001  3.858  -61.873  32.198 0.8999999762
5002  3.707  -61.051  32.776 0.6000000238
5065  10.906  -61.402  20.135 0.8000000119
5066  10.132  -61.299  20.008 0.8000000119
5082  12.103  -60.988  19.612 0.6000000238
5086  8.989  -61.297  18.751 0.6999999881
5095  12.032  -61.329  19.073 0.6999999881
5096  11.574  -61.788  18.817 0.6999999881
5109  9.248  -62.098  17.575 0.6000000238
5110  8.826  -61.724  17.543 0.6999999881
5141  4.657  -61.090  15.848 0.6000000238
5159  6.664  -61.357  13.582 0.6000000238
5187  11.320  -61.227  12.320 0.6000000238
5188  10.591  -61.449  12.608 0.6000000238
5385  11.863  -60.439  41.659 0.6999999881
5388  8.961  -60.832  41.005 0.5000000000
5430  16.054  -60.696  36.901 0.6999999881
5431  15.362  -60.143  37.245 0.8000000119
5435  4.144  -60.336  37.201 0.4000000060
5439  18.583  -60.545  36.197 0.5000000000
5443  14.474  -60.210  36.265 0.8000000119
5447  10.839  -60.303  36.494 0.8000000119
5448  9.941  -60.322  36.182 0.8000000119
5451  4.574  -60.547  36.581 0.4000000060
5453  3.738  -60.046  36.824 0.4000000060
5461  14.686  -60.649  35.547 0.8000000119
5471  19.940  -60.992  33.942 0.5000000000
5473  18.808  -60.390  34.485 0.5000000000
5474  17.896  -60.222  34.428 0.5000000000
5478  19.262  -60.730  33.940 0.5000000000
5592  8.615  -60.597  18.246 0.6999999881
5602  8.543  -60.766  17.319 0.6000000238
5612  11.317  -61.062  16.152 0.6999999881
5633  5.780  -60.458  14.180 0.6000000238
5646  10.478  -60.459  13.339 0.6000000238
5664  12.298  -60.231  12.446 0.4000000060
5860  12.271  -60.111  40.973 0.6999999881
5873  11.771  -59.603  40.596 0.6999999881
5874  10.308  -59.744  40.581 0.6000000238
5888  12.538  -58.782  39.329 0.8000000119
5895  3.838  -59.124  38.897 0.4000000060
5900  9.263  -58.834  38.724 0.6999999881
5902  7.585  -59.450  38.133 0.6000000238
5909  14.700  -59.606  37.432 0.8000000119
5925  13.390  -59.411  36.873 0.8000000119
5931  7.853  -59.580  36.692 0.6999999881
6050  10.132  -59.423  19.974 0.6999999881
6065  12.186  -60.269  19.191 0.6000000238
6066  11.887  -60.496  19.843 0.6999999881
6068  8.899  -59.515  19.195 0.6999999881
6077  12.036  -59.437  18.782 0.6000000238
6092  4.185  -59.457  17.496 0.5000000000
6104  13.515  -59.354  16.470 0.6000000238
6106  8.162  -59.313  15.836 0.6000000238
6120  5.102  -59.126  15.261 0.6000000238
6132  11.770  -59.565  13.819 0.5000000000
6155  11.686  -59.655  12.886 0.6000000238
6371  11.812  -58.422  38.586 0.8000000119
6373  10.026  -58.771  39.405 0.6999999881
6380  3.601  -58.533  38.536 0.4000000060
6403  3.485  -58.447  34.270 0.5000000000
6410  10.282  -58.188  33.124 0.8999999762
6420  3.795  -58.380  31.983 0.8000000119
6534  11.221  -59.061  19.729 0.6999999881
6536  9.828  -58.637  19.818 0.6999999881
6597  6.626  -57.768  15.423 0.6000000238
6845  3.733  -57.688  38.907 0.4000000060
6850  3.773  -57.009  37.406 0.4000000060
6872  9.080  -57.429  34.779 0.8000000119
6873  7.907  -57.342  34.571 0.8000000119
6883  10.318  -57.552  33.340 0.8999999762
6889  3.909  -56.980  33.066 0.6000000238
6890  3.700  -57.391  33.206 0.5000000000
6895  5.549  -57.619  32.485 0.8999999762
6899  10.439  -57.689  32.021 0.6999999881
7015  11.386  -57.528  20.243 0.6999999881
7033  7.760  -57.376  19.109 0.6999999881
7044  6.848  -56.959  18.001 0.8000000119
7058  6.448  -56.662  17.146 0.8000000119
7074  5.138  -56.796  15.753 0.6000000238
7092  5.194  -57.590  15.599 0.6000000238
7360  3.652  -55.986  36.181 0.6000000238
7366  9.530  -56.196  35.598 0.8999999762
7377  9.463  -56.822  35.290 0.8999999762
7382  3.758  -56.530  34.448 0.6000000238
7401  10.281  -56.910  33.480 0.8000000119
7408  10.007  -56.793  32.736 0.6999999881
7531  11.676  -56.093  21.038 0.6999999881
7538  12.341  -56.469  20.405 0.6000000238
7541  9.990  -56.586  20.656 0.6999999881
7556  12.453  -56.838  20.072 0.6999999881
7594  5.300  -56.225  16.112 0.6999999881
7596  4.341  -56.443  16.578 0.5000000000
7903  3.603  -54.796  38.311 0.6000000238
7910  8.021  -54.942  37.248 0.8000000119
7919  7.712  -55.460  36.825 0.8000000119
7920  6.604  -55.318  36.676 0.6999999881
7921  5.314  -55.056  36.328 0.6999999881
7930  9.181  -55.236  35.199 0.8999999762
7934  3.882  -55.690  35.382 0.6999999881
8108  12.201  -55.325  20.844 0.6999999881
8109  11.993  -55.620  21.068 0.6999999881
8113  8.269  -55.159  21.276 0.8000000119
8127  12.371  -55.839  20.653 0.6999999881
8132  6.474  -55.271  20.241 0.6999999881
8162  5.152  -54.740  18.110 0.6000000238
8163  4.572  -55.143  17.909 0.6000000238
8177  4.795  -55.454  17.322 0.6000000238
8475  6.014  -54.294  43.583 0.3000000119
8505  3.089  -53.919  40.503 0.6000000238
8525  6.869  -54.046  38.478 0.8000000119
8526  5.780  -53.815  38.315 0.6999999881
8538  3.870  -54.403  37.652 0.6000000238
8582  8.419  -54.718  34.084 0.6999999881
8755  5.716  -54.278  21.296 0.8000000119
8769  12.042  -54.883  20.715 0.6999999881
8780  12.335  -55.424  20.480 0.5000000000
8784  5.219  -54.225  19.134 0.6000000238
8796  4.748  -54.308  18.424 0.6000000238
8798  4.330  -54.587  18.641 0.5000000000
8815  4.826  -54.896  17.925 0.6000000238
9076  4.004  -53.627  43.969 0.3000000119
9097  4.310  -52.909  43.995 0.4000000060
9121  3.260  -53.277  41.002 0.5000000000
9140  7.124  -52.875  38.879 0.8000000119
9311  5.838  -53.378  23.264 0.8999999762
9358  10.177  -53.224  20.346 0.4000000060
9372  4.421  -53.141  19.002 0.6000000238
9384  4.777  -53.796  18.699 0.6000000238
9689  3.680  -53.113  43.043 0.4000000060
9743  5.587  -51.922  39.426 0.6999999881
9774  7.656  -52.084  37.548 0.8999999762
9785  7.104  -52.334  35.522 0.6999999881
9890  6.933  -51.772  24.814 0.8000000119
9923  5.442  -53.219  22.474 0.8000000119
9964  4.757  -52.453  20.158 0.8000000119
9985  4.050  -52.335  19.350 0.6000000238
10277  7.917  -50.747  43.686 0.3000000119
10278  7.130  -51.033  44.129 0.4000000060
10279  6.234  -51.272  44.323 0.4000000060
10324  7.100  -51.427  39.087 0.8999999762
10468  6.937  -51.079  26.122 0.8000000119
10469  5.977  -50.876  25.981 0.6999999881
10484  5.051  -50.435  24.020 0.6000000238
10506  9.262  -51.718  22.847 0.8000000119
10540  3.645  -51.035  19.989 0.6000000238
10835  9.381  -50.443  42.431 0.3000000119
10851  9.980  -50.117  41.973 0.3000000119
10866  5.679  -49.151  40.738 0.8000000119
10919  4.931  -49.917  36.666 0.8000000119
11005  8.701  -49.684  27.163 0.6000000238
11006  8.235  -50.404  26.792 0.6999999881
11014  8.672  -50.746  26.013 0.6999999881
11018  5.160  -49.483  25.915 0.5000000000
11022  9.173  -50.298  25.712 0.5000000000
11065  3.720  -50.605  20.462 0.6000000238
11385  5.234  -49.064  43.457 0.5000000000
11405  9.456  -49.135  41.795 0.3000000119
11420  5.608  -47.988  40.910 0.8000000119
11470  4.187  -48.547  36.870 0.8000000119
11557  9.039  -48.962  27.446 0.6000000238
11565  4.987  -48.829  26.249 0.5000000000
11571  9.366  -49.463  26.102 0.5000000000
11591  8.675  -49.630  23.894 0.6000000238
11982  5.128  -47.430  42.615 0.5000000000
11997  5.867  -47.200  41.238 0.6999999881
12040  3.300  -47.918  35.932 0.6000000238
12119  10.090  -47.874  26.659 0.5000000000
12120  9.666  -48.669  26.475 0.5000000000
12512  8.127  -47.375  41.421 0.6000000238
12513  7.368  -46.995  41.923 0.6000000238
12615  9.651  -47.829  27.478 0.5000000000
12627  11.302  -47.282  25.754 0.4000000060
13571  8.850  -46.210  27.074 0.6999999881
13589  11.437  -46.519  25.551 0.3000000119
14040  11.972  -43.874  39.195 0.6999999881
14563  15.575  -43.323  39.090 0.3000000119
14564  14.736  -43.086  39.215 0.4000000060
14573  15.398  -42.834  38.953 0.3000000119
14623  17.516  -43.285  34.645 0.3000000119
14632  17.053  -42.749  34.125 0.4000000060
15114  15.522  -42.513  38.507 0.4000000060
15115  14.833  -42.264  38.899 0.4000000060
15116  14.097  -41.578  38.711 0.6999999881
15128  13.520  -40.886  38.123 0.6000000238
15146  13.158  -41.252  37.184 0.6000000238
15147  12.488  -41.310  36.545 0.6999999881
15192  16.515  -42.271  33.635 0.6000000238
15699  11.064  -41.119  36.482 0.6999999881
15713  11.204  -40.976  36.191 0.6999999881
15725  11.735  -41.435  33.909 0.6000000238
15738  15.205  -41.826  33.334 0.6000000238
15742  9.359  -40.907  33.708 0.5000000000
16307  10.124  -40.776  33.294 0.5000000000
16323  10.333  -40.834  32.459 0.5000000000
17028  6.510  -39.061  21.402 0.6000000238
87689  16.961  -78.267  32.741 0.8000000119
87691  17.244  -77.061  33.980 0.8000000119
87692  20.138  -77.029  33.699 0.4000000060
87752  6.648  -64.309  31.436 0.6999999881
87756  11.231  -63.286  32.145 0.5000000000
87758  4.680  -62.405  29.866 0.8000000119
87763  4.599  -63.678  31.588 0.8000000119
87774  11.027  -59.413  30.221 0.6999999881
87776  4.024  -59.745  30.366 0.8000000119
87784  10.612  -58.842  30.149 0.6999999881
87794  3.833  -60.889  30.460 0.8000000119
87821  8.542  -48.652  27.881 0.5000000000
89688  11.087  -61.304  31.682 0.6999999881
89764  10.924  -62.216  32.201 0.6999999881
89798  11.004  -59.669  31.435 0.8000000119
90026  11.424  -62.307  30.498 0.5000000000
90173  4.400  -59.316  30.684 0.8000000119
90175  7.134  -60.369  30.648 0.8000000119
90270  3.682  -59.569  31.346 0.8000000119
90460  5.470  -48.224  27.332 0.5000000000
90463  6.099  -45.847  27.129 0.5000000000
90591  10.614  -58.216  32.028 0.8000000119
90824  16.680  -79.129  33.518 0.6999999881
90836  9.231  -47.470  27.722 0.5000000000
90964  9.182  -59.337  32.313 0.8999999762
91213  4.114  -61.791  30.015 0.8000000119
91225  17.633  -72.925  34.484 0.8000000119
91270  4.674  -63.476  30.892 0.8000000119
91340  7.258  -49.518  27.582 0.6999999881
91517  23.691  -74.719  17.137 0.5000000000
92008  17.815  -70.105  39.405 0.8000000119
92376  17.716  -76.342  36.446 0.8999999762
93123  21.901  -72.401  13.786 0.6000000238
93183  20.009  -72.270  13.970 0.6000000238
93213  19.260  -71.672  36.717 0.5000000000
93281  3.978  -56.744  40.071 0.3000000119
93398  14.156  -41.101  37.665 0.5000000000
93402  17.764  -73.829  38.828 0.8999999762
93409  12.208  -59.031  40.073 0.8000000119
93508  3.432  -53.827  42.782 0.4000000060
93685  4.089  -60.337  30.030 0.8000000119
94024  12.157  -62.579  43.872 0.4000000060
94440  17.092  -62.554  39.168 0.4000000060
94469  3.824  -55.867  38.786 0.5000000000
94470  15.634  -65.457  37.422 0.8999999762
94646  9.400  -61.616  14.029 0.6999999881
94680  18.873  -62.707  33.361 0.5000000000
94886  23.455  -76.173  25.274 0.6000000238
95082  9.273  -64.690  33.568 0.8000000119
95342  18.700  -67.623  33.010 0.6999999881
95351  17.176  -69.677  34.348 0.6999999881
95400  16.103  -60.843  33.970 0.8000000119
95452  11.045  -59.462  40.463 0.6999999881
95630  17.404  -73.088  39.850 0.8999999762
95702  5.390  -51.409  44.106 0.4000000060
95894  10.476  -69.751  19.105 0.5000000000
95971  10.287  -62.500  37.713 0.8000000119
96245  4.525  -53.708  38.215 0.6999999881
96411  8.640  -41.938  35.305 0.6000000238
96642  4.158  -52.033  40.262 0.6000000238
96694  4.936  -50.610  43.574 0.4000000060
97083  9.407  -71.353  19.077 0.6000000238
97111  12.604  -69.749  15.686 0.6999999881
97246  14.192  -70.603  19.348 0.6000000238
97372  9.320  -67.006  18.002 0.6999999881
97434  16.355  -70.054  36.884 0.8000000119
98196  15.281  -63.555  41.086 0.3000000119
98246  17.866  -73.036  39.810 0.8999999762
98331  3.320  -54.518  39.940 0.6000000238
98338  23.539  -76.196  24.692 0.6000000238
99315  6.064  -67.678  39.389 1.0000000000
99535  16.991  -60.212  35.881 0.6999999881
99837  18.045  -70.156  40.414 0.8999999762
100137  15.236  -69.518  22.044 0.6999999881
100255  3.570  -57.485  35.766 0.5000000000
100345  22.390  -72.363  14.002 0.6000000238
100969  16.282  -79.836  32.777 0.6000000238
101028  23.167  -73.297  15.590 0.5000000000
101566  17.207  -43.473  35.366 0.3000000119
101807  8.990  -54.134  22.551 0.8000000119
101933  5.891  -66.636  35.067 0.8000000119
101944  8.276  -49.357  23.356 0.6000000238
102237  4.609  -56.671  16.103 0.5000000000
102238  19.080  -77.285  15.523 0.5000000000
102400  6.714  -37.584  20.660 0.5000000000
102489  17.306  -41.036  31.118 0.5000000000
102764  11.387  -61.695  31.277 0.6999999881
102765  11.206  -60.330  31.094 0.8000000119
102796  7.369  -61.851  30.385 0.8000000119
103015  5.691  -61.135  29.412 0.8000000119
103145  7.135  -63.651  31.092 0.6999999881
103568  5.917  -56.504  16.320 0.6999999881
103583  21.036  -77.676  19.276 0.6000000238
103727  17.007  -74.764  38.284 0.8999999762
103752  7.953  -58.452  32.838 0.8000000119
103785  20.558  -78.040  20.071 0.6000000238
103852  4.782  -64.149  32.021 0.8999999762
104009  22.465  -76.189  15.948 0.6000000238
104146  7.337  -47.234  42.518 0.6000000238
104245  16.801  -66.714  35.091 0.8999999762
104357  14.570  -72.005  40.996 0.6999999881
104787  6.012  -60.090  37.344 0.4000000060
104890  8.470  -54.847  36.849 0.8999999762
105073  5.036  -62.157  14.713 0.5000000000
105128  6.571  -68.677  38.934 1.0000000000
105217  4.039  -53.972  38.009 0.6999999881
105352  15.326  -72.878  14.123 0.6999999881
105810  4.443  -55.034  36.120 0.8000000119
105878  12.122  -58.602  37.846 0.8000000119
105970  16.025  -70.306  41.973 0.8000000119
106005  22.567  -76.469  18.283 0.6000000238
106012  20.385  -78.379  26.365 0.6999999881
106034  10.615  -40.838  33.624 0.6000000238
106191  11.468  -40.660  32.615 0.6000000238
106336  8.186  -60.806  40.576 0.5000000000
106391  21.548  -76.731  30.614 0.4000000060
106433  14.768  -69.818  21.433 0.6999999881
106760  18.011  -74.405  32.988 0.6999999881
106786  6.405  -60.651  13.750 0.6000000238
106852  6.710  -49.855  27.223 0.6999999881
107182  19.040  -65.113  32.238 0.6000000238
107194  19.138  -62.718  38.782 0.3000000119
107321  21.055  -68.186  35.607 0.5000000000
107440  8.303  -59.928  36.113 0.6999999881
107441  13.491  -68.064  19.596 0.6000000238
107529  7.323  -53.347  23.606 0.8000000119
107877  19.187  -60.361  35.003 0.5000000000
107901  6.263  -66.587  34.536 0.8999999762
108039  3.592  -56.699  35.920 0.5000000000
108150  10.767  -68.294  13.869 0.6999999881
108197  17.065  -71.117  17.558 0.6999999881
108229  10.624  -69.344  20.778 0.6000000238
108238  9.048  -65.893  18.824 0.6999999881
108367  23.245  -76.629  24.332 0.6000000238
108515  14.239  -70.083  20.919 0.6999999881
108562  9.275  -47.916  24.839 0.4000000060
108578  6.175  -68.092  37.897 0.8999999762
108806  9.966  -56.483  33.756 0.6999999881
108852  19.322  -33.014  25.025 0.3000000119
108963  3.486  -59.668  33.705 0.5000000000
109098  9.445  -70.657  20.582 0.6999999881
109104  6.565  -64.078  14.193 0.6000000238
109171  22.919  -62.284  33.348 0.4000000060
109276  4.244  -54.306  44.084 0.3000000119
109379  22.650  -75.602  27.574 0.4000000060
109439  22.285  -77.283  25.372 0.6000000238
109570  7.613  -64.181  37.506 0.8999999762
110099  3.667  -60.992  31.069 0.8999999762
110131  3.784  -55.275  36.681 0.6999999881
