#!ascii label  , from subject sub-v2s4x29584_ses-1 vox2ras=TkReg
3777
39  1.590  -74.787  26.584 0.6000000238
1077  -3.402  -70.420  27.174 1.0000000000
1365  -4.094  -69.910  27.656 1.0000000000
837  -2.787  -70.953  26.582 1.0000000000
1061  -3.560  -70.430  28.127 1.0000000000
106263  -3.722  -70.271  28.987 1.0000000000
1341  -4.194  -69.378  30.137 1.0000000000
2001  -4.278  -67.899  30.401 1.0000000000
109850  -1.800  -71.060  33.138 0.8999999762
21  0.903  -74.693  28.857 0.6000000238
40  1.125  -74.721  26.233 0.6000000238
107188  -3.694  -70.039  26.710 1.0000000000
1092  -3.140  -70.385  26.248 1.0000000000
1676  -3.715  -69.651  26.751 1.0000000000
852  -2.163  -71.207  25.841 1.0000000000
836  -1.906  -71.322  26.774 1.0000000000
1076  -2.653  -71.061  27.693 1.0000000000
1060  -2.859  -70.889  28.781 1.0000000000
1091  -0.905  -71.384  26.799 1.0000000000
102501  -0.065  -71.074  26.828 1.0000000000
1956  -3.812  -67.893  32.736 0.6999999881
1313  -3.894  -68.454  33.167 0.8000000119
113255  -0.366  -74.036  31.134 0.6000000238
707  0.917  -72.260  17.214 0.8000000119
144  0.699  -74.655  29.336 0.6000000238
31  1.507  -74.702  27.426 0.6000000238
71  1.986  -75.112  22.658 0.8000000119
76  4.278  -75.773  21.577 0.6999999881
286  3.624  -74.885  19.578 0.8999999762
8  4.883  -75.552  18.642 0.8000000119
301  4.723  -74.977  18.023 0.8999999762
1382  -3.263  -69.794  24.500 1.0000000000
872  -2.897  -70.612  24.121 1.0000000000
1112  1.337  -70.559  24.697 1.0000000000
108851  1.559  -70.715  25.552 1.0000000000
1609  -2.893  -68.623  34.063 0.6999999881
1021  -3.002  -69.288  34.132 0.6999999881
672  1.580  -73.293  19.456 0.8999999762
244  -1.029  -73.624  29.060 0.8000000119
106547  0.014  -74.584  27.764 0.6999999881
106412  4.056  -73.226  15.685 0.8999999762
491  2.661  -73.017  15.041 0.8999999762
41  0.513  -74.678  26.766 0.6999999881
185  2.292  -74.689  21.412 0.8999999762
197  5.012  -75.256  17.698 0.8000000119
112702  -3.574  -69.079  24.112 1.0000000000
1695  -4.134  -68.300  23.849 1.0000000000
1375  -3.282  -69.424  25.764 1.0000000000
116692  -3.312  -69.986  25.652 1.0000000000
877  -2.214  -70.836  23.579 1.0000000000
859  -2.378  -70.964  25.005 1.0000000000
869  -1.131  -71.254  24.399 1.0000000000
1052  -4.289  -69.541  29.202 1.0000000000
107401  -4.553  -68.584  30.606 1.0000000000
1333  -3.990  -69.209  31.382 1.0000000000
1020  -2.264  -70.056  34.804 0.6000000238
1610  -3.495  -68.697  33.678 0.8000000119
571  -0.923  -72.477  32.199 0.6999999881
101120  -1.353  -73.158  29.769 0.8000000119
696  0.526  -72.423  18.122 0.8000000119
682  2.265  -73.405  18.632 0.8999999762
146  -0.486  -74.332  29.052 0.6999999881
32  0.884  -74.679  27.441 0.6000000238
55  2.253  -75.259  24.939 0.6000000238
170  0.466  -74.247  25.217 0.8000000119
103358  6.006  -75.234  21.857 0.6000000238
103529  5.304  -75.484  22.103 0.6000000238
102235  4.644  -75.730  22.039 0.6000000238
716  3.999  -73.098  14.905 0.8999999762
281  2.810  -74.730  20.875 1.0000000000
436  4.711  -73.919  19.606 0.8999999762
12  5.958  -76.101  17.195 0.8000000119
206  5.574  -75.502  15.732 0.8000000119
495  6.883  -72.893  13.505 0.8999999762
1392  -3.388  -69.605  23.758 1.0000000000
1114  -0.740  -70.932  23.845 1.0000000000
858  -1.577  -71.268  25.056 1.0000000000
850  -0.879  -71.440  25.104 1.0000000000
1050  -3.101  -70.454  29.634 1.0000000000
1051  -3.902  -70.024  29.698 1.0000000000
1043  -3.584  -70.046  30.505 1.0000000000
1311  -3.074  -69.747  33.266 0.8999999762
559  -1.144  -72.006  33.746 0.6000000238
99874  -1.291  -71.841  32.971 0.6999999881
577  -1.083  -72.190  31.977 0.8000000119
594  -1.225  -72.767  29.836 0.8000000119
386  -1.002  -73.413  27.891 0.8000000119
156  -0.475  -74.309  27.834 0.6999999881
403  0.233  -73.947  25.344 0.8999999762
255  -0.340  -74.148  26.586 0.6999999881
412  2.936  -72.974  22.982 1.0000000000
103866  0.889  -74.373  24.365 0.8999999762
704  4.411  -72.860  16.423 0.8999999762
69  3.243  -75.702  22.559 0.6000000238
70  2.488  -75.481  22.520 0.6000000238
946  4.863  -72.632  15.593 0.8999999762
109121  4.627  -75.548  20.183 0.6999999881
83  3.367  -75.279  20.581 0.6999999881
431  2.538  -73.816  21.596 1.0000000000
88  6.186  -75.604  19.387 0.6000000238
89  5.638  -75.607  19.635 0.6999999881
2  5.294  -75.593  19.437 0.6999999881
4  6.105  -75.819  19.044 0.6999999881
955  5.405  -71.697  14.198 0.8999999762
723  3.176  -72.838  14.467 0.8999999762
10  5.964  -76.006  17.914 0.8000000119
9  6.177  -76.131  17.507 0.8000000119
715  6.577  -72.907  15.321 0.8999999762
119  6.906  -75.958  15.548 0.8000000119
114  5.493  -75.747  16.862 0.8000000119
203  5.192  -75.470  16.401 0.8000000119
471  5.450  -74.009  16.634 0.8999999762
115727  7.591  -75.835  15.174 0.8000000119
721  7.831  -72.297  13.984 0.8999999762
129  6.710  -75.533  13.852 0.8999999762
105925  5.788  -75.201  14.965 0.8999999762
128  7.369  -75.573  13.822 0.8000000119
496  6.434  -73.683  12.947 0.8999999762
2032  -4.007  -67.901  24.708 0.8999999762
115401  -3.542  -68.620  22.653 1.0000000000
1143  -2.993  -70.161  22.927 1.0000000000
1704  -2.744  -69.264  22.318 1.0000000000
1128  -1.873  -70.622  23.224 1.0000000000
2050  -1.144  -68.511  23.311 1.0000000000
1391  -0.082  -70.389  23.822 1.0000000000
1090  -0.258  -71.369  25.742 1.0000000000
1389  1.975  -70.135  24.463 1.0000000000
1075  -1.518  -71.211  27.737 1.0000000000
1074  -0.501  -70.854  27.711 1.0000000000
1089  0.727  -70.925  26.256 1.0000000000
1388  2.845  -70.028  24.610 1.0000000000
110134  -2.118  -70.683  29.304 1.0000000000
1098  2.388  -70.441  25.042 1.0000000000
1332  -3.030  -70.011  31.508 1.0000000000
1322  -3.511  -69.431  32.479 1.0000000000
1031  -2.482  -70.171  33.817 0.8999999762
576  -0.982  -71.891  31.681 1.0000000000
100680  -2.191  -70.739  34.230 0.6999999881
1030  -2.049  -70.294  32.637 1.0000000000
585  -0.523  -71.888  31.046 1.0000000000
807  -1.291  -71.652  32.500 1.0000000000
806  -0.823  -71.003  32.251 1.0000000000
115066  -0.468  -72.437  29.282 1.0000000000
100686  -1.102  -72.474  31.250 0.8999999762
382  -1.044  -72.664  29.120 1.0000000000
619  0.765  -72.920  27.031 1.0000000000
389  -0.746  -73.143  27.546 0.8999999762
383  -1.269  -72.954  29.032 0.8000000119
402  0.823  -73.359  25.220 1.0000000000
397  -0.393  -73.581  26.856 1.0000000000
407  0.899  -73.521  24.345 1.0000000000
422  1.420  -73.832  22.517 1.0000000000
414  1.103  -73.758  23.393 1.0000000000
408  0.612  -73.881  24.004 1.0000000000
81  5.182  -75.566  20.403 0.6999999881
272  2.942  -74.260  21.001 1.0000000000
103733  7.371  -75.182  19.526 0.6000000238
96  4.549  -75.279  18.936 0.8999999762
279  3.933  -74.357  19.896 1.0000000000
95  6.645  -75.904  18.002 0.6999999881
293  4.580  -74.811  18.360 0.8999999762
453  4.925  -74.166  18.777 0.8999999762
110  7.654  -75.989  16.864 0.6999999881
292  4.996  -74.380  18.025 0.8999999762
102184  5.371  -75.078  15.729 0.8999999762
1237  7.789  -70.852  12.487 0.8999999762
209  8.781  -75.410  14.093 0.6999999881
742  7.420  -72.243  12.242 0.8999999762
214  6.294  -75.162  13.534 0.8999999762
217  8.358  -75.066  12.547 0.8000000119
338  9.224  -74.318  11.188 0.8000000119
111696  -4.312  -67.726  23.184 1.0000000000
1703  -2.001  -68.900  22.692 1.0000000000
1702  -0.284  -69.381  23.726 1.0000000000
1113  0.338  -70.780  24.339 1.0000000000
1088  2.196  -70.396  26.096 1.0000000000
1692  2.029  -68.753  24.511 1.0000000000
1073  0.500  -70.473  27.528 1.0000000000
2028  2.980  -67.193  24.703 1.0000000000
1059  -1.111  -70.613  28.708 1.0000000000
1042  -2.234  -70.199  30.443 1.0000000000
1321  -2.381  -70.063  32.211 1.0000000000
591  1.130  -71.840  29.496 1.0000000000
812  -0.294  -71.165  31.699 1.0000000000
592  0.270  -72.152  29.803 1.0000000000
600  1.352  -72.218  28.645 1.0000000000
608  0.557  -72.621  27.905 1.0000000000
607  1.560  -72.495  27.731 1.0000000000
395  0.824  -73.171  26.137 1.0000000000
401  1.671  -73.055  24.950 1.0000000000
646  4.295  -72.530  22.327 1.0000000000
634  3.625  -72.578  23.632 1.0000000000
635  2.770  -72.902  23.867 1.0000000000
652  5.234  -72.326  21.232 1.0000000000
420  3.325  -73.171  22.164 1.0000000000
429  4.250  -73.358  21.108 1.0000000000
661  4.873  -72.960  20.823 1.0000000000
437  4.458  -73.641  20.371 1.0000000000
94  7.579  -75.749  18.284 0.6999999881
444  5.399  -73.317  19.278 0.8999999762
102  6.670  -76.083  17.160 0.6999999881
105380  6.301  -75.971  16.067 0.8000000119
122  5.500  -75.675  16.227 0.8000000119
461  5.895  -73.309  17.299 0.8999999762
109  8.586  -75.806  16.074 0.6000000238
117  8.973  -75.700  15.436 0.6999999881
316  5.733  -74.448  14.941 0.8999999762
1239  4.400  -70.221  12.045 0.8999999762
333  10.232  -74.338  12.543 0.6999999881
334  9.935  -74.284  12.066 0.8000000119
116393  -2.913  -59.901  20.859 1.0000000000
6007  -2.170  -59.312  21.028 1.0000000000
104523  -0.279  -68.137  23.969 1.0000000000
6726  -1.730  -58.602  21.268 1.0000000000
1390  0.914  -70.113  24.046 1.0000000000
1694  0.637  -68.817  24.237 1.0000000000
107274  1.239  -68.422  24.564 1.0000000000
8106  -2.236  -56.533  21.435 1.0000000000
1387  3.557  -69.650  24.832 1.0000000000
1381  3.240  -70.115  25.245 1.0000000000
2039  3.461  -68.333  24.558 1.0000000000
8787  -2.489  -55.567  21.846 1.0000000000
1691  3.019  -69.234  24.424 1.0000000000
102065  0.014  -70.088  28.541 1.0000000000
1072  1.555  -70.316  27.049 1.0000000000
3211  3.128  -64.130  26.413 1.0000000000
3735  4.014  -63.862  26.099 1.0000000000
3719  2.678  -63.429  27.040 1.0000000000
1340  -0.980  -69.684  30.501 1.0000000000
1331  -1.453  -69.825  31.276 1.0000000000
4273  2.482  -62.373  24.824 1.0000000000
1330  -0.370  -69.652  30.763 1.0000000000
818  1.541  -70.918  29.845 1.0000000000
1040  0.844  -69.909  30.356 1.0000000000
805  -0.116  -70.594  31.637 1.0000000000
1036  -0.135  -70.043  31.470 1.0000000000
3761  1.762  -63.009  24.379 1.0000000000
828  2.719  -71.127  28.876 1.0000000000
811  0.965  -70.532  30.423 1.0000000000
903  2.053  -72.292  20.832 0.8999999762
3776  2.366  -63.605  23.473 1.0000000000
829  1.977  -71.463  29.213 1.0000000000
663  1.196  -72.801  20.428 0.8999999762
606  2.487  -72.270  27.522 1.0000000000
673  0.728  -73.046  19.694 0.8999999762
617  2.738  -72.482  26.508 1.0000000000
116192  4.150  -72.042  25.083 1.0000000000
681  3.207  -72.866  18.539 0.8999999762
683  -0.200  -72.144  18.989 0.8000000119
628  4.209  -72.139  24.195 1.0000000000
921  -0.303  -71.588  18.151 0.8000000119
694  2.726  -73.390  17.819 0.8999999762
695  1.213  -72.947  17.436 0.8000000119
644  4.978  -72.074  21.959 1.0000000000
920  4.063  -72.012  18.718 0.8999999762
930  3.963  -72.491  17.889 0.8999999762
693  3.364  -73.123  17.657 0.8999999762
111849  -1.210  -71.032  18.037 0.8000000119
1190  5.755  -70.666  17.555 0.8999999762
899  7.050  -71.024  19.955 1.0000000000
1203  5.857  -71.148  16.576 0.8999999762
106275  4.579  -72.283  17.258 0.8999999762
659  5.887  -72.135  20.089 1.0000000000
1214  6.156  -71.188  15.587 0.8999999762
935  5.174  -72.108  16.560 0.8999999762
931  -1.729  -70.302  18.095 0.8000000119
1487  -2.639  -69.106  16.379 0.6999999881
1176  8.000  -70.696  18.639 0.8999999762
670  5.901  -72.513  19.387 0.8999999762
1225  6.227  -71.114  14.644 0.8999999762
1208  -2.158  -69.976  16.351 0.6999999881
1500  -2.374  -69.735  15.435 0.6999999881
732  4.400  -72.091  13.801 0.8999999762
1218  -1.331  -70.404  15.829 0.6999999881
1501  -2.935  -68.903  15.302 0.6999999881
451  6.133  -72.818  18.162 0.8999999762
1224  7.139  -70.466  14.014 0.8999999762
1233  6.199  -70.998  13.637 0.8999999762
115358  -1.719  -70.109  14.803 0.6999999881
1797  -3.123  -67.892  15.522 0.6999999881
116848  7.856  -70.429  13.482 0.8999999762
961  5.136  -71.369  13.249 0.8999999762
111418  -3.325  -67.661  13.700 0.6999999881
690  7.081  -72.112  16.969 0.8999999762
1232  6.974  -70.525  13.064 0.8999999762
1238  6.627  -70.672  12.299 0.8999999762
1841  -2.735  -68.070  12.110 0.6000000238
1231  8.213  -70.644  13.115 0.8999999762
969  4.765  -70.816  12.511 0.8999999762
964  2.820  -71.320  13.327 0.6999999881
1821  -1.760  -69.014  13.190 0.6000000238
2575  -3.644  -66.898  12.070 0.5000000000
215  9.621  -74.774  12.930 0.8000000119
218  7.388  -75.054  12.585 0.8999999762
107763  6.389  -74.641  12.834 0.8999999762
322  6.140  -73.898  13.947 0.8999999762
741  8.243  -71.519  12.872 0.8999999762
1244  6.354  -70.733  11.450 0.8999999762
108386  6.816  -72.747  11.534 0.8999999762
968  7.788  -71.335  12.277 0.8999999762
1243  7.193  -71.079  11.753 0.8999999762
973  6.380  -70.846  10.956 0.8999999762
1245  5.680  -70.408  11.032 0.8999999762
1246  4.765  -69.963  11.220 0.8999999762
501  6.571  -73.834  11.800 0.8999999762
749  7.169  -72.487  11.407 0.8999999762
339  7.476  -74.285  11.406 0.8000000119
222  7.058  -74.538  12.058 0.8000000119
101284  6.794  -73.282  11.540 0.8000000119
342  10.394  -73.681  11.154 0.6000000238
101842  10.236  -73.574  10.653 0.6999999881
340  6.876  -74.044  11.611 0.8000000119
513  7.491  -73.165  10.938 0.8000000119
754  7.349  -72.497  11.062 0.8000000119
975  6.989  -71.424  10.968 0.8999999762
101750  9.172  -73.492  10.329 0.8000000119
343  9.524  -73.798  10.717 0.6999999881
101438  -4.238  -66.540  22.808 1.0000000000
2053  -3.790  -67.994  22.548 1.0000000000
107871  -3.649  -66.663  22.489 1.0000000000
108357  -2.725  -68.507  22.234 1.0000000000
2051  -2.030  -68.003  22.760 1.0000000000
106503  -0.371  -67.242  24.063 1.0000000000
2042  0.574  -67.541  24.584 1.0000000000
2433  -0.068  -66.596  24.529 1.0000000000
2420  1.457  -66.131  24.928 1.0000000000
2029  2.024  -67.009  24.845 1.0000000000
1380  3.923  -69.585  25.630 1.0000000000
1683  4.285  -69.277  25.046 1.0000000000
2027  3.989  -67.511  24.662 1.0000000000
2419  2.509  -66.169  24.918 1.0000000000
2026  5.047  -67.906  24.899 1.0000000000
1087  2.860  -70.207  26.029 1.0000000000
3223  3.491  -64.705  25.660 1.0000000000
3225  1.638  -64.813  25.804 1.0000000000
1339  -0.270  -69.557  30.008 1.0000000000
1364  1.059  -69.718  28.482 1.0000000000
1351  0.375  -69.616  29.361 1.0000000000
3717  4.893  -62.794  25.810 1.0000000000
4743  4.390  -61.833  26.047 1.0000000000
4231  4.167  -62.305  26.774 1.0000000000
110251  0.492  -69.619  30.107 1.0000000000
4259  4.720  -61.947  25.260 1.0000000000
1047  2.212  -69.809  29.227 1.0000000000
4272  3.548  -62.304  24.580 1.0000000000
103820  2.208  -70.520  29.382 1.0000000000
3759  4.185  -62.771  23.698 1.0000000000
834  3.801  -71.383  28.024 1.0000000000
110787  1.225  -72.231  21.096 0.8999999762
3777  1.387  -63.548  23.492 1.0000000000
849  4.034  -71.655  27.418 1.0000000000
835  3.066  -71.660  28.198 1.0000000000
616  3.744  -72.012  26.664 1.0000000000
599  2.250  -71.930  28.402 1.0000000000
664  0.304  -72.427  20.359 0.8999999762
621  4.258  -71.857  26.010 1.0000000000
902  3.024  -71.787  20.502 0.8999999762
1169  3.739  -71.406  20.136 0.8999999762
911  3.370  -72.097  19.555 0.8999999762
876  5.201  -71.514  23.333 1.0000000000
107666  4.775  -71.788  23.946 1.0000000000
922  -0.940  -71.314  18.941 0.8000000119
1177  5.181  -71.035  18.225 0.8999999762
887  5.374  -71.504  22.403 1.0000000000
120309  5.697  -70.306  18.401 0.8999999762
890  6.174  -71.246  21.206 1.0000000000
1159  6.802  -70.779  20.763 1.0000000000
1202  6.728  -70.388  15.987 0.8999999762
1197  -1.955  -69.063  18.200 0.8000000119
1496  7.792  -69.739  15.394 0.8999999762
1209  -2.307  -69.427  17.318 0.8000000119
118095  -3.873  -63.845  15.324 0.8999999762
909  7.260  -71.176  19.126 1.0000000000
945  5.498  -71.864  15.132 0.8999999762
918  6.871  -71.758  18.652 0.8999999762
3348  -4.258  -63.844  14.854 0.8999999762
3379  -4.086  -64.405  14.117 0.8999999762
101612  8.554  -70.440  13.922 0.8999999762
970  3.975  -70.726  12.626 0.8999999762
1809  -2.844  -68.979  14.306 0.6999999881
2151  -3.292  -67.767  14.678 0.6999999881
1230  8.682  -70.746  13.625 0.8999999762
2169  -3.086  -68.073  12.742 0.6999999881
108434  7.444  -72.459  14.769 0.8999999762
120271  8.428  -71.774  14.057 0.8999999762
960  8.702  -71.092  13.468 0.8999999762
335  6.597  -74.316  12.250 0.8000000119
1254  5.847  -69.872  9.959 0.6999999881
1253  6.596  -70.336  9.720 0.6999999881
345  7.981  -73.969  10.979 0.8000000119
116773  7.707  -72.519  10.714 0.8000000119
520  8.863  -72.980  10.128 0.6999999881
758  8.024  -72.121  10.312 0.6999999881
527  10.729  -72.724  9.217 0.6000000238
529  9.325  -72.520  9.601 0.5000000000
103405  -2.934  -64.277  22.727 1.0000000000
110965  -2.881  -66.738  22.749 1.0000000000
2801  -2.276  -65.476  23.470 1.0000000000
2434  -1.115  -66.614  23.813 1.0000000000
2422  -0.627  -65.757  24.562 1.0000000000
3737  -0.447  -63.233  25.651 1.0000000000
3736  0.434  -63.732  26.037 1.0000000000
2421  0.452  -65.898  24.885 1.0000000000
2792  1.090  -65.336  25.248 1.0000000000
2791  2.062  -65.446  25.272 1.0000000000
1682  4.949  -68.746  25.413 1.0000000000
112425  4.552  -66.765  24.800 1.0000000000
2790  3.004  -65.403  25.179 1.0000000000
2025  5.906  -67.616  25.593 1.0000000000
115256  3.866  -65.273  25.086 1.0000000000
115889  5.774  -68.649  27.392 1.0000000000
1379  4.601  -69.076  26.161 1.0000000000
106639  4.949  -64.394  25.157 1.0000000000
100305  4.192  -69.480  27.830 1.0000000000
108042  2.978  -69.786  27.064 1.0000000000
1363  1.974  -69.627  28.056 1.0000000000
1374  2.421  -70.004  27.101 1.0000000000
3734  4.815  -63.555  25.638 1.0000000000
1349  2.381  -69.640  28.512 1.0000000000
3733  5.415  -63.022  25.324 1.0000000000
1338  1.342  -69.733  29.656 1.0000000000
1350  1.689  -69.558  28.924 1.0000000000
4258  6.010  -62.669  24.615 1.0000000000
1057  3.550  -70.181  28.560 1.0000000000
1048  1.597  -70.097  29.895 1.0000000000
4271  4.577  -62.260  24.517 1.0000000000
832  5.189  -70.784  27.717 1.0000000000
826  4.112  -70.642  28.312 1.0000000000
3762  0.930  -62.821  23.935 1.0000000000
833  4.518  -71.121  27.893 1.0000000000
3256  2.974  -64.356  22.826 1.0000000000
4283  0.511  -62.653  22.996 1.0000000000
1097  5.898  -70.790  25.541 1.0000000000
102932  5.328  -71.328  25.095 1.0000000000
893  0.634  -71.577  21.431 0.8999999762
3778  0.723  -63.444  23.069 1.0000000000
2834  -0.014  -65.196  19.943 1.0000000000
857  4.801  -71.627  25.497 1.0000000000
1160  4.436  -70.748  20.304 0.8999999762
674  -0.005  -72.427  19.729 0.8999999762
1142  5.782  -70.870  22.882 1.0000000000
867  5.282  -71.383  24.269 1.0000000000
1441  5.263  -70.059  19.996 0.8999999762
910  4.239  -71.374  19.432 0.8999999762
913  -1.320  -70.896  19.592 0.8000000119
1141  6.352  -70.348  22.400 1.0000000000
886  5.921  -71.001  22.001 1.0000000000
1168  5.046  -70.684  19.177 0.8999999762
1171  -1.593  -70.018  19.349 0.8000000119
1147  7.288  -70.119  21.136 1.0000000000
1471  6.256  -69.944  17.773 0.8999999762
1158  7.548  -70.313  20.328 1.0000000000
113626  10.458  -67.976  18.431 1.0000000000
119397  6.646  -69.369  17.953 0.8999999762
1167  7.808  -70.480  19.482 1.0000000000
1469  7.830  -68.900  16.755 0.8999999762
1166  8.737  -70.039  18.915 0.8999999762
1782  9.123  -68.690  16.415 0.8999999762
1488  -2.416  -68.601  17.349 0.8000000119
1468  10.379  -69.207  17.010 0.8999999762
1495  8.907  -69.585  15.150 0.8999999762
916  8.132  -70.973  17.737 0.8999999762
1200  9.674  -70.130  15.793 0.8999999762
1508  8.981  -69.970  14.633 0.8999999762
928  7.859  -71.481  17.014 0.8999999762
1201  9.337  -70.555  16.338 0.8999999762
1222  9.324  -70.195  14.849 0.8999999762
101660  -3.106  -68.407  14.709 0.6999999881
702  7.725  -71.860  16.259 0.8999999762
953  9.174  -70.920  14.643 0.8999999762
105830  5.928  -70.787  12.668 0.8999999762
954  8.851  -71.296  14.118 0.8999999762
108531  7.531  -70.617  12.751 0.8999999762
2185  -3.265  -67.746  11.835 0.5000000000
976  6.291  -70.634  10.664 0.8000000119
105021  7.514  -71.787  10.591 0.6999999881
978  6.921  -70.990  10.201 0.8000000119
350  8.428  -73.514  10.572 0.8000000119
764  7.692  -71.431  10.017 0.6999999881
762  9.030  -72.031  9.451 0.6999999881
535  10.313  -72.185  8.772 0.5000000000
2808  -4.299  -65.789  23.002 1.0000000000
3244  -4.036  -64.839  22.486 1.0000000000
2807  -3.827  -65.737  22.562 1.0000000000
3750  -2.611  -63.524  23.012 1.0000000000
4782  -2.235  -62.246  23.163 1.0000000000
3233  -1.379  -65.300  24.242 1.0000000000
4769  -1.743  -61.859  24.244 1.0000000000
3227  -0.799  -64.824  24.814 1.0000000000
4757  -1.267  -61.546  25.244 1.0000000000
106084  -1.292  -63.120  24.967 1.0000000000
120682  -0.950  -61.136  25.763 1.0000000000
7405  -1.984  -57.648  21.100 1.0000000000
4247  -0.981  -62.353  25.506 1.0000000000
5313  0.036  -60.145  26.495 1.0000000000
113865  -0.367  -62.388  26.096 1.0000000000
5312  0.843  -60.320  27.090 1.0000000000
4234  0.996  -62.421  26.969 1.0000000000
3213  1.277  -64.081  26.264 1.0000000000
3212  2.161  -64.239  26.446 1.0000000000
108440  5.338  -67.043  24.908 1.0000000000
112589  4.322  -65.866  24.911 1.0000000000
1672  6.084  -68.234  26.917 1.0000000000
4232  2.734  -62.477  27.285 1.0000000000
104763  5.611  -63.892  25.032 1.0000000000
112464  5.849  -62.800  24.947 1.0000000000
4246  4.316  -61.479  25.503 1.0000000000
1069  6.224  -69.709  27.619 1.0000000000
1360  5.078  -69.622  27.991 1.0000000000
1071  4.876  -70.322  28.184 1.0000000000
1348  3.552  -69.720  28.249 1.0000000000
4270  6.237  -62.522  24.149 1.0000000000
4282  5.331  -62.539  23.794 1.0000000000
3760  2.887  -62.988  24.168 1.0000000000
1070  5.564  -70.034  28.029 1.0000000000
120177  4.897  -62.937  23.349 1.0000000000
112198  6.029  -70.500  26.680 1.0000000000
1161  3.572  -71.117  20.982 1.0000000000
1162  2.651  -71.398  21.351 0.8999999762
1096  6.559  -70.160  26.028 1.0000000000
847  5.341  -71.042  26.861 1.0000000000
1431  4.079  -70.372  21.384 1.0000000000
3257  1.941  -64.281  22.853 1.0000000000
1430  4.911  -70.047  20.948 0.8999999762
892  1.680  -71.543  21.532 0.8999999762
107291  0.097  -64.978  20.828 1.0000000000
1400  6.836  -69.665  23.670 1.0000000000
1127  5.845  -70.801  23.894 1.0000000000
1741  5.971  -69.388  19.882 1.0000000000
894  -0.306  -71.214  21.281 0.8999999762
2833  0.252  -65.971  20.617 1.0000000000
1126  6.310  -70.256  23.263 1.0000000000
905  -0.167  -71.968  20.967 0.8999999762
1164  -1.243  -70.736  20.361 0.8999999762
1163  -1.000  -70.769  21.003 0.8999999762
1428  7.953  -69.742  20.694 1.0000000000
1451  6.802  -68.963  18.561 0.8999999762
1440  5.705  -69.877  19.155 0.8999999762
1443  -1.557  -69.962  19.723 0.8999999762
2844  -0.336  -65.368  18.995 1.0000000000
2114  9.238  -67.839  17.733 1.0000000000
1452  6.220  -69.646  18.494 0.8999999762
105567  -1.577  -67.156  17.490 1.0000000000
1426  9.485  -68.960  19.920 1.0000000000
2504  -1.199  -66.214  17.197 1.0000000000
1157  8.516  -69.719  19.873 1.0000000000
1438  9.615  -69.360  19.090 0.8999999762
1483  7.283  -69.588  16.350 0.8999999762
1456  -1.928  -69.339  19.077 0.8999999762
117138  -2.057  -68.833  18.142 0.8000000119
1767  10.462  -68.941  17.240 0.8999999762
1175  8.876  -70.273  18.048 0.8999999762
1494  9.447  -69.784  15.318 0.8999999762
927  8.633  -70.945  16.914 0.8999999762
2565  -3.392  -66.859  13.750 0.6999999881
934  8.583  -71.236  16.251 0.8999999762
933  9.199  -70.839  15.428 0.8999999762
2933  -3.616  -66.182  13.246 0.6999999881
2583  -3.528  -66.791  10.943 0.5000000000
108669  -3.809  -65.906  12.307 0.5000000000
1260  7.069  -70.104  9.204 0.6999999881
984  7.315  -70.794  9.583 0.6000000238
771  9.474  -71.634  9.102 0.6000000238
115971  -4.716  -60.382  20.429 1.0000000000
3763  -3.509  -64.143  22.152 1.0000000000
3260  -4.187  -64.196  22.135 1.0000000000
110944  -2.218  -64.003  23.643 1.0000000000
3749  -1.861  -63.210  24.149 1.0000000000
5321  -0.473  -60.117  25.641 1.0000000000
4248  -1.573  -62.408  24.720 1.0000000000
3738  -0.982  -63.939  24.939 1.0000000000
5961  1.829  -58.896  26.917 1.0000000000
4747  0.024  -60.967  26.766 1.0000000000
106792  -0.167  -64.249  25.423 1.0000000000
3721  1.068  -63.295  26.629 1.0000000000
5960  2.853  -59.007  27.093 1.0000000000
104219  1.932  -59.738  27.250 1.0000000000
4745  3.015  -61.615  27.333 1.0000000000
2024  6.667  -67.133  25.838 1.0000000000
2415  6.689  -66.354  25.235 1.0000000000
2417  5.130  -66.022  24.901 1.0000000000
2017  6.664  -67.763  26.549 1.0000000000
2787  5.983  -65.712  24.929 1.0000000000
102026  6.153  -64.727  24.865 1.0000000000
2788  5.375  -64.954  24.918 1.0000000000
1671  7.025  -68.322  27.199 1.0000000000
2785  7.486  -64.940  24.937 1.0000000000
1358  6.240  -68.907  27.574 1.0000000000
1373  4.034  -69.292  26.912 1.0000000000
3732  6.881  -63.273  24.714 1.0000000000
1370  7.420  -68.689  26.982 1.0000000000
1662  5.522  -68.985  27.664 1.0000000000
107519  7.207  -69.366  26.496 1.0000000000
3758  6.924  -62.888  23.515 1.0000000000
3775  3.470  -63.544  23.261 1.0000000000
1086  6.690  -69.766  27.005 1.0000000000
3251  8.131  -63.909  23.498 1.0000000000
3255  3.990  -64.281  22.740 1.0000000000
1378  6.902  -69.821  25.491 1.0000000000
1385  7.466  -69.300  25.421 1.0000000000
1149  3.188  -70.639  21.848 1.0000000000
2816  3.509  -65.134  22.482 1.0000000000
1386  6.900  -69.759  24.603 1.0000000000
2817  2.527  -65.113  22.424 1.0000000000
3259  0.551  -64.100  22.294 1.0000000000
3305  -0.340  -64.645  18.433 1.0000000000
1399  7.309  -69.118  23.219 1.0000000000
1429  5.502  -69.599  20.610 1.0000000000
1151  1.169  -70.808  22.133 1.0000000000
1152  0.352  -70.685  21.794 0.8999999762
105232  0.722  -65.753  21.428 1.0000000000
1409  7.449  -69.225  22.383 1.0000000000
1740  7.252  -68.300  19.049 1.0000000000
1153  -0.310  -70.484  21.372 0.8999999762
2483  -0.102  -66.137  19.581 1.0000000000
2115  8.374  -67.865  18.007 1.0000000000
1439  6.258  -69.366  19.102 1.0000000000
1422  1.662  -69.915  22.450 1.0000000000
117272  0.909  -69.191  22.149 1.0000000000
1432  -0.652  -69.899  20.982 0.8999999762
1427  8.656  -69.184  20.651 1.0000000000
1771  7.263  -68.834  17.665 0.8999999762
114141  -1.446  -69.723  19.998 0.8999999762
2885  -1.606  -65.327  16.048 1.0000000000
2112  10.404  -68.614  17.765 1.0000000000
1442  -0.871  -69.199  20.232 0.8999999762
1769  9.621  -68.340  17.054 0.8999999762
1770  8.373  -68.277  17.331 0.8999999762
1757  -1.891  -68.686  18.558 0.8999999762
1758  -2.035  -68.821  18.453 0.8999999762
2505  -1.955  -66.799  16.858 1.0000000000
1450  9.661  -69.674  18.239 0.8999999762
2120  -2.470  -67.794  17.275 0.8999999762
1187  9.991  -69.844  16.751 0.8999999762
1781  10.031  -68.872  16.472 0.8999999762
2128  -3.008  -67.425  16.337 0.8999999762
2552  -3.125  -66.245  15.314 0.8999999762
102370  9.904  -69.474  16.226 0.8999999762
2138  -3.203  -67.070  15.652 0.6999999881
2918  -3.373  -66.115  14.435 0.6999999881
1493  9.608  -70.002  15.388 0.8999999762
2919  -3.846  -65.028  13.038 0.6000000238
5361  -2.925  -61.352  21.520 1.0000000000
6025  -3.000  -59.360  20.412 1.0000000000
4781  -1.837  -61.434  23.453 1.0000000000
103997  -2.552  -61.855  22.337 1.0000000000
112369  -3.333  -63.466  22.079 1.0000000000
5360  -2.247  -60.182  21.547 1.0000000000
5331  -0.864  -60.161  24.576 1.0000000000
5970  0.634  -58.943  25.547 1.0000000000
5969  1.333  -58.552  26.116 1.0000000000
4756  -0.651  -61.560  26.088 1.0000000000
4235  0.169  -61.924  26.645 1.0000000000
6665  3.542  -58.508  26.477 1.0000000000
4746  1.023  -61.321  27.236 1.0000000000
5959  4.026  -59.432  26.529 1.0000000000
100065  4.377  -60.059  25.678 1.0000000000
4744  3.999  -61.365  26.903 1.0000000000
4754  4.246  -61.088  26.112 1.0000000000
4767  4.138  -61.238  25.272 1.0000000000
4768  3.291  -61.226  24.864 1.0000000000
2015  7.974  -67.551  26.472 1.0000000000
2414  7.575  -66.075  25.364 1.0000000000
4780  2.333  -61.123  24.347 1.0000000000
4261  2.495  -61.716  24.793 1.0000000000
1670  7.740  -68.095  26.794 1.0000000000
3731  7.670  -63.412  24.505 1.0000000000
4256  7.281  -62.721  24.189 1.0000000000
2014  8.359  -67.109  26.033 1.0000000000
2784  8.340  -65.375  25.086 1.0000000000
4281  6.281  -62.720  23.582 1.0000000000
4793  0.843  -61.964  23.542 1.0000000000
1669  8.219  -67.815  26.246 1.0000000000
103140  9.300  -66.013  24.954 1.0000000000
3232  8.914  -64.031  24.271 1.0000000000
3747  8.217  -63.431  24.167 1.0000000000
3774  5.446  -63.185  23.090 1.0000000000
110667  4.500  -63.432  23.066 1.0000000000
1688  8.225  -68.404  24.491 1.0000000000
118794  7.951  -68.773  25.201 1.0000000000
3242  8.956  -64.139  23.663 1.0000000000
118307  5.747  -63.902  22.795 1.0000000000
3788  0.258  -63.284  22.183 1.0000000000
2815  4.496  -65.091  22.563 1.0000000000
115932  7.917  -68.560  23.522 1.0000000000
2074  7.231  -67.875  20.492 1.0000000000
1419  4.532  -69.661  21.737 1.0000000000
115972  4.275  -69.262  22.278 1.0000000000
114992  0.344  -65.342  21.116 1.0000000000
120504  7.765  -68.709  22.812 1.0000000000
1711  8.353  -68.225  22.842 1.0000000000
101632  6.461  -68.844  20.140 1.0000000000
1420  3.707  -69.823  22.223 1.0000000000
1413  2.402  -69.383  22.500 1.0000000000
1722  8.820  -68.660  21.322 1.0000000000
1421  2.744  -70.051  22.485 1.0000000000
117675  0.802  -70.100  22.241 1.0000000000
1710  9.061  -68.107  22.062 1.0000000000
1423  0.177  -69.727  21.606 1.0000000000
2864  -0.648  -64.842  17.484 1.0000000000
1732  9.405  -68.610  20.612 1.0000000000
2098  9.870  -67.454  18.407 1.0000000000
1727  -0.187  -69.018  21.012 1.0000000000
1731  10.153  -68.273  20.109 1.0000000000
2097  10.581  -67.760  19.043 1.0000000000
118247  -0.911  -66.536  17.895 1.0000000000
1743  -0.568  -68.258  19.663 1.0000000000
1756  -1.028  -67.976  18.920 1.0000000000
2126  -2.470  -67.325  17.040 0.8999999762
3858  -3.639  -63.385  15.628 0.8999999762
2127  -2.833  -67.302  16.769 0.8999999762
2513  -2.729  -66.782  16.448 0.8999999762
2534  -3.005  -66.428  15.960 0.8999999762
2912  -3.272  -65.384  15.049 0.8999999762
2913  -3.673  -65.240  14.263 0.8000000119
3427  -4.667  -64.729  11.504 0.5000000000
3779  -3.896  -63.073  21.686 1.0000000000
5345  -2.007  -60.921  22.480 1.0000000000
6742  -2.440  -58.609  20.711 1.0000000000
111712  -0.397  -59.472  24.086 1.0000000000
5996  -0.307  -59.016  23.446 1.0000000000
119580  -1.079  -58.643  22.416 1.0000000000
6725  -1.218  -58.105  21.963 1.0000000000
7404  -1.357  -56.992  21.754 1.0000000000
6666  2.283  -58.243  26.456 1.0000000000
5968  4.339  -58.829  25.865 1.0000000000
115955  4.558  -58.458  25.400 1.0000000000
5982  4.661  -59.001  24.963 1.0000000000
112539  4.466  -59.444  25.572 1.0000000000
5994  4.579  -59.187  24.142 1.0000000000
5309  4.041  -60.449  26.586 1.0000000000
5995  4.034  -59.545  23.525 1.0000000000
5983  4.486  -59.783  24.681 1.0000000000
6723  4.497  -58.539  22.398 1.0000000000
5330  4.212  -60.407  24.878 1.0000000000
4755  4.336  -60.752  25.444 1.0000000000
6709  4.031  -58.972  22.707 1.0000000000
5358  3.216  -60.133  23.263 1.0000000000
5341  3.739  -60.268  24.115 1.0000000000
6024  3.371  -59.596  21.558 1.0000000000
116802  2.889  -60.578  23.975 1.0000000000
2402  7.897  -66.925  26.154 1.0000000000
6043  3.492  -59.848  20.502 1.0000000000
114636  2.580  -60.097  21.235 1.0000000000
4792  1.535  -61.247  23.552 1.0000000000
107720  8.869  -66.604  25.465 1.0000000000
3220  8.035  -64.266  24.761 1.0000000000
4255  7.654  -62.922  24.070 1.0000000000
4812  1.240  -61.384  20.671 1.0000000000
4804  0.691  -61.837  21.316 1.0000000000
2783  9.537  -65.347  24.502 1.0000000000
3772  7.163  -63.515  23.303 1.0000000000
3773  6.351  -63.302  23.116 1.0000000000
1701  8.583  -67.939  23.695 1.0000000000
2038  8.751  -67.640  24.668 1.0000000000
3253  6.484  -64.269  22.922 1.0000000000
3252  7.387  -64.613  23.119 1.0000000000
3794  -0.068  -63.699  20.602 1.0000000000
2058  9.080  -67.597  22.888 1.0000000000
1723  6.297  -68.328  21.379 1.0000000000
1725  4.923  -69.033  22.096 1.0000000000
2825  1.255  -65.881  22.008 1.0000000000
3289  -0.176  -64.461  19.356 1.0000000000
1412  3.169  -69.323  22.552 1.0000000000
2453  1.669  -66.748  22.113 1.0000000000
2459  1.053  -66.749  21.740 1.0000000000
2057  9.848  -67.276  22.010 1.0000000000
1734  6.038  -69.031  20.860 1.0000000000
1724  5.625  -68.701  21.715 1.0000000000
1716  1.726  -68.780  22.314 1.0000000000
2460  0.585  -66.735  21.094 1.0000000000
1721  9.835  -67.992  21.075 1.0000000000
2079  10.474  -67.303  19.660 1.0000000000
2081  8.909  -67.096  19.011 1.0000000000
2083  7.000  -68.368  19.900 1.0000000000
2075  0.333  -67.458  20.874 1.0000000000
3323  -0.416  -64.167  17.229 1.0000000000
1730  10.396  -67.700  20.380 1.0000000000
2080  10.386  -67.349  19.087 1.0000000000
1715  2.643  -68.638  22.470 1.0000000000
1735  0.300  -68.199  21.091 1.0000000000
2087  -0.351  -67.200  19.279 1.0000000000
2496  -0.485  -66.346  18.652 1.0000000000
2849  -0.599  -65.643  17.952 1.0000000000
1726  0.808  -68.351  21.771 1.0000000000
1736  -0.137  -68.363  20.456 1.0000000000
2497  -0.962  -67.227  18.322 1.0000000000
1437  10.305  -68.640  19.228 1.0000000000
99625  -1.782  -66.153  16.406 0.8999999762
105590  -2.868  -63.235  15.460 0.8999999762
103889  -4.224  -63.331  15.439 0.8999999762
3401  -4.423  -64.494  12.303 0.5000000000
3924  -5.106  -63.595  10.957 0.5000000000
3909  -4.684  -63.759  12.644 0.6999999881
5985  0.089  -59.025  24.054 1.0000000000
5343  -0.870  -59.714  23.494 1.0000000000
6694  1.148  -57.845  25.117 1.0000000000
6677  1.738  -57.790  25.900 1.0000000000
6710  0.127  -58.311  23.775 1.0000000000
6675  4.013  -58.181  26.019 1.0000000000
6676  2.892  -57.926  26.286 1.0000000000
7357  4.617  -57.909  25.517 1.0000000000
6693  4.857  -58.367  24.745 1.0000000000
101341  2.210  -61.127  27.362 1.0000000000
10825  -4.895  -52.352  25.649 1.0000000000
6741  4.654  -58.737  21.494 1.0000000000
5342  3.379  -60.764  24.627 1.0000000000
6023  4.108  -59.295  21.055 1.0000000000
6042  4.436  -59.569  20.161 1.0000000000
4803  1.254  -61.270  21.642 1.0000000000
110454  1.174  -61.345  22.654 1.0000000000
2022  9.213  -66.725  24.682 1.0000000000
2440  9.751  -66.364  23.592 1.0000000000
2798  9.822  -65.286  23.525 1.0000000000
4813  0.717  -61.999  20.443 1.0000000000
4292  0.303  -62.460  21.918 1.0000000000
2447  10.045  -66.442  22.501 1.0000000000
2810  9.745  -65.148  23.118 1.0000000000
110642  3.971  -65.989  22.472 1.0000000000
4309  0.346  -62.558  20.117 1.0000000000
2048  9.617  -66.956  22.956 1.0000000000
109794  5.584  -64.987  22.691 1.0000000000
114884  0.057  -63.490  19.008 1.0000000000
2056  10.297  -66.626  21.595 1.0000000000
2446  10.232  -66.048  22.039 1.0000000000
2068  7.366  -67.327  21.226 1.0000000000
2457  7.837  -66.552  21.747 1.0000000000
2458  7.003  -67.011  22.107 1.0000000000
115405  5.060  -67.003  22.633 1.0000000000
2451  4.364  -66.891  22.557 1.0000000000
2452  2.523  -66.751  22.297 1.0000000000
105472  7.810  -67.310  20.381 1.0000000000
2069  6.613  -67.683  21.738 1.0000000000
2070  5.921  -67.994  22.057 1.0000000000
2061  4.734  -67.681  22.606 1.0000000000
2062  3.897  -67.720  22.600 1.0000000000
103925  2.091  -67.397  22.250 1.0000000000
3821  -0.018  -63.742  18.110 1.0000000000
1720  10.374  -67.253  21.023 1.0000000000
2478  8.414  -66.955  19.842 1.0000000000
1714  3.500  -68.565  22.606 1.0000000000
2063  2.895  -67.702  22.413 1.0000000000
105457  -0.281  -64.199  18.042 1.0000000000
1712  5.184  -68.270  22.310 1.0000000000
2071  0.762  -67.545  21.408 1.0000000000
119253  1.331  -67.763  22.098 1.0000000000
118495  -0.889  -65.523  17.348 1.0000000000
3856  -1.723  -64.078  15.365 1.0000000000
105749  -2.031  -63.379  15.198 1.0000000000
3346  -2.905  -64.906  15.337 0.8999999762
2902  -2.564  -65.826  15.762 0.8999999762
3360  -3.191  -64.874  15.264 0.8999999762
99866  -4.652  -63.134  14.666 0.8999999762
3892  -4.560  -63.605  13.778 0.8999999762
3910  -5.091  -63.268  11.942 0.5000000000
103021  -1.380  -59.963  22.561 1.0000000000
5376  -3.404  -60.747  20.904 1.0000000000
5997  -0.965  -59.082  22.794 1.0000000000
7421  -3.072  -57.803  20.603 1.0000000000
7373  5.186  -58.193  23.947 1.0000000000
7403  4.923  -57.914  22.894 1.0000000000
6006  2.756  -60.027  22.315 1.0000000000
5374  1.895  -60.711  22.185 1.0000000000
10896  -2.676  -52.640  20.798 1.0000000000
5386  1.862  -61.133  19.983 1.0000000000
10187  -3.456  -52.221  20.478 1.0000000000
4825  1.286  -61.793  19.861 1.0000000000
2439  10.101  -65.912  23.126 1.0000000000
3250  9.459  -64.842  23.117 1.0000000000
101126  8.277  -64.948  22.982 1.0000000000
2448  7.310  -66.186  22.448 1.0000000000
2449  6.425  -66.476  22.522 1.0000000000
10196  -3.538  -53.610  19.714 1.0000000000
109729  3.443  -66.821  22.443 1.0000000000
4310  0.258  -63.211  18.721 1.0000000000
2455  10.434  -66.734  20.884 1.0000000000
2832  10.106  -65.972  20.941 1.0000000000
2466  8.329  -66.600  20.685 1.0000000000
3834  -0.218  -63.718  16.910 1.0000000000
2465  9.249  -66.061  20.729 1.0000000000
2476  10.232  -66.688  19.786 1.0000000000
3335  -0.872  -64.047  16.046 1.0000000000
3844  -1.232  -63.398  15.328 1.0000000000
4363  -1.538  -62.696  15.118 1.0000000000
3857  -2.668  -64.041  15.273 0.8999999762
4411  -5.247  -62.648  11.140 0.5000000000
6711  -0.622  -58.267  22.917 1.0000000000
7360  1.286  -57.299  25.340 1.0000000000
7390  -0.096  -57.349  23.217 1.0000000000
7391  -0.728  -57.249  22.470 1.0000000000
7358  3.369  -57.551  26.314 1.0000000000
7374  0.802  -57.330  24.645 1.0000000000
7375  0.310  -57.362  24.018 1.0000000000
8088  -0.360  -56.357  22.803 1.0000000000
102390  4.794  -56.640  26.034 1.0000000000
8069  0.668  -55.741  24.241 1.0000000000
8768  -0.142  -55.545  23.077 1.0000000000
8105  -1.660  -56.169  21.816 1.0000000000
111658  5.102  -57.893  24.700 1.0000000000
8752  -0.563  -54.715  23.262 1.0000000000
8769  -0.965  -55.387  22.628 1.0000000000
8771  -3.162  -54.786  22.374 1.0000000000
7372  5.574  -57.623  24.370 1.0000000000
8732  1.356  -54.658  25.071 1.0000000000
8751  0.307  -55.092  23.751 1.0000000000
9467  -1.598  -54.423  23.002 1.0000000000
9449  -3.691  -53.765  23.508 1.0000000000
8067  5.896  -57.030  24.856 1.0000000000
7389  5.598  -57.631  23.404 1.0000000000
9427  1.616  -54.032  25.616 1.0000000000
10138  -3.175  -53.182  24.183 1.0000000000
7371  6.201  -57.373  24.016 1.0000000000
9430  -0.798  -53.426  24.354 1.0000000000
9447  -1.196  -53.874  23.653 1.0000000000
10137  -1.892  -53.277  24.260 1.0000000000
10122  -3.977  -52.617  24.895 1.0000000000
7387  7.209  -56.974  22.708 1.0000000000
7401  6.669  -57.372  22.085 1.0000000000
6722  5.110  -58.079  21.966 1.0000000000
10798  0.292  -52.637  26.830 1.0000000000
10823  -2.934  -52.242  25.314 1.0000000000
10824  -3.948  -52.073  25.411 1.0000000000
11536  -4.231  -51.487  25.867 1.0000000000
6740  5.435  -58.471  21.044 1.0000000000
7400  7.417  -56.984  21.702 1.0000000000
7433  7.288  -57.321  20.747 1.0000000000
114115  6.082  -58.276  20.643 1.0000000000
6754  4.917  -59.013  20.611 1.0000000000
6753  5.711  -58.764  20.250 1.0000000000
6060  5.177  -59.199  19.753 1.0000000000
10180  -1.696  -52.628  21.269 1.0000000000
120518  -2.419  -52.253  21.289 1.0000000000
11602  -2.637  -51.383  22.162 1.0000000000
8147  7.092  -56.767  19.750 1.0000000000
6762  5.850  -58.727  19.443 1.0000000000
5385  3.476  -60.210  19.680 1.0000000000
5401  1.827  -61.555  19.069 1.0000000000
10888  -3.064  -51.702  21.332 1.0000000000
103746  4.009  -59.908  19.697 1.0000000000
110868  2.723  -60.533  20.108 1.0000000000
8811  7.183  -55.574  20.204 1.0000000000
6079  5.257  -59.097  18.777 1.0000000000
6062  3.879  -60.018  18.789 1.0000000000
5400  2.542  -60.983  19.115 1.0000000000
10185  -1.578  -53.313  20.743 1.0000000000
2813  8.335  -65.751  22.224 1.0000000000
6767  5.817  -58.414  18.473 1.0000000000
6780  4.711  -58.689  17.347 1.0000000000
5414  3.176  -60.518  18.069 1.0000000000
4841  1.712  -61.679  18.161 1.0000000000
4842  1.218  -62.277  18.901 1.0000000000
10184  -0.632  -53.865  20.812 1.0000000000
10186  -3.348  -52.934  20.204 1.0000000000
6081  3.938  -59.843  17.592 1.0000000000
4319  0.688  -62.812  18.212 1.0000000000
8825  0.014  -55.798  20.115 1.0000000000
2823  9.827  -65.660  21.600 1.0000000000
2456  8.627  -66.090  21.335 1.0000000000
6779  5.228  -58.222  17.650 1.0000000000
6095  3.791  -59.602  16.856 1.0000000000
116202  3.335  -59.938  16.489 1.0000000000
4857  1.307  -62.097  17.454 1.0000000000
4332  0.672  -62.616  16.790 1.0000000000
6781  4.001  -58.834  16.899 1.0000000000
6797  3.325  -59.416  16.551 1.0000000000
111702  2.323  -60.924  16.177 1.0000000000
4333  0.238  -63.299  17.594 1.0000000000
117110  9.748  -65.853  20.971 1.0000000000
6782  3.061  -58.733  16.853 1.0000000000
4872  1.543  -60.946  15.426 1.0000000000
4888  0.934  -61.356  15.200 1.0000000000
8827  -2.505  -54.999  19.387 1.0000000000
9514  -3.388  -54.480  19.288 1.0000000000
6798  2.574  -59.315  16.435 1.0000000000
6136  0.921  -60.285  15.310 1.0000000000
4346  0.266  -62.438  15.571 1.0000000000
4347  0.012  -63.158  16.273 1.0000000000
8161  -2.099  -56.700  18.791 1.0000000000
5454  0.488  -60.954  14.941 1.0000000000
100147  -0.210  -62.126  14.995 1.0000000000
4890  -0.328  -61.492  14.926 1.0000000000
102293  -0.978  -62.064  14.989 1.0000000000
112960  -1.786  -57.565  18.440 1.0000000000
8162  -3.115  -56.450  18.631 1.0000000000
120260  -3.041  -62.504  15.815 0.8999999762
4892  -3.037  -61.681  16.271 1.0000000000
4364  -3.526  -62.918  15.881 0.8999999762
4377  -4.530  -62.724  15.319 0.8999999762
4921  -5.209  -61.722  12.665 0.6000000238
102847  -4.916  -62.866  13.848 0.8000000119
4398  -5.228  -62.424  12.275 0.5000000000
8034  2.368  -56.715  26.350 1.0000000000
8033  3.396  -56.718  26.432 1.0000000000
8049  1.556  -56.564  25.764 1.0000000000
105265  0.537  -56.629  24.283 1.0000000000
114835  4.093  -56.562  26.355 1.0000000000
8035  1.976  -55.824  26.223 1.0000000000
8068  0.919  -56.375  24.943 1.0000000000
8051  0.966  -55.375  24.817 1.0000000000
8066  6.708  -56.804  24.589 1.0000000000
8087  7.016  -57.031  23.688 1.0000000000
9429  0.156  -53.660  24.534 1.0000000000
8065  7.460  -56.390  24.203 1.0000000000
9412  2.111  -54.316  26.482 1.0000000000
115099  -0.197  -52.955  25.704 1.0000000000
10121  -2.526  -52.775  24.912 1.0000000000
8085  8.087  -56.044  22.898 1.0000000000
9397  1.714  -53.653  26.467 1.0000000000
10822  -1.877  -52.507  25.584 1.0000000000
108148  7.821  -56.428  21.767 1.0000000000
8766  8.449  -55.376  22.923 1.0000000000
6739  6.680  -57.884  20.648 1.0000000000
8139  7.557  -56.675  20.448 1.0000000000
10152  9.468  -53.499  23.669 1.0000000000
102638  8.545  -54.516  22.174 1.0000000000
7444  7.182  -57.282  20.113 1.0000000000
102432  -0.907  -52.401  21.883 1.0000000000
11603  -3.227  -51.017  21.888 1.0000000000
11548  9.754  -51.506  25.469 1.0000000000
8138  7.859  -56.213  20.920 1.0000000000
6752  6.390  -58.378  20.050 1.0000000000
10179  -0.742  -53.159  21.306 1.0000000000
5399  3.178  -60.498  19.173 1.0000000000
7456  6.325  -57.590  18.717 1.0000000000
5415  2.337  -61.161  18.095 1.0000000000
8818  0.085  -55.075  20.509 1.0000000000
7457  5.621  -57.528  18.138 1.0000000000
9508  -1.438  -54.184  20.231 1.0000000000
8143  0.688  -56.294  20.166 1.0000000000
7472  4.437  -58.096  17.356 1.0000000000
8153  0.091  -56.595  19.675 1.0000000000
4856  1.636  -61.559  16.305 1.0000000000
4873  1.034  -61.841  15.709 1.0000000000
8155  -1.434  -56.249  19.199 1.0000000000
7449  -0.291  -57.234  19.206 1.0000000000
8154  -0.682  -56.601  19.329 1.0000000000
8160  -1.166  -57.064  19.005 1.0000000000
6118  1.659  -60.028  15.629 1.0000000000
6137  -0.034  -60.143  15.342 1.0000000000
6119  0.640  -59.573  15.944 1.0000000000
5455  -0.701  -60.797  15.076 1.0000000000
4891  -1.192  -61.415  15.063 1.0000000000
6121  -1.589  -59.738  16.619 1.0000000000
5456  -1.924  -60.981  15.613 1.0000000000
4894  -4.226  -61.991  16.403 0.8999999762
4902  -4.614  -62.031  15.612 0.8999999762
4388  -4.935  -62.235  14.463 0.8999999762
4912  -5.074  -61.460  13.560 0.8000000119
5482  -5.103  -60.927  12.541 0.5000000000
105340  3.637  -56.031  26.505 1.0000000000
8032  4.419  -56.020  26.402 1.0000000000
8048  5.529  -56.549  25.578 1.0000000000
8714  2.485  -55.163  26.520 1.0000000000
102049  5.833  -55.884  25.773 1.0000000000
8713  3.235  -55.337  26.667 1.0000000000
9445  0.527  -54.322  24.219 1.0000000000
8749  7.682  -55.688  24.580 1.0000000000
8730  6.443  -55.284  25.606 1.0000000000
8733  0.907  -54.839  24.419 1.0000000000
10089  1.122  -53.038  26.597 1.0000000000
10120  -1.410  -52.960  25.028 1.0000000000
8767  8.086  -55.718  23.708 1.0000000000
105518  2.024  -53.635  27.329 1.0000000000
9465  9.115  -54.114  23.435 1.0000000000
8799  8.165  -55.516  21.767 1.0000000000
10878  0.026  -52.419  22.412 1.0000000000
11593  -0.980  -51.480  22.996 1.0000000000
11595  -3.001  -50.688  22.464 1.0000000000
112630  8.728  -53.899  22.344 1.0000000000
11591  0.816  -52.209  22.839 1.0000000000
11570  9.596  -52.189  23.735 1.0000000000
10178  0.851  -53.535  21.853 1.0000000000
11533  9.573  -51.313  26.224 1.0000000000
9497  0.873  -54.241  21.401 1.0000000000
102971  0.106  -53.705  21.348 1.0000000000
12289  8.334  -50.345  27.104 1.0000000000
8148  6.509  -56.791  19.070 1.0000000000
8822  6.620  -56.008  19.633 1.0000000000
9506  0.141  -54.392  20.914 1.0000000000
10197  -3.764  -52.780  19.844 1.0000000000
8149  5.671  -56.213  19.093 1.0000000000
9507  -0.502  -54.514  20.474 1.0000000000
101483  -2.552  -53.499  20.247 1.0000000000
7458  4.805  -57.417  17.858 1.0000000000
8142  1.551  -56.316  20.372 1.0000000000
7448  0.550  -57.340  19.354 1.0000000000
119321  -3.877  -53.288  19.382 1.0000000000
9515  -3.830  -53.964  19.090 1.0000000000
108991  2.076  -58.698  17.018 1.0000000000
7447  1.464  -57.445  19.284 1.0000000000
6799  1.624  -59.292  16.378 1.0000000000
6784  0.247  -58.707  17.633 1.0000000000
8830  -2.556  -55.837  19.085 1.0000000000
6120  -0.557  -59.570  16.172 1.0000000000
7463  -0.727  -57.770  18.719 1.0000000000
6138  -1.169  -60.211  15.712 1.0000000000
6786  -1.588  -58.859  17.781 1.0000000000
112620  -2.914  -60.882  16.930 1.0000000000
5442  -3.787  -60.617  17.298 0.8999999762
4874  -3.752  -61.410  17.020 0.8999999762
4875  -4.177  -61.616  16.831 0.8999999762
4911  -4.942  -61.090  14.769 0.8999999762
8712  4.025  -55.385  26.625 1.0000000000
111460  2.779  -55.991  26.510 1.0000000000
8731  5.572  -55.213  26.017 1.0000000000
8711  4.812  -55.327  26.405 1.0000000000
9425  6.792  -54.330  25.603 1.0000000000
9395  3.195  -54.325  27.575 1.0000000000
9413  1.219  -53.500  25.700 1.0000000000
8729  7.366  -55.104  25.168 1.0000000000
10087  2.618  -53.858  27.838 1.0000000000
107448  -4.488  -50.998  26.314 1.0000000000
9424  7.889  -54.333  25.172 1.0000000000
107755  2.945  -53.435  28.495 1.0000000000
10810  -2.315  -51.955  25.811 1.0000000000
10811  -3.273  -51.780  25.561 1.0000000000
9444  8.611  -54.423  24.435 1.0000000000
8748  8.098  -55.016  24.470 1.0000000000
10799  -0.356  -52.123  26.789 1.0000000000
10067  2.217  -53.272  28.062 1.0000000000
105675  0.264  -52.023  27.358 1.0000000000
12293  -4.352  -50.678  26.668 1.0000000000
11521  0.354  -51.199  27.775 1.0000000000
109540  7.621  -54.528  21.221 1.0000000000
10869  8.883  -53.314  22.616 1.0000000000
9503  6.938  -54.872  20.640 1.0000000000
106399  7.319  -53.229  22.009 1.0000000000
108347  2.235  -53.082  22.690 1.0000000000
109408  2.199  -52.531  23.051 1.0000000000
10880  -1.571  -51.758  22.393 1.0000000000
9491  6.684  -54.304  21.098 1.0000000000
109314  2.203  -53.648  22.345 1.0000000000
10886  0.042  -53.022  21.851 1.0000000000
12288  9.103  -50.820  26.609 1.0000000000
10176  2.571  -54.179  22.126 1.0000000000
119244  7.269  -50.591  28.509 1.0000000000
12273  7.700  -50.442  27.935 1.0000000000
9504  6.066  -54.724  20.906 1.0000000000
9494  3.711  -54.882  21.799 1.0000000000
120048  2.227  -54.629  21.759 1.0000000000
9505  0.844  -54.969  20.985 1.0000000000
109049  6.460  -50.367  28.879 1.0000000000
8824  4.978  -55.748  19.808 1.0000000000
8815  2.561  -55.992  20.845 1.0000000000
8802  2.355  -55.215  21.393 1.0000000000
8150  4.645  -56.306  19.159 1.0000000000
8141  2.424  -56.636  20.080 1.0000000000
10916  -3.806  -52.675  19.292 0.8999999762
8158  4.278  -56.875  18.542 1.0000000000
8159  3.374  -57.042  18.841 1.0000000000
8152  1.007  -56.951  19.939 1.0000000000
10195  -2.570  -54.287  19.800 1.0000000000
7473  3.538  -58.118  17.374 1.0000000000
7474  2.404  -58.126  17.763 1.0000000000
104373  1.745  -56.958  19.877 1.0000000000
9520  -3.797  -54.878  18.732 1.0000000000
110877  1.142  -58.692  17.335 1.0000000000
6770  -0.240  -58.294  18.294 1.0000000000
6096  -0.112  -59.133  16.945 1.0000000000
6771  -1.136  -58.314  18.206 1.0000000000
6097  -1.096  -59.238  17.158 1.0000000000
7475  -1.999  -58.308  18.091 1.0000000000
6785  -0.649  -58.811  17.762 1.0000000000
7476  -2.921  -57.880  18.197 1.0000000000
6122  -2.457  -60.061  17.043 1.0000000000
5443  -4.329  -60.943  17.011 0.8999999762
5457  -4.612  -61.203  16.221 0.8999999762
5481  -4.659  -60.498  13.479 0.8000000119
9410  3.675  -54.755  27.038 1.0000000000
9426  5.996  -54.420  25.930 1.0000000000
116901  5.809  -54.163  26.324 1.0000000000
9396  2.296  -54.064  27.155 1.0000000000
10104  -0.953  -52.755  25.738 1.0000000000
10136  8.962  -53.884  24.875 1.0000000000
10783  1.294  -52.204  28.055 1.0000000000
10809  -1.229  -52.189  26.230 1.0000000000
11535  -2.985  -51.269  25.864 1.0000000000
12291  -3.731  -50.556  26.280 1.0000000000
12292  -4.248  -50.381  26.646 1.0000000000
10116  8.408  -53.692  25.647 1.0000000000
9443  9.182  -53.996  24.070 1.0000000000
10780  3.216  -52.985  28.999 1.0000000000
10781  2.577  -52.816  28.720 1.0000000000
12277  -2.788  -49.784  26.525 1.0000000000
13129  -3.869  -49.750  26.782 1.0000000000
13130  -4.266  -49.875  27.003 1.0000000000
13119  -4.741  -49.673  27.712 0.8999999762
10821  9.861  -52.395  25.211 1.0000000000
10135  9.653  -53.210  24.469 1.0000000000
101751  0.713  -51.608  23.491 1.0000000000
11579  -0.275  -51.294  23.641 1.0000000000
11594  -2.141  -51.158  22.927 1.0000000000
12320  -2.473  -50.240  23.235 1.0000000000
10807  9.336  -52.379  26.759 1.0000000000
10861  1.679  -51.988  23.322 1.0000000000
10795  9.279  -51.586  26.929 1.0000000000
11571  8.795  -51.677  23.360 1.0000000000
10172  7.675  -53.795  21.734 1.0000000000
10876  2.902  -52.751  23.043 1.0000000000
12336  -3.036  -49.804  22.505 1.0000000000
12271  8.860  -51.030  27.259 1.0000000000
100424  9.186  -51.280  24.017 1.0000000000
10162  6.363  -53.386  22.133 1.0000000000
101243  3.013  -53.531  22.571 1.0000000000
12255  7.841  -51.023  28.359 1.0000000000
103249  8.743  -50.115  25.124 1.0000000000
9484  3.414  -54.258  22.155 1.0000000000
11614  -3.353  -51.003  20.609 1.0000000000
11604  -3.230  -51.034  21.398 1.0000000000
12321  -2.864  -49.235  23.156 1.0000000000
10174  5.001  -54.306  21.976 1.0000000000
8813  5.349  -55.224  20.549 1.0000000000
9493  5.219  -54.738  21.395 1.0000000000
8800  4.004  -55.306  21.323 1.0000000000
108894  -3.685  -51.767  19.268 1.0000000000
11669  -3.346  -51.234  17.256 0.6000000238
13073  5.347  -49.710  30.100 1.0000000000
13072  5.388  -50.036  29.245 1.0000000000
12256  6.631  -50.095  28.121 1.0000000000
13112  6.025  -49.514  27.715 1.0000000000
105540  4.432  -55.581  20.658 1.0000000000
110157  3.574  -55.846  20.817 1.0000000000
13851  5.564  -49.154  30.777 1.0000000000
8151  3.756  -56.568  19.411 1.0000000000
9516  -3.836  -53.451  18.895 0.8000000119
108689  3.034  -56.805  19.634 1.0000000000
8163  -3.948  -56.307  18.328 1.0000000000
6098  -2.078  -59.366  17.318 1.0000000000
6099  -3.017  -59.566  17.441 1.0000000000
6100  -3.814  -59.814  17.391 0.8999999762
118360  -3.533  -58.425  17.971 1.0000000000
6101  -4.263  -59.133  17.314 0.8999999762
6139  -4.764  -60.189  16.511 0.8999999762
101042  -4.814  -60.172  15.456 0.8999999762
115176  -4.423  -59.921  14.263 0.6999999881
9394  4.225  -54.294  27.656 1.0000000000
9393  5.265  -54.238  27.130 1.0000000000
10102  6.993  -53.680  26.536 1.0000000000
10086  3.515  -53.949  28.189 1.0000000000
10101  8.043  -53.484  26.488 1.0000000000
10051  3.869  -53.396  28.832 1.0000000000
10797  0.889  -52.526  27.395 1.0000000000
11523  -0.884  -51.473  26.715 1.0000000000
11534  -1.827  -51.407  26.216 1.0000000000
119711  -2.043  -50.183  26.477 1.0000000000
10782  1.890  -52.571  28.361 1.0000000000
12276  -1.387  -50.606  26.649 1.0000000000
11506  1.047  -51.359  28.260 1.0000000000
13912  -4.847  -48.786  27.948 0.8000000119
10115  9.397  -53.200  25.425 1.0000000000
11494  1.996  -51.338  29.345 1.0000000000
11578  1.491  -51.224  23.879 1.0000000000
11580  -1.352  -50.864  23.554 1.0000000000
109541  3.053  -51.653  23.786 1.0000000000
10871  7.779  -52.662  22.461 1.0000000000
12304  9.332  -50.893  24.826 1.0000000000
11572  7.867  -51.491  23.257 1.0000000000
10873  5.858  -53.047  22.882 1.0000000000
10875  3.797  -52.996  22.968 1.0000000000
12306  7.344  -50.171  24.201 1.0000000000
10165  4.021  -53.699  22.492 1.0000000000
110657  7.203  -49.059  26.185 1.0000000000
9492  5.926  -54.092  21.608 1.0000000000
10175  4.247  -54.331  22.081 1.0000000000
12386  -3.325  -50.400  19.982 0.8999999762
111118  -2.147  -48.909  21.044 0.8999999762
13962  -2.002  -48.423  21.746 0.8999999762
12274  7.083  -49.708  27.216 1.0000000000
107537  4.470  -54.845  21.699 1.0000000000
115191  4.679  -55.150  21.188 1.0000000000
13832  6.059  -48.828  31.394 1.0000000000
13093  5.498  -49.849  28.373 1.0000000000
10933  -3.809  -52.923  18.545 0.8000000119
101127  5.275  -48.822  29.974 1.0000000000
10209  -3.713  -53.579  18.070 0.8000000119
13850  6.007  -48.538  30.545 1.0000000000
99669  -3.715  -54.993  18.161 0.8999999762
8832  -3.952  -55.629  18.295 1.0000000000
8168  -4.201  -56.821  17.916 1.0000000000
6788  -4.123  -58.389  17.644 0.8999999762
7478  -4.331  -57.554  17.458 1.0000000000
6801  -4.688  -59.069  16.648 0.8999999762
109411  -4.722  -59.399  15.845 0.8000000119
102041  -3.775  -59.119  13.897 0.6000000238
10084  5.965  -53.815  27.813 1.0000000000
10083  6.876  -53.580  27.614 1.0000000000
106705  3.761  -52.834  29.669 1.0000000000
103067  0.807  -50.643  28.260 1.0000000000
12259  0.235  -50.094  27.883 1.0000000000
111665  -1.680  -49.739  26.737 1.0000000000
13117  -4.150  -49.100  27.174 1.0000000000
10063  7.494  -52.990  28.349 1.0000000000
13118  -4.445  -49.274  27.375 0.8999999762
10778  7.688  -52.179  28.707 1.0000000000
10796  8.259  -52.515  27.992 1.0000000000
12318  0.563  -50.911  24.190 1.0000000000
13151  -1.604  -49.476  24.198 1.0000000000
12315  7.572  -50.860  23.754 1.0000000000
108361  2.976  -51.116  24.256 1.0000000000
11577  2.338  -51.454  23.789 1.0000000000
12319  -1.558  -50.205  24.014 1.0000000000
11491  7.342  -51.684  29.067 1.0000000000
12314  8.397  -51.091  23.673 1.0000000000
10856  6.311  -52.251  23.193 1.0000000000
11574  5.719  -51.501  23.830 1.0000000000
107627  -0.534  -50.630  24.182 1.0000000000
12312  0.188  -50.248  24.744 1.0000000000
12218  6.248  -50.988  30.286 1.0000000000
12305  8.442  -50.442  24.250 1.0000000000
119372  4.980  -51.361  24.077 1.0000000000
12209  5.504  -50.502  31.313 1.0000000000
13126  7.870  -49.602  26.274 1.0000000000
13135  7.640  -49.219  25.296 1.0000000000
13143  7.065  -49.503  24.561 1.0000000000
10857  5.304  -52.429  23.336 1.0000000000
12337  -2.934  -49.836  21.734 1.0000000000
13164  -2.708  -49.237  22.117 1.0000000000
13833  5.604  -49.136  31.602 1.0000000000
103029  6.553  -49.162  26.995 1.0000000000
10944  -3.558  -52.507  17.513 0.6000000238
100304  6.804  -48.374  31.370 1.0000000000
109688  -4.372  -57.902  16.258 0.8000000119
8184  -4.048  -56.713  16.956 0.8999999762
6155  -4.168  -59.050  14.828 0.8000000119
10066  4.814  -53.576  28.804 1.0000000000
11493  2.682  -51.823  29.800 1.0000000000
10064  6.640  -53.360  28.566 1.0000000000
12257  1.284  -50.782  28.863 1.0000000000
13096  -0.208  -49.139  27.757 1.0000000000
13114  -1.145  -49.071  27.189 1.0000000000
13115  -2.191  -48.980  26.852 1.0000000000
13116  -3.301  -48.964  26.847 1.0000000000
10048  6.261  -53.076  29.336 1.0000000000
13910  -3.599  -48.436  27.345 1.0000000000
13911  -4.327  -48.657  27.648 0.8999999762
14765  -4.594  -48.134  28.335 0.8000000119
11563  1.415  -50.708  24.394 1.0000000000
12311  1.004  -50.400  24.682 1.0000000000
11476  6.225  -51.729  30.334 1.0000000000
13154  -2.383  -48.833  23.629 1.0000000000
11465  5.839  -51.214  30.897 1.0000000000
12316  6.623  -50.845  23.993 1.0000000000
11576  3.728  -51.457  24.027 1.0000000000
118897  -0.922  -49.247  24.644 1.0000000000
13058  5.557  -49.805  30.850 1.0000000000
13142  7.957  -49.737  24.739 1.0000000000
13176  -2.430  -49.127  21.362 1.0000000000
14820  -2.499  -47.874  22.721 1.0000000000
13039  5.299  -49.447  32.268 1.0000000000
111095  6.644  -48.463  32.228 1.0000000000
13094  4.991  -49.323  28.719 1.0000000000
12210  1.913  -50.340  31.697 1.0000000000
10049  5.390  -53.251  29.436 1.0000000000
10753  3.328  -52.316  30.277 1.0000000000
12238  2.322  -51.152  30.224 1.0000000000
12239  1.732  -50.502  29.643 1.0000000000
12258  0.778  -49.972  28.615 1.0000000000
13095  0.525  -49.109  28.373 1.0000000000
13909  -2.616  -48.266  27.109 1.0000000000
10038  5.061  -52.946  30.112 1.0000000000
10039  4.410  -52.856  30.146 1.0000000000
10737  3.520  -52.216  31.336 1.0000000000
11478  2.881  -51.788  30.790 1.0000000000
10750  5.399  -52.498  30.595 1.0000000000
10736  4.271  -52.344  31.390 1.0000000000
10738  2.980  -51.835  31.654 1.0000000000
107571  1.775  -50.319  24.930 1.0000000000
13149  1.009  -49.823  25.155 1.0000000000
14756  -4.788  -47.510  29.020 0.8000000119
11477  5.687  -51.925  30.897 1.0000000000
11448  4.709  -51.315  32.258 1.0000000000
11467  4.555  -51.953  31.940 1.0000000000
13146  4.126  -49.563  24.712 1.0000000000
12309  3.648  -50.148  24.648 1.0000000000
13147  3.218  -49.538  24.956 1.0000000000
13152  -1.647  -48.636  24.304 1.0000000000
12196  5.062  -50.458  32.135 1.0000000000
12197  4.472  -50.824  32.821 1.0000000000
12307  6.406  -50.091  24.295 1.0000000000
11561  3.685  -50.793  24.449 1.0000000000
12310  2.805  -50.365  24.671 1.0000000000
13148  2.280  -49.760  25.166 1.0000000000
13139  1.658  -49.207  25.499 1.0000000000
13940  -0.796  -48.604  24.954 1.0000000000
13040  4.802  -49.918  32.952 1.0000000000
106751  5.532  -50.095  24.393 1.0000000000
11560  4.448  -51.142  24.264 1.0000000000
13138  2.600  -48.983  25.371 1.0000000000
13932  1.131  -48.397  25.865 1.0000000000
13942  -2.597  -47.747  23.728 1.0000000000
14803  -2.910  -46.730  23.572 1.0000000000
13020  5.380  -49.085  33.197 1.0000000000
13144  6.117  -49.281  24.574 1.0000000000
116968  0.592  -47.542  26.025 1.0000000000
107607  -2.760  -47.480  23.246 1.0000000000
116404  6.466  -48.484  32.894 1.0000000000
13128  6.158  -48.930  27.297 1.0000000000
13127  6.794  -48.515  26.062 1.0000000000
117796  6.429  -48.120  26.445 1.0000000000
14780  6.096  -47.417  25.838 1.0000000000
13961  -1.945  -48.397  21.584 0.8000000119
14826  -2.075  -47.918  22.149 0.8999999762
14807  -2.617  -46.896  23.004 0.8999999762
13815  5.874  -48.850  32.378 1.0000000000
13113  5.419  -49.220  28.014 1.0000000000
13906  5.892  -48.478  27.520 1.0000000000
14679  7.660  -47.489  32.683 1.0000000000
13814  7.048  -48.020  32.973 1.0000000000
13878  4.963  -48.510  29.213 1.0000000000
13893  5.334  -48.406  28.389 1.0000000000
13813  7.430  -48.131  32.166 1.0000000000
13849  6.952  -48.170  30.474 1.0000000000
13877  5.845  -48.021  29.737 1.0000000000
15586  8.802  -46.932  32.191 1.0000000000
13831  7.884  -48.252  31.385 1.0000000000
10238  -3.286  -53.392  16.350 0.6000000238
14696  8.784  -47.854  31.675 1.0000000000
14695  9.406  -48.001  31.208 1.0000000000
13848  8.159  -48.342  30.488 1.0000000000
13051  1.498  -49.587  31.999 1.0000000000
12221  1.909  -50.380  30.588 1.0000000000
13074  1.288  -49.590  29.856 1.0000000000
13059  0.794  -48.642  29.470 1.0000000000
11451  2.876  -51.561  32.292 1.0000000000
12240  1.138  -50.022  29.221 1.0000000000
13907  -0.659  -48.340  27.654 1.0000000000
13880  0.312  -47.717  28.738 1.0000000000
14753  -1.715  -47.283  27.839 1.0000000000
117362  -2.740  -47.660  27.670 1.0000000000
14764  -3.742  -48.073  28.058 1.0000000000
14755  -4.091  -47.563  28.762 0.8000000119
14718  -5.128  -47.256  29.983 0.6999999881
11430  3.682  -50.957  33.189 1.0000000000
13150  -0.072  -49.409  25.139 1.0000000000
13933  0.088  -48.362  25.520 1.0000000000
13803  5.030  -48.727  33.896 1.0000000000
13004  4.522  -49.498  33.756 1.0000000000
13938  4.564  -48.823  24.744 1.0000000000
14798  -0.364  -47.312  25.636 1.0000000000
14802  -2.445  -46.791  24.188 1.0000000000
120024  6.009  -48.633  33.160 1.0000000000
13802  5.630  -48.364  33.660 1.0000000000
13926  6.538  -48.337  25.159 1.0000000000
13936  6.204  -48.643  24.773 1.0000000000
13930  3.027  -48.104  25.394 1.0000000000
13931  2.094  -48.283  25.778 1.0000000000
14797  1.546  -47.513  26.175 1.0000000000
15671  -2.965  -45.734  23.931 1.0000000000
117692  3.887  -45.737  25.933 1.0000000000
16488  4.026  -45.185  26.396 1.0000000000
15642  3.010  -45.487  26.418 1.0000000000
14825  -1.874  -47.774  21.995 0.8999999762
16519  -2.899  -44.831  23.758 0.8999999762
14668  6.558  -47.334  33.466 1.0000000000
15692  -2.326  -46.121  22.784 0.8999999762
14678  8.152  -46.995  32.538 1.0000000000
14734  5.444  -47.784  28.892 1.0000000000
14763  5.958  -47.643  27.499 1.0000000000
13876  6.829  -47.714  29.656 1.0000000000
15585  9.462  -47.230  31.671 1.0000000000
112070  7.632  -48.161  29.944 1.0000000000
14694  10.081  -47.388  31.186 1.0000000000
13847  9.190  -48.461  30.442 1.0000000000
14713  9.929  -48.084  30.774 1.0000000000
13041  1.451  -49.520  32.935 1.0000000000
13816  1.153  -48.893  32.333 1.0000000000
13834  1.172  -48.902  31.345 1.0000000000
117897  0.864  -48.349  30.850 1.0000000000
13787  2.483  -48.437  34.418 1.0000000000
13007  1.932  -49.042  34.224 1.0000000000
12181  1.859  -49.938  33.350 1.0000000000
12199  1.845  -50.192  32.675 1.0000000000
13879  0.808  -47.978  29.211 1.0000000000
14736  -0.161  -47.180  29.161 1.0000000000
14657  3.083  -47.744  34.369 1.0000000000
12166  3.069  -49.922  34.098 1.0000000000
11431  2.906  -51.144  33.023 1.0000000000
14738  -1.440  -46.984  28.384 1.0000000000
15620  -3.530  -46.861  29.122 0.8999999762
13005  3.662  -49.393  34.208 1.0000000000
13021  3.689  -50.156  33.798 1.0000000000
14737  -0.775  -46.994  28.734 1.0000000000
103121  -2.283  -47.036  28.272 1.0000000000
11450  3.450  -51.582  32.538 1.0000000000
13939  3.839  -48.960  24.871 1.0000000000
109046  -0.782  -47.871  25.194 1.0000000000
15608  -4.692  -46.791  29.767 0.6999999881
13928  5.020  -48.140  24.875 1.0000000000
13137  3.333  -48.763  25.127 1.0000000000
14670  4.930  -48.019  34.093 1.0000000000
15670  -2.123  -45.885  24.640 1.0000000000
15568  5.993  -46.653  33.639 1.0000000000
13801  6.335  -48.127  33.391 1.0000000000
13927  5.921  -48.200  24.949 1.0000000000
14793  5.623  -47.635  25.259 1.0000000000
15658  4.297  -46.542  25.566 1.0000000000
14796  2.575  -47.209  25.958 1.0000000000
14781  1.809  -46.616  26.519 1.0000000000
15661  0.951  -46.779  26.583 1.0000000000
16518  -2.797  -44.621  24.177 1.0000000000
16422  7.754  -45.545  32.698 1.0000000000
13954  -1.507  -47.770  21.811 0.6000000238
14818  -1.711  -47.053  22.022 0.8000000119
15575  8.276  -46.108  32.516 1.0000000000
14667  7.199  -47.171  33.171 1.0000000000
14733  6.334  -47.545  29.124 1.0000000000
15690  -1.148  -46.303  22.130 0.6999999881
16436  8.934  -45.757  32.157 1.0000000000
14749  5.791  -47.520  28.124 1.0000000000
17329  -2.767  -44.123  23.620 0.8999999762
110110  9.429  -46.348  31.906 1.0000000000
116713  6.958  -47.388  29.109 1.0000000000
15584  10.040  -46.426  31.523 1.0000000000
13875  8.598  -48.442  29.627 1.0000000000
14732  7.701  -47.899  29.210 1.0000000000
15595  11.394  -46.688  30.569 1.0000000000
13846  10.064  -48.510  30.143 1.0000000000
14712  10.728  -47.720  30.611 1.0000000000
13788  1.662  -48.255  34.329 1.0000000000
13804  1.308  -48.654  33.973 1.0000000000
13817  0.869  -48.170  32.683 1.0000000000
13853  0.583  -48.128  30.024 1.0000000000
15605  -0.846  -46.664  29.688 1.0000000000
15569  3.608  -46.448  33.949 1.0000000000
14715  -0.296  -47.076  30.229 1.0000000000
112511  -1.319  -46.813  29.114 1.0000000000
16467  -2.832  -45.806  29.457 0.8000000119
15559  3.604  -47.176  34.165 1.0000000000
20674  2.425  -40.778  28.838 0.8999999762
15621  -4.219  -47.077  29.351 0.6999999881
15558  4.515  -47.050  34.019 1.0000000000
13785  4.317  -48.675  34.190 1.0000000000
13929  3.978  -48.133  24.900 1.0000000000
14795  3.649  -47.230  25.376 1.0000000000
16411  5.766  -45.852  33.499 1.0000000000
15662  0.099  -46.639  26.219 1.0000000000
15663  -0.943  -46.131  25.581 1.0000000000
16423  6.315  -45.261  33.244 0.8999999762
14669  5.661  -47.437  33.816 1.0000000000
14794  4.660  -47.377  25.141 1.0000000000
15644  1.215  -46.022  26.975 1.0000000000
16503  -0.186  -45.809  26.276 1.0000000000
15632  5.842  -46.765  26.326 1.0000000000
15664  -1.815  -45.065  25.033 1.0000000000
14750  5.975  -46.816  27.135 1.0000000000
15633  5.570  -46.162  26.484 1.0000000000
17328  -2.980  -43.531  24.004 0.8999999762
17227  8.248  -44.992  32.312 1.0000000000
15641  4.863  -46.015  26.091 1.0000000000
107014  8.975  -44.869  31.907 1.0000000000
14747  6.794  -47.185  28.598 1.0000000000
15618  6.109  -46.866  27.658 1.0000000000
17287  5.063  -44.663  26.431 1.0000000000
16435  9.687  -45.361  31.678 1.0000000000
16465  6.366  -46.349  27.177 1.0000000000
16443  11.186  -45.830  30.873 1.0000000000
16444  10.556  -45.561  31.254 1.0000000000
115890  9.467  -48.615  29.699 1.0000000000
13874  9.404  -48.611  29.025 1.0000000000
15604  12.017  -46.715  30.085 1.0000000000
14711  11.509  -47.660  30.090 1.0000000000
14731  10.853  -48.489  29.754 1.0000000000
13873  10.137  -48.736  29.310 1.0000000000
115516  12.072  -47.510  29.731 1.0000000000
13872  10.979  -48.839  28.742 1.0000000000
16415  1.607  -45.659  33.637 1.0000000000
16416  0.835  -45.894  33.500 1.0000000000
15561  1.756  -46.896  34.288 1.0000000000
14660  0.820  -47.483  33.983 1.0000000000
14680  0.490  -47.479  32.037 1.0000000000
15587  0.131  -46.754  31.966 1.0000000000
14714  0.238  -47.611  30.303 1.0000000000
14658  2.164  -47.612  34.418 1.0000000000
108954  0.885  -48.238  31.680 1.0000000000
17219  3.822  -44.897  33.111 0.8999999762
99572  1.572  -40.970  29.105 0.8999999762
113419  0.791  -41.248  29.191 0.8999999762
15607  -2.171  -46.714  29.242 1.0000000000
109248  -2.964  -46.037  29.356 0.8000000119
17230  5.122  -44.360  32.761 0.8999999762
16412  4.339  -46.057  33.694 0.8999999762
20689  2.552  -40.165  27.598 0.8999999762
15600  -4.540  -46.711  30.130 0.6999999881
16424  5.446  -45.050  33.182 0.8999999762
21664  1.584  -39.231  26.687 0.8999999762
99570  1.351  -40.107  27.679 0.8999999762
15659  3.321  -46.321  25.834 1.0000000000
16456  -4.074  -45.952  30.098 0.6999999881
17229  6.004  -44.459  32.886 0.8999999762
15640  5.295  -46.916  25.595 1.0000000000
16490  1.453  -45.203  26.853 1.0000000000
16491  0.167  -45.229  26.499 1.0000000000
18038  7.100  -43.237  31.704 0.8999999762
17296  0.719  -44.644  26.569 1.0000000000
116974  -0.867  -44.898  25.718 1.0000000000
16504  -2.105  -43.820  24.756 0.8999999762
17228  7.394  -44.762  32.603 1.0000000000
99626  7.339  -47.233  28.592 1.0000000000
16489  3.267  -44.676  26.656 1.0000000000
18110  1.987  -43.835  26.477 1.0000000000
18111  0.926  -43.861  26.126 1.0000000000
17297  -0.235  -44.277  26.001 1.0000000000
17244  8.489  -44.068  31.669 0.8999999762
16466  5.950  -46.177  26.736 1.0000000000
16480  4.162  -44.549  26.580 1.0000000000
105276  -1.432  -44.326  22.774 0.8999999762
17343  -2.399  -43.319  23.391 0.8999999762
113488  -2.623  -42.768  23.768 0.8999999762
17243  9.340  -44.306  31.431 1.0000000000
13892  8.696  -48.257  28.792 1.0000000000
15617  6.647  -46.758  27.876 1.0000000000
16478  5.992  -45.533  26.545 1.0000000000
16445  10.225  -44.408  31.040 1.0000000000
15616  7.117  -46.814  28.062 1.0000000000
116313  6.989  -46.426  27.578 1.0000000000
16477  6.444  -45.492  26.614 1.0000000000
99978  8.866  -47.900  28.151 1.0000000000
14746  8.128  -47.575  28.403 1.0000000000
16453  11.857  -45.591  30.350 1.0000000000
105719  10.146  -48.737  28.528 1.0000000000
14730  11.651  -48.382  29.414 1.0000000000
15603  12.538  -46.856  29.588 1.0000000000
14729  12.414  -47.832  29.276 1.0000000000
14745  12.043  -48.746  28.575 1.0000000000
16426  1.083  -45.198  33.139 0.8999999762
17220  2.938  -44.929  33.168 0.8999999762
17233  2.423  -44.297  32.820 0.8999999762
17234  1.445  -44.447  32.764 0.8999999762
106435  0.396  -44.733  32.594 0.8999999762
15578  -0.006  -46.144  32.508 1.0000000000
15588  -0.327  -46.312  31.489 1.0000000000
17231  4.256  -44.253  32.800 0.8999999762
17232  3.358  -44.234  32.827 0.8999999762
99147  2.495  -41.189  29.811 0.8999999762
110041  1.858  -41.411  30.150 0.8999999762
16428  -0.204  -45.421  32.348 0.8999999762
15597  -0.803  -46.148  30.737 1.0000000000
16413  3.485  -45.598  33.577 0.8999999762
18883  0.208  -41.736  29.461 0.8999999762
15606  -1.880  -46.249  30.029 0.8999999762
16455  -2.633  -45.565  29.677 0.8999999762
18029  4.739  -43.664  32.350 0.8999999762
20673  3.135  -40.989  28.726 0.8999999762
99150  0.458  -40.560  28.019 0.8999999762
15598  -1.308  -46.028  30.478 1.0000000000
16469  -3.757  -46.277  29.621 0.8000000119
99597  -0.150  -41.033  28.278 0.8000000119
18028  5.668  -43.770  32.343 0.8999999762
20718  3.448  -39.443  25.929 0.8999999762
21690  2.000  -38.340  26.301 0.8000000119
118229  0.543  -39.230  26.685 0.8000000119
99154  -0.015  -39.661  27.012 0.6999999881
109657  6.224  -43.230  31.840 0.8999999762
15643  2.049  -45.760  26.708 1.0000000000
17293  3.565  -44.140  26.767 1.0000000000
18128  -2.482  -42.916  24.251 0.8999999762
117979  8.967  -43.585  31.181 0.8999999762
17291  5.165  -44.387  26.443 1.0000000000
17292  4.357  -44.149  26.609 1.0000000000
17310  -0.841  -43.199  25.489 0.8999999762
18063  9.587  -43.020  29.988 0.8999999762
18050  9.563  -43.595  30.822 0.8999999762
15615  7.721  -46.956  27.936 1.0000000000
17342  -2.180  -42.721  23.127 0.8000000119
18148  -2.153  -42.441  23.992 0.8999999762
17260  10.875  -43.883  30.275 1.0000000000
113747  10.140  -43.558  30.405 0.8999999762
15631  7.353  -46.405  27.555 1.0000000000
16463  6.973  -45.859  27.032 1.0000000000
16487  6.483  -45.054  26.536 1.0000000000
109420  5.799  -44.601  26.424 1.0000000000
17259  11.727  -44.372  29.999 1.0000000000
14762  8.605  -47.235  27.749 1.0000000000
15630  8.183  -46.550  27.264 1.0000000000
99138  10.104  -48.503  27.871 1.0000000000
14761  9.520  -47.859  27.549 1.0000000000
16452  12.458  -46.015  29.860 1.0000000000
99137  10.810  -48.802  27.906 1.0000000000
105553  11.511  -48.896  27.958 1.0000000000
18031  2.875  -43.568  32.481 0.8999999762
17235  -0.002  -44.112  31.944 0.8999999762
18040  4.262  -42.965  31.983 0.8999999762
18855  3.814  -42.318  31.548 0.8999999762
18041  3.319  -42.879  32.060 0.8999999762
116468  1.913  -42.523  31.507 0.8999999762
99145  1.902  -41.991  30.876 0.8999999762
99146  1.100  -41.781  30.179 0.8999999762
17236  -0.395  -44.765  32.166 0.8999999762
16437  -0.823  -45.380  31.738 1.0000000000
16446  -1.352  -45.274  31.172 0.8999999762
104053  -0.995  -43.816  31.017 0.8999999762
17254  -2.181  -44.269  30.406 0.8999999762
18039  5.269  -43.006  31.769 0.8999999762
20688  3.398  -40.698  27.724 0.8999999762
18868  -0.473  -42.368  29.857 0.8999999762
16468  -2.966  -44.915  29.409 0.8000000119
101922  -3.416  -45.194  29.646 0.6999999881
17275  -3.587  -44.332  29.667 0.6999999881
21689  2.964  -38.429  25.891 0.8000000119
17261  -2.687  -44.371  29.665 0.8999999762
17264  -3.669  -44.489  30.092 0.6999999881
18864  6.430  -42.323  30.324 0.8999999762
18852  6.042  -42.657  31.151 0.8999999762
18863  7.289  -42.459  30.236 0.8999999762
115517  6.545  -42.925  31.445 0.8999999762
21688  3.907  -38.976  25.650 0.8999999762
113569  2.253  -37.877  26.372 0.8000000119
21691  1.534  -37.917  26.620 0.6999999881
119995  0.110  -43.763  25.987 1.0000000000
18880  7.771  -42.500  29.385 0.8999999762
18053  6.852  -42.657  31.027 0.8999999762
18862  8.146  -42.715  30.284 0.8999999762
18082  9.601  -43.107  28.953 0.8999999762
108898  8.921  -43.026  30.495 0.8999999762
18107  4.694  -43.995  26.568 1.0000000000
18108  3.874  -43.844  26.768 1.0000000000
18109  3.007  -43.825  26.698 1.0000000000
18062  10.356  -43.236  29.619 0.8999999762
16476  7.678  -45.967  27.016 1.0000000000
15629  9.103  -46.992  27.062 1.0000000000
119473  8.230  -46.114  26.855 1.0000000000
17308  6.295  -44.420  26.289 1.0000000000
17258  12.570  -45.027  29.622 1.0000000000
15614  13.047  -47.193  29.093 1.0000000000
14779  9.994  -47.372  26.814 1.0000000000
16462  13.120  -46.082  29.348 1.0000000000
99136  12.278  -48.997  27.692 1.0000000000
99135  11.627  -48.732  27.262 1.0000000000
14778  11.343  -48.116  26.536 1.0000000000
120052  10.669  -47.673  26.505 1.0000000000
113318  13.197  -48.938  27.384 1.0000000000
14777  12.207  -48.397  26.498 1.0000000000
14760  13.744  -48.291  27.764 1.0000000000
99134  12.993  -48.668  28.025 1.0000000000
18866  4.392  -41.972  30.972 0.8999999762
99500  3.596  -41.394  29.505 0.8999999762
18856  1.073  -42.600  31.013 0.8999999762
99149  0.386  -42.247  30.353 0.8999999762
18054  0.041  -42.889  30.845 0.8999999762
18056  -1.567  -43.574  30.538 0.8999999762
19701  4.947  -42.024  30.155 0.8999999762
19722  4.344  -41.778  29.378 0.8999999762
17262  -3.020  -44.496  29.348 0.8000000119
109220  5.796  -42.212  29.707 0.8999999762
17274  -3.409  -44.080  29.277 0.6999999881
18881  6.742  -42.282  29.315 0.8999999762
18064  8.718  -42.855  29.399 0.8999999762
17290  7.060  -44.700  26.206 1.0000000000
18081  10.464  -43.190  28.610 0.8999999762
16486  7.349  -45.344  26.620 1.0000000000
17309  5.532  -44.193  26.363 1.0000000000
18125  0.971  -43.083  25.835 0.8999999762
18126  -0.338  -42.775  25.557 0.8999999762
18940  -1.624  -42.218  24.848 0.8999999762
18080  11.842  -43.555  28.287 1.0000000000
17273  11.291  -43.479  29.252 0.8999999762
16517  -0.054  -44.058  23.648 0.6999999881
18147  -1.973  -41.671  23.859 0.8999999762
17272  12.212  -43.980  29.148 1.0000000000
15639  8.753  -46.308  26.671 1.0000000000
109386  13.284  -45.181  29.104 1.0000000000
14743  13.522  -47.769  28.458 1.0000000000
16461  13.851  -45.783  28.770 1.0000000000
15613  13.748  -46.791  28.699 1.0000000000
99156  -0.570  -40.092  27.438 0.6999999881
18055  -0.779  -43.191  30.615 0.8999999762
18882  5.823  -42.272  28.748 0.8999999762
19721  5.078  -42.140  29.136 0.8999999762
19742  4.055  -41.346  27.499 0.8999999762
20701  3.727  -40.503  26.451 0.8999999762
18065  -1.379  -42.840  29.836 0.8999999762
18900  6.511  -42.405  28.190 0.8999999762
20717  4.356  -39.977  25.549 0.8999999762
22595  4.120  -38.396  26.384 0.6999999881
22617  2.815  -37.877  25.983 0.8000000119
19723  -0.660  -41.539  28.630 0.8000000119
18884  -1.271  -42.059  28.797 0.8000000119
118806  -1.925  -42.549  28.988 0.8000000119
18067  -2.842  -43.574  29.143 0.8000000119
18913  7.118  -42.436  27.457 0.8999999762
18899  7.406  -42.480  28.463 0.8999999762
22613  6.655  -38.944  25.342 0.6999999881
22615  5.480  -38.903  25.480 0.6999999881
23542  2.078  -37.439  27.666 0.6000000238
22598  0.257  -38.258  27.010 0.6999999881
99158  -0.754  -39.291  26.966 0.6999999881
99151  -1.045  -40.621  27.783 0.6999999881
18902  -1.412  -41.221  28.060 0.6999999881
19744  -2.014  -40.449  28.122 0.6000000238
104457  -3.253  -42.352  28.454 0.6999999881
18068  -3.789  -43.403  30.286 0.6999999881
18898  8.166  -42.741  28.621 0.8999999762
21673  6.719  -38.977  26.731 0.5000000000
22594  5.087  -38.761  26.243 0.6999999881
22587  0.914  -37.844  27.683 0.6000000238
113422  0.327  -38.315  28.082 0.6000000238
99853  -1.266  -39.684  27.538 0.6999999881
105589  -3.200  -41.562  28.206 0.6000000238
18912  8.107  -42.662  27.562 0.8999999762
22593  5.986  -38.792  26.151 0.6000000238
22584  4.859  -38.701  27.279 0.6999999881
22585  4.001  -38.275  27.534 0.6999999881
23534  2.479  -37.529  28.591 0.6000000238
99159  -1.036  -39.263  28.402 0.6000000238
120256  -2.929  -40.999  27.969 0.6999999881
116563  -3.578  -42.296  28.705 0.6999999881
18097  9.773  -43.141  27.836 0.8999999762
18897  8.869  -43.033  28.236 0.8999999762
18142  6.585  -43.262  24.735 1.0000000000
18121  5.187  -43.632  25.917 1.0000000000
18122  4.221  -43.471  26.183 1.0000000000
18124  2.190  -43.238  26.156 0.8999999762
16502  7.925  -44.920  26.045 1.0000000000
17307  7.584  -44.281  25.625 1.0000000000
18938  1.054  -42.339  25.510 0.8999999762
114983  -1.321  -41.818  24.832 0.8999999762
108431  11.124  -43.342  28.247 0.8999999762
18096  10.641  -43.220  27.556 0.8999999762
15657  9.902  -46.315  25.716 1.0000000000
16485  8.257  -45.695  26.428 1.0000000000
18936  3.560  -42.788  25.494 1.0000000000
18937  2.405  -42.604  25.596 0.8999999762
18079  12.556  -43.837  28.307 1.0000000000
14792  11.058  -47.371  25.978 1.0000000000
15637  10.317  -47.005  26.128 1.0000000000
102622  8.387  -44.529  25.355 1.0000000000
104812  6.869  -44.156  25.859 1.0000000000
106515  3.852  -42.247  24.622 0.8999999762
17271  12.971  -44.378  28.850 1.0000000000
14776  12.378  -47.826  25.891 1.0000000000
16500  9.505  -45.608  25.363 1.0000000000
16501  8.752  -45.244  25.726 1.0000000000
18145  0.371  -43.229  23.405 0.6999999881
18146  -1.497  -42.320  22.917 0.8000000119
18166  -1.990  -41.618  23.431 0.8000000119
17270  13.762  -44.757  28.544 1.0000000000
15628  14.192  -47.450  27.999 1.0000000000
99412  13.060  -48.514  26.712 1.0000000000
13133  12.735  -48.018  26.219 1.0000000000
14791  11.767  -47.745  25.886 1.0000000000
15656  10.667  -46.663  25.466 1.0000000000
15612  14.468  -46.521  28.227 1.0000000000
15655  11.466  -46.948  25.362 1.0000000000
15627  14.703  -47.058  27.397 1.0000000000
14759  14.079  -47.810  27.240 1.0000000000
15654  12.253  -47.191  25.382 1.0000000000
99139  12.980  -47.481  25.627 1.0000000000
17332  15.205  -44.474  23.777 1.0000000000
18914  6.382  -42.329  27.359 0.8999999762
18901  5.677  -42.252  27.670 0.8999999762
19761  5.304  -41.699  26.676 0.8999999762
19759  7.700  -42.147  26.461 0.8999999762
19775  5.184  -40.823  25.735 0.8999999762
108999  -2.882  -41.629  28.000 0.6999999881
21686  7.288  -39.118  25.765 0.6999999881
20729  6.809  -40.115  25.141 0.8000000119
20730  6.015  -39.987  25.115 0.8999999762
99592  -1.865  -39.715  28.467 0.6000000238
20657  -0.308  -39.224  29.682 0.6000000238
18910  10.147  -42.909  26.524 0.8999999762
18911  9.110  -42.908  27.068 0.8999999762
21674  5.753  -38.859  27.093 0.5000000000
23535  1.692  -37.584  28.322 0.6000000238
99160  1.113  -37.891  28.856 0.6000000238
99472  -0.849  -39.117  27.557 0.6000000238
18143  5.702  -43.205  24.989 1.0000000000
18144  4.683  -42.925  25.094 1.0000000000
18106  11.019  -43.095  26.583 0.8999999762
17324  8.002  -43.821  24.954 1.0000000000
18095  11.464  -43.340  27.368 0.8999999762
17323  8.787  -44.134  24.663 1.0000000000
18119  7.148  -43.727  25.224 1.0000000000
18949  2.703  -42.046  24.886 0.8999999762
18950  1.206  -41.684  25.099 0.8999999762
18094  12.497  -43.462  27.162 0.8999999762
18141  7.479  -43.229  24.354 1.0000000000
18952  -1.573  -41.391  24.397 0.8999999762
17285  13.335  -43.901  27.935 1.0000000000
17306  9.173  -44.841  25.067 1.0000000000
16460  14.539  -45.425  28.293 1.0000000000
113746  13.704  -47.968  26.583 1.0000000000
16499  10.281  -45.913  25.083 1.0000000000
14774  14.509  -47.272  26.455 1.0000000000
15668  11.955  -46.437  24.748 1.0000000000
15669  11.091  -46.178  24.857 1.0000000000
16514  10.649  -45.472  24.459 1.0000000000
16475  15.062  -46.158  27.687 1.0000000000
99726  5.969  -41.475  26.116 0.8999999762
104986  7.442  -41.421  25.588 0.8999999762
114751  6.675  -41.279  25.648 0.8999999762
19788  7.135  -40.663  25.155 0.8999999762
20715  6.119  -40.633  25.335 0.8999999762
18935  9.980  -41.116  25.110 0.8999999762
99161  -0.310  -38.715  28.508 0.6000000238
111737  10.269  -42.118  25.493 0.8999999762
18925  9.468  -42.303  25.858 0.8999999762
21671  8.506  -39.587  26.675 0.5000000000
20675  -2.565  -40.030  28.205 0.6000000238
19724  -3.392  -40.825  29.004 0.6000000238
18934  10.766  -41.589  25.155 0.8999999762
21685  8.322  -39.582  25.904 0.6999999881
19704  -2.858  -40.520  30.096 0.6000000238
18924  11.097  -42.375  25.724 0.8999999762
18104  12.851  -42.722  25.859 0.8999999762
18105  11.832  -43.018  26.211 0.8999999762
18948  6.132  -42.704  24.260 1.0000000000
19798  1.507  -41.184  24.642 0.8999999762
112490  10.253  -44.790  24.162 1.0000000000
17322  9.530  -44.481  24.377 1.0000000000
18140  8.371  -43.471  24.227 1.0000000000
18968  5.608  -42.127  23.878 1.0000000000
19797  3.038  -41.577  24.263 0.8999999762
17284  14.481  -44.068  27.941 1.0000000000
99143  14.308  -45.776  24.370 1.0000000000
16515  9.904  -45.184  24.755 1.0000000000
18139  9.169  -43.713  23.946 1.0000000000
18947  6.844  -42.770  24.120 1.0000000000
18967  6.620  -42.103  23.665 0.8999999762
19811  5.929  -41.357  23.438 0.8999999762
18972  -1.518  -41.404  23.700 0.8999999762
99141  14.726  -46.228  25.099 1.0000000000
15667  12.942  -46.654  24.857 1.0000000000
17337  9.919  -44.116  23.808 1.0000000000
16513  11.524  -45.598  24.159 1.0000000000
15626  15.204  -46.520  26.808 1.0000000000
16512  12.482  -45.869  24.193 1.0000000000
119864  10.911  -45.002  23.992 1.0000000000
99140  13.751  -47.466  25.901 1.0000000000
15666  13.897  -46.445  24.856 1.0000000000
16524  12.169  -45.234  23.756 1.0000000000
117611  15.359  -44.926  24.370 1.0000000000
19786  8.958  -40.748  25.181 0.8000000119
19787  8.029  -40.624  25.164 0.8999999762
20728  7.551  -39.954  25.309 0.8999999762
20727  8.479  -40.003  25.456 0.8000000119
19772  11.335  -40.730  25.388 0.8000000119
19785  10.883  -40.981  25.238 0.8000000119
20685  9.469  -40.250  27.793 0.5000000000
18933  11.599  -41.422  25.279 0.8999999762
21670  9.131  -39.691  26.193 0.6000000238
18922  13.167  -41.901  25.139 0.8999999762
18923  12.192  -42.172  25.485 0.8999999762
103550  5.388  -42.666  24.444 1.0000000000
115574  4.029  -41.777  24.032 0.8999999762
18103  13.641  -42.283  25.604 0.8999999762
18162  8.073  -42.882  23.790 1.0000000000
18093  13.708  -43.123  26.624 0.8999999762
19813  3.447  -41.120  23.736 0.8999999762
19815  -0.054  -40.287  24.288 0.8999999762
103568  14.648  -43.052  26.816 1.0000000000
16522  13.864  -45.145  23.644 1.0000000000
18966  7.407  -42.527  23.764 1.0000000000
17283  15.217  -45.110  27.790 1.0000000000
18161  9.730  -43.467  23.569 1.0000000000
117322  8.687  -43.129  23.745 1.0000000000
16474  15.696  -45.757  27.239 1.0000000000
99142  15.414  -45.815  25.454 1.0000000000
16523  12.926  -45.260  23.684 1.0000000000
17336  11.529  -44.654  23.634 1.0000000000
104226  10.679  -44.328  23.746 1.0000000000
113372  15.688  -45.798  26.354 1.0000000000
18159  11.105  -43.780  23.363 1.0000000000
17321  15.771  -45.095  25.069 1.0000000000
20712  10.506  -40.227  25.356 0.8000000119
20698  10.283  -40.014  26.061 0.6999999881
20713  9.778  -39.862  25.800 0.6999999881
108792  11.653  -40.855  25.990 0.6999999881
20699  9.701  -39.884  26.578 0.6000000238
19771  12.126  -41.177  25.380 0.6999999881
20684  10.310  -40.401  27.180 0.6000000238
19769  14.189  -41.450  25.684 0.6000000238
19757  12.467  -41.199  26.058 0.6000000238
18921  13.974  -41.839  25.249 0.6999999881
18920  14.694  -41.802  25.760 0.8000000119
19810  7.492  -41.825  23.388 1.0000000000
18102  14.372  -42.334  25.841 0.8999999762
109768  9.261  -43.004  23.506 1.0000000000
106048  7.977  -42.269  23.514 1.0000000000
100373  15.380  -43.858  27.688 1.0000000000
112538  13.893  -44.461  23.180 1.0000000000
18157  13.539  -43.889  22.926 1.0000000000
18158  12.756  -43.864  23.039 1.0000000000
111654  9.367  -42.396  23.229 1.0000000000
19809  8.259  -41.728  23.197 1.0000000000
16473  16.238  -45.201  26.907 1.0000000000
103697  11.919  -43.851  23.203 1.0000000000
18160  10.352  -43.613  23.460 1.0000000000
113152  16.217  -45.094  26.244 1.0000000000
99558  15.092  -45.547  24.694 1.0000000000
17334  13.239  -44.581  23.249 1.0000000000
18962  11.414  -43.094  22.956 1.0000000000
99144  15.889  -45.391  25.759 1.0000000000
16521  14.734  -45.100  24.004 1.0000000000
18896  13.295  -41.324  27.744 0.5000000000
19756  13.373  -41.243  26.303 0.6000000238
120387  11.873  -41.096  26.952 0.4000000060
22659  6.885  -38.656  22.189 0.8999999762
117694  6.097  -38.332  22.072 0.8999999762
22660  5.243  -38.353  22.070 0.8999999762
18895  15.884  -42.086  27.227 0.6999999881
18092  15.141  -42.463  26.558 0.6999999881
21728  7.106  -39.474  22.498 1.0000000000
21729  6.103  -39.127  22.429 0.8999999762
20769  6.272  -40.586  23.027 0.8999999762
20747  3.931  -40.543  23.228 0.8999999762
19814  1.953  -40.663  24.110 0.8999999762
18091  15.795  -43.154  27.530 0.6999999881
19830  9.542  -41.207  22.707 1.0000000000
19831  8.635  -41.010  22.752 1.0000000000
19832  7.760  -41.112  23.025 1.0000000000
20768  7.223  -40.403  22.795 1.0000000000
19833  6.893  -41.251  23.183 1.0000000000
17282  16.176  -43.998  27.665 1.0000000000
18156  14.265  -43.926  22.971 1.0000000000
18174  13.953  -43.332  22.509 1.0000000000
18175  13.134  -43.212  22.590 1.0000000000
18985  9.855  -41.973  22.966 1.0000000000
17281  16.687  -44.466  27.306 1.0000000000
18963  10.719  -43.131  23.138 1.0000000000
19808  9.040  -41.799  22.999 1.0000000000
17333  14.507  -44.551  23.399 1.0000000000
18984  10.769  -42.320  22.845 1.0000000000
17320  16.414  -44.520  25.221 1.0000000000
17331  15.938  -44.344  24.355 1.0000000000
19737  14.026  -41.200  28.131 0.4000000060
19768  14.892  -41.276  26.243 0.6000000238
19755  14.236  -41.038  26.645 0.6000000238
22690  6.574  -37.874  21.843 0.8999999762
113173  4.407  -37.665  21.561 0.8999999762
19754  15.506  -41.154  26.815 0.6999999881
22661  4.073  -38.210  22.055 0.8999999762
18894  16.634  -42.683  27.877 0.6999999881
22689  7.351  -38.085  22.049 1.0000000000
20770  4.427  -39.834  22.778 0.8999999762
21731  3.539  -38.861  22.471 0.8999999762
22658  7.867  -38.798  22.306 1.0000000000
20767  8.607  -40.158  22.584 1.0000000000
117477  8.027  -40.496  22.765 1.0000000000
111384  6.501  -39.922  22.712 0.8999999762
17268  17.231  -43.881  27.463 0.8000000119
18981  13.594  -42.574  22.249 1.0000000000
19829  10.409  -41.365  22.708 1.0000000000
20746  5.214  -40.658  23.113 0.8999999762
20748  2.405  -40.172  23.472 0.8999999762
17288  17.266  -44.149  26.943 1.0000000000
18173  14.723  -43.376  22.680 1.0000000000
18982  12.693  -42.404  22.438 1.0000000000
19828  11.303  -41.476  22.620 1.0000000000
18983  11.773  -42.328  22.650 1.0000000000
17304  17.208  -44.188  26.299 1.0000000000
112980  14.964  -43.953  23.189 1.0000000000
20765  10.090  -40.573  22.584 1.0000000000
17319  17.033  -44.072  25.551 1.0000000000
115370  16.184  -44.947  25.667 1.0000000000
18153  17.103  -43.187  24.236 1.0000000000
18155  15.335  -43.419  23.002 1.0000000000
18154  16.354  -43.550  23.905 1.0000000000
18961  15.943  -43.131  23.202 1.0000000000
108463  15.690  -40.618  27.554 0.4000000060
19753  16.045  -41.152  27.309 0.5000000000
19752  16.634  -41.777  27.968 0.6999999881
21727  8.662  -39.342  22.441 1.0000000000
18980  14.447  -42.721  22.295 1.0000000000
20764  10.920  -40.658  22.580 1.0000000000
20766  9.303  -40.440  22.563 1.0000000000
18118  17.665  -43.700  25.901 1.0000000000
19827  12.230  -41.542  22.447 1.0000000000
18137  17.439  -43.466  25.086 1.0000000000
20682  16.586  -40.427  28.297 0.5000000000
24531  6.439  -36.403  21.098 0.8000000119
24532  5.153  -36.476  20.758 0.8999999762
23622  7.219  -37.189  21.755 1.0000000000
23623  6.218  -37.166  21.407 0.8999999762
22691  5.412  -37.558  21.491 0.8999999762
109091  17.636  -41.946  28.213 0.6000000238
23621  8.215  -36.743  21.882 1.0000000000
18892  18.142  -42.612  27.859 0.8000000119
18893  17.323  -42.689  28.018 0.6999999881
23601  8.918  -37.250  22.134 1.0000000000
22657  8.936  -38.341  22.253 1.0000000000
116997  18.101  -43.386  26.868 0.8999999762
18090  17.740  -43.674  27.179 0.8000000119
19825  14.137  -41.968  22.047 1.0000000000
24514  9.549  -36.875  22.088 1.0000000000
22656  9.894  -38.404  22.282 1.0000000000
18100  18.112  -43.275  26.319 1.0000000000
18101  17.703  -43.766  26.611 1.0000000000
19826  13.203  -41.614  22.140 1.0000000000
21726  9.809  -39.838  22.497 1.0000000000
103277  14.870  -42.152  22.136 1.0000000000
18136  17.785  -42.719  24.601 1.0000000000
18979  15.334  -42.727  22.567 1.0000000000
106731  11.762  -40.724  22.476 1.0000000000
18978  16.232  -42.365  22.843 1.0000000000
18960  16.702  -42.824  23.487 1.0000000000
20683  16.062  -40.347  28.225 0.4000000060
20681  17.108  -40.078  28.429 0.5000000000
19734  17.122  -40.986  28.311 0.6000000238
24546  6.574  -35.302  20.557 0.8000000119
19733  18.069  -41.335  28.352 0.6000000238
19751  18.774  -42.075  27.740 0.6999999881
18089  18.204  -43.146  27.339 0.6999999881
23598  11.216  -37.703  22.157 1.0000000000
19845  14.748  -41.466  21.842 1.0000000000
19846  13.921  -41.183  21.752 1.0000000000
20763  12.624  -40.769  22.273 1.0000000000
22654  11.499  -38.557  22.184 1.0000000000
22655  10.712  -38.459  22.262 1.0000000000
112218  18.438  -42.715  26.120 0.8999999762
109883  11.367  -39.973  22.425 1.0000000000
108674  10.578  -39.904  22.492 1.0000000000
18946  18.396  -42.192  24.978 0.8999999762
19824  15.656  -41.745  22.218 1.0000000000
18958  18.194  -41.858  24.089 1.0000000000
18959  17.426  -42.450  23.780 1.0000000000
19807  17.099  -42.156  23.039 1.0000000000
21661  16.452  -39.934  28.680 0.4000000060
114670  17.752  -40.634  28.464 0.5000000000
107108  8.371  -35.932  21.537 0.8999999762
19732  18.779  -41.444  28.141 0.6999999881
107041  18.010  -40.003  28.541 0.6000000238
24529  9.108  -36.252  21.827 1.0000000000
23620  10.826  -36.791  22.032 1.0000000000
24513  10.084  -37.031  22.107 1.0000000000
25370  5.844  -34.006  19.824 0.6999999881
18908  18.611  -42.595  27.383 0.6999999881
20790  13.776  -40.364  21.616 1.0000000000
21756  12.984  -39.056  21.893 1.0000000000
118729  12.437  -39.424  22.122 1.0000000000
18918  18.920  -42.009  26.215 0.6999999881
20762  13.020  -39.975  22.059 1.0000000000
19784  18.904  -41.635  25.386 0.8000000119
20789  14.544  -40.683  21.551 1.0000000000
108279  11.026  -39.235  22.336 1.0000000000
21725  12.158  -40.025  22.283 1.0000000000
19823  16.693  -41.630  22.463 1.0000000000
112432  15.133  -40.146  21.397 1.0000000000
116524  17.722  -41.878  23.344 1.0000000000
21659  17.386  -39.334  28.499 0.4000000060
20679  19.349  -40.744  28.134 0.6999999881
25352  9.661  -35.632  21.458 1.0000000000
25368  8.338  -34.774  20.677 0.8000000119
25354  7.902  -35.254  21.070 0.8000000119
19750  19.348  -41.415  27.623 0.6999999881
114738  19.647  -41.200  27.062 0.6999999881
21755  13.677  -39.497  21.550 1.0000000000
23597  12.019  -37.867  22.051 1.0000000000
25353  8.859  -35.341  21.352 1.0000000000
25369  7.206  -34.431  20.323 0.8000000119
20711  20.098  -40.484  26.645 0.6999999881
19783  19.433  -41.096  25.807 0.6999999881
21754  14.380  -39.892  21.381 1.0000000000
103520  19.448  -40.959  24.978 0.6999999881
19796  18.776  -41.484  24.656 0.8999999762
20761  16.283  -40.954  21.967 1.0000000000
108664  15.966  -40.241  21.540 1.0000000000
20760  17.168  -40.922  22.135 1.0000000000
22582  17.673  -38.538  28.473 0.5000000000
104365  18.983  -39.994  28.493 0.6000000238
101745  5.039  -34.657  19.992 0.6999999881
20697  20.027  -40.480  27.409 0.6999999881
26256  7.699  -34.021  19.886 0.8000000119
26257  6.526  -33.605  19.522 0.6999999881
26293  8.192  -33.033  18.022 0.6999999881
19795  19.890  -40.332  24.984 0.6999999881
113093  19.702  -40.340  24.473 0.6999999881
20744  19.622  -40.116  24.002 0.6999999881
19806  18.276  -41.335  23.304 0.8999999762
19821  18.215  -40.946  22.703 1.0000000000
20786  17.686  -40.304  21.879 0.8999999762
20787  16.850  -40.298  21.678 1.0000000000
21753  15.641  -39.535  21.230 1.0000000000
111331  17.827  -40.791  22.333 1.0000000000
21752  16.529  -39.610  21.310 1.0000000000
23541  17.975  -37.740  28.389 0.4000000060
111490  20.091  -38.455  28.231 0.6000000238
23619  11.716  -37.064  21.960 1.0000000000
24528  9.987  -36.361  21.910 1.0000000000
25367  9.293  -34.959  20.923 1.0000000000
25387  4.802  -33.808  19.311 0.6999999881
21669  20.696  -38.907  28.049 0.6999999881
20710  20.944  -39.962  26.814 0.6999999881
22688  12.754  -38.192  21.733 1.0000000000
23618  12.441  -37.381  21.638 1.0000000000
25351  10.538  -35.947  21.464 1.0000000000
103771  8.219  -33.793  19.110 0.6999999881
27180  6.713  -32.947  18.047 0.6999999881
100103  19.829  -40.533  25.457 0.6999999881
21683  22.151  -39.969  25.952 0.6999999881
26255  8.737  -34.508  19.883 0.8000000119
19781  21.435  -41.091  24.977 0.6999999881
111462  14.358  -39.091  21.260 1.0000000000
18945  20.782  -41.665  24.392 0.6999999881
119222  14.930  -39.505  21.225 1.0000000000
112304  15.167  -38.775  21.015 1.0000000000
23617  13.202  -37.604  21.289 1.0000000000
20743  19.713  -39.963  24.256 0.6999999881
20745  18.838  -40.674  23.127 0.8000000119
20759  18.436  -40.317  22.347 0.8000000119
22685  16.157  -38.902  20.995 1.0000000000
22580  20.046  -37.846  28.161 0.4000000060
24527  11.395  -36.424  21.579 1.0000000000
104698  9.995  -35.262  21.032 0.8999999762
22592  21.275  -38.186  27.791 0.6000000238
22612  21.573  -39.110  27.085 0.6000000238
26254  9.829  -34.811  19.866 0.8000000119
21697  22.308  -40.345  25.211 0.6999999881
22611  22.214  -39.451  25.989 0.6000000238
20742  20.948  -41.455  23.568 0.6999999881
22686  14.422  -38.368  21.072 1.0000000000
26269  10.187  -34.199  18.227 0.8000000119
20756  20.388  -40.283  23.128 0.6999999881
20757  19.736  -39.588  23.680 0.6999999881
21722  19.987  -39.362  23.971 0.6999999881
23616  14.030  -37.670  20.990 1.0000000000
22711  14.926  -37.827  20.645 1.0000000000
20758  19.302  -40.006  22.836 0.6999999881
21724  18.870  -39.705  22.234 0.6999999881
21750  18.275  -39.627  21.735 0.8000000119
21751  17.409  -39.664  21.454 0.8999999762
22684  17.107  -39.002  21.045 0.8999999762
24526  12.167  -36.707  21.390 0.8999999762
24545  11.861  -36.124  20.845 0.8999999762
25366  10.634  -35.428  20.573 0.8999999762
23560  21.036  -38.481  27.481 0.5000000000
22627  21.998  -39.758  26.101 0.5000000000
23643  12.843  -36.951  21.208 0.8999999762
116184  22.074  -40.089  23.348 0.6000000238
23642  13.515  -36.909  20.816 1.0000000000
21723  19.541  -39.297  22.723 0.6000000238
21749  18.929  -39.169  21.883 0.6999999881
22683  17.920  -39.048  21.254 0.8000000119
117861  18.375  -38.606  21.160 0.8000000119
22708  17.801  -38.358  20.721 0.8000000119
22709  16.740  -38.349  20.605 1.0000000000
22710  15.801  -38.212  20.627 1.0000000000
113085  14.346  -36.957  20.366 0.8999999762
24544  12.769  -36.326  20.580 0.8999999762
25365  11.403  -35.549  20.190 0.8000000119
22644  20.821  -39.675  23.470 0.6000000238
23587  19.652  -38.911  23.943 0.5000000000
22651  19.575  -38.888  23.140 0.6000000238
23641  15.610  -37.617  20.295 1.0000000000
22652  19.452  -39.048  22.783 0.6000000238
22682  18.878  -38.554  21.506 0.6000000238
112938  17.245  -37.707  20.210 0.6999999881
23640  16.333  -37.720  20.244 1.0000000000
25364  12.202  -35.665  19.893 0.8999999762
24543  13.696  -36.190  19.986 0.8999999762
24565  14.591  -36.192  19.327 0.8999999762
23663  15.916  -37.208  19.831 0.8000000119
109943  16.231  -36.804  19.318 0.8000000119
24564  15.527  -36.594  19.304 0.8000000119
22681  19.290  -38.714  22.080 0.6000000238
22707  18.674  -38.014  20.976 0.5000000000
23661  17.565  -37.040  19.680 0.4000000060
23662  16.719  -37.214  19.704 0.6999999881
24567  13.011  -35.623  19.488 0.8999999762
24587  16.040  -36.190  18.698 0.5000000000
24566  13.736  -35.269  18.721 0.8000000119
24589  14.449  -35.086  18.194 0.8000000119
108966  -3.344  -69.340  24.949 1.0000000000
1685  -3.565  -68.640  24.632 1.0000000000
117015  -2.978  -70.442  25.446 1.0000000000
107760  4.895  -75.671  21.351 0.6000000238
1  4.051  -75.714  21.019 0.6999999881
1049  -1.179  -70.017  29.731 1.0000000000
1320  -0.853  -69.907  31.626 1.0000000000
111169  3.377  -72.372  25.600 1.0000000000
629  3.486  -72.483  24.535 1.0000000000
622  2.455  -72.726  25.553 1.0000000000
660  5.121  -73.224  20.113 1.0000000000
120745  2.378  -69.666  24.350 1.0000000000
891  5.560  -71.659  21.603 1.0000000000
900  6.364  -71.482  20.405 1.0000000000
470  6.038  -73.340  16.234 0.8999999762
481  5.465  -74.310  15.868 0.8999999762
213  6.937  -75.350  13.253 0.8999999762
2043  -1.144  -67.559  23.487 1.0000000000
1191  5.227  -71.498  17.393 0.8999999762
111018  6.713  -75.243  20.017 0.6000000238
120565  5.833  -73.707  15.394 0.8999999762
105938  7.766  -75.364  13.209 0.8000000119
323  5.950  -74.854  14.101 0.8999999762
211  8.995  -75.047  12.928 0.6999999881
2418  3.584  -66.268  24.859 1.0000000000
1189  6.396  -70.176  16.919 0.8999999762
1172  -1.874  -69.500  18.753 0.8000000119
348  10.680  -73.251  9.891 0.6000000238
3226  0.714  -64.579  25.675 1.0000000000
1681  5.511  -68.228  25.872 1.0000000000
1140  6.967  -69.825  21.941 1.0000000000
2121  -2.630  -67.815  16.989 0.8999999762
1188  9.220  -70.449  17.199 0.8999999762
1211  9.402  -70.393  15.054 0.8999999762
4260  3.408  -61.731  25.046 1.0000000000
4274  1.538  -62.044  24.505 1.0000000000
113713  7.889  -69.364  21.465 1.0000000000
5344  -1.394  -60.558  23.565 1.0000000000
102396  -4.237  -64.216  13.178 0.6999999881
117892  1.489  -58.093  25.698 1.0000000000
2049  9.183  -67.193  23.768 1.0000000000
108984  0.414  -68.886  21.503 1.0000000000
5984  0.458  -58.677  24.570 1.0000000000
115825  8.856  -65.968  25.319 1.0000000000
7359  2.008  -57.419  26.140 1.0000000000
7388  6.319  -57.309  23.049 1.0000000000
3230  9.731  -64.861  23.789 1.0000000000
6061  4.591  -59.580  19.225 1.0000000000
3893  -5.022  -63.044  12.983 0.6999999881
7356  5.147  -57.301  25.285 1.0000000000
8788  -3.836  -55.265  21.872 1.0000000000
2812  9.053  -65.194  22.317 1.0000000000
113033  -2.034  -61.991  15.254 1.0000000000
8070  0.200  -56.301  23.603 1.0000000000
115230  -5.009  -53.076  25.141 1.0000000000
8031  5.200  -55.978  26.124 1.0000000000
8715  1.776  -54.813  25.905 1.0000000000
7461  1.501  -57.945  18.521 1.0000000000
6769  0.725  -58.228  18.251 1.0000000000
6800  0.709  -59.056  16.847 1.0000000000
9409  4.512  -54.732  26.843 1.0000000000
10117  7.257  -53.881  25.793 1.0000000000
110328  -4.597  -50.475  27.437 0.8999999762
10777  8.300  -51.664  28.121 1.0000000000
10897  -3.350  -51.533  20.776 1.0000000000
12237  5.841  -50.330  30.049 1.0000000000
6787  -2.703  -58.820  17.836 1.0000000000
10081  8.686  -52.844  27.191 1.0000000000
112745  8.877  -52.084  27.502 1.0000000000
10163  5.432  -53.650  22.336 1.0000000000
12275  -0.749  -49.923  27.250 1.0000000000
13136  7.004  -48.709  24.970 1.0000000000
13098  -5.049  -49.390  28.728 0.8000000119
13898  -5.104  -48.328  28.824 0.8000000119
10766  6.551  -52.350  29.796 1.0000000000
11466  5.242  -51.424  31.587 1.0000000000
10050  4.554  -53.163  29.489 1.0000000000
13908  -1.618  -48.332  27.269 1.0000000000
13145  5.055  -49.462  24.595 1.0000000000
15567  6.702  -46.295  33.396 1.0000000000
15596  10.714  -46.609  31.062 1.0000000000
18027  6.703  -43.966  32.407 0.8999999762
110536  7.135  -45.470  33.044 1.0000000000
16414  2.504  -45.544  33.632 1.0000000000
15572  0.633  -46.697  33.660 1.0000000000
17245  7.658  -44.047  32.081 0.8999999762
107379  2.357  -44.950  26.706 1.0000000000
16427  0.346  -45.548  32.961 1.0000000000
18030  3.806  -43.558  32.472 0.8999999762
18037  7.865  -43.476  31.541 0.8999999762
14744  12.797  -48.049  28.740 1.0000000000
18042  2.384  -42.990  31.978 0.8999999762
18043  1.466  -43.178  31.791 0.8999999762
18044  0.483  -43.355  31.584 0.8999999762
16448  -3.576  -45.324  31.050 0.6000000238
19702  4.015  -41.701  30.214 0.8999999762
18045  -0.420  -43.577  31.368 0.8999999762
15638  9.520  -46.686  26.366 1.0000000000
19743  3.830  -41.389  28.614 0.8999999762
18066  -2.218  -43.363  29.639 0.8000000119
22616  4.440  -38.779  25.716 0.8000000119
18903  -2.140  -41.594  28.089 0.6999999881
22586  3.148  -37.794  28.019 0.6000000238
21672  7.706  -39.375  26.711 0.6000000238
18969  4.743  -42.256  24.206 0.8999999762
99692  13.576  -46.986  25.335 1.0000000000
19774  8.320  -41.461  25.451 0.8999999762
20726  9.560  -40.203  25.466 0.8000000119
19770  13.172  -41.540  25.298 0.6999999881
18932  12.513  -41.589  25.246 0.8999999762
100333  12.498  -41.316  27.391 0.5000000000
17269  16.740  -43.859  27.639 1.0000000000
17305  16.670  -44.616  25.956 1.0000000000
18138  16.709  -43.857  24.730 1.0000000000
110763  15.643  -43.835  23.541 1.0000000000
23602  8.093  -37.751  22.100 1.0000000000
18919  18.528  -42.792  26.773 0.8000000119
21660  16.849  -39.455  28.550 0.4000000060
26295  5.787  -33.398  17.586 0.6999999881
108660  11.781  -39.329  22.233 1.0000000000
21657  19.506  -39.141  28.425 0.6999999881
116498  17.040  -37.920  28.456 0.4000000060
118668  11.180  -35.899  21.020 0.8999999762
25385  11.640  -35.030  19.058 0.8000000119
25384  12.421  -35.018  18.809 0.8000000119
22680  19.401  -38.261  22.507 0.5000000000
190  3.743  -75.045  19.510 0.8999999762
102233  5.415  -70.505  11.789 0.8999999762
116701  -4.157  -69.901  28.476 1.0000000000
1992  -4.262  -67.898  31.277 0.8999999762
1974  -3.632  -67.460  31.906 0.6999999881
109543  1.727  -75.042  25.059 0.6000000238
1684  -3.007  -68.777  25.452 1.0000000000
1323  -4.006  -68.751  32.546 1.0000000000
62  3.511  -75.716  23.276 0.6000000238
5  4.470  -75.502  20.004 0.6999999881
939  -0.445  -71.102  17.245 0.8000000119
73  6.834  -74.802  20.915 0.5000000000
109575  7.714  -75.029  19.667 0.5000000000
733  3.499  -72.180  13.789 0.8999999762
963  3.225  -71.697  13.332 0.8999999762
940  -1.346  -70.623  17.241 0.8000000119
87  6.936  -75.505  18.954 0.6999999881
332  10.674  -73.885  11.883 0.5000000000
117625  3.142  -70.426  12.729 0.6999999881
1250  4.827  -69.501  10.732 0.6999999881
327  10.745  -73.939  12.722 0.5000000000
349  9.907  -73.399  10.142 0.6999999881
1521  -1.430  -69.528  13.612 0.6999999881
1556  5.492  -69.222  9.724 0.6999999881
1555  6.376  -69.527  9.374 0.6999999881
1259  7.920  -70.463  9.118 0.6000000238
528  10.111  -72.546  9.273 0.6000000238
534  10.663  -72.396  8.777 0.5000000000
102380  8.602  -70.944  9.158 0.5000000000
5375  1.843  -60.730  20.931 1.0000000000
8127  -3.042  -56.900  20.901 1.0000000000
8050  1.385  -55.580  25.474 1.0000000000
5505  -4.508  -59.987  12.361 0.5000000000
10812  -5.187  -52.488  26.157 1.0000000000
11537  -4.829  -51.733  26.110 1.0000000000
117640  -4.609  -51.309  26.390 0.8999999762
11653  -3.436  -50.801  18.389 0.8999999762
12408  -3.117  -49.541  17.858 0.6999999881
10932  -3.667  -52.069  18.478 0.6999999881
13191  -2.847  -49.755  20.800 0.8999999762
111753  4.308  -53.883  28.340 1.0000000000
118287  -3.558  -53.258  17.144 0.6000000238
117615  -3.590  -54.047  17.312 0.6000000238
110092  -3.686  -54.946  17.408 0.8999999762
8839  -3.958  -56.164  17.509 0.8999999762
8203  -3.758  -56.259  16.172 0.8000000119
111979  -3.959  -57.551  15.537 0.6999999881
14819  -2.088  -47.173  22.355 0.8999999762
16537  -2.066  -45.393  22.709 0.8999999762
15660  2.528  -46.248  26.296 1.0000000000
16531  -2.550  -45.042  23.196 0.8999999762
16536  -1.603  -45.314  22.498 0.8000000119
17341  -1.388  -43.430  22.870 0.8000000119
99634  2.770  -42.206  31.462 0.8999999762
16528  0.865  -45.129  23.825 0.6999999881
108251  4.548  -41.822  28.447 0.8999999762
16516  1.024  -44.562  23.941 0.6999999881
20658  -1.059  -39.665  29.633 0.6000000238
19703  -1.872  -40.200  30.006 0.6000000238
19705  -3.580  -40.940  30.211 0.6000000238
19758  10.915  -40.390  26.033 0.6999999881
23624  3.837  -36.636  20.956 0.8999999762
22692  3.243  -37.365  21.428 0.8999999762
22693  2.037  -37.256  21.373 0.8000000119
23644  3.872  -35.910  20.373 0.8000000119
24547  4.387  -35.345  20.181 0.8000000119
109592  5.582  -35.728  20.468 0.8000000119
25388  4.388  -34.575  18.955 0.6999999881
24596  4.862  -35.272  18.084 0.6999999881
22581  18.945  -38.330  28.490 0.6000000238
25386  10.815  -34.927  19.388 0.8000000119
26268  11.108  -34.276  17.963 0.8000000119
21721  20.731  -40.121  22.765 0.6000000238
22643  21.720  -39.676  22.917 0.6000000238
3245  -4.384  -64.305  22.646 1.0000000000
3765  -4.473  -63.693  22.088 1.0000000000
1537  3.266  -69.297  12.318 0.6999999881
1240  3.666  -70.272  12.493 0.8000000119
1557  4.759  -68.946  10.040 0.6999999881
13227  -3.030  -49.085  18.588 0.6999999881
10227  -3.232  -52.421  16.183 0.6000000238
8858  -3.453  -55.194  16.482 0.6999999881
23626  1.985  -37.066  20.988 0.8000000119
25372  4.115  -35.152  19.322 0.6999999881
23625  2.686  -36.692  20.889 0.6999999881
23645  3.316  -36.199  20.397 0.6999999881
103214  2.181  -37.201  20.566 0.6999999881
109985  3.068  -75.460  24.756 0.6000000238
1651  -4.438  -68.423  29.575 1.0000000000
145  0.289  -74.627  28.922 0.6000000238
48  1.247  -74.803  25.499 0.6999999881
851  -1.255  -71.435  25.876 1.0000000000
1638  -4.056  -68.309  32.492 1.0000000000
227  -0.501  -73.447  31.843 0.6000000238
241  -0.742  -73.947  29.766 0.8000000119
234  -0.995  -73.315  31.255 0.6999999881
139  0.007  -74.551  29.740 0.6999999881
708  0.290  -71.722  17.590 0.8000000119
72  1.606  -74.614  22.679 1.0000000000
57  1.401  -74.834  24.708 0.8000000119
79  2.124  -75.227  22.150 1.0000000000
56  1.962  -75.167  24.296 0.6999999881
64  2.213  -75.328  23.364 0.6999999881
68  4.037  -75.796  22.476 0.6000000238
294  4.165  -74.964  19.006 0.8999999762
285  4.267  -74.643  19.169 0.8999999762
7  5.738  -75.769  18.677 0.8000000119
97  3.994  -75.210  19.456 0.8000000119
116731  5.249  -75.486  17.808 0.8000000119
300  4.851  -74.846  17.503 0.8999999762
116118  5.188  -75.455  17.032 0.8000000119
1099  0.690  -71.132  25.057 1.0000000000
671  2.510  -72.946  19.443 0.8999999762
446  0.469  -72.949  19.016 0.8000000119
454  1.614  -73.447  18.549 0.8000000119
161  0.046  -74.488  26.446 0.6999999881
705  3.588  -73.310  16.292 0.8000000119
179  1.524  -74.518  22.131 1.0000000000
266  1.372  -74.133  22.235 1.0000000000
117036  2.330  -74.780  21.476 0.6999999881
273  2.240  -74.358  21.413 1.0000000000
184  2.900  -74.901  20.826 0.8000000119
2033  -4.595  -67.416  24.043 0.8999999762
376  -1.089  -72.734  31.479 0.8000000119
113809  2.133  -73.505  17.991 0.8000000119
61  4.241  -75.617  23.416 0.6000000238
118677  3.111  -75.619  23.887 0.5000000000
63  2.541  -75.453  24.068 0.6000000238
75  5.596  -75.489  21.166 0.6000000238
74  6.275  -75.231  21.001 0.6000000238
111  6.837  -76.069  16.413 0.8000000119
125  6.968  -75.759  14.581 0.8000000119
127  6.009  -75.467  15.081 0.8999999762
120  6.356  -75.734  15.233 0.8000000119
490  6.759  -72.963  14.368 0.8999999762
731  6.936  -72.800  12.751 0.8999999762
115387  -1.268  -69.335  23.173 1.0000000000
593  -0.719  -72.384  30.049 1.0000000000
111278  0.230  -73.623  25.594 1.0000000000
406  1.808  -73.215  24.066 1.0000000000
413  2.001  -73.351  23.164 1.0000000000
264  0.941  -73.983  23.330 1.0000000000
115664  2.803  -75.609  23.258 0.6000000238
78  2.586  -75.333  21.860 0.6999999881
3  3.950  -75.553  20.467 0.6999999881
430  3.472  -73.593  21.358 1.0000000000
80  5.932  -75.511  20.273 0.6000000238
118250  6.238  -75.792  18.643 0.6000000238
703  6.905  -72.519  16.206 0.8999999762
108032  6.472  -72.729  16.869 0.8999999762
480  6.094  -73.578  14.777 0.8999999762
103666  7.744  -75.921  15.976 0.8000000119
308  5.047  -74.832  16.574 0.8999999762
452  5.480  -73.585  18.236 0.8999999762
124  8.020  -75.672  14.512 0.8000000119
730  7.808  -72.226  13.097 0.8999999762
714  8.267  -71.852  14.685 0.8999999762
210  6.061  -75.309  14.356 0.8999999762
212  8.106  -75.469  13.793 0.8000000119
743  6.637  -73.374  12.038 0.8999999762
99941  6.356  -74.178  12.427 0.8999999762
1693  1.604  -69.485  24.270 1.0000000000
1037  -0.871  -70.413  32.055 1.0000000000
584  0.332  -71.077  31.085 1.0000000000
609  -0.432  -72.692  28.036 1.0000000000
388  -0.035  -73.031  27.241 1.0000000000
618  1.717  -72.731  26.809 1.0000000000
189  7.751  -75.446  19.023 0.5000000000
101  7.328  -75.927  17.582 0.6000000238
967  8.349  -70.955  12.901 0.8999999762
123  8.759  -75.669  14.833 0.6999999881
114942  9.094  -75.109  13.456 0.6999999881
208  9.524  -75.018  13.876 0.6000000238
748  7.120  -71.920  11.515 0.8999999762
329  6.177  -74.519  13.234 0.8999999762
219  6.643  -74.898  12.722 0.8999999762
221  7.867  -74.761  11.863 0.8000000119
223  8.331  -74.425  11.259 0.8000000119
216  9.201  -74.776  12.306 0.8000000119
117226  9.410  -74.469  11.716 0.8000000119
337  9.878  -74.041  11.475 0.6000000238
344  8.765  -74.044  10.768 0.8000000119
2443  -4.500  -67.102  23.222 1.0000000000
645  4.841  -71.927  22.655 1.0000000000
653  4.612  -72.686  21.528 1.0000000000
107860  5.413  -72.554  20.517 1.0000000000
196  8.597  -75.591  17.504 0.6000000238
680  5.849  -72.904  18.777 1.0000000000
1247  4.090  -69.677  11.896 0.8000000119
336  10.378  -73.840  11.546 0.6000000238
115217  -1.489  -59.119  21.907 1.0000000000
120286  1.258  -66.977  24.841 1.0000000000
102389  3.452  -69.762  26.386 1.0000000000
1689  4.339  -68.604  24.714 1.0000000000
8770  -2.027  -54.943  22.408 1.0000000000
3222  4.312  -64.500  25.436 1.0000000000
3720  1.769  -63.646  26.787 1.0000000000
112535  3.738  -63.288  26.822 1.0000000000
3718  4.459  -62.990  26.336 1.0000000000
1041  0.385  -70.237  31.024 1.0000000000
464  2.384  -73.355  17.174 0.8000000119
473  2.313  -73.186  16.445 0.8000000119
929  4.619  -71.753  18.041 0.8999999762
923  -1.557  -70.568  18.858 0.8000000119
669  6.497  -71.763  19.491 0.8999999762
1213  7.034  -70.446  15.012 0.8999999762
1179  -1.769  -69.920  18.776 0.8000000119
118298  6.623  -72.248  18.215 0.8999999762
1512  -2.163  -69.617  14.374 0.6999999881
691  6.562  -72.495  17.575 0.8999999762
1212  8.160  -70.079  14.449 0.8999999762
104488  7.197  -71.757  17.812 0.8999999762
102219  7.585  -72.227  15.481 0.8999999762
729  8.415  -71.659  13.567 0.8999999762
972  6.755  -71.463  11.066 0.8999999762
341  10.952  -73.494  11.113 0.5000000000
346  7.322  -73.785  11.134 0.8000000119
521  8.107  -72.900  10.490 0.8000000119
519  9.588  -73.041  9.779 0.6999999881
2805  -2.157  -66.298  23.246 1.0000000000
4245  5.095  -62.480  25.323 1.0000000000
109834  4.122  -61.887  25.028 1.0000000000
116913  3.577  -62.055  27.201 1.0000000000
817  2.882  -70.334  28.912 1.0000000000
113062  4.892  -71.484  26.253 1.0000000000
1148  6.555  -70.544  21.560 1.0000000000
1481  9.490  -69.249  15.854 0.8999999762
3361  -3.693  -64.508  14.986 0.8999999762
701  8.429  -71.576  15.508 0.8999999762
763  8.336  -71.804  9.772 0.6999999881
3243  -3.575  -64.786  22.377 1.0000000000
107934  -3.215  -65.363  22.788 1.0000000000
2793  0.107  -65.125  25.156 1.0000000000
1362  2.680  -69.627  27.826 1.0000000000
1110  6.466  -70.225  24.039 1.0000000000
3258  1.129  -64.207  22.751 1.0000000000
105819  10.335  -69.061  18.352 0.8999999762
4275  -2.629  -62.937  22.832 1.0000000000
3234  -1.735  -64.576  24.181 1.0000000000
114725  0.089  -59.524  25.970 1.0000000000
5962  0.880  -59.385  26.648 1.0000000000
5311  1.649  -60.575  27.319 1.0000000000
107589  7.246  -63.968  24.802 1.0000000000
1150  2.189  -70.772  22.104 1.0000000000
3276  -0.054  -64.339  20.273 1.0000000000
5377  -4.479  -60.999  20.625 1.0000000000
3780  -4.077  -63.830  21.904 1.0000000000
5310  3.193  -59.923  27.222 1.0000000000
105695  3.281  -60.778  27.246 1.0000000000
1680  7.826  -68.581  26.222 1.0000000000
111642  7.534  -69.121  24.284 1.0000000000
108167  2.076  -65.917  22.229 1.0000000000
2819  0.902  -64.949  22.071 1.0000000000
3793  0.012  -63.489  21.305 1.0000000000
3267  0.190  -63.964  21.743 1.0000000000
102469  -0.119  -63.957  18.783 1.0000000000
2082  7.745  -67.615  19.591 1.0000000000
3345  -2.169  -64.885  15.421 0.8999999762
3324  -1.017  -64.716  16.584 1.0000000000
4795  -3.518  -62.297  21.515 1.0000000000
4805  -4.054  -61.698  21.028 1.0000000000
6678  0.984  -58.332  25.160 1.0000000000
5359  2.362  -60.610  23.284 1.0000000000
110272  5.012  -66.119  22.634 1.0000000000
1713  4.359  -68.561  22.532 1.0000000000
113039  9.899  -66.908  19.145 1.0000000000
8089  -1.016  -56.272  22.185 1.0000000000
107199  4.563  -58.684  23.383 1.0000000000
6724  3.923  -59.008  21.945 1.0000000000
6005  3.537  -59.552  22.537 1.0000000000
2814  6.653  -65.484  22.851 1.0000000000
109313  7.573  -65.446  22.783 1.0000000000
4297  0.287  -62.430  20.959 1.0000000000
106857  0.108  -63.025  19.588 1.0000000000
3808  -0.055  -63.646  19.734 1.0000000000
6695  0.674  -58.026  24.477 1.0000000000
110530  3.014  -65.946  22.337 1.0000000000
110843  0.529  -62.757  19.305 1.0000000000
116758  5.867  -66.007  22.739 1.0000000000
2450  5.665  -66.744  22.609 1.0000000000
4940  -5.285  -61.561  11.546 0.5000000000
9448  -2.367  -53.718  23.527 1.0000000000
9428  1.057  -53.988  24.848 1.0000000000
10139  -4.385  -53.310  24.333 1.0000000000
7402  5.678  -57.604  22.480 1.0000000000
10090  0.455  -52.982  26.037 1.0000000000
7434  6.894  -57.835  20.057 1.0000000000
8812  6.345  -55.271  20.212 1.0000000000
8809  8.010  -55.525  21.144 1.0000000000
104269  4.629  -59.469  18.148 1.0000000000
5426  2.739  -60.754  17.056 1.0000000000
5427  2.032  -61.363  17.148 1.0000000000
9513  -1.732  -54.796  19.743 1.0000000000
6117  2.899  -59.903  16.141 1.0000000000
4889  0.444  -61.730  15.068 1.0000000000
8167  -3.582  -57.061  18.299 1.0000000000
4893  -3.791  -62.144  16.473 0.8999999762
8750  7.065  -56.008  25.026 1.0000000000
9411  2.831  -54.664  26.988 1.0000000000
8125  7.984  -56.073  21.474 1.0000000000
105865  9.806  -52.918  23.862 1.0000000000
12355  -3.163  -50.514  21.941 1.0000000000
8817  0.788  -55.686  20.559 1.0000000000
8157  5.169  -56.791  18.443 1.0000000000
7459  3.910  -57.440  17.923 1.0000000000
10877  1.559  -52.646  22.731 1.0000000000
10855  9.045  -52.286  23.081 1.0000000000
114596  2.132  -57.683  18.699 1.0000000000
106723  -0.414  -50.808  27.229 1.0000000000
10173  6.932  -53.812  21.548 1.0000000000
9495  2.918  -54.827  21.851 1.0000000000
8801  3.192  -55.371  21.373 1.0000000000
7460  2.951  -57.562  18.287 1.0000000000
9407  6.361  -53.926  25.986 1.0000000000
11504  2.267  -52.137  29.053 1.0000000000
10859  3.582  -52.200  23.488 1.0000000000
10872  6.814  -52.772  22.601 1.0000000000
12369  -3.139  -50.276  20.529 1.0000000000
13163  -2.721  -48.852  22.731 1.0000000000
13944  -2.860  -48.296  23.202 1.0000000000
112096  4.998  -49.311  29.444 1.0000000000
113936  -3.663  -59.070  17.689 0.8999999762
10085  5.062  -53.966  28.083 1.0000000000
11562  2.152  -50.830  24.310 1.0000000000
10874  4.841  -53.255  22.909 1.0000000000
11573  6.884  -51.491  23.454 1.0000000000
13190  -2.462  -49.338  20.178 0.8000000119
6789  -4.534  -58.255  17.104 1.0000000000
11559  5.174  -50.883  24.264 1.0000000000
7504  -3.940  -56.933  15.990 0.8000000119
13075  0.769  -49.258  29.066 1.0000000000
12308  4.520  -50.326  24.518 1.0000000000
13941  -1.582  -47.798  24.546 1.0000000000
13140  0.759  -49.094  25.526 1.0000000000
13922  6.353  -47.984  25.547 1.0000000000
14697  8.173  -47.706  32.146 1.0000000000
13830  8.706  -48.291  31.055 1.0000000000
13895  -0.312  -47.632  28.054 1.0000000000
15619  -2.785  -46.655  28.984 1.0000000000
14801  -1.375  -47.011  25.018 1.0000000000
16479  5.109  -45.364  26.368 1.0000000000
14748  6.174  -47.347  28.445 1.0000000000
108442  4.924  -45.618  33.382 0.8999999762
15645  0.483  -46.022  26.783 1.0000000000
16464  6.651  -46.113  27.126 1.0000000000
17252  11.137  -44.875  30.746 1.0000000000
20702  2.555  -39.210  26.373 0.8999999762
17295  1.711  -44.458  26.621 1.0000000000
17294  2.683  -44.280  26.721 1.0000000000
18051  8.356  -43.212  31.100 0.8999999762
99512  2.634  -41.590  30.640 0.8999999762
114183  3.234  -41.395  30.165 0.8999999762
17327  -1.631  -42.582  23.043 0.8000000119
13921  10.585  -48.272  27.177 1.0000000000
103815  -3.697  -43.528  29.274 0.6999999881
23549  2.568  -37.443  27.324 0.6999999881
18123  3.262  -43.345  26.325 1.0000000000
14775  13.527  -48.600  27.314 1.0000000000
18120  6.217  -43.779  25.724 1.0000000000
18939  -0.369  -42.023  25.258 0.8999999762
16529  -0.321  -44.729  23.410 0.6999999881
19741  5.168  -42.158  28.326 0.8999999762
19762  4.485  -41.129  26.419 0.8999999762
20731  4.876  -39.288  25.382 0.8999999762
18057  -4.031  -42.887  29.813 0.6000000238
18926  8.587  -42.287  26.287 0.8999999762
18951  -0.610  -41.364  24.887 0.8999999762
16484  9.144  -45.951  26.058 1.0000000000
19799  -0.508  -40.841  24.549 0.8999999762
102705  14.288  -46.862  25.555 1.0000000000
99543  15.038  -46.493  25.927 1.0000000000
19773  9.078  -41.537  25.359 0.8999999762
19812  4.744  -41.467  23.601 0.8999999762
16511  13.403  -45.880  24.231 1.0000000000
19816  -1.449  -40.808  23.432 0.8999999762
18965  8.661  -42.453  23.416 1.0000000000
109685  15.927  -44.840  27.490 1.0000000000
17335  12.422  -44.617  23.371 1.0000000000
101283  11.166  -40.824  27.135 0.6000000238
18964  10.006  -42.831  23.245 1.0000000000
17289  16.711  -44.603  26.633 1.0000000000
21730  4.910  -39.097  22.427 0.8999999762
18909  15.284  -41.681  26.308 0.6999999881
110857  7.921  -39.789  22.572 1.0000000000
105082  5.628  -39.911  22.745 0.8999999762
20771  2.935  -39.498  22.952 0.8999999762
18078  16.392  -43.249  27.756 0.8000000119
18176  12.272  -43.126  22.769 1.0000000000
109718  14.968  -40.717  27.199 0.4000000060
18077  17.041  -43.368  27.811 0.8000000119
109429  9.165  -39.793  22.495 1.0000000000
18076  17.649  -43.294  27.654 0.8000000119
19735  16.325  -40.799  27.872 0.5000000000
18117  18.099  -42.984  25.518 1.0000000000
24530  7.505  -36.161  21.370 0.8999999762
105950  18.335  -41.947  28.113 0.6000000238
23600  9.627  -37.596  22.181 1.0000000000
108097  10.246  -39.168  22.388 1.0000000000
107989  9.454  -39.152  22.405 1.0000000000
20680  18.520  -40.732  28.427 0.6000000238
18907  19.098  -41.983  27.038 0.6999999881
108018  13.300  -40.794  21.954 1.0000000000
18931  18.544  -42.331  25.657 0.8999999762
19805  19.157  -41.000  24.012 0.8000000119
20788  15.395  -40.894  21.710 1.0000000000
26272  6.122  -33.035  18.755 0.6999999881
22653  12.255  -38.736  22.068 1.0000000000
19767  19.517  -41.234  26.501 0.6999999881
19822  17.591  -41.429  22.715 1.0000000000
21658  18.378  -39.225  28.531 0.5000000000
107622  19.975  -39.872  28.094 0.6999999881
22687  13.628  -38.502  21.381 1.0000000000
20725  19.982  -40.450  25.985 0.6999999881
21668  20.917  -39.508  27.485 0.6999999881
20723  21.819  -40.524  25.650 0.6999999881
26274  5.020  -34.053  18.392 0.6999999881
105290  21.503  -38.787  27.497 0.6000000238
21684  21.864  -39.377  26.814 0.6999999881
20724  20.805  -40.090  26.097 0.6999999881
21708  22.363  -40.470  24.542 0.6000000238
22626  22.588  -39.404  24.990 0.6000000238
23569  21.195  -38.797  26.560 0.4000000060
105806  18.488  -39.003  21.483 0.6000000238
22636  21.095  -39.923  24.951 0.6000000238
23580  20.892  -39.180  25.543 0.5000000000
111237  20.404  -39.516  24.581 0.6000000238
23664  15.154  -37.074  20.003 0.8999999762
23639  18.230  -37.420  20.309 0.5000000000
24588  15.220  -35.736  18.517 0.6999999881
24563  16.930  -36.519  19.051 0.4000000060
202  8.569  -75.824  16.854 0.6000000238
291  8.757  -74.568  18.569 0.5000000000
299  8.908  -74.946  17.800 0.5000000000
450  9.135  -73.675  18.762 0.5000000000
306  10.177  -74.030  16.039 0.5000000000
307  9.536  -74.675  16.488 0.5000000000
459  10.726  -72.667  17.487 0.4000000060
468  10.781  -72.849  16.609 0.4000000060
469  10.162  -73.634  16.956 0.5000000000
195  9.046  -75.312  17.036 0.5000000000
320  10.207  -74.477  14.209 0.5000000000
315  9.483  -74.991  15.480 0.5000000000
314  10.155  -74.306  15.097 0.5000000000
489  10.836  -73.720  13.812 0.5000000000
201  9.052  -75.557  16.231 0.5000000000
108624  2.155  -71.536  14.764 0.5000000000
479  10.726  -73.328  15.644 0.4000000060
115428  8.191  -75.002  19.150 0.5000000000
93  8.292  -75.452  18.305 0.5000000000
1226  2.135  -70.689  13.897 0.5000000000
1991  -3.578  -67.305  30.867 0.8000000119
2000  -3.565  -67.551  29.699 0.8999999762
1352  -4.358  -69.399  28.515 0.8999999762
106671  8.128  -74.524  19.876 0.4000000060
1497  2.179  -70.443  14.945 0.5000000000
1536  3.874  -69.154  11.808 0.6999999881
101911  4.693  -68.373  10.290 0.5000000000
2007  -1.658  -67.500  28.230 0.8000000119
2008  -2.861  -67.817  28.624 0.8000000119
1650  -3.939  -68.144  28.914 0.8999999762
1655  -2.322  -68.232  27.653 0.8999999762
724  2.530  -72.311  14.653 0.8000000119
717  2.308  -72.754  15.433 0.6999999881
734  2.899  -72.045  13.831 0.6999999881
947  2.013  -71.916  15.532 0.5000000000
1545  4.204  -68.862  11.053 0.6000000238
1675  -2.960  -69.007  26.272 0.8999999762
483  2.515  -73.132  15.742 0.6999999881
937  1.346  -71.891  16.660 0.6999999881
1234  2.461  -70.731  13.299 0.5000000000
936  1.724  -71.630  16.154 0.5000000000
99837  4.193  -68.625  10.944 0.6000000238
114875  5.222  -68.686  9.781 0.6000000238
1884  6.002  -68.755  9.383 0.6000000238
706  1.598  -72.641  16.719 0.6999999881
948  1.938  -72.411  15.993 0.6000000238
1205  1.534  -70.810  16.823 0.6000000238
1241  2.808  -70.082  12.791 0.6000000238
1216  0.048  -70.482  16.024 0.6000000238
1567  7.595  -69.728  9.022 0.4000000060
949  -0.877  -70.695  16.402 0.6000000238
110764  -0.173  -70.160  15.247 0.6000000238
1227  -0.500  -70.111  14.530 0.6000000238
1510  -0.792  -69.688  13.798 0.6000000238
2802  -4.592  -65.594  23.984 0.8999999762
3751  -4.610  -63.442  22.702 0.8999999762
4276  -4.681  -62.890  22.082 0.8999999762
4285  -4.490  -63.111  21.763 0.8999999762
4806  -4.976  -61.592  21.186 0.8999999762
5363  -5.545  -60.365  21.256 0.8999999762
5362  -5.465  -60.972  21.434 0.8999999762
5388  -5.181  -60.006  20.623 0.8999999762
4796  -4.821  -62.281  21.656 0.8999999762
6727  -5.454  -58.762  21.972 0.8000000119
6008  -5.490  -59.479  22.016 0.8999999762
100532  -5.547  -60.239  21.794 0.8999999762
6044  -5.052  -59.443  20.501 0.8999999762
6027  -5.431  -59.459  21.064 0.8999999762
6026  -3.775  -59.371  19.992 0.8999999762
6713  -5.015  -58.949  22.538 0.8000000119
6743  -3.420  -58.636  20.159 0.8999999762
8090  -4.732  -57.299  23.403 0.8000000119
8130  -4.976  -56.859  22.140 0.8000000119
8129  -4.761  -56.505  21.681 0.8000000119
106172  -5.414  -56.422  23.381 0.8000000119
7422  -4.628  -57.295  21.080 0.8999999762
8128  -4.150  -56.550  21.017 0.8999999762
8803  -4.473  -55.878  21.639 0.8999999762
8109  -5.455  -56.063  22.778 0.8000000119
8110  -5.536  -55.985  23.200 0.8000000119
8754  -4.989  -55.338  24.532 0.8000000119
8720  -4.841  -54.899  26.336 0.8000000119
8107  -3.343  -56.035  21.338 0.8999999762
8091  -5.541  -56.189  23.190 0.8000000119
101692  -4.866  -55.284  25.434 0.8000000119
9561  -2.951  -54.493  16.091 0.5000000000
8789  -4.781  -55.438  22.396 0.8999999762
8719  -3.641  -55.410  25.990 0.8000000119
8772  -4.617  -54.980  23.069 0.8000000119
114761  -3.515  -51.338  28.866 0.6999999881
10785  -2.953  -52.714  28.940 0.6999999881
10124  -4.906  -54.261  24.865 0.8000000119
102470  -3.674  -53.159  28.621 0.8000000119
8721  -5.418  -54.760  25.954 0.8000000119
10071  -4.479  -53.405  28.039 0.8000000119
117482  -3.748  -49.547  29.779 0.6000000238
9450  -4.833  -53.770  24.754 0.8999999762
10826  -5.211  -52.937  25.664 0.8000000119
10123  -5.275  -53.655  25.396 0.8000000119
12261  -4.091  -50.962  28.813 0.6999999881
10105  -5.355  -53.317  26.122 0.8000000119
11509  -4.135  -51.869  28.691 0.6999999881
12243  -4.629  -50.110  29.197 0.6999999881
9416  -5.388  -54.223  25.910 0.8000000119
113890  -4.719  -54.385  26.912 0.8000000119
10072  -4.797  -52.855  28.078 0.8000000119
11538  -4.816  -51.865  26.491 0.8000000119
12244  -4.820  -50.184  28.853 0.6999999881
11511  -4.742  -51.757  27.893 0.8000000119
13856  -4.668  -48.474  30.573 0.6999999881
12263  -4.656  -50.969  28.294 0.6999999881
13883  -5.221  -48.780  29.706 0.6999999881
13857  -5.153  -48.096  30.303 0.6000000238
15678  -0.770  -45.448  22.674 0.6000000238
18164  0.908  -43.043  23.134 0.6000000238
18181  1.684  -42.865  22.598 0.6000000238
18971  -1.580  -41.698  22.712 0.8000000119
18990  -1.065  -41.654  22.374 0.8000000119
20750  -0.680  -39.967  23.435 0.8000000119
106640  1.744  -43.784  23.516 0.6000000238
18970  -0.427  -42.307  22.403 0.6999999881
120121  1.941  -42.100  21.806 0.5000000000
20749  0.607  -39.681  23.770 0.8000000119
19834  -0.379  -41.267  21.832 0.8000000119
19835  -1.096  -40.717  22.558 0.8000000119
18989  0.848  -42.111  22.127 0.6999999881
20773  0.123  -39.124  23.113 0.8000000119
19005  1.181  -41.573  21.605 0.5000000000
19853  1.720  -41.055  20.994 0.6000000238
21732  1.956  -38.470  22.588 0.8000000119
19855  -0.548  -40.545  22.002 0.8000000119
20798  0.026  -39.797  21.724 0.6999999881
19854  0.288  -40.751  21.446 0.6999999881
22664  1.092  -38.086  21.965 0.6999999881
21734  0.571  -38.875  22.212 0.6999999881
20812  1.450  -39.439  20.574 0.6000000238
20797  0.926  -40.061  20.963 0.6999999881
20796  2.225  -40.262  20.518 0.6000000238
19852  3.430  -41.214  20.933 0.6000000238
22662  2.667  -37.927  22.021 0.8000000119
22695  1.109  -38.117  21.498 0.6999999881
22694  1.475  -37.598  21.445 0.6999999881
21774  1.488  -38.559  20.622 0.6000000238
21757  0.781  -38.896  21.252 0.6999999881
21775  1.102  -38.197  21.099 0.6999999881
21773  2.322  -38.109  20.143 0.6000000238
20795  3.610  -40.091  20.243 0.6000000238
24549  3.411  -36.086  19.985 0.6000000238
22719  2.835  -37.232  19.945 0.6000000238
22744  3.658  -37.349  19.430 0.6000000238
23671  4.044  -36.484  18.936 0.6000000238
24574  3.811  -35.810  19.374 0.6000000238
26292  8.843  -32.793  16.844 0.6000000238
25409  5.129  -34.215  17.344 0.6000000238
26314  6.756  -32.736  16.811 0.6000000238
24572  5.765  -36.271  18.542 0.5000000000
26329  8.349  -32.277  15.927 0.6000000238
26294  6.254  -33.316  16.696 0.6000000238
25383  13.060  -34.886  18.546 0.6999999881
103766  13.918  -34.367  17.665 0.6999999881
25403  13.317  -34.225  17.633 0.6999999881
26270  9.145  -33.796  18.464 0.6999999881
25427  7.152  -33.493  16.461 0.6000000238
25408  6.433  -34.249  17.093 0.5000000000
25406  8.799  -34.543  16.502 0.6000000238
25407  7.807  -34.612  16.875 0.5000000000
27207  7.447  -31.934  16.111 0.6000000238
26312  8.094  -32.443  15.825 0.6000000238
117737  8.745  -32.775  15.902 0.6000000238
25402  14.416  -34.045  17.256 0.6999999881
25421  13.644  -33.770  16.852 0.5000000000
117673  12.896  -33.562  16.361 0.4000000060
25420  14.567  -33.808  16.804 0.4000000060
25443  13.645  -34.030  16.561 0.4000000060
105790  9.158  -75.385  14.697 0.5000000000
484  2.050  -72.940  16.151 0.6999999881
938  0.527  -71.402  17.127 0.6999999881
103176  -4.123  -54.183  27.516 0.8000000119
105028  3.153  -39.057  19.820 0.6000000238
24595  6.147  -35.391  17.981 0.5000000000
22745  3.361  -36.554  19.650 0.6000000238
298  9.490  -74.292  17.348 0.5000000000
290  9.329  -73.919  18.131 0.5000000000
460  9.988  -73.202  17.812 0.5000000000
1663  -2.142  -68.431  26.734 0.8000000119
1859  3.745  -68.775  11.701 0.5000000000
1509  2.090  -69.781  14.000 0.5000000000
1820  2.329  -69.134  13.326 0.5000000000
2184  3.133  -67.761  12.818 0.5000000000
8071  -3.856  -56.941  24.142 0.8000000119
9384  -3.253  -53.963  28.285 0.8000000119
12260  -3.176  -50.607  29.012 0.6000000238
17325  1.500  -44.220  23.870 0.6000000238
108539  3.363  -38.207  19.701 0.6000000238
26290  12.105  -33.384  17.068 0.6999999881
26310  10.821  -33.799  16.418 0.6000000238
26289  12.681  -33.401  16.665 0.6999999881
26309  11.721  -33.309  16.345 0.6000000238
8055  -4.440  -56.075  24.693 0.8000000119
26291  11.657  -33.383  16.867 0.6000000238
1665  -4.013  -69.271  27.889 0.8999999762
1664  -3.243  -68.887  27.223 0.8999999762
9485  -4.263  -54.752  22.568 0.8999999762
10153  -4.515  -53.921  23.984 0.8999999762
108449  -4.792  -50.204  27.996 0.6999999881
18165  -1.259  -42.156  22.867 0.6999999881
20772  1.259  -39.053  23.155 0.8000000119
11524  -4.752  -51.832  27.169 0.8000000119
13081  -5.052  -49.656  29.649 0.6999999881
25405  11.898  -34.183  17.879 0.6999999881
25404  12.605  -34.148  17.748 0.6999999881
1207  -0.094  -70.847  16.427 0.6999999881
328  10.204  -74.510  13.299 0.5000000000
106210  -5.218  -53.041  26.795 0.8000000119
24573  4.254  -35.395  18.694 0.6000000238
107995  4.693  -36.018  18.593 0.6000000238
1860  3.176  -68.886  12.274 0.5000000000
22720  1.528  -37.637  20.965 0.6000000238
23646  2.844  -36.738  20.481 0.6000000238
107874  10.674  -73.685  14.727 0.5000000000
2211  4.775  -67.743  10.719 0.5000000000
1206  0.664  -71.037  16.850 0.6000000238
7392  -5.172  -57.811  22.576 0.8000000119
7406  -5.143  -57.876  22.088 0.8000000119
6744  -5.211  -58.959  20.840 0.8999999762
7436  -4.743  -58.217  20.764 0.8999999762
107413  -5.435  -56.861  22.988 0.8000000119
7423  -5.037  -58.050  21.437 0.8000000119
8073  -5.246  -56.092  24.131 0.8000000119
8790  -5.097  -55.655  22.831 0.8000000119
9471  -4.698  -54.881  24.173 0.8000000119
9431  -5.314  -54.479  25.310 0.8000000119
106068  -3.930  -52.543  28.749 0.6999999881
9400  -5.055  -53.827  27.252 0.8000000119
119246  -5.179  -53.214  27.167 0.8000000119
13881  -4.177  -49.039  30.307 0.6000000238
12262  -4.510  -50.709  28.665 0.6999999881
116487  -4.840  -52.338  27.501 0.8000000119
18163  2.413  -43.686  23.104 0.6000000238
21733  0.887  -38.436  22.573 0.8000000119
20811  2.332  -39.315  20.116 0.6000000238
100739  9.712  -33.293  17.034 0.6000000238
26311  9.512  -33.118  16.205 0.6000000238
100884  10.645  -33.471  16.769 0.6999999881
26327  12.428  -33.198  15.987 0.5000000000
25445  11.720  -33.679  15.916 0.5000000000
2020  -2.129  -67.463  25.722 0.6999999881
2031  -3.013  -67.716  25.238 0.6999999881
2030  -2.361  -68.170  25.599 0.6999999881
3214  -4.381  -64.930  26.650 0.6000000238
2781  -4.352  -65.564  26.175 0.6000000238
2406  -3.710  -66.413  25.902 0.6000000238
2407  -4.345  -66.286  25.713 0.6999999881
2423  -3.029  -67.051  25.494 0.6999999881
101114  -4.515  -64.600  26.098 0.6000000238
118813  -4.503  -65.279  25.895 0.6000000238
2794  -4.640  -65.949  25.146 0.6999999881
2425  -4.546  -66.785  24.826 0.6999999881
4758  -4.728  -61.103  24.566 0.6999999881
4759  -4.892  -61.462  25.609 0.5000000000
100644  -4.621  -62.724  25.345 0.6000000238
110666  -4.953  -61.619  22.560 0.8000000119
114521  -4.728  -61.595  23.579 0.6999999881
3228  -4.584  -65.092  25.067 0.6000000238
3739  -4.506  -63.957  24.948 0.6000000238
5973  -4.614  -59.840  24.857 0.6000000238
5324  -4.935  -59.798  25.698 0.5000000000
5987  -4.666  -60.176  23.647 0.6999999881
5323  -4.690  -60.400  24.688 0.6999999881
5333  -4.768  -60.980  23.543 0.6999999881
5346  -5.249  -60.874  22.361 0.8000000119
99746  -4.513  -63.058  23.998 0.6999999881
4263  -4.775  -62.422  22.946 0.8000000119
118951  -4.486  -63.922  23.571 0.6999999881
114514  -4.367  -65.128  23.066 0.8000000119
5972  -4.211  -59.448  24.336 0.6000000238
5986  -4.478  -59.309  23.363 0.6999999881
5998  -5.042  -59.896  22.546 0.6999999881
6698  -3.727  -58.753  24.003 0.5000000000
6712  -4.411  -58.386  23.299 0.6999999881
6697  -2.940  -58.334  24.674 0.5000000000
7377  -3.468  -57.868  24.049 0.6999999881
7376  -2.944  -57.252  24.644 0.6000000238
8054  -3.354  -56.502  24.863 0.6000000238
8735  -3.843  -55.853  25.273 0.6999999881
16527  2.120  -45.309  23.752 0.5000000000
17340  2.730  -44.506  23.561 0.5000000000
118549  14.928  -34.713  17.747 0.5000000000
25401  15.032  -33.871  17.135 0.4000000060
8718  -2.752  -55.217  26.649 0.6999999881
2435  -4.635  -66.511  23.834 0.6999999881
449  9.742  -72.929  18.603 0.4000000060
4783  -4.896  -62.149  22.043 0.8000000119
9414  -3.856  -54.794  26.821 0.6999999881
110515  -2.990  -54.593  27.403 0.5000000000
2424  -4.019  -67.101  25.282 0.6999999881
4249  -4.657  -62.012  24.369 0.6999999881
119851  -2.195  -56.373  25.636 0.6000000238
22735  13.498  -39.248  18.386 0.3000000119
110706  13.290  -38.550  18.518 0.3000000119
22736  13.080  -39.097  19.005 0.4000000060
21823  13.796  -39.240  17.644 0.3000000119
22766  11.724  -38.166  19.334 0.4000000060
22765  12.608  -38.137  18.807 0.4000000060
19869  9.230  -41.827  20.803 0.3000000119
19014  10.132  -42.139  20.694 0.3000000119
0  4.561  -75.677  20.893 0.6999999881
6  6.120  -75.935  18.187 0.6999999881
11  5.591  -75.728  18.412 0.8000000119
13  5.690  -75.815  17.642 0.8000000119
25  1.278  -74.700  28.643 0.6000000238
26  0.626  -74.653  28.181 0.6000000238
33  0.366  -74.665  27.435 0.6000000238
47  1.802  -74.935  25.757 0.6000000238
49  0.558  -74.594  25.900 0.6999999881
65  1.661  -74.808  23.628 0.8000000119
67  4.754  -75.571  22.774 0.6000000238
77  3.154  -75.618  22.087 0.6000000238
82  3.342  -75.502  21.284 0.6999999881
84  2.171  -75.066  21.807 0.6999999881
90  3.913  -75.380  19.932 0.8000000119
100  8.110  -75.854  17.594 0.6000000238
103  5.323  -75.512  17.548 0.8000000119
104  4.995  -75.323  18.237 0.8000000119
112  6.230  -76.161  16.843 0.8000000119
113  5.846  -75.938  16.491 0.8000000119
118  8.372  -75.785  15.341 0.6999999881
121  5.849  -75.712  15.805 0.8000000119
126  6.354  -75.496  14.382 0.8999999762
138  0.867  -74.622  29.923 0.6000000238
150  -0.183  -74.531  28.354 0.6999999881
151  -0.728  -74.070  28.446 0.6999999881
155  -0.179  -74.517  27.137 0.6999999881
166  0.882  -74.604  25.169 0.6999999881
173  1.176  -74.260  23.413 1.0000000000
178  1.807  -74.947  22.118 1.0000000000
183  7.299  -74.845  20.188 0.5000000000
191  3.481  -75.130  19.999 0.8000000119
198  4.624  -75.121  18.526 0.8000000119
220  8.735  -74.711  11.748 0.8000000119
240  -0.427  -74.250  30.400 0.6999999881
247  -1.064  -73.426  28.428 0.8000000119
250  -0.674  -73.915  27.378 0.6999999881
251  -0.828  -73.901  28.047 0.6999999881
258  0.030  -74.231  25.908 0.8999999762
260  0.433  -74.000  24.551 1.0000000000
263  1.113  -73.986  22.769 1.0000000000
267  1.284  -74.140  22.685 1.0000000000
274  1.786  -74.416  21.848 0.8999999762
280  3.273  -74.641  20.288 0.8999999762
284  8.633  -74.066  19.258 0.5000000000
287  3.281  -74.925  20.132 0.8999999762
309  4.980  -75.188  16.994 0.8999999762
321  9.683  -74.915  14.630 0.5000000000
351  10.210  -73.041  9.606 0.6999999881
356  -0.865  -72.316  32.884 0.6999999881
367  -0.641  -72.868  32.389 0.6000000238
379  -1.287  -72.851  30.658 0.8000000119
385  -1.047  -72.829  28.317 0.8999999762
396  0.072  -73.372  26.441 1.0000000000
404  -0.102  -73.846  26.103 0.6999999881
421  2.264  -73.524  22.332 1.0000000000
432  1.736  -73.999  21.861 1.0000000000
438  3.678  -73.978  20.629 1.0000000000
445  1.062  -73.295  19.028 0.8999999762
455  1.069  -73.167  18.332 0.8000000119
462  5.212  -74.185  17.345 0.8999999762
463  3.106  -73.320  17.031 0.8000000119
472  2.861  -73.332  16.325 0.8000000119
474  1.839  -73.130  16.905 0.8000000119
482  3.230  -73.269  15.422 0.8999999762
512  7.801  -73.491  10.843 0.8000000119
530  8.592  -72.403  9.958 0.6999999881
586  -1.074  -72.472  30.755 1.0000000000
601  0.258  -72.430  28.855 1.0000000000
602  -0.704  -72.578  28.654 1.0000000000
605  3.349  -71.976  27.403 1.0000000000
623  1.719  -72.923  25.872 1.0000000000
630  2.617  -72.784  24.770 1.0000000000
633  4.404  -72.172  23.285 1.0000000000
662  1.971  -72.911  20.138 0.8999999762
665  -0.532  -71.944  20.395 0.8999999762
675  -0.768  -71.722  19.736 0.8999999762
679  6.324  -72.343  18.794 0.8999999762
692  3.860  -72.962  17.096 0.8999999762
722  3.896  -72.643  14.283 0.8999999762
761  9.772  -72.074  9.152 0.6000000238
819  0.819  -71.406  30.247 1.0000000000
827  3.417  -70.887  28.560 1.0000000000
848  4.607  -71.495  27.000 1.0000000000
853  -2.782  -70.810  25.685 1.0000000000
856  5.402  -71.191  25.969 1.0000000000
860  -2.799  -70.665  24.872 1.0000000000
868  4.758  -71.726  24.672 1.0000000000
870  -2.036  -71.015  24.232 1.0000000000
871  -2.624  -70.790  24.350 1.0000000000
878  -2.639  -70.769  23.732 1.0000000000
901  5.758  -71.891  20.845 1.0000000000
904  0.615  -72.282  20.894 0.8999999762
906  -0.881  -71.417  20.798 0.8999999762
907  -1.105  -71.225  20.199 0.8000000119
912  2.608  -72.430  20.122 0.8999999762
917  7.455  -71.272  18.410 1.0000000000
919  4.639  -71.349  18.719 0.8999999762
944  8.904  -71.278  14.839 0.8999999762
956  2.462  -71.436  13.902 0.6999999881
959  9.025  -70.812  14.091 0.8999999762
962  3.936  -71.500  13.116 0.8999999762
971  3.287  -71.029  12.894 0.6999999881
979  6.234  -70.399  10.239 0.6999999881
983  8.057  -71.207  9.476 0.5000000000
1058  -0.397  -69.847  29.288 1.0000000000
1100  -0.297  -71.245  24.674 1.0000000000
1101  -3.034  -70.334  24.736 1.0000000000
1111  6.351  -70.410  24.875 1.0000000000
1115  -1.590  -71.002  23.802 1.0000000000
1116  -3.138  -70.198  23.906 1.0000000000
1129  -2.639  -70.551  23.207 1.0000000000
1130  -2.940  -70.450  23.430 1.0000000000
1170  -1.375  -70.492  19.919 0.8000000119
1174  9.740  -69.934  17.517 0.8999999762
1180  -1.807  -69.348  18.780 0.8000000119
1195  -1.927  -70.028  17.329 0.8000000119
1196  -1.891  -69.550  18.175 0.8000000119
1217  -0.529  -70.482  15.522 0.6000000238
1219  -1.761  -70.173  15.439 0.6999999881
1223  8.997  -70.473  14.299 0.8999999762
1228  -1.117  -70.288  14.952 0.6999999881
1248  3.439  -69.777  12.415 0.8000000119
1249  5.522  -70.019  10.599 0.6999999881
1251  4.355  -69.292  11.176 0.6999999881
1255  5.079  -69.452  10.176 0.6999999881
1312  -3.743  -69.009  33.410 0.8000000119
1329  0.132  -69.800  30.935 1.0000000000
1337  2.941  -69.801  28.649 1.0000000000
1342  -4.620  -69.001  29.100 1.0000000000
1347  4.256  -69.969  28.230 1.0000000000
1359  5.758  -69.466  27.807 1.0000000000
1361  3.401  -69.569  27.571 1.0000000000
1371  6.942  -69.124  27.381 1.0000000000
1372  4.795  -69.085  27.360 1.0000000000
1401  -0.984  -70.163  23.333 1.0000000000
1402  -2.696  -70.076  22.747 1.0000000000
1403  -3.214  -69.884  23.189 1.0000000000
1408  8.209  -68.725  22.149 1.0000000000
1410  6.770  -69.670  22.787 1.0000000000
1411  3.822  -69.149  22.532 1.0000000000
1414  -3.203  -69.453  22.522 1.0000000000
1418  5.279  -69.379  21.359 1.0000000000
1433  -1.256  -70.147  20.331 0.8999999762
1436  10.492  -68.399  18.546 1.0000000000
1448  10.479  -68.936  17.685 0.8999999762
1449  10.234  -69.390  17.534 0.8999999762
1457  -1.866  -69.114  18.889 0.8000000119
1470  6.869  -69.440  17.234 0.8999999762
1480  10.342  -69.031  16.813 0.8999999762
1482  8.458  -69.209  15.919 0.8999999762
1511  -1.177  -70.058  14.178 0.6000000238
1519  2.248  -69.994  13.248 0.5000000000
1529  2.698  -69.351  12.726 0.5000000000
1544  4.555  -69.059  10.544 0.6999999881
1626  -3.420  -68.092  33.475 0.6999999881
1656  -3.553  -68.532  28.161 0.8999999762
1657  -4.372  -68.762  28.682 0.8999999762
1673  5.304  -68.589  26.845 1.0000000000
1674  -2.275  -68.480  26.040 0.6999999881
1687  8.335  -68.128  25.490 1.0000000000
1690  3.804  -69.155  24.605 1.0000000000
1696  -3.940  -68.279  23.123 1.0000000000
1705  -3.641  -69.012  23.319 1.0000000000
1733  6.646  -68.424  20.645 1.0000000000
1739  10.565  -67.867  19.567 1.0000000000
1744  -1.447  -68.931  19.331 0.8999999762
1752  7.605  -68.291  18.197 1.0000000000
1768  10.302  -68.703  17.132 0.8999999762
1774  -2.166  -68.289  17.891 0.8999999762
1775  -2.173  -68.275  17.725 0.8999999762
1786  -2.844  -68.196  16.342 0.8000000119
1808  -2.219  -69.066  13.592 0.6999999881
1822  -2.365  -68.539  12.795 0.6000000238
1837  3.408  -68.325  12.096 0.5000000000
1838  2.815  -68.575  12.721 0.5000000000
1858  4.240  -68.086  10.955 0.6000000238
1975  -4.100  -67.989  32.060 1.0000000000
2012  -1.419  -67.809  27.311 0.6000000238
2016  7.402  -67.565  26.546 1.0000000000
2019  -1.584  -67.928  26.366 0.8000000119
2023  8.632  -67.343  25.512 1.0000000000
2040  2.488  -68.030  24.631 1.0000000000
2041  1.563  -67.751  24.737 1.0000000000
2052  -3.125  -67.622  22.329 1.0000000000
2059  6.173  -67.247  22.271 1.0000000000
2060  5.442  -67.485  22.424 1.0000000000
2064  2.126  -68.047  22.321 1.0000000000
2065  -3.227  -68.596  22.177 1.0000000000
2073  10.508  -67.252  20.272 1.0000000000
2076  0.031  -67.555  20.221 1.0000000000
2099  8.878  -67.513  18.306 1.0000000000
2100  8.061  -67.716  18.654 1.0000000000
2105  -1.674  -67.900  18.062 1.0000000000
2113  10.149  -68.166  17.720 0.8999999762
2119  -2.180  -67.768  17.502 0.8999999762
2403  7.301  -66.829  25.901 1.0000000000
2413  8.371  -66.370  25.642 1.0000000000
2416  5.979  -66.707  25.046 1.0000000000
2430  9.866  -65.681  23.701 1.0000000000
2431  9.683  -65.918  24.306 1.0000000000
2432  0.720  -66.598  24.803 1.0000000000
2441  -2.052  -67.091  22.922 1.0000000000
2442  -4.075  -67.269  22.542 1.0000000000
2463  10.413  -66.776  20.311 1.0000000000
2464  10.211  -66.378  20.453 1.0000000000
2467  0.288  -66.894  20.607 1.0000000000
2468  0.091  -66.752  20.050 1.0000000000
2477  9.346  -66.550  19.878 1.0000000000
2514  -3.064  -66.969  16.348 0.8999999762
2576  -3.778  -66.240  11.341 0.5000000000
2582  -3.422  -67.201  11.286 0.5000000000
2780  -4.096  -65.767  26.431 0.6000000238
2786  6.777  -65.423  24.936 1.0000000000
2789  4.623  -65.123  24.946 1.0000000000
2799  9.827  -65.290  24.023 1.0000000000
2800  -1.521  -65.899  23.924 1.0000000000
2806  -3.102  -66.053  22.897 1.0000000000
2811  9.804  -65.408  22.369 1.0000000000
2818  1.623  -65.040  22.283 1.0000000000
2822  10.136  -65.877  21.626 1.0000000000
2824  9.266  -65.744  21.492 1.0000000000
2831  10.306  -66.330  20.909 1.0000000000
2865  -1.153  -65.458  16.824 1.0000000000
2903  -2.977  -65.612  15.482 0.8999999762
2934  -4.197  -65.267  11.877 0.5000000000
3218  9.306  -64.674  24.461 1.0000000000
3219  8.736  -64.510  24.701 1.0000000000
3221  6.470  -63.884  24.872 1.0000000000
3224  2.583  -64.840  25.809 1.0000000000
3231  9.440  -64.375  24.040 1.0000000000
3235  -2.705  -64.763  23.140 1.0000000000
3236  -4.490  -64.703  23.857 0.8999999762
3241  9.448  -64.504  23.665 1.0000000000
3254  4.951  -64.096  22.689 1.0000000000
3275  0.046  -64.204  21.090 1.0000000000
3336  -1.436  -64.621  15.846 1.0000000000
3347  -3.324  -64.112  15.325 0.8999999762
3402  -4.897  -64.071  11.678 0.5000000000
3722  0.278  -62.847  26.383 1.0000000000
3730  8.368  -63.848  24.469 1.0000000000
3746  8.963  -63.921  23.976 1.0000000000
3748  7.596  -62.971  24.241 1.0000000000
3756  8.270  -63.455  23.938 1.0000000000
3757  7.568  -63.035  23.753 1.0000000000
3764  -3.975  -64.368  22.055 1.0000000000
3807  -0.008  -63.017  20.537 1.0000000000
4230  4.646  -62.405  26.105 1.0000000000
4233  1.824  -62.945  27.139 1.0000000000
4236  -4.609  -63.600  26.347 0.6000000238
4243  7.158  -62.883  24.416 1.0000000000
4244  6.493  -62.859  24.623 1.0000000000
4257  6.791  -62.629  24.298 1.0000000000
4262  -2.044  -62.669  23.750 1.0000000000
4269  7.055  -62.597  23.948 1.0000000000
4284  -3.005  -62.729  22.095 1.0000000000
4293  -4.415  -62.394  21.450 0.8999999762
4362  -0.598  -62.787  15.280 1.0000000000
4365  -4.073  -62.714  16.016 0.8999999762
4389  -5.134  -62.294  13.316 0.6000000238
4794  0.700  -61.866  22.380 1.0000000000
4826  0.792  -62.310  19.785 1.0000000000
5322  -1.020  -60.782  25.391 1.0000000000
5332  -1.412  -61.044  24.515 1.0000000000
5378  -5.240  -60.683  20.920 0.8999999762
5379  -5.464  -59.998  20.955 0.8999999762
5387  -4.531  -59.725  20.187 1.0000000000
5425  3.419  -60.211  16.931 1.0000000000
5428  -3.200  -60.216  17.266 0.8999999762
5439  2.901  -60.318  16.356 1.0000000000
5440  2.338  -60.320  15.860 1.0000000000
5441  -2.053  -60.342  16.259 1.0000000000
5971  -0.105  -59.395  24.947 1.0000000000
6009  -5.512  -59.627  21.479 0.8999999762
6045  -5.335  -59.618  20.802 0.8999999762
6080  4.420  -59.225  17.348 1.0000000000
6123  -4.336  -60.024  17.100 0.8999999762
6728  -5.346  -58.868  21.477 0.8000000119
6755  -4.494  -58.849  20.172 0.8999999762
6761  6.462  -58.173  19.352 1.0000000000
6768  5.139  -58.940  17.838 1.0000000000
6783  1.563  -58.346  17.815 1.0000000000
6810  -4.363  -58.448  15.633 0.8000000119
7393  -5.258  -56.799  22.683 0.8000000119
7419  6.968  -57.564  21.299 1.0000000000
7420  6.063  -57.835  21.419 1.0000000000
7435  -4.119  -57.901  20.286 0.8999999762
7445  6.833  -57.469  19.469 1.0000000000
7446  2.425  -57.186  19.313 1.0000000000
7462  0.126  -57.915  18.963 1.0000000000
7477  -3.912  -57.729  18.033 1.0000000000
7488  -4.312  -57.421  16.748 1.0000000000
8038  -2.455  -55.802  26.037 0.6000000238
8047  6.286  -56.315  25.294 1.0000000000
8072  -4.996  -56.362  23.963 0.8000000119
8086  7.699  -56.533  23.294 1.0000000000
8092  -5.207  -55.862  23.861 0.8000000119
8103  8.131  -55.893  22.218 1.0000000000
8104  7.780  -56.505  22.424 1.0000000000
8108  -5.016  -55.995  22.305 0.8999999762
8126  7.730  -56.647  21.147 1.0000000000
8140  3.219  -56.337  20.181 1.0000000000
8164  -4.083  -56.133  18.026 1.0000000000
8734  -2.948  -56.084  25.471 0.6000000238
8736  -5.339  -54.823  25.268 0.8000000119
8737  -5.264  -54.890  25.015 0.8000000119
8753  -5.098  -55.505  24.540 0.8000000119
8755  -4.868  -55.242  24.409 0.8000000119
8773  -4.876  -55.581  23.576 0.8000000119
8785  8.442  -55.137  22.274 1.0000000000
8786  -1.568  -55.631  22.121 1.0000000000
8791  -5.190  -55.627  22.819 0.8000000119
8810  7.716  -55.947  20.521 1.0000000000
8814  4.089  -56.086  20.039 1.0000000000
8816  1.621  -55.556  20.985 1.0000000000
8821  7.347  -56.214  20.057 1.0000000000
8823  5.789  -55.623  19.791 1.0000000000
8826  -1.575  -55.461  19.464 1.0000000000
8831  -3.600  -55.713  18.705 1.0000000000
9401  -5.295  -53.595  26.801 0.8000000119
9408  5.302  -54.637  26.410 1.0000000000
9415  -5.261  -54.259  26.503 0.8000000119
9432  -5.042  -54.742  24.844 0.8000000119
9446  -0.200  -54.110  23.868 1.0000000000
9466  8.677  -54.757  23.669 1.0000000000
9468  -2.749  -54.250  22.900 1.0000000000
9469  -4.376  -54.362  23.321 0.8999999762
9470  -4.620  -54.544  24.019 0.8000000119
9482  9.194  -53.745  22.984 1.0000000000
9483  8.837  -54.538  22.817 1.0000000000
9486  -4.684  -55.205  23.282 0.8000000119
9490  8.252  -54.896  21.711 1.0000000000
9496  1.599  -54.784  21.410 1.0000000000
9502  7.561  -55.275  20.697 1.0000000000
9512  -0.797  -55.086  19.974 1.0000000000
9521  -3.738  -54.218  18.534 0.8999999762
9549  -3.381  -54.342  16.561 0.6000000238
10065  5.721  -53.575  28.696 1.0000000000
10073  -5.016  -52.865  27.450 0.8000000119
10082  7.823  -53.274  27.449 1.0000000000
10088  1.578  -53.039  27.459 1.0000000000
10091  -5.059  -53.233  27.428 0.8000000119
10099  9.605  -52.620  26.000 1.0000000000
10100  8.999  -53.118  26.290 1.0000000000
10103  6.155  -53.900  26.773 1.0000000000
10118  0.446  -53.288  25.232 1.0000000000
10119  -0.445  -53.132  25.077 1.0000000000
10161  8.206  -53.333  22.142 1.0000000000
10164  4.731  -53.857  22.374 1.0000000000
10166  1.555  -53.311  22.315 1.0000000000
10167  0.820  -52.846  22.314 1.0000000000
10171  8.212  -54.131  21.835 1.0000000000
10177  1.690  -54.056  21.900 1.0000000000
10718  3.867  -52.066  32.058 1.0000000000
10719  3.325  -51.947  32.057 1.0000000000
10735  5.018  -52.219  31.268 1.0000000000
10749  5.993  -52.273  30.361 1.0000000000
10751  4.686  -52.594  30.715 1.0000000000
10752  3.984  -52.620  30.642 1.0000000000
10765  7.148  -52.122  29.313 1.0000000000
10767  5.818  -52.801  29.998 1.0000000000
10768  3.004  -52.450  29.378 1.0000000000
10779  7.063  -52.720  29.112 1.0000000000
10786  -4.502  -52.415  28.435 0.8000000119
10787  -4.791  -52.374  28.058 0.8000000119
10788  -5.010  -52.463  26.883 0.8000000119
10806  9.751  -51.976  26.151 1.0000000000
10808  -0.382  -52.654  26.308 1.0000000000
10840  9.874  -52.513  24.353 1.0000000000
10854  9.416  -52.963  23.174 1.0000000000
10858  4.428  -52.554  23.319 1.0000000000
10860  2.620  -52.106  23.424 1.0000000000
10870  8.629  -52.737  22.667 1.0000000000
10879  -0.665  -52.004  22.536 1.0000000000
10887  -2.083  -52.036  21.741 1.0000000000
10915  -3.619  -51.910  20.037 1.0000000000
11449  4.126  -51.557  32.538 1.0000000000
11492  6.802  -51.513  29.670 1.0000000000
11503  7.711  -51.508  28.632 1.0000000000
11505  1.596  -51.723  28.677 1.0000000000
11508  -3.244  -51.979  28.902 0.6999999881
11510  -4.531  -51.645  28.432 0.8000000119
11520  8.763  -51.465  27.536 1.0000000000
11522  -0.202  -51.537  27.174 1.0000000000
11558  9.778  -51.782  24.580 1.0000000000
11575  4.598  -51.815  23.763 1.0000000000
11589  8.257  -52.120  22.904 1.0000000000
11590  7.312  -52.147  22.997 1.0000000000
11592  -0.037  -51.847  22.981 1.0000000000
11630  -3.532  -51.034  19.641 1.0000000000
12179  2.976  -50.506  33.641 1.0000000000
12180  2.333  -50.503  33.260 1.0000000000
12198  2.360  -50.918  32.488 1.0000000000
12219  5.751  -50.422  30.641 1.0000000000
12220  2.443  -51.207  31.432 1.0000000000
12236  7.209  -51.025  28.996 1.0000000000
12272  8.414  -50.971  27.799 1.0000000000
12278  -4.669  -51.101  27.606 0.8000000119
12290  -2.451  -50.628  26.251 1.0000000000
12294  -4.571  -51.103  26.912 0.8999999762
12301  9.321  -50.715  25.733 1.0000000000
12302  8.648  -50.154  26.082 1.0000000000
12313  -0.734  -49.926  24.540 1.0000000000
12317  5.887  -50.691  24.183 1.0000000000
12409  -3.268  -50.054  19.058 0.8999999762
13006  2.785  -49.263  34.323 1.0000000000
13022  2.334  -49.847  33.877 1.0000000000
13023  1.622  -49.349  33.676 1.0000000000
13024  1.163  -48.828  33.266 1.0000000000
13050  5.451  -49.648  31.498 1.0000000000
13079  -3.962  -50.051  29.288 0.6000000238
13080  -4.736  -49.681  29.925 0.6000000238
13111  13.319  -49.240  27.481 1.0000000000
13125  13.331  -49.117  27.406 1.0000000000
13131  -4.415  -50.169  27.130 0.8999999762
13134  8.215  -49.663  25.474 1.0000000000
13210  -2.817  -49.080  19.138 0.6999999881
13211  -3.029  -49.616  19.748 0.8999999762
13786  3.411  -48.571  34.382 1.0000000000
13789  1.105  -48.049  34.138 1.0000000000
13805  0.917  -48.130  33.624 1.0000000000
13835  0.520  -47.829  30.961 1.0000000000
13852  1.010  -48.863  30.381 1.0000000000
13882  -5.065  -49.071  30.242 0.6999999881
13891  9.459  -48.380  28.319 1.0000000000
13894  0.722  -48.394  28.780 1.0000000000
13896  -1.166  -47.686  27.673 1.0000000000
13897  -1.980  -47.796  27.453 1.0000000000
13905  13.368  -49.070  27.399 1.0000000000
13937  5.476  -48.744  24.715 1.0000000000
13963  -2.371  -48.540  22.114 1.0000000000
14656  4.014  -47.868  34.254 1.0000000000
14659  1.389  -47.544  34.296 1.0000000000
14671  0.599  -47.466  33.162 1.0000000000
14698  0.075  -47.208  31.132 1.0000000000
14717  -4.735  -47.250  30.407 0.6000000238
14735  0.299  -47.662  29.535 1.0000000000
14739  -4.997  -47.206  29.490 0.8000000119
14751  -0.326  -47.306  28.505 1.0000000000
14752  -0.858  -47.129  28.030 1.0000000000
14754  -3.194  -47.265  28.406 1.0000000000
15560  2.754  -46.855  34.215 1.0000000000
15562  1.102  -46.973  34.161 1.0000000000
15570  2.902  -46.097  33.913 1.0000000000
15571  1.314  -46.344  33.960 1.0000000000
15576  7.620  -46.440  32.934 1.0000000000
15577  0.293  -46.786  32.779 1.0000000000
15622  -4.603  -47.056  29.454 0.6999999881
15679  -2.704  -45.879  23.445 1.0000000000
15689  0.006  -46.302  22.541 0.6000000238
15691  -1.829  -46.276  22.343 0.8999999762
16402  2.133  -46.191  34.012 1.0000000000
16425  4.634  -44.933  33.079 0.8999999762
16447  -1.949  -45.261  30.746 0.8999999762
16454  -2.437  -45.162  30.195 0.8999999762
16470  -4.215  -46.572  29.756 0.6999999881
16530  -2.171  -44.296  22.867 0.8999999762
17221  1.991  -44.986  33.222 1.0000000000
17246  -0.904  -44.397  31.612 0.8999999762
17253  -1.571  -44.346  31.032 0.8999999762
17263  -3.821  -43.563  29.642 0.6999999881
17276  -3.731  -45.540  29.951 0.8000000119
17286  5.810  -44.867  26.439 1.0000000000
17311  -1.134  -43.792  25.384 1.0000000000
17326  0.117  -43.595  23.567 0.6999999881
18032  1.927  -43.707  32.373 0.8999999762
18033  0.958  -43.920  32.183 0.8999999762
18052  7.630  -42.873  31.038 0.8999999762
18083  -3.224  -43.262  28.976 0.6999999881
18084  -3.559  -43.057  28.916 0.6999999881
18085  -3.918  -42.970  29.149 0.6999999881
18127  -1.969  -42.783  24.919 0.8999999762
18853  5.198  -42.321  31.044 0.8999999762
18854  4.593  -42.502  31.481 0.8999999762
18865  5.712  -42.238  30.487 0.8999999762
18867  3.492  -41.779  30.906 0.8999999762
18885  -2.720  -42.582  28.665 0.8000000119
18886  -4.008  -42.236  29.275 0.6000000238
19745  -2.691  -40.955  27.960 0.6999999881
19746  -3.586  -41.499  28.718 0.6000000238
19760  6.739  -41.958  26.518 0.8999999762
19782  20.521  -40.342  25.245 0.6999999881
19793  21.286  -41.665  24.340 0.6999999881
19794  20.913  -41.526  24.743 0.6999999881
20659  -2.608  -40.032  28.898 0.6000000238
20660  -3.093  -40.433  29.284 0.6000000238
20676  -2.908  -40.288  28.409 0.6000000238
20690  -2.789  -40.457  27.973 0.6999999881
20691  -3.117  -40.830  28.207 0.6000000238
20700  8.991  -39.766  27.187 0.5000000000
20714  9.133  -39.763  25.700 0.8000000119
20716  5.296  -39.923  25.142 0.8999999762
20735  22.034  -41.012  24.599 0.6999999881
20741  21.531  -41.293  23.882 0.6999999881
20774  -0.321  -39.968  22.632 0.8000000119
21675  0.806  -38.390  26.611 0.6999999881
21687  6.577  -38.886  26.022 0.6999999881
21698  21.672  -39.955  26.323 0.6999999881
21699  7.748  -39.528  25.517 0.8999999762
21700  7.140  -39.232  25.179 0.8000000119
21701  6.436  -39.189  25.084 0.6999999881
21702  5.708  -39.270  25.175 0.8999999762
21714  22.001  -40.682  23.722 0.6000000238
21715  21.187  -40.758  23.160 0.6999999881
22596  3.214  -37.782  26.637 0.6999999881
22597  1.033  -37.822  26.915 0.6999999881
22614  6.183  -38.857  25.690 0.6999999881
22625  22.504  -39.970  24.614 0.6000000238
22628  6.117  -38.958  25.252 0.6999999881
22634  22.401  -40.213  23.952 0.6000000238
22635  22.455  -39.666  23.712 0.6000000238
22642  21.465  -40.147  22.866 0.6000000238
22663  1.485  -37.879  21.968 0.6999999881
23543  1.507  -37.595  27.437 0.6000000238
23550  1.904  -37.550  26.908 0.6000000238
23562  2.557  -37.678  26.588 0.8000000119
23599  10.397  -37.657  22.194 1.0000000000
24548  3.817  -35.535  19.886 0.6000000238
25371  4.309  -34.751  19.594 0.6999999881
25410  4.672  -34.722  18.270 0.6999999881
25426  8.207  -33.331  16.009 0.6000000238
26258  5.597  -33.330  19.253 0.6999999881
26271  7.231  -33.323  18.822 0.6999999881
26273  5.462  -33.237  18.589 0.6999999881
26308  12.131  -33.115  16.332 0.6000000238
26313  7.305  -32.515  15.934 0.6000000238
26328  12.131  -33.231  15.987 0.5000000000
26330  7.821  -32.231  15.846 0.6000000238
27179  7.423  -32.840  17.753 0.6999999881
27189  7.903  -32.223  16.811 0.6999999881
27190  7.053  -32.549  17.092 0.6000000238
27191  6.230  -32.933  17.823 0.6000000238
99133  12.584  -48.903  27.219 1.0000000000
99157  0.552  -38.306  29.134 0.6000000238
99162  -0.149  -38.843  26.695 0.6999999881
99163  -0.413  -38.734  27.247 0.6999999881
99573  13.052  -49.088  27.520 1.0000000000
99902  6.122  -63.211  24.911 1.0000000000
100125  -5.196  -61.622  21.723 0.8000000119
101415  -3.235  -66.960  14.612 0.6999999881
101424  1.228  -74.660  28.030 0.6000000238
101473  4.828  -41.841  27.503 0.8999999762
101474  -3.486  -67.359  12.827 0.6999999881
102092  13.213  -47.883  26.205 1.0000000000
102192  -3.117  -50.478  21.276 1.0000000000
102208  1.931  -62.006  27.297 1.0000000000
102559  -2.256  -49.628  23.673 1.0000000000
102592  -1.991  -69.803  22.824 1.0000000000
102684  -4.058  -42.219  30.217 0.6000000238
102726  -2.970  -68.440  13.743 0.6999999881
103102  1.517  -49.580  30.940 1.0000000000
103456  -3.660  -54.396  17.960 0.8000000119
103600  4.714  -72.466  14.614 0.8999999762
103970  4.258  -50.310  33.372 1.0000000000
104064  4.309  -57.198  26.096 1.0000000000
104279  0.420  -73.778  24.781 1.0000000000
104556  -3.757  -55.937  16.721 0.8000000119
104895  2.965  -69.640  28.192 1.0000000000
104962  5.179  -75.583  19.278 0.6999999881
105012  9.898  -66.144  20.401 1.0000000000
105024  3.515  -38.290  25.912 0.8999999762
105263  -1.121  -47.098  21.971 0.6999999881
105309  -3.936  -46.000  30.334 0.6000000238
105604  -3.169  -68.266  25.108 0.6999999881
105775  3.665  -75.742  21.811 0.6999999881
105786  7.172  -70.771  12.144 0.8999999762
105821  3.738  -72.675  22.881 1.0000000000
105949  5.200  -46.423  33.700 1.0000000000
106057  2.737  -75.141  21.310 0.6999999881
106278  9.962  -65.601  22.385 1.0000000000
106482  7.009  -73.368  11.394 0.8000000119
106939  9.083  -65.299  24.931 1.0000000000
107500  -5.196  -47.820  29.552 0.6999999881
107837  -3.243  -51.559  16.307 0.6000000238
107929  5.981  -42.052  26.868 0.8999999762
108235  1.033  -69.548  29.342 1.0000000000
108586  1.695  -73.316  17.733 0.8000000119
108945  2.309  -59.814  15.950 1.0000000000
109664  -4.406  -67.295  24.713 0.6999999881
109697  -0.698  -55.934  19.577 1.0000000000
109744  0.851  -57.824  18.954 1.0000000000
109882  0.250  -48.305  28.144 1.0000000000
109899  20.914  -39.723  22.822 0.6000000238
110164  -2.061  -71.081  28.497 1.0000000000
110358  -0.613  -60.758  26.122 1.0000000000
110499  8.538  -75.268  13.349 0.6999999881
110789  2.191  -72.253  15.261 0.5000000000
110996  -0.987  -73.616  30.512 0.8000000119
111236  -3.274  -63.521  15.514 0.8999999762
111453  0.771  -51.876  27.839 1.0000000000
111480  -3.765  -60.151  20.238 1.0000000000
111728  0.059  -62.889  21.413 1.0000000000
111794  -4.265  -68.441  31.747 1.0000000000
111923  -4.558  -68.967  29.687 1.0000000000
111965  8.880  -64.569  23.203 1.0000000000
112035  5.339  -62.432  24.645 1.0000000000
112230  6.412  -50.655  29.626 1.0000000000
112270  4.794  -58.716  24.241 1.0000000000
112725  6.618  -68.890  19.435 1.0000000000
112824  1.920  -74.760  21.816 0.8999999762
112859  4.514  -75.386  19.398 0.8000000119
113086  4.456  -68.798  10.515 0.5000000000
113097  -3.710  -54.294  22.879 1.0000000000
113501  -3.291  -55.189  19.059 1.0000000000
113694  0.121  -71.851  30.529 1.0000000000
113717  -3.763  -55.609  17.246 0.8999999762
113852  5.915  -56.919  18.557 1.0000000000
114164  -0.553  -63.461  15.853 1.0000000000
114260  3.429  -62.723  27.158 1.0000000000
114480  -3.861  -55.628  17.831 1.0000000000
114650  1.098  -74.722  26.878 0.6000000238
114817  -1.804  -69.542  19.184 0.8000000119
114987  0.400  -64.736  21.520 1.0000000000
115228  4.021  -73.053  21.712 1.0000000000
115369  5.717  -70.953  24.715 1.0000000000
115457  -1.551  -70.347  16.629 0.8000000119
115633  2.454  -60.418  27.358 1.0000000000
115762  0.699  -74.027  23.896 0.8999999762
115811  3.902  -68.412  11.444 0.6000000238
115934  22.427  -39.867  25.415 0.6999999881
116121  4.244  -45.407  33.360 0.8999999762
116128  10.301  -66.317  21.371 1.0000000000
116277  9.192  -70.528  14.587 0.8999999762
116629  -3.835  -57.218  20.637 1.0000000000
116687  4.172  -75.016  19.061 0.8999999762
116834  -1.626  -63.746  24.452 1.0000000000
117095  6.844  -67.967  21.114 1.0000000000
117179  -2.682  -57.114  18.474 1.0000000000
117451  9.867  -73.869  11.089 0.6999999881
117485  5.543  -72.747  19.890 1.0000000000
117582  -0.932  -73.015  31.829 0.6999999881
117609  2.823  -70.769  12.961 0.6999999881
117970  1.359  -41.340  29.736 0.8999999762
118187  2.541  -38.036  25.999 0.8000000119
118222  1.138  -68.518  22.133 1.0000000000
118513  5.573  -71.853  15.917 0.8999999762
118606  5.715  -70.409  27.499 1.0000000000
118697  1.180  -62.066  16.542 1.0000000000
119351  3.077  -40.014  26.735 0.8999999762
119408  1.692  -49.820  25.221 1.0000000000
119689  -2.274  -62.778  15.272 0.8999999762
119722  6.210  -47.638  26.687 1.0000000000
119732  0.786  -45.448  26.907 1.0000000000
119825  8.200  -75.887  16.457 0.6000000238
119930  6.733  -44.738  32.877 1.0000000000
120297  3.007  -41.143  29.497 0.8999999762
120348  0.151  -67.881  20.699 1.0000000000
120394  -2.715  -57.832  24.713 0.6000000238
120399  9.666  -64.854  24.169 1.0000000000
120459  -3.076  -44.190  23.894 0.8999999762
120549  6.820  -64.566  24.878 1.0000000000
120557  -4.393  -52.833  28.470 0.6999999881
120787  -1.938  -43.401  22.806 0.8999999762
120793  0.317  -46.173  33.182 1.0000000000
