global_signal	global_signal_derivative1	global_signal_derivative1_power2	global_signal_power2	csf	csf_derivative1	csf_derivative1_power2	csf_power2	white_matter	white_matter_derivative1	white_matter_power2	white_matter_derivative1_power2	csf_wm	tcompcor	std_dvars	dvars	framewise_displacement	rmsd	t_comp_cor_00	t_comp_cor_01	t_comp_cor_02	t_comp_cor_03	c_comp_cor_00	c_comp_cor_01	c_comp_cor_02	c_comp_cor_03	c_comp_cor_04	c_comp_cor_05	w_comp_cor_00	w_comp_cor_01	w_comp_cor_02	w_comp_cor_03	w_comp_cor_04	w_comp_cor_05	w_comp_cor_06	w_comp_cor_07	w_comp_cor_08	w_comp_cor_09	w_comp_cor_10	w_comp_cor_11	w_comp_cor_12	w_comp_cor_13	w_comp_cor_14	w_comp_cor_15	w_comp_cor_16	w_comp_cor_17	w_comp_cor_18	w_comp_cor_19	w_comp_cor_20	w_comp_cor_21	a_comp_cor_00	a_comp_cor_01	a_comp_cor_02	a_comp_cor_03	a_comp_cor_04	a_comp_cor_05	a_comp_cor_06	a_comp_cor_07	a_comp_cor_08	a_comp_cor_09	a_comp_cor_10	a_comp_cor_11	a_comp_cor_12	a_comp_cor_13	a_comp_cor_14	a_comp_cor_15	a_comp_cor_16	a_comp_cor_17	edge_comp_00	edge_comp_01	edge_comp_02	edge_comp_03	edge_comp_04	edge_comp_05	edge_comp_06	edge_comp_07	edge_comp_08	edge_comp_09	edge_comp_10	edge_comp_11	edge_comp_12	edge_comp_13	edge_comp_14	edge_comp_15	edge_comp_16	edge_comp_17	edge_comp_18	edge_comp_19	edge_comp_20	edge_comp_21	edge_comp_22	edge_comp_23	cosine00	cosine01	trans_x	trans_x_derivative1	trans_x_power2	trans_x_derivative1_power2	trans_y	trans_y_derivative1	trans_y_derivative1_power2	trans_y_power2	trans_z	trans_z_derivative1	trans_z_derivative1_power2	trans_z_power2	rot_x	rot_x_derivative1	rot_x_derivative1_power2	rot_x_power2	rot_y	rot_y_derivative1	rot_y_derivative1_power2	rot_y_power2	rot_z	rot_z_derivative1	rot_z_power2	rot_z_derivative1_power2	motion_outlier00	motion_outlier01	motion_outlier02
1058.7441787783732	n/a	n/a	1120939.236097092	1568.3902767651705	n/a	n/a	2459848.060251528	1028.6610534161453	n/a	1058143.5628152136	n/a	1151.35719346666	1066.9481353045342	n/a	n/a	n/a	n/a	-0.170820985	-0.0124486286	0.0068808295	0.1139137822	-0.174770652	0.0962395758	-0.0019045813	0.0736955825	-0.1316101935	0.0356720282	-0.1208043243	0.0625893388	-0.1776253267	0.0617784142	-0.038440396	0.019723	-0.0692235213	0.1475905229	-0.0812704425	0.0904933287	-0.0697440698	0.0085967607	-0.1195795882	0.1518872164	-0.0328246629	0.0003197312	0.0582189211	-0.0509595475	0.0086886202	0.1896655182	-0.0774395143	0.0234358251	-0.1302967266	0.0889414139	0.0566491583	-0.1121436815	0.1152300247	-0.150127709	0.0217569062	-0.0149173968	0.1190900049	-0.0795706482	0.0216336895	-0.1643123331	0.0277125518	-0.0814751487	0.0278078178	-0.1860163057	0.0319322703	-0.0428629126	-0.1208579273	0.0077768637	0.216799606	-0.042088785	0.0314492619	-0.0204982544	0.1300462392	-0.1308724884	0.0839857884	-0.0142942141	0.1347354111	-0.0929884852	0.0187590281	-0.0256527332	0.1930001167	-0.0530352259	0.1391330549	-0.008850401	0.0517646731	-0.0129164024	0.0777591604	-0.173474499	0.026334391	-0.0148395421	0.153366806	0.1532882396	-0.0076835069280889	n/a	5.903627871399012e-05	n/a	0.0295551656689951	n/a	n/a	0.0008735078177217	-0.2790213983454421	n/a	n/a	0.0778529407346458	-0.0001378368828419	n/a	n/a	1.8999006271571666e-08	0.0002675845142812	n/a	n/a	7.160147228310574e-08	-0.0012209850571106	n/a	1.4908045096873752e-06	n/a	0.0	0.0	0.0
1056.4522614961113	-2.2919172822619203	5.252884828730867	1116091.380820248	1560.513448079427	-7.876828685743476	62.04443014455129	2435202.2216367424	1029.382205377476	0.721151961330861	1059627.7247477963	0.5200601513313476	1152.7995799449352	1057.8345550211463	1.067189	26.024666	0.0391707310027976	0.0251234087762459	0.0746230215	0.1529884403	0.076177494	0.1339318952	-0.0818091362	-0.1425552561	-0.0540749158	0.0183614563	-0.0487107348	0.1577037266	-0.117093524	0.1050186699	-0.0922768287	-0.006234794	-0.1367994456	0.0182501141	-0.0129651769	-0.0474017456	-0.2204508772	0.0491633546	0.0432102777	-0.0060112692	-0.1940210022	0.0704307753	0.0357250686	0.0029328988	0.2311406995	0.0701872715	-0.0748218214	0.0180107804	0.0482867699	0.0156173488	-0.1420821149	-0.0475179484	0.0011116417	0.1045457905	0.075607165	-0.1706286623	-0.1169303306	0.0719477549	0.0280265297	0.0123106157	-0.007239115	-0.0679893615	0.0457997648	0.1528308248	0.1396730468	-0.1789847711	0.0935206477	-0.1307779497	-0.1170190765	-0.01101963	0.1509423192	-0.0837014272	0.1484332726	0.003312958	-0.0409972546	-0.2060089699	0.1098872838	0.0865636938	-0.0262048627	-0.1615051987	0.0836005902	-0.0744755616	0.165401957	-0.0034779274	0.11189117	0.0250855541	0.1218374293	-0.0014039948	0.0461465741	-0.0249452641	0.0039498976	-0.0646583527	0.1531573254	0.1524510324	-0.0157261087586277	-0.0080426018305388	0.0002473104966881	6.468344420458607e-05	0.0269385259461074	-0.0026166397228877	6.846803439393828e-06	0.0007256841801491	-0.2563835693288609	0.0226378290165811	0.0005124713025839	0.0657325346218068	-0.0001993554441576	-6.151856131570002e-05	3.784533386353543e-09	3.9742593115273984e-08	0.000233624029063	-3.396048521819999e-05	1.15331455625558e-09	5.458018695562948e-08	-0.0012429792192325	-2.1994162121899896e-05	1.5449973394438351e-06	4.837431674444162e-10	0.0	0.0	0.0
1056.0442139460022	-0.4080475501091314	0.1665028031500641	1115229.3818088295	1568.8790316647046	8.36558358527759	69.98298872226587	2461381.415997181	1028.532434930445	-0.8497704470310055	1057878.9697039502	0.7221098126472748	1151.2479772558202	1043.0931973972388	1.002195	24.439714	0.0479803155704087	0.0286688240803861	0.0618998412	0.0424829143	-0.1898426473	0.109418525	-0.0628296188	-0.1536565714	0.1798979534	0.0018538898	0.0056505481	0.0769287962	-0.1531593446	0.0647924878	-0.0688417642	-0.0343564972	-0.0939960738	0.0261468226	-0.1169958708	0.0609251457	-0.0987989729	-0.0587424125	0.0140961949	0.1033257516	-0.2317487727	0.1033604734	-0.1073286868	0.1288668531	0.0732151955	-0.0174094911	0.0311416315	0.1075920753	-0.0575675925	-0.2883969046	-0.1423534227	-0.0257384039	0.0445608506	0.073283143	-0.0862792786	-0.1796066525	-0.0620793731	-0.0030769673	0.177532408	-0.0056763187	0.1074177636	-0.0748260735	0.1575675669	-0.0975143682	0.0328782791	-0.2911440129	-0.0081197656	-0.0930901911	-0.1120029389	0.0079190127	0.1543385327	-0.0213344596	0.078267482	0.1585079881	0.0827501253	-0.2340527785	0.0101098333	0.0946079388	0.0177805213	-0.1643194444	0.0836037676	-0.0757144603	0.0557887872	0.0994645332	0.0511193631	0.0404395858	0.1132537375	-0.0372550735	-0.0415536275	-0.0809950509	0.0606459623	-0.1094435905	0.1527386503	0.1507811905	-0.015610864857777	0.0001152439008507	0.0002436991016077	1.3281156683286105e-08	0.0002651122201484	-0.0266734137259589	0.0007114709997961	7.028448927201372e-08	-0.2485721368837516	0.0078114324451093	6.101847684450653e-05	0.0617881072349545	-4.236344952610559e-05	0.0001569919946314	2.4646486378375173e-08	1.7946618557508961e-09	0.0002060284899594	-2.75955391036e-05	7.615137784183166e-10	4.2447738674950594e-08	-0.0013259961954672	-8.301697623470006e-05	1.758265910393489e-06	6.891818343152754e-09	0.0	0.0	0.0
1057.023719298505	0.9795053525028834	0.9594307355817978	1117299.143159645	1559.2675091469123	-9.61152251779231	92.3813651100286	2431315.165081216	1029.090789794922	0.5583548644769962	1059027.8536407363	0.3117601546851248	1149.4274938237795	1041.901514830905	0.999808	24.38151	0.095891500776702	0.0454732886895861	-0.1220196797	-0.0595946136	-0.121149151	0.077453377	-0.0395874723	0.0989521592	0.1454386696	0.0449979724	-0.0461969564	0.2616733791	-0.0900652199	-0.0159112777	-0.1273326477	-0.057075815	-0.0723359326	-0.0289630297	-0.1557631266	-0.0128167241	0.0368474225	-0.0813872667	-0.1248360847	-0.0645797484	0.011580836	0.0707165753	0.0534113104	0.0567285714	0.0090527561	0.0393789838	-0.0757077968	-0.071093252	-0.0871016187	-0.0853961002	-0.0636440558	0.0624703361	0.0823651546	-0.0986110914	-0.1407053785	-0.1708752114	-0.0186418679	0.1479816311	0.0343138302	-0.0060037543	0.0762431182	0.0325457775	-0.0159660446	-0.041700626	0.0503311832	0.0335664653	-0.0139702334	-0.046599504	-0.0873972173	0.0821151801	0.1711511187	0.0633535361	0.0583520932	0.0467346381	0.1541368303	-0.1261848145	-0.0185279153	0.0157610968	0.1356033922	-0.1106647189	0.080682181	0.0111223595	0.0672212149	0.0426469705	-0.0780226554	-0.0740477197	0.0469096782	0.0500043589	6.76463e-05	0.0521204762	0.094699486	-0.0335333478	0.1521113526	0.148287834	-0.007886212999665	0.007724651858112	6.219235547608524e-05	5.967024632903318e-05	-0.0269928791944096	-0.027257991414558	0.0007429980959561	0.0007286155272039	-0.2281388286834698	0.0204333082002818	0.0004175200840077	0.0520473251530655	0.000638175005601	0.0006805384551271	4.631325889067875e-07	4.072673377738363e-07	0.0002760958676435	7.006737768409997e-05	4.909437415526311e-09	7.622892812981705e-08	-0.0012670910422034	5.890515326380003e-05	1.6055197092320984e-06	3.469817081031771e-09	0.0	0.0	0.0
1058.6866522597604	1.6629329612553647	2.765346033629536	1120817.427672979	1560.2890296134774	1.0215204665651072	1.0435040636113944	2434501.855932167	1029.4298968176624	0.3391070227403361	1059725.912462023	0.1149935728718148	1150.1719395634648	1063.6672870639309	0.958164	23.365967	0.0556841789834295	0.0289647199747367	-0.2022631655	-0.0439111079	0.0204804079	0.1083592795	-0.0922684834	0.1147612497	-0.0608694971	0.1576773201	-0.0786870858	0.1071058577	-0.1205482272	0.0229521923	-0.1568632728	0.1437517347	-0.0240050888	0.0270940621	-0.0695168554	0.0989830271	0.1530304697	-0.0903726056	-0.1560253627	0.0675559679	-0.0289350725	-0.1128463158	-0.0360193714	0.0381737286	-0.0946575104	-0.0150486134	-0.1129019727	0.1143982708	0.1126645531	-0.0414560706	-0.0885816418	0.063890865	-0.0027663771	-0.1626464439	0.0504765069	-0.1299754357	0.0271231617	0.0555525148	0.1078707176	0.0341351313	0.1028601413	0.056411631	-0.0287592542	-0.1496608031	-0.019237034	-0.0541850763	0.0276349627	0.0375012042	-0.1024261946	0.1342680015	0.1169920683	-0.0549771477	0.0455950747	-0.0740469774	0.1396560007	-0.0491899939	-0.0196085347	-0.0665197925	0.185168521	-0.069214065	0.0645729904	0.0552987526	-0.0081965145	0.1081583629	-0.0485434051	-0.0757459919	-0.0655987875	-0.015508908	0.0010824086	-0.0370226877	0.1732706018	0.060606091	0.151276289	0.1449845808	-0.0131901962513723	-0.0053039832517072	0.0001739812771497	2.8132238334391533e-05	-0.0434103738329838	-0.0164174946385742	0.0002695341302076	0.0018844605563194	-0.2364418036816928	-0.0083029749982229	6.893939382111614e-05	0.0559047265282521	0.0002071382522988	-0.0004310367533021	1.857926826973016e-07	4.2906255565401334e-08	0.0002148666979426	-6.122916970089997e-05	3.749011222261607e-09	4.616769788475651e-08	-0.0012880196410988	-2.0928598895399988e-05	1.6589945958562816e-06	4.3800625172453754e-10	0.0	0.0	0.0
1061.985264668734	3.298612408973668	10.880843824635065	1127812.7023735212	1566.7330539651114	6.444024351633971	41.525449844451614	2454652.4623868447	1029.6022896667737	0.1723928491112474	1060080.874887063	0.0297192944246933	1152.4562293158638	1081.4066235744997	1.046389	25.517454	0.2543758050945709	0.144126628808227	-0.1643643504	0.134080567	0.0383261282	0.1529815351	-0.2068605304	-0.0690065132	-0.1272791714	0.1806994263	-0.0565471242	0.0205944009	-0.1774158214	0.0316273958	-0.0940665938	0.1064172377	0.1590259319	-0.0104811821	0.0416084358	-0.0615371701	0.0912348642	-0.0021802035	0.0209534076	0.0346677693	0.1137170457	0.141486084	-0.1761431425	0.0242220433	0.0183232676	0.0255882803	0.2931407709	-0.119972983	-0.1178398515	-0.0066703125	-0.1946666338	0.035216855	-0.062119717	-0.0959192874	0.1635255725	-0.0218110574	0.0472937041	-0.0538487336	-0.0319173951	0.081971714	0.137109059	-0.0118178529	0.1605522023	-0.2436705213	-0.0076477752	0.1805064166	0.0109954122	0.0766019417	-0.1763546778	0.078035555	0.0391017257	-0.1229579988	-0.0081245982	-0.2188049822	0.0231165268	-0.0598234485	-0.1997660559	-0.2074488701	0.1606488953	0.1752553274	-0.0568633575	0.0779724	-0.0785373716	0.165981167	-0.0430689182	0.2932520666	-0.4138244463	-0.1927667586	0.0238250394	0.133801187	-0.1954184658	0.1479982203	0.1502346003	0.1408894722	-0.0128939982124194	0.0002961980389528	0.0001662551899018	8.773327827954318e-08	0.0453959781911095	0.0888063520240933	0.0078865681598271	0.0020607948359276	-0.3328722452530925	-0.0964304415713997	0.0092988300616551	0.1108039316598349	0.0005651296934859	0.0003579914411871	1.281578719632169e-07	3.193715704594673e-07	0.0004823484314686	0.000267481733526	7.154647777007408e-08	2.3266000934021875e-07	-0.0005366365466094	0.0007513830944893	2.879787831568628e-07	5.645765546844665e-07	0.0	0.0	0.0
1062.014172676158	0.0289080074239791	0.0008356728932248	1127874.1029650243	1570.7989148004958	4.065860835384456	16.531224332713183	2467409.2307384154	1030.1264001996683	0.5241105328946105	1061160.4003883272	0.2746918506910726	1153.745290670309	1076.8970281421516	1.225506	29.885414	0.0924552851626084	0.0641485058413449	-0.1866968995	0.1443913819	-0.0849633453	0.1506790844	-0.2108058715	-0.026355678	0.010106432	0.1691557726	0.0406048397	0.2121321422	-0.1913142014	0.0271811822	-0.0607404174	0.1398783163	0.169100146	0.1763646967	-0.1033517653	-0.3523883699	-0.0134776722	-0.1078841845	0.122426715	-0.168252753	-0.027163851	-0.1096573707	0.0546808047	0.1902021355	-0.0243258573	-0.0227494626	0.0170284583	-0.0131309819	-0.121046376	0.3711095575	-0.1802292366	-0.013473161	-0.066922605	-0.1327819532	-0.0376021275	-0.1302175602	0.0149319581	0.016845334	-0.3028804517	0.0959121694	0.2054261814	0.2312492786	-0.0587163942	0.2417508072	0.122523058	0.113916654	0.0092077034	0.1509200871	-0.248689554	-0.0105430609	0.0380095053	-0.0989154191	-0.2483596129	-0.0488654401	-0.0503616275	0.0218338558	0.1134362853	0.3228729672	-0.322518068	0.3584336415	0.0875553207	0.0237704189	-0.311122085	-0.0379963826	-0.3312304787	-0.1087161942	0.0982668741	0.0925634154	0.2323420852	-0.3131980011	0.0052980269	0.0457643012	0.1489877092	0.136024874	-0.016876180924811	-0.0039821827123916	0.0002848054826069	1.5857779154870517e-05	0.1064218231156246	0.0610258449245151	0.0037241537487509	0.0113256044352532	-0.3387946912632742	-0.0059224460101817	3.507536674351731e-05	0.1147818428281773	0.0008240875390705	0.0002589578455845	6.705916578981752e-08	6.791202720512729e-07	0.0003592984706213	-0.0001230499608473	1.5141292864522067e-08	1.2909539099080516e-07	-0.0004881481227309	4.848842387850008e-05	2.382885897257018e-07	2.3511272502210966e-09	0.0	0.0	0.0
1064.8121695116972	2.797996835539152	7.828786291687108	1133824.9563402075	1585.1655687306024	14.366653930106622	206.40074514744805	2512749.8802890144	1032.3243507606855	2.197950561017251	1065693.5651734709	4.830986668676048	1155.4596943898243	1105.2373990514138	1.241498	30.275402	0.1672007273598535	0.088228005694306	-0.2192244716	0.1163332758	-0.0038247174	-0.0226744698	-0.293605172	0.0096375738	0.0031897411	-0.1283554235	-0.0093225249	-0.0349113717	-0.1841128692	-0.1249885411	-0.1019917858	0.0061089386	0.045277075	-0.0440506831	-0.0055432404	0.1435387686	0.1437893324	0.0420767434	0.0446668854	-0.0061538699	0.1200804938	-0.0119987026	0.0921467007	-0.0197389337	0.0186250395	0.025481275	0.0823624898	0.0883993263	0.1377939783	0.0839847571	-0.1705397651	0.1572229484	-0.044244242	-0.0800226936	0.0036930848	0.0240271215	-0.1347545273	-0.017255219	-0.0431641015	-0.023064316	-0.1074555082	-0.0375961509	-0.0533173474	-0.119546115	-0.0159002174	-0.0768700209	-0.0826729427	-0.0012250383	-0.1591090804	0.1011388012	0.1519740703	0.0315748734	-0.1043434757	-0.0478344675	-0.0643637234	0.0915011953	-0.0381775245	-0.1148356901	-0.0375690817	0.1002957712	0.0766138767	0.0880028795	-0.1372633193	-0.0451916632	0.0850049322	0.0227587718	-0.1613593702	0.0874328185	-0.0557128409	-0.0148037447	-0.1619061599	0.0309771628	0.1475373187	0.1304173552	-0.0192434697990506	-0.0023672888742395	0.0003703111299069	5.60405661409859e-06	0.0422570563660968	-0.0641647667495278	0.0041171172920213	0.0017856588127274	-0.2780842413342981	0.0607104499289761	0.0036857587305787	0.0773308452784721	0.0012231917985479	0.0003991042594774	1.5928420993300396e-07	1.4961981760348466e-06	0.0006291217887222	0.0002698233181009	7.28046229909795e-08	3.957942250450205e-07	-0.0006183849812948	-0.0001302368585639	3.823999850909702e-07	1.69616393285933e-08	0.0	0.0	0.0
1058.4299125579655	-6.382256953731712	40.7332038234568	1120273.8797974626	1566.976570582281	-18.18899814832139	330.8396536396389	2455415.5727538066	1030.2619973970152	-2.062353363670354	1061439.7832804874	4.253301396642424	1153.2696937507576	1081.4808734601384	1.179882	28.77282	0.219130988162486	0.1367407295427145	-0.023064745	0.1423845671	0.1374020295	-0.0189840771	-0.1180379993	-0.097509216	-0.1326672021	-0.0659353467	0.0034750076	-0.0473466889	-0.0682780996	-0.0615038046	-0.0364598342	0.1261630751	0.0004726124	-0.0836518054	0.1423524649	-0.0885932393	0.1884704349	-0.0627929856	0.0302693946	0.1118098259	0.0805296731	0.1425823004	-0.0424612762	-0.1951138767	0.0276751401	0.0130199861	-0.0512731815	-0.0583409999	-0.019347989	0.0127202236	-0.0825040451	0.0343639412	-0.1627577508	0.0266026185	0.0992229136	0.0462220469	-0.0805325658	0.025639689	-0.0054965825	0.1169449272	-0.1036087831	0.1739351872	-0.0087347576	-0.0248882624	0.1542709674	0.1322997822	-0.1560314417	-0.0462158154	-0.0710880555	0.1498089958	-0.0106245679	-0.0622749439	0.0592227386	-0.1086082646	-0.1109854395	0.1869018045	-0.0456054089	-0.008556126	-0.0354433141	-0.0437918983	0.0359302586	0.0303998163	-0.2277347954	0.0584436061	-0.0448507785	-0.0490826956	0.0028272549	0.0907968594	-0.2365862984	0.2883711277	-0.006093772	-0.0768712093	0.1458854101	0.124097542	-0.0191027186924372	0.0001407511066134	0.0003649138614423	1.9810874012896732e-08	-0.0035700830775908	-0.0458271394436876	0.0021001267095911	1.27454931809002e-05	-0.1759507194935281	0.1021335218407699	0.010431256283599	0.0309586556902902	0.0001221078379452	-0.0011010839606027	1.2123858882965283e-06	1.4910324087651227e-08	0.0004619715816869	-0.0001671502070353	2.7939191711943657e-08	2.1341774228629613e-07	-0.0004660276335045	0.0001523573477903	2.1718175518980455e-07	2.321276142569444e-08	0.0	0.0	0.0
1059.176366915082	0.7464543571165905	0.5571941072583424	1121854.5762314326	1557.5097624199575	-9.46680816232356	89.62045678223596	2425836.6600334723	1029.2138603495364	-1.0481370474788037	1059281.170335595	1.098591270297584	1150.6083864931827	1056.0819494533207	1.038721	25.330442	0.0710745642134084	0.0454276891136601	-0.0037370599	0.1236510276	0.0294769516	-0.073884689	0.00119467	-0.058798088	-0.1624704568	0.1262461086	0.1472802893	0.0055647675	-0.0259424334	0.1023909571	0.1356364973	0.1815786078	-0.0956056677	-0.1289592301	0.1074191084	0.0006975216	0.0251217415	-0.0014305543	-0.1128081831	-0.0409875287	0.1292044171	-0.0899911572	-0.0649456244	0.001073002	0.0880558571	0.0305186934	-0.0418468766	-0.0550917478	0.0148988163	-0.2700693447	-0.0043102707	-0.1337620212	-0.2046991739	-0.0503818286	0.0427900739	-0.0331628966	0.0622008394	0.0257429619	0.0440991155	0.0357895126	-0.1549219654	0.0070924959	0.1248323917	-0.0284688002	-0.0342577354	0.1422989074	0.0667704724	0.1168517895	-0.0487147254	0.0892227624	-0.0642689546	-0.199761043	0.0554146643	0.0287215437	-0.0831242939	0.0691867982	0.0722789658	-0.1352754701	-0.0190621539	-0.0364653652	-0.1494042407	0.1106097454	-0.129624307	-0.0853156518	-0.1406769183	-0.0268071008	0.1955009854	-0.0873444055	-0.135124609	0.2787347075	0.1401144908	-0.0092831063	0.1440342395	0.1170999511	-0.0192023034503421	-9.958475790490182e-05	0.000368728457799	9.917124006977904e-09	0.0160611368340823	0.0196312199116731	0.0003853847952204	0.0002579601164031	-0.1790177565350035	-0.0030670370414754	9.40671621378218e-06	0.0320473571548258	0.0008490534164889	0.0007269455785437	5.284498741642348e-07	7.208917040514735e-07	0.0002393085921268	-0.0002226629895601	4.9578806919841214e-08	5.7268602265711126e-08	-0.0004501017515612	1.5925881943299987e-05	2.025915867584602e-07	2.5363371567192857e-10	0.0	0.0	0.0
1060.9268764656415	1.7505095505594	3.0642836865996723	1125565.8372071425	1558.3420489585562	0.832286538598737	0.692700882332667	2428429.941552351	1031.0040671320871	1.7902067825507402	1062969.3864429053	3.204840324290673	1150.4632831378742	1068.6302235101573	0.958009	23.362186	0.0740270160632928	0.0386975175172703	0.0270076579	0.2079142048	0.0449865687	-0.1507194467	-0.0318521699	-0.0501294675	-0.028544516	-0.0486559825	0.0857781518	0.0487295789	-0.0065818785	0.0440159437	-0.0066527018	0.0838456697	-0.0866424455	-0.0300831752	0.0709292827	-0.0703706586	0.0920183796	0.1346786731	0.018696495	0.2066355902	0.024581068	-0.2280381055	0.0256465909	-0.1025625843	0.0702229807	-0.0868385704	-0.0620424251	-0.1200141871	0.0514706076	-0.0530549035	0.0014714243	-0.0054872099	-0.134218391	0.0597794361	0.0184168516	-0.1298982988	-0.0259294788	-0.1443282648	-0.0343117903	-0.1238735192	-0.1578118995	-0.1172393061	-0.0578121035	0.0374303918	0.0492342611	0.1515065859	0.0486032666	0.1062782247	-0.034204984	0.0216136468	0.0292811922	-0.0876105908	0.0193690362	0.1073048658	-0.2097030143	0.0466404759	0.1372771207	-0.0649003108	-0.1175160919	-0.0692881229	0.0217393346	0.0519082438	-0.0496676156	-0.2363582264	0.0927875804	0.0291562756	0.0807998309	0.1115882078	-0.1270327391	0.1545320441	0.0353616754	-0.0286804316	0.1419863355	0.1094628008	-0.0050621296651058	0.0141401737852363	2.5625156746344155e-05	0.0001999445146766	0.022580709416033	0.0065195725819507	4.2504826651323326e-05	0.0005098884377313	-0.1692743005973795	0.009743455937624	9.493493360842074e-05	0.0286537888427319	0.0002850138201364	-0.0005640395963525	3.181406662534912e-07	8.123287766874417e-08	9.795965970016418e-05	-0.0001413489324266	1.9979520698149652e-08	9.59609492857197e-09	-0.0002830140051707	0.0001670877463904	8.009692712276102e-08	2.7918314993856043e-08	0.0	0.0	0.0
1060.3926027292332	-0.534273736408295	0.2854484254156803	1124432.4719228777	1575.7252559574772	17.38320699892097	302.17588556733494	2482910.082262257	1033.9325434894483	2.9284763573612054	1069016.50448656	8.575973775623554	1152.1851797476188	1073.5413610677683	1.439152	35.095436	0.3984923376635601	0.2744667388163626	0.0477210253	0.1389232792	-0.0897338862	-0.2969061769	-0.0377924038	-0.0438135728	-0.0193148617	-0.2351465487	0.258711105	-0.3071831812	0.0257151418	-0.2761601394	0.3892245315	0.0654673925	-0.1523772115	-0.1616084578	-0.2475138363	-0.1487041303	0.1415926074	0.1733855075	0.1671587513	-0.0203054274	0.0226168375	0.2453518644	0.1641782916	0.0153223796	-0.3197947751	-0.0742910802	-0.144656993	0.0670031025	0.1107553112	-0.0407743263	0.0916293402	0.1283949163	-0.3571200839	0.0807717304	-0.2865146309	0.1895011393	0.01884451	-0.0832214521	0.2474278988	-0.3507391887	0.2551653965	0.128527198	-0.348650952	0.0826747068	-0.1147190378	0.0513605924	-0.2631321977	-0.1276202613	0.0552912094	0.4382082674	-0.2908859343	0.1971172247	-0.0163232162	0.2728326385	-0.1501182603	0.2239561562	-0.113359678	0.0744477835	0.1031212003	0.3116142264	0.2168926546	0.1334245114	0.3798444003	0.1696953055	0.135161287	-0.0056168372	0.1618540543	0.0910913154	-0.0958014822	-0.1054616787	-0.0896381067	0.0692094847	0.1397444952	0.1012278027	0.0046206428386312	0.009682772503737	2.13503402421938e-05	9.375608335912528e-05	-0.2406238672262475	-0.2632045766422805	0.0692766491654421	0.0578998454789147	-0.0853129453848637	0.0839613552125158	0.0070495091691222	0.0072782986502407	0.0009840175916079	0.0006990037714715	4.886062725313811e-07	9.68290620593812e-07	0.0001623948629525	6.443520325233581e-05	4.151895418169827e-09	2.6372091513361254e-08	-0.000213580313794	6.943369137670002e-05	4.561655044034351e-08	4.821037498194826e-09	0.0	0.0	0.0
1061.2764222918886	0.8838195626553897	0.7811370193323643	1126307.644512671	1564.3883922002087	-11.336863757268477	128.52447985086746	2447311.041650754	1031.6506366017447	-2.281906887703599	1064303.0360007852	5.207099044149125	1152.5519272629565	1054.1363392474343	1.249785	30.477499	0.2470344413777882	0.1672203829691084	0.0158828975	0.066141568	-0.1499611945	-0.2644633117	-0.0307607728	-0.0278344428	0.0112593904	-0.155009121	0.1906368921	0.1338163754	0.0404878452	-0.1910188119	0.1591205108	-0.0773622658	-0.20196376	0.0338921689	-0.0251440598	0.0593032441	-0.0142166233	0.0474310305	0.122922958	-0.054854495	0.1747830607	-0.1787308177	0.0532159337	-0.1813303495	0.1326382677	0.1621027183	0.1799812411	0.023703282	-0.2377004608	0.0785347248	0.0645384355	0.0461349352	-0.1240357127	0.0811326571	-0.2818772391	0.0409961889	-0.0458221933	0.0036505668	-0.0884399319	0.1359298429	-0.2411714267	0.0189749251	0.1523113757	0.1497057925	-0.3379362941	0.123792565	0.0421136187	-0.1470548415	0.0579253035	0.1450236032	-0.121598404	0.2185353992	-0.047337461	0.309917256	-0.0918694872	0.0785178072	-0.0695631341	0.0354181205	0.1294055286	-0.0328448083	-0.2271112756	-0.3505890667	-0.2059063666	-0.1342308201	0.0299962907	0.0673394047	-0.0818922672	-0.4345226532	0.2636298992	-0.0848328988	0.2291262728	0.0627160559	0.1373117808	0.0924399334	0.0046239994743615	3.356635730299498e-06	2.1381371138895428e-05	1.1267003425923243e-11	-0.0831937701182283	0.1574300971080192	0.0247842354754403	0.0069212033864846	-0.143208379453064	-0.0578954340682003	0.0033518812859453	0.0205086399455727	0.0005890057583812	-0.0003950118332267	1.5603434838911825e-07	3.469277834062126e-07	0.000239984438151	7.75895751985e-05	6.020142179483687e-09	5.7592530554651144e-08	-5.207065090243111e-05	0.0001615096628915	2.7113526854028502e-09	2.608537120734823e-08	0.0	0.0	0.0
1057.9021587629393	-3.3742635289493137	11.385654362797476	1119156.9775152872	1570.8715746457174	6.483182445508646	42.03165462175147	2467637.504029916	1028.3092107495827	-3.341425852162047	1057419.8329124297	11.16512672549686	1152.5154717400503	1069.9988237706627	1.31388	32.040527	0.1869088902359448	0.1447919620781773	-0.1200958153	-0.0596727575	0.0234767179	-0.121784971	-0.0586421492	0.1181469023	0.0900167158	-0.044807948	0.0436543611	-0.0986816746	0.0627435561	-0.0427613311	-0.0735785952	-0.0144372744	0.0350428291	0.0464597025	0.1381660066	0.1560958824	-0.010919149	0.117742473	0.0058640049	-0.0274593548	0.0625693006	-0.1888133683	0.1217539302	0.0846405041	-0.097848249	0.0108354178	-0.0903068941	-0.0412166319	0.0200105537	-0.0316169576	0.0175111067	0.0640510643	0.0768467681	-0.0783734281	0.0473716883	0.0925164474	-0.0629335997	-0.0776416856	-0.0029478498	0.0280639694	-0.2534057409	-0.1563974801	-0.1606894432	-0.0043368843	-0.0867246201	0.0999502008	0.0067252139	-0.0570961381	0.0408526777	-0.0820829663	0.0494761977	0.0022400618	-0.0344979403	0.0155146314	-6.4168e-05	0.1730245469	0.0447173654	-0.0731803053	0.0340049375	-0.048035752	-0.1655792202	-0.1426220277	-0.0379228815	-0.1806406505	0.2454213307	-0.0490822384	0.0272912882	0.1943148704	0.100120343	-0.0154430529	-0.1468458044	-0.1054276321	0.1346915149	0.0831471893	0.0046236361632452	-3.633111163000094e-07	2.1378011370068797e-05	1.3199496722715894e-13	0.0574827936658266	0.1406765637840549	0.0197898955980892	0.0033042715676279	-0.1473342335544032	-0.0041258541013391	1.702267206553749e-05	0.0217073763770634	-0.0002529933200105	-0.0008419990783917	7.089624480124722e-07	6.400561996993526e-08	0.0002400064914802	2.205332920001812e-08	4.863493288043717e-16	5.760311595263533e-08	-5.19696018346424e-05	1.0104906778870941e-07	2.7008395148512667e-09	1.0210914100967189e-14	0.0	0.0	0.0
1052.6104419506264	-5.29171681231287	28.002266821714688	1107988.742503493	1549.609024326551	-21.262550319166397	452.0960460750829	2401288.128274285	1028.5704215275302	0.2612107779475536	1057957.1120413214	0.0682310705159661	1149.0365036514786	1055.2098488359086	1.214173	29.609055	0.3403142463404407	0.2035080340675713	0.108813838	0.0301597135	0.1039405677	-0.1079859151	0.1252189027	0.0270647614	-0.0899687146	-0.2429348927	-0.0766891985	0.0445006065	0.1286922097	-0.1068237175	0.0143754536	-0.0994479759	-0.0674254535	0.1093029269	0.1815706305	-0.0315684803	0.0477729518	-0.1219345357	0.0403366812	0.002922505	-0.0919729574	-0.1847751582	0.1007065565	-0.0929445396	-0.0386637876	-0.0871899693	0.0144896795	-0.0357212668	0.1082112071	-0.0257905196	0.1422902955	0.0710463138	0.0090197992	0.117198868	-0.0168646971	0.0719989555	-0.0326057126	0.1523166914	-0.0855586083	0.0954273293	-0.1466644499	0.0200980953	-0.1744859373	0.1241446107	-0.0592776387	-0.0071346439	0.0690213357	-0.0371345691	0.1416766044	-0.0474435179	-0.0460016223	0.1547738793	0.1212782826	-0.0609640809	-0.0616111932	0.1514494827	0.027754225	0.1320954843	0.0148544891	-0.0883933217	-0.0513072562	-0.195555632	0.0821446182	-0.2213656048	-0.0879547929	-0.1987722338	-0.149132971	0.1087222221	0.0704183146	0.1302663712	0.0071907959	0.0314762298	0.1318872767	0.0734003241	-0.0039736074985228	-0.0085972436617679	1.5789556552316624e-05	7.391259857981003e-05	-0.0182916593940944	-0.075774453059921	0.0057417677365301	0.0003345848033895	0.0164689615370789	0.1638031950914821	0.0268314867221781	0.0002712266941097	-0.0013410184263534	-0.0010880251063429	1.183798632032479e-06	1.7983304198193495e-06	-7.867277509543413e-05	-0.0003186792665756	1.015564749451841e-07	6.189405541216761e-09	-0.0004880523194615	-0.0004360827176268	2.3819506653175005e-07	1.9016813661282561e-07	0.0	0.0	0.0
1048.6413460764743	-3.969095874152117	15.75372205821136	1099648.67270108	1545.9855217084494	-3.623502618101611	13.129771223389229	2390071.2333321464	1030.116548466979	1.546126939448868	1061140.103425522	2.390508512889524	1151.5156709902042	1025.9925140686566	1.271579	31.008957	0.1851511422997269	0.1043176456659845	0.1891435838	-0.0731614179	0.0004187977	-0.0548006612	0.1714885474	-0.0891396376	-0.0890677055	0.050929494	0.1343161802	-0.1955383372	0.0932723941	0.1414671506	0.1368171042	0.0230536902	-0.0041943076	-0.1873993396	0.0660604159	0.0803582471	-0.1155192578	0.1223704552	-0.1386191327	0.2158896999	-0.0035774746	0.0293033581	0.0036572257	0.1110419725	0.084655518	-0.0449743532	0.0061633683	-0.0799229486	0.0788743154	0.2926299321	0.0758941967	-0.2436584008	-0.0264568772	0.0220158996	0.056888037	0.1597838774	-0.1585256084	0.0682286384	0.0547772409	0.0047984878	0.0586220095	-0.2219544407	0.0435894007	-0.0226739413	-0.0709114096	-0.0300582145	0.0644168088	-0.0191647067	0.1139096005	-0.0630736668	-0.2191007897	-0.1282889989	0.1460039833	0.0025147374	-0.0310608331	0.007202439	-0.1167502048	-0.0357833401	-0.0232305478	0.0687721878	-0.3113925215	-0.0136800587	0.0365831406	0.012004294	-0.0532892279	0.1027550298	0.0999893947	0.151870519	0.1270145006	0.003250616	-0.1536004257	-0.1040244868	0.1289028963	0.0632525717	-0.0121376340615029	-0.0081640265629801	0.0001473221606109	6.665132972104465e-05	0.0106145159694364	0.0289061753635308	0.0008355669741471	0.0001126679492654	-0.0536442611154299	-0.0701132226525088	0.0049158639907202	0.0028777067506204	-0.0003010061460257	0.0010400122803277	1.0816255432324228e-06	9.060469994524503e-08	-0.0001789894649473	-0.0001003166898518	1.0063438262835451e-08	3.203722856212074e-08	-6.902693522692182e-05	0.0004190253842345	4.764717786821661e-09	1.755822726329359e-07	0.0	0.0	0.0
1043.9909124472958	-4.650433629178451	21.62653293939386	1089917.0252725373	1542.7361478761995	-3.2493738322498302	10.558430301709947	2380034.821963895	1029.4503371369294	-0.6662113300496912	1059767.9966313376	0.4438375362865786	1151.3093748808624	1008.4621289482516	1.212658	29.572105	0.1198467318533871	0.0712088394228292	0.1660224108	-0.2441233775	-0.0646192553	0.0999146943	0.1966083242	-0.0067351828	0.1633608531	0.0148319056	-0.0774393531	-0.0891012562	0.099514205	0.090547069	-0.0338685951	-0.2584011548	0.130508045	-0.2112677203	-0.0107512875	-0.0639658264	-0.0880903551	-0.146751548	0.1006482153	0.0316138337	0.091374035	0.152503231	0.0016674656	-0.0426921617	0.0010613642	0.2130815949	-0.1251898609	-0.0639613427	0.0946601786	0.0030875948	0.0679933514	-0.1089429548	0.2702968563	0.0825712571	-0.0182329265	0.133433318	-0.1997473923	-0.0646579905	0.0563091124	0.023320585	0.0776280139	0.1313775509	0.0742766356	0.0668063004	0.1192957152	0.1309038346	-0.0483226927	-0.013019428	0.1030062238	-0.2148670941	-0.0062477519	-0.0054073573	0.0641745021	0.0728541373	0.0888746541	0.0124230147	-0.0858832637	0.0880050566	-0.1856370674	0.0531429047	-0.0573298779	0.0736529443	-0.050297868	0.0298447713	0.2347463689	0.0179536251	0.0427434289	-0.0653803799	0.038318996	0.1155482182	-0.2338517381	-0.0065292879	0.1257424501	0.0527593557	-0.0084191018152068	0.0037185322462961	7.088127537481844e-05	1.382748206674392e-05	0.075062077283917	0.0644475613144806	0.0041534881593837	0.0056343154461767	-0.0315649292951647	0.0220793318202652	0.0004874968936293	0.0009963447614087	6.100090270256487e-05	0.0003620070487282	1.310491033289483e-07	3.721110130527786e-09	-5.199894325436105e-05	0.0001269905216929	1.61265925998448e-08	2.703890099570261e-09	3.4001623798779424e-05	0.0001030285590257	1.1561104209537234e-09	1.0614883974912408e-08	0.0	0.0	0.0
1043.1278998038536	-0.8630126434422891	0.7447908227412476	1088115.8153491984	1535.754352935373	-6.981794940826603	48.74546059575195	2358541.432559946	1026.4624481201172	-2.9878890168122325	1053625.1574007445	8.927480776787169	1147.5496450429923	1025.16148149178	1.113282	27.148718	0.1253024712992398	0.0634946849783506	0.0513470618	-0.2853957488	0.1155126643	0.1694243479	0.2276114222	0.0948783573	0.047624511	0.0766804649	-0.2760756909	-0.1998297764	0.1237348563	0.0465539745	-0.1116627363	-0.1119237317	0.0590567039	-0.0859128542	0.0332121392	0.1498435303	-0.0235621843	-0.0573767623	-0.0255514775	-0.2391544423	-0.1985173215	-0.0083022049	0.1777180931	0.0268055965	-0.1509074014	0.1717767203	-0.0494965523	0.00050662	0.1354391453	-0.0228161787	0.0784942394	0.0077486765	0.2999496635	-0.0062912084	0.1241402204	0.1057997611	0.0638499534	0.1245974829	0.0866226804	-0.0581555187	0.0011597246	-0.0176282527	-0.0998130512	0.1316763153	-0.1712131201	-0.1440104972	-0.1308896999	0.0975673874	0.1209856677	-0.1719516435	0.0629671704	0.0838234312	0.0610294234	-0.0865701598	0.1343208585	0.1303195816	-0.0047176602	0.0809345427	-0.0451811941	0.0998227148	-0.0764606477	0.1952221928	0.0904218	-0.184506262	0.06788191	-0.0472491949	-0.0169551607	-0.1708478105	-0.0714058342	0.0023510499	-0.16855655	-0.0298208671	0.1224102548	0.0419779864	-0.0115183613690135	-0.0030992595538067	0.0001326726486271	9.605409781862106e-06	0.0522437977497816	-0.0228182795341354	0.0005206738808979	0.00272941440332	0.0208698412174683	0.052434770512633	0.0027494051587124	0.0004355502724423	0.000860006637421	0.0007990057347184	6.384101641129463e-07	7.396114164081753e-07	-0.0001109503514939	-5.895140823953895e-05	3.47526853342478e-09	1.2309980496619956e-08	0.0001150477148141	8.104609101532057e-05	1.3235976683946485e-08	6.5684688688636274e-09	0.0	0.0	0.0
1042.603392897062	-0.5245069067916575	0.2751074952721524	1087021.8348804652	1522.680179892065	-13.074173043307836	170.93400076635731	2318554.930236132	1024.2611163760616	-2.201331744055551	1049110.834519936	4.845861447386654	1143.203967013278	999.676480363055	1.087538	26.520908	0.1634418253431915	0.0855610789601242	0.2116682652	-0.157946798	0.1483789413	0.1402333975	0.3040642573	-0.0417833457	-0.0512919049	0.0143857113	-0.2744656543	0.0829681008	0.1562804649	0.0090453603	-0.052778149	-0.1126905801	-0.1335541138	0.1877175901	0.2474470314	-0.0919434238	0.0520388754	-0.2498951874	-0.0589854085	-0.0449141047	-0.0427286731	0.1431213777	0.0087995354	-0.0981895219	0.0299536697	-0.007430342	0.0617373485	-0.1304413989	0.1426536504	0.0219470127	0.1597888349	-0.0251933809	0.1329210896	0.1844771107	0.1289628045	-0.0106454637	0.1821164457	0.2711556176	0.0040546319	0.081338653	-0.0008398215	0.0637113278	-0.1208551553	0.0552626942	0.0921767438	0.0420398324	-0.0732796332	-0.0142105882	0.1514123734	-0.1358868991	0.0047161895	0.0932500705	0.1468269382	-0.1440920135	0.0129785881	0.0885554559	0.0425937044	0.1830707207	-0.0692779774	-0.0081774187	0.0496807903	0.1208569354	0.1573144816	-0.1079520617	-0.103866114	-0.0488135281	-0.0948255442	-0.1226154567	-0.1542168316	-0.0386176336	0.0907673418	0.0122889928	0.1189108618	0.0309673479	0.0025859437482012	0.0141043051172147	6.687105068860872e-06	0.0001989314228394	0.002884461162921	-0.0493593365868606	0.0024363441082949	8.320116200399568e-06	0.0656471855422395	0.0447773443247712	0.0020050105647791	0.0043095529696172	0.0001830309086217	-0.0006769757287993	4.582961373833434e-07	3.3500313510885096e-08	-0.0005379894880626	-0.0004270391365686	1.823624241613408e-07	2.894326892658584e-07	0.000115049635733	1.92091890000533e-09	1.3236418682295992e-08	3.6899294203976894e-18	0.0	0.0	0.0
1044.7831395643843	2.179746667322433	4.751295533703256	1091571.8087180117	1530.391345089429	7.711165197363925	59.46206870103663	2342097.669124632	1024.2038585615355	-0.0572578145261104	1048993.543892338	0.0032784573243064	1143.4891921187543	991.9500392986922	1.136341	27.711033	0.1370690855675861	0.0753005479224209	0.2413802122	-0.111621033	-0.0431577588	0.0633172962	0.3091673236	-0.0981620388	0.0250596114	0.1601450008	0.0410909898	0.0965017533	0.151049295	0.2601932191	0.0814358279	0.0556206771	-0.1170527066	0.0381809669	0.0521644842	-0.0696995138	-0.105569346	0.1446645993	-0.0399467182	-0.1595100808	-0.0328990335	-0.0182306485	-0.0488141777	-0.0555295369	-0.2286979966	-0.1079929542	0.0454931009	0.1419322726	0.1321387569	0.0929650635	0.1670791838	-0.2522503262	0.0430698001	0.0618898164	0.0592046627	-0.1296996849	0.2094292432	0.0421931043	0.0488290693	-0.0598580074	0.1529556614	-0.1586570881	-0.0244111229	0.124682197	-0.0795488336	0.0404451953	0.0942977724	0.1023162552	0.1206671194	-0.1696276115	-0.0899820221	-0.1432669063	0.0768058612	0.0448934995	-0.0063094606	-0.0896669811	-0.0484610041	0.0737069091	-0.0984557473	0.0675457462	-0.1149464283	0.193712716	0.1227488688	0.0801637324	-0.0161096066	0.1022599918	-0.007568713	-0.1506471896	0.0879912588	-0.137302355	0.0804795177	-0.1514732383	0.1152490509	0.0197875765	-0.00289904132201	-0.0054849850702112	8.404440586721489e-06	3.0085061220439763e-05	0.0406609037299574	0.0377764425670364	0.0014270596130205	0.0016533090921368	0.008548915378931	-0.0570982701633085	0.0032602124556421	7.308395415612296e-05	0.0004330590322518	0.0002500281236301	6.251406260598856e-08	1.8754012541486557e-07	-0.0010219776295752	-0.0004839881415126	2.342445211248205e-07	1.0444382753521448e-06	0.0001152211259309	1.714901978999944e-07	1.3275907860784316e-08	2.9408887975779246e-14	0.0	0.0	0.0
1049.7875179613436	5.004378396959282	25.04380313995276	1102053.8328674384	1550.5654753941924	20.174130304763366	406.9955335535717	2404253.2934844177	1029.543528766553	5.339670205017455	1059959.877625086	28.512077898351155	1151.1034877192867	1007.5777875255624	1.040695	25.378595	0.2252957192043697	0.1300197582731376	0.1130432189	-0.165949337	-0.1299838795	-0.0250863017	0.1451158818	0.038481559	0.1993264222	0.031485863	0.0355704977	0.0072645996	0.1130127091	0.0107958052	0.0024772378	-0.1671002015	0.0952763131	-0.0367494448	-0.2000554792	0.049572731	-0.069978909	0.0402666118	0.1740457703	0.1000256674	-0.0222459568	0.0500402366	-0.0678906464	-0.1101617019	-0.0122426506	-0.0003891464	0.1697536797	-0.0367548358	-0.0270574572	0.1550947911	0.1113029213	-0.0699544135	0.1798341893	0.0078623039	-0.1298438664	0.0430086668	0.0397765671	-0.1720354281	-0.0112166462	-0.0406857031	0.0012696802	-0.0292969141	0.0636722046	0.0268938997	0.1380592492	0.1086454176	0.0070148334	-0.0371221317	0.1329665326	-0.1375899396	-0.001553819	0.0309432058	-0.0869951788	0.1517510586	0.0652984351	-0.0717658183	-0.0044048027	0.0318206621	-0.1273953869	-0.0344490313	0.0818252772	0.0453428159	-0.0229187914	0.0671324582	0.0557477713	0.0854298827	-0.1014448351	-0.0228674228	-0.0608013843	-0.0018321066	-0.0611715278	0.2507732411	0.1114298236	0.0084997322	-0.0034246031706572	-0.0005255618486472	1.1727906876475348e-05	2.7621525675346256e-07	-0.0173186711957384	-0.0579795749256958	0.0033616311085643	0.000299936371986	0.0113075375433027	0.0027586221643716	7.609996245762797e-06	0.0001278604052932	-0.0015130194138325	-0.0019460784460842	3.7872213183138833e-06	2.289227746634041e-06	-0.0001407442554473	0.0008812333741279	7.765722596768434e-07	1.9808945441414837e-08	-0.00033810625917	-0.0004533273851008	1.143158424899312e-07	2.055057180824197e-07	0.0	0.0	0.0
1052.4769345970449	2.689416635701264	7.232961840386704	1107707.6978587925	1560.8388287269906	10.273353332798251	105.54178870051692	2436217.849261844	1029.7467104330103	0.2031816664573398	1060378.287647606	0.0412827895843816	1152.0203167645184	1036.6999009693957	1.061185	25.878262	0.0403818671963879	0.0180037519568554	-0.0563591934	-0.1735601291	0.0098531916	-0.0420674129	0.0291043684	0.203564784	0.1081631863	-0.0483326854	-0.043276219	-0.1319157213	0.0805854807	-0.1117411466	-0.1000088763	-0.1084752366	0.0874405076	0.0257506418	-0.0339567123	0.1462362688	0.04564869	0.1326663102	0.0267351925	-0.0195721038	-0.125203345	-0.0970021215	0.1485825752	0.0554900095	-0.1444968743	0.0472073982	0.1642311841	-0.0941409323	0.0056054495	-0.0244346418	0.074442041	0.1169327016	0.2099471014	-0.083607415	-0.0452925435	0.0840578273	-0.0133256469	-0.0523941592	-0.0608464695	-0.0113354747	-0.1008909358	-0.063766951	-0.1115882285	-0.0756269161	-0.0884833519	-0.1696731171	-0.1754476422	0.1720868295	0.1225742187	-0.0801352683	0.082569933	0.1288356797	-0.0778855986	-0.0036811072	0.1281877203	0.085347806	0.0119007391	-0.0312614714	0.0523763333	-0.0578601009	0.0647910003	-0.0716461923	0.0415834035	-0.1310307139	-0.0872404538	-0.0779714365	-0.0974123737	0.099567243	-0.0762539118	-0.0812491137	-0.0556528618	0.1625836015	0.1074583966	-0.0028345346	-0.0048687586453297	-0.0014441554746725	2.37048107464727e-05	2.0855850350265537e-06	-0.0116957839708504	0.0056228872248879	3.161686074380866e-05	0.0001367913626928	0.0016409143097746	-0.009666623233528	9.344360473898524e-05	2.6925997720230514e-06	-0.0016119965171669	-9.897710333440016e-05	9.796466984468526e-09	2.598532771358216e-06	3.2110416957387145e-05	0.0001728546724046	2.9878737772131714e-08	1.031078877177256e-09	-0.0001369740096431	0.0002011322495268	1.8761879317708053e-08	4.0454181799751165e-08	0.0	0.0	0.0
1050.886899950334	-1.5900346467108193	2.5282101777408	1104363.276487223	1548.763847246562	-12.074981480428733	145.80517775269686	2398669.454537972	1028.2075057286938	-1.5392047043164894	1057210.674836822	2.3691511217900114	1148.1483740057197	1032.8070612551858	1.094212	26.683657	0.1727835413373925	0.1109825318845828	0.0188737289	-0.0862330289	0.1637968421	-0.0191236437	0.0598459049	0.0633517347	-0.1764921746	-0.0358961614	-0.0932925639	-0.0932692059	0.1226924663	-0.0812908868	0.070874307	0.0902774149	0.1642735165	0.0161926621	0.1455823292	-0.0201980887	0.0231076298	-0.043796937	-0.044896287	-0.1147890659	0.2199300736	0.0931781075	-0.2509254902	0.0535789078	-0.117629381	0.2757020327	0.0204159716	-0.0483611902	-0.0562643552	-0.0931525872	0.126130328	0.0826196497	-0.0564697647	-0.0109081175	0.1756940971	0.1656168603	0.1471789469	-0.0126374503	-0.0468371101	0.1293472061	0.0455660971	0.1243648473	0.1794961189	-0.1428121782	-0.1061348584	0.2036318326	-0.1340444348	0.0998714758	0.1374862731	-0.0019253652	-0.0892816438	-0.001503251	0.037415334	-0.1876805624	0.0499193723	0.1632585653	-0.0310666443	-0.0013364392	0.0855418343	-0.0317940544	-0.0368361162	-0.0904002323	-0.0341975431	0.1573312712	-0.1875530567	-0.0053870858	0.0927894645	-0.0172327628	-0.0490429124	-0.0145033101	0.2240273152	-0.0599253214	0.1033401944	-0.0141533203	0.0097374741063163	0.014606232751646	9.481840197118043e-05	0.0002133420351952	-0.0026736956225903	0.00902208834826	8.139807816381064e-05	7.148648282258532e-06	0.0131374611262486	0.011496546816474	0.0001321705887033	0.0001725928848436	0.0004620194952241	0.002074016012391	4.301542419654266e-06	2.134620139671322e-07	-0.00041397741163	-0.0004460878285873	1.989943508138101e-07	1.7137729733987446e-07	9.609561779876194e-05	0.0002330696274418	9.234367760125734e-09	5.4321451235888335e-08	0.0	0.0	0.0
1051.5570436822743	0.670143731940243	0.4490926214587963	1105772.2161178046	1539.0262625358964	-9.737584710665487	94.82055599738626	2368601.8367752098	1024.9106179391697	-3.296887789524135	1050441.7747644507	10.869469096713336	1144.9770108395749	1023.872828214426	1.179401	28.761093	0.1427134507359789	0.070535393209714	0.1418004142	0.0137388034	0.0805086637	-0.0904390923	0.194209911	-0.0887969241	-0.1450617323	0.0902751719	0.1948421299	0.0796084851	0.1453991022	0.2250309004	0.204036445	0.0563853496	-0.0189439434	0.1677853855	0.0161018291	0.0887462053	-0.0407004695	0.0796809305	-0.2427852689	-0.1303874772	0.0375088237	0.002836859	-0.1001831771	-0.014851916	-0.0026402436	-0.1808532213	-0.1628412301	0.0257455828	-0.0764114288	-0.0262114983	0.1682155689	-0.2689948842	-0.128769428	-0.0161944699	0.0177106799	-0.0796394758	0.119149977	0.0434986193	-0.1608011619	-0.1276576403	-0.147581832	-0.0131652477	0.0144385752	-0.0791982989	0.0915263856	-0.1234866815	0.0792496748	0.0649256828	0.121760665	-0.0634114477	-0.175818544	-0.1794408632	-0.0221997382	0.0488977128	-0.1216429151	-0.1068288132	0.1080954423	-0.1274940813	-0.055768376	-0.0775465966	-0.1275427255	0.1089156498	0.0257471189	0.0641548816	-0.0014072072	0.1023264694	0.0360403547	0.0316840635	0.1997887886	0.0097731587	0.0986804515	0.0862370681	0.0990808418	-0.0253948054	-0.0201417943040667	-0.029879268410383	0.0004056918777873	0.0008927706807397	-0.0073393030771882	-0.0046656074545979	2.1767892920399502e-05	5.386536965882419e-05	-0.0494386719753379	-0.0625761331015865	0.0039157724339474	0.002444182286685	-1.2951982346293372e-05	-0.0004749714775703	2.255979045054027e-07	1.6775384669869516e-10	-0.0002560022648459	0.0001579751467841	2.4956147001457938e-08	6.553715960623034e-08	0.0003749978288325	0.0002789022110337	1.4062337162908898e-07	7.778644331950776e-08	0.0	0.0	0.0
1051.9669276248278	0.4098839425535061	0.1680048463632059	1106634.4168164197	1554.7012294264146	15.674966890518135	245.7045870188398	2417095.912780005	1026.8471750599715	1.936557120801808	1054415.1209286435	3.750253482128189	1149.1617978452084	1028.447193890083	1.189374	29.004292	0.1416504797435032	0.1190748773396323	0.1291069848	-0.0735610033	-0.0894257575	-0.1572576581	0.1084079736	0.0042244735	0.1701959045	-0.2020223525	-0.0002475212	-0.1384694475	0.1661113626	0.0515910853	0.0154566209	-0.1532766493	-0.0550612929	0.1015903266	-0.0467909129	0.118601063	-0.2059150426	-0.0487026744	0.1078130396	0.0621828928	0.1419573303	-0.0314913742	-0.2714990106	-0.0855225672	-0.0538890502	-0.1796772837	0.0713082745	-0.116103801	-0.1795961128	0.0367915264	0.1466091029	-0.009183692	0.0950822929	0.1638860657	-0.0967691279	0.0103652599	0.1030776872	-0.2807123884	0.0997111267	0.0008540073	-0.140039665	0.0366470942	0.1793629977	0.0693041413	0.1689166402	-0.0040401474	0.0345750467	0.0400150586	0.1663709031	-0.1094128134	-0.0360551075	0.0859416014	-0.1285964821	0.1394147012	0.0014888316	-0.0844955213	0.0050792558	-0.0147088842	-0.0626775148	-0.0591928148	0.0816511147	-0.0776180372	-0.1429705016	0.1213432089	0.0729866947	0.0396520415	-0.1010253521	-0.0429714345	-0.1317191619	-0.0646931169	-0.0741005068	0.0961878747	0.0946861568	-0.0364975928	-0.0084972779109051	0.0116445163931616	7.220373189515575e-05	0.0001355947620306	-0.0117646022864761	-0.0044252992092879	1.9583273091724112e-05	0.0001384058669589	0.0688412698930704	0.1182799418684083	0.013990144648394	0.0047391204404905	-4.397032522760166e-05	-3.101834288130829e-05	9.621375951024086e-10	1.933389500621063e-09	-0.0001730078549415	8.29944099044e-05	6.888072075379569e-09	2.9931717871459106e-08	0.0003429961361653	-3.20016926672e-05	1.1764634942432501e-07	1.0241083335659222e-09	0.0	0.0	0.0
1052.673571474807	0.706643849979173	0.4993455307133879	1108121.6480815257	1557.3833256551663	2.6820962287517887	7.193640180284567	2425442.823028746	1029.4521982026793	2.6050231427077506	1059771.8283843284	6.7861455740429655	1151.257856290739	1029.1886590432623	1.042513	25.422924	0.0796833370512899	0.0462698034496941	-0.0469976374	-0.1670043244	-0.0311018127	-0.1179643158	0.0719308197	0.2270785056	0.1576541241	-0.0625442359	0.016132191	-0.0066727298	0.1650682622	-0.0723998358	-0.0621558652	-0.0895924073	0.0879753908	-0.0198993356	-0.0777496283	0.0583541746	0.01400679	-0.088478143	0.1055996944	0.034674693	0.0157773068	-0.2571273201	-0.0658472246	0.0640397265	-0.1719603489	-0.1209523966	-0.0513821241	-0.0027551447	-0.1557220619	-0.1170420777	0.1489870711	0.0720094354	0.1656789997	-0.0891443078	-0.1093784508	0.0454662661	-0.0204014352	-0.105374857	-0.0151900685	-0.0090716439	-0.0678703682	-0.0226346102	-0.1288053618	-0.0406722117	0.0267688585	0.0583023461	0.0374697252	0.1691507576	0.1502944143	-0.0965539141	0.0566136365	0.1016982234	-0.0961648453	-0.0235292755	0.1086032598	0.036798661	-0.0465923275	-0.0706663961	0.0642666991	-0.0388969788	0.0251697983	-0.0447444105	-0.0457724764	-0.0787826747	-0.1445184165	-0.0171172693	0.0311699729	0.1465520857	-0.0700348883	-0.0899137116	-0.0583891372	0.0266284865	0.0901621419	-0.0474010431	-0.0153679513598206	-0.0068706734489154	0.0002361739289978	4.72061536416324e-05	0.0176191532354579	0.029383755521934	0.0008634050885727	0.0003104345607345	0.0396157348581951	-0.0292255350348753	0.0008541318980747	0.0015694064483548	0.0002110299934907	0.0002550003187183	6.502516254643544e-08	4.4533658152684886e-08	-0.0001649616464107	8.046208530799993e-06	6.474147172111856e-11	2.7212344786528818e-08	0.0003640170698275	2.102093366220003e-05	1.3250842712579906e-07	4.4187965203061427e-10	0.0	0.0	0.0
1051.3538081370823	-1.3197633377246802	1.7417752676021885	1105344.829884345	1548.8547768092046	-8.528548845961723	72.73614541795503	2398951.1196446912	1027.677813581411	-1.7743846212681549	1056121.6885274695	3.1484407841929327	1145.9319658556262	1044.3196931500054	1.013238	24.709019	0.0525516812994257	0.0286630621924216	-0.0478305409	-0.1227087346	0.1433255095	-0.0345779095	0.0280477393	0.1407407966	-0.1015368842	-0.0944170892	-0.1088327544	-0.0033891252	0.1372839514	-0.1600097069	-0.0953259945	0.0200774052	0.0911036135	0.0685550917	0.1153047297	-0.0785298068	0.0344540122	-0.0165277106	-0.0721056114	0.0005301518	0.0096295426	0.0094642757	-0.0246882276	0.2628099081	-0.0280022966	0.0380348445	0.0192772091	0.1906763731	0.0105233543	0.0090300472	0.1305487803	0.1775022374	0.0319442909	-0.0072280167	0.1281201243	0.0168983303	0.0700291644	0.0515918005	-0.0785392024	0.066839684	0.0880607016	0.0117784469	0.017904447	-0.1051977807	-0.1677480248	0.0367694445	0.0226570079	0.0151617773	0.1526345285	-0.0346565234	0.0148016501	0.0593502704	-0.036926746	-0.1684520613	0.0574279849	0.0944144824	0.0354926988	-0.0243492386	0.0985002641	-0.0330072252	0.0449038148	-0.1139863961	0.0063635996	0.159438652	-0.1565660111	-0.0696746451	-0.0506028958	0.0139767279	-0.0905736682	-0.0495791088	0.0208676685	-0.0893452803	0.0855149763	-0.0580456054	-0.0259441294602993	-0.0105761781004786	0.0006730978534527	0.000111855543213	-0.003935820062594	-0.0215549732980519	0.0004646168738797	1.5490679565117438e-05	0.0451336656984722	0.0055179308402771	3.044756075808117e-05	0.0020370477793814	-2.5958861457560828e-05	-0.0002369888549482	5.616371736968781e-08	6.73862488172837e-10	-0.0002260047270696	-6.104308065889999e-05	3.72625769632897e-09	5.10781366578044e-08	0.0003639970242223	-2.004560519999884e-08	1.3249383364268966e-07	4.0182628783422064e-16	0.0	0.0	0.0
1051.210229297181	-0.1435788399012381	0.0206148832673853	1105042.946179032	1544.7761838033318	-4.07859300587279	16.63492090755444	2386333.458045985	1027.8792259247966	0.2014123433855275	1056535.7030877592	0.0405669320680496	1150.9494776759182	1020.012351351748	1.137089	27.72928	0.0748063872936709	0.0364806787717702	0.1171639941	-0.0209739821	0.1370002486	-0.0664645926	0.1019286233	-0.0319885002	-0.1600147481	0.047424608	0.1248299646	-0.1254629693	0.1535690626	0.0934170547	0.1115095632	0.0715664309	0.1136490488	-0.007890753	0.0599987124	0.0149984158	0.1305165093	0.0751766441	-0.038140823	0.1091312253	0.0121703604	0.0582942214	0.0179893695	0.1411239747	0.1193174976	-0.0034733544	0.1069574681	-0.2341928286	-0.0902102866	0.1356955696	0.1123705843	-0.1509961198	-0.0559321577	-0.0320071928	0.1263516589	0.1546400575	-0.0734720081	0.0395845241	-0.102144459	-0.0412993551	-0.0324300441	-0.0616189723	0.0246734164	-0.2746444878	0.0584581074	0.0841475377	0.0637361642	-0.0793685399	0.1423307767	-0.0005655862	-0.1748085683	-0.1489393599	0.0387999036	-0.0712709001	-0.0748697487	-0.0282706273	0.0494062037	-0.1001965918	0.0946807145	-0.0951128118	-0.06132049	0.0158207417	0.0137628413	0.091023935	-0.1193708224	0.1227275662	0.0598614321	0.2491935611	0.0869045043	-0.0453805273	0.044635853	0.0769054418	0.0807510076	-0.0683731426	-0.0420148200377212	-0.0160706905774219	0.001765245102802	0.0002582670956352	-0.0313451894064371	-0.0274093693438431	0.0007512735278272	0.0009825208989254	0.0356095466208543	-0.0095241190776179	9.070884420464528e-05	0.0012680398105427	0.0001960799981349	0.0002220388595924	4.9301255169120535e-08	3.8447365668582396e-08	-0.0004399639270009	-0.0002139591999313	4.577853923524201e-08	1.935682570620533e-07	0.0003640431305943	4.610637199998656e-08	1.3252740093289858e-07	2.1257975390011443e-15	0.0	0.0	0.0
1049.710905519666	-1.4993237775149737	2.2479717898217704	1101892.985166917	1547.283404415601	2.507220612269066	6.2861551985868696	2394085.933579932	1028.160042347255	0.2808164224584288	1057113.0726795094	0.0788578631223507	1149.3869766220078	1018.469276375056	1.134918	27.676331	0.2019921403056206	0.1211785305040119	0.1629781579	-0.0257031954	-0.0286252872	-0.0372013113	0.0674171929	-0.0965831769	0.0389408434	-0.0947175243	-0.0117530026	-0.0384060001	0.114502998	0.1095388806	0.0089214055	-0.1001159098	0.0143835652	-0.0236154935	-0.0736102342	-0.10319603	-0.1667803907	0.0693222046	0.1483635257	-0.0708013061	-0.109500082	0.0018707022	-0.143449717	0.0413376847	0.1605293003	0.1025559615	-0.0180465827	0.0672364566	0.1024483009	-0.1850966886	0.0793821089	-0.0292400706	0.0382976639	0.1629091355	0.010541468	-0.0401093255	-0.0397940415	-0.18928865	0.0389164872	-0.0926967014	0.080023165	0.0883923728	0.2422246012	0.0771101097	-0.049109872	-0.0957565123	0.0679319274	-0.013334852	0.0869279924	-0.0950536001	0.0140874253	-0.0265970594	-0.0431215732	0.0947681821	-0.0950818867	-0.1040652656	-0.0558336817	-0.0075745748	0.0225222541	-0.0224711015	0.0520623144	-0.1102943215	-0.112431661	0.2627916347	0.0365371528	0.0631805441	-0.0250999283	0.0736161767	-0.042809889	-0.140188112	-0.1836387126	-0.251984177	0.0758767427	-0.0783272495	-0.0492078034769605	-0.0071929834392392	0.0024214079230271	5.17390107571708e-05	0.0392672448536615	0.0706124342600986	0.0049861158721367	0.0015419165183974	-0.0525206816283585	-0.0881302282492128	0.0077669371312583	0.0027584219987073	0.0007136171746283	0.0005175371764934	2.678447290527607e-07	5.092494719244777e-07	-0.0006428700410401	-0.0002029061140391	4.117089111448881e-08	4.1328188966689977e-07	0.0003647297272031	6.865966087999742e-07	1.3302777390564772e-07	4.71414903215625e-13	0.0	0.0	0.0
1048.6934098016352	-1.0174957180308866	1.0352975362111894	1099757.8677613805	1548.8119219775613	1.5285175619603706	2.3363659372212755	2398818.369659828	1028.3403526717696	0.1803103245144939	1057483.8809330994	0.0325118131265221	1148.2516837210746	997.8196096586432	1.187923	28.968918	0.2851588022701429	0.1819022779983281	0.030958179	-0.2178667235	-0.1040608799	-0.1023286197	0.1219950541	0.174248432	0.1206501048	-0.159074188	0.0455828789	0.0787465519	0.1481823814	-0.1276038178	-0.0316190913	-0.070572578	0.092522038	0.037132852	-0.2194473369	-0.0031575563	0.0432768014	-0.194771672	-0.0344903086	0.0731519208	0.1039231845	-0.1348043302	-0.0026542946	-0.097004767	0.1259194025	-0.0799726172	-0.0384267699	-0.009175084	0.1406977547	-0.1321211646	0.1595607826	0.1266226339	0.1429762706	-0.0347025241	-0.1615117738	0.0452403435	-0.0320934871	0.0493720606	-0.0973749084	0.1685040107	0.1044755472	0.1212382352	0.0681412749	-0.0602648339	0.1382668183	0.0216691731	0.1090162625	-0.132708291	0.193655969	-0.0312562789	-0.0045211265	0.1417879325	-0.1129467192	-0.0169924886	0.1420095592	-0.0331816334	-0.0322027431	0.0785378054	0.0191385581	-0.0003195235	0.15198924	-0.0036130215	-0.1131927875	0.1475392201	-0.0635964635	-0.0919972282	-0.0877561614	0.014509716	0.0228559152	0.1285574262	0.1375082429	-0.0326974452	0.0708988393	-0.0878535601	-0.0160947091864471	0.0331130942905134	0.0002590396637963	0.0010964770134924	-0.0316132991766835	-0.070880544030345	0.0050240515220376	0.0009994006848344	0.108725106281696	0.1612457879100545	0.0260002041187342	0.011821148735966	0.0005111528467114	-0.0002024643279169	4.0991804078842056e-08	2.61277232701168e-07	-0.0005948692795225	4.800076151759993e-05	2.304073106269502e-09	3.5386945971961826e-07	0.0005126521585532	0.0001479224313501	2.6281223566925536e-07	2.1881045696525063e-08	0.0	0.0	0.0
1050.034116780274	1.3407069786387638	1.7974952025706823	1102571.64640253	1550.4687596151273	1.6568376375660137	2.745110957255329	2403953.3745424715	1026.1953315576577	-2.1450211141118416	1053076.858510731	4.601115579985606	1148.2013089902646	1017.4024736092066	1.156687	28.207188	0.123450146840515	0.0553371732062921	-0.0945610432	-0.2261421573	0.0855471922	-0.024963995	0.0777617368	0.2140199781	-0.1531513201	0.1278437918	0.0826246373	-0.0955646187	0.1846296714	0.0855317863	0.0361619885	0.0348779318	0.2039587791	0.094089413	-0.0121636649	0.0267779013	-0.0266325881	0.0274168733	-0.0586353476	-0.0273347675	-0.0896056817	0.0174558233	0.0240702423	-0.2433928909	-0.004829329	-0.0089222018	0.1614088825	0.1393212108	-0.0408630367	-0.0229101416	0.160881119	-0.0846242909	0.0448149636	-0.1875489121	0.1229586528	0.0464074724	0.0007238576	-0.0153506227	-0.0925754383	-0.1039939548	0.0200241268	-0.0104694757	0.0595986858	0.106694661	-0.1024211555	-0.1808620123	-0.0353125294	-0.2211204253	0.1571590131	-0.0849824647	-0.0078683564	-0.139673927	-0.165600985	-0.0423199847	0.067201457	-0.0155848433	0.0744763466	-0.1693678006	0.0869767244	0.0383851372	0.0363686611	0.1663262612	0.0463080825	0.0965629238	0.0697289693	-0.0102253828	0.0082389208	0.0611065661	0.0687999552	-0.0855635168	0.1352249375	-0.0155047235	0.0658240966	-0.096900045	-0.0282395279428442	-0.0121448187563971	0.0007974709384346	0.0001474966226257	-0.0033631905363051	0.0282501086403784	0.0007980686381931	1.1311050583492184e-05	0.0692245023522915	-0.0395006039294045	0.0015602977107876	0.0047920317259224	-0.000109410240623	-0.0006205630873344	3.850985453620022e-07	1.197060075318276e-08	-0.0004930194941585	0.000101849785364	1.0373378778692881e-08	2.430682216203032e-07	0.0003639727209649	-0.0001486794375883	1.3247614160659294e-07	2.2105575161573212e-08	0.0	0.0	0.0
1049.2254154022555	-0.8087013780184407	0.6539979188089249	1100873.9723260356	1541.8242621574227	-8.644497457704574	74.72733629626084	2377222.055377281	1027.6691364589074	1.4738049012496504	1056103.8540301963	2.172100886947492	1148.21019464594	1028.2906237612203	1.187064	28.947971	0.1072831328055156	0.0541315168127511	0.093290875	-0.0147775961	0.1921792405	0.0108885703	0.0803755499	0.0167466355	-0.0623687103	-0.0600259998	0.0373830277	0.0001325354	0.1632698484	-0.0045038125	0.1187457013	-0.0290485641	0.023826689	0.0332891091	-0.0940413759	-0.1598831964	0.0580686659	-0.0015348508	0.017273617	0.0025355046	-0.1075272934	0.0170762951	0.0377212663	-0.0084892048	0.2364760724	-0.0975095919	-0.1829691175	0.0968141601	0.0729300399	0.1437393542	0.1311349805	-0.0210563288	-0.0239527064	0.042077959	0.0264246701	0.0269694435	-0.0046375117	-0.0529721797	-0.1519668345	-0.1517333015	0.0256804075	0.1491539084	0.0259887762	0.0797537869	0.2141338966	-0.1548342448	0.1836824083	-0.0407911038	0.1300452299	-0.0896163102	-0.0174982187	-0.026175879	-0.1342475306	-0.0277639114	-0.1571565483	-0.100764502	0.2428076632	-0.046732606	-0.0793217239	0.0433254758	0.2414145335	0.0121728785	-0.0233904856	0.1454072376	0.1494523024	-0.0076644071	0.0317084955	-0.0422185801	0.0129999437	0.1220249243	0.0868311189	0.155933475	0.0606594461	-0.1054172954	-0.031529231159979	-0.0032897032171348	0.0009940924175393	1.082214725682706e-05	0.0086371011808807	0.0120002917171858	0.0001440070012975	7.45995168087708e-05	0.0278141405952965	-0.0414103617569949	0.0017148180608451	0.0007736264170549	-0.0004252837330653	-0.0003158734924423	9.97760632276958e-08	1.8086625360995736e-07	-0.0011885765476915	-0.000695557053533	4.837996147195087e-07	1.412714209722245e-06	0.0003637477446562	-2.2497630869995798e-07	1.323124217424721e-07	5.061433947625877e-14	0.0	0.0	0.0
1051.8700677379472	2.644652335691717	6.9941859766796535	1106430.6394030338	1543.950594061586	2.1263319041631803	4.521287366662216	2383783.436903124	1027.9527659435985	0.2836294846911187	1056686.8890110946	0.0804456845861495	1146.1625576534786	1032.769032322156	1.433663	34.961571	0.2432277343868774	0.1530561627399333	0.1440241824	0.0927966245	0.0357888404	-0.0328792819	0.0701656038	-0.0564858864	0.0115071627	-0.2062068327	-0.0077074745	0.0232381912	0.1557397207	-0.023121609	-0.0129463684	-0.1252160531	0.07047978	0.0283783502	0.0393688077	-0.1474199223	0.0924297698	0.1862636463	0.0125001832	0.10228433	0.0954772741	0.1077803244	0.2710258502	0.1969454137	0.1981155812	-0.0796802043	-0.1130593948	0.3043217557	-0.2478171125	-0.0869760265	0.1337342972	0.1095096508	-0.0399151478	0.2041308439	0.0420774842	-0.0399069447	-0.0415265177	-0.1805322211	-0.0669669843	-0.0254064592	0.1958929375	0.0433990146	-0.2016427917	-0.2884297931	-0.134558647	-0.1019645081	0.2349497069	0.033004945	0.0973523392	-0.0598007934	0.005564424	0.1422295114	0.0011175485	-0.223752572	-0.2025759078	-0.4156924929	-0.2279671217	-0.2680003521	0.1434857861	0.3880274589	0.2447615911	-0.0896709953	-0.0307925238	-0.3134076028	0.0282857803	-0.1560877441	0.2374378279	-0.0971696298	0.1060542573	0.1536105764	0.0337814267	-0.1194419712	0.0554119421	-0.1133587932	-0.0233888862348123	0.0081403449251667	0.0005470399993049	6.626521550068726e-05	0.0240175750200677	0.015380473839187	0.0002365589755179	0.0005768439098445	-0.0659022176740222	-0.0937163582693187	0.0087827558072633	0.0043431022943542	0.0014050910172712	0.0018303747503365	3.3502717266694047e-06	1.974280766816216e-06	-0.0005002439886572	0.0006883325590343	4.738017118267081e-07	2.502440481876648e-07	0.0003648515823495	1.1038376933000002e-06	1.3311667714293398e-07	1.2184576531498653e-12	0.0	0.0	0.0
1049.7485339589457	-2.1215337790015383	4.500905575444548	1101971.9845489557	1547.0658278095125	3.1152337479265952	9.70468130422078	2393412.675575932	1032.3333409099655	4.380574966367021	1065712.126754331	19.18943703596143	1154.926595388113	1023.79687880369	1.932179	47.118488	0.5977465056281198	0.3536856741105447	-0.0657662111	0.0794187346	-0.1683678486	0.1291455272	-0.1293992881	-0.0653152925	0.0868496483	0.2139132257	-0.0395993977	-0.2662071055	-0.233879395	-0.1269753163	0.2590486913	0.106283443	0.37764132	0.2177209142	-0.0955008193	-0.1403859027	-0.2966123831	-0.1368720955	-0.1932995068	0.177188169	-0.112257025	-0.1209974174	0.1079663633	-0.1037515531	-0.1964235811	0.0863624365	-0.0158047192	0.0302533893	0.0569139487	0.0721352713	-0.2519906989	-0.1031580732	-0.0123957327	-0.0985783812	-0.0869760414	0.3155742216	0.2889519076	-0.1470018893	-0.3527729647	0.1867838813	0.2845680019	-0.3107617674	-0.1047973538	0.1521287959	0.073064599	-0.1182637887	-0.1338047527	0.0669215181	-0.2661505959	-0.0762778897	-0.2917643391	0.0021574989	-0.3825127332	-0.2002704485	0.0277356242	-0.210369871	0.1076209514	0.4133762658	0.359202176	0.0276722897	-0.3220630239	0.0015070691	0.0670543099	-0.0231398764	0.1993427668	-0.1083106723	0.022466814	0.0611138976	-0.1916406448	0.1034837948	-0.0089277523	0.0759378696	0.0500887521	-0.1206811645	-0.0479894711315154	-0.0246005848967031	0.0023029893394825	0.0006051887772598	0.1509577395499093	0.1269401645298415	0.0161138053708632	0.0227882391300182	-0.3309214265183016	-0.2650192088442794	0.0702351810564477	0.1095089905289076	0.0040750102490118	0.0026699192317406	7.128468704018318e-06	1.6605708529551213e-05	-2.5232203938685416e-05	0.0004750117847185	2.2563619562146846e-07	6.366641156034117e-10	-0.0001139483483373	-0.0004787999306868	1.2984226088798661e-08	2.292493736256845e-07	1.0	0.0	0.0
1055.035688997745	5.287155038799256	27.95400840430036	1113100.3050589464	1555.9607599685182	8.894932159005748	79.11981811331465	2421013.8865618086	1032.1965372552515	-0.1368036547139581	1065429.691521732	0.0187152399430958	1152.9125215150452	1073.9067524900004	1.517852	37.014626	0.2722022037459413	0.1563503366427767	-0.1330222058	0.168575257	0.0155451102	0.1372428131	-0.2005183478	0.0160259654	0.0411557096	0.026709953	-0.1680635566	-0.0826843323	-0.2575101704	-0.0948202402	0.0460450506	-0.0360666847	0.0840159694	0.0427138448	0.1251265696	0.0790210643	-0.2287479429	0.1087805002	0.1746825554	-0.0538771895	0.0049376157	0.0401199127	0.0541901497	-0.0931309971	0.0077948389	-0.2186999645	-0.0018668025	-0.0658321702	0.1780769842	-0.0763988837	-0.2516027507	0.1199152198	-0.0024642173	0.0559720947	0.0595546489	0.1175326643	0.131046887	-0.1544984185	0.0662721847	0.0013018573	-0.1120219697	0.0288883682	0.0661336827	0.2423308521	0.0487805148	-0.0371539913	-0.0664257798	-0.1986514122	-0.2193229427	-0.089807053	-0.039733526	0.105060953	-0.1309340754	-0.1062490138	-0.0412859943	0.1072370674	0.0128508396	0.006539509	-0.1248968832	-0.0790465353	0.0566210333	-0.2036732575	0.1594747953	0.025506651	-0.0657166927	0.2658452792	0.1143806308	-0.0503390475	0.0201710464	0.1492766588	-0.014138136	-0.0610551838	0.0446971468	-0.1273444172	-0.0309417734210626	0.0170476977104528	0.0009573933424403	0.0002906239972269	0.1348440663315528	-0.0161136732183564	0.0002596504645879	0.0181829222248282	-0.2188658667772003	0.1120555597411012	0.0125564484688915	0.0479022676401351	0.002743087369506	-0.0013319228795058	1.7740185569510228e-06	7.524528316743346e-06	-0.0009477664552175	-0.0009225342512788	8.51069444782563e-07	8.982612536355455e-07	0.0001712999823987	0.000285248330736	2.9343683969794924e-08	8.136661018767443e-08	0.0	1.0	0.0
1050.8403448495658	-4.195344148179174	17.60091252166124	1104265.4303635545	1552.1794775000446	-3.781282468473592	14.298097106385738	2409261.1303723115	1029.8759321157368	-2.3206051395147824	1060644.4355512576	5.385208213542422	1151.6663477595027	1055.1173158306694	1.106192	26.975807	0.1403502711812499	0.0818072992386289	0.0011449556	0.1937698805	-0.0052879565	0.0423368403	-0.0945366274	-0.1038814209	-0.0375865366	-0.1127998803	-0.0875002672	0.0337996752	-0.1366017455	-0.2028421026	0.0367862777	-0.0546467041	-0.1437155877	0.172599732	0.1321835997	0.2192508095	0.0521267246	0.0203573652	-0.0457269743	0.0689394471	-0.0645495373	0.1749285737	0.1348457213	-0.0625590727	0.0268402255	-0.0066728475	-0.1139605795	-0.221156537	-0.2184253343	-0.0025301525	-0.1246957149	0.0681654438	-0.0519849471	0.1406285798	-0.0765353026	0.067709315	0.0045687133	0.1794134135	-0.1222459658	0.1028605237	-0.3042662675	0.046662079	-0.0906867692	-0.1045233364	0.0797185768	-0.1655488688	-0.0964643071	-0.1207011499	-0.1469115216	0.0017389081	-0.0236972274	0.188961745	-0.0001158051	-0.1100460752	-0.1435424493	0.0366782867	-0.0461416874	0.0073384459	-0.1734592365	-0.1917299149	0.0220689877	0.0829866733	0.0970198564	-0.1202537499	0.0119258384	0.1024251739	-0.0133260736	0.0005864825	-0.007782167	0.0419013817	0.0145989901	-0.0325533991	0.0392444906	-0.1333121588	-0.0309102528152322	3.1520605830399895e-05	0.0009554437291015	9.935485919154398e-10	0.0819020946244393	-0.0529419717071135	0.0028028523682368	0.0067079531038706	-0.1549435660364793	0.063922300740721	0.0040860605319871	0.0240075086561008	0.0031151277543982	0.0003720403848921	1.384140479907362e-07	9.704020926221971e-06	-0.0009651115196289	-1.7345064411399924e-05	3.0085125943561216e-10	9.314402453204046e-07	0.0002510040956468	7.970411324809999e-05	6.300305603146791e-08	6.352745668665949e-09	0.0	0.0	0.0
1049.974997484339	-0.8653473652268531	0.7488260625050567	1102447.4953422376	1544.6942397165517	-7.485237783492948	56.02878467543043	2386080.294213496	1028.8693718494717	-1.006560266265069	1058572.1843299265	1.0131635696236063	1147.660011344963	1035.8928566577126	1.005878	24.529533	0.0448666531317521	0.0275887068426916	0.0373170131	0.1483263881	-0.0956800886	0.0714889226	-6.83941e-05	-0.1547468135	0.0157731681	0.071955288	0.0114113275	0.0211064619	-0.1304206119	-0.0254288452	0.0678290561	0.2007064892	-0.1322472958	-0.011276566	0.0570069371	-0.0594230142	-0.0562915107	-0.1128598001	0.1502374258	-0.1322275321	0.1432050017	-0.0149046061	-0.0324513163	-0.0889511384	0.1183881935	-0.125983662	-0.0066642523	0.036278092	0.0049857613	0.1194066564	-0.0896005753	-0.0317911454	-0.1585556938	0.0609685879	-0.0178034278	-0.0591500142	0.1234208081	0.0264529384	0.1479893775	0.2602067371	0.0709840352	0.0650447907	-0.0947765281	0.1087615013	-0.0945731381	0.0090405173	0.0034640238	0.0309981956	-0.1434438361	0.0337131193	-0.1092570766	0.0131635877	0.0178390079	-0.10015975	-0.0624797936	-0.0102335748	-0.2322436394	0.0128338244	-0.1708185868	-0.1372020466	0.0517530923	0.0343033155	0.0670034077	-0.0077455521	0.0194914745	-0.0033087281	-0.1389215535	-0.0148281796	0.0127301741	-0.1443004033	0.0266977565	-0.1714924801	0.0337382312	-0.1385517956	-0.0263670631611745	0.0045431896540577	0.0006952220197453	2.064057223273692e-05	0.0741836076206396	-0.0077184870037997	5.957504162782497e-05	0.005503207639613	-0.1417755243021545	0.0131680417343247	0.0001733973231169	0.0201002992911508	0.0027341247453336	-0.0003810030090645	1.451632929162795e-07	7.475438123045524e-06	-0.0009671656719196	-2.0541522907000474e-06	4.219541633388253e-12	9.354094369396914e-07	0.0002453225622107	-5.6815334360999815e-06	6.018315952962278e-08	3.2279822185522056e-11	0.0	0.0	0.0
1052.7551736714672	2.7801761871282906	7.7293796314752	1108293.4556920412	1556.9066840045527	12.212444288001052	149.14379548752953	2423958.422698052	1029.1772631886588	0.3078913391871083	1059205.839064498	0.0947970767464309	1149.6515906623176	1036.3779980363747	1.027716	25.062075	0.0623692001185083	0.0448353189096911	-0.0318331107	0.1102106098	-0.1833862825	-0.0289516171	0.0009111402	-0.0909052926	0.0868257161	0.1249972952	0.2620945815	-0.0514043998	-0.1499625449	0.1008247019	0.1173975426	0.0624286605	-0.0774145894	0.0873650101	-0.1019628012	0.0042284529	0.0844462319	-0.0288322882	0.1287931409	-0.0023208476	0.0080550086	-0.1472047844	-0.0761716113	-0.0042954388	0.0178739176	0.0695464504	-0.0662722806	0.1214084692	-0.1742488513	-0.0088002649	-0.079290975	-0.1809539927	-0.1489047342	-0.0809471626	-0.1699555519	-0.0380355324	0.0862496193	-0.066198664	0.036674498	0.0185804928	-0.0223856141	0.128238214	0.0169416996	0.0015098741	-0.0934250695	-0.1466173864	0.1987746213	0.1125786022	-0.1353831566	0.0617698044	-0.2075927586	-0.0494733964	-0.104817903	0.0744046561	0.0220590579	-0.0755625841	-0.1378905976	-0.1170227771	-0.0942718051	-0.1984044174	0.0195417905	0.1104765539	0.0308661581	-0.0461732025	-0.0708591164	-0.14793198	-0.0638727612	-0.1341192453	-0.1231490265	-0.0867334812	0.0707985423	-0.0547803036	0.0281858894	-0.1430347106	-0.0233597777667995	0.003007285394375	0.0005456792173142	9.043765443221198e-06	0.0299593319181923	-0.0442242757024472	0.001955786561406	0.0008975615689844	-0.1438321959409805	-0.002056671638826	4.229898229951233e-06	0.0206877005892046	0.0028291560136897	9.503126835610012e-05	9.030941965369115e-09	8.004123749796595e-06	-0.0008950214563532	7.214421556640002e-05	5.204787839691195e-09	8.01063407332603e-07	0.0003397664259454	9.444386373470002e-05	1.15441224199711e-07	8.919643397138586e-09	0.0	0.0	0.0
1056.2089781857185	3.45380451425126	11.928765622662382	1115577.4056001196	1560.3987518031847	3.492067798631979	12.194537510242396	2434844.264628937	1031.7906701178963	2.613406929237499	1064591.9869423376	6.829895777786573	1153.257466007878	1047.4680265964946	1.076194	26.244284	0.0964030362571096	0.051538130864358	-0.1173718539	0.101632534	-0.2094071902	-0.0237988962	-0.1491493191	0.0151212986	0.2494335939	0.0033805704	0.0558032488	0.0786684983	-0.162135752	-0.1004323759	0.008109544	-0.1022753352	-0.0271911906	-0.1029932336	-0.0664596698	0.0601730396	-0.1876996955	0.044199798	-0.1487416719	0.0526829331	0.1965386707	0.096156548	0.0311864554	0.1216425538	0.1383764759	-0.0336293658	-0.0808609746	-0.0742652505	0.0466109003	-0.05091195	-0.1650548559	0.0616021604	0.0394344648	-0.0332828649	-0.1911317138	0.0187955748	0.0395551038	-0.0794808705	0.0482944881	0.0384718418	-0.0045826428	-0.1778354211	0.0526070994	-0.1329746757	0.0556258873	0.1106459806	0.164100306	-0.1862067775	-0.1679827708	-0.0159414049	-0.0205620451	0.1695503595	-0.1364601454	0.0711063541	0.0089071229	-0.0310038746	-0.1496941482	-0.1301383874	-0.1513789677	-0.1917879169	0.0445991483	-0.0503272785	-0.017891541	-0.0077627903	-0.0117868706	0.0723305451	0.0469166209	0.0442491831	0.0018571558	-0.0068919916	-0.0553744799	0.1341169292	0.022595049	-0.1467364196	-0.0307262272231412	-0.0073664494563416	0.0009441010393681	5.4264577592836895e-05	0.0732774464225229	0.0433181145043306	0.0018764590442102	0.0053695841542057	-0.1700717706322478	-0.0262395746912672	0.0006885152799785	0.0289244071659879	0.0025341637862193	-0.0002949922274704	8.702041426794831e-08	6.421986095385338e-06	-0.0009805832217131	-8.556176535990008e-05	7.320815691502596e-09	9.615434547052427e-07	0.0003307424666723	-9.023959273100012e-06	1.0939057926047749e-07	8.143184096256769e-11	0.0	0.0	0.0
1054.9349378125503	-1.2740403731681909	1.623178872462543	1112887.7230175694	1568.064676084475	7.665924281290245	58.76639508647536	2458826.828383909	1032.4960522157028	0.7053820978064778	1066048.0978410111	0.4975639039058673	1154.5809793710948	1050.7797372731598	1.166466	28.445673	0.1460980972253342	0.0655229391587708	-0.2186470634	-0.0203864032	-0.0461573621	-0.05385304	-0.1771838361	0.131757611	0.0581610297	0.0859890497	0.1344280145	-0.1434044377	-0.1149373481	0.031637342	0.1010427732	0.0755080145	0.1528234294	-0.2380217841	0.0371687926	0.1865998441	0.0776007598	-0.0301705907	-0.1193186057	0.0499005027	0.0193720171	-0.1564238016	-0.0145578189	0.0209170722	-0.0170412543	0.064934637	-0.1007986914	0.0234143861	-0.0785061405	0.0244283193	-0.1021624971	-0.0414493136	-0.0915939621	-0.2565364021	-0.0492859056	0.1738404866	-0.1571898419	-0.005325826	0.0618479755	-0.0654345051	-0.0346362296	0.0535598144	0.0033621126	-0.0510321324	-0.0130633202	-0.1526100954	0.169842401	0.1493082402	-0.1205907485	0.0968600309	-0.1124363853	-0.1018535771	-0.0588237361	0.0167778595	0.1738663955	0.0820523573	-0.0153658378	-0.2531227259	-0.0815104185	-0.0636452882	-0.0517947234	-0.0410352247	-0.0158430229	-0.0495091334	0.0710641646	-0.3404864615	0.0143516518	-0.0397927664	0.0850350942	-0.0817459096	-0.1204548602	-0.0487107116	0.0169733466	-0.1496367051	-0.0392088741175626	-0.0084826468944214	0.0015373358095668	7.195529833543711e-05	0.0495312326855241	-0.0237462137369988	0.0005638826668432	0.0024533430113475	-0.1422650103993987	0.027806760232849	0.0007732159146471	0.020239333183941	0.0029681476794563	0.0004339838932369	1.883420195891436e-07	8.809900647061818e-06	-0.001439740832458	-0.0004591576107448	2.1082571150496507e-07	2.0728536646468542e-06	-0.0004973655565671	-0.0008281080232393	2.473724968593012e-07	6.857628981534665e-07	0.0	0.0	0.0
1052.6719701785498	-2.2629676340004607	5.121022512533643	1108118.2767995896	1550.4811652196595	-17.58351086481548	309.17985433308405	2403991.843700913	1029.846599847944	-2.6494523677588404	1060584.0192183712	7.019597849022926	1150.6674279412468	1066.3348663920724	1.26708	30.899258	0.1321630744029209	0.0619074366264306	-0.1198394912	0.0775196024	0.0946973532	0.1266768317	-0.111779058	-0.0419472672	-0.0331058542	0.0069289931	-0.1467576122	-0.0738390796	-0.1402066457	0.0029950706	-0.0798243705	-0.0850094056	0.0520786064	-0.0882802678	0.1461007797	0.0306163449	0.0217163143	-0.0149224801	-0.089614715	-0.1922398909	0.1030209503	-0.0285156308	-0.0613325403	-0.1317474575	0.0774892313	-0.0039084174	-0.1395644634	0.0271503945	0.10680187	0.0781082802	-0.1452569904	0.0808475137	0.0509646641	0.0192067496	0.1405189569	0.0399762853	-0.0447353483	-0.0129974842	0.0730617844	-0.0590679074	-0.0931165591	0.1556176221	0.1223509018	0.1655449803	-0.0615043123	-0.0369211098	0.0008360733	-0.0251527244	-0.1260731713	-0.0260296084	0.061201489	0.0187031382	0.0237199341	-0.0648226395	0.0356488459	0.0915089591	0.0688147444	-0.1437656895	-0.1458683891	0.0307529673	-0.0750425856	-0.0796087958	0.1510751622	0.1036285175	-0.014244616	-0.0437096593	0.0816078814	-0.1582087812	-0.0659412803	-0.0373036578	-0.041555077	0.0891158069	0.0113284606	-0.1517197269	-0.0568666327094007	-0.017657758591838	0.0032338139157058	0.0003117964384876	0.0811025118035075	0.0315712791179834	0.0009967456651456	0.006577617420838	-0.0996886361215985	0.0425763742778002	0.0018127476466433	0.0099378241717844	0.0030930526235456	0.0001249049440893	1.5601245057951192e-08	9.566974532022318e-06	-0.0013209009761161	0.0001188398563419	1.4122911455363452e-08	1.7447793887044656e-06	6.604289130768531e-05	0.0005634084478747	4.361663492278735e-09	3.1742907913667464e-07	0.0	0.0	0.0
1050.9504623377004	-1.7215078408494264	2.963589246106054	1104496.8742878262	1549.8026237313609	-0.678541488298606	0.4604185513424873	2401888.17252461	1028.1327665336894	-1.7138333142545434	1057056.985620218	2.9372246290487127	1149.974145287866	1041.127373313239	1.218669	29.718683	0.232686997386945	0.1448281240427088	-0.0007989666	0.0795321933	0.1281760738	0.0043821028	-0.051085725	-0.0364018719	-0.1611286495	-0.0278623609	-0.014104502	-0.1159147979	-0.0404718107	-0.0182569331	0.1272743586	0.1014088373	-0.0923132432	-0.1121084424	0.0169397893	-0.0830499524	0.1159558463	-0.2089924891	0.0006042893	-0.1875115952	-0.0628283227	0.1134204458	-0.0073922521	-0.0404323942	0.0945128808	-0.0358311766	-0.0158017815	-0.0695806165	0.0373416233	-0.1036814178	-0.0296697311	-0.004687782	-0.1682495337	0.0215486659	0.0845843949	0.1328026314	-0.0451221989	0.136820359	0.157241037	-0.0320144961	0.0986151767	0.1962288287	0.0274570444	0.0990550847	0.1333501855	-0.0456287594	0.1116722419	0.0550784087	-0.0282137733	0.1805247175	-0.1141208079	-0.0622220643	0.1564368473	-0.0963530598	0.0584332718	0.007311629	0.0438450292	-0.0397881444	-0.1231830617	-0.1135317928	0.0509394469	-0.0028154254	-0.1036478548	0.0429873808	0.0456048621	-0.173857297	0.0603874973	-0.0368766743	-0.0244808316	-0.0661699179	0.0210429993	0.1874847896	0.0056681013	-0.1529741081	-0.0420675698027963	0.0147990629066043	0.0017696804291131	0.0002190122629136	-0.0410868408376501	-0.1221893526411576	0.0149302378988651	0.0016881284900183	-0.0211102885735812	0.0785783475480173	0.0061745567033769	0.0004456442836598	0.0033301193697766	0.0002370667462309	5.620064216855332e-08	1.10896950169613e-05	-0.0013207191640343	1.818120817999487e-07	3.305563308843124e-14	1.7442991102474602e-06	0.0001711990188182	0.0001051561275105	2.93091040443144e-08	1.1057811153007626e-08	0.0	0.0	0.0
1050.1018537644868	-0.8486085732135962	0.7201365105316154	1102713.9032796116	1545.167177731588	-4.635445999772855	21.487359616810167	2387541.607139001	1029.7300321966782	1.5972656629887751	1060343.9392077718	2.5512575981629717	1149.3861083831634	1035.7076172313623	1.096531	26.740225	0.2073942058441468	0.1221544972347914	0.0864816785	0.1383262546	-0.041565106	0.1078373065	-0.0499731739	-0.14912241	-0.0212099831	-0.0042540058	-0.050948259	0.1062249024	-0.1047229516	0.0478925884	-0.0473168798	-0.033714902	-0.0822013832	-0.105853628	0.0589387135	-0.0533839091	-0.1170924184	0.0496491495	-0.1182146389	0.0023059335	0.0877376754	-0.0670876098	-0.0891505062	-0.0435882963	-0.1495437382	0.0202403514	-0.0678247211	0.0067763484	-0.1816870046	-0.030149979	-0.1112674459	-0.0328432299	-0.0060167407	0.1078156074	0.0154428875	-0.1095969086	-0.1284713457	0.0372418412	0.0181096584	0.0036786407	-0.0135058039	-0.094343342	0.0677078593	0.0690035003	-0.0649958267	0.0401870877	-0.0783126798	0.0714377891	-0.1080880306	-0.0413648303	0.0407860201	0.0260578291	0.1652566033	0.0619378246	-0.0528130432	-0.0891142878	-0.0162874263	-0.025577392	-0.1207841189	0.075432473	-0.0772181088	-0.0868102424	0.1131150262	-0.041184082	-0.0679801257	-0.0257853364	-0.0213255918	0.0245218114	-0.028045558	-0.0954978749	-0.0719036591	0.0604608168	0.0	-0.1533929978	-0.0564675902793823	-0.014400020476586	0.0031885887519601	0.000207360589726	0.0521769510777687	0.0932637919154188	0.0086981348824425	0.0027224342237718	-0.0973998916468232	-0.076289603073242	0.0058201035370728	0.0094867388928128	0.0032936494911359	-3.646987864070004e-05	1.3300520480673887e-09	1.0848126970459773e-05	-0.001744739766434	-0.0004240206023997	1.7979347125940446e-07	3.0441168525761687e-06	0.0001628736922806	-8.325326537600018e-06	2.6527839637115577e-08	6.931106195766712e-11	0.0	0.0	0.0
1046.9373720271417	-3.1644817373451133	10.013944665990747	1096077.8609470977	1555.4281591824745	10.260981450886447	105.28774033543574	2419356.758377781	1029.2803226961637	-0.4497095005144729	1059417.982689519	0.2022386348529767	1151.2782722755717	1025.2156520404883	1.025951	25.019049	0.0722344423707071	0.0403990208007853	-0.0566313757	-0.0418871417	-0.1516227695	0.1651358215	-0.0595409903	-0.0152306895	0.166093112	0.0825914902	-0.0468442076	-0.0152680371	-0.1131101694	0.133753973	-0.1132934505	-0.0847370155	-0.0177884905	-0.0537413232	-0.1132630551	-0.0866118948	0.0459029313	-0.1627922178	-0.0536861879	0.0615552754	-0.0433953911	0.0027559987	0.0274784622	0.0633056239	-0.0648026162	-0.088724776	0.0652792467	-0.0273984607	-0.1285441109	0.0067083276	-0.1215409651	-0.0678758201	0.1581800154	-0.0669405412	-0.0468240384	-0.0808480312	-0.1674901845	0.0822472478	0.0740479779	-0.0315973821	0.0915404873	0.0796653871	-0.1212635059	-0.0382784383	0.047345547	0.0355253446	-0.0492235809	0.0323256985	-0.1300507972	-0.0822265029	0.0476265038	-0.0145936525	0.1050931167	0.0767105827	0.1814536757	0.0684119256	-0.0450167667	-0.0113445276	-0.1018805493	0.1510008431	0.0024487432	-0.0815796417	0.082105296	0.03100538	0.0321347806	-0.0491724199	0.0020666576	0.0887791951	0.0624770779	0.1103834174	0.1005066275	0.013576321	-0.0056681013	-0.1529741081	-0.0567459441051312	-0.0002783538257489	0.0032201021723826	7.748085230905e-08	0.0854104053082522	0.0332334542304834	0.0011044624800896	0.0072949373349199	-0.0955073240200974	0.0018925676267257	3.5818122217305044e-06	0.0091216489414798	0.0031579861910266	-0.0001356633001092	1.840453099654591e-08	9.972876782714696e-06	-0.0013400593667598	0.0004046803996741	1.637662258804702e-07	1.7957591064406762e-06	-3.33839416908799e-05	-0.0001962576339714	1.114487562820069e-09	3.8517058892083386e-08	0.0	0.0	0.0
1047.138367448631	0.2009954214893241	0.040399159459671	1096498.7605829842	1541.0174556366385	-14.410703545835986	207.66837668596983	2374734.7985768192	1027.2546209438212	-2.0257017523424565	1055252.056250434	4.103467589443299	1145.7574179862236	1038.391569715759	1.055722	25.745035	0.1478557017493119	0.0771665769013515	-0.093982792	-0.0507775179	0.0698802303	0.1873778595	-0.0070072769	0.0341240245	-0.0637571479	0.1197935399	-0.1644508375	0.0472398628	-0.0556615759	0.0176307919	-0.1059237623	-0.1164825971	-0.0876249762	0.0748832871	-0.0138799713	-0.0813498502	0.0229664059	0.0673853074	-0.1110513385	-0.2631201674	-0.0051270643	0.0701461271	0.0475906547	-0.0057925248	-0.077241447	-0.1142647305	0.0335232641	-0.0636358237	0.0115376049	0.1082061512	-0.0633783076	0.0670468241	0.1010833748	-0.0084476	0.0501087593	-0.1318608762	0.1329585792	0.1618876518	0.0084799289	-0.2120764772	0.0789824888	0.022976015	-0.0078859096	0.0706496205	-0.1363102758	0.0640458118	-0.0158234725	-0.016517887	-0.0862879298	0.0085795569	0.0873199449	0.075961748	0.0773152692	-0.0046973966	0.1138137497	0.0737280489	0.0809752899	-0.0595105185	-0.0156586021	0.1417467299	-0.0955648028	0.1141227775	0.1434320442	0.0274363451	-0.0437196502	0.0312991268	-0.0480067204	-0.0532299794	-0.0219472323	-0.0015768947	0.0386623841	-0.0294977432	-0.0113284606	-0.1517197269	-0.0633375487445704	-0.0065916046394391	0.0040116450809708	4.344925172267634e-05	0.024459667949884	-0.0609507373583682	0.0037149923845287	0.0005982753562185	-0.0514809217180953	0.0440264023020021	0.0019383240996577	0.0026502853009446	0.0036729870222428	0.0005150008312161	2.652258561533768e-07	1.3490833665564033e-05	-0.0015505671845863	-0.0002105078178264	4.4313541366074847e-08	2.4042585939158845e-06	-3.3153441743529735e-05	2.3049994735016395e-07	1.0991506994416199e-09	5.313022572842834e-14	0.0	0.0	0.0
1049.8863911658611	2.748023717230126	7.5516343504592784	1102261.4343552757	1540.9807211819304	-0.0367344547080392	0.0013494201626969	2374621.5830543824	1029.8930087900756	2.638387846254318	1060679.6095546747	6.961090427262499	1148.730118149155	1034.80218196829	0.979575	23.888111	0.1368962585791954	0.0855000613252143	-0.0756274346	0.0388363934	0.0414947281	0.1683876229	-0.0717524964	-0.0131148882	-0.0735331245	0.1661987024	-0.1494916362	0.0999171112	-0.1190788987	0.0665110329	-0.0579432049	0.0135953156	0.0030376281	-0.0018158828	0.0369963039	-0.0185627397	0.0652835287	0.1274526529	-0.097932648	-0.014002355	0.0610393448	0.066017128	-0.0540528378	0.0229993922	-0.1062138498	-0.2155524915	0.1582265029	0.1440869051	0.0966335526	-0.1727055465	-0.1418552644	0.0030972985	0.0234758326	-0.0174416019	0.1418812378	-0.1025364603	0.0946024333	0.0088648493	0.0160585575	-0.1944672565	0.04579883	-0.0219903176	-0.0003667744	0.003510512	0.0123946368	0.2016497344	-0.0758062006	-0.1662900891	-0.1330692291	-0.0497004731	0.0309104828	-0.0865862339	0.0392293559	0.0725017549	0.0427739046	0.1395259085	0.2001458572	0.0339502654	0.0001641261	0.1727404681	0.0440871848	-0.1792530018	0.1209118627	0.1231506988	-0.0318585175	0.072428249	-0.0070509822	-0.1148762065	0.0810922675	0.1745171005	0.0376504826	-0.2033392725	-0.0169733466	-0.1496367051	-0.0619829102235343	0.0013546385210361	0.0038418811597787	1.835045522674876e-06	0.0648925606471948	0.0404328926973108	0.0016348188118722	0.0042110444273498	-0.1288995272336777	-0.0774186055155824	0.0059936404799773	0.0166150881210656	0.0033379667900403	-0.0003350202322024	1.1223855598501701e-07	1.1142022291411944e-05	-0.0015505897851095	-2.2600523200090247e-08	5.107836489178177e-16	2.4043286816859253e-06	-5.1913045923152e-05	-1.8759604179622268e-05	2.694964337019289e-09	3.5192274897610127e-10	0.0	0.0	0.0
1051.3823973245524	1.496006158691216	2.238034426842048	1105404.9454039228	1544.0340233720055	3.053302190075101	9.322654263917409	2384041.065330343	1033.3334776059226	3.440468815846998	1067778.0759411496	11.836825672815644	1149.391876006866	1039.5890029083146	1.355973	33.067013	0.3924498946751211	0.2395470242732466	0.0769368491	0.0756677654	0.0166514379	-0.0665723578	-0.003517902	-0.0649031617	-0.0834984257	-0.1841174419	-0.0686766675	0.1717130647	-0.0448930332	-0.2949346273	0.116962834	-0.1997858031	-0.1116833324	-0.1051355775	-0.0190910062	-0.1015061788	0.0925414728	0.0222394689	-0.1456790376	-0.0926331784	-0.0825508133	-0.0065740161	-0.1450976911	0.191920182	0.1736032671	0.0187962289	0.2696855447	0.0218705063	0.1775880498	0.0026833671	-0.0099797978	0.1785022421	-0.0922432978	0.1070204372	-0.2050744105	0.0722017358	0.0082678909	0.3805105993	-0.1178560652	-0.2055794873	0.1011035822	-0.170351386	0.2019538298	-0.0925882676	0.0369677581	0.140285622	0.1169513791	-0.0603117118	0.0110029042	0.2179169484	0.0097541835	0.2637571718	0.1056081133	0.0115044462	-0.0295060749	-0.1249961453	0.2275111584	0.1129971037	0.0667866834	-0.0573688088	-0.0346594198	0.1194748534	-0.0672218216	0.091791426	-0.1073236551	-0.0743601546	-0.2413397214	-0.0179440878	0.2221967287	0.1541852155	-0.1550068449	-0.1136496065	-0.022595049	-0.1467364196	-0.0507679692078966	0.0112149410156376	0.0025773866974939	0.0001257749019842	-0.1239938033382657	-0.1888863639854605	0.0356780584996478	0.0153744632662885	0.0185466613689726	0.1474461886026503	0.0217403785334483	0.0003439786479353	0.0035757573120849	0.0002377905220446	5.654433237424346e-08	1.278604035492863e-05	-0.0018980391419347	-0.0003474493568251	1.207210555582451e-07	3.602552584316212e-06	0.0002608950966345	0.0003128081425576	6.80662514479251e-08	9.784893405036837e-08	0.0	0.0	0.0
1054.3096026773617	2.927205352809324	8.568531177515558	1111568.7382976962	1553.1382805811215	9.104257209115984	82.8874993297404	2412238.5186064825	1033.0616165730962	-0.2718610328263366	1067216.303636619	0.0739084211694025	1151.5175791178142	1031.983130106112	1.218548	29.715734	0.1072401220701411	0.0583268367256718	0.0166873163	0.0972147467	-0.0623195839	-0.1153088132	-0.0491874727	-0.0942066898	-0.1339474755	0.0510718158	0.2061353227	0.1309180961	-0.04688463	0.0163850652	0.1238023593	0.1437509861	-0.0649305309	-0.1580469836	0.1349644671	0.0121058528	-0.0509746753	0.0214501354	0.1016546616	0.1676739473	-0.0944798995	-0.1549073226	-0.0212709808	0.1036853568	0.0369677032	0.1557784133	0.044298692	-0.0300161913	0.0921881055	0.0192122142	-0.0166456906	-0.1167197743	-0.2003965661	-0.0238066138	-0.0405871401	0.0059630425	-0.1247057823	0.0423439079	0.0614294401	0.0719558188	-0.0254954164	-0.2093679598	0.0770732111	-0.0086014299	-0.1248860782	0.0247683293	-0.0476889711	0.1619862799	0.0091196187	0.1818792846	-0.1010883851	-0.099766072	0.1410906019	0.1054595257	0.059471483	-0.1697265511	0.0595200368	-0.0170816639	0.0665880194	-0.0263625876	-0.0429829883	-0.0087145403	-0.0937794122	-0.1192710903	-0.098164504	0.0330538769	-0.0813257277	0.0787026656	0.0115646532	-0.1071229717	-0.1187978455	-0.0258816781	-0.0281858894	-0.1430347106	-0.0409425181677676	0.0098254510401289	0.0016762897939179	9.653948814197196e-05	-0.0735104540808464	0.0504833492574193	0.0025485685522465	0.0054037868591722	0.0061287357874348	-0.0124179255815378	0.0001542048757486	3.756140235218406e-05	0.0034719873047706	-0.0001037700073143	1.0768214418009917e-08	1.2054695844488216e-05	-0.0016369902281194	0.0002610489138152	6.81465354041479e-08	2.679737006958405e-06	0.000586344099326	0.0003254490026915	3.437994028144182e-07	1.05917053352892e-07	0.0	0.0	0.0
1053.491733264101	-0.8178694132607234	0.66891037714744	1109844.8320557997	1565.6021829544136	12.463902373292058	155.3488623709554	2451110.195271625	1029.4982494180133	-3.563367155082915	1059866.645554754	12.697585481923706	1150.0597627656955	1040.9954150802998	1.064034	25.947741	0.06879231622214	0.0338707668377337	-0.1182039916	-0.0185404662	-0.0907138352	-0.1078143642	-0.1019407845	0.0879600679	0.0576321532	0.0473901218	0.1963023733	0.0400810895	-0.0151192463	0.0669754783	0.0438918395	0.0506291348	-0.0012243727	-0.1432273645	-0.1998272196	0.0958451979	0.172840524	-0.0272356696	0.0210769165	-0.0756377071	-0.1918037849	0.0768471368	-0.2136549014	-0.1233042405	-0.1866696091	0.0581287668	0.0210009176	-0.0640938211	-0.0865047292	0.0262844369	0.019011092	-0.0615402748	-0.0257002219	-0.1721046628	-0.1545277208	-0.0256180309	-0.1402285371	0.0199761535	0.0541925801	-0.1391816768	-0.0855751718	0.0735056721	0.126059095	0.0372716814	0.0831983156	0.0387485497	-0.1949408574	0.2014857948	0.0136598	0.0970583752	0.0508397822	-0.0870114631	-0.0499207508	0.2371022755	0.1184333003	-0.0260488359	0.2274793866	-0.1012795853	0.0406139728	0.0176547083	0.0004634664	0.0484127328	-0.0718139042	-0.1332381913	-0.0001200369	-0.0132523835	-0.0442921689	0.1361098704	-0.0123244244	0.0782425676	-0.0016211817	0.0233124646	-0.0337382312	-0.1385517956	-0.0515327144133266	-0.010590196245559	0.0026556206548054	0.0001121522565194	-0.0600303807035658	0.0134800733772806	0.0001817123782568	0.003603646607415	0.0276192546677052	0.0214905188802704	0.0004618424017432	0.0007628232283995	0.0031918641110601	-0.0002801231937105	7.846900365457034e-08	1.0187996503473482e-05	-0.0015897886679958	4.720156012360003e-05	2.2279872781018287e-09	2.52742800888786e-06	0.0004490382987795	-0.0001373058005465	2.0163539377078758e-07	1.8852882863715247e-08	0.0	0.0	0.0
1054.1861675791522	0.6944343150512395	0.4822390179206842	1111308.4759152203	1551.48455970799	-14.117623246423593	199.30728612795977	2407104.3390122955	1028.8326334973094	-0.6656159207038854	1058496.587749009	0.4430445538944811	1147.2071408261288	1052.9380181707986	1.17326	28.611349	0.0930027660349146	0.0508974270336115	-0.068686062	0.0953924014	0.1244066993	-0.0282441147	-0.1097004196	0.0083773055	-0.0269544667	-0.0818151708	-0.1012309623	0.040978125	-0.0214396296	-0.0629617822	-0.0558285551	0.0523103569	-0.1671062744	0.140578194	0.0960901631	-0.0286102481	-0.0126719335	0.1859530714	0.1114517381	-0.1725200709	-0.0608037939	-0.0678046003	-0.0768471387	0.0954348021	-0.1977180001	0.2120711381	0.1053475498	-0.0475874472	0.0617025816	-0.1044391356	-0.0222586279	0.1587469338	-0.0403404194	0.0653336016	0.0924640872	-0.1091521214	0.1304854767	-0.0670704862	0.040845712	-0.1500559957	-0.154132539	-0.0866177767	0.0680482496	0.074456228	-0.0088465345	0.1033229463	-0.0651669901	0.1639731332	-0.001587969	0.0852866071	0.1363326622	0.0997255869	0.0387278822	0.0369811659	-0.0792810688	0.0230997186	0.2716861759	-0.0764852255	0.0350324921	0.0869542843	-0.0756401275	-0.0733177097	-0.0743540527	-0.0193367217	-0.0088953945	0.1978441013	0.0722611148	0.0241977547	-0.0929512791	-0.0118432571	0.0138172008	0.0211196309	-0.0392444906	-0.1333121588	-0.0455986836310984	0.0059340307822282	0.002079239948889	3.521272132443189e-05	-0.0405885597679969	0.0194418209355689	0.0003779844012907	0.0016474311840402	0.0067740773486377	-0.0208451773190675	0.0004345214174633	4.588812392532637e-05	0.0038510777281588	0.0006592136170986	4.3456259296835133e-07	1.4830799668320745e-05	-0.0016081484379106	-1.835976991480001e-05	3.3708115132439556e-10	2.5861413983543026e-06	0.000707099651727	0.0002580613529475	4.999899174724447e-07	6.659566188509418e-08	0.0	0.0	0.0
1052.6842572527128	-1.501910326439429	2.255734628665392	1108144.1454676955	1550.6202476536305	-0.864312054359516	0.7470353273111668	2404423.1524334066	1029.4032456014163	0.5706121041068855	1059671.0420547298	0.325598173353287	1147.0650912600834	1043.8284796605126	1.04024	25.3675	0.0730994796087212	0.036963382858088	0.0815041404	0.0939603043	0.0446470021	-0.0907351939	-0.0212242998	-0.0505015452	-0.0642368593	-0.205878959	-0.0278926409	0.1270778458	0.0579641314	-0.0435097445	-0.0913135401	0.0150757354	-0.178757983	-0.0400288608	0.0481460776	-0.0165409769	0.1612367357	-0.0694784029	0.0103563522	0.1844640268	-0.0280031407	-0.0964154902	-0.0075078162	0.0773998458	-0.0276404551	-0.1804428554	-0.0656180452	0.0316000311	-0.0294301994	0.108697651	0.0632928004	0.1004158538	-0.0878632537	0.1346624255	-0.0461609711	-0.1604731883	-0.1009493981	0.0616799683	0.0502051835	-0.012530113	0.0224636816	-0.0953621067	-0.1413950087	-0.0773846561	0.0476869794	-0.0336657648	-0.0783285873	0.1450950617	0.0257326896	0.0949076533	0.0931453879	0.0440215579	0.1633519253	0.0341759938	-0.1031671984	-0.0933953983	0.0775944454	0.0755215661	0.0402399373	0.0774106443	-0.0481240912	-0.0218956947	-0.0591044498	0.055590898	0.0440132778	-0.0438546773	-0.1574245878	0.1925784469	-0.0282445789	-0.0963845534	-0.0287519286	-0.1907465028	-0.0446971468	-0.1273444172	-0.0570812357387211	-0.0114825521076227	0.0032582674734594	0.0001318490029042	-0.0431107207083698	-0.0025221609403729	6.361295809142711e-06	0.001858534239995	0.0378222901877833	0.0310482128391456	0.0009639915205048	0.0014305256350488	0.0039938286747479	0.0001427509465891	2.0377832752084248e-08	1.595066748323857e-05	-0.001465140048724	0.0001430083891865	2.0451399377746013e-08	2.146635362374965e-06	0.0004319279130711	-0.0002751717386559	1.865617220899557e-07	7.571948575491097e-08	0.0	0.0	0.0
1049.8925811211625	-2.7916761315502754	7.79345562346751	1102274.4318932567	1553.1988642444348	2.5786165908043586	6.649263522371493	2412426.7118902025	1030.989591036595	1.5863454351786004	1062939.5368258052	2.516491839711983	1152.713871311497	1019.3730162377972	1.079148	26.316303	0.0814799361071282	0.0522400412603733	0.0030007653	-0.0816960504	-0.1434059316	-0.0290418165	-0.0191352206	0.0300670707	0.1081425829	-0.0210555448	0.0508980267	0.0617474433	0.0348041867	-0.0450361449	-0.1162376183	-0.0603034719	0.0992125102	-0.1270079643	-0.0607673606	0.0405210345	0.0123502139	0.0101046137	0.0385206511	0.0130399123	0.0040237147	0.1982025894	0.0221813293	0.0165991022	-0.0318799633	0.1799793602	-0.1041361295	-0.1042515299	-0.0333714568	0.0926620011	0.0037397797	0.0263450033	0.0918823037	-0.0427293536	-0.0915322337	0.0749887023	-0.2618572031	0.060629233	-0.0104459545	0.0623967083	0.0666445965	0.0479450104	0.0295157583	-0.1019896275	-0.0156456602	0.0938024205	-0.0059644515	0.0235626142	0.0171481164	0.0443636069	0.0942085044	0.0099952224	0.1492892059	0.0261388996	0.1177583671	0.0243057559	-0.1167799861	0.0553022648	0.0350315056	0.1373005785	-0.0655659849	-0.0464781771	-0.179293172	0.0689095144	0.1465800305	-0.0046982449	0.0088669144	0.2200173371	-0.0253670968	0.0486551551	0.0383872836	-0.051065691	-0.0500887521	-0.1206811645	-0.0370665589579459	0.0200146767807751	0.0013739297929828	0.0004005872866389	0.0013636378197503	0.0444743585281201	0.0019779685664877	1.859508103453352e-06	0.0331894924142304	-0.0046327977735528	2.1462815210636672e-05	0.0011015424067142	0.0039970045925635	3.175917815599789e-06	1.0086453971444138e-11	1.597604571297371e-05	-0.0014641550411671	9.850075568999892e-07	9.702398871500857e-13	2.1437499845750324e-06	0.0006749290481922	0.0002430011351211	4.55529220093629e-07	5.904955167014312e-08	0.0	0.0	0.0
1046.5443780406183	-3.348203080544181	11.210463868565542	1095255.1352084246	1548.6787640993998	-4.52010014503503	20.431305321145704	2398405.9143724446	1028.7988040654986	-2.190786971096258	1058426.9792466003	4.79954755272512	1149.4143157897888	1061.3825483355372	1.403051	34.21508	0.0731571396503747	0.0420215986965012	-0.0601017658	-0.1059897217	0.1617245743	0.1123338624	0.0133285217	-0.0044487817	-0.0868450411	0.0911521792	-0.0653247732	-0.1380074851	0.0209434319	0.0827951071	-0.0969717072	0.0303383682	0.1404370912	-0.2696941408	0.2097268627	-0.0154154199	0.1264229203	-0.1226230864	0.1062366881	0.0843102018	-0.178700461	0.0257611061	0.0086249462	-0.1602083453	0.0315564995	-0.0656860386	0.0980622629	0.1917210994	0.1656490359	0.0269763275	-0.0086386255	-0.0371183351	0.0384625859	-0.0433301328	0.2049141031	0.1216786496	-0.2047383716	0.0531829166	0.0981307566	0.0999564523	0.090055413	0.0504594327	0.0350462754	0.0788642783	-0.1174262855	0.0577135776	-0.0458676709	-0.0257575299	0.0285391801	0.0491780023	0.0395302091	-0.1012939042	0.1836052958	-0.1231617845	0.120044653	0.1183308083	0.0048833364	0.0887266081	0.0169292546	0.1422373463	-0.0202637855	-0.0695755053	-0.0990437868	0.0031815575	0.1168489986	0.0943171091	0.1213260646	-0.1468516064	-0.0851516129	-0.0773165515	0.0197442813	0.0055075383	-0.0554119421	-0.1133587932	-0.0338535839664473	0.0032129749914986	0.0011460651473732	1.0323208295995469e-05	0.0191713141849021	0.0178076763651518	0.0003171133375259	0.0003675392875762	0.0676810264788798	0.0344915340646494	0.0011896659221328	0.0045807213452348	0.0039622726701923	-3.47319223711999e-05	1.2063064315990563e-09	1.569960471295282e-05	-0.001465298217103	-1.143175935899854e-06	1.306851220420507e-12	2.1470988650452305e-06	0.0003579050619178	-0.0003170239862744	1.2809603334638425e-07	1.0050420787331097e-07	0.0	0.0	0.0
1044.9255307534286	-1.6188472871897377	2.620666539241572	1091869.3648203344	1531.4096733337124	-17.26909076568745	298.2214958735516	2345215.587580068	1025.9976434351497	-2.801160630348932	1052671.1643344809	7.846500877016823	1146.2740764904308	1018.3508714549632	1.26294	30.798294	0.0988097710403051	0.0467111599370148	0.1454941247	-0.0008059142	0.017681765	0.0561774093	0.1739158583	-0.1422104319	-0.1028673687	0.1359486781	-0.0066207767	0.0345705084	0.0301779077	0.1805275767	0.0585218458	-0.0229458648	-0.1197399418	0.0384896222	-0.0851337935	-0.0491579261	-0.0511218376	-0.0648939339	-0.1604932749	0.0789731156	-0.0340561988	-0.0118950131	0.1040397631	0.208868199	-0.0015262462	0.1399403379	0.1724781244	-0.0256188024	-0.0155431907	-0.0413042505	0.028926376	-0.2017628278	0.0226578718	0.0707940164	0.0543223202	-0.0727938738	-0.0167619549	0.1497455155	-0.0589698468	0.0253342703	0.1141667223	-0.1247761341	-0.0003185312	-0.075943705	-0.0966170063	-0.0349907802	-0.1807555035	-0.16790974	0.0217384531	0.0187638794	-0.024707884	-0.1274351629	0.1768260078	0.0948090726	0.0286280381	-0.0923618452	-0.0149779088	0.1301664467	0.0751397993	0.0478748732	-0.0006769154	0.0996211651	0.0044182704	-0.1935621604	-0.1676630438	0.0562190774	-0.0592528564	-0.1385786505	-0.0803211446	0.0139920601	-0.0544623291	0.0558907589	-0.0606594461	-0.1054172954	-0.0435397675829705	-0.0096861836165232	0.001895711361179	9.382215305300248e-05	-0.0103150079796989	-0.029486322164601	0.0008694431947946	0.0001063993896212	0.0798898256657807	0.0122087991869009	0.000149054777586	0.0063823842449088	0.0035741697364339	-0.0003881029337584	1.5062388719187737e-07	1.2774689304839971e-05	-0.0015159569547786	-5.065873767560016e-05	2.566307702885271e-09	2.2981254887416068e-06	0.0008677127119294	0.0005098076500116	7.529253504438738e-07	2.5990384001035005e-07	0.0	0.0	0.0
1047.7516029888104	2.826072235381844	7.9866842795961315	1097783.421565622	1545.6577846579355	14.248111324223146	203.00867630745583	2389057.987273677	1028.832488633785	2.834845198635321	1058496.2896683875	8.036347300225733	1149.0274969794011	1029.9029442391743	1.125059	27.435894	0.1862288620784277	0.1075298395780053	0.0191698278	-0.044479473	-0.1380714958	0.0985553324	0.0381250589	-0.0235146994	0.2007505683	0.096552922	-0.122669188	0.0177437902	-0.0866336732	0.1037416848	-0.0593243882	-0.0860035978	-0.0286082746	-0.0080191901	-0.0844622194	0.1034780434	-0.0396893307	0.030816134	0.1033067513	0.1198214636	-0.0445457354	0.1279149692	0.0504225876	0.0769908603	-0.1266612666	-0.1576720724	0.1172129481	-0.1003847369	-0.0311181736	0.0716979621	-0.0927287345	-0.0336807934	0.2039893114	0.01998888	-0.0350460283	-0.0355981513	0.1034532773	-0.0571855288	0.1879567445	-0.0132271183	-0.0043060964	-0.0750415813	-0.0741835157	-0.0835067552	0.1861978871	0.1244620086	-0.1493312609	0.0125305774	-0.0653612707	-0.0913124501	0.0855428944	0.0582636952	0.0726286864	0.1024028125	0.0942983857	-0.0155731109	-0.0714765201	0.1125942023	0.0410221113	0.0620746283	-0.0175643809	0.0716393398	-0.0103374691	-0.0362967217	-0.0426562584	0.1604512435	0.0525644704	0.1138211931	0.0464403779	0.167452587	0.0487171539	0.2370017932	-0.0658240966	-0.096900045	-0.0593180033678635	-0.015778235784893	0.0035186255235498	0.0002489527244836	0.0320338763289953	0.0423488843086942	0.0017934280021911	0.0010261692326613	-0.0040969396750298	-0.0839867653408105	0.0070537767524123	1.6784914700833286e-05	0.0041979977906885	0.0006238280542546	3.891614412750805e-07	1.762318545062553e-05	-0.0014641215372102	5.183541756840007e-05	2.686910514490399e-09	2.143651875722759e-06	0.0006610766508718	-0.0002066360610576	4.370223383278757e-07	4.26984617294002e-08	0.0	0.0	0.0
1048.8516705834502	1.1000675946397678	1.2101487127765245	1100089.8268856944	1547.4325693905623	1.774784732626813	3.149860847165228	2394547.556810677	1027.877271533507	-0.9552171002781052	1056531.6853351668	0.9124397086637116	1147.409304598788	1026.4589413499998	1.13958	27.790016	0.1860333273631063	0.105209515209241	-0.117373364	-0.1584620699	0.0347687927	0.006809785	0.0318918033	0.1495602672	-0.0838593529	0.0895093825	-0.0774926555	0.0024381793	0.0694509473	0.0113884105	-0.0859084079	0.2033263667	0.0329073786	-0.0086130024	0.0020713301	0.2485718509	0.0192633254	0.0799889419	0.2276816591	-0.0395488816	0.106956097	-0.0780125948	0.0623806479	0.04366407	0.0299735238	0.0517034413	0.076527449	0.1555076617	0.0419341393	0.1314208934	0.0583087441	0.0393958914	0.0239060584	-0.1585499984	0.1293040602	-0.0173576846	0.112623189	0.0345085571	0.2638747465	0.1550138643	-0.0806633946	-0.0380006292	-0.069236824	0.0316372913	-0.0819906251	0.0370747149	0.0822530451	-0.0263526059	0.0365870402	0.0852828577	0.056249348	-0.0675494278	0.0722520281	-0.0995608028	0.1765771486	0.0935475369	-0.0927510705	0.073055314	0.0815435596	0.0404649422	0.0287613709	0.0698347334	-0.1428971572	-0.0589575722	0.1830992751	0.0375769587	0.0666335062	-0.0864425344	0.0601053571	-0.1828978311	0.1259275267	0.0905522875	-0.0708988393	-0.0878535601	-0.034517830340647	0.0248001730272164	0.0011914806114256	0.0006150485821798	-0.0300735465404216	-0.0621074228694168	0.0038573319754805	0.0009044182015189	0.0734873344869981	0.0775842741620279	0.0060193195972487	0.0054003883300039	0.0040982394469822	-9.975834370629968e-05	9.951727139024218e-09	1.6795566564800972e-05	-0.0014629772836471	1.144253563100002e-06	1.3093162166670501e-12	2.1403025324674478e-06	0.0009910031996913	0.0003299265488195	9.820873417983946e-07	1.0885152761594597e-07	0.0	0.0	0.0
1048.7381367814437	-0.1135338020064864	0.012889924198048	1099851.679539814	1539.7048380951903	-7.727731295371996	59.71783097347174	2370690.988453736	1028.693872855412	0.816601321905182	1058211.0840502668	0.6668377189372906	1148.2509900494977	1024.8012151551995	1.206007	29.409908	0.090777468378068	0.0414046245738175	0.0806679354	0.0142009157	0.1323888435	0.0947394197	0.0976963212	-0.084008867	-0.0987640804	0.1034302302	0.0091591455	0.1202225167	0.0258889016	0.1806502939	0.0290660256	0.0673846881	-0.187196116	0.1357155567	-0.1247663314	-0.0430122028	0.1098296892	-0.1272842621	-0.0174833923	0.1041863469	-0.1101024371	0.0636445963	0.1310614422	-0.0822094938	-0.0070885861	0.2642355162	-0.069402171	0.0165705166	0.0156682209	0.053502125	0.0197635243	-0.1540521987	-0.0301126426	0.0320626442	0.0881711485	-0.1629052947	0.0937037615	0.0467436913	-0.0253474907	-0.0443824881	-0.0986930636	0.1001431083	-0.1043999968	0.0399544217	0.2308220212	0.0904780854	-0.055712825	-0.1000789092	0.0090812339	-0.0450759037	0.0216957768	-0.1503945886	0.0420406199	0.0672703807	-0.17435139	0.0874222059	0.0979219808	0.1587365341	0.0396020834	-0.0314347116	0.2024309627	0.1293097883	-0.0007102796	-0.0712660373	0.0683501999	0.0221068936	-0.0734606653	-0.082902647	-0.004607681	0.0671207964	0.1160846715	0.1260265295	-0.0758767427	-0.0783272495	-0.0446910216274147	-0.0101731912867676	0.001997287414102	0.0001034938209571	-0.0059359000874934	0.0241376464529282	0.0005826259762865	3.523490984870415e-05	0.061985645373916	-0.011501689113082	0.0001322888524539	0.0038422202324208	0.0035900193967988	-0.0005082200501834	2.582876194084183e-07	1.288823926939162e-05	-0.0014620246059351	9.526777120000448e-07	9.0759482294164e-13	2.137515948359684e-06	0.0013811293023017	0.0003901261026103	1.9075181496763804e-06	1.521983759379803e-07	0.0	0.0	0.0
1053.2515115579208	4.5133747764771215	20.370551872939902	1109338.7465990451	1559.004254415155	19.29941631996462	372.4674702913168	2430494.265284553	1031.2060050489497	2.5121321935375818	1063385.8248490144	6.310808157807943	1150.9111973912388	1039.336361117479	1.184967	28.896835	0.1417622470275388	0.0871871729992609	0.0751858065	0.0439152093	-0.1587446773	-0.0243380757	-0.0084368594	-0.0857521896	0.1796142488	-0.0858165411	0.0558912363	0.0358335973	-0.0221961465	-0.055691671	-0.0688706832	-0.047446292	-0.1342606963	0.030694137	-0.0001043727	-0.115435534	-0.1848870293	0.0992169984	0.1837347653	0.0575467892	0.0399076856	-0.0893969652	-0.1054197005	0.0456080077	0.0045390956	0.0020053501	-0.1799931372	-0.1079705915	0.0334686017	0.0183976086	-0.0156286046	0.0423849887	0.0155055852	0.1702765789	-0.1100869837	-0.1158368403	0.0166729447	-0.1862514869	0.0417376673	0.0779004339	-0.0128438578	-0.0545350882	-0.0113331057	0.0207376966	-0.030470944	-0.0630645801	0.0147294987	0.089227819	-0.0124917448	-0.0291769552	0.0956298545	0.0799688321	0.0050715278	0.1333967546	-0.0654580682	-0.0587830428	-0.1250323879	0.0348684668	0.0560082268	0.0001308361	-0.0487864388	0.10513161	-0.1218890248	-0.0691585205	0.0189989566	0.1515214626	0.1098194586	0.032753269	-0.1875601114	-0.0353904441	0.1139810106	0.1144798996	-0.0807510076	-0.0683731426	-0.038605305377402	0.0060857162500127	0.0014903696032824	3.703594227566867e-05	0.002302615501236	0.0082385155887294	6.787313910573734e-05	5.302038146532315e-06	0.0249314050695943	-0.0370542403043217	0.0013730167245304	0.0006215749587441	0.0048962076558852	0.0013061882590864	1.706127768175161e-06	2.3972849409548845e-05	-0.0010989662023139	0.0003630584036211	1.318114044399741e-07	1.207726713828236e-06	0.0012427004673198	-0.0001384288349818	1.5443044514768494e-06	1.916254235444608e-08	0.0	0.0	0.0
1053.500497337582	0.2489857796610977	0.0619939184734446	1109863.2978905323	1566.0959551388814	7.09170072372649	50.29221915490282	2452656.5407023653	1030.0316395106652	-1.174365538284519	1060965.178393029	1.3791344175102882	1152.1675504545071	1052.5345674707498	1.097714	26.76906	0.1908374811683869	0.0908172810984247	-0.1395648071	-0.0472829182	-0.0053813186	0.0383782799	-0.1009901126	0.1315493476	0.051493589	0.0263988107	-0.0230717298	-0.1274501698	-0.0883977056	0.0633901891	-0.137582406	-0.0266664146	0.0995968075	0.0178433498	-0.0132879339	0.0380254613	-0.0189450062	-0.0899247162	0.0146167028	-0.0949711133	0.0021905918	-0.1197515158	0.3077822896	-0.0692491138	0.0605722619	-0.0078876093	-0.0292707505	-0.1323173219	-0.0142160059	-0.1355269304	-0.0915548371	0.0487672088	0.0996294513	-0.1175977623	0.0500805468	-0.0036079513	-0.0256006368	-0.0707972261	0.0012078107	0.0837139879	-0.1445952127	0.0110968773	-0.2424706931	0.022386655	-0.1263139562	-0.0491437643	0.1422789401	-0.071211302	-0.0694137352	-0.0710241088	0.09003857	-0.0609685213	-0.0315542834	-0.0332333563	-0.0319060048	0.2024955952	-0.1476481671	0.0025576376	0.1585174811	0.0017214437	0.037563987	0.0728165672	0.0568150202	-0.067589351	0.0937236711	0.0555014064	-0.0094144749	0.0766098114	0.1260860254	-0.0941381619	0.1249172122	0.0351720165	-0.0855149763	-0.0580456054	-0.0420221919304424	-0.0034168865530403	0.0017658646146389	1.16751137163483e-05	0.0549640728850135	0.0526614573837775	0.0027732290937834	0.003021049308109	-0.0285707871927698	-0.0535021922623641	0.0028624845768789	0.0008162898808145	0.0036846641273726	-0.0012115435285125	1.4678377214807607e-06	1.3576749731546484e-05	-0.0008953281996462	0.0002036380026677	4.146843613049022e-08	8.016125850817057e-07	0.0014526578355236	0.0002099573682037	2.1102147871081103e-06	4.408209646306601e-08	0.0	0.0	0.0
1050.6586114758852	-2.84188586169671	8.076315250911652	1103883.517868435	1548.2641445490867	-17.831810589794713	317.97346891031486	2397121.861296315	1026.4529115668963	-3.578727943768854	1053605.5796641586	12.80729369551205	1146.6339169216824	1037.983949229277	1.105403	26.956562	0.2442181050903892	0.1416716619049917	0.0807175987	0.047658411	0.1079177156	-0.0460154006	0.0500289129	-0.0648098955	-0.0622959298	-0.0917405845	-0.0184043235	0.0081154613	0.0747463965	0.002714609	-0.0478714225	0.1248612103	-0.0614037637	0.1937376257	0.1229790602	0.1127025566	-0.0020203602	-0.1721817017	0.0890194255	-0.0517200217	0.0554992331	0.1976395598	0.0603211146	-0.0732059738	-0.0545402964	0.021107416	-0.1585252491	0.1039221541	-0.0147694865	0.1013957738	0.0585056638	-4.38753e-05	-0.1150805039	0.0638577631	0.0822277176	-0.0538050364	0.0904553676	-0.0136496969	0.0793375826	0.2261133694	-0.0925431673	0.0853501081	-0.116129777	-0.0387938691	0.0141652703	-0.1182875248	-0.0439349627	0.0722780589	0.0405320127	0.0578134634	0.0220951853	-0.0653841975	0.0526081492	-0.1224903889	-0.1403815337	0.0955487398	-0.0953857546	0.1446475765	0.0169566433	-0.17828867	0.1296242794	0.0429085632	-0.1441445559	-0.057624145	0.1037775716	0.0815030863	0.0204432151	0.0127984872	0.0124650889	-0.1022434878	0.0996381891	-0.0678122671	-0.0901621419	-0.0474010431	-0.0313860826992566	0.0106361092311857	0.0009850861872045	0.0001131268195777	-0.0279601209109046	-0.0829241937959181	0.0068764219167029	0.0007817683613524	0.0802764790482655	0.1088472662410353	0.0118477273681468	0.0064443130883866	0.0035456386592601	-0.0001390254681125	1.932808078389982e-08	1.2571553502039758e-05	-0.0012858839368394	-0.0003905557371931	1.5253378385452388e-07	1.653497499021594e-06	0.0017592873466629	0.0003066295111393	3.095091968128187e-06	9.402165710152613e-08	0.0	0.0	0.0
1055.2434982729949	4.584886797109675	21.021186942310617	1113538.840647428	1552.8146404109589	4.55049586187215	20.707012588915564	2411233.3074746155	1030.6382842004546	4.185372633558245	1062215.272859657	17.51734408173828	1148.9629471848557	1047.1615345054388	1.048035	25.557573	0.2135270644471322	0.1270376514497825	0.0637754961	0.1294931154	-0.0901740235	-0.0436411477	0.0022611187	-0.1129790133	0.0165208316	0.0055932361	0.0326466403	0.1648712002	-0.0390832548	0.0811948169	-0.0590695874	0.056395833	0.0083708821	0.1553235765	0.0415719917	-0.1987865712	-0.0218295993	0.0695574081	0.13179895	0.0226872355	0.0915174461	-0.0739710843	0.0477515077	-0.0382655355	0.0944203554	0.1326454893	0.1618208202	0.0826188804	0.0738218331	-0.2160979988	-0.0329009091	-0.0325689658	-0.0576532208	0.0748462508	0.0354445632	-0.1809060896	0.068219229	-0.0783476008	-0.0893922732	0.1196521403	0.0336144853	-0.0374654545	-0.1173134552	-0.0229592641	-0.111247456	0.1812592221	0.1943629486	-0.0639131252	-0.0442148085	-0.0826212938	0.0537899287	-0.0637834402	-0.0046918654	0.0366667654	-0.2290328422	0.0331106134	-0.2242771717	0.0503914147	0.1303671671	-0.0675498561	-0.001624345	0.0536441471	0.0454110096	-0.0417060852	-0.0898754859	0.0652166614	-0.0739510503	0.0577380111	0.0301816641	-0.1070826289	0.0392414348	-0.0936510651	-0.0946861568	-0.0364975928	-0.0534143164791203	-0.0220282337798637	0.0028530892049316	0.0004852430834603	0.0531830236640331	0.0811431445749377	0.0065842099115092	0.0028284340060491	-0.0086486896718653	-0.0889251687201308	0.0079076856319037	7.479983304022952e-05	0.0039130941652543	0.0003674555059941	1.3502354888545336e-07	1.5312305946147243e-05	-0.0012360876229529	4.979631388649986e-05	2.479672876682819e-09	1.5279126116173508e-06	0.0017479288190996	-1.135852756330006e-05	3.0552551566389218e-06	1.2901614840624723e-10	0.0	0.0	0.0
1054.6780121069437	-0.565486166051187	0.3197746039952706	1112345.7092218546	1567.5669347336302	14.752294322671332	217.6301877827208	2457266.094870189	1030.7731397320126	0.1348555315580597	1062493.2655929911	0.0181860143918068	1152.738334021888	1042.698108766137	1.047406	25.542253	0.0736856313848353	0.0386305358685951	-0.0500043447	-0.0184763966	-0.1723156531	-0.0477937928	-0.0844333836	0.0046055076	0.1924845624	0.039369116	0.1130866097	0.00411886	-0.0759676605	0.1137691691	-0.0332424753	-0.0218665417	0.0050088048	0.0865114561	-0.2004074088	0.1389563892	0.0856581306	0.1885664799	0.0770986855	0.0048097947	0.0738733521	0.0753125255	0.1271206327	-0.2145756864	0.0462503418	-0.0119732767	0.0294540381	-0.0176771541	0.0478792012	-0.0946341885	-0.0789306539	-0.045976383	0.0670995634	-0.1242751666	-0.1240858348	-0.0552068164	-0.0086738108	-0.1029080006	-0.0712883327	-0.0319449395	-0.153907895	0.0418832674	-0.1838241345	-0.1063581409	0.066366953	0.0465413254	0.1238897064	-0.1740649937	-0.0704199135	-0.1093618077	0.0667452324	-0.1000825278	-0.1411977103	0.1539706439	-0.0547030064	0.1823838675	-0.1554741105	0.0682640045	0.1189529337	-0.065462768	0.1254019872	-0.0201739537	-0.0317242726	0.0495081775	0.0853640166	-0.0242268096	-0.0385095734	0.0735189763	0.2182460077	0.1763617864	0.0107078259	-0.1955899403	-0.0990808418	-0.0253948054	-0.0543077170801211	-0.0008934006010008	0.0029493281344544	7.981646338685911e-07	0.0645072716962147	0.0113242480321816	0.0001282385934943	0.0041611881016892	-0.0285673025151282	-0.0199186128432629	0.0003967511375997	0.0008160907729908	0.0043433366795461	0.0004302425142918	1.8510862110412978e-07	1.886457351189054e-05	-0.0011203311465068	0.0001157564764461	1.3399561839216524e-08	1.255141877833241e-06	0.0014629404116697	-0.0002849884074298	2.140194648096312e-06	8.12183923694306e-08	0.0	0.0	0.0
1055.150131646622	0.4721195396782605	0.2228968597460125	1113341.8003138837	1558.805337217845	-8.761597515785297	76.76559102861509	2429874.0793388397	1030.2838784372163	-0.4892612947962789	1061484.8701676328	0.2393766145857313	1148.8103595233415	1062.3416166471686	1.296178	31.608843	0.3663507331375202	0.2271242355256243	-0.1056645102	-0.0992067394	0.0728941879	-0.1119593965	0.0019679477	0.1663913985	-0.0285286449	-0.0795659945	0.0144127924	0.1419123778	0.0446939955	-0.1948898859	-0.1379082217	0.043091511	-0.0277657614	0.1846870231	-0.1505351933	0.0480844606	0.0883789113	-0.0143571542	-0.0028567942	0.131712165	-0.0743625511	-0.0896458191	-0.1872433682	-0.0954564498	0.1128306212	0.1454761209	-0.2122606683	0.0580938441	0.0782072663	0.0477524947	0.0881111343	0.1502347938	-0.0086066639	-0.1173145976	-0.1064872517	-0.1085583236	0.0854057292	0.0759767494	-0.1565058352	0.0712683824	-0.0589630934	0.1105783216	0.1332195017	-0.0595383296	0.0253040074	-0.2202488232	-0.1833503896	0.1188714332	0.0879953474	0.0636650881	0.1533430733	0.09860739	-0.1814997267	-0.0359591051	-0.0690937674	0.1030610487	-0.0278911118	0.0063256513	0.0643554812	-0.1247614852	-0.0406414479	0.285498489	-0.0423281361	-0.0924369385	-0.0805286996	0.0486604341	0.0458256883	-0.056520814	0.0137334344	-0.0483997942	-0.0842308483	-0.1936670302	-0.1033401944	-0.0141533203	-0.0416384095413207	0.0126693075388004	0.0017337571491307	0.0001605113535127	-0.0613558993578493	-0.125863171054064	0.0158415378277845	0.0037645463860105	0.1503231697382077	0.1788904722533359	0.0320018010630215	0.022597055360142	0.0037990814187317	-0.0005442552608143	2.962137889241501e-07	1.4433019626152466e-05	-0.0011304182922846	-1.0087145777799974e-05	1.0175050994258783e-10	1.2778455155316312e-06	0.0018871536509039	0.0004242132392341	3.5613489021199185e-06	1.7995687234157248e-07	0.0	0.0	0.0
1055.7237346812774	0.5736030346554344	0.3290204413659234	1114552.6039693842	1560.992269437607	2.186932219762184	4.782672533833954	2436696.865243971	1029.4770976972777	-0.8067807399386311	1059823.0946832104	0.650895162335925	1148.76386889514	1059.8409183548715	1.128069	27.509314	0.1267061530527566	0.0603706637791839	-0.1093828961	-0.0758460497	0.1083489122	-0.1140758848	-0.0256070159	0.1183064005	-0.1515940215	0.0691264069	0.1344110754	-0.0332689368	0.0897414101	0.0804808302	-0.0150635706	0.1034680371	0.202094293	0.1595687962	-0.0583237827	-0.0448352139	0.1437026541	0.2226376079	-0.1295247085	-0.158105086	0.0432271452	0.1195388198	0.0027063356	-0.0495542073	0.1666615603	0.0259155064	-0.0845895394	-0.2665761401	-0.028507138	-0.0549071272	0.1000686487	-0.0564802127	-0.0792105859	-0.1939616702	0.0885296862	-0.0962756913	0.0109268563	-0.1137517646	-0.2153356803	-0.1235507848	-0.0639042952	0.1653338699	0.0609389128	-0.0067402185	-0.0279091416	-0.0526651639	-0.189495638	-0.1466506962	0.0814189155	0.0034741321	0.08815883	-0.2174453218	-0.1849130902	0.0927496008	-0.0505913926	0.103672437	0.1312423797	-0.0444049697	0.0791470827	0.0082603189	0.0761904643	0.0528112355	0.0667187835	-0.0266977563	0.0662958726	-0.1544366746	-0.0655235787	-0.2782869334	0.0589523541	0.0381558938	-0.1004037911	-0.0623039172	-0.1074583966	-0.0028345346	-0.0492402215220835	-0.0076018119807628	0.0024245994155438	5.778754539086891e-05	-0.0386820771116731	0.0226738222461762	0.0005141022152511	0.0014963030896734	0.1247716147017001	-0.0255515550365075	0.0006528819647836	0.0155679558352695	0.0038580235843145	5.894216558279984e-05	3.474178883590194e-09	1.4884345977126902e-05	-0.0017527873067599	-0.0006223690144753	3.873431901789563e-07	3.072263342738624e-06	0.0011508855551758	-0.000736268095728	1.3245375611123091e-06	5.420907087870825e-07	0.0	0.0	0.0
1058.0940505777062	2.3703158964287923	5.618397448863029	1119563.0198679375	1565.441962603565	4.449693165957797	19.79976927117152	2450608.538280101	1031.9298493318042	2.452751634526521	1064879.21394196	6.015990580672521	1151.007949920746	1069.0248482003028	1.125755	27.452881	0.0978718101934369	0.0585045316646279	-0.0546434345	0.0054341659	0.1249731416	-0.1547342985	-0.0932710675	0.0849126245	-0.0752011619	-0.1536815306	-0.0341815502	0.0237379198	0.0768155077	-0.1380704076	-0.1139820477	0.0767021957	0.0167745408	-0.0147001533	0.0305087158	-0.0451206558	-0.1104690432	0.1774458997	-0.2474130111	0.0215240313	-0.092648477	-0.0199047762	-0.1265111376	-0.0737289175	0.0728874886	0.067945244	-0.0559676887	-0.0071869105	-0.083497256	0.0013932536	0.0739639187	0.2041843455	-0.0284342361	-0.0238812627	0.067581989	-0.0178385818	-0.0321290936	-0.0645222894	-0.0399180689	-0.0641625563	-0.0116645284	-0.1515743119	0.1234596091	0.0309117414	0.0672742705	-0.005662042	-0.0353687373	0.0768385562	0.0911511705	0.0919304888	0.1736087417	0.0635741376	-0.1398795807	-0.0268050255	-0.0863661702	-0.0204011582	0.102515275	-0.063624121	0.0581455455	-0.0608527967	-0.1360574969	0.0368973698	0.0221717947	-0.0251224721	-0.0576640477	0.046907734	0.1758805687	-0.1485811661	-0.0671975572	-0.1226482758	-0.231597268	0.0412792478	-0.1114298236	0.0084997322	-0.0497326614179627	-0.0004924398958791	0.0024733376117137	2.42497051053512e-07	-0.0870836065563338	-0.0484015294446607	0.0023427080525823	0.0075835545308583	0.1281865198811971	0.0034149051794969	1.1661577384955318e-05	0.0164317838792525	0.0044778036610157	0.0006197800767012	3.841273434757459e-07	2.005072562660561e-05	-0.0016809250120215	7.186229473840015e-05	5.164189405068693e-09	2.82550889603948e-06	0.0009312692131474	-0.0002196163420284	8.672623473561775e-07	4.8231337685935184e-08	0.0	0.0	0.0
1055.8557701279524	-2.238280449753802	5.009899371750081	1114831.4073124914	1563.7534980251364	-1.6884645784284658	2.8509126326076166	2445325.00258585	1030.2179134258097	-1.711935905994551	1061348.949143429	2.930724546233384	1151.1702384605064	1061.957898754691	1.030755	25.136183	0.093321965864745	0.0496559951016595	6.96098e-05	0.0201120089	0.1948015156	-0.1382277595	-0.0638904471	0.0265097199	-0.1933571844	-0.0563900349	0.035486965	-0.1135404887	0.0733172605	-0.1060926841	-0.0191134736	0.1887439245	0.0893502887	-0.0345317837	0.0547148564	0.1028666829	-0.0551578146	0.0431651256	0.0710507999	0.0389065705	-0.0377528805	0.1301743705	-0.0084746634	0.0442633155	0.0982126351	0.036740056	0.2014673986	0.1582679526	-0.0878304552	0.007113487	0.0773896303	0.0822798709	-0.1469432432	-0.039402482	0.1679069267	0.1005485593	-0.0647195433	-0.0760768138	0.1059446572	0.0704950914	0.0019017343	-0.0237010988	0.1726703165	-0.0417494352	0.0404784287	-0.0324528347	-0.0162268652	-0.1701409034	0.1150357016	0.1396672506	0.0209041286	-0.1370257575	-0.0141037035	-0.1497686933	-0.0141625859	0.0243468927	-0.0144739232	0.095020182	0.0119927075	-0.0881423894	0.0374116743	-0.231185665	-0.0480596296	0.0397228624	0.0072255373	0.0563534595	0.2358315376	-0.1300629972	-0.0810894668	-0.0544473087	-0.2128178733	0.086749647	-0.1152490509	0.0197875765	-0.0591073801959822	-0.0093747187780195	0.0034936823936323	8.788535216695143e-05	-0.1040837877758917	-0.0170001812195578	0.0002890061614978	0.0108334348777768	0.1664079981729997	0.0382214782918026	0.0014608814028107	0.027691621855945	0.004210056603067	-0.0002677470579487	7.16884870401846e-08	1.7724576601028048e-05	-0.001683909328775	-2.9843167535000947e-06	8.906146485221344e-12	2.835550627535471e-06	0.0012350495899525	0.0003037803768051	1.5253474896418384e-06	9.228251733184857e-08	0.0	0.0	0.0
1053.8169503957793	-2.038819732173124	4.156785900298489	1110530.1649414604	1552.9662977244757	-10.787200300660745	116.36369032657522	2411704.321868065	1030.3175094414548	0.0995960156451474	1061554.1702616424	0.0099193663323884	1150.151428131012	1045.6713049087791	1.079869	26.333883	0.1976864724141994	0.1154286883075304	0.1435622028	0.0931707155	0.0725357833	-0.0087054829	0.0194662433	-0.145256101	-0.0639494286	-0.0843055359	-0.0379819644	0.0738272971	0.0183082764	0.0451329163	-0.0647862389	0.0053345835	-0.2442167193	-0.011310186	0.0937255461	-0.0269016272	-0.0564171161	0.0159989775	-0.0404968825	0.1372941195	0.0390140057	-0.0443485793	0.0725059014	0.0183001993	-0.0346687945	0.1800123559	0.0515777285	-0.0309786534	-0.0245438139	0.1015897632	-0.0025349485	-0.039527454	-0.0089517454	0.163302904	0.045636338	-0.1241483602	-0.1494651289	0.049807389	-0.080328688	0.0192714356	-0.0443609769	-0.1259160924	-0.0772739867	0.0026517597	-0.0078525658	-0.015454965	-0.0973278365	0.0356788942	0.028262111	-0.0309978528	0.1000298514	-0.0773243392	0.0851086552	0.0026557793	-0.2297280975	-0.056547845	-0.0707795279	0.076538452	0.0527809923	-0.02430255	-0.0877787862	-0.0695855281	0.1080004017	0.0333071711	-0.1359856863	-0.1599607306	-0.0282808002	0.0347002788	-0.0388348135	-0.0478523598	-0.1547040191	0.1570362272	-0.1189108618	0.0309673479	-0.0690187921909455	-0.0099114119949633	0.0047635936754969	9.823608773390254e-05	-0.036140717326873	0.0679430704490187	0.0046162608220403	0.0013061514489009	0.0734755301018523	-0.0929324680711474	0.0086364436217948	0.0053986535237482	0.0041019003988128	-0.0001081562042542	1.1697764518676282e-08	1.6825586881780606e-05	-0.0018629628922783	-0.0001790535635033	3.2060178603230284e-08	3.470630738005929e-06	0.0014858302601764	0.0002507806702238	2.2076915620558683e-06	6.289094455794846e-08	0.0	0.0	0.0
1052.293434490326	-1.5235159054532232	2.3211007141689546	1107321.472271446	1561.284952451105	8.318654726629347	69.20001646087279	2437610.7027502493	1029.692169822598	-0.6253396188567422	1060265.9645939702	0.3910496389118955	1152.3772105235118	1033.5005511971715	0.998515	24.349989	0.0987685209341679	0.052439026108352	0.076707998	-0.0327414657	-0.1563285598	0.0541930717	0.0004199192	-0.095947962	0.1799395326	0.0126387569	-0.0057788334	-0.0432610552	-0.0100588133	0.1019406503	-0.0727112122	-0.1238939938	-0.0120914048	-0.0721743452	0.0242571811	-0.0601451303	0.0966539685	-0.0546995523	-0.0283034434	0.0689721604	0.157407482	-0.019901654	0.1059854193	0.1532429511	-0.1445709543	-0.0330178123	-0.0560181519	-0.0989573021	0.0070368569	0.0988299732	-0.0454923526	-0.0987677581	0.1572688461	0.0253374717	-0.0732297387	-0.0099444639	-0.1133617388	-0.007584588	0.0079880648	-0.0022671014	0.0277137932	0.1002290597	-0.1050899088	-0.1010032967	0.0485240821	0.150916013	0.0050109412	0.0657230969	-0.0238292324	-0.1009419123	0.0787857376	-0.089207092	0.0108501845	0.1409920661	-0.0068536911	0.030029502	-0.1938368561	0.0610260631	0.0313449835	-0.0454653435	0.0071463077	-0.0739670942	0.0069340659	0.1454427518	-0.0337380252	-0.1458563295	0.0525637626	0.0076427031	0.1147549341	0.1822672141	-0.1245742749	0.2115569814	-0.1224102548	0.0419779864	-0.0620786353351263	0.0069401568558192	0.0038537569650715	4.816577718337429e-05	-0.0116642093120873	0.0244765080147856	0.0005990994445978	0.0001360537788761	0.0299091830302842	-0.0435663470715681	0.0018980265971603	0.000894559229539	0.0040590556757825	-4.284472303029991e-05	1.8356702915431114e-09	1.6475932979102128e-05	-0.0016840072411092	0.000178955651169	3.2025125085356576e-08	2.8358803881082197e-06	0.0012319204545359	-0.0002539098056404	1.5176280063039388e-06	6.447018940039645e-08	0.0	0.0	0.0
1052.34238616797	0.0489516776440268	0.0023962667441647	1107424.497725697	1552.5602825286726	-8.72466992243244	76.11986525539729	2410443.4308855115	1028.7810126973386	-0.9111571252594786	1058390.3720865615	0.8302073069111171	1146.418539786124	1033.170875562608	1.180535	28.788761	0.405342210553189	0.220309836412844	-0.0367367549	-0.1539766997	0.0194523326	-0.0437645333	0.1138129758	0.1799064902	-0.028612525	-0.011849102	0.0356983924	0.0644553868	0.0705170603	-0.0902530041	-0.0170294638	0.1451360339	-0.0160692824	0.0888818003	-0.0449686007	0.194331552	-0.0493578379	-0.1898677472	0.0757577072	0.0661099804	-0.047411103	0.067661825	-0.2119198174	0.2151434667	-0.0532737783	-0.0150164774	-0.1494399423	0.0445652333	-0.0107238746	-0.0421120931	0.1304353583	0.0721294386	-0.0413817436	-0.0930818564	-0.0826182313	-0.0580557595	0.1164647503	0.0730966384	0.119625663	0.1652887715	0.1098061805	0.0581213724	0.0994142725	-0.0916395935	0.0951429911	-0.1782146908	-0.0697023095	0.043942	0.1041528297	0.1652314493	0.0351525661	0.0321196731	-0.0633937602	-0.0590372096	0.1202324945	-0.0897661748	-0.0705188877	0.107355833	-0.0609176657	-0.1187596023	-0.0086818382	0.1225247419	0.0091310993	0.0982142202	-0.0623277447	-0.0559631742	0.2415644316	-0.0025999128	0.1364015165	0.1212674108	-0.1680154481	-0.0496703152	-0.1257424501	0.0527593557	-0.0595583075443499	0.0025203277907763	0.0035471919975473	6.352052172959842e-06	-0.1600175579542053	-0.148353348642118	0.0220087160533298	0.0256056188536274	0.1931622821961838	0.1632530991658996	0.026651574387271	0.0373116672632381	0.0050212711931277	0.0009622155173452	9.258587018198916e-07	2.521316439493408e-05	-0.0021860184538196	-0.0005020112127104	2.520152576869665e-07	4.778676680439835e-06	0.0015920024235682	0.0003600819690322	2.534471716647022e-06	1.2965902442217818e-07	0.0	0.0	0.0
1057.5719315705376	5.22954540256751	27.348145117514974	1118458.3904458378	1553.903574555976	1.3432920273035052	1.804433470617161	2414616.31901784	1032.965245860246	4.184233162907276	1067017.1991551183	17.507807161573027	1150.434772296711	1031.7756794188497	1.042844	25.430986	0.2847644965700442	0.1567857085943092	-0.0959206342	-0.0719047703	-0.0526024658	0.0024737513	0.007999315	0.1415082723	0.0166991715	0.0701214061	0.0416376372	0.2248289765	0.0111595232	-0.0100930078	-0.1324581171	0.0003192493	0.0887207686	-0.0569219104	-0.1215240379	-0.1848100822	0.0719210944	0.0117307182	-0.0114337176	-0.1064058565	0.2176746375	-0.1131558684	0.0086268501	0.1383408341	-0.0255407813	0.019421786	-0.034755113	-0.038558449	0.0140598823	-0.0935293431	0.0338513663	0.037933483	0.0435096299	-0.1433279498	-0.0496913346	-0.1545215318	-0.0449338096	-0.0775527325	-0.1287580881	0.0176272604	0.140582041	0.1183880007	-0.0008575452	0.0696297754	-0.156906883	0.1000068033	0.0659787124	0.0243307135	0.0071146538	-0.0199664176	0.1071190588	-0.0445260428	-0.1031755222	0.0744468063	0.0046694289	0.005702886	-0.090747327	-0.0438177061	0.0401120309	-0.0235992052	-0.0932292319	-0.0218626086	0.1011884538	0.0315166905	-0.213212318	-0.0919588266	0.0938051914	0.0609705029	0.0745208275	0.0664634337	0.0488828612	0.1242849758	-0.1289028963	0.0632525717	-0.0751485983134898	-0.0155902907691398	0.0056473118284822	0.0002430571662663	-0.0455751845609171	0.1144423733932882	0.0130970568278887	0.0020770974477616	0.0848150578991777	-0.1083472242970061	0.0117391210128657	0.0071935940464408	0.004248405415807	-0.0007728657773207	5.973215097535301e-07	1.804894857705825e-05	-0.0022770001784042	-9.098172458460018e-05	8.277674208388042e-09	5.184729812452759e-06	0.0016558470838751	6.384466030690005e-05	2.7418295651776725e-06	4.076140649703459e-09	0.0	0.0	0.0
1056.6727423674645	-0.8991892030730924	0.808541222923223	1116557.284462378	1564.5955909485142	10.692016392538108	114.3192145383036	2447959.3632155303	1030.0520333571058	-2.91321250314013	1061007.191423108	8.486807088451982	1149.5813265963718	1079.2733837619476	1.183731	28.866699	0.1245939804409866	0.0576061797352946	-0.0678257606	-0.0366411965	0.1575547221	0.0020521115	-0.0558519918	0.0918294865	-0.1260410097	-0.1527639588	-0.049606806	-0.0374003931	0.0709689697	-0.132951073	-0.1355548696	0.092283877	0.0505837297	0.0477693107	0.1372942845	-0.0816435734	-0.1117962275	0.0895359112	-0.0645471896	0.1081530774	0.0372700243	0.2053975565	0.0248870083	0.0174308469	-0.0657470991	-0.145343931	-0.0466314113	0.1435364785	0.0219996709	0.0506765355	0.0771649126	0.1819050273	-0.0727697657	0.0039808348	0.1474851216	-0.0256581157	-0.1432580625	-0.0460234545	-0.0540264817	0.0837363095	0.1488857789	-0.0078841202	-0.0173275639	0.1047440844	0.0189976124	-0.0980503949	0.0186458259	-0.1449955742	0.0620210928	0.0635165827	0.1072623968	0.0131264837	-0.0276397291	-0.1610038201	-0.0577258023	0.0436524857	0.0031566558	-0.0037600601	-0.0843738718	0.0138922194	-0.1098855009	-0.1071601592	0.019112177	0.1977827457	0.0202195752	-0.0630093341	0.0702371088	-0.0794162898	-0.0390603845	0.0511590436	-0.0134259969	-0.0444289673	-0.1318872767	0.0734003241	-0.061538874617554	0.0136097236959358	0.003787033089195	0.0001852245790797	-0.0736131947133742	-0.028038010152457	0.0007861300133092	0.0054189024359091	0.1310355672287215	0.0462205093295438	0.0021363354826824	0.0171703198789527	0.0046830736228076	0.0004346682070005	1.8893645017711635e-07	2.19311785566363e-05	-0.0022778414589315	-8.412805272998633e-07	7.07752925613936e-13	5.1885617120271845e-06	0.001356841826142	-0.0002990052577331	1.8410197411683573e-06	8.940414415203757e-08	0.0	0.0	0.0
1054.56459707046	-2.108145297004512	4.444276593282242	1112106.4893943816	1562.8219665806043	-1.7736243679098609	3.1457433984436527	2442412.499226868	1031.6977051541023	1.6456717969965666	1064400.154820241	2.708235663429909	1152.184915628519	1046.3110142751025	1.202693	29.329098	0.1310644806162332	0.0674949114772126	0.1526050751	0.0857095443	0.042753021	0.044416105	0.0234181572	-0.1615886837	-0.0856266874	-0.0567482037	0.1516092411	0.0386392623	0.0262181201	0.1122966628	0.0582587526	0.0129925423	-0.0697450484	-0.0433592992	-0.0750226436	-0.1522432042	0.0488075003	0.0744114123	-0.1557742024	0.2566872724	0.0864440713	-0.0179645178	0.0913749283	-0.2462788648	-0.1020455302	0.0939025204	0.1083075651	0.0413116807	0.0354159276	-0.0843482445	0.0234136574	-0.1612095902	-0.0663211277	0.0721893551	-0.0072902936	-0.0842345435	-0.2318452254	-0.0232898754	-0.2358738247	-0.0102328738	0.014738285	-0.0528989457	-0.0682808212	0.0223945588	0.0051624415	0.0219512696	-0.1978848795	-0.1406811406	0.0151047307	-0.0479609486	0.0003917864	-0.1191488276	0.0375134534	0.0571684785	-0.1735285226	-0.0695520296	0.0197837614	0.053445241	-0.0545952672	0.0748875359	0.0153468903	-0.058482978	0.1113444464	0.0193719706	-0.0719386909	-0.2235464021	-0.1906851111	-0.0716989029	-0.046422144	0.0267865192	-0.0072176251	-0.0494618434	-0.1346915149	0.0831471893	-0.0546200373098315	0.0069188373077225	0.0029833484757273	4.787030969073279e-05	-0.0302463174724891	0.0433668772408851	0.0018806860416259	0.0009148397206465	0.0886598593513809	-0.0423757078773406	0.0017957006181057	0.0078605706602066	0.0049619983331667	0.0002789247103591	7.779899404890805e-08	2.4621427458349116e-05	-0.002622797343456	-0.0003449558845244	1.1899456226808e-07	6.87906590483985e-06	0.0015010223950641	0.0001441805689221	2.253068230483967e-06	2.0788036454700437e-08	0.0	0.0	0.0
1055.8823049811992	1.3177079107392728	1.7363541380248595	1114887.4419724103	1564.136541288193	1.3145747075886902	1.7281066618318903	2446523.119792992	1028.9970123164387	-2.7006928376636097	1058834.851356157	7.293741803407521	1149.6304677938435	1047.842921652445	1.017576	24.81481	0.1173068882082507	0.0584574991670554	0.0897237962	0.0391054298	-0.1446013296	0.0078334013	0.0325422669	-0.1019053715	0.1845547954	-0.0630007107	0.0396389178	-0.00562072	0.0160989264	0.0606438988	-0.0483680081	-0.0920916578	-0.0229783318	0.0937153917	-0.0649209456	-0.0502191538	0.0847809961	-0.1351451624	0.0122902003	0.1122279093	0.1710892629	-0.0128447222	-0.1428792301	0.022356127	-0.091215109	-0.2403108143	0.0664849026	0.0272265498	0.1503177545	-0.0836179333	0.017271556	-0.0149191663	0.0462164342	0.1504723928	-0.074224645	-0.1040325732	0.0565305583	-0.1614531946	0.013319368	0.086226395	0.0879567859	0.1490522129	0.0567386222	-0.1248904453	-0.1052846747	-0.0310262039	-0.0402628955	-0.0118868636	-0.0098047517	-0.0706395939	0.0329247493	0.0046659558	-0.0087203896	0.0912385122	-0.0305060749	-0.0692767981	-0.1241133567	-0.0491111456	-0.0338022425	0.0788365773	-0.0880995399	-0.0697221952	0.0173049441	0.0556221216	-0.0789912829	-0.0699716004	-0.013447364	0.0163849665	-0.1937751051	0.0094970262	0.1476697733	0.0736124186	-0.1373117808	0.0924399334	-0.0464333533705598	0.0081866839392716	0.0021560563052352	6.702179392152913e-05	0.0032253416201939	0.033471659092683	0.0011203519624167	1.0402828566955011e-05	0.0578682867501498	-0.0307915726012311	0.0009481209432568	0.0033487386113975	0.005402371884733	0.0004403735515662	1.939288649191163e-07	2.9185621980953587e-05	-0.0022751681820682	0.0003476291613877	1.2084603384718492e-07	5.176390256695519e-06	0.0016101591336113	0.0001091367385472	2.5926124355518926e-06	1.1910827700719911e-08	0.0	0.0	0.0
1059.7749469939972	3.892642012797978	15.152661839799896	1123122.9382761295	1566.9528937492196	2.816352461026554	7.931841184730327	2455341.371229053	1029.6549960567745	0.6579837403357942	1060189.4109046764	0.4329426025462818	1149.245139197425	1045.2391324458638	1.463654	35.692951	0.6310792864593141	0.35066686897538	-0.1166191685	-0.0857552471	-0.0194204371	-0.2613857879	0.0631858201	0.2190614624	-0.0240164344	0.1120090528	0.2133559406	-0.070620346	0.1372300566	0.0405028413	0.092955322	0.276057737	0.1068185827	-0.0768003012	-0.0911625857	0.0844813828	-0.0995612323	-0.1258586169	0.1795352511	-0.0495230594	-0.0693690876	-0.0297362534	0.1487631732	0.1418232701	0.181082601	-0.1968872281	0.0346688827	-0.3018724126	0.0682154773	-0.1514413688	0.182176227	-0.1097364872	-0.1067442522	-0.2770637617	-0.0066258703	0.0654757085	0.0952216089	-0.0890830953	0.2115416462	0.0048233001	0.033053146	-0.1302541949	-0.0754734027	-0.0432161449	0.1518556644	0.0280425238	-0.0038406097	-0.2502355022	0.1524904742	0.2023383675	-0.1276229011	-0.2221993212	-0.1638276871	-0.0568517435	0.2558969386	-0.0765908038	-0.0253911263	0.0806725029	-0.1071755874	0.0155188353	0.2148978031	-0.2450131933	0.221003844	-0.2848606111	-0.1513306335	0.3199324932	-0.1539108389	0.1055159086	-0.0028582326	0.0884631447	-0.064052199	-0.0344198009	-0.1397444952	0.1012278027	-0.0311234320040654	0.0153099213664944	0.0009686680197116	0.0002343936922482	-0.1600369860173458	-0.1632623276375397	0.0266545876256273	0.0256118368935161	0.2965231146525298	0.23865482790238	0.0569561268811146	0.0879259575232373	0.0029868143094734	-0.0024155575752596	5.834918399394038e-06	8.921059719275064e-06	-0.003944900778495	-0.0016697325964267	2.7880069435701816e-06	1.5562242152170455e-05	0.0014184051142397	-0.0001917540193716	2.0118730681013364e-06	3.676960394516401e-08	0.0	0.0	1.0
1062.797523053613	3.022576059615858	9.135966036162928	1129538.5750088952	1565.8567457503923	-1.0961479988272913	1.2015404353330754	2451907.348212009	1034.572218012513	4.917221955738569	1070339.6742833308	24.179071761997434	1152.08235544199	1084.5973470734386	1.383773	33.744961	0.4623927719557855	0.2414591592026341	-0.1459681071	0.0167306283	0.0375662758	-0.177460573	-0.0241881184	0.1586327579	-0.0181059808	-0.0616781026	-0.012502773	-0.0258783294	0.0647223756	-0.1522398363	-0.0704116153	0.0192378488	0.0626630226	-0.1394507902	-0.112882913	-0.1070055678	-0.0130058604	0.2148746048	-0.0241951951	-0.0580544077	-0.2221267377	-0.0983261378	-0.0801017542	-0.1180104488	-0.0224430811	-0.0453477981	-0.1348317521	-0.0424391485	-0.0338991393	-0.0472483953	0.0649394225	0.1817552827	0.0179106092	-0.0636924317	0.0221469754	0.0233423111	0.0105030372	-0.1041980831	-0.0677102716	-0.2060697508	0.0506738359	-0.1612476689	0.0640343552	0.0884779064	0.0089615359	0.014510457	0.0412576807	0.0694149054	0.0657372645	0.0792090318	0.1098950303	0.0406580014	-0.2107893711	-0.0169304559	-0.0192904513	-0.0186932146	0.0789350629	-0.1253456242	-0.1164962296	0.1006553884	-0.1954170812	-0.030734124	0.0536678319	-0.065858374	0.0931130978	0.0967100942	-0.1409777735	0.0566413943	-0.0973451343	-0.071788145	0.08472609	-0.0767968826	-0.1419863355	0.1094628008	-0.0538798874219992	-0.0227564554179338	0.0029030422686073	0.0005178562631884	-0.0672635470836553	0.0927734389336905	0.0086069109715832	0.0045243847662751	0.1380276598447736	-0.1584954548077561	0.0251208091947174	0.0190516348822245	0.0049776447303613	0.0019908304208879	3.963405764732693e-06	2.477694706169362e-05	-0.0026901940452892	0.0012547067332057	1.5742889863519703e-06	7.237144001309469e-06	0.0019402164160741	0.0005218113018344	3.7644397412034247e-06	2.722870347221113e-07	0.0	0.0	0.0
1059.0146958095136	-3.782827244099508	14.309781958701478	1121512.1259405166	1561.860898022238	-3.995847728154331	15.966799066596128	2439409.464770832	1032.328619232811	-2.243598779702097	1065702.378087122	5.033735484280739	1151.9889232952437	1084.0507429634652	1.106893	26.992897	0.1220929299077632	0.0538630017533398	0.0320113945	0.1334411678	0.1719598493	-0.1194493957	-0.0169708306	-0.0342129277	-0.1120882772	-0.2096166174	-0.04703608	-0.0288434565	0.0788967115	-0.1716169504	0.0021950551	0.0712299442	-0.0546962606	-0.0149382633	0.1190739735	0.0111112332	-0.1665883997	-0.0443084508	-0.1817288877	0.0575251816	-0.0635915327	-0.0405487034	0.1649949279	-0.0551586832	-0.1265856833	-0.0610113284	0.1110730711	-0.1025533774	-0.0390079033	-0.0581025598	0.0686889954	0.1342980426	-0.1189897818	0.0904905466	0.0560294161	0.0814387169	-0.0604595737	0.0184188662	-0.0466476866	0.0679252333	-0.0186776927	-0.1968338136	-0.0359883615	0.0629665953	0.2025511622	-0.0746365642	-0.0322829826	0.0970561585	0.0795370582	0.1079841138	-0.0222144116	0.0392486035	0.0084022918	-0.1816741448	-0.110868603	-0.1143978618	0.0657657789	0.0484623309	-0.2089612234	-0.0345160817	-0.0381561667	-0.0515720032	-0.0119347997	0.0237659638	0.2501485982	0.0053983895	-0.1763786075	0.0551134539	0.0034304228	-0.0049905298	0.1801195935	-0.0116664509	-0.1440342395	0.1170999511	-0.0227367583802902	0.031143129041709	0.0005169601816436	0.0009698944865085	-0.0941669163323553	-0.0269033692487	0.0007237912769318	0.0088674081315448	0.1678066718793829	0.0297790120346092	0.0008867895577574	0.0281590791272348	0.0055024558657898	0.0005248111354285	2.754267278697514e-07	3.0277020554964572e-05	-0.002658042631354	3.215141393519971e-05	1.0337134180325543e-09	7.065190630095297e-06	0.0018118305737829	-0.0001283858422911	3.282730028094473e-06	1.648292450082084e-08	0.0	0.0	0.0
1057.170871818911	-1.8438239906024592	3.3996869083211774	1117610.2522223566	1565.9672391708582	4.106341148620231	16.86203762885172	2452253.3941564	1032.5502467491815	0.2216275163705177	1066160.0120617957	0.049118756012564	1152.6384274288937	1054.218338996276	1.157614	28.229795	0.1402344708102972	0.0750863419087846	0.0924615801	0.0668785319	-0.1388454797	-0.0041045339	0.0438469305	-0.1199959517	0.0774689209	-0.0552113281	0.0560327755	0.0019260617	0.0051242267	0.05014462	-0.0711562102	-0.0253302162	-0.0628889258	-0.0212728778	0.0018363825	-0.1318907902	-0.1362926736	0.0268199375	0.1412931062	-0.0210334339	0.0640063483	0.0313700661	0.0002948365	-0.0316977627	-0.0281812656	0.0768511448	0.0177827115	-0.0582087248	0.0245065902	0.0963404311	0.0080185429	-0.0507076749	0.0207675756	0.1154712524	-0.0311943497	-0.0534641028	-0.0984390345	-0.1160973351	0.0340988841	0.0430127134	0.0656468983	-0.0508875867	0.0374326043	0.0921913103	-0.101446259	-0.0364926372	-0.0373751893	0.0504593038	0.0078649044	-0.0264775112	-0.0052886222	0.0392148908	0.0071607485	0.0970359692	-0.0477473386	-0.102195299	-0.057239456	-0.0438590693	-0.1062000903	0.0697116814	-0.0978856227	-0.0424784772	0.0093909883	0.0793718168	-0.0426307544	-0.059685588	-0.0712030478	0.0305164911	-0.243258447	-0.0333546986	0.1316694577	-0.0103908653	-0.1458854101	0.124097542	-0.0523004237245601	-0.0295636653442698	0.0027353343217685	0.0008740103085879	-0.0540722144403105	0.0400947018920448	0.0016075851198119	0.0029238043744789	0.1193518424832404	-0.0484548293961424	0.0023478704918092	0.0142448623041442	0.0058433173450105	0.0003408614792207	1.1618654801652373e-07	3.414435759450056e-05	-0.0026570261038085	1.0165275455002905e-06	1.0333282507608452e-12	7.059787716319777e-06	0.0017112830969923	-0.0001005474767906	2.9284898380515574e-06	1.0109795088956277e-08	0.0	0.0	0.0
1056.201643205818	-0.969228613093037	0.939404104438252	1115561.9111106703	1565.285027978627	-0.6822111922310796	0.465412110805351	2450117.2188140512	1030.1007549871547	-2.4494917620268097	1061107.565425106	6.000009892237205	1150.8575593873902	1046.4153980893125	1.04113	25.389206	0.2061263788483579	0.1067178309244003	-0.0331983723	-0.1054721262	-0.0799394414	-0.0649292281	0.0619032706	0.1220221982	0.0451164906	-0.0317862902	0.1168367297	0.0576554339	0.1135129071	-0.0800592002	0.0291700523	0.1570494694	-0.0962192394	-0.1490366487	-0.1306012915	0.0222982097	-0.1613397329	-0.2101787958	-0.0661872701	-0.1908463133	0.1258706153	0.1128853244	0.1240118209	-0.0409328695	-0.0573743751	-0.0295105514	0.1210336004	0.0987625843	-0.1446071144	-0.0575368888	0.1233441586	0.0115336516	-0.0294400613	-0.0963548991	-0.0844715145	0.0455530114	0.0111576465	0.0815140942	0.1428603212	0.189981267	0.0180773224	-0.0453964852	-0.0486410073	0.1653792798	0.1602705649	0.1442680408	0.0985262158	0.0105624781	0.0780012686	0.138079846	-0.0583347014	0.01895887	-0.0428181713	-0.0692362844	0.1715555106	-0.0957756919	-0.0876196874	0.0626076548	-0.2025296373	0.0161921636	-0.0227847376	-0.0087998102	0.0141170142	0.0069080762	0.1648644701	-0.0147716868	-0.0192609054	0.0024559387	0.1165779154	0.128159157	0.1315257034	-0.0289827831	-0.1475373187	0.1304173552	-0.0217302442587197	0.0305701794658403	0.0004722035155436	0.0009345358725736	-0.1251804366047935	-0.071108222164483	0.0050563792593934	0.0156701417085667	0.195179783795055	0.0758279413118145	0.0057498766835879	0.0380951480022844	0.0061850644588438	0.0003417471138333	1.1679108981339073e-07	3.825502236005275e-05	-0.0025716878557799	8.533824802859974e-05	7.282616576590807e-09	6.61357842756582e-06	0.0015659677407298	-0.0001453153562625	2.4522549650063936e-06	2.1116552765697296e-08	0.0	0.0	0.0
1058.0753055704556	1.8736623646375392	3.510610656659135	1119523.352258013	1562.671151984228	-2.6138759943992227	6.832347714096525	2441941.129243714	1033.6580480045302	3.557293017375514	1068448.9602045356	12.654333611468587	1153.4490057531898	1060.209911758476	0.975887	23.798176	0.2358597392515631	0.1373205184549449	-0.1007274466	-0.0664188199	-0.0106985875	0.0581902535	-0.0336607255	0.1259954698	-0.0129162025	0.0193092518	-0.080443739	0.0088279193	-0.0162105729	-0.046099929	-0.1217409427	-0.0323280854	0.0212091657	-0.222237206	0.0442105394	-0.1298507198	-0.079811645	0.0462238916	-0.0256593015	-0.0759819308	-0.0516075704	-0.058951805	-0.1627979992	-0.185456974	0.0178973702	-0.084645329	-0.0760359891	-0.0461517844	-0.0785034957	0.1563912618	-0.0304654273	0.0718327572	0.0852685905	-0.0704129808	0.0514025555	0.0294019242	-0.1021237728	0.0484676685	-0.0410769635	-0.0445089212	0.0014876587	-0.0601762295	0.070326	0.2336774002	-0.0533980775	0.1265345714	0.1573385825	0.1086231714	-0.0132322053	-0.0381893326	0.0377661465	0.067079208	-0.0536309511	-0.0208263142	0.0310612848	0.0558547603	-0.0014824823	-0.1520820236	-0.0558245902	0.1092740149	-0.1630295678	0.0196315073	0.0926033861	0.0173254433	0.0894698965	-0.0556340814	-0.0065335539	0.1160398115	0.0064623185	-0.0906440404	0.1697909049	0.0118869389	-0.1489877092	0.136024874	-0.0373677672605339	-0.0156375230018142	0.0013963500300374	0.0002445321256322	-0.038655527623348	0.0865249089814454	0.0074865598742474	0.0014942498158394	0.0889660742626716	-0.1062137095323833	0.0112813520926295	0.0079149623697111	0.0059992027535859	-0.0001858617052579	3.4544573481374696e-08	3.5990433678632644e-05	-0.0024211932833717	0.0001504945724081	2.264861632432695e-08	5.862176915444234e-06	0.0017792834177821	0.0002133156770523	3.16584948079435e-06	4.5503578076281166e-08	0.0	0.0	0.0
1055.5235528663345	-2.5517527041211	6.5114418629893445	1114129.9706555696	1561.7318009328624	-0.93935105136552	0.882380397701508	2439006.218045002	1034.9043979882206	1.2463499836903793	1071027.1129753613	1.5533882818450089	1156.4027835513737	1082.2730972210288	1.226996	29.921751	0.1593527854312269	0.0981293865301464	0.0711099299	0.1184212432	0.1744058943	0.1682951951	-0.088157954	-0.1438754715	-0.065497256	-0.0225264167	-0.1437444606	-0.2062038737	-0.0855881776	0.0085390906	0.1813133813	-0.1679427978	0.0523129163	-0.0560105496	0.2651178915	-0.1135841864	0.1029255751	-0.0743327869	0.1001844487	-0.0724860432	-0.3384829173	-0.0548129046	0.0036644818	0.0275470853	0.002026595	-0.0873967461	-0.0016189799	0.0299489901	-0.3775786497	-0.1188665231	-0.1267238488	-0.0376453262	-0.0174789299	0.1477947954	0.1476525017	0.2539967011	-0.062928356	0.0695561573	-0.0073654325	-0.1389094605	0.0075051194	0.0942240269	-0.1462827524	0.0167059032	0.1267425304	-0.108997068	0.2823235569	0.203498389	-0.0795199629	-0.0765361262	-0.1452078327	0.0531219433	0.1975220576	-0.1632418563	-0.0896535466	0.0307948197	0.0931493509	-0.0582196597	0.0329033235	-0.0624757533	0.074988713	0.0097551662	-0.0145692887	0.030346477	0.1243262547	-0.1157479976	-0.0974177982	0.0458806682	0.1818088851	-0.0339593568	-0.1211184353	0.2641565106	-0.1502346003	0.1408894722	-0.0327689111348661	0.0045988561256678	0.0010738015369647	2.1149477664592257e-05	-0.0062419464878615	0.0324135811354865	0.0010506402420267	3.896189595732652e-05	0.003333572554439	-0.0856325017082326	0.0073329253488104	1.1112705975708958e-05	0.0063362891642753	0.0003370864106894	1.1362724827146309e-07	4.014856037331258e-05	-0.0022741837151265	0.0001470095682452	2.161181315564013e-08	5.1719115701465695e-06	0.0015292224674799	-0.0002500609503021	2.338521355045314e-06	6.253047886603927e-08	0.0	0.0	0.0
1051.539719960983	-3.983832905351619	15.870924617762322	1105735.7826556223	1552.9994396749696	-8.732361257892762	76.25413313834646	2411807.259630769	1033.2705943633907	-1.6338036248298522	1067648.1211760747	2.6693142845071645	1155.328802297781	1035.5978255720504	1.330278	32.440411	0.1076287902215123	0.0519395682525107	0.1793360798	-0.0185982052	-0.1460754173	0.1793279049	0.0384037272	-0.2338705639	0.1390906182	0.115953828	-0.0884001095	-0.1099298061	-0.0860988043	0.0842216753	0.1908210066	-0.2814232824	0.1133480037	-0.0488138546	0.0921949575	0.1177166403	-0.1024034111	-0.1028681403	0.034390337	-0.0334623505	0.2051253058	-0.0107779688	0.0641203232	-0.0555058451	0.0428770043	0.0947424166	-0.1098152115	0.2726974057	-0.0930403285	-0.0460404082	-0.1540189908	-0.1774056428	0.1195836855	0.1798359899	-0.1114232274	0.1922331582	0.0417304947	-0.0034157453	0.0168415228	0.0375900828	0.0130761229	0.091396592	0.1366403124	-0.0390419696	-0.1932073413	-0.0781041631	-0.0025231458	-0.1442271635	-0.1099440571	-0.2068861328	-0.1795635623	0.0837392396	0.0685710382	0.1249246889	0.0809279249	0.0072827971	0.0692137071	-0.0042170708	0.0742902963	0.020831298	0.1162262935	-0.0460157476	-0.1277889921	0.0668620689	-0.0504586526	0.0149877474	0.0236833707	-0.0905037177	-0.2284638464	0.0129697658	-0.0675011412	-0.2602121823	-0.151276289	0.1449845808	-0.03637864567213	-0.0036097345372638	0.0013234058609383	1.3030183429515796e-05	0.0249230407624594	0.0311649872503209	0.0009712564303126	0.0006211579608472	0.0123790298192716	0.0090454572648326	8.182029712991286e-05	0.0001532403792664	0.0070229001522748	0.0006866109879994	4.7143464884164926e-07	4.932112654882141e-05	-0.0026097783807317	-0.0003355946656052	1.1262377958266609e-07	6.810943196534575e-06	0.0017831890372571	0.0002539665697772	3.1797631425939035e-06	6.449901856439743e-08	0.0	0.0	0.0
1053.46356883227	1.9238488712871915	3.701194479553	1109785.490856823	1549.8503699106714	-3.149069764298247	9.916640380417416	2402036.1691122446	1032.483824290675	-0.7867700727156262	1066022.8474218976	0.6190071473209516	1149.451562157861	1043.1666964005926	1.253952	30.579102	0.2438856145375955	0.1682091792020542	0.021477949	-0.0814056814	-0.1011783537	0.0564750764	0.1113391581	0.0345540769	0.1235242719	0.0007977659	-0.1213706116	0.0876995387	-0.0369938372	-0.1435290198	0.1506341843	-0.1373299445	-0.0539946479	0.096064406	-0.1313461748	0.1440374599	0.003751285	-0.1187741386	-0.2197532952	-0.0738940546	-0.0189251898	-0.0410143438	-0.0668231795	-0.0070257459	0.1757714447	-0.0211537918	0.2027107927	0.0540867792	0.1346031623	0.1727385024	-0.0019474527	0.0923218863	0.0737956699	0.0245221971	-0.2229324856	0.0581893726	0.2179574119	0.2713063687	0.0233085127	-0.0140543595	-0.0383170434	-0.0488348739	0.1054083257	0.0153078477	0.0418773086	-0.0077340737	0.1068033319	-0.0564439287	-0.0137462276	-0.0089366855	-0.0734410671	0.3075483355	0.0430977104	-0.0015018631	0.1012073272	-0.0927687265	0.0369857503	-0.0029303959	-0.090021071	-0.0341020641	-0.0823175231	0.262758796	-0.0646265343	0.0517384025	-0.0880886287	0.1104599047	0.1404116629	-0.0254520694	0.187789486	0.1219802275	0.0125227846	-0.0270793658	-0.1521113526	0.148287834	-0.0358114973258949	0.000567148346235	0.0012824633407225	3.216572466372084e-07	-0.1033724505197568	-0.1282954912822162	0.0164597330833452	0.0106858635264595	0.1202114728123859	0.1078324429931143	0.0116278357618632	0.0144507981957229	0.006941839401717	-8.106075055779993e-05	6.570845280993861e-09	4.818913427923064e-05	-0.0025478476090337	6.193077169800018e-05	3.835420483109821e-09	6.491527438858742e-06	0.0017823699211923	-8.191160648001253e-07	3.1768425359710454e-06	6.709511276136432e-13	0.0	0.0	0.0
1056.3402211979949	2.8766523657247944	8.275128833230056	1115854.662920629	1554.4154835182785	4.565113607607145	20.840262250359924	2416207.495401364	1031.0481524962113	-1.4356717944638149	1063060.292765851	2.0611535014189504	1150.9960676619005	1047.541615808467	1.176505	28.690481	0.204934148867177	0.1043260759268072	-0.1173168023	-0.06707292	-0.0414730182	0.0816995839	0.0506972482	0.1516669831	-0.0932714091	0.2413943304	0.0238306191	0.0510021076	-0.0534417987	0.1176587208	0.0742493224	-0.0586530287	-0.0236189003	2.67553e-05	-0.0605646876	0.1569505047	0.1948786322	0.1044504521	-0.0507604736	-0.2258952295	-0.0184474787	-0.1994598259	0.0161835682	0.0546918434	0.0892146146	-0.03924845	0.0130164604	0.0768286869	0.0045562434	0.1825323974	-0.0145547941	-0.1104490922	0.0312820241	-0.1717459425	-0.0438713647	-0.0328122466	0.1160080474	0.1472638653	-0.0090699298	-0.1903798208	-0.1286755281	0.0963046502	-0.0257189552	0.0394207505	-0.2325385816	-0.0661248205	0.0828267383	0.0032896819	-0.072961346	-0.0867776212	-0.1608118643	0.0111875182	-0.0348132294	0.0528636649	0.1471697094	0.0673551101	0.129178502	-0.1275822304	0.0829866751	-0.0061606705	0.0806858148	0.1290998635	0.0261694833	-0.0818486635	-0.0896140573	-0.0881752954	-0.0309304427	0.0045800507	0.0241936106	-0.0245571751	0.0413067178	-0.0930491419	-0.1527386503	0.1507811905	-0.0526331258498657	-0.0168216285239708	0.0027702459367278	0.0002829671861984	-0.0305918197769301	0.0727806307428267	0.0052970202113236	0.0009358594372641	0.0490730501925114	-0.0711384226198744	0.0050606751728438	0.0024081642551967	0.0063360797457677	-0.0006057596559493	3.669447607758144e-07	4.014590654472768e-05	-0.0022728885629184	0.0002749590461152	7.560247704063564e-08	5.16602241944527e-06	0.0017792192836468	-3.150637545500058e-06	3.165621259300632e-06	9.926516943114628e-12	0.0	0.0	0.0
1057.3753104512682	1.035089253273327	1.0714097622419334	1118042.5471519155	1554.19930577387	-0.2161777444084691	0.0467328171775334	2415535.4820679794	1033.0541757923934	2.006023296182093	1067200.9301221012	4.024129464825269	1153.0646863599438	1083.8123816779266	1.304153	31.803326	0.2521090561771714	0.1315431594522257	0.0284345745	0.1066809341	0.1493054219	0.1555506685	-0.0357843764	-0.0911926073	-0.0245604874	0.0198508666	-0.2084798888	-0.0997033264	-0.1252331717	0.0259133428	0.1715708356	-0.1903832172	0.1674804563	0.2461375373	0.125541832	0.0145857005	0.2387693577	0.0946308297	0.1273606367	0.1421047094	-0.0351330205	0.1146161747	-0.1434625921	0.0143570476	-0.0363318623	0.0204970098	-0.0120085944	-0.0666574918	0.0704829951	-0.0504738669	-0.1557871611	0.0612671653	0.0368472657	0.1795819707	0.1627990269	0.1596482497	0.2051298658	-0.0516186187	-0.0866672415	-0.1827979191	-0.0331461322	0.1295366266	-0.0126607999	-0.2409838849	-0.0237481058	0.0475372913	0.0220767452	-0.0192579377	-0.1250869936	-0.1856186172	-0.1480271585	0.1498281715	0.1044082259	-0.1182578418	-0.1010082607	0.0755436146	0.224834482	-0.1423048012	0.1782475651	-0.0074326562	0.1520425785	-0.0690671427	0.0037049387	0.0483787066	-0.0755890048	0.1593040874	0.0508155358	0.0432341011	0.1169993593	-0.1574645388	-0.013122	0.0642694086	-0.1531573254	0.1524510324	-0.0383277018289049	0.0143054240209608	0.0014690127274854	0.0002046451564194	0.0370132511968677	0.0676050709737978	0.0045704456213722	0.0013699807641624	-0.0346059572796164	-0.0836790074721278	0.0070021762915204	0.0011975722792386	0.0071667345925109	0.0008306548467432	6.899874744179691e-07	5.136208471949237e-05	-0.0021080236934396	0.0001648648694787	2.7180425188261747e-08	4.443763892102733e-06	0.0025140906416305	0.0007348713579837	6.32065175433406e-06	5.400359127848076e-07	0.0	0.0	0.0
1054.0269419101503	-3.3483685411179067	11.21157188714806	1110972.7942724633	1562.394312192316	8.195006418445928	67.15813019836996	2441075.9867709	1031.8850198959417	-1.1691558964516844	1064786.694285648	1.3669255102077418	1154.380045160517	1052.3605764352485	1.294982	31.579685	0.1507007799629707	0.0747766805289977	0.1071610665	0.0008582346	-0.1257754251	0.0794347129	0.0087444245	-0.1674029247	0.0933201627	0.1017808418	0.070553557	-0.2005877671	-0.0745824975	0.1200896163	0.20186259	-0.0598441371	0.0282316229	0.0290316762	0.0835768985	0.1036736901	-0.0614706803	0.0335717345	0.0311315983	-0.0257502507	-0.0041257098	0.0178138721	-0.0749648693	0.2094114859	-0.0782623029	0.0676832712	-0.1493124686	-0.0315134002	0.2218225225	0.0257270998	-0.0930094612	-0.2284421049	0.011119992	0.0402234214	-0.0710527578	0.1472971686	0.0741871342	-0.0109291972	0.0866738944	-0.0233402117	-0.0799438779	0.0420981823	0.0715422941	-0.1244635385	-0.0077110157	0.0177105935	-0.1990482127	0.2088269648	-0.0852670537	-0.1245584273	-0.2665828349	0.0047081004	0.0937256781	0.0525326941	0.1682884487	-0.0157437894	0.0041157689	-0.0523060732	0.0620502823	-0.0171259308	0.1418202616	-0.0185309996	-0.20055725	-0.0936109354	0.0989623753	0.0079104759	0.0555266829	-0.0145813167	-0.1359034938	-0.0819375094	-0.1154921499	-0.0354341334	-0.153366806	0.1532882396	-0.0244458606122606	0.0138818412166443	0.000597600101074	0.0001927055155641	0.0096243900099892	-0.0273888611868785	0.000750149717114	9.262888306437992e-05	0.0206154682628465	0.0552214255424629	0.0030494058389417	0.0004249975316964	0.0070437684338573	-0.0001229661586536	1.5120676174022376e-08	4.961467374980451e-05	-0.0023890784093971	-0.0002810547159575	7.899175336195106e-08	5.707695646247379e-06	0.0018339384759019	-0.0006801521657286	3.363330333393384e-06	4.626069685453052e-07	0.0	0.0	0.0
