global_signal	global_signal_derivative1	global_signal_power2	global_signal_derivative1_power2	csf	csf_derivative1	csf_derivative1_power2	csf_power2	white_matter	white_matter_derivative1	white_matter_derivative1_power2	white_matter_power2	csf_wm	tcompcor	std_dvars	dvars	framewise_displacement	rmsd	t_comp_cor_00	t_comp_cor_01	t_comp_cor_02	t_comp_cor_03	t_comp_cor_04	c_comp_cor_00	c_comp_cor_01	c_comp_cor_02	c_comp_cor_03	c_comp_cor_04	c_comp_cor_05	c_comp_cor_06	c_comp_cor_07	w_comp_cor_00	w_comp_cor_01	w_comp_cor_02	w_comp_cor_03	w_comp_cor_04	w_comp_cor_05	w_comp_cor_06	w_comp_cor_07	w_comp_cor_08	w_comp_cor_09	w_comp_cor_10	w_comp_cor_11	w_comp_cor_12	w_comp_cor_13	w_comp_cor_14	w_comp_cor_15	w_comp_cor_16	w_comp_cor_17	w_comp_cor_18	w_comp_cor_19	w_comp_cor_20	w_comp_cor_21	a_comp_cor_00	a_comp_cor_01	a_comp_cor_02	a_comp_cor_03	a_comp_cor_04	a_comp_cor_05	a_comp_cor_06	a_comp_cor_07	a_comp_cor_08	a_comp_cor_09	a_comp_cor_10	a_comp_cor_11	a_comp_cor_12	a_comp_cor_13	a_comp_cor_14	a_comp_cor_15	a_comp_cor_16	a_comp_cor_17	a_comp_cor_18	a_comp_cor_19	edge_comp_00	edge_comp_01	edge_comp_02	edge_comp_03	edge_comp_04	edge_comp_05	edge_comp_06	edge_comp_07	edge_comp_08	edge_comp_09	edge_comp_10	edge_comp_11	edge_comp_12	edge_comp_13	edge_comp_14	edge_comp_15	edge_comp_16	edge_comp_17	edge_comp_18	edge_comp_19	edge_comp_20	edge_comp_21	edge_comp_22	edge_comp_23	cosine00	cosine01	non_steady_state_outlier00	non_steady_state_outlier01	trans_x	trans_x_derivative1	trans_x_derivative1_power2	trans_x_power2	trans_y	trans_y_derivative1	trans_y_derivative1_power2	trans_y_power2	trans_z	trans_z_derivative1	trans_z_power2	trans_z_derivative1_power2	rot_x	rot_x_derivative1	rot_x_power2	rot_x_derivative1_power2	rot_y	rot_y_derivative1	rot_y_derivative1_power2	rot_y_power2	rot_z	rot_z_derivative1	rot_z_derivative1_power2	rot_z_power2	motion_outlier00	motion_outlier01	motion_outlier02	motion_outlier03	motion_outlier04	motion_outlier05	motion_outlier06	motion_outlier07	motion_outlier08
1039.296945051087	n/a	1080138.1399925223	n/a	1507.83194044893	n/a	n/a	2273557.160637985	1003.497169655436	n/a	n/a	1007006.5695064708	1140.6863048955013	958.5916826522796	n/a	n/a	n/a	n/a	0.0	0.0	0.0	0.0	0.0	0.0	0.0	0.0	0.0	0.0	0.0	0.0	0.0	0.0	0.0	0.0	0.0	0.0	0.0	0.0	0.0	0.0	0.0	0.0	0.0	0.0	0.0	0.0	0.0	0.0	0.0	0.0	0.0	0.0	0.0	0.0	0.0	0.0	0.0	0.0	0.0	0.0	0.0	0.0	0.0	0.0	0.0	0.0	0.0	0.0	0.0	0.0	0.0	0.0	0.0	0.0	0.0	0.0	0.0	0.0	0.0	0.0	0.0	0.0	0.0	0.0	0.0	0.0	0.0	0.0	0.0	0.0	0.0	0.0	0.0	0.0	0.0	0.0	0.0	0.0	0.0	1.0	0.0	-4.4293003043094365e-08	n/a	n/a	1.9618701185755665e-15	-1.8099524595527328e-05	n/a	n/a	3.2759279058409867e-10	0.0210307002920018	n/a	0.000442290354772	n/a	8.800002123216888e-05	n/a	7.744003736862173e-09	n/a	-2.185585046277083e-12	n/a	n/a	4.7767819945100005e-24	-1.227125362044876e-13	n/a	n/a	1.505836654173768e-26	0.0	0.0	0.0	0.0	0.0	0.0	0.0	0.0	0.0
1040.702645557067	1.405700505979894	1083061.996469478	1.9759939125121295	1501.6926098151748	-6.139330633755208	37.69138063056512	2255080.694373511	1002.7000762439164	-0.7970934115195405	0.6353579066878595	1005407.442899556	1140.4748295901115	966.5389643862871	1.171219	22.889675	0.0236455966489855	0.0139625024950557	0.0	0.0	0.0	0.0	0.0	0.0	0.0	0.0	0.0	0.0	0.0	0.0	0.0	0.0	0.0	0.0	0.0	0.0	0.0	0.0	0.0	0.0	0.0	0.0	0.0	0.0	0.0	0.0	0.0	0.0	0.0	0.0	0.0	0.0	0.0	0.0	0.0	0.0	0.0	0.0	0.0	0.0	0.0	0.0	0.0	0.0	0.0	0.0	0.0	0.0	0.0	0.0	0.0	0.0	0.0	0.0	0.0	0.0	0.0	0.0	0.0	0.0	0.0	0.0	0.0	0.0	0.0	0.0	0.0	0.0	0.0	0.0	0.0	0.0	0.0	0.0	0.0	0.0	0.0	0.0	0.0	0.0	1.0	1.7179745753992393e-05	1.7224038757035487e-05	2.966675111038606e-10	2.951436641718196e-10	0.0103777821230295	0.010395881647625	0.0001080743552314	0.000107698361793	0.0209983802967457	-3.231999525609916e-05	0.0004409319750867	1.044582093354272e-09	-7.20000067046776e-05	-0.0001600000279368	5.184000965473619e-09	2.560000893979165e-08	-0.000103999664107	-0.0001039996619214	1.0815929679768608e-08	1.0815930134368825e-08	-3.729611398885192e-09	-3.729488686348987e-09	1.3909085861605093e-17	1.3910001186694357e-17	0.0	0.0	0.0	0.0	0.0	0.0	0.0	0.0	0.0
1043.9983368242958	3.295691267228904	1089932.5272918958	10.861580928888856	1511.8745927481816	10.181982933006791	103.67277644804162	2285764.78419748	1006.3223393817696	3.6222631378531114	13.120790239849462	1012684.6507387974	1144.182976036741	991.7664201386582	1.164377	22.755968	0.1355027085695862	0.0904236221980307	-0.157280442	0.0398210621	0.1393634671	-0.0727731466	0.1001695046	-0.0695604682	-0.2256271839	-0.1654496246	0.0817928986	-0.0784444847	0.0509641277	-0.1737208318	0.0613062396	-0.0324192368	-0.0193927119	0.0254864896	-0.1231799477	0.0438375928	-0.0448591983	0.0735220223	-0.0968956171	0.1529704259	-0.0757314619	0.0970419523	-0.0119380256	0.0108811078	-0.0984540559	0.030139701	-0.0394358849	0.2114865505	-0.1256458612	-0.0028413638	-0.0284378964	0.1259226549	-0.0516555931	-0.0003018849	0.0823126325	-0.1704295899	0.1454383966	-0.0863116516	0.0633482146	-0.1582629226	-0.0109480091	0.0867784794	-0.040768682	0.0856660131	-0.0002336271	0.0108690039	-0.0610774359	0.0542146086	-0.0394884448	0.0467084991	-0.2569798856	0.2366991761	-0.0516047429	-0.0559636464	0.0165001666	-0.0551388335	0.1937196895	-0.0479322676	0.2582294853	-0.0153366066	-0.0095136497	0.0949070118	-0.0378427456	0.0800996529	-0.0836606031	0.2564505287	-0.0440626241	0.0615715897	-0.0705402909	0.0883750614	-0.036845317	0.0199212435	-0.1675023117	0.0267825306	-0.1193943627	0.2660093636	-0.0196637125	0.1552023069	0.1551189223	0.0	0.0	-2.849800324611351e-07	-1.7464725786453528e-05	3.0501664679601476e-10	8.121361890154964e-14	-0.0324425061470918	-0.0428202882701213	0.0018335770875362	0.001052516205104	-0.058966418127639	-0.0799647984243847	0.0034770384668035	0.0063943689870524	-0.0002219997505757	-0.000149999743871	4.928388925567301e-08	2.249992316137232e-08	5.24691401437849e-12	0.0001039996693539	1.0815931225723445e-08	2.75301066742814e-23	1.495408072545168e-13	3.729760939692446e-09	1.391111666725548e-17	2.2362453034332543e-26	0.0	0.0	0.0	0.0	0.0	0.0	0.0	0.0	0.0
1046.4407613524843	2.44242452818844	1095038.267019967	5.965437575896522	1521.893876099234	10.019283351052309	100.38603886867398	2316160.9701083503	1004.5687244424216	-1.7536149393479263	3.0751653555042315	1009158.322127874	1141.685291524519	971.7582431432058	1.366314	26.702511	0.0529571530092948	0.0326387303614382	-0.0061775379	0.1324902347	-0.0760831235	-0.1050548052	-0.0357076628	0.0712867687	0.2354230873	0.1198522408	0.0620916042	0.0156044777	-0.117645115	-0.1950879265	-0.1044843634	-0.0617875691	0.1183755062	-0.110650711	-0.0778283946	-0.0473830743	-0.2574807295	-0.1612978676	-0.164888783	0.032072569	-0.000393236	-0.0556702959	0.0329094406	0.1133151186	0.0930177801	0.0171653968	0.0038464062	0.0933693922	0.1555545493	0.0261943624	-0.0425925965	-0.2041775232	0.0036502684	0.1249412855	-0.1547741673	0.076613382	-0.0446744697	0.018506498	0.0057954689	0.0351542157	0.2168978378	0.066079734	0.0976760685	-0.1065195266	0.077578899	0.1067210097	-0.0443210336	-0.0692392312	-0.1775441047	0.0138722409	-0.0458553789	-0.1255826418	0.0985766216	-0.067141097	-0.0201074647	0.0099468791	-0.023684489	-0.1420755051	-0.119359494	-0.1260014365	0.038131871	0.1536772319	-0.0149381408	0.0321037694	0.0340720638	0.1432935075	-0.1121649673	-0.0661309887	0.1256797447	0.1587496878	-0.1467607802	0.1574212319	-0.072006261	-0.0013189308	-0.0332275358	0.1210512475	-0.0792075769	0.1549799811	0.1542304152	0.0	0.0	5.53370682609966e-10	2.855334031437451e-07	8.152932431084847e-14	3.062191123722197e-19	-0.0056870022496724	0.0267555038974194	0.0007158569888048	3.234199458777894e-05	-0.0438650423477753	0.0151013757798637	0.0019241419401721	0.0002280515504446	1.4476514824691486e-17	0.0002219997505757	2.0956948146951235e-34	4.9283889255679444e-08	0.0	-5.24691401437849e-12	2.75301066742814e-23	0.0	-2.212090217108982e-18	-1.495430193447339e-13	2.236311463473946e-26	4.893343128629263e-36	0.0	0.0	0.0	0.0	0.0	0.0	0.0	0.0	0.0
1047.715931495384	1.2751701428996969	1097708.67310924	1.6260588933428328	1516.4188433867955	-5.475032712438406	29.975983202270648	2299526.1085785464	1005.5454002934262	0.9766758510045292	0.9538957179354214	1011121.5520512668	1141.355174683688	994.8342319955016	1.170444	22.874537	0.0198317030996384	0.0118570852843242	-0.0709836726	-0.0676290686	-0.0652734051	0.1512126758	-0.0501262108	0.1780841446	-0.0141791121	0.1093720556	0.0106869106	0.0217586207	-0.0391635704	0.113471968	0.1643646534	-0.0489022987	0.111370077	0.037072295	0.0340669316	-0.0434869651	-0.0035196932	0.0278533107	-0.0202822122	-0.120419993	0.0909077245	0.0439634923	-0.1077693012	-0.1808600478	0.0170024932	0.0113285635	0.1165396993	-0.0718972158	0.048957264	0.0325331877	-0.0010034168	0.0038056462	-0.0462438792	0.0585639563	0.1306132262	0.1642872138	-0.0293269832	0.1196935756	-0.0382761758	0.0020491541	0.0269950379	0.0032844767	-0.0470112327	0.1421367207	0.1391267098	-0.0049300808	-0.0396748241	0.05315708	0.0900590356	0.0426202647	0.1623487702	-0.0272262773	-0.1187012047	-0.0630635856	0.0262710592	-0.0100551992	-0.034622667	0.0740403668	-0.1315287873	0.1026393902	0.0982398094	0.1945180896	-0.1142671784	-0.0020387278	-0.0397478377	0.0672701296	-0.0397741032	-0.0033433162	0.1709680244	0.048898155	0.1024696228	0.1339844635	-0.0520194932	0.0270061093	-0.0238787084	-0.0677289711	-0.0112792983	0.154535648	0.1524584902	0.0	0.0	-2.1174531639189809e-07	-2.1229868707450805e-07	4.507073253355989e-14	4.4836079013905024e-14	-0.0025919090230388	0.0030950932266336	9.57960208155319e-06	6.7179923837099465e-06	-0.0510014277928405	-0.0071363854450651	0.0026011456369083	5.092799722053836e-05	-0.0001920002360562	-0.0001920002360562	3.686409064563653e-08	3.6864090645642083e-08	-6.346478897967245e-12	-6.346478897967245e-12	4.027779440234354e-23	4.027779440234354e-23	-1.823602439844293e-13	-1.8235803189421218e-13	3.325445179633051e-26	3.3255258586060583e-26	0.0	0.0	0.0	0.0	0.0	0.0	0.0	0.0	0.0
1049.3872051507694	1.6712736553854484	1101213.506334143	2.793155631185438	1523.2064218004348	6.787578413639267	46.07122072130174	2320157.803414084	1007.747802734375	2.2024024409488447	4.8505765118974296	1015555.6339159608	1142.4344381700482	1007.449254082975	1.096352	21.426517	0.0261548402990192	0.0179937648717092	0.0440317148	0.0715286526	-0.018715757	0.0683617804	0.143977621	-0.0923292939	-0.0755338207	-0.126436942	0.1588857281	-0.0070770231	-0.0425987463	0.0724407609	0.0356235355	-0.0524112763	-0.0705181521	-0.1524928726	-0.1282860057	-0.0463633854	0.0001265234	0.0648491809	0.111684082	0.0349858294	-0.0069643454	-0.0414341386	0.213149132	-0.0085501928	-0.154429398	-0.0011035403	0.0412062296	0.0118270687	0.1275764421	-0.1475957062	0.0231409175	0.2145593897	0.153453461	0.0804834951	-0.0063704814	-0.1781944569	0.0971179444	0.0605418379	-0.0110703105	-0.0495330603	0.0902256227	0.0158365687	0.0283105123	0.0197822154	-0.0669285206	0.1792858746	-0.0306791153	0.0935053972	0.0366428765	0.102921423	0.034888722	0.070929698	-0.0230165462	-0.0750587488	0.0624985244	0.032903726	0.063875646	-0.1135620992	0.0581586749	0.0726607222	0.17058374	0.0304392542	-0.0063364752	-0.0172819804	-0.1322229437	0.1111534974	0.1252300109	0.0465348039	0.0560184355	0.036274753	0.0645069702	0.1036313365	-0.0816374175	0.1399834193	-0.0550276348	0.0626431514	0.069369334	0.153869944	0.1498132968	0.0	0.0	0.0162330326648714	0.0162332444101877	0.0002635182240808	0.0002635113494987	0.0003427132966464	0.0029346223196851	8.612008159194543e-06	1.1745240369824337e-07	-0.0509644684033787	3.695938946179922e-05	0.0025973770396389	1.365996469388955e-09	-5.299996069371176e-05	0.0001390002753624	2.808995833534992e-09	1.932107655084756e-08	1.670663607455936e-12	8.01714250542318e-12	6.427457395226307e-23	2.7911168892776822e-24	3.1698124349941945e-14	2.1405836833437127e-13	4.582098505397335e-26	1.0047710873043824e-27	0.0	0.0	0.0	0.0	0.0	0.0	0.0	0.0	0.0
1049.133433645279	-0.2537715054904765	1100680.961592333	0.0643999769989029	1519.0566282977024	-4.1497935027323365	17.220786115319516	2307533.039975184	1007.0015355987906	-0.7462671355843895	0.5569146376533296	1014052.0926983224	1143.6667429271497	994.6938096870332	1.196843	23.390457	0.0849246126571015	0.0439107877271141	0.1292177796	0.1025435365	-0.1001774044	-0.0616037876	-0.0459224033	-0.0549579193	0.2070982526	0.0489510378	0.0199350429	-0.0304557343	0.0553268196	-0.1148147178	-0.0339907826	-0.0498539169	0.0337543434	-0.022393113	0.1068979495	0.1371844313	-0.0063829366	-0.0681627717	-0.0275045826	0.0195578672	0.2192505186	0.0815041009	-0.1793340094	0.1061611875	-0.0290889504	-0.0679680513	0.0866998728	-0.2033308992	0.023950084	0.0543813073	-0.0480050758	-0.1448988366	0.0442769993	0.0552455746	-0.1432488413	0.0392845918	-0.1653013593	-0.1574175653	0.0065542046	0.0399666267	0.1178310445	-0.0466535965	-0.0312620914	0.0446898289	0.1661887509	-0.0893010888	-0.1290379956	-0.0151361643	-0.0661389607	-0.1359251089	0.0984835956	-0.114654201	0.0215596359	-0.0467133272	-0.0884309544	0.1321603962	-0.0488246015	-0.0847389877	-0.0480233981	-0.0886640914	-0.0306028476	0.030910863	-0.0049155417	0.1319110289	0.2328415173	0.0215004223	-0.1048774504	-0.1343388548	0.0541665229	-0.0402286554	0.0904470897	-0.0460038496	0.0571124554	-0.0201397785	0.0829601347	-0.0173150651	-0.1111562518	0.1529838229	0.1463099864	0.0	0.0	-1.0670916168464828e-06	-0.0162340997564882	0.0002635459949036	1.1386845187440408e-12	-0.0160842504883618	-0.0164269637850082	0.0002698451391939	0.0002587031137723	-0.0843780371548561	-0.0334135687514774	0.0071196531541062	0.0011164665767097	-0.0004299995652419	-0.0003769996045481	1.8489962610822306e-07	1.4212870182949033e-07	4.25837143325225e-12	2.5877078257963137e-12	6.696231791687485e-24	1.813372726353882e-23	-1.1495863397499584e-13	-1.4665675832493778e-13	2.1508204762379208e-26	1.3215487525397068e-26	0.0	0.0	0.0	0.0	0.0	0.0	0.0	0.0	0.0
1050.2984964252882	1.1650627800092934	1103126.9315932211	1.3573712813629832	1515.6744613271628	-3.382166970539629	11.43905341660921	2297269.0727193854	1005.9562346483004	-1.045300950490173	1.092654077095659	1011947.9460277864	1144.6861809847649	1003.5127941936668	1.310218	25.606209	0.040510488977547	0.0247191781759123	-0.0124990359	-0.1378719683	-0.084922706	0.1935434354	-0.0432162217	0.1503386995	-0.0216265496	0.1383368537	0.0327461867	-0.0757857781	0.007449621	0.1110679003	0.2638414309	-0.0525316537	0.0697844086	0.1820503062	0.1065466568	-0.2820480597	0.0317372543	0.1608382183	0.0563157899	-0.0199101	0.0695563757	0.1173157894	0.0125258403	-0.0054047454	0.0660021236	0.2500366944	0.1903278374	-0.0907136879	0.1697412435	0.0456751874	-0.0746635947	-0.0211656428	-0.1030880328	0.0271745641	0.15175082	0.1754447807	-0.0430875064	0.1341018145	-0.1164467292	-0.0683268451	0.0055055266	-0.1182843745	-0.0464076131	0.199370931	-0.0281233532	-0.0584725303	-0.0072576791	0.1719277616	0.0939191247	0.2045411713	-0.0208551652	-0.144843129	0.1644752396	-0.0373716595	0.0067846477	0.0981992302	0.0233957456	0.2194413777	-0.0118528879	0.1092397065	0.0601305891	0.3212714344	-0.0722966798	-0.0881773664	0.0109707298	0.08840387	0.0735419105	-0.0760956342	0.1410704984	-0.0423897987	-0.034543863	0.0898493341	0.047428452	0.0503871186	-0.1138796947	0.0798625613	0.1214091468	0.1518785538	0.1419686256	0.0	0.0	3.402426516174728e-05	3.509135677859376e-05	1.2314033205625583e-09	1.1576506197968894e-09	-0.0279676689933268	-0.011883418504965	0.0001412156353641	0.0007821905089202	-0.0785860392115864	0.0057919979432697	0.0061757655589649	3.35472401748405e-05	6.178690981702324e-14	0.0004299995653036	3.817622224736963e-27	1.848996261613597e-07	-3.830935568771565e-12	-8.089307002023816e-12	6.543688777299153e-23	1.4676067332079115e-23	2.6000049942723387e-05	2.600005005768202e-05	6.760026030019707e-10	6.760025970241104e-10	0.0	0.0	0.0	0.0	0.0	0.0	0.0	0.0	0.0
1052.1047131954658	1.8062167701775709	1106924.3275281135	3.262419020870695	1519.0284174275516	3.353956100388814	11.24902152333534	2307447.332952452	1006.6967816319344	0.7405469836339762	0.5484098349693806	1013438.4101480946	1144.7278828537255	1012.337767553988	1.101762	21.532259	0.0415266111298799	0.0250462159062435	0.0433234113	-0.059631024	-0.0006884057	0.1430894599	0.1658366756	0.0062642914	-0.1091071639	-0.0264812851	0.0750407092	-0.0915995391	-0.1600742297	0.0044598297	0.006742218	-0.0086615501	-0.1283232364	-0.1701823476	-0.1354368415	-0.019334671	-0.1163403531	0.0738637506	-0.0399754963	-0.096036499	0.1540646199	0.0997924441	0.2061648036	-0.0358762226	0.0291011686	0.079766023	-0.0823836603	-0.0962288892	0.0048797399	-0.1179145712	0.1403358477	-0.0406007406	-0.0428066003	-0.0052191034	0.0887208618	-0.0924575107	0.0975954741	0.0452968774	-0.0719507382	0.00917591	0.1350373624	0.0078822078	0.1801800071	-0.0167748379	-0.0233293763	0.0110148423	0.189989729	0.090602178	-0.1260965386	0.0526761573	0.1176751368	-0.0467013128	0.0024255904	-0.0308142033	0.0746254954	0.1051526845	0.0941989497	-0.0137172007	0.0216963708	0.103943571	0.1706035674	-0.033778369	-0.0839356594	-0.1758629705	0.0407083916	0.0355364439	-0.0260595127	0.0770738251	-0.1326016494	-0.0168744938	-0.0561028053	-0.0213568402	-0.0778197732	0.0917767965	0.1084820451	0.0019667008	0.1371586288	0.1505557202	0.1368140814	0.0	0.0	9.335180595826388e-05	5.93275407965166e-05	3.519757096962341e-09	8.714559675669352e-09	-0.0067974775963648	0.021170191396962	0.000448177003784	4.620570167308138e-05	-0.0843329096221907	-0.0057468704106043	0.0071120396453445	3.302651951627926e-05	4.0467628828271766e-09	4.0467010959173595e-09	1.637628982982772e-17	1.637578975969876e-17	-2.8000044448806e-05	-2.8000040617870432e-05	7.84002274602394e-10	7.840024891351116e-10	0.0002890003982541	0.0002630003483113	6.916918321190541e-08	8.35212301910284e-08	0.0	0.0	0.0	0.0	0.0	0.0	0.0	0.0	0.0
1051.7174210961598	-0.3872920993060234	1106109.533837157	0.1499951701848666	1523.151893653306	4.123476225754303	17.003056184360947	2319991.691139652	1008.7921724341792	2.095390802244765	4.390662614131959	1017661.6471644707	1145.731355633652	1004.5111215504904	1.22524	23.945436	0.1043855007199182	0.0467981787270374	0.1733106105	0.0356106513	-0.096973332	-0.0441769798	-0.036420018	-0.1100647795	0.154161897	-0.0351652407	-0.0266734447	-0.2886312961	0.0948846354	-0.0416773983	-0.0166451409	-0.0094816473	-0.0413685483	0.0620960051	-0.0017869565	0.1444271218	0.1060011169	0.1028035166	-0.0509079615	0.064508129	0.1887065762	0.1225280402	-0.1599115614	0.1256358882	0.0021175356	-0.1956048154	-0.0144871009	0.0844829328	0.0021932373	-0.0508372864	0.2058493554	-0.0868664119	0.100614415	0.0091543905	-0.1038951366	-0.018402952	0.0130480142	-0.2667033826	-0.0671197614	-0.083166507	-0.0464672643	-0.1769418441	0.104070683	0.138903683	-0.0015615304	-0.0769803187	-0.0379190714	0.0090692765	-0.1658089902	0.0239038105	0.1010241832	-0.0530940366	-0.0555689619	-0.0120116416	0.0135708715	0.1183417225	-0.0020322996	0.0451935752	0.1239517232	-0.1502114902	0.0584813726	-0.0070337703	0.0175343062	0.1713286089	0.2032500509	-0.1162193739	-0.0409806173	0.1140683869	-0.0457140371	-0.0622344835	0.0344470975	0.0102804617	0.0350252582	0.0829559761	-0.0219145473	0.0882946288	0.1165563407	0.149017217	0.1308758785	0.0	0.0	0.0085373435758384	0.0084439917698801	7.130099700980349e-05	7.288623533190921e-05	-0.0249195847455183	-0.0181221071491535	0.0003284107675254	0.000620985703889	-0.1168018355743214	-0.0324689259521307	0.0136426687935308	0.0010542311524849	-0.0004090067451333	-0.0004090107918961	1.6728651756453627e-07	1.672898278875426e-07	-0.0001149747822835	-8.6974737834694e-05	7.564605021413752e-09	1.3219200561138225e-08	-0.0001220235889901	-0.0004110239872441	1.6894071809012024e-07	1.4889756270024854e-08	0.0	0.0	0.0	0.0	0.0	0.0	0.0	0.0	0.0
1050.32213008272	-1.3952910134398735	1103176.576941502	1.9468370121860687	1525.350724845097	2.198831191790987	4.834858609992971	2326694.8337854627	1008.1880643250512	-0.6041081091279921	0.364946607514198	1016443.1730474936	1146.3843964359216	1001.0576296021952	1.220735	23.857393	0.1127923275777779	0.0631601716165732	-0.0345895508	-0.0597043179	-0.0097795459	0.1446016383	-0.0675831864	0.0836457867	-0.0538959842	0.1504724671	0.0226053717	0.037624611	0.0469094585	0.1430448327	-0.0176022714	-0.0301058778	0.0608062629	0.1172986486	0.2042269028	-0.0511538659	0.1009385074	0.0044939866	-0.0022267782	-0.0574700079	-0.0303078609	-0.0932290231	0.0125150956	-0.0191753747	0.0398800312	0.0404358919	0.0654355097	-0.0572862734	-0.0726965634	-0.2392362233	-0.0824372392	-0.0858107102	-0.0932956544	-0.0087172619	0.1011764497	0.1242174385	-0.1443110152	0.0510833369	-0.0669696845	0.0255432799	-0.1527332307	-0.0203423806	-0.0816791579	-0.0869822137	-0.0166430339	-0.0036517651	0.0437185286	-0.0411626691	0.017560838	-0.0261315987	0.0081847454	-0.0407744176	-0.0451424959	-0.0292825444	0.0016883437	0.0163672436	-0.0748865211	0.1270426181	-0.1197147601	0.0820999586	-0.0032163281	-0.0147351604	-0.040227531	0.0317335985	-0.0429881337	-0.0661326926	-0.0060731691	-0.067030178	0.0763064314	-0.0095305822	0.0755659022	0.0519398869	0.0711839818	-0.0224169617	0.069903406	0.0065868804	-0.1240508144	0.1472652481	0.1241880305	0.0	0.0	0.0001083009238982	-0.0084290426519402	7.10487600282271e-05	1.1729090117203708e-08	-0.0084490214117352	0.0164705633337831	0.0002712794565321	7.138596281595989e-05	-0.0585609861479738	0.0582408494263476	0.0034293890986231	0.0033919965419024	-1.8237283158459457e-08	0.0004089885078501	3.3259849700182896e-16	1.672715995534853e-07	-0.000299000062365	-0.0001840252800815	3.386530370907452e-08	8.940103729427389e-08	-0.0001219999336076	2.3655382500002296e-08	5.595771212214149e-16	1.4883983800258808e-08	0.0	0.0	0.0	0.0	0.0	0.0	0.0	0.0	0.0
1050.990977566166	0.6688474834461431	1104582.0349254855	0.4473569561122386	1532.8152357580627	7.464510912965807	55.71892316978562	2349522.546972045	1008.0036216575032	-0.1844426675479553	0.0340190976122055	1016071.3012746428	1147.4057947794597	1006.243592392058	1.062704	20.768913	0.0172736019337835	0.0122499204728156	0.0331308091	0.0881986249	0.0832954107	0.0639558607	0.0888073406	-0.1216244514	-0.0713118591	-0.0175551877	0.0542069399	0.0853127069	0.0201212238	0.1540503697	-0.0462312912	-0.011583202	-0.0588842994	-0.16302958	-0.0220760978	0.0121376281	0.0024463031	-0.0064610799	0.0933122472	-0.1351023842	-0.0578590956	-0.0460142093	0.2148185122	0.0502907361	0.0856157315	0.207296587	-0.1082651893	-0.1722206932	-0.0332510345	-0.0820991353	-0.0179669259	-0.0385388905	-0.0130718067	-0.0113300762	0.0079969663	-0.1707950918	-0.046886056	0.0984732011	0.0343614759	0.1019333875	0.0896610965	0.0655114285	-0.0102945158	-0.0776974067	-0.0916113102	-0.0234202215	0.1706252452	-0.0878856282	0.082967016	0.1142294345	0.1582767263	-0.298536836	-0.0588490938	-0.033635804	-0.0122247818	0.0249542297	-0.0182136725	-0.1807782222	-0.0266972457	0.1133660442	0.0593045717	-0.0715535133	0.0224971308	-0.1072260242	-0.11310838	0.0507636552	0.1516383836	-0.0193076774	-0.0144213017	0.0332938829	0.0547475213	-0.0829195137	0.1642561836	-0.0015152892	0.0103840728	-0.0308801244	0.0035524257	0.1453023231	0.1167888447	0.0	0.0	6.53306516937846e-05	-4.29702722044154e-05	1.8464442933215543e-09	4.268094050734601e-09	-0.0170917595304587	-0.0086427381187234	7.46969221888362e-05	0.000292128243847	-0.0585236160636668	3.737008430700073e-05	0.0034250136371674	1.396523201112342e-09	-7.802553985489377e-09	1.043472917297008e-08	6.087984869647615e-17	1.0888357291323286e-16	-0.0001280003512127	0.0001709997111523	2.9240901214170033e-08	1.638408991057455e-08	-0.0001219996103181	3.2328950000176047e-10	1.0451610081138832e-19	1.488390491776825e-08	0.0	0.0	0.0	0.0	0.0	0.0	0.0	0.0	0.0
1049.462897273659	-1.5280802925069563	1101372.3727540227	2.335029380348146	1522.9510281567502	-9.8642076013125	97.30259160179132	2319379.8341637026	1005.3934311877928	-2.61019046971046	6.813094288167313	1010815.951475563	1142.743247751604	997.6153746497702	1.100164	21.501015	0.0241908313897923	0.0140924953446725	0.0261543489	0.0533764967	-0.0313587254	-0.1261206092	0.0030701428	-0.0135032367	0.1336727734	-0.1618931207	0.0315888885	-0.0089740239	0.0464819581	0.0159764112	-0.0547744183	-0.0273153333	-0.0185035463	-0.0778473698	-0.081029436	-0.1255402192	0.2181099358	-0.0065541009	-0.0514242778	0.0151616522	0.1577540406	0.0200185129	0.0302953606	0.0490463862	0.0802284177	-0.1590492594	0.0323674153	0.27072079	0.1826513687	-0.0268500031	-0.0242274421	-0.0596071308	0.17250055	0.0579457567	-0.1051648849	-0.0418328093	0.0670985113	0.0041488681	0.1253879527	-0.1194256063	-0.1112810583	-0.0499855306	0.0810495897	0.1628428087	0.093661044	-0.0092259996	0.066441613	-0.0240907174	0.0795343693	0.0419142006	-0.1113317919	-0.1603816474	0.2490168573	-0.0222880135	-0.0109981024	0.0073921391	0.0179077947	-0.0368587165	0.0383607148	-0.0880129482	0.0207662786	0.1989560779	0.066868133	0.017041271	0.1206073733	-0.0708640309	0.099917145	0.1745717292	-0.003024904	-0.1052943623	0.1647233086	-0.1625904696	0.0104541992	-0.0357847268	-0.0555952848	-0.3546878956	0.1130078685	0.1431312539	0.1087207029	0.0	0.0	5.598951321417189e-05	-9.34113847961271e-06	8.725686809530124e-11	3.134825589959929e-09	-0.0090902927484535	0.0080014667820051	6.402347066353264e-05	8.26334222525863e-05	-0.0645529881877919	-0.006029372124125	0.0041670882839732	3.635332821117679e-05	4.5759522054926674e-09	1.2378506190982045e-08	2.0939338586953202e-17	1.5322741552018075e-16	7.499998179105738e-05	0.0002030003330037	4.1209135199636397e-08	5.624997268658939e-09	-0.0001219999257118	-3.1539370000757157e-10	9.947318600446608e-20	1.4883981873684722e-08	0.0	0.0	0.0	0.0	0.0	0.0	0.0	0.0	0.0
1051.7055018255232	2.242604551864133	1106084.4625700756	5.029275176041729	1521.4073462274862	-1.5436819292640394	2.3829538987363468	2314680.313154962	1007.3326907727422	1.9392595849494685	3.760727737818384	1014719.1498994532	1144.0452398668256	993.2056481795904	1.164329	22.755018	0.0847858787129246	0.0450515087800304	-0.0314755793	-0.0806428089	-0.1711293478	0.0600999097	-0.0871811199	0.1236892652	-0.0370196727	0.0694401569	0.0021783499	-0.0812727363	-0.0268853749	-0.0701505186	-0.0800833916	0.016451536	-0.0567516395	0.1414902378	-0.0152824365	0.0312537141	-0.0292625746	0.0911960047	-0.1784241775	-0.0846329058	-0.1814512507	0.0274613929	-0.0832739907	0.0253384293	0.0166058011	0.0471939284	0.046269369	0.168299855	-0.059393426	0.0890306574	-0.0650295795	-0.0391550646	0.0060111966	0.020916102	0.0744810804	0.1382440028	0.1135155908	-0.1329614495	-0.1723367392	-0.0480120752	0.005424979	0.1428133581	-0.0313426778	0.0010010393	-0.0157806433	-0.0079489663	0.04958858	-0.0312552508	0.0348363272	-0.0494568586	-0.1194630416	0.199539943	0.0196679174	0.001222547	0.0352688664	0.0661808191	-0.0574515208	0.2258487207	0.0491958764	-0.03281529	-0.0573674289	-0.128460909	-0.076458279	0.1838461435	-0.0322807806	0.0011209643	-0.0547766896	-0.0081456688	-0.1567872726	-0.0496235631	0.0279749228	-0.1802759576	0.0664705295	0.0180220951	0.1081069665	0.0489678336	-0.096425059	0.1407551506	0.1000298188	0.0	0.0	5.830572425225e-05	2.3162110380781087e-06	5.36483357291487e-12	3.399557480579414e-09	-0.0289484709970793	-0.0198581782486258	0.0003943472433541	0.0008380139730687	-0.0971760383745845	-0.0326230501867925	0.0094431824341787	0.0010642634034899	-0.0002690182028774	-0.0002690227788296	7.237079347938594e-08	7.237325552920282e-08	-0.000301983224058	-0.000376983205849	1.4211633749223277e-07	9.119386761246424e-08	-0.0001220406223625	-4.069665069999714e-08	1.656217378197578e-15	1.4893913506626337e-08	0.0	0.0	0.0	0.0	0.0	0.0	0.0	0.0	0.0
1054.1849811092884	2.4794792837651585	1111305.9743963908	6.147817518620584	1527.090270695428	5.6829244679418025	32.29563050833162	2332004.694852636	1011.0590382917704	3.726347519028195	13.885665832567586	1022240.3789114796	1145.3337032920435	1002.4628930552708	1.326101	25.916603	0.0219234984461861	0.0167809633389088	0.2132685162	0.1299880799	-0.0266934257	0.1349701197	0.0817223036	-0.1839310913	0.0010467013	0.03134885	0.0808713877	0.0841540349	-0.255306491	-0.0165369562	0.0308769553	0.0027545825	-0.1201059512	-0.0036637796	0.0849119372	0.1086302399	0.0834999296	-0.2703435401	-0.0021815604	0.0733925393	-0.1243821925	-0.0553240707	0.1136251228	0.0452706139	-0.1801709892	0.0628575729	0.1426437629	0.0009360404	-0.032646764	0.0325713546	-0.0078550288	0.1302521868	-0.1106896382	0.0354861339	-0.1329765323	-0.1510543718	-0.0640305163	0.1189817145	-0.1774191495	-0.0093983225	-0.0219232091	0.1106379924	-0.1242533287	-0.2424240147	-0.0808457134	0.0641681382	-0.0193255653	0.1985671607	0.0870919003	-0.1273586512	-0.0537526177	0.0428512789	-0.0815687435	0.0018729432	-0.0292161054	0.1537216832	-0.1190404415	-0.0929627351	0.0957628111	0.0481239964	0.0096438613	-0.1724265992	0.0704408075	-0.0145916153	-0.1433380913	-0.114487671	0.1160518349	-0.1235268585	-0.0419255208	-0.002199447	-0.1025519098	-0.0634882986	0.0895098413	-0.0403110796	0.1266224754	0.0483393297	-0.091017117	0.1381774169	0.0907659729	0.0	0.0	8.639546003053056e-05	2.808973577828056e-05	7.890332560936146e-10	7.464175513887004e-09	-0.0281808628740378	0.0007676081230415	5.892222305592948e-07	0.0007941610323253	-0.0969009252352393	0.0002751131393451	0.0093897893114454	7.568723944036899e-08	-0.0001659992677221	0.0001030189351552	2.7555756884273436e-08	1.0612901000531902e-08	1.201008718232366e-05	0.0003139933112403	9.859179950366277e-08	1.4424219412701508e-10	-0.0001219991197977	4.15025648000056e-08	1.7224628849786641e-15	1.4883785231413554e-08	0.0	0.0	0.0	0.0	0.0	0.0	0.0	0.0	0.0
1052.2134540153688	-1.971527093919576	1107153.1528109526	3.886919082058969	1525.9085822645666	-1.1816884308614135	1.3963875476317096	2328397.0014286595	1011.0798229780354	0.0207846862649603	0.0004320031831328	1022282.4084332954	1145.8462789435137	1003.2180887632352	1.266998	24.761541	0.0587658724241506	0.030322067192517	0.0869327265	0.0791380117	-0.128088962	-0.0741843537	-0.0575089302	0.0911827597	0.1665885962	0.001723454	0.0085223004	0.0702168253	-0.0200059432	0.0909773616	-0.0799127609	-0.0329346137	-0.0267767851	-0.0122995639	0.0561306236	0.1547174606	-0.1461328	-0.0766498095	0.0251677258	0.207624566	-0.0552052619	-0.1688044382	0.0131390825	-0.0683051184	-0.1066454216	-0.0941545635	-0.1405098721	-0.1280442231	0.0426846584	0.0340620759	0.0286046567	-0.0986869045	0.0230476275	0.0982157162	-0.1436899248	0.0739247862	0.0383268295	0.0249254655	0.0144054591	0.1115780248	0.1483848336	-0.0822476083	0.0300588482	-0.1598280871	-0.168742082	-0.0076183241	-0.1249166073	-0.0691674184	-0.0486469192	-0.1929335941	-0.1004008203	0.0387457412	-0.0955185533	-0.0182730731	-0.0267523556	0.0782288572	-0.1081474597	-0.1200937492	-0.1498118563	-0.138738454	0.0887316174	-0.0591118059	0.0393224269	-0.1126907377	-0.0085814397	-0.1359165866	-0.045045373	-0.1585378023	-0.0319896718	-0.0902258923	-0.2365624838	0.1012075164	0.2152476133	-0.1439087958	-0.0257719483	-0.0645055192	-0.060182067	0.1354017453	0.0809822278	0.0	0.0	0.0001235516268565	3.7156166825969456e-05	1.3805807331992732e-09	1.5265004498887814e-08	-0.0071263102614409	0.0210545526125969	0.0004432941857166	5.0784297942317865e-05	-0.0806755243366339	0.0162254008986054	0.0065085402269908	0.0002632636343204	-0.0002530101700796	-8.70109023575e-05	6.401414616370813e-08	7.570897129066398e-09	-0.0002799905334758	-0.0002920006206581	8.526436246472942e-08	7.839469883606306e-08	-7.203538789087572e-05	4.996373190682427e-05	2.49637450605701e-09	5.1890971085889245e-09	0.0	0.0	0.0	0.0	0.0	0.0	0.0	0.0	0.0
1050.3234259751207	-1.8900280402481255	1103179.299152115	3.5722059929241707	1525.5011999571852	-0.40738230738134	0.1659603443673446	2327153.911070812	1008.6458604441872	-2.4339625338482165	5.92417361617683	1017366.4717911948	1145.9020267285798	1007.875683154345	1.284601	25.105564	0.0978317644797262	0.0515158000782033	-0.1396135518	-0.0964097926	-0.0162073718	0.0640386715	-0.0734473818	0.1165677533	-0.0170184231	-0.0454047706	-0.0115403591	0.0628304222	0.0601836989	0.1924669562	-0.079942725	-0.0789566686	0.0898604238	0.0755006743	0.0435382839	0.0490933343	-0.0657428922	0.017960892	0.0381540565	0.0091896334	0.0595851254	-0.1240806526	-0.0542796596	0.022758378	0.1052759143	0.0318039301	-0.1059683193	-0.1654121199	-0.0487151963	0.0513558691	0.1220147007	0.1135375346	0.2250745811	0.0612721553	0.0899586146	0.1004435739	-0.0262069658	0.0544446006	0.0960168777	0.0318532057	-0.0521653122	-0.1192306129	-0.0679836469	-0.0284757611	-0.0277481562	-0.0359266649	-0.0898455773	-0.0658554692	0.0667156454	0.0225245699	0.1064193075	0.008553083	-0.1910938679	-0.0299145291	0.0020337192	-0.0669256377	-0.0328792083	0.130126637	-0.1109950159	0.0171443266	-0.0148840299	-0.0902779863	-0.0691781825	-0.0476051649	-0.1287879053	-0.1999655416	-0.065197697	-0.0578691492	-0.0418351635	-0.1464360445	0.0600557324	0.0685055408	0.0215433852	-0.0726697111	0.1032322455	-0.1597192417	-0.0714519913	0.1324321121	0.0707346238	0.0	0.0	-0.0100046824824318	-0.0101282341092883	0.0001025811261725	0.0001000936715742	-0.0342941644543941	-0.0271678541929532	0.0007380923014495	0.001176089715625	-0.042936125455526	0.0377393988811079	0.0018435108691326	0.0014242622279073	-0.0005570036428198	-0.0003039934727402	3.1025305811452737e-07	9.241203146864673e-08	-0.0003819935916442	-0.0001020030581684	1.0404623875706e-08	1.4591910405723582e-07	-2.2106372871938168e-05	4.992901501893755e-05	2.4929065407612917e-09	4.886917215531636e-10	0.0	0.0	0.0	0.0	0.0	0.0	0.0	0.0	0.0
1049.279022884802	-1.0444030903186103	1100986.467866085	1.0907778150670633	1525.697807725427	0.1966077682418472	0.0386546145330399	2327753.800498174	1008.4425680620608	-0.2032923821263921	0.041327792630623	1016956.4130796042	1147.0511619166325	1006.5250992332924	1.156217	22.596483	0.043275313773672	0.0224897595898057	-0.0520247977	0.0805913624	0.1292643208	-0.1089728595	0.0926576504	-0.1461555864	-0.1052989146	-0.2077581738	0.0526314417	-0.0706899018	0.0965667702	0.0744978241	-0.050439355	-0.0601569188	-0.0374313707	-0.0168948587	-0.190268901	-0.0027040852	0.1452923158	0.0398252183	0.0092832494	0.150622066	-0.0783209274	-0.0617128588	0.0428463571	0.0581683648	-0.0089282284	-0.0570502178	-0.1114796378	0.0834082278	-0.0326093759	0.2407720444	0.0283223428	0.1551498644	-0.0772358417	0.0255762057	-0.0133832643	-0.2049362539	0.0706110568	-0.0074524194	0.1230019351	-0.0912008207	-0.1431229824	0.0095768492	-0.0758482872	0.0018929667	-0.1199076085	0.0532199835	-0.0593530859	0.0787425415	0.0199148997	0.1806433399	-0.1463639872	0.13300312	-0.0642830989	-0.022148378	0.0097048398	-0.0524256431	0.0533714449	-0.1344635923	0.1084051795	-0.0249056374	0.0140404365	-0.1291006205	0.0575637652	0.0119598132	-0.1657588018	-0.1307660043	0.0472969254	-0.0026562213	-0.0784303617	-0.1488579613	0.0446546273	0.1163408269	-0.1861473142	-0.0324648941	0.0013917004	0.0280857238	0.0616949513	0.1292727712	0.0600818583	0.0	0.0	-0.0167605829690273	-0.0067559004865954	4.5642191384781295e-05	0.0002809171414616	-0.0302854604867803	0.0040087039676138	1.6069707499962626e-05	0.0009172091168963	-0.0481428081446466	-0.0052066826891206	0.0023177299760522	2.7109544625188173e-05	-0.0001819915879896	0.0003750120548302	3.312093809897631e-08	1.4063404126796896e-07	-0.0002900050806062	9.1988511038e-05	8.461886162988247e-09	8.410294677740857e-08	5.697359386670418e-05	7.907996673864235e-05	6.25364113938478e-09	3.245990398088152e-09	0.0	0.0	0.0	0.0	0.0	0.0	0.0	0.0	0.0
1049.532996386932	0.2539735021298384	1101519.5105049317	0.064502539784095	1521.4656393116918	-4.23216841373528	17.9112494822186	2314857.691606135	1008.95999638649	0.517428324429261	0.2677320709216725	1018000.274308226	1146.6068692458302	987.258971295178	1.232204	24.081537	0.0717528501518285	0.0339162883326278	-0.145562891	-0.0689487014	-0.0818523021	-0.0228129422	-0.1061368935	0.1260320737	-0.0115962744	0.0740404225	-0.023731087	-0.0844783859	0.0342649037	-0.0294017651	-0.0973685471	-0.0043132646	0.0034034046	0.1146425629	-0.0156827174	0.0215320501	0.0183222701	0.0148865751	-0.056383792	-0.0293532207	-0.143259432	0.1103707919	-0.0077962074	-0.0067165164	0.0509793298	-0.0044531686	0.0497980617	-0.1404531474	-0.1226430747	0.1067276672	0.0585540106	0.0948515244	0.0909491859	-0.0056896947	0.0731674855	0.1057238203	0.011921591	-0.1201129233	0.0092332154	0.0555738881	-0.073497177	0.1146073137	-0.0485189147	0.0621738918	0.0044140221	0.0005563759	0.0637088961	-0.0226459495	-0.0775059134	-0.0362088237	0.0004692014	0.08079739	-0.0149497254	-0.0063164649	-0.0119262484	-0.093153576	-0.0186030621	0.1694741777	-0.0205363918	-0.0582962938	-0.0808859869	-0.1281262807	-0.0044689404	0.1668142159	-0.053159971	-0.0549683814	-0.0360377951	-0.0386269784	-0.0832580905	-0.0416020202	0.0581584324	-0.0265139658	-0.1619557517	0.0236835447	0.1238382781	-0.094874609	-0.0776378517	0.1259282482	0.0490849494	0.0	0.0	-0.0028862507245861	0.0138743322444412	0.0001924970952291	8.330443245173787e-06	-0.050659510780477	-0.0203740502936967	0.00041510192537	0.0025663860325172	-0.0321368613886008	0.0160059467560458	0.0010327778599101	0.0002561903315573	-0.0003529546257868	-0.0001709630377972	1.245769678643e-07	2.9228360292846836e-08	-0.00034204675369	-5.204167308379997e-05	2.70833573736111e-09	1.1699598170986752e-07	0.0002639393001386	0.0002069657062718	4.2834803572624666e-08	6.966395415765398e-08	0.0	0.0	0.0	0.0	0.0	0.0	0.0	0.0	0.0
1050.8132364559406	1.2802400690086415	1104208.4579110085	1.6390146342952512	1529.055115648091	7.58947633639923	57.60015106076387	2338009.546689597	1009.8719558179796	0.9119594314895494	0.8316700046827421	1019841.3671476314	1148.8618199867117	994.6288713534204	1.136239	22.206041	0.0751756525677415	0.0361505527319009	0.0179241722	0.0690264371	0.1183122888	0.0224867883	0.0790924884	-0.1521359169	-0.0934835671	0.0679867237	0.0117288445	0.0465265433	-0.061738299	-0.0718715062	-0.0484842145	-0.0128952896	-0.1589870362	-0.1217767425	-0.1018278272	-0.0033269736	0.0028993323	0.1336856669	-0.0569278168	0.1718423004	-0.1542843037	-0.0149388677	-0.0749248091	0.0425442394	-0.0509451484	-0.1028959601	0.0210985682	-0.1457145032	-0.0175495413	0.0362000779	-0.1622272286	0.1155016504	-0.1260991888	-0.0524735157	0.0435905374	-0.2220288167	-0.0353806888	-0.1009317163	-0.0579989935	0.0583925511	0.0701573966	0.0243224597	-0.0964512084	0.0306034302	-0.1077217164	0.0864964806	-0.0873719629	-0.0726430027	-0.1358047912	-0.0959649646	-0.0010983673	0.0318900328	0.0830765019	0.0055322224	-0.0085816034	-0.0499193871	0.0377643528	-0.1105241562	0.0829906593	0.0360185739	-0.0271132936	-0.1647597714	-0.0192457209	0.0853079123	-0.0580600242	0.0481550482	0.0948403405	-0.0284337154	-0.0039886636	0.0030448391	-0.033976195	-0.0035383904	-0.081313694	-0.0340044185	0.0083755817	0.0833619018	-0.1152235912	0.1224033343	0.0378068863	0.0	0.0	-0.0059558279349118	-0.0030695772103257	9.422304250150909e-06	3.547188639027576e-05	-0.033330043500797	0.01732946727968	0.0003003104361974	0.001110891799765	-0.0409170426241658	-0.008780181235565	0.0016742043771078	7.709158252936779e-05	-1.2541793882990953e-08	0.0003529420839929	1.5729659380342926e-16	1.2456811465326325e-07	-0.0001789996390386	0.0001630471146513	2.658436159614677e-08	3.2040870775949096e-08	-0.0001400000380605	-0.0004039393381991	1.631669889447269e-07	1.9600010656941453e-08	0.0	0.0	0.0	0.0	0.0	0.0	0.0	0.0	0.0
1049.8118796821384	-1.001356773802172	1102104.9827217446	1.0027153884394944	1533.61500917632	4.55989352822894	20.792628988784173	2351974.996370884	1009.7640422311824	-0.1079135867971672	0.0116453422154297	1019623.4209830572	1147.9280990466737	997.5583528522438	1.016967	19.875069	0.0632774180713723	0.0286153483925709	0.0162272389	0.0987053862	0.0995334189	-0.1194545977	0.0228492921	-0.1342661243	0.1212301765	-0.0771299345	-0.0671481673	0.1479361403	0.0356846655	0.0810340426	0.0365463224	0.0166022272	-0.0078525587	-0.0668740851	0.0586765218	0.0319050169	0.1169995206	-0.1523115947	-0.0352793161	-0.1164778289	0.0813846442	-0.0539618841	-0.0027952384	-0.1491563346	0.0997699157	-0.0666394251	-0.0008990231	0.1166041112	-0.1712523546	0.0159505342	-0.1472550038	0.0148263576	-0.06790427	-0.0310672956	-0.1105651758	-0.12416073	-0.1154977124	0.0301623741	0.1056254621	-0.0051564246	-0.1261110152	-0.0288221089	-0.1351479914	0.022620623	0.2496238052	-0.0674017474	0.0039754745	-0.0553456716	0.1448812237	-0.0555651474	0.1002844864	-0.0209055823	-0.0590629137	0.0107928101	-0.0535603635	-0.0380029878	-0.0400842865	-0.1010907408	0.0745822353	-0.0099120459	-0.1526565243	-0.0662767578	0.1040543096	0.0826397517	-0.0234520619	-0.0667462166	-0.0297602437	-0.0440258359	0.0285296305	-0.0599945836	0.0749509633	0.0413193581	-0.0649990429	-0.0323932676	0.1272347338	-0.0240570672	0.1187294773	0.1187030787	0.0263122688	0.0	0.0	0.0007184238062336	0.0066742517411454	4.454563630418241e-05	5.161327653631732e-07	-0.0448654563285089	-0.0115354128277119	0.0001330657491057	0.0020129091715653	-0.0550873254454913	-0.0141702828213255	0.0030346134247374	0.0002007969152363	-0.0003559960963538	-0.0003559835545599	1.2673322061914406e-07	1.267242911171134e-07	-0.0001240117671772	5.498787186139999e-05	3.023666051845745e-09	1.5378918398412063e-08	6.697794914197478e-05	0.0002069779872024	4.283988718638781e-08	4.486045671264961e-09	0.0	0.0	0.0	0.0	0.0	0.0	0.0	0.0	0.0
1050.0179696748933	0.2060899927548689	1102537.7366401851	0.0424730851137019	1526.6873433531212	-6.927665823198822	47.992553757917015	2330774.244354611	1010.2999337618468	0.5358915306643439	0.2871797326377734	1020705.956159192	1147.6527605893318	987.3066282178288	1.016038	19.856913	0.0332388670178813	0.0201767612062104	-0.0200763896	0.0977120193	0.0032904703	-0.1589548022	-0.0319445636	0.0485859111	0.1501985253	0.0053138341	0.043565096	0.0738041423	0.1384611699	0.0009446754	0.1567666072	-0.0054759246	-0.0008264168	-0.0219422304	0.0848046058	0.0902076625	-0.2560456694	0.04840115	-0.0581866172	0.0649576904	0.0748342484	-0.0950475839	-0.055091649	0.0304816735	-0.0690832403	-0.0148982607	-0.0411463767	0.1247975204	-0.0510358473	-0.0278715374	-0.0170244872	-0.1299170154	-0.0693225439	0.0322491739	-0.1429921849	0.06094775	-0.0304555491	0.0247792701	0.1308213636	0.1081929563	0.1673932502	-0.0700128869	0.0702410735	0.0527261774	0.0103381817	-0.2295847655	-0.0828436915	-0.0617376319	-0.005813647	-0.0308915057	-0.160642581	0.1185276256	0.1359133092	0.0105548666	-0.0305973229	-0.0428286853	-0.0195381382	-0.1292295789	-0.0875393933	-0.1151499497	-0.0600810772	0.0244463759	0.0089753154	-0.0007862075	0.0379387319	-0.0477284019	-0.092315388	-0.0454456494	-0.01813319	0.1164996054	-0.0729989556	-0.0535110947	-0.0602194719	-0.1188370948	0.0722363769	0.0166701747	0.0053564825	0.1148327821	0.014666937	0.0	0.0	-0.0168518360263902	-0.0175702598326238	0.0003087140305859	0.0002839843774603	-0.0447970539024282	6.840242608070063e-05	4.678891893725714e-09	0.002006776038337	-0.0477868132295213	0.00730051221597	0.0022835795186331	5.329747861552721e-05	-0.000425998700073	-7.000260371919996e-05	1.8147489246388578e-07	4.900364527467347e-09	-5.1009346907715525e-05	7.300242026948449e-05	5.329353365202439e-09	2.6019534719516674e-09	4.398912226652327e-05	-2.298882687545151e-05	5.284861611094816e-10	1.935042877779133e-09	0.0	0.0	0.0	0.0	0.0	0.0	0.0	0.0	0.0
1051.014387663593	0.9964179886997044	1104631.2430758772	0.9928488082043644	1522.1887668553245	-4.498576497796648	20.23719050652836	2317058.6419405336	1009.1210707367444	-1.1788630251023733	1.3897180319535187	1018325.3354048736	1146.1879512050696	995.8203120109364	1.073835	20.98645	0.0436195564592344	0.0184735517330369	-0.1170780837	-0.0621013861	-0.0809657928	-0.0320660751	-0.0620945947	0.1610240988	0.0038590387	-0.025222104	-0.0269297903	0.0004221547	0.0750696593	0.0823859626	0.0265975522	-0.0247689613	0.11535605	0.0603725726	-0.1273338349	0.1490488824	0.012878533	-0.0804616979	0.0946258694	-0.0156909048	-0.0906823435	-0.0035125714	-0.133940951	-0.1760717017	-0.1050431403	0.2695979518	0.0862257559	0.0386316695	0.1030025904	-0.0357023281	-0.1105761123	-0.150704194	0.1273954138	0.057516205	-0.0367572661	0.1105621364	0.0568760376	0.0108509978	0.144282339	0.094068054	0.0304929451	0.1104720012	-0.0927691765	-0.0024513694	-0.1173836332	-0.0151097615	-0.0539497344	-0.0073889169	0.2670820339	0.1221581404	0.0678625183	-0.0350019512	-0.0097599708	0.0139838931	0.0298577187	-0.092066782	-0.0060599845	0.0743735703	-0.1155647534	-0.1119250951	0.0283320143	-0.17546946	0.0475892862	-0.0408538043	-0.1468336897	-0.0068957022	-0.0755162568	0.040800162	-0.0951557898	0.0070052118	-0.025156966	-0.039348126	-0.1472782824	0.0366971841	0.0277044153	-0.0935840008	0.0936013361	0.1107979887	0.0029375943	0.0	0.0	-0.0075758166367876	0.0092760193896026	8.604453571628339e-05	5.7392997714227786e-05	-0.0526881706028632	-0.007891116700435	6.226972277988424e-05	0.0027760433214764	-0.0452353539477599	0.0025514592817614	0.0020462372467791	6.509944466486424e-06	-0.0005470151100096	-0.0001210164099366	2.992255305788149e-07	1.4644971473943236e-08	-0.0002239617616235	-0.0001729524147157	2.9912537756020706e-08	5.0158870669501443e-08	-0.0001400612748298	-0.0001840503970963	3.387454867131428e-08	1.961716070694877e-08	0.0	0.0	0.0	0.0	0.0	0.0	0.0	0.0	0.0
1050.9192943978817	-0.0950932657112844	1104431.3633377417	0.0090427291836369	1517.8080902851275	-4.380676570197011	19.190327212673047	2303741.398934985	1010.3531421241491	1.2320713874047442	1.517999903661451	1020813.4718001412	1148.6008050148948	1004.0071798809888	1.03313	20.190952	0.0285643124093476	0.0147045785168278	-0.1196291832	-0.0965619463	0.0801945735	0.0232876211	-0.0365186754	0.0614142673	-0.1249815517	-0.0394166962	-0.0373182539	-0.012577485	0.0205248415	-0.099008743	0.0132967359	0.0221897745	0.0637106565	0.1169648401	0.0492136548	-0.088004951	-0.0150872733	0.0590160318	0.1775277346	-0.083990497	-0.0047188262	0.0207168415	-0.1847781756	-0.0476788357	-0.0239228813	-0.0884669451	0.0573010841	0.0924022747	-0.0963759918	0.0964997319	0.1713058941	0.0510868588	-0.2074780018	-0.066797024	0.1468671284	0.0764116106	-0.0172808919	-0.027404796	0.0166350306	-0.0304726032	-0.1127350383	-0.11828916	0.0818675245	0.069724373	0.1233706251	-0.0302476236	-0.093961842	0.0209132698	0.0177981436	-0.0519603915	0.1287812182	0.2935165578	0.1146317993	0.0113384716	0.0154236317	-0.1168132521	0.0408262855	0.1025691407	-0.0562085985	0.0676021464	-0.0341249487	-0.0116756501	-0.0585121777	-0.0382412508	0.0682335732	-0.1157945627	-0.0775459663	0.0792581005	0.0648280862	0.0102328659	0.1085195408	0.1083522874	-0.0525206659	-0.0438477889	-0.1348913641	-0.0710234382	0.1169236539	0.1066044782	-0.0088085747	0.0	0.0	-0.0092348413904801	-0.0016590247536925	2.752363133364461e-06	8.528229550732444e-05	-0.0448453973138498	0.0078427732890134	6.150909286286208e-05	0.002011109660237	-0.0426739575940331	0.0025613963537267	0.0018210666567373	6.560751280884938e-06	-0.0004200296992947	0.0001269854107149	1.764249482895961e-07	1.6125294534431853e-08	-0.0004269706670962	-0.0002030089054726	4.121261570122364e-08	1.8230395056057405e-07	-0.0001400893189005	-2.804407070000452e-08	7.864699014268518e-16	1.962501727000599e-08	0.0	0.0	0.0	0.0	0.0	0.0	0.0	0.0	0.0
1052.2716118271155	1.3523174292338354	1107275.5450572358	1.8287624294096088	1528.4690150368976	10.660924751770152	113.65531656290553	2336217.529927864	1010.084290694297	-0.268851429852134	0.0722810913335369	1020270.2743074012	1150.8180026338812	1007.5968602949816	1.085275	21.210041	0.0901664571704616	0.0448150601756281	-0.0298596439	0.0268022856	0.143815784	0.0567132889	0.0663082029	-0.0532166824	-0.1209359486	0.1038419185	-0.0271057004	0.051225138	0.0186588153	-0.1884659275	-0.0491417966	-0.0022634465	0.0458061938	-0.0252203571	0.005171729	-0.0300555859	0.0024520731	-0.0701064111	0.1001068165	-0.1552250841	-0.0363730997	-0.0677698048	-0.0140899647	0.14056718	-0.0074403411	0.0167058691	-0.042763638	-0.059285432	-0.0332585155	-0.0012512684	0.1180925929	-0.0373615405	-0.0454611905	-0.0489405216	0.1371514721	-0.0433678296	-0.0812910265	-0.0074905266	-0.0344110269	0.0956143247	-0.0736745225	0.0747024784	0.169465456	-0.1248247926	0.0233612617	0.0549824284	-0.0126046507	-0.1557013129	-0.0140385268	0.0018698949	0.1574204839	0.0418908963	-0.0067849325	-0.0002638622	-0.0268880533	-0.0453207155	0.0173256429	-0.0435873481	0.0367594565	0.0952166992	-0.1083644251	-0.1116761597	-0.0774487277	-0.1104468817	0.2338181517	0.0534565732	-0.0788215496	-0.1065190309	-0.0808862839	0.1886265488	-0.1223203387	-0.0628240407	0.069596894	-0.0427933697	0.0356775851	-0.102364876	0.1290276631	0.1022582579	-0.020504289	0.0	0.0	-0.007474787313896	0.0017600540765841	3.0977903525003114e-06	5.5872445387980575e-05	-0.0699623914871381	-0.0251169941732883	0.0006308633963009	0.0048947362225995	-0.0488210795844423	-0.0061471219904092	0.0023834978117904	3.778710876497242e-05	-0.0009769851060475	-0.0005569554067528	9.54499897438645e-07	3.10199325111177e-07	-0.0001640897700398	0.0002628808970564	6.910636603717756e-08	2.6925452631714452e-08	0.0001829201158939	0.0003230094347944	1.0433509496619778e-07	3.34597687986378e-08	0.0	0.0	0.0	0.0	0.0	0.0	0.0	0.0	0.0
1052.654821292412	0.3832094652964315	1108082.1727901597	0.1468494942927769	1534.9931908217557	6.524175784858016	42.56486967172771	2356204.0958691547	1010.0449610404164	-0.0393296538805998	0.0015468216743677	1020190.8233231364	1148.4994285985042	993.51639067821	1.116866	21.827442	0.0485955309441833	0.0241202853642687	0.0311765175	0.086608594	0.0705022714	-0.0138661642	0.0344481242	-0.1159172916	-0.0247947527	0.0080996678	-1.53521e-05	0.1342266403	-0.0066194834	0.0103526333	0.0242117175	0.041921373	-0.0932201558	-0.118688612	0.0817192182	-0.1839944954	-0.054478389	0.0973617158	-0.031186262	0.0634180648	0.0432546359	0.0047429338	0.047729462	-0.1439808181	0.1181566504	0.1211932177	-0.0070156241	-0.0347318022	-0.1532933173	0.0631349898	0.0880454846	-0.0692104404	0.0153321497	-0.0310832261	-0.0011233623	-0.1066484988	-0.0230200769	0.1200326509	-0.0485914961	-0.0258977607	0.0732968954	0.0678422687	-0.0287620297	0.0716217888	-0.0918714556	0.0156874488	0.2716528231	-0.0307397188	-0.0592585855	-0.0934991034	0.0566158921	0.0175538826	0.0830787966	0.0234175706	-0.0131048309	-0.0114589226	0.0365067778	-0.0834061386	0.0600739345	0.0848127752	-0.0460544987	0.058422897	0.0261713999	-0.0925221561	-0.0364384809	0.1619684466	0.1717251809	0.0696401263	-0.0600508247	0.1997330737	-0.0938586046	-0.2440660442	0.2478852361	0.1155122693	-0.0523761865	-0.2366838751	0.0195292391	0.0977655536	-0.0320825565	0.0	0.0	-0.0083608097391163	-0.0008860224252203	7.850357379932623e-07	6.990313949370197e-05	-0.0545010412996305	0.0154613501875076	0.0002390533496207	0.002970363502744	-0.0478030874549944	0.0010179921294479	0.0022851351702298	1.0363079756178823e-06	-0.0012194980677914	-0.0002425129617438	1.4871755373469578e-06	5.8812536613798246e-08	-0.0003950192735702	-0.0002309295035304	5.3328435600797024e-08	1.560402264919285e-07	3.1759257128049015e-05	-0.0001511608587658	2.2849605222829546e-08	1.0086504133255322e-09	0.0	0.0	0.0	0.0	0.0	0.0	0.0	0.0	0.0
1053.6856148638935	1.0307935714815812	1110253.3749711013	1.0625353870077536	1520.870912598859	-14.12227822289674	199.43874220490343	2313048.332789286	1010.5740036260886	0.5290425856721868	0.279886057454713	1021259.8168048618	1146.039483388265	994.8657692151191	1.176811	22.998972	0.1519367230348871	0.0688020358654728	0.097420959	-0.0076763223	-0.0971942411	-0.1323568569	-0.0132742479	-0.0007631932	0.1552952094	-0.1738670852	-0.0597417096	-0.0700361027	-0.0694189135	-0.1949247994	-0.0528591571	0.0700042323	-0.0261923578	0.0394078473	0.0081819418	-0.0270215609	0.0818384565	0.0936312056	-0.0272038693	-0.1024052764	-0.0044239002	0.0218329395	0.0419143403	-0.311521286	-0.0215557534	-0.133729218	-0.0195723899	0.0171657201	0.0928634523	0.0988763386	0.2756004433	0.0461765797	-0.1219206247	0.0062517429	-0.1491068974	0.0591713723	0.126358705	-0.0116040107	-0.0419928455	-0.1283057651	-0.0320290294	-0.1300844923	0.2035016068	0.0486695663	0.065624001	0.0968872188	0.1170976076	-0.001924873	0.0001367415	0.0333906697	0.0278640437	0.0669552682	0.0518936582	0.0457323652	0.0464707479	0.0053830971	0.0369735116	-0.0396830945	-0.0010194095	-0.1192223733	0.0553992364	0.1244555913	0.1057311152	0.0042415655	0.1677329231	-0.1241619309	0.0233480625	0.2307715705	-0.0057776286	0.060924155	-0.0042501553	-0.1831256197	-0.022614009	0.0430917324	-0.1397667708	-0.0188406023	-0.0010713243	0.093132801	-0.0434770581	0.0	0.0	0.0082899440691761	0.0166507538082924	0.0002772476023843	6.872317267006798e-05	-0.0227326093702515	0.031768431929379	0.0010092332672515	0.0005167715287804	-0.0881055715285441	-0.0403024840735497	0.0077625917343714	0.0016242902224987	-0.0005969946868648	0.0006225033809266	3.5640265614480054e-07	3.875104592650477e-07	7.504176814077113e-05	0.0004700610417109	2.2095738293440333e-07	5.631266965693252e-09	-0.0001399773847077	-0.0001717366418357	2.9493474149020343e-08	1.9593668229607444e-08	0.0	0.0	0.0	0.0	0.0	0.0	0.0	0.0	0.0
1055.5365771207469	1.850962256853336	1114157.4656397824	3.426061276295594	1532.6154093624923	11.74449676363338	137.9332042309949	2348909.99301536	1012.7145768819984	2.1405732559097714	4.58205386391616	1025590.814229285	1150.7697343658983	1013.317522534252	1.176997	23.002609	0.0840018156734171	0.0456518236434636	0.1003747119	-0.123652989	-0.1019561733	0.1080909571	-0.1282432239	0.0217256777	-0.0553161327	0.1375656759	-0.1553101341	-0.0915195709	-0.1041920144	-0.0293396209	-0.1278691752	0.0688168737	-0.1269913424	0.2171498491	0.0958542528	0.1131514941	0.0329168496	0.0914999923	0.004146391	-0.0969315676	0.0360796133	-0.0295214504	-0.1150517047	0.07698189	0.0076150785	-0.1026540673	-0.2177275467	0.0719903504	-0.1307217469	0.0720706205	-0.0227535896	0.0057871964	0.1116483635	-0.1097916465	0.099928976	0.0725621718	0.030347666	-0.1829150342	-0.1792671472	-0.0545041104	-0.1486086133	0.0174383608	-0.0801993329	-0.015436047	-0.0738352383	-0.2125640963	-0.0410505088	-0.1845437568	-0.0106879564	-0.1878778376	-0.0127171568	0.0419767511	-0.0895284309	0.0512450628	0.0243977152	0.0177971326	-0.0875368307	0.253484019	0.0843252286	-0.0069011026	-0.0783062922	-0.0503556154	-0.0260728299	0.1819596587	0.0710931554	-0.0497376103	-0.0107169898	0.0707447489	-0.0396684674	0.1249350635	-0.0252877555	-0.1483367298	0.2838371463	0.1402309441	-0.0167518424	0.1287317244	-0.2570715061	0.0883666366	-0.054622527	0.0	0.0	-0.0057587235875473	-0.0140486676567233	0.000197365062929	3.3162897357773645e-05	-0.0561979440605853	-0.0334653346903338	0.001119928625936	0.0031582089166366	-0.0861491739368602	0.0019563975916839	0.0074216801700033	3.827491536746599e-06	-0.0010340069859309	-0.0004370122990661	1.0691704469539044e-06	1.9097974953503842e-07	7.444156851454942e-05	-6.001996262217091e-07	3.602395913166793e-13	5.5415471229063555e-09	0.0001130384312935	0.0002530158160012	6.401700314675308e-08	1.277768694929532e-08	0.0	0.0	0.0	0.0	0.0	0.0	0.0	0.0	0.0
1054.481900180224	-1.0546769405227678	1111932.077807696	1.112343448870466	1529.2562601625038	-3.359149199988451	11.283883347783052	2338624.7092462075	1012.5197635266484	-0.1948133553499929	0.0379522434227226	1025196.27153206	1151.5004327339038	1004.93830712072	1.266593	24.75362	0.0931676067070583	0.0523835095420141	0.0607001822	0.0147566205	0.1061386101	0.1223671121	0.0863362194	-0.0881422547	-0.0414904255	0.0883975763	0.0467224755	0.1612407815	-0.1019605542	0.0818656698	-0.0573769049	-0.0054271868	-0.0960306212	-0.0791668605	0.1944734923	0.0501274723	0.0892465129	-0.1692391947	0.2952541119	-0.039844958	-0.0863325135	-0.056248617	-0.0534942763	0.2142530399	-0.0146443074	0.0688550643	0.0309787889	0.0237018518	-0.0678914067	-0.0708955367	-0.0853390127	-0.0474444557	-0.0649046196	-0.0576289953	0.0340354319	-0.0557911272	-0.1315143507	0.1149656887	-0.0121227891	0.2297302263	-0.1435062452	-0.1544377489	0.0098321461	-0.2352357433	-0.0665968335	-0.0096719682	0.035718458	-0.054658932	0.1354984591	-0.0611758085	0.0287097834	0.0921177487	0.114207889	0.0150741026	0.0094076056	-0.0512521261	-0.0524997778	-0.1110746666	-0.1131833664	0.1532474445	-0.0121805581	-0.1662928807	0.0138722813	-0.1709233711	0.0892575214	-0.0849777947	-0.0664854891	0.1115465944	0.1676927078	0.1712782481	-0.012983333	-0.0662209509	0.177272166	-0.0850865895	-0.1450167595	0.0669468722	0.0037890617	0.0834738879	-0.065455123	0.0	0.0	-0.0168786218675762	-0.0111198982800288	0.0001236521377581	0.0002848878761486	-0.0451108479792026	0.0110870960813827	0.0001229236995178	0.0020349886054027	-0.0391203407990872	0.0470288331377729	0.0015304010642367	0.0022117111463004	-0.000808994661307	0.0002250123246238	6.544723620232276e-07	5.0630546232651336e-08	7.505662263862511e-05	6.150541240756979e-07	3.78291575542524e-13	5.633496601916972e-09	-0.000139969774116	-0.0002530082054095	6.401315200453574e-08	1.959153766608406e-08	0.0	0.0	0.0	0.0	0.0	0.0	0.0	0.0	0.0
1051.3738967125307	-3.108003467693379	1105387.0706884912	9.65968555519407	1528.3853305760276	-0.8709295864762225	0.758518344599644	2335961.7187199933	1010.3339757986314	-2.185787728016976	4.777667991949614	1020774.7426530696	1149.644315518831	1026.2963696240909	1.372014	26.813915	0.0900530879510773	0.0513174429616363	-0.0993324102	-0.0949953084	0.1132338576	-0.0789045722	0.0211162985	0.0286569781	-0.0840946013	-0.0956987569	-0.0824943286	0.071056348	0.0686784155	0.1815307791	-0.254585108	0.0246160422	0.0160377118	-0.0766943101	-0.0223680516	0.0692000208	0.086789982	-0.1071401601	0.1017787106	-0.0311569123	-0.039130715	-0.0375961783	-0.0869908313	0.0406426834	-0.0270334823	-0.0775436645	-0.1228904826	0.0142574408	0.1079868161	0.223501578	-0.0486124596	0.1221527095	-0.0215051113	-0.055442075	0.0427817158	-0.0242583103	0.0278618213	-0.0276250227	0.2317982578	0.1687154484	-0.1137236969	-0.0318285121	-0.0102694575	-0.134045198	-0.0412639088	-0.0857238034	-0.1302492721	-0.0020454485	-0.0849454403	0.1094287964	-0.0628687283	0.0876238356	-0.0376376838	0.0277667222	0.0199889005	-0.2326039783	0.0572667773	-0.0727940008	-0.1434973731	0.0211458703	-0.0236231488	-0.0927035923	0.1022893956	-0.1231410102	0.0203013323	-0.0147869226	-0.0637687756	0.110917069	0.1094916656	-0.0228471361	0.1175188314	-0.0454495838	0.1189548938	-0.0310274934	-0.3351430368	0.0098700531	-0.0049370458	0.0784615636	-0.075912798	0.0	0.0	-0.0127367704178453	0.0041418514497308	1.7154933431637945e-05	0.0001622253206768	-0.0429510434244804	0.0021598045547221	4.664755714598731e-06	0.0018447921312516	0.0071270209854858	0.046247361784573	5.079442812755499e-05	0.0021388184720331	-0.0003650162325229	0.0004439784287841	1.332368500052118e-07	1.9711684522559817e-07	-0.0002309741382922	-0.0003060307609308	9.365482663589985e-08	5.3349052559824344e-08	-0.0001400419876421	-7.22135261000084e-08	5.2147933517965935e-15	1.9611758302750092e-08	0.0	0.0	0.0	0.0	0.0	0.0	0.0	0.0	0.0
1049.1025827937854	-2.2713139187453635	1100616.2292245913	5.15886691748642	1526.6430161950625	-1.7423143809651265	3.035659402117892	2330638.898897158	1008.2734546527372	-2.0605211458941994	4.245747392677145	1016615.3593573652	1147.1069211792528	994.5509281308928	1.200105	23.454208	0.0736729174575812	0.0347206532182888	-0.1711084539	-0.0709744034	0.0361579246	-0.1124099026	-0.1004229414	0.0562710318	-0.0883859229	-0.0537669513	-0.1133628427	-0.0240057723	0.1623168414	0.059145766	-0.1630449627	0.0084698097	0.1925312938	0.1572840131	0.007899948	0.0572269107	-0.031910074	-0.1521123647	-0.0961038449	0.0114630709	-0.2532849377	0.1463363035	0.0627484323	0.0169028063	0.084407998	-0.1245302906	0.0640549226	0.1510354309	-0.0244954527	-0.3413383838	-0.1858913035	-0.0546408013	-0.0359021836	-0.0227616766	0.0256919592	0.1072235844	0.0368189489	-0.1877102678	0.2061025041	0.0602625849	-0.1016450649	0.108193916	-0.0940014683	-0.123819225	0.0012636381	-0.0618683431	0.090729841	-0.0389953434	-0.018537518	0.0428109866	-0.2430708047	-0.2393123207	-0.0534726255	0.0451586131	0.0274645114	-0.2410423109	0.0589718986	0.0840766551	-0.0575627914	-0.1105965637	-0.0849418542	-0.1420721929	0.0592886197	0.0415309449	-0.0601325797	0.0923752772	0.025893616	0.1266289356	0.0366491589	-0.0856656318	0.0216463525	-0.0910887015	-0.034693697	0.0823820521	-0.1952223063	0.0634519769	-0.0018081902	0.0733368439	-0.0859356514	0.0	0.0	-0.0168629881929121	-0.0041262177750667	1.70256731272772e-05	0.0002843603707942	-0.0490002300791303	-0.0060491866546498	3.659265918279439e-05	0.0024010225478077	-0.0183965745643135	-0.0255235955497993	0.0003384339557003	0.0006514539297897	-0.0004860072792878	-0.0001209910467649	2.3620307552072967e-07	1.4638833397266229e-08	7.445311162590507e-05	0.0003054272499181	9.328580499253663e-08	5.543265830779481e-09	0.0001930180652362	0.0003330600528783	1.1092899882329599e-07	3.725597350752596e-08	0.0	0.0	0.0	0.0	0.0	0.0	0.0	0.0	0.0
1048.6716383845262	-0.4309444092591548	1099712.2051520864	0.1857130838717219	1523.5539223055534	-3.0890938895090585	9.542501058202204	2321216.5541726365	1009.1841392070404	0.9106845543032024	0.8293463574464222	1018452.6268270552	1147.5906666872795	988.5635121023868	0.946945	18.506588	0.0423316670907699	0.0213200337538691	-0.1499652007	-0.0766282791	0.0877774915	-0.0694509179	-0.1076295748	0.0495983705	-0.0885747134	0.0349386788	-0.1360845823	0.0572873267	0.0602094634	-0.1379105073	0.0824937737	0.044613555	0.1014124364	-0.002975077	-0.0473105534	-0.0327709125	-0.0088137168	-0.1517131095	-0.03679769	-0.0202335132	-0.1451153169	0.1625638303	0.0485205401	-0.002277561	0.1360651203	-0.1199548998	-0.1600897515	-0.1978681747	0.0746989607	-0.090770716	-0.1381394441	0.1094729815	0.0975061284	-0.0822944149	0.0890226139	0.0833175687	-0.0311686197	-0.0377789065	0.1058586493	0.0494526612	-0.1092724102	0.1393439495	-0.0788518283	-0.0494566243	0.0791163906	0.0332572278	0.0949058686	-0.0633076615	-0.1466003775	0.035300993	-0.0665683957	-0.1248906983	-0.0479486877	0.0486847805	-0.0334438166	-0.2007809263	0.0118462634	0.1244500959	-0.0120259279	0.0026968896	-0.2176872493	-0.0354105624	0.0128436082	0.1190268309	0.0464044283	0.1135155673	-0.0180957414	-0.0276414919	0.0948876823	-0.1102442068	-0.0076640268	0.0642458516	0.0145753526	-0.0004084212	-0.030095695	0.0285963993	0.0688306718	0.0681070699	-0.0954662731	0.0	0.0	-0.0168199933767994	4.299481611269931e-05	1.8485542125648283e-09	0.0002829121771955	-0.0609472860885631	-0.0119470560094328	0.0001427321472925	0.0037145716815611	-0.0299645120680196	-0.011567937503706	0.0008978719834744	0.0001338171780896	-0.0007239943711092	-0.0002379870918213	5.241678493978059e-07	5.6637855873607445e-08	-5.7072044848061054e-05	-0.0001315251564739	1.7298866785501273e-08	3.257218303139092e-09	0.0001989793921712	5.961326935000007e-06	3.5537418825956576e-11	3.959279850882021e-08	0.0	0.0	0.0	0.0	0.0	0.0	0.0	0.0	0.0
1049.99363402396	1.321995639433908	1102486.631490842	1.7476724706822668	1519.9079081718558	-3.6460141336976895	13.29341906312332	2310120.0493233465	1010.147741384752	0.9636021777115502	0.928529156890442	1020398.4594247156	1149.3533016338683	989.7743300037272	0.96867	18.931171	0.0322229830185508	0.0184018806645925	-0.13723473	-0.0546526404	0.1568989033	-0.0169195968	-0.0139134955	0.0377269681	-0.0955076546	0.0638501648	-0.043694271	0.0917412398	0.0769495262	-0.1112007149	0.0844880726	0.0294280103	0.1178567437	-0.1636575114	0.042479768	-0.1463876123	-0.0084549015	-0.048439415	0.2123506167	-0.0873711079	-0.1584710181	0.0388462414	-0.066150024	-0.1064681185	0.0924552952	0.0851894519	-0.1062814872	0.0586488373	-0.0992265631	-0.0267108859	-0.035137941	-0.0705458438	-0.0415605306	-0.0828018755	0.1094926192	0.0226955527	-0.0751139116	0.1748624553	0.0709697915	0.0498763671	-0.0532473913	-0.0279408185	0.0730781597	-0.0440064329	0.0223252355	0.0683898405	0.0919035295	-0.0890756956	-0.0981227304	-0.0004403969	0.0023470036	0.0555013422	-0.0478766593	0.0547230077	-0.0453718063	-0.1699135965	0.0191333044	0.006374854	-0.0540534575	0.0930037551	-0.2048164007	0.0743295486	-0.0101719093	-0.0738212699	-0.0241497297	0.1034844098	-0.0628691664	-0.1085505129	0.0721962845	0.0200981872	0.0037189922	0.0931002557	-0.0358929241	-0.0432575478	0.0532797027	0.1302447779	0.0189446429	0.0627797331	-0.1044500727	0.0	0.0	-0.0168195449625301	4.484142692995352e-07	2.010753569114361e-13	0.0002828970927465	-0.0727793994731058	-0.0118321133845427	0.0001399989071446	0.0052968409876659	-0.028671428896942	0.0012930831710776	0.0008220508349924	1.6720640873241029e-06	-0.0007025160011964	2.147836991279995e-05	4.935287319369803e-07	4.613203741110701e-10	7.434945771156443e-05	0.0001314215025596	1.7271611335029647e-08	5.527841862003707e-09	0.000428026280672	0.0002290468885007	5.24624771318979e-08	1.832064969459057e-07	0.0	0.0	0.0	0.0	0.0	0.0	0.0	0.0	0.0
1049.840694821186	-0.1529392027741778	1102165.4845026303	0.023390399745201	1521.9412335175011	2.0333253456453804	4.134411961243906	2316305.118280773	1010.094586624753	-0.0531547599989608	0.0028254285105471	1020291.0739286308	1148.1925067232366	996.2334709017	0.8736739999999998	17.074627	0.0215394136324068	0.0163387347922656	-0.1686828869	-0.089880113	0.1763589315	-0.0655305518	0.0067784423	0.0812133181	-0.1067481948	-0.0126747066	-0.0576057783	0.1508033106	0.0730374517	-0.070195349	0.0181243892	0.0736366569	0.1632171209	-0.0648408717	0.0231181196	0.0022522667	-0.0889017418	0.0515807891	0.2582039002	-0.0101200797	-0.025623166	0.0748036079	-0.0924754435	0.0098390289	0.0202912111	-0.1296774999	-0.0454898791	0.2128354959	-0.030426855	-0.0587917289	0.187108238	0.1291191352	0.0591249386	-0.0903049643	0.1399041809	0.0800095158	-0.0021440107	0.1050271884	0.136177846	-0.0383464054	-0.0161048419	-0.0715262748	0.0990537753	0.0426949436	0.1123189673	0.1473564413	-0.0162359984	0.0449891458	-0.1276785014	-0.0745818177	-0.0408145449	0.2265104685	-0.0484413327	0.0612096131	0.0129708827	-0.1549965519	0.0688820445	0.0793540233	-0.0119608472	0.0731465597	-0.1735530691	0.0836059682	-0.023342602	-0.1229278128	0.0215558917	0.0260683484	-0.107673992	-0.0117094672	-0.0243121313	-0.0397296006	0.0408005038	0.0967021809	-0.0901571301	-0.0570852548	0.1409544219	0.0625560715	-0.0015704735	0.057362465	-0.1128355917	0.0	0.0	-0.0167689095570295	5.063540550059864e-05	2.563944290210055e-09	0.0002811963277318	-0.0726095925710978	0.000169806902008	2.8834383969556053e-08	0.0052721529333408	-0.0328132192907588	-0.0041417903938167	0.0010767073602234	1.7154427666313108e-05	-0.0010190176592702	-0.0003165016580737	1.0383969899045171e-06	1.0017329956346457e-07	7.429546939463627e-05	-5.39883169281552e-08	2.9147383647349293e-15	5.5198167725693354e-09	0.0004010383084411	-2.698797223089997e-05	7.28350645135828e-10	1.608317248372989e-07	0.0	0.0	0.0	0.0	0.0	0.0	0.0	0.0	0.0
1050.8446025051526	1.003907683966645	1104274.3786142122	1.0078306379272732	1522.6711215315197	0.7298880140185702	0.5327365130079725	2318527.344346056	1008.7076590401786	-1.3869275845744369	1.9235681248534815	1017491.1414063172	1148.7313841434948	995.4270489709616	0.958844	18.73913	0.0743232124433066	0.0380749303773982	-0.0879131998	-0.0459019349	0.1888169381	-0.0540489413	0.0780576047	0.0118100348	-0.1588879042	0.0491767985	-0.0310824028	0.0703766057	0.0483003788	-0.2484993107	0.0441764383	0.0556146549	0.0553708962	-0.0378958826	0.0306028304	-0.0391553717	-0.0550141761	0.014110059	0.066475528	-0.2025412176	0.0250177882	0.007793081	0.1500842315	-0.0843904542	-0.2348822599	-0.13556097	-0.0414528117	-0.0546344685	-0.0938104616	-0.0098795221	-0.06393031	0.0973468425	0.1593396467	-0.1036755783	0.1200014932	-0.0346101694	0.020952172	0.0248954676	0.0035368802	0.0101276376	0.0617461036	0.1109726267	0.2487667562	-0.0853548444	0.092237793	-0.0050296464	0.0653097992	0.1092593933	0.0617011716	-0.1273900705	-0.1197828517	-0.0344312748	-0.0676327898	0.0652146045	0.0143415651	-0.0856358559	0.108308668	-0.0103534783	0.1121239312	0.0760365402	-0.0981623345	0.0414137904	-0.0435054324	-0.081950612	0.1797618156	0.1348274592	0.0258559274	0.0273021625	-0.1431422464	-0.1222427409	-0.1811913906	0.0511853635	-0.0604954004	0.0671515952	0.1867653643	-0.1125837299	-0.0685303817	0.0518630257	-0.1205747987	0.0	0.0	-0.0116288678299554	0.0051400417270741	2.64200289560629e-05	0.0001352305670065	-0.0725827322940944	2.6860277003395997e-05	7.214744806991637e-10	0.0052682530272761	-0.0589226324097111	-0.0261094131189523	0.0034718766100899	0.0006817014534161	-0.0011849036547229	-0.0001658859954527	1.4039966709756854e-06	2.7518163487333217e-08	-0.0002629499106623	-0.0003372453800569	1.137344463697474e-07	6.914265551731156e-08	0.000758844879337	0.0003578065708958	1.280255421762827e-07	5.758455508959861e-07	0.0	0.0	0.0	0.0	0.0	0.0	0.0	0.0	0.0
1052.7080951623605	1.8634926572078712	1108194.3336203652	3.4726048834676524	1531.3417051719327	8.670583640413042	75.17902066539828	2345007.4179988825	1011.074451169588	2.3667921294094185	5.601704983834369	1022271.5458078836	1148.2497351797003	988.7513607258392	1.205757	23.564676	0.0898214875995665	0.0463028906321571	0.0817455059	0.0897099881	0.0546542298	-0.0882533985	0.0166168292	-0.1347916098	0.0688924499	-0.0137965319	0.0031702756	0.0807554477	-0.0564156771	-0.1031050262	0.1623478867	0.1042816216	-0.0045429693	-0.0413420564	-0.0293885492	-0.0797079493	0.1292496463	-0.0223234477	-0.175882135	0.0080393035	0.1717336469	-0.0317737725	-0.0438315729	-0.1513621785	-0.0134808183	-0.05190144	0.086358309	-0.1219983656	0.1531651403	-0.0392380831	-0.0089552711	0.0619233875	0.0104172067	-0.037031715	-0.1456914424	-0.0793268249	-0.0377778879	0.0529573042	-0.1083210068	-0.1063729524	-0.0002629193	0.1558432931	0.0334683939	0.0307758893	0.0836660426	0.0710197626	0.1476379514	0.1048217915	0.1396726032	-0.1059636403	0.1207897003	0.0407143795	0.1554899437	0.0838955276	-0.0369026063	0.0149615631	-0.0363565639	-0.0999462935	0.0435527945	0.0335219546	-0.1234467205	0.0767860311	0.1049551815	-0.0244465814	-0.0948205192	0.0914167695	0.144479714	0.0556725203	0.0466307887	-0.0265800366	-0.0597588278	-0.0691991008	0.0480952743	-0.1329246296	0.1102653387	0.0900708838	-0.0655972717	0.0462892931	-0.1276233641	0.0	0.0	-0.009815709042968	0.0018131587869874	3.287544786829624e-06	9.634814401620375e-05	-0.0517835938915425	0.0207991384025518	0.0004326041582885	0.0026815405963241	-0.0806773116274683	-0.0217546792177572	0.0065088286114356	0.0004732660678675	-0.0005839659428268	0.0006009377118961	3.4101622238159345e-07	3.6112613357892003e-07	-0.0001131754046086	0.0001497745060537	2.243240266362982e-08	1.280867220832032e-08	0.0006004668734414	-0.0001583780058956	2.5083592751466717e-08	3.605604661004903e-07	0.0	0.0	0.0	0.0	0.0	0.0	0.0	0.0	0.0
1052.776352269928	0.0682571075676605	1108338.0478987757	0.0046590327335031	1525.265537205588	-6.076167966344656	36.91981715523295	2326434.958987051	1011.6181409063048	0.5436897367168285	0.2955985298112143	1023371.2630107284	1147.1466848808425	993.421347089538	1.014733	19.831409	0.0393625040539775	0.0206144834451552	0.0867635824	-0.0032954529	-0.0153799612	-0.1832485111	0.0125379001	-0.0236048822	0.1893448926	-0.1928747637	-0.0907961362	0.0415366534	-0.0195835267	-0.0818818045	0.2194528035	0.1199633521	0.014149293	0.0502708639	-0.1160174446	-0.0641613911	0.2091232788	-0.0070607606	-0.0310446633	0.0753738668	0.011856538	-0.1343270528	0.0212149948	-0.0497240276	0.0986843797	-0.0098002646	0.0777224494	0.1185480381	0.0653258464	0.1003154523	0.0176590284	-1.83007e-05	-0.2355382193	-0.0455761286	-0.1709111792	0.001434142	0.0718322179	0.1108765579	0.0284023546	-0.1318630319	-0.0952641485	-0.0157927921	0.010686987	0.1009434516	0.1345084406	0.0699131202	-0.1560562161	0.0393672521	0.1225656455	0.1185276857	-0.0626776999	-0.0760726681	-0.0651998948	0.1052006162	0.0179844762	0.0326001536	-0.0018655005	-0.0620005796	0.00529599	-0.0673135066	-0.0704766058	0.1829881455	0.1361401029	-0.0913332027	-0.0631223996	-0.0637542254	0.0554223641	0.1365457751	-0.0177266544	-0.1731413016	0.057492175	-0.103576329	-0.1920488777	-0.1428381646	0.1176463206	-0.0951003115	0.076739422	0.0406492515	-0.1339409145	0.0	0.0	-0.0090647743924563	0.0007509346505117	5.639028493391291e-07	8.217013478613147e-05	-0.0505958372650212	0.0011877566265213	1.4107658038452714e-06	0.0025599387485485	-0.0975269923924528	-0.0168496807649844	0.0095115142451175	0.0002839117418818	-0.0007079085042396	-0.0001239425614127	5.011344503747478e-07	1.536175852956569e-08	-0.0002422682919269	-0.0001290928873182	1.6664973556175295e-08	5.869392527317764e-08	0.0007589140649495	0.0001584471915081	2.510551249680452e-08	5.759505579781738e-07	0.0	0.0	0.0	0.0	0.0	0.0	0.0	0.0	0.0
1054.7271281247265	1.950775854798394	1112449.3148022331	3.805526435664405	1522.7379148887296	-2.5276223168584693	6.388874576680976	2318730.757439676	1010.991821146123	-0.6263197601817865	0.3922764419941705	1022104.4624243544	1147.001859798766	992.003019381792	1.079221	21.09173	0.0856267581903969	0.0452166962934955	0.0056371693	-0.0945295916	-0.1918757171	-0.1313982191	-0.0754277073	0.1303059936	0.0811290264	-0.0152888097	-0.1139474867	-0.1147721815	-0.0799178779	-0.0556511663	0.0049688589	0.1121246652	0.0379229052	0.0874660201	-0.0783181169	0.1338007057	-0.025659516	0.1255534593	-0.1850654797	-0.0369691174	-0.1182257648	-0.045883435	0.1150347594	0.0539907645	-0.0085491034	-0.0749315981	-0.0594604351	-0.1457468103	0.082594617	-0.1122239314	-0.0022419977	0.0230812891	-0.0431084991	-0.0287051998	-0.1047408567	0.1203093848	0.1501527088	-0.1581984763	-0.0795366358	-0.0233679372	0.1622058304	0.1066543605	0.025557166	-0.1246265506	0.0297519583	0.0871082818	-0.0065482446	-0.0412171152	0.1080377423	-0.0093849061	-0.0625879176	-0.1132510773	-0.0070579073	0.1016312976	0.0186532241	0.0891327114	0.05162242	0.1229259528	0.0759947069	-0.1491968772	0.0502818183	-0.0005549771	0.1064330689	-0.1131552074	0.0353218288	0.0915300935	0.0234382968	0.0434177449	-0.1451246138	-0.1265598817	-0.2262768999	-0.0130309371	-0.0290389285	-0.0823751832	-0.1254263676	0.0909208409	-0.1007677343	0.0349509803	-0.1394912634	0.0	0.0	-0.0061234474247271	0.0029413269677292	8.65140433109105e-06	3.749660836339695e-05	-0.0873681900971377	-0.0367723528321165	0.0013522059328096	0.0076332006408495	-0.107778381567229	-0.0102513891747762	0.0116161795332512	0.0001050909800127	-0.0002519240067232	0.0004559844975164	6.346570516347092e-08	2.0792186197528377e-07	-0.0002805676679837	-3.8299376056800006e-05	1.4668422063401855e-09	7.871821631781173e-08	0.0005399641542072	-0.0002189499107422	4.793906341406109e-08	2.915612878286969e-07	0.0	0.0	0.0	0.0	0.0	0.0	0.0	0.0	0.0
1057.0108221738096	2.283694049083124	1117271.878192553	5.215258509817674	1535.7316897537908	12.99377486506114	168.83818524389469	2358471.8229140337	1011.7598802624598	0.768059116336758	0.5899148061880016	1023658.055308707	1148.9887813434266	1012.2726051069104	1.073112	20.972322	0.0695330190069023	0.0390439822864384	0.0972519822	-0.1268206644	-0.0725453203	0.0763601166	-0.0888898335	0.0101409789	-0.0154282735	0.0901169052	-0.1357151781	-0.0582076543	-0.0891395169	0.0555341751	-0.0045689374	0.1562166357	0.0127295652	0.2782656103	0.1139849193	-0.0805860863	-0.002361505	0.0331687896	0.0041851305	0.0391286371	0.2246705788	-0.040415361	0.0775014344	0.2018812138	-0.1035959194	0.1677959647	0.0544214591	0.052570953	-0.0441698033	-0.1235445935	-0.1587243452	0.3296254573	0.1184023764	-0.1246110833	-0.0226816336	0.1535510734	0.0346325274	-0.0665564008	-0.2060491	-0.1055042559	-0.0789183658	-0.0536766846	-0.111409003	-0.1295791093	-0.0594682092	-0.0901155207	-0.0401457639	0.1743891598	-0.0229684308	0.1134001254	0.1022728133	-0.2981467119	0.0767684165	0.113599499	-0.0243447298	0.1745779411	-0.0927349925	0.2542372926	0.048978382	0.0218324976	0.0220946563	0.1321491737	0.0613609981	0.0474442633	-0.0110733708	0.0201308134	0.1913866437	-0.0468734543	0.0678987399	-0.1698472106	-0.1148630616	0.0305452744	0.1197246717	-0.0412561685	-0.0773566655	0.0016161096	0.0055352056	0.0292026422	-0.1442426191	0.0	0.0	0.0041269696979071	0.0102504171226342	0.0001050710511879	1.7031878887443417e-05	-0.0761447675069604	0.0112234225901772	0.0001259652146377	0.005798025618689	-0.1432136577247149	-0.0354352761574858	0.0205101517588917	0.0012556587963572	-0.0002379584466477	1.3965560075500008e-05	5.6624222330986286e-08	1.950368682223998e-10	-0.0001310747667517	0.0001494929012319	2.23481275187605e-08	1.7180594479012563e-08	0.0006289837556318	8.901960142459998e-05	7.924489437794642e-09	3.9562056484868405e-07	0.0	0.0	0.0	0.0	0.0	0.0	0.0	0.0	0.0
1057.1245000587944	0.1136778849847814	1117512.208624556	0.0129226615346132	1532.5151042468442	-3.216585506946558	10.346422323498643	2348602.544744716	1011.4832534968714	-0.2766267655883894	0.0765223674398937	1023098.372104616	1151.002189067372	1022.8613710798456	1.053747	20.593868	0.0502955409427118	0.025072661742952	0.1105767663	-0.1417971951	0.0419680116	0.1163425449	0.010672007	-0.0233594236	0.0028734674	0.11826761	-0.1282441729	0.0662268572	-0.0639446248	0.1023971065	0.0544024764	0.1395389482	-0.0144327344	0.1180740508	0.1030480056	-0.2026993994	0.0765679648	-0.008726976	0.0543777207	0.05901827	0.1888694213	0.0248186668	0.1290106493	0.0842661086	-0.0285247498	0.0163500978	-0.0416712897	-0.2055484181	0.0056722162	0.151693747	-0.1355354587	-0.1416350044	0.0548515585	-0.1656723882	0.0393879272	0.0839003638	-0.0664099015	0.1399614707	-0.1399193582	-0.0228841861	-0.0719142788	-0.1102794181	0.0022414765	-0.0163681119	-0.0574366994	0.0173494984	0.0207236437	0.2000504249	-0.0896299249	-0.0885755951	0.0091107561	-0.0732417922	0.028545087	0.1198478152	-0.02872643	0.1889270443	-0.0667421957	0.1171645876	-0.0649291299	0.1532093628	-0.0229808263	0.1610301821	0.0469934753	-0.2284180612	0.0696410376	-0.0835834306	0.0177873559	-0.162539864	0.0701276726	-0.1440839345	0.0601154237	-0.0108136254	-0.0458415116	-0.2090412132	-0.0543315674	0.1690278666	0.0492485872	0.0234124715	-0.148167766	0.0	0.0	0.0035951836443643	-0.0005317860535427	2.827964067426255e-07	1.2925345436704568e-05	-0.0689765123696872	0.0071682551372732	5.1383881713043695e-05	0.0047577592586856	-0.1395699826025591	0.0036436751221557	0.0194797800436786	1.3276368395817073e-05	-0.0004199443793474	-0.0001819859326997	1.76353281745473e-07	3.3118879700579744e-08	-0.0003870605075044	-0.0002559857407527	6.552869946870852e-08	1.4981583646956368e-07	0.0002879189364894	-0.0003410648191424	1.1632521085663805e-07	8.289731398918715e-08	0.0	0.0	0.0	0.0	0.0	0.0	0.0	0.0	0.0
1056.9856139535495	-0.1388861052448646	1117218.588104762	0.0192893502300876	1542.6304994780442	10.115395231199956	102.3212206833828	2379708.85791988	1011.2927481943884	-0.1905053024829612	0.0362922702741245	1022713.0225505588	1149.8087426570423	1020.1235266615888	1.103457	21.56538	0.0840346363436934	0.0363219742917141	0.1474483479	0.0026576789	0.0522622171	-0.0083625491	0.1098276005	-0.1149036459	-0.0029767551	-0.0616974645	-0.0533411006	0.1019150653	0.0017537094	0.1926624473	0.098493659	0.0973788409	-0.1512112819	-0.1117466212	0.0295496683	-0.0674295279	-0.105049541	-0.0147523537	-0.1279365646	0.0126692041	0.0005582203	-0.0761126984	0.079397352	-0.1224983013	-0.0015597368	0.2055949669	0.0017312695	0.0991496606	-0.0608145765	0.0403712165	-0.045793529	0.053167393	0.077701961	-0.0578027894	-0.1015399906	-0.1281220965	0.0702088365	0.1690387795	-0.0692898263	-0.0585888329	0.1343068228	0.035174008	-0.1384959571	-0.0336804849	-0.0881300587	-0.0262369963	0.1260744487	0.0382555821	0.0682577254	0.0058906911	-0.0397123357	-0.0151358469	-0.0397706265	0.1118920376	-0.0156813181	0.2000742863	-0.0397665147	-0.0599544831	0.1199848746	0.0902693717	0.0292733802	0.0307223415	0.0916374506	-0.131261528	-0.2077697296	-0.034478454	0.0997574752	-0.050621362	-0.1335994228	0.002918361	-0.0035152105	0.0707154935	-0.0970227149	-0.0364112788	-0.0502738291	-0.0015334774	-0.1145181978	0.0175887627	-0.1512442214	0.0	0.0	-0.0116999226570442	-0.0152951063014085	0.0002339402767713	0.0001368881901808	-0.0878692125284459	-0.0188927001587587	0.0003569341192887	0.0077209985103691	-0.1452724811399903	-0.0057024985374312	0.0211040937765688	3.25184895694051e-05	-0.0006849571657818	-0.0002650127864344	4.691663189558362e-07	7.02317769737249e-08	-0.0001312225217435	0.0002558379857608	6.545307495819447e-08	1.721935021272333e-08	0.000649954791216	0.0003620358547265	1.3106996010761978e-07	4.224412306246341e-07	0.0	0.0	0.0	0.0	0.0	0.0	0.0	0.0	0.0
1056.7969920315622	-0.1886219219873055	1116819.8823669578	0.0355782294541851	1529.250857498845	-13.37964197919905	179.01481949154547	2338608.185160953	1011.439554326149	0.146806131760627	0.0215520403225185	1023009.9720554792	1147.705897615667	1008.1409743871444	1.148709	22.449757	0.0812509821048591	0.0457954906392416	0.1107477403	-0.0369881982	-0.1567430173	-0.0911219943	-0.0545596416	0.0123386958	0.1381148844	-0.0354891042	-0.0947451548	-0.225904959	0.0283022442	0.0044958861	0.0294756688	0.0815377333	0.0074852517	0.0948430904	-0.1079068196	0.0817852485	-0.1751941906	0.0004951089	0.0960255228	0.2293474264	0.0885505305	-0.1095236304	0.0596646505	-0.0448229295	-0.0196742732	-0.066442356	-0.0211865877	0.0540900802	0.1652590035	0.0279107051	0.0586870279	-0.0427906479	-0.0255270766	-0.0190477396	-0.186774216	0.0861754742	0.1120209861	-0.0418904745	-0.0093767499	0.0179009802	0.1318712169	-0.1424553464	0.0913017793	0.043485904	-0.0897949309	-0.0021073842	-0.1787842276	-0.0118871167	-0.0378015913	-0.1252878766	-0.0163758819	-0.0652937761	-0.1087107281	0.0780211972	0.0361709144	0.1448627084	-0.0553648585	-0.0048958188	-0.0208630297	-0.1890751226	0.1522798618	0.0361779189	0.0530688202	-0.0943997904	0.0654635043	-0.1248919681	-0.0547848223	0.0067583261	-0.1631334593	0.0260457025	-0.0977877516	0.2111986735	-0.1031017141	0.0536716494	-0.0300297138	-0.0678102275	-0.0417408774	0.0117398582	-0.1534543636	0.0	0.0	-0.000470296668027	0.0112296259890172	0.0001261044998532	2.2117895595729826e-07	-0.0856759095971426	0.0021933029313033	4.810577748463676e-06	0.0073403614852977	-0.1165827348276167	0.0286897463123736	0.0135915340598863	0.0008231015434683	-0.0012649452947607	-0.0005799881289789	1.6000865987372342e-06	3.363862297564451e-07	-0.000132038842854	-8.163211105000068e-07	6.663801554479643e-13	1.743425602222331e-08	0.0008519164785699	0.0002019616873539	4.078852315883449e-08	7.25761686458939e-07	0.0	0.0	0.0	0.0	0.0	0.0	0.0	0.0	0.0
1056.6563311332966	-0.1406608982656507	1116522.602124079	0.0197854883008997	1529.5867550102948	0.3358975114497298	0.1128271381981213	2339635.6411029235	1011.753936553169	0.3143822270199052	0.0988361846659952	1023646.028130834	1150.5695216195625	1015.4023629062508	1.1324	22.131027	0.0648183793426865	0.0367487045414932	0.0356828575	-0.1860371077	-0.0367604749	0.0988577125	-0.079680225	0.0247816997	-0.0894010436	0.0311320589	-0.1350415565	-0.1007613057	-0.0636176563	0.0518244542	-0.1108945442	0.0605433462	-0.0505081155	0.1926620743	-0.026524346	-0.0855078692	-0.0147538939	0.1992865467	-0.0259744891	0.0137382206	-0.059803145	0.0389307478	0.0697749031	0.029049275	0.134499691	-0.160432619	-0.020460976	0.0127136856	0.1202432163	-0.146008516	-0.0582888359	0.0154724191	0.064768952	-0.1026012238	0.1037949562	0.1101792468	0.0448476579	-0.0861190125	-0.1277190786	-0.1065928174	-0.0970345224	-0.1140075101	-0.0357447704	0.1505013694	-0.023922385	0.0621671327	0.000952692	-0.0620148906	-0.0552629812	-0.1114729461	-0.1341316408	-0.1328572277	-0.0165598311	0.0809790147	0.0332263777	0.0286587866	-0.0480132503	0.2196441965	0.0306298451	0.0167406704	0.0978055133	-0.0268213139	-0.0857300114	0.0900426796	0.0849718271	-0.1581626313	0.0593520173	0.0082672477	0.0595842743	0.1175711311	0.1014797295	0.1758537309	-0.0588988719	0.1256010541	-0.1098271903	0.1581684596	-0.0755738007	0.0058741364	-0.1547855331	0.0	0.0	0.0069881885418681	0.0074584852098951	5.562900162622396e-05	4.88347790966966e-05	-0.1123987950846441	-0.0267228854875015	0.0007141126087781	0.0126334891364798	-0.0920472020118268	0.0245355328157899	0.008472687398206	0.0006019923705547	-0.0011999518438853	6.49934508753999e-05	1.4398844276437316e-06	4.22414865669302e-09	-0.0001139876380609	1.8051204793100007e-05	3.2584599448243667e-10	1.2993181630702742e-08	0.0008129316176484	-3.898486092150004e-05	1.519819381068701e-09	6.608578149724444e-07	0.0	0.0	0.0	0.0	0.0	0.0	0.0	0.0	0.0
1056.8478230501005	0.1914919168038977	1116927.3210857366	0.0366691542012309	1541.0572756311576	11.470520620862771	131.57284331363806	2374857.5267757257	1012.485527520995	0.7315909678260368	0.5352253442046373	1025126.9434394676	1151.1398478056255	1016.1782456497704	1.245534	24.342062	0.0646109875992172	0.0302091331070662	0.2098966172	0.0703585882	0.0438907757	-0.0099038385	0.0161724302	-0.2289770604	0.0298820699	-0.0095193107	-0.0676372464	-0.0480021003	-0.1080681593	0.0601540424	0.012621704	0.1001461537	-0.1212843589	-0.0836763692	0.0517776755	-0.1315872183	0.1078753509	0.0195881821	-0.093723168	0.2942575513	-0.0625529772	0.0610452053	0.0424272868	0.1686408115	0.0110081858	-0.0533843426	-0.0535148452	-0.024063387	-0.2041826408	0.0438766089	-0.0185968795	-0.2261870435	0.0029664013	-0.0973257372	-0.135978673	-0.1433908988	-0.0966999284	-0.0344599678	-0.0901253805	-0.0744772317	-0.0780984927	0.0236314315	-0.1759974511	0.0811207041	-0.1261260154	0.0808202063	0.0296325647	-0.0372515906	-0.1814105743	-0.1268445179	-0.1680684901	-0.0800935455	-0.0468576797	0.0736921881	-0.0456896658	0.1262356391	-0.0854919307	-0.0734594398	0.1421142453	0.0411498941	-0.0748779364	-0.1047872755	0.0333987485	0.0994448848	-0.0121687372	-0.0785495104	0.040979267	-0.017656087	0.0528674483	0.1179493327	0.0486447534	0.0121568085	-0.0171618125	0.0394997897	-0.0048766217	0.1022864394	0.1510855598	0.0	-0.1552301051	0.0	0.0	0.0021458196900283	-0.0048423688518398	2.34485360972683e-05	4.604542142113149e-06	-0.1075542442641221	0.0048445508205219	2.346967265262025e-05	0.0115679154592264	-0.1097731866708073	-0.0177259846589804	0.0120501525118639	0.0003142105321304	-0.0015209537970716	-0.0003210019531862	2.3133004528265177e-06	1.0304225394941945e-07	-0.0002008628974579	-8.687525939699998e-05	7.547310695296033e-09	4.0345903575182846e-08	0.0004768471648742	-0.0003360844527742	1.1295275939653349e-07	2.2738321864856245e-07	0.0	0.0	0.0	0.0	0.0	0.0	0.0	0.0	0.0
1055.8655827678667	-0.9822402822337608	1114852.1288737268	0.964795972042658	1534.1947406336592	-6.862534997498415	47.09438659189057	2353753.502187981	1013.002830916322	0.5173033953269623	0.2676028028168035	1026174.7354444824	1150.5026364912069	1016.4586947796612	1.121646	21.920847	0.0575806296960261	0.0303451324894835	0.082041062	-0.0700239019	-0.0817863498	-0.0165698523	-0.0900820495	0.0562003028	0.0850316264	0.1184496179	-0.0399653161	0.0133428184	0.1125529842	0.1664222495	0.0543310131	0.0799799388	-0.0637120357	-0.1013485399	-0.0235170333	-0.0529714341	-0.1787850985	-0.0798463765	-0.0825375745	0.0053528579	-0.079314501	-0.0772943906	-0.1460038147	0.102672204	-0.0089443971	-0.0357850636	0.0021289502	-0.1134112171	-0.0321740716	-0.0160021174	0.0711398311	-0.0771667276	-0.0336790392	-0.0405789112	-0.0757468953	0.0681992125	-0.0093939528	0.0529334509	0.050627563	0.1509337036	0.1559660799	0.1244937758	-0.1585873216	0.0187419682	-0.1105836742	-0.0509548677	0.0200240763	-0.1412985505	-0.2175416777	0.1194764495	0.0998220216	0.093097476	0.2404034917	0.0760172787	-0.0482971358	0.0510866758	-0.0409983683	0.0560446563	-0.0938219855	-0.0684559993	0.022202888	-0.1884055912	0.0127149566	0.0400168066	-0.0583357422	0.0656389272	-0.0502352199	-0.1190244764	-0.015835225	0.1585970719	-0.030506275	-0.1442744306	-0.0461563872	0.0604418847	0.0446722034	0.042566497	0.2403251897	-0.0058741364	-0.1547855331	0.0	0.0	0.0013132880632724	-0.0008325316267558	6.931089095488249e-07	1.7247255371337717e-06	-0.1043189928348198	0.0032352514293023	1.0466851810802643e-05	0.0108824522660711	-0.0828086837760793	0.0269645028947279	0.0068572781087267	0.0007270844163597	-0.0013663639409782	0.0001545898560933	1.8669504192054785e-06	2.3898023606978077e-08	-0.0004639038341438	-0.0002630409366859	6.919053437259565e-08	2.152067673333183e-07	0.0005901832469997	0.0001133360821254	1.284506751155808e-08	3.483162650391089e-07	0.0	0.0	0.0	0.0	0.0	0.0	0.0	0.0	0.0
1055.3083015727375	-0.5572811951292351	1113675.6113683358	0.3105623304446686	1536.0148643155403	1.820123681881114	3.3128502173444625	2359341.663398288	1011.3697546929887	-1.6330762233332052	2.6669379512162448	1022868.7807077564	1152.2271342695806	1032.9748628454563	1.268551	24.791887	0.1002903435938814	0.0681946065285218	-0.0164905487	-0.1154467119	0.1795154999	0.074957807	0.0619999089	0.0129764479	-0.0945816608	0.0375732885	-0.0357799083	0.0410568287	0.0725778123	0.0357297544	0.0034800337	0.0722788819	0.0599235712	-0.1063046576	0.0983523306	-0.0264775812	-0.0274682742	-0.0260468437	0.1893475133	0.0218901133	0.0070665384	-0.094114857	0.029853766	0.1364059998	0.2506292881	0.0727064452	0.0034420011	0.0631716145	-0.0555349742	0.0529257208	0.0853537544	-0.1639492485	-0.0778313704	-0.1036880452	0.1291595244	0.0020233222	0.0028440581	0.1416879497	0.1177834288	0.0422737358	0.0202954746	-0.1530283878	0.0299561199	-0.0662775266	-0.0026905477	-0.0047607534	0.0500840936	-0.0917682264	0.0276279146	-0.001634375	0.0329526359	-0.0342415155	0.0706074674	0.065305226	-0.0193606571	-0.0835901249	0.0834163761	-0.0311152164	-0.0173461827	0.1042521143	0.0407839568	-0.0632581787	-0.1210057977	-0.1328379188	0.0701004508	-0.1694771067	-0.1190891176	0.015584893	-0.0368623769	0.1837069619	0.0729171101	-0.0087421839	-0.0529313158	0.072048388	0.1190531055	-0.0337912708	-0.0507273943	-0.0117398582	-0.1534543636	0.0	0.0	-0.0166942259130991	-0.0180075139763715	0.0003242705596092	0.0002786971788375	-0.1044135679644142	-9.457512959440416e-05	8.944455137798344e-09	0.0109021931750593	-0.0176109071928038	0.0651977765832755	0.0003101440521535	0.0042507500714027	-0.0012048926290548	0.0001614713119234	1.4517662475505878e-06	2.6072984574263986e-08	-0.0004897638107985	-2.5859976654700023e-05	6.6873839258163e-10	2.398685903678689e-07	0.000437704977485	-0.0001524782695147	2.324962267419749e-08	1.9158564731514437e-07	0.0	0.0	0.0	0.0	0.0	0.0	0.0	0.0	0.0
1053.5906047177982	-1.7176968549392768	1110053.1623496157	2.950482485468283	1532.885671982037	-3.129192333503397	9.791844660056436	2349738.4833678207	1011.6313164954444	0.261561802455617	0.0684145765038312	1023397.920514306	1149.6234581261351	1010.629622630584	1.200023	23.45262	0.0677191108318806	0.0408251662077027	0.0175233094	0.0457031393	0.0832410526	-0.102358227	0.0376817129	-0.1357845729	-0.0704701959	-0.1486956229	0.0457596002	-0.0644610765	0.1120601145	0.1007828567	-0.0262270494	0.0516362744	-0.0443093804	-0.0061491864	-0.2293523868	0.1049700782	0.0776614068	0.1035113847	0.0402409239	0.0796475952	0.041674146	0.1157226904	0.104072731	-0.009756773	-0.0672637556	0.2164518294	0.0638003254	0.0798146304	-0.1197567237	-0.033654136	0.0561821584	0.0104409211	0.0333470907	-0.0414358893	-0.0581920373	-0.1486307781	0.0972538886	-0.0566924681	0.0959945114	-0.1176304451	0.002465991	0.0696699633	-0.0977608106	0.140320816	-0.1508540431	0.1260281916	0.0463668845	0.0861012946	0.0909623625	0.0535890191	0.0492072507	0.0476280457	-0.1037606325	0.054248525	-0.0050177577	-0.0350010411	0.0685153282	-0.0912511463	0.168004046	0.0002271075	0.0223931589	-0.0974991048	0.0161229944	0.0989635627	-0.151675712	-0.0736361231	0.0842603401	0.0252632616	-0.0317619622	0.1430392309	0.086872972	0.1888618824	-0.0792620132	0.0926466246	-0.0723013628	-0.0569977637	-0.0390260494	-0.0175887627	-0.1512442214	0.0	0.0	-0.0127890700226771	0.003905155890422	1.5250242528497647e-05	0.0001635603120449	-0.1167315938326964	-0.0123180258682822	0.0001517337612916	0.0136262649987216	-0.0554821957689952	-0.0378712885761914	0.0030782740473491	0.0014342344984211	-0.0013178552895787	-0.0001129626605238	1.7367425642705591e-06	1.2760562672637872e-08	-0.0005448576076858	-5.5093796887299945e-05	3.035326455459061e-09	2.968698126530931e-07	0.0005421413300135	0.0001044363525285	1.0906951729457142e-08	2.939172217088068e-07	0.0	0.0	0.0	0.0	0.0	0.0	0.0	0.0	0.0
1053.286294312445	-0.3043104053531351	1109412.0177864428	0.0926048228061894	1532.1198037434094	-0.7658682386274904	0.5865541589383746	2347391.0930227432	1011.7866338153634	0.1553173199190496	0.0241234698668364	1023712.1923674244	1149.8357882917974	991.2351690138116	1.06953	20.902319	0.0584126314812533	0.0323668981159034	0.0106087596	0.090505321	-0.0225196144	-0.1770977204	-0.0858691663	0.0235178893	0.1377748648	0.0971031148	-0.0428520225	-0.013320715	0.0687056633	-0.2425840943	-0.0553885834	0.030777534	0.0641325497	-0.0789877488	0.0370194106	0.1298950813	-0.0513408434	-0.0998910405	-0.1107958495	-0.1028047653	0.0593399556	0.100889969	-0.0877521737	-0.1141481374	-0.0502927556	-0.0308952989	-0.0543940374	-0.2266950603	0.1017102454	0.023284064	-0.0166691267	-0.0196761173	0.1787333664	0.0128632797	-0.1467959223	0.0863664071	-0.093968696	-0.0779371312	-0.0117844381	0.0408928005	0.095623428	0.066299912	0.1030205479	-0.0296372234	0.1468381315	-0.0577612027	-0.0805359646	-0.0661673109	-0.0053670153	-0.1257199341	0.0810563461	0.038624768	-0.0674962203	0.0262212901	-0.0810245378	0.0179789859	-0.0460125452	-0.1140775465	-0.0593412794	-0.1725853937	-0.0133953105	0.0408279052	0.0028094822	0.116004269	0.1046161753	0.0179865903	-0.0499978306	-0.162956451	-0.0493404387	0.2258719044	-0.0203051358	0.1635016863	0.0139673333	0.149819072	-0.1562474366	-0.2237955299	-0.0030924381	-0.0234124715	-0.148167766	0.0	0.0	-0.0166881084519587	-0.0038990384292816	1.520250067301473e-05	0.0002784929637043	-0.129611728280679	-0.0128801344479825	0.0001658978633981	0.0167992001079045	-0.055393056144311	8.913962468420217e-05	0.0030683906690067	7.945872688840425e-09	-0.0016837598546023	-0.0003659045650235	2.835047247970358e-06	1.338861507051099e-07	-0.0005023123099685	4.2545297717299984e-05	1.8101023578536915e-09	2.523176567458904e-07	0.0009645778468587	0.0004224365168452	1.7845261076430496e-07	9.304104226505656e-07	0.0	0.0	0.0	0.0	0.0	0.0	0.0	0.0	0.0
1054.232341943101	0.946047630655812	1111405.8307988353	0.8950061194694758	1527.129963390933	-4.989840352476449	24.898506743202294	2332125.925086392	1012.6729376120644	0.8863037967009859	0.7855344200465826	1025506.478571848	1150.3057245287978	1004.2451011988774	1.14795	22.434933	0.0564169720097447	0.0311403577879738	-0.0519087751	-0.1132508744	-0.0243512094	0.0985716541	-0.0821761385	0.1412011839	-0.0254014521	0.1015896089	0.0083113989	-0.0373411884	-0.0175135207	0.0637388157	0.1948825866	0.0326239577	-0.0106436447	0.1390997514	0.0878759983	-0.0233755581	-0.1169710122	-0.0069567221	0.0190815391	-0.0685044388	-0.0944815866	-0.0068709029	-0.1425831436	-0.1217828419	-0.1104688656	-0.0092263772	-0.0552284558	-0.0172538987	-0.0072626009	0.0412578712	-0.1205839944	0.1055583149	0.015488067	-0.0058527418	0.0919258265	0.1617151133	0.0132925881	0.136688358	-0.0725705232	-0.0468921539	-0.0116652882	-0.0104753661	-0.0756421067	0.1052611454	-0.008266025	-0.0483881748	-0.0623938386	-0.0394274401	0.1790631649	-0.0505837104	-0.034423806	0.1382193091	-0.1311574527	0.0183719364	0.0087599083	-0.0192657072	-0.0126591866	0.1012094445	-0.0540983551	0.0223935512	0.0536940526	0.1316538809	-0.1256028896	0.0449675714	-0.1065037935	-0.0235637088	0.0087871532	-0.0720836678	0.1094904143	0.1282583197	0.0476533551	0.0733263146	-0.0042627184	0.0435211203	0.0492865002	-0.1360404202	-0.0226228955	-0.0292026422	-0.1442426191	0.0	0.0	-0.0166814979155844	6.610536374299786e-06	4.369919115594056e-11	0.0002782723727076	-0.1077502439400035	0.0218614843406754	0.0004779244975775	0.0116101150691302	-0.035048851676656	0.0203442044676549	0.0012284220038522	0.0004138866554217	-0.0017867099663705	-0.0001029501117682	3.192332503927673e-06	1.059872551308488e-08	-0.0006308152258469	-0.0001285029158784	1.6512999389251142e-08	3.979278491602754e-07	0.0009119374212045	-5.26404256542e-05	2.771014413055357e-09	8.316298601931137e-07	0.0	0.0	0.0	0.0	0.0	0.0	0.0	0.0	0.0
1055.4397083927793	1.207366449678375	1113952.978052235	1.457733743808964	1531.5205850836091	4.390621692676177	19.27755884819862	2345555.3025348405	1011.9480294935596	-0.7249081185047999	0.525491780274169	1024038.814395898	1152.7112387606971	1011.8184004112107	1.067122	20.855265	0.0353573261972673	0.0175687783838567	0.0072423769	-0.0221381398	0.0676852131	0.0375912017	0.1051594209	-0.0390635095	-0.1328078445	-0.0459747419	0.0065737309	-0.0280098074	-0.0466329024	-0.0882604494	-0.0822540937	0.0022317177	-0.0237392189	-0.0656961076	-0.0480984448	0.0451402369	-0.0120093408	0.0247611226	0.1680497651	-0.171751951	0.0860948289	0.0142704818	0.0864275919	-0.0407228343	-0.1185864811	-0.0217624551	0.0325959674	0.0579986358	0.0434033235	-0.1300503767	0.1236889487	-0.027348431	-0.096279097	-0.054452529	0.1089291162	-0.083581335	0.0488944569	-0.0158854945	0.0142215721	0.0415485403	0.0362709	-0.0533030443	0.2271940644	-0.0275186088	0.0110963294	0.007309664	-0.0225475907	0.0550307459	0.0325186763	0.0835435873	0.1516054653	-0.0643460951	0.0944659944	0.0035541406	0.0502591697	-0.0019568379	0.1158527066	-0.0549516113	0.0479430735	0.0573946281	0.1727923583	0.0127343364	-0.1487694108	0.0067903113	0.0917875315	0.1136198154	0.0643942251	0.0898095782	0.0071978446	0.0018107444	0.0024605988	0.012936753	0.0311865186	-0.0243205087	0.1487140098	-0.0200750146	-0.0330807601	-0.0349509803	-0.1394912634	0.0	0.0	-0.0129989536450523	0.003682544270532	1.3561132304428792e-05	0.0001689727958662	-0.0956884956454473	0.0120617482945561	0.0001454857719212	0.0091562881988887	-0.029433021771922	0.005615829904734	0.0008663027706264	3.1537545518904714e-05	-0.0018052516568913	-1.85416905208e-05	3.258933544708784e-06	3.437942873691246e-10	-0.00069914943101	-6.833420516310002e-05	4.669563595272646e-09	4.888099268816067e-07	0.0007188692423395	-0.0001930681788649	3.7275321690247626e-08	5.167729875817668e-07	0.0	0.0	0.0	0.0	0.0	0.0	0.0	0.0	0.0
1055.6967218478842	0.257013455104925	1114495.568520369	0.0660559161049713	1538.1098686932344	6.589283609625227	43.41865848807566	2365781.9681715188	1013.9334002099496	1.98537071638998	3.9416968814988618	1028060.9400613098	1153.0157313765142	1015.8520524139706	1.064962	20.813051	0.0630412808970121	0.0318276324882881	0.1415663661	0.0727093584	0.0157893196	0.019767231	0.032372551	-0.1800665111	0.0104284911	-0.0035304155	0.0533406227	-0.0384981414	-0.0304985547	0.0750501884	-0.076602996	0.0065133294	-0.1251892077	-0.146836881	-0.0669588124	0.0325398635	0.1366439424	0.0742372964	-0.0792470453	0.0366870227	-0.0159533005	-0.0021105909	-0.1386070249	-0.2420609224	-0.139080965	0.0637102292	0.0706523641	-0.0445683868	-0.1719290176	0.0135765379	-0.1060687565	-0.0117025714	-0.0404840799	-0.0322169539	-0.0493769765	-0.1980932061	-0.04009029	-0.0555678337	-0.0113153919	-0.0387008195	0.0034426487	0.0386761817	-0.0615269051	0.1265331641	-0.043103727	0.0074321626	-0.0072306188	-0.0107513041	0.1160467289	-0.0655004284	0.0742446604	0.1744075906	-0.0243472436	0.0045674713	-0.0158201273	0.0645703182	0.0511621233	-0.1011887424	0.0956510079	0.0491284358	0.0488164029	0.0126148734	-0.0022184129	0.1521541655	-0.0633090194	0.1122988248	0.1517058798	-0.0136156494	0.0765448042	0.0046962217	0.0673195682	0.0561695096	0.1732939063	0.1033176457	-0.0205096227	-0.0946240857	-0.0973636732	-0.0406492515	-0.1339409145	0.0	0.0	-0.0167418230818157	-0.0037428694367633	1.4009071620657565e-05	0.0002802886401028	-0.0971778955885724	-0.001489399943125	2.218312190581034e-06	0.0094435433910234	-0.0542710524522007	-0.0248380306802787	0.0029453471342695	0.0006169277680744	-0.0019654054950798	-0.0001601538381885	3.8628187600898735e-06	2.5649251886508263e-08	-0.0003310775245251	0.0003680719064849	1.3547692834342897e-07	1.096123272456682e-07	0.000587675370276	-0.0001311938720635	1.7211832067014012e-08	3.4536234082903374e-07	0.0	0.0	0.0	0.0	0.0	0.0	0.0	0.0	0.0
1054.839615247309	-0.8571066005752073	1112686.6138950908	0.7346317247495879	1536.2682582310267	-1.8416104622076543	3.3915290945126912	2360120.1612481927	1013.1813017155024	-0.752098494447182	0.5656521453497179	1026536.35014592	1150.6356905217756	998.7924387177536	1.042867	20.381235	0.0722568510527918	0.0439576264024129	0.1125546907	0.1220473278	-0.0771648966	-0.0585596381	0.0045250313	-0.0416216851	0.1948260928	0.0056161196	0.0205968722	0.0650359075	0.004744173	-0.0349907925	0.0672819861	-0.0934770334	0.0779343428	0.0241557981	0.0424909181	0.1107261603	-0.0726388222	-0.0931719879	-0.0145451731	0.0216917182	-0.0612070899	-0.1192421972	0.0725767501	-0.0744800797	-0.0415327116	0.0332486469	-0.0412412588	0.1104420118	0.2755112276	0.1085630277	-0.0011601756	-0.0174811379	0.0272354926	0.0902307652	-0.1520976358	0.0330471837	-0.0556277605	0.066624662	0.0504167394	0.0374211048	0.0347677009	-0.0586061861	0.1221060705	-0.0926735495	0.0191590276	-0.0708152657	-0.0556868539	-0.0433539646	0.1277986427	0.0828934059	-0.0970741753	0.0142300363	-0.0023408391	-0.0381939543	-0.0529074994	0.0540762878	-0.0656693743	-0.1770246721	-0.1053410758	-0.0903094642	0.0422506624	0.1468096712	-0.0184407564	0.1074070993	0.0577046033	-0.0285938623	-0.0653158031	-0.0526418697	0.1105414053	0.0346156535	0.0726202295	-0.0022158432	-0.0092414815	-0.0301413491	0.1224931368	0.0018776784	-0.0952531524	-0.0462892931	-0.1276233641	0.0	0.0	-0.0001573550956379	0.0165844679861778	0.0002750445783845	2.476062612321265e-08	-0.0971631970114117	1.4698577160701665e-05	2.1604817054910062e-10	0.0094406868534784	-0.0164240590750424	0.0378469933771583	0.0002697497165004	0.0014323949076906	-0.0021588558324345	-0.0001934503373547	4.660658505236458e-06	3.742303302264728e-08	-0.0004931340381786	-0.0001620565136535	2.6262313617527045e-08	2.4318117961033295e-07	0.0005869683990383	-7.069712377000227e-07	4.99808330935102e-13	3.44531901469585e-07	0.0	0.0	0.0	0.0	0.0	0.0	0.0	0.0	0.0
1054.477655809527	-0.3619594377819339	1111923.1266015554	0.1310146345994137	1522.38251724619	-13.88574098483673	192.81380269797447	2317648.5288168457	1011.2702881145254	-1.9110136009769576	3.6519729831189194	1022667.5956232352	1148.6945468835663	1000.9058972712336	1.244054	24.313128	0.0495931029459457	0.0245689688092472	-0.0653823097	-0.0980958768	-0.1809502173	0.0179057601	-0.0266935513	0.18377945	0.0256844765	-0.0463019615	-0.0461443742	-0.0201097661	-0.0413575381	0.1531745201	0.073111215	-0.0325343169	0.0696824039	0.1205115337	-0.0749481932	0.0484475582	-0.0621939063	-0.1077664615	-0.1207180902	-0.001839122	0.1019349537	0.052926424	-0.0183132291	0.1124840273	0.1360094645	0.3414086049	0.119926613	0.0176023439	0.0661199221	0.1540119326	-0.0102674654	-0.0346884204	0.0437022396	0.0864198161	-0.0171238117	0.130400526	0.0897632092	-0.0371968532	0.0396870195	0.0261350391	0.0475520593	0.0922565187	-0.1692140643	0.0068808885	-0.0172900472	-0.0858380078	0.0427078964	0.1373095835	0.0997482805	0.2211733527	0.0905658484	-0.0221032081	0.0924704987	-0.0458365481	0.0477901949	-0.0070347643	0.0035868212	0.0810569025	-0.1235726136	-0.093378737	0.1771356971	0.0428060384	-0.0640263672	0.0303346086	-0.1671121732	0.1772049256	-0.0002871437	-0.0573823743	0.0352695771	-0.0118176611	0.0991033907	-0.2180379805	0.0413047043	-0.0077835772	0.1106380452	-0.1336353387	0.2144798558	-0.0518630257	-0.1205747987	0.0	0.0	-0.0114133284561148	-0.0112559733604769	0.0001266969362917	0.0001302640664471	-0.0971215272565046	4.166975490710323e-05	1.7363684740180535e-09	0.0094325910566359	-0.0101518673401557	0.0062721917348867	0.0001030604104921	3.934038915918103e-05	-0.0025237734226405	-0.0003649175902059	6.369432288826543e-06	1.3316484764175397e-07	-0.0006189302626571	-0.0001257962244784	1.5824690093045158e-08	3.830746700327868e-07	0.0007367199462673	0.000149751547229	2.2425525897479423e-08	5.427562792280934e-07	0.0	0.0	0.0	0.0	0.0	0.0	0.0	0.0	0.0
1056.2334559177343	1.7558001082072678	1115629.1133999203	3.0828340199806537	1533.8217701277708	11.439252881580842	130.8565064887556	2352609.222517888	1011.9477511904	0.6774630758745843	0.4589562191734528	1024038.2511393076	1152.4696869766503	1026.8748541837613	1.119786	21.884493	0.0628501970944148	0.0350378523038306	0.0310418511	-0.0504892172	0.0349066439	0.1244403335	0.1004872054	-0.0897478425	-0.144580836	-0.0035349184	0.0701332877	-0.2062319387	-0.0072565412	-0.0404815641	-0.0568286523	-0.0294645039	-0.0144159422	-0.0682599988	-0.1073511182	0.0383643084	0.073922324	0.0630244995	-0.0016943448	-0.0216285175	0.1243065446	0.091473739	0.1754205954	0.1872988112	-0.0483588268	-0.0557603462	0.1542782749	0.0491649114	0.0090343877	-0.0453357296	0.0347704955	-0.0836966396	0.140824984	-0.0207965586	0.121680611	-0.166579128	0.0582128832	-0.1090097336	-0.0269242621	-0.027433631	0.0697076832	-0.0325678111	0.0730336739	0.0137107019	0.0135543463	0.0011306111	-0.0296137421	0.1191620578	-0.0797753424	0.0772430956	0.0459084793	-0.0791397749	-0.0041446265	-0.0575768732	0.0760549653	-0.0645602426	0.1139500549	-0.0790967	0.0514540594	0.0840934145	0.2190728842	0.0407740891	-0.1144872144	0.0276160483	0.0804192615	0.0569845147	0.0135424546	0.1292096872	0.0286421147	-0.0690367394	0.026644153	-0.0073464038	0.0246357855	0.0381601332	0.1205631356	0.1344628513	-0.0558999108	-0.057362465	-0.1128355917	0.0	0.0	-2.5274692063703696e-06	0.0114108009869084	0.0001302063791628	6.388100589150466e-12	-0.0972462862929859	-0.0001247590364813	1.5564817183743878e-08	0.0094568401977773	0.0212544701815744	0.03140633752173	0.0004517525026994	0.0009863580365288	-0.0023008129146933	0.0002229605079471	5.293740068419479e-06	4.971138810407336e-08	-0.0006441758291362	-2.5245566479099976e-05	6.373386268506563e-10	4.149624988433108e-07	0.0005867600297077	-0.0001499599165596	2.2487976574562196e-08	3.442873324625811e-07	0.0	0.0	0.0	0.0	0.0	0.0	0.0	0.0	0.0
1054.4168619677148	-1.816593950019524	1111794.918801843	3.300013579247536	1538.3817478424223	4.559977714651495	20.793396758118277	2366618.4020947064	1013.4618037132244	1.514052522824386	2.292355041870888	1027104.8275856622	1151.6461322851349	1008.1669870636168	1.184824	23.155561	0.0770592852553719	0.0457985797103738	0.0892447445	0.1082844355	-0.0472243795	-0.0508011209	-0.0204750289	-0.1321474247	0.1755492028	-0.0285491386	0.0880171472	-0.1033897275	0.1069343429	-0.0599590113	-0.0344338651	-0.0360560968	-0.1025059793	-0.0266717624	-0.072639695	0.0731603297	0.2598970125	-0.0152698297	0.0604359358	0.0473092473	0.0696008705	0.1199566852	-0.1442243174	-0.1057192029	0.170984734	0.0476060387	0.0526380064	-0.035640045	0.1747933219	-0.1466847246	0.0771622423	-0.1259875993	-0.0539594297	0.06606203	-0.1500658175	-0.0663553235	-0.0662139696	-0.1396248125	0.0709305698	-0.0611057533	-0.1767210151	-0.1231461651	0.078987692	0.1597718809	0.0417047491	0.077352685	0.0212856943	-0.0709685265	-0.0554816212	0.1428481301	0.1521629514	-0.0274322959	0.0209124895	-0.0718452633	-0.0130829555	-0.0369788856	-0.0330611706	-0.0638881254	0.0537204351	-0.1070068988	0.0514328446	0.0900738371	-0.0065025417	0.2168977777	0.2044195939	-0.0315595477	0.058256517	0.054287253	0.1208720845	-0.084189763	0.023431072	0.0633275319	0.0042929233	0.0259432971	0.1721514317	-0.0236268133	0.1339539189	-0.0627797331	-0.1044500727	0.0	0.0	-0.0169060505837137	-0.0169035231145073	0.0002857290936826	0.000285814546339	-0.1373935760856568	-0.0401472897926709	0.0016118048776966	0.0188769947496051	0.0170964745855357	-0.0041579955960386	0.0002922894432538	1.7288927376677212e-05	-0.0025238420155429	-0.0002230291008495	6.369778519419647e-06	4.9741979825781036e-08	-0.0005502416408265	9.393418830970004e-05	8.823631733402185e-09	3.02765863299439e-07	0.0005868062755915	4.62458837999398e-08	2.138681768437534e-15	3.443416050735675e-07	0.0	0.0	0.0	0.0	0.0	0.0	0.0	0.0	0.0
1053.6834313167587	-0.733430650956052	1110248.7734314587	0.5379205197618181	1530.560723365821	-7.821024476601224	61.16842386359545	2342616.127910105	1011.1770661329496	-2.28473758027485	5.220025810720178	1022479.0590732394	1149.1965693089	990.93984509643	1.138827	22.256622	0.056715423005178	0.0332722160954623	-0.0623648713	0.0724385139	-0.1048053063	0.0208748765	-0.0589009166	0.0861306555	0.0131460665	0.106333125	0.0832733588	0.0365167117	0.0036725037	0.0797251348	-0.0130186394	-0.0961965467	0.0842806862	-0.0465418127	-0.0704132958	-0.0635799623	-0.1786875044	-0.0151051665	-0.108476539	0.0195766841	-0.0371187547	0.0362464196	-0.1411318017	-0.021436845	-0.0548282799	-0.0036582078	0.0970121368	-0.1562139584	-0.0004976952	-0.0739820951	0.1201783396	0.1169513522	-0.1041120493	0.1041176343	0.0245450197	0.0836013699	-0.0734236911	-0.0324033263	0.0726494894	0.0664113366	0.0735000399	0.218720981	-0.1605537003	0.0480509415	0.0071704417	0.026794773	0.0105191449	-0.0124767437	-0.1216247721	0.0030705235	0.1350365188	0.2022441225	0.2584961772	-0.0819662214	-0.0391624281	0.0203918234	-0.0761699429	0.0085557737	-0.0983139465	-0.0383280405	0.0099867589	-0.0663514346	-0.0233201104	0.104142513	-0.1122407031	0.2334293568	-0.0387308287	-0.1940975215	0.0676840082	-0.0084310235	-0.0058990656	0.0179503271	-0.0070363669	-0.0292569837	0.1091303575	-0.0267452511	0.2039838901	-0.0681070699	-0.0954662731	0.0	0.0	-0.0167806406854964	0.0001254098982173	1.5727642570874192e-08	0.0002815899018157	-0.1372049069744605	0.0001886691111963	3.5596033519603544e-08	0.0188251864978703	-0.0067769289026387	-0.0238734034881743	4.592676535141977e-05	0.0005699393941091	-0.0028297425965872	-0.0003059005810442	8.007443162940069e-06	9.357516548324032e-08	-0.0008938307361581	-0.0003435890953316	1.1805346643078737e-07	7.989333849009311e-07	0.0005857371418156	-1.0691337758999978e-06	1.143047030770187e-12	3.4308799930230826e-07	0.0	0.0	0.0	0.0	0.0	0.0	0.0	0.0	0.0
1054.5514580001673	0.868026683408516	1112078.7775702786	0.753470323109188	1533.525817570428	2.965094204606885	8.791783642193336	2351701.4331550496	1011.7399973813488	0.5629312483991953	0.3168915904242765	1023617.8223012117	1151.9288485008374	1020.0360896545048	1.293877	25.286837	0.1491274841927105	0.0772208810529725	-0.04562332	0.0259576001	0.1124522667	0.1527479449	0.1250136404	0.0199932179	-0.1000653608	0.062845415	0.1661449522	0.0842905005	0.0363295405	0.034863407	0.1336529546	-0.1296145671	0.0783395574	-0.3170530931	0.0477343447	0.0020388102	-0.0816928155	0.0643438932	-0.023058459	-0.2002045003	0.0321734647	-0.0747581497	-0.1135725819	0.1954242696	-0.1484399115	-0.0882453076	0.2262796592	0.0666950528	0.0124843646	-0.013720778	0.0208252499	-0.0357095165	0.0658299952	0.0865368851	0.1354132587	-0.12984522	-0.0614729046	0.191141299	0.0403909934	0.0079204291	0.2161482849	0.0433693338	0.0194573474	0.0051096258	0.1008508422	-0.0452609677	-0.1447232353	-0.0365806207	0.0669908331	-0.0196105795	0.009663942	0.0430432564	0.0486782634	-0.0947746849	-0.0049511002	-0.0380703478	0.0596313921	-0.169498902	-0.0415165589	0.1455638105	0.0612646904	0.0182189708	-0.1000851377	-0.0805191206	-0.1049276934	0.0641799367	-0.1487003311	-0.0330973657	0.0029079201	-0.0256397889	0.0734421713	-0.1294059062	-0.0214954908	-0.0221959378	0.083653196	0.1323289454	-0.1870959926	-0.0733368439	-0.0859356514	0.0	0.0	-0.0168408651726252	-6.0224487128800186e-05	3.626988849927019e-09	0.0002836147397625	-0.1124921500698548	0.0247127569046057	0.0006107203538261	0.0126544838273387	0.0536648963540073	0.060441825256646	0.0028799211006863	0.0036532142403549	-0.0021058346149097	0.0007239079816774	4.434539425351884e-06	5.240427659363915e-07	-0.0004697545020706	0.0004240762340875	1.7984065231783613e-07	2.2066929221559734e-07	0.0007160064769372	0.0001302693351215	1.6970099673023724e-08	5.12665275016021e-07	0.0	0.0	0.0	0.0	0.0	0.0	0.0	0.0	0.0
1053.607934602955	-0.943523397212175	1110089.6798583048	0.8902364010868038	1527.475540837631	-6.050276732797101	36.60584854342597	2333181.527857213	1012.0474094507008	0.3074120693520399	0.0945021803833034	1024239.9589758744	1148.9490070343018	991.5062316277558	1.229134	24.021534	0.0422853464866561	0.032409776053186	-0.0279520932	0.114221632	-0.1162951997	-0.0786539154	-0.0242185225	0.0580310896	0.1870300973	-0.104136909	0.1197562037	-0.045520461	0.0341430755	-0.148819261	-0.021439668	-0.1345143487	0.0644968452	0.0191123962	-0.0088475109	-0.0177601534	-0.0847371952	0.0395116193	-0.0486927227	0.0501898331	-0.0406926425	0.0079689178	0.187933588	-0.1228971877	-0.0365312876	-0.2224637779	0.2750893979	-0.0588300741	-0.0434450689	0.1188595638	0.0513301327	-0.1546902716	-0.0911691328	0.1706865976	-0.0950887866	0.0363996449	0.0250942463	0.0022588865	0.0342086959	-0.0411122023	0.0884222074	-0.0773513472	0.1963321417	0.0511495102	0.0807361366	0.0980511683	-0.0498116652	0.0690391538	0.0038200778	-0.0933101185	-0.1285106444	-0.0438319116	-0.0063815983	-0.1181372072	0.0076230638	-0.0375952557	-0.0469304616	-0.1168938354	-0.0894731743	-0.1245614265	0.0917584585	0.1292456494	-0.0056751891	0.027409977	0.0146030084	-0.0460930006	-0.1028489819	0.0935384958	-0.0422596683	-0.0282921378	0.0057385977	-0.0219168877	-0.0201336863	0.0133326303	0.0619355429	-0.0232697527	-0.190754695	-0.0784615636	-0.075912798	0.0	0.0	-0.0168899564422559	-4.909126963070082e-05	2.4099527539541686e-09	0.0002852706286213	-0.1125583470288518	-6.61969589969974e-05	4.3820373804501565e-09	0.0126693814858674	0.0542442877025308	0.0005793913485235	0.0029424427483549	3.3569433474388017e-07	-0.0027243428512482	-0.0006185082363384	7.422043971147171e-06	3.8255243841856165e-07	-0.0005538002231872	-8.404572111659996e-05	7.063683238009296e-09	3.066946872021925e-07	0.0005867470962022	-0.0001292593807349	1.6707987507995664e-08	3.442721549017138e-07	0.0	0.0	0.0	0.0	0.0	0.0	0.0	0.0	0.0
1054.157108622154	0.549174019198972	1111247.20965862	0.3015921033631529	1523.6948986335342	-3.7806422040966936	14.293255475397103	2321646.144121856	1012.6063952836834	0.5589858329825574	0.3124651614752036	1025371.7117694152	1148.6563082912512	992.7090628057778	1.083649	21.178259	0.0354012381411688	0.0171606855552079	-0.1217172339	-0.0170395502	-0.1943848714	0.1072966583	-0.0481495263	0.2245071799	-0.0340130888	-0.0695346752	0.0852543731	0.0114236327	-0.1342625889	0.035781136	-0.1446987556	-0.1647258309	0.1297944184	0.1067789027	-0.0916859491	0.1171832334	-0.0684053244	-0.044748299	-0.0529199303	0.023283311	-0.1184781071	-0.0687440806	-0.0728258357	0.0843116058	0.0197412006	0.083565667	0.1377512585	0.101208497	-0.0638516493	0.1064475125	0.1709500934	0.0420735189	-0.0471815002	0.2082534032	0.04760185	0.1296108679	0.0664253455	-0.0193749047	0.0390675347	-0.0213840472	0.0121931465	0.0954841034	-0.1189520593	-0.0671648196	0.0228614105	0.0380051581	-0.1628413899	0.0023996276	0.0665782421	0.1330834369	-0.0078998872	-0.0124111689	-0.0859041282	-0.1274616458	0.0953384739	-0.0601993728	-0.0427443542	0.0569609285	-0.172800819	-0.0329971401	0.2068153371	-0.0339260095	-0.0576827485	0.0493936231	-0.2068424305	0.0010836123	-0.0154858964	0.1598290408	-0.0116155398	-0.1368226875	-0.0132572222	-0.0718478689	0.0252572642	-0.0416666459	0.0478117163	-0.0642773593	-0.124022195	-0.0834738879	-0.065455123	0.0	0.0	-0.0166446744736532	0.0002452819686026	6.016324412161493e-08	0.0002770451883338	-0.1125294390800633	2.890794878850078e-05	8.356695031585837e-10	0.0126628746596736	0.0632650008287285	0.0090207131261977	0.004002460329859	8.137326530515557e-05	-0.0025322328124345	0.0001921100388136	6.4122030163699375e-06	3.690626701300123e-08	-0.0007109625538965	-0.0001571623307093	2.4699998193979408e-08	5.054677530430337e-07	0.0007596014286308	0.0001728543324285	2.9878620239336925e-08	5.769943303779523e-07	0.0	0.0	0.0	0.0	0.0	0.0	0.0	0.0	0.0
1056.0756512323153	1.9185426101612395	1115295.7811257588	3.680805747004301	1540.3094587654905	16.614560131956296	276.0436083783916	2372553.228762438	1012.2526275134476	-0.3537677702357769	0.1251516352575934	1024655.3819078784	1153.627448834871	1032.1989126186634	1.322066	25.837761	0.1944440547575698	0.1130307291016112	0.082403236	0.1041066772	0.0865975498	0.1630179429	0.0331511487	-0.1453990574	-0.1187744677	0.0933731123	0.1822717804	-0.0535454294	-0.0432851663	-0.061885072	-0.0053887361	-0.1089299237	0.015382828	-0.073267818	0.1449179128	0.0211767911	0.0712863152	0.1663975099	-0.1844796178	-0.2509047864	0.0986863865	0.068676866	0.0230484349	0.1378512754	-0.1135132762	-0.0915915044	-0.0440022582	0.0849048161	-0.0576427879	0.0695671505	-0.1124306026	-0.2112900277	-0.0257280999	0.0279230514	0.1121738674	-0.190496988	-0.1444233576	-0.1137246543	-0.1244420529	-0.0011896278	0.1564610386	0.0513793442	0.0704367628	-0.0350316685	0.2104190696	-0.2245850992	-0.0124359284	0.09820585	0.043946238	0.037983491	-0.2085600849	-0.0277377459	-0.0600330424	-0.1161370329	-0.121120928	0.2223961983	0.0106627005	-0.0627398026	0.1148737338	0.1423430635	-0.0712770457	-0.0430362381	-0.0359141077	-0.0769998725	0.1327741481	0.1080551	-0.3189933702	-0.2199323558	-0.0476806842	-0.2988644403	0.3225861926	-0.2896371408	-0.0740014851	0.1671218924	-0.2333641611	-0.0091912398	-0.1227021944	-0.0883666366	-0.054622527	0.0	0.0	-0.0168749650228789	-0.0002302905492256	5.303373706267328e-08	0.0002847644445233	-0.1793876555617402	-0.0668582164816768	0.0044700211111107	0.0321799309679375	-0.0246063798874587	-0.0878713807161872	0.0006054739311659	0.0077213795489691	-0.0031213020773488	-0.0005890692649142	9.742526658061934e-06	3.4700259886667365e-07	-0.0006519659628876	5.899659100890009e-05	3.480597750671431e-09	4.250596167639554e-07	0.0006179839443444	-0.0001416174842863	2.0055511855608743e-08	3.819041554674625e-07	0.0	0.0	0.0	0.0	0.0	0.0	0.0	0.0	0.0
1055.3697848085412	-0.7058664237740686	1113805.3826868266	0.498247408211593	1522.4980064354506	-17.811452330039856	317.2478341052822	2318000.1795999217	1015.353134262478	3.1005067490303877	9.61314210078298	1030941.9872566377	1149.1458691714104	987.4940675137312	1.414218	27.638731	0.0898561169567582	0.0500633405159729	-0.0681749487	0.0305461864	-0.1949046704	-0.0212337621	0.0195190687	0.1857759625	0.0836740752	-0.1500104016	0.1293595637	-0.0554391693	-0.0776423247	0.0434480448	0.0597107548	-0.1126749686	-0.101294285	0.0789594945	-0.0970568386	0.0287604264	-0.1569624539	0.0357562831	-0.056880349	0.1407954692	0.1589602837	-0.0287245077	-0.0985636238	0.1021418077	0.0516189818	0.2208251585	-0.0929157079	-0.0888499092	0.0510637635	-0.0287521897	0.1539524786	0.0442440176	-0.1465626114	0.1833611579	-0.0083260424	0.0896046151	0.1792960638	0.0063812872	-0.0752897544	-0.066692768	0.1546776529	-0.0789693223	-0.0934209807	0.0844796949	-0.1459962757	-0.0528744956	-0.0498221992	0.0318495552	-0.2402193617	0.1404784757	0.1932348437	0.1257283729	0.0243819356	-0.1198942877	0.0586603776	0.05658034	0.0840945173	0.1057545389	0.0133842403	-0.2063178239	0.2058213969	-0.0198894136	-0.0253551105	-0.0290120173	-0.1187262337	-0.0179938029	-0.1291052132	-0.055177379	-0.0590354657	0.0858763809	-0.1534501387	-0.2225931539	0.0094362219	-0.1063091892	-0.1756876943	0.1954475353	0.2074888148	-0.093132801	-0.0434770581	0.0	0.0	-0.0168869081949196	-1.19431720407015e-05	1.4263935839379403e-10	0.0002851676683836	-0.1570503891307026	0.0223372664310375	0.0004989534716111	0.0246648247261051	0.0160939736969112	0.0407003535843699	0.0002590159893568	0.0016565187818927	-0.0028043730089118	0.000316929068437	7.864507973113022e-06	1.0044403442034469e-07	-0.0004378603528454	0.0002141056100421	4.5841212251542595e-08	1.9172168859389824e-07	0.0006128875474374	-5.096396907000003e-06	2.59732614336792e-11	3.756311458038312e-07	0.0	0.0	0.0	0.0	0.0	0.0	0.0	0.0	0.0
1057.1875134617078	1.8177286531665688	1117645.4386193487	3.3041374565427475	1543.087703610876	20.589697175425272	423.9356297757154	2381119.6610350865	1015.3131262178445	-0.0400080446335096	0.0016006436353968	1030860.7442702524	1154.634425414236	1029.552250547992	1.294242	25.293978	0.0598382149979823	0.0309139625779492	0.0523682499	0.0428103932	0.039473368	0.2329175162	0.0391243195	-0.075940244	-0.0936917613	0.1022595129	0.1818384082	-0.1142707157	-0.0526472933	-0.0017074661	-0.0801144134	-0.1446480863	-0.1052629326	0.0036186783	0.0623363793	0.0976388166	0.1294139379	0.0914603822	0.0921282312	-0.0255674293	-0.0677777019	0.0914709666	-0.1138060131	0.1099825712	0.0494869567	-0.0062114978	-0.2260093849	-0.1260731506	0.2712313872	-0.0707741634	0.0835141013	0.0714212311	-0.0796680516	0.063961348	0.1473699614	-0.0878424701	-0.0648746859	-0.1021593477	-0.1206921995	0.0216501505	0.0143590048	-0.1797514601	0.1821286656	-0.0387249891	-0.058981631	0.0698395705	-0.0584868002	-0.0516386855	-0.0999775879	0.1877840689	0.0789669314	-0.0204017057	-0.1872842898	-0.1331083053	0.0486889967	0.0473170944	0.0617145973	-0.0093240007	0.107290386	0.0806683417	0.143995352	-0.1651321765	-0.2110623267	0.0458349539	0.1949771186	-0.1490611656	-0.0638637072	0.0338149717	-0.0231479521	-0.1517250646	-0.1013931161	0.0311784749	0.0087560538	-0.0376593698	0.0708415078	0.1359910531	0.1843360762	-0.0977655536	-0.0320825565	0.0	0.0	-0.0167619956457798	0.0001249125491398	1.5603144932603184e-08	0.0002809644980291	-0.1715751377810193	-0.0145247486503166	0.0002109683233548	0.0294380279045757	0.0102341782147803	-0.0058597954821309	0.0001047384037318	3.4337203092401715e-05	-0.0032057865675064	-0.0004014135585946	1.0277067516404465e-05	1.611328450235804e-07	-0.0007709006291021	-0.0003330402762566	1.1091582560913904e-07	5.942877799500135e-07	0.0005607662159608	-5.212133147659999e-05	2.7166331948936132e-09	3.144587489629946e-07	0.0	0.0	0.0	0.0	0.0	0.0	0.0	0.0	0.0
1052.5768460136037	-4.610667448104096	1107918.0167639456	21.25825431700673	1535.8626032486338	-7.225100362242074	52.20207524447055	2358873.9360576705	1012.2254665830376	-3.087659634806869	9.533642020415686	1024600.395199248	1152.4076369436164	1000.1120679054036	1.221115	23.86483	0.0731986340650899	0.039159427996211	-0.0215446775	0.1990822141	0.0446970667	0.0136647676	0.0552153515	-0.1103081533	0.0344936321	-0.0372775019	0.1709150287	0.0731211678	0.1091907599	0.1345748958	-0.2384706225	-0.2012437836	-0.0406181931	-0.1889418438	0.0095849801	0.0227029636	0.1080467992	-0.0699278043	-0.0574493504	0.2747011213	-0.0580110668	0.0537197729	-0.122786203	0.0647106228	0.1417230699	-0.0510512487	-0.0457042075	-0.0007290136	-0.0400572623	-0.1440641597	-0.2121898838	0.068845763	0.0427975246	0.1278796456	0.0156412164	-0.1881865711	-0.2273367915	-0.0864139893	0.1212623955	0.1180386786	-0.0596976502	0.0004402866	-0.1610397921	0.1148348948	-0.0326289304	0.0497954909	0.0228412584	-0.0400555443	-0.1756066914	0.0559276734	-0.0487941891	-0.1368747117	-0.1300380031	-0.1530767988	-0.0476967753	-0.036400276	-0.0169963014	-0.1463951271	0.0320260066	0.09765771	0.0267306175	-0.1104266878	0.0181283802	0.1759075983	-0.0521730795	-0.0294065783	0.1502191925	-0.1641348723	0.050399516	-0.2201114659	-0.0398178653	0.168205322	0.2049763679	0.0450745796	-0.1261245126	-0.0041545297	-0.0084856486	-0.1022582579	-0.020504289	0.0	0.0	-0.0168597693607068	-9.777371492700192e-05	9.559699330626641e-09	0.0002842518228962	-0.1650698544981281	0.0065052832828911	4.231871059066349e-05	0.0272480568640331	0.0410650620604471	0.0308308838456667	0.0016863393220283	0.0009505433987049	-0.0027377694177298	0.0004680171497765	7.495381384656569e-06	2.1904005248501227e-07	-0.0006599554867028	0.0001109451423993	1.2308824622000961e-08	4.3554124442912966e-07	0.000697097788217	0.0001363315722561	1.8586297593847468e-08	4.859453263370333e-07	0.0	0.0	0.0	0.0	0.0	0.0	0.0	0.0	0.0
1050.2379807873483	-2.3388652262553933	1102999.8162882866	5.470290546586692	1532.0939681330335	-3.7686351156003184	14.202610634535825	2347311.927189625	1011.2718047023656	-0.9536618806720298	0.9094709826469128	1022670.6629859792	1150.1385591406572	991.84743805985	1.081135	21.129131	0.0870000426336666	0.05378191795628	-0.1363661364	0.2336177709	0.0510393023	-0.0560435174	0.0329600541	-0.0124508448	0.0567527978	-0.1061934277	0.1570943511	0.1724351836	0.046629121	-0.0046226657	0.0610706879	-0.1931586769	0.0965855298	-0.1012271986	-0.0173954432	-0.008772335	0.1760069296	-0.100991555	0.0188847916	-0.0102698769	0.1255273216	-0.1749624545	-0.0892594012	-0.0343624907	0.0944395943	0.0967323064	0.0674754014	0.153412056	-0.0768565833	0.0463802715	0.0229620583	0.2536783601	0.302309939	0.1943485463	-0.0116765932	-0.0829789542	-0.0583744141	0.1110371467	0.1335808601	-0.0842302608	-0.179799599	0.0097567193	-0.0170869108	-0.0073792944	0.1074067867	-0.0904601216	-0.0364150376	-0.078437628	0.1299336086	0.0209867143	0.0958841082	-0.026356991	-0.0702945712	-0.1891898695	-0.0611647099	-0.0830485874	-0.0771449436	-0.1315484986	-0.0148694255	0.0143117111	-0.113396367	0.0967622446	0.0802969646	0.0507485159	-0.1281046532	-0.0816326354	0.0010121649	0.0411594237	-0.0247739441	-0.1058927162	0.0146546701	0.0470605349	0.0532170122	-0.0477953284	-0.0946918678	0.0840590699	0.0693032043	-0.1066044782	-0.0088085747	0.0	0.0	-0.016702845903552	0.0001569234571547	2.4624971405414322e-08	0.0002789850612778	-0.1668880486748207	-0.0018181941766926	3.305830064158882e-06	0.0278516207904893	0.0868830491769614	0.0458179871165142	0.0075486642342862	0.002099287943409	-0.0031068926537915	-0.0003691232360617	9.65278196218359e-06	1.3625196340066148e-07	-0.0004597505914869	0.0002002048952158	4.008200006840947e-08	2.1137060637255447e-07	0.0004822871618285	-0.0002148106263884	4.6143605209419714e-08	2.3260090646458975e-07	0.0	0.0	0.0	0.0	0.0	0.0	0.0	0.0	0.0
1049.2244413100343	-1.0135394773139978	1100871.9282423535	1.027262272073932	1518.6683238363032	-13.425644296730296	180.24792478232675	2306353.477823767	1010.2823692160972	-0.9894354862683484	0.9789825814870832	1020670.4655488904	1147.6379525368675	976.3474242682524	1.085825	21.220795	0.0508045063527847	0.0343784282008251	-0.2480639597	0.1521522951	-0.1087166486	-0.0914510472	-0.0216473027	0.1956764785	0.0750999836	-0.0998200824	0.1463155295	0.079187611	0.0588696697	-0.091445438	-0.0446050614	-0.2337042679	0.1689344016	0.0313136796	-0.0790464458	0.060782996	0.1210576533	-0.0431881921	-0.0491340803	-1.54118e-05	-0.0794702516	0.0966311814	0.2533235613	-0.1509637248	0.002339655	-0.0021458139	-0.1206453717	-0.130717715	-0.1800676114	0.2046942976	0.0245006044	-0.0638260198	0.1100640136	0.2570282603	-0.0036907478	0.0799437258	0.031765746	-0.0416042094	0.1460723392	0.0232176922	0.0161212651	0.1460918454	0.0981972517	-0.0610633331	0.0111100899	0.1025943667	0.0807335533	0.0548089527	-0.0232952842	-0.0964362481	-0.049373042	-0.009473456	-0.1946813673	-0.2200295711	0.0151321306	-0.1034191018	-0.0328993901	-0.0196581404	-0.035870595	-0.1683286474	-0.0207988025	0.0393816793	0.0540266296	-0.0905761456	0.0035409709	0.0654867952	-0.1059697963	-0.020133183	-0.1295046338	-0.0677752703	-0.2174333761	0.1257424395	0.0675971865	-0.0392777863	-0.1493648972	0.0328856062	-0.0304757817	-0.1107979887	0.0029375943	0.0	0.0	-0.0226160879477248	-0.0059132420441728	3.4966431472972914e-05	0.0005114874340592	-0.1664794209766569	0.0004086276981637	1.6697659570664508e-07	0.0277153976087229	0.0943948046531346	0.0075117554761732	0.0089103791455034	5.642647033381816e-05	-0.0037398852271168	-0.0006329925733252	1.3986741512006478e-05	4.00679597884985e-07	-0.0005468674731343	-8.711688164739998e-05	7.589351067967095e-09	2.990640331722944e-07	0.0004629789941157	-1.9308167712800027e-05	3.7280534042561343e-10	2.1434954899238535e-07	0.0	0.0	0.0	0.0	0.0	0.0	0.0	0.0	0.0
1050.496943830446	1.2725025204117628	1103543.8289971077	1.619262664454289	1519.0629921899051	0.3946683536019009	0.1557631093348351	2307552.374240948	1009.5194489168618	-0.7629202992353612	0.5820473829853731	1019129.5177414044	1148.6128071567468	982.1129828609188	1.070389	20.919104	0.0641733587509958	0.0340922199667285	-0.2897255107	0.0606725921	-0.0842988969	0.1043163798	-0.064223188	0.2280135422	-0.1312461105	-0.0690184228	0.1396507743	0.0657959147	-0.0719952569	-0.1494840071	-0.1020981896	-0.2273901346	0.1093987648	0.1790755896	-0.0391543602	-0.0547093931	0.0754702228	0.0053121069	-0.0723429124	-0.0962681166	-0.0542915966	0.0610655374	0.1584771846	0.1752475903	0.0095860085	-0.0033491181	-0.2041209734	0.0392855165	-0.1242459294	0.025488875	0.0670947876	0.0098401117	-0.192995941	0.2019519071	0.2097407224	0.0780197211	0.0512404138	-0.0991369729	-0.0251615162	-0.1090943638	-0.1530602319	0.0916949984	0.0190596169	-0.1262940482	0.0233065832	0.0483096089	0.0363259942	0.063567179	-0.0367664171	0.0148887253	-0.0308117626	0.034457476	-0.0423008153	-0.2342003286	0.0388711386	-0.1436117946	-0.0679280417	0.1970924205	0.0276463732	0.0162505617	-0.0776934606	0.0353530381	-0.0046156492	0.01221902	-0.1221797995	0.033814715	0.0806419624	0.1135337781	-0.0110745509	-0.0948503594	-0.0325379501	0.035621783	0.0723340294	0.005649138	-0.0256192714	-0.0405305905	0.0346110146	-0.1148327821	0.014666937	0.0	0.0	-0.0245186526766758	-0.0019025647289509	3.619752547848389e-06	0.0006011643290794	-0.1831144904281814	-0.0166350694515244	0.000276725535657	0.0335309166047725	0.1140630645183549	0.0196682598652203	0.0130103826873183	0.0003868404461258	-0.0041088904432509	-0.0003690052161341	1.6882980674638577e-05	1.3616484953417398e-07	-0.000464592656552	8.227481658230001e-05	6.7691454436511085e-09	2.1584633652204466e-07	0.0005310482555053	6.806926138959999e-05	4.6334243461256875e-09	2.820122496752224e-07	0.0	0.0	0.0	0.0	0.0	0.0	0.0	0.0	0.0
1052.407849376229	1.910905545782953	1107562.2814286996	3.651560004904044	1532.0683683949735	13.005376205068387	169.139810235359	2347233.4854364363	1011.6733801526824	2.1539312358205507	4.639419768643445	1023483.028109554	1151.7108016097754	989.2889719404412	1.093081	21.362591	0.0382526138112811	0.01785742673278	-0.162620993	0.1944031986	0.0996648253	0.1633792409	0.1093561444	-0.0024079777	-0.138911798	0.1134785799	0.2268457922	0.102452432	-0.0934998129	-0.2149938714	-0.0479949657	-0.2451251119	-0.032993527	-0.1238501437	-0.0542012462	-0.1631187846	0.0491219315	0.1195998996	0.0614514576	-0.0729529751	-0.1157891154	0.0125551333	0.0936285113	0.0095895188	0.0187379261	0.0729045061	-0.0366512568	-0.0272075724	0.0419942316	-0.15512341	-0.0305698008	0.0873215484	-0.1191829855	0.1628698343	0.2200712539	-0.0915301362	-0.0968688465	-0.0461231187	-0.0760467949	0.0039742801	-0.0163125804	0.1064907493	0.2095340923	-0.0825102556	-0.0497425034	0.1142742195	0.0759847279	-0.0359271256	-0.0429422876	0.0459267461	-0.0565559052	-0.0715214121	0.136208668	-0.2473227973	0.0077225715	-0.0643034685	-0.0378009708	0.0130706151	0.0991287011	0.1281720236	-0.1552459952	-0.0227535422	-0.0414362197	-0.0936965347	0.2111680518	0.0505425269	-0.0172743309	0.0624094138	-0.1040975696	-0.0327777497	-0.2397416118	0.1005017856	0.066639926	-0.0186148913	0.0790614149	-0.104444591	-0.010203611	-0.1187030787	0.0263122688	0.0	0.0	-0.029402631094058	-0.0048839784173821	2.385324518145513e-05	0.0008645147152532	-0.1908843003384248	-0.0077698099102433	6.03699460413165e-05	0.0364368161156899	0.1023328792218194	-0.0117301852965355	0.0104720181698274	0.000137597247091	-0.0041133887127091	-4.498269458200026e-06	1.6919966701842628e-05	2.0234428118575156e-11	-0.0003579365144845	0.0001066561420675	1.1375532640722749e-08	1.2811854840131268e-07	0.000697266647722	0.0001662183922167	2.762855391110474e-08	4.861807780254757e-07	0.0	0.0	0.0	0.0	0.0	0.0	0.0	0.0	0.0
1052.4250755581656	0.0172261819366212	1107598.5396636107	0.0002967413441135	1532.7351492144203	0.6667808194467852	0.4445966611821264	2349277.037637351	1012.05211244534	0.3787322926575598	0.1434381495016515	1024249.4783050752	1150.8203834734466	977.164810436482	1.170369	22.873068	0.0612579491951349	0.0296297785863442	-0.0998556584	0.3046149782	-0.0134410198	0.0089511272	0.001982405	-0.0643638836	0.1122058074	-0.0892530433	0.1835928703	0.1829536484	-0.1178586262	0.0060686987	0.0401606071	-0.2025363462	-0.0046270725	0.0395968717	0.0398968977	-0.2468247049	-0.0686351134	-0.0166962732	-0.1164400483	-0.0243794759	0.0746053965	-0.0358132847	-0.1906036876	-0.1414660473	0.0345335948	-0.0985696735	0.0385332281	0.063526782	0.1157299584	-0.0627539491	-0.2201829907	0.0933775408	-0.1469372505	0.1937506257	-0.0597735278	-0.0296688651	-0.1451135345	0.0715321543	-0.0947007719	-0.0884770505	-0.1596735192	0.0498410738	-0.0134283257	0.0575454804	0.1120871613	-0.07666228	0.0087958742	-0.103579599	-0.0216980147	-0.1122964741	-0.1137102684	-0.0861832325	0.3352375748	-0.2405839572	-0.0480428416	0.0278560354	-0.1566790341	0.0138371513	0.1388385589	0.0123143524	-0.268383519	0.0896427473	0.0622312157	0.0093232919	0.0126037185	-0.0509309205	0.0785105467	0.0995823417	-0.0415617876	0.0804200563	0.010700763	-0.0671956499	-0.015321188	-0.0577360959	-0.058784645	-0.0390853464	0.1294123619	-0.1224033343	0.0378068863	0.0	0.0	-0.0168199965630861	0.0125826345309719	0.00015832269174	0.0002829122843822	-0.1968839207624597	-0.0059996204240349	3.5995445232496735e-05	0.0387632782547985	0.0779768616299563	-0.024356017591863	0.0060803909496573	0.0005932155929351	-0.0042839545986981	-0.000170565885989	1.83522670037066e-05	2.9092721463212605e-08	-0.0001629964897613	0.0001949400247231	3.8001613239081816e-08	2.6567855674505578e-08	0.0006981542699751	8.876222530999379e-07	7.878732641982103e-13	4.874193846844648e-07	0.0	0.0	0.0	0.0	0.0	0.0	0.0	0.0	0.0
1056.030356091621	3.605280533455243	1115200.1129869956	12.998047724911322	1529.3752035507428	-3.359945663677536	11.289234862865476	2338988.513235876	1014.1529199390276	2.100807493687625	4.413392125534083	1028506.1450208556	1151.5785314994946	988.1578162266658	1.277662	24.969936	0.0566168674905266	0.0320006498186041	-0.0983669484	0.1177334413	-0.1362371767	0.306195065	-0.0589331811	0.2043689592	0.0524168212	0.2459863522	0.2635668974	-0.0637945015	0.0666380524	0.0829221888	0.1968316693	-0.2264047761	-0.1044576926	0.1371386541	0.129304869	-0.2214846957	-0.1707642981	0.0663301156	0.0126221525	0.0805908293	0.0023427177	0.025154686	0.0101557245	-0.0294315986	-0.1828766877	0.0453593552	-0.1431312407	0.0791131812	-0.1128306928	-0.1026170341	0.1217260408	-0.0899730436	0.1364449475	0.2470327935	0.1216562953	0.1459145161	-0.0882880177	0.1961146704	-0.220908034	0.0084888967	0.0608698917	-0.0289067636	-0.0557994305	0.1670343061	-0.2016519505	-0.0421599632	0.1120987306	-0.0829621111	-0.051630127	-0.1155565167	-0.0981421073	-0.0137206143	-0.0844296582	-0.2512580778	-0.0070153753	0.0604701112	-0.1925686073	0.1647413303	-0.0756204118	0.083720119	-0.0668987813	0.0862773026	-0.0184367527	-0.097101042	-0.0973990297	-0.0612498113	0.0195775138	0.0382189381	-0.0860177306	0.2947065776	-0.0147625512	-0.1050537681	-0.1758421314	0.0594947812	0.020356712	0.0272493438	-0.2477797464	-0.1259282482	0.0490849494	0.0	0.0	-0.0167868041016703	3.319246141579926e-05	1.1017394948393227e-09	0.0002817967919478	-0.2063511061674319	-0.0094671854049722	8.962759949211886e-05	0.0425807790165227	0.1059658079983449	0.0279889463683885	0.011228752464742	0.0007833811188125	-0.0039784251681044	0.0003055294305937	1.5827866818206524e-05	9.334823295891065e-08	-0.0002398898011426	-7.68933113813e-05	5.912581335181561e-09	5.7547116692236184e-08	0.0006980261468351	-1.281231399999968e-07	1.6415539003458782e-14	4.872405016654565e-07	0.0	0.0	0.0	0.0	0.0	0.0	0.0	0.0	0.0
1057.389767948039	1.3594118564180917	1118073.1213612077	1.8480005953700824	1540.611412912754	11.236209362011325	126.2524008269509	2373483.5255970326	1014.6493343022725	0.4964143632448667	0.2464272200358065	1029513.2716000448	1151.7689928757518	1022.5215286164594	1.244435	24.320574	0.0684921842947462	0.0582038294987909	0.0802297346	0.2177736321	-0.0707147366	0.1812266516	0.0611618882	-0.0920073303	0.0694385011	-0.0311821537	0.2474249525	-0.1246334666	-0.0938149259	0.1849528824	0.0442461397	-0.2350857671	-0.1325808831	0.1305288325	0.1182169733	-0.1355064669	0.0138860333	-0.0200180028	0.0894202157	0.0816987048	-0.0066907755	-0.2099336889	-0.0113277366	-0.09030219	-0.1131277853	-0.0940853376	-0.0226465819	-0.0377511376	0.002132265	0.0272426447	0.0034853269	-0.0560297032	0.2207238192	0.2480083439	-0.0238326377	-0.1238121008	-0.0605447917	0.0890978519	-0.1179265614	-0.0647818619	-0.1144400727	-0.1558038849	-0.0297493794	-0.0040280144	-0.1113426845	-0.0632479389	-0.0998527765	-0.067888716	0.0766323875	-0.1187117466	0.0054041122	-0.0319315832	-0.0517488244	-0.2452030763	-0.0244227843	0.1219448496	-0.1259334966	0.0076512503	0.0783867039	0.0664498354	-0.0929995952	0.0095533848	0.0941853622	-0.0960601475	-0.0280525569	-0.1950188883	0.0441338865	0.0868807132	-0.0447567177	0.1695440485	0.1516242544	0.0813518279	-0.120504706	0.0808553573	0.0175306978	0.0436401045	0.1748841189	-0.1292727712	0.0600818583	0.0	0.0	-0.0169125702227148	-0.0001257661210445	1.5817117202579873e-08	0.0002860350315382	-0.2066492670679167	-0.0002981609004847	8.88999225779006e-08	0.0427039195797071	0.0489833429740329	-0.056982465024312	0.0023993678889117	0.0032470013202469	-0.0038748884881039	0.0001035366800004	1.501476079524013e-05	1.0719844105525918e-08	-0.0003573528830738	-0.0001174630819311	1.3797575616775796e-08	1.2770108304115698e-07	0.0006973100637887	-7.160830463999414e-07	5.127749293414205e-13	4.86241325061001e-07	0.0	0.0	0.0	0.0	0.0	0.0	0.0	0.0	0.0
1054.7888674818194	-2.600900466219628	1112579.5549635792	6.764683235181476	1518.1445309493342	-22.46688196341984	504.7607851582396	2304762.816851374	1014.7678488523676	0.1185145500951421	0.0140456985842539	1029753.7870644616	1152.0015780131023	991.0097216920268	1.523229	29.76918	0.105353732269896	0.0674023693078733	-0.1636592751	-0.0321937574	-0.3057793817	0.0151595907	0.1486368454	0.1690080275	0.0592349081	-0.1683918632	0.0479477513	-0.0943131429	-0.0937460261	0.0755063442	-0.3466841967	-0.1516278015	-0.1101418769	0.1825120017	0.0895902943	0.3904426665	0.0691950754	-0.0163601774	0.2669931729	0.0254242018	0.148712615	-0.0688774921	0.2179617511	-0.1059334211	0.0099826424	-0.060397075	0.133166877	-0.0670704956	-0.0065243028	0.0280437622	-0.1885986527	-0.0782064607	-0.1921637673	0.16508921	0.0067795964	0.0016446069	0.1500944054	-0.2879358925	0.0911548562	0.1930046504	-0.1116099521	-0.2866335829	-0.1034936546	-0.2120915643	-0.1198315625	0.1009119392	0.1666231918	0.307164576	0.209286475	-0.2752976773	0.0658627626	0.0541386871	0.2488460968	-0.2067546786	0.1753242495	0.0294139139	0.2576690903	0.1819096457	-0.0533102792	-0.1370140891	0.0751477789	-0.274436809	0.4593574729	-0.2042403888	0.2664638971	0.1148473939	0.2770315851	-0.1685806439	0.2850033592	0.080408251	0.13310435	0.0173974377	-0.099531605	-0.0302903829	0.1674321066	0.0015821497	-0.1485043019	-0.1324321121	0.0707346238	0.0	0.0	0.0008646587315155	0.0177772289542302	0.0003160298692911	7.476347219859935e-07	-0.1440998088881429	0.0625494581797738	0.0039124347185832	0.0207647549215993	0.0627878234754248	0.0138044805013919	0.0039423107767811	0.0001905636819133	-0.0036653762539254	0.0002095122341785	1.3434983082840198e-05	4.38953762704667e-08	-0.000371780083318	-1.4427200244200035e-05	2.081441068862456e-10	1.3822043035193904e-07	0.000697821922056	5.118582672999179e-07	2.619988858032742e-13	4.869554349019301e-07	1.0	0.0	0.0	0.0	0.0	0.0	0.0	0.0	0.0
1055.4527140616551	0.6638465798357629	1113980.431620114	0.4406922815596399	1537.7526756249038	19.60814467556952	384.4793376180653	2364683.2913915506	1014.2862560263284	-0.4815928260392184	0.2319316500924408	1028776.6091639064	1155.7161426878813	1020.6809204372428	1.583073	30.938728	0.3391497335812931	0.2141907783293535	0.0230527325	-0.0333219307	0.0768048482	0.1458988195	-0.0425714731	-0.1358602358	-0.1747051789	0.1286396391	0.0413900797	-0.2209001334	0.1193616357	0.099490322	0.040846714	0.0689767792	-0.1292005973	-0.1274429169	0.1254500668	0.2933442496	-0.0338688464	0.195140231	-0.1627185972	-0.1890274884	0.0997940057	0.1005014466	-0.1207181192	0.0230344265	0.118963942	0.1160938207	-0.1674077547	0.0216605024	-0.0642226258	0.0604559515	-0.0989745006	0.1839510236	-0.117339158	-0.118076296	0.1047927314	-0.1847860273	-0.0142337206	-0.2390883428	-0.0842722432	0.0328782564	0.2012684026	-0.0637415902	-0.1543118944	0.0616516149	0.1695704515	-0.3920746997	0.0590652837	-0.0241052113	0.1207460748	0.0012967838	0.1115353051	0.0608977005	-0.0564429888	-0.0020744561	-0.0634007958	0.2120132297	0.429749523	0.0613424528	0.0717463011	0.0795838544	-0.044392123	-0.1022180467	-0.1983002347	0.1812022809	-0.0519666269	-0.0764847545	-0.0255730471	0.0204527227	0.0807642234	0.1218484722	-0.00807568	0.0246919197	-0.0674396402	-0.5166771215	-0.227581422	-0.2872482902	-0.0829594402	-0.1354017453	0.0809822278	0.0	0.0	0.0065364969090495	0.005671838177534	3.2169748312132206e-05	4.272579184201367e-05	-0.1140042985243212	0.0300955103638216	0.0009057397440588	0.0129969800820225	-0.0800943636910176	-0.1428821871664424	0.0064151070950689	0.0204153194094662	-0.0009117113759771	0.0027536648779483	8.31217633086057e-07	7.582670260046025e-06	-0.0008278181387522	-0.0004560380554341	2.0797070800420642e-07	6.852828708471565e-07	0.0006981229461434	3.0102408740001214e-07	9.061550119501014e-14	4.873756479319405e-07	0.0	1.0	0.0	0.0	0.0	0.0	0.0	0.0	0.0
1055.216365836931	-0.2363482247242245	1113481.5787300996	0.0558604833302925	1537.114179940059	-0.6384956848446564	0.4076767395652467	2362720.0021728	1013.37343695683	-0.9128190694983688	0.8332386536398676	1026925.7227296984	1153.5972730569672	991.4624322669276	1.577901	30.83766	0.1528332223082625	0.0855353886256643	0.1172062247	0.038715785	-0.0275351492	-0.0841872279	-0.0592626298	-0.0513314131	0.1915076517	0.187250058	-0.1369262709	0.1861222723	-0.0917722183	-0.0180205913	-0.0872288632	0.1030638114	-0.1383219291	-0.0719334535	0.301787354	-0.0781538573	-0.0542755564	-0.4286347166	-0.0656867668	0.1319665166	0.1005591507	0.4106189386	0.1333170295	-0.0085750434	-0.1741563252	-0.0196620384	-0.0498904206	0.1404762468	0.1500404909	0.0653297398	0.150817593	0.1625361419	-0.1381293172	-0.0867791	-0.197068747	0.064698786	-0.1156926601	0.1388514839	-0.0903194403	0.3862051376	-0.1600706038	0.0335162742	0.044397292	0.1013059171	0.1192224613	-0.1645730854	0.0710235342	0.4862355514	-0.2239740694	0.1765844206	-0.1765137191	0.1189050772	-0.1230714355	0.084476981	0.0047540778	0.2641871018	0.2149902753	-0.1177492123	-0.356424416	-0.2570827718	-0.4032342971	-0.0819779378	-0.4151294606	-0.1376817054	-0.0348379111	-0.0695339359	0.2929569893	0.1068302238	0.0914780977	-0.1331649738	-0.06664793	-0.0287972872	-0.0528239799	0.3014610959	-0.0171560655	0.1138614745	4.84896e-05	-0.1381774169	0.0907659729	0.0	0.0	0.0169012205740131	0.0103647236649635	0.000107427496651	0.0002856512568914	-0.0627478055259445	0.0512564929983767	0.0026272280744926	0.0039372870983217	-0.1430698307632099	-0.0629754670721922	0.0204689764746135	0.0039659094529607	-0.0006917767495572	0.0002199346264198	4.785550712279251e-07	4.8371239898460966e-08	-0.0009466640843351	-0.0001188459455829	1.4124358781493648e-08	8.961728885700134e-07	0.0004721727466916	-0.0002259501994517	5.105349263230818e-08	2.2294710271828989e-07	0.0	0.0	1.0	0.0	0.0	0.0	0.0	0.0	0.0
1054.2684343128176	-0.9479315241133008	1111481.9315883997	0.8985741744077654	1518.135413259121	-18.97876668093818	360.1935847294892	2304735.132991442	1013.7065073768204	0.3330704199903493	0.1109359046725477	1027600.8830981116	1149.985497307359	988.029438425098	1.918016	37.484676	0.1218921432494904	0.0629304888754823	0.0217954025	-0.2231973903	-0.0853561224	-0.1151934197	0.469508981	0.0478479828	-0.069773409	-0.2799420766	-0.1687772674	-0.0688361491	-0.3062270639	0.1659880267	0.2314696616	0.0811028466	-0.2169194778	-0.0357067436	0.1347718345	0.0486554205	-0.2578481274	0.0632609195	0.0587285256	-0.0178990575	-0.0622903515	-0.1478509654	0.1536015828	-0.0187332399	0.4986408876	-0.1840884278	0.2474194924	-0.0198545607	0.005945471	0.0564205721	-0.0055509187	0.2004528336	0.1132238236	-0.0499269332	0.0275940921	-0.0703511746	0.3549691546	0.1492362172	-0.072810047	0.0087068586	0.1127524539	-0.3604608941	-0.3057802406	-0.2428705862	0.3565919729	0.1116204032	0.1291852583	-0.2347079258	-0.137981567	0.137018135	-0.1716143088	0.0073937735	0.0095988534	0.1231463983	0.2599440165	0.0873419568	0.3281561954	-0.0167211866	-0.0646877258	0.2407965173	-0.115832244	0.1647847286	0.364438413	0.2086085111	-0.1671916973	-0.2348967895	-0.3384543062	-0.0455285371	0.1727570818	-0.0138654011	-0.3161948253	-0.0730866798	0.0516408563	0.2758952439	0.0828024304	-0.0409201023	0.0414741231	-0.1407551506	0.1000298188	0.0	0.0	0.0161190434738784	-0.0007821771001346	6.118010159751248e-07	0.0002598235625127	-0.0272802311169044	0.03546757440904	0.0012579488344607	0.0007442110097917	-0.1280577216628842	0.0150121091003256	0.0163987800774887	0.00022536341964	0.000180048033678	0.0008718247832352	3.2417294431314225e-08	7.600784526631035e-07	-0.0007499881961399	0.0001966758881952	3.868140499737081e-08	5.624822943491812e-07	0.0001280677653222	-0.0003441049813694	1.1840823820323517e-07	1.6401352514622092e-08	0.0	0.0	0.0	1.0	0.0	0.0	0.0	0.0	0.0
1053.3277015453525	-0.9407327674650788	1109499.2468428153	0.8849781397825058	1509.1470873602505	-8.988325898870471	80.79000246430566	2277524.931287928	1013.6336372607764	-0.0728701160439868	0.0053100538122641	1027453.1505865112	1151.191581441645	967.0394851940388	1.564573	30.577179	0.2041558243389009	0.1015085590541648	0.013187391	-0.2577456165	-0.2344300344	-0.1307886922	0.3512899554	0.0904613602	0.0826076983	-0.0201512084	-0.248829648	-0.2659329573	-0.1390347558	0.0028337457	-0.0144956857	0.0871483359	-0.3220871105	0.1420075784	-0.1915018186	0.0173570476	-0.1432851041	-0.1497737812	0.1219142893	-0.1420259447	-0.058998139	0.303444345	-0.0931936413	-0.1430064297	0.1204161451	-0.0137874397	0.1031204506	0.0750665692	-0.1774452161	-0.080791074	0.051469384	-0.133355991	0.1307100135	-0.0673235399	-0.0991398063	0.0092392331	0.2925633645	-0.0025261628	-0.1397118701	0.4793240774	-0.1087322763	0.1030418864	0.0453983835	0.3568415548	0.1265761649	0.2205848724	0.1601031177	-0.1960321147	0.1419615375	-0.108244205	0.089192944	-0.0510305129	-0.1477159786	0.1801857202	0.6231014352	0.007238602	-0.1742701765	-0.1211429408	-0.2442023764	0.175619081	-0.0671831558	0.0360585016	0.0155783998	0.2065623291	0.1586159365	0.1458767817	0.1435904983	-0.1366648555	-0.3917882097	0.0301232761	0.1431711776	0.020433031	-0.0832064005	-0.1257676197	-0.1414558524	0.0102183335	0.0338006014	-0.1431312539	0.1087207029	0.0	0.0	0.0048716611565851	-0.0112473823172933	0.0001265036089913	2.3733082424580075e-05	0.020954246297876	0.0482344774147804	0.0023265648114769	0.000439080437912	-0.1695652353671164	-0.0415075137042321	0.0287523690451055	0.001722873693907	0.0015123211590234	0.0013322731253454	2.28711528802988e-06	1.7749516805175998e-06	-0.0008779474047797	-0.0001279592086397	1.6373559075723862e-08	7.707916455594104e-07	0.0007311644493889	0.0006030966840667	3.63725610332249e-07	5.346014520501733e-07	0.0	0.0	0.0	0.0	1.0	0.0	0.0	0.0	0.0
1057.9982394683257	4.670537922973153	1119360.2747180767	21.81392448993038	1546.9243941283578	37.77730676810734	1427.1249066516884	2392975.0811493867	1016.090921513649	2.4572842528726824	6.038245899416057	1032440.7607824564	1158.8084597001996	1031.435818768112	1.757702	34.351593	0.1701832980344207	0.1045222853560522	0.1827120995	-0.0851837618	0.0053325448	0.0266938727	-0.2412234612	-0.1621289835	0.0630489153	0.2699835871	-0.0375795149	-0.3537441955	0.2383113088	0.034764858	0.0663191008	0.1666652348	-0.1488386984	0.0125519339	0.1858984461	0.0581161932	0.1400980624	0.171285106	-0.0844547276	-0.0066277751	-0.3332150944	-0.1281296331	0.0127179987	-0.0712012727	-0.0872137939	0.165222191	-0.0704326285	0.1792160867	0.3084462034	-0.0290002349	0.082302036	-0.2231755865	0.204072542	-0.1846205257	-0.1067234131	0.0862004176	-0.1550876859	-0.1770360712	-0.0964182164	0.0566847095	0.0274107305	-0.0587187125	0.2107282623	0.0097947838	-0.3043431257	-0.0341473751	0.1193178048	-0.2472758778	0.2632773542	0.3479662981	-0.2450006867	0.1605914022	0.0881876608	0.1666709017	-0.1349715264	0.1866835075	-0.1112988604	0.0525456829	-0.1571953305	0.0733741088	-0.0309898668	-0.1573507689	0.0501433647	0.1142146779	0.0122987103	0.2636994062	-0.1671047858	0.3524995731	0.0282087229	0.0546886249	0.0220975308	0.1694534153	0.1084223317	-0.2410559418	0.1147273927	0.1032428555	0.0945503612	-0.1453023231	0.1167888447	0.0	0.0	0.0164013594137912	0.0115296982572061	0.0001329339419022	0.0002690045906203	-0.0717732337445085	-0.0927274800423845	0.0085983855550108	0.0051513970821438	-0.2057682787844115	-0.0362030434172951	0.0423405845538992	0.0013106603526745	0.0009628386022103	-0.0005494825568131	9.270581739062844e-07	3.019310802418617e-07	-0.0009201472797701	-4.219987499039994e-05	1.7808294492053822e-09	8.466710164683145e-07	0.0007339435439361	2.779094547199993e-06	7.723366502276734e-12	5.386731256854819e-07	0.0	0.0	0.0	0.0	0.0	1.0	0.0	0.0	0.0
1055.533192239387	-2.4650472289386016	1114150.319919071	6.076457840897879	1542.0294231546336	-4.894970973724185	23.96074083360229	2377854.741874612	1014.504903538724	-1.586017974925085	2.5154530167854667	1029220.1993041156	1154.563866698951	1030.2579928591877	1.271235	24.844341	0.0818610479798915	0.0444382851668921	0.1860063809	-0.0229345697	0.1389627758	-0.066210377	-0.0434436199	-0.1641641455	0.0554652545	-0.0541716868	-0.1312914603	0.0697744048	0.0026392951	0.0762020574	0.0914145606	0.1868367881	0.0838486969	-0.0737117332	0.1130440967	-0.0791202315	0.069153605	0.0071118241	-0.0541095141	0.0939917955	0.097659796	-0.3111613991	-0.0293016417	-0.1356238147	-0.0242287309	0.010956901	-0.1500909386	-0.0061597567	-0.114624163	-0.1134935805	0.0559185026	-0.018770123	-0.180035993	-0.1301368116	-0.1870424427	0.0045624089	-0.0095801828	0.1800029307	0.0544327437	-0.1512476447	-0.0304781056	-0.1233655546	0.0638472596	-0.1298299773	-0.1450506465	-0.1706886583	0.1018959601	-0.0218482201	-0.0537756758	-0.0239052103	0.0740678563	0.0732635271	-0.0688141073	0.1623263844	-0.1292978053	0.0174520579	-0.0232545707	-0.0623757882	-0.0508389822	0.0015931344	0.0510029386	0.0203271501	0.1487621221	-0.0330438506	0.0062074573	-0.06664776	-0.0161444351	0.2186194539	-0.0336650879	0.0675932286	0.1741099292	0.0387033095	0.1664769637	-0.0509037994	0.0690453634	0.2215919284	0.0559534678	-0.1472652481	0.1241880305	0.0	0.0	0.0106257795835773	-0.0057755798302139	3.335732237517363e-05	0.0001129071917587	-0.0632167369351321	0.0085564968093763	7.321363764886845e-05	0.0039963558287256	-0.1692421115135403	0.0365261672708712	0.0286428923095616	0.0013341608954996	0.0011306355825977	0.0001677969803873	1.2783368206360405e-06	2.8155826627129484e-08	-0.0008938264226057	2.632085716439993e-05	6.92787521868743e-10	7.989256737481035e-07	0.0003080053000993	-0.0004259382438368	1.814233875627773e-07	9.486726488925985e-08	0.0	0.0	0.0	0.0	0.0	0.0	0.0	0.0	0.0
1052.926271411933	-2.6069208274541324	1108653.7330294354	6.796036200614139	1522.148953743169	-19.880469411464677	395.23306402018255	2316937.437381424	1010.7539199721896	-3.750983566534387	14.069877716411032	1021623.4867391476	1152.8504538619727	1015.303633387037	1.332489	26.041458	0.0925952997514424	0.0588966611231025	-0.0840852275	-0.1977489977	0.1585572082	0.0047431496	-0.0658521303	0.1010668881	-0.1512901131	-0.0682067304	-0.1256038586	0.0704467564	0.1233631642	0.0358448853	-0.0409078552	0.1526268894	0.1455120783	-0.0849084107	-0.1410189782	0.0418543837	-0.13601474	0.1753963184	0.0775558471	0.1030650883	0.1664052436	0.0336882393	0.0683958197	-0.01109321	-0.0748776423	-0.0980150653	0.0172354041	0.1336869993	-0.0393217173	0.0817746025	-0.2799550535	-0.0377279753	-0.0464259247	-0.1849816976	0.1578556506	0.0122684937	0.0892560685	0.0224423577	0.2326900539	-0.0088143824	0.2072848014	-0.0359051035	-0.0086466179	0.1428080699	-0.0379362887	-0.0510955329	-0.0647126271	0.1859820669	0.0434441447	-0.2342182275	-0.072724392	-0.0939546472	0.0476607104	0.1394139063	-0.0823577027	-0.0993393033	0.1078937588	0.0965451818	0.0101756126	0.0987312167	0.0725071735	0.0356950773	-0.0318511474	-0.1357323859	-0.0211325516	-0.0663746808	0.0210025131	0.109005593	-0.2039259732	-0.0234022401	0.0466875416	0.1186750882	0.1775525792	0.0577925764	0.1232126766	-0.0869137259	-0.0766404073	-0.149017217	0.1308758785	0.0	0.0	0.0139313900343864	0.0033056104508091	1.0927060452498346e-05	0.0001940836282902	-0.0814388970328678	-0.0182221600977356	0.0003320471186275	0.00663229394993	-0.1143221652225676	0.0549199462909726	0.013069557461176	0.0030162005006033	0.0010316542133542	-9.898136924349986e-05	1.0643104159314731e-06	9.79731145731806e-09	-0.0010908543536132	-0.0001970279310074	3.882000559709616e-08	1.1899632207968723e-06	0.0002810629421118	-2.694235798750001e-05	7.258906539266054e-10	7.899637742854104e-08	0.0	0.0	0.0	0.0	0.0	0.0	0.0	0.0	0.0
1053.1520780876135	0.2258066756805874	1109129.2995802588	0.050988654781918	1519.704940871065	-2.44401287210394	5.97319891900975	2309503.107307927	1011.457700063808	0.7037800916184551	0.4953064173584811	1023046.6790183682	1150.331662094384	997.390316987649	1.537874	30.055387	0.1856738879421502	0.0875592457406217	0.0193065519	0.0032105952	-0.0206892699	-0.1953143348	-0.1620496085	0.0105490283	-0.0376544141	-0.1377857098	-0.1021328486	-0.0449548692	0.1563063355	-0.1821661475	-0.045191328	0.1836473681	0.1889428022	0.0366512004	-0.0118725263	0.140097098	0.0563522188	-0.1533282845	-0.2559337099	-0.1050082094	0.0776171324	-0.2049190103	0.1180401836	-0.034875452	-0.0103266169	0.0495359446	-0.0348251453	0.0259170356	-0.1091909763	-0.2886609437	0.1363204637	0.0328245434	-0.0428324337	-0.1034464573	-0.1070941827	0.1194213993	0.0057456364	-0.1028746259	0.032337803	-0.2039206295	0.0352882404	0.1664029042	0.0493844309	-0.2420822725	0.0655863376	-0.0623195286	0.1815294847	0.0429392178	-0.0525924178	0.0111009657	0.2650401646	0.06509743	-0.2139923276	0.1314623685	-0.1971324015	0.1084455497	0.1063735978	0.0852210952	0.0377745123	-0.1593688142	-0.0106991908	-0.0207173811	0.1569356152	-0.1446091702	-0.0859351018	0.2506760221	-0.2038987562	-0.0382464065	-0.2201241164	-0.0195109751	0.2190860716	0.2231444951	0.1397421419	0.1988007695	-0.0098466812	-0.1266764162	0.0288373507	-0.1505557202	0.1368140814	0.0	0.0	-0.0068997676475532	-0.0208311576819395	0.0004339371303698	4.7606793590221815e-05	-0.1135495298154154	-0.0321106327825475	0.0010310927376956	0.0128934957213019	-0.1840349477559257	-0.069712782533358	0.0338688619955263	0.0048598720485432	0.0003959601670144	-0.0006356940463398	1.5678445386207153e-07	4.041069205518679e-07	-0.0012768566006684	-0.0001860022470552	3.4596835909583696e-08	1.630362778670462e-06	0.0007197529476029	0.000438690005491	1.9244892091778133e-07	5.180443055830628e-07	0.0	0.0	0.0	0.0	0.0	0.0	1.0	0.0	0.0
1053.736575428347	0.5844973407333782	1110360.7703954603	0.3416371413243908	1523.4240602389932	3.719119367928215	13.831848872898766	2320820.8673150595	1012.7182873049162	1.260587241108169	1.589080192444705	1025598.3294418028	1152.352397634272	986.8126090536928	1.714646	33.510136	0.1947786733438976	0.0973063495489973	0.0304720213	-0.168397112	0.0201720536	-0.1942071157	0.3055435059	-0.0473638728	-0.1970659583	-0.1608163789	-0.2009858975	0.0029024222	-0.2059770503	-0.078114158	0.1592193137	0.1162416356	-0.2329425749	0.144740448	-0.4636514323	-0.2046481753	0.002775038	-0.2702823033	0.0635020846	-0.2690562479	0.0491669263	-0.2337649013	-0.1043254677	0.1602183321	-0.0795858826	-0.1083910745	-0.1169671237	-0.0585952343	0.0563776261	0.037596363	-0.1012388737	-0.0772196487	-0.0521846682	-0.1059713316	0.0118208712	-0.1389973886	0.4194673705	0.162240671	-0.0638571809	0.0526075465	-0.2825181461	0.2886667731	0.1666850736	-0.0682330724	-0.1020088054	-0.2549402922	-0.3761483856	-0.0788944027	-0.1075140043	-0.055076747	0.0602977542	-0.1268676762	0.1724634448	0.1911614398	0.4463079185	-0.0815375103	-0.200177548	-0.0457146972	0.4473082881	-0.3121620995	-0.0879900696	-0.0083556553	-0.2133110054	-0.2441951696	-0.1144865278	-0.0242741135	-0.1777186889	-0.06454679	0.3032011755	0.0069591308	0.1086071085	0.0216795478	0.1702648938	-0.0723201638	0.0530213141	-0.049920656	-0.0337767284	-0.1518785538	0.1419686256	0.0	0.0	0.0082162455002361	0.0151160131477893	0.0002284938534841	6.750669012014995e-05	-0.0448903613908839	0.0686591684245315	0.0047140814087481	0.0020151445458041	-0.2156676076755275	-0.0316326599196018	0.0465125170004852	0.0010006251735891	0.0013766945900281	0.0009807344230137	1.8952879942126385e-06	9.61840008484015e-07	-0.0010042354639223	0.0002726211367461	7.432228420073583e-08	1.008488866999237e-06	0.0003856918703232	-0.0003340610772796	1.1159680335327369e-07	1.4875821883340814e-07	0.0	0.0	0.0	0.0	0.0	0.0	0.0	1.0	0.0
1058.3623820429257	4.625806614578778	1120130.9317235758	21.398086835480772	1541.629128442022	18.20506820302876	331.42450827692875	2376620.3696609084	1015.458026108753	2.739738803836758	7.506168713248869	1031155.0027886848	1156.8462380191736	1026.9087420055382	1.757104	34.339905	0.1509673730180945	0.0783139687301411	0.2335042111	-0.0988874956	0.0803905621	0.0774805915	-0.1549430809	-0.0973741806	0.0832801078	0.2601199474	-0.1492421507	0.0679739053	-0.3380633879	-0.0565453947	-0.1667875832	0.1814973356	0.0040388075	-0.0123657109	0.0809190747	-0.0474897314	0.1486006822	0.0501054702	-0.0829736201	-0.0579140434	-0.2564832533	-0.0229153066	-0.0206058484	0.2399312661	-0.1479191529	-0.0306127217	0.3669153326	-0.1827976261	0.0091348266	0.1309553072	0.1499399184	0.094406178	0.0026924591	-0.1975555304	-0.0659798373	0.0362769639	-0.2042490142	-0.0751061091	-0.2400905739	-0.0006470826	0.0046098108	0.0722837231	-0.1298763656	-0.1471169744	0.1935146747	0.4102391601	-0.3357203281	0.0222926091	0.0520737645	0.1050884975	0.0134580404	0.0834777964	0.1302212226	0.1930008118	-0.120732428	0.0309214839	-0.3496912771	-0.0145119002	0.0739118312	0.1201316247	0.086097859	-0.1406636669	0.0037822628	0.0188812045	0.055107084	0.1813900897	-0.0371200191	0.1672826955	0.2820940397	-0.0817987062	-0.2754858787	-0.0648201696	-0.3955106998	0.0873733144	-0.131983343	-0.2096854466	-0.1557575868	-0.1529838229	0.1463099864	0.0	0.0	0.0069858912720093	-0.0012303542282267	1.513771526915564e-06	4.880267686433571e-05	-0.0883124253449949	-0.0434220639541109	0.0018854756380349	0.0077990844703152	-0.1963664418798458	0.0193011657956816	0.0385597794965508	0.0003725350010723	0.0026008880255756	0.0012241934355475	6.764618521582544e-06	1.4986495676375914e-06	-0.0013392659612139	-0.0003350304972916	1.1224543411545687e-07	1.7936333148661916e-06	0.0005667437182856	0.0001810518479624	3.2779771650600034e-08	3.211984422161876e-07	0.0	0.0	0.0	0.0	0.0	0.0	0.0	0.0	1.0
1055.42676427562	-2.9356177673057573	1113925.654749305	8.617851675721239	1549.8374294036714	8.208300961649456	67.3762046770154	2401996.05758058	1014.6188594630509	-0.8391666457021074	0.7042006592589263	1029451.429978102	1157.876233485707	1038.0006100656483	1.295607	25.320654	0.1116734083096155	0.0619499864725354	0.1519027855	-0.1506939571	0.1956994645	0.0503598011	-0.1122565192	-0.0493609784	-0.0022658731	0.1636844214	-0.1954948021	0.2557988863	0.0452619933	0.1179928802	-0.0853334751	0.1627241593	0.1038063286	-0.0594540667	-0.0698761249	0.0321019763	-0.1114750618	0.1496875955	0.2396489782	0.0911817116	-0.0648803494	0.1175305748	-0.124771494	-0.0027913007	-0.2048730398	0.1139704818	0.0326947789	-0.0775688038	0.0220128332	0.0104050085	-0.1913830053	0.0005491642	0.010606729	-0.2133739688	0.0721573556	0.0275440679	-0.1364073129	0.0298703635	0.0954783051	0.0376884128	0.1437175345	-0.0232854992	-0.0486850184	0.0741709285	-0.2188325559	0.1938436761	-0.2621276421	0.0484358766	0.0765199905	-0.052849809	0.0660716526	-0.1479056238	-0.1045303056	0.1755982707	-0.1086312807	-0.166838933	-0.1527961345	-0.0214066386	-0.0575077013	0.1617387857	0.2185010933	-0.1067741434	-0.0123147055	-0.0605471722	0.0712363121	-0.1203661938	0.0822656954	-0.0944139137	0.0725474984	-0.100031897	-0.0780987438	-0.0931599949	-0.032365339	0.172682814	-0.0329953095	-0.0173720272	0.1872767116	-0.153869944	0.1498132968	0.0	0.0	0.0137366380452164	0.0067507467732071	4.5572581995966086e-05	0.0001886952247852	-0.0752335120811835	0.0130789132638113	0.0001710579721623	0.0056600813400695	-0.1476329912788188	0.048733450601027	0.0217955001139317	0.0023749492074827	0.0020159646989648	-0.0005849233266108	4.0641136674722364e-06	3.421352980134449e-07	-0.0016159342547565	-0.0002766682935426	7.654534465177432e-08	2.611243515695445e-06	0.0005661293850076	-6.143332780000508e-07	3.774053764582877e-13	3.2050248056908336e-07	0.0	0.0	0.0	0.0	0.0	0.0	0.0	0.0	0.0
1051.0952793756117	-4.331484900008263	1104801.2863256952	18.761761438999592	1536.255109364176	-13.582320039495473	184.47941765528023	2360079.761047536	1013.1701267072692	-1.4487327557816343	2.0988265976746483	1026513.705652024	1154.5835539165296	1013.9039797811112	1.268536	24.791601	0.1068044230026934	0.0627114855580746	0.0114508605	-0.0402346821	0.1307134212	-0.2202792113	-0.1642750282	-0.0504984961	0.1116231169	-0.0834742449	-0.1296696283	0.1591429035	0.3469962542	0.0121410927	-0.1096804898	0.1284740975	0.1889334647	0.0455924856	-0.0550885844	-0.0108895863	0.1390003871	-0.0222319154	0.0838291401	0.2462507581	0.0495040071	0.0228268566	-0.1510838585	-0.0230614025	0.0284338397	-0.0637751079	0.0475216971	-0.1646562083	-0.1802751054	-0.2129392231	0.1733270773	-0.038500543	0.1066668944	-0.1073003046	-0.1081283897	0.0599027001	-0.0877176324	-0.0020807513	0.2738349406	-0.1345240042	-0.1161733729	-0.0672104694	-0.0211090003	0.0108187099	-0.0729709712	0.0561702327	0.0377833487	-0.0191975044	-0.1864531167	-0.0808522894	0.1189473469	0.034127077	0.0530583007	0.1338157586	-0.171499913	-0.2574887661	0.0504796205	-0.0792848807	-0.0388186253	-0.1064659595	0.0911642009	0.0847132783	0.0675495099	0.0867723494	0.0773755881	-0.1138809792	0.0786935738	-0.0627026218	-0.0692651797	-0.0561311114	0.0769671166	-0.0744237008	-0.0480159417	-0.0753586065	-0.070797918	0.1363716848	-0.2258259542	-0.154535648	0.1524584902	0.0	0.0	0.0154059632535563	0.0016693252083398	2.786646651199045e-06	0.0002373437037699	-0.0795983188832138	-0.0043648068020302	1.9051538419049872e-05	0.0063358923690337	-0.0911170747636305	0.0565159165151882	0.008302321313481	0.0031940488195517	0.0017682067830934	-0.0002477579158713	3.1265552277775103e-06	6.138398487693968e-08	-0.0019003147658702	-0.0002843805111136	8.087227510128918e-08	3.6111962093843128e-06	0.00021318032245	-0.0003529490625575	1.2457304076028862e-07	4.5445849879885984e-08	0.0	0.0	0.0	0.0	0.0	0.0	0.0	0.0	0.0
1048.9244212696829	-2.170858105928801	1100242.441535939	4.712624916076781	1524.7492066933016	-11.50590267087432	132.3857962716328	2324860.1433118526	1009.9509194438854	-3.2192072633838507	10.36329540462334	1020000.8596855494	1153.0476035402532	997.222384887334	1.165824	22.784241	0.1248881239359296	0.0649019288809822	-0.1665388947	-0.1261542717	0.1864426153	-0.0447138867	-0.1635405875	0.0765765392	-0.1685215953	0.0246236935	-0.1270107425	0.0636520132	0.2060783034	-0.067389724	0.0360286291	0.1266003549	0.3094906467	-0.0379752155	-0.0027598166	-0.0323100846	-0.0528371896	0.1278726941	0.1297618216	0.0301114984	-0.0209621663	0.1080753327	0.0573832355	0.0566766378	0.0655172088	-0.019774394	-0.1381463378	0.0119287585	0.1505361267	0.061465647	-0.0197085188	0.0447854526	-0.0522557593	-0.1802048096	0.149801745	0.0940520668	-0.0666839551	-0.0066561354	0.2282369276	-0.1278251387	0.0954133977	0.0508884626	-0.0158354885	0.0881967598	0.0350904392	0.0564924775	0.0804747292	-0.0151100739	0.0646246554	-0.0536846224	-0.1251344733	-0.1084277459	0.1263036462	0.1262687659	-0.1761994432	-0.2333077192	0.0677273561	0.1044427167	0.0679244574	0.0223501021	0.0654184651	0.0870017756	-0.1217752563	-0.0283503949	0.030665297	-0.0852895009	0.1540569089	-0.3009308591	-0.097101802	0.0847979777	-0.0726042674	-0.0277439438	-0.0260755123	-0.0182605776	-0.0948950131	0.0096106517	0.0837327141	-0.1549799811	0.1542304152	0.0	0.0	0.0034950519543315	-0.0119109112992248	0.000141869807978	1.2215388163476438e-05	-0.1301749883420626	-0.0505766694588488	0.0025579994935496	0.0169455275898561	-0.1052306692767715	-0.0141135945131409	0.0110734937564372	0.0001991935500813	0.0011790365600249	-0.0005891702230685	1.3901272098753496e-06	3.4712155175058614e-07	-0.0018756718503543	2.464291551589992e-05	6.07273285123781e-10	3.5181448902115234e-06	0.0005651061571599	0.0003519258347099	1.2385179313625984e-07	3.193449688600297e-07	0.0	0.0	0.0	0.0	0.0	0.0	0.0	0.0	0.0
1051.6109148297537	2.6864935600708577	1105885.5161890716	7.217247648302191	1525.4655052147475	0.7162985214458786	0.5130835718255518	2327045.007600085	1011.6754972292612	1.7245777853758	2.974168537811699	1023487.3116940728	1151.0638036895216	979.2774379662508	1.490005	29.119873	0.1122956901065691	0.0523136218303328	0.025163313	0.0855776314	0.0590821656	-0.1109236375	-0.1451083532	-0.0567714984	0.019912281	-0.0625944642	-0.0267538319	0.0524355725	0.0969148266	-0.1798665416	0.2708962895	0.1428608303	0.1605391805	-0.041757055	-0.0017784854	-0.0894119763	0.0594411596	-0.0794852565	-0.0348754119	-0.0322116528	-0.0393641962	0.0852482883	0.0099302309	-0.0456216642	0.1341143775	0.0265268105	-0.1261004947	0.0178561091	-0.0128392774	0.2915495026	-0.0594578346	-0.0659421286	0.1169494437	-0.0759538224	-0.1132093524	0.1042520976	-0.0305152976	0.1110532096	-0.0018220303	-0.2558031793	-0.008782418	0.1370054733	0.0336771316	-0.0308475167	0.0361826608	-0.037304821	0.1391597918	-0.084985317	0.0155338231	-0.0309050102	-0.0390554928	0.0608514574	-0.084019575	0.1267892492	-0.183778024	-0.0912437893	0.0466022719	-0.0010614432	0.0735443269	-0.1110897357	-0.0305833631	0.1841159229	-0.0098795752	0.0784567111	-0.0158415172	-0.0097016561	0.1127339168	-0.1283858782	-0.0147734282	0.1105497424	-0.0327701524	-0.2407943744	-0.0456233734	-0.1183582908	0.1862875469	0.0849988582	0.0339907283	-0.1552023069	0.1551189223	0.0	0.0	0.0033322520597067	-0.0001627998946247	2.6503805689845967e-08	1.1103903789419544e-05	-0.1066650682589767	0.0235099200830858	0.000552716342313	0.0113774367866921	-0.120561780454075	-0.0153311111773035	0.0145351429062565	0.0002350429699308	0.0007071608221653	-0.0004718757378596	5.000764284055031e-07	2.22666711980542e-07	-0.0011729021157398	0.0007027697346144	4.938852998901346e-07	1.3756993731068991e-06	0.0002739144506029	-0.000291191706557	8.479260996757801e-08	7.502912624908855e-08	0.0	0.0	0.0	0.0	0.0	0.0	0.0	0.0	0.0
