#!ascii label  , from subject sub-v2s4x29614_ses-1 vox2ras=TkReg
10692
173  -6.573  -87.312  44.217 0.4000000060
167  -7.078  -87.195  44.773 0.5000000000
350  -6.653  -86.462  46.230 0.5000000000
132695  -7.629  -86.500  47.133 0.8000000119
123094  -8.358  -86.774  46.631 0.6999999881
597  -8.677  -86.249  48.649 0.8000000119
598  -9.386  -85.916  49.198 0.8000000119
338  -9.379  -86.474  48.700 0.8000000119
334  -9.991  -86.364  49.254 0.8000000119
826  -15.971  -84.937  51.925 0.8000000119
833  -16.159  -85.044  50.910 0.8000000119
827  -16.857  -84.809  51.425 0.8000000119
122400  -16.202  -85.061  49.919 0.8000000119
137485  -17.050  -84.884  50.379 0.6999999881
834  -17.899  -84.703  50.142 0.6999999881
131189  -16.942  -84.841  49.300 0.5000000000
839  -17.888  -84.646  49.244 0.5000000000
172  -5.891  -87.639  43.501 0.3000000119
359  -6.419  -86.776  45.200 0.6000000238
602  -6.897  -85.956  47.304 0.8000000119
840  -8.199  -85.689  48.287 0.8000000119
337  -7.949  -86.196  47.974 0.8000000119
136880  -8.687  -85.482  48.680 0.8000000119
836  -9.458  -85.153  49.512 0.8000000119
1100  -10.479  -84.496  50.608 0.8000000119
591  -9.913  -85.709  49.697 0.8000000119
119177  -9.914  -84.842  50.058 0.8000000119
1101  -10.930  -84.159  51.230 0.6999999881
830  -10.844  -85.155  50.928 0.8000000119
821  -11.341  -84.834  51.547 0.8000000119
1094  -11.860  -84.517  52.113 0.8000000119
1395  -15.838  -83.162  53.473 0.8999999762
2067  -15.692  -82.077  53.504 0.8999999762
1088  -16.333  -84.132  52.966 0.8000000119
819  -16.603  -84.487  52.321 0.8000000119
1082  -17.222  -83.325  53.312 0.8000000119
828  -17.743  -84.706  51.020 0.8000000119
1089  -17.188  -83.964  52.891 0.8000000119
1109  -18.673  -84.619  49.755 0.6999999881
1118  -18.142  -84.540  48.448 0.5000000000
120668  -18.743  -84.544  48.871 0.6000000238
141529  -19.034  -84.439  47.369 0.4000000060
1128  -18.506  -84.555  47.112 0.4000000060
393  -2.631  -87.188  41.238 0.3000000119
394  -3.367  -87.542  41.596 0.2000000030
219  -3.212  -87.856  39.883 0.2000000030
210  -4.066  -88.090  40.978 0.3000000119
388  -4.250  -87.480  42.836 0.4000000060
378  -4.464  -87.062  43.626 0.6000000238
366  -5.733  -86.973  44.398 0.5000000000
349  -5.996  -86.222  45.985 0.8000000119
197  -4.827  -88.009  42.374 0.3000000119
135849  -6.327  -86.042  46.704 0.8000000119
139739  -4.922  -88.269  40.675 0.3000000119
126949  -5.407  -88.288  41.882 0.3000000119
1107  -9.415  -84.822  49.406 0.8000000119
1108  -10.052  -84.389  50.042 0.8999999762
136001  -10.590  -84.020  50.608 0.8000000119
1420  -11.149  -83.530  50.218 0.8000000119
1407  -11.350  -83.858  51.782 0.6999999881
137779  -14.544  -82.910  53.227 0.8999999762
1079  -14.777  -83.893  53.164 0.8000000119
818  -15.763  -84.511  52.687 0.8000000119
1397  -17.710  -82.824  53.429 0.8000000119
1096  -18.486  -84.306  51.588 0.6999999881
1090  -18.132  -83.949  52.505 0.8000000119
136287  -15.315  -85.101  51.381 0.8000000119
1098  -20.314  -83.982  51.555 0.8000000119
1097  -19.463  -84.064  51.798 0.8000000119
139343  -19.749  -84.236  51.039 0.8000000119
126032  -20.075  -84.364  48.983 0.8000000119
1103  -19.450  -84.460  50.292 0.6999999881
1120  -20.448  -84.281  48.253 0.6999999881
1121  -21.295  -84.109  48.581 0.6999999881
856  -18.146  -84.905  46.378 0.4000000060
1139  -19.213  -84.436  46.858 0.4000000060
120371  -19.949  -84.265  46.728 0.5000000000
1456  -20.485  -83.790  45.275 0.5000000000
865  -19.386  -85.042  45.106 0.4000000060
141762  -19.703  -84.547  45.515 0.4000000060
1140  -20.146  -84.205  45.898 0.5000000000
1460  -20.409  -83.781  44.523 0.5000000000
392  -1.992  -86.861  40.850 0.4000000060
127017  -2.802  -86.895  42.081 0.4000000060
376  -3.005  -86.588  42.952 0.6000000238
364  -3.948  -86.435  44.112 0.8000000119
606  -5.182  -85.588  45.780 0.8000000119
607  -5.887  -85.814  46.142 0.8000000119
405  -1.735  -86.975  39.197 0.3000000119
398  -2.542  -87.363  40.374 0.3000000119
377  -3.683  -86.864  43.316 0.6000000238
608  -6.390  -85.879  46.713 0.8000000119
1135  -7.003  -85.497  46.105 0.8000000119
425  -2.825  -87.447  38.664 0.1000000015
358  -5.490  -86.389  45.264 0.8000000119
407  -3.370  -87.756  39.161 0.2000000030
845  -7.046  -85.706  47.184 0.8000000119
126951  -8.751  -85.108  46.492 0.8000000119
846  -7.910  -85.540  47.917 0.8000000119
1125  -9.331  -84.693  47.345 0.8000000119
1433  -10.912  -83.797  47.108 0.8999999762
125139  -11.480  -83.578  47.679 0.8999999762
1126  -10.111  -84.232  47.763 0.8999999762
1114  -8.932  -84.789  48.602 0.8000000119
124928  -10.715  -83.860  48.356 0.8999999762
1427  -11.492  -83.520  48.805 0.8999999762
1421  -12.118  -83.156  49.580 0.8000000119
1415  -11.766  -83.309  51.013 0.8000000119
1409  -12.556  -83.482  52.493 0.8999999762
1084  -12.498  -84.321  52.596 0.8000000119
814  -12.344  -84.788  52.226 0.8000000119
824  -13.579  -85.179  51.719 0.8000000119
817  -14.978  -84.847  52.399 0.8000000119
1734  -18.982  -82.411  53.038 1.0000000000
1092  -20.125  -83.545  52.274 0.8000000119
1399  -19.301  -82.964  53.031 0.8000000119
1411  -21.395  -83.310  51.692 0.8000000119
1105  -21.254  -83.995  50.471 0.8000000119
1104  -20.396  -84.181  50.592 0.8000000119
138689  -23.099  -82.688  44.938 0.6999999881
1780  -22.624  -82.953  45.296 0.6000000238
120368  -22.776  -82.216  43.813 0.5000000000
142074  -21.346  -84.102  49.094 0.8000000119
1437  -21.664  -83.807  46.981 0.8000000119
1458  -22.074  -83.271  45.821 0.8000000119
1446  -22.416  -83.472  46.738 0.6999999881
1457  -21.179  -83.421  45.524 0.6000000238
1788  -21.258  -82.760  44.261 0.6999999881
1462  -21.709  -83.051  45.014 0.6999999881
119137  -21.678  -82.259  43.628 0.6000000238
122781  -21.787  -81.654  42.083 0.5000000000
1801  -20.691  -82.976  43.150 0.5000000000
1802  -21.095  -82.353  42.931 0.5000000000
2169  -21.159  -81.890  42.193 0.5000000000
1155  -20.719  -84.546  43.375 0.3000000119
1166  -20.642  -83.568  43.074 0.4000000060
611  -3.961  -85.624  45.238 0.8000000119
622  -3.552  -85.887  44.598 0.8999999762
647  -1.665  -86.476  40.459 0.4000000060
632  -2.701  -85.943  43.352 0.8000000119
130841  -5.598  -84.972  45.464 0.8000000119
676  -1.698  -86.900  38.325 0.3000000119
684  -2.224  -86.919  37.603 0.2000000030
1123  -7.738  -85.395  47.162 0.6999999881
1148  -8.421  -84.547  45.174 0.8000000119
685  -3.019  -86.885  37.497 0.2000000030
925  -3.262  -86.168  37.050 0.2000000030
1138  -10.216  -84.028  46.513 0.8999999762
1428  -12.446  -83.156  48.254 0.6999999881
123317  -12.748  -82.813  50.243 0.6999999881
1747  -14.430  -82.136  49.170 0.6999999881
1416  -12.637  -82.961  51.471 0.8000000119
1746  -13.697  -82.501  49.802 0.8000000119
1743  -14.254  -82.094  50.253 0.8000000119
1742  -13.602  -82.504  51.108 0.8000000119
1739  -13.391  -83.240  52.857 0.8999999762
1736  -14.202  -82.750  52.969 0.8000000119
1401  -12.810  -83.837  52.908 0.8000000119
1085  -13.406  -84.256  52.944 0.8000000119
1086  -14.342  -84.361  52.915 0.8000000119
135620  -14.041  -83.197  53.076 0.8000000119
2083  -20.500  -82.066  52.387 0.6999999881
1405  -21.223  -82.803  52.155 0.6999999881
1400  -19.898  -82.459  52.749 0.8000000119
1412  -21.928  -82.747  51.624 0.6999999881
1106  -21.966  -83.692  50.306 0.6999999881
1113  -22.114  -83.755  49.621 0.6999999881
1132  -22.008  -83.857  48.341 0.6999999881
1438  -22.181  -83.706  47.554 0.6999999881
1459  -23.016  -83.142  46.094 0.6999999881
132003  -23.183  -82.166  43.103 0.6000000238
120121  -22.886  -83.432  47.483 0.6999999881
1812  -22.468  -81.897  42.573 0.5000000000
2178  -21.166  -81.508  40.929 0.5000000000
2194  -21.076  -81.412  40.088 0.5000000000
2228  -20.929  -81.411  38.088 0.4000000060
122319  -20.780  -81.618  37.297 0.4000000060
858  -3.457  -84.832  45.135 0.8999999762
873  -1.867  -85.257  42.199 0.8999999762
635  -1.930  -85.957  41.941 0.8000000119
874  -2.255  -85.622  42.791 0.8000000119
1146  -6.310  -84.735  45.016 0.8000000119
638  -1.757  -86.244  41.119 0.6999999881
1147  -7.452  -84.750  45.016 0.6999999881
129165  -1.312  -86.560  38.900 0.5000000000
695  -1.823  -86.365  36.934 0.2000000030
1137  -9.501  -84.505  45.945 0.8999999762
1441  -9.721  -83.694  45.952 0.8999999762
2094  -20.888  -81.759  51.868 0.5000000000
125632  -19.976  -81.854  52.229 0.6000000238
2071  -18.967  -82.091  52.884 0.8999999762
2085  -21.825  -81.910  51.764 0.6999999881
1741  -22.861  -81.831  51.017 0.6999999881
1744  -23.618  -81.723  50.399 0.6000000238
1419  -23.154  -82.524  50.594 0.6999999881
1423  -22.661  -83.329  50.077 0.6999999881
1424  -23.404  -83.004  49.752 0.6999999881
1432  -24.347  -82.678  48.639 0.6999999881
1447  -23.514  -83.179  47.034 0.6999999881
1770  -24.524  -82.795  47.075 0.6999999881
128958  -23.806  -82.671  44.973 0.6999999881
124542  -22.778  -83.500  48.195 0.6999999881
1771  -25.430  -82.241  47.195 0.6999999881
125945  -24.896  -82.629  46.336 0.6999999881
127820  -24.490  -82.638  45.037 0.6000000238
1804  -23.851  -82.447  43.742 0.6000000238
127668  -22.264  -81.689  40.022 0.6000000238
127853  -23.237  -82.354  41.544 0.5000000000
2195  -21.566  -81.429  39.753 0.6000000238
2229  -21.417  -81.370  38.391 0.5000000000
2244  -21.613  -81.601  37.223 0.5000000000
1897  -20.741  -82.135  35.775 0.5000000000
142740  -20.412  -82.715  34.546 0.6000000238
1575  -19.958  -83.118  34.402 0.5000000000
870  -2.590  -85.291  43.666 0.8000000119
869  -2.229  -84.908  42.997 0.8000000119
1178  -1.510  -84.896  40.784 0.8000000119
890  -1.407  -86.010  40.498 0.5000000000
658  -0.973  -86.097  39.020 0.5000000000
126118  -1.267  -85.111  39.960 0.6000000238
675  -1.073  -86.339  38.272 0.5000000000
133448  -2.254  -85.747  35.954 0.1000000015
1878  -0.560  -82.688  35.613 0.5000000000
1902  -0.860  -82.479  34.231 0.2000000030
1911  -1.660  -82.594  33.799 0.1000000015
2093  -19.134  -81.499  51.719 0.6999999881
2445  -22.190  -81.359  51.053 0.6999999881
2082  -18.858  -81.698  52.485 0.8000000119
2454  -22.059  -81.015  50.543 0.5000000000
2105  -23.292  -81.397  50.566 0.6000000238
2106  -23.989  -81.281  50.113 0.6000000238
133508  -24.710  -81.471  49.435 0.6000000238
1749  -24.500  -82.065  49.472 0.6999999881
1750  -25.110  -81.705  48.845 0.6999999881
133614  -25.102  -82.651  44.676 0.6999999881
1757  -25.669  -81.611  47.951 0.6999999881
125304  -25.802  -82.155  46.351 0.6999999881
1805  -24.564  -82.812  43.519 0.6000000238
771  -2.730  -85.841  29.409 0.6999999881
1835  -22.973  -82.350  40.315 0.6000000238
765  -3.022  -86.260  30.112 0.6999999881
1844  -21.975  -81.543  39.055 0.6999999881
766  -3.715  -86.172  30.409 0.6999999881
1874  -22.280  -82.091  37.220 0.6000000238
480  -2.837  -87.345  31.723 0.6999999881
2262  -21.435  -81.890  36.128 0.5000000000
280  -3.237  -87.989  33.068 0.4000000060
109  -4.493  -88.650  33.903 0.4000000060
1290  -20.190  -84.340  31.895 0.5000000000
1602  -21.139  -83.507  33.346 0.3000000119
1908  -20.892  -82.455  34.832 0.5000000000
116  -4.655  -89.049  33.074 0.3000000119
1263  -19.642  -83.692  33.778 0.5000000000
1588  -20.140  -83.228  33.595 0.5000000000
1475  -1.968  -83.944  41.974 0.8000000119
1521  -1.711  -84.071  39.272 0.8000000119
1191  -1.341  -84.708  39.372 0.6000000238
138889  -0.683  -85.505  37.719 0.3000000119
922  -0.815  -86.003  37.569 0.4000000060
1837  -3.738  -82.515  39.855 0.8999999762
1536  -2.669  -83.135  39.388 0.8999999762
1204  -1.068  -84.580  38.532 0.6000000238
938  -0.955  -85.547  36.286 0.2000000030
1849  -3.263  -82.640  39.491 0.8000000119
1214  -0.873  -83.917  37.650 0.5000000000
1547  -0.517  -84.547  36.807 0.3000000119
959  -1.161  -85.210  35.783 0.1000000015
1230  -2.631  -85.089  35.781 0.1000000015
121148  -2.000  -83.016  38.819 0.8000000119
2219  -3.126  -81.972  39.165 0.8000000119
134296  -1.352  -82.928  38.065 0.8000000119
1847  -1.776  -82.161  38.486 0.6999999881
1862  -0.856  -82.993  37.156 0.6000000238
2232  -0.762  -82.279  36.532 0.4000000060
1861  -0.553  -83.238  36.246 0.4000000060
1571  -0.776  -83.652  35.050 0.2000000030
1584  -1.317  -83.535  34.513 0.1000000015
125930  -0.768  -80.915  35.840 0.5000000000
132511  -20.062  -81.457  50.558 0.6000000238
128894  -20.130  -81.598  51.482 0.6999999881
2103  -21.241  -81.344  51.114 0.6000000238
2456  -23.590  -81.077  50.151 0.5000000000
2468  -23.183  -80.675  49.471 0.6000000238
2823  -23.171  -80.082  48.048 0.6999999881
2457  -24.265  -81.138  49.814 0.5000000000
2482  -24.626  -80.713  48.836 0.6999999881
2483  -25.351  -80.865  48.561 0.5000000000
2497  -25.108  -80.403  48.126 0.6000000238
2125  -25.585  -81.139  48.378 0.6999999881
2147  -26.608  -81.033  46.779 0.6999999881
1784  -26.552  -81.560  46.210 0.6999999881
1021  -3.912  -85.337  28.948 0.8000000119
1022  -4.325  -85.551  29.946 0.6999999881
1013  -5.122  -85.447  30.653 0.6999999881
756  -4.121  -86.671  31.026 0.6000000238
291  -3.923  -88.185  31.922 0.5000000000
123  -4.322  -88.702  32.302 0.5000000000
121793  -4.908  -88.972  31.739 0.5000000000
117  -6.030  -89.314  33.992 0.4000000060
1006  -19.670  -85.034  30.955 0.6000000238
137831  -5.545  -89.412  33.018 0.5000000000
1157  -2.300  -83.943  42.938 0.8999999762
1816  -2.475  -82.680  41.744 0.8999999762
1476  -2.232  -83.150  42.304 1.0000000000
1493  -1.909  -84.189  41.094 0.8000000119
125829  -3.292  -81.594  41.697 0.8999999762
1827  -2.784  -83.121  40.764 0.6999999881
1509  -2.919  -83.326  40.150 1.0000000000
1817  -3.287  -82.355  41.057 1.0000000000
1535  -1.539  -83.686  38.584 0.6999999881
1249  -2.157  -84.644  35.247 0.1000000015
140735  -0.610  -83.770  36.763 0.5000000000
2201  -3.909  -81.483  39.330 0.8000000119
1558  -0.552  -84.069  36.101 0.2000000030
1259  -1.020  -84.090  34.909 0.1000000015
1260  -1.677  -84.081  34.781 0.1000000015
2924  -2.347  -79.893  39.227 0.8999999762
2218  -2.180  -81.546  38.835 0.6999999881
2233  -1.222  -81.887  37.612 0.6000000238
2569  -1.557  -80.029  38.237 0.8000000119
2923  -1.333  -79.072  38.057 0.8000000119
123205  -1.272  -80.706  37.640 0.6000000238
2466  -21.008  -81.105  50.086 0.6999999881
2480  -22.695  -80.315  48.704 0.6999999881
2467  -22.282  -80.554  49.358 0.6000000238
2496  -22.196  -80.021  47.924 0.6999999881
2824  -24.162  -80.282  48.159 0.6000000238
1332  -5.059  -84.604  28.328 0.8000000119
132032  -24.365  -79.761  46.927 0.6000000238
128728  -25.377  -79.941  47.352 0.6000000238
1321  -5.490  -84.688  29.233 0.8999999762
1322  -6.289  -84.370  29.300 0.8999999762
1310  -5.868  -84.858  30.153 0.8000000119
1323  -6.769  -84.514  30.043 0.8999999762
1311  -5.878  -85.300  31.145 0.8999999762
1000  -5.232  -85.903  31.587 0.6999999881
131  -4.565  -88.479  31.795 0.5000000000
515  -18.780  -86.539  29.142 0.6000000238
138  -5.116  -88.547  31.367 0.5000000000
132  -5.541  -89.069  31.135 0.6000000238
132102  -16.943  -87.165  27.806 0.8000000119
537  -15.469  -87.256  27.314 0.6999999881
126765  -2.507  -82.936  43.139 0.8999999762
1464  -2.684  -83.649  43.880 0.8000000119
1808  -2.742  -81.916  42.100 1.0000000000
2163  -3.746  -80.996  41.837 1.0000000000
2527  -3.488  -80.541  42.549 1.0000000000
2528  -4.380  -80.468  42.203 1.0000000000
2186  -4.765  -81.512  40.461 1.0000000000
1830  -4.693  -81.690  40.039 0.8999999762
2172  -5.303  -81.035  40.484 0.8999999762
2538  -4.848  -80.974  41.279 1.0000000000
2877  -5.850  -79.778  42.514 1.0000000000
2530  -6.031  -79.916  41.784 0.8999999762
132662  -6.272  -79.317  43.070 1.0000000000
2558  -5.013  -80.508  39.660 0.8000000119
2548  -5.936  -79.847  41.058 0.8999999762
2898  -6.337  -79.376  41.702 1.0000000000
3653  -7.813  -77.559  44.321 0.8999999762
2913  -2.990  -79.553  39.703 0.8000000119
2914  -4.282  -80.031  39.544 0.8000000119
2915  -5.087  -79.588  39.889 1.0000000000
3257  -7.061  -78.385  43.339 1.0000000000
3284  -6.483  -78.801  41.632 1.0000000000
3679  -6.737  -78.373  42.212 1.0000000000
125882  -1.492  -78.553  38.383 0.8999999762
2912  -2.088  -78.847  39.727 0.8999999762
125526  -4.717  -78.918  40.215 1.0000000000
2114  -19.821  -81.391  49.658 0.6999999881
123480  -21.367  -80.776  49.262 0.6999999881
2841  -22.211  -79.712  46.453 0.5000000000
2833  -23.706  -79.909  47.414 0.6000000238
2842  -23.331  -79.645  46.491 0.5000000000
2854  -22.632  -79.474  45.682 0.5000000000
136257  -24.204  -79.502  46.219 0.5000000000
1651  -5.722  -84.040  27.925 0.8999999762
128862  -7.136  -84.596  30.841 0.8999999762
748  -4.828  -86.591  31.578 0.6999999881
498  -4.707  -87.377  31.732 0.6000000238
20  -6.529  -89.589  33.298 0.4000000060
527  -18.464  -86.865  28.355 0.6999999881
36  -6.227  -89.414  31.676 0.6000000238
21  -7.440  -89.604  33.354 0.3000000119
553  -16.528  -87.062  26.908 0.8999999762
131089  -17.297  -87.073  27.220 0.8999999762
138844  -15.721  -87.070  26.488 0.6999999881
567  -15.389  -86.961  25.777 0.8000000119
800  -17.191  -86.244  24.549 0.8999999762
536  -14.526  -87.357  27.210 0.6999999881
551  -14.109  -87.219  26.430 0.6999999881
566  -14.553  -87.004  25.681 0.8999999762
135436  -2.966  -81.685  44.170 0.8999999762
2161  -2.692  -81.697  42.761 1.0000000000
136522  -3.253  -80.203  44.099 1.0000000000
2520  -3.143  -80.445  43.293 1.0000000000
2875  -3.455  -79.749  43.792 1.0000000000
2521  -3.809  -79.995  42.954 0.8999999762
3244  -4.878  -78.115  45.311 0.8000000119
128630  -6.603  -75.973  47.929 0.8000000119
133006  -5.432  -79.502  43.236 0.8999999762
3249  -5.672  -78.636  44.454 0.8000000119
4063  -6.692  -76.853  46.804 0.8000000119
140625  -5.715  -76.894  46.942 0.8000000119
4516  -2.458  -76.230  40.403 0.8999999762
3675  -2.466  -76.812  41.097 0.8999999762
2863  -5.859  -79.068  43.667 0.8999999762
3644  -7.333  -77.208  46.018 0.8999999762
3645  -8.211  -76.842  45.916 0.8000000119
3697  -2.087  -77.373  40.133 1.0000000000
3649  -7.984  -77.391  45.132 0.8999999762
3650  -8.671  -76.656  45.326 0.8000000119
3292  -2.660  -78.060  40.807 0.8999999762
124386  -1.903  -77.862  39.623 0.8999999762
3690  -4.651  -78.296  40.939 1.0000000000
3657  -7.529  -77.645  43.595 0.8999999762
3305  -1.555  -77.859  38.109 0.8999999762
3293  -3.684  -78.550  40.577 1.0000000000
2495  -21.224  -80.328  47.720 0.6999999881
2508  -20.783  -80.172  46.904 0.6000000238
2869  -23.094  -79.101  44.795 0.5000000000
1667  -5.770  -83.918  26.930 0.8999999762
125313  -7.018  -83.323  27.851 0.8999999762
1642  -7.114  -84.039  29.304 0.8999999762
1654  -8.307  -83.260  28.724 0.8999999762
1356  -5.657  -83.881  26.078 0.8999999762
1633  -7.593  -84.250  30.088 0.8999999762
1366  -4.679  -83.899  26.422 0.8000000119
1312  -7.954  -84.362  30.997 0.8999999762
1679  -3.469  -83.225  26.540 0.8000000119
1691  -4.695  -83.405  25.708 0.8000000119
469  -5.668  -86.461  32.284 0.6999999881
1001  -6.023  -85.685  32.084 0.8000000119
139  -5.678  -88.489  30.674 0.6999999881
42  -6.247  -89.215  30.881 0.6000000238
29  -6.954  -89.565  32.165 0.3000000119
577  -15.831  -86.670  25.091 0.8999999762
568  -16.212  -86.920  25.918 0.8999999762
578  -16.699  -86.669  25.219 0.8999999762
799  -16.277  -86.250  24.383 0.8999999762
135181  -2.882  -75.466  41.314 0.8999999762
4090  -2.836  -76.391  41.809 0.8999999762
4525  -2.805  -75.698  39.932 1.0000000000
4064  -7.676  -76.724  46.632 0.8000000119
4058  -7.116  -76.338  47.328 0.8000000119
4107  -2.190  -76.705  39.830 1.0000000000
4091  -3.444  -76.760  42.106 0.8999999762
4068  -9.220  -76.048  45.549 0.8000000119
4115  -2.169  -76.626  38.991 1.0000000000
120285  -1.969  -77.138  39.450 1.0000000000
3689  -3.315  -77.886  41.208 0.8999999762
4092  -4.620  -77.090  42.109 1.0000000000
3715  -1.886  -77.290  37.699 0.8999999762
3677  -5.264  -77.782  41.558 1.0000000000
140293  -8.586  -76.357  44.605 0.8000000119
3678  -6.212  -78.058  41.740 1.0000000000
4084  -7.186  -77.198  43.132 0.8999999762
3283  -5.799  -78.525  41.165 1.0000000000
3252  -21.909  -78.653  43.893 0.5000000000
3253  -22.914  -78.655  43.963 0.5000000000
1982  -7.857  -83.056  27.980 1.0000000000
3280  -23.169  -77.828  42.653 0.4000000060
1668  -6.628  -83.378  27.027 0.8999999762
1634  -8.437  -83.961  30.217 0.8999999762
3267  -23.715  -78.276  43.274 0.4000000060
2017  -3.432  -82.634  25.937 0.6000000238
1680  -6.284  -83.654  26.087 1.0000000000
1298  -7.414  -84.776  31.746 0.8000000119
499  -5.469  -87.818  31.107 0.6999999881
44  -7.475  -89.401  31.082 0.5000000000
123783  -8.181  -89.425  31.400 0.4000000060
45  -8.713  -89.276  30.952 0.4000000060
798  -15.358  -86.177  24.273 0.8999999762
133853  -13.677  -86.982  25.557 0.8000000119
797  -14.461  -86.092  24.200 0.8999999762
4508  -3.038  -75.452  42.006 0.8999999762
4080  -3.249  -76.029  42.486 0.8999999762
4060  -8.864  -76.052  46.736 0.8000000119
4059  -8.063  -76.213  47.125 0.8000000119
4448  -8.267  -75.268  49.225 0.8000000119
4116  -2.752  -76.283  38.658 1.0000000000
4081  -3.993  -76.416  42.616 0.8999999762
4470  -9.528  -75.415  47.011 0.8000000119
4869  -9.949  -74.807  47.739 0.8000000119
127813  -10.673  -73.489  48.808 0.6999999881
4082  -5.172  -76.715  42.620 0.8999999762
4477  -9.893  -75.276  46.354 0.8000000119
4870  -10.680  -74.152  47.445 0.8000000119
5291  -10.990  -72.724  48.813 0.6999999881
4128  -3.255  -76.731  37.865 0.8999999762
4075  -5.782  -76.290  43.091 0.8999999762
4887  -9.823  -74.827  45.580 0.8000000119
4494  -9.300  -75.572  45.253 0.8000000119
4077  -7.670  -76.853  43.592 0.8999999762
4493  -8.726  -75.830  44.687 0.8000000119
122259  -21.959  -79.314  45.043 0.5000000000
3265  -21.508  -78.328  43.252 0.4000000060
2724  -3.298  -80.856  25.092 0.6999999881
2028  -3.640  -82.266  24.853 0.8000000119
1968  -9.825  -82.715  28.999 1.0000000000
2027  -3.308  -82.119  25.425 0.8000000119
1996  -8.206  -82.564  27.356 1.0000000000
1700  -4.116  -82.989  25.111 0.8000000119
1622  -8.822  -84.086  31.254 1.0000000000
3673  -22.887  -77.418  42.190 0.4000000060
130095  -23.871  -78.031  42.563 0.4000000060
1367  -5.307  -83.722  25.697 0.8999999762
470  -6.073  -87.097  32.542 0.6999999881
989  -6.420  -86.080  32.774 0.8000000119
511  -5.826  -87.857  30.148 0.6999999881
483  -5.894  -87.434  31.832 0.6999999881
136164  -6.227  -88.387  29.803 0.6999999881
564  -11.864  -86.556  25.300 0.8000000119
148  -6.858  -88.886  29.610 0.6999999881
122824  -7.697  -89.119  29.852 0.6000000238
331  -11.755  -87.559  26.760 0.6999999881
155  -7.468  -88.721  29.025 0.6999999881
149  -8.212  -89.018  29.482 0.5000000000
123502  -8.968  -89.002  29.601 0.4000000060
144  -10.268  -88.981  30.390 0.2000000030
151  -10.634  -88.729  29.750 0.5000000000
133  -10.722  -88.990  30.980 0.2000000030
152  -11.438  -88.499  29.947 0.3000000119
159  -11.059  -88.363  29.116 0.5000000000
134155  -10.928  -87.539  26.645 0.6999999881
549  -12.224  -87.184  26.043 0.6999999881
574  -12.466  -86.215  24.751 0.8000000119
134441  -13.266  -86.439  24.796 0.8999999762
806  -14.000  -85.522  23.729 0.8999999762
807  -14.843  -85.491  23.621 0.8000000119
1065  -16.323  -85.122  23.185 0.6999999881
325  -12.195  -87.814  27.671 0.6000000238
332  -12.697  -87.529  26.976 0.6999999881
126752  -3.621  -74.778  40.496 0.8999999762
139318  -3.428  -75.228  39.869 1.0000000000
131783  -3.931  -75.331  43.455 0.8999999762
4117  -3.888  -76.291  38.356 0.8999999762
4499  -5.086  -75.619  43.604 0.8999999762
4491  -5.745  -75.240  44.120 0.8999999762
5290  -10.964  -73.420  48.064 0.6999999881
4129  -4.454  -76.897  37.593 0.8999999762
4076  -6.923  -76.557  43.237 0.8999999762
4492  -7.491  -75.407  44.304 0.8000000119
4878  -10.575  -74.185  46.664 0.8000000119
126624  -10.923  -73.401  47.243 0.6999999881
120162  -3.808  -77.594  36.532 0.8999999762
134083  -9.495  -74.484  45.429 0.8000000119
2381  -3.699  -81.350  24.609 0.6999999881
2385  -4.853  -81.683  23.454 0.8000000119
2044  -5.967  -82.142  22.678 0.8999999762
3686  -22.944  -76.999  41.597 0.2000000030
1997  -9.015  -82.269  27.471 1.0000000000
1984  -9.453  -82.426  28.238 1.0000000000
1985  -10.370  -82.094  28.374 0.8999999762
1645  -10.062  -83.045  29.816 1.0000000000
1959  -10.786  -82.756  30.188 1.0000000000
1636  -10.277  -83.298  30.797 1.0000000000
1299  -8.259  -84.536  32.006 0.8999999762
1623  -9.764  -83.777  31.748 1.0000000000
1285  -7.758  -85.141  32.631 0.8000000119
1286  -8.617  -84.912  32.886 0.8000000119
1041  -10.105  -85.516  27.261 0.8999999762
1039  -8.765  -86.065  26.963 0.8999999762
573  -11.786  -86.033  24.823 0.8999999762
311  -6.616  -88.025  28.982 0.6999999881
548  -11.131  -87.040  25.842 0.8000000119
160  -7.849  -88.284  28.336 0.6000000238
157  -9.321  -88.706  28.931 0.5000000000
150  -9.822  -88.895  29.689 0.5000000000
158  -10.208  -88.570  28.985 0.6999999881
324  -11.286  -87.888  27.474 0.6000000238
4908  -3.238  -74.445  41.880 0.8999999762
5359  -3.517  -73.910  43.163 0.8999999762
126044  -3.496  -74.605  43.229 0.8999999762
4903  -3.806  -74.667  43.792 0.8999999762
4518  -4.444  -74.906  39.770 1.0000000000
4534  -4.568  -75.815  38.750 0.8999999762
4490  -4.539  -74.866  44.106 0.8999999762
132195  -5.385  -74.058  45.331 0.8000000119
4884  -6.432  -74.332  45.160 0.8000000119
4895  -6.503  -75.013  44.564 0.8000000119
134121  -7.289  -74.875  44.798 0.8000000119
5331  -8.196  -73.775  45.672 0.8000000119
5773  -10.975  -72.196  48.705 0.6999999881
4130  -5.391  -76.845  37.274 0.8999999762
3734  -5.440  -77.288  35.874 0.8999999762
4119  -6.190  -76.311  37.525 0.8999999762
4886  -8.780  -74.451  45.228 0.8000000119
5332  -9.342  -73.797  45.664 0.6999999881
5319  -10.150  -73.523  46.066 0.8000000119
5797  -10.687  -73.034  46.762 0.6999999881
3735  -6.007  -76.863  35.833 0.8999999762
3745  -4.904  -77.320  35.260 0.6999999881
3755  -5.466  -76.718  35.320 0.6999999881
2737  -4.503  -80.997  23.975 0.6999999881
2726  -4.177  -80.494  24.755 0.6999999881
121972  -23.504  -77.355  41.223 0.2000000030
133263  -22.842  -76.858  40.016 0.2000000030
1713  -4.980  -83.042  23.937 0.8000000119
1969  -10.555  -82.414  29.320 1.0000000000
138871  -6.344  -83.224  23.632 0.8999999762
122690  -9.069  -82.283  25.831 1.0000000000
1998  -9.887  -82.066  27.525 1.0000000000
2343  -11.862  -81.801  29.211 0.8999999762
3674  -23.535  -77.601  42.013 0.2000000030
1702  -5.471  -83.396  24.364 0.8999999762
2019  -7.683  -82.974  25.616 1.0000000000
1368  -6.024  -83.716  25.308 1.0000000000
980  -8.580  -86.058  33.287 0.8000000119
501  -6.428  -87.431  30.770 0.6999999881
485  -7.787  -87.203  31.870 0.8000000119
472  -8.176  -87.023  32.646 0.8000000119
484  -6.883  -87.349  31.855 0.6999999881
1034  -10.555  -85.461  28.449 0.8999999762
512  -6.375  -87.496  29.748 0.6999999881
1032  -8.811  -85.826  27.599 0.8999999762
1045  -9.513  -85.993  26.055 0.8999999762
772  -7.535  -86.739  28.269 0.8000000119
773  -8.205  -86.198  27.753 0.8999999762
545  -8.861  -86.910  26.689 0.8000000119
561  -9.271  -86.703  26.373 0.8999999762
562  -9.794  -86.512  25.940 0.8000000119
1046  -10.200  -85.826  25.768 0.8999999762
320  -7.123  -87.651  28.471 0.6999999881
128318  -8.044  -87.390  27.551 0.8000000119
329  -9.467  -87.577  26.875 0.8000000119
547  -10.105  -87.190  26.201 0.6999999881
322  -9.018  -87.999  27.492 0.6999999881
313  -9.641  -88.355  28.220 0.8000000119
330  -10.380  -87.804  27.118 0.8000000119
4913  -4.794  -74.311  40.355 1.0000000000
5347  -3.661  -73.392  43.875 0.8999999762
4920  -5.615  -74.811  39.629 1.0000000000
4892  -3.728  -73.488  44.400 0.8000000119
138855  -3.902  -73.504  44.833 0.8000000119
4535  -5.712  -75.850  38.471 1.0000000000
4536  -6.700  -75.596  38.196 0.8999999762
5329  -5.851  -73.825  45.895 0.8000000119
4131  -6.692  -76.215  36.679 0.8999999762
5330  -6.983  -73.860  45.814 0.8000000119
4556  -6.624  -75.703  36.180 0.8999999762
5796  -9.792  -72.807  46.585 0.6999999881
5772  -10.877  -72.235  48.020 0.6999999881
6206  -10.552  -71.687  48.845 0.6999999881
6205  -9.618  -71.480  48.726 0.6999999881
4564  -4.968  -75.942  35.325 0.6999999881
5783  -9.461  -72.232  47.368 0.6999999881
2739  -6.066  -80.917  23.083 0.8000000119
2359  -12.309  -81.073  28.023 0.6999999881
125206  -12.339  -81.335  28.841 0.8000000119
131882  -13.367  -80.409  28.810 0.6000000238
2747  -6.677  -81.045  22.535 0.8000000119
2045  -6.669  -82.483  22.709 1.0000000000
2000  -11.383  -81.452  27.493 0.8000000119
2366  -12.403  -80.894  27.191 0.6999999881
2344  -12.495  -81.582  29.793 0.6999999881
133938  -22.271  -76.729  39.189 0.2000000030
136211  -11.310  -81.425  25.969 0.8999999762
128108  -11.089  -81.693  28.109 0.8000000119
1971  -11.910  -82.054  29.948 0.8000000119
1961  -12.239  -82.070  30.699 0.8000000119
2022  -9.775  -82.132  25.260 0.8999999762
120484  -9.848  -82.021  26.090 1.0000000000
132271  -10.537  -83.402  31.741 1.0000000000
1960  -11.496  -82.440  30.545 0.8999999762
1949  -11.793  -82.590  31.699 1.0000000000
1950  -12.625  -82.082  31.651 0.8000000119
1324  -13.066  -85.094  28.999 0.8999999762
126847  -6.673  -83.321  23.827 1.0000000000
1693  -7.569  -83.159  24.724 1.0000000000
2020  -8.369  -82.763  25.025 1.0000000000
1608  -9.854  -84.213  32.878 0.8999999762
1624  -11.134  -83.189  32.286 1.0000000000
1932  -11.794  -82.908  32.868 0.8999999762
981  -9.199  -86.061  33.200 0.8999999762
513  -7.064  -86.877  29.865 0.6999999881
1024  -11.274  -85.460  29.434 0.8999999762
1035  -11.639  -85.305  28.404 0.8999999762
767  -6.923  -86.996  28.954 0.8000000119
768  -7.796  -86.473  29.549 0.8000000119
774  -8.730  -85.846  28.453 0.8999999762
1023  -9.718  -85.684  29.197 0.8999999762
1047  -10.699  -85.501  26.342 0.8999999762
5374  -3.916  -73.737  41.790 0.8999999762
5375  -5.041  -73.376  41.352 0.8999999762
5348  -3.708  -73.145  43.437 0.8999999762
5811  -3.858  -72.536  44.394 0.8000000119
4921  -6.735  -74.743  39.453 1.0000000000
6243  -4.325  -72.132  44.134 0.8000000119
5328  -4.880  -73.646  45.780 0.8000000119
4922  -7.573  -74.500  39.248 1.0000000000
4545  -7.461  -75.139  37.446 1.0000000000
5313  -4.182  -72.823  45.769 0.8000000119
125192  -7.065  -75.109  36.607 0.8999999762
5315  -5.267  -73.287  46.395 0.8000000119
4952  -6.319  -75.200  36.265 0.8000000119
128818  -9.947  -81.347  21.848 0.8999999762
2054  -10.363  -81.654  22.296 0.8999999762
2749  -8.032  -80.122  22.345 1.0000000000
2396  -9.105  -81.375  21.889 0.8999999762
2754  -8.043  -80.651  22.156 1.0000000000
4135  -21.971  -75.989  37.810 0.2000000030
2053  -9.435  -81.795  22.312 0.8999999762
2703  -13.180  -80.419  26.871 0.6999999881
2687  -13.311  -80.388  28.218 0.6000000238
3028  -13.881  -79.879  29.728 0.6000000238
2047  -8.172  -82.352  22.628 1.0000000000
2040  -9.527  -82.385  23.135 0.8999999762
2041  -11.051  -81.770  23.062 0.8999999762
2371  -11.780  -81.209  26.687 0.8999999762
3710  -22.218  -77.337  38.283 0.2000000030
1725  -7.367  -82.649  22.934 1.0000000000
2039  -8.736  -82.543  22.937 1.0000000000
2323  -12.957  -81.600  30.769 0.6999999881
1706  -8.742  -82.654  23.501 1.0000000000
125696  -11.193  -81.551  25.093 0.8999999762
1704  -7.108  -83.374  24.169 1.0000000000
1609  -10.561  -84.177  33.234 0.8999999762
1610  -11.209  -83.548  33.111 1.0000000000
1326  -14.389  -84.807  29.703 0.8000000119
750  -9.656  -86.519  32.068 0.8999999762
1273  -9.943  -85.429  33.232 0.8999999762
1325  -13.470  -84.985  29.677 0.8999999762
757  -8.056  -86.741  30.712 0.8000000119
1025  -12.231  -85.224  29.167 0.8999999762
138999  -8.701  -86.137  29.696 0.8999999762
1015  -10.489  -85.699  30.135 0.8999999762
6246  -8.711  -71.524  43.407 0.8000000119
5846  -8.017  -72.899  41.522 0.8999999762
6254  -8.208  -72.033  42.709 0.8000000119
6683  -8.493  -70.945  44.098 0.8999999762
5845  -6.680  -72.839  41.764 0.8999999762
5832  -6.391  -72.210  42.469 0.8000000119
6236  -7.518  -71.008  43.989 0.8000000119
5376  -6.189  -73.324  41.149 0.8999999762
143316  -5.600  -73.014  41.702 0.8999999762
6244  -5.210  -71.757  43.659 0.8000000119
6658  -5.183  -70.888  45.740 0.8000000119
4914  -6.182  -74.317  40.111 1.0000000000
6233  -4.145  -72.003  44.822 0.8000000119
142004  -4.330  -72.429  46.203 0.8000000119
5415  -5.890  -74.067  37.175 0.8000000119
2393  -12.244  -81.505  22.043 0.8999999762
4124  -21.752  -75.569  38.465 0.2000000030
3120  -6.771  -80.575  22.828 0.8000000119
125522  -14.242  -79.163  28.965 0.6000000238
3065  -14.153  -79.363  27.380 0.5000000000
3056  -14.081  -79.398  28.268 0.6000000238
3045  -14.216  -79.329  29.592 0.6000000238
3427  -15.075  -78.240  29.760 0.5000000000
120983  -22.517  -76.221  37.288 0.2000000030
2716  -13.191  -80.508  26.043 0.6999999881
3079  -13.678  -80.014  26.254 0.6000000238
2382  -11.085  -81.639  24.042 0.8999999762
2658  -13.760  -80.352  30.217 0.6999999881
139274  -14.560  -79.503  30.748 0.6000000238
2030  -9.516  -82.323  24.154 0.8999999762
2379  -12.024  -81.178  25.462 0.6999999881
2715  -13.045  -80.825  25.237 0.6999999881
2303  -12.943  -82.170  32.569 0.8000000119
2324  -13.623  -80.981  30.845 0.8000000119
1933  -12.516  -82.713  33.105 0.8999999762
751  -10.488  -86.118  32.068 0.8999999762
992  -10.751  -85.759  32.648 0.8999999762
1274  -10.624  -84.776  33.297 0.8999999762
136623  -14.463  -84.661  30.496 0.6999999881
128960  -10.876  -85.790  31.154 0.8999999762
1014  -9.629  -85.943  30.262 0.8999999762
127689  -11.275  -85.553  30.396 0.8999999762
6247  -9.925  -71.555  43.191 1.0000000000
6684  -9.491  -71.101  43.902 0.8999999762
5833  -8.744  -72.474  42.018 0.8999999762
6660  -7.188  -70.244  45.331 0.8000000119
5377  -7.352  -73.342  41.022 0.8999999762
6659  -6.150  -70.533  45.508 0.8000000119
6649  -4.942  -70.718  46.452 0.8000000119
4916  -7.944  -74.022  39.678 1.0000000000
4923  -8.127  -74.100  39.171 1.0000000000
5393  -8.168  -73.896  38.804 1.0000000000
5392  -7.820  -73.669  38.431 1.0000000000
5400  -6.804  -74.023  37.410 0.8000000119
140977  -6.245  -73.174  38.169 0.8999999762
5884  -5.382  -73.086  38.287 0.8000000119
2398  -11.725  -81.237  21.772 0.8000000119
2400  -12.785  -80.726  21.602 0.6999999881
2751  -14.851  -81.020  22.158 0.6999999881
2752  -15.638  -80.813  22.294 0.6000000238
142891  -8.475  -80.180  22.043 0.8999999762
124544  -12.976  -81.401  22.278 0.8000000119
4543  -21.555  -74.822  38.540 0.2000000030
2729  -14.320  -80.828  23.685 0.6000000238
3840  -15.526  -77.605  28.466 0.5000000000
3839  -14.990  -78.145  28.913 0.5000000000
3826  -15.533  -77.656  29.357 0.5000000000
4943  -22.030  -74.639  37.725 0.2000000030
121343  -11.877  -81.529  23.392 0.8999999762
135489  -12.763  -81.256  23.202 0.8000000119
3450  -14.713  -78.727  27.043 0.5000000000
3857  -14.994  -78.233  27.934 0.5000000000
2728  -13.385  -80.967  24.033 0.6999999881
3107  -13.859  -80.476  24.799 0.6000000238
3095  -15.038  -79.367  25.200 0.5000000000
3463  -14.772  -78.981  26.062 0.5000000000
3809  -15.664  -77.825  30.159 0.5000000000
132736  -22.708  -74.852  37.359 0.2000000030
119089  -11.727  -81.387  24.474 0.8999999762
3094  -14.235  -79.780  25.584 0.6000000238
3411  -15.314  -78.435  30.533 0.5000000000
2645  -14.210  -80.234  30.949 0.6000000238
3012  -14.783  -79.741  31.411 0.5000000000
1934  -13.241  -82.467  33.172 0.8999999762
2644  -14.181  -81.242  32.242 0.6999999881
123525  -14.527  -80.497  31.803 0.6999999881
1003  -11.219  -85.738  32.025 0.8999999762
1915  -12.063  -83.377  33.312 0.8999999762
1916  -12.857  -82.993  33.385 0.8999999762
2305  -14.459  -81.626  33.003 0.6000000238
3013  -15.414  -79.307  31.789 0.5000000000
1626  -15.645  -83.715  31.555 0.6000000238
137962  -12.156  -84.842  32.830 0.8999999762
1597  -13.264  -83.307  33.317 0.8999999762
2284  -14.010  -82.250  33.227 0.8000000119
2623  -15.255  -81.274  33.292 0.6000000238
1016  -11.635  -85.515  31.137 0.8999999762
1313  -12.929  -85.038  30.368 0.8999999762
131594  -14.071  -84.605  31.130 0.6999999881
1303  -14.337  -84.318  31.688 0.6000000238
6685  -10.240  -70.975  43.713 0.8999999762
6662  -9.138  -69.914  45.027 0.6999999881
7131  -8.566  -69.741  45.665 0.6999999881
6650  -6.668  -70.153  46.264 0.6999999881
5847  -8.926  -72.743  41.285 1.0000000000
5388  -8.449  -73.433  39.483 1.0000000000
5857  -9.084  -72.547  40.226 1.0000000000
123367  -8.134  -72.615  39.305 1.0000000000
5867  -7.059  -72.265  39.142 1.0000000000
5883  -4.259  -73.237  38.124 0.8000000119
3141  -9.713  -79.962  21.698 0.8999999762
124955  -14.527  -80.753  21.833 0.6000000238
2758  -15.378  -80.665  21.855 0.6000000238
3134  -17.101  -80.099  22.252 0.6000000238
2741  -15.829  -80.413  23.256 0.6000000238
5396  -21.857  -73.715  38.081 0.2000000030
3858  -15.737  -77.756  26.751 0.5000000000
141205  -16.414  -76.892  28.535 0.5000000000
5406  -22.629  -74.024  37.588 0.2000000030
3124  -16.718  -79.972  23.048 0.6000000238
3109  -15.446  -79.844  24.332 0.6000000238
3476  -16.102  -78.294  25.308 0.5000000000
3871  -15.857  -78.003  26.009 0.5000000000
141430  -16.846  -77.167  26.119 0.5000000000
141642  -16.618  -76.918  29.460 0.5000000000
3493  -16.538  -78.649  24.549 0.5000000000
4216  -16.946  -76.965  30.203 0.4000000060
4944  -23.454  -74.309  37.360 0.2000000030
3810  -16.360  -77.565  30.627 0.4000000060
3397  -15.700  -78.609  31.325 0.5000000000
125839  -15.500  -80.440  33.035 0.6000000238
3000  -15.791  -79.621  32.692 0.6000000238
124719  -13.197  -84.862  31.286 0.8999999762
1288  -13.360  -84.210  32.700 0.8999999762
1612  -14.480  -83.539  32.806 0.6999999881
1918  -14.425  -82.607  33.268 0.6999999881
2624  -15.872  -80.825  33.724 0.6000000238
1638  -15.993  -83.506  30.757 0.6000000238
1627  -16.299  -83.077  31.391 0.6000000238
2325  -16.665  -82.280  31.035 0.5000000000
1614  -16.083  -83.099  32.373 0.6000000238
2314  -17.139  -81.609  31.651 0.5000000000
141384  -17.529  -81.157  31.886 0.6000000238
2306  -17.547  -81.351  32.511 0.5000000000
3014  -18.726  -79.726  31.892 0.6000000238
3412  -19.343  -78.486  31.072 0.6000000238
120937  -19.374  -78.048  30.332 0.5000000000
133149  -20.252  -77.603  31.292 0.6000000238
3813  -21.046  -76.801  30.075 0.5000000000
143132  -11.390  -68.334  46.180 0.6999999881
7133  -10.654  -69.124  45.051 0.6999999881
6248  -10.329  -71.191  43.085 1.0000000000
5834  -9.536  -72.320  41.853 1.0000000000
5848  -9.302  -72.469  41.116 1.0000000000
6279  -9.397  -72.233  40.834 1.0000000000
6278  -9.021  -71.892  40.475 1.0000000000
6293  -7.621  -71.839  39.671 1.0000000000
6276  -7.157  -71.187  40.063 1.0000000000
6292  -6.289  -71.500  39.652 1.0000000000
127219  -4.466  -72.731  38.597 0.8999999762
6291  -4.925  -71.758  39.474 0.8999999762
5882  -3.302  -73.132  37.730 0.6999999881
3143  -11.514  -79.757  21.597 0.8000000119
3148  -16.577  -80.063  21.709 0.6000000238
3144  -12.449  -79.948  21.444 0.8000000119
3512  -9.738  -79.226  22.478 0.8000000119
3125  -18.348  -79.297  22.440 0.6000000238
3505  -17.944  -78.934  23.316 0.6000000238
128670  -9.559  -78.767  23.557 0.8999999762
120921  -10.864  -79.245  22.060 0.8000000119
3859  -16.227  -77.216  27.114 0.5000000000
3917  -10.800  -78.183  22.955 0.8000000119
3900  -16.788  -77.929  25.115 0.5000000000
4312  -18.397  -76.999  24.858 0.5000000000
4277  -17.708  -76.526  26.373 0.5000000000
127983  -17.450  -76.427  27.113 0.5000000000
5889  -22.686  -73.122  37.801 0.2000000030
5408  -24.310  -73.183  37.509 0.1000000015
3898  -10.372  -77.983  23.656 0.8000000119
3494  -17.446  -78.227  24.288 0.5000000000
4297  -18.817  -76.363  25.325 0.4000000060
4231  -17.263  -76.478  29.464 0.4000000060
4204  -17.110  -77.295  31.170 0.3000000119
4636  -18.057  -76.130  30.621 0.3000000119
135313  -16.103  -78.845  32.227 0.5000000000
3795  -16.547  -78.047  31.674 0.4000000060
1302  -13.690  -84.499  31.917 0.6999999881
1613  -15.311  -83.392  32.575 0.6999999881
1919  -15.298  -82.354  33.377 0.6999999881
2286  -15.752  -81.601  33.664 0.6000000238
2625  -16.491  -80.505  33.983 0.5000000000
3388  -17.308  -78.400  33.443 0.5000000000
3783  -17.116  -78.004  32.616 0.3000000119
4205  -17.757  -76.871  31.704 0.3000000119
136386  -18.090  -76.366  31.312 0.3000000119
1935  -15.721  -82.795  33.106 0.6999999881
2287  -16.467  -81.524  33.829 0.6000000238
2988  -17.642  -79.754  34.077 0.5000000000
1951  -16.670  -82.497  32.054 0.6000000238
2638  -18.436  -80.353  32.707 0.6000000238
7616  -11.993  -67.946  46.062 0.6000000238
8043  -12.084  -67.676  47.008 0.6000000238
8524  -12.629  -66.817  46.913 0.5000000000
7141  -10.680  -69.299  44.170 0.8999999762
6697  -10.447  -70.561  43.076 1.0000000000
6712  -9.935  -71.139  41.800 1.0000000000
6711  -9.117  -70.750  41.386 1.0000000000
6728  -8.650  -71.124  40.794 1.0000000000
141599  -4.040  -71.830  39.616 0.8999999762
6726  -6.189  -70.769  40.346 1.0000000000
6322  -3.037  -72.399  38.202 0.6999999881
5873  -3.636  -72.635  38.477 0.8000000119
123271  -13.309  -80.141  21.476 0.6999999881
3146  -15.028  -80.223  21.501 0.6000000238
3149  -17.925  -79.391  21.840 0.6000000238
128237  -19.297  -78.754  21.911 0.6999999881
3154  -16.367  -79.703  21.461 0.6000000238
3507  -19.426  -78.619  22.557 0.5000000000
5879  -22.044  -72.646  38.303 0.2000000030
3514  -11.184  -78.549  22.484 0.8000000119
126563  -13.016  -79.318  21.537 0.8000000119
3534  -15.498  -78.701  21.212 0.6000000238
3909  -18.383  -78.192  23.749 0.5000000000
4246  -17.303  -76.361  28.624 0.4000000060
3525  -12.842  -78.610  21.948 0.8000000119
4324  -19.782  -77.268  23.611 0.5000000000
4278  -18.467  -76.161  26.122 0.4000000060
4686  -18.845  -75.544  26.654 0.4000000060
4671  -17.886  -76.082  27.533 0.4000000060
6330  -23.737  -71.865  37.848 0.1000000015
3490  -9.695  -78.484  24.509 0.8000000119
3918  -11.521  -77.777  22.883 0.8000000119
3901  -18.087  -77.603  24.431 0.5000000000
4313  -19.238  -76.715  24.542 0.4000000060
4700  -19.253  -75.749  25.840 0.5000000000
4658  -18.431  -75.400  28.613 0.4000000060
3899  -10.273  -77.732  24.734 0.8000000119
4310  -10.892  -77.118  24.044 0.8000000119
4701  -19.662  -76.029  25.044 0.5000000000
4646  -18.379  -75.410  29.495 0.3000000119
5025  -19.090  -74.907  31.854 0.2000000030
3784  -17.642  -77.620  33.157 0.3000000119
122693  -17.974  -76.951  32.672 0.3000000119
2626  -18.072  -80.662  33.491 0.5000000000
2989  -18.399  -79.879  33.790 0.5000000000
142711  -17.737  -78.592  33.954 0.5000000000
4180  -18.889  -76.669  33.654 0.5000000000
3030  -18.195  -79.616  30.946 0.6000000238
3015  -19.384  -79.114  32.050 0.6000000238
3399  -19.920  -78.280  31.925 0.6000000238
119315  -21.894  -76.589  29.917 0.5000000000
4232  -22.554  -76.814  29.220 0.5000000000
4248  -24.180  -76.731  28.819 0.3000000119
141292  -22.656  -76.422  29.950 0.3000000119
7624  -11.080  -68.407  44.630 0.8000000119
8050  -11.672  -67.643  45.062 0.8999999762
7165  -10.467  -69.761  43.381 1.0000000000
7634  -10.779  -68.758  44.048 0.8999999762
141459  -10.149  -68.656  43.446 1.0000000000
7641  -9.231  -68.800  42.802 1.0000000000
7164  -9.752  -69.690  42.557 1.0000000000
7178  -9.456  -70.222  41.981 1.0000000000
7177  -8.265  -69.786  41.666 1.0000000000
7649  -7.009  -69.253  41.781 1.0000000000
133993  -8.169  -70.439  41.140 1.0000000000
6709  -6.200  -70.125  40.977 1.0000000000
6745  -3.581  -71.097  40.066 0.8999999762
6708  -5.050  -70.385  40.808 1.0000000000
6758  -2.849  -71.194  38.517 0.6000000238
6290  -3.535  -71.661  39.581 0.6999999881
3538  -19.237  -78.054  21.191 0.6999999881
3539  -19.950  -77.783  21.297 0.6999999881
3945  -21.393  -76.864  20.977 0.5000000000
3527  -17.949  -78.923  21.529 0.6000000238
3923  -22.195  -76.658  21.758 0.5000000000
4328  -23.624  -75.766  22.823 0.4000000060
3920  -19.982  -78.087  22.606 0.6000000238
5880  -22.892  -72.222  38.039 0.1000000015
3928  -14.059  -78.058  21.790 0.8000000119
3151  -14.288  -78.600  21.396 0.6000000238
3911  -21.160  -77.032  22.699 0.5000000000
4326  -21.682  -76.417  23.425 0.5000000000
4314  -21.047  -76.221  24.138 0.5000000000
5060  -19.159  -74.823  28.190 0.3000000119
5047  -18.908  -74.902  29.126 0.2000000030
3491  -9.912  -78.478  25.505 0.8999999762
3919  -12.234  -77.370  22.864 0.8000000119
4345  -13.749  -77.206  22.351 0.6999999881
4687  -19.678  -75.157  26.391 0.4000000060
5085  -20.096  -74.676  26.958 0.2000000030
4334  -11.862  -76.995  23.242 0.8000000119
4715  -20.610  -75.838  24.816 0.4000000060
138313  -20.929  -74.453  26.870 0.1000000015
121022  -19.424  -74.314  31.244 0.2000000030
5026  -19.603  -74.123  32.261 0.2000000030
5012  -19.310  -74.875  32.790 0.2000000030
5013  -19.740  -74.297  32.962 0.2000000030
3002  -19.073  -79.592  32.979 0.6000000238
2990  -19.059  -79.045  33.778 0.6000000238
3770  -19.333  -77.546  33.914 0.5000000000
139874  -19.783  -76.954  33.754 0.3000000119
4598  -19.178  -75.732  33.293 0.3000000119
5453  -20.157  -74.138  33.213 0.2000000030
5001  -21.472  -74.148  33.446 0.2000000030
3389  -20.205  -78.129  32.887 0.4000000060
3771  -20.529  -76.970  33.424 0.3000000119
3772  -20.877  -76.450  33.295 0.2000000030
4600  -20.488  -75.474  33.431 0.2000000030
141689  -22.767  -74.054  33.285 0.2000000030
5002  -23.526  -73.987  33.198 0.2000000030
3003  -19.656  -78.844  32.962 0.6000000238
3798  -21.049  -76.974  32.151 0.3000000119
4195  -21.363  -76.134  32.911 0.3000000119
4602  -22.156  -74.621  33.238 0.2000000030
127409  -23.858  -74.516  32.750 0.2000000030
3797  -20.496  -77.576  32.102 0.5000000000
4208  -22.054  -76.024  31.620 0.3000000119
4625  -22.540  -75.673  31.902 0.3000000119
4614  -23.578  -75.007  32.334 0.3000000119
3812  -20.824  -76.989  31.138 0.5000000000
120892  -22.178  -76.219  30.715 0.4000000060
4220  -23.120  -76.085  30.440 0.2000000030
4235  -25.245  -76.161  29.412 0.1000000015
4234  -24.462  -76.323  29.539 0.2000000030
9007  -12.142  -65.339  48.264 0.4000000060
10049  -10.776  -63.749  50.014 0.5000000000
9041  -12.473  -66.446  46.607 0.5000000000
9024  -11.757  -65.401  47.630 0.8000000119
9555  -11.412  -64.919  48.367 0.5000000000
9554  -10.489  -64.665  48.748 0.6000000238
8539  -12.319  -66.525  45.909 0.8000000119
9023  -10.967  -65.331  47.553 0.6000000238
9022  -10.039  -65.522  47.741 0.6999999881
9553  -9.493  -64.780  49.027 0.6000000238
8059  -10.517  -67.480  44.255 1.0000000000
8557  -10.578  -66.765  44.720 1.0000000000
7632  -9.620  -68.253  43.322 1.0000000000
7631  -8.788  -68.123  43.073 1.0000000000
8075  -7.517  -68.334  42.715 1.0000000000
7176  -6.265  -69.606  41.492 1.0000000000
125383  -6.630  -68.587  42.478 1.0000000000
6725  -3.980  -70.721  40.571 0.8999999762
7175  -5.098  -69.719  41.565 1.0000000000
128297  -2.908  -70.809  39.339 0.6999999881
6744  -3.232  -71.089  39.843 0.6999999881
3943  -19.803  -77.377  20.807 0.6999999881
126756  -20.426  -76.674  20.494 0.6000000238
4755  -21.799  -75.796  20.358 0.5000000000
3942  -18.934  -77.465  20.886 0.6999999881
3933  -22.174  -76.527  21.166 0.5000000000
140724  -23.262  -75.719  21.414 0.5000000000
129911  -24.103  -74.976  22.397 0.3000000119
128004  -16.893  -77.947  21.213 0.6000000238
4727  -24.149  -75.074  23.358 0.3000000119
5592  -24.218  -74.291  23.799 0.2000000030
123371  -15.213  -78.054  21.224 0.6999999881
4725  -22.491  -76.022  23.951 0.3000000119
4718  -24.015  -75.152  24.392 0.3000000119
4346  -14.744  -76.740  22.096 0.6000000238
4716  -21.762  -75.777  24.586 0.4000000060
131593  -19.439  -74.488  28.897 0.2000000030
121960  -10.833  -77.296  26.458 0.8000000119
5101  -21.630  -74.996  25.808 0.4000000060
5072  -20.569  -74.263  27.520 0.1000000015
128817  -19.345  -74.495  29.590 0.2000000030
4311  -11.289  -76.322  24.389 0.8000000119
4722  -11.851  -75.907  23.839 0.8000000119
4336  -13.369  -76.361  22.858 0.6999999881
5553  -21.158  -73.834  28.136 0.1000000015
5534  -20.683  -73.788  29.004 0.2000000030
5073  -21.808  -74.096  27.269 0.1000000015
5535  -21.859  -73.483  28.886 0.1000000015
4615  -24.524  -74.839  32.302 0.2000000030
4218  -21.487  -76.491  31.405 0.4000000060
4627  -24.054  -75.320  31.692 0.2000000030
4638  -23.603  -75.667  31.032 0.3000000119
4639  -24.451  -75.549  30.919 0.1000000015
4221  -23.997  -75.967  30.256 0.1000000015
4648  -25.697  -75.653  29.913 0.1000000015
4659  -25.940  -75.876  29.093 0.1000000015
136608  -10.939  -65.914  46.110 0.8000000119
9038  -10.339  -65.809  46.876 0.6999999881
8548  -10.021  -66.313  45.206 0.8000000119
120815  -9.119  -66.440  45.735 1.0000000000
141275  -9.882  -67.037  44.264 1.0000000000
8556  -9.145  -67.047  44.050 1.0000000000
8555  -8.659  -66.907  44.463 1.0000000000
8068  -7.866  -67.776  43.259 1.0000000000
8074  -6.970  -68.105  43.030 1.0000000000
7630  -6.011  -68.294  43.276 1.0000000000
7161  -5.802  -69.132  42.030 1.0000000000
122223  -2.955  -69.831  39.361 0.6000000238
6724  -3.399  -70.618  40.380 0.8999999762
6707  -4.116  -70.020  41.303 0.8999999762
4756  -22.446  -75.553  20.547 0.5000000000
5140  -23.140  -74.690  20.990 0.4000000060
5597  -23.270  -73.839  22.081 0.3000000119
4359  -20.174  -75.985  20.224 0.6000000238
5122  -24.006  -74.462  22.786 0.3000000119
5584  -22.597  -73.080  23.519 0.1000000015
6043  -22.996  -72.963  24.631 0.1000000015
129447  -17.719  -76.522  21.023 0.6999999881
4357  -18.585  -76.640  20.778 0.6999999881
133058  -22.963  -72.642  25.418 0.1000000015
6020  -23.566  -72.671  26.157 0.1000000015
4704  -23.608  -75.026  25.145 0.2000000030
5115  -24.173  -74.556  24.950 0.2000000030
5568  -23.887  -73.466  26.415 0.1000000015
134080  -9.606  -76.515  28.081 0.8000000119
4257  -10.336  -76.980  27.871 0.8999999762
3930  -16.168  -76.954  21.392 0.6999999881
4744  -16.494  -75.357  21.383 0.6999999881
5103  -23.878  -74.492  25.554 0.2000000030
5556  -23.965  -73.092  27.349 0.1000000015
4275  -11.215  -76.540  26.946 0.8000000119
4683  -11.517  -75.709  26.394 0.8000000119
4337  -14.226  -76.116  22.536 0.6000000238
4742  -15.064  -75.777  22.197 0.6999999881
5102  -22.983  -74.747  25.913 0.3000000119
5088  -22.935  -74.211  26.686 0.1000000015
4723  -12.552  -75.729  23.487 0.6999999881
4734  -13.839  -75.621  22.912 0.6999999881
5554  -22.464  -73.690  27.973 0.1000000015
5989  -22.431  -72.710  30.257 0.1000000015
123673  -21.087  -73.441  29.546 0.1000000015
4699  -11.749  -75.249  25.512 0.8000000119
5990  -23.632  -72.547  29.595 0.1000000015
8056  -7.360  -67.425  44.142 1.0000000000
8067  -6.706  -67.853  43.687 1.0000000000
8055  -6.325  -67.743  44.580 1.0000000000
7629  -4.790  -68.510  43.659 1.0000000000
7174  -4.132  -69.499  41.915 1.0000000000
7639  -4.182  -68.802  43.101 1.0000000000
129628  -3.231  -68.376  39.551 0.5000000000
7680  -3.116  -68.932  40.476 0.6000000238
7189  -3.568  -70.073  40.974 0.8000000119
4764  -22.114  -75.109  20.152 0.5000000000
4762  -20.863  -75.317  19.994 0.6000000238
5618  -22.667  -73.991  20.356 0.4000000060
5596  -22.551  -73.125  22.501 0.3000000119
6042  -21.589  -72.509  23.944 0.1000000015
6033  -21.850  -72.336  24.918 0.1000000015
6483  -21.017  -71.746  25.358 0.1000000015
138395  -21.227  -70.892  27.060 0.1000000015
5068  -9.559  -74.518  27.291 0.8000000119
4752  -18.203  -75.805  20.704 0.6000000238
122945  -19.147  -74.893  20.061 0.6000000238
138365  -23.741  -72.526  26.942 0.1000000015
6450  -22.267  -71.389  27.254 0.1000000015
6893  -21.724  -70.685  27.695 0.1000000015
4655  -10.487  -75.458  28.566 0.8999999762
138094  -17.162  -74.878  21.061 0.6000000238
5145  -17.839  -74.523  20.688 0.6000000238
5999  -24.072  -72.601  28.051 0.1000000015
6451  -23.536  -71.968  27.530 0.1000000015
6882  -23.425  -70.940  28.781 0.1000000015
135569  -24.098  -71.475  28.881 0.1000000015
4656  -11.152  -75.726  28.299 0.8000000119
5137  -15.862  -74.789  21.582 0.6999999881
5603  -15.444  -73.057  21.645 0.6000000238
5536  -23.189  -73.290  28.497 0.1000000015
5991  -24.139  -72.292  29.103 0.1000000015
5129  -14.491  -74.392  22.563 0.6999999881
5136  -14.837  -74.184  22.182 0.6999999881
5978  -24.182  -71.997  29.863 0.1000000015
5968  -22.624  -72.066  31.273 0.1000000015
5111  -12.735  -74.841  24.444 0.6999999881
5120  -13.794  -74.751  23.387 0.6999999881
141899  -14.015  -74.333  23.640 0.6999999881
6416  -23.951  -71.696  30.762 0.1000000015
135950  -3.700  -69.441  41.656 1.0000000000
7159  -3.800  -68.967  42.460 1.0000000000
127797  -3.418  -67.863  38.462 0.4000000060
7661  -3.177  -68.505  41.252 0.6999999881
5607  -22.563  -73.085  21.389 0.4000000060
6489  -20.454  -71.249  24.141 0.1000000015
6920  -19.845  -70.140  24.965 0.1000000015
7365  -19.934  -69.149  26.796 0.1000000015
8272  -20.193  -68.006  27.602 0.1000000015
8258  -20.364  -67.708  28.442 0.1000000015
5617  -22.167  -73.238  19.930 0.4000000060
6060  -22.251  -72.305  21.915 0.3000000119
6482  -20.247  -71.229  24.940 0.1000000015
6915  -19.934  -70.442  25.463 0.1000000015
141114  -20.373  -70.511  26.415 0.1000000015
7366  -20.404  -69.338  27.503 0.1000000015
7822  -20.570  -68.447  28.458 0.1000000015
8239  -20.600  -67.231  29.516 0.1000000015
4754  -19.945  -75.153  19.968 0.6000000238
5622  -21.548  -73.901  19.704 0.5000000000
5548  -10.510  -72.884  26.543 0.8000000119
6006  -10.428  -71.908  27.926 0.8000000119
5146  -18.762  -74.154  20.305 0.5000000000
7367  -21.216  -69.893  27.982 0.1000000015
7823  -21.105  -68.856  28.983 0.1000000015
8240  -20.918  -67.895  29.952 0.1000000015
8696  -20.748  -66.587  30.335 0.1000000015
5547  -9.957  -73.575  27.492 0.8000000119
7346  -21.565  -69.639  28.717 0.1000000015
7329  -21.834  -69.359  29.495 0.1000000015
8213  -21.604  -67.513  31.123 0.1000000015
5057  -10.387  -74.498  28.703 0.8000000119
7330  -22.770  -69.923  29.882 0.1000000015
5139  -17.030  -74.006  20.953 0.5000000000
5138  -16.328  -74.410  21.288 0.6000000238
6417  -24.367  -71.264  30.294 0.1000000015
6859  -24.400  -70.850  30.024 0.1000000015
131085  -11.517  -75.707  27.282 0.8000000119
4684  -11.921  -74.981  26.429 0.8000000119
5097  -12.500  -74.711  25.428 0.8000000119
6409  -24.484  -70.540  30.860 0.1000000015
5590  -14.280  -73.369  22.814 0.6000000238
6852  -25.369  -69.750  32.012 0.1000000015
6840  -24.377  -70.806  32.456 0.1000000015
6841  -25.076  -70.559  32.576 0.1000000015
141415  -13.992  -74.353  24.587 0.8000000119
7285  -26.056  -69.421  32.105 0.1000000015
6842  -25.888  -70.302  32.617 0.1000000015
10045  -6.572  -63.669  49.327 0.4000000060
122928  -6.640  -64.496  48.267 0.5000000000
10053  -7.137  -64.427  49.085 0.6000000238
9551  -7.121  -64.949  48.574 0.6999999881
9562  -6.520  -65.073  47.994 0.8000000119
8054  -5.193  -67.902  45.028 1.0000000000
7628  -3.899  -68.274  43.660 1.0000000000
7648  -3.474  -68.829  41.961 1.0000000000
8088  -3.230  -67.949  40.325 0.5000000000
128913  -20.494  -69.121  24.747 0.1000000015
119862  -19.805  -69.056  26.100 0.1000000015
8284  -20.207  -67.761  27.146 0.1000000015
8273  -20.278  -67.293  27.823 0.1000000015
6077  -22.215  -72.450  20.205 0.4000000060
6506  -22.130  -71.411  21.496 0.4000000060
7404  -20.938  -70.175  23.774 0.1000000015
8707  -20.507  -66.231  29.504 0.1000000015
6526  -21.969  -71.863  20.307 0.4000000060
6518  -21.726  -71.148  20.823 0.4000000060
5529  -10.331  -72.963  28.752 0.8000000119
5615  -19.665  -73.378  20.014 0.5000000000
5045  -10.781  -73.645  29.092 0.8999999762
5606  -17.977  -72.904  20.893 0.5000000000
7782  -22.145  -68.277  31.094 0.1000000015
5058  -11.286  -74.464  28.876 0.8999999762
5046  -11.671  -73.878  29.137 0.8000000119
142843  -16.815  -72.335  21.402 0.5000000000
7331  -23.928  -70.435  29.957 0.1000000015
7783  -22.938  -68.401  31.347 0.1000000015
5069  -11.582  -74.945  28.367 0.8000000119
5549  -12.839  -73.618  28.009 0.8000000119
6065  -16.156  -72.688  21.448 0.5000000000
7313  -24.361  -70.044  30.712 0.1000000015
7294  -23.610  -69.162  31.155 0.1000000015
8215  -23.937  -67.799  31.458 0.1000000015
136278  -12.559  -74.113  27.473 0.8000000119
5081  -12.715  -74.324  26.503 0.8000000119
6503  -15.166  -71.762  22.097 0.5000000000
7296  -25.104  -69.263  31.547 0.1000000015
7785  -24.796  -68.486  31.509 0.1000000015
5099  -14.325  -74.238  25.186 0.8000000119
5577  -14.617  -73.042  24.410 0.6999999881
139629  -26.059  -68.714  31.832 0.1000000015
5100  -15.078  -73.782  25.225 0.8000000119
7298  -26.662  -68.967  31.985 0.1000000015
7299  -27.466  -69.399  32.059 0.1000000015
124927  -26.609  -66.936  29.806 0.1000000015
7789  -28.102  -68.501  31.257 0.1000000015
8274  -25.891  -66.683  28.162 0.1000000015
10044  -5.731  -63.050  48.979 0.4000000060
10569  -5.789  -63.082  49.878 0.4000000060
10052  -6.299  -63.712  48.191 0.6000000238
10055  -6.327  -63.984  47.286 0.6999999881
9572  -6.112  -64.447  47.186 0.8000000119
9018  -5.874  -65.819  47.730 0.8999999762
10059  -5.821  -64.375  46.476 0.8000000119
9571  -5.752  -65.180  47.314 0.8999999762
8534  -4.927  -66.645  47.014 1.0000000000
9036  -5.008  -65.944  47.326 1.0000000000
8544  -4.528  -67.131  46.243 1.0000000000
8065  -4.308  -68.022  44.425 1.0000000000
136909  -3.679  -68.473  43.109 1.0000000000
8079  -3.281  -68.115  42.044 0.8000000119
123516  -3.425  -67.818  42.806 1.0000000000
121211  -3.319  -67.580  41.167 0.6999999881
8301  -21.121  -67.837  25.093 0.1000000015
7855  -20.325  -68.551  25.472 0.1000000015
8285  -20.449  -67.375  26.649 0.1000000015
6941  -21.990  -70.126  22.013 0.2000000030
7405  -21.902  -69.685  22.977 0.2000000030
7394  -21.192  -69.277  23.936 0.1000000015
129505  -22.165  -69.001  22.636 0.2000000030
8311  -22.123  -67.856  23.476 0.2000000030
8302  -21.683  -67.857  24.269 0.1000000015
6434  -10.433  -71.419  28.658 0.8000000119
6075  -19.709  -72.379  20.258 0.5000000000
6517  -21.038  -71.047  20.448 0.4000000060
6951  -20.963  -70.410  20.972 0.3000000119
9194  -21.023  -65.173  30.927 0.1000000015
6422  -10.834  -71.965  29.219 0.8999999762
6067  -18.605  -72.343  20.848 0.5000000000
8214  -22.434  -67.582  31.406 0.1000000015
6515  -18.275  -71.677  21.297 0.5000000000
6940  -18.336  -70.413  21.986 0.4000000060
131899  -23.161  -67.255  31.431 0.1000000015
8687  -23.160  -66.397  31.342 0.1000000015
5986  -11.672  -72.521  29.313 0.8999999762
6504  -15.801  -71.304  22.093 0.5000000000
6505  -16.669  -71.241  21.965 0.5000000000
8216  -24.763  -67.617  31.359 0.1000000015
5550  -13.738  -73.284  27.467 0.8000000119
133220  -15.095  -71.032  22.357 0.5000000000
7786  -25.578  -68.189  31.580 0.1000000015
6049  -14.055  -72.589  22.986 0.5000000000
6936  -14.224  -70.919  22.683 0.5000000000
8217  -25.681  -67.395  31.197 0.1000000015
5084  -15.657  -73.402  25.837 0.8000000119
6488  -13.543  -71.546  23.854 0.5000000000
8228  -26.232  -66.973  30.512 0.1000000015
6041  -14.394  -72.388  24.657 0.6000000238
8241  -25.743  -66.596  29.515 0.1000000015
9221  -25.787  -65.554  28.268 0.1000000015
9785  -27.547  -64.874  27.695 0.1000000015
10573  -6.023  -62.515  48.066 0.4000000060
10060  -6.283  -63.837  46.581 0.6999999881
10576  -6.517  -63.010  47.053 0.5000000000
130232  -4.984  -65.184  46.787 1.0000000000
9035  -4.042  -65.665  46.286 1.0000000000
139909  -4.287  -66.593  46.453 1.0000000000
8543  -3.926  -66.865  45.840 1.0000000000
8064  -3.728  -67.459  44.642 1.0000000000
132250  -3.712  -67.841  44.078 1.0000000000
8565  -3.676  -67.402  43.441 1.0000000000
135512  -3.756  -67.175  42.724 0.8999999762
8571  -4.372  -66.490  42.061 0.8000000119
8570  -3.544  -67.357  42.014 0.8000000119
8581  -3.791  -66.706  41.094 0.8000000119
8755  -21.540  -66.476  25.373 0.1000000015
7886  -22.073  -68.133  21.804 0.3000000119
7342  -10.026  -69.799  28.712 0.8999999762
7419  -20.276  -69.759  21.364 0.4000000060
133695  -21.243  -68.726  21.461 0.3000000119
136601  -21.317  -67.708  21.713 0.3000000119
8312  -22.530  -67.371  22.800 0.2000000030
6864  -10.354  -70.596  29.229 0.8999999762
6950  -19.925  -70.385  21.138 0.4000000060
7412  -19.610  -69.293  21.879 0.4000000060
7411  -18.693  -69.606  22.224 0.4000000060
7878  -18.993  -68.705  22.457 0.4000000060
8688  -23.729  -66.213  31.056 0.1000000015
5987  -12.482  -72.734  29.105 0.8000000119
5531  -13.307  -73.027  28.180 0.8000000119
124739  -16.759  -69.992  22.621 0.4000000060
7403  -18.074  -69.181  22.731 0.4000000060
9733  -24.906  -64.928  30.189 0.1000000015
9720  -25.776  -64.196  30.825 0.1000000015
5532  -14.098  -72.642  27.883 0.8000000119
6938  -16.005  -70.615  22.351 0.5000000000
8698  -24.623  -66.087  30.205 0.1000000015
9195  -24.423  -65.594  30.405 0.1000000015
10230  -27.292  -63.777  30.539 0.1000000015
5566  -14.369  -73.653  26.641 0.8000000119
6927  -14.019  -69.967  22.777 0.5000000000
7401  -14.849  -69.545  22.827 0.4000000060
8227  -25.200  -66.580  30.318 0.1000000015
9196  -24.897  -65.628  29.618 0.1000000015
122498  -25.764  -64.470  29.903 0.1000000015
6031  -15.403  -72.813  25.289 0.6999999881
9220  -25.355  -65.714  28.772 0.1000000015
9751  -26.030  -64.689  29.190 0.1000000015
9769  -27.269  -64.586  28.394 0.1000000015
126288  -13.171  -70.709  24.323 0.5000000000
9770  -28.162  -64.216  28.125 0.1000000015
9786  -28.438  -64.520  27.358 0.1000000015
121735  -30.446  -63.393  27.590 0.1000000015
10071  -6.418  -63.491  45.875 0.8000000119
139813  -6.774  -63.105  46.234 0.5000000000
10580  -7.462  -62.261  45.819 0.5000000000
10058  -4.871  -64.528  46.100 1.0000000000
9570  -4.273  -65.119  46.297 1.0000000000
8532  -3.943  -66.252  46.105 1.0000000000
9046  -3.773  -65.752  45.657 1.0000000000
8552  -3.570  -66.903  44.698 1.0000000000
127294  -3.917  -64.239  45.408 1.0000000000
9049  -3.656  -65.447  44.945 1.0000000000
136872  -3.661  -67.424  44.096 1.0000000000
9585  -3.825  -64.364  44.759 1.0000000000
9052  -3.918  -65.597  44.271 1.0000000000
8561  -3.787  -66.627  44.054 1.0000000000
9592  -4.905  -65.030  43.067 0.8999999762
8566  -4.209  -66.577  43.086 1.0000000000
9056  -5.065  -65.716  42.572 0.8000000119
135018  -10.147  -68.291  27.794 0.8000000119
8236  -9.748  -68.051  28.847 1.0000000000
138747  -22.648  -66.081  24.223 0.2000000030
9809  -22.396  -64.844  25.613 0.1000000015
7816  -10.013  -68.935  28.558 0.8000000119
8783  -21.984  -66.526  21.867 0.2000000030
8318  -22.463  -67.147  22.156 0.2000000030
8767  -22.801  -66.542  23.354 0.2000000030
7322  -10.160  -69.752  29.592 0.8999999762
129376  -20.648  -67.355  22.038 0.4000000060
6865  -11.006  -70.843  29.515 0.8999999762
8310  -19.247  -67.307  23.041 0.4000000060
8316  -19.699  -67.830  22.356 0.4000000060
6424  -11.545  -71.487  29.430 0.8999999762
6425  -13.513  -71.573  28.987 0.8999999762
6435  -14.339  -71.953  28.381 0.8000000119
8308  -17.965  -68.137  23.656 0.4000000060
7871  -17.350  -68.836  23.268 0.4000000060
125771  -15.677  -69.218  23.011 0.4000000060
5552  -15.646  -72.984  26.560 0.8000000119
7862  -16.947  -68.244  23.936 0.4000000060
10249  -27.635  -63.892  29.736 0.1000000015
10250  -28.535  -63.628  29.556 0.1000000015
6480  -15.818  -72.543  25.897 0.8000000119
7868  -13.651  -68.660  23.259 0.5000000000
10251  -29.365  -63.351  29.283 0.1000000015
6479  -15.172  -72.123  25.542 0.6999999881
6919  -12.931  -69.708  23.796 0.5000000000
9753  -27.922  -64.032  28.934 0.1000000015
10586  -7.091  -62.703  45.435 0.8000000119
10070  -5.580  -63.790  45.719 0.8999999762
11090  -7.837  -61.588  45.718 0.5000000000
10587  -7.610  -61.972  45.251 0.6000000238
11681  -7.799  -61.406  45.289 0.5000000000
10069  -4.407  -63.851  45.508 1.0000000000
10082  -3.889  -63.947  43.844 0.8999999762
140315  -24.062  -63.524  24.980 0.1000000015
8704  -9.424  -66.548  29.408 1.0000000000
8693  -8.931  -66.768  30.510 1.0000000000
9273  -23.766  -65.308  22.674 0.1000000015
9810  -22.969  -64.724  24.867 0.1000000015
9290  -23.248  -65.891  22.017 0.1000000015
8775  -22.946  -66.582  22.375 0.2000000030
7321  -9.868  -69.287  29.297 0.8999999762
9288  -21.477  -65.805  22.120 0.3000000119
130381  -21.980  -65.343  22.028 0.1000000015
9278  -19.294  -66.039  23.997 0.3000000119
7323  -10.952  -70.196  29.929 0.8999999762
127292  -12.703  -70.548  29.677 0.8000000119
8300  -18.619  -67.346  23.881 0.4000000060
6867  -13.649  -70.766  29.383 0.8000000119
122289  -15.160  -71.503  28.226 0.8000000119
8299  -17.610  -67.619  24.425 0.4000000060
8298  -16.498  -67.552  24.412 0.3000000119
6449  -15.837  -71.733  27.249 0.8000000119
6907  -15.517  -70.908  26.705 0.6000000238
8297  -15.308  -67.234  24.106 0.3000000119
7860  -14.254  -67.762  23.562 0.4000000060
10267  -29.746  -63.508  28.364 0.1000000015
10584  -4.952  -63.065  45.193 0.8999999762
10585  -6.326  -63.063  45.193 0.8999999762
11099  -6.989  -62.218  44.864 0.8999999762
11680  -7.442  -60.750  45.273 0.6999999881
12265  -7.821  -60.389  46.097 0.6999999881
10591  -4.106  -62.794  44.584 0.8999999762
9203  -10.024  -65.795  28.484 0.8000000119
9820  -24.078  -64.795  23.371 0.1000000015
10308  -24.614  -63.680  24.033 0.1000000015
141836  -9.410  -68.064  29.813 0.8999999762
8222  -9.172  -67.531  30.608 0.8999999762
9833  -23.803  -64.500  22.111 0.1000000015
9825  -24.170  -64.621  22.696 0.1000000015
125047  -9.542  -68.417  30.252 0.8999999762
7775  -9.698  -67.990  31.008 0.8999999762
7776  -10.591  -68.265  31.322 0.8999999762
10320  -22.063  -63.960  22.454 0.1000000015
10321  -23.109  -63.813  22.121 0.1000000015
7306  -10.530  -69.470  30.279 0.8999999762
7307  -11.638  -69.599  30.449 0.8999999762
7308  -12.765  -69.643  30.457 0.8000000119
9823  -20.080  -64.806  23.332 0.3000000119
131978  -14.156  -70.251  29.741 0.8000000119
9270  -18.869  -65.961  24.877 0.2000000030
6879  -16.101  -70.568  28.549 0.8000000119
8753  -17.509  -66.385  25.571 0.2000000030
6891  -16.064  -70.385  27.635 0.6999999881
8763  -16.032  -66.851  24.793 0.3000000119
7377  -15.173  -70.021  27.018 0.6000000238
7391  -12.798  -68.853  24.430 0.5000000000
138740  -14.309  -67.100  24.181 0.3000000119
6912  -12.886  -69.938  24.911 0.5000000000
7858  -12.926  -67.924  24.455 0.4000000060
7854  -12.925  -68.259  25.422 0.5000000000
11098  -5.685  -62.236  44.912 0.8999999762
10583  -4.354  -62.950  44.944 0.8000000119
11679  -6.352  -61.171  44.825 0.8000000119
12271  -6.351  -60.210  45.435 0.8000000119
12851  -6.439  -59.008  46.640 0.8000000119
12840  -6.999  -58.586  47.176 0.8000000119
10766  -10.747  -62.627  27.993 0.8999999762
143337  -11.171  -62.840  28.598 0.8999999762
10262  -10.505  -63.320  27.753 0.8999999762
9746  -10.642  -64.249  29.269 1.0000000000
9710  -9.698  -64.536  31.058 1.0000000000
9745  -10.209  -65.074  29.027 0.8999999762
9725  -9.865  -64.774  30.240 1.0000000000
9178  -9.018  -65.131  31.166 1.0000000000
10315  -24.860  -63.549  22.941 0.1000000015
10797  -24.533  -62.951  24.858 0.1000000015
8682  -8.532  -66.327  31.099 1.0000000000
8192  -8.806  -66.791  32.008 1.0000000000
10823  -23.209  -62.815  22.298 0.1000000015
10322  -23.983  -63.577  22.088 0.1000000015
8208  -10.016  -67.685  31.853 0.8999999762
10822  -22.184  -63.161  22.631 0.2000000030
8674  -10.057  -66.730  32.927 1.0000000000
7794  -12.163  -69.118  31.082 0.8999999762
7795  -13.292  -69.152  31.059 0.8999999762
9271  -19.437  -65.294  24.142 0.2000000030
120704  -19.192  -65.014  25.213 0.2000000030
6869  -15.856  -70.352  29.226 0.8000000119
6870  -16.310  -69.961  29.118 0.8000000119
137605  -18.562  -65.489  25.866 0.2000000030
9248  -18.159  -65.017  26.408 0.2000000030
7364  -16.285  -69.651  28.358 0.6000000238
9259  -16.194  -65.629  25.395 0.2000000030
8750  -14.464  -65.998  25.099 0.3000000119
7376  -13.868  -69.493  26.443 0.6000000238
142116  -13.146  -67.723  25.758 0.4000000060
8289  -13.906  -66.787  24.910 0.3000000119
11097  -4.555  -62.038  44.930 0.8999999762
11678  -4.742  -61.149  45.283 0.8999999762
11096  -4.315  -61.932  44.748 0.8000000119
131276  -4.949  -60.261  45.848 0.8000000119
12263  -5.545  -59.515  46.276 0.8000000119
12253  -5.231  -58.794  47.155 0.8999999762
13541  -6.356  -57.846  47.740 0.6999999881
13542  -7.399  -57.979  47.750 0.8000000119
12252  -4.454  -59.317  46.978 0.8999999762
132228  -6.053  -58.374  47.252 0.8000000119
120723  -8.214  -56.713  48.607 0.5000000000
14147  -9.093  -56.076  48.754 0.5000000000
14148  -9.888  -56.319  48.745 0.5000000000
10731  -11.372  -62.621  29.219 1.0000000000
10225  -11.244  -63.394  30.175 1.0000000000
9726  -10.563  -64.168  30.358 1.0000000000
131586  -11.162  -64.274  31.736 1.0000000000
135577  -9.452  -64.883  31.853 1.0000000000
10805  -25.210  -62.887  23.654 0.1000000015
10798  -24.997  -62.176  24.773 0.1000000015
8673  -9.086  -66.278  32.533 1.0000000000
10825  -24.940  -62.464  22.164 0.1000000015
10806  -25.649  -62.260  22.997 0.1000000015
11360  -26.221  -61.248  23.967 0.1000000015
11368  -26.491  -61.040  23.257 0.1000000015
8179  -10.940  -67.013  33.299 0.8999999762
8211  -13.110  -68.118  32.280 0.8999999762
10813  -21.335  -62.702  23.431 0.2000000030
7310  -15.327  -69.474  30.533 0.8000000119
10306  -20.261  -63.269  24.146 0.2000000030
7327  -15.953  -69.698  29.821 0.8000000119
7803  -16.356  -68.950  29.501 0.6999999881
130774  -20.181  -62.887  24.806 0.2000000030
7819  -15.722  -68.408  28.631 0.6000000238
7818  -14.734  -67.912  28.036 0.6000000238
9807  -18.954  -64.663  26.169 0.2000000030
9796  -18.460  -64.136  26.541 0.2000000030
10288  -18.752  -63.189  26.618 0.2000000030
11347  -19.843  -61.779  26.138 0.2000000030
7362  -14.679  -69.129  27.216 0.6000000238
127520  -13.755  -67.185  26.746 0.4000000060
9794  -16.477  -64.551  25.992 0.2000000030
10287  -17.769  -63.515  26.522 0.2000000030
11341  -19.143  -61.602  26.454 0.2000000030
12517  -19.201  -60.188  26.344 0.2000000030
7361  -13.723  -68.570  26.710 0.6000000238
9257  -13.965  -65.281  25.553 0.3000000119
10300  -15.697  -63.761  25.923 0.2000000030
10788  -17.425  -62.050  26.304 0.2000000030
12518  -19.671  -59.441  26.425 0.2000000030
136299  -16.004  -63.155  26.101 0.2000000030
10787  -16.313  -62.000  26.200 0.2000000030
133799  -18.230  -60.373  26.415 0.2000000030
11914  -17.423  -60.675  26.436 0.2000000030
130197  -3.906  -61.103  44.766 0.8000000119
125398  -4.252  -60.918  45.309 0.8999999762
11673  -4.305  -60.356  45.880 0.8999999762
12262  -4.235  -59.784  46.558 0.8999999762
136465  -3.994  -59.539  46.707 0.8999999762
12838  -3.874  -58.427  47.524 0.8999999762
12839  -4.301  -58.532  47.652 0.8999999762
13540  -5.193  -57.999  47.857 0.8999999762
13525  -6.699  -57.008  48.279 0.6000000238
14164  -7.482  -56.309  48.739 0.6000000238
123709  -8.340  -56.065  48.798 0.6000000238
14713  -9.587  -55.445  48.941 0.5000000000
14714  -10.557  -55.656  49.002 0.5000000000
14716  -12.527  -55.700  49.254 0.5000000000
11302  -10.638  -61.215  28.756 0.8999999762
10732  -11.602  -62.406  30.201 1.0000000000
10211  -11.735  -63.502  31.066 1.0000000000
126294  -12.790  -64.783  33.611 1.0000000000
9700  -11.223  -64.738  32.693 1.0000000000
11375  -25.173  -61.658  22.192 0.2000000030
9153  -10.829  -65.941  33.608 1.0000000000
11365  -22.900  -61.792  22.765 0.2000000030
11374  -24.479  -61.982  22.024 0.2000000030
8196  -12.466  -67.694  33.061 0.8999999762
127649  -13.761  -68.715  31.764 0.8999999762
11366  -23.678  -61.337  22.496 0.2000000030
11958  -24.557  -61.029  22.302 0.2000000030
139335  -15.337  -68.999  31.108 0.8000000119
10804  -21.046  -62.088  24.087 0.2000000030
11364  -22.076  -61.478  23.475 0.2000000030
11947  -22.728  -60.713  23.292 0.2000000030
7781  -15.905  -68.516  30.804 0.6999999881
10803  -20.602  -62.212  24.796 0.2000000030
11358  -21.492  -61.461  24.079 0.2000000030
8238  -16.126  -68.158  29.959 0.6000000238
142220  -19.342  -63.199  26.397 0.2000000030
11936  -21.065  -60.841  25.178 0.2000000030
132451  -15.103  -67.548  28.633 0.6000000238
11926  -20.535  -60.722  25.757 0.2000000030
8255  -14.484  -66.937  28.041 0.5000000000
8732  -13.812  -66.250  26.735 0.4000000060
9245  -13.539  -65.262  26.499 0.4000000060
9805  -14.270  -64.536  25.554 0.2000000030
13107  -18.912  -58.907  26.767 0.2000000030
13093  -20.454  -58.632  26.801 0.2000000030
10285  -14.932  -62.982  26.040 0.2000000030
10786  -15.031  -61.999  26.286 0.2000000030
135983  -17.267  -59.788  26.645 0.2000000030
13759  -20.082  -57.715  28.415 0.2000000030
13741  -20.573  -57.251  29.092 0.2000000030
10283  -12.990  -64.075  26.066 0.3000000119
128186  -15.858  -61.286  26.413 0.2000000030
13779  -18.805  -57.889  27.731 0.2000000030
126358  -18.748  -56.680  28.740 0.2000000030
14367  -19.265  -56.232  29.256 0.2000000030
11911  -14.757  -60.594  27.111 0.3000000119
12501  -16.862  -58.899  27.157 0.2000000030
130486  -16.858  -58.146  27.567 0.2000000030
13757  -18.223  -57.227  28.193 0.2000000030
14386  -17.874  -56.427  28.692 0.2000000030
135255  -19.039  -55.617  29.537 0.2000000030
139690  -3.916  -60.477  45.387 0.8000000119
11672  -4.064  -60.065  46.067 0.8999999762
11686  -3.633  -60.307  44.783 0.8000000119
126219  -3.677  -59.398  46.232 0.8000000119
12850  -3.779  -58.890  46.862 0.8999999762
13539  -3.993  -57.880  48.040 0.8999999762
134366  -5.731  -57.283  48.163 0.6999999881
14162  -5.578  -56.464  48.597 0.6999999881
14163  -6.529  -56.170  48.774 0.6000000238
14737  -7.870  -55.469  48.941 0.6000000238
14712  -8.733  -55.391  48.918 0.5000000000
15268  -10.106  -54.787  49.230 0.5000000000
15269  -11.039  -54.815  49.349 0.5000000000
15270  -11.982  -54.837  49.498 0.5000000000
11854  -10.801  -59.627  29.692 0.8999999762
11839  -11.158  -59.881  30.247 1.0000000000
11825  -11.246  -60.516  31.427 1.0000000000
11871  -10.672  -60.378  29.291 0.8000000119
11282  -11.620  -61.319  30.015 0.8999999762
139606  -11.462  -60.669  30.487 1.0000000000
142467  -12.021  -61.913  30.643 1.0000000000
11252  -11.897  -61.319  31.827 1.0000000000
10705  -12.707  -62.596  31.644 1.0000000000
11253  -12.744  -61.823  31.877 1.0000000000
10212  -12.411  -63.275  31.571 1.0000000000
10198  -13.044  -63.389  32.150 1.0000000000
9712  -12.188  -64.091  32.067 1.0000000000
10199  -13.635  -63.673  32.898 1.0000000000
10189  -14.313  -63.037  33.076 1.0000000000
9168  -11.347  -65.357  33.477 1.0000000000
9155  -12.224  -65.436  33.946 1.0000000000
139917  -12.516  -66.349  34.340 1.0000000000
139216  -14.074  -65.411  34.615 1.0000000000
8181  -12.944  -67.308  33.880 0.8999999762
8652  -14.015  -66.480  34.570 1.0000000000
9145  -15.338  -65.773  34.615 1.0000000000
7768  -15.087  -68.113  32.221 0.8999999762
8182  -14.001  -67.468  33.755 0.8999999762
8172  -15.301  -66.844  34.089 0.8999999762
121437  -15.555  -67.909  31.969 0.8000000119
8199  -15.416  -67.532  32.792 0.8999999762
8675  -15.962  -66.984  32.995 0.8999999762
12536  -21.967  -59.195  24.657 0.2000000030
131630  -15.834  -67.435  31.286 0.6999999881
11927  -20.941  -60.101  25.530 0.2000000030
13122  -21.586  -58.952  25.329 0.2000000030
8237  -15.688  -67.266  29.822 0.6999999881
8721  -15.064  -66.813  29.032 0.5000000000
136680  -20.671  -59.505  25.975 0.2000000030
13109  -21.618  -58.664  25.971 0.2000000030
13783  -22.646  -58.087  27.756 0.2000000030
9217  -14.043  -65.488  27.915 0.4000000060
10263  -13.400  -63.896  27.311 0.3000000119
124119  -14.293  -63.529  28.144 0.3000000119
125108  -20.934  -58.769  26.306 0.2000000030
13781  -20.558  -58.297  27.645 0.2000000030
9782  -13.378  -64.555  26.980 0.4000000060
10264  -13.607  -63.109  27.570 0.3000000119
11327  -13.937  -61.486  27.544 0.3000000119
120317  -21.063  -57.843  28.469 0.2000000030
138976  -13.281  -62.988  26.643 0.3000000119
12514  -15.289  -59.979  27.114 0.3000000119
14369  -22.132  -56.752  29.888 0.2000000030
14353  -20.733  -55.956  30.081 0.2000000030
13090  -16.056  -58.427  27.600 0.3000000119
13777  -16.382  -57.659  27.942 0.3000000119
14385  -17.062  -56.294  28.621 0.2000000030
14925  -20.333  -55.243  30.370 0.2000000030
127696  -3.635  -59.826  45.471 0.8000000119
127916  -3.456  -59.998  44.036 0.8999999762
12864  -3.237  -58.904  45.338 0.8000000119
13538  -3.742  -57.768  47.708 0.8999999762
13523  -4.175  -57.185  48.350 0.8999999762
15267  -9.217  -54.743  49.121 0.5000000000
15873  -11.554  -54.048  49.544 0.6000000238
15271  -13.254  -54.581  49.546 0.4000000060
15874  -12.593  -54.069  49.590 0.5000000000
13031  -10.056  -57.513  30.405 0.8999999762
13032  -10.447  -58.169  30.233 1.0000000000
12454  -9.094  -58.828  30.099 0.8000000119
134141  -10.872  -59.552  30.957 1.0000000000
11826  -11.579  -60.508  32.398 1.0000000000
10696  -13.932  -62.281  32.591 1.0000000000
11239  -14.108  -61.414  32.860 1.0000000000
9156  -13.261  -65.234  34.270 1.0000000000
9690  -13.507  -64.412  33.602 1.0000000000
135679  -14.913  -62.686  33.514 1.0000000000
9678  -14.157  -64.750  34.273 0.8999999762
135481  -15.573  -64.672  34.568 0.8999999762
133722  -16.156  -65.630  34.292 1.0000000000
121584  -15.759  -67.342  32.109 0.6999999881
8684  -16.255  -66.028  32.349 0.6999999881
8695  -15.793  -66.656  30.990 0.6999999881
9191  -15.707  -65.858  30.600 0.6000000238
9728  -15.791  -65.018  30.203 0.6000000238
142057  -14.862  -65.249  28.995 0.4000000060
9747  -15.324  -64.733  29.336 0.5000000000
14355  -22.668  -56.060  30.287 0.2000000030
11887  -14.404  -60.849  27.923 0.3000000119
12499  -14.894  -59.465  27.858 0.3000000119
13775  -14.996  -58.062  28.349 0.3000000119
13755  -15.886  -57.109  28.368 0.3000000119
12282  -3.344  -59.509  44.570 0.8999999762
13563  -3.005  -57.970  45.653 0.8999999762
13551  -3.348  -57.874  46.846 0.8000000119
13522  -3.877  -57.200  48.099 0.8999999762
14161  -4.511  -56.445  48.621 0.8000000119
14735  -5.938  -55.649  48.914 0.8000000119
15286  -7.401  -54.772  48.988 0.6000000238
139790  -3.514  -57.219  47.538 0.8999999762
14160  -4.032  -56.467  48.495 1.0000000000
14733  -4.274  -55.756  48.786 0.8999999762
123625  -5.383  -55.147  48.923 0.8999999762
15287  -8.340  -54.747  49.043 0.6000000238
15288  -8.841  -54.064  49.160 0.6000000238
124265  -7.941  -54.040  49.013 0.6999999881
15871  -9.718  -54.075  49.303 0.6000000238
15872  -10.613  -54.071  49.425 0.6000000238
15887  -9.360  -53.347  49.058 0.6999999881
15889  -11.130  -53.296  49.347 0.6000000238
15890  -12.069  -53.216  49.406 0.6000000238
15875  -13.542  -53.908  49.407 0.5000000000
138707  -13.047  -53.103  49.331 0.6000000238
15289  -14.415  -53.968  49.168 0.5000000000
123274  -14.004  -53.103  49.106 0.6000000238
13020  -10.343  -57.490  30.937 0.8999999762
13021  -10.430  -58.474  32.126 1.0000000000
13707  -9.943  -56.917  30.828 0.8000000119
13679  -9.791  -56.499  32.366 0.8000000119
12426  -10.745  -59.676  32.159 1.0000000000
12998  -10.153  -57.337  32.102 0.8999999762
12999  -10.434  -58.259  33.162 1.0000000000
12411  -11.528  -59.599  33.015 1.0000000000
13000  -11.272  -58.686  33.463 1.0000000000
11812  -12.479  -60.157  32.881 1.0000000000
11813  -13.466  -60.606  32.867 1.0000000000
12412  -13.224  -59.580  33.272 1.0000000000
11240  -14.803  -61.325  33.321 1.0000000000
10698  -15.211  -62.040  33.614 0.8999999762
10687  -17.752  -62.643  34.497 0.8999999762
10180  -16.412  -63.586  34.525 0.8999999762
10179  -15.651  -63.922  34.378 0.8999999762
139950  -17.467  -63.818  34.326 0.8000000119
9681  -16.608  -64.801  34.434 1.0000000000
9146  -16.884  -64.994  33.991 0.8000000119
9703  -17.363  -64.293  32.737 0.6000000238
9702  -16.827  -64.884  32.400 0.6999999881
9714  -17.006  -64.150  31.880 0.6000000238
9729  -16.260  -64.456  30.729 0.6000000238
9748  -16.001  -64.185  29.825 0.5000000000
10246  -17.307  -63.072  30.227 0.5000000000
135053  -15.836  -63.023  28.592 0.4000000060
10754  -16.493  -62.424  28.680 0.4000000060
11303  -14.834  -61.375  28.212 0.3000000119
14370  -23.002  -56.620  29.818 0.1000000015
11873  -15.348  -60.482  28.524 0.3000000119
13075  -15.063  -58.670  28.564 0.3000000119
14204  -2.832  -57.034  45.875 1.0000000000
14178  -3.550  -56.336  47.805 1.0000000000
12293  -3.465  -59.226  43.500 0.8999999762
12877  -3.124  -58.622  44.206 0.8999999762
138125  -3.911  -55.618  48.474 1.0000000000
12889  -3.544  -58.188  43.317 0.8999999762
15285  -6.276  -54.786  48.897 0.6999999881
122878  -6.993  -54.008  48.781 0.6999999881
15886  -8.478  -53.337  48.841 0.8000000119
15888  -10.237  -53.333  49.235 0.6999999881
16489  -10.756  -52.553  49.038 0.8000000119
16491  -12.509  -52.310  49.079 0.6999999881
14887  -8.876  -55.246  33.455 0.6000000238
14326  -9.373  -56.198  32.111 0.8000000119
14313  -9.435  -55.807  32.740 0.8000000119
14314  -10.026  -56.250  33.288 0.8999999762
13669  -10.694  -56.911  34.004 1.0000000000
13681  -10.946  -57.817  33.790 1.0000000000
13670  -11.658  -57.237  34.221 1.0000000000
13001  -12.384  -58.957  33.547 1.0000000000
128047  -13.987  -59.948  33.315 1.0000000000
139194  -16.464  -62.787  34.434 1.0000000000
10192  -17.973  -63.513  33.605 0.6000000238
10214  -18.200  -63.037  32.205 0.6000000238
122692  -17.975  -62.900  31.150 0.6000000238
10733  -17.932  -62.340  30.130 0.5000000000
11305  -17.062  -61.638  28.827 0.5000000000
139826  -17.380  -60.455  29.326 0.4000000060
10245  -16.522  -63.310  29.352 0.5000000000
11874  -16.608  -60.630  28.879 0.3000000119
12471  -15.947  -59.651  29.046 0.3000000119
13740  -14.914  -57.847  29.105 0.3000000119
14212  -2.945  -57.122  44.710 0.8999999762
14191  -3.050  -56.737  46.881 0.8999999762
143299  -4.122  -55.098  48.701 0.8999999762
13584  -3.185  -57.680  43.936 0.8999999762
123197  -4.445  -54.243  48.660 0.8999999762
121484  -5.997  -53.855  48.539 0.8000000119
15884  -6.685  -53.215  48.355 0.8000000119
15885  -7.584  -53.303  48.592 0.8000000119
16486  -8.097  -52.561  48.421 0.8999999762
16487  -8.987  -52.576  48.658 0.8000000119
16488  -9.884  -52.554  48.869 0.8000000119
17131  -9.473  -51.754  48.466 0.8000000119
135372  -11.221  -51.912  48.865 0.8000000119
17134  -11.934  -51.657  48.844 0.8000000119
16492  -13.572  -52.111  48.876 0.6999999881
15400  -8.055  -54.320  34.465 0.5000000000
15413  -9.119  -54.675  33.792 0.5000000000
14876  -9.494  -54.749  33.753 0.8000000119
14304  -10.492  -55.992  34.110 1.0000000000
13671  -12.633  -57.382  34.246 1.0000000000
12984  -13.901  -58.217  33.869 1.0000000000
11241  -15.509  -61.307  33.855 1.0000000000
11815  -15.068  -60.576  33.671 1.0000000000
11229  -16.356  -61.359  34.332 1.0000000000
10182  -17.898  -63.245  34.150 0.8999999762
11230  -17.301  -61.424  34.693 1.0000000000
10707  -18.554  -62.356  33.042 0.6000000238
14749  -3.437  -55.230  47.771 1.0000000000
125663  -3.519  -57.294  43.001 0.6999999881
14218  -3.224  -56.687  43.530 0.6999999881
14732  -3.847  -54.731  48.424 1.0000000000
15883  -4.939  -53.562  48.368 1.0000000000
129465  -5.792  -52.974  48.188 1.0000000000
17129  -7.653  -51.711  48.098 0.8999999762
17130  -8.576  -51.769  48.280 0.8000000119
17133  -11.318  -51.138  48.621 0.8000000119
17135  -12.810  -51.244  48.709 0.8000000119
133216  -14.335  -51.600  48.595 0.8000000119
16026  -8.436  -53.345  34.498 0.6000000238
16025  -7.607  -53.530  34.902 0.4000000060
16027  -9.079  -53.298  34.271 0.8000000119
15403  -10.134  -54.259  34.275 0.8000000119
14306  -12.316  -56.604  34.555 1.0000000000
12983  -13.007  -58.124  33.867 1.0000000000
14307  -13.221  -56.735  34.619 1.0000000000
13658  -14.101  -56.857  34.706 1.0000000000
12396  -14.874  -59.209  33.923 1.0000000000
12397  -15.343  -59.811  34.057 1.0000000000
14769  -2.865  -56.048  45.923 0.8999999762
15303  -3.034  -54.697  46.874 0.8999999762
15296  -3.433  -54.250  47.737 0.8999999762
135013  -3.939  -53.091  48.013 1.0000000000
16484  -4.302  -52.858  48.080 1.0000000000
17127  -5.603  -51.915  47.999 1.0000000000
135526  -6.415  -52.486  48.134 1.0000000000
17147  -9.022  -50.961  48.147 0.8000000119
17132  -10.464  -51.644  48.635 0.8000000119
130963  -12.092  -50.765  48.594 0.8000000119
17136  -13.767  -51.016  48.539 0.8999999762
17798  -14.669  -50.843  48.376 0.8999999762
127252  -16.456  -50.981  48.101 0.8999999762
16019  -8.671  -52.620  34.685 0.6999999881
125659  -9.469  -52.794  34.804 0.8000000119
130058  -10.396  -53.084  35.233 0.8000000119
14861  -11.076  -54.588  34.669 1.0000000000
16664  -8.935  -52.176  35.257 0.8000000119
14863  -12.685  -55.200  35.287 1.0000000000
14292  -12.940  -55.949  34.905 1.0000000000
14293  -13.763  -56.136  35.127 1.0000000000
13673  -14.414  -57.643  34.375 1.0000000000
12987  -16.416  -58.986  35.062 1.0000000000
121429  -16.267  -59.819  34.608 1.0000000000
127063  -17.130  -60.197  34.864 1.0000000000
11231  -18.177  -61.433  34.464 0.8999999762
125426  -2.839  -56.317  45.088 0.8999999762
14776  -2.861  -55.308  44.792 0.8999999762
120213  -2.877  -55.084  45.905 0.8999999762
15313  -2.860  -54.484  45.041 0.8999999762
122172  -3.021  -56.002  44.090 0.8000000119
15899  -3.557  -53.337  47.640 1.0000000000
16501  -3.993  -52.182  47.781 1.0000000000
17126  -4.535  -51.911  47.847 1.0000000000
17128  -6.680  -51.707  48.003 1.0000000000
17146  -8.150  -50.880  47.988 1.0000000000
17794  -11.461  -50.173  48.395 0.8999999762
17796  -13.140  -50.272  48.471 0.8999999762
17797  -14.045  -50.019  48.244 0.8999999762
17811  -16.006  -50.115  47.894 0.8999999762
17812  -16.806  -50.292  47.598 0.8999999762
142850  -17.230  -50.630  47.367 0.8999999762
16663  -8.211  -51.940  35.067 0.6999999881
16665  -9.796  -52.572  35.799 0.8000000119
15391  -10.819  -53.761  34.870 0.8000000119
15392  -11.698  -54.083  35.283 1.0000000000
15393  -12.431  -54.420  35.710 1.0000000000
14865  -14.289  -55.556  35.757 1.0000000000
14294  -14.573  -56.320  35.342 1.0000000000
14295  -15.319  -56.556  35.639 1.0000000000
12398  -17.088  -59.608  35.130 0.8999999762
13674  -15.188  -57.927  34.715 1.0000000000
11785  -17.995  -60.109  35.177 0.8999999762
12399  -18.820  -59.985  34.886 0.6999999881
131292  -3.150  -53.702  46.792 0.8999999762
17144  -6.020  -50.887  47.677 1.0000000000
17145  -7.120  -50.704  47.749 1.0000000000
17806  -7.068  -49.772  47.422 1.0000000000
17807  -7.843  -49.998  47.619 1.0000000000
17809  -10.046  -49.813  48.021 1.0000000000
18485  -10.842  -49.700  48.149 1.0000000000
17795  -12.335  -49.799  48.367 0.8999999762
18488  -13.200  -49.143  48.080 0.8999999762
17810  -15.050  -49.987  48.038 0.8999999762
18503  -15.450  -49.262  47.576 0.8000000119
17843  -18.807  -50.122  45.974 0.8999999762
17855  -20.848  -50.482  44.633 1.0000000000
17856  -22.171  -50.762  44.548 0.8000000119
19211  -23.920  -48.405  45.982 0.4000000060
17847  -23.571  -50.169  44.973 0.4000000060
18536  -23.934  -49.412  45.398 0.6999999881
18537  -24.364  -49.297  44.697 0.6999999881
19231  -24.446  -48.683  45.170 0.6999999881
16653  -8.376  -51.703  35.870 0.8000000119
16010  -11.230  -53.433  35.777 0.8999999762
15382  -11.954  -53.808  36.336 1.0000000000
15383  -12.647  -54.198  36.776 1.0000000000
15377  -13.397  -54.563  37.130 1.0000000000
14276  -15.066  -55.801  35.942 1.0000000000
14852  -15.421  -55.765  36.798 0.8000000119
14277  -15.616  -56.155  36.184 0.8999999762
13647  -16.772  -57.198  36.280 0.8000000119
12975  -17.576  -58.639  35.890 0.8000000119
14278  -16.749  -56.744  36.827 0.8000000119
13662  -17.248  -57.833  36.177 0.6999999881
125706  -17.553  -56.763  37.572 0.6000000238
12965  -18.148  -58.153  36.310 0.6999999881
12385  -19.249  -59.261  35.149 0.6000000238
131776  -19.469  -59.621  34.302 0.6000000238
14268  -19.539  -56.271  37.509 0.5000000000
15907  -3.370  -52.622  46.660 1.0000000000
125754  -3.746  -51.732  47.112 1.0000000000
17143  -4.959  -51.012  47.590 1.0000000000
17805  -5.487  -50.044  47.256 1.0000000000
18486  -11.445  -49.056  48.029 0.8000000119
18489  -14.352  -48.934  47.746 0.8999999762
19195  -15.834  -48.685  47.037 0.8000000119
18512  -17.452  -49.174  46.593 0.6999999881
18513  -18.358  -49.035  45.970 0.8999999762
120391  -19.114  -49.299  45.458 1.0000000000
18535  -19.225  -48.084  44.876 0.8999999762
17300  -6.695  -50.578  36.935 0.6999999881
17854  -20.017  -49.469  44.931 1.0000000000
18551  -21.968  -49.713  44.144 1.0000000000
17857  -22.724  -50.218  44.314 1.0000000000
126067  -7.374  -50.651  37.157 0.8000000119
17301  -7.848  -51.167  36.504 0.8999999762
18550  -20.989  -49.049  44.358 0.8999999762
18571  -23.321  -49.746  43.912 0.6999999881
19928  -24.476  -47.869  45.457 0.6000000238
16655  -9.911  -52.583  37.126 0.8999999762
121873  -11.223  -53.394  37.121 0.8999999762
18553  -24.447  -49.346  44.117 0.8000000119
19250  -24.800  -48.850  44.445 0.6999999881
15375  -11.914  -53.874  37.661 1.0000000000
14840  -14.148  -55.051  37.424 1.0000000000
14851  -14.696  -55.310  36.627 0.8999999762
14841  -15.006  -55.550  37.834 0.8999999762
118987  -16.109  -56.210  36.810 0.8000000119
14266  -16.665  -56.421  37.694 0.6999999881
14257  -17.264  -56.403  38.555 0.6000000238
14258  -18.174  -56.394  38.463 0.6000000238
14822  -17.888  -55.547  39.350 0.6000000238
14833  -19.196  -55.229  38.578 0.5000000000
14843  -19.704  -55.481  37.839 0.5000000000
15372  -19.106  -54.388  38.538 0.5000000000
132724  -19.860  -54.159  37.231 0.5000000000
123989  -2.919  -54.131  45.829 0.8000000119
15920  -3.047  -53.128  45.605 0.8999999762
18499  -10.533  -48.993  47.830 0.8000000119
18487  -12.288  -48.818  47.972 0.8000000119
19194  -14.991  -48.411  47.091 0.8000000119
18511  -16.615  -48.872  46.836 0.6999999881
18534  -17.707  -48.329  45.898 0.6999999881
19193  -14.049  -47.850  46.830 0.6000000238
19210  -16.989  -48.178  46.148 0.6000000238
19230  -18.265  -47.816  45.202 0.6000000238
140335  -18.754  -48.568  45.423 0.6000000238
18549  -20.100  -48.071  44.475 0.8999999762
19248  -19.588  -46.986  43.958 0.5000000000
19249  -20.611  -47.274  43.823 0.6000000238
18570  -22.582  -49.245  43.704 0.6999999881
131176  -8.124  -50.952  37.789 0.8999999762
16641  -8.536  -51.632  37.142 0.8999999762
16002  -10.486  -53.020  37.541 0.8999999762
18569  -21.722  -48.090  43.635 0.6000000238
129941  -22.427  -48.173  43.194 0.6999999881
18572  -23.983  -49.244  43.474 0.6999999881
130086  -24.795  -48.863  43.687 0.6000000238
17302  -8.806  -51.647  38.718 0.8999999762
16642  -9.224  -52.242  37.948 0.8999999762
16003  -10.691  -53.395  38.449 1.0000000000
15376  -12.688  -54.378  37.914 1.0000000000
15371  -13.420  -54.996  38.394 0.8999999762
19268  -22.624  -47.629  42.607 0.6999999881
19270  -24.357  -48.597  42.817 0.6999999881
15370  -12.537  -54.751  39.011 1.0000000000
14828  -13.876  -55.501  39.318 0.8999999762
19271  -25.315  -48.277  43.101 0.6000000238
14830  -15.615  -56.137  38.875 0.8000000119
14249  -16.125  -56.156  39.357 0.6999999881
20007  -26.527  -47.550  41.689 0.4000000060
14820  -16.303  -55.840  39.792 0.6999999881
15975  -15.832  -54.591  40.305 0.6999999881
127830  -16.401  -54.133  40.017 0.6999999881
15364  -17.576  -54.908  39.630 0.6999999881
15365  -18.484  -54.817  39.102 0.5000000000
15990  -17.882  -53.964  39.139 0.6000000238
15998  -18.643  -53.802  38.628 0.5000000000
136017  -18.068  -53.102  38.585 0.6999999881
16632  -18.882  -52.985  38.187 0.5000000000
19188  -9.600  -48.872  47.114 0.6999999881
18502  -13.464  -48.232  47.500 0.8000000119
17938  -6.352  -49.687  38.338 0.8000000119
17276  -7.769  -50.355  38.406 0.8999999762
16643  -9.851  -52.881  38.747 0.8999999762
16627  -10.414  -53.351  39.736 1.0000000000
16608  -10.291  -52.759  40.362 0.8999999762
15369  -11.848  -54.375  39.523 1.0000000000
142888  -12.003  -54.293  38.635 1.0000000000
14827  -13.094  -55.200  39.538 0.8999999762
14829  -14.742  -55.817  39.126 0.8000000119
21438  -26.709  -45.680  42.110 0.4000000060
15355  -14.375  -54.554  40.439 0.8000000119
14812  -15.694  -55.369  40.215 0.6999999881
20698  -26.795  -46.685  41.636 0.4000000060
128970  -27.015  -44.955  40.989 0.4000000060
15974  -14.461  -53.529  40.297 0.6999999881
16611  -14.569  -52.671  39.573 0.6999999881
15988  -15.791  -53.644  40.020 0.6999999881
15987  -15.134  -53.288  40.002 0.6999999881
16613  -16.414  -53.205  39.368 0.6999999881
137783  -14.319  -51.965  38.945 0.6999999881
17262  -15.027  -52.119  38.837 0.6999999881
16630  -17.492  -52.451  38.566 0.6999999881
17285  -17.728  -51.640  38.373 0.6999999881
16631  -18.372  -52.266  38.261 0.6999999881
16644  -19.262  -52.155  37.845 0.5000000000
17332  -20.070  -52.106  36.186 0.5000000000
140645  -20.020  -52.125  35.412 0.5000000000
140510  -6.265  -48.822  39.471 0.8000000119
18638  -6.990  -49.207  39.368 0.8000000119
16625  -9.319  -52.274  39.261 0.8999999762
16626  -9.736  -52.578  40.030 0.8999999762
17278  -9.303  -51.592  40.033 0.8999999762
17279  -10.067  -51.947  40.507 1.0000000000
16609  -10.864  -53.274  40.375 0.8999999762
15352  -12.205  -54.083  40.380 0.8999999762
17260  -12.161  -52.023  40.183 0.8000000119
16610  -11.709  -52.909  40.465 0.8999999762
15972  -12.846  -54.030  40.481 0.8000000119
22151  -26.491  -44.090  42.234 0.6000000238
15986  -13.055  -53.390  40.427 0.8999999762
15973  -13.644  -53.843  40.451 0.6999999881
136908  -26.967  -42.010  40.190 0.6999999881
22803  -27.035  -43.478  40.601 0.5000000000
130628  -13.032  -51.931  39.596 0.8000000119
17261  -13.699  -52.266  39.544 0.8000000119
23475  -27.035  -42.680  39.681 0.5000000000
138144  -13.677  -51.508  38.767 0.8000000119
122790  -26.018  -42.375  38.351 0.3000000119
137619  -26.693  -42.561  39.175 0.4000000060
17944  -13.202  -50.760  38.391 0.8000000119
17282  -14.531  -51.520  38.427 0.8000000119
129145  -16.432  -50.559  38.476 0.6000000238
24203  -25.657  -41.626  38.036 0.3000000119
17945  -14.054  -50.901  38.065 0.6000000238
17283  -15.362  -51.536  38.495 0.6999999881
142114  -15.708  -50.876  38.424 0.6999999881
17948  -17.262  -50.308  38.399 0.6000000238
17949  -18.419  -50.672  38.015 0.6000000238
137061  -19.405  -49.841  37.285 0.6000000238
17286  -18.655  -51.323  38.037 0.6000000238
17964  -20.046  -50.646  36.132 0.5000000000
130561  -20.014  -51.483  35.416 0.5000000000
129431  -7.145  -48.615  39.786 0.8999999762
18648  -8.778  -49.906  40.166 0.8999999762
18649  -9.464  -49.765  40.217 0.8999999762
17941  -10.085  -50.636  40.397 0.8999999762
17280  -10.727  -51.383  40.474 0.8000000119
17925  -11.755  -51.303  39.953 0.8000000119
23461  -26.567  -41.702  41.273 0.8999999762
135187  -26.471  -42.463  41.573 0.8000000119
18651  -11.201  -49.719  39.039 0.8000000119
24816  -26.661  -40.057  40.932 0.8000000119
23472  -26.821  -42.431  40.799 0.6000000238
17943  -12.326  -50.637  38.851 0.8000000119
119608  -26.131  -39.440  39.557 0.5000000000
24855  -26.253  -40.321  39.328 0.6000000238
18653  -12.732  -50.046  38.090 0.8000000119
123900  -24.349  -40.330  36.693 0.2000000030
25603  -24.601  -39.732  37.087 0.3000000119
24878  -25.878  -40.877  38.626 0.4000000060
24204  -26.276  -41.891  38.831 0.4000000060
18670  -14.114  -49.265  37.878 0.6000000238
19367  -14.620  -48.401  37.830 0.6000000238
18657  -17.391  -49.664  38.259 0.6000000238
24904  -24.361  -41.021  36.721 0.2000000030
24202  -24.969  -41.352  37.343 0.2000000030
18654  -14.567  -50.066  38.072 0.6000000238
18655  -15.638  -50.036  38.326 0.6000000238
18656  -16.645  -49.751  38.396 0.6000000238
18671  -17.916  -49.240  37.964 0.6000000238
19339  -7.419  -47.990  39.664 0.8999999762
18623  -7.770  -49.060  40.011 0.8999999762
20025  -7.694  -47.401  39.250 0.8999999762
18625  -8.682  -48.671  40.007 1.0000000000
127816  -9.769  -48.784  39.681 0.8000000119
18650  -10.356  -49.315  39.576 0.8000000119
25559  -26.132  -39.378  41.721 1.0000000000
136799  -26.107  -38.775  41.421 0.8000000119
18667  -11.365  -49.364  37.713 0.8000000119
26328  -26.137  -38.750  41.216 0.8999999762
125564  -10.750  -48.837  37.079 0.8000000119
25594  -25.615  -39.933  38.698 0.5000000000
124734  -26.032  -38.713  39.981 0.6000000238
18668  -12.200  -49.452  37.594 0.8000000119
20040  -12.000  -48.093  36.780 0.6999999881
25630  -23.672  -39.636  35.935 0.3000000119
26364  -24.592  -38.773  37.174 0.5000000000
26365  -24.920  -39.380  38.069 0.5000000000
26350  -24.816  -38.512  38.254 0.5000000000
19365  -12.610  -48.710  37.284 0.6999999881
20041  -13.097  -47.630  37.361 0.6999999881
20042  -14.162  -47.650  37.618 0.6999999881
20043  -15.101  -47.580  37.724 0.6999999881
123070  -24.247  -39.151  36.370 0.4000000060
27086  -24.644  -37.730  38.598 0.6999999881
19368  -15.590  -48.320  37.990 0.6999999881
19369  -16.565  -48.296  37.977 0.6000000238
19370  -17.653  -48.339  37.823 0.6000000238
25628  -21.464  -39.576  35.497 0.3000000119
26380  -22.928  -38.511  35.365 0.3000000119
25629  -22.987  -39.357  35.519 0.4000000060
26382  -24.276  -38.261  36.300 0.5000000000
20720  -6.239  -46.404  39.372 0.8000000119
20032  -7.913  -46.967  38.561 0.8999999762
20026  -8.772  -47.533  38.967 0.8999999762
19349  -9.520  -48.134  38.697 0.8000000119
19350  -10.039  -48.870  38.186 0.8000000119
27828  -24.857  -37.490  41.758 0.8999999762
19363  -10.139  -48.752  37.232 0.8000000119
27071  -25.411  -37.713  40.776 0.8999999762
20039  -10.147  -48.288  36.514 0.6999999881
27077  -25.042  -37.662  39.689 0.5000000000
20736  -11.116  -47.497  36.354 0.6999999881
20750  -11.413  -46.414  36.441 0.8000000119
20737  -12.203  -46.992  36.988 0.6999999881
132555  -13.840  -46.982  37.549 0.6999999881
20739  -14.627  -46.871  37.565 0.6999999881
20740  -15.528  -46.800  37.535 0.6999999881
21504  -16.795  -46.082  37.070 0.6999999881
20743  -18.452  -47.227  37.219 0.6000000238
26379  -21.226  -38.895  35.352 0.4000000060
26408  -22.002  -38.286  35.196 0.5000000000
21522  -18.143  -45.479  36.533 0.6000000238
26406  -20.066  -37.895  35.215 0.4000000060
27129  -20.811  -37.255  35.018 0.5000000000
21461  -6.229  -45.396  40.019 0.6999999881
21477  -6.709  -44.895  39.463 0.6999999881
20728  -7.698  -46.347  38.213 0.8999999762
20037  -8.563  -47.008  37.743 0.8000000119
20733  -7.598  -45.730  38.176 0.8000000119
20734  -8.374  -46.123  37.373 0.8000000119
19362  -9.524  -48.338  37.162 0.8000000119
21499  -8.609  -45.518  37.004 0.8000000119
20038  -9.007  -47.684  36.892 0.8000000119
140427  -9.583  -47.136  35.785 0.8000000119
20748  -9.774  -46.635  35.486 0.8000000119
20749  -10.532  -46.869  35.843 0.8000000119
21517  -12.904  -45.210  36.643 0.8000000119
21518  -13.962  -45.152  36.771 0.8000000119
21502  -14.981  -46.073  37.272 0.6999999881
22222  -14.562  -44.537  36.471 0.8000000119
139273  -15.520  -45.533  36.950 0.6999999881
21521  -17.138  -45.382  36.726 0.6000000238
27130  -21.817  -37.450  35.052 0.5000000000
22225  -17.483  -44.697  36.322 0.6000000238
22234  -18.750  -44.211  35.666 0.4000000060
27876  -21.618  -36.615  34.831 0.6999999881
121842  -22.586  -36.799  35.075 0.6999999881
21489  -7.153  -45.174  38.715 0.8000000119
22205  -7.748  -44.497  38.334 0.8999999762
21498  -7.966  -45.240  37.802 0.8000000119
21512  -8.929  -45.420  36.261 0.8999999762
138710  -9.161  -46.070  35.686 0.6999999881
21513  -9.267  -45.417  35.372 0.8999999762
21514  -9.654  -45.825  34.992 0.8000000119
22218  -9.495  -45.107  34.824 0.8999999762
128407  -10.078  -45.201  34.750 0.8999999762
22219  -11.054  -44.943  35.364 0.8000000119
22220  -12.177  -44.556  36.086 0.8000000119
22874  -12.628  -43.766  35.774 0.8000000119
22875  -13.558  -43.638  35.908 0.8000000119
22877  -15.170  -43.781  36.042 0.6000000238
22224  -16.588  -44.706  36.486 0.6000000238
22891  -16.188  -43.277  35.576 0.5000000000
22879  -16.926  -44.001  36.012 0.5000000000
22233  -17.850  -44.013  35.834 0.5000000000
27874  -19.500  -36.430  34.646 0.4000000060
27875  -20.572  -36.391  34.684 0.4000000060
136912  -21.450  -35.909  34.625 0.8000000119
119402  -22.365  -35.859  34.860 0.8000000119
23550  -17.632  -42.460  34.973 0.4000000060
22893  -18.365  -43.270  35.262 0.3000000119
28674  -19.992  -34.974  34.364 0.8000000119
28658  -20.797  -35.495  34.508 0.8000000119
28659  -21.739  -35.190  34.635 0.8000000119
23559  -17.719  -41.621  34.599 0.4000000060
23560  -18.537  -42.313  34.640 0.4000000060
22206  -8.447  -44.621  37.331 0.8000000119
22861  -8.571  -43.631  37.377 0.8999999762
22216  -8.915  -44.472  36.276 0.8999999762
22217  -9.178  -44.451  35.221 0.8000000119
22229  -9.255  -43.621  35.024 0.8000000119
22886  -10.842  -43.485  34.307 0.8999999762
23543  -10.097  -43.094  33.767 0.8000000119
22887  -11.969  -43.164  35.146 0.8000000119
136765  -10.802  -42.900  33.841 0.6999999881
23545  -12.593  -42.472  34.890 0.8000000119
22889  -14.247  -43.182  35.605 0.6000000238
23556  -14.316  -41.897  34.729 0.4000000060
137989  -14.526  -42.461  35.178 0.4000000060
23558  -16.354  -41.663  34.625 0.4000000060
23549  -16.741  -42.442  35.106 0.4000000060
129057  -19.079  -34.859  34.297 0.8000000119
28675  -21.120  -34.643  34.435 0.6000000238
120683  -22.555  -34.897  34.968 0.6999999881
24239  -16.912  -41.000  34.407 0.3000000119
24926  -17.769  -40.846  34.357 0.3000000119
24240  -18.367  -41.424  34.429 0.3000000119
133916  -18.762  -34.375  34.155 0.6999999881
130654  -19.007  -33.622  33.914 0.6999999881
24935  -17.882  -40.253  34.026 0.2000000030
24936  -19.310  -40.525  33.902 0.2000000030
24233  -10.036  -41.525  34.055 0.8000000119
23553  -11.135  -42.222  33.927 0.6999999881
30906  -21.974  -32.184  34.813 0.8000000119
24928  -10.666  -39.989  33.659 0.6999999881
24235  -11.646  -41.408  33.879 0.8000000119
24236  -12.888  -41.113  34.122 0.4000000060
30177  -20.134  -33.436  33.948 0.6000000238
30178  -21.308  -33.076  34.132 0.8000000119
24932  -14.735  -40.286  33.810 0.3000000119
137678  -15.981  -40.822  34.309 0.3000000119
29442  -20.583  -34.041  34.221 0.6000000238
30165  -21.650  -33.765  34.410 0.6999999881
29428  -22.097  -34.340  34.647 0.8000000119
24924  -16.471  -40.393  34.147 0.3000000119
120132  -18.006  -39.676  33.519 0.3000000119
30176  -17.471  -33.767  33.613 0.6000000238
119629  -18.690  -40.112  33.799 0.2000000030
25670  -19.489  -39.948  33.597 0.2000000030
30185  -17.739  -32.955  33.453 0.6000000238
132257  -18.194  -33.480  33.720 0.6999999881
25659  -9.773  -39.461  35.196 0.8000000119
25664  -11.015  -39.221  33.334 0.6000000238
24929  -11.582  -40.004  33.336 0.5000000000
26429  -11.398  -38.600  33.075 0.6000000238
24930  -12.690  -39.842  33.285 0.5000000000
24922  -14.121  -40.532  33.921 0.4000000060
130161  -20.709  -32.692  33.840 0.6999999881
131356  -12.714  -38.979  32.775 0.4000000060
25680  -14.093  -38.995  32.883 0.4000000060
25667  -14.450  -39.686  33.410 0.4000000060
24923  -15.383  -40.416  34.032 0.3000000119
30914  -19.802  -32.771  33.670 0.6000000238
30916  -21.407  -32.252  34.021 0.6999999881
31671  -21.203  -30.846  33.806 0.6999999881
26441  -13.773  -38.298  32.398 0.3000000119
26442  -14.689  -38.506  32.604 0.3000000119
141763  -15.866  -39.377  33.262 0.3000000119
24934  -17.176  -39.923  33.761 0.3000000119
30921  -17.073  -32.246  33.068 0.6000000238
30923  -19.469  -31.986  33.454 0.6000000238
30915  -20.766  -31.869  33.683 0.6000000238
121261  -17.671  -38.311  32.687 0.3000000119
25683  -18.224  -38.973  33.031 0.3000000119
30922  -18.245  -32.073  33.253 0.6000000238
31679  -20.287  -31.094  33.422 0.6000000238
27178  -19.043  -37.470  32.467 0.3000000119
26431  -19.759  -39.103  33.187 0.2000000030
31677  -17.525  -31.074  32.730 0.4000000060
31678  -19.023  -31.149  33.084 0.6000000238
27912  -20.038  -36.451  32.219 0.3000000119
27179  -20.051  -37.407  32.483 0.3000000119
25663  -10.386  -39.025  34.162 0.8000000119
141862  -10.635  -38.342  35.186 0.6999999881
132116  -11.093  -37.809  35.027 0.6999999881
27122  -11.709  -37.305  34.670 0.6999999881
27871  -12.387  -36.825  34.330 0.6000000238
27886  -13.095  -36.286  34.102 0.6000000238
28670  -13.895  -35.831  33.877 0.6000000238
29437  -14.835  -34.498  33.217 0.5000000000
25678  -12.050  -38.281  32.619 0.5000000000
26440  -12.942  -38.238  32.365 0.5000000000
133621  -13.395  -37.449  31.923 0.4000000060
27174  -14.337  -37.719  32.122 0.3000000119
27175  -16.030  -37.547  32.180 0.3000000119
32479  -20.446  -29.672  33.338 0.6000000238
32475  -21.127  -30.024  33.869 0.6000000238
27176  -17.135  -37.516  32.312 0.3000000119
27177  -18.127  -37.457  32.431 0.3000000119
31676  -16.208  -31.447  32.479 0.4000000060
119954  -19.839  -30.365  33.134 0.6000000238
32474  -20.728  -30.375  33.520 0.6000000238
141575  -19.391  -36.814  32.257 0.3000000119
28690  -19.207  -36.024  31.964 0.3000000119
126823  -20.895  -36.813  32.472 0.3000000119
135910  -18.541  -30.091  32.613 0.6000000238
24918  -9.965  -39.822  34.462 0.6999999881
26423  -10.463  -38.300  34.621 0.8000000119
27121  -11.151  -37.258  34.338 0.6999999881
27870  -11.560  -36.712  34.222 0.6999999881
130203  -10.863  -38.228  33.835 0.6000000238
27885  -11.895  -35.991  34.030 0.5000000000
140541  -13.632  -35.223  33.461 0.6000000238
124723  -11.280  -37.773  33.177 0.5000000000
26439  -11.746  -37.230  32.738 0.5000000000
29436  -13.872  -34.589  33.224 0.5000000000
30173  -14.132  -33.750  32.951 0.5000000000
120084  -12.533  -37.462  32.204 0.5000000000
30172  -13.035  -33.957  33.040 0.5000000000
30182  -14.244  -33.069  32.256 0.4000000060
27908  -12.863  -36.717  31.811 0.4000000060
27930  -13.877  -36.223  31.333 0.5000000000
27200  -15.615  -36.698  31.685 0.3000000119
27931  -14.688  -36.482  31.372 0.4000000060
141244  -16.100  -36.157  31.597 0.2000000030
27910  -17.645  -36.577  32.040 0.3000000119
125814  -19.558  -29.628  32.841 0.5000000000
122307  -17.625  -34.688  31.590 0.2000000030
28716  -18.548  -35.170  31.767 0.2000000030
27911  -18.355  -36.028  31.923 0.3000000119
32478  -17.204  -30.015  32.311 0.5000000000
125190  -17.509  -33.949  31.286 0.1000000015
29473  -18.296  -34.168  31.484 0.2000000030
33339  -19.856  -28.969  32.816 0.3000000119
30939  -19.637  -32.923  31.167 0.2000000030
33338  -18.736  -28.969  32.185 0.5000000000
138303  -11.039  -37.380  33.891 0.6999999881
27161  -11.192  -36.943  34.003 0.6000000238
28667  -11.802  -35.943  33.560 0.5000000000
27173  -11.295  -36.902  33.505 0.5000000000
130951  -12.338  -35.102  33.188 0.4000000060
27906  -11.663  -36.323  33.157 0.5000000000
27927  -12.165  -35.740  32.752 0.5000000000
29449  -12.506  -34.442  32.633 0.5000000000
27907  -12.201  -36.567  32.374 0.5000000000
29467  -12.540  -34.345  32.289 0.5000000000
30189  -12.972  -33.537  32.045 0.4000000060
134022  -14.372  -32.168  31.784 0.4000000060
27929  -13.164  -36.009  31.557 0.4000000060
28712  -13.592  -35.335  31.236 0.5000000000
32481  -15.649  -29.838  31.459 0.5000000000
28713  -14.419  -35.592  31.093 0.3000000119
123169  -15.330  -35.902  31.272 0.2000000030
33343  -16.775  -29.104  31.331 0.6000000238
29470  -15.086  -34.900  30.887 0.3000000119
29471  -16.030  -34.577  31.124 0.3000000119
32482  -16.479  -29.579  31.753 0.5000000000
33337  -17.483  -29.328  31.965 0.5000000000
132888  -17.623  -28.739  31.535 0.5000000000
33344  -18.252  -28.229  31.356 0.5000000000
30209  -17.872  -33.234  30.929 0.3000000119
30226  -17.743  -32.287  30.496 0.3000000119
31706  -19.325  -31.936  30.826 0.3000000119
32491  -19.612  -30.379  30.532 0.3000000119
123660  -20.328  -32.293  31.336 0.1000000015
120778  -13.272  -34.378  31.363 0.4000000060
30937  -14.262  -32.273  31.214 0.5000000000
121594  -14.087  -34.668  30.901 0.4000000060
30222  -14.057  -33.177  30.914 0.4000000060
29482  -14.517  -33.852  30.757 0.5000000000
30949  -14.984  -31.503  30.280 0.5000000000
32490  -15.553  -29.666  30.816 0.5000000000
33345  -16.347  -29.273  30.726 0.5000000000
30206  -15.330  -34.079  30.799 0.4000000060
30224  -15.731  -32.577  30.454 0.5000000000
30950  -15.857  -31.464  30.006 0.4000000060
31705  -16.007  -30.392  29.903 0.4000000060
33362  -16.426  -29.357  30.335 0.4000000060
33346  -17.303  -28.716  30.900 0.5000000000
30207  -15.976  -33.703  30.814 0.3000000119
30225  -16.858  -32.432  30.407 0.4000000060
138058  -17.327  -30.640  29.871 0.4000000060
32510  -17.743  -29.366  30.237 0.3000000119
33364  -17.728  -28.673  30.463 0.5000000000
30952  -18.189  -31.557  30.302 0.4000000060
142432  -18.121  -30.825  30.049 0.3000000119
33365  -18.661  -28.992  30.347 0.3000000119
10231  -28.191  -63.467  30.401 0.1000000015
10759  -30.576  -62.466  29.198 0.1000000015
1102  -18.573  -84.579  50.633 0.6999999881
1110  -19.440  -84.492  49.346 0.6999999881
1129  -19.634  -84.364  47.571 0.5000000000
857  -18.788  -84.707  46.402 0.4000000060
196  -4.076  -87.906  42.012 0.3000000119
1141  -20.837  -83.992  46.698 0.6999999881
1461  -20.856  -83.286  44.761 0.4000000060
1153  -20.245  -84.470  44.233 0.3000000119
1769  -23.976  -83.000  46.246 0.6999999881
1822  -22.537  -81.864  40.945 0.6000000238
941  -3.029  -85.530  36.385 0.2000000030
129085  -13.966  -82.493  48.586 0.6999999881
1813  -23.280  -82.237  42.329 0.5000000000
1431  -23.470  -83.162  48.841 0.6999999881
1758  -26.154  -81.591  47.116 0.6999999881
1203  -0.773  -85.805  38.302 0.5000000000
1179  -1.779  -84.346  40.085 0.6999999881
142118  -1.873  -85.990  30.093 0.6000000238
755  -3.468  -86.671  30.913 0.6999999881
2556  -3.459  -80.495  39.302 0.6999999881
142902  -4.118  -86.866  31.339 0.5000000000
128934  -18.997  -86.184  29.737 0.6000000238
120929  -1.783  -79.300  38.847 0.8999999762
516  -19.577  -86.353  29.197 0.6999999881
127121  -17.938  -86.925  29.225 0.5000000000
526  -17.446  -87.123  28.529 0.6000000238
2878  -6.632  -78.737  43.704 0.8999999762
482  -5.346  -87.093  32.035 0.6999999881
539  -18.529  -86.976  27.463 1.0000000000
123483  -17.970  -86.877  26.180 0.8999999762
3248  -4.312  -78.607  44.802 0.8999999762
2862  -4.810  -78.972  43.935 0.8000000119
133209  -6.014  -78.171  45.094 0.8000000119
4051  -7.539  -75.769  47.967 0.8000000119
3245  -6.780  -78.328  44.550 0.8999999762
140314  -8.792  -89.397  31.604 0.1000000015
4459  -8.997  -75.086  48.370 0.8000000119
742  -7.455  -86.966  33.034 0.8000000119
315  -11.687  -88.083  28.474 0.5000000000
1272  -9.151  -85.430  33.270 0.8999999762
5360  -3.773  -73.438  42.671 0.8999999762
749  -8.709  -86.895  31.940 0.8000000119
6232  -3.938  -72.454  45.023 0.8000000119
5361  -4.625  -73.113  42.111 0.8999999762
124503  -4.588  -72.234  43.485 0.8999999762
4915  -7.259  -74.267  39.914 1.0000000000
4937  -7.593  -74.625  37.737 0.8999999762
758  -9.178  -86.442  31.008 0.8000000119
5378  -8.391  -73.252  40.762 1.0000000000
6661  -8.178  -70.049  45.141 0.6999999881
5820  -5.330  -72.085  42.925 0.8000000119
6235  -6.180  -71.232  43.993 0.8000000119
993  -11.366  -85.350  32.792 1.0000000000
7132  -10.104  -69.694  44.903 0.6999999881
5875  -6.397  -72.750  38.591 0.8999999762
138435  -12.706  -84.331  33.025 0.8999999762
6677  -10.620  -70.212  44.080 0.8999999762
2987  -16.872  -79.794  33.998 0.5000000000
1921  -16.782  -81.909  33.403 0.5000000000
7128  -10.300  -68.987  45.666 0.6999999881
7134  -10.915  -68.815  44.825 0.6999999881
6265  -9.827  -71.913  41.661 1.0000000000
6275  -5.029  -71.077  40.136 1.0000000000
121201  -12.205  -79.163  21.743 0.8000000119
4624  -18.532  -75.667  31.377 0.2000000030
2270  -17.359  -80.833  34.083 0.5000000000
4206  -18.275  -76.293  32.147 0.3000000119
4612  -18.786  -75.602  32.515 0.2000000030
3378  -18.178  -78.934  34.065 0.5000000000
8549  -12.271  -67.162  45.642 0.6999999881
9025  -12.488  -65.946  47.923 0.5000000000
3529  -19.983  -78.169  21.773 0.6000000238
141738  -16.496  -77.496  21.254 0.6999999881
4325  -20.683  -76.775  23.519 0.5000000000
125725  -18.846  -74.906  29.959 0.2000000030
3769  -18.750  -77.405  33.953 0.5000000000
4181  -19.483  -76.375  33.663 0.3000000119
3922  -21.385  -77.203  21.997 0.5000000000
3870  -10.347  -78.077  26.938 0.8999999762
5475  -20.068  -73.656  32.866 0.2000000030
4599  -19.860  -75.582  33.463 0.2000000030
128392  -21.128  -74.906  33.369 0.2000000030
4601  -21.745  -75.437  33.052 0.2000000030
7203  -3.118  -69.892  40.439 0.6999999881
119313  -9.398  -66.628  44.716 1.0000000000
6035  -23.947  -73.268  25.911 0.1000000015
4356  -16.855  -76.288  21.346 0.6999999881
6468  -21.432  -71.437  26.365 0.1000000015
134402  -9.780  -74.992  28.278 0.8000000119
4735  -14.603  -75.101  22.516 0.6999999881
6050  -21.001  -71.989  23.563 0.1000000015
6872  -24.149  -70.980  29.347 0.1000000015
6428  -24.247  -71.586  29.388 0.1000000015
6057  -14.460  -72.887  22.427 0.5000000000
133373  -20.787  -72.047  19.920 0.5000000000
6059  -21.651  -71.875  22.626 0.2000000030
7797  -22.733  -68.917  31.026 0.1000000015
9182  -22.505  -65.677  31.514 0.1000000015
130902  -21.834  -69.562  21.622 0.3000000119
7787  -26.390  -68.168  31.618 0.1000000015
8218  -26.841  -67.581  31.191 0.1000000015
9236  -26.109  -65.947  27.663 0.1000000015
6949  -19.018  -70.871  21.306 0.5000000000
7884  -20.707  -68.180  21.716 0.3000000119
7869  -14.937  -68.695  23.176 0.4000000060
6906  -14.404  -70.441  26.251 0.6000000238
9053  -4.403  -65.752  43.489 1.0000000000
131827  -9.767  -67.160  28.554 0.8000000119
9272  -23.235  -65.800  23.570 0.1000000015
8774  -20.011  -66.240  22.865 0.4000000060
6868  -14.857  -70.641  29.289 0.8000000119
9189  -8.885  -66.138  30.441 1.0000000000
8765  -18.201  -66.882  24.967 0.2000000030
8210  -12.092  -67.932  32.134 0.8999999762
9824  -20.956  -64.100  22.899 0.2000000030
10751  -11.044  -62.070  28.478 0.8999999762
9167  -10.487  -65.391  33.025 1.0000000000
9258  -15.109  -65.228  25.204 0.2000000030
8743  -13.582  -66.098  26.055 0.4000000060
13526  -7.824  -57.271  48.312 0.6000000238
8180  -11.883  -67.174  33.601 0.8999999762
8197  -13.524  -67.807  33.096 0.8999999762
123354  -18.098  -61.298  26.396 0.2000000030
12515  -16.136  -59.941  26.838 0.3000000119
11281  -11.174  -60.924  29.265 0.8999999762
13092  -19.246  -58.424  27.233 0.2000000030
13091  -18.448  -58.376  27.267 0.2000000030
13094  -21.197  -58.508  26.847 0.2000000030
124182  -14.068  -61.743  26.903 0.3000000119
12456  -10.433  -58.857  29.792 0.8999999762
9157  -16.514  -65.716  33.632 0.8999999762
13760  -22.090  -57.819  28.540 0.2000000030
9765  -14.493  -64.496  28.492 0.4000000060
10243  -14.884  -62.946  28.232 0.3000000119
9192  -16.101  -65.258  31.090 0.6000000238
14312  -9.056  -55.680  32.735 0.6000000238
14303  -9.739  -55.449  33.450 0.8999999762
14305  -11.376  -56.391  34.443 1.0000000000
14291  -12.074  -55.795  34.790 1.0000000000
15282  -3.857  -53.902  48.305 1.0000000000
126552  -17.681  -60.806  34.852 1.0000000000
17793  -10.675  -50.572  48.358 0.8000000119
136505  -9.369  -50.238  48.026 1.0000000000
16009  -10.606  -52.941  36.358 0.8999999762
14862  -11.947  -54.905  34.979 1.0000000000
16654  -9.166  -52.094  36.471 0.8000000119
14849  -13.155  -54.663  36.059 1.0000000000
14850  -13.942  -54.900  36.359 1.0000000000
13660  -15.645  -57.331  35.363 1.0000000000
12974  -16.756  -58.371  35.585 0.8000000119
12976  -18.637  -58.875  35.845 0.5000000000
126213  -21.513  -50.303  44.456 1.0000000000
18552  -23.937  -49.823  44.372 0.6999999881
17858  -23.263  -50.302  44.620 0.6000000238
13634  -18.160  -57.159  37.040 0.6999999881
14267  -18.636  -56.666  37.678 0.5000000000
136147  -19.305  -57.430  36.465 0.5000000000
12977  -19.683  -58.368  35.507 0.5000000000
17958  -6.936  -50.027  37.700 0.8000000119
124730  -23.136  -48.789  43.261 0.6999999881
122524  -14.239  -55.419  38.442 0.8999999762
16004  -19.605  -53.767  37.559 0.5000000000
136896  -15.403  -48.064  46.586 0.6000000238
17277  -8.566  -50.908  39.301 0.8999999762
19269  -23.493  -48.385  42.679 0.6999999881
19251  -25.339  -48.294  44.081 0.6000000238
19986  -22.471  -47.070  42.140 0.6000000238
15362  -12.480  -54.802  39.827 0.8999999762
14809  -13.245  -55.137  40.193 0.8999999762
14811  -14.811  -55.372  40.235 0.8000000119
15356  -15.189  -54.865  40.402 0.6999999881
135399  -17.283  -53.197  39.014 0.6999999881
16645  -19.525  -53.005  37.513 0.5000000000
131119  -8.279  -50.234  39.634 0.8999999762
17259  -10.970  -52.268  40.542 0.8999999762
21449  -26.947  -45.712  41.212 0.4000000060
119809  -26.799  -44.916  41.739 0.6000000238
22153  -26.877  -44.194  41.259 0.5000000000
16628  -15.998  -52.244  38.774 0.6999999881
121803  -16.232  -51.375  38.520 0.6999999881
17284  -16.863  -51.908  38.562 0.6999999881
17303  -19.549  -51.329  37.505 0.5000000000
17940  -8.993  -50.590  40.237 0.8999999762
136589  -26.806  -41.560  40.726 0.6999999881
24827  -26.732  -41.050  40.477 0.6999999881
134716  -27.260  -43.230  39.418 0.4000000060
124972  -26.901  -42.683  39.499 0.4000000060
24163  -26.820  -41.888  39.885 0.6000000238
24174  -26.607  -41.862  39.449 0.5000000000
17946  -14.941  -50.865  38.236 0.6000000238
24877  -25.307  -40.845  37.897 0.4000000060
18658  -18.081  -50.095  38.043 0.6000000238
17959  -18.993  -50.478  37.704 0.6000000238
18672  -18.722  -49.591  37.686 0.6000000238
18639  -8.947  -49.163  40.160 0.8999999762
17942  -11.408  -50.556  39.616 0.8000000119
24808  -26.426  -40.102  41.425 0.8000000119
24807  -25.864  -40.342  42.063 0.8999999762
24128  -26.262  -41.055  41.639 0.8999999762
18666  -10.582  -49.190  37.947 0.8000000119
24826  -26.599  -40.188  40.511 0.6999999881
25563  -26.373  -39.259  41.229 0.8000000119
138029  -25.463  -39.033  39.009 0.5000000000
24842  -26.553  -40.894  39.892 0.6999999881
24841  -26.460  -39.826  40.100 0.6000000238
18669  -13.141  -49.401  37.639 0.6999999881
24876  -24.755  -40.582  37.249 0.3000000119
25631  -24.153  -39.855  36.418 0.3000000119
25604  -25.016  -40.171  37.942 0.4000000060
19366  -13.631  -48.519  37.574 0.6999999881
19351  -15.104  -49.165  38.129 0.6000000238
19353  -17.042  -49.040  38.186 0.6000000238
19352  -16.098  -49.072  38.267 0.6000000238
19341  -9.154  -48.316  39.671 0.8000000119
25558  -25.660  -39.514  42.187 0.8999999762
26321  -25.811  -38.500  41.567 0.8999999762
25571  -26.440  -39.292  40.798 0.6999999881
27072  -25.838  -38.380  41.209 0.8000000119
26329  -26.199  -38.760  40.778 0.8000000119
19364  -11.640  -48.885  37.046 0.6999999881
27078  -25.761  -38.312  40.357 0.6000000238
26381  -23.712  -38.792  35.736 0.4000000060
27087  -25.311  -38.302  39.319 0.4000000060
20741  -16.460  -46.780  37.472 0.6999999881
20742  -17.485  -46.788  37.283 0.6000000238
120048  -22.144  -39.086  35.372 0.2000000030
27110  -23.669  -37.918  35.609 0.5000000000
20726  -6.371  -45.617  39.376 0.8000000119
20024  -6.949  -46.699  38.844 0.8999999762
126159  -25.480  -38.030  41.556 0.8999999762
27831  -24.818  -37.266  41.097 0.8999999762
26320  -25.404  -38.059  41.823 0.8999999762
20052  -9.423  -47.605  36.227 0.8000000119
20053  -10.105  -47.503  35.932 0.8000000119
21500  -12.467  -46.031  36.938 0.8000000119
21501  -13.508  -45.812  37.107 0.8000000119
140363  -14.291  -45.716  37.124 0.6999999881
21503  -15.923  -46.104  37.213 0.6999999881
20751  -18.320  -46.426  36.881 0.6000000238
26407  -21.026  -38.088  35.169 0.4000000060
26409  -22.792  -37.660  35.234 0.6000000238
27131  -23.509  -37.047  35.517 0.6000000238
22226  -18.249  -44.715  36.077 0.4000000060
20746  -8.896  -46.221  36.317 0.8999999762
21515  -10.528  -45.947  35.486 0.8000000119
21516  -11.723  -45.461  36.311 0.8000000119
22221  -13.460  -44.368  36.319 0.8000000119
21519  -14.833  -45.302  36.849 0.8000000119
22876  -14.223  -43.872  36.141 0.8000000119
22223  -15.584  -44.764  36.562 0.6000000238
27128  -19.836  -37.128  34.960 0.4000000060
22230  -9.614  -44.525  34.477 0.8000000119
22231  -10.444  -44.372  34.588 0.8999999762
22232  -11.521  -44.003  35.278 0.8999999762
22888  -13.135  -43.103  35.443 0.8000000119
22878  -16.099  -44.098  36.170 0.5000000000
22890  -15.189  -42.861  35.391 0.4000000060
23548  -15.852  -42.278  35.045 0.4000000060
22892  -17.303  -43.229  35.510 0.5000000000
119624  -19.969  -35.808  34.506 0.8000000119
139292  -17.078  -41.844  34.726 0.4000000060
22873  -8.902  -43.353  36.350 0.8000000119
22885  -9.832  -43.858  34.001 0.8000000119
23542  -9.438  -42.874  34.687 0.8000000119
23552  -10.412  -42.382  33.765 0.8000000119
23544  -11.506  -42.700  34.356 0.6999999881
24234  -10.782  -41.633  33.732 0.8000000119
23555  -13.324  -41.828  34.557 0.5000000000
23554  -12.141  -41.933  34.321 0.6999999881
23546  -13.707  -42.452  35.115 0.5000000000
23557  -15.555  -41.549  34.528 0.4000000060
24238  -15.149  -40.930  34.241 0.4000000060
24237  -14.188  -41.117  34.247 0.3000000119
29441  -19.551  -34.220  34.193 0.6000000238
24925  -17.083  -40.352  34.138 0.3000000119
29440  -18.130  -34.137  33.979 0.8000000119
131861  -18.183  -35.025  34.222 0.8000000119
24919  -10.369  -40.814  33.845 0.8000000119
24920  -11.192  -40.824  33.587 0.6000000238
134365  -12.193  -40.632  33.630 0.6999999881
24921  -13.227  -40.495  33.738 0.5000000000
24933  -15.566  -39.965  33.692 0.3000000119
30186  -18.716  -32.839  33.584 0.6999999881
25682  -17.239  -39.197  33.133 0.3000000119
25665  -11.899  -39.185  33.029 0.5000000000
24931  -13.792  -40.060  33.546 0.5000000000
25681  -15.065  -39.227  33.137 0.3000000119
31672  -21.594  -31.450  34.306 0.8000000119
122770  -15.278  -37.982  32.329 0.3000000119
26443  -15.716  -38.697  32.771 0.3000000119
26444  -16.614  -38.398  32.620 0.3000000119
140113  -16.409  -39.089  33.052 0.3000000119
30184  -16.823  -33.220  33.274 0.6000000238
26430  -18.966  -38.810  32.975 0.2000000030
123671  -18.634  -36.722  32.196 0.3000000119
26445  -19.463  -38.226  32.758 0.2000000030
28691  -20.023  -35.635  31.998 0.3000000119
27145  -13.564  -37.177  34.283 0.6000000238
28669  -12.724  -35.517  33.612 0.6000000238
130971  -14.651  -35.307  33.525 0.6000000238
27197  -13.459  -36.709  31.572 0.4000000060
27198  -14.084  -37.000  31.578 0.3000000119
27909  -16.589  -36.754  31.917 0.3000000119
121375  -16.297  -30.323  32.196 0.4000000060
29475  -20.052  -34.833  31.763 0.3000000119
28668  -12.049  -35.568  33.480 0.5000000000
30181  -13.303  -33.563  32.348 0.4000000060
30188  -12.667  -33.998  32.223 0.4000000060
30919  -13.728  -32.960  31.829 0.4000000060
27928  -12.570  -35.866  32.038 0.5000000000
28714  -16.043  -35.424  31.367 0.3000000119
27932  -16.838  -35.939  31.723 0.3000000119
29472  -16.822  -34.233  31.257 0.3000000119
120754  -16.850  -35.075  31.528 0.3000000119
30208  -16.837  -33.397  30.831 0.4000000060
122917  -18.977  -33.556  31.252 0.2000000030
30938  -18.656  -32.615  30.811 0.2000000030
29474  -19.234  -34.475  31.597 0.2000000030
28683  -12.233  -35.244  33.106 0.5000000000
28711  -12.812  -34.997  31.763 0.5000000000
29468  -12.740  -34.085  31.900 0.5000000000
30926  -13.711  -32.972  31.708 0.4000000060
30205  -13.104  -33.559  31.734 0.4000000060
33342  -16.047  -29.392  31.214 0.4000000060
119893  -18.912  -30.880  30.294 0.3000000119
31691  -20.176  -31.210  31.057 0.1000000015
32511  -19.601  -29.631  30.460 0.2000000030
123778  -14.459  -33.011  30.725 0.5000000000
30223  -15.073  -33.260  30.648 0.5000000000
32508  -15.902  -29.609  30.301 0.4000000060
30951  -16.983  -31.461  29.946 0.4000000060
32509  -16.802  -29.678  30.041 0.4000000060
33363  -16.972  -29.114  30.431 0.4000000060
33347  -17.963  -28.341  30.775 0.5000000000
120791  -17.941  -30.181  29.977 0.4000000060
138153  -18.749  -29.899  30.172 0.3000000119
34295  -18.410  -28.207  30.476 0.4000000060
33366  -19.710  -28.886  30.509 0.2000000030
34296  -19.107  -28.392  30.387 0.3000000119
183  -7.621  -87.812  43.486 0.3000000119
175  -8.171  -87.459  44.306 0.3000000119
168  -8.140  -87.168  45.288 0.4000000060
163  -8.718  -86.896  45.888 0.4000000060
352  -9.871  -86.980  46.754 0.4000000060
128266  -9.052  -87.222  45.020 0.3000000119
339  -10.279  -86.804  48.474 0.5000000000
586  -10.989  -85.807  50.517 0.6999999881
164  -9.539  -87.025  45.889 0.4000000060
345  -9.687  -86.799  47.806 0.5000000000
336  -11.762  -86.752  48.934 0.6999999881
353  -10.541  -87.086  46.497 0.4000000060
346  -10.655  -87.000  47.402 0.5000000000
581  -11.470  -85.461  51.152 0.6999999881
340  -12.111  -86.876  48.119 0.6000000238
174  -7.322  -87.519  44.173 0.4000000060
122712  -8.791  -86.521  48.083 0.6999999881
822  -11.919  -85.126  51.778 0.6999999881
588  -12.732  -86.055  50.185 0.6999999881
595  -13.121  -86.295  49.298 0.6999999881
583  -13.314  -85.644  50.800 0.6999999881
599  -12.623  -86.625  48.694 0.6000000238
589  -14.095  -85.726  50.043 0.6999999881
596  -13.909  -86.016  49.235 0.6000000238
600  -13.517  -86.278  48.261 0.6000000238
837  -14.616  -85.595  49.360 0.6999999881
832  -15.452  -85.162  50.417 0.6999999881
138320  -15.032  -85.496  48.802 0.5000000000
838  -15.412  -85.262  49.457 0.6999999881
356  -12.980  -86.599  46.657 0.5000000000
850  -4.309  -84.714  45.465 0.8000000119
1737  -14.906  -82.348  53.243 0.6999999881
2079  -15.294  -81.449  53.068 0.6999999881
1396  -16.740  -82.773  53.537 0.8000000119
123919  -16.529  -81.997  53.648 0.8000000119
866  -3.007  -84.926  44.565 0.8000000119
1144  -4.667  -84.029  45.249 0.8000000119
1145  -5.360  -84.242  45.042 0.6999999881
851  -4.888  -85.044  45.598 0.6999999881
143099  -14.196  -82.130  51.335 0.6999999881
2430  -15.647  -80.479  52.907 0.6000000238
1732  -17.455  -82.079  53.534 0.8999999762
2424  -17.087  -80.728  53.319 0.6000000238
2070  -18.241  -81.970  53.257 0.8000000119
1811  -20.803  -82.412  42.253 0.4000000060
1499  -20.680  -82.495  41.590 0.5000000000
1152  -2.940  -84.221  44.447 0.8000000119
1142  -3.345  -84.342  44.975 0.8000000119
122182  -4.165  -84.035  45.319 0.8000000119
132001  -6.650  -82.670  45.057 0.6999999881
1450  -4.320  -83.100  45.194 0.8000000119
1777  -7.232  -83.314  44.815 0.6999999881
1455  -8.662  -83.933  45.213 0.8000000119
2091  -14.989  -80.958  52.087 0.6999999881
2431  -16.529  -80.146  53.147 0.6000000238
137437  -17.597  -80.593  53.012 0.6999999881
2153  -27.355  -80.601  45.412 0.6999999881
1792  -26.851  -82.158  44.653 0.6000000238
2148  -26.877  -80.546  46.243 0.6000000238
118965  -26.159  -82.243  45.345 0.6000000238
132552  -26.163  -82.968  43.751 0.6000000238
128763  -26.180  -80.355  47.278 0.6000000238
2835  -26.158  -80.030  47.141 0.5000000000
1471  -25.308  -82.911  43.832 0.6000000238
2193  -20.746  -81.722  40.505 0.4000000060
1516  -20.878  -83.292  40.901 0.4000000060
120403  -20.575  -82.506  40.436 0.4000000060
1834  -20.571  -82.104  40.853 0.4000000060
2210  -20.705  -81.634  39.667 0.4000000060
1786  -2.829  -82.707  44.017 0.8000000119
1772  -3.293  -82.442  44.699 0.8000000119
131094  -3.666  -82.996  45.018 0.8000000119
1451  -5.113  -83.212  44.948 0.8000000119
1776  -5.777  -82.416  45.097 0.6999999881
2516  -3.184  -80.378  44.689 0.8000000119
2149  -3.346  -81.553  44.930 0.8000000119
2151  -4.661  -81.331  45.876 0.8000000119
2511  -3.368  -80.709  45.246 0.8000000119
2138  -4.107  -80.835  46.124 0.6999999881
141342  -9.097  -83.888  45.480 0.8000000119
1763  -8.631  -82.934  45.904 0.8000000119
1442  -10.910  -83.296  46.483 0.8000000119
2110  -14.808  -81.624  48.843 0.6000000238
2090  -14.631  -81.480  50.924 0.6999999881
142330  -11.921  -83.409  47.963 0.6999999881
2442  -15.309  -80.085  52.029 0.6000000238
2443  -15.986  -79.651  52.713 0.6000000238
2801  -17.366  -79.264  52.791 0.6999999881
2081  -18.040  -80.760  52.538 0.6000000238
2102  -19.296  -81.400  50.834 0.6000000238
2444  -18.360  -80.205  51.901 0.6000000238
2518  -27.983  -80.546  44.266 0.6999999881
121980  -18.937  -81.243  50.127 0.6000000238
2123  -18.919  -81.198  48.706 0.5000000000
1806  -27.971  -82.145  43.574 0.6999999881
2134  -19.072  -81.171  48.026 0.5000000000
2846  -26.859  -79.860  46.140 0.5000000000
2515  -27.547  -80.047  45.148 0.6000000238
1793  -27.566  -81.808  44.292 0.6999999881
1472  -27.094  -82.614  43.909 0.6000000238
1490  -26.917  -83.585  42.562 0.6000000238
2478  -20.596  -80.888  48.386 0.6000000238
2494  -20.192  -80.739  47.464 0.6000000238
2858  -26.703  -79.426  45.725 0.5000000000
125350  -26.543  -83.205  43.234 0.6000000238
1489  -25.772  -83.579  42.608 0.6000000238
2843  -25.065  -79.546  46.471 0.5000000000
1488  -24.746  -83.367  42.333 0.5000000000
2870  -24.288  -79.025  44.869 0.4000000060
1823  -23.237  -82.505  40.908 0.4000000060
1529  -20.485  -82.368  39.519 0.4000000060
1857  -20.580  -81.762  38.016 0.3000000119
279  -19.147  -87.641  35.004 0.1000000015
1760  -5.460  -81.737  45.748 0.6999999881
1761  -6.386  -82.046  45.923 0.6999999881
1762  -7.478  -82.716  45.676 0.8000000119
2847  -3.346  -79.417  45.560 0.8000000119
2499  -3.719  -80.751  45.805 0.8999999762
2127  -4.600  -80.573  46.682 0.6999999881
2139  -5.597  -81.209  46.675 0.6999999881
2129  -6.543  -81.807  47.254 0.6999999881
1764  -9.559  -83.019  46.125 0.8000000119
2860  -3.314  -79.628  44.703 0.8999999762
2836  -3.447  -79.393  46.323 0.6999999881
2837  -3.716  -79.480  46.940 0.8000000119
2128  -5.207  -80.453  47.476 0.6999999881
2117  -6.042  -81.198  47.866 0.6999999881
2140  -7.154  -82.262  46.687 0.6999999881
1765  -10.487  -82.796  46.397 0.6999999881
1443  -11.786  -82.955  46.668 0.6999999881
1751  -13.976  -82.259  47.628 0.6000000238
2111  -15.168  -80.957  49.147 0.6999999881
1435  -12.531  -82.674  46.908 0.6999999881
1436  -13.272  -82.463  47.142 0.6999999881
2100  -14.989  -80.575  51.042 0.6999999881
2452  -15.269  -79.873  51.174 0.6000000238
2805  -16.346  -79.100  52.413 0.6999999881
2812  -18.660  -79.318  51.327 0.5000000000
3212  -17.096  -78.755  52.395 0.6000000238
2807  -18.193  -79.067  52.008 0.6000000238
2526  -28.085  -80.413  43.877 0.6000000238
1807  -28.278  -81.573  43.262 0.6999999881
2453  -18.723  -80.797  50.272 0.5000000000
2112  -18.783  -81.120  49.434 0.5000000000
2517  -27.841  -80.111  44.475 0.6000000238
1491  -27.888  -83.177  42.351 0.6999999881
2859  -27.204  -79.723  45.478 0.5000000000
2872  -26.304  -79.113  44.988 0.4000000060
1504  -26.279  -83.953  41.850 0.6000000238
2840  -21.349  -79.837  46.460 0.5000000000
2856  -24.737  -79.247  45.658 0.4000000060
1503  -25.262  -83.840  41.637 0.6000000238
3254  -23.950  -78.685  44.119 0.4000000060
135885  -24.464  -83.448  41.640 0.5000000000
1502  -24.586  -83.746  40.998 0.5000000000
1518  -23.975  -83.533  40.455 0.5000000000
2868  -21.348  -79.072  44.473 0.4000000060
1859  -22.668  -82.267  38.661 0.5000000000
1197  -20.905  -83.493  39.095 0.4000000060
1888  -21.845  -81.933  36.523 0.4000000060
130892  -22.357  -82.984  35.866 0.3000000119
1543  -20.445  -82.357  37.867 0.3000000119
1578  -22.045  -82.970  35.143 0.3000000119
1873  -20.473  -82.010  37.142 0.3000000119
115  -17.248  -88.559  34.789 0.1000000015
278  -17.908  -88.094  34.521 0.1000000015
137316  -7.061  -77.824  53.859 0.6000000238
3583  -7.298  -77.899  54.508 0.5000000000
3198  -6.899  -78.670  53.872 0.5000000000
3205  -6.531  -78.535  53.219 0.6000000238
1753  -8.103  -82.476  46.880 0.8000000119
136773  -8.810  -82.223  47.425 0.6999999881
3243  -3.869  -78.181  45.617 0.8000000119
3242  -3.514  -78.664  45.982 0.8000000119
2826  -4.091  -79.177  47.475 0.8000000119
2118  -6.732  -81.781  48.344 0.6999999881
131059  -4.286  -77.407  46.907 0.8000000119
3237  -4.020  -77.863  47.177 0.6999999881
2825  -3.633  -78.639  46.842 0.6999999881
2471  -4.863  -79.693  47.943 0.8000000119
123889  -5.875  -80.450  49.142 0.6000000238
2142  -10.824  -81.964  46.576 0.6999999881
2472  -5.627  -80.434  48.368 0.6999999881
2144  -12.425  -81.621  46.689 0.6999999881
1492  -28.444  -82.593  41.890 0.6999999881
2889  -27.830  -79.834  44.052 0.5000000000
135407  -26.810  -79.184  44.722 0.4000000060
1505  -27.285  -83.866  41.847 0.6999999881
1173  -25.187  -84.041  40.826 0.6000000238
120621  -20.876  -79.481  45.154 0.4000000060
1531  -23.319  -83.086  39.170 0.5000000000
2886  -20.919  -78.749  43.857 0.4000000060
139444  -21.468  -84.553  39.030 0.4000000060
1875  -22.614  -82.381  37.914 0.5000000000
1569  -22.372  -82.590  36.498 0.3000000119
1209  -21.121  -84.212  38.337 0.4000000060
1208  -20.650  -83.204  38.284 0.3000000119
132766  -22.380  -84.898  35.419 0.6000000238
932  -21.213  -85.095  37.696 0.3000000119
1224  -20.611  -83.604  37.443 0.3000000119
1556  -20.303  -82.701  36.828 0.3000000119
1265  -22.098  -83.854  34.750 0.5000000000
434  -21.411  -86.742  37.875 0.1000000015
931  -21.010  -85.567  37.054 0.3000000119
1887  -20.462  -82.390  36.270 0.5000000000
445  -20.467  -87.248  36.629 0.1000000015
689  -20.957  -86.479  36.991 0.2000000030
1255  -20.066  -84.161  35.858 0.4000000060
125720  -20.071  -83.033  35.961 0.4000000060
1590  -21.482  -83.040  34.307 0.4000000060
1264  -21.746  -84.048  33.831 0.5000000000
714  -19.608  -87.004  34.974 0.3000000119
455  -18.493  -87.484  34.295 0.3000000119
463  -18.670  -86.780  33.720 0.3000000119
139182  -17.890  -87.230  33.028 0.4000000060
282  -16.572  -88.051  33.519 0.1000000015
289  -17.287  -87.520  33.147 0.2000000030
121  -15.796  -88.582  33.823 0.1000000015
3595  -7.784  -77.188  53.949 0.6000000238
3604  -6.240  -78.146  52.562 0.6999999881
4018  -6.345  -76.858  50.961 0.6999999881
3214  -6.020  -78.285  51.877 0.6999999881
3209  -6.228  -78.568  52.520 0.6000000238
2797  -6.330  -79.041  52.732 0.6000000238
134370  -9.528  -81.874  47.243 0.6999999881
3642  -4.404  -77.706  46.133 0.6999999881
2132  -10.295  -81.516  47.028 0.6999999881
2459  -6.412  -80.792  49.716 0.6000000238
2143  -11.604  -81.764  46.631 0.6999999881
1532  -23.931  -83.791  39.702 0.6000000238
1544  -23.113  -83.157  38.348 0.5000000000
974  -21.852  -85.411  33.800 0.6000000238
457  -22.798  -86.374  34.292 0.6999999881
464  -21.906  -86.805  32.811 0.6000000238
705  -20.415  -86.377  36.058 0.3000000119
954  -20.588  -85.456  36.342 0.3000000119
1279  -21.422  -84.419  32.917 0.4000000060
996  -21.350  -85.813  32.029 0.6000000238
491  -21.625  -86.753  31.807 0.6000000238
968  -20.050  -85.336  35.471 0.4000000060
1254  -19.554  -84.148  34.780 0.4000000060
1278  -20.644  -83.964  32.476 0.4000000060
995  -20.927  -85.076  31.412 0.5000000000
136277  -21.325  -86.664  31.091 0.5000000000
967  -19.519  -85.357  34.665 0.4000000060
128802  -19.286  -84.542  33.869 0.4000000060
1291  -20.248  -84.707  31.339 0.4000000060
752  -20.885  -86.004  30.553 0.4000000060
451  -20.095  -87.092  35.791 0.1000000015
715  -19.967  -86.303  35.223 0.3000000119
973  -19.091  -85.574  33.961 0.4000000060
994  -19.475  -84.651  31.779 0.4000000060
760  -20.019  -85.445  30.330 0.5000000000
507  -20.518  -86.322  29.619 0.5000000000
723  -19.147  -86.518  34.205 0.3000000119
119634  -18.834  -85.301  32.304 0.4000000060
489  -19.055  -85.648  30.716 0.4000000060
131100  -16.668  -88.960  34.989 0.1000000015
474  -18.170  -86.868  32.242 0.4000000060
473  -17.903  -87.018  31.662 0.4000000060
488  -18.366  -86.479  31.153 0.4000000060
125113  -18.785  -86.105  30.368 0.4000000060
295  -17.093  -87.301  32.141 0.4000000060
487  -17.385  -87.160  31.123 0.4000000060
505  -18.166  -86.721  30.583 0.4000000060
130  -15.952  -88.046  32.986 0.1000000015
294  -16.124  -87.598  32.114 0.2000000030
503  -16.641  -87.303  30.619 0.4000000060
293  -15.293  -87.702  31.538 0.4000000060
134009  -16.067  -87.433  31.277 0.4000000060
4019  -7.309  -76.528  51.222 0.6999999881
4029  -7.017  -76.169  50.443 0.6999999881
3606  -7.282  -77.438  53.112 0.6000000238
4038  -5.272  -76.755  49.326 0.6999999881
135235  -5.835  -77.381  50.860 0.6999999881
3647  -5.558  -77.746  45.816 0.6999999881
133774  -5.090  -77.297  46.619 0.6999999881
2119  -7.451  -82.019  48.681 0.6999999881
2120  -8.374  -81.790  48.786 0.6999999881
2501  -11.083  -81.285  46.918 0.6999999881
2818  -4.626  -78.853  48.240 0.8000000119
2107  -6.878  -81.562  49.206 0.6999999881
124067  -11.478  -80.862  47.505 0.6999999881
3277  -19.977  -78.140  42.772 0.4000000060
764  -2.402  -86.173  30.048 0.6000000238
762  -23.807  -86.077  30.454 0.6000000238
132798  -23.372  -86.466  31.118 0.6999999881
740  -1.933  -86.447  32.114 0.6000000238
754  -2.791  -86.570  30.690 0.6000000238
131106  -22.629  -86.796  30.964 0.6999999881
510  -22.583  -86.803  30.020 0.6999999881
468  -2.372  -87.110  32.279 0.6000000238
509  -21.768  -86.917  30.454 0.6000000238
518  -21.901  -86.975  29.527 0.6000000238
517  -21.330  -86.905  29.741 0.6000000238
131898  -21.347  -86.987  29.014 0.6000000238
134906  -20.891  -86.849  29.197 0.6000000238
529  -20.676  -86.911  28.540 0.6000000238
528  -19.501  -86.631  28.580 0.6000000238
286  -14.714  -88.045  32.114 0.3000000119
125973  -17.088  -87.202  29.376 0.4000000060
309  -15.259  -87.476  29.830 0.4000000060
310  -16.232  -87.333  29.737 0.4000000060
3219  -5.530  -77.719  50.105 0.6999999881
4048  -5.233  -76.536  48.706 0.6999999881
3226  -5.400  -78.418  49.754 0.6999999881
3643  -4.975  -76.920  47.466 0.6999999881
2474  -10.219  -80.931  48.499 0.6999999881
119387  -4.425  -77.951  47.959 0.8000000119
2257  -0.645  -81.295  35.062 0.3000000119
2591  -0.790  -80.321  35.249 0.4000000060
2979  -1.183  -80.190  33.560 0.3000000119
2992  -1.460  -80.071  33.063 0.2000000030
2993  -1.807  -79.520  32.445 0.3000000119
2631  -2.137  -80.213  32.525 0.1000000015
775  -23.789  -86.287  27.987 0.5000000000
532  -23.136  -86.803  28.301 0.6999999881
544  -23.321  -86.562  27.596 0.6999999881
138368  -23.245  -86.558  30.332 0.6999999881
1019  -1.581  -85.356  29.819 0.4000000060
1031  -3.707  -85.132  28.014 0.6999999881
1381  -15.358  -83.912  24.688 0.6000000238
1709  -16.758  -83.234  23.952 0.6000000238
531  -22.108  -86.998  28.465 0.6999999881
1319  -1.517  -84.698  29.300 0.5000000000
1037  -2.245  -84.883  28.232 0.5000000000
1373  -14.689  -84.412  25.463 0.6000000238
1718  -15.794  -83.979  23.125 0.6000000238
1340  -2.166  -84.211  27.903 0.5000000000
1380  -14.436  -84.544  23.720 0.6999999881
542  -21.659  -87.029  27.290 0.6999999881
1371  -12.750  -84.887  24.969 0.6999999881
1379  -13.468  -84.845  24.136 0.6999999881
1072  -15.320  -84.646  23.279 0.6000000238
1390  -16.520  -84.170  22.910 0.6000000238
1066  -17.326  -85.181  23.249 0.6999999881
541  -20.699  -87.037  27.701 0.6000000238
1061  -13.154  -85.164  24.126 0.8000000119
1384  -13.976  -84.948  23.699 0.6999999881
122337  -19.893  -86.938  27.234 0.6999999881
796  -13.021  -85.975  24.219 0.8000000119
540  -19.138  -86.914  27.166 0.8000000119
525  -16.442  -87.289  28.659 0.4000000060
301  -14.834  -87.686  30.670 0.4000000060
4030  -7.783  -75.839  50.748 0.6999999881
4040  -6.820  -75.965  49.590 0.6999999881
4447  -7.519  -75.589  48.977 0.6999999881
4057  -5.968  -76.432  47.549 0.6999999881
3625  -5.190  -77.550  49.255 0.8000000119
2458  -5.785  -80.037  49.834 0.6000000238
3631  -4.776  -77.388  48.459 0.6999999881
2813  -5.112  -78.909  49.111 0.8000000119
2108  -7.664  -81.588  49.574 0.6999999881
2121  -9.317  -81.267  48.671 0.6999999881
2943  -1.019  -79.125  36.414 0.6000000238
2952  -0.931  -79.474  34.914 0.3000000119
1682  -15.755  -84.116  26.691 0.6000000238
1683  -16.286  -83.443  26.356 0.6000000238
142594  -15.374  -84.500  28.734 0.6000000238
1348  -14.659  -84.751  27.328 0.6000000238
1694  -15.579  -84.032  25.866 0.6000000238
1695  -16.148  -83.439  25.365 0.6000000238
785  -22.772  -86.277  26.284 0.6999999881
1342  -3.517  -84.748  27.563 0.6000000238
1336  -14.285  -84.907  28.146 0.6000000238
1362  -15.080  -84.486  26.534 0.6000000238
1712  -21.731  -83.983  24.572 0.5000000000
1382  -21.581  -84.206  24.342 0.5000000000
804  -22.414  -85.350  25.028 0.6999999881
559  -22.472  -86.800  26.873 0.6999999881
1329  -1.566  -83.658  28.758 0.5000000000
1335  -13.426  -85.027  28.222 0.6999999881
1361  -14.036  -84.776  26.349 0.6000000238
1719  -16.650  -83.582  23.165 0.6000000238
1391  -17.552  -84.049  22.809 0.6000000238
1069  -20.412  -84.539  23.714 0.6000000238
1057  -21.110  -85.544  24.445 0.6999999881
803  -21.735  -85.855  24.953 0.6999999881
139015  -21.993  -86.732  26.355 0.6999999881
1347  -13.769  -84.929  27.397 0.8000000119
1372  -13.673  -84.718  25.087 0.6999999881
1067  -18.322  -85.214  23.345 0.6000000238
802  -20.297  -85.850  24.564 0.6999999881
792  -21.444  -86.459  25.764 0.6999999881
784  -21.274  -86.919  26.418 0.6999999881
1360  -13.030  -84.883  25.842 0.6999999881
128636  -12.287  -84.949  25.569 0.8000000119
1377  -12.071  -85.106  24.800 0.8000000119
810  -17.748  -85.795  23.869 0.6999999881
790  -19.185  -86.485  25.439 0.8000000119
809  -16.765  -85.745  23.724 0.6000000238
555  -18.633  -86.951  26.729 0.8000000119
556  -19.378  -86.927  26.590 0.8000000119
129299  -13.200  -87.233  26.284 0.6000000238
307  -13.560  -87.910  30.001 0.4000000060
327  -14.095  -87.519  28.407 0.5000000000
523  -14.767  -87.427  27.992 0.6000000238
308  -14.382  -87.668  29.892 0.4000000060
319  -14.785  -87.445  28.966 0.5000000000
524  -15.650  -87.382  29.097 0.6000000238
124684  -9.320  -75.576  51.853 0.6000000238
4429  -8.378  -75.641  51.041 0.6000000238
4438  -7.631  -75.655  49.892 0.6999999881
2109  -8.772  -81.302  49.511 0.6999999881
2448  -9.283  -81.117  50.258 0.6999999881
3319  -1.609  -77.876  37.216 0.6999999881
2934  -1.244  -78.674  37.210 0.6000000238
3345  -1.094  -78.882  35.514 0.6000000238
3358  -1.301  -78.907  34.475 0.4000000060
125636  -1.504  -79.465  33.264 0.3000000119
129088  -1.830  -78.168  32.782 0.3000000119
3390  -1.981  -78.033  31.961 0.2000000030
3392  -3.210  -78.169  31.612 0.2000000030
1656  -15.864  -84.100  28.200 0.6000000238
123814  -16.802  -82.904  25.778 0.5000000000
1697  -20.542  -83.584  25.175 0.5000000000
139533  -14.727  -84.778  28.836 0.6000000238
2023  -16.826  -83.026  24.892 0.5000000000
1710  -17.463  -83.087  23.453 0.6000000238
1724  -21.201  -84.008  24.100 0.5000000000
1344  -5.021  -84.369  27.362 0.6000000238
128143  -3.560  -84.288  27.275 0.6000000238
1729  -18.019  -83.612  22.986 0.6000000238
139235  -19.101  -84.045  23.102 0.6000000238
131718  -2.507  -82.323  27.117 0.5000000000
1666  -2.301  -83.484  27.607 0.5000000000
1334  -12.564  -85.170  28.311 0.6999999881
812  -19.728  -85.575  23.978 0.6000000238
1359  -12.358  -85.026  26.528 0.6999999881
811  -18.781  -85.836  24.048 0.6999999881
801  -19.457  -86.048  24.728 0.6999999881
791  -19.999  -86.353  25.344 0.6999999881
558  -20.693  -87.035  26.832 0.6999999881
1345  -12.033  -85.217  27.503 0.8000000119
1358  -11.600  -85.226  25.777 0.8000000119
132113  -18.770  -86.220  24.909 0.6999999881
1369  -11.585  -85.408  25.168 0.8000000119
306  -12.947  -87.925  29.327 0.3000000119
317  -13.366  -87.696  28.537 0.4000000060
146  -12.099  -88.402  30.530 0.2000000030
4430  -8.955  -75.060  51.129 0.6999999881
4440  -9.167  -74.497  50.249 0.6000000238
4439  -8.399  -75.212  50.267 0.6999999881
4449  -9.032  -74.793  49.362 0.6999999881
4050  -6.691  -75.854  48.679 0.6999999881
3346  -1.756  -78.367  35.216 0.5000000000
138925  -1.814  -78.380  34.199 0.4000000060
132890  -16.303  -83.099  27.915 0.6000000238
125393  -18.774  -82.931  24.759 0.5000000000
141306  -19.324  -83.185  24.506 0.5000000000
2032  -17.598  -82.773  24.335 0.5000000000
132351  -19.936  -83.464  24.221 0.5000000000
2043  -18.540  -83.135  23.567 0.5000000000
1722  -19.268  -83.554  23.557 0.5000000000
1387  -19.595  -83.963  23.370 0.5000000000
2376  -2.531  -81.165  26.045 0.6000000238
2713  -2.352  -80.326  26.305 0.5000000000
3470  -3.090  -79.096  26.057 0.5000000000
153  -12.204  -88.178  29.742 0.3000000119
3359  -2.499  -77.920  34.463 0.4000000060
3370  -2.020  -77.803  33.496 0.4000000060
3101  -3.782  -79.935  25.299 0.5000000000
3880  -3.586  -78.802  26.188 0.5000000000
3485  -3.855  -79.306  25.579 0.5000000000
3332  -2.904  -77.886  35.349 0.6000000238
3347  -4.064  -77.662  35.185 0.6000000238
3788  -2.177  -77.276  31.842 0.2000000030
4200  -2.636  -76.691  31.727 0.2000000030
137707  -17.148  -81.153  31.050 0.5000000000
2659  -17.134  -80.757  30.550 0.5000000000
127607  -18.318  -79.094  30.345 0.5000000000
3031  -18.778  -79.075  31.077 0.5000000000
3102  -4.182  -80.027  25.289 0.5000000000
3118  -4.652  -80.651  24.438 0.6000000238
4289  -4.690  -77.817  26.631 0.5000000000
3089  -5.408  -79.768  25.583 0.6000000238
3828  -20.072  -77.426  29.415 0.4000000060
4291  -6.047  -76.811  25.681 0.5000000000
3882  -4.980  -78.199  26.173 0.5000000000
3895  -5.931  -77.856  25.762 0.5000000000
3487  -5.235  -78.888  25.745 0.5000000000
3753  -2.997  -77.403  34.113 0.6000000238
4174  -2.118  -76.513  32.642 0.5000000000
132497  -1.960  -77.405  32.510 0.5000000000
4187  -2.282  -76.153  32.362 0.4000000060
4618  -2.962  -75.975  31.740 0.3000000119
3429  -18.801  -78.485  30.126 0.5000000000
133450  -6.151  -80.650  23.627 0.6999999881
4695  -6.360  -75.683  25.380 0.5000000000
3488  -5.966  -78.064  25.750 0.5000000000
4308  -6.953  -76.634  25.159 0.5000000000
3830  -21.495  -76.964  29.038 0.4000000060
125148  -2.397  -77.098  33.329 0.6000000238
4591  -2.500  -75.616  33.701 0.5000000000
2727  -6.386  -80.432  25.089 0.6999999881
3105  -7.069  -80.387  24.574 0.6999999881
3121  -7.715  -79.952  23.401 0.8999999762
3511  -8.984  -79.441  22.519 0.8000000119
3459  -6.455  -79.244  26.161 0.6000000238
3091  -6.883  -80.120  25.548 0.8000000119
3092  -8.321  -79.727  25.424 0.8000000119
3489  -8.922  -79.222  24.420 0.8000000119
4247  -23.315  -77.011  28.628 0.4000000060
3844  -22.346  -77.240  28.187 0.3000000119
5108  -6.968  -75.368  25.043 0.5000000000
3897  -7.023  -77.012  25.246 0.5000000000
3845  -23.177  -77.318  27.902 0.2000000030
3473  -9.242  -79.186  25.678 0.8999999762
4261  -24.878  -76.798  28.293 0.2000000030
4167  -4.243  -76.874  34.534 0.6000000238
4166  -3.219  -76.424  34.172 0.6000000238
5006  -2.605  -74.766  32.904 0.3000000119
5096  -9.267  -74.412  25.094 0.6999999881
4696  -8.751  -75.286  25.116 0.6000000238
4292  -7.578  -76.722  25.418 0.6000000238
3460  -7.102  -79.055  26.567 0.6999999881
5095  -8.608  -74.711  24.969 0.5000000000
4309  -7.621  -76.321  25.085 0.6000000238
3448  -8.626  -78.590  27.133 0.8000000119
3078  -8.494  -79.475  26.180 0.8000000119
4579  -4.129  -76.279  34.736 0.6000000238
4578  -3.118  -75.648  34.449 0.6000000238
4577  -2.565  -74.894  34.112 0.5000000000
4667  -8.888  -76.251  27.415 0.8000000119
4697  -9.167  -75.085  25.498 0.6999999881
4681  -8.622  -75.897  25.894 0.6999999881
4256  -8.942  -77.129  27.619 0.8000000119
3856  -10.030  -77.725  27.470 0.8000000119
5575  -8.995  -73.360  24.923 0.6000000238
3474  -9.799  -78.643  26.411 0.8999999762
6027  -8.388  -73.136  25.249 0.5000000000
5792  -4.463  -72.593  46.558 0.6999999881
4963  -4.181  -75.311  35.716 0.6000000238
4962  -2.992  -74.976  35.132 0.6000000238
5576  -9.775  -73.646  25.388 0.6999999881
6029  -9.719  -72.831  25.153 0.6999999881
6215  -4.424  -71.684  46.243 0.6999999881
121971  -5.662  -74.663  36.574 0.6999999881
4950  -3.424  -74.561  36.063 0.6000000238
4976  -2.601  -74.095  34.517 0.6000000238
5430  -2.747  -73.239  34.365 0.5000000000
6030  -10.269  -72.359  25.598 0.6999999881
6016  -8.619  -72.223  25.806 0.6000000238
5414  -4.826  -74.200  37.069 0.6999999881
4961  -2.795  -74.096  35.563 0.6000000238
5411  -2.725  -73.252  35.784 0.5000000000
6465  -10.522  -71.031  26.254 0.6999999881
6447  -8.836  -70.621  26.264 0.6999999881
6476  -10.013  -71.890  25.461 0.8000000119
5397  -3.337  -73.590  37.076 0.6000000238
5895  -2.878  -73.178  36.799 0.5000000000
7360  -10.369  -69.485  26.461 0.6999999881
6448  -10.560  -71.188  27.296 0.6999999881
6464  -10.125  -70.897  25.757 0.6999999881
119157  -9.629  -70.413  25.792 0.6999999881
7817  -10.344  -68.881  27.251 0.8000000119
7359  -8.357  -68.990  26.360 0.5000000000
5881  -2.828  -72.443  37.193 0.5000000000
7373  -8.837  -68.626  26.011 0.4000000060
7375  -10.096  -69.443  25.978 0.6999999881
7833  -10.199  -68.054  26.919 0.6000000238
6789  -2.809  -70.718  36.427 0.4000000060
129554  -2.820  -71.596  37.586 0.5000000000
7846  -9.635  -67.930  26.431 0.6000000238
6779  -2.838  -70.536  37.462 0.4000000060
7237  -2.908  -69.723  37.454 0.4000000060
7219  -2.896  -70.250  38.415 0.4000000060
141842  -8.277  -68.282  26.225 0.4000000060
8270  -9.856  -67.311  26.718 0.6999999881
7832  -8.479  -67.846  26.065 0.6000000238
8742  -9.452  -66.609  26.580 0.6999999881
8731  -10.019  -66.685  27.378 0.6999999881
9230  -8.704  -65.353  26.842 0.6000000238
9244  -9.198  -65.937  26.612 0.6000000238
9761  -8.204  -64.151  27.685 0.4000000060
9231  -9.800  -65.210  26.858 0.6999999881
9779  -9.038  -64.516  27.001 0.5000000000
8597  -3.586  -66.874  40.083 0.4000000060
9762  -10.349  -65.044  27.713 0.8000000119
8582  -4.485  -65.831  40.912 0.6999999881
9612  -5.564  -64.280  40.710 0.6000000238
9611  -4.733  -64.893  40.265 0.5000000000
9780  -10.065  -64.224  27.210 0.8000000119
8547  -8.476  -66.754  45.134 0.8999999762
131726  -7.603  -67.108  45.609 0.8999999762
8537  -8.394  -66.621  46.772 0.8999999762
9597  -5.813  -64.625  41.558 0.6000000238
10765  -9.902  -62.631  27.799 0.8000000119
123172  -8.192  -66.805  45.982 0.8999999762
8521  -7.694  -66.529  47.640 0.8999999762
10098  -5.885  -63.416  41.295 0.5000000000
9063  -5.582  -65.287  41.946 0.6999999881
139446  -8.792  -61.635  29.022 0.6000000238
8520  -6.654  -66.546  47.715 0.8999999762
8535  -6.009  -66.980  47.152 0.8999999762
123263  -7.194  -66.190  48.123 0.8000000119
8536  -7.291  -66.958  46.794 0.8999999762
8546  -6.560  -67.318  46.119 0.8999999762
8048  -5.942  -67.613  45.505 0.8999999762
9593  -5.528  -64.695  42.403 0.8000000119
11301  -9.671  -61.393  28.711 0.6000000238
11852  -9.067  -60.353  29.611 0.6000000238
10605  -4.900  -62.822  42.155 0.8000000119
11129  -5.540  -62.250  41.569 0.8000000119
142855  -18.635  -61.006  34.186 0.6999999881
10699  -18.501  -62.159  33.583 0.6000000238
10088  -4.589  -64.097  42.905 0.8000000119
9589  -4.199  -64.710  43.640 0.8000000119
11152  -5.811  -61.723  41.013 0.6000000238
13030  -9.201  -57.982  30.372 0.6999999881
135645  -20.195  -57.646  35.490 0.4000000060
10604  -4.272  -62.685  42.656 0.8000000119
124150  -5.290  -61.334  41.555 0.6999999881
129369  -4.661  -62.048  42.177 0.8000000119
11729  -5.284  -60.747  40.768 0.5000000000
10087  -4.105  -63.360  43.148 0.8000000119
11712  -4.854  -60.435  41.581 0.5000000000
10078  -3.859  -63.428  44.319 0.8999999762
10603  -3.975  -62.635  43.272 0.8000000119
11128  -4.082  -61.958  42.805 0.8000000119
11703  -4.137  -60.308  42.409 0.6999999881
124946  -4.468  -59.585  41.707 0.6000000238
12320  -4.732  -59.800  40.877 0.3000000119
11105  -3.973  -61.960  44.333 0.8000000119
131792  -3.780  -61.373  44.034 0.8000000119
130857  -4.375  -61.211  42.263 0.8000000119
125280  -3.829  -61.105  43.177 0.8000000119
12319  -4.292  -58.997  40.942 0.5000000000
17316  -6.407  -51.301  36.453 0.6999999881
11702  -3.593  -60.147  43.270 0.8000000119
18504  -16.301  -49.478  47.403 0.8000000119
12900  -3.852  -58.528  42.571 0.6000000238
12912  -3.807  -57.816  41.567 0.5000000000
17317  -7.226  -50.982  36.285 0.6999999881
12307  -3.968  -59.414  42.551 0.6999999881
17820  -17.319  -50.114  47.051 0.8000000119
17163  -18.531  -50.991  46.297 0.8000000119
14793  -3.075  -54.572  42.257 0.5000000000
15328  -2.987  -53.836  42.807 0.4000000060
14224  -3.323  -56.352  42.417 0.5000000000
17148  -15.595  -50.858  48.267 0.8000000119
128759  -3.044  -55.610  42.854 0.6000000238
14785  -2.894  -54.894  43.433 0.6000000238
17844  -19.511  -50.403  45.414 0.8999999762
18495  -6.465  -49.405  47.083 0.8000000119
133088  -19.065  -51.864  45.831 0.5000000000
15322  -2.867  -54.182  43.991 0.6000000238
18496  -7.531  -49.245  47.229 0.8000000119
17845  -20.200  -50.767  44.991 0.8000000119
17184  -19.820  -51.597  45.277 0.5000000000
121264  -2.908  -53.566  44.659 0.6000000238
17804  -4.694  -50.528  47.196 0.8000000119
17197  -21.561  -51.216  44.620 0.6000000238
18494  -4.807  -49.769  46.671 0.8000000119
17141  -3.994  -50.976  46.889 0.8000000119
17816  -4.366  -49.923  46.222 0.6999999881
130719  -24.905  -47.434  45.073 0.5000000000
16508  -3.468  -51.721  45.958 0.8000000119
136805  -24.698  -46.307  45.320 0.3000000119
20644  -25.121  -46.759  44.984 0.6000000238
122786  -3.218  -52.268  45.413 0.6999999881
22112  -24.249  -44.787  45.634 0.4000000060
17199  -22.698  -50.964  44.792 0.5000000000
21405  -24.513  -45.604  45.422 0.4000000060
22115  -24.016  -44.006  45.931 0.5000000000
16524  -3.476  -51.663  44.864 0.5000000000
23425  -24.306  -42.686  45.138 0.6000000238
24111  -23.492  -41.460  44.247 0.6000000238
23429  -24.580  -42.428  44.493 0.5000000000
24796  -22.944  -40.924  43.538 0.6000000238
24116  -23.737  -41.194  43.254 0.6999999881
22759  -23.650  -43.396  45.966 0.5000000000
23424  -23.593  -42.626  45.567 0.4000000060
24110  -22.691  -41.215  44.480 0.5000000000
24799  -22.441  -40.284  43.265 0.6000000238
24117  -24.520  -41.498  43.091 0.6000000238
24800  -23.381  -40.356  42.816 0.6999999881
24805  -24.314  -39.934  42.600 0.6999999881
24106  -23.166  -41.794  45.086 0.4000000060
126023  -22.365  -40.686  44.003 0.5000000000
26303  -23.323  -38.451  43.070 0.6999999881
26313  -25.363  -38.314  42.126 0.8000000119
25552  -22.811  -39.559  43.012 0.6000000238
25556  -23.896  -39.276  42.795 0.6999999881
25557  -25.042  -39.117  42.523 0.6999999881
26314  -25.826  -38.816  41.946 0.8000000119
22185  -7.174  -44.353  39.440 0.5000000000
124571  -7.776  -43.947  38.811 0.6000000238
26302  -22.514  -38.056  43.338 0.6999999881
139662  -23.134  -37.596  43.061 0.8000000119
27065  -24.773  -37.706  42.199 0.8000000119
27056  -23.913  -37.587  42.684 0.8000000119
27823  -24.165  -36.991  42.172 0.8000000119
22186  -7.757  -43.932  39.412 0.5000000000
133453  -24.082  -36.576  40.590 0.8000000119
128478  -8.161  -43.924  38.092 0.6999999881
135482  -24.331  -36.993  38.992 0.6999999881
27064  -23.367  -36.910  42.672 0.8000000119
28599  -22.518  -35.833  42.357 0.6999999881
27827  -24.187  -36.726  41.503 0.8000000119
28614  -23.435  -35.954  40.158 0.8000000119
135666  -10.801  -42.013  37.588 0.5000000000
27835  -23.906  -36.506  39.619 0.8000000119
28621  -23.428  -35.869  39.277 0.8000000119
24191  -9.184  -41.063  37.010 0.6000000238
137932  -24.034  -36.659  38.093 0.6999999881
27843  -23.772  -36.366  38.784 0.6999999881
24218  -9.047  -40.890  36.203 0.6999999881
137117  -9.000  -41.523  36.508 0.6999999881
24868  -10.694  -40.775  36.924 0.6000000238
27854  -24.170  -36.978  37.165 0.6999999881
140136  -23.743  -36.149  38.093 0.6999999881
24230  -9.717  -42.184  34.356 0.6999999881
25619  -11.978  -39.680  35.861 0.6000000238
140299  -22.110  -35.322  42.044 0.6999999881
28607  -22.755  -35.552  41.661 0.6999999881
28608  -23.477  -36.039  41.128 0.8000000119
28613  -22.782  -35.421  40.681 0.8000000119
28620  -22.849  -35.343  39.739 0.8000000119
24913  -9.293  -40.232  35.893 0.6999999881
24867  -9.436  -40.420  36.519 0.6000000238
24892  -11.346  -40.255  36.403 0.6000000238
27853  -23.879  -36.263  37.261 0.6999999881
28638  -23.563  -35.639  37.655 0.6999999881
24229  -9.384  -41.035  35.067 0.6999999881
25618  -10.766  -39.393  36.063 0.6000000238
25620  -13.205  -39.940  35.749 0.6000000238
28649  -23.596  -35.660  36.449 0.8000000119
29406  -23.303  -35.029  37.238 0.8000000119
25646  -12.641  -39.108  35.349 0.5000000000
25647  -13.795  -39.355  35.281 0.6000000238
28660  -23.108  -35.333  35.503 0.6999999881
24232  -9.807  -40.671  34.478 0.6999999881
27147  -15.685  -37.425  34.439 0.6000000238
28612  -21.987  -34.942  41.251 0.6999999881
29386  -22.197  -34.827  40.185 0.8000000119
29393  -22.345  -34.747  39.312 0.6999999881
29397  -22.512  -34.646  38.517 0.8000000119
28628  -22.944  -35.248  38.920 0.8000000119
25602  -9.630  -39.896  36.188 0.6999999881
29405  -22.791  -34.540  37.737 0.6999999881
24917  -9.524  -40.072  35.187 0.6999999881
28661  -23.302  -34.964  36.338 0.6999999881
29416  -23.120  -34.422  36.849 0.6000000238
26400  -13.327  -38.520  34.968 0.5000000000
27124  -13.993  -37.972  34.606 0.5000000000
29429  -23.045  -34.553  35.817 0.8000000119
26401  -14.413  -38.719  34.999 0.6000000238
27146  -14.628  -37.407  34.293 0.6000000238
27125  -15.014  -38.079  34.774 0.6000000238
30134  -21.076  -33.707  39.274 0.6000000238
140886  -20.839  -33.313  38.811 0.6000000238
29396  -21.795  -34.204  38.867 0.6000000238
29404  -22.117  -33.964  38.016 0.6000000238
25645  -10.012  -39.127  35.448 0.6999999881
26375  -10.400  -38.869  35.566 0.6999999881
26376  -11.281  -38.713  35.469 0.6000000238
30146  -21.593  -33.170  37.723 0.6000000238
30148  -22.708  -33.993  37.319 0.6000000238
26399  -12.111  -38.147  35.061 0.6000000238
27123  -12.844  -37.668  34.626 0.5000000000
30147  -22.405  -33.415  37.145 0.5000000000
30155  -22.894  -33.861  36.441 0.6999999881
26397  -10.338  -38.565  35.081 0.6999999881
27887  -14.235  -36.634  34.091 0.5000000000
133181  -15.110  -36.866  34.082 0.5000000000
30167  -22.678  -34.058  35.365 0.6999999881
27888  -15.923  -36.475  34.109 0.6000000238
30175  -16.630  -34.091  33.430 0.6000000238
29439  -17.311  -34.580  33.880 0.6999999881
30138  -20.736  -32.882  38.307 0.4000000060
30887  -20.271  -32.121  37.867 0.4000000060
30888  -21.207  -32.391  37.395 0.5000000000
30895  -22.076  -32.735  36.752 0.6000000238
30154  -22.562  -33.312  36.036 0.6999999881
126132  -14.941  -36.116  33.959 0.5000000000
29438  -16.340  -34.977  33.706 0.5000000000
31652  -20.796  -31.661  37.107 0.6000000238
30894  -21.776  -31.938  36.238 0.6999999881
30907  -22.272  -32.733  35.537 0.6999999881
30183  -15.168  -33.391  32.849 0.4000000060
30174  -15.674  -34.240  33.233 0.5000000000
31651  -19.854  -31.426  37.517 0.5000000000
31668  -21.610  -31.304  35.359 0.6000000238
32470  -21.334  -30.518  34.678 0.6000000238
126982  -14.964  -32.593  32.332 0.3000000119
30920  -15.931  -32.601  32.782 0.4000000060
31675  -15.126  -31.695  32.135 0.3000000119
135376  -14.534  -31.525  31.089 0.3000000119
33330  -20.867  -29.656  34.514 0.5000000000
31681  -14.649  -31.211  31.372 0.4000000060
32477  -15.348  -30.685  31.794 0.3000000119
31704  -14.846  -30.874  30.464 0.4000000060
33334  -20.355  -28.879  34.316 0.5000000000
32489  -14.975  -30.257  31.037 0.4000000060
139808  -15.097  -30.183  30.412 0.4000000060
34276  -19.204  -28.253  32.279 0.4000000060
34284  -18.642  -27.632  31.645 0.4000000060
135201  -18.086  -26.513  32.946 0.2000000030
137534  -18.461  -26.909  31.489 0.1000000015
35354  -18.882  -27.002  32.701 0.2000000030
138733  -17.711  -26.188  32.332 0.2000000030
34290  -18.333  -27.852  30.860 0.4000000060
35386  -18.349  -27.280  30.978 0.2000000030
32492  -20.571  -30.167  31.035 0.1000000015
36461  -18.388  -26.613  31.991 0.2000000030
35389  -18.500  -27.556  30.328 0.1000000015
36497  -18.234  -27.001  30.168 0.1000000015
34310  -19.012  -27.839  30.217 0.2000000030
142237  -20.357  -29.387  30.793 0.1000000015
166  -10.879  -87.195  45.848 0.3000000119
843  -16.480  -84.904  48.279 0.6999999881
267  -18.538  -88.580  36.519 0.1000000015
108  -17.854  -88.571  35.346 0.1000000015
125251  -18.500  -88.103  35.094 0.1000000015
4010  -7.586  -76.921  52.103 0.6000000238
142734  -5.758  -76.959  50.478 0.6999999881
4039  -5.869  -76.301  49.276 0.6999999881
182  -6.817  -87.828  43.501 0.4000000060
162  -7.902  -86.852  46.158 0.4000000060
831  -14.188  -85.361  50.855 0.6999999881
1500  -20.757  -83.193  41.658 0.4000000060
1814  -24.081  -82.779  42.878 0.5000000000
1029  -2.502  -85.376  28.788 0.6000000238
2583  -0.904  -80.118  36.358 0.6000000238
142297  -16.187  -87.250  27.795 0.6000000238
580  -18.398  -86.559  25.465 0.8000000119
326  -13.662  -87.559  27.956 0.6000000238
2507  -19.685  -80.502  46.701 0.5000000000
3716  -2.666  -77.151  37.234 0.8000000119
3331  -1.885  -77.888  36.247 0.6999999881
788  -10.550  -86.171  25.446 0.8000000119
316  -12.586  -87.888  28.488 0.4000000060
13693  -9.321  -56.628  31.493 0.6999999881
129856  -17.278  -52.153  47.720 0.6999999881
17149  -17.181  -51.236  47.675 0.8000000119
127417  -17.702  -50.994  46.904 0.6999999881
18497  -8.478  -49.399  47.501 0.8000000119
133139  -9.076  -49.070  47.454 0.8000000119
17821  -18.045  -50.051  46.542 0.6999999881
17183  -19.140  -51.008  45.766 0.6999999881
17198  -22.169  -51.536  44.810 0.3000000119
27844  -24.316  -37.221  38.046 0.6999999881
121854  -24.619  -37.109  40.148 0.6999999881
27877  -23.271  -36.175  35.435 0.6000000238
23534  -8.949  -42.449  36.035 0.6999999881
119192  -9.137  -41.804  35.478 0.6999999881
27891  -19.035  -35.677  34.422 0.6999999881
124681  -22.029  -33.019  34.703 0.6999999881
30166  -22.360  -33.505  34.985 0.6999999881
130520  -16.066  -33.539  33.123 0.4000000060
33335  -20.773  -29.410  33.887 0.5000000000
33340  -20.346  -28.947  33.542 0.4000000060
31689  -14.588  -31.593  30.777 0.4000000060
124691  -15.183  -30.765  30.110 0.4000000060
28673  -17.172  -35.460  34.100 0.6999999881
594  -12.261  -86.407  49.552 0.6999999881
354  -11.256  -87.068  46.608 0.4000000060
341  -12.779  -86.675  47.996 0.6000000238
1759  -3.982  -81.564  45.568 0.8000000119
1184  -21.488  -84.189  40.618 0.4000000060
1773  -3.661  -82.085  45.153 0.8000000119
2484  -4.278  -79.920  47.220 0.6999999881
2871  -25.318  -78.965  44.968 0.4000000060
1187  -26.190  -84.101  40.402 0.6000000238
1256  -22.435  -83.988  35.772 0.4000000060
1242  -20.613  -84.584  36.823 0.3000000119
984  -21.608  -85.882  32.943 0.6000000238
137096  -17.704  -87.154  32.497 0.4000000060
3615  -6.717  -77.060  51.712 0.6000000238
3220  -5.650  -78.290  50.601 0.6999999881
737  -21.879  -86.637  33.378 0.6000000238
130992  -22.410  -86.897  32.909 0.6999999881
735  -18.476  -86.281  32.501 0.4000000060
533  -23.680  -86.405  29.004 0.6999999881
1059  -22.396  -84.761  24.799 0.5000000000
1077  -19.669  -84.365  23.334 0.6000000238
3884  -7.017  -77.580  26.187 0.5000000000
3854  -8.207  -77.867  27.181 0.6999999881
134089  -20.377  -52.421  45.105 0.4000000060
17185  -20.806  -51.651  44.820 0.5000000000
22116  -24.985  -44.908  45.058 0.6000000238
22761  -24.598  -44.061  45.353 0.4000000060
23428  -23.954  -42.048  44.826 0.5000000000
24112  -24.232  -41.747  44.005 0.6999999881
22760  -24.225  -43.318  45.543 0.5000000000
24801  -24.291  -40.722  42.670 0.6999999881
25551  -22.446  -38.866  43.257 0.6000000238
26312  -24.437  -38.349  42.642 0.8000000119
22820  -8.229  -43.379  38.924 0.6999999881
28600  -23.417  -36.227  42.096 0.8000000119
27822  -22.803  -36.421  42.656 0.6999999881
22845  -8.423  -43.385  38.263 0.6000000238
131607  -22.056  -36.355  42.853 0.6000000238
23495  -9.319  -41.666  37.442 0.6999999881
127178  -9.773  -40.643  36.945 0.6000000238
137248  -9.075  -41.966  37.116 0.6999999881
28629  -23.433  -35.721  38.493 0.8000000119
24891  -10.126  -39.999  36.555 0.6000000238
28637  -23.114  -35.122  38.141 0.6999999881
27865  -23.916  -36.534  36.219 0.6999999881
29392  -21.629  -34.342  39.661 0.8000000119
30139  -21.328  -33.540  38.512 0.6000000238
28671  -15.645  -35.618  33.812 0.5000000000
138558  -15.465  -34.965  33.458 0.5000000000
31660  -21.214  -31.285  36.307 0.6999999881
32461  -21.075  -30.664  35.883 0.6000000238
31690  -14.699  -30.833  30.807 0.4000000060
35370  -18.691  -27.154  31.908 0.3000000119
36482  -18.245  -26.676  31.042 0.1000000015
678  -3.463  -87.072  37.987 0.1000000015
902  -5.128  -86.072  39.667 0.1000000015
891  -5.630  -85.793  40.441 0.1000000015
880  -6.460  -85.234  41.602 0.1000000015
120758  -4.349  -86.075  38.212 0.1000000015
686  -3.711  -86.519  37.745 0.1000000015
5196  -9.438  -74.030  59.168 0.4000000060
120470  -10.254  -73.852  59.140 0.3000000119
5189  -10.305  -74.390  60.892 0.3000000119
129089  -8.797  -73.947  59.128 0.4000000060
5214  -8.432  -73.514  57.461 0.4000000060
140987  -9.165  -73.391  57.495 0.4000000060
5213  -7.958  -73.384  56.620 0.4000000060
882  -8.097  -85.684  42.211 0.1000000015
1192  -5.485  -85.070  39.833 0.1000000015
1158  -7.774  -84.934  42.427 0.1000000015
1205  -4.626  -85.117  37.860 0.1000000015
5188  -9.291  -74.265  60.002 0.3000000119
4789  -9.856  -74.329  60.058 0.3000000119
5190  -11.064  -73.913  60.546 0.3000000119
5197  -11.186  -73.419  59.267 0.4000000060
5191  -11.898  -73.156  59.960 0.4000000060
118948  -9.848  -73.477  58.097 0.5000000000
120992  -7.657  -73.562  57.391 0.4000000060
135138  -7.462  -73.457  55.958 0.4000000060
5690  -8.954  -72.999  56.611 0.5000000000
5223  -8.327  -72.894  55.722 0.6000000238
5712  -8.206  -72.494  54.757 0.6000000238
137644  -9.244  -72.537  55.758 0.6000000238
5727  -6.460  -73.123  52.164 0.6000000238
5728  -7.206  -72.456  52.613 0.6000000238
122250  -7.423  -73.012  54.346 0.6000000238
5736  -6.339  -72.851  51.278 0.6000000238
1168  -6.986  -84.675  42.047 0.1000000015
863  -17.815  -85.342  45.675 0.3000000119
5205  -8.212  -73.731  58.247 0.4000000060
5187  -8.787  -74.075  59.821 0.4000000060
124576  -10.921  -74.193  61.813 0.3000000119
5175  -11.556  -73.662  62.744 0.3000000119
5204  -7.624  -73.594  58.052 0.4000000060
121341  -7.077  -73.518  57.215 0.4000000060
5207  -10.855  -73.156  58.252 0.4000000060
5670  -11.804  -72.744  58.231 0.4000000060
5680  -10.631  -72.826  57.335 0.5000000000
5703  -7.458  -73.280  55.213 0.6000000238
5691  -9.831  -72.932  57.018 0.5000000000
5704  -9.887  -72.545  56.108 0.6000000238
5692  -10.607  -72.504  56.454 0.5000000000
5713  -9.057  -72.122  55.056 0.6000000238
6148  -9.928  -72.097  55.265 0.6000000238
5779  -4.553  -72.340  47.464 0.6000000238
5289  -4.765  -72.580  48.780 0.6000000238
5744  -5.138  -73.016  50.087 0.6000000238
5780  -5.188  -72.594  47.851 0.6000000238
5756  -5.111  -72.738  49.337 0.6000000238
5745  -6.279  -72.545  50.291 0.6000000238
5757  -5.896  -72.554  49.440 0.6000000238
849  -17.154  -84.740  47.629 0.4000000060
868  -19.945  -85.255  44.501 0.3000000119
888  -21.755  -84.923  41.856 0.2000000030
898  -22.100  -85.968  40.507 0.2000000030
120172  -9.286  -74.308  60.647 0.3000000119
5181  -10.206  -74.324  61.696 0.3000000119
5186  -8.124  -73.733  59.259 0.4000000060
5182  -11.732  -73.526  61.360 0.4000000060
5636  -11.617  -72.907  63.600 0.3000000119
5647  -12.351  -72.882  62.257 0.4000000060
5663  -12.895  -72.453  59.345 0.4000000060
5648  -12.939  -72.104  62.962 0.4000000060
5654  -12.544  -72.736  60.701 0.4000000060
142169  -6.754  -73.704  55.620 0.5000000000
5671  -12.768  -72.395  58.229 0.4000000060
5681  -11.497  -72.585  57.390 0.5000000000
5693  -11.982  -72.160  56.486 0.5000000000
5238  -6.671  -73.576  53.917 0.6000000238
5705  -10.703  -72.187  55.569 0.5000000000
5735  -5.422  -73.290  50.950 0.6000000238
2808  -5.607  -78.930  50.627 0.6000000238
5737  -7.075  -72.154  51.750 0.6000000238
6163  -7.872  -71.765  53.078 0.6000000238
298  -12.811  -88.126  30.226 0.3000000119
5646  -11.115  -73.456  63.324 0.3000000119
6543  -12.000  -71.610  63.477 0.3000000119
135109  -8.910  -74.161  60.621 0.4000000060
6102  -12.242  -72.147  63.665 0.4000000060
6103  -12.809  -71.538  63.397 0.4000000060
6122  -13.798  -71.554  62.055 0.4000000060
5655  -13.124  -72.157  61.459 0.4000000060
128839  -13.312  -72.214  60.252 0.4000000060
5664  -14.147  -71.948  59.431 0.4000000060
5672  -13.790  -72.017  58.335 0.4000000060
5230  -6.720  -73.696  54.761 0.5000000000
5682  -12.578  -72.208  57.213 0.4000000060
5683  -13.597  -72.003  57.385 0.4000000060
5694  -12.994  -71.948  56.037 0.5000000000
6156  -10.752  -71.745  53.762 0.6000000238
2446  -5.796  -79.608  50.599 0.6000000238
5767  -4.526  -72.324  48.499 0.6000000238
6164  -8.663  -71.363  53.392 0.6000000238
6155  -9.879  -71.667  54.301 0.6000000238
3213  -5.820  -78.575  51.283 0.6000000238
2097  -6.722  -80.764  50.574 0.6000000238
6609  -9.315  -70.901  52.829 0.6000000238
6625  -10.285  -70.933  51.742 0.6000000238
2098  -7.376  -81.171  50.454 0.6000000238
6172  -7.770  -71.539  52.210 0.6000000238
6173  -8.502  -71.093  52.594 0.6000000238
6624  -9.828  -70.661  51.542 0.6000000238
6189  -10.501  -71.395  50.333 0.6000000238
2074  -8.406  -81.119  52.587 0.5000000000
2421  -8.142  -80.604  53.935 0.5000000000
2075  -9.319  -81.288  52.713 0.5000000000
5768  -5.739  -72.529  48.640 0.6000000238
6197  -10.790  -71.812  49.442 0.6000000238
2088  -9.063  -81.213  51.854 0.5000000000
2089  -10.004  -81.329  51.939 0.5000000000
2464  -15.298  -80.201  50.094 0.6000000238
2810  -15.536  -79.279  50.849 0.6000000238
6560  -12.440  -70.587  62.814 0.2000000030
6984  -13.205  -69.994  62.617 0.3000000119
6986  -14.737  -69.615  62.253 0.2000000030
6550  -18.056  -71.115  63.006 0.2000000030
6096  -18.017  -71.583  63.659 0.2000000030
6091  -18.867  -72.223  64.294 0.2000000030
5629  -18.756  -72.785  64.453 0.1000000015
133393  -17.489  -74.114  64.106 0.2000000030
6985  -13.959  -69.713  62.483 0.2000000030
4768  -18.076  -73.474  64.337 0.2000000030
6545  -13.214  -70.800  63.125 0.4000000060
5202  -6.493  -73.319  57.032 0.4000000060
123030  -6.028  -73.673  55.578 0.5000000000
137489  -14.421  -71.002  62.420 0.4000000060
6123  -14.734  -71.456  61.448 0.4000000060
5673  -14.963  -71.963  58.327 0.4000000060
5229  -6.068  -73.903  54.367 0.5000000000
6131  -14.958  -71.812  60.229 0.4000000060
5684  -14.627  -71.970  57.400 0.4000000060
5237  -5.917  -73.878  53.525 0.6000000238
6150  -11.536  -72.029  55.020 0.5000000000
129636  -13.531  -71.956  56.569 0.4000000060
5246  -5.772  -73.836  52.640 0.6000000238
138079  -6.070  -78.857  52.018 0.6000000238
2434  -6.137  -79.807  51.232 0.6000000238
133838  -6.533  -79.554  52.802 0.5000000000
2058  -8.956  -80.917  54.229 0.5000000000
2059  -9.852  -81.126  54.430 0.5000000000
5746  -7.048  -71.965  50.890 0.6000000238
127828  -7.809  -81.128  51.122 0.6000000238
5781  -6.260  -72.586  47.773 0.6000000238
6179  -7.755  -71.385  51.334 0.6000000238
6633  -10.167  -70.977  50.209 0.6000000238
5747  -10.822  -71.986  49.962 0.6000000238
2076  -10.238  -81.402  52.853 0.4000000060
5316  -6.317  -73.352  46.431 0.6000000238
2449  -10.434  -81.058  50.242 0.5000000000
2427  -10.930  -81.339  52.103 0.5000000000
2461  -10.842  -80.880  49.258 0.6000000238
130576  -11.293  -81.152  50.688 0.5000000000
2145  -13.193  -81.452  46.787 0.6000000238
1752  -14.545  -81.987  48.258 0.5000000000
2133  -14.880  -81.236  48.238 0.5000000000
2490  -14.316  -80.736  47.242 0.5000000000
2477  -15.128  -80.424  48.354 0.5000000000
6999  -14.926  -69.421  61.223 0.3000000119
7001  -16.267  -69.515  60.940 0.2000000030
124535  -18.920  -71.863  63.973 0.2000000030
7000  -15.540  -69.411  60.637 0.2000000030
6988  -16.409  -69.850  61.950 0.2000000030
6549  -17.247  -70.676  62.735 0.3000000119
129557  -18.069  -72.415  64.439 0.2000000030
5679  -6.503  -73.025  57.546 0.4000000060
6546  -14.027  -70.306  62.835 0.4000000060
5244  -4.335  -73.674  51.983 0.6000000238
6973  -15.217  -69.855  62.614 0.3000000119
6104  -14.670  -70.463  62.669 0.4000000060
6137  -15.337  -72.066  59.231 0.4000000060
6113  -15.312  -71.097  62.331 0.4000000060
6124  -15.630  -71.890  61.037 0.4000000060
6132  -15.663  -72.175  59.954 0.4000000060
5288  -4.469  -72.605  49.288 0.6000000238
142808  -4.503  -73.125  50.200 0.6000000238
2426  -7.157  -80.483  52.826 0.5000000000
2419  -6.878  -79.876  53.183 0.5000000000
6623  -9.155  -70.669  51.404 0.6000000238
2437  -8.725  -81.188  51.068 0.5000000000
2062  -7.821  -80.806  53.175 0.5000000000
5769  -6.935  -72.255  48.498 0.6000000238
5758  -6.902  -72.048  49.419 0.6000000238
5280  -10.436  -73.166  49.700 0.6000000238
4844  -9.728  -73.834  50.240 0.6000000238
2475  -11.145  -80.761  48.338 0.6000000238
2450  -11.524  -80.949  49.981 0.6000000238
2502  -11.901  -81.139  46.908 0.6000000238
2476  -12.045  -80.579  48.190 0.6000000238
2488  -13.083  -80.402  47.293 0.6000000238
2451  -12.231  -80.475  49.876 0.5000000000
125781  -12.011  -80.820  50.698 0.5000000000
2146  -13.840  -81.141  46.992 0.6000000238
2827  -13.466  -79.841  47.522 0.6000000238
2829  -14.919  -79.803  47.806 0.5000000000
2821  -15.269  -79.523  48.525 0.6000000238
5795  -7.928  -72.689  46.905 0.6000000238
5702  -5.226  -73.362  55.507 0.5000000000
5221  -4.916  -73.507  54.580 0.5000000000
5227  -4.625  -73.583  53.693 0.6000000238
5258  -4.276  -73.464  51.258 0.6000000238
5656  -16.168  -72.423  60.173 0.4000000060
127295  -3.863  -71.890  49.357 0.6000000238
2087  -8.157  -81.109  51.810 0.5000000000
6188  -9.343  -70.916  50.104 0.6000000238
2460  -9.785  -80.965  49.398 0.6000000238
2438  -9.708  -81.199  51.067 0.5000000000
6204  -8.034  -71.808  48.878 0.6000000238
6193  -7.854  -71.574  49.755 0.6000000238
120962  -10.493  -72.513  50.402 0.6000000238
132311  -8.394  -72.279  47.503 0.6000000238
2463  -12.424  -80.197  48.944 0.6000000238
5733  -3.891  -73.042  51.073 0.6000000238
5277  -3.892  -72.595  50.060 0.6000000238
5791  -4.449  -72.250  47.070 0.6000000238
6203  -4.236  -71.757  48.245 0.6000000238
124706  -12.868  -79.567  48.844 0.5000000000
5711  -4.304  -72.977  54.234 0.5000000000
5718  -3.964  -72.912  53.298 0.6000000238
5726  -3.888  -73.162  52.334 0.6000000238
6637  -4.243  -71.249  48.255 0.6000000238
6185  -3.623  -71.643  50.127 0.6000000238
6642  -4.416  -71.277  47.492 0.6000000238
119669  -3.729  -70.836  49.430 0.6000000238
6644  -4.820  -70.585  47.121 0.6000000238
7115  -4.572  -70.179  48.342 0.6000000238
6632  -3.949  -70.112  49.165 0.6000000238
6170  -3.615  -71.234  51.890 0.6000000238
6178  -3.594  -71.431  50.995 0.6000000238
126986  -5.675  -70.494  46.170 0.6000000238
7124  -5.628  -70.290  46.972 0.6000000238
6622  -3.813  -70.031  52.158 0.6000000238
7101  -3.757  -69.841  49.840 0.6000000238
119674  -6.692  -69.852  47.218 0.6000000238
7116  -5.004  -70.226  47.776 0.6000000238
3063  -2.793  -79.514  27.248 0.2000000030
7554  -4.061  -68.785  52.025 0.6000000238
7098  -3.727  -69.686  50.561 0.6000000238
7127  -9.818  -68.887  46.377 0.6000000238
6651  -7.762  -69.904  45.928 0.6000000238
119168  -4.542  -69.135  49.489 0.6000000238
3437  -3.607  -78.632  27.879 0.2000000030
136533  -2.975  -78.999  27.249 0.4000000060
4241  -4.105  -77.850  27.869 0.2000000030
7090  -4.607  -68.726  52.357 0.6000000238
7102  -3.972  -69.084  50.373 0.6000000238
7104  -4.062  -69.374  49.643 0.6000000238
7119  -8.326  -69.234  47.229 0.6000000238
7118  -7.471  -69.494  47.466 0.6000000238
7117  -5.882  -69.867  47.881 0.6000000238
6355  -3.000  -71.597  34.385 0.3000000119
6367  -3.584  -72.186  33.706 0.3000000119
4665  -5.065  -76.509  27.982 0.3000000119
4271  -4.738  -77.048  27.541 0.3000000119
3852  -3.722  -78.242  27.543 0.4000000060
7543  -6.084  -68.536  53.272 0.6000000238
7542  -5.233  -68.168  52.397 0.6000000238
7565  -4.255  -68.366  51.560 0.6000000238
7575  -4.741  -68.228  50.896 0.6000000238
7586  -4.965  -68.552  50.123 0.6000000238
7611  -10.735  -68.347  47.205 0.6000000238
7610  -8.859  -68.811  47.843 0.6000000238
7120  -9.095  -69.058  46.719 0.6000000238
7111  -7.833  -69.102  48.134 0.6000000238
120804  -6.860  -69.494  47.986 0.6000000238
7105  -5.473  -68.978  49.326 0.6000000238
6806  -3.087  -70.658  34.927 0.3000000119
7245  -2.888  -69.618  36.363 0.3000000119
7255  -3.168  -69.114  35.481 0.3000000119
6356  -3.347  -71.590  33.984 0.3000000119
124729  -5.350  -75.922  28.340 0.3000000119
4666  -5.343  -75.701  27.852 0.3000000119
4679  -5.404  -76.138  26.675 0.4000000060
7979  -6.875  -67.637  53.571 0.4000000060
7980  -6.966  -66.370  53.576 0.4000000060
119616  -5.874  -67.246  52.625 0.5000000000
7989  -5.235  -67.441  51.996 0.6000000238
8002  -5.799  -66.986  51.905 0.5000000000
7576  -5.482  -68.018  50.750 0.6000000238
7587  -6.000  -68.477  49.970 0.6000000238
7599  -6.573  -68.921  49.248 0.6000000238
7604  -11.345  -67.921  47.638 0.5000000000
7602  -9.678  -68.363  48.399 0.6000000238
7600  -7.584  -68.837  49.052 0.6000000238
7714  -2.923  -68.875  36.972 0.3000000119
7727  -2.905  -68.082  36.694 0.3000000119
7740  -3.270  -68.352  35.700 0.2000000030
11299  -8.170  -61.575  29.696 0.2000000030
11267  -7.543  -61.260  30.477 0.2000000030
8428  -8.815  -65.750  55.867 0.3000000119
137613  -8.491  -66.083  55.251 0.4000000060
8445  -7.420  -66.026  54.033 0.4000000060
136014  -6.357  -66.212  52.700 0.5000000000
8469  -6.570  -66.281  52.279 0.5000000000
8014  -5.946  -67.378  51.247 0.5000000000
8015  -6.931  -67.374  50.994 0.5000000000
7588  -7.102  -68.490  49.843 0.5000000000
7603  -10.736  -67.903  48.445 0.5000000000
7590  -9.179  -68.150  49.372 0.6000000238
7601  -8.569  -68.631  48.747 0.6000000238
7695  -3.169  -68.819  38.857 0.3000000119
7715  -3.248  -68.345  37.692 0.3000000119
11851  -8.200  -60.349  30.357 0.2000000030
10719  -6.764  -61.900  30.837 0.2000000030
123437  -6.490  -61.814  31.472 0.2000000030
11300  -8.978  -61.068  29.324 0.5000000000
5994  -5.737  -73.070  29.440 0.3000000119
5544  -5.853  -74.316  28.680 0.3000000119
5067  -5.726  -74.766  27.626 0.3000000119
5561  -6.273  -74.049  26.880 0.3000000119
5079  -6.678  -74.251  25.884 0.3000000119
9937  -9.119  -63.150  60.825 0.1000000015
9943  -7.342  -63.744  60.448 0.1000000015
9944  -8.425  -63.672  60.247 0.1000000015
9447  -9.115  -65.029  57.229 0.2000000030
8930  -8.690  -65.295  54.866 0.4000000060
8937  -7.508  -65.304  53.763 0.4000000060
8461  -6.648  -65.830  52.895 0.4000000060
8470  -7.878  -66.141  51.790 0.5000000000
8004  -8.611  -66.906  50.980 0.5000000000
8016  -8.681  -67.723  50.230 0.6000000238
7589  -8.158  -68.358  49.628 0.5000000000
132218  -11.098  -67.422  49.152 0.5000000000
7591  -10.140  -67.830  49.166 0.5000000000
8032  -11.717  -67.455  48.409 0.5000000000
8136  -3.281  -67.281  37.222 0.2000000030
130876  -6.294  -71.102  28.928 0.2000000030
5984  -5.673  -72.389  29.727 0.1000000015
5995  -6.043  -72.487  28.847 0.3000000119
5562  -6.935  -73.602  26.343 0.3000000119
5546  -6.738  -73.307  27.202 0.3000000119
5563  -7.524  -73.728  25.550 0.3000000119
9945  -9.442  -63.368  59.993 0.1000000015
128753  -10.200  -63.506  58.344 0.1000000015
9949  -9.125  -64.019  59.167 0.1000000015
9441  -9.626  -64.468  57.481 0.2000000030
9455  -9.343  -65.080  56.270 0.3000000119
8922  -9.220  -64.852  55.338 0.4000000060
8938  -8.101  -64.766  54.135 0.4000000060
8462  -7.314  -65.569  52.606 0.4000000060
8023  -9.695  -67.608  49.865 0.5000000000
8471  -9.165  -66.131  51.440 0.5000000000
8997  -12.310  -65.546  49.110 0.5000000000
8024  -11.998  -66.774  49.044 0.5000000000
8033  -12.410  -66.996  48.174 0.5000000000
8117  -3.520  -66.904  38.170 0.3000000119
8252  -6.836  -68.034  28.607 0.2000000030
7801  -6.318  -68.853  29.449 0.2000000030
7340  -6.942  -69.216  28.485 0.2000000030
6863  -5.962  -70.168  29.657 0.2000000030
6445  -7.110  -71.740  27.774 0.2000000030
9456  -9.627  -64.300  55.823 0.3000000119
9477  -8.359  -64.201  54.092 0.4000000060
9502  -8.559  -64.477  53.159 0.4000000060
8962  -8.003  -65.041  52.931 0.4000000060
9503  -9.602  -64.202  52.929 0.4000000060
124519  -9.136  -64.854  52.500 0.4000000060
8974  -8.510  -65.472  52.142 0.5000000000
9504  -10.755  -63.943  52.686 0.4000000060
8975  -9.811  -65.408  51.828 0.5000000000
8964  -11.264  -64.274  51.972 0.5000000000
8976  -11.035  -65.164  51.499 0.5000000000
8472  -10.290  -65.954  51.167 0.5000000000
8989  -11.858  -65.079  50.313 0.5000000000
8486  -11.544  -65.900  50.298 0.5000000000
8485  -10.690  -66.403  50.556 0.5000000000
8105  -3.465  -67.406  39.260 0.3000000119
8718  -7.087  -66.233  27.446 0.4000000060
8741  -8.402  -66.023  26.713 0.5000000000
8253  -7.292  -67.626  27.449 0.2000000030
7341  -7.683  -69.230  27.306 0.3000000119
6877  -7.357  -70.113  27.876 0.2000000030
6889  -8.200  -69.949  26.798 0.4000000060
6446  -7.826  -70.974  27.230 0.2000000030
6462  -8.505  -71.423  26.413 0.4000000060
6005  -7.778  -71.946  26.870 0.3000000119
9968  -8.877  -63.727  54.362 0.4000000060
137899  -10.529  -62.180  53.966 0.3000000119
9978  -9.878  -62.516  54.415 0.3000000119
8602  -3.627  -66.464  38.898 0.2000000030
8616  -3.553  -66.510  37.411 0.2000000030
9106  -3.785  -65.754  37.743 0.2000000030
8268  -7.457  -66.975  26.830 0.5000000000
11754  -9.044  -60.008  37.921 0.1000000015
9088  -3.769  -65.889  39.418 0.3000000119
9626  -3.867  -65.066  38.998 0.2000000030
9635  -3.923  -64.979  38.307 0.2000000030
10160  -5.360  -63.542  37.809 0.2000000030
120372  -4.340  -63.946  39.191 0.2000000030
11197  -5.529  -62.007  37.745 0.2000000030
11198  -6.017  -62.085  37.161 0.1000000015
11185  -7.204  -61.498  36.914 0.1000000015
13019  -7.605  -58.106  31.959 0.4000000060
12344  -9.289  -59.551  39.892 0.1000000015
11730  -9.816  -59.888  40.506 0.1000000015
12356  -9.403  -59.745  38.877 0.1000000015
133173  -9.855  -59.783  39.579 0.1000000015
9089  -4.054  -65.352  39.847 0.3000000119
11753  -8.174  -59.870  37.775 0.1000000015
135179  -4.815  -63.027  38.907 0.2000000030
10647  -5.074  -62.881  38.471 0.2000000030
11763  -8.561  -60.617  37.429 0.1000000015
10134  -4.427  -63.596  38.898 0.2000000030
122445  -8.326  -56.815  32.124 0.5000000000
9074  -3.869  -66.119  40.260 0.3000000119
12343  -8.723  -59.290  39.362 0.1000000015
15399  -7.056  -54.384  34.961 0.3000000119
143361  -7.262  -55.600  34.377 0.3000000119
14886  -7.948  -55.279  34.001 0.3000000119
14302  -7.032  -56.151  33.974 0.3000000119
14325  -8.757  -56.169  32.311 0.4000000060
132347  -5.109  -62.236  39.071 0.3000000119
9628  -4.795  -64.074  39.807 0.2000000030
10121  -4.793  -63.396  39.424 0.2000000030
10629  -5.013  -62.743  39.313 0.2000000030
8523  -9.521  -66.008  47.427 0.6999999881
135683  -6.510  -54.511  35.532 0.3000000119
10122  -5.379  -63.472  40.157 0.4000000060
10630  -5.487  -62.080  39.741 0.2000000030
9004  -8.692  -65.390  48.733 0.6999999881
8522  -8.719  -66.347  47.570 0.6999999881
9020  -8.100  -66.061  48.310 0.8000000119
16016  -6.372  -53.152  35.797 0.2000000030
15390  -6.108  -54.088  35.978 0.2000000030
16017  -7.187  -52.899  35.301 0.4000000060
16024  -6.771  -53.774  35.411 0.3000000119
128224  -5.823  -54.502  36.864 0.2000000030
16018  -7.975  -52.610  34.839 0.5000000000
16651  -6.037  -52.300  36.158 0.4000000060
16652  -7.015  -51.656  35.879 0.5000000000
11855  -17.945  -60.919  29.614 0.4000000060
17956  -5.522  -50.617  37.645 0.5000000000
17275  -5.018  -50.949  38.224 0.3000000119
17247  -4.841  -51.037  40.176 0.3000000119
17957  -6.119  -50.136  37.499 0.5000000000
127971  -4.918  -50.436  39.031 0.5000000000
17233  -5.613  -51.298  41.563 0.3000000119
17207  -8.547  -51.072  43.242 0.2000000030
18636  -5.353  -49.298  39.966 0.6000000238
18622  -5.082  -49.609  40.657 0.5000000000
17892  -5.112  -49.949  41.535 0.3000000119
17893  -5.412  -50.734  41.755 0.3000000119
17878  -5.520  -49.588  42.185 0.3000000119
17924  -4.984  -50.033  39.887 0.5000000000
17909  -4.974  -50.334  40.695 0.4000000060
17879  -5.725  -50.326  42.242 0.3000000119
17880  -6.682  -50.623  42.612 0.3000000119
17865  -7.399  -50.058  42.828 0.2000000030
18646  -5.318  -49.632  39.145 0.6000000238
17881  -7.630  -50.891  42.967 0.3000000119
19337  -5.640  -48.437  40.155 0.6000000238
18637  -5.742  -48.992  39.578 0.6000000238
137877  -3.937  -58.305  40.920 0.2000000030
13599  -3.687  -56.711  40.860 0.3000000119
19327  -5.450  -48.360  40.860 0.5000000000
19287  -5.581  -48.244  42.021 0.4000000060
18563  -7.213  -49.391  42.786 0.2000000030
132910  -8.588  -49.154  42.845 0.2000000030
17866  -8.302  -50.235  43.062 0.2000000030
18586  -5.836  -48.932  42.331 0.3000000119
19258  -6.675  -48.898  42.662 0.3000000119
20011  -5.748  -47.676  40.443 0.5000000000
19977  -5.925  -47.547  42.061 0.5000000000
19978  -6.862  -47.580  42.400 0.2000000030
19260  -8.271  -48.750  42.788 0.2000000030
133934  -5.892  -47.662  39.954 0.6000000238
19289  -7.722  -48.152  42.694 0.2000000030
19338  -6.226  -48.174  39.736 0.6999999881
12841  -8.053  -59.008  47.247 0.6000000238
139537  -3.458  -56.173  41.480 0.3000000119
14231  -3.646  -55.690  40.830 0.3000000119
19976  -5.666  -47.767  41.709 0.5000000000
20676  -6.302  -46.952  42.028 0.5000000000
20677  -7.168  -46.751  42.129 0.2000000030
19979  -7.971  -47.425  42.472 0.2000000030
20678  -8.327  -46.669  42.158 0.2000000030
20023  -5.910  -46.971  39.960 0.6000000238
124791  -6.435  -47.274  39.498 0.6999999881
20012  -5.900  -46.922  40.615 0.5000000000
131649  -6.490  -45.744  40.978 0.6000000238
20692  -7.469  -45.984  41.551 0.5000000000
20693  -8.818  -46.059  41.738 0.5000000000
20709  -6.038  -46.057  40.694 0.6000000238
21443  -6.407  -45.430  40.441 0.6000000238
21445  -8.211  -45.395  41.108 0.4000000060
22166  -8.153  -44.245  40.035 0.3000000119
21462  -6.697  -44.748  40.061 0.6000000238
21465  -9.891  -45.231  40.556 0.3000000119
22167  -9.293  -44.510  40.066 0.3000000119
22168  -10.335  -44.846  39.961 0.3000000119
21479  -12.073  -45.395  39.451 0.3000000119
22187  -8.629  -43.836  39.509 0.4000000060
22165  -7.331  -44.288  39.864 0.4000000060
129895  -10.770  -44.498  39.382 0.3000000119
138812  -11.666  -44.758  39.190 0.3000000119
22189  -12.570  -44.900  39.003 0.3000000119
22824  -13.057  -44.333  38.700 0.3000000119
22190  -13.506  -44.932  38.976 0.2000000030
22188  -9.737  -44.105  39.502 0.3000000119
22823  -11.203  -44.166  38.957 0.3000000119
134190  -12.069  -44.138  38.754 0.3000000119
138509  -12.697  -43.811  38.429 0.3000000119
22821  -9.056  -43.292  39.019 0.4000000060
22850  -13.418  -43.760  38.388 0.3000000119
22822  -10.276  -43.771  38.937 0.3000000119
22848  -11.087  -43.571  38.499 0.4000000060
22847  -9.796  -42.955  38.301 0.5000000000
22849  -12.009  -43.420  38.276 0.5000000000
129493  -12.821  -43.286  38.089 0.3000000119
23499  -13.642  -43.131  38.020 0.4000000060
23500  -14.494  -42.998  37.997 0.3000000119
22846  -8.730  -42.919  38.341 0.5000000000
23497  -11.074  -42.770  37.965 0.5000000000
23519  -11.790  -42.336  37.519 0.5000000000
23520  -12.889  -42.600  37.634 0.4000000060
23521  -13.884  -42.502  37.625 0.3000000119
135156  -13.337  -42.033  37.295 0.3000000119
126115  -9.138  -42.311  37.780 0.5000000000
23496  -9.874  -42.039  37.851 0.5000000000
24196  -15.020  -41.804  37.114 0.3000000119
17137  -15.108  -51.643  48.495 0.6999999881
134897  -16.737  -51.881  48.132 0.6999999881
24194  -12.437  -41.863  37.168 0.4000000060
24192  -10.013  -41.328  37.350 0.5000000000
24869  -11.949  -41.111  36.735 0.3000000119
24870  -13.254  -41.355  36.783 0.4000000060
24871  -14.403  -41.264  36.694 0.3000000119
24872  -15.349  -41.177  36.699 0.3000000119
24873  -16.212  -41.111  36.702 0.3000000119
25649  -15.720  -39.351  35.579 0.5000000000
21406  -25.221  -45.851  44.901 0.6000000238
139323  -25.102  -44.125  44.832 0.6000000238
140124  -26.174  -44.882  43.969 0.6999999881
24193  -11.290  -41.609  37.179 0.3000000119
24896  -15.740  -40.525  36.352 0.4000000060
24894  -13.782  -40.659  36.217 0.5000000000
24895  -14.817  -40.595  36.293 0.4000000060
24897  -16.610  -40.471  36.390 0.3000000119
24893  -12.602  -40.563  36.222 0.5000000000
25622  -15.271  -39.939  35.949 0.5000000000
25623  -16.163  -39.898  35.993 0.4000000060
25624  -17.036  -39.809  36.064 0.3000000119
25621  -14.299  -39.975  35.848 0.5000000000
25648  -14.828  -39.380  35.440 0.5000000000
25625  -17.955  -39.749  36.100 0.3000000119
25652  -18.513  -38.949  35.758 0.2000000030
20641  -24.123  -46.257  45.758 0.3000000119
22111  -23.614  -44.683  46.178 0.3000000119
22763  -24.850  -43.270  44.909 0.6000000238
138820  -25.401  -43.721  44.313 0.6000000238
22767  -25.990  -43.709  43.009 0.6000000238
23432  -24.831  -42.140  43.701 0.6000000238
23433  -25.351  -42.561  43.351 0.6000000238
22800  -26.645  -43.263  41.494 0.6000000238
24795  -21.841  -40.229  43.948 0.3000000119
25650  -16.550  -39.230  35.667 0.3000000119
132706  -16.080  -38.812  35.320 0.5000000000
25651  -17.449  -39.070  35.729 0.3000000119
136155  -18.635  -38.213  35.391 0.3000000119
132612  -19.531  -39.207  35.789 0.2000000030
26378  -20.271  -38.696  35.428 0.3000000119
26402  -15.346  -38.783  35.158 0.5000000000
26403  -16.817  -38.416  35.268 0.4000000060
26404  -17.847  -38.302  35.379 0.4000000060
26377  -19.353  -38.451  35.470 0.2000000030
122478  -18.336  -37.632  35.090 0.3000000119
27127  -18.932  -37.052  34.874 0.3000000119
23423  -22.663  -42.301  45.745 0.3000000119
24109  -21.894  -40.876  44.725 0.4000000060
24127  -25.692  -41.439  42.244 0.6000000238
23443  -25.682  -42.309  42.620 0.6999999881
24806  -25.064  -40.108  42.417 0.6000000238
25550  -21.918  -39.535  43.391 0.3000000119
26301  -21.304  -38.986  43.705 0.3000000119
131308  -21.840  -38.616  43.463 0.4000000060
26300  -20.666  -38.557  43.683 0.3000000119
24903  -23.770  -40.477  36.252 0.2000000030
27099  -24.469  -37.820  37.328 0.5000000000
27111  -24.137  -37.384  36.237 0.4000000060
123289  -15.906  -38.181  35.018 0.5000000000
26405  -19.181  -37.731  35.180 0.2000000030
27126  -16.486  -37.726  34.828 0.5000000000
139429  -17.372  -37.560  34.903 0.5000000000
120195  -18.102  -36.940  34.726 0.4000000060
27148  -16.632  -37.059  34.492 0.5000000000
27872  -17.388  -36.798  34.548 0.5000000000
27873  -18.691  -36.450  34.593 0.4000000060
22756  -23.325  -43.937  46.319 0.2000000030
24105  -22.311  -41.570  45.266 0.3000000119
26293  -20.833  -39.039  44.164 0.3000000119
125310  -21.221  -38.278  43.567 0.4000000060
118964  -21.802  -37.756  43.426 0.5000000000
27889  -16.910  -36.289  34.257 0.5000000000
27890  -17.922  -36.100  34.398 0.5000000000
22755  -22.182  -43.307  46.568 0.2000000030
23422  -21.844  -42.048  45.892 0.3000000119
24792  -21.265  -40.799  45.220 0.2000000030
27055  -22.472  -37.120  43.122 0.5000000000
27813  -21.596  -36.978  43.282 0.5000000000
28672  -16.401  -35.763  34.026 0.5000000000
24096  -21.121  -41.792  46.120 0.2000000030
24103  -20.852  -41.108  45.764 0.2000000030
25544  -20.808  -39.645  44.825 0.2000000030
139293  -21.719  -35.670  42.521 0.6000000238
28606  -21.416  -35.044  42.068 0.6000000238
29357  -20.547  -34.863  42.161 0.6000000238
5782  -7.359  -72.422  47.627 0.6000000238
6346  -2.815  -71.560  35.359 0.4000000060
6334  -2.753  -71.610  36.379 0.4000000060
6798  -2.955  -70.078  35.485 0.3000000119
5894  -2.703  -72.420  36.130 0.4000000060
5917  -3.127  -72.175  33.858 0.3000000119
124369  -3.436  -70.925  34.394 0.2000000030
1127  -17.682  -84.740  47.045 0.3000000119
620  -19.516  -85.731  44.520 0.3000000119
1172  -21.321  -84.068  41.454 0.3000000119
5317  -7.486  -73.242  46.325 0.6000000238
14311  -8.248  -55.827  33.178 0.3000000119
19929  -24.925  -48.106  44.801 0.4000000060
22786  -26.197  -42.969  42.309 0.6999999881
23444  -26.137  -41.997  41.939 0.8000000119
897  -22.024  -85.196  40.364 0.2000000030
300  -14.016  -87.983  30.681 0.3000000119
5078  -5.964  -74.820  26.440 0.3000000119
5916  -2.882  -72.471  34.291 0.4000000060
130728  -2.870  -70.898  35.629 0.3000000119
21403  -23.833  -45.475  45.933 0.3000000119
22758  -22.891  -43.147  46.203 0.3000000119
24118  -25.164  -41.847  42.892 0.6000000238
24126  -25.077  -41.025  42.475 0.6000000238
22862  -8.840  -42.772  37.552 0.5000000000
21411  -25.468  -45.249  44.700 0.6000000238
23430  -25.134  -42.880  44.102 0.6000000238
27821  -21.237  -36.271  43.017 0.5000000000
2435  -6.547  -80.338  51.511 0.6000000238
143400  -7.459  -80.955  51.757 0.6000000238
6807  -3.471  -70.092  34.887 0.2000000030
5545  -6.049  -73.772  27.882 0.3000000119
6888  -6.914  -70.979  28.224 0.2000000030
8717  -6.994  -66.983  27.912 0.2000000030
7319  -5.792  -69.587  30.112 0.1000000015
9486  -10.896  -63.340  52.996 0.3000000119
13692  -7.546  -57.487  32.406 0.3000000119
21444  -7.013  -45.266  40.772 0.5000000000
21446  -9.386  -45.628  41.143 0.3000000119
21463  -7.633  -44.740  40.435 0.5000000000
23498  -12.145  -42.881  37.912 0.4000000060
20656  -25.738  -46.491  44.447 0.6000000238
22119  -25.623  -44.659  44.460 0.6000000238
22130  -25.893  -44.145  43.784 0.6999999881
22131  -26.304  -44.679  43.159 0.6000000238
22766  -25.606  -43.316  43.613 0.6000000238
22785  -25.749  -42.975  42.990 0.6999999881
24104  -21.537  -41.371  45.501 0.2000000030
24794  -21.321  -40.247  44.713 0.2000000030
23417  -22.112  -42.713  46.284 0.2000000030
28598  -20.886  -35.557  42.630 0.5000000000
604  -13.677  -86.182  47.182 0.5000000000
605  -14.334  -85.821  47.671 0.5000000000
136  -13.499  -88.213  31.463 0.1000000015
137  -14.024  -88.271  32.185 0.2000000030
2811  -16.262  -78.660  51.637 0.5000000000
3617  -17.531  -77.812  51.217 0.4000000060
3217  -17.814  -78.395  51.839 0.4000000060
127942  -18.688  -78.033  50.818 0.4000000060
124939  -18.963  -77.943  50.180 0.4000000060
3231  -19.094  -78.403  49.409 0.4000000060
2822  -18.815  -79.604  48.784 0.4000000060
1226  -23.220  -84.519  37.321 0.5000000000
3239  -14.980  -78.796  47.930 0.5000000000
2816  -15.529  -79.233  49.659 0.5000000000
3223  -15.860  -78.588  50.641 0.5000000000
3230  -16.404  -77.407  50.106 0.4000000060
3622  -17.161  -77.167  50.599 0.4000000060
3618  -18.197  -77.895  51.092 0.4000000060
4032  -17.621  -76.525  50.197 0.3000000119
3624  -18.555  -77.470  50.512 0.4000000060
3637  -19.155  -77.261  48.623 0.4000000060
3236  -18.986  -78.354  48.405 0.4000000060
135514  -18.669  -80.474  47.870 0.4000000060
2830  -18.561  -79.541  47.624 0.3000000119
2838  -18.146  -78.966  46.247 0.3000000119
2506  -18.980  -80.489  46.704 0.5000000000
2849  -17.908  -79.025  45.438 0.3000000119
2850  -18.190  -79.425  45.304 0.3000000119
2513  -19.220  -80.165  45.943 0.4000000060
1200  -25.834  -84.251  39.687 0.5000000000
122684  -25.144  -84.356  39.522 0.5000000000
1198  -23.845  -84.045  38.798 0.5000000000
909  -24.665  -84.638  38.661 0.5000000000
910  -25.486  -84.531  38.906 0.5000000000
1225  -22.826  -83.169  37.420 0.3000000119
1211  -23.875  -84.779  38.066 0.5000000000
143405  -22.803  -84.627  36.598 0.5000000000
955  -22.728  -85.238  36.161 0.5000000000
3234  -13.732  -78.317  47.963 0.5000000000
3640  -14.775  -77.840  47.761 0.4000000060
3235  -15.439  -78.530  48.802 0.5000000000
3635  -15.228  -77.207  48.118 0.4000000060
3628  -15.755  -77.455  49.022 0.5000000000
3629  -16.558  -76.587  49.701 0.3000000119
4055  -15.673  -75.806  48.560 0.2000000030
139976  -16.321  -75.973  49.049 0.3000000119
4044  -18.082  -75.991  49.761 0.3000000119
4045  -18.842  -76.483  49.327 0.4000000060
4463  -17.810  -74.655  48.766 0.2000000030
4056  -18.771  -75.730  48.392 0.3000000119
121278  -19.095  -76.624  48.058 0.3000000119
4067  -18.964  -77.035  46.918 0.3000000119
3240  -18.538  -78.708  47.179 0.4000000060
3646  -18.489  -78.015  46.463 0.3000000119
3652  -18.180  -77.760  45.553 0.3000000119
3651  -17.760  -78.285  44.875 0.4000000060
2851  -18.758  -79.706  45.265 0.4000000060
2514  -20.428  -79.881  46.030 0.4000000060
3251  -17.971  -78.556  44.097 0.4000000060
2884  -19.264  -79.004  44.074 0.3000000119
2867  -20.186  -79.200  44.453 0.4000000060
934  -24.503  -85.143  37.760 0.5000000000
692  -24.371  -85.730  37.090 0.5000000000
691  -23.695  -85.821  36.877 0.5000000000
725  -22.332  -86.143  34.505 0.5000000000
956  -23.210  -85.902  36.348 0.6000000238
3200  -7.711  -78.151  55.156 0.4000000060
3188  -8.297  -78.620  55.798 0.4000000060
2789  -7.506  -79.223  54.656 0.4000000060
2783  -8.137  -79.268  55.325 0.4000000060
2777  -9.157  -78.862  56.503 0.4000000060
2420  -7.434  -80.250  53.580 0.4000000060
139969  -8.044  -79.793  54.904 0.4000000060
2416  -8.457  -80.356  54.642 0.4000000060
2410  -9.431  -80.130  55.714 0.4000000060
2405  -10.403  -79.680  56.717 0.4000000060
2417  -9.239  -80.622  54.971 0.4000000060
124506  -10.186  -80.169  56.109 0.4000000060
2401  -11.091  -79.893  56.988 0.4000000060
2402  -11.833  -80.108  57.020 0.4000000060
2065  -10.449  -81.411  53.763 0.3000000119
2055  -10.185  -80.786  55.272 0.3000000119
2056  -11.062  -81.012  55.160 0.3000000119
2407  -12.095  -80.461  56.324 0.3000000119
2403  -12.620  -80.171  56.896 0.3000000119
2418  -11.792  -81.140  54.210 0.3000000119
2057  -11.718  -81.031  55.004 0.3000000119
2414  -12.970  -80.343  55.331 0.3000000119
2778  -13.532  -80.137  55.925 0.3000000119
2773  -13.404  -80.145  56.683 0.3000000119
2775  -15.280  -79.676  57.786 0.3000000119
2440  -11.550  -81.099  51.412 0.3000000119
2785  -13.646  -79.775  55.067 0.3000000119
2786  -14.160  -79.656  55.626 0.3000000119
2780  -14.985  -79.687  56.861 0.3000000119
122727  -16.185  -79.467  57.928 0.2000000030
2776  -16.807  -79.162  57.570 0.1000000015
129817  -14.180  -79.285  54.916 0.3000000119
3191  -15.357  -78.952  55.968 0.3000000119
3181  -15.804  -79.214  56.758 0.2000000030
3175  -17.621  -78.949  57.723 0.1000000015
3192  -16.181  -78.566  56.347 0.3000000119
3182  -16.554  -79.009  57.042 0.2000000030
3233  -13.299  -78.992  48.415 0.3000000119
3639  -14.123  -77.600  47.815 0.4000000060
3634  -14.208  -76.831  48.036 0.3000000119
4053  -14.569  -76.079  48.300 0.2000000030
4054  -15.065  -76.384  48.066 0.2000000030
4461  -15.725  -75.030  48.733 0.2000000030
4859  -16.211  -73.990  48.854 0.2000000030
4464  -18.412  -74.885  48.347 0.2000000030
4062  -18.951  -76.055  47.266 0.2000000030
136780  -18.654  -77.264  46.088 0.4000000060
4069  -18.577  -76.861  45.318 0.4000000060
3656  -17.922  -77.490  44.865 0.3000000119
3661  -17.643  -77.303  43.599 0.4000000060
3276  -18.949  -78.184  42.963 0.3000000119
1506  -28.237  -83.397  41.531 0.6000000238
1188  -27.537  -84.017  40.378 0.6000000238
3275  -18.009  -77.875  43.316 0.3000000119
2885  -20.078  -78.812  43.789 0.3000000119
129003  -26.867  -84.076  40.563 0.5000000000
138452  -26.762  -84.119  39.027 0.5000000000
911  -26.144  -84.322  39.153 0.5000000000
919  -26.033  -84.490  38.220 0.5000000000
693  -25.069  -85.674  37.016 0.5000000000
935  -25.445  -85.084  37.466 0.5000000000
706  -23.900  -86.039  36.439 0.5000000000
718  -25.165  -85.829  35.919 0.5000000000
133828  -23.217  -86.424  34.003 0.6000000238
458  -23.647  -86.269  35.054 0.6000000238
726  -22.958  -86.247  34.897 0.5000000000
3584  -8.072  -77.301  54.837 0.5000000000
3572  -8.362  -77.777  55.635 0.4000000060
3573  -9.203  -77.513  55.979 0.5000000000
3574  -10.060  -77.124  56.064 0.5000000000
3189  -9.289  -78.230  56.494 0.4000000060
2404  -9.636  -79.545  56.381 0.4000000060
3173  -10.655  -78.844  57.419 0.4000000060
2770  -10.840  -79.317  57.270 0.4000000060
2771  -11.553  -79.528  57.531 0.4000000060
2772  -12.273  -79.739  57.627 0.4000000060
2077  -11.087  -81.354  53.051 0.3000000119
123117  -13.245  -79.851  57.583 0.3000000119
2422  -11.786  -81.092  53.360 0.3000000119
2423  -12.265  -80.788  53.732 0.3000000119
2791  -13.198  -79.971  54.365 0.3000000119
2774  -14.294  -79.838  57.756 0.3000000119
2762  -16.344  -79.269  58.480 0.2000000030
2809  -12.640  -79.956  50.723 0.4000000060
2441  -12.292  -80.561  51.528 0.3000000119
3169  -17.014  -78.936  58.651 0.1000000015
3215  -13.061  -79.001  51.195 0.4000000060
3202  -15.152  -78.342  55.024 0.3000000119
3222  -13.254  -78.036  49.718 0.3000000119
122559  -13.250  -78.111  50.727 0.4000000060
3586  -14.994  -77.936  54.120 0.3000000119
3575  -15.858  -78.049  55.532 0.3000000119
3576  -16.590  -77.790  55.913 0.2000000030
3183  -17.533  -78.787  57.165 0.2000000030
3228  -13.397  -78.082  48.719 0.4000000060
3598  -15.376  -77.161  53.840 0.3000000119
3588  -16.286  -77.279  55.190 0.3000000119
126116  -17.309  -77.648  56.056 0.2000000030
3184  -18.438  -78.663  56.886 0.2000000030
3627  -13.484  -77.223  49.061 0.4000000060
3984  -17.502  -76.970  55.553 0.2000000030
3577  -18.085  -77.636  56.003 0.2000000030
4460  -15.027  -75.263  48.605 0.2000000030
4858  -15.484  -74.573  48.894 0.2000000030
4860  -17.213  -73.746  48.616 0.2000000030
5294  -17.604  -72.870  48.400 0.2000000030
4879  -19.133  -74.783  46.896 0.2000000030
4479  -19.079  -75.747  46.599 0.2000000030
4070  -18.547  -76.208  44.645 0.3000000119
4072  -17.597  -76.722  43.790 0.3000000119
2171  -28.281  -81.000  43.179 0.6000000238
1825  -28.587  -82.397  41.435 0.5000000000
1189  -28.358  -83.841  40.174 0.6000000238
137136  -17.802  -75.209  43.610 0.2000000030
4079  -17.598  -76.618  43.274 0.2000000030
3670  -19.419  -77.640  42.421 0.3000000119
2170  -28.271  -81.642  42.071 0.5000000000
133190  -28.168  -83.746  38.740 0.6000000238
1228  -27.719  -83.617  37.664 0.4000000060
2536  -27.508  -80.403  42.582 0.5000000000
920  -26.887  -84.068  38.287 0.5000000000
1227  -27.117  -83.953  37.043 0.5000000000
1246  -27.599  -83.510  37.137 0.3000000119
957  -25.957  -85.065  36.757 0.5000000000
128107  -26.518  -84.368  36.085 0.5000000000
127471  -24.213  -86.165  34.961 0.6000000238
728  -25.189  -85.500  34.677 0.4000000060
719  -25.521  -85.454  35.413 0.4000000060
478  -23.533  -86.440  32.804 0.6000000238
3974  -10.952  -76.918  56.199 0.5000000000
3585  -8.905  -76.985  55.201 0.5000000000
143173  -10.004  -76.246  55.036 0.5000000000
3981  -9.707  -76.726  55.379 0.5000000000
4011  -8.229  -76.868  52.852 0.5000000000
4000  -8.777  -76.561  53.633 0.5000000000
3989  -8.811  -76.625  54.509 0.5000000000
4002  -9.993  -75.830  54.077 0.5000000000
3180  -9.886  -78.484  56.963 0.4000000060
137891  -8.464  -76.554  52.048 0.5000000000
4001  -9.653  -76.025  53.312 0.5000000000
3167  -12.099  -78.791  58.636 0.4000000060
2765  -13.525  -79.462  58.508 0.3000000119
2766  -14.552  -79.527  58.515 0.3000000119
3162  -15.077  -78.601  59.733 0.3000000119
2429  -12.388  -80.557  52.984 0.3000000119
2798  -12.966  -79.795  52.698 0.4000000060
2767  -15.520  -79.461  58.465 0.3000000119
2803  -12.828  -79.803  51.744 0.4000000060
3207  -13.852  -78.746  53.313 0.4000000060
2792  -13.854  -79.239  54.189 0.4000000060
3211  -13.652  -78.465  52.448 0.3000000119
3596  -14.181  -78.009  52.843 0.4000000060
143197  -14.158  -78.730  53.875 0.4000000060
141233  -13.506  -77.181  50.214 0.4000000060
3616  -13.580  -77.491  51.229 0.3000000119
3607  -13.831  -77.718  52.060 0.4000000060
4031  -13.914  -76.358  50.337 0.3000000119
4004  -15.711  -76.467  53.691 0.3000000119
4005  -16.326  -76.076  54.058 0.2000000030
4406  -17.097  -75.712  54.429 0.2000000030
135501  -14.105  -76.020  48.827 0.3000000119
4441  -14.632  -75.172  49.688 0.2000000030
4413  -16.641  -75.334  53.649 0.2000000030
3985  -18.331  -76.995  55.436 0.2000000030
3578  -18.889  -77.959  55.639 0.2000000030
4414  -17.437  -75.085  53.891 0.2000000030
4407  -18.007  -75.580  54.467 0.2000000030
3996  -18.621  -76.322  54.864 0.2000000030
3579  -19.645  -78.321  55.191 0.2000000030
142774  -15.073  -74.643  49.689 0.2000000030
4415  -18.327  -74.956  53.862 0.2000000030
4408  -18.943  -75.652  54.283 0.2000000030
131910  -15.809  -73.933  49.016 0.2000000030
5282  -16.521  -72.906  49.236 0.2000000030
5283  -16.969  -72.551  48.859 0.2000000030
5295  -18.566  -73.000  47.842 0.2000000030
4480  -19.630  -75.591  45.862 0.2000000030
4496  -19.304  -75.663  44.838 0.3000000119
3255  -24.682  -78.541  43.613 0.3000000119
3256  -25.582  -78.856  44.141 0.3000000119
119449  -18.467  -75.344  44.312 0.2000000030
3278  -21.036  -77.986  42.681 0.3000000119
3268  -24.486  -78.274  42.898 0.3000000119
2895  -25.787  -79.077  42.629 0.4000000060
2896  -26.918  -79.551  43.013 0.5000000000
1507  -28.881  -82.930  41.161 0.6000000238
4904  -17.664  -75.119  42.919 0.2000000030
4089  -18.183  -76.442  42.357 0.3000000119
4097  -19.147  -76.324  41.871 0.2000000030
3671  -20.501  -77.486  42.264 0.3000000119
3279  -22.173  -77.727  42.637 0.3000000119
3282  -24.860  -78.509  42.527 0.3000000119
2903  -25.531  -79.732  41.688 0.3000000119
2184  -28.642  -82.191  41.049 0.5000000000
1826  -28.945  -82.545  40.748 0.5000000000
1202  -28.827  -83.513  38.913 0.6000000238
1570  -28.021  -83.023  37.225 0.2000000030
1901  -26.442  -82.564  36.140 0.2000000030
136815  -18.604  -75.741  41.971 0.2000000030
2904  -26.450  -80.176  42.106 0.4000000060
2183  -28.034  -81.430  41.599 0.5000000000
1257  -26.776  -83.878  35.958 0.4000000060
3297  -24.277  -78.538  41.038 0.1000000015
2910  -24.425  -79.679  40.440 0.1000000015
2911  -25.133  -80.379  40.752 0.1000000015
969  -25.969  -84.913  35.727 0.4000000060
1268  -26.150  -84.027  35.381 0.2000000030
140782  -25.669  -85.101  35.000 0.4000000060
727  -24.477  -85.967  34.372 0.6000000238
123659  -24.816  -85.563  34.021 0.4000000060
976  -25.121  -85.197  34.191 0.3000000119
138473  -23.930  -86.083  33.072 0.5000000000
136091  -24.145  -85.624  32.725 0.5000000000
494  -23.815  -86.001  31.407 0.5000000000
780  -23.783  -86.098  27.145 0.4000000060
4399  -12.235  -75.725  55.710 0.5000000000
3982  -11.417  -76.104  55.601 0.5000000000
3992  -11.013  -75.783  54.994 0.5000000000
4825  -9.761  -74.808  51.714 0.5000000000
4411  -11.048  -74.930  53.654 0.5000000000
4404  -10.564  -75.447  54.062 0.5000000000
4398  -11.810  -75.302  54.935 0.5000000000
4836  -9.537  -74.210  50.969 0.5000000000
4826  -10.600  -74.218  52.189 0.5000000000
5247  -11.073  -72.909  52.272 0.5000000000
5271  -10.013  -73.356  50.768 0.5000000000
5739  -10.637  -72.290  51.971 0.5000000000
4012  -14.052  -77.008  51.665 0.3000000119
4013  -14.592  -76.454  52.035 0.3000000119
3203  -21.283  -78.650  54.745 0.1000000015
4023  -14.217  -76.341  51.194 0.3000000119
4431  -14.757  -75.814  51.462 0.2000000030
138410  -15.730  -75.277  52.354 0.2000000030
132666  -20.050  -76.935  54.004 0.2000000030
4442  -15.050  -74.940  50.510 0.2000000030
4829  -15.982  -74.695  51.943 0.2000000030
4424  -16.370  -74.934  52.757 0.2000000030
3580  -20.434  -78.573  54.872 0.2000000030
4838  -15.662  -74.384  51.026 0.2000000030
142473  -16.451  -74.463  52.243 0.2000000030
4819  -17.704  -74.553  53.261 0.2000000030
4006  -19.769  -76.028  53.869 0.2000000030
3997  -19.438  -76.622  54.462 0.2000000030
4845  -15.461  -74.161  50.057 0.2000000030
4839  -16.455  -74.005  51.588 0.2000000030
5250  -17.335  -73.580  51.822 0.2000000030
4820  -18.532  -74.438  53.164 0.2000000030
4416  -19.297  -74.999  53.574 0.2000000030
5272  -16.474  -72.843  49.964 0.2000000030
5273  -17.157  -72.423  50.387 0.2000000030
5265  -18.293  -72.795  51.241 0.2000000030
5251  -18.269  -73.361  51.854 0.2000000030
5252  -19.157  -73.545  51.879 0.2000000030
4832  -19.500  -74.155  52.409 0.2000000030
5749  -17.654  -71.912  50.034 0.2000000030
5741  -18.793  -72.506  50.881 0.2000000030
5253  -20.008  -73.932  51.702 0.2000000030
5761  -18.126  -71.711  49.217 0.2000000030
6198  -18.853  -71.746  48.763 0.2000000030
5750  -18.562  -71.917  50.158 0.2000000030
5266  -19.568  -73.052  51.106 0.2000000030
4872  -19.504  -74.043  47.069 0.2000000030
5296  -20.022  -72.516  48.171 0.2000000030
5752  -19.998  -72.298  49.698 0.2000000030
4873  -20.365  -74.210  46.857 0.2000000030
4481  -20.415  -75.005  45.409 0.2000000030
130468  -19.404  -75.162  44.652 0.2000000030
1891  -28.199  -82.247  37.107 0.2000000030
4898  -18.115  -74.451  43.891 0.1000000015
140351  -17.821  -74.532  43.359 0.1000000015
3672  -21.573  -77.329  42.172 0.3000000119
3685  -22.149  -76.765  41.694 0.2000000030
3281  -24.220  -78.076  42.259 0.3000000119
1546  -29.253  -82.706  38.236 0.3000000119
1876  -28.885  -82.561  37.651 0.4000000060
1580  -25.677  -83.064  35.544 0.2000000030
4906  -18.103  -74.598  42.419 0.1000000015
4513  -19.497  -75.473  41.695 0.1000000015
3683  -19.856  -76.914  41.953 0.2000000030
2196  -27.502  -81.493  40.901 0.3000000119
2199  -29.192  -82.071  39.946 0.3000000119
1846  -29.412  -82.214  39.450 0.3000000119
1592  -24.983  -83.483  34.737 0.2000000030
2909  -23.733  -78.811  40.080 0.1000000015
2555  -25.596  -81.178  40.228 0.1000000015
2212  -26.181  -81.346  39.944 0.2000000030
1267  -25.387  -84.565  34.599 0.2000000030
3304  -23.048  -78.467  39.217 0.1000000015
2920  -24.161  -80.126  38.697 0.1000000015
2565  -25.531  -81.071  39.394 0.1000000015
1591  -24.462  -83.644  33.847 0.2000000030
138764  -24.442  -82.848  34.214 0.2000000030
3313  -23.647  -79.505  38.137 0.1000000015
985  -24.481  -85.241  33.231 0.3000000119
1293  -24.856  -84.456  31.755 0.2000000030
1615  -24.897  -83.910  32.163 0.2000000030
997  -24.131  -85.488  31.772 0.5000000000
1009  -24.778  -84.952  31.217 0.2000000030
1305  -25.462  -84.526  31.174 0.2000000030
1315  -15.061  -84.509  30.176 0.5000000000
1008  -24.332  -85.553  30.856 0.4000000060
1018  -24.973  -85.104  30.324 0.2000000030
777  -24.843  -85.350  28.181 0.4000000060
1338  -25.294  -84.609  28.179 0.3000000119
1048  -23.729  -85.064  26.036 0.4000000060
1049  -24.195  -84.706  26.557 0.4000000060
1050  -24.647  -84.421  27.108 0.3000000119
1060  -22.796  -84.576  25.112 0.4000000060
1054  -23.709  -84.433  26.030 0.4000000060
1383  -22.247  -84.271  24.823 0.4000000060
1699  -22.985  -83.826  25.783 0.4000000060
2678  -17.191  -80.123  29.801 0.4000000060
2688  -16.878  -80.205  28.804 0.4000000060
133924  -17.165  -79.874  28.099 0.4000000060
3047  -18.084  -78.833  29.469 0.4000000060
3046  -17.476  -79.459  28.893 0.4000000060
3430  -19.321  -77.847  29.422 0.4000000060
5660  -6.445  -72.213  58.650 0.3000000119
5185  -7.474  -73.359  58.737 0.3000000119
124857  -13.369  -72.166  54.918 0.4000000060
5241  -14.011  -72.950  54.104 0.4000000060
5668  -6.138  -72.494  57.789 0.3000000119
4802  -12.574  -75.072  55.249 0.5000000000
6136  -5.842  -71.686  58.135 0.3000000119
5722  -12.643  -72.644  53.477 0.5000000000
5240  -13.451  -73.045  53.629 0.5000000000
4816  -12.455  -74.007  53.528 0.5000000000
5248  -12.089  -73.016  52.792 0.5000000000
5239  -12.800  -73.275  53.227 0.5000000000
4808  -11.793  -74.732  54.025 0.5000000000
5729  -11.344  -72.451  52.661 0.5000000000
5738  -10.500  -71.907  51.051 0.5000000000
127152  -20.547  -77.439  53.935 0.1000000015
4007  -20.564  -76.645  53.473 0.2000000030
4425  -20.504  -75.144  52.558 0.2000000030
133010  -20.334  -73.496  50.970 0.2000000030
4833  -20.637  -74.690  51.890 0.2000000030
5274  -20.206  -72.867  50.353 0.2000000030
5284  -20.572  -72.845  49.519 0.2000000030
4862  -20.883  -73.821  47.538 0.2000000030
5297  -20.495  -73.136  47.993 0.2000000030
4472  -20.831  -74.603  46.311 0.2000000030
4889  -20.789  -74.714  45.169 0.1000000015
4900  -19.978  -74.526  44.735 0.1000000015
122474  -28.986  -81.702  37.663 0.1000000015
5339  -18.321  -73.596  44.083 0.1000000015
3684  -21.156  -76.630  41.754 0.1000000015
1877  -29.431  -82.160  38.080 0.2000000030
1900  -25.392  -81.984  35.606 0.2000000030
1579  -24.741  -82.424  34.897 0.2000000030
121200  -18.215  -73.083  43.679 0.1000000015
4907  -18.906  -74.123  42.015 0.1000000015
4514  -20.661  -75.115  41.453 0.1000000015
4099  -21.435  -75.654  41.384 0.1000000015
138937  -22.024  -76.140  41.368 0.1000000015
4106  -22.515  -76.150  40.358 0.1000000015
2215  -28.776  -81.295  40.009 0.2000000030
2231  -29.516  -81.730  39.058 0.2000000030
1909  -24.583  -82.151  34.217 0.2000000030
2214  -28.134  -81.363  40.419 0.2000000030
2567  -28.398  -80.841  39.868 0.2000000030
2568  -28.867  -80.705  39.487 0.1000000015
3696  -23.246  -77.633  40.219 0.1000000015
2576  -26.090  -80.566  38.846 0.2000000030
133018  -27.604  -81.163  40.008 0.2000000030
1603  -24.439  -83.732  32.955 0.2000000030
1923  -25.098  -82.486  32.981 0.2000000030
3703  -22.589  -77.582  39.188 0.1000000015
3312  -22.641  -78.205  38.314 0.1000000015
2940  -24.086  -79.278  37.494 0.1000000015
2575  -25.062  -80.498  38.606 0.1000000015
1294  -25.654  -84.169  31.538 0.2000000030
1316  -25.589  -84.632  30.522 0.2000000030
1306  -26.220  -84.292  30.757 0.2000000030
1027  -25.748  -84.563  28.976 0.3000000119
1647  -26.702  -83.184  28.948 0.2000000030
1036  -25.160  -85.104  28.754 0.3000000119
1339  -25.787  -84.089  28.440 0.3000000119
1688  -24.280  -83.922  26.800 0.3000000119
1676  -23.447  -83.693  26.780 0.4000000060
2347  -16.734  -80.971  29.626 0.4000000060
131376  -16.372  -81.617  28.980 0.4000000060
1671  -16.581  -82.900  27.100 0.4000000060
2367  -16.899  -81.587  27.341 0.4000000060
2024  -17.407  -82.581  25.424 0.4000000060
135143  -1.513  -83.956  30.296 0.2000000030
2361  -16.839  -80.500  27.970 0.4000000060
121471  -17.214  -82.336  26.270 0.4000000060
2025  -18.032  -82.553  25.215 0.4000000060
2694  -17.505  -80.278  27.462 0.4000000060
6129  -6.624  -72.010  59.670 0.3000000119
6128  -6.049  -71.421  59.118 0.3000000119
5707  -14.353  -72.429  55.028 0.4000000060
4400  -12.965  -75.294  55.829 0.5000000000
3976  -13.324  -75.635  56.609 0.4000000060
119955  -11.926  -76.571  56.387 0.5000000000
6151  -12.304  -71.998  55.453 0.5000000000
5232  -14.500  -73.051  54.563 0.4000000060
4811  -14.321  -73.543  54.743 0.4000000060
4803  -13.257  -74.619  55.187 0.5000000000
6579  -5.638  -70.660  59.705 0.4000000060
6157  -11.530  -72.030  54.118 0.5000000000
6158  -12.381  -72.155  54.480 0.5000000000
5231  -13.970  -73.231  54.106 0.4000000060
4809  -12.693  -74.482  54.451 0.5000000000
139660  -5.178  -69.908  58.751 0.4000000060
6587  -5.532  -70.840  58.524 0.4000000060
6140  -5.496  -72.037  57.335 0.4000000060
5210  -5.855  -73.300  56.292 0.4000000060
6167  -11.363  -72.021  53.354 0.5000000000
6176  -11.836  -72.414  53.186 0.5000000000
6182  -10.553  -71.821  52.001 0.5000000000
3599  -21.289  -77.592  53.565 0.1000000015
4008  -21.287  -76.880  53.031 0.2000000030
4426  -21.279  -75.548  52.038 0.2000000030
121285  -21.469  -74.649  50.777 0.2000000030
4841  -21.212  -74.869  51.455 0.2000000030
5285  -21.287  -73.734  49.173 0.2000000030
4846  -20.937  -73.705  50.297 0.2000000030
5341  -20.068  -73.428  44.841 0.1000000015
5812  -18.564  -72.715  44.223 0.1000000015
1889  -26.129  -81.667  36.064 0.2000000030
2263  -25.532  -80.748  34.694 0.2000000030
5821  -18.539  -72.261  43.761 0.1000000015
123963  -18.331  -73.747  42.630 0.1000000015
5363  -19.126  -73.278  42.301 0.1000000015
4910  -19.795  -74.590  41.686 0.1000000015
4911  -20.868  -74.280  41.399 0.1000000015
2245  -28.880  -80.612  37.946 0.1000000015
4515  -21.494  -74.872  41.092 0.1000000015
4105  -22.130  -75.557  40.938 0.1000000015
4523  -21.789  -74.852  40.477 0.1000000015
136474  -27.214  -80.187  39.219 0.2000000030
1939  -26.080  -83.024  32.338 0.2000000030
3324  -23.257  -78.696  37.560 0.1000000015
1629  -27.497  -83.427  31.031 0.2000000030
1617  -27.019  -83.518  31.888 0.2000000030
1977  -25.594  -82.513  29.022 0.2000000030
1994  -25.785  -83.138  28.485 0.2000000030
1639  -26.850  -83.539  29.290 0.2000000030
1646  -15.573  -84.222  29.818 0.5000000000
1661  -23.335  -83.316  28.072 0.3000000119
1662  -24.495  -83.343  27.938 0.3000000119
2005  -25.166  -83.471  28.012 0.2000000030
1663  -25.270  -83.700  28.022 0.2000000030
1674  -21.232  -83.536  27.561 0.4000000060
1675  -22.302  -83.481  27.734 0.4000000060
131255  -16.300  -82.868  30.412 0.5000000000
1657  -16.116  -83.335  28.817 0.5000000000
1673  -20.243  -83.385  27.366 0.4000000060
1972  -16.245  -82.586  29.390 0.4000000060
1987  -16.319  -82.290  28.435 0.4000000060
2015  -18.902  -82.632  26.653 0.4000000060
2003  -19.299  -82.489  27.376 0.4000000060
1686  -21.145  -83.649  26.226 0.4000000060
140954  -22.197  -83.724  25.591 0.4000000060
2014  -18.075  -82.204  26.391 0.4000000060
1684  -19.265  -83.132  26.291 0.4000000060
129595  -17.659  -81.777  26.841 0.4000000060
2704  -17.611  -81.051  27.125 0.4000000060
3428  -18.636  -78.294  28.941 0.4000000060
3441  -19.809  -77.618  28.492 0.4000000060
5662  -7.773  -73.297  59.689 0.3000000119
5178  -8.426  -73.781  60.211 0.3000000119
6117  -6.722  -71.898  60.868 0.3000000119
5652  -7.313  -72.622  60.231 0.3000000119
5653  -8.098  -73.146  60.701 0.3000000119
3975  -12.637  -76.438  56.888 0.4000000060
130272  -4.972  -68.893  58.228 0.3000000119
7010  -4.983  -69.052  59.215 0.4000000060
6586  -5.140  -70.375  57.895 0.4000000060
133197  -4.978  -71.516  56.859 0.4000000060
6143  -5.160  -72.371  56.747 0.4000000060
7028  -5.029  -69.606  57.870 0.4000000060
6592  -4.907  -70.521  56.622 0.4000000060
5701  -4.590  -72.924  55.069 0.4000000060
6166  -10.625  -71.462  52.920 0.5000000000
3600  -22.204  -78.006  53.494 0.1000000015
4009  -21.986  -77.396  52.949 0.2000000030
3609  -22.900  -77.774  53.049 0.1000000015
4427  -22.244  -76.180  51.823 0.2000000030
4443  -22.232  -75.291  50.455 0.2000000030
4433  -21.879  -75.390  51.286 0.2000000030
4863  -21.709  -74.370  48.161 0.2000000030
4847  -21.738  -74.542  49.914 0.2000000030
4874  -21.388  -74.419  47.088 0.2000000030
4482  -21.113  -74.655  45.878 0.2000000030
4890  -21.492  -74.366  45.407 0.1000000015
4901  -21.023  -74.072  44.974 0.1000000015
5806  -20.201  -72.331  45.197 0.1000000015
2256  -27.880  -80.909  36.971 0.2000000030
2255  -26.575  -80.945  36.189 0.2000000030
6237  -18.923  -71.756  44.403 0.1000000015
5822  -18.847  -71.564  43.843 0.1000000015
2246  -29.424  -81.464  38.480 0.2000000030
128252  -19.299  -72.578  42.556 0.1000000015
5364  -20.046  -72.887  42.054 0.1000000015
5380  -20.122  -73.683  41.763 0.1000000015
137951  -20.971  -73.649  41.313 0.1000000015
2271  -24.947  -81.439  34.156 0.2000000030
5381  -20.699  -73.062  41.451 0.1000000015
4919  -21.329  -74.088  40.716 0.1000000015
2921  -27.882  -80.450  39.687 0.2000000030
1924  -26.400  -82.362  32.832 0.2000000030
2291  -25.412  -81.774  33.489 0.2000000030
5387  -21.038  -73.255  40.659 0.1000000015
2941  -24.933  -79.221  37.534 0.1000000015
1940  -27.371  -82.915  32.349 0.2000000030
140036  -21.464  -74.573  39.049 0.1000000015
2353  -27.256  -82.079  29.378 0.2000000030
1979  -27.709  -82.326  29.541 0.2000000030
2351  -24.810  -81.880  30.105 0.2000000030
2332  -26.838  -81.374  30.110 0.2000000030
129875  -27.010  -82.671  29.141 0.2000000030
1307  -27.081  -83.719  30.167 0.2000000030
1975  -23.152  -82.350  29.888 0.3000000119
2330  -24.149  -81.223  30.941 0.2000000030
2352  -26.100  -81.834  29.642 0.2000000030
127692  -26.490  -82.597  28.944 0.2000000030
1660  -22.175  -83.223  28.701 0.3000000119
1976  -24.365  -82.414  29.477 0.2000000030
1658  -20.502  -83.164  28.324 0.4000000060
1990  -21.564  -82.725  29.380 0.3000000119
2374  -18.132  -81.337  26.964 0.4000000060
3067  -18.434  -79.189  27.401 0.4000000060
3057  -18.113  -78.851  28.349 0.4000000060
3842  -20.612  -77.293  28.643 0.3000000119
6109  -7.193  -72.036  62.060 0.3000000119
6110  -8.028  -72.328  62.054 0.3000000119
6557  -7.782  -71.862  62.838 0.3000000119
136067  -4.817  -72.220  56.229 0.4000000060
120851  -5.026  -68.845  57.229 0.4000000060
7057  -4.958  -69.490  56.378 0.4000000060
121085  -4.665  -71.206  55.952 0.4000000060
124015  -4.276  -72.179  54.662 0.4000000060
4015  -22.764  -77.054  52.399 0.2000000030
4024  -23.149  -76.569  51.634 0.2000000030
3619  -23.779  -77.188  52.099 0.1000000015
4434  -22.722  -75.874  51.098 0.2000000030
4465  -22.296  -74.711  47.622 0.2000000030
4854  -22.494  -75.242  49.517 0.2000000030
4473  -21.832  -74.526  46.643 0.2000000030
4881  -22.298  -74.363  46.243 0.1000000015
5333  -20.988  -73.400  45.079 0.1000000015
6227  -19.973  -71.213  45.389 0.1000000015
2590  -28.188  -79.740  37.182 0.1000000015
2264  -25.671  -81.135  35.608 0.2000000030
142105  -19.554  -71.376  43.059 0.1000000015
2230  -28.978  -80.530  38.811 0.1000000015
2922  -28.426  -80.217  39.490 0.1000000015
5390  -21.226  -73.548  39.717 0.1000000015
2931  -25.522  -79.842  38.184 0.1000000015
142107  -26.732  -79.475  38.678 0.1000000015
3723  -22.688  -77.708  37.531 0.1000000015
3325  -24.221  -78.646  37.066 0.1000000015
138803  -27.760  -83.137  30.136 0.2000000030
2331  -25.719  -81.061  30.771 0.2000000030
2664  -24.741  -80.742  31.244 0.2000000030
1974  -22.128  -82.254  30.036 0.3000000119
2004  -19.814  -82.912  27.926 0.4000000060
1973  -20.986  -82.246  29.383 0.3000000119
2002  -18.639  -81.901  27.018 0.4000000060
2695  -18.143  -79.815  27.254 0.4000000060
136403  -19.490  -78.058  27.560 0.4000000060
3843  -21.240  -77.352  27.901 0.2000000030
6111  -8.610  -72.576  61.849 0.3000000119
6568  -8.666  -71.177  61.247 0.2000000030
7449  -8.382  -69.172  60.179 0.2000000030
7012  -8.700  -69.468  59.597 0.2000000030
7498  -5.096  -68.415  56.494 0.4000000060
7954  -5.230  -67.650  56.797 0.4000000060
119377  -5.110  -68.992  55.767 0.4000000060
7069  -4.875  -69.729  55.501 0.4000000060
6603  -4.441  -71.270  55.015 0.4000000060
6153  -3.994  -72.244  53.960 0.4000000060
141352  -4.770  -69.991  54.865 0.4000000060
136352  -4.192  -71.215  54.068 0.4000000060
6162  -3.877  -71.705  53.305 0.5000000000
3620  -24.672  -77.168  52.034 0.1000000015
125682  -23.156  -75.729  50.187 0.2000000030
4435  -23.416  -76.157  51.002 0.2000000030
4025  -24.088  -76.650  51.375 0.2000000030
4453  -23.289  -75.485  49.036 0.2000000030
4454  -24.032  -75.723  49.759 0.1000000015
4474  -22.652  -74.703  47.316 0.1000000015
5334  -21.638  -73.874  45.298 0.1000000015
5798  -21.451  -72.752  45.562 0.1000000015
6663  -19.397  -70.977  44.899 0.1000000015
2588  -26.187  -80.352  35.629 0.2000000030
6689  -19.694  -70.400  43.705 0.1000000015
133313  -19.824  -70.921  42.986 0.1000000015
5836  -19.960  -72.166  42.342 0.1000000015
2610  -26.424  -80.123  34.581 0.2000000030
6280  -20.620  -71.699  40.954 0.1000000015
3314  -25.922  -78.962  37.916 0.1000000015
140532  -27.563  -79.390  39.084 0.1000000015
2292  -26.737  -81.659  33.341 0.2000000030
2272  -25.816  -80.942  33.973 0.2000000030
6732  -20.577  -70.624  41.289 0.1000000015
6295  -20.833  -71.982  40.187 0.1000000015
128790  -23.907  -77.091  36.830 0.1000000015
1941  -28.411  -82.662  32.339 0.2000000030
1925  -27.748  -82.329  32.852 0.2000000030
4934  -21.422  -74.079  38.795 0.1000000015
1980  -28.457  -82.010  29.895 0.2000000030
1952  -28.849  -82.522  31.363 0.2000000030
2666  -27.362  -80.863  30.684 0.2000000030
2333  -27.690  -81.551  29.874 0.2000000030
2329  -23.252  -81.121  30.972 0.2000000030
2363  -20.760  -81.823  29.042 0.4000000060
2362  -19.957  -81.691  28.006 0.4000000060
2375  -18.755  -81.062  27.070 0.3000000119
2706  -18.933  -80.382  27.006 0.3000000119
3081  -18.754  -79.778  27.048 0.3000000119
3068  -19.187  -78.925  26.917 0.4000000060
3452  -19.997  -78.271  26.757 0.3000000119
3453  -21.381  -78.006  26.220 0.2000000030
3861  -20.860  -77.810  26.898 0.3000000119
3454  -22.171  -77.797  26.553 0.2000000030
6580  -8.934  -70.291  60.082 0.2000000030
7945  -5.291  -67.019  57.158 0.3000000119
7955  -5.364  -67.579  56.671 0.3000000119
7519  -5.710  -68.897  55.141 0.3000000119
7530  -5.780  -69.363  53.975 0.4000000060
7076  -4.916  -69.881  54.096 0.4000000060
7080  -4.495  -70.197  53.638 0.4000000060
126984  -4.042  -70.607  53.114 0.5000000000
4444  -23.994  -76.091  50.581 0.2000000030
4034  -24.717  -76.392  50.884 0.1000000015
4016  -25.416  -77.032  52.238 0.1000000015
4467  -23.757  -75.356  48.356 0.2000000030
4046  -24.797  -76.066  50.233 0.1000000015
4027  -26.075  -76.481  51.796 0.1000000015
4475  -23.348  -75.026  47.697 0.1000000015
4436  -26.561  -75.690  51.685 0.1000000015
5321  -22.509  -73.968  46.202 0.1000000015
4876  -23.586  -74.638  47.512 0.1000000015
5322  -23.083  -73.381  46.910 0.1000000015
5335  -22.137  -73.544  45.785 0.1000000015
5799  -22.238  -72.454  46.271 0.1000000015
6216  -21.652  -71.407  46.120 0.1000000015
138641  -20.748  -70.726  45.737 0.1000000015
7142  -20.221  -69.681  44.903 0.1000000015
2589  -27.108  -80.035  36.296 0.2000000030
142764  -19.996  -69.790  44.220 0.1000000015
3317  -28.677  -78.350  38.793 0.1000000015
127658  -20.256  -70.813  42.288 0.1000000015
2933  -28.574  -79.624  38.948 0.1000000015
2959  -27.401  -79.087  35.283 0.2000000030
3726  -25.576  -77.563  37.405 0.1000000015
2942  -28.768  -79.548  38.300 0.1000000015
2949  -28.532  -78.913  37.223 0.1000000015
2611  -27.517  -79.934  34.260 0.2000000030
6296  -21.179  -71.896  39.452 0.1000000015
4137  -23.432  -76.144  36.923 0.1000000015
4138  -24.672  -76.307  37.043 0.1000000015
132645  -24.910  -77.080  37.014 0.1000000015
1963  -28.745  -82.274  30.324 0.2000000030
1926  -28.802  -82.176  32.915 0.2000000030
2293  -28.073  -81.663  33.285 0.2000000030
2274  -28.355  -80.800  33.707 0.2000000030
2275  -29.517  -80.874  33.859 0.2000000030
2665  -26.294  -80.584  31.187 0.2000000030
1942  -29.245  -82.250  32.294 0.2000000030
2294  -29.172  -81.581  33.363 0.1000000015
2663  -23.920  -80.550  31.231 0.2000000030
138322  -28.393  -81.178  30.277 0.2000000030
2355  -28.824  -81.567  30.224 0.2000000030
131801  -29.297  -82.064  30.704 0.2000000030
1943  -29.948  -81.781  32.252 0.2000000030
1927  -29.590  -81.803  32.946 0.2000000030
2327  -21.962  -81.155  30.206 0.3000000119
2328  -22.561  -81.104  30.653 0.3000000119
136938  -25.378  -80.405  31.422 0.2000000030
125719  -27.891  -80.386  31.162 0.2000000030
2334  -29.579  -81.205  30.563 0.2000000030
1965  -29.693  -81.617  30.728 0.2000000030
2689  -20.687  -81.351  28.439 0.2000000030
2680  -21.461  -81.291  29.393 0.3000000119
2661  -22.630  -80.612  30.533 0.3000000119
2651  -26.882  -79.913  31.773 0.2000000030
2356  -29.286  -80.975  30.408 0.2000000030
2696  -19.434  -80.797  27.099 0.3000000119
2697  -20.181  -81.085  27.226 0.3000000119
118906  -20.820  -80.709  26.416 0.2000000030
121284  -19.393  -79.874  26.735 0.3000000119
2707  -20.166  -80.143  26.421 0.3000000119
3069  -19.954  -79.187  26.325 0.3000000119
137369  -20.696  -79.405  25.822 0.3000000119
123463  -21.263  -78.780  25.568 0.3000000119
3465  -22.041  -78.282  25.756 0.2000000030
3873  -23.029  -77.893  26.446 0.2000000030
3874  -23.885  -78.183  25.900 0.2000000030
7956  -5.979  -67.552  56.363 0.3000000119
8413  -5.368  -66.507  57.516 0.3000000119
7520  -6.557  -68.411  55.019 0.3000000119
7081  -5.117  -69.299  53.178 0.5000000000
7089  -4.287  -69.592  52.750 0.5000000000
4455  -24.950  -75.750  49.464 0.1000000015
4036  -26.566  -76.007  50.978 0.1000000015
4476  -24.149  -75.134  47.999 0.1000000015
133936  -25.719  -75.376  49.150 0.1000000015
4047  -25.503  -75.983  50.065 0.1000000015
4437  -26.926  -75.410  50.971 0.1000000015
7166  -20.606  -69.657  42.834 0.1000000015
6281  -20.887  -71.094  40.194 0.1000000015
3315  -26.859  -78.345  38.492 0.1000000015
3711  -27.559  -77.786  38.678 0.1000000015
3318  -29.400  -77.765  38.530 0.1000000015
128263  -27.644  -79.289  36.242 0.2000000030
137338  -27.104  -79.448  34.791 0.2000000030
2612  -28.676  -79.939  34.225 0.2000000030
6313  -21.673  -72.119  38.812 0.1000000015
3727  -26.741  -77.402  38.124 0.1000000015
2276  -30.354  -80.684  34.007 0.1000000015
123224  -30.253  -81.407  33.012 0.2000000030
2662  -23.244  -80.571  30.973 0.2000000030
2317  -30.691  -80.993  31.663 0.2000000030
2308  -30.528  -81.306  32.269 0.2000000030
2681  -22.053  -80.676  29.941 0.2000000030
3400  -24.801  -78.936  31.258 0.2000000030
2649  -24.764  -79.958  31.534 0.2000000030
3004  -25.857  -78.906  32.069 0.2000000030
3018  -26.185  -79.228  32.145 0.2000000030
2652  -27.878  -79.550  31.851 0.2000000030
3020  -29.652  -79.934  31.082 0.2000000030
2668  -30.208  -80.661  30.884 0.2000000030
136468  -21.299  -81.049  28.586 0.2000000030
129934  -25.471  -78.578  31.342 0.2000000030
3402  -26.139  -78.443  31.771 0.2000000030
3019  -27.057  -79.057  32.266 0.2000000030
2653  -28.814  -79.238  31.764 0.2000000030
2698  -21.654  -80.956  26.634 0.2000000030
3414  -26.098  -78.138  31.004 0.2000000030
3800  -27.813  -77.629  31.534 0.2000000030
2708  -21.562  -80.681  25.728 0.3000000119
2717  -21.650  -80.224  25.178 0.3000000119
2731  -22.623  -80.548  24.753 0.2000000030
3478  -21.981  -79.136  24.993 0.3000000119
3097  -22.341  -79.754  24.608 0.2000000030
3466  -22.888  -78.572  25.334 0.2000000030
121104  -24.835  -77.854  26.354 0.1000000015
124201  -22.678  -77.560  27.301 0.2000000030
8913  -7.516  -65.866  57.329 0.2000000030
8920  -7.262  -66.554  56.767 0.3000000119
8436  -7.602  -67.155  55.775 0.3000000119
7963  -6.874  -67.815  55.595 0.3000000119
7531  -6.596  -68.639  54.162 0.3000000119
4865  -25.058  -74.966  48.451 0.1000000015
4457  -26.565  -75.501  49.775 0.1000000015
4843  -27.047  -74.925  50.995 0.1000000015
5307  -23.880  -73.563  47.535 0.1000000015
4866  -25.965  -74.729  48.810 0.1000000015
135646  -23.624  -72.530  47.296 0.1000000015
5308  -24.956  -73.265  47.971 0.1000000015
6217  -22.631  -71.447  46.632 0.1000000015
6652  -22.271  -70.699  46.363 0.1000000015
6218  -23.649  -71.511  47.035 0.1000000015
6665  -21.569  -70.288  46.012 0.1000000015
7137  -22.720  -69.550  45.289 0.1000000015
7143  -21.041  -69.327  44.850 0.1000000015
6713  -20.552  -69.946  42.154 0.1000000015
6733  -21.037  -70.008  40.525 0.1000000015
3339  -29.135  -78.338  37.176 0.1000000015
3353  -28.792  -78.384  35.985 0.1000000015
2960  -28.307  -78.687  35.322 0.2000000030
2975  -28.934  -79.090  34.801 0.2000000030
6768  -21.728  -71.318  39.030 0.1000000015
128124  -23.509  -75.129  37.166 0.1000000015
4139  -25.878  -76.571  37.520 0.1000000015
2614  -30.617  -80.136  34.563 0.2000000030
3728  -27.782  -77.076  38.484 0.1000000015
4126  -28.675  -76.966  38.563 0.1000000015
2616  -31.654  -80.049  34.274 0.2000000030
2654  -31.105  -80.416  31.630 0.2000000030
2627  -31.260  -80.488  33.643 0.2000000030
129305  -23.332  -80.054  30.866 0.3000000119
3034  -29.930  -80.514  30.738 0.2000000030
124957  -21.000  -81.012  27.579 0.2000000030
130920  -21.917  -80.818  27.958 0.2000000030
3059  -23.237  -79.863  29.128 0.1000000015
3032  -22.741  -80.111  30.194 0.3000000119
138021  -24.385  -79.071  30.579 0.2000000030
3431  -25.269  -78.575  30.545 0.2000000030
120410  -28.050  -77.951  31.969 0.2000000030
125082  -22.314  -80.997  25.789 0.2000000030
2699  -22.576  -80.873  26.772 0.2000000030
2700  -23.552  -80.639  26.878 0.1000000015
3070  -23.871  -79.910  27.996 0.1000000015
3071  -24.798  -79.541  28.188 0.1000000015
3442  -25.692  -78.665  29.389 0.1000000015
3432  -26.269  -78.275  29.946 0.2000000030
3415  -26.939  -77.744  30.584 0.2000000030
3814  -27.577  -77.411  31.036 0.2000000030
2720  -23.687  -81.120  25.053 0.1000000015
2710  -24.133  -80.962  25.960 0.1000000015
2701  -24.557  -80.271  27.060 0.1000000015
127479  -25.654  -79.893  27.254 0.1000000015
3443  -26.554  -78.701  28.715 0.1000000015
3444  -27.593  -78.493  28.534 0.2000000030
3434  -28.097  -77.653  29.267 0.2000000030
2732  -23.330  -80.770  24.577 0.1000000015
2733  -24.841  -80.454  24.269 0.1000000015
2734  -25.739  -80.462  24.245 0.1000000015
141372  -26.754  -80.609  25.330 0.1000000015
3084  -27.114  -80.420  26.135 0.1000000015
3073  -27.701  -79.844  27.004 0.2000000030
139481  -27.179  -79.239  27.784 0.2000000030
3445  -28.461  -78.156  28.344 0.2000000030
3497  -25.190  -79.398  24.037 0.1000000015
3126  -25.759  -79.550  23.776 0.1000000015
2723  -27.458  -80.390  25.439 0.1000000015
3085  -28.984  -79.523  26.179 0.1000000015
3074  -28.516  -79.510  26.958 0.2000000030
3457  -29.528  -78.237  27.264 0.2000000030
3888  -25.476  -78.018  25.467 0.1000000015
3481  -24.748  -78.812  24.555 0.2000000030
3117  -29.182  -79.325  24.248 0.1000000015
3099  -29.115  -79.487  25.197 0.1000000015
3482  -29.727  -78.942  25.694 0.1000000015
3876  -26.362  -77.264  25.912 0.1000000015
3509  -29.897  -78.866  23.951 0.1000000015
3499  -29.862  -78.981  24.857 0.1000000015
8427  -8.198  -66.472  55.863 0.3000000119
8437  -8.134  -66.802  54.957 0.3000000119
7964  -7.592  -67.502  55.030 0.3000000119
4855  -27.297  -75.026  49.846 0.1000000015
4867  -26.879  -74.858  49.279 0.1000000015
5787  -24.503  -72.279  47.523 0.1000000015
5309  -25.953  -73.397  48.159 0.1000000015
5300  -26.547  -74.179  48.665 0.1000000015
4868  -27.656  -74.321  49.327 0.1000000015
6653  -23.085  -70.654  46.525 0.1000000015
7144  -21.960  -69.173  44.634 0.1000000015
7152  -21.344  -69.082  43.939 0.1000000015
7180  -21.019  -69.323  42.403 0.1000000015
6714  -20.971  -69.539  41.466 0.1000000015
136366  -21.248  -70.448  39.855 0.1000000015
6314  -22.292  -71.720  38.516 0.1000000015
3713  -29.103  -77.458  38.649 0.1000000015
119663  -29.993  -77.451  38.129 0.1000000015
3354  -29.661  -78.177  36.388 0.1000000015
132265  -24.132  -73.867  37.430 0.1000000015
2976  -30.071  -79.321  35.035 0.2000000030
2977  -31.739  -79.584  34.955 0.2000000030
2991  -32.198  -79.364  33.597 0.2000000030
2669  -30.826  -80.135  31.119 0.2000000030
2639  -31.430  -80.408  32.673 0.2000000030
2640  -31.941  -79.742  32.698 0.2000000030
3802  -29.702  -77.644  31.405 0.2000000030
3035  -30.578  -79.891  31.037 0.2000000030
3815  -28.491  -77.007  30.913 0.2000000030
3801  -28.672  -77.443  31.495 0.2000000030
3831  -27.832  -77.398  30.276 0.2000000030
3833  -29.441  -76.610  29.555 0.2000000030
3127  -26.470  -79.380  23.360 0.1000000015
2745  -26.639  -79.778  23.639 0.1000000015
142979  -26.921  -80.118  24.110 0.1000000015
3864  -29.262  -77.666  28.069 0.2000000030
3847  -28.926  -77.129  28.975 0.2000000030
3903  -25.608  -78.535  24.263 0.1000000015
3912  -26.595  -78.263  23.061 0.1000000015
3137  -26.945  -78.818  22.779 0.1000000015
3138  -27.564  -78.852  22.418 0.1000000015
129206  -27.534  -79.809  23.709 0.1000000015
3115  -27.568  -80.171  24.647 0.1000000015
3468  -29.644  -78.690  26.491 0.2000000030
3469  -30.297  -78.164  26.068 0.1000000015
3877  -30.195  -77.745  26.875 0.1000000015
129045  -27.330  -76.721  24.615 0.1000000015
4316  -26.784  -77.358  24.494 0.1000000015
3139  -28.425  -79.114  22.705 0.1000000015
3129  -28.434  -79.495  23.541 0.1000000015
3483  -30.385  -78.378  25.282 0.1000000015
119886  -26.957  -76.657  26.087 0.1000000015
132681  -29.899  -78.816  23.182 0.1000000015
3510  -30.551  -78.384  23.504 0.1000000015
3875  -25.728  -77.364  26.585 0.1000000015
119149  -24.062  -77.664  26.935 0.1000000015
5301  -27.603  -74.131  48.772 0.1000000015
5788  -25.496  -72.597  47.664 0.1000000015
5310  -27.093  -73.691  48.161 0.1000000015
6219  -24.737  -71.335  46.993 0.1000000015
6667  -23.461  -70.049  45.892 0.1000000015
7153  -22.152  -69.006  43.683 0.1000000015
7194  -21.597  -69.044  40.817 0.1000000015
6751  -21.716  -70.463  39.353 0.1000000015
4551  -25.493  -75.595  37.338 0.1000000015
2961  -29.280  -78.545  35.490 0.2000000030
129264  -24.441  -75.396  37.156 0.1000000015
128426  -26.539  -75.741  37.609 0.1000000015
4140  -27.109  -76.484  37.958 0.1000000015
135584  -29.591  -76.563  38.216 0.1000000015
3340  -30.047  -77.863  37.477 0.1000000015
2950  -31.290  -78.331  36.508 0.2000000030
2600  -31.116  -79.615  35.130 0.2000000030
3367  -32.396  -79.010  35.498 0.2000000030
2978  -32.176  -79.439  34.550 0.2000000030
3036  -31.177  -79.193  31.252 0.2000000030
3023  -31.423  -79.637  31.420 0.2000000030
3024  -31.961  -79.349  31.857 0.2000000030
3021  -30.394  -79.565  31.072 0.2000000030
3816  -29.456  -76.878  30.950 0.2000000030
4222  -29.452  -76.635  30.266 0.2000000030
134837  -27.678  -77.657  21.631 0.1000000015
141203  -27.771  -78.255  21.894 0.1000000015
3530  -28.193  -77.981  21.351 0.1000000015
3849  -30.606  -76.448  28.136 0.2000000030
4282  -31.549  -76.512  27.092 0.1000000015
4317  -27.579  -76.525  23.710 0.1000000015
3520  -28.325  -78.605  21.949 0.1000000015
3947  -29.579  -77.356  20.534 0.1000000015
4353  -30.505  -77.239  20.764 0.1000000015
3891  -31.619  -77.069  25.298 0.1000000015
4301  -32.550  -76.510  25.906 0.1000000015
3532  -30.036  -78.196  22.048 0.1000000015
3938  -30.908  -77.652  21.753 0.1000000015
3500  -30.481  -78.416  24.462 0.1000000015
4318  -32.893  -76.248  24.460 0.1000000015
3914  -30.781  -78.087  22.663 0.1000000015
3863  -25.032  -77.232  27.373 0.1000000015
4280  -26.532  -76.710  26.797 0.1000000015
5801  -26.003  -72.320  47.060 0.1000000015
6220  -25.584  -71.662  46.571 0.1000000015
5802  -26.806  -73.038  46.767 0.1000000015
6679  -23.699  -69.840  44.842 0.1000000015
129581  -21.620  -68.998  42.893 0.1000000015
126276  -25.795  -74.244  37.319 0.1000000015
3329  -30.594  -77.223  37.481 0.1000000015
3343  -32.819  -78.196  36.519 0.2000000030
2963  -32.514  -78.635  36.191 0.2000000030
3357  -33.451  -78.202  35.638 0.2000000030
3368  -33.065  -78.252  34.686 0.2000000030
3787  -32.356  -78.226  32.691 0.2000000030
3382  -32.446  -78.677  33.647 0.2000000030
3774  -33.475  -77.421  34.349 0.1000000015
3022  -31.059  -78.779  31.099 0.2000000030
3407  -32.355  -78.150  31.080 0.2000000030
3406  -32.267  -78.670  31.752 0.2000000030
3803  -30.749  -77.818  30.983 0.2000000030
3818  -31.926  -77.412  30.239 0.1000000015
3417  -32.173  -78.024  30.762 0.2000000030
4223  -30.342  -76.594  30.249 0.1000000015
4251  -30.812  -76.231  28.777 0.1000000015
3946  -28.824  -76.954  20.298 0.1000000015
139640  -31.031  -75.371  19.603 0.1000000015
4265  -31.292  -76.292  27.978 0.1000000015
4267  -33.022  -76.546  27.644 0.1000000015
4364  -29.866  -76.698  20.001 0.1000000015
4760  -31.489  -75.726  19.998 0.1000000015
4748  -31.898  -76.020  20.751 0.1000000015
4354  -31.470  -76.853  21.198 0.1000000015
4355  -32.218  -76.199  21.675 0.1000000015
4342  -32.471  -76.200  22.698 0.1000000015
4331  -32.548  -76.285  23.573 0.1000000015
4319  -33.767  -75.899  24.590 0.1000000015
3925  -31.799  -77.025  22.148 0.1000000015
3915  -31.232  -77.764  23.330 0.1000000015
124404  -31.563  -77.370  23.869 0.1000000015
9467  -9.250  -64.030  55.126 0.2000000030
6668  -24.444  -70.392  45.425 0.1000000015
6230  -25.845  -71.776  45.522 0.1000000015
6680  -24.469  -70.513  44.202 0.1000000015
7145  -22.901  -69.388  44.264 0.1000000015
7154  -22.994  -69.428  43.335 0.1000000015
4144  -30.662  -76.701  37.349 0.2000000030
4145  -31.520  -76.930  36.795 0.2000000030
3344  -33.427  -78.012  36.298 0.2000000030
4562  -30.341  -76.151  37.047 0.2000000030
4154  -33.321  -77.071  36.439 0.2000000030
3752  -34.254  -77.100  35.819 0.1000000015
4573  -31.755  -76.123  35.926 0.2000000030
4184  -32.875  -76.820  33.525 0.1000000015
3805  -32.669  -77.712  30.957 0.1000000015
3817  -31.039  -77.195  30.489 0.1000000015
4238  -32.049  -76.826  29.460 0.2000000030
4252  -31.783  -76.432  28.643 0.1000000015
4761  -32.150  -75.133  20.435 0.1000000015
5142  -32.774  -74.431  20.962 0.1000000015
4749  -32.503  -75.295  21.289 0.1000000015
4750  -33.146  -74.580  21.851 0.1000000015
4740  -33.572  -74.811  22.638 0.1000000015
4343  -33.134  -75.482  22.980 0.1000000015
123685  -32.517  -77.038  36.577 0.2000000030
4574  -33.737  -76.042  35.883 0.2000000030
5133  -34.010  -74.096  22.354 0.1000000015
9005  -9.724  -65.198  48.419 0.6000000238
9543  -9.171  -64.318  49.512 0.5000000000
13446  -13.966  -57.503  53.554 0.1000000015
13447  -14.752  -57.662  53.486 0.1000000015
13448  -15.614  -57.767  53.380 0.1000000015
9003  -7.339  -65.599  48.427 0.6000000238
9019  -6.494  -65.991  48.039 0.6999999881
133735  -9.823  -57.960  52.790 0.2000000030
13461  -11.544  -57.786  52.777 0.1000000015
13462  -12.424  -57.762  52.703 0.1000000015
12778  -9.669  -58.697  51.995 0.2000000030
134400  -10.380  -58.369  52.343 0.1000000015
13478  -11.131  -58.455  52.258 0.2000000030
13479  -12.023  -58.530  52.154 0.1000000015
13463  -13.223  -57.766  52.617 0.1000000015
137981  -13.873  -57.849  52.578 0.1000000015
13464  -14.283  -57.678  52.945 0.1000000015
10721  -18.553  -62.384  31.691 0.4000000060
12804  -6.492  -58.890  50.834 0.4000000060
13477  -8.811  -58.626  51.955 0.2000000030
127171  -16.531  -57.784  53.178 0.1000000015
12221  -7.969  -59.521  49.906 0.3000000119
12806  -8.490  -59.343  50.588 0.3000000119
12807  -10.074  -59.428  51.017 0.2000000030
12789  -10.630  -59.041  51.712 0.2000000030
12790  -11.538  -59.170  51.532 0.2000000030
12791  -12.479  -59.189  51.304 0.2000000030
13480  -12.912  -58.526  52.022 0.1000000015
13481  -13.731  -58.432  51.939 0.1000000015
13482  -14.551  -58.240  52.077 0.1000000015
13466  -15.932  -57.982  52.610 0.1000000015
12222  -9.515  -59.665  50.145 0.3000000119
12808  -11.002  -59.535  50.796 0.3000000119
12809  -11.897  -59.499  50.547 0.3000000119
13483  -15.457  -58.240  51.981 0.1000000015
12810  -12.891  -59.433  50.170 0.3000000119
12792  -13.398  -59.078  51.118 0.1000000015
11243  -18.979  -60.884  33.556 0.4000000060
11256  -19.089  -61.050  32.659 0.4000000060
124993  -19.273  -60.437  32.085 0.4000000060
141537  -19.075  -61.136  31.901 0.4000000060
10734  -18.489  -62.085  30.808 0.4000000060
12233  -5.419  -60.086  49.608 0.4000000060
11657  -5.986  -60.425  48.840 0.4000000060
11658  -7.051  -60.250  48.612 0.4000000060
12235  -7.540  -59.845  49.237 0.3000000119
129033  -8.564  -60.007  49.182 0.3000000119
138239  -16.178  -58.165  51.873 0.1000000015
12236  -9.059  -60.146  48.499 0.3000000119
133282  -9.338  -59.913  49.175 0.3000000119
12223  -10.512  -59.722  49.976 0.3000000119
12224  -12.080  -59.458  49.482 0.3000000119
12793  -14.263  -58.859  51.070 0.1000000015
12794  -15.127  -58.693  51.119 0.1000000015
12795  -15.932  -58.430  51.127 0.1000000015
12255  -9.428  -59.756  47.955 0.3000000119
12244  -9.653  -59.814  48.504 0.3000000119
12237  -10.102  -59.744  49.193 0.4000000060
12238  -10.880  -59.582  49.076 0.4000000060
12239  -11.333  -59.622  49.763 0.3000000119
119931  -12.754  -59.127  48.946 0.3000000119
12811  -13.845  -59.258  50.168 0.3000000119
141594  -11.509  -59.402  48.983 0.3000000119
12822  -11.940  -58.924  48.693 0.3000000119
126872  -13.432  -59.216  49.467 0.3000000119
12978  -20.300  -57.981  34.884 0.3000000119
12400  -19.899  -58.935  33.918 0.4000000060
12414  -19.723  -59.479  33.299 0.4000000060
11662  -5.831  -61.048  48.523 0.4000000060
11085  -6.837  -62.084  47.035 0.4000000060
11081  -6.334  -61.536  47.917 0.4000000060
11663  -6.704  -60.835  48.131 0.4000000060
11086  -7.577  -61.763  46.340 0.4000000060
11664  -7.863  -60.487  47.847 0.4000000060
11659  -8.227  -60.229  48.515 0.4000000060
11674  -7.949  -61.048  45.669 0.4000000060
11668  -8.273  -60.326  47.294 0.4000000060
11665  -8.766  -60.254  47.938 0.3000000119
12812  -14.763  -59.020  50.011 0.3000000119
12254  -8.387  -60.069  46.949 0.5000000000
11669  -8.961  -60.114  47.641 0.4000000060
12833  -11.574  -58.224  48.580 0.3000000119
12823  -14.062  -58.932  49.258 0.3000000119
12842  -8.883  -59.479  47.569 0.4000000060
12832  -9.876  -59.186  48.272 0.4000000060
122286  -10.394  -58.575  48.448 0.4000000060
12821  -11.127  -58.940  48.623 0.3000000119
13528  -9.669  -58.071  48.336 0.4000000060
13508  -10.903  -57.894  48.559 0.3000000119
13507  -10.145  -57.404  48.539 0.3000000119
13675  -20.399  -57.432  34.344 0.3000000119
13003  -20.013  -58.503  33.266 0.4000000060
13034  -19.434  -58.822  31.822 0.3000000119
128312  -18.917  -57.993  30.981 0.2000000030
12440  -19.180  -59.747  31.574 0.3000000119
125762  -18.504  -60.095  30.492 0.3000000119
14149  -13.302  -57.444  48.769 0.3000000119
127877  -14.702  -58.540  48.934 0.3000000119
12824  -15.261  -58.651  49.430 0.3000000119
138088  -11.964  -56.492  48.854 0.3000000119
136673  -12.710  -56.717  48.910 0.3000000119
12813  -15.592  -58.720  50.198 0.1000000015
129606  -10.671  -56.747  48.724 0.3000000119
13509  -12.393  -57.854  48.635 0.3000000119
13510  -13.340  -58.493  48.842 0.3000000119
13511  -14.012  -58.045  48.694 0.3000000119
13543  -8.419  -58.306  47.843 0.5000000000
12831  -9.288  -58.773  47.980 0.4000000060
14165  -9.371  -56.950  48.550 0.3000000119
14296  -20.460  -56.283  35.475 0.3000000119
13682  -20.238  -57.680  33.566 0.4000000060
14330  -20.047  -57.082  32.990 0.3000000119
13712  -19.459  -57.917  31.779 0.2000000030
12460  -18.247  -59.256  30.315 0.2000000030
127606  -17.867  -60.024  29.832 0.3000000119
14150  -13.997  -57.025  48.777 0.3000000119
127129  -14.676  -57.623  48.647 0.3000000119
13512  -15.297  -58.184  48.761 0.3000000119
128412  -13.327  -56.332  49.061 0.3000000119
14715  -11.530  -55.581  49.160 0.4000000060
129544  -11.208  -56.279  48.882 0.4000000060
15930  -3.163  -52.454  44.298 0.4000000060
14853  -20.154  -55.732  36.963 0.3000000119
14892  -20.230  -55.980  34.009 0.3000000119
14316  -20.319  -56.844  33.777 0.3000000119
14891  -19.700  -55.366  33.446 0.3000000119
13711  -18.353  -57.177  30.823 0.2000000030
13048  -15.777  -58.111  29.720 0.2000000030
13710  -17.427  -56.966  30.665 0.2000000030
13727  -16.971  -57.611  30.253 0.2000000030
132752  -13.941  -56.084  49.114 0.4000000060
15901  -17.835  -53.963  47.183 0.3000000119
15308  -18.903  -54.385  45.979 0.3000000119
15318  -19.578  -54.347  45.650 0.3000000119
16502  -16.966  -52.794  47.975 0.4000000060
16503  -17.659  -53.015  47.311 0.4000000060
15915  -18.687  -53.512  46.039 0.3000000119
15924  -19.260  -53.671  45.597 0.3000000119
135549  -15.980  -51.716  48.416 0.6000000238
17162  -17.748  -52.004  47.157 0.4000000060
16530  -19.666  -52.825  45.312 0.4000000060
16531  -21.042  -52.529  45.081 0.3000000119
17172  -3.750  -51.061  45.453 0.6000000238
128819  -3.029  -53.158  43.442 0.3000000119
16667  -19.985  -52.697  35.433 0.4000000060
15395  -20.244  -54.928  35.819 0.3000000119
14879  -20.047  -55.136  34.242 0.3000000119
134381  -19.080  -56.991  31.450 0.2000000030
14328  -18.698  -56.041  31.728 0.2000000030
14340  -18.062  -56.409  31.101 0.2000000030
128893  -14.790  -57.291  29.743 0.2000000030
14382  -14.766  -56.807  28.976 0.2000000030
14953  -16.544  -55.707  28.943 0.2000000030
13709  -16.371  -56.913  30.622 0.2000000030
15292  -20.636  -54.883  48.148 0.2000000030
14765  -19.320  -55.784  46.625 0.3000000119
14766  -19.934  -55.601  46.452 0.2000000030
15299  -20.719  -55.056  47.058 0.2000000030
15900  -17.228  -53.734  47.727 0.3000000119
15307  -18.299  -54.601  46.700 0.4000000060
15310  -20.411  -55.023  46.156 0.2000000030
15902  -21.007  -54.191  47.663 0.2000000030
15892  -16.518  -53.518  48.262 0.4000000060
15319  -20.048  -54.525  45.662 0.2000000030
16493  -14.555  -52.366  48.740 0.5000000000
16495  -16.249  -52.610  48.381 0.5000000000
125738  -20.485  -53.199  45.249 0.2000000030
15927  -21.162  -53.139  45.511 0.2000000030
16532  -21.688  -52.530  45.243 0.2000000030
15394  -19.920  -54.169  35.348 0.4000000060
15405  -19.762  -54.395  34.496 0.3000000119
16030  -19.801  -53.334  34.946 0.4000000060
14889  -17.989  -54.577  32.405 0.3000000119
14913  -16.810  -55.441  31.607 0.2000000030
14352  -14.400  -56.631  29.923 0.2000000030
14937  -15.113  -55.501  29.334 0.2000000030
14339  -16.863  -56.119  31.059 0.2000000030
14740  -19.921  -56.193  47.950 0.2000000030
14197  -18.599  -55.871  46.961 0.2000000030
15297  -16.781  -54.461  48.055 0.3000000119
14764  -18.210  -55.270  46.897 0.3000000119
15891  -15.747  -53.361  48.613 0.5000000000
15903  -21.435  -53.445  47.206 0.2000000030
15917  -21.355  -53.566  46.146 0.2000000030
17186  -22.100  -52.067  45.024 0.2000000030
16518  -22.160  -52.223  45.564 0.2000000030
17846  -23.100  -50.811  45.207 0.3000000119
19951  -26.051  -46.971  44.024 0.6000000238
19950  -25.480  -47.408  44.460 0.6000000238
19966  -26.245  -46.897  43.274 0.6000000238
16666  -19.479  -52.146  34.695 0.4000000060
15404  -19.221  -53.865  33.909 0.3000000119
16677  -18.630  -52.518  34.197 0.4000000060
14890  -18.881  -54.731  32.883 0.3000000119
14901  -17.367  -54.933  31.951 0.2000000030
15471  -14.418  -55.145  29.820 0.2000000030
15473  -16.241  -54.581  29.621 0.2000000030
14899  -15.116  -55.321  31.883 0.2000000030
14911  -14.950  -55.954  31.385 0.2000000030
14939  -16.824  -55.126  29.332 0.2000000030
16517  -21.766  -52.856  45.994 0.2000000030
17150  -22.018  -51.938  47.546 0.2000000030
17187  -22.525  -51.591  45.218 0.3000000119
136093  -23.015  -50.523  46.094 0.3000000119
18515  -23.437  -49.199  46.348 0.3000000119
20657  -26.299  -46.279  43.931 0.6000000238
21426  -26.360  -45.513  43.670 0.5000000000
20669  -26.453  -46.113  43.318 0.5000000000
130706  -26.525  -45.539  42.899 0.5000000000
135627  -26.580  -44.964  42.449 0.5000000000
142364  -18.837  -50.736  34.580 0.4000000060
16043  -17.991  -52.751  33.811 0.3000000119
17343  -17.172  -51.862  34.272 0.4000000060
17330  -17.776  -51.459  34.450 0.4000000060
127053  -17.334  -53.600  33.188 0.3000000119
16096  -15.640  -54.039  30.066 0.2000000030
15431  -17.073  -54.291  32.567 0.3000000119
131274  -13.742  -55.150  30.333 0.2000000030
15452  -14.716  -54.274  30.027 0.2000000030
15429  -15.287  -54.651  32.399 0.2000000030
15438  -13.620  -55.104  31.143 0.2000000030
139837  -22.157  -51.035  47.985 0.2000000030
17813  -22.491  -50.395  47.417 0.3000000119
17151  -22.428  -51.299  46.911 0.2000000030
17164  -22.190  -52.196  46.499 0.2000000030
19196  -22.655  -48.374  47.300 0.1000000015
18514  -22.961  -49.906  46.767 0.2000000030
124252  -22.755  -50.650  46.682 0.2000000030
19913  -22.840  -47.694  47.002 0.1000000015
19919  -23.510  -47.659  46.441 0.1000000015
20638  -23.078  -46.913  46.697 0.1000000015
19920  -24.060  -47.579  45.942 0.2000000030
20640  -23.432  -46.159  46.304 0.1000000015
21402  -23.210  -45.342  46.509 0.2000000030
20643  -24.489  -47.019  45.557 0.2000000030
21412  -25.928  -45.564  44.337 0.5000000000
17976  -19.677  -50.613  34.882 0.4000000060
16693  -16.314  -52.566  33.713 0.3000000119
16675  -16.665  -52.187  33.972 0.3000000119
15417  -16.474  -53.744  32.996 0.3000000119
15430  -16.121  -54.330  32.568 0.2000000030
16095  -14.102  -53.863  30.354 0.2000000030
15428  -14.130  -54.831  31.974 0.2000000030
16741  -14.034  -53.061  30.586 0.2000000030
18491  -22.171  -49.067  48.222 0.1000000015
17800  -22.082  -50.020  48.339 0.1000000015
19182  -22.221  -48.353  47.929 0.1000000015
18506  -22.511  -49.544  47.592 0.1000000015
143172  -22.483  -48.882  47.627 0.1000000015
20634  -22.348  -46.988  47.478 0.1000000015
19197  -23.226  -48.402  46.707 0.1000000015
126570  -18.585  -48.803  37.642 0.5000000000
124170  -20.033  -49.912  35.806 0.4000000060
17973  -16.748  -50.499  34.486 0.4000000060
17975  -18.697  -50.119  34.499 0.4000000060
16674  -15.747  -52.114  33.936 0.3000000119
17342  -16.175  -51.594  34.252 0.3000000119
130079  -16.226  -50.949  34.454 0.4000000060
16040  -15.006  -53.397  33.136 0.2000000030
15415  -14.588  -54.097  32.603 0.2000000030
133637  -13.007  -53.482  31.609 0.2000000030
16723  -13.391  -52.470  30.985 0.2000000030
16074  -13.178  -53.587  31.005 0.2000000030
19907  -21.701  -47.423  49.005 0.1000000015
19908  -21.996  -47.618  48.167 0.1000000015
20633  -21.714  -46.737  48.362 0.1000000015
135028  -18.555  -48.010  37.501 0.5000000000
18673  -19.175  -49.189  37.374 0.5000000000
18688  -20.068  -49.178  35.664 0.5000000000
132674  -19.030  -49.417  34.380 0.4000000060
18701  -17.886  -49.472  34.247 0.4000000060
18700  -16.760  -49.345  34.289 0.4000000060
17327  -14.435  -51.019  34.615 0.3000000119
17972  -15.827  -50.405  34.536 0.4000000060
16672  -13.561  -52.230  33.663 0.3000000119
16039  -13.960  -53.458  32.799 0.2000000030
16706  -12.603  -52.740  31.910 0.2000000030
16724  -14.162  -52.336  30.948 0.2000000030
19181  -21.915  -48.350  48.793 0.1000000015
20054  -19.249  -47.741  37.075 0.5000000000
19380  -19.849  -48.370  36.474 0.5000000000
19405  -19.811  -48.986  34.630 0.4000000060
19404  -18.363  -48.972  34.047 0.4000000060
17971  -13.934  -50.414  34.628 0.3000000119
18699  -15.766  -49.201  34.357 0.4000000060
17340  -13.824  -51.557  34.269 0.3000000119
17339  -12.721  -51.667  33.774 0.3000000119
16689  -12.148  -52.141  32.433 0.2000000030
17364  -12.092  -51.307  32.055 0.2000000030
17365  -13.107  -50.902  32.125 0.2000000030
21523  -19.128  -46.110  36.478 0.5000000000
20055  -19.731  -47.546  36.560 0.5000000000
19389  -20.256  -48.580  35.499 0.5000000000
17970  -12.257  -49.956  34.244 0.3000000119
130894  -11.733  -50.147  33.659 0.3000000119
18001  -11.823  -50.644  32.711 0.3000000119
129579  -21.198  -37.586  43.454 0.4000000060
25545  -21.346  -39.625  44.099 0.2000000030
20067  -20.649  -47.299  35.573 0.4000000060
20095  -19.585  -47.977  33.476 0.4000000060
19418  -16.594  -47.953  33.642 0.4000000060
20078  -21.073  -47.513  34.784 0.4000000060
20096  -20.714  -47.789  33.760 0.4000000060
27054  -20.475  -37.955  43.457 0.3000000119
21532  -19.867  -45.952  35.924 0.4000000060
139371  -19.903  -45.274  35.586 0.3000000119
20109  -18.979  -47.444  32.772 0.4000000060
20774  -21.365  -46.689  34.633 0.3000000119
18717  -11.879  -49.628  32.792 0.3000000119
27053  -19.399  -38.300  42.924 0.2000000030
27812  -20.814  -37.012  43.372 0.3000000119
27820  -20.360  -36.290  43.117 0.3000000119
20797  -21.394  -47.000  32.616 0.3000000119
20110  -20.049  -47.550  32.854 0.4000000060
143323  -20.661  -44.459  34.442 0.3000000119
20786  -21.849  -46.800  33.069 0.3000000119
22240  -21.218  -45.124  34.369 0.3000000119
21548  -22.481  -45.566  32.789 0.3000000119
28597  -19.956  -35.545  42.690 0.2000000030
29377  -20.206  -34.197  41.623 0.5000000000
29378  -21.071  -34.471  41.439 0.5000000000
30115  -19.849  -33.531  41.057 0.4000000060
29385  -21.432  -34.408  40.515 0.5000000000
22894  -19.269  -43.729  35.114 0.3000000119
29376  -19.300  -34.076  41.772 0.4000000060
132333  -19.038  -33.536  41.364 0.3000000119
140676  -20.270  -33.484  40.474 0.3000000119
119918  -20.557  -33.548  39.943 0.3000000119
30133  -20.351  -33.096  39.194 0.3000000119
30128  -19.212  -33.020  40.822 0.2000000030
30129  -19.912  -33.075  40.174 0.3000000119
30872  -18.893  -32.144  39.792 0.2000000030
30873  -19.588  -32.569  39.453 0.3000000119
30878  -19.191  -31.977  38.952 0.2000000030
30879  -19.900  -32.438  38.626 0.3000000119
30864  -19.257  -32.623  40.193 0.2000000030
31643  -19.484  -31.751  38.200 0.3000000119
32459  -19.107  -30.074  36.861 0.4000000060
32460  -20.103  -30.330  36.484 0.5000000000
33321  -19.720  -29.664  36.171 0.5000000000
32469  -20.695  -29.951  35.534 0.5000000000
19400  -13.987  -48.324  34.237 0.3000000119
19419  -17.850  -48.330  33.642 0.4000000060
19387  -13.596  -49.089  34.400 0.3000000119
19414  -11.930  -48.863  33.649 0.3000000119
18711  -11.624  -49.411  33.425 0.3000000119
136054  -23.799  -77.952  40.858 0.1000000015
2346  -16.508  -81.958  29.999 0.4000000060
11082  -7.458  -61.101  47.149 0.4000000060
12852  -7.545  -59.491  46.616 0.5000000000
13527  -8.783  -57.489  48.344 0.4000000060
12458  -15.593  -58.772  29.240 0.2000000030
12459  -16.318  -58.901  29.473 0.2000000030
17823  -23.347  -50.018  45.787 0.3000000119
131745  -19.883  -56.992  36.474 0.3000000119
133766  -23.788  -46.944  46.117 0.2000000030
16011  -19.874  -53.560  36.893 0.4000000060
20752  -19.164  -46.966  36.792 0.5000000000
21531  -19.070  -45.187  35.951 0.3000000119
22235  -19.590  -44.558  35.401 0.3000000119
348  -12.467  -86.805  47.388 0.5000000000
2122  -18.725  -80.813  48.701 0.4000000060
2817  -18.858  -79.745  50.526 0.4000000060
2537  -28.119  -80.691  42.920 0.5000000000
2887  -26.206  -79.042  43.549 0.4000000060
763  -24.450  -85.601  29.994 0.3000000119
1043  -24.542  -85.011  27.011 0.4000000060
4421  -9.819  -75.563  52.474 0.5000000000
142187  -9.100  -76.263  52.490 0.5000000000
2001  -16.593  -82.151  27.615 0.4000000060
16544  -21.623  -51.997  44.847 0.2000000030
31659  -20.394  -31.025  36.798 0.4000000060
32452  -19.477  -30.748  37.198 0.4000000060
16516  -18.265  -52.821  46.585 0.4000000060
133141  -18.372  -51.905  46.476 0.4000000060
29391  -21.061  -34.006  39.992 0.4000000060
2820  -13.581  -79.214  47.816 0.5000000000
2815  -12.720  -79.722  49.675 0.4000000060
5261  -10.371  -72.838  51.486 0.5000000000
3221  -12.975  -78.923  50.247 0.4000000060
29356  -19.616  -34.793  42.234 0.3000000119
3630  -18.877  -77.166  49.999 0.4000000060
4043  -17.190  -75.870  49.611 0.3000000119
2505  -18.555  -80.204  46.856 0.3000000119
2865  -18.381  -79.155  44.549 0.4000000060
4451  -17.554  -75.315  49.239 0.2000000030
2784  -8.846  -79.404  55.925 0.4000000060
2411  -10.867  -80.547  55.849 0.3000000119
2408  -12.815  -80.433  56.177 0.3000000119
143069  -14.027  -79.926  57.062 0.3000000119
125289  -18.659  -74.435  47.675 0.2000000030
4487  -19.134  -76.047  45.231 0.3000000119
921  -27.615  -83.776  38.259 0.6000000238
936  -26.050  -84.797  37.285 0.5000000000
3563  -10.389  -77.700  56.732 0.5000000000
3210  -13.288  -79.084  52.067 0.4000000060
3597  -14.769  -77.545  53.294 0.3000000119
3993  -15.989  -76.809  54.414 0.2000000030
5305  -19.198  -73.295  47.535 0.2000000030
1533  -29.037  -83.364  39.808 0.6000000238
2182  -27.074  -81.120  41.606 0.4000000060
120716  -14.467  -75.671  50.569 0.2000000030
4423  -15.201  -75.841  52.275 0.2000000030
3269  -25.256  -78.613  43.242 0.3000000119
2197  -28.424  -81.764  41.000 0.4000000060
129614  -24.130  -80.015  39.541 0.1000000015
2554  -24.821  -80.691  39.886 0.1000000015
998  -24.362  -85.003  32.162 0.4000000060
4814  -10.960  -74.637  52.802 0.5000000000
4815  -11.685  -74.309  53.180 0.4000000060
4827  -11.387  -73.743  52.523 0.5000000000
4417  -20.156  -75.579  53.206 0.2000000030
5263  -16.798  -73.170  50.908 0.2000000030
133213  -19.186  -74.422  52.949 0.2000000030
5714  -13.052  -72.441  54.016 0.5000000000
6566  -5.928  -71.204  60.881 0.4000000060
4804  -14.518  -73.943  55.460 0.5000000000
124627  -14.573  -74.371  56.147 0.4000000060
1618  -27.948  -83.059  31.706 0.2000000030
1992  -23.858  -82.883  28.847 0.2000000030
6558  -8.308  -71.960  62.164 0.2000000030
6995  -8.518  -70.184  60.869 0.2000000030
3328  -28.999  -78.511  38.465 0.1000000015
2667  -28.859  -80.343  31.046 0.2000000030
2690  -22.379  -80.381  29.113 0.2000000030
3479  -22.823  -79.425  24.615 0.2000000030
3495  -23.458  -79.813  24.272 0.2000000030
3480  -23.776  -78.978  24.814 0.2000000030
142049  -24.191  -79.195  29.935 0.1000000015
2691  -22.921  -80.399  27.943 0.1000000015
2709  -23.175  -81.078  25.826 0.1000000015
3061  -25.664  -79.174  28.448 0.1000000015
3433  -27.195  -78.025  29.523 0.2000000030
122574  -24.652  -81.040  25.169 0.1000000015
2711  -25.158  -80.695  26.156 0.1000000015
2722  -26.068  -80.791  24.891 0.1000000015
3072  -26.724  -79.909  27.042 0.1000000015
3062  -26.370  -79.376  27.834 0.1000000015
3455  -28.082  -79.088  27.708 0.2000000030
3114  -24.844  -80.010  24.071 0.1000000015
2743  -25.404  -80.122  24.013 0.1000000015
129448  -28.084  -80.094  26.243 0.1000000015
3498  -25.939  -78.876  23.526 0.1000000015
3341  -30.965  -77.653  36.993 0.1000000015
2962  -30.534  -78.644  35.861 0.2000000030
128897  -30.225  -77.029  30.886 0.2000000030
3865  -30.035  -77.149  27.714 0.1000000015
3518  -27.004  -78.258  22.601 0.1000000015
3879  -31.640  -76.766  26.164 0.1000000015
3937  -29.857  -77.850  21.149 0.1000000015
3906  -31.592  -77.290  24.542 0.1000000015
3741  -31.956  -77.328  36.754 0.2000000030
4236  -30.184  -76.382  29.567 0.2000000030
3935  -28.043  -77.173  20.900 0.1000000015
3934  -27.579  -77.067  21.403 0.1000000015
3892  -32.288  -76.715  24.936 0.1000000015
4332  -33.299  -75.688  23.777 0.1000000015
4367  -29.673  -75.970  19.555 0.1000000015
123712  -9.100  -59.147  51.239 0.3000000119
12234  -6.404  -59.767  49.370 0.4000000060
12220  -6.902  -59.218  49.941 0.4000000060
138866  -8.807  -59.727  49.801 0.3000000119
13051  -17.962  -57.747  30.481 0.2000000030
14866  -20.366  -55.512  35.455 0.3000000119
14329  -19.484  -56.429  32.318 0.3000000119
13050  -17.599  -58.377  30.111 0.3000000119
13708  -15.412  -56.948  30.538 0.2000000030
124078  -18.817  -55.231  46.406 0.2000000030
15914  -18.277  -53.730  46.611 0.4000000060
16529  -18.848  -52.791  45.883 0.4000000060
15925  -19.961  -53.846  45.369 0.2000000030
138025  -14.333  -56.312  30.373 0.2000000030
14752  -19.788  -56.073  47.150 0.2000000030
15916  -21.058  -54.321  46.556 0.2000000030
129119  -19.605  -53.760  34.562 0.4000000060
138463  -22.492  -51.771  45.985 0.2000000030
18507  -22.911  -49.052  47.089 0.1000000015
19912  -22.390  -47.808  47.566 0.1000000015
16692  -15.389  -52.709  33.601 0.3000000119
138824  -14.904  -50.421  34.625 0.4000000060
17382  -13.713  -51.683  31.460 0.2000000030
19402  -16.173  -48.652  34.050 0.4000000060
17325  -12.453  -50.609  34.201 0.3000000119
18684  -14.340  -49.775  34.572 0.4000000060
19390  -20.578  -48.089  35.116 0.5000000000
19420  -19.115  -48.583  33.892 0.4000000060
20094  -18.459  -47.851  33.332 0.4000000060
20753  -19.994  -46.880  36.243 0.5000000000
140395  -20.665  -47.991  34.497 0.4000000060
20764  -20.535  -46.535  35.649 0.5000000000
20093  -17.322  -47.545  33.247 0.4000000060
20775  -21.705  -46.754  33.760 0.3000000119
27811  -19.917  -37.245  43.299 0.2000000030
21542  -21.088  -45.809  34.857 0.3000000119
21543  -21.671  -45.986  34.126 0.3000000119
29384  -20.671  -33.888  40.737 0.3000000119
907  -21.902  -85.269  39.413 0.1000000015
422  -20.753  -87.730  39.173 0.1000000015
656  -21.562  -86.727  40.778 0.1000000015
391  -21.141  -86.380  42.031 0.1000000015
634  -20.606  -86.009  43.316 0.2000000030
120503  -21.616  -85.729  41.976 0.1000000015
872  -21.015  -85.488  43.233 0.2000000030
171  -11.311  -87.302  45.079 0.2000000030
361  -11.681  -87.084  45.865 0.2000000030
142268  -12.783  -86.792  45.201 0.2000000030
355  -12.107  -86.968  46.640 0.2000000030
363  -13.385  -86.530  44.829 0.2000000030
128635  -13.200  -86.466  45.698 0.2000000030
403  -21.054  -87.111  40.710 0.1000000015
390  -20.601  -86.717  42.038 0.1000000015
169  -9.883  -87.276  45.235 0.2000000030
613  -13.935  -86.111  45.381 0.1000000015
609  -13.757  -86.109  46.263 0.3000000119
624  -14.212  -86.320  44.543 0.1000000015
610  -14.366  -85.753  46.762 0.4000000060
402  -20.401  -87.217  40.606 0.1000000015
385  -20.061  -86.425  43.310 0.1000000015
177  -10.349  -87.504  44.255 0.2000000030
132260  -9.705  -87.406  44.532 0.1000000015
48  -9.722  -87.587  43.733 0.1000000015
614  -14.477  -85.729  45.917 0.3000000119
130883  -14.740  -85.877  45.141 0.1000000015
626  -16.090  -86.232  44.428 0.1000000015
371  -16.523  -86.562  43.828 0.1000000015
847  -15.014  -85.435  47.207 0.4000000060
193  -17.127  -86.732  42.611 0.1000000015
383  -17.685  -86.526  43.309 0.1000000015
122761  -19.416  -86.566  43.210 0.1000000015
630  -19.267  -86.175  44.203 0.2000000030
59  -9.249  -88.087  42.339 0.1000000015
184  -8.413  -87.786  43.398 0.1000000015
133814  -15.200  -85.519  45.715 0.2000000030
853  -15.026  -85.445  46.388 0.4000000060
616  -16.517  -85.787  45.081 0.2000000030
861  -15.982  -85.302  45.778 0.2000000030
854  -15.715  -85.141  46.686 0.3000000119
132247  -15.703  -85.142  47.682 0.4000000060
627  -17.048  -86.293  44.506 0.1000000015
862  -16.942  -85.353  45.719 0.2000000030
618  -18.245  -85.850  45.026 0.2000000030
120615  -16.570  -85.056  46.455 0.2000000030
373  -18.207  -86.496  44.005 0.1000000015
619  -18.957  -85.770  44.810 0.2000000030
220  -4.503  -88.152  40.092 0.2000000030
212  -5.766  -88.386  41.007 0.2000000030
198  -5.580  -88.080  42.623 0.2000000030
102  -8.601  -88.759  34.765 0.1000000015
120025  -8.207  -89.455  33.513 0.1000000015
135745  -9.291  -89.117  33.984 0.1000000015
112  -7.402  -89.118  34.486 0.1000000015
103  -9.446  -88.675  34.554 0.1000000015
272  -8.226  -88.420  35.216 0.1000000015
139427  -9.503  -88.084  35.181 0.1000000015
11  -6.963  -89.415  33.962 0.1000000015
2601  -0.771  -80.909  34.529 0.2000000030
100  -7.059  -88.881  34.909 0.1000000015
3007  -2.728  -78.848  31.759 0.1000000015
460  -2.665  -87.375  32.970 0.4000000060
978  -2.938  -86.147  33.814 0.3000000119
729  -2.140  -86.730  32.823 0.3000000119
3008  -3.652  -78.858  31.767 0.1000000015
988  -2.728  -85.388  33.357 0.2000000030
987  -1.831  -85.958  32.621 0.3000000119
1261  -4.852  -84.612  34.466 0.1000000015
999  -1.452  -85.388  31.262 0.4000000060
1269  -3.567  -84.733  33.530 0.1000000015
1281  -1.655  -85.294  32.080 0.3000000119
1283  -2.933  -84.434  32.874 0.2000000030
1296  -2.120  -84.025  31.636 0.2000000030
2364  -2.551  -81.014  27.552 0.2000000030
4609  -5.359  -75.797  32.227 0.1000000015
1631  -1.752  -83.289  30.105 0.2000000030
4619  -3.680  -75.878  31.689 0.1000000015
4608  -4.327  -75.443  31.983 0.2000000030
4592  -6.171  -75.267  32.646 0.1000000015
4992  -2.650  -74.342  33.563 0.3000000119
5469  -3.333  -73.621  32.888 0.2000000030
5007  -3.183  -74.507  32.574 0.2000000030
5928  -3.238  -72.691  33.583 0.2000000030
5446  -3.506  -72.941  33.251 0.2000000030
5470  -3.824  -74.020  32.560 0.2000000030
5009  -5.037  -74.918  32.369 0.1000000015
5929  -4.335  -72.682  33.495 0.2000000030
5918  -4.368  -72.025  33.849 0.2000000030
4993  -4.639  -74.165  32.604 0.1000000015
6357  -3.917  -71.252  33.953 0.2000000030
6808  -3.866  -70.378  34.490 0.1000000015
122508  -3.747  -68.732  35.171 0.1000000015
7742  -4.040  -68.153  35.409 0.1000000015
7257  -3.851  -69.497  34.859 0.1000000015
7258  -4.602  -68.918  35.173 0.1000000015
6347  -5.636  -71.136  34.819 0.1000000015
143179  -5.299  -70.469  34.892 0.1000000015
6358  -4.986  -71.602  34.289 0.2000000030
9214  -6.904  -65.012  28.329 0.2000000030
8151  -3.052  -67.904  35.991 0.1000000015
7741  -3.612  -68.275  35.534 0.1000000015
8153  -4.206  -67.635  35.853 0.1000000015
127146  -5.533  -68.647  35.998 0.1000000015
7730  -6.250  -68.556  36.788 0.1000000015
6791  -6.348  -70.006  36.048 0.1000000015
10260  -9.052  -63.745  27.509 0.5000000000
8643  -4.118  -67.407  35.925 0.1000000015
8635  -4.348  -66.986  36.473 0.1000000015
8154  -4.813  -67.237  36.142 0.1000000015
8137  -5.603  -67.135  36.737 0.1000000015
7716  -6.241  -67.831  37.126 0.1000000015
7246  -5.678  -69.352  35.775 0.1000000015
7239  -6.845  -69.176  37.068 0.1000000015
5919  -5.368  -72.468  34.041 0.2000000030
6359  -6.022  -71.918  34.661 0.1000000015
10048  -9.735  -63.789  49.980 0.4000000060
132158  -3.764  -66.433  37.177 0.1000000015
123050  -4.736  -66.173  37.002 0.1000000015
8636  -5.052  -66.490  36.585 0.1000000015
8603  -6.799  -66.216  37.970 0.1000000015
9098  -7.227  -65.665  38.391 0.1000000015
9107  -5.406  -65.729  37.023 0.1000000015
8617  -5.824  -66.465  37.051 0.1000000015
8138  -6.313  -67.161  37.404 0.1000000015
8118  -6.927  -67.093  38.052 0.1000000015
10764  -9.026  -62.935  27.882 0.4000000060
11053  -8.359  -61.903  51.869 0.4000000060
10537  -7.966  -62.532  51.238 0.4000000060
10538  -9.036  -62.334  51.415 0.4000000060
10036  -9.174  -63.321  50.419 0.4000000060
10035  -8.064  -63.438  50.338 0.4000000060
9108  -5.965  -65.250  37.213 0.1000000015
10559  -6.935  -62.788  50.995 0.4000000060
10034  -6.868  -63.349  50.242 0.4000000060
10046  -7.570  -63.919  49.760 0.5000000000
9542  -8.185  -64.426  49.478 0.5000000000
10133  -4.319  -64.342  38.352 0.1000000015
10613  -5.955  -62.689  41.089 0.3000000119
10619  -5.818  -62.221  40.439 0.3000000119
11163  -5.560  -61.423  40.212 0.3000000119
14273  -6.555  -55.835  35.417 0.2000000030
14290  -6.607  -56.669  35.247 0.2000000030
127423  -6.861  -55.705  34.743 0.2000000030
13667  -6.550  -57.190  33.754 0.2000000030
11760  -6.021  -61.383  37.527 0.1000000015
11196  -5.242  -62.090  38.348 0.2000000030
12364  -5.887  -60.059  38.386 0.2000000030
11174  -5.207  -61.497  39.261 0.2000000030
11743  -4.896  -60.752  39.251 0.3000000119
12352  -5.551  -59.477  38.793 0.2000000030
11728  -4.632  -59.998  39.947 0.2000000030
133524  -5.376  -61.995  39.457 0.3000000119
12941  -5.331  -58.790  38.964 0.1000000015
13624  -5.597  -58.296  38.918 0.1000000015
12931  -6.509  -57.940  39.171 0.1000000015
12922  -7.270  -58.085  39.832 0.1000000015
130781  -7.774  -58.249  40.684 0.1000000015
12940  -4.804  -58.640  39.268 0.2000000030
14246  -5.207  -57.003  39.359 0.1000000015
12921  -6.536  -57.491  39.887 0.1000000015
13602  -7.377  -57.762  41.414 0.1000000015
12902  -7.931  -58.281  42.206 0.1000000015
12890  -7.917  -58.172  43.045 0.1000000015
13601  -6.658  -57.033  41.629 0.1000000015
13594  -7.259  -57.537  42.499 0.1000000015
12333  -4.286  -59.176  40.044 0.2000000030
14800  -4.685  -54.871  40.812 0.1000000015
12930  -4.369  -58.505  39.660 0.2000000030
123781  -5.311  -56.080  40.266 0.1000000015
14232  -5.410  -55.512  40.919 0.1000000015
14226  -6.323  -56.350  42.743 0.1000000015
13574  -7.048  -57.018  43.952 0.1000000015
128199  -7.799  -57.539  44.310 0.1000000015
13600  -3.856  -57.603  40.422 0.1000000015
14798  -3.692  -54.872  40.908 0.1000000015
123412  -5.105  -54.711  41.431 0.1000000015
119625  -5.585  -54.868  42.534 0.1000000015
14778  -6.316  -55.744  44.076 0.1000000015
138906  -6.771  -56.436  44.250 0.1000000015
16554  -3.531  -52.483  43.204 0.1000000015
15949  -3.843  -53.178  42.068 0.1000000015
15936  -3.453  -53.099  42.548 0.3000000119
16555  -4.066  -52.151  43.227 0.2000000030
15338  -4.078  -53.658  41.649 0.1000000015
14717  -13.441  -55.369  49.410 0.3000000119
15938  -4.661  -52.725  42.920 0.1000000015
140558  -6.480  -55.408  44.562 0.1000000015
15315  -7.263  -54.693  45.539 0.1000000015
17219  -6.978  -51.468  42.568 0.2000000030
17218  -6.083  -51.117  42.127 0.2000000030
16541  -3.691  -51.681  43.947 0.2000000030
16542  -4.277  -51.538  43.931 0.1000000015
15272  -13.953  -54.687  49.395 0.3000000119
16556  -4.761  -52.072  43.618 0.1000000015
15314  -6.478  -54.218  45.122 0.1000000015
130746  -6.746  -55.112  45.005 0.1000000015
16543  -5.018  -51.469  44.211 0.1000000015
16525  -5.884  -51.791  44.927 0.1000000015
15922  -6.119  -53.285  44.970 0.1000000015
17194  -3.848  -51.085  44.739 0.3000000119
17195  -4.121  -51.058  44.476 0.2000000030
141801  -6.230  -52.596  45.130 0.1000000015
140561  -6.623  -53.679  45.337 0.1000000015
17196  -4.599  -50.829  44.423 0.1000000015
17173  -5.443  -50.835  44.694 0.1000000015
16526  -6.728  -52.135  45.358 0.1000000015
143464  -15.725  -47.316  33.538 0.3000000119
19417  -15.557  -47.893  33.870 0.3000000119
17174  -6.437  -51.089  45.065 0.1000000015
17832  -4.384  -49.848  45.153 0.2000000030
17851  -5.023  -50.057  44.727 0.1000000015
17833  -6.005  -50.024  44.835 0.1000000015
17175  -7.497  -51.349  45.429 0.1000000015
17835  -7.716  -49.187  44.841 0.1000000015
20107  -16.926  -46.882  32.731 0.3000000119
129306  -15.220  -45.743  32.799 0.3000000119
141621  -15.371  -45.098  31.841 0.2000000030
17831  -4.032  -50.400  45.150 0.4000000060
18524  -5.035  -49.077  45.004 0.3000000119
17852  -5.587  -49.262  44.919 0.2000000030
17834  -6.654  -49.251  44.873 0.1000000015
18525  -7.151  -48.985  44.959 0.3000000119
18526  -7.939  -48.864  44.993 0.2000000030
19222  -10.166  -48.825  45.380 0.3000000119
142901  -10.633  -48.810  45.238 0.2000000030
19205  -12.266  -48.001  45.670 0.4000000060
20108  -17.921  -47.244  32.718 0.3000000119
20802  -15.886  -45.700  32.260 0.3000000119
18509  -4.608  -49.410  45.885 0.5000000000
19219  -6.503  -48.817  45.489 0.3000000119
19221  -8.221  -48.786  45.397 0.3000000119
134164  -6.987  -48.802  46.129 0.4000000060
131652  -9.083  -48.850  45.541 0.4000000060
19204  -10.671  -48.634  46.196 0.5000000000
19191  -12.206  -47.918  46.592 0.6000000238
19192  -13.009  -47.787  46.461 0.4000000060
19208  -14.754  -47.683  46.366 0.5000000000
20795  -19.502  -46.963  32.224 0.3000000119
125779  -16.629  -46.301  32.372 0.3000000119
22249  -15.391  -44.041  30.741 0.2000000030
22248  -14.464  -44.110  30.877 0.2000000030
22904  -14.862  -43.633  30.428 0.2000000030
125694  -5.030  -49.156  46.209 0.4000000060
18500  -11.808  -48.257  47.325 0.6000000238
18501  -12.655  -48.213  47.463 0.6000000238
19917  -15.328  -47.393  45.994 0.5000000000
19229  -17.327  -47.435  45.300 0.4000000060
19247  -18.611  -46.931  44.149 0.4000000060
19963  -20.396  -46.329  42.393 0.4000000060
19985  -21.956  -46.815  42.000 0.4000000060
20005  -21.937  -47.154  41.756 0.3000000119
20804  -17.876  -46.214  31.631 0.3000000119
21557  -17.189  -45.585  31.195 0.2000000030
21556  -16.205  -45.322  31.567 0.2000000030
19202  -8.493  -48.780  46.144 0.4000000060
126702  -11.001  -48.472  47.198 0.6000000238
19185  -6.970  -48.956  46.807 0.4000000060
19265  -20.035  -46.368  43.154 0.4000000060
19266  -21.174  -46.664  42.964 0.4000000060
19298  -22.975  -47.733  42.159 0.4000000060
139402  -23.272  -48.054  41.945 0.3000000119
123998  -24.151  -48.589  41.809 0.3000000119
119441  -25.157  -48.560  41.774 0.3000000119
19187  -8.368  -48.935  47.045 0.5000000000
19299  -23.757  -48.330  42.230 0.5000000000
128401  -25.931  -47.733  42.829 0.4000000060
136689  -25.732  -48.336  41.735 0.3000000119
19987  -26.101  -47.948  42.078 0.4000000060
19965  -25.821  -47.635  43.676 0.5000000000
27180  -21.160  -37.662  32.741 0.1000000015
126000  -22.255  -37.881  32.903 0.1000000015
28596  -18.954  -35.591  42.667 0.2000000030
132370  -21.622  -36.265  32.514 0.2000000030
29355  -18.632  -34.758  42.227 0.1000000015
29375  -18.303  -33.945  41.783 0.1000000015
31650  -19.049  -31.094  37.818 0.2000000030
33305  -18.174  -29.789  37.024 0.1000000015
137576  -19.340  -29.139  35.884 0.4000000060
33329  -20.169  -29.254  35.309 0.4000000060
34259  -19.480  -28.580  35.207 0.4000000060
1604  -2.892  -83.775  32.064 0.1000000015
1309  -1.418  -84.583  30.756 0.3000000119
1620  -2.534  -83.467  31.275 0.2000000030
1956  -3.686  -82.448  30.466 0.1000000015
1995  -2.487  -81.933  27.923 0.3000000119
9125  -4.982  -65.381  37.263 0.1000000015
9644  -5.540  -64.875  37.190 0.1000000015
9642  -4.240  -65.096  37.913 0.1000000015
12341  -4.638  -59.397  39.454 0.3000000119
13608  -3.949  -56.855  39.971 0.1000000015
14805  -4.605  -55.605  40.397 0.1000000015
125792  -4.920  -60.093  39.122 0.2000000030
14238  -4.301  -56.272  40.079 0.1000000015
14799  -4.151  -54.811  40.768 0.1000000015
15950  -4.312  -53.170  42.188 0.1000000015
138299  -3.477  -54.466  41.485 0.1000000015
15337  -3.509  -53.756  41.890 0.1000000015
131282  -4.832  -53.915  41.945 0.1000000015
13677  -6.752  -57.712  33.111 0.2000000030
12997  -6.346  -58.539  33.167 0.2000000030
55  -6.058  -88.397  41.925 0.2000000030
141488  -7.934  -89.634  33.156 0.1000000015
9552  -7.828  -65.106  49.013 0.5000000000
14718  -14.273  -55.471  49.157 0.3000000119
15273  -14.758  -54.809  49.066 0.3000000119
14738  -15.636  -55.125  48.709 0.3000000119
15290  -15.289  -54.127  48.901 0.3000000119
19267  -22.015  -47.269  42.993 0.4000000060
19300  -24.728  -48.517  42.318 0.4000000060
20681  -26.561  -46.355  42.623 0.4000000060
19203  -9.829  -48.771  46.229 0.5000000000
23473  -27.199  -42.840  39.975 0.4000000060
135282  -21.364  -35.613  32.337 0.2000000030
19964  -21.917  -46.860  42.429 0.4000000060
50  -7.928  -88.044  42.732 0.2000000030
200  -7.155  -88.121  42.767 0.2000000030
1649  -1.786  -83.061  28.614 0.3000000119
848  -16.434  -84.942  47.279 0.3000000119
124343  -3.433  -66.895  36.885 0.1000000015
9662  -4.623  -65.195  37.588 0.1000000015
14804  -4.024  -55.499  40.502 0.1000000015
19988  -26.389  -47.224  42.385 0.4000000060
33320  -18.765  -29.436  36.471 0.3000000119
395  -20.481  -87.016  41.391 0.1000000015
370  -15.616  -86.644  43.760 0.1000000015
374  -18.984  -86.518  43.903 0.1000000015
194  -17.984  -86.585  42.711 0.1000000015
195  -18.836  -86.616  42.666 0.1000000015
628  -17.858  -86.307  44.549 0.1000000015
1632  -2.267  -83.033  30.530 0.2000000030
125939  -4.168  -66.399  37.002 0.1000000015
7696  -7.235  -67.920  38.108 0.1000000015
9124  -4.529  -65.816  37.299 0.1000000015
13655  -6.364  -56.875  34.509 0.2000000030
11183  -5.568  -61.107  38.298 0.2000000030
131036  -4.555  -57.974  39.432 0.1000000015
14245  -4.636  -57.190  39.519 0.1000000015
139558  -5.853  -57.903  38.955 0.1000000015
14240  -5.769  -56.766  39.883 0.1000000015
136271  -7.159  -57.727  40.530 0.1000000015
14239  -4.899  -56.434  39.796 0.1000000015
14233  -6.042  -56.380  40.770 0.1000000015
122213  -6.178  -56.268  41.765 0.1000000015
13585  -6.821  -57.011  43.155 0.1000000015
134302  -8.016  -58.044  43.729 0.1000000015
14786  -6.089  -55.709  43.140 0.1000000015
14206  -7.754  -56.319  45.216 0.1000000015
13564  -8.059  -57.090  45.028 0.1000000015
15329  -5.525  -54.254  43.039 0.1000000015
14777  -5.910  -55.107  43.468 0.1000000015
15323  -6.066  -54.705  44.218 0.1000000015
14770  -7.494  -55.502  45.401 0.1000000015
121870  -5.474  -53.594  43.495 0.1000000015
14719  -14.973  -55.602  48.826 0.3000000119
15931  -5.459  -52.922  43.969 0.1000000015
15324  -5.922  -53.770  44.401 0.1000000015
129641  -7.030  -50.153  45.060 0.1000000015
20792  -15.998  -46.339  32.790 0.3000000119
139701  -8.406  -48.927  44.936 0.2000000030
133457  -8.508  -48.837  45.165 0.3000000119
18527  -9.277  -48.961  45.166 0.3000000119
19223  -10.986  -48.677  45.428 0.3000000119
19984  -20.951  -46.528  41.982 0.4000000060
139566  -21.437  -46.668  41.896 0.4000000060
20006  -22.670  -47.449  41.877 0.3000000119
19301  -25.525  -48.239  42.329 0.4000000060
27913  -22.628  -36.486  32.670 0.1000000015
270  -5.523  -88.212  35.131 0.1000000015
131083  -6.304  -87.950  35.471 0.1000000015
454  -4.787  -88.234  34.675 0.2000000030
276  -5.459  -88.812  34.495 0.1000000015
970  -3.772  -86.005  34.380 0.2000000030
720  -3.241  -86.883  34.140 0.2000000030
275  -3.699  -88.137  33.734 0.2000000030
32  -9.145  -89.493  32.815 0.1000000015
7456  -4.831  -68.298  59.667 0.3000000119
7457  -5.037  -69.241  60.234 0.3000000119
1955  -2.863  -82.421  30.141 0.1000000015
6993  -5.455  -70.232  60.805 0.3000000119
122785  -2.695  -81.839  28.979 0.1000000015
1954  -2.201  -82.519  29.664 0.1000000015
2340  -3.546  -81.387  28.951 0.1000000015
136744  -5.049  -67.969  57.037 0.3000000119
2670  -3.144  -81.044  28.221 0.1000000015
3821  -4.638  -77.515  28.870 0.1000000015
4643  -5.298  -75.929  29.132 0.1000000015
8235  -6.147  -68.038  29.811 0.1000000015
5512  -5.379  -73.986  29.807 0.1000000015
129235  -6.540  -67.056  29.284 0.1000000015
6875  -5.891  -70.874  29.572 0.1000000015
123378  -6.790  -66.369  28.392 0.1000000015
9202  -6.520  -65.211  29.287 0.1000000015
8702  -6.503  -66.097  29.267 0.1000000015
9744  -6.736  -64.516  28.978 0.1000000015
8703  -6.812  -65.708  28.340 0.1000000015
9760  -7.304  -64.298  28.365 0.1000000015
10259  -7.968  -63.454  28.345 0.3000000119
10223  -6.728  -63.018  30.059 0.1000000015
10240  -6.894  -63.740  29.282 0.1000000015
10730  -7.297  -62.199  30.034 0.1000000015
10748  -8.171  -62.194  29.181 0.3000000119
9743  -6.417  -64.436  29.829 0.1000000015
10729  -6.606  -62.532  30.615 0.1000000015
10718  -6.352  -62.457  31.277 0.1000000015
11236  -6.505  -61.471  32.597 0.1000000015
11838  -7.414  -60.523  31.026 0.1000000015
124920  -9.068  -59.603  29.874 0.3000000119
128069  -6.398  -60.820  33.076 0.1000000015
11237  -6.792  -61.584  33.360 0.1000000015
11238  -7.418  -61.946  33.881 0.1000000015
127150  -6.263  -60.003  32.650 0.2000000030
126802  -6.382  -60.817  32.415 0.1000000015
11837  -6.707  -60.437  31.789 0.1000000015
12424  -6.445  -59.051  32.646 0.2000000030
12453  -7.516  -59.696  31.248 0.1000000015
12437  -8.251  -58.794  30.751 0.5000000000
11811  -6.613  -60.862  33.759 0.1000000015
11797  -7.837  -60.880  34.773 0.1000000015
11810  -6.300  -60.176  33.560 0.1000000015
11796  -6.845  -60.381  34.381 0.1000000015
11798  -8.837  -61.197  35.025 0.1000000015
12409  -6.203  -59.347  33.282 0.1000000015
13018  -6.853  -58.275  32.593 0.2000000030
12425  -6.976  -58.744  32.170 0.2000000030
12436  -7.527  -58.801  31.560 0.3000000119
13029  -8.290  -57.921  31.043 0.3000000119
11795  -6.404  -59.533  34.024 0.1000000015
12395  -7.473  -60.087  35.166 0.1000000015
11781  -8.442  -60.449  35.448 0.1000000015
12380  -9.044  -59.985  36.076 0.1000000015
12379  -8.090  -59.642  35.765 0.1000000015
12972  -8.718  -59.100  36.283 0.1000000015
13668  -6.268  -57.795  34.490 0.1000000015
13656  -6.647  -57.496  35.252 0.1000000015
14274  -6.900  -56.516  36.107 0.1000000015
14838  -6.963  -55.642  37.241 0.1000000015
14839  -7.850  -55.846  37.651 0.1000000015
14848  -6.532  -55.822  36.374 0.1000000015
15374  -5.963  -54.443  37.982 0.1000000015
121076  -6.194  -55.255  36.770 0.1000000015
16008  -5.707  -53.436  36.455 0.1000000015
14825  -7.467  -55.350  38.028 0.1000000015
15360  -8.001  -55.160  39.006 0.1000000015
15996  -5.607  -53.764  38.420 0.1000000015
16000  -5.349  -52.800  37.020 0.1000000015
17315  -5.576  -51.817  36.883 0.3000000119
15359  -7.375  -54.424  39.376 0.1000000015
15970  -7.134  -53.413  40.561 0.1000000015
15367  -6.442  -54.175  38.888 0.1000000015
15981  -5.308  -53.134  38.931 0.1000000015
15995  -5.110  -53.051  37.934 0.1000000015
16624  -4.964  -52.153  38.355 0.2000000030
15982  -5.974  -53.647  39.227 0.1000000015
16585  -6.754  -52.786  41.040 0.1000000015
17234  -6.422  -51.987  41.703 0.1000000015
16607  -5.086  -52.510  39.377 0.1000000015
16598  -5.938  -52.378  40.799 0.1000000015
17220  -7.928  -51.829  43.085 0.1000000015
17258  -4.862  -51.556  39.201 0.2000000030
19292  -10.620  -48.869  42.597 0.1000000015
18591  -12.450  -49.857  42.135 0.1000000015
18606  -12.931  -49.288  41.644 0.1000000015
19290  -8.628  -48.120  42.685 0.1000000015
19982  -10.621  -47.974  42.270 0.1000000015
18605  -12.084  -48.938  42.062 0.1000000015
128886  -11.509  -45.947  39.822 0.2000000030
21478  -11.216  -45.174  39.713 0.2000000030
21447  -10.362  -45.936  40.957 0.2000000030
20004  -13.172  -48.010  40.758 0.1000000015
20694  -9.855  -46.328  41.530 0.1000000015
20680  -10.201  -46.864  41.883 0.1000000015
20002  -11.218  -47.782  41.892 0.1000000015
19313  -11.834  -48.105  41.593 0.1000000015
19314  -12.613  -48.481  41.311 0.1000000015
19315  -13.443  -48.782  41.103 0.1000000015
19316  -14.152  -48.995  41.065 0.1000000015
20679  -9.407  -46.742  42.074 0.1000000015
21480  -12.991  -45.477  39.304 0.2000000030
22852  -15.084  -43.495  38.347 0.2000000030
22825  -13.928  -44.289  38.721 0.2000000030
22826  -14.810  -44.190  38.705 0.2000000030
22191  -14.407  -44.851  39.044 0.1000000015
22110  -22.956  -44.589  46.629 0.1000000015
135738  -15.770  -43.302  38.282 0.2000000030
22851  -14.244  -43.640  38.380 0.2000000030
23501  -15.308  -42.875  37.964 0.2000000030
23502  -16.105  -42.804  37.942 0.2000000030
23522  -14.742  -42.392  37.576 0.2000000030
23523  -15.585  -42.298  37.544 0.2000000030
23524  -16.408  -42.225  37.491 0.2000000030
24197  -15.879  -41.717  37.093 0.2000000030
24198  -16.667  -41.664  37.020 0.2000000030
24790  -20.190  -39.760  45.534 0.1000000015
24874  -17.028  -41.086  36.706 0.2000000030
24199  -17.310  -41.617  36.959 0.1000000015
24791  -20.760  -40.373  45.375 0.1000000015
25543  -20.238  -38.982  44.879 0.1000000015
26298  -18.539  -39.246  42.475 0.1000000015
25626  -18.893  -39.770  36.122 0.1000000015
24899  -18.395  -40.463  36.408 0.1000000015
24900  -19.308  -40.484  36.317 0.1000000015
24898  -17.483  -40.457  36.416 0.1000000015
24875  -17.906  -41.219  36.733 0.1000000015
26292  -19.008  -38.585  43.582 0.1000000015
120150  -20.010  -38.513  43.856 0.1000000015
25549  -18.673  -39.183  41.942 0.1000000015
125676  -19.684  -39.881  36.041 0.1000000015
27063  -18.825  -38.641  42.172 0.1000000015
27052  -19.000  -37.541  42.817 0.1000000015
27819  -19.377  -36.433  43.059 0.1000000015
32451  -18.615  -30.434  37.454 0.2000000030
32450  -17.740  -30.095  37.665 0.2000000030
132974  -17.708  -28.393  35.897 0.1000000015
35318  -17.355  -27.790  35.420 0.1000000015
33328  -18.612  -28.810  35.990 0.1000000015
136289  -18.593  -28.315  35.511 0.1000000015
34258  -19.002  -28.016  34.966 0.3000000119
34268  -19.700  -28.138  34.157 0.3000000119
15368  -6.971  -54.770  38.481 0.1000000015
14837  -6.463  -55.072  37.599 0.1000000015
125334  -10.757  -45.608  40.252 0.2000000030
142277  -20.165  -28.556  33.772 0.3000000119
141674  -7.841  -60.067  30.834 0.2000000030
14847  -6.166  -55.048  35.976 0.1000000015
16597  -5.151  -52.126  40.146 0.1000000015
18588  -9.740  -49.178  42.885 0.1000000015
19291  -9.674  -48.242  42.590 0.1000000015
19980  -9.020  -47.420  42.405 0.1000000015
119238  -19.892  -38.312  43.440 0.1000000015
128621  -22.548  -43.882  46.627 0.1000000015
26299  -19.147  -38.626  42.826 0.1000000015
28595  -17.870  -35.652  42.438 0.1000000015
33319  -17.867  -29.110  36.530 0.1000000015
15969  -5.997  -53.032  40.006 0.1000000015
19293  -11.317  -48.431  42.169 0.1000000015
20001  -10.757  -47.286  41.894 0.1000000015
26311  -18.908  -38.886  42.124 0.1000000015
26310  -18.264  -39.376  41.424 0.1000000015
27062  -18.039  -37.978  41.867 0.1000000015
126770  -18.353  -36.614  42.734 0.1000000015
362  -12.112  -87.056  45.104 0.1000000015
367  -12.711  -86.924  44.427 0.1000000015
221  -5.341  -88.186  40.161 0.1000000015
222  -6.105  -88.185  40.444 0.1000000015
3558  -11.215  -78.429  57.845 0.3000000119
3557  -10.606  -78.301  57.322 0.3000000119
3552  -11.842  -78.401  58.544 0.3000000119
3168  -12.833  -78.728  59.171 0.3000000119
3565  -12.057  -77.067  57.171 0.3000000119
3964  -12.402  -77.550  58.696 0.3000000119
3960  -13.140  -76.923  59.981 0.3000000119
3549  -13.113  -77.489  60.095 0.3000000119
3161  -13.371  -78.242  59.899 0.3000000119
4387  -14.549  -75.691  58.637 0.3000000119
4384  -14.426  -75.927  59.721 0.3000000119
4380  -14.184  -76.171  60.879 0.3000000119
4391  -14.611  -75.242  57.583 0.3000000119
4388  -15.286  -75.241  59.057 0.3000000119
135446  -13.707  -69.463  60.945 0.2000000030
4770  -16.621  -74.082  64.100 0.2000000030
4372  -16.427  -75.308  63.165 0.2000000030
5161  -16.928  -72.949  64.376 0.2000000030
3949  -15.832  -75.882  62.770 0.2000000030
3952  -15.500  -76.448  62.129 0.2000000030
3951  -14.758  -76.363  61.915 0.2000000030
4381  -14.851  -75.545  61.371 0.3000000119
3950  -14.231  -76.635  61.318 0.3000000119
4785  -15.768  -74.782  60.657 0.3000000119
4781  -15.429  -74.873  61.859 0.3000000119
4790  -15.962  -74.668  59.494 0.3000000119
4782  -16.411  -74.070  61.062 0.3000000119
4777  -16.074  -74.038  62.404 0.3000000119
5183  -16.565  -73.240  61.320 0.3000000119
5170  -16.211  -73.605  63.479 0.3000000119
5639  -16.467  -72.635  63.443 0.3000000119
6537  -17.302  -71.145  63.322 0.2000000030
132466  -16.573  -70.311  62.535 0.3000000119
5165  -16.619  -73.526  64.200 0.2000000030
4371  -15.776  -75.228  63.175 0.2000000030
6987  -15.576  -69.594  61.880 0.2000000030
6095  -17.327  -71.694  63.890 0.2000000030
4774  -15.834  -74.675  63.245 0.2000000030
3948  -15.181  -75.961  62.486 0.3000000119
137190  -15.368  -75.023  62.664 0.3000000119
123424  -16.704  -72.003  63.713 0.2000000030
5164  -16.563  -73.055  64.029 0.2000000030
4795  -15.020  -74.454  56.758 0.3000000119
121806  -15.982  -74.423  58.361 0.3000000119
6536  -16.819  -70.748  62.954 0.3000000119
4805  -15.201  -73.666  55.997 0.3000000119
133525  -16.508  -72.987  58.097 0.3000000119
5199  -16.601  -73.321  58.704 0.3000000119
5657  -16.510  -72.807  60.457 0.3000000119
139746  -15.693  -72.923  56.241 0.3000000119
5675  -16.498  -72.814  58.901 0.3000000119
123559  -16.050  -71.536  62.273 0.3000000119
6106  -16.484  -71.161  63.042 0.3000000119
6105  -15.747  -70.467  62.647 0.3000000119
5674  -15.977  -72.488  58.343 0.3000000119
121203  -15.392  -72.650  55.955 0.3000000119
5686  -16.127  -72.790  57.411 0.3000000119
6974  -15.927  -69.964  62.526 0.2000000030
124798  -16.413  -71.989  62.886 0.3000000119
6125  -16.160  -72.298  61.069 0.3000000119
132422  -15.726  -72.680  56.679 0.3000000119
9505  -11.381  -63.344  51.805 0.3000000119
138030  -11.451  -63.880  51.684 0.3000000119
127486  -14.355  -72.025  56.534 0.3000000119
9536  -11.736  -64.548  50.316 0.3000000119
10038  -11.265  -63.368  51.221 0.3000000119
11588  -6.890  -60.006  55.799 0.2000000030
143133  -5.813  -60.027  56.086 0.2000000030
121269  -4.976  -59.765  56.343 0.2000000030
11601  -9.114  -60.642  55.083 0.3000000119
137724  -8.204  -60.229  55.400 0.2000000030
11599  -7.455  -60.139  54.807 0.2000000030
11598  -6.130  -60.139  54.835 0.3000000119
11597  -5.115  -60.237  54.683 0.3000000119
141935  -4.852  -60.480  53.528 0.3000000119
11036  -4.916  -61.472  52.310 0.3000000119
11610  -4.587  -60.571  52.865 0.3000000119
10540  -10.873  -62.345  51.925 0.3000000119
133968  -7.246  -62.181  51.628 0.3000000119
11623  -4.307  -60.416  52.320 0.3000000119
135540  -10.992  -63.405  50.683 0.3000000119
11054  -9.473  -61.764  52.116 0.3000000119
11051  -5.424  -61.993  51.855 0.3000000119
11050  -4.771  -61.783  51.555 0.3000000119
11564  -5.662  -60.070  57.655 0.1000000015
11565  -6.765  -60.227  57.447 0.1000000015
11585  -4.863  -59.665  55.981 0.2000000030
11026  -10.066  -61.167  53.670 0.3000000119
11613  -7.617  -60.357  53.972 0.3000000119
12173  -4.574  -59.324  55.518 0.3000000119
11612  -5.559  -60.517  53.971 0.3000000119
11611  -5.085  -60.523  53.816 0.3000000119
12182  -4.591  -59.395  54.660 0.3000000119
12760  -4.549  -58.771  54.132 0.3000000119
128519  -4.509  -59.498  53.709 0.3000000119
12771  -4.886  -58.252  53.446 0.3000000119
12770  -4.567  -58.831  53.326 0.3000000119
133999  -4.328  -59.751  51.548 0.3000000119
138149  -4.493  -61.553  51.240 0.3000000119
12208  -4.587  -59.119  51.966 0.3000000119
10558  -5.941  -62.855  50.700 0.3000000119
11563  -4.957  -59.787  57.884 0.1000000015
11575  -5.060  -59.907  57.036 0.1000000015
119255  -4.802  -59.679  57.240 0.2000000030
12152  -4.397  -59.260  57.352 0.1000000015
142730  -4.458  -58.173  55.209 0.2000000030
137712  -4.693  -57.885  54.982 0.2000000030
13456  -5.457  -58.095  53.114 0.3000000119
12785  -5.283  -58.759  51.761 0.3000000119
10535  -5.278  -62.310  51.129 0.3000000119
127084  -4.251  -61.117  51.164 0.3000000119
12209  -4.886  -59.367  51.075 0.3000000119
11562  -4.718  -59.572  57.951 0.1000000015
12745  -4.288  -58.036  56.431 0.1000000015
13475  -6.689  -58.306  52.194 0.3000000119
10568  -5.263  -62.487  49.651 0.3000000119
11647  -4.316  -61.065  50.557 0.3000000119
12803  -5.706  -58.945  51.093 0.3000000119
12725  -4.273  -58.522  58.029 0.1000000015
10572  -5.431  -62.339  48.999 0.3000000119
11076  -5.048  -61.835  49.468 0.3000000119
136222  -4.929  -59.873  50.315 0.3000000119
12219  -5.789  -59.307  50.230 0.3000000119
12787  -7.019  -58.568  51.490 0.2000000030
12788  -8.087  -58.781  51.530 0.2000000030
11656  -5.157  -60.979  49.231 0.3000000119
12805  -7.481  -59.041  50.728 0.2000000030
12826  -16.374  -58.297  49.275 0.2000000030
13513  -15.928  -58.050  48.673 0.2000000030
13514  -16.624  -57.978  48.708 0.2000000030
13531  -16.953  -57.473  48.096 0.2000000030
13530  -16.084  -57.421  48.272 0.2000000030
14167  -16.892  -56.675  47.732 0.2000000030
14151  -14.677  -56.483  48.735 0.2000000030
14166  -15.573  -56.380  48.402 0.2000000030
132944  -16.262  -56.843  47.971 0.2000000030
13529  -15.363  -57.368  48.485 0.2000000030
14750  -16.975  -55.581  47.739 0.2000000030
14179  -17.484  -56.383  47.502 0.2000000030
135466  -16.322  -55.044  48.319 0.2000000030
19416  -14.506  -47.677  33.978 0.2000000030
20785  -15.035  -46.408  33.317 0.2000000030
20791  -14.218  -45.514  32.834 0.2000000030
21550  -13.739  -44.989  31.930 0.1000000015
20077  -13.130  -47.459  33.839 0.2000000030
139938  -13.002  -46.598  33.512 0.2000000030
22247  -13.863  -44.490  31.161 0.1000000015
22262  -14.478  -43.727  30.269 0.1000000015
20783  -12.536  -46.212  33.066 0.2000000030
20801  -12.963  -45.576  31.600 0.1000000015
20089  -12.324  -47.037  33.278 0.2000000030
121907  -13.629  -45.292  30.248 0.1000000015
20105  -11.972  -47.824  32.623 0.2000000030
22287  -14.840  -43.929  29.145 0.1000000015
129629  -12.313  -47.344  31.811 0.2000000030
20800  -12.747  -46.615  31.157 0.2000000030
21582  -13.978  -44.750  29.927 0.1000000015
20115  -12.982  -47.558  30.961 0.2000000030
20133  -14.136  -46.536  29.874 0.1000000015
20824  -14.244  -45.653  29.682 0.1000000015
21595  -15.230  -44.925  28.890 0.1000000015
19440  -11.901  -48.666  32.789 0.2000000030
19441  -12.231  -48.095  32.203 0.2000000030
22277  -14.771  -43.451  29.712 0.1000000015
22939  -16.060  -43.464  28.005 0.1000000015
19459  -13.845  -48.070  30.618 0.1000000015
18734  -13.763  -48.999  32.136 0.1000000015
138571  -14.494  -47.772  30.035 0.1000000015
20825  -14.997  -46.305  29.367 0.1000000015
21584  -15.636  -45.877  28.906 0.1000000015
19443  -14.304  -48.588  31.411 0.1000000015
20126  -15.337  -48.027  29.944 0.1000000015
21558  -18.358  -45.713  30.853 0.1000000015
22251  -17.495  -45.132  30.557 0.1000000015
22264  -17.166  -44.432  30.221 0.1000000015
22909  -15.504  -43.370  30.266 0.1000000015
23575  -15.320  -42.938  29.843 0.1000000015
22938  -15.321  -42.868  28.499 0.1000000015
23609  -17.017  -42.583  27.471 0.1000000015
22288  -16.212  -44.292  28.181 0.1000000015
20134  -15.210  -47.306  29.588 0.1000000015
20796  -20.545  -47.081  32.307 0.2000000030
20805  -18.951  -46.399  31.550 0.2000000030
23599  -15.057  -42.515  28.989 0.1000000015
23610  -18.154  -42.718  27.495 0.1000000015
22297  -17.031  -43.992  27.829 0.1000000015
22289  -17.195  -44.879  28.153 0.1000000015
20834  -16.614  -46.318  28.736 0.1000000015
22910  -16.629  -43.546  30.097 0.1000000015
21560  -20.616  -46.022  31.121 0.2000000030
21572  -20.104  -45.418  30.573 0.1000000015
22265  -18.348  -44.820  30.082 0.1000000015
20807  -21.153  -46.580  31.836 0.2000000030
132165  -15.982  -41.924  27.762 0.1000000015
132345  -16.801  -41.811  27.389 0.1000000015
22911  -17.779  -43.850  29.802 0.1000000015
132818  -15.985  -42.802  29.963 0.1000000015
23589  -15.147  -42.047  29.178 0.1000000015
129892  -21.700  -45.753  31.492 0.1000000015
21573  -20.953  -45.396  30.852 0.1000000015
22897  -20.468  -43.817  34.177 0.2000000030
20827  -16.874  -47.252  29.037 0.1000000015
22266  -19.599  -44.744  30.070 0.1000000015
22912  -18.957  -43.971  29.644 0.1000000015
141554  -22.474  -45.610  32.084 0.2000000030
22901  -22.037  -44.224  33.548 0.2000000030
21561  -22.433  -45.040  31.640 0.1000000015
22895  -19.085  -43.037  34.773 0.2000000030
125849  -21.331  -44.159  30.478 0.1000000015
23562  -20.263  -43.047  33.933 0.2000000030
30863  -18.512  -32.507  40.631 0.1000000015
31623  -18.141  -31.836  40.131 0.1000000015
31634  -18.482  -31.558  39.324 0.1000000015
31642  -18.761  -31.338  38.520 0.1000000015
31641  -18.004  -30.950  38.891 0.1000000015
32440  -17.406  -30.375  38.447 0.1000000015
32441  -18.270  -30.721  38.101 0.1000000015
35338  -18.820  -27.525  34.397 0.2000000030
34277  -19.814  -28.306  33.175 0.2000000030
35355  -19.322  -27.541  33.366 0.2000000030
34285  -19.178  -27.633  32.524 0.2000000030
5649  -16.360  -72.465  61.700 0.3000000119
4786  -16.554  -74.091  59.997 0.3000000119
125405  -16.669  -73.475  60.404 0.3000000119
121408  -11.921  -64.779  48.914 0.3000000119
9547  -12.213  -65.067  49.009 0.3000000119
10037  -10.263  -63.249  50.519 0.3000000119
11038  -6.960  -61.231  52.742 0.3000000119
11037  -5.776  -61.459  52.557 0.3000000119
11041  -10.675  -61.691  53.131 0.3000000119
123646  -6.670  -60.305  54.185 0.3000000119
139498  -7.932  -60.971  52.889 0.3000000119
11600  -8.505  -60.352  54.534 0.3000000119
11067  -4.471  -61.541  50.692 0.3000000119
11080  -5.534  -61.686  48.701 0.3000000119
22804  -27.469  -43.906  39.960 0.3000000119
5192  -16.683  -73.290  59.539 0.3000000119
3160  -12.758  -78.050  59.698 0.3000000119
4390  -13.822  -75.680  57.292 0.3000000119
4394  -14.191  -75.023  56.711 0.3000000119
5224  -14.885  -73.246  55.158 0.3000000119
3971  -13.729  -76.159  58.192 0.3000000119
128639  -12.934  -76.740  58.217 0.3000000119
15291  -16.069  -54.261  48.568 0.2000000030
22898  -21.248  -44.383  34.001 0.2000000030
72  -6.583  -88.276  40.996 0.1000000015
3559  -11.844  -77.726  57.909 0.3000000119
3554  -12.717  -77.546  59.567 0.3000000119
3966  -13.781  -76.389  59.290 0.3000000119
3956  -13.570  -76.902  60.699 0.3000000119
3543  -14.045  -77.255  61.070 0.3000000119
138376  -15.218  -75.020  58.198 0.3000000119
4385  -15.106  -75.425  60.183 0.3000000119
4793  -15.503  -74.480  57.496 0.3000000119
4797  -15.956  -73.398  56.985 0.3000000119
4794  -16.077  -73.822  57.501 0.3000000119
11589  -7.946  -60.202  56.101 0.2000000030
11596  -4.996  -60.126  54.545 0.3000000119
10539  -10.125  -62.251  51.629 0.3000000119
12218  -4.338  -60.339  50.888 0.3000000119
11648  -4.668  -60.641  50.070 0.3000000119
35353  -18.512  -26.927  33.678 0.2000000030
126015  -14.182  -78.553  59.821 0.2000000030
3157  -15.385  -78.069  60.332 0.2000000030
3163  -15.992  -78.574  59.549 0.2000000030
3164  -16.823  -78.544  59.324 0.1000000015
141079  -13.847  -78.121  60.204 0.2000000030
3544  -14.788  -77.435  61.049 0.2000000030
3158  -16.366  -78.055  60.060 0.2000000030
3542  -16.158  -76.995  61.388 0.2000000030
6555  -6.003  -71.087  61.956 0.2000000030
123118  -5.603  -70.249  62.063 0.2000000030
136408  -6.485  -71.600  61.746 0.2000000030
5179  -8.782  -73.711  61.165 0.2000000030
5645  -10.528  -73.661  62.933 0.2000000030
123870  -10.153  -72.803  62.689 0.2000000030
6967  -5.983  -70.208  63.261 0.2000000030
6982  -6.435  -71.022  63.071 0.2000000030
6556  -6.836  -71.606  62.687 0.2000000030
128857  -5.140  -69.508  61.183 0.2000000030
5172  -9.391  -73.964  61.738 0.2000000030
5644  -9.738  -73.534  62.308 0.2000000030
6100  -11.188  -72.120  63.172 0.2000000030
7921  -4.731  -67.410  60.679 0.2000000030
7916  -4.832  -68.133  61.952 0.2000000030
7912  -5.187  -68.144  63.298 0.2000000030
7447  -4.852  -68.510  60.818 0.2000000030
7439  -5.211  -69.313  62.077 0.2000000030
7432  -5.532  -69.186  63.259 0.2000000030
7433  -6.628  -69.849  64.110 0.2000000030
6968  -7.000  -70.639  63.848 0.2000000030
6542  -7.327  -71.249  63.389 0.2000000030
6983  -7.985  -70.977  63.043 0.2000000030
7909  -5.687  -67.971  64.347 0.1000000015
133039  -4.776  -67.164  62.217 0.2000000030
7428  -6.146  -68.954  64.289 0.2000000030
7429  -7.015  -69.193  64.427 0.2000000030
136347  -4.726  -67.646  59.989 0.2000000030
6963  -7.368  -69.932  64.101 0.2000000030
7434  -7.849  -69.734  63.716 0.2000000030
7440  -8.112  -70.132  62.887 0.2000000030
7483  -4.954  -67.924  57.695 0.2000000030
8883  -4.751  -65.695  62.880 0.2000000030
8377  -4.938  -67.070  63.285 0.1000000015
8375  -5.313  -66.857  64.425 0.1000000015
8379  -4.667  -66.245  61.304 0.2000000030
7906  -6.112  -67.700  64.956 0.1000000015
7907  -6.590  -67.749  64.947 0.1000000015
8376  -7.186  -67.670  64.677 0.1000000015
7911  -7.087  -68.371  64.586 0.1000000015
7913  -7.460  -68.260  64.215 0.1000000015
7446  -4.642  -66.756  59.702 0.2000000030
132002  -7.742  -68.719  63.523 0.2000000030
128972  -7.628  -67.536  63.127 0.1000000015
7922  -7.894  -69.011  62.410 0.2000000030
9388  -4.676  -64.343  63.022 0.1000000015
9373  -4.897  -64.955  64.401 0.1000000015
8875  -4.900  -65.616  63.958 0.1000000015
8372  -6.041  -67.016  65.344 0.1000000015
8890  -4.627  -65.345  61.509 0.2000000030
8373  -6.519  -67.035  65.178 0.1000000015
8897  -4.656  -65.313  60.315 0.2000000030
8385  -4.635  -66.399  60.426 0.2000000030
8870  -7.124  -66.057  65.101 0.1000000015
8394  -4.724  -65.797  59.472 0.2000000030
9389  -7.563  -64.907  64.488 0.1000000015
8876  -7.247  -66.696  64.581 0.1000000015
8884  -7.577  -65.821  63.349 0.1000000015
8378  -7.412  -67.158  63.943 0.1000000015
7936  -4.830  -66.954  58.077 0.2000000030
120225  -5.031  -64.451  65.192 0.1000000015
8371  -6.473  -66.040  65.734 0.1000000015
8370  -6.129  -66.523  65.594 0.1000000015
9417  -4.923  -63.915  60.332 0.2000000030
9374  -7.128  -65.293  65.402 0.1000000015
9428  -5.202  -64.305  59.613 0.2000000030
8902  -5.211  -64.851  59.159 0.2000000030
8403  -5.044  -66.135  58.134 0.2000000030
8905  -5.390  -65.241  58.603 0.2000000030
128168  -5.582  -66.081  57.809 0.2000000030
121287  -7.005  -64.781  65.923 0.1000000015
9375  -7.843  -64.438  65.045 0.1000000015
8906  -5.656  -65.434  58.278 0.2000000030
8907  -6.727  -65.479  58.113 0.1000000015
9430  -6.777  -64.522  59.312 0.1000000015
9446  -8.009  -65.335  57.755 0.1000000015
4571  -29.897  -75.431  36.322 0.1000000015
4561  -29.596  -75.745  37.251 0.1000000015
4572  -30.736  -75.871  36.095 0.1000000015
4960  -29.098  -74.986  36.539 0.1000000015
4560  -28.805  -75.378  37.311 0.1000000015
4970  -28.757  -74.249  36.023 0.1000000015
138122  -32.724  -76.019  35.828 0.1000000015
4587  -32.044  -75.441  35.257 0.1000000015
9955  -10.203  -63.760  57.328 0.1000000015
9960  -10.045  -63.694  56.342 0.1000000015
10482  -10.476  -62.509  57.628 0.1000000015
5504  -20.451  -73.254  31.214 0.1000000015
10986  -10.380  -61.893  58.013 0.1000000015
9965  -9.673  -62.745  56.127 0.1000000015
9964  -9.486  -63.436  55.510 0.2000000030
5505  -21.065  -73.164  30.322 0.1000000015
5476  -20.497  -72.987  32.766 0.1000000015
9977  -9.163  -63.057  54.674 0.2000000030
10509  -10.957  -62.305  53.242 0.2000000030
5966  -20.759  -72.722  32.085 0.1000000015
5936  -21.561  -72.325  33.105 0.1000000015
5455  -21.272  -73.425  33.414 0.1000000015
10481  -10.056  -62.419  56.978 0.1000000015
10985  -9.764  -61.247  58.296 0.1000000015
10998  -9.149  -61.841  56.520 0.1000000015
10501  -9.338  -62.366  55.119 0.2000000030
10992  -8.663  -61.184  57.063 0.1000000015
10997  -8.724  -61.080  56.469 0.1000000015
130491  -9.436  -61.382  55.127 0.2000000030
11027  -10.493  -61.698  53.869 0.2000000030
11040  -9.924  -61.310  52.885 0.2000000030
5457  -22.885  -73.203  33.449 0.1000000015
5003  -24.478  -74.052  32.993 0.1000000015
5458  -23.903  -73.202  33.368 0.1000000015
5459  -24.799  -73.117  33.235 0.1000000015
11566  -7.811  -60.571  57.350 0.1000000015
11004  -8.574  -60.568  55.936 0.1000000015
11039  -8.798  -61.179  52.682 0.2000000030
120288  -25.918  -73.530  32.690 0.1000000015
5957  -26.390  -73.032  32.760 0.1000000015
5941  -26.047  -72.117  33.126 0.1000000015
5016  -25.796  -74.122  32.338 0.1000000015
5015  -25.142  -74.371  32.503 0.1000000015
5478  -26.420  -73.696  32.288 0.1000000015
5479  -27.046  -73.242  32.275 0.1000000015
5958  -27.726  -72.087  32.208 0.1000000015
5495  -28.057  -73.064  31.266 0.1000000015
6411  -29.083  -71.416  30.942 0.1000000015
5970  -28.312  -72.229  31.586 0.1000000015
6855  -29.015  -70.790  31.171 0.1000000015
19925  -15.237  -47.094  45.095 0.3000000119
19228  -16.504  -47.318  45.477 0.3000000119
19926  -15.866  -46.974  44.682 0.3000000119
19227  -13.999  -47.528  45.177 0.3000000119
19945  -15.300  -47.081  44.250 0.3000000119
19946  -16.043  -46.875  43.778 0.3000000119
19224  -11.650  -48.471  45.306 0.2000000030
19225  -12.400  -48.463  45.241 0.3000000119
19243  -14.307  -47.692  44.578 0.3000000119
18529  -11.044  -48.935  45.178 0.2000000030
19918  -15.821  -47.222  45.562 0.3000000119
19207  -14.204  -47.508  45.987 0.3000000119
19927  -16.659  -46.885  44.361 0.3000000119
19246  -17.594  -46.813  44.195 0.3000000119
19948  -18.022  -46.484  43.296 0.3000000119
19962  -19.511  -46.259  42.682 0.3000000119
19983  -19.552  -46.594  42.265 0.3000000119
19294  -18.811  -47.123  42.127 0.3000000119
19296  -20.410  -46.796  41.903 0.3000000119
19295  -19.753  -47.485  41.961 0.3000000119
19949  -19.044  -46.445  43.217 0.3000000119
122385  -5.575  -57.308  55.157 0.2000000030
13440  -4.827  -58.041  54.213 0.2000000030
13441  -5.263  -57.864  53.926 0.2000000030
6112  -9.182  -72.827  62.152 0.2000000030
8869  -5.368  -66.138  65.021 0.1000000015
8369  -5.849  -66.287  65.790 0.1000000015
143105  -9.335  -62.695  55.420 0.1000000015
19944  -14.660  -47.258  44.717 0.3000000119
19226  -13.116  -47.926  45.276 0.3000000119
18544  -13.779  -48.085  44.765 0.3000000119
18531  -13.156  -48.629  44.998 0.2000000030
19947  -16.998  -46.681  43.345 0.3000000119
2278  -0.997  -81.693  33.742 0.1000000015
2297  -1.175  -81.173  33.448 0.1000000015
19321  -21.673  -47.891  41.690 0.2000000030
19322  -23.361  -48.417  41.694 0.2000000030
18613  -22.577  -48.394  41.648 0.2000000030
118243  -23.210  -49.525  41.321 0.2000000030
19323  -24.833  -49.045  41.173 0.2000000030
18614  -24.026  -49.371  41.158 0.2000000030
18546  -15.266  -48.378  44.024 0.2000000030
19262  -16.415  -47.286  43.221 0.2000000030
19961  -18.614  -46.538  42.650 0.2000000030
18547  -16.104  -48.165  43.483 0.2000000030
125058  -17.690  -48.020  42.662 0.1000000015
19297  -20.806  -48.101  41.827 0.2000000030
125980  -25.538  -48.646  41.195 0.2000000030
118253  -25.830  -48.439  40.690 0.2000000030
121679  -23.899  -49.724  40.199 0.2000000030
118901  -24.440  -49.388  40.586 0.2000000030
118249  -25.216  -48.928  40.490 0.2000000030
118245  -22.606  -50.504  40.774 0.2000000030
123720  -23.385  -49.954  40.776 0.2000000030
19324  -26.198  -48.137  41.262 0.2000000030
118254  -26.377  -48.010  40.441 0.2000000030
118248  -24.584  -49.261  39.981 0.1000000015
119627  -25.139  -48.664  39.768 0.1000000015
118242  -23.101  -50.132  40.216 0.1000000015
136441  -24.415  -48.773  39.372 0.1000000015
20020  -26.744  -47.466  40.882 0.2000000030
118250  -25.789  -48.360  40.127 0.2000000030
118257  -26.851  -47.421  40.055 0.2000000030
118883  -25.607  -47.952  39.574 0.2000000030
118255  -26.136  -47.123  39.496 0.2000000030
18642  -22.466  -49.855  39.633 0.1000000015
118247  -23.666  -48.899  39.104 0.1000000015
134986  -24.869  -48.088  39.164 0.1000000015
118260  -26.848  -46.534  39.666 0.2000000030
134432  -24.243  -47.357  38.447 0.1000000015
118706  -24.807  -46.995  38.494 0.1000000015
118729  -25.283  -47.382  39.003 0.1000000015
19356  -24.089  -48.086  38.737 0.1000000015
136425  -24.654  -47.592  38.717 0.1000000015
21472  -27.177  -45.466  40.300 0.2000000030
20035  -23.567  -47.413  38.377 0.1000000015
118252  -25.606  -46.501  38.827 0.1000000015
134687  -24.868  -46.302  38.336 0.1000000015
118258  -26.848  -45.723  39.249 0.2000000030
137625  -27.363  -45.082  39.576 0.2000000030
20731  -24.074  -46.631  38.172 0.1000000015
119472  -25.415  -45.717  38.384 0.1000000015
134852  -26.241  -45.735  38.874 0.1000000015
21495  -24.447  -45.641  37.977 0.1000000015
118256  -25.148  -45.000  38.021 0.1000000015
134675  -26.757  -45.247  38.866 0.2000000030
118705  -27.277  -45.038  39.055 0.2000000030
22204  -25.675  -44.421  38.048 0.1000000015
118619  -26.671  -44.481  38.620 0.2000000030
22170  -27.447  -44.409  39.304 0.2000000030
118262  -27.281  -43.495  39.032 0.2000000030
118884  -27.314  -44.123  38.957 0.2000000030
22857  -25.971  -43.622  38.136 0.2000000030
118261  -26.924  -43.684  38.788 0.2000000030
23530  -24.914  -42.711  37.257 0.1000000015
23531  -25.669  -42.727  37.804 0.2000000030
118738  -26.964  -43.377  39.008 0.2000000030
22213  -25.291  -43.856  37.641 0.1000000015
22870  -26.390  -43.073  38.470 0.2000000030
24225  -24.438  -41.935  36.883 0.1000000015
124385  -25.244  -42.068  37.479 0.1000000015
23529  -24.104  -42.792  36.860 0.1000000015
138402  -23.159  -41.691  36.242 0.1000000015
120153  -22.277  -40.715  35.830 0.1000000015
24902  -23.032  -40.184  35.753 0.1000000015
119736  -22.214  -39.898  35.531 0.1000000015
22169  -27.280  -44.498  40.257 0.2000000030
24224  -23.761  -41.383  36.411 0.1000000015
23539  -23.624  -42.181  36.499 0.1000000015
120736  -21.268  -40.375  35.783 0.1000000015
25627  -20.511  -39.586  35.690 0.1000000015
121750  -23.100  -40.992  36.062 0.1000000015
19320  -21.191  -46.995  41.741 0.2000000030
118715  -27.020  -46.538  40.389 0.2000000030
19245  -15.623  -47.464  43.725 0.2000000030
19244  -14.869  -47.605  44.188 0.2000000030
19960  -17.679  -46.648  42.831 0.2000000030
19264  -17.944  -47.036  42.414 0.2000000030
142280  -23.967  -49.650  40.662 0.2000000030
18567  -16.858  -48.080  42.974 0.1000000015
19263  -17.168  -47.140  42.753 0.2000000030
118244  -23.382  -49.600  39.609 0.1000000015
118246  -24.041  -49.358  39.635 0.1000000015
118259  -27.071  -45.754  39.567 0.2000000030
19355  -23.186  -48.206  38.658 0.1000000015
135224  -26.405  -46.281  39.273 0.1000000015
9941  -5.065  -63.438  60.878 0.1000000015
8882  -4.615  -64.405  61.841 0.1000000015
6567  -8.294  -71.173  62.220 0.1000000015
6119  -8.830  -71.997  61.775 0.1000000015
120143  -4.720  -63.639  63.790 0.1000000015
9935  -5.592  -63.125  61.479 0.1000000015
9930  -4.777  -63.153  62.634 0.1000000015
9398  -4.716  -63.623  62.023 0.1000000015
9407  -4.781  -63.688  61.195 0.1000000015
6994  -8.300  -70.416  62.116 0.1000000015
6120  -9.545  -71.879  61.623 0.1000000015
6582  -10.895  -70.046  59.846 0.1000000015
6121  -10.525  -71.614  61.886 0.1000000015
137016  -11.927  -70.291  61.867 0.1000000015
140257  -7.897  -68.350  61.225 0.1000000015
7458  -8.188  -68.407  60.293 0.1000000015
7448  -8.122  -69.364  61.327 0.1000000015
7931  -8.498  -67.806  59.675 0.1000000015
7029  -8.866  -69.044  58.843 0.1000000015
6581  -9.437  -70.299  59.821 0.1000000015
3957  -17.242  -76.962  60.980 0.1000000015
6569  -9.163  -71.082  60.677 0.1000000015
134207  -9.990  -70.037  59.254 0.1000000015
7014  -10.732  -69.775  58.694 0.1000000015
7015  -11.691  -69.737  59.263 0.1000000015
6571  -11.088  -70.553  61.145 0.1000000015
6996  -11.976  -69.861  60.659 0.1000000015
6572  -12.644  -69.886  61.861 0.1000000015
6573  -17.887  -70.382  61.293 0.1000000015
6975  -17.180  -70.277  62.003 0.1000000015
7002  -17.176  -69.867  60.980 0.1000000015
8395  -8.772  -67.083  60.071 0.1000000015
7937  -8.800  -68.026  58.983 0.1000000015
7468  -9.045  -68.491  58.597 0.1000000015
7030  -9.365  -68.984  58.310 0.1000000015
4377  -17.095  -75.898  62.475 0.1000000015
3953  -16.628  -76.491  61.946 0.1000000015
7046  -10.623  -69.392  57.758 0.1000000015
131875  -17.461  -75.355  62.946 0.1000000015
4378  -18.235  -75.668  62.276 0.1000000015
7048  -12.051  -69.420  57.568 0.1000000015
141821  -19.022  -74.480  63.244 0.1000000015
139941  -12.455  -69.207  56.976 0.1000000015
7034  -13.364  -69.411  58.992 0.1000000015
7470  -14.045  -69.275  58.458 0.1000000015
6561  -18.184  -70.753  62.107 0.1000000015
7016  -12.675  -69.594  59.725 0.1000000015
7471  -14.718  -69.245  58.121 0.1000000015
7472  -15.417  -69.222  57.930 0.1000000015
121879  -13.438  -69.607  61.814 0.1000000015
7017  -13.561  -69.451  60.027 0.1000000015
7035  -14.164  -69.334  59.349 0.1000000015
7473  -16.149  -69.204  57.726 0.1000000015
7021  -18.353  -70.010  59.673 0.1000000015
7036  -15.169  -69.311  58.770 0.1000000015
7037  -15.938  -69.289  58.731 0.1000000015
7020  -17.629  -69.845  59.889 0.1000000015
130536  -15.029  -69.378  60.259 0.1000000015
7019  -16.069  -69.382  59.823 0.1000000015
122866  -16.690  -69.396  59.107 0.1000000015
7932  -9.074  -67.471  59.269 0.1000000015
8406  -10.598  -66.833  58.579 0.1000000015
7938  -9.326  -67.850  58.534 0.1000000015
7939  -10.094  -67.545  58.037 0.1000000015
7946  -10.633  -67.623  57.312 0.1000000015
7485  -10.833  -68.819  57.058 0.1000000015
7058  -11.689  -69.041  56.847 0.1000000015
7049  -13.106  -69.344  57.833 0.1000000015
7487  -14.032  -69.154  57.545 0.1000000015
6574  -18.939  -70.557  61.034 0.1000000015
7488  -14.791  -69.017  57.141 0.1000000015
7489  -15.666  -69.037  57.090 0.1000000015
142602  -16.326  -69.080  57.023 0.1000000015
7490  -16.902  -69.226  57.360 0.1000000015
7051  -17.556  -69.440  57.818 0.1000000015
7039  -18.043  -69.808  59.035 0.1000000015
7050  -16.731  -69.318  58.218 0.1000000015
139685  -17.296  -69.597  59.307 0.1000000015
8415  -10.759  -67.056  57.856 0.1000000015
8430  -12.081  -66.426  56.932 0.1000000015
8429  -11.734  -67.121  56.488 0.1000000015
8416  -11.301  -66.882  57.267 0.1000000015
7965  -12.236  -67.357  55.924 0.1000000015
7501  -11.525  -68.398  56.468 0.1000000015
7521  -12.179  -67.983  55.927 0.1000000015
7503  -13.305  -68.694  56.060 0.1000000015
7504  -14.274  -68.703  56.073 0.1000000015
7966  -12.885  -67.490  55.343 0.1000000015
7522  -12.835  -68.198  55.541 0.1000000015
129580  -13.545  -68.389  55.500 0.1000000015
7523  -14.149  -68.348  55.192 0.1000000015
7040  -18.894  -69.688  58.490 0.1000000015
7505  -15.206  -68.798  56.338 0.1000000015
7052  -18.469  -69.463  57.670 0.1000000015
7507  -16.925  -69.077  56.553 0.1000000015
123867  -4.712  -57.501  56.236 0.1000000015
120144  -5.415  -57.116  56.020 0.1000000015
13412  -6.168  -57.089  55.502 0.1000000015
11959  -26.414  -60.261  22.333 0.1000000015
13396  -6.913  -56.942  56.933 0.1000000015
14073  -6.445  -57.172  54.860 0.1000000015
14074  -7.022  -56.989  55.416 0.1000000015
14090  -7.396  -57.060  54.681 0.1000000015
139091  -7.952  -56.968  55.286 0.1000000015
11948  -23.725  -60.333  22.781 0.1000000015
14062  -7.648  -56.951  56.105 0.1000000015
13442  -6.125  -57.747  53.666 0.1000000015
13443  -7.110  -57.638  53.489 0.1000000015
14091  -8.388  -57.054  54.599 0.1000000015
14075  -8.882  -57.034  55.281 0.1000000015
14092  -9.348  -57.072  54.633 0.1000000015
12548  -25.242  -59.436  22.494 0.1000000015
12547  -24.084  -59.341  23.121 0.1000000015
12546  -23.040  -59.707  23.518 0.1000000015
11938  -22.179  -59.846  23.964 0.1000000015
13457  -6.412  -58.075  52.939 0.1000000015
13135  -22.892  -58.757  24.476 0.1000000015
13124  -23.896  -58.465  24.822 0.1000000015
120221  -22.931  -58.526  25.207 0.1000000015
13111  -23.529  -58.389  25.819 0.1000000015
13458  -7.351  -58.038  52.899 0.1000000015
13444  -8.070  -57.560  53.405 0.1000000015
14120  -9.118  -57.542  53.306 0.1000000015
130596  -10.039  -57.041  54.723 0.1000000015
14104  -7.770  -57.238  53.985 0.1000000015
14105  -8.787  -57.194  53.969 0.1000000015
14106  -9.819  -57.128  54.091 0.1000000015
14926  -21.386  -55.290  30.595 0.1000000015
15457  -22.772  -54.589  30.559 0.1000000015
13476  -7.577  -58.320  52.224 0.1000000015
14107  -10.587  -57.168  53.923 0.1000000015
143000  -8.309  -58.360  52.268 0.1000000015
14121  -10.172  -57.394  53.392 0.1000000015
18060  -25.182  -50.301  27.057 0.1000000015
16102  -22.737  -53.661  30.477 0.1000000015
16116  -22.840  -53.199  28.642 0.1000000015
16117  -23.217  -53.947  29.433 0.1000000015
13761  -23.104  -57.616  28.570 0.1000000015
13743  -22.572  -57.266  29.277 0.1000000015
126777  -25.334  -49.251  28.445 0.1000000015
16775  -22.638  -52.177  26.426 0.1000000015
18067  -24.785  -50.900  26.368 0.1000000015
16762  -22.339  -52.631  28.042 0.1000000015
16132  -23.036  -52.831  26.349 0.1000000015
18771  -25.126  -49.172  28.187 0.1000000015
13495  -17.739  -57.795  49.895 0.1000000015
19475  -25.318  -48.220  29.339 0.1000000015
18059  -24.552  -50.195  26.966 0.1000000015
15455  -20.970  -54.575  30.971 0.1000000015
15456  -21.960  -54.542  30.933 0.1000000015
120630  -22.680  -53.081  29.774 0.1000000015
138336  -22.794  -51.069  26.830 0.1000000015
14924  -19.358  -55.184  30.051 0.1000000015
16079  -22.293  -53.088  31.019 0.1000000015
14954  -17.386  -55.736  29.040 0.1000000015
13515  -17.404  -57.797  48.929 0.1000000015
127135  -18.576  -57.224  48.632 0.1000000015
14140  -19.843  -56.333  49.764 0.1000000015
13532  -17.883  -57.415  48.329 0.1000000015
122828  -19.072  -56.955  48.438 0.1000000015
20139  -26.032  -46.969  29.732 0.1000000015
17417  -21.902  -51.874  27.128 0.1000000015
119232  -17.690  -55.136  29.432 0.1000000015
16099  -18.222  -53.905  30.516 0.1000000015
15474  -17.125  -54.592  29.683 0.1000000015
121562  -18.572  -56.992  47.890 0.1000000015
14153  -19.687  -56.462  48.753 0.1000000015
14168  -17.684  -57.082  47.723 0.1000000015
14181  -19.043  -56.436  47.259 0.1000000015
14169  -19.356  -56.606  47.838 0.1000000015
18770  -24.636  -48.982  28.139 0.1000000015
20147  -25.133  -47.803  29.168 0.1000000015
21575  -26.962  -45.683  29.832 0.1000000015
18780  -24.076  -49.580  27.675 0.1000000015
16754  -21.894  -52.092  28.721 0.1000000015
17412  -21.484  -51.670  27.881 0.1000000015
17422  -21.927  -51.259  27.166 0.1000000015
16730  -21.488  -52.200  31.387 0.1000000015
17408  -21.796  -51.652  29.914 0.1000000015
129288  -21.490  -51.327  27.543 0.1000000015
17388  -21.694  -51.558  31.140 0.1000000015
137649  -21.428  -51.068  29.916 0.1000000015
17407  -21.389  -51.370  28.879 0.1000000015
16075  -18.882  -53.101  31.313 0.1000000015
16729  -20.619  -52.183  31.587 0.1000000015
18021  -21.231  -50.799  31.107 0.1000000015
18031  -20.492  -50.102  30.793 0.1000000015
18042  -20.938  -50.753  29.178 0.1000000015
133283  -19.933  -51.389  31.757 0.1000000015
18019  -19.486  -50.455  31.722 0.1000000015
17386  -18.831  -51.131  32.115 0.1000000015
135044  -18.581  -50.246  32.047 0.1000000015
14751  -17.806  -55.747  47.263 0.1000000015
14741  -20.330  -55.666  47.577 0.1000000015
20137  -25.050  -47.014  29.265 0.1000000015
20830  -26.233  -45.699  29.495 0.1000000015
19485  -24.049  -48.276  28.566 0.1000000015
20146  -24.425  -47.595  28.990 0.1000000015
18779  -22.765  -49.660  27.734 0.1000000015
19484  -22.991  -48.211  28.434 0.1000000015
18778  -21.477  -49.708  27.535 0.1000000015
18055  -20.588  -50.363  27.840 0.1000000015
16727  -18.138  -52.720  31.427 0.1000000015
16726  -16.711  -52.215  31.725 0.1000000015
121299  -17.841  -51.969  31.924 0.1000000015
17385  -17.139  -51.468  32.237 0.1000000015
18751  -19.592  -49.594  30.821 0.1000000015
135062  -17.886  -50.866  32.314 0.1000000015
15893  -20.762  -53.954  48.685 0.1000000015
15894  -21.172  -53.366  48.260 0.1000000015
136134  -24.588  -46.121  29.452 0.1000000015
18768  -22.350  -48.924  27.982 0.1000000015
16742  -14.836  -53.562  30.330 0.1000000015
133854  -15.035  -52.753  30.797 0.1000000015
18767  -20.078  -49.916  27.919 0.1000000015
16097  -16.348  -53.539  30.444 0.1000000015
16725  -15.800  -52.245  31.496 0.1000000015
18041  -20.483  -50.164  29.632 0.1000000015
17384  -16.184  -51.464  32.188 0.1000000015
16497  -21.537  -52.621  48.070 0.1000000015
17383  -14.991  -51.763  31.719 0.1000000015
18002  -12.219  -50.499  32.482 0.1000000015
18003  -15.164  -50.371  32.416 0.1000000015
18719  -14.610  -49.657  32.348 0.1000000015
18721  -16.646  -49.740  32.237 0.1000000015
17138  -21.684  -51.688  48.492 0.1000000015
16504  -21.788  -52.715  47.007 0.1000000015
18528  -10.279  -48.963  45.122 0.1000000015
18530  -11.859  -49.000  45.196 0.1000000015
18545  -14.432  -48.204  44.425 0.1000000015
118239  -21.381  -50.830  42.083 0.1000000015
18596  -22.529  -49.836  41.550 0.1000000015
22900  -21.164  -43.575  33.791 0.1000000015
23566  -22.119  -43.340  33.495 0.1000000015
23564  -20.014  -42.133  33.947 0.1000000015
23565  -21.146  -42.574  33.655 0.1000000015
24244  -19.645  -41.199  34.028 0.1000000015
24245  -20.616  -41.534  33.710 0.1000000015
130453  -22.383  -42.469  33.400 0.1000000015
24937  -20.154  -40.607  33.719 0.1000000015
122903  -21.177  -40.837  33.541 0.1000000015
122716  -21.463  -39.998  33.434 0.1000000015
26433  -22.033  -39.180  33.256 0.1000000015
26446  -20.448  -38.329  32.890 0.1000000015
26447  -21.536  -38.455  33.050 0.1000000015
28692  -20.742  -35.247  32.079 0.1000000015
721  -3.995  -86.867  34.684 0.1000000015
15439  -21.518  -53.788  31.282 0.1000000015
16100  -19.360  -53.892  30.983 0.1000000015
16076  -20.035  -53.088  31.516 0.1000000015
16098  -17.271  -53.689  30.482 0.1000000015
25671  -20.385  -39.846  33.482 0.1000000015
134885  -20.045  -33.872  31.499 0.1000000015
122485  -18.914  -71.170  62.609 0.1000000015
139217  -3.413  -85.440  33.876 0.1000000015
17838  -10.601  -49.666  45.363 0.1000000015
137797  -12.577  -49.088  45.180 0.1000000015
132966  -18.407  -47.889  42.432 0.1000000015
18595  -21.776  -49.504  41.817 0.1000000015
118744  -22.642  -50.330  41.238 0.1000000015
125969  -16.128  -49.358  44.146 0.1000000015
18593  -20.097  -48.911  42.191 0.1000000015
6570  -10.048  -70.876  60.388 0.1000000015
7031  -9.885  -69.459  58.332 0.1000000015
7033  -12.403  -69.543  58.580 0.1000000015
135618  -10.029  -68.914  57.667 0.1000000015
7484  -10.348  -68.300  57.362 0.1000000015
7502  -12.361  -68.665  56.265 0.1000000015
7500  -10.966  -68.093  56.801 0.1000000015
16755  -22.237  -52.356  29.896 0.1000000015
20829  -25.697  -46.446  29.431 0.1000000015
20818  -26.622  -46.498  30.291 0.1000000015
16728  -19.698  -52.375  31.684 0.1000000015
20145  -23.498  -47.051  29.056 0.1000000015
17840  -12.365  -49.914  45.535 0.1000000015
24246  -21.784  -41.670  33.506 0.1000000015
127210  -22.374  -40.806  33.358 0.1000000015
26432  -20.907  -39.135  33.267 0.1000000015
36446  -17.393  -26.553  33.821 0.1000000015
36460  -17.146  -26.171  32.976 0.1000000015
4  -8.194  -89.044  34.455 0.1000000015
5  -8.987  -88.938  34.313 0.1000000015
12  -8.595  -89.200  33.985 0.1000000015
22  -8.415  -89.578  33.017 0.1000000015
23  -9.072  -89.358  33.537 0.1000000015
28  -6.282  -89.566  32.511 0.4000000060
30  -7.682  -89.665  32.670 0.1000000015
31  -8.443  -89.539  32.218 0.1000000015
37  -6.901  -89.430  31.409 0.5000000000
38  -7.617  -89.524  31.835 0.4000000060
43  -6.859  -89.306  30.784 0.5000000000
49  -10.286  -87.639  43.483 0.1000000015
51  -8.612  -88.016  42.711 0.2000000030
52  -9.834  -87.786  42.938 0.1000000015
56  -6.753  -88.371  42.046 0.2000000030
63  -6.450  -88.415  41.436 0.2000000030
89  -9.071  -88.417  34.995 0.1000000015
90  -9.928  -88.389  34.794 0.1000000015
99  -17.850  -88.935  36.278 0.1000000015
101  -7.777  -88.867  34.942 0.1000000015
110  -5.202  -89.115  33.727 0.3000000119
111  -6.633  -89.099  34.511 0.1000000015
122  -16.586  -88.515  34.306 0.1000000015
124  -5.525  -89.334  32.043 0.5000000000
140  -6.468  -89.033  30.231 0.6000000238
141  -7.221  -89.229  30.354 0.5000000000
142  -8.514  -89.149  30.183 0.4000000060
143  -9.392  -89.098  30.476 0.4000000060
145  -11.402  -88.748  30.813 0.3000000119
147  -12.739  -88.317  31.034 0.2000000030
154  -6.753  -88.427  29.098 0.6999999881
156  -8.415  -88.730  28.904 0.5000000000
161  -8.719  -88.361  28.220 0.5000000000
165  -10.195  -87.223  45.907 0.4000000060
170  -10.531  -87.372  45.097 0.2000000030
176  -9.033  -87.526  44.026 0.1000000015
181  -5.015  -87.634  43.157 0.3000000119
185  -9.138  -87.811  43.173 0.1000000015
199  -6.368  -88.146  42.745 0.2000000030
207  -18.364  -86.698  42.206 0.1000000015
209  -19.823  -86.875  41.738 0.1000000015
211  -4.832  -88.218  41.490 0.3000000119
223  -6.775  -88.059  40.787 0.1000000015
236  -6.380  -87.891  40.318 0.1000000015
268  -19.432  -88.203  36.601 0.1000000015
271  -7.237  -88.349  35.291 0.1000000015
273  -19.004  -88.212  35.745 0.1000000015
274  -19.611  -87.663  35.712 0.1000000015
281  -3.921  -88.547  33.091 0.4000000060
283  -17.259  -88.053  34.003 0.1000000015
284  -17.891  -87.609  33.728 0.2000000030
285  -2.950  -87.697  32.411 0.6999999881
287  -15.322  -88.006  32.476 0.1000000015
288  -16.592  -87.663  32.804 0.2000000030
290  -3.571  -87.595  31.687 0.5000000000
292  -14.401  -88.001  31.438 0.3000000119
296  -4.435  -87.969  31.683 0.5000000000
297  -5.306  -88.094  31.201 0.5000000000
299  -13.326  -88.100  30.686 0.3000000119
302  -15.707  -87.450  30.616 0.4000000060
303  -5.730  -88.045  30.292 0.6999999881
304  -6.216  -87.897  29.584 0.6999999881
305  -12.235  -88.065  29.070 0.5000000000
312  -7.117  -88.140  28.570 0.6999999881
314  -10.617  -88.207  28.144 0.6999999881
318  -13.854  -87.669  29.192 0.4000000060
321  -8.226  -87.859  27.694 0.6999999881
323  -9.837  -88.048  27.549 0.8000000119
328  -8.638  -87.374  27.017 0.8000000119
333  -13.036  -87.678  27.815 0.6000000238
335  -10.851  -86.665  49.129 0.6999999881
342  -6.834  -86.210  47.074 0.8000000119
343  -7.284  -86.103  47.544 0.8000000119
344  -8.438  -86.625  47.361 0.6999999881
347  -11.658  -87.006  47.401 0.5000000000
351  -9.066  -86.824  46.616 0.4000000060
357  -4.689  -85.985  45.456 0.8000000119
360  -7.299  -86.963  45.564 0.4000000060
365  -4.787  -86.588  44.517 0.8000000119
372  -17.384  -86.467  43.950 0.1000000015
375  -19.568  -86.414  43.749 0.1000000015
379  -5.173  -87.209  43.835 0.5000000000
382  -16.826  -86.633  43.162 0.1000000015
384  -18.540  -86.543  43.350 0.1000000015
386  -20.584  -86.370  42.670 0.1000000015
387  -3.514  -87.213  42.478 0.4000000060
389  -19.586  -86.698  42.411 0.1000000015
396  -21.130  -86.823  41.403 0.1000000015
397  -1.869  -86.957  40.038 0.4000000060
399  -3.233  -87.771  40.716 0.3000000119
404  -21.501  -87.004  40.104 0.1000000015
406  -2.508  -87.417  39.431 0.3000000119
424  -2.197  -87.221  38.758 0.3000000119
430  -2.916  -87.241  38.028 0.1000000015
452  -3.705  -87.559  34.257 0.2000000030
453  -4.366  -87.585  34.759 0.1000000015
456  -19.081  -87.136  34.466 0.3000000119
459  -23.781  -86.280  34.471 0.6000000238
461  -3.083  -87.549  33.660 0.2000000030
462  -18.258  -87.101  33.275 0.4000000060
465  -22.433  -86.622  33.571 0.6999999881
466  -23.057  -86.670  33.254 0.6000000238
467  -23.800  -86.327  33.679 0.6000000238
471  -6.716  -87.218  32.549 0.6999999881
475  -18.508  -86.126  31.530 0.4000000060
476  -22.091  -86.900  32.219 0.6000000238
477  -22.886  -86.785  32.363 0.6999999881
479  -2.218  -86.748  31.565 0.6000000238
481  -4.618  -87.234  31.429 0.6999999881
486  -16.660  -87.334  31.463 0.4000000060
490  -21.095  -86.591  30.469 0.5000000000
492  -21.905  -86.870  31.393 0.6000000238
493  -23.004  -86.690  31.622 0.6999999881
495  -2.648  -86.794  31.204 0.6000000238
496  -3.181  -87.033  31.263 0.6000000238
497  -3.816  -87.242  31.466 0.5000000000
500  -5.749  -87.702  30.704 0.6999999881
502  -7.193  -87.118  31.009 0.6999999881
504  -17.521  -87.078  30.116 0.4000000060
506  -19.566  -85.790  29.976 0.5000000000
508  -21.301  -86.806  30.322 0.6000000238
514  -18.270  -86.689  29.771 0.5000000000
519  -23.221  -86.605  29.660 0.6999999881
520  -23.554  -86.345  29.807 0.6999999881
521  -6.718  -87.560  28.961 0.6999999881
522  -7.141  -87.241  28.461 0.8000000119
530  -21.279  -87.052  28.231 0.6000000238
534  -7.638  -87.218  27.914 0.8000000119
535  -8.260  -86.940  27.152 0.8000000119
538  -17.768  -87.086  27.728 0.8999999762
543  -22.679  -86.898  27.567 0.6999999881
546  -9.255  -87.034  26.401 0.8999999762
550  -13.639  -87.449  27.221 0.6000000238
552  -14.973  -87.169  26.491 0.6999999881
554  -17.924  -87.038  26.992 1.0000000000
557  -20.045  -86.965  26.500 0.8000000119
560  -23.139  -86.495  26.949 0.6999999881
563  -11.107  -86.346  25.258 0.8000000119
565  -12.770  -86.817  25.415 0.8000000119
569  -17.056  -86.870  26.043 0.8999999762
570  -18.872  -86.854  26.040 0.8000000119
571  -19.680  -86.838  25.960 0.8000000119
572  -20.569  -86.828  25.977 0.6999999881
575  -14.099  -86.589  24.870 0.8999999762
576  -14.965  -86.666  24.967 0.8999999762
579  -17.564  -86.611  25.371 0.8000000119
582  -12.286  -85.668  51.103 0.6999999881
584  -9.865  -85.189  49.972 0.8000000119
585  -10.367  -85.433  50.295 0.8000000119
587  -11.829  -86.017  50.427 0.6999999881
590  -9.116  -85.495  49.086 0.8000000119
592  -10.538  -86.101  49.831 0.6999999881
593  -11.364  -86.347  49.755 0.6999999881
601  -14.408  -85.792  48.565 0.5000000000
603  -7.535  -85.858  47.745 0.8000000119
612  -5.436  -86.050  45.764 0.8000000119
615  -15.598  -85.772  45.067 0.2000000030
617  -17.428  -85.874  45.100 0.2000000030
621  -3.016  -85.619  44.221 0.8000000119
623  -4.126  -86.103  44.868 0.8000000119
625  -15.133  -86.210  44.418 0.1000000015
629  -18.573  -86.247  44.418 0.1000000015
631  -19.973  -86.025  43.962 0.2000000030
633  -3.267  -86.209  43.770 0.6000000238
636  -2.460  -86.231  42.452 0.8000000119
637  -21.148  -85.916  42.682 0.2000000030
639  -2.213  -86.544  41.609 0.4000000060
645  -21.610  -86.321  41.364 0.1000000015
646  -21.923  -86.279  40.821 0.2000000030
657  -21.919  -86.486  40.272 0.1000000015
659  -1.386  -86.405  39.716 0.5000000000
673  -21.688  -86.700  38.698 0.1000000015
677  -2.367  -87.188  38.233 0.3000000119
679  -4.073  -86.902  38.348 0.1000000015
683  -1.433  -86.431  37.571 0.2000000030
690  -21.376  -86.042  37.527 0.2000000030
694  -25.604  -85.339  36.836 0.5000000000
707  -24.710  -85.964  36.495 0.5000000000
708  -25.286  -85.717  36.498 0.5000000000
709  -25.747  -85.378  36.167 0.5000000000
716  -23.423  -86.123  35.691 0.6000000238
717  -24.287  -86.113  35.688 0.5000000000
724  -21.956  -86.328  33.797 0.6000000238
730  -2.621  -86.876  33.481 0.3000000119
731  -6.969  -86.554  33.074 0.8000000119
732  -7.828  -86.330  33.227 0.8000000119
733  -8.392  -86.548  33.126 0.8000000119
734  -9.058  -86.599  32.773 0.8999999762
736  -18.757  -85.898  33.267 0.4000000060
738  -22.339  -86.399  33.996 0.6000000238
739  -24.302  -85.826  33.563 0.5000000000
741  -6.243  -86.728  32.749 0.6999999881
743  -10.002  -86.070  32.922 0.8999999762
744  -18.933  -85.397  31.522 0.4000000060
745  -21.615  -86.561  32.472 0.6000000238
746  -23.827  -86.006  32.316 0.5000000000
747  -1.733  -86.151  31.366 0.6000000238
753  -2.133  -86.367  30.764 0.6000000238
759  -10.090  -86.117  31.146 0.8999999762
761  -20.453  -85.963  30.048 0.4000000060
769  -23.932  -85.984  29.668 0.6999999881
770  -24.501  -85.667  29.074 0.3000000119
776  -24.249  -85.885  28.354 0.4000000060
778  -7.948  -86.708  27.594 0.8999999762
779  -8.412  -86.481  27.233 0.8999999762
781  -24.391  -85.602  27.518 0.4000000060
782  -8.907  -86.472  26.723 0.8999999762
783  -9.440  -86.204  26.214 0.8999999762
786  -23.522  -85.837  26.386 0.4000000060
787  -24.115  -85.416  26.708 0.4000000060
789  -11.290  -86.042  25.082 0.8999999762
793  -22.278  -86.076  25.620 0.6999999881
794  -10.926  -85.843  25.360 0.8999999762
795  -12.455  -85.813  24.519 0.8000000119
805  -12.996  -85.472  24.176 0.8000000119
808  -15.785  -85.632  23.611 0.8999999762
813  -20.465  -85.246  23.991 0.6000000238
815  -13.010  -84.771  52.431 0.8000000119
816  -13.920  -84.820  52.505 0.8000000119
820  -10.896  -84.609  51.100 0.8000000119
823  -12.715  -85.216  51.723 0.8000000119
825  -14.459  -85.139  51.680 0.8000000119
829  -10.356  -84.921  50.525 0.8000000119
835  -8.974  -85.214  48.962 0.8000000119
841  -8.470  -85.347  48.474 0.8000000119
842  -15.633  -85.214  48.564 0.4000000060
844  -17.414  -84.664  48.440 0.5000000000
852  -5.638  -85.481  45.833 0.8000000119
855  -17.365  -85.032  46.377 0.2000000030
859  -3.838  -85.050  45.365 0.8999999762
860  -4.446  -85.324  45.546 0.8000000119
864  -18.671  -85.149  45.601 0.4000000060
867  -3.424  -85.322  44.951 0.8999999762
871  -20.510  -85.400  43.835 0.2000000030
878  -21.389  -85.150  42.645 0.2000000030
879  -1.584  -85.546  41.261 0.6999999881
881  -7.192  -85.494  42.032 0.1000000015
889  -22.011  -85.627  41.175 0.1000000015
899  -26.661  -84.144  39.847 0.5000000000
900  -1.170  -85.778  39.810 0.5000000000
908  -22.106  -85.979  39.837 0.2000000030
912  -27.516  -84.006  39.633 0.5000000000
913  -27.525  -83.921  38.909 0.6000000238
914  -4.943  -85.573  38.869 0.1000000015
917  -21.656  -85.255  38.591 0.3000000119
918  -25.177  -84.927  38.100 0.5000000000
923  -1.118  -86.042  36.819 0.2000000030
924  -2.515  -86.591  37.062 0.2000000030
926  -4.013  -85.833  37.548 0.1000000015
933  -23.832  -85.364  37.361 0.5000000000
937  -27.045  -83.994  37.619 0.6000000238
939  -1.569  -85.887  36.168 0.1000000015
940  -2.392  -86.140  36.517 0.2000000030
958  -26.286  -84.727  36.317 0.5000000000
960  -1.817  -85.289  35.637 0.1000000015
975  -22.131  -85.136  34.685 0.6000000238
977  -2.284  -86.173  33.235 0.3000000119
979  -4.087  -85.043  34.138 0.1000000015
982  -10.666  -85.362  33.156 0.8999999762
983  -19.106  -84.760  32.898 0.4000000060
986  -1.633  -85.868  31.917 0.4000000060
990  -7.290  -85.835  33.076 0.8000000119
991  -8.202  -85.615  33.213 0.8000000119
1002  -6.869  -85.372  32.387 0.8000000119
1004  -11.926  -85.370  31.995 0.8999999762
1005  -12.560  -85.066  31.911 0.8999999762
1007  -20.546  -85.266  30.826 0.4000000060
1010  -1.403  -84.490  29.951 0.5000000000
1011  -1.393  -85.160  30.486 0.3000000119
1012  -4.441  -86.015  30.978 0.6000000238
1017  -12.385  -85.197  31.118 0.8999999762
1020  -2.137  -85.678  29.512 0.6000000238
1026  -25.094  -85.150  29.492 0.2000000030
1028  -1.890  -85.103  29.002 0.4000000060
1030  -3.152  -85.515  28.724 0.6999999881
1033  -9.488  -85.601  27.996 0.8999999762
1038  -2.930  -85.161  28.042 0.6000000238
1040  -9.279  -85.739  27.066 0.8999999762
1042  -11.083  -85.313  27.448 0.8000000119
1044  -24.875  -84.918  27.544 0.3000000119
1051  -9.976  -86.021  25.721 0.8000000119
1052  -23.069  -85.458  25.612 0.6999999881
1053  -23.257  -84.723  25.479 0.4000000060
1055  -11.797  -85.538  24.963 0.8000000119
1056  -12.476  -85.341  24.546 0.8000000119
1058  -21.818  -85.076  24.471 0.5000000000
1062  -13.653  -85.278  23.848 0.8999999762
1063  -14.517  -85.051  23.464 0.6999999881
1064  -15.393  -85.062  23.216 0.6999999881
1068  -19.253  -85.114  23.447 0.6000000238
1070  -21.514  -84.497  24.232 0.5000000000
1071  -21.925  -84.517  24.516 0.5000000000
1073  -16.014  -84.591  23.044 0.6000000238
1074  -16.929  -84.489  22.938 0.6000000238
1075  -17.903  -84.532  22.952 0.6000000238
1076  -18.817  -84.492  23.089 0.6000000238
1078  -14.101  -83.916  53.087 0.8000000119
1080  -15.621  -83.897  53.222 0.8000000119
1081  -16.483  -83.564  53.303 0.8000000119
1083  -17.941  -83.423  53.144 0.8000000119
1087  -15.090  -84.343  52.937 0.8000000119
1091  -19.417  -83.514  52.566 0.8000000119
1093  -11.352  -84.272  51.758 0.8000000119
1095  -17.505  -84.411  51.952 0.8000000119
1099  -21.019  -83.818  51.272 0.8000000119
1111  -20.803  -84.233  49.154 0.8000000119
1112  -21.455  -84.037  49.644 0.8000000119
1115  -9.411  -84.582  48.586 0.8000000119
1116  -9.904  -84.252  49.116 0.8999999762
1117  -17.934  -84.554  47.767 0.4000000060
1119  -19.521  -84.424  48.490 0.6999999881
1122  -21.827  -83.978  49.049 0.6999999881
1124  -8.359  -85.177  47.908 0.8000000119
1130  -20.445  -84.197  47.380 0.6999999881
1131  -21.291  -84.044  47.670 0.6999999881
1133  -5.045  -84.776  45.515 0.6999999881
1134  -6.244  -85.592  46.098 0.8000000119
1136  -8.119  -85.235  45.789 0.8000000119
1143  -3.756  -84.487  45.288 0.8000000119
1149  -9.073  -84.219  45.495 0.8999999762
1150  -19.383  -84.574  46.002 0.4000000060
1151  -19.985  -84.425  45.031 0.3000000119
1154  -2.588  -84.535  43.798 0.8000000119
1156  -1.962  -84.551  42.365 0.8999999762
1167  -1.742  -84.732  41.627 0.8999999762
1174  -25.819  -84.037  41.013 0.6000000238
1175  -26.629  -84.022  41.135 0.6000000238
1176  -27.500  -83.979  41.097 0.6999999881
1177  -28.288  -83.727  40.862 0.6000000238
1185  -24.703  -84.080  40.186 0.5000000000
1186  -25.486  -84.156  40.266 0.6000000238
1190  -1.009  -85.379  39.032 0.6000000238
1199  -24.505  -84.242  39.387 0.5000000000
1201  -28.300  -83.828  39.367 0.6000000238
1210  -23.376  -84.014  38.034 0.5000000000
1212  -28.374  -83.534  38.281 0.4000000060
1213  -0.611  -84.896  37.639 0.3000000119
1229  -0.653  -84.874  36.052 0.1000000015
1231  -3.566  -84.588  36.280 0.1000000015
1243  -22.642  -83.626  36.591 0.4000000060
1244  -23.245  -85.375  36.828 0.5000000000
1245  -26.936  -83.877  36.579 0.4000000060
1247  -0.962  -84.622  35.495 0.1000000015
1248  -1.404  -84.680  35.294 0.1000000015
1258  -27.293  -83.534  36.654 0.3000000119
1266  -24.596  -84.533  33.467 0.2000000030
1275  -11.338  -84.733  33.229 1.0000000000
1276  -12.943  -83.835  33.225 0.8999999762
1277  -19.800  -84.064  32.414 0.5000000000
1280  -24.509  -84.465  32.554 0.2000000030
1282  -2.135  -84.524  32.208 0.2000000030
1287  -9.938  -84.816  33.300 0.8999999762
1289  -14.073  -84.047  32.367 0.6999999881
1292  -21.138  -84.794  32.085 0.5000000000
1295  -1.682  -84.626  31.493 0.2000000030
1297  -6.613  -85.051  31.511 0.8000000119
1300  -9.101  -84.338  32.339 0.8000000119
1301  -12.968  -84.682  32.310 0.8999999762
1304  -14.915  -84.338  31.088 0.6000000238
1308  -1.486  -83.632  29.704 0.2000000030
1314  -13.761  -84.844  30.429 0.6999999881
1317  -26.282  -84.212  29.741 0.2000000030
1318  -1.429  -84.016  29.231 0.5000000000
1320  -4.707  -85.037  29.111 0.8000000119
1327  -15.184  -84.556  29.398 0.5000000000
1328  -26.310  -83.829  28.872 0.2000000030
1330  -1.686  -84.364  28.599 0.5000000000
1331  -4.355  -85.034  28.380 0.6999999881
1333  -5.827  -84.279  28.660 0.8999999762
1337  -15.115  -84.662  28.105 0.6000000238
1341  -2.857  -84.505  27.654 0.6000000238
1343  -4.384  -84.789  27.684 0.6000000238
1346  -12.906  -85.042  27.476 0.8000000119
1349  -15.490  -84.396  27.365 0.6000000238
1350  -25.046  -84.369  27.635 0.3000000119
1351  -25.388  -84.028  28.014 0.2000000030
1352  -2.653  -83.936  27.490 0.5000000000
1353  -3.227  -83.883  27.138 0.8000000119
1354  -4.063  -84.388  27.096 0.8000000119
1355  -5.068  -84.062  26.570 0.8999999762
1357  -10.977  -85.607  25.577 0.8000000119
1363  -23.720  -84.014  26.159 0.4000000060
1364  -24.201  -84.210  26.625 0.3000000119
1365  -4.031  -83.767  26.641 0.8000000119
1370  -11.995  -84.979  25.130 0.8000000119
1374  -23.043  -84.227  25.469 0.4000000060
1375  -5.203  -83.520  25.128 0.8999999762
1376  -5.751  -83.564  24.774 0.8999999762
1378  -12.658  -85.065  24.476 0.8000000119
1385  -14.830  -84.645  23.505 0.6000000238
1386  -15.391  -84.304  23.312 0.6000000238
1388  -20.224  -84.137  23.624 0.5000000000
1389  -15.864  -84.235  23.088 0.6000000238
1392  -18.407  -84.018  22.904 0.6000000238
1393  -14.478  -83.382  53.185 0.8000000119
1394  -15.156  -83.423  53.352 0.8000000119
1398  -18.529  -82.915  53.271 0.8000000119
1402  -13.682  -83.645  53.045 0.8000000119
1403  -18.730  -83.461  52.912 0.8000000119
1404  -20.542  -82.918  52.532 0.6999999881
1406  -21.541  -82.253  51.955 0.6999999881
1408  -11.944  -83.981  52.399 0.8000000119
1410  -20.852  -83.462  52.037 0.8000000119
1413  -22.532  -82.407  51.200 0.6999999881
1414  -11.052  -83.784  51.100 0.8000000119
1417  -21.709  -83.514  51.078 0.8000000119
1418  -22.411  -83.086  50.904 0.6999999881
1422  -13.092  -82.818  49.039 0.6999999881
1425  -24.004  -82.693  49.400 0.6999999881
1426  -10.513  -83.864  49.655 0.8000000119
1429  -13.326  -82.751  47.960 0.6999999881
1430  -22.608  -83.523  49.108 0.6999999881
1434  -12.108  -83.220  47.293 0.6999999881
1439  -23.553  -83.222  47.972 0.6999999881
1440  -24.207  -82.936  47.721 0.6999999881
1444  -20.809  -83.816  45.937 0.5000000000
1445  -21.502  -83.640  46.281 0.6000000238
1448  -3.198  -83.497  44.674 0.8000000119
1449  -3.941  -83.349  45.228 0.8000000119
1452  -6.195  -83.442  44.661 0.6999999881
1453  -7.012  -84.023  44.650 0.6999999881
1454  -7.846  -83.997  44.792 0.6999999881
1463  -26.109  -82.621  44.378 0.6000000238
1469  -20.490  -83.672  43.775 0.4000000060
1470  -25.008  -83.206  43.106 0.5000000000
1473  -27.535  -82.898  43.110 0.6000000238
1474  -28.230  -82.327  42.758 0.6999999881
1486  -20.659  -83.047  42.378 0.5000000000
1487  -21.010  -84.039  42.401 0.3000000119
1494  -2.194  -83.435  41.436 0.8999999762
1501  -23.833  -83.111  41.171 0.5000000000
1508  -2.301  -83.686  40.502 0.6999999881
1515  -20.637  -82.643  41.092 0.4000000060
1517  -23.525  -82.903  40.558 0.6000000238
1519  -28.825  -83.357  40.658 0.6000000238
1520  -29.115  -82.884  40.441 0.5000000000
1522  -2.412  -83.588  39.777 1.0000000000
1523  -3.157  -83.061  39.839 0.8999999762
1530  -20.936  -83.348  40.060 0.4000000060
1534  -29.366  -82.870  39.032 0.3000000119
1545  -28.963  -83.224  38.427 0.6000000238
1557  -28.510  -83.213  37.763 0.4000000060
1576  -20.297  -82.709  35.235 0.5000000000
1577  -21.504  -82.547  35.102 0.3000000119
1581  -26.748  -83.513  36.134 0.2000000030
1582  -27.436  -82.911  36.662 0.2000000030
1583  -0.924  -83.308  34.579 0.1000000015
1589  -20.681  -82.966  33.964 0.6000000238
1595  -11.320  -84.124  33.307 1.0000000000
1596  -12.645  -83.493  33.344 0.8999999762
1598  -14.045  -83.146  33.236 0.6999999881
1599  -14.888  -82.991  33.166 0.6999999881
1600  -19.990  -83.530  32.976 0.5000000000
1601  -20.528  -83.436  33.252 0.5000000000
1611  -13.686  -83.677  33.031 0.8999999762
1616  -25.842  -83.639  31.930 0.2000000030
1619  -1.811  -83.842  30.899 0.2000000030
1625  -14.827  -83.941  32.021 0.6999999881
1628  -26.656  -83.949  31.276 0.2000000030
1630  -28.215  -82.875  30.715 0.2000000030
1635  -9.378  -83.572  30.364 1.0000000000
1637  -15.584  -84.049  30.545 0.6000000238
1640  -28.097  -82.539  29.829 0.2000000030
1641  -1.565  -83.300  29.129 0.5000000000
1643  -7.963  -83.770  29.379 0.8999999762
1644  -8.784  -83.496  29.465 0.8999999762
1648  -27.395  -82.952  29.407 0.2000000030
1650  -1.843  -83.595  28.214 0.5000000000
1652  -6.537  -83.848  28.483 0.8999999762
1653  -7.462  -83.515  28.624 0.8999999762
1655  -9.089  -83.002  28.818 0.8999999762
1659  -21.341  -83.258  28.570 0.4000000060
1664  -25.892  -83.519  28.545 0.2000000030
1665  -2.233  -82.685  27.880 0.3000000119
1669  -7.430  -82.954  27.194 1.0000000000
1670  -16.124  -83.769  27.272 0.6000000238
1672  -19.514  -83.107  27.089 0.4000000060
1677  -24.798  -83.796  27.437 0.2000000030
1678  -2.871  -83.359  27.095 0.5000000000
1681  -7.103  -83.148  26.282 1.0000000000
1685  -19.940  -83.456  26.333 0.4000000060
1687  -22.288  -83.643  26.547 0.4000000060
1689  -24.967  -84.048  27.502 0.3000000119
1690  -4.028  -83.068  25.934 0.8000000119
1692  -6.849  -83.471  25.154 1.0000000000
1696  -19.466  -83.268  25.303 0.4000000060
1698  -21.607  -83.758  25.007 0.5000000000
1701  -4.828  -83.242  24.755 0.8000000119
1703  -6.408  -83.547  24.464 1.0000000000
1705  -7.946  -82.906  23.980 1.0000000000
1707  -15.153  -84.216  23.419 0.6999999881
1708  -15.781  -83.740  23.700 0.6000000238
1711  -20.992  -83.767  24.313 0.5000000000
1714  -5.761  -83.189  23.701 0.8999999762
1715  -6.764  -83.004  23.307 1.0000000000
1716  -7.374  -82.981  23.524 1.0000000000
1717  -8.121  -82.731  23.349 1.0000000000
1720  -18.038  -83.168  23.239 0.6000000238
1721  -18.533  -83.420  23.275 0.6000000238
1723  -20.371  -83.912  23.799 0.5000000000
1726  -7.969  -82.655  23.108 1.0000000000
1727  -16.337  -83.951  22.964 0.6000000238
1728  -17.076  -83.849  22.879 0.6000000238
1730  -18.843  -83.765  23.156 0.6000000238
1731  -15.188  -82.824  53.452 0.8999999762
1733  -18.209  -82.424  53.338 1.0000000000
1735  -19.627  -82.214  52.757 0.8999999762
1738  -20.725  -82.278  52.403 0.6999999881
1740  -22.199  -82.106  51.554 0.6999999881
1745  -24.267  -81.594  49.898 0.6999999881
1748  -23.928  -82.271  50.024 0.6999999881
1754  -9.135  -82.488  46.696 0.8000000119
1755  -13.674  -81.868  46.981 0.6000000238
1756  -24.942  -82.375  47.934 0.6999999881
1766  -11.317  -82.495  46.533 0.6999999881
1767  -12.129  -82.294  46.620 0.6999999881
1768  -12.943  -82.117  46.696 0.6999999881
1774  -4.257  -82.138  45.414 0.8000000119
1775  -4.845  -82.259  45.318 0.8000000119
1778  -8.146  -83.400  45.289 0.8000000119
1779  -8.979  -83.547  45.583 0.8000000119
1781  -23.475  -82.880  45.504 0.6999999881
1782  -24.301  -82.756  45.584 0.6999999881
1783  -25.129  -82.538  45.552 0.6000000238
1785  -27.151  -81.470  45.265 0.6000000238
1787  -20.684  -83.161  43.999 0.4000000060
1789  -22.293  -82.542  44.515 0.6000000238
1790  -23.328  -82.453  44.435 0.6999999881
1791  -24.172  -82.584  44.470 0.6999999881
1794  -28.060  -81.471  43.878 0.6999999881
1795  -2.689  -82.052  43.282 1.0000000000
1803  -22.351  -82.025  43.204 0.5000000000
1815  -28.366  -81.924  42.308 0.5000000000
1818  -4.091  -81.668  41.027 1.0000000000
1824  -23.922  -82.918  41.992 0.5000000000
1828  -3.417  -82.839  40.227 1.0000000000
1829  -4.126  -82.146  40.264 1.0000000000
1836  -29.162  -82.450  40.107 0.5000000000
1838  -4.275  -81.975  39.775 0.8999999762
1843  -20.662  -81.644  38.856 0.3000000119
1845  -22.789  -82.263  39.525 0.5000000000
1848  -2.529  -82.480  39.051 0.8000000119
1858  -22.043  -81.620  38.002 0.6000000238
1860  -29.559  -82.182  38.694 0.2000000030
1890  -27.122  -81.875  36.541 0.2000000030
1892  -0.604  -82.175  34.922 0.3000000119
1898  -21.231  -82.136  35.628 0.5000000000
1899  -25.003  -81.437  34.925 0.2000000030
1903  -1.222  -82.997  34.018 0.1000000015
1910  -1.250  -82.218  33.737 0.1000000015
1917  -13.613  -82.813  33.335 0.8000000119
1920  -16.103  -82.197  33.574 0.6000000238
1922  -24.456  -82.834  33.486 0.2000000030
1936  -16.444  -82.514  32.993 0.6999999881
1937  -17.038  -81.988  32.676 0.6000000238
1938  -24.912  -83.228  32.562 0.2000000030
1944  -3.026  -82.864  30.899 0.2000000030
1945  -3.822  -82.807  31.198 0.1000000015
1948  -11.034  -83.025  31.161 0.8999999762
1953  -29.619  -82.019  31.390 0.2000000030
1962  -22.676  -81.680  30.506 0.3000000119
1964  -29.098  -81.760  30.359 0.2000000030
1966  -1.870  -82.695  28.923 0.3000000119
1967  -1.747  -82.926  29.432 0.2000000030
1970  -11.292  -82.203  29.665 1.0000000000
1978  -26.399  -82.960  28.799 0.2000000030
1981  -2.109  -82.520  28.477 0.3000000119
1983  -8.645  -82.724  28.112 1.0000000000
1986  -11.147  -81.905  28.842 1.0000000000
1988  -19.708  -82.299  27.931 0.4000000060
1989  -20.319  -82.439  28.609 0.4000000060
1991  -22.650  -82.845  29.254 0.3000000119
1993  -25.005  -82.980  28.491 0.2000000030
1999  -10.695  -81.746  27.498 0.8000000119
2006  -2.867  -82.623  26.544 0.5000000000
2007  -7.873  -82.674  26.543 1.0000000000
2008  -8.630  -82.321  26.677 1.0000000000
2009  -9.457  -82.095  26.739 1.0000000000
2010  -10.284  -81.870  26.737 1.0000000000
2011  -11.023  -81.567  26.710 0.8999999762
2012  -16.804  -82.719  26.472 0.4000000060
2013  -17.572  -82.209  26.156 0.4000000060
2016  -2.920  -81.988  25.906 0.8000000119
2018  -3.691  -82.644  25.456 0.6000000238
2021  -9.117  -82.467  24.916 1.0000000000
2026  -18.658  -82.794  25.735 0.4000000060
2029  -4.319  -82.728  24.418 0.8000000119
2031  -10.308  -81.992  23.586 0.8999999762
2033  -18.355  -82.824  24.183 0.5000000000
2034  -19.059  -83.138  24.040 0.5000000000
2035  -3.997  -82.057  24.269 0.8000000119
2036  -4.562  -82.307  23.799 0.8000000119
2037  -5.356  -82.489  23.259 0.8999999762
2038  -6.160  -82.836  23.154 0.8999999762
2042  -18.029  -82.875  23.646 0.5000000000
2046  -7.345  -82.149  22.393 1.0000000000
2048  -9.528  -82.118  22.689 0.8999999762
2049  -10.291  -81.957  22.792 0.8999999762
2050  -11.681  -81.646  22.501 0.8999999762
2051  -7.979  -81.901  22.189 1.0000000000
2052  -8.668  -81.896  22.248 1.0000000000
2060  -10.691  -81.247  54.544 0.3000000119
2061  -11.289  -81.223  54.585 0.3000000119
2063  -8.662  -81.072  53.418 0.5000000000
2064  -9.570  -81.272  53.607 0.5000000000
2066  -11.193  -81.364  53.940 0.3000000119
2068  -16.294  -81.181  53.385 0.8000000119
2069  -17.027  -81.446  53.556 0.6000000238
2072  -19.806  -82.106  52.700 0.8999999762
2073  -7.585  -80.905  52.414 0.5000000000
2078  -14.560  -81.941  52.341 0.6999999881
2080  -17.573  -81.365  53.324 0.6000000238
2084  -21.233  -81.945  52.044 0.6999999881
2086  -7.071  -80.868  51.274 0.6000000238
2092  -18.521  -81.063  51.982 0.6999999881
2095  -21.649  -81.662  51.555 0.6999999881
2096  -22.274  -81.689  51.359 0.6999999881
2099  -8.251  -81.245  50.334 0.6000000238
2101  -18.756  -80.995  51.126 0.6000000238
2104  -22.729  -81.444  50.961 0.6000000238
2113  -19.101  -81.350  49.428 0.6000000238
2115  -24.489  -81.199  49.627 0.6000000238
2116  -25.009  -81.179  49.106 0.6000000238
2124  -19.544  -81.296  48.732 0.5000000000
2126  -25.941  -80.730  47.775 0.6000000238
2130  -7.309  -82.173  47.725 0.6999999881
2131  -8.153  -82.175  47.985 0.6999999881
2135  -19.680  -81.105  47.954 0.5000000000
2136  -26.173  -81.069  47.601 0.6999999881
2137  -26.427  -80.549  46.980 0.6000000238
2141  -9.999  -82.242  46.618 0.6999999881
2150  -3.634  -81.334  45.354 0.8000000119
2152  -27.011  -81.040  46.064 0.6999999881
2154  -27.729  -80.418  44.756 0.6000000238
2155  -27.823  -81.023  44.534 0.6999999881
2156  -2.824  -81.250  43.324 1.0000000000
2159  -21.695  -81.921  42.796 0.5000000000
2160  -28.196  -80.956  43.824 0.6999999881
2162  -2.967  -81.115  42.498 1.0000000000
2177  -20.791  -81.873  41.433 0.4000000060
2179  -21.814  -81.551  41.337 0.5000000000
2180  -22.513  -81.818  41.831 0.5000000000
2181  -26.466  -81.338  40.587 0.3000000119
2185  -28.994  -82.247  40.363 0.3000000119
2187  -5.069  -81.368  40.074 0.8999999762
2198  -28.892  -81.855  40.287 0.3000000119
2200  -3.755  -82.188  39.536 0.8000000119
2202  -4.770  -81.298  39.731 0.8999999762
2211  -21.087  -81.325  39.130 0.5000000000
2213  -27.021  -81.355  40.209 0.2000000030
2216  -29.196  -81.582  39.616 0.2000000030
2217  -1.650  -81.106  38.322 0.6000000238
2243  -21.058  -81.403  37.277 0.5000000000
2247  -0.657  -81.754  35.767 0.5000000000
2248  -0.927  -81.139  36.731 0.5000000000
2253  -21.015  -81.731  36.218 0.5000000000
2254  -21.269  -81.612  36.662 0.5000000000
2265  -0.764  -81.625  34.321 0.1000000015
2273  -27.068  -80.760  33.785 0.2000000030
2277  -30.590  -80.843  33.590 0.1000000015
2285  -14.851  -81.991  33.370 0.6000000238
2288  -17.195  -81.318  33.737 0.5000000000
2289  -17.702  -81.188  33.294 0.5000000000
2290  -24.698  -82.084  33.668 0.2000000030
2295  -29.974  -81.283  33.471 0.1000000015
2296  -30.832  -80.928  32.971 0.2000000030
2298  -1.363  -80.961  33.233 0.1000000015
2304  -13.678  -81.881  32.750 0.8999999762
2307  -17.970  -80.896  32.839 0.5000000000
2309  -30.945  -80.848  32.235 0.2000000030
2313  -13.436  -81.560  31.764 0.8000000119
2315  -17.871  -80.819  32.123 0.6000000238
2316  -30.213  -81.436  31.349 0.2000000030
2326  -16.881  -81.452  30.648 0.4000000060
2335  -30.059  -81.175  30.816 0.2000000030
2336  -30.502  -80.805  31.129 0.2000000030
2337  -2.300  -82.225  28.543 0.3000000119
2338  -2.195  -82.302  29.030 0.1000000015
2339  -2.912  -81.924  29.327 0.1000000015
2345  -13.222  -81.018  30.049 0.6999999881
2348  -21.439  -81.733  29.782 0.3000000119
2349  -21.970  -81.650  30.254 0.3000000119
2350  -23.653  -81.777  30.461 0.2000000030
2354  -28.112  -81.842  29.741 0.2000000030
2357  -2.745  -81.623  28.441 0.1000000015
2358  -11.731  -81.522  28.302 0.8000000119
2360  -16.578  -81.350  27.977 0.4000000060
2365  -11.870  -81.255  27.554 0.6999999881
2368  -17.052  -81.008  27.392 0.4000000060
2369  -19.246  -81.713  27.417 0.4000000060
2370  -2.351  -80.989  26.837 0.6000000238
2372  -16.969  -82.166  26.958 0.4000000060
2373  -17.299  -81.719  26.922 0.4000000060
2377  -3.003  -81.388  25.449 0.6999999881
2378  -10.424  -81.919  24.668 0.8999999762
2380  -3.320  -81.592  25.055 0.8000000119
2383  -12.474  -81.166  24.309 0.8999999762
2384  -4.238  -81.527  24.021 0.6999999881
2386  -5.464  -81.778  22.989 0.8000000119
2387  -12.310  -81.527  22.544 0.8999999762
2388  -13.637  -81.177  22.914 0.8000000119
2389  -14.385  -81.112  22.657 0.6999999881
2390  -6.606  -81.759  22.428 0.8000000119
2391  -7.428  -81.330  22.243 1.0000000000
2392  -11.372  -81.537  22.089 0.8999999762
2394  -12.975  -81.240  21.933 0.6999999881
2395  -8.308  -81.325  22.009 1.0000000000
2397  -10.855  -81.287  21.791 0.8999999762
2399  -12.359  -81.177  21.777 0.6999999881
2406  -11.385  -80.308  56.407 0.3000000119
2409  -8.663  -79.985  55.298 0.4000000060
2412  -11.569  -80.710  55.724 0.3000000119
2413  -12.262  -80.731  55.594 0.3000000119
2415  -7.728  -79.994  54.333 0.4000000060
2425  -6.700  -80.132  52.444 0.5000000000
2428  -11.826  -80.968  52.359 0.3000000119
2432  -17.231  -79.890  53.043 0.6000000238
2433  -17.778  -79.704  52.622 0.6999999881
2436  -6.983  -80.632  52.083 0.6000000238
2439  -10.680  -81.286  51.209 0.5000000000
2447  -6.198  -80.235  50.603 0.6000000238
2455  -22.821  -81.184  50.637 0.6000000238
2462  -11.781  -80.700  49.106 0.6000000238
2465  -18.791  -80.318  49.596 0.5000000000
2469  -24.115  -80.869  49.526 0.5000000000
2470  -24.733  -81.056  49.362 0.5000000000
2473  -6.309  -81.116  48.810 0.6000000238
2479  -21.746  -80.406  48.566 0.6999999881
2481  -23.663  -80.504  48.799 0.6000000238
2485  -9.805  -81.301  47.804 0.6999999881
2486  -10.627  -81.012  47.624 0.6999999881
2487  -12.352  -80.696  47.446 0.6000000238
2489  -13.789  -80.321  47.183 0.5000000000
2491  -14.744  -80.640  47.679 0.5000000000
2492  -18.905  -80.781  47.496 0.4000000060
2493  -19.331  -80.872  47.385 0.5000000000
2498  -25.798  -80.428  47.756 0.6000000238
2500  -3.769  -80.172  46.522 0.8000000119
2503  -12.705  -80.973  46.891 0.6000000238
2504  -13.334  -80.847  46.951 0.6000000238
2509  -26.515  -80.098  46.771 0.5000000000
2510  -27.131  -80.103  45.808 0.5000000000
2512  -18.621  -79.975  45.979 0.3000000119
2519  -3.048  -80.811  44.035 1.0000000000
2522  -4.907  -79.946  42.712 1.0000000000
2529  -5.383  -80.313  41.937 1.0000000000
2539  -5.631  -80.487  41.135 0.8999999762
2545  -25.950  -80.841  41.136 0.1000000015
2546  -28.009  -81.035  42.218 0.5000000000
2547  -5.566  -80.326  40.262 0.8999999762
2557  -4.392  -80.782  39.427 0.8000000119
2564  -24.663  -80.655  39.170 0.1000000015
2566  -26.725  -81.125  39.577 0.2000000030
2570  -1.963  -80.459  38.781 0.8000000119
2571  -2.723  -81.013  39.042 0.6999999881
2577  -1.172  -79.714  37.350 0.6000000238
2592  -0.895  -79.491  35.696 0.6000000238
2598  -26.047  -80.062  35.138 0.2000000030
2599  -26.807  -79.562  35.602 0.2000000030
2608  -16.806  -80.949  34.080 0.5000000000
2609  -17.683  -80.928  33.792 0.5000000000
2613  -29.810  -80.098  34.389 0.2000000030
2615  -31.087  -80.261  34.315 0.2000000030
2617  -0.999  -80.970  33.810 0.2000000030
2628  -31.811  -80.001  33.620 0.2000000030
2629  -1.268  -80.662  33.295 0.1000000015
2630  -1.604  -80.382  32.973 0.2000000030
2632  -2.806  -80.168  32.225 0.1000000015
2636  -14.856  -80.865  32.588 0.6000000238
2637  -15.134  -80.061  32.205 0.6999999881
2646  -17.500  -80.838  31.358 0.6000000238
2647  -18.083  -80.266  31.593 0.6000000238
2648  -23.943  -79.975  31.285 0.2000000030
2650  -25.760  -79.820  31.746 0.2000000030
2660  -17.620  -80.162  30.725 0.6000000238
2671  -3.503  -80.350  28.051 0.1000000015
2677  -13.501  -80.403  29.515 0.6000000238
2679  -17.782  -79.516  30.046 0.4000000060
2682  -3.112  -80.713  27.884 0.1000000015
2686  -13.002  -81.017  29.224 0.6999999881
2692  -2.882  -80.359  27.563 0.2000000030
2693  -12.954  -80.631  27.738 0.6000000238
2702  -2.442  -80.239  27.095 0.2000000030
2705  -18.256  -80.484  27.104 0.4000000060
2712  -26.382  -80.693  25.566 0.1000000015
2714  -2.778  -80.533  25.581 0.6999999881
2718  -22.190  -80.661  25.215 0.2000000030
2719  -22.868  -80.985  25.097 0.1000000015
2721  -25.169  -80.841  24.627 0.1000000015
2725  -3.761  -80.515  24.900 0.6999999881
2730  -22.120  -80.275  24.888 0.2000000030
2735  -26.683  -80.487  24.636 0.1000000015
2736  -4.065  -80.912  24.402 0.6999999881
2738  -5.268  -81.151  23.457 0.6999999881
2740  -15.056  -80.922  22.927 0.6000000238
2742  -16.373  -80.449  22.364 0.6000000238
2744  -26.007  -79.959  23.799 0.1000000015
2746  -5.995  -81.457  22.750 0.8000000119
2748  -7.373  -80.579  22.437 1.0000000000
2750  -13.618  -80.809  21.766 0.6000000238
2753  -16.107  -80.519  21.901 0.6000000238
2755  -8.716  -80.687  21.847 0.8999999762
2756  -11.152  -80.607  21.526 0.8000000119
2757  -12.012  -80.652  21.509 0.8000000119
2759  -13.834  -79.040  59.271 0.2000000030
2760  -14.817  -79.143  59.170 0.3000000119
2761  -15.727  -79.087  59.046 0.3000000119
2763  -11.924  -79.277  58.117 0.4000000060
2764  -12.572  -79.349  58.365 0.4000000060
2768  -16.977  -79.196  58.084 0.1000000015
2769  -10.064  -79.143  56.880 0.4000000060
2779  -14.125  -79.870  56.420 0.3000000119
2781  -15.935  -79.406  57.364 0.2000000030
2782  -7.721  -78.710  55.118 0.4000000060
2787  -14.687  -79.506  56.059 0.3000000119
2788  -7.059  -78.985  54.117 0.5000000000
2790  -12.428  -80.676  54.573 0.3000000119
2793  -7.138  -79.561  53.936 0.4000000060
2794  -12.789  -80.214  53.621 0.3000000119
2795  -13.360  -79.502  53.482 0.4000000060
2796  -5.902  -79.221  51.338 0.6000000238
2799  -13.431  -79.101  52.796 0.4000000060
2800  -16.789  -79.383  52.891 0.6999999881
2802  -6.293  -79.577  52.063 0.5000000000
2804  -15.691  -79.366  51.881 0.6000000238
2806  -17.689  -78.992  52.407 0.6000000238
2814  -5.463  -79.311  49.837 0.6000000238
2819  -5.309  -79.664  48.948 0.8000000119
2828  -14.427  -80.028  47.388 0.5000000000
2831  -21.738  -79.911  47.129 0.6000000238
2832  -22.708  -79.847  47.233 0.6000000238
2834  -24.580  -80.017  47.646 0.6000000238
2839  -18.292  -79.570  46.047 0.3000000119
2844  -25.851  -79.645  46.724 0.5000000000
2845  -26.431  -79.700  46.459 0.5000000000
2848  -3.557  -78.865  45.163 0.8000000119
2852  -19.723  -79.673  45.235 0.4000000060
2853  -21.575  -79.621  45.789 0.5000000000
2855  -23.691  -79.346  45.605 0.5000000000
2857  -25.855  -79.230  45.913 0.5000000000
2861  -3.766  -79.082  44.266 1.0000000000
2864  -17.813  -78.854  44.706 0.4000000060
2866  -19.166  -79.440  44.675 0.4000000060
2873  -27.221  -79.363  44.478 0.4000000060
2874  -27.534  -79.707  44.805 0.6000000238
2876  -4.292  -79.494  43.464 0.8999999762
2879  -6.712  -78.957  42.901 1.0000000000
2888  -27.181  -79.388  43.804 0.5000000000
2890  -6.409  -79.430  42.371 1.0000000000
2897  -27.761  -79.963  43.359 0.5000000000
2899  -6.694  -78.985  42.248 1.0000000000
2902  -24.858  -79.152  41.329 0.1000000015
2905  -5.708  -79.588  40.468 1.0000000000
2919  -23.485  -79.413  39.051 0.1000000015
2930  -24.567  -79.852  37.971 0.1000000015
2932  -28.103  -79.506  39.227 0.2000000030
2948  -28.074  -78.702  36.048 0.2000000030
2951  -32.037  -78.198  36.639 0.2000000030
2958  -26.675  -79.578  35.078 0.2000000030
2964  -0.916  -80.224  34.344 0.2000000030
2965  -1.140  -79.534  34.066 0.3000000119
2972  -17.161  -80.379  34.118 0.5000000000
2973  -17.781  -80.438  34.063 0.5000000000
2974  -27.897  -79.157  34.730 0.2000000030
2986  -16.128  -80.028  33.573 0.6000000238
2994  -2.339  -79.573  31.980 0.1000000015
3001  -16.587  -79.154  33.281 0.5000000000
3005  -26.449  -78.770  32.204 0.2000000030
3006  -2.051  -78.796  31.916 0.1000000015
3016  -24.724  -79.384  31.462 0.2000000030
3017  -25.438  -79.275  31.809 0.2000000030
3029  -14.193  -79.677  30.239 0.6000000238
3033  -24.078  -79.478  31.103 0.2000000030
3037  -31.850  -78.717  31.258 0.2000000030
3038  -3.383  -80.233  27.877 0.1000000015
3048  -23.622  -79.536  30.330 0.3000000119
3049  -24.819  -78.973  29.464 0.1000000015
3055  -13.825  -79.766  29.049 0.6000000238
3058  -18.779  -78.464  27.845 0.4000000060
3060  -24.092  -79.452  29.165 0.1000000015
3064  -13.608  -80.012  27.684 0.6000000238
3066  -17.779  -79.513  27.819 0.4000000060
3075  -2.672  -79.188  26.651 0.5000000000
3076  -6.758  -79.620  26.083 0.6000000238
3077  -7.553  -79.689  26.086 0.8000000119
3080  -14.203  -79.413  26.537 0.5000000000
3082  -20.988  -80.158  25.664 0.3000000119
3083  -26.156  -80.487  26.230 0.1000000015
3086  -2.420  -79.701  26.644 0.2000000030
3087  -2.667  -79.646  25.874 0.5000000000
3088  -3.336  -79.432  25.568 0.5000000000
3090  -6.137  -79.915  25.720 0.6000000238
3093  -13.597  -80.325  25.595 0.6000000238
3096  -21.914  -79.836  24.832 0.3000000119
3098  -28.320  -80.017  25.425 0.1000000015
3100  -3.287  -80.070  25.332 0.5000000000
3103  -4.825  -80.166  25.289 0.6000000238
3104  -5.691  -80.445  24.877 0.6999999881
3106  -8.035  -79.882  24.403 0.8000000119
3108  -14.666  -80.148  24.605 0.6000000238
3110  -16.250  -79.549  24.015 0.6000000238
3111  -22.358  -80.115  24.642 0.2000000030
3112  -22.911  -80.200  24.387 0.2000000030
3113  -23.912  -80.386  24.218 0.1000000015
3116  -28.401  -79.798  24.476 0.1000000015
3119  -5.326  -80.710  24.020 0.6999999881
3122  -8.689  -79.395  23.313 0.8000000119
3123  -15.073  -80.485  23.785 0.6000000238
3128  -27.065  -79.353  23.035 0.1000000015
3130  -29.230  -79.124  23.331 0.1000000015
3131  -7.482  -80.163  22.744 1.0000000000
3132  -8.244  -79.754  22.663 0.8000000119
3133  -9.305  -79.600  22.047 0.8000000119
3135  -17.835  -79.716  22.084 0.6000000238
3136  -19.102  -78.975  22.223 0.5000000000
3140  -8.997  -80.061  21.811 0.8999999762
3142  -10.548  -79.867  21.657 0.8000000119
3145  -13.922  -79.434  21.421 0.6999999881
3147  -15.874  -80.217  21.617 0.6000000238
3150  -18.596  -79.252  21.978 0.6999999881
3152  -14.817  -79.268  21.329 0.6000000238
3153  -15.699  -79.574  21.354 0.6000000238
3155  -17.161  -79.432  21.526 0.6000000238
3156  -13.655  -77.639  60.449 0.3000000119
3159  -17.266  -78.005  59.799 0.1000000015
3174  -11.427  -78.948  57.994 0.4000000060
3190  -14.666  -79.058  55.350 0.3000000119
3199  -7.224  -78.536  54.527 0.4000000060
3201  -14.498  -78.687  54.428 0.4000000060
3206  -6.880  -78.302  53.939 0.6000000238
3208  -14.433  -78.285  53.618 0.4000000060
3216  -17.096  -78.209  51.742 0.4000000060
3218  -18.468  -78.489  51.348 0.4000000060
3224  -16.631  -77.970  50.924 0.4000000060
3225  -18.890  -78.649  50.755 0.4000000060
3227  -13.075  -78.876  49.271 0.4000000060
3229  -15.878  -78.143  49.910 0.5000000000
3232  -4.932  -78.149  48.762 0.8000000119
3238  -14.229  -78.534  47.572 0.5000000000
3241  -3.811  -77.968  46.421 0.8000000119
3246  -7.424  -77.908  44.661 0.8999999762
3247  -18.030  -78.494  45.682 0.3000000119
3250  -7.355  -78.228  44.054 0.8999999762
3261  -17.667  -78.124  44.130 0.4000000060
3262  -18.571  -78.612  43.704 0.3000000119
3263  -19.530  -78.580  43.390 0.3000000119
3264  -20.504  -78.471  43.252 0.4000000060
3266  -22.576  -78.234  43.285 0.4000000060
3270  -6.833  -78.583  42.729 1.0000000000
3288  -23.982  -77.923  41.579 0.1000000015
3289  -24.560  -78.412  41.833 0.1000000015
3290  -25.119  -78.852  42.040 0.3000000119
3291  -2.219  -78.066  40.309 0.8999999762
3294  -5.434  -78.993  40.468 1.0000000000
3295  -6.072  -79.208  41.035 1.0000000000
3298  -2.802  -78.745  40.251 0.8999999762
3299  -4.034  -79.242  39.956 1.0000000000
3306  -1.711  -78.314  38.974 0.8999999762
3316  -27.777  -78.580  38.929 0.1000000015
3326  -25.229  -78.426  37.321 0.1000000015
3327  -26.097  -78.131  37.852 0.1000000015
3330  -1.423  -78.435  36.314 0.6999999881
3342  -31.507  -77.491  36.902 0.1000000015
3355  -30.551  -78.079  36.686 0.2000000030
3356  -33.021  -78.560  35.986 0.2000000030
3360  -3.423  -77.654  34.682 0.6000000238
3369  -1.807  -78.794  32.664 0.3000000119
3377  -17.390  -79.087  33.959 0.5000000000
3379  -18.824  -78.204  34.032 0.5000000000
3380  -19.617  -78.301  33.628 0.5000000000
3381  -20.108  -77.623  33.521 0.3000000119
3383  -1.926  -78.655  32.186 0.2000000030
3391  -2.380  -78.067  31.745 0.2000000030
3393  -3.980  -78.275  31.644 0.1000000015
3396  -15.042  -79.057  30.993 0.5000000000
3398  -16.713  -78.473  32.649 0.5000000000
3401  -25.357  -78.895  31.720 0.2000000030
3403  -27.181  -78.292  32.080 0.2000000030
3404  -28.782  -78.205  31.858 0.2000000030
3405  -30.435  -78.531  31.259 0.2000000030
3410  -14.658  -78.939  30.187 0.6000000238
3413  -19.807  -77.888  30.853 0.5000000000
3416  -31.754  -78.166  30.870 0.2000000030
3419  -3.768  -78.686  28.199 0.2000000030
3426  -14.591  -78.719  29.339 0.5000000000
3436  -3.238  -79.013  27.623 0.4000000060
3439  -14.545  -78.724  28.547 0.5000000000
3440  -19.170  -77.967  28.426 0.4000000060
3446  -3.413  -78.666  27.576 0.4000000060
3447  -7.819  -78.606  26.896 0.6999999881
3449  -9.568  -78.435  27.085 0.8999999762
3451  -15.287  -78.351  26.445 0.5000000000
3456  -28.830  -78.686  27.535 0.2000000030
3458  -3.226  -78.723  26.878 0.4000000060
3461  -8.088  -79.178  26.717 0.8000000119
3462  -9.038  -79.063  26.623 0.8999999762
3464  -20.616  -78.529  26.134 0.3000000119
3467  -29.116  -79.026  26.893 0.2000000030
3471  -3.511  -79.104  25.761 0.5000000000
3472  -5.869  -78.935  25.889 0.5000000000
3475  -15.441  -78.622  25.643 0.5000000000
3477  -21.366  -79.594  25.234 0.3000000119
3484  -31.000  -77.798  24.893 0.1000000015
3486  -4.473  -79.230  25.644 0.5000000000
3492  -15.778  -79.010  24.850 0.5000000000
3496  -24.270  -79.695  24.224 0.1000000015
3501  -31.083  -77.869  24.116 0.1000000015
3502  -9.445  -79.112  22.919 0.8999999762
3503  -10.081  -78.660  22.973 0.8999999762
3504  -17.065  -79.170  23.688 0.6000000238
3506  -18.806  -78.803  22.929 0.5000000000
3508  -26.495  -78.897  23.145 0.1000000015
3513  -10.461  -78.890  22.509 0.8000000119
3515  -19.712  -78.562  22.124 0.5000000000
3516  -20.191  -78.138  22.053 0.6000000238
3517  -20.658  -77.675  21.783 0.5000000000
3519  -27.369  -78.189  22.263 0.1000000015
3521  -29.334  -78.744  22.455 0.1000000015
3522  -30.177  -78.517  22.763 0.1000000015
3523  -10.069  -79.440  22.037 0.8000000119
3524  -11.552  -79.017  22.055 0.8000000119
3526  -13.574  -78.681  21.613 0.8000000119
3528  -18.731  -78.766  21.660 0.6999999881
3531  -29.073  -78.266  21.525 0.1000000015
3533  -14.871  -78.472  21.269 0.6000000238
3535  -16.458  -78.913  21.234 0.6000000238
3536  -17.484  -78.546  21.296 0.6000000238
3537  -18.400  -78.262  21.198 0.6999999881
3540  -14.504  -76.915  61.473 0.2000000030
3541  -15.151  -76.939  61.563 0.2000000030
3545  -15.767  -77.518  60.859 0.2000000030
3553  -12.359  -78.227  59.203 0.3000000119
3564  -11.271  -77.566  57.102 0.3000000119
3566  -17.002  -78.334  56.589 0.2000000030
3567  -17.851  -78.288  56.541 0.2000000030
3587  -15.612  -77.579  54.671 0.3000000119
3589  -19.983  -77.736  54.456 0.2000000030
3590  -20.846  -78.108  54.230 0.1000000015
3594  -6.567  -78.008  53.301 0.6999999881
3601  -23.947  -78.094  53.359 0.1000000015
3605  -6.631  -77.579  52.450 0.6000000238
3608  -14.407  -77.215  52.484 0.4000000060
3610  -23.576  -77.643  52.663 0.2000000030
3613  -5.803  -77.895  50.964 0.6999999881
3614  -6.096  -77.644  51.656 0.6000000238
3621  -5.597  -77.329  50.321 0.6999999881
3623  -17.953  -77.194  50.742 0.4000000060
3626  -5.319  -77.157  49.645 0.6999999881
3632  -4.875  -76.892  48.239 0.6999999881
3633  -13.748  -77.375  48.250 0.4000000060
3636  -15.716  -76.535  48.644 0.2000000030
3638  -5.250  -76.475  48.067 0.6999999881
3641  -18.959  -77.654  47.612 0.3000000119
3648  -6.888  -77.838  45.366 0.8999999762
3654  -8.357  -76.856  44.636 0.8000000119
3655  -17.633  -77.513  44.234 0.3000000119
3658  -8.027  -77.119  44.007 0.8000000119
3662  -5.800  -77.341  42.072 1.0000000000
3663  -7.053  -77.894  42.800 1.0000000000
3668  -17.700  -76.955  42.955 0.2000000030
3669  -18.607  -77.647  42.681 0.3000000119
3676  -2.961  -77.160  41.581 0.8999999762
3687  -2.319  -77.456  40.717 1.0000000000
3688  -2.628  -77.476  41.122 0.8999999762
3695  -23.031  -76.795  40.821 0.2000000030
3704  -1.805  -77.310  38.696 1.0000000000
3705  -2.281  -76.772  38.158 1.0000000000
3712  -28.324  -77.665  38.790 0.1000000015
3714  -29.693  -77.233  38.404 0.1000000015
3717  -4.894  -77.371  36.703 0.8999999762
3718  -5.952  -76.846  36.525 0.8999999762
3724  -23.454  -77.913  36.956 0.1000000015
3725  -24.536  -77.819  36.932 0.1000000015
3730  -30.941  -76.979  37.269 0.1000000015
3731  -1.987  -77.438  36.954 0.8999999762
3732  -2.759  -77.664  36.332 0.6000000238
3733  -4.580  -77.621  35.861 0.6000000238
3742  -32.948  -77.585  36.597 0.2000000030
3743  -33.704  -77.370  36.270 0.2000000030
3744  -3.712  -77.758  35.812 0.6000000238
3746  -5.557  -76.968  35.439 0.8999999762
3754  -4.995  -77.027  34.959 0.6999999881
3761  -1.888  -78.076  32.262 0.2000000030
3762  -3.292  -76.992  34.031 0.6000000238
3768  -18.083  -78.015  33.936 0.5000000000
3775  -1.949  -77.486  32.042 0.2000000030
3776  -2.084  -76.806  32.105 0.2000000030
3785  -20.633  -77.413  32.858 0.4000000060
3786  -21.046  -76.786  32.866 0.3000000119
3789  -2.885  -77.386  31.595 0.2000000030
3794  -15.909  -78.093  30.836 0.4000000060
3796  -17.358  -77.469  32.160 0.3000000119
3799  -26.908  -77.805  31.426 0.2000000030
3804  -32.459  -78.130  31.591 0.2000000030
3811  -20.318  -77.317  30.345 0.5000000000
3827  -16.148  -77.294  29.800 0.5000000000
3829  -20.693  -77.095  29.487 0.5000000000
3832  -28.697  -76.886  29.954 0.2000000030
3837  -4.023  -78.134  28.063 0.2000000030
3838  -4.428  -77.633  28.426 0.1000000015
3841  -16.158  -77.080  28.050 0.5000000000
3846  -24.025  -77.204  27.925 0.2000000030
3848  -29.888  -76.628  28.695 0.2000000030
3850  -32.784  -76.921  29.370 0.2000000030
3853  -4.217  -77.669  27.584 0.4000000060
3855  -9.156  -77.889  27.507 0.8000000119
3860  -20.305  -77.625  27.629 0.4000000060
3862  -23.419  -77.543  27.340 0.2000000030
3866  -30.786  -76.737  27.370 0.1000000015
3867  -3.944  -78.187  26.886 0.4000000060
3868  -6.573  -78.594  26.287 0.5000000000
3869  -7.330  -78.272  26.714 0.5000000000
3872  -16.376  -77.434  26.276 0.5000000000
3878  -30.871  -77.183  26.478 0.1000000015
3881  -4.213  -78.526  26.217 0.5000000000
3883  -6.326  -77.743  25.704 0.5000000000
3885  -10.391  -78.003  25.992 0.8999999762
3886  -16.842  -77.411  25.692 0.5000000000
3887  -17.530  -77.372  25.122 0.5000000000
3889  -26.271  -77.706  24.915 0.1000000015
3890  -30.933  -77.572  25.653 0.1000000015
3893  -4.381  -78.805  25.845 0.5000000000
3894  -5.142  -78.467  25.903 0.5000000000
3896  -6.460  -77.279  25.464 0.5000000000
3902  -18.842  -77.466  24.112 0.5000000000
3904  -26.308  -78.035  23.876 0.1000000015
3907  -32.077  -76.791  24.104 0.1000000015
3908  -11.184  -77.417  23.339 0.8000000119
3910  -20.482  -77.417  22.917 0.5000000000
3916  -31.866  -77.016  23.190 0.1000000015
3921  -20.649  -77.688  22.243 0.6000000238
3924  -27.359  -77.537  21.986 0.1000000015
3926  -12.030  -78.327  22.368 0.8000000119
3927  -12.828  -77.759  22.423 0.8000000119
3929  -15.245  -77.373  21.532 0.6999999881
3931  -20.671  -77.501  21.338 0.5000000000
3932  -21.401  -77.083  21.449 0.5000000000
3936  -28.864  -77.670  20.844 0.1000000015
3939  -14.684  -77.990  21.424 0.6999999881
3940  -15.973  -77.918  21.215 0.6999999881
3941  -17.894  -77.526  21.047 0.6999999881
3944  -20.617  -77.166  20.873 0.6000000238
3961  -13.734  -76.529  60.240 0.3000000119
3965  -13.017  -76.883  59.056 0.3000000119
3969  -12.502  -76.959  57.714 0.3000000119
3970  -13.183  -76.283  57.457 0.3000000119
3983  -16.890  -77.177  55.574 0.2000000030
3986  -19.159  -77.338  55.023 0.2000000030
3990  -9.583  -76.300  54.726 0.5000000000
3991  -10.358  -75.874  54.677 0.5000000000
3994  -16.797  -76.534  54.951 0.2000000030
3995  -17.705  -76.280  54.998 0.2000000030
4003  -15.101  -76.613  52.983 0.3000000119
4014  -21.716  -76.542  52.480 0.2000000030
4020  -8.135  -76.306  51.435 0.5000000000
4021  -8.805  -76.002  51.615 0.6000000238
4022  -13.780  -76.842  50.958 0.3000000119
4026  -25.134  -76.700  51.524 0.1000000015
4028  -5.517  -76.809  49.919 0.6999999881
4033  -18.371  -76.793  50.136 0.4000000060
4035  -25.664  -76.347  50.781 0.1000000015
4037  -4.995  -76.977  48.959 0.6999999881
4041  -13.754  -76.481  49.370 0.3000000119
4042  -14.165  -75.820  49.594 0.3000000119
4049  -5.851  -76.118  48.336 0.6999999881
4052  -13.898  -76.604  48.527 0.3000000119
4061  -14.635  -77.044  47.855 0.4000000060
4065  -8.911  -76.411  46.012 0.8000000119
4066  -9.445  -75.831  46.203 0.8000000119
4071  -8.863  -76.224  44.973 0.8000000119
4073  -17.904  -76.841  44.443 0.3000000119
4074  -4.536  -76.026  43.061 0.8999999762
4078  -8.216  -76.459  44.213 0.8000000119
4083  -6.436  -77.085  42.676 0.8999999762
4098  -20.300  -76.036  41.611 0.2000000030
4100  -22.585  -76.334  41.164 0.1000000015
4101  -2.241  -76.920  40.496 1.0000000000
4108  -2.516  -76.159  39.492 1.0000000000
4109  -3.333  -75.726  39.178 0.8999999762
4114  -22.029  -75.873  39.328 0.1000000015
4118  -5.087  -76.406  38.038 0.8999999762
4125  -21.971  -76.447  38.371 0.2000000030
4127  -29.407  -76.926  38.477 0.1000000015
4136  -22.254  -76.852  37.624 0.2000000030
4146  -6.403  -76.486  36.096 0.8999999762
4147  -6.727  -76.080  36.165 0.8999999762
4152  -31.153  -76.499  36.635 0.2000000030
4153  -32.094  -76.652  36.400 0.2000000030
4155  -5.547  -76.303  35.401 0.6999999881
4156  -6.114  -76.371  35.718 0.8999999762
4163  -33.052  -76.596  36.269 0.2000000030
4165  -34.823  -76.439  35.695 0.1000000015
4168  -4.967  -76.601  35.046 0.6999999881
4175  -2.446  -76.394  33.449 0.6000000238
4182  -20.262  -76.255  33.542 0.2000000030
4183  -20.981  -75.806  33.312 0.2000000030
4188  -4.627  -76.397  31.785 0.1000000015
4193  -18.296  -77.151  33.517 0.5000000000
4194  -18.506  -76.350  33.087 0.3000000119
4196  -21.958  -75.787  32.361 0.3000000119
4199  -2.420  -76.310  32.011 0.4000000060
4201  -3.512  -76.669  31.523 0.2000000030
4207  -21.494  -76.359  32.238 0.3000000119
4209  -22.780  -75.819  31.229 0.3000000119
4217  -17.543  -76.442  30.182 0.3000000119
4219  -21.449  -76.560  30.635 0.5000000000
4224  -31.284  -76.754  29.943 0.1000000015
4226  -4.946  -76.839  28.803 0.1000000015
4230  -16.729  -76.741  28.884 0.5000000000
4233  -23.484  -76.501  29.554 0.3000000119
4237  -31.056  -76.357  29.451 0.2000000030
4242  -4.499  -77.396  28.181 0.2000000030
4243  -9.889  -75.794  28.367 0.8999999762
4244  -10.536  -76.257  28.301 0.8999999762
4245  -16.773  -76.693  28.241 0.5000000000
4255  -4.565  -77.206  27.957 0.3000000119
4258  -11.083  -76.415  27.835 0.8000000119
4259  -16.785  -76.754  27.488 0.5000000000
4260  -17.349  -76.382  27.865 0.5000000000
4266  -32.162  -76.401  27.783 0.1000000015
4272  -5.045  -76.882  26.832 0.4000000060
4273  -8.323  -76.917  26.978 0.6999999881
4274  -10.687  -77.258  27.337 0.8999999762
4276  -16.926  -76.894  26.615 0.5000000000
4279  -25.906  -76.913  27.306 0.1000000015
4290  -5.353  -77.259  26.332 0.5000000000
4293  -8.194  -76.052  25.167 0.6000000238
4294  -10.783  -77.042  25.149 0.8000000119
4295  -17.297  -76.993  25.914 0.5000000000
4296  -18.021  -76.713  25.610 0.5000000000
4298  -26.964  -77.024  25.336 0.1000000015
4306  -5.799  -77.651  25.917 0.5000000000
4307  -6.302  -76.893  25.470 0.5000000000
4315  -21.707  -76.113  24.045 0.5000000000
4322  -11.531  -76.637  23.628 0.8000000119
4323  -12.046  -76.317  23.410 0.8000000119
4327  -22.799  -76.175  23.137 0.4000000060
4335  -12.543  -76.495  23.144 0.6999999881
4338  -22.052  -76.622  22.496 0.5000000000
4339  -22.960  -76.255  22.262 0.4000000060
4344  -12.895  -77.002  22.776 0.6999999881
4347  -15.544  -76.410  21.781 0.6999999881
4348  -16.171  -76.085  21.545 0.6999999881
4349  -22.909  -76.178  21.545 0.5000000000
4350  -23.553  -75.783  21.992 0.5000000000
4358  -19.536  -76.715  20.548 0.6999999881
4360  -21.257  -76.476  20.583 0.6000000238
4361  -22.039  -76.238  20.688 0.5000000000
4365  -31.047  -76.505  20.315 0.1000000015
4366  -21.040  -75.971  20.272 0.6000000238
4368  -16.195  -74.626  63.522 0.2000000030
4369  -17.136  -74.735  63.580 0.2000000030
4370  -15.382  -75.436  62.832 0.2000000030
4373  -18.396  -74.921  63.068 0.1000000015
4375  -14.467  -76.100  61.668 0.3000000119
4376  -14.960  -75.659  62.237 0.3000000119
4393  -12.622  -75.930  56.283 0.5000000000
4401  -13.821  -74.737  55.869 0.5000000000
4405  -11.060  -75.329  54.410 0.5000000000
4410  -10.405  -75.397  53.232 0.5000000000
4412  -15.832  -75.760  53.142 0.2000000030
4418  -20.904  -76.048  52.791 0.2000000030
4422  -10.320  -74.900  52.358 0.5000000000
4432  -15.330  -75.205  51.522 0.2000000030
4445  -26.232  -75.903  50.267 0.1000000015
4446  -26.909  -75.517  50.393 0.1000000015
4450  -14.506  -75.455  48.883 0.2000000030
4452  -18.337  -75.472  49.111 0.4000000060
4456  -25.827  -75.762  49.707 0.1000000015
4458  -8.192  -75.456  48.428 0.8000000119
4462  -16.832  -74.589  48.876 0.2000000030
4466  -23.009  -75.197  48.047 0.1000000015
4468  -24.608  -75.393  48.694 0.1000000015
4469  -8.632  -75.612  47.615 0.8000000119
4471  -18.822  -75.149  47.533 0.2000000030
4478  -10.244  -74.808  46.853 0.8000000119
4483  -21.836  -74.521  46.030 0.2000000030
4484  -9.688  -75.386  45.798 0.8000000119
4485  -10.171  -74.788  46.148 0.8000000119
4486  -19.065  -76.268  45.794 0.2000000030
4488  -21.282  -74.558  45.564 0.2000000030
4489  -21.826  -74.414  45.744 0.1000000015
4495  -17.864  -76.040  44.005 0.3000000119
4497  -20.078  -75.273  44.935 0.2000000030
4498  -3.564  -74.805  43.408 0.8999999762
4500  -6.325  -75.874  43.616 0.8999999762
4501  -7.471  -76.086  43.827 0.8999999762
4502  -3.335  -75.273  42.937 0.8999999762
4503  -3.671  -75.793  42.928 0.8999999762
4505  -17.669  -76.094  42.845 0.2000000030
4506  -17.984  -75.477  42.344 0.2000000030
4507  -2.683  -75.985  41.253 0.8999999762
4512  -18.672  -74.982  41.898 0.1000000015
4517  -2.842  -75.401  40.646 1.0000000000
4524  -22.124  -75.420  40.231 0.1000000015
4526  -5.153  -75.354  39.165 1.0000000000
4527  -6.232  -75.265  38.957 1.0000000000
4528  -7.152  -75.035  38.752 1.0000000000
4529  -7.638  -74.674  38.619 1.0000000000
4533  -21.732  -75.027  39.376 0.2000000030
4537  -7.396  -75.206  38.069 1.0000000000
4538  -7.609  -74.837  38.059 1.0000000000
4544  -7.034  -75.710  37.417 0.8999999762
4549  -21.725  -75.175  37.929 0.2000000030
4550  -22.236  -75.435  37.546 0.2000000030
4555  -30.010  -76.423  37.862 0.1000000015
4557  -7.070  -75.526  36.723 0.8999999762
4563  -3.883  -75.710  35.046 0.6000000238
4565  -5.954  -75.796  35.697 0.6999999881
4588  -33.127  -75.360  35.368 0.1000000015
4590  -2.500  -75.029  33.386 0.5000000000
4606  -2.700  -75.524  32.334 0.3000000119
4607  -3.390  -75.292  32.011 0.2000000030
4613  -22.636  -75.256  32.544 0.3000000119
4626  -23.209  -75.449  31.783 0.3000000119
4628  -24.808  -75.236  31.572 0.2000000030
4637  -18.440  -75.485  30.343 0.3000000119
4645  -17.899  -75.951  29.854 0.3000000119
4647  -24.896  -75.888  30.173 0.1000000015
4653  -5.084  -76.530  28.442 0.3000000119
4654  -5.474  -75.542  28.872 0.3000000119
4657  -17.836  -75.902  29.054 0.4000000060
4660  -26.575  -75.500  28.704 0.1000000015
4668  -9.380  -75.578  27.862 0.8000000119
4669  -11.466  -75.617  27.987 0.8000000119
4670  -11.931  -74.805  27.516 0.8000000119
4672  -19.284  -74.976  27.209 0.2000000030
4680  -5.866  -75.673  26.068 0.5000000000
4682  -9.140  -75.298  26.665 0.8000000119
4685  -18.140  -76.031  26.892 0.4000000060
4688  -20.220  -75.405  25.592 0.4000000060
4693  -5.677  -76.480  26.192 0.4000000060
4694  -6.075  -76.173  25.595 0.5000000000
4698  -11.263  -76.201  25.643 0.8000000119
4702  -21.190  -75.378  25.281 0.4000000060
4703  -22.420  -75.286  25.237 0.2000000030
4709  -6.626  -76.230  25.215 0.5000000000
4710  -7.376  -75.848  25.014 0.5000000000
4711  -8.151  -75.563  24.999 0.6000000238
4712  -11.710  -75.577  24.637 0.8000000119
4713  -12.245  -75.288  24.086 0.6999999881
4714  -12.966  -75.032  23.703 0.6999999881
4717  -23.097  -75.557  24.543 0.4000000060
4724  -13.411  -75.336  23.256 0.6999999881
4726  -23.538  -75.720  23.753 0.3000000119
4733  -13.135  -75.901  23.167 0.6999999881
4736  -23.966  -75.341  22.427 0.3000000119
4739  -32.799  -75.400  22.199 0.1000000015
4743  -15.760  -75.515  21.761 0.6999999881
4745  -23.681  -75.235  21.703 0.3000000119
4751  -17.445  -75.686  21.106 0.6999999881
4753  -19.129  -75.751  20.395 0.6000000238
4759  -30.608  -76.013  19.697 0.1000000015
4763  -21.533  -75.388  20.129 0.6000000238
4767  -17.125  -73.507  64.353 0.2000000030
4769  -16.202  -73.960  63.928 0.2000000030
4780  -9.729  -74.415  60.818 0.3000000119
4791  -16.552  -73.935  58.998 0.3000000119
4796  -15.662  -73.831  56.816 0.3000000119
4810  -13.633  -73.942  54.501 0.4000000060
4817  -13.250  -73.606  53.802 0.5000000000
4818  -17.014  -74.808  53.255 0.2000000030
4821  -19.805  -74.753  52.875 0.2000000030
4828  -12.167  -73.639  52.953 0.5000000000
4830  -17.933  -73.987  52.580 0.2000000030
4831  -18.755  -73.959  52.506 0.2000000030
4837  -10.152  -73.919  51.557 0.5000000000
4840  -20.776  -74.199  51.199 0.2000000030
4842  -26.412  -74.845  51.637 0.1000000015
4848  -27.298  -75.001  50.402 0.1000000015
4850  -9.865  -74.063  49.356 0.6999999881
4851  -14.969  -74.843  49.075 0.2000000030
4852  -15.449  -74.277  49.311 0.2000000030
4853  -21.987  -74.643  49.083 0.2000000030
4856  -9.694  -74.583  48.622 0.6999999881
4857  -10.460  -74.113  48.313 0.8000000119
4861  -18.172  -73.864  48.158 0.2000000030
4864  -22.524  -75.061  48.553 0.2000000030
4871  -18.857  -73.830  47.475 0.2000000030
4875  -22.820  -74.545  47.068 0.1000000015
4877  -24.530  -74.336  47.971 0.1000000015
4880  -19.911  -74.808  46.388 0.2000000030
4882  -22.969  -74.221  46.867 0.1000000015
4883  -4.529  -73.913  44.999 0.8000000119
4885  -7.696  -74.390  45.170 0.8000000119
4888  -10.345  -74.220  46.012 0.8000000119
4891  -22.032  -74.213  45.669 0.1000000015
4893  -3.950  -74.155  44.371 0.8999999762
4894  -5.331  -74.599  44.748 0.8000000119
4896  -8.278  -75.157  44.750 0.8000000119
4897  -9.160  -75.079  45.129 0.8000000119
4899  -18.774  -74.426  44.380 0.1000000015
4902  -3.613  -74.160  43.753 0.8999999762
4905  -3.383  -74.633  42.627 0.8999999762
4909  -3.747  -74.262  41.120 0.8999999762
4912  -3.103  -74.933  41.265 0.8999999762
4928  -21.498  -74.327  39.720 0.1000000015
4929  -7.788  -74.372  38.457 1.0000000000
4935  -6.613  -74.582  36.785 0.8000000119
4936  -7.285  -74.594  37.167 0.8000000119
4942  -21.631  -74.509  38.130 0.2000000030
4945  -24.311  -74.537  37.326 0.1000000015
4946  -25.219  -74.738  37.341 0.1000000015
4951  -4.539  -74.738  36.406 0.6999999881
4953  -7.472  -75.018  37.032 0.8999999762
4964  -5.367  -75.308  35.977 0.6999999881
4971  -29.431  -74.558  35.551 0.1000000015
4999  -19.722  -74.872  33.222 0.2000000030
5000  -20.778  -74.090  33.410 0.2000000030
5008  -4.026  -74.681  32.286 0.2000000030
5014  -23.110  -74.603  32.937 0.2000000030
5036  -18.929  -74.933  30.846 0.2000000030
5037  -19.352  -74.441  30.368 0.2000000030
5055  -5.677  -74.636  29.244 0.3000000119
5056  -9.797  -74.190  28.138 0.8000000119
5059  -12.275  -73.830  28.785 0.8000000119
5070  -13.285  -73.771  27.028 0.8000000119
5071  -19.777  -74.555  27.631 0.2000000030
5077  -5.478  -75.524  26.997 0.3000000119
5080  -9.587  -74.451  25.861 0.6999999881
5082  -13.885  -74.082  26.130 0.8000000119
5083  -14.997  -73.922  25.850 0.8000000119
5086  -20.684  -74.875  26.235 0.1000000015
5087  -21.816  -74.573  26.471 0.3000000119
5089  -23.761  -74.126  26.180 0.2000000030
5093  -6.430  -75.004  25.510 0.3000000119
5094  -7.251  -74.537  25.130 0.5000000000
5098  -13.438  -74.518  24.863 0.8000000119
5109  -7.790  -74.996  24.946 0.5000000000
5110  -8.953  -73.992  24.941 0.6000000238
5112  -13.609  -74.559  24.067 0.8000000119
5113  -14.313  -74.039  24.265 0.6999999881
5114  -14.770  -73.526  24.657 0.8000000119
5121  -14.175  -74.132  23.088 0.6999999881
5128  -14.112  -74.903  22.906 0.6999999881
5130  -23.659  -74.581  21.808 0.3000000119
5147  -19.770  -74.291  19.882 0.6000000238
5148  -20.615  -73.643  19.718 0.5000000000
5149  -22.237  -74.289  19.968 0.5000000000
5150  -22.646  -74.830  20.426 0.5000000000
5154  -32.902  -73.651  20.776 0.1000000015
5155  -20.725  -74.519  19.772 0.5000000000
5156  -21.575  -74.755  19.884 0.5000000000
5162  -17.647  -72.886  64.503 0.2000000030
5169  -11.395  -73.388  63.330 0.3000000119
5173  -10.021  -74.137  62.270 0.2000000030
5174  -10.809  -73.949  62.752 0.3000000119
5176  -16.444  -72.893  62.496 0.3000000119
5180  -9.638  -74.315  61.389 0.3000000119
5194  -7.733  -73.591  58.529 0.4000000060
5195  -8.206  -73.774  58.871 0.4000000060
5198  -12.095  -72.846  58.961 0.4000000060
5203  -7.121  -73.403  57.872 0.4000000060
5206  -8.904  -73.788  58.306 0.4000000060
5208  -16.243  -73.228  57.477 0.3000000119
5211  -6.581  -73.519  56.346 0.4000000060
5212  -7.170  -73.594  56.528 0.4000000060
5215  -15.712  -73.233  56.378 0.3000000119
5216  -15.987  -73.032  56.812 0.3000000119
5222  -5.631  -73.784  54.860 0.5000000000
5225  -15.361  -73.001  55.640 0.3000000119
5228  -5.381  -73.807  54.029 0.5000000000
5233  -14.875  -72.964  55.021 0.4000000060
5235  -4.386  -73.708  52.791 0.6000000238
5236  -5.147  -73.917  53.144 0.6000000238
5245  -4.974  -73.989  52.286 0.6000000238
5249  -12.836  -72.913  53.286 0.5000000000
5257  -4.175  -73.130  50.551 0.6000000238
5259  -4.844  -73.791  51.478 0.6000000238
5260  -5.623  -73.643  51.783 0.6000000238
5262  -16.062  -73.615  50.478 0.2000000030
5264  -17.615  -72.887  51.194 0.2000000030
5270  -4.663  -73.437  50.747 0.6000000238
5278  -4.300  -72.840  49.873 0.6000000238
5279  -4.615  -72.849  49.637 0.6000000238
5281  -15.939  -73.539  49.505 0.2000000030
5292  -16.206  -73.464  49.018 0.2000000030
5293  -16.737  -73.175  48.785 0.2000000030
5298  -21.038  -73.551  48.298 0.2000000030
5299  -25.499  -74.082  48.384 0.1000000015
5303  -5.692  -72.877  47.060 0.6000000238
5304  -11.095  -72.731  47.997 0.6999999881
5306  -19.933  -73.300  47.499 0.2000000030
5314  -4.540  -73.063  46.147 0.6999999881
5318  -8.751  -73.096  46.230 0.6000000238
5320  -10.647  -73.672  46.497 0.8000000119
5326  -3.785  -72.989  45.060 0.8000000119
5327  -4.176  -73.298  45.436 0.8000000119
5340  -18.974  -73.461  44.522 0.1000000015
5349  -17.868  -74.193  42.964 0.1000000015
5350  -18.034  -73.860  43.539 0.1000000015
5362  -18.088  -73.510  43.152 0.1000000015
5373  -3.426  -74.035  42.439 0.8999999762
5379  -8.997  -73.011  40.603 1.0000000000
5382  -4.553  -73.797  41.003 0.8999999762
5383  -5.597  -73.790  40.722 0.8999999762
5384  -6.781  -73.850  40.564 0.8999999762
5385  -7.791  -73.740  40.300 1.0000000000
5386  -8.532  -73.561  39.982 1.0000000000
5389  -8.963  -73.070  40.072 1.0000000000
5391  -7.015  -73.429  38.062 0.8999999762
5398  -4.050  -73.695  37.464 0.6000000238
5399  -5.088  -73.641  37.668 0.8000000119
5401  -7.480  -74.073  37.792 0.8999999762
5402  -7.830  -74.154  38.244 0.8999999762
5407  -23.463  -73.523  37.539 0.2000000030
5412  -3.030  -73.860  36.425 0.6000000238
5413  -3.798  -74.131  36.794 0.6000000238
5431  -5.225  -73.213  33.501 0.2000000030
5444  -2.783  -73.560  33.679 0.5000000000
5445  -3.040  -73.184  33.223 0.2000000030
5454  -20.617  -73.350  33.203 0.2000000030
5456  -22.071  -73.703  33.445 0.2000000030
5468  -2.823  -73.901  33.010 0.2000000030
5477  -25.309  -73.730  32.847 0.1000000015
5491  -19.846  -73.743  31.515 0.1000000015
5492  -20.131  -73.354  32.165 0.1000000015
5493  -26.887  -73.775  31.838 0.1000000015
5494  -27.443  -73.470  31.624 0.1000000015
5500  -5.324  -74.149  30.104 0.1000000015
5503  -19.909  -73.859  30.660 0.2000000030
5513  -11.408  -73.248  29.255 0.8999999762
5514  -12.085  -73.292  29.182 0.8000000119
5515  -19.767  -74.150  29.951 0.2000000030
5517  -21.830  -73.206  29.688 0.1000000015
5518  -22.839  -73.070  29.321 0.1000000015
5519  -23.766  -72.820  28.868 0.1000000015
5526  -5.678  -73.798  29.477 0.3000000119
5527  -5.971  -73.419  28.787 0.3000000119
5528  -10.083  -73.555  28.440 0.8000000119
5530  -12.724  -73.190  28.758 0.8000000119
5533  -19.904  -74.125  29.269 0.2000000030
5537  -23.957  -73.003  28.188 0.1000000015
5551  -14.774  -73.062  27.045 0.8000000119
5555  -23.673  -73.712  26.923 0.1000000015
5564  -10.088  -73.678  26.251 0.6999999881
5565  -10.312  -72.962  25.729 0.6999999881
5567  -15.822  -73.021  25.688 0.6999999881
5574  -8.260  -74.049  24.958 0.3000000119
5578  -15.385  -73.272  25.285 0.6999999881
5579  -24.084  -73.463  25.096 0.1000000015
5580  -24.078  -73.916  25.508 0.1000000015
5585  -23.877  -73.594  24.191 0.1000000015
5586  -24.314  -74.080  24.674 0.2000000030
5591  -23.553  -73.756  23.170 0.3000000119
5594  -14.488  -73.700  22.427 0.6999999881
5595  -14.814  -73.362  21.982 0.6999999881
5604  -16.202  -73.528  21.309 0.6000000238
5605  -17.085  -73.063  21.151 0.5000000000
5608  -22.962  -73.903  21.074 0.4000000060
5613  -17.890  -73.642  20.750 0.5000000000
5614  -18.750  -73.139  20.527 0.5000000000
5616  -21.399  -73.116  19.692 0.5000000000
5628  -17.326  -72.299  64.336 0.2000000030
5633  -16.870  -72.438  64.178 0.2000000030
5635  -11.100  -73.002  63.398 0.3000000119
5637  -12.119  -72.809  63.475 0.4000000060
5638  -12.702  -72.007  63.516 0.4000000060
5642  -8.402  -72.916  61.553 0.3000000119
5643  -9.045  -73.277  61.817 0.2000000030
5661  -7.093  -72.762  59.166 0.3000000119
5665  -16.090  -72.454  59.344 0.4000000060
5666  -16.455  -72.747  59.637 0.4000000060
5669  -6.827  -72.922  58.242 0.3000000119
5678  -5.770  -72.829  57.014 0.3000000119
5685  -15.512  -72.349  57.413 0.4000000060
5689  -5.185  -72.885  56.290 0.4000000060
5695  -13.986  -72.093  55.742 0.4000000060
5696  -14.813  -72.321  55.773 0.4000000060
5706  -11.391  -72.182  55.959 0.5000000000
5708  -14.949  -72.727  55.298 0.3000000119
5715  -13.862  -72.621  54.328 0.4000000060
5716  -14.484  -72.831  54.679 0.4000000060
5719  -6.578  -73.370  53.045 0.6000000238
5720  -7.333  -72.739  53.480 0.6000000238
5721  -8.054  -72.097  53.902 0.6000000238
5723  -13.370  -72.804  53.754 0.5000000000
5725  -3.723  -72.443  51.623 0.6000000238
5730  -12.211  -72.727  53.087 0.5000000000
5734  -3.928  -73.278  51.665 0.6000000238
5740  -17.982  -72.307  50.721 0.2000000030
5748  -17.047  -72.192  49.472 0.2000000030
5751  -19.451  -72.321  50.304 0.2000000030
5755  -4.223  -72.455  49.310 0.6000000238
5759  -10.844  -72.416  49.570 0.6000000238
5760  -10.962  -72.175  49.258 0.6999999881
5762  -20.108  -72.186  48.925 0.2000000030
5766  -4.209  -72.062  48.671 0.6000000238
5770  -8.927  -71.828  48.161 0.6000000238
5771  -10.167  -71.866  48.018 0.6999999881
5774  -17.524  -72.164  48.749 0.2000000030
5775  -18.461  -72.169  48.350 0.2000000030
5776  -19.406  -71.972  48.470 0.2000000030
5778  -4.404  -72.132  47.927 0.6000000238
5784  -10.469  -72.453  47.336 0.6999999881
5785  -10.972  -72.739  47.435 0.6999999881
5786  -19.271  -72.570  47.863 0.2000000030
5789  -26.469  -73.066  47.581 0.1000000015
5793  -4.783  -72.666  46.995 0.6000000238
5794  -6.815  -72.820  47.000 0.6000000238
5800  -22.957  -72.330  46.915 0.1000000015
5804  -4.070  -72.597  45.518 0.8000000119
5805  -19.405  -71.672  44.983 0.1000000015
5810  -3.725  -72.920  44.463 0.8000000119
5813  -19.192  -72.474  44.732 0.1000000015
5818  -3.707  -72.896  44.001 0.8000000119
5819  -3.956  -72.622  43.775 0.8999999762
5830  -4.393  -72.711  42.955 0.8999999762
5831  -5.470  -72.598  42.270 0.8999999762
5835  -18.509  -72.844  43.000 0.1000000015
5849  -20.474  -72.366  41.612 0.1000000015
5858  -9.135  -72.667  40.572 1.0000000000
5859  -20.813  -72.510  40.779 0.1000000015
5866  -5.973  -72.126  39.151 0.8999999762
5868  -8.791  -72.937  39.633 1.0000000000
5869  -21.009  -72.693  39.881 0.1000000015
5874  -5.183  -72.416  38.857 0.8999999762
5876  -7.593  -72.984  38.689 1.0000000000
5877  -8.318  -73.305  39.042 1.0000000000
5878  -21.333  -72.958  38.889 0.1000000015
5890  -23.584  -72.704  37.698 0.2000000030
5906  -2.733  -72.979  34.940 0.4000000060
5927  -2.965  -72.834  33.740 0.2000000030
5935  -21.113  -72.764  33.251 0.1000000015
5937  -21.907  -72.753  33.404 0.1000000015
5955  -21.091  -72.485  32.788 0.1000000015
5956  -25.623  -72.988  33.084 0.1000000015
5969  -27.688  -72.809  32.026 0.1000000015
5971  -28.950  -71.978  30.975 0.1000000015
5976  -21.405  -72.638  31.237 0.1000000015
5977  -23.543  -72.237  30.325 0.1000000015
5985  -10.817  -72.764  29.194 0.8999999762
5988  -13.299  -72.466  28.721 0.8000000119
5996  -6.632  -72.293  28.167 0.2000000030
5997  -10.212  -72.700  27.882 0.8000000119
5998  -10.444  -72.279  28.671 0.8999999762
6003  -6.418  -72.974  28.083 0.3000000119
6004  -7.038  -72.522  27.427 0.3000000119
6007  -15.288  -72.187  27.475 0.8000000119
6008  -15.786  -72.421  26.736 0.8000000119
6009  -23.972  -72.613  27.462 0.1000000015
6015  -7.565  -72.884  26.306 0.3000000119
6017  -10.626  -72.409  26.003 0.6999999881
6018  -15.909  -72.829  26.154 0.8000000119
6019  -22.271  -72.170  25.837 0.1000000015
6021  -24.007  -72.959  26.719 0.1000000015
6028  -9.056  -72.729  25.095 0.6000000238
6032  -20.807  -71.890  24.430 0.1000000015
6034  -23.719  -73.002  25.471 0.1000000015
6051  -21.735  -72.535  23.022 0.3000000119
6058  -14.873  -72.535  22.013 0.5000000000
6064  -15.505  -72.368  21.732 0.5000000000
6066  -17.647  -72.346  21.216 0.5000000000
6068  -19.347  -71.602  20.755 0.5000000000
6069  -22.371  -72.074  20.784 0.4000000060
6070  -22.511  -73.076  20.506 0.4000000060
6076  -21.646  -72.344  19.876 0.4000000060
6090  -18.015  -71.998  64.213 0.2000000030
6094  -16.869  -71.299  63.380 0.3000000119
6101  -11.686  -72.414  63.679 0.3000000119
6107  -18.959  -71.503  63.321 0.1000000015
6116  -6.116  -71.428  60.067 0.3000000119
6118  -7.619  -72.514  61.306 0.3000000119
6130  -14.010  -71.843  60.736 0.4000000060
6149  -10.746  -71.923  54.660 0.5000000000
6154  -8.878  -71.720  54.202 0.6000000238
6165  -9.519  -71.266  53.519 0.6000000238
6168  -12.192  -72.318  53.710 0.5000000000
6171  -3.756  -72.133  52.538 0.5000000000
6174  -10.436  -71.374  52.162 0.5000000000
6175  -10.984  -71.952  52.744 0.5000000000
6180  -8.454  -70.928  51.755 0.6000000238
6181  -10.428  -71.252  51.325 0.5000000000
6186  -7.792  -71.413  50.525 0.6000000238
6187  -8.636  -70.885  50.848 0.6000000238
6192  -4.030  -71.422  48.782 0.6000000238
6194  -8.884  -71.328  49.378 0.6999999881
6195  -9.916  -71.166  49.446 0.6999999881
6196  -10.441  -71.390  49.656 0.6000000238
6210  -4.349  -71.785  47.623 0.6000000238
6211  -25.280  -71.906  47.254 0.1000000015
6214  -4.364  -71.893  46.723 0.8000000119
6221  -26.321  -72.362  46.200 0.1000000015
6224  -4.250  -72.181  45.812 0.8000000119
6225  -4.291  -71.881  45.498 0.8000000119
6226  -4.654  -71.451  45.283 0.8000000119
6228  -20.812  -71.674  45.611 0.1000000015
6229  -25.113  -70.976  46.040 0.1000000015
6234  -4.920  -71.559  44.478 0.8000000119
6245  -6.225  -71.685  43.119 0.8000000119
6249  -19.320  -71.189  43.525 0.1000000015
6255  -9.403  -72.078  42.601 1.0000000000
6256  -10.041  -71.811  42.472 1.0000000000
6257  -10.223  -71.260  42.440 1.0000000000
6258  -19.131  -71.895  43.119 0.1000000015
6266  -20.345  -71.575  41.878 0.1000000015
6274  -4.069  -71.390  39.931 0.8999999762
6277  -8.138  -71.479  40.237 1.0000000000
6294  -8.607  -72.247  39.882 1.0000000000
6305  -2.930  -71.898  38.617 0.6999999881
6306  -3.246  -72.118  38.966 0.6999999881
6307  -4.025  -72.236  39.173 0.8999999762
6398  -26.650  -71.539  32.901 0.1000000015
6408  -24.318  -70.995  31.386 0.1000000015
6423  -10.762  -71.281  29.252 0.8999999762
6426  -14.512  -71.229  28.810 0.8000000119
6427  -15.490  -70.924  28.649 0.8000000119
6432  -5.918  -71.667  29.321 0.2000000030
6433  -6.496  -71.716  28.578 0.2000000030
6436  -15.825  -71.276  27.964 0.8000000119
6437  -16.054  -70.895  27.865 0.6999999881
6438  -23.810  -71.685  28.317 0.1000000015
6452  -24.051  -72.225  28.001 0.1000000015
6463  -9.419  -71.379  25.779 0.8000000119
6466  -15.665  -71.781  26.280 0.6000000238
6467  -15.838  -72.200  26.549 0.8000000119
6469  -22.833  -72.075  26.719 0.1000000015
6475  -9.423  -72.223  25.438 0.6000000238
6477  -10.466  -71.768  25.880 0.6999999881
6478  -13.973  -71.581  25.047 0.5000000000
6481  -20.027  -70.716  24.765 0.1000000015
6495  -13.792  -71.576  23.039 0.5000000000
6496  -21.137  -71.376  23.241 0.1000000015
6497  -21.854  -70.967  22.191 0.2000000030
6502  -14.404  -71.923  22.540 0.5000000000
6513  -16.152  -71.905  21.712 0.5000000000
6514  -17.196  -71.766  21.571 0.5000000000
6516  -20.153  -70.923  20.701 0.4000000060
6524  -20.433  -71.519  20.243 0.4000000060
6525  -21.390  -71.579  20.170 0.4000000060
6544  -12.653  -71.224  63.407 0.4000000060
6547  -14.975  -70.060  62.776 0.3000000119
6548  -16.346  -70.565  62.670 0.3000000119
6559  -11.523  -71.093  62.514 0.3000000119
6590  -5.301  -71.191  57.655 0.4000000060
6597  -4.661  -70.447  55.299 0.4000000060
6610  -10.048  -71.005  52.894 0.6000000238
6616  -3.774  -71.119  52.630 0.5000000000
6617  -9.184  -70.709  52.083 0.6000000238
6618  -9.900  -70.782  52.251 0.6000000238
6619  -10.294  -71.053  52.374 0.6000000238
6621  -3.632  -70.292  51.207 0.6000000238
6626  -3.578  -70.570  50.324 0.6000000238
6627  -9.683  -70.702  50.827 0.6000000238
6628  -10.284  -70.887  50.974 0.6000000238
6631  -4.043  -70.787  48.831 0.6000000238
6638  -4.323  -70.575  48.466 0.6000000238
6643  -4.586  -70.688  47.698 0.6000000238
6647  -4.436  -71.518  46.788 0.6000000238
6648  -4.540  -71.128  46.824 0.6999999881
6654  -24.117  -70.659  46.485 0.1000000015
6657  -4.597  -71.313  46.015 0.8000000119
6664  -20.009  -70.347  45.290 0.1000000015
6666  -22.461  -70.015  46.085 0.1000000015
6671  -5.596  -71.042  44.963 0.8000000119
6672  -6.708  -70.672  44.701 0.8000000119
6673  -7.790  -70.502  44.610 0.6999999881
6674  -8.831  -70.493  44.528 0.6999999881
6675  -9.824  -70.482  44.349 0.8999999762
6676  -10.382  -70.272  44.128 0.8999999762
6678  -19.621  -70.271  44.626 0.1000000015
6686  -10.431  -70.543  43.590 0.8999999762
6687  -10.552  -69.999  43.667 0.8999999762
6688  -19.173  -70.984  44.220 0.1000000015
6696  -10.189  -70.575  42.441 1.0000000000
6698  -20.212  -70.253  42.887 0.1000000015
6710  -7.232  -69.944  41.257 1.0000000000
6727  -7.429  -70.651  40.628 1.0000000000
6729  -9.450  -71.591  41.156 1.0000000000
6759  -3.012  -71.563  39.255 0.6000000238
6790  -5.431  -69.901  35.329 0.1000000015
6799  -3.183  -69.802  35.139 0.3000000119
6800  -4.546  -69.952  34.759 0.1000000015
6809  -4.641  -70.763  34.450 0.1000000015
6827  -25.188  -70.903  33.135 0.1000000015
6851  -24.753  -70.293  31.757 0.1000000015
6860  -29.216  -70.353  30.780 0.1000000015
6866  -11.802  -70.692  29.678 0.8999999762
6871  -23.424  -70.539  29.419 0.1000000015
6876  -6.532  -70.284  28.909 0.2000000030
6878  -10.340  -70.553  28.150 0.8999999762
6880  -16.285  -70.146  28.464 0.8000000119
6881  -22.175  -70.460  28.419 0.1000000015
6890  -10.487  -70.325  26.785 0.6999999881
6892  -20.808  -70.166  27.259 0.1000000015
6894  -22.850  -71.209  28.020 0.1000000015
6902  -9.147  -69.586  25.934 0.5000000000
6903  -9.926  -69.884  25.784 0.6999999881
6904  -10.297  -70.125  25.982 0.6999999881
6905  -13.415  -70.022  25.781 0.5000000000
6908  -15.865  -71.361  27.078 0.8000000119
6909  -19.843  -69.753  26.174 0.1000000015
6913  -13.652  -70.726  25.434 0.5000000000
6914  -14.814  -71.283  25.906 0.6999999881
6921  -20.265  -70.515  24.337 0.1000000015
6928  -20.744  -70.841  23.708 0.1000000015
6929  -21.549  -70.589  22.980 0.2000000030
6937  -14.899  -70.301  22.540 0.5000000000
6939  -17.220  -70.602  22.232 0.5000000000
6948  -17.789  -71.116  21.754 0.4000000060
6952  -21.619  -70.222  21.391 0.3000000119
6969  -7.694  -70.565  63.693 0.2000000030
6970  -13.053  -70.508  63.079 0.3000000119
6971  -13.654  -70.149  62.887 0.4000000060
6972  -14.442  -69.898  62.759 0.4000000060
6997  -12.985  -69.575  60.850 0.1000000015
6998  -14.205  -69.475  61.600 0.2000000030
7003  -18.150  -70.215  60.422 0.1000000015
7011  -5.250  -69.814  59.740 0.3000000119
7013  -9.233  -69.597  59.083 0.1000000015
7018  -15.421  -69.361  59.594 0.1000000015
7032  -11.449  -69.599  58.153 0.1000000015
7038  -17.375  -69.504  58.619 0.1000000015
7045  -5.006  -69.927  57.224 0.4000000060
7047  -11.288  -69.310  57.397 0.1000000015
7075  -4.527  -70.483  54.522 0.4000000060
7099  -3.880  -69.102  51.270 0.6000000238
7108  -4.262  -69.771  48.954 0.6000000238
7109  -5.018  -69.625  48.619 0.6000000238
7110  -6.141  -69.365  48.613 0.6000000238
7125  -7.566  -69.706  46.751 0.6000000238
7126  -8.438  -69.498  46.362 0.6999999881
7135  -20.793  -69.869  45.496 0.1000000015
7136  -21.726  -69.587  45.495 0.1000000015
7140  -10.554  -69.542  44.454 0.8999999762
7149  -10.454  -68.741  43.479 0.8999999762
7150  -10.599  -69.409  43.781 0.8999999762
7151  -20.589  -69.380  44.155 0.1000000015
7160  -4.608  -69.216  42.373 1.0000000000
7162  -7.772  -68.896  42.212 1.0000000000
7163  -8.803  -69.298  42.303 1.0000000000
7167  -20.900  -69.284  43.295 0.1000000015
7238  -3.062  -69.300  38.145 0.4000000060
7247  -6.271  -69.263  36.424 0.1000000015
7256  -3.449  -69.278  35.165 0.1000000015
7286  -26.690  -69.808  32.356 0.1000000015
7293  -15.968  -69.051  30.550 0.8000000119
7295  -24.541  -69.247  31.349 0.1000000015
7297  -25.554  -68.964  31.716 0.1000000015
7305  -9.857  -69.140  29.956 0.8999999762
7309  -14.028  -69.721  30.387 0.8000000119
7311  -16.198  -68.729  30.210 0.6999999881
7312  -23.246  -69.623  30.561 0.1000000015
7314  -24.805  -69.852  31.412 0.1000000015
7320  -6.300  -69.612  29.354 0.1000000015
7324  -12.200  -70.110  30.036 0.8000000119
7325  -13.244  -70.131  29.891 0.8000000119
7326  -15.071  -70.047  29.844 0.8000000119
7328  -16.257  -69.319  29.663 0.8000000119
7343  -10.339  -69.738  27.528 0.8000000119
7344  -16.403  -69.541  29.005 0.6999999881
7345  -20.834  -69.134  28.263 0.1000000015
7347  -22.473  -70.185  29.154 0.1000000015
7363  -15.784  -69.521  27.716 0.6000000238
7374  -9.589  -69.083  25.977 0.6999999881
7378  -20.126  -69.762  26.825 0.1000000015
7383  -12.957  -69.265  25.606 0.5000000000
7384  -19.810  -69.776  25.583 0.1000000015
7385  -19.934  -69.443  25.250 0.1000000015
7392  -13.035  -68.902  23.526 0.5000000000
7393  -20.300  -69.808  24.504 0.1000000015
7400  -13.462  -69.464  23.228 0.5000000000
7402  -16.526  -69.356  23.003 0.4000000060
7409  -15.762  -69.831  22.688 0.5000000000
7410  -17.754  -69.912  22.484 0.4000000060
7413  -22.133  -69.316  22.113 0.2000000030
7414  -22.152  -68.588  22.146 0.3000000119
7418  -19.288  -70.047  21.617 0.4000000060
7420  -21.284  -69.475  21.328 0.3000000119
7421  -21.873  -68.852  21.590 0.3000000119
7430  -7.489  -69.157  64.232 0.1000000015
7459  -8.563  -68.613  59.327 0.2000000030
7467  -4.824  -68.047  58.645 0.3000000119
7469  -9.691  -68.321  57.926 0.1000000015
7486  -13.209  -69.080  56.828 0.1000000015
7499  -5.275  -68.251  56.199 0.4000000060
7506  -16.086  -68.912  56.290 0.1000000015
7518  -5.104  -69.494  54.896 0.4000000060
7532  -13.421  -67.905  54.985 0.1000000015
7555  -4.561  -68.104  51.888 0.6000000238
7566  -4.701  -68.058  51.526 0.6000000238
7574  -4.271  -68.488  50.986 0.6000000238
7577  -6.512  -67.971  50.550 0.5000000000
7578  -7.586  -67.944  50.366 0.5000000000
7585  -4.352  -68.760  50.254 0.6000000238
7614  -9.778  -68.658  47.270 0.6000000238
7615  -10.674  -68.574  46.441 0.6999999881
7617  -12.062  -67.624  45.623 0.6999999881
7620  -11.147  -68.557  45.605 0.6999999881
7621  -11.556  -68.121  45.299 0.8000000119
7627  -3.534  -67.987  43.462 1.0000000000
7633  -10.407  -68.251  43.807 1.0000000000
7638  -3.472  -68.400  42.720 1.0000000000
7640  -8.329  -68.488  42.685 1.0000000000
7642  -9.991  -69.097  43.049 1.0000000000
7726  -2.965  -68.518  36.013 0.2000000030
7728  -4.694  -67.964  35.657 0.1000000015
7729  -5.520  -67.885  36.398 0.1000000015
7767  -14.161  -68.188  32.349 0.8999999762
7777  -11.633  -68.374  31.503 0.8999999762
7778  -12.665  -68.536  31.626 0.8999999762
7779  -14.800  -68.704  31.750 0.8000000119
7780  -15.573  -68.486  31.389 0.8000000119
7784  -23.843  -68.492  31.437 0.1000000015
7788  -27.360  -68.435  31.607 0.1000000015
7792  -10.088  -68.802  30.664 0.8999999762
7793  -11.018  -69.064  31.007 0.8999999762
7796  -22.128  -68.999  30.414 0.1000000015
7800  -5.869  -68.770  30.230 0.1000000015
7802  -9.677  -68.692  29.485 0.8999999762
7804  -20.724  -68.111  29.204 0.1000000015
7805  -21.303  -68.559  29.779 0.1000000015
7815  -7.411  -68.414  27.534 0.2000000030
7820  -16.344  -69.077  28.853 0.6999999881
7821  -20.299  -68.276  27.951 0.1000000015
7831  -7.813  -67.740  26.495 0.4000000060
7834  -14.268  -68.284  27.369 0.6000000238
7835  -15.221  -68.750  27.900 0.6000000238
7836  -16.061  -69.100  28.275 0.6000000238
7837  -20.187  -68.636  27.421 0.1000000015
7838  -20.425  -68.744  27.911 0.1000000015
7845  -9.210  -68.253  26.119 0.6000000238
7847  -10.030  -68.703  26.313 0.6000000238
7848  -13.209  -68.727  26.130 0.5000000000
7849  -20.065  -68.475  26.899 0.1000000015
7850  -20.148  -68.173  26.403 0.1000000015
7859  -13.091  -68.133  23.694 0.5000000000
7861  -15.746  -67.977  23.690 0.4000000060
7863  -21.105  -68.507  24.550 0.1000000015
7864  -21.764  -68.475  23.711 0.2000000030
7870  -16.225  -68.711  23.356 0.4000000060
7872  -18.248  -68.559  23.032 0.4000000060
7873  -22.247  -68.331  22.845 0.2000000030
7874  -22.269  -67.852  22.210 0.2000000030
7879  -19.907  -68.601  21.992 0.4000000060
7883  -20.517  -68.993  21.550 0.3000000119
7885  -21.585  -68.212  21.600 0.3000000119
7908  -6.937  -67.651  64.884 0.1000000015
7910  -6.559  -68.386  64.687 0.2000000030
7923  -8.120  -67.484  60.681 0.1000000015
7930  -4.675  -67.293  59.110 0.2000000030
7944  -5.112  -67.222  57.303 0.3000000119
7947  -11.204  -67.504  56.786 0.1000000015
7957  -11.607  -67.779  56.357 0.1000000015
7962  -5.865  -68.154  55.877 0.3000000119
7972  -7.179  -67.994  54.573 0.3000000119
7973  -7.528  -67.207  54.293 0.3000000119
7990  -6.005  -66.666  52.432 0.5000000000
8001  -5.230  -67.691  51.485 0.6000000238
8003  -7.339  -66.763  51.383 0.5000000000
8017  -10.209  -67.065  50.213 0.5000000000
8018  -11.161  -66.790  49.835 0.5000000000
8025  -12.443  -66.211  48.552 0.5000000000
8037  -12.140  -67.457  47.742 0.6000000238
8038  -12.500  -67.149  47.355 0.5000000000
8044  -12.467  -67.296  46.537 0.5000000000
8046  -4.234  -67.453  45.338 1.0000000000
8047  -5.017  -67.552  45.758 1.0000000000
8049  -6.992  -67.426  45.084 1.0000000000
8057  -8.315  -67.216  43.950 1.0000000000
8058  -9.751  -67.546  43.824 1.0000000000
8060  -11.187  -67.342  44.699 0.8999999762
8066  -5.555  -68.098  44.124 1.0000000000
8069  -8.915  -67.557  43.499 1.0000000000
8070  -11.052  -68.003  44.383 0.8999999762
8152  -3.247  -67.442  36.445 0.1000000015
8161  -3.459  -67.815  35.968 0.1000000015
8162  -3.824  -67.888  35.711 0.1000000015
8170  -13.681  -67.029  34.258 1.0000000000
8171  -14.473  -67.005  34.226 0.8999999762
8183  -14.923  -67.363  33.610 0.8999999762
8184  -15.588  -67.087  33.488 0.8999999762
8193  -9.469  -67.078  32.366 1.0000000000
8194  -10.441  -67.347  32.645 0.8999999762
8195  -11.444  -67.528  32.876 0.8999999762
8198  -14.541  -67.767  32.986 0.8999999762
8206  -8.708  -66.826  31.313 1.0000000000
8207  -9.178  -67.348  31.574 1.0000000000
8209  -11.051  -67.824  32.015 0.8999999762
8212  -15.787  -68.012  31.368 0.8000000119
8223  -15.836  -67.341  30.529 0.6999999881
8224  -15.984  -68.099  30.703 0.6999999881
8225  -20.997  -67.357  30.497 0.1000000015
8226  -21.448  -68.115  30.547 0.1000000015
8229  -27.191  -67.321  30.448 0.1000000015
8254  -10.071  -67.565  27.628 0.8000000119
8256  -15.680  -67.789  29.279 0.6000000238
8257  -16.162  -68.545  29.287 0.6000000238
8259  -25.637  -66.471  28.745 0.1000000015
8260  -26.290  -66.922  28.858 0.1000000015
8269  -8.042  -67.125  26.060 0.6000000238
8271  -14.114  -67.483  27.376 0.4000000060
8282  -8.983  -67.332  26.064 0.6000000238
8283  -13.248  -67.983  26.220 0.4000000060
8288  -13.200  -67.408  25.170 0.4000000060
8291  -21.626  -67.182  24.749 0.1000000015
8296  -13.408  -67.431  24.178 0.4000000060
8303  -22.197  -67.237  23.856 0.2000000030
8309  -18.782  -67.972  23.057 0.4000000060
8317  -21.548  -67.155  21.848 0.3000000119
8322  -21.927  -67.678  21.731 0.3000000119
8323  -22.205  -67.604  21.931 0.2000000030
8374  -6.938  -67.006  65.078 0.1000000015
8386  -4.732  -67.063  61.299 0.2000000030
8404  -5.373  -65.869  58.041 0.2000000030
8412  -5.196  -66.526  57.603 0.3000000119
8414  -5.965  -66.572  57.287 0.2000000030
8425  -5.578  -67.004  57.011 0.3000000119
8426  -6.569  -67.182  56.496 0.3000000119
8438  -12.739  -66.883  55.470 0.1000000015
8453  -6.399  -66.282  52.939 0.5000000000
8454  -6.950  -65.746  53.351 0.4000000060
8473  -11.054  -65.753  50.878 0.5000000000
8484  -9.744  -66.656  50.793 0.5000000000
8487  -12.055  -65.592  49.690 0.5000000000
8499  -11.866  -66.237  49.643 0.5000000000
8512  -12.556  -66.597  47.694 0.5000000000
8533  -4.338  -66.140  46.805 1.0000000000
8538  -10.881  -66.243  45.418 0.8000000119
8540  -12.612  -66.947  46.202 0.6999999881
8542  -3.649  -66.393  45.295 1.0000000000
8545  -5.444  -67.306  46.398 1.0000000000
8553  -3.687  -67.040  45.174 1.0000000000
8554  -7.921  -67.122  44.692 0.8999999762
8558  -11.643  -66.797  45.258 0.8000000119
8604  -7.424  -66.482  38.570 0.1000000015
8618  -6.424  -66.599  37.590 0.1000000015
8634  -3.714  -67.105  36.590 0.1000000015
8650  -12.076  -66.147  34.178 1.0000000000
8651  -13.077  -66.564  34.412 1.0000000000
8653  -14.873  -66.393  34.529 1.0000000000
8660  -10.051  -66.052  33.075 1.0000000000
8661  -10.653  -66.471  33.380 1.0000000000
8662  -11.424  -66.516  33.802 0.8999999762
8663  -12.289  -66.734  34.109 0.8999999762
8664  -15.978  -66.466  33.774 0.8999999762
8672  -8.473  -66.253  31.764 1.0000000000
8676  -16.296  -66.311  33.055 0.8999999762
8683  -16.070  -66.655  32.353 0.6999999881
8686  -22.439  -66.694  31.462 0.1000000015
8689  -24.538  -66.773  30.967 0.1000000015
8694  -9.321  -67.397  29.682 1.0000000000
8697  -24.104  -66.067  30.689 0.1000000015
8705  -14.916  -65.953  29.036 0.4000000060
8706  -15.482  -66.459  29.979 0.6000000238
8708  -25.201  -66.128  29.283 0.1000000015
8719  -9.997  -66.410  28.198 0.8000000119
8720  -14.468  -66.089  28.340 0.4000000060
8722  -20.388  -66.768  28.620 0.1000000015
8723  -25.577  -66.215  28.440 0.1000000015
8729  -7.805  -66.468  26.732 0.5000000000
8730  -8.625  -66.609  26.381 0.5000000000
8733  -20.490  -66.424  27.802 0.1000000015
8749  -13.758  -66.045  25.594 0.3000000119
8751  -15.551  -66.106  25.038 0.3000000119
8752  -16.609  -66.359  25.343 0.2000000030
8762  -14.902  -66.572  24.533 0.3000000119
8764  -17.113  -67.096  25.107 0.3000000119
8766  -22.166  -66.582  24.430 0.2000000030
8772  -18.891  -66.598  24.249 0.4000000060
8773  -19.397  -66.590  23.429 0.3000000119
8781  -19.916  -66.928  22.629 0.4000000060
8782  -20.834  -66.490  22.241 0.4000000060
8784  -22.657  -66.530  22.006 0.2000000030
8793  -22.225  -67.147  21.894 0.2000000030
8860  -6.019  -66.096  65.981 0.1000000015
8901  -4.905  -65.087  59.410 0.2000000030
8904  -5.071  -65.508  58.712 0.2000000030
8912  -6.346  -66.019  57.667 0.1000000015
8914  -8.588  -65.622  56.878 0.1000000015
8921  -8.179  -66.112  56.550 0.3000000119
8949  -7.259  -65.368  53.252 0.4000000060
8950  -7.966  -64.712  53.670 0.4000000060
8963  -10.414  -64.662  52.246 0.4000000060
8977  -11.513  -65.266  50.831 0.5000000000
8990  -12.088  -65.021  49.644 0.3000000119
9006  -10.528  -65.098  48.160 0.6999999881
9008  -12.357  -65.593  48.578 0.5000000000
9021  -9.158  -65.874  48.110 0.6999999881
9037  -5.751  -66.314  47.578 0.8999999762
9039  -11.530  -65.680  46.746 0.8000000119
9040  -12.169  -66.064  46.394 0.8000000119
9047  -11.705  -66.127  45.881 0.8000000119
9062  -5.148  -65.761  41.780 0.6999999881
9075  -5.378  -65.188  41.220 0.6000000238
9096  -3.718  -65.665  38.506 0.2000000030
9123  -4.155  -65.815  37.475 0.1000000015
9143  -12.727  -65.912  34.457 1.0000000000
9144  -13.570  -65.924  34.695 1.0000000000
9154  -11.518  -65.866  33.918 1.0000000000
9165  -8.671  -65.554  31.999 1.0000000000
9166  -9.497  -65.442  32.621 1.0000000000
9169  -16.584  -65.604  32.820 0.8999999762
9170  -16.994  -65.008  33.287 0.6000000238
9177  -8.523  -65.791  31.180 1.0000000000
9179  -16.013  -66.103  31.570 0.6999999881
9180  -16.342  -65.423  31.961 0.6999999881
9190  -9.194  -65.492  30.331 1.0000000000
9193  -20.703  -65.754  30.383 0.1000000015
9204  -15.341  -65.573  29.680 0.4000000060
9206  -25.264  -65.137  29.297 0.1000000015
9207  -25.609  -65.247  28.754 0.1000000015
9215  -7.802  -64.942  27.573 0.6000000238
9216  -10.058  -65.827  27.505 0.6999999881
9218  -14.378  -65.351  28.405 0.4000000060
9222  -26.595  -65.233  27.957 0.1000000015
9229  -7.688  -65.750  27.090 0.4000000060
9232  -13.787  -65.321  27.263 0.4000000060
9235  -25.645  -65.970  28.165 0.1000000015
9246  -16.633  -65.283  25.841 0.2000000030
9247  -17.305  -65.207  26.213 0.2000000030
9256  -13.459  -65.256  25.953 0.4000000060
9260  -17.010  -65.861  25.918 0.2000000030
9261  -18.199  -66.146  25.566 0.2000000030
9263  -22.643  -65.410  24.706 0.1000000015
9279  -19.747  -65.735  23.392 0.3000000119
9280  -20.466  -65.644  22.716 0.3000000119
9281  -23.301  -66.041  22.678 0.2000000030
9289  -22.485  -65.918  21.867 0.2000000030
9406  -4.667  -64.391  60.759 0.1000000015
9416  -4.896  -64.524  59.842 0.2000000030
9418  -5.299  -63.838  60.138 0.1000000015
9437  -5.452  -64.836  58.990 0.2000000030
9438  -6.097  -64.911  58.767 0.1000000015
9448  -9.803  -64.426  56.692 0.3000000119
9466  -8.819  -64.267  54.512 0.4000000060
9484  -8.835  -64.030  53.780 0.4000000060
9485  -10.092  -63.579  53.381 0.3000000119
9521  -11.559  -64.548  51.094 0.3000000119
9544  -10.240  -64.178  49.395 0.4000000060
9545  -11.314  -64.322  49.317 0.5000000000
9546  -11.857  -64.628  49.566 0.3000000119
9581  -3.845  -65.003  45.625 1.0000000000
9582  -4.151  -64.541  45.836 1.0000000000
9588  -3.909  -64.801  44.320 1.0000000000
9627  -4.202  -64.560  39.419 0.3000000119
9636  -4.039  -64.336  38.788 0.2000000030
9643  -4.721  -64.400  37.921 0.1000000015
9679  -14.939  -64.346  34.307 0.8999999762
9680  -15.857  -65.122  34.620 1.0000000000
9682  -17.237  -64.331  34.208 0.8000000119
9689  -12.106  -64.747  33.144 1.0000000000
9691  -14.280  -63.979  33.618 1.0000000000
9692  -17.488  -64.271  33.616 0.6000000238
9699  -10.266  -64.756  32.338 1.0000000000
9701  -12.919  -64.189  32.840 1.0000000000
9711  -10.302  -64.369  31.423 1.0000000000
9713  -16.513  -64.683  31.547 0.6000000238
9727  -11.093  -64.024  30.894 1.0000000000
9730  -16.649  -64.051  31.187 0.6000000238
9734  -26.485  -64.045  30.513 0.1000000015
9735  -26.688  -64.151  29.813 0.1000000015
9752  -27.001  -64.369  29.111 0.1000000015
9763  -10.670  -64.196  28.036 0.8999999762
9764  -13.788  -64.688  27.761 0.4000000060
9768  -26.310  -64.937  28.574 0.1000000015
9771  -29.023  -63.926  27.820 0.1000000015
9781  -10.349  -63.776  27.564 0.8000000119
9793  -13.163  -64.569  26.276 0.4000000060
9795  -17.531  -64.393  26.422 0.2000000030
9797  -19.211  -63.788  26.328 0.2000000030
9804  -13.418  -64.592  25.874 0.2000000030
9806  -15.388  -64.432  25.520 0.2000000030
9808  -19.477  -64.134  25.530 0.2000000030
9811  -23.802  -64.287  24.491 0.1000000015
9818  -20.123  -63.856  23.753 0.2000000030
9819  -23.519  -65.122  23.982 0.1000000015
9830  -21.097  -65.032  22.526 0.3000000119
9831  -21.959  -64.702  22.227 0.1000000015
9832  -22.949  -64.607  21.978 0.1000000015
9934  -4.937  -63.186  61.712 0.1000000015
9954  -9.726  -64.169  58.082 0.2000000030
9956  -10.577  -62.983  57.847 0.1000000015
9961  -10.402  -63.079  56.999 0.1000000015
9969  -9.132  -63.308  54.860 0.2000000030
9987  -9.437  -63.286  54.135 0.2000000030
9988  -10.564  -62.829  53.609 0.3000000119
9989  -11.127  -62.934  52.941 0.2000000030
10001  -11.288  -63.481  52.375 0.3000000119
10047  -8.643  -63.905  49.957 0.4000000060
10050  -11.426  -64.001  50.336 0.3000000119
10068  -3.987  -63.605  44.989 1.0000000000
10089  -5.166  -63.636  42.266 0.8000000119
10097  -5.783  -63.914  41.760 0.5000000000
10108  -5.916  -63.463  40.845 0.6000000238
10143  -4.777  -63.649  38.419 0.2000000030
10181  -17.242  -63.247  34.565 0.8999999762
10190  -14.943  -63.462  33.842 1.0000000000
10191  -15.641  -62.909  34.062 0.8999999762
10193  -18.306  -62.809  33.622 0.8999999762
10200  -17.879  -63.641  32.899 0.6000000238
10201  -18.306  -63.022  32.994 0.6000000238
10213  -17.653  -63.612  32.022 0.6000000238
10224  -11.121  -63.511  29.339 1.0000000000
10226  -16.645  -63.757  30.424 0.5000000000
10227  -17.188  -63.564  31.162 0.5000000000
10239  -6.355  -63.717  30.311 0.1000000015
10241  -8.353  -62.732  28.641 0.3000000119
10242  -10.941  -63.470  28.432 0.8999999762
10244  -15.352  -63.787  28.861 0.4000000060
10261  -9.813  -63.404  27.556 0.8000000119
10266  -28.816  -63.767  28.690 0.1000000015
10273  -13.086  -63.952  26.641 0.3000000119
10274  -13.176  -63.273  26.959 0.3000000119
10284  -13.699  -63.239  26.119 0.2000000030
10286  -16.730  -63.692  26.210 0.2000000030
10289  -19.749  -63.226  25.785 0.2000000030
10298  -13.502  -63.938  25.869 0.3000000119
10299  -14.564  -63.792  25.767 0.2000000030
10305  -19.876  -63.603  24.690 0.2000000030
10307  -24.416  -64.233  23.269 0.1000000015
10312  -20.730  -63.335  23.565 0.2000000030
10313  -21.397  -63.429  22.989 0.2000000030
10314  -24.318  -63.970  22.474 0.1000000015
10323  -24.619  -63.182  22.301 0.1000000015
10493  -9.093  -62.042  55.750 0.1000000015
10519  -11.023  -62.274  52.519 0.3000000119
10520  -11.242  -62.827  52.472 0.2000000030
10534  -4.742  -61.962  50.863 0.3000000119
10536  -6.144  -62.444  51.423 0.3000000119
10541  -11.208  -62.771  51.877 0.3000000119
10557  -5.217  -62.474  50.388 0.3000000119
10560  -8.596  -62.900  50.839 0.4000000060
10561  -9.699  -62.750  50.957 0.3000000119
10562  -10.776  -62.806  51.240 0.3000000119
10577  -7.130  -62.463  46.405 0.4000000060
10597  -3.830  -62.663  44.002 0.8999999762
10612  -5.630  -63.106  41.683 0.5000000000
10664  -5.385  -62.656  37.990 0.2000000030
10665  -5.744  -62.726  37.496 0.2000000030
10685  -16.001  -62.072  34.136 0.8999999762
10686  -16.986  -62.207  34.627 1.0000000000
10688  -18.214  -62.310  34.128 0.8999999762
10697  -14.563  -62.111  33.088 1.0000000000
10706  -13.301  -62.472  32.120 1.0000000000
10720  -12.172  -62.607  31.059 1.0000000000
10749  -9.158  -62.120  28.345 0.4000000060
10750  -10.231  -61.887  28.135 0.8999999762
10752  -14.394  -62.117  28.034 0.3000000119
10753  -15.429  -62.246  28.290 0.3000000119
10755  -17.306  -62.474  29.337 0.5000000000
10767  -13.854  -62.186  27.707 0.3000000119
10777  -13.435  -62.407  27.187 0.3000000119
10785  -13.931  -62.534  26.536 0.3000000119
10789  -18.525  -62.237  26.532 0.2000000030
10790  -19.437  -62.516  26.392 0.2000000030
10796  -20.099  -62.353  25.607 0.2000000030
10812  -20.646  -62.739  24.123 0.2000000030
10814  -22.150  -62.297  22.993 0.2000000030
10815  -25.256  -62.829  22.544 0.1000000015
10816  -25.466  -62.083  22.431 0.1000000015
10824  -24.266  -62.747  22.079 0.1000000015
10993  -9.564  -61.706  57.376 0.1000000015
11005  -8.978  -61.146  55.873 0.1000000015
11012  -9.853  -61.173  54.424 0.2000000030
11013  -10.036  -61.819  54.522 0.3000000119
11021  -4.788  -60.898  52.899 0.3000000119
11022  -5.205  -60.996  53.119 0.3000000119
11023  -6.431  -60.756  53.373 0.3000000119
11024  -7.538  -60.719  53.300 0.3000000119
11025  -9.417  -60.894  53.404 0.3000000119
11035  -4.441  -61.152  52.007 0.3000000119
11052  -6.490  -61.852  52.076 0.3000000119
11055  -10.463  -61.867  52.358 0.2000000030
11068  -4.818  -61.982  50.194 0.3000000119
11075  -4.620  -61.383  50.029 0.3000000119
11114  -3.866  -61.948  43.599 0.8000000119
11162  -5.190  -61.356  39.539 0.3000000119
11182  -5.179  -61.541  38.736 0.2000000030
11184  -6.461  -61.586  37.040 0.1000000015
11225  -7.198  -61.271  34.158 0.1000000015
11232  -18.573  -61.583  33.874 0.6000000238
11242  -18.782  -61.659  33.194 0.6000000238
11251  -6.429  -61.317  31.924 0.2000000030
11254  -13.378  -61.600  32.393 1.0000000000
11255  -18.826  -61.845  32.325 0.4000000060
11266  -6.793  -61.203  31.232 0.1000000015
11268  -11.246  -60.379  29.701 1.0000000000
11269  -11.780  -61.304  30.999 1.0000000000
11270  -12.331  -61.925  31.264 1.0000000000
11271  -18.828  -61.606  31.403 0.4000000060
11280  -8.334  -60.916  29.876 0.5000000000
11283  -18.271  -61.556  30.125 0.4000000060
11284  -18.652  -61.353  30.725 0.4000000060
11304  -15.987  -61.456  28.494 0.3000000119
11306  -17.753  -61.693  29.444 0.5000000000
11317  -14.178  -61.441  27.965 0.3000000119
11338  -14.286  -61.138  27.185 0.3000000119
11339  -14.835  -61.190  26.706 0.3000000119
11340  -16.949  -61.334  26.359 0.2000000030
11348  -20.493  -61.511  25.535 0.2000000030
11357  -21.047  -61.537  24.716 0.2000000030
11359  -25.651  -62.005  23.860 0.1000000015
11367  -25.952  -61.550  22.825 0.1000000015
11373  -23.771  -62.178  22.185 0.2000000030
11376  -25.788  -61.195  22.470 0.2000000030
11377  -26.488  -60.711  22.694 0.1000000015
11574  -4.757  -59.627  56.695 0.2000000030
11576  -6.070  -60.065  56.722 0.1000000015
11577  -7.345  -60.204  56.685 0.2000000030
11578  -8.199  -60.614  56.635 0.1000000015
11586  -5.004  -59.856  55.542 0.2000000030
11587  -5.042  -59.962  55.488 0.3000000119
11595  -4.722  -59.892  54.383 0.3000000119
11609  -4.336  -59.879  52.804 0.3000000119
11614  -8.541  -60.612  53.572 0.3000000119
11615  -9.364  -60.700  54.146 0.3000000119
11622  -4.259  -59.656  52.229 0.3000000119
11634  -4.211  -60.446  51.682 0.3000000119
11695  -3.629  -60.695  44.043 0.8000000119
11744  -4.956  -60.699  39.727 0.3000000119
11745  -10.300  -59.965  38.912 0.1000000015
11752  -5.107  -60.848  38.870 0.2000000030
11799  -15.855  -60.580  34.160 1.0000000000
11800  -16.730  -60.688  34.597 1.0000000000
11801  -18.410  -60.656  34.672 1.0000000000
11802  -18.977  -60.419  34.265 0.6999999881
11814  -14.363  -60.619  33.243 1.0000000000
11816  -19.326  -60.148  33.670 0.6000000238
11827  -12.530  -61.056  32.402 1.0000000000
11828  -19.402  -60.296  32.938 0.4000000060
11840  -18.911  -60.640  31.162 0.3000000119
11853  -10.091  -59.666  29.400 0.8999999762
11856  -18.440  -60.772  30.286 0.3000000119
11870  -9.908  -60.601  29.055 0.6000000238
11872  -14.850  -60.132  28.271 0.3000000119
11875  -17.414  -61.062  29.148 0.5000000000
11896  -14.406  -60.742  27.554 0.3000000119
11912  -15.512  -60.569  26.714 0.3000000119
11913  -16.530  -60.598  26.533 0.2000000030
11915  -18.914  -60.873  26.415 0.2000000030
11925  -19.786  -60.963  26.194 0.2000000030
11937  -21.526  -60.105  24.714 0.2000000030
11946  -21.851  -60.710  23.983 0.2000000030
11949  -24.605  -60.118  22.441 0.2000000030
12144  -4.491  -59.265  58.415 0.1000000015
12151  -4.221  -58.716  56.664 0.1000000015
12162  -4.497  -59.293  56.381 0.1000000015
12199  -4.404  -59.337  52.917 0.3000000119
12200  -4.568  -58.938  52.643 0.3000000119
12243  -9.256  -60.118  48.070 0.3000000119
12245  -10.385  -59.384  48.633 0.4000000060
12251  -4.108  -59.119  47.104 0.8999999762
12264  -6.993  -59.801  45.897 0.8000000119
12351  -5.099  -59.393  39.087 0.2000000030
12363  -5.370  -60.148  38.803 0.2000000030
12382  -17.088  -59.014  35.478 0.8999999762
12383  -17.821  -59.352  35.556 0.8999999762
12384  -18.542  -59.539  35.339 0.5000000000
12394  -6.841  -59.629  34.710 0.1000000015
12410  -10.705  -59.095  32.969 1.0000000000
12413  -14.622  -59.871  33.629 1.0000000000
12427  -19.543  -59.650  32.387 0.3000000119
12435  -6.797  -59.460  32.020 0.2000000030
12438  -10.862  -58.980  30.133 1.0000000000
12439  -18.782  -59.775  30.918 0.2000000030
12455  -9.865  -58.948  29.685 0.8000000119
12457  -15.205  -58.669  28.955 0.3000000119
12469  -15.134  -59.343  28.515 0.3000000119
12470  -15.330  -59.518  28.734 0.3000000119
12472  -16.864  -59.748  29.364 0.2000000030
12486  -14.945  -59.459  28.169 0.3000000119
12500  -15.832  -59.281  27.254 0.3000000119
12502  -17.613  -58.278  27.392 0.2000000030
12516  -18.522  -59.577  26.544 0.2000000030
12527  -20.171  -60.145  26.108 0.2000000030
12528  -21.327  -59.423  25.322 0.2000000030
12537  -22.605  -59.255  24.082 0.1000000015
12538  -23.253  -59.058  23.819 0.1000000015
12549  -25.987  -58.843  22.481 0.1000000015
12555  -26.211  -59.562  22.223 0.1000000015
12744  -4.329  -58.554  55.858 0.2000000030
12753  -4.467  -58.709  54.979 0.2000000030
12761  -4.729  -58.378  53.758 0.2000000030
12776  -4.923  -58.557  52.611 0.3000000119
12777  -5.764  -58.362  52.314 0.3000000119
12786  -6.152  -58.584  51.594 0.2000000030
12825  -15.836  -58.480  49.376 0.3000000119
12901  -4.151  -58.764  41.754 0.5000000000
12920  -3.973  -58.379  40.150 0.2000000030
12966  -19.065  -58.038  36.184 0.5000000000
12967  -19.809  -57.617  36.044 0.4000000060
12971  -7.739  -58.805  35.892 0.1000000015
12973  -15.970  -58.181  35.150 1.0000000000
12981  -6.518  -58.794  34.478 0.1000000015
12982  -11.969  -58.071  33.921 1.0000000000
12985  -14.681  -58.486  34.111 1.0000000000
12986  -15.516  -58.909  34.484 1.0000000000
12988  -19.887  -58.780  34.663 0.6000000238
12989  -20.207  -58.237  34.103 0.4000000060
13002  -13.356  -58.807  33.664 1.0000000000
13022  -19.821  -58.271  32.449 0.4000000060
13033  -18.889  -59.033  30.999 0.2000000030
13046  -10.025  -58.212  29.896 0.8999999762
13047  -15.234  -57.958  29.488 0.2000000030
13049  -16.636  -58.226  29.841 0.2000000030
13088  -15.004  -58.755  28.219 0.3000000119
13089  -15.252  -58.768  27.832 0.3000000119
13095  -22.114  -58.352  26.807 0.2000000030
13096  -23.271  -58.170  26.847 0.1000000015
13106  -17.938  -58.959  26.900 0.2000000030
13108  -20.427  -59.036  26.309 0.2000000030
13110  -22.538  -58.414  25.922 0.2000000030
13121  -21.065  -59.019  25.804 0.2000000030
13123  -22.191  -58.715  25.208 0.1000000015
13136  -23.952  -58.649  23.858 0.1000000015
13393  -4.500  -57.651  56.877 0.1000000015
13409  -4.606  -58.237  54.536 0.3000000119
13410  -4.522  -57.879  55.706 0.2000000030
13411  -4.939  -57.491  55.467 0.2000000030
13413  -6.497  -56.965  56.129 0.1000000015
13427  -5.107  -57.640  54.696 0.2000000030
13428  -6.778  -57.319  54.142 0.1000000015
13445  -13.531  -57.465  53.096 0.1000000015
13459  -8.213  -57.989  52.848 0.1000000015
13465  -15.084  -57.901  52.779 0.1000000015
13516  -18.220  -57.471  49.269 0.1000000015
13524  -4.853  -57.193  48.339 0.6999999881
13573  -2.970  -58.074  44.752 0.8999999762
13586  -7.456  -57.574  43.474 0.1000000015
13592  -3.568  -57.028  41.986 0.5000000000
13593  -6.622  -56.877  42.403 0.1000000015
13609  -6.611  -57.184  40.704 0.1000000015
13615  -5.297  -57.606  39.161 0.1000000015
13616  -5.781  -57.428  39.303 0.1000000015
13623  -4.978  -58.023  39.105 0.1000000015
13633  -17.378  -57.191  36.714 0.8000000119
13646  -16.121  -56.739  36.047 0.8999999762
13648  -18.603  -57.552  36.602 0.5000000000
13649  -20.328  -57.017  35.849 0.4000000060
13659  -14.888  -57.074  34.966 1.0000000000
13661  -16.403  -57.590  35.753 0.8000000119
13663  -20.461  -57.167  35.114 0.3000000119
13672  -13.569  -57.471  34.234 1.0000000000
13678  -7.540  -56.725  32.956 0.3000000119
13680  -10.219  -57.267  33.280 1.0000000000
13694  -9.842  -56.768  31.481 0.8000000119
13695  -19.758  -57.418  32.275 0.3000000119
13696  -20.043  -57.818  32.906 0.3000000119
13705  -8.397  -57.282  31.595 0.5000000000
13706  -9.315  -57.182  30.778 0.6999999881
13725  -15.229  -57.477  30.051 0.2000000030
13726  -15.974  -57.565  30.189 0.2000000030
13742  -21.582  -57.347  29.226 0.2000000030
13753  -14.807  -57.536  28.847 0.3000000119
13754  -15.151  -57.344  28.592 0.3000000119
13756  -16.747  -56.958  28.310 0.3000000119
13758  -19.175  -57.463  28.326 0.2000000030
13776  -15.527  -57.889  28.089 0.3000000119
13778  -17.358  -57.529  27.873 0.2000000030
13780  -19.623  -58.098  27.807 0.2000000030
13782  -21.603  -58.232  27.693 0.2000000030
14180  -18.236  -56.531  47.410 0.2000000030
14205  -6.966  -55.927  44.767 0.1000000015
14213  -7.365  -56.758  44.613 0.1000000015
14219  -6.507  -56.434  43.609 0.1000000015
14225  -5.826  -55.550  42.091 0.1000000015
14237  -3.914  -56.135  40.349 0.1000000015
14250  -16.829  -56.175  39.272 0.6000000238
14256  -16.433  -56.304  38.696 0.6999999881
14265  -15.906  -56.010  37.756 0.8000000119
14279  -19.140  -56.946  36.969 0.5000000000
14280  -19.910  -56.456  36.886 0.3000000119
14281  -20.277  -56.334  36.301 0.3000000119
14289  -6.692  -56.277  34.754 0.2000000030
14308  -20.462  -56.580  34.597 0.3000000119
14315  -19.920  -56.225  33.198 0.3000000119
14327  -17.718  -55.639  31.528 0.2000000030
14337  -14.794  -56.426  30.816 0.2000000030
14338  -15.732  -56.326  31.006 0.2000000030
14354  -21.765  -56.065  30.310 0.2000000030
14356  -23.301  -55.996  30.102 0.1000000015
14365  -14.628  -57.065  29.378 0.2000000030
14366  -18.344  -55.848  29.196 0.2000000030
14368  -20.152  -56.514  29.497 0.2000000030
14383  -15.423  -56.573  28.729 0.2000000030
14384  -16.240  -56.364  28.612 0.2000000030
14387  -19.638  -57.002  28.905 0.2000000030
14734  -4.971  -55.767  48.938 0.8000000119
14736  -6.922  -55.536  48.954 0.6000000238
14739  -16.248  -55.954  48.121 0.2000000030
14753  -20.292  -55.578  46.800 0.2000000030
14759  -2.996  -55.713  46.910 1.0000000000
14808  -12.961  -55.162  40.030 0.8999999762
14810  -13.913  -55.254  40.237 0.8999999762
14817  -13.531  -55.381  39.948 0.8999999762
14818  -14.361  -55.585  39.844 0.8000000119
14819  -15.384  -55.859  39.724 0.6999999881
14821  -17.149  -55.711  39.610 0.6999999881
14831  -17.649  -56.114  39.114 0.6000000238
14832  -18.499  -55.818  38.962 0.6000000238
14842  -19.090  -56.097  38.312 0.5000000000
14854  -20.372  -55.642  36.109 0.3000000119
14860  -6.658  -55.125  35.216 0.3000000119
14864  -13.468  -55.383  35.535 1.0000000000
14875  -7.264  -55.078  34.628 0.3000000119
14877  -10.329  -55.102  34.168 1.0000000000
14878  -11.209  -55.508  34.559 1.0000000000
14880  -20.388  -55.735  34.806 0.3000000119
14888  -9.219  -55.283  33.264 0.6000000238
14898  -14.233  -55.532  31.530 0.2000000030
14900  -16.220  -54.942  32.065 0.2000000030
14902  -18.476  -55.247  32.098 0.2000000030
14903  -19.282  -55.632  32.702 0.3000000119
14910  -14.088  -55.829  30.820 0.2000000030
14912  -15.958  -55.701  31.543 0.2000000030
14923  -14.050  -55.912  30.103 0.2000000030
14927  -22.349  -55.336  30.594 0.2000000030
14936  -14.504  -56.191  29.523 0.2000000030
14938  -15.967  -55.182  29.256 0.2000000030
14940  -19.775  -55.812  29.810 0.2000000030
14951  -15.052  -56.164  29.095 0.2000000030
14952  -15.720  -55.857  28.946 0.2000000030
15283  -4.123  -54.428  48.654 0.8999999762
15284  -4.570  -54.990  48.826 0.8999999762
15298  -17.582  -54.765  47.373 0.3000000119
15309  -19.586  -55.078  45.986 0.2000000030
15344  -3.856  -54.213  41.196 0.1000000015
15345  -4.384  -54.288  41.208 0.1000000015
15353  -12.659  -54.682  40.255 0.8999999762
15354  -13.421  -54.633  40.413 0.8000000119
15361  -11.930  -54.320  40.108 0.8999999762
15363  -16.627  -55.063  40.097 0.6999999881
15378  -19.633  -54.489  37.950 0.5000000000
15384  -20.037  -54.286  36.413 0.5000000000
15385  -20.249  -55.070  36.522 0.3000000119
15401  -8.850  -53.989  34.093 0.5000000000
15402  -9.328  -54.017  34.010 0.8000000119
15406  -20.134  -54.980  35.040 0.3000000119
15412  -8.740  -54.697  34.005 0.5000000000
15414  -13.602  -53.998  32.147 0.2000000030
15416  -15.597  -53.908  32.825 0.2000000030
15418  -18.076  -54.060  32.917 0.3000000119
15419  -19.428  -54.580  33.726 0.3000000119
15427  -13.302  -54.313  31.389 0.2000000030
15437  -13.536  -54.323  30.665 0.2000000030
15440  -22.243  -53.765  31.020 0.1000000015
15451  -14.071  -54.522  30.208 0.2000000030
15453  -17.424  -54.189  30.076 0.1000000015
15454  -18.843  -54.571  30.287 0.1000000015
15472  -15.313  -54.713  29.602 0.2000000030
15475  -18.520  -55.138  29.676 0.1000000015
15476  -23.616  -54.783  29.680 0.1000000015
15882  -4.159  -53.720  48.430 1.0000000000
15921  -5.574  -52.370  44.546 0.1000000015
15923  -6.840  -53.125  45.480 0.1000000015
15926  -20.681  -54.029  45.668 0.2000000030
15937  -3.931  -52.705  42.542 0.1000000015
15951  -4.977  -53.407  42.590 0.1000000015
15983  -6.797  -53.779  39.705 0.1000000015
15984  -11.598  -53.725  40.331 0.8999999762
15985  -12.324  -53.473  40.448 0.8999999762
15989  -17.072  -54.049  39.614 0.6999999881
15997  -11.212  -53.907  39.947 0.8999999762
15999  -19.286  -53.707  38.123 0.5000000000
16001  -5.477  -53.726  37.450 0.1000000015
16020  -19.955  -53.473  35.930 0.4000000060
16028  -9.868  -53.478  34.466 0.8000000119
16029  -19.118  -53.129  34.052 0.4000000060
16041  -15.948  -53.270  33.371 0.3000000119
16042  -16.765  -53.094  33.478 0.3000000119
16057  -13.195  -53.320  32.249 0.2000000030
16077  -21.082  -53.008  31.502 0.1000000015
16078  -21.861  -53.007  31.277 0.1000000015
16094  -13.584  -53.580  30.638 0.2000000030
16101  -20.501  -53.857  31.302 0.1000000015
16103  -23.247  -54.398  30.201 0.1000000015
16115  -16.647  -54.122  30.049 0.2000000030
16126  -22.822  -53.120  27.376 0.1000000015
16485  -7.208  -52.525  48.219 0.8999999762
16490  -11.603  -52.497  49.131 0.8000000119
16494  -15.430  -52.484  48.592 0.5000000000
16599  -13.709  -53.043  40.199 0.6999999881
16612  -15.499  -52.824  39.384 0.6999999881
16629  -16.790  -52.587  38.833 0.6999999881
16640  -5.175  -52.283  37.528 0.2000000030
16656  -19.927  -52.827  36.556 0.4000000060
16661  -6.849  -52.408  35.712 0.5000000000
16662  -7.570  -52.078  35.365 0.5000000000
16671  -12.591  -52.156  33.221 0.2000000030
16673  -14.697  -52.156  33.893 0.3000000119
16676  -17.549  -52.311  34.051 0.4000000060
16678  -19.504  -52.770  34.574 0.4000000060
16690  -13.108  -52.775  32.853 0.2000000030
16691  -14.325  -52.828  33.413 0.3000000119
16694  -17.078  -52.529  33.774 0.3000000119
16705  -12.192  -52.013  31.784 0.2000000030
16722  -12.922  -52.718  31.351 0.2000000030
16731  -22.049  -52.371  31.120 0.1000000015
16740  -13.357  -53.079  30.847 0.2000000030
16743  -16.062  -52.905  30.941 0.1000000015
16744  -17.162  -52.985  31.153 0.1000000015
16745  -17.925  -53.326  30.982 0.1000000015
16746  -22.372  -52.736  30.653 0.1000000015
16767  -21.896  -52.168  27.671 0.1000000015
16768  -22.330  -52.492  27.071 0.1000000015
17142  -4.232  -51.199  47.469 1.0000000000
17156  -3.760  -51.179  46.325 0.8000000119
17232  -5.077  -50.868  41.167 0.3000000119
17248  -5.432  -51.675  40.965 0.3000000119
17281  -12.731  -51.312  39.260 0.8000000119
17298  -5.271  -51.426  37.550 0.3000000119
17299  -5.876  -50.897  37.052 0.5000000000
17318  -7.724  -51.534  35.727 0.6999999881
17319  -20.050  -51.373  36.703 0.5000000000
17326  -13.433  -50.889  34.508 0.3000000119
17328  -15.434  -51.012  34.515 0.4000000060
17329  -16.976  -51.207  34.424 0.4000000060
17331  -18.906  -51.349  34.598 0.4000000060
17341  -15.063  -51.581  34.291 0.3000000119
17344  -18.204  -52.013  34.395 0.4000000060
17356  -12.010  -51.537  33.056 0.3000000119
17363  -11.886  -51.400  32.404 0.3000000119
17366  -14.481  -50.970  32.241 0.2000000030
17367  -16.059  -50.516  32.380 0.1000000015
17381  -12.708  -51.903  31.497 0.2000000030
17387  -21.031  -51.356  31.428 0.1000000015
17389  -22.083  -51.908  30.772 0.1000000015
17399  -21.665  -51.185  30.743 0.1000000015
17792  -9.849  -50.853  48.283 0.8999999762
17803  -4.334  -50.465  46.862 0.8000000119
17808  -8.682  -50.119  47.842 1.0000000000
17815  -4.004  -50.470  46.080 0.6000000238
17822  -22.749  -51.151  45.979 0.2000000030
17850  -4.381  -50.339  44.842 0.2000000030
17910  -8.069  -49.575  39.965 0.8999999762
17937  -5.468  -49.954  38.227 0.5000000000
17939  -7.400  -49.829  38.963 0.8000000119
17947  -17.079  -51.087  38.500 0.6999999881
17960  -19.796  -50.590  37.134 0.6000000238
17974  -17.886  -50.762  34.489 0.4000000060
17994  -11.706  -50.752  33.071 0.3000000119
18004  -16.964  -50.660  32.392 0.1000000015
18020  -20.440  -50.600  31.391 0.1000000015
18032  -21.140  -50.602  30.414 0.1000000015
18048  -20.399  -50.372  28.393 0.1000000015
18049  -20.957  -50.989  28.029 0.1000000015
18056  -21.269  -50.641  27.616 0.1000000015
18057  -22.185  -50.502  27.325 0.1000000015
18058  -23.372  -50.314  27.223 0.1000000015
18066  -23.224  -51.606  26.238 0.1000000015
18498  -9.763  -49.043  47.704 0.8000000119
18505  -16.885  -49.620  47.123 0.8000000119
18508  -4.334  -49.829  45.579 0.5000000000
18510  -5.571  -49.280  46.717 0.4000000060
18523  -4.653  -49.408  45.310 0.5000000000
18543  -4.745  -49.560  44.965 0.2000000030
18564  -8.057  -49.433  42.875 0.2000000030
18565  -8.944  -49.577  43.005 0.2000000030
18585  -5.347  -48.996  41.823 0.3000000119
18587  -6.382  -49.703  42.591 0.2000000030
18624  -8.374  -49.057  40.121 0.8999999762
18647  -5.867  -49.323  38.918 0.6000000238
18652  -11.920  -49.966  38.374 0.8000000119
18678  -19.733  -49.263  36.752 0.5000000000
18683  -13.263  -49.807  34.501 0.3000000119
18685  -15.345  -49.782  34.545 0.4000000060
18686  -16.295  -49.842  34.478 0.4000000060
18687  -17.350  -49.976  34.448 0.4000000060
18697  -11.835  -49.545  33.820 0.3000000119
18698  -12.456  -49.264  34.176 0.3000000119
18702  -19.704  -49.755  34.803 0.4000000060
18733  -12.530  -48.770  32.398 0.2000000030
18738  -19.012  -49.726  31.531 0.1000000015
18739  -19.864  -50.024  31.285 0.1000000015
18762  -25.294  -48.791  29.052 0.1000000015
18769  -23.433  -48.922  28.226 0.1000000015
18777  -20.608  -49.852  27.605 0.1000000015
18781  -25.022  -49.607  27.557 0.1000000015
19186  -7.709  -48.810  46.354 0.4000000060
19189  -10.248  -48.761  47.128 0.6999999881
19190  -11.518  -48.258  46.159 0.6000000238
19199  -4.991  -49.015  45.513 0.3000000119
19200  -5.623  -48.871  45.962 0.4000000060
19201  -6.323  -48.904  46.484 0.4000000060
19206  -13.640  -47.627  45.914 0.3000000119
19209  -16.116  -47.913  46.350 0.6000000238
19218  -5.640  -48.912  45.146 0.3000000119
19220  -7.449  -48.806  45.407 0.3000000119
19259  -7.506  -48.819  42.778 0.3000000119
19261  -8.993  -48.837  42.790 0.2000000030
19288  -6.259  -48.237  42.383 0.3000000119
19312  -5.419  -48.341  41.528 0.4000000060
19328  -8.093  -48.622  39.936 0.8999999762
19340  -8.450  -48.073  39.678 0.8999999762
19371  -19.257  -48.535  37.229 0.5000000000
19388  -14.748  -49.091  34.434 0.4000000060
19399  -12.746  -48.423  34.037 0.3000000119
19401  -15.159  -48.460  34.223 0.3000000119
19403  -17.247  -48.832  33.967 0.4000000060
19415  -12.129  -47.925  33.479 0.3000000119
19421  -20.151  -48.350  34.296 0.4000000060
19430  -11.882  -47.588  33.041 0.2000000030
19442  -12.967  -48.231  31.559 0.2000000030
19460  -14.888  -48.265  30.431 0.1000000015
19486  -24.837  -48.466  28.685 0.1000000015
19487  -25.086  -48.662  28.821 0.1000000015
19916  -14.665  -47.298  45.557 0.3000000119
19981  -9.983  -47.397  42.224 0.1000000015
20000  -5.712  -47.704  41.141 0.5000000000
20044  -16.045  -47.528  37.777 0.6999999881
20045  -17.007  -47.522  37.697 0.6000000238
20066  -20.262  -47.806  35.993 0.5000000000
20079  -21.367  -47.272  34.082 0.3000000119
20090  -14.048  -46.862  33.641 0.2000000030
20091  -15.017  -47.232  33.666 0.3000000119
20092  -16.268  -47.071  33.213 0.3000000119
20097  -21.395  -47.256  33.344 0.3000000119
20106  -12.117  -46.982  32.679 0.2000000030
20125  -13.518  -47.152  30.406 0.2000000030
20136  -24.231  -46.843  29.299 0.1000000015
20138  -25.555  -47.608  29.551 0.1000000015
20691  -6.476  -46.388  41.481 0.5000000000
20719  -5.958  -46.149  39.999 0.8000000119
20727  -6.832  -45.983  38.729 0.8000000119
20735  -8.850  -46.998  36.542 0.8000000119
20738  -13.214  -46.596  37.302 0.6999999881
20747  -9.245  -46.746  35.774 0.8000000119
20765  -21.025  -46.893  35.252 0.4000000060
20784  -13.578  -46.017  33.306 0.2000000030
20789  -12.514  -46.287  32.173 0.2000000030
20790  -13.051  -45.489  32.659 0.2000000030
20793  -17.452  -46.553  32.265 0.3000000119
20794  -18.451  -46.782  32.214 0.3000000119
20803  -16.842  -46.006  31.844 0.2000000030
20806  -20.065  -46.574  31.601 0.2000000030
20817  -13.260  -45.953  30.637 0.1000000015
20826  -15.965  -46.831  29.227 0.1000000015
21464  -8.801  -44.933  40.609 0.4000000060
21520  -16.257  -45.425  36.843 0.6000000238
21533  -20.482  -45.803  35.414 0.5000000000
21547  -22.123  -46.187  33.312 0.3000000119
21551  -14.834  -45.212  32.306 0.3000000119
21555  -14.512  -44.634  31.626 0.2000000030
21559  -19.546  -45.994  30.937 0.1000000015
21570  -13.409  -44.887  30.909 0.1000000015
21571  -19.191  -45.384  30.442 0.1000000015
21583  -14.756  -45.365  29.312 0.1000000015
21594  -14.572  -44.562  29.430 0.1000000015
21596  -16.231  -45.257  28.444 0.1000000015
22236  -20.467  -44.975  35.055 0.3000000119
22239  -20.000  -44.150  34.730 0.3000000119
22242  -21.997  -45.207  33.610 0.3000000119
22250  -16.443  -44.782  30.808 0.2000000030
22253  -22.879  -44.375  31.911 0.1000000015
22261  -13.869  -44.299  30.517 0.1000000015
22263  -16.228  -44.027  30.463 0.1000000015
22267  -20.652  -44.761  30.420 0.1000000015
22276  -14.284  -44.014  29.868 0.1000000015
22869  -25.327  -43.288  37.534 0.1000000015
22896  -19.735  -43.387  34.461 0.2000000030
22908  -14.931  -43.297  30.018 0.2000000030
22923  -15.073  -42.794  29.471 0.1000000015
22932  -14.951  -43.112  29.058 0.1000000015
22933  -15.393  -43.643  28.539 0.1000000015
22940  -16.770  -43.259  27.664 0.1000000015
22941  -17.869  -43.469  27.628 0.1000000015
23476  -27.129  -43.169  39.350 0.4000000060
23505  -26.995  -42.953  38.884 0.2000000030
23532  -27.105  -43.299  39.011 0.4000000060
23540  -26.976  -43.013  39.119 0.4000000060
23547  -15.065  -42.051  34.925 0.4000000060
23561  -19.468  -42.592  34.310 0.1000000015
23576  -15.491  -42.371  29.545 0.1000000015
23577  -16.362  -42.173  29.777 0.1000000015
23600  -15.333  -42.053  28.609 0.1000000015
23608  -15.967  -42.694  27.877 0.1000000015
24139  -26.703  -40.872  41.075 0.6999999881
24173  -26.336  -41.151  39.242 0.4000000060
24195  -14.119  -41.871  37.209 0.3000000119
24205  -26.649  -42.871  38.896 0.4000000060
24241  -19.117  -41.713  34.277 0.1000000015
24243  -18.687  -40.805  34.187 0.2000000030
25582  -26.343  -39.081  40.317 0.8000000119
25605  -25.441  -40.457  38.309 0.4000000060
25617  -9.998  -39.396  36.018 0.6999999881
25644  -9.677  -39.676  35.718 0.6999999881
25660  -10.051  -38.960  34.896 0.6999999881
25666  -13.482  -39.376  33.105 0.4000000060
25668  -16.460  -39.675  33.513 0.3000000119
25669  -18.840  -39.461  33.345 0.2000000030
25679  -13.369  -38.794  32.664 0.3000000119
26398  -10.711  -37.977  34.740 0.6999999881
26424  -10.899  -37.616  34.337 0.6999999881
27199  -14.976  -37.242  31.837 0.3000000119
27884  -11.418  -36.490  33.920 0.6000000238
27899  -11.475  -36.329  33.640 0.5000000000
28682  -11.925  -35.797  33.259 0.5000000000
28689  -12.305  -35.038  32.782 0.5000000000
28710  -12.450  -35.125  32.358 0.5000000000
28715  -17.662  -35.585  31.786 0.2000000030
28717  -19.415  -35.233  31.808 0.3000000119
29434  -12.480  -34.468  32.921 0.5000000000
29435  -12.906  -34.758  33.216 0.4000000060
29469  -13.728  -33.745  31.090 0.4000000060
30180  -12.712  -33.968  32.499 0.4000000060
30204  -12.719  -33.839  32.080 0.5000000000
30221  -13.831  -33.007  31.323 0.5000000000
30927  -14.317  -32.188  31.485 0.3000000119
30948  -14.270  -32.505  30.946 0.5000000000
118251  -26.295  -47.868  39.922 0.2000000030
118745  -27.400  -43.830  39.165 0.2000000030
118952  -32.831  -78.777  35.175 0.2000000030
119010  -0.706  -82.999  34.948 0.2000000030
119053  -9.354  -69.366  45.814 0.6000000238
119074  -13.941  -74.176  55.123 0.4000000060
119093  -13.434  -78.121  22.080 0.8000000119
119165  -7.499  -62.882  29.267 0.1000000015
119268  -8.015  -60.918  46.399 0.4000000060
119357  -18.588  -38.214  32.718 0.2000000030
119473  -32.675  -78.026  33.787 0.2000000030
119508  -13.956  -68.930  56.722 0.1000000015
119628  -13.788  -63.963  27.829 0.3000000119
119630  -5.177  -59.927  56.210 0.2000000030
119747  -19.228  -78.122  23.275 0.5000000000
119870  -20.901  -87.388  39.956 0.1000000015
119887  -17.530  -79.620  22.746 0.6000000238
119949  -11.244  -53.917  38.996 1.0000000000
119994  -8.762  -78.233  56.179 0.4000000060
120034  -20.864  -86.171  25.171 0.6999999881
120086  -13.882  -72.359  23.621 0.5000000000
120233  -11.418  -68.172  46.753 0.5000000000
120256  -25.622  -80.860  25.375 0.1000000015
120309  -17.614  -76.714  30.832 0.3000000119
120316  -7.553  -80.118  25.298 0.8000000119
120375  -15.277  -77.973  48.216 0.4000000060
120459  -24.474  -58.396  25.659 0.1000000015
120646  -27.936  -78.667  32.168 0.2000000030
120689  -19.760  -58.824  26.740 0.2000000030
120762  -17.019  -77.140  21.216 0.6999999881
120819  -20.981  -84.195  23.912 0.6000000238
120975  -3.049  -69.193  39.798 0.6000000238
121033  -11.758  -48.522  33.153 0.2000000030
121039  -25.568  -84.736  29.813 0.2000000030
121043  -13.433  -67.149  26.081 0.4000000060
121044  -6.327  -83.653  27.666 0.8999999762
121073  -2.522  -82.899  27.227 0.5000000000
121225  -21.140  -56.680  29.715 0.2000000030
121248  -3.260  -81.270  28.621 0.1000000015
121271  -31.452  -77.893  30.759 0.1000000015
121290  -15.760  -84.129  29.135 0.5000000000
121336  -20.414  -81.934  38.751 0.3000000119
121347  -6.716  -79.150  53.427 0.5000000000
121366  -12.636  -71.125  29.381 0.8000000119
121399  -17.899  -75.959  28.218 0.4000000060
121503  -13.112  -82.915  52.176 0.8999999762
121509  -20.497  -82.568  38.707 0.3000000119
121527  -7.797  -89.316  33.974 0.1000000015
121534  -19.260  -86.829  27.809 0.8000000119
121600  -9.728  -77.802  56.498 0.4000000060
121703  -15.546  -53.387  30.433 0.1000000015
121726  -12.798  -52.696  40.249 0.8999999762
121792  -6.899  -80.379  23.447 0.8000000119
121826  -8.325  -82.577  25.961 1.0000000000
121921  -6.728  -67.706  37.687 0.1000000015
121922  -3.941  -82.561  45.270 0.8000000119
121994  -9.009  -81.805  48.022 0.6999999881
122044  -18.779  -84.447  47.942 0.4000000060
122070  -13.491  -66.718  25.570 0.3000000119
122088  -21.700  -81.490  40.515 0.5000000000
122203  -18.794  -69.923  59.228 0.1000000015
122247  -7.242  -86.606  46.464 0.8000000119
122365  -10.608  -58.630  30.927 1.0000000000
122456  -3.863  -77.250  37.207 0.8999999762
122521  -3.999  -84.761  27.417 0.6000000238
122549  -20.052  -54.859  37.211 0.5000000000
122587  -11.514  -63.923  51.101 0.3000000119
122607  -15.968  -40.291  34.044 0.3000000119
122625  -5.305  -48.955  40.570 0.5000000000
122626  -4.228  -73.432  32.938 0.2000000030
122644  -3.595  -88.178  32.447 0.4000000060
122646  -14.907  -53.230  48.862 0.6000000238
122688  -24.168  -72.098  28.606 0.1000000015
122694  -4.013  -77.506  41.617 1.0000000000
122696  -4.856  -59.793  55.145 0.3000000119
122742  -10.499  -83.702  32.627 1.0000000000
122769  -26.520  -84.353  37.645 0.5000000000
122772  -3.331  -69.351  41.208 0.8000000119
122814  -9.095  -47.754  37.816 0.8000000119
122995  -21.352  -81.387  37.773 0.5000000000
123071  -20.639  -72.883  48.671 0.2000000030
123093  -12.474  -86.839  45.867 0.2000000030
123120  -5.141  -76.278  27.332 0.3000000119
123157  -5.291  -68.763  42.828 1.0000000000
123180  -3.293  -55.317  41.640 0.3000000119
123221  -29.231  -71.731  30.538 0.1000000015
123231  -22.809  -86.848  29.172 0.6999999881
123255  -9.404  -67.226  50.409 0.5000000000
123322  -22.664  -85.857  35.488 0.5000000000
123345  -8.927  -82.225  22.585 0.8999999762
123401  -16.102  -77.111  28.947 0.5000000000
123402  -10.204  -71.385  53.454 0.5000000000
123431  -3.642  -66.224  44.687 1.0000000000
123490  -16.848  -62.791  26.217 0.2000000030
123499  -14.785  -40.598  34.055 0.3000000119
123530  -18.813  -77.092  42.222 0.2000000030
123551  -18.062  -69.638  58.301 0.1000000015
123554  -18.371  -79.471  46.753 0.3000000119
123586  -12.164  -74.280  28.226 0.8000000119
123749  -19.853  -52.113  37.165 0.5000000000
123755  -9.355  -66.248  46.727 0.6999999881
123785  -22.671  -80.845  50.065 0.6000000238
123812  -19.101  -77.510  49.416 0.4000000060
123848  -21.073  -84.865  24.034 0.6999999881
123860  -17.284  -59.057  29.742 0.3000000119
123932  -2.499  -82.350  42.558 1.0000000000
124036  -20.813  -84.180  49.898 0.8000000119
124048  -11.441  -57.228  48.664 0.3000000119
124099  -6.976  -81.231  49.889 0.6999999881
124109  -15.552  -87.366  28.299 0.6000000238
124144  -20.440  -81.171  49.206 0.6999999881
124155  -20.819  -82.821  28.986 0.3000000119
124271  -9.378  -46.170  35.360 0.6999999881
124282  -21.472  -86.784  30.979 0.6000000238
124362  -0.668  -85.406  36.933 0.2000000030
124417  -18.868  -83.915  52.324 0.8000000119
124427  -14.783  -85.357  50.141 0.6999999881
124443  -13.622  -50.088  37.963 0.6000000238
124489  -4.670  -60.168  53.673 0.3000000119
124521  -11.360  -61.700  29.180 0.8999999762
124586  -19.861  -83.345  35.214 0.4000000060
124654  -14.163  -80.289  21.547 0.6999999881
124695  -20.750  -36.001  32.265 0.2000000030
124710  -7.866  -67.377  50.790 0.5000000000
124752  -16.452  -40.133  33.941 0.3000000119
124805  -17.035  -84.889  46.966 0.3000000119
124882  -23.530  -73.436  27.688 0.1000000015
124900  -15.164  -75.693  48.324 0.2000000030
124915  -24.889  -85.885  35.156 0.6000000238
124945  -3.864  -78.931  25.824 0.5000000000
124948  -20.309  -69.738  43.503 0.1000000015
124976  -20.069  -86.637  42.643 0.1000000015
125014  -25.502  -47.157  29.422 0.1000000015
125040  -1.653  -78.699  33.491 0.4000000060
125073  -3.737  -52.567  47.581 1.0000000000
125104  -3.362  -80.073  45.856 0.6999999881
125120  -7.317  -71.507  43.289 0.8000000119
125169  -1.346  -85.490  40.486 0.5000000000
125191  -3.596  -66.187  38.058 0.2000000030
125273  -18.496  -75.507  27.599 0.4000000060
125297  -7.985  -89.294  30.650 0.6000000238
125307  -17.968  -54.544  29.847 0.1000000015
125315  -10.317  -70.024  42.897 1.0000000000
125353  -22.765  -75.996  20.966 0.5000000000
125525  -12.153  -84.078  33.316 0.8999999762
125534  -0.624  -83.504  35.535 0.2000000030
125546  -12.587  -80.843  26.260 0.6999999881
125550  -27.034  -72.364  32.620 0.1000000015
125557  -15.334  -80.127  49.104 0.6000000238
125579  -17.017  -74.279  52.559 0.2000000030
125681  -18.906  -52.133  31.804 0.1000000015
125684  -15.642  -70.105  62.623 0.2000000030
125828  -23.430  -86.392  31.946 0.6999999881
125856  -32.265  -79.070  32.650 0.2000000030
125859  -14.111  -69.248  22.981 0.5000000000
125893  -18.448  -75.070  20.388 0.6000000238
125940  -15.282  -74.854  21.998 0.6999999881
125946  -9.370  -76.219  54.112 0.5000000000
125962  -17.800  -65.756  26.091 0.2000000030
125976  -17.237  -79.907  21.869 0.6000000238
126066  -0.745  -84.160  35.500 0.2000000030
126090  -21.789  -77.586  27.178 0.2000000030
126105  -28.086  -80.333  43.533 0.5000000000
126251  -16.135  -85.057  49.098 0.6999999881
126285  -6.270  -58.849  33.721 0.1000000015
126349  -4.766  -66.304  58.778 0.2000000030
126407  -7.616  -87.289  44.808 0.4000000060
126551  -5.831  -57.498  54.412 0.1000000015
126603  -14.513  -77.492  21.845 0.6000000238
126676  -11.932  -83.560  52.017 0.8999999762
126832  -2.549  -81.788  26.612 0.6000000238
126848  -4.533  -72.149  55.478 0.4000000060
126870  -9.208  -74.223  61.137 0.3000000119
126906  -2.493  -81.738  27.368 0.3000000119
126983  -5.165  -87.585  31.409 0.6999999881
127002  -23.041  -75.362  20.968 0.5000000000
127018  -27.751  -79.384  22.990 0.1000000015
127039  -2.134  -85.199  32.758 0.3000000119
127077  -15.536  -44.417  28.566 0.1000000015
127116  -4.499  -63.263  42.614 0.8000000119
127130  -14.723  -32.341  30.582 0.5000000000
127142  -22.375  -83.938  25.086 0.4000000060
127201  -15.024  -85.495  48.086 0.4000000060
127270  -9.234  -49.479  47.765 0.8000000119
127309  -28.042  -68.965  31.629 0.1000000015
127331  -10.457  -68.281  47.817 0.6000000238
127398  -14.655  -60.147  27.892 0.3000000119
127432  -21.931  -37.067  32.736 0.2000000030
127444  -7.028  -69.192  48.620 0.6000000238
127485  -14.961  -58.130  28.600 0.3000000119
127510  -20.455  -81.915  40.067 0.4000000060
127567  -14.721  -81.566  49.670 0.6000000238
127581  -15.617  -77.633  27.571 0.5000000000
127592  -14.128  -59.137  33.648 1.0000000000
127724  -13.842  -82.585  52.217 0.8000000119
127734  -13.485  -71.118  62.992 0.4000000060
127750  -7.562  -72.432  42.215 0.8999999762
127788  -4.748  -66.290  62.211 0.2000000030
127894  -29.280  -82.729  39.787 0.6000000238
127940  -6.225  -77.344  46.286 0.8000000119
127946  -18.071  -86.195  24.733 0.6999999881
128026  -14.948  -65.187  34.679 0.8999999762
128036  -24.908  -85.347  37.463 0.5000000000
128098  -12.543  -71.991  29.205 0.8000000119
128106  -13.227  -84.938  26.745 0.6999999881
128148  -16.233  -64.421  34.567 0.8999999762
128208  -14.189  -73.407  23.639 0.6999999881
128296  -10.723  -71.987  26.692 0.6999999881
128303  -14.878  -41.503  34.461 0.4000000060
128305  -19.879  -54.569  30.658 0.1000000015
128321  -29.734  -63.734  27.550 0.1000000015
128368  -2.088  -83.497  39.194 0.8999999762
128388  -5.234  -54.446  48.728 0.8999999762
128418  -2.271  -75.640  32.887 0.5000000000
128427  -13.902  -84.953  28.933 0.6999999881
128432  -21.307  -71.048  39.548 0.1000000015
128596  -5.570  -75.181  28.492 0.3000000119
128600  -21.947  -68.978  23.206 0.2000000030
128623  -2.736  -72.366  35.129 0.4000000060
128656  -31.668  -79.971  31.958 0.2000000030
128673  -9.713  -66.014  26.959 0.6999999881
128704  -2.722  -81.332  27.909 0.2000000030
128772  -13.498  -70.483  23.251 0.5000000000
128799  -15.176  -72.274  56.561 0.3000000119
128831  -19.494  -84.038  33.150 0.5000000000
128843  -17.125  -42.933  29.863 0.1000000015
128855  -14.357  -77.967  60.452 0.2000000030
128873  -22.784  -65.300  21.882 0.1000000015
128909  -4.119  -57.712  39.744 0.1000000015
128925  -7.599  -87.739  28.052 0.6999999881
128946  -12.325  -82.479  32.468 0.8999999762
128989  -10.469  -67.380  49.671 0.5000000000
129043  -4.108  -77.267  34.638 0.6000000238
129070  -8.486  -71.182  50.117 0.6000000238
129090  -10.269  -80.638  21.566 0.8999999762
129100  -14.473  -65.891  34.740 1.0000000000
129174  -20.313  -74.816  33.384 0.2000000030
129195  -11.540  -85.238  26.714 0.8000000119
129209  -15.159  -54.101  40.375 0.6999999881
129233  -17.848  -75.227  20.771 0.6000000238
129338  -5.474  -60.045  55.539 0.3000000119
129345  -15.981  -82.542  53.579 0.8999999762
129391  -12.511  -80.368  52.253 0.3000000119
129428  -9.481  -65.841  29.561 0.8999999762
129462  -24.206  -80.840  24.545 0.1000000015
129466  -12.753  -54.895  49.548 0.4000000060
129510  -5.002  -52.641  48.099 1.0000000000
129524  -17.922  -62.761  26.500 0.2000000030
129578  -5.161  -49.029  41.221 0.5000000000
129648  -7.918  -72.108  48.137 0.6000000238
129655  -11.229  -86.936  48.257 0.6000000238
129681  -21.578  -61.999  23.629 0.2000000030
129687  -6.413  -66.852  51.590 0.5000000000
129698  -14.613  -60.851  28.157 0.3000000119
129708  -7.983  -86.262  28.721 0.8000000119
129771  -12.070  -85.307  30.169 0.8999999762
129780  -14.483  -78.861  27.833 0.6000000238
129806  -9.622  -77.294  27.813 0.8000000119
129830  -26.568  -79.108  44.320 0.4000000060
129876  -5.175  -73.808  33.100 0.1000000015
129882  -16.958  -64.097  34.573 0.8000000119
129912  -16.597  -80.880  28.628 0.4000000060
129938  -26.578  -84.493  37.030 0.5000000000
129992  -17.849  -42.018  27.452 0.1000000015
130142  -4.675  -72.410  47.917 0.6000000238
130181  -24.861  -76.503  28.955 0.2000000030
130194  -7.443  -61.525  44.929 0.5000000000
130298  -7.200  -65.573  27.778 0.2000000030
130304  -20.033  -86.829  28.065 0.6000000238
130324  -22.237  -78.968  44.437 0.5000000000
130366  -23.865  -67.060  31.253 0.1000000015
130373  -20.127  -76.438  24.288 0.5000000000
130384  -19.735  -77.651  30.094 0.5000000000
130401  -6.110  -73.521  37.750 0.8999999762
130428  -19.304  -71.802  49.335 0.2000000030
130445  -10.907  -88.838  30.369 0.2000000030
130505  -14.382  -84.408  24.328 0.6000000238
130507  -25.483  -60.522  22.275 0.2000000030
130550  -20.632  -72.768  19.792 0.5000000000
130556  -13.681  -67.839  26.806 0.6000000238
130635  -21.878  -84.833  41.138 0.2000000030
130709  -19.041  -79.037  49.935 0.4000000060
130745  -3.907  -63.193  43.687 0.8999999762
130800  -16.962  -71.903  64.019 0.2000000030
130832  -16.434  -73.572  58.157 0.3000000119
130947  -6.134  -85.696  41.052 0.1000000015
130950  -17.473  -83.404  23.073 0.6000000238
131128  -21.430  -60.935  24.556 0.2000000030
131164  -13.026  -63.512  26.308 0.3000000119
131254  -15.492  -74.000  21.673 0.6999999881
131309  -1.559  -85.824  30.597 0.4000000060
131587  -25.983  -61.660  23.349 0.1000000015
131590  -21.283  -46.538  42.191 0.4000000060
131625  -19.621  -64.409  24.388 0.2000000030
131653  -9.078  -48.844  46.596 0.6999999881
131730  -6.233  -58.114  33.733 0.2000000030
131779  -3.662  -83.833  45.135 0.8000000119
131795  -12.775  -82.888  47.443 0.6999999881
131824  -29.624  -77.941  38.251 0.1000000015
131914  -24.193  -83.612  27.297 0.3000000119
131958  -14.371  -69.393  60.404 0.2000000030
131974  -6.093  -83.456  24.072 1.0000000000
132096  -20.166  -84.358  49.701 0.8000000119
132097  -16.544  -75.360  49.008 0.3000000119
132148  -22.430  -52.663  29.040 0.1000000015
132192  -9.442  -80.686  21.652 0.8999999762
132225  -3.444  -68.712  35.407 0.1000000015
132242  -15.381  -44.605  31.295 0.2000000030
132322  -10.097  -66.100  45.959 0.8000000119
132343  -18.508  -62.541  32.449 0.4000000060
132380  -21.882  -82.334  35.763 0.4000000060
132428  -20.089  -74.515  52.307 0.2000000030
132541  -21.930  -80.761  49.905 0.6000000238
132543  -10.496  -76.375  55.403 0.5000000000
132565  -15.978  -83.580  29.849 0.5000000000
132607  -18.137  -81.446  52.987 0.8000000119
132630  -9.182  -86.765  47.320 0.6999999881
132638  -11.477  -83.398  46.941 0.6999999881
132757  -20.241  -86.595  28.944 0.5000000000
132761  -12.020  -85.786  24.769 0.8999999762
132845  -8.076  -65.703  54.467 0.4000000060
132878  -15.819  -62.578  26.154 0.2000000030
132905  -6.410  -50.093  47.437 1.0000000000
132918  -19.525  -86.228  34.603 0.3000000119
132932  -21.843  -70.724  21.503 0.2000000030
132971  -8.658  -64.835  49.192 0.6999999881
132978  -10.469  -86.619  25.644 0.8000000119
132986  -19.350  -81.415  50.076 0.6000000238
132989  -3.383  -58.651  46.248 0.8000000119
132995  -6.679  -86.989  32.880 0.6999999881
133005  -15.010  -80.997  50.113 0.6999999881
133061  -8.908  -84.823  45.610 0.8999999762
133128  -17.014  -84.098  22.833 0.6000000238
133133  -11.592  -49.970  33.168 0.3000000119
133170  -13.946  -79.385  47.411 0.5000000000
133234  -23.465  -82.971  39.950 0.6000000238
133246  -12.244  -65.863  47.237 0.5000000000
133272  -4.096  -78.461  47.518 0.8000000119
133310  -14.820  -60.094  27.524 0.3000000119
133365  -16.834  -69.580  60.002 0.1000000015
133374  -1.367  -78.335  37.820 0.6000000238
133380  -8.976  -58.161  52.562 0.1000000015
133392  -25.735  -83.199  43.299 0.6000000238
133395  -20.977  -82.669  43.601 0.5000000000
133483  -3.726  -57.783  42.535 0.6999999881
133595  -5.263  -80.974  39.937 0.8000000119
133615  -19.931  -58.465  27.239 0.2000000030
133655  -18.288  -53.449  33.500 0.3000000119
133666  -8.388  -76.505  46.488 0.8000000119
133672  -12.091  -75.032  24.777 0.8000000119
133777  -8.133  -75.807  44.288 0.8000000119
133819  -21.526  -82.101  29.883 0.3000000119
133840  -12.067  -50.993  33.669 0.3000000119
133867  -5.388  -62.778  39.825 0.2000000030
133932  -24.579  -82.640  44.051 0.6000000238
133955  -17.888  -50.837  38.272 0.6000000238
133983  -14.818  -69.354  59.501 0.1000000015
134100  -5.774  -62.912  40.482 0.4000000060
134144  -18.818  -73.031  51.421 0.2000000030
134157  -18.963  -76.571  46.252 0.4000000060
134166  -4.452  -84.425  27.058 0.6000000238
134170  -14.090  -46.319  37.376 0.6999999881
134185  -18.108  -57.811  27.642 0.2000000030
134198  -31.796  -78.957  35.903 0.2000000030
134203  -17.466  -56.873  28.347 0.2000000030
134265  -23.887  -50.885  26.472 0.1000000015
134287  -6.743  -75.499  44.041 0.8000000119
134303  -22.369  -77.228  42.055 0.2000000030
134309  -27.032  -79.344  45.062 0.5000000000
134333  -7.664  -63.041  50.738 0.4000000060
134379  -9.931  -74.176  45.666 0.8000000119
134409  -16.013  -64.968  25.429 0.2000000030
134430  -25.061  -81.357  30.638 0.2000000030
134604  -26.041  -45.112  38.448 0.1000000015
134958  -17.838  -47.565  37.532 0.6000000238
135039  -5.060  -70.716  57.269 0.4000000060
135083  -20.722  -81.836  36.578 0.5000000000
135100  -3.432  -85.803  29.562 0.6999999881
135114  -13.646  -79.986  28.407 0.6000000238
135135  -6.172  -76.478  50.146 0.6999999881
135163  -14.035  -62.734  27.997 0.3000000119
135170  -14.142  -87.456  27.766 0.6999999881
135219  -22.486  -86.834  31.721 0.6999999881
135227  -8.744  -82.673  24.262 1.0000000000
135260  -25.652  -42.167  37.888 0.3000000119
135287  -8.738  -56.606  48.615 0.5000000000
135322  -15.914  -66.852  31.692 0.6999999881
135402  -22.632  -86.298  34.435 0.6999999881
135440  -22.853  -77.074  36.986 0.1000000015
135445  -26.156  -84.545  35.484 0.4000000060
135454  -20.610  -84.527  31.787 0.4000000060
135480  -7.007  -48.324  42.648 0.3000000119
135505  -6.383  -72.345  48.986 0.6000000238
135588  -14.041  -66.783  27.282 0.4000000060
135630  -12.927  -79.952  48.022 0.6000000238
135674  -21.812  -66.964  31.395 0.1000000015
135753  -14.436  -69.164  31.113 0.8000000119
135786  -22.866  -84.934  25.119 0.4000000060
135844  -8.303  -59.584  30.539 0.2000000030
135898  -14.393  -81.474  47.463 0.5000000000
135901  -10.579  -81.798  25.802 1.0000000000
135966  -3.282  -87.903  32.079 0.6999999881
136049  -19.801  -58.977  32.641 0.4000000060
136065  -5.951  -47.038  41.440 0.5000000000
136114  -14.077  -66.119  27.618 0.4000000060
136175  -18.159  -77.232  42.674 0.3000000119
136272  -8.642  -79.791  22.185 0.8999999762
136286  -3.785  -88.039  40.227 0.2000000030
136307  -21.777  -80.832  29.085 0.2000000030
136316  -4.496  -77.498  27.133 0.5000000000
136361  -25.016  -77.357  52.420 0.1000000015
136370  -33.808  -77.660  35.948 0.2000000030
136415  -18.714  -80.305  51.055 0.5000000000
136504  -13.778  -79.836  26.937 0.5000000000
136609  -13.664  -63.005  32.501 1.0000000000
136676  -23.421  -65.163  21.991 0.1000000015
136681  -29.268  -81.220  39.124 0.1000000015
136685  -11.216  -72.444  56.733 0.5000000000
136752  -22.058  -46.334  32.407 0.2000000030
136800  -11.024  -48.340  36.568 0.6999999881
136846  -18.801  -54.108  33.364 0.3000000119
136860  -6.322  -48.994  44.954 0.2000000030
136921  -19.043  -55.799  32.187 0.3000000119
136927  -22.983  -73.839  27.303 0.1000000015
137039  -6.520  -77.720  42.247 1.0000000000
137152  -18.359  -58.487  30.539 0.2000000030
137153  -26.318  -46.226  29.641 0.1000000015
137184  -16.257  -81.069  33.929 0.5000000000
137227  -24.561  -78.358  25.430 0.2000000030
137264  -7.223  -44.502  38.975 0.5000000000
137315  -4.421  -65.674  46.800 1.0000000000
137347  -12.611  -50.518  48.552 0.8999999762
137355  -6.164  -65.926  37.363 0.1000000015
137366  -7.412  -86.622  29.008 0.8000000119
137367  -14.672  -71.395  22.438 0.5000000000
137417  -27.410  -79.125  35.727 0.2000000030
137433  -19.903  -71.477  42.613 0.1000000015
137589  -5.343  -65.561  65.408 0.1000000015
137591  -14.618  -69.314  58.826 0.1000000015
137617  -4.604  -84.529  45.449 0.8000000119
137620  -32.824  -75.877  23.247 0.1000000015
137635  -17.314  -81.620  33.180 0.5000000000
137652  -17.687  -63.892  34.048 0.8000000119
137684  -5.943  -63.959  41.228 0.5000000000
137711  -15.428  -51.057  32.316 0.1000000015
137736  -11.652  -49.282  33.155 0.3000000119
137761  -3.073  -70.520  39.996 0.6999999881
137767  -31.357  -77.561  22.609 0.1000000015
137815  -16.158  -83.433  24.519 0.6000000238
137851  -15.260  -78.126  27.149 0.5000000000
137853  -15.269  -73.517  26.339 0.8000000119
137866  -24.605  -84.065  27.077 0.3000000119
137904  -15.167  -59.528  27.521 0.3000000119
137924  -13.882  -81.170  22.098 0.6999999881
137938  -5.959  -85.067  40.854 0.1000000015
137974  -14.716  -56.880  30.274 0.2000000030
137976  -11.724  -88.217  29.284 0.5000000000
138038  -13.361  -74.363  25.621 0.8000000119
138108  -23.101  -78.920  38.444 0.1000000015
138109  -15.578  -66.264  34.347 1.0000000000
138118  -21.294  -86.204  31.423 0.5000000000
138184  -17.874  -57.603  36.602 0.6999999881
138191  -28.635  -83.359  41.066 0.6000000238
138202  -11.824  -74.312  28.734 0.8000000119
138225  -2.695  -73.568  35.080 0.5000000000
138251  -9.537  -85.432  49.496 0.8000000119
138284  -12.530  -66.352  47.266 0.5000000000
138301  -14.812  -68.573  55.642 0.1000000015
138385  -16.706  -80.305  21.958 0.6000000238
138399  -22.814  -75.572  37.183 0.2000000030
138400  -10.977  -81.703  22.497 0.8999999762
138412  -10.207  -62.168  57.476 0.1000000015
138436  -6.345  -80.515  24.303 0.6999999881
138440  -23.060  -78.205  53.625 0.1000000015
138458  -20.123  -82.174  52.617 0.6999999881
138470  -12.872  -80.833  28.471 0.8000000119
138475  -10.124  -87.383  44.803 0.2000000030
138484  -14.940  -84.101  23.830 0.6999999881
138525  -2.716  -83.869  34.982 0.1000000015
138599  -17.784  -62.019  34.585 0.8999999762
138611  -14.519  -79.302  47.535 0.5000000000
138683  -7.637  -61.539  52.295 0.4000000060
138702  -3.734  -72.397  50.743 0.6000000238
138787  -22.126  -65.989  24.894 0.2000000030
138806  -13.638  -86.023  24.141 0.8999999762
138875  -20.870  -47.409  32.938 0.3000000119
138938  -10.484  -74.086  59.994 0.3000000119
138940  -24.110  -75.587  49.017 0.1000000015
139062  -23.232  -67.907  31.479 0.1000000015
139064  -4.514  -77.355  47.683 0.6999999881
139171  -8.863  -72.570  46.883 0.6999999881
139178  -16.418  -78.946  58.972 0.2000000030
139204  -22.317  -74.466  46.611 0.1000000015
139250  -20.948  -46.364  35.194 0.3000000119
139305  -4.932  -89.161  32.396 0.5000000000
139313  -21.160  -66.703  31.088 0.1000000015
139322  -9.737  -85.754  26.388 0.8999999762
139338  -17.590  -75.958  43.370 0.2000000030
139380  -25.584  -80.699  35.185 0.2000000030
139407  -24.811  -78.781  44.305 0.4000000060
139430  -24.050  -72.550  28.550 0.1000000015
139443  -12.403  -67.396  45.978 0.6999999881
139450  -26.754  -80.180  46.391 0.5000000000
139480  -12.861  -51.176  34.179 0.3000000119
139495  -26.332  -80.173  24.043 0.1000000015
139502  -4.823  -70.248  55.944 0.4000000060
139522  -20.470  -81.825  39.390 0.4000000060
139549  -9.333  -84.717  33.062 0.8999999762
139556  -7.630  -77.377  26.571 0.6999999881
139572  -4.171  -75.366  39.333 1.0000000000
139575  -11.091  -75.116  28.644 0.8999999762
139604  -21.604  -53.156  46.584 0.2000000030
139657  -29.686  -78.829  31.535 0.2000000030
139667  -21.516  -84.361  39.761 0.4000000060
139706  -4.685  -60.165  39.388 0.3000000119
139710  -14.979  -33.957  33.089 0.4000000060
139731  -13.059  -50.352  34.476 0.3000000119
139742  -12.754  -85.131  29.667 0.8999999762
139784  -13.096  -86.541  47.501 0.6000000238
139912  -20.040  -74.208  28.354 0.2000000030
139919  -5.243  -76.203  29.348 0.1000000015
140030  -20.127  -86.721  28.532 0.6000000238
140059  -5.013  -83.611  25.753 0.8000000119
140207  -1.349  -79.127  33.831 0.3000000119
140226  -14.188  -50.253  32.419 0.1000000015
140242  -12.425  -59.585  33.209 1.0000000000
140260  -5.121  -85.121  29.821 0.6999999881
140266  -19.818  -50.023  36.701 0.6000000238
140323  -22.424  -51.658  26.727 0.1000000015
140332  -20.931  -81.563  36.790 0.4000000060
140384  -8.997  -68.916  47.267 0.6000000238
140447  -10.524  -85.567  29.313 0.8999999762
140492  -15.470  -85.318  46.130 0.4000000060
140610  -14.874  -75.401  51.037 0.2000000030
140705  -32.430  -76.698  28.965 0.1000000015
140707  -9.288  -75.236  47.676 0.8000000119
140718  -1.074  -80.403  37.066 0.6000000238
140778  -17.443  -84.762  49.766 0.5000000000
140787  -10.643  -73.499  52.026 0.5000000000
140790  -10.118  -67.957  57.568 0.1000000015
140799  -13.638  -40.766  34.045 0.4000000060
140873  -6.210  -73.874  55.037 0.5000000000
140913  -15.935  -38.182  32.452 0.3000000119
140926  -8.317  -76.839  54.279 0.5000000000
140944  -7.951  -65.590  48.697 0.8000000119
141001  -13.572  -44.707  30.403 0.1000000015
141018  -4.133  -63.966  43.379 0.8000000119
141047  -16.877  -87.246  29.965 0.4000000060
141083  -13.474  -86.007  49.903 0.6999999881
141104  -7.429  -87.214  32.482 0.6999999881
141136  -20.263  -48.562  34.867 0.5000000000
141145  -10.189  -69.349  28.038 0.8000000119
141146  -26.823  -75.271  51.302 0.1000000015
141150  -6.975  -89.703  32.814 0.4000000060
141223  -28.647  -81.616  40.425 0.2000000030
141225  -32.497  -78.910  34.385 0.2000000030
141235  -17.352  -86.995  26.665 0.8999999762
141295  -29.560  -80.586  30.664 0.2000000030
141316  -12.254  -66.072  49.238 0.5000000000
141320  -20.858  -66.246  30.810 0.1000000015
141322  -8.906  -42.510  36.895 0.6999999881
141333  -19.447  -78.334  21.622 0.6999999881
141349  -19.206  -76.972  33.913 0.3000000119
141358  -7.162  -71.862  50.178 0.6000000238
141385  -10.552  -47.961  36.282 0.6999999881
141390  -4.149  -88.110  34.307 0.2000000030
141395  -4.814  -72.788  55.748 0.4000000060
141405  -19.764  -75.554  45.183 0.3000000119
141450  -7.898  -68.519  26.709 0.4000000060
141458  -19.947  -84.979  23.579 0.6000000238
141498  -17.564  -46.033  36.886 0.6000000238
141561  -20.478  -71.087  25.708 0.1000000015
141585  -10.160  -74.457  51.952 0.5000000000
141659  -3.769  -78.250  27.721 0.2000000030
141660  -18.362  -88.510  35.789 0.1000000015
141699  -6.560  -85.988  47.079 0.8000000119
141702  -19.122  -49.020  34.209 0.4000000060
141704  -4.562  -59.747  46.521 0.8999999762
141715  -24.236  -74.623  24.281 0.2000000030
141722  -4.524  -74.412  44.583 0.8999999762
141748  -20.762  -40.322  33.551 0.1000000015
141817  -3.187  -81.035  44.648 0.8000000119
141832  -10.782  -80.117  56.440 0.4000000060
141855  -2.268  -76.758  31.925 0.2000000030
141950  -6.464  -84.843  30.732 0.8999999762
141957  -13.415  -85.592  23.953 0.8999999762
141964  -8.872  -71.566  48.764 0.6999999881
142013  -14.841  -85.211  50.863 0.8000000119
142037  -7.131  -71.934  42.741 0.8000000119
142046  -26.693  -84.251  36.560 0.5000000000
142053  -17.882  -74.520  63.670 0.2000000030
142071  -16.366  -77.779  25.674 0.5000000000
142110  -20.866  -75.138  25.714 0.4000000060
142129  -4.335  -57.785  48.127 0.8999999762
142143  -14.583  -76.557  47.969 0.2000000030
142176  -8.028  -76.521  25.813 0.6000000238
142211  -9.190  -86.114  26.448 0.8999999762
142213  -9.364  -73.629  24.992 0.6999999881
142258  -19.900  -83.055  52.719 0.8000000119
142327  -20.258  -83.536  36.547 0.3000000119
142331  -13.506  -67.565  26.439 0.4000000060
142422  -32.451  -76.400  36.135 0.2000000030
142494  -9.563  -73.265  46.063 0.6999999881
142516  -20.126  -86.812  42.056 0.1000000015
142561  -30.366  -77.431  37.594 0.1000000015
142564  -4.077  -50.714  44.803 0.2000000030
142590  -16.513  -59.474  26.932 0.2000000030
142622  -2.121  -85.695  33.062 0.3000000119
142646  -9.436  -83.195  29.468 1.0000000000
142647  -5.968  -88.842  30.480 0.6000000238
142656  -14.088  -72.885  23.587 0.6999999881
142684  -18.803  -81.029  48.120 0.4000000060
142791  -14.483  -79.850  21.413 0.6000000238
142792  -23.536  -47.671  28.731 0.1000000015
142820  -19.144  -84.380  51.051 0.8000000119
142896  -20.272  -75.030  45.930 0.2000000030
142971  -13.212  -82.638  50.633 0.8000000119
142994  -5.825  -86.900  32.494 0.6999999881
143031  -14.050  -80.949  31.478 0.6000000238
143073  -13.870  -78.837  47.658 0.5000000000
143078  -20.756  -72.822  33.061 0.1000000015
143097  -3.193  -80.014  45.255 0.8000000119
143128  -32.340  -77.800  36.736 0.2000000030
143208  -22.582  -73.188  46.425 0.1000000015
143227  -11.288  -53.609  38.041 1.0000000000
143229  -3.897  -72.873  50.605 0.6000000238
143234  -17.458  -53.024  33.556 0.3000000119
143237  -0.763  -85.263  38.228 0.5000000000
143252  -9.233  -85.934  26.514 0.8999999762
143265  -4.747  -58.560  53.132 0.3000000119
143315  -28.470  -82.100  41.710 0.5000000000
143322  -21.295  -81.612  41.598 0.5000000000
143325  -13.415  -78.279  51.628 0.3000000119
143358  -17.301  -69.464  22.840 0.4000000060
143369  -23.292  -86.341  34.582 0.6000000238
