global_signal	global_signal_derivative1	global_signal_derivative1_power2	global_signal_power2	csf	csf_derivative1	csf_power2	csf_derivative1_power2	white_matter	white_matter_derivative1	white_matter_power2	white_matter_derivative1_power2	csf_wm	tcompcor	std_dvars	dvars	framewise_displacement	rmsd	t_comp_cor_00	t_comp_cor_01	t_comp_cor_02	t_comp_cor_03	t_comp_cor_04	c_comp_cor_00	c_comp_cor_01	c_comp_cor_02	c_comp_cor_03	c_comp_cor_04	c_comp_cor_05	c_comp_cor_06	w_comp_cor_00	w_comp_cor_01	w_comp_cor_02	w_comp_cor_03	w_comp_cor_04	w_comp_cor_05	w_comp_cor_06	w_comp_cor_07	w_comp_cor_08	w_comp_cor_09	w_comp_cor_10	w_comp_cor_11	w_comp_cor_12	w_comp_cor_13	w_comp_cor_14	w_comp_cor_15	w_comp_cor_16	w_comp_cor_17	w_comp_cor_18	a_comp_cor_00	a_comp_cor_01	a_comp_cor_02	a_comp_cor_03	a_comp_cor_04	a_comp_cor_05	a_comp_cor_06	a_comp_cor_07	a_comp_cor_08	a_comp_cor_09	a_comp_cor_10	a_comp_cor_11	a_comp_cor_12	a_comp_cor_13	a_comp_cor_14	a_comp_cor_15	edge_comp_00	edge_comp_01	edge_comp_02	edge_comp_03	edge_comp_04	edge_comp_05	edge_comp_06	edge_comp_07	edge_comp_08	edge_comp_09	edge_comp_10	edge_comp_11	edge_comp_12	edge_comp_13	edge_comp_14	edge_comp_15	edge_comp_16	edge_comp_17	edge_comp_18	edge_comp_19	edge_comp_20	edge_comp_21	edge_comp_22	edge_comp_23	cosine00	cosine01	trans_x	trans_x_derivative1	trans_x_power2	trans_x_derivative1_power2	trans_y	trans_y_derivative1	trans_y_derivative1_power2	trans_y_power2	trans_z	trans_z_derivative1	trans_z_derivative1_power2	trans_z_power2	rot_x	rot_x_derivative1	rot_x_power2	rot_x_derivative1_power2	rot_y	rot_y_derivative1	rot_y_derivative1_power2	rot_y_power2	rot_z	rot_z_derivative1	rot_z_power2	rot_z_derivative1_power2	motion_outlier00	motion_outlier01	motion_outlier02	motion_outlier03	motion_outlier04	motion_outlier05
1269.4092631636977	n/a	n/a	1611399.8774058018	1673.347495122787	n/a	2800091.839433705	n/a	1266.2362003662724	n/a	1603354.1151180149	n/a	1383.9519290657931	1021.4895358061988	n/a	n/a	n/a	n/a	-0.0579160616	-0.1062519196	0.1211316048	0.0351075725	-0.1499014366	-0.0626502404	-0.025300891	0.1408312683	-0.1507557001	0.1071614135	-0.0471109543	0.222050178	-0.2090890523	-0.1438661969	0.0117391195	-0.2156549137	0.0418706983	-0.0158138047	0.0980537289	-0.0899633034	0.0047492653	-0.0266872146	0.038946653	-0.1943735798	0.0488188996	-0.140899287	0.1691102365	-0.0711073225	0.0287362096	0.0072595947	-0.0330163953	-0.0987892577	0.181781118	-0.0149120134	0.1491669834	-0.004279543	0.0763000938	-0.1671350975	0.0500886284	-0.0200110829	0.1424068116	-0.2163498032	0.0437915674	-0.1462107339	0.0766677894	-0.0432456101	0.0003185363	-0.0023047263	0.2144473858	0.0801359006	0.0969017229	-0.1304012435	0.1744906194	-0.2747435313	0.0469821202	-0.1640015181	0.0201565675	-0.1803642263	0.0334596873	0.0570799839	-0.0452699343	0.0580862837	-0.0269564287	0.0516910125	-0.0064126092	0.048906652	-0.0862259468	0.0763515847	-0.0136717241	0.0687324203	-0.0410793806	0.153366806	0.1532882396	0.0658887024601853	n/a	0.0043413211118868	n/a	0.1473992311265988	n/a	n/a	0.0217265333367124	-1.0595909762006317	n/a	n/a	1.1227330368458075	0.0019851994018636	n/a	3.941016665159596e-06	n/a	-0.001221812271787	n/a	n/a	1.4928252274893102e-06	-0.0013197897633733	n/a	1.741845019504951e-06	n/a	0.0	0.0	0.0	0.0	0.0	0.0
1267.5739474867837	-1.835315676913979	3.368383633926216	1606743.7123472276	1682.1030357430834	8.755540620296415	2829470.622856097	76.65949155366053	1265.2659220275111	-0.970278338761318	1600897.8534441278	0.9414400546694232	1386.1353861254315	997.0727304789646	0.8839789999999998	23.972036	0.0807005611709751	0.0355522734480317	0.0001810132	-0.0884033588	0.0506348359	0.0143584687	-0.1951123024	-0.1059959804	-0.066000346	0.1036896584	-0.2267515403	0.0370449754	0.1374807122	0.1094779	-0.1938498917	-0.1422677092	0.0103730872	-0.1199842323	0.0919609088	0.0089743611	0.1789023951	-0.0401133908	0.035442929	-0.0870313293	0.1219684489	-0.1816132664	0.1465736782	0.0423669416	0.0166767889	-0.1557461296	-0.0039990989	0.1013448486	-0.0544337937	-0.129056033	0.1978836674	-0.0189478632	0.0713472556	0.03838718	0.1142322866	-0.1357297522	0.131196675	-0.1010840551	-0.0034785708	-0.1612684294	-0.058541353	-0.1706606613	0.1963767831	0.0237829156	-0.0925126817	-0.0005831508	0.2179413397	0.0709210044	0.0913681101	-0.1132825087	0.2111825919	-0.2764424805	0.0302865164	-0.1249172306	0.0252347423	-0.1218100377	0.0344010402	-0.0090745072	-0.0150149919	0.0275490845	-0.0417538817	-0.0285472087	0.0542168982	-0.010263975	0.0030163882	0.0481652772	-0.0343230108	0.0194462219	0.0362556676	0.1531573254	0.1524510324	0.0602764266853199	-0.0056122757748654	0.0036332476139507	3.1497639373141034e-05	0.1614780500083554	0.0140788188817566	0.0001982131411053	0.0260751606345009	-1.0497174575267536	0.009873518673878	9.748637100341936e-05	1.1019067406364318	0.0016288592409689	-0.0003563401608947	2.6531824268897813e-06	1.269783102664607e-07	-0.0014492219677131	-0.000227409695926	5.171516980120125e-08	2.10024431170223e-06	-0.0008808206633846	0.0004389690999886	7.758450410452868e-07	1.9269387074488927e-07	0.0	0.0	0.0	0.0	0.0	0.0
1268.9265494019685	1.3526019151847777	1.8295319409615285	1610174.5877771864	1670.4377885171032	-11.665247225980238	2790362.4053059104	136.07799284323963	1268.0893740714046	2.82345204389344	1608050.6606328066	7.9718814441660415	1387.760119096623	979.8517778601528	0.897722	24.344725	0.1172152354425679	0.0801530284171139	-0.0008329322	-0.0988940726	-0.0300340717	0.0959045923	-0.1661299081	-0.0307228588	0.0507795385	0.0487451093	-0.173357308	0.0954553471	-0.0376289859	0.1020474829	-0.1704831366	-0.0943456718	0.0077523801	-0.150018996	-0.0240013959	-0.0305954739	0.1475696652	-0.0665264317	-0.0417362804	-0.1065181619	0.0423058243	-0.091221209	0.0572950388	-0.0467535235	0.0648782792	-0.0102856084	0.1262376719	0.0219821049	-0.0280422981	-0.075101826	0.1389840333	-0.014781995	0.1119214372	-0.0062115149	0.1445266472	-0.0733543147	0.0147479522	0.0718698085	0.1048515383	-0.2474537434	0.0793857408	-0.1064080518	0.0783271386	0.0472624679	-0.0389317115	0.00870364	0.2014079631	0.0394861036	0.0624559054	-0.1264741369	0.1914466675	-0.2649204603	0.026694959	-0.1653972773	0.0311839358	-0.1245573765	-0.0056361506	0.0435706589	-0.1238757707	0.0542057125	-0.022827115	0.0465516221	0.0060975278	0.0659798485	-0.0816763227	0.0183298088	-0.0280270201	0.0371273761	-0.1251002222	0.1527386503	0.1507811905	0.0650455355512633	0.0047691088659434	0.0042309216951506	2.2744399375219955e-05	0.1326644208436249	-0.0288136291647305	0.0008302252256426	0.0175998485577744	-0.9738863095661046	0.075831147960649	0.0057503630010298	0.9484545439602864	0.0017558749670409	0.0001270157260719	3.0830968998808817e-06	1.6132994669597317e-08	-0.0014207766721709	2.844529554220008e-05	8.091348384831074e-10	2.018606352185017e-06	-0.0008802546959739	5.659674107000561e-07	7.74848329784103e-07	3.20319109974526e-13	0.0	0.0	0.0	0.0	0.0	0.0
1269.597483719322	0.6709343173536126	0.4501528582027582	1611877.7706664344	1671.9333435898527	1.4955550727495392	2795361.1054075444	2.23668497562688	1271.178025560355	3.088651488950518	1615893.5726675228	9.53976802019625	1384.8379757193632	992.48001750284	1.287593	34.917377	0.3247205643804327	0.2021349618708033	-0.0930076694	-0.0606611685	-0.0629286532	0.1028664074	-0.1180600748	-0.0145440603	0.040200065	0.1383060515	0.0330906569	0.1884613398	0.4165470551	-0.0224162192	-0.0331835308	-0.0317367302	-0.0800278456	-0.067809004	-0.1507032369	0.0652058488	0.0632458577	0.0026286356	0.0046572948	-0.1505306183	0.1565186172	0.067711752	0.0154184444	0.0363610363	0.089954482	-0.1117661737	0.0941129701	0.1785270695	0.1197096142	0.0035875131	0.0330653823	0.1895869005	0.2699665893	-0.0546381858	-0.0102738225	0.1533915768	0.0408280298	-0.1693127504	0.0510556636	-0.0410373231	-0.187662778	0.0242239483	0.0029770004	0.1256047107	-0.1016003268	0.0415153152	0.0926933641	-0.0078468752	0.0317824734	-0.1201468784	0.2527154073	-0.1339903391	-0.2018405454	0.1294972679	0.1017702585	-0.0109530273	0.0062217518	-0.1177342131	0.0382839515	-0.1700317413	0.0979266351	-0.0058150262	-0.0166463513	-0.1521745536	0.2354632644	-0.2181618878	0.0444044436	-0.0231363497	0.2789481572	0.1521113526	0.148287834	0.0333473072758891	-0.0316982282753742	0.0011120429025525	0.0010047776757977	0.1190793908169638	-0.0135850300266611	0.0001845530408252	0.0141799013173392	-0.7938842328206022	0.1800020767455024	0.0324007476326937	0.630252175121156	0.0007677117289505	-0.0009881632380904	5.89381298768166e-07	9.764665851133047e-07	-0.0010470812499314	0.0003736954222394	1.3964826860275817e-07	1.096379143957903e-06	-0.0015071006223019	-0.000626845926328	2.271352285742774e-06	3.929358153540085e-07	0.0	0.0	0.0	0.0	0.0	0.0
1263.9984328025355	-5.599050916786609	31.34937116876897	1597692.038127266	1667.8144842025338	-4.118859387318935	2781605.153715764	16.965002652505312	1272.4790664788156	1.3010409184605578	1619202.9746267982	1.6927074715086918	1382.9120480204738	997.1248062732792	1.295176	35.123009	0.7709194696812401	0.3678547732537104	-0.0576063032	0.0216023376	0.0327273741	0.0860775462	-0.0292193706	-0.0648299147	-0.042874992	-0.1232068271	-0.0260258569	0.113174401	0.1479285254	-0.1774394428	0.0115446258	-0.0137242475	-0.1187268149	0.0064927104	-0.1425191296	0.0063326592	-0.2643384467	-0.0706758497	0.0828889428	0.008589764	0.3220380165	0.1456345177	0.1498197635	0.2630060985	-0.0136305487	0.0619133021	-0.0267918761	0.0680560299	-0.1007999894	0.001087569	0.0043949376	0.0747278564	0.1919495441	-0.0471490686	-0.093495961	0.032133903	-0.1133857519	-0.1329505215	0.1760964771	0.3283094792	-0.1766839024	0.0191847698	-0.0704420686	0.5446245054	-0.1088613609	-0.0371724983	0.0529207595	-0.0455501253	0.0591058187	0.0089207407	0.0186101832	0.0717968098	-0.271363129	0.3782884556	0.1671147453	0.0408190998	-0.0738771418	-0.3557778692	0.1149504984	-0.3069453802	0.0827165351	0.3433274397	0.0431218165	-0.0961964276	0.0320671056	0.0122762481	0.109581416	0.0595321983	0.0137900853	0.151276289	0.1449845808	-0.0364078173153359	-0.069755124591225	0.0013255291616668	0.0048657774067373	0.192857058864476	0.0737776680475122	0.0054431443025289	0.0371938451538559	-0.5782193934473341	0.215664839373268	0.0465113229418975	0.3343376669586029	0.0063699887627467	0.0056022770337962	4.057675683751924e-05	3.138550796340035e-05	0.0003131521844139	0.0013602334343453	1.8502349959108091e-06	9.806429060319723e-08	-0.0027790269075451	-0.0012719262852431	7.72299055285968e-06	1.6177964750925657e-06	1.0	0.0	0.0	0.0	0.0	0.0
1271.275373559184	7.276940756648401	52.9538667757706	1616141.0754180425	1698.2375737461475	30.42308954361374	2884010.8568832017	925.5643773787398	1270.829937144551	-1.6491293342646711	1615008.7291428233	2.719627561132238	1392.7671353007472	1026.0377565462727	1.748479	47.415844	1.246946549221445	0.7245593508479973	-0.1302747228	0.0648497996	0.0945279693	0.0127023668	-0.2221838907	-0.0357146987	-0.1364168916	-0.2925483931	-0.2358127198	0.0337330135	-0.2050552762	-0.0392466377	-0.0124972634	-0.0537156642	-0.0576186293	-0.1709706899	-0.0973933906	-0.1411913294	-0.173935852	-0.1119090174	0.3457493318	-0.006061757	-0.2200401697	0.0909496747	0.0957440866	-0.0201918647	0.0125812129	0.1620172723	-0.2509431867	0.180585482	0.2223662395	-0.0703149751	0.0632052285	-0.4904079291	-0.0930470114	0.1056563024	-0.0050044021	-0.0849350225	-0.0095879215	0.1412913909	-0.0343321744	0.4118378727	0.2534013387	0.0090219337	-0.0367677494	0.1381886625	0.1675097095	-0.1864540639	0.1404356632	0.1003488252	0.051935462	0.0648944307	-0.6053210007	-0.0230469322	-0.0376429345	-0.0379421353	0.1026490113	-0.0551748672	-0.1733511329	0.1376581376	-0.4050268668	-0.166160313	-0.0184037836	-0.1276729696	0.0048163057	-0.1173252485	0.068326263	-0.0421659989	0.156501957	0.2452187037	0.0298909339	0.1502346003	0.1408894722	0.0416879560542042	0.0780957733695401	0.0017378856799772	0.0060989498181865	0.352220920657615	0.159363861793139	0.0253968404456227	0.1240595769488979	-0.868213493147195	-0.2899940996998609	0.0840965778607328	0.7537946696828544	0.0175267947586419	0.0111568059958952	0.0003071885345115	0.00012447432003	-0.0011751561712296	-0.0014883083556435	2.2150617614782592e-06	1.380992026779013e-06	-0.0010342849719057	0.0017447419356394	1.0697454031099745e-06	3.04412442197872e-06	0.0	1.0	0.0	0.0	0.0	0.0
1270.153620609788	-1.121752949395841	1.258329679478268	1613290.2199481537	1687.64237626102	-10.595197485127528	2848136.790151942	112.25820974885268	1268.623585122058	-2.206352022492865	1609405.800727944	4.867989247158357	1388.8567687988282	1032.0627726279015	1.25977	34.162865	0.4255456445678916	0.2819173433475986	-0.0804149413	-0.0117690375	0.2033641465	-0.0146394969	-0.193151513	-0.0607412777	-0.1335135821	-0.0098453012	-0.1919183711	0.0442049911	-0.2154175736	0.1262816083	-0.0864017422	-0.1398437761	-0.0113799026	-0.1245318594	-0.0097746585	-0.0445588579	0.0024387961	-0.091859466	0.0226513839	0.1219641039	-0.1972765535	-0.0194741543	0.0717609165	-0.2028668596	0.0213500455	0.0426389234	-0.0359445522	-0.1319936583	-0.0591840762	-0.0993604795	0.1201617927	-0.1591558024	0.0938033387	0.0376883083	-0.0565983939	-0.1491341409	-0.0058255135	0.0235435051	-0.0397103668	0.0512877379	0.1568272597	-0.0528262644	-0.0567775173	-0.0766484303	-0.0037546054	-0.1134916281	0.1769303283	0.0991867102	0.0699991889	0.0931342395	-0.3313191837	0.0694179505	-0.0291275652	-0.0193087915	0.0313101427	-0.040863234	0.025716369	-0.0035846995	0.1465282291	0.0668386309	-0.0189031124	0.0520813619	-0.0518418151	0.1183008417	0.0594331848	-0.0462454046	0.0092263132	-0.2073571824	0.0220154835	0.1489877092	0.136024874	0.0279120245715205	-0.0137759314826837	0.0007790811156811	0.0001897762882155	0.3115364806664615	-0.0406844399911535	0.0016552236573937	0.0970549787860445	-0.9359561635421444	-0.0677426703949494	0.0045890693922387	0.8760139400725293	0.0120970663627834	-0.0054297283958585	0.0001463390145855	2.9481950452792124e-05	-0.0011366757662962	3.848040493339999e-05	1.480741563838434e-09	1.2920317976850537e-06	-0.0004356417187155	0.0005986432531902	1.8978370708539481e-07	3.583737445901459e-07	0.0	0.0	0.0	0.0	0.0	0.0
1263.5773612827154	-6.576259327072648	43.24718673691	1596627.74794619	1688.750139148957	1.1077628879370425	2851877.032475622	1.227138615890616	1266.5616304411997	-2.0619546808584346	1604178.36370587	4.251657105914009	1388.978108463731	1009.6513844702856	1.03417	28.044966	0.2133010632007589	0.1249088593468145	0.0305322606	-0.0146428346	0.2169834164	-0.0327388447	-0.1866566348	-0.1146756457	-0.050138456	0.0718425607	-0.1866622111	0.0167968029	-0.0907891927	-0.0448913471	-0.1056824037	-0.1593386785	-0.0025149903	0.0064932235	0.036935408	0.1029247969	0.0519155466	-0.0684312264	-0.0885886867	0.0438181947	-0.1842362415	0.0870968266	-0.0081028577	-0.17260817	-0.0930842765	0.0172900278	-0.0361040822	-0.1305740027	0.0749678956	-0.1456135671	0.1462371484	-0.0736252153	0.0361474927	0.0135277859	-0.039433331	-0.0582623655	0.050171663	-0.0673108259	-0.1116092746	0.081368633	0.0574171709	-0.1583757901	0.0777645513	-0.1699272146	0.0008416423	-0.0830684975	0.1969450409	0.0983488572	0.0254901597	0.1095609656	-0.2309246817	0.0985695822	0.0152073633	0.000774637	-0.0298369201	0.0063239271	0.1173591653	-0.0118207546	0.1634796067	0.0892625413	-0.0247247154	-0.0379615297	-0.0640395289	0.0403280391	-0.0103410634	0.040668913	-0.113618751	-0.2137152739	0.002060585	0.1475373187	0.1304173552	0.0205217281391725	-0.007390296432348	0.0004211413258181	5.461648135797561e-05	0.2767929500411838	-0.0347435306252776	0.0012071129203096	0.0766143371925012	-0.8952297322666212	0.0407264312755232	0.0016586422044399	0.8014362735341662	0.0101171167070322	-0.0019799496557512	0.0001023560504637	3.920200639309295e-06	-0.0007261207349953	0.0004105550313009	1.6855543372648306e-07	5.272513217901147e-07	-0.0002173303084154	0.0002183114103001	4.723246295593289e-08	4.7659871867218616e-08	0.0	0.0	0.0	0.0	0.0	0.0
1256.9683082545089	-6.609053028206517	43.679581929645735	1579969.327956202	1669.015004989204	-19.735134159752988	2785611.0868791128	389.4755203034493	1265.1421985386	-1.4194319025996265	1600584.7825230826	2.0147869261175955	1387.3933439387831	981.1520822320102	1.03465	28.057991	0.2750713931988466	0.1518696118069476	0.1540267402	-0.0046517329	0.1598525198	-0.0233084409	-0.1555881207	-0.1205704463	0.0445114994	0.162775031	-0.1785471494	-0.0218244764	-0.0610133728	-4.8288e-06	-0.1113429015	-0.1427110782	0.0261609763	0.094652815	0.096381805	0.0290316817	-0.0256639673	-0.028427404	-0.0102460663	0.0242170556	-0.0606108902	0.0620694491	-0.0885114971	-0.0457705195	-0.1210463268	0.0869309503	0.0740832935	-0.183099533	-0.0712208254	-0.1761929254	0.154524058	0.0611218528	-0.0031381966	0.0192337698	-0.0094484694	-0.0287632166	-0.0430354397	0.0130382268	-0.0808732757	-0.0094179371	0.0403971741	-0.0222441546	-0.050558347	-0.1212646712	0.0031038899	-0.0485476559	0.1806103582	0.098431299	0.0220289446	0.1572670669	-0.0778884532	0.1105829749	0.0557476647	0.0205591215	-0.086897535	0.0595164694	0.1287927096	-0.0701050442	0.2148021552	0.2011421934	-0.0200743799	0.0188867482	-0.036811285	0.108952276	-0.0257727022	-0.022900162	-0.1007642643	-0.1728343512	-0.0291899971	0.1458854101	0.124097542	0.0200228003785127	-0.0004989277606597	0.0004009125349977	2.489289103570014e-07	0.2195463348977853	-0.0572466151433985	0.0032771749453763	0.0482005931670505	-0.8359442615203179	0.0592854707463033	0.0035147670416107	0.6988028083687496	0.0081281418256871	-0.0019889748813451	6.606668953848404e-05	3.956021078621756e-06	0.0003969251442028	0.0011230458791981	1.2612320467838334e-06	1.5754957010041357e-07	-0.0002661171388419	-4.8786830426500016e-05	7.081833158539908e-08	2.3801548230640675e-09	0.0	0.0	0.0	0.0	0.0	0.0
1253.3882161351992	-3.580092119309711	12.817059582743498	1570982.0203465768	1672.446042402075	3.4310374128708645	2797075.764746363	11.772017728519597	1267.9585743478924	2.816375809292367	1607718.9462623398	7.931972699167236	1388.115996036973	940.0353498127836	1.092829	29.635695	0.4577985736895839	0.2366757035011303	0.2212884627	0.0228378813	0.0253673642	-0.0238502179	-0.1295612962	-0.0949763912	0.1246230741	0.154956248	-0.0712647758	-0.0636667796	0.1194160135	-0.0569999942	-0.113264462	-0.1311077648	0.0179607097	0.1303678492	-0.092346777	0.0412878802	-0.0134685767	0.122803774	-0.0738221356	0.2844224674	0.0727122787	0.0279409507	-0.0637155895	-0.0113037098	-0.184461094	0.0478289281	0.090870338	-0.1128983063	-0.0357541643	-0.1385493421	0.0974408016	0.1753393417	0.0279017743	0.0246141904	-0.0487755768	0.1158549161	-0.0258573114	-0.0486182512	-0.0845641068	0.0850548421	-0.0211193422	0.1440046249	-0.0800306703	-0.1190222972	-0.1003432744	-0.0147346508	0.1046664612	0.1029225695	0.0131063416	0.2338198321	0.1322640107	0.1901068365	-0.0317576732	0.1082814368	-0.1254538794	0.1590190147	0.0215051566	-0.1317557849	0.2622381432	0.1365460424	0.0519302816	-0.269549787	0.127649097	0.0111798779	-0.113870658	0.1054964771	-0.107068489	0.2567983213	-0.0715788358	0.1440342395	0.1170999511	-0.051638982161549	-0.0716617825400617	0.0026665844786807	0.005135411076819	0.1266208543414251	-0.0929254805563602	0.0086351449366304	0.0160328407541523	-0.7227434984012859	0.1132007631190319	0.0128144127707311	0.5223581644813297	0.0053246194160531	-0.002803522409634	2.8351571925809656e-05	7.859737901320032e-06	0.000207177089744	-0.0001897480544588	3.600432417089973e-08	4.2922346514793435e-08	-0.0008730576242317	-0.0006069404853898	7.622296152291002e-07	3.6837675280520603e-07	0.0	0.0	0.0	0.0	0.0	0.0
1259.6661221795446	6.2779060443454	39.41210430162851	1586758.7393668513	1673.7584815069076	1.3124391048327195	2801467.454416309	1.7224964038941109	1270.8347938210898	2.8762194731973523	1615021.0731862916	8.272638457999655	1390.90674594613	943.6811645823076	1.038459	28.161264	0.3419750155747729	0.1984410075001833	0.1871212492	0.0015785744	-0.0443673996	0.0599192246	-0.0310116602	-0.0771205137	0.1264459685	0.0036409044	-0.0661590301	-0.0561545038	0.0250588154	-0.0679105442	-0.0695837055	-0.093086661	-0.0423584592	0.1378378914	-0.1378388258	0.0285729646	-0.0136563712	0.218797731	0.0837386144	0.1068992776	-0.0441076417	-0.0462692013	-0.1209273041	0.0766159616	-0.2013867657	-0.1307484013	-0.0923258491	-0.0300632341	0.0204510349	-0.1288035863	0.0395306838	0.0387848971	-0.0309227674	0.0649108101	0.0580232091	0.14632866	-0.0700918637	0.0878827936	-0.0662390988	0.0733723882	0.0549448876	0.2562124603	-0.0150203591	-0.0673953543	0.0032327114	0.0381922584	0.0712012125	0.0156192122	-0.0843891627	0.1197560089	0.1750583224	0.1794753926	0.0457488778	0.0410303019	-0.1395794699	0.1589369527	-0.0844915786	0.0937996137	-0.0676381103	0.166068107	0.1236780741	-0.0424523223	0.0283572481	-0.1030415365	-0.0505439841	-0.0768210569	0.0600775638	0.0688988738	-0.0350098737	0.1419863355	0.1094628008	-0.0391184443274141	0.0125205378341349	0.0015302526865969	0.000156763867656	0.0855118875162901	-0.0411089668251349	0.00168994715343	0.0073122829065986	-0.6074877531808482	0.1152557452204376	0.0132838868063184	0.3690413702647152	0.0028110088703966	-0.0025136105456565	7.90177086944837e-06	6.318237975235568e-06	8.393229527103863e-05	-0.0001232447944729	1.5189279364682492e-08	7.0446301894648134e-09	-4.811765045985381e-05	0.0008249399737718	2.3153082857766693e-09	6.805259603266942e-07	0.0	0.0	0.0	0.0	0.0	0.0
1262.9742468820366	3.308124702492023	10.943689047237935	1595103.9482872474	1680.5968107171016	6.838329210193933	2824405.6401924933	46.76274638699158	1272.6033608078656	1.7685669867757952	1619519.3139394743	3.127829186713216	1392.689479242369	968.8446612460556	0.9510090000000002	25.789778	0.153775680702938	0.1012287341585273	0.1397194496	-0.0274491151	0.0338784728	0.0878198412	0.1017564291	-0.0794928388	0.0481717358	0.027197536	0.0601600755	-0.0427661885	-0.0275986046	-0.0297707831	-0.0214112864	-0.0387525916	-0.043400017	0.1541343287	-0.1073588622	0.0995856169	0.1327973457	0.1956535748	-0.0326353162	-0.0569533216	0.0052504415	-0.1124894023	-0.1955913284	0.0460617705	-0.0651431465	-0.0202606594	-0.1350410587	0.1067989553	0.0207833392	-0.0956299911	-0.0029442996	0.0192013252	-0.0215814403	-0.0432339793	-0.0382710729	0.1695138717	-0.078903368	0.1374664962	-0.0480662209	-0.0886170152	0.0149000925	0.2030134928	-0.0395738615	-0.1215261075	-0.032926985	0.0629877	0.0542538621	-0.0365593234	-0.0997295824	0.0431041067	0.1588119453	0.163819038	0.0749344666	-0.0014602949	-0.1513143516	0.0940158786	-0.0663965918	0.2084904212	-0.1831098921	0.0625100141	0.1138885796	0.0889564148	-0.0729928655	-0.0142864059	-0.0738592055	0.0014700229	0.1260296238	0.0706210225	-0.0847255044	0.1397444952	0.1012278027	-0.0259029399225312	0.0132155044048828	0.0006709622966302	0.0001746495566754	0.0700468492247807	-0.0154650382915094	0.0002391674093578	0.0049065610863191	-0.5670964874319466	0.0403912657489016	0.0016314543487983	0.321598426057652	0.0011880026854157	-0.0016230061849809	1.4113503805549143e-06	2.634149076486256e-06	1.2971345435763835e-05	-7.096094983527479e-05	5.0354564015243855e-09	1.6825580241391127e-10	-4.800734012314566e-05	1.1031033670815157e-07	2.3047047056993914e-09	1.2168370384665772e-14	0.0	0.0	0.0	0.0	0.0	0.0
1259.5967003930405	-3.3775464889961317	11.407820285330091	1586583.847641035	1678.1639547085542	-2.4328560085473327	2816234.2588830544	5.91878835832486	1268.8156458472724	-3.787714960593121	1609893.143146831	14.346784622700946	1389.686205061092	943.4326956378528	0.969184	26.282661	0.107879754220504	0.0762166070158083	0.1682861132	0.0102295209	0.008971864	0.052474984	0.0478898609	-0.1134212836	0.0331001464	0.0816204757	0.035386787	-0.1005682359	0.0836972513	0.0079495145	-0.0295675547	-0.068684147	-0.0800009521	0.310431974	0.0610526263	-0.0259038643	-0.0248689575	0.1366070626	-0.0809285439	0.0747770581	-0.052864891	0.0136286815	-0.1209378009	0.0508524465	0.0456209265	0.0691731078	-0.024961134	0.1403597792	-0.1366833797	-0.1389837382	0.0175228423	0.1402983103	-0.1036677233	-0.090962063	-0.0653447139	0.1771397736	-0.0494580685	0.0622571257	-0.1068143309	-0.0753565463	-0.0296894015	0.1410983088	-0.0665872579	0.0156405204	-0.019546186	0.0692925397	0.0230454873	-0.0627160624	-0.102813168	0.0385831681	0.1910697936	0.2055937216	0.0070836876	0.0792942633	-0.1128635864	0.0648732405	-0.0705375303	0.1006816806	-0.1716585174	-0.0571807574	0.0388787893	0.0506682338	-0.0399855775	0.0542711786	0.0683278105	0.0133972616	0.1764540437	-0.0253032291	0.074560266	0.1373117808	0.0924399334	-0.0322175291856154	-0.0063145892630841	0.0010379691868259	3.987403756145825e-05	0.0768622045854385	0.0068153553606578	4.644906869204707e-05	0.0059077984937338	-0.4927961711190605	0.0743003163128861	0.0055205370041949	0.2428480662696063	0.0012009802930871	1.2977607671400132e-05	1.4423536643835768e-06	1.6841830087278354e-10	-0.0001751537968355	-0.0001881251422712	3.539106915458326e-08	3.067885254589161e-08	-0.000255894455858	-0.0002078871157348	6.548197253886192e-08	4.321705288855673e-08	0.0	0.0	0.0	0.0	0.0	0.0
1262.8695394333888	3.2728390403483445	10.711475384028272	1594839.4736286995	1685.668808543354	7.50485383479986	2841479.332095971	56.32283108171016	1272.8930064472804	4.077360600007978	1620256.6058623963	16.62486946249742	1392.0567140801008	950.5094340174652	1.109144	30.07814	0.3317897687857275	0.2475866569978396	0.1590612488	0.0774067775	-0.0392074788	0.0230569434	0.1509216564	0.0460461568	0.098692616	-0.0075390415	0.1241205802	-0.1856478633	-0.0192813506	-0.0639859747	0.1048104637	0.0374661234	-0.0445386391	0.2205974009	0.0226549495	-0.1554014831	-0.0112566719	-0.0293185467	-0.0390461804	0.0241784063	-0.017568902	-0.005222923	-0.003949831	0.1072830591	0.0291831251	0.0117030729	-0.0134577363	0.067113039	0.0644743539	0.0411399056	-0.1063135296	0.0542981509	-0.1454984885	-0.056976555	-0.0223444478	0.2378930799	0.0978864794	0.1290715878	-0.045386273	0.1280618106	-0.1176090516	-0.0606190441	-0.1306978637	-0.1216595921	-0.0459314667	0.045393844	-0.1002534256	-0.1090306217	-0.1600813719	0.0171393399	0.0389402557	0.1838864791	0.096882632	0.0611466766	-0.0964948457	0.0241959154	-0.0849465118	0.0391549729	-0.2748605213	-0.0584593265	0.018476135	0.0225197461	-0.0166742686	-0.0005899012	-0.0884052798	0.0703606324	-0.1170462674	-0.0103643979	0.1083688222	0.1346915149	0.0831471893	-0.0393427582702941	-0.0071252290846786	0.0015478526283147	5.0768889509151245e-05	0.0209667249359171	-0.0558954796495214	0.00312430464525	0.0004396035545384	-0.252828257952018	0.2399679131670424	0.0575845993497452	0.0639221280190521	0.001165881027271	-3.509926581610006e-05	1.3592785697504823e-06	1.23195846082925e-09	-0.0005107691885746	-0.000335615391739	1.1263769117218955e-07	2.608851639971552e-07	-0.0004612027359925	-0.0002053082801344	2.1270796368696765e-07	4.215148989178632e-08	0.0	0.0	0.0	0.0	0.0	0.0
1265.190624881537	2.3210854481480965	5.38743765760485	1600707.3172881338	1674.9663207727835	-10.702487770570542	2805512.1757231154	114.543244479212	1274.114699202761	1.2216927554804895	1623368.2667245418	1.4925331887935116	1389.009015460347	954.7186182558044	0.965824	26.191542	0.1483380445536279	0.0784426298616373	0.1022544004	0.0611306367	-0.1202808876	0.0437638245	0.1594411147	0.1343768388	0.164971114	0.0401821941	0.1739605256	-0.0552059064	-0.0506712116	0.0275296982	0.1425227415	0.0752474117	0.0367725456	0.1443541394	0.0168544157	-0.0065733189	0.083051564	0.0988964062	-0.0290157707	-0.1461868083	0.0786896635	0.143376163	-0.0951654177	0.0107612654	-0.0108199265	-0.0156610523	0.032592533	0.0535756855	0.2052168275	0.0958705444	-0.1529854606	0.1268784106	-0.0769685646	0.0179394157	0.1058366243	0.1195358049	-0.0038723588	0.1975646567	-0.0056249374	-0.0760349964	-0.0172458341	0.0312585319	-0.1363749178	0.0353964552	0.0623960278	0.0392474663	-0.1365766802	-0.1111685424	-0.1629404979	0.0029927956	0.0028792243	0.0730459289	0.1067929611	0.021655387	-0.0201355113	-0.0075910558	-0.0459695425	0.0911466776	-0.1549173442	0.0184034657	-0.0316843701	0.1467150634	-0.0050016888	0.0839766481	-0.0109246273	0.0308069279	-0.0393526484	-0.0095373919	0.0537727109	0.1318872767	0.0734003241	-0.0396084451476212	-0.0002656868773271	0.0015688289270121	7.0589516783826e-08	0.0509746256656029	0.0300079007296858	0.0009004741062026	0.0025984124617483	-0.2005602173300786	0.0522680406219394	0.0027319480704567	0.0402244007754883	0.0003819907010651	-0.0007838903262059	1.4591689570020657e-07	6.144840435191924e-07	-0.0003920088558795	0.000118760332695	1.4104016621850832e-08	1.5367094308795458e-07	-4.792506839998835e-05	0.0004132776675925	2.2968121811435613e-09	1.7079843053070658e-07	0.0	0.0	0.0	0.0	0.0	0.0
1270.1692157620002	4.978590880463344	24.78636715503277	1613329.8366694548	1679.894689717424	4.928368944640397	2822046.1685408	24.288820454495895	1274.9699613249272	0.855262122166323	1625548.4022808864	0.7314732976124424	1388.2431002594703	969.560704916962	1.049848	28.470125	0.180982171048965	0.1080808294699695	0.0166885278	-0.0050697485	-0.1543287373	0.0595951464	0.1013853996	0.1051726223	0.0929080512	-0.0800086531	0.1150870806	-0.0403893372	0.0371487266	0.0054104829	0.1516360163	0.0661582896	0.0356570863	0.0455331561	-0.0255558262	-0.0484469993	-0.1006954228	-0.1018607184	0.0332159486	-0.0492522854	-0.1079694926	0.0020995052	-0.069416306	0.0547203685	0.2783051704	0.3443488875	-0.0505465662	0.1340168409	-0.1051673824	0.1074593576	-0.151974608	-0.0410049588	-0.073683468	0.0699934309	0.0817158874	0.1178682257	-0.0094331662	-0.063500817	0.0682980115	0.048533391	-0.0010962382	-0.0553282754	-0.1644700194	-0.0695908352	0.1609377752	0.0761857288	-0.1090925872	-0.0853212472	-0.141194031	-0.0724205332	0.0020259485	0.0223150913	0.0539264291	-0.0070123493	0.0480051641	0.0310899173	-0.0978549095	0.0912978477	-0.0125028206	-0.1149615915	-0.0358546155	-0.1327685743	0.0029310239	0.0814727796	0.0940020783	-0.0338158749	-0.2637917539	-0.15239365	-0.0116230105	0.1289028963	0.0632525717	-0.0209530074746453	0.0186554376729758	0.0004390285222325	0.0003480253547702	0.0483158650924622	-0.0026587605731407	7.069007785287488e-06	0.002334422819633	-0.2886375307541726	-0.088077313424094	0.007757613140006	0.0833116241598659	-0.0010460101289904	-0.0014280008300555	1.0941371899505132e-06	2.039186370639197e-06	-0.0003889748735934	3.033982286100004e-06	9.205048512368603e-12	1.5130145228700148e-07	-4.870344363347803e-05	-7.783752334896777e-07	2.3720254217593714e-09	6.058680041101102e-13	0.0	0.0	0.0	0.0	0.0	0.0
1276.8669939047331	6.697778142732886	44.8602320492704	1630389.3201233095	1674.7912666250809	-5.103423092343064	2804925.786763643	26.044927259460444	1281.100906179894	6.130944854966856	1641219.531814946	37.58848481464456	1391.692959630212	1005.4640106863228	1.10352	29.925627	0.0837806971580339	0.0528064798517286	-0.1065339382	-0.0223736232	-0.132225419	0.1437771049	0.1188301089	0.1045280929	0.0763998101	-0.0828065077	0.1003080893	0.0719927876	0.0768390083	0.0008134801	0.1314011543	0.1071412609	-0.000885289	-0.0106670455	-0.2016205693	0.1229995474	0.1166976697	-0.0870757848	0.0191234421	0.0148729377	-0.1007490603	0.0017658481	-0.0052762816	0.2899582885	0.0860148273	-0.0100106648	-0.0530299134	-0.2217808131	-0.1875275043	0.1340783293	-0.1534272197	0.0202175473	0.1255615398	0.037454217	0.0290647336	0.1856084412	-0.018699499	-0.0446239987	0.0556167012	-0.1180307744	-0.1427079985	0.0017947217	-0.0738716246	-0.0463105326	0.1718214943	0.0818958182	-0.1192898561	-0.0680134031	-0.1190394522	-0.1327012874	-0.0102454781	-0.0038117873	-0.0710258392	0.0465490306	0.1320984333	0.0640335379	-0.0715025656	0.0934275814	0.011839359	-0.1463946077	-0.013315696	-0.1704848397	0.0814183032	0.1744181214	0.1833910025	-0.1382921187	-0.1913298256	-0.166565095	-0.0132873889	0.1257424501	0.0527593557	-0.0115239191346603	0.009429088339985	0.0001328007122221	8.890770692324109e-05	0.0005798972056823	-0.0477359678867799	0.0022787226300876	3.362807691581397e-07	-0.2894200780840492	-0.0007825473298765	6.12380323496985e-07	0.0837639815981771	-0.0012380046109665	-0.0001919944819761	1.5326554167743152e-06	3.686188110927103e-08	-6.49704983717303e-05	0.0003240043752216	1.0497883516278453e-07	4.221165658671009e-09	-4.804042880339791e-05	6.630148300801201e-07	2.3078827996143433e-09	4.3958866490617054e-13	0.0	0.0	0.0	0.0	0.0	0.0
1280.7308271252064	3.863833220473225	14.929207155632492	1640271.4515488152	1706.7919122538435	32.00064562876264	2913138.631735132	1024.0413206576454	1282.3749074479497	1.2740012680555992	1644485.4032521376	1.6230792310072748	1396.9462164590525	1042.5283917387655	1.179187	31.977571	0.278701678067592	0.1378965342894439	-0.1702025463	-0.0109591497	0.0255712406	0.0565843305	0.2444465007	0.080882943	-0.0925740117	-0.131732033	0.203131755	0.1189367507	0.0121832459	-0.0934963737	0.1609102355	0.1887918778	0.0024343868	-0.046931784	-0.0200245124	-0.0089739751	0.0265496768	-0.0086276251	-0.1745375878	0.093111951	-0.1829219259	0.0786244395	0.0420920387	0.0588689675	0.0793645987	-0.2588700448	0.1028916715	0.0869769208	0.0694534598	0.1569787681	-0.1630591715	-0.1391841435	0.0090280137	-0.0454319674	-0.113309973	0.0224179162	0.0160212017	0.0274545001	0.1490035392	-0.1314710534	0.01595819	0.0549470483	-0.0492851663	-0.0462707283	0.0258898089	0.0539119238	-0.1498514568	-0.0991123187	-0.1216869883	-0.0984673784	-0.1007517399	-0.0456230686	0.0070135505	-0.0057402835	0.104096881	-0.0184802665	0.1038686586	0.0364604677	0.0599296502	-0.0372527306	0.0074905408	0.0128850359	0.0555636305	0.0771530737	-0.130743512	-0.0614953605	-0.0188429268	0.0507150894	-0.0709978758	0.1224102548	0.0419779864	0.0233516029896492	0.0348755221243095	0.0005452973621861	0.0012163020434432	0.0341818640148972	0.0336019668092149	0.0011290921734475	0.0011683998275329	-0.1877913113865901	0.101628766697459	0.0103284062204465	0.0352655766322952	0.0005229715682739	0.0017609761792404	2.734992612228624e-07	3.101037103852117e-06	-0.0003715402651125	-0.0003065697667407	9.398502187948995e-08	1.380421685998668e-07	-0.0001524029315544	-0.000104362502751	2.322665354637513e-08	1.089153198045292e-08	0.0	0.0	0.0	0.0	0.0	0.0
1272.8712413557644	-7.859585769441992	61.77308846721507	1620201.1970705646	1701.6896106125018	-5.102301641341683	2895747.530866528	26.033482039238027	1278.7995733073735	-3.5753341405761603	1635328.3486911205	12.783014216769471	1392.5657457218613	1023.7034091287408	0.980216	26.581825	0.1546943558313643	0.1037518365141592	-0.0824687222	0.0196658904	0.1076577831	-0.0510156095	0.2897598461	0.0116014652	-0.1692813512	0.0266642471	0.2299878182	0.073983936	-0.228782404	-0.116977485	0.1178601657	0.1064621169	0.0415222331	-0.0632709985	0.0590085009	-0.1583585849	-0.1752049435	-0.0785474911	-0.0969728067	0.1720490531	-0.0784234806	-0.0129907537	-0.1923111868	0.0102850218	0.0605493698	-0.1223065539	0.0808621331	0.035214852	-0.1015943462	0.1015188528	-0.1160549386	-0.0357943217	-0.0481899483	-0.1088142497	-0.2018599559	-0.143889358	0.0530845735	0.0109220753	0.1894259973	0.0280498345	0.0061067866	-0.0453144594	-0.1972827863	-0.0625652685	0.0131675532	0.0275039	-0.1578564502	-0.0761764412	-0.1490303983	-0.0764300477	-0.0904056143	-0.0886379081	0.1162949172	0.0895255879	0.0834196021	-0.0335516333	0.1670605785	0.0339399893	0.1479914432	-0.069614525	-0.0414930017	0.065790215	0.0142713816	0.0792903229	-0.078255117	0.0347066597	-0.0452166546	0.1202049705	-0.1072517185	0.1189108618	0.0309673479	0.0121027964227948	-0.0112488065668543	0.0001464776812516	0.0001265356491785	0.034039398983424	-0.0001424650314732	2.0296285192659977e-08	0.0011586806831527	-0.1053241701139668	0.0824671412726233	0.0068008293896788	0.0110931808101958	-0.000464011595744	-0.0009869831640178	2.153067609848933e-07	9.741357660547845e-07	-0.0004969882855607	-0.0001254480204482	1.5737205834372018e-08	2.46997355984564e-07	-4.811525681223133e-05	0.0001042876747421	2.315077938106973e-09	1.0875919103128362e-08	0.0	0.0	0.0	0.0	0.0	0.0
1269.9925931901123	-2.8786481656520664	8.286615261612006	1612881.1867577462	1695.65242704339	-6.037183569111903	2875237.153338139	36.44758544715474	1275.6084018198007	-3.191171487572774	1627176.7947932663	10.18357546309743	1392.9224162256994	998.87938157389	1.007509	27.321976	0.2456243492621187	0.1602760282885623	0.0005707228	0.0641534954	0.0083637788	-0.050312633	0.2115993519	0.0660640046	-0.0345414348	0.0873473505	0.1202338585	-0.0788989826	-0.055042726	-0.0955181908	0.0790643357	0.0730806823	0.0876013282	-0.076501437	0.1971292652	-0.1826967637	-0.107431605	-0.1562949217	-0.2052057482	0.0804056311	0.0477413353	0.0347090613	-0.0157258485	0.0377694982	0.0627410753	-0.231110491	-0.0085960752	0.0437892097	-0.0782272637	0.0880741292	-0.0897160897	0.0481478687	-0.1784191457	-0.0162240211	-0.0272930076	-0.2164921024	0.197323651	-0.038806174	0.1096566583	-0.0965694184	-0.0030962558	-0.0165195842	-0.1473529957	0.1542989534	0.0475399398	-0.0148731341	-0.1714043733	-0.0750815781	-0.1588897234	-0.0371519686	-0.0813071029	-0.1076224909	0.2105892738	0.0397371976	0.0291185808	-0.0291671464	0.0829813963	-0.0309281661	0.0785185382	0.0679309466	-0.0366976554	0.1430797018	0.070951842	0.1046938067	-0.07022648	-0.0092402307	0.0535262298	0.0312832093	0.0004562016	0.1152490509	0.0197875765	-0.003291914234353	-0.0153947106571478	1.08366993263359e-05	0.0002369971162173	0.0154141789733586	-0.0186252200100654	0.0003468988204233	0.0002375969134227	0.0531244852022112	0.158448655316178	0.0251059763715049	0.0028222109279999	0.0001669987361061	0.0006310103318501	2.7888577861034832e-08	3.981740389015734e-07	-6.500404625842116e-05	0.0004319842393022	1.8661038300556857e-07	4.225526029966957e-09	-4.799456239005984e-05	1.2069442217149098e-07	2.3034780190133463e-09	1.4567143543310093e-14	0.0	0.0	0.0	0.0	0.0	0.0
1271.9499172290964	1.9573240389840976	3.831117393585021	1617856.5919391052	1691.3398787472229	-4.312548296167051	2860630.5854406706	18.598072806773335	1278.1765004501535	2.568098630352779	1633735.166303001	6.595130575219819	1393.824281417492	983.8604294138506	0.980289	26.583794	0.1659921913511019	0.112290462209958	-0.0125834476	0.0564953782	-0.1023545184	-0.0289434339	0.1917879553	0.0475491959	-0.004843273	-0.0038884479	0.1660401017	-0.085945515	0.094017087	-0.0131494287	0.0725792945	0.0822365328	0.0719820017	-0.0660442145	0.0640330188	-0.1495002165	-0.0298443831	-0.1916687995	-0.0614350909	-0.1026703702	0.0092091611	0.1278536408	-0.1051508586	0.0495232667	0.003299858	0.0318585066	0.093474637	-0.2535844879	-0.0159832535	0.0963016201	-0.0991366325	0.0015533356	-0.1000773588	0.0336749675	0.0318780582	-0.0276935559	0.2925328192	-0.1053716088	0.0116203432	-0.0248121178	-0.0342544824	-0.0301708172	0.0060737074	-0.0978841356	0.1259375504	0.0152042344	-0.159333328	-0.072874028	-0.1120233285	-0.0602331743	-0.0810394931	-0.1156035363	0.1457172477	0.0612644575	0.0627295438	0.0372442216	0.1042294171	-0.051565375	0.0953022098	0.0843643852	-0.063627459	-0.0413860218	0.1443166016	-0.0676611832	-0.0092933303	-0.0267446082	-0.0489364564	0.0331418828	0.0740036405	0.1114298236	0.0084997322	-0.0045089270846574	-0.0012170128503044	2.033042345475708e-05	1.4811202778060404e-06	0.0073737477902398	-0.0080404311831187	6.464853361046916e-05	5.437215647406633e-05	-0.0577123442470295	-0.1108368294492407	0.01228480276236	0.0033307146784876	-0.0002789792941096	-0.0004459780302157	7.782944654189072e-08	1.9889640343507587e-07	0.0003330170819619	0.0003980211282203	1.5842081850977734e-07	1.1090037687841885e-07	-0.0001219537613228	-7.395919893274017e-05	1.4872719900778468e-08	5.469963106772635e-09	0.0	0.0	0.0	0.0	0.0	0.0
1273.07531788269	1.1254006535934875	1.2665266311086494	1620720.765002112	1694.5218413466707	3.181962599447843	2871404.270800912	10.124885984284871	1278.503106028367	0.3266055782135026	1634570.192124182	0.1066712037201764	1393.1183665430824	994.6111925613782	0.947637	25.698334	0.1171183664276707	0.0569594275910952	-0.0347034606	0.0055330732	-0.0463245862	-0.0469528695	0.1771049887	0.09254528	0.025892021	-0.0898461651	0.1389061919	-0.0036373237	0.0298288602	-0.0181637723	0.1307491795	0.099425559	0.0951325036	-0.0491985576	0.061364308	-0.085951196	-0.0305785594	-0.0370369933	-0.0437356806	-0.0164181811	0.0927412516	-0.0462173713	-0.1418168443	-0.0049561048	0.0289691078	0.1364529078	0.0301402751	-0.079138505	0.0563994923	0.106979684	-0.1366122973	0.0115811715	-0.0432943184	0.0309192012	0.0137678999	-0.0934489236	0.0054422513	0.0945187946	0.1311651783	-0.0264398728	-0.0091525419	-0.0310468034	0.0297149241	-0.0283632055	0.0529669169	0.049696853	-0.1472581599	-0.0486120594	-0.0827011807	-0.0648602028	-0.0710672738	-0.07651659	0.085434759	0.0263167552	0.0808989562	-0.0001590408	0.1167515071	-0.001117812	0.136655327	-0.0106534953	-0.0766223975	-0.0259095353	-0.0187155099	0.0386732151	-0.0213786342	0.0001366198	0.1259010197	0.0635999427	-0.1441701675	0.1074583966	-0.0028345346	0.0056952014090683	0.0102041284937256	3.243531908985354e-05	0.0001041242383164	-0.0036239575640593	-0.0109977053542991	0.0001209495230599	1.3133068426102616e-05	-0.1028799718322233	-0.0451676275851938	0.0020401145816747	0.010584288604199	-0.0009059997134958	-0.0006270204193862	8.208354808544717e-07	3.931546063272461e-07	1.902176277135404e-05	-0.0003139953191905	9.859306047357285e-08	3.6182745892967056e-10	-4.799140001050318e-05	7.396236131229682e-05	2.3031744749681244e-09	5.470430890890742e-09	0.0	0.0	0.0	0.0	0.0	0.0
1273.0570527850186	-0.0182650976712466	0.0003336137929401	1620674.2596456776	1692.9964521215595	-1.525389225111212	2866236.986896188	2.326812288085384	1277.307837498278	-1.1952685300889243	1631515.3117345276	1.4286668590209377	1394.4342316383538	996.9135454855676	1.016917	27.577105	0.1378297567302425	0.0602091170279325	-0.0321406977	-0.0134550995	-0.0599692142	-0.1461347219	0.0616436592	0.0226942351	-0.0832413578	-0.0498871385	0.1367552542	-0.1137801094	-0.0032396308	0.0487369018	0.1099426438	0.0587329718	0.079147756	0.0331976663	-0.0144318548	-0.0009284934	-0.1651241494	-0.0221027814	-0.1091082793	-0.039710797	0.1702311363	0.1405977985	0.0907666126	-0.1491293786	-0.212924741	-0.0797819059	-0.014483556	-0.1934802234	0.0639093226	0.0396137792	-0.1175305123	0.035070018	-0.1138300392	0.0410097214	-0.0741604066	-0.033709938	0.0156477838	-0.1223055866	-0.1148679708	-0.0026697669	0.1083518161	0.163274209	0.1781000477	0.1035525454	-0.0563232089	0.0504944626	-0.1563452642	0.007369871	-0.0446529956	-0.0214938718	-0.0469371948	-0.0080117126	0.0879183331	-0.1148603495	-0.0107777836	-0.0290410893	-0.0688804278	-0.0127915345	0.1531312076	0.0702788435	-0.0688591873	-0.052998325	0.0296292574	-0.2943641172	0.0724459099	0.1182050798	0.2029398778	-0.0683001346	0.0444436026	0.1033401944	-0.0141533203	-0.0127652007596026	-0.0184604021686709	0.0001629503504329	0.000340786448229	0.0203302114034755	0.0239541689675348	0.0005738022109252	0.00041331749571	-0.1317024275261076	-0.0288224556938843	0.0008307339522259	0.0173455294162696	-0.0005561230385227	0.0003498766749731	3.092728339757204e-07	1.224136876902323e-07	-0.0004108332236791	-0.0004298549864504	1.8477530937632006e-07	1.6878393767856142e-07	-0.00060011433659	-0.0005521229365794	3.6013721698085585e-07	3.048397370971671e-07	0.0	0.0	0.0	0.0	0.0	0.0
1269.0154009334035	-4.041651851615143	16.33494968966411	1610400.0878061668	1692.2839422663417	-0.7125098552178315	2863824.941252511	0.5076702937825353	1273.067368514592	-4.240468983686014	1620700.5247766683	17.9815772016031	1391.8504797647165	981.612752554732	0.959812	26.028494	0.1018881711025415	0.0572635794464776	0.0293729079	-0.0251043191	-0.074281185	-0.1521585301	0.0824932628	-0.0463998679	-0.0250174318	-0.1082491605	0.1178571215	-0.1446546551	0.0532431228	0.017767798	0.1122866004	0.0013036203	0.0730560173	0.0791755936	-0.0088376267	0.045147787	-0.0852562352	0.0250759299	0.1194481723	-0.0685351122	0.0180511016	0.1573482962	0.2245139779	-0.09491366	-0.2430135852	-0.007517488	-0.101158268	-0.1016083181	0.1599388863	0.0014078678	-0.114981479	-0.0156467246	-0.1287342958	0.0797009219	-0.0651017561	0.0754960978	0.0458958886	-0.0961796151	-0.1300817541	0.1128800656	-0.0333678649	0.0016970695	0.1361134269	-0.0421892474	0.104732749	0.0805494846	-0.1357122617	0.0149579055	-0.009995883	0.017118688	-0.0108265022	0.0049092186	0.0306406422	-0.069943165	-0.0031576657	-0.0347158969	0.0318390271	-0.1012521285	0.0458315218	0.0946190071	-0.1355113287	-0.1832439237	-0.0267576427	-0.3597971084	-0.0171729148	0.17873555	0.1919998522	-0.0120568922	0.0933235045	0.0990808418	-0.0253948054	0.001432306726528	0.0141975074861306	2.0515025588573552e-06	0.0002015692188187	0.0222039981509993	0.0018737867475237	3.511076775195816e-06	0.0004930175338895	-0.1625978502198748	-0.0308954226937671	0.0009545271434265	0.0264380608961248	-0.0005038843636222	5.223867490049999e-05	2.5389945190294944e-07	2.728879155360127e-09	0.000499117109878	0.0009099503335571	8.280096095406775e-07	2.491178893729675e-07	-0.0004638742615452	0.0001362400750448	2.1517933052410466e-07	1.8561358048212736e-08	0.0	0.0	0.0	0.0	0.0	0.0
1269.3833236631838	0.3679227297802754	0.1353671350889695	1611334.0223941912	1681.0097367872886	-11.27420547905308	2825793.735173669	127.10770918391049	1274.0461657930082	0.9787972784160957	1623193.632571865	0.9580441122347558	1390.7570308951445	969.1358140330668	1.083458	29.381565	0.2459575906328066	0.1223724314238056	0.0179410118	-0.0990856281	-0.1308969032	-0.1028406455	0.0157228103	0.0312194032	0.113829962	-0.1187046	0.090093832	-0.0460829883	-0.0840501154	0.0919423328	0.1642655319	-0.0103101754	0.0868867805	-0.0185552942	-0.051640757	0.2283018148	0.1373733495	0.0961012268	0.0362450792	0.0391364601	0.021503314	0.0578029291	0.2747335771	-0.1040432399	-0.06311852	0.0534588472	0.2420622534	0.0206217717	-0.0571809384	0.0344628498	-0.1583016961	0.0610391517	0.0318399766	0.0530245001	0.0554046022	-0.0107066243	-0.2234949291	0.140177999	-0.069097794	-0.0968275467	0.0610245579	-0.0776734466	0.1450685138	0.062436092	0.0282906945	0.1119594094	-0.1020004159	0.0302975957	0.0627960681	-0.0073659491	0.0889142381	0.0655669779	-0.1009500117	-0.1264036826	0.0023661605	-0.0253200385	-0.0664123463	-0.0188099284	0.0535999186	-0.0729138833	-0.0955734012	-0.2882223461	-0.2342673219	0.0035365282	0.2052517904	-0.0093547558	0.3011995368	-0.1446737336	-0.4165461478	0.0946861568	-0.0364975928	-0.020419371374885	-0.021851678101413	0.0004169507273454	0.0004774958358477	-0.0100352374784478	-0.0322392356294471	0.001039368313971	0.0001007059912488	-0.2695859874767663	-0.1069881372568915	0.0114464615136994	0.0726766046438232	-0.0015069383389081	-0.0010030539752859	2.2708631572711037e-06	1.006117277336847e-06	0.0001526117031529	-0.0003465054067251	1.2006599688972698e-07	2.3290331939228872e-08	-0.0008118856724353	-0.00034801141089	6.591583451057192e-07	1.21111942109718e-07	0.0	0.0	0.0	0.0	0.0	0.0
1276.2083942614288	6.82507059824502	46.58158867102863	1628707.8655833346	1689.0324494248136	8.022712637525046	2852830.615209985	64.36391806430409	1279.052740524638	5.006574731629826	1635975.913043587	25.06579054339426	1392.6371010358944	986.5471880258608	1.283631	34.809925	0.4216203805004402	0.206128689958371	-0.0597757905	-0.0047350734	-0.1649426152	0.0032099515	0.0626902869	0.1438026898	0.0729532075	-0.0629064597	0.091636856	-0.0540427575	-0.0241961413	0.0296352245	0.1131107383	0.132994044	0.0215436618	-0.0996948649	0.0491126076	-0.0377286568	0.0547344502	0.0271177989	0.0448945138	-0.2289270069	-0.0267617635	0.0345000141	-0.1491795809	-0.162900392	0.0526505478	-0.0791541727	-0.047445943	0.0326569548	-0.1137921507	0.1759290353	-0.1273214169	-0.0187228687	0.0032004296	9.46032e-05	0.1432638207	-0.0508277068	0.1191027337	-0.1292571434	-0.1049148567	-0.0288461782	0.1505259645	0.0124166888	0.0045169217	0.0303910528	-0.0365673676	0.0515204516	-0.1202844616	-0.0570086999	0.053810193	-0.0610091039	-0.0769215141	-0.0799667784	-0.0604522588	-0.1895397987	-0.0360628253	0.0921178109	0.0314734351	-0.1121185788	-0.0311549304	0.1690437556	-0.108003449	0.0035442955	0.1308830551	-0.188231477	-0.054589522	-0.1257163896	-0.0306579481	0.0196267592	0.24013836	0.0901621419	-0.0474010431	0.0139519410203945	0.0343713123952795	0.0001946566582365	0.0011813871157738	0.0047462193377612	0.014781456816209	0.0002184914656094	2.252659800213837e-05	-0.0949014236105796	0.1746845638661867	0.0305146968531198	0.0090062802033146	-0.00024123588905	0.001265702449858	5.8194754165743913e-08	1.6020026915767958e-06	0.0017639716278552	0.0016113599247023	2.5964808069366017e-06	3.111595903878124e-06	0.0002667129014596	0.0010785985738949	7.11357718049983e-08	1.163374883608112e-06	0.0	0.0	0.0	0.0	0.0	0.0
1277.2137422970068	1.0053480355779811	1.0107246726405057	1631274.943512325	1691.5036474105416	2.47119798572794	2861184.589203166	6.106819484665829	1277.5458766062854	-1.5068639183525647	1632123.4668337223	2.2706388684328447	1391.724773531182	994.1143142952408	1.100897	29.854504	0.2546102376443678	0.1390224305902022	-0.1107241356	-0.0892172497	-0.1230265174	-0.0163543102	0.0100257666	0.0407283781	0.0699909119	-0.1516950095	0.0941875772	0.1416660149	-0.0325853969	-0.0898411541	0.1698879072	0.1166964581	-0.0411228397	0.0772260332	0.0685797081	0.1287392557	0.0706064116	0.1096322343	0.0390553575	-0.1538425024	-0.1324562593	0.0291322703	0.254490143	0.0323870616	-0.0327220122	0.1315262067	0.0887701116	0.0552108221	-0.0113433095	0.0806105967	-0.1632082832	-0.0615139608	0.0121990899	-0.0402672468	0.0257208453	0.0687943048	-0.1762969629	0.0351338379	-0.0564928237	0.0147026842	-0.0617458852	-0.1178380574	0.179150532	-0.0338326333	-0.0639867578	0.1043553489	-0.1041226329	-0.0430368526	0.1460123746	-0.0601130553	-0.004889954	0.0995281888	-0.184313226	-0.145933734	0.0212971545	-0.0114352528	0.0114686395	-0.0378225525	0.0282839299	-0.0044799744	-0.0363536379	-0.0864686183	-0.0999935837	-0.0380756244	-0.0025629371	-0.1075511075	-0.0911532545	-0.0608958369	0.0204560431	0.0855149763	-0.0580456054	-0.0189614644495321	-0.0329134054699266	0.0003595371340708	0.0010832922596277	0.0237019176772861	0.0189556983395249	0.000359318499539	0.0005617809015808	-0.2161485869120909	-0.1212471633015113	0.0147008746086633	0.0467202116240937	-0.0003151902904421	-7.395440139210002e-05	9.934491918897537e-08	5.469253485263846e-09	0.0010600923480641	-0.000703879279791	4.954460405192375e-07	1.123795786424057e-06	-0.0005853328280253	-0.0008520457294849	3.426145195640954e-07	7.259819251334553e-07	0.0	0.0	0.0	0.0	0.0	0.0
1275.580331457978	-1.6334108390287838	2.668030969056716	1627105.182002445	1695.2255218225882	3.721874412046645	2873789.5698386664	13.852349139047565	1279.6935261839285	2.147649577643051	1637615.520957057	4.612398708350376	1393.6918930408567	1011.1163727965236	1.019944	27.659193	0.104724016809175	0.0452527808630481	-0.0576863735	-0.1188518981	0.0131252003	-0.0565002798	0.1717756978	-0.0943969754	-0.092257262	-0.0576021643	0.1928853526	0.0687969363	-0.1091888781	0.0239516689	0.1491137836	0.1094840611	-0.0789647667	0.0838655982	0.0438897946	0.0741714839	0.0765958807	0.1126227234	0.005186744	0.0972058692	-0.0512796683	-0.2561038497	0.0153071199	-0.1072947392	0.0712293957	-0.0448708094	0.0226686986	0.0517625985	0.0214092112	0.0164663422	-0.1464942975	-0.049577799	-0.0215222144	-0.1319067478	-0.1329429966	-0.0338499756	-0.2313668617	0.0440806547	-0.0108173594	-0.0909091569	0.071112528	-0.0881965875	0.0875168812	-0.083009021	-0.1127590769	0.1058019333	-0.0946204448	-0.0518128981	0.175026433	-0.0317043748	-0.0027365922	0.1649481357	-0.145049208	-0.1590723789	-0.0171294058	-0.0727888267	0.0036655975	0.0129003211	0.0312751009	-0.046195555	0.0263049497	0.0609958702	-0.1090753647	0.0694699169	-0.0359171028	0.0228330956	0.0275905248	0.0422901429	-0.1258247633	0.0807510076	-0.0683731426	-0.04082155279103	-0.0218600883414979	0.0016663991722708	0.000477863462298	0.0350684193828527	0.0113665017055665	0.0001291973610226	0.0012297940380116	-0.2041623763111104	0.0119862106009805	0.000143669244571	0.0416822759009994	0.0001112018082915	0.0004263920987336	1.2365842167299518e-08	1.818102218624441e-07	0.0005069558618977	-0.0005531364861664	3.05959972328512e-07	2.570042459124399e-07	-0.0007960285663479	-0.0002106957383226	6.336614784418929e-07	4.4392694147305535e-08	0.0	0.0	0.0	0.0	0.0	0.0
1271.4953329137566	-4.084998544221435	16.687213106291242	1616700.3816214646	1688.68281023218	-6.542711590408317	2851649.6335736527	42.807074955263325	1277.2458777439683	-2.447648439960176	1631357.03221396	5.990982885639482	1391.9491861032884	986.728237148947	1.055447	28.621967	0.1785876661661334	0.0971274342251676	-0.0042756305	-0.0486553364	-0.0303053697	-0.0676345329	0.0750752853	0.0055142924	-0.0084296639	0.0851989508	0.1138380316	-0.0377201264	-0.1873480749	0.1032503642	0.1112954869	0.0877085297	-0.0031195453	0.1507712753	0.1362263014	-0.0037990338	-0.0001380884	-0.0109581803	0.125188224	0.0410258889	0.1705708837	-0.2783564386	0.0306922118	-0.2045253453	-0.0040755075	-0.056751106	0.0086067055	-0.0217541463	0.058604663	0.0363259599	-0.105564455	0.0925452726	-0.1214665942	-0.1420715342	-0.0489016898	-0.0768835933	-0.0537557901	-0.0715692699	-0.1295260007	-0.0253420321	0.116364841	-0.13166442	0.0976120977	0.074659358	-0.1597552167	0.0714505592	-0.1149111025	-0.0589969469	0.1762162641	0.0002406479	-0.0301875876	0.1376742181	-0.0583875562	-0.1539245478	-0.0315817796	-0.1241370688	0.018235	-0.0507707493	-0.0410647557	0.0801779186	0.0408303075	0.1421745144	0.0227594514	0.0710688289	-0.0515566241	0.0841615227	-0.0340723833	0.0369875078	0.1758827129	0.0758767427	-0.0783272495	-0.053581751131162	-0.012760198340132	0.0028710040542817	0.0001628226616795	0.0148129954667268	-0.0202554239161259	0.0004102821980219	0.0002194248346972	-0.1112979569699348	0.0928644193411755	0.0086238003795737	0.0123872352256814	0.000653237548872	0.0005420357405805	4.267192952562986e-07	2.9380274406665106e-07	0.0008093085289819	0.0003023526670841	9.141713529292905e-08	6.549802950828468e-07	-0.0005862644826386	0.0002097640837093	3.4370604360350525e-07	4.4000970814402216e-08	0.0	0.0	0.0	0.0	0.0	0.0
1274.5356684269184	3.0403355131618355	9.243640032593042	1624441.1700924516	1685.1698983568665	-3.5129118753134208	2839797.586328092	12.340549843718057	1276.4553537825193	-0.7905239614490256	1629338.2702000565	0.6249281336250605	1393.0857040405274	975.0459228641732	1.001453	27.15774	0.1122842041629452	0.0878836468296456	-0.0304610277	-0.0642945562	-0.1671098478	0.0197593201	-0.0134391301	0.0262747552	0.1306368007	-0.0769392744	0.0762178349	-0.0646789013	-0.0880642003	0.037557986	0.145479525	0.0855943562	0.0263284618	0.1670748376	0.0477145803	-0.0122158151	0.1226021122	-0.0105721944	0.1530275978	-0.133627623	-0.0445634085	-0.0855804783	0.0582560101	-0.102489934	-0.0635248124	0.1384716854	-0.0049191326	-0.0030526516	-0.001250504	0.0518850673	-0.1492752995	-0.0046452339	-0.0801623615	0.0068088855	0.0589539186	0.0809249517	-0.0233708806	0.0009844405	-0.2171486928	0.037614148	0.0502332184	-0.21475254	0.1509805268	-0.0680612667	-0.1254027106	0.1069468365	-0.0913622599	-0.042885415	0.2257829324	-0.0005113612	-0.0109928257	0.1679746245	-0.1838875486	-0.1850614875	-0.0241452697	-0.0572495755	-0.0375568186	-0.0865459842	-0.0847978483	0.0309563705	0.0869834484	-0.0486912961	-0.0154150512	0.0479139026	-0.0207186609	-0.0510867603	-0.2060472108	-0.0359292366	0.0942394805	0.0708988393	-0.0878535601	-0.0556775583127233	-0.0020958071815612	0.0030999904996667	4.392407742283915e-06	0.0147357198905098	-7.727557621700111e-05	5.971514679669548e-09	0.0002171414406915	-0.1970842624398017	-0.0857863054698669	0.0073592902061693	0.0388422065014406	0.0005853601624614	-6.787738641060006e-05	3.4264651979683654e-07	4.607339585933915e-09	0.0012278325327383	0.0004185240037564	1.7516234172028713e-07	1.5075727284505484e-06	-0.0005863594111776	-9.492853900009997e-08	3.438173590765419e-07	9.0114275166935e-15	0.0	0.0	0.0	0.0	0.0	0.0
1278.5905825876887	4.054914160770295	16.442328851215464	1634793.877881925	1702.9936911206726	17.82379276380607	2900187.5119968127	317.6875884871056	1281.8531594072242	5.397805624704915	1643147.5222822826	29.13630556209602	1397.551562748399	1017.404250991443	1.08806	29.506359	0.2811988811841249	0.2047525071417119	-0.1251251544	-0.0496504956	-0.0296930871	-0.0786679037	0.121598451	0.052044087	-0.0750837675	-0.0319065692	0.1769085222	0.0745352774	-0.0573970501	0.0814075085	0.0906705185	0.1634486581	-0.0324596909	-0.0382110422	0.065714815	0.0491240642	-0.0618677058	0.0265974436	0.1203732617	-0.0319132379	0.0635439154	-0.1573348759	0.0386261468	-0.2349904833	0.0310515106	-0.0854095741	-0.0272847453	0.029448139	-0.0425610396	0.1358919095	-0.0990505303	0.0298577814	0.0159174257	-0.1292236351	-0.0940512461	-0.1187929302	-0.1160762172	-0.008265092	0.0095090298	-0.0132591367	0.1066160708	-0.0689748689	0.1807515858	0.0601470157	-0.0433422178	0.0361894347	-0.1541905268	-0.0313191593	0.2421878516	0.0250133126	-0.0252663807	0.0724968615	-0.1605103273	-0.0977671051	-0.019918513	-0.1247719298	0.0349861896	-0.0051522639	0.0030346086	0.009105989	0.0821402474	0.1039626491	0.0101320634	0.0725081137	-0.078112923	0.0831827681	-0.0300983767	0.106410185	-0.0584173322	0.0658240966	-0.096900045	-0.0663496448917726	-0.0106720865790492	0.0044022753772643	0.0001138934319507	0.0150130375888153	0.0002773176983055	7.690510579346094e-08	0.0002253912976431	0.0083490951043785	0.2054333575441802	0.0422028643918749	6.970738906195704e-05	0.0014501177740166	0.0008647576115552	2.102841558518859e-06	7.478057267426543e-07	0.0012978137431829	6.998121044460011e-05	4.897369815291407e-09	1.6843205119944104e-06	-0.0009479429764296	-0.0003615835652519	8.985958865622091e-07	1.3074267466034726e-07	0.0	0.0	0.0	0.0	0.0	0.0
1273.222983481658	-5.367599106030639	28.811120163060917	1621096.7656659344	1697.6343576973732	-5.359333423299404	2881962.412434573	28.722454742094108	1278.6346410948324	-3.2185183123917795	1634906.5454077108	10.358860127201227	1397.05791909861	1006.6151109049144	1.121014	30.400032	0.2792174577653359	0.1629625752060892	-0.0771522865	0.0428017521	0.0309885918	-0.1341563549	0.0822802339	0.0215994449	-0.1400833595	0.0263759445	0.0356976554	-0.0485828628	-0.0828882111	0.0651826555	-0.0128557031	0.1144335424	0.0624694675	-0.1006576917	0.2291533325	0.0080312342	-0.1435090205	0.0912088667	0.0603847225	0.177493218	0.0408603954	-0.107997211	0.059062015	-0.0519876589	-0.1047744537	-0.0377509134	-0.1139682712	-0.0895179667	0.0081399915	0.0469397178	0.018829961	0.0714775142	-0.1685270214	-0.0509797803	-0.1420235556	-0.2094163782	-0.0277312066	-0.0960790005	-0.0270374309	0.0421732084	-0.0023198473	0.017768185	0.063316503	0.0198055663	0.0207663311	-0.0221254099	-0.1442129198	-0.0114681601	0.1834115209	0.0878838323	-0.0178500297	-0.0516885283	0.001607782	-0.0184766562	-0.0622443031	-0.1235060075	0.1628344885	-0.039644532	-0.0775057112	0.0527967364	0.1288329112	0.1772047674	0.0314130374	0.1116207283	0.0100798816	0.045620992	0.0670390318	0.0617426202	0.0694717718	0.0606594461	-0.1054172954	-0.0227728856144153	0.0435767592773572	0.0005186043192072	0.0018989339491167	-0.0178992905024273	-0.0329123280912426	0.0010832213403855	0.0003203846004902	0.1597961514621246	0.1514470563577461	0.0229362108794263	0.0255348100221062	0.0016030345719173	0.0001529167979006	2.569719838762081e-06	2.3383547080203482e-08	0.0018110322953277	0.0005132185521447	2.633932822656047e-07	3.2798379747199177e-06	-0.0005884520456953	0.0003594909307342	3.4627581008298344e-07	1.2923372928021324e-07	0.0	0.0	0.0	0.0	0.0	0.0
1271.2489629767483	-1.9740205049097312	3.8967569538040703	1616073.925869458	1706.2308742978155	8.596516600442328	2911223.796407088	73.90009766168052	1277.0942599587236	-1.5403811361088628	1630969.7488195198	2.372774044480031	1395.891071976063	994.7114008501542	1.193984	32.378857	0.4989175891252223	0.25167177400466	-0.0358587669	0.0970563469	-0.0622571951	-0.2464176059	0.0119938792	0.0833876822	-0.0885034437	0.0277736516	-0.0270227589	-0.1038852512	0.1351296956	-0.0253393446	-0.0508126366	0.0337365767	0.1024789448	-0.2528782423	0.1504983172	-0.0064572414	-0.0206143563	0.0281514077	-0.0851368117	0.0223921887	0.1481822836	-0.0022376568	-0.0628016646	0.106935112	-0.0892516008	0.1001626968	0.0717530336	-0.0385036733	0.0876064325	0.0950082228	0.0752359558	0.0903720916	-0.0691831032	0.1030624133	0.0057113273	-0.2301118132	0.1341735485	-0.1335078587	-0.056619252	0.090296081	-0.1341053678	0.1316039666	-0.0097859073	-0.0747280135	-0.0232226222	-0.1005011999	-0.1718879206	0.1721016529	0.1346456658	0.1460018669	0.0568709286	-0.1218405981	0.1088361109	0.1703445945	-0.0492683279	-0.0490511088	-0.0612894142	0.0215603655	-0.002899805	-0.0911097485	0.1193225551	-0.1159147317	0.0710599502	0.0380142413	0.1360581274	0.1989821709	-0.0191847519	0.0573390501	0.0089111461	0.0554119421	-0.1133587932	-0.1013101034143915	-0.0785372177999762	0.0102637370538347	0.0061680945797608	-0.0459591292541858	-0.0280598387517585	0.0007873545507746	0.0021122415618029	0.3412535425706622	0.1814573911085376	0.0329267847879167	0.1164539803170267	-0.0004110769520462	-0.0020141115239635	1.689842605035938e-07	4.056645230962573e-06	0.0005523155020374	-0.0012587167932903	1.5843679657110155e-06	3.050524137908252e-07	-0.0015328865577405	-0.0009444345120452	2.3497411989015195e-06	8.91956547542055e-07	0.0	0.0	0.0	0.0	0.0	0.0
1269.613713914642	-1.635249062106368	2.6740394951197564	1611918.9825601303	1700.2832508612116	-5.947623436603863	2890963.13315917	35.37422454363954	1276.9796028809824	-0.1146570777411852	1630676.9061740714	0.0131462454761482	1392.7595681833666	994.3483739364244	0.894001	24.243818	0.1151125255284383	0.0636914793593315	-0.0263467068	0.1205647285	0.0127959509	-0.3017972868	-0.0066773863	0.0785992528	-0.06462708	-0.0378130876	-0.0783267073	-0.0620356766	0.0323591424	-0.1640112984	-0.0836817793	0.0330002184	0.107483763	-0.1469673817	0.1767401842	0.0828948364	0.11446603	0.1246730035	-0.0744893884	-0.0136825034	0.0653777204	-0.0762677938	0.0179167574	0.2336690143	-0.022495313	0.130245131	-0.034835472	0.0403823215	-0.126569819	0.0702015713	0.095541721	0.0269255013	-0.072969383	0.1526727782	0.0672609264	-0.2273792624	-0.0414123409	0.0258956527	0.003838689	0.0032933873	-0.3478619796	0.0917352842	0.0475648738	-0.1014546512	-0.1138863389	-0.1142197674	-0.1527623392	0.1727805543	0.145762596	0.1728381962	0.0769619034	-0.1339468495	0.1530854941	0.166602741	-0.0884745439	-0.0457600749	-0.0120458416	0.0381544293	-0.0636885611	-0.1181782322	0.1495309115	-0.0730439471	0.0212259982	-0.0262779005	0.0593365436	0.0523410754	-0.0665978181	-0.0952256042	-0.0140368889	0.0500887521	-0.1206811645	-0.0989583740057753	0.0023517294086162	0.0097927597858669	5.530631211350335e-06	-0.0450742083083213	0.0008849209458645	7.830850804297252e-07	0.0020316842546219	0.3789049189567848	0.0376513763861225	0.0014176261437694	0.1435689376096476	0.0006580661847513	0.0010691431367975	4.330511035131321e-07	1.1430670469611978e-06	0.0008180456495097	0.0002657301474723	7.061251127565034e-08	6.691986846817469e-07	-0.0013832698662536	0.0001496166914869	1.9134355228852524e-06	2.2385154371486232e-08	0.0	0.0	0.0	0.0	0.0	0.0
1266.013877911644	-3.5998360029980176	12.958819248480744	1602791.139064879	1696.3636996767937	-3.919551184417969	2877649.801581139	15.362881487272304	1274.6242186885036	-2.355384192478823	1624666.898867278	5.547834694179117	1390.9823064050008	968.9926827675056	0.826242	22.406298	0.0808631971802315	0.0385396391925873	0.0365592015	0.1335677237	-0.0390332021	-0.3085651509	-0.0722883173	0.0624610822	-0.0383724504	-0.0060863017	-0.1032935328	-0.100694344	0.0093185629	-0.1258668754	-0.14886124	-0.0248031938	0.0899213859	-0.1586599402	0.2093015937	0.1229946655	-0.0754183501	0.1559705341	-0.153822975	-0.0399279671	0.0090917021	0.0391408652	-0.059034227	0.2108269946	0.0296372607	0.1912495806	-0.159013843	-0.0816630814	0.1294300581	0.0466856959	0.1276667115	0.0448998547	-0.0829133911	0.1546191461	0.1045239811	-0.2181492992	-0.1287649002	0.0340805535	0.0606416173	0.0311062205	-0.2502925555	0.1390710432	-0.0568289569	-0.1292565225	-0.0363166396	-0.1125063918	-0.1415231385	0.1789997673	0.1418569487	0.1895401625	0.0692595705	-0.1423929106	0.1740142719	0.1328277031	-0.0766633813	-0.0401370237	-0.0157543675	0.0196742438	-0.0904449035	-0.12840259	0.0792261309	-0.0174386954	-0.0689204596	-0.0208058142	0.0404664345	-0.0824393091	-0.1204147344	-0.0962195117	-0.067375781	0.0446971468	-0.1273444172	-0.0735022820640267	0.0254560919417485	0.0054025854686197	0.0006480126169467	-0.03995308792922	0.0051211203791012	2.622587393724663e-05	0.0015962492350799	0.3882983606576715	0.0093934417008866	8.823674698795692e-05	0.1507756168894351	0.0002912553716998	-0.0003668108130515	8.482969154398866e-08	1.3455017257150249e-07	0.0008272348381737	9.189188663999946e-06	8.444118830258512e-11	6.843174774882676e-07	-0.001825120727708	-0.0004418508614543	3.331065670709379e-06	1.952321837679953e-07	0.0	0.0	0.0	0.0	0.0	0.0
1272.5803294755676	6.5664515639236924	43.11828614135591	1619460.6949681442	1690.2039115975756	-6.15978807921806	2856789.2627797453	37.94298918087692	1279.0640022028003	4.439783514296778	1636004.7217310453	19.711677653821447	1393.4923331327216	965.1419742899492	1.119582	30.361202	0.2167076225544369	0.1078118142031215	-0.0116079427	0.0560208307	-0.2051233871	-0.1573024098	-0.0861475397	0.2064328422	0.1543537322	0.0265549569	-0.1312702787	-0.0173856665	-0.1361937252	0.086749831	-0.0669632455	0.0313517237	0.0051406713	-0.2169000246	0.0694677433	0.1124513084	-0.0359409447	0.1904494808	-0.0332233311	-0.0822670892	0.0560427608	0.0448126286	0.0067169149	0.063313776	-0.0614041004	0.110534005	-0.1432430179	0.184635793	-0.0385297652	0.1118273016	0.045992323	0.0581887526	0.0575343627	0.0927432031	0.2153764715	-0.2300901802	-0.1274665055	0.1230295859	-0.0036909912	-0.0368726097	-0.042584172	0.2414442141	-0.1813124106	-0.014161161	0.0532352732	-0.0514999177	-0.134139507	0.1657610899	0.1126679201	0.1185061069	0.0150595315	-0.1785198265	0.1238161654	0.0584029357	-0.045332936	0.073581116	-0.0740197818	0.0071148261	0.0093562135	0.1205243315	0.0408626436	0.0774297647	0.0121731016	0.0447585699	0.0272163497	-0.3940183567	0.1234311053	-0.0568496035	-0.005984009	0.0392444906	-0.1333121588	-0.0460109651254327	0.027491316938594	0.0021170089117737	0.0007557725070182	-0.0413343925538214	-0.0013813046246014	1.9080024659452288e-06	0.0017085320077934	0.2999548812257799	-0.0883434794318915	0.007804570358133	0.0899729307711717	-0.0007238808001032	-0.001015136171803	5.24003412758049e-07	1.03050144730285e-06	0.0011019078915044	0.0002746730533307	7.544528622600965e-08	1.2142010013596727e-06	-0.0011250995216547	0.0007000212060533	1.2658489336276346e-06	4.900296889243166e-07	0.0	0.0	0.0	0.0	0.0	0.0
1278.4296231165545	5.849293640986844	34.214236098489124	1634382.3012619354	1697.965321812061	7.761410214485295	2883086.234076336	60.23948851751668	1282.7207022025543	3.6566999997539824	1645372.399859014	13.371454888200777	1397.6584139092024	984.3711135738153	1.378699	37.388012	0.2771197676302825	0.1640086872099365	-0.1584590217	0.0024390346	-0.1442734526	0.0231651711	-0.1604609455	0.1416232857	0.0530759519	-0.0397168708	-0.0710765812	0.2573556029	0.1192024813	0.0650847199	-0.045517736	0.0579844503	0.0432465543	-0.1309686988	-0.2638460796	0.0995446327	-0.2721667494	0.1926528341	0.2846790337	-0.0477790616	-0.0176441238	-0.0306990984	-0.1810807935	0.0587555647	0.2883382263	0.0058014329	0.038268274	-0.1862464198	0.022518404	0.0897696109	0.051015723	0.0113872005	0.2053396787	0.0879986793	0.0532326327	0.0086038938	-0.0782578222	0.0400942953	0.1662501348	0.239988285	-0.0253757463	0.1529947289	0.2707315621	0.0230418721	0.2646491698	-0.0322792995	-0.0521030519	0.1241107278	0.0487922104	-0.0084100364	0.0330459491	-0.1157121125	-0.162615197	0.2100006497	0.1196792627	0.2496977044	-0.0999079756	0.1379859074	0.0718901987	0.1404337835	-0.2893599078	0.0632462328	-0.3097448235	-0.0795350819	-0.2405704345	-0.1699804141	-0.0782470881	0.2609002484	-0.0103348303	0.0337382312	-0.1385517956	-0.0375943922679766	0.0084165728574561	0.0014133383299984	7.08386986648668e-05	-0.0461116362353948	-0.0047772436815733	2.282205719313293e-05	0.0021262829963053	0.2567837469178968	-0.0431711343078831	0.0018637468374292	0.0659378926811944	-0.0033453987326393	-0.0026215179325361	1.1191692680344634e-05	6.872356270608347e-06	-0.0006886148361209	-0.0017905227276253	3.205971638142744e-06	4.7419039252581405e-07	-0.0011281551971607	-3.0556755059999493e-06	1.2727341488806975e-06	9.337152797968048e-12	0.0	0.0	0.0	0.0	0.0	0.0
1277.999234045021	-0.4303890715334546	0.1852347528954291	1633282.0422196605	1713.2143789868835	15.24905717482261	2935103.5083674127	232.53374472100893	1283.7224639200745	1.0017617175201394	1647943.3643730269	1.0035265386888996	1397.0543829984442	1010.450767340542	1.355239	36.75182	0.4551594496765954	0.3310568435439042	-0.1985897464	0.1131956357	-0.0068337838	-0.0374538396	-0.1876290268	0.1759792508	-0.225130548	0.0644209203	-0.0856084854	0.007561417	-0.0361618451	0.1876755754	-0.1201996846	0.1839460767	-0.1107445374	-0.0318033208	-0.0165640985	0.1372076699	0.0008182071	0.1712410581	-0.1552024636	0.2114103389	-0.0969983285	0.0028992978	-0.0107097981	0.0482827564	-0.0205840998	-0.1649283914	-0.1944226001	0.1348380773	0.0437134147	0.1745473661	0.1818540382	-0.0559463784	0.1234075562	-0.0717457408	-0.112527282	-0.0317650046	-0.1270817131	-0.0625312599	-0.2408195926	0.0373429356	0.0845197827	0.2656986386	-0.1335997188	-0.0061176588	-0.1788930606	-0.20350628	-0.0099454564	0.1097321143	0.0245139075	-0.1011140223	0.046273903	-0.0137873074	-0.1886125101	0.0321073602	-0.0433546324	0.2122704802	-0.0770669826	0.3210921086	0.032429907	0.0279406672	-0.2138274712	0.2365786255	-0.0291990905	-0.1081947216	-0.0360529769	0.2093389332	-0.0513297598	-0.3462050079	0.1337772859	0.0281858894	-0.1430347106	-0.0591329477021815	-0.0215385554342049	0.0034967055039489	0.0004639093701923	-0.0446864861244051	0.0014251501109896	2.0310528388539445e-06	0.0019968820421466	0.5747461632528825	0.3179624163349857	0.1011000982015828	0.3303331521739091	-0.0034772959246876	-0.0001318971920483	1.209158694784899e-05	1.7396869270226183e-08	-0.002374360462253	-0.0016857456261321	2.841738316023505e-06	5.63758760471028e-06	-0.0006611314594128	0.0004670237377478	4.370948066252989e-07	2.1811117162001922e-07	0.0	0.0	0.0	0.0	0.0	0.0
1277.9640165978967	-0.035217447124296	0.0012402685819525	1633192.0277190292	1705.7314373331333	-7.482941653750231	2909519.736306557	55.99441579343024	1281.7910254644207	-1.9314384556537332	1642988.2329611313	3.730454507978079	1401.2264783814896	1008.675848212124	1.244959	33.761219	0.2489455610631133	0.1152526487448097	-0.1364307272	0.131588293	0.0668344782	0.1708913552	-0.0679253838	0.1115074497	-0.097536781	-0.0156390898	-0.1210779279	0.0509795861	0.0936595178	0.0680805114	-0.1491105702	0.1357646474	-0.1851708879	-0.037387892	-0.1505527671	-0.0203451576	0.0268956368	0.0876371591	-0.0074011896	0.0359128409	0.0369503119	0.0205529387	0.0185447468	-0.048798526	0.1058703113	0.0278380878	0.0674276586	-0.0947918054	-0.0492327256	0.0898711734	0.1565204398	-0.1115521042	0.0620656362	-0.1841479561	0.0206281807	0.124104396	0.0253591675	0.0797433188	0.0163687787	-0.0169751971	0.0054959556	0.1174615611	0.1443409706	0.0487554204	0.0730845276	-0.2041416943	0.0604702904	-0.1035171467	0.0245190064	-0.1458587561	-0.000558562	-0.0411653638	-0.0767259219	0.0227812568	-0.1179832182	0.092778383	-0.1565888167	0.0250899605	0.0195147514	-0.0568824161	-0.0843241416	0.0655952076	0.0194068076	0.031325434	-0.1441326414	0.1817760508	0.0124006766	0.0123273943	-0.1213579948	0.022595049	-0.1467364196	-0.0121387671158998	0.0469941805862817	0.000147349667094	0.002208453008976	-0.0715220064948169	-0.0268355203704117	0.0007201451535507	0.0051153974130446	0.5470814569244027	-0.0276647063284798	0.000765335976241	0.299298120510527	-0.002082795822085	0.0013945001026026	4.338038436494732e-06	1.9446305361586618e-06	-0.0034378324018469	-0.0010634719395939	1.1309725663036116e-06	1.1818691623188426e-05	-0.0001700804260505	0.0004910510333623	2.89273513255196e-08	2.411311173661828e-07	0.0	0.0	0.0	0.0	0.0	0.0
1278.4200512195807	0.4560346216840116	0.2079675761744796	1634357.8273602754	1703.7144670398957	-2.0169702932375912	2902642.985201036	4.068169163802935	1278.1889932858253	-3.602032178595437	1633767.1025570314	12.974635815636988	1398.2958442687989	1012.2634411267998	0.95399	25.870607	0.2980840476554147	0.1483968212304923	-0.1524405939	0.1252522359	0.0984763843	0.1994252887	-0.0580036124	0.0742927607	-0.095644878	-0.079634026	-0.1329253131	-0.0037192007	0.1210348418	0.007579634	-0.1125356641	0.0344187636	-0.1160030117	0.0181440472	-0.1257875451	-0.063589795	0.2072369735	-0.0776811251	-0.2206164701	-0.1049830962	0.0017338529	0.1337977483	0.0056477016	-0.0727212201	0.0737214875	0.046733724	0.0309621793	-0.0783886698	0.0882553168	0.040002852	0.1389893694	-0.1664003496	0.0209250813	-0.0798187369	0.0327660107	0.1053172797	0.1021304554	-0.0021590219	0.0670485632	-0.1049617288	-0.0908763407	0.027033517	0.0447142123	-0.0794024626	-0.0377657176	-0.1743037876	0.091813648	-0.1431132486	-0.0297074211	-0.0760573605	-0.0070876187	-0.039431143	-0.0923483405	-0.034299488	-0.0346415235	0.0385075004	-0.0735670867	0.0747262121	0.0301476456	-0.1100512321	0.0887251889	-0.054535017	0.1329111704	-0.1096055864	-0.1355949077	0.0908367149	-0.097472264	0.0295035064	-0.1393654069	0.0169733466	-0.1496367051	0.0311440822137996	0.0432828493296994	0.0009699538569399	0.0018734050460974	-0.0267828934798757	0.0447391130149412	0.0020015882333636	0.0007173233831543	0.5021238595719808	-0.0449575973524218	0.0020211855597024	0.2521283703514623	1.0008442200744408e-05	0.0020928042642857	1.0016891528564157e-10	4.379829688612596e-06	-0.0042370156518769	-0.0007991832500299	6.386938671285133e-07	1.795230163424983e-05	0.0002400218188008	0.0004101022448513	5.761047350044407e-08	1.6818385123207565e-07	0.0	0.0	0.0	0.0	0.0	0.0
1271.9076546975834	-6.512396521997289	42.41130845972239	1617749.0820783072	1712.117843207963	8.403376168067325	2931347.509031087	70.61673102204188	1279.3062296754467	1.1172363896214392	1636624.4292864068	1.2482171502943484	1399.5952627492509	1009.7993307980624	1.031288	27.966808	0.1137323167943839	0.0643935851476095	-0.0679612936	0.0964856038	0.2334863224	0.1153109197	0.0392615843	-0.0126668289	-0.1628637407	0.0273489833	-0.0408731285	0.0289883979	0.0260881254	-0.1935662049	-0.13723033	0.0594252266	-0.1048738425	0.0806397454	-0.1387764163	-0.023868814	-0.0213422039	-0.143040029	-0.0697919964	0.0747822392	0.0810900676	-0.0735244754	0.0601944618	0.0280183523	0.0607135589	-0.0143243943	0.2263041643	-0.0034959468	-0.0434680078	0.0162671872	0.1381270415	-0.043910631	-0.0567901646	-0.1283553948	-0.0742397527	0.0793486754	-0.0010034518	0.0358974652	0.2217802067	-0.1196820688	-0.0041557701	-0.0415669562	0.0666692686	0.0071685628	0.0302166874	-0.159548086	0.0981148064	-0.1272858832	-0.0584321541	-0.0460133287	0.0028660315	0.0020999803	-0.0402452802	-0.0466298764	-0.0581651769	-0.0042348978	0.0600542066	0.0712042825	0.1111652646	-0.1977448833	0.0801564431	-0.005967098	-0.0450657578	0.033980024	-0.0143708475	0.1087108059	-0.0110750192	0.0901264315	-0.0490638592	0.0113284606	-0.1517197269	0.0544968622748456	0.0233527800610459	0.0029699079978034	0.0005453523365795	-0.0277399669002136	-0.0009570734203378	9.15989531917285e-07	0.0007695057636249	0.474703118645948	-0.0274207409260328	0.0007518970329326	0.2253430508521889	-0.0010929920124277	-0.0011030004546284	1.1946315392307535e-06	1.2166100029105551e-06	-0.0043691406599113	-0.0001321250080343	1.7457017748090222e-08	1.9089390106090148e-05	0.0002351128337243	-4.9089850765e-06	5.5278044581870336e-08	2.4098134481299707e-11	0.0	0.0	0.0	0.0	0.0	0.0
1264.0603540269526	-7.84730067063083	61.58012781528307	1597848.578622745	1697.3746143306066	-14.743228877356389	2881080.581373976	217.3627977301153	1274.3744915786858	-4.93173809676091	1624030.344786434	24.32204065504292	1394.8036363113758	981.956249155092	1.086122	29.453812	0.1774521694955165	0.0863394445355844	0.0742316844	0.1660068089	0.2068331028	0.0704089357	0.0266804631	-0.0052483265	-0.0850269158	0.1241716986	-0.0993941146	-0.0787333771	-0.0851644818	-0.1165845049	-0.1766117571	0.0384757879	-0.077050646	0.0884972412	0.1058586753	-0.2120367727	-0.0526719579	-0.032396365	0.0207364846	-0.003941321	-0.0390991883	0.0420340778	0.1276439687	0.0188713017	-0.0082956387	0.0918268005	0.0495590613	0.0528626608	-0.0463458339	-0.0371945131	0.1557108707	0.0136976214	-0.1818141775	-0.1128312859	-0.0230880764	0.0262738098	0.0641310397	0.0674438652	0.0872483703	-0.0365463648	0.0568043917	-0.0602031917	-0.0776022249	0.1578117286	-0.0157476571	-0.1665751534	0.0981768396	-0.1121719792	-0.0683324447	-0.0265618362	0.0210345032	0.029137341	0.0649380766	-0.0323727291	-0.0732721303	-0.0614734079	0.0469147584	-0.0760327186	0.0115747115	-0.0985394906	-0.0317042879	0.0461950199	-0.0493924528	0.1240107348	0.0381244359	0.0424028938	0.0440714914	-0.0296293318	0.0437189164	0.0056681013	-0.1529741081	0.0473480620110535	-0.007148800263792	0.0022418389762025	5.110534521159394e-05	-0.0647945237857783	-0.0370545568855646	0.0013730401859855	0.0041983303126257	0.5334138196367277	0.0587107009907797	0.0034469464108287	0.2845303029794435	-0.0015384298003532	-0.0004454377879254	2.366766250614787e-06	1.9841482291196266e-07	-0.0037818380106153	0.0005873026492959	3.4492440187010017e-07	1.430229873853469e-05	-0.0002229089561618	-0.000458021789886	4.9688402737143284e-08	2.0978396001046674e-07	0.0	0.0	0.0	0.0	0.0	0.0
1259.7082551933624	-4.352098833590162	18.94076425733685	1586864.8882023057	1691.8695881694828	-5.505026161123851	2862422.703372775	30.30531303465801	1274.8903350445726	0.5158434658867463	1625345.3663900625	0.2660944812980508	1396.2261992521064	942.4133453495248	1.085962	29.449488	0.1672644458660833	0.0912778557554098	0.1558661665	0.2020297005	0.0854159704	0.0407089572	-0.0364015993	-0.0152175952	0.0272522993	0.1522156013	-0.0834192945	-0.1163169116	0.1613358334	-0.095609878	-0.150346164	-0.0155084272	-0.0941859382	0.1457174864	-0.0069343652	-0.1019295757	0.1156039034	0.0076820249	0.0355447734	-0.0608324348	0.0281588152	0.1464854271	-0.0128349599	0.182941053	0.0624527222	0.0872066588	0.1457117944	-0.1787234126	-0.0110950488	-0.0679344477	0.1445408878	0.0663589525	-0.1123339472	-0.1002710118	0.0792745305	0.1908860905	0.1481559146	0.106491448	-0.0868275672	-0.0047305306	-0.0496937566	-0.0425594701	0.0299598804	0.0951232392	0.1600861961	-0.1713875786	0.103040005	-0.0985342545	-0.08504108	-0.0272134229	0.0612597237	0.067744249	0.0692041335	0.006656448	-0.0586875773	-0.0794272702	0.0009549807	-0.1832075175	-0.0138640878	-0.0838032577	-0.2207554963	-0.1398156333	0.0496299513	0.1105444936	0.080459105	0.0944961565	-0.0649820426	0.0175779582	0.1044518736	0.0	-0.1533929978	0.0485794025575216	0.001231340546468	0.0023599583528457	1.5161995413763527e-06	-0.1052679476512139	-0.0404734238654356	0.0016380980393912	0.0110813408026987	0.5968181963242074	0.0634043766874796	0.0040201149831278	0.3561919594636801	-0.0019080641331522	-0.000369634332799	3.6407087362218566e-06	1.3662953998376198e-07	-0.0046392912471981	-0.0008574532365828	7.352260529263192e-07	2.15230232763289e-05	-0.000238927482114	-1.60185259522e-05	5.70863417093358e-08	2.5659317368130486e-10	0.0	0.0	0.0	0.0	0.0	0.0
1264.9366118466137	5.22835665325124	27.335713293596505	1600064.6319899906	1684.9755407210885	-6.894047448394304	2839142.5728283245	47.52789022071201	1277.045995294297	2.1556602497244057	1630846.4740972016	4.646871112241887	1393.3635311037997	924.5934965653852	1.09709	29.751242	0.152501671949345	0.0889821691733873	0.0980970486	0.1961885292	-0.0939128716	0.1970543544	-0.1169619136	0.1344809317	0.0934984573	0.0291886496	-0.1732453432	-0.1826628593	-0.0684381424	0.0481892373	-0.194249965	0.0465873242	-0.1371328279	0.047628831	0.0517401295	-0.0376764661	0.0310575062	-0.0297565832	0.0604224118	-0.1596008365	-0.1270998786	0.1163472878	-0.1374172333	-0.1069352357	-0.0205658546	-0.0156776163	-0.004397844	0.1194716424	0.0935762491	0.0495085011	0.1688380452	-0.0208862607	-0.027053592	-0.1142018602	0.2253158832	0.1216893547	0.0190069732	-0.0317235174	-0.0778888613	-0.0427861482	0.124530441	-0.0794455992	-0.1892167411	0.046257273	0.051679486	-0.1698795088	0.0988061035	-0.1407181327	-0.0485115153	-0.0129974689	0.0436124248	-0.0229119125	0.0083369815	-0.0528024412	-0.0330848081	0.0280202468	-0.0819805317	-0.1714694673	-0.0683015396	0.001383913	-0.0658328058	-0.1028136772	0.1472457845	0.0581606536	0.0499958428	-0.0178369062	0.0420817775	-0.0643753714	-0.1156670907	-0.0056681013	-0.1529741081	0.0480525724181291	-0.0005268301393924	0.0023090497159995	2.775499957723173e-07	-0.0815775691711593	0.0236903784800546	0.0005612340325282	0.0066548997918752	0.5848987534712791	-0.0119194428529283	0.0001420731179242	0.3421065518122561	-0.0004670475990851	0.0014410165340671	2.181334598111563e-07	2.076528651454758e-06	-0.0039690080101832	0.0006702832370148	4.492796178231722e-07	1.5753024584898407e-05	-2.2926843656607865e-05	0.0002160006384573	5.256401600545402e-10	4.665627581400104e-08	0.0	0.0	0.0	0.0	0.0	0.0
1273.2686702508645	8.332058404250802	69.42319725184642	1621213.1066424046	1696.5515517488532	11.576011027764707	2878287.1677414416	134.0040313149301	1277.6817476286997	0.6357523344026959	1632470.6482235282	0.4041810306984772	1394.9447315304778	970.3840654735724	1.088589	29.52071	0.2462524502730236	0.1595501415703909	-0.0389064735	0.1096034364	0.0061159587	0.1883885457	-0.0318551544	0.0652115436	0.0090531109	-0.0730117269	-0.0909672652	0.0229504637	0.1274866971	-0.0293036256	-0.1354846416	0.020898189	-0.0816873866	0.0732284151	-0.0795611504	0.1396092102	0.0870164586	-0.1477839451	-0.0962523592	-0.1487808169	-0.0551854741	0.0005998676	-0.0079717005	-0.0131265107	0.0249672918	0.0063976114	-0.1224820589	-0.0377008585	0.2100330401	0.0373015811	0.1228476393	-0.1071383935	0.0580168924	-0.0094638681	0.0515349106	0.1979065541	-0.0044812384	-0.183019532	-0.007229641	-0.0442599777	0.0022794811	0.0071691689	0.0440630536	-0.0983788413	-0.0467356674	-0.1050513814	0.0957316219	-0.1218224713	-0.0783999439	0.010544931	0.0082051027	-0.0523581929	-0.0708418461	-0.0462032819	-0.007329894	0.0792992443	0.0660304537	-0.022200623	-0.0194174961	0.0253924701	0.0857216441	-0.097688097	0.0853715494	-0.1343573521	0.0551913343	-0.070950787	0.0085020564	-0.043792708	-0.0996449986	-0.0113284606	-0.1517197269	0.083812322779849	0.0357597503617199	0.0070245054497535	0.0012787597459325	-0.0681228302872796	0.0134547388838797	0.0001810299984333	0.0046407200063494	0.4321598657317054	-0.1527388877395736	0.023329167827922	0.1867621495492456	-0.0005907880156967	-0.0001237404166115	3.4903047949084425e-07	1.531169070321233e-08	-0.0036241241414181	0.0003448838687651	1.1894488293438278e-07	1.3134275792409482e-05	0.0003944303367237	0.0004173571803803	1.5557529052797137e-07	1.7418701601500085e-07	0.0	0.0	0.0	0.0	0.0	0.0
1268.7209708499774	-4.547699400887041	20.68156984082835	1609652.9018745094	1702.5064756060958	5.954923857242648	2898528.2994806897	35.46111814555765	1278.2289697757597	0.5472221470599834	1633869.2991739998	0.2994520782329381	1397.8156822027163	988.831267282884	0.975059	26.441982	0.1066151027933207	0.0547658538173292	0.0318299991	0.0844813581	0.1905407103	0.0581357764	0.0707206965	-0.0471196223	-0.1471887686	0.0298860905	-0.0266902372	-0.0611744164	0.0052175725	-0.1020350783	-0.0841254312	-0.0133273296	0.0358310639	0.1302973415	-0.0164549647	-0.0152195269	-0.0934366019	-0.2359498937	-0.0322027928	-0.0711597363	-0.0243657351	-0.1264415486	-0.0458744598	0.0157307829	0.0376704211	-0.0696504231	-0.1342056844	0.0251695261	0.1313879212	-0.0639818528	0.1028560857	-0.0596290926	-0.095451105	0.0143186984	-0.1350064576	0.1512329756	0.0080974815	-0.1690267318	0.1170825705	0.045230221	-0.0640530427	-0.0640282802	0.0101017275	-0.1394120697	-0.0151074066	-0.078254173	0.1117775346	-0.1219380811	-0.0903194485	0.0530129989	0.007462405	-0.0135455098	-0.0096592316	-0.0142508216	-0.0163470802	0.0178989928	0.1642581926	-0.0500372384	-0.0199003223	-0.0008540332	0.0805884866	-0.0739504248	-0.0434171699	-0.1827360723	0.0376739812	-0.0168839447	0.0562225406	-0.0134094803	0.0080853946	-0.0169733466	-0.1496367051	0.0936118636190315	0.0097995408391824	0.0087631810102281	9.60310006588056e-05	-0.0578421276975973	0.0102807025896822	0.0001056928457375	0.0033457117365851	0.3902747703585945	-0.0418850953731109	0.0017543612144145	0.1523143963784536	-0.0001980265626761	0.0003927614530205	3.921451952531136e-08	1.5426155897885297e-07	-0.0039690358733941	-0.000344911731976	1.189641028546841e-07	1.5753245764289267e-05	0.0002391082418934	-0.0001553220948303	5.71727513413527e-08	2.4124953142472703e-08	0.0	0.0	0.0	0.0	0.0	0.0
1259.9455094394912	-8.775461410486287	77.00872296693397	1587462.686756739	1696.0912206807268	-6.415254925369027	2876725.428870238	41.15549575747156	1273.8941089236166	-4.334860852143038	1622806.200750295	18.791018607442265	1394.4254735192587	954.365516889588	1.006678	27.299417	0.2434510683361603	0.1292300601128032	0.1656681882	0.1146035763	0.1329909119	-0.0147698278	-0.0113575386	-0.0847074564	-0.0042000654	0.0396421632	-0.0719143706	-0.0857394175	0.0791951349	-0.2506737089	-0.119746784	-0.0558396742	0.0651976618	0.1683774647	-0.0036185323	0.0494474986	-0.0898048367	-0.0771739906	0.0599242291	-0.0440308863	-0.1235975787	-0.1735310605	-0.1047823436	0.062560261	-0.1099162238	-0.1299463646	0.0807585359	-0.0049190091	-0.0922220646	-0.0874730637	0.124125135	0.0401730959	-0.1128882044	0.0833470827	-0.0106130707	0.1235833145	-0.0728686716	0.024804096	0.0835810624	0.1372998285	-0.0794918284	-0.1062019939	0.1052773908	-0.0186455309	0.0270527794	-0.0855921746	0.0983836999	-0.0695421042	-0.1470970738	0.0821498577	0.047581679	0.0283175318	0.0034122684	-0.0200458434	-0.0125521517	-0.0101004727	0.1723276875	-0.0766899451	-0.0736650139	-0.003927176	-0.0793435253	-0.0468830872	-0.1954012534	-0.0557265976	0.0264214924	-0.1254712033	-0.0107495907	0.056398063	0.1370647033	-0.022595049	-0.1467364196	0.099860378184104	0.0062485145650724	0.0099720951310722	3.904393426992316e-05	-0.1051505574300364	-0.0473084297324391	0.0022380875237491	0.0110566397278473	0.4663515888492782	0.0760768184906837	0.0057876823116644	0.2174838044222462	-0.0016423751761035	-0.0014443486134274	2.6973962190810028e-06	2.086142917109653e-06	-0.004275145961003	-0.0003061100876089	9.370338573592857e-08	1.8276872987880267e-05	0.0007649956518164	0.000525887409923	5.852183472979987e-07	2.765575679155215e-07	0.0	0.0	0.0	0.0	0.0	0.0
1260.033142996653	0.0876335571617801	0.0076796403408269	1587683.5214500236	1690.1535356154136	-5.93768506531319	2856618.9739532834	35.256103934843296	1271.576102230351	-2.3180066932657155	1616905.7837633318	5.373155030024657	1391.4338917931846	923.9333228749678	1.067157	28.939524	0.1190850828585515	0.0566157807039108	0.1846229883	0.0958911121	-0.0534663064	-0.0559069648	-0.1251596572	0.0181101316	0.079730412	0.0451688721	-0.0970002801	-0.071100633	-0.0131971652	-0.0490034287	-0.1835526361	-0.0431156438	0.1487646589	0.1015489213	0.0223133211	-0.0013955852	-0.0868128725	0.0465771866	0.064168555	-0.1082914961	-0.1338988798	0.0924689316	0.0632859176	-0.0819750177	0.0286398294	-0.112126354	0.1504116659	0.1894978628	-0.1887636191	-0.0520684951	0.12733737	0.0610408156	-0.1104415462	0.1394279247	0.0894023624	0.033722401	-0.120235694	0.1033434746	0.0751262276	-0.0990755199	0.2134804668	-0.0648811897	-0.145122141	0.1054668142	0.1741310759	-0.0618240954	0.0754722081	0.0406645364	-0.1727941524	0.1195514306	0.0634219259	0.0266629752	0.019560467	-0.1186770377	0.0821899555	-0.0233024451	0.0514324186	-0.0719397464	-0.0747926202	0.0483296602	-0.1591612553	0.186616185	-0.1662148717	0.0069050642	0.0297897403	-0.2167373647	0.1630546224	-0.0569696629	-0.0488120021	-0.0281858894	-0.1430347106	0.0934557322700442	-0.0064046459140598	0.0087339738941301	4.10194892844829e-05	-0.1056808996229818	-0.0005303421929453	2.812628416181347e-07	0.0111684525451227	0.4293318143044118	-0.0370197745448663	0.0013704637073527	0.1843258067739179	-0.0023672710731675	-0.000724895897064	5.603972333855607e-06	5.254740615802214e-07	-0.0046109060709587	-0.0003357601099557	1.1273485143746374e-07	2.12604547952038e-05	0.0003230452547025	-0.0004419503971138	1.0435823658580313e-07	1.953201535091339e-07	0.0	0.0	0.0	0.0	0.0	0.0
1265.742946518316	5.7098035216631615	32.60185625599704	1602105.2066608688	1672.280266858022	-17.873268757391543	2796521.2909227377	319.4537360739486	1275.1409770667703	3.564874836419449	1625984.5113947978	12.708332599336591	1389.32641457846	937.9457564803196	1.481062	40.163933	0.7444083271124761	0.4864913116952741	0.1346957177	-0.1184689689	-0.1421637296	0.0433323215	-0.1062428136	-0.1647708046	0.121643563	-0.2682000076	-0.0910339172	-0.0577785542	0.0259705267	0.0681770655	0.0769664662	-0.1977260106	0.1323097709	-0.0155487486	-0.0429168638	0.1400794543	0.0955458371	-0.0815744105	0.1108156378	0.0415266894	0.1970063808	0.1193336564	0.1361490309	0.1082765864	0.0679927676	-0.219583504	-0.0210767713	0.0459526252	0.1134388041	-0.1562506624	-0.0972885797	-0.1483172074	0.0131303133	0.1961235943	0.1373326887	0.0481321789	-0.0600304169	-0.1496992164	-0.0742691073	-0.1688989522	0.0044863473	0.0047369811	0.0034066438	0.2956842342	-0.073772961	0.16578599	0.1264353003	0.0567179105	-0.0138767576	0.0802743462	-0.0498188022	-0.0109282971	0.2282861525	-0.3139984292	0.0434740275	0.2846677718	-0.3322119507	-0.0548016687	0.1934624115	-0.0290567128	0.0241955072	0.2901722141	0.1038811884	-0.0054198756	0.3694564323	0.0330500638	-0.1744271652	0.3194579234	-0.0147947733	-0.0337382312	-0.1385517956	0.0922624344218405	-0.0011932978482036	0.0085123568054444	1.423959754527575e-06	-0.1185630210641193	-0.0128821214411374	0.0001659490528242	0.0140571899638507	-0.0404249231863431	-0.4697567374907549	0.220671392417958	0.0016341744146217	-0.0055430917171892	-0.0031758206440217	3.072586578517152e-05	1.0085836762994408e-05	-0.00259397186038	0.0020169342105787	4.068023609802726e-06	6.728690012443278e-06	0.0003418138067497	1.8768552047199956e-05	1.1683667848472125e-07	3.5225854594845347e-10	0.0	0.0	1.0	0.0	0.0	0.0
1269.9365225051636	4.193575986847463	17.586079557463677	1612738.7711925078	1690.3486617902004	18.068394932178307	2857278.598415921	326.46689542516674	1278.783156387752	3.642179320981541	1635286.3610610217	13.265470206185556	1394.650640265886	964.586970797452	1.496407	40.580074	0.5509887414700522	0.2814519357134531	0.0705519013	-0.0877064439	-0.0549289384	0.1391077819	-0.0149941387	0.024964809	0.1702538065	0.1637059579	0.0829375828	0.0758078621	0.0117798646	0.1461997004	0.0653674392	-0.0901764718	0.0091474574	-0.0053128274	-0.0386757997	-0.059128924	0.0962541781	-0.2186405196	0.1328312411	0.0301962637	0.3210274981	-0.0666795961	-0.3141887865	-0.0161895184	-0.1024843555	-0.0340892465	0.0154798239	0.1002472979	0.1512315009	-0.0329542803	-0.0478003961	0.1442130251	0.2053762316	-0.0134266783	0.0262977904	0.0419864682	0.1744049898	0.0244422146	0.0125398975	0.118366721	-0.1245009487	-0.2350691766	-0.0269873341	0.0712852247	-0.0342059412	0.0903194688	0.0787315362	-0.0073873355	-0.0467717337	-0.0433551317	-0.0405525391	-0.016201753	-0.0046214072	0.1601121706	0.2042279956	0.0320270424	0.0504379426	-0.2386855503	-0.2387021312	0.29560731	0.139726493	0.0731785788	-0.1170381618	-0.0111179048	-0.0261484568	0.2204586055	-0.0391472052	-0.0356227723	-0.1287681809	-0.0392444906	-0.1333121588	0.1166950198918357	0.0244325854699952	0.0136177276675559	0.0005969512327486	-0.1520519396019466	-0.0334889185378273	0.0011215076648332	0.023119792336714	0.2096155654471516	0.2500404886334947	0.0625202459560767	0.043938685277729	-0.0030431220334525	0.0024999696837367	9.260591710484078e-06	6.249848419602578e-06	-0.0033581076995496	-0.0007641358391696	5.83903580703429e-07	1.1276887321774306e-05	-0.0012546156469187	-0.0015964294536684	1.574060421493228e-06	2.5485870005399864e-06	0.0	0.0	0.0	1.0	0.0	0.0
1275.2780764941697	5.341553989006115	28.532199017467143	1626334.172386669	1686.65127255501	-3.6973892351902578	2844792.515211435	13.6706871565008	1279.6049620198362	0.8218056320843061	1637388.8588257865	0.675364496925486	1395.7143618916357	987.2946604705054	1.070486	29.029787	0.3577293312057739	0.217478202923565	-0.0078797494	-0.1672568495	-0.0713206024	0.1217231435	-0.041681774	-0.0738814352	0.1495393857	-0.1044401124	-0.0385528632	0.1816280465	-0.03128708	0.0393567041	0.1410465057	-0.0834810165	0.0259205411	-0.002604443	-0.047554899	0.164903676	0.11600843	-0.1993777749	0.0519314228	-0.005280319	-0.140507119	0.0191355296	-0.0378291633	0.1504299728	-0.0600650515	-0.1666859749	0.0599016769	-0.1377505829	-0.1010884839	-0.0625375872	-0.1318075969	-0.0462171703	0.1606250327	0.1066053274	0.0302261248	0.0756050017	-0.0346854953	-0.060803849	-0.0047164588	0.0526158391	-0.0905470893	-0.1594833347	0.0535361427	-0.0501317679	0.0664133069	0.1703424904	0.0906033498	0.034188121	-0.0260669805	-0.0530858998	-0.06152532	-0.0286927931	-0.0286430055	0.0988663007	0.229103974	0.1414828618	0.0253683636	-0.0456062552	-0.0949016181	0.0821267503	0.1817150715	-0.0050939794	-0.1118491597	-0.0136862265	0.0167038908	0.0516506684	-0.1217884731	-0.0865806286	-0.051170312	-0.0446971468	-0.1273444172	0.1204147198858294	0.0037196999939936	0.0144997047651827	1.383616804531673e-05	-0.1495970169874994	0.0024549226144472	6.026645042924342e-06	0.0223792674915581	0.0042227579047136	-0.205392807542438	0.0421862053901649	1.783168432182119e-05	-0.0045561721647821	-0.0015130501313296	2.0758704795135207e-05	2.28932069991652e-06	-0.0044673676133113	-0.0011092599137617	1.2304575562786142e-06	1.99573733924627e-05	-0.0009536876709121	0.0003009279760065	9.09520173649746e-07	9.05576467434288e-08	0.0	0.0	0.0	0.0	0.0	0.0
1276.4578564457393	1.1797799515695715	1.3918807341255004	1629344.6592820515	1692.241493295092	5.590220740081804	2863681.271629602	31.250567922840755	1279.888188974683	0.2832269548468957	1638113.776276894	0.0802175079518455	1392.5580418431482	1010.4351439420842	1.095379	29.704863	0.2197588229555516	0.1071479766040964	-0.0084626956	-0.2351114863	0.0251286942	0.0823793323	0.0673542066	-0.1206676683	0.0214073965	-0.0514941512	0.0353063079	0.0953130318	-0.0939747067	0.1815886705	0.1687041234	-0.1562036523	-0.0334390384	-0.1059911637	-0.0556285098	0.0962475444	0.0653837019	-0.065331862	-0.0910977822	0.0750297633	-0.0956130184	0.1398728691	-0.0233655104	0.0610558136	0.066049888	0.0350482178	0.0176658329	0.0891588953	-0.0660271764	-0.1060452323	-0.1484881928	-0.0705307885	0.1745976179	0.0518814072	0.0082147005	-0.0558555159	-0.0546570001	-0.0127839865	0.0185723604	-0.144240398	0.0828852401	0.032320325	-0.2279556882	0.1288726819	0.075533672	0.1991025502	0.1272738886	0.022224237	-0.0365928631	-0.0754477767	-0.075777474	-0.0575144024	0.0520948181	-0.0432925747	0.0924075762	0.0924587267	0.0585575083	0.1046627605	0.0188174638	-0.0193092888	0.2304714876	0.0865509223	-0.1378986912	0.1141766514	0.0896421294	0.0682868522	0.0413030197	-0.1525325027	-0.090826454	-0.0500887521	-0.1206811645	0.1228764028035129	0.0024616829176835	0.0150986103659311	6.059882787214776e-06	-0.1392808650182502	0.0103161519692491	0.0001064229914526	0.019399159360232	-0.0653214091109504	-0.069544167015664	0.0048363911659025	0.0042668864882401	-0.0057311312913229	-0.0011749591265408	3.284586587838049e-05	1.38052894904152e-06	-0.0040581515937849	0.0004092160195264	1.6745775063703104e-07	1.6468594358138924e-05	0.0002108736040798	0.0011645612749919	4.446767689760424e-08	1.35620296321076e-06	0.0	0.0	0.0	0.0	0.0	0.0
1275.31075467839	-1.1471017673493409	1.315842464655981	1626417.5209983643	1698.0423238211815	5.800830526089612	2883347.733488038	33.64963479241309	1277.1821115335229	-2.7060774411602324	1631194.146021228	7.322855117556311	1394.187134711687	1013.2994283313592	1.134939	30.777655	0.3335664860731787	0.2058925605628982	-0.0067727559	-0.1530278974	0.0658089389	0.0592817581	0.0717775418	-0.1496584419	-0.0546257804	0.0376438086	0.0750925074	-0.0228875924	0.19975376	0.1470865779	0.0735106444	-0.115374539	0.0377196409	-0.053638841	0.0320156085	-0.1151005553	-0.0539805898	-0.1683334188	0.0379837423	-0.0174667237	-0.0767773575	-0.0479526932	-0.0265336661	0.0813979409	-0.3081273419	0.1640428914	-0.0490901627	0.0997552388	-0.1873455595	-0.0849659702	-0.0626338811	0.0345046746	0.097693692	0.0499959514	-0.1043820541	-0.0521060547	0.2766779277	-0.1290367538	0.0027432327	0.1134714017	-0.0110371285	-0.0866041823	-0.1516034503	-0.0619296204	0.0375426303	0.1301506608	0.0827350232	0.0118071888	-0.0641355064	-0.0684249823	-0.0682038636	-0.037790525	0.0226824617	0.1364991692	0.0755075051	-0.0135296092	0.1376000393	-0.0596984375	-0.1204406665	0.1667349333	0.1929074091	-0.0636768511	-0.0055910741	-0.0477321394	0.0180831533	0.1174360356	-0.0375203501	0.0392216284	0.0740156899	-0.0554119421	-0.1133587932	0.1291657417573191	0.0062893389538061	0.0166837888437184	3.955578447586397e-05	-0.1680341595307339	-0.0287532945124836	0.0008267519453216	0.0282354787692001	0.1347254285894834	0.2000468377004338	0.0400187372739437	0.0181509411086199	-0.0043181267152816	0.0014130045760413	1.864621832922866e-05	1.9965819319136558e-06	-0.004582920850978	-0.000524769257193	2.753827732949977e-07	2.1003163526328917e-05	0.0001791071391851	-3.1766464894700014e-05	3.2079367307070785e-08	1.0091082919062082e-09	0.0	0.0	0.0	0.0	0.0	0.0
1273.383619118687	-1.927135559702947	3.713851465471591	1621505.8414398052	1683.1532682366328	-14.889055584548714	2833004.9243756584	221.68397619978128	1277.349947605085	0.1678360715620783	1631622.8886467132	0.028168946917391	1395.7203490146371	985.557862519824	1.3011	35.283665	0.4070608004568691	0.2375439699688949	0.0450324685	-0.239960175	-0.0831888636	-0.0189520328	-0.0854013902	-0.2242004626	0.0252025597	-0.1921300553	0.0139513384	-0.0683498886	0.1560071791	0.281603694	0.0969117716	-0.1864465709	-0.003675177	-0.1135073053	-0.059407731	0.1767597641	-0.1578376317	-0.0355980314	0.1092928431	0.0366160966	-0.076105723	0.0737838864	-0.0375648733	-0.0323811999	-0.1304301022	-0.1322981028	0.0586290494	0.1111858292	-0.3436233747	-0.2025806047	-0.1312336418	-0.060917862	0.0855070163	0.0764193658	0.05641878	-0.0535785426	-0.0106987274	-0.2433310477	-0.0558449605	0.0055246787	0.0964676862	0.0421566259	-0.0269201153	0.0079162031	0.2210128638	0.2298610902	0.0786365472	0.1334208846	0.0103325251	0.0438823999	-0.0024995706	-0.0933597668	-0.0160468118	-0.0526216372	0.1680690218	0.2626055122	-0.1214705629	-0.0584095392	0.0436758587	-0.1653787058	-0.0003937046	-0.2713410867	0.111022705	0.3779533177	-0.2596089405	0.1266713171	0.3834096088	-0.0005294381	0.2902123976	-0.0606594461	-0.1054172954	0.112339172825969	-0.01682656893135	0.0126200897512229	0.0002831334220014	-0.1480124029429106	0.0200217565878232	0.000400870736862	0.0219076714249345	-0.0919344599698419	-0.2266598885593252	0.0513747050817257	0.0084519449299464	-0.0061211378267481	-0.0018030111114665	3.7468328294046456e-05	3.250849068071665e-06	-0.0037349181052348	0.0008480027457431	7.191086567880061e-07	1.3949613252810708e-05	-4.093073117260922e-05	-0.0002200378703577	1.6753247543244041e-09	4.841666439155604e-08	0.0	0.0	0.0	0.0	0.0	0.0
1278.858874376349	5.475255257661956	29.97842013655489	1635480.0205711422	1701.5904083251953	18.4371400885625	2895409.9177043047	339.9281346452785	1278.6500886777787	1.3001410726938047	1634946.0492756914	1.6903668089053974	1394.032598096271	1033.6773682271153	1.602419	43.454929	0.7534010754148464	0.448823542180539	-0.1718565175	-0.1578038097	-0.0081857266	0.004868951	-0.1269975163	0.0449413217	0.0380532468	0.1288127607	0.0801808348	0.3407940322	0.0713633971	-0.1341237631	0.0112713303	-0.0455172643	0.1655998687	-0.1085148184	-0.2087336693	-0.1602520244	0.1227617502	-0.0260683975	0.2043521637	0.3085405822	0.0817463327	0.0802005586	0.0171960244	-0.0264096391	-0.0042130529	0.0502123839	0.0697575495	0.115634699	0.1653671408	0.0622048981	0.0111422195	0.0578273882	0.3159411591	0.1618916178	-0.2118086185	0.0236513953	0.1417086552	0.2712869986	-0.0524862354	0.1620714238	0.0649670582	-0.1158636759	-0.0873126362	-0.0500418213	-0.1164073729	0.0297220673	0.023357414	0.2733564972	-0.0823655204	-0.1606742033	0.0176169462	0.1130771493	-0.1539913541	0.0944435524	0.0792760804	-0.0831289637	0.0612280016	0.1551119711	-0.0371392552	0.0614241769	0.0336085199	-0.1309936412	0.2336271403	0.0382672351	-0.1019706015	-0.0764842208	-0.0869175766	0.0525988516	0.0650577037	-0.0658240966	-0.096900045	0.0659124482948527	-0.0464267245311163	0.0043444508402216	0.0021554407506881	-0.1977468280011152	-0.0497344250582046	0.0024735130358701	0.0391038079845026	0.3090846146992589	0.4010190746691008	0.1608162982484618	0.0955332990437893	-0.0071914228801793	-0.0010702850534312	5.171656304156634e-05	1.1455100955982271e-06	-0.0068787254253013	-0.0031438073200665	9.883524465703709e-06	4.731686347668655e-05	-0.0009512553808034	-0.0009103246496307	9.048867995074216e-07	8.28690967725422e-07	0.0	0.0	0.0	0.0	1.0	0.0
1273.208879880571	-5.649994495777946	31.922437802321088	1621060.8518067382	1699.80800705656	-1.78240126863534	2889347.260853594	3.176954282432869	1279.2065628013322	0.5564741235534711	1636369.4303139986	0.3096634501846039	1394.150621352085	1037.5439595498328	1.212143	32.871307	0.2784345425438903	0.219612950750069	-0.1145765443	-0.0558146274	0.1806362366	-0.1786024618	-0.073359335	-0.0346539871	-0.2091980765	0.1937487753	5.25743e-05	0.1945293351	-0.1528538351	-0.1212127252	-0.0834239938	0.0573571133	0.1787069728	0.0832543217	-0.0515065964	-0.0831736976	0.1131174454	-0.0641238664	0.0254413301	0.4220235246	-0.0478163925	0.0341284496	0.0107612415	-0.1291838433	0.1850177256	0.1111249713	-0.1611322241	-0.104337848	-0.0406185393	0.0391644037	0.098177348	0.0782458298	0.0948526465	0.0779644158	-0.3629903791	-0.0498088562	-0.0793386442	0.129582253	-0.0779252606	-0.0371480465	0.0848541423	-0.1669874325	-0.1378616346	-0.0881983553	-0.0415632605	-0.0687059303	0.0218528909	0.2647917754	-0.0525753413	-0.0999540245	0.0678280012	0.2306892358	0.0112800061	-0.0245751827	0.0681081696	-0.1377459069	0.176265774	0.1458496109	0.0482233002	-0.087915924	-0.0045426178	0.040151422	0.1551367337	-0.0211806047	-0.0067178366	-0.027771616	-0.0010770061	0.147527095	-0.0493212167	-0.0708988393	-0.0878535601	0.0641962723944118	-0.0017161759004409	0.0041211613893375	2.9452597212541432e-06	-0.1801969782838028	0.0175498497173124	0.0003079972251002	0.0324709509826132	0.5288704711610208	0.2197858564617619	0.0483058227006302	0.2797039752660801	-0.0067870775678537	0.0004043453123256	4.606442191206289e-05	1.6349513159968757e-07	-0.0072589343482181	-0.0003802089229168	1.4455882506555333e-07	5.2692127871740536e-05	-0.0009481564067583	3.0989740450999923e-06	8.990005716768109e-07	9.60364013220341e-12	0.0	0.0	0.0	0.0	0.0	0.0
1267.535749701652	-5.673130178918882	32.18440602696018	1606646.8767717292	1691.182875187025	-8.625131869534925	2860099.5173258525	74.39289976686705	1271.524440659684	-7.682122141648279	1616774.403194922	59.015000599202736	1389.9851910258449	984.2213601987224	1.117391	30.30179	0.0868384747414672	0.0513743789331871	0.0216185899	-0.010222192	0.0181580829	-0.1468100078	-0.1874424429	-0.008332924	-0.0232426037	0.1263473898	-0.1029948898	0.0002911183	0.1010989175	0.0231391917	-0.0889869316	-0.0269098503	0.2458767239	0.0496714592	0.0021900741	-0.0506937196	0.0905870511	0.1058308596	0.0549454226	-0.0369568631	0.0417547713	0.0893721636	0.1271461362	-0.1691272831	0.1289267448	0.0044971751	-0.1041927443	-0.100263442	-0.0785178379	-0.0270236474	0.0894924913	0.1622729347	0.0241541708	0.1699991462	-0.1328334931	-0.0316375746	-0.0137404621	0.0505338837	-0.1403650745	-0.1056203517	0.1187067178	-0.0316036083	0.0635571412	0.1078473322	0.0466624456	-0.0505830952	0.014245511	0.2572020723	-0.075254289	-0.0689515756	0.0744162233	0.1989753993	0.0030359305	-0.0503133333	0.0267854729	-0.1113773916	0.1022510527	0.0508048086	-0.0113270914	0.0068885286	-0.1111277638	0.0778833478	0.1654498785	0.068468763	0.0833662041	-0.0956508553	0.0948720917	0.0402629206	0.1018995357	-0.0758767427	-0.0783272495	0.0759149762928075	0.0117187038983957	0.0057630836255375	0.0001373280210582	-0.1779749915619959	0.0022219867218069	4.937224991886179e-06	0.0316750976214925	0.4861365648420062	-0.0427339063190146	0.0018261867492823	0.236328759676386	-0.0064771730935532	0.0003099044743004	4.195377128384953e-05	9.604078319146904e-08	-0.0072088552127647	5.007913545339998e-05	2.507919807759983e-09	5.196759347860479e-05	-0.0007048624604672	0.0002432939462911	4.96831088175875e-07	5.919194430189669e-08	0.0	0.0	0.0	0.0	0.0	0.0
1273.1716667877365	5.635917086084419	31.763561401218286	1620966.0931110631	1679.158641710194	-12.024233476831114	2819573.7440300235	144.58219070534605	1275.1652380032865	3.6407973436025713	1626046.3842119784	13.25540529718354	1394.5536791424418	990.8859430486506	1.175431	31.875736	0.228025478879287	0.1091357772526335	0.0099632685	-0.0919634483	-0.0281481044	0.0134685961	-0.1107835921	-0.0139906623	0.0439828011	-0.014821423	-0.1219873224	-0.0669583653	-0.0459705248	0.0796090875	0.0346264082	-0.1115129723	0.0220611522	0.0837405767	-0.0141174767	-0.1807662039	0.1746592567	0.1274118008	0.0626075554	0.0135418819	0.1671739205	-0.0007075219	-0.1257758907	-0.0151741194	-0.1436159648	0.1003322337	0.0411457327	0.1236398323	-0.0676561939	-0.0479571216	0.0075463813	-0.0015127732	0.055295668	0.0436110139	0.0294368207	0.050663617	0.1032623766	0.2245935089	-0.1238139854	-0.015686662	-0.0756066419	-0.0470841895	-0.0084618584	0.1681198548	-0.0527661645	0.0051031898	0.0509544939	0.1060565317	-0.0485240792	-0.2056482923	-0.0178093409	0.1117291936	0.0393452465	0.0932595902	-0.1092371838	-0.0948786462	-0.0890036935	-0.172516608	-0.0078522267	0.0441096924	-0.0325112165	-0.0082257175	-0.0113375589	0.0818948322	0.0392783379	-0.1246348227	-0.009869094	0.0071651184	-0.0941699693	-0.0807510076	-0.0683731426	0.104063362086066	0.0281483857932585	0.0108291833286556	0.0007923316227661	-0.1918196136954435	-0.0138446221334476	0.0001916735620179	0.0367947641982691	0.4098759808251202	-0.0762605840168859	0.0058156766745965	0.1679983196573543	-0.0068381120624098	-0.0003609389688565	4.6759776578074406e-05	1.3027693923926557e-07	-0.0059080164107558	0.0013008388020088	1.6921815888119497e-06	3.490465790975985e-05	-0.0001712024926188	0.0005336599678484	2.9310293478890263e-08	2.847929612839553e-07	0.0	0.0	0.0	0.0	0.0	0.0
1281.5038220886283	8.332155300891827	69.42481195817977	1642252.0460277628	1699.4467601251165	20.288118414922565	2888119.290499755	411.6077488179201	1280.02644021445	4.861202211163572	1638467.687648077	23.631286937821606	1399.0216834844546	1022.7401170588722	1.060945	28.771051	0.1949823234912716	0.1013310538038139	-0.1039478019	-0.1378539582	0.0193349387	0.0258993948	-0.0561054269	-0.0975839397	0.0073260919	-0.1385100418	-0.0015552452	0.0782674198	0.0784104256	0.0122192064	0.0912355251	-0.0906562133	-0.1291026587	-0.099328403	-0.1322446421	-0.1887901897	0.2169768708	-0.0199342996	-0.0039577298	-0.0164382328	-0.0904807943	-0.0972804443	0.0744447571	0.0616966524	-0.0633552379	-0.0194744319	-0.1945813372	-0.0758084892	-0.0900200851	-0.0690886081	-0.068815603	-0.2511517255	0.0956446874	0.0007845446	0.0135779026	0.0508734265	0.2278276856	0.1300259924	-0.0363908388	-0.0640628434	-0.0941131801	0.125511904	-0.0484949294	-0.0859593185	-0.1171608119	0.0404887767	0.0411441175	0.0935232832	-0.0246024401	-0.2182144966	-0.071774205	0.0768641536	0.0412666876	0.0658233017	-0.1358384273	-0.1476708713	-0.149456053	-0.0908166486	-0.0126463042	0.0104993975	0.0336197899	-0.1061632112	0.091235583	-0.1051687107	-0.1079020985	-0.1661125144	-0.0685950086	0.0251658346	-0.077323573	-0.0855149763	-0.0580456054	0.0967845426752092	-0.0072788194108567	0.0093672477008493	5.298121201586571e-05	-0.2239930744212728	-0.0321734607258293	0.0010351315750764	0.0501728973886938	0.3309009899597726	-0.0789749908653476	0.0062370491821817	0.1094954651563575	-0.0061459266788424	0.0006921853835673	3.7772414741706775e-05	4.791206052243483e-07	-0.0065217700639477	-0.0006137536531918	3.766935468064028e-07	4.253348476700439e-05	5.395952040665843e-05	0.0002251620130254	2.9116298425165873e-09	5.069793210967671e-08	0.0	0.0	0.0	0.0	0.0	0.0
1278.313719949567	-3.1901021390613096	10.176751657643544	1634085.9666113	1693.887706931578	-5.5590531935386025	2869255.563693919	30.903072408591736	1282.162770922298	2.1363307078479465	1643941.3711391452	4.5639088932941085	1401.255103000375	1051.5421317707408	1.094874	29.691166	0.3297485275638173	0.1729077503066962	-0.0445384856	-0.2033707159	0.216751082	-0.0158014682	0.0799816265	-0.1608767103	-0.0709923825	0.0698031602	0.1024537706	0.1723602071	-0.1446395838	0.0614494016	0.1359791613	-0.0701818043	-0.1082631383	-0.0745332439	-0.0418497243	-0.2684027988	0.0519732518	0.1964549897	-0.0764403087	0.0706533339	-0.1693746414	0.0309869886	0.1026401362	0.0223298087	0.0236048014	-0.1799127889	-0.0513996104	0.1308917388	0.0709595686	-0.134554449	-0.1051046831	-0.0395169601	0.0787425089	-0.1439948589	-0.1421516231	-0.064855057	0.1289966804	0.192419986	0.0364563618	-0.0938643938	0.0511000912	0.1532680216	-0.0008371948	0.0114616301	-0.0306953691	0.1062654926	0.0788657662	0.0509136116	-0.0235576939	-0.1726782494	-0.066035156	0.0380590806	0.074868342	0.104855249	-0.1661093399	-0.171877372	-0.0690045687	0.0543932836	0.1326761276	-0.0226182121	0.0647360971	0.0301433873	-0.1246182315	0.0256181338	0.0111257876	-0.1152773941	0.0889273131	0.0165512735	0.0682529506	-0.0901621419	-0.0474010431	0.1103708544159616	0.0135863117407524	0.0121817255045093	0.0001845878667169	-0.1463683583451711	0.0776247160761017	0.0060255965458954	0.0214236963246604	0.1808660535987414	-0.1500349363610311	0.0225104821288586	0.0327125293443827	-0.0074690947347455	-0.001323168055903	5.578737615660294e-05	1.7507737041623876e-06	-0.0061977883639747	0.0003239816999729	1.0496414191739487e-07	3.841258060462019e-05	0.0001768610322492	0.0001229015118425	3.127982472825256e-08	1.5104781613182385e-08	0.0	0.0	0.0	0.0	0.0	0.0
1272.3522735025938	-5.961446446973241	35.53884374012988	1618880.3078872191	1694.0361515710113	0.1484446394333645	2869758.4828295223	0.0220358109765015	1277.7847429943324	-4.378027927965604	1632733.849429092	19.167128538046803	1399.1778248631676	1008.2411324871472	0.962648	26.105406	0.1593353010712857	0.095231583392324	0.0654336506	-0.1683029242	0.1446138624	0.0141783006	0.0250239182	-0.1520462356	-0.0069396087	0.1109699569	0.056509074	0.0372726501	-0.017062551	0.0693942703	0.1241041609	-0.1769912872	-0.0725166507	-0.0587697561	-0.0466996357	-0.2573758734	-0.0305747467	0.2278066391	-0.2246195443	-0.0706319392	0.0156569833	0.1107243131	0.0284938714	-0.0501964714	-0.0665716998	0.0283026553	0.0147394872	-0.0756779923	-0.0210739683	-0.1853090517	-0.1123286232	0.0798487111	-0.0066416274	-0.107997437	-0.0391490771	-0.0875363621	0.2186415358	0.0823691029	0.0011339924	-0.0808484436	0.0866979624	0.2250036978	0.0784964427	0.0241773434	-0.013290827	0.130904724	0.0879307848	-0.0094312657	-0.0038842244	-0.1018837615	-0.053363564	0.0298607697	0.0838936504	0.1248081652	-0.1742363072	-0.1987539786	-0.1072861613	0.0377523666	0.0871294397	0.0532140012	-0.052920543	0.0375035183	-0.0915895266	0.0055245336	0.0549564056	-0.0348469868	0.0767046837	-0.0222776674	0.1724322723	-0.0946861568	-0.0364975928	0.1226966385998906	0.012325784183929	0.0150544651237121	0.0001519249557487	-0.1133992702235673	0.0329690881216037	0.00108696077157	0.0128593944872376	0.1613652741883484	-0.0195007794103929	0.0003802803976128	0.0260387517138808	-0.0059369423052641	0.0015321524294813	3.5247283936034606e-05	2.3474910671657545e-06	-0.006199181536346	-1.3931723713001e-06	1.9409292561539437e-12	3.842985172057316e-05	0.0005341084175037	0.0003572473852544	2.8527180164830666e-07	1.276256942711771e-07	0.0	0.0	0.0	0.0	0.0	0.0
1270.8935924170569	-1.4586810855369094	2.1277505093031364	1615170.5232467323	1689.522200138197	-4.513951432814338	2854485.264759813	20.375757537806614	1277.2006491557777	-0.5840938385547361	1631241.49820394	0.3411656122376061	1397.920023274976	994.7050976209404	1.09884	29.798717	0.3769889106537712	0.2506862037539604	0.103204652	-0.2493440653	0.0573016377	0.0333092717	-0.0034164265	-0.2865426212	0.0742289966	-0.1353382377	-0.0212987423	-0.011981805	-0.0564658926	0.0053223884	0.1610093851	-0.2844419155	-0.1753558192	-0.0380449515	0.0459522825	0.0212398326	-0.0938593768	0.0786822637	-0.1281132175	-0.0345549075	0.0133422804	-0.0967363947	0.0381260847	-0.0659607503	0.2366003628	-0.0572670424	-0.0599478037	-0.0955771147	0.0171174553	-0.2730196496	-0.1613772352	-0.1737078926	-0.0420667287	-0.0698801704	0.0987816855	-0.074365213	-0.0084408606	0.0083537863	0.0088417116	0.0474976298	-0.1231004688	0.1182544544	0.0951022468	-0.0283598262	-0.077956858	0.2390924436	0.133298962	-0.0510219052	0.0651031463	0.0066873363	-0.0699005892	-0.0610835865	0.1674190127	0.0243347609	-0.1558858034	-0.0194250265	-0.1313831987	0.0609769235	0.0520141173	-0.09378546	-0.0145686646	-0.0196608671	-0.0726714884	-0.1519604292	-0.0582254496	0.0447749398	-0.0892621662	-0.0306190117	0.1155669441	-0.0990808418	-0.0253948054	0.1394135508027432	0.0167169122028525	0.019436138147429	0.0002794551535978	-0.1111544345685189	0.0022448356550484	5.0392871181766015e-06	0.0123553083242471	-0.0826687552638318	-0.2440340294521802	0.0595526075306675	0.0068341230968713	-0.0066147997859297	-0.0006778574806655	4.37555762079356e-05	4.59490764094314e-07	-0.0049811109924904	0.0012180705438556	1.4836958498086778e-06	2.48114667195087e-05	0.0009180430598563	0.0003839346423526	8.428030597503181e-07	1.4740580959841894e-07	0.0	0.0	0.0	0.0	0.0	0.0
1265.2780682723646	-5.615524144692245	31.534111419621563	1600928.5900510466	1679.0612748172305	-10.460925320966451	2819246.764590863	109.43095857083708	1273.4593202989709	-3.741328856806831	1621698.6404563168	13.997541614775509	1393.6695656355037	976.410360377288	1.186018	32.162823	0.47524031468502	0.2798359165751595	0.2040624188	-0.2645182752	0.1394889334	0.0071835149	0.0498520587	-0.3379610974	0.1234253822	0.0635506615	0.0864713907	0.1186242588	-0.123575166	-0.0749719614	0.1387141681	-0.2870593256	-0.1426801276	-0.0253073118	0.1390350547	0.0973308178	-0.0279565162	0.0508156895	-0.0416117901	0.101971331	-0.0277781887	-0.0158789367	-0.0378581456	-0.0790075308	0.1077469545	0.1479067564	-0.0293108616	-0.0333466079	0.1999165039	-0.3191658885	-0.1553708989	0.0967496372	0.0641993022	-0.1861267394	-0.0045693423	-0.1337300745	-0.1331336603	-0.0179606309	0.0143896895	0.0585756644	-0.0998906492	0.0088979096	0.0023645789	-0.2085292303	0.07694325	0.2984354494	0.1565906871	-0.0738902559	0.1381241745	0.1012512813	-0.0130686473	-0.0433113446	0.0946416256	0.1135880328	-0.0104344741	0.0005935967	0.209645548	0.182188902	-0.034798013	-0.1827795299	-0.1668858373	-0.0686033438	-0.0223743871	-0.1760721118	-0.0238801532	0.0202265697	-0.1380519249	-0.0926588444	0.0271103574	-0.1033401944	-0.0141533203	0.1725644544911233	0.03315090368838	0.0297784909538189	0.0010989824153562	-0.0936527172675312	0.0175017173009876	0.0003063101084836	0.0087708314515921	-0.270833777149619	-0.1881650218857871	0.0354060754612787	0.0733509348451294	-0.0033880235878512	0.0032267761980785	1.1478703831836118e-05	1.041208463248594e-05	-0.0062799555608408	-0.0012988445683504	1.6869972127333371e-06	3.943784184613529e-05	0.0011208757296247	0.0002028326697683	1.2563624012617036e-06	4.114109192537678e-08	0.0	0.0	0.0	0.0	0.0	0.0
1259.6079178766547	-5.670150395709925	32.15060550996942	1586612.1067775614	1668.1127498521716	-10.948524965058825	2782600.1462193737	119.87019891051632	1274.6648395067498	1.2055192077789345	1624770.4530747682	1.4532765603239493	1391.686155984568	925.4725049357768	1.159978	31.456659	0.4607740576337029	0.272743760337492	0.3061988449	-0.1807592098	0.0190599951	0.0767735109	0.060554521	-0.2738395339	0.2188537549	0.0696048203	0.0441859496	-0.0176873665	-0.1143974822	0.0206323938	0.1559005277	-0.2477146121	-0.2430104105	0.1136240385	0.1736891441	0.2254590876	-0.1432590845	-0.0663751523	-0.0357280468	0.0112805054	0.1471389762	0.0257684579	-0.1115278698	-0.0774259241	0.1937303293	0.0648012364	-0.016442676	-0.0200558063	-0.0265278657	-0.2913489951	-0.1569186318	0.080209657	0.029097709	-0.2185964566	0.1004782344	-0.0757185393	-0.2116163566	-0.0956573748	-0.0453889445	0.0528986154	-0.0449260144	-0.0403918887	-0.1567793038	-0.0007905285	0.0549530209	0.2850000184	0.1303827595	-0.1491326576	0.2287989974	0.2000187278	-0.0144814483	0.0725930416	0.0335025626	0.1528140186	-0.0083362532	0.0079034985	0.2007681281	0.0437052631	-0.0965479557	-0.1705254387	-0.3670719917	0.1341920227	0.303771412	-0.0261150943	-0.0049739239	-0.0719146619	0.0250711573	0.0135506933	-0.2587219734	-0.1074583966	-0.0028345346	0.1253151784081438	-0.0472492760829794	0.0157038939394649	0.0022324940903656	-0.0787742631473946	0.0148784541201366	0.000221368397005	0.0062053845344149	-0.2114068962563422	0.0594268808932767	0.0035315541727037	0.0446928757847398	0.0014791420234404	0.0048671656112916	2.1878611255073606e-06	2.3689301087739535e-05	-0.0044306400017015	0.0018493155591393	3.419968037274704e-06	1.9630570824677463e-05	0.00118878348994	6.790776031529995e-05	1.413206185953926e-06	4.611463911040226e-09	0.0	0.0	0.0	0.0	0.0	0.0
1263.015079225569	3.4071613489143147	11.608748457535611	1595207.0903511704	1679.1684445722387	11.055694720067097	2819606.665247152	122.22838574331944	1278.7640316288175	4.099192122067734	1635237.448587587	16.803376053622173	1392.1369587033294	913.2189036282626	1.758528	47.688335	0.9622159897863414	0.7367477786405485	0.1502974278	0.1616079273	-0.1351706491	0.2078064834	0.0240294142	0.1363029055	0.173774462	0.3251869209	0.0857935787	-0.2169476348	-0.1834673239	0.0321845289	-0.0502201058	0.0026277596	-0.1569753445	-0.0938426678	0.1530136585	-0.1726923743	-0.0981922062	0.0779499743	0.1026477112	-0.0551224679	-0.1201836401	-0.0225305186	0.0127197737	0.1020215437	-0.1421522532	-0.1854978999	0.1512866066	-0.1692609187	0.212669051	0.0580529455	0.0352686175	0.1648438528	-0.1042995894	-0.2535127941	0.2816511905	-0.0645565066	0.1511131681	0.0024651532	0.0211515823	0.3144073757	0.1788072143	-0.0863480531	-0.0399226761	-0.0640277047	-0.2552793795	-0.0358989923	0.0310880624	-0.2714130614	0.1085298805	0.1358177333	0.0113006817	-0.0842646296	-0.0450360057	0.1463405646	-0.0262247138	-0.0731648761	-0.1408945126	-0.024017555	-0.1072510565	0.2625477513	-0.1452960586	-0.0349341668	0.2198794834	0.147789068	0.0039784687	0.0201282653	0.0765437645	-0.0885279254	0.1071412141	-0.1114298236	0.0084997322	0.0675384564555656	-0.0577767219525782	0.0045614431004003	0.0033381495995855	-0.1026020373257381	-0.0238277741783435	0.0005677628222941	0.0105271780633921	0.4954311240713025	0.7068380203276448	0.4996199869807039	0.2454519986985543	-0.0005918043841391	-0.0020709464075795	3.5023242908625946e-07	4.288819023066436e-06	-0.0031308264680689	0.0012998135336325	1.6895152222144658e-06	9.80207437316078e-06	0.0010840739645966	-0.0001047095253434	1.17521636071619e-06	1.0964084697640128e-08	0.0	0.0	0.0	0.0	0.0	1.0
1274.791613239638	11.776534014069057	138.68675338452545	1625093.6571861191	1665.5952936574954	-13.573150914743335	2774207.6822539982	184.23042575439788	1282.9655830902177	4.201551461400186	1646000.6873940222	17.653034682794036	1391.6074368676475	967.3809607828944	1.317744	35.735027	0.2536228268985098	0.1191297643586831	-0.0623570904	0.1009886016	-0.1094313298	0.3339852117	0.0634180401	0.1500562488	0.2082825601	-0.0750496026	-0.1595405888	0.1005170801	-0.1511643409	-0.0464669379	-0.0368731087	0.1182767438	-0.1849866776	-0.1342464033	-0.1686530311	0.0658658413	-0.1236584331	-0.1457881129	-0.1243367627	-0.1038001975	-0.0744753671	-0.1234437485	-0.0447467217	-0.0945177102	-0.2247099076	0.1251301203	0.083608998	0.1910692774	-0.0345060894	0.1274000842	0.0150334182	-0.0806342437	0.0890778404	-0.1266319074	0.246370205	0.0653360756	-0.1258882076	-0.1497759775	0.2268232223	0.0178391865	0.1581259539	0.0019614107	-0.2386084637	-0.1189769157	-0.1735816041	-0.0392319427	0.0244823894	-0.2562679616	0.0301106404	0.118839672	-0.0261242934	-0.1019705574	-0.1138231422	-0.0005536878	0.030117789	0.0061668911	-0.1324985938	0.1758899853	0.0863183017	0.1621758482	0.2053519283	-0.023977754	0.1765084036	-0.0056127001	-0.0309052733	-0.2631703129	0.0932637836	-0.0039685047	-0.1167477067	-0.1152490509	0.0197875765	0.087310113699587	0.0197716572440214	0.0076230559542348	0.000390918430175	-0.0594992665186708	0.0431027708070672	0.0018578488512465	0.0035401627162598	0.4278404913024616	-0.0675906327688409	0.0045684936380923	0.1830474859979317	-9.415131074839684e-05	0.0004976530733907	8.864469315641186e-09	2.476585814552126e-07	-0.00445010180469	-0.0013192753366211	1.7404874138167175e-06	1.9803406072105195e-05	0.0017303008761564	0.0006462269115598	2.9939411220276054e-06	4.1760922122411764e-07	0.0	0.0	0.0	0.0	0.0	0.0
1276.222242007368	1.4306287677300134	2.046698671056697	1628743.2109943132	1701.742513674115	36.147220016619485	2895927.582845895	1306.6215149298964	1282.1112349579855	-0.8543481322321895	1643809.2188054908	0.7299107310486308	1395.5482571978905	1007.2904829356296	1.165434	31.604614	0.1415043754634655	0.081297196887245	-0.1232601966	0.0901600734	0.1067052801	0.1416891498	0.10982646	0.0561657596	-0.1192783858	0.0297040288	0.030635959	0.1648398195	0.1489454159	0.1181615543	-0.0540923266	0.1041806884	-0.2192038186	-0.0474321986	-0.1546534709	0.0595988263	-0.1674938622	-0.062312455	-0.1344950006	0.076286833	0.1177235454	-0.0956192628	0.1858613166	-0.1689769012	-0.0771792412	0.1361988448	0.0414086622	0.0007908873	-0.0388517031	0.0842099662	0.0640352895	-0.0644522739	0.0977537665	-0.1922338812	-0.0955882114	0.0346859259	-0.0752724484	-0.1616932939	0.1870241645	0.0077847005	0.041320732	0.0726548689	0.1109268793	-0.0655379884	0.0134949413	-0.0616100051	0.0130990919	-0.2193712666	0.0204069538	0.0867454476	-0.0064731163	-0.0519482505	-0.1254809406	0.0045796532	0.0041802686	-0.0342872197	0.1140985516	0.2783177854	0.1446201148	0.0556850295	0.2145811601	-0.0411227975	0.0302085176	0.0058941332	0.0738929619	-0.0458030185	0.1009252104	0.068732408	0.0874901696	-0.1189108618	0.0309673479	0.1020549545409892	0.0147448408414022	0.0104152137463633	0.0002174103314382	-0.0603745126163062	-0.0008752460976353	7.660557314259891e-07	0.0036450817736565	0.4621321255918644	0.0342916342894027	0.0011759161822381	0.2135661015040547	-0.0012270753142291	-0.0011329240034807	1.5057138267904444e-06	1.2835167976627443e-06	-0.00514308581954	-0.0006929840148499	4.802268448376244e-07	2.6451331747153428e-05	0.0017243558097866	-5.945066369799886e-06	2.9734029587448013e-06	3.5343814141325593e-11	0.0	0.0	0.0	0.0	0.0	0.0
1267.538920367103	-8.683321640265149	75.40007470829703	1606654.9146454008	1700.9304394503251	-0.8120742237897502	2893164.359848676	0.6594645449437254	1277.6947765590562	-4.416458398929308	1632503.9420462963	19.505104789473226	1396.9549730167832	1001.3416027100618	1.153312	31.275896	0.2449468596440395	0.1400751127069721	0.0059560893	0.1139129443	0.2216226252	0.0176050244	0.155826049	-0.0423451276	-0.1836600648	0.0195679819	0.0162390058	-0.0244210004	-0.1228743657	-0.1766307442	-0.1043555104	0.1009244696	-0.1359453007	0.174522439	0.0195809659	-0.0170836061	-0.1495531895	-0.0885966686	-0.0413772045	0.1025516883	0.0529808483	0.0584464655	0.259594812	0.078425949	0.0442504667	0.0233290032	0.080382663	-0.0188123712	0.0626287624	-6.35441e-05	0.0972831518	-0.1043705467	-0.1733425136	-0.1458734863	-0.1689758408	0.0603041148	-0.1379741896	-0.0126946235	0.1438841585	-0.0547344571	-0.0243709602	-0.0272579448	-0.0264297235	0.0420643341	0.0043534723	-0.0918432805	0.018097812	-0.1627745863	-0.0129344681	0.0806581459	0.0046413494	0.0172267027	0.0342197573	-0.0700726329	-0.0012433863	-0.0646813599	0.09445615	0.1112410686	0.1822088366	-0.0945225091	0.1672454097	-0.0101723497	-0.1512228405	0.0439261884	-0.0258913949	-0.1095345302	-0.0041361021	0.0508482329	0.1725898377	-0.1224102548	0.0419779864	0.1020617102082326	6.755667243396601e-06	0.0104165926906292	4.5639039903501826e-11	-0.0717422474792783	-0.0113677348629721	0.0001292253959148	0.005146950073378	0.5406444680763585	0.078512342484494	0.0061641879224024	0.2922964408615686	-0.0030841846675524	-0.0018571093533232	9.512195063565308e-06	3.448855150200885e-06	-0.0056660934001293	-0.0005230075805893	2.735369293538736e-07	3.2104614418988814e-05	0.0010032722111126	-0.000721083598674	1.0065551295907657e-06	5.199615562766465e-07	0.0	0.0	0.0	0.0	0.0	0.0
1256.1827837138064	-11.356136653296517	128.9618396883446	1577995.1860989677	1694.1941094354752	-6.736330014849955	2870293.680445863	45.3781420689684	1270.45069174202	-7.24408481703631	1614044.9601477769	52.47676483641598	1390.648749347066	936.8255060999846	1.246721	33.809002	0.1613303472421199	0.094753516476659	0.1891919362	0.1402598013	0.0737081445	-0.109471184	0.0422481243	-0.0878460254	0.0004033727	0.0769225334	0.0354777266	-0.0395883033	0.0639479787	-0.4083013652	-0.1262524922	-0.0532192114	0.0957154949	0.1606046408	0.1592266994	-0.029602979	-0.1522641796	0.0505935674	0.1412941751	-0.0367917139	-0.0208684945	-0.1216432045	0.0949161895	0.1351163154	0.1714638809	-0.0658942754	0.0907885468	0.0427045084	0.0196160914	-0.0842103743	0.0770693879	0.1155934493	-0.2365040836	0.0554597252	-0.0567108299	-0.0133971887	-0.1365325393	0.0631062613	0.2123683759	0.0854091833	-0.088567433	-0.0893591803	0.0273294366	0.019024925	0.0536897083	-0.0656562602	-0.0180707408	-0.049755964	-0.0621900084	0.2765234886	0.0842784646	0.0057047892	0.0340019136	-0.1051551897	0.1835435962	-0.1571818852	-0.0653220179	-0.0192652377	0.0338731274	-0.1583681496	-0.1044163681	-0.0912915107	-0.285373957	0.0213446283	-0.1934469746	0.0047884049	-0.1664030319	0.1675255253	0.1136610342	-0.1257424501	0.0527593557	0.1038477635166685	0.0017860533084358	0.0107843579874139	3.1899864205748154e-06	-0.067936697458407	0.0038055500208713	1.4482210961353624e-05	0.0046153948615551	0.5489359862370762	0.0082915181607177	6.874927340951167e-05	0.3013307169860715	-0.0015083427568562	0.0015758419106961	2.275097872160562e-06	2.4832777275066496e-06	-0.0062512122554831	-0.0005851188553537	3.4236407489054096e-07	3.90776546631021e-05	0.0002152884621207	-0.0007879837489919	4.634912192229608e-08	6.209183886753297e-07	0.0	0.0	0.0	0.0	0.0	0.0
1257.725174263447	1.5423905496404586	2.378968607620196	1581872.6139760178	1666.2581078765588	-27.93600155891636	2776416.08206437	780.4201830997773	1272.546289708212	2.0955979661921447	1619374.0594501367	4.391530835908653	1386.434128233444	915.8992191409276	1.134815	30.77429	0.2827563050901165	0.1308162706556115	0.2033029613	0.1156648647	-0.1303965379	-0.0323609656	-0.0574070533	-0.0129093476	0.1537633792	0.0520628675	-0.0415775043	-0.1591140536	-0.034566315	-0.0853364897	-0.0146597095	-0.0873346326	0.1683186711	0.110135912	0.0559267871	0.0228494529	-0.0609844368	0.0230614891	0.0231675952	-0.1257103494	-0.1398934096	-0.0960357956	0.1287129193	0.1303424291	0.019644485	-0.0362873934	0.0335371682	-0.0902655062	-0.020451887	-0.0472685531	-0.0027743263	0.1165258466	-0.1606187002	0.1857362567	0.126865101	0.0327758358	-0.0675571385	-0.0122017458	0.0033191121	0.0504589834	0.053531115	-0.0675093581	-0.0921353611	0.0420535315	-0.1701940702	-0.0317266627	-0.0430248911	0.0204564132	-0.0833943299	0.2200735087	0.0956746685	0.0396056708	-0.0063286559	-0.0520992524	0.2788357843	-0.1487677159	-0.2366203405	-0.0516189379	-0.0093147527	0.0288382002	-0.0553306237	-0.0006779076	0.0243769264	0.1153256289	-0.0647582468	-0.0022483651	-0.0941498488	-0.2078703389	0.0300330841	-0.1289028963	0.0632525717	0.0679547910977902	-0.0358929724188783	0.0046178536331443	0.0012883054690623	-0.1302021223031744	-0.0622654248447674	0.0038769831310993	0.0169525926522507	0.4913203360037954	-0.0576156502332808	0.0033195631518037	0.2413956725708823	-0.0031102384722284	-0.0016018957153722	9.673583354129652e-06	2.566069882927812e-06	-0.0062349553281102	1.625692737289991e-05	2.6428768760774235e-10	3.887466794352977e-05	-0.000706204046998	-0.0009214925091187	4.987241559963534e-07	8.491484443618774e-07	0.0	0.0	0.0	0.0	0.0	0.0
1268.9027767930593	11.177602529612386	124.9387983099972	1610114.2569531363	1687.0771068607996	20.818998984240807	2846229.1644938057	433.4307187058197	1278.5929350192362	6.046645311024122	1634799.8934811046	36.56191951733	1393.072409944756	946.04316162866	1.209093	32.788574	0.3401400333938827	0.1638019604235401	0.0179604275	0.0551018123	-0.1881090532	0.0034030767	-0.0342080603	0.0759332526	0.1337832723	-0.0722199691	-0.0137359029	0.0832033854	-0.0053226038	-0.1256661412	-0.0007703198	0.0761591402	0.1683772645	0.0552213386	-0.1874423262	-0.0141145021	-0.0135329182	0.024823851	-0.1163772025	-0.0710179422	0.1915694066	-0.036113526	0.0970385506	0.0118228452	0.0393019075	-0.0381287346	-0.2884067292	-0.0348868508	-0.1004496471	0.0529431071	-0.0059078499	0.0134711175	-0.0257099892	0.1791203756	1.63623e-05	0.1003937731	-0.0278893494	0.0885317108	0.0328121246	-0.0352934037	0.0236067918	0.1161764918	0.1038055334	0.1227666443	-0.2085251775	0.0006450709	-0.035995306	0.0811866913	-0.1086440894	0.0944073241	0.049977481	0.0535424087	-0.0371916482	-0.0533497948	0.2501173305	-0.1955940647	-0.1748176172	0.0879465178	0.0869462017	0.0244542876	0.0335438469	0.0777159699	0.1166614004	-0.1534305346	-0.0765845003	0.0904973083	-0.0055587441	-0.0403123986	-0.167289646	-0.1318872767	0.0734003241	0.0872716026148765	0.0193168115170863	0.0076163326229689	0.0003731392071866	-0.1446779008683592	-0.0144757785651847	0.0002095481650682	0.0209316949996747	0.3822649560972238	-0.1090553799065716	0.0118930758865666	0.1461264966600124	-0.0051343598822278	-0.0020241214099994	2.636165140023027e-05	4.09706748241796e-06	-0.0076491114751953	-0.0014141561470851	1.9998376083385747e-06	5.850890635996442e-05	-0.0001986403359817	0.0005075637110163	3.9457983078922665e-08	2.5762092074063815e-07	0.0	0.0	0.0	0.0	0.0	0.0
1267.8685977786365	-1.0341790144227616	1.0695262338724345	1607490.781233166	1692.2214797833644	5.144372922564799	2863613.5366402	26.464572766417888	1273.7865612885214	-4.806373730714768	1622532.2037192362	23.101228439304997	1394.121615423158	966.3365410670762	1.026726	27.843084	0.1320205136810301	0.0651140087483377	0.0224848746	0.0656155349	-0.0093818913	-0.1145268792	-0.0014361212	-0.0254079131	-0.100739587	0.0327410675	0.0912696269	-0.0728214134	0.0917633369	0.0692948899	-0.0245204622	-0.0110662747	0.1502001859	0.0382549704	-0.1105245473	-0.0451615892	-0.1064544834	0.0295121702	-0.0393715918	-0.2478842235	0.0106707523	0.0333118274	0.0089446415	-0.113846516	0.0169314315	-0.0985711928	-0.2715164069	-0.1583633706	-0.0754256898	-0.015480308	0.0051903064	0.0629725655	-0.081780981	0.1032866257	-0.1198891521	0.0797240079	0.0581119275	-0.1405937868	0.0079411943	0.0124627612	0.1291204309	0.1419891314	0.1413216725	-0.0009323426	-0.0272310933	-0.0183611949	-0.0392946937	0.0701059246	-0.1108334044	0.1083151207	0.0598842932	0.0629032268	0.0009437172	-0.0192008749	0.2410882716	-0.2008880627	-0.075255689	0.0507451287	0.053220383	0.0548448291	0.0426895448	0.0625127736	0.0654614082	-0.2135597942	0.0322429313	0.132592148	0.0516503151	-0.0663251726	0.0037223897	-0.1346915149	0.0831471893	0.0950714178926261	0.0077998152777496	0.0090385745001143	6.083711836701611e-05	-0.1369010131244863	0.0077768877438728	6.047998298080037e-05	0.0187418873945107	0.4365098225338215	0.0542448664365977	0.0029425055347243	0.1905408251685083	-0.0044847819652711	0.0006495779169567	2.0113269276020917e-05	4.219514701978054e-07	-0.0074477825634517	0.0002013289117435	4.053333070386213e-08	5.5469465112455176e-05	-0.0005917123917376	-0.0003930720557559	3.50123554535831e-07	1.545056410161694e-07	0.0	0.0	0.0	0.0	0.0	0.0
1265.922591581137	-1.9460061974994003	3.786940120706076	1602560.0078755026	1687.0434529015777	-5.178026881786764	2846115.611978078	26.811962388506355	1271.9258736483096	-1.860687640211836	1617795.4280560156	3.462158494437091	1392.2272800179414	950.8834653050446	0.961385	26.071159	0.3055985254166177	0.1443709103022489	0.0816142852	0.0514596904	-0.0650803823	-0.0931680958	0.0069729311	-0.0304627695	-0.0165641168	-0.0541602722	0.0374762632	-0.212773098	0.1979512513	0.044917451	-0.0340580105	-0.0458893351	0.1731015182	0.0325065021	-0.038362622	-0.0003025489	-0.1085895629	-0.0497617689	-0.0765385498	-0.1125342089	-0.0298532721	0.1408620303	-0.1216783726	-0.1261367106	-0.0174637339	-0.0959963295	0.0144309991	0.1239636749	0.0512236231	-0.0273206754	0.0085235707	0.0665663744	-0.1156425123	0.1571494354	-0.0281451766	0.0834998786	0.0951407115	-0.2041222766	0.0517466519	-0.0021656007	0.0566923651	0.0387395644	0.0237518336	-0.0175332533	0.1828414573	0.0149314904	-0.0518186691	0.0372180437	-0.1499312079	0.1535976238	0.0038469501	-0.1001801017	-0.1350864387	-0.0779670712	-0.0952903919	-0.0046100851	0.1039073935	-0.110226964	-0.1133060541	0.0178055802	-0.050748228	-0.0303931958	-0.0898397404	-0.0458044954	0.1865053723	0.0664961965	-0.0925636207	0.0869989422	0.0012026418	-0.1373117808	0.0924399334	0.1640781226001024	0.0690067047074763	0.0269216303159742	0.0047619252945848	-0.1514888162218568	-0.0145878030973705	0.0002128039992076	0.0229488614402995	0.3842017904777606	-0.0523080320560608	0.0027361302175778	0.147611015806317	-0.0041057446630347	0.0003790373022364	1.685713923803792e-05	1.4366927648664836e-07	-0.0058161801639788	0.0016316023994729	2.6621263899657258e-06	3.382795169986046e-05	0.0007915676176673	0.0013832800094049	6.265792933394848e-07	1.9134635844192203e-06	0.0	0.0	0.0	0.0	0.0	0.0
1267.1741649037072	1.2515733225700387	1.5664357817690062	1605730.3641994076	1686.6931194340418	-0.3503334675358474	2844933.679146139	0.1227335384756906	1274.06768937195	2.141815723640548	1623248.47710158	4.587374594033883	1392.1751080890035	953.0896046953752	0.91753	24.881887	0.0501826049485083	0.0330328422624538	0.056666825	0.0138657017	-0.1337181358	-0.0692943272	-0.0289555248	0.0607492716	0.0513557509	-0.1389397385	-0.0266742022	-0.1316258986	-0.0022421538	0.0458911218	-0.0369694597	-0.0045758524	0.1979309942	0.0182477923	-0.0476185531	0.0400971866	-0.0440578157	0.0172515246	-0.1427246524	-0.0124980533	-0.0824464001	-0.1249722625	-0.0181674136	-0.0061163914	-0.1349544351	0.1838596689	0.0903064914	0.0201918964	0.0515213893	0.0473560048	-0.0013262646	0.0443534963	-0.0429247093	0.177270599	0.0631301098	0.023005447	-0.0688022837	0.0626093637	0.1005212465	0.0216409111	0.0799959831	-0.0358704778	0.0776839083	-0.0432782252	-0.0855669274	0.0256376807	-0.0696060672	0.0660929338	-0.1324847902	0.1031874475	-0.0160694095	-0.1059936888	-0.1213903853	-0.064938768	-0.1342403704	0.0258419489	0.0313942116	-0.1311339339	-0.1084918458	0.0138605431	-0.0160704378	0.0542606241	-0.0080905008	0.0788723935	-0.0278510937	-0.0641847117	-0.0255654406	-0.031197437	-0.0986874568	-0.1397444952	0.1012278027	0.16338384716245	-0.0006942754376524	0.0266942815136028	4.820183833274433e-07	-0.1511580448910479	0.0003307713308089	1.0940967328510102e-07	0.022848754535284	0.3806592605527186	-0.003542529925042	1.2549518269818108e-05	0.1449014726445425	-0.0046579282022735	-0.0005521835392387	2.1696295137534838e-05	3.049066610062872e-07	-0.0054718623372793	0.0003443178266994	1.1855476578306685e-07	2.9941277438135684e-05	0.0007757684185055	-1.5799199161799942e-05	6.018166391505246e-07	2.4961469415422003e-10	0.0	0.0	0.0	0.0	0.0	0.0
1276.2809663825676	9.10680147886046	82.93383317537509	1628893.1051504207	1691.4732467231402	4.7801272890983455	2861081.744380121	22.8496168999827	1277.5939191150426	3.526229743092472	1632246.222159734	12.43429620107	1391.844664391806	976.9970337670696	1.097773	29.769773	0.2083376894748204	0.1158035599195634	-0.1081382635	0.0116569812	-0.1703487811	-0.0024658184	-0.0952986202	0.1691717287	0.1169291392	-0.093153267	-0.0534121164	0.1021237893	0.0232735035	0.0257836773	0.0023201613	0.1250466631	0.1311261332	-0.0718941532	-0.0318613818	0.1483059175	0.0961371364	-0.0104524252	-0.0127335137	0.0471979981	-0.1060846945	-0.0444832759	-0.1380913391	-0.0972494099	-0.0262068615	0.1374940776	0.0899281824	-0.0080685123	0.0003505513	0.1654604016	-0.0090107191	0.0388738267	0.1296636378	0.1095817517	0.0896994326	0.0191707964	-0.0811965882	-0.0828189698	-0.0989799051	-0.0154459745	0.145091728	-0.0417439006	0.0236717739	-0.1670752556	-0.0094443774	-0.0100603311	-0.0779314013	0.0903633279	-0.0892887167	0.0065235211	-0.0153575733	-0.0938659063	-0.1796000123	-0.0803363382	-0.1046298052	0.1383477314	0.0752942305	0.0126428209	-0.0472196853	0.0218932704	-0.0554842668	-0.0025561726	0.0914005236	0.0653532039	0.1353671791	-0.0143402208	-0.0781548688	0.0361787841	0.0342959506	-0.1419863355	0.1094628008	0.1632442937239773	-0.0001395534384726	0.0266486994334401	1.947516218955068e-08	-0.1649110625982928	-0.0137530177072449	0.0001891454960557	0.027195658567298	0.4488607721573814	0.0682015116046628	0.0046514461851609	0.2014759927817206	-0.0061271766880817	-0.0014692484858082	3.754229416697183e-05	2.158691113049689e-06	-0.005996099021917	-0.0005242366846376	2.748241015199271e-07	3.5953203480634e-05	0.0013071553825484	0.0005313869640429	1.708655194125254e-06	2.823721055547303e-07	0.0	0.0	0.0	0.0	0.0	0.0
1276.568686989755	0.2877206071873388	0.0827831478002509	1629627.612602747	1698.004220665048	6.53097394190786	2883218.333396317	42.65362062987949	1277.9498463205489	0.3559272055063047	1633155.8097107145	0.1266841756195273	1392.6500740228698	1011.0661182245932	0.987127	26.769238	0.0618378842375005	0.039290613462302	-0.1216872731	-0.0350074423	-0.0164549682	-0.0797286296	0.0099950796	0.0423700166	-0.1162594251	-0.0778823329	0.0768938368	-0.0026415831	0.0914074583	0.0496244406	-0.0225088405	0.0780772513	0.0965806545	0.0804556974	-0.0792347381	0.1529635948	-0.0183516942	-0.044918173	-0.0352405203	0.0470257125	-0.0832160285	-0.0008734825	-0.1755685057	0.021523601	0.0149569301	-0.0204217713	0.0168937327	0.0329670355	0.1995824407	0.0882841377	0.0027871904	-0.0362268308	0.0395657586	0.1216462325	-0.0982723347	0.0933380636	-0.0106365488	-0.1264986928	-0.0232816585	-0.0323749432	-0.0204711919	0.0086828829	-0.0775099294	-0.1176838745	0.0713657119	-0.0060633727	-0.0732069798	0.1177958668	-0.0784495312	-0.0101428427	-0.0233399892	-0.0723374148	-0.1545616366	-0.0940574848	-0.1294618176	0.1426848539	0.1714018742	-0.0370741252	-0.0837072102	-0.0585316645	0.0206278226	-0.0414168776	0.0367201429	0.0250403185	0.1158718478	0.0559874164	-0.1188944261	0.068559979	-0.0357667685	-0.1440342395	0.1170999511	0.1629810463509642	-0.0002632473730131	0.0265628214696551	6.92991793983059e-08	-0.1705781805692225	-0.0056671179709296	3.211622609643433e-05	0.0290969156863062	0.4485948527910537	-0.0002659193663276	7.07131093881222e-08	0.2012373419506271	-0.0068069864886322	-0.0006798098005505	4.6335065056421326e-05	4.621413649245106e-07	-0.0061420790634045	-0.0001459800414875	2.1310172512692366e-08	3.772513522111191e-05	0.0010201132340418	-0.0002870421485065	1.0406310102672203e-06	8.2393195019285e-08	0.0	0.0	0.0	0.0	0.0	0.0
1273.8274269983726	-2.741259991382321	7.514506340353405	1622636.3137732944	1698.3826198752868	0.3783992102387401	2884503.523494443	0.1431859623093022	1279.3044879442498	1.3546416237008998	1636619.9728742992	1.8350539286630103	1394.610563020928	1019.7666887819274	1.147694	31.123552	0.1926139095925467	0.1368955126519774	-0.0414826707	-0.0753445803	0.0469020553	-0.1278653297	0.0574158812	-0.0818914705	-0.1213104564	-0.2564911046	0.0270619801	-0.0488398208	-0.0623945608	-0.1259424235	0.1148087656	0.0280632664	0.0863766633	0.0048447971	0.0264199309	0.0206691635	0.0923811966	-0.1667830389	-0.1000337722	0.0233697442	-0.0230812399	-0.3031053507	0.1773462859	0.203606242	-0.0327257775	0.0904239807	-0.0351743843	0.0064334826	0.1659556447	-0.0184463338	-0.0899642411	-0.2343052659	-0.0915653503	0.1922815177	-0.0867103921	-0.0193517095	-0.0593405199	0.0240908253	0.1378887353	-0.0640414115	-0.1585854999	-0.0754884478	-0.0556542206	0.0169079329	-0.2642493022	0.0559779403	-0.0578377307	0.1036360225	-0.104392655	0.0229701965	-0.079270798	-0.1187724345	-0.0389707513	-0.1419621249	-0.249358482	0.1057370159	-0.032802729	-0.1596878885	0.0156589988	-0.2243373587	0.1470103462	0.1052007609	-1.72915e-05	-0.0786535052	-0.4077140441	-0.0186139119	0.0233651165	-0.1858950171	-0.0370143902	-0.1458854101	0.124097542	0.1798229218494071	0.0168418754984429	0.0323362832224579	0.000283648770305	-0.1530141466848817	0.0175640338843408	0.0003084952862902	0.0234133290857024	0.3177565220463307	-0.130838330744723	0.0171186687920655	0.1009692073029802	-0.0065501017238213	0.0002568847648109	4.290383259240676e-05	6.598978239195147e-08	-0.0061373839594696	4.6951039349004894e-06	2.204400095951806e-11	3.766748186595474e-05	0.0013059267545968	0.0002858135205549	1.7054446883717307e-06	8.168936853204337e-08	0.0	0.0	0.0	0.0	0.0	0.0
1273.0961066762225	-0.7313203221501681	0.5348294135898256	1620773.6968341556	1694.5330641160317	-3.849555759255054	2871442.305382468	14.819079543613755	1275.25653260661	-4.047955337639678	1626279.223955834	16.38594241552556	1392.574218182231	1004.9949430544516	1.231831	33.405209	0.1871058602846926	0.0802211190852689	-0.0499149608	-0.0437637868	-0.0065080163	-0.0899523945	0.0784455649	0.0699745702	0.0134412853	0.1995836743	0.1463179235	0.065085108	-0.0026279153	0.0912628105	0.0015189721	-0.0099387046	0.1860725315	-0.0741408222	0.0280976395	0.0338132867	-0.0696890134	0.0945076677	0.002646892	0.0438509891	-0.0604553954	0.0580007904	0.0085073535	0.0924988803	0.0433200095	-0.0378755829	0.2318044269	0.1587490718	0.1952455443	0.0498691404	-0.0182031108	0.2451419126	0.0735448835	0.0503854931	-0.0447119579	-0.092630429	-0.0050669415	0.1012712956	0.1266145072	-0.0044316429	0.1472800604	-0.0250266102	-0.0038442958	-0.0734754978	0.1419299626	0.0309897883	-0.0873300817	0.0803400533	-0.0873285719	0.0308120326	-0.0209069089	-0.0965664095	-0.1567529809	0.0466351979	-0.118463621	0.0094590322	0.1131728008	0.0554181464	-0.0553990079	0.0442074052	-0.048927672	0.0353877877	-0.1019036152	0.1460679476	0.0684538266	0.082154798	0.1259528808	0.1031035741	-0.0544473779	-0.1475373187	0.1304173552	0.1603337235024753	-0.0194891983469318	0.0257069028921681	0.000379828852206	-0.1982067894462176	-0.0451926427613359	0.0020423749597537	0.0392859313825772	0.3679418775069507	0.0501853554606199	0.0025185699027087	0.1353812252233399	-0.0059431467271633	0.0006069549966579	3.532099302059184e-05	3.6839436796811275e-07	-0.0057600938976856	0.0003772900617839	1.4234779072097417e-07	3.317868171015489e-05	0.0008453985387227	-0.000460528215874	7.146986892744766e-07	2.120862376161816e-07	0.0	0.0	0.0	0.0	0.0	0.0
1274.4351725841284	1.3390659079059333	1.7930975057159413	1624185.0091195372	1682.742536492304	-11.790527623727712	2831622.444120553	139.01654164588626	1277.3936916706843	2.13715906407424	1631734.6435200593	4.56744886515468	1391.2288671094318	993.0464529904452	1.008032	27.336136	0.1224267612249091	0.0561961610121131	-0.057152426	-0.0291430389	-0.0491680986	-0.0893845442	0.0231494877	-0.0044566437	-0.063304222	0.0198444882	0.056455031	-0.1193003764	0.1213303484	0.0801268999	0.0017171073	0.0721514628	0.1260250324	-0.0043370277	-0.0887293042	-0.0279755497	-0.0223445948	0.0805690142	-0.2173117607	-0.0500201736	0.1397604434	0.0206806719	-0.0278542801	-0.1152699478	0.093183077	-0.003056242	0.0593066271	0.0850389665	-0.1209976678	0.0511239511	-0.0174398049	0.0621466616	-0.0465542788	0.0661321744	-0.0043263205	0.0291033184	0.1247599005	-0.1106911755	0.0229590297	-0.1566773932	0.0990828223	0.1232198477	0.0668497657	0.0747424831	-0.0552028383	0.0083277296	-0.0803050353	0.0425193822	-0.0460977636	-0.0281471041	-0.0407471135	-0.0596881488	-0.0933267801	-0.0092120718	-0.1635796697	0.0401660291	-0.0301283514	-0.0067008534	0.0780869135	-0.0101086601	-0.0595062028	0.0931192781	0.1045856739	-0.0383993685	0.1329237951	0.1550355567	0.0740583366	-0.1126008134	0.0364802994	-0.1489877092	0.136024874	0.1466268498489	-0.0137068736535752	0.0214994330966118	0.000187878385355	-0.1632011728806048	0.0350056165656128	0.0012253931911387	0.026634622829605	0.3975373632180918	0.0295954857111411	0.0008758927744783	0.158035955154393	-0.0057941320942115	0.0001490146329517	3.3571966725171744e-05	2.2205360833759602e-08	-0.0062709000826128	-0.0005108061849271	2.6092295855988017e-07	3.9324187846113215e-05	0.0006228436507101	-0.0002225548880126	3.879342132298851e-07	4.953067817830094e-08	0.0	0.0	0.0	0.0	0.0	0.0
1275.5988375951756	1.1636650110472146	1.3541162579355142	1627152.3944741632	1695.5689233902397	12.826386897935665	2874953.9739667363	164.51620085553563	1276.651085072861	-0.7426065978233964	1629837.9930177133	0.5514645591308397	1395.0138706295988	997.6306399763124	1.01315	27.474947	0.0773171651509218	0.0381151788816022	-0.0317991161	-0.0405346098	-0.0232859098	-0.0081066824	0.060786807	0.0380394426	0.008983606	-0.1324584138	0.0477540011	-0.0755846977	-0.0117390537	0.000197281	0.0822754648	0.0060081571	-0.0558988983	0.0118922448	-0.0030074887	-0.2523768497	0.1302506773	0.1139354731	0.1382922358	-0.1045368925	-0.000330845	-0.1173368765	-0.0232074461	0.0831517701	0.0375198369	0.0561142026	0.0534730477	-0.0393537291	-0.1083533073	0.0231915083	-0.0740614511	-0.1375143373	-0.0600664668	-0.0103410861	0.1144079965	0.0066104196	0.172017754	0.1959769659	0.0518669994	0.0216668839	-0.1002376093	-0.0012149816	0.1028887547	0.0312048224	-0.1127485024	0.0155935948	-0.0472565007	-0.0474807586	0.019752756	-0.1187644519	-0.0664288881	-0.0349405815	0.0422273337	0.095358643	-0.1682320629	-0.1364398015	-0.1790133021	-0.1703067369	0.0713644914	0.0134385874	0.0491836909	-0.009348427	-0.0838511407	-0.0473365798	-0.092128772	-0.0353547524	-0.0440719459	0.0218802835	-0.0845028506	-0.1502346003	0.1408894722	0.1418195327056537	-0.0048073171432463	0.0201127798568499	2.3110298115749853e-05	-0.1460625543158755	0.0171386185647292	0.0002937322463072	0.021334269773278	0.4043346584465581	0.0067972952284662	4.620322242293049e-05	0.1634865160210948	-0.0063001894767521	-0.0005060573825405	3.96923874429779e-05	2.560940744238429e-07	-0.0066879229240426	-0.0004170228414298	1.7390805027418445e-07	4.472831303793452e-05	0.0005744451903909	-4.839846031920003e-05	3.299872767632374e-07	2.3424109612691797e-09	0.0	0.0	0.0	0.0	0.0	0.0
1279.6065958480815	4.007758252905887	16.06212621373525	1637393.0401379154	1696.2203843702964	0.6514609800567541	2877163.592353316	0.4244014085365066	1282.6960194008775	6.044934328016552	1645309.0781868563	36.541231030032925	1398.6099278294762	997.5229412173436	1.23051	33.369385	0.2217408755688087	0.1264496384208408	-0.1440205015	0.0079505256	-0.0765111279	0.1167352529	0.037893654	0.1526319509	0.0952665931	0.0767752485	0.0334351181	0.2385573588	0.0218501371	0.0386744131	0.004122934	0.121362425	-0.1429854157	-0.1442969446	-0.1271974103	-0.0143411966	-0.0503765544	0.1965770906	0.1476782052	-0.0084843542	0.0568686259	-0.1517913914	-0.1097189239	0.0258490624	-0.0767413522	-0.0374595166	0.1274139776	-0.2275861095	0.0027810514	0.1208167535	-0.0127457024	0.0980875481	0.12415211	-0.1663815381	0.0987444709	-0.0476502066	0.0454864822	0.1065611291	0.0538910643	0.1289279176	0.0921360253	0.152974454	0.2371745653	-0.0063617703	0.1224754854	-0.0364247509	-0.0673129951	-0.0907190463	0.1286539242	-0.1433733194	-0.01808999	-0.0197234361	-0.0618814218	0.2047735828	-0.0262486914	-0.0420598456	-0.1319090559	0.1154121705	0.0884640677	0.1815895486	-0.1286790068	-0.0914184817	-0.1998777883	0.1416762285	0.2029491911	0.1907438307	-0.0319125481	0.1697308177	0.0040166162	-0.151276289	0.1449845808	0.1166860446223552	-0.0251334880832985	0.0136156330096102	0.0006316922232333	-0.1341080305661393	0.0119545237497362	0.000142910638083	0.0179849638623285	0.5110376220900221	0.106702963643464	0.0113855224502984	0.2611594511914242	-0.0063815211593544	-8.13316826022998e-05	4.0723812307287925e-05	6.614842594921235e-09	-0.0060881323334183	0.0005997905906242	3.597487526014463e-07	3.706535530921336e-05	-0.0003034305382287	-0.0008778757286196	9.207009152975856e-08	7.706657948993934e-07	0.0	0.0	0.0	0.0	0.0	0.0
1278.9651480608204	-0.641447787261086	0.4114552637821434	1635751.8499542363	1705.7028440422969	9.48245967200046	2909422.19217398	89.91704143111505	1280.3795221362366	-2.3164972646409296	1639371.7207058177	5.366159577088909	1393.7660700598428	1017.4295618608965	1.328223	36.019184	0.4108618103442392	0.2571773097038338	-0.1601395715	0.0896968364	0.0733703735	-0.0208429985	0.0221364084	0.1136685217	-0.2710412767	-0.0194132838	-0.0099144572	-0.0933066924	-0.1052765508	0.1388904977	-0.054564049	0.1457496749	-0.1660863288	-0.0025991075	0.1293711809	0.0940959751	0.0950832686	-0.1298616869	0.0641766696	0.0518306184	0.0344876366	0.0428796312	-0.0461255562	0.1293439675	-0.1131538376	-0.1528923316	-0.2947077904	-0.0306551302	-0.083082383	0.1320657747	0.0788442514	-0.1309333252	-0.0171310925	-0.0979586266	-0.1203610194	-0.0620788965	-0.0347212745	-0.1654840527	-0.2784462631	-0.0041508979	-0.1029009405	0.0237241063	-0.1273137404	0.0900419806	-0.0510896118	-0.1390980457	-0.0549824999	-0.0166882237	0.1712397133	-0.1394481817	0.0326614796	0.1022196141	0.1481991336	-0.0507278141	0.1199967943	0.1927674943	0.1291557218	0.0296771123	-0.0054597525	-0.0021643299	0.1251560649	-0.017385281	0.0130473896	-0.0999846115	0.0058787257	0.0492253675	0.047429721	-0.0600403926	0.0434069797	-0.1521113526	0.148287834	0.1273383589933416	0.0106523143709863	0.0162150576711171	0.0001134718014583	-0.1899301305216312	-0.0558220999554919	0.0031161068434409	0.0360734544799638	0.748542734771263	0.2375051126812408	0.0564086785497289	0.5603162257788413	-0.0069170931189536	-0.0005355719595991	4.784617721627524e-05	2.86837323908927e-07	-0.0071723091917184	-0.0010841768583	1.175439460073474e-06	5.144201914160825e-05	-0.0008213273870598	-0.000517896848831	6.745786767344785e-07	2.682171460291832e-07	0.0	0.0	0.0	0.0	0.0	0.0
1272.5394803284692	-6.425667732351258	41.28920580658016	1619356.7289946503	1706.683253576996	0.98040953469922	2912767.728040161	0.9612028557291408	1275.5221592977605	-4.857362838476092	1626956.7788596214	23.59397374460852	1395.452993384073	1007.7881092292218	0.987933	26.791092	0.1348478313686519	0.0604162496856728	-0.0562285669	0.1282512139	0.1475180564	-0.0797253537	0.0343686391	0.0454172073	-0.225430831	0.0668083673	-0.0220232427	-0.0771147619	0.0039157266	0.1063336967	-0.0704127987	0.1251491425	-0.0545642971	0.0621165413	0.1119506299	0.0153471191	0.0701232321	-0.0111689954	0.0960742914	0.110385691	0.054648666	0.2093408678	0.033667843	-0.0200546839	0.0142539131	0.017151782	-0.1193038206	0.1553350229	-0.1117031864	0.0731638376	0.0898801454	-0.0296898421	-0.0492215635	-0.11542893	-0.1594173401	-0.0225981159	-0.0018772687	0.0127652822	-0.1411650424	-0.0926154188	-0.149953125	-0.0282365371	-0.0070660267	0.089548708	0.2542261907	-0.1388807663	-0.039233868	-0.0117346471	0.1622519873	-0.1234863445	0.0447626479	0.1530878559	0.2241724498	-0.0446139892	0.0954184014	0.1514539123	0.1408336421	-0.0227374583	-0.0187570796	-0.0715844357	0.0210414592	0.024288726	-0.0720221679	0.0061922799	-0.0070534513	0.0351944809	0.1228572258	0.0259155969	0.0188128222	-0.1527386503	0.1507811905	0.1027006564042523	-0.0246377025890892	0.0105474248258642	0.0006070163888684	-0.2169549711710772	-0.0270248406494459	0.0007303420121279	0.0470694595158429	0.7810095486479796	0.0324668138767165	0.0010540940033053	0.6099759150793207	-0.0072793262938482	-0.0003622331748946	5.2988591292309774e-05	1.312128729942223e-07	-0.0076977305508205	-0.0005254213591021	2.760676046006983e-07	5.925505563303528e-05	-0.0009480423381311	-0.0001267149510713	8.987842748890829e-07	1.6056678825001967e-08	0.0	0.0	0.0	0.0	0.0	0.0
1269.7958659374483	-2.743614391020856	7.527419926616741	1612381.5411518342	1696.0197272344467	-10.663526342549403	2876482.915168407	113.71079405824506	1273.7394203166818	-1.7827389810786372	1622412.1108686768	3.1781582746572976	1389.061704449321	974.8750499252444	0.949055	25.736778	0.1634497901178092	0.0928862346566593	0.0139349848	0.1649292163	0.0042755772	-0.0245923143	-0.0480441914	0.110657866	-0.0206281175	0.0357603644	-0.0790245955	-0.0885374151	0.0385466589	-0.004210063	-0.0450563305	0.100368416	-0.1359264013	-0.0242583707	0.2911256578	0.0338166181	0.1214920424	-0.0393632197	0.1637292181	0.0280509578	0.1149640975	0.1951336538	-0.0745852391	-0.0751663075	0.0303898228	0.0063219637	0.0346755044	-0.0331005849	-0.1420047603	0.1041722061	0.0882289271	-0.0011086588	-0.0504009499	-0.1681696361	0.0882438926	-0.0934638839	-0.0106713046	0.0319157274	-0.270012692	-0.0467075367	-0.1693253087	-0.1038209984	-0.0578203347	0.1445252578	0.1828312989	-0.1632790488	-0.0384942564	-0.0544257289	0.2125954207	-0.123332143	0.066196695	0.1073504012	0.2376549394	-0.0540156181	0.1071522504	0.1228026558	0.0097578509	-0.1178932253	-0.0975855475	0.0207883911	-0.0703646659	0.0012235075	-0.0146103656	0.0495934912	-0.001443128	-0.0494666013	0.0469333865	-0.0594799923	0.0013225536	-0.1531573254	0.1524510324	0.1003149759177262	-0.002385680486526	0.0100630943933739	5.691471383791401e-06	-0.218951301441308	-0.0019963302702308	3.985334547839781e-06	0.0479396724028425	0.8576413984926319	0.0766318498446523	0.0058724404106133	0.7355487684083974	-0.0060769752511688	0.0012023510426793	3.6929628203318105e-05	1.4456480298322402e-06	-0.0074313060382564	0.0002664245125641	7.098202089501829e-08	5.522430943422604e-05	-0.0007680993030466	0.0001799430350844	5.899765393406727e-07	3.237949587542159e-08	0.0	0.0	0.0	0.0	0.0	0.0
1277.2160364684275	7.420170530979249	55.05893070881287	1631280.8038121196	1680.1944704668238	-15.825256767622932	2823053.4585872903	250.43875176119545	1277.9200111984906	4.180590881808712	1633079.5550215505	17.47734012106214	1392.559085083008	974.6146636458468	1.079778	29.281788	0.2144729715104651	0.1212732738356979	-0.1113884072	0.1050721255	-0.1083429305	0.0468763932	-0.0852838619	0.1897636735	0.1109367868	-0.1089750895	-0.1637570676	0.1329616307	-0.0823251982	-0.15680517	0.0247253787	0.1550054224	-0.0851695159	-0.0829616235	0.1196114414	0.1364680069	0.173094228	-0.0244458262	0.125858237	0.0092779857	-0.0729695602	0.2171869301	-0.0235147	-0.0360431633	0.0199617519	0.0012544568	0.076054232	-0.0857188721	0.0363646123	0.1375600485	0.0252899422	-0.1127273586	0.053184858	-0.0503945356	0.1314932481	-0.0389907307	-0.1175910315	0.1120780788	-0.1903159394	-0.0038111657	-0.2065086656	-0.1257255734	0.0417610323	-0.0785144964	0.1512947708	-0.1298272649	-0.0563506334	-0.0313643456	0.1739038243	-0.1681539913	0.0277327124	0.0662130979	0.1056456349	-0.0156280435	0.1170724206	0.1937807521	-0.0057048534	-0.0377999573	-0.0722946279	0.0150984049	-0.0052287109	-0.0915042159	-0.0167633344	-0.0699115205	-0.0531410109	-0.149869569	-0.1133647376	0.0052523125	-0.0708130639	-0.153366806	0.1532882396	0.0995624788219089	-0.0007524970958173	0.009912687189163	5.662518792134757e-07	-0.195186628485672	0.023764672955636	0.0005647596806883	0.0380978199396037	0.742981444504295	-0.1146599539883368	0.0131469050486075	0.5520214268776888	-0.0067773511811914	-0.0007003759300225	4.593248903319646e-05	4.905264433550209e-07	-0.007048971106117	0.0003823349321394	1.4618000033403978e-07	4.968799365487232e-05	-0.0003448932157951	0.0004232060872515	1.189513303014854e-07	1.7910339228672428e-07	0.0	0.0	0.0	0.0	0.0	0.0
