global_signal	global_signal_derivative1	global_signal_derivative1_power2	global_signal_power2	csf	csf_derivative1	csf_derivative1_power2	csf_power2	white_matter	white_matter_derivative1	white_matter_power2	white_matter_derivative1_power2	csf_wm	tcompcor	std_dvars	dvars	framewise_displacement	rmsd	t_comp_cor_00	t_comp_cor_01	t_comp_cor_02	t_comp_cor_03	t_comp_cor_04	c_comp_cor_00	c_comp_cor_01	c_comp_cor_02	c_comp_cor_03	c_comp_cor_04	c_comp_cor_05	c_comp_cor_06	c_comp_cor_07	c_comp_cor_08	w_comp_cor_00	w_comp_cor_01	w_comp_cor_02	w_comp_cor_03	w_comp_cor_04	w_comp_cor_05	w_comp_cor_06	w_comp_cor_07	w_comp_cor_08	w_comp_cor_09	w_comp_cor_10	w_comp_cor_11	w_comp_cor_12	w_comp_cor_13	w_comp_cor_14	w_comp_cor_15	w_comp_cor_16	w_comp_cor_17	w_comp_cor_18	w_comp_cor_19	w_comp_cor_20	w_comp_cor_21	w_comp_cor_22	w_comp_cor_23	a_comp_cor_00	a_comp_cor_01	a_comp_cor_02	a_comp_cor_03	a_comp_cor_04	a_comp_cor_05	a_comp_cor_06	a_comp_cor_07	a_comp_cor_08	a_comp_cor_09	a_comp_cor_10	a_comp_cor_11	a_comp_cor_12	a_comp_cor_13	a_comp_cor_14	a_comp_cor_15	a_comp_cor_16	a_comp_cor_17	a_comp_cor_18	a_comp_cor_19	a_comp_cor_20	a_comp_cor_21	a_comp_cor_22	edge_comp_00	edge_comp_01	edge_comp_02	edge_comp_03	edge_comp_04	edge_comp_05	edge_comp_06	edge_comp_07	edge_comp_08	edge_comp_09	edge_comp_10	edge_comp_11	edge_comp_12	edge_comp_13	edge_comp_14	edge_comp_15	edge_comp_16	edge_comp_17	edge_comp_18	edge_comp_19	edge_comp_20	edge_comp_21	edge_comp_22	edge_comp_23	cosine00	cosine01	trans_x	trans_x_derivative1	trans_x_derivative1_power2	trans_x_power2	trans_y	trans_y_derivative1	trans_y_derivative1_power2	trans_y_power2	trans_z	trans_z_derivative1	trans_z_derivative1_power2	trans_z_power2	rot_x	rot_x_derivative1	rot_x_derivative1_power2	rot_x_power2	rot_y	rot_y_derivative1	rot_y_power2	rot_y_derivative1_power2	rot_z	rot_z_derivative1	rot_z_derivative1_power2	rot_z_power2
1421.8518716704289	n/a	n/a	2021662.7449727017	1969.938718077957	n/a	n/a	3880658.5529826246	1377.8814642798557	n/a	1898557.3296059992	n/a	1526.5035675689055	1471.1267818158642	n/a	n/a	n/a	n/a	-0.0706689987	0.118701698	-0.1937222629	-0.0787438535	0.1085322607	-0.1379132329	0.1121940168	-0.1380866349	0.0697239361	-0.1506629796	0.2388005835	-0.1614306876	0.0920518264	-0.1049028087	-0.20960533	0.219552452	-0.1761426662	0.0342104357	-0.2736639214	0.0227747922	-0.1200746786	0.1600160118	-0.027034049	0.1608740658	-0.0967482609	0.0820141352	-0.1660244275	0.0587709543	-0.0355022874	0.0333054578	0.1533662761	-0.0608681037	0.1166919432	-0.0401613705	-0.0623712899	-0.1765857783	0.1052802957	0.0078221608	-0.1046953478	0.1309280459	-0.1168487242	0.1747478539	-0.2048381665	0.1708646789	-0.2100271904	-0.0878965159	0.1903682196	-0.0944403626	0.1320602377	-0.121223261	0.1380828259	-0.1430537975	0.0627742323	-0.2108216741	0.1027070997	-0.2795936193	0.0412699178	0.1393481092	-0.09165053	0.0781940605	0.0478280293	-0.1598756365	-0.2274939839	0.1133185057	-0.1532650054	0.127851451	-0.1140604018	0.2066556967	-0.082863284	0.1940881523	-0.1388587021	0.0619660873	-0.2390765953	0.2181154181	-0.1555244686	0.1352965269	-0.00624165	0.1907546358	-0.1689629844	0.0710447243	-0.1673650478	0.2528709771	-0.0438444234	0.0086104811	-0.0610735517	0.153366806	0.1532882396	-0.0184649433949033	n/a	n/a	0.0003409541345769	-0.0866972524980411	n/a	n/a	0.007516413590709	-0.0238628617316578	n/a	n/a	0.0005694361700242	-0.0036076158575677	n/a	n/a	1.301489217577393e-05	0.0006218976406966	n/a	3.867566755039974e-07	n/a	0.0003356232310041	n/a	n/a	1.1264295318963149e-07
1416.59447922576	-5.257392444668767	27.640175317260237	2006739.9185729024	1972.964139712754	3.0254216347971123	9.153176068298432	3892587.496592488	1376.3955196670972	-1.4859446127584306	1894464.626559659	2.208031392185802	1527.506678334483	1451.4607576171636	1.242444	24.992949	0.1179352958608346	0.0810862790675943	-0.110363736	0.1231805956	-0.1747105465	0.2968169005	0.0579253193	-0.0724021494	0.2507469971	-0.2049720761	-0.1388323433	-0.0342438222	0.04068841	-0.1134040987	-0.1983081535	-0.1120557067	-0.2380456422	0.096010612	-0.0503023118	0.0106986595	-0.1185704046	-0.022975693	-0.117393074	-0.1160130798	0.0716565726	-0.0107043218	-0.149354694	0.1984721869	-0.1225997689	-0.024469062	0.0551898128	-0.1396219963	-0.1007978087	-0.0063609508	0.065508325	0.0545081004	0.0511793519	0.0293231261	-0.1771583432	0.0673069678	-0.0305712935	0.0489890533	-0.1755104387	0.1761704204	-0.0542950495	0.0035273396	-0.3425746165	-0.0803508264	0.0661612712	0.0974622837	-0.0170102021	0.2183526758	0.0479047205	-0.0052918397	0.0508040341	0.261274053	-0.1765070849	0.0618385376	-0.0921648797	-0.095788753	-0.0285531022	0.1491805881	0.0339064056	-0.1334110533	-0.1244136559	-0.0742462544	-0.1910908806	0.038486721	-0.1322875368	0.0725225019	-0.0373801977	0.1526227616	0.0390171701	-0.1196075951	-0.0488523171	0.2821532799	0.0526051238	-0.0606196222	-0.225860331	-0.0745286299	-0.0916343379	-0.1867698577	0.0308447629	-0.0416685616	0.0712213921	-0.118141943	-0.0151044299	0.1531573254	0.1524510324	-0.0142025784645767	0.0042623649303265	1.8167754799278063e-05	0.0002017132350424	-0.0584128825443173	0.0282843699537237	0.0008000055836791	0.0034120648471362	-0.0298484823084521	-0.0059856205767943	3.582765368934333e-05	0.0008909318961179	-0.0021931619927692	0.0014144538647984	2.0006797356434126e-06	4.809959526527369e-06	0.0006219427872802	4.514658360002533e-08	3.868128306498641e-07	2.038214010754076e-15	0.0005091830276218	0.0001735597966176	3.012300300197738e-08	2.592673556181028e-07
1414.4655841328547	-2.128895092905396	4.532194316596672	2000712.8886962975	1951.1637021956903	-21.80043751706376	475.2590759354009	3807039.7927659927	1377.4402038093626	1.044684142265396	1897341.5150703783	1.0913649571007864	1525.156090725274	1430.7004790989963	1.170276	23.541224	0.0386137778537586	0.018918856669575	-0.134234158	-0.0010582335	0.0827295742	-0.0592199322	0.0433395261	-0.1085708001	-0.0256819885	0.1220386618	0.0575168254	-0.0808109823	0.1615905411	-0.1132269565	-0.3106535122	-0.0965857452	-0.1070902532	-0.0479775272	-0.0785850372	-0.0540969434	-0.035243945	-0.0226548353	0.1045144432	-0.0160328717	-0.0637231325	0.1099014466	-0.0709615836	-0.048473787	0.0474900154	0.1538409612	-0.1544607651	-0.0970886309	-0.1265572008	0.0546386692	0.1312376796	-0.0168471389	0.1751760598	0.1811986204	-0.1928559074	-0.0841015505	-0.1091919606	0.0666458499	-0.1663397441	-0.0088459441	0.0545841043	0.0703811645	-0.2153539826	-0.0568615634	-0.0972552276	0.0758167659	0.0245313057	0.0370090081	0.103597947	-0.0318031494	0.0116921841	0.0453544119	-0.0231867615	0.1394642807	0.0555812404	-0.2397972587	0.0081246974	-0.1502122682	-0.1153081421	-0.1021491016	-0.0789882154	-0.137784629	-0.065477018	0.0492756227	-0.0471356673	0.0868405234	0.1149815935	0.0972021935	0.0641189944	-0.1444346403	0.0295564152	0.2543037619	0.0982290523	-0.0102824772	0.0398095631	0.0528775102	0.1051924067	-0.0762834489	0.0728594687	-0.0043782834	0.1099547818	0.0739747462	-0.144068515	0.1527386503	0.1507811905	-0.0187144313421754	-0.0045118528775986	2.035681638909566e-05	0.0003502299404609	-0.0496061498658377	0.0088067326784795	7.75585404702004e-05	0.0024607701045119	-0.0218118356956367	0.0080366466128154	6.458768877927725e-05	0.0004757561764134	-0.0021257473466795	6.741464608969999e-05	4.544734507399501e-09	4.518801781914935e-06	0.000621164757349	-7.780299311999864e-07	3.858456557724421e-07	6.053305738430558e-13	0.0007861612652982	0.0002769782376764	7.671694414632435e-08	6.180495350552668e-07
1418.8999791991137	4.434395066258958	19.663859603661788	2013277.1509712453	1956.218734413065	5.055032217374674	25.55335071869591	3826791.736868654	1378.556910717581	1.1167069082184753	1900419.1560872009	1.2470343188628663	1523.9833910392992	1436.2136937124556	1.083128	21.788147	0.1014887928114497	0.0583586550795454	-0.0585530393	0.0198593345	-0.0146346155	-0.143076914	-0.1218713389	-0.1197523055	-0.0923032499	0.0231682587	0.1555092087	-0.0186062568	0.0757643676	-0.1437406446	-0.0742282665	-0.1858399884	-0.0933915717	-0.0004092045	0.0899529941	0.1203198992	-0.0813195675	0.0008431338	0.0149724586	0.1339688389	-0.0135090268	-0.0631338844	-0.0180269416	0.0599693639	0.1003399512	-0.1072901162	0.0031614587	-0.0935543768	-0.0912841861	-0.1813751193	0.0757074791	-0.0639742622	-0.2158929443	0.0428686065	0.0971412804	0.0812931968	-0.0797465855	0.0234826327	-0.1298565551	-0.0485328092	-0.0702827097	0.252145672	-0.01618001	0.0545146363	-0.0187926883	-0.0287158676	0.0324513596	0.2549804422	-0.0239443317	-0.076998206	0.1054442455	-0.0919067436	-0.158079932	-0.1211139941	0.0441403517	0.1676960522	0.1604518276	-0.1719668895	-0.0803320093	-0.0799488712	-0.130746967	-0.0141508256	0.0122117616	0.1419363391	-0.0060669616	0.0717440675	0.1252157822	0.0482006586	-0.1077454693	-0.0494463365	-0.0228201441	-0.1512815671	-0.0061403419	0.0886566718	0.2564682896	-0.0941163994	0.1452581605	-0.0815177037	0.0312141241	0.1048037131	-0.0306681148	0.1907745489	0.1234764483	0.1521113526	0.148287834	-0.0075964340679774	0.0111179972741979	0.000123609863389	5.770581054912767e-05	-0.0207236664631835	0.0288824834026542	0.0008341978475045	0.0004294703516772	-0.0698499315924792	-0.0480380958968424	0.0023076586573942	0.004879012943474	-0.0020652471368795	6.050020980000008e-05	3.6602753858440254e-09	4.265245736388972e-06	0.0005395571857136	-8.160757163540007e-05	2.911219566551802e-07	6.659795748226955e-09	0.0009130578086179	0.0001268965433196	1.6102732706488482e-08	8.336745618781216e-07
1422.1026823932552	3.202703194141577	10.25730774976466	2022376.039270092	1957.4503055695563	1.2315711564913272	1.5167675135013852	3831611.698774349	1378.7929629828986	0.2360522653175394	1901070.034771161	0.055720671961542	1528.1250720257526	1458.1052569780932	1.075958	21.643919	0.0726640261269147	0.035766224804996	0.05625506	0.0507660925	-0.15804064	0.0171205894	0.015928601	0.0172686003	0.0397056879	-0.0944338019	0.1675834298	0.1518850435	-0.0075712655	-0.077921579	0.1691162042	0.1975430705	-0.0465064718	-0.053746045	-0.0599039876	-0.0521520453	0.0201867143	0.1024819623	-0.1576030166	0.2691770969	0.0089304895	0.0938263504	0.3063189857	0.008337007	0.1405791248	0.0070055719	-0.0014911956	0.1140863819	-0.0729249204	-0.0837828862	-0.0888034733	-0.0786796271	0.0558210635	-0.1582739941	-0.0420520117	0.107652595	0.0072392815	-0.0059807314	0.0837660923	0.0813412746	-0.1216665287	0.0822946513	0.2268629623	-0.1680433426	0.0381166873	0.0655451169	-0.0915082556	-0.0895964146	-0.2445158374	-0.1021363211	0.1462848076	-0.2700433945	0.0079102838	0.1577205269	0.0326732328	0.01202986	-0.0713666404	-0.1498086309	0.0614467928	-0.0689510572	-0.1526563276	0.1687197397	-0.0703891289	0.1037935964	-0.0234268995	0.0212275572	0.0939058815	0.0082510265	-0.1520701002	0.1194170901	-0.0822904784	-0.3234405674	-0.1194291786	-0.0110001876	-0.1381339046	-0.0165345273	0.111199452	-0.0228228484	0.0843490478	-0.0979843704	-0.0150458265	0.1025593188	0.0136808979	0.151276289	0.1449845808	0.0055638044119632	0.0131602384799405	0.0001731918768489	3.0955919534581167e-05	-0.0408422266683885	-0.020118560205205	0.0004047564647304	0.001668087479232	-0.0928310028595333	-0.0229810712670541	0.0005281296365814	0.0086175950919066	-0.0018187855182693	0.0002464616186102	6.074332944795972e-08	3.307980761466126e-06	0.0006211707166539	8.161353094029999e-05	3.858530592283197e-07	6.660768432543304e-09	0.0009130657825617	7.973943800068141e-09	6.358377972664514e-17	8.336891232850096e-07
1421.0116128461768	-1.0910695470784049	1.1904327565618755	2019274.0038436928	1961.4584266088343	4.008121039277967	16.06503426550269	3847319.159314804	1380.747351298495	1.9543883155963613	1906463.2481178096	3.8196336881395823	1531.27169865606	1447.0744225402711	1.011788	20.353069	0.0684722664132642	0.0357524305370029	0.1137627355	0.0966666634	-0.1876264346	0.0345175179	0.1959502191	0.0356294163	0.0476970693	-0.1927561367	0.1881578981	-0.0312124877	-0.2725816901	0.0965458982	-0.1379398771	0.0560123096	-0.109552688	0.0250281124	-0.1150516005	-0.1489454358	0.100264088	0.0872238523	-0.1772136851	-0.0623766598	-0.0442766803	-0.1961452939	0.0819306437	0.1347073665	0.055426233	0.1195800537	-0.0196618651	-0.0177623697	0.0625706629	0.0247522276	-0.0463893903	-0.0277403599	0.1081534248	0.0714793503	0.124226594	0.019403545	0.0487376918	0.0543672072	0.0094267945	0.1322603954	-0.1921468341	-0.0333936676	0.2050092569	-0.1818756288	0.1669821282	0.0713625307	0.0442927187	0.0374153893	-0.0724742277	0.1305700195	0.0680519978	0.191546378	0.1405064235	-0.005340266	0.0011472457	-0.1080010301	0.0364866855	0.0205494856	-0.0210251843	-0.0790290408	-0.1037315959	0.1004801588	-0.0707439165	0.0183265646	-0.1322133989	-0.0253448617	0.0145304733	-0.0336395061	-0.130861208	0.1116350119	-0.0834610947	-0.2224563736	-0.0754776056	-0.0351668458	-0.1329455403	0.0262364495	-0.0059579845	-0.0366444761	0.0192968932	-0.1532045982	0.0127438359	-0.1057156862	0.061500574	0.1502346003	0.1408894722	0.0051947792465654	-0.0003690251653977	1.3617957269687357e-07	2.6985731420546583e-05	-0.050615244456452	-0.0097730177880634	9.551187668580556e-05	0.0025619029713863	-0.0692039692966304	0.0236270335629028	0.0005582367149825	0.0047891893664089	-0.001600069991854	0.0002187155264153	4.78364814951218e-08	2.5602239788316597e-06	0.0001467702912187	-0.0004744004254351	2.1541518384422013e-08	2.250557636530987e-07	0.0009121179364742	-9.47846087500032e-07	8.984122055891183e-13	8.319591300379527e-07
1417.5513907355062	-3.4602221106706565	11.973137055174094	2009451.945376168	1961.532523698704	0.0740970898696105	0.0054903787271451	3847609.841527807	1381.126657400857	0.3793061023620794	1907510.8437832645	0.1438731192891122	1532.775009510956	1440.8435718783696	0.985565	19.825573	0.0542977532153053	0.0331515108437103	0.1581645958	0.0849714895	-0.1005968695	0.0942760621	0.1509910807	0.1134063281	0.1823938789	-0.0647397364	0.0300938001	-0.0259468083	-0.2279644415	0.0248769442	-0.248932643	0.0558175639	-0.018322481	0.145519649	-0.0865965177	-0.1080601114	-0.0014540642	-0.006492643	-0.1459277311	-0.0342707945	0.0358449496	-0.1352114951	-0.0441073285	-0.0596427638	0.0566269465	-0.0445337526	0.0525576382	-0.0206834414	-0.0267086097	-0.0146109734	0.0612284917	-0.1349797282	0.0888837863	0.0055863789	-0.0083650635	-0.025456823	0.1055367581	0.0595926713	0.0595635117	0.2142992572	-0.0061208705	-0.1413814118	-0.037910245	-0.1078517336	0.1492871622	0.0406929815	0.008328335	0.0647227237	-0.1522158144	0.0146154156	-0.0656593646	0.0364411696	0.1432428039	0.0860011628	0.0005366887	-0.0415142319	-0.0435786435	-0.0485049577	-0.2102059991	-0.0407065671	-0.0846107079	0.1094839609	-0.0285374112	0.0733495839	-0.1256712189	-0.0229500501	0.0632812713	0.0298585315	-0.124622791	0.0973947	0.093096201	-0.1334802787	-0.0778204389	-0.161925903	-0.0694081094	0.0951366465	0.1394212554	-0.0358791406	0.1937533222	-0.1943964348	-0.1859287833	-0.0901394202	0.0567532647	0.1489877092	0.136024874	0.0055690477645953	0.0003742685180298	1.400769235882975e-07	3.101429300434391e-05	-0.0425951258088019	0.0080201186476501	6.432230312238487e-05	0.0018143447426676	-0.0809969077673358	-0.0117929384707053	0.0001390733977738	0.0065604990678703	-0.0014958333318258	0.0001042366600282	1.0865281293834552e-08	2.2375173566010737e-06	0.0007238176989177	0.000577047407699	5.239120612665143e-07	3.32983710732136e-07	0.0009130424203254	9.244838512000118e-07	8.546703911296056e-13	8.336464613136644e-07
1414.3031132569108	-3.248277478595355	10.5513065779498	2000253.2961681904	1962.2828303511424	0.7503066524384394	0.5629600726933771	3850553.90629089	1378.4131993571605	-2.713458043696619	1900022.948162043	7.362854554901882	1526.5821736297962	1433.993206586257	1.080105	21.727333	0.1065408106199324	0.0472372388055112	0.0503457971	-0.051909194	0.0807929987	0.0165072574	0.0161109094	0.1197500775	0.0388227034	0.0280273646	-0.1327527478	-0.0112750691	-0.057663797	0.1347621017	0.0172181826	-0.0602965631	-0.017746459	-0.0106873584	0.0604674893	-0.0380530171	-0.0486975235	-0.1164796517	0.0950077494	0.0834989297	0.1719899943	0.0760349915	-0.0561980867	0.0513498446	0.154912095	0.081298427	-0.0725808051	-0.0042476681	-0.1911581251	0.0735998912	0.0281453175	0.1257985231	-0.2351327061	0.0609477436	0.0248990326	0.1676982814	0.0782723461	-0.0114640407	-0.0583143849	-0.0562077084	0.0755863258	-0.103546683	-0.0316004215	-0.0074642541	-0.0633453739	-0.0877001886	-0.199189472	0.1122961786	-0.0630322031	-0.0584454803	0.1709941149	-0.0405562714	0.2569434673	0.0161992509	-0.0285574787	-0.0413169858	0.0775578167	-0.0726920657	0.1071364599	-0.0367357032	0.0044938815	-0.1271734174	0.044812085	0.0484025092	-0.0996289628	-0.0806418618	0.0900055562	-0.0171638394	0.0652311907	0.0516379175	0.2824037018	0.0203318089	0.0434139926	-0.1253386036	0.1213314534	-0.0118112867	0.1543884236	-0.0533063486	0.1045839723	-0.0539116536	-0.0259212628	-0.0751129316	-0.1068967538	0.1475373187	0.1304173552	-0.0037822417551325	-0.0093512895197278	8.744661568177098e-05	1.4305352694267774e-05	-0.012169440655839	0.0304256851529629	0.0009257223170272	0.0001480952858759	-0.0626153935557241	0.0183815142116117	0.0003378800647116	0.0039206875101382	-0.0010082465995505	0.0004875867322753	2.377408214909051e-07	1.0165612055051462e-06	0.0004399413532125	-0.0002838763457052	1.935483942664457e-07	8.058577965093825e-08	0.0011092257770575	0.0001961833567321	3.848790945867444e-08	1.230381824488815e-06
1415.833712822886	1.5305995659750806	2.342735031363105	2004585.102365838	1962.923926978983	0.6410966278406249	0.4110048862286207	3853070.343106592	1379.8101060121392	1.396906654978693	1903875.928653231	1.9513482027237612	1528.8565767906207	1433.5368932188144	0.902156	18.147726	0.0643389813017565	0.0318108272231776	0.0296206361	-0.0501891998	0.0881149765	-0.0285722536	-0.0684127065	0.0204049058	-0.0137500608	0.0410374174	-0.0580036603	-0.0300746492	-0.1172669642	-0.0430410924	0.0732686068	-0.1116344782	-0.0288048914	-0.0536999545	0.0015143558	-0.0023743018	0.11584535	-0.1698055739	0.0358425225	-0.1783999614	0.2294055979	-0.109601843	0.0753085166	-0.1050825744	0.0342230275	-0.0241182027	-0.1694076418	0.0498206753	0.1433731217	-0.1625566594	0.0727722591	0.1452448073	-0.0861006985	-0.0974668508	-0.0885050481	-0.014917565	0.0712153755	-0.0122434914	-0.0823402369	-0.0706526743	-0.0169810077	-0.1477530193	-0.010168014	0.1208782126	-0.034457664	-0.1025501867	-0.2014800746	0.0045803434	-0.1460183973	0.1701748005	0.0457749082	-0.0097924326	-0.143312808	0.0407044121	0.1853437089	-0.0126238882	-0.0724405449	-0.0238535818	0.0522054193	-0.0576500661	0.0211421066	-0.1447932289	0.085229818	-0.0139487264	-0.0976502281	-0.0802398548	0.0156980896	-0.090751647	0.1224760448	0.0336568399	0.2502037033	0.0402017561	0.0128279741	-0.0258103884	0.0910502047	0.0614550043	0.077399125	0.1532668037	0.0114176207	-0.0714710779	-0.0987590694	-0.1256789223	-0.0323899668	0.1458854101	0.124097542	0.0054949784056077	0.0092772201607402	8.606681391084441e-05	3.0194787678094945e-05	-0.0248791415831846	-0.0127097009273455	0.0001615364976625	0.0006189716859161	-0.0361998268022034	0.0264155667535207	0.0006977821669097	0.0013104274605095	-0.0008862014532062	0.0001220451463442	1.4895017746201592e-08	7.853530156647806e-07	0.0004400960202977	1.5466708519999838e-07	1.936845070818736e-07	2.392190724426355e-14	0.000912695721284	-0.0001965300557735	3.8624062822335044e-08	8.330134796501211e-07
1417.4322207069729	1.5985078840869846	2.555227455488249	2009114.1002983009	1963.748843777564	0.8249167985809436	0.680487724581033	3856309.521437719	1378.0665017275674	-1.743604284571802	1899067.2831836557	3.0401559011771457	1527.753784357529	1435.477683241569	0.858174	17.262983	0.0629059614225922	0.029255775572399	0.0179089199	-0.0752495186	0.0383781253	-0.0115510538	-0.1124456943	0.0363163369	-0.0415275559	0.0083232584	-0.0919305492	-0.10213195	-0.057719685	0.0289590041	0.1519712977	-0.0944373764	-0.0795100253	-0.1248974565	0.0415323635	-0.008259231	-0.039044873	0.0110446581	0.0036201376	0.1095782535	-0.0061051962	0.1107599803	0.086899262	-0.1080131876	-0.1182569676	-0.0365248103	0.1712545439	-0.0167817176	-0.1794977621	0.2212717273	0.1729468495	0.0272437142	0.0244188265	0.102544975	0.0717958138	-0.1681563818	0.0813957784	-0.0316670502	-0.1091121474	-0.100072595	-0.0004269129	-0.0372578763	-0.0274522529	0.0507988503	-0.1392711042	0.1018658547	-0.0281066548	-0.071730272	-0.0588121958	-0.0767651043	0.0202468864	-0.1482084374	0.0429786221	0.0304484925	-0.1422009987	-0.2375973508	0.1358369572	0.0603078988	-0.0839127553	-0.0874327698	0.022668079	-0.1407186692	0.1153038912	-0.0002083505	-0.0727672573	-0.0694985435	0.0191979028	-0.0484039209	0.1471291808	0.017647469	0.1733938531	0.0138703356	-0.0530290108	0.0581583621	0.0682829956	0.0427886259	-0.0157860108	0.1153225467	-0.0762752023	0.0037659337	-0.0891973183	-0.0385299263	-0.0096404991	0.1440342395	0.1170999511	0.0085049261153784	0.0030099477097707	9.059785215553884e-06	7.233376822804554e-05	-0.0372138950357623	-0.0123347534525777	0.0001521461427358	0.0013848739837327	-0.0196936222613146	0.0165062045408888	0.0002724547883456	0.0003878387577713	-0.0011286369549339	-0.0002424355017277	5.8774972497961696e-08	1.2738213760424664e-06	0.0002498794612415	-0.0001902165590561	6.243974515034231e-08	3.6182339339180816e-08	0.0011011447748872	0.0001884490536032	3.551304580394176e-08	1.2125198152613823e-06
1418.4280668714491	0.9958461644762338	0.991709583302026	2011938.180888676	1963.9510959092008	0.2022521316368966	0.0409059247516685	3857103.907122951	1378.775522307148	0.7090205795807378	1901021.940913349	0.5027101822690054	1528.7560612960851	1436.2245938314202	0.846959	17.037394	0.0716004566182685	0.0375438955976331	-0.014855387	-0.0807432473	0.0486322817	-0.0254894175	-0.1596634638	-0.016060832	-0.0853395011	-0.0073875176	-0.104692228	-0.2041271596	-0.0325934315	-0.0628628293	0.1895989356	-0.105086917	-0.1432183347	-0.0406092617	-0.0507915069	0.0836133789	0.0306759453	0.0068248006	0.0806885006	-0.1732061693	0.1709086938	0.0585017016	0.0395720827	-0.1671534124	-0.1162899053	-0.1388515867	0.041177473	-0.0175711781	0.0207532742	0.0058387994	-0.0939397629	-0.0131168454	-0.2597506005	-0.0280500569	-0.0379712248	-0.1329617209	0.0538613104	-0.0547224613	-0.1744171892	-0.1148283159	-0.1148626497	-0.0766976311	-0.0211259091	0.170912576	-0.056916873	0.0709826624	-0.0633180497	-0.0362364771	-0.0049712047	0.0698270594	-0.0866805886	-0.0115632255	-0.1513630528	-0.153240795	0.102144998	0.08425921	0.0309189434	0.0721869642	0.0354961395	-0.1144701944	0.0578892035	-0.1836212385	0.1068348077	-0.0138843767	-0.0224734995	-0.0734647696	-0.0222953915	-0.0828844352	0.1350396399	-0.0536344901	0.0770973183	0.005641172	-0.0786014976	0.1602188166	0.0844428005	-0.0957095961	-0.0344407734	0.087903204	-0.1720744396	0.0496037121	0.0035331617	-0.0336692307	0.1668957165	0.1419863355	0.1094628008	0.0247370305350358	0.0162321044196574	0.0002634812138906	0.0006119206796912	-0.0308923453669933	0.006321549668769	3.996199021471347e-05	0.0009543370022735	0.0090423890004487	0.0287360112617632	0.0008257583432361	8.176479883543564e-05	-0.0011509677135571	-2.2330758623199946e-05	4.986627806876186e-10	1.3247266776508587e-06	-5.018255934907678e-05	-0.0003000620205905	2.5182892628236133e-09	9.003721620089974e-08	0.001184967821035	8.38230461478e-05	7.026303065496209e-09	1.404148736888436e-06
1419.843902125872	1.4158352544229729	2.0045894676669644	2015956.706404023	1964.3555498020623	0.4044538928615111	0.1635829514508307	3858692.7260381626	1379.303482175812	0.5279598686638565	1902478.0959423203	0.2787416229195565	1530.4765673728534	1440.877647594759	0.867302	17.446596	0.0879210531863745	0.0397369176691331	0.0044283709	-0.0773636482	-0.0348864142	-0.0119815668	-0.1157970024	-0.0003716463	-0.0780801273	-0.0789124794	-0.0964417471	-0.0746569772	-0.0316485651	-0.0241417296	0.183880941	-0.011587517	-0.0342126846	-0.1019735313	-0.1087111611	0.022020974	-0.0105876857	0.0285132086	0.1753861315	0.0704942949	0.0424549569	0.107309965	-0.0560278795	-0.0895634858	0.0370327826	-0.2153593783	0.1717866451	-0.0612758311	0.1317151231	0.0682684111	-0.1066852464	0.0367455307	0.2173235112	0.1288717495	0.1422858409	-0.0722117468	0.0167131438	-0.0648214145	-0.0531194037	-0.0744892382	-0.1387782913	-0.1013947942	-0.0368525707	0.0459286111	-0.1677133108	-0.0202939735	-0.0347829927	-0.1865165309	0.1428389805	-0.0412365543	-0.081804263	0.0186013144	0.0091348056	-0.0685806913	0.0032419707	-0.1861870497	0.0085680374	-0.0282848942	-0.0525672281	-0.108005391	0.0123395909	-0.1938143675	0.107778072	-0.0392691459	0.0038049928	-0.0568584436	0.0076426674	-0.0751978605	0.1004726806	-0.0680009963	0.0675321534	0.0259916893	-0.0294209455	0.1202559627	0.0211798087	-0.0107631325	-0.162650236	0.1154315942	-0.0812518976	0.0303447104	0.0049746364	0.0795638709	-0.0091417114	0.1397444952	0.1012278027	0.008053557622162	-0.0166834729128738	0.0002783382684345	6.485979037348364e-05	-0.0545846506088167	-0.0236923052418234	0.0005613253276717	0.0029794840820865	0.0011975683772575	-0.0078448206231911	6.154121061004595e-05	1.4341700182071616e-06	-0.0014829249480635	-0.0003319572345063	1.1019560554113696e-07	2.199066401589134e-06	-0.0001811333325985	-0.0001309507732494	3.2809284178238824e-08	1.7148105014621856e-08	0.0008538667406211	-0.0003311010804139	1.0962792545125189e-07	7.29088410738901e-07
1418.3490290618915	-1.494873063980549	2.2346454774145945	2011713.9682408103	1962.102089174332	-2.253460627730419	5.078084800731175	3849844.608342278	1380.1060422561925	0.8025600803805446	1904692.6878720515	0.6441026826204262	1531.2830351360471	1442.666097434893	0.9189250000000002	18.485058	0.0500745428303736	0.0273537061321499	0.0526623673	-0.0667364549	-0.0220436422	0.0508838601	-0.0479252995	0.0428274476	0.0081148895	-0.011973056	-0.073496341	-0.1980988881	-0.0317702532	0.0193302728	0.1256129677	0.0334217183	-0.0483163535	-0.0729107928	0.0106118682	0.0915455306	0.0734202045	0.0709400491	0.1207198605	-0.135873775	0.0109530542	-0.138456293	0.0627228734	0.0128555539	-0.0405860008	-0.0435386365	-0.0810141988	-0.002935982	0.000150687	-0.0272832654	-0.0363858197	-0.1416014676	0.1216919561	-0.0682374811	0.1734324192	-0.1189547884	0.0477110901	-0.0590477186	-0.0403128235	-0.0386040215	-0.0382094503	-0.0900792313	0.0391346697	0.1435893597	-0.0230650542	0.0840618418	-0.045216225	0.0102604292	-0.0399099458	0.1023222089	-0.0016330476	0.1076164628	-0.0370290667	-0.1161517087	-0.0487943309	0.1223270488	0.0353322749	0.0344342188	-0.0126340224	-0.0753197464	0.0504923119	-0.1025097872	0.0797118455	-0.0811111117	0.0138422058	-0.0488842555	-0.0197203869	-0.0794488841	0.0226352758	-0.0742877211	0.0291171896	-0.0226654431	-0.0211426921	0.056556787	-0.0943631591	-0.1482136095	-0.0935937518	-0.0248156567	-0.0733295305	-0.0484362553	0.0928775757	0.0923060706	0.0451232423	0.1373117808	0.0924399334	0.0084797012179365	0.0004261435957744	1.8159836421962009e-07	7.190533274547375e-05	-0.0483211082994188	0.0062635423093979	3.923196226161758e-05	0.0023349295072841	0.0106733726955638	0.0094758043183062	8.97908674788323e-05	0.0001139208846984	-0.0010124559330862	0.0004704690149772	2.2134109405371083e-07	1.025067016441448e-06	-0.0001293533426447	5.177998995380001e-05	1.6732287253357162e-08	2.6811673596156302e-09	0.0006979346934143	-0.0001559320472068	2.4314803346103704e-08	4.87112836271313e-07
1416.9935220539485	-1.355507007943061	1.8373992485827488	2007870.6415428536	1958.0923763808385	-4.009712793493463	16.077796686305152	3834125.7544407593	1379.616349347933	-0.4896929082594852	1903341.271388118	0.2397991443996325	1530.0207881616268	1427.7856216130883	0.980721	19.728134	0.0635330102078631	0.0361283468882458	0.0079509216	-0.0992637549	0.072219048	0.056074041	0.0234647017	0.0414299553	-0.0474989519	0.0453592034	-0.0955481881	-0.0240831993	0.0302259741	-0.1078568768	0.0097179803	0.1640179357	0.0067643352	0.0280028089	0.0936789074	0.1242410203	0.0843965636	0.0371208705	-0.0533735634	-0.0045360023	-0.2010221351	0.0322033187	0.0792236407	0.0220187365	0.0216969661	0.130112834	-0.0162066384	0.0412424562	0.0827336298	0.1041024072	-0.1188546133	0.0081620502	-0.1020505769	-0.080384604	0.0552586929	0.1712951365	0.0262984082	-0.1099700717	-0.0587072948	0.0399536878	0.1041855682	0.0002805692	0.0249961767	0.003713228	-0.0214537423	0.0276625121	0.129800864	-0.0754990407	0.0512080059	0.0493112667	-0.0671395808	-0.0931027946	0.0056213287	0.0477942481	-0.0825976043	0.1705293509	0.0648390992	0.2223019496	0.0187858155	-0.0334274908	0.0947508925	0.0633945508	0.0058907803	-0.0661083183	0.1585965709	-0.011544874	-0.045912475	0.0363260724	-0.1013823467	-0.1021757526	-0.095595193	-0.0453343057	0.0199167144	-0.0751527611	0.0139078753	-0.1230723249	-0.0311578989	-0.1339130567	0.0021053948	0.0615053185	0.1055637043	0.2290979063	-0.0761615016	0.1346915149	0.0831471893	-0.0004133923827964	-0.0088930936007329	7.908711379139647e-05	1.7089326215408534e-07	-0.0521243023416246	-0.0038031940422058	1.4464284922669724e-05	0.002716942894601	0.0153736747841932	0.0047003020886294	2.2092839724373903e-05	0.0002363498763701	-0.0014829830213251	-0.0004705270882389	2.213957407665776e-07	2.1992386415385223e-06	-0.000129182328409	1.7101423569997596e-07	1.6688073973170732e-08	2.924586881204693e-14	0.000245904386363	-0.0004520303070513	2.043313984928926e-07	6.046896723256357e-08
1418.954468063421	1.9609460094725364	3.8453092520662646	2013431.7824371464	1959.251216437227	1.1588400563884989	1.3429102762904992	3838665.3291107537	1379.7415297300483	0.1251803821153316	1903686.6888618136	0.0156701280665404	1529.148793325002	1435.1784165238116	0.972544	19.563648	0.063799943361138	0.028863143048392	-0.0327787331	-0.0920890549	0.1317070094	0.0169063712	-0.1190913408	0.0203088949	-0.1211918213	0.1197170074	-0.0633238113	0.0748147499	0.04805818	-0.1031784663	0.0546429256	-0.0051294627	0.0430548459	0.075148965	0.1508143367	0.0070321404	-0.0622462637	0.0423281865	0.0328700369	-0.0534826276	-0.167276806	0.0181701163	-0.2019245634	-0.0168385178	0.0670816642	0.0786684818	0.1115472676	0.1487086791	-0.1128865899	0.177488894	-0.1508114753	0.0592434573	-0.042615955	-0.0126206655	0.0234182379	-0.0921746926	-0.0258070812	-0.1069381101	-0.0031011292	0.0015230051	0.1613449479	0.0727434257	0.0922796102	0.0405294753	-0.00100736	-0.0273289346	0.1331267525	0.1182513568	0.0515749616	-0.1746646339	-0.1033445366	-0.1188127538	0.1188190003	0.0189479357	-0.0900510062	0.1496980409	-0.0678700505	-0.0096406879	0.107546469	-0.0031737605	0.0931037851	0.0892016995	0.0478924226	-0.0207297472	0.1832266617	-0.0100394652	-0.0083941619	-0.1165651547	-0.0959534811	-0.055903745	-0.0264339672	-0.0012764379	0.0562816316	0.0555158891	-0.0356130163	0.0153810336	0.0396025568	0.0412358424	-0.1005574684	0.2419186753	0.1445653323	0.3226492148	0.0398158638	0.1318872767	0.0734003241	0.0084178991563135	0.0088312915391099	7.799171024875412e-05	7.086102620586353e-05	-0.0438597931047439	0.0082645092368806	6.83021129264864e-05	0.0019236814511909	0.0038238772533958	-0.0115497975307974	0.0001333978230024	1.4622037249037806e-05	-0.0011819298536491	0.000301053167676	9.063300976775389e-08	1.3969581789469829e-06	-0.0002867899127325	-0.0001576075843235	8.224845404511499e-08	2.484015063628916e-08	0.0004903305354505	0.0002444261490875	5.974414235774478e-08	2.404240339951741e-07
1419.4642870451578	0.5098189817367711	0.2599153941391181	2014878.862196618	1956.220153644521	-3.0310627927060523	9.187341653327012	3826797.289524993	1380.903791292446	1.162261562397589	1906895.280805851	1.3508519394268843	1530.5712482301228	1436.223090241138	1.026187	20.642725	0.0546836701177739	0.0319156890795112	0.0730822393	-0.0303564982	-0.0084908594	0.0507708554	-0.0449794802	0.069284249	-0.0127961085	-0.0046876037	0.0674705317	0.0980043024	-0.1065435574	0.0218869128	0.0346367141	0.0424958263	-0.0196858591	-0.0303680414	0.0457369087	0.0339127286	0.1230298496	0.1301163252	0.1970503787	0.0483517703	-0.0015097921	-0.1762826677	0.1702610118	-0.0532895998	-0.1697777689	0.1214788575	0.0783310557	0.0587428187	-0.0250585982	0.1010014557	-0.1164868576	0.0492420522	0.002052781	-0.1267568878	-0.0107976361	0.1157456253	0.0445249859	-0.08989593	0.0598136848	0.0734785886	-0.051252656	-0.0085968038	0.2510075766	0.0848571588	-0.0769718824	0.0106375522	0.0012260148	-0.0639014425	-0.012654183	0.0660443415	-0.1195564923	-0.0450197275	-0.051392359	0.0174458358	-0.0234541069	0.0556490593	-0.0023510587	0.0308884571	0.0159154165	-0.015183031	0.0984704954	0.0995009397	0.0602947556	-0.0471375823	0.1244739019	-0.1227928824	-0.1038722975	-0.1036898513	-0.0585148978	0.0623359444	0.0298733823	-0.0938464838	0.0068552484	-0.1090967327	-0.053629313	0.0073051998	-0.0642178384	0.0303394017	-0.0389735598	0.1594206302	-0.0600719431	-0.0788689685	-0.0220298891	0.1289028963	0.0632525717	0.0083804357050496	-3.746345126389925e-05	1.403510180602554e-09	7.02317026064702e-05	-0.0211124829918247	0.0227473101129192	0.0005174401173733	0.00044573693808	-0.0093934517884051	-0.0132173290418009	0.0001746977869992	8.823693650109098e-05	-0.0008829481960729	0.0002989816575761	8.939003156701206e-08	7.795975169483883e-07	-0.0002122162189182	7.457369381430002e-05	4.5035723571937386e-08	5.561235809108968e-09	0.0004904065342958	7.599884529997052e-08	5.7758244869288486e-15	2.4049856888001764e-07
1418.4580674637282	-1.0062195814296049	1.012477846052369	2012023.2891529344	1955.811015631563	-0.4091380129580102	0.1673939136472289	3825196.7288657655	1380.447527066929	-0.4562642255168612	1905635.3749852	0.2081770434865011	1532.0065656541944	1430.4539302833423	0.8821719999999998	17.745737	0.0520092566347027	0.0310728259627903	0.1086623354	-0.0662364572	0.0371991995	0.0813977366	0.0019318986	0.122404731	-0.0262402252	0.0314445123	0.0445843005	0.0597864931	-0.1673198867	0.0102825643	0.056361864	0.0500394286	0.0570252256	-0.0172171281	0.0347405151	0.0476994432	0.0828307353	0.0900658693	0.2319653643	0.0276169093	-0.1781815584	-0.0311442576	-0.010369847	0.0187446543	-0.0531063971	-0.0284391447	0.1356038637	0.2229404065	0.086446371	-0.2711728313	-0.0248931203	0.0871469419	-0.0836997006	0.0754932205	-0.1627936559	-0.0265855212	0.0719417076	-0.0871913398	0.0716236384	0.085934472	0.0142421897	0.05297186	0.2025842687	0.0919277028	-0.0530202482	0.0102775445	-0.032762516	-0.1239017269	0.1012874002	0.0263349271	-0.2064714545	0.0565921237	-0.0246990902	0.0881730777	-0.2300816674	0.0715232754	-0.220699954	0.026361434	-0.1119938546	-0.0202315716	0.1496152909	0.1402323016	0.106170247	-0.0573851145	0.1043001736	-0.0883326453	-0.1120613167	-0.0944639788	-0.0387021062	0.1010642881	0.0157626241	-0.0015757694	0.0137779969	-0.0528574412	-0.1306394467	0.0334427574	-0.0326640818	-0.0228573615	-0.0800852199	0.1325406004	-0.1904200146	-0.0154401469	-0.0826620903	0.1257424501	0.0527593557	0.0085016116656504	0.0001211759606007	1.4683613427526561e-08	7.227740091352297e-05	-0.0264826148197556	-0.0053701318279308	2.883831584935645e-05	0.0007013288876915	0.0195445306619959	0.028937982450401	0.0008374068282997	0.0003819886787976	-0.0006149681110508	0.0002679800850221	7.181332596845198e-08	3.7818577760938907e-07	-0.0001291508512146	8.30653677036e-05	1.6679942369455746e-08	6.899855311734273e-09	0.0004909604094855	5.538751897000418e-07	3.067777257652573e-13	2.4104212368216986e-07
1417.550691007729	-0.907376455999156	0.8233320329015882	2009449.96157649	1960.2121109501009	4.401095318537955	19.369640002856706	3842431.5199154494	1381.6134741275016	1.1659470605725346	1908855.7918906645	1.3594325480577336	1531.2654902673823	1427.9538222052493	0.921853	18.543955	0.1041383253910999	0.0478512538483517	0.0832907157	-0.0815912632	0.1113009676	0.040811082	0.0583954018	0.1198096121	-0.061651239	0.0410644613	-0.0380496157	0.0784407382	-0.1579953189	0.0592275097	0.0802281488	0.0418807406	0.0101277498	-0.0778126033	0.108090203	0.0048312848	0.1883261696	-0.1396372365	0.0179312063	-0.0793268262	-0.0641061241	-0.0006030977	-0.0282980609	-0.0768791733	0.0619510098	-0.1205906856	-0.0349921818	-0.0080357955	0.0241521795	-0.0080123595	0.0208505847	-0.1938074611	0.1278443669	-0.0297164266	0.016167327	0.0617138204	0.0801551318	-0.1016870421	0.0127740881	-0.0175367501	0.0873375129	-0.0548065657	0.1096515817	-0.0155046706	0.056621868	-0.0695344832	-0.0035125147	-0.0576521485	0.0845038413	-0.0158000992	-0.0923539908	0.0883162052	-0.0052175317	0.0427060892	0.1428137412	0.0947404835	-0.0213414499	0.0303127885	-0.0498177573	0.0277615764	0.1466503266	0.0723493895	0.0524022989	-0.2120383434	0.0574748151	-0.0662137121	-0.1435756624	-0.0002248868	0.0608346782	0.1289851244	0.0018992641	0.047821448	-0.0453604974	-0.1366987463	-0.0862804715	0.1864592496	-0.0222082256	0.0742745545	0.002559204	-0.0161897256	-0.0460039172	-0.1148590616	-0.0855645042	0.1224102548	0.0419779864	-0.003641446458559	-0.0121430581242094	0.0001474538606079	1.3260132310551882e-05	-0.0439112225175364	-0.0174286076977808	0.0003037563662831	0.0019281954629845	0.0458065313562627	0.0262620006942667	0.0006896926804656	0.0020982383148922	4.901222609985878e-05	0.0006639803371506	4.4086988812270243e-07	2.4021983072636782e-09	-0.0001289951809093	1.5567030529998202e-07	1.6639756697823038e-08	2.423324395218961e-14	0.0001890032394446	-0.0003019571700409	9.117813253910901e-08	3.5722224520552805e-08
1418.22060843851	0.6699174307809699	0.4487893640641756	2011349.6941996976	1958.353501842868	-1.858609107232951	3.454427813489267	3835148.438180224	1377.6737893572629	-3.939684770238728	1897985.069882	15.521116088850976	1527.5209222184471	1424.5165109690608	0.916953	18.445372	0.0623598100910545	0.0268988809720277	0.0805662781	-0.1377037966	0.0806751074	0.0906650416	0.0399720471	0.1387147858	-0.0461044132	0.0749343761	-0.0492452075	0.0374309749	-0.0233225901	0.0001752323	-0.0588165745	0.0904383604	0.0567551458	-0.2086374912	0.0815160956	0.0506746001	0.1150465165	-0.0291161384	0.0039020801	0.0967524658	-0.021498408	-0.0858120735	-0.194623921	-0.1107751896	0.0593686244	0.0702614754	-0.0203530821	0.0354042162	0.0566298261	0.1018494863	0.0543562508	0.0491757548	-0.0065847967	0.0644018869	0.0333375998	0.0778277681	0.1091904393	-0.0834614729	0.0279732494	-0.0341758708	0.1052108306	0.0426639779	0.0797945023	-0.006980236	-0.0514881509	-0.1175418179	-0.0395752231	-0.0957955782	0.1120597466	-0.0802958353	-1.20358e-05	0.0714331522	0.0814273238	-0.007414682	0.0262212736	0.0142788776	0.0328141877	0.0843199528	0.0111835636	0.0328848211	0.1306165022	0.1071283179	0.0670469911	-0.1826997963	0.1390637083	0.0123734872	-0.0771594764	0.0567587262	0.0458246841	0.0331973974	-0.0303506631	0.0286511744	0.0452135958	-0.0087440033	-0.0574158861	0.0431487545	-0.1299558503	-0.0754812457	-0.0090672035	0.0145352428	-0.0507155578	0.0253002527	-0.0609990112	0.1189108618	0.0309673479	0.0084659019428841	0.0121073484014431	0.0001465878853139	7.167149570652879e-05	-0.0275222848469951	0.0163889376705413	0.0002685972779688	0.0007574761631991	0.0326440999632922	-0.0131624313929704	0.0001732496001746	0.0010656372624134	-2.899672995167668e-05	-7.800895605153545e-05	6.085397224250391e-09	8.408103478904634e-10	-0.0002980005492518	-0.0001690053683425	8.880432735437447e-08	2.8562814528584097e-08	2.1995711316641424e-05	-0.0001670075281279	2.7891514451410876e-08	4.838113163250275e-10
1418.7066427177522	0.4860342792421761	0.2362293205984616	2012728.538091476	1961.292464225523	2.9389623826550637	8.637499886661526	3846668.130227824	1380.7192200187624	3.045430661499495	1906385.56452922	9.274647914001251	1530.3762146209503	1430.2280983615717	0.902845	18.161592	0.045024915834674	0.0232970346309499	0.0017384425	-0.1241702709	0.1002900602	0.0384705626	-0.055633689	0.0862480784	-0.1144893087	0.0584416592	-0.151066146	0.0766773529	0.0781343751	0.0021114573	-0.0008162687	0.0250044856	0.0736681495	-0.0016406917	0.0613578621	0.066565627	0.0361385015	0.0116883294	-0.0047755807	-0.0439332148	0.0892222154	-0.0755808535	0.0104604404	-0.0174672216	-0.0345696964	0.0702460562	0.0194184725	-0.1739539496	0.0401602508	0.0630653137	-0.0401718859	-0.0823370629	-0.0245550309	-0.0967075921	0.00629774	-0.2506247303	0.0245456039	-0.0975231148	0.0631445188	-0.0345618621	0.0861440792	0.0364136159	0.0732270283	0.0922627149	0.0750896229	-0.082542576	-0.0366167356	-0.0442611933	0.0891713193	-0.0120895905	-0.1332230625	0.0100429162	0.0646296338	-0.0254464174	0.1300010642	-0.1284255916	0.0655972868	0.0506128833	0.1555498639	0.0368760487	0.1127950397	0.0840180658	0.0530337269	-0.1507101272	0.1290698045	0.0063761145	-0.0784149561	0.0637423044	0.029102519	-0.0057814222	-0.1230594536	-0.0086811537	0.0072288845	-0.0017155057	0.05595477	0.0496785987	-0.0708473684	0.018978918	0.0203696009	-0.0459402252	0.0221325549	0.0127225424	0.1181793027	0.1152490509	0.0197875765	0.0084603683374098	-5.533605474299444e-06	3.0620789545196774e-11	7.157783240464628e-05	-0.0133421945619716	0.0141800902850235	0.0002010749604914	0.0001780141557295	0.0424827518055082	0.009838651842216	9.679907007234034e-05	0.0018047842009684	-0.0002799984121903	-0.0002510016822386	6.300184448661884e-08	7.839911082908915e-08	-0.0001290032104692	0.0001689973387826	1.664182831136071e-08	2.8560100515600884e-08	2.1981930298660445e-05	-1.3781017980979182e-08	1.8991645659207155e-16	4.832052596551661e-10
1419.3335037188706	0.6268610011184137	0.3929547147231798	2014507.594778885	1958.561530164493	-2.730934061029984	7.4580008456937215	3835963.26744028	1381.4200109446767	0.7007909259143617	1908321.2466383907	0.4911079218439083	1531.1772013488628	1428.1742752389964	0.922799	18.562971	0.0480633876018132	0.0288643467583862	0.0309226274	-0.1240397151	-0.0169787134	0.0721523843	-0.05082152	0.1041465647	-0.0350147964	-0.0100592813	0.000437999	0.0738258567	0.0945201991	0.0429634879	-0.0364303174	0.042261329	0.0846002813	-0.0392292513	0.0639240834	-0.0350727846	0.0832068115	-0.006760321	0.0416521211	0.025726679	-0.1215138662	0.0107635649	-0.300163069	-0.1460265305	0.0951065023	0.1577929236	-0.0383602601	-0.1016250782	-0.0496387158	-0.0969497524	-0.1252610741	0.042911662	0.1550107174	0.0204856835	-0.1564994382	-0.0495205389	0.0125127074	-0.094056251	0.12759951	0.0072387824	0.0940402783	0.0947775822	0.0332859846	0.0459580819	-0.0362117864	0.0580066911	0.1044112271	-0.0869299348	0.1440728795	-0.1029426032	-0.1210162916	0.1872604667	0.0416660929	0.1440482377	0.1429484066	-0.0418262712	0.0475787685	-0.1591599269	0.0127068861	0.0657377545	0.1052573545	0.0771035811	0.0311377985	-0.1100121145	0.1535940637	-0.0089183006	-0.0055023572	0.0653283589	0.0244008641	0.0096740719	-0.1390327713	0.0081285437	0.0683359571	-0.0709256685	0.0249377622	-0.0165923673	-0.1137398487	-0.0498912924	0.0496321244	-0.1847135013	-0.0081403666	0.0107258071	0.0559587618	0.1114298236	0.0084997322	-0.0054579300111328	-0.0139182983485426	0.000193719028919	2.9789000006424086e-05	-0.0042151496951277	0.0091270448668439	8.330294800138157e-05	1.7767486952335142e-05	0.0192148127740523	-0.0232679390314559	0.0005413969867715	0.0003692090299418	-0.0002449989161862	3.499949600410001e-05	1.2249647205410123e-09	6.002446893241265e-08	-0.0001290029189837	2.9148549998930616e-10	1.6641753106315067e-08	8.496379670401583e-20	2.1984249908477848e-05	2.319609817403147e-09	5.380589704993062e-18	4.833072440384082e-10
1417.9970642312844	-1.3364394875861765	1.7860705039796014	2010715.674168541	1961.509051087082	2.947520922589092	8.687879589100453	3847517.757496545	1381.5389304974574	0.1189195527806532	1908649.8164800585	0.0141418600335505	1533.0117954351963	1439.649138722298	0.969601	19.504442	0.0371270112918982	0.0178915838627457	-0.0548711487	-0.1180108038	0.0267952382	0.0612259125	0.043536627	0.0841295944	-0.0266432683	0.0324421886	-0.1207032881	0.0113930859	0.0094358346	0.0832061133	-0.0826334922	0.0903563209	0.0908379034	0.1406367362	0.0211578531	0.1087750487	0.0975716027	-0.0552533516	-0.0182109061	-0.2136767661	-0.1207225269	0.0257969614	0.0679189929	0.0689029803	-0.075806802	-0.1154069519	-0.1837222654	-0.1455478558	0.0124141018	-0.0588132382	0.0365098504	0.0498056786	0.0722603891	0.009446968	0.1050523469	0.0035178225	-0.0449888255	-0.1119202478	0.1193097551	0.0481966978	0.1520755332	-0.1044230294	-0.0558279468	-0.0333335233	0.1741625022	0.0254726804	0.0813408109	0.0052197766	0.1284133107	0.1603159282	-0.0414795359	0.1864387102	-0.0197723976	-0.0310479105	0.0207698414	0.1538644796	-0.001250582	-0.0837485892	0.0432367208	0.0984838335	0.1201768936	0.0502481994	-0.0836509684	-0.0948021248	0.1560853932	-0.002152085	-0.0077725851	0.0651509171	0.0296731437	-0.1033877519	-0.159043607	0.0597036928	0.0740712128	-0.0435814468	-0.0615900232	-0.0227498147	0.0135696389	-0.0825269683	0.1051419487	-0.2174838015	0.1259982856	-0.1142475315	0.1350204528	0.1074583966	-0.0028345346	-0.0087443622262242	-0.0032864322150913	1.080063670439056e-05	7.646387074341664e-05	0.0008900434298624	0.0051051931249901	2.6062996843446183e-05	7.92177307041225e-07	0.0314992666034541	0.0122844538294017	0.0001509078058867	0.0009922037965554	-0.0001000005757379	0.0001449983404483	2.1024518732761112e-08	1.0000115147911476e-08	5.499892427152098e-05	0.0001840018432552	3.0248816710244994e-09	3.385667832131891e-08	2.2002708653256506e-05	1.845874477865724e-08	3.407252588036058e-16	4.841191880800887e-10
1416.7290088114285	-1.2680554198559548	1.6079645478260618	2007121.0844078125	1958.388148482128	-3.120902604954153	9.740033069609622	3835284.140115257	1379.148339138882	-2.3905913585754206	1902050.1413495368	5.714927043695475	1528.9918647890602	1435.9814528294771	1.000662	20.129267	0.0324605193852922	0.0175586046719585	-0.1757877544	-0.0081654949	0.148522014	0.0088780418	0.0699819469	-0.1047252512	-0.1436606414	0.1062733763	-0.0736210565	0.1241365641	-0.0068209936	0.038997414	-0.0431929376	0.0209508754	0.0384361248	0.1362002672	0.1160122915	-0.0569656802	0.0054924008	0.0263603993	-0.0878697983	-0.118143157	0.0394339201	0.127607351	0.0116682776	0.1469046299	-0.029160349	-0.0595432851	-0.1239119579	0.1394579064	0.1571015717	-0.0263430199	-0.1362082571	-0.20969125	0.1095625981	0.2194841079	0.0225015691	0.1347056515	-0.1754808017	-0.0585470489	0.0170919764	-0.0443518856	0.1762890164	-0.0304640833	-0.0581004981	-0.00434868	0.0949673767	0.1079240938	-0.0215438294	-0.0675079573	-0.0283565978	0.0658081278	0.000586491	0.0070528594	0.0402253188	-0.0410446664	0.0596941648	0.108081052	-0.2303675498	-0.1167219906	-0.1136097001	0.1013529751	0.123430013	-0.0124121116	-0.1335469013	-0.0264855918	0.1144482644	0.0135432893	-0.0329106376	0.022059839	-0.0049875035	-0.1144454212	-0.1046671457	0.0305962422	0.1114577159	-0.0346792716	0.0542340158	-0.1079760452	0.2116159235	-0.0382563557	-0.0417308568	-0.0299279664	-0.0755265242	-0.1153617129	-0.0229978467	0.1033401944	-0.0141533203	-0.0087251912375734	1.9170988650799022e-05	3.675268058490649e-10	7.612896213222765e-05	-0.0088119608441132	-0.0097020042739756	9.41288869322408e-05	7.765065391818423e-05	0.0430382036462688	0.0115389370428147	0.000133147068078	0.0018522869730977	-5.999858305716482e-05	4.000199268073518e-05	1.6001594184295907e-09	3.5998299688675062e-09	-0.0001290006406329	-0.0001839995649044	1.6641165283698607e-08	3.3855839885016234e-08	2.199612464138902e-05	-6.584011867484334e-09	4.334921227117455e-17	4.838294992395213e-10
1417.0529906640718	0.3239818526433282	0.1049642408422032	2008039.17834999	1961.6436575612715	3.2555090791436214	10.59833936438655	3848045.839250363	1379.1882327422695	0.0398936033875543	1902160.181334745	0.0015914995912434	1528.6536724384014	1422.701536392182	0.971681	19.546286	0.0385287311281579	0.0221598487448347	-0.1689788329	0.0747225899	0.1545806626	-0.093231403	0.0633063624	-0.2040308768	-0.1322447866	0.090903379	-0.0288073497	0.0311473147	0.0416162498	0.1336122682	-0.0880094657	-0.0254499584	0.0887179042	0.0678951727	0.0873439576	0.0362435672	-0.0556542098	-0.0408366164	0.0296877768	-0.1196343471	-0.0257851441	0.2837748418	0.1525470172	0.1727004546	-0.0742066603	0.007186926	0.0187204806	0.1557081394	-0.0282751776	0.1402520482	-0.0757138589	0.180687955	0.0610753596	0.060920884	0.1237158427	0.041390621	-0.2117938123	0.0402451535	-0.0098894885	-0.1293869696	0.0863078224	-0.0991970495	-0.0151368432	0.0344235905	0.0788636554	-0.117856381	-0.1179263518	-0.0833662541	0.0938519503	0.0792890555	0.1396902423	0.0313189627	0.0242833545	0.1108235964	-0.139106496	-0.0356068901	-0.0011215914	-0.0275503951	0.0877225001	0.0879783008	0.0950437582	-0.1033136084	-0.1511238236	-0.0626283	0.012798449	0.0675030705	-0.0706330893	-0.0241285682	-0.0002400113	0.0018973348	-0.0313000594	0.0217377473	0.1558354537	0.0113293532	0.0752707232	-0.0252196131	0.1487592476	0.0022555681	0.0180389021	-0.0651373217	0.1177175679	-0.0710448969	-0.0251449041	0.0990808418	-0.0253948054	-0.0087251711576499	2.0079923499990996e-08	4.032033277654905e-16	7.61286117302857e-05	-0.0255963289917389	-0.0167843681476257	0.000281715014115	0.0006551720578533	0.0507314916631003	0.0076932880168315	5.918668050992317e-05	0.0025736842463632	0.0002210011666414	0.0002809997496985	7.89608593306561e-08	4.884151565685985e-08	-0.0001289974098912	3.2307416999912547e-09	1.6640331758638265e-08	1.0437691932062382e-17	2.2014241876670016e-05	1.8117235280994533e-08	3.28234214226913e-16	4.846268454045318e-10
1421.0854895915438	4.032498927472034	16.2610476000631	2019483.9687276375	1962.829320599956	1.1856630386844245	1.405796841302383	3852698.941806885	1381.9890934501109	2.800860707841366	1909893.8544150596	7.8448207047296385	1531.1849143288352	1432.5472284403204	0.951573	19.141787	0.1022091508678425	0.0544073583347207	-0.15853891	0.0968092403	0.0546883473	-0.1641077642	0.0961952378	-0.2320859612	-0.0646851495	0.029982243	0.0848126369	-0.0138421287	0.1172315887	0.0536990924	-0.0260491306	0.1304768628	0.1418157735	0.1213374296	0.1226075742	-0.1335771566	-0.0509739077	-0.0618199709	-0.107626675	0.0724362033	0.0936258685	0.0394187797	-0.0379589938	-0.0177114612	0.1260708894	0.0607370842	0.0597622363	-0.0087415798	0.3158269427	0.0180149336	-0.1142906085	0.040474903	0.1022316136	-0.131202708	0.0036097099	-0.0629357296	-0.2031483158	0.1130048688	0.039893533	-0.0373863088	0.1109293913	0.0369965122	0.0034616169	0.0695575307	-0.0514929314	-0.2088343108	0.0754048544	-0.148124139	-0.1482792547	0.1489727673	0.1616942419	-0.0230557244	-0.0436899912	0.1187370485	0.1039929292	0.0670026338	-0.082690621	-0.0312987775	0.0500251197	0.1214148415	0.0782564384	0.0225027774	-0.120335419	0.0844065673	0.0311816141	0.1080491104	-0.0328860385	-0.0351144538	-0.0689226275	0.0531020547	0.0800302697	-0.0618009258	0.1691454207	0.155943681	0.2363866784	-0.2414856103	0.051742328	-0.0940013014	0.1359081646	0.0810940859	-0.0161167561	-0.1373953653	-0.068338339	0.0946861568	-0.0364975928	-0.0005701135657858	0.0081550575918641	6.650496432662029e-05	3.250294778929997e-07	0.0170375433508809	0.0426338723426198	0.0018176470709268	0.0002902778834331	0.031490184943351	-0.0192413067197493	0.0003702278842834	0.0009916317477664	0.0003949961228539	0.0001739949562125	3.02742447873898e-08	1.560219370696133e-07	0.0003400045115118	0.000469001921403	1.1560306784837777e-07	2.1996280227970586e-07	2.1432835219982715e-05	-5.814066566873008e-07	3.3803370044030494e-13	4.593664255669315e-10
1419.629322730255	-1.4561668612889207	2.120421927916027	2015347.4139555625	1967.3182456724105	4.488925072454549	20.15044830611108	3870341.0797555703	1378.85419454099	-3.1348989091209205	1901238.8898032825	9.827591170407535	1529.4262963141596	1429.0967871810224	0.949028	19.090591	0.0578401507058951	0.028434718444862	-0.0872514383	0.1796654654	0.0461682426	-0.0256401999	-0.0186154101	-0.1694953682	0.1098134121	0.0340749741	-0.0874642764	0.0402747285	0.1001115418	0.1154309595	0.1242663997	-0.0767203336	0.0729925372	0.0330971721	0.0629547651	-0.2080636867	-0.0100978393	-0.0096938838	0.0688784783	0.1662467744	0.1737361139	-0.0107304773	-0.0358378909	0.2210485197	-0.0658842533	-0.139629703	-0.0366055121	0.0958501265	0.0937773676	0.0022637298	0.1375142571	0.0648168363	0.0586885376	0.0218559942	-0.0837803935	-0.1813384678	-0.118888511	0.1911177981	0.0646815054	0.0606518535	0.0844294889	0.056776871	0.0021495025	0.0592172969	-0.1065882346	-0.174409857	-0.1075638143	-0.003013943	0.0362857387	-0.168282336	0.1096878628	0.0464860356	-0.1261171958	-0.020773549	-0.0681838414	-0.0951738979	-0.0314484841	0.1922177732	0.0253519982	0.118264576	0.0842952829	0.1110105996	-0.1148807862	0.0073295624	-0.0291015722	0.0963136502	-0.1167175058	-0.0346844973	0.007805397	0.0450677644	0.0327770518	0.0458772027	0.0948587379	0.2152756293	0.0805810331	-0.046167648	-0.0683857437	0.0719796242	0.1057938022	-0.0258478687	0.0148486958	-0.0953886145	-0.014098843	0.0901621419	-0.0474010431	-0.0010903655053908	-0.000520251939605	2.706620806627646e-07	1.1888969353461349e-06	0.0017452124962886	-0.0152923308545923	0.0002338553829663	3.0457666572018867e-06	0.0492439486293747	0.0177537636860237	0.0003151961250191	0.0024249664766124	0.0003400122800893	-5.498384276460001e-05	3.023222965162256e-09	1.156083506115246e-07	0.0001269666925522	-0.0002130378189596	1.6120541017644883e-08	4.538511230706332e-08	-0.0001960215875693	-0.0002174544227892	4.728642599062012e-08	3.8424462793188746e-08
1420.6912360189376	1.0619132886827174	1.1276598326809444	2018363.5881010168	1962.4046842513544	-4.913561421056102	24.143085838490855	3851032.144771658	1383.02823668953	4.174042148540138	1912767.103480551	17.422627857789575	1531.416442373138	1427.166830074108	0.904554	18.195963	0.0436145813894239	0.0218799172797773	-0.0251863591	0.2004291082	0.0384526547	-0.0661238494	-0.0724448493	-0.1084544492	0.1343173895	0.0594154306	0.0875447154	0.1493339834	0.0714730642	0.0928823937	0.0248386449	-0.0019758941	0.1299944291	0.0127749395	-0.1303905262	-0.0997358024	-0.0356101169	-0.0372556942	-0.0118738147	-0.028614752	-0.0214445365	0.0689228194	0.0276019355	-0.0322885129	-0.1572941558	-0.1372919666	-0.0073238599	-0.0531904679	0.1337975406	-0.0590239802	0.0073303704	0.2822905849	-0.020274851	-0.0930983233	-0.1253604067	0.0930695615	-0.0032324435	0.2124289459	0.1215403601	0.0066431207	0.0060304148	0.0063111983	-0.0609020718	-0.0510395199	-0.1134518425	-0.1473508017	-0.0227252491	0.0125976561	0.0835603909	0.0888231158	-0.0359407455	-0.0983224278	-0.2207467323	-0.0358286474	-0.0091542731	0.0503377703	-0.0942494759	0.1214836596	0.0418072765	0.1421395054	-0.0150529158	0.1001394319	-0.0229114084	0.0182367793	-0.1109109004	0.0807260457	-0.0118321653	-0.064941283	0.0825343024	0.004646871	-0.0298016718	0.0731623143	0.0355848485	0.0911634333	0.052659218	0.2241661182	-0.0604812164	0.1866097351	0.1381745656	-0.039877239	0.0047119969	-0.0362927183	0.1041204287	0.0855149763	-0.0580456054	-0.0071140070849367	-0.0060236415795459	3.628425787883423e-05	5.060909680452957e-05	-0.0061643583341179	-0.0079095708304065	6.256131072121736e-05	3.7999313671408814e-05	0.0315615819327632	-0.0176823666966115	0.0003126660919934	0.0009961334540985	0.0003040213482134	-3.5990931875900026e-05	1.2953471772956764e-09	9.24289801694934e-08	0.0002839773797977	0.0001570106872455	8.064315223676716e-08	2.4652355909304217e-08	-0.0001490431610335	4.697842653579999e-05	2.206972559779556e-09	2.2213863850857813e-08
1420.8311835793752	0.1399475604375766	0.0195853196724291	2018761.252231568	1953.1837241880355	-9.220960063318898	85.02610448932207	3814926.660433044	1383.4822799402273	0.4540432506971683	1914023.2189086091	0.2061552735036516	1530.8972955805991	1424.0138207531163	0.92455	18.598207	0.0510062398623762	0.0242736104780847	0.0606519502	0.1910277426	0.0373912747	-0.1117895806	0.0281208795	-0.0669197319	0.107349819	0.1232848049	0.1909296451	0.052865705	-0.0087102241	0.0146363166	0.0600533331	0.0107567656	0.1559278931	-0.0310732667	-0.0919399683	-0.1693427433	-0.0756585842	-0.0331942684	-0.0077298525	0.0020166205	-0.0564980688	-0.0855462439	0.1723672026	-0.1006955322	-0.0329078154	0.0748522398	-0.1139367157	-0.1773344027	0.0466663639	-0.0521102259	0.1006455248	0.006452449	-0.0321352498	0.033344062	0.0304541142	0.1424463933	0.0331278659	0.23571911	0.0931994562	-0.0720369391	-0.0207966211	0.0080548357	0.006619215	-0.0617474497	-0.1076041369	0.01170645	0.1670446266	0.0283649562	0.0249065086	0.138037209	0.0142490326	-0.093376509	0.0395133201	-0.0365036787	0.0862743661	-0.1163315012	0.0334512821	0.0815564937	-0.0306175062	0.1469059405	-0.042482227	0.0299932304	0.0570905639	-0.0043190609	-0.1144372423	0.0980508292	0.0739886246	-0.0321350634	0.109670904	-0.0705133701	-0.1128321195	0.0060599553	0.1249912035	0.1476719132	0.0809239609	0.048572232	-0.0596336026	0.1045984996	-0.0060907748	-0.0408338152	0.0455673674	-0.1105870978	0.0981420451	0.0807510076	-0.0683731426	-0.0109253871748649	-0.0038113800899282	1.4526618189901094e-05	0.0001193640849207	0.001400432283475	0.0075647906175929	5.722605708802158e-05	1.961210580599003e-06	0.0460873469209843	0.014525764988221	0.000210997848493	0.0021240435462151	2.9996222626502105e-05	-0.0002740251255868	7.508976945291516e-08	8.997733718586767e-10	0.0003410002633028	5.702288350510002e-05	1.1628117957257895e-07	3.251609243236208e-09	2.1994913207183948e-05	0.0001710380742406	2.925402283996172e-08	4.837762069915549e-10
1423.9220379796488	3.090854400273656	9.553380923691025	2027553.9702441168	1960.092067595451	6.908343407415487	47.72520863478102	3841960.91345061	1382.5190320753363	-0.9632478648909456	1911358.8740505248	0.9278464492169652	1530.3364243229507	1441.6479481020704	0.897578	18.055626	0.0435965182198658	0.021052684869507	0.1137501226	0.1439949362	-0.059024981	-0.2292168707	0.1412818479	-0.0175097708	0.0601626517	0.1202552892	0.2528318	0.0821178544	0.0495675641	0.0972090494	0.2328233726	0.100375929	0.0901694591	-0.1497171135	-0.1302888747	-0.0193556872	-0.1180678867	-0.0145613758	-0.1429980807	-0.0145392664	-0.0425924872	0.0399057164	0.1695310851	-0.1424574367	-0.0684347156	0.0027386161	-0.038511594	-0.0025568831	-0.0019772106	-0.0275105457	-0.0428627812	-0.0458776058	-0.1981588436	-0.1402096386	-0.1653745163	0.0423922821	0.082178066	0.158478463	0.0948055334	-0.1008033626	-0.088494699	0.0653232343	0.0330252736	-0.156501662	-0.12536531	0.0508792512	0.1384835139	0.0453535732	-0.0456198169	0.1903102888	0.060557177	-0.1250271807	0.0519735957	-0.1240319536	-0.0402511162	-0.0137433985	-0.0885320543	0.0475433925	0.0676958518	0.1442015231	-0.105829837	0.0198229471	0.0578389022	0.0054304511	-0.0641329757	0.11250898	0.1122439483	-0.0066214873	0.0910155267	-0.0462883301	-0.1751438662	-0.0677813864	0.0932523476	0.135665052	0.1425213237	0.0510981831	-0.1098787358	0.1543715446	-0.0786441958	-0.0529084452	0.1128590009	-0.1098571965	0.0317422745	0.0758767427	-0.0783272495	-0.0171301037940736	-0.0062047166192086	3.849850832468463e-05	0.0002934404559957	-0.0062411297039233	-0.0076415619873983	5.839346960725066e-05	3.8951699981193736e-05	0.0315374531797232	-0.014549893741261	0.0002116994078819	0.0009946109530632	0.0001469985143775	0.0001170022917509	1.3689536274985633e-08	2.160856322919208e-08	0.0001540019140238	-0.000186998349279	2.3716589522993887e-08	3.496838263307089e-08	2.198863679722623e-05	-6.276409957716991e-09	3.9393321957328985e-17	4.835001482003315e-10
1424.7376842402684	0.8156462606195873	0.6652788224627157	2029877.4688943229	1969.953465287404	9.861397691953016	97.24716443885627	3880716.655397852	1384.6329425801755	2.1139105048391684	1917208.385678236	4.468617622469388	1534.82336183917	1454.0105130883237	0.995519	20.025803	0.1066473892205001	0.0914631838520579	0.1126236326	0.1706806061	-0.1590769778	-0.1247093908	0.0451582406	-0.0034500674	0.1026566983	-0.0267592711	0.1864040848	-0.0476852631	-0.0198265636	0.1079753245	-0.1137230425	-0.077144682	0.1081380505	0.0017151134	-0.0505147722	0.0612468162	-0.1209733462	-0.0089084479	-0.056587334	0.1636271456	-0.0726264607	-0.2038739828	0.0858964572	0.0464961729	0.0792275556	-0.0443107642	0.129048976	0.2814895217	0.0669658598	0.0617947871	0.0898749135	0.0340667511	-0.1110258526	0.1004792854	0.0575087435	-0.0684128359	0.0455979315	0.1169241801	0.1477617424	-0.0248435101	-0.1254658765	0.0415819601	0.0571025955	-0.0729412657	0.0680020102	-0.082997282	0.0990774655	0.0741301591	-0.1561342452	-0.0779365242	0.0507915837	0.0327012947	-0.0339912413	-0.0431083357	-0.2141406505	-0.0963557492	-0.0041876822	0.0588760435	0.0954669604	0.1495902783	-0.1234780724	0.0330734862	0.0423239045	0.0640438857	-0.0704786206	-0.0153139816	0.2067010405	-0.079749899	0.06225374	-0.0117600985	-0.0309936404	-0.2004182249	0.0517745813	-0.0519850454	-0.0775880286	-0.1442567245	-0.1767812105	-0.001843932	-0.182914054	-0.0215310001	0.1937286046	0.0783288936	-0.1926677363	0.0708988393	-0.0878535601	-0.017142180300965	-1.2076506891400137e-05	1.4584201869803494e-10	0.0002938543454707	-0.006229751969812	1.1377734111299442e-05	1.2945283350742692e-10	3.8809809605376494e-05	-0.0581350639226485	-0.0896725171023717	0.0080411603234751	0.0033796856572904	0.0001530017594394	6.003245061900002e-06	3.6038951273226766e-11	2.3409538391552032e-08	-0.0001789981560194	-0.0003330000700432	3.204033985834546e-08	1.108890466487761e-07	2.201367923464098e-05	2.5042437414748274e-08	6.27123671671584e-16	4.846020734456633e-10
1421.9783180964257	-2.759366143842726	7.614101515785476	2022022.33713634	1971.8130837717365	1.8596184843324863	3.458180907271054	3888046.837333405	1385.3983798289862	0.7654372488107128	1919328.67083278	0.5858941818669131	1536.4464168593045	1449.3690053344008	0.999879	20.113516	0.1106792931229587	0.0635465820700276	0.1131244375	0.0007257605	-0.0828850955	-0.0467501211	-0.0478540201	0.089559761	0.0753107082	-0.0297460917	0.082273938	0.0079023305	-0.007978902	0.0318617694	-0.0725024142	0.0709202937	0.108740756	-0.0582238344	-0.0148541142	-0.057308967	0.0136555378	-0.065792326	-0.0976504402	-0.0415968851	-0.0838901566	-0.1249217704	-0.0778857996	-0.1375841235	0.199876305	0.0114077874	-0.0821124214	0.1839850425	-0.081983749	0.0094923382	0.0648942493	0.0255502325	-0.213664491	-0.0369794595	-0.1297280402	-0.2757616312	0.136237341	0.0105795712	0.0980678434	-0.0397365869	0.0396412037	-0.0549328501	0.0295190064	0.0015973193	-0.0212475553	0.0769177775	0.1084920214	0.1659792884	-0.2400137444	-0.0668078752	-0.007904682	0.1035182066	0.0019816376	0.0169985652	-0.0785966714	0.1551179008	0.1496651331	-0.0872304927	0.0122123103	0.1564718222	-0.0326374006	-0.0008818166	0.0860691983	0.0595348632	0.0386314168	-0.0074226929	0.2025950574	-0.0499771509	-0.0723345438	0.0002689857	0.0533949045	-0.1365014358	-0.0091375974	-0.0696012154	0.0532058473	-0.095357371	0.0408577422	0.0426274325	-0.0397002115	-0.1388106382	0.0738522954	0.0176540061	0.0174175067	0.0658240966	-0.096900045	-0.0140392281739565	0.0031029521270085	9.628311902506574e-06	0.0001970999277204	0.028410683956821	0.034640435926633	0.0011999598011871	0.0008071669628943	-0.0090515311309076	0.0490835327917409	0.0024091931913179	8.193021581378943e-05	0.0006300013358489	0.0004769995764094	2.275285958948424e-07	3.969016831713984e-07	-0.0001789929770805	5.178938899990304e-09	3.20384858441404e-08	2.6821408129832777e-17	2.2056369437768307e-05	4.269020312732829e-08	1.8224534430525498e-15	4.864834327753197e-10
1421.769482707051	-0.2088353893745989	0.0436122198552403	2021428.461957076	1976.5895664666289	4.7764826948923655	22.81478693460624	3906906.314264736	1381.9190795578045	-3.479300271181728	1909700.3424458893	12.105530377045246	1535.1310646039344	1446.8875578035306	1.002934	20.17498	0.0919602517175173	0.0485332303746006	0.0367313275	-0.1387699836	-0.0468169589	0.0019945295	-0.0213401653	0.1933412433	-0.032216193	-0.0181622596	0.0016267269	0.0274801666	0.1761750319	0.0972248919	-0.0751817551	0.0209999185	0.1749597489	-0.1614148582	-0.004560218	0.1410993558	-0.1087282091	-0.0228122114	-0.0668472657	0.0110098682	0.0300079343	0.0963816896	-0.040271936	-0.0628659099	-0.0858451335	-0.230696596	-0.0402061611	-0.0035757533	-0.1479545383	0.0613150332	0.1519727694	-0.0769125862	-0.0402269149	0.0147478486	0.0391414611	0.0163586322	0.1135008458	-0.1405625036	0.1791560218	-0.1364531949	0.0702642905	-0.1014550257	-0.1416073477	-0.0010285015	-0.1466285614	-0.0786536679	0.072827093	0.1013873041	-0.032528059	-0.1857827853	0.085763647	-0.0810735794	-0.0120474953	-0.1183087491	-0.1033191191	0.0182910744	-0.0034447552	-0.0489730912	0.0140445429	0.1663078124	-0.0449140737	-0.0619477004	0.0450446335	0.0275742385	0.0809681275	-0.0210258998	0.2086663288	0.0108861835	0.0021945106	0.0400565024	0.1095470171	0.0303130905	-0.0348861035	-0.1555244677	-0.0323023353	0.0642978442	0.0522595617	0.0927925375	0.0707926099	0.0257167459	0.1500008619	0.1186205955	-0.0990193189	0.0606594461	-0.1054172954	-0.0238715364218933	-0.0098323082479368	9.667428548244604e-05	0.0005698502511417	-0.0061059028377314	-0.0345165867945524	0.0011913947639458	3.728204946381636e-05	0.0159791451474333	0.0250306762783409	0.000626534754951	0.0002553330796427	0.0005549980800775	-7.500325577139996e-05	5.625488376310042e-09	3.080228688897111e-07	0.0001970062835396	0.0003759992606201	3.881147575408528e-08	1.4137544398686189e-07	2.144527789552298e-05	-6.110915422453261e-07	3.734328730037712e-13	4.5989994401620654e-10
1421.152869919856	-0.6166127871952085	0.3802113293326435	2019675.479681443	1963.3829467117143	-13.206619754914527	174.41480535089866	3854872.595438375	1381.0632481212065	-0.8558314365980095	1907335.6953110967	0.7324474478694128	1528.243531909578	1440.0271169366442	1.052795	21.177965	0.0777238258407005	0.0438171039900933	-0.1386349632	-0.1020282263	0.0201708527	-0.0075052252	0.0311262959	0.0294337338	-0.1268534422	0.0196280173	-0.1708235634	0.0996235512	0.0428666957	0.0081745526	-0.0211739893	0.1279256184	0.1927849018	0.0848162237	0.05771844	0.0312220531	0.0064343905	0.1187977839	-0.0400783077	-0.0485865875	-0.0374071135	-0.0024663729	-0.0790099622	0.1319219567	0.0615443825	0.0155023404	0.0099464293	-0.1826854988	-0.2126064671	-0.0856946234	-0.2031258521	-0.1773913537	-0.0275106085	0.0654675874	-0.0989889836	-0.1050239501	-0.1009609314	-0.0885666158	0.0886669541	-0.0936672071	0.1576443081	-0.0322620668	-0.0309596201	-0.1432701346	0.0665530249	0.1780921888	-0.0028066805	0.2182198403	0.0598968404	0.0338346247	-0.1311842397	-0.0917328399	0.1017658661	-0.1129266598	-0.0407153756	0.0296381295	0.1271788489	0.1284121622	-0.0112675034	0.1815629822	-0.0210208333	-0.0074700697	-0.124729681	0.0675077184	0.0809968116	-0.0682284239	0.067518376	0.1733450002	0.0869216885	0.1350362911	0.1325377281	0.0625426481	-0.1058423783	-0.1612025712	-0.0175581452	0.0050798865	0.0437916226	-0.1545302623	-0.0288004828	0.1064427802	0.2162459202	-0.0159206799	0.0789397428	0.0554119421	-0.1133587932	-0.0286572903713704	-0.0047857539494771	2.2903440864935677e-05	0.000821240291429	-6.200136066070172e-05	0.0060439014770706	3.652874506453736e-05	3.84416872377841e-09	-0.0226857478764799	-0.0386648930239132	0.0014949739525506	0.0005146431567152	0.0003670018300538	-0.0001879962500237	3.534259002297352e-08	1.346903432628383e-07	-0.0001789955188387	-0.0003760018023783	3.2039395764335403e-08	1.413773553917302e-07	2.203277329831461e-05	5.874954027916276e-07	3.451508483012968e-13	4.854430992149251e-10
1422.1381662348024	0.9852963149464812	0.9708088282471156	2022476.9638616864	1961.854845600744	-1.5281011109702831	2.3350930053486136	3848874.435207119	1382.644637620981	1.5813894997745592	1911706.193942054	2.5007927499972307	1530.7119570645418	1437.8885380139754	0.949042	19.090881	0.0615663978517321	0.0336398343067541	-0.1913438753	-0.0197625494	0.0622681558	-0.0292261886	0.0828212045	-0.1182330164	-0.1461586391	0.0455712852	0.0069164064	0.0649973094	0.0533715396	-0.0128459973	-0.224340297	0.0972952996	0.2107434548	0.0151172815	0.0443937289	-0.0277826892	0.0517621796	-0.1275639397	-0.0787566986	0.0922388125	0.063628288	0.0568097704	-0.093688391	0.0457206304	0.0628651684	-0.0538620528	0.1216297412	0.1547199447	-0.0764934747	0.056154366	0.059597464	-0.259222435	0.0812867428	-0.1770002281	-0.0981358412	0.1414628989	-0.1769045642	-0.0383890869	0.0898491814	-0.1529923885	0.1243850871	0.0662209442	-0.016397639	-0.141939199	0.0811696386	0.0308822735	-0.0059176038	0.0213989723	-0.242138138	-0.2007578328	-0.1364786449	-0.064143208	0.0001402315	0.010901547	0.1344000493	0.1230012456	0.040391409	0.0641658049	-0.2532148691	0.1762217959	-0.0270080706	0.0142843202	-0.1481813931	0.0780772022	0.0467732084	-0.0574383082	-0.0148609632	0.1900254979	0.1695225869	0.1399010763	0.0539740784	-0.0072869082	-0.0944168256	-0.1877495183	0.0342898302	-0.0145679244	0.0651960686	-0.0374070993	-0.1375312397	0.2432197571	-0.0185058687	-0.0815965925	-0.0049371947	0.0500887521	-0.1206811645	-0.017793429223488	0.0108638611478824	0.0001180234790404	0.0003166061235312	-0.0061456485797322	-0.0060836472190714	3.701076348611637e-05	3.77689964655644e-05	-0.0065697209000532	0.0161160269764267	0.0002597263255049	4.316123270459582e-05	0.000937001963915	0.0005700001338612	3.24900152601786e-07	8.77972680380567e-07	-0.0001789894481603	6.070678399994764e-09	3.2037222552728725e-08	3.685313623616299e-17	2.2083818925745628e-05	5.104562743101912e-08	2.6056560798264105e-15	4.876950583451208e-10
1424.729513170514	2.5913469357117265	6.715078941222554	2029854.18569909	1972.276408041677	10.42156244093303	108.60896371026602	3889874.22971778	1383.6180458369215	0.9734082159404808	1914398.896765581	0.9475235548604294	1534.363526066422	1454.2236374515917	0.992672	19.96855	0.0534008156233574	0.0269623035235954	-0.1387470805	0.0536899742	-0.0608257441	-0.0010773772	0.0515822897	-0.1418091536	0.0140267993	-0.1208730751	0.0554073225	0.150454983	0.1898536435	-0.0442046454	-0.0104367897	0.1291535825	0.185676457	0.0962795506	0.0115355558	-0.094735754	-0.0569132264	-0.0120338711	0.1052201971	0.3131091037	0.0311686021	-0.0437973014	-0.0370694439	-0.0308041056	0.0612804108	0.0261642397	-0.0683628195	-0.0922314471	-0.0323636276	-0.0944702372	0.0225917222	0.049553055	0.0952819109	0.134484107	-0.073122873	0.150463422	-0.1898389269	0.0279281484	0.2379620142	0.0293316283	0.0077909691	0.1799365827	-0.0369285724	0.0128838816	-0.0553996047	0.0153649526	0.0790752975	-0.1483164244	-0.0942032799	-0.1596451013	-0.0172523448	0.1312258079	0.0066252423	-0.0384037218	0.0665992949	-0.1821146616	0.037694522	-0.1180777176	-0.1076905681	0.1956806897	-0.0656814893	0.0967911002	-0.0794182942	0.1681683694	0.0147497647	-0.0247742606	0.0469340453	0.0647353552	0.1886574191	0.0849276178	0.0444758278	0.0276158365	-0.0684491893	-0.0438695863	-0.0609311871	-0.1334161739	-0.0584899294	0.0778133461	-0.1031320109	0.1605226607	-0.2521708368	0.1009043133	-0.1651897197	0.0446971468	-0.1273444172	-0.0178263989171085	-3.296969362050206e-05	1.0870006974297744e-09	0.0003177804983518	0.0090828275426986	0.0152284761224308	0.0002319064850114	8.249775617040428e-05	-0.020105135786828	-0.0135354148867748	0.0001832074561571	0.0004042164850067	0.0005559920674333	-0.0003810098964817	1.4516854121699578e-07	3.091271790487552e-07	-0.000179024615678	-3.5167517699997255e-08	3.20498130186556e-08	1.2367543011796196e-15	-8.89502154854802e-05	-0.0001110340344112	1.2328556797633284e-08	7.912140834913362e-09
1421.3266315342482	-3.4028816362658745	11.579603430435515	2020169.3935084927	1970.4306433893016	-1.8457646523754647	3.40684715195872	3882596.920407577	1384.7061649032153	1.088119066293757	1917411.1631209704	1.1840031024319977	1534.2243550618489	1432.3071833687354	1.025847	20.635895	0.0460324366298844	0.0285721656295044	-0.0658701464	0.1407765181	0.0481113893	0.0901950863	-0.1566562884	-0.0775126726	0.1581843305	-0.0649305167	-0.012834822	0.2488861257	0.1836427299	0.0087141992	-0.0576257594	-0.048796377	0.2248142835	0.0681821335	-0.0671376578	-0.0497630487	0.0302758958	0.1185346082	-0.0597728024	-0.0833065266	0.1316266184	-0.0740150896	-0.1391644384	0.044893698	-0.1952427297	-0.0414514315	0.1231644139	-0.0102589169	-0.1195763747	-0.0685637426	0.2117144427	0.0351752903	0.1795252193	-0.1712163468	0.0033809059	0.2094701761	-0.0770861435	0.1131418244	0.2710425871	0.0162512068	-0.042243595	0.0037436551	-0.081788138	0.0860516705	0.086365377	0.0619120705	-0.0419614412	0.0760482555	0.0191179694	-0.2347400114	-0.1228724244	0.052552242	-0.0978377246	-0.0521682843	0.146546578	-0.1925197094	-0.0177269367	-0.0439296914	0.1420753343	0.1920352629	-0.1151617147	0.05798376	-0.0073595334	0.1329126979	-0.1029252253	-0.0544611655	0.072180702	-0.0208696448	0.2254912214	-0.0229049754	-0.0677733295	0.0840297654	-0.0240613938	-0.1488516856	-0.107827596	0.1615540012	-0.0143630926	0.1826507442	0.0810977763	0.0135352897	-0.158466362	0.1671635206	0.2062712647	0.0392444906	-0.1333121588	-0.0177953792934033	3.1019623705198784e-05	9.622170548121304e-10	0.000316675524196	-0.0160379175055425	-0.0251207450482411	0.0006310518317787	0.0002572147979145	-0.025485760784214	-0.0053806249973859	2.895112536249506e-05	0.0006495240027501	0.0003570018852331	-0.0001989901822001	3.959709261206879e-08	1.274503460599875e-07	-0.0001789960162053	2.8599472700003084e-08	3.2039573817368014e-08	8.179298387182217e-16	2.203194205266357e-05	0.0001109821575381	1.2317039291821362e-08	4.854064706119252e-10
1418.722116029848	-2.6045155044002968	6.7835010126615325	2012772.4425122093	1966.5247468025448	-3.905896586756853	15.256028146438837	3867219.579786813	1383.125184547244	-1.580980355971178	1913035.276128848	2.4994988859667533	1532.211974777542	1417.292291382675	1.080039	21.726009	0.181525722420189	0.1248775068772756	0.028590226	0.1525225741	0.1517532214	0.0096535859	-0.2002441303	-0.0718620243	0.0891342192	0.0069346122	0.0458452876	0.0763135706	-0.0264020186	-0.0289850504	-0.002870584	-0.2587143798	0.0741734243	-0.0758944085	-0.0641575793	0.0666722805	-0.101994963	0.0666063297	-0.0554125176	-0.0147844536	-0.0917190666	-0.0764116458	0.1908183718	-0.0712524408	-0.0556496495	0.1252772425	0.036620857	-0.1325036926	-0.0312990488	-0.0086238831	-0.2896203323	-0.0738505139	0.1097624292	0.0207759303	-0.0415298983	-0.0515668645	0.0377429686	0.1477953045	0.0294900132	-0.1035770299	-0.0633857313	0.0498202677	-0.0369583919	0.1500844929	-0.0237411312	0.2753918418	0.1611395314	-0.0523456318	0.0043594986	0.1799292878	-0.0947183092	-0.0135991837	-0.0620987705	0.1324729428	0.0948570817	-0.1288798953	0.1275381322	-0.02385993	0.0427701977	0.0573491876	0.0324402694	-0.0657118482	0.1433453715	0.0715975497	-0.1428752748	0.0484833306	-0.0216677586	-0.15152902	-0.0101619408	-0.2114649513	-0.0862139824	0.0651186747	0.1336930856	0.0337317328	-0.1795931867	-0.0555467877	0.0658750193	-0.0539762061	-0.0229332165	0.1194982844	-0.2281644091	0.1050997926	0.1006486949	0.0337382312	-0.1385517956	0.0054797776403177	0.023275156933721	0.0005417329302893	3.002796298732582e-05	-0.0283561495795652	-0.0123182320740227	0.0001517388414294	0.0008040712189786	0.0952413263423181	0.1207270871265321	0.0145750295660572	0.0090709102434439	0.000458006220832	0.0001010043355988	1.0201875809775216e-08	2.0976969832081079e-07	-0.0005819951980217	-0.0004029991818164	3.387184105203179e-07	1.624083405446879e-07	2.2133350355628623e-05	1.0140830296505455e-07	1.0283643910252287e-14	4.898851979650057e-10
1419.0631393009037	0.3410232710557466	0.1162968714015612	2013740.193322536	1962.7051396523752	-3.819607150169532	14.58939878162621	3852211.4652178497	1382.172103120899	-0.9530814263450792	1910399.722645649	0.9083642052439708	1533.2549145393994	1434.515197521577	1.091371	21.953955	0.0405632119800661	0.0212051173141672	0.1717775957	0.0092737082	0.0551819257	-0.1037707609	-0.0734290534	0.0342533699	0.0611272374	0.1526631861	0.0854230883	-0.0850731485	-0.0267501689	-0.0057082622	0.0821750538	-0.1704676076	-0.0306342531	-0.0553404381	0.0633043727	0.0342260321	0.0907891753	0.1276530567	0.0505855108	-0.2160156811	-0.1579776289	-0.1092834756	-0.0355315141	0.0690064257	0.0673540726	0.062519945	0.0954383796	0.0513312775	0.2025788341	-0.1368596996	0.1633285865	0.0273495971	-0.0274602101	-0.0839001768	-0.0445050462	0.1127641013	0.1135357506	0.062639943	-0.0034561033	-0.0498087229	-0.0213067366	0.0481466993	0.143351999	0.0910266053	0.182258404	0.1608329099	0.0949665399	0.0584534835	0.0118978902	0.0671221545	0.0461533963	0.167485141	-0.2246367102	-0.0739862719	-0.1860782668	-0.0182648754	-0.2188662865	-0.1817092695	0.2501356318	0.0461268501	0.0532565288	-0.051039516	0.1827389413	0.0003387971	-0.0096702549	0.0252873898	0.0061167803	-0.1048356675	-0.22166613	-0.1394608736	-0.1386656871	0.0172582331	-0.1735018881	0.073434805	-0.1456567412	0.0786480836	0.1590124359	0.0734462228	-0.064002835	-0.1672345254	-0.141176021	0.0810892342	-0.1820702663	0.0281858894	-0.1430347106	0.005465888509363	-1.3889130954699775e-05	1.9290795867679955e-10	2.987593719678648e-05	-0.0353049383550683	-0.0069487887755031	4.828566544655792e-05	0.0012464386722551	0.1127408664003581	0.0174995400580399	0.0003062339022429	0.0127105029567033	0.0006590050451219	0.0002009988242898	4.0400527365922095e-08	4.342876494961174e-07	-0.000460992681029	0.0001210025169927	2.125142519623053e-07	1.4641609118568664e-08	2.2151889384394783e-05	1.8539028766160386e-08	3.436955875925223e-16	4.907062032984623e-10
1422.0154022968954	2.9522629959917595	8.715856797502239	2022127.8043696012	1979.5124055595809	16.807265907205647	282.48418727551723	3918469.363764279	1384.0616823531825	1.889579232283495	1915626.7405583216	3.570509675077082	1536.322036849869	1451.9283068793695	1.174003	23.616194	0.0550514646668591	0.030717355084461	-0.0757574888	-0.1543831146	-0.0551624128	-0.0779851219	-0.0328382283	0.1364817912	-0.0992414101	-0.0563504187	-0.1274263881	-0.0456588938	0.1034913285	0.034715376	0.0320032976	-0.0471426195	0.1018887164	0.065772489	0.0335360461	0.0314126291	-0.0004406785	-0.1140093187	0.0927697988	-0.1998342745	-0.0778823624	-0.0199207413	0.0822198712	0.0122225977	-0.0872721507	0.0669989259	0.0895455675	-0.1830735124	-0.0469019821	0.1071037443	0.0085002003	0.007866295	-0.1135234813	0.0326625105	0.0560320813	0.0980650463	-0.0107469248	-0.1594388419	0.0259770418	-0.1030716059	0.0669894879	-0.1400183921	-0.0921161222	-0.1061870774	-0.0608478166	-0.0045981299	0.1166190238	0.1361722719	0.0645137451	0.2442431929	0.0363949963	-0.0169335748	0.0516168215	0.0512762296	-0.0080064711	-0.0820906952	0.0115194789	0.0755294856	0.1851386172	0.0610807256	0.0573739159	-0.2069163841	-0.0138542095	0.0512739142	0.0728047283	0.0136909885	0.0621862147	-0.0305797564	-0.1568370179	-0.0291732122	-0.0314846728	0.1249281813	-0.1540540587	0.0525540265	-0.1105593727	0.1314572622	0.045814593	-0.152747857	0.0089541892	-0.1133406934	0.0450894779	0.003714579	0.0611394619	0.022595049	-0.1467364196	0.0054518768083653	-1.4011700997700396e-05	1.9632776484895827e-10	2.9722960733591407e-05	-0.0137455692454864	0.0215593691095819	0.0004648063964031	0.0001889406738824	0.1023548604900383	-0.0103860059103198	0.0001078691187691	0.0104765174659352	0.0009519722407183	0.0002929671955964	8.582977769561934e-08	9.06251147098221e-07	-0.0004410600870763	1.993259395269997e-05	1.9453400041175334e-07	3.9730830168321134e-10	-0.0001267898799857	-0.00014894176937	2.2183650663094508e-08	1.6075673666788213e-08
1420.9275657530686	-1.0878365438268247	1.1833883460850911	2019035.1471169407	1958.744649743521	-20.76775581605989	431.2996816354894	3836680.6028988687	1383.2209610425894	-0.8407213105931532	1913300.2270675844	0.7068123220854693	1530.8851854017564	1437.2600833315746	1.080954	21.744413	0.0435560188613049	0.0204715125322961	-0.1711404877	0.0271051489	-0.0073692196	0.016946171	0.0383349207	-0.1450169287	-0.1217160547	0.0009950285	-0.0533365871	0.1193807469	-0.0494781114	-0.0038062526	-0.0153033296	0.1594247592	0.0469230554	0.1083732276	-0.0193523556	-0.069984143	-0.0776791026	-0.0309340025	0.058311204	0.0685948269	0.038480041	0.1018483451	0.0441231694	-0.0064442477	0.1424613054	0.026485029	0.0229164719	-0.2166654577	-0.0486655587	0.0398667814	-0.1146548274	0.1138210186	-0.025220389	0.0468031916	0.1027892051	-0.1787841013	-0.190364167	-0.0145632721	-0.0242485969	-0.0200149668	0.0327743701	-0.0928847953	0.0451978974	-0.0028930728	-0.0613551792	-0.0268796945	-0.080808344	-0.0421553708	-0.0179358969	0.1174971107	0.2064096917	-0.1158720529	-0.0317877572	0.0826852913	-0.1265238203	-0.0133569127	0.1345213866	-0.1816268123	0.0628654456	0.052320107	0.0869485419	-0.1110268918	-0.1132878278	0.1018327774	-0.022890346	-0.0183618606	-0.1545022287	-0.0015860041	-0.1940878543	-0.0020512567	0.0531487506	-0.0096982382	-0.1095361314	0.1033309247	0.0037582865	-0.1237627534	0.0384092749	-0.0664797734	0.0539313777	0.1036693151	-0.084677129	-0.0382176809	0.0187240864	0.0169733466	-0.1496367051	0.0091121180215196	0.0036602412131542	1.3397365738473258e-05	8.303069483810225e-05	-0.0042907270496357	0.0094548421958506	8.939404094843886e-05	1.841033861447548e-05	0.1012625846307884	-0.0010922758592498	1.193066552700101e-06	0.0102541110461075	0.000778022192971	-0.0001739500477473	3.0258619111287954e-08	6.05318532755404e-07	-0.0002999433677357	0.0001411167193406	8.996602384863338e-08	1.9913928477453668e-08	0.0001451165447874	0.0002719064247731	7.393310383288949e-08	2.1058811571033468e-08
1419.612117652516	-1.3154481005526577	1.7304037052475951	2015298.5645858608	1967.479467904696	8.734818161175099	76.29704830879433	3870975.456626546	1382.0155551539945	-1.2054058885948962	1909966.994687604	1.4530033562592513	1533.418965515279	1429.3868340752683	0.970037	19.51321	0.0600466344337927	0.0260773325161788	-0.090042061	0.1007459415	0.091638035	-0.0619451509	-0.0371385219	-0.1429303413	-0.0206975349	0.0683493744	-0.1376664004	-0.0454872905	-0.0004234129	0.1083151287	-0.0005119845	0.026357185	-0.0482100222	-0.0213432895	0.0589018628	-0.0977183419	0.0536561769	0.0257801749	0.113318946	-0.0315155037	0.1514889805	0.0760018694	-0.1325915164	0.0705466289	0.0986266599	0.2135834339	0.0434147659	0.0348351654	-0.1942388996	-0.0626725829	0.0379997084	0.0331495516	-0.0451736721	0.0051816211	0.309316615	0.2195739133	-0.127811532	0.0947577143	-0.0760708363	-0.0251176982	0.0181351642	-0.1077216126	0.0770110995	0.1517854842	0.1313653165	-0.0848271701	-0.1288331944	0.0093015011	0.0931850875	-0.0675588098	0.0919065952	-0.0133975821	0.1038947619	0.1146802494	0.1407003117	0.0586514335	0.2794185417	-0.0044210455	-0.0809866645	0.0298252849	0.1126525944	-0.1491728134	-0.0303023941	0.0859578022	-0.1233442594	-0.0862905151	-0.2392461952	-0.0159495507	-0.1180486534	0.0183416246	0.0727242798	-0.0192479893	-0.1771954222	0.0260093922	0.0434670308	0.008168822	0.0199731683	-0.0585001263	0.1778446341	0.1197474918	0.0169536594	0.0481742765	0.1007681033	0.0113284606	-0.1517197269	0.0053093645299497	-0.0038027534915698	1.446093411764706e-05	2.8189351711888e-05	-0.0151209242298904	-0.0108301971802547	0.0001172931709631	0.000228642349566	0.1129457056452665	0.0116831210144781	0.0001364953166389	0.0127567324237071	0.0008851260260716	0.0001071038331006	1.1471231064841181e-08	7.834480820293028e-07	-0.0005818093888976	-0.0002818660211618	3.385021650093987e-07	7.944845388564064e-08	0.0004307579454747	0.0002856414006872	8.159100978660265e-08	1.855524075895846e-07
1421.2941585341428	1.68204088162679	2.829261527463829	2020077.085083277	1970.71939792428	3.2399300195838805	10.497146531800803	3883734.9453550368	1384.790893234293	2.775338080298525	1917645.817984631	7.7025014599551005	1534.5244728212867	1434.7097866483662	0.894435	17.992407	0.0304669741782397	0.0215265891110262	-0.0187654426	0.1014109936	0.043250638	-0.1699075173	-0.0278626483	-0.1145116233	-0.0325701821	0.0086346499	-0.0105445178	-0.0809449605	-0.0325491126	0.1612159553	0.0138635688	0.0115015411	-0.0129449824	0.1060100244	0.0027569301	0.0147612284	0.0614090722	0.015377863	-0.0990266046	-0.0324420408	-0.0571436905	0.0229312049	0.1108559986	0.0407642367	0.0639158311	-0.0074641777	0.1031995511	-0.0776624044	-0.0443786469	-0.0750653913	0.1296878737	-0.0351988781	-0.2659065015	0.0882392574	0.0737181745	0.042551411	-0.0438203656	0.1082065347	-0.0693412145	-0.010427365	-0.0276314973	-0.0938512696	-0.0358131332	0.0330605481	0.1803892262	-0.0275285012	0.043378744	-0.0235810358	0.0772392805	0.1248760088	0.0345855163	-0.1349985901	-0.164952951	0.1080911496	-0.0625487967	0.071190766	0.1457191054	0.0511658113	-0.3492839417	0.0475615651	0.0743129118	-0.1218649638	0.0040546991	0.0283746019	-0.1815795843	-0.0502644397	-0.2290485713	0.0340922659	-0.1260921398	0.0358748052	0.0194446144	-0.0602997347	-0.1400946992	0.0820272482	0.0879230161	0.0036841645	-0.085388069	-0.1270188526	0.0900007624	0.1343563889	0.0402367551	0.0065742477	0.0458665967	0.0056681013	-0.1529741081	0.0098967402195313	0.0045873756895816	2.1044015717364263e-05	9.794546697288846e-05	-0.0202988021264758	-0.0051778778965854	2.681041951194765e-05	0.0004120413677698	0.112957202602459	1.149695719250554e-05	1.321800246863049e-10	0.0127593296197729	0.0008850047610983	-1.2126497329998254e-07	1.4705193749445482e-14	7.832334271666591e-07	-0.0005819921420699	-1.8275317230007345e-07	3.387148534311108e-07	3.339872198574032e-14	1.7257490922696172e-05	-0.000413500454552	1.7098262591471377e-07	2.9782099294694077e-10
1420.6119796352557	-0.6821788988870594	0.4653680500867608	2018138.3966832	1973.6016593030704	2.882261378790417	8.307430655666838	3895103.509603833	1381.016302634412	-3.774590599880866	1907206.0281420224	14.247534196709	1532.6218500026175	1437.901770721016	0.994896	20.013271	0.0300913616876684	0.0219657963010706	0.1162252192	0.0597794144	-0.0136739217	-0.0884683322	0.1125026936	-0.024318431	0.089744146	0.0530374286	-0.0046629247	-0.2047243718	0.0271904563	0.2009089645	-0.0484659429	0.0745331243	-0.0111968124	-0.1426057758	-0.0535546559	-0.0288657892	-0.031030549	0.0299114505	0.0676607842	-0.2471300501	0.0441615017	0.2012038564	0.0274797145	0.0663739824	0.0430929609	0.0413261536	-0.0127741008	0.1090367407	0.2126874603	0.0242441425	0.1147787643	-0.0565302276	-0.0196341105	0.1552969967	0.0089874413	0.0048180936	0.0716141797	0.1332443385	-0.1087349694	-0.1309416107	-0.0406264775	-0.1372456072	-0.0782365653	0.0215069913	0.101091499	-0.0459059584	-0.0198701212	-0.1439241998	-0.0254923518	-0.108277806	0.0163603874	0.103267915	-0.0562627288	-0.1388070622	-0.198139124	0.1110261907	-0.0941847926	0.001800932	-0.0371717428	0.0254854956	0.0333139604	-0.193121012	0.1093962304	-0.0496733067	-0.1903030397	-0.0257165152	-0.0749258139	0.0556050765	-0.0545748346	0.0531412667	0.0146928457	-0.0286129436	-0.1398800708	0.0581549638	-0.1253726103	0.0317925993	-0.1900529757	-0.0841414878	0.033173347	-0.0935203691	0.1769987469	0.0342586901	-0.1964678353	0.0	-0.1533929978	0.0091533712252385	-0.0007433689942928	5.525974616758894e-07	8.378420478702417e-05	-0.0184486320695782	0.0018501700568975	3.423129239440466e-06	0.0003403520252386	0.1170145621401772	0.0040573595377182	1.6462166418312845e-05	0.0136924077528573	0.0008328840066518	-5.212075444650008e-05	2.716573044072357e-09	6.936957685363556e-07	-0.000582665807798	-6.736657281000051e-07	3.394994435768959e-07	4.538255132165101e-13	-0.0003987573508779	-0.0004160148418005	1.7306834859837509e-07	1.5900742487916066e-07
1420.8148866455506	0.2029070102948935	0.041171254826812	2018714.9421136088	1963.0463591544856	-10.55530014858482	111.41436122671472	3853551.0081896815	1381.2479360184957	0.2316333840835795	1907845.8607553544	0.0536540246220111	1531.0108050722065	1428.29627482596	1.007568	20.268183	0.0373584097518388	0.0241360755468252	0.1181040346	-0.0467400092	0.0685856556	-0.0619360014	0.0337326448	0.0074911951	0.0367207894	0.1855248597	0.0083421001	-0.1550842266	0.028090823	-0.0275581365	0.1395567609	0.0921236383	-0.0105040185	-0.1486465938	-0.0114953776	0.0294628155	0.0239017874	-0.1809695429	0.0263905668	0.0108539289	0.0260324735	0.1921494741	0.0725729669	-0.0709852332	-0.2085759232	0.0763454084	-0.1188628818	-0.005480872	-0.2000900193	-0.1663371309	-0.0697388336	-0.0024612122	-0.0423938731	0.0135407958	-0.0740416838	-0.1794277608	0.1302127487	0.0703688147	-0.0848730034	-0.1380879195	0.1045287228	0.0693417892	-0.0842633675	0.0394722957	-0.0379933963	0.0439756941	-0.0717916741	-0.1430024074	-0.0511021047	-0.0251401404	-0.0401686507	-0.0340411819	0.0201639586	0.1082509245	-0.0078818024	0.111371814	-0.0358065359	0.0375272408	0.1427757129	0.069226588	0.0273213871	-0.0218606493	0.1495761826	-0.0004139843	-0.0987685215	0.0395018479	0.0167637419	0.0965990769	-0.1182237554	-0.0332094633	-0.0762745577	-0.0472108657	-0.1843685979	0.1329254538	-0.0324658235	-0.0290272091	0.0127496754	0.0149421209	-0.0399469233	-0.0849741143	-0.0432890631	-0.1578255488	-0.0805610048	-0.0056681013	-0.1529741081	0.0092170411912917	6.366996605319981e-05	4.053864577215617e-09	8.495384832196791e-05	-0.009695395390608	0.0087532366789702	7.661915235806927e-05	9.400069178022284e-05	0.1140788061539268	-0.0029357559862503	8.618663210805053e-06	0.0130139740135052	0.0007579714493476	-7.491255730419997e-05	5.6118912418550455e-09	5.745207180261014e-07	-0.0001456512411643	0.0004370145666337	2.1214284052701075e-08	1.9098173145004066e-07	-0.0003989451693513	-1.8781847340002038e-07	3.5275778950314143e-14	1.5915724814873745e-07
1424.814016503227	3.999129857676508	15.993039618559724	2030094.9816240584	1970.356174920195	7.309815765709345	53.4334065286129	3882303.4560461417	1383.3382081359705	2.0902721174747967	1913624.5980888377	4.36923752509257	1534.9443602661986	1450.5279797627088	1.396455	28.091013	0.2593499249099714	0.1482383108092222	0.080393513	-0.1478287876	-0.1614236741	-0.0167484321	-0.104302403	0.1525834601	-0.0146946697	-0.1262220507	0.1789922837	-0.0957972627	0.296446266	-0.2625443862	0.0963848856	-0.0938826964	-0.0302351271	-0.0548359172	-0.0904752405	0.4441242916	-0.2861585694	-0.324043293	-0.0328476613	0.134271071	0.1402219391	-0.2042860396	-0.1850874056	0.0733433975	-0.1862220728	0.1147588323	-0.1903293779	0.0712634548	0.1104984893	-0.1001407956	-0.1186860916	-0.0082044237	0.0812448221	0.0639370279	0.1714173977	0.0054535044	0.1184413053	-0.1268973784	0.0577297352	0.1272832347	-0.1334973687	0.4143724729	-0.2967095218	-0.0055851001	-0.0399218606	-0.3332689959	-0.228806556	0.002055485	-0.1481187468	0.3065770621	-0.21967117	0.06642985	0.193269919	0.0407333472	-0.1845491983	0.1184126224	0.1290066749	-0.1084102884	-0.0411690676	-0.112303901	-0.3677674308	-0.0159887093	0.2685478802	0.189988775	0.3571562202	0.3457845786	-0.4279901929	0.1677317398	0.1086466388	-0.2455278078	0.2650985766	-0.2005787467	0.1041225679	-0.0778854398	-0.0912762793	0.0578921846	-0.015337224	-0.0073099442	0.0404274772	-0.0809108394	0.0269666804	-0.0821284165	-0.0079516565	-0.0113284606	-0.1517197269	0.0195826850451084	0.0103656438538166	0.0001074465725041	0.0003834815535759	-0.0771473181570598	-0.0674519227664518	0.0045497618848913	0.0059517086988266	0.0983061803396339	-0.0157726258142929	0.0002487757250776	0.0096641050929686	-0.0015427330612933	-0.0023007045106409	5.293241245283383e-06	2.3800252984073967e-06	-0.0011581924772123	-0.001012541236048	1.341409814271164e-06	1.0252397546976116e-06	-0.0004008940721706	-1.948902819299994e-06	3.798222199075465e-12	1.6071605710152629e-07
1425.1084974058892	0.2944809026621442	0.0867190020327112	2030934.2293784716	1978.1446680868823	7.788493166687431	60.6606258075368	3913056.327880562	1387.3332186320947	3.995010496124223	1924693.459520088	15.960108864142711	1538.016864732151	1468.2507446453942	1.375258	27.664621	0.0861341773773109	0.0418525354755276	0.0045712413	-0.0570652928	-0.2592084635	0.0566157746	-0.0855481939	0.1235334775	-0.0022533985	-0.2358689655	0.0366638053	-0.0019644285	-0.1040817389	0.0549332297	0.1014876024	-0.2299520648	-0.1949735903	0.1994142225	-0.3229988647	0.1241425487	-0.0218019457	-0.0286056492	-0.0198958526	-0.0396776995	-0.0153176726	-0.1530363142	-0.1359934218	0.0343755597	0.138803545	0.096448523	0.1888837703	0.0539847278	-0.1591283602	0.0928839581	-0.0337939836	0.0269409508	-0.010413628	0.0589302618	-0.0601525219	-0.071302545	0.0688295964	-0.1517423344	-0.0441687897	0.0865459678	-0.3425492027	-0.1520365918	-0.0127895076	-0.0559363162	0.1045192349	-0.1204899443	-0.0677820235	0.2047019178	-0.0664978722	-0.1692702609	-0.1387807832	-0.0582022389	-0.0387272407	0.116032954	-0.02656512	-0.0474824434	0.0949132758	-0.0450472483	0.1660861619	-0.2087720283	-0.2868389208	-0.1265207099	-0.0177193526	-0.080532246	0.0806573823	-0.0876745162	-0.1603512728	-0.2331629123	-0.0190046988	0.126247557	-0.2679690066	0.2245352267	-0.1979065593	-0.398234631	0.1749603928	-0.3969941993	0.0091343069	0.1934679869	-0.0526150652	-0.1053743298	0.0596481208	-0.0275392226	0.1387781671	-0.0169733466	-0.1496367051	0.0215656392725662	0.0019829542274578	3.932107468192765e-06	0.0004650767972344	-0.0675579895733164	0.0095893285837434	9.195522268699835e-05	0.0045640819551883	0.1151014271405586	0.0167952468009247	0.0002820803151039	0.0132483385297933	-0.0010359326569111	0.0005068004043822	2.5684664988196146e-07	1.0731564696548908e-06	-0.0016997376553509	-0.0005415451781386	2.889108097017775e-06	2.932711799651681e-07	-0.0005078814449535	-0.0001069873727828	1.1446297934987211e-08	2.579435621280551e-07
1426.5041330623549	1.395635656465629	1.947798885598247	2034914.041643981	1983.5312171854	5.386549098517662	29.01491119074144	3934396.0895489934	1386.3083079580872	-1.024910674007515	1921850.724713615	1.0504418896945384	1539.0879686262224	1460.6370105218791	1.188269	23.903162	0.1605376170419928	0.077658262601446	-0.0415462935	0.0225688185	-0.2560818665	-0.0147043795	-0.1053844436	0.0649306454	-0.0366953511	-0.271292046	0.0147411712	0.1140607964	0.017410005	0.1928068278	-0.0314770192	-0.2260717633	-0.0748049776	0.0011541885	-0.1529624217	0.0300441576	-0.1575499013	0.1856166698	0.1038429664	-0.0390514581	-0.0591464282	-0.126665991	-0.0058704623	-0.0288377221	0.3007124473	-0.2942437309	-0.0899998099	-0.2194275789	0.0687616502	0.1150430896	-0.0116820981	0.1465052463	0.0110692492	-0.0868113809	0.0141054919	-0.0345260487	0.007813306	-0.0805677309	0.0688923498	0.0439731771	-0.2403236033	-0.0993917245	-0.0275499076	0.0059553393	-0.1570909329	0.0237207068	0.061976243	0.1102944491	0.2811687258	0.1045040642	0.1410027891	-0.0363251128	0.2509315832	0.065942467	0.1977769027	0.0188239037	-0.1230188458	-0.1493796356	-0.0962671341	-0.0823992494	-0.1832192672	-0.0070863592	-0.0489211472	-0.0426254505	-0.022203544	-0.0869866071	0.0526629804	-0.2338189913	-0.1047666652	-0.045506679	-0.0786777743	0.1236591546	0.1752222665	-0.1005733913	0.2003316995	0.125815966	-0.1531107833	-0.1787701453	0.2666853556	0.0173521403	-0.0698098773	0.0695703579	-0.3395525897	-0.022595049	-0.1467364196	0.0098914482604328	-0.0116741910121334	0.0001362867357877	9.784074868881906e-05	-0.0252946886341618	0.0422633009391545	0.0017861866062735	0.0006398212730991	0.0838147904149337	-0.0312866367256249	0.0009788536376012	0.0070249190922992	-0.0002363221000425	0.0007996105568686	6.393770426557127e-07	5.5848134968497374e-08	-0.0015473770004665	0.0001523606548844	2.394375581572703e-06	2.3213769156803243e-08	-0.0010621800005021	-0.0005542985555485	3.072468886832643e-07	1.1282263534666409e-06
1421.7422646397908	-4.761868422564021	22.67539087381236	2021351.067063081	1965.1619535056493	-18.369263679750706	337.4298481362083	3861861.50350614	1380.6264465812624	-5.681861376824827	1906129.3849996035	32.28354870545372	1530.878939364062	1430.0666170551174	1.159876	23.332012	0.0713574426190022	0.0308555702005623	0.0425805973	0.1456036682	-0.0121460005	0.1031908664	-0.1291465669	-0.0219341684	0.1515785421	0.0201038784	-0.0372824659	-0.0072165515	0.0585995627	-0.0790235607	0.0141996963	-0.007342556	-0.1157494935	-0.2045931005	0.0202933361	-0.0568829141	-0.1280332223	0.3345288741	0.0674375975	-0.1451933975	0.0413904703	-0.0875291364	-0.15285402	0.0498291283	-0.0783919269	-0.1241529592	-0.1530929955	0.0385269463	-0.1382434731	0.0026246649	-0.0246871203	0.0537640191	0.1428575583	-0.1859455756	0.0489183083	0.0391934187	0.0654085333	0.1292961122	-0.0419899033	0.0528173432	-0.0833149996	0.0574523123	-0.0690651453	0.1000766086	-0.2393153537	0.2121444135	-0.1697529381	0.1515723662	0.2488505707	-0.0408133614	-0.0103725475	0.0694895095	0.1218969875	-0.0931304251	0.1641124006	0.2334060446	-0.079311583	-0.0294684983	-0.0485662156	-0.07258698	-0.1865088362	0.1170502608	0.0273227323	-0.1164689302	-0.0045580728	-0.052414901	0.0510132755	-0.2997672029	-0.0361054022	-0.1021945837	0.0117825663	0.1253240118	0.2013079425	0.0040638409	0.0093848729	0.173811799	0.2053031824	-0.1329467155	0.0101015776	0.1287858046	0.020131776	-0.0294150969	0.0516614017	-0.0281858894	-0.1430347106	0.0076791419235178	-0.0022123063369149	4.894299328354262e-06	5.896922068152866e-05	-0.0434506308172757	-0.0181559421831139	0.0003296382365565	0.0018879573184191	0.096461979791357	0.0126471893764232	0.0001599513991231	0.0093049135452681	0.0001309249023755	0.0003672470024179	1.348703607850065e-07	1.7141330062034202e-08	-0.001371056258185	0.0001763207422815	1.8797952631082528e-06	3.10890041586992e-08	-0.0008389076507506	0.0002232723497514	4.9850542163556127e-08	7.037660464878906e-07
1424.0355349253637	2.2932702855728166	5.259088602691228	2027877.2047301664	1959.7252535256007	-5.436699980048616	29.55770667306062	3840523.06930598	1383.6635117418184	3.03706516055604	1914524.7137257007	9.223764789463283	1531.3911744231111	1436.6153360827732	1.097729	22.081865	0.0701242630872125	0.0397531870492451	0.1799136216	0.0586397061	-0.050576959	-0.0407109472	0.0888246191	0.067996086	0.0485999062	0.1204784909	0.170993805	-0.0272157003	-0.1341084341	-0.1553697169	0.1592876866	0.0719284236	-0.0568027244	-0.1616509337	0.1208246503	-0.0685003558	0.0759819896	0.0924316886	-0.0917388007	0.1222913738	-0.0152446052	-0.0916908061	0.0894052323	0.0065602471	-0.1245574376	-0.055907554	0.1488690046	-0.0458934711	-0.0131840315	0.056083461	-0.0149483905	-0.0897054121	-0.0771180034	0.1301876471	0.2899519282	-0.0394812461	0.1238435201	0.0864491607	-0.0392057279	0.0225830733	-0.0296957188	0.0810969696	0.2377587275	-0.1359444084	-0.0241658668	0.0783494003	-0.0721023933	0.0865758747	0.0369526004	0.0802264715	0.1945868372	-0.0580881707	0.0075656697	-0.2253469468	-0.0274007287	-0.0048640033	0.0787081148	0.1277150067	-0.0184722102	-0.1165740397	-0.1138416083	0.2305825428	0.040008979	-0.0860773264	-0.0197373867	-0.0250607604	0.0276428346	-0.1284314021	-0.0838207918	0.0339271963	0.0620600746	0.0289718187	0.0155918184	0.1564326049	0.0555116399	0.0756878847	0.2059950435	-0.053182538	-0.2084806721	0.1658673965	0.0946224424	-0.1190937066	0.0914409531	-0.0337382312	-0.1385517956	0.0250816400289153	0.0174024981053975	0.0003028469403083	0.00062908866654	-0.0467071782845351	-0.0032565474672593	1.0605101406513589e-05	0.0021815605033033	0.1238166455361877	0.0273546657448306	0.0007482777380114	0.0153305617118339	0.0001307393565977	-1.8554577780000112e-07	3.4427235659407396e-14	1.709277936358056e-08	-0.0018130538080625	-0.0004419975498775	3.287164110929933e-06	1.9536183409771317e-07	-0.0008388797110114	2.7939739199967992e-08	7.80629026562228e-16	7.037191695465699e-07
1424.6669650503163	0.6314301249526579	0.3987040026977292	2029675.9613056795	1965.7820767638505	6.056823238249763	36.68510773940234	3864299.173325997	1383.979971177309	0.3164594354905148	1915400.560619945	0.1001465743109753	1535.7411121644063	1446.6814262599985	0.988655	19.887741	0.0642186139906917	0.0373177728817433	0.1850334102	-0.0529746686	-0.1404539964	-0.0133658847	0.1161155644	0.1574657535	0.0440921484	-0.0777691823	0.219593537	0.0044290193	-0.1334479423	-0.079705738	-0.0009776526	0.0854976369	-0.080194579	-0.1314384693	0.0539972894	0.0252589523	0.0820251976	0.0193185439	-0.1384597507	0.1652374717	-0.0606644482	-0.0227536165	-0.0698438631	0.0036468001	0.0150165251	0.0393737295	-0.0450090048	0.0321766457	0.2283459847	0.2327857938	0.0845915946	-0.0087983424	0.1499388044	-0.1436635989	0.0068918317	-0.1807561706	0.1535125667	-0.0508886056	0.0380373434	0.0808900484	-0.0509411994	0.1381383159	0.1159811556	-0.1283195399	-0.0094991442	0.008617689	-0.0819076966	-0.0754360609	0.0172832341	-0.008027664	0.1376419077	0.0791507261	0.0159956543	0.0524111682	0.0495552559	-0.030528384	-0.1318720729	0.1533252651	-0.2217739337	-0.1181645433	-0.1155898393	0.2014241654	0.0046903493	-0.1586957907	0.0207012317	-0.1068494075	-0.0053286559	0.0328454663	-0.0477279429	0.1446175729	0.1124514326	-0.0106780498	-0.0421812365	0.1370306126	0.1246138674	0.0633749935	0.0630970602	-0.0226369455	-0.0381504881	-0.0956266999	-0.0292943173	-0.0823529048	-0.0193407362	-0.0392444906	-0.1333121588	0.0250925416577985	1.0901628883199649e-05	1.1884551230701282e-10	0.0006296356468483	-0.0406964416438313	0.0060107366407037	3.612895496389918e-05	0.0016562003624697	0.1152732749076079	-0.0085433706285797	7.29891816972799e-05	0.0132879279079249	0.000130670035315	-6.932128269999081e-08	4.805440235172045e-15	1.7074658129223346e-08	-0.0012790847142627	0.0005339690937998	1.636057706260493e-06	2.851229931333796e-07	-0.0012979133977794	-0.000459033686768	2.107119255878224e-07	1.6845791881352672e-06
1425.9219815227443	1.2550164724279966	1.5750663460656125	2033253.4973897496	1969.137208507907	3.355131744056507	11.25690901997566	3877501.345930312	1385.805446835015	1.8254756577059648	1920456.7364775955	3.332361376877026	1536.9288994849146	1441.030606103084	0.969345	19.499298	0.0229633468483385	0.0132521565673937	0.1160061221	-0.1752972119	-0.1585859196	0.0746835639	-0.0327839992	0.221600433	-0.0188146827	-0.1378388494	0.0719647719	-0.0016731714	-0.0757462701	-0.1551894266	-0.1514780892	-0.024137058	-0.0906781712	0.0040230116	0.0451270328	0.1115667553	0.219665435	0.1249845891	-0.1569811637	0.1552588289	0.1640569755	-0.1261844116	0.083607989	-0.0137320698	-0.1286544364	0.0358014561	0.0316124328	-0.0494549487	-0.0823732612	0.0038212452	0.266931001	0.0872389473	0.1168259332	0.176267548	-0.1231661569	-0.0399409983	0.1666894054	-0.1541757914	0.0173551144	0.0870254688	-0.0553627002	0.080665877	-0.0054086383	0.0097131127	0.0741861868	0.0353042365	-0.0852920322	-0.0754369267	-0.0527662463	-0.0418100606	-0.017185504	-0.002810586	-0.1877683014	-0.0309798372	0.1960577955	-0.175731628	0.1276277558	0.2251485514	-0.2065438919	-0.1219480634	-0.0979491926	0.1697755759	0.0425488946	-0.1427163976	0.0947591135	-0.1156226862	0.0578013255	0.1349820302	-0.0164214285	0.1166320072	0.1283603334	0.0388459353	-0.0769358672	0.0959679027	0.0864536039	-0.0118966643	-0.1203202034	-0.018375573	0.0139572732	-0.0330855568	-0.0978766952	0.0372904704	0.0465720712	-0.0446971468	-0.1273444172	0.0248891051162587	-0.0002034365415398	4.138642643367493e-08	0.0006194675534881	-0.0493006561434299	-0.0086042144995985	7.403250715510274e-05	0.0024305546961727	0.1153501156206573	7.684071304940587e-05	5.9044951819411345e-09	0.013305649173699	-3.990284169441574e-05	-0.0001705728770094	2.9095106371269272e-08	1.5922367752896035e-09	-0.0013159734628191	-3.688874855639992e-05	1.731786154844093e-06	1.360779770057297e-09	-0.0013720288740966	-7.41154763171999e-05	5.49310382972542e-09	1.882463231354784e-06
1423.3265030906416	-2.595478432102709	6.736508291510337	2025858.3344002345	1974.1776183753884	5.040409867481458	25.405731632204446	3897377.268894321	1383.1323988706731	-2.6730479643417766	1913055.2328057429	7.145185419671716	1534.8610759103772	1456.601987730075	1.1583	23.300312	0.0417570118085749	0.0203090188471819	-0.0783182948	-0.0813733775	-0.0709824986	0.155540724	0.0854659583	0.0916028858	-0.0425676686	-0.1801671254	-0.1519634712	0.1446628692	-0.0448346104	0.093382265	-0.0370392862	0.0100481412	-0.0824342286	0.1610635443	-0.0421963189	0.0366953085	0.1450371353	0.0970189071	0.0960018325	0.0845259264	-0.0019589589	0.085090841	-0.0148866943	0.0278918444	0.0305909606	-0.1435046898	-0.1251576034	-0.0604097826	0.1153472995	-0.0688101236	0.0361695786	-0.0344604224	-0.0790965131	0.1222761768	-0.0103457943	-0.1835705041	-0.0480661867	-0.1777380345	0.0255898933	0.1620529524	-0.0125416452	-0.1147693924	-0.0236030544	-0.0799134348	-0.0122564108	-0.0178647674	-0.1074009631	-0.0591660854	0.1369172277	0.0070862717	0.0598951402	-0.0453838921	0.0253872047	-0.1237873624	-0.1079148637	-0.2309654497	-0.1438534407	-0.1007880773	-0.1238846967	-0.1254478531	-0.0259527946	0.1031223238	-0.1571260501	-0.0766237489	0.0068246345	-0.1261855276	-0.0153659894	0.1019825451	0.0985628063	-0.0270824349	0.0799958145	0.052201883	0.0866199228	0.1055056647	-0.040343412	-0.0422099197	-0.0217332365	-0.0457985156	-0.009795344	-0.1502563873	-0.1816131923	0.1274024141	0.0464032649	-0.0500887521	-0.1206811645	0.0207406447815685	-0.0041484603346901	1.7209723148497915e-05	0.0004301743459552	-0.0349063939706866	0.0143942621727432	0.0002071947834976	0.0012184563400367	0.115528277330938	0.0001781617102806	3.1741595010141056e-08	0.0133467828630541	0.0001305872644794	0.0001704901061738	2.9066876303158973e-08	1.7053033644212772e-08	-0.00147308512941	-0.0001571116665909	2.1699797984888763e-06	2.4684075778970133e-08	-0.0012389080950441	0.0001331207790525	1.7721141815544536e-08	1.5348932679658005e-06
1419.851104059117	-3.475399031524603	12.078398428322147	2015977.1576978932	1967.6242255754369	-6.553392799951553	42.94695719045685	3871545.093071338	1383.933822511688	0.8014236410149351	1915272.8250918123	0.6422798523776356	1532.5847958651457	1430.1657187381288	1.160473	23.344027	0.0390416337647858	0.025044615059109	0.1162679492	0.0446791861	0.0997894614	-0.0191201687	0.1049206531	-0.0075588062	0.0545644604	0.1972598203	-0.0460033678	-0.0726322757	-0.096570747	0.0164430284	-0.1243013449	-0.0515988922	-0.1522327609	-0.0967766321	-0.0809093664	-0.0962736166	0.1305332155	0.0091978719	-0.0277727414	-0.0231578886	0.1958871572	0.1353182933	0.0268561781	0.0221412817	0.053731174	0.0959669792	-0.0389238746	0.0097104069	-0.0096088101	0.0638414952	-0.2965734338	0.0767421643	0.0455332972	0.1155063862	0.0373877278	0.0622544858	0.0806200374	0.1044967573	-0.1620085001	-0.0371603486	0.0201666276	-0.0638317532	0.0480274291	-0.0771755828	0.1069439923	0.0286316136	-0.2061318044	-0.1256034164	-0.0122656818	-0.1125021984	-0.0075099612	0.0506044645	0.0956459796	-0.0617164355	0.1490134934	-0.0066024104	0.0158128033	-0.0311653349	0.1082651564	-0.1306065366	-0.0447458417	-0.0165650009	0.001189781	-0.1944100506	-0.1333055076	-0.0323915878	0.0316773595	0.124637299	0.0888598623	0.0266286987	0.0005775451	-0.0964240707	0.0435270826	0.0583754395	0.0440750538	-0.0547323296	0.1211925079	-0.0743810062	-0.1768151102	-0.0137298899	0.0859209952	-0.0072345675	0.0275281294	-0.0554119421	-0.1133587932	0.0124816427214824	-0.0082590020600861	6.821111502850646e-05	0.0001557914050267	-0.0402373150831039	-0.0053309211124173	2.8418719906816504e-05	0.0016190415250969	0.1384536961136504	0.0229254187827124	0.0005255748263627	0.019169425967531	0.0001300556346452	-5.316298342000249e-07	2.826302806115459e-13	1.6914468102965744e-08	-0.0015150832759676	-4.199814655760016e-05	2.295477333116715e-06	1.7638443142736623e-09	-0.0012469041548437	-7.996059799600082e-06	6.393697231878049e-11	1.554769971366482e-06
1423.7174269512666	3.866322892149583	14.948452706359916	2026971.311804735	1966.7608544134323	-0.8633711620045688	0.7454097633811193	3868148.2584530544	1383.718636900734	-0.2151856109539949	1914677.2661064256	0.046304847161644	1534.5382966083805	1433.4084461451982	1.074464	21.613855	0.0540944212647601	0.0300278547419819	0.1196789729	-0.1658586744	-0.0709794675	-0.011281675	0.0112748169	0.1204212196	-0.0405078972	-0.040207977	0.0443922094	-0.1354706542	-0.0109681522	0.0189852969	-0.0669043631	0.060365266	-0.1197583699	-0.1099590839	-0.1921312379	0.1039625079	0.2274211397	0.0011967984	-0.0042159117	0.1032231873	-0.204988695	0.2335046851	-0.1239858409	-0.0343616592	0.0712989502	-0.0979739115	0.0260097904	0.1214025727	0.0575871245	-0.1030413271	-0.0493411785	0.1037539654	-0.0414562128	0.0845511039	-0.1066619454	0.1034014597	0.1385489733	-0.0798888363	-0.0943939016	-0.0660514762	-0.0944547343	-0.0209106338	-0.1056782438	-0.1767126862	-0.0525674059	0.0519517328	-0.0415939071	-0.2206100197	0.0646021585	-0.1765345483	-0.0119287124	-0.0267612918	-0.2662320394	0.1109334443	-0.0817610393	0.2273224153	-0.0152809603	-0.2069510995	-0.0453287527	-0.1091401269	-0.0844727928	-0.1063192255	0.0426137604	-0.2068959499	0.0252372342	-0.0740923755	0.1775063195	0.1423368679	0.0606849513	0.0344255606	0.0591679168	-0.0922576364	0.0137127592	0.1052206636	-0.0297819297	0.0170561932	-0.0729456968	-0.0719528029	0.0545025854	-0.0275778178	-0.0064651535	0.1624886293	-0.0044098417	-0.0606594461	-0.1054172954	0.008511774446319	-0.0039698682751633	1.5759854122148818e-05	7.245030422500913e-05	-0.0363529834926907	0.0038843315904132	1.5088031904281958e-05	0.0013215394088198	0.1168192990068419	-0.0216343971068085	0.000468047138175	0.0136467486204499	0.0004470977836798	0.0003170421490346	1.0051572426447753e-07	1.9989642817138925e-07	-0.0013907923908991	0.0001242908850685	1.9343034745828357e-06	1.5448224111111084e-08	-0.0012976876065881	-5.078345174439991e-05	2.578958971075794e-09	1.6839931242923512e-06
1422.7943338419548	-0.9230931093118216	0.8521008884589665	2024343.716412772	1965.362159646968	-1.3986947664643594	1.956347049734789	3862648.418572194	1383.793210968258	0.074574067524054	1914883.6507218424	0.0055612915470821	1533.476155456685	1437.9894164559414	1.041888	20.958567	0.0248969823827009	0.0140905177693458	-0.0808340842	-0.1882925278	-0.0267055019	0.1219368109	0.0707765271	0.0962343913	-0.0683368101	-0.045469198	-0.2166684405	-0.148738058	0.0667454821	-0.0851941935	-0.018889622	0.2107291346	-0.0900770099	0.0120605333	-0.0396841243	0.0923753008	0.1827562085	-0.0218597399	-0.156194655	0.0020359861	0.156977874	0.1393778392	-0.0054170428	0.0635929658	-0.0514806028	-0.0775786168	-0.0433647705	0.0658733584	-0.0078844852	0.2310749823	-0.067969514	-0.1968608651	-0.1449553474	-0.1327645442	-0.1501689074	0.0520234322	0.0081363599	-0.2009879136	-0.1001583914	0.0112070048	0.0702788517	-0.1531793863	-0.1331055255	-0.1766291002	-0.0222300043	0.0927037013	-0.1394298975	-0.0724057165	-0.1085495633	-0.0635898395	-0.060991354	-0.1384495942	0.0561186488	-0.083174401	-0.0222071282	-0.0775788342	-0.1000429648	0.1870936286	0.0899749099	-0.0947787385	-0.021394184	-0.1161439614	-0.0915136939	-0.0919895301	0.109251818	-0.0771798557	0.2362084434	0.1065486205	0.0455511178	-0.0636379228	0.0619361109	0.0317610209	-0.0144245265	0.0925833575	-0.2103647223	0.0443588038	-0.0748982036	-0.1303097705	0.0301181413	-0.0141220969	0.0413521988	-0.0513512608	0.149660007	-0.0658240966	-0.096900045	0.0087075937004215	0.0001958192541024	3.83451802772592e-08	7.58221880516202e-05	-0.0257264750679979	0.0106265084246927	0.0001129226813	0.0006618515194243	0.1195110725531876	0.0026917735463456	7.245644824806503e-06	0.0142828964628132	0.0005142101855981	6.71124019183e-05	4.504074491243437e-09	2.6441211497283244e-07	-0.0013907941442425	-1.753343399938864e-09	1.934308351659228e-06	3.074213078109176e-18	-0.0011371441386986	0.0001605434678894	2.5774205081986885e-08	1.293096792176581e-06
1421.024626047203	-1.7697077947518665	3.1318656788055144	2019310.9878325928	1961.9669993410828	-3.395160305885156	11.527113502658189	3849314.506503453	1383.7796121432086	-0.0135988250494847	1914846.0149832089	0.0001849280427264	1529.940329171561	1432.3719657605664	1.073917	21.602871	0.1432601978555288	0.0615594850745394	-0.1778119098	-0.0564013786	0.0967275389	0.1446988622	0.1510973665	-0.1392127871	-0.1251630939	0.0055691533	-0.0904427566	-0.046869243	-0.1443587957	-0.1750880338	-0.0299498886	0.142144601	-0.1108086054	0.0891651081	0.0398521559	-0.0495783297	0.0232517104	-0.0130988462	0.1661180768	0.0564812783	-0.1904516466	-0.0189202678	-0.0262471712	0.1970885679	-0.1251136397	0.0100164305	-0.0956370636	-0.0932469818	0.1205501417	0.1551150953	0.0355300633	-0.049995625	-0.1638381496	-0.0572213282	-0.1279424754	0.0305198407	-0.1795032588	-0.0517750047	-0.1904926355	0.0362993744	0.1028021227	0.0230589594	0.0451689026	-0.0801977794	-0.0444116252	0.1802708292	-0.0625216821	-0.0658307201	0.0016583558	0.0245117948	-0.0219053065	0.110031368	0.0741359011	-0.0775846546	-0.2302445681	0.001329956	-0.0575629564	-0.0263959349	-0.0467810479	-0.1439668772	0.0625424791	-0.0620235635	-0.214392275	-0.0799221357	0.0335517167	0.0084198719	0.0672858061	0.0506871643	0.0190074866	-0.1233384009	0.0354612872	-0.0732530798	0.029021678	0.0339967355	-0.171218383	-0.107557431	0.1086191857	0.1696320624	-0.1060455292	0.0648918319	-0.0982636515	0.0760583036	-0.0545059036	-0.0708988393	-0.0878535601	0.0365032535072202	0.0277956598067987	0.0007725987040952	0.0013324875166123	-0.047267457984887	-0.021540982916889	0.0004640139450257	0.002234212584353	0.1610658076587086	0.0415547351055209	0.00172679600969	0.0259421943967521	0.0009247887583785	0.0004105785727804	1.6857476442639025e-07	8.552342476232477e-07	-0.0018680985691434	-0.0004773044249009	3.4897922640356185e-06	2.2781951402997893e-07	-0.0012966375415437	-0.0001594934028451	2.5438145551109377e-08	1.6812689141404906e-06
1423.771940947835	2.747314900632091	7.547739163235116	2027126.5398303648	1968.240384994015	6.27338565293212	39.35536755041456	3873970.213121388	1386.8904680066846	3.11085586347599	1923465.1702478009	9.677424203322948	1535.0504373403696	1431.9256461879827	0.942813	18.965582	0.0503148161457126	0.0328666170529104	-0.1689437503	-0.0365119087	0.0920591188	0.039819062	0.2115289241	-0.1851665597	-0.1467627398	-0.0416207179	0.0250155983	-0.2120948455	-0.1519383148	-0.1767590655	-0.1433053761	-0.0281248159	-0.1661515602	0.1157375959	0.0325155919	-0.0422820447	0.1664761768	-0.1992083978	-0.0426830131	0.0687354427	0.0497647077	-0.0107541531	0.2654592527	0.0064719336	-0.0163461916	0.0391811038	0.1531506613	-0.1417557664	-0.0003451694	-0.0030063999	0.0160421864	0.1252915054	0.2111770631	-0.2279138812	-0.0324955174	-0.1042751136	-0.1784603351	-0.0393491068	-0.2371394827	0.0493431423	-0.0062576138	0.0652202664	0.1066887957	-0.104970755	0.0965929106	-0.0172898786	0.0826756108	-0.1118067991	-0.1177631924	0.1106630902	0.0351900886	0.1961561965	-0.1169924309	0.0104822214	0.1595358455	0.0372851926	0.1980668098	0.0984963324	0.0361807878	-0.1305301837	0.077906613	0.0082853711	-0.2213229352	-0.0635467004	0.0309052567	0.0608240728	0.0529743232	0.1230133452	-0.0716077658	-0.0635417167	0.0348985653	-0.0616512969	0.0476769061	0.063558175	-0.0018280345	-0.0635136938	0.1009306143	0.2632177209	0.0044067019	0.0482682575	-0.0058512356	-0.0440493276	0.0084311159	-0.0758767427	-0.0783272495	0.0342407203366974	-0.0022625331705228	5.11905634771596e-06	0.0011724269291759	-0.043009881967265	0.004257576017622	1.812695354583001e-05	0.001849849946838	0.1915306033832564	0.0304647957245478	0.0009281037785384	0.0366839720323542	0.0008359050404875	-8.8883717891e-05	7.900315306126875e-09	6.987372367124091e-07	-0.0016905427887488	0.0001775557803946	2.85793492059057e-06	3.152605515153546e-08	-0.0012967962679185	-1.5872637479982105e-07	2.5194062057093267e-14	1.68168056048735e-06
1424.8003966227222	1.0284556748872546	1.0577210752077983	2030056.1702162663	1973.993405906103	5.7530209120880045	33.09724961492189	3896649.966560776	1385.3248326259022	-1.5656353807823962	1919124.891889984	2.4512141455576386	1535.4528757375438	1442.6542099913352	0.966393	19.439915	0.0386416723289258	0.0178247786833662	-0.1140026752	0.0090365112	-0.0236028881	0.1315846496	0.203675638	-0.1595012948	0.0207408852	-0.162084439	-0.0122960914	-0.0491829697	-0.1761976722	-0.0668395527	-0.0288947031	0.1210313687	-0.1143328346	0.1339691374	0.0063495072	-0.0479603177	-0.0021679488	-0.0326086884	0.0941826702	0.0525278958	-0.1097483397	0.158838779	0.0142856762	0.0164997172	-0.0624402425	0.0630161946	-0.1025060238	0.093573482	-0.0318084398	0.0272490507	-0.032395985	0.2373311052	0.1350684826	0.0166324899	-0.0510119965	0.0500999628	-0.1626414987	-0.0294266809	-0.0892815955	0.154285793	-0.0752088318	-0.0366812677	0.0387018025	-0.0030015585	-0.100514116	-0.0621672871	-0.0018205422	-0.0574913321	0.0520857975	-0.0692596364	0.1768930055	0.1822126038	0.0354915362	0.1875197017	-0.0484265974	0.0293214505	-0.1343039933	0.150161823	0.1084135556	-0.1366758851	0.070700612	-0.0244322654	-0.2405806927	-0.0801822674	-0.042030585	0.0537425874	-0.0008048618	0.0403112045	-0.081554891	0.0158636359	0.1147004017	-0.0364492069	0.1661999969	-0.0292293976	-0.1611193028	-0.0711265553	-0.003342771	0.2980493688	0.1729523294	0.0033389937	-0.0480067181	0.1006574283	-0.1546879931	-0.0807510076	-0.0683731426	0.0315771302636704	-0.002663590073027	7.094712077127987e-06	0.0009971151556888	-0.0498312233850271	-0.0068213414177621	4.653069873767672e-05	0.0024831508240484	0.1814375091563747	-0.0100930942268817	0.0001018705510727	0.0329195697288695	0.0009036487845092	6.774374402169993e-05	4.5892148540776055e-09	8.165811257449545e-07	-0.0018026773904642	-0.0001121346017154	3.2496457740908176e-06	1.2574168901871392e-08	-0.0014981908544065	-0.000201394586488	4.0559779466672524e-08	2.244575836227278e-06
1419.8614257311108	-4.938970891611461	24.393433468185314	2016006.468279183	1987.5433667911	13.549960884997065	183.6014399849504	3950328.634875301	1384.533473217581	-0.7913594083211137	1916932.9384599384	0.6262497131383432	1538.209892112892	1440.3139428848835	1.230908	24.760891	0.0310349903445239	0.0172613121939703	0.1142079756	0.1192366684	0.033018507	0.1945196923	0.0283955536	-0.0452733412	0.2463751755	0.0250874101	-0.1637570681	-0.1913564872	0.0374335845	-0.0003750774	-0.0696217734	-0.0823126568	-0.0869571134	0.0281698364	-0.0610604134	-0.2332845404	-0.1123769405	-0.0560645375	-0.1653467805	-0.1358392166	0.0857417588	-0.035594702	0.0662942938	-0.0548818907	0.1747026698	0.0537150105	-0.2202385086	0.1626975876	-0.0143282357	-0.1842641894	0.0143393204	-0.1054426272	0.0197804736	0.047171898	0.0903405344	-0.076358935	0.0605345668	0.1585208821	-0.0709158443	0.1438585017	0.0419191338	-0.1358446243	0.0080956638	0.1235148228	0.2139795304	-0.0314810128	0.0230968035	0.1046516442	-0.1452877027	-0.1143175349	0.0594190625	0.0706028745	0.2259740635	0.0319983333	0.0800808155	0.0973046512	-0.132774263	-0.165730425	-0.0116725268	-0.090891033	0.1404204332	0.0462340082	0.0567126891	0.0315459271	-0.2130326046	0.0146260879	-0.0139577599	0.1469182635	-0.2811214606	-0.0221330525	0.0732764071	0.0633471758	0.2139369484	-0.2486273349	-0.0765656493	0.0686177598	-0.0823478897	0.2290474009	-0.2317548165	-0.0566577762	0.1339332783	-0.1985002134	-0.0046978924	-0.0855149763	-0.0580456054	0.0344232797746855	0.002846149511015	8.100567039051478e-06	0.0011849621904462	-0.0435392088619295	0.0062920145230975	3.95894467588711e-05	0.0018956627083227	0.1815147942526209	7.728509624621571e-05	5.972986101786825e-09	0.0329476205325712	0.0011109445543552	0.000207295769846	4.2971536196045816e-08	1.2341978028514738e-06	-0.0018029592394774	-2.818490132000008e-07	3.2506620192169243e-06	7.943886624181423e-14	-0.0017270040598306	-0.0002288132054241	5.235548297645141e-08	2.9825430226713742e-06
1417.0263103221664	-2.8351154089443757	8.037879382033832	2007963.5641452528	1965.7168275566512	-21.826539234448774	476.3978149529317	3864042.646139385	1379.0873747898213	-5.446098427759807	1901881.987304681	29.659988084847843	1530.406616531052	1426.8094269128585	1.226564	24.67351	0.1059042507593902	0.0541117090216676	0.0450080114	-0.1624020043	0.1119671097	-0.072742785	-0.1268107293	0.0732006541	-0.0153410466	0.2009815368	-0.0447010825	-0.0996445737	0.1142400476	-0.1289331547	0.0007264673	-0.176467582	-0.057814881	0.0238673571	0.2952362523	-0.0269329305	-0.3271280173	-0.0233356726	0.007380446	-0.0459630582	0.0199520942	0.1238793446	0.0956879984	-0.2057377431	0.0349401994	0.1018161148	0.0067149404	8.45849e-05	0.0372234209	0.1041741626	0.1651648932	-0.0928171728	0.0035274746	0.0227083323	-0.1119980364	-0.0062323199	0.0683688677	-0.0459270241	-0.1172612785	-0.0261536289	0.1752744368	0.1419194172	-0.0849706066	0.2923799241	0.1083150609	-0.0055131208	0.1482126896	0.0352577599	-0.0429441742	-0.1114268104	0.127922191	-0.0708698754	0.2625767362	0.0617414477	-0.0552458367	-0.1121815069	-0.0846322454	0.2028622496	-0.0084812921	-0.0816030811	0.2001378232	-0.065211834	0.1880876462	0.2501217735	0.0107486185	0.0551503433	0.1313666484	0.2358633243	-0.2830216577	0.102530326	0.0190949649	0.1110982259	0.2716867932	-0.194730764	0.2645153032	0.087844004	-0.1318869558	-0.0315349663	-0.2043270194	-0.1035182006	-0.1692071882	0.1908656313	0.1934863206	-0.0901621419	-0.0474010431	0.0459600201951673	0.0115367404204818	0.0001330963795295	0.0021123234563401	-0.0202250220799555	0.023314186781974	0.0005435513053047	0.0004090515181346	0.1620146510171665	-0.0195001432354544	0.0003802555862032	0.0262487471442142	0.0013161248352918	0.0002051802809366	4.209894768522213e-08	1.7321845820718677e-06	-0.0018491222401011	-4.616300062369998e-05	3.41925305883651e-06	2.131022626583725e-09	-0.0009472837349613	0.0007797203248693	6.079637850142868e-07	8.973464745222304e-07
1421.488782625854	4.462472303687491	19.913659061177945	2020630.359131132	1965.8428149479687	0.1259873913174942	0.0158728227709874	3864537.9730825536	1383.9267373072507	4.839362517429436	1915253.2142338925	23.419429575100967	1533.886160079138	1431.1464027580903	1.239456	24.932827	0.1517057489791407	0.0787361115967137	-0.0059910709	-0.0971348902	-0.0002280682	-0.1266255505	-0.3701584558	0.0810021879	-0.1228853196	-0.0246375505	0.0648597924	-0.0341768078	0.0175490757	-0.0598575896	0.1972141834	-0.2463603749	-0.1255380215	0.041188526	0.3268497276	0.2685845663	-0.2452622581	0.1614153744	0.0719120983	-0.1246039225	0.1350802264	-0.0156919474	0.222803742	0.0364128987	0.1698475148	0.0693793871	0.2135436209	0.1201343206	0.0200905244	-0.1416278074	0.0450037113	0.1058532355	0.0859358147	0.0112996856	-0.1333018469	-0.0535574144	0.059235397	-0.1454808968	-0.0691215009	-0.1011450088	-0.1207726955	0.1429056641	0.0211576094	0.4881866286	0.234767597	-0.0427777331	0.0863669555	0.1036041961	-0.0222648824	0.0844922297	0.0324764531	-0.151517644	-0.0273700266	-0.0359737738	-0.0739701247	-0.1507040764	-0.1558325532	0.0231981524	-0.1540151022	-0.1902797882	0.0952880203	-0.0639903308	0.2273374005	0.3053683196	0.0733836532	0.0534800018	-0.0249258123	-0.0423648903	0.2057420176	0.5916015421	-0.2230238896	0.1194270404	0.2397844132	0.2158471609	-0.2456627478	-0.0917063891	0.2204804482	-0.0341638467	0.0851430305	-0.0373182553	0.1063138652	0.0034483405	-0.0848002462	-0.0946861568	-0.0364975928	0.0599892466676124	0.014029226472445	0.0001968191954151	0.0035987097157476	-0.0523869776812233	-0.0321619556012678	0.0010343913880979	0.0027443954305729	0.1685822502104343	0.0065675991932677	4.313335916341183e-05	0.0284199750860134	0.0002410942710832	-0.0010750305642086	1.1556907139826608e-06	5.812644754913953e-08	-0.0026311297808572	-0.0007820075407561	6.922843923713657e-06	6.115357937994034e-07	-0.0010691849842398	-0.0001219012492785	1.4859914575659016e-08	1.1431565305238617e-06
1426.6774282892502	5.188645663396301	26.92204382028124	2035408.4843900288	1981.615021736391	15.772206788422409	248.76250697675792	3926798.094371318	1390.792106568344	6.865369261093292	1934302.683692812	47.133295091164655	1542.6180601675749	1467.1466796908726	1.366468	27.487812	0.0787333345888949	0.0424775543982563	-0.0486224005	-0.0011289129	-0.1829293273	-0.0184279839	-0.0858527682	0.0238720262	-0.0246132391	-0.2739922358	-0.0341950981	0.0130801597	-0.0398533855	0.145703947	0.2106745096	-0.0133387434	-0.0576692653	0.2732836638	-0.0631170419	0.0473644318	0.0430341535	0.0322675202	0.0578805584	0.0219456985	-0.1508365094	0.0110590113	0.0197608476	-0.4236376425	0.0890688006	0.066697591	-0.1939131532	0.0792720463	0.053868612	0.0806361021	0.1478454625	0.0025069551	0.0167852245	-0.0647144262	0.271511088	0.1012273477	-0.027714926	-0.1468391677	0.0377762061	0.2503569391	-0.1513539603	-0.217230239	0.0167736757	0.0798935835	-0.0375971624	-0.1334329063	0.3653056861	-0.1871942012	0.0520180389	-0.0197924368	0.0721923703	-0.1717464279	-0.0028245894	0.0192987092	0.0315045472	0.0699384466	0.088291055	0.0067654296	0.0628873316	-0.1862109731	0.0916887469	0.0753848136	-0.0647835918	0.1654028342	-0.0220225813	-0.1616164488	-0.0630015559	0.0124556858	0.1669404069	-0.0488731495	-0.0993626143	-0.128306199	-7.32861e-05	0.0131463158	0.2073505716	0.0101352834	-0.285871851	0.0552226561	0.2010287161	-0.0038798567	0.0286140792	-0.0854375314	0.0126725721	-0.0990808418	-0.0253948054	0.0569670024869566	-0.0030222441806557	9.133959887507824e-06	0.0032452393723489	-0.0553976913817138	-0.0030107137004904	9.064396986321185e-06	0.0030689042104236	0.1355190186495107	-0.0330632315609236	0.0010931772812512	0.0183654044157264	0.0005680480962027	0.0003269538251195	1.068988037602726e-07	3.22678639599512e-07	-0.0024607219074546	0.0001704078734025	6.055152305827006e-06	2.903884331759649e-08	-0.0007738037798254	0.0002953812044144	8.72500559213016e-08	5.987722896720761e-07
1419.0663218812786	-7.611106407971647	57.92894075346707	2013749.2258976605	1974.471777967228	-7.143243769163064	51.02593154568694	3898538.8019890655	1385.8283521597157	-4.963754408628347	1920520.2216497129	24.63885782917735	1536.5108327087544	1425.218640505448	1.342912	27.013958	0.040092790450265	0.0222032770036816	0.1148927753	0.1786548985	0.0597252391	0.4283304946	-0.2212959214	0.0108005116	0.3314566594	-0.015888244	-0.1526384251	0.0743833548	-0.1592507865	-0.2853701469	-0.1343005221	-0.0029428471	-0.195381846	0.0064958589	-0.0051683475	-0.0388978882	-0.0360664717	0.220336434	-0.155671793	0.0296456461	-0.0311701063	0.0149604264	-0.0486265289	-0.3528119431	-0.1805503341	-0.0271160342	0.0704954819	0.0452484128	-0.1143011322	-0.246461797	-0.0972768215	-0.039308813	0.0441265548	0.0285611556	-0.0046445556	0.1643082785	0.1110879153	0.1196035618	-0.1133799713	0.333353208	0.0750828653	-0.0099850203	-0.1041650266	0.12930466	-0.0535354699	0.2376435514	0.0456754971	-0.1656108654	-0.0789019652	-0.0023265766	-0.1489362429	-0.1908538093	-0.0378409254	0.0741822098	0.0135107637	0.0084912306	0.1860390777	-0.1540615889	0.194150676	-0.1814936839	0.1308792683	0.199294804	0.1233367569	0.2162729682	-0.121657281	-0.2168409227	0.0717719503	-0.063380972	0.1649966564	-0.2718972179	-0.0828599695	-0.1160794573	-0.0073428308	-0.091294612	-0.1555107646	-0.0610261315	-0.0541441999	-0.0731454871	0.1066636636	0.1821036345	0.1034997985	-0.1743487744	0.003645377	-0.1033401944	-0.0141533203	0.0570378168324765	7.081434551989979e-05	5.014671531411751e-09	0.0032533125490151	-0.0377188970712865	0.0176787943104273	0.0003125397682703	0.0014227151962743	0.1416417046652185	0.0061226860157078	3.7487284046944e-05	0.0200623725004689	0.0006613156428388	9.326754663609996e-05	8.698835255517082e-09	4.373383794632953e-07	-0.0024426898531386	1.8032054315999906e-05	5.966733718626276e-06	3.2515498285517075e-10	-0.0005606934652053	0.0002131103146201	4.541600619747801e-08	3.1437716192392693e-07
1416.1234818155467	-2.9428400657318434	8.6603076524766	2005405.7157493872	1967.2275891047648	-7.244188862463261	52.47827227503676	3869984.387334945	1381.1724946430036	-4.655857516712104	1907637.4599583775	21.6770092159246	1530.6596606416858	1428.010410885914	1.329842	26.751043	0.0871316340626762	0.0550110552291567	0.0218735805	-0.1667956104	0.2244490401	0.0286358837	0.0214717113	0.1540219855	-0.06710635	0.2111589678	-0.1647438242	0.1698720912	-0.1014491749	-0.1347071571	-0.1086116413	-0.1595322226	-0.1869926025	0.1586782575	0.2781585899	-0.0710589289	0.0421655254	-0.2436813187	-0.1885152635	-0.0947020283	-0.1345812187	-0.0437334032	-0.1652135285	-0.0379892169	-0.035985068	-0.0489503645	0.1256560599	-0.0885929749	0.0152463286	-0.0246749333	-0.0566416399	-0.0330241211	-0.0231702419	-0.0225992673	-0.1271330717	0.0419596531	0.0534129868	-0.1104498309	-0.196514489	0.1436153475	0.281889858	0.1064078776	-0.0244427664	-0.1693707188	0.1211050686	-0.044634466	0.121664145	0.2146243167	0.0180137608	0.0960759788	-0.0070521789	-0.1213313867	-0.1222041927	0.1311880381	0.0850581888	-0.0977068854	-0.1015250167	-0.0212604418	0.1049161013	-0.1959130187	0.2099756521	0.0476965644	0.0388285095	0.1997444856	0.0953406647	-0.1277378473	0.1247307425	0.1310519374	0.092004562	-0.1868795407	-0.18236564	-0.0579985106	-0.1498128582	-0.0467576123	0.1175016175	0.1032269672	0.1144087993	0.0371704216	0.1688419685	0.0507607892	0.0756578843	-0.0229015861	0.067795601	-0.1074583966	-0.0028345346	0.0569952214027438	-4.259542973270025e-05	1.8143706341134047e-09	0.0032484552627477	-0.0569710721752585	-0.019252175103972	0.0003706462462339	0.0032457030647985	0.19110603290423	0.0494643282390115	0.0024467197681366	0.0365215158123926	0.0006627350324927	1.4193896538999742e-06	2.0146669895982884e-12	4.392177232931001e-07	-0.0022092298775675	0.0002334599755711	4.880696651936911e-06	5.4503560193658666e-08	-0.0006932648057795	-0.0001325713405741	1.757516034164052e-08	4.806160909324878e-07
1420.8676970627678	4.744215247221064	22.507578311964817	2018865.0125564528	1953.784457134944	-13.443131969820795	180.717797158018	3817273.704942088	1380.3473361758736	-0.8251584671299952	1905358.7684878304	0.6808864958763233	1525.819076111267	1406.9133218828963	1.287	25.889219	0.1372374815937743	0.0660816438191792	-0.1704933257	-0.0690114745	0.2155725228	-0.0690322701	0.0572353245	-0.1006706016	-0.2959793903	0.0550648435	0.0608464534	0.0443956252	-0.2565179765	-0.0703912211	-0.0799213304	-0.1922037407	-0.0872699318	-0.0178178198	-0.0147900154	0.0277286271	0.0798701162	-0.0170330601	0.266933858	0.0266201542	-0.0457969841	0.1341867246	-0.0199142004	0.1428908425	0.0406221755	0.035705484	0.0233423127	-0.0181930115	0.0013024666	-0.2529242392	0.1162644534	-0.4214106345	0.0616423934	-0.1233010029	0.0971048224	-0.15163509	-0.1898993598	-0.1136234212	-0.2075849286	-0.1553836638	-0.0491281874	0.1497973873	0.205481472	-0.114383634	0.0051128141	0.0230182038	0.0272004309	0.1181465031	0.0340126993	-0.0528559573	-0.1438441282	-0.1009670392	-0.0821314872	-0.0535230153	0.0133321228	-0.0402692877	-0.182138023	-0.1224491046	-0.0781548865	-0.1053854394	0.1321609024	-0.2190673788	-0.1652216815	0.001753	0.1182851253	0.1515507337	-0.0276858204	-0.0401895962	0.1653004064	-0.0231375926	-0.1762683237	-0.2150524393	-0.122437337	-0.1137443448	0.1549845918	0.3394872736	0.1939129238	-0.0197292662	-0.1627954796	-0.0023434119	-0.0181134744	-0.0055113688	-0.2712034092	-0.1114298236	0.0084997322	0.0376475841655832	-0.0193476372371606	0.0003743310666607	0.0014173405935046	-0.0538128933267074	0.0031581788485511	9.974093639435564e-06	0.0028958274881915	0.2012220641223976	0.0101160312181675	0.0001023340876069	0.0404903190896782	0.0014054693045122	0.0007427342720195	5.516541988323368e-07	1.9753439659260074e-06	-0.0027940314265879	-0.0005848015490204	7.806611612760816e-06	3.4199285173665944e-07	-0.0014580416705375	-0.000764776864758	5.848836528690764e-07	2.125885513023784e-06
1427.5032924668672	6.6355954040993765	44.031126366904765	2037765.6500037464	1957.69552464639	3.911067511445936	15.296449079087903	3832571.767220504	1385.553468719242	5.206132543368312	1919758.4146799236	27.10381605911861	1533.114115859523	1436.4516054089738	1.149621	23.125727	0.1206146807683545	0.0746258416759303	-0.1891666102	-0.0538742859	-0.1014634915	-0.0434601703	0.0868782706	-0.1566389428	-0.152162189	-0.1263120649	0.1526433437	-0.0873810455	-0.0328061372	-0.1533443616	-0.0103068842	0.1560134582	-0.0406300064	0.0674082285	-0.0911502172	0.0386646471	0.0493534905	-0.0020823709	0.1161239411	0.0665748328	0.1592985519	-0.1857092019	0.0472568107	0.0950658333	0.1024805057	0.0057023643	-0.0191673832	-0.0057253067	-0.0227748203	0.1659920289	-0.1960764365	-0.123411122	-0.1187562647	-0.0025590914	-0.1215509952	0.1818352833	-0.1887478155	-0.0710923051	-0.0394650306	-0.0337848156	-0.1815651972	0.0864138316	0.0638040605	0.0187054994	-0.1540156664	0.0466929257	0.0366022663	0.0445968739	-0.1669265419	0.0267543283	-0.138159353	0.0942321057	0.1166428049	-0.0597612324	0.2833381643	0.0935237179	-0.1365693721	0.1671197385	0.2129079696	-0.0310982748	0.0234012036	-0.1225689461	-0.1603107569	0.0241745758	0.1410016062	0.1768292581	0.1320327936	-0.2578951833	0.0684255379	0.0863070746	-0.0416807784	-0.0863137871	-0.0842593284	-0.036248283	0.0143836465	0.1803382924	-0.2058890219	-0.1397168018	-0.1691020687	-0.0349969334	-0.1465331017	-0.130267943	-0.0254966583	-0.1152490509	0.0197875765	0.0371152356796926	-0.0005323484858906	2.833949104300149e-07	0.0013775407195591	-0.0390091385368833	0.014803754789824	0.0002191511558772	0.0015217128893897	0.1332097501987377	-0.0680123139236598	0.0046256748452504	0.0177448375480101	0.0016017956686924	0.0001963263641802	3.854404127221653e-08	2.565749364241733e-06	-0.0029889598330168	-0.0001949284064288	8.933880883387816e-06	3.79970836329103e-08	-0.001812112171308	-0.0003540705007704	1.2536591951587256e-07	3.283750521402594e-06
1424.1133469769206	-3.3899454899465127	11.491730424808702	2028098.8250378072	1983.6770373928928	25.981512746502855	675.0390045966905	3934974.588679844	1384.6116904912033	-0.9417782280386292	1917149.533444908	0.8869462308075801	1535.7842330754777	1455.2125008401326	1.194624	24.031004	0.1000288451462903	0.0475725466279421	-0.1342322165	0.0729793487	-0.0609445599	0.2785718233	-0.0331406042	-0.1650108825	0.1598584802	-0.103123815	-0.2720437151	-0.0148324318	-0.0110791741	-0.147807268	0.2340224977	0.0698531624	-0.0719811097	0.0960127313	0.1728429716	-0.2122912366	-0.1187582891	0.0109084829	0.1918803728	0.0854655252	0.151156892	-0.1438480035	-0.0463767298	-0.1255144707	-0.0042392137	-0.2219300415	-0.0524868818	0.0346710521	0.0031040488	0.0448191056	-0.0908328513	-0.0719141983	-0.0660473806	0.0261736159	-0.1459766358	0.0913850866	-0.1471580534	0.0231278136	-0.0625823025	0.2068240782	0.0854125232	-0.0643753786	-0.0155436863	0.136515846	-0.3311292527	-0.0242103619	0.0067346271	0.133090118	-0.2444454804	0.0105008669	-0.0059819267	0.0569559032	-0.0684782734	-0.1691501584	0.0175073797	0.0022274644	-0.0473042875	-0.0786393665	-0.1276101883	-0.0344186997	0.1099793934	0.0853265783	-0.1187700564	0.1525900327	0.0410698991	0.2073081284	0.0745389678	-0.2688322033	0.0178320562	-0.006855334	0.147423917	0.0123593515	-0.0512731965	-0.0070902064	-0.0716945887	-0.1767311275	-0.1848634397	-0.1575590292	-0.1088009524	-0.1313380299	-0.1778735229	-0.0640799375	0.0549330628	-0.1189108618	0.0309673479	0.0580934464513802	0.0209782107716876	0.0004400853271813	0.0033748485205993	-0.0125909847853336	0.0264181537515497	0.0006979188476405	0.0001585328978645	0.1641581113532808	0.030948361154543	0.000957801058152	0.0269478855230761	0.0015706807402114	-3.111492848100004e-05	9.681387743777471e-10	2.4670379876710315e-06	-0.0027950928748887	0.000193866958128	7.812544179253578e-06	3.7584397453842435e-08	-0.0020208126740691	-0.000208700502761	4.355589985273588e-08	4.0836838636783065e-06
1420.5721385850234	-3.541208391897271	12.540156874843657	2018025.2009240268	1968.945066226426	-14.731971166466792	217.03097444960892	3876744.673817385	1385.2233752153052	0.6116847241019059	1918843.799242882	0.3741582016996247	1533.577854005329	1425.040344627995	1.031671	20.753044	0.0706311926522618	0.0477752036923103	-0.0693434391	0.1326677616	0.1050257703	0.1103413319	-0.0546092798	-0.1025538555	0.0904902001	0.0800696027	-0.0672894105	0.200133522	-0.0374856354	0.0005851568	0.0927396027	-0.0814809382	0.0301079657	0.1146838458	0.0502687626	-0.1420292618	0.0451467352	0.007442592	0.1785747978	0.0319689918	0.1160098145	-0.0866745533	-0.0241857382	0.0090873848	-0.1424026405	-0.1377059561	-0.0290577311	0.2058233262	-0.0560084506	0.0513316997	-0.1450055122	0.0275259574	-0.0372621276	-0.0532236669	0.0823072068	-0.0546708346	-0.1090343824	0.0789687325	0.046247162	0.161345112	0.0899271682	-0.0375025992	0.115611905	0.1079558065	-0.1114288471	-0.1698481812	-0.1708499447	0.1371636706	0.0384359777	-0.0272866752	-0.1034272784	-0.0552088966	-0.1332913492	-0.0401733896	-0.0448715299	-0.052569032	-0.0037358842	0.0888973723	0.1245830825	-0.0054541426	0.1243488731	0.1619424725	-0.100854609	0.1051473795	-0.0240576899	0.1561837704	-0.0630214864	-0.2040070452	0.0383911268	-0.0281890419	0.1389148789	0.0503630841	-0.1209053238	0.0060198474	0.0583669229	-0.0120571451	0.0226272309	0.0526340176	0.0122440409	-0.2035350605	0.1182011071	0.1939047137	0.0837567643	-0.1224102548	0.0419779864	0.0414253131451261	-0.0166681333062541	0.000277826667915	0.0017160565691717	-0.056491521571786	-0.0439005367864524	0.0019272571301386	0.0031912920094955	0.1635687177354654	-0.0005893936178153	3.473848367214973e-07	0.0267547254216243	0.0017591829645414	0.00018850222433	3.5533088577357654e-08	3.094724702732669e-06	-0.0027952865009139	-1.936260251998896e-07	7.813626622191474e-06	3.7491037634708285e-14	-0.0020200459455895	7.667284795996945e-07	5.878725614292592e-13	4.080585622292578e-06
1421.164914099531	0.5927755145075935	0.3513828105997421	2019709.7130675272	1971.5211875669413	2.5761213405153285	6.636401161058493	3886895.793025363	1383.804624702674	-1.4187505126312772	1914915.239348508	2.0128530170915115	1531.2965938683712	1428.590043283399	0.938269	18.874178	0.0778701635055013	0.0410624705818704	-0.0200162327	0.1651867634	0.0913777777	-0.0109740854	-0.15461179	-0.0517723777	0.0658542652	0.035684619	0.0424434235	0.1564772021	-0.0707543943	0.0167081565	0.0254939029	-0.0827935586	0.0155665442	-0.0295700188	-0.0783466969	-0.1032164808	-0.0015473403	-0.0483653977	-0.0031587114	0.0289100713	-0.1841668604	-0.1244384606	-0.0359297179	0.1603088657	-0.1425202819	0.0948457651	0.0410045744	0.1010650645	-0.0968142668	-0.136164753	-0.0804279958	0.1253395844	-0.1348849555	-0.2224575678	0.0148911838	-0.1719729263	-0.012410255	0.1184198786	0.0251198596	0.1111023706	0.0340889275	0.087083977	0.1275604066	-0.0616516506	-0.0430002916	-0.0574452086	-0.0625145217	0.1449717441	0.2336205936	-0.0579717785	-0.2089244711	-0.0069628081	-0.0722873695	0.1561457371	-0.1147370699	0.0034900618	0.1023109856	0.0119032445	0.0495888248	0.0122000542	0.0382631993	0.1334711519	-0.0521128329	-0.0441609912	-0.1272264235	0.0765280659	-0.1425966811	-0.1028937957	0.0905995874	0.0118601024	0.0859519087	0.0616890405	-0.0978746992	-0.0162951092	0.0383042238	0.1504275543	0.0226980934	0.0230115017	0.0532183597	-0.0994515605	0.1286066931	0.328954876	0.0701969092	-0.1257424501	0.0527593557	0.0295942183449682	-0.0118310948001578	0.0001399748041703	0.0008758177594496	-0.0849698536105165	-0.0284783320387304	0.0008110153957081	0.0072198760225926	0.1610567145602175	-0.0025120031752479	6.310159952455593e-06	0.0259392653049313	0.0015171421790994	-0.000242040785442	5.858374181738031e-08	2.301720391602476e-06	-0.002338041250216	0.0004572452506978	5.466436887711597e-06	2.0907321928578522e-07	-0.0020217345792769	-1.688633687399986e-06	2.8514837302220736e-12	4.087410709043945e-06
1420.3850615905712	-0.7798525089597206	0.608169935730771	2017493.7231896508	1968.977058000462	-2.544129566479341	6.472595251034362	3876870.6549321534	1384.97229836932	1.1676736666461238	1918148.2672503968	1.363461791778803	1534.1773007977538	1431.8265065041412	0.983061	19.775196	0.0740622837936997	0.038215348944584	0.0618695668	0.1509814168	0.0999727357	-0.0867790294	-0.0547183902	-0.0191285681	0.0123511506	0.1202003779	0.0236312383	0.0336862865	-0.04502947	0.1653615041	-0.0508926515	-0.0581048124	-0.0085827693	-0.0860117003	-0.1172791637	-0.2013395672	-0.0120986986	-0.2359196193	0.0776694651	-0.0718262912	-0.0347744989	-0.0014190453	0.1114128242	0.0525136829	0.0696259829	-0.1500394678	-0.0061137088	0.0526910217	-0.1597748631	0.00140151	0.0204829595	0.036619671	-0.0021551008	-0.1233647268	0.1718275212	-0.0187534545	0.0207261715	0.1188952627	-0.0560943444	-0.0872502122	0.0057073307	-0.1717931772	0.1656466407	-0.0478126565	-0.0344878512	-0.2083002262	0.0374200281	0.1066762585	0.0628626504	0.0376363618	-0.1158034298	-0.0981858972	-0.0039719312	-0.0594568761	0.0482441475	0.1095749293	0.0252600426	-0.086899121	-0.1399210736	0.0340859648	0.0498193323	0.0180767221	-0.0043653399	-0.1190964469	-0.2014484251	0.1282725418	-0.078660132	-0.0153143421	0.1016591051	0.0290252408	0.038619811	0.0052399945	0.0392239824	-0.1092119431	0.0198536194	0.0339082108	0.0370959515	-0.2127767819	-0.022988537	0.011126918	-0.04931427	0.0284344196	0.1377954447	-0.1289028963	0.0632525717	0.0236115262728588	-0.0059826920721094	3.579260442968066e-05	0.0005575041729339	-0.0617919068045296	0.0231779468059868	0.0005372172181411	0.0038182397465396	0.1577047650234391	-0.0033519495367783	1.123556569710888e-05	0.0248707929110981	0.0018542099655876	0.0003370677864882	1.1361469268805481e-07	3.4380945964843686e-06	-0.00227528152445	6.275972576600015e-05	5.176906015503516e-06	3.938783178223544e-09	-0.0024529009745992	-0.0004311663953222	1.8590446045522573e-07	6.016723191189705e-06
1420.8121154570902	0.4270538665189178	0.1823750049087577	2018707.067429652	1969.089099843015	0.112041842553026	0.012553374482677	3877311.883120575	1383.3567538524237	-1.615544516896307	1913675.908429115	2.609984086073722	1532.178270495577	1431.149287870216	0.964201	19.395811	0.0331978170955078	0.0192293936278898	0.1295333655	0.0593943822	0.1261913859	-0.0782753403	0.1950833453	-0.002916031	0.0463123726	0.1406687715	0.025166966	-0.0834966931	-0.0778140702	0.2028247596	0.0021427189	0.0217436336	0.0414090065	-0.1233094962	-0.0913242198	-0.1201502284	-0.1768922748	-0.2039125122	0.1056835702	-0.0661643968	-0.0947747289	0.0654972477	-0.0586744281	-0.0296258051	-0.018100918	0.0979485579	0.2906280972	-0.0502654724	0.0203352638	-0.0010859841	0.0197457252	-0.0117227215	0.0930363011	-0.1390647706	0.0643415613	0.0322041474	0.0365797808	0.1552323537	-0.1211196607	-0.1613965407	0.0268806882	-0.0240241721	0.0144014002	-0.1232739522	-0.0200793894	-0.206868657	0.1764875782	-0.0108399194	0.1155726279	-0.0213250077	-0.1826153904	0.0601277849	0.1643681666	0.0122323748	-0.0941294845	-0.0480191798	0.191901861	-0.0228408272	-0.0412480135	0.0274928676	0.0231827341	0.0070104957	0.0607980902	-0.1674896758	-0.1746799349	0.173772296	-0.054227705	0.0692638488	0.1166044802	0.087338757	-0.0185671962	-0.0933927846	0.0051111537	-0.0830774153	0.0254669445	-0.0418151889	0.0220827224	-0.2030445167	-0.0393465295	0.0328175519	0.0175240322	0.1117600795	0.0722583256	-0.1318872767	0.0734003241	0.0237364156263595	0.0001248893535007	1.559735061782293e-08	0.0005634174267872	-0.0665763649526809	-0.0047844581481513	2.2891039771411386e-05	0.0044324123703125	0.17304210114753	0.0153373361240908	0.0002352338793833	0.029943568769552	0.0017140677622569	-0.0001401422033306	1.9639837154383243e-08	2.938028293608377e-06	-0.0023941091443087	-0.0001188276198587	5.7317585948625365e-06	1.4120003241283745e-08	-0.0024529538208051	-5.2846205900007603e-08	2.7927214780259985e-15	6.016982447002338e-06
1422.3718744406851	1.5597589835949748	2.4328480869052287	2023141.749199908	1974.1734277868784	5.0843279438634	25.850390640750227	3897360.722979793	1385.6579387995205	2.301184947096772	1920047.923358136	5.295452160744772	1535.2300014184627	1431.4926349062816	0.843897	16.975788	0.0180869705125293	0.0105453309234793	0.132152903	0.0237756573	0.1232562974	-0.0473997906	0.2164203534	-0.0301463293	0.105333701	0.1238556356	-0.0345490417	-0.2317683102	-0.0156408593	0.1983651807	0.0415911449	0.0732579391	-0.0171075008	-0.1578283464	-0.2046411805	-0.1205376265	-0.0260915269	-0.0127425343	-0.0572128904	-0.037750309	0.0498550692	0.0769205132	-0.0411409454	-0.0300070583	-0.0221382514	0.0353606372	0.1954312188	0.0359809339	0.1385401245	0.0570974717	0.0408194276	-0.0888622304	-0.0323285457	0.2052249313	-0.1377670631	0.0222715691	0.0824904152	0.1651232406	-0.117122753	-0.1103020397	0.0111909953	-0.0934284468	-0.0124123917	-0.0655590892	-0.0003219767	-0.143021082	0.1343213785	-0.1355971776	-0.0436902478	-0.0781724258	-0.1837407489	0.0336829688	0.031638038	-0.1434519558	0.0295280063	-0.1499011758	-0.1525062264	-0.0105143272	-0.0356324488	0.0230186334	0.0133812244	-0.0266678819	0.0538887005	-0.1761848705	-0.1488972472	0.1947868779	-0.0097029355	0.0753671908	0.1178223971	0.0611981766	-0.0381841717	-0.0733251822	-0.0211699812	-0.0741198162	0.0218294996	-0.0904437355	0.0029166528	-0.0916288422	0.0088529418	0.1020977655	-0.0331450018	0.0244525963	0.0990525616	-0.1346915149	0.0831471893	0.0236580730111626	-7.834261519689897e-05	6.137565355889386e-09	0.0005597044186015	-0.0722800236924996	-0.0057036587398186	3.253172302031016e-05	0.0052244018249883	0.1808401977885338	0.0077980966410038	6.08103112224349e-05	0.032703177136196	0.001704971078769	-9.096683487900062e-06	8.274965047903362e-11	2.906926379438728e-06	-0.0024750964615301	-8.09873172214e-05	6.126102493878822e-06	6.558945550719673e-09	-0.0024529003711842	5.34496208998321e-08	2.8568619743357685e-15	6.016720230955587e-06
1422.133790076592	-0.2380843640930834	0.0566841644256079	2022464.5168776123	1965.828004898564	-8.345422888314488	69.64608318480333	3864479.744843468	1381.8224873380086	-3.835451461511866	1909433.386513001	14.710687913613508	1532.3173320565743	1428.0295562594251	0.935547	18.819426	0.0425079235801552	0.0264770868609431	0.1656746642	0.0299025935	0.1038763161	-0.0123117887	0.2381991174	0.0303862983	0.0676326106	0.1061211594	0.1173904872	-0.1452595897	0.0108587926	-0.0330380011	0.0661909871	0.1190046289	-0.0154544701	-0.1996033282	0.0076278056	-0.1144048438	-0.1031259462	0.007942324	-0.026266833	0.0460308599	-0.058339628	-0.0829836971	-0.0449312044	0.0542130349	-0.0774982202	0.04767376	0.0859760325	-0.2691469937	0.2879597761	0.0066655129	-0.0485015678	-0.0695440229	-0.1704770253	0.1506110398	0.0613455617	0.117034521	0.118481774	0.1533658713	-0.0515164804	-0.0039474522	0.1056217887	0.1379726624	-0.011675452	-0.1065018874	-0.0435504865	0.0432552381	0.1179943749	-0.1829099123	-0.0096971166	0.1310980417	-0.0048233945	0.0422219318	0.11815761	-0.0931945032	-0.0202689347	-0.0837332573	0.024690803	-0.1152856525	0.0309624209	0.0615167312	0.0119614391	0.1095639692	0.1206119185	-0.1104627933	-0.1047020907	0.1299959125	0.0573953893	0.0914887401	0.0414650057	-0.0769012335	-0.1208784536	-0.0181057384	-0.1143443674	0.0363361088	0.1169697574	-0.2094208796	0.0219858244	0.0532343948	0.0144838549	-0.0261399173	0.0005498955	-0.0255655042	-0.2503770673	-0.1373117808	0.0924399334	0.0072321746900598	-0.0164258983211028	0.0002698101356552	5.2304350747541565e-05	-0.0520763549651377	0.0202036687273619	0.0004081882300449	0.002711946746455	0.1808123457228632	-2.785206567060272e-05	7.757375621195665e-10	0.0326931043658042	0.0016109427981293	-9.402828063969996e-05	8.841317560058176e-09	2.5951366988446586e-06	-0.0024979810975138	-2.2884635983699657e-05	6.239909563536248e-06	5.237065641064412e-10	-0.0024529975438812	-9.717269699961381e-08	9.442533042178755e-15	6.017196950287198e-06
1421.1777922063568	-0.955997870235251	0.9139319278943356	2019746.3170605344	1972.1891464725616	6.3611415739976565	40.46412212444138	3889530.029464171	1383.745491728695	1.9230043906864007	1914751.585879488	3.697945886599177	1536.1486405592698	1432.7748076433284	1.030314	20.725748	0.0341191227312335	0.0261807668352924	0.1441847818	-0.0769073651	0.1111499869	0.0162148431	0.1261766387	0.1291465753	0.0427996312	0.0498791237	0.0922171724	-0.0682612489	0.0193872228	0.1130514237	-0.0820297028	0.161627454	0.0360187881	-0.1426067706	0.04210467	0.0743340548	0.048640285	-0.0459249897	-0.0673587127	-0.1023946182	0.1302280043	-0.0986230131	-0.09383772	-0.0086843608	-0.0632396091	-0.0231915633	-0.0363354394	0.0880461492	0.085504063	0.0697413036	-0.0316371751	0.1507576143	0.0245937233	0.0094836237	0.0194572251	0.0665419344	0.1922112176	-0.004532257	0.0362644944	-0.0893564479	0.1034686854	-0.0641225471	-0.0702353459	0.0115385962	-0.0703098242	-0.1308446793	-0.0362725392	-0.0567453919	-0.1786752507	0.0070945232	-0.0107325405	0.082905223	-0.0405274933	-0.0153064984	0.1009069161	-0.0367614205	-0.0618135943	-0.0882324692	0.0664146432	0.0753899868	-0.0214189102	-0.0650791451	0.1316457937	-0.1455147579	0.0260657172	0.1864859095	0.1185919088	0.0108511886	-0.0538263144	-0.0331738254	-0.0175715426	-0.020466828	-0.0545635383	-0.0246028883	-0.0894333482	-0.1127800271	0.0776179698	0.1325939245	0.1970276842	0.1384217594	-0.1571274968	-0.0752008923	0.1461304255	-0.1397444952	0.1012278027	0.0068035996454369	-0.0004285750446229	1.8367656887352118e-07	4.628896813538911e-05	-0.0551840265282805	-0.0031076715631428	9.657622544366427e-06	0.0030452767838739	0.180933651684171	0.0001213059613077	1.4715136248809316e-08	0.0327369863117689	0.0021123167872537	0.0005013739891244	2.513758769705141e-07	4.4618822097137936e-06	-0.0026040976336159	-0.0001061165361021	6.781324485403929e-06	1.1260719234308306e-08	-0.0024512566658645	1.7408780166997852e-06	3.0306562690285777e-12	6.008659241945145e-06
1424.8054941783946	3.627701972037812	13.16022159792703	2030070.6962409392	1976.261862970168	4.072716497606507	16.587019669876213	3905610.95103032	1384.8127319656332	1.0672402369382326	1917706.3026141208	1.1390017233399747	1533.4402455505513	1441.362929683303	1.006538	20.247467	0.0617240968713188	0.0368558517766959	0.0243528852	-0.1493199494	0.0572009052	-0.0543352986	-0.0443946626	0.0966449677	-0.1464224552	0.0086805464	-0.0423548146	-0.0573580456	0.0436275604	0.1062533615	0.0523659985	-0.1284684262	-0.0310403837	-0.1223598793	-0.0142202493	0.0344997892	-0.0022484149	-0.1801148233	0.0367456938	-0.0786366034	-0.1268088702	-0.1698338283	0.165458225	0.1480382534	0.0942476663	-0.1009452401	-0.0855952487	-0.0654653681	-0.1311800388	0.0211347545	0.126416288	0.0463760707	0.1517695108	0.1520814482	-0.1706016674	0.1356649314	0.0804308685	-0.0969607623	-0.0716718323	-0.2146114072	-0.0607353313	-0.0142105668	0.0430697498	-0.0696965352	-0.1332861257	0.0063429597	0.0126562917	0.1666226818	-0.059858237	0.0158999311	0.0769489343	0.0505440325	-0.0548255382	0.1979943084	0.0301026017	-0.1518993517	-0.0315272037	-0.1104796793	-0.1014683078	0.0489403461	-0.0374210974	-0.1509393935	0.066970689	-0.1606792508	0.0903529631	0.1638304737	0.0807040571	-0.041603511	-0.0892929721	0.0769898577	-0.0652438624	9.28003e-05	-0.0161117509	-0.0857630001	-0.0450669539	0.0432383092	0.0034560989	0.1701211857	0.2421496101	0.2515357741	-0.0072647332	-0.0793239031	0.1032031162	-0.1419863355	0.1094628008	0.0067163297520664	-8.726989337050003e-05	7.616034288898447e-09	4.510908533849231e-05	-0.0765781867077919	-0.0213941601795114	0.0004577100897865	0.0058642186794534	0.1832433522670129	0.0023097005828419	5.334716782380265e-06	0.0335781261500525	0.0016099960727098	-0.0005023207145439	2.523261002598944e-07	2.5920873541409795e-06	-0.0028594861432371	-0.0002553885096212	8.176661003364987e-06	6.522329084653793e-08	-0.0024522067660113	-9.501001468001368e-07	9.026902889496416e-13	6.013318023271599e-06
1428.6801483906042	3.8746542122096335	15.012945264193862	2041126.966405399	1969.1306690503195	-7.131193919848556	50.85392672248501	3877475.591794559	1383.9949211060532	-0.8178108595800495	1915441.9416473503	0.6688146020470594	1534.9677077073318	1451.7153429507273	1.104731	22.222723	0.084263974992324	0.04784060448409	-0.0197927008	-0.1362632701	-0.1554042609	0.0042197574	0.0470295383	0.0843623051	-0.095156457	-0.0767864123	0.0798198891	-0.042460509	0.1281115415	-0.1298574327	-0.0882529176	0.0520631621	-0.0533306542	-0.127869921	0.1301045903	0.0617544459	-0.015752951	-0.0017077041	-0.0103414313	0.1809666852	-0.2541733002	0.0302438126	0.0202374973	0.156858644	0.0447821	-0.11284525	-0.1410544103	-0.0084124861	-0.1120233003	0.0762263962	0.1111947321	-0.0104265267	0.0328677727	-0.0641752139	0.0556685687	0.0561109916	0.0119695255	-0.1234878532	0.0164594726	-0.0520259635	-0.0551256881	0.1365138735	0.0794075524	0.031801678	-0.1225495825	0.0680836917	0.1667292999	0.0024831359	0.0696203788	-0.2512387907	0.252652626	0.1652608938	-0.0320802701	0.0675912746	-0.1328417244	0.0626269254	0.1979928071	0.0156113786	0.0485897257	0.0238371421	-0.0293199716	0.0490944115	0.0573345878	0.0074576205	0.1454314974	0.0896122254	0.1747597572	-0.0580511744	-0.1520021597	0.0609129569	0.1121452679	0.0619256517	-0.0676836902	0.0310851821	0.0504869023	-0.0731220548	-0.1789895652	0.0004110262	0.0600442973	0.1162931066	0.1495730795	-0.1357084554	-0.0884947614	-0.1440342395	0.1170999511	0.0113210015172313	0.0046046717651649	2.120300206490684e-05	0.0001281650753531	-0.0442480593402336	0.0323301273675583	0.0010452371356025	0.0019578907553768	0.1485223680112071	-0.0347209842558058	0.0012055467476919	0.0220588937996564	0.0013589989570297	-0.0002509971156801	6.299955207972953e-08	1.8468781652078125e-06	-0.0028591766632033	3.094800338000227e-07	8.174891191406358e-06	9.577789132086318e-14	-0.0024530640023733	-8.572363619997921e-07	7.348541803346387e-13	6.0175229997397135e-06
1425.54711919765	-3.1330291929541545	9.81587192390296	2032184.5890527195	1985.6053009853567	16.474631935037223	271.4134973949483	3942628.411301149	1385.5053515496843	1.510430443631094	1919625.0791728145	2.2814001250476235	1538.9149141289415	1471.585143638266	1.183673	23.810701	0.0520755566765193	0.0260287578406712	-0.0872159127	-0.0433764908	-0.119083797	0.1706570394	0.0710206215	0.0471524998	0.0877938766	-0.1686872706	-0.1996888502	0.1017365899	0.0430814765	0.0380845812	0.0827663069	0.1528003362	0.0500314904	0.1003392091	0.1043862466	0.0026234959	0.1942943965	-0.0476636411	0.0638906436	-0.0430078701	0.0608120785	-0.0717574349	-0.1019606187	-0.18674458	-0.1727718087	0.1594108133	-0.0724505078	-0.0395773392	-0.0024606885	0.1139961997	0.1130294271	-0.0047316769	-0.0681465239	0.0668445391	0.0733457569	-0.0827200491	-0.0487409171	-0.1107804594	0.1304533695	0.1439364145	0.0965471463	-0.1503686624	0.0214054876	0.082879978	-0.0488484452	0.052137307	0.0439367603	-0.0159127684	-0.1016660852	0.0708087751	0.0533381549	0.1791483211	0.0063892266	-0.3539613636	-0.1103493971	0.0169312163	0.2070318967	-0.0109136683	-0.1296061706	0.0537596762	0.0611788952	0.0888975141	-0.0651803739	0.0861120417	0.0629002794	0.0667631403	0.0719836736	-0.1072562531	-0.0565071247	-0.0476576092	0.191430072	0.2040633149	-0.1162689566	0.0290770765	-0.1385685243	-0.0266809573	-0.0290166337	-0.008511508	-0.0611640557	-0.00749037	0.148159534	-0.0879470073	0.0264216236	-0.1458854101	0.124097542	0.0150212210888582	0.0037002195716268	1.3691624878250757e-05	0.0002256370830003	-0.0622790397992787	-0.0180309804590451	0.0003251162563144	0.0038786787983201	0.1563666325505295	0.0078442645393223	6.153248616287059e-05	0.0244505237751923	0.0017126389303012	0.0003536399732715	1.2506123069546728e-07	2.9331321055832387e-06	-0.002860033029099	-8.563658956996234e-07	8.1797889275372e-06	7.333625473174183e-13	-0.00235755849941	9.550550296329998e-05	9.121301096272902e-09	5.558082078140331e-06
1419.2402057123104	-6.306913485339692	39.77715771155966	2014242.7615103207	1965.1678202639343	-20.43748072142239	417.69061823851183	3861884.561800903	1384.130936269685	-1.3744152799993117	1915818.4487387948	1.8890173618955863	1533.5943159979263	1419.443440675267	1.279568	25.739729	0.0722715326517674	0.0430145684172088	0.1239936256	0.2087954296	0.1346602586	0.2010132116	-0.1220490154	-0.0167161612	0.2287469468	0.1574038793	-0.0032162613	0.2889250608	-0.0295885316	-0.1447851075	0.0688502261	0.041974125	0.1527299261	0.1254757805	0.0201046208	-0.1885406719	-0.0287274307	0.1999999303	-0.1644122566	-0.0240555625	-0.0581732724	-0.0101786491	-0.0410773076	0.097104374	-0.1849632579	-0.0005255394	0.0004646935	0.0341517007	-0.0294311842	-0.07663572	0.0078798351	0.0885695379	-0.0828324119	0.2201716565	0.105846812	-0.1852069651	0.0604617822	0.1763727091	0.1903107933	0.1735649794	0.1767731872	-0.0724423389	0.047789249	0.0173908282	0.0126775393	0.17164209	-0.152037803	0.0464190356	0.0395882638	0.0296358862	-0.0141705474	-0.2089672115	-0.0496411421	0.1268320135	-0.015240261	0.0001298283	-0.0553924308	0.0765530917	-0.1016382141	0.1042953173	-0.003002751	0.1824968989	0.0928034081	0.0325203437	-0.1549760774	-0.1101124571	-0.1302094268	0.010930466	0.0028852602	-0.126264632	0.0739660542	0.0830853072	0.0288437586	-0.1149402091	0.0014301723	-0.024648011	0.1552728432	-0.0149289224	-0.1004863882	0.0447642273	0.1335852168	0.0079743107	-0.1797932654	-0.1475373187	0.1304173552	0.0046711158280601	-0.0103501052607981	0.0001071246789096	2.181932307915359e-05	-0.084544654325839	-0.0222656145265603	0.0004957575902453	0.0071477985750756	0.1216579908605055	-0.0347086416900239	0.0012046898079664	0.0148006667402148	0.0017170009889129	4.362058611699854e-06	1.902755533190486e-11	2.948092395927876e-06	-0.0028601179915466	-8.49624476003709e-08	8.180274925568559e-06	7.218617502245771e-15	-0.0024520549018384	-9.449640242839995e-05	8.929570071910116e-09	6.012573241629725e-06
1419.6224477329056	0.3822420205951857	0.1461089623086904	2015327.8941071664	1959.431155953356	-5.736664310578362	32.90931741226352	3839370.454920705	1380.2132962444637	-3.917640025221317	1904988.7431300075	15.347903367216082	1531.6897872889238	1431.6772867588725	1.174971	23.63566	0.0645666289300305	0.0424531927212299	0.1494868959	-0.0931306033	0.0769924173	-0.1574448814	-0.0728053617	0.1213511503	-0.034481718	0.1885479162	0.154374112	0.1119816769	0.0455499329	-0.0796530198	0.1293003309	0.0665846497	0.0216494558	-0.2591102251	0.1323431825	-0.0277313152	0.0185195463	0.1323572097	-0.1010291227	0.0783407292	0.1098721537	0.0608985128	-0.058725465	0.129792669	0.1601412165	0.2580978632	-0.1661084133	-0.0980047018	0.0241869837	-0.1245628862	-0.0193936829	0.1259860248	-0.054697878	-0.131325358	0.0034007869	-0.0619234024	0.1686367017	0.0191742422	0.0576708329	-0.0488167869	0.1098539375	0.2199338313	0.1050636038	0.0267547518	0.0879469674	0.0098572513	-0.222208496	-0.0581766112	0.1237523712	0.0296151234	0.2416093247	0.0453940447	0.0348355246	-0.0480425553	0.0678037968	0.042508044	0.0698420808	-0.0025795199	0.0571186619	0.0654130225	0.0079301343	0.0756416528	0.1899254908	-0.0339239738	0.0654447351	-0.0221815417	-0.0039631879	0.1234302563	-0.0119811733	0.0200792948	0.0460070247	0.1635897236	-0.1120028108	0.0402416091	0.1101964184	-0.0226483887	0.0359299903	0.0382583634	0.0846790103	-0.0525904281	-0.0493971101	0.033366666	-0.2268117708	-0.1489877092	0.136024874	0.0091185113684701	0.0044473955404099	1.977932709285875e-05	8.314724957691844e-05	-0.0864782019948648	-0.0019335476690258	3.738606588395108e-06	0.0074784794202646	0.1517776925338552	0.0301197016733497	0.0009071964288915	0.0230364679509014	0.0012110644367751	-0.0005059365521377	2.559717947890847e-07	1.4666770700213902e-06	-0.0028059947325933	5.412325895330032e-05	7.873606439341345e-06	2.9293271597260022e-09	-0.0024533147716922	-1.259869853800083e-06	1.5872720485142424e-12	6.018753369003151e-06
1423.723421590885	4.1009738579793975	16.817986583830425	2026988.381186457	1965.728025046728	6.2968690933719245	39.65056037906256	3864086.668454109	1386.8547212695826	6.641425025118906	1923366.0179077317	44.10852636427566	1536.093203991443	1453.4404961336809	1.079836	21.721918	0.1043209484983117	0.0669917365541368	-0.0199967195	-0.1151463406	-0.0686226729	-0.0749247885	-0.0586893195	0.1917452928	-0.0736881727	0.0312213536	-0.0205224855	0.0765672547	0.2177220077	0.0051016621	-0.1837466375	-0.0275903208	0.1202621336	0.055596587	0.0251307995	0.1788546389	0.1665144926	-0.128492881	-0.1635272571	0.0034073042	0.1217579885	0.0554183747	-0.0506814884	-0.0221037913	0.2138857963	-0.193834752	0.238459857	-0.0708039874	0.0091309753	-0.2049017367	-0.0225089431	0.1756368849	-0.0014794204	0.0391593803	0.1778882474	-2.92535e-05	0.0616703331	-0.1328226835	0.1885269653	-0.0286004277	0.045964962	-0.0066065304	-0.0970361014	-0.1018459471	0.2166724606	-0.1791631065	0.0192830977	0.0083616098	0.1403826075	0.0479401566	0.0919063481	0.0308599156	-0.2082436263	-0.1507109602	0.1846362508	-0.0333989396	0.0278113636	-0.0641238552	0.0708618696	0.1309170331	-0.0837824156	0.0301626167	0.03468615	0.043591915	0.1159024163	-0.1419786018	-0.041804844	0.1088048933	0.0321213324	-0.0588896216	-0.0538626801	0.2010518972	-0.1603989141	0.1694259497	-0.0221017035	-0.0072087122	0.1183756432	0.0501367323	0.0081014908	-0.1737938216	-0.0140344236	0.0316221783	0.0616971791	-0.1502346003	0.1408894722	0.0040419009699377	-0.0050766103985323	2.5771973138487288e-05	1.633696345078332e-05	-0.0921823624609032	-0.0057041604660383	3.253744662231528e-05	0.0084975879488733	0.0915429054874792	-0.060234787046376	0.0036282295705222	0.0083801035450895	0.0016097029611355	0.0003986385243603	1.5891267310423716e-07	2.591143623088397e-06	-0.0029171136035377	-0.0001111188709444	8.509551775944706e-06	1.2347403479958282e-08	-0.0026096651881347	-0.0001563504164424	2.4445452721743123e-08	6.810352394162118e-06
1423.915041613063	0.1916200221780855	0.0367182328995299	2027534.0457319312	1964.8849497149067	-0.8430753318211828	0.7107760151253975	3860772.865616152	1384.0195008125206	-2.8352204570619506	1915509.9786293388	8.038475040142576	1533.3915470007694	1450.0392417945188	1.057171	21.265991	0.0949538116382798	0.0424150412205526	-0.1634632352	0.0312302313	-0.0838408716	-0.0906808906	-0.0335088087	-0.0641470427	-0.1404618605	-0.0632815977	0.0425602018	0.1731927075	0.0970301364	0.0798274483	-0.017470828	-0.0255058004	0.1483216056	0.0709982019	0.0014383402	0.1162614552	-0.0466303575	0.0141965841	0.1298007356	0.1556723403	0.0183247842	0.0742068718	0.0211614669	-0.1096605625	-0.0757555415	-0.0978666913	0.0238740634	-0.1167401867	0.0731462057	-0.1409438067	-0.1341731705	-0.0794461409	0.0490585289	-0.0492734805	-0.0654344843	0.0303658524	-0.150681166	-0.0663683183	0.1854666601	-0.0154267464	-0.0495924333	0.0907566977	-0.0977767019	-0.0027938265	0.0083710905	0.0287452192	-0.04130346	-0.090419629	0.0080921421	0.092938788	0.0297492243	-0.105090961	-0.0242977607	0.006626302	-0.0647395369	-0.000689012	-0.0904686489	-0.1736665667	-0.0184070435	0.1442812566	-0.0946542694	-0.0319017064	-0.0881176646	0.0832408705	0.0627037624	-0.193095535	-0.0831399043	0.0712087813	0.0369838631	-0.0932616964	-0.0696814272	0.0557551128	0.0587670201	0.0925781376	0.0382278247	-0.1017503984	-0.0106667509	-0.0410965841	-0.0899377175	-0.1015633649	-0.2853266244	0.0437451828	-0.116289084	-0.151276289	0.1449845808	-0.0047482652757651	-0.0087901662457028	7.726702262709287e-05	2.254602312903662e-05	-0.0781594466960058	0.0140229157648973	0.0001966421665494	0.0061088991078257	0.0583307255170595	-0.0332121799704197	0.0011030488983875	0.0034024735393465	0.0013360047890283	-0.0002736981721071	7.491068941482247e-08	1.7849087963065522e-06	-0.0032646482036202	-0.0003475346000824	1.06579278934006e-05	1.2078029825450306e-07	-0.0024523269671792	0.0001573382209554	2.4755315773441712e-08	6.0139075539543324e-06
1423.4865962842746	-0.4284453287884844	0.1835653997606725	2026314.0898009893	1978.6722536804853	13.78730396557853	190.0897506392575	3915143.8874850105	1385.031227251989	1.0117264394684753	1918311.5004631511	1.0235903883195585	1534.553963294396	1444.884406024206	1.087353	21.873148	0.0730558093503727	0.0376587415944737	0.026200019	0.1970749277	-0.0764694205	-0.1104696434	-0.0861628548	-0.1178071174	0.0713570762	-0.01202379	0.0439970146	-0.0282085876	-0.0031941616	0.1846543584	-0.0659240296	-0.1943630773	0.1269331157	-0.0123529803	-0.1353154727	0.0555042538	-0.0968711403	0.1357025196	-0.0562920755	-0.1785526242	0.0165753206	0.0858779044	-0.1291074666	-0.0278104305	0.0981427038	-0.043772066	0.0823311067	0.0222941219	-0.038766775	0.1551616396	0.0132010135	-0.0634974697	0.0448492451	-0.1354288237	-0.0059756753	-0.0255416198	-0.0278042662	0.1449488479	0.1020995922	-0.128834609	-0.1191157678	-0.121451735	-0.0869731468	0.0735433759	0.1575845194	0.0769511956	-0.0796687012	0.0686109289	0.0856205626	-0.0375125229	-0.0862154191	0.0746921116	0.0583657755	0.0281141526	-0.0736504416	0.0623293037	-0.0260088622	-0.0151730824	-0.0379801937	0.1394428819	-0.1246756317	-0.1175001008	0.0151820341	-0.0447711534	-0.1231417799	-0.1815910565	-0.110066792	-0.0084082012	-0.03331787	-0.040272813	-0.1657850726	-0.1415087939	0.2015179556	-0.0292060621	-0.0489758491	-0.0144797048	0.0202611918	-0.0949156106	-0.1056315541	-0.0471513465	-0.0867272407	-0.0795242034	0.0283353811	-0.1521113526	0.148287834	0.0097121989463033	0.0144604642220684	0.0002091050255177	9.432680837257492e-05	-0.0789149429422053	-0.0007554962461994	5.70774578021535e-07	0.0062275682195715	0.0762308544650594	0.0179001289479998	0.000320414616355	0.005811143172473	0.0019397466913529	0.0006037419023246	3.64504284622527e-07	3.762617226614523e-06	-0.0030708924535916	0.0001937557500285	9.430380461525838e-06	3.754129066914528e-08	-0.0024510302208503	1.2967463288997456e-06	1.6815510415149673e-12	6.007549143521471e-06
1424.0479326377515	0.5613363534769178	0.3150985017347632	2027912.514449854	1973.5496824531144	-5.122571227370827	26.24073597948746	3894898.3491107887	1385.344787437459	0.3135601854698961	1919180.1800801384	0.0983199899119156	1537.476872086247	1449.2425450622918	1.112792	22.384863	0.0622574612451133	0.0295564054750166	0.1001874269	-0.0704058546	-0.1396060678	-0.1117998662	-0.0129711421	0.0892920727	0.0764541372	-0.0399850715	0.0644417168	-0.1321482501	0.2530336078	0.1442471408	-0.1103264661	0.1209768853	0.1177469861	0.0316241234	0.0740590951	0.1264271674	-0.0495412113	0.0008108699	-0.2331333664	-0.0586490206	-0.1697557879	-0.0008961618	0.0804701658	0.0043420507	-0.0216080641	-0.1626756158	-0.1948931194	0.0851542184	-0.0773385551	0.0867030604	-0.1596008264	0.0262344056	0.0913433697	0.1035204106	-0.0293323314	-0.0212887335	0.1169246763	-0.0149616497	0.1489904032	-0.0834590602	-0.0030113925	-0.0328969444	-0.2500462839	-0.059177275	-0.0758850294	0.0771831742	0.1079291894	0.0115802341	-0.0454204475	-0.0249221311	0.1632359052	0.0003581867	-0.065285509	0.1891017103	0.0682101992	0.2381199909	-0.1070640734	0.2223360858	-0.0606557849	0.1216267612	-0.1253797162	-0.1198839897	0.0672014787	-0.014981717	0.1139415506	-0.1693710616	0.0640469435	0.0316237593	-0.1160298048	0.0087655243	-0.0013547353	0.0035137525	0.0898626213	0.0217869063	-0.0358497303	0.089204882	-0.0883684893	-0.0861995797	0.1078441048	0.1370520148	-0.0712624721	-0.0843531046	0.0723746881	-0.1527386503	0.1507811905	-0.0055162752398985	-0.0152284741862018	0.0002319064260398	3.042929252231725e-05	-0.0813649671404732	-0.0024500241982678	6.002618572098252e-06	0.0066202578777702	0.088738882100813	0.0125080276357536	0.0001564507553367	0.0078745891965019	0.0016106464555559	-0.000329100235797	1.0830696520164109e-07	2.594182004794784e-06	-0.00285939910196	0.0002114933516316	8.176163224289654e-06	4.47294377843677e-08	-0.0023502051037811	0.0001008251170691	1.0165704232017877e-08	5.523464029838732e-06
1426.1155702224492	2.06763758469765	4.275125181654331	2033805.6196309011	1968.5728920557165	-4.976790397397963	24.768442659632573	3875279.231336608	1385.412926060634	0.0681386231749456	1919368.975695888	0.0046428719681772	1532.4950601359903	1446.1546218699698	1.193264	24.003641	0.0961664872939898	0.0571253303588714	-0.1910768998	-0.0223846189	-0.0816572714	-0.14820075	-0.1309021542	-0.0884401838	-0.196808206	-0.0961247581	-0.0510329973	0.0541009762	0.0569187799	-0.0124043104	0.044101901	-0.0025344261	0.1925065293	0.1158193739	-0.1071100483	0.1848029686	0.0688976248	0.2372371406	-0.0062519731	0.0140847284	0.1503235687	0.1860402075	-0.0029896404	0.055924218	0.0336483308	0.1262877715	-0.090054546	-0.1457103462	0.0228420338	0.0778166163	0.1367302894	0.0519962118	-0.1052061192	-0.1397318729	-0.059829623	0.0146117289	-0.1901764478	-0.0870837639	0.1169300779	-0.1447680382	-0.1106646332	0.024565966	-0.0750531541	-0.0178111908	0.1437994522	0.2155792334	-0.1778304247	-0.098143086	0.0247340533	0.0469502703	-0.0011779933	-0.1757623821	0.0705994455	-0.1135479079	-0.0529883025	-0.0155019904	0.1523963355	0.0037687622	0.1747026292	0.1090460946	-0.0950879774	-0.0867692888	-0.1112674365	0.0978984507	0.1403824605	-0.2173095612	-0.0850735471	-0.0476249166	-0.0879095372	0.0037856291	0.0078062048	-0.0678614769	-0.0041616647	0.1210663595	0.0522827032	0.1153732101	0.0802207624	0.046942849	-0.19462886	-0.043139261	0.1243680365	-0.1070185677	0.100574794	-0.1531573254	0.1524510324	0.0099511615748184	0.0154674368147169	0.0002392416016172	9.90256166881422e-05	-0.0812961431217473	6.882401872590482e-05	4.736745553583697e-09	0.0066090628864716	0.069837649016101	-0.018901233084712	0.0003572566121226	0.0048772972200961	0.0016090919255503	-1.55453000559992e-06	2.416563538310487e-12	2.5891768248711725e-06	-0.0038021714043596	-0.0009427723023996	1.4456507388129852e-05	8.888196141718434e-07	-0.0020599520686696	0.0002902530351115	8.424682439143789e-08	4.243402525216164e-06
1428.8725429888195	2.7569727663703816	7.600898834507954	2041676.744107336	1968.161600584625	-0.4112914710915447	0.169160674192647	3873660.0860158326	1388.4371549351008	3.0242288744668717	1927757.7332042768	9.14596028515916	1536.3692149626902	1460.3340030512782	1.040529	20.931225	0.0377258830836715	0.0184081697093678	-0.1757666804	0.1175324232	-0.1850466909	-0.1549957337	0.0230980166	-0.219455867	-0.0613563033	-0.165350077	0.1304787527	-0.0192194698	-0.0620284152	0.0829303438	0.0153415816	0.0293493004	0.1994695693	0.0900712567	-0.2365650496	0.0840445458	0.0115814814	0.0001279621	0.1751048667	-0.023038324	0.0282742811	-0.0955715501	0.1609160551	-0.0055305639	-0.0019687189	0.2207460112	0.0219669664	0.1689823724	0.003656671	0.034508115	0.0732846496	-0.1234868942	0.1051229559	0.1567139485	-0.0806413335	-0.026615528	-0.1925486392	0.0639240683	0.1136826963	-0.1305980405	-0.2147170779	-0.0491482482	0.0156545641	0.0196741279	0.0542948727	0.0365588745	-0.048291745	-0.0386383664	-0.1032849734	0.0681397275	-0.1327139675	0.0912994709	0.0759934103	0.2422843692	-0.1290642666	0.0418536126	-0.0306393416	0.2228419254	-0.0127183439	0.1162322791	-0.1153227985	-0.131104383	-0.1598571591	0.024565899	-0.0064071521	-0.1518774308	-0.1910154977	-0.0610740123	-0.0722022519	0.1135374618	0.0206938451	-0.1834541785	0.2084153905	0.0407898795	-0.0927305354	0.052441959	-0.1306980453	0.1711917813	0.0419607269	-0.0052765813	0.1657121436	0.1968818618	0.0106483215	-0.153366806	0.1532882396	0.0033458920450044	-0.0066052695298139	4.3629585561489256e-05	1.1194993576823726e-05	-0.0807720376029834	0.0005241055187638	2.746865947987661e-07	0.0065241220585377	0.0784171043110646	0.0085794552949636	7.36070531582791e-05	0.0061492422485323	0.0015210714493945	-8.802047615579997e-05	7.747604222693752e-09	2.313658354163085e-06	-0.0035861825879099	0.0002159888164497	1.2860705553828146e-05	4.66511688313423e-08	-0.0021962838308667	-0.0001363317621971	1.858634938376665e-08	4.823662665726507e-06
