#!ascii label  , from subject sub-v2s4x29624_ses-1 vox2ras=TkReg
2912
82931  -50.207  27.950  52.125 0.6000000238
82357  -51.685  27.790  49.892 0.6000000238
82962  -51.652  28.223  48.588 0.5000000000
82988  -51.239  27.711  46.914 0.5000000000
82394  -50.425  27.715  46.158 0.4000000060
82402  -50.174  27.614  45.259 0.4000000060
82411  -49.587  27.672  44.237 0.3000000119
111496  -47.060  27.276  43.786 0.4000000060
120582  -45.713  27.432  42.690 0.2000000030
82436  -44.087  27.365  42.445 0.2000000030
125321  -43.935  27.408  41.887 0.2000000030
82339  -49.671  27.202  51.841 0.6000000238
82340  -50.481  27.586  51.828 0.6000000238
82350  -51.690  27.871  50.570 0.6999999881
82373  -51.874  27.972  49.149 0.6000000238
83457  -48.805  28.360  51.373 0.6000000238
118680  -49.582  28.349  51.869 0.6000000238
82341  -51.419  27.908  51.465 0.6999999881
82950  -51.966  28.164  49.971 0.6000000238
83448  -50.081  28.871  52.071 0.6000000238
82932  -51.145  28.139  52.167 0.6999999881
82982  -51.394  27.969  47.683 0.6000000238
82395  -51.194  27.515  46.223 0.4000000060
82987  -50.689  28.050  46.836 0.4000000060
82393  -48.965  27.855  46.123 0.4000000060
106238  -46.336  27.386  43.182 0.3000000119
82410  -47.816  27.422  44.460 0.3000000119
106239  -44.912  27.356  42.596 0.2000000030
82949  -51.831  28.539  49.452 0.6000000238
112926  -50.635  29.371  52.233 0.6999999881
82933  -51.988  28.362  51.847 0.6999999881
82961  -51.052  28.564  48.306 0.6000000238
82981  -50.889  28.267  47.519 0.4000000060
82986  -49.283  28.237  46.814 0.4000000060
82401  -48.521  27.605  45.274 0.4000000060
82422  -45.298  27.345  43.516 0.3000000119
112530  -46.118  27.269  43.941 0.4000000060
82435  -43.328  27.340  42.125 0.2000000030
82421  -44.307  27.396  43.283 0.2000000030
82923  -51.712  28.789  52.366 0.6999999881
82941  -52.045  28.223  50.904 0.6999999881
83472  -52.382  29.576  50.507 0.6999999881
83471  -52.167  28.755  50.245 0.6999999881
83470  -51.879  29.516  49.744 0.6000000238
83504  -49.931  28.926  48.122 0.5000000000
83487  -51.334  29.035  49.058 0.6000000238
82400  -47.096  27.660  45.322 0.4000000060
82985  -47.969  28.485  46.695 0.4000000060
82980  -49.591  28.582  47.468 0.5000000000
83486  -50.360  29.430  48.722 0.6000000238
82409  -46.551  27.403  44.593 0.4000000060
83485  -49.365  29.741  48.328 0.6999999881
82994  -47.567  28.029  46.055 0.5000000000
82979  -48.366  28.876  47.297 0.5000000000
83503  -48.837  29.271  47.831 0.5000000000
82993  -46.456  28.323  45.897 0.5000000000
82408  -45.415  27.569  44.590 0.3000000119
82399  -45.997  27.857  45.294 0.4000000060
111646  -44.477  27.593  44.162 0.4000000060
82420  -43.487  27.401  43.047 0.2000000030
85618  -47.757  33.791  43.549 0.8000000119
83932  -49.934  29.974  51.736 0.6000000238
83435  -51.348  29.396  52.397 0.8000000119
84432  -50.508  30.876  51.620 0.6000000238
83436  -52.032  29.596  52.351 0.8000000119
83459  -52.476  29.700  51.340 0.6999999881
84424  -51.551  30.827  51.894 0.6999999881
83957  -52.517  30.394  50.742 0.8000000119
83956  -52.314  30.432  50.069 0.6999999881
84462  -51.871  30.605  49.498 0.8000000119
84484  -52.078  31.547  49.120 0.8999999762
84485  -52.487  32.072  49.357 0.8999999762
83502  -47.865  29.704  47.565 0.5000000000
83972  -49.162  30.643  48.246 0.5000000000
84483  -51.118  31.016  49.066 0.8999999762
85002  -52.343  32.379  48.747 0.8999999762
82984  -46.878  28.799  46.527 0.5000000000
83508  -47.326  29.262  47.094 0.6000000238
126804  -50.495  31.417  48.562 0.8000000119
85001  -51.497  31.995  48.540 0.8999999762
83984  -48.498  30.200  47.960 0.5000000000
84482  -49.633  31.391  48.230 0.8000000119
83507  -46.458  29.651  46.763 0.6000000238
83983  -47.742  30.728  47.523 0.6999999881
84487  -48.643  31.293  47.784 0.6999999881
85015  -51.408  32.597  47.782 0.8999999762
85027  -51.402  33.088  46.915 0.8999999762
85582  -52.200  33.442  46.727 0.8999999762
82983  -45.947  29.106  46.297 0.6000000238
83993  -47.010  30.197  47.238 0.6999999881
85014  -50.345  32.635  47.303 0.8000000119
82398  -45.200  28.093  45.256 0.5000000000
82992  -45.558  28.564  45.685 0.5000000000
105125  -47.925  31.578  47.221 0.8000000119
84500  -49.396  32.520  47.108 0.8000000119
85581  -51.712  33.369  46.174 0.8999999762
84499  -48.619  32.152  47.217 0.8000000119
125651  -50.601  32.994  46.743 0.8000000119
85026  -50.748  33.306  46.185 0.8999999762
119880  -43.658  27.625  43.844 0.4000000060
120618  -49.929  32.886  46.612 0.8000000119
82406  -43.834  28.046  44.481 0.4000000060
82998  -44.059  28.517  44.942 0.6000000238
82990  -43.926  29.098  45.186 0.6999999881
82997  -43.352  28.634  44.610 0.3000000119
121058  -43.844  29.882  45.174 0.6999999881
84502  -44.841  31.076  45.188 0.6999999881
84511  -46.049  32.162  44.895 0.6999999881
85041  -46.564  32.853  44.425 0.8000000119
85042  -47.379  33.072  44.740 0.8000000119
85598  -48.003  33.536  44.221 0.8000000119
85597  -47.166  33.419  44.004 0.8000000119
85619  -48.583  33.956  43.696 0.8000000119
86157  -48.224  34.170  43.075 0.8000000119
84433  -51.113  31.609  51.410 0.6999999881
83451  -52.343  29.971  51.906 0.8000000119
83945  -52.530  31.045  50.956 0.8999999762
123468  -51.579  32.154  51.180 0.8000000119
84958  -52.014  32.308  51.102 0.8000000119
84464  -52.552  31.788  49.894 0.8999999762
85531  -51.824  33.255  50.368 0.8000000119
84985  -52.536  32.452  49.793 0.8999999762
86099  -51.875  34.032  49.271 0.8999999762
86100  -52.399  33.850  48.964 0.8999999762
120693  -51.009  34.616  48.409 0.8999999762
86108  -51.903  34.435  48.590 0.8999999762
85558  -52.535  33.397  48.548 0.8999999762
85017  -52.473  32.979  48.283 0.8999999762
86109  -52.523  34.079  48.215 0.8999999762
118286  -52.149  32.640  48.193 0.8999999762
86123  -52.475  34.273  47.442 0.8999999762
85016  -52.211  33.045  47.573 0.8999999762
108345  -52.494  33.880  46.958 0.8999999762
85583  -52.364  33.879  46.235 0.8999999762
82407  -44.573  28.053  44.877 0.5000000000
83506  -45.636  29.965  46.332 0.6999999881
84498  -47.078  31.258  46.858 0.8000000119
85594  -52.018  33.558  45.790 0.8999999762
82991  -44.689  28.717  45.386 0.6000000238
85025  -48.944  32.727  46.566 0.8000000119
85593  -51.458  33.572  45.528 0.8000000119
85602  -51.891  33.724  44.992 0.8000000119
117071  -44.590  30.276  45.444 0.6999999881
84504  -46.348  31.840  45.549 0.8000000119
85034  -46.780  32.466  45.209 0.8000000119
86172  -48.622  34.511  42.484 0.8000000119
86121  -50.494  34.861  47.879 0.8000000119
86732  -50.238  35.579  46.671 0.8000000119
112129  -51.421  34.901  47.908 0.8999999762
86122  -52.120  34.676  47.791 0.8999999762
86713  -50.869  35.359  47.364 0.8999999762
86715  -52.266  35.027  47.098 0.8999999762
86735  -52.346  35.190  46.364 0.8999999762
86137  -52.460  34.465  46.702 0.8999999762
86143  -52.456  34.554  45.933 0.8999999762
83511  -45.231  29.304  45.840 0.6000000238
83992  -46.344  30.515  46.645 0.8000000119
85595  -52.247  33.957  45.398 0.8999999762
84497  -46.316  31.292  46.189 0.8000000119
85024  -47.864  32.268  46.533 0.8000000119
85037  -49.628  33.206  45.946 0.8000000119
104902  -50.406  33.564  45.347 0.8000000119
84505  -46.935  32.005  46.027 0.8000000119
85036  -48.563  32.994  45.794 0.8000000119
85601  -51.098  33.938  44.796 0.8000000119
86148  -52.163  34.110  44.578 0.8999999762
115932  -45.038  29.910  45.815 0.6999999881
85600  -50.016  33.839  44.565 0.8000000119
86147  -51.724  34.113  44.218 0.8000000119
83510  -44.538  29.510  45.515 0.6999999881
85592  -49.292  33.451  45.167 0.8000000119
105161  -52.145  34.435  43.664 0.8000000119
86192  -49.068  34.841  41.816 0.8000000119
86173  -49.584  34.552  42.424 0.8000000119
86714  -51.666  35.291  47.286 0.8999999762
86734  -51.767  35.645  46.536 0.8999999762
87437  -52.015  35.810  45.874 0.8999999762
87473  -51.993  36.979  44.945 1.0000000000
86752  -52.419  35.288  45.593 0.8999999762
88846  -51.985  39.103  43.618 1.0000000000
110149  -52.436  34.639  45.127 0.8999999762
88856  -51.243  39.575  42.663 1.0000000000
88857  -52.058  39.549  43.166 1.0000000000
88212  -52.079  38.447  44.068 1.0000000000
87474  -52.351  36.334  44.329 1.0000000000
89437  -51.752  39.799  42.434 1.0000000000
118502  -52.481  35.369  44.778 0.8999999762
83991  -45.788  30.733  46.185 0.8000000119
85035  -47.602  32.695  45.544 0.8000000119
88858  -52.279  39.124  43.005 1.0000000000
87488  -52.400  37.107  43.581 1.0000000000
110050  -52.505  35.180  43.848 0.8999999762
123265  -52.405  34.683  44.386 0.8999999762
84503  -45.675  31.359  45.517 0.8000000119
85591  -48.275  33.276  44.984 0.8000000119
86159  -51.609  34.410  43.332 0.8000000119
86160  -52.360  34.913  42.881 0.8999999762
85620  -49.569  34.124  43.805 0.8000000119
85621  -50.731  34.269  43.865 0.8000000119
120554  -52.021  34.581  42.681 0.8000000119
86788  -52.351  35.176  41.362 0.8000000119
85599  -48.940  33.725  44.411 0.8000000119
86195  -52.030  34.789  41.313 0.8000000119
115287  -50.895  34.519  43.061 0.8000000119
86175  -51.432  34.616  42.498 0.8000000119
86158  -49.100  34.306  43.107 0.8000000119
86174  -50.561  34.624  42.390 0.8000000119
86194  -51.227  34.782  41.610 0.8000000119
86785  -49.563  35.149  41.068 0.8000000119
86193  -50.112  34.787  41.676 0.8000000119
105773  -49.773  36.495  45.260 0.8000000119
87452  -50.613  36.529  45.666 0.8999999762
86733  -51.135  35.735  46.750 0.8999999762
87436  -51.219  36.159  46.137 0.8999999762
87435  -50.625  36.011  46.229 0.8000000119
88188  -51.524  37.126  45.131 0.8999999762
121550  -51.580  36.125  45.896 0.8999999762
88836  -51.690  38.381  44.117 0.8999999762
88845  -51.189  38.836  43.421 1.0000000000
88198  -51.839  37.773  44.576 0.8999999762
89442  -49.566  39.408  41.370 0.8999999762
108658  -51.865  39.583  43.158 1.0000000000
89450  -49.747  40.434  40.826 1.0000000000
89443  -50.747  40.492  41.512 1.0000000000
89464  -49.255  40.856  40.131 0.8999999762
90007  -50.589  41.611  40.635 1.0000000000
88865  -51.241  40.113  42.065 1.0000000000
88866  -52.087  39.578  42.604 1.0000000000
88223  -52.417  38.011  42.983 1.0000000000
86764  -52.511  35.860  43.207 0.8999999762
90008  -50.991  41.754  40.869 1.0000000000
90003  -51.070  41.130  41.179 1.0000000000
89444  -51.356  40.354  41.625 1.0000000000
88867  -52.301  38.591  42.316 1.0000000000
89452  -51.297  40.618  41.392 1.0000000000
89445  -51.737  39.992  41.913 1.0000000000
87498  -52.525  36.574  42.550 1.0000000000
86773  -52.480  35.456  42.216 0.8999999762
86208  -51.621  34.941  40.661 0.8000000119
86803  -50.015  35.372  40.246 0.8000000119
86786  -50.632  35.018  40.853 0.8000000119
86820  -50.403  35.531  39.385 0.8000000119
87471  -50.399  37.023  45.009 0.8000000119
87453  -51.310  36.634  45.618 0.8999999762
88196  -50.208  37.407  44.261 0.8999999762
88210  -50.000  37.863  43.415 0.8999999762
88211  -50.884  38.099  44.059 0.8999999762
88197  -51.166  37.652  44.736 0.8999999762
88855  -50.224  38.719  42.692 1.0000000000
88864  -50.464  39.549  42.054 0.8999999762
90016  -50.741  41.945  40.433 1.0000000000
114311  -49.391  43.072  39.219 0.8000000119
90562  -49.635  42.376  39.515 0.8000000119
90009  -51.221  41.095  40.930 1.0000000000
123765  -52.101  39.136  41.961 1.0000000000
88234  -52.453  37.297  41.926 1.0000000000
87510  -52.528  36.057  41.586 0.8999999762
90552  -50.566  42.056  39.904 1.0000000000
90017  -50.972  41.796  40.546 1.0000000000
89465  -51.271  39.707  40.168 1.0000000000
88245  -52.039  37.320  40.452 1.0000000000
125480  -52.312  36.217  40.325 1.0000000000
86787  -52.129  35.095  40.622 0.8999999762
86804  -51.042  35.260  39.992 0.8000000119
91089  -49.920  42.773  39.322 0.8000000119
90563  -50.089  42.550  39.439 0.8000000119
89473  -50.635  40.413  39.124 1.0000000000
88892  -51.334  38.216  39.300 1.0000000000
88253  -51.756  37.157  39.508 1.0000000000
87519  -52.125  36.224  39.675 1.0000000000
87533  -51.829  36.174  38.888 0.8999999762
86805  -51.798  35.255  39.898 0.8999999762
86821  -51.308  35.504  39.055 0.8999999762
107414  -50.612  35.603  38.495 0.8999999762
91101  -49.597  43.684  39.083 0.8000000119
90565  -49.762  42.514  38.233 0.8999999762
90026  -50.046  41.740  38.531 1.0000000000
89475  -50.404  39.741  37.927 1.0000000000
90027  -50.371  40.981  38.779 1.0000000000
88894  -50.653  38.648  37.797 1.0000000000
88258  -51.095  37.890  38.247 0.8999999762
88259  -51.554  36.989  38.584 0.8999999762
87550  -51.544  36.164  38.065 0.8999999762
104890  -51.881  35.642  39.291 0.8999999762
86838  -51.281  35.749  37.662 0.8999999762
86822  -51.486  35.774  38.500 0.8999999762
86837  -51.141  35.589  38.057 0.8999999762
86847  -50.657  35.536  37.637 0.8999999762
115783  -49.631  43.813  37.007 0.8999999762
90029  -49.856  41.597  37.128 1.0000000000
90032  -50.304  40.958  36.126 1.0000000000
89477  -50.488  40.019  35.941 1.0000000000
91106  -49.681  43.339  37.833 0.8999999762
90030  -50.088  40.615  37.320 1.0000000000
88896  -50.465  38.934  36.672 1.0000000000
114349  -50.701  39.119  35.433 1.0000000000
88269  -51.398  36.896  37.618 1.0000000000
87563  -51.442  36.140  37.208 1.0000000000
86849  -51.249  35.675  36.941 1.0000000000
86862  -51.198  35.333  36.257 1.0000000000
86848  -51.058  35.470  37.138 0.8999999762
86860  -50.479  35.195  36.453 0.8999999762
114327  -50.731  35.366  36.980 0.8999999762
90582  -49.864  42.167  35.958 0.8999999762
119763  -50.072  41.249  35.575 1.0000000000
90041  -50.336  40.591  35.395 1.0000000000
115985  -50.683  39.677  35.004 1.0000000000
91111  -49.551  43.028  36.546 0.8999999762
90569  -50.161  41.566  35.919 1.0000000000
122978  -50.889  37.991  35.748 1.0000000000
88899  -50.868  38.752  34.799 1.0000000000
87577  -51.425  36.054  36.344 1.0000000000
86877  -50.106  34.967  35.691 0.8000000119
86859  -49.346  35.505  36.319 0.8999999762
89500  -50.640  39.129  34.738 1.0000000000
88285  -51.347  36.899  35.519 1.0000000000
88284  -51.130  37.771  34.668 1.0000000000
86879  -51.398  35.087  35.252 1.0000000000
88304  -51.392  36.781  34.590 1.0000000000
86878  -51.085  34.857  35.794 1.0000000000
86893  -49.673  34.615  34.902 0.8999999762
86229  -51.246  34.516  34.774 1.0000000000
86243  -51.442  34.151  34.052 1.0000000000
86242  -51.199  33.880  34.253 1.0000000000
86241  -50.484  33.862  34.238 0.8999999762
116643  -50.987  29.981  49.278 0.6999999881
83973  -50.072  30.520  48.689 0.6999999881
84434  -51.844  31.653  51.481 0.8000000119
108342  -52.526  31.162  50.291 0.8999999762
84489  -50.410  32.064  48.092 0.8999999762
84488  -49.437  32.055  47.685 0.8000000119
83995  -45.243  30.547  45.789 0.8000000119
84449  -52.500  31.768  50.443 0.8999999762
85532  -52.397  33.032  50.148 0.8999999762
85573  -52.481  33.559  47.684 0.8999999762
88199  -52.167  37.595  44.339 1.0000000000
86176  -52.187  34.860  42.021 0.8000000119
106491  -50.075  34.383  43.096 0.8000000119
89451  -50.840  41.355  41.060 1.0000000000
89453  -51.540  39.986  41.079 1.0000000000
90551  -50.312  42.235  39.847 0.8000000119
113046  -51.016  40.766  40.040 1.0000000000
88879  -51.818  38.836  41.186 1.0000000000
88233  -52.215  37.972  41.432 1.0000000000
88246  -52.397  36.706  41.020 1.0000000000
108941  -50.799  41.360  39.820 1.0000000000
88889  -51.608  38.528  40.276 1.0000000000
109344  -49.729  43.855  38.782 0.8000000119
88891  -50.824  39.293  38.982 1.0000000000
125161  -50.242  39.750  36.950 1.0000000000
88268  -50.907  37.794  37.091 1.0000000000
88276  -51.335  36.906  36.574 1.0000000000
86861  -51.015  35.164  36.552 1.0000000000
87594  -51.475  35.929  35.438 1.0000000000
87609  -51.519  35.763  34.545 1.0000000000
86228  -50.810  34.418  34.970 1.0000000000
87629  -51.518  35.479  33.805 1.0000000000
84015  -41.488  29.847  43.846 0.5000000000
83998  -43.118  30.108  44.648 0.5000000000
83999  -44.126  30.689  44.932 0.6000000238
83515  -43.387  29.371  44.827 0.6000000238
83524  -38.797  29.948  43.507 0.3000000119
84525  -40.541  31.265  43.362 0.3000000119
120865  -40.077  29.762  43.557 0.4000000060
84014  -40.312  30.425  43.509 0.4000000060
84526  -41.497  31.326  43.543 0.5000000000
84507  -42.640  30.796  44.272 0.6000000238
123348  -42.990  31.419  44.069 0.6000000238
84509  -44.317  31.535  44.485 0.6999999881
84523  -38.678  31.621  43.218 0.2000000030
84012  -38.235  30.660  43.474 0.1000000015
85056  -40.277  32.033  43.004 0.2000000030
85057  -41.165  31.947  43.104 0.4000000060
85058  -42.059  31.959  43.275 0.5000000000
85059  -42.959  32.016  43.562 0.6000000238
84528  -43.612  31.741  44.035 0.6999999881
85039  -44.764  32.271  44.083 0.6999999881
85040  -45.655  32.663  44.077 0.6999999881
84510  -45.232  31.832  44.699 0.6000000238
85067  -38.666  32.460  42.730 0.1000000015
126480  -39.320  32.734  42.484 0.3000000119
107270  -48.534  31.136  50.844 0.6000000238
85055  -39.431  32.168  42.887 0.2000000030
85068  -40.030  32.646  42.548 0.3000000119
85070  -41.768  32.543  42.716 0.5000000000
84448  -50.151  31.647  51.110 0.6000000238
85071  -42.652  32.541  42.898 0.6000000238
85634  -43.350  33.027  42.516 0.6000000238
85072  -43.372  32.548  43.110 0.6000000238
85635  -44.136  32.838  42.991 0.6000000238
85616  -45.638  33.299  43.246 0.6999999881
85637  -46.339  33.739  42.937 0.6999999881
85617  -46.390  33.303  43.673 0.6999999881
83954  -43.758  30.825  49.824 0.2000000030
108081  -44.605  30.970  50.166 0.2000000030
114859  -45.393  31.148  50.317 0.3000000119
83467  -44.472  30.165  49.690 0.3000000119
84444  -46.206  31.223  50.356 0.3000000119
84460  -46.722  31.742  50.103 0.3000000119
85543  -51.365  33.667  49.796 0.6999999881
83455  -46.947  29.619  50.288 0.5000000000
83943  -47.816  30.641  50.717 0.5000000000
84446  -48.332  31.754  50.495 0.5000000000
84968  -49.923  32.335  50.614 0.6000000238
84984  -50.802  33.042  50.407 0.6999999881
85629  -38.768  33.194  42.169 0.2000000030
85630  -39.717  33.207  42.110 0.3000000119
83944  -48.861  30.306  51.168 0.6000000238
84447  -49.192  31.695  50.771 0.6000000238
85631  -40.573  33.179  42.172 0.3000000119
85632  -41.430  33.134  42.229 0.6000000238
110536  -50.875  32.279  50.936 0.6000000238
85633  -42.403  33.183  42.224 0.6000000238
85649  -44.188  33.571  42.180 0.6000000238
85615  -44.910  33.394  42.775 0.6000000238
85636  -45.635  33.801  42.513 0.6000000238
111887  -47.009  34.185  42.723 0.6000000238
123917  -47.550  34.054  43.045 0.6999999881
116371  -44.527  33.586  47.542 0.1000000015
85553  -45.731  33.304  47.941 0.2000000030
84997  -43.768  32.572  48.422 0.1000000015
126948  -44.356  33.066  48.056 0.1000000015
116016  -41.973  31.313  49.364 0.1000000015
84995  -42.061  31.799  48.806 0.1000000015
84479  -42.659  31.534  49.224 0.1000000015
84481  -44.205  32.136  49.097 0.1000000015
85552  -45.039  33.206  48.040 0.2000000030
84456  -41.615  31.039  49.595 0.1000000015
82388  -40.228  27.649  47.452 0.1000000015
83464  -41.770  30.421  49.267 0.1000000015
82956  -40.953  29.163  48.117 0.2000000030
85557  -49.616  33.838  48.970 0.5000000000
86107  -50.138  34.414  48.426 0.6000000238
84980  -46.536  32.283  49.601 0.3000000119
84982  -48.809  32.807  49.786 0.5000000000
85541  -48.720  33.304  49.174 0.5000000000
83466  -43.431  30.214  49.478 0.2000000030
83941  -45.876  30.774  50.389 0.3000000119
85542  -49.403  33.288  49.549 0.5000000000
108181  -50.285  33.500  49.659 0.6999999881
83468  -45.462  29.702  49.729 0.3000000119
83454  -46.065  30.128  50.193 0.3000000119
84461  -47.552  31.753  50.261 0.4000000060
84967  -48.983  32.305  50.317 0.5000000000
84983  -49.679  32.907  50.086 0.6000000238
84445  -47.105  31.225  50.435 0.4000000060
85644  -39.371  33.718  41.617 0.2000000030
85645  -40.256  33.701  41.599 0.3000000119
120184  -41.124  33.658  41.691 0.5000000000
119643  -41.838  33.556  41.782 0.6000000238
85646  -41.738  34.046  41.296 0.6000000238
85647  -42.471  33.847  41.545 0.6000000238
85648  -43.263  33.653  41.842 0.6000000238
86188  -43.931  34.146  41.475 0.6000000238
119603  -44.693  34.217  41.660 0.6000000238
85650  -44.989  33.887  42.190 0.6000000238
105644  -47.147  34.626  42.062 0.6000000238
86171  -47.760  34.398  42.556 0.6999999881
86135  -46.527  34.640  46.707 0.3000000119
85571  -46.236  33.693  47.585 0.2000000030
123546  -47.253  34.837  46.697 0.4000000060
85570  -45.386  33.779  47.396 0.1000000015
86118  -46.944  34.215  47.305 0.3000000119
84996  -42.869  32.189  48.595 0.1000000015
85012  -42.992  32.891  47.855 0.1000000015
118461  -41.452  32.174  48.429 0.1000000015
85011  -42.198  32.517  48.123 0.1000000015
84480  -43.478  31.839  49.136 0.2000000030
83952  -42.070  30.838  49.571 0.1000000015
83953  -42.870  30.797  49.643 0.1000000015
84459  -44.167  31.455  49.658 0.3000000119
84998  -45.593  32.750  48.611 0.2000000030
83481  -41.384  29.847  48.703 0.2000000030
83482  -42.187  29.676  48.765 0.2000000030
83465  -42.552  30.311  49.327 0.2000000030
85000  -47.201  32.782  49.199 0.4000000060
108038  -48.022  32.741  49.431 0.4000000060
86712  -49.870  35.116  47.266 0.6999999881
84966  -48.152  32.251  50.025 0.5000000000
86184  -40.896  34.290  41.039 0.4000000060
86186  -42.379  34.414  40.969 0.6000000238
86187  -43.155  34.278  41.233 0.6000000238
126107  -44.422  34.552  41.149 0.6000000238
116267  -42.937  35.272  39.875 0.6000000238
86798  -43.759  35.166  40.210 0.6000000238
86205  -43.822  34.652  40.864 0.6000000238
86206  -45.086  34.685  41.162 0.6000000238
86189  -45.558  34.359  41.784 0.6000000238
86190  -46.423  34.758  41.541 0.6000000238
86191  -48.075  34.773  41.900 0.6999999881
86815  -43.692  35.614  39.468 0.6000000238
86816  -44.481  35.555  39.847 0.6000000238
121225  -45.114  35.482  40.184 0.6000000238
86800  -46.410  35.275  40.737 0.6000000238
86783  -47.413  35.133  41.247 0.6000000238
112972  -44.530  36.513  37.295 0.4000000060
87545  -45.085  36.443  37.946 0.5000000000
86835  -45.564  36.221  38.825 0.5000000000
115238  -45.261  35.826  39.570 0.6000000238
87573  -45.599  36.415  36.420 0.5000000000
109969  -46.112  36.507  38.120 0.5000000000
86889  -45.512  35.189  34.326 0.6000000238
86874  -46.746  35.522  35.181 0.6000000238
87592  -46.181  36.078  35.741 0.6000000238
113625  -45.872  36.539  37.255 0.5000000000
86238  -47.026  34.483  33.880 0.6000000238
86891  -47.369  34.952  34.619 0.6000000238
86875  -47.776  35.414  35.363 0.6000000238
87593  -47.161  35.999  35.895 0.6000000238
86254  -46.821  34.096  33.109 0.6999999881
86255  -47.832  33.756  33.225 0.6999999881
85681  -48.802  32.842  32.420 0.6999999881
86256  -48.965  33.389  33.365 0.6999999881
86240  -49.282  34.008  34.172 0.8000000119
85692  -49.766  32.261  31.441 0.6999999881
85682  -49.962  32.684  32.487 0.6999999881
86257  -50.213  33.250  33.405 0.8000000119
118298  -50.495  32.386  31.777 0.6999999881
86285  -50.291  32.470  30.953 0.6999999881
85107  -50.142  32.188  30.783 0.6999999881
86269  -50.031  33.775  31.479 0.6999999881
85106  -49.570  31.849  30.366 0.6999999881
86116  -44.692  34.174  46.986 0.1000000015
86117  -46.044  34.243  47.020 0.1000000015
85569  -43.778  33.292  47.695 0.1000000015
85568  -43.088  33.693  47.267 0.1000000015
85554  -46.332  33.214  48.218 0.2000000030
85567  -42.170  33.323  47.414 0.1000000015
85572  -46.878  33.626  47.892 0.3000000119
84978  -45.006  32.104  49.422 0.2000000030
84999  -46.434  32.737  48.896 0.3000000119
85555  -47.080  33.266  48.514 0.4000000060
86105  -47.719  33.878  48.019 0.3000000119
121028  -45.781  31.754  49.963 0.3000000119
85540  -47.905  33.273  48.777 0.4000000060
86106  -49.297  34.256  48.353 0.5000000000
86120  -49.547  34.635  47.834 0.8000000119
86731  -49.172  35.397  46.598 0.8000000119
86751  -49.666  35.964  45.903 0.6999999881
87530  -46.118  35.973  39.409 0.6000000238
104679  -45.835  35.579  40.088 0.6000000238
86817  -46.692  35.793  39.956 0.6000000238
86801  -47.377  35.605  40.418 0.6000000238
124907  -48.100  35.487  40.704 0.6000000238
116139  -48.319  35.800  39.967 0.6999999881
121690  -46.366  36.289  38.784 0.5000000000
87531  -47.092  36.192  39.156 0.6000000238
87547  -47.974  36.350  38.464 0.6000000238
122626  -48.883  35.967  39.310 0.6999999881
86836  -49.700  35.839  38.931 0.6999999881
87575  -47.527  36.250  36.712 0.5000000000
87560  -46.812  36.488  37.418 0.5000000000
86908  -45.321  34.898  33.639 0.4000000060
86892  -48.464  34.759  34.807 0.6000000238
86267  -46.786  33.729  32.245 0.6000000238
86268  -47.740  33.319  32.293 0.6000000238
85691  -48.786  32.385  31.296 0.6000000238
85684  -51.301  33.262  32.944 0.6999999881
85114  -50.019  32.135  30.242 0.6999999881
120212  -45.359  34.348  46.840 0.1000000015
86115  -43.900  33.980  47.143 0.1000000015
86133  -44.874  34.740  46.476 0.1000000015
86729  -46.582  35.148  46.246 0.4000000060
126115  -41.614  32.762  47.807 0.1000000015
120407  -43.251  34.386  46.706 0.1000000015
85556  -48.645  33.825  48.522 0.5000000000
86119  -48.649  34.359  47.892 0.6000000238
88195  -49.389  37.188  43.869 0.8000000119
88854  -49.373  38.553  41.967 0.8000000119
87546  -47.022  36.429  38.272 0.5000000000
87562  -48.828  36.093  37.800 0.8000000119
87548  -48.891  36.091  38.643 0.6999999881
87576  -48.602  36.028  36.919 0.6000000238
86846  -49.814  35.646  37.165 0.8000000119
86907  -44.666  35.239  33.471 0.4000000060
86858  -48.200  35.782  36.121 0.6000000238
86253  -45.951  34.371  33.039 0.6000000238
86266  -45.994  34.282  32.192 0.4000000060
86876  -48.893  35.204  35.557 0.6000000238
86282  -46.925  33.411  31.226 0.5000000000
85690  -47.869  32.797  31.200 0.6000000238
86258  -51.091  33.302  33.522 0.8000000119
85703  -48.979  31.809  30.153 0.6000000238
85105  -49.434  31.752  29.860 0.6999999881
86132  -44.064  34.579  46.583 0.1000000015
110709  -45.889  35.435  45.842 0.3000000119
85566  -41.263  33.244  47.348 0.1000000015
85579  -41.564  33.891  46.809 0.1000000015
119673  -42.604  34.839  46.304 0.1000000015
85565  -40.490  33.090  47.384 0.1000000015
86130  -40.930  34.416  46.412 0.1000000015
86730  -47.386  35.388  46.118 0.5000000000
86136  -47.920  34.559  47.302 0.4000000060
86711  -48.873  34.858  47.247 0.8000000119
90022  -45.995  40.939  38.515 0.5000000000
90023  -47.035  41.114  38.638 0.6999999881
88888  -47.147  39.509  39.627 0.6000000238
88863  -48.457  38.391  41.352 0.8999999762
90560  -46.485  41.751  38.407 0.6000000238
89449  -48.351  39.772  40.146 0.6999999881
88878  -48.518  39.114  40.723 0.6999999881
90561  -47.611  41.994  38.631 0.6000000238
90024  -48.272  41.560  39.148 0.6999999881
91099  -47.020  42.700  38.443 0.5000000000
90015  -50.002  41.952  40.069 0.8000000119
116147  -46.330  43.677  38.538 0.6000000238
117012  -48.240  42.935  38.823 0.6999999881
91651  -46.898  44.847  38.864 0.5000000000
116146  -47.618  43.778  38.699 0.6000000238
91100  -48.901  43.888  39.022 0.6999999881
92174  -47.489  45.877  39.213 0.5000000000
92176  -49.076  45.354  38.918 0.6999999881
92177  -49.437  45.211  38.438 0.6999999881
86265  -45.261  34.811  32.119 0.4000000060
86281  -45.990  34.240  31.167 0.5000000000
86297  -47.165  33.082  30.157 0.5000000000
86911  -51.527  34.531  33.640 0.8999999762
87628  -51.233  36.031  33.427 0.8999999762
88324  -51.056  36.997  33.715 0.8999999762
88302  -50.814  37.812  34.065 0.8999999762
88913  -50.798  38.262  34.466 0.8999999762
88912  -50.487  38.575  34.450 0.8999999762
85702  -48.264  32.305  30.019 0.5000000000
86299  -49.600  32.065  29.794 0.6999999881
85715  -49.147  31.895  29.609 0.6000000238
86728  -45.078  35.301  45.994 0.2000000030
86134  -45.772  34.828  46.422 0.2000000030
86727  -44.242  35.186  46.099 0.1000000015
110102  -42.764  35.458  45.830 0.1000000015
86726  -43.421  35.032  46.213 0.1000000015
86131  -41.780  34.631  46.358 0.1000000015
123043  -48.143  35.128  46.634 0.6000000238
87470  -49.353  36.765  44.559 0.6999999881
88209  -48.868  37.277  43.314 0.8000000119
121349  -44.377  43.245  38.459 0.4000000060
116148  -44.895  42.435  38.379 0.4000000060
90559  -45.448  41.622  38.391 0.5000000000
88221  -48.392  37.712  41.986 0.8000000119
91097  -45.188  43.548  38.502 0.4000000060
91098  -45.875  42.566  38.345 0.5000000000
91648  -43.104  44.641  39.161 0.3000000119
91649  -44.250  44.560  38.875 0.4000000060
92172  -43.708  45.453  39.144 0.4000000060
91650  -45.508  44.965  38.877 0.4000000060
117587  -43.918  45.860  38.777 0.4000000060
116903  -44.620  45.584  39.103 0.4000000060
92674  -44.770  45.993  39.017 0.5000000000
92675  -45.944  46.332  39.036 0.5000000000
93179  -45.578  46.442  38.627 0.5000000000
92676  -46.950  46.610  39.211 0.5000000000
93182  -48.113  46.770  38.970 0.5000000000
92689  -49.299  45.826  37.854 0.6000000238
93186  -47.020  47.109  38.466 0.5000000000
93194  -48.281  46.706  37.730 0.6000000238
92188  -49.479  45.094  37.582 0.6999999881
91676  -48.816  44.437  36.415 0.6999999881
91693  -49.261  43.619  36.362 0.6999999881
89484  -50.429  39.966  34.911 0.8999999762
89499  -50.204  39.392  34.656 0.8999999762
86270  -51.057  33.330  31.862 0.6999999881
86922  -50.644  34.573  32.226 0.8000000119
86909  -51.098  35.404  32.817 0.8000000119
88323  -50.379  37.191  33.707 0.8999999762
114516  -46.256  33.867  30.167 0.5000000000
86746  -44.433  35.703  45.578 0.2000000030
87445  -42.105  36.298  44.851 0.1000000015
86745  -43.593  35.605  45.688 0.2000000030
86747  -45.231  35.781  45.462 0.2000000030
86744  -42.104  35.867  45.494 0.1000000015
110514  -42.893  36.004  45.301 0.2000000030
86725  -41.964  35.322  45.957 0.1000000015
86749  -47.395  35.797  45.565 0.6999999881
86750  -48.338  35.695  45.854 0.8000000119
87451  -48.848  36.277  45.225 0.6999999881
87486  -48.001  36.779  43.385 0.8999999762
88220  -47.614  37.233  42.204 0.6999999881
87487  -48.605  36.828  43.946 0.8000000119
113731  -42.105  42.419  38.448 0.4000000060
116149  -44.023  42.401  38.340 0.4000000060
89470  -44.711  40.076  38.812 0.4000000060
88887  -45.970  39.119  39.616 0.5000000000
88232  -47.421  37.642  41.526 0.5000000000
88208  -48.226  37.202  42.684 0.8000000119
91095  -42.628  43.552  38.679 0.3000000119
90558  -44.533  41.536  38.407 0.4000000060
89462  -46.288  39.842  39.154 0.5000000000
125573  -46.553  38.796  40.022 0.6000000238
88862  -47.531  38.289  40.850 0.6999999881
91647  -42.196  44.633  39.235 0.3000000119
91096  -43.571  43.471  38.556 0.3000000119
92170  -41.831  45.065  39.347 0.3000000119
92673  -43.147  45.576  38.798 0.4000000060
92686  -43.610  45.973  37.936 0.5000000000
92687  -44.521  46.186  38.293 0.5000000000
93191  -45.826  46.445  37.461 0.5000000000
92700  -46.944  46.115  36.980 0.6000000238
87642  -48.901  36.010  32.614 0.8000000119
86920  -48.422  35.499  31.838 0.8000000119
120799  -50.197  40.565  35.164 0.8999999762
86936  -49.067  34.358  31.221 0.6999999881
86921  -49.435  35.067  32.034 0.6999999881
88322  -49.175  37.250  33.738 0.8000000119
88301  -49.955  37.902  34.143 0.8999999762
86284  -49.746  32.907  30.574 0.6999999881
88911  -49.501  38.625  34.515 0.8999999762
85714  -48.316  31.789  28.892 0.5000000000
85724  -48.677  31.913  28.781 0.5000000000
86955  -45.802  34.043  29.479 0.4000000060
86296  -47.000  32.755  29.253 0.5000000000
108543  -42.988  36.305  44.667 0.2000000030
86748  -46.669  35.646  45.689 0.5000000000
119285  -47.870  36.590  44.023 0.8000000119
87469  -48.297  36.479  44.560 0.6999999881
122179  -44.289  46.126  37.065 0.5000000000
92712  -45.591  45.532  36.380 0.6000000238
86934  -47.497  35.215  30.503 0.6000000238
86298  -49.025  32.353  29.338 0.6999999881
87446  -43.813  36.161  45.098 0.2000000030
87465  -43.645  36.347  44.427 0.1000000015
87447  -44.657  36.112  45.147 0.3000000119
110513  -45.990  35.901  45.289 0.4000000060
87450  -47.827  36.134  45.129 0.8000000119
84979  -45.858  32.324  49.335 0.3000000119
90014  -48.667  41.098  39.586 0.6999999881
89463  -48.095  40.284  39.695 0.6999999881
86819  -49.389  35.691  39.723 0.6999999881
88222  -49.172  37.829  42.625 0.8999999762
125619  -48.669  42.410  39.135 0.6999999881
87549  -49.797  35.840  38.094 0.8000000119
88303  -51.138  37.464  34.088 0.8999999762
87608  -51.362  36.511  33.925 0.8999999762
85672  -51.301  33.660  33.640 0.8000000119
106408  -41.070  30.580  43.604 0.5000000000
84016  -41.858  30.683  43.937 0.6000000238
84508  -43.471  30.999  44.514 0.6000000238
84013  -39.135  30.810  43.422 0.2000000030
113572  -39.847  30.852  43.395 0.2000000030
112373  -39.604  30.192  43.506 0.4000000060
84527  -42.324  31.385  43.800 0.6000000238
84529  -44.163  32.072  43.959 0.6999999881
84524  -39.647  31.473  43.212 0.2000000030
85060  -43.767  32.290  43.552 0.6999999881
123722  -44.351  32.460  43.610 0.6999999881
85061  -44.909  32.838  43.475 0.6999999881
110462  -47.834  31.317  50.571 0.6000000238
85069  -40.875  32.579  42.635 0.3000000119
85638  -47.022  33.758  43.329 0.6999999881
83955  -45.275  30.560  50.155 0.2000000030
83942  -46.739  30.571  50.445 0.4000000060
85066  -37.905  32.825  42.546 0.1000000015
86170  -46.340  34.269  42.267 0.6000000238
85013  -44.662  32.635  48.610 0.2000000030
84478  -41.259  31.422  49.226 0.1000000015
84457  -42.362  31.084  49.599 0.1000000015
84458  -43.199  31.213  49.612 0.1000000015
83971  -41.045  30.631  49.288 0.1000000015
82957  -41.741  28.994  48.260 0.2000000030
84981  -47.337  32.259  49.794 0.4000000060
83483  -43.065  29.522  48.851 0.2000000030
86185  -41.695  34.496  40.783 0.6000000238
82958  -42.576  28.778  48.331 0.2000000030
86203  -42.152  34.912  40.294 0.6000000238
86204  -43.041  34.782  40.573 0.6000000238
86799  -44.590  35.041  40.588 0.6000000238
86207  -45.782  34.840  41.171 0.6000000238
108223  -45.466  35.161  40.664 0.6000000238
86784  -48.520  35.192  41.240 0.6999999881
86834  -44.507  36.031  38.944 0.5000000000
124757  -45.141  36.545  37.070 0.5000000000
86873  -45.804  35.592  35.029 0.5000000000
86237  -46.089  34.643  33.780 0.6000000238
86890  -46.373  35.058  34.468 0.6000000238
87574  -46.529  36.363  36.536 0.5000000000
86239  -48.098  34.279  34.017 0.6999999881
86802  -48.976  35.466  40.497 0.6999999881
87532  -48.105  36.171  39.254 0.6999999881
86924  -51.487  33.981  33.023 0.8000000119
85580  -42.417  34.127  46.777 0.1000000015
87561  -47.811  36.374  37.581 0.6000000238
86919  -45.224  34.724  32.929 0.4000000060
86918  -44.645  35.235  32.732 0.4000000060
85578  -40.753  33.696  46.855 0.1000000015
89471  -45.606  40.246  38.802 0.5000000000
90013  -47.399  40.470  39.131 0.6999999881
87627  -50.742  36.392  33.253 0.8000000119
86283  -49.015  33.453  30.254 0.6999999881
115652  -43.123  42.440  38.374 0.4000000060
92171  -42.661  45.187  39.299 0.4000000060
87643  -50.046  35.703  32.732 0.8000000119
87626  -49.621  36.557  33.246 0.8000000119
113188  -44.874  22.685  49.995 0.1000000015
79808  -45.350  23.092  49.466 0.2000000030
80444  -45.726  23.593  48.683 0.2000000030
80452  -46.026  24.020  47.882 0.2000000030
79795  -42.900  22.819  50.317 0.1000000015
79118  -43.363  22.142  50.264 0.1000000015
79119  -44.199  22.478  50.157 0.1000000015
79125  -44.374  22.215  49.283 0.1000000015
79807  -44.834  22.739  48.833 0.2000000030
79811  -44.797  23.060  47.726 0.2000000030
79812  -45.394  23.623  47.510 0.2000000030
114626  -45.341  23.834  46.541 0.2000000030
79098  -41.196  21.666  50.365 0.1000000015
79117  -42.497  22.058  50.352 0.1000000015
78401  -43.231  21.396  49.786 0.1000000015
79124  -43.822  21.753  49.622 0.1000000015
79815  -45.003  23.632  45.927 0.2000000030
78380  -40.574  21.363  50.353 0.1000000015
78381  -41.235  21.007  50.323 0.1000000015
78395  -41.857  20.727  50.111 0.1000000015
77636  -39.541  20.264  50.376 0.1000000015
77649  -39.940  19.742  50.118 0.1000000015
77650  -40.708  19.927  49.817 0.1000000015
76784  -38.619  19.568  50.218 0.1000000015
76799  -38.759  19.312  49.834 0.1000000015
76810  -39.236  19.416  49.335 0.1000000015
80411  -46.058  24.034  51.049 0.1000000015
79809  -45.969  23.478  49.993 0.1000000015
80430  -46.528  23.988  50.510 0.2000000030
80445  -46.428  24.126  49.032 0.2000000030
81103  -47.064  24.681  48.644 0.2000000030
81115  -47.468  25.138  47.845 0.2000000030
80428  -44.046  23.918  50.331 0.1000000015
79775  -44.833  23.653  50.672 0.1000000015
79776  -45.450  23.691  50.787 0.1000000015
79798  -45.394  23.290  50.407 0.1000000015
80453  -46.662  24.582  47.572 0.2000000030
80457  -46.578  24.604  46.293 0.2000000030
121790  -42.098  22.767  50.189 0.1000000015
80427  -43.194  23.604  50.079 0.1000000015
79796  -43.953  23.043  50.436 0.1000000015
80456  -45.903  24.209  46.885 0.2000000030
79794  -41.317  23.077  49.642 0.1000000015
79819  -44.551  23.472  45.368 0.2000000030
80461  -46.667  24.395  45.253 0.2000000030
79818  -43.823  23.219  45.750 0.2000000030
80431  -47.105  24.486  49.896 0.2000000030
80443  -43.354  24.495  49.434 0.1000000015
81083  -44.147  24.815  49.657 0.1000000015
80429  -44.777  24.286  50.549 0.1000000015
80410  -45.439  24.058  50.929 0.1000000015
80412  -46.458  24.133  50.994 0.1000000015
81104  -47.607  25.124  49.075 0.4000000060
80454  -47.368  25.066  46.753 0.2000000030
80426  -42.206  23.523  49.629 0.1000000015
80458  -47.427  24.889  45.718 0.2000000030
80460  -45.775  24.119  45.779 0.2000000030
80462  -47.487  24.653  44.789 0.2000000030
81743  -48.695  25.946  50.328 0.4000000060
81758  -48.998  26.188  48.952 0.3000000119
81741  -45.042  25.873  49.396 0.2000000030
81085  -45.703  25.374  50.252 0.3000000119
105551  -47.266  25.116  51.143 0.3000000119
81088  -48.081  25.411  50.727 0.4000000060
81105  -48.226  25.532  49.645 0.4000000060
81116  -48.335  25.701  48.160 0.3000000119
81113  -41.568  25.296  48.057 0.2000000030
81100  -42.562  25.115  48.547 0.2000000030
81102  -43.495  25.400  48.737 0.2000000030
81084  -44.904  25.086  49.918 0.2000000030
81072  -46.002  24.487  50.927 0.2000000030
81086  -46.611  25.176  50.903 0.2000000030
81074  -47.533  25.214  51.095 0.4000000060
81087  -47.623  24.987  50.400 0.5000000000
81775  -48.972  25.877  46.991 0.2000000030
104697  -48.055  25.447  47.152 0.2000000030
80451  -41.016  24.683  48.290 0.1000000015
80442  -41.891  24.440  48.741 0.1000000015
81118  -48.350  25.463  46.179 0.2000000030
81112  -40.620  25.498  47.716 0.1000000015
126168  -49.136  25.648  45.509 0.2000000030
81121  -48.315  25.177  45.194 0.2000000030
81125  -48.346  24.999  44.319 0.2000000030
81132  -48.288  24.927  43.405 0.2000000030
81141  -48.672  25.249  42.553 0.1000000015
82347  -48.616  26.359  51.398 0.4000000060
81735  -48.279  25.795  51.177 0.4000000060
81744  -49.168  26.398  51.096 0.5000000000
81742  -45.507  26.498  49.382 0.3000000119
118688  -46.732  27.007  50.145 0.3000000119
82346  -48.120  26.576  51.275 0.5000000000
81734  -47.917  25.737  51.228 0.4000000060
113736  -49.607  26.542  49.668 0.5000000000
81771  -49.497  26.341  47.738 0.3000000119
81114  -42.080  25.937  47.817 0.2000000030
81757  -44.752  26.616  48.804 0.2000000030
82370  -45.087  27.472  48.826 0.3000000119
82371  -50.735  27.069  48.952 0.5000000000
82355  -50.240  26.958  50.285 0.5000000000
81759  -50.128  26.686  48.398 0.4000000060
81755  -43.544  26.340  48.331 0.2000000030
81773  -51.045  27.253  47.959 0.4000000060
113944  -50.193  26.512  46.751 0.3000000119
121934  -49.622  26.022  46.112 0.3000000119
81764  -37.290  26.423  47.481 0.1000000015
81765  -38.672  26.837  47.392 0.1000000015
81767  -39.834  26.009  47.502 0.1000000015
123731  -40.512  26.290  47.499 0.2000000030
82390  -42.242  27.304  47.753 0.2000000030
82367  -42.829  27.834  48.014 0.2000000030
81776  -51.256  27.224  46.503 0.3000000119
81122  -50.222  26.155  45.359 0.3000000119
81766  -39.363  26.658  47.406 0.1000000015
114181  -40.021  26.847  47.375 0.1000000015
81123  -51.398  26.824  45.112 0.3000000119
81126  -49.423  25.608  44.737 0.2000000030
117435  -51.286  27.596  44.340 0.2000000030
124864  -51.681  27.498  44.045 0.2000000030
81779  -51.455  26.749  44.185 0.2000000030
120983  -50.611  26.276  44.720 0.3000000119
112892  -49.343  25.428  43.884 0.2000000030
82424  -49.554  27.750  43.332 0.2000000030
82425  -50.735  27.749  43.458 0.2000000030
111895  -51.647  27.519  43.607 0.2000000030
81786  -51.689  26.912  43.230 0.2000000030
81134  -50.562  26.106  43.431 0.2000000030
81133  -49.318  25.468  43.180 0.2000000030
108390  -50.136  27.807  42.652 0.2000000030
82441  -51.309  27.589  42.610 0.2000000030
81143  -51.179  26.550  42.699 0.2000000030
81792  -51.723  27.044  42.405 0.2000000030
81142  -50.060  25.925  42.587 0.1000000015
108034  -50.612  27.747  41.895 0.2000000030
81800  -51.680  27.287  42.211 0.2000000030
82345  -47.389  27.290  50.549 0.3000000119
82939  -48.092  27.762  50.967 0.5000000000
82940  -48.914  27.071  51.643 0.5000000000
82348  -49.892  26.934  51.495 0.5000000000
82947  -45.780  28.696  49.404 0.3000000119
82948  -46.609  28.044  49.830 0.3000000119
82938  -47.229  28.509  50.289 0.4000000060
117590  -43.554  28.430  48.444 0.2000000030
82369  -44.263  27.515  48.494 0.3000000119
82960  -45.271  28.283  49.006 0.2000000030
83469  -46.367  29.183  49.855 0.2000000030
82356  -51.301  27.500  49.462 0.5000000000
82386  -38.397  27.602  47.394 0.1000000015
82387  -39.319  27.477  47.387 0.1000000015
82389  -41.515  27.564  47.619 0.1000000015
82391  -51.374  27.618  47.186 0.3000000119
81778  -51.317  27.365  45.696 0.3000000119
82423  -48.318  27.535  43.597 0.2000000030
82440  -49.374  27.909  41.918 0.2000000030
106236  -48.771  27.739  42.761 0.2000000030
82946  -44.903  29.144  49.245 0.2000000030
82403  -51.254  27.500  45.357 0.3000000119
106237  -47.450  27.518  42.948 0.2000000030
83456  -47.836  29.001  50.684 0.4000000060
83447  -49.249  29.262  51.513 0.5000000000
118532  -47.518  29.951  50.588 0.4000000060
84431  -49.480  30.960  51.226 0.5000000000
82996  -42.478  28.465  44.148 0.4000000060
87448  -45.319  36.210  44.935 0.2000000030
87483  -44.674  36.443  43.593 0.2000000030
87467  -45.540  36.357  44.145 0.2000000030
108542  -46.032  36.217  44.775 0.3000000119
87468  -46.525  36.348  44.313 0.5000000000
119354  -46.735  36.592  43.239 0.5000000000
87485  -47.142  36.533  43.705 0.6000000238
86202  -41.293  34.816  40.337 0.4000000060
87466  -44.499  36.331  44.486 0.2000000030
107705  -44.031  36.445  43.146 0.2000000030
87496  -44.653  36.595  42.683 0.2000000030
86213  -42.056  35.420  39.543 0.4000000060
124712  -41.641  35.119  39.965 0.4000000060
87540  -40.345  36.091  38.469 0.3000000119
125918  -41.055  35.972  38.519 0.4000000060
86832  -42.217  35.835  38.838 0.4000000060
116142  -42.890  35.737  39.152 0.4000000060
87557  -41.621  36.425  37.283 0.3000000119
87543  -42.871  36.122  38.280 0.3000000119
86833  -43.578  35.981  38.780 0.3000000119
87542  -41.806  36.100  38.179 0.3000000119
88335  -42.261  37.205  32.719 0.3000000119
87653  -43.453  36.424  31.848 0.3000000119
86917  -44.089  35.839  32.370 0.3000000119
116986  -44.676  35.408  31.863 0.3000000119
87666  -43.281  36.438  30.697 0.3000000119
118505  -44.707  35.438  30.861 0.3000000119
87676  -42.957  35.873  29.695 0.3000000119
86945  -43.973  35.902  30.188 0.3000000119
86947  -45.415  34.698  30.501 0.3000000119
86280  -45.192  34.961  31.371 0.3000000119
87541  -40.982  36.267  37.885 0.3000000119
124461  -43.235  36.385  37.497 0.3000000119
87544  -43.947  36.317  37.975 0.3000000119
87556  -40.789  36.651  37.116 0.3000000119
87586  -41.280  36.953  35.688 0.3000000119
87570  -42.240  36.531  36.589 0.3000000119
108720  -43.063  36.527  36.760 0.3000000119
87571  -43.730  36.515  36.129 0.3000000119
87590  -44.382  36.217  35.470 0.3000000119
105920  -40.946  37.769  34.076 0.3000000119
88298  -41.274  37.269  34.914 0.3000000119
106869  -42.034  36.827  34.895 0.3000000119
87587  -42.037  36.669  35.695 0.3000000119
87589  -43.554  36.310  35.263 0.4000000060
86872  -44.952  35.695  34.874 0.5000000000
88318  -41.374  37.649  33.281 0.3000000119
87622  -42.164  37.177  33.445 0.3000000119
87605  -42.642  36.633  34.154 0.3000000119
87606  -43.439  36.163  34.465 0.3000000119
86887  -44.054  35.662  33.968 0.3000000119
87623  -42.800  36.639  33.231 0.3000000119
87624  -43.420  36.131  33.678 0.3000000119
86906  -44.060  35.689  33.221 0.3000000119
86888  -44.756  35.387  34.162 0.3000000119
86953  -42.749  34.830  28.980 0.2000000030
86964  -43.446  34.226  28.611 0.3000000119
86954  -43.664  35.242  29.278 0.3000000119
86965  -44.270  34.571  28.868 0.3000000119
86946  -44.720  35.046  29.654 0.3000000119
112041  -39.710  36.469  38.158 0.3000000119
106337  -40.302  36.497  37.727 0.3000000119
124951  -40.253  36.754  37.282 0.3000000119
87559  -43.856  36.553  37.017 0.3000000119
87591  -45.253  36.127  35.627 0.4000000060
86307  -45.200  34.070  28.735 0.3000000119
86963  -42.643  33.655  28.536 0.2000000030
86306  -41.902  33.813  28.894 0.2000000030
86308  -46.362  32.900  28.576 0.3000000119
86305  -41.064  33.224  29.377 0.2000000030
86316  -42.244  32.841  28.332 0.2000000030
86317  -43.097  32.967  28.147 0.2000000030
85735  -48.082  31.884  28.186 0.4000000060
86318  -44.362  33.395  28.113 0.3000000119
86319  -45.591  32.954  28.063 0.3000000119
85733  -46.717  31.927  27.640 0.3000000119
85723  -47.612  31.883  28.228 0.4000000060
86935  -48.209  34.814  30.987 0.5000000000
86957  -48.127  33.573  29.286 0.5000000000
85732  -43.814  32.636  27.528 0.2000000030
86309  -48.197  32.600  28.319 0.4000000060
86956  -47.312  34.459  28.998 0.4000000060
86320  -48.044  32.335  27.686 0.3000000119
107999  -47.302  34.127  28.233 0.4000000060
85734  -47.601  31.780  27.459 0.3000000119
88300  -48.707  37.885  34.223 0.6999999881
88321  -47.958  37.304  33.676 0.6999999881
87625  -48.418  36.680  33.188 0.6999999881
87641  -47.844  36.256  32.444 0.6999999881
87655  -46.770  36.314  31.262 0.6999999881
87668  -46.572  36.057  30.388 0.6000000238
107931  -47.144  35.106  29.760 0.6000000238
87678  -46.450  35.739  29.457 0.6000000238
85731  -42.789  32.663  27.852 0.2000000030
126200  -46.759  35.074  28.839 0.6000000238
105435  -45.343  32.173  27.276 0.3000000119
85742  -46.649  31.474  26.932 0.3000000119
85749  -47.260  31.714  26.581 0.3000000119
86327  -47.712  32.382  26.903 0.3000000119
88909  -47.045  38.578  34.663 0.6999999881
88299  -47.492  37.903  34.187 0.6999999881
88319  -45.882  37.645  33.177 0.6999999881
88925  -46.377  38.013  34.009 0.6999999881
88320  -46.849  37.417  33.485 0.6999999881
88338  -47.332  36.831  32.995 0.6999999881
88337  -46.411  37.107  32.671 0.6999999881
87640  -46.947  36.546  32.166 0.6999999881
88336  -45.674  37.539  32.263 0.6999999881
88350  -46.197  36.978  31.797 0.6999999881
85739  -42.453  32.718  27.670 0.2000000030
85740  -43.394  32.630  27.365 0.2000000030
85746  -43.956  32.499  26.838 0.2000000030
126531  -46.836  34.765  27.863 0.4000000060
87684  -46.393  35.677  28.452 0.4000000060
85741  -44.522  32.246  26.992 0.2000000030
109804  -45.703  31.819  26.756 0.3000000119
86334  -47.422  32.808  26.089 0.3000000119
111493  -47.368  33.716  27.383 0.3000000119
91692  -48.568  43.699  36.108 0.6000000238
90581  -48.537  42.546  35.786 0.6000000238
117395  -49.313  41.815  35.638 0.8000000119
89483  -49.926  40.157  34.868 0.8000000119
89498  -49.111  39.345  34.883 0.8000000119
88910  -48.258  38.585  34.628 0.8000000119
88924  -45.432  38.304  33.641 0.6999999881
88933  -45.163  38.130  32.690 0.6999999881
88939  -45.051  38.039  31.780 0.6999999881
88349  -45.563  37.483  31.395 0.6999999881
87654  -46.061  36.872  30.955 0.6999999881
87667  -45.875  36.694  30.132 0.6999999881
87677  -45.759  36.659  29.320 0.6999999881
86333  -46.835  32.230  25.866 0.3000000119
86973  -47.365  33.855  26.461 0.3000000119
87690  -46.233  36.503  27.701 0.4000000060
108461  -46.752  35.162  27.213 0.3000000119
91124  -47.409  42.515  35.805 0.6000000238
90580  -47.889  41.708  35.702 0.6000000238
90039  -48.371  40.891  35.534 0.6999999881
90079  -43.026  40.207  31.446 0.6999999881
118326  -43.103  39.906  32.265 0.6999999881
89529  -43.507  39.572  31.947 0.6999999881
89521  -43.457  39.499  32.884 0.6999999881
89522  -43.986  39.073  32.492 0.6999999881
89530  -43.997  39.074  31.598 0.6999999881
88932  -44.528  38.585  32.161 0.6999999881
89537  -44.102  39.139  30.710 0.6999999881
88938  -44.513  38.550  31.260 0.6999999881
88944  -45.002  37.983  30.928 0.6999999881
86325  -41.625  33.304  27.545 0.2000000030
89545  -44.368  39.273  29.886 0.6999999881
88943  -44.594  38.567  30.387 0.6999999881
116917  -45.483  37.405  30.595 0.6999999881
86326  -42.557  33.307  27.072 0.2000000030
85745  -43.125  32.719  27.179 0.2000000030
88950  -44.858  38.639  29.437 0.6999999881
88362  -45.368  37.638  29.171 0.6999999881
124816  -45.461  37.289  29.899 0.6999999881
86972  -42.051  34.403  27.047 0.2000000030
86331  -44.382  33.128  26.156 0.2000000030
85747  -45.174  32.155  26.385 0.2000000030
88958  -45.387  38.458  28.516 0.6999999881
88369  -45.720  37.534  28.122 0.6000000238
87683  -45.754  36.820  28.581 0.5000000000
86330  -43.441  33.326  26.605 0.2000000030
123901  -44.664  33.840  25.541 0.2000000030
86986  -45.375  33.947  25.162 0.3000000119
86340  -46.935  33.513  25.561 0.2000000030
87691  -46.909  36.297  26.565 0.4000000060
111316  -47.406  35.200  26.043 0.4000000060
90038  -47.258  40.910  35.659 0.6000000238
89482  -48.724  40.076  35.282 0.6999999881
89497  -47.841  39.302  35.070 0.6999999881
88908  -45.937  38.688  34.513 0.6999999881
89513  -43.978  39.121  33.239 0.6999999881
125563  -42.875  40.832  30.786 0.6999999881
89536  -43.552  39.655  31.036 0.6999999881
90088  -43.871  39.858  30.171 0.6999999881
123517  -44.675  39.460  29.204 0.6999999881
86977  -42.935  34.552  26.435 0.2000000030
86978  -43.924  34.243  25.946 0.2000000030
88377  -46.438  37.380  27.133 0.4000000060
86988  -46.893  34.856  25.194 0.4000000060
90037  -45.533  40.996  35.636 0.6000000238
89481  -47.485  40.119  35.435 0.6000000238
91121  -43.853  42.613  35.548 0.5000000000
90578  -44.321  41.729  35.516 0.6000000238
90036  -44.728  40.992  35.431 0.6000000238
89480  -46.243  40.333  35.560 0.6999999881
116318  -41.738  41.402  34.620 0.5000000000
90577  -43.527  41.605  35.358 0.6000000238
90035  -43.938  40.882  35.179 0.6000000238
125144  -44.349  40.328  35.014 0.6999999881
89479  -45.095  40.238  35.287 0.6999999881
89496  -46.630  39.344  35.145 0.6999999881
90596  -40.699  41.585  34.190 0.5000000000
90591  -43.187  40.838  34.909 0.6000000238
89493  -43.645  40.124  34.495 0.6999999881
89494  -44.475  39.601  34.549 0.6999999881
89495  -45.498  39.440  34.979 0.6999999881
90046  -41.931  40.670  33.875 0.5000000000
90047  -42.788  40.361  34.169 0.6999999881
90060  -43.151  39.833  33.621 0.6999999881
89512  -43.769  39.451  33.813 0.6999999881
105865  -44.283  39.069  33.820 0.6999999881
88907  -44.959  38.881  34.167 0.6999999881
91138  -39.458  42.263  33.727 0.5000000000
91142  -39.958  41.852  33.213 0.5000000000
90604  -40.725  41.441  33.406 0.5000000000
123537  -41.394  40.991  33.344 0.6000000238
90070  -42.542  40.343  32.278 0.6000000238
90086  -43.220  41.255  30.147 0.6999999881
90087  -43.345  40.413  30.519 0.6999999881
89553  -45.106  39.283  28.678 0.6000000238
89563  -45.675  39.182  27.944 0.5000000000
115740  -41.586  35.516  27.177 0.2000000030
117373  -42.926  35.687  26.246 0.2000000030
88378  -47.406  37.284  26.236 0.3000000119
86985  -44.537  34.907  25.200 0.2000000030
87698  -47.559  36.354  25.679 0.3000000119
92720  -34.844  46.291  33.543 0.4000000060
92722  -35.996  45.013  33.954 0.4000000060
92725  -36.084  45.182  32.969 0.4000000060
92223  -36.582  44.560  33.501 0.4000000060
91703  -37.772  43.852  32.694 0.4000000060
92228  -38.160  43.948  31.973 0.5000000000
91704  -38.386  43.358  32.777 0.5000000000
91137  -38.902  42.738  33.313 0.5000000000
122725  -39.449  42.311  33.005 0.5000000000
90615  -40.607  41.727  32.500 0.6000000238
90616  -41.239  41.573  31.864 0.6000000238
91150  -41.383  42.048  31.262 0.6000000238
90625  -41.853  41.490  31.274 0.6000000238
108356  -39.964  42.294  32.404 0.5000000000
90058  -41.850  40.600  32.867 0.6999999881
90096  -43.851  40.799  29.644 0.6999999881
90097  -44.328  40.028  29.423 0.6999999881
90645  -44.592  40.810  29.032 0.6000000238
90107  -44.924  40.101  28.720 0.6000000238
114793  -45.253  40.890  28.548 0.6000000238
114502  -45.469  39.825  28.217 0.6999999881
88968  -45.984  38.338  27.603 0.5000000000
108827  -45.673  34.934  24.843 0.3000000119
87711  -47.204  36.015  25.188 0.4000000060
88385  -47.830  37.473  25.679 0.4000000060
92728  -36.598  45.588  32.076 0.4000000060
92226  -36.815  44.738  32.590 0.4000000060
92227  -37.491  44.356  32.295 0.5000000000
91706  -38.782  43.483  31.994 0.5000000000
109224  -38.836  43.947  31.573 0.5000000000
90634  -42.990  41.928  29.919 0.6000000238
90626  -42.536  41.566  30.607 0.6000000238
90636  -44.377  41.591  29.233 0.6999999881
90118  -46.327  39.936  27.589 0.4000000060
89574  -47.486  38.966  26.681 0.4000000060
89564  -46.523  39.070  27.280 0.3000000119
88977  -47.856  38.201  26.169 0.4000000060
88399  -47.596  36.936  25.224 0.4000000060
87710  -46.113  35.963  24.494 0.3000000119
82930  -49.487  27.651  51.863 0.5000000000
82349  -50.921  27.496  50.733 0.5000000000
82372  -51.541  27.743  48.295 0.4000000060
82396  -51.241  27.503  46.437 0.4000000060
125877  -49.221  26.703  51.633 0.5000000000
108876  -48.351  29.631  50.969 0.5000000000
83514  -42.734  29.242  44.480 0.4000000060
82977  -41.294  28.363  47.761 0.1000000015
83484  -43.971  29.337  49.114 0.2000000030
87572  -44.643  36.486  36.420 0.3000000119
87449  -46.816  36.145  45.082 0.4000000060
87656  -47.549  35.856  31.571 0.6999999881
108541  -47.395  36.380  44.487 0.6000000238
86948  -48.344  33.958  30.071 0.5000000000
82978  -42.039  28.138  47.906 0.2000000030
79797  -44.841  23.114  50.538 0.1000000015
78396  -42.959  21.673  50.226 0.1000000015
107456  -44.842  23.386  46.799 0.2000000030
78382  -41.841  21.479  50.320 0.1000000015
79115  -40.679  22.171  50.110 0.1000000015
79116  -41.533  22.280  50.247 0.1000000015
115583  -42.597  21.150  50.079 0.1000000015
78400  -42.920  20.742  49.267 0.1000000015
78409  -43.447  21.213  48.872 0.1000000015
78379  -39.776  21.096  50.423 0.1000000015
77637  -40.451  20.501  50.253 0.1000000015
77638  -41.201  20.444  50.087 0.1000000015
77652  -42.302  20.585  49.557 0.1000000015
76785  -39.223  19.592  50.197 0.1000000015
76800  -39.466  19.399  49.886 0.1000000015
76801  -39.983  19.629  49.513 0.1000000015
77634  -38.044  20.002  50.364 0.1000000015
80413  -47.013  24.530  50.963 0.3000000119
108285  -42.654  24.215  49.264 0.1000000015
81071  -45.371  24.558  50.652 0.2000000030
125068  -47.133  24.830  51.113 0.2000000030
82354  -46.357  26.217  50.124 0.3000000119
81733  -47.300  26.032  50.877 0.3000000119
81756  -44.339  25.781  48.893 0.2000000030
80450  -40.152  24.778  47.969 0.1000000015
82353  -45.951  27.463  49.401 0.3000000119
81101  -42.838  26.029  48.108 0.2000000030
107352  -44.097  26.702  48.473 0.2000000030
81772  -50.788  26.906  47.374 0.4000000060
81768  -41.236  26.095  47.607 0.2000000030
81769  -41.724  26.732  47.617 0.1000000015
121529  -42.369  26.578  47.784 0.2000000030
82368  -43.535  27.316  48.219 0.2000000030
82959  -44.521  28.411  48.752 0.2000000030
81119  -50.905  26.725  45.917 0.3000000119
114118  -37.177  27.218  47.423 0.1000000015
114182  -37.892  26.983  47.390 0.1000000015
117061  -38.961  26.069  47.498 0.1000000015
113516  -40.872  26.992  47.471 0.1000000015
81780  -51.477  27.397  44.557 0.2000000030
81127  -50.323  25.980  44.202 0.2000000030
81787  -51.776  27.412  43.769 0.2000000030
81151  -51.041  26.603  41.963 0.2000000030
82385  -37.719  27.628  47.406 0.1000000015
86831  -41.478  35.736  38.982 0.4000000060
86830  -40.694  35.695  39.052 0.3000000119
87558  -42.467  36.355  37.437 0.3000000119
87638  -42.826  36.774  32.339 0.3000000119
87652  -42.694  36.857  31.307 0.3000000119
86933  -44.090  36.015  31.332 0.3000000119
87569  -41.444  36.682  36.449 0.3000000119
126754  -41.660  36.890  35.307 0.3000000119
88283  -40.520  37.420  35.436 0.3000000119
88275  -40.018  37.403  36.098 0.3000000119
108638  -42.889  36.539  35.900 0.3000000119
88297  -40.558  37.713  34.679 0.3000000119
87604  -41.780  37.254  34.156 0.3000000119
87588  -42.753  36.483  35.055 0.3000000119
87607  -44.172  35.873  34.682 0.3000000119
87639  -43.461  36.234  32.832 0.3000000119
85748  -46.372  31.650  26.369 0.3000000119
86332  -45.232  32.931  25.627 0.2000000030
88923  -44.570  38.685  33.169 0.6999999881
86339  -46.120  33.090  25.408 0.2000000030
90078  -42.409  40.835  31.359 0.6000000238
90071  -42.922  39.886  32.853 0.6999999881
88355  -45.076  37.925  30.092 0.6999999881
117673  -42.315  35.563  26.698 0.2000000030
86979  -47.450  34.239  25.734 0.4000000060
122551  -47.393  35.317  25.590 0.4000000060
91120  -42.992  42.280  35.427 0.5000000000
90059  -42.512  40.198  33.292 0.6999999881
90617  -41.800  40.902  31.998 0.6000000238
88969  -46.865  38.234  26.784 0.3000000119
113401  -35.823  46.048  32.573 0.4000000060
91149  -40.665  42.315  31.619 0.5000000000
91148  -39.928  42.809  31.749 0.5000000000
82450  -39.298  27.439  41.694 0.1000000015
82433  -39.970  27.546  42.331 0.1000000015
125164  -40.407  27.417  41.936 0.1000000015
82452  -41.373  27.381  41.682 0.1000000015
105254  -41.822  27.467  42.416 0.1000000015
105292  -42.547  27.352  42.032 0.1000000015
82454  -42.876  27.375  41.314 0.1000000015
82468  -43.149  27.589  40.595 0.1000000015
82449  -38.434  27.532  41.678 0.1000000015
82456  -45.259  27.754  41.248 0.1000000015
82455  -43.756  27.530  41.240 0.1000000015
119288  -44.578  27.503  41.733 0.1000000015
110326  -38.143  27.879  42.489 0.1000000015
82478  -35.059  27.809  38.926 0.1000000015
82479  -35.744  28.109  38.845 0.1000000015
83034  -36.253  28.419  40.371 0.1000000015
82463  -37.733  27.806  41.007 0.1000000015
82448  -37.511  27.760  41.878 0.1000000015
83046  -36.482  28.417  39.327 0.1000000015
120663  -46.222  27.969  41.230 0.1000000015
119689  -46.389  28.462  40.274 0.1000000015
104936  -41.356  27.794  43.165 0.1000000015
105914  -42.615  27.458  42.891 0.1000000015
81159  -50.966  26.697  40.963 0.1000000015
83045  -35.582  28.300  39.579 0.1000000015
83027  -36.909  28.151  41.182 0.1000000015
119275  -37.338  28.023  42.374 0.1000000015
82437  -45.532  27.562  41.944 0.1000000015
82438  -46.592  27.635  42.227 0.1000000015
82473  -50.578  27.976  39.760 0.1000000015
81158  -50.216  26.454  40.052 0.1000000015
83026  -36.045  28.417  41.362 0.1000000015
82457  -47.250  27.903  41.526 0.1000000015
82472  -48.919  28.272  40.306 0.1000000015
109154  -51.226  27.396  40.384 0.1000000015
81805  -50.855  26.948  39.165 0.1000000015
81806  -51.179  27.136  40.141 0.1000000015
82439  -47.922  27.797  42.119 0.1000000015
81799  -51.577  27.125  41.588 0.1000000015
83005  -38.352  28.405  43.066 0.1000000015
117477  -39.110  28.520  43.282 0.2000000030
119590  -39.676  27.978  43.053 0.2000000030
83007  -40.605  28.316  43.347 0.2000000030
115155  -42.986  27.630  43.571 0.1000000015
82458  -48.466  28.048  41.269 0.1000000015
106484  -50.292  27.901  40.937 0.1000000015
82459  -51.381  27.415  41.461 0.1000000015
117292  -51.453  27.171  40.879 0.1000000015
82431  -36.738  28.103  42.056 0.1000000015
83018  -37.603  28.356  42.840 0.1000000015
83006  -39.813  28.601  43.408 0.2000000030
83008  -41.632  28.391  43.675 0.2000000030
82471  -47.399  28.228  40.759 0.1000000015
82474  -51.037  27.381  39.409 0.1000000015
83513  -41.928  29.089  44.073 0.3000000119
82419  -42.261  27.864  43.632 0.1000000015
120917  -40.283  29.099  43.569 0.3000000119
83527  -41.101  29.043  43.679 0.3000000119
83523  -37.888  28.836  43.219 0.1000000015
116860  -38.562  29.088  43.396 0.1000000015
83525  -39.459  29.308  43.500 0.2000000030
83017  -35.895  28.531  42.365 0.1000000015
108559  -36.811  28.402  42.650 0.1000000015
82405  -43.036  27.983  44.152 0.3000000119
83536  -36.270  28.901  43.093 0.1000000015
83537  -37.163  28.889  43.154 0.1000000015
109108  -37.803  29.634  43.449 0.1000000015
83997  -42.276  29.971  44.253 0.4000000060
83526  -40.727  29.787  43.605 0.3000000119
90579  -45.261  41.899  35.657 0.4000000060
121994  -46.483  41.678  35.746 0.4000000060
120038  -44.659  42.511  35.604 0.4000000060
113693  -45.912  42.524  35.743 0.4000000060
116341  -43.251  44.165  35.548 0.4000000060
91688  -44.850  44.280  35.797 0.4000000060
91123  -46.046  43.369  35.816 0.4000000060
115655  -47.049  43.323  35.931 0.5000000000
112701  -44.546  43.417  35.642 0.4000000060
110944  -45.289  43.661  35.766 0.4000000060
114723  -46.559  42.689  35.803 0.5000000000
91686  -43.118  43.239  35.526 0.4000000060
92214  -45.206  44.942  36.005 0.5000000000
91689  -45.693  44.227  35.916 0.4000000060
91690  -46.631  44.103  36.036 0.5000000000
124415  -42.576  43.862  35.488 0.4000000060
91119  -42.264  42.948  35.415 0.4000000060
90575  -41.512  42.332  35.118 0.4000000060
92710  -43.818  45.680  36.055 0.4000000060
92709  -42.944  45.533  35.883 0.4000000060
92215  -46.230  44.905  36.183 0.5000000000
92211  -42.516  44.789  35.576 0.4000000060
92212  -43.485  44.996  35.646 0.4000000060
91691  -47.762  44.085  36.145 0.5000000000
91685  -41.753  43.956  35.409 0.4000000060
91118  -41.059  43.207  35.218 0.4000000060
91135  -40.585  42.293  34.705 0.4000000060
92199  -47.145  45.394  36.537 0.5000000000
92708  -42.120  45.395  35.864 0.4000000060
92210  -41.516  44.870  35.589 0.4000000060
92209  -40.668  44.932  35.634 0.4000000060
91683  -40.027  44.338  35.367 0.4000000060
91684  -40.849  44.216  35.359 0.4000000060
91698  -40.226  43.344  35.042 0.4000000060
91134  -39.711  42.588  34.451 0.4000000060
91139  -40.036  41.762  34.021 0.4000000060
92697  -43.280  45.918  36.741 0.4000000060
124563  -48.567  45.751  36.898 0.5000000000
122069  -42.564  45.689  36.454 0.4000000060
92198  -41.286  45.323  35.991 0.4000000060
92685  -42.621  45.704  37.654 0.4000000060
92197  -40.529  45.187  36.170 0.4000000060
92208  -39.916  44.874  35.774 0.4000000060
91682  -39.221  44.395  35.398 0.4000000060
91697  -39.391  43.580  34.875 0.4000000060
91696  -38.488  43.798  34.701 0.4000000060
91159  -41.256  42.704  30.839 0.4000000060
91160  -41.920  42.195  30.733 0.5000000000
90635  -43.617  41.767  29.616 0.6000000238
109037  -40.483  45.154  36.975 0.3000000119
92684  -41.701  45.392  37.911 0.3000000119
92695  -41.118  45.356  36.886 0.3000000119
92194  -37.884  44.434  36.212 0.4000000060
92196  -39.796  44.922  36.463 0.4000000060
92207  -38.394  44.440  35.554 0.4000000060
104962  -39.255  44.714  35.859 0.4000000060
92221  -37.719  44.213  34.797 0.4000000060
91695  -37.801  43.687  34.174 0.4000000060
91701  -38.282  43.229  33.799 0.4000000060
91712  -41.278  43.558  30.337 0.4000000060
91711  -40.432  43.264  31.028 0.4000000060
91713  -41.953  42.978  30.201 0.4000000060
91161  -42.515  42.401  30.091 0.5000000000
91173  -43.214  42.649  29.627 0.4000000060
111333  -43.900  43.352  29.468 0.4000000060
91646  -41.438  44.572  39.238 0.2000000030
91632  -40.758  44.461  39.282 0.2000000030
92162  -40.629  44.630  39.193 0.2000000030
92168  -39.741  44.522  38.537 0.2000000030
92169  -40.432  44.770  38.796 0.2000000030
92672  -42.237  45.340  38.894 0.3000000119
92186  -39.334  44.541  37.354 0.2000000030
92184  -37.674  44.101  36.981 0.2000000030
92195  -38.882  44.601  36.332 0.3000000119
126722  -37.369  44.287  36.464 0.3000000119
92193  -36.973  44.425  35.998 0.4000000060
92205  -36.734  44.571  35.187 0.4000000060
92220  -37.161  44.052  34.048 0.3000000119
91710  -39.913  43.967  30.897 0.4000000060
91717  -42.103  43.840  29.687 0.4000000060
113200  -42.575  43.126  29.739 0.4000000060
113458  -42.980  43.576  29.555 0.3000000119
91718  -43.499  44.054  29.494 0.3000000119
116533  -40.332  43.761  39.410 0.2000000030
91088  -41.031  43.724  39.130 0.2000000030
120217  -41.337  42.831  38.691 0.2000000030
91631  -40.122  44.350  39.517 0.2000000030
91094  -41.769  43.646  38.863 0.2000000030
92161  -40.012  44.479  39.326 0.2000000030
92160  -39.374  44.316  39.362 0.2000000030
92167  -38.952  44.235  38.252 0.2000000030
91644  -37.616  43.718  38.604 0.2000000030
91666  -38.105  43.917  37.928 0.2000000030
92183  -36.975  44.074  36.768 0.3000000119
91675  -36.226  44.210  36.424 0.3000000119
113888  -37.133  44.418  34.808 0.3000000119
92219  -36.581  44.581  34.406 0.3000000119
92224  -37.190  44.102  33.090 0.3000000119
92238  -40.684  44.919  30.127 0.4000000060
92239  -41.308  44.387  29.905 0.4000000060
92233  -39.292  44.285  31.106 0.4000000060
112273  -40.583  44.140  30.468 0.4000000060
92245  -42.825  44.491  29.504 0.3000000119
91086  -39.864  42.706  39.394 0.2000000030
90555  -41.215  41.814  38.610 0.3000000119
90556  -42.768  41.480  38.433 0.3000000119
90019  -43.288  40.674  38.593 0.3000000119
89461  -45.300  39.567  39.197 0.4000000060
91615  -38.421  44.156  41.071 0.2000000030
91616  -39.066  44.139  40.386 0.2000000030
122775  -42.005  41.393  38.498 0.3000000119
90020  -44.171  40.723  38.578 0.3000000119
91629  -38.981  44.233  40.161 0.2000000030
91630  -39.550  44.232  39.807 0.2000000030
91628  -37.973  43.863  39.941 0.2000000030
122785  -36.924  43.564  38.998 0.2000000030
91645  -38.589  44.050  39.147 0.2000000030
125092  -36.855  43.507  38.100 0.2000000030
91665  -37.263  43.748  37.584 0.2000000030
91674  -35.638  43.993  36.844 0.2000000030
108158  -36.108  44.558  35.608 0.4000000060
92218  -36.037  44.832  34.802 0.4000000060
92718  -35.411  45.251  34.390 0.3000000119
92733  -38.638  45.539  30.926 0.4000000060
92730  -37.892  45.238  31.389 0.4000000060
92232  -38.517  44.618  31.331 0.4000000060
92237  -39.884  44.747  30.604 0.4000000060
92729  -37.272  44.981  31.878 0.4000000060
90554  -40.429  41.881  38.934 0.3000000119
89467  -41.996  39.969  38.920 0.3000000119
89468  -42.898  39.925  38.857 0.3000000119
89460  -44.376  39.382  39.217 0.3000000119
88886  -44.992  38.870  39.646 0.4000000060
88876  -46.632  38.311  40.540 0.5000000000
121530  -37.829  44.117  41.011 0.2000000030
105047  -35.053  43.210  40.208 0.2000000030
91626  -36.020  43.398  40.112 0.2000000030
91627  -36.996  43.657  40.074 0.2000000030
91625  -34.245  43.286  39.583 0.2000000030
107307  -35.116  43.252  39.303 0.2000000030
105672  -36.065  43.352  39.140 0.2000000030
91662  -34.567  43.708  37.708 0.2000000030
91642  -35.231  43.350  38.357 0.2000000030
91664  -36.353  43.740  37.310 0.2000000030
92192  -35.316  44.423  36.144 0.3000000119
122473  -35.288  44.921  35.200 0.3000000119
124169  -34.961  45.308  34.719 0.3000000119
113532  -37.323  45.640  31.547 0.3000000119
93216  -37.925  46.132  31.097 0.4000000060
88875  -44.623  38.247  40.159 0.3000000119
88243  -45.105  37.744  40.726 0.3000000119
116162  -42.836  38.779  39.540 0.3000000119
88874  -43.726  38.184  40.132 0.3000000119
88231  -46.397  37.415  41.478 0.4000000060
91610  -32.459  43.567  40.688 0.2000000030
91624  -33.466  43.523  39.219 0.2000000030
91641  -34.213  43.474  38.619 0.2000000030
91639  -32.775  43.879  38.992 0.2000000030
91661  -33.677  43.925  37.894 0.2000000030
91663  -35.450  43.648  37.518 0.2000000030
92166  -32.758  44.236  38.155 0.2000000030
92181  -33.170  44.413  37.319 0.2000000030
92182  -34.040  44.220  37.141 0.2000000030
91673  -34.895  44.061  36.943 0.2000000030
92191  -34.391  44.516  36.390 0.2000000030
92189  -32.674  44.887  36.798 0.2000000030
92203  -33.911  44.997  35.858 0.2000000030
92204  -34.669  44.812  35.721 0.3000000119
92707  -34.420  45.356  35.098 0.3000000119
93201  -33.354  46.886  34.189 0.3000000119
92716  -33.844  46.053  34.591 0.3000000119
93206  -34.606  47.002  33.219 0.3000000119
93207  -35.228  46.508  32.954 0.3000000119
93737  -35.491  47.647  32.356 0.3000000119
121868  -36.805  47.041  31.549 0.3000000119
92717  -34.723  45.761  34.219 0.3000000119
93213  -36.303  46.557  31.911 0.3000000119
112741  -37.609  47.109  31.202 0.3000000119
125982  -38.551  46.185  30.831 0.3000000119
92734  -39.436  45.501  30.595 0.4000000060
93215  -37.064  46.341  31.504 0.4000000060
92735  -40.153  45.526  30.257 0.3000000119
87509  -45.064  36.895  41.942 0.2000000030
89457  -41.592  39.321  39.340 0.3000000119
88883  -42.127  38.713  39.649 0.3000000119
88884  -43.372  38.602  39.698 0.3000000119
88218  -45.933  36.917  41.998 0.2000000030
91601  -31.606  44.013  41.771 0.2000000030
91609  -31.835  44.043  40.887 0.2000000030
118256  -32.116  43.581  41.370 0.2000000030
120404  -32.308  44.059  39.444 0.2000000030
92159  -32.134  44.385  38.844 0.2000000030
92682  -31.631  45.790  37.727 0.2000000030
93183  -31.628  46.445  37.215 0.2000000030
92179  -32.047  45.247  37.205 0.2000000030
92693  -32.245  45.530  36.417 0.2000000030
93190  -31.865  46.210  36.077 0.2000000030
93727  -32.827  47.677  34.358 0.2000000030
94339  -33.105  48.487  34.104 0.2000000030
112692  -33.242  49.805  34.375 0.2000000030
92694  -33.021  45.215  36.083 0.2000000030
92705  -32.532  45.881  35.653 0.3000000119
93200  -32.659  47.024  34.713 0.3000000119
94340  -33.792  48.542  33.513 0.2000000030
94343  -34.529  48.525  32.990 0.3000000119
94830  -34.950  49.142  32.821 0.3000000119
94831  -35.654  49.322  32.606 0.2000000030
93202  -34.204  46.492  33.865 0.3000000119
93205  -33.964  47.169  33.651 0.3000000119
93736  -34.826  47.750  32.770 0.3000000119
117757  -35.914  48.161  32.113 0.3000000119
93741  -37.034  47.726  31.567 0.3000000119
123740  -37.704  47.936  31.348 0.3000000119
93212  -35.652  46.887  32.336 0.3000000119
116260  -45.478  36.676  42.520 0.2000000030
87497  -47.253  36.825  42.868 0.4000000060
125477  -31.877  46.757  39.979 0.2000000030
93175  -31.978  46.722  40.728 0.2000000030
93171  -31.605  46.021  41.129 0.2000000030
92665  -31.467  45.309  40.654 0.2000000030
93174  -31.581  46.070  40.233 0.2000000030
92158  -31.813  44.492  39.523 0.2000000030
93177  -31.646  46.290  39.279 0.2000000030
92670  -31.572  45.490  38.658 0.2000000030
118078  -31.596  46.250  38.428 0.2000000030
93715  -31.813  46.921  38.596 0.2000000030
94306  -31.979  47.814  37.350 0.2000000030
93722  -31.694  47.383  36.367 0.2000000030
93197  -32.172  46.746  35.387 0.3000000119
94334  -32.493  48.427  34.783 0.2000000030
95272  -33.742  50.088  33.924 0.2000000030
94315  -31.836  47.919  36.691 0.2000000030
94325  -31.776  47.976  36.098 0.2000000030
93726  -32.264  47.602  35.032 0.2000000030
94827  -34.277  49.412  33.355 0.2000000030
94828  -35.156  49.846  33.054 0.2000000030
94345  -36.117  48.818  32.242 0.3000000119
94348  -36.569  48.312  31.863 0.3000000119
106444  -46.279  36.446  43.567 0.2000000030
108174  -32.451  47.397  40.240 0.2000000030
93709  -33.126  47.820  40.794 0.2000000030
94280  -33.725  48.305  40.534 0.2000000030
122741  -32.644  47.739  39.523 0.2000000030
93711  -32.090  47.162  39.392 0.2000000030
95262  -32.709  50.007  35.715 0.2000000030
95266  -32.829  49.941  34.964 0.2000000030
95269  -33.381  50.476  34.592 0.2000000030
95712  -33.638  51.226  34.881 0.2000000030
96164  -35.447  52.613  34.651 0.2000000030
95717  -35.790  51.531  33.673 0.2000000030
94811  -32.466  49.415  36.135 0.2000000030
95270  -33.997  50.890  34.203 0.2000000030
95716  -34.848  51.200  33.913 0.2000000030
95274  -35.468  50.650  33.374 0.2000000030
95278  -36.081  50.088  32.800 0.2000000030
95279  -36.879  49.865  32.487 0.2000000030
94349  -37.361  48.477  31.657 0.3000000119
94288  -33.830  48.575  39.685 0.2000000030
96646  -35.789  53.276  34.953 0.2000000030
95259  -33.518  50.370  36.963 0.2000000030
95263  -33.152  50.637  36.122 0.2000000030
95709  -33.553  51.310  35.673 0.2000000030
95710  -34.070  51.857  35.264 0.2000000030
95713  -34.338  51.619  34.570 0.2000000030
96165  -36.200  52.906  34.349 0.2000000030
95275  -36.351  50.890  33.179 0.2000000030
94812  -32.888  49.892  36.525 0.2000000030
94281  -34.438  48.648  40.329 0.2000000030
96639  -36.190  53.941  36.564 0.2000000030
123088  -36.024  53.815  35.954 0.2000000030
96152  -36.110  52.244  38.347 0.2000000030
96156  -35.607  52.666  37.605 0.2000000030
96632  -35.810  53.407  37.135 0.2000000030
96638  -35.644  53.423  36.352 0.2000000030
96642  -35.637  53.376  35.641 0.2000000030
96647  -36.543  53.565  34.720 0.2000000030
95703  -34.428  51.646  36.916 0.2000000030
96155  -35.048  52.143  37.282 0.2000000030
96159  -35.282  52.862  36.818 0.2000000030
96637  -35.121  52.931  36.027 0.2000000030
126734  -36.787  50.455  32.779 0.2000000030
119511  -37.318  54.061  38.717 0.2000000030
96629  -36.777  53.807  38.244 0.2000000030
97137  -36.729  54.553  36.766 0.2000000030
111973  -36.611  52.941  38.542 0.2000000030
96628  -36.177  53.203  37.910 0.2000000030
96633  -36.397  53.949  37.373 0.2000000030
97130  -36.915  54.545  37.588 0.2000000030
88219  -46.802  37.092  42.140 0.4000000060
90557  -43.651  41.505  38.413 0.3000000119
89469  -43.807  39.964  38.843 0.3000000119
119644  -45.669  38.406  40.232 0.4000000060
92668  -40.940  44.929  39.041 0.2000000030
106384  -46.282  36.640  42.773 0.3000000119
91133  -38.949  42.907  34.207 0.4000000060
92683  -40.900  45.078  38.101 0.3000000119
92187  -40.131  44.791  37.694 0.2000000030
91087  -40.664  42.754  38.932 0.3000000119
118026  -39.729  43.937  39.889 0.2000000030
90018  -41.543  40.770  38.711 0.3000000119
90011  -40.631  40.961  38.946 0.3000000119
112627  -42.418  40.667  38.632 0.3000000119
91078  -39.224  43.337  40.164 0.2000000030
125015  -40.144  40.837  39.313 0.3000000119
89458  -42.475  39.291  39.226 0.3000000119
89459  -43.407  39.212  39.261 0.3000000119
88885  -44.085  38.715  39.648 0.3000000119
88244  -46.006  37.804  40.872 0.3000000119
92165  -31.881  44.847  38.092 0.2000000030
92706  -33.458  45.627  35.365 0.3000000119
93198  -32.993  46.359  34.967 0.3000000119
93732  -34.192  47.785  33.301 0.3000000119
94344  -35.333  48.487  32.514 0.2000000030
94817  -32.436  49.162  35.399 0.2000000030
95267  -33.146  50.649  35.323 0.2000000030
96161  -35.190  52.833  35.307 0.2000000030
95702  -33.763  51.162  36.523 0.2000000030
96158  -34.706  52.360  36.462 0.2000000030
123020  -35.487  51.941  37.890 0.2000000030
83478  -38.732  30.028  48.305 0.1000000015
83479  -39.678  30.090  48.416 0.1000000015
83480  -40.575  30.015  48.591 0.1000000015
85612  -34.707  33.534  43.109 0.1000000015
85626  -35.417  33.826  42.786 0.1000000015
86168  -36.229  34.131  42.358 0.1000000015
85627  -36.053  33.453  42.823 0.1000000015
85613  -35.447  33.058  43.216 0.1000000015
85065  -36.932  33.240  42.605 0.1000000015
85628  -37.867  33.540  42.074 0.1000000015
86169  -37.172  34.034  41.926 0.1000000015
85625  -34.716  34.177  42.733 0.1000000015
85643  -38.562  33.882  41.648 0.1000000015
113833  -39.082  34.216  41.226 0.1000000015
87506  -42.380  36.903  41.744 0.2000000030
88227  -42.862  37.247  41.198 0.2000000030
86167  -35.320  34.488  42.403 0.1000000015
86771  -34.164  35.195  42.377 0.1000000015
117994  -34.686  34.697  42.455 0.1000000015
86180  -35.822  34.917  41.899 0.1000000015
86182  -37.491  34.569  41.354 0.1000000015
85642  -37.899  34.126  41.651 0.1000000015
86779  -34.478  35.825  41.859 0.1000000015
86772  -34.990  35.143  42.111 0.1000000015
86781  -36.287  35.375  41.332 0.1000000015
86181  -36.677  34.678  41.640 0.1000000015
116769  -38.372  34.494  41.132 0.1000000015
86780  -35.393  35.743  41.509 0.1000000015
86793  -36.664  35.774  40.743 0.1000000015
86782  -37.061  35.131  41.043 0.1000000015
86200  -38.506  34.950  40.560 0.1000000015
86201  -39.238  34.692  40.604 0.1000000015
86795  -38.171  35.401  40.241 0.1000000015
86796  -38.936  35.262  40.093 0.1000000015
86797  -39.624  35.108  39.977 0.2000000030
105963  -40.304  34.776  40.287 0.3000000119
86212  -41.084  35.263  39.665 0.3000000119
107089  -42.117  37.296  41.191 0.2000000030
88240  -42.392  37.686  40.660 0.2000000030
88241  -43.286  37.681  40.630 0.2000000030
88871  -41.050  38.313  40.394 0.2000000030
88872  -41.845  38.197  40.212 0.2000000030
88873  -42.798  38.234  40.045 0.2000000030
87502  -32.844  36.594  41.357 0.1000000015
87503  -33.779  36.441  41.528 0.1000000015
87504  -34.674  36.449  41.287 0.1000000015
115490  -36.155  36.528  40.421 0.1000000015
87518  -37.014  36.206  40.181 0.1000000015
86811  -37.754  35.933  39.873 0.2000000030
86812  -38.540  35.748  39.642 0.2000000030
86813  -39.414  35.605  39.445 0.2000000030
86814  -40.190  35.332  39.558 0.3000000119
88217  -40.742  37.199  42.302 0.1000000015
88225  -40.739  37.702  41.460 0.1000000015
88238  -40.754  38.102  40.911 0.1000000015
88239  -41.472  37.726  40.884 0.1000000015
88881  -40.687  38.804  40.120 0.1000000015
88882  -41.296  38.730  39.830 0.2000000030
87501  -31.814  36.639  41.076 0.1000000015
87515  -32.743  36.969  40.592 0.1000000015
107809  -33.408  36.922  40.931 0.1000000015
115984  -30.984  36.602  40.753 0.1000000015
123411  -34.805  36.906  40.738 0.1000000015
87525  -35.936  37.230  39.768 0.1000000015
87527  -37.311  36.615  39.567 0.2000000030
87539  -38.431  36.831  38.557 0.2000000030
110422  -38.099  36.365  39.269 0.2000000030
87528  -38.884  36.134  39.023 0.2000000030
87554  -39.068  36.938  37.969 0.2000000030
87529  -39.608  36.065  38.788 0.2000000030
109366  -39.857  37.621  42.711 0.2000000030
89456  -40.675  39.415  39.655 0.2000000030
114532  -40.344  40.290  39.416 0.2000000030
90012  -41.092  40.068  39.080 0.2000000030
87514  -32.057  36.889  40.148 0.1000000015
88236  -33.590  37.281  40.196 0.1000000015
87516  -34.123  36.972  40.856 0.1000000015
88248  -32.665  36.919  39.030 0.2000000030
88249  -33.414  37.295  39.276 0.2000000030
88250  -34.260  37.520  39.486 0.2000000030
88237  -34.510  37.313  40.208 0.1000000015
88252  -36.654  37.329  39.194 0.1000000015
106189  -34.866  37.758  38.834 0.2000000030
104989  -35.709  37.735  39.048 0.2000000030
88257  -37.769  37.468  38.306 0.2000000030
88266  -38.313  37.507  37.815 0.2000000030
87555  -39.725  36.931  37.424 0.2000000030
88274  -39.509  37.446  36.658 0.2000000030
87568  -40.710  36.995  36.276 0.2000000030
88870  -40.421  38.610  40.646 0.1000000015
114146  -39.406  40.421  40.810 0.1000000015
89448  -40.174  39.209  40.295 0.2000000030
90006  -39.585  40.392  40.265 0.1000000015
116206  -39.084  41.268  40.396 0.1000000015
90550  -39.964  41.465  39.286 0.1000000015
88261  -33.724  36.816  37.857 0.2000000030
105291  -34.640  37.649  38.045 0.2000000030
105158  -35.514  38.015  38.183 0.2000000030
88264  -36.397  38.163  37.929 0.2000000030
88265  -37.351  38.075  37.654 0.2000000030
105155  -38.114  38.086  37.018 0.2000000030
105290  -39.305  37.840  35.853 0.2000000030
90546  -38.792  42.431  40.409 0.1000000015
90549  -39.252  41.933  39.723 0.1000000015
91076  -38.184  43.994  41.672 0.1000000015
91077  -38.585  43.652  41.115 0.1000000015
88263  -35.070  37.669  37.354 0.2000000030
105244  -35.562  37.795  36.701 0.2000000030
118305  -35.791  38.137  37.467 0.2000000030
88262  -34.271  36.914  37.376 0.2000000030
118598  -36.391  38.318  37.103 0.2000000030
105137  -37.156  38.346  36.642 0.2000000030
88279  -36.025  37.431  35.483 0.2000000030
88272  -37.827  38.314  36.070 0.2000000030
88294  -37.273  37.751  34.382 0.2000000030
88282  -39.179  38.145  35.017 0.2000000030
124045  -39.797  37.738  35.456 0.2000000030
87603  -36.738  36.544  34.151 0.2000000030
88315  -38.409  37.743  33.445 0.2000000030
106065  -40.100  38.122  34.058 0.2000000030
88316  -39.411  37.936  33.309 0.2000000030
88333  -40.688  37.733  32.580 0.2000000030
88334  -41.490  37.570  32.346 0.2000000030
90496  -37.533  41.550  45.336 0.1000000015
90520  -36.328  41.531  43.854 0.1000000015
123518  -35.721  41.656  45.437 0.1000000015
91571  -37.391  43.205  46.676 0.1000000015
92127  -37.287  44.228  46.930 0.1000000015
114480  -37.731  45.274  47.053 0.1000000015
108015  -38.176  46.247  46.933 0.1000000015
124357  -38.102  47.693  46.643 0.1000000015
90536  -38.048  42.190  42.265 0.1000000015
91060  -36.933  42.393  42.863 0.1000000015
90518  -34.828  41.676  44.235 0.1000000015
90495  -34.839  41.810  45.445 0.1000000015
116195  -36.310  44.382  46.712 0.1000000015
116112  -36.840  45.157  46.804 0.1000000015
92633  -37.267  46.079  46.730 0.1000000015
93141  -37.748  47.057  46.623 0.1000000015
93673  -38.457  48.213  46.780 0.1000000015
91066  -37.025  43.258  42.304 0.1000000015
91059  -35.367  42.462  42.799 0.1000000015
91054  -34.899  42.044  43.463 0.1000000015
91606  -37.385  43.759  41.857 0.1000000015
91065  -35.429  42.904  42.135 0.1000000015
91614  -37.956  44.100  41.634 0.1000000015
87620  -37.070  35.675  33.593 0.2000000030
87621  -37.763  36.634  33.004 0.1000000015
87636  -38.162  36.088  32.421 0.2000000030
88332  -39.686  37.494  32.364 0.2000000030
88345  -39.626  36.684  31.424 0.2000000030
88346  -40.511  37.368  31.769 0.2000000030
88347  -41.281  37.255  31.292 0.2000000030
88348  -42.142  37.261  31.827 0.2000000030
116996  -35.550  43.068  46.484 0.1000000015
91570  -36.452  43.394  46.631 0.1000000015
90505  -34.458  41.833  44.796 0.1000000015
91034  -34.434  42.401  45.851 0.1000000015
92125  -35.440  44.585  46.458 0.1000000015
92126  -36.116  45.121  46.592 0.1000000015
93140  -35.854  47.040  46.066 0.1000000015
93671  -36.446  47.870  46.163 0.1000000015
107423  -34.048  42.309  43.384 0.1000000015
91046  -33.596  42.320  44.750 0.1000000015
91582  -33.336  43.170  45.611 0.1000000015
91064  -34.431  42.865  41.833 0.1000000015
91058  -34.433  42.532  42.635 0.1000000015
86905  -37.152  34.171  33.425 0.1000000015
86916  -37.685  33.985  32.930 0.1000000015
87635  -37.624  35.222  32.955 0.1000000015
87648  -38.494  35.584  31.987 0.1000000015
87637  -38.821  36.582  31.925 0.1000000015
87650  -40.435  36.658  30.828 0.2000000030
87651  -41.245  36.582  30.428 0.2000000030
114647  -41.924  36.988  30.987 0.2000000030
91596  -32.227  43.325  43.891 0.1000000015
91045  -32.771  42.718  44.373 0.1000000015
91581  -32.750  43.362  45.158 0.1000000015
91604  -33.843  43.037  41.240 0.1000000015
91063  -33.548  42.779  42.086 0.1000000015
91057  -33.407  42.547  42.966 0.1000000015
86251  -36.552  33.478  33.629 0.1000000015
124737  -38.120  34.766  32.467 0.1000000015
87649  -39.071  35.585  31.530 0.1000000015
87663  -39.807  35.482  30.802 0.1000000015
87664  -40.663  35.601  30.134 0.1000000015
114561  -42.181  36.424  30.228 0.2000000030
92150  -31.682  44.481  43.286 0.1000000015
92145  -32.453  44.510  44.474 0.1000000015
91598  -31.705  43.832  43.237 0.1000000015
93164  -32.639  46.164  43.255 0.1000000015
91611  -33.233  43.245  40.560 0.1000000015
92154  -31.540  44.410  42.577 0.1000000015
92658  -31.959  45.652  42.770 0.1000000015
93168  -32.408  46.404  42.405 0.1000000015
93703  -34.051  47.588  42.739 0.1000000015
94756  -35.529  49.407  43.565 0.1000000015
123855  -33.562  43.347  39.896 0.1000000015
116586  -34.869  48.439  41.689 0.1000000015
94760  -36.381  49.594  42.336 0.1000000015
95223  -36.700  50.409  42.639 0.1000000015
122527  -36.914  51.943  43.608 0.1000000015
122757  -36.167  49.221  41.290 0.1000000015
94765  -36.716  49.421  41.613 0.1000000015
94761  -37.201  49.771  41.954 0.1000000015
87665  -41.395  35.872  29.841 0.1000000015
87675  -42.026  35.367  29.455 0.1000000015
96096  -36.622  52.294  46.071 0.1000000015
96088  -37.249  52.871  46.646 0.1000000015
96097  -37.244  52.930  45.659 0.1000000015
110655  -38.306  53.307  45.222 0.1000000015
96573  -39.169  53.282  44.550 0.1000000015
96572  -38.147  52.984  44.198 0.1000000015
96109  -37.297  52.804  44.703 0.1000000015
92662  -31.478  45.294  41.505 0.1000000015
93172  -32.158  46.590  41.571 0.1000000015
93701  -32.841  47.081  41.970 0.1000000015
96582  -38.898  52.959  43.776 0.1000000015
93708  -32.593  47.260  41.165 0.1000000015
94278  -35.056  48.692  40.882 0.1000000015
95224  -37.617  50.386  42.022 0.1000000015
95669  -38.222  51.151  42.102 0.1000000015
94289  -34.589  48.860  39.663 0.1000000015
94786  -36.010  49.354  39.658 0.1000000015
94766  -37.434  49.645  41.183 0.1000000015
116330  -38.206  50.032  40.840 0.1000000015
107565  -39.703  50.546  40.866 0.1000000015
94297  -33.049  48.481  38.458 0.1000000015
108859  -33.639  48.665  38.916 0.1000000015
94787  -36.964  49.665  39.519 0.1000000015
94788  -37.534  49.992  39.498 0.1000000015
126284  -38.521  50.670  39.667 0.1000000015
95689  -40.660  51.177  40.373 0.1000000015
124156  -40.237  34.855  30.395 0.1000000015
96537  -38.918  53.960  48.035 0.1000000015
96543  -38.940  53.837  46.981 0.1000000015
97005  -41.319  54.979  49.163 0.1000000015
107259  -42.042  54.913  48.606 0.1000000015
97012  -41.732  54.599  48.037 0.1000000015
96544  -39.923  54.052  46.735 0.1000000015
96556  -39.210  53.678  46.066 0.1000000015
97023  -40.961  54.300  47.072 0.1000000015
113728  -40.983  53.861  46.077 0.1000000015
124829  -39.573  53.538  45.337 0.1000000015
96114  -38.236  52.563  43.321 0.1000000015
96574  -40.666  53.473  44.951 0.1000000015
114012  -41.156  53.251  44.333 0.1000000015
96583  -39.933  53.124  43.963 0.1000000015
96115  -39.351  52.526  42.995 0.1000000015
116299  -39.280  51.540  42.096 0.1000000015
95684  -42.135  51.462  41.112 0.1000000015
95685  -42.990  51.724  40.976 0.1000000015
95672  -41.081  51.524  41.802 0.1000000015
96145  -43.558  52.347  40.851 0.1000000015
94785  -35.137  49.180  39.275 0.1000000015
94797  -35.675  49.497  38.899 0.1000000015
95690  -41.905  51.471  40.745 0.1000000015
96144  -42.491  51.878  40.592 0.1000000015
94308  -32.891  48.817  37.682 0.1000000015
94796  -34.828  49.567  38.537 0.1000000015
105880  -35.692  49.952  38.498 0.1000000015
95694  -37.445  51.247  39.050 0.1000000015
95252  -39.265  50.889  39.748 0.1000000015
107001  -41.453  51.550  40.478 0.1000000015
96616  -42.929  52.762  40.522 0.1000000015
96617  -44.014  53.017  40.798 0.1000000015
95704  -35.069  51.234  37.717 0.1000000015
86279  -39.371  32.992  31.229 0.1000000015
86942  -39.879  34.019  30.703 0.1000000015
85712  -39.523  32.523  30.513 0.1000000015
86295  -40.475  32.873  29.861 0.1000000015
86943  -40.554  33.949  30.041 0.1000000015
86944  -41.292  34.718  29.547 0.1000000015
85722  -41.365  32.844  28.626 0.1000000015
97013  -42.830  54.846  47.906 0.1000000015
97024  -42.516  54.486  46.977 0.1000000015
96557  -42.163  53.774  45.539 0.1000000015
96575  -42.345  53.592  45.001 0.1000000015
96584  -42.413  53.322  44.334 0.1000000015
118590  -40.943  52.767  43.435 0.1000000015
96132  -41.560  52.204  42.574 0.1000000015
95673  -42.025  51.698  41.756 0.1000000015
96138  -43.196  52.032  41.764 0.1000000015
96139  -43.969  52.419  41.568 0.1000000015
96116  -42.561  52.828  43.580 0.1000000015
96133  -42.883  52.333  42.684 0.1000000015
96134  -44.044  52.522  42.766 0.1000000015
96146  -44.396  52.915  41.224 0.1000000015
97108  -44.751  55.008  40.577 0.1000000015
95699  -35.853  51.279  38.270 0.1000000015
95693  -36.930  52.168  38.911 0.1000000015
96148  -37.727  52.102  39.333 0.1000000015
96142  -40.618  52.577  40.166 0.1000000015
96615  -41.491  53.239  40.343 0.1000000015
97107  -43.921  53.994  40.535 0.1000000015
116394  -44.186  55.185  40.298 0.1000000015
97104  -40.317  53.737  40.163 0.1000000015
97105  -41.084  54.410  40.195 0.1000000015
97106  -42.357  54.053  40.378 0.1000000015
85701  -38.906  32.524  31.187 0.1000000015
85711  -38.603  32.503  30.591 0.1000000015
85111  -39.084  32.375  30.571 0.1000000015
85713  -40.114  32.443  29.890 0.1000000015
86294  -40.044  32.909  30.420 0.1000000015
85112  -39.650  32.351  29.945 0.1000000015
86304  -39.458  33.020  29.315 0.1000000015
85121  -40.159  32.448  29.402 0.1000000015
85721  -40.640  32.586  29.302 0.1000000015
86314  -39.953  33.393  28.571 0.1000000015
85728  -40.105  32.585  28.914 0.1000000015
85729  -40.754  32.689  28.774 0.1000000015
86323  -40.333  33.695  28.062 0.1000000015
86315  -40.455  32.987  28.477 0.1000000015
85738  -41.541  32.822  28.189 0.1000000015
121691  -47.341  41.939  28.390 0.3000000119
90109  -46.654  40.736  27.686 0.4000000060
111802  -40.777  33.981  27.610 0.1000000015
86324  -40.923  33.041  28.059 0.1000000015
85730  -42.082  32.688  28.153 0.1000000015
91191  -48.088  42.352  28.885 0.3000000119
90647  -47.704  41.161  27.869 0.2000000030
91192  -48.998  42.220  29.147 0.3000000119
90648  -48.956  41.574  28.402 0.3000000119
90119  -47.847  40.237  27.360 0.3000000119
90649  -49.836  41.815  28.579 0.3000000119
90661  -49.124  40.702  27.702 0.3000000119
89565  -48.335  39.521  26.897 0.3000000119
117075  -47.241  39.597  27.076 0.2000000030
90662  -49.910  41.209  28.038 0.3000000119
90120  -49.217  39.975  27.233 0.3000000119
89575  -48.406  38.984  26.320 0.3000000119
115797  -43.576  35.341  25.780 0.2000000030
89566  -49.042  39.600  26.671 0.3000000119
87709  -44.867  35.848  24.584 0.2000000030
87721  -46.681  36.797  24.595 0.3000000119
97478  -42.612  55.471  48.267 0.1000000015
126175  -43.166  55.160  47.666 0.1000000015
97037  -42.893  54.181  46.072 0.1000000015
96558  -43.407  54.248  45.633 0.1000000015
96585  -43.622  53.859  44.981 0.1000000015
113491  -43.763  53.633  44.308 0.1000000015
96117  -43.886  52.995  43.599 0.1000000015
96602  -45.032  53.214  42.694 0.1000000015
96618  -44.628  53.730  40.993 0.1000000015
97096  -44.928  55.435  40.565 0.1000000015
97596  -44.743  55.831  40.078 0.1000000015
108194  -38.146  52.924  39.546 0.1000000015
97117  -39.355  54.191  39.838 0.1000000015
97594  -41.800  55.027  40.193 0.1000000015
97595  -43.005  55.040  40.221 0.1000000015
97615  -43.682  56.070  39.864 0.1000000015
93218  -38.574  46.844  30.765 0.2000000030
94849  -40.581  49.253  30.836 0.1000000015
123735  -38.193  32.880  30.600 0.1000000015
86293  -38.668  32.911  29.967 0.1000000015
115716  -41.865  47.493  29.711 0.1000000015
110005  -43.414  46.016  29.486 0.2000000030
117290  -43.845  45.523  29.485 0.2000000030
92246  -43.822  44.769  29.485 0.2000000030
114489  -44.870  43.746  29.381 0.4000000060
94377  -42.253  48.154  30.022 0.1000000015
93768  -42.582  47.409  29.653 0.1000000015
93231  -43.677  46.683  29.549 0.1000000015
92747  -44.648  45.405  29.519 0.2000000030
93770  -44.247  47.186  29.755 0.1000000015
114457  -44.345  46.262  29.566 0.2000000030
93232  -45.388  46.071  29.769 0.3000000119
92247  -44.840  44.580  29.463 0.4000000060
90637  -45.002  42.355  29.034 0.4000000060
90646  -45.197  41.585  28.729 0.4000000060
93221  -45.143  46.946  29.972 0.1000000015
92748  -45.669  45.201  29.643 0.3000000119
92248  -45.967  44.232  29.491 0.4000000060
91190  -46.189  42.321  28.701 0.3000000119
112635  -46.220  41.383  28.224 0.4000000060
113689  -39.821  34.275  28.215 0.1000000015
86969  -40.101  34.725  27.813 0.1000000015
92736  -46.370  45.848  30.090 0.3000000119
92749  -46.813  45.033  29.918 0.3000000119
91719  -46.712  43.639  29.367 0.4000000060
116746  -46.972  46.436  30.481 0.2000000030
92737  -47.445  45.741  30.406 0.3000000119
105172  -47.270  44.239  29.697 0.3000000119
126180  -47.128  42.457  28.704 0.3000000119
93223  -47.954  46.594  30.695 0.3000000119
91720  -48.388  43.993  29.754 0.3000000119
92251  -49.418  44.300  29.594 0.3000000119
87708  -44.000  36.028  25.197 0.2000000030
90121  -49.637  39.985  27.062 0.3000000119
88398  -45.729  36.866  24.158 0.2000000030
88987  -48.071  38.397  25.280 0.3000000119
88978  -48.332  38.320  25.851 0.3000000119
88410  -47.565  38.126  24.775 0.3000000119
88386  -47.892  37.747  25.291 0.3000000119
98094  -44.537  57.153  39.852 0.1000000015
96623  -37.893  54.042  39.303 0.1000000015
97116  -38.618  54.442  39.479 0.1000000015
97613  -40.883  55.500  39.856 0.1000000015
97614  -42.078  56.033  39.806 0.1000000015
118107  -42.862  56.847  39.582 0.1000000015
98093  -43.870  57.115  39.607 0.1000000015
97123  -37.597  54.735  38.619 0.1000000015
97611  -39.068  55.241  39.369 0.1000000015
97612  -39.913  55.912  39.389 0.1000000015
98091  -40.827  56.681  39.384 0.1000000015
98092  -41.917  57.075  39.417 0.1000000015
112629  -42.829  57.932  39.391 0.1000000015
96172  -36.612  52.393  33.838 0.1000000015
95726  -37.201  50.998  32.977 0.1000000015
115847  -37.469  50.393  32.565 0.1000000015
95727  -38.108  50.944  32.791 0.1000000015
94835  -37.713  49.120  31.784 0.1000000015
93742  -38.325  47.739  30.997 0.2000000030
93219  -39.664  46.951  30.370 0.2000000030
92243  -41.303  45.072  29.724 0.3000000119
92244  -41.941  44.766  29.576 0.3000000119
95282  -41.164  50.809  32.479 0.1000000015
94360  -40.849  48.623  30.502 0.1000000015
93767  -41.201  47.210  29.759 0.2000000030
92744  -41.749  45.657  29.560 0.2000000030
94838  -40.853  49.861  31.359 0.1000000015
94850  -41.329  49.461  30.895 0.1000000015
94376  -41.394  48.011  30.067 0.2000000030
93229  -41.992  46.674  29.536 0.1000000015
92745  -42.617  45.897  29.495 0.2000000030
92746  -43.150  45.300  29.489 0.2000000030
94361  -41.810  48.838  30.505 0.1000000015
93769  -43.413  47.334  29.672 0.1000000015
113775  -44.719  42.996  29.323 0.4000000060
94851  -42.266  49.701  31.124 0.1000000015
94362  -42.856  49.027  30.607 0.1000000015
93751  -43.956  47.991  30.101 0.1000000015
93752  -44.865  47.843  30.357 0.1000000015
93753  -45.879  47.630  30.550 0.1000000015
93222  -46.103  46.692  30.316 0.2000000030
86970  -40.713  35.348  27.499 0.1000000015
92738  -48.472  45.837  30.513 0.3000000119
87696  -42.623  36.337  26.478 0.1000000015
92739  -49.083  45.989  30.407 0.3000000119
92250  -49.063  44.501  29.994 0.3000000119
92241  -49.342  44.944  29.999 0.3000000119
91179  -49.941  42.624  28.881 0.3000000119
91204  -50.200  42.474  28.239 0.3000000119
120363  -43.791  36.871  25.459 0.2000000030
90130  -49.120  39.659  26.435 0.3000000119
88397  -45.037  36.674  24.183 0.2000000030
89586  -48.107  39.018  25.182 0.3000000119
98063  -44.960  56.566  40.497 0.1000000015
98062  -44.651  56.571  41.095 0.1000000015
98520  -44.384  57.703  40.424 0.1000000015
98540  -44.371  57.890  39.909 0.1000000015
98965  -43.667  58.630  39.728 0.1000000015
97622  -37.880  55.525  38.319 0.1000000015
97623  -38.523  55.855  38.662 0.1000000015
98537  -39.820  56.961  38.821 0.1000000015
98538  -41.350  57.876  38.991 0.1000000015
116056  -43.200  58.837  39.279 0.1000000015
97633  -37.279  55.167  37.063 0.1000000015
97634  -37.853  55.852  37.435 0.1000000015
98107  -38.922  56.777  38.218 0.1000000015
117019  -40.475  57.882  38.454 0.1000000015
98560  -42.279  59.117  38.775 0.1000000015
96166  -37.196  53.095  34.101 0.1000000015
111111  -37.310  53.805  34.554 0.1000000015
96173  -37.493  52.304  33.620 0.1000000015
96174  -38.568  52.166  33.534 0.1000000015
95720  -38.945  51.486  33.126 0.1000000015
95280  -38.303  50.305  32.301 0.1000000015
94836  -38.463  49.580  31.744 0.1000000015
94357  -38.943  48.323  30.893 0.2000000030
92743  -40.858  45.631  29.813 0.2000000030
95728  -39.118  50.842  32.631 0.1000000015
95281  -39.219  50.243  32.087 0.1000000015
94351  -39.034  49.083  31.228 0.1000000015
93749  -39.707  48.053  30.566 0.2000000030
93766  -40.526  46.911  29.943 0.2000000030
95722  -41.608  51.748  33.646 0.1000000015
111972  -40.107  50.742  32.474 0.1000000015
95287  -40.243  50.242  31.834 0.1000000015
94837  -39.911  49.411  31.134 0.1000000015
93750  -40.505  47.710  30.236 0.2000000030
93228  -41.094  46.392  29.690 0.2000000030
91174  -44.108  42.413  29.406 0.4000000060
95730  -41.936  51.237  33.075 0.1000000015
95288  -41.448  50.501  32.040 0.1000000015
95723  -42.908  51.739  33.603 0.1000000015
95283  -42.274  50.963  32.692 0.1000000015
94839  -41.814  50.154  31.597 0.1000000015
95289  -42.411  50.726  32.267 0.1000000015
94840  -42.719  50.493  31.843 0.1000000015
94852  -43.863  49.510  31.046 0.1000000015
94363  -44.568  48.845  30.705 0.1000000015
113356  -43.227  50.028  31.433 0.1000000015
108063  -45.566  48.575  30.851 0.1000000015
94853  -44.769  49.756  31.455 0.1000000015
114816  -45.328  49.306  31.262 0.1000000015
93754  -47.142  47.392  30.812 0.2000000030
125758  -40.386  36.394  27.593 0.1000000015
87688  -41.123  36.452  27.383 0.1000000015
94365  -46.612  48.405  31.176 0.1000000015
93743  -47.773  48.379  31.471 0.1000000015
93755  -48.415  47.518  31.107 0.3000000119
87689  -41.967  36.611  26.971 0.1000000015
88376  -42.668  37.171  26.512 0.1000000015
93224  -48.811  46.691  30.641 0.3000000119
93225  -49.235  46.600  30.354 0.3000000119
92751  -49.383  45.011  29.719 0.3000000119
87697  -43.285  36.444  25.967 0.2000000030
93226  -49.404  46.514  30.042 0.3000000119
91731  -49.752  43.258  28.828 0.3000000119
88384  -43.371  37.481  25.979 0.2000000030
88396  -44.357  36.756  24.853 0.2000000030
91216  -49.535  41.814  27.371 0.3000000119
113548  -44.623  37.479  24.561 0.1000000015
88407  -45.157  37.424  23.999 0.2000000030
88408  -45.999  37.594  24.004 0.2000000030
89599  -47.476  38.738  24.642 0.3000000119
88997  -45.664  38.332  23.699 0.1000000015
89598  -46.716  39.205  24.064 0.3000000119
116763  -47.483  39.350  24.623 0.3000000119
98947  -43.175  59.096  40.612 0.1000000015
99355  -43.124  59.354  39.498 0.1000000015
98964  -42.865  59.538  38.938 0.1000000015
97141  -36.625  54.350  35.914 0.1000000015
97138  -37.263  55.035  36.241 0.1000000015
98116  -38.619  56.692  37.354 0.1000000015
98558  -39.743  57.648  37.973 0.1000000015
98981  -41.862  59.621  37.724 0.1000000015
97146  -36.929  54.169  35.119 0.1000000015
97143  -38.360  55.085  35.136 0.1000000015
97643  -38.493  56.148  36.128 0.1000000015
96648  -38.325  53.545  34.300 0.1000000015
97148  -38.964  54.399  34.656 0.1000000015
96656  -39.278  52.744  33.977 0.1000000015
96649  -39.806  53.501  34.405 0.1000000015
96175  -41.031  52.511  34.167 0.1000000015
96167  -42.244  52.735  34.366 0.1000000015
96176  -42.629  52.108  34.150 0.1000000015
95731  -42.878  51.430  32.973 0.1000000015
95284  -42.852  51.202  32.458 0.1000000015
95290  -43.174  51.052  32.347 0.1000000015
109563  -43.612  50.823  31.976 0.1000000015
94841  -44.190  50.325  31.673 0.1000000015
94842  -45.094  50.393  31.815 0.1000000015
94843  -46.528  49.905  31.866 0.1000000015
94352  -47.116  49.244  31.680 0.2000000030
88375  -41.419  37.263  27.317 0.1000000015
94353  -47.916  49.174  31.725 0.2000000030
94845  -48.216  49.993  31.832 0.2000000030
93744  -48.639  48.427  31.370 0.2000000030
88967  -42.037  37.694  27.050 0.1000000015
93745  -49.027  48.515  31.161 0.2000000030
93773  -49.203  47.311  30.331 0.3000000119
92757  -49.261  45.214  29.351 0.3000000119
88975  -42.767  38.298  26.576 0.1000000015
88976  -43.631  38.418  25.844 0.1000000015
116406  -44.043  37.591  25.314 0.1000000015
93233  -49.137  46.970  29.739 0.3000000119
91730  -49.507  43.918  28.694 0.3000000119
123271  -49.812  42.356  27.915 0.3000000119
88985  -44.396  38.436  24.932 0.1000000015
88986  -44.853  38.016  24.207 0.1000000015
91756  -48.979  42.819  27.453 0.3000000119
90145  -47.965  39.692  25.133 0.3000000119
89611  -45.849  38.945  23.465 0.3000000119
90159  -47.051  39.980  24.232 0.3000000119
99341  -43.394  59.170  40.043 0.1000000015
99738  -42.334  60.809  38.950 0.1000000015
98557  -39.262  57.317  37.548 0.1000000015
98570  -40.041  58.083  37.138 0.1000000015
98559  -41.261  58.722  38.315 0.1000000015
98982  -42.524  60.082  38.282 0.1000000015
98128  -39.526  56.779  35.734 0.1000000015
98576  -39.469  57.448  36.832 0.1000000015
98980  -40.871  58.716  37.535 0.1000000015
99367  -42.254  60.239  37.310 0.1000000015
97657  -39.523  55.316  34.943 0.1000000015
96650  -41.256  53.512  34.497 0.1000000015
96652  -43.184  53.778  34.203 0.1000000015
96169  -43.317  52.983  34.095 0.1000000015
97156  -43.244  54.421  33.838 0.1000000015
96663  -43.265  52.480  33.729 0.1000000015
96657  -42.779  53.494  33.538 0.1000000015
96662  -42.643  52.508  33.095 0.1000000015
112822  -42.631  51.910  32.564 0.1000000015
95735  -42.960  51.345  32.318 0.1000000015
95736  -43.284  51.123  32.361 0.1000000015
95737  -43.946  51.063  32.102 0.1000000015
95291  -44.539  50.826  31.899 0.1000000015
111034  -45.993  50.387  31.901 0.1000000015
121911  -46.796  50.360  31.920 0.1000000015
94844  -47.444  49.963  31.968 0.1000000015
94846  -48.610  49.673  31.429 0.2000000030
94381  -48.898  48.688  30.595 0.2000000030
93772  -48.905  47.936  30.041 0.2000000030
93244  -48.500  46.463  29.250 0.2000000030
92263  -49.057  44.106  28.343 0.3000000119
91740  -48.484  43.779  27.748 0.3000000119
89597  -45.226  38.800  23.469 0.1000000015
90688  -48.505  40.862  25.839 0.3000000119
90701  -46.949  40.873  23.947 0.2000000030
90702  -47.731  40.509  25.038 0.3000000119
99340  -42.722  59.794  40.191 0.1000000015
99354  -42.705  60.064  39.235 0.1000000015
99382  -42.076  60.525  36.834 0.1000000015
99383  -42.301  60.788  37.837 0.1000000015
98122  -39.994  57.634  35.998 0.1000000015
98577  -40.505  58.316  36.243 0.1000000015
98994  -41.182  59.064  36.359 0.1000000015
97653  -40.207  56.390  35.122 0.1000000015
98129  -41.059  57.647  35.075 0.1000000015
97149  -40.383  54.562  34.665 0.1000000015
97658  -40.805  55.698  34.780 0.1000000015
114223  -42.132  55.732  34.536 0.1000000015
97659  -42.594  56.765  34.271 0.1000000015
97660  -43.217  55.957  34.179 0.1000000015
97661  -43.473  55.554  34.034 0.1000000015
97671  -43.296  55.680  33.846 0.1000000015
97155  -42.395  54.925  33.418 0.1000000015
96183  -42.482  51.666  32.003 0.1000000015
95738  -45.077  51.183  31.615 0.1000000015
95293  -46.498  50.792  31.843 0.1000000015
95294  -47.451  50.605  31.829 0.1000000015
94855  -48.657  49.893  30.988 0.2000000030
94380  -48.287  48.920  30.101 0.2000000030
92262  -48.221  44.724  28.194 0.2000000030
91215  -48.373  42.357  26.527 0.3000000119
110871  -48.201  41.739  25.870 0.3000000119
91248  -47.550  41.471  25.041 0.3000000119
99353  -41.301  60.770  40.367 0.1000000015
99710  -42.144  60.599  39.964 0.1000000015
99737  -41.815  61.507  38.815 0.1000000015
98587  -41.016  58.405  35.433 0.1000000015
98995  -41.900  59.888  36.524 0.1000000015
99012  -41.305  59.097  35.421 0.1000000015
98138  -41.646  56.797  34.663 0.1000000015
98588  -41.399  58.557  34.786 0.1000000015
119526  -41.344  58.758  34.928 0.1000000015
98130  -42.103  57.678  34.311 0.1000000015
98139  -42.896  56.967  33.965 0.1000000015
118321  -43.067  56.649  33.893 0.1000000015
98620  -41.273  57.861  33.881 0.1000000015
98156  -41.778  57.291  33.618 0.1000000015
97161  -41.196  53.675  32.801 0.1000000015
97669  -41.066  55.333  33.108 0.1000000015
113980  -40.901  56.436  33.265 0.1000000015
96661  -41.121  52.696  32.084 0.1000000015
93243  -46.982  46.592  28.666 0.2000000030
93261  -46.741  45.806  28.243 0.2000000030
93771  -47.882  48.053  29.524 0.2000000030
92769  -47.751  46.140  28.707 0.2000000030
92261  -47.056  45.039  27.753 0.2000000030
91754  -47.075  43.879  26.305 0.2000000030
91755  -47.877  43.370  26.930 0.3000000119
91231  -47.448  42.558  25.241 0.2000000030
91772  -47.487  43.155  26.032 0.3000000119
99723  -41.601  61.292  39.754 0.1000000015
99396  -41.817  60.012  36.005 0.1000000015
105885  -41.526  59.558  35.778 0.1000000015
93260  -45.698  45.948  27.822 0.2000000030
92768  -46.078  45.342  27.429 0.2000000030
92274  -46.413  44.609  26.755 0.2000000030
91771  -47.083  43.577  25.175 0.1000000015
91247  -47.074  42.030  23.998 0.1000000015
91265  -46.728  42.206  22.986 0.1000000015
92767  -45.301  45.633  27.148 0.1000000015
92273  -45.548  45.184  26.575 0.1000000015
121400  -45.822  44.690  25.946 0.1000000015
92281  -46.468  44.196  25.575 0.1000000015
119328  -47.097  43.208  23.911 0.1000000015
92289  -46.688  44.076  24.382 0.1000000015
93272  -44.206  46.459  26.701 0.1000000015
93286  -43.770  46.993  26.179 0.1000000015
86183  -39.858  34.244  41.071 0.1000000015
86829  -40.054  35.745  39.065 0.2000000030
124600  -41.863  37.463  32.968 0.2000000030
125462  -39.157  36.460  38.508 0.2000000030
87567  -40.181  37.026  36.827 0.2000000030
120680  -39.719  46.085  30.356 0.3000000119
91613  -37.017  43.768  41.138 0.1000000015
120798  -35.882  43.380  40.864 0.1000000015
88242  -44.189  37.684  40.660 0.2000000030
91602  -32.078  43.381  42.094 0.1000000015
91603  -32.805  43.120  41.479 0.1000000015
113858  -31.639  46.668  37.837 0.1000000015
94350  -38.221  48.612  31.388 0.2000000030
93167  -31.741  45.898  41.966 0.1000000015
93718  -31.930  47.410  37.921 0.1000000015
93716  -32.443  47.728  38.710 0.1000000015
93719  -32.450  48.100  37.873 0.1000000015
94804  -32.586  49.156  36.857 0.1000000015
94277  -34.301  48.371  41.096 0.1000000015
93706  -34.064  47.974  41.866 0.1000000015
94287  -33.116  48.249  39.229 0.1000000015
94299  -34.337  48.941  39.022 0.1000000015
119634  -34.094  49.965  37.763 0.1000000015
94805  -33.269  49.567  37.363 0.1000000015
95718  -36.773  51.670  33.441 0.1000000015
94774  -35.777  49.137  40.662 0.1000000015
94282  -35.175  48.988  40.067 0.1000000015
96153  -37.280  53.173  39.044 0.1000000015
97131  -37.386  55.100  37.888 0.1000000015
90010  -39.713  40.823  39.720 0.1000000015
85614  -36.210  32.941  43.083 0.1000000015
86166  -34.211  34.551  42.665 0.1000000015
88228  -43.738  37.219  41.221 0.2000000030
86165  -33.494  34.757  42.725 0.1000000015
86199  -37.821  34.977  40.767 0.1000000015
86792  -36.003  35.988  41.018 0.1000000015
87505  -35.399  36.467  40.902 0.1000000015
86794  -37.418  35.545  40.469 0.1000000015
87517  -35.307  37.085  40.298 0.1000000015
87526  -36.635  36.796  39.852 0.1000000015
88861  -40.210  38.350  41.266 0.1000000015
120928  -31.410  36.703  40.312 0.1000000015
87538  -37.568  37.055  38.907 0.2000000030
89455  -39.959  39.913  39.937 0.1000000015
118267  -32.759  37.178  39.825 0.2000000030
87537  -33.210  36.871  38.427 0.2000000030
108919  -34.041  37.398  38.559 0.2000000030
88251  -35.081  37.566  39.630 0.2000000030
88256  -37.018  37.730  38.452 0.2000000030
88255  -36.259  37.886  38.577 0.2000000030
88267  -38.943  37.495  37.236 0.2000000030
88273  -38.737  37.954  36.395 0.2000000030
125082  -34.186  37.259  37.970 0.2000000030
88281  -38.410  38.270  35.388 0.2000000030
90545  -38.445  42.182  41.028 0.1000000015
91068  -38.145  43.120  41.935 0.1000000015
91067  -37.828  43.733  42.006 0.1000000015
87566  -34.738  36.737  36.478 0.2000000030
88271  -36.150  38.026  36.170 0.2000000030
104853  -36.767  38.145  35.634 0.2000000030
88293  -36.444  37.245  34.834 0.2000000030
88898  -37.828  38.268  34.772 0.2000000030
88314  -37.472  37.210  33.704 0.2000000030
88295  -38.236  38.204  34.333 0.2000000030
108204  -39.225  38.180  34.158 0.2000000030
88331  -38.631  37.233  32.650 0.2000000030
88317  -40.384  37.974  33.251 0.2000000030
90485  -37.163  41.881  46.014 0.1000000015
90486  -38.003  41.851  45.922 0.1000000015
109230  -36.659  41.566  45.389 0.1000000015
90507  -36.210  41.434  44.560 0.1000000015
90519  -35.547  41.553  44.009 0.1000000015
91055  -36.007  42.025  43.297 0.1000000015
90483  -35.334  42.231  46.102 0.1000000015
90506  -35.216  41.512  44.773 0.1000000015
90484  -36.286  41.989  46.036 0.1000000015
91016  -36.081  42.607  46.369 0.1000000015
92128  -38.277  44.543  47.152 0.1000000015
92632  -36.407  45.864  46.540 0.1000000015
93142  -38.649  47.307  46.714 0.1000000015
93143  -39.575  47.229  46.843 0.1000000015
93672  -37.495  48.061  46.497 0.1000000015
91061  -37.615  42.844  42.334 0.1000000015
113322  -36.154  42.719  42.589 0.1000000015
91047  -34.164  42.047  44.084 0.1000000015
91033  -33.713  42.615  45.486 0.1000000015
91569  -35.055  43.671  46.461 0.1000000015
111896  -35.930  46.340  46.312 0.1000000015
115726  -36.742  46.905  46.369 0.1000000015
125332  -36.280  43.112  42.205 0.1000000015
91605  -36.319  43.390  41.712 0.1000000015
91568  -34.389  43.503  46.301 0.1000000015
122958  -36.762  48.875  46.352 0.1000000015
91053  -33.360  42.400  43.861 0.1000000015
91032  -32.952  42.792  45.104 0.1000000015
91599  -31.998  43.237  42.973 0.1000000015
92654  -32.197  45.161  43.667 0.1000000015
92657  -31.555  45.182  42.290 0.1000000015
111830  -33.498  47.462  42.202 0.1000000015
94272  -34.728  48.166  42.529 0.1000000015
94268  -34.609  47.863  43.370 0.1000000015
94753  -35.579  49.631  44.477 0.1000000015
94759  -35.695  49.224  42.715 0.1000000015
94757  -35.907  49.967  43.087 0.1000000015
95218  -35.682  50.096  43.821 0.1000000015
94764  -36.037  49.107  41.978 0.1000000015
94273  -35.380  48.686  42.270 0.1000000015
120707  -37.331  51.078  42.534 0.1000000015
95659  -36.765  51.340  43.170 0.1000000015
95219  -36.057  50.781  43.596 0.1000000015
96112  -36.730  52.196  44.314 0.1000000015
96113  -37.414  52.468  43.814 0.1000000015
96129  -37.555  51.919  42.925 0.1000000015
94775  -36.705  49.419  40.597 0.1000000015
126121  -37.798  49.970  41.517 0.1000000015
96542  -37.994  53.479  47.293 0.1000000015
96555  -38.072  53.411  46.272 0.1000000015
95225  -38.345  50.339  41.471 0.1000000015
96130  -38.451  52.058  42.600 0.1000000015
95670  -39.159  50.654  41.461 0.1000000015
94776  -37.525  49.801  40.267 0.1000000015
95234  -38.928  50.296  40.994 0.1000000015
95245  -39.002  50.448  40.314 0.1000000015
95246  -39.923  50.791  40.267 0.1000000015
95671  -40.261  50.990  41.444 0.1000000015
95235  -40.661  50.922  40.773 0.1000000015
94298  -33.735  49.161  38.276 0.1000000015
94798  -36.401  49.713  38.905 0.1000000015
95250  -37.155  49.983  38.934 0.1000000015
95251  -37.762  50.521  39.301 0.1000000015
95696  -39.993  51.218  39.922 0.1000000015
96998  -40.342  54.919  49.640 0.1000000015
96131  -40.356  51.962  42.343 0.1000000015
96143  -41.682  52.225  40.361 0.1000000015
95255  -35.584  50.589  38.245 0.1000000015
95257  -37.135  50.578  38.849 0.1000000015
95700  -36.637  51.297  38.673 0.1000000015
95695  -38.407  51.147  39.400 0.1000000015
107903  -39.237  51.494  39.657 0.1000000015
95697  -40.726  51.657  40.169 0.1000000015
96149  -39.012  52.503  39.745 0.1000000015
96625  -39.620  53.096  39.976 0.1000000015
91177  -48.545  43.044  29.383 0.3000000119
92249  -48.150  44.905  30.229 0.3000000119
111648  -49.624  40.550  27.350 0.3000000119
88409  -47.152  37.560  24.654 0.3000000119
97050  -43.374  54.242  45.234 0.1000000015
96624  -38.734  53.567  39.708 0.1000000015
97118  -40.045  54.857  39.873 0.1000000015
93748  -39.031  47.580  30.695 0.2000000030
91175  -45.764  43.185  29.185 0.4000000060
90673  -49.740  40.809  27.406 0.3000000119
90689  -49.384  40.302  26.558 0.3000000119
88998  -46.576  38.357  24.193 0.3000000119
89587  -48.667  39.298  25.770 0.3000000119
97124  -38.197  55.003  39.048 0.1000000015
97624  -39.159  56.197  38.918 0.1000000015
124078  -40.287  48.277  30.484 0.2000000030
90146  -48.735  39.985  25.793 0.3000000119
97635  -38.257  56.206  38.026 0.1000000015
97642  -37.806  55.676  36.549 0.1000000015
96655  -38.140  52.801  33.843 0.1000000015
97147  -37.826  54.372  34.784 0.1000000015
95721  -39.939  52.023  33.545 0.1000000015
94358  -39.508  48.744  30.836 0.2000000030
95729  -40.335  51.338  33.017 0.1000000015
120288  -39.340  49.720  31.595 0.1000000015
96180  -43.202  51.925  33.426 0.1000000015
90672  -49.146  41.274  26.567 0.3000000119
91741  -49.466  43.234  28.223 0.3000000119
97142  -37.433  54.788  35.489 0.1000000015
97651  -37.965  55.471  35.810 0.1000000015
97652  -38.913  55.866  35.480 0.1000000015
97151  -42.835  54.742  34.410 0.1000000015
95295  -48.038  50.646  31.577 0.1000000015
93245  -49.138  46.081  29.545 0.3000000119
93792  -48.323  47.249  29.451 0.2000000030
94869  -47.496  49.631  29.843 0.2000000030
123522  -47.689  45.487  28.353 0.2000000030
99408  -41.438  59.540  35.650 0.1000000015
119692  -41.617  58.235  34.452 0.1000000015
98155  -40.434  57.128  33.477 0.1000000015
116817  -44.810  46.203  27.340 0.1000000015
82418  -40.478  27.778  42.945 0.1000000015
87481  -43.083  36.381  43.927 0.1000000015
123355  -40.411  37.056  43.092 0.1000000015
87492  -41.206  36.661  43.125 0.1000000015
87482  -43.868  36.401  43.799 0.1000000015
87495  -43.699  36.563  42.506 0.1000000015
87484  -45.483  36.487  43.214 0.1000000015
88229  -44.633  37.255  41.281 0.1000000015
88853  -39.560  38.478  42.466 0.1000000015
88226  -41.531  37.196  41.630 0.1000000015
87508  -44.178  36.807  41.870 0.1000000015
87507  -43.271  36.829  41.810 0.1000000015
109469  -42.304  36.498  43.313 0.1000000015
108948  -43.293  36.453  43.185 0.1000000015
87493  -41.801  36.740  42.393 0.1000000015
110108  -43.011  21.971  46.779 0.1000000015
120929  -43.457  22.402  46.648 0.1000000015
79134  -42.105  21.825  46.562 0.1000000015
79135  -43.761  22.204  47.271 0.1000000015
124477  -42.472  22.375  46.155 0.1000000015
79136  -44.336  22.819  47.051 0.1000000015
79142  -41.612  22.422  45.756 0.1000000015
79813  -43.818  22.780  46.513 0.1000000015
107036  -40.794  22.623  44.961 0.1000000015
79163  -40.143  22.901  43.377 0.1000000015
79144  -43.161  22.736  46.111 0.1000000015
79151  -41.647  22.977  44.895 0.1000000015
79814  -44.369  23.259  46.236 0.1000000015
79823  -40.931  23.157  44.103 0.1000000015
79143  -42.407  22.884  45.507 0.1000000015
123383  -41.759  23.374  44.279 0.1000000015
79152  -42.407  23.300  44.711 0.1000000015
79817  -43.145  23.254  45.245 0.1000000015
79834  -41.585  23.578  43.646 0.1000000015
108369  -43.934  23.500  44.849 0.1000000015
79171  -40.301  23.002  42.528 0.1000000015
79833  -40.867  23.414  43.171 0.1000000015
115245  -41.564  23.824  42.915 0.1000000015
79824  -42.344  23.612  43.960 0.1000000015
79835  -44.023  23.908  43.893 0.1000000015
79842  -40.980  23.537  42.337 0.1000000015
79826  -44.749  23.633  44.489 0.1000000015
80465  -45.490  23.825  44.181 0.1000000015
79851  -41.182  23.619  41.659 0.1000000015
110159  -46.188  24.069  43.894 0.1000000015
79182  -41.154  23.288  40.920 0.1000000015
79852  -41.713  24.007  41.298 0.1000000015
80488  -42.436  24.345  41.890 0.1000000015
80500  -43.403  24.502  41.673 0.1000000015
80513  -43.574  24.546  40.785 0.1000000015
108316  -45.106  24.649  40.983 0.1000000015
116543  -46.036  24.450  41.926 0.1000000015
80493  -46.707  24.462  42.315 0.1000000015
126082  -47.932  24.777  42.850 0.1000000015
80503  -45.854  24.602  41.269 0.1000000015
80504  -46.544  24.636  41.487 0.1000000015
125258  -42.155  23.856  43.348 0.1000000015
79825  -43.160  23.565  44.336 0.1000000015
80475  -43.012  23.949  43.426 0.1000000015
79844  -42.306  24.152  42.731 0.1000000015
79843  -41.640  24.048  42.150 0.1000000015
80476  -43.797  24.205  43.133 0.1000000015
80477  -44.938  23.869  43.652 0.1000000015
80489  -43.203  24.316  42.561 0.1000000015
107838  -44.446  24.126  43.205 0.1000000015
80478  -45.665  24.019  43.374 0.1000000015
80466  -46.760  24.299  44.364 0.1000000015
80491  -45.092  24.148  42.862 0.1000000015
80492  -45.863  24.240  42.590 0.1000000015
118468  -46.799  24.298  43.672 0.1000000015
80501  -44.335  24.578  41.404 0.1000000015
80467  -47.467  24.566  43.935 0.1000000015
79820  -45.308  23.643  45.042 0.1000000015
107581  -46.033  24.003  44.724 0.1000000015
119647  -47.663  24.761  42.352 0.1000000015
80479  -46.410  24.204  43.141 0.1000000015
80502  -45.234  24.464  41.939 0.1000000015
80480  -47.288  24.514  43.092 0.1000000015
80505  -47.322  24.805  41.629 0.1000000015
80490  -44.240  24.385  42.419 0.1000000015
105419  -32.009  36.503  38.866 0.1000000015
87565  -33.851  35.781  36.638 0.1000000015
88278  -35.433  37.146  35.890 0.1000000015
95750  -47.702  51.117  31.006 0.1000000015
94870  -48.165  50.009  30.454 0.1000000015
93790  -46.161  47.148  28.632 0.1000000015
95313  -47.707  50.887  30.449 0.1000000015
117652  -47.531  50.473  30.055 0.1000000015
94379  -47.356  48.760  29.591 0.1000000015
106226  -45.669  47.837  28.769 0.1000000015
118390  -46.165  46.376  28.344 0.1000000015
93242  -45.353  46.575  28.113 0.1000000015
95312  -47.215  51.197  29.877 0.1000000015
95311  -46.506  51.167  29.476 0.1000000015
114458  -46.899  50.327  29.723 0.1000000015
94396  -45.734  48.466  29.096 0.1000000015
94395  -44.831  48.291  28.568 0.1000000015
125585  -45.064  49.887  29.103 0.1000000015
94881  -44.427  49.280  28.667 0.1000000015
111698  -44.488  50.293  28.719 0.1000000015
94397  -46.583  48.046  29.267 0.1000000015
93791  -47.257  47.275  29.159 0.1000000015
94868  -46.428  49.168  29.477 0.1000000015
94867  -45.902  50.054  29.427 0.1000000015
94882  -45.341  49.162  29.133 0.1000000015
79777  -46.000  23.754  50.825 0.1000000015
81073  -46.707  24.506  50.981 0.1000000015
81770  -42.912  26.914  47.939 0.2000000030
81793  -51.833  27.351  42.972 0.2000000030
83437  -52.074  30.385  52.098 0.8000000119
83449  -50.881  28.679  52.328 0.6999999881
83450  -52.305  29.134  52.000 0.6999999881
83458  -52.353  28.863  51.189 0.6999999881
83920  -51.658  30.057  52.290 0.6999999881
83921  -52.275  30.755  51.577 0.8000000119
83933  -50.947  30.097  52.153 0.8000000119
84425  -52.045  31.070  51.732 0.8000000119
84435  -52.303  31.634  51.217 0.8999999762
84463  -52.387  31.299  49.691 0.6999999881
84969  -51.592  32.693  50.820 0.8000000119
84970  -52.078  32.803  50.662 0.8000000119
84971  -52.343  32.380  50.591 0.8999999762
85003  -52.548  32.761  48.988 0.8999999762
85104  -38.448  32.514  31.165 0.1000000015
85113  -49.723  31.822  29.977 0.6999999881
85544  -52.156  33.552  49.672 0.8999999762
85545  -52.516  33.186  49.332 0.8999999762
85683  -50.926  32.699  32.640 0.6999999881
85693  -50.845  32.665  31.903 0.6999999881
85719  -39.221  32.355  29.988 0.1000000015
85720  -39.778  32.407  29.539 0.1000000015
85754  -45.971  32.211  25.849 0.3000000119
86098  -50.912  34.149  49.059 0.6999999881
86259  -51.456  33.869  33.467 0.8000000119
86271  -51.237  33.440  32.445 0.8000000119
86300  -50.044  32.000  30.128 0.6999999881
86806  -52.378  35.677  40.768 1.0000000000
86818  -47.491  35.948  39.773 0.6999999881
86894  -51.541  34.865  34.368 1.0000000000
86910  -51.437  34.974  33.162 0.8999999762
86923  -51.267  34.231  32.578 0.8000000119
86971  -41.328  34.472  27.348 0.2000000030
86987  -46.278  34.061  25.104 0.4000000060
87454  -51.760  36.489  45.470 0.8999999762
87455  -52.214  36.080  45.210 0.8999999762
87472  -51.049  37.113  45.336 0.8999999762
87494  -42.784  36.605  42.466 0.1000000015
87524  -32.190  36.857  39.477 0.2000000030
87687  -39.846  35.826  27.760 0.1000000015
88213  -52.298  38.143  43.815 1.0000000000
88230  -45.518  37.320  41.369 0.3000000119
88280  -37.380  38.215  35.129 0.2000000030
88296  -39.905  37.934  34.813 0.2000000030
88847  -52.161  38.905  43.538 1.0000000000
88877  -47.443  38.885  40.260 0.6000000238
88996  -45.211  38.096  23.751 0.1000000015
89472  -46.440  40.467  38.793 0.5000000000
89576  -48.810  39.039  26.165 0.3000000119
90021  -45.063  40.807  38.533 0.5000000000
90025  -49.177  41.767  39.603 0.8000000119
90040  -49.602  40.843  35.336 0.8999999762
90108  -45.716  40.507  28.159 0.4000000060
90494  -34.207  42.164  45.286 0.1000000015
90568  -49.734  42.419  36.815 0.8999999762
90576  -42.302  41.880  35.183 0.5000000000
90589  -41.137  41.715  34.574 0.5000000000
90590  -42.460  41.027  34.693 0.6000000238
90597  -41.245  41.219  34.004 0.5000000000
90605  -41.255  41.196  32.635 0.6999999881
90650  -50.014  41.936  28.526 0.3000000119
91014  -33.974  43.008  46.088 0.1000000015
91015  -34.735  42.917  46.328 0.1000000015
91017  -36.831  42.539  46.423 0.1000000015
91052  -32.643  42.795  43.447 0.1000000015
91056  -32.681  42.920  42.501 0.1000000015
91102  -49.888  43.221  39.039 0.8000000119
91122  -45.288  42.913  35.681 0.4000000060
91125  -48.024  43.210  35.954 0.6000000238
91126  -48.832  43.167  35.946 0.6000000238
91127  -49.361  42.749  35.982 0.6999999881
91176  -47.115  42.971  29.070 0.3000000119
91178  -49.581  42.838  29.174 0.3000000119
91203  -50.031  41.662  28.044 0.3000000119
91591  -31.893  44.097  43.913 0.1000000015
91592  -32.372  43.714  44.570 0.1000000015
91612  -34.144  43.179  40.416 0.1000000015
91622  -32.086  44.014  40.091 0.2000000030
91623  -32.788  43.583  39.813 0.2000000030
91640  -33.365  43.774  38.557 0.2000000030
91643  -36.133  43.429  38.194 0.2000000030
91652  -48.185  44.844  38.930 0.6000000238
91653  -49.099  44.653  38.999 0.6999999881
91654  -49.461  44.483  38.866 0.6999999881
91667  -49.640  44.343  37.976 0.8999999762
91677  -49.457  44.495  36.924 0.6999999881
91687  -44.042  44.278  35.635 0.4000000060
91700  -37.744  43.670  33.448 0.4000000060
91707  -39.475  43.496  31.510 0.5000000000
91721  -49.228  43.674  29.551 0.3000000119
91722  -49.670  43.448  29.186 0.3000000119
92136  -32.725  44.056  45.155 0.1000000015
92155  -31.521  44.644  41.152 0.2000000030
92156  -31.623  44.600  40.308 0.2000000030
92163  -41.189  44.879  39.261 0.2000000030
92173  -46.306  45.929  39.177 0.5000000000
92175  -48.475  45.663  39.082 0.5000000000
92180  -32.447  44.706  37.490 0.2000000030
92185  -38.480  44.272  37.131 0.2000000030
92190  -33.511  44.671  36.577 0.2000000030
92200  -48.120  45.163  36.484 0.5000000000
92201  -49.099  45.383  36.935 0.5000000000
92206  -37.468  44.451  35.431 0.4000000060
92213  -44.340  45.026  35.799 0.5000000000
92216  -47.162  44.705  36.268 0.5000000000
92231  -37.819  44.588  31.723 0.4000000060
92236  -39.130  44.931  30.849 0.4000000060
92240  -49.036  45.283  30.289 0.3000000119
92253  -49.210  44.682  28.757 0.3000000119
92254  -49.560  44.261  29.169 0.3000000119
92275  -47.441  44.238  27.313 0.2000000030
92667  -31.528  45.257  39.636 0.2000000030
92671  -41.458  45.125  38.981 0.2000000030
92677  -47.888  46.516  39.189 0.5000000000
92678  -48.598  46.168  38.978 0.6999999881
92679  -49.120  45.861  38.627 0.6000000238
92688  -48.688  46.481  38.356 0.6000000238
92692  -31.719  45.927  36.824 0.2000000030
92696  -41.893  45.550  36.686 0.3000000119
92698  -45.231  46.163  36.858 0.5000000000
92699  -46.059  46.125  36.881 0.6000000238
92701  -47.983  46.100  36.996 0.6000000238
92702  -48.785  46.156  37.376 0.6000000238
92711  -44.705  45.647  36.245 0.6000000238
92713  -46.376  45.567  36.547 0.6000000238
92721  -35.418  45.712  33.492 0.4000000060
92740  -49.375  45.706  30.120 0.3000000119
92750  -49.374  45.697  29.817 0.3000000119
92756  -48.640  45.588  28.852 0.2000000030
93180  -46.527  46.914  38.926 0.5000000000
93181  -47.431  47.019  39.052 0.5000000000
93184  -45.242  46.394  37.767 0.5000000000
93185  -46.156  46.728  38.232 0.5000000000
93187  -47.895  47.042  38.500 0.5000000000
93189  -31.650  46.664  36.585 0.2000000030
93192  -46.573  46.644  37.617 0.5000000000
93193  -47.490  46.807  37.686 0.6000000238
93196  -31.730  46.882  35.984 0.2000000030
93211  -35.137  47.148  32.695 0.3000000119
93220  -40.322  46.251  30.035 0.2000000030
93230  -42.951  46.661  29.516 0.1000000015
93705  -33.299  47.622  41.540 0.1000000015
93712  -33.122  48.066  40.017 0.2000000030
93720  -31.677  47.200  37.138 0.2000000030
93723  -31.845  47.495  35.717 0.3000000119
93731  -33.493  47.745  33.786 0.3000000119
93738  -36.201  47.479  31.871 0.3000000119
93756  -49.092  47.549  30.817 0.2000000030
93757  -49.291  46.994  30.420 0.3000000119
94276  -33.692  48.049  41.181 0.2000000030
94307  -32.256  48.428  37.124 0.2000000030
94316  -32.130  48.639  36.245 0.2000000030
94326  -32.083  48.245  35.539 0.2000000030
94354  -48.654  49.201  31.436 0.2000000030
94359  -40.115  48.748  30.667 0.1000000015
94364  -46.133  49.261  31.509 0.1000000015
94366  -49.018  49.095  31.117 0.2000000030
94378  -43.103  48.117  29.999 0.1000000015
94822  -32.834  49.215  34.542 0.2000000030
94826  -33.437  49.279  33.905 0.2000000030
94832  -37.622  49.735  32.156 0.1000000015
94854  -45.626  49.878  31.740 0.1000000015
94871  -48.699  49.333  30.700 0.2000000030
95236  -41.373  51.156  40.893 0.1000000015
95244  -38.078  50.288  39.990 0.1000000015
95247  -41.216  51.207  40.631 0.1000000015
95254  -34.940  50.318  38.008 0.1000000015
95256  -36.403  50.392  38.581 0.1000000015
95260  -34.266  50.800  37.343 0.1000000015
95273  -34.552  50.376  33.594 0.2000000030
95292  -45.531  50.803  31.841 0.1000000015
95296  -48.395  50.152  31.495 0.1000000015
95299  -48.224  50.526  31.072 0.1000000015
95310  -45.492  50.783  29.130 0.1000000015
95683  -41.272  51.185  41.202 0.1000000015
95706  -34.075  51.888  36.066 0.2000000030
95714  -35.146  51.933  34.320 0.2000000030
95719  -37.824  51.588  33.242 0.1000000015
96135  -44.601  52.704  42.506 0.1000000015
96140  -44.633  52.934  41.996 0.1000000015
96150  -39.899  51.980  39.872 0.1000000015
96160  -34.595  52.398  35.652 0.2000000030
96163  -34.709  52.285  34.930 0.2000000030
96168  -43.048  52.726  34.289 0.1000000015
96171  -35.884  52.243  34.065 0.2000000030
96177  -43.277  52.316  33.933 0.1000000015
96643  -36.224  53.778  35.381 0.2000000030
96651  -42.503  53.564  34.458 0.1000000015
96653  -43.400  53.564  33.985 0.1000000015
96658  -43.431  53.266  34.002 0.1000000015
97006  -42.642  55.089  48.290 0.1000000015
97025  -43.374  54.870  47.190 0.1000000015
97095  -44.837  54.612  41.258 0.1000000015
97122  -37.178  54.465  38.214 0.1000000015
97150  -41.753  54.535  34.610 0.1000000015
97152  -43.425  54.482  34.020 0.1000000015
97582  -45.014  55.857  40.642 0.1000000015
97597  -45.023  55.820  40.291 0.1000000015
97670  -42.303  56.400  33.541 0.1000000015
98073  -44.517  56.508  39.835 0.1000000015
98074  -44.854  56.372  39.973 0.1000000015
98075  -45.056  56.315  40.268 0.1000000015
98121  -38.950  56.834  36.468 0.1000000015
98140  -43.334  56.263  33.967 0.1000000015
98513  -44.737  57.049  40.624 0.1000000015
98521  -44.890  57.026  40.158 0.1000000015
98539  -43.893  57.989  39.575 0.1000000015
98578  -41.372  59.067  35.473 0.1000000015
98602  -42.231  57.661  34.024 0.1000000015
98938  -43.689  58.272  40.796 0.1000000015
98948  -43.835  58.509  40.220 0.1000000015
108734  -45.211  23.220  48.402 0.2000000030
108956  -49.132  48.197  30.768 0.2000000030
110776  -44.830  38.661  23.979 0.1000000015
111682  -52.161  35.562  40.040 0.8999999762
112173  -47.597  43.561  29.485 0.3000000119
112283  -47.744  46.731  29.082 0.2000000030
112638  -36.339  49.446  32.441 0.3000000119
112660  -31.688  44.822  38.914 0.2000000030
112675  -42.602  57.143  33.835 0.1000000015
113409  -36.386  51.564  43.938 0.1000000015
117081  -44.149  44.102  29.463 0.2000000030
117398  -39.101  46.192  30.645 0.2000000030
117493  -32.580  43.124  44.680 0.1000000015
117779  -43.634  48.695  30.473 0.1000000015
118045  -43.369  54.929  34.158 0.1000000015
118100  -45.346  45.926  39.176 0.4000000060
118428  -42.891  41.489  35.180 0.6000000238
118538  -31.679  43.730  42.546 0.1000000015
118563  -31.490  44.696  41.853 0.1000000015
118584  -35.566  48.865  41.476 0.1000000015
119685  -48.491  38.768  25.720 0.3000000119
120062  -35.001  43.114  41.176 0.1000000015
120630  -36.941  49.115  32.080 0.2000000030
120639  -38.276  56.247  36.775 0.1000000015
120701  -41.451  30.895  49.552 0.1000000015
120851  -42.459  45.215  29.508 0.2000000030
120901  -38.511  52.006  39.555 0.1000000015
120910  -49.891  42.259  28.831 0.3000000119
120962  -44.972  31.436  49.992 0.3000000119
121761  -31.648  45.029  42.967 0.1000000015
121910  -39.237  42.879  32.365 0.5000000000
123017  -44.308  46.614  27.219 0.1000000015
123165  -52.461  30.377  51.329 0.8000000119
124617  -41.633  43.113  35.331 0.4000000060
124645  -41.225  55.149  34.698 0.1000000015
124759  -40.523  57.344  38.962 0.1000000015
124766  -36.249  51.966  33.734 0.1000000015
124903  -43.770  43.558  35.571 0.4000000060
125152  -41.007  22.603  49.894 0.1000000015
125335  -39.994  25.393  47.665 0.1000000015
126075  -40.874  51.040  32.780 0.1000000015
126434  -51.872  34.703  41.985 0.8000000119
126536  -44.014  52.432  42.154 0.1000000015
126586  -46.781  37.844  41.026 0.4000000060
126897  -35.760  43.808  46.599 0.1000000015
126974  -43.626  30.430  44.812 0.6000000238
