
Fri Mar 13 06:01:54 CET 2026
cd /out/sourcedata/freesurfer/sub-v2s4x29603_ses-1
setenv SUBJECTS_DIR /out/sourcedata/freesurfer
/opt/freesurfer/bin/recon-all -autorecon-hemi lh -noparcstats -noparcstats2 -noparcstats3 -nohyporelabel -nobalabels -lh-only -openmp 16 -subjid sub-v2s4x29603_ses-1 -sd /out/sourcedata/freesurfer

subjid sub-v2s4x29603_ses-1
setenv SUBJECTS_DIR /out/sourcedata/freesurfer
FREESURFER_HOME /opt/freesurfer
Actual FREESURFER_HOME /opt/freesurfer
build-stamp.txt: freesurfer-linux-ubuntu22_x86_64-7.3.2-20220804-6354275
Linux dna065 5.14.0-427.37.1.el9_4.x86_64 #1 SMP PREEMPT_DYNAMIC Fri Sep 13 12:41:50 EDT 2024 x86_64 x86_64 x86_64 GNU/Linux
cputime      unlimited
filesize     unlimited
datasize     unlimited
stacksize    8192 kbytes
coredumpsize 0 kbytes
memoryuse    67108864 kbytes
vmemoryuse   unlimited
descriptors  1024 
memorylocked unlimited
maxproc      2061970 
maxlocks     unlimited
maxsignal    2062029 
maxmessage   819200 
maxnice      0 
maxrtprio    0 
maxrttime    unlimited

               total        used        free      shared  buff/cache   available
Mem:           503Gi        56Gi       285Gi        11Gi       161Gi       432Gi
Swap:             0B          0B          0B

########################################
program versions used
7.3.2 (freesurfer-linux-ubuntu22_x86_64-7.3.2-20220804-6354275)
7.3.2

ProgramName: lta_convert  ProgramArguments: lta_convert -all-info  ProgramVersion: 7.3.2  TimeStamp: 2026/03/13-05:01:54-GMT  BuildTime: Aug  4 2022 06:17:15  BuildStamp: freesurfer-linux-ubuntu22_x86_64-7.3.2-20220804-6354275  User: oesteban  Machine: dna065  Platform: Linux  PlatformVersion: 5.14.0-427.37.1.el9_4.x86_64  CompilerName: GCC  CompilerVersion: 8.4.0
ProgramName: mri_and  ProgramArguments: mri_and -all-info  ProgramVersion: 7.3.2  TimeStamp: 2026/03/13-05:01:54-GMT  BuildTime: Aug  4 2022 06:17:15  BuildStamp: freesurfer-linux-ubuntu22_x86_64-7.3.2-20220804-6354275  User: oesteban  Machine: dna065  Platform: Linux  PlatformVersion: 5.14.0-427.37.1.el9_4.x86_64  CompilerName: GCC  CompilerVersion: 8.4.0
ProgramName: mri_annotation2label  ProgramArguments: mri_annotation2label -all-info  ProgramVersion: 7.3.2  TimeStamp: 2026/03/13-05:01:54-GMT  BuildTime: Aug  4 2022 06:17:15  BuildStamp: freesurfer-linux-ubuntu22_x86_64-7.3.2-20220804-6354275  User: oesteban  Machine: dna065  Platform: Linux  PlatformVersion: 5.14.0-427.37.1.el9_4.x86_64  CompilerName: GCC  CompilerVersion: 8.4.0
ProgramName: mri_aparc2aseg  ProgramArguments: mri_aparc2aseg -all-info  ProgramVersion: 7.3.2  TimeStamp: 2026/03/13-05:01:54-GMT  BuildTime: Aug  4 2022 06:17:15  BuildStamp: freesurfer-linux-ubuntu22_x86_64-7.3.2-20220804-6354275  User: oesteban  Machine: dna065  Platform: Linux  PlatformVersion: 5.14.0-427.37.1.el9_4.x86_64  CompilerName: GCC  CompilerVersion: 8.4.0
ProgramName: mri_surf2volseg  ProgramArguments: mri_surf2volseg -all-info  ProgramVersion: 7.3.2  TimeStamp: 2026/03/13-05:01:54-GMT  BuildTime: Aug  4 2022 06:17:15  BuildStamp: freesurfer-linux-ubuntu22_x86_64-7.3.2-20220804-6354275  User: oesteban  Machine: dna065  Platform: Linux  PlatformVersion: 5.14.0-427.37.1.el9_4.x86_64  CompilerName: GCC  CompilerVersion: 8.4.0
ProgramName: mri_binarize  ProgramArguments: mri_binarize -all-info  ProgramVersion: 7.3.2  TimeStamp: 2026/03/13-05:01:54-GMT  BuildTime: Aug  4 2022 06:17:15  BuildStamp: freesurfer-linux-ubuntu22_x86_64-7.3.2-20220804-6354275  User: oesteban  Machine: dna065  Platform: Linux  PlatformVersion: 5.14.0-427.37.1.el9_4.x86_64  CompilerName: GCC  CompilerVersion: 8.4.0
ProgramName: mri_ca_label  ProgramArguments: mri_ca_label -all-info  ProgramVersion: 7.3.2  TimeStamp: 2026/03/13-05:01:54-GMT  BuildTime: Aug  4 2022 06:17:15  BuildStamp: freesurfer-linux-ubuntu22_x86_64-7.3.2-20220804-6354275  User: oesteban  Machine: dna065  Platform: Linux  PlatformVersion: 5.14.0-427.37.1.el9_4.x86_64  CompilerName: GCC  CompilerVersion: 8.4.0
ProgramName: mri_ca_normalize  ProgramArguments: mri_ca_normalize -all-info  ProgramVersion: 7.3.2  TimeStamp: 2026/03/13-05:01:54-GMT  BuildTime: Aug  4 2022 06:17:15  BuildStamp: freesurfer-linux-ubuntu22_x86_64-7.3.2-20220804-6354275  User: oesteban  Machine: dna065  Platform: Linux  PlatformVersion: 5.14.0-427.37.1.el9_4.x86_64  CompilerName: GCC  CompilerVersion: 8.4.0
ProgramName: mri_ca_register  ProgramArguments: mri_ca_register -all-info  ProgramVersion: 7.3.2  TimeStamp: 2026/03/13-05:01:54-GMT  BuildTime: Aug  4 2022 06:17:15  BuildStamp: freesurfer-linux-ubuntu22_x86_64-7.3.2-20220804-6354275  User: oesteban  Machine: dna065  Platform: Linux  PlatformVersion: 5.14.0-427.37.1.el9_4.x86_64  CompilerName: GCC  CompilerVersion: 8.4.0
ProgramName: mri_cc  ProgramArguments: mri_cc -all-info  ProgramVersion: 7.3.2  TimeStamp: 2026/03/13-05:01:54-GMT  BuildTime: Aug  4 2022 06:17:15  BuildStamp: freesurfer-linux-ubuntu22_x86_64-7.3.2-20220804-6354275  User: oesteban  Machine: dna065  Platform: Linux  PlatformVersion: 5.14.0-427.37.1.el9_4.x86_64  CompilerName: GCC  CompilerVersion: 8.4.0
ProgramName: mri_compute_overlap  ProgramArguments: mri_compute_overlap -all-info  ProgramVersion: 7.3.2  TimeStamp: 2026/03/13-05:01:54-GMT  BuildTime: Aug  4 2022 06:17:15  BuildStamp: freesurfer-linux-ubuntu22_x86_64-7.3.2-20220804-6354275  User: oesteban  Machine: dna065  Platform: Linux  PlatformVersion: 5.14.0-427.37.1.el9_4.x86_64  CompilerName: GCC  CompilerVersion: 8.4.0
ProgramName: mri_compute_seg_overlap  ProgramArguments: mri_compute_seg_overlap -all-info  ProgramVersion: 7.3.2  TimeStamp: 2026/03/13-05:01:54-GMT  BuildTime: Aug  4 2022 06:17:15  BuildStamp: freesurfer-linux-ubuntu22_x86_64-7.3.2-20220804-6354275  User: oesteban  Machine: dna065  Platform: Linux  PlatformVersion: 5.14.0-427.37.1.el9_4.x86_64  CompilerName: GCC  CompilerVersion: 8.4.0
ProgramName: mri_concat  ProgramArguments: mri_concat -all-info  ProgramVersion: 7.3.2  TimeStamp: 2026/03/13-05:01:54-GMT  BuildTime: Aug  4 2022 06:17:15  BuildStamp: freesurfer-linux-ubuntu22_x86_64-7.3.2-20220804-6354275  User: oesteban  Machine: dna065  Platform: Linux  PlatformVersion: 5.14.0-427.37.1.el9_4.x86_64  CompilerName: GCC  CompilerVersion: 8.4.0
ProgramName: mri_concatenate_lta  ProgramArguments: mri_concatenate_lta -all-info  ProgramVersion: 7.3.2  TimeStamp: 2026/03/13-05:01:54-GMT  BuildTime: Aug  4 2022 06:17:15  BuildStamp: freesurfer-linux-ubuntu22_x86_64-7.3.2-20220804-6354275  User: oesteban  Machine: dna065  Platform: Linux  PlatformVersion: 5.14.0-427.37.1.el9_4.x86_64  CompilerName: GCC  CompilerVersion: 8.4.0
mri_convert -all-info 
ProgramName: mri_convert  ProgramArguments: mri_convert -all-info  ProgramVersion: 7.3.2  TimeStamp: 2026/03/13-05:01:54-GMT  BuildTime: Aug  4 2022 06:17:15  BuildStamp: freesurfer-linux-ubuntu22_x86_64-7.3.2-20220804-6354275  User: oesteban  Machine: dna065  Platform: Linux  PlatformVersion: 5.14.0-427.37.1.el9_4.x86_64  CompilerName: GCC  CompilerVersion: 8.4.0
ProgramName: mri_diff  ProgramArguments: mri_diff -all-info  ProgramVersion: 7.3.2  TimeStamp: 2026/03/13-05:01:54-GMT  BuildTime: Aug  4 2022 06:17:15  BuildStamp: freesurfer-linux-ubuntu22_x86_64-7.3.2-20220804-6354275  User: oesteban  Machine: dna065  Platform: Linux  PlatformVersion: 5.14.0-427.37.1.el9_4.x86_64  CompilerName: GCC  CompilerVersion: 8.4.0
ProgramName: mri_edit_wm_with_aseg  ProgramArguments: mri_edit_wm_with_aseg -all-info  ProgramVersion: 7.3.2  TimeStamp: 2026/03/13-05:01:54-GMT  BuildTime: Aug  4 2022 06:17:15  BuildStamp: freesurfer-linux-ubuntu22_x86_64-7.3.2-20220804-6354275  User: oesteban  Machine: dna065  Platform: Linux  PlatformVersion: 5.14.0-427.37.1.el9_4.x86_64  CompilerName: GCC  CompilerVersion: 8.4.0
ProgramName: mri_em_register  ProgramArguments: mri_em_register -all-info  ProgramVersion: 7.3.2  TimeStamp: 2026/03/13-05:01:54-GMT  BuildTime: Aug  4 2022 06:17:15  BuildStamp: freesurfer-linux-ubuntu22_x86_64-7.3.2-20220804-6354275  User: oesteban  Machine: dna065  Platform: Linux  PlatformVersion: 5.14.0-427.37.1.el9_4.x86_64  CompilerName: GCC  CompilerVersion: 8.4.0
ProgramName: mri_fill  ProgramArguments: mri_fill -all-info  ProgramVersion: 7.3.2  TimeStamp: 2026/03/13-05:01:54-GMT  BuildTime: Aug  4 2022 06:17:15  BuildStamp: freesurfer-linux-ubuntu22_x86_64-7.3.2-20220804-6354275  User: oesteban  Machine: dna065  Platform: Linux  PlatformVersion: 5.14.0-427.37.1.el9_4.x86_64  CompilerName: GCC  CompilerVersion: 8.4.0
ProgramName: mri_fuse_segmentations  ProgramArguments: mri_fuse_segmentations -all-info  ProgramVersion: 7.3.2  TimeStamp: 2026/03/13-05:01:54-GMT  BuildTime: Aug  4 2022 06:17:15  BuildStamp: freesurfer-linux-ubuntu22_x86_64-7.3.2-20220804-6354275  User: oesteban  Machine: dna065  Platform: Linux  PlatformVersion: 5.14.0-427.37.1.el9_4.x86_64  CompilerName: GCC  CompilerVersion: 8.4.0
ProgramName: mri_fwhm  ProgramArguments: mri_fwhm -all-info  ProgramVersion: 7.3.2  TimeStamp: 2026/03/13-05:01:54-GMT  BuildTime: Aug  4 2022 06:17:15  BuildStamp: freesurfer-linux-ubuntu22_x86_64-7.3.2-20220804-6354275  User: oesteban  Machine: dna065  Platform: Linux  PlatformVersion: 5.14.0-427.37.1.el9_4.x86_64  CompilerName: GCC  CompilerVersion: 8.4.0
ProgramName: mri_gcut  ProgramArguments: mri_gcut -all-info  ProgramVersion: 7.3.2  TimeStamp: 2026/03/13-05:01:54-GMT  BuildTime: Aug  4 2022 06:17:15  BuildStamp: freesurfer-linux-ubuntu22_x86_64-7.3.2-20220804-6354275  User: oesteban  Machine: dna065  Platform: Linux  PlatformVersion: 5.14.0-427.37.1.el9_4.x86_64  CompilerName: GCC  CompilerVersion: 8.4.0
ProgramName: mri_info  ProgramArguments: mri_info -all-info  ProgramVersion: 7.3.2  TimeStamp: 2026/03/13-05:01:54-GMT  BuildTime: Aug  4 2022 06:17:15  BuildStamp: freesurfer-linux-ubuntu22_x86_64-7.3.2-20220804-6354275  User: oesteban  Machine: dna065  Platform: Linux  PlatformVersion: 5.14.0-427.37.1.el9_4.x86_64  CompilerName: GCC  CompilerVersion: 8.4.0
ProgramName: mri_label2label  ProgramArguments: mri_label2label -all-info  ProgramVersion: 7.3.2  TimeStamp: 2026/03/13-05:01:54-GMT  BuildTime: Aug  4 2022 06:17:15  BuildStamp: freesurfer-linux-ubuntu22_x86_64-7.3.2-20220804-6354275  User: oesteban  Machine: dna065  Platform: Linux  PlatformVersion: 5.14.0-427.37.1.el9_4.x86_64  CompilerName: GCC  CompilerVersion: 8.4.0
ProgramName: mri_label2vol  ProgramArguments: mri_label2vol -all-info  ProgramVersion: 7.3.2  TimeStamp: 2026/03/13-05:01:54-GMT  BuildTime: Aug  4 2022 06:17:15  BuildStamp: freesurfer-linux-ubuntu22_x86_64-7.3.2-20220804-6354275  User: oesteban  Machine: dna065  Platform: Linux  PlatformVersion: 5.14.0-427.37.1.el9_4.x86_64  CompilerName: GCC  CompilerVersion: 8.4.0
ProgramName: mri_log_likelihood  ProgramArguments: mri_log_likelihood -all-info  ProgramVersion: 7.3.2  TimeStamp: 2026/03/13-05:01:54-GMT  BuildTime: Aug  4 2022 06:17:15  BuildStamp: freesurfer-linux-ubuntu22_x86_64-7.3.2-20220804-6354275  User: oesteban  Machine: dna065  Platform: Linux  PlatformVersion: 5.14.0-427.37.1.el9_4.x86_64  CompilerName: GCC  CompilerVersion: 8.4.0
ProgramName: mri_mask  ProgramArguments: mri_mask -all-info  ProgramVersion: 7.3.2  TimeStamp: 2026/03/13-05:01:54-GMT  BuildTime: Aug  4 2022 06:17:15  BuildStamp: freesurfer-linux-ubuntu22_x86_64-7.3.2-20220804-6354275  User: oesteban  Machine: dna065  Platform: Linux  PlatformVersion: 5.14.0-427.37.1.el9_4.x86_64  CompilerName: GCC  CompilerVersion: 8.4.0
ProgramName: mri_matrix_multiply  ProgramArguments: mri_matrix_multiply -all-info  ProgramVersion: 7.3.2  TimeStamp: 2026/03/13-05:01:54-GMT  BuildTime: Aug  4 2022 06:17:15  BuildStamp: freesurfer-linux-ubuntu22_x86_64-7.3.2-20220804-6354275  User: oesteban  Machine: dna065  Platform: Linux  PlatformVersion: 5.14.0-427.37.1.el9_4.x86_64  CompilerName: GCC  CompilerVersion: 8.4.0
ProgramName: mri_normalize  ProgramArguments: mri_normalize -all-info  ProgramVersion: 7.3.2  TimeStamp: 2026/03/13-05:01:54-GMT  BuildTime: Aug  4 2022 06:17:15  BuildStamp: freesurfer-linux-ubuntu22_x86_64-7.3.2-20220804-6354275  User: oesteban  Machine: dna065  Platform: Linux  PlatformVersion: 5.14.0-427.37.1.el9_4.x86_64  CompilerName: GCC  CompilerVersion: 8.4.0
ProgramName: mri_normalize_tp2  ProgramArguments: mri_normalize_tp2 -all-info  ProgramVersion: 7.3.2  TimeStamp: 2026/03/13-05:01:54-GMT  BuildTime: Aug  4 2022 06:17:15  BuildStamp: freesurfer-linux-ubuntu22_x86_64-7.3.2-20220804-6354275  User: oesteban  Machine: dna065  Platform: Linux  PlatformVersion: 5.14.0-427.37.1.el9_4.x86_64  CompilerName: GCC  CompilerVersion: 8.4.0
ProgramName: mri_or  ProgramArguments: mri_or -all-info  ProgramVersion: 7.3.2  TimeStamp: 2026/03/13-05:01:54-GMT  BuildTime: Aug  4 2022 06:17:15  BuildStamp: freesurfer-linux-ubuntu22_x86_64-7.3.2-20220804-6354275  User: oesteban  Machine: dna065  Platform: Linux  PlatformVersion: 5.14.0-427.37.1.el9_4.x86_64  CompilerName: GCC  CompilerVersion: 8.4.0
ProgramName: mri_relabel_hypointensities  ProgramArguments: mri_relabel_hypointensities -all-info  ProgramVersion: 7.3.2  TimeStamp: 2026/03/13-05:01:54-GMT  BuildTime: Aug  4 2022 06:17:15  BuildStamp: freesurfer-linux-ubuntu22_x86_64-7.3.2-20220804-6354275  User: oesteban  Machine: dna065  Platform: Linux  PlatformVersion: 5.14.0-427.37.1.el9_4.x86_64  CompilerName: GCC  CompilerVersion: 8.4.0
ProgramName: mri_relabel_nonwm_hypos  ProgramArguments: mri_relabel_nonwm_hypos -all-info  ProgramVersion: 7.3.2  TimeStamp: 2026/03/13-05:01:54-GMT  BuildTime: Aug  4 2022 06:17:15  BuildStamp: freesurfer-linux-ubuntu22_x86_64-7.3.2-20220804-6354275  User: oesteban  Machine: dna065  Platform: Linux  PlatformVersion: 5.14.0-427.37.1.el9_4.x86_64  CompilerName: GCC  CompilerVersion: 8.4.0
ProgramName: mri_remove_neck  ProgramArguments: mri_remove_neck -all-info  ProgramVersion: 7.3.2  TimeStamp: 2026/03/13-05:01:54-GMT  BuildTime: Aug  4 2022 06:17:15  BuildStamp: freesurfer-linux-ubuntu22_x86_64-7.3.2-20220804-6354275  User: oesteban  Machine: dna065  Platform: Linux  PlatformVersion: 5.14.0-427.37.1.el9_4.x86_64  CompilerName: GCC  CompilerVersion: 8.4.0
7.3.2

ProgramName: mri_robust_register  ProgramArguments: mri_robust_register -all-info  ProgramVersion: 7.3.2  TimeStamp: 2026/03/13-05:01:54-GMT  BuildTime: Aug  4 2022 06:17:15  BuildStamp: freesurfer-linux-ubuntu22_x86_64-7.3.2-20220804-6354275  User: oesteban  Machine: dna065  Platform: Linux  PlatformVersion: 5.14.0-427.37.1.el9_4.x86_64  CompilerName: GCC  CompilerVersion: 8.4.0
7.3.2

ProgramName: mri_robust_template  ProgramArguments: mri_robust_template -all-info  ProgramVersion: 7.3.2  TimeStamp: 2026/03/13-05:01:54-GMT  BuildTime: Aug  4 2022 06:17:15  BuildStamp: freesurfer-linux-ubuntu22_x86_64-7.3.2-20220804-6354275  User: oesteban  Machine: dna065  Platform: Linux  PlatformVersion: 5.14.0-427.37.1.el9_4.x86_64  CompilerName: GCC  CompilerVersion: 8.4.0
ProgramName: mris_anatomical_stats  ProgramArguments: mris_anatomical_stats -all-info  ProgramVersion: 7.3.2  TimeStamp: 2026/03/13-05:01:54-GMT  BuildTime: Aug  4 2022 06:17:15  BuildStamp: freesurfer-linux-ubuntu22_x86_64-7.3.2-20220804-6354275  User: oesteban  Machine: dna065  Platform: Linux  PlatformVersion: 5.14.0-427.37.1.el9_4.x86_64  CompilerName: GCC  CompilerVersion: 8.4.0
ProgramName: mris_ca_label  ProgramArguments: mris_ca_label -all-info  ProgramVersion: 7.3.2  TimeStamp: 2026/03/13-05:01:54-GMT  BuildTime: Aug  4 2022 06:17:15  BuildStamp: freesurfer-linux-ubuntu22_x86_64-7.3.2-20220804-6354275  User: oesteban  Machine: dna065  Platform: Linux  PlatformVersion: 5.14.0-427.37.1.el9_4.x86_64  CompilerName: GCC  CompilerVersion: 8.4.0
ProgramName: mris_calc  ProgramArguments: mris_calc -all-info  ProgramVersion: 7.3.2  TimeStamp: 2026/03/13-05:01:54-GMT  BuildTime: Aug  4 2022 06:17:15  BuildStamp: freesurfer-linux-ubuntu22_x86_64-7.3.2-20220804-6354275  User: oesteban  Machine: dna065  Platform: Linux  PlatformVersion: 5.14.0-427.37.1.el9_4.x86_64  CompilerName: GCC  CompilerVersion: 8.4.0
ProgramName: mris_convert  ProgramArguments: mris_convert -all-info  ProgramVersion: 7.3.2  TimeStamp: 2026/03/13-05:01:54-GMT  BuildTime: Aug  4 2022 06:17:15  BuildStamp: freesurfer-linux-ubuntu22_x86_64-7.3.2-20220804-6354275  User: oesteban  Machine: dna065  Platform: Linux  PlatformVersion: 5.14.0-427.37.1.el9_4.x86_64  CompilerName: GCC  CompilerVersion: 8.4.0
ProgramName: mris_curvature  ProgramArguments: mris_curvature -all-info  ProgramVersion: 7.3.2  TimeStamp: 2026/03/13-05:01:54-GMT  BuildTime: Aug  4 2022 06:17:15  BuildStamp: freesurfer-linux-ubuntu22_x86_64-7.3.2-20220804-6354275  User: oesteban  Machine: dna065  Platform: Linux  PlatformVersion: 5.14.0-427.37.1.el9_4.x86_64  CompilerName: GCC  CompilerVersion: 8.4.0
ProgramName: mris_curvature_stats  ProgramArguments: mris_curvature_stats -all-info  ProgramVersion: 7.3.2  TimeStamp: 2026/03/13-05:01:54-GMT  BuildTime: Aug  4 2022 06:17:15  BuildStamp: freesurfer-linux-ubuntu22_x86_64-7.3.2-20220804-6354275  User: oesteban  Machine: dna065  Platform: Linux  PlatformVersion: 5.14.0-427.37.1.el9_4.x86_64  CompilerName: GCC  CompilerVersion: 8.4.0
ProgramName: mris_diff  ProgramArguments: mris_diff -all-info  ProgramVersion: 7.3.2  TimeStamp: 2026/03/13-05:01:54-GMT  BuildTime: Aug  4 2022 06:17:15  BuildStamp: freesurfer-linux-ubuntu22_x86_64-7.3.2-20220804-6354275  User: oesteban  Machine: dna065  Platform: Linux  PlatformVersion: 5.14.0-427.37.1.el9_4.x86_64  CompilerName: GCC  CompilerVersion: 8.4.0
ProgramName: mris_divide_parcellation  ProgramArguments: mris_divide_parcellation -all-info  ProgramVersion: 7.3.2  TimeStamp: 2026/03/13-05:01:54-GMT  BuildTime: Aug  4 2022 06:17:15  BuildStamp: freesurfer-linux-ubuntu22_x86_64-7.3.2-20220804-6354275  User: oesteban  Machine: dna065  Platform: Linux  PlatformVersion: 5.14.0-427.37.1.el9_4.x86_64  CompilerName: GCC  CompilerVersion: 8.4.0
ProgramName: mri_segment  ProgramArguments: mri_segment -all-info  ProgramVersion: 7.3.2  TimeStamp: 2026/03/13-05:01:54-GMT  BuildTime: Aug  4 2022 06:17:15  BuildStamp: freesurfer-linux-ubuntu22_x86_64-7.3.2-20220804-6354275  User: oesteban  Machine: dna065  Platform: Linux  PlatformVersion: 5.14.0-427.37.1.el9_4.x86_64  CompilerName: GCC  CompilerVersion: 8.4.0
ProgramName: mri_segstats  ProgramArguments: mri_segstats -all-info  ProgramVersion: 7.3.2  TimeStamp: 2026/03/13-05:01:54-GMT  BuildTime: Aug  4 2022 06:17:15  BuildStamp: freesurfer-linux-ubuntu22_x86_64-7.3.2-20220804-6354275  User: oesteban  Machine: dna065  Platform: Linux  PlatformVersion: 5.14.0-427.37.1.el9_4.x86_64  CompilerName: GCC  CompilerVersion: 8.4.0
ProgramName: mris_euler_number  ProgramArguments: mris_euler_number -all-info  ProgramVersion: 7.3.2  TimeStamp: 2026/03/13-05:01:54-GMT  BuildTime: Aug  4 2022 06:17:15  BuildStamp: freesurfer-linux-ubuntu22_x86_64-7.3.2-20220804-6354275  User: oesteban  Machine: dna065  Platform: Linux  PlatformVersion: 5.14.0-427.37.1.el9_4.x86_64  CompilerName: GCC  CompilerVersion: 8.4.0
ProgramName: mris_fix_topology  ProgramArguments: mris_fix_topology -all-info  ProgramVersion: 7.3.2  TimeStamp: 2026/03/13-05:01:54-GMT  BuildTime: Aug  4 2022 06:17:15  BuildStamp: freesurfer-linux-ubuntu22_x86_64-7.3.2-20220804-6354275  User: oesteban  Machine: dna065  Platform: Linux  PlatformVersion: 5.14.0-427.37.1.el9_4.x86_64  CompilerName: GCC  CompilerVersion: 8.4.0
ProgramName: mris_topo_fixer  ProgramArguments: mris_topo_fixer -all-info  ProgramVersion: 7.3.2  TimeStamp: 2026/03/13-05:01:54-GMT  BuildTime: Aug  4 2022 06:17:15  BuildStamp: freesurfer-linux-ubuntu22_x86_64-7.3.2-20220804-6354275  User: oesteban  Machine: dna065  Platform: Linux  PlatformVersion: 5.14.0-427.37.1.el9_4.x86_64  CompilerName: GCC  CompilerVersion: 8.4.0
ProgramName: mris_jacobian  ProgramArguments: mris_jacobian -all-info  ProgramVersion: 7.3.2  TimeStamp: 2026/03/13-05:01:54-GMT  BuildTime: Aug  4 2022 06:17:15  BuildStamp: freesurfer-linux-ubuntu22_x86_64-7.3.2-20220804-6354275  User: oesteban  Machine: dna065  Platform: Linux  PlatformVersion: 5.14.0-427.37.1.el9_4.x86_64  CompilerName: GCC  CompilerVersion: 8.4.0
ProgramName: mris_label2annot  ProgramArguments: mris_label2annot -all-info  ProgramVersion: 7.3.2  TimeStamp: 2026/03/13-05:01:54-GMT  BuildTime: Aug  4 2022 06:17:15  BuildStamp: freesurfer-linux-ubuntu22_x86_64-7.3.2-20220804-6354275  User: oesteban  Machine: dna065  Platform: Linux  PlatformVersion: 5.14.0-427.37.1.el9_4.x86_64  CompilerName: GCC  CompilerVersion: 8.4.0
ProgramName: mris_left_right_register  ProgramArguments: mris_left_right_register -all-info  ProgramVersion: 7.3.2  TimeStamp: 2026/03/13-05:01:54-GMT  BuildTime: Aug  4 2022 06:17:15  BuildStamp: freesurfer-linux-ubuntu22_x86_64-7.3.2-20220804-6354275  User: oesteban  Machine: dna065  Platform: Linux  PlatformVersion: 5.14.0-427.37.1.el9_4.x86_64  CompilerName: GCC  CompilerVersion: 8.4.0
ProgramName: mris_place_surface  ProgramArguments: mris_place_surface -all-info  ProgramVersion: 7.3.2  TimeStamp: 2026/03/13-05:01:54-GMT  BuildTime: Aug  4 2022 06:17:15  BuildStamp: freesurfer-linux-ubuntu22_x86_64-7.3.2-20220804-6354275  User: oesteban  Machine: dna065  Platform: Linux  PlatformVersion: 5.14.0-427.37.1.el9_4.x86_64  CompilerName: GCC  CompilerVersion: 8.4.0
ProgramName: mrisp_paint  ProgramArguments: mrisp_paint -all-info  ProgramVersion: 7.3.2  TimeStamp: 2026/03/13-05:01:54-GMT  BuildTime: Aug  4 2022 06:17:15  BuildStamp: freesurfer-linux-ubuntu22_x86_64-7.3.2-20220804-6354275  User: oesteban  Machine: dna065  Platform: Linux  PlatformVersion: 5.14.0-427.37.1.el9_4.x86_64  CompilerName: GCC  CompilerVersion: 8.4.0
ProgramName: mris_register  ProgramArguments: mris_register -all-info  ProgramVersion: 7.3.2  TimeStamp: 2026/03/13-05:01:54-GMT  BuildTime: Aug  4 2022 06:17:15  BuildStamp: freesurfer-linux-ubuntu22_x86_64-7.3.2-20220804-6354275  User: oesteban  Machine: dna065  Platform: Linux  PlatformVersion: 5.14.0-427.37.1.el9_4.x86_64  CompilerName: GCC  CompilerVersion: 8.4.0
ProgramName: mris_smooth  ProgramArguments: mris_smooth -all-info  ProgramVersion: 7.3.2  TimeStamp: 2026/03/13-05:01:54-GMT  BuildTime: Aug  4 2022 06:17:15  BuildStamp: freesurfer-linux-ubuntu22_x86_64-7.3.2-20220804-6354275  User: oesteban  Machine: dna065  Platform: Linux  PlatformVersion: 5.14.0-427.37.1.el9_4.x86_64  CompilerName: GCC  CompilerVersion: 8.4.0
ProgramName: mris_sphere  ProgramArguments: mris_sphere -all-info  ProgramVersion: 7.3.2  TimeStamp: 2026/03/13-05:01:54-GMT  BuildTime: Aug  4 2022 06:17:15  BuildStamp: freesurfer-linux-ubuntu22_x86_64-7.3.2-20220804-6354275  User: oesteban  Machine: dna065  Platform: Linux  PlatformVersion: 5.14.0-427.37.1.el9_4.x86_64  CompilerName: GCC  CompilerVersion: 8.4.0
ProgramName: mris_surface_stats  ProgramArguments: mris_surface_stats -all-info  ProgramVersion: 7.3.2  TimeStamp: 2026/03/13-05:01:54-GMT  BuildTime: Aug  4 2022 06:17:15  BuildStamp: freesurfer-linux-ubuntu22_x86_64-7.3.2-20220804-6354275  User: oesteban  Machine: dna065  Platform: Linux  PlatformVersion: 5.14.0-427.37.1.el9_4.x86_64  CompilerName: GCC  CompilerVersion: 8.4.0
ProgramName: mri_stats2seg  ProgramArguments: mri_stats2seg -all-info  ProgramVersion: 7.3.2  TimeStamp: 2026/03/13-05:01:54-GMT  BuildTime: Aug  4 2022 06:17:15  BuildStamp: freesurfer-linux-ubuntu22_x86_64-7.3.2-20220804-6354275  User: oesteban  Machine: dna065  Platform: Linux  PlatformVersion: 5.14.0-427.37.1.el9_4.x86_64  CompilerName: GCC  CompilerVersion: 8.4.0
ProgramName: mris_thickness  ProgramArguments: mris_thickness -all-info  ProgramVersion: 7.3.2  TimeStamp: 2026/03/13-05:01:54-GMT  BuildTime: Aug  4 2022 06:17:15  BuildStamp: freesurfer-linux-ubuntu22_x86_64-7.3.2-20220804-6354275  User: oesteban  Machine: dna065  Platform: Linux  PlatformVersion: 5.14.0-427.37.1.el9_4.x86_64  CompilerName: GCC  CompilerVersion: 8.4.0
ProgramName: mris_thickness_diff  ProgramArguments: mris_thickness_diff -all-info  ProgramVersion: 7.3.2  TimeStamp: 2026/03/13-05:01:54-GMT  BuildTime: Aug  4 2022 06:17:15  BuildStamp: freesurfer-linux-ubuntu22_x86_64-7.3.2-20220804-6354275  User: oesteban  Machine: dna065  Platform: Linux  PlatformVersion: 5.14.0-427.37.1.el9_4.x86_64  CompilerName: GCC  CompilerVersion: 8.4.0
ProgramName: mris_topo_fixer  ProgramArguments: mris_topo_fixer -all-info  ProgramVersion: 7.3.2  TimeStamp: 2026/03/13-05:01:54-GMT  BuildTime: Aug  4 2022 06:17:15  BuildStamp: freesurfer-linux-ubuntu22_x86_64-7.3.2-20220804-6354275  User: oesteban  Machine: dna065  Platform: Linux  PlatformVersion: 5.14.0-427.37.1.el9_4.x86_64  CompilerName: GCC  CompilerVersion: 8.4.0
ProgramName: mri_surf2surf  ProgramArguments: mri_surf2surf -all-info  ProgramVersion: 7.3.2  TimeStamp: 2026/03/13-05:01:54-GMT  BuildTime: Aug  4 2022 06:17:15  BuildStamp: freesurfer-linux-ubuntu22_x86_64-7.3.2-20220804-6354275  User: oesteban  Machine: dna065  Platform: Linux  PlatformVersion: 5.14.0-427.37.1.el9_4.x86_64  CompilerName: GCC  CompilerVersion: 8.4.0
ProgramName: mri_surf2vol  ProgramArguments: mri_surf2vol -all-info  ProgramVersion: 7.3.2  TimeStamp: 2026/03/13-05:01:54-GMT  BuildTime: Aug  4 2022 06:17:15  BuildStamp: freesurfer-linux-ubuntu22_x86_64-7.3.2-20220804-6354275  User: oesteban  Machine: dna065  Platform: Linux  PlatformVersion: 5.14.0-427.37.1.el9_4.x86_64  CompilerName: GCC  CompilerVersion: 8.4.0
ProgramName: mri_surfcluster  ProgramArguments: mri_surfcluster -all-info  ProgramVersion: 7.3.2  TimeStamp: 2026/03/13-05:01:54-GMT  BuildTime: Aug  4 2022 06:17:15  BuildStamp: freesurfer-linux-ubuntu22_x86_64-7.3.2-20220804-6354275  User: oesteban  Machine: dna065  Platform: Linux  PlatformVersion: 5.14.0-427.37.1.el9_4.x86_64  CompilerName: GCC  CompilerVersion: 8.4.0
ProgramName: mris_volmask  ProgramArguments: mris_volmask -all-info  ProgramVersion: 7.3.2  TimeStamp: 2026/03/13-05:01:54-GMT  BuildTime: Aug  4 2022 06:17:15  BuildStamp: freesurfer-linux-ubuntu22_x86_64-7.3.2-20220804-6354275  User: oesteban  Machine: dna065  Platform: Linux  PlatformVersion: 5.14.0-427.37.1.el9_4.x86_64  CompilerName: GCC  CompilerVersion: 8.4.0
ProgramName: mri_tessellate  ProgramArguments: mri_tessellate -all-info  ProgramVersion: 7.3.2  TimeStamp: 2026/03/13-05:01:54-GMT  BuildTime: Aug  4 2022 06:17:15  BuildStamp: freesurfer-linux-ubuntu22_x86_64-7.3.2-20220804-6354275  User: oesteban  Machine: dna065  Platform: Linux  PlatformVersion: 5.14.0-427.37.1.el9_4.x86_64  CompilerName: GCC  CompilerVersion: 8.4.0
ProgramName: mri_vol2surf  ProgramArguments: mri_vol2surf -all-info  ProgramVersion: 7.3.2  TimeStamp: 2026/03/13-05:01:54-GMT  BuildTime: Aug  4 2022 06:17:15  BuildStamp: freesurfer-linux-ubuntu22_x86_64-7.3.2-20220804-6354275  User: oesteban  Machine: dna065  Platform: Linux  PlatformVersion: 5.14.0-427.37.1.el9_4.x86_64  CompilerName: GCC  CompilerVersion: 8.4.0
ProgramName: mri_vol2vol  ProgramArguments: mri_vol2vol -all-info  ProgramVersion: 7.3.2  TimeStamp: 2026/03/13-05:01:54-GMT  BuildTime: Aug  4 2022 06:17:15  BuildStamp: freesurfer-linux-ubuntu22_x86_64-7.3.2-20220804-6354275  User: oesteban  Machine: dna065  Platform: Linux  PlatformVersion: 5.14.0-427.37.1.el9_4.x86_64  CompilerName: GCC  CompilerVersion: 8.4.0
ProgramName: mri_voldiff  ProgramArguments: mri_voldiff -all-info  ProgramVersion: 7.3.2  TimeStamp: 2026/03/13-05:01:54-GMT  BuildTime: Aug  4 2022 06:17:15  BuildStamp: freesurfer-linux-ubuntu22_x86_64-7.3.2-20220804-6354275  User: oesteban  Machine: dna065  Platform: Linux  PlatformVersion: 5.14.0-427.37.1.el9_4.x86_64  CompilerName: GCC  CompilerVersion: 8.4.0
ProgramName: mri_watershed  ProgramArguments: mri_watershed -all-info  ProgramVersion: 7.3.2  TimeStamp: 2026/03/13-05:01:54-GMT  BuildTime: Aug  4 2022 06:17:15  BuildStamp: freesurfer-linux-ubuntu22_x86_64-7.3.2-20220804-6354275  User: oesteban  Machine: dna065  Platform: Linux  PlatformVersion: 5.14.0-427.37.1.el9_4.x86_64  CompilerName: GCC  CompilerVersion: 8.4.0
ProgramName: tkregister2  ProgramArguments: tkregister2_cmdl -all-info  ProgramVersion: 7.3.2  TimeStamp: 2026/03/13-05:01:54-GMT  BuildTime: Aug  4 2022 06:17:15  BuildStamp: freesurfer-linux-ubuntu22_x86_64-7.3.2-20220804-6354275  User: oesteban  Machine: dna065  Platform: Linux  PlatformVersion: 5.14.0-427.37.1.el9_4.x86_64  CompilerName: GCC  CompilerVersion: 8.4.0
mri_motion_correct.fsl 7.3.2
mri_convert -all-info 
ProgramName: mri_convert  ProgramArguments: mri_convert -all-info  ProgramVersion: 7.3.2  TimeStamp: 2026/03/13-05:01:54-GMT  BuildTime: Aug  4 2022 06:17:15  BuildStamp: freesurfer-linux-ubuntu22_x86_64-7.3.2-20220804-6354275  User: oesteban  Machine: dna065  Platform: Linux  PlatformVersion: 5.14.0-427.37.1.el9_4.x86_64  CompilerName: GCC  CompilerVersion: 8.4.0
Program nu_correct, built from:
Package MNI N3, version 1.12.0, compiled by nicks@terrier (x86_64-unknown-linux-gnu) on 2015-06-19 at 01:25:34
#######################################
GCADIR /opt/freesurfer/average
GCA RB_all_2020-01-02.gca
GCASkull RB_all_withskull_2020_01_02.gca
AvgCurvTif folding.atlas.acfb40.noaparc.i12.2016-08-02.tif
GCSDIR /opt/freesurfer/average
GCS DKaparc.atlas.acfb40.noaparc.i12.2016-08-02.gcs
#######################################
#--------------------------------------------
#@# Tessellate lh Fri Mar 13 06:01:54 CET 2026
/out/sourcedata/freesurfer/sub-v2s4x29603_ses-1/scripts

 mri_pretess ../mri/filled.mgz 255 ../mri/norm.mgz ../mri/filled-pretess255.mgz 


Iteration Number : 1
pass   1 (xy+):   1 found -   1 modified     |    TOTAL:   1
pass   2 (xy+):   0 found -   1 modified     |    TOTAL:   1
pass   1 (xy-):   1 found -   1 modified     |    TOTAL:   2
pass   2 (xy-):   0 found -   1 modified     |    TOTAL:   2
pass   1 (yz+):   4 found -   4 modified     |    TOTAL:   6
pass   2 (yz+):   0 found -   4 modified     |    TOTAL:   6
pass   1 (yz-):   0 found -   0 modified     |    TOTAL:   6
pass   1 (xz+):   0 found -   0 modified     |    TOTAL:   6
pass   1 (xz-):   1 found -   1 modified     |    TOTAL:   7
pass   2 (xz-):   0 found -   1 modified     |    TOTAL:   7
Iteration Number : 1
pass   1 (+++):   0 found -   0 modified     |    TOTAL:   0
pass   1 (+++):   0 found -   0 modified     |    TOTAL:   0
pass   1 (+++):   0 found -   0 modified     |    TOTAL:   0
pass   1 (+++):   0 found -   0 modified     |    TOTAL:   0
Iteration Number : 1
pass   1 (++):   0 found -   0 modified     |    TOTAL:   0
pass   1 (+-):   0 found -   0 modified     |    TOTAL:   0
pass   1 (--):   0 found -   0 modified     |    TOTAL:   0
pass   1 (-+):   1 found -   1 modified     |    TOTAL:   1
pass   2 (-+):   0 found -   1 modified     |    TOTAL:   1
Iteration Number : 2
pass   1 (xy+):   0 found -   0 modified     |    TOTAL:   0
pass   1 (xy-):   0 found -   0 modified     |    TOTAL:   0
pass   1 (yz+):   0 found -   0 modified     |    TOTAL:   0
pass   1 (yz-):   0 found -   0 modified     |    TOTAL:   0
pass   1 (xz+):   0 found -   0 modified     |    TOTAL:   0
pass   1 (xz-):   0 found -   0 modified     |    TOTAL:   0
Iteration Number : 2
pass   1 (+++):   0 found -   0 modified     |    TOTAL:   0
pass   1 (+++):   0 found -   0 modified     |    TOTAL:   0
pass   1 (+++):   0 found -   0 modified     |    TOTAL:   0
pass   1 (+++):   0 found -   0 modified     |    TOTAL:   0
Iteration Number : 2
pass   1 (++):   0 found -   0 modified     |    TOTAL:   0
pass   1 (+-):   0 found -   0 modified     |    TOTAL:   0
pass   1 (--):   0 found -   0 modified     |    TOTAL:   0
pass   1 (-+):   0 found -   0 modified     |    TOTAL:   0

Total Number of Modified Voxels = 8 (out of 256730: 0.003116)
Ambiguous edge configurations... 

mri_pretess done


 mri_tessellate ../mri/filled-pretess255.mgz 255 ../surf/lh.orig.nofix 

7.3.2
  7.3.2
slice 50: 1649 vertices, 1765 faces
slice 60: 6126 vertices, 6360 faces
slice 70: 12875 vertices, 13105 faces
slice 80: 20825 vertices, 21118 faces
slice 90: 30924 vertices, 31260 faces
slice 100: 40780 vertices, 41111 faces
slice 110: 51989 vertices, 52372 faces
slice 120: 63988 vertices, 64391 faces
slice 130: 75859 vertices, 76271 faces
slice 140: 86884 vertices, 87242 faces
slice 150: 96928 vertices, 97234 faces
slice 160: 105113 vertices, 105389 faces
slice 170: 112999 vertices, 113298 faces
slice 180: 120617 vertices, 120898 faces
slice 190: 126681 vertices, 126931 faces
slice 200: 131594 vertices, 131729 faces
slice 210: 133308 vertices, 133340 faces
slice 220: 133308 vertices, 133340 faces
slice 230: 133308 vertices, 133340 faces
slice 240: 133308 vertices, 133340 faces
slice 250: 133308 vertices, 133340 faces
using the conformed surface RAS to save vertex points...
writing ../surf/lh.orig.nofix
using vox2ras matrix:
-1.00000   0.00000   0.00000   128.00000;
 0.00000   0.00000   1.00000  -128.00000;
 0.00000  -1.00000   0.00000   128.00000;
 0.00000   0.00000   0.00000   1.00000;

 rm -f ../mri/filled-pretess255.mgz 


 mris_extract_main_component ../surf/lh.orig.nofix ../surf/lh.orig.nofix 


counting number of connected components...
   133308 voxel in cpt #1: X=-32 [v=133308,e=400020,f=266680] located at (-27.640593, -5.475035, 41.759926)
For the whole surface: X=-32 [v=133308,e=400020,f=266680]
One single component has been found
nothing to do
done

#--------------------------------------------
#@# Smooth1 lh Fri Mar 13 06:01:57 CET 2026
/out/sourcedata/freesurfer/sub-v2s4x29603_ses-1/scripts

 mris_smooth -nw -seed 1234 ../surf/lh.orig.nofix ../surf/lh.smoothwm.nofix 

setting seed for random number generator to 1234
smoothing surface tessellation for 10 iterations...
smoothing complete - recomputing first and second fundamental forms...
#--------------------------------------------
#@# Inflation1 lh Fri Mar 13 06:01:59 CET 2026
/out/sourcedata/freesurfer/sub-v2s4x29603_ses-1/scripts

 mris_inflate -no-save-sulc ../surf/lh.smoothwm.nofix ../surf/lh.inflated.nofix 

Not saving sulc
Reading ../surf/lh.smoothwm.nofix
avg radius = 46.4 mm, total surface area = 71725 mm^2
step 000: RMS=0.148 (target=0.015)   step 005: RMS=0.113 (target=0.015)   step 010: RMS=0.083 (target=0.015)   step 015: RMS=0.068 (target=0.015)   step 020: RMS=0.059 (target=0.015)   step 025: RMS=0.051 (target=0.015)   step 030: RMS=0.045 (target=0.015)   step 035: RMS=0.040 (target=0.015)   step 040: RMS=0.037 (target=0.015)   step 045: RMS=0.035 (target=0.015)   step 050: RMS=0.033 (target=0.015)   step 055: RMS=0.032 (target=0.015)   step 060: RMS=0.032 (target=0.015)   writing inflated surface to ../surf/lh.inflated.nofix
inflation took 0.3 minutes

inflation complete.
Not saving sulc
mris_inflate utimesec    91.415028
mris_inflate stimesec    1.738906
mris_inflate ru_maxrss   211336
mris_inflate ru_ixrss    0
mris_inflate ru_idrss    0
mris_inflate ru_isrss    0
mris_inflate ru_minflt   493705
mris_inflate ru_majflt   36
mris_inflate ru_nswap    0
mris_inflate ru_inblock  1672
mris_inflate ru_oublock  9384
mris_inflate ru_msgsnd   0
mris_inflate ru_msgrcv   0
mris_inflate ru_nsignals 0
mris_inflate ru_nvcsw    12590
mris_inflate ru_nivcsw   1186
#--------------------------------------------
#@# QSphere lh Fri Mar 13 06:02:14 CET 2026
/out/sourcedata/freesurfer/sub-v2s4x29603_ses-1/scripts

 mris_sphere -q -p 6 -a 128 -seed 1234 ../surf/lh.inflated.nofix ../surf/lh.qsphere.nofix 

doing quick spherical unfolding.
limitting unfolding to 6 passes
using n_averages = 128
setting seed for random number genererator to 1234
version: 7.3.2
available threads: 16
scaling brain by 0.305...
inflating...
projecting onto sphere...
surface projected - minimizing metric distortion...
vertex spacing 1.00 +- 0.57 (0.00-->8.10) (max @ vno 43798 --> 44932)
face area 0.03 +- 0.03 (-0.32-->0.66)
Entering MRISinflateToSphere()
inflating to sphere (rms error < 2.00)
000: dt: 0.0000, rms radial error=177.241, avgs=0
005/300: dt: 0.9000, rms radial error=176.981, avgs=0
010/300: dt: 0.9000, rms radial error=176.424, avgs=0
015/300: dt: 0.9000, rms radial error=175.692, avgs=0
020/300: dt: 0.9000, rms radial error=174.858, avgs=0
025/300: dt: 0.9000, rms radial error=173.967, avgs=0
030/300: dt: 0.9000, rms radial error=173.045, avgs=0
035/300: dt: 0.9000, rms radial error=172.107, avgs=0
040/300: dt: 0.9000, rms radial error=171.161, avgs=0
045/300: dt: 0.9000, rms radial error=170.212, avgs=0
050/300: dt: 0.9000, rms radial error=169.264, avgs=0
055/300: dt: 0.9000, rms radial error=168.318, avgs=0
060/300: dt: 0.9000, rms radial error=167.376, avgs=0
065/300: dt: 0.9000, rms radial error=166.438, avgs=0
070/300: dt: 0.9000, rms radial error=165.504, avgs=0
075/300: dt: 0.9000, rms radial error=164.575, avgs=0
080/300: dt: 0.9000, rms radial error=163.651, avgs=0
085/300: dt: 0.9000, rms radial error=162.731, avgs=0
090/300: dt: 0.9000, rms radial error=161.816, avgs=0
095/300: dt: 0.9000, rms radial error=160.907, avgs=0
100/300: dt: 0.9000, rms radial error=160.002, avgs=0
105/300: dt: 0.9000, rms radial error=159.102, avgs=0
110/300: dt: 0.9000, rms radial error=158.206, avgs=0
115/300: dt: 0.9000, rms radial error=157.316, avgs=0
120/300: dt: 0.9000, rms radial error=156.430, avgs=0
125/300: dt: 0.9000, rms radial error=155.550, avgs=0
130/300: dt: 0.9000, rms radial error=154.674, avgs=0
135/300: dt: 0.9000, rms radial error=153.803, avgs=0
140/300: dt: 0.9000, rms radial error=152.936, avgs=0
145/300: dt: 0.9000, rms radial error=152.075, avgs=0
150/300: dt: 0.9000, rms radial error=151.218, avgs=0
155/300: dt: 0.9000, rms radial error=150.366, avgs=0
160/300: dt: 0.9000, rms radial error=149.518, avgs=0
165/300: dt: 0.9000, rms radial error=148.675, avgs=0
170/300: dt: 0.9000, rms radial error=147.837, avgs=0
175/300: dt: 0.9000, rms radial error=147.004, avgs=0
180/300: dt: 0.9000, rms radial error=146.175, avgs=0
185/300: dt: 0.9000, rms radial error=145.350, avgs=0
190/300: dt: 0.9000, rms radial error=144.531, avgs=0
195/300: dt: 0.9000, rms radial error=143.715, avgs=0
200/300: dt: 0.9000, rms radial error=142.905, avgs=0
205/300: dt: 0.9000, rms radial error=142.098, avgs=0
210/300: dt: 0.9000, rms radial error=141.297, avgs=0
215/300: dt: 0.9000, rms radial error=140.500, avgs=0
220/300: dt: 0.9000, rms radial error=139.707, avgs=0
225/300: dt: 0.9000, rms radial error=138.919, avgs=0
230/300: dt: 0.9000, rms radial error=138.135, avgs=0
235/300: dt: 0.9000, rms radial error=137.355, avgs=0
240/300: dt: 0.9000, rms radial error=136.580, avgs=0
245/300: dt: 0.9000, rms radial error=135.809, avgs=0
250/300: dt: 0.9000, rms radial error=135.043, avgs=0
255/300: dt: 0.9000, rms radial error=134.282, avgs=0
260/300: dt: 0.9000, rms radial error=133.525, avgs=0
265/300: dt: 0.9000, rms radial error=132.772, avgs=0
270/300: dt: 0.9000, rms radial error=132.023, avgs=0
275/300: dt: 0.9000, rms radial error=131.279, avgs=0
280/300: dt: 0.9000, rms radial error=130.539, avgs=0
285/300: dt: 0.9000, rms radial error=129.803, avgs=0
290/300: dt: 0.9000, rms radial error=129.071, avgs=0
295/300: dt: 0.9000, rms radial error=128.343, avgs=0
300/300: dt: 0.9000, rms radial error=127.620, avgs=0

spherical inflation complete.
epoch 1 (K=10.0), pass 1, starting sse = 15630.70
taking momentum steps...
taking momentum steps...
taking momentum steps...
taking momentum steps...
pass 1 complete, delta sse/iter = 0.00/13 = 0.00030
epoch 2 (K=40.0), pass 1, starting sse = 2555.52
taking momentum steps...
taking momentum steps...
taking momentum steps...
taking momentum steps...
pass 1 complete, delta sse/iter = 0.00/13 = 0.00014
epoch 3 (K=160.0), pass 1, starting sse = 245.73
taking momentum steps...
taking momentum steps...
taking momentum steps...
taking momentum steps...
pass 1 complete, delta sse/iter = 0.11/15 = 0.00759
epoch 4 (K=640.0), pass 1, starting sse = 11.76
taking momentum steps...
taking momentum steps...
taking momentum steps...
taking momentum steps...
pass 1 complete, delta sse/iter = 0.12/20 = 0.00620
final distance error %100000.00
writing spherical brain to ../surf/lh.qsphere.nofix
spherical transformation took 0.0196 hours
FSRUNTIME@ mris_sphere  0.0196 hours 16 threads
#VMPC# mris_sphere VmPeak  1551176
mris_sphere done
#@# Fix Topology lh Fri Mar 13 06:03:25 CET 2026

 mris_fix_topology -mgz -sphere qsphere.nofix -inflated inflated.nofix -orig orig.nofix -out orig.premesh -ga -seed 1234 sub-v2s4x29603_ses-1 lh 

reading spherical homeomorphism from 'qsphere.nofix'
reading inflated coordinates from 'inflated.nofix'
reading original coordinates from 'orig.nofix'
using genetic algorithm with optimized parameters
setting seed for random number genererator to 1234

*************************************************************
Topology Correction Parameters
retessellation mode:           genetic search
number of patches/generation : 10
number of generations :        10
surface mri loglikelihood coefficient :         1.0
volume mri loglikelihood coefficient :          10.0
normal dot loglikelihood coefficient :          1.0
quadratic curvature loglikelihood coefficient : 1.0
volume resolution :                             2
eliminate vertices during search :              1
initial patch selection :                       1
select all defect vertices :                    0
ordering dependant retessellation:              0
use precomputed edge table :                    0
smooth retessellated patch :                    2
match retessellated patch :                     1
verbose mode :                                  0

*************************************************************
INFO: assuming .mgz format
writing corrected surface to 'orig.premesh'
7.3.2
  7.3.2
before topology correction, eno=-32 (nv=133308, nf=266680, ne=400020, g=17)
using quasi-homeomorphic spherical map to tessellate cortical surface...

Correction of the Topology
Finding true center and radius of Spherical Surface...done
Surface centered at (0,0,0) with radius 100.0 in 7 iterations
marking ambiguous vertices...
2297 ambiguous faces found in tessellation
segmenting defects...
25 defects found, arbitrating ambiguous regions...
analyzing neighboring defects...
25 defects to be corrected 
0 vertices coincident
reading input surface /out/sourcedata/freesurfer/sub-v2s4x29603_ses-1/surf/lh.qsphere.nofix...
reading brain volume from brain...
reading wm segmentation from wm...
Reading original properties of orig.nofix
Reading vertex positions of inflated.nofix
Computing Initial Surface Statistics
      -face       loglikelihood: -8.7246  (-4.3623)
      -vertex     loglikelihood: -5.3980  (-2.6990)
      -normal dot loglikelihood: -3.6131  (-3.6131)
      -quad curv  loglikelihood: -6.2892  (-3.1446)
      Total Loglikelihood : -24.0248
CORRECTING DEFECT 0 (vertices=117, convex hull=187, v0=15636)
After retessellation of defect 0 (v0=15636), euler #=-22 (131973,395359,263364) : difference with theory (-22) = 0 
CORRECTING DEFECT 1 (vertices=47, convex hull=51, v0=18899)
After retessellation of defect 1 (v0=18899), euler #=-21 (131989,395429,263419) : difference with theory (-21) = 0 
CORRECTING DEFECT 2 (vertices=32, convex hull=74, v0=20265)
After retessellation of defect 2 (v0=20265), euler #=-20 (132006,395509,263483) : difference with theory (-20) = 0 
CORRECTING DEFECT 3 (vertices=7, convex hull=26, v0=43949)
After retessellation of defect 3 (v0=43949), euler #=-19 (132008,395521,263494) : difference with theory (-19) = 0 
CORRECTING DEFECT 4 (vertices=232, convex hull=140, v0=45924)
After retessellation of defect 4 (v0=45924), euler #=-18 (132022,395627,263587) : difference with theory (-18) = 0 
CORRECTING DEFECT 5 (vertices=31, convex hull=37, v0=49419)
After retessellation of defect 5 (v0=49419), euler #=-17 (132026,395652,263609) : difference with theory (-17) = 0 
CORRECTING DEFECT 6 (vertices=29, convex hull=28, v0=56111)
After retessellation of defect 6 (v0=56111), euler #=-16 (132030,395676,263630) : difference with theory (-16) = 0 
CORRECTING DEFECT 7 (vertices=26, convex hull=40, v0=56414)
After retessellation of defect 7 (v0=56414), euler #=-15 (132038,395715,263662) : difference with theory (-15) = 0 
CORRECTING DEFECT 8 (vertices=18, convex hull=49, v0=67299)
After retessellation of defect 8 (v0=67299), euler #=-14 (132047,395760,263699) : difference with theory (-14) = 0 
CORRECTING DEFECT 9 (vertices=40, convex hull=82, v0=70746)
After retessellation of defect 9 (v0=70746), euler #=-13 (132074,395877,263790) : difference with theory (-13) = 0 
CORRECTING DEFECT 10 (vertices=28, convex hull=36, v0=71713)
After retessellation of defect 10 (v0=71713), euler #=-12 (132079,395903,263812) : difference with theory (-12) = 0 
CORRECTING DEFECT 11 (vertices=33, convex hull=28, v0=75546)
After retessellation of defect 11 (v0=75546), euler #=-11 (132082,395922,263829) : difference with theory (-11) = 0 
CORRECTING DEFECT 12 (vertices=21, convex hull=58, v0=82952)
After retessellation of defect 12 (v0=82952), euler #=-10 (132096,395984,263878) : difference with theory (-10) = 0 
CORRECTING DEFECT 13 (vertices=12, convex hull=28, v0=88642)
After retessellation of defect 13 (v0=88642), euler #=-9 (132102,396010,263899) : difference with theory (-9) = 0 
CORRECTING DEFECT 14 (vertices=17, convex hull=36, v0=90752)
After retessellation of defect 14 (v0=90752), euler #=-8 (132112,396051,263931) : difference with theory (-8) = 0 
CORRECTING DEFECT 15 (vertices=6, convex hull=20, v0=93025)
After retessellation of defect 15 (v0=93025), euler #=-7 (132115,396064,263942) : difference with theory (-7) = 0 
CORRECTING DEFECT 16 (vertices=499, convex hull=137, v0=95971)
After retessellation of defect 16 (v0=95971), euler #=-6 (132175,396316,264135) : difference with theory (-6) = 0 
CORRECTING DEFECT 17 (vertices=26, convex hull=59, v0=100491)
After retessellation of defect 17 (v0=100491), euler #=-5 (132189,396381,264187) : difference with theory (-5) = 0 
CORRECTING DEFECT 18 (vertices=38, convex hull=63, v0=111293)
After retessellation of defect 18 (v0=111293), euler #=-4 (132201,396441,264236) : difference with theory (-4) = 0 
CORRECTING DEFECT 19 (vertices=30, convex hull=78, v0=112991)
After retessellation of defect 19 (v0=112991), euler #=-3 (132213,396509,264293) : difference with theory (-3) = 0 
CORRECTING DEFECT 20 (vertices=29, convex hull=59, v0=119778)
After retessellation of defect 20 (v0=119778), euler #=-2 (132227,396576,264347) : difference with theory (-2) = 0 
CORRECTING DEFECT 21 (vertices=20, convex hull=58, v0=120608)
After retessellation of defect 21 (v0=120608), euler #=-1 (132236,396625,264388) : difference with theory (-1) = 0 
CORRECTING DEFECT 22 (vertices=27, convex hull=66, v0=122967)
After retessellation of defect 22 (v0=122967), euler #=0 (132245,396677,264432) : difference with theory (0) = 0 
CORRECTING DEFECT 23 (vertices=28, convex hull=69, v0=127583)
After retessellation of defect 23 (v0=127583), euler #=1 (132261,396752,264492) : difference with theory (1) = 0 
CORRECTING DEFECT 24 (vertices=25, convex hull=60, v0=130948)
After retessellation of defect 24 (v0=130948), euler #=2 (132273,396813,264542) : difference with theory (2) = 0 
computing original vertex metric properties...
storing new metric properties...
computing tessellation statistics...
vertex spacing 0.89 +- 0.22 (0.11-->11.66) (max @ vno 95294 --> 104667)
face area -nan +- -nan (1000.00-->-1.00)
performing soap bubble on retessellated vertices for 0 iterations...
vertex spacing 0.89 +- 0.22 (0.11-->11.66) (max @ vno 95294 --> 104667)
face area -nan +- -nan (1000.00-->-1.00)
tessellation finished, orienting corrected surface...
110 mutations (34.6%), 208 crossovers (65.4%), 93 vertices were eliminated
building final representation...
1035 vertices and 0 faces have been removed from triangulation
after topology correction, eno=2 (nv=132273, nf=264542, ne=396813, g=0)
writing corrected surface to /out/sourcedata/freesurfer/sub-v2s4x29603_ses-1/surf/lh.orig.premesh...

0.000 % of the vertices (0 vertices) exhibit an orientation change
removing intersecting faces
000: 103 intersecting
001: 6 intersecting
terminating search with 0 intersecting
topology fixing took 2.0 minutes
FSRUNTIME@ mris_fix_topology lh  0.0335 hours 16 threads
#VMPC# mris_fix_topology VmPeak  1848688

 mris_euler_number ../surf/lh.orig.premesh 

euler # = v-e+f = 2g-2: 132273 - 396813 + 264542 = 2 --> 0 holes
      F =2V-4:          264542 = 264546-4 (0)
      2E=3F:            793626 = 793626 (0)

total defect index = 0
Fri Mar 13 06:05:26 CET 2026

setenv SUBJECTS_DIR /out/sourcedata/freesurfer
cd /out/sourcedata/freesurfer/sub-v2s4x29603_ses-1/scripts
/opt/freesurfer/bin/defect2seg --s sub-v2s4x29603_ses-1 --lh-only --cortex

freesurfer-linux-ubuntu22_x86_64-7.3.2-20220804-6354275
defect2seg 7.3.2
Linux dna065 5.14.0-427.37.1.el9_4.x86_64 #1 SMP PREEMPT_DYNAMIC Fri Sep 13 12:41:50 EDT 2024 x86_64 x86_64 x86_64 GNU/Linux
pid 2344061
mri_label2label --label-cortex /out/sourcedata/freesurfer/sub-v2s4x29603_ses-1/surf/lh.orig.nofix /out/sourcedata/freesurfer/sub-v2s4x29603_ses-1/mri/aseg.presurf.mgz 0 /out/sourcedata/freesurfer/sub-v2s4x29603_ses-1/label/lh.nofix.cortex.label

 Generating cortex label... RemoveHipAmgy=0
 NucAccIsMedialWall=0
 mris->useRealRAS=0
10 non-cortical segments detected
only using segment with 6931 vertices
erasing segment 1 (vno[0] = 51453)
erasing segment 2 (vno[0] = 73858)
erasing segment 3 (vno[0] = 75358)
erasing segment 4 (vno[0] = 79828)
erasing segment 5 (vno[0] = 88669)
erasing segment 6 (vno[0] = 89744)
erasing segment 7 (vno[0] = 91619)
erasing segment 8 (vno[0] = 95791)
erasing segment 9 (vno[0] = 97450)
mri_label2vol --defects /out/sourcedata/freesurfer/sub-v2s4x29603_ses-1/surf/lh.orig.nofix /out/sourcedata/freesurfer/sub-v2s4x29603_ses-1/surf/lh.defect_labels /out/sourcedata/freesurfer/sub-v2s4x29603_ses-1/mri/orig.mgz 1000 0 /out/sourcedata/freesurfer/sub-v2s4x29603_ses-1/mri/lh.surface.defects.mgz /out/sourcedata/freesurfer/sub-v2s4x29603_ses-1/label/lh.nofix.cortex.label
mri_label2vol supposed to be reproducible but seed not set
Contraining to label /out/sourcedata/freesurfer/sub-v2s4x29603_ses-1/label/lh.nofix.cortex.label
Changing input type 0 to MRI_INT
Converting defects to volume: offset=1000, merge=0
Writing to /out/sourcedata/freesurfer/sub-v2s4x29603_ses-1/mri/lh.surface.defects.mgz
mris_defects_pointset -s /out/sourcedata/freesurfer/sub-v2s4x29603_ses-1/surf/lh.orig.nofix -d /out/sourcedata/freesurfer/sub-v2s4x29603_ses-1/surf/lh.defect_labels -o /out/sourcedata/freesurfer/sub-v2s4x29603_ses-1/surf/lh.defects.pointset --label /out/sourcedata/freesurfer/sub-v2s4x29603_ses-1/label/lh.nofix.cortex.label
Reading in surface /out/sourcedata/freesurfer/sub-v2s4x29603_ses-1/surf/lh.orig.nofix
Reading in defect segmentation /out/sourcedata/freesurfer/sub-v2s4x29603_ses-1/surf/lh.defect_labels
Reading in label /out/sourcedata/freesurfer/sub-v2s4x29603_ses-1/label/lh.nofix.cortex.label
#VMPC# mris_defects_pointset 1264068
mris_defects_pointset done
 
Started at Fri Mar 13 06:05:26 CET 2026 
Ended   at Fri Mar 13 06:05:36 CET 2026
Defect2seg-Run-Time-Sec 10
Defect2seg-Run-Time-Min 0.20
Defect2seg-Run-Time-Hours 0.00
 
tkmeditfv sub-v2s4x29603_ses-1 brain.finalsurfs.mgz -defect
defect2seg Done

 mris_remesh --remesh --iters 3 --input /out/sourcedata/freesurfer/sub-v2s4x29603_ses-1/surf/lh.orig.premesh --output /out/sourcedata/freesurfer/sub-v2s4x29603_ses-1/surf/lh.orig 

iters = 3
standard remeshing without target
   adjusted l: 0.710022
remeshing to edge length 0.710022 with 3 iterations

avg qual before   : 0.88859  after: 0.971345

Removing intersections
Remeshed surface quality stats nv0 = 132273  nv = 137773  1.04158
Area    275542  0.30197  0.03346 0.073311   0.4958
Corner  826626 60.00000  8.77901 16.222888 146.8160
Edge    413313  0.84301  0.08199 0.451984   1.3395
Hinge   413313  9.52422 10.00518 0.000004 135.3068
mris_remesh done
/out/sourcedata/freesurfer/sub-v2s4x29603_ses-1/scripts

 mris_remove_intersection ../surf/lh.orig ../surf/lh.orig 

intersection removal took 0.00 hours
writing corrected surface to ../surf/lh.orig

 rm -f ../surf/lh.inflated 

#--------------------------------------------
#@# AutoDetGWStats lh Fri Mar 13 06:06:02 CET 2026
cd /out/sourcedata/freesurfer/sub-v2s4x29603_ses-1/mri
mris_autodet_gwstats --o ../surf/autodet.gw.stats.lh.dat --i brain.finalsurfs.mgz --wm wm.mgz --surf ../surf/lh.orig.premesh
7.3.2

cd /out/sourcedata/freesurfer/sub-v2s4x29603_ses-1/mri
setenv SUBJECTS_DIR /out/sourcedata/freesurfer
mris_autodet_gwstats --o ../surf/autodet.gw.stats.lh.dat --i brain.finalsurfs.mgz --wm wm.mgz --surf ../surf/lh.orig.premesh 

border white:    249812 voxels (1.49%)
border gray      275130 voxels (1.64%)
Reading in intensity volume brain.finalsurfs.mgz
Reading in wm volume wm.mgz
Reading in surf ../surf/lh.orig.premesh
Auto detecting stats
MRIclipBrightWM(): nthresh=19131, wmmin=5, clip=110 
Binarizing thresholding at 5
computing class statistics... low=30, hi=110.000000
CCS WM (103.0): 103.4 +- 5.4 [70.0 --> 110.0]
CCS GM (88.0) : 87.0 +- 8.6 [30.0 --> 110.0]
white_mean = 103.373 +/- 5.37588, gray_mean = 86.9977 +/- 8.56689
using class modes intead of means, discounting robust sigmas....
MRIScomputeClassModes(): min=0 max=124 nbins=125
intensity peaks found at WM=106+-3.5,    GM=85+-5.2
white_mode = 106, gray_mode = 85
std_scale = 1
Applying sanity checks, max_scale_down = 0.2
setting MIN_GRAY_AT_WHITE_BORDER to 76.4 (was 70.000000)
setting MAX_BORDER_WHITE to 111.4 (was 105.000000)
setting MIN_BORDER_WHITE to 85.0 (was 85.000000)
setting MAX_CSF to 67.9 (was 40.000000)
setting MAX_GRAY to 100.6 (was 95.000000)
setting MAX_GRAY_AT_CSF_BORDER to 76.4 (was 75.000000)
setting MIN_GRAY_AT_CSF_BORDER to 59.3 (was 40.000000)
When placing the white surface
  white_border_hi   = 111.376;
  white_border_low  = 85;
  white_outside_low = 76.4331;
  white_inside_hi   = 120;
  white_outside_hi  = 111.376;
When placing the pial surface
  pial_border_hi   = 76.4331;
  pial_border_low  = 59.2993;
  pial_outside_low = 10;
  pial_inside_hi   = 100.624;
  pial_outside_hi  = 72.1497;
#VMPC# mris_autodet_gwstats VmPeak  1333408
mris_autodet_gwstats done
#--------------------------------------------
#@# WhitePreAparc lh Fri Mar 13 06:06:04 CET 2026
cd /out/sourcedata/freesurfer/sub-v2s4x29603_ses-1/mri
mris_place_surface --adgws-in ../surf/autodet.gw.stats.lh.dat --wm wm.mgz --threads 16 --invol brain.finalsurfs.mgz --lh --i ../surf/lh.orig --o ../surf/lh.white.preaparc --white --seg aseg.presurf.mgz --nsmooth 5
7.3.2
7.3.2

cd /out/sourcedata/freesurfer/sub-v2s4x29603_ses-1/mri
setenv SUBJECTS_DIR /out/sourcedata/freesurfer
mris_place_surface --adgws-in ../surf/autodet.gw.stats.lh.dat --wm wm.mgz --threads 16 --invol brain.finalsurfs.mgz --lh --i ../surf/lh.orig --o ../surf/lh.white.preaparc --white --seg aseg.presurf.mgz --nsmooth 5 

Reading in input surface ../surf/lh.orig
Smoothing surface before ripping with 5 iterations
Area    275542  0.26721  0.06264 0.000065   0.5776
Corner  826626 60.00000  9.50341 0.470898 177.8341
Edge    413313  0.78934  0.11367 0.027823   1.3494
Hinge   413313  6.38212  6.45715 0.000054 146.1803
Not reading in aparc
Reading in input volume brain.finalsurfs.mgz
Reading in wm volume wm.mgz
MRIclipBrightWM(): nthresh=19131, wmmin=5, clip=110 
MRIfindBrightNonWM(): 0 bright non-wm voxels segmented.
Masking bright non-wm for white surface
MRImask(): AllowDiffGeom = 1
MRImask(): AllowDiffGeom = 1
Reading in seg volume aseg.presurf.mgz
Ripping frozen voxels
INFO: rip surface needed but not specified, so using input surface
Freezing midline and others
Entering: MRISripMidline(): inhibiting deformation at non-cortical midline structures...
  which=1, fix_mtl=0, using annot = 0
#FML0# MRISripMidline(): nripped=0
removing 3 vertices from ripped group in thread:0
removing 4 vertices from ripped group in thread:0
removing 4 vertices from ripped group in thread:0
removing 3 vertices from ripped group in thread:0
removing 3 vertices from ripped group in thread:0
#FML# MRISripMidline(): nmarked=5738, nmarked2=62, nripped=5738
Ripping segs (eg, WMSA, BG, frozen)
Starting MRISripSegs() d = (-2 2 0.5) segnos: 247 
MRISripSegs(): -2 2 0.5 ripped 0
vertex 68887: xyz = (-27.0696,5.87138,70.6437) oxyz = (-27.0696,5.87138,70.6437) wxzy = (-27.0696,5.87138,70.6437) pxyz = (0,0,0) 
CBVO Creating mask 137773
n_averages 4
Iteration 0 =========================================
n_averages=4, current_sigma=2
Freezing midline and others
Ripping frozen voxels
INFO: rip surface needed but not specified, so using input surface
Freezing midline and others
Entering: MRISripMidline(): inhibiting deformation at non-cortical midline structures...
  which=1, fix_mtl=0, using annot = 0
#FML0# MRISripMidline(): nripped=5738
removing 3 vertices from ripped group in thread:0
removing 4 vertices from ripped group in thread:0
removing 4 vertices from ripped group in thread:0
removing 3 vertices from ripped group in thread:0
removing 3 vertices from ripped group in thread:0
#FML# MRISripMidline(): nmarked=5738, nmarked2=62, nripped=5738
Ripping segs (eg, WMSA, BG, frozen)
Starting MRISripSegs() d = (-2 2 0.5) segnos: 247 247 
MRISripSegs(): -2 2 0.5 ripped 0
Computing target border values 
Entering MRIScomputeBorderValues_new(): 
  inside_hi   = 120.0000000;
  border_hi   = 111.3758770;
  border_low  =  85.0000000;
  outside_low =  76.4331050;
  outside_hi  = 111.3758770;
  sigma = 2;
  max_thickness = 10;
  step_size=0.5;
  STEP_SIZE=0.1;
  which = 1
  thresh = 0
  flags = 0
  CBVfindFirstPeakD1=0
  CBVfindFirstPeakD2=0
  nvertices=137773
  Gdiag_no=-1
  vno start=0, stop=137773
Replacing 255s with 0s
#SI# sigma=2 had to be increased for 252 vertices, nripped=5738
mean border=91.7, 79 (79) missing vertices, mean dist 0.4 [0.7 (%32.4)->0.9 (%67.6))]
%59 local maxima, %37 large gradients and % 0 min vals, 0 gradients ignored
nFirstPeakD1 0
MRIScomputeBorderValues_new() finished in 0.0154 min


Finding expansion regions
mean absolute distance = 0.85 +- 1.05
5125 vertices more than 2 sigmas from mean.
Averaging target values for 5 iterations...
Positioning Surface: tspring = 0.3, nspring = 0.3, spring = 0, niters = 100 l_repulse = 5, l_surf_repulse = 0, checktol = 0
Positioning pial surface
Entering MRISpositionSurface()
  max_mm = 0.3
  MAX_REDUCTIONS = 2, REDUCTION_PCT = 0.5
  parms->check_tol = 0, niterations = 100
tol=1.0e-04, sigma=2.0, host=dna06, nav=4, nbrs=2, l_repulse=5.000, l_tspring=0.300, l_nspring=0.300, l_intensity=0.200, l_curv=1.000
mom=0.00, dt=0.50
complete_dist_mat 0
rms 0
smooth_averages 0
remove_neg 0
ico_order 0
which_surface 0
target_radius 0.000000
nfields 0
scale 0.000000
desired_rms_height 0.000000
momentum 0.000000
nbhd_size 0
max_nbrs 0
niterations 100
nsurfaces 0
SURFACES 3
flags 0 (0)
use curv 0
no sulc 0
no rigid align 0
mris->nsize 2
mris->hemisphere 0
randomSeed 0

000: dt: 0.0000, sse=1468046.2, rms=7.062
001: dt: 0.5000, sse=861480.7, rms=5.198 (26.389%)
002: dt: 0.5000, sse=559124.5, rms=3.947 (24.074%)
003: dt: 0.5000, sse=403233.5, rms=3.103 (21.374%)
004: dt: 0.5000, sse=318726.1, rms=2.524 (18.656%)
005: dt: 0.5000, sse=272559.3, rms=2.131 (15.571%)
006: dt: 0.5000, sse=246210.5, rms=1.874 (12.091%)
007: dt: 0.5000, sse=231506.5, rms=1.704 (9.035%)
008: dt: 0.5000, sse=224283.2, rms=1.604 (5.894%)
009: dt: 0.5000, sse=219438.3, rms=1.537 (4.154%)
010: dt: 0.5000, sse=216013.9, rms=1.483 (3.539%)
rms = 1.4413/1.4828, sse=212796.5/216013.9, time step reduction 1 of 3 to 0.250  0 0 1
011: dt: 0.5000, sse=212796.5, rms=1.441 (2.801%)
012: dt: 0.2500, sse=193309.0, rms=1.137 (21.111%)
rms = 1.0921/1.1370, sse=191078.5/193308.9, time step reduction 2 of 3 to 0.125  0 0 1
013: dt: 0.2500, sse=191078.5, rms=1.092 (3.951%)
rms = 1.0765/1.0921, sse=190340.1/191078.5, time step reduction 3 of 3 to 0.062  0 0 1
014: dt: 0.1250, sse=190340.1, rms=1.077 (1.425%)
  maximum number of reductions reached, breaking from loop
positioning took 1.1 minutes
Iteration 1 =========================================
n_averages=2, current_sigma=1
Freezing midline and others
Ripping frozen voxels
INFO: rip surface needed but not specified, so using input surface
Freezing midline and others
Entering: MRISripMidline(): inhibiting deformation at non-cortical midline structures...
  which=1, fix_mtl=0, using annot = 0
#FML0# MRISripMidline(): nripped=5738
removing 4 vertices from ripped group in thread:0
removing 3 vertices from ripped group in thread:0
removing 3 vertices from ripped group in thread:0
removing 2 vertices from ripped group in thread:0
removing 3 vertices from ripped group in thread:0
removing 4 vertices from ripped group in thread:0
#FML# MRISripMidline(): nmarked=6199, nmarked2=195, nripped=6199
Ripping segs (eg, WMSA, BG, frozen)
Starting MRISripSegs() d = (-2 2 0.5) segnos: 247 247 247 
MRISripSegs(): -2 2 0.5 ripped 0
Computing target border values 
Entering MRIScomputeBorderValues_new(): 
  inside_hi   = 120.0000000;
  border_hi   = 111.3758770;
  border_low  =  85.0000000;
  outside_low =  76.4331050;
  outside_hi  = 111.3758770;
  sigma = 1;
  max_thickness = 10;
  step_size=0.5;
  STEP_SIZE=0.1;
  which = 1
  thresh = 0
  flags = 0
  CBVfindFirstPeakD1=0
  CBVfindFirstPeakD2=0
  nvertices=137773
  Gdiag_no=-1
  vno start=0, stop=137773
Replacing 255s with 0s
#SI# sigma=1 had to be increased for 39 vertices, nripped=6199
mean border=93.5, 64 (5) missing vertices, mean dist -0.3 [0.5 (%69.1)->0.3 (%30.9))]
%68 local maxima, %27 large gradients and % 0 min vals, 0 gradients ignored
nFirstPeakD1 0
MRIScomputeBorderValues_new() finished in 0.0124 min


Finding expansion regions
mean absolute distance = 0.42 +- 0.74
2909 vertices more than 2 sigmas from mean.
Averaging target values for 5 iterations...
Positioning Surface: tspring = 0.3, nspring = 0.3, spring = 0, niters = 100 l_repulse = 5, l_surf_repulse = 0, checktol = 0
Positioning pial surface
Entering MRISpositionSurface()
  max_mm = 0.3
  MAX_REDUCTIONS = 2, REDUCTION_PCT = 0.5
  parms->check_tol = 0, niterations = 100
tol=1.0e-04, sigma=1.0, host=dna06, nav=2, nbrs=2, l_repulse=5.000, l_tspring=0.300, l_nspring=0.300, l_intensity=0.200, l_curv=1.000
mom=0.00, dt=0.50
000: dt: 0.0000, sse=471126.8, rms=3.146
015: dt: 0.5000, sse=310537.9, rms=1.919 (39.021%)
016: dt: 0.5000, sse=260598.8, rms=1.398 (27.132%)
017: dt: 0.5000, sse=244910.4, rms=1.151 (17.694%)
018: dt: 0.5000, sse=237357.3, rms=1.040 (9.653%)
rms = 1.0181/1.0395, sse=236814.2/237357.3, time step reduction 1 of 3 to 0.250  0 0 1
019: dt: 0.5000, sse=236814.2, rms=1.018 (2.060%)
020: dt: 0.2500, sse=228282.7, rms=0.838 (17.719%)
rms = 0.8234/0.8377, sse=228730.8/228282.7, time step reduction 2 of 3 to 0.125  0 1 1
021: dt: 0.2500, sse=228730.8, rms=0.823 (1.710%)
rms = 0.8197/0.8234, sse=228912.0/228730.8, time step reduction 3 of 3 to 0.062  0 1 1
022: dt: 0.1250, sse=228912.0, rms=0.820 (0.445%)
  maximum number of reductions reached, breaking from loop
positioning took 0.6 minutes
Iteration 2 =========================================
n_averages=1, current_sigma=0.5
Freezing midline and others
Ripping frozen voxels
INFO: rip surface needed but not specified, so using input surface
Freezing midline and others
Entering: MRISripMidline(): inhibiting deformation at non-cortical midline structures...
  which=1, fix_mtl=0, using annot = 0
#FML0# MRISripMidline(): nripped=6199
removing 3 vertices from ripped group in thread:0
removing 2 vertices from ripped group in thread:0
removing 4 vertices from ripped group in thread:0
removing 3 vertices from ripped group in thread:0
removing 4 vertices from ripped group in thread:0
#FML# MRISripMidline(): nmarked=6252, nmarked2=195, nripped=6252
Ripping segs (eg, WMSA, BG, frozen)
Starting MRISripSegs() d = (-2 2 0.5) segnos: 247 247 247 247 
MRISripSegs(): -2 2 0.5 ripped 0
Computing target border values 
Entering MRIScomputeBorderValues_new(): 
  inside_hi   = 120.0000000;
  border_hi   = 111.3758770;
  border_low  =  85.0000000;
  outside_low =  76.4331050;
  outside_hi  = 111.3758770;
  sigma = 0.5;
  max_thickness = 10;
  step_size=0.5;
  STEP_SIZE=0.1;
  which = 1
  thresh = 0
  flags = 0
  CBVfindFirstPeakD1=0
  CBVfindFirstPeakD2=0
  nvertices=137773
  Gdiag_no=-1
  vno start=0, stop=137773
Replacing 255s with 0s
#SI# sigma=0.5 had to be increased for 63 vertices, nripped=6252
mean border=95.4, 44 (1) missing vertices, mean dist -0.2 [0.4 (%73.8)->0.2 (%26.2))]
%82 local maxima, %13 large gradients and % 0 min vals, 0 gradients ignored
nFirstPeakD1 0
MRIScomputeBorderValues_new() finished in 0.0066 min


Finding expansion regions
mean absolute distance = 0.33 +- 0.49
3702 vertices more than 2 sigmas from mean.
Averaging target values for 5 iterations...
Positioning Surface: tspring = 0.3, nspring = 0.3, spring = 0, niters = 100 l_repulse = 5, l_surf_repulse = 0, checktol = 0
Positioning pial surface
Entering MRISpositionSurface()
  max_mm = 0.3
  MAX_REDUCTIONS = 2, REDUCTION_PCT = 0.5
  parms->check_tol = 0, niterations = 100
tol=1.0e-04, sigma=0.5, host=dna06, nav=1, nbrs=2, l_repulse=5.000, l_tspring=0.300, l_nspring=0.300, l_intensity=0.200, l_curv=1.000
mom=0.00, dt=0.50
000: dt: 0.0000, sse=393060.8, rms=2.668
023: dt: 0.5000, sse=262612.7, rms=1.396 (47.682%)
024: dt: 0.5000, sse=231983.5, rms=0.997 (28.570%)
025: dt: 0.5000, sse=227899.1, rms=0.909 (8.859%)
rms = 0.9048/0.9089, sse=227013.8/227899.1, time step reduction 1 of 3 to 0.250  0 0 1
026: dt: 0.5000, sse=227013.8, rms=0.905 (0.443%)
027: dt: 0.2500, sse=220572.8, rms=0.764 (15.579%)
rms = 0.7514/0.7639, sse=220066.7/220572.8, time step reduction 2 of 3 to 0.125  0 0 1
028: dt: 0.2500, sse=220066.7, rms=0.751 (1.634%)
rms = 0.7479/0.7514, sse=219581.0/220066.7, time step reduction 3 of 3 to 0.062  0 0 1
029: dt: 0.1250, sse=219581.0, rms=0.748 (0.467%)
  maximum number of reductions reached, breaking from loop
positioning took 0.6 minutes
Iteration 3 =========================================
n_averages=0, current_sigma=0.25
Freezing midline and others
Ripping frozen voxels
INFO: rip surface needed but not specified, so using input surface
Freezing midline and others
Entering: MRISripMidline(): inhibiting deformation at non-cortical midline structures...
  which=1, fix_mtl=0, using annot = 0
#FML0# MRISripMidline(): nripped=6252
removing 2 vertices from ripped group in thread:0
removing 2 vertices from ripped group in thread:0
removing 4 vertices from ripped group in thread:0
removing 3 vertices from ripped group in thread:0
removing 4 vertices from ripped group in thread:0
#FML# MRISripMidline(): nmarked=6252, nmarked2=195, nripped=6252
Ripping segs (eg, WMSA, BG, frozen)
Starting MRISripSegs() d = (-2 2 0.5) segnos: 247 247 247 247 247 
MRISripSegs(): -2 2 0.5 ripped 0
Computing target border values 
Entering MRIScomputeBorderValues_new(): 
  inside_hi   = 120.0000000;
  border_hi   = 111.3758770;
  border_low  =  85.0000000;
  outside_low =  76.4331050;
  outside_hi  = 111.3758770;
  sigma = 0.25;
  max_thickness = 10;
  step_size=0.5;
  STEP_SIZE=0.1;
  which = 1
  thresh = 0
  flags = 0
  CBVfindFirstPeakD1=0
  CBVfindFirstPeakD2=0
  nvertices=137773
  Gdiag_no=-1
  vno start=0, stop=137773
Replacing 255s with 0s
#SI# sigma=0.25 had to be increased for 70 vertices, nripped=6252
mean border=96.1, 55 (1) missing vertices, mean dist -0.1 [0.3 (%59.3)->0.2 (%40.7))]
%87 local maxima, % 8 large gradients and % 0 min vals, 0 gradients ignored
nFirstPeakD1 0
MRIScomputeBorderValues_new() finished in 0.0036 min


Finding expansion regions
mean absolute distance = 0.24 +- 0.36
3151 vertices more than 2 sigmas from mean.
Averaging target values for 5 iterations...
Positioning Surface: tspring = 0.3, nspring = 0.3, spring = 0, niters = 100 l_repulse = 5, l_surf_repulse = 0, checktol = 0
Positioning pial surface
Entering MRISpositionSurface()
  max_mm = 0.3
  MAX_REDUCTIONS = 2, REDUCTION_PCT = 0.5
  parms->check_tol = 0, niterations = 100
tol=1.0e-04, sigma=0.2, host=dna06, nav=0, nbrs=2, l_repulse=5.000, l_tspring=0.300, l_nspring=0.300, l_intensity=0.200, l_curv=1.000
mom=0.00, dt=0.50
000: dt: 0.0000, sse=238502.2, rms=1.214
030: dt: 0.5000, sse=213645.7, rms=0.668 (44.980%)
rms = 0.7342/0.6681, sse=215626.6/213645.7, time step reduction 1 of 3 to 0.250  0 1 1
   RMS increased, rejecting step
031: dt: 0.2500, sse=211081.2, rms=0.617 (7.646%)
rms = 0.6056/0.6171, sse=210933.3/211081.3, time step reduction 2 of 3 to 0.125  0 0 1
032: dt: 0.2500, sse=210933.3, rms=0.606 (1.853%)
rms = 0.6040/0.6056, sse=211171.6/210933.3, time step reduction 3 of 3 to 0.062  0 1 1
033: dt: 0.1250, sse=211171.6, rms=0.604 (0.275%)
  maximum number of reductions reached, breaking from loop
positioning took 0.3 minutes


Writing output to ../surf/lh.white.preaparc
#ET# mris_place_surface  2.73 minutes
#VMPC# mris_place_surfaces VmPeak  3184736
mris_place_surface done
#--------------------------------------------
#@# CortexLabel lh Fri Mar 13 06:08:53 CET 2026
cd /out/sourcedata/freesurfer/sub-v2s4x29603_ses-1/mri
mri_label2label --label-cortex ../surf/lh.white.preaparc aseg.presurf.mgz 0 ../label/lh.cortex.label

 Generating cortex label... RemoveHipAmgy=0
 NucAccIsMedialWall=0
 mris->useRealRAS=0
6 non-cortical segments detected
only using segment with 7490 vertices
erasing segment 0 (vno[0] = 25019)
erasing segment 2 (vno[0] = 62535)
erasing segment 3 (vno[0] = 64566)
erasing segment 4 (vno[0] = 75670)
erasing segment 5 (vno[0] = 77698)
#--------------------------------------------
#@# CortexLabel+HipAmyg lh Fri Mar 13 06:09:03 CET 2026
cd /out/sourcedata/freesurfer/sub-v2s4x29603_ses-1/mri
mri_label2label --label-cortex ../surf/lh.white.preaparc aseg.presurf.mgz 1 ../label/lh.cortex+hipamyg.label

 Generating cortex label... RemoveHipAmgy=1
 NucAccIsMedialWall=0
 mris->useRealRAS=0
10 non-cortical segments detected
only using segment with 5094 vertices
erasing segment 0 (vno[0] = 25019)
erasing segment 1 (vno[0] = 37482)
erasing segment 3 (vno[0] = 40196)
erasing segment 4 (vno[0] = 42156)
erasing segment 5 (vno[0] = 45120)
erasing segment 6 (vno[0] = 62454)
erasing segment 7 (vno[0] = 75670)
erasing segment 8 (vno[0] = 77698)
erasing segment 9 (vno[0] = 127544)
#--------------------------------------------
#@# Smooth2 lh Fri Mar 13 06:09:12 CET 2026
/out/sourcedata/freesurfer/sub-v2s4x29603_ses-1/scripts

 mris_smooth -n 3 -nw -seed 1234 ../surf/lh.white.preaparc ../surf/lh.smoothwm 

smoothing for 3 iterations
setting seed for random number generator to 1234
smoothing surface tessellation for 3 iterations...
smoothing complete - recomputing first and second fundamental forms...
#--------------------------------------------
#@# Inflation2 lh Fri Mar 13 06:09:14 CET 2026
/out/sourcedata/freesurfer/sub-v2s4x29603_ses-1/scripts

 mris_inflate ../surf/lh.smoothwm ../surf/lh.inflated 

Reading ../surf/lh.smoothwm
avg radius = 46.4 mm, total surface area = 84558 mm^2
step 000: RMS=0.166 (target=0.015)   step 005: RMS=0.114 (target=0.015)   step 010: RMS=0.083 (target=0.015)   step 015: RMS=0.069 (target=0.015)   step 020: RMS=0.058 (target=0.015)   step 025: RMS=0.048 (target=0.015)   step 030: RMS=0.040 (target=0.015)   step 035: RMS=0.034 (target=0.015)   step 040: RMS=0.029 (target=0.015)   step 045: RMS=0.026 (target=0.015)   step 050: RMS=0.023 (target=0.015)   step 055: RMS=0.022 (target=0.015)   step 060: RMS=0.020 (target=0.015)   writing inflated surface to ../surf/lh.inflated
writing sulcal depths to ../surf/lh.sulc

inflation complete.
inflation took 0.2 minutes
mris_inflate utimesec    63.732698
mris_inflate stimesec    1.682755
mris_inflate ru_maxrss   213652
mris_inflate ru_ixrss    0
mris_inflate ru_idrss    0
mris_inflate ru_isrss    0
mris_inflate ru_minflt   485140
mris_inflate ru_majflt   7
mris_inflate ru_nswap    0
mris_inflate ru_inblock  130
mris_inflate ru_oublock  10776
mris_inflate ru_msgsnd   0
mris_inflate ru_msgrcv   0
mris_inflate ru_nsignals 0
mris_inflate ru_nvcsw    6701
mris_inflate ru_nivcsw   498
#--------------------------------------------
#@# Curv .H and .K lh Fri Mar 13 06:09:28 CET 2026
/out/sourcedata/freesurfer/sub-v2s4x29603_ses-1/surf

 mris_curvature -w -seed 1234 lh.white.preaparc 

setting seed for random number generator to 1234
total integrated curvature = 22.174*4pi (278.648) --> -21 handles
ICI = 138.9, FI = 1405.4, variation=21947.659
writing Gaussian curvature to ./lh.white.preaparc.K...done.
writing mean curvature to ./lh.white.preaparc.H...done.
rm -f lh.white.H
ln -s lh.white.preaparc.H lh.white.H
rm -f lh.white.K
ln -s lh.white.preaparc.K lh.white.K

 mris_curvature -seed 1234 -thresh .999 -n -a 5 -w -distances 10 10 lh.inflated 

setting seed for random number generator to 1234
normalizing curvature values.
averaging curvature patterns 5 times.
sampling 10 neighbors out to a distance of 10 mm
157 vertices thresholded to be in k1 ~ [-0.64 0.36], k2 ~ [-0.15 0.22]
total integrated curvature = 0.573*4pi (7.195) --> 0 handles
ICI = 1.5, FI = 9.7, variation=163.948
155 vertices thresholded to be in [-0.05 0.02]
writing Gaussian curvature to ./lh.inflated.K...thresholding curvature at 99.90% level
curvature mean = 0.000, std = 0.002
118 vertices thresholded to be in [-0.21 0.16]
done.
writing mean curvature to ./lh.inflated.H...curvature mean = -0.016, std = 0.022
done.
#--------------------------------------------
#@# Sphere lh Fri Mar 13 06:10:05 CET 2026
/out/sourcedata/freesurfer/sub-v2s4x29603_ses-1/scripts

 mris_sphere -seed 1234 ../surf/lh.inflated ../surf/lh.sphere 

setting seed for random number genererator to 1234
version: 7.3.2
available threads: 16
reading original vertex positions...
projecting onto sphere...
surface projected - minimizing metric distortion...
scaling brain by 0.279...
MRISunfold() max_passes = 1 -------
tol=5.0e-01, sigma=0.0, host=dna06, nav=1024, nbrs=2, l_area=1.000, l_dist=1.000
using quadratic fit line minimization
complete_dist_mat 0
rms 0
smooth_averages 0
remove_neg 0
ico_order 0
which_surface 0
target_radius 0.000000
nfields 0
scale 1.000000
desired_rms_height -1.000000
momentum 0.900000
nbhd_size 7
max_nbrs 8
niterations 25
nsurfaces 0
SURFACES 3
flags 0 (0)
use curv 0
no sulc 0
no rigid align 0
mris->nsize 2
mris->hemisphere 0
randomSeed 1234

singular matrix in quadratic form
--------------------
  mrisRemoveNegativeArea()
pass 1: epoch 1 of 3 starting distance error %20.74
pass 1: epoch 2 of 3 starting distance error %20.66
unfolding complete - removing small folds...
starting distance error %20.57
removing remaining folds...
final distance error %20.60
MRISunfold() return, current seed 1234
-01: dt=0.0000,  19 negative triangles  VmPeak 2149364
181: dt=0.9900,  19 negative triangles
182: dt=0.9900,  16 negative triangles
183: dt=0.9900,  17 negative triangles
184: dt=0.9900,  15 negative triangles
185: dt=0.9900,  13 negative triangles
186: dt=0.9900,  14 negative triangles
187: dt=0.9900,  13 negative triangles
188: dt=0.9900,  14 negative triangles
189: dt=0.9900,  13 negative triangles
190: dt=0.9900,  14 negative triangles
191: dt=0.9900,  14 negative triangles
192: dt=0.9900,  14 negative triangles
193: dt=0.9900,  12 negative triangles
194: dt=0.9900,  16 negative triangles
195: dt=0.9900,  12 negative triangles
196: dt=0.9900,  14 negative triangles
197: dt=0.9900,  14 negative triangles
198: dt=0.9900,  14 negative triangles
199: dt=0.9900,  13 negative triangles
200: dt=0.9900,  15 negative triangles
201: dt=0.9900,  12 negative triangles
202: dt=0.9900,  15 negative triangles
203: dt=0.9405,  13 negative triangles
204: dt=0.9405,  14 negative triangles
205: dt=0.9405,  13 negative triangles
206: dt=0.9405,  15 negative triangles
207: dt=0.9405,  12 negative triangles
208: dt=0.9405,  15 negative triangles
209: dt=0.9405,  13 negative triangles
210: dt=0.9405,  14 negative triangles
211: dt=0.9405,  14 negative triangles
212: dt=0.9405,  14 negative triangles
213: dt=0.9405,  11 negative triangles
214: dt=0.9405,  15 negative triangles
215: dt=0.9405,  11 negative triangles
216: dt=0.9405,  14 negative triangles
217: dt=0.9405,  12 negative triangles
218: dt=0.9405,  13 negative triangles
219: dt=0.9405,  13 negative triangles
220: dt=0.9405,  13 negative triangles
221: dt=0.9405,  12 negative triangles
222: dt=0.9405,  14 negative triangles
223: dt=0.8935,  11 negative triangles
224: dt=0.8935,  15 negative triangles
225: dt=0.8935,  11 negative triangles
226: dt=0.8935,  14 negative triangles
227: dt=0.8935,  12 negative triangles
228: dt=0.8935,  13 negative triangles
229: dt=0.8935,  12 negative triangles
230: dt=0.8935,  12 negative triangles
231: dt=0.8935,  11 negative triangles
232: dt=0.8935,  13 negative triangles
233: dt=0.8935,  10 negative triangles
234: dt=0.8935,  15 negative triangles
235: dt=0.8935,  11 negative triangles
236: dt=0.8935,  14 negative triangles
237: dt=0.8935,  12 negative triangles
238: dt=0.8935,  14 negative triangles
239: dt=0.8935,  11 negative triangles
240: dt=0.8935,  16 negative triangles
241: dt=0.8935,  11 negative triangles
242: dt=0.8935,  11 negative triangles
243: dt=0.8935,   8 negative triangles
244: dt=0.8935,  12 negative triangles
245: dt=0.8935,   9 negative triangles
246: dt=0.8935,  10 negative triangles
247: dt=0.8935,   8 negative triangles
248: dt=0.8935,  10 negative triangles
249: dt=0.8935,   7 negative triangles
250: dt=0.8935,   9 negative triangles
251: dt=0.8935,   8 negative triangles
252: dt=0.8935,  11 negative triangles
253: dt=0.8935,   7 negative triangles
254: dt=0.8935,   9 negative triangles
255: dt=0.8935,   8 negative triangles
256: dt=0.8935,  10 negative triangles
257: dt=0.8935,   7 negative triangles
258: dt=0.8935,  10 negative triangles
259: dt=0.8488,   7 negative triangles
260: dt=0.8488,  10 negative triangles
261: dt=0.8488,   7 negative triangles
262: dt=0.8488,  10 negative triangles
263: dt=0.8488,   7 negative triangles
264: dt=0.8488,  10 negative triangles
265: dt=0.8488,   7 negative triangles
266: dt=0.8488,   9 negative triangles
267: dt=0.8488,   6 negative triangles
268: dt=0.8488,   8 negative triangles
269: dt=0.8488,   7 negative triangles
270: dt=0.8488,   8 negative triangles
271: dt=0.8488,   8 negative triangles
272: dt=0.8488,   8 negative triangles
273: dt=0.8488,   6 negative triangles
274: dt=0.8488,   8 negative triangles
275: dt=0.8488,   6 negative triangles
276: dt=0.8488,  10 negative triangles
277: dt=0.8064,   6 negative triangles
278: dt=0.8064,   8 negative triangles
279: dt=0.8064,   6 negative triangles
280: dt=0.8064,   9 negative triangles
281: dt=0.8064,   7 negative triangles
282: dt=0.8064,   8 negative triangles
283: dt=0.8064,   6 negative triangles
284: dt=0.8064,   8 negative triangles
285: dt=0.8064,   7 negative triangles
286: dt=0.8064,   8 negative triangles
287: dt=0.7660,   7 negative triangles
288: dt=0.7660,   8 negative triangles
289: dt=0.7660,   6 negative triangles
290: dt=0.7660,   8 negative triangles
291: dt=0.7660,   6 negative triangles
292: dt=0.7660,   9 negative triangles
293: dt=0.7660,   6 negative triangles
294: dt=0.7660,   9 negative triangles
295: dt=0.7660,   6 negative triangles
296: dt=0.7660,   8 negative triangles
297: dt=0.7277,   6 negative triangles
298: dt=0.7277,   8 negative triangles
299: dt=0.7277,   6 negative triangles
300: dt=0.7277,   8 negative triangles
301: dt=0.7277,   8 negative triangles
302: dt=0.7277,   8 negative triangles
303: dt=0.7277,   6 negative triangles
304: dt=0.7277,   8 negative triangles
305: dt=0.7277,   6 negative triangles
306: dt=0.7277,   8 negative triangles
307: dt=0.6914,   6 negative triangles
308: dt=0.6914,  10 negative triangles
309: dt=0.6914,   8 negative triangles
310: dt=0.6914,   6 negative triangles
311: dt=0.6914,  10 negative triangles
312: dt=0.6914,   6 negative triangles
313: dt=0.6914,   7 negative triangles
314: dt=0.6914,   5 negative triangles
315: dt=0.6914,   7 negative triangles
316: dt=0.6914,   5 negative triangles
317: dt=0.6914,   7 negative triangles
318: dt=0.6914,   5 negative triangles
319: dt=0.6914,   8 negative triangles
320: dt=0.6914,   7 negative triangles
321: dt=0.6914,   5 negative triangles
322: dt=0.6914,   7 negative triangles
323: dt=0.6914,   5 negative triangles
324: dt=0.6568,   7 negative triangles
325: dt=0.6568,   6 negative triangles
326: dt=0.6568,   7 negative triangles
327: dt=0.6568,   5 negative triangles
328: dt=0.6568,   7 negative triangles
329: dt=0.6568,   5 negative triangles
330: dt=0.6568,   7 negative triangles
331: dt=0.6568,   5 negative triangles
332: dt=0.6568,   7 negative triangles
333: dt=0.6568,   6 negative triangles
334: dt=0.6239,   7 negative triangles
335: dt=0.6239,   5 negative triangles
336: dt=0.6239,   7 negative triangles
337: dt=0.6239,   5 negative triangles
338: dt=0.6239,   7 negative triangles
339: dt=0.6239,   5 negative triangles
340: dt=0.6239,   7 negative triangles
341: dt=0.6239,   5 negative triangles
342: dt=0.6239,   8 negative triangles
343: dt=0.6239,   7 negative triangles
344: dt=0.5927,   5 negative triangles
345: dt=0.5927,   7 negative triangles
346: dt=0.5927,   4 negative triangles
347: dt=0.5927,   6 negative triangles
348: dt=0.5927,   4 negative triangles
349: dt=0.5927,   6 negative triangles
350: dt=0.5927,   4 negative triangles
351: dt=0.5927,   7 negative triangles
352: dt=0.5927,   6 negative triangles
353: dt=0.5927,   4 negative triangles
354: dt=0.5927,   6 negative triangles
355: dt=0.5927,   4 negative triangles
356: dt=0.5631,   6 negative triangles
357: dt=0.5631,   5 negative triangles
358: dt=0.5631,   6 negative triangles
359: dt=0.5631,   4 negative triangles
360: dt=0.5631,   6 negative triangles
361: dt=0.5631,   4 negative triangles
362: dt=0.5631,   6 negative triangles
363: dt=0.5631,   4 negative triangles
364: dt=0.5631,   6 negative triangles
365: dt=0.5631,   4 negative triangles
366: dt=0.5350,   6 negative triangles
367: dt=0.5350,   7 negative triangles
368: dt=0.5350,   4 negative triangles
369: dt=0.5350,   6 negative triangles
370: dt=0.5350,   4 negative triangles
371: dt=0.5350,   6 negative triangles
372: dt=0.5350,   4 negative triangles
373: dt=0.5350,   6 negative triangles
374: dt=0.5350,   4 negative triangles
375: dt=0.5350,   6 negative triangles
376: dt=0.5082,   4 negative triangles
377: dt=0.5082,   6 negative triangles
378: dt=0.5082,   4 negative triangles
379: dt=0.5082,   6 negative triangles
380: dt=0.5082,   7 negative triangles
381: dt=0.5082,   4 negative triangles
382: dt=0.5082,   6 negative triangles
383: dt=0.5082,   4 negative triangles
384: dt=0.5082,   6 negative triangles
385: dt=0.5082,   4 negative triangles
386: dt=0.4828,   6 negative triangles
387: dt=0.4828,   4 negative triangles
388: dt=0.4828,   6 negative triangles
389: dt=0.4828,   4 negative triangles
390: dt=0.4828,   6 negative triangles
391: dt=0.4828,   4 negative triangles
392: dt=0.4828,   6 negative triangles
393: dt=0.4828,   4 negative triangles
394: dt=0.4828,   6 negative triangles
395: dt=0.4828,   6 negative triangles
396: dt=0.4587,   4 negative triangles
expanding nbhd size to 1
397: dt=0.9900,   6 negative triangles
398: dt=0.9900,   4 negative triangles
399: dt=0.9900,   4 negative triangles
400: dt=0.9900,   4 negative triangles
401: dt=0.9900,   4 negative triangles
402: dt=0.9900,   4 negative triangles
403: dt=0.9900,   4 negative triangles
404: dt=0.9900,   4 negative triangles
405: dt=0.9900,   4 negative triangles
406: dt=0.9405,   4 negative triangles
407: dt=0.9405,   4 negative triangles
408: dt=0.9405,   4 negative triangles
409: dt=0.9405,   4 negative triangles
410: dt=0.9405,   4 negative triangles
411: dt=0.9405,   4 negative triangles
412: dt=0.9405,   4 negative triangles
413: dt=0.9405,   4 negative triangles
414: dt=0.9405,   4 negative triangles
415: dt=0.9405,   4 negative triangles
416: dt=0.8935,   4 negative triangles
417: dt=0.8935,   4 negative triangles
418: dt=0.8935,   4 negative triangles
419: dt=0.8935,   4 negative triangles
420: dt=0.8935,   4 negative triangles
421: dt=0.8935,   4 negative triangles
422: dt=0.8935,   4 negative triangles
423: dt=0.8935,   4 negative triangles
424: dt=0.8935,   3 negative triangles
425: dt=0.8935,   3 negative triangles
426: dt=0.8935,   3 negative triangles
427: dt=0.8935,   3 negative triangles
428: dt=0.8935,   3 negative triangles
429: dt=0.8935,   3 negative triangles
430: dt=0.8935,   2 negative triangles
431: dt=0.8935,   2 negative triangles
432: dt=0.8935,   2 negative triangles
433: dt=0.8935,   2 negative triangles
434: dt=0.8935,   2 negative triangles
435: dt=0.8935,   2 negative triangles
436: dt=0.8935,   2 negative triangles
437: dt=0.8935,   2 negative triangles
438: dt=0.8935,   2 negative triangles
439: dt=0.8935,   2 negative triangles
440: dt=0.8488,   2 negative triangles
441: dt=0.8488,   2 negative triangles
442: dt=0.8488,   2 negative triangles
443: dt=0.8488,   2 negative triangles
444: dt=0.8488,   1 negative triangles
445: dt=0.8488,   1 negative triangles
446: dt=0.8488,   1 negative triangles
writing spherical brain to ../surf/lh.sphere
spherical transformation took 0.0753 hours
FSRUNTIME@ mris_sphere  0.0753 hours 16 threads
#VMPC# mris_sphere VmPeak  2149364
mris_sphere done
#--------------------------------------------
#@# Surf Reg lh Fri Mar 13 06:14:36 CET 2026
/out/sourcedata/freesurfer/sub-v2s4x29603_ses-1/scripts

 mris_register -curv ../surf/lh.sphere /opt/freesurfer/average/lh.folding.atlas.acfb40.noaparc.i12.2016-08-02.tif ../surf/lh.sphere.reg 

using smoothwm curvature for final alignment

cwd /out/sourcedata/freesurfer/sub-v2s4x29603_ses-1/scripts
cmdline mris_register -curv ../surf/lh.sphere /opt/freesurfer/average/lh.folding.atlas.acfb40.noaparc.i12.2016-08-02.tif ../surf/lh.sphere.reg 

0 inflated.H
1 sulc
2 smoothwm (computed)
7.3.2
  7.3.2
reading surface from ../surf/lh.sphere...
reading template parameterization from /opt/freesurfer/average/lh.folding.atlas.acfb40.noaparc.i12.2016-08-02.tif...
MRISregister() -------
max_passes = 4 
min_degrees = 0.500000 
max_degrees = 64.000000 
nangles = 8 
tol=5.0e-01, sigma=0.0, host=dna06, nav=1024, nbrs=1, l_extern=10000.000, l_parea=0.200, l_nlarea=1.000, l_corr=1.000, l_dist=5.000
using quadratic fit line minimization
complete_dist_mat 0
rms 0
smooth_averages 0
remove_neg 0
ico_order 0
which_surface 0
target_radius 0.000000
nfields 0
scale 0.000000
desired_rms_height -1.000000
momentum 0.950000
nbhd_size -10
max_nbrs 10
niterations 25
nsurfaces 0
SURFACES 3
flags 16 (10)
use curv 16
no sulc 0
no rigid align 0
mris->nsize 1
mris->hemisphere 0
randomSeed 0

tol=5.0e-01, sigma=0.0, host=dna06, nav=1024, nbrs=1, l_extern=10000.000, l_parea=0.200, l_nlarea=1.000, l_corr=1.000, l_dist=5.000
using quadratic fit line minimization
--------------------
1 Reading lh.sulc
tol=1.0e+00, sigma=0.5, host=dna06, nav=1024, nbrs=1, l_extern=10000.000, l_parea=0.200, l_nlarea=1.000, l_corr=0.050, l_spring=0.500, l_dist=5.000
using quadratic fit line minimization
curvature mean = 0.000, std = 5.649
curvature mean = 0.046, std = 0.815
curvature mean = 0.011, std = 0.865
Starting MRISrigidBodyAlignGlobal()
Starting new MRISrigidBodyAlignGlobal_findMinSSE()
  new MRISrigidBodyAlignGlobal_findMinSSE min @ (6.50, -4.00, 18.00) sse = 209790.8, elapsed since starting=0.0635 min
MRISrigidBodyAlignGlobal() done   0.06 min
curvature mean = 0.025, std = 0.834
curvature mean = 0.004, std = 0.951
curvature mean = 0.022, std = 0.845
curvature mean = 0.002, std = 0.981
curvature mean = 0.021, std = 0.848
curvature mean = 0.000, std = 0.993
2 Reading smoothwm
curvature mean = -0.020, std = 0.275
curvature mean = 0.045, std = 0.247
curvature mean = 0.051, std = 0.366
curvature mean = 0.038, std = 0.306
curvature mean = 0.028, std = 0.554
curvature mean = 0.037, std = 0.333
curvature mean = 0.015, std = 0.690
curvature mean = 0.037, std = 0.345
curvature mean = 0.004, std = 0.793
MRISregister() return, current seed 0
-01: dt=0.0000,  32 negative triangles  VmPeak 1783700
110: dt=0.9900,  32 negative triangles
expanding nbhd size to 1
111: dt=0.9900,  32 negative triangles
112: dt=0.9900,  31 negative triangles
113: dt=0.9900,  30 negative triangles
114: dt=0.9900,  28 negative triangles
115: dt=0.9900,  26 negative triangles
116: dt=0.9900,  27 negative triangles
117: dt=0.9900,  27 negative triangles
118: dt=0.9900,  26 negative triangles
119: dt=0.9900,  26 negative triangles
120: dt=0.9900,  25 negative triangles
121: dt=0.9900,  25 negative triangles
122: dt=0.9900,  25 negative triangles
123: dt=0.9900,  25 negative triangles
124: dt=0.9900,  25 negative triangles
125: dt=0.9900,  25 negative triangles
126: dt=0.9900,  25 negative triangles
127: dt=0.9900,  25 negative triangles
128: dt=0.9900,  24 negative triangles
129: dt=0.9900,  24 negative triangles
130: dt=0.9900,  24 negative triangles
131: dt=0.9900,  24 negative triangles
132: dt=0.9900,  24 negative triangles
133: dt=0.9900,  24 negative triangles
134: dt=0.9900,  24 negative triangles
135: dt=0.9900,  24 negative triangles
136: dt=0.9900,  24 negative triangles
137: dt=0.9900,  24 negative triangles
138: dt=0.9405,  24 negative triangles
139: dt=0.9405,  24 negative triangles
140: dt=0.9405,  23 negative triangles
141: dt=0.9405,  23 negative triangles
142: dt=0.9405,  23 negative triangles
143: dt=0.9405,  23 negative triangles
144: dt=0.9405,  23 negative triangles
145: dt=0.9405,  23 negative triangles
146: dt=0.9405,  23 negative triangles
147: dt=0.9405,  23 negative triangles
148: dt=0.9405,  23 negative triangles
149: dt=0.9405,  22 negative triangles
150: dt=0.9405,  23 negative triangles
151: dt=0.9405,  23 negative triangles
152: dt=0.9405,  22 negative triangles
153: dt=0.9405,  22 negative triangles
154: dt=0.9405,  22 negative triangles
155: dt=0.9405,  22 negative triangles
156: dt=0.9405,  22 negative triangles
157: dt=0.9405,  22 negative triangles
158: dt=0.9405,  22 negative triangles
159: dt=0.8935,  22 negative triangles
160: dt=0.8935,  22 negative triangles
161: dt=0.8935,  22 negative triangles
162: dt=0.8935,  22 negative triangles
163: dt=0.8935,  22 negative triangles
164: dt=0.8935,  22 negative triangles
165: dt=0.8935,  22 negative triangles
166: dt=0.8935,  22 negative triangles
167: dt=0.8935,  22 negative triangles
168: dt=0.8935,  22 negative triangles
169: dt=0.8488,  22 negative triangles
170: dt=0.8488,  22 negative triangles
171: dt=0.8488,  22 negative triangles
172: dt=0.8488,  22 negative triangles
173: dt=0.8488,  22 negative triangles
174: dt=0.8488,  22 negative triangles
175: dt=0.8488,  22 negative triangles
176: dt=0.8488,  22 negative triangles
177: dt=0.8488,  23 negative triangles
178: dt=0.8488,  23 negative triangles
179: dt=0.8064,  22 negative triangles
180: dt=0.8064,  22 negative triangles
181: dt=0.8064,  21 negative triangles
182: dt=0.8064,  21 negative triangles
183: dt=0.8064,  21 negative triangles
184: dt=0.8064,  21 negative triangles
185: dt=0.8064,  21 negative triangles
186: dt=0.8064,  21 negative triangles
187: dt=0.8064,  21 negative triangles
188: dt=0.8064,  21 negative triangles
189: dt=0.8064,  21 negative triangles
190: dt=0.8064,  20 negative triangles
191: dt=0.8064,  20 negative triangles
192: dt=0.8064,  20 negative triangles
193: dt=0.8064,  20 negative triangles
194: dt=0.8064,  20 negative triangles
195: dt=0.8064,  20 negative triangles
196: dt=0.8064,  20 negative triangles
197: dt=0.8064,  20 negative triangles
198: dt=0.8064,  20 negative triangles
199: dt=0.8064,  20 negative triangles
200: dt=0.7660,  20 negative triangles
201: dt=0.7660,  20 negative triangles
202: dt=0.7660,  20 negative triangles
203: dt=0.7660,  20 negative triangles
204: dt=0.7660,  20 negative triangles
205: dt=0.7660,  20 negative triangles
206: dt=0.7660,  20 negative triangles
207: dt=0.7660,  20 negative triangles
208: dt=0.7660,  20 negative triangles
209: dt=0.7660,  21 negative triangles
210: dt=0.7277,  21 negative triangles
211: dt=0.7277,  20 negative triangles
212: dt=0.7277,  20 negative triangles
213: dt=0.7277,  20 negative triangles
214: dt=0.7277,  20 negative triangles
215: dt=0.7277,  20 negative triangles
216: dt=0.7277,  20 negative triangles
217: dt=0.7277,  20 negative triangles
218: dt=0.7277,  20 negative triangles
219: dt=0.7277,  20 negative triangles
220: dt=0.6914,  20 negative triangles
221: dt=0.6914,  20 negative triangles
222: dt=0.6914,  20 negative triangles
223: dt=0.6914,  20 negative triangles
224: dt=0.6914,  20 negative triangles
225: dt=0.6914,  18 negative triangles
226: dt=0.6914,  18 negative triangles
227: dt=0.6914,  18 negative triangles
228: dt=0.6914,  18 negative triangles
229: dt=0.6914,  18 negative triangles
230: dt=0.6914,  18 negative triangles
231: dt=0.6914,  18 negative triangles
232: dt=0.6914,  18 negative triangles
233: dt=0.6914,  18 negative triangles
234: dt=0.6914,  18 negative triangles
235: dt=0.6568,  18 negative triangles
236: dt=0.6568,  18 negative triangles
237: dt=0.6568,  18 negative triangles
238: dt=0.6568,  18 negative triangles
239: dt=0.6568,  18 negative triangles
240: dt=0.6568,  18 negative triangles
241: dt=0.6568,  18 negative triangles
242: dt=0.6568,  19 negative triangles
243: dt=0.6568,  18 negative triangles
244: dt=0.6568,  18 negative triangles
245: dt=0.6239,  18 negative triangles
246: dt=0.6239,  18 negative triangles
247: dt=0.6239,  18 negative triangles
248: dt=0.6239,  18 negative triangles
249: dt=0.6239,  18 negative triangles
250: dt=0.6239,  17 negative triangles
251: dt=0.6239,  17 negative triangles
252: dt=0.6239,  17 negative triangles
253: dt=0.6239,  17 negative triangles
254: dt=0.6239,  17 negative triangles
255: dt=0.6239,  17 negative triangles
256: dt=0.6239,  17 negative triangles
257: dt=0.6239,  17 negative triangles
258: dt=0.6239,  18 negative triangles
259: dt=0.6239,  17 negative triangles
260: dt=0.5927,  17 negative triangles
261: dt=0.5927,  17 negative triangles
262: dt=0.5927,  17 negative triangles
263: dt=0.5927,  17 negative triangles
264: dt=0.5927,  17 negative triangles
265: dt=0.5927,  17 negative triangles
266: dt=0.5927,  17 negative triangles
267: dt=0.5927,  17 negative triangles
268: dt=0.5927,  17 negative triangles
269: dt=0.5927,  17 negative triangles
270: dt=0.5631,  17 negative triangles
271: dt=0.5631,  17 negative triangles
272: dt=0.5631,  17 negative triangles
273: dt=0.5631,  17 negative triangles
274: dt=0.5631,  17 negative triangles
275: dt=0.5631,  17 negative triangles
276: dt=0.5631,  17 negative triangles
277: dt=0.5631,  17 negative triangles
278: dt=0.5631,  17 negative triangles
279: dt=0.5631,  17 negative triangles
280: dt=0.5350,  17 negative triangles
281: dt=0.5350,  17 negative triangles
282: dt=0.5350,  17 negative triangles
283: dt=0.5350,  17 negative triangles
284: dt=0.5350,  17 negative triangles
285: dt=0.5350,  17 negative triangles
286: dt=0.5350,  17 negative triangles
287: dt=0.5350,  17 negative triangles
288: dt=0.5350,  17 negative triangles
289: dt=0.5350,  17 negative triangles
290: dt=0.5082,  17 negative triangles
291: dt=0.5082,  17 negative triangles
292: dt=0.5082,  18 negative triangles
293: dt=0.5082,  17 negative triangles
294: dt=0.5082,  17 negative triangles
295: dt=0.5082,  17 negative triangles
296: dt=0.5082,  17 negative triangles
297: dt=0.5082,  17 negative triangles
298: dt=0.5082,  17 negative triangles
299: dt=0.5082,  17 negative triangles
300: dt=0.4828,  17 negative triangles
301: dt=0.4828,  17 negative triangles
302: dt=0.4828,  17 negative triangles
303: dt=0.4828,  17 negative triangles
304: dt=0.4828,  17 negative triangles
305: dt=0.4828,  17 negative triangles
306: dt=0.4828,  17 negative triangles
307: dt=0.4828,  17 negative triangles
308: dt=0.4828,  17 negative triangles
309: dt=0.4828,  17 negative triangles
310: dt=0.4587,  17 negative triangles
311: dt=0.4587,  17 negative triangles
312: dt=0.4587,  17 negative triangles
313: dt=0.4587,  17 negative triangles
314: dt=0.4587,  17 negative triangles
315: dt=0.4587,  17 negative triangles
316: dt=0.4587,  17 negative triangles
317: dt=0.4587,  17 negative triangles
318: dt=0.4587,  17 negative triangles
319: dt=0.4587,  17 negative triangles
320: dt=0.4357,  17 negative triangles
321: dt=0.4357,  17 negative triangles
322: dt=0.4357,  17 negative triangles
323: dt=0.4357,  17 negative triangles
324: dt=0.4357,  17 negative triangles
325: dt=0.4357,  17 negative triangles
326: dt=0.4357,  16 negative triangles
327: dt=0.4357,  16 negative triangles
328: dt=0.4357,  16 negative triangles
329: dt=0.4357,  16 negative triangles
330: dt=0.4357,  16 negative triangles
331: dt=0.4357,  15 negative triangles
332: dt=0.4357,  15 negative triangles
333: dt=0.4357,  15 negative triangles
334: dt=0.4357,  15 negative triangles
335: dt=0.4357,  15 negative triangles
336: dt=0.4357,  15 negative triangles
337: dt=0.4357,  15 negative triangles
338: dt=0.4357,  15 negative triangles
339: dt=0.4357,  15 negative triangles
340: dt=0.4357,  15 negative triangles
341: dt=0.4139,  15 negative triangles
342: dt=0.4139,  15 negative triangles
343: dt=0.4139,  16 negative triangles
344: dt=0.4139,  15 negative triangles
345: dt=0.4139,  15 negative triangles
346: dt=0.4139,  15 negative triangles
347: dt=0.4139,  15 negative triangles
348: dt=0.4139,  14 negative triangles
349: dt=0.4139,  14 negative triangles
350: dt=0.4139,  14 negative triangles
351: dt=0.4139,  14 negative triangles
352: dt=0.4139,  13 negative triangles
353: dt=0.4139,  13 negative triangles
354: dt=0.4139,  13 negative triangles
355: dt=0.4139,  13 negative triangles
356: dt=0.4139,  13 negative triangles
357: dt=0.4139,  13 negative triangles
358: dt=0.4139,  13 negative triangles
359: dt=0.4139,  13 negative triangles
360: dt=0.4139,  13 negative triangles
361: dt=0.4139,  13 negative triangles
362: dt=0.3932,  13 negative triangles
363: dt=0.3932,  13 negative triangles
364: dt=0.3932,  13 negative triangles
365: dt=0.3932,  13 negative triangles
366: dt=0.3932,  13 negative triangles
367: dt=0.3932,  13 negative triangles
368: dt=0.3932,  13 negative triangles
369: dt=0.3932,  12 negative triangles
370: dt=0.3932,  12 negative triangles
371: dt=0.3932,  12 negative triangles
372: dt=0.3932,  12 negative triangles
373: dt=0.3932,  12 negative triangles
374: dt=0.3932,  12 negative triangles
375: dt=0.3932,  12 negative triangles
376: dt=0.3932,  12 negative triangles
377: dt=0.3932,  12 negative triangles
378: dt=0.3932,  12 negative triangles
379: dt=0.3736,  12 negative triangles
380: dt=0.3736,  12 negative triangles
381: dt=0.3736,  12 negative triangles
382: dt=0.3736,  12 negative triangles
383: dt=0.3736,  12 negative triangles
384: dt=0.3736,  12 negative triangles
385: dt=0.3736,  12 negative triangles
386: dt=0.3736,  12 negative triangles
387: dt=0.3736,  12 negative triangles
388: dt=0.3736,  12 negative triangles
389: dt=0.3549,  12 negative triangles
390: dt=0.3549,  12 negative triangles
391: dt=0.3549,  12 negative triangles
392: dt=0.3549,  12 negative triangles
393: dt=0.3549,  12 negative triangles
394: dt=0.3549,  12 negative triangles
395: dt=0.3549,  12 negative triangles
396: dt=0.3549,  12 negative triangles
397: dt=0.3549,  12 negative triangles
398: dt=0.3549,  12 negative triangles
399: dt=0.3372,  12 negative triangles
400: dt=0.3372,  12 negative triangles
401: dt=0.3372,  12 negative triangles
402: dt=0.3372,  12 negative triangles
403: dt=0.3372,  12 negative triangles
404: dt=0.3372,  12 negative triangles
405: dt=0.3372,  12 negative triangles
406: dt=0.3372,  12 negative triangles
407: dt=0.3372,  12 negative triangles
408: dt=0.3372,  12 negative triangles
409: dt=0.3203,  12 negative triangles
410: dt=0.3203,  12 negative triangles
411: dt=0.3203,  12 negative triangles
412: dt=0.3203,  12 negative triangles
413: dt=0.3203,  12 negative triangles
414: dt=0.3203,  12 negative triangles
415: dt=0.3203,  12 negative triangles
416: dt=0.3203,  12 negative triangles
417: dt=0.3203,  12 negative triangles
418: dt=0.3203,  12 negative triangles
419: dt=0.3043,  12 negative triangles
420: dt=0.3043,  12 negative triangles
421: dt=0.3043,  12 negative triangles
422: dt=0.3043,  12 negative triangles
423: dt=0.3043,  12 negative triangles
424: dt=0.3043,  12 negative triangles
425: dt=0.3043,  12 negative triangles
426: dt=0.3043,  12 negative triangles
427: dt=0.3043,  12 negative triangles
428: dt=0.3043,  12 negative triangles
429: dt=0.2891,  12 negative triangles
430: dt=0.2891,  12 negative triangles
431: dt=0.2891,  12 negative triangles
432: dt=0.2891,  12 negative triangles
433: dt=0.2891,  12 negative triangles
434: dt=0.2891,  12 negative triangles
435: dt=0.2891,  12 negative triangles
436: dt=0.2891,  12 negative triangles
437: dt=0.2891,  12 negative triangles
438: dt=0.2891,  12 negative triangles
439: dt=0.2746,  13 negative triangles
440: dt=0.2746,  12 negative triangles
441: dt=0.2746,  12 negative triangles
442: dt=0.2746,  11 negative triangles
443: dt=0.2746,  11 negative triangles
444: dt=0.2746,  11 negative triangles
445: dt=0.2746,  11 negative triangles
446: dt=0.2746,  11 negative triangles
447: dt=0.2746,  11 negative triangles
448: dt=0.2746,  11 negative triangles
449: dt=0.2746,  11 negative triangles
450: dt=0.2746,  11 negative triangles
451: dt=0.2746,  11 negative triangles
452: dt=0.2609,  11 negative triangles
453: dt=0.2609,  11 negative triangles
454: dt=0.2609,  11 negative triangles
455: dt=0.2609,  11 negative triangles
456: dt=0.2609,  11 negative triangles
457: dt=0.2609,  11 negative triangles
458: dt=0.2609,  11 negative triangles
459: dt=0.2609,  11 negative triangles
460: dt=0.2609,  11 negative triangles
461: dt=0.2609,  11 negative triangles
462: dt=0.2478,  11 negative triangles
463: dt=0.2478,  12 negative triangles
464: dt=0.2478,  11 negative triangles
465: dt=0.2478,  11 negative triangles
466: dt=0.2478,  11 negative triangles
467: dt=0.2478,  11 negative triangles
468: dt=0.2478,  11 negative triangles
469: dt=0.2478,  11 negative triangles
470: dt=0.2478,  11 negative triangles
471: dt=0.2478,  11 negative triangles
472: dt=0.2354,  11 negative triangles
473: dt=0.2354,  11 negative triangles
474: dt=0.2354,  11 negative triangles
475: dt=0.2354,  11 negative triangles
476: dt=0.2354,  11 negative triangles
477: dt=0.2354,  11 negative triangles
478: dt=0.2354,  11 negative triangles
479: dt=0.2354,  11 negative triangles
480: dt=0.2354,  11 negative triangles
481: dt=0.2354,  11 negative triangles
482: dt=0.2354,  10 negative triangles
483: dt=0.2354,  10 negative triangles
484: dt=0.2354,  10 negative triangles
485: dt=0.2354,  10 negative triangles
486: dt=0.2354,  10 negative triangles
487: dt=0.2354,  10 negative triangles
488: dt=0.2354,  10 negative triangles
489: dt=0.2354,  10 negative triangles
490: dt=0.2354,  10 negative triangles
491: dt=0.2354,  10 negative triangles
492: dt=0.2237,  10 negative triangles
493: dt=0.2237,  10 negative triangles
494: dt=0.2237,  10 negative triangles
495: dt=0.2237,  10 negative triangles
496: dt=0.2237,  10 negative triangles
497: dt=0.2237,  11 negative triangles
498: dt=0.2237,  10 negative triangles
499: dt=0.2237,  10 negative triangles
500: dt=0.2237,  10 negative triangles
501: dt=0.2237,  10 negative triangles
502: dt=0.2125,  10 negative triangles
503: dt=0.2125,  10 negative triangles
504: dt=0.2125,  10 negative triangles
505: dt=0.2125,   9 negative triangles
506: dt=0.2125,   9 negative triangles
507: dt=0.2125,   9 negative triangles
508: dt=0.2125,   9 negative triangles
509: dt=0.2125,   9 negative triangles
510: dt=0.2125,   9 negative triangles
511: dt=0.2125,   9 negative triangles
512: dt=0.2125,   9 negative triangles
513: dt=0.2125,   9 negative triangles
514: dt=0.2125,   9 negative triangles
515: dt=0.2125,   8 negative triangles
516: dt=0.2125,   8 negative triangles
517: dt=0.2125,   8 negative triangles
518: dt=0.2125,   8 negative triangles
519: dt=0.2125,   8 negative triangles
520: dt=0.2125,   8 negative triangles
521: dt=0.2125,   8 negative triangles
522: dt=0.2125,   8 negative triangles
523: dt=0.2125,   8 negative triangles
524: dt=0.2125,   8 negative triangles
525: dt=0.2019,   8 negative triangles
526: dt=0.2019,   8 negative triangles
527: dt=0.2019,   8 negative triangles
528: dt=0.2019,   8 negative triangles
529: dt=0.2019,   8 negative triangles
530: dt=0.2019,   8 negative triangles
531: dt=0.2019,   8 negative triangles
532: dt=0.2019,   8 negative triangles
533: dt=0.2019,   8 negative triangles
534: dt=0.2019,   8 negative triangles
535: dt=0.1918,   8 negative triangles
536: dt=0.1918,   8 negative triangles
537: dt=0.1918,   8 negative triangles
538: dt=0.1918,   8 negative triangles
539: dt=0.1918,   8 negative triangles
540: dt=0.1918,   8 negative triangles
541: dt=0.1918,   8 negative triangles
542: dt=0.1918,   8 negative triangles
543: dt=0.1918,   8 negative triangles
544: dt=0.1918,   8 negative triangles
545: dt=0.1822,   8 negative triangles
546: dt=0.1822,   8 negative triangles
547: dt=0.1822,   8 negative triangles
548: dt=0.1822,   8 negative triangles
549: dt=0.1822,   8 negative triangles
550: dt=0.1822,   8 negative triangles
551: dt=0.1822,   7 negative triangles
552: dt=0.1822,   7 negative triangles
553: dt=0.1822,   7 negative triangles
554: dt=0.1822,   7 negative triangles
555: dt=0.1822,   7 negative triangles
556: dt=0.1822,   7 negative triangles
557: dt=0.1822,   7 negative triangles
558: dt=0.1822,   7 negative triangles
559: dt=0.1822,   7 negative triangles
560: dt=0.1822,   7 negative triangles
561: dt=0.1731,   7 negative triangles
562: dt=0.1731,   7 negative triangles
563: dt=0.1731,   7 negative triangles
564: dt=0.1731,   7 negative triangles
565: dt=0.1731,   7 negative triangles
566: dt=0.1731,   7 negative triangles
567: dt=0.1731,   7 negative triangles
568: dt=0.1731,   7 negative triangles
569: dt=0.1731,   7 negative triangles
570: dt=0.1731,   7 negative triangles
571: dt=0.1644,   7 negative triangles
572: dt=0.1644,   7 negative triangles
573: dt=0.1644,   7 negative triangles
574: dt=0.1644,   7 negative triangles
575: dt=0.1644,   7 negative triangles
576: dt=0.1644,   7 negative triangles
577: dt=0.1644,   7 negative triangles
578: dt=0.1644,   7 negative triangles
579: dt=0.1644,   7 negative triangles
580: dt=0.1644,   7 negative triangles
581: dt=0.1562,   7 negative triangles
582: dt=0.1562,   7 negative triangles
583: dt=0.1562,   7 negative triangles
584: dt=0.1562,   7 negative triangles
585: dt=0.1562,   7 negative triangles
586: dt=0.1562,   7 negative triangles
587: dt=0.1562,   7 negative triangles
588: dt=0.1562,   7 negative triangles
589: dt=0.1562,   7 negative triangles
590: dt=0.1562,   7 negative triangles
591: dt=0.1484,   7 negative triangles
592: dt=0.1484,   7 negative triangles
593: dt=0.1484,   7 negative triangles
594: dt=0.1484,   7 negative triangles
595: dt=0.1484,   7 negative triangles
596: dt=0.1484,   7 negative triangles
597: dt=0.1484,   7 negative triangles
598: dt=0.1484,   7 negative triangles
599: dt=0.1484,   7 negative triangles
600: dt=0.1484,   7 negative triangles
601: dt=0.1410,   7 negative triangles
602: dt=0.1410,   7 negative triangles
603: dt=0.1410,   7 negative triangles
604: dt=0.1410,   7 negative triangles
605: dt=0.1410,   7 negative triangles
606: dt=0.1410,   7 negative triangles
607: dt=0.1410,   7 negative triangles
608: dt=0.1410,   7 negative triangles
609: dt=0.1410,   7 negative triangles
610: dt=0.1410,   6 negative triangles
611: dt=0.1410,   6 negative triangles
612: dt=0.1410,   6 negative triangles
613: dt=0.1410,   6 negative triangles
614: dt=0.1410,   6 negative triangles
615: dt=0.1410,   6 negative triangles
616: dt=0.1410,   6 negative triangles
617: dt=0.1410,   6 negative triangles
618: dt=0.1410,   6 negative triangles
619: dt=0.1410,   6 negative triangles
620: dt=0.1339,   6 negative triangles
621: dt=0.1339,   6 negative triangles
622: dt=0.1339,   6 negative triangles
623: dt=0.1339,   6 negative triangles
624: dt=0.1339,   6 negative triangles
625: dt=0.1339,   6 negative triangles
626: dt=0.1339,   6 negative triangles
627: dt=0.1339,   6 negative triangles
628: dt=0.1339,   6 negative triangles
629: dt=0.1339,   6 negative triangles
630: dt=0.1272,   6 negative triangles
631: dt=0.1272,   6 negative triangles
632: dt=0.1272,   6 negative triangles
633: dt=0.1272,   6 negative triangles
634: dt=0.1272,   6 negative triangles
635: dt=0.1272,   6 negative triangles
636: dt=0.1272,   6 negative triangles
637: dt=0.1272,   6 negative triangles
638: dt=0.1272,   6 negative triangles
639: dt=0.1272,   6 negative triangles
640: dt=0.1209,   6 negative triangles
641: dt=0.1209,   6 negative triangles
642: dt=0.1209,   6 negative triangles
643: dt=0.1209,   6 negative triangles
644: dt=0.1209,   6 negative triangles
645: dt=0.1209,   6 negative triangles
646: dt=0.1209,   6 negative triangles
647: dt=0.1209,   6 negative triangles
648: dt=0.1209,   6 negative triangles
649: dt=0.1209,   6 negative triangles
650: dt=0.1148,   6 negative triangles
651: dt=0.1148,   6 negative triangles
652: dt=0.1148,   6 negative triangles
653: dt=0.1148,   6 negative triangles
654: dt=0.1148,   6 negative triangles
655: dt=0.1148,   6 negative triangles
656: dt=0.1148,   6 negative triangles
657: dt=0.1148,   6 negative triangles
658: dt=0.1148,   6 negative triangles
659: dt=0.1148,   6 negative triangles
660: dt=0.1091,   6 negative triangles
661: dt=0.1091,   6 negative triangles
662: dt=0.1091,   6 negative triangles
663: dt=0.1091,   6 negative triangles
664: dt=0.1091,   6 negative triangles
665: dt=0.1091,   6 negative triangles
666: dt=0.1091,   6 negative triangles
667: dt=0.1091,   6 negative triangles
668: dt=0.1091,   6 negative triangles
669: dt=0.1091,   6 negative triangles
670: dt=0.1036,   6 negative triangles
671: dt=0.1036,   6 negative triangles
672: dt=0.1036,   6 negative triangles
673: dt=0.1036,   6 negative triangles
674: dt=0.1036,   6 negative triangles
675: dt=0.1036,   6 negative triangles
676: dt=0.1036,   6 negative triangles
677: dt=0.1036,   6 negative triangles
678: dt=0.1036,   6 negative triangles
679: dt=0.1036,   6 negative triangles
680: dt=0.0984,   6 negative triangles
681: dt=0.0984,   6 negative triangles
682: dt=0.0984,   6 negative triangles
683: dt=0.0984,   6 negative triangles
684: dt=0.0984,   6 negative triangles
685: dt=0.0984,   6 negative triangles
686: dt=0.0984,   6 negative triangles
687: dt=0.0984,   6 negative triangles
688: dt=0.0984,   6 negative triangles
689: dt=0.0984,   6 negative triangles
690: dt=0.0935,   6 negative triangles
691: dt=0.0935,   6 negative triangles
692: dt=0.0935,   6 negative triangles
693: dt=0.0935,   6 negative triangles
694: dt=0.0935,   6 negative triangles
695: dt=0.0935,   6 negative triangles
696: dt=0.0935,   6 negative triangles
697: dt=0.0935,   6 negative triangles
698: dt=0.0935,   6 negative triangles
699: dt=0.0935,   6 negative triangles
700: dt=0.0888,   6 negative triangles
701: dt=0.0888,   6 negative triangles
702: dt=0.0888,   6 negative triangles
703: dt=0.0888,   6 negative triangles
704: dt=0.0888,   6 negative triangles
705: dt=0.0888,   6 negative triangles
706: dt=0.0888,   6 negative triangles
707: dt=0.0888,   6 negative triangles
708: dt=0.0888,   6 negative triangles
709: dt=0.0888,   6 negative triangles
710: dt=0.0844,   6 negative triangles
711: dt=0.0844,   6 negative triangles
712: dt=0.0844,   6 negative triangles
713: dt=0.0844,   6 negative triangles
714: dt=0.0844,   6 negative triangles
715: dt=0.0844,   6 negative triangles
716: dt=0.0844,   6 negative triangles
717: dt=0.0844,   6 negative triangles
718: dt=0.0844,   6 negative triangles
719: dt=0.0844,   6 negative triangles
720: dt=0.0802,   6 negative triangles
721: dt=0.0802,   6 negative triangles
722: dt=0.0802,   6 negative triangles
723: dt=0.0802,   6 negative triangles
724: dt=0.0802,   6 negative triangles
725: dt=0.0802,   6 negative triangles
726: dt=0.0802,   6 negative triangles
727: dt=0.0802,   6 negative triangles
728: dt=0.0802,   6 negative triangles
729: dt=0.0802,   6 negative triangles
730: dt=0.0762,   6 negative triangles
731: dt=0.0762,   6 negative triangles
732: dt=0.0762,   6 negative triangles
733: dt=0.0762,   6 negative triangles
734: dt=0.0762,   6 negative triangles
735: dt=0.0762,   6 negative triangles
736: dt=0.0762,   6 negative triangles
737: dt=0.0762,   6 negative triangles
738: dt=0.0762,   6 negative triangles
739: dt=0.0762,   6 negative triangles
740: dt=0.0724,   6 negative triangles
741: dt=0.0724,   6 negative triangles
742: dt=0.0724,   6 negative triangles
743: dt=0.0724,   6 negative triangles
744: dt=0.0724,   6 negative triangles
745: dt=0.0724,   6 negative triangles
746: dt=0.0724,   6 negative triangles
747: dt=0.0724,   6 negative triangles
748: dt=0.0724,   6 negative triangles
749: dt=0.0724,   6 negative triangles
750: dt=0.0687,   6 negative triangles
751: dt=0.0687,   6 negative triangles
752: dt=0.0687,   6 negative triangles
753: dt=0.0687,   6 negative triangles
754: dt=0.0687,   6 negative triangles
755: dt=0.0687,   6 negative triangles
756: dt=0.0687,   6 negative triangles
757: dt=0.0687,   6 negative triangles
758: dt=0.0687,   6 negative triangles
759: dt=0.0687,   6 negative triangles
760: dt=0.0653,   6 negative triangles
761: dt=0.0653,   6 negative triangles
762: dt=0.0653,   6 negative triangles
763: dt=0.0653,   6 negative triangles
764: dt=0.0653,   6 negative triangles
765: dt=0.0653,   6 negative triangles
766: dt=0.0653,   6 negative triangles
767: dt=0.0653,   6 negative triangles
768: dt=0.0653,   6 negative triangles
769: dt=0.0653,   6 negative triangles
770: dt=0.0620,   6 negative triangles
771: dt=0.0620,   6 negative triangles
772: dt=0.0620,   6 negative triangles
773: dt=0.0620,   6 negative triangles
774: dt=0.0620,   6 negative triangles
775: dt=0.0620,   6 negative triangles
776: dt=0.0620,   6 negative triangles
777: dt=0.0620,   6 negative triangles
778: dt=0.0620,   6 negative triangles
779: dt=0.0620,   6 negative triangles
780: dt=0.0589,   6 negative triangles
781: dt=0.0589,   6 negative triangles
782: dt=0.0589,   6 negative triangles
783: dt=0.0589,   6 negative triangles
784: dt=0.0589,   6 negative triangles
785: dt=0.0589,   6 negative triangles
786: dt=0.0589,   6 negative triangles
787: dt=0.0589,   6 negative triangles
788: dt=0.0589,   6 negative triangles
789: dt=0.0589,   6 negative triangles
790: dt=0.0560,   6 negative triangles
791: dt=0.0560,   6 negative triangles
792: dt=0.0560,   6 negative triangles
793: dt=0.0560,   6 negative triangles
794: dt=0.0560,   6 negative triangles
795: dt=0.0560,   6 negative triangles
796: dt=0.0560,   6 negative triangles
797: dt=0.0560,   6 negative triangles
798: dt=0.0560,   6 negative triangles
799: dt=0.0560,   6 negative triangles
800: dt=0.0532,   6 negative triangles
801: dt=0.0532,   6 negative triangles
802: dt=0.0532,   6 negative triangles
803: dt=0.0532,   6 negative triangles
804: dt=0.0532,   6 negative triangles
805: dt=0.0532,   6 negative triangles
806: dt=0.0532,   6 negative triangles
807: dt=0.0532,   6 negative triangles
808: dt=0.0532,   6 negative triangles
809: dt=0.0532,   6 negative triangles
810: dt=0.0505,   6 negative triangles
811: dt=0.0505,   6 negative triangles
812: dt=0.0505,   6 negative triangles
813: dt=0.0505,   6 negative triangles
814: dt=0.0505,   6 negative triangles
815: dt=0.0505,   6 negative triangles
816: dt=0.0505,   6 negative triangles
817: dt=0.0505,   6 negative triangles
818: dt=0.0505,   6 negative triangles
819: dt=0.0505,   6 negative triangles
820: dt=0.0480,   6 negative triangles
821: dt=0.0480,   6 negative triangles
822: dt=0.0480,   6 negative triangles
823: dt=0.0480,   6 negative triangles
824: dt=0.0480,   6 negative triangles
825: dt=0.0480,   6 negative triangles
826: dt=0.0480,   6 negative triangles
827: dt=0.0480,   6 negative triangles
828: dt=0.0480,   6 negative triangles
829: dt=0.0480,   6 negative triangles
830: dt=0.0456,   6 negative triangles
831: dt=0.0456,   6 negative triangles
832: dt=0.0456,   6 negative triangles
833: dt=0.0456,   6 negative triangles
834: dt=0.0456,   6 negative triangles
835: dt=0.0456,   6 negative triangles
836: dt=0.0456,   6 negative triangles
837: dt=0.0456,   6 negative triangles
838: dt=0.0456,   6 negative triangles
839: dt=0.0456,   6 negative triangles
840: dt=0.0433,   6 negative triangles
841: dt=0.0433,   6 negative triangles
842: dt=0.0433,   7 negative triangles
843: dt=0.0433,   7 negative triangles
844: dt=0.0433,   7 negative triangles
845: dt=0.0433,   7 negative triangles
846: dt=0.0433,   7 negative triangles
847: dt=0.0433,   7 negative triangles
848: dt=0.0433,   7 negative triangles
849: dt=0.0433,   7 negative triangles
850: dt=0.0412,   7 negative triangles
851: dt=0.0412,   7 negative triangles
852: dt=0.0412,   7 negative triangles
853: dt=0.0412,   7 negative triangles
854: dt=0.0412,   7 negative triangles
855: dt=0.0412,   7 negative triangles
856: dt=0.0412,   7 negative triangles
857: dt=0.0412,   7 negative triangles
858: dt=0.0412,   7 negative triangles
859: dt=0.0412,   7 negative triangles
860: dt=0.0391,   7 negative triangles
861: dt=0.0391,   7 negative triangles
862: dt=0.0391,   7 negative triangles
863: dt=0.0391,   7 negative triangles
864: dt=0.0391,   7 negative triangles
865: dt=0.0391,   7 negative triangles
866: dt=0.0391,   7 negative triangles
867: dt=0.0391,   7 negative triangles
868: dt=0.0391,   7 negative triangles
869: dt=0.0391,   7 negative triangles
870: dt=0.0371,   7 negative triangles
871: dt=0.0371,   7 negative triangles
872: dt=0.0371,   7 negative triangles
873: dt=0.0371,   7 negative triangles
874: dt=0.0371,   7 negative triangles
875: dt=0.0371,   7 negative triangles
876: dt=0.0371,   7 negative triangles
877: dt=0.0371,   7 negative triangles
878: dt=0.0371,   7 negative triangles
879: dt=0.0371,   7 negative triangles
880: dt=0.0353,   7 negative triangles
881: dt=0.0353,   7 negative triangles
882: dt=0.0353,   7 negative triangles
883: dt=0.0353,   7 negative triangles
884: dt=0.0353,   7 negative triangles
885: dt=0.0353,   7 negative triangles
886: dt=0.0353,   7 negative triangles
887: dt=0.0353,   7 negative triangles
888: dt=0.0353,   7 negative triangles
889: dt=0.0353,   7 negative triangles
890: dt=0.0335,   7 negative triangles
891: dt=0.0335,   7 negative triangles
892: dt=0.0335,   7 negative triangles
893: dt=0.0335,   7 negative triangles
894: dt=0.0335,   7 negative triangles
895: dt=0.0335,   7 negative triangles
896: dt=0.0335,   7 negative triangles
897: dt=0.0335,   7 negative triangles
898: dt=0.0335,   7 negative triangles
899: dt=0.0335,   7 negative triangles
900: dt=0.0319,   7 negative triangles
901: dt=0.0319,   7 negative triangles
902: dt=0.0319,   7 negative triangles
903: dt=0.0319,   7 negative triangles
904: dt=0.0319,   7 negative triangles
905: dt=0.0319,   7 negative triangles
906: dt=0.0319,   7 negative triangles
907: dt=0.0319,   7 negative triangles
908: dt=0.0319,   7 negative triangles
909: dt=0.0319,   7 negative triangles
910: dt=0.0303,   7 negative triangles
911: dt=0.0303,   7 negative triangles
912: dt=0.0303,   7 negative triangles
913: dt=0.0303,   7 negative triangles
914: dt=0.0303,   7 negative triangles
915: dt=0.0303,   7 negative triangles
916: dt=0.0303,   7 negative triangles
917: dt=0.0303,   7 negative triangles
918: dt=0.0303,   7 negative triangles
919: dt=0.0303,   7 negative triangles
920: dt=0.0287,   7 negative triangles
921: dt=0.0287,   7 negative triangles
922: dt=0.0287,   7 negative triangles
923: dt=0.0287,   7 negative triangles
924: dt=0.0287,   7 negative triangles
925: dt=0.0287,   7 negative triangles
926: dt=0.0287,   7 negative triangles
927: dt=0.0287,   7 negative triangles
928: dt=0.0287,   7 negative triangles
929: dt=0.0287,   7 negative triangles
930: dt=0.0273,   7 negative triangles
931: dt=0.0273,   7 negative triangles
932: dt=0.0273,   7 negative triangles
933: dt=0.0273,   7 negative triangles
934: dt=0.0273,   7 negative triangles
935: dt=0.0273,   7 negative triangles
936: dt=0.0273,   7 negative triangles
937: dt=0.0273,   7 negative triangles
938: dt=0.0273,   7 negative triangles
939: dt=0.0273,   7 negative triangles
940: dt=0.0259,   7 negative triangles
941: dt=0.0259,   7 negative triangles
942: dt=0.0259,   7 negative triangles
943: dt=0.0259,   7 negative triangles
944: dt=0.0259,   7 negative triangles
945: dt=0.0259,   7 negative triangles
946: dt=0.0259,   7 negative triangles
947: dt=0.0259,   7 negative triangles
948: dt=0.0259,   7 negative triangles
949: dt=0.0259,   7 negative triangles
950: dt=0.0246,   7 negative triangles
951: dt=0.0246,   7 negative triangles
952: dt=0.0246,   7 negative triangles
953: dt=0.0246,   7 negative triangles
954: dt=0.0246,   7 negative triangles
955: dt=0.0246,   7 negative triangles
956: dt=0.0246,   7 negative triangles
957: dt=0.0246,   7 negative triangles
958: dt=0.0246,   7 negative triangles
959: dt=0.0246,   7 negative triangles
960: dt=0.0234,   7 negative triangles
961: dt=0.0234,   7 negative triangles
962: dt=0.0234,   7 negative triangles
963: dt=0.0234,   7 negative triangles
964: dt=0.0234,   7 negative triangles
965: dt=0.0234,   7 negative triangles
966: dt=0.0234,   7 negative triangles
967: dt=0.0234,   7 negative triangles
968: dt=0.0234,   7 negative triangles
969: dt=0.0234,   7 negative triangles
970: dt=0.0222,   7 negative triangles
971: dt=0.0222,   7 negative triangles
972: dt=0.0222,   7 negative triangles
973: dt=0.0222,   7 negative triangles
974: dt=0.0222,   7 negative triangles
975: dt=0.0222,   7 negative triangles
976: dt=0.0222,   7 negative triangles
977: dt=0.0222,   7 negative triangles
978: dt=0.0222,   7 negative triangles
979: dt=0.0222,   7 negative triangles
980: dt=0.0211,   7 negative triangles
981: dt=0.0211,   7 negative triangles
982: dt=0.0211,   7 negative triangles
983: dt=0.0211,   7 negative triangles
984: dt=0.0211,   7 negative triangles
985: dt=0.0211,   7 negative triangles
986: dt=0.0211,   7 negative triangles
987: dt=0.0211,   7 negative triangles
988: dt=0.0211,   7 negative triangles
989: dt=0.0211,   7 negative triangles
990: dt=0.0201,   7 negative triangles
991: dt=0.0201,   7 negative triangles
992: dt=0.0201,   7 negative triangles
993: dt=0.0201,   7 negative triangles
994: dt=0.0201,   7 negative triangles
995: dt=0.0201,   7 negative triangles
996: dt=0.0201,   7 negative triangles
997: dt=0.0201,   7 negative triangles
998: dt=0.0201,   7 negative triangles
999: dt=0.0201,   7 negative triangles
1000: dt=0.0191,   7 negative triangles
1001: dt=0.0191,   7 negative triangles
1002: dt=0.0191,   7 negative triangles
1003: dt=0.0191,   7 negative triangles
1004: dt=0.0191,   7 negative triangles
1005: dt=0.0191,   7 negative triangles
1006: dt=0.0191,   7 negative triangles
1007: dt=0.0191,   7 negative triangles
1008: dt=0.0191,   7 negative triangles
1009: dt=0.0191,   7 negative triangles
1010: dt=0.0181,   7 negative triangles
1011: dt=0.0181,   7 negative triangles
1012: dt=0.0181,   7 negative triangles
1013: dt=0.0181,   7 negative triangles
1014: dt=0.0181,   7 negative triangles
1015: dt=0.0181,   7 negative triangles
1016: dt=0.0181,   7 negative triangles
1017: dt=0.0181,   7 negative triangles
1018: dt=0.0181,   7 negative triangles
1019: dt=0.0181,   7 negative triangles
1020: dt=0.0172,   7 negative triangles
1021: dt=0.0172,   7 negative triangles
1022: dt=0.0172,   7 negative triangles
1023: dt=0.0172,   7 negative triangles
1024: dt=0.0172,   7 negative triangles
1025: dt=0.0172,   7 negative triangles
1026: dt=0.0172,   7 negative triangles
1027: dt=0.0172,   7 negative triangles
1028: dt=0.0172,   7 negative triangles
1029: dt=0.0172,   7 negative triangles
1030: dt=0.0164,   7 negative triangles
1031: dt=0.0164,   7 negative triangles
1032: dt=0.0164,   7 negative triangles
1033: dt=0.0164,   7 negative triangles
1034: dt=0.0164,   7 negative triangles
1035: dt=0.0164,   7 negative triangles
1036: dt=0.0164,   7 negative triangles
1037: dt=0.0164,   7 negative triangles
1038: dt=0.0164,   7 negative triangles
1039: dt=0.0164,   7 negative triangles
1040: dt=0.0155,   7 negative triangles
1041: dt=0.0155,   7 negative triangles
1042: dt=0.0155,   7 negative triangles
1043: dt=0.0155,   7 negative triangles
1044: dt=0.0155,   7 negative triangles
1045: dt=0.0155,   7 negative triangles
1046: dt=0.0155,   7 negative triangles
1047: dt=0.0155,   7 negative triangles
1048: dt=0.0155,   7 negative triangles
1049: dt=0.0155,   7 negative triangles
1050: dt=0.0148,   7 negative triangles
1051: dt=0.0148,   7 negative triangles
1052: dt=0.0148,   7 negative triangles
1053: dt=0.0148,   7 negative triangles
1054: dt=0.0148,   7 negative triangles
1055: dt=0.0148,   7 negative triangles
1056: dt=0.0148,   7 negative triangles
1057: dt=0.0148,   7 negative triangles
1058: dt=0.0148,   7 negative triangles
1059: dt=0.0148,   7 negative triangles
1060: dt=0.0140,   7 negative triangles
1061: dt=0.0140,   7 negative triangles
1062: dt=0.0140,   7 negative triangles
1063: dt=0.0140,   7 negative triangles
1064: dt=0.0140,   7 negative triangles
1065: dt=0.0140,   7 negative triangles
1066: dt=0.0140,   7 negative triangles
1067: dt=0.0140,   7 negative triangles
1068: dt=0.0140,   7 negative triangles
1069: dt=0.0140,   7 negative triangles
1070: dt=0.0133,   7 negative triangles
1071: dt=0.0133,   7 negative triangles
1072: dt=0.0133,   7 negative triangles
1073: dt=0.0133,   7 negative triangles
1074: dt=0.0133,   7 negative triangles
1075: dt=0.0133,   7 negative triangles
1076: dt=0.0133,   7 negative triangles
1077: dt=0.0133,   7 negative triangles
1078: dt=0.0133,   7 negative triangles
1079: dt=0.0133,   7 negative triangles
1080: dt=0.0127,   7 negative triangles
1081: dt=0.0127,   7 negative triangles
1082: dt=0.0127,   7 negative triangles
1083: dt=0.0127,   7 negative triangles
1084: dt=0.0127,   7 negative triangles
1085: dt=0.0127,   7 negative triangles
1086: dt=0.0127,   7 negative triangles
1087: dt=0.0127,   7 negative triangles
1088: dt=0.0127,   7 negative triangles
1089: dt=0.0127,   7 negative triangles
1090: dt=0.0120,   7 negative triangles
1091: dt=0.0120,   7 negative triangles
1092: dt=0.0120,   7 negative triangles
1093: dt=0.0120,   7 negative triangles
1094: dt=0.0120,   7 negative triangles
1095: dt=0.0120,   7 negative triangles
1096: dt=0.0120,   7 negative triangles
1097: dt=0.0120,   7 negative triangles
1098: dt=0.0120,   7 negative triangles
1099: dt=0.0120,   7 negative triangles
1100: dt=0.0114,   7 negative triangles
1101: dt=0.0114,   7 negative triangles
1102: dt=0.0114,   7 negative triangles
1103: dt=0.0114,   7 negative triangles
1104: dt=0.0114,   7 negative triangles
1105: dt=0.0114,   7 negative triangles
1106: dt=0.0114,   7 negative triangles
1107: dt=0.0114,   7 negative triangles
1108: dt=0.0114,   7 negative triangles
1109: dt=0.0114,   7 negative triangles
writing registered surface to ../surf/lh.sphere.reg...
1110: dt=0.0108,   7 negative triangles
1111: 7 negative triangles
registration took 0.14 hours
#VMPC# mris_register VmPeak  1783700
FSRUNTIME@ mris_register  0.1416 hours 16 threads

 ln -sf lh.sphere.reg lh.fsaverage.sphere.reg 

#--------------------------------------------
#@# Jacobian white lh Fri Mar 13 06:23:06 CET 2026
/out/sourcedata/freesurfer/sub-v2s4x29603_ses-1/scripts

 mris_jacobian ../surf/lh.white.preaparc ../surf/lh.sphere.reg ../surf/lh.jacobian_white 

reading surface from ../surf/lh.white.preaparc...
writing curvature file ../surf/lh.jacobian_white
#--------------------------------------------
#@# AvgCurv lh Fri Mar 13 06:23:07 CET 2026
/out/sourcedata/freesurfer/sub-v2s4x29603_ses-1/scripts

 mrisp_paint -a 5 /opt/freesurfer/average/lh.folding.atlas.acfb40.noaparc.i12.2016-08-02.tif#6 ../surf/lh.sphere.reg ../surf/lh.avg_curv 

averaging curvature patterns 5 times...
reading surface from ../surf/lh.sphere.reg...
reading template parameterization from /opt/freesurfer/average/lh.folding.atlas.acfb40.noaparc.i12.2016-08-02.tif...
writing curvature file to ../surf/lh.avg_curv...
#-----------------------------------------
#@# Cortical Parc lh Fri Mar 13 06:23:07 CET 2026
/out/sourcedata/freesurfer/sub-v2s4x29603_ses-1/scripts

 mris_ca_label -l ../label/lh.cortex.label -aseg ../mri/aseg.presurf.mgz -seed 1234 sub-v2s4x29603_ses-1 lh ../surf/lh.sphere.reg /opt/freesurfer/average/lh.DKaparc.atlas.acfb40.noaparc.i12.2016-08-02.gcs ../label/lh.aparc.annot 

setting seed for random number generator to 1234
using ../mri/aseg.presurf.mgz aseg volume to correct midline
7.3.2
  7.3.2
reading atlas from /opt/freesurfer/average/lh.DKaparc.atlas.acfb40.noaparc.i12.2016-08-02.gcs...
reading color table from GCSA file....
average std = 0.8   using min determinant for regularization = 0.006
0 singular and 342 ill-conditioned covariance matrices regularized
input 0: MEAN CURVATURE, flags 0, avgs 5, name mean_curvature
labeling surface...
1059 labels changed using aseg
relabeling using gibbs priors...
000:   3166 changed, 137773 examined...
001:    731 changed, 13155 examined...
002:    162 changed, 4099 examined...
003:     58 changed, 987 examined...
004:     20 changed, 346 examined...
005:      9 changed, 130 examined...
006:      6 changed, 58 examined...
007:      4 changed, 38 examined...
008:      3 changed, 28 examined...
009:      2 changed, 18 examined...
010:      2 changed, 12 examined...
011:      1 changed, 9 examined...
012:      0 changed, 8 examined...
232 labels changed using aseg
000: 118 total segments, 74 labels (221 vertices) changed
001: 45 total segments, 1 labels (1 vertices) changed
002: 44 total segments, 0 labels (0 vertices) changed
10 filter iterations complete (10 requested, 5 changed)
rationalizing unknown annotations with cortex label
relabeling unknown label...
relabeling corpuscallosum label...
1603 vertices marked for relabeling...
1603 labels changed in reclassification.
writing output to ../label/lh.aparc.annot...
classification took 0 minutes and 7 seconds.
#--------------------------------------------
#@# WhiteSurfs lh Fri Mar 13 06:23:15 CET 2026
cd /out/sourcedata/freesurfer/sub-v2s4x29603_ses-1/mri
mris_place_surface --adgws-in ../surf/autodet.gw.stats.lh.dat --seg aseg.presurf.mgz --threads 16 --wm wm.mgz --invol brain.finalsurfs.mgz --lh --i ../surf/lh.white.preaparc --o ../surf/lh.white --white --nsmooth 0 --rip-label ../label/lh.cortex.label --rip-bg --rip-surf ../surf/lh.white.preaparc --aparc ../label/lh.aparc.annot
7.3.2
7.3.2

cd /out/sourcedata/freesurfer/sub-v2s4x29603_ses-1/mri
setenv SUBJECTS_DIR /out/sourcedata/freesurfer
mris_place_surface --adgws-in ../surf/autodet.gw.stats.lh.dat --seg aseg.presurf.mgz --threads 16 --wm wm.mgz --invol brain.finalsurfs.mgz --lh --i ../surf/lh.white.preaparc --o ../surf/lh.white --white --nsmooth 0 --rip-label ../label/lh.cortex.label --rip-bg --rip-surf ../surf/lh.white.preaparc --aparc ../label/lh.aparc.annot 

Reading in input surface ../surf/lh.white.preaparc
Not smoothing input surface
Area    275542  0.33456  0.11737 0.002160   2.4469
Corner  826626 60.00000 13.54133 0.771875 178.4558
Edge    413313  0.88912  0.19681 0.043045   4.2758
Hinge   413313  9.32080 10.24650 0.000004 179.8127
Reading in aparc ../label/lh.aparc.annot
Reading in input volume brain.finalsurfs.mgz
Reading in wm volume wm.mgz
MRIclipBrightWM(): nthresh=19131, wmmin=5, clip=110 
MRIfindBrightNonWM(): 0 bright non-wm voxels segmented.
Masking bright non-wm for white surface
MRImask(): AllowDiffGeom = 1
MRImask(): AllowDiffGeom = 1
Reading in seg volume aseg.presurf.mgz
Ripping frozen voxels
Ripping vertices not in label ../label/lh.cortex.label
MRISripNotLabel() ripped 7764/137773 vertices (130009 unripped)
Reading in ripping surface ../surf/lh.white.preaparc
Reading in aparc ../label/lh.aparc.annot for ripsurf
Ripping BG
MRISripBasalGanglia(): 1 -2 2 0.5 ripped 414
Ripping segs (eg, WMSA, BG, frozen)
Starting MRISripSegs() d = (-2 2 0.5) segnos: 247 
MRISripSegs(): -2 2 0.5 ripped 0
vertex 68887: xyz = (-27.2489,5.82337,70.6759) oxyz = (-27.2489,5.82337,70.6759) wxzy = (-27.2489,5.82337,70.6759) pxyz = (0,0,0) 
CBVO Creating mask 137773
n_averages 4
Iteration 0 =========================================
n_averages=4, current_sigma=2
Computing target border values 
Entering MRIScomputeBorderValues_new(): 
  inside_hi   = 120.0000000;
  border_hi   = 111.3758770;
  border_low  =  85.0000000;
  outside_low =  76.4331050;
  outside_hi  = 111.3758770;
  sigma = 2;
  max_thickness = 10;
  step_size=0.5;
  STEP_SIZE=0.1;
  which = 1
  thresh = 0
  flags = 0
  CBVfindFirstPeakD1=0
  CBVfindFirstPeakD2=0
  nvertices=137773
  Gdiag_no=-1
  vno start=0, stop=137773
Replacing 255s with 0s
#SI# sigma=2 had to be increased for 105 vertices, nripped=8178
mean border=91.6, 54 (54) missing vertices, mean dist 0.4 [1.3 (%13.1)->0.7 (%86.9))]
%55 local maxima, %39 large gradients and % 0 min vals, 0 gradients ignored
nFirstPeakD1 0
MRIScomputeBorderValues_new() finished in 0.0169 min


Finding expansion regions
mean absolute distance = 0.75 +- 0.99
2750 vertices more than 2 sigmas from mean.
Averaging target values for 5 iterations...
Positioning Surface: tspring = 0.3, nspring = 0.3, spring = 0, niters = 100 l_repulse = 5, l_surf_repulse = 0, checktol = 0
Positioning pial surface
Entering MRISpositionSurface()
  max_mm = 0.3
  MAX_REDUCTIONS = 2, REDUCTION_PCT = 0.5
  parms->check_tol = 0, niterations = 100
tol=1.0e-04, sigma=2.0, host=dna06, nav=4, nbrs=2, l_repulse=5.000, l_tspring=0.300, l_nspring=0.300, l_intensity=0.200, l_curv=1.000
mom=0.00, dt=0.50
complete_dist_mat 0
rms 0
smooth_averages 0
remove_neg 0
ico_order 0
which_surface 0
target_radius 0.000000
nfields 0
scale 0.000000
desired_rms_height 0.000000
momentum 0.000000
nbhd_size 0
max_nbrs 0
niterations 100
nsurfaces 0
SURFACES 3
flags 0 (0)
use curv 0
no sulc 0
no rigid align 0
mris->nsize 2
mris->hemisphere 0
randomSeed 0

000: dt: 0.0000, sse=1024051.7, rms=5.655
001: dt: 0.5000, sse=488103.6, rms=3.383 (40.172%)
002: dt: 0.5000, sse=311095.1, rms=2.145 (36.604%)
003: dt: 0.5000, sse=257991.5, rms=1.581 (26.289%)
004: dt: 0.5000, sse=240316.2, rms=1.327 (16.042%)
005: dt: 0.5000, sse=234533.4, rms=1.219 (8.135%)
006: dt: 0.5000, sse=232335.3, rms=1.161 (4.814%)
rms = 1.1378/1.1607, sse=231886.3/232335.3, time step reduction 1 of 3 to 0.250  0 0 1
007: dt: 0.5000, sse=231886.3, rms=1.138 (1.979%)
008: dt: 0.2500, sse=224919.7, rms=0.993 (12.729%)
rms = 0.9760/0.9929, sse=226433.2/224919.7, time step reduction 2 of 3 to 0.125  0 1 1
009: dt: 0.2500, sse=226433.2, rms=0.976 (1.704%)
rms = 0.9741/0.9760, sse=226204.6/226433.2, time step reduction 3 of 3 to 0.062  0 0 1
010: dt: 0.1250, sse=226204.5, rms=0.974 (0.197%)
  maximum number of reductions reached, breaking from loop
positioning took 0.8 minutes
Iteration 1 =========================================
n_averages=2, current_sigma=1
Computing target border values 
Entering MRIScomputeBorderValues_new(): 
  inside_hi   = 120.0000000;
  border_hi   = 111.3758770;
  border_low  =  85.0000000;
  outside_low =  76.4331050;
  outside_hi  = 111.3758770;
  sigma = 1;
  max_thickness = 10;
  step_size=0.5;
  STEP_SIZE=0.1;
  which = 1
  thresh = 0
  flags = 0
  CBVfindFirstPeakD1=0
  CBVfindFirstPeakD2=0
  nvertices=137773
  Gdiag_no=-1
  vno start=0, stop=137773
Replacing 255s with 0s
#SI# sigma=1 had to be increased for 99 vertices, nripped=8178
mean border=93.4, 61 (6) missing vertices, mean dist -0.3 [0.5 (%67.3)->0.3 (%32.7))]
%66 local maxima, %28 large gradients and % 0 min vals, 0 gradients ignored
nFirstPeakD1 0
MRIScomputeBorderValues_new() finished in 0.0121 min


Finding expansion regions
mean absolute distance = 0.42 +- 0.76
2725 vertices more than 2 sigmas from mean.
Averaging target values for 5 iterations...
Positioning Surface: tspring = 0.3, nspring = 0.3, spring = 0, niters = 100 l_repulse = 5, l_surf_repulse = 0, checktol = 0
Positioning pial surface
Entering MRISpositionSurface()
  max_mm = 0.3
  MAX_REDUCTIONS = 2, REDUCTION_PCT = 0.5
  parms->check_tol = 0, niterations = 100
tol=1.0e-04, sigma=1.0, host=dna06, nav=2, nbrs=2, l_repulse=5.000, l_tspring=0.300, l_nspring=0.300, l_intensity=0.200, l_curv=1.000
mom=0.00, dt=0.50
000: dt: 0.0000, sse=448219.1, rms=2.985
011: dt: 0.5000, sse=297084.7, rms=1.792 (39.951%)
012: dt: 0.5000, sse=256586.9, rms=1.294 (27.808%)
013: dt: 0.5000, sse=243342.5, rms=1.082 (16.372%)
014: dt: 0.5000, sse=238494.8, rms=1.001 (7.504%)
rms = 1.0054/1.0009, sse=239581.2/238494.8, time step reduction 1 of 3 to 0.250  0 1 1
   RMS increased, rejecting step
015: dt: 0.2500, sse=234085.1, rms=0.903 (9.801%)
rms = 0.8571/0.9028, sse=232379.5/234085.1, time step reduction 2 of 3 to 0.125  0 0 1
016: dt: 0.2500, sse=232379.5, rms=0.857 (5.061%)
rms = 0.8523/0.8571, sse=232310.3/232379.5, time step reduction 3 of 3 to 0.062  0 0 1
017: dt: 0.1250, sse=232310.3, rms=0.852 (0.558%)
  maximum number of reductions reached, breaking from loop
positioning took 0.6 minutes
Iteration 2 =========================================
n_averages=1, current_sigma=0.5
Computing target border values 
Entering MRIScomputeBorderValues_new(): 
  inside_hi   = 120.0000000;
  border_hi   = 111.3758770;
  border_low  =  85.0000000;
  outside_low =  76.4331050;
  outside_hi  = 111.3758770;
  sigma = 0.5;
  max_thickness = 10;
  step_size=0.5;
  STEP_SIZE=0.1;
  which = 1
  thresh = 0
  flags = 0
  CBVfindFirstPeakD1=0
  CBVfindFirstPeakD2=0
  nvertices=137773
  Gdiag_no=-1
  vno start=0, stop=137773
Replacing 255s with 0s
#SI# sigma=0.5 had to be increased for 81 vertices, nripped=8178
mean border=95.3, 62 (3) missing vertices, mean dist -0.2 [0.4 (%74.2)->0.2 (%25.8))]
%81 local maxima, %13 large gradients and % 0 min vals, 0 gradients ignored
nFirstPeakD1 0
MRIScomputeBorderValues_new() finished in 0.0099 min


Finding expansion regions
mean absolute distance = 0.34 +- 0.51
3269 vertices more than 2 sigmas from mean.
Averaging target values for 5 iterations...
Positioning Surface: tspring = 0.3, nspring = 0.3, spring = 0, niters = 100 l_repulse = 5, l_surf_repulse = 0, checktol = 0
Positioning pial surface
Entering MRISpositionSurface()
  max_mm = 0.3
  MAX_REDUCTIONS = 2, REDUCTION_PCT = 0.5
  parms->check_tol = 0, niterations = 100
tol=1.0e-04, sigma=0.5, host=dna06, nav=1, nbrs=2, l_repulse=5.000, l_tspring=0.300, l_nspring=0.300, l_intensity=0.200, l_curv=1.000
mom=0.00, dt=0.50
000: dt: 0.0000, sse=396445.2, rms=2.704
018: dt: 0.5000, sse=265471.4, rms=1.442 (46.652%)
019: dt: 0.5000, sse=237091.2, rms=1.032 (28.445%)
020: dt: 0.5000, sse=231841.4, rms=0.937 (9.172%)
rms = 0.9204/0.9374, sse=230575.4/231841.4, time step reduction 1 of 3 to 0.250  0 0 1
021: dt: 0.5000, sse=230575.4, rms=0.920 (1.806%)
022: dt: 0.2500, sse=225368.8, rms=0.799 (13.181%)
rms = 0.7890/0.7991, sse=224958.2/225368.8, time step reduction 2 of 3 to 0.125  0 0 1
023: dt: 0.2500, sse=224958.2, rms=0.789 (1.273%)
rms = 0.7833/0.7890, sse=224022.5/224958.2, time step reduction 3 of 3 to 0.062  0 0 1
024: dt: 0.1250, sse=224022.5, rms=0.783 (0.718%)
  maximum number of reductions reached, breaking from loop
positioning took 0.5 minutes
Iteration 3 =========================================
n_averages=0, current_sigma=0.25
Computing target border values 
Entering MRIScomputeBorderValues_new(): 
  inside_hi   = 120.0000000;
  border_hi   = 111.3758770;
  border_low  =  85.0000000;
  outside_low =  76.4331050;
  outside_hi  = 111.3758770;
  sigma = 0.25;
  max_thickness = 10;
  step_size=0.5;
  STEP_SIZE=0.1;
  which = 1
  thresh = 0
  flags = 0
  CBVfindFirstPeakD1=0
  CBVfindFirstPeakD2=0
  nvertices=137773
  Gdiag_no=-1
  vno start=0, stop=137773
Replacing 255s with 0s
#SI# sigma=0.25 had to be increased for 67 vertices, nripped=8178
mean border=96.0, 104 (2) missing vertices, mean dist -0.1 [0.3 (%59.5)->0.2 (%40.5))]
%86 local maxima, % 8 large gradients and % 0 min vals, 0 gradients ignored
nFirstPeakD1 0
MRIScomputeBorderValues_new() finished in 0.0069 min


Finding expansion regions
mean absolute distance = 0.24 +- 0.36
3072 vertices more than 2 sigmas from mean.
Averaging target values for 5 iterations...
Positioning Surface: tspring = 0.3, nspring = 0.3, spring = 0, niters = 100 l_repulse = 5, l_surf_repulse = 0, checktol = 0
Positioning pial surface
Entering MRISpositionSurface()
  max_mm = 0.3
  MAX_REDUCTIONS = 2, REDUCTION_PCT = 0.5
  parms->check_tol = 0, niterations = 100
tol=1.0e-04, sigma=0.2, host=dna06, nav=0, nbrs=2, l_repulse=5.000, l_tspring=0.300, l_nspring=0.300, l_intensity=0.200, l_curv=1.000
mom=0.00, dt=0.50
000: dt: 0.0000, sse=241400.4, rms=1.224
025: dt: 0.5000, sse=219496.4, rms=0.714 (41.678%)
rms = 0.7631/0.7139, sse=219965.9/219496.4, time step reduction 1 of 3 to 0.250  0 1 1
   RMS increased, rejecting step
rms = 0.6679/0.7139, sse=217162.1/219496.4, time step reduction 2 of 3 to 0.125  0 0 1
026: dt: 0.2500, sse=217162.1, rms=0.668 (6.445%)
rms = 0.6554/0.6679, sse=217256.5/217162.1, time step reduction 3 of 3 to 0.062  0 1 1
027: dt: 0.1250, sse=217256.5, rms=0.655 (1.878%)
  maximum number of reductions reached, breaking from loop
positioning took 0.3 minutes


Writing output to ../surf/lh.white
#ET# mris_place_surface  2.29 minutes
#VMPC# mris_place_surfaces VmPeak  3074588
mris_place_surface done
#--------------------------------------------
#@# T1PialSurf lh Fri Mar 13 06:25:37 CET 2026
cd /out/sourcedata/freesurfer/sub-v2s4x29603_ses-1/mri
mris_place_surface --adgws-in ../surf/autodet.gw.stats.lh.dat --seg aseg.presurf.mgz --threads 16 --wm wm.mgz --invol brain.finalsurfs.mgz --lh --i ../surf/lh.white --o ../surf/lh.pial.T1 --pial --nsmooth 0 --rip-label ../label/lh.cortex+hipamyg.label --pin-medial-wall ../label/lh.cortex.label --aparc ../label/lh.aparc.annot --repulse-surf ../surf/lh.white --white-surf ../surf/lh.white
7.3.2
7.3.2

cd /out/sourcedata/freesurfer/sub-v2s4x29603_ses-1/mri
setenv SUBJECTS_DIR /out/sourcedata/freesurfer
mris_place_surface --adgws-in ../surf/autodet.gw.stats.lh.dat --seg aseg.presurf.mgz --threads 16 --wm wm.mgz --invol brain.finalsurfs.mgz --lh --i ../surf/lh.white --o ../surf/lh.pial.T1 --pial --nsmooth 0 --rip-label ../label/lh.cortex+hipamyg.label --pin-medial-wall ../label/lh.cortex.label --aparc ../label/lh.aparc.annot --repulse-surf ../surf/lh.white --white-surf ../surf/lh.white 

Reading in input surface ../surf/lh.white
Not smoothing input surface
Area    275542  0.33785  0.13222 0.001693   2.8004
Corner  826626 60.00000 15.10318 0.464187 177.9266
Edge    413313  0.89518  0.21811 0.010635   3.9156
Hinge   413313  9.44102 10.53516 0.000023 179.8246
Reading white surface coordinates from ../surf/lh.white
Reading repulsion surface coordinates from ../surf/lh.white
Reading in aparc ../label/lh.aparc.annot
Reading in input volume brain.finalsurfs.mgz
Reading in wm volume wm.mgz
MRIclipBrightWM(): nthresh=19131, wmmin=5, clip=110 
MRIfindBrightNonWM(): 0 bright non-wm voxels segmented.
Masking bright non-wm for pial surface mid_gray = 79.9617
MRImask(): AllowDiffGeom = 1
MRImask(): AllowDiffGeom = 1
MRImask(): AllowDiffGeom = 1
Reading in seg volume aseg.presurf.mgz
Ripping frozen voxels
Ripping vertices not in label ../label/lh.cortex+hipamyg.label
MRISripNotLabel() ripped 5471/137773 vertices (132302 unripped)
INFO: rip surface needed but not specified, so using input surface
Ripping segs (eg, WMSA, BG, frozen)
Starting MRISripSegs() d = (-2 2 0.5) segnos: 247 
MRISripSegs(): -2 2 0.5 ripped 0
vertex 68887: xyz = (-27.185,5.85681,70.7131) oxyz = (-27.185,5.85681,70.7131) wxzy = (-27.185,5.85681,70.7131) pxyz = (-27.185,5.85681,70.7131) 
CBVO Creating mask 137773
n_averages 16
Iteration 0 =========================================
n_averages=16, current_sigma=2
Computing target border values 
Entering MRIScomputeBorderValues_new(): 
  inside_hi   = 100.6241230;
  border_hi   =  76.4331050;
  border_low  =  59.2993200;
  outside_low =  10.0000000;
  outside_hi  =  72.1496580;
  sigma = 2;
  max_thickness = 10;
  step_size=0.5;
  STEP_SIZE=0.1;
  which = 2
  thresh = 0
  flags = 0
  CBVfindFirstPeakD1=0
  CBVfindFirstPeakD2=0
  nvertices=137773
  Gdiag_no=-1
  vno start=0, stop=137773
Replacing 255s with 0s
#SI# sigma=2 had to be increased for 176 vertices, nripped=5471
mean border=74.1, 143 (143) missing vertices, mean dist 1.8 [2.6 (%0.0)->2.8 (%100.0))]
%17 local maxima, %44 large gradients and %34 min vals, 0 gradients ignored
nFirstPeakD1 0
MRIScomputeBorderValues_new() finished in 0.0101 min


Averaging target values for 5 iterations...
Positioning Surface: tspring = 0.3, nspring = 0.3, spring = 0, niters = 100 l_repulse = 0, l_surf_repulse = 5, checktol = 0
Positioning pial surface
Entering MRISpositionSurface()
  max_mm = 0.3
  MAX_REDUCTIONS = 2, REDUCTION_PCT = 0.5
  parms->check_tol = 0, niterations = 100
tol=1.0e-04, sigma=2.0, host=dna06, nav=16, nbrs=2, l_surf_repulse=5.000, l_tspring=0.300, l_nspring=0.300, l_intensity=0.200, l_curv=1.000
mom=0.00, dt=0.50
complete_dist_mat 0
rms 0
smooth_averages 0
remove_neg 0
ico_order 0
which_surface 0
target_radius 0.000000
nfields 0
scale 0.000000
desired_rms_height 0.000000
momentum 0.000000
nbhd_size 0
max_nbrs 0
niterations 100
nsurfaces 0
SURFACES 3
flags 0 (0)
use curv 0
no sulc 0
no rigid align 0
mris->nsize 2
mris->hemisphere 0
randomSeed 0

000: dt: 0.0000, sse=13799666.0, rms=22.683
001: dt: 0.5000, sse=10507103.0, rms=19.747 (12.944%)
002: dt: 0.5000, sse=8006226.0, rms=17.184 (12.980%)
003: dt: 0.5000, sse=6218592.5, rms=15.086 (12.210%)
004: dt: 0.5000, sse=4960615.5, rms=13.412 (11.092%)
005: dt: 0.5000, sse=4010864.8, rms=11.994 (10.575%)
006: dt: 0.5000, sse=3212443.8, rms=10.655 (11.162%)
007: dt: 0.5000, sse=2529110.5, rms=9.358 (12.180%)
008: dt: 0.5000, sse=1952798.2, rms=8.102 (13.419%)
009: dt: 0.5000, sse=1484613.9, rms=6.915 (14.653%)
010: dt: 0.5000, sse=1134298.5, rms=5.870 (15.109%)
011: dt: 0.5000, sse=893221.8, rms=5.024 (14.406%)
012: dt: 0.5000, sse=737824.5, rms=4.392 (12.590%)
013: dt: 0.5000, sse=646095.9, rms=3.969 (9.618%)
014: dt: 0.5000, sse=593913.6, rms=3.705 (6.650%)
015: dt: 0.5000, sse=565781.9, rms=3.553 (4.108%)
016: dt: 0.5000, sse=549769.2, rms=3.462 (2.580%)
017: dt: 0.5000, sse=537520.7, rms=3.389 (2.088%)
018: dt: 0.5000, sse=528603.0, rms=3.335 (1.610%)
019: dt: 0.5000, sse=519426.6, rms=3.279 (1.673%)
020: dt: 0.5000, sse=511532.6, rms=3.229 (1.529%)
rms = 3.1975/3.2288, sse=506748.5/511532.6, time step reduction 1 of 3 to 0.250  0 0 1
021: dt: 0.5000, sse=506748.5, rms=3.198 (0.967%)
022: dt: 0.2500, sse=399828.6, rms=2.456 (23.179%)
023: dt: 0.2500, sse=378706.4, rms=2.284 (7.005%)
rms = 2.2453/2.2843, sse=374295.1/378706.4, time step reduction 2 of 3 to 0.125  0 0 1
024: dt: 0.2500, sse=374295.1, rms=2.245 (1.707%)
025: dt: 0.1250, sse=366452.9, rms=2.175 (3.136%)
rms = 2.1509/2.1749, sse=363802.5/366452.9, time step reduction 3 of 3 to 0.062  0 0 1
026: dt: 0.1250, sse=363802.5, rms=2.151 (1.104%)
  maximum number of reductions reached, breaking from loop
positioning took 1.8 minutes
Iteration 1 =========================================
n_averages=8, current_sigma=1
Computing target border values 
Entering MRIScomputeBorderValues_new(): 
  inside_hi   = 100.6241230;
  border_hi   =  76.4331050;
  border_low  =  59.2993200;
  outside_low =  10.0000000;
  outside_hi  =  72.1496580;
  sigma = 1;
  max_thickness = 10;
  step_size=0.5;
  STEP_SIZE=0.1;
  which = 2
  thresh = 0
  flags = 0
  CBVfindFirstPeakD1=0
  CBVfindFirstPeakD2=0
  nvertices=137773
  Gdiag_no=-1
  vno start=0, stop=137773
Replacing 255s with 0s
#SI# sigma=1 had to be increased for 9281 vertices, nripped=5471
mean border=72.9, 1483 (17) missing vertices, mean dist 0.1 [0.1 (%43.4)->0.4 (%56.6))]
%34 local maxima, %31 large gradients and %30 min vals, 0 gradients ignored
nFirstPeakD1 0
MRIScomputeBorderValues_new() finished in 0.0031 min


Averaging target values for 5 iterations...
Positioning Surface: tspring = 0.3, nspring = 0.3, spring = 0, niters = 100 l_repulse = 0, l_surf_repulse = 5, checktol = 0
Positioning pial surface
Entering MRISpositionSurface()
  max_mm = 0.3
  MAX_REDUCTIONS = 2, REDUCTION_PCT = 0.5
  parms->check_tol = 0, niterations = 100
tol=1.0e-04, sigma=1.0, host=dna06, nav=8, nbrs=2, l_surf_repulse=5.000, l_tspring=0.300, l_nspring=0.300, l_intensity=0.200, l_curv=1.000
mom=0.00, dt=0.50
000: dt: 0.0000, sse=521080.0, rms=2.960
027: dt: 0.5000, sse=495092.3, rms=2.784 (5.948%)
rms = 2.8760/2.7841, sse=506670.1/495092.3, time step reduction 1 of 3 to 0.250  0 1 1
   RMS increased, rejecting step
028: dt: 0.2500, sse=437818.0, rms=2.360 (15.229%)
029: dt: 0.2500, sse=415777.9, rms=2.177 (7.751%)
030: dt: 0.2500, sse=408608.9, rms=2.113 (2.941%)
rms = 2.0828/2.1132, sse=405179.3/408609.0, time step reduction 2 of 3 to 0.125  0 0 1
031: dt: 0.2500, sse=405179.3, rms=2.083 (1.437%)
032: dt: 0.1250, sse=399128.5, rms=2.024 (2.817%)
rms = 2.0085/2.0241, sse=397502.4/399128.5, time step reduction 3 of 3 to 0.062  0 0 1
033: dt: 0.1250, sse=397502.4, rms=2.008 (0.775%)
  maximum number of reductions reached, breaking from loop
positioning took 0.5 minutes
Iteration 2 =========================================
n_averages=4, current_sigma=0.5
Computing target border values 
Entering MRIScomputeBorderValues_new(): 
  inside_hi   = 100.6241230;
  border_hi   =  76.4331050;
  border_low  =  59.2993200;
  outside_low =  10.0000000;
  outside_hi  =  72.1496580;
  sigma = 0.5;
  max_thickness = 10;
  step_size=0.5;
  STEP_SIZE=0.1;
  which = 2
  thresh = 0
  flags = 0
  CBVfindFirstPeakD1=0
  CBVfindFirstPeakD2=0
  nvertices=137773
  Gdiag_no=-1
  vno start=0, stop=137773
Replacing 255s with 0s
#SI# sigma=0.5 had to be increased for 10383 vertices, nripped=5471
mean border=72.2, 1819 (10) missing vertices, mean dist 0.1 [0.1 (%40.6)->0.3 (%59.4))]
%48 local maxima, %17 large gradients and %30 min vals, 0 gradients ignored
nFirstPeakD1 0
MRIScomputeBorderValues_new() finished in 0.0022 min


Averaging target values for 5 iterations...
Positioning Surface: tspring = 0.3, nspring = 0.3, spring = 0, niters = 100 l_repulse = 0, l_surf_repulse = 5, checktol = 0
Positioning pial surface
Entering MRISpositionSurface()
  max_mm = 0.3
  MAX_REDUCTIONS = 2, REDUCTION_PCT = 0.5
  parms->check_tol = 0, niterations = 100
tol=1.0e-04, sigma=0.5, host=dna06, nav=4, nbrs=2, l_surf_repulse=5.000, l_tspring=0.300, l_nspring=0.300, l_intensity=0.200, l_curv=1.000
mom=0.00, dt=0.50
000: dt: 0.0000, sse=443106.0, rms=2.379
rms = 2.4555/2.3791, sse=453019.9/443106.0, time step reduction 1 of 3 to 0.250  0 1 1
   RMS increased, rejecting step
034: dt: 0.2500, sse=413061.8, rms=2.124 (10.731%)
035: dt: 0.2500, sse=399056.4, rms=1.994 (6.108%)
rms = 1.9653/1.9940, sse=395884.3/399056.4, time step reduction 2 of 3 to 0.125  0 0 1
036: dt: 0.2500, sse=395884.2, rms=1.965 (1.439%)
rms = 1.9274/1.9653, sse=392168.9/395884.3, time step reduction 3 of 3 to 0.062  0 0 1
037: dt: 0.1250, sse=392168.9, rms=1.927 (1.930%)
  maximum number of reductions reached, breaking from loop
positioning took 0.3 minutes
Iteration 3 =========================================
n_averages=2, current_sigma=0.25
Computing target border values 
Entering MRIScomputeBorderValues_new(): 
  inside_hi   = 100.6241230;
  border_hi   =  76.4331050;
  border_low  =  59.2993200;
  outside_low =  10.0000000;
  outside_hi  =  72.1496580;
  sigma = 0.25;
  max_thickness = 10;
  step_size=0.5;
  STEP_SIZE=0.1;
  which = 2
  thresh = 0
  flags = 0
  CBVfindFirstPeakD1=0
  CBVfindFirstPeakD2=0
  nvertices=137773
  Gdiag_no=-1
  vno start=0, stop=137773
Replacing 255s with 0s
#SI# sigma=0.25 had to be increased for 8904 vertices, nripped=5471
mean border=71.7, 3924 (10) missing vertices, mean dist 0.1 [0.2 (%44.0)->0.2 (%56.0))]
%51 local maxima, %13 large gradients and %29 min vals, 0 gradients ignored
nFirstPeakD1 0
MRIScomputeBorderValues_new() finished in 0.0012 min


Averaging target values for 5 iterations...
Positioning Surface: tspring = 0.3, nspring = 0.3, spring = 0, niters = 100 l_repulse = 0, l_surf_repulse = 5, checktol = 0
Positioning pial surface
Entering MRISpositionSurface()
  max_mm = 0.3
  MAX_REDUCTIONS = 2, REDUCTION_PCT = 0.5
  parms->check_tol = 0, niterations = 100
tol=1.0e-04, sigma=0.2, host=dna06, nav=2, nbrs=2, l_surf_repulse=5.000, l_tspring=0.300, l_nspring=0.300, l_intensity=0.200, l_curv=1.000
mom=0.00, dt=0.50
000: dt: 0.0000, sse=404950.0, rms=2.052
rms = 2.1838/2.0521, sse=418783.7/404950.0, time step reduction 1 of 3 to 0.250  0 1 1
   RMS increased, rejecting step
038: dt: 0.2500, sse=394154.3, rms=1.949 (5.033%)
rms = 1.9046/1.9488, sse=389298.1/394154.3, time step reduction 2 of 3 to 0.125  0 0 1
039: dt: 0.2500, sse=389298.1, rms=1.905 (2.271%)
rms = 1.8714/1.9046, sse=386071.4/389298.1, time step reduction 3 of 3 to 0.062  0 0 1
040: dt: 0.1250, sse=386071.4, rms=1.871 (1.743%)
  maximum number of reductions reached, breaking from loop
positioning took 0.2 minutes
Pinning medial wall to white surface
removing intersecting faces
000: 16 intersecting
step 1 with no progress (num=21, old_num=16)
001: 21 intersecting
terminating search with 0 intersecting


Writing output to ../surf/lh.pial.T1
#ET# mris_place_surface  2.94 minutes
#VMPC# mris_place_surfaces VmPeak  2420692
mris_place_surface done
#@# white curv lh Fri Mar 13 06:28:38 CET 2026
cd /out/sourcedata/freesurfer/sub-v2s4x29603_ses-1/mri
mris_place_surface --curv-map ../surf/lh.white 2 10 ../surf/lh.curv
insurf  ../surf/lh.white, nbrs 2, curvature_avgs 10
writing curvature file ../surf/lh.curv
#@# white area lh Fri Mar 13 06:28:39 CET 2026
cd /out/sourcedata/freesurfer/sub-v2s4x29603_ses-1/mri
mris_place_surface --area-map ../surf/lh.white ../surf/lh.area
writing curvature file ../surf/lh.area
#@# pial curv lh Fri Mar 13 06:28:40 CET 2026
cd /out/sourcedata/freesurfer/sub-v2s4x29603_ses-1/mri
mris_place_surface --curv-map ../surf/lh.pial 2 10 ../surf/lh.curv.pial
insurf  ../surf/lh.pial, nbrs 2, curvature_avgs 10
writing curvature file ../surf/lh.curv.pial
#@# pial area lh Fri Mar 13 06:28:41 CET 2026
cd /out/sourcedata/freesurfer/sub-v2s4x29603_ses-1/mri
mris_place_surface --area-map ../surf/lh.pial ../surf/lh.area.pial
writing curvature file ../surf/lh.area.pial
#@# thickness lh Fri Mar 13 06:28:42 CET 2026
cd /out/sourcedata/freesurfer/sub-v2s4x29603_ses-1/mri
mris_place_surface --thickness ../surf/lh.white ../surf/lh.pial 20 5 ../surf/lh.thickness
0 of 137773 vertices processed
25000 of 137773 vertices processed
50000 of 137773 vertices processed
75000 of 137773 vertices processed
100000 of 137773 vertices processed
125000 of 137773 vertices processed
0 of 137773 vertices processed
25000 of 137773 vertices processed
50000 of 137773 vertices processed
75000 of 137773 vertices processed
100000 of 137773 vertices processed
125000 of 137773 vertices processed
thickness calculation complete, 408:1186 truncations.
65231 vertices at 0 distance
116679 vertices at 1 distance
59516 vertices at 2 distance
21258 vertices at 3 distance
7748 vertices at 4 distance
2929 vertices at 5 distance
1224 vertices at 6 distance
468 vertices at 7 distance
178 vertices at 8 distance
77 vertices at 9 distance
58 vertices at 10 distance
43 vertices at 11 distance
24 vertices at 12 distance
16 vertices at 13 distance
27 vertices at 14 distance
18 vertices at 15 distance
15 vertices at 16 distance
9 vertices at 17 distance
6 vertices at 18 distance
6 vertices at 19 distance
16 vertices at 20 distance
writing curvature file ../surf/lh.thickness
#@# area and vertex vol lh Fri Mar 13 06:29:00 CET 2026
cd /out/sourcedata/freesurfer/sub-v2s4x29603_ses-1/mri
mris_place_surface --thickness ../surf/lh.white ../surf/lh.pial 20 5 ../surf/lh.thickness
/out/sourcedata/freesurfer/sub-v2s4x29603_ses-1/surf
mris_calc -o lh.area.mid lh.area add lh.area.pial
Saving result to 'lh.area.mid' (type = MRI_CURV_FILE)                       [ ok ]
mris_calc -o lh.area.mid lh.area.mid div 2
Saving result to 'lh.area.mid' (type = MRI_CURV_FILE)                       [ ok ]
mris_convert --volume sub-v2s4x29603_ses-1 lh /out/sourcedata/freesurfer/sub-v2s4x29603_ses-1/surf/lh.volume
masking with /out/sourcedata/freesurfer/sub-v2s4x29603_ses-1/label/lh.cortex.label
Total face volume 253643
Total vertex volume 253446 (mask=0)
#@# sub-v2s4x29603_ses-1 lh 253446
 
vertexvol Done

#-----------------------------------------
#@# Curvature Stats lh Fri Mar 13 06:29:02 CET 2026
/out/sourcedata/freesurfer/sub-v2s4x29603_ses-1/surf

 mris_curvature_stats -m --writeCurvatureFiles -G -o ../stats/lh.curv.stats -F smoothwm sub-v2s4x29603_ses-1 lh curv sulc 

             Toggling save flag on curvature files                       [ ok ]
                 Outputting results using filestem   [ ../stats/lh.curv.stats ]
             Toggling save flag on curvature files                       [ ok ]
                                   Setting surface [ sub-v2s4x29603_ses-1/lh.smoothwm ]
                                Reading surface...                       [ ok ]
                                   Setting texture                     [ curv ]
                                Reading texture...                       [ ok ]
                                   Setting texture                     [ sulc ]
                                Reading texture...Gb_filter = 0
                       [ ok ]
      Calculating Discrete Principal Curvatures...
      Determining geometric order for vno faces... [####################] [ ok ]
                      Determining KH curvatures... [####################] [ ok ]
                    Determining k1k2 curvatures... [####################] [ ok ]
                                   deltaViolations                      [ 230 ]
Gb_filter = 0
#-----------------------------------------
#@# Cortical Parc 2 lh Fri Mar 13 06:29:04 CET 2026
/out/sourcedata/freesurfer/sub-v2s4x29603_ses-1/scripts

 mris_ca_label -l ../label/lh.cortex.label -aseg ../mri/aseg.presurf.mgz -seed 1234 sub-v2s4x29603_ses-1 lh ../surf/lh.sphere.reg /opt/freesurfer/average/lh.CDaparc.atlas.acfb40.noaparc.i12.2016-08-02.gcs ../label/lh.aparc.a2009s.annot 

setting seed for random number generator to 1234
using ../mri/aseg.presurf.mgz aseg volume to correct midline
7.3.2
  7.3.2
reading atlas from /opt/freesurfer/average/lh.CDaparc.atlas.acfb40.noaparc.i12.2016-08-02.gcs...
reading color table from GCSA file....
average std = 3.0   using min determinant for regularization = 0.088
0 singular and 0 ill-conditioned covariance matrices regularized
input 0: MEAN CURVATURE, flags 0, avgs 5, name mean_curvature
labeling surface...
13 labels changed using aseg
relabeling using gibbs priors...
000:   8760 changed, 137773 examined...
001:   2033 changed, 34233 examined...
002:    651 changed, 10882 examined...
003:    267 changed, 3672 examined...
004:    108 changed, 1513 examined...
005:     60 changed, 635 examined...
006:     35 changed, 352 examined...
007:     19 changed, 203 examined...
008:     11 changed, 115 examined...
009:      6 changed, 62 examined...
010:      5 changed, 34 examined...
011:      2 changed, 28 examined...
012:      1 changed, 9 examined...
013:      0 changed, 8 examined...
10 labels changed using aseg
000: 230 total segments, 143 labels (1776 vertices) changed
001: 95 total segments, 10 labels (22 vertices) changed
002: 85 total segments, 0 labels (0 vertices) changed
10 filter iterations complete (10 requested, 41 changed)
rationalizing unknown annotations with cortex label
relabeling Medial_wall label...
1039 vertices marked for relabeling...
1039 labels changed in reclassification.
writing output to ../label/lh.aparc.a2009s.annot...
classification took 0 minutes and 10 seconds.
#-----------------------------------------
#@# Cortical Parc 3 lh Fri Mar 13 06:29:14 CET 2026
/out/sourcedata/freesurfer/sub-v2s4x29603_ses-1/scripts

 mris_ca_label -l ../label/lh.cortex.label -aseg ../mri/aseg.presurf.mgz -seed 1234 sub-v2s4x29603_ses-1 lh ../surf/lh.sphere.reg /opt/freesurfer/average/lh.DKTaparc.atlas.acfb40.noaparc.i12.2016-08-02.gcs ../label/lh.aparc.DKTatlas.annot 

setting seed for random number generator to 1234
using ../mri/aseg.presurf.mgz aseg volume to correct midline
7.3.2
  7.3.2
reading atlas from /opt/freesurfer/average/lh.DKTaparc.atlas.acfb40.noaparc.i12.2016-08-02.gcs...
reading color table from GCSA file....
average std = 1.4   using min determinant for regularization = 0.020
0 singular and 383 ill-conditioned covariance matrices regularized
input 0: MEAN CURVATURE, flags 0, avgs 5, name mean_curvature
labeling surface...
1353 labels changed using aseg
relabeling using gibbs priors...
000:   2180 changed, 137773 examined...
001:    493 changed, 9705 examined...
002:    126 changed, 2754 examined...
003:     41 changed, 761 examined...
004:     24 changed, 244 examined...
005:     13 changed, 113 examined...
006:     13 changed, 81 examined...
007:     10 changed, 63 examined...
008:      6 changed, 46 examined...
009:      5 changed, 33 examined...
010:      4 changed, 26 examined...
011:      2 changed, 25 examined...
012:      2 changed, 11 examined...
013:      4 changed, 14 examined...
014:      3 changed, 20 examined...
015:      2 changed, 16 examined...
016:      1 changed, 14 examined...
017:      1 changed, 8 examined...
018:      1 changed, 7 examined...
019:      0 changed, 6 examined...
225 labels changed using aseg
000: 58 total segments, 25 labels (220 vertices) changed
001: 33 total segments, 0 labels (0 vertices) changed
10 filter iterations complete (10 requested, 4 changed)
rationalizing unknown annotations with cortex label
relabeling unknown label...
relabeling corpuscallosum label...
693 vertices marked for relabeling...
693 labels changed in reclassification.
writing output to ../label/lh.aparc.DKTatlas.annot...
classification took 0 minutes and 8 seconds.
#-----------------------------------------
#@# WM/GM Contrast lh Fri Mar 13 06:29:22 CET 2026
/out/sourcedata/freesurfer/sub-v2s4x29603_ses-1/scripts

 pctsurfcon --s sub-v2s4x29603_ses-1 --lh-only 

Log file is /out/sourcedata/freesurfer/sub-v2s4x29603_ses-1/scripts/pctsurfcon.log
Fri Mar 13 06:29:22 CET 2026
setenv SUBJECTS_DIR /out/sourcedata/freesurfer
cd /out/sourcedata/freesurfer/sub-v2s4x29603_ses-1/scripts
/opt/freesurfer/bin/pctsurfcon
pctsurfcon 7.3.2
Linux dna065 5.14.0-427.37.1.el9_4.x86_64 #1 SMP PREEMPT_DYNAMIC Fri Sep 13 12:41:50 EDT 2024 x86_64 x86_64 x86_64 GNU/Linux
FREESURFER_HOME /opt/freesurfer
mri_vol2surf --mov /out/sourcedata/freesurfer/sub-v2s4x29603_ses-1/mri/rawavg.mgz --hemi lh --noreshape --interp trilinear --projdist -1 --o /out/sourcedata/freesurfer/sub-v2s4x29603_ses-1/surf/tmp.pctsurfcon.2350379/lh.wm.mgh --regheader sub-v2s4x29603_ses-1 --cortex
srcvol = /out/sourcedata/freesurfer/sub-v2s4x29603_ses-1/mri/rawavg.mgz
srcreg unspecified
srcregold = 0
srcwarp unspecified
surf = white
hemi = lh
ProjDist = -1
reshape = 0
interp = trilinear
float2int = round
GetProjMax = 0
INFO: float2int code = 0
Done loading volume
Computing registration from header.
  Using /out/sourcedata/freesurfer/sub-v2s4x29603_ses-1/mri/orig.mgz as target reference.
-------- original matrix -----------
-0.99998   0.00000   0.00694   0.00001;
 0.00694   0.00000   0.99998   0.00003;
 0.00000  -1.00000   0.00000  -0.00001;
 0.00000   0.00000   0.00000   1.00000;
-------- original matrix -----------
Loading label /out/sourcedata/freesurfer/sub-v2s4x29603_ses-1/label/lh.cortex.label
Reading surface /out/sourcedata/freesurfer/sub-v2s4x29603_ses-1/surf/lh.white
Done reading source surface
Mapping Source Volume onto Source Subject Surface
Projecting -1 -1 1
 1 -1 -1 -1
using old
Done mapping volume to surface
Number of source voxels hit = 84214
Masking with /out/sourcedata/freesurfer/sub-v2s4x29603_ses-1/label/lh.cortex.label
Writing to /out/sourcedata/freesurfer/sub-v2s4x29603_ses-1/surf/tmp.pctsurfcon.2350379/lh.wm.mgh
Dim: 137773 1 1
mri_vol2surf --mov /out/sourcedata/freesurfer/sub-v2s4x29603_ses-1/mri/rawavg.mgz --hemi lh --noreshape --interp trilinear --o /out/sourcedata/freesurfer/sub-v2s4x29603_ses-1/surf/tmp.pctsurfcon.2350379/lh.gm.mgh --projfrac 0.3 --regheader sub-v2s4x29603_ses-1 --cortex
srcvol = /out/sourcedata/freesurfer/sub-v2s4x29603_ses-1/mri/rawavg.mgz
srcreg unspecified
srcregold = 0
srcwarp unspecified
surf = white
hemi = lh
ProjFrac = 0.3
thickness = thickness
reshape = 0
interp = trilinear
float2int = round
GetProjMax = 0
INFO: float2int code = 0
Done loading volume
Computing registration from header.
  Using /out/sourcedata/freesurfer/sub-v2s4x29603_ses-1/mri/orig.mgz as target reference.
-------- original matrix -----------
-0.99998   0.00000   0.00694   0.00001;
 0.00694   0.00000   0.99998   0.00003;
 0.00000  -1.00000   0.00000  -0.00001;
 0.00000   0.00000   0.00000   1.00000;
-------- original matrix -----------
Loading label /out/sourcedata/freesurfer/sub-v2s4x29603_ses-1/label/lh.cortex.label
Reading surface /out/sourcedata/freesurfer/sub-v2s4x29603_ses-1/surf/lh.white
Done reading source surface
Reading thickness /out/sourcedata/freesurfer/sub-v2s4x29603_ses-1/surf/lh.thickness
Done
Mapping Source Volume onto Source Subject Surface
Projecting 0.3 0.3 1
 1 0.3 0.3 0.3
using old
Done mapping volume to surface
Number of source voxels hit = 98137
Masking with /out/sourcedata/freesurfer/sub-v2s4x29603_ses-1/label/lh.cortex.label
Writing to /out/sourcedata/freesurfer/sub-v2s4x29603_ses-1/surf/tmp.pctsurfcon.2350379/lh.gm.mgh
Dim: 137773 1 1
mri_concat /out/sourcedata/freesurfer/sub-v2s4x29603_ses-1/surf/tmp.pctsurfcon.2350379/lh.wm.mgh /out/sourcedata/freesurfer/sub-v2s4x29603_ses-1/surf/tmp.pctsurfcon.2350379/lh.gm.mgh --paired-diff-norm --mul 100 --o /out/sourcedata/freesurfer/sub-v2s4x29603_ses-1/surf/lh.w-g.pct.mgh
ninputs = 2
Checking inputs
nframestot = 2
Allocing output
Done allocing
Combining pairs
nframes = 1
Multiplying by 100.000000
Writing to /out/sourcedata/freesurfer/sub-v2s4x29603_ses-1/surf/lh.w-g.pct.mgh
mri_segstats --in /out/sourcedata/freesurfer/sub-v2s4x29603_ses-1/surf/lh.w-g.pct.mgh --annot sub-v2s4x29603_ses-1 lh aparc --sum /out/sourcedata/freesurfer/sub-v2s4x29603_ses-1/stats/lh.w-g.pct.stats --snr

7.3.2
cwd 
cmdline mri_segstats --in /out/sourcedata/freesurfer/sub-v2s4x29603_ses-1/surf/lh.w-g.pct.mgh --annot sub-v2s4x29603_ses-1 lh aparc --sum /out/sourcedata/freesurfer/sub-v2s4x29603_ses-1/stats/lh.w-g.pct.stats --snr 
sysname  Linux
hostname dna065
machine  x86_64
user     oesteban
whitesurfname  white
UseRobust  0
Constructing seg from annotation

Reading annotation /out/sourcedata/freesurfer/sub-v2s4x29603_ses-1/label/lh.aparc.annot
Seg base 1000
Loading /out/sourcedata/freesurfer/sub-v2s4x29603_ses-1/surf/lh.w-g.pct.mgh
Vertex Area is 0.675688 mm^3
Generating list of segmentation ids
Found  36 segmentations
Computing statistics for each segmentation

Reporting on  35 segmentations
Using PrintSegStat
mri_segstats done
Cleaning up

Started at Fri Mar 13 06:01:54 CET 2026 
Ended   at Fri Mar 13 06:29:24 CET 2026
#@#%# recon-all-run-time-hours 0.458
recon-all -s sub-v2s4x29603_ses-1 finished without error at Fri Mar 13 06:29:24 CET 2026



#New# invocation of recon-all 




Fri Mar 13 07:07:58 CET 2026
cd /out/sourcedata/freesurfer/sub-v2s4x29603_ses-1
setenv SUBJECTS_DIR /out/sourcedata/freesurfer
/opt/freesurfer/bin/recon-all -autorecon-hemi lh -nohyporelabel -lh-only -openmp 16 -subjid sub-v2s4x29603_ses-1 -sd /out/sourcedata/freesurfer -notessellate -nosmooth1 -noinflate1 -noqsphere -nofix -nowhite -nosmooth2 -noinflate2 -nocurvHK -nocurvstats -nosphere -nosurfreg -nojacobian_white -noavgcurv -nocortparc -nopial -nocortparc2 -nocortparc3 -nopctsurfcon

subjid sub-v2s4x29603_ses-1
setenv SUBJECTS_DIR /out/sourcedata/freesurfer
FREESURFER_HOME /opt/freesurfer
Actual FREESURFER_HOME /opt/freesurfer
build-stamp.txt: freesurfer-linux-ubuntu22_x86_64-7.3.2-20220804-6354275
Linux dna065 5.14.0-427.37.1.el9_4.x86_64 #1 SMP PREEMPT_DYNAMIC Fri Sep 13 12:41:50 EDT 2024 x86_64 x86_64 x86_64 GNU/Linux
cputime      unlimited
filesize     unlimited
datasize     unlimited
stacksize    8192 kbytes
coredumpsize 0 kbytes
memoryuse    67108864 kbytes
vmemoryuse   unlimited
descriptors  1024 
memorylocked unlimited
maxproc      2061970 
maxlocks     unlimited
maxsignal    2062029 
maxmessage   819200 
maxnice      0 
maxrtprio    0 
maxrttime    unlimited

               total        used        free      shared  buff/cache   available
Mem:           503Gi        51Gi       289Gi        11Gi       161Gi       436Gi
Swap:             0B          0B          0B

########################################
program versions used
7.3.2 (freesurfer-linux-ubuntu22_x86_64-7.3.2-20220804-6354275)
7.3.2

ProgramName: lta_convert  ProgramArguments: lta_convert -all-info  ProgramVersion: 7.3.2  TimeStamp: 2026/03/13-06:07:58-GMT  BuildTime: Aug  4 2022 06:17:15  BuildStamp: freesurfer-linux-ubuntu22_x86_64-7.3.2-20220804-6354275  User: oesteban  Machine: dna065  Platform: Linux  PlatformVersion: 5.14.0-427.37.1.el9_4.x86_64  CompilerName: GCC  CompilerVersion: 8.4.0
ProgramName: mri_and  ProgramArguments: mri_and -all-info  ProgramVersion: 7.3.2  TimeStamp: 2026/03/13-06:07:58-GMT  BuildTime: Aug  4 2022 06:17:15  BuildStamp: freesurfer-linux-ubuntu22_x86_64-7.3.2-20220804-6354275  User: oesteban  Machine: dna065  Platform: Linux  PlatformVersion: 5.14.0-427.37.1.el9_4.x86_64  CompilerName: GCC  CompilerVersion: 8.4.0
ProgramName: mri_annotation2label  ProgramArguments: mri_annotation2label -all-info  ProgramVersion: 7.3.2  TimeStamp: 2026/03/13-06:07:58-GMT  BuildTime: Aug  4 2022 06:17:15  BuildStamp: freesurfer-linux-ubuntu22_x86_64-7.3.2-20220804-6354275  User: oesteban  Machine: dna065  Platform: Linux  PlatformVersion: 5.14.0-427.37.1.el9_4.x86_64  CompilerName: GCC  CompilerVersion: 8.4.0
ProgramName: mri_aparc2aseg  ProgramArguments: mri_aparc2aseg -all-info  ProgramVersion: 7.3.2  TimeStamp: 2026/03/13-06:07:58-GMT  BuildTime: Aug  4 2022 06:17:15  BuildStamp: freesurfer-linux-ubuntu22_x86_64-7.3.2-20220804-6354275  User: oesteban  Machine: dna065  Platform: Linux  PlatformVersion: 5.14.0-427.37.1.el9_4.x86_64  CompilerName: GCC  CompilerVersion: 8.4.0
ProgramName: mri_surf2volseg  ProgramArguments: mri_surf2volseg -all-info  ProgramVersion: 7.3.2  TimeStamp: 2026/03/13-06:07:58-GMT  BuildTime: Aug  4 2022 06:17:15  BuildStamp: freesurfer-linux-ubuntu22_x86_64-7.3.2-20220804-6354275  User: oesteban  Machine: dna065  Platform: Linux  PlatformVersion: 5.14.0-427.37.1.el9_4.x86_64  CompilerName: GCC  CompilerVersion: 8.4.0
ProgramName: mri_binarize  ProgramArguments: mri_binarize -all-info  ProgramVersion: 7.3.2  TimeStamp: 2026/03/13-06:07:58-GMT  BuildTime: Aug  4 2022 06:17:15  BuildStamp: freesurfer-linux-ubuntu22_x86_64-7.3.2-20220804-6354275  User: oesteban  Machine: dna065  Platform: Linux  PlatformVersion: 5.14.0-427.37.1.el9_4.x86_64  CompilerName: GCC  CompilerVersion: 8.4.0
ProgramName: mri_ca_label  ProgramArguments: mri_ca_label -all-info  ProgramVersion: 7.3.2  TimeStamp: 2026/03/13-06:07:58-GMT  BuildTime: Aug  4 2022 06:17:15  BuildStamp: freesurfer-linux-ubuntu22_x86_64-7.3.2-20220804-6354275  User: oesteban  Machine: dna065  Platform: Linux  PlatformVersion: 5.14.0-427.37.1.el9_4.x86_64  CompilerName: GCC  CompilerVersion: 8.4.0
ProgramName: mri_ca_normalize  ProgramArguments: mri_ca_normalize -all-info  ProgramVersion: 7.3.2  TimeStamp: 2026/03/13-06:07:58-GMT  BuildTime: Aug  4 2022 06:17:15  BuildStamp: freesurfer-linux-ubuntu22_x86_64-7.3.2-20220804-6354275  User: oesteban  Machine: dna065  Platform: Linux  PlatformVersion: 5.14.0-427.37.1.el9_4.x86_64  CompilerName: GCC  CompilerVersion: 8.4.0
ProgramName: mri_ca_register  ProgramArguments: mri_ca_register -all-info  ProgramVersion: 7.3.2  TimeStamp: 2026/03/13-06:07:59-GMT  BuildTime: Aug  4 2022 06:17:15  BuildStamp: freesurfer-linux-ubuntu22_x86_64-7.3.2-20220804-6354275  User: oesteban  Machine: dna065  Platform: Linux  PlatformVersion: 5.14.0-427.37.1.el9_4.x86_64  CompilerName: GCC  CompilerVersion: 8.4.0
ProgramName: mri_cc  ProgramArguments: mri_cc -all-info  ProgramVersion: 7.3.2  TimeStamp: 2026/03/13-06:07:59-GMT  BuildTime: Aug  4 2022 06:17:15  BuildStamp: freesurfer-linux-ubuntu22_x86_64-7.3.2-20220804-6354275  User: oesteban  Machine: dna065  Platform: Linux  PlatformVersion: 5.14.0-427.37.1.el9_4.x86_64  CompilerName: GCC  CompilerVersion: 8.4.0
ProgramName: mri_compute_overlap  ProgramArguments: mri_compute_overlap -all-info  ProgramVersion: 7.3.2  TimeStamp: 2026/03/13-06:07:59-GMT  BuildTime: Aug  4 2022 06:17:15  BuildStamp: freesurfer-linux-ubuntu22_x86_64-7.3.2-20220804-6354275  User: oesteban  Machine: dna065  Platform: Linux  PlatformVersion: 5.14.0-427.37.1.el9_4.x86_64  CompilerName: GCC  CompilerVersion: 8.4.0
ProgramName: mri_compute_seg_overlap  ProgramArguments: mri_compute_seg_overlap -all-info  ProgramVersion: 7.3.2  TimeStamp: 2026/03/13-06:07:59-GMT  BuildTime: Aug  4 2022 06:17:15  BuildStamp: freesurfer-linux-ubuntu22_x86_64-7.3.2-20220804-6354275  User: oesteban  Machine: dna065  Platform: Linux  PlatformVersion: 5.14.0-427.37.1.el9_4.x86_64  CompilerName: GCC  CompilerVersion: 8.4.0
ProgramName: mri_concat  ProgramArguments: mri_concat -all-info  ProgramVersion: 7.3.2  TimeStamp: 2026/03/13-06:07:59-GMT  BuildTime: Aug  4 2022 06:17:15  BuildStamp: freesurfer-linux-ubuntu22_x86_64-7.3.2-20220804-6354275  User: oesteban  Machine: dna065  Platform: Linux  PlatformVersion: 5.14.0-427.37.1.el9_4.x86_64  CompilerName: GCC  CompilerVersion: 8.4.0
ProgramName: mri_concatenate_lta  ProgramArguments: mri_concatenate_lta -all-info  ProgramVersion: 7.3.2  TimeStamp: 2026/03/13-06:07:59-GMT  BuildTime: Aug  4 2022 06:17:15  BuildStamp: freesurfer-linux-ubuntu22_x86_64-7.3.2-20220804-6354275  User: oesteban  Machine: dna065  Platform: Linux  PlatformVersion: 5.14.0-427.37.1.el9_4.x86_64  CompilerName: GCC  CompilerVersion: 8.4.0
mri_convert -all-info 
ProgramName: mri_convert  ProgramArguments: mri_convert -all-info  ProgramVersion: 7.3.2  TimeStamp: 2026/03/13-06:07:59-GMT  BuildTime: Aug  4 2022 06:17:15  BuildStamp: freesurfer-linux-ubuntu22_x86_64-7.3.2-20220804-6354275  User: oesteban  Machine: dna065  Platform: Linux  PlatformVersion: 5.14.0-427.37.1.el9_4.x86_64  CompilerName: GCC  CompilerVersion: 8.4.0
ProgramName: mri_diff  ProgramArguments: mri_diff -all-info  ProgramVersion: 7.3.2  TimeStamp: 2026/03/13-06:07:59-GMT  BuildTime: Aug  4 2022 06:17:15  BuildStamp: freesurfer-linux-ubuntu22_x86_64-7.3.2-20220804-6354275  User: oesteban  Machine: dna065  Platform: Linux  PlatformVersion: 5.14.0-427.37.1.el9_4.x86_64  CompilerName: GCC  CompilerVersion: 8.4.0
ProgramName: mri_edit_wm_with_aseg  ProgramArguments: mri_edit_wm_with_aseg -all-info  ProgramVersion: 7.3.2  TimeStamp: 2026/03/13-06:07:59-GMT  BuildTime: Aug  4 2022 06:17:15  BuildStamp: freesurfer-linux-ubuntu22_x86_64-7.3.2-20220804-6354275  User: oesteban  Machine: dna065  Platform: Linux  PlatformVersion: 5.14.0-427.37.1.el9_4.x86_64  CompilerName: GCC  CompilerVersion: 8.4.0
ProgramName: mri_em_register  ProgramArguments: mri_em_register -all-info  ProgramVersion: 7.3.2  TimeStamp: 2026/03/13-06:07:59-GMT  BuildTime: Aug  4 2022 06:17:15  BuildStamp: freesurfer-linux-ubuntu22_x86_64-7.3.2-20220804-6354275  User: oesteban  Machine: dna065  Platform: Linux  PlatformVersion: 5.14.0-427.37.1.el9_4.x86_64  CompilerName: GCC  CompilerVersion: 8.4.0
ProgramName: mri_fill  ProgramArguments: mri_fill -all-info  ProgramVersion: 7.3.2  TimeStamp: 2026/03/13-06:07:59-GMT  BuildTime: Aug  4 2022 06:17:15  BuildStamp: freesurfer-linux-ubuntu22_x86_64-7.3.2-20220804-6354275  User: oesteban  Machine: dna065  Platform: Linux  PlatformVersion: 5.14.0-427.37.1.el9_4.x86_64  CompilerName: GCC  CompilerVersion: 8.4.0
ProgramName: mri_fuse_segmentations  ProgramArguments: mri_fuse_segmentations -all-info  ProgramVersion: 7.3.2  TimeStamp: 2026/03/13-06:07:59-GMT  BuildTime: Aug  4 2022 06:17:15  BuildStamp: freesurfer-linux-ubuntu22_x86_64-7.3.2-20220804-6354275  User: oesteban  Machine: dna065  Platform: Linux  PlatformVersion: 5.14.0-427.37.1.el9_4.x86_64  CompilerName: GCC  CompilerVersion: 8.4.0
ProgramName: mri_fwhm  ProgramArguments: mri_fwhm -all-info  ProgramVersion: 7.3.2  TimeStamp: 2026/03/13-06:07:59-GMT  BuildTime: Aug  4 2022 06:17:15  BuildStamp: freesurfer-linux-ubuntu22_x86_64-7.3.2-20220804-6354275  User: oesteban  Machine: dna065  Platform: Linux  PlatformVersion: 5.14.0-427.37.1.el9_4.x86_64  CompilerName: GCC  CompilerVersion: 8.4.0
ProgramName: mri_gcut  ProgramArguments: mri_gcut -all-info  ProgramVersion: 7.3.2  TimeStamp: 2026/03/13-06:07:59-GMT  BuildTime: Aug  4 2022 06:17:15  BuildStamp: freesurfer-linux-ubuntu22_x86_64-7.3.2-20220804-6354275  User: oesteban  Machine: dna065  Platform: Linux  PlatformVersion: 5.14.0-427.37.1.el9_4.x86_64  CompilerName: GCC  CompilerVersion: 8.4.0
ProgramName: mri_info  ProgramArguments: mri_info -all-info  ProgramVersion: 7.3.2  TimeStamp: 2026/03/13-06:07:59-GMT  BuildTime: Aug  4 2022 06:17:15  BuildStamp: freesurfer-linux-ubuntu22_x86_64-7.3.2-20220804-6354275  User: oesteban  Machine: dna065  Platform: Linux  PlatformVersion: 5.14.0-427.37.1.el9_4.x86_64  CompilerName: GCC  CompilerVersion: 8.4.0
ProgramName: mri_label2label  ProgramArguments: mri_label2label -all-info  ProgramVersion: 7.3.2  TimeStamp: 2026/03/13-06:07:59-GMT  BuildTime: Aug  4 2022 06:17:15  BuildStamp: freesurfer-linux-ubuntu22_x86_64-7.3.2-20220804-6354275  User: oesteban  Machine: dna065  Platform: Linux  PlatformVersion: 5.14.0-427.37.1.el9_4.x86_64  CompilerName: GCC  CompilerVersion: 8.4.0
ProgramName: mri_label2vol  ProgramArguments: mri_label2vol -all-info  ProgramVersion: 7.3.2  TimeStamp: 2026/03/13-06:07:59-GMT  BuildTime: Aug  4 2022 06:17:15  BuildStamp: freesurfer-linux-ubuntu22_x86_64-7.3.2-20220804-6354275  User: oesteban  Machine: dna065  Platform: Linux  PlatformVersion: 5.14.0-427.37.1.el9_4.x86_64  CompilerName: GCC  CompilerVersion: 8.4.0
ProgramName: mri_log_likelihood  ProgramArguments: mri_log_likelihood -all-info  ProgramVersion: 7.3.2  TimeStamp: 2026/03/13-06:07:59-GMT  BuildTime: Aug  4 2022 06:17:15  BuildStamp: freesurfer-linux-ubuntu22_x86_64-7.3.2-20220804-6354275  User: oesteban  Machine: dna065  Platform: Linux  PlatformVersion: 5.14.0-427.37.1.el9_4.x86_64  CompilerName: GCC  CompilerVersion: 8.4.0
ProgramName: mri_mask  ProgramArguments: mri_mask -all-info  ProgramVersion: 7.3.2  TimeStamp: 2026/03/13-06:07:59-GMT  BuildTime: Aug  4 2022 06:17:15  BuildStamp: freesurfer-linux-ubuntu22_x86_64-7.3.2-20220804-6354275  User: oesteban  Machine: dna065  Platform: Linux  PlatformVersion: 5.14.0-427.37.1.el9_4.x86_64  CompilerName: GCC  CompilerVersion: 8.4.0
ProgramName: mri_matrix_multiply  ProgramArguments: mri_matrix_multiply -all-info  ProgramVersion: 7.3.2  TimeStamp: 2026/03/13-06:07:59-GMT  BuildTime: Aug  4 2022 06:17:15  BuildStamp: freesurfer-linux-ubuntu22_x86_64-7.3.2-20220804-6354275  User: oesteban  Machine: dna065  Platform: Linux  PlatformVersion: 5.14.0-427.37.1.el9_4.x86_64  CompilerName: GCC  CompilerVersion: 8.4.0
ProgramName: mri_normalize  ProgramArguments: mri_normalize -all-info  ProgramVersion: 7.3.2  TimeStamp: 2026/03/13-06:07:59-GMT  BuildTime: Aug  4 2022 06:17:15  BuildStamp: freesurfer-linux-ubuntu22_x86_64-7.3.2-20220804-6354275  User: oesteban  Machine: dna065  Platform: Linux  PlatformVersion: 5.14.0-427.37.1.el9_4.x86_64  CompilerName: GCC  CompilerVersion: 8.4.0
ProgramName: mri_normalize_tp2  ProgramArguments: mri_normalize_tp2 -all-info  ProgramVersion: 7.3.2  TimeStamp: 2026/03/13-06:07:59-GMT  BuildTime: Aug  4 2022 06:17:15  BuildStamp: freesurfer-linux-ubuntu22_x86_64-7.3.2-20220804-6354275  User: oesteban  Machine: dna065  Platform: Linux  PlatformVersion: 5.14.0-427.37.1.el9_4.x86_64  CompilerName: GCC  CompilerVersion: 8.4.0
ProgramName: mri_or  ProgramArguments: mri_or -all-info  ProgramVersion: 7.3.2  TimeStamp: 2026/03/13-06:07:59-GMT  BuildTime: Aug  4 2022 06:17:15  BuildStamp: freesurfer-linux-ubuntu22_x86_64-7.3.2-20220804-6354275  User: oesteban  Machine: dna065  Platform: Linux  PlatformVersion: 5.14.0-427.37.1.el9_4.x86_64  CompilerName: GCC  CompilerVersion: 8.4.0
ProgramName: mri_relabel_hypointensities  ProgramArguments: mri_relabel_hypointensities -all-info  ProgramVersion: 7.3.2  TimeStamp: 2026/03/13-06:07:59-GMT  BuildTime: Aug  4 2022 06:17:15  BuildStamp: freesurfer-linux-ubuntu22_x86_64-7.3.2-20220804-6354275  User: oesteban  Machine: dna065  Platform: Linux  PlatformVersion: 5.14.0-427.37.1.el9_4.x86_64  CompilerName: GCC  CompilerVersion: 8.4.0
ProgramName: mri_relabel_nonwm_hypos  ProgramArguments: mri_relabel_nonwm_hypos -all-info  ProgramVersion: 7.3.2  TimeStamp: 2026/03/13-06:07:59-GMT  BuildTime: Aug  4 2022 06:17:15  BuildStamp: freesurfer-linux-ubuntu22_x86_64-7.3.2-20220804-6354275  User: oesteban  Machine: dna065  Platform: Linux  PlatformVersion: 5.14.0-427.37.1.el9_4.x86_64  CompilerName: GCC  CompilerVersion: 8.4.0
ProgramName: mri_remove_neck  ProgramArguments: mri_remove_neck -all-info  ProgramVersion: 7.3.2  TimeStamp: 2026/03/13-06:07:59-GMT  BuildTime: Aug  4 2022 06:17:15  BuildStamp: freesurfer-linux-ubuntu22_x86_64-7.3.2-20220804-6354275  User: oesteban  Machine: dna065  Platform: Linux  PlatformVersion: 5.14.0-427.37.1.el9_4.x86_64  CompilerName: GCC  CompilerVersion: 8.4.0
7.3.2

ProgramName: mri_robust_register  ProgramArguments: mri_robust_register -all-info  ProgramVersion: 7.3.2  TimeStamp: 2026/03/13-06:07:59-GMT  BuildTime: Aug  4 2022 06:17:15  BuildStamp: freesurfer-linux-ubuntu22_x86_64-7.3.2-20220804-6354275  User: oesteban  Machine: dna065  Platform: Linux  PlatformVersion: 5.14.0-427.37.1.el9_4.x86_64  CompilerName: GCC  CompilerVersion: 8.4.0
7.3.2

ProgramName: mri_robust_template  ProgramArguments: mri_robust_template -all-info  ProgramVersion: 7.3.2  TimeStamp: 2026/03/13-06:07:59-GMT  BuildTime: Aug  4 2022 06:17:15  BuildStamp: freesurfer-linux-ubuntu22_x86_64-7.3.2-20220804-6354275  User: oesteban  Machine: dna065  Platform: Linux  PlatformVersion: 5.14.0-427.37.1.el9_4.x86_64  CompilerName: GCC  CompilerVersion: 8.4.0
ProgramName: mris_anatomical_stats  ProgramArguments: mris_anatomical_stats -all-info  ProgramVersion: 7.3.2  TimeStamp: 2026/03/13-06:07:59-GMT  BuildTime: Aug  4 2022 06:17:15  BuildStamp: freesurfer-linux-ubuntu22_x86_64-7.3.2-20220804-6354275  User: oesteban  Machine: dna065  Platform: Linux  PlatformVersion: 5.14.0-427.37.1.el9_4.x86_64  CompilerName: GCC  CompilerVersion: 8.4.0
ProgramName: mris_ca_label  ProgramArguments: mris_ca_label -all-info  ProgramVersion: 7.3.2  TimeStamp: 2026/03/13-06:07:59-GMT  BuildTime: Aug  4 2022 06:17:15  BuildStamp: freesurfer-linux-ubuntu22_x86_64-7.3.2-20220804-6354275  User: oesteban  Machine: dna065  Platform: Linux  PlatformVersion: 5.14.0-427.37.1.el9_4.x86_64  CompilerName: GCC  CompilerVersion: 8.4.0
ProgramName: mris_calc  ProgramArguments: mris_calc -all-info  ProgramVersion: 7.3.2  TimeStamp: 2026/03/13-06:07:59-GMT  BuildTime: Aug  4 2022 06:17:15  BuildStamp: freesurfer-linux-ubuntu22_x86_64-7.3.2-20220804-6354275  User: oesteban  Machine: dna065  Platform: Linux  PlatformVersion: 5.14.0-427.37.1.el9_4.x86_64  CompilerName: GCC  CompilerVersion: 8.4.0
ProgramName: mris_convert  ProgramArguments: mris_convert -all-info  ProgramVersion: 7.3.2  TimeStamp: 2026/03/13-06:07:59-GMT  BuildTime: Aug  4 2022 06:17:15  BuildStamp: freesurfer-linux-ubuntu22_x86_64-7.3.2-20220804-6354275  User: oesteban  Machine: dna065  Platform: Linux  PlatformVersion: 5.14.0-427.37.1.el9_4.x86_64  CompilerName: GCC  CompilerVersion: 8.4.0
ProgramName: mris_curvature  ProgramArguments: mris_curvature -all-info  ProgramVersion: 7.3.2  TimeStamp: 2026/03/13-06:07:59-GMT  BuildTime: Aug  4 2022 06:17:15  BuildStamp: freesurfer-linux-ubuntu22_x86_64-7.3.2-20220804-6354275  User: oesteban  Machine: dna065  Platform: Linux  PlatformVersion: 5.14.0-427.37.1.el9_4.x86_64  CompilerName: GCC  CompilerVersion: 8.4.0
ProgramName: mris_curvature_stats  ProgramArguments: mris_curvature_stats -all-info  ProgramVersion: 7.3.2  TimeStamp: 2026/03/13-06:07:59-GMT  BuildTime: Aug  4 2022 06:17:15  BuildStamp: freesurfer-linux-ubuntu22_x86_64-7.3.2-20220804-6354275  User: oesteban  Machine: dna065  Platform: Linux  PlatformVersion: 5.14.0-427.37.1.el9_4.x86_64  CompilerName: GCC  CompilerVersion: 8.4.0
ProgramName: mris_diff  ProgramArguments: mris_diff -all-info  ProgramVersion: 7.3.2  TimeStamp: 2026/03/13-06:07:59-GMT  BuildTime: Aug  4 2022 06:17:15  BuildStamp: freesurfer-linux-ubuntu22_x86_64-7.3.2-20220804-6354275  User: oesteban  Machine: dna065  Platform: Linux  PlatformVersion: 5.14.0-427.37.1.el9_4.x86_64  CompilerName: GCC  CompilerVersion: 8.4.0
ProgramName: mris_divide_parcellation  ProgramArguments: mris_divide_parcellation -all-info  ProgramVersion: 7.3.2  TimeStamp: 2026/03/13-06:07:59-GMT  BuildTime: Aug  4 2022 06:17:15  BuildStamp: freesurfer-linux-ubuntu22_x86_64-7.3.2-20220804-6354275  User: oesteban  Machine: dna065  Platform: Linux  PlatformVersion: 5.14.0-427.37.1.el9_4.x86_64  CompilerName: GCC  CompilerVersion: 8.4.0
ProgramName: mri_segment  ProgramArguments: mri_segment -all-info  ProgramVersion: 7.3.2  TimeStamp: 2026/03/13-06:07:59-GMT  BuildTime: Aug  4 2022 06:17:15  BuildStamp: freesurfer-linux-ubuntu22_x86_64-7.3.2-20220804-6354275  User: oesteban  Machine: dna065  Platform: Linux  PlatformVersion: 5.14.0-427.37.1.el9_4.x86_64  CompilerName: GCC  CompilerVersion: 8.4.0
ProgramName: mri_segstats  ProgramArguments: mri_segstats -all-info  ProgramVersion: 7.3.2  TimeStamp: 2026/03/13-06:07:59-GMT  BuildTime: Aug  4 2022 06:17:15  BuildStamp: freesurfer-linux-ubuntu22_x86_64-7.3.2-20220804-6354275  User: oesteban  Machine: dna065  Platform: Linux  PlatformVersion: 5.14.0-427.37.1.el9_4.x86_64  CompilerName: GCC  CompilerVersion: 8.4.0
ProgramName: mris_euler_number  ProgramArguments: mris_euler_number -all-info  ProgramVersion: 7.3.2  TimeStamp: 2026/03/13-06:07:59-GMT  BuildTime: Aug  4 2022 06:17:15  BuildStamp: freesurfer-linux-ubuntu22_x86_64-7.3.2-20220804-6354275  User: oesteban  Machine: dna065  Platform: Linux  PlatformVersion: 5.14.0-427.37.1.el9_4.x86_64  CompilerName: GCC  CompilerVersion: 8.4.0
ProgramName: mris_fix_topology  ProgramArguments: mris_fix_topology -all-info  ProgramVersion: 7.3.2  TimeStamp: 2026/03/13-06:07:59-GMT  BuildTime: Aug  4 2022 06:17:15  BuildStamp: freesurfer-linux-ubuntu22_x86_64-7.3.2-20220804-6354275  User: oesteban  Machine: dna065  Platform: Linux  PlatformVersion: 5.14.0-427.37.1.el9_4.x86_64  CompilerName: GCC  CompilerVersion: 8.4.0
ProgramName: mris_topo_fixer  ProgramArguments: mris_topo_fixer -all-info  ProgramVersion: 7.3.2  TimeStamp: 2026/03/13-06:07:59-GMT  BuildTime: Aug  4 2022 06:17:15  BuildStamp: freesurfer-linux-ubuntu22_x86_64-7.3.2-20220804-6354275  User: oesteban  Machine: dna065  Platform: Linux  PlatformVersion: 5.14.0-427.37.1.el9_4.x86_64  CompilerName: GCC  CompilerVersion: 8.4.0
ProgramName: mris_jacobian  ProgramArguments: mris_jacobian -all-info  ProgramVersion: 7.3.2  TimeStamp: 2026/03/13-06:07:59-GMT  BuildTime: Aug  4 2022 06:17:15  BuildStamp: freesurfer-linux-ubuntu22_x86_64-7.3.2-20220804-6354275  User: oesteban  Machine: dna065  Platform: Linux  PlatformVersion: 5.14.0-427.37.1.el9_4.x86_64  CompilerName: GCC  CompilerVersion: 8.4.0
ProgramName: mris_label2annot  ProgramArguments: mris_label2annot -all-info  ProgramVersion: 7.3.2  TimeStamp: 2026/03/13-06:07:59-GMT  BuildTime: Aug  4 2022 06:17:15  BuildStamp: freesurfer-linux-ubuntu22_x86_64-7.3.2-20220804-6354275  User: oesteban  Machine: dna065  Platform: Linux  PlatformVersion: 5.14.0-427.37.1.el9_4.x86_64  CompilerName: GCC  CompilerVersion: 8.4.0
ProgramName: mris_left_right_register  ProgramArguments: mris_left_right_register -all-info  ProgramVersion: 7.3.2  TimeStamp: 2026/03/13-06:07:59-GMT  BuildTime: Aug  4 2022 06:17:15  BuildStamp: freesurfer-linux-ubuntu22_x86_64-7.3.2-20220804-6354275  User: oesteban  Machine: dna065  Platform: Linux  PlatformVersion: 5.14.0-427.37.1.el9_4.x86_64  CompilerName: GCC  CompilerVersion: 8.4.0
ProgramName: mris_place_surface  ProgramArguments: mris_place_surface -all-info  ProgramVersion: 7.3.2  TimeStamp: 2026/03/13-06:07:59-GMT  BuildTime: Aug  4 2022 06:17:15  BuildStamp: freesurfer-linux-ubuntu22_x86_64-7.3.2-20220804-6354275  User: oesteban  Machine: dna065  Platform: Linux  PlatformVersion: 5.14.0-427.37.1.el9_4.x86_64  CompilerName: GCC  CompilerVersion: 8.4.0
ProgramName: mrisp_paint  ProgramArguments: mrisp_paint -all-info  ProgramVersion: 7.3.2  TimeStamp: 2026/03/13-06:07:59-GMT  BuildTime: Aug  4 2022 06:17:15  BuildStamp: freesurfer-linux-ubuntu22_x86_64-7.3.2-20220804-6354275  User: oesteban  Machine: dna065  Platform: Linux  PlatformVersion: 5.14.0-427.37.1.el9_4.x86_64  CompilerName: GCC  CompilerVersion: 8.4.0
ProgramName: mris_register  ProgramArguments: mris_register -all-info  ProgramVersion: 7.3.2  TimeStamp: 2026/03/13-06:07:59-GMT  BuildTime: Aug  4 2022 06:17:15  BuildStamp: freesurfer-linux-ubuntu22_x86_64-7.3.2-20220804-6354275  User: oesteban  Machine: dna065  Platform: Linux  PlatformVersion: 5.14.0-427.37.1.el9_4.x86_64  CompilerName: GCC  CompilerVersion: 8.4.0
ProgramName: mris_smooth  ProgramArguments: mris_smooth -all-info  ProgramVersion: 7.3.2  TimeStamp: 2026/03/13-06:07:59-GMT  BuildTime: Aug  4 2022 06:17:15  BuildStamp: freesurfer-linux-ubuntu22_x86_64-7.3.2-20220804-6354275  User: oesteban  Machine: dna065  Platform: Linux  PlatformVersion: 5.14.0-427.37.1.el9_4.x86_64  CompilerName: GCC  CompilerVersion: 8.4.0
ProgramName: mris_sphere  ProgramArguments: mris_sphere -all-info  ProgramVersion: 7.3.2  TimeStamp: 2026/03/13-06:07:59-GMT  BuildTime: Aug  4 2022 06:17:15  BuildStamp: freesurfer-linux-ubuntu22_x86_64-7.3.2-20220804-6354275  User: oesteban  Machine: dna065  Platform: Linux  PlatformVersion: 5.14.0-427.37.1.el9_4.x86_64  CompilerName: GCC  CompilerVersion: 8.4.0
ProgramName: mris_surface_stats  ProgramArguments: mris_surface_stats -all-info  ProgramVersion: 7.3.2  TimeStamp: 2026/03/13-06:07:59-GMT  BuildTime: Aug  4 2022 06:17:15  BuildStamp: freesurfer-linux-ubuntu22_x86_64-7.3.2-20220804-6354275  User: oesteban  Machine: dna065  Platform: Linux  PlatformVersion: 5.14.0-427.37.1.el9_4.x86_64  CompilerName: GCC  CompilerVersion: 8.4.0
ProgramName: mri_stats2seg  ProgramArguments: mri_stats2seg -all-info  ProgramVersion: 7.3.2  TimeStamp: 2026/03/13-06:07:59-GMT  BuildTime: Aug  4 2022 06:17:15  BuildStamp: freesurfer-linux-ubuntu22_x86_64-7.3.2-20220804-6354275  User: oesteban  Machine: dna065  Platform: Linux  PlatformVersion: 5.14.0-427.37.1.el9_4.x86_64  CompilerName: GCC  CompilerVersion: 8.4.0
ProgramName: mris_thickness  ProgramArguments: mris_thickness -all-info  ProgramVersion: 7.3.2  TimeStamp: 2026/03/13-06:07:59-GMT  BuildTime: Aug  4 2022 06:17:15  BuildStamp: freesurfer-linux-ubuntu22_x86_64-7.3.2-20220804-6354275  User: oesteban  Machine: dna065  Platform: Linux  PlatformVersion: 5.14.0-427.37.1.el9_4.x86_64  CompilerName: GCC  CompilerVersion: 8.4.0
ProgramName: mris_thickness_diff  ProgramArguments: mris_thickness_diff -all-info  ProgramVersion: 7.3.2  TimeStamp: 2026/03/13-06:07:59-GMT  BuildTime: Aug  4 2022 06:17:15  BuildStamp: freesurfer-linux-ubuntu22_x86_64-7.3.2-20220804-6354275  User: oesteban  Machine: dna065  Platform: Linux  PlatformVersion: 5.14.0-427.37.1.el9_4.x86_64  CompilerName: GCC  CompilerVersion: 8.4.0
ProgramName: mris_topo_fixer  ProgramArguments: mris_topo_fixer -all-info  ProgramVersion: 7.3.2  TimeStamp: 2026/03/13-06:07:59-GMT  BuildTime: Aug  4 2022 06:17:15  BuildStamp: freesurfer-linux-ubuntu22_x86_64-7.3.2-20220804-6354275  User: oesteban  Machine: dna065  Platform: Linux  PlatformVersion: 5.14.0-427.37.1.el9_4.x86_64  CompilerName: GCC  CompilerVersion: 8.4.0
ProgramName: mri_surf2surf  ProgramArguments: mri_surf2surf -all-info  ProgramVersion: 7.3.2  TimeStamp: 2026/03/13-06:07:59-GMT  BuildTime: Aug  4 2022 06:17:15  BuildStamp: freesurfer-linux-ubuntu22_x86_64-7.3.2-20220804-6354275  User: oesteban  Machine: dna065  Platform: Linux  PlatformVersion: 5.14.0-427.37.1.el9_4.x86_64  CompilerName: GCC  CompilerVersion: 8.4.0
ProgramName: mri_surf2vol  ProgramArguments: mri_surf2vol -all-info  ProgramVersion: 7.3.2  TimeStamp: 2026/03/13-06:07:59-GMT  BuildTime: Aug  4 2022 06:17:15  BuildStamp: freesurfer-linux-ubuntu22_x86_64-7.3.2-20220804-6354275  User: oesteban  Machine: dna065  Platform: Linux  PlatformVersion: 5.14.0-427.37.1.el9_4.x86_64  CompilerName: GCC  CompilerVersion: 8.4.0
ProgramName: mri_surfcluster  ProgramArguments: mri_surfcluster -all-info  ProgramVersion: 7.3.2  TimeStamp: 2026/03/13-06:07:59-GMT  BuildTime: Aug  4 2022 06:17:15  BuildStamp: freesurfer-linux-ubuntu22_x86_64-7.3.2-20220804-6354275  User: oesteban  Machine: dna065  Platform: Linux  PlatformVersion: 5.14.0-427.37.1.el9_4.x86_64  CompilerName: GCC  CompilerVersion: 8.4.0
ProgramName: mris_volmask  ProgramArguments: mris_volmask -all-info  ProgramVersion: 7.3.2  TimeStamp: 2026/03/13-06:07:59-GMT  BuildTime: Aug  4 2022 06:17:15  BuildStamp: freesurfer-linux-ubuntu22_x86_64-7.3.2-20220804-6354275  User: oesteban  Machine: dna065  Platform: Linux  PlatformVersion: 5.14.0-427.37.1.el9_4.x86_64  CompilerName: GCC  CompilerVersion: 8.4.0
ProgramName: mri_tessellate  ProgramArguments: mri_tessellate -all-info  ProgramVersion: 7.3.2  TimeStamp: 2026/03/13-06:07:59-GMT  BuildTime: Aug  4 2022 06:17:15  BuildStamp: freesurfer-linux-ubuntu22_x86_64-7.3.2-20220804-6354275  User: oesteban  Machine: dna065  Platform: Linux  PlatformVersion: 5.14.0-427.37.1.el9_4.x86_64  CompilerName: GCC  CompilerVersion: 8.4.0
ProgramName: mri_vol2surf  ProgramArguments: mri_vol2surf -all-info  ProgramVersion: 7.3.2  TimeStamp: 2026/03/13-06:07:59-GMT  BuildTime: Aug  4 2022 06:17:15  BuildStamp: freesurfer-linux-ubuntu22_x86_64-7.3.2-20220804-6354275  User: oesteban  Machine: dna065  Platform: Linux  PlatformVersion: 5.14.0-427.37.1.el9_4.x86_64  CompilerName: GCC  CompilerVersion: 8.4.0
ProgramName: mri_vol2vol  ProgramArguments: mri_vol2vol -all-info  ProgramVersion: 7.3.2  TimeStamp: 2026/03/13-06:07:59-GMT  BuildTime: Aug  4 2022 06:17:15  BuildStamp: freesurfer-linux-ubuntu22_x86_64-7.3.2-20220804-6354275  User: oesteban  Machine: dna065  Platform: Linux  PlatformVersion: 5.14.0-427.37.1.el9_4.x86_64  CompilerName: GCC  CompilerVersion: 8.4.0
ProgramName: mri_voldiff  ProgramArguments: mri_voldiff -all-info  ProgramVersion: 7.3.2  TimeStamp: 2026/03/13-06:07:59-GMT  BuildTime: Aug  4 2022 06:17:15  BuildStamp: freesurfer-linux-ubuntu22_x86_64-7.3.2-20220804-6354275  User: oesteban  Machine: dna065  Platform: Linux  PlatformVersion: 5.14.0-427.37.1.el9_4.x86_64  CompilerName: GCC  CompilerVersion: 8.4.0
ProgramName: mri_watershed  ProgramArguments: mri_watershed -all-info  ProgramVersion: 7.3.2  TimeStamp: 2026/03/13-06:07:59-GMT  BuildTime: Aug  4 2022 06:17:15  BuildStamp: freesurfer-linux-ubuntu22_x86_64-7.3.2-20220804-6354275  User: oesteban  Machine: dna065  Platform: Linux  PlatformVersion: 5.14.0-427.37.1.el9_4.x86_64  CompilerName: GCC  CompilerVersion: 8.4.0
ProgramName: tkregister2  ProgramArguments: tkregister2_cmdl -all-info  ProgramVersion: 7.3.2  TimeStamp: 2026/03/13-06:07:59-GMT  BuildTime: Aug  4 2022 06:17:15  BuildStamp: freesurfer-linux-ubuntu22_x86_64-7.3.2-20220804-6354275  User: oesteban  Machine: dna065  Platform: Linux  PlatformVersion: 5.14.0-427.37.1.el9_4.x86_64  CompilerName: GCC  CompilerVersion: 8.4.0
mri_motion_correct.fsl 7.3.2
mri_convert -all-info 
ProgramName: mri_convert  ProgramArguments: mri_convert -all-info  ProgramVersion: 7.3.2  TimeStamp: 2026/03/13-06:07:59-GMT  BuildTime: Aug  4 2022 06:17:15  BuildStamp: freesurfer-linux-ubuntu22_x86_64-7.3.2-20220804-6354275  User: oesteban  Machine: dna065  Platform: Linux  PlatformVersion: 5.14.0-427.37.1.el9_4.x86_64  CompilerName: GCC  CompilerVersion: 8.4.0
Program nu_correct, built from:
Package MNI N3, version 1.12.0, compiled by nicks@terrier (x86_64-unknown-linux-gnu) on 2015-06-19 at 01:25:34
#######################################
GCADIR /opt/freesurfer/average
GCA RB_all_2020-01-02.gca
GCASkull RB_all_withskull_2020_01_02.gca
AvgCurvTif folding.atlas.acfb40.noaparc.i12.2016-08-02.tif
GCSDIR /opt/freesurfer/average
GCS DKaparc.atlas.acfb40.noaparc.i12.2016-08-02.gcs
#######################################
#--------------------------------------------
#@# AutoDetGWStats lh Fri Mar 13 07:07:59 CET 2026
cd /out/sourcedata/freesurfer/sub-v2s4x29603_ses-1/mri
mris_autodet_gwstats --o ../surf/autodet.gw.stats.lh.dat --i brain.finalsurfs.mgz --wm wm.mgz --surf ../surf/lh.orig.premesh
  Update not needed
#--------------------------------------------
#@# WhitePreAparc lh Fri Mar 13 07:07:59 CET 2026
cd /out/sourcedata/freesurfer/sub-v2s4x29603_ses-1/mri
mris_place_surface --adgws-in ../surf/autodet.gw.stats.lh.dat --wm wm.mgz --threads 16 --invol brain.finalsurfs.mgz --lh --i ../surf/lh.orig --o ../surf/lh.white.preaparc --white --seg aseg.presurf.mgz --nsmooth 5
   Update not needed
#--------------------------------------------
#@# CortexLabel lh Fri Mar 13 07:07:59 CET 2026
cd /out/sourcedata/freesurfer/sub-v2s4x29603_ses-1/mri
mri_label2label --label-cortex ../surf/lh.white.preaparc aseg.presurf.mgz 0 ../label/lh.cortex.label
   Update not needed
#--------------------------------------------
#@# CortexLabel+HipAmyg lh Fri Mar 13 07:07:59 CET 2026
cd /out/sourcedata/freesurfer/sub-v2s4x29603_ses-1/mri
mri_label2label --label-cortex ../surf/lh.white.preaparc aseg.presurf.mgz 1 ../label/lh.cortex+hipamyg.label
   Update not needed
#@# white curv lh Fri Mar 13 07:07:59 CET 2026
cd /out/sourcedata/freesurfer/sub-v2s4x29603_ses-1/mri
mris_place_surface --curv-map ../surf/lh.white 2 10 ../surf/lh.curv
   Update not needed
#@# white area lh Fri Mar 13 07:07:59 CET 2026
cd /out/sourcedata/freesurfer/sub-v2s4x29603_ses-1/mri
mris_place_surface --area-map ../surf/lh.white ../surf/lh.area
   Update not needed
#@# pial curv lh Fri Mar 13 07:07:59 CET 2026
cd /out/sourcedata/freesurfer/sub-v2s4x29603_ses-1/mri
mris_place_surface --curv-map ../surf/lh.pial 2 10 ../surf/lh.curv.pial
   Update not needed
#@# pial area lh Fri Mar 13 07:07:59 CET 2026
cd /out/sourcedata/freesurfer/sub-v2s4x29603_ses-1/mri
mris_place_surface --area-map ../surf/lh.pial ../surf/lh.area.pial
   Update not needed
#@# thickness lh Fri Mar 13 07:07:59 CET 2026
cd /out/sourcedata/freesurfer/sub-v2s4x29603_ses-1/mri
mris_place_surface --thickness ../surf/lh.white ../surf/lh.pial 20 5 ../surf/lh.thickness
   Update not needed
#@# area and vertex vol lh Fri Mar 13 07:07:59 CET 2026
cd /out/sourcedata/freesurfer/sub-v2s4x29603_ses-1/mri
mris_place_surface --thickness ../surf/lh.white ../surf/lh.pial 20 5 ../surf/lh.thickness
   Update not needed
#-----------------------------------------
#@# Parcellation Stats lh Fri Mar 13 07:07:59 CET 2026
/out/sourcedata/freesurfer/sub-v2s4x29603_ses-1/scripts

 mris_anatomical_stats -th3 -mgz -noglobal -cortex ../label/lh.cortex.label -f ../stats/lh.aparc.stats -b -a ../label/lh.aparc.annot -c ../label/aparc.annot.ctab sub-v2s4x29603_ses-1 lh white 

computing statistics for each annotation in ../label/lh.aparc.annot.
reading volume /out/sourcedata/freesurfer/sub-v2s4x29603_ses-1/mri/wm.mgz...
reading input surface /out/sourcedata/freesurfer/sub-v2s4x29603_ses-1/surf/lh.white...
reading input pial surface /out/sourcedata/freesurfer/sub-v2s4x29603_ses-1/surf/lh.pial...
reading input white surface /out/sourcedata/freesurfer/sub-v2s4x29603_ses-1/surf/lh.white...
INFO: using TH3 volume calc
INFO: assuming MGZ format for volumes.
INFO: not computing global stats
INFO: using ../label/lh.cortex.label as mask to calc cortex NumVert, SurfArea and MeanThickness.
Using TH3 vertex volume calc
Total face volume 253643
Total vertex volume 253446 (mask=0)
Saving annotation colortable ../label/aparc.annot.ctab

table columns are:
    number of vertices
    total surface area (mm^2)
    total gray matter volume (mm^3)
    average cortical thickness +- standard deviation (mm)
    integrated rectified mean curvature
    integrated rectified Gaussian curvature
    folding index
    intrinsic curvature index
    structure name

 1624   1060   2335  2.322 0.420     0.086     0.015        9     1.0  bankssts
  987    626   1760  2.512 0.555     0.110     0.016       12     0.7  caudalanteriorcingulate
 4111   2722   8252  2.750 0.457     0.107     0.020       33     3.5  caudalmiddlefrontal
 2161   1379   2210  1.569 0.394     0.123     0.024       23     2.4  cuneus
  540    333   1858  3.174 0.931     0.092     0.022        5     0.5  entorhinal
 4596   3186   9331  2.684 0.618     0.117     0.023       49     4.5  fusiform
 6486   4423  12317  2.485 0.537     0.115     0.021       64     5.8  inferiorparietal
 5560   4025  14814  3.059 0.662     0.124     0.025       69     6.0  inferiortemporal
 1181    815   2446  2.440 0.861     0.122     0.030       14     1.4  isthmuscingulate
 7988   5449  12035  2.022 0.523     0.134     0.027       97     9.5  lateraloccipital
 4270   2908   9763  2.972 0.683     0.115     0.023       53     4.2  lateralorbitofrontal
 4137   2780   5064  1.786 0.558     0.128     0.029       43     5.2  lingual
 2800   2044   6318  2.722 0.765     0.134     0.038       58     4.4  medialorbitofrontal
 5542   3810  13604  2.921 0.601     0.109     0.022       60     4.7  middletemporal
 1026    640   2045  2.752 0.581     0.078     0.017        8     0.6  parahippocampal
 2286   1369   3195  2.230 0.570     0.101     0.019       15     1.9  paracentral
 3015   2139   6661  2.793 0.472     0.117     0.022       32     2.8  parsopercularis
 1115    836   2921  2.851 0.570     0.137     0.027       16     1.4  parsorbitalis
 2432   1772   5086  2.619 0.522     0.128     0.024       33     2.4  parstriangularis
 1864   1231   1708  1.596 0.429     0.116     0.026       16     2.1  pericalcarine
 6066   3821   9150  2.131 0.675     0.100     0.018       43     4.6  postcentral
 1461   1061   3611  2.839 0.872     0.145     0.031       19     2.2  posteriorcingulate
 7932   4946  13406  2.567 0.571     0.098     0.017       56     5.7  precentral
 5186   3588   9062  2.378 0.581     0.115     0.023       45     5.6  precuneus
 1108    788   3013  3.064 0.793     0.118     0.029       15     1.1  rostralanteriorcingulate
 8357   6015  16581  2.440 0.544     0.125     0.025      108     8.7  rostralmiddlefrontal
10847   7450  24235  2.913 0.577     0.115     0.023      102    10.0  superiorfrontal
 8056   5220  12441  2.155 0.506     0.105     0.018       66     6.2  superiorparietal
 6743   4437  14512  2.869 0.645     0.097     0.016       56     4.7  superiortemporal
 5416   3812  10925  2.643 0.552     0.121     0.023       58     5.3  supramarginal
  429    376   1456  2.816 0.663     0.194     0.044       12     0.9  frontalpole
  572    436   1753  2.875 0.844     0.127     0.042        7     0.9  temporalpole
  770    511   1241  2.270 0.357     0.107     0.016        6     0.5  transversetemporal
 3345   2270   8335  3.478 0.807     0.110     0.027       25     3.6  insula

 mris_anatomical_stats -th3 -mgz -noglobal -cortex ../label/lh.cortex.label -f ../stats/lh.aparc.pial.stats -b -a ../label/lh.aparc.annot -c ../label/aparc.annot.ctab sub-v2s4x29603_ses-1 lh pial 

computing statistics for each annotation in ../label/lh.aparc.annot.
reading volume /out/sourcedata/freesurfer/sub-v2s4x29603_ses-1/mri/wm.mgz...
reading input surface /out/sourcedata/freesurfer/sub-v2s4x29603_ses-1/surf/lh.pial...
reading input pial surface /out/sourcedata/freesurfer/sub-v2s4x29603_ses-1/surf/lh.pial...
reading input white surface /out/sourcedata/freesurfer/sub-v2s4x29603_ses-1/surf/lh.white...
INFO: using TH3 volume calc
INFO: assuming MGZ format for volumes.
INFO: not computing global stats
INFO: using ../label/lh.cortex.label as mask to calc cortex NumVert, SurfArea and MeanThickness.
Using TH3 vertex volume calc
Total face volume 253643
Total vertex volume 253446 (mask=0)
Saving annotation colortable ../label/aparc.annot.ctab

table columns are:
    number of vertices
    total surface area (mm^2)
    total gray matter volume (mm^3)
    average cortical thickness +- standard deviation (mm)
    integrated rectified mean curvature
    integrated rectified Gaussian curvature
    folding index
    intrinsic curvature index
    structure name

 1624    953   2335  2.322 0.420     0.096     0.021       20     1.4  bankssts
  987    766   1760  2.512 0.555     0.156     0.046       48     1.4  caudalanteriorcingulate
 4111   3241   8252  2.750 0.457     0.119     0.022       70     3.5  caudalmiddlefrontal
 2161   1582   2210  1.569 0.394     0.110     0.026       34     2.1  cuneus
  540    854   1858  3.174 0.931     0.311     0.083       20     2.6  entorhinal
 4596   3781   9331  2.684 0.618     0.134     0.033      114     6.0  fusiform
 6486   5354  12317  2.485 0.537     0.124     0.024       77     6.7  inferiorparietal
 5560   5543  14814  3.059 0.662     0.162     0.035     4936     8.8  inferiortemporal
 1181   1168   2446  2.440 0.861     0.178     0.052       23     2.4  isthmuscingulate
 7988   6635  12035  2.022 0.523     0.133     0.032      380    10.8  lateraloccipital
 4270   3640   9763  2.972 0.683     0.140     0.033       85     5.7  lateralorbitofrontal
 4137   3125   5064  1.786 0.558     0.124     0.033       57     5.0  lingual
 2800   2625   6318  2.722 0.765     0.164     0.041      497     4.5  medialorbitofrontal
 5542   5241  13604  2.921 0.601     0.146     0.030      115     7.0  middletemporal
 1026    890   2045  2.752 0.581     0.147     0.042       47     1.9  parahippocampal
 2286   1537   3195  2.230 0.570     0.098     0.018       20     1.6  paracentral
 3015   2664   6661  2.793 0.472     0.135     0.026       46     3.3  parsopercularis
 1115   1209   2921  2.851 0.570     0.172     0.035       18     1.7  parsorbitalis
 2432   2089   5086  2.619 0.522     0.151     0.030       43     3.0  parstriangularis
 1864   1003   1708  1.596 0.429     0.099     0.031       58     1.9  pericalcarine
 6066   4700   9150  2.131 0.675     0.111     0.019       50     4.7  postcentral
 1461   1382   3611  2.839 0.872     0.163     0.043       30     2.5  posteriorcingulate
 7932   5385  13406  2.567 0.571     0.102     0.023     4761     5.4  precentral
 5186   3978   9062  2.378 0.581     0.119     0.027       80     5.7  precuneus
 1108   1146   3013  3.064 0.793     0.181     0.039       63     2.1  rostralanteriorcingulate
 8357   7374  16581  2.440 0.544     0.148     0.029      889     9.6  rostralmiddlefrontal
10847   8896  24235  2.913 0.577     0.128     0.026      171    11.6  superiorfrontal
 8056   6235  12441  2.155 0.506     0.116     0.021       93     6.6  superiorparietal
 6743   5395  14512  2.869 0.645     0.117     0.025      138     6.4  superiortemporal
 5416   4394  10925  2.643 0.552     0.127     0.725       85     5.6  supramarginal
  429    663   1456  2.816 0.663     0.252     0.037        6     0.9  frontalpole
  572    825   1753  2.875 0.844     0.219     0.045        7     1.3  temporalpole
  770    606   1241  2.270 0.357     0.099     0.020        5     0.6  transversetemporal
 3345   2230   8335  3.478 0.807     0.139     0.043      131     5.8  insula
#-----------------------------------------
#@# Parcellation Stats 2 lh Fri Mar 13 07:08:14 CET 2026
/out/sourcedata/freesurfer/sub-v2s4x29603_ses-1/scripts

 mris_anatomical_stats -th3 -mgz -noglobal -cortex ../label/lh.cortex.label -f ../stats/lh.aparc.a2009s.stats -b -a ../label/lh.aparc.a2009s.annot -c ../label/aparc.annot.a2009s.ctab sub-v2s4x29603_ses-1 lh white 

computing statistics for each annotation in ../label/lh.aparc.a2009s.annot.
reading volume /out/sourcedata/freesurfer/sub-v2s4x29603_ses-1/mri/wm.mgz...
reading input surface /out/sourcedata/freesurfer/sub-v2s4x29603_ses-1/surf/lh.white...
reading input pial surface /out/sourcedata/freesurfer/sub-v2s4x29603_ses-1/surf/lh.pial...
reading input white surface /out/sourcedata/freesurfer/sub-v2s4x29603_ses-1/surf/lh.white...
INFO: using TH3 volume calc
INFO: assuming MGZ format for volumes.
INFO: not computing global stats
INFO: using ../label/lh.cortex.label as mask to calc cortex NumVert, SurfArea and MeanThickness.
Using TH3 vertex volume calc
Total face volume 253643
Total vertex volume 253446 (mask=0)
Saving annotation colortable ../label/aparc.annot.a2009s.ctab

table columns are:
    number of vertices
    total surface area (mm^2)
    total gray matter volume (mm^3)
    average cortical thickness +- standard deviation (mm)
    integrated rectified mean curvature
    integrated rectified Gaussian curvature
    folding index
    intrinsic curvature index
    structure name

 1190    906   2461  2.603 0.502     0.147     0.029       20     1.6  G_and_S_frontomargin
 1618   1138   2575  2.059 0.497     0.135     0.027       21     2.0  G_and_S_occipital_inf
 1732   1005   2289  2.001 0.441     0.100     0.020       12     1.6  G_and_S_paracentral
 1578   1111   3465  2.747 0.496     0.128     0.023       18     1.5  G_and_S_subcentral
  865    685   2325  2.626 0.611     0.162     0.037       21     1.4  G_and_S_transv_frontopol
 2497   1753   5632  2.957 0.573     0.114     0.025       30     2.4  G_and_S_cingul-Ant
 1401    949   2546  2.728 0.472     0.100     0.016        8     1.1  G_and_S_cingul-Mid-Ant
 1324    940   2847  2.763 0.734     0.119     0.026       12     1.5  G_and_S_cingul-Mid-Post
  497    390   1839  3.265 0.567     0.169     0.045        9     1.1  G_cingul-Post-dorsal
  227    152    586  2.802 0.711     0.129     0.032        3     0.2  G_cingul-Post-ventral
 1945   1244   2168  1.591 0.442     0.124     0.024       21     2.3  G_cuneus
 1507   1119   4123  2.926 0.484     0.125     0.025       21     1.5  G_front_inf-Opercular
  627    460   1843  2.826 0.442     0.127     0.023       11     0.6  G_front_inf-Orbital
 1427   1079   3701  2.832 0.473     0.147     0.032       26     1.9  G_front_inf-Triangul
 4908   3514  12470  2.697 0.556     0.134     0.028       76     5.8  G_front_middle
 7335   4976  18722  3.004 0.615     0.123     0.026       85     7.6  G_front_sup
  641    444   1822  3.622 0.834     0.136     0.045        8     1.1  G_Ins_lg_and_S_cent_ins
  776    557   3234  4.155 0.665     0.118     0.028        9     0.9  G_insular_short
 2697   1856   5379  2.381 0.491     0.139     0.027       39     3.2  G_occipital_middle
 1428    946   1983  1.874 0.436     0.128     0.025       15     1.6  G_occipital_sup
 1941   1320   4620  2.828 0.616     0.122     0.026       28     2.0  G_oc-temp_lat-fusifor
 2869   1908   3626  1.696 0.571     0.131     0.029       34     3.6  G_oc-temp_med-Lingual
 1108    668   2930  3.029 0.792     0.084     0.020       10     0.8  G_oc-temp_med-Parahip
 2445   1702   6929  3.053 0.685     0.126     0.028       42     2.8  G_orbital
 2482   1716   6193  2.713 0.557     0.131     0.025       36     2.8  G_pariet_inf-Angular
 2565   1852   6452  2.887 0.466     0.130     0.025       35     2.7  G_pariet_inf-Supramar
 3161   2065   6200  2.376 0.544     0.112     0.019       31     2.6  G_parietal_sup
 2426   1423   4007  2.281 0.594     0.105     0.020       19     2.0  G_postcentral
 2969   1694   5901  2.696 0.479     0.099     0.021       26     2.4  G_precentral
 2363   1635   5311  2.562 0.507     0.121     0.026       28     2.5  G_precuneus
  850    636   2777  2.979 0.775     0.142     0.036       26     1.5  G_rectus
  652    479   1251  2.786 0.890     0.161     0.075       15     1.9  G_subcallosal
  720    474   1350  2.376 0.441     0.106     0.015        5     0.5  G_temp_sup-G_T_transv
 2320   1568   7059  3.257 0.598     0.127     0.027       35     2.5  G_temp_sup-Lateral
  953    622   2319  3.297 0.702     0.063     0.010        3     0.3  G_temp_sup-Plan_polar
  866    591   1636  2.526 0.339     0.081     0.012        4     0.5  G_temp_sup-Plan_tempo
 2824   2129   9623  3.327 0.642     0.136     0.029       46     3.6  G_temporal_inf
 2906   2027   9087  3.153 0.593     0.124     0.027       44     2.9  G_temporal_middle
  377    261    504  2.304 0.387     0.121     0.020        4     0.3  Lat_Fis-ant-Horizont
  481    343    816  2.608 0.564     0.109     0.013        3     0.3  Lat_Fis-ant-Vertical
 1083    700   1340  2.434 0.579     0.102     0.020        6     0.9  Lat_Fis-post
 2009   1322   2653  1.792 0.495     0.139     0.033       26     2.8  Pole_occipital
 1437   1114   4980  2.904 0.764     0.140     0.039       22     2.2  Pole_temporal
 2325   1558   2610  1.860 0.655     0.118     0.028       20     3.2  S_calcarine
 3324   2196   3607  1.851 0.659     0.091     0.015       16     2.1  S_central
 1040    693   1424  2.344 0.617     0.110     0.016        7     0.8  S_cingul-Marginalis
  477    312    745  2.909 0.443     0.079     0.012        1     0.2  S_circular_insula_ant
 1409    904   2178  2.949 0.708     0.079     0.012        4     0.8  S_circular_insula_inf
 1815   1170   2741  2.901 0.467     0.092     0.017        7     1.3  S_circular_insula_sup
  860    630   1991  3.204 0.632     0.117     0.023        7     0.8  S_collat_transv_ant
  443    296    405  1.862 0.553     0.143     0.039        5     0.7  S_collat_transv_post
 2855   1943   4099  2.235 0.420     0.099     0.016       15     2.0  S_front_inf
 1573   1082   2121  2.209 0.415     0.114     0.022       12     1.5  S_front_middle
 2900   1975   5042  2.753 0.430     0.093     0.015       15     1.8  S_front_sup
  446    307    571  2.197 0.372     0.112     0.014        3     0.4  S_interm_prim-Jensen
 3010   1947   3554  2.018 0.422     0.089     0.013       15     1.6  S_intrapariet_and_P_trans
  951    645   1124  1.999 0.420     0.114     0.020        7     0.8  S_oc_middle_and_Lunatus
 1343    886   1585  2.002 0.368     0.113     0.020       11     1.2  S_oc_sup_and_transversal
  972    675   1411  2.202 0.524     0.117     0.019        9     0.7  S_occipital_ant
 1140    765   1693  2.495 0.393     0.096     0.015        7     0.8  S_oc-temp_lat
 2250   1515   2991  2.300 0.511     0.106     0.020       14     1.9  S_oc-temp_med_and_Lingual
  222    168    348  2.396 0.364     0.134     0.024        2     0.2  S_orbital_lateral
  619    434    899  2.377 0.463     0.108     0.015        4     0.3  S_orbital_med-olfact
 1609   1129   3370  3.003 0.685     0.121     0.024       17     1.8  S_orbital-H_Shaped
 2344   1592   2929  2.067 0.587     0.106     0.021       17     2.2  S_parieto_occipital
 1205    738   1138  1.905 0.575     0.114     0.022       17     1.1  S_pericallosal
 2591   1707   3504  2.309 0.532     0.102     0.018       16     2.0  S_postcentral
 2012   1310   3215  2.702 0.438     0.095     0.014       12     1.1  S_precentral-inf-part
 1412    916   1969  2.602 0.456     0.088     0.012        5     0.8  S_precentral-sup-part
  673    501   1219  2.532 0.854     0.128     0.021        7     0.6  S_suborbital
  856    586   1120  2.122 0.500     0.117     0.019        6     0.8  S_subparietal
 2285   1539   3286  2.622 0.407     0.105     0.017       13     1.9  S_temporal_inf
 6593   4382  10426  2.509 0.477     0.092     0.015       41     4.2  S_temporal_sup
  428    306    561  2.193 0.376     0.106     0.012        3     0.2  S_temporal_transverse
#-----------------------------------------
#@# Parcellation Stats 3 lh Fri Mar 13 07:08:22 CET 2026
/out/sourcedata/freesurfer/sub-v2s4x29603_ses-1/scripts

 mris_anatomical_stats -th3 -mgz -noglobal -cortex ../label/lh.cortex.label -f ../stats/lh.aparc.DKTatlas.stats -b -a ../label/lh.aparc.DKTatlas.annot -c ../label/aparc.annot.DKTatlas.ctab sub-v2s4x29603_ses-1 lh white 

computing statistics for each annotation in ../label/lh.aparc.DKTatlas.annot.
reading volume /out/sourcedata/freesurfer/sub-v2s4x29603_ses-1/mri/wm.mgz...
reading input surface /out/sourcedata/freesurfer/sub-v2s4x29603_ses-1/surf/lh.white...
reading input pial surface /out/sourcedata/freesurfer/sub-v2s4x29603_ses-1/surf/lh.pial...
reading input white surface /out/sourcedata/freesurfer/sub-v2s4x29603_ses-1/surf/lh.white...
INFO: using TH3 volume calc
INFO: assuming MGZ format for volumes.
INFO: not computing global stats
INFO: using ../label/lh.cortex.label as mask to calc cortex NumVert, SurfArea and MeanThickness.
Using TH3 vertex volume calc
Total face volume 253643
Total vertex volume 253446 (mask=0)
Saving annotation colortable ../label/aparc.annot.DKTatlas.ctab

table columns are:
    number of vertices
    total surface area (mm^2)
    total gray matter volume (mm^3)
    average cortical thickness +- standard deviation (mm)
    integrated rectified mean curvature
    integrated rectified Gaussian curvature
    folding index
    intrinsic curvature index
    structure name

 1939   1246   3626  2.673 0.539     0.106     0.019       18     1.5  caudalanteriorcingulate
 4370   2888   8655  2.736 0.462     0.106     0.020       34     3.5  caudalmiddlefrontal
 3007   1955   3255  1.641 0.423     0.113     0.023       28     3.0  cuneus
  510    308   1651  3.182 0.943     0.082     0.019        3     0.4  entorhinal
 4224   2905   8242  2.669 0.614     0.115     0.022       43     3.9  fusiform
 6748   4624  12952  2.468 0.544     0.117     0.021       69     6.2  inferiorparietal
 5298   3865  14459  3.068 0.682     0.124     0.025       66     5.6  inferiortemporal
 1183    814   2423  2.441 0.848     0.122     0.030       13     1.4  isthmuscingulate
 7920   5392  11855  2.017 0.518     0.134     0.027       97     9.4  lateraloccipital
 4573   3194  10561  2.970 0.706     0.125     0.027       63     5.3  lateralorbitofrontal
 4252   2852   5152  1.770 0.545     0.128     0.029       45     5.3  lingual
 2271   1684   5543  2.715 0.821     0.135     0.038       51     3.8  medialorbitofrontal
 7375   5033  16884  2.819 0.609     0.108     0.021       75     6.5  middletemporal
 1065    662   2117  2.762 0.590     0.078     0.016        8     0.6  parahippocampal
 2702   1618   3939  2.333 0.608     0.099     0.019       17     2.1  paracentral
 2712   1920   5977  2.808 0.476     0.116     0.021       29     2.4  parsopercularis
 1146    832   2820  2.801 0.565     0.118     0.020       13     1.0  parsorbitalis
 3026   2190   6301  2.598 0.514     0.123     0.024       39     3.0  parstriangularis
 1830   1213   1689  1.603 0.429     0.114     0.025       15     2.0  pericalcarine
 6922   4388  10564  2.172 0.675     0.101     0.018       50     5.3  postcentral
 1585   1144   3760  2.821 0.850     0.142     0.032       20     2.3  posteriorcingulate
 7839   4894  13204  2.568 0.566     0.099     0.017       55     5.8  precentral
 4987   3441   8961  2.406 0.570     0.118     0.024       46     5.5  precuneus
 1651   1153   3853  2.958 0.734     0.122     0.030       23     1.7  rostralanteriorcingulate
 6078   4290  11825  2.426 0.572     0.122     0.024       74     6.2  rostralmiddlefrontal
11469   8152  26612  2.865 0.597     0.124     0.025      129    11.9  superiorfrontal
 6543   4229  10324  2.186 0.514     0.105     0.018       53     5.0  superiorparietal
 8430   5627  18202  2.832 0.658     0.100     0.018       71     6.6  superiortemporal
 4776   3349   9409  2.655 0.545     0.120     0.023       50     4.7  supramarginal
  756    502   1231  2.271 0.362     0.107     0.015        6     0.4  transversetemporal
 2822   1914   7400  3.525 0.783     0.105     0.025       21     2.7  insula
/out/sourcedata/freesurfer/sub-v2s4x29603_ses-1/label
#--------------------------------------------
#@# BA_exvivo Labels lh Fri Mar 13 07:08:30 CET 2026

 mri_label2label --srcsubject fsaverage --srclabel /out/sourcedata/freesurfer/fsaverage/label/lh.BA1_exvivo.label --trgsubject sub-v2s4x29603_ses-1 --trglabel ./lh.BA1_exvivo.label --hemi lh --regmethod surface 


srclabel = /out/sourcedata/freesurfer/fsaverage/label/lh.BA1_exvivo.label
srcsubject = fsaverage
trgsubject = sub-v2s4x29603_ses-1
trglabel = ./lh.BA1_exvivo.label
regmethod = surface

srchemi = lh
trghemi = lh
trgsurface = white
srcsurfreg = sphere.reg
trgsurfreg = sphere.reg
usehash = 1
Use ProjAbs  = 0, 0
Use ProjFrac = 0, 0
DoPaint 0

SUBJECTS_DIR    /out/sourcedata/freesurfer
FREESURFER_HOME /opt/freesurfer
Loading source label.
Found 4129 points in source label.
Starting surface-based mapping
Reading source registration 
 /out/sourcedata/freesurfer/fsaverage/surf/lh.sphere.reg
Rescaling ...  original radius = 100
Reading target surface 
 /out/sourcedata/freesurfer/sub-v2s4x29603_ses-1/surf/lh.white
Reading target registration 
 /out/sourcedata/freesurfer/sub-v2s4x29603_ses-1/surf/lh.sphere.reg
Rescaling ...  original radius = 100
Building target registration hash (res=16).
Building source registration hash (res=16).
INFO: found  4129 nlabel points
Performing mapping from target back to the source label 137773
Number of reverse mapping hits = 101
Checking for and removing duplicates
Writing label file ./lh.BA1_exvivo.label 4230
mri_label2label: Done


 mri_label2label --srcsubject fsaverage --srclabel /out/sourcedata/freesurfer/fsaverage/label/lh.BA2_exvivo.label --trgsubject sub-v2s4x29603_ses-1 --trglabel ./lh.BA2_exvivo.label --hemi lh --regmethod surface 


srclabel = /out/sourcedata/freesurfer/fsaverage/label/lh.BA2_exvivo.label
srcsubject = fsaverage
trgsubject = sub-v2s4x29603_ses-1
trglabel = ./lh.BA2_exvivo.label
regmethod = surface

srchemi = lh
trghemi = lh
trgsurface = white
srcsurfreg = sphere.reg
trgsurfreg = sphere.reg
usehash = 1
Use ProjAbs  = 0, 0
Use ProjFrac = 0, 0
DoPaint 0

SUBJECTS_DIR    /out/sourcedata/freesurfer
FREESURFER_HOME /opt/freesurfer
Loading source label.
Found 7909 points in source label.
Starting surface-based mapping
Reading source registration 
 /out/sourcedata/freesurfer/fsaverage/surf/lh.sphere.reg
Rescaling ...  original radius = 100
Reading target surface 
 /out/sourcedata/freesurfer/sub-v2s4x29603_ses-1/surf/lh.white
Reading target registration 
 /out/sourcedata/freesurfer/sub-v2s4x29603_ses-1/surf/lh.sphere.reg
Rescaling ...  original radius = 100
Building target registration hash (res=16).
Building source registration hash (res=16).
INFO: found  7909 nlabel points
Performing mapping from target back to the source label 137773
Number of reverse mapping hits = 133
Checking for and removing duplicates
Writing label file ./lh.BA2_exvivo.label 8042
mri_label2label: Done


 mri_label2label --srcsubject fsaverage --srclabel /out/sourcedata/freesurfer/fsaverage/label/lh.BA3a_exvivo.label --trgsubject sub-v2s4x29603_ses-1 --trglabel ./lh.BA3a_exvivo.label --hemi lh --regmethod surface 


srclabel = /out/sourcedata/freesurfer/fsaverage/label/lh.BA3a_exvivo.label
srcsubject = fsaverage
trgsubject = sub-v2s4x29603_ses-1
trglabel = ./lh.BA3a_exvivo.label
regmethod = surface

srchemi = lh
trghemi = lh
trgsurface = white
srcsurfreg = sphere.reg
trgsurfreg = sphere.reg
usehash = 1
Use ProjAbs  = 0, 0
Use ProjFrac = 0, 0
DoPaint 0

SUBJECTS_DIR    /out/sourcedata/freesurfer
FREESURFER_HOME /opt/freesurfer
Loading source label.
Found 4077 points in source label.
Starting surface-based mapping
Reading source registration 
 /out/sourcedata/freesurfer/fsaverage/surf/lh.sphere.reg
Rescaling ...  original radius = 100
Reading target surface 
 /out/sourcedata/freesurfer/sub-v2s4x29603_ses-1/surf/lh.white
Reading target registration 
 /out/sourcedata/freesurfer/sub-v2s4x29603_ses-1/surf/lh.sphere.reg
Rescaling ...  original radius = 100
Building target registration hash (res=16).
Building source registration hash (res=16).
INFO: found  4077 nlabel points
Performing mapping from target back to the source label 137773
Number of reverse mapping hits = 39
Checking for and removing duplicates
Writing label file ./lh.BA3a_exvivo.label 4116
mri_label2label: Done


 mri_label2label --srcsubject fsaverage --srclabel /out/sourcedata/freesurfer/fsaverage/label/lh.BA3b_exvivo.label --trgsubject sub-v2s4x29603_ses-1 --trglabel ./lh.BA3b_exvivo.label --hemi lh --regmethod surface 


srclabel = /out/sourcedata/freesurfer/fsaverage/label/lh.BA3b_exvivo.label
srcsubject = fsaverage
trgsubject = sub-v2s4x29603_ses-1
trglabel = ./lh.BA3b_exvivo.label
regmethod = surface

srchemi = lh
trghemi = lh
trgsurface = white
srcsurfreg = sphere.reg
trgsurfreg = sphere.reg
usehash = 1
Use ProjAbs  = 0, 0
Use ProjFrac = 0, 0
DoPaint 0

SUBJECTS_DIR    /out/sourcedata/freesurfer
FREESURFER_HOME /opt/freesurfer
Loading source label.
Found 5983 points in source label.
Starting surface-based mapping
Reading source registration 
 /out/sourcedata/freesurfer/fsaverage/surf/lh.sphere.reg
Rescaling ...  original radius = 100
Reading target surface 
 /out/sourcedata/freesurfer/sub-v2s4x29603_ses-1/surf/lh.white
Reading target registration 
 /out/sourcedata/freesurfer/sub-v2s4x29603_ses-1/surf/lh.sphere.reg
Rescaling ...  original radius = 100
Building target registration hash (res=16).
Building source registration hash (res=16).
INFO: found  5983 nlabel points
Performing mapping from target back to the source label 137773
Number of reverse mapping hits = 113
Checking for and removing duplicates
Writing label file ./lh.BA3b_exvivo.label 6096
mri_label2label: Done


 mri_label2label --srcsubject fsaverage --srclabel /out/sourcedata/freesurfer/fsaverage/label/lh.BA4a_exvivo.label --trgsubject sub-v2s4x29603_ses-1 --trglabel ./lh.BA4a_exvivo.label --hemi lh --regmethod surface 


srclabel = /out/sourcedata/freesurfer/fsaverage/label/lh.BA4a_exvivo.label
srcsubject = fsaverage
trgsubject = sub-v2s4x29603_ses-1
trglabel = ./lh.BA4a_exvivo.label
regmethod = surface

srchemi = lh
trghemi = lh
trgsurface = white
srcsurfreg = sphere.reg
trgsurfreg = sphere.reg
usehash = 1
Use ProjAbs  = 0, 0
Use ProjFrac = 0, 0
DoPaint 0

SUBJECTS_DIR    /out/sourcedata/freesurfer
FREESURFER_HOME /opt/freesurfer
Loading source label.
Found 5784 points in source label.
Starting surface-based mapping
Reading source registration 
 /out/sourcedata/freesurfer/fsaverage/surf/lh.sphere.reg
Rescaling ...  original radius = 100
Reading target surface 
 /out/sourcedata/freesurfer/sub-v2s4x29603_ses-1/surf/lh.white
Reading target registration 
 /out/sourcedata/freesurfer/sub-v2s4x29603_ses-1/surf/lh.sphere.reg
Rescaling ...  original radius = 100
Building target registration hash (res=16).
Building source registration hash (res=16).
INFO: found  5784 nlabel points
Performing mapping from target back to the source label 137773
Number of reverse mapping hits = 217
Checking for and removing duplicates
Writing label file ./lh.BA4a_exvivo.label 6001
mri_label2label: Done


 mri_label2label --srcsubject fsaverage --srclabel /out/sourcedata/freesurfer/fsaverage/label/lh.BA4p_exvivo.label --trgsubject sub-v2s4x29603_ses-1 --trglabel ./lh.BA4p_exvivo.label --hemi lh --regmethod surface 


srclabel = /out/sourcedata/freesurfer/fsaverage/label/lh.BA4p_exvivo.label
srcsubject = fsaverage
trgsubject = sub-v2s4x29603_ses-1
trglabel = ./lh.BA4p_exvivo.label
regmethod = surface

srchemi = lh
trghemi = lh
trgsurface = white
srcsurfreg = sphere.reg
trgsurfreg = sphere.reg
usehash = 1
Use ProjAbs  = 0, 0
Use ProjFrac = 0, 0
DoPaint 0

SUBJECTS_DIR    /out/sourcedata/freesurfer
FREESURFER_HOME /opt/freesurfer
Loading source label.
Found 4070 points in source label.
Starting surface-based mapping
Reading source registration 
 /out/sourcedata/freesurfer/fsaverage/surf/lh.sphere.reg
Rescaling ...  original radius = 100
Reading target surface 
 /out/sourcedata/freesurfer/sub-v2s4x29603_ses-1/surf/lh.white
Reading target registration 
 /out/sourcedata/freesurfer/sub-v2s4x29603_ses-1/surf/lh.sphere.reg
Rescaling ...  original radius = 100
Building target registration hash (res=16).
Building source registration hash (res=16).
INFO: found  4070 nlabel points
Performing mapping from target back to the source label 137773
Number of reverse mapping hits = 104
Checking for and removing duplicates
Writing label file ./lh.BA4p_exvivo.label 4174
mri_label2label: Done


 mri_label2label --srcsubject fsaverage --srclabel /out/sourcedata/freesurfer/fsaverage/label/lh.BA6_exvivo.label --trgsubject sub-v2s4x29603_ses-1 --trglabel ./lh.BA6_exvivo.label --hemi lh --regmethod surface 


srclabel = /out/sourcedata/freesurfer/fsaverage/label/lh.BA6_exvivo.label
srcsubject = fsaverage
trgsubject = sub-v2s4x29603_ses-1
trglabel = ./lh.BA6_exvivo.label
regmethod = surface

srchemi = lh
trghemi = lh
trgsurface = white
srcsurfreg = sphere.reg
trgsurfreg = sphere.reg
usehash = 1
Use ProjAbs  = 0, 0
Use ProjFrac = 0, 0
DoPaint 0

SUBJECTS_DIR    /out/sourcedata/freesurfer
FREESURFER_HOME /opt/freesurfer
Loading source label.
Found 13589 points in source label.
Starting surface-based mapping
Reading source registration 
 /out/sourcedata/freesurfer/fsaverage/surf/lh.sphere.reg
Rescaling ...  original radius = 100
Reading target surface 
 /out/sourcedata/freesurfer/sub-v2s4x29603_ses-1/surf/lh.white
Reading target registration 
 /out/sourcedata/freesurfer/sub-v2s4x29603_ses-1/surf/lh.sphere.reg
Rescaling ...  original radius = 100
Building target registration hash (res=16).
Building source registration hash (res=16).
INFO: found  13589 nlabel points
Performing mapping from target back to the source label 137773
Number of reverse mapping hits = 690
Checking for and removing duplicates
Writing label file ./lh.BA6_exvivo.label 14279
mri_label2label: Done


 mri_label2label --srcsubject fsaverage --srclabel /out/sourcedata/freesurfer/fsaverage/label/lh.BA44_exvivo.label --trgsubject sub-v2s4x29603_ses-1 --trglabel ./lh.BA44_exvivo.label --hemi lh --regmethod surface 


srclabel = /out/sourcedata/freesurfer/fsaverage/label/lh.BA44_exvivo.label
srcsubject = fsaverage
trgsubject = sub-v2s4x29603_ses-1
trglabel = ./lh.BA44_exvivo.label
regmethod = surface

srchemi = lh
trghemi = lh
trgsurface = white
srcsurfreg = sphere.reg
trgsurfreg = sphere.reg
usehash = 1
Use ProjAbs  = 0, 0
Use ProjFrac = 0, 0
DoPaint 0

SUBJECTS_DIR    /out/sourcedata/freesurfer
FREESURFER_HOME /opt/freesurfer
Loading source label.
Found 4181 points in source label.
Starting surface-based mapping
Reading source registration 
 /out/sourcedata/freesurfer/fsaverage/surf/lh.sphere.reg
Rescaling ...  original radius = 100
Reading target surface 
 /out/sourcedata/freesurfer/sub-v2s4x29603_ses-1/surf/lh.white
Reading target registration 
 /out/sourcedata/freesurfer/sub-v2s4x29603_ses-1/surf/lh.sphere.reg
Rescaling ...  original radius = 100
Building target registration hash (res=16).
Building source registration hash (res=16).
INFO: found  4181 nlabel points
Performing mapping from target back to the source label 137773
Number of reverse mapping hits = 420
Checking for and removing duplicates
Writing label file ./lh.BA44_exvivo.label 4601
mri_label2label: Done


 mri_label2label --srcsubject fsaverage --srclabel /out/sourcedata/freesurfer/fsaverage/label/lh.BA45_exvivo.label --trgsubject sub-v2s4x29603_ses-1 --trglabel ./lh.BA45_exvivo.label --hemi lh --regmethod surface 


srclabel = /out/sourcedata/freesurfer/fsaverage/label/lh.BA45_exvivo.label
srcsubject = fsaverage
trgsubject = sub-v2s4x29603_ses-1
trglabel = ./lh.BA45_exvivo.label
regmethod = surface

srchemi = lh
trghemi = lh
trgsurface = white
srcsurfreg = sphere.reg
trgsurfreg = sphere.reg
usehash = 1
Use ProjAbs  = 0, 0
Use ProjFrac = 0, 0
DoPaint 0

SUBJECTS_DIR    /out/sourcedata/freesurfer
FREESURFER_HOME /opt/freesurfer
Loading source label.
Found 3422 points in source label.
Starting surface-based mapping
Reading source registration 
 /out/sourcedata/freesurfer/fsaverage/surf/lh.sphere.reg
Rescaling ...  original radius = 100
Reading target surface 
 /out/sourcedata/freesurfer/sub-v2s4x29603_ses-1/surf/lh.white
Reading target registration 
 /out/sourcedata/freesurfer/sub-v2s4x29603_ses-1/surf/lh.sphere.reg
Rescaling ...  original radius = 100
Building target registration hash (res=16).
Building source registration hash (res=16).
INFO: found  3422 nlabel points
Performing mapping from target back to the source label 137773
Number of reverse mapping hits = 1016
Checking for and removing duplicates
Writing label file ./lh.BA45_exvivo.label 4438
mri_label2label: Done


 mri_label2label --srcsubject fsaverage --srclabel /out/sourcedata/freesurfer/fsaverage/label/lh.V1_exvivo.label --trgsubject sub-v2s4x29603_ses-1 --trglabel ./lh.V1_exvivo.label --hemi lh --regmethod surface 


srclabel = /out/sourcedata/freesurfer/fsaverage/label/lh.V1_exvivo.label
srcsubject = fsaverage
trgsubject = sub-v2s4x29603_ses-1
trglabel = ./lh.V1_exvivo.label
regmethod = surface

srchemi = lh
trghemi = lh
trgsurface = white
srcsurfreg = sphere.reg
trgsurfreg = sphere.reg
usehash = 1
Use ProjAbs  = 0, 0
Use ProjFrac = 0, 0
DoPaint 0

SUBJECTS_DIR    /out/sourcedata/freesurfer
FREESURFER_HOME /opt/freesurfer
Loading source label.
Found 4641 points in source label.
Starting surface-based mapping
Reading source registration 
 /out/sourcedata/freesurfer/fsaverage/surf/lh.sphere.reg
Rescaling ...  original radius = 100
Reading target surface 
 /out/sourcedata/freesurfer/sub-v2s4x29603_ses-1/surf/lh.white
Reading target registration 
 /out/sourcedata/freesurfer/sub-v2s4x29603_ses-1/surf/lh.sphere.reg
Rescaling ...  original radius = 100
Building target registration hash (res=16).
Building source registration hash (res=16).
INFO: found  4641 nlabel points
Performing mapping from target back to the source label 137773
Number of reverse mapping hits = 929
Checking for and removing duplicates
Writing label file ./lh.V1_exvivo.label 5570
mri_label2label: Done


 mri_label2label --srcsubject fsaverage --srclabel /out/sourcedata/freesurfer/fsaverage/label/lh.V2_exvivo.label --trgsubject sub-v2s4x29603_ses-1 --trglabel ./lh.V2_exvivo.label --hemi lh --regmethod surface 


srclabel = /out/sourcedata/freesurfer/fsaverage/label/lh.V2_exvivo.label
srcsubject = fsaverage
trgsubject = sub-v2s4x29603_ses-1
trglabel = ./lh.V2_exvivo.label
regmethod = surface

srchemi = lh
trghemi = lh
trgsurface = white
srcsurfreg = sphere.reg
trgsurfreg = sphere.reg
usehash = 1
Use ProjAbs  = 0, 0
Use ProjFrac = 0, 0
DoPaint 0

SUBJECTS_DIR    /out/sourcedata/freesurfer
FREESURFER_HOME /opt/freesurfer
Loading source label.
Found 8114 points in source label.
Starting surface-based mapping
Reading source registration 
 /out/sourcedata/freesurfer/fsaverage/surf/lh.sphere.reg
Rescaling ...  original radius = 100
Reading target surface 
 /out/sourcedata/freesurfer/sub-v2s4x29603_ses-1/surf/lh.white
Reading target registration 
 /out/sourcedata/freesurfer/sub-v2s4x29603_ses-1/surf/lh.sphere.reg
Rescaling ...  original radius = 100
Building target registration hash (res=16).
Building source registration hash (res=16).
INFO: found  8114 nlabel points
Performing mapping from target back to the source label 137773
Number of reverse mapping hits = 1916
Checking for and removing duplicates
Writing label file ./lh.V2_exvivo.label 10030
mri_label2label: Done


 mri_label2label --srcsubject fsaverage --srclabel /out/sourcedata/freesurfer/fsaverage/label/lh.MT_exvivo.label --trgsubject sub-v2s4x29603_ses-1 --trglabel ./lh.MT_exvivo.label --hemi lh --regmethod surface 


srclabel = /out/sourcedata/freesurfer/fsaverage/label/lh.MT_exvivo.label
srcsubject = fsaverage
trgsubject = sub-v2s4x29603_ses-1
trglabel = ./lh.MT_exvivo.label
regmethod = surface

srchemi = lh
trghemi = lh
trgsurface = white
srcsurfreg = sphere.reg
trgsurfreg = sphere.reg
usehash = 1
Use ProjAbs  = 0, 0
Use ProjFrac = 0, 0
DoPaint 0

SUBJECTS_DIR    /out/sourcedata/freesurfer
FREESURFER_HOME /opt/freesurfer
Loading source label.
Found 2018 points in source label.
Starting surface-based mapping
Reading source registration 
 /out/sourcedata/freesurfer/fsaverage/surf/lh.sphere.reg
Rescaling ...  original radius = 100
Reading target surface 
 /out/sourcedata/freesurfer/sub-v2s4x29603_ses-1/surf/lh.white
Reading target registration 
 /out/sourcedata/freesurfer/sub-v2s4x29603_ses-1/surf/lh.sphere.reg
Rescaling ...  original radius = 100
Building target registration hash (res=16).
Building source registration hash (res=16).
INFO: found  2018 nlabel points
Performing mapping from target back to the source label 137773
Number of reverse mapping hits = 633
Checking for and removing duplicates
Writing label file ./lh.MT_exvivo.label 2651
mri_label2label: Done


 mri_label2label --srcsubject fsaverage --srclabel /out/sourcedata/freesurfer/fsaverage/label/lh.entorhinal_exvivo.label --trgsubject sub-v2s4x29603_ses-1 --trglabel ./lh.entorhinal_exvivo.label --hemi lh --regmethod surface 


srclabel = /out/sourcedata/freesurfer/fsaverage/label/lh.entorhinal_exvivo.label
srcsubject = fsaverage
trgsubject = sub-v2s4x29603_ses-1
trglabel = ./lh.entorhinal_exvivo.label
regmethod = surface

srchemi = lh
trghemi = lh
trgsurface = white
srcsurfreg = sphere.reg
trgsurfreg = sphere.reg
usehash = 1
Use ProjAbs  = 0, 0
Use ProjFrac = 0, 0
DoPaint 0

SUBJECTS_DIR    /out/sourcedata/freesurfer
FREESURFER_HOME /opt/freesurfer
Loading source label.
Found 1290 points in source label.
Starting surface-based mapping
Reading source registration 
 /out/sourcedata/freesurfer/fsaverage/surf/lh.sphere.reg
Rescaling ...  original radius = 100
Reading target surface 
 /out/sourcedata/freesurfer/sub-v2s4x29603_ses-1/surf/lh.white
Reading target registration 
 /out/sourcedata/freesurfer/sub-v2s4x29603_ses-1/surf/lh.sphere.reg
Rescaling ...  original radius = 100
Building target registration hash (res=16).
Building source registration hash (res=16).
INFO: found  1290 nlabel points
Performing mapping from target back to the source label 137773
Number of reverse mapping hits = 55
Checking for and removing duplicates
Writing label file ./lh.entorhinal_exvivo.label 1345
mri_label2label: Done


 mri_label2label --srcsubject fsaverage --srclabel /out/sourcedata/freesurfer/fsaverage/label/lh.perirhinal_exvivo.label --trgsubject sub-v2s4x29603_ses-1 --trglabel ./lh.perirhinal_exvivo.label --hemi lh --regmethod surface 


srclabel = /out/sourcedata/freesurfer/fsaverage/label/lh.perirhinal_exvivo.label
srcsubject = fsaverage
trgsubject = sub-v2s4x29603_ses-1
trglabel = ./lh.perirhinal_exvivo.label
regmethod = surface

srchemi = lh
trghemi = lh
trgsurface = white
srcsurfreg = sphere.reg
trgsurfreg = sphere.reg
usehash = 1
Use ProjAbs  = 0, 0
Use ProjFrac = 0, 0
DoPaint 0

SUBJECTS_DIR    /out/sourcedata/freesurfer
FREESURFER_HOME /opt/freesurfer
Loading source label.
Found 1199 points in source label.
Starting surface-based mapping
Reading source registration 
 /out/sourcedata/freesurfer/fsaverage/surf/lh.sphere.reg
Rescaling ...  original radius = 100
Reading target surface 
 /out/sourcedata/freesurfer/sub-v2s4x29603_ses-1/surf/lh.white
Reading target registration 
 /out/sourcedata/freesurfer/sub-v2s4x29603_ses-1/surf/lh.sphere.reg
Rescaling ...  original radius = 100
Building target registration hash (res=16).
Building source registration hash (res=16).
INFO: found  1199 nlabel points
Performing mapping from target back to the source label 137773
Number of reverse mapping hits = 21
Checking for and removing duplicates
Writing label file ./lh.perirhinal_exvivo.label 1220
mri_label2label: Done


 mri_label2label --srcsubject fsaverage --srclabel /out/sourcedata/freesurfer/fsaverage/label/lh.FG1.mpm.vpnl.label --trgsubject sub-v2s4x29603_ses-1 --trglabel ./lh.FG1.mpm.vpnl.label --hemi lh --regmethod surface 


srclabel = /out/sourcedata/freesurfer/fsaverage/label/lh.FG1.mpm.vpnl.label
srcsubject = fsaverage
trgsubject = sub-v2s4x29603_ses-1
trglabel = ./lh.FG1.mpm.vpnl.label
regmethod = surface

srchemi = lh
trghemi = lh
trgsurface = white
srcsurfreg = sphere.reg
trgsurfreg = sphere.reg
usehash = 1
Use ProjAbs  = 0, 0
Use ProjFrac = 0, 0
DoPaint 0

SUBJECTS_DIR    /out/sourcedata/freesurfer
FREESURFER_HOME /opt/freesurfer
Loading source label.
Found 414 points in source label.
Starting surface-based mapping
Reading source registration 
 /out/sourcedata/freesurfer/fsaverage/surf/lh.sphere.reg
Rescaling ...  original radius = 100
Reading target surface 
 /out/sourcedata/freesurfer/sub-v2s4x29603_ses-1/surf/lh.white
Reading target registration 
 /out/sourcedata/freesurfer/sub-v2s4x29603_ses-1/surf/lh.sphere.reg
Rescaling ...  original radius = 100
Building target registration hash (res=16).
Building source registration hash (res=16).
INFO: found  414 nlabel points
Performing mapping from target back to the source label 137773
Number of reverse mapping hits = 124
Checking for and removing duplicates
Writing label file ./lh.FG1.mpm.vpnl.label 538
mri_label2label: Done


 mri_label2label --srcsubject fsaverage --srclabel /out/sourcedata/freesurfer/fsaverage/label/lh.FG2.mpm.vpnl.label --trgsubject sub-v2s4x29603_ses-1 --trglabel ./lh.FG2.mpm.vpnl.label --hemi lh --regmethod surface 


srclabel = /out/sourcedata/freesurfer/fsaverage/label/lh.FG2.mpm.vpnl.label
srcsubject = fsaverage
trgsubject = sub-v2s4x29603_ses-1
trglabel = ./lh.FG2.mpm.vpnl.label
regmethod = surface

srchemi = lh
trghemi = lh
trgsurface = white
srcsurfreg = sphere.reg
trgsurfreg = sphere.reg
usehash = 1
Use ProjAbs  = 0, 0
Use ProjFrac = 0, 0
DoPaint 0

SUBJECTS_DIR    /out/sourcedata/freesurfer
FREESURFER_HOME /opt/freesurfer
Loading source label.
Found 703 points in source label.
Starting surface-based mapping
Reading source registration 
 /out/sourcedata/freesurfer/fsaverage/surf/lh.sphere.reg
Rescaling ...  original radius = 100
Reading target surface 
 /out/sourcedata/freesurfer/sub-v2s4x29603_ses-1/surf/lh.white
Reading target registration 
 /out/sourcedata/freesurfer/sub-v2s4x29603_ses-1/surf/lh.sphere.reg
Rescaling ...  original radius = 100
Building target registration hash (res=16).
Building source registration hash (res=16).
INFO: found  703 nlabel points
Performing mapping from target back to the source label 137773
Number of reverse mapping hits = 147
Checking for and removing duplicates
Writing label file ./lh.FG2.mpm.vpnl.label 850
mri_label2label: Done


 mri_label2label --srcsubject fsaverage --srclabel /out/sourcedata/freesurfer/fsaverage/label/lh.FG3.mpm.vpnl.label --trgsubject sub-v2s4x29603_ses-1 --trglabel ./lh.FG3.mpm.vpnl.label --hemi lh --regmethod surface 


srclabel = /out/sourcedata/freesurfer/fsaverage/label/lh.FG3.mpm.vpnl.label
srcsubject = fsaverage
trgsubject = sub-v2s4x29603_ses-1
trglabel = ./lh.FG3.mpm.vpnl.label
regmethod = surface

srchemi = lh
trghemi = lh
trgsurface = white
srcsurfreg = sphere.reg
trgsurfreg = sphere.reg
usehash = 1
Use ProjAbs  = 0, 0
Use ProjFrac = 0, 0
DoPaint 0

SUBJECTS_DIR    /out/sourcedata/freesurfer
FREESURFER_HOME /opt/freesurfer
Loading source label.
Found 1873 points in source label.
Starting surface-based mapping
Reading source registration 
 /out/sourcedata/freesurfer/fsaverage/surf/lh.sphere.reg
Rescaling ...  original radius = 100
Reading target surface 
 /out/sourcedata/freesurfer/sub-v2s4x29603_ses-1/surf/lh.white
Reading target registration 
 /out/sourcedata/freesurfer/sub-v2s4x29603_ses-1/surf/lh.sphere.reg
Rescaling ...  original radius = 100
Building target registration hash (res=16).
Building source registration hash (res=16).
INFO: found  1873 nlabel points
Performing mapping from target back to the source label 137773
Number of reverse mapping hits = 139
Checking for and removing duplicates
Writing label file ./lh.FG3.mpm.vpnl.label 2012
mri_label2label: Done


 mri_label2label --srcsubject fsaverage --srclabel /out/sourcedata/freesurfer/fsaverage/label/lh.FG4.mpm.vpnl.label --trgsubject sub-v2s4x29603_ses-1 --trglabel ./lh.FG4.mpm.vpnl.label --hemi lh --regmethod surface 


srclabel = /out/sourcedata/freesurfer/fsaverage/label/lh.FG4.mpm.vpnl.label
srcsubject = fsaverage
trgsubject = sub-v2s4x29603_ses-1
trglabel = ./lh.FG4.mpm.vpnl.label
regmethod = surface

srchemi = lh
trghemi = lh
trgsurface = white
srcsurfreg = sphere.reg
trgsurfreg = sphere.reg
usehash = 1
Use ProjAbs  = 0, 0
Use ProjFrac = 0, 0
DoPaint 0

SUBJECTS_DIR    /out/sourcedata/freesurfer
FREESURFER_HOME /opt/freesurfer
Loading source label.
Found 2101 points in source label.
Starting surface-based mapping
Reading source registration 
 /out/sourcedata/freesurfer/fsaverage/surf/lh.sphere.reg
Rescaling ...  original radius = 100
Reading target surface 
 /out/sourcedata/freesurfer/sub-v2s4x29603_ses-1/surf/lh.white
Reading target registration 
 /out/sourcedata/freesurfer/sub-v2s4x29603_ses-1/surf/lh.sphere.reg
Rescaling ...  original radius = 100
Building target registration hash (res=16).
Building source registration hash (res=16).
INFO: found  2101 nlabel points
Performing mapping from target back to the source label 137773
Number of reverse mapping hits = 579
Checking for and removing duplicates
Writing label file ./lh.FG4.mpm.vpnl.label 2680
mri_label2label: Done


 mri_label2label --srcsubject fsaverage --srclabel /out/sourcedata/freesurfer/fsaverage/label/lh.hOc1.mpm.vpnl.label --trgsubject sub-v2s4x29603_ses-1 --trglabel ./lh.hOc1.mpm.vpnl.label --hemi lh --regmethod surface 


srclabel = /out/sourcedata/freesurfer/fsaverage/label/lh.hOc1.mpm.vpnl.label
srcsubject = fsaverage
trgsubject = sub-v2s4x29603_ses-1
trglabel = ./lh.hOc1.mpm.vpnl.label
regmethod = surface

srchemi = lh
trghemi = lh
trgsurface = white
srcsurfreg = sphere.reg
trgsurfreg = sphere.reg
usehash = 1
Use ProjAbs  = 0, 0
Use ProjFrac = 0, 0
DoPaint 0

SUBJECTS_DIR    /out/sourcedata/freesurfer
FREESURFER_HOME /opt/freesurfer
Loading source label.
Found 3877 points in source label.
Starting surface-based mapping
Reading source registration 
 /out/sourcedata/freesurfer/fsaverage/surf/lh.sphere.reg
Rescaling ...  original radius = 100
Reading target surface 
 /out/sourcedata/freesurfer/sub-v2s4x29603_ses-1/surf/lh.white
Reading target registration 
 /out/sourcedata/freesurfer/sub-v2s4x29603_ses-1/surf/lh.sphere.reg
Rescaling ...  original radius = 100
Building target registration hash (res=16).
Building source registration hash (res=16).
INFO: found  3877 nlabel points
Performing mapping from target back to the source label 137773
Number of reverse mapping hits = 767
Checking for and removing duplicates
Writing label file ./lh.hOc1.mpm.vpnl.label 4644
mri_label2label: Done


 mri_label2label --srcsubject fsaverage --srclabel /out/sourcedata/freesurfer/fsaverage/label/lh.hOc2.mpm.vpnl.label --trgsubject sub-v2s4x29603_ses-1 --trglabel ./lh.hOc2.mpm.vpnl.label --hemi lh --regmethod surface 


srclabel = /out/sourcedata/freesurfer/fsaverage/label/lh.hOc2.mpm.vpnl.label
srcsubject = fsaverage
trgsubject = sub-v2s4x29603_ses-1
trglabel = ./lh.hOc2.mpm.vpnl.label
regmethod = surface

srchemi = lh
trghemi = lh
trgsurface = white
srcsurfreg = sphere.reg
trgsurfreg = sphere.reg
usehash = 1
Use ProjAbs  = 0, 0
Use ProjFrac = 0, 0
DoPaint 0

SUBJECTS_DIR    /out/sourcedata/freesurfer
FREESURFER_HOME /opt/freesurfer
Loading source label.
Found 2919 points in source label.
Starting surface-based mapping
Reading source registration 
 /out/sourcedata/freesurfer/fsaverage/surf/lh.sphere.reg
Rescaling ...  original radius = 100
Reading target surface 
 /out/sourcedata/freesurfer/sub-v2s4x29603_ses-1/surf/lh.white
Reading target registration 
 /out/sourcedata/freesurfer/sub-v2s4x29603_ses-1/surf/lh.sphere.reg
Rescaling ...  original radius = 100
Building target registration hash (res=16).
Building source registration hash (res=16).
INFO: found  2919 nlabel points
Performing mapping from target back to the source label 137773
Number of reverse mapping hits = 698
Checking for and removing duplicates
Writing label file ./lh.hOc2.mpm.vpnl.label 3617
mri_label2label: Done


 mri_label2label --srcsubject fsaverage --srclabel /out/sourcedata/freesurfer/fsaverage/label/lh.hOc3v.mpm.vpnl.label --trgsubject sub-v2s4x29603_ses-1 --trglabel ./lh.hOc3v.mpm.vpnl.label --hemi lh --regmethod surface 


srclabel = /out/sourcedata/freesurfer/fsaverage/label/lh.hOc3v.mpm.vpnl.label
srcsubject = fsaverage
trgsubject = sub-v2s4x29603_ses-1
trglabel = ./lh.hOc3v.mpm.vpnl.label
regmethod = surface

srchemi = lh
trghemi = lh
trgsurface = white
srcsurfreg = sphere.reg
trgsurfreg = sphere.reg
usehash = 1
Use ProjAbs  = 0, 0
Use ProjFrac = 0, 0
DoPaint 0

SUBJECTS_DIR    /out/sourcedata/freesurfer
FREESURFER_HOME /opt/freesurfer
Loading source label.
Found 1286 points in source label.
Starting surface-based mapping
Reading source registration 
 /out/sourcedata/freesurfer/fsaverage/surf/lh.sphere.reg
Rescaling ...  original radius = 100
Reading target surface 
 /out/sourcedata/freesurfer/sub-v2s4x29603_ses-1/surf/lh.white
Reading target registration 
 /out/sourcedata/freesurfer/sub-v2s4x29603_ses-1/surf/lh.sphere.reg
Rescaling ...  original radius = 100
Building target registration hash (res=16).
Building source registration hash (res=16).
INFO: found  1286 nlabel points
Performing mapping from target back to the source label 137773
Number of reverse mapping hits = 432
Checking for and removing duplicates
Writing label file ./lh.hOc3v.mpm.vpnl.label 1718
mri_label2label: Done


 mri_label2label --srcsubject fsaverage --srclabel /out/sourcedata/freesurfer/fsaverage/label/lh.hOc4v.mpm.vpnl.label --trgsubject sub-v2s4x29603_ses-1 --trglabel ./lh.hOc4v.mpm.vpnl.label --hemi lh --regmethod surface 


srclabel = /out/sourcedata/freesurfer/fsaverage/label/lh.hOc4v.mpm.vpnl.label
srcsubject = fsaverage
trgsubject = sub-v2s4x29603_ses-1
trglabel = ./lh.hOc4v.mpm.vpnl.label
regmethod = surface

srchemi = lh
trghemi = lh
trgsurface = white
srcsurfreg = sphere.reg
trgsurfreg = sphere.reg
usehash = 1
Use ProjAbs  = 0, 0
Use ProjFrac = 0, 0
DoPaint 0

SUBJECTS_DIR    /out/sourcedata/freesurfer
FREESURFER_HOME /opt/freesurfer
Loading source label.
Found 1006 points in source label.
Starting surface-based mapping
Reading source registration 
 /out/sourcedata/freesurfer/fsaverage/surf/lh.sphere.reg
Rescaling ...  original radius = 100
Reading target surface 
 /out/sourcedata/freesurfer/sub-v2s4x29603_ses-1/surf/lh.white
Reading target registration 
 /out/sourcedata/freesurfer/sub-v2s4x29603_ses-1/surf/lh.sphere.reg
Rescaling ...  original radius = 100
Building target registration hash (res=16).
Building source registration hash (res=16).
INFO: found  1006 nlabel points
Performing mapping from target back to the source label 137773
Number of reverse mapping hits = 282
Checking for and removing duplicates
Writing label file ./lh.hOc4v.mpm.vpnl.label 1288
mri_label2label: Done


 mris_label2annot --s sub-v2s4x29603_ses-1 --ctab /opt/freesurfer/average/colortable_vpnl.txt --hemi lh --a mpm.vpnl --maxstatwinner --noverbose --l lh.FG1.mpm.vpnl.label --l lh.FG2.mpm.vpnl.label --l lh.FG3.mpm.vpnl.label --l lh.FG4.mpm.vpnl.label --l lh.hOc1.mpm.vpnl.label --l lh.hOc2.mpm.vpnl.label --l lh.hOc3v.mpm.vpnl.label --l lh.hOc4v.mpm.vpnl.label 

Reading ctab /opt/freesurfer/average/colortable_vpnl.txt
Number of ctab entries 9

7.3.2
cwd /out/sourcedata/freesurfer/sub-v2s4x29603_ses-1/label
cmdline mris_label2annot --s sub-v2s4x29603_ses-1 --ctab /opt/freesurfer/average/colortable_vpnl.txt --hemi lh --a mpm.vpnl --maxstatwinner --noverbose --l lh.FG1.mpm.vpnl.label --l lh.FG2.mpm.vpnl.label --l lh.FG3.mpm.vpnl.label --l lh.FG4.mpm.vpnl.label --l lh.hOc1.mpm.vpnl.label --l lh.hOc2.mpm.vpnl.label --l lh.hOc3v.mpm.vpnl.label --l lh.hOc4v.mpm.vpnl.label 
sysname  Linux
hostname dna065
machine  x86_64
user     oesteban

subject sub-v2s4x29603_ses-1
hemi    lh
SUBJECTS_DIR /out/sourcedata/freesurfer
ColorTable /opt/freesurfer/average/colortable_vpnl.txt
AnnotName  mpm.vpnl
nlables 8
LabelThresh 0 0.000000
Loading /out/sourcedata/freesurfer/sub-v2s4x29603_ses-1/surf/lh.orig
 1 1376057 FG1
 2 16711935 FG2
 3 16711680 FG3
 4 1705837 FG4
 5 25600 hOc1
 6 255 hOc2
 7 16776960 hOc3v
 8 65535 hOc4v
Mapping unhit to unknown
Found 122162 unhit vertices
Writing annot to /out/sourcedata/freesurfer/sub-v2s4x29603_ses-1/label/lh.mpm.vpnl.annot

 mri_label2label --srcsubject fsaverage --srclabel /out/sourcedata/freesurfer/fsaverage/label/lh.BA1_exvivo.thresh.label --trgsubject sub-v2s4x29603_ses-1 --trglabel ./lh.BA1_exvivo.thresh.label --hemi lh --regmethod surface 


srclabel = /out/sourcedata/freesurfer/fsaverage/label/lh.BA1_exvivo.thresh.label
srcsubject = fsaverage
trgsubject = sub-v2s4x29603_ses-1
trglabel = ./lh.BA1_exvivo.thresh.label
regmethod = surface

srchemi = lh
trghemi = lh
trgsurface = white
srcsurfreg = sphere.reg
trgsurfreg = sphere.reg
usehash = 1
Use ProjAbs  = 0, 0
Use ProjFrac = 0, 0
DoPaint 0

SUBJECTS_DIR    /out/sourcedata/freesurfer
FREESURFER_HOME /opt/freesurfer
Loading source label.
Found 1014 points in source label.
Starting surface-based mapping
Reading source registration 
 /out/sourcedata/freesurfer/fsaverage/surf/lh.sphere.reg
Rescaling ...  original radius = 100
Reading target surface 
 /out/sourcedata/freesurfer/sub-v2s4x29603_ses-1/surf/lh.white
Reading target registration 
 /out/sourcedata/freesurfer/sub-v2s4x29603_ses-1/surf/lh.sphere.reg
Rescaling ...  original radius = 100
Building target registration hash (res=16).
Building source registration hash (res=16).
INFO: found  1014 nlabel points
Performing mapping from target back to the source label 137773
Number of reverse mapping hits = 39
Checking for and removing duplicates
Writing label file ./lh.BA1_exvivo.thresh.label 1053
mri_label2label: Done


 mri_label2label --srcsubject fsaverage --srclabel /out/sourcedata/freesurfer/fsaverage/label/lh.BA2_exvivo.thresh.label --trgsubject sub-v2s4x29603_ses-1 --trglabel ./lh.BA2_exvivo.thresh.label --hemi lh --regmethod surface 


srclabel = /out/sourcedata/freesurfer/fsaverage/label/lh.BA2_exvivo.thresh.label
srcsubject = fsaverage
trgsubject = sub-v2s4x29603_ses-1
trglabel = ./lh.BA2_exvivo.thresh.label
regmethod = surface

srchemi = lh
trghemi = lh
trgsurface = white
srcsurfreg = sphere.reg
trgsurfreg = sphere.reg
usehash = 1
Use ProjAbs  = 0, 0
Use ProjFrac = 0, 0
DoPaint 0

SUBJECTS_DIR    /out/sourcedata/freesurfer
FREESURFER_HOME /opt/freesurfer
Loading source label.
Found 2092 points in source label.
Starting surface-based mapping
Reading source registration 
 /out/sourcedata/freesurfer/fsaverage/surf/lh.sphere.reg
Rescaling ...  original radius = 100
Reading target surface 
 /out/sourcedata/freesurfer/sub-v2s4x29603_ses-1/surf/lh.white
Reading target registration 
 /out/sourcedata/freesurfer/sub-v2s4x29603_ses-1/surf/lh.sphere.reg
Rescaling ...  original radius = 100
Building target registration hash (res=16).
Building source registration hash (res=16).
INFO: found  2092 nlabel points
Performing mapping from target back to the source label 137773
Number of reverse mapping hits = 45
Checking for and removing duplicates
Writing label file ./lh.BA2_exvivo.thresh.label 2137
mri_label2label: Done


 mri_label2label --srcsubject fsaverage --srclabel /out/sourcedata/freesurfer/fsaverage/label/lh.BA3a_exvivo.thresh.label --trgsubject sub-v2s4x29603_ses-1 --trglabel ./lh.BA3a_exvivo.thresh.label --hemi lh --regmethod surface 


srclabel = /out/sourcedata/freesurfer/fsaverage/label/lh.BA3a_exvivo.thresh.label
srcsubject = fsaverage
trgsubject = sub-v2s4x29603_ses-1
trglabel = ./lh.BA3a_exvivo.thresh.label
regmethod = surface

srchemi = lh
trghemi = lh
trgsurface = white
srcsurfreg = sphere.reg
trgsurfreg = sphere.reg
usehash = 1
Use ProjAbs  = 0, 0
Use ProjFrac = 0, 0
DoPaint 0

SUBJECTS_DIR    /out/sourcedata/freesurfer
FREESURFER_HOME /opt/freesurfer
Loading source label.
Found 1504 points in source label.
Starting surface-based mapping
Reading source registration 
 /out/sourcedata/freesurfer/fsaverage/surf/lh.sphere.reg
Rescaling ...  original radius = 100
Reading target surface 
 /out/sourcedata/freesurfer/sub-v2s4x29603_ses-1/surf/lh.white
Reading target registration 
 /out/sourcedata/freesurfer/sub-v2s4x29603_ses-1/surf/lh.sphere.reg
Rescaling ...  original radius = 100
Building target registration hash (res=16).
Building source registration hash (res=16).
INFO: found  1504 nlabel points
Performing mapping from target back to the source label 137773
Number of reverse mapping hits = 14
Checking for and removing duplicates
Writing label file ./lh.BA3a_exvivo.thresh.label 1518
mri_label2label: Done


 mri_label2label --srcsubject fsaverage --srclabel /out/sourcedata/freesurfer/fsaverage/label/lh.BA3b_exvivo.thresh.label --trgsubject sub-v2s4x29603_ses-1 --trglabel ./lh.BA3b_exvivo.thresh.label --hemi lh --regmethod surface 


srclabel = /out/sourcedata/freesurfer/fsaverage/label/lh.BA3b_exvivo.thresh.label
srcsubject = fsaverage
trgsubject = sub-v2s4x29603_ses-1
trglabel = ./lh.BA3b_exvivo.thresh.label
regmethod = surface

srchemi = lh
trghemi = lh
trgsurface = white
srcsurfreg = sphere.reg
trgsurfreg = sphere.reg
usehash = 1
Use ProjAbs  = 0, 0
Use ProjFrac = 0, 0
DoPaint 0

SUBJECTS_DIR    /out/sourcedata/freesurfer
FREESURFER_HOME /opt/freesurfer
Loading source label.
Found 1996 points in source label.
Starting surface-based mapping
Reading source registration 
 /out/sourcedata/freesurfer/fsaverage/surf/lh.sphere.reg
Rescaling ...  original radius = 100
Reading target surface 
 /out/sourcedata/freesurfer/sub-v2s4x29603_ses-1/surf/lh.white
Reading target registration 
 /out/sourcedata/freesurfer/sub-v2s4x29603_ses-1/surf/lh.sphere.reg
Rescaling ...  original radius = 100
Building target registration hash (res=16).
Building source registration hash (res=16).
INFO: found  1996 nlabel points
Performing mapping from target back to the source label 137773
Number of reverse mapping hits = 42
Checking for and removing duplicates
Writing label file ./lh.BA3b_exvivo.thresh.label 2038
mri_label2label: Done


 mri_label2label --srcsubject fsaverage --srclabel /out/sourcedata/freesurfer/fsaverage/label/lh.BA4a_exvivo.thresh.label --trgsubject sub-v2s4x29603_ses-1 --trglabel ./lh.BA4a_exvivo.thresh.label --hemi lh --regmethod surface 


srclabel = /out/sourcedata/freesurfer/fsaverage/label/lh.BA4a_exvivo.thresh.label
srcsubject = fsaverage
trgsubject = sub-v2s4x29603_ses-1
trglabel = ./lh.BA4a_exvivo.thresh.label
regmethod = surface

srchemi = lh
trghemi = lh
trgsurface = white
srcsurfreg = sphere.reg
trgsurfreg = sphere.reg
usehash = 1
Use ProjAbs  = 0, 0
Use ProjFrac = 0, 0
DoPaint 0

SUBJECTS_DIR    /out/sourcedata/freesurfer
FREESURFER_HOME /opt/freesurfer
Loading source label.
Found 2319 points in source label.
Starting surface-based mapping
Reading source registration 
 /out/sourcedata/freesurfer/fsaverage/surf/lh.sphere.reg
Rescaling ...  original radius = 100
Reading target surface 
 /out/sourcedata/freesurfer/sub-v2s4x29603_ses-1/surf/lh.white
Reading target registration 
 /out/sourcedata/freesurfer/sub-v2s4x29603_ses-1/surf/lh.sphere.reg
Rescaling ...  original radius = 100
Building target registration hash (res=16).
Building source registration hash (res=16).
INFO: found  2319 nlabel points
Performing mapping from target back to the source label 137773
Number of reverse mapping hits = 113
Checking for and removing duplicates
Writing label file ./lh.BA4a_exvivo.thresh.label 2432
mri_label2label: Done


 mri_label2label --srcsubject fsaverage --srclabel /out/sourcedata/freesurfer/fsaverage/label/lh.BA4p_exvivo.thresh.label --trgsubject sub-v2s4x29603_ses-1 --trglabel ./lh.BA4p_exvivo.thresh.label --hemi lh --regmethod surface 


srclabel = /out/sourcedata/freesurfer/fsaverage/label/lh.BA4p_exvivo.thresh.label
srcsubject = fsaverage
trgsubject = sub-v2s4x29603_ses-1
trglabel = ./lh.BA4p_exvivo.thresh.label
regmethod = surface

srchemi = lh
trghemi = lh
trgsurface = white
srcsurfreg = sphere.reg
trgsurfreg = sphere.reg
usehash = 1
Use ProjAbs  = 0, 0
Use ProjFrac = 0, 0
DoPaint 0

SUBJECTS_DIR    /out/sourcedata/freesurfer
FREESURFER_HOME /opt/freesurfer
Loading source label.
Found 1549 points in source label.
Starting surface-based mapping
Reading source registration 
 /out/sourcedata/freesurfer/fsaverage/surf/lh.sphere.reg
Rescaling ...  original radius = 100
Reading target surface 
 /out/sourcedata/freesurfer/sub-v2s4x29603_ses-1/surf/lh.white
Reading target registration 
 /out/sourcedata/freesurfer/sub-v2s4x29603_ses-1/surf/lh.sphere.reg
Rescaling ...  original radius = 100
Building target registration hash (res=16).
Building source registration hash (res=16).
INFO: found  1549 nlabel points
Performing mapping from target back to the source label 137773
Number of reverse mapping hits = 32
Checking for and removing duplicates
Writing label file ./lh.BA4p_exvivo.thresh.label 1581
mri_label2label: Done


 mri_label2label --srcsubject fsaverage --srclabel /out/sourcedata/freesurfer/fsaverage/label/lh.BA6_exvivo.thresh.label --trgsubject sub-v2s4x29603_ses-1 --trglabel ./lh.BA6_exvivo.thresh.label --hemi lh --regmethod surface 


srclabel = /out/sourcedata/freesurfer/fsaverage/label/lh.BA6_exvivo.thresh.label
srcsubject = fsaverage
trgsubject = sub-v2s4x29603_ses-1
trglabel = ./lh.BA6_exvivo.thresh.label
regmethod = surface

srchemi = lh
trghemi = lh
trgsurface = white
srcsurfreg = sphere.reg
trgsurfreg = sphere.reg
usehash = 1
Use ProjAbs  = 0, 0
Use ProjFrac = 0, 0
DoPaint 0

SUBJECTS_DIR    /out/sourcedata/freesurfer
FREESURFER_HOME /opt/freesurfer
Loading source label.
Found 7035 points in source label.
Starting surface-based mapping
Reading source registration 
 /out/sourcedata/freesurfer/fsaverage/surf/lh.sphere.reg
Rescaling ...  original radius = 100
Reading target surface 
 /out/sourcedata/freesurfer/sub-v2s4x29603_ses-1/surf/lh.white
Reading target registration 
 /out/sourcedata/freesurfer/sub-v2s4x29603_ses-1/surf/lh.sphere.reg
Rescaling ...  original radius = 100
Building target registration hash (res=16).
Building source registration hash (res=16).
INFO: found  7035 nlabel points
Performing mapping from target back to the source label 137773
Number of reverse mapping hits = 191
Checking for and removing duplicates
Writing label file ./lh.BA6_exvivo.thresh.label 7226
mri_label2label: Done


 mri_label2label --srcsubject fsaverage --srclabel /out/sourcedata/freesurfer/fsaverage/label/lh.BA44_exvivo.thresh.label --trgsubject sub-v2s4x29603_ses-1 --trglabel ./lh.BA44_exvivo.thresh.label --hemi lh --regmethod surface 


srclabel = /out/sourcedata/freesurfer/fsaverage/label/lh.BA44_exvivo.thresh.label
srcsubject = fsaverage
trgsubject = sub-v2s4x29603_ses-1
trglabel = ./lh.BA44_exvivo.thresh.label
regmethod = surface

srchemi = lh
trghemi = lh
trgsurface = white
srcsurfreg = sphere.reg
trgsurfreg = sphere.reg
usehash = 1
Use ProjAbs  = 0, 0
Use ProjFrac = 0, 0
DoPaint 0

SUBJECTS_DIR    /out/sourcedata/freesurfer
FREESURFER_HOME /opt/freesurfer
Loading source label.
Found 1912 points in source label.
Starting surface-based mapping
Reading source registration 
 /out/sourcedata/freesurfer/fsaverage/surf/lh.sphere.reg
Rescaling ...  original radius = 100
Reading target surface 
 /out/sourcedata/freesurfer/sub-v2s4x29603_ses-1/surf/lh.white
Reading target registration 
 /out/sourcedata/freesurfer/sub-v2s4x29603_ses-1/surf/lh.sphere.reg
Rescaling ...  original radius = 100
Building target registration hash (res=16).
Building source registration hash (res=16).
INFO: found  1912 nlabel points
Performing mapping from target back to the source label 137773
Number of reverse mapping hits = 180
Checking for and removing duplicates
Writing label file ./lh.BA44_exvivo.thresh.label 2092
mri_label2label: Done


 mri_label2label --srcsubject fsaverage --srclabel /out/sourcedata/freesurfer/fsaverage/label/lh.BA45_exvivo.thresh.label --trgsubject sub-v2s4x29603_ses-1 --trglabel ./lh.BA45_exvivo.thresh.label --hemi lh --regmethod surface 


srclabel = /out/sourcedata/freesurfer/fsaverage/label/lh.BA45_exvivo.thresh.label
srcsubject = fsaverage
trgsubject = sub-v2s4x29603_ses-1
trglabel = ./lh.BA45_exvivo.thresh.label
regmethod = surface

srchemi = lh
trghemi = lh
trgsurface = white
srcsurfreg = sphere.reg
trgsurfreg = sphere.reg
usehash = 1
Use ProjAbs  = 0, 0
Use ProjFrac = 0, 0
DoPaint 0

SUBJECTS_DIR    /out/sourcedata/freesurfer
FREESURFER_HOME /opt/freesurfer
Loading source label.
Found 1151 points in source label.
Starting surface-based mapping
Reading source registration 
 /out/sourcedata/freesurfer/fsaverage/surf/lh.sphere.reg
Rescaling ...  original radius = 100
Reading target surface 
 /out/sourcedata/freesurfer/sub-v2s4x29603_ses-1/surf/lh.white
Reading target registration 
 /out/sourcedata/freesurfer/sub-v2s4x29603_ses-1/surf/lh.sphere.reg
Rescaling ...  original radius = 100
Building target registration hash (res=16).
Building source registration hash (res=16).
INFO: found  1151 nlabel points
Performing mapping from target back to the source label 137773
Number of reverse mapping hits = 493
Checking for and removing duplicates
Writing label file ./lh.BA45_exvivo.thresh.label 1644
mri_label2label: Done


 mri_label2label --srcsubject fsaverage --srclabel /out/sourcedata/freesurfer/fsaverage/label/lh.V1_exvivo.thresh.label --trgsubject sub-v2s4x29603_ses-1 --trglabel ./lh.V1_exvivo.thresh.label --hemi lh --regmethod surface 


srclabel = /out/sourcedata/freesurfer/fsaverage/label/lh.V1_exvivo.thresh.label
srcsubject = fsaverage
trgsubject = sub-v2s4x29603_ses-1
trglabel = ./lh.V1_exvivo.thresh.label
regmethod = surface

srchemi = lh
trghemi = lh
trgsurface = white
srcsurfreg = sphere.reg
trgsurfreg = sphere.reg
usehash = 1
Use ProjAbs  = 0, 0
Use ProjFrac = 0, 0
DoPaint 0

SUBJECTS_DIR    /out/sourcedata/freesurfer
FREESURFER_HOME /opt/freesurfer
Loading source label.
Found 3405 points in source label.
Starting surface-based mapping
Reading source registration 
 /out/sourcedata/freesurfer/fsaverage/surf/lh.sphere.reg
Rescaling ...  original radius = 100
Reading target surface 
 /out/sourcedata/freesurfer/sub-v2s4x29603_ses-1/surf/lh.white
Reading target registration 
 /out/sourcedata/freesurfer/sub-v2s4x29603_ses-1/surf/lh.sphere.reg
Rescaling ...  original radius = 100
Building target registration hash (res=16).
Building source registration hash (res=16).
INFO: found  3405 nlabel points
Performing mapping from target back to the source label 137773
Number of reverse mapping hits = 638
Checking for and removing duplicates
Writing label file ./lh.V1_exvivo.thresh.label 4043
mri_label2label: Done


 mri_label2label --srcsubject fsaverage --srclabel /out/sourcedata/freesurfer/fsaverage/label/lh.V2_exvivo.thresh.label --trgsubject sub-v2s4x29603_ses-1 --trglabel ./lh.V2_exvivo.thresh.label --hemi lh --regmethod surface 


srclabel = /out/sourcedata/freesurfer/fsaverage/label/lh.V2_exvivo.thresh.label
srcsubject = fsaverage
trgsubject = sub-v2s4x29603_ses-1
trglabel = ./lh.V2_exvivo.thresh.label
regmethod = surface

srchemi = lh
trghemi = lh
trgsurface = white
srcsurfreg = sphere.reg
trgsurfreg = sphere.reg
usehash = 1
Use ProjAbs  = 0, 0
Use ProjFrac = 0, 0
DoPaint 0

SUBJECTS_DIR    /out/sourcedata/freesurfer
FREESURFER_HOME /opt/freesurfer
Loading source label.
Found 3334 points in source label.
Starting surface-based mapping
Reading source registration 
 /out/sourcedata/freesurfer/fsaverage/surf/lh.sphere.reg
Rescaling ...  original radius = 100
Reading target surface 
 /out/sourcedata/freesurfer/sub-v2s4x29603_ses-1/surf/lh.white
Reading target registration 
 /out/sourcedata/freesurfer/sub-v2s4x29603_ses-1/surf/lh.sphere.reg
Rescaling ...  original radius = 100
Building target registration hash (res=16).
Building source registration hash (res=16).
INFO: found  3334 nlabel points
Performing mapping from target back to the source label 137773
Number of reverse mapping hits = 876
Checking for and removing duplicates
Writing label file ./lh.V2_exvivo.thresh.label 4210
mri_label2label: Done


 mri_label2label --srcsubject fsaverage --srclabel /out/sourcedata/freesurfer/fsaverage/label/lh.MT_exvivo.thresh.label --trgsubject sub-v2s4x29603_ses-1 --trglabel ./lh.MT_exvivo.thresh.label --hemi lh --regmethod surface 


srclabel = /out/sourcedata/freesurfer/fsaverage/label/lh.MT_exvivo.thresh.label
srcsubject = fsaverage
trgsubject = sub-v2s4x29603_ses-1
trglabel = ./lh.MT_exvivo.thresh.label
regmethod = surface

srchemi = lh
trghemi = lh
trgsurface = white
srcsurfreg = sphere.reg
trgsurfreg = sphere.reg
usehash = 1
Use ProjAbs  = 0, 0
Use ProjFrac = 0, 0
DoPaint 0

SUBJECTS_DIR    /out/sourcedata/freesurfer
FREESURFER_HOME /opt/freesurfer
Loading source label.
Found 513 points in source label.
Starting surface-based mapping
Reading source registration 
 /out/sourcedata/freesurfer/fsaverage/surf/lh.sphere.reg
Rescaling ...  original radius = 100
Reading target surface 
 /out/sourcedata/freesurfer/sub-v2s4x29603_ses-1/surf/lh.white
Reading target registration 
 /out/sourcedata/freesurfer/sub-v2s4x29603_ses-1/surf/lh.sphere.reg
Rescaling ...  original radius = 100
Building target registration hash (res=16).
Building source registration hash (res=16).
INFO: found  513 nlabel points
Performing mapping from target back to the source label 137773
Number of reverse mapping hits = 163
Checking for and removing duplicates
Writing label file ./lh.MT_exvivo.thresh.label 676
mri_label2label: Done


 mri_label2label --srcsubject fsaverage --srclabel /out/sourcedata/freesurfer/fsaverage/label/lh.entorhinal_exvivo.thresh.label --trgsubject sub-v2s4x29603_ses-1 --trglabel ./lh.entorhinal_exvivo.thresh.label --hemi lh --regmethod surface 


srclabel = /out/sourcedata/freesurfer/fsaverage/label/lh.entorhinal_exvivo.thresh.label
srcsubject = fsaverage
trgsubject = sub-v2s4x29603_ses-1
trglabel = ./lh.entorhinal_exvivo.thresh.label
regmethod = surface

srchemi = lh
trghemi = lh
trgsurface = white
srcsurfreg = sphere.reg
trgsurfreg = sphere.reg
usehash = 1
Use ProjAbs  = 0, 0
Use ProjFrac = 0, 0
DoPaint 0

SUBJECTS_DIR    /out/sourcedata/freesurfer
FREESURFER_HOME /opt/freesurfer
Loading source label.
Found 470 points in source label.
Starting surface-based mapping
Reading source registration 
 /out/sourcedata/freesurfer/fsaverage/surf/lh.sphere.reg
Rescaling ...  original radius = 100
Reading target surface 
 /out/sourcedata/freesurfer/sub-v2s4x29603_ses-1/surf/lh.white
Reading target registration 
 /out/sourcedata/freesurfer/sub-v2s4x29603_ses-1/surf/lh.sphere.reg
Rescaling ...  original radius = 100
Building target registration hash (res=16).
Building source registration hash (res=16).
INFO: found  470 nlabel points
Performing mapping from target back to the source label 137773
Number of reverse mapping hits = 8
Checking for and removing duplicates
Writing label file ./lh.entorhinal_exvivo.thresh.label 478
mri_label2label: Done


 mri_label2label --srcsubject fsaverage --srclabel /out/sourcedata/freesurfer/fsaverage/label/lh.perirhinal_exvivo.thresh.label --trgsubject sub-v2s4x29603_ses-1 --trglabel ./lh.perirhinal_exvivo.thresh.label --hemi lh --regmethod surface 


srclabel = /out/sourcedata/freesurfer/fsaverage/label/lh.perirhinal_exvivo.thresh.label
srcsubject = fsaverage
trgsubject = sub-v2s4x29603_ses-1
trglabel = ./lh.perirhinal_exvivo.thresh.label
regmethod = surface

srchemi = lh
trghemi = lh
trgsurface = white
srcsurfreg = sphere.reg
trgsurfreg = sphere.reg
usehash = 1
Use ProjAbs  = 0, 0
Use ProjFrac = 0, 0
DoPaint 0

SUBJECTS_DIR    /out/sourcedata/freesurfer
FREESURFER_HOME /opt/freesurfer
Loading source label.
Found 450 points in source label.
Starting surface-based mapping
Reading source registration 
 /out/sourcedata/freesurfer/fsaverage/surf/lh.sphere.reg
Rescaling ...  original radius = 100
Reading target surface 
 /out/sourcedata/freesurfer/sub-v2s4x29603_ses-1/surf/lh.white
Reading target registration 
 /out/sourcedata/freesurfer/sub-v2s4x29603_ses-1/surf/lh.sphere.reg
Rescaling ...  original radius = 100
Building target registration hash (res=16).
Building source registration hash (res=16).
INFO: found  450 nlabel points
Performing mapping from target back to the source label 137773
Number of reverse mapping hits = 3
Checking for and removing duplicates
Writing label file ./lh.perirhinal_exvivo.thresh.label 453
mri_label2label: Done


 mris_label2annot --s sub-v2s4x29603_ses-1 --hemi lh --ctab /opt/freesurfer/average/colortable_BA.txt --l lh.BA1_exvivo.label --l lh.BA2_exvivo.label --l lh.BA3a_exvivo.label --l lh.BA3b_exvivo.label --l lh.BA4a_exvivo.label --l lh.BA4p_exvivo.label --l lh.BA6_exvivo.label --l lh.BA44_exvivo.label --l lh.BA45_exvivo.label --l lh.V1_exvivo.label --l lh.V2_exvivo.label --l lh.MT_exvivo.label --l lh.perirhinal_exvivo.label --l lh.entorhinal_exvivo.label --a BA_exvivo --maxstatwinner --noverbose 

Reading ctab /opt/freesurfer/average/colortable_BA.txt
Number of ctab entries 15

7.3.2
cwd /out/sourcedata/freesurfer/sub-v2s4x29603_ses-1/label
cmdline mris_label2annot --s sub-v2s4x29603_ses-1 --hemi lh --ctab /opt/freesurfer/average/colortable_BA.txt --l lh.BA1_exvivo.label --l lh.BA2_exvivo.label --l lh.BA3a_exvivo.label --l lh.BA3b_exvivo.label --l lh.BA4a_exvivo.label --l lh.BA4p_exvivo.label --l lh.BA6_exvivo.label --l lh.BA44_exvivo.label --l lh.BA45_exvivo.label --l lh.V1_exvivo.label --l lh.V2_exvivo.label --l lh.MT_exvivo.label --l lh.perirhinal_exvivo.label --l lh.entorhinal_exvivo.label --a BA_exvivo --maxstatwinner --noverbose 
sysname  Linux
hostname dna065
machine  x86_64
user     oesteban

subject sub-v2s4x29603_ses-1
hemi    lh
SUBJECTS_DIR /out/sourcedata/freesurfer
ColorTable /opt/freesurfer/average/colortable_BA.txt
AnnotName  BA_exvivo
nlables 14
LabelThresh 0 0.000000
Loading /out/sourcedata/freesurfer/sub-v2s4x29603_ses-1/surf/lh.orig
 1 1530880 BA1_exvivo
 2 16749699 BA2_exvivo
 3 16711680 BA3a_exvivo
 4 3368703 BA3b_exvivo
 5 1376196 BA4a_exvivo
 6 13382655 BA4p_exvivo
 7 10036737 BA6_exvivo
 8 2490521 BA44_exvivo
 9 39283 BA45_exvivo
10 3993 V1_exvivo
11 8508928 V2_exvivo
12 10027163 MT_exvivo
13 16422433 perirhinal_exvivo
14 16392598 entorhinal_exvivo
Mapping unhit to unknown
Found 95776 unhit vertices
Writing annot to /out/sourcedata/freesurfer/sub-v2s4x29603_ses-1/label/lh.BA_exvivo.annot

 mris_label2annot --s sub-v2s4x29603_ses-1 --hemi lh --ctab /opt/freesurfer/average/colortable_BA.txt --l lh.BA1_exvivo.thresh.label --l lh.BA2_exvivo.thresh.label --l lh.BA3a_exvivo.thresh.label --l lh.BA3b_exvivo.thresh.label --l lh.BA4a_exvivo.thresh.label --l lh.BA4p_exvivo.thresh.label --l lh.BA6_exvivo.thresh.label --l lh.BA44_exvivo.thresh.label --l lh.BA45_exvivo.thresh.label --l lh.V1_exvivo.thresh.label --l lh.V2_exvivo.thresh.label --l lh.MT_exvivo.thresh.label --l lh.perirhinal_exvivo.thresh.label --l lh.entorhinal_exvivo.thresh.label --a BA_exvivo.thresh --maxstatwinner --noverbose 

Reading ctab /opt/freesurfer/average/colortable_BA.txt
Number of ctab entries 15

7.3.2
cwd /out/sourcedata/freesurfer/sub-v2s4x29603_ses-1/label
cmdline mris_label2annot --s sub-v2s4x29603_ses-1 --hemi lh --ctab /opt/freesurfer/average/colortable_BA.txt --l lh.BA1_exvivo.thresh.label --l lh.BA2_exvivo.thresh.label --l lh.BA3a_exvivo.thresh.label --l lh.BA3b_exvivo.thresh.label --l lh.BA4a_exvivo.thresh.label --l lh.BA4p_exvivo.thresh.label --l lh.BA6_exvivo.thresh.label --l lh.BA44_exvivo.thresh.label --l lh.BA45_exvivo.thresh.label --l lh.V1_exvivo.thresh.label --l lh.V2_exvivo.thresh.label --l lh.MT_exvivo.thresh.label --l lh.perirhinal_exvivo.thresh.label --l lh.entorhinal_exvivo.thresh.label --a BA_exvivo.thresh --maxstatwinner --noverbose 
sysname  Linux
hostname dna065
machine  x86_64
user     oesteban

subject sub-v2s4x29603_ses-1
hemi    lh
SUBJECTS_DIR /out/sourcedata/freesurfer
ColorTable /opt/freesurfer/average/colortable_BA.txt
AnnotName  BA_exvivo.thresh
nlables 14
LabelThresh 0 0.000000
Loading /out/sourcedata/freesurfer/sub-v2s4x29603_ses-1/surf/lh.orig
 1 1530880 BA1_exvivo
 2 16749699 BA2_exvivo
 3 16711680 BA3a_exvivo
 4 3368703 BA3b_exvivo
 5 1376196 BA4a_exvivo
 6 13382655 BA4p_exvivo
 7 10036737 BA6_exvivo
 8 2490521 BA44_exvivo
 9 39283 BA45_exvivo
10 3993 V1_exvivo
11 8508928 V2_exvivo
12 10027163 MT_exvivo
13 16422433 perirhinal_exvivo
14 16392598 entorhinal_exvivo
Mapping unhit to unknown
Found 113171 unhit vertices
Writing annot to /out/sourcedata/freesurfer/sub-v2s4x29603_ses-1/label/lh.BA_exvivo.thresh.annot

 mris_anatomical_stats -th3 -mgz -noglobal -f ../stats/lh.BA_exvivo.stats -b -a ./lh.BA_exvivo.annot -c ./BA_exvivo.ctab sub-v2s4x29603_ses-1 lh white 

computing statistics for each annotation in ./lh.BA_exvivo.annot.
reading volume /out/sourcedata/freesurfer/sub-v2s4x29603_ses-1/mri/wm.mgz...
reading input surface /out/sourcedata/freesurfer/sub-v2s4x29603_ses-1/surf/lh.white...
reading input pial surface /out/sourcedata/freesurfer/sub-v2s4x29603_ses-1/surf/lh.pial...
reading input white surface /out/sourcedata/freesurfer/sub-v2s4x29603_ses-1/surf/lh.white...
INFO: using TH3 volume calc
INFO: assuming MGZ format for volumes.
INFO: not computing global stats
Using TH3 vertex volume calc
Total face volume 253643
Total vertex volume 253446 (mask=0)
Saving annotation colortable ./BA_exvivo.ctab

table columns are:
    number of vertices
    total surface area (mm^2)
    total gray matter volume (mm^3)
    average cortical thickness +- standard deviation (mm)
    integrated rectified mean curvature
    integrated rectified Gaussian curvature
    folding index
    intrinsic curvature index
    structure name

 1138    633   1965  2.384 0.479     0.110     0.021       10     1.0  BA1_exvivo
 3566   2306   5569  2.414 0.551     0.101     0.019       23     2.9  BA2_exvivo
 1109    715    953  1.664 0.428     0.119     0.023        9     1.0  BA3a_exvivo
 2404   1565   3289  1.827 0.678     0.098     0.016       17     1.7  BA3b_exvivo
 1904   1051   2715  2.345 0.533     0.089     0.019       10     1.6  BA4a_exvivo
 1354    882   2038  2.427 0.624     0.083     0.015        5     0.8  BA4p_exvivo
 9496   6063  20107  2.906 0.535     0.106     0.021       75     8.3  BA6_exvivo
 2686   1889   5781  2.788 0.479     0.117     0.019       28     2.2  BA44_exvivo
 3667   2690   7969  2.604 0.550     0.127     0.025       47     3.7  BA45_exvivo
 3391   2169   3444  1.608 0.470     0.116     0.023       31     3.5  V1_exvivo
 7632   5150   9193  1.738 0.497     0.141     0.034       94    11.5  V2_exvivo
 2480   1751   4044  2.219 0.444     0.121     0.022       28     2.4  MT_exvivo
  592    393   1420  2.747 0.757     0.085     0.015        4     0.4  perirhinal_exvivo
  578    338   1586  2.913 1.166     0.100     0.030       10     0.8  entorhinal_exvivo

 mris_anatomical_stats -th3 -mgz -f ../stats/lh.BA_exvivo.thresh.stats -noglobal -b -a ./lh.BA_exvivo.thresh.annot -c ./BA_exvivo.thresh.ctab sub-v2s4x29603_ses-1 lh white 

computing statistics for each annotation in ./lh.BA_exvivo.thresh.annot.
reading volume /out/sourcedata/freesurfer/sub-v2s4x29603_ses-1/mri/wm.mgz...
reading input surface /out/sourcedata/freesurfer/sub-v2s4x29603_ses-1/surf/lh.white...
reading input pial surface /out/sourcedata/freesurfer/sub-v2s4x29603_ses-1/surf/lh.pial...
reading input white surface /out/sourcedata/freesurfer/sub-v2s4x29603_ses-1/surf/lh.white...
INFO: using TH3 volume calc
INFO: assuming MGZ format for volumes.
INFO: not computing global stats
Using TH3 vertex volume calc
Total face volume 253643
Total vertex volume 253446 (mask=0)
Saving annotation colortable ./BA_exvivo.thresh.ctab

table columns are:
    number of vertices
    total surface area (mm^2)
    total gray matter volume (mm^3)
    average cortical thickness +- standard deviation (mm)
    integrated rectified mean curvature
    integrated rectified Gaussian curvature
    folding index
    intrinsic curvature index
    structure name

  749    401   1173  2.266 0.447     0.115     0.022        7     0.6  BA1_exvivo
 1449    926   2565  2.493 0.544     0.102     0.019       10     1.2  BA2_exvivo
  924    598    720  1.600 0.383     0.122     0.025        8     0.9  BA3a_exvivo
 1534    991   1459  1.439 0.295     0.080     0.012        6     0.8  BA3b_exvivo
 1830   1060   2727  2.422 0.525     0.082     0.017        7     1.4  BA4a_exvivo
 1083    713   1535  2.307 0.636     0.084     0.014        4     0.7  BA4p_exvivo
 5042   3074  10055  2.813 0.551     0.107     0.022       41     4.5  BA6_exvivo
 1711   1223   3763  2.792 0.469     0.124     0.022       23     1.6  BA44_exvivo
 1593   1215   4070  2.803 0.498     0.143     0.031       27     2.0  BA45_exvivo
 3604   2307   3748  1.614 0.459     0.115     0.023       33     3.6  V1_exvivo
 3868   2584   4289  1.677 0.483     0.144     0.036       52     6.3  V2_exvivo
  643    474    999  2.020 0.371     0.122     0.021        7     0.6  MT_exvivo
  233    152    542  2.693 0.690     0.061     0.009        1     0.1  perirhinal_exvivo
  339    213   1073  3.312 0.579     0.081     0.014        1     0.2  entorhinal_exvivo

Started at Fri Mar 13 07:07:58 CET 2026 
Ended   at Fri Mar 13 07:10:28 CET 2026
#@#%# recon-all-run-time-hours 0.042
recon-all -s sub-v2s4x29603_ses-1 finished without error at Fri Mar 13 07:10:28 CET 2026
