#!ascii label  , from subject sub-v2s4x29592_ses-1 vox2ras=TkReg
3251
94066  -59.850  28.834  35.031 0.6999999881
94075  -60.086  28.480  33.766 0.6999999881
94074  -59.800  28.423  33.974 0.8000000119
93352  -59.714  27.718  33.308 0.6999999881
94067  -60.283  28.972  34.167 0.6999999881
94713  -60.525  29.291  33.712 0.6999999881
94054  -60.385  29.182  36.009 0.6000000238
94076  -60.607  28.495  32.984 0.6999999881
94053  -60.163  28.942  36.185 0.6000000238
126922  -60.073  28.993  35.017 0.6999999881
93353  -60.436  27.774  32.791 0.8000000119
145249  -59.696  28.712  36.509 0.5000000000
131700  -60.168  27.846  33.240 0.8000000119
93365  -60.317  27.204  32.543 0.8000000119
120839  -54.463  25.728  28.728 0.8999999762
92031  -53.660  25.376  29.875 0.8999999762
91423  -52.098  24.078  21.071 0.8000000119
95329  -60.619  30.078  34.418 0.6999999881
122713  -60.658  29.286  32.889 0.6999999881
94095  -60.739  28.132  32.217 0.6999999881
94094  -60.577  28.262  31.829 0.6999999881
93354  -60.672  27.775  32.365 0.8000000119
94112  -60.707  27.472  31.719 0.8000000119
92702  -60.309  26.462  31.958 0.6999999881
92703  -60.607  26.686  31.826 0.8000000119
93383  -60.690  26.905  30.883 0.8000000119
94111  -60.458  27.702  31.281 0.6999999881
92712  -60.218  25.904  31.381 0.6999999881
92714  -60.819  26.112  30.779 0.8000000119
92009  -59.821  25.623  30.592 0.6999999881
92723  -60.140  26.162  29.300 0.8000000119
92021  -58.391  25.786  29.373 0.6999999881
92733  -59.620  25.984  28.783 0.8000000119
125381  -57.555  26.436  27.727 0.8999999762
92033  -56.623  26.444  27.628 0.8999999762
92032  -55.550  25.856  28.775 0.8999999762
92045  -55.667  26.377  27.710 0.8999999762
91373  -52.345  25.082  29.167 0.8999999762
92030  -53.304  25.376  28.995 0.8999999762
132744  -51.516  24.799  28.882 0.8000000119
90034  -48.746  22.916  29.196 0.8000000119
89372  -48.627  22.278  28.524 0.8000000119
90039  -48.959  22.744  28.000 0.8000000119
89373  -48.925  21.723  27.709 0.8000000119
90045  -49.296  22.596  27.060 0.8999999762
89382  -49.754  21.973  26.168 0.8000000119
90052  -50.283  22.373  25.466 0.8000000119
140396  -51.170  23.093  24.269 0.8000000119
92100  -51.514  25.219  21.331 0.8000000119
92089  -51.429  25.975  21.736 0.8000000119
95336  -60.579  30.070  33.332 0.6000000238
95351  -60.462  30.186  32.356 0.6000000238
94732  -60.535  28.965  32.284 0.6999999881
94110  -59.652  27.961  31.129 0.6999999881
93382  -60.234  27.199  30.532 0.8000000119
93413  -59.302  26.364  28.693 0.8999999762
93412  -58.573  26.801  27.965 1.0000000000
92731  -58.099  26.843  27.389 1.0000000000
139137  -57.499  26.877  26.910 0.8999999762
92730  -56.590  26.944  26.737 0.8999999762
145036  -55.747  26.729  27.049 0.8999999762
92740  -55.490  26.939  26.647 0.8999999762
92042  -52.726  25.431  28.157 0.8999999762
92044  -54.868  26.383  27.573 0.8999999762
90694  -50.127  24.127  29.059 0.8000000119
91379  -50.743  24.448  28.540 0.8000000119
91381  -51.935  25.114  28.383 0.8999999762
124690  -53.331  25.828  27.525 1.0000000000
90693  -49.328  23.421  28.610 0.8000000119
91380  -51.272  24.824  28.033 0.8000000119
91387  -51.884  25.218  27.570 0.8000000119
92051  -52.656  25.581  27.163 0.8999999762
90698  -49.418  23.314  27.788 0.8000000119
127748  -49.975  23.935  28.143 0.8000000119
90704  -49.827  23.605  27.219 0.8999999762
91392  -50.358  24.015  26.609 0.8999999762
90711  -50.868  24.056  25.264 0.8999999762
130656  -51.861  24.872  24.669 0.8000000119
144794  -52.345  25.129  23.088 0.8000000119
92072  -52.652  25.697  23.480 0.8000000119
92079  -52.874  26.260  23.029 0.8999999762
90046  -49.836  23.017  26.248 0.8000000119
90717  -51.226  24.045  24.569 0.8000000119
143324  -51.725  24.362  24.006 0.8000000119
92091  -52.234  25.621  21.927 0.8000000119
90063  -51.636  23.602  23.763 0.8000000119
123473  -52.351  24.872  22.362 0.8000000119
92784  -51.351  26.594  22.221 0.8000000119
92090  -51.976  25.882  21.613 0.8000000119
90019  -43.239  23.426  30.819 0.1000000015
92782  -49.736  25.805  23.006 0.6999999881
90684  -43.839  23.605  30.324 0.1000000015
90032  -44.107  23.178  29.737 0.2000000030
90697  -45.202  23.287  28.952 0.2000000030
92071  -49.232  25.500  23.838 0.6999999881
92795  -50.491  25.900  22.221 0.8000000119
129142  -45.952  23.453  28.025 0.4000000060
90703  -46.699  23.959  27.145 0.5000000000
92070  -48.704  24.784  24.019 0.6999999881
95945  -60.576  31.074  32.741 0.6000000238
94731  -60.323  29.007  31.940 0.6999999881
94092  -58.852  28.716  31.749 0.6999999881
94093  -60.115  28.540  31.584 0.6999999881
93381  -59.135  27.327  30.446 0.6999999881
93397  -58.797  26.857  29.258 0.8000000119
132801  -57.269  29.765  32.414 0.6999999881
94091  -57.377  28.850  32.051 0.6999999881
94090  -56.132  28.735  32.056 0.6999999881
93411  -57.821  27.157  27.491 1.0000000000
93426  -57.368  26.822  27.020 0.8999999762
93425  -56.502  27.200  26.839 1.0000000000
92747  -55.867  27.255  26.597 1.0000000000
92746  -54.763  26.918  26.485 1.0000000000
92052  -54.189  26.462  27.109 1.0000000000
130507  -53.913  26.611  26.265 1.0000000000
137713  -53.353  26.080  26.897 1.0000000000
91394  -51.834  25.199  26.455 0.8999999762
92057  -52.907  25.856  26.209 1.0000000000
91386  -51.089  24.758  27.074 0.8999999762
92064  -52.916  25.958  25.357 1.0000000000
91400  -52.245  25.374  25.481 1.0000000000
91393  -50.930  24.444  26.063 0.8999999762
91399  -51.436  24.715  25.428 0.8999999762
91404  -52.168  25.024  23.842 0.8000000119
126108  -52.638  25.664  24.522 0.8000000119
92797  -52.338  26.514  22.082 0.8000000119
90016  -42.348  23.102  32.327 0.1000000015
92783  -50.484  26.469  22.884 0.8000000119
145421  -51.886  27.083  22.314 0.8000000119
91346  -43.081  24.504  31.828 0.1000000015
121007  -42.739  23.274  31.515 0.1000000015
91347  -43.519  24.835  31.550 0.1000000015
91353  -43.496  24.417  31.297 0.1000000015
92062  -48.727  25.211  24.706 0.6999999881
91354  -43.887  24.565  31.002 0.2000000030
130780  -44.301  23.722  29.984 0.2000000030
90692  -45.309  23.908  29.240 0.3000000119
137958  -46.009  24.085  28.589 0.4000000060
123968  -48.205  24.925  25.554 0.6999999881
125336  -46.313  23.827  27.792 0.4000000060
90709  -47.203  23.773  25.598 0.6000000238
92061  -47.659  24.341  25.576 0.6000000238
91397  -47.687  23.964  24.838 0.6000000238
96506  -60.446  31.989  33.275 0.5000000000
95961  -60.570  31.387  31.817 0.6000000238
95350  -60.236  29.955  31.930 0.6999999881
94730  -59.542  29.475  31.934 0.6999999881
94109  -58.259  28.129  31.277 0.6999999881
95347  -56.311  30.202  32.489 0.6999999881
93380  -57.959  27.520  30.405 0.8000000119
94727  -55.495  29.598  32.443 0.6999999881
94728  -56.462  29.358  32.364 0.6999999881
94108  -56.958  28.153  31.376 0.6999999881
93396  -57.942  27.303  28.854 0.8999999762
95345  -54.019  30.187  32.482 0.6999999881
95955  -54.446  31.064  32.404 0.6999999881
143751  -54.771  30.221  32.502 0.6999999881
94107  -55.704  28.126  31.304 0.8000000119
93410  -56.893  27.408  27.412 1.0000000000
95954  -52.833  31.277  32.379 0.8000000119
142766  -53.491  30.782  32.458 0.6999999881
94726  -54.501  29.510  32.401 0.8000000119
94089  -55.056  28.798  32.105 0.8000000119
93409  -55.853  27.663  27.550 1.0000000000
95953  -51.455  31.422  32.461 0.8000000119
125358  -52.071  30.895  32.556 0.8000000119
143211  -53.300  30.069  32.493 0.8000000119
94725  -53.632  29.513  32.370 0.8000000119
94088  -54.100  28.907  32.147 0.8000000119
94106  -54.589  28.370  31.566 0.8000000119
93424  -55.599  27.626  26.831 1.0000000000
95952  -50.596  31.323  32.602 0.8000000119
131736  -51.184  30.436  32.688 0.8000000119
95344  -52.725  30.435  32.507 0.8000000119
94724  -52.639  29.541  32.383 0.8000000119
94087  -53.240  28.964  32.148 0.8000000119
94105  -53.682  28.474  31.623 0.8000000119
92757  -55.213  27.348  26.388 1.0000000000
95951  -49.674  31.456  32.655 0.8000000119
95343  -52.036  30.153  32.560 0.8000000119
94104  -52.757  28.546  31.652 0.8000000119
93445  -54.678  27.670  26.145 1.0000000000
93436  -55.101  27.651  26.487 1.0000000000
95342  -49.964  30.387  32.878 0.8000000119
94723  -51.564  29.567  32.483 0.8000000119
94086  -51.991  28.890  32.086 0.6999999881
92755  -54.008  27.052  25.449 1.0000000000
92765  -54.223  27.683  25.531 1.0000000000
123226  -48.313  31.402  32.915 0.6000000238
95950  -48.862  31.794  32.641 0.6999999881
94103  -51.320  28.412  31.603 0.6999999881
92764  -53.817  27.490  24.736 1.0000000000
94149  -53.355  28.184  24.408 1.0000000000
95949  -47.580  31.555  33.092 0.6000000238
95341  -48.934  30.808  32.972 0.6000000238
94722  -50.556  29.585  32.643 0.6999999881
94085  -50.986  28.947  32.222 0.6999999881
93376  -50.839  27.888  31.014 0.6999999881
92058  -53.452  26.409  25.624 1.0000000000
92065  -53.393  26.593  24.757 1.0000000000
94721  -49.563  29.482  32.765 0.6999999881
94084  -50.041  28.863  32.345 0.6999999881
94102  -50.447  28.348  31.685 0.6999999881
93390  -50.418  27.554  30.325 0.6000000238
123818  -50.910  27.451  29.560 0.6000000238
92773  -53.421  27.190  23.901 1.0000000000
93458  -53.452  27.841  24.103 1.0000000000
93471  -52.648  27.550  22.974 0.8999999762
95340  -48.059  30.726  33.138 0.6000000238
135743  -48.488  30.110  33.134 0.6999999881
137765  -49.124  29.996  33.055 0.6999999881
94101  -49.539  28.196  31.722 0.6000000238
93375  -49.971  27.796  31.001 0.6000000238
140549  -50.043  27.363  29.704 0.6000000238
93420  -49.985  27.332  28.024 0.6999999881
93431  -49.600  27.166  27.141 0.6999999881
92073  -53.079  26.382  23.784 0.8999999762
93472  -53.097  27.538  23.299 0.8999999762
93470  -52.155  27.481  22.795 0.8999999762
95335  -47.326  30.684  33.303 0.5000000000
94720  -48.547  29.343  32.878 0.6000000238
94083  -49.095  28.695  32.400 0.6000000238
93389  -49.530  27.450  30.221 0.5000000000
93419  -49.205  27.145  28.558 0.6000000238
92739  -49.024  26.986  27.775 0.6999999881
93479  -52.311  27.100  22.370 0.8000000119
94719  -47.715  29.838  33.182 0.5000000000
94082  -48.163  28.436  32.334 0.6000000238
94100  -48.601  28.002  31.712 0.6000000238
93374  -49.007  27.614  30.945 0.5000000000
121142  -48.423  27.270  29.920 0.5000000000
143754  -48.489  26.866  28.252 0.6000000238
92796  -51.944  26.603  21.951 0.8000000119
93373  -47.838  27.828  31.732 0.6000000238
138146  -47.879  27.456  30.905 0.5000000000
92729  -48.438  27.069  28.929 0.6000000238
144034  -49.925  26.672  24.876 0.8000000119
93469  -51.392  27.180  22.924 0.8000000119
94147  -52.032  28.085  23.916 0.8000000119
92752  -48.775  26.042  26.304 0.6999999881
92745  -48.822  26.583  27.030 0.6999999881
92738  -48.251  26.434  27.673 0.6000000238
92056  -48.188  25.348  26.317 0.6000000238
92002  -44.443  25.181  31.035 0.3000000119
91362  -44.724  24.488  30.131 0.3000000119
91370  -45.576  24.409  29.330 0.3000000119
91384  -47.137  24.513  27.136 0.6000000238
92055  -47.651  24.721  26.355 0.6000000238
92003  -45.018  25.458  30.786 0.3000000119
92015  -44.829  24.910  30.416 0.3000000119
96523  -60.666  32.022  32.039 0.5000000000
95357  -60.246  31.023  31.670 0.6999999881
95937  -60.539  31.069  34.111 0.5000000000
95356  -60.007  30.806  31.555 0.6000000238
95349  -59.599  30.308  31.826 0.6999999881
95960  -59.275  31.069  31.612 0.6999999881
94729  -58.236  29.358  32.208 0.6999999881
95958  -56.931  31.528  32.150 0.6000000238
95959  -58.046  31.313  31.949 0.6000000238
96519  -55.623  32.188  31.860 0.6000000238
131182  -56.329  30.955  32.384 0.6999999881
93379  -56.824  27.620  30.287 0.8999999762
93395  -56.917  27.493  28.760 0.8000000119
95956  -55.202  31.572  32.257 0.6999999881
95346  -55.474  30.741  32.440 0.6999999881
93378  -55.803  27.680  30.108 0.8000000119
93394  -55.876  27.645  28.765 0.8999999762
145939  -54.979  27.910  30.852 0.8000000119
126950  -54.699  27.905  27.844 1.0000000000
94117  -54.190  28.005  30.876 0.8000000119
139600  -54.871  28.032  26.944 1.0000000000
94116  -53.321  28.048  30.894 0.8000000119
93435  -54.401  28.184  26.600 0.8999999762
94115  -52.454  28.033  30.841 0.6999999881
93392  -53.034  27.835  29.988 0.6999999881
94134  -53.135  28.430  25.859 0.8999999762
94139  -53.709  28.243  25.261 1.0000000000
93377  -51.639  27.974  30.891 0.6999999881
93391  -51.979  27.687  29.969 0.6999999881
93407  -52.812  27.667  29.068 0.8000000119
93422  -52.755  27.833  28.026 0.8999999762
93451  -53.901  27.971  24.909 1.0000000000
139200  -51.168  27.655  30.370 0.6000000238
93406  -51.819  27.564  28.895 0.6999999881
93421  -51.647  27.618  28.008 0.6999999881
121300  -50.868  27.448  28.575 0.6999999881
94137  -52.233  28.276  24.772 0.8999999762
94148  -52.709  28.271  24.077 1.0000000000
95948  -46.930  32.008  33.113 0.5000000000
96514  -47.306  32.432  32.647 0.6000000238
93432  -50.483  27.477  27.200 0.8000000119
133604  -46.340  31.875  33.249 0.5000000000
95944  -46.858  31.334  33.345 0.5000000000
95334  -46.655  30.606  33.450 0.5000000000
94712  -47.017  30.053  33.288 0.5000000000
94718  -46.961  29.321  33.160 0.5000000000
126189  -47.583  28.836  32.844 0.5000000000
140023  -47.269  27.465  31.424 0.5000000000
92722  -47.166  26.900  29.862 0.6000000238
141995  -47.700  26.878  29.190 0.6000000238
92763  -50.624  27.227  24.767 0.8000000119
93456  -51.312  27.529  23.864 0.8000000119
94081  -46.762  28.393  32.905 0.4000000060
93362  -47.238  27.906  32.203 0.5000000000
93388  -46.860  27.077  30.739 0.5000000000
93372  -46.553  27.093  31.544 0.4000000060
91363  -45.241  24.726  29.844 0.3000000119
92040  -46.022  24.655  29.014 0.3000000119
92041  -46.474  24.779  28.463 0.5000000000
120979  -47.038  24.971  27.778 0.6000000238
92016  -45.369  25.215  30.110 0.3000000119
93371  -45.848  26.706  31.911 0.4000000060
92708  -45.343  26.101  31.312 0.4000000060
92720  -45.712  25.939  30.565 0.3000000119
92017  -45.958  25.598  29.796 0.3000000119
92027  -45.726  24.941  29.513 0.3000000119
96522  -60.377  32.801  32.426 0.5000000000
95969  -60.437  31.855  31.136 0.6000000238
95967  -58.955  32.009  31.043 0.6000000238
96521  -57.718  32.150  31.411 0.6000000238
96520  -56.602  32.226  31.696 0.6000000238
134137  -52.184  31.711  32.216 0.6999999881
141776  -54.885  27.775  29.973 0.8000000119
135237  -54.822  27.769  28.885 0.8999999762
93408  -53.786  27.761  29.046 0.8000000119
93423  -53.960  28.135  27.452 0.8999999762
93393  -53.964  27.847  29.968 0.8000000119
123008  -53.588  27.862  28.340 0.8999999762
93434  -53.257  28.273  26.858 0.8999999762
93443  -52.162  28.140  26.456 0.8999999762
94133  -52.447  28.351  25.544 0.8999999762
121089  -52.237  27.891  27.350 0.8000000119
93433  -51.400  27.702  27.241 0.8000000119
93442  -51.682  28.008  25.614 0.8999999762
93450  -51.445  27.809  24.744 0.8000000119
135701  -46.210  31.198  33.503 0.5000000000
94711  -46.455  29.864  33.458 0.4000000060
96512  -45.509  32.808  32.660 0.5000000000
96504  -45.838  32.275  33.074 0.4000000060
95943  -45.695  31.729  33.413 0.5000000000
95333  -45.998  30.504  33.633 0.5000000000
93361  -46.362  27.501  32.428 0.4000000060
94071  -46.255  29.004  33.351 0.4000000060
92721  -46.365  26.370  30.188 0.5000000000
92028  -46.345  25.351  29.087 0.5000000000
92029  -46.966  25.558  28.382 0.5000000000
94710  -45.773  29.708  33.694 0.4000000060
94080  -45.993  28.029  33.140 0.4000000060
93387  -46.276  26.568  30.838 0.5000000000
93360  -45.594  27.103  32.719 0.4000000060
92709  -45.942  26.459  31.223 0.4000000060
96513  -46.411  32.568  32.721 0.5000000000
92753  -49.425  26.748  26.351 0.6999999881
93441  -50.186  27.322  26.408 0.8000000119
92737  -47.709  26.440  28.406 0.6000000238
92754  -50.008  26.985  25.603 0.8000000119
121065  -51.100  27.690  26.449 0.8000000119
92727  -46.501  26.098  29.540 0.5000000000
92728  -47.010  26.221  29.032 0.6000000238
121911  -50.810  27.518  25.619 0.8000000119
93399  -60.466  26.424  30.106 0.8000000119
92023  -60.738  25.932  29.918 0.8000000119
142230  -59.897  25.873  29.043 0.6999999881
93398  -59.715  26.589  29.706 0.8000000119
92035  -59.347  25.998  28.511 0.8000000119
92732  -58.815  26.442  28.209 0.8999999762
92019  -56.492  25.932  28.654 0.8000000119
92043  -53.804  25.801  28.062 0.8999999762
91371  -51.017  24.485  29.438 0.8000000119
91385  -50.521  24.326  27.614 0.8000000119
90710  -50.427  23.462  25.558 0.8000000119
90676  -43.679  24.064  30.864 0.1000000015
92771  -49.785  26.144  23.593 0.8000000119
91361  -44.227  24.190  30.414 0.1000000015
90691  -44.728  23.556  29.499 0.2000000030
91398  -48.208  24.524  24.801 0.6999999881
92063  -49.386  26.053  24.548 0.6999999881
133358  -45.522  23.031  28.282 0.3000000119
91378  -46.592  24.337  27.847 0.4000000060
91391  -47.173  24.145  26.381 0.6000000238
131834  -57.166  30.705  32.372 0.6999999881
92756  -54.542  27.321  26.078 1.0000000000
92772  -50.394  26.771  23.893 0.8000000119
90675  -43.132  23.911  31.387 0.1000000015
135053  -49.345  26.326  25.541 0.6999999881
92762  -48.761  25.619  25.505 0.6999999881
91355  -44.336  24.708  30.704 0.2000000030
92001  -43.988  25.066  31.277 0.3000000119
90685  -44.718  24.069  29.815 0.3000000119
144857  -52.652  28.968  32.150 0.8000000119
135372  -52.028  28.388  31.430 0.8000000119
94129  -54.549  28.014  26.129 1.0000000000
93405  -50.045  27.298  28.973 0.6000000238
93404  -49.281  27.258  29.383 0.5000000000
92050  -48.189  25.850  27.017 0.6000000238
92049  -47.620  25.149  27.068 0.6000000238
92744  -47.575  25.728  27.694 0.6000000238
127429  -45.104  24.328  29.667 0.3000000119
95968  -59.978  31.761  30.963 0.6000000238
95348  -58.457  30.288  32.221 0.6999999881
122410  -50.855  27.509  27.841 0.8000000119
82824  -50.884  14.199  28.830 0.2000000030
83630  -50.624  14.186  28.052 0.2000000030
83637  -50.940  14.912  27.973 0.2000000030
84451  -50.649  15.107  27.451 0.2000000030
83636  -50.186  14.319  27.355 0.2000000030
84459  -50.048  14.911  26.973 0.2000000030
143354  -50.457  15.332  27.106 0.2000000030
83645  -49.530  14.289  26.685 0.2000000030
125736  -52.296  14.954  30.948 0.2000000030
83621  -51.659  14.641  30.278 0.2000000030
82819  -51.027  14.127  29.702 0.2000000030
127825  -51.647  14.918  29.433 0.2000000030
124734  -51.259  14.910  28.623 0.2000000030
84446  -51.674  15.536  28.416 0.2000000030
84452  -51.401  15.597  27.857 0.2000000030
84460  -50.998  15.868  27.262 0.2000000030
84467  -49.570  14.980  26.389 0.3000000119
85301  -50.243  15.629  26.614 0.3000000119
83622  -52.418  15.233  30.142 0.2000000030
83626  -52.458  15.491  29.556 0.2000000030
84436  -52.043  15.557  29.029 0.2000000030
85307  -48.387  16.323  25.415 0.3000000119
84466  -49.118  15.231  25.866 0.3000000119
85308  -49.156  16.137  25.474 0.3000000119
85309  -49.638  15.672  26.016 0.3000000119
83605  -54.623  15.258  32.607 0.3000000119
83615  -53.827  15.296  31.446 0.3000000119
83604  -53.705  15.185  32.238 0.3000000119
84419  -53.357  15.351  30.742 0.2000000030
86159  -47.205  17.167  31.094 0.1000000015
122718  -46.665  17.746  30.632 0.1000000015
84429  -53.271  15.611  29.874 0.2000000030
84437  -53.033  15.906  29.227 0.2000000030
86179  -47.335  17.411  29.338 0.1000000015
86188  -47.408  17.373  26.935 0.3000000119
84447  -52.628  16.032  28.634 0.2000000030
85299  -47.663  16.517  26.246 0.3000000119
84453  -52.159  16.020  28.177 0.2000000030
85291  -52.141  16.428  27.644 0.2000000030
86206  -47.996  17.239  25.256 0.3000000119
86207  -48.596  17.626  24.920 0.3000000119
85302  -51.652  16.790  26.984 0.3000000119
86208  -49.384  17.129  25.204 0.4000000060
135328  -50.197  16.651  25.905 0.4000000060
86197  -51.254  17.174  26.333 0.3000000119
84377  -57.904  15.766  34.947 0.3000000119
84386  -56.853  15.417  34.211 0.3000000119
121505  -57.222  15.488  34.789 0.3000000119
83585  -55.727  15.065  34.744 0.3000000119
84385  -56.311  15.364  33.573 0.3000000119
83596  -55.386  15.174  33.903 0.3000000119
84398  -55.676  15.331  32.897 0.3000000119
83595  -54.599  15.092  33.639 0.3000000119
84410  -55.607  15.401  31.903 0.3000000119
84431  -55.386  15.857  30.225 0.3000000119
84409  -54.668  15.316  31.665 0.3000000119
84430  -54.287  15.713  30.126 0.2000000030
84420  -54.534  15.454  30.864 0.2000000030
84438  -54.114  16.066  29.377 0.2000000030
85271  -55.198  16.620  28.700 0.2000000030
85281  -53.903  16.411  28.569 0.2000000030
86167  -46.808  17.950  29.829 0.1000000015
146119  -54.133  16.772  27.965 0.2000000030
86178  -46.907  18.149  29.016 0.2000000030
86183  -47.304  17.571  28.496 0.3000000119
86196  -47.605  17.319  25.927 0.3000000119
87043  -46.598  19.014  27.779 0.3000000119
87044  -47.080  18.295  27.339 0.3000000119
140627  -47.411  18.856  25.173 0.3000000119
87057  -47.883  18.219  24.923 0.3000000119
85280  -53.209  16.484  27.991 0.2000000030
85292  -54.263  17.252  27.471 0.2000000030
131340  -46.323  19.922  26.408 0.3000000119
87849  -46.907  19.115  25.803 0.3000000119
87864  -47.410  20.182  24.504 0.3000000119
87066  -48.609  18.588  24.655 0.3000000119
87067  -49.579  19.014  24.510 0.4000000060
86198  -52.284  17.557  26.440 0.4000000060
87068  -50.479  18.563  24.815 0.4000000060
86209  -50.972  17.578  25.763 0.3000000119
84387  -58.013  15.708  33.871 0.3000000119
88644  -49.184  20.739  28.166 0.8000000119
87830  -50.007  20.139  27.873 0.8000000119
87831  -52.078  19.497  27.737 0.4000000060
143614  -53.032  19.221  27.665 0.3000000119
87038  -53.864  18.792  28.041 0.3000000119
87032  -56.411  18.054  28.362 0.2000000030
85272  -56.279  16.889  28.954 0.3000000119
84421  -55.728  15.606  30.957 0.3000000119
88651  -49.591  20.868  27.280 0.6999999881
143946  -51.861  19.991  26.855 0.6000000238
87832  -53.881  19.255  27.027 0.3000000119
87040  -55.465  18.258  27.708 0.3000000119
85282  -56.188  17.540  28.354 0.2000000030
89376  -49.446  21.617  26.879 0.6999999881
89377  -50.098  21.079  26.439 0.6999999881
87841  -52.945  19.575  26.957 0.4000000060
87045  -54.662  18.771  27.172 0.3000000119
86191  -55.190  18.213  27.233 0.2000000030
86184  -55.952  17.993  27.817 0.2000000030
84439  -55.220  16.203  29.518 0.2000000030
87850  -52.199  20.297  26.203 0.6999999881
87851  -53.024  19.952  26.115 0.4000000060
123886  -53.711  19.495  26.365 0.4000000060
87046  -54.725  18.615  26.898 0.2000000030
129138  -55.109  17.181  27.900 0.2000000030
89383  -50.662  21.443  25.678 0.6999999881
88659  -52.476  20.485  25.631 0.6000000238
87852  -53.783  19.510  25.866 0.4000000060
87061  -54.116  19.260  25.985 0.4000000060
87052  -54.358  18.958  26.287 0.2000000030
86190  -54.785  17.981  26.868 0.2000000030
90057  -50.799  22.708  24.850 0.6999999881
89391  -52.228  21.412  24.545 0.6999999881
88670  -52.725  20.793  25.034 0.6999999881
88660  -53.209  20.100  25.347 0.6000000238
88661  -53.373  19.705  25.417 0.4000000060
87060  -53.992  19.272  25.815 0.4000000060
86200  -54.276  18.337  26.487 0.3000000119
90716  -50.807  23.466  24.870 0.6999999881
90058  -51.559  22.194  24.300 0.6999999881
87065  -47.809  19.254  24.653 0.3000000119
87865  -48.690  19.511  24.308 0.4000000060
87051  -53.921  18.721  25.942 0.4000000060
86189  -53.830  17.589  26.898 0.2000000030
88669  -46.800  20.550  24.862 0.3000000119
142377  -48.032  20.017  24.251 0.5000000000
87866  -49.683  19.877  23.938 0.6000000238
87868  -51.780  19.657  24.166 0.5000000000
137862  -52.709  19.502  24.774 0.4000000060
86211  -52.970  18.318  25.837 0.4000000060
85303  -52.712  17.230  27.045 0.3000000119
129440  -53.220  16.985  27.471 0.2000000030
88668  -46.349  21.155  25.361 0.3000000119
88678  -46.770  21.417  24.650 0.5000000000
88680  -47.753  20.813  23.911 0.5000000000
88689  -48.557  21.312  23.365 0.5000000000
89408  -49.937  21.663  22.193 0.6000000238
87058  -51.372  18.343  25.274 0.4000000060
86210  -51.867  17.955  25.855 0.4000000060
89395  -46.977  22.222  24.412 0.6000000238
89401  -48.205  22.183  23.261 0.6000000238
89402  -48.960  21.971  22.668 0.6000000238
89413  -51.254  22.409  21.441 0.6000000238
90727  -48.367  23.380  23.185 0.6000000238
90077  -49.333  23.249  22.159 0.6000000238
89407  -49.514  22.545  22.083 0.6000000238
90078  -50.101  23.202  21.512 0.6000000238
91407  -48.722  24.401  23.432 0.6000000238
84412  -57.752  15.779  31.886 0.3000000119
84411  -56.601  15.525  31.964 0.3000000119
121936  -56.761  15.471  32.672 0.3000000119
84422  -56.453  15.662  31.319 0.3000000119
84433  -56.934  16.183  30.660 0.3000000119
140542  -50.442  19.634  28.419 0.5000000000
121813  -51.312  19.312  28.488 0.4000000060
87039  -55.099  18.488  27.813 0.3000000119
128900  -55.895  18.264  28.236 0.3000000119
87840  -51.006  19.769  27.731 0.6000000238
85283  -56.670  17.949  28.463 0.2000000030
84432  -56.498  16.269  30.146 0.3000000119
85273  -56.945  17.807  28.817 0.3000000119
84440  -56.147  16.400  29.640 0.3000000119
89397  -52.388  21.701  23.859 0.6999999881
89392  -52.886  21.046  24.272 0.6000000238
88671  -52.974  20.435  24.711 0.6000000238
89398  -52.605  21.303  23.675 0.6000000238
131947  -52.924  20.808  24.213 0.6000000238
90728  -52.093  24.295  23.180 0.6999999881
90072  -52.161  23.203  22.990 0.6999999881
88693  -52.438  21.359  23.108 0.6000000238
88692  -52.073  20.873  23.092 0.6000000238
91414  -52.222  24.502  21.583 0.6999999881
90737  -52.328  23.570  21.556 0.6999999881
124327  -52.342  22.296  22.230 0.6000000238
88703  -51.857  21.414  22.501 0.6000000238
91421  -50.810  24.602  21.231 0.6999999881
90745  -51.650  23.576  20.927 0.6999999881
89409  -51.065  21.784  21.903 0.6000000238
92099  -50.727  25.332  21.636 0.6999999881
90743  -50.089  23.973  21.499 0.6000000238
92077  -49.193  25.096  23.241 0.6000000238
125899  -58.305  15.879  32.296 0.3000000119
84399  -58.454  15.810  32.869 0.3000000119
125040  -57.530  15.559  33.029 0.3000000119
84423  -57.397  16.051  31.155 0.3000000119
129866  -48.364  22.790  30.683 0.6999999881
90027  -48.403  22.560  29.885 0.6999999881
89367  -48.641  21.383  28.635 0.6999999881
87820  -49.576  19.956  28.801 0.8000000119
87823  -52.474  19.011  28.493 0.3000000119
85262  -57.036  17.201  29.484 0.3000000119
90021  -49.064  23.504  31.029 0.6999999881
89366  -48.310  21.980  29.261 0.6999999881
88639  -48.851  20.624  28.872 0.6999999881
90028  -48.921  23.271  30.134 0.6999999881
140732  -50.692  24.239  31.870 0.8000000119
90686  -49.725  23.857  30.515 0.8000000119
126290  -49.517  23.679  29.583 0.6999999881
90688  -50.620  24.256  30.968 0.8000000119
90687  -50.407  24.209  30.006 0.6999999881
91364  -51.445  24.551  30.445 0.8000000119
91365  -52.319  24.892  30.172 0.8000000119
84424  -58.204  16.732  31.113 0.3000000119
86181  -56.993  18.008  28.877 0.3000000119
140872  -57.337  16.845  30.080 0.3000000119
85256  -57.743  16.861  30.475 0.3000000119
88638  -48.427  21.045  29.417 0.6999999881
143198  -53.096  18.741  28.754 0.3000000119
87031  -54.877  18.459  28.528 0.3000000119
142679  -56.590  18.105  28.597 0.3000000119
123300  -57.394  18.036  29.236 0.3000000119
90678  -49.274  23.688  31.897 0.6999999881
90679  -49.883  23.990  31.400 0.8000000119
90672  -51.440  24.332  32.441 0.6999999881
90680  -51.493  24.442  31.543 0.6999999881
127055  -52.391  24.717  31.247 0.6999999881
128625  -55.590  25.668  30.088 0.6999999881
92018  -53.837  25.275  30.851 0.6999999881
86152  -58.184  17.181  31.167 0.3000000119
144598  -55.960  17.539  33.236 0.3000000119
86123  -55.336  17.531  33.990 0.3000000119
87029  -52.563  18.647  29.288 0.3000000119
90020  -48.467  23.126  31.621 0.8000000119
146580  -50.001  24.042  32.141 0.8000000119
90677  -48.784  23.390  32.404 0.8000000119
90671  -50.605  24.147  32.688 0.8000000119
90664  -50.478  23.981  33.511 0.6999999881
91348  -52.090  24.381  32.972 0.6999999881
91349  -52.739  24.637  32.700 0.6999999881
91357  -53.260  24.959  31.536 0.6999999881
92005  -55.046  25.462  31.458 0.6999999881
92020  -57.136  25.817  29.330 0.6999999881
86164  -57.633  17.404  30.562 0.3000000119
86173  -57.644  17.349  30.484 0.3000000119
121360  -55.801  17.513  32.480 0.3000000119
86136  -54.599  17.531  33.063 0.3000000119
86137  -57.057  17.555  32.435 0.3000000119
122296  -53.655  17.494  34.251 0.3000000119
86122  -55.186  17.522  33.364 0.3000000119
86180  -56.909  18.093  28.921 0.3000000119
87822  -51.578  18.863  29.240 0.3000000119
89361  -48.065  21.701  30.232 0.6999999881
88629  -48.378  20.520  30.181 0.6999999881
90670  -49.635  23.797  32.826 0.8000000119
90658  -51.146  24.135  33.966 0.6999999881
90665  -51.324  24.226  33.240 0.6999999881
91343  -52.578  24.622  33.375 0.6999999881
91995  -53.854  25.138  32.708 0.6999999881
91996  -54.603  25.423  32.354 0.6999999881
91997  -55.521  25.641  32.040 0.6999999881
92699  -55.039  25.927  32.764 0.6999999881
92006  -56.150  25.600  30.992 0.6999999881
96534  -57.375  32.866  30.641 0.5000000000
85263  -57.453  17.552  29.908 0.3000000119
86172  -57.374  17.808  29.631 0.3000000119
87023  -55.829  18.292  28.850 0.3000000119
87821  -50.476  19.227  29.215 0.5000000000
121040  -49.553  19.512  29.683 0.5000000000
90657  -50.392  23.825  34.324 0.6999999881
91334  -50.877  24.190  34.614 0.8000000119
91335  -51.594  24.484  34.265 0.6999999881
91978  -51.909  25.080  34.533 0.6999999881
92672  -51.779  26.324  35.548 0.6999999881
91336  -52.336  24.705  34.003 0.6999999881
91979  -52.629  25.311  34.270 0.6999999881
91973  -52.183  25.822  34.853 0.6999999881
91987  -52.975  24.999  33.700 0.6999999881
92681  -53.551  26.375  34.303 0.6999999881
93338  -53.853  27.250  34.701 0.6999999881
91344  -53.224  24.848  33.073 0.6999999881
92689  -54.636  26.268  33.394 0.6000000238
93340  -55.512  27.808  34.297 0.6000000238
94063  -57.074  28.583  34.929 0.6000000238
94052  -58.897  28.576  36.006 0.6000000238
94039  -58.917  28.362  37.272 0.5000000000
92700  -55.965  26.215  32.482 0.6999999881
93349  -55.977  27.335  33.600 0.6000000238
93341  -56.520  28.053  34.193 0.6000000238
94064  -58.270  28.642  35.018 0.6000000238
91998  -56.570  25.849  31.728 0.6999999881
93363  -57.773  26.974  32.814 0.6000000238
93351  -58.427  27.652  33.408 0.6000000238
92008  -58.586  25.687  30.557 0.6000000238
92711  -59.066  25.909  31.402 0.6000000238
145531  -59.565  26.267  31.927 0.6000000238
95965  -52.900  32.089  31.860 0.5000000000
95966  -53.653  31.663  32.184 0.6000000238
130694  -54.569  32.834  30.801 0.5000000000
125413  -55.310  32.653  31.235 0.5000000000
96536  -59.609  32.831  30.156 0.4000000060
96533  -56.222  32.815  31.004 0.5000000000
97028  -56.966  33.499  29.842 0.5000000000
96535  -58.583  32.827  30.230 0.5000000000
96550  -59.270  33.566  29.355 0.4000000060
141973  -59.859  33.467  29.597 0.4000000060
97048  -59.701  33.904  29.201 0.5000000000
97562  -58.748  34.571  30.024 0.5000000000
87030  -53.614  18.536  29.061 0.3000000119
87020  -51.879  18.548  29.985 0.3000000119
90650  -49.559  23.453  35.455 0.8000000119
88630  -48.871  20.183  29.484 0.6999999881
87811  -48.901  19.751  30.105 0.5000000000
88622  -47.897  20.836  31.169 0.6999999881
90012  -48.799  23.299  33.228 0.8000000119
121816  -48.051  22.714  32.475 0.8000000119
92665  -51.075  26.765  36.809 0.8000000119
91971  -50.731  25.199  35.479 0.8000000119
91329  -50.552  24.385  35.229 0.8000000119
90651  -50.245  23.782  35.046 0.8000000119
92659  -51.546  27.011  37.868 0.6999999881
136638  -51.547  26.715  36.216 0.8000000119
92666  -51.856  27.205  36.896 0.6999999881
93320  -52.648  27.511  36.822 0.8000000119
93329  -52.839  27.408  35.855 0.6999999881
93298  -52.511  27.268  37.760 0.6999999881
94035  -54.260  28.131  36.313 0.6999999881
94038  -56.763  28.343  36.627 0.6999999881
125370  -57.946  27.929  37.603 0.6999999881
94050  -55.821  28.522  35.828 0.6000000238
94051  -57.755  28.522  36.101 0.6000000238
94042  -60.437  29.058  36.859 0.5000000000
94693  -60.619  29.454  36.734 0.5000000000
94706  -60.445  29.495  34.772 0.5000000000
97006  -59.703  33.446  32.879 0.3000000119
139556  -60.027  34.059  30.678 0.4000000060
97563  -59.495  34.420  30.526 0.4000000060
97016  -60.180  33.558  31.525 0.4000000060
97030  -60.222  33.617  30.378 0.4000000060
96518  -51.026  32.115  32.107 0.6000000238
96529  -52.187  32.403  31.436 0.5000000000
96537  -60.230  32.801  30.396 0.5000000000
97564  -60.042  34.110  29.732 0.4000000060
97561  -57.963  34.798  31.041 0.3000000119
96548  -53.667  32.933  30.201 0.5000000000
97046  -56.577  33.910  29.027 0.4000000060
136081  -57.673  34.013  28.913 0.4000000060
97047  -58.762  34.005  28.882 0.5000000000
97573  -58.378  34.257  29.174 0.5000000000
136375  -57.503  18.052  29.135 0.3000000119
86170  -55.899  18.097  29.600 0.3000000119
87012  -53.615  17.958  30.501 0.3000000119
87021  -52.939  18.231  29.999 0.3000000119
89343  -47.584  22.025  33.086 0.6000000238
87810  -48.550  19.724  30.796 0.6000000238
87812  -50.410  18.664  30.602 0.5000000000
87022  -54.483  18.223  29.592 0.3000000119
90002  -49.020  22.984  35.118 0.8000000119
90011  -48.179  22.683  33.583 0.8000000119
87813  -50.943  18.743  29.947 0.5000000000
91959  -48.612  25.820  37.465 0.6000000238
91322  -49.461  24.749  36.248 0.8000000119
90006  -48.910  23.131  34.187 0.6999999881
131414  -50.162  19.019  29.998 0.5000000000
91321  -48.717  25.071  36.944 0.8000000119
91328  -49.903  24.075  35.618 0.8000000119
89355  -47.907  22.193  31.353 0.6999999881
91965  -50.142  25.516  36.158 0.8000000119
91323  -50.156  24.765  35.735 0.8000000119
123950  -49.662  23.584  33.834 0.8000000119
92658  -50.510  26.778  37.543 0.6999999881
92646  -50.841  26.719  38.475 0.6999999881
92634  -52.232  26.089  39.562 0.6999999881
123929  -51.693  26.627  38.830 0.6999999881
92647  -52.606  26.694  38.833 0.6999999881
93299  -53.302  27.026  38.496 0.6999999881
93311  -54.190  27.492  37.842 0.6999999881
93322  -54.591  27.848  37.357 0.6999999881
94023  -55.657  27.658  37.786 0.6999999881
94024  -56.936  27.563  38.020 0.6999999881
93300  -54.368  26.866  38.795 0.6999999881
93312  -55.302  27.136  38.605 0.6000000238
93313  -56.632  26.908  39.218 0.6999999881
131505  -58.067  27.420  38.839 0.6999999881
94025  -58.871  27.834  38.802 0.5000000000
94687  -59.878  29.095  38.342 0.5000000000
95302  -60.575  29.850  37.157 0.4000000060
95927  -60.451  31.717  36.077 0.4000000060
95321  -60.829  30.126  35.467 0.4000000060
96496  -60.335  32.157  34.540 0.4000000060
96505  -59.965  32.817  33.764 0.3000000119
97555  -59.529  34.092  31.953 0.3000000119
98109  -55.045  35.633  29.131 0.2000000030
97572  -57.758  34.710  29.843 0.4000000060
97043  -53.403  33.183  28.676 0.3000000119
97062  -53.979  33.458  27.675 0.3000000119
97080  -53.464  33.794  26.601 0.3000000119
135339  -54.490  33.892  27.191 0.3000000119
97596  -55.284  34.617  27.634 0.3000000119
97597  -55.817  34.853  28.187 0.4000000060
98111  -56.771  35.052  29.649 0.2000000030
97044  -54.568  33.305  29.227 0.4000000060
97063  -55.064  33.749  28.068 0.4000000060
97082  -55.287  34.193  27.715 0.4000000060
138237  -55.812  34.493  28.177 0.4000000060
135513  -56.602  34.434  28.702 0.3000000119
97584  -57.290  34.448  29.129 0.4000000060
96549  -55.672  33.326  30.095 0.5000000000
138850  -56.978  34.219  28.924 0.4000000060
97065  -57.675  34.042  28.939 0.4000000060
92656  -49.104  26.391  37.636 0.6999999881
91943  -50.088  25.794  40.113 0.6999999881
92645  -49.786  26.720  38.204 0.6999999881
91960  -49.394  25.827  36.890 0.8000000119
92632  -50.359  26.442  39.181 0.6999999881
92657  -49.761  26.501  37.351 0.6999999881
91944  -50.932  25.864  39.851 0.6000000238
91929  -52.296  24.855  41.013 0.4000000060
91945  -51.787  25.575  40.103 0.5000000000
91946  -52.831  25.408  40.466 0.5000000000
124473  -53.288  25.996  39.924 0.6000000238
92635  -54.410  25.901  40.449 0.6000000238
92649  -54.993  26.291  40.106 0.5000000000
93302  -56.807  26.729  40.410 0.5000000000
93304  -58.032  27.311  40.086 0.4000000060
94026  -59.276  28.157  39.103 0.3000000119
95300  -59.708  29.693  37.906 0.4000000060
133821  -59.926  31.850  36.425 0.4000000060
96995  -59.252  33.081  35.445 0.3000000119
94677  -59.122  28.457  39.252 0.3000000119
94685  -58.802  29.015  38.928 0.3000000119
96495  -59.768  32.870  34.958 0.3000000119
97547  -59.138  33.873  33.308 0.3000000119
91930  -53.342  25.097  41.602 0.4000000060
91931  -54.148  25.509  41.577 0.4000000060
92636  -55.398  25.940  41.150 0.4000000060
93290  -56.294  26.592  40.973 0.3000000119
127128  -57.170  27.667  40.303 0.3000000119
95299  -58.996  29.720  38.074 0.4000000060
96989  -58.757  33.388  35.633 0.3000000119
97534  -58.384  34.507  35.108 0.3000000119
92615  -54.136  25.967  42.174 0.4000000060
93282  -54.082  27.315  41.296 0.1000000015
91920  -54.625  25.814  41.852 0.4000000060
93271  -55.005  26.588  41.583 0.3000000119
94006  -55.227  27.828  40.494 0.1000000015
94013  -55.258  28.413  39.784 0.2000000030
92637  -55.741  26.232  41.421 0.3000000119
93995  -56.008  27.044  41.139 0.3000000119
94014  -56.133  28.307  39.890 0.3000000119
94684  -57.637  29.046  38.912 0.3000000119
131111  -58.017  30.463  37.206 0.3000000119
96480  -58.594  33.023  36.078 0.3000000119
93993  -53.843  27.913  40.611 0.1000000015
94005  -54.143  28.251  40.183 0.2000000030
94662  -53.541  28.823  39.316 0.1000000015
94683  -54.437  29.620  38.042 0.2000000030
95296  -54.662  30.306  37.340 0.2000000030
94672  -54.209  29.093  38.865 0.2000000030
94673  -55.289  29.003  38.919 0.2000000030
95297  -55.669  30.275  37.243 0.2000000030
127127  -56.474  29.617  38.067 0.3000000119
95298  -56.827  30.264  37.294 0.3000000119
95915  -57.154  31.899  36.384 0.3000000119
94065  -59.412  28.679  35.089 0.6000000238
94073  -58.923  28.383  34.080 0.6999999881
93364  -59.309  26.909  32.615 0.6000000238
122800  -54.564  25.574  29.946 0.8000000119
91374  -52.932  25.132  29.791 0.8000000119
90744  -50.884  23.781  21.024 0.6999999881
128151  -60.841  30.753  35.098 0.4000000060
92007  -57.368  25.674  30.664 0.6000000238
91372  -51.735  24.776  29.637 0.8000000119
89390  -51.141  21.829  24.945 0.6999999881
90064  -51.856  22.633  23.672 0.6999999881
91413  -49.342  24.694  22.614 0.6000000238
91403  -48.218  24.154  24.142 0.6000000238
142236  -51.667  32.081  31.998 0.6000000238
96517  -50.235  32.198  32.200 0.6000000238
96516  -49.442  32.355  32.216 0.6999999881
97017  -60.437  32.834  31.247 0.4000000060
95928  -60.654  31.526  35.277 0.4000000060
96532  -54.616  32.156  31.927 0.5000000000
131198  -48.677  16.837  25.153 0.3000000119
85306  -47.908  16.592  25.657 0.3000000119
146526  -50.842  16.403  26.660 0.3000000119
83614  -52.888  15.078  31.721 0.2000000030
86158  -46.485  17.594  31.407 0.1000000015
86168  -47.325  17.275  30.216 0.1000000015
130193  -47.451  16.987  27.802 0.3000000119
86217  -49.472  18.084  24.872 0.4000000060
86218  -50.287  17.732  25.326 0.4000000060
130782  -47.288  17.722  27.779 0.3000000119
87037  -46.985  18.291  28.201 0.3000000119
141325  -47.244  18.221  26.386 0.3000000119
87050  -46.707  19.051  26.827 0.3000000119
87859  -47.061  19.647  25.046 0.3000000119
87858  -46.510  20.182  25.563 0.3000000119
87867  -50.648  19.329  24.324 0.5000000000
86199  -53.401  17.934  26.373 0.4000000060
84388  -58.967  16.135  33.194 0.3000000119
88652  -50.620  20.378  27.051 0.6999999881
88658  -51.363  20.659  26.159 0.6999999881
85293  -55.227  17.815  27.331 0.2000000030
89384  -51.825  21.103  25.299 0.6999999881
87842  -54.257  19.139  26.384 0.4000000060
87860  -53.897  19.352  25.813 0.4000000060
87059  -53.429  19.107  25.473 0.4000000060
88681  -48.634  20.349  23.825 0.5000000000
87869  -52.950  20.355  24.517 0.4000000060
144498  -47.161  20.882  24.358 0.4000000060
88688  -47.805  21.639  23.635 0.5000000000
128916  -50.195  20.382  23.399 0.6000000238
88701  -50.089  20.916  22.816 0.6000000238
88690  -49.383  20.690  23.365 0.5000000000
131692  -51.555  18.999  24.685 0.5000000000
87873  -51.951  20.290  23.617 0.6000000238
87872  -50.888  19.961  23.737 0.6000000238
146206  -52.096  18.854  24.964 0.4000000060
129633  -52.481  18.682  25.316 0.4000000060
89396  -47.565  22.277  23.815 0.6000000238
140573  -49.357  21.330  22.858 0.6000000238
88702  -50.907  21.179  22.497 0.6000000238
90726  -47.945  23.321  23.727 0.6000000238
90070  -47.979  22.848  23.460 0.6000000238
90062  -47.439  22.945  24.180 0.6000000238
90071  -48.687  22.812  22.751 0.6000000238
90084  -51.778  22.863  21.214 0.6999999881
90735  -48.867  23.477  22.663 0.6000000238
91412  -48.764  23.960  22.947 0.6000000238
90721  -48.281  23.793  23.614 0.6000000238
91420  -50.015  24.671  21.818 0.6999999881
90065  -52.386  22.163  23.175 0.6999999881
129590  -52.378  20.065  24.025 0.5000000000
90729  -52.357  23.874  22.263 0.6999999881
121675  -52.391  22.815  22.347 0.6999999881
89403  -52.460  21.935  22.860 0.6999999881
87874  -52.726  20.782  23.763 0.6000000238
88691  -51.095  20.599  23.100 0.6000000238
91366  -53.065  25.040  30.614 0.8000000119
91356  -52.194  24.527  32.187 0.6999999881
139988  -52.806  24.739  32.043 0.6999999881
138779  -54.591  25.410  30.924 0.6999999881
92004  -54.076  25.152  31.807 0.6999999881
139620  -54.482  17.504  33.837 0.3000000119
91350  -53.343  24.892  32.360 0.6999999881
86150  -57.084  17.534  31.378 0.3000000119
86151  -57.834  17.428  31.340 0.3000000119
91342  -51.902  24.373  33.665 0.6999999881
91989  -54.260  25.593  33.067 0.6999999881
91988  -53.585  25.288  33.376 0.6999999881
97029  -58.229  33.595  29.402 0.5000000000
91330  -51.192  24.782  34.853 0.8000000119
91972  -51.454  25.556  35.170 0.6999999881
92673  -52.473  26.618  35.274 0.6999999881
92667  -52.160  27.025  36.074 0.8000000119
91966  -50.963  26.101  35.954 0.8000000119
92680  -52.869  26.090  34.569 0.6999999881
92674  -53.139  26.950  34.981 0.6999999881
91980  -53.286  25.578  33.995 0.6999999881
92682  -54.248  26.709  34.020 0.6000000238
92688  -53.910  25.914  33.677 0.6999999881
93330  -53.580  27.696  35.594 0.6999999881
93339  -54.634  27.546  34.473 0.6999999881
92690  -55.489  26.577  33.175 0.6999999881
93348  -55.031  27.053  33.766 0.6000000238
94061  -55.144  28.272  35.094 0.6000000238
93331  -54.330  28.000  35.322 0.6999999881
94062  -56.050  28.436  34.924 0.6000000238
128079  -56.624  28.570  35.618 0.6000000238
94072  -57.672  28.248  34.143 0.6000000238
94040  -59.536  28.478  38.112 0.5000000000
92691  -56.520  26.831  32.979 0.6999999881
93350  -57.107  27.544  33.503 0.6000000238
92710  -57.790  25.929  31.523 0.6000000238
92701  -57.115  26.342  32.289 0.6000000238
129931  -58.406  26.352  32.125 0.6000000238
96530  -52.899  32.727  30.891 0.5000000000
96531  -53.704  32.432  31.418 0.5000000000
90645  -49.283  23.743  36.056 0.8000000119
90656  -49.685  23.414  34.719 0.8000000119
142914  -49.501  19.132  30.534 0.5000000000
89349  -47.623  21.595  32.153 0.6000000238
92664  -50.247  26.348  36.701 0.8000000119
93310  -53.383  27.435  37.736 0.6999999881
93321  -53.552  27.824  36.771 0.8000000119
94036  -54.983  28.186  36.849 0.6000000238
94049  -54.972  28.419  36.029 0.6000000238
94037  -55.785  28.237  36.829 0.6999999881
94041  -60.097  28.833  37.391 0.3000000119
94028  -60.315  29.216  37.611 0.5000000000
132126  -59.281  33.487  34.162 0.3000000119
136446  -51.452  32.648  31.252 0.6000000238
96546  -52.069  33.074  30.126 0.6000000238
96547  -52.899  33.061  29.722 0.4000000060
97045  -55.625  33.725  28.932 0.4000000060
87803  -48.217  19.703  31.632 0.5000000000
92633  -51.291  26.296  39.348 0.6999999881
92648  -53.813  26.442  39.375 0.6999999881
93301  -55.683  26.532  39.794 0.6000000238
93314  -57.658  27.107  39.641 0.5000000000
93316  -58.774  27.795  39.625 0.4000000060
94027  -59.771  28.700  38.404 0.4000000060
94018  -59.367  28.484  38.962 0.3000000119
95301  -60.158  29.781  37.567 0.5000000000
95918  -60.406  30.755  36.842 0.4000000060
95919  -60.847  30.876  35.969 0.4000000060
96487  -59.916  32.488  35.821 0.4000000060
98127  -56.362  34.912  28.804 0.3000000119
92644  -48.886  26.579  38.322 0.6000000238
91917  -52.570  24.645  42.143 0.5000000000
91928  -51.210  25.174  40.598 0.4000000060
91947  -53.873  25.457  40.881 0.5000000000
93289  -55.971  26.335  40.901 0.5000000000
93303  -57.609  27.027  40.284 0.4000000060
94016  -58.340  27.628  40.041 0.3000000119
93291  -57.293  27.057  40.423 0.3000000119
94015  -57.859  27.413  40.263 0.3000000119
95313  -59.967  30.439  37.345 0.4000000060
95917  -59.821  31.159  36.874 0.4000000060
96481  -59.345  32.682  36.036 0.3000000119
94675  -57.852  28.089  40.027 0.3000000119
127126  -57.933  29.698  38.055 0.4000000060
91919  -53.862  25.515  42.139 0.3000000119
92622  -55.342  25.987  41.643 0.4000000060
94007  -56.399  27.332  40.686 0.3000000119
141417  -57.155  29.687  38.044 0.3000000119
95312  -59.203  30.676  37.153 0.4000000060
95916  -59.074  31.929  36.473 0.3000000119
146436  -58.430  34.036  35.398 0.2000000030
92614  -53.290  26.323  42.264 0.2000000030
93270  -54.187  26.541  41.854 0.2000000030
92616  -54.871  26.047  41.862 0.3000000119
93994  -54.941  27.380  41.075 0.1000000015
94012  -54.430  28.530  39.680 0.1000000015
94674  -56.546  28.786  39.201 0.3000000119
135249  -58.049  31.424  36.606 0.3000000119
95311  -57.000  31.109  36.607 0.3000000119
96479  -57.913  32.449  36.293 0.3000000119
126715  -55.456  29.582  38.052 0.3000000119
85173  -57.307  16.315  39.800 0.2000000030
84339  -56.544  15.628  39.727 0.2000000030
84320  -57.035  15.896  40.674 0.2000000030
83544  -55.866  14.891  40.298 0.2000000030
83554  -55.988  14.904  39.082 0.2000000030
83543  -55.454  14.234  39.647 0.2000000030
85188  -57.842  16.515  38.215 0.2000000030
84340  -57.193  16.085  38.835 0.2000000030
84351  -56.627  15.453  38.450 0.2000000030
83553  -55.611  14.202  38.498 0.2000000030
86065  -59.232  17.605  38.080 0.2000000030
135639  -57.660  16.665  39.068 0.2000000030
83563  -56.164  14.777  37.953 0.2000000030
82749  -55.213  13.629  37.969 0.2000000030
82761  -55.306  13.756  37.102 0.2000000030
82775  -54.717  13.643  36.702 0.2000000030
134195  -53.833  13.338  36.639 0.1000000015
125491  -54.380  13.879  35.998 0.2000000030
82774  -52.906  13.085  36.387 0.2000000030
136215  -53.500  13.646  35.818 0.2000000030
82773  -52.261  12.709  36.147 0.2000000030
82782  -52.540  13.320  35.595 0.2000000030
86080  -60.601  18.197  36.386 0.2000000030
86941  -61.007  18.976  36.746 0.2000000030
86079  -59.650  17.540  37.024 0.2000000030
86066  -60.271  18.211  37.413 0.2000000030
85201  -58.643  17.008  37.649 0.2000000030
84352  -57.325  15.906  37.827 0.2000000030
84361  -56.797  15.290  37.408 0.2000000030
83562  -55.762  14.156  37.482 0.2000000030
83570  -55.840  14.222  36.649 0.2000000030
138939  -55.344  14.018  36.504 0.2000000030
82776  -55.033  14.086  36.133 0.2000000030
81985  -51.217  12.708  34.485 0.1000000015
81976  -51.350  12.270  35.329 0.1000000015
81171  -50.724  11.562  34.680 0.1000000015
82789  -51.835  13.691  34.168 0.1000000015
140172  -52.443  13.672  34.818 0.2000000030
81181  -50.017  11.571  32.454 0.1000000015
144639  -50.161  11.177  33.050 0.1000000015
80320  -49.649  10.455  30.817 0.1000000015
86942  -61.142  19.566  36.416 0.2000000030
85215  -60.058  17.480  35.998 0.2000000030
85214  -59.019  16.907  36.625 0.2000000030
85200  -58.075  16.404  37.238 0.2000000030
84369  -56.965  15.210  36.478 0.2000000030
83579  -56.398  14.765  36.126 0.2000000030
83578  -55.675  14.510  35.878 0.2000000030
83577  -54.938  14.447  35.471 0.2000000030
82783  -54.087  14.249  35.240 0.2000000030
129844  -53.799  14.596  34.375 0.2000000030
82790  -53.185  13.994  35.042 0.2000000030
132338  -50.333  11.962  33.155 0.1000000015
81991  -51.111  13.115  33.646 0.1000000015
139873  -52.806  14.294  34.228 0.2000000030
81193  -49.500  10.936  30.128 0.1000000015
80313  -49.746  11.003  31.706 0.1000000015
127812  -50.674  12.655  33.202 0.1000000015
80326  -49.516  10.110  29.806 0.1000000015
81186  -49.647  11.469  30.856 0.1000000015
86955  -60.983  19.316  35.931 0.2000000030
86094  -60.801  18.797  35.553 0.2000000030
86093  -60.663  18.247  35.565 0.2000000030
126857  -59.363  16.855  35.607 0.2000000030
85226  -60.171  17.521  35.087 0.2000000030
85225  -58.597  16.293  35.252 0.2000000030
84362  -57.530  15.764  36.856 0.2000000030
84376  -57.096  15.297  35.599 0.2000000030
84370  -57.760  15.680  35.915 0.2000000030
83586  -56.440  15.152  35.266 0.2000000030
83584  -54.749  14.779  34.580 0.2000000030
81996  -50.970  13.263  32.811 0.1000000015
82796  -51.588  13.846  33.182 0.1000000015
81199  -49.389  10.843  29.083 0.1000000015
145153  -48.992  9.841  27.916 0.1000000015
130687  -49.190  10.161  28.181 0.1000000015
80334  -48.349  10.064  27.651 0.1000000015
80339  -48.409  10.713  27.279 0.1000000015
80338  -47.958  10.545  27.446 0.1000000015
86078  -54.820  18.148  37.200 0.2000000030
86092  -55.322  17.951  36.254 0.2000000030
145799  -54.019  17.767  37.128 0.2000000030
87750  -58.590  20.329  37.864 0.2000000030
128047  -47.049  16.875  38.070 0.2000000030
86091  -54.331  17.709  36.350 0.2000000030
86075  -47.178  17.247  37.366 0.2000000030
85207  -47.799  16.880  36.893 0.2000000030
85208  -48.598  16.647  36.553 0.2000000030
135445  -50.001  16.533  36.340 0.2000000030
85223  -50.304  16.799  35.683 0.2000000030
86105  -51.844  17.165  35.631 0.2000000030
86106  -53.415  17.501  35.200 0.2000000030
138447  -53.580  17.518  35.999 0.2000000030
86107  -54.162  17.574  35.569 0.2000000030
87766  -60.838  19.895  36.209 0.2000000030
141042  -47.308  17.538  36.647 0.2000000030
86086  -47.938  17.184  36.245 0.2000000030
86087  -48.552  17.031  35.901 0.2000000030
140507  -52.504  17.400  35.271 0.2000000030
87765  -60.032  19.747  35.723 0.2000000030
86949  -46.951  18.214  36.298 0.2000000030
145505  -47.458  17.701  36.022 0.2000000030
86101  -48.022  17.484  35.600 0.2000000030
86964  -48.146  17.770  34.865 0.2000000030
138405  -50.327  17.061  35.068 0.2000000030
86104  -51.007  17.074  35.117 0.2000000030
121906  -51.876  17.399  34.825 0.2000000030
86121  -52.749  17.466  34.530 0.2000000030
86978  -48.300  18.110  34.075 0.2000000030
143908  -49.649  17.595  33.963 0.2000000030
86119  -50.271  17.360  34.391 0.2000000030
134082  -51.233  17.384  34.388 0.2000000030
86120  -51.993  17.513  33.940 0.2000000030
86979  -49.126  17.853  33.650 0.2000000030
123798  -51.019  17.527  33.669 0.2000000030
121935  -52.985  17.495  33.740 0.2000000030
86132  -50.032  17.684  33.378 0.2000000030
83583  -53.511  14.900  33.318 0.2000000030
82797  -52.386  14.401  33.382 0.1000000015
124261  -50.318  12.802  31.589 0.1000000015
82802  -50.807  13.330  31.970 0.1000000015
82803  -51.434  13.896  32.312 0.1000000015
83603  -52.819  14.835  32.591 0.1000000015
80335  -48.836  10.271  27.553 0.1000000015
81208  -48.036  11.268  27.127 0.1000000015
82817  -47.135  13.105  29.050 0.1000000015
143116  -58.262  19.777  36.996 0.2000000030
88594  -59.897  20.234  36.516 0.2000000030
134864  -56.229  18.214  35.911 0.2000000030
87759  -58.837  20.140  37.087 0.2000000030
86074  -46.732  17.676  37.981 0.2000000030
86936  -46.762  18.142  37.203 0.2000000030
87775  -60.658  19.298  35.504 0.2000000030
86911  -45.771  19.048  40.042 0.3000000119
87736  -46.034  19.597  39.575 0.3000000119
86923  -46.483  18.051  38.780 0.2000000030
86935  -46.577  18.541  38.059 0.2000000030
86108  -54.936  17.662  35.549 0.2000000030
86969  -60.776  18.860  35.400 0.2000000030
130386  -46.492  18.910  38.718 0.2000000030
86948  -46.639  18.916  36.741 0.2000000030
86963  -47.340  18.212  35.471 0.2000000030
86109  -55.553  17.648  34.773 0.2000000030
86968  -60.370  18.684  34.748 0.2000000030
86962  -46.745  18.914  35.900 0.2000000030
126469  -46.940  18.944  35.171 0.3000000119
86977  -47.495  18.550  34.621 0.2000000030
86126  -60.063  17.928  34.095 0.2000000030
86989  -49.221  18.199  32.928 0.2000000030
86133  -51.673  17.600  33.217 0.2000000030
86135  -53.780  17.515  33.472 0.2000000030
86111  -60.511  18.263  34.936 0.2000000030
86145  -50.951  17.740  32.737 0.2000000030
86134  -52.484  17.574  33.166 0.2000000030
86148  -53.853  17.543  32.753 0.2000000030
86990  -49.979  18.010  32.476 0.2000000030
86146  -51.978  17.699  32.542 0.2000000030
86147  -53.031  17.606  32.408 0.2000000030
138793  -53.935  17.569  32.051 0.2000000030
86999  -50.589  18.028  32.041 0.2000000030
87000  -51.383  17.899  31.937 0.2000000030
86160  -52.362  17.785  31.745 0.2000000030
86161  -53.534  17.724  31.389 0.2000000030
87010  -51.721  18.025  31.191 0.2000000030
87011  -52.666  17.934  30.913 0.2000000030
136427  -52.071  18.220  30.569 0.2000000030
82004  -49.626  11.759  29.879 0.1000000015
81999  -50.022  12.547  30.691 0.1000000015
82808  -50.614  13.385  31.081 0.1000000015
132696  -51.620  14.465  31.017 0.1000000015
83594  -52.066  14.420  32.594 0.1000000015
81204  -49.191  11.090  27.919 0.1000000015
82009  -49.515  11.894  28.839 0.1000000015
82005  -49.996  12.652  29.532 0.1000000015
82813  -50.527  13.380  30.119 0.1000000015
82814  -51.083  14.016  30.605 0.1000000015
80340  -48.817  10.966  27.283 0.1000000015
144374  -47.562  15.045  30.254 0.1000000015
132939  -47.811  12.018  27.222 0.1000000015
82013  -47.345  12.292  28.042 0.1000000015
133320  -56.017  19.002  39.091 0.2000000030
86925  -55.589  18.715  38.706 0.2000000030
86939  -56.511  18.891  37.415 0.2000000030
86950  -55.874  18.416  36.871 0.2000000030
86951  -56.876  18.760  36.412 0.2000000030
87764  -58.819  19.694  36.364 0.2000000030
86953  -59.139  19.324  35.373 0.2000000030
87774  -60.073  19.300  35.060 0.2000000030
146539  -44.654  20.726  40.046 0.3000000119
88558  -45.067  20.908  39.676 0.3000000119
144848  -55.694  17.828  35.508 0.2000000030
86965  -57.198  18.559  35.354 0.2000000030
86110  -56.442  17.962  34.917 0.2000000030
87729  -45.156  19.378  40.420 0.3000000119
142013  -45.540  19.693  39.989 0.3000000119
87748  -46.444  19.569  38.993 0.3000000119
86124  -57.575  18.234  34.141 0.2000000030
86967  -59.450  18.850  34.593 0.2000000030
88572  -46.626  20.282  38.612 0.4000000060
87763  -46.719  19.641  37.294 0.4000000060
87772  -46.714  19.699  36.435 0.3000000119
87773  -46.707  19.691  35.541 0.3000000119
122820  -46.780  20.387  35.174 0.5000000000
122161  -56.498  17.666  33.784 0.2000000030
86981  -59.667  18.252  33.943 0.2000000030
87781  -46.970  19.538  34.571 0.5000000000
87782  -47.645  18.940  33.853 0.2000000030
86988  -48.430  18.502  33.347 0.2000000030
87788  -47.241  19.847  33.676 0.5000000000
126682  -47.817  19.261  33.094 0.3000000119
87794  -48.005  19.542  32.388 0.3000000119
86997  -48.518  18.813  32.646 0.3000000119
87804  -49.097  18.950  31.429 0.3000000119
86998  -49.216  18.549  32.211 0.2000000030
87805  -49.920  18.647  31.140 0.3000000119
87009  -50.732  18.270  31.338 0.2000000030
87019  -51.273  18.390  30.620 0.2000000030
129965  -49.384  12.066  28.056 0.1000000015
81209  -48.512  11.464  27.115 0.1000000015
81210  -49.006  11.829  27.413 0.1000000015
82010  -49.876  12.723  28.565 0.1000000015
82818  -50.470  13.421  29.129 0.1000000015
82024  -47.948  12.690  26.910 0.1000000015
82020  -48.184  12.065  27.023 0.1000000015
82014  -49.512  12.741  27.742 0.1000000015
144192  -47.544  13.537  27.527 0.1000000015
82835  -48.184  13.373  26.733 0.1000000015
82025  -48.368  12.825  26.895 0.1000000015
83642  -47.909  14.096  26.654 0.1000000015
82836  -48.586  13.423  26.703 0.1000000015
87730  -56.610  19.295  40.077 0.2000000030
87738  -57.286  19.696  39.364 0.2000000030
142862  -56.488  19.274  39.433 0.2000000030
87737  -56.743  19.385  38.765 0.2000000030
86926  -56.228  18.964  38.322 0.2000000030
132265  -57.637  19.793  38.384 0.2000000030
86940  -57.586  19.413  36.933 0.2000000030
87749  -57.076  19.393  37.908 0.2000000030
86952  -57.933  19.176  35.862 0.2000000030
89295  -46.387  21.050  38.920 0.4000000060
89306  -46.869  21.544  38.342 0.4000000060
86966  -58.316  18.802  34.878 0.2000000030
125966  -46.901  20.891  38.384 0.4000000060
88585  -47.308  20.907  37.453 0.5000000000
86980  -58.764  18.424  33.947 0.2000000030
88584  -46.959  20.403  37.872 0.4000000060
88592  -47.039  20.363  37.049 0.4000000060
88599  -46.963  20.586  36.135 0.5000000000
86125  -58.356  18.019  33.325 0.2000000030
86991  -59.085  17.880  33.262 0.2000000030
88610  -47.168  20.768  33.556 0.5000000000
87793  -47.492  20.147  32.917 0.4000000060
88615  -47.406  21.098  32.870 0.5000000000
88616  -47.697  20.485  32.161 0.5000000000
84413  -58.451  16.355  31.767 0.2000000030
86162  -55.983  17.816  30.441 0.2000000030
82823  -50.268  13.452  28.262 0.1000000015
145034  -49.105  12.470  27.300 0.1000000015
82831  -49.897  13.547  27.571 0.1000000015
83635  -49.437  13.652  26.970 0.1000000015
83643  -48.515  14.096  26.439 0.1000000015
82026  -48.835  13.175  26.882 0.1000000015
146032  -48.786  24.161  36.595 0.6999999881
90638  -48.412  23.518  36.970 0.6999999881
90644  -48.807  23.377  36.473 0.6999999881
89989  -48.013  22.263  37.296 0.6000000238
90649  -48.965  22.980  36.016 0.6000000238
89307  -47.422  21.934  37.820 0.6000000238
89317  -47.692  21.496  37.304 0.6000000238
89994  -48.184  21.995  36.783 0.6000000238
89325  -47.952  21.941  35.913 0.6000000238
90005  -48.338  22.571  34.553 0.6000000238
86982  -59.526  17.666  33.495 0.2000000030
89324  -47.593  21.369  36.435 0.5000000000
89331  -47.228  21.248  35.325 0.6000000238
89338  -47.722  22.074  33.993 0.6000000238
89337  -47.287  21.417  34.276 0.6000000238
89342  -47.378  21.506  33.541 0.5000000000
124838  -58.144  17.392  31.957 0.2000000030
134559  -47.649  15.793  28.833 0.1000000015
85290  -47.589  15.965  27.732 0.2000000030
131388  -47.666  15.736  26.610 0.2000000030
84458  -49.073  14.461  26.215 0.1000000015
84450  -47.626  14.953  26.998 0.2000000030
84457  -48.597  14.963  25.997 0.2000000030
87036  -46.436  18.874  28.631 0.1000000015
137683  -47.519  16.513  27.062 0.2000000030
84456  -47.990  14.848  26.230 0.2000000030
124399  -44.267  20.390  29.838 0.1000000015
88636  -44.228  21.244  29.261 0.1000000015
87818  -44.975  19.820  29.429 0.1000000015
140303  -44.639  20.565  29.138 0.1000000015
87819  -45.722  19.384  29.017 0.2000000030
88637  -45.201  20.296  28.578 0.2000000030
87829  -45.963  19.644  28.184 0.1000000015
88642  -44.712  21.197  28.685 0.1000000015
88643  -45.088  21.216  28.042 0.1000000015
87828  -45.578  20.464  27.711 0.2000000030
88650  -45.849  20.619  26.914 0.2000000030
92686  -43.379  26.007  33.324 0.1000000015
91986  -43.197  25.445  32.711 0.1000000015
92696  -43.727  25.729  32.450 0.1000000015
91993  -43.548  25.273  31.922 0.1000000015
89364  -43.909  22.182  29.489 0.1000000015
89365  -44.578  22.034  28.935 0.1000000015
89370  -44.974  21.884  28.448 0.1000000015
88649  -45.468  21.332  27.339 0.1000000015
88656  -45.747  21.373  26.667 0.2000000030
93345  -43.660  26.730  33.928 0.1000000015
91994  -44.049  25.501  31.687 0.1000000015
90033  -44.629  22.863  29.213 0.1000000015
90038  -45.096  22.591  28.652 0.1000000015
89375  -45.716  22.076  27.011 0.2000000030
89381  -46.009  21.861  26.056 0.2000000030
89389  -46.476  22.057  25.147 0.4000000060
94060  -44.221  28.564  34.477 0.2000000030
93337  -43.884  27.666  34.410 0.2000000030
93346  -44.404  27.118  33.723 0.2000000030
92687  -44.076  26.315  33.125 0.2000000030
92697  -44.343  26.057  32.249 0.1000000015
92707  -44.653  25.756  31.490 0.2000000030
141972  -45.626  23.570  28.641 0.2000000030
90044  -45.822  22.824  27.509 0.3000000119
90702  -46.305  23.354  27.145 0.3000000119
90050  -46.107  22.659  26.634 0.2000000030
127177  -46.455  23.122  26.310 0.2000000030
90051  -46.397  22.645  25.754 0.3000000119
96515  -48.680  32.656  32.143 0.6000000238
131537  -48.105  32.154  32.628 0.6000000238
94705  -44.436  29.440  34.406 0.2000000030
124427  -44.576  27.903  34.114 0.2000000030
93359  -44.837  26.670  32.968 0.2000000030
93347  -45.187  27.685  33.549 0.2000000030
92698  -45.084  26.377  32.094 0.2000000030
90708  -46.763  23.600  26.380 0.4000000060
90720  -47.791  23.589  24.218 0.5000000000
90715  -46.769  23.245  25.614 0.5000000000
90055  -46.809  22.791  24.941 0.5000000000
96527  -49.901  32.901  31.475 0.5000000000
96526  -49.219  32.992  31.605 0.4000000060
97015  -47.821  33.044  32.037 0.6000000238
97024  -47.789  33.476  31.292 0.5000000000
136656  -47.270  33.430  31.548 0.6000000238
95332  -45.220  30.526  33.880 0.4000000060
122922  -45.553  28.768  33.650 0.3000000119
90056  -47.253  23.393  24.869 0.5000000000
127913  -50.611  33.587  28.473 0.3000000119
96528  -50.670  32.776  31.335 0.5000000000
96545  -51.031  33.310  30.072 0.3000000119
142317  -50.254  33.307  30.429 0.3000000119
144068  -50.466  33.460  29.589 0.2000000030
97058  -49.971  33.731  27.026 0.2000000030
97027  -49.902  33.568  28.973 0.2000000030
97057  -49.297  33.655  27.457 0.2000000030
97026  -49.401  33.416  30.525 0.4000000060
97040  -49.175  33.627  29.096 0.2000000030
97025  -48.532  33.344  31.277 0.4000000060
126090  -48.019  33.592  30.650 0.4000000060
97039  -48.606  33.599  29.990 0.2000000030
97056  -48.516  33.694  28.104 0.2000000030
128228  -47.851  33.651  29.591 0.4000000060
132763  -59.491  16.836  34.618 0.2000000030
85239  -59.246  16.715  32.825 0.2000000030
84378  -58.798  16.217  34.213 0.2000000030
130597  -54.760  17.655  31.385 0.2000000030
85233  -59.906  17.498  34.263 0.2000000030
86169  -54.675  17.887  30.507 0.2000000030
85240  -59.584  17.283  33.460 0.2000000030
86138  -57.714  17.741  32.976 0.2000000030
85249  -58.575  16.838  31.670 0.2000000030
85250  -58.919  16.859  32.193 0.2000000030
86140  -59.155  17.262  32.731 0.2000000030
86171  -57.205  18.064  29.445 0.2000000030
86163  -57.111  17.705  30.333 0.2000000030
133928  -47.561  14.853  28.960 0.1000000015
139265  -47.513  14.626  29.757 0.1000000015
132161  -47.342  13.832  29.878 0.1000000015
84445  -47.613  14.997  28.011 0.1000000015
82822  -47.367  13.295  28.162 0.1000000015
85300  -48.045  15.730  25.794 0.2000000030
96503  -45.177  32.294  33.213 0.3000000119
142687  -45.621  31.113  33.654 0.4000000060
84465  -48.677  15.637  25.639 0.2000000030
85279  -47.559  16.737  28.665 0.2000000030
87839  -46.185  19.797  27.319 0.2000000030
88657  -45.995  20.842  26.103 0.2000000030
84400  -58.805  16.359  32.302 0.2000000030
128270  -54.505  17.538  34.750 0.2000000030
121826  -55.940  17.591  31.384 0.2000000030
90001  -48.435  22.493  35.505 0.6000000238
85232  -59.428  16.745  33.671 0.2000000030
82739  -55.138  13.545  39.005 0.2000000030
83571  -56.336  14.666  36.983 0.2000000030
86052  -59.825  18.218  38.501 0.2000000030
81986  -51.836  13.113  35.050 0.2000000030
86954  -60.951  18.922  35.995 0.2000000030
81984  -50.662  12.270  33.859 0.1000000015
81187  -49.895  12.034  31.657 0.1000000015
85213  -58.390  16.273  36.260 0.2000000030
81995  -50.399  12.548  32.429 0.1000000015
86090  -53.398  17.513  36.718 0.2000000030
85222  -49.343  16.759  35.914 0.2000000030
85224  -51.136  16.823  35.988 0.2000000030
86102  -48.813  17.219  35.276 0.2000000030
86103  -49.698  17.080  35.109 0.2000000030
86118  -49.135  17.506  34.441 0.2000000030
142681  -53.218  17.535  33.117 0.2000000030
82809  -51.243  13.944  31.475 0.1000000015
83613  -51.966  14.555  31.756 0.1000000015
88559  -45.622  20.240  39.678 0.3000000119
130046  -46.255  18.788  39.418 0.2000000030
131960  -46.592  18.949  37.483 0.2000000030
87758  -46.627  19.487  38.167 0.2000000030
86149  -54.767  17.538  32.234 0.2000000030
87008  -49.915  18.387  31.770 0.2000000030
83625  -47.395  13.970  29.010 0.1000000015
82019  -47.619  12.824  27.368 0.1000000015
128191  -45.802  20.793  39.376 0.3000000119
88560  -46.223  20.258  39.236 0.3000000119
88605  -46.922  20.573  34.380 0.5000000000
87795  -48.591  19.068  32.048 0.3000000119
82021  -48.694  12.381  27.082 0.1000000015
82830  -49.220  12.993  27.213 0.1000000015
83634  -47.600  14.173  27.294 0.2000000030
89316  -47.274  21.190  37.917 0.4000000060
88593  -47.407  20.926  36.925 0.5000000000
86139  -58.590  17.526  32.620 0.2000000030
86153  -58.663  17.122  31.940 0.2000000030
126168  -48.108  22.966  37.241 0.6000000238
89990  -48.489  22.735  36.769 0.6999999881
89995  -48.430  22.459  36.280 0.6000000238
89332  -47.834  21.964  34.927 0.5000000000
88635  -43.643  21.191  29.778 0.1000000015
87027  -45.513  19.046  29.824 0.2000000030
91985  -42.664  25.222  33.016 0.1000000015
89371  -45.375  22.180  27.901 0.1000000015
94070  -44.891  28.649  34.072 0.2000000030
94709  -45.099  29.564  33.994 0.3000000119
95328  -44.631  30.179  34.236 0.3000000119
134295  -47.486  14.142  28.158 0.1000000015
86034  -45.646  17.764  40.534 0.2000000030
86893  -44.701  18.406  41.222 0.2000000030
86027  -45.216  17.760  41.076 0.2000000030
85989  -42.474  17.162  45.594 0.2000000030
85997  -42.207  17.432  44.599 0.2000000030
85102  -43.461  16.700  44.489 0.2000000030
86005  -43.212  17.341  43.219 0.2000000030
86013  -44.088  17.403  42.249 0.2000000030
86026  -44.624  17.655  41.619 0.2000000030
85955  -39.173  17.706  47.964 0.2000000030
86844  -39.070  17.782  47.139 0.2000000030
85974  -39.769  17.685  46.766 0.2000000030
85957  -40.516  17.533  47.204 0.2000000030
86851  -39.126  18.032  46.381 0.2000000030
85975  -40.448  17.608  46.343 0.2000000030
85987  -41.057  17.557  45.804 0.2000000030
86852  -39.740  17.880  46.017 0.2000000030
127666  -39.701  18.324  45.403 0.2000000030
86860  -40.904  17.910  45.011 0.2000000030
86868  -41.481  17.925  44.427 0.2000000030
85998  -42.849  17.272  43.934 0.2000000030
86004  -42.712  17.920  43.203 0.2000000030
86873  -41.407  18.572  43.778 0.2000000030
87701  -42.095  18.724  43.146 0.2000000030
86878  -42.817  18.586  42.663 0.2000000030
86012  -43.389  17.890  42.595 0.2000000030
86892  -43.964  18.316  41.837 0.2000000030
143567  -42.419  19.149  42.582 0.2000000030
86891  -42.918  19.174  42.219 0.2000000030
125562  -43.495  19.122  41.773 0.2000000030
87719  -44.175  19.077  41.308 0.2000000030
85908  -38.149  17.021  49.962 0.1000000015
85918  -37.551  17.480  49.425 0.1000000015
85934  -37.682  17.809  48.619 0.1000000015
139118  -37.754  18.274  47.831 0.1000000015
86843  -38.457  18.016  47.540 0.1000000015
86850  -38.340  18.399  46.725 0.2000000030
86857  -38.764  18.575  45.955 0.2000000030
86858  -39.143  18.751  45.416 0.2000000030
86866  -39.564  18.896  44.852 0.2000000030
129565  -40.220  18.387  44.880 0.2000000030
141817  -40.798  18.472  44.341 0.2000000030
86872  -40.701  19.135  43.773 0.2000000030
87700  -41.294  19.324  43.242 0.2000000030
87706  -41.840  19.538  42.687 0.2000000030
87707  -42.384  19.717  42.223 0.3000000119
87717  -42.967  19.764  41.779 0.3000000119
88544  -42.989  20.413  41.311 0.4000000060
87728  -44.350  19.759  40.716 0.2000000030
89287  -44.351  21.226  40.004 0.3000000119
89294  -45.548  21.499  39.220 0.3000000119
89305  -46.075  21.992  38.669 0.3000000119
89988  -47.324  22.904  37.567 0.5000000000
84943  -44.339  16.813  59.441 0.1000000015
83415  -35.429  15.086  53.586 0.1000000015
84178  -35.275  15.665  54.237 0.1000000015
85009  -35.726  16.504  51.824 0.1000000015
85899  -36.164  16.935  51.142 0.1000000015
85917  -36.773  17.736  49.762 0.1000000015
86824  -36.918  17.972  48.940 0.1000000015
86833  -37.117  18.305  48.293 0.1000000015
87663  -36.945  18.933  47.701 0.1000000015
141688  -37.623  18.720  47.128 0.2000000030
87679  -37.796  19.088  46.565 0.2000000030
142229  -38.688  19.127  45.575 0.2000000030
87685  -38.983  19.393  45.056 0.2000000030
86867  -40.115  19.014  44.298 0.2000000030
87693  -40.084  19.599  43.815 0.3000000119
88534  -41.137  20.104  42.796 0.3000000119
88542  -41.669  21.069  41.832 0.3000000119
89280  -42.370  21.213  41.316 0.3000000119
87699  -40.561  19.874  43.349 0.3000000119
88535  -41.737  20.289  42.275 0.3000000119
88543  -42.349  20.396  41.782 0.3000000119
89281  -43.033  20.980  40.872 0.4000000060
89292  -43.880  22.015  39.949 0.3000000119
89286  -43.590  21.289  40.439 0.4000000060
89293  -44.683  21.805  39.522 0.4000000060
130239  -46.491  23.269  37.918 0.5000000000
89984  -46.693  22.426  38.127 0.5000000000
85846  -45.012  17.200  59.740 0.1000000015
124956  -45.574  17.720  60.836 0.1000000015
85827  -46.350  18.161  61.426 0.1000000015
122803  -46.541  18.432  62.511 0.1000000015
84958  -43.793  16.062  58.049 0.1000000015
84954  -44.790  16.822  58.789 0.1000000015
85837  -45.813  17.555  59.897 0.1000000015
84971  -40.582  16.443  56.798 0.1000000015
124674  -42.173  15.919  57.463 0.1000000015
85863  -39.953  17.417  56.583 0.1000000015
86768  -37.926  18.076  56.302 0.1000000015
85862  -39.123  17.456  56.531 0.1000000015
85867  -35.604  17.078  55.384 0.1000000015
132922  -36.024  17.804  55.730 0.1000000015
85869  -36.939  17.760  56.193 0.1000000015
84996  -35.005  16.250  53.115 0.1000000015
136300  -35.171  17.107  54.536 0.1000000015
139445  -35.434  17.887  55.071 0.1000000015
85888  -34.746  17.928  53.184 0.1000000015
126904  -34.973  17.986  52.202 0.1000000015
142798  -35.289  18.093  51.452 0.1000000015
86814  -36.094  18.144  50.213 0.1000000015
86822  -35.709  18.885  49.898 0.1000000015
138719  -35.962  19.106  49.135 0.1000000015
145942  -36.144  19.302  48.673 0.1000000015
87662  -36.312  19.632  48.178 0.1000000015
87671  -36.702  19.777  47.478 0.1000000015
88512  -37.770  19.813  46.203 0.2000000030
130013  -38.367  19.864  45.485 0.2000000030
87691  -38.797  20.086  44.798 0.2000000030
88528  -39.013  20.741  44.275 0.2000000030
88533  -40.424  20.764  43.026 0.3000000119
130956  -41.055  20.938  42.370 0.3000000119
89266  -39.525  21.239  43.687 0.2000000030
87698  -39.815  20.390  43.641 0.3000000119
89272  -40.556  21.675  42.638 0.3000000119
89273  -41.116  21.901  42.026 0.3000000119
89279  -41.685  21.866  41.571 0.3000000119
89285  -42.816  21.715  40.768 0.4000000060
124260  -43.252  22.097  40.373 0.4000000060
89959  -42.158  22.226  41.173 0.4000000060
89964  -42.722  22.551  40.677 0.4000000060
145408  -43.356  22.868  40.102 0.4000000060
89973  -44.261  22.809  39.491 0.5000000000
89982  -44.923  23.369  39.000 0.5000000000
89983  -45.773  23.073  38.445 0.5000000000
90622  -43.810  23.487  39.813 0.4000000060
90623  -44.357  23.762  39.463 0.5000000000
90629  -45.350  24.035  38.665 0.5000000000
90630  -46.074  24.001  38.151 0.5000000000
90636  -46.855  23.902  37.653 0.5000000000
90637  -47.725  23.718  37.344 0.5000000000
91310  -46.598  24.840  38.097 0.5000000000
91311  -47.422  24.621  37.572 0.5000000000
91316  -48.191  24.403  37.173 0.6000000238
85848  -46.605  17.801  59.377 0.1000000015
86735  -47.320  18.337  60.663 0.1000000015
86732  -48.150  18.708  61.878 0.1000000015
120830  -43.122  15.996  57.746 0.1000000015
84963  -43.965  16.356  57.805 0.1000000015
84959  -44.409  16.492  58.154 0.1000000015
86742  -47.345  18.234  59.763 0.1000000015
133145  -41.720  17.878  56.891 0.1000000015
84962  -42.611  16.353  57.370 0.1000000015
85854  -44.103  17.052  57.549 0.1000000015
85856  -45.496  17.583  57.879 0.1000000015
85850  -45.870  17.536  58.376 0.1000000015
143956  -40.127  18.328  56.505 0.1000000015
85864  -40.853  17.549  56.687 0.1000000015
85865  -42.532  17.226  57.202 0.1000000015
86769  -38.756  18.177  56.380 0.1000000015
87599  -39.313  18.912  56.289 0.1000000015
86774  -36.521  18.491  55.697 0.1000000015
86776  -38.298  18.851  56.123 0.1000000015
86787  -35.459  18.792  54.745 0.1000000015
86788  -36.125  18.955  55.293 0.1000000015
87606  -36.835  19.232  55.493 0.1000000015
86795  -34.831  18.820  53.811 0.1000000015
87618  -36.128  19.694  54.943 0.1000000015
142039  -34.749  19.489  52.485 0.1000000015
86801  -34.724  18.781  52.793 0.1000000015
87617  -35.330  19.622  54.187 0.1000000015
86805  -34.907  18.854  51.782 0.1000000015
87647  -35.259  19.509  50.420 0.1000000015
87633  -34.785  19.810  51.815 0.1000000015
87661  -35.837  19.763  48.843 0.1000000015
88502  -36.396  20.592  47.699 0.1000000015
88503  -36.833  20.299  47.085 0.1000000015
88511  -37.231  20.503  46.484 0.2000000030
88518  -37.762  20.683  45.727 0.2000000030
89257  -38.040  21.584  45.360 0.2000000030
89946  -39.559  22.104  43.673 0.2000000030
89947  -40.232  22.507  43.130 0.2000000030
89267  -40.022  21.547  43.227 0.2000000030
89952  -40.841  22.465  42.395 0.3000000119
89953  -41.447  22.927  41.850 0.3000000119
144146  -41.112  22.440  42.077 0.3000000119
90616  -42.745  23.337  40.696 0.4000000060
90617  -43.362  23.815  40.330 0.5000000000
91302  -44.556  24.559  39.598 0.5000000000
91301  -43.964  24.249  39.978 0.5000000000
86761  -43.324  17.699  57.305 0.1000000015
128013  -45.118  18.426  57.432 0.1000000015
86770  -40.987  18.686  56.571 0.1000000015
128971  -41.805  18.783  56.684 0.1000000015
86772  -43.431  18.834  56.926 0.1000000015
87591  -44.341  18.890  57.085 0.1000000015
87609  -39.695  19.847  55.934 0.1000000015
124276  -40.255  19.210  56.332 0.1000000015
87602  -42.439  19.398  56.603 0.1000000015
133960  -44.768  20.313  56.809 0.1000000015
87608  -38.701  19.671  55.809 0.1000000015
88429  -41.431  20.263  56.114 0.1000000015
88430  -41.996  20.105  56.324 0.1000000015
88431  -42.742  20.329  56.368 0.1000000015
88436  -38.050  20.277  55.387 0.1000000015
88437  -39.083  20.633  55.421 0.1000000015
88438  -40.160  20.644  55.585 0.1000000015
88439  -41.076  20.762  55.707 0.1000000015
88446  -36.650  20.608  54.697 0.1000000015
88447  -37.457  20.669  55.063 0.1000000015
89181  -39.031  21.411  54.964 0.1000000015
88457  -35.352  20.337  53.666 0.1000000015
88445  -35.832  20.274  54.353 0.1000000015
130273  -37.333  21.139  54.716 0.1000000015
89190  -38.576  21.861  54.548 0.1000000015
89200  -35.466  21.105  53.274 0.1000000015
89201  -36.251  21.580  53.616 0.1000000015
89189  -37.633  21.766  54.353 0.1000000015
87638  -34.908  20.112  51.038 0.1000000015
88470  -34.824  20.674  51.779 0.1000000015
89205  -35.736  21.871  52.919 0.1000000015
88485  -35.179  20.502  50.201 0.1000000015
88479  -34.879  20.853  51.026 0.1000000015
88492  -35.540  20.498  49.233 0.1000000015
88493  -35.932  20.486  48.483 0.1000000015
89234  -35.674  21.153  48.849 0.1000000015
89243  -36.411  21.571  47.599 0.2000000030
89250  -37.296  21.526  46.208 0.2000000030
90583  -39.609  23.265  44.707 0.2000000030
134928  -40.089  23.475  44.186 0.3000000119
91258  -41.697  24.327  43.425 0.3000000119
89261  -38.580  21.392  44.700 0.2000000030
89262  -39.003  21.695  44.174 0.2000000030
90595  -39.755  22.911  43.852 0.2000000030
90597  -41.002  23.875  43.459 0.3000000119
91271  -42.494  24.570  42.500 0.5000000000
91902  -44.120  25.246  42.107 0.5000000000
91910  -44.595  25.452  41.377 0.5000000000
90613  -41.867  24.113  42.040 0.3000000119
91284  -43.350  24.853  41.478 0.5000000000
91921  -44.217  25.260  40.820 0.6000000238
91922  -44.781  25.469  40.605 0.5000000000
90614  -42.243  23.667  41.343 0.4000000060
91291  -42.895  24.189  40.951 0.5000000000
91293  -44.302  24.993  40.214 0.5000000000
91939  -44.932  25.259  39.815 0.5000000000
91303  -45.160  24.736  39.162 0.5000000000
91953  -46.875  25.612  38.564 0.5000000000
142307  -47.348  25.437  37.934 0.5000000000
88432  -43.765  20.546  56.527 0.1000000015
88440  -42.054  20.855  55.892 0.1000000015
89174  -43.081  21.215  56.146 0.1000000015
89183  -40.627  21.356  55.284 0.1000000015
89184  -41.497  21.539  55.421 0.1000000015
89186  -43.573  22.055  55.903 0.1000000015
89192  -40.267  21.834  54.908 0.1000000015
126822  -42.452  22.720  55.281 0.1000000015
141179  -44.030  22.711  55.904 0.1000000015
89873  -38.162  22.314  54.171 0.1000000015
140980  -39.640  22.990  54.241 0.1000000015
89876  -41.200  22.775  54.707 0.1000000015
89877  -41.984  23.079  54.862 0.1000000015
89884  -36.554  22.265  53.327 0.1000000015
89202  -36.932  21.920  53.891 0.1000000015
89895  -35.042  22.327  51.204 0.1000000015
89891  -35.252  22.129  52.139 0.1000000015
89902  -35.485  22.445  49.684 0.2000000030
89897  -35.345  22.842  50.528 0.1000000015
89903  -35.862  22.928  49.067 0.2000000030
89909  -35.756  22.000  48.808 0.1000000015
89910  -36.232  22.646  48.365 0.1000000015
89916  -36.532  22.375  47.687 0.2000000030
90563  -37.729  23.150  46.892 0.2000000030
89929  -37.715  22.180  45.877 0.2000000030
90574  -39.351  23.368  45.417 0.2000000030
90584  -40.297  23.820  44.837 0.2000000030
90585  -40.653  23.880  44.187 0.3000000119
91903  -45.283  25.306  42.194 0.5000000000
91912  -46.218  25.670  41.083 0.5000000000
91926  -48.360  25.590  40.648 0.6000000238
91927  -49.425  25.264  40.880 0.5000000000
91259  -42.458  24.547  43.316 0.4000000060
91273  -44.006  24.845  42.959 0.5000000000
122887  -46.976  25.615  40.969 0.6000000238
130594  -48.811  26.114  39.852 0.6000000238
91911  -45.384  25.609  41.235 0.5000000000
91923  -45.508  25.654  40.333 0.5000000000
91925  -47.304  25.858  40.229 0.6000000238
123106  -47.915  26.089  39.837 0.6000000238
91940  -45.731  25.403  39.382 0.5000000000
91924  -46.341  25.812  40.171 0.5000000000
91942  -47.278  26.099  39.227 0.5000000000
92643  -48.198  26.384  38.386 0.5000000000
91954  -47.536  26.067  38.453 0.5000000000
91958  -47.975  25.956  37.863 0.5000000000
89870  -43.232  22.850  55.595 0.1000000015
90514  -44.093  23.467  55.738 0.1000000015
89886  -38.263  22.860  53.862 0.1000000015
90521  -42.186  23.873  54.836 0.1000000015
91201  -36.670  23.964  52.243 0.1000000015
90542  -37.951  23.898  53.104 0.1000000015
91190  -38.707  24.164  53.347 0.1000000015
90544  -35.402  23.056  51.278 0.1000000015
89896  -35.924  23.443  51.888 0.1000000015
90548  -35.674  23.276  49.890 0.1000000015
90549  -36.156  23.659  49.359 0.2000000030
90552  -36.414  23.391  48.642 0.2000000030
90556  -36.718  23.141  47.932 0.2000000030
90557  -37.418  23.485  47.601 0.2000000030
91260  -43.248  24.700  43.157 0.4000000060
131562  -44.797  24.888  42.937 0.4000000060
144672  -36.597  24.004  48.946 0.2000000030
136894  -48.033  25.245  37.499 0.5000000000
92655  -48.493  26.310  37.871 0.5000000000
92631  -49.390  26.488  39.096 0.6000000238
92630  -48.616  26.492  38.945 0.6000000238
86900  -45.341  18.528  40.610 0.2000000030
88551  -44.254  20.599  40.363 0.2000000030
124979  -42.886  17.065  44.821 0.2000000030
85988  -41.638  17.529  45.221 0.2000000030
85956  -39.833  17.589  47.588 0.1000000015
86859  -40.328  17.880  45.552 0.2000000030
86869  -42.096  17.934  43.822 0.2000000030
86879  -43.330  18.635  42.225 0.2000000030
87718  -43.600  19.754  41.282 0.2000000030
85907  -37.290  17.154  50.143 0.1000000015
144331  -38.012  18.328  47.288 0.1000000015
87680  -38.265  19.127  46.063 0.2000000030
87692  -39.427  19.702  44.328 0.2000000030
88550  -43.616  20.442  40.803 0.2000000030
89974  -45.191  22.426  39.043 0.4000000060
85836  -44.209  17.139  60.280 0.1000000015
84953  -43.920  16.369  58.728 0.1000000015
85898  -35.480  17.358  51.650 0.1000000015
85010  -36.522  16.021  51.356 0.1000000015
85893  -35.084  17.009  52.517 0.1000000015
85905  -35.787  17.730  50.919 0.1000000015
85906  -36.511  17.399  50.472 0.1000000015
87672  -37.257  19.569  46.935 0.2000000030
85847  -45.732  17.337  58.956 0.1000000015
85838  -46.525  17.960  60.313 0.1000000015
86731  -47.342  18.458  61.629 0.1000000015
138054  -47.465  18.548  62.470 0.1000000015
85855  -44.693  16.878  57.843 0.1000000015
84972  -41.713  16.629  57.024 0.1000000015
144682  -38.438  17.565  56.445 0.1000000015
86775  -37.384  18.659  55.938 0.1000000015
125526  -34.873  17.078  53.591 0.1000000015
130406  -35.004  19.364  51.145 0.1000000015
86813  -35.386  18.623  50.798 0.1000000015
87654  -35.534  19.686  49.589 0.1000000015
88523  -38.383  20.740  45.021 0.2000000030
144662  -42.230  22.954  41.121 0.4000000060
90624  -44.826  24.110  39.129 0.5000000000
86753  -47.312  18.165  59.051 0.1000000015
85853  -43.329  16.635  57.494 0.1000000015
85851  -46.550  17.815  58.720 0.1000000015
86771  -42.514  18.335  56.991 0.1000000015
87626  -34.894  19.595  53.306 0.1000000015
88463  -34.895  20.368  52.719 0.1000000015
88510  -36.745  21.109  46.951 0.2000000030
89939  -39.193  22.493  44.331 0.2000000030
90596  -40.371  23.351  43.558 0.3000000119
90607  -40.788  23.225  42.777 0.3000000119
90608  -41.357  23.888  42.656 0.3000000119
91292  -43.661  24.717  40.686 0.5000000000
91309  -45.813  24.756  38.648 0.5000000000
87603  -44.074  19.642  56.808 0.1000000015
143683  -40.822  19.373  56.380 0.1000000015
125330  -43.266  19.761  56.628 0.1000000015
87600  -40.679  19.971  56.107 0.1000000015
88448  -38.154  21.153  54.996 0.1000000015
88458  -36.010  20.919  54.024 0.1000000015
89191  -39.520  22.041  54.639 0.1000000015
89204  -35.075  21.312  52.439 0.1000000015
89208  -34.897  21.495  51.557 0.1000000015
89892  -36.022  22.704  52.581 0.1000000015
89217  -34.983  21.469  50.633 0.1000000015
89227  -35.362  21.454  49.648 0.1000000015
123333  -36.179  21.984  48.134 0.1000000015
89917  -37.057  22.779  47.251 0.2000000030
89921  -36.770  22.002  46.946 0.2000000030
89922  -37.377  22.419  46.520 0.2000000030
89938  -38.596  22.088  44.788 0.2000000030
89930  -38.313  22.455  45.494 0.2000000030
89931  -38.963  22.810  45.089 0.2000000030
91250  -41.469  24.329  44.394 0.2000000030
91270  -41.901  24.362  42.736 0.3000000119
91283  -42.605  24.438  41.708 0.4000000060
91272  -43.255  24.847  42.307 0.5000000000
91909  -43.939  25.220  41.288 0.5000000000
89175  -44.056  21.469  56.326 0.1000000015
89185  -42.516  21.923  55.600 0.1000000015
89868  -40.972  22.029  54.963 0.1000000015
89860  -44.448  22.225  56.213 0.1000000015
90513  -42.677  23.392  55.231 0.1000000015
90516  -45.921  23.708  56.169 0.1000000015
89887  -38.886  23.114  53.974 0.1000000015
90520  -41.402  23.582  54.569 0.1000000015
90529  -37.723  23.204  53.371 0.1000000015
90541  -37.202  23.612  52.842 0.1000000015
141930  -35.461  22.765  51.848 0.1000000015
89923  -38.064  22.808  46.217 0.2000000030
122218  -43.247  24.534  44.013 0.3000000119
137835  -46.054  25.403  41.804 0.5000000000
91941  -46.547  25.776  39.299 0.5000000000
92629  -47.990  26.376  39.116 0.5000000000
91173  -43.673  24.282  55.451 0.1000000015
90530  -38.463  23.482  53.585 0.1000000015
85113  -51.735  16.507  43.217 0.1000000015
85112  -50.934  16.266  43.101 0.1000000015
84265  -49.787  15.791  43.716 0.1000000015
144316  -50.750  16.055  42.455 0.1000000015
142496  -47.881  15.079  43.872 0.1000000015
84272  -48.563  15.145  43.615 0.1000000015
84273  -49.334  15.361  43.287 0.1000000015
84274  -50.155  15.766  42.979 0.1000000015
84285  -50.266  15.615  42.087 0.1000000015
85123  -50.928  16.060  41.759 0.1000000015
85124  -51.479  16.429  42.339 0.1000000015
83499  -46.528  14.785  42.886 0.1000000015
84282  -47.912  14.751  43.204 0.1000000015
84283  -48.722  14.855  42.809 0.1000000015
84284  -49.520  15.223  42.446 0.1000000015
84298  -49.656  15.207  41.574 0.1000000015
132694  -45.493  15.500  44.160 0.1000000015
84270  -45.328  15.443  43.280 0.1000000015
84271  -46.120  15.122  43.591 0.1000000015
142373  -47.270  14.623  42.830 0.1000000015
83511  -48.205  14.673  41.336 0.1000000015
84297  -48.871  14.789  41.905 0.1000000015
84299  -50.402  15.616  41.261 0.1000000015
85140  -51.158  16.101  40.855 0.1000000015
84259  -44.731  15.817  43.729 0.1000000015
84279  -44.699  15.908  42.929 0.1000000015
84280  -45.355  15.615  42.407 0.1000000015
84281  -46.087  15.067  42.227 0.1000000015
84295  -46.331  15.148  41.476 0.1000000015
84296  -46.995  14.782  41.160 0.1000000015
83529  -47.630  14.730  40.960 0.1000000015
122504  -49.003  14.898  41.003 0.1000000015
128040  -49.786  15.300  40.729 0.1000000015
146057  -50.458  15.647  40.507 0.1000000015
129862  -49.995  15.434  39.910 0.1000000015
85156  -50.880  15.948  39.784 0.1000000015
85122  -44.828  16.244  42.307 0.1000000015
85138  -45.296  16.308  41.669 0.1000000015
84294  -45.751  15.561  41.749 0.1000000015
85139  -45.912  15.889  41.101 0.1000000015
84315  -46.550  15.389  40.707 0.1000000015
84316  -47.268  15.051  40.444 0.1000000015
84317  -48.188  14.923  40.415 0.1000000015
84318  -49.135  15.178  40.136 0.1000000015
84337  -49.338  15.407  39.273 0.1000000015
84338  -50.180  15.634  39.095 0.1000000015
85170  -50.853  16.068  38.802 0.1000000015
85137  -44.672  16.881  41.964 0.1000000015
134767  -45.102  17.119  41.442 0.1000000015
85154  -45.639  16.916  40.882 0.1000000015
85155  -46.218  16.222  40.336 0.1000000015
85168  -46.560  16.425  39.543 0.1000000015
84348  -47.844  15.596  39.039 0.1000000015
84350  -49.583  15.679  38.497 0.1000000015
144195  -50.252  15.858  38.435 0.1000000015
85186  -51.462  16.468  38.326 0.1000000015
86035  -46.082  17.261  40.010 0.1000000015
85169  -47.162  15.884  39.189 0.1000000015
84349  -48.613  15.644  38.585 0.1000000015
85185  -50.688  16.176  37.996 0.1000000015
85199  -52.003  16.868  37.801 0.1000000015
86901  -45.899  18.241  40.030 0.1000000015
129076  -46.230  17.937  39.503 0.1000000015
86061  -46.675  17.270  38.541 0.1000000015
85194  -47.704  16.596  37.605 0.1000000015
85195  -48.383  16.127  37.798 0.1000000015
121781  -48.897  16.222  37.219 0.1000000015
85196  -49.542  16.151  37.341 0.1000000015
85198  -51.259  16.520  37.514 0.1000000015
85212  -51.759  16.861  37.136 0.1000000015
129683  -48.274  16.473  37.201 0.1000000015
85209  -49.445  16.398  36.723 0.1000000015
85210  -50.588  16.617  36.373 0.1000000015
85211  -51.162  16.660  36.758 0.1000000015
86088  -51.852  17.002  36.459 0.1000000015
84264  -49.135  15.634  44.068 0.1000000015
85104  -50.414  16.113  43.752 0.1000000015
122207  -51.134  16.365  43.879 0.1000000015
85114  -52.657  16.632  43.431 0.1000000015
84263  -48.329  15.509  44.333 0.1000000015
85115  -53.429  16.809  43.321 0.1000000015
85126  -53.156  16.955  42.660 0.1000000015
84261  -46.479  15.370  44.545 0.1000000015
127959  -52.166  16.728  41.745 0.1000000015
85141  -52.005  16.627  40.990 0.1000000015
85157  -51.823  16.467  40.127 0.1000000015
85158  -52.629  17.083  40.428 0.1000000015
85121  -44.248  16.594  42.661 0.1000000015
85172  -52.433  16.908  39.515 0.1000000015
85187  -52.237  16.838  38.633 0.1000000015
86089  -52.517  17.241  37.125 0.1000000015
127250  -52.705  17.348  36.078 0.1000000015
128865  -52.096  16.471  44.842 0.1000000015
123472  -51.928  16.466  44.079 0.1000000015
85106  -53.520  16.675  44.764 0.1000000015
86006  -54.799  17.186  44.210 0.1000000015
85103  -49.838  16.087  44.451 0.1000000015
145008  -50.592  16.298  44.383 0.1000000015
142253  -54.636  17.205  43.396 0.1000000015
142269  -46.429  15.729  45.382 0.1000000015
85091  -47.658  16.146  45.772 0.1000000015
139282  -48.374  16.217  45.594 0.1000000015
84252  -47.968  15.896  45.013 0.1000000015
129527  -48.911  16.045  44.934 0.1000000015
86014  -54.031  17.113  42.823 0.1000000015
85089  -44.745  16.140  45.280 0.1000000015
84250  -45.607  15.761  45.144 0.1000000015
84262  -47.481  15.358  44.459 0.1000000015
130552  -53.589  17.297  42.134 0.1000000015
137290  -44.147  16.229  44.195 0.1000000015
84260  -44.843  15.901  44.547 0.1000000015
86036  -53.132  17.393  41.002 0.1000000015
85110  -43.594  16.744  43.578 0.1000000015
145858  -53.281  17.539  40.369 0.1000000015
85120  -43.683  17.056  42.870 0.1000000015
86048  -53.106  17.477  39.739 0.1000000015
86062  -52.920  17.385  38.917 0.1000000015
86076  -52.740  17.291  38.066 0.1000000015
143926  -56.818  10.058  40.684 0.1000000015
88519  -58.095  20.513  46.091 0.1000000015
85096  -52.752  16.608  45.394 0.1000000015
85097  -54.049  16.942  45.618 0.1000000015
85999  -54.858  17.263  45.216 0.1000000015
85993  -56.140  18.205  45.316 0.1000000015
85095  -51.801  16.586  45.599 0.1000000015
86000  -55.599  17.646  44.605 0.1000000015
141505  -50.907  16.605  45.725 0.1000000015
85094  -50.377  16.386  45.068 0.1000000015
86007  -55.311  17.491  43.559 0.1000000015
85077  -47.391  16.444  46.608 0.1000000015
85078  -48.233  16.467  46.389 0.1000000015
85092  -49.111  16.459  45.964 0.1000000015
127835  -50.048  16.584  45.882 0.1000000015
85093  -49.656  16.317  45.245 0.1000000015
143343  -44.746  16.262  45.870 0.1000000015
85090  -46.866  16.077  45.931 0.1000000015
86015  -54.983  17.515  42.634 0.1000000015
86029  -54.293  17.539  41.954 0.1000000015
86028  -53.677  17.511  41.447 0.1000000015
86037  -53.782  17.732  40.701 0.1000000015
121854  -53.761  17.894  39.970 0.1000000015
86063  -53.501  17.707  38.366 0.1000000015
123432  -53.365  17.565  37.545 0.1000000015
81101  -56.176  11.950  41.428 0.1000000015
79308  -56.207  9.682  40.627 0.1000000015
78371  -56.511  8.773  40.334 0.1000000015
79306  -54.743  9.939  40.249 0.1000000015
80128  -55.899  10.601  53.619 0.1000000015
80129  -56.286  11.446  53.390 0.1000000015
81823  -57.621  12.726  53.553 0.1000000015
81832  -58.159  13.337  53.224 0.1000000015
84195  -59.909  15.276  52.466 0.1000000015
84204  -60.450  15.983  52.129 0.1000000015
123042  -61.287  17.105  52.516 0.1000000015
85896  -61.500  17.753  52.786 0.1000000015
138883  -61.552  19.612  52.430 0.1000000015
82638  -57.862  13.594  52.461 0.1000000015
138214  -61.437  20.503  52.228 0.1000000015
89211  -61.277  21.479  51.182 0.1000000015
89220  -60.864  22.139  50.701 0.1000000015
82632  -52.354  14.129  53.791 0.1000000015
83430  -52.033  14.027  53.130 0.1000000015
85969  -52.790  18.120  47.920 0.1000000015
85980  -52.639  17.393  47.158 0.1000000015
85970  -53.539  18.528  47.858 0.1000000015
85983  -55.102  18.439  46.871 0.1000000015
86853  -55.652  19.080  47.033 0.1000000015
85982  -54.244  17.990  47.130 0.1000000015
86854  -56.262  19.309  46.717 0.1000000015
87683  -57.407  20.264  46.658 0.1000000015
85979  -51.834  17.335  47.311 0.1000000015
85981  -53.446  17.640  47.171 0.1000000015
85991  -54.678  17.536  46.227 0.1000000015
85992  -55.476  17.823  45.810 0.1000000015
86862  -56.614  18.856  45.799 0.1000000015
87702  -57.898  19.527  43.802 0.1000000015
85081  -51.415  16.900  46.496 0.1000000015
125522  -56.747  18.578  44.825 0.1000000015
85066  -49.361  17.153  47.752 0.1000000015
85067  -50.151  17.208  47.626 0.1000000015
86008  -56.066  17.953  43.652 0.1000000015
85079  -49.691  16.792  46.807 0.1000000015
129695  -55.650  17.769  42.976 0.1000000015
85075  -45.657  16.408  46.751 0.1000000015
85076  -46.536  16.410  46.717 0.1000000015
85064  -47.054  16.796  47.487 0.1000000015
86881  -56.337  18.501  42.195 0.1000000015
89283  -60.775  22.161  41.409 0.1000000015
85061  -44.225  16.750  47.355 0.1000000015
85073  -43.862  16.601  46.452 0.1000000015
85074  -44.735  16.436  46.546 0.1000000015
121780  -46.057  16.041  45.987 0.1000000015
86880  -55.769  18.310  41.682 0.1000000015
85978  -43.077  16.912  46.437 0.1000000015
139224  -43.428  16.710  45.506 0.1000000015
124210  -54.378  17.846  41.140 0.1000000015
86894  -55.536  18.448  41.064 0.1000000015
88547  -62.155  21.184  40.916 0.1000000015
87724  -61.907  20.556  41.041 0.1000000015
86902  -54.472  18.158  40.331 0.1000000015
87723  -61.323  19.956  40.789 0.1000000015
86898  -60.823  19.167  41.642 0.1000000015
86064  -54.202  18.141  38.604 0.1000000015
86906  -60.733  19.392  40.632 0.1000000015
86897  -60.106  18.450  41.875 0.1000000015
86937  -54.697  18.300  38.050 0.1000000015
142282  -58.910  17.730  41.154 0.1000000015
84300  -56.574  14.924  41.701 0.1000000015
81906  -55.745  12.652  41.481 0.1000000015
80228  -55.863  11.253  41.151 0.1000000015
79307  -55.375  9.584  40.439 0.1000000015
82570  -58.979  12.977  60.024 0.1000000015
83348  -58.585  13.307  60.619 0.1000000015
80963  -59.095  12.588  59.929 0.1000000015
80962  -58.990  12.143  59.782 0.1000000015
123748  -57.488  10.924  57.841 0.1000000015
83370  -58.543  13.615  59.541 0.1000000015
82581  -57.998  13.683  59.614 0.1000000015
79173  -55.952  10.201  55.538 0.1000000015
82589  -57.877  13.769  59.071 0.1000000015
80110  -56.303  10.706  54.969 0.1000000015
83376  -58.117  14.093  58.501 0.1000000015
137366  -56.575  11.141  54.598 0.1000000015
81018  -57.028  11.984  53.795 0.1000000015
83385  -56.585  13.995  57.186 0.1000000015
83396  -56.239  14.614  56.250 0.1000000015
82607  -55.597  13.782  56.648 0.1000000015
83395  -55.247  14.325  55.919 0.1000000015
122766  -58.818  13.720  53.554 0.1000000015
127364  -54.516  14.491  55.322 0.1000000015
82639  -58.650  13.963  52.911 0.1000000015
85007  -61.156  16.474  53.173 0.1000000015
88474  -61.396  21.037  51.728 0.1000000015
83422  -54.253  15.016  54.682 0.1000000015
83421  -53.518  14.677  54.383 0.1000000015
83442  -59.279  14.601  52.663 0.1000000015
89206  -61.015  21.366  51.784 0.1000000015
89219  -60.280  21.912  50.905 0.1000000015
83432  -53.369  14.836  53.907 0.1000000015
89229  -59.584  22.105  49.734 0.1000000015
121810  -59.768  21.961  50.380 0.1000000015
86846  -54.335  18.968  47.748 0.1000000015
130312  -58.704  21.775  49.352 0.1000000015
83440  -51.943  14.050  52.139 0.1000000015
82646  -51.317  13.620  51.766 0.1000000015
82661  -51.756  13.995  51.119 0.1000000015
146060  -52.151  17.803  47.918 0.1000000015
85068  -50.986  17.283  47.512 0.1000000015
85967  -50.552  17.596  48.520 0.1000000015
136704  -48.852  16.777  47.029 0.1000000015
85966  -49.768  17.453  48.568 0.1000000015
85063  -46.180  16.801  47.615 0.1000000015
137407  -47.466  17.184  48.211 0.1000000015
85062  -45.169  16.826  47.726 0.1000000015
89290  -61.821  21.676  40.238 0.1000000015
120886  -42.898  17.078  47.365 0.1000000015
85961  -44.449  17.093  48.228 0.1000000015
86904  -56.045  18.841  40.570 0.1000000015
88555  -61.788  20.969  39.902 0.1000000015
87734  -61.607  20.546  40.010 0.1000000015
85977  -42.276  17.212  46.639 0.1000000015
86913  -55.951  18.913  39.814 0.1000000015
87733  -61.234  19.939  39.588 0.1000000015
86914  -60.337  18.950  39.864 0.1000000015
86905  -60.115  18.714  41.063 0.1000000015
86938  -55.518  18.555  37.907 0.1000000015
86041  -59.467  18.237  40.598 0.1000000015
136801  -59.539  18.252  39.559 0.1000000015
86040  -58.757  17.715  40.267 0.1000000015
85160  -58.256  17.108  41.167 0.1000000015
85159  -57.570  16.471  40.745 0.1000000015
86039  -57.974  17.111  39.841 0.1000000015
84319  -56.446  15.311  40.947 0.1000000015
83531  -55.991  14.643  41.310 0.1000000015
83530  -55.453  14.163  40.786 0.1000000015
83512  -55.746  14.035  41.561 0.1000000015
81919  -55.154  12.486  41.056 0.1000000015
137261  -55.226  11.292  40.886 0.1000000015
81111  -54.893  11.855  40.702 0.1000000015
80235  -54.666  10.970  40.386 0.1000000015
80236  -55.452  10.455  40.752 0.1000000015
81952  -54.218  12.710  38.029 0.1000000015
81940  -54.275  12.275  38.768 0.1000000015
81110  -54.480  11.752  40.077 0.1000000015
140064  -54.303  11.118  39.755 0.1000000015
81763  -59.043  12.707  59.954 0.1000000015
80971  -59.070  12.091  58.967 0.1000000015
83360  -58.749  13.350  59.798 0.1000000015
83361  -59.136  13.255  59.390 0.1000000015
80970  -58.307  11.443  58.418 0.1000000015
80984  -58.902  12.099  58.109 0.1000000015
83372  -59.266  13.462  58.940 0.1000000015
80091  -57.286  11.152  57.013 0.1000000015
80983  -58.093  11.552  57.560 0.1000000015
83371  -58.996  13.580  59.148 0.1000000015
80097  -56.611  10.701  56.390 0.1000000015
83377  -58.598  13.850  58.949 0.1000000015
83378  -59.129  14.188  58.428 0.1000000015
137295  -56.599  10.881  55.687 0.1000000015
80111  -57.057  11.429  55.303 0.1000000015
124485  -58.922  14.300  58.281 0.1000000015
81010  -57.129  11.755  54.519 0.1000000015
81816  -57.805  12.520  54.328 0.1000000015
83386  -57.440  14.081  57.859 0.1000000015
126808  -58.335  14.492  57.814 0.1000000015
83397  -57.511  14.658  57.024 0.1000000015
81824  -58.544  13.267  54.070 0.1000000015
84156  -56.185  15.339  55.651 0.1000000015
83407  -55.339  15.037  55.419 0.1000000015
82640  -59.360  14.240  53.442 0.1000000015
84196  -60.639  15.499  53.311 0.1000000015
131737  -61.343  16.983  53.329 0.1000000015
87631  -61.371  19.558  53.270 0.1000000015
146374  -54.717  15.062  55.058 0.1000000015
84181  -54.569  15.688  54.331 0.1000000015
88459  -60.658  20.564  52.985 0.1000000015
88467  -61.058  20.929  52.349 0.1000000015
89209  -60.115  21.537  51.626 0.1000000015
84186  -53.595  15.245  53.403 0.1000000015
88465  -59.945  21.189  52.207 0.1000000015
89218  -59.455  21.516  50.916 0.1000000015
83431  -52.890  14.604  53.456 0.1000000015
86845  -52.889  18.860  48.655 0.1000000015
87675  -55.872  20.305  47.897 0.1000000015
87682  -56.551  20.101  47.254 0.1000000015
89228  -59.033  21.629  50.036 0.1000000015
83441  -52.741  14.674  52.524 0.1000000015
143432  -53.149  14.987  53.059 0.1000000015
87673  -54.456  19.814  48.374 0.1000000015
87665  -54.845  20.388  48.820 0.1000000015
88495  -56.245  20.798  48.613 0.1000000015
84201  -53.241  15.194  51.535 0.1000000015
141277  -52.156  18.434  48.671 0.1000000015
87664  -53.907  19.902  49.066 0.1000000015
83458  -50.523  14.180  49.903 0.1000000015
82660  -50.896  13.541  50.862 0.1000000015
83447  -52.497  14.546  51.357 0.1000000015
87655  -53.433  19.474  49.423 0.1000000015
135648  -48.275  16.819  50.120 0.1000000015
137872  -48.470  16.054  49.784 0.1000000015
83471  -49.989  15.295  49.496 0.1000000015
83459  -51.381  14.302  50.204 0.1000000015
83460  -52.105  14.589  50.497 0.1000000015
85949  -51.716  18.408  49.177 0.1000000015
86835  -53.164  19.295  49.202 0.1000000015
142735  -47.952  17.361  49.581 0.1000000015
85945  -48.645  17.363  49.465 0.1000000015
85965  -49.011  17.372  48.654 0.1000000015
85947  -50.164  17.564  49.152 0.1000000015
85948  -51.066  17.929  49.217 0.1000000015
85940  -43.328  17.312  49.005 0.1000000015
85925  -45.549  17.202  50.158 0.1000000015
85943  -46.550  17.429  49.398 0.1000000015
85962  -45.900  17.269  48.623 0.1000000015
85944  -47.366  17.411  49.108 0.1000000015
85964  -48.166  17.326  48.658 0.1000000015
89975  -61.259  21.783  39.741 0.1000000015
85958  -41.186  17.426  47.786 0.1000000015
136459  -45.042  17.333  48.863 0.1000000015
87731  -57.356  19.680  40.318 0.1000000015
88564  -61.565  21.078  39.025 0.1000000015
87740  -61.562  20.715  39.032 0.1000000015
85959  -42.081  17.279  47.729 0.1000000015
86915  -60.947  19.574  38.656 0.1000000015
82726  -55.055  13.487  40.113 0.1000000015
82748  -54.678  13.049  38.439 0.1000000015
82738  -54.704  12.856  39.415 0.1000000015
81771  -59.369  12.884  59.314 0.1000000015
80972  -59.368  12.704  59.288 0.1000000015
80985  -59.471  12.719  58.558 0.1000000015
82582  -59.328  13.019  59.339 0.1000000015
81777  -59.602  12.804  58.758 0.1000000015
80992  -58.654  12.165  57.265 0.1000000015
80991  -57.904  11.726  56.757 0.1000000015
136660  -58.450  12.249  56.554 0.1000000015
83379  -59.687  13.752  58.118 0.1000000015
80098  -57.194  11.315  56.195 0.1000000015
81002  -57.846  11.956  55.985 0.1000000015
81003  -58.727  12.692  55.941 0.1000000015
81011  -58.617  12.996  54.983 0.1000000015
83387  -59.072  14.733  57.676 0.1000000015
134840  -57.844  12.257  55.171 0.1000000015
83398  -58.465  14.901  57.293 0.1000000015
81817  -59.335  13.676  54.843 0.1000000015
84158  -58.077  15.347  56.703 0.1000000015
83423  -60.017  14.295  54.767 0.1000000015
83433  -59.994  14.537  54.056 0.1000000015
84157  -57.038  15.340  56.195 0.1000000015
82633  -59.350  13.940  54.117 0.1000000015
83434  -60.535  15.010  53.968 0.1000000015
84188  -61.003  15.377  54.411 0.1000000015
84999  -61.267  16.345  53.935 0.1000000015
84169  -56.566  15.881  55.554 0.1000000015
84168  -55.663  15.739  55.199 0.1000000015
84197  -61.107  15.916  53.774 0.1000000015
85891  -61.354  16.910  53.991 0.1000000015
87621  -61.285  19.135  53.923 0.1000000015
87630  -60.951  19.917  53.615 0.1000000015
84167  -54.920  15.477  54.884 0.1000000015
84182  -55.237  16.048  54.643 0.1000000015
84187  -54.365  15.854  53.581 0.1000000015
87636  -59.988  20.702  52.989 0.1000000015
84194  -54.106  15.763  52.744 0.1000000015
87658  -55.759  20.236  49.398 0.1000000015
88482  -58.512  21.136  50.329 0.1000000015
84193  -53.463  15.288  52.566 0.1000000015
87657  -55.200  20.417  49.134 0.1000000015
88487  -56.175  20.722  49.073 0.1000000015
88496  -56.934  21.137  48.794 0.1000000015
84202  -53.947  15.777  51.712 0.1000000015
85012  -54.550  16.235  51.957 0.1000000015
122027  -54.459  20.189  49.231 0.1000000015
84229  -50.723  15.904  49.513 0.1000000015
84216  -51.687  15.353  49.752 0.1000000015
84217  -52.757  15.355  50.346 0.1000000015
87656  -53.965  19.748  49.456 0.1000000015
84227  -49.032  16.438  49.728 0.1000000015
83472  -50.907  14.918  49.623 0.1000000015
86827  -52.943  19.069  49.549 0.1000000015
86828  -53.485  19.254  49.719 0.1000000015
85044  -48.602  17.041  50.014 0.1000000015
126911  -50.544  17.519  49.296 0.1000000015
85931  -51.292  17.885  49.420 0.1000000015
86825  -51.795  18.347  49.516 0.1000000015
86834  -52.425  18.761  49.329 0.1000000015
85042  -46.722  17.075  50.304 0.1000000015
85043  -47.651  17.005  50.258 0.1000000015
85946  -49.397  17.398  49.292 0.1000000015
140715  -60.910  21.809  39.529 0.1000000015
89288  -60.370  21.807  39.942 0.1000000015
88554  -59.604  21.387  39.669 0.1000000015
125617  -44.855  17.324  49.687 0.1000000015
85926  -46.311  17.292  50.112 0.1000000015
85927  -47.261  17.297  50.010 0.1000000015
88561  -58.097  20.223  39.694 0.1000000015
88577  -61.383  21.054  38.532 0.1000000015
89297  -61.164  21.490  38.983 0.1000000015
89296  -60.625  21.667  39.051 0.1000000015
85941  -44.198  17.364  48.995 0.1000000015
85942  -45.704  17.403  49.580 0.1000000015
88573  -58.287  20.331  38.763 0.1000000015
87752  -61.462  20.760  38.291 0.1000000015
89308  -61.051  21.185  38.278 0.1000000015
87739  -61.441  20.330  38.352 0.1000000015
88576  -61.363  20.767  38.036 0.1000000015
136514  -61.178  20.533  37.547 0.1000000015
141189  -61.325  19.919  37.795 0.1000000015
87751  -61.364  20.385  37.671 0.1000000015
86928  -61.287  19.759  37.107 0.1000000015
82590  -59.533  13.194  58.670 0.1000000015
136117  -59.746  13.543  58.100 0.1000000015
81788  -59.378  12.714  57.742 0.1000000015
82591  -60.063  14.006  57.661 0.1000000015
81797  -59.134  12.729  56.890 0.1000000015
83388  -59.583  14.335  57.835 0.1000000015
81798  -59.594  13.330  56.500 0.1000000015
81810  -59.426  13.431  55.651 0.1000000015
141222  -60.039  14.058  55.526 0.1000000015
82627  -60.592  14.656  55.382 0.1000000015
84146  -59.579  14.969  57.308 0.1000000015
146478  -60.937  14.917  54.899 0.1000000015
84973  -58.651  15.852  56.478 0.1000000015
84170  -57.576  15.900  56.014 0.1000000015
83424  -60.626  14.834  54.637 0.1000000015
84183  -61.137  15.450  55.153 0.1000000015
137786  -61.256  16.418  54.676 0.1000000015
84981  -56.962  16.464  55.421 0.1000000015
84189  -61.252  15.825  54.559 0.1000000015
85886  -61.191  17.484  54.427 0.1000000015
87620  -60.686  19.399  54.307 0.1000000015
84980  -56.010  16.330  55.021 0.1000000015
84994  -56.410  16.941  54.722 0.1000000015
86793  -61.034  18.549  54.526 0.1000000015
84997  -54.936  16.303  54.033 0.1000000015
88464  -59.432  20.751  52.192 0.1000000015
84998  -55.411  16.791  53.669 0.1000000015
88471  -58.074  20.624  50.488 0.1000000015
88472  -58.850  20.826  51.217 0.1000000015
127845  -55.012  16.584  52.336 0.1000000015
85004  -54.937  16.452  53.270 0.1000000015
88480  -56.719  20.472  49.525 0.1000000015
87650  -57.322  20.147  50.248 0.1000000015
85013  -54.880  16.862  51.237 0.1000000015
141436  -55.617  19.763  49.722 0.1000000015
88488  -57.155  21.046  49.292 0.1000000015
88481  -57.613  20.813  49.873 0.1000000015
84218  -53.558  15.973  50.644 0.1000000015
87648  -54.823  19.960  49.541 0.1000000015
131610  -51.210  16.603  49.534 0.1000000015
84230  -52.152  16.428  49.660 0.1000000015
86816  -54.295  19.352  49.881 0.1000000015
84228  -49.896  16.562  49.558 0.1000000015
86815  -53.040  18.774  49.825 0.1000000015
86826  -52.418  18.625  49.618 0.1000000015
142055  -50.784  17.373  49.429 0.1000000015
85047  -51.528  17.510  49.583 0.1000000015
85932  -51.895  18.184  49.674 0.1000000015
85928  -48.199  17.162  50.037 0.1000000015
85929  -48.964  17.182  49.718 0.1000000015
85930  -49.723  17.247  49.420 0.1000000015
88553  -58.713  20.710  39.976 0.1000000015
88563  -60.073  21.400  38.566 0.1000000015
88562  -59.000  20.891  39.121 0.1000000015
88575  -60.504  20.959  37.749 0.1000000015
88574  -59.373  20.861  38.196 0.1000000015
88586  -59.702  20.620  37.342 0.1000000015
88587  -60.725  20.465  36.979 0.1000000015
87760  -61.266  20.072  36.930 0.1000000015
88588  -61.150  20.144  36.804 0.1000000015
136651  -59.713  13.311  57.957 0.1000000015
82601  -59.997  13.834  57.630 0.1000000015
131780  -59.741  13.361  57.364 0.1000000015
83389  -59.996  14.193  57.618 0.1000000015
82609  -60.279  14.297  57.117 0.1000000015
134460  -60.443  14.438  56.282 0.1000000015
83390  -60.245  14.445  57.178 0.1000000015
84147  -60.021  14.685  57.282 0.1000000015
83399  -60.518  14.809  56.588 0.1000000015
83408  -60.849  15.111  55.807 0.1000000015
84162  -60.744  16.121  55.999 0.1000000015
84161  -60.402  14.983  56.726 0.1000000015
84984  -60.837  16.460  55.553 0.1000000015
84159  -59.377  15.480  56.864 0.1000000015
84974  -59.400  15.962  56.432 0.1000000015
84975  -59.957  16.076  56.120 0.1000000015
134445  -61.247  15.815  55.119 0.1000000015
85875  -60.997  16.894  55.138 0.1000000015
86779  -60.776  17.834  55.038 0.1000000015
145057  -58.804  16.379  56.083 0.1000000015
84983  -59.331  16.608  55.930 0.1000000015
87619  -60.066  19.475  54.511 0.1000000015
85871  -58.456  17.020  55.555 0.1000000015
87629  -60.341  20.072  53.785 0.1000000015
87635  -59.235  20.144  52.950 0.1000000015
144553  -56.958  17.442  54.673 0.1000000015
85884  -57.159  17.888  54.177 0.1000000015
136361  -56.436  17.460  54.075 0.1000000015
85889  -55.975  17.305  53.250 0.1000000015
85890  -56.723  17.775  53.279 0.1000000015
87641  -58.695  20.155  51.966 0.1000000015
85029  -54.248  16.613  50.728 0.1000000015
85894  -55.907  17.364  52.108 0.1000000015
86818  -56.122  19.236  50.180 0.1000000015
87639  -56.899  19.412  50.520 0.1000000015
125216  -52.959  16.406  49.956 0.1000000015
85900  -54.992  17.635  50.662 0.1000000015
85901  -55.680  17.720  50.982 0.1000000015
86817  -55.242  19.274  49.979 0.1000000015
85028  -53.330  17.095  50.049 0.1000000015
85910  -53.620  17.876  50.074 0.1000000015
85912  -55.012  18.511  50.255 0.1000000015
85048  -52.360  17.454  49.793 0.1000000015
85909  -52.637  18.201  49.849 0.1000000015
85911  -54.036  18.546  50.115 0.1000000015
85046  -50.075  17.169  49.483 0.1000000015
123685  -35.962  23.931  50.043 0.1000000015
91216  -37.555  24.522  48.440 0.1000000015
90573  -38.787  23.239  45.872 0.1000000015
91220  -37.827  24.153  47.911 0.1000000015
90559  -38.891  24.071  47.023 0.1000000015
90564  -38.453  23.468  46.626 0.1000000015
130525  -40.086  24.149  46.091 0.1000000015
91240  -40.647  24.247  45.646 0.1000000015
91241  -41.465  24.421  45.467 0.2000000030
91242  -42.451  24.495  45.305 0.2000000030
146534  -43.184  24.458  45.509 0.2000000030
91261  -45.138  24.390  43.807 0.3000000119
91274  -45.739  24.634  43.134 0.3000000119
91905  -47.066  24.991  41.870 0.4000000060
91243  -43.834  24.337  45.633 0.2000000030
122261  -43.977  24.395  44.732 0.2000000030
91262  -46.175  23.991  44.014 0.2000000030
139537  -47.240  24.303  42.783 0.3000000119
91914  -48.830  24.786  41.527 0.3000000119
87809  -44.753  19.424  30.305 0.1000000015
84171  -60.725  15.325  56.157 0.1000000015
84976  -60.482  16.313  55.779 0.1000000015
124508  -60.454  15.586  56.219 0.1000000015
85874  -60.551  17.084  55.431 0.1000000015
85873  -59.920  17.018  55.635 0.1000000015
86778  -60.173  17.957  55.308 0.1000000015
86791  -59.774  18.747  55.005 0.1000000015
85872  -59.193  17.281  55.573 0.1000000015
86777  -59.478  17.925  55.320 0.1000000015
86790  -59.006  18.545  54.816 0.1000000015
87628  -59.384  19.259  54.430 0.1000000015
129085  -59.700  19.964  53.836 0.1000000015
85885  -58.645  17.808  55.147 0.1000000015
86789  -58.089  18.336  54.367 0.1000000015
87627  -58.968  19.460  53.646 0.1000000015
87634  -58.503  19.474  52.705 0.1000000015
86796  -57.472  18.321  53.357 0.1000000015
85895  -56.404  17.648  52.469 0.1000000015
86802  -57.003  18.216  52.178 0.1000000015
125230  -58.027  19.490  51.701 0.1000000015
85902  -56.327  17.911  51.477 0.1000000015
86807  -56.657  18.632  50.956 0.1000000015
142458  -57.546  19.622  50.923 0.1000000015
87640  -58.115  20.122  51.020 0.1000000015
86806  -55.882  18.499  50.542 0.1000000015
91230  -39.687  24.277  46.706 0.1000000015
144945  -47.642  24.400  42.418 0.3000000119
91916  -50.553  24.787  41.167 0.4000000060
145864  -48.758  23.721  42.865 0.3000000119
91915  -49.915  24.354  41.815 0.3000000119
91287  -50.990  24.171  42.212 0.3000000119
91294  -51.624  24.520  41.586 0.3000000119
97014  -46.912  33.140  32.135 0.5000000000
97013  -46.000  33.305  32.108 0.5000000000
97023  -46.545  33.530  31.393 0.5000000000
87687  -57.657  19.858  45.722 0.1000000015
87686  -56.998  19.574  46.266 0.1000000015
86863  -57.248  19.180  45.259 0.1000000015
86870  -56.647  18.400  44.041 0.1000000015
87681  -55.775  19.745  47.481 0.1000000015
89237  -58.482  21.848  48.716 0.1000000015
86875  -57.405  19.147  43.127 0.1000000015
86874  -56.720  18.538  43.193 0.1000000015
89244  -57.651  21.486  48.449 0.1000000015
88505  -56.951  21.075  48.236 0.1000000015
89236  -57.774  21.482  49.032 0.1000000015
88525  -59.302  21.036  44.428 0.1000000015
86882  -56.991  18.925  42.470 0.1000000015
88489  -58.108  21.316  49.613 0.1000000015
87708  -57.568  19.499  42.219 0.1000000015
89282  -60.238  21.798  40.910 0.1000000015
88546  -59.528  21.285  41.452 0.1000000015
89965  -61.511  22.057  40.447 0.1000000015
89289  -60.931  22.083  40.376 0.1000000015
126456  -58.917  20.832  40.820 0.1000000015
87694  -57.827  19.565  44.762 0.1000000015
140331  -60.176  21.826  42.735 0.1000000015
126991  -59.705  21.470  40.539 0.1000000015
86895  -56.200  18.728  41.334 0.1000000015
87732  -58.105  20.153  40.602 0.1000000015
86051  -58.892  17.659  39.162 0.1000000015
85174  -58.307  17.116  38.668 0.1000000015
82760  -54.624  13.272  37.513 0.1000000015
144399  -54.271  13.289  37.063 0.1000000015
81964  -53.204  12.719  36.966 0.1000000015
86927  -60.785  19.072  37.822 0.1000000015
87767  -61.162  19.811  36.412 0.1000000015
128758  -57.974  19.789  37.545 0.1000000015
85182  -46.869  16.596  38.787 0.1000000015
85183  -47.624  16.140  38.402 0.1000000015
86047  -46.445  17.241  39.184 0.1000000015
86924  -54.945  18.451  38.703 0.1000000015
86912  -55.299  18.597  39.431 0.1000000015
143675  -43.877  16.622  43.095 0.1000000015
85976  -41.335  17.420  46.786 0.1000000015
125708  -41.757  17.364  45.997 0.1000000015
91251  -42.404  24.491  44.211 0.2000000030
90566  -39.504  23.759  46.006 0.1000000015
90575  -39.915  23.788  45.449 0.1000000015
91249  -40.885  24.208  44.881 0.1000000015
91904  -46.343  24.845  42.521 0.4000000060
91913  -47.817  25.264  41.288 0.4000000060
91212  -36.478  24.426  49.651 0.1000000015
90553  -37.077  23.889  48.335 0.1000000015
90558  -38.168  23.771  47.296 0.1000000015
122557  -44.154  24.562  43.830 0.2000000030
139209  -43.195  24.474  44.891 0.2000000030
83494  -47.092  14.890  43.665 0.1000000015
85125  -52.357  16.733  42.532 0.1000000015
83500  -47.931  14.573  42.252 0.1000000015
137180  -51.547  16.402  41.544 0.1000000015
83510  -46.910  14.622  42.040 0.1000000015
84334  -46.824  15.637  39.932 0.1000000015
84335  -47.593  15.349  39.724 0.1000000015
84336  -48.443  15.303  39.509 0.1000000015
85171  -51.638  16.419  39.198 0.1000000015
84360  -49.156  15.892  37.854 0.1000000015
85184  -49.921  15.988  37.860 0.1000000015
85197  -50.329  16.339  37.100 0.1000000015
125747  -53.279  16.652  43.935 0.1000000015
85116  -54.012  16.880  43.857 0.1000000015
85142  -52.577  17.021  41.205 0.1000000015
85105  -52.716  16.530  44.395 0.1000000015
85107  -54.261  16.939  44.724 0.1000000015
84251  -47.146  15.685  45.214 0.1000000015
144201  -44.441  16.148  44.751 0.1000000015
129513  -44.057  16.352  44.993 0.1000000015
86049  -53.648  17.839  39.185 0.1000000015
88520  -58.585  20.731  45.565 0.1000000015
88514  -57.989  20.861  46.989 0.1000000015
143684  -53.420  16.736  45.508 0.1000000015
85082  -52.307  16.889  46.361 0.1000000015
85083  -53.262  16.969  46.262 0.1000000015
86001  -56.244  18.119  44.478 0.1000000015
85080  -50.547  16.866  46.654 0.1000000015
85088  -44.250  16.380  45.769 0.1000000015
86016  -55.680  17.977  42.296 0.1000000015
86030  -55.108  17.919  41.629 0.1000000015
86050  -54.432  18.259  39.455 0.1000000015
86077  -54.098  17.971  37.820 0.1000000015
81113  -57.270  11.170  40.989 0.1000000015
82713  -56.162  13.522  41.814 0.1000000015
80118  -56.483  11.232  54.005 0.1000000015
85006  -60.912  16.100  52.982 0.1000000015
86804  -61.488  18.636  53.180 0.1000000015
88460  -61.246  20.284  52.906 0.1000000015
89210  -60.785  21.725  51.335 0.1000000015
85990  -53.973  17.344  46.493 0.1000000015
86847  -55.091  19.385  47.647 0.1000000015
86861  -55.930  18.558  46.294 0.1000000015
88513  -57.149  20.730  47.524 0.1000000015
137270  -57.266  18.938  44.131 0.1000000015
87695  -58.372  20.018  44.384 0.1000000015
87703  -58.467  20.123  43.452 0.1000000015
126120  -57.932  19.633  43.016 0.1000000015
137406  -48.681  17.138  47.898 0.1000000015
85065  -47.982  16.872  47.446 0.1000000015
122625  -61.748  22.583  41.931 0.1000000015
89274  -60.150  21.746  41.900 0.1000000015
89960  -61.386  22.300  41.168 0.1000000015
85960  -43.629  17.092  48.065 0.1000000015
86903  -55.298  18.507  40.282 0.1000000015
138684  -62.270  21.665  41.008 0.1000000015
88556  -61.774  21.362  39.993 0.1000000015
87710  -61.590  19.776  41.641 0.1000000015
146353  -54.862  18.398  39.883 0.1000000015
86032  -59.468  18.081  41.556 0.1000000015
82712  -55.299  13.321  41.161 0.1000000015
135725  -59.005  12.899  60.411 0.1000000015
80954  -58.810  11.902  60.578 0.1000000015
80070  -58.456  11.417  59.320 0.1000000015
80079  -57.666  10.784  58.728 0.1000000015
82588  -57.145  13.660  58.674 0.1000000015
82600  -56.665  13.641  57.936 0.1000000015
86799  -61.336  18.288  53.953 0.1000000015
83443  -60.026  14.814  53.304 0.1000000015
85968  -51.442  17.861  48.449 0.1000000015
85963  -46.754  17.217  48.404 0.1000000015
89966  -61.741  21.841  40.227 0.1000000015
88565  -61.505  21.448  39.402 0.1000000015
123198  -42.855  17.206  48.230 0.1000000015
87720  -56.722  19.230  40.872 0.1000000015
136864  -60.280  18.790  38.883 0.1000000015
139287  -57.354  16.033  41.214 0.1000000015
81918  -54.799  12.589  40.358 0.1000000015
81122  -54.223  11.627  39.320 0.1000000015
128756  -61.414  17.635  53.604 0.1000000015
88473  -59.604  21.226  51.684 0.1000000015
86836  -53.648  19.345  48.536 0.1000000015
87674  -55.234  20.129  48.147 0.1000000015
88504  -56.351  20.667  48.021 0.1000000015
88486  -55.576  20.634  48.860 0.1000000015
85923  -43.002  17.129  49.660 0.1000000015
87721  -57.432  19.626  41.216 0.1000000015
84145  -58.949  15.246  57.106 0.1000000015
84993  -55.595  16.599  54.375 0.1000000015
85045  -49.326  17.044  49.695 0.1000000015
82608  -60.160  13.878  56.911 0.1000000015
81811  -60.038  13.827  56.195 0.1000000015
84184  -61.019  15.616  55.621 0.1000000015
84982  -58.000  16.436  55.798 0.1000000015
86792  -60.411  18.737  54.872 0.1000000015
85870  -57.390  17.024  55.224 0.1000000015
85883  -55.870  17.085  54.064 0.1000000015
85005  -55.439  16.912  52.771 0.1000000015
84160  -59.954  15.358  56.763 0.1000000015
137697  -57.738  17.624  54.907 0.1000000015
85030  -54.454  17.470  50.469 0.1000000015
91221  -38.573  24.413  47.645 0.1000000015
90565  -39.075  23.774  46.446 0.1000000015
91252  -44.820  24.148  44.692 0.2000000030
91275  -46.698  24.166  43.386 0.3000000119
91285  -48.204  24.411  42.172 0.3000000119
86798  -58.723  18.919  54.201 0.1000000015
86797  -58.249  18.877  53.478 0.1000000015
86803  -57.799  18.829  52.450 0.1000000015
86808  -57.348  18.987  51.406 0.1000000015
91286  -49.272  23.991  42.415 0.3000000119
91278  -50.344  23.732  42.874 0.3000000119
87688  -58.250  20.170  45.250 0.1000000015
89245  -58.429  21.809  48.027 0.1000000015
89911  -59.230  22.203  48.323 0.1000000015
127620  -58.769  20.564  44.865 0.1000000015
86896  -56.875  19.069  41.700 0.1000000015
88545  -58.840  20.656  41.953 0.1000000015
88537  -59.486  21.207  42.586 0.1000000015
87722  -58.167  20.117  41.553 0.1000000015
89251  -57.727  21.325  47.765 0.1000000015
88536  -58.820  20.558  42.806 0.1000000015
87709  -58.282  20.075  42.498 0.1000000015
95935  -43.628  31.182  34.432 0.2000000030
95941  -44.013  31.696  33.915 0.2000000030
95936  -44.419  30.942  34.188 0.2000000030
96501  -43.347  32.347  33.505 0.2000000030
95942  -44.938  31.545  33.687 0.2000000030
97061  -52.891  33.505  27.136 0.2000000030
97038  -47.237  33.612  30.648 0.4000000060
97037  -46.194  33.620  30.379 0.3000000119
96502  -44.327  32.295  33.360 0.2000000030
96510  -43.763  32.882  32.841 0.2000000030
96511  -44.642  32.835  32.743 0.3000000119
138098  -44.129  33.262  32.321 0.2000000030
97041  -51.476  33.501  28.492 0.2000000030
97060  -51.849  33.655  27.141 0.2000000030
97055  -46.917  33.682  29.229 0.3000000119
97554  -58.995  34.451  31.798 0.3000000119
97042  -52.432  33.330  28.486 0.2000000030
97092  -52.936  33.940  26.265 0.2000000030
95327  -43.906  30.278  34.626 0.2000000030
97079  -52.442  33.871  26.518 0.2000000030
97005  -43.019  33.048  32.944 0.1000000015
93269  -51.448  26.985  41.809 0.1000000015
93280  -52.275  27.742  40.853 0.1000000015
92612  -51.412  26.311  42.534 0.1000000015
127129  -51.432  27.648  41.067 0.1000000015
126504  -53.055  28.474  39.888 0.1000000015
93268  -50.443  27.016  41.878 0.1000000015
97012  -44.916  33.397  32.031 0.3000000119
146088  -52.287  28.753  39.572 0.1000000015
133064  -49.360  27.361  41.664 0.1000000015
144776  -50.727  27.537  41.284 0.1000000015
97011  -43.421  33.519  32.313 0.1000000015
97022  -44.502  33.607  31.039 0.1000000015
97036  -45.034  33.581  30.124 0.1000000015
140374  -44.948  33.473  29.100 0.1000000015
97053  -44.296  33.672  29.365 0.1000000015
122009  -43.936  33.566  31.683 0.2000000030
97035  -44.132  33.670  30.213 0.1000000015
96494  -42.654  32.111  34.002 0.1000000015
96500  -42.564  32.745  33.502 0.1000000015
95934  -42.848  31.469  34.536 0.1000000015
128922  -43.300  31.762  34.090 0.1000000015
95320  -43.263  29.945  35.116 0.1000000015
95326  -43.123  30.751  34.911 0.1000000015
94059  -43.651  28.445  34.802 0.1000000015
94704  -43.712  29.283  34.856 0.1000000015
93992  -51.413  28.277  40.282 0.1000000015
135571  -53.169  29.398  38.560 0.1000000015
95310  -55.978  30.978  36.623 0.1000000015
93279  -49.890  27.742  41.144 0.1000000015
93991  -50.485  28.142  40.562 0.1000000015
94002  -50.691  28.627  39.828 0.1000000015
94661  -52.494  29.114  39.049 0.1000000015
144353  -53.635  29.655  38.105 0.1000000015
126091  -45.551  33.581  31.240 0.3000000119
97054  -45.800  33.599  29.255 0.2000000030
97073  -46.322  33.684  28.145 0.1000000015
97074  -47.184  33.782  27.771 0.2000000030
97604  -46.532  34.143  26.971 0.1000000015
97605  -47.596  34.131  27.149 0.2000000030
98136  -47.475  35.372  28.175 0.2000000030
97071  -44.569  33.691  28.414 0.1000000015
97087  -45.016  33.804  27.458 0.1000000015
97603  -46.097  34.055  26.711 0.1000000015
98148  -46.590  34.361  27.046 0.1000000015
98135  -47.057  34.679  27.292 0.1000000015
98103  -47.678  35.975  29.734 0.1000000015
97615  -45.966  34.244  26.721 0.1000000015
98118  -46.765  35.729  28.056 0.1000000015
98659  -47.026  36.181  28.990 0.1000000015
97560  -43.143  34.301  31.224 0.1000000015
123660  -43.399  33.854  31.611 0.2000000030
97021  -43.625  33.827  30.815 0.2000000030
98667  -46.137  35.617  27.087 0.1000000015
127699  -47.311  36.701  29.593 0.1000000015
97010  -42.894  33.799  32.717 0.1000000015
97552  -43.033  34.089  32.022 0.1000000015
146075  -46.976  36.696  28.979 0.1000000015
95309  -54.994  30.997  36.750 0.1000000015
94671  -52.421  29.657  38.312 0.1000000015
95914  -56.280  31.820  36.431 0.2000000030
97075  -47.927  33.834  27.160 0.2000000030
97591  -47.994  34.224  26.783 0.2000000030
97602  -44.758  34.350  26.890 0.1000000015
138130  -45.737  34.300  26.653 0.1000000015
98119  -48.130  35.480  28.912 0.1000000015
97088  -45.855  33.754  27.271 0.1000000015
97581  -43.902  34.194  28.631 0.1000000015
98641  -47.739  36.672  30.499 0.1000000015
98102  -42.960  35.380  29.889 0.1000000015
97580  -43.369  34.705  29.344 0.1000000015
97540  -58.805  34.107  34.141 0.1000000015
94682  -52.880  29.943  37.848 0.1000000015
95913  -55.358  31.759  36.518 0.1000000015
98125  -54.783  35.531  28.129 0.1000000015
98139  -54.207  35.254  27.322 0.1000000015
98150  -53.567  34.763  26.678 0.1000000015
98124  -53.588  35.652  29.096 0.1000000015
97078  -51.241  34.166  26.774 0.1000000015
97595  -52.450  34.191  26.443 0.1000000015
98137  -52.532  34.823  26.860 0.1000000015
97077  -50.116  33.903  26.146 0.1000000015
98108  -52.572  35.514  29.245 0.1000000015
97594  -51.379  34.421  26.729 0.1000000015
98123  -51.983  35.149  27.908 0.1000000015
139337  -50.370  34.135  26.302 0.1000000015
124810  -51.203  35.420  30.620 0.1000000015
138408  -50.646  35.196  28.533 0.1000000015
98107  -51.462  35.378  29.305 0.1000000015
98091  -51.391  35.434  31.609 0.1000000015
132809  -47.710  33.718  28.400 0.2000000030
98077  -49.680  35.812  32.067 0.1000000015
97091  -48.352  33.833  26.119 0.2000000030
97582  -48.404  34.606  27.230 0.1000000015
98104  -48.428  35.710  30.004 0.1000000015
98088  -48.693  35.903  30.905 0.1000000015
98643  -48.909  36.189  31.723 0.1000000015
97590  -44.374  34.106  27.721 0.1000000015
97614  -45.307  34.620  26.479 0.1000000015
134994  -45.598  34.694  26.598 0.1000000015
98147  -46.009  34.598  26.747 0.1000000015
99184  -48.030  37.343  31.059 0.1000000015
98651  -48.124  36.121  30.596 0.1000000015
98636  -49.163  36.480  32.538 0.1000000015
99179  -48.927  37.313  32.772 0.1000000015
98117  -43.484  35.014  28.434 0.1000000015
98134  -43.965  34.873  27.450 0.1000000015
98145  -44.621  35.192  26.492 0.1000000015
98635  -48.519  36.951  31.977 0.1000000015
99200  -46.675  36.576  28.003 0.1000000015
99192  -47.492  37.337  29.938 0.1000000015
99754  -47.920  37.796  30.137 0.1000000015
99742  -48.567  37.763  31.966 0.1000000015
140917  -54.192  32.443  36.594 0.1000000015
129303  -54.508  31.774  36.606 0.1000000015
95903  -53.157  31.257  37.033 0.1000000015
96478  -56.743  32.752  36.356 0.2000000030
98095  -55.967  35.337  30.557 0.1000000015
98094  -55.127  35.569  30.280 0.1000000015
121339  -54.192  35.681  30.018 0.1000000015
98093  -53.366  35.559  31.218 0.1000000015
97059  -50.797  33.828  27.082 0.1000000015
121340  -53.203  35.632  30.114 0.1000000015
98092  -52.227  35.511  30.642 0.1000000015
97593  -49.728  34.014  25.915 0.1000000015
98079  -51.579  35.554  32.600 0.1000000015
98066  -50.838  35.807  33.212 0.1000000015
99173  -49.877  37.077  34.134 0.1000000015
132808  -48.843  33.661  26.525 0.1000000015
127649  -48.493  33.765  26.228 0.1000000015
98120  -48.846  35.309  28.735 0.1000000015
98105  -49.164  35.558  30.122 0.1000000015
98133  -43.394  35.906  27.857 0.1000000015
98666  -43.942  35.973  26.839 0.1000000015
98673  -44.710  36.210  26.272 0.1000000015
98674  -45.357  36.494  26.182 0.1000000015
122338  -45.536  35.569  26.503 0.1000000015
132611  -58.717  34.273  33.149 0.2000000030
95308  -54.059  31.072  36.864 0.1000000015
96988  -57.635  33.433  36.184 0.1000000015
97539  -58.576  34.363  34.755 0.1000000015
98096  -56.933  35.071  30.862 0.2000000030
96476  -54.889  32.513  36.518 0.1000000015
124621  -55.240  35.450  31.293 0.1000000015
98081  -53.916  35.517  32.149 0.1000000015
98080  -52.384  35.458  31.898 0.1000000015
98067  -51.791  35.802  33.456 0.1000000015
99166  -51.644  37.044  35.145 0.1000000015
129204  -51.123  36.158  33.907 0.1000000015
125462  -49.312  33.744  26.043 0.1000000015
97583  -49.333  34.590  26.941 0.1000000015
99165  -50.605  37.252  34.789 0.1000000015
97592  -48.942  33.966  25.894 0.1000000015
97546  -58.450  34.597  34.337 0.1000000015
96477  -55.729  32.568  36.435 0.1000000015
98083  -55.924  35.244  31.963 0.1000000015
98069  -54.343  35.541  33.026 0.1000000015
98082  -54.840  35.455  32.156 0.1000000015
98631  -53.904  35.880  33.817 0.1000000015
98068  -53.438  35.619  33.004 0.1000000015
98630  -52.794  35.942  33.821 0.1000000015
139494  -52.526  35.616  32.854 0.1000000015
124883  -52.439  36.546  34.710 0.1000000015
136759  -51.908  36.156  34.109 0.1000000015
100353  -51.386  39.465  37.127 0.1000000015
99154  -51.039  37.710  35.494 0.1000000015
97533  -58.003  34.522  35.492 0.1000000015
98062  -58.341  34.892  34.866 0.1000000015
139303  -58.227  35.014  34.585 0.1000000015
97545  -58.192  34.787  33.813 0.1000000015
97553  -58.194  34.660  32.389 0.2000000030
97527  -58.204  33.843  35.800 0.2000000030
97526  -57.416  34.368  36.047 0.1000000015
133215  -55.320  33.276  36.494 0.1000000015
96987  -56.745  33.717  36.333 0.1000000015
98047  -57.366  35.120  35.752 0.1000000015
98053  -57.196  35.590  35.537 0.1000000015
98061  -57.893  35.289  34.977 0.1000000015
140504  -57.751  35.250  34.386 0.1000000015
125982  -57.107  34.952  32.210 0.1000000015
133564  -56.037  34.076  36.444 0.1000000015
143748  -56.725  34.309  36.316 0.1000000015
97525  -56.699  35.019  36.277 0.1000000015
98084  -57.443  35.038  33.426 0.1000000015
96986  -55.072  34.083  36.588 0.1000000015
127767  -56.757  35.801  36.164 0.1000000015
98045  -55.657  35.758  37.006 0.1000000015
98046  -56.258  35.819  36.645 0.1000000015
98070  -55.288  35.482  33.060 0.1000000015
97523  -54.924  34.915  36.800 0.1000000015
98632  -54.824  35.782  33.821 0.1000000015
141339  -54.017  35.074  37.209 0.1000000015
98621  -54.529  36.234  34.557 0.1000000015
98620  -53.570  36.376  34.604 0.1000000015
140607  -52.486  37.052  35.357 0.1000000015
144416  -54.477  44.373  39.025 0.1000000015
142781  -53.592  42.933  39.140 0.1000000015
101671  -52.708  42.200  38.425 0.1000000015
102302  -54.062  43.723  38.834 0.1000000015
141320  -51.350  40.309  37.509 0.1000000015
100985  -52.101  40.009  37.791 0.1000000015
99718  -51.469  38.120  36.147 0.1000000015
98613  -56.599  36.225  36.102 0.1000000015
98059  -56.301  35.811  34.544 0.1000000015
98071  -56.354  35.356  33.343 0.1000000015
98039  -55.370  36.373  37.460 0.1000000015
98622  -55.929  36.339  35.280 0.1000000015
98058  -55.377  36.054  34.547 0.1000000015
128738  -54.408  36.022  37.592 0.1000000015
98612  -55.668  36.890  35.904 0.1000000015
132707  -53.410  35.687  37.644 0.1000000015
138379  -55.202  36.495  35.140 0.1000000015
99157  -53.984  37.401  35.908 0.1000000015
98611  -54.475  36.813  35.385 0.1000000015
99156  -52.983  37.460  35.804 0.1000000015
103508  -54.260  44.872  39.832 0.1000000015
102303  -54.425  42.865  39.916 0.1000000015
100986  -52.858  40.624  38.373 0.1000000015
100354  -52.529  39.192  37.366 0.1000000015
99706  -53.054  38.502  36.854 0.1000000015
124055  -51.966  38.619  36.754 0.1000000015
99155  -52.016  37.518  35.720 0.1000000015
98623  -56.628  36.067  35.453 0.1000000015
98060  -57.218  35.663  34.908 0.1000000015
98602  -56.319  36.424  36.594 0.1000000015
135784  -56.187  36.720  36.484 0.1000000015
138636  -56.237  36.518  35.856 0.1000000015
98040  -56.044  36.542  37.101 0.1000000015
98032  -52.850  36.217  38.059 0.1000000015
98594  -55.661  37.208  37.635 0.1000000015
99148  -55.778  37.312  36.852 0.1000000015
98584  -52.355  36.745  38.475 0.1000000015
98038  -53.859  36.473  38.035 0.1000000015
98587  -55.230  37.591  38.303 0.1000000015
99147  -55.274  37.735  36.845 0.1000000015
99158  -55.030  37.390  36.217 0.1000000015
99708  -55.044  38.170  37.205 0.1000000015
99146  -54.531  37.840  36.559 0.1000000015
127153  -53.623  42.121  39.211 0.1000000015
100976  -53.800  41.244  39.082 0.1000000015
100345  -53.250  39.782  38.010 0.1000000015
98586  -54.350  37.197  38.457 0.1000000015
145675  -55.610  38.037  37.906 0.1000000015
101672  -54.790  41.709  39.764 0.1000000015
100339  -54.149  40.375  38.696 0.1000000015
99696  -53.701  39.014  37.509 0.1000000015
98030  -50.497  35.534  38.184 0.1000000015
98031  -51.873  36.007  38.093 0.1000000015
99127  -52.774  37.478  38.843 0.1000000015
99128  -53.808  37.639  38.883 0.1000000015
99129  -54.773  37.894  38.827 0.1000000015
139499  -55.307  38.174  38.623 0.1000000015
99698  -55.387  38.381  37.875 0.1000000015
100978  -55.223  40.434  39.657 0.1000000015
100347  -55.233  39.142  38.510 0.1000000015
100346  -54.481  39.511  38.236 0.1000000015
99126  -51.838  37.292  38.797 0.1000000015
98575  -49.348  36.705  38.826 0.1000000015
98576  -50.266  37.218  38.908 0.1000000015
98582  -51.015  36.903  38.708 0.1000000015
99121  -55.375  38.640  38.732 0.1000000015
133522  -55.391  38.514  38.382 0.1000000015
99130  -55.581  38.010  38.156 0.1000000015
99119  -54.354  38.340  39.274 0.1000000015
99120  -55.118  38.557  39.099 0.1000000015
99116  -51.147  37.779  39.129 0.1000000015
100331  -55.295  39.938  39.552 0.1000000015
99679  -52.771  38.765  39.585 0.1000000015
144671  -50.321  37.868  39.237 0.1000000015
99678  -51.680  38.600  39.519 0.1000000015
99118  -53.296  38.159  39.270 0.1000000015
99677  -50.705  38.475  39.476 0.1000000015
133904  -48.039  40.780  40.642 0.1000000015
100314  -49.564  40.036  40.041 0.1000000015
100324  -49.088  39.261  39.785 0.1000000015
137244  -49.868  38.272  39.445 0.1000000015
100326  -51.108  39.279  39.779 0.1000000015
100313  -48.654  40.093  40.078 0.1000000015
100315  -50.495  40.013  40.110 0.1000000015
100327  -52.211  39.432  39.875 0.1000000015
100316  -51.542  40.159  40.210 0.1000000015
100328  -53.440  39.557  40.027 0.1000000015
100317  -52.873  40.396  40.346 0.1000000015
98090  -50.372  35.494  31.232 0.1000000015
98078  -50.587  35.600  32.341 0.1000000015
98121  -50.344  34.538  26.854 0.1000000015
98106  -50.557  35.390  29.897 0.1000000015
101679  -51.821  41.540  37.873 0.1000000015
122075  -49.804  35.250  28.774 0.1000000015
100352  -50.547  39.474  36.364 0.1000000015
99726  -50.277  38.001  35.160 0.1000000015
98629  -50.250  36.354  33.682 0.1000000015
98089  -49.432  35.695  31.157 0.1000000015
145586  -58.864  33.852  34.674 0.2000000030
97072  -45.397  33.589  28.278 0.1000000015
94003  -51.463  28.965  39.362 0.1000000015
97571  -43.702  33.985  29.779 0.1000000015
95295  -53.618  30.356  37.485 0.1000000015
97570  -43.255  34.455  30.320 0.2000000030
132419  -53.009  35.404  28.007 0.1000000015
98637  -49.898  35.993  32.962 0.1000000015
99172  -49.301  37.816  33.660 0.1000000015
141552  -53.136  35.519  32.240 0.1000000015
99164  -49.791  37.900  34.546 0.1000000015
133944  -56.059  33.264  36.409 0.1000000015
100975  -52.670  41.432  38.487 0.1000000015
130688  -51.830  40.808  37.999 0.1000000015
99719  -52.500  37.972  36.292 0.1000000015
98601  -56.087  37.005  37.071 0.1000000015
100957  -49.103  41.070  40.567 0.1000000015
90609  -50.159  23.648  43.705 0.2000000030
91918  -53.137  25.070  42.530 0.2000000030
91279  -51.287  23.969  43.036 0.2000000030
91268  -52.020  24.636  43.111 0.2000000030
92609  -52.808  25.743  42.673 0.2000000030
91906  -52.593  25.096  42.889 0.2000000030
92607  -51.286  25.582  43.143 0.2000000030
91280  -51.841  24.363  43.091 0.2000000030
91289  -52.440  24.665  42.890 0.2000000030
91900  -51.793  24.959  43.333 0.2000000030
91276  -48.041  23.889  42.904 0.2000000030
91907  -53.327  25.563  42.440 0.2000000030
91277  -49.495  23.555  43.314 0.2000000030
90610  -50.764  23.851  43.443 0.2000000030
92608  -52.134  25.606  42.913 0.2000000030
90603  -51.203  24.348  43.408 0.2000000030
124165  -43.198  24.452  46.253 0.1000000015
91253  -45.778  23.813  44.793 0.1000000015
91880  -42.687  25.171  47.738 0.1000000015
91225  -42.246  24.837  47.323 0.1000000015
144174  -42.909  24.577  47.075 0.1000000015
91235  -44.790  24.312  47.326 0.1000000015
140755  -44.044  24.312  46.539 0.1000000015
91245  -45.420  23.795  45.766 0.1000000015
90588  -48.139  23.554  45.533 0.1000000015
90599  -48.604  23.487  44.664 0.1000000015
91263  -47.009  23.645  44.191 0.1000000015
91264  -47.724  23.617  43.778 0.1000000015
91886  -46.792  24.698  47.709 0.1000000015
91893  -48.072  24.611  45.882 0.1000000015
91227  -44.270  24.714  48.012 0.1000000015
91236  -45.908  24.206  47.596 0.1000000015
91238  -47.318  24.133  46.920 0.1000000015
91247  -48.485  24.027  45.843 0.1000000015
91895  -49.458  24.422  44.705 0.1000000015
91899  -50.738  24.894  43.706 0.1000000015
90576  -47.102  23.554  46.355 0.1000000015
90587  -47.389  23.438  45.716 0.1000000015
90589  -48.812  23.763  45.268 0.1000000015
90591  -50.112  23.944  44.293 0.1000000015
91894  -48.657  24.646  45.175 0.1000000015
91233  -42.153  24.554  46.403 0.1000000015
140602  -44.534  24.128  45.389 0.1000000015
91244  -44.668  24.102  46.239 0.1000000015
90600  -49.428  23.550  44.196 0.1000000015
91267  -50.553  24.199  43.894 0.1000000015
90590  -49.481  23.810  44.669 0.1000000015
91265  -48.723  23.507  43.646 0.1000000015
91254  -46.767  23.526  44.907 0.1000000015
142755  -41.893  25.188  47.523 0.1000000015
91226  -43.272  24.831  47.694 0.1000000015
91232  -41.520  24.620  46.890 0.1000000015
91224  -41.219  24.921  47.358 0.1000000015
91234  -43.736  24.472  47.250 0.1000000015
121996  -45.448  23.967  46.791 0.1000000015
90586  -46.500  23.523  45.754 0.1000000015
90578  -48.250  23.777  45.880 0.1000000015
90598  -47.671  23.445  44.874 0.1000000015
91237  -46.701  24.186  47.432 0.1000000015
91890  -47.804  24.323  46.451 0.1000000015
91889  -47.216  24.841  47.077 0.1000000015
92596  -47.563  25.445  45.195 0.1000000015
91882  -44.773  25.056  48.412 0.1000000015
90568  -47.108  23.805  46.823 0.1000000015
90567  -46.377  23.743  46.752 0.1000000015
90577  -47.666  23.684  46.286 0.1000000015
91246  -47.965  23.930  46.312 0.1000000015
91255  -49.155  24.027  45.148 0.1000000015
91266  -50.092  24.320  44.256 0.1000000015
91256  -49.669  24.040  44.649 0.1000000015
91898  -49.749  24.940  44.109 0.1000000015
80237  -56.490  10.616  40.912 0.1000000015
81100  -55.460  11.915  41.195 0.1000000015
81102  -57.007  11.916  41.379 0.1000000015
81752  -58.922  12.517  60.534 0.1000000015
81931  -54.453  12.227  39.628 0.1000000015
82829  -47.787  13.400  26.975 0.1000000015
83513  -56.391  14.325  41.878 0.1000000015
83620  -47.471  14.557  30.485 0.1000000015
83644  -49.010  13.778  26.527 0.1000000015
84180  -53.904  15.269  54.085 0.1000000015
84301  -57.120  15.539  41.622 0.1000000015
84942  -43.642  16.764  59.804 0.1000000015
84955  -45.164  17.059  58.277 0.1000000015
84978  -35.393  16.330  54.802 0.1000000015
85003  -54.587  16.200  52.846 0.1000000015
85014  -55.408  17.080  51.647 0.1000000015
85060  -43.532  16.839  47.126 0.1000000015
85111  -44.171  16.267  43.354 0.1000000015
85143  -52.931  17.150  41.822 0.1000000015
85861  -37.786  17.268  56.413 0.1000000015
85868  -36.196  17.003  56.094 0.1000000015
85882  -34.947  17.954  54.223 0.1000000015
86017  -56.116  18.099  42.839 0.1000000015
86038  -54.944  18.197  40.882 0.1000000015
86201  -54.718  18.487  26.762 0.2000000030
86762  -44.162  18.065  57.335 0.1000000015
86773  -35.868  18.412  55.354 0.1000000015
86823  -36.320  18.423  49.412 0.1000000015
86832  -36.503  18.763  48.584 0.1000000015
86899  -44.768  19.033  40.867 0.2000000030
87056  -47.544  18.156  25.543 0.3000000119
87601  -41.433  19.536  56.420 0.1000000015
87607  -37.134  20.014  55.253 0.1000000015
87649  -56.392  19.889  49.845 0.1000000015
88466  -60.500  21.221  52.207 0.1000000015
88494  -55.649  20.548  48.438 0.1000000015
88552  -44.974  20.193  40.153 0.3000000119
88679  -47.270  21.554  24.072 0.6000000238
88704  -52.298  21.820  22.518 0.6000000238
89182  -39.785  21.328  55.146 0.1000000015
89188  -36.791  21.353  54.253 0.1000000015
89235  -36.059  21.302  48.259 0.1000000015
89275  -60.717  22.233  42.288 0.1000000015
89410  -51.984  22.132  21.834 0.6000000238
89869  -41.766  22.341  55.138 0.1000000015
89871  -44.779  22.897  56.058 0.1000000015
89874  -38.850  22.529  54.245 0.1000000015
89875  -40.371  22.481  54.630 0.1000000015
89885  -37.466  22.474  53.730 0.1000000015
89893  -36.924  22.936  53.089 0.1000000015
89904  -60.182  22.485  49.367 0.1000000015
89967  -62.129  21.964  40.767 0.1000000015
90079  -50.414  22.409  21.584 0.6000000238
90080  -52.293  22.813  21.645 0.6999999881
90083  -50.995  22.992  21.060 0.6999999881
90540  -36.537  23.341  52.558 0.1000000015
90601  -50.004  23.738  44.197 0.2000000030
90602  -50.534  23.905  43.884 0.2000000030
90736  -49.380  23.948  22.199 0.6999999881
90746  -52.097  23.388  21.181 0.6999999881
91191  -39.492  24.402  53.553 0.1000000015
91288  -51.863  24.336  42.589 0.2000000030
91422  -51.602  24.385  20.966 0.6999999881
91952  -46.268  25.302  38.747 0.5000000000
92010  -60.712  25.850  30.585 0.8000000119
92011  -60.805  25.961  30.303 0.8000000119
92022  -60.344  25.781  29.720 0.8000000119
92034  -58.495  26.270  28.064 0.8999999762
92036  -60.318  25.968  29.387 0.8000000119
92078  -52.537  25.727  22.646 0.8000000119
92088  -50.050  25.237  22.157 0.6999999881
92092  -52.658  26.417  22.501 0.8000000119
92101  -51.983  24.959  21.316 0.8000000119
92617  -55.472  26.164  41.574 0.3000000119
92621  -54.748  25.719  41.297 0.4000000060
92704  -60.730  26.599  31.291 0.8000000119
92713  -60.667  26.223  31.300 0.8000000119
92724  -60.671  25.979  29.861 0.8000000119
92785  -52.750  27.068  22.619 0.8999999762
92786  -53.089  26.867  23.085 0.8999999762
92794  -49.715  25.386  22.629 0.8000000119
93283  -55.725  26.465  41.374 0.3000000119
93292  -57.951  27.321  40.134 0.4000000060
93293  -58.399  27.553  39.964 0.4000000060
93315  -58.363  27.488  39.705 0.4000000060
93400  -60.780  26.222  30.520 0.8000000119
93444  -54.280  27.980  25.649 1.0000000000
93457  -53.000  28.017  23.599 0.8999999762
94004  -52.238  28.378  40.085 0.1000000015
94017  -58.897  27.939  39.613 0.3000000119
94128  -53.993  28.250  26.028 1.0000000000
94138  -52.979  28.443  24.949 0.8999999762
94158  -52.455  27.893  23.393 1.0000000000
94676  -58.610  28.283  39.642 0.3000000119
94686  -59.452  29.017  38.728 0.3000000119
94700  -60.643  29.552  35.804 0.5000000000
95314  -60.810  30.097  36.441 0.4000000060
95957  -55.994  31.571  32.231 0.6999999881
96488  -60.287  32.241  35.429 0.4000000060
96538  -60.510  32.164  31.261 0.4000000060
96551  -60.068  33.673  29.662 0.4000000060
96994  -58.718  33.796  35.137 0.3000000119
97000  -59.137  33.411  34.924 0.2000000030
97064  -56.032  34.204  28.475 0.4000000060
97076  -48.721  33.806  26.026 0.1000000015
97081  -54.798  34.297  27.223 0.3000000119
97089  -46.626  33.877  27.109 0.1000000015
97090  -47.231  33.971  27.081 0.1000000015
97093  -53.416  34.081  26.263 0.1000000015
97094  -54.104  34.220  26.686 0.3000000119
97524  -55.819  34.954  36.599 0.1000000015
97574  -59.361  34.203  29.351 0.5000000000
97606  -53.130  34.289  26.306 0.1000000015
97607  -53.627  34.394  26.489 0.1000000015
97608  -54.170  34.753  26.950 0.1000000015
97609  -54.691  34.611  27.176 0.3000000119
98054  -57.933  35.035  35.238 0.1000000015
98072  -57.021  35.436  34.157 0.1000000015
98110  -55.849  35.374  29.381 0.2000000030
98122  -51.128  34.975  27.804 0.1000000015
98126  -55.546  35.323  28.430 0.4000000060
98138  -53.408  35.123  27.124 0.1000000015
98140  -55.008  35.113  27.588 0.3000000119
98146  -45.222  35.443  26.299 0.1000000015
98149  -53.009  34.636  26.504 0.1000000015
98581  -50.180  36.293  38.535 0.1000000015
98583  -51.618  36.624  38.492 0.1000000015
98585  -53.309  36.931  38.486 0.1000000015
98593  -54.915  36.811  37.985 0.1000000015
98610  -53.315  36.899  35.316 0.1000000015
98618  -50.611  36.643  34.243 0.1000000015
98619  -51.382  36.589  34.514 0.1000000015
98628  -49.451  36.789  33.370 0.1000000015
98642  -48.273  36.553  31.197 0.1000000015
99117  -52.227  37.998  39.228 0.1000000015
99138  -55.617  37.521  37.526 0.1000000015
99145  -53.532  37.905  36.385 0.1000000015
99676  -49.370  38.628  39.596 0.1000000015
99680  -53.908  38.916  39.662 0.1000000015
99681  -54.848  39.138  39.551 0.1000000015
99682  -55.290  39.264  39.303 0.1000000015
99689  -55.388  39.222  38.961 0.1000000015
99697  -54.786  38.768  37.699 0.1000000015
99705  -51.105  38.793  36.495 0.1000000015
99707  -54.133  38.378  36.990 0.1000000015
99709  -55.511  37.810  37.424 0.1000000015
100325  -50.048  39.120  39.723 0.1000000015
100340  -55.117  40.055  38.962 0.1000000015
100341  -55.295  39.796  39.164 0.1000000015
100977  -54.897  40.838  39.500 0.1000000015
100984  -51.122  40.974  37.425 0.1000000015
102310  -52.118  42.298  37.558 0.1000000015
102904  -54.113  44.280  40.233 0.1000000015
102918  -54.311  44.104  39.685 0.1000000015
123801  -54.434  35.566  31.210 0.1000000015
124071  -45.851  15.140  42.877 0.1000000015
124166  -41.659  17.303  48.414 0.1000000015
124635  -61.117  16.154  55.392 0.1000000015
125971  -58.777  34.649  31.086 0.3000000119
127680  -51.253  16.424  44.794 0.1000000015
130005  -45.259  16.156  45.926 0.1000000015
131745  -51.928  27.733  23.286 0.8000000119
132190  -59.443  25.726  29.539 0.6999999881
132926  -49.861  35.485  30.349 0.1000000015
134717  -44.744  17.514  57.610 0.1000000015
135324  -45.508  34.073  26.708 0.1000000015
135510  -37.745  19.456  55.670 0.1000000015
138370  -43.309  23.633  55.463 0.1000000015
138940  -39.274  18.280  45.811 0.2000000030
139109  -53.995  35.573  28.010 0.1000000015
140631  -54.892  35.631  37.228 0.1000000015
140695  -60.695  27.191  32.112 0.8000000119
141397  -55.598  35.682  33.880 0.1000000015
142430  -47.526  14.614  41.539 0.1000000015
143140  -48.057  40.045  40.134 0.1000000015
143313  -57.305  26.834  40.067 0.4000000060
143628  -39.936  20.965  43.372 0.3000000119
143732  -49.124  23.623  44.745 0.1000000015
144118  -56.166  26.686  39.572 0.6000000238
144198  -52.884  33.763  26.418 0.2000000030
144486  -54.382  35.674  28.871 0.1000000015
144500  -35.472  15.123  54.408 0.1000000015
144933  -48.165  17.034  50.197 0.1000000015
144964  -49.679  23.582  21.829 0.6000000238
145342  -52.422  14.724  32.184 0.1000000015
145475  -48.459  33.668  26.405 0.2000000030
145529  -50.485  16.826  49.528 0.1000000015
145580  -48.853  22.866  28.564 0.8000000119
145913  -44.524  24.678  43.380 0.4000000060
146106  -54.233  43.514  39.589 0.1000000015
146200  -39.451  18.076  56.469 0.1000000015
146266  -51.533  20.976  22.763 0.6000000238
146496  -35.161  22.127  50.315 0.1000000015
146608  -60.266  29.248  35.135 0.6000000238
