#!ascii label  , from subject sub-v2s4x29592_ses-1 vox2ras=TkReg
10811
61276  10.080  -6.472  96.366 0.5000000000
59462  14.930  -9.096  93.404 0.3750000000
127070  16.953  -9.901  93.807 0.3750000000
58426  18.336  -9.807  93.925 0.5000000000
60413  19.764  -9.745  93.625 0.6250000000
61306  20.227  -8.003  93.766 0.7500000000
61294  19.905  -8.579  93.955 0.6250000000
62228  21.402  -7.607  92.753 1.0000000000
63165  21.955  -7.073  91.882 1.0000000000
63166  21.083  -7.159  92.223 1.0000000000
143366  23.510  -5.038  90.711 1.0000000000
134678  23.260  -5.931  90.892 1.0000000000
131554  22.476  -6.268  90.896 1.0000000000
64185  22.298  -5.338  90.576 1.0000000000
63175  21.842  -6.545  91.083 1.0000000000
65162  23.277  -4.130  90.788 1.0000000000
65163  22.660  -4.179  90.774 1.0000000000
65181  21.998  -4.739  90.778 1.0000000000
129166  21.589  -5.030  90.417 1.0000000000
65190  21.195  -4.461  90.136 1.0000000000
68138  6.069  -1.507  85.260 1.0000000000
62181  10.013  -6.013  97.217 0.7500000000
134292  11.210  -6.355  96.324 0.6250000000
61259  10.475  -6.262  96.727 0.6250000000
60394  12.302  -7.399  95.326 0.5000000000
124893  11.541  -6.877  95.503 0.3750000000
59463  14.074  -8.637  93.590 0.5000000000
60414  13.089  -8.172  94.176 0.5000000000
60403  13.125  -7.852  94.901 0.5000000000
58458  16.010  -9.678  93.288 0.3750000000
59461  15.521  -9.324  93.581 0.3750000000
58428  17.433  -9.750  94.051 0.3750000000
60399  19.496  -9.215  94.071 0.6250000000
59445  18.341  -9.557  94.229 0.6250000000
139703  18.094  -9.650  94.170 0.6250000000
62229  20.447  -7.545  93.287 1.0000000000
134624  8.934  -1.424  88.369 1.0000000000
63176  21.365  -6.604  91.274 1.0000000000
67150  8.702  -2.379  88.553 1.0000000000
64205  21.284  -5.790  90.244 1.0000000000
64216  20.837  -5.760  89.548 1.0000000000
67162  8.472  -1.945  87.614 1.0000000000
66147  23.847  -3.124  90.946 0.8750000000
66138  23.231  -3.290  90.846 1.0000000000
67105  22.373  -2.532  90.989 1.0000000000
66149  22.363  -3.210  90.982 1.0000000000
67128  21.636  -3.080  90.803 1.0000000000
65201  20.869  -4.754  89.404 1.0000000000
64229  20.168  -5.282  88.298 1.0000000000
68122  7.618  -1.637  86.324 1.0000000000
68123  6.822  -1.602  85.703 1.0000000000
67102  23.894  -2.638  91.061 0.8750000000
66137  23.921  -3.728  90.812 1.0000000000
67116  22.110  -2.670  91.043 1.0000000000
128667  21.087  -2.618  90.380 1.0000000000
65191  20.863  -3.951  89.800 1.0000000000
65214  20.396  -4.553  88.652 1.0000000000
65215  19.887  -4.352  87.968 1.0000000000
68139  5.217  -1.377  84.785 1.0000000000
66187  20.091  -2.916  88.647 1.0000000000
130261  20.099  -3.739  88.442 1.0000000000
67205  5.088  -2.208  84.395 1.0000000000
66091  8.599  -4.620  97.774 1.0000000000
127641  10.087  -5.102  97.501 0.8750000000
128939  11.987  -6.131  96.641 0.7500000000
63118  9.220  -5.609  97.635 0.8750000000
61258  12.018  -6.473  96.413 0.7500000000
62192  10.804  -6.089  96.856 0.6250000000
60402  13.883  -8.003  95.161 0.5000000000
60393  13.163  -7.550  95.500 0.5000000000
60379  12.352  -6.994  95.792 0.5000000000
61275  11.925  -6.618  96.118 0.6250000000
129101  14.971  -8.809  94.038 0.3750000000
59450  13.948  -8.359  94.477 0.5000000000
58430  16.793  -9.671  93.975 0.3750000000
60401  18.210  -9.118  94.590 0.6250000000
58429  16.858  -9.853  93.921 0.5000000000
129685  18.968  -8.524  94.390 0.6250000000
63167  20.133  -7.051  92.989 0.8750000000
132778  20.503  -6.896  92.139 1.0000000000
141773  9.418  -1.076  90.031 1.0000000000
68101  9.072  -1.779  89.243 1.0000000000
63184  21.107  -6.397  90.836 1.0000000000
63193  20.666  -6.365  90.308 1.0000000000
68100  9.299  -0.808  89.066 1.0000000000
64228  20.572  -5.305  88.914 1.0000000000
121646  23.206  -2.213  91.126 1.0000000000
129578  22.654  -2.159  91.065 1.0000000000
68121  8.210  -1.248  87.010 1.0000000000
68155  3.749  -1.487  83.882 1.0000000000
68065  23.639  -1.845  91.175 1.0000000000
133491  21.968  -1.894  91.008 1.0000000000
67117  21.629  -1.975  90.852 1.0000000000
67138  20.629  -2.289  89.750 1.0000000000
65228  19.335  -4.085  87.099 1.0000000000
64252  19.123  -4.974  86.879 1.0000000000
67139  20.240  -2.111  89.027 1.0000000000
67160  18.776  -2.029  86.944 1.0000000000
66200  19.055  -2.916  87.024 1.0000000000
66215  18.768  -3.491  86.521 1.0000000000
66228  18.295  -3.474  85.885 1.0000000000
67189  18.110  -1.880  85.826 1.0000000000
133413  17.983  -2.645  85.508 1.0000000000
72034  -4.817  2.725  93.307 1.0000000000
72031  -5.136  2.613  94.077 1.0000000000
72976  -5.486  3.368  94.467 1.0000000000
72025  -5.403  2.595  94.668 1.0000000000
72039  -4.592  2.954  92.359 1.0000000000
65109  9.232  -4.818  97.665 0.8750000000
72046  -4.298  2.829  91.349 1.0000000000
70002  -5.794  1.137  95.374 1.0000000000
63115  12.439  -5.508  96.775 0.8750000000
63116  11.402  -5.449  97.043 0.7500000000
61256  13.957  -6.812  96.522 0.6250000000
61257  12.900  -6.604  96.456 0.7500000000
135941  14.608  -8.024  95.388 0.5000000000
144111  13.832  -7.718  95.634 0.5000000000
60378  13.325  -7.302  95.916 0.5000000000
61274  12.711  -6.846  96.180 0.6250000000
73021  -3.332  3.526  88.377 1.0000000000
59435  15.344  -8.549  94.702 0.5000000000
73036  -3.040  3.315  87.649 1.0000000000
59449  16.029  -9.326  94.052 0.3750000000
72093  -2.680  2.994  87.026 0.8750000000
59431  17.863  -9.180  94.516 0.6250000000
71108  -2.088  1.778  85.626 0.8750000000
72119  -2.202  2.289  85.798 0.8750000000
60400  18.695  -9.037  94.434 0.7500000000
72118  -1.616  2.410  85.237 0.8750000000
135211  19.628  -7.613  93.809 0.7500000000
62214  19.143  -7.885  94.175 0.7500000000
71121  -0.362  1.737  84.453 0.8750000000
69058  9.808  -0.022  90.386 1.0000000000
71120  0.440  1.599  84.357 0.8750000000
135070  20.692  -6.691  91.491 1.0000000000
69072  12.714  0.129  88.600 1.0000000000
70053  11.796  0.680  89.581 1.0000000000
69128  0.924  0.107  83.542 1.0000000000
63203  20.258  -6.005  88.884 1.0000000000
69081  12.818  -0.645  88.094 1.0000000000
71039  12.115  0.736  88.813 1.0000000000
71029  11.046  0.980  89.702 1.0000000000
70055  9.812  0.763  89.591 1.0000000000
69125  3.549  -0.597  84.173 1.0000000000
69127  1.870  0.037  83.482 1.0000000000
68113  12.805  -1.491  87.843 1.0000000000
70063  12.205  0.583  88.067 1.0000000000
71054  11.517  1.157  88.284 1.0000000000
71042  10.144  1.282  88.930 1.0000000000
69065  9.382  0.223  88.920 1.0000000000
69073  9.120  -0.450  88.264 1.0000000000
68067  22.407  -1.372  91.205 1.0000000000
69043  21.881  -0.457  91.193 1.0000000000
64239  19.595  -5.248  87.556 1.0000000000
68114  12.589  -1.068  87.582 1.0000000000
69093  12.284  -0.697  87.372 1.0000000000
143574  12.145  0.319  87.646 1.0000000000
71068  11.110  1.230  87.483 1.0000000000
71056  9.922  1.390  88.075 1.0000000000
70078  9.343  1.000  87.899 1.0000000000
137497  8.968  0.128  87.800 1.0000000000
69124  4.345  -0.952  84.535 1.0000000000
67207  3.172  -2.220  83.560 1.0000000000
68081  21.345  -1.039  90.728 1.0000000000
68096  20.511  -0.803  89.481 1.0000000000
70091  12.020  -0.012  87.334 1.0000000000
70092  11.584  0.225  86.922 1.0000000000
71069  10.350  1.324  87.421 1.0000000000
71070  9.624  1.214  87.394 1.0000000000
69082  8.421  -0.137  87.379 1.0000000000
69095  7.747  -0.669  86.738 1.0000000000
69096  7.010  -0.877  86.186 1.0000000000
69111  5.670  -0.814  85.589 1.0000000000
68154  4.505  -1.813  84.171 1.0000000000
68079  24.162  -1.269  91.061 1.0000000000
68105  19.691  -1.211  87.874 1.0000000000
68111  19.183  -1.562  87.416 1.0000000000
135381  18.446  -1.753  86.395 1.0000000000
69094  11.760  -0.478  86.898 1.0000000000
70106  11.349  -0.164  86.423 1.0000000000
71086  10.735  1.078  86.856 1.0000000000
70080  8.400  0.831  87.325 1.0000000000
69083  7.841  0.253  87.150 1.0000000000
69084  7.049  -0.140  86.840 1.0000000000
69106  18.145  -0.676  85.465 1.0000000000
68134  17.974  -1.374  85.476 1.0000000000
67190  17.775  -1.956  85.146 1.0000000000
127233  17.592  -2.741  84.827 1.0000000000
69108  11.504  -0.894  86.303 1.0000000000
71101  10.360  0.811  86.275 1.0000000000
71087  9.815  1.167  86.692 1.0000000000
71071  8.920  1.173  86.926 1.0000000000
68135  17.776  -1.335  84.909 1.0000000000
122177  -4.850  3.492  93.017 1.0000000000
72979  -5.186  3.459  93.721 1.0000000000
73927  -5.411  4.247  94.142 1.0000000000
145009  -4.751  3.942  92.371 1.0000000000
72971  -5.651  3.301  94.856 1.0000000000
72987  -4.473  3.648  91.594 1.0000000000
72026  -5.686  2.922  95.063 1.0000000000
70996  -5.575  1.822  95.147 1.0000000000
66090  9.553  -4.458  97.493 1.0000000000
67052  9.048  -3.845  97.362 1.0000000000
72022  -5.914  2.469  95.282 1.0000000000
66089  10.232  -4.688  97.400 1.0000000000
73008  -3.944  3.581  90.007 1.0000000000
70003  -6.698  1.180  95.422 1.0000000000
64125  12.625  -5.111  96.784 0.8750000000
65108  10.918  -4.866  97.305 1.0000000000
72057  -4.014  2.819  90.475 1.0000000000
130915  -6.293  0.428  95.429 1.0000000000
132124  13.813  -6.462  96.581 0.8750000000
63127  13.146  -6.013  96.654 0.8750000000
64135  13.632  -5.659  96.589 0.8750000000
73007  -3.585  3.617  89.195 1.0000000000
68998  -6.585  -0.237  95.136 1.0000000000
60376  15.498  -7.781  95.898 0.3750000000
61272  14.664  -7.364  96.257 0.5000000000
68031  -6.509  -0.755  94.548 1.0000000000
67077  -5.816  -1.571  94.152 1.0000000000
67085  -6.129  -1.435  93.940 0.8750000000
59434  16.089  -8.762  94.711 0.3750000000
60391  16.153  -8.234  95.311 0.3750000000
60388  17.576  -8.774  94.697 0.6250000000
59432  17.203  -9.120  94.739 0.5000000000
144733  16.562  -9.326  94.301 0.5000000000
69034  10.529  -0.978  92.036 1.0000000000
133910  18.336  -8.498  94.598 0.6250000000
70030  11.384  -0.298  91.188 1.0000000000
70020  11.035  -0.749  91.883 1.0000000000
68091  13.560  -1.092  90.401 1.0000000000
69064  13.261  -0.476  89.698 1.0000000000
70051  12.935  0.021  89.950 1.0000000000
70029  12.262  -0.277  91.095 1.0000000000
70031  11.092  -0.337  91.202 1.0000000000
69047  10.358  -0.403  91.045 1.0000000000
69048  9.985  -1.020  91.799 1.0000000000
63157  19.481  -7.247  93.601 0.8750000000
67140  13.722  -2.328  89.464 1.0000000000
68098  13.696  -1.673  89.914 1.0000000000
68099  13.453  -1.027  89.394 1.0000000000
70040  12.218  0.194  90.237 1.0000000000
127728  10.774  0.023  90.728 1.0000000000
70043  10.335  0.460  90.271 1.0000000000
120747  19.666  -6.761  92.679 0.8750000000
67141  13.446  -1.642  89.114 1.0000000000
69071  13.144  -0.485  88.926 1.0000000000
70042  10.799  0.641  90.251 1.0000000000
71119  1.322  1.492  84.448 1.0000000000
67149  13.399  -2.353  88.778 1.0000000000
68106  13.171  -1.118  88.642 1.0000000000
70054  10.422  1.063  89.708 1.0000000000
69126  2.724  -0.245  83.777 1.0000000000
70126  2.483  0.543  84.221 1.0000000000
123386  20.118  -6.462  89.698 1.0000000000
67161  12.994  -2.486  87.963 1.0000000000
123451  13.129  -1.760  88.489 1.0000000000
71041  10.837  1.296  89.030 1.0000000000
69114  3.289  0.210  84.659 1.0000000000
69029  22.606  -0.776  91.271 1.0000000000
69030  22.210  -0.768  91.272 1.0000000000
69054  21.556  -0.008  90.949 1.0000000000
69112  4.817  -0.557  85.396 1.0000000000
69062  20.773  -0.188  89.847 1.0000000000
69063  20.373  -0.397  88.987 1.0000000000
66229  17.773  -3.481  85.210 1.0000000000
67174  12.587  -2.338  87.160 1.0000000000
68120  12.275  -1.536  87.005 1.0000000000
69097  6.185  -0.378  86.442 1.0000000000
69091  19.263  0.217  86.909 1.0000000000
69092  18.653  -0.389  86.346 1.0000000000
128495  11.786  -1.372  86.491 1.0000000000
69107  11.898  -1.023  86.859 1.0000000000
70107  10.795  0.205  86.021 1.0000000000
127268  7.715  0.911  87.328 1.0000000000
69137  18.075  -0.369  84.258 1.0000000000
69138  17.739  -0.843  83.828 1.0000000000
68137  11.507  -1.475  85.819 1.0000000000
71102  9.380  1.079  85.909 1.0000000000
71088  8.988  1.361  86.312 1.0000000000
71072  7.977  1.238  87.083 1.0000000000
67203  17.489  -2.059  84.382 1.0000000000
69121  11.170  -1.089  85.472 1.0000000000
69109  11.055  -0.495  85.815 1.0000000000
70123  10.402  -0.167  85.412 1.0000000000
70108  9.992  0.466  85.699 1.0000000000
71117  9.201  0.645  85.396 1.0000000000
132594  -7.471  -3.830  85.358 0.8750000000
73932  -5.006  4.335  93.263 1.0000000000
72977  -5.706  4.110  94.753 1.0000000000
72972  -5.933  3.619  95.151 1.0000000000
72968  -7.101  3.231  95.560 1.0000000000
72027  -6.265  3.124  95.420 1.0000000000
68006  9.841  -3.515  96.922 1.0000000000
72024  -7.680  2.589  95.411 1.0000000000
66098  11.483  -4.358  96.914 1.0000000000
66099  10.609  -4.291  97.148 1.0000000000
72028  -8.277  2.262  95.038 1.0000000000
70999  -7.931  1.883  95.241 1.0000000000
70004  -7.500  1.268  95.259 0.8750000000
70997  -6.278  1.865  95.401 1.0000000000
65107  11.995  -5.067  97.082 1.0000000000
67050  11.259  -3.758  96.649 1.0000000000
70009  -8.531  1.242  94.297 0.8750000000
137230  -7.996  1.434  95.033 0.8750000000
131564  -7.079  0.495  95.290 1.0000000000
69007  -8.429  0.623  94.149 0.8750000000
133862  -7.712  0.751  94.942 0.8750000000
133368  -7.147  -0.078  94.888 0.8750000000
61255  14.920  -7.018  96.495 0.7500000000
62190  14.495  -6.779  96.552 0.8750000000
68993  10.751  -2.300  95.283 1.0000000000
69017  -8.763  0.351  93.615 0.8750000000
68054  -8.117  -0.139  93.858 0.8750000000
69006  -7.577  0.063  94.603 0.8750000000
68044  -6.908  -0.623  94.329 0.8750000000
60375  15.817  -8.013  95.731 0.6250000000
61271  15.466  -7.345  96.229 0.7500000000
69000  11.664  -1.687  94.173 1.0000000000
73979  -3.191  4.144  87.692 1.0000000000
68053  -7.601  -0.936  93.310 0.8750000000
68045  -7.333  -0.545  93.984 0.8750000000
60390  16.773  -8.368  95.125 0.6250000000
140837  11.683  -1.360  93.583 1.0000000000
69022  11.113  -1.372  93.237 1.0000000000
73991  -2.383  4.333  86.143 0.8750000000
73045  -2.402  3.446  86.220 0.8750000000
68062  -7.920  -1.235  92.613 0.8750000000
67093  -6.664  -1.476  93.251 0.8750000000
61284  17.989  -7.925  94.769 0.7500000000
61286  17.142  -8.254  95.065 0.6250000000
70013  11.675  -0.951  92.399 1.0000000000
70014  11.299  -1.066  92.459 1.0000000000
74003  -1.853  3.865  85.606 0.8750000000
61295  18.353  -7.967  94.580 0.7500000000
68082  13.659  -1.400  91.447 1.0000000000
69044  13.228  -1.189  91.923 1.0000000000
69045  12.820  -0.653  91.341 1.0000000000
123138  11.814  -0.538  91.649 1.0000000000
70019  11.375  -0.642  91.766 1.0000000000
63150  18.940  -7.225  93.923 0.7500000000
67130  14.291  -2.535  91.240 1.0000000000
129407  13.894  -1.798  90.887 1.0000000000
69056  13.347  -0.926  91.133 1.0000000000
70039  12.705  -0.211  90.607 1.0000000000
72117  -0.592  2.857  84.976 0.8750000000
66169  14.381  -3.069  90.491 1.0000000000
67131  14.041  -2.398  90.301 1.0000000000
72129  0.298  2.255  84.662 0.8750000000
67148  13.727  -2.968  89.076 1.0000000000
63177  19.981  -6.701  91.908 1.0000000000
66180  14.077  -3.128  89.730 1.0000000000
66188  13.423  -3.191  88.464 1.0000000000
69113  4.054  -0.151  85.080 1.0000000000
66208  -7.786  -3.942  88.109 0.8750000000
69028  23.344  -0.917  91.229 1.0000000000
69041  23.029  0.046  91.235 1.0000000000
70028  22.043  0.372  91.065 1.0000000000
70037  21.679  0.465  90.767 1.0000000000
63215  19.672  -6.032  88.265 1.0000000000
69098  5.220  -0.214  86.356 1.0000000000
69040  23.886  -0.136  91.054 1.0000000000
141674  23.533  0.455  91.108 1.0000000000
70060  20.648  0.564  88.877 1.0000000000
71053  20.284  0.612  88.031 1.0000000000
128862  -7.812  -3.897  86.487 0.8750000000
70104  18.962  0.404  86.202 1.0000000000
70121  18.875  0.531  85.552 1.0000000000
67175  12.224  -2.508  86.388 1.0000000000
70140  18.941  0.625  84.808 1.0000000000
125276  17.315  -1.852  83.716 0.8750000000
68136  11.847  -1.933  86.140 1.0000000000
71089  8.176  1.543  86.463 1.0000000000
71131  18.806  0.454  83.186 1.0000000000
70156  17.792  -0.467  82.555 1.0000000000
69150  17.532  -0.875  82.962 0.8750000000
71103  8.535  1.078  85.350 1.0000000000
140225  8.488  1.451  85.821 1.0000000000
69122  10.687  -0.739  85.043 1.0000000000
69123  9.983  -0.422  84.631 1.0000000000
70124  9.549  0.126  85.061 1.0000000000
69139  10.269  -0.941  84.207 1.0000000000
70143  9.121  -0.066  84.227 1.0000000000
65279  -7.463  -4.191  84.184 0.8750000000
63301  -7.056  -5.833  80.074 0.5000000000
61434  -5.805  -7.685  78.524 0.2500000000
129180  -6.594  -7.435  78.038 0.2500000000
129655  -6.660  -6.504  79.574 0.2500000000
61421  -6.190  -7.329  78.911 0.2500000000
62327  -6.782  -6.873  79.105 0.3750000000
143575  -5.849  4.873  94.840 1.0000000000
141679  -6.129  4.411  95.168 1.0000000000
125789  -4.322  4.158  91.070 1.0000000000
67061  10.656  -3.120  96.458 1.0000000000
68012  9.921  -2.937  96.433 1.0000000000
73954  -4.088  4.297  90.410 1.0000000000
129062  -3.732  5.175  89.090 1.0000000000
71004  -8.487  1.723  94.440 0.8750000000
70008  -8.117  1.276  94.800 0.8750000000
67049  12.125  -4.199  96.665 1.0000000000
121297  10.702  -2.559  95.998 1.0000000000
73965  -3.473  4.447  88.614 1.0000000000
71007  -8.741  1.543  93.964 0.8750000000
66096  13.651  -4.609  96.403 0.8750000000
132035  12.775  -4.122  96.321 1.0000000000
67059  12.101  -3.788  96.398 1.0000000000
67060  11.385  -3.447  96.429 1.0000000000
134127  -9.050  1.299  93.620 0.8750000000
70012  -8.837  0.925  93.910 0.8750000000
63125  15.293  -6.542  96.429 0.8750000000
64134  14.772  -5.870  96.431 0.8750000000
65117  14.328  -5.208  96.456 0.8750000000
66106  13.399  -4.339  96.288 0.8750000000
67068  13.285  -3.703  95.693 1.0000000000
68018  12.530  -3.287  95.499 1.0000000000
68036  11.365  -2.252  94.825 1.0000000000
70018  -9.193  0.804  93.330 0.8750000000
69027  -9.119  0.010  92.891 0.8750000000
68063  -8.428  -0.478  93.179 0.8750000000
65116  15.154  -5.350  96.338 0.8750000000
66104  15.146  -4.388  96.175 0.8750000000
67057  14.695  -3.954  96.005 1.0000000000
68017  13.107  -3.073  95.152 1.0000000000
68034  12.641  -2.364  94.621 1.0000000000
68999  12.295  -1.797  94.188 1.0000000000
73035  -2.767  3.816  86.936 0.8750000000
68076  -8.641  -0.749  92.351 0.8750000000
66123  15.567  -3.718  95.535 0.8750000000
121391  14.849  -3.422  95.544 1.0000000000
67079  13.872  -2.966  95.083 1.0000000000
68033  13.201  -2.477  94.684 1.0000000000
69008  12.930  -1.538  93.747 1.0000000000
69020  11.886  -1.186  93.078 1.0000000000
68088  -8.642  -0.981  91.432 0.8750000000
68075  -8.135  -1.533  91.842 0.8750000000
67113  -7.490  -1.846  92.083 0.8750000000
67087  15.335  -3.273  94.698 1.0000000000
67088  14.632  -2.843  94.441 1.0000000000
68046  13.939  -2.395  94.008 1.0000000000
69018  13.180  -1.547  93.444 1.0000000000
69019  12.740  -1.251  93.146 1.0000000000
69033  12.186  -0.965  92.517 1.0000000000
121528  -8.265  -1.902  90.987 0.8750000000
65175  16.226  -4.522  92.752 1.0000000000
66150  15.583  -3.770  93.221 1.0000000000
67095  14.516  -2.781  93.518 1.0000000000
67107  13.903  -2.047  92.498 1.0000000000
68070  13.626  -1.628  92.302 1.0000000000
69031  13.271  -1.436  92.819 1.0000000000
69032  12.748  -1.025  92.278 1.0000000000
68087  -8.481  -1.252  90.543 0.8750000000
66159  15.489  -3.923  92.395 1.0000000000
144452  14.562  -2.901  91.602 1.0000000000
67118  14.306  -2.574  92.174 1.0000000000
71106  1.049  2.137  84.851 0.8750000000
67136  -8.230  -2.314  90.089 0.8750000000
63168  19.207  -6.862  93.347 0.8750000000
66160  14.909  -3.316  91.861 1.0000000000
70111  2.167  1.240  84.819 1.0000000000
137499  15.444  -4.166  91.519 1.0000000000
138017  14.787  -3.321  91.033 1.0000000000
70110  2.880  0.809  85.339 1.0000000000
122183  19.834  -6.636  90.619 1.0000000000
65183  15.226  -4.181  90.796 1.0000000000
66179  14.703  -3.927  90.038 1.0000000000
70109  3.610  0.420  85.773 1.0000000000
65199  -7.916  -5.094  89.506 0.8750000000
65188  -7.788  -4.744  90.081 0.8750000000
64202  -7.213  -5.929  91.395 0.8750000000
70094  4.715  0.295  87.135 1.0000000000
66192  -7.825  -3.906  88.796 0.8750000000
64203  -7.591  -6.740  91.228 0.8750000000
71016  23.048  1.312  91.037 1.0000000000
70027  22.618  0.634  91.119 1.0000000000
128090  -7.872  -3.086  87.620 0.8750000000
71015  23.724  1.441  90.915 1.0000000000
71027  22.767  1.505  90.788 1.0000000000
139091  21.643  1.413  89.657 1.0000000000
71051  21.368  1.503  88.941 1.0000000000
64240  18.951  -5.762  87.188 1.0000000000
66202  13.106  -3.400  87.803 1.0000000000
70081  6.878  0.736  87.370 1.0000000000
71066  20.328  1.133  87.684 1.0000000000
65242  18.660  -4.410  86.331 1.0000000000
66217  12.489  -3.104  86.583 1.0000000000
142389  -7.901  -3.290  86.858 0.8750000000
71083  19.926  1.382  86.470 1.0000000000
121489  19.677  1.246  84.430 1.0000000000
69151  17.030  -1.365  82.372 0.8750000000
66258  17.287  -2.964  84.143 1.0000000000
66243  17.413  -3.599  84.595 1.0000000000
66236  -7.736  -3.078  86.040 0.8750000000
141539  19.084  0.692  84.036 1.0000000000
69163  17.377  -0.786  82.085 0.8750000000
67220  17.103  -2.435  83.643 1.0000000000
67221  16.761  -2.752  83.093 1.0000000000
133723  16.890  -3.216  83.506 1.0000000000
67191  11.946  -2.712  85.508 1.0000000000
130290  -7.251  -2.868  85.083 0.8750000000
138070  19.397  0.975  82.652 1.0000000000
71142  18.938  0.633  82.108 1.0000000000
70172  17.806  -0.233  81.774 1.0000000000
69176  17.309  -0.533  81.191 0.8750000000
69164  16.894  -1.064  81.491 0.8750000000
68193  16.649  -1.528  81.607 0.8750000000
68153  10.795  -1.274  84.592 1.0000000000
71152  19.009  0.912  81.166 1.0000000000
70191  18.440  0.624  80.562 1.0000000000
69194  17.302  -0.326  80.257 0.8750000000
70212  17.289  -0.224  79.312 0.8750000000
69177  16.800  -0.877  80.620 0.8750000000
69140  9.534  -0.623  83.751 1.0000000000
71173  18.348  0.870  79.121 0.8750000000
140247  18.177  0.820  78.402 0.8750000000
127811  17.772  0.357  78.843 0.8750000000
66252  -7.289  -3.293  84.216 0.8750000000
131219  -7.365  -4.677  83.619 0.8750000000
141021  -7.166  -4.934  83.217 0.7500000000
125273  -7.251  -5.021  81.205 0.7500000000
64318  -7.652  -4.870  80.686 0.7500000000
64300  -7.035  -4.767  82.307 0.7500000000
131918  -7.380  -5.353  80.351 0.6250000000
62328  -7.155  -6.085  79.662 0.5000000000
144066  -7.077  -6.489  79.284 0.7500000000
62353  -5.979  -7.494  77.654 0.2500000000
62338  -7.014  -7.186  78.365 0.3750000000
127800  -5.191  5.138  93.852 1.0000000000
73937  -4.692  4.803  92.421 1.0000000000
127515  -5.572  5.003  94.467 1.0000000000
73924  -6.220  5.222  95.044 0.8750000000
125928  -6.757  5.513  95.071 0.8750000000
74887  -6.978  6.077  94.884 0.8750000000
75926  -7.141  6.604  94.647 0.8750000000
72973  -6.604  3.846  95.438 1.0000000000
73925  -6.911  4.708  95.273 0.8750000000
74888  -7.386  5.330  94.979 0.8750000000
73942  -4.482  4.431  91.668 1.0000000000
72029  -8.416  2.408  94.640 1.0000000000
72970  -8.161  2.933  95.112 1.0000000000
72969  -7.735  3.284  95.362 1.0000000000
73926  -7.718  4.532  95.098 1.0000000000
74889  -7.983  5.119  94.764 0.8750000000
75927  -7.628  5.948  94.613 0.8750000000
74921  -4.005  5.217  90.071 1.0000000000
132776  -8.545  1.876  94.279 1.0000000000
62201  16.259  -7.167  96.059 0.7500000000
62202  15.715  -6.980  96.353 0.8750000000
61270  16.394  -7.554  95.747 0.7500000000
64133  15.560  -6.008  96.351 0.8750000000
66103  15.850  -4.597  96.054 0.8750000000
69038  -9.163  -0.212  91.982 0.8750000000
61269  16.895  -7.764  95.399 0.6250000000
66113  15.468  -4.017  95.966 0.8750000000
135054  17.362  -7.651  95.163 0.7500000000
66122  15.912  -3.779  95.136 0.8750000000
73058  -1.253  3.348  85.283 0.8750000000
62209  17.778  -7.486  94.850 0.7500000000
66140  15.630  -3.710  93.919 1.0000000000
66132  15.756  -3.693  94.558 0.8750000000
68094  -8.308  -1.525  89.727 0.8750000000
67145  -8.142  -2.370  89.361 0.8750000000
65165  16.232  -4.396  93.537 1.0000000000
71105  1.758  1.794  85.379 1.0000000000
67126  -7.959  -2.790  90.637 0.8750000000
65182  16.126  -4.714  91.886 1.0000000000
128092  -7.921  -3.138  89.066 0.8750000000
65192  15.926  -4.964  90.941 1.0000000000
65193  15.357  -4.900  90.157 1.0000000000
127214  -8.017  -3.017  89.568 0.8750000000
66175  -7.903  -3.414  90.032 0.8750000000
69099  4.373  0.057  86.131 1.0000000000
67154  -7.997  -2.494  88.740 0.8750000000
66165  -7.267  -3.812  90.700 0.8750000000
65202  14.778  -5.047  89.257 1.0000000000
69086  5.565  0.257  87.190 1.0000000000
128091  -7.839  -3.183  88.442 0.8750000000
66184  -7.872  -3.964  89.421 0.8750000000
63204  19.472  -6.550  89.049 1.0000000000
65203  13.995  -3.914  89.034 1.0000000000
65216  13.977  -4.963  88.383 1.0000000000
69085  6.325  0.239  87.170 1.0000000000
71026  23.506  1.983  90.748 1.0000000000
66201  13.475  -4.084  88.079 1.0000000000
65230  13.086  -4.107  87.277 1.0000000000
71073  7.003  1.380  87.459 1.0000000000
72051  24.161  2.595  90.354 1.0000000000
130112  22.988  2.109  90.456 1.0000000000
131624  21.425  2.118  87.622 1.0000000000
66231  12.423  -3.494  85.710 1.0000000000
72086  21.206  2.257  86.701 1.0000000000
72099  20.537  1.906  86.229 1.0000000000
64267  18.198  -5.170  85.953 1.0000000000
65253  18.035  -4.315  85.586 1.0000000000
67179  -7.879  -2.471  86.703 0.8750000000
71115  20.145  1.697  85.095 1.0000000000
66268  16.545  -3.482  82.886 0.8750000000
68151  11.563  -2.104  85.245 1.0000000000
67204  11.292  -2.193  84.401 1.0000000000
71129  20.232  1.673  83.634 1.0000000000
71141  19.980  1.514  82.732 1.0000000000
68194  16.227  -1.946  81.190 0.8750000000
67245  16.581  -2.005  81.992 0.8750000000
67233  16.464  -2.834  82.328 0.8750000000
67246  16.091  -2.619  81.471 0.8750000000
68152  11.207  -1.625  84.948 1.0000000000
68171  10.822  -1.889  83.887 1.0000000000
68172  10.407  -1.436  83.826 1.0000000000
70125  8.595  0.569  84.725 1.0000000000
125137  19.634  1.313  81.815 1.0000000000
71162  19.009  1.208  80.291 1.0000000000
71172  19.007  1.481  79.361 0.8750000000
69195  16.749  -0.770  79.724 0.8750000000
68217  16.332  -1.328  80.073 0.8750000000
68205  15.969  -1.886  80.399 0.8750000000
70227  17.259  -0.188  78.381 0.8750000000
69215  16.719  -0.728  78.817 0.8750000000
69196  16.241  -1.278  79.201 0.8750000000
68218  15.822  -1.857  79.548 0.8750000000
69216  16.171  -1.247  78.300 0.8750000000
70157  8.655  -0.175  83.186 1.0000000000
66261  -7.548  -3.514  83.386 0.8750000000
71183  18.864  1.911  77.782 0.8750000000
71184  18.643  1.383  78.474 0.8750000000
70226  17.745  0.416  77.954 0.8750000000
70235  17.158  -0.066  77.463 0.8750000000
69234  16.669  -0.673  77.893 0.8750000000
69235  16.066  -1.154  77.388 0.8750000000
66272  -7.795  -3.298  82.598 0.8750000000
71196  18.275  1.162  77.604 0.8750000000
71208  18.074  1.301  76.588 0.8750000000
70234  17.627  0.603  77.042 0.8750000000
130350  16.969  0.132  76.548 0.8750000000
69254  16.520  -0.520  76.976 0.8750000000
65289  -7.636  -3.976  82.934 0.8750000000
128333  -7.953  -3.687  82.211 0.8750000000
64311  -7.574  -4.406  81.626 0.8750000000
70245  17.448  0.782  76.098 0.8750000000
128503  -7.615  -5.326  80.150 0.7500000000
63309  -7.503  -5.758  79.729 0.7500000000
62352  -5.003  -7.395  77.167 0.1250000000
64329  -7.591  -5.806  79.280 0.6250000000
129788  -6.620  -7.287  77.331 0.2500000000
122767  -4.872  5.190  93.113 1.0000000000
74886  -6.216  6.098  94.821 0.8750000000
73946  -4.240  4.818  90.959 1.0000000000
72975  -8.265  3.333  94.749 1.0000000000
73928  -8.130  4.282  94.754 1.0000000000
132037  -8.096  5.565  94.429 0.8750000000
123223  -8.018  6.201  94.201 0.8750000000
75937  -8.254  6.308  93.743 0.8750000000
75948  -8.393  6.790  93.149 0.8750000000
72032  -8.528  2.095  94.208 1.0000000000
72978  -8.434  2.809  94.319 1.0000000000
73929  -8.391  3.955  94.346 0.8750000000
144956  -8.439  4.624  94.165 0.8750000000
74898  -8.480  5.139  93.892 0.8750000000
74901  -8.554  5.190  93.176 0.8750000000
130676  -8.770  1.837  93.721 0.8750000000
72035  -8.611  2.341  93.829 1.0000000000
72980  -8.514  3.248  93.896 1.0000000000
123751  -8.574  3.607  93.365 0.8750000000
140398  -8.587  5.271  92.388 0.8750000000
75949  -8.592  5.960  92.518 0.8750000000
75960  -8.726  6.686  91.827 0.8750000000
75971  -8.996  6.725  90.757 0.8750000000
71010  -8.960  1.580  93.618 0.8750000000
123181  -8.649  2.785  93.364 1.0000000000
72983  -8.628  3.371  92.742 1.0000000000
72989  -8.612  3.188  91.876 0.8750000000
142555  -8.593  3.979  92.100 0.8750000000
74906  -8.684  5.880  91.566 0.8750000000
71012  -9.275  1.299  93.078 0.8750000000
122444  -9.147  1.758  92.378 0.8750000000
72047  -8.844  1.918  91.536 1.0000000000
72988  -8.579  2.677  91.254 1.0000000000
73943  -8.539  4.101  91.263 0.8750000000
127459  -8.601  4.877  91.709 0.8750000000
73948  -8.599  5.021  90.622 0.8750000000
74914  -8.785  5.907  90.592 0.8750000000
63137  16.699  -6.425  96.025 0.8750000000
64145  16.172  -6.048  96.233 0.8750000000
70023  -9.316  0.546  92.536 0.8750000000
122032  -9.309  1.002  92.123 0.8750000000
71022  -9.122  1.345  91.705 0.8750000000
71034  -8.668  0.833  90.719 0.8750000000
137762  -8.432  1.438  90.560 1.0000000000
70046  -8.338  0.263  90.183 0.8750000000
61268  17.242  -7.105  95.580 0.7500000000
131652  16.732  -6.850  95.948 0.7500000000
65124  16.093  -5.264  96.124 0.8750000000
73990  -1.561  4.747  85.675 0.8750000000
74002  -0.933  4.198  85.405 0.8750000000
70035  -9.256  0.327  91.642 0.8750000000
71035  -9.106  0.815  91.368 0.8750000000
70047  -8.960  0.198  90.855 0.8750000000
121490  -8.128  1.017  90.152 1.0000000000
64144  16.659  -5.694  95.915 0.8750000000
74001  -0.203  4.336  85.604 0.8750000000
73057  -0.349  3.665  85.333 0.8750000000
69051  -8.912  -0.377  91.081 0.8750000000
143665  -8.473  -0.562  90.162 0.8750000000
62210  17.405  -7.062  95.313 0.7500000000
64154  17.421  -6.449  95.351 0.7500000000
63144  17.054  -6.243  95.751 0.8750000000
65135  16.686  -5.113  95.489 1.0000000000
66121  16.384  -4.330  94.853 1.0000000000
65136  16.104  -4.319  95.684 0.8750000000
72116  0.659  2.701  85.218 0.8750000000
144582  0.921  2.819  85.909 0.8750000000
68103  -8.168  -1.000  89.247 0.8750000000
69068  -7.998  -0.287  89.470 0.8750000000
62215  18.255  -7.349  94.462 0.7500000000
134136  17.511  -6.029  95.119 0.7500000000
65145  17.387  -5.697  94.755 0.8750000000
65156  16.838  -5.029  94.542 1.0000000000
66131  16.276  -4.343  94.269 1.0000000000
71090  2.391  1.322  86.005 1.0000000000
130903  -8.129  -1.761  88.985 0.8750000000
63158  18.661  -6.918  93.939 0.8750000000
65164  16.798  -5.097  93.846 1.0000000000
130824  -8.018  -1.956  88.272 0.8750000000
67165  -7.904  -2.581  88.158 0.8750000000
65174  16.795  -5.280  92.307 1.0000000000
64198  16.681  -5.526  91.443 1.0000000000
132804  -7.939  -2.210  87.562 0.8750000000
63186  19.534  -6.627  91.515 1.0000000000
70082  5.807  0.767  87.764 1.0000000000
139254  -7.875  -1.793  86.939 0.8750000000
72991  24.070  3.157  89.958 1.0000000000
73002  23.269  3.121  89.426 1.0000000000
135335  19.065  -6.717  90.051 1.0000000000
139438  23.535  3.066  89.840 1.0000000000
72085  22.210  2.592  88.124 1.0000000000
63229  19.190  -6.090  87.777 1.0000000000
72088  7.487  1.650  86.928 1.0000000000
72060  25.233  2.871  89.634 0.8750000000
141599  21.951  2.596  87.151 1.0000000000
73030  21.782  2.752  86.319 1.0000000000
64253  18.607  -5.379  86.584 1.0000000000
67222  11.756  -2.879  84.421 1.0000000000
72100  7.372  1.959  86.282 1.0000000000
67196  -7.547  -2.301  85.712 0.8750000000
71036  25.647  1.773  89.486 0.8750000000
72071  26.056  2.830  88.708 0.8750000000
72136  20.962  2.337  83.836 1.0000000000
66244  17.038  -3.977  83.918 1.0000000000
138085  -7.100  -2.274  84.974 0.8750000000
67211  -6.991  -2.607  84.211 0.8750000000
71050  25.907  2.077  88.821 0.8750000000
72144  20.649  2.130  82.856 1.0000000000
72152  20.382  1.895  81.989 1.0000000000
127906  15.736  -2.512  80.711 0.8750000000
69152  9.806  -1.278  83.384 1.0000000000
70144  8.347  0.330  83.905 1.0000000000
67225  -7.413  -2.829  83.220 0.8750000000
68186  -7.447  -2.385  82.773 1.0000000000
72159  20.026  2.154  80.611 1.0000000000
67238  -7.767  -2.654  82.402 1.0000000000
67237  -7.899  -2.409  82.047 0.8750000000
71171  19.597  2.296  79.316 1.0000000000
72174  19.201  2.087  78.554 0.8750000000
71195  18.621  1.884  76.990 0.8750000000
67250  -8.087  -3.198  82.002 0.8750000000
72198  18.823  2.647  76.627 0.8750000000
72199  18.396  2.077  76.161 0.7500000000
65308  -8.045  -3.954  81.662 0.8750000000
64323  -7.806  -4.839  80.526 1.0000000000
72212  18.143  2.327  75.323 0.7500000000
120967  17.862  1.504  75.667 0.7500000000
71222  17.219  1.009  75.171 0.7500000000
70246  16.738  0.349  75.632 0.8750000000
133721  -7.705  -5.291  79.775 0.7500000000
63318  -7.393  -6.244  79.074 0.6250000000
62367  -6.108  -7.057  76.750 0.2500000000
63328  -7.340  -6.971  77.135 0.3750000000
128395  -7.517  -6.651  78.274 0.5000000000
63337  -7.026  -6.695  76.558 0.2500000000
74896  -4.915  5.914  93.422 1.0000000000
74890  -5.373  5.965  94.094 0.8750000000
135325  -5.693  6.431  94.301 0.8750000000
75925  -6.545  6.781  94.648 0.8750000000
74905  -4.368  5.189  91.676 1.0000000000
129003  -4.517  5.706  92.500 1.0000000000
75936  -4.894  6.753  93.655 0.8750000000
75959  -4.144  6.422  92.131 0.8750000000
76891  -8.006  7.010  93.782 0.8750000000
74920  -3.832  5.977  89.354 0.8750000000
76899  -8.326  7.545  93.018 0.8750000000
145557  -8.548  7.907  92.402 0.8750000000
143315  -3.532  5.136  88.478 0.8750000000
145585  -8.551  6.572  92.630 0.8750000000
137601  -3.022  5.482  86.882 0.8750000000
127423  -2.625  6.195  86.656 0.8750000000
72040  -8.937  2.092  93.234 1.0000000000
72058  -8.464  2.147  90.694 1.0000000000
71021  -8.788  1.387  91.118 1.0000000000
76913  -8.888  7.343  91.267 0.8750000000
73978  -2.950  4.699  86.848 0.8750000000
74959  -2.280  5.346  86.202 0.8750000000
137534  -8.488  3.435  91.006 0.8750000000
74971  -0.607  4.935  85.669 0.8750000000
124474  -8.428  4.122  90.283 0.8750000000
74913  -8.734  5.712  89.754 0.8750000000
121968  0.171  3.192  85.249 0.8750000000
70058  -7.747  0.446  89.578 1.0000000000
63152  17.697  -6.442  94.894 0.7500000000
68109  -8.039  -1.270  88.470 0.8750000000
64163  17.742  -6.285  94.656 0.8750000000
65155  17.404  -5.704  94.100 1.0000000000
64177  17.492  -5.714  93.324 1.0000000000
126623  16.842  -5.136  93.079 1.0000000000
70096  3.086  0.843  86.530 1.0000000000
66260  11.855  -3.498  83.339 1.0000000000
64242  14.189  -5.781  87.623 1.0000000000
137411  13.180  -4.890  85.941 1.0000000000
137225  10.917  -2.805  82.697 1.0000000000
68196  9.289  -1.735  81.511 1.0000000000
69166  8.404  -0.636  81.564 1.0000000000
70173  7.923  -0.117  81.234 1.0000000000
68126  -7.668  -1.748  86.190 0.7500000000
120581  18.992  -6.645  91.093 1.0000000000
65229  13.588  -4.913  87.437 1.0000000000
66259  12.320  -3.814  84.062 1.0000000000
67223  11.211  -2.680  83.436 1.0000000000
68195  9.757  -2.147  81.955 1.0000000000
69165  8.899  -1.172  81.985 1.0000000000
69154  8.612  -0.585  82.348 1.0000000000
73001  23.962  3.444  89.547 1.0000000000
73015  23.749  3.570  89.007 1.0000000000
73016  22.938  3.149  88.656 1.0000000000
63216  18.900  -6.513  88.404 1.0000000000
66230  12.771  -4.060  86.416 1.0000000000
68182  10.627  -2.412  82.890 1.0000000000
68184  9.450  -1.593  82.476 1.0000000000
72999  25.156  3.528  89.407 0.8750000000
73000  24.576  3.561  89.528 1.0000000000
73028  23.406  3.536  88.265 1.0000000000
73052  21.790  2.961  85.594 1.0000000000
63230  18.510  -6.400  87.728 1.0000000000
126115  18.071  -5.819  86.402 1.0000000000
68183  10.103  -1.938  83.003 1.0000000000
71104  7.846  1.556  85.280 1.0000000000
130008  7.827  1.741  85.815 1.0000000000
68160  -6.859  -2.104  84.468 1.0000000000
72998  25.714  3.317  89.062 0.8750000000
73065  21.858  3.125  84.871 1.0000000000
64268  17.615  -5.172  85.346 1.0000000000
65285  16.476  -4.674  83.474 1.0000000000
69153  9.102  -0.969  82.893 1.0000000000
71118  7.874  1.228  84.741 1.0000000000
68175  -6.998  -2.352  83.512 1.0000000000
68174  -7.048  -2.008  83.040 0.8750000000
69156  -6.885  -1.698  82.712 0.8750000000
73080  21.331  2.832  82.811 1.0000000000
129127  20.845  2.492  82.126 1.0000000000
143235  16.679  -3.957  83.311 1.0000000000
134021  -7.562  -1.907  82.125 0.8750000000
69170  -7.118  -1.634  82.249 0.8750000000
67249  -7.633  -2.133  81.595 0.8750000000
71065  26.476  2.103  87.464 0.7500000000
72158  20.415  2.838  80.355 1.0000000000
68219  15.260  -2.439  79.017 0.8750000000
73099  20.168  3.102  79.448 1.0000000000
68230  15.699  -1.841  78.659 0.8750000000
66297  -8.126  -3.614  81.471 0.8750000000
67260  -8.039  -2.903  81.528 0.8750000000
67259  -7.718  -2.774  80.815 0.8750000000
73113  19.641  3.602  77.834 0.8750000000
72185  19.294  2.662  77.848 0.8750000000
73130  18.969  3.493  76.418 0.7500000000
69255  15.855  -0.940  76.503 0.8750000000
72211  18.600  2.941  75.849 0.7500000000
70247  16.288  -0.303  76.075 0.8750000000
65318  -7.996  -4.244  81.013 0.8750000000
65317  -7.891  -4.523  80.074 1.0000000000
66311  -7.703  -3.484  79.937 1.0000000000
144447  17.787  2.548  74.648 0.7500000000
72223  17.211  2.250  73.973 0.7500000000
70269  16.094  0.899  73.846 0.7500000000
134125  -7.652  -5.164  78.923 0.7500000000
63336  -6.517  -6.597  76.198 0.2500000000
63329  -7.583  -6.641  77.545 0.6250000000
75928  -5.280  6.825  93.951 0.8750000000
76879  -5.420  7.307  94.064 0.8750000000
75982  -3.996  6.180  90.235 0.8750000000
76925  -3.907  7.011  90.546 0.8750000000
75970  -4.056  6.339  91.156 0.8750000000
75924  -5.949  6.968  94.370 0.8750000000
76872  -6.180  7.498  94.373 0.8750000000
76873  -6.838  7.333  94.466 0.8750000000
75947  -4.456  6.576  93.029 0.8750000000
75929  -7.528  6.777  94.350 0.8750000000
76880  -7.327  7.551  94.103 0.8750000000
123959  -3.406  6.661  88.030 0.8750000000
77770  -7.755  7.859  93.537 0.8750000000
77780  -8.197  8.238  92.924 0.8750000000
140154  -3.247  6.027  87.439 0.8750000000
76912  -8.724  7.863  91.691 0.8750000000
74958  -1.188  5.570  85.823 0.8750000000
72997  -8.378  3.122  90.450 1.0000000000
71049  -8.100  1.827  90.074 1.0000000000
72069  -8.149  2.720  89.945 0.8750000000
122350  -9.048  6.459  89.825 0.8750000000
75983  -9.240  6.872  89.222 0.8750000000
73056  0.269  3.842  85.716 0.8750000000
72104  0.722  3.288  86.276 1.0000000000
72068  -7.647  2.263  89.542 0.8750000000
73009  -7.814  3.250  89.377 0.8750000000
73024  -8.057  4.167  89.070 0.8750000000
75991  -9.272  6.789  88.605 0.8750000000
74923  -9.018  6.281  88.924 0.8750000000
72091  1.256  2.499  86.779 1.0000000000
72103  1.309  2.349  85.743 1.0000000000
70072  -7.527  -0.134  88.867 0.8750000000
63151  18.074  -6.787  94.419 0.7500000000
69089  -7.686  -0.904  87.352 0.7500000000
70088  -7.584  -0.561  88.077 0.7500000000
126140  -7.902  -0.987  88.035 0.7500000000
64167  18.068  -6.579  94.231 0.7500000000
68117  -7.917  -1.453  87.606 0.7500000000
64168  17.862  -6.033  94.065 0.8750000000
70095  3.871  0.466  86.886 1.0000000000
69103  -7.714  -1.290  86.700 0.7500000000
64189  17.507  -5.760  92.615 1.0000000000
71154  6.915  2.088  81.256 0.8750000000
73087  6.231  3.672  81.745 0.8750000000
140360  5.660  4.453  82.452 0.8750000000
70083  5.042  0.693  87.978 1.0000000000
64197  17.437  -5.928  91.883 1.0000000000
64208  16.584  -5.808  90.615 1.0000000000
130531  7.184  0.899  80.421 0.8750000000
70065  5.925  1.309  87.911 1.0000000000
69118  -7.390  -1.304  85.842 0.7500000000
63178  19.202  -6.576  92.329 1.0000000000
64219  15.712  -5.690  89.596 1.0000000000
65274  12.703  -4.138  84.745 1.0000000000
70174  7.428  0.611  81.343 1.0000000000
71144  6.741  2.214  82.254 0.8750000000
73081  5.959  3.778  82.407 0.8750000000
67235  10.655  -2.895  82.008 1.0000000000
70159  7.463  0.793  82.221 1.0000000000
72145  6.870  1.941  83.081 1.0000000000
68143  -7.238  -1.795  85.360 0.8750000000
63217  18.014  -6.689  88.430 1.0000000000
70158  8.025  0.064  82.134 1.0000000000
71132  7.789  0.646  83.114 1.0000000000
71143  7.171  1.398  82.662 1.0000000000
68159  -6.703  -2.136  83.917 1.0000000000
73972  24.724  4.757  87.503 1.0000000000
145503  22.946  4.049  85.365 1.0000000000
73064  22.326  3.617  84.424 1.0000000000
63231  17.684  -6.565  87.633 1.0000000000
63244  17.412  -6.329  86.774 1.0000000000
64269  16.762  -5.961  85.438 1.0000000000
64283  16.095  -5.734  84.609 1.0000000000
143986  -6.523  -1.691  84.144 0.8750000000
69143  -6.585  -1.780  83.392 0.8750000000
73013  25.599  4.003  88.966 0.8750000000
74009  22.812  4.078  84.694 1.0000000000
64282  17.068  -5.174  84.751 1.0000000000
64296  15.973  -5.328  83.735 1.0000000000
68197  -7.264  -1.609  81.868 0.8750000000
135829  26.188  3.431  88.579 0.8750000000
73079  21.688  3.666  82.140 1.0000000000
73092  21.388  3.894  81.017 1.0000000000
66269  16.125  -3.847  82.246 0.8750000000
67256  15.002  -3.164  79.851 0.8750000000
73093  20.764  3.699  80.107 1.0000000000
74049  20.540  4.484  78.730 1.0000000000
133262  15.313  -3.039  80.327 0.8750000000
67267  14.854  -2.993  79.327 0.8750000000
68243  14.862  -2.115  77.199 0.8750000000
68211  -7.181  -1.824  81.265 0.8750000000
129146  -6.830  -1.789  80.811 0.8750000000
71082  26.406  1.805  86.565 0.7500000000
73098  20.509  3.888  79.284 1.0000000000
68242  15.553  -1.745  77.761 0.8750000000
68260  14.662  -1.815  76.416 0.8750000000
67271  -7.322  -2.673  80.077 0.8750000000
74050  20.073  4.242  78.136 1.0000000000
73129  19.363  4.007  76.976 0.7500000000
74079  19.086  4.350  76.240 0.7500000000
69275  15.565  -0.704  75.626 0.7500000000
73143  18.709  3.862  75.711 0.7500000000
73153  18.467  4.367  75.105 0.6250000000
70258  16.462  0.594  74.716 0.7500000000
70259  15.993  -0.060  75.168 0.7500000000
65337  -7.603  -4.261  79.011 0.8750000000
73144  18.243  3.318  75.004 0.7500000000
72229  17.183  2.993  73.519 0.7500000000
72230  16.607  2.535  73.172 0.7500000000
71239  16.407  1.703  73.477 0.7500000000
73163  16.793  3.425  72.889 0.7500000000
63350  -6.095  -6.198  75.314 0.2500000000
63338  -7.310  -6.474  76.696 0.5000000000
138591  -7.655  -6.063  78.323 0.7500000000
76890  -4.407  7.412  93.404 0.8750000000
76898  -4.065  7.171  92.683 0.8750000000
76878  -4.808  7.623  93.802 0.8750000000
75981  -3.791  6.914  89.512 0.8750000000
76911  -3.922  7.079  91.608 0.8750000000
76889  -4.182  8.229  93.659 0.8750000000
77762  -4.419  8.498  93.936 0.8750000000
76871  -5.625  7.762  94.192 0.8750000000
144354  -5.857  8.076  94.244 0.8750000000
76000  -2.960  6.885  87.169 0.8750000000
76897  -3.983  7.971  93.200 0.8750000000
77754  -5.856  8.558  94.215 0.8750000000
78687  -6.369  8.479  94.156 0.8750000000
78703  -7.619  8.510  93.399 0.8750000000
76015  -2.039  7.110  86.520 0.8750000000
77768  -3.725  8.755  93.572 0.8750000000
77761  -3.828  9.008  93.840 0.8750000000
145071  -0.862  6.200  86.046 0.8750000000
133624  -8.447  8.408  92.168 0.8750000000
77790  -8.595  8.291  91.296 0.8750000000
74957  -0.415  5.627  86.040 0.8750000000
74956  0.064  5.639  86.507 0.8750000000
76926  -8.856  7.767  90.813 0.8750000000
137011  0.091  4.832  86.007 0.8750000000
137402  -9.215  6.992  89.915 0.8750000000
73034  0.487  4.101  86.489 0.8750000000
71048  -7.612  1.291  89.584 1.0000000000
73967  -8.351  5.049  88.715 0.8750000000
74922  -8.606  5.437  89.092 0.8750000000
76939  -9.225  7.304  89.524 0.8750000000
133976  3.079  8.295  85.174 0.7500000000
76981  2.645  7.888  86.018 0.7500000000
70071  -7.240  0.614  88.970 1.0000000000
72081  -7.283  2.747  88.988 0.8750000000
73023  -7.631  3.731  88.775 0.8750000000
134107  -8.815  5.815  88.400 0.8750000000
74934  -9.174  6.451  88.232 0.8750000000
75990  -9.337  7.003  88.240 0.8750000000
77875  3.487  8.318  84.112 0.7500000000
76031  2.527  6.961  86.190 0.8750000000
71075  1.748  1.791  87.414 1.0000000000
71064  -7.099  1.596  88.982 0.8750000000
73022  -6.968  3.292  88.287 0.8750000000
140021  -7.554  4.198  88.275 0.8750000000
73982  -8.431  5.444  88.133 0.8750000000
76001  -9.123  6.711  87.717 0.8750000000
77023  4.379  7.844  82.484 0.7500000000
139519  3.013  7.500  84.272 0.7500000000
71074  2.477  1.282  87.282 1.0000000000
70087  -7.192  -0.058  88.206 0.8750000000
72094  -6.434  2.458  87.905 0.8750000000
73037  -7.121  4.308  87.709 0.8750000000
74944  -8.348  5.719  87.435 0.8750000000
76083  4.562  6.864  82.282 0.7500000000
77005  3.858  7.317  82.960 0.7500000000
137621  2.709  7.225  85.218 0.7500000000
69088  -7.353  -0.504  87.341 0.8750000000
73980  -7.540  5.258  87.185 0.8750000000
76065  4.054  6.298  83.051 0.8750000000
76066  3.388  6.863  83.625 0.8750000000
70100  -7.055  -0.442  86.472 0.8750000000
73993  -6.575  4.651  86.931 0.8750000000
64175  18.438  -6.590  93.756 0.8750000000
64176  18.069  -6.211  93.557 1.0000000000
76097  5.508  6.513  81.226 0.7500000000
75004  4.832  5.773  82.578 0.7500000000
74990  4.505  5.215  83.458 0.8750000000
69102  -7.445  -0.870  86.497 0.7500000000
69117  -7.129  -0.993  85.573 0.7500000000
64188  18.308  -6.214  92.725 1.0000000000
73094  6.511  3.534  80.915 0.8750000000
74037  6.060  5.202  81.029 0.8750000000
75003  5.412  5.308  82.178 0.8750000000
74989  5.228  4.891  82.850 0.8750000000
64187  18.848  -6.560  93.070 0.8750000000
64196  18.066  -6.159  92.188 1.0000000000
64207  17.405  -6.314  90.947 1.0000000000
64218  16.539  -6.070  89.839 1.0000000000
71175  7.018  1.841  80.306 0.8750000000
139435  5.746  3.746  82.958 0.8750000000
64231  15.380  -6.079  88.778 1.0000000000
64257  13.939  -5.658  86.685 1.0000000000
65288  12.978  -4.650  83.784 1.0000000000
122820  12.421  -4.215  83.258 1.0000000000
68207  9.301  -1.780  80.634 1.0000000000
69180  7.746  -0.435  79.781 1.0000000000
72146  6.402  2.602  83.099 1.0000000000
68142  -6.889  -1.586  84.855 0.8750000000
70146  -5.949  -0.908  83.882 0.8750000000
123626  -5.409  -0.287  83.912 0.8750000000
70145  -5.134  -0.075  83.486 0.8750000000
63179  18.756  -6.438  91.938 1.0000000000
66283  11.251  -3.496  81.414 1.0000000000
67258  9.765  -2.156  80.229 1.0000000000
68221  8.743  -1.426  79.463 1.0000000000
141043  -5.984  -1.136  83.434 0.8750000000
70162  -5.818  -0.833  83.323 0.8750000000
70160  -5.519  -0.452  82.923 0.8750000000
69168  -6.314  -1.009  82.238 0.8750000000
63195  17.946  -6.666  90.058 1.0000000000
131978  17.380  -6.584  89.289 1.0000000000
63232  16.789  -6.598  87.542 1.0000000000
72137  6.841  2.010  83.832 1.0000000000
69131  -6.261  -1.423  83.869 0.8750000000
69155  -6.344  -1.387  83.084 0.8750000000
70161  -6.102  -1.026  82.725 0.8750000000
74951  25.237  5.311  86.890 1.0000000000
74952  24.397  4.790  86.430 1.0000000000
63245  16.473  -6.488  86.829 1.0000000000
64284  15.267  -5.620  84.076 1.0000000000
71133  7.289  1.405  83.506 1.0000000000
126826  7.791  0.875  84.091 1.0000000000
69169  -6.761  -1.255  82.014 0.8750000000
69183  -6.451  -1.033  81.843 0.8750000000
74924  26.295  5.342  87.757 1.0000000000
74925  25.714  4.821  88.288 1.0000000000
74015  22.746  4.193  83.899 1.0000000000
65296  14.693  -5.294  82.499 1.0000000000
65328  14.083  -4.332  79.842 0.8750000000
73957  26.273  4.961  88.204 1.0000000000
73011  26.585  3.891  88.183 0.8750000000
74027  22.044  4.633  81.540 0.8750000000
74032  21.637  4.726  80.659 0.8750000000
65295  15.574  -4.811  82.374 0.8750000000
66281  15.071  -4.229  80.948 0.8750000000
135779  13.836  -3.992  79.192 0.8750000000
67275  13.876  -3.201  77.856 0.8750000000
73027  27.101  3.664  87.627 0.8750000000
72083  26.901  2.917  87.325 0.8750000000
142714  21.940  5.040  80.912 0.8750000000
74048  21.026  4.935  79.122 0.8750000000
130940  14.555  -3.026  78.634 0.8750000000
68244  14.107  -2.350  76.681 0.8750000000
71081  27.008  2.532  86.536 0.7500000000
144355  14.520  -1.549  75.729 0.8750000000
67270  -6.892  -2.572  79.471 0.8750000000
70101  27.220  2.099  84.883 0.7500000000
74077  20.161  5.025  77.281 1.0000000000
74078  19.629  4.879  76.676 0.8750000000
135192  14.844  -1.105  75.269 0.7500000000
69295  14.466  -0.879  74.659 0.8750000000
66320  -7.223  -3.279  78.981 0.8750000000
74097  19.148  5.054  75.896 0.6250000000
133562  18.802  4.615  75.671 0.6250000000
71240  15.550  1.367  73.146 0.7500000000
70270  15.675  0.237  74.293 0.7500000000
75106  19.180  5.567  75.379 0.6250000000
75120  18.738  5.728  74.646 0.6250000000
73154  17.982  4.080  74.369 0.6250000000
72222  17.639  3.160  74.197 0.6250000000
72245  16.108  2.870  72.688 0.7500000000
65347  -7.581  -5.025  77.901 0.7500000000
76962  -3.180  7.473  87.797 0.8750000000
76950  -3.515  7.238  88.618 0.8750000000
76924  -3.720  7.817  91.018 0.8750000000
76910  -3.847  7.853  92.160 0.8750000000
77779  -3.644  8.568  92.773 0.8750000000
140370  -4.953  9.142  94.246 0.8750000000
78686  -5.930  9.071  94.154 0.8750000000
78702  -7.103  9.108  93.559 0.8750000000
79644  -6.689  9.798  93.281 0.8750000000
127585  -3.427  9.168  93.260 0.8750000000
78693  -4.093  9.246  94.120 0.8750000000
78710  -7.834  8.964  92.839 0.8750000000
75968  3.277  5.964  91.400 1.0000000000
122798  -1.680  6.248  86.176 0.8750000000
78718  -8.102  9.056  91.763 0.8750000000
77851  4.467  8.720  87.016 0.7500000000
76935  3.078  6.737  89.405 1.0000000000
75979  3.324  6.299  90.302 1.0000000000
75978  3.764  6.542  90.962 1.0000000000
75998  0.113  6.200  86.895 0.8750000000
78727  -8.396  8.670  90.871 0.8750000000
77801  -9.017  7.691  89.929 0.8750000000
78787  5.608  9.626  84.545 0.6250000000
78772  4.915  9.200  86.247 0.6250000000
77838  3.007  8.127  87.388 0.8750000000
76958  3.287  7.694  88.200 1.0000000000
73977  0.395  4.915  86.854 0.8750000000
77814  -8.897  8.125  89.484 0.8750000000
78794  7.116  10.076  83.397 0.6250000000
78796  5.624  9.530  83.466 0.6250000000
77864  3.837  8.978  85.979 0.6250000000
76948  2.852  7.118  88.571 1.0000000000
78759  -8.655  8.629  88.985 0.8750000000
76938  -9.199  7.660  89.083 0.8750000000
78803  7.754  10.009  82.683 0.6250000000
78804  6.921  9.749  82.449 0.6250000000
78788  4.688  9.345  84.629 0.6250000000
77874  3.891  8.948  84.847 0.7500000000
76971  2.544  7.631  86.849 1.0000000000
76959  2.698  7.421  87.718 1.0000000000
130207  2.879  6.181  89.687 1.0000000000
72092  0.733  3.209  87.515 1.0000000000
122714  -9.317  7.575  88.386 0.8750000000
76963  -9.220  7.366  87.797 0.8750000000
78816  7.539  9.636  81.879 0.6250000000
137415  4.430  8.835  83.247 0.7500000000
76012  2.484  6.719  87.196 1.0000000000
123277  2.479  6.097  87.907 1.0000000000
71078  -6.916  0.736  88.192 0.8750000000
142648  -6.830  1.460  88.417 0.8750000000
72080  -6.772  2.155  88.499 0.8750000000
77894  4.909  8.342  82.184 0.7500000000
74970  2.663  6.042  86.603 1.0000000000
70099  -6.734  0.351  87.152 0.8750000000
71077  -6.557  1.414  87.765 0.8750000000
73047  -6.173  3.358  87.397 0.8750000000
74962  -8.645  6.446  86.988 0.8750000000
77049  5.866  7.725  80.861 0.7500000000
76030  2.860  6.145  85.464 1.0000000000
74969  3.227  5.170  86.192 0.8750000000
70085  3.396  0.791  87.652 1.0000000000
129503  -6.977  -0.019  87.474 0.8750000000
72107  -5.956  2.012  87.165 0.8750000000
74960  -7.133  5.594  86.357 0.8750000000
73992  -6.125  5.086  86.111 0.8750000000
76116  5.964  6.961  80.565 0.7500000000
74991  3.582  5.913  83.878 0.8750000000
74968  3.813  4.704  85.463 0.8750000000
70084  4.241  0.631  87.912 1.0000000000
124486  -6.533  -0.024  86.065 0.8750000000
71094  -6.165  0.854  86.732 0.8750000000
74005  -5.230  4.468  85.676 0.8750000000
75027  6.314  5.439  80.272 0.7500000000
74010  4.666  4.390  84.178 0.8750000000
73998  4.996  3.811  84.916 0.8750000000
71111  -5.931  0.454  85.852 0.8750000000
71093  -5.491  1.362  86.234 0.8750000000
72106  -5.337  2.658  86.546 0.8750000000
73061  -4.809  3.269  85.828 0.8750000000
73100  6.821  3.390  80.030 0.8750000000
73106  7.048  3.253  79.097 0.8750000000
142055  5.485  4.207  83.033 0.8750000000
73073  5.587  3.611  83.624 0.8750000000
73067  5.635  3.428  84.507 0.8750000000
70115  -6.755  -0.675  85.343 0.8750000000
71110  -5.351  0.630  85.224 0.8750000000
72121  -4.820  1.933  85.689 0.8750000000
71109  -4.632  1.326  84.993 0.8750000000
72120  -4.320  2.527  85.063 0.8750000000
142955  6.993  1.943  79.478 0.8750000000
72176  7.010  2.400  78.954 0.8750000000
130318  7.119  2.149  78.261 0.8750000000
73072  5.977  3.101  83.433 0.8750000000
73066  6.134  2.934  84.257 1.0000000000
70114  -6.183  -0.191  85.151 0.8750000000
70131  -5.758  -0.282  84.458 0.8750000000
71124  -4.984  0.460  84.487 0.8750000000
71123  -4.298  1.431  84.544 0.8750000000
64206  18.162  -6.412  91.528 1.0000000000
64241  15.112  -6.417  87.782 1.0000000000
64258  13.778  -5.483  85.892 1.0000000000
65287  13.595  -5.126  83.976 1.0000000000
128018  7.308  0.406  79.666 0.8750000000
69237  7.650  0.119  77.806 0.8750000000
70236  8.064  0.618  77.193 0.8750000000
129874  6.008  3.266  82.866 0.8750000000
72138  6.384  2.595  83.810 1.0000000000
69132  -6.692  -1.220  84.696 0.8750000000
70132  -6.351  -0.838  84.514 0.8750000000
71136  -4.606  0.531  84.038 0.8750000000
64217  17.160  -6.305  90.133 1.0000000000
64230  16.355  -6.381  89.046 1.0000000000
64271  14.256  -5.665  85.109 1.0000000000
65298  12.871  -4.842  82.689 1.0000000000
67247  10.802  -2.998  80.911 1.0000000000
69217  8.056  -0.670  78.163 0.8750000000
72114  7.213  2.119  85.315 1.0000000000
63233  15.984  -6.601  87.454 1.0000000000
126708  14.638  -6.083  85.850 1.0000000000
127990  13.582  -5.263  83.252 1.0000000000
65307  11.739  -4.050  80.733 1.0000000000
67268  10.364  -2.902  79.128 1.0000000000
67289  9.828  -2.237  77.745 1.0000000000
69236  9.086  -0.788  76.932 0.8750000000
72128  7.302  1.805  84.631 1.0000000000
69167  -5.713  -0.520  81.760 0.8750000000
74938  25.569  5.164  87.750 1.0000000000
135118  15.657  -6.194  85.509 1.0000000000
64298  14.689  -5.509  83.688 1.0000000000
65297  13.771  -5.277  82.307 1.0000000000
66293  11.851  -3.992  79.774 1.0000000000
137428  10.422  -2.526  77.374 1.0000000000
68245  10.005  -2.048  76.954 0.8750000000
69279  9.880  -0.312  75.497 0.8750000000
140333  7.392  1.486  84.185 1.0000000000
69182  -6.128  -1.040  81.220 0.8750000000
74949  26.843  5.866  87.180 1.0000000000
74964  25.780  5.721  86.265 1.0000000000
74966  24.173  4.886  85.464 1.0000000000
74008  23.347  4.664  84.196 1.0000000000
65305  13.589  -4.931  81.316 1.0000000000
65330  12.513  -4.200  79.434 1.0000000000
67286  12.284  -3.120  77.046 0.8750000000
123975  11.160  -2.042  75.940 0.8750000000
69257  9.995  -1.020  75.723 0.8750000000
68210  -6.804  -1.401  81.487 0.8750000000
73026  27.772  4.118  87.221 0.8750000000
74998  23.707  5.556  82.897 0.8750000000
74988  23.213  4.856  83.375 0.8750000000
66318  12.909  -3.770  78.197 0.8750000000
66326  13.393  -2.911  76.967 0.8750000000
68283  11.583  -1.561  75.289 0.8750000000
72097  27.736  3.156  86.388 0.8750000000
75009  23.427  5.767  82.029 0.8750000000
75010  22.704  5.330  81.749 0.8750000000
74040  21.429  4.958  79.828 0.8750000000
68261  13.877  -2.001  75.855 0.8750000000
68281  13.294  -1.742  75.289 0.8750000000
68223  -6.548  -1.981  79.833 0.8750000000
71080  27.698  2.600  85.454 0.7500000000
141028  22.941  5.725  79.605 0.8750000000
75038  21.938  5.396  79.764 0.8750000000
69296  13.779  -0.795  74.382 0.7500000000
68280  14.009  -1.421  75.051 0.8750000000
71097  28.004  2.354  84.470 0.6250000000
70117  27.019  1.868  84.243 0.5000000000
142530  22.190  5.500  78.595 0.8750000000
127676  21.326  5.392  77.007 0.8750000000
75073  20.768  5.257  77.554 1.0000000000
71241  14.623  1.201  73.050 0.7500000000
131351  14.990  0.005  73.957 0.7500000000
75087  20.429  5.355  76.636 1.0000000000
133765  19.758  5.661  75.366 0.6250000000
72231  15.845  2.139  72.805 0.7500000000
67278  -6.787  -2.848  78.393 0.8750000000
75105  20.381  5.529  75.721 0.7500000000
75118  20.247  5.649  74.833 0.6250000000
142775  19.077  6.083  74.249 0.5000000000
75121  18.197  5.530  74.088 0.5000000000
75137  17.884  5.612  73.424 0.5000000000
74124  17.760  4.789  73.714 0.5000000000
74144  16.649  4.279  72.558 0.5000000000
134760  -7.018  -4.156  75.152 0.7500000000
66328  -7.007  -3.441  76.605 0.7500000000
141565  -7.319  -4.164  77.155 0.7500000000
126082  -7.353  -3.998  78.167 0.7500000000
123212  19.656  5.904  74.191 0.5000000000
75135  19.193  6.082  73.483 0.5000000000
76184  18.062  6.041  73.125 0.5000000000
74143  17.265  5.020  72.830 0.5000000000
141281  16.561  4.950  72.387 0.5000000000
66336  -7.266  -4.194  76.022 0.7500000000
65356  -7.447  -5.067  76.567 0.7500000000
75158  17.543  5.785  72.726 0.5000000000
64345  -7.285  -5.749  76.094 0.7500000000
64339  -7.594  -5.968  77.132 0.7500000000
77826  -3.290  8.145  88.402 0.8750000000
78757  -3.101  9.079  88.639 0.8750000000
77813  -3.464  8.462  89.334 0.8750000000
77799  -3.517  8.700  90.398 0.8750000000
135789  -3.369  9.375  91.192 0.8750000000
79637  -6.021  10.077  93.706 0.8750000000
79643  -6.114  10.537  93.248 0.8750000000
78717  -3.392  9.255  92.329 0.8750000000
126546  -4.885  9.596  94.282 0.8750000000
79636  -5.451  10.227  94.047 0.8750000000
76934  3.910  6.955  90.071 1.0000000000
75967  3.820  6.682  91.755 1.0000000000
78700  -3.115  9.862  93.162 0.8750000000
78692  -3.595  9.730  93.973 0.8750000000
78684  -3.957  9.910  94.263 0.8750000000
79628  -4.490  10.090  94.373 0.8750000000
78709  -7.258  9.672  92.527 0.8750000000
77837  3.966  8.224  87.851 0.7500000000
76947  3.508  7.313  89.054 1.0000000000
75956  3.338  6.234  92.283 1.0000000000
123387  -0.481  7.128  86.572 0.8750000000
143229  -3.196  10.028  93.732 0.8750000000
79642  -3.271  10.163  93.853 0.8750000000
80535  -3.231  11.073  94.156 0.8750000000
78726  -7.896  9.268  90.807 0.8750000000
78740  -7.723  9.492  89.965 0.8750000000
129355  6.394  9.890  84.176 0.6250000000
78780  5.312  9.443  85.447 0.6250000000
135955  9.626  9.290  82.697 0.6250000000
74918  3.020  5.574  90.447 1.0000000000
127669  0.518  4.181  87.445 0.8750000000
135782  -8.854  8.563  88.297 0.8750000000
77892  9.048  9.530  82.181 0.6250000000
127708  -8.801  7.795  87.197 0.8750000000
77905  9.324  9.101  81.257 0.6250000000
77906  8.282  9.356  81.384 0.6250000000
77907  7.328  9.082  81.195 0.7500000000
78817  6.746  9.275  81.674 0.6250000000
124890  5.498  8.843  82.079 0.6250000000
74942  2.624  5.409  88.633 1.0000000000
121994  -8.834  7.111  87.074 0.8750000000
77923  7.068  8.455  80.595 0.7500000000
77924  6.207  8.302  80.921 0.7500000000
74955  2.804  5.187  87.481 1.0000000000
71060  3.087  1.146  88.493 1.0000000000
74974  -7.573  6.353  85.789 0.8750000000
74000  3.807  4.427  86.261 0.8750000000
70068  3.881  0.947  88.532 1.0000000000
76136  6.981  6.421  79.277 0.6250000000
70067  4.589  1.255  88.758 1.0000000000
74057  7.060  4.756  78.976 0.7500000000
73999  4.395  3.984  85.840 0.8750000000
70066  5.229  1.305  88.424 1.0000000000
73060  -4.560  3.838  85.126 0.8750000000
143372  7.586  3.691  77.931 0.7500000000
73055  5.168  3.459  85.892 1.0000000000
72188  8.357  2.829  77.227 0.7500000000
129531  7.505  1.839  77.702 0.8750000000
124676  5.600  3.388  85.251 1.0000000000
73053  6.162  3.075  85.133 1.0000000000
72089  6.650  2.044  87.035 1.0000000000
72131  -3.966  2.420  84.529 0.8750000000
144657  7.973  2.225  77.318 0.8750000000
71197  8.025  1.487  77.205 0.8750000000
72115  6.621  2.633  84.984 1.0000000000
72101  6.629  2.568  85.922 1.0000000000
72140  -3.860  1.682  84.069 0.8750000000
71210  8.572  1.111  76.706 0.7500000000
136147  8.349  -0.270  77.263 0.8750000000
126948  6.736  2.344  84.453 1.0000000000
71147  -4.779  0.249  83.074 0.8750000000
70261  9.612  0.245  75.684 0.8750000000
76004  27.810  6.105  86.661 1.0000000000
76005  27.405  6.222  86.519 1.0000000000
71234  10.753  0.866  74.399 0.6250000000
70260  10.187  0.351  75.091 0.8750000000
76006  26.593  6.072  86.512 1.0000000000
76024  25.432  5.774  85.233 1.0000000000
70275  10.863  -0.079  74.471 0.7500000000
69278  10.421  -0.592  75.102 0.8750000000
74948  28.137  6.017  86.623 1.0000000000
74936  28.047  5.613  86.927 1.0000000000
73969  27.951  4.932  87.201 1.0000000000
74978  24.783  5.588  84.613 0.8750000000
70284  12.324  0.558  73.577 0.7500000000
69312  -6.621  -0.433  73.905 0.5000000000
68209  -6.340  -1.524  80.614 0.8750000000
74935  28.663  5.759  86.470 1.0000000000
73968  28.593  5.180  86.684 1.0000000000
73041  28.209  3.752  86.650 0.8750000000
74997  24.522  5.865  83.383 0.8750000000
70273  12.785  -0.068  73.784 0.7500000000
124695  -6.392  -1.716  74.072 0.7500000000
126287  -6.450  -1.804  74.480 0.7500000000
73985  29.132  4.685  86.275 1.0000000000
73040  29.003  4.009  86.249 1.0000000000
71079  28.358  3.025  85.560 0.7500000000
75020  23.120  5.895  81.080 0.8750000000
75071  22.531  5.449  77.875 0.8750000000
71242  13.647  1.199  73.098 0.7500000000
68268  -6.286  -1.998  75.445 0.7500000000
68222  -5.871  -1.623  79.719 0.8750000000
72110  29.834  3.287  84.649 1.0000000000
71114  28.797  2.415  83.801 0.6250000000
70116  27.835  2.212  84.022 0.6250000000
75037  22.347  5.558  79.329 0.8750000000
75103  22.651  4.881  75.779 0.8750000000
72247  14.335  2.695  72.542 0.6250000000
71256  14.028  1.917  72.768 0.7500000000
67324  -6.527  -2.650  74.313 0.7500000000
68235  -6.465  -2.417  78.887 0.8750000000
70148  29.147  2.493  82.447 0.5000000000
70134  28.994  2.519  83.081 0.5000000000
122169  27.939  2.277  82.806 0.5000000000
70136  27.519  2.146  83.524 0.5000000000
75159  15.286  5.147  71.874 0.5000000000
72246  15.307  2.790  72.560 0.7500000000
67315  -6.536  -2.725  75.006 0.7500000000
123721  -6.877  -3.464  75.554 0.7500000000
67292  -7.073  -3.372  77.752 0.7500000000
126936  29.795  2.516  82.090 0.3750000000
70149  28.477  2.287  82.074 0.3750000000
75086  21.157  5.417  76.152 0.8750000000
143938  21.103  5.335  75.287 0.6250000000
142635  17.339  6.412  71.909 0.5000000000
76220  16.808  6.371  71.794 0.5000000000
138266  16.118  5.323  72.025 0.5000000000
73175  15.814  3.661  72.413 0.5000000000
142602  29.374  2.242  81.045 0.3750000000
70166  28.742  2.156  81.211 0.3750000000
70185  28.315  2.010  80.512 0.3750000000
75133  20.769  5.381  73.357 0.5000000000
145355  19.703  5.924  72.792 0.5000000000
75157  19.145  6.156  72.436 0.5000000000
76199  17.845  6.248  72.408 0.5000000000
123998  16.860  5.524  72.351 0.5000000000
70205  27.872  1.886  79.804 0.3750000000
76200  17.151  6.073  72.207 0.5000000000
137489  -2.865  8.137  87.622 0.8750000000
78739  -3.337  9.344  89.539 0.8750000000
76974  -1.739  7.947  86.725 0.8750000000
78725  -3.368  9.570  90.311 0.8750000000
76972  -0.811  7.627  86.554 0.7500000000
76960  -0.279  7.694  86.909 0.7500000000
79668  -3.156  10.138  90.768 0.8750000000
79658  -3.073  9.996  91.891 0.8750000000
79627  -3.959  10.389  94.383 0.8750000000
80530  -4.847  10.532  94.356 0.8750000000
129699  -6.213  10.898  92.638 0.8750000000
79650  -6.762  10.406  92.166 0.8750000000
77824  3.963  7.770  88.679 0.8750000000
76946  4.310  7.580  89.439 0.8750000000
123611  -0.006  7.142  87.756 0.8750000000
79657  -2.727  10.742  91.358 0.8750000000
79635  -3.051  10.774  93.917 0.8750000000
80536  -3.802  10.862  94.396 0.8750000000
80537  -4.468  11.193  94.430 0.8750000000
79659  -6.727  10.572  91.345 0.8750000000
74931  0.291  5.606  87.330 0.8750000000
121786  -0.080  6.404  88.810 0.8750000000
80545  -2.582  11.320  93.743 0.8750000000
141936  -2.785  11.297  93.954 0.8750000000
81402  -2.756  11.819  94.208 0.8750000000
79700  -7.482  9.847  89.089 0.8750000000
78793  8.142  9.936  83.532 0.6250000000
73963  0.374  4.821  87.927 0.8750000000
78767  -8.646  8.750  87.675 0.8750000000
77033  11.606  6.626  81.722 0.2500000000
77891  9.977  9.034  81.958 0.6250000000
78774  -8.266  8.830  86.834 0.8750000000
138124  -8.699  8.370  87.288 0.8750000000
76095  12.245  5.321  82.035 0.1250000000
77034  11.057  7.500  81.375 0.3750000000
77890  10.760  8.313  81.923 0.5000000000
73951  2.994  4.966  90.065 1.0000000000
72078  1.306  2.134  88.229 1.0000000000
76034  -8.083  7.327  85.734 0.8750000000
75013  13.699  4.562  81.696 0.1250000000
75014  12.743  4.698  81.601 0.1250000000
77045  10.735  7.470  80.704 0.3750000000
131261  7.830  8.856  80.773 0.6250000000
73976  3.148  4.482  88.567 1.0000000000
71061  2.114  1.485  88.310 1.0000000000
76033  -7.761  7.036  85.331 0.8750000000
76016  -8.178  6.679  86.071 0.8750000000
75015  11.954  5.287  81.394 0.2500000000
76114  10.935  6.650  80.315 0.3750000000
77933  9.031  8.340  79.953 0.5000000000
77059  8.243  7.819  79.566 0.5000000000
73975  3.383  4.247  87.874 1.0000000000
76051  -7.328  7.354  84.749 0.8750000000
76032  -7.133  6.726  85.126 0.8750000000
74973  -6.689  5.999  85.619 0.8750000000
76133  9.462  6.896  79.040 0.6250000000
76134  8.497  7.115  79.044 0.6250000000
73988  4.098  3.864  86.843 1.0000000000
74984  -6.277  6.395  85.009 0.8750000000
74972  -5.728  5.522  85.401 0.8750000000
76146  8.870  6.348  78.616 0.6250000000
74055  8.540  4.938  77.966 0.6250000000
71057  5.311  1.755  88.596 1.0000000000
74004  -4.890  4.899  85.035 0.8750000000
74066  8.827  4.147  77.631 0.6250000000
74065  9.854  3.832  77.496 0.6250000000
73054  5.892  3.080  85.937 1.0000000000
72075  5.902  1.764  87.858 1.0000000000
73068  -4.101  3.396  84.625 0.8750000000
72187  9.152  2.803  76.870 0.7500000000
73118  9.000  3.405  77.289 0.6250000000
72201  9.465  2.302  76.340 0.7500000000
71135  -4.351  0.726  83.589 0.8750000000
72215  9.838  1.868  75.708 0.6250000000
72213  10.876  2.704  74.691 0.6250000000
72214  10.427  2.263  75.229 0.6250000000
70176  -5.091  0.005  82.367 0.8750000000
125730  27.698  6.443  85.670 1.0000000000
76022  26.937  6.352  85.721 1.0000000000
72225  10.765  1.821  74.489 0.6250000000
132297  -5.598  0.830  73.391 0.5000000000
139805  -5.392  -0.741  80.873 0.8750000000
76021  28.017  6.310  86.164 1.0000000000
124801  27.229  6.474  84.776 0.8750000000
76023  26.224  6.073  85.741 1.0000000000
76042  25.350  5.954  84.166 0.8750000000
71244  11.871  1.131  73.535 0.5000000000
70290  -6.584  0.071  73.750 0.6250000000
76020  28.501  6.360  85.710 1.0000000000
144410  28.191  6.447  85.593 1.0000000000
76058  27.161  6.479  83.929 0.8750000000
76059  26.384  6.308  84.006 0.8750000000
138507  25.475  6.249  83.170 0.8750000000
71243  12.611  1.370  73.194 0.7500000000
72233  12.477  2.458  72.956 0.6250000000
68300  -6.610  -0.798  74.146 0.6250000000
69201  -5.561  -1.201  80.281 0.8750000000
76037  30.071  6.179  84.651 1.0000000000
76038  29.447  6.407  84.742 1.0000000000
76056  28.509  6.601  84.490 0.8750000000
129470  27.560  6.527  83.484 0.8750000000
142536  25.908  6.339  82.783 0.8750000000
76077  24.372  6.100  82.402 0.8750000000
76093  23.852  6.079  81.567 0.8750000000
72249  12.828  3.336  72.662 0.7500000000
74007  32.080  4.313  82.870 1.0000000000
74977  31.302  5.318  83.772 1.0000000000
74963  30.736  5.161  84.460 1.0000000000
73983  30.241  5.020  85.187 1.0000000000
127546  27.237  6.426  82.761 0.8750000000
136862  26.323  6.084  81.538 0.8750000000
76109  24.834  6.009  80.711 0.8750000000
76128  24.096  5.924  80.114 0.8750000000
75052  22.986  5.548  78.765 0.8750000000
74147  14.010  4.227  72.260 0.5000000000
73177  13.693  3.420  72.457 0.7500000000
68285  -6.026  -1.224  75.425 0.7500000000
68234  -5.822  -1.928  78.686 0.8750000000
73063  31.903  4.039  82.895 0.8750000000
72108  31.161  3.666  83.470 1.0000000000
72109  30.521  3.456  84.105 1.0000000000
76125  26.367  5.704  80.127 0.8750000000
76127  24.752  5.795  79.929 0.8750000000
75050  24.798  5.353  78.587 0.8750000000
75070  23.458  5.313  77.832 0.8750000000
75084  22.907  5.187  76.901 0.8750000000
75182  14.890  5.705  71.698 0.5000000000
126393  14.215  5.205  71.964 0.5000000000
67306  -6.603  -2.827  76.054 0.7500000000
68249  -5.567  -1.998  77.364 0.7500000000
67277  -6.242  -2.480  77.878 0.7500000000
72122  32.408  3.850  82.273 0.7500000000
72123  31.581  3.553  82.730 0.7500000000
72134  31.182  3.219  82.669 0.7500000000
71112  30.462  2.853  83.136 0.7500000000
75034  26.860  5.495  79.416 0.8750000000
75035  25.997  5.504  79.347 0.8750000000
75068  25.302  5.075  77.854 0.8750000000
75069  24.406  5.160  77.834 0.8750000000
74076  23.688  4.734  76.121 0.8750000000
74096  22.832  4.650  74.935 0.8750000000
77145  16.911  7.878  70.659 0.5000000000
78010  16.066  8.029  70.736 0.5000000000
76222  15.010  6.358  71.558 0.5000000000
74146  14.987  4.373  72.136 0.5000000000
67291  -6.716  -2.866  77.220 0.7500000000
71125  31.410  3.062  82.083 0.7500000000
71126  30.709  2.865  82.563 0.7500000000
71140  30.221  2.642  82.355 0.5000000000
75067  26.167  5.074  77.843 0.8750000000
75082  24.983  4.809  77.102 0.8750000000
74094  24.420  4.610  75.392 0.8750000000
74095  23.534  4.623  75.216 0.8750000000
74109  21.949  4.736  74.067 0.6250000000
77144  18.484  7.387  70.624 0.5000000000
77126  17.728  7.719  70.610 0.5000000000
77128  16.456  7.349  71.113 0.5000000000
75180  16.442  5.952  71.895 0.5000000000
74145  15.910  4.601  72.191 0.5000000000
70147  30.476  2.629  81.706 0.6250000000
144384  29.991  2.414  81.290 0.3750000000
70184  29.026  2.092  80.380 0.3750000000
74106  24.198  4.605  74.585 0.8750000000
74108  22.624  4.574  74.255 0.7500000000
74123  21.712  4.886  73.246 0.6250000000
130437  20.771  5.590  71.862 0.5000000000
75179  19.991  5.936  71.811 0.5000000000
76218  18.478  6.815  71.208 0.5000000000
76219  17.741  6.701  71.624 0.5000000000
69189  28.125  1.692  78.891 0.3750000000
125850  23.224  4.502  73.533 0.5000000000
74142  22.643  4.667  72.846 0.5000000000
75154  22.080  5.053  72.184 0.6250000000
75178  21.503  5.466  71.432 0.6250000000
77825  -2.706  8.805  87.831 0.8750000000
77841  -2.190  8.431  87.212 0.8750000000
78765  -1.905  9.179  87.447 0.8750000000
77855  -1.157  8.035  86.614 0.7500000000
123601  -0.402  8.381  87.148 0.7500000000
78738  -2.899  9.944  88.880 0.8750000000
80539  -5.638  10.820  93.745 0.8750000000
76949  -0.111  7.995  87.708 0.7500000000
79680  -3.165  10.146  89.813 0.8750000000
80538  -5.189  11.021  94.207 0.8750000000
80547  -5.661  11.407  93.052 0.8750000000
80553  -6.280  11.170  91.957 0.8750000000
76921  4.268  7.107  91.099 1.0000000000
80567  -2.367  11.479  90.791 0.8750000000
81403  -4.541  12.128  94.281 0.8750000000
81404  -4.977  11.665  94.110 0.8750000000
77836  5.175  8.191  87.846 0.7500000000
80552  -2.370  11.350  93.114 0.8750000000
81410  -2.254  11.967  93.872 0.8750000000
138501  -3.617  11.694  94.392 0.8750000000
122240  -2.924  12.608  94.417 0.8750000000
79669  -6.600  10.792  90.440 0.8750000000
78786  7.350  9.924  84.371 0.6250000000
78778  6.737  9.571  85.186 0.5000000000
77850  5.507  8.646  87.030 0.6250000000
73964  -0.002  4.718  88.967 0.8750000000
80544  -2.005  12.066  93.459 0.8750000000
81409  -1.639  12.889  93.627 0.8750000000
81401  -1.962  12.887  94.018 0.8750000000
79699  -6.749  10.524  88.579 0.8750000000
77022  11.355  7.568  81.980 0.5000000000
77004  11.236  8.180  82.619 0.5000000000
143682  6.592  9.305  85.761 0.5000000000
77849  6.472  9.062  86.208 0.6250000000
127192  6.288  8.654  86.939 0.6250000000
74910  2.901  5.194  91.459 1.0000000000
73005  0.063  3.097  89.656 1.0000000000
79720  -7.234  9.932  86.722 0.8750000000
76096  11.865  5.843  81.778 0.2500000000
78785  8.242  9.719  84.366 0.5000000000
78777  7.612  9.605  85.132 0.5000000000
73944  2.850  4.492  90.949 1.0000000000
72064  1.102  1.886  89.535 1.0000000000
128155  -7.394  8.871  84.506 0.8750000000
139845  -7.424  9.589  85.228 0.8750000000
75012  14.432  4.840  81.939 0.1250000000
75023  14.258  4.803  81.082 0.1250000000
76113  11.463  5.806  80.732 0.3750000000
73962  3.009  4.750  89.390 1.0000000000
73950  3.277  4.116  90.132 1.0000000000
134082  1.802  1.633  89.118 1.0000000000
77884  -7.329  8.638  84.289 0.8750000000
138532  -7.438  8.285  84.679 0.8750000000
77043  14.518  6.669  80.789 0.1250000000
76111  14.323  5.559  80.570 0.1250000000
75025  12.534  4.637  81.001 0.1250000000
75026  12.003  4.902  80.646 0.2500000000
76131  11.039  5.841  79.871 0.3750000000
71059  4.055  1.427  89.515 1.0000000000
121506  2.769  1.432  89.366 1.0000000000
76992  -7.066  7.485  84.266 0.8750000000
76050  -6.803  6.984  84.534 0.8750000000
75039  13.334  4.657  79.905 0.1250000000
74035  12.199  4.670  80.033 0.3750000000
133379  10.657  5.752  79.196 0.5000000000
76145  9.975  5.994  78.682 0.5000000000
73974  3.915  3.733  87.729 1.0000000000
76069  -6.502  7.267  84.079 0.8750000000
76129  14.197  6.335  80.078 0.1250000000
75055  13.373  5.119  79.299 0.1250000000
74042  12.607  4.548  79.645 0.2500000000
75042  11.151  5.052  79.425 0.5000000000
73032  4.418  3.394  87.510 1.0000000000
131430  4.966  1.720  89.204 1.0000000000
74993  -5.039  6.162  84.289 0.8750000000
76049  -5.950  6.677  84.465 0.8750000000
74983  -5.370  5.862  84.798 0.8750000000
74051  12.380  4.402  78.945 0.2500000000
74052  11.626  4.255  78.514 0.5000000000
133134  10.304  4.336  77.919 0.6250000000
73044  4.734  3.437  86.746 1.0000000000
73031  4.912  2.908  87.644 1.0000000000
73043  5.402  2.979  86.759 1.0000000000
72076  5.410  2.051  88.510 1.0000000000
74011  -4.514  5.129  84.444 0.8750000000
74062  12.156  4.258  78.160 0.2500000000
72090  5.602  2.355  87.624 1.0000000000
74018  -3.932  4.145  84.212 0.8750000000
75074  12.288  4.991  77.567 0.3750000000
74080  11.742  4.331  77.396 0.5000000000
73116  10.475  3.422  77.093 0.7500000000
72102  6.046  2.600  86.663 1.0000000000
73075  -3.703  2.987  84.186 0.8750000000
74081  11.385  4.231  76.484 0.6250000000
73133  9.899  2.944  76.580 0.6250000000
71134  -3.716  1.528  83.423 0.8750000000
122460  11.030  3.657  75.902 0.6250000000
73132  10.545  3.217  76.308 0.6250000000
71157  -4.222  0.698  82.609 0.8750000000
73145  11.129  3.477  74.978 0.6250000000
70175  -4.190  0.572  81.860 0.8750000000
125031  11.304  3.120  74.146 0.5000000000
69181  -4.723  -0.282  80.909 0.8750000000
73155  11.912  4.046  73.585 0.5000000000
144553  11.693  3.437  73.691 0.5000000000
123249  -6.301  1.812  73.752 0.5000000000
70276  -6.784  0.529  73.986 0.6250000000
127063  -4.676  -0.753  80.011 0.8750000000
127925  12.151  3.347  73.128 0.5000000000
73164  11.720  2.763  73.465 0.5000000000
70263  -6.860  0.602  74.293 0.6250000000
69281  -6.731  -0.095  74.408 0.6250000000
69280  -6.277  -0.269  75.167 0.7500000000
76055  31.451  6.005  82.967 1.0000000000
76984  30.662  6.126  83.802 1.0000000000
76986  29.487  6.537  83.973 0.8750000000
76987  29.077  6.622  83.922 0.8750000000
76089  27.944  6.357  82.377 0.8750000000
75161  13.207  5.472  72.408 0.3750000000
73178  13.149  4.107  72.477 0.6250000000
68286  -6.400  -1.015  74.699 0.7500000000
134997  -5.372  0.019  75.850 0.7500000000
124767  31.781  5.530  83.168 1.0000000000
76036  31.169  5.745  83.637 1.0000000000
76017  30.648  5.699  84.291 1.0000000000
76105  28.918  6.106  80.778 0.8750000000
76088  28.782  6.266  81.956 0.8750000000
76106  27.921  6.108  81.436 0.8750000000
143848  27.144  5.694  80.115 0.8750000000
77131  14.166  6.929  71.638 0.3750000000
76201  13.647  6.131  72.033 0.5000000000
139779  13.459  4.766  72.343 0.6250000000
68248  -5.016  -1.465  77.926 0.8750000000
76054  32.357  5.722  82.574 1.0000000000
74975  32.758  4.999  82.603 1.0000000000
76123  28.614  5.831  79.752 0.8750000000
75033  27.729  5.606  79.574 0.8750000000
79842  18.302  10.724  70.855 0.2500000000
79865  16.990  10.081  70.502 0.3750000000
79866  16.190  10.312  70.757 0.3750000000
78917  14.992  9.158  71.073 0.3750000000
77130  14.700  7.682  71.334 0.5000000000
75160  14.382  6.054  71.737 0.5000000000
68267  -5.690  -1.700  76.231 0.7500000000
67290  -6.153  -2.384  76.668 0.7500000000
72132  32.720  3.809  82.002 0.7500000000
72133  31.975  3.518  82.241 0.7500000000
76142  29.112  5.833  78.972 0.8750000000
138156  28.294  5.581  78.910 0.8750000000
75047  27.426  5.389  78.715 0.8750000000
121747  26.558  4.944  77.080 0.8750000000
78931  18.543  9.164  70.288 0.2500000000
78932  17.203  9.239  70.345 0.5000000000
78028  16.626  8.632  70.520 0.5000000000
77129  15.573  7.490  71.159 0.5000000000
78011  15.202  8.274  70.993 0.5000000000
72143  32.181  3.329  81.820 0.6250000000
71138  31.782  3.037  81.726 0.6250000000
71139  30.970  2.865  82.007 0.6250000000
145142  27.189  5.125  76.866 0.7500000000
75102  26.701  4.909  76.168 0.7500000000
74093  25.301  4.689  75.529 0.7500000000
138386  19.933  7.779  70.282 0.6250000000
78026  18.452  8.273  70.273 0.5000000000
131996  17.908  8.969  70.250 0.5000000000
141022  29.865  2.166  80.382 0.5000000000
70204  28.587  1.904  79.594 0.3750000000
75116  26.629  5.060  74.963 0.6250000000
141080  25.815  4.836  74.970 0.6250000000
131992  25.095  4.718  74.616 0.5000000000
74122  23.938  4.530  73.179 0.5000000000
75195  21.892  5.807  70.668 0.6250000000
142487  21.299  5.736  70.877 0.6250000000
77143  19.236  7.596  70.360 0.5000000000
69188  28.965  1.631  78.756 0.1250000000
74141  23.505  4.626  72.643 0.5000000000
75153  22.996  4.975  71.989 0.5000000000
127658  38.983  9.489  73.290 0.5000000000
77977  38.291  9.063  73.225 0.3750000000
124911  37.303  8.250  74.197 0.2500000000
77840  -1.332  8.616  86.950 0.7500000000
78764  -1.154  9.377  87.380 0.7500000000
78756  -2.463  9.635  88.037 0.8750000000
77839  -0.740  8.869  87.137 0.7500000000
79710  -0.797  10.131  87.714 0.7500000000
79698  -2.148  10.418  88.329 0.8750000000
77812  -0.011  8.216  88.686 0.7500000000
141995  -0.653  10.843  88.031 0.7500000000
79679  -2.569  10.684  89.270 0.8750000000
145002  -5.325  12.177  93.016 0.8750000000
140090  -5.824  11.568  92.389 0.8750000000
80593  -0.976  11.385  88.428 0.7500000000
80577  -2.259  11.418  89.750 0.8750000000
128413  -3.911  12.711  94.470 0.8750000000
81418  -5.647  11.972  91.758 0.8750000000
77823  4.884  7.847  88.789 0.7500000000
74919  -0.243  5.429  89.431 0.8750000000
80566  -1.847  12.020  90.241 0.7500000000
80557  -1.814  12.187  91.327 0.8750000000
81416  -1.535  12.845  92.921 0.8750000000
80578  -6.190  11.261  89.178 0.8750000000
139803  -6.229  11.242  89.868 0.8750000000
77880  8.970  9.551  83.089 0.6250000000
73006  -0.226  3.468  90.268 1.0000000000
73952  -0.207  3.967  89.606 1.0000000000
131724  -1.502  12.694  92.057 0.8750000000
82292  -1.240  13.856  94.002 0.8750000000
80595  -6.062  11.273  88.216 0.8750000000
141840  8.811  9.596  83.768 0.5000000000
73939  2.416  4.529  92.000 1.0000000000
72995  0.030  2.779  90.586 1.0000000000
72079  0.597  2.663  88.925 1.0000000000
130166  -7.099  10.200  85.476 0.8750000000
78773  -7.625  9.390  86.233 0.8750000000
75002  12.951  4.869  82.287 0.1250000000
145235  12.463  5.484  82.529 0.1250000000
127062  10.386  8.886  82.700 0.3750000000
77879  9.688  9.350  83.489 0.3750000000
77873  9.095  9.487  84.300 0.3750000000
72994  2.440  3.609  91.612 1.0000000000
142469  -7.277  9.867  84.496 0.8750000000
81507  18.836  12.138  82.407 0.1250000000
80645  18.321  11.761  82.008 0.1250000000
78814  15.852  9.077  81.306 0.1250000000
124359  10.794  8.778  83.580 0.3750000000
77872  10.010  9.322  84.298 0.3750000000
71044  3.334  1.619  90.347 1.0000000000
71045  2.041  1.545  90.224 1.0000000000
77883  -7.045  8.673  83.874 0.8750000000
78799  -7.089  9.436  83.907 0.8750000000
83286  20.238  14.877  82.029 0.1250000000
81510  19.022  12.750  82.167 0.1250000000
80646  17.776  11.241  81.697 0.1250000000
77918  15.181  8.544  80.922 0.1250000000
73961  3.603  3.864  89.391 1.0000000000
77882  -6.421  8.639  83.423 0.8750000000
77009  -6.897  7.896  83.857 0.8750000000
85101  20.686  15.988  80.535 0.1250000000
82393  18.612  13.088  81.478 0.1250000000
122709  17.490  11.443  81.008 0.1250000000
79751  16.010  10.257  80.225 0.1250000000
78827  14.974  8.926  80.112 0.1250000000
77055  14.250  7.316  79.923 0.1250000000
123382  3.823  3.710  88.613 1.0000000000
73019  4.200  3.086  89.379 1.0000000000
72077  5.140  2.035  89.350 1.0000000000
145033  4.694  1.616  89.467 1.0000000000
77025  -5.671  8.177  83.125 0.8750000000
76068  -5.639  6.923  83.943 0.8750000000
85100  22.021  16.556  80.463 0.1250000000
83299  19.288  14.707  80.696 0.1250000000
82399  18.264  13.454  80.752 0.1250000000
80653  17.359  11.844  80.514 0.1250000000
79750  16.715  10.604  80.658 0.1250000000
78834  15.375  9.773  79.771 0.1250000000
77066  13.357  6.628  78.618 0.1250000000
130039  13.516  5.933  79.141 0.1250000000
73033  4.461  3.090  88.475 1.0000000000
133922  -4.806  7.927  82.841 0.8750000000
76085  -4.386  6.656  83.371 0.8750000000
76067  -4.755  6.458  83.795 0.8750000000
74992  -4.228  5.543  83.879 0.8750000000
84217  23.042  16.316  80.167 0.1250000000
85112  22.043  16.178  79.697 0.1250000000
82408  17.986  13.815  80.022 0.1250000000
141792  16.941  11.675  80.035 0.1250000000
79758  16.466  11.072  79.892 0.1250000000
77939  14.331  8.732  78.795 0.2500000000
133529  13.607  7.403  78.700 0.1250000000
76143  13.156  5.700  78.577 0.1250000000
75007  -4.123  6.082  83.517 0.8750000000
143328  -4.045  4.862  84.059 0.8750000000
83298  25.757  14.255  80.085 0.1250000000
84229  24.557  14.689  79.910 0.1250000000
83311  23.470  14.689  79.309 0.1250000000
84230  22.737  15.683  79.457 0.1250000000
84232  21.288  15.880  79.304 0.1250000000
84233  19.795  15.461  79.296 0.1250000000
83300  18.592  14.243  80.354 0.1250000000
125213  14.684  9.621  78.448 0.1250000000
77940  13.796  8.197  78.353 0.2500000000
77071  13.244  7.502  77.913 0.2500000000
76144  12.722  5.567  77.997 0.1250000000
73074  -3.453  3.589  83.681 0.8750000000
83308  26.337  13.452  79.657 0.1250000000
83310  24.362  13.886  79.402 0.1250000000
84244  21.374  15.362  78.640 0.1250000000
130514  20.532  15.617  78.925 0.1250000000
77945  13.514  8.521  77.559 0.2500000000
77946  12.875  8.089  77.072 0.2500000000
76154  12.473  6.092  77.287 0.2500000000
137922  12.149  5.682  76.713 0.3750000000
83309  25.238  13.627  79.661 0.1250000000
83319  23.796  13.649  78.905 0.1250000000
84243  22.415  15.077  78.881 0.1250000000
83322  20.999  14.832  77.990 0.1250000000
77072  12.603  7.145  77.180 0.2500000000
76161  12.190  6.696  76.300 0.2500000000
75090  11.623  4.886  75.846 0.5000000000
72148  -3.224  2.205  82.992 0.8750000000
82406  25.695  12.843  79.403 0.1250000000
82407  24.745  13.003  79.115 0.1250000000
83321  22.075  14.402  78.256 0.1250000000
71146  -3.611  1.402  82.804 0.8750000000
81538  24.668  12.417  78.737 0.1250000000
122690  24.287  12.353  78.392 0.1250000000
82429  23.591  12.625  78.085 0.1250000000
82431  22.001  13.385  77.289 0.1250000000
83336  20.615  14.487  77.345 0.1250000000
83352  19.341  14.478  76.509 0.1250000000
76171  11.991  6.679  75.146 0.3750000000
75107  11.695  5.139  75.023 0.5000000000
71156  -3.521  1.231  82.075 0.8750000000
81549  24.081  12.059  77.920 0.1250000000
81550  23.161  12.288  77.395 0.1250000000
81563  21.482  12.644  75.889 0.1250000000
82444  20.870  13.422  76.256 0.1250000000
83369  19.046  14.165  75.835 0.1250000000
82460  17.736  14.038  75.580 0.1250000000
124878  11.866  5.290  74.254 0.3750000000
74112  11.731  4.603  74.318 0.5000000000
73156  -6.754  3.528  74.697 0.6250000000
124812  -6.737  2.896  75.061 0.6250000000
70194  -3.897  0.246  81.013 0.8750000000
69199  -3.662  -0.143  79.902 0.8750000000
142500  23.070  11.882  76.912 0.1250000000
129799  22.157  11.965  75.911 0.2500000000
81574  20.959  12.611  75.166 0.2500000000
82475  19.274  13.423  74.691 0.2500000000
122559  17.855  13.844  74.905 0.2500000000
82477  17.476  13.573  74.397 0.3750000000
76185  12.382  6.431  73.323 0.3750000000
75122  12.088  5.808  73.802 0.3750000000
71248  -5.534  1.608  73.351 0.6250000000
72217  -6.732  2.048  74.877 0.6250000000
80710  21.776  11.473  74.674 0.2500000000
81586  20.954  12.230  74.531 0.2500000000
81575  20.154  12.952  74.743 0.2500000000
82476  18.463  13.510  74.338 0.2500000000
82498  17.006  13.266  73.825 0.3750000000
81588  16.227  12.956  74.120 0.3750000000
77111  12.654  6.964  72.842 0.3750000000
75138  12.523  5.630  73.033 0.3750000000
71225  -6.599  1.465  75.105 0.7500000000
69200  -4.973  -1.312  79.122 0.8750000000
123291  31.436  6.308  82.291 1.0000000000
77015  30.243  6.460  82.673 1.0000000000
77016  29.841  6.506  82.832 0.8750000000
76998  29.665  6.535  83.313 0.8750000000
80723  20.921  11.607  73.554 0.2500000000
81605  20.572  12.097  73.848 0.2500000000
128786  19.034  12.684  73.316 0.2500000000
82497  17.861  13.319  73.702 0.2500000000
81609  16.473  12.891  73.260 0.3750000000
80745  14.587  11.442  72.351 0.3750000000
78919  13.723  9.046  71.911 0.3750000000
128974  13.490  7.556  71.922 0.3750000000
77101  12.916  7.863  72.757 0.3750000000
141317  31.507  6.541  81.641 1.0000000000
77030  31.121  6.653  81.052 1.0000000000
125904  30.322  6.410  81.962 0.8750000000
76087  29.680  6.301  81.477 0.8750000000
80724  20.251  11.961  73.167 0.2500000000
81628  19.457  12.213  72.864 0.2500000000
81630  17.717  12.606  72.470 0.2500000000
81631  16.795  12.710  72.451 0.3750000000
80763  15.252  11.313  71.533 0.3750000000
78918  14.291  9.657  71.659 0.3750000000
78013  13.537  8.297  71.932 0.3750000000
77110  13.217  6.944  72.219 0.3750000000
69262  -5.443  -0.895  75.917 0.7500000000
76995  32.314  6.226  82.238 1.0000000000
129999  31.146  6.829  80.204 1.0000000000
77042  30.496  6.464  80.885 0.8750000000
76104  29.868  6.283  80.561 0.8750000000
79831  20.430  11.034  72.062 0.2500000000
79832  19.811  11.116  71.696 0.5000000000
80759  18.619  11.446  71.428 0.2500000000
79843  16.817  10.904  70.862 0.3750000000
128626  15.866  11.754  71.500 0.3750000000
141535  14.982  9.924  71.240 0.3750000000
78012  14.311  8.563  71.440 0.3750000000
68266  -5.111  -1.312  76.866 0.7500000000
74014  33.147  4.485  82.127 0.8750000000
76141  29.863  6.159  78.811 0.8750000000
76152  29.348  5.814  78.205 0.8750000000
75065  28.732  5.556  77.664 0.7500000000
75081  27.957  5.354  77.077 0.7500000000
78927  21.878  8.869  70.759 0.5000000000
78928  20.974  9.056  70.601 0.5000000000
79862  19.709  9.959  70.738 0.5000000000
79863  18.834  9.974  70.595 0.2500000000
72142  32.888  3.708  81.740 0.5000000000
140741  30.001  6.180  77.996 0.8750000000
75079  29.409  5.787  77.414 0.8750000000
75080  28.780  5.563  76.942 0.7500000000
135551  27.545  5.220  76.339 0.7500000000
78023  21.295  8.244  70.468 0.5000000000
78024  20.409  8.389  70.361 0.5000000000
78929  20.090  9.188  70.446 0.6250000000
72150  33.031  3.502  81.254 0.5000000000
71148  32.611  2.995  80.867 0.3750000000
71160  31.517  2.487  80.686 0.5000000000
143968  30.334  2.345  80.755 0.5000000000
75115  27.520  5.439  74.514 0.6250000000
75132  26.813  5.288  73.830 0.6250000000
74120  25.948  4.958  74.181 0.6250000000
74140  25.132  4.802  72.749 0.5000000000
141798  24.328  4.667  72.568 0.5000000000
75194  22.874  5.757  70.669 0.3750000000
77142  20.646  7.605  70.320 0.5000000000
71170  32.068  2.490  79.551 0.2500000000
70182  31.599  2.305  79.893 0.1250000000
70202  30.259  1.879  79.421 0.1250000000
69187  29.852  1.594  78.647 0.1250000000
69208  28.495  1.429  78.181 0.1250000000
75152  24.849  4.964  71.803 0.3750000000
74157  23.881  4.881  71.843 0.5000000000
75176  23.340  5.309  71.222 0.5000000000
69206  30.314  1.294  77.931 0.1250000000
69207  29.442  1.309  78.027 0.1250000000
69225  30.703  1.092  77.165 0.1250000000
125500  28.940  1.157  77.324 0.1250000000
77975  39.437  9.700  73.809 0.3750000000
77976  38.604  9.231  73.888 0.3750000000
77985  39.574  9.687  72.969 0.5000000000
76174  36.749  7.531  74.654 0.3750000000
130895  36.112  6.981  74.100 0.1250000000
143369  39.822  9.739  72.543 0.5000000000
78908  41.620  10.679  72.186 1.0000000000
80769  43.834  11.962  69.743 0.8750000000
80748  43.408  12.157  70.533 0.8750000000
141212  42.344  10.839  70.936 1.0000000000
81649  44.029  12.580  69.733 0.8750000000
80770  43.009  11.436  70.567 0.7500000000
79853  43.575  11.468  69.567 0.8750000000
124824  46.915  10.985  66.701 0.8750000000
122489  0.841  9.093  89.874 0.7500000000
127128  0.932  9.867  89.056 0.7500000000
124416  0.276  8.359  89.726 0.7500000000
136982  0.311  9.174  88.688 0.7500000000
78753  0.380  10.060  88.331 0.7500000000
82301  -4.815  14.204  92.165 0.8750000000
82307  -4.830  13.965  91.795 0.8750000000
140380  -4.996  14.755  91.001 0.8750000000
76933  4.525  7.597  90.290 0.8750000000
76907  4.025  7.355  91.893 1.0000000000
76922  0.172  7.686  90.823 0.7500000000
80592  -0.137  11.309  88.362 0.7500000000
136027  0.580  11.995  88.912 0.7500000000
83188  -4.538  14.041  93.145 0.8750000000
81417  -5.035  13.012  92.390 0.8750000000
81422  -5.177  12.993  91.505 0.8750000000
82313  -4.892  13.839  91.017 0.8750000000
75969  -0.377  6.058  90.992 0.8750000000
121762  -0.328  6.112  89.966 0.8750000000
80575  -0.516  12.050  88.972 0.7500000000
137805  -4.196  13.508  94.069 0.8750000000
82295  -4.636  13.051  93.568 0.8750000000
142283  -5.129  13.045  91.933 0.8750000000
81423  -5.519  12.330  90.983 0.8750000000
82320  -5.022  14.422  90.555 0.8750000000
74911  -0.466  5.139  90.561 0.8750000000
81432  -1.379  12.615  90.473 0.7500000000
81421  -1.313  12.903  91.296 0.8750000000
82293  -2.190  13.555  94.265 0.8750000000
81443  -5.320  13.056  89.698 0.8750000000
131685  -5.244  14.360  89.967 0.8750000000
77835  6.141  8.115  87.718 0.6250000000
74903  2.733  5.404  92.419 1.0000000000
127710  -0.363  4.673  89.800 0.8750000000
81420  -1.090  13.455  92.062 0.7500000000
81415  -1.196  13.628  93.137 0.8750000000
81408  -1.208  13.700  93.708 0.8750000000
80619  -6.062  11.650  85.579 0.8750000000
80594  -5.388  12.158  87.959 0.8750000000
77021  11.920  7.134  82.513 0.2500000000
77863  7.050  9.255  85.924 0.5000000000
72055  0.457  2.057  91.003 1.0000000000
82306  -0.844  14.050  92.546 0.8750000000
82300  -0.953  14.170  93.264 0.8750000000
140260  -6.585  10.869  85.203 0.8750000000
79719  -6.520  10.643  86.186 0.8750000000
77020  15.150  6.033  82.103 0.1250000000
77862  8.563  9.526  84.995 0.5000000000
126597  9.127  9.274  85.535 0.3750000000
128960  2.674  1.712  91.067 1.0000000000
130654  -6.660  9.534  83.451 0.8750000000
79732  -6.956  10.250  83.690 0.8750000000
81512  17.881  11.947  81.189 0.1250000000
121821  17.385  10.650  81.717 0.1250000000
78801  16.699  9.337  82.450 0.1250000000
77002  12.430  7.106  83.349 0.3750000000
77003  11.756  8.003  83.314 0.3750000000
77861  10.050  9.219  85.058 0.3750000000
72993  3.192  3.196  90.803 1.0000000000
73004  3.797  3.132  90.038 1.0000000000
124599  3.552  1.973  90.741 1.0000000000
84202  20.683  15.785  81.543 0.1250000000
82388  19.628  13.135  82.605 0.1250000000
124329  12.418  6.144  82.882 0.1250000000
76991  12.119  7.881  84.063 0.3750000000
77878  11.414  8.413  84.052 0.3750000000
77871  10.813  8.917  84.516 0.3750000000
72992  3.920  2.537  90.408 1.0000000000
140851  4.319  2.103  90.327 1.0000000000
71058  4.800  1.835  89.900 1.0000000000
77895  -5.225  8.772  82.678 0.8750000000
77896  -6.177  9.610  83.035 0.8750000000
85088  22.126  16.743  81.413 0.1250000000
84201  21.414  16.282  81.990 0.1250000000
76990  12.906  7.059  84.203 0.2500000000
73003  4.440  2.506  90.012 1.0000000000
72063  4.870  2.124  89.945 1.0000000000
122834  22.914  16.843  80.989 0.1250000000
73018  4.751  2.495  89.408 1.0000000000
73017  5.033  2.424  88.593 1.0000000000
142601  -4.197  7.793  82.592 0.8750000000
77024  -4.163  7.186  82.887 0.8750000000
84215  25.335  15.148  80.470 0.1250000000
85098  24.934  16.120  80.921 0.1250000000
84216  24.225  15.792  80.351 0.1250000000
129234  17.402  12.865  79.925 0.1250000000
80661  17.099  12.331  79.819 0.1250000000
80662  16.557  11.863  79.412 0.1250000000
79765  15.404  10.698  78.551 0.1250000000
76100  -3.281  6.752  82.378 0.8750000000
76084  -3.727  6.314  83.041 0.8750000000
74017  -3.601  4.642  83.627 0.8750000000
131676  26.231  14.755  80.371 0.1250000000
83312  19.109  14.973  79.816 0.1250000000
83313  18.421  14.485  79.508 0.1250000000
82409  17.555  13.457  79.622 0.1250000000
81526  16.666  12.602  78.985 0.1250000000
80672  15.661  11.517  78.219 0.2500000000
78849  14.392  9.772  77.620 0.2500000000
76099  -2.559  6.366  81.675 0.8750000000
75005  -2.983  5.728  82.459 0.8750000000
75006  -3.580  5.520  83.290 0.8750000000
83297  26.624  14.266  79.979 0.1250000000
83323  19.071  15.071  78.911 0.1250000000
83324  18.271  14.579  78.544 0.1250000000
80671  16.158  12.080  78.620 0.2500000000
78854  14.141  9.876  76.949 0.2500000000
77952  13.231  8.863  76.791 0.2500000000
133606  -3.055  4.009  83.128 0.8750000000
84253  20.119  15.074  77.853 0.1250000000
133561  19.226  15.054  78.005 0.1250000000
83337  18.568  14.733  77.368 0.1250000000
82447  16.486  13.469  76.677 0.2500000000
79773  14.671  10.490  77.116 0.2500000000
138175  12.735  8.477  76.419 0.2500000000
77088  12.214  7.572  75.500 0.3750000000
73083  -3.089  3.128  83.101 0.8750000000
81524  26.076  12.409  79.149 0.1250000000
83338  17.719  14.358  77.147 0.1250000000
82446  17.067  13.956  76.955 0.2500000000
81565  15.522  12.213  76.871 0.2500000000
80690  14.625  10.944  76.261 0.2500000000
79782  13.776  10.043  75.855 0.2500000000
77961  12.949  9.070  76.027 0.2500000000
77962  12.514  8.419  75.734 0.2500000000
72147  -2.800  2.794  82.424 0.8750000000
81536  25.936  12.010  78.660 0.1250000000
145361  25.332  11.858  78.699 0.1250000000
120792  24.805  11.941  78.491 0.1250000000
132405  19.693  14.766  77.218 0.1250000000
83354  17.681  14.202  76.351 0.1250000000
81564  15.923  12.881  76.216 0.2500000000
145087  15.498  12.341  76.173 0.2500000000
80698  14.532  11.226  75.409 0.2500000000
130183  13.256  9.746  74.935 0.2500000000
78863  13.321  9.635  75.593 0.2500000000
77095  12.216  7.417  74.497 0.3750000000
71145  -3.016  1.964  82.288 0.8750000000
81547  25.892  11.734  77.714 0.1250000000
80679  25.269  11.188  77.522 0.1250000000
80687  24.416  11.075  76.966 0.1250000000
81561  23.705  11.589  77.214 0.1250000000
139317  18.293  14.211  75.860 0.1250000000
123647  17.050  13.855  76.109 0.2500000000
81576  16.085  13.186  75.110 0.2500000000
81577  15.484  12.446  75.512 0.2500000000
79808  13.564  10.176  74.499 0.2500000000
78864  12.826  9.103  75.104 0.2500000000
73168  -6.583  3.363  74.055 0.6250000000
73147  -6.674  3.721  75.322 0.6250000000
70193  -2.976  0.629  80.235 0.8750000000
82441  26.092  12.574  77.293 0.1250000000
80678  25.559  11.305  77.040 0.1250000000
79779  25.183  10.886  76.762 0.1250000000
80688  22.958  11.460  76.377 0.1250000000
80696  22.317  11.458  75.489 0.1250000000
82461  16.994  13.756  75.187 0.3750000000
81589  15.492  12.425  74.478 0.2500000000
80713  14.491  11.331  74.514 0.3750000000
135749  13.516  10.061  73.790 0.3750000000
77972  12.758  8.750  74.304 0.3750000000
76177  12.078  6.599  74.147 0.3750000000
141342  -6.647  2.562  75.251 0.6250000000
69218  -4.022  -0.600  78.962 0.8750000000
135483  25.807  11.739  76.668 0.1250000000
80686  25.501  11.093  76.260 0.1250000000
144952  23.697  11.209  76.703 0.1250000000
80709  22.558  10.934  75.038 0.1250000000
80712  14.956  11.828  74.271 0.3750000000
127288  14.073  10.971  73.014 0.3750000000
78886  13.341  9.547  73.261 0.3750000000
77980  12.959  8.782  73.493 0.3750000000
122513  -6.079  2.533  76.040 0.6250000000
70250  -5.343  0.966  75.937 0.8750000000
69260  -4.419  0.329  76.481 0.8750000000
130751  -3.597  -0.306  77.964 0.8750000000
79806  22.250  10.806  74.353 0.1250000000
80722  21.568  11.230  73.948 0.2500000000
81610  15.707  12.533  73.526 0.3750000000
80726  14.578  11.547  73.542 0.3750000000
79820  13.679  10.299  73.096 0.3750000000
77994  13.300  8.885  72.596 0.3750000000
77029  31.648  6.825  81.010 1.0000000000
79829  22.408  10.213  73.097 0.2500000000
80740  21.317  11.102  73.210 0.3750000000
69261  -4.792  -0.555  76.576 0.8750000000
69239  -4.621  -0.967  77.341 0.8750000000
77887  32.910  7.262  81.205 1.0000000000
77028  32.210  7.066  81.036 1.0000000000
77041  31.717  7.125  80.377 1.0000000000
76103  30.460  6.513  79.982 0.8750000000
78900  22.641  9.773  72.353 0.3750000000
78901  21.872  9.964  71.925 0.3750000000
76072  34.490  6.144  81.949 0.8750000000
76052  33.993  5.389  82.047 0.8750000000
76994  33.016  6.020  82.215 1.0000000000
77054  31.707  7.227  79.688 0.8750000000
131002  31.087  6.780  79.335 0.8750000000
76121  30.368  6.421  79.293 0.8750000000
127617  22.293  7.982  70.533 0.3750000000
78915  21.462  9.617  71.123 0.3750000000
79839  21.041  10.381  71.736 0.3750000000
74995  34.761  5.275  81.367 0.7500000000
74019  34.197  4.867  81.538 0.7500000000
74020  33.781  4.566  81.612 0.7500000000
76151  30.758  6.533  77.673 0.8750000000
76160  30.006  6.073  77.164 0.7500000000
75099  29.384  5.821  76.524 0.6250000000
122997  28.363  5.498  76.118 0.7500000000
123209  28.263  5.606  75.041 0.6250000000
77139  23.677  7.272  70.534 0.3750000000
77140  22.923  7.231  70.471 0.3750000000
73091  34.066  4.087  80.672 0.6250000000
72149  33.556  3.754  80.996 0.5000000000
71158  32.648  2.824  80.069 0.5000000000
133066  29.690  6.380  74.950 0.5000000000
76170  28.884  6.027  74.417 0.5000000000
75114  28.162  5.744  74.241 0.6250000000
120761  26.983  5.503  72.791 0.5000000000
125044  25.601  5.075  72.229 0.5000000000
75174  24.962  5.545  71.019 0.3750000000
76232  23.468  6.432  70.493 0.3750000000
76233  22.505  6.454  70.435 0.3750000000
73097  34.172  3.976  79.818 0.5000000000
72164  33.175  3.123  79.707 0.2500000000
70200  31.542  2.147  79.043 0.1250000000
134028  31.156  1.772  78.603 0.1250000000
75175  24.172  5.334  71.152 0.3750000000
75193  23.628  5.704  70.747 0.3750000000
71169  32.593  2.701  79.169 0.1250000000
70220  31.534  1.838  78.283 0.1250000000
70221  31.027  1.445  77.878 0.1250000000
136188  31.589  1.649  77.543 0.1250000000
134048  40.017  9.922  73.429 0.7500000000
135917  40.765  10.276  73.003 0.8750000000
79822  41.859  10.896  72.351 1.0000000000
78889  41.451  10.684  72.830 0.8750000000
78891  40.700  10.199  72.370 0.5000000000
76176  35.600  6.323  74.444 0.1250000000
80729  42.660  11.740  72.087 1.0000000000
80749  42.908  11.720  71.296 0.8750000000
82540  43.475  13.325  70.313 0.8750000000
82570  43.159  13.367  68.902 0.8750000000
80768  44.616  12.326  69.167 0.8750000000
82555  44.534  13.069  69.155 0.8750000000
81677  42.910  13.065  68.297 0.8750000000
82554  45.051  12.826  68.746 0.8750000000
82578  44.301  13.153  68.536 0.8750000000
81693  43.590  13.005  68.122 0.7500000000
82567  45.263  12.815  68.315 0.8750000000
81692  44.439  12.885  67.920 0.7500000000
122826  43.406  12.628  67.481 0.6250000000
80809  46.511  11.088  67.002 0.8750000000
81703  44.781  12.622  67.201 0.6250000000
81714  43.644  12.046  66.213 0.6250000000
79908  47.185  10.706  66.263 0.8750000000
81688  46.569  11.658  66.935 0.8750000000
81701  46.467  12.023  66.964 0.8750000000
135725  45.594  12.524  67.566 0.6250000000
122251  44.611  12.234  66.451 0.6250000000
121756  43.286  11.597  65.377 0.6250000000
122702  42.355  11.285  65.221 0.5000000000
124076  47.433  10.702  66.041 0.8750000000
78723  1.831  9.906  91.179 0.7500000000
78724  1.247  9.143  91.152 0.7500000000
130607  1.419  9.798  90.128 0.7500000000
77788  0.742  8.345  91.710 0.7500000000
77798  0.628  8.515  90.655 0.7500000000
79695  0.725  10.802  88.604 0.7500000000
83194  -5.003  14.864  91.434 0.8750000000
142793  -5.051  15.102  91.818 0.8750000000
75944  3.544  6.873  92.468 1.0000000000
76909  -0.124  6.787  91.477 0.8750000000
81441  -0.086  12.835  89.575 0.7500000000
84095  -2.195  15.022  93.923 0.8750000000
83182  -3.805  14.250  93.949 0.8750000000
84097  -4.343  15.073  93.393 0.8750000000
75945  2.810  6.254  92.979 1.0000000000
82319  -0.049  13.960  90.836 0.7500000000
82312  -0.408  14.113  91.586 0.7500000000
128377  -0.836  15.050  92.606 0.8750000000
84102  -1.118  15.181  92.992 0.8750000000
83181  -2.696  14.308  94.227 0.8750000000
81456  -5.285  13.114  88.792 0.8750000000
73945  -0.411  4.144  90.476 1.0000000000
82311  0.158  14.618  91.115 0.7500000000
83200  -0.432  14.682  91.887 0.7500000000
83193  -0.669  14.844  92.317 0.8750000000
83178  -0.979  14.574  93.377 0.8750000000
83179  -0.979  14.349  93.819 0.8750000000
81465  -5.371  12.513  86.729 0.8750000000
129558  -5.164  13.224  87.836 0.8750000000
127180  6.922  8.837  86.734 0.5000000000
72044  0.896  2.268  91.693 1.0000000000
132051  -0.835  14.500  92.701 0.8750000000
83187  -0.960  14.514  93.140 0.8750000000
80627  -6.494  11.462  84.514 0.8750000000
77889  15.658  7.755  82.430 0.1250000000
76079  14.840  5.340  82.228 0.1250000000
76080  13.070  5.268  82.997 0.1250000000
77848  7.596  9.005  86.469 0.3750000000
72984  1.974  3.106  91.862 1.0000000000
71018  2.058  1.925  91.525 1.0000000000
71031  1.681  1.633  91.182 1.0000000000
80644  -6.659  11.066  83.263 0.8750000000
80639  -6.720  11.341  83.423 0.8750000000
79733  18.300  11.247  82.449 0.1250000000
78813  16.518  9.580  81.673 0.1250000000
77846  9.970  8.968  85.866 0.3750000000
72054  3.476  2.336  90.821 1.0000000000
71030  2.808  2.109  91.267 1.0000000000
78806  -5.619  9.618  82.615 0.8750000000
138104  20.879  15.489  82.514 0.1250000000
83277  19.905  13.948  82.381 0.1250000000
76063  13.574  5.473  83.587 0.1250000000
76064  12.901  6.133  83.546 0.2500000000
76980  12.321  7.947  84.918 0.2500000000
77870  11.534  8.463  84.744 0.3750000000
77860  10.816  8.876  85.345 0.3750000000
76047  13.381  6.116  84.044 0.2500000000
76979  13.039  7.389  85.212 0.2500000000
77859  11.601  8.461  85.635 0.2500000000
77910  -3.130  8.292  81.562 0.8750000000
77039  -4.243  8.447  82.264 0.8750000000
134757  23.554  17.062  81.423 0.1250000000
76045  14.837  5.575  84.113 0.1250000000
76029  13.669  6.495  84.742 0.2500000000
76028  14.270  6.402  85.366 0.2500000000
77037  -2.800  7.277  81.674 0.8750000000
76044  15.485  5.919  84.536 0.1250000000
124160  15.032  5.805  85.022 0.1250000000
145372  14.672  6.056  85.165 0.2500000000
82419  17.861  14.059  79.312 0.1250000000
81525  17.134  13.085  79.285 0.1250000000
83307  26.852  13.995  79.395 0.1250000000
123783  17.446  13.875  78.734 0.1250000000
81539  16.850  13.332  78.449 0.2500000000
81553  15.846  12.224  77.782 0.2500000000
127273  15.462  11.675  77.513 0.2500000000
75017  -2.275  5.498  81.568 0.8750000000
145037  -2.724  4.268  82.564 0.8750000000
82415  26.663  12.682  78.990 0.1250000000
82433  17.177  13.963  77.813 0.1250000000
82434  16.618  13.452  77.565 0.2500000000
81552  16.073  12.884  77.233 0.2500000000
80681  15.111  11.355  76.927 0.2500000000
75030  -1.908  6.102  80.952 0.8750000000
74024  -2.555  4.849  82.132 0.8750000000
73089  -2.295  3.299  81.860 0.8750000000
72154  -1.791  3.002  81.201 0.8750000000
82428  26.773  13.160  78.616 0.1250000000
83325  17.764  14.374  77.930 0.1250000000
72155  -2.413  2.499  81.721 0.8750000000
71155  -2.752  1.709  81.493 0.8750000000
75108  -6.487  5.285  75.430 0.6250000000
71164  -2.423  1.405  80.553 0.8750000000
80680  24.620  11.541  77.812 0.1250000000
74099  -6.496  4.507  75.578 0.6250000000
73138  -6.417  3.831  75.885 0.6250000000
73136  -5.050  3.154  76.386 0.7500000000
71165  -3.278  0.956  81.239 0.8750000000
70214  -2.807  0.424  79.291 0.8750000000
82442  25.634  12.827  76.397 0.1250000000
80694  23.698  10.844  76.137 0.1250000000
126219  -6.192  3.279  76.084 0.6250000000
72205  -5.215  2.524  76.326 0.7500000000
71211  -3.538  1.943  76.645 0.8750000000
70229  -3.213  0.044  78.692 0.8750000000
139489  25.619  10.967  75.311 0.1250000000
79789  25.332  10.778  75.658 0.1250000000
79780  24.568  10.644  76.229 0.1250000000
79792  23.284  10.555  75.300 0.1250000000
79805  22.873  10.454  74.702 0.1250000000
79802  25.267  10.480  75.006 0.1250000000
79803  24.648  9.958  74.709 0.1250000000
79804  23.666  10.076  74.625 0.1250000000
79817  22.806  10.201  74.001 0.1250000000
70238  -3.534  0.275  77.212 0.8750000000
69238  -4.125  -0.415  77.237 0.8750000000
78874  24.256  9.634  74.122 0.2500000000
78884  23.877  9.687  73.479 0.2500000000
78885  23.150  9.898  73.299 0.3750000000
77900  33.310  7.747  80.799 1.0000000000
135333  32.698  7.616  80.621 1.0000000000
77917  32.177  7.590  79.904 1.0000000000
140966  24.147  9.603  72.828 0.3750000000
78912  24.148  9.264  71.948 0.3750000000
78914  22.322  9.389  71.365 0.3750000000
126531  34.812  6.843  81.650 0.8750000000
77886  33.682  7.334  81.341 1.0000000000
77916  32.558  7.848  80.087 1.0000000000
77065  31.317  6.913  78.513 0.8750000000
78008  23.749  8.624  71.136 0.3750000000
78022  23.310  7.985  70.654 0.3750000000
76071  35.035  6.224  81.632 0.7500000000
77064  31.947  7.452  78.517 0.8750000000
77077  31.131  6.740  76.788 0.7500000000
130298  30.633  6.553  76.144 0.5000000000
77138  25.113  7.169  70.702 0.3750000000
78021  24.291  7.782  70.771 0.3750000000
74994  35.294  5.798  80.977 0.7500000000
75008  35.091  5.266  80.864 0.7500000000
76182  28.869  6.314  73.620 0.5000000000
75150  27.681  5.922  72.612 0.3750000000
75151  26.297  5.421  72.100 0.3750000000
139181  25.550  5.921  71.030 0.3750000000
76231  24.330  6.825  70.547 0.3750000000
75019  35.345  5.310  80.081 0.7500000000
74039  35.126  4.854  79.818 0.7500000000
126385  34.136  3.982  79.025 0.3750000000
72163  33.685  3.537  79.267 0.2500000000
73102  34.387  4.337  78.638 0.2500000000
73103  34.035  3.882  78.323 0.2500000000
72172  33.130  3.016  78.801 0.1250000000
141392  31.955  1.989  77.998 0.1250000000
72196  33.496  3.480  76.905 0.1250000000
72184  33.137  2.950  77.914 0.1250000000
71181  32.516  2.476  78.134 0.1250000000
72209  33.514  3.336  75.987 0.1250000000
133030  33.226  3.024  77.195 0.1250000000
71193  32.696  2.519  77.022 0.1250000000
77974  40.081  10.054  73.958 0.8750000000
77091  38.036  8.741  74.533 0.5000000000
76175  36.222  6.823  75.067 0.1250000000
74091  34.821  5.139  76.044 0.1250000000
73142  33.825  3.928  75.664 0.1250000000
78877  41.347  10.694  73.363 0.8750000000
78878  41.008  10.461  73.347 0.7500000000
75098  35.291  5.610  75.683 0.1250000000
74092  34.265  4.488  75.387 0.1250000000
79821  42.148  11.270  72.563 1.0000000000
75113  35.094  5.592  74.645 0.1250000000
81594  42.775  12.342  72.275 1.0000000000
83417  43.053  13.655  70.986 0.8750000000
127433  43.248  13.566  70.336 0.8750000000
80830  44.238  11.831  65.577 0.6250000000
81687  47.038  11.180  66.527 0.8750000000
81700  46.753  11.759  66.765 0.8750000000
123652  46.651  11.992  66.452 0.8750000000
81723  45.753  11.885  65.484 0.6250000000
80839  43.952  11.537  64.647 0.5000000000
80850  42.611  10.981  63.690 0.5000000000
80818  47.664  10.999  66.017 0.8750000000
81722  46.919  11.833  65.700 0.8750000000
120980  46.330  11.952  65.964 0.5000000000
80838  45.633  11.726  64.340 0.5000000000
80849  43.613  11.308  63.576 0.5000000000
78977  47.773  10.540  65.581 0.8750000000
78716  1.740  9.457  91.977 0.7500000000
78737  1.928  10.508  90.185 0.7500000000
79677  1.603  11.207  89.177 0.7500000000
77787  1.323  8.956  92.416 0.7500000000
80574  1.581  12.123  89.205 0.7500000000
84112  -5.504  15.559  91.493 0.8750000000
83206  -5.548  15.194  90.332 0.8750000000
76920  4.385  7.921  91.209 1.0000000000
77778  0.888  8.225  92.889 0.7500000000
81430  0.363  13.582  90.157 0.7500000000
84103  -2.948  15.823  93.504 0.8750000000
84966  -4.025  15.994  93.362 0.8750000000
84104  -4.783  14.987  92.445 0.8750000000
83212  -6.271  15.811  90.094 0.8750000000
77811  4.978  7.893  89.738 0.8750000000
75957  0.062  6.549  92.522 1.0000000000
82318  0.682  14.250  90.471 0.7500000000
84111  -0.796  15.563  92.267 0.7500000000
127262  -1.849  15.511  93.341 0.8750000000
84972  -2.534  16.275  92.863 0.8750000000
128304  -3.769  16.815  92.974 0.8750000000
131684  -5.849  14.891  89.026 0.8750000000
82323  -5.439  14.199  89.305 0.8750000000
77822  5.948  7.848  88.573 0.7500000000
74899  2.172  5.444  93.178 1.0000000000
73935  0.740  4.730  92.860 1.0000000000
74900  -0.044  5.692  92.555 1.0000000000
83198  0.695  15.093  90.574 0.7500000000
84994  0.103  15.657  91.134 0.7500000000
84110  -0.446  15.328  91.873 0.7500000000
84979  -1.083  16.126  91.986 0.7500000000
84971  -1.466  15.909  92.615 0.8750000000
138103  -5.227  13.359  87.130 0.8750000000
138106  1.634  4.350  92.717 1.0000000000
72985  0.591  3.141  91.989 1.0000000000
141816  0.074  3.469  91.745 1.0000000000
84129  1.153  15.109  89.543 0.7500000000
84124  0.458  15.318  90.711 0.7500000000
133714  -0.238  16.021  91.150 0.6250000000
81488  -6.316  12.019  83.734 0.8750000000
137391  -5.646  12.837  85.399 0.8750000000
81477  -5.331  13.564  86.348 0.8750000000
131883  1.916  3.944  92.282 1.0000000000
72043  1.521  2.271  91.761 1.0000000000
84140  0.692  15.504  89.148 0.6250000000
85002  0.192  15.704  90.556 0.6250000000
132491  -0.269  16.100  90.241 0.6250000000
79731  -6.247  11.055  82.955 0.8750000000
80638  -6.531  12.010  82.989 0.8750000000
82373  -6.056  13.101  83.674 0.8750000000
75000  14.596  5.021  82.770 0.1250000000
144857  8.693  9.149  86.051 0.3750000000
78807  -5.857  10.275  82.710 0.8750000000
80643  -6.184  11.738  82.833 0.8750000000
81498  -6.338  12.522  83.184 0.8750000000
76970  10.747  8.634  86.274 0.3750000000
77912  -4.834  9.466  82.173 0.8750000000
78820  -5.252  10.437  82.308 0.8750000000
79736  -5.834  11.553  82.716 0.8750000000
132791  13.064  7.571  86.073 0.2500000000
77911  -3.853  9.284  81.668 0.8750000000
76011  14.275  6.794  86.314 0.2500000000
77927  -2.910  9.171  81.035 0.8750000000
84200  26.116  15.539  80.841 0.1250000000
77051  -2.303  7.719  80.937 0.8750000000
83296  26.955  14.600  79.931 0.1250000000
84214  26.783  14.950  80.404 0.1250000000
76118  -2.132  6.888  81.005 0.8750000000
82404  26.790  13.190  79.282 0.1250000000
74029  -2.017  4.668  81.390 0.8750000000
73088  -1.845  3.830  81.287 0.8750000000
83333  26.300  13.512  77.812 0.1250000000
72162  -2.037  2.217  80.914 0.8750000000
83348  25.856  13.464  76.914 0.1250000000
76166  -6.361  5.711  75.770 0.7500000000
74085  -5.778  5.028  76.244 0.7500000000
71177  -2.118  1.138  79.373 0.8750000000
74086  -6.242  4.494  76.038 0.7500000000
74084  -4.723  4.617  76.477 0.7500000000
72204  -4.277  2.643  76.482 0.8750000000
72203  -3.269  2.752  76.654 0.8750000000
133162  -2.144  1.505  77.679 0.8750000000
70228  -2.424  0.709  78.323 0.8750000000
71212  -3.709  1.101  76.689 0.8750000000
70237  -2.864  0.985  77.312 0.8750000000
130742  -3.021  0.268  77.844 0.8750000000
125409  25.411  11.748  75.099 0.1250000000
127418  25.430  9.969  74.289 0.2500000000
79816  24.925  9.571  73.978 0.2500000000
79815  25.449  9.932  73.431 0.2500000000
78882  25.048  9.795  73.104 0.2500000000
77899  33.991  7.783  80.965 1.0000000000
78897  25.441  9.548  72.341 0.2500000000
78911  25.062  9.112  71.854 0.3750000000
77885  34.422  7.354  81.375 0.8750000000
143392  32.593  8.125  78.977 0.7500000000
77937  32.474  8.055  78.463 0.7500000000
77121  28.199  8.025  71.604 0.3750000000
78005  26.405  8.337  71.388 0.3750000000
78006  25.515  8.454  71.359 0.3750000000
77125  25.109  7.903  71.005 0.3750000000
77898  34.758  7.708  80.924 0.8750000000
77070  31.644  7.195  77.637 0.7500000000
77951  32.178  8.168  76.228 0.5000000000
125259  30.913  7.394  74.796 0.5000000000
77094  29.789  7.300  73.068 0.3750000000
77108  29.744  7.953  72.479 0.3750000000
77109  29.007  7.851  71.938 0.3750000000
77123  26.928  7.558  71.291 0.3750000000
77124  25.960  7.570  70.972 0.3750000000
76070  35.368  6.342  81.105 0.8750000000
77076  31.725  7.392  76.553 0.6250000000
77086  31.636  7.762  75.549 0.5000000000
77093  30.342  7.347  73.844 0.3750000000
76181  29.097  6.751  73.056 0.3750000000
76197  27.964  6.479  72.181 0.3750000000
76215  26.636  6.712  71.219 0.3750000000
75018  35.473  5.878  80.219 0.7500000000
75032  35.306  5.473  79.198 0.7500000000
75031  35.535  6.001  79.352 0.7500000000
74059  34.863  5.097  77.758 0.2500000000
73111  34.433  4.457  78.005 0.2500000000
78870  40.951  10.539  74.095 1.0000000000
78871  40.577  10.327  74.024 1.0000000000
75078  35.481  5.739  76.619 0.3750000000
74072  34.901  5.187  76.945 0.2500000000
73127  34.380  4.607  77.221 0.1250000000
77967  39.784  9.960  74.415 1.0000000000
77969  38.802  9.308  74.593 0.7500000000
77092  37.423  8.070  75.117 0.5000000000
74073  34.318  4.604  76.328 0.1250000000
73128  33.820  4.064  76.610 0.1250000000
79799  41.366  10.756  73.779 1.0000000000
75112  35.706  6.182  75.375 0.1250000000
79811  41.944  11.328  73.202 0.8750000000
80716  42.440  11.912  72.887 1.0000000000
82502  42.960  12.955  71.981 0.8750000000
80828  48.139  10.853  65.559 0.8750000000
124448  47.576  11.612  64.559 0.8750000000
120759  46.650  11.753  64.816 0.5000000000
80864  45.397  11.646  63.279 0.5000000000
80848  44.671  11.580  63.928 0.5000000000
80866  43.560  11.388  62.486 0.5000000000
139432  42.929  11.074  62.931 0.5000000000
79655  2.719  10.115  91.736 0.7500000000
79654  3.365  10.424  91.629 0.7500000000
79666  2.404  10.434  91.089 0.7500000000
137008  -5.621  15.502  91.076 0.8750000000
79656  2.207  9.754  91.918 0.7500000000
134730  2.378  11.321  89.892 0.7500000000
80564  2.870  11.900  89.762 0.7500000000
131279  -5.343  15.779  92.110 0.8750000000
78708  1.932  9.304  92.697 0.7500000000
81427  3.141  12.522  89.488 0.7500000000
81428  2.178  13.137  89.451 0.7500000000
144861  -6.301  16.391  91.198 0.8750000000
84118  -5.954  15.646  90.654 0.8750000000
77767  1.852  8.315  93.576 1.0000000000
76895  1.259  8.040  93.494 0.8750000000
82316  2.441  13.596  89.332 0.6250000000
83203  1.816  14.361  89.472 0.7500000000
85899  -3.238  16.996  92.349 0.8750000000
129359  -4.701  16.902  92.894 0.8750000000
137863  -6.480  15.903  89.538 0.8750000000
84131  -6.715  16.268  89.765 0.8750000000
77797  4.792  8.479  90.596 0.8750000000
76894  3.023  7.213  93.096 1.0000000000
76888  1.565  7.288  93.669 1.0000000000
139823  0.349  5.356  92.987 1.0000000000
83209  2.134  14.416  89.084 0.6250000000
83204  1.138  14.785  90.113 0.7500000000
85914  -1.720  16.492  90.918 0.7500000000
85906  -1.845  16.476  91.589 0.7500000000
83234  -6.504  15.815  88.265 0.8750000000
77810  5.722  8.064  89.484 0.6250000000
73930  1.683  4.955  93.121 1.0000000000
73931  1.322  5.160  93.263 1.0000000000
83221  1.668  14.823  88.877 0.7500000000
84123  0.943  15.028  90.197 0.7500000000
85922  -1.712  16.642  90.118 0.7500000000
82346  -5.543  13.905  85.268 0.8750000000
82345  -5.667  14.634  86.357 0.8750000000
84148  -6.860  16.438  87.992 0.7500000000
77820  7.452  8.470  88.019 0.5000000000
77833  7.692  8.704  87.255 0.6250000000
72982  0.937  3.769  92.429 1.0000000000
72037  1.174  2.877  92.091 1.0000000000
142020  1.224  15.218  88.810 0.6250000000
84139  0.854  15.531  88.252 0.6250000000
85023  0.387  15.932  87.610 0.6250000000
85012  0.204  15.929  88.492 0.6250000000
82358  -5.827  13.247  84.480 0.8750000000
83253  -5.897  14.957  85.295 0.8750000000
77847  8.419  8.910  86.631 0.5000000000
77831  9.181  8.633  87.079 0.3750000000
81509  -6.157  12.518  82.618 0.8750000000
77830  9.894  8.646  86.729 0.3750000000
80649  -5.393  11.696  82.563 0.8750000000
80642  -5.782  12.145  82.574 0.8750000000
76969  11.638  8.293  86.739 0.2500000000
130805  -4.151  10.739  81.754 0.8750000000
79742  -4.281  11.297  81.994 0.8750000000
76968  12.598  7.890  86.809 0.2500000000
76955  12.753  7.689  87.852 0.2500000000
75987  13.643  7.071  88.845 0.2500000000
75996  14.226  6.959  87.373 0.1250000000
131396  14.142  6.889  88.233 0.1250000000
130481  -2.435  8.457  80.806 0.8750000000
84228  27.097  15.029  79.571 0.1250000000
76010  14.800  6.444  86.952 0.1250000000
74928  15.599  5.869  88.399 0.1250000000
77050  -1.742  7.282  80.274 0.8750000000
83317  26.962  13.434  79.068 0.1250000000
121914  26.926  14.223  79.146 0.1250000000
74927  16.351  5.743  88.281 0.1250000000
130507  26.113  14.443  77.933 0.1250000000
84241  26.865  14.979  78.974 0.1250000000
75029  -1.712  5.288  80.727 0.8750000000
74038  -1.584  4.424  80.563 0.8750000000
72161  -1.582  2.797  80.326 0.8750000000
71163  -1.732  1.988  79.926 0.8750000000
76165  -6.254  6.286  75.958 0.7500000000
123472  -5.661  5.892  76.279 0.7500000000
75092  -3.984  5.294  76.572 0.7500000000
74083  -3.480  4.433  76.635 0.7500000000
73135  -4.190  3.592  76.495 0.8750000000
74082  -2.336  4.345  76.905 0.8750000000
72191  -2.282  2.802  76.961 0.8750000000
71187  -1.608  2.076  77.992 0.8750000000
72166  -1.496  2.758  79.345 0.8750000000
79828  25.736  9.982  72.696 0.2500000000
78823  33.252  8.339  79.724 1.0000000000
77915  32.985  8.031  80.255 1.0000000000
78833  32.858  8.378  79.014 0.8750000000
78896  26.236  9.564  72.155 0.2500000000
78811  34.228  8.033  80.647 1.0000000000
77943  32.529  8.300  77.701 0.7500000000
77990  28.646  8.687  71.903 0.3750000000
77991  27.722  8.844  71.758 0.3750000000
77992  26.789  8.949  71.760 0.2500000000
78810  34.816  8.118  80.347 0.8750000000
77960  32.066  8.607  75.288 0.5000000000
77971  30.921  8.063  73.888 0.3750000000
77100  30.399  7.982  73.075 0.3750000000
77989  29.464  8.652  72.248 0.3750000000
130475  35.708  7.320  80.078 0.7500000000
76101  36.240  6.929  78.766 0.7500000000
75045  35.669  6.068  78.510 0.7500000000
75046  35.272  5.494  78.302 0.6250000000
76149  36.693  7.077  76.915 0.7500000000
76150  36.325  6.665  77.366 0.6250000000
75064  35.422  5.658  77.441 0.3750000000
76157  36.843  7.248  76.463 0.5000000000
75077  35.940  6.205  77.141 0.5000000000
77968  39.538  9.787  74.527 1.0000000000
77084  38.102  8.705  75.400 0.6250000000
77085  37.413  7.899  76.006 0.6250000000
76168  36.302  6.634  76.073 0.2500000000
80704  41.711  11.246  73.727 0.8750000000
140812  42.058  11.876  73.548 1.0000000000
81595  42.246  12.433  73.264 1.0000000000
82503  42.416  13.388  72.362 1.0000000000
80837  48.865  11.045  64.236 0.8750000000
81720  48.215  11.408  64.296 0.7500000000
81757  45.147  11.761  62.311 0.5000000000
80836  49.070  11.015  63.853 0.8750000000
81733  47.219  11.741  63.653 0.8750000000
81734  46.327  11.736  63.575 0.5000000000
80865  44.464  11.502  62.919 0.5000000000
79927  48.476  10.379  64.315 0.8750000000
79917  48.168  10.566  65.003 0.8750000000
80867  42.710  11.259  62.056 0.5000000000
79003  48.562  10.187  63.567 0.8750000000
122626  48.469  9.806  62.991 0.8750000000
124997  48.413  10.036  62.742 0.8750000000
80556  3.064  11.070  90.977 0.7500000000
79665  3.933  11.165  91.262 0.7500000000
80563  3.697  11.725  90.334 0.7500000000
84981  -5.987  16.350  91.796 0.8750000000
78707  2.429  9.212  92.771 0.8750000000
82322  3.264  13.065  89.108 0.6250000000
85901  -4.537  17.595  92.669 0.8750000000
133987  -6.167  17.233  92.237 0.7500000000
142185  -6.569  16.386  90.461 0.7500000000
85924  -6.829  17.408  90.518 0.7500000000
77796  5.296  8.863  90.180 0.7500000000
77786  4.376  8.879  91.414 0.8750000000
76887  2.408  7.749  93.531 1.0000000000
83219  2.902  13.781  88.139 0.6250000000
85908  -3.677  17.814  92.067 0.7500000000
85900  -4.058  17.740  92.458 0.8750000000
85902  -5.174  17.773  92.636 0.8750000000
84997  -6.791  16.546  90.088 0.8750000000
85004  -7.099  16.638  89.415 0.7500000000
83220  2.257  14.443  88.496 0.6250000000
83232  2.178  14.457  87.583 0.6250000000
85923  -2.689  17.073  90.416 0.7500000000
86749  -3.565  17.809  90.792 0.7500000000
85014  -7.223  16.782  88.515 0.7500000000
77821  6.748  8.094  88.312 0.6250000000
74893  1.724  5.550  93.452 1.0000000000
74894  1.333  5.733  93.526 1.0000000000
84138  1.580  15.032  88.126 0.6250000000
84146  1.529  15.054  87.325 0.6250000000
84147  1.014  15.507  87.444 0.6250000000
85003  -0.952  16.428  89.817 0.6250000000
85929  -1.661  17.007  89.254 0.7500000000
83244  -6.221  15.629  86.464 0.8750000000
77832  8.595  8.610  87.506 0.3750000000
85928  -0.979  16.723  88.951 0.6250000000
85937  -1.582  17.473  88.293 0.6250000000
83262  -5.983  15.218  84.437 0.8750000000
84167  -6.267  15.958  85.520 0.8750000000
84156  -6.647  16.490  86.798 0.7500000000
76945  10.018  8.147  88.101 0.3750000000
122010  -5.972  14.291  83.458 0.8750000000
135889  -6.139  16.254  84.723 0.8750000000
85035  -6.511  16.804  85.750 0.8750000000
76944  10.826  7.845  88.458 0.3750000000
80648  -4.894  11.720  82.384 0.8750000000
133564  -6.114  13.389  82.075 0.8750000000
84197  -5.869  14.599  83.111 0.8750000000
84176  -5.930  15.536  84.043 0.8750000000
76942  12.342  7.486  88.837 0.2500000000
80647  -4.360  11.940  82.164 0.8750000000
78828  -2.540  9.855  80.549 0.8750000000
74929  15.021  6.189  88.474 0.1250000000
75986  14.402  6.568  88.968 0.1250000000
77926  -2.156  8.993  80.271 0.8750000000
123715  16.126  5.713  89.148 0.1250000000
75985  15.318  6.070  89.392 0.1250000000
77935  -1.640  8.717  79.331 0.8750000000
77061  -1.504  7.613  79.282 0.8750000000
135440  16.785  5.763  88.978 0.1250000000
76137  -1.487  6.695  79.661 0.8750000000
76117  -1.703  6.588  80.415 0.8750000000
74926  17.164  6.026  88.373 0.1250000000
75044  -1.447  5.058  79.658 0.8750000000
73101  -1.463  3.379  79.758 0.8750000000
77964  -5.314  8.402  75.575 0.7500000000
76164  -5.595  6.684  76.159 0.7500000000
122503  -4.580  6.190  76.462 0.7500000000
128181  -3.283  5.993  76.615 0.8750000000
77082  -5.611  7.578  75.760 0.7500000000
76163  -3.694  6.744  76.443 0.7500000000
76162  -2.719  6.765  76.654 0.8750000000
75091  -2.833  5.140  76.790 0.8750000000
73121  -1.878  3.582  77.152 0.8750000000
73120  -1.390  3.600  77.817 0.8750000000
78824  32.829  8.179  79.642 0.8750000000
78812  33.615  8.119  80.387 1.0000000000
78832  33.221  8.606  79.006 0.8750000000
78839  33.401  9.037  78.280 0.8750000000
78848  32.860  8.986  77.413 0.7500000000
79739  34.157  8.324  80.179 1.0000000000
80660  34.094  9.075  78.800 1.0000000000
127706  33.780  9.331  78.289 0.8750000000
79771  33.261  9.852  77.144 0.7500000000
77950  32.524  8.642  76.879 0.6250000000
78862  32.301  9.495  75.111 0.5000000000
78873  31.847  9.195  74.428 0.3750000000
79738  34.612  8.436  79.813 1.0000000000
79746  34.803  8.786  79.002 1.0000000000
78861  32.703  10.057  75.699 0.5000000000
143895  32.117  9.778  74.609 0.5000000000
78821  36.386  8.224  78.461 0.8750000000
78822  35.879  8.042  79.234 1.0000000000
122440  35.307  8.872  78.548 1.0000000000
77052  36.904  7.844  77.702 0.8750000000
77053  36.367  7.436  78.771 0.7500000000
77942  37.728  8.567  76.639 0.8750000000
77069  37.029  7.540  77.067 0.7500000000
76139  36.203  6.595  77.957 0.7500000000
123806  39.862  10.179  75.206 1.0000000000
140424  38.380  8.918  75.662 0.8750000000
77074  37.779  8.373  76.179 0.8750000000
77075  37.247  7.701  76.648 0.7500000000
79786  40.929  10.844  74.520 1.0000000000
78860  40.128  10.291  74.651 1.0000000000
77957  39.609  9.880  75.076 1.0000000000
81567  41.718  11.845  74.115 1.0000000000
81568  41.251  11.833  74.602 1.0000000000
82463  41.814  12.617  73.786 1.0000000000
82483  42.112  13.042  73.135 1.0000000000
83402  41.868  13.706  72.396 0.8750000000
81719  48.704  11.272  63.891 0.7500000000
137675  47.887  11.596  64.147 0.8750000000
81754  47.615  12.261  62.617 0.7500000000
81756  46.023  11.856  62.593 0.5000000000
80878  44.261  11.681  61.929 0.5000000000
79925  49.087  11.094  63.391 0.7500000000
81769  44.844  12.144  61.387 0.5000000000
80879  43.399  11.596  61.487 0.5000000000
79938  48.865  10.556  63.163 0.8750000000
79037  48.380  10.114  61.780 0.8750000000
79076  47.204  10.267  59.770 0.7500000000
80572  4.901  11.727  90.096 0.6250000000
79653  4.087  10.529  91.559 0.7500000000
79664  4.670  11.036  91.292 0.7500000000
81438  4.433  12.073  89.403 0.6250000000
81439  3.824  12.257  89.509 0.7500000000
86735  -5.877  18.796  92.341 0.7500000000
86736  -6.290  19.227  91.996 0.7500000000
78714  4.238  9.747  91.575 0.8750000000
78715  3.545  9.773  91.895 0.7500000000
79647  2.878  9.702  92.168 0.7500000000
81454  4.552  12.218  88.760 0.7500000000
81455  3.869  12.631  88.794 0.6250000000
82336  3.890  12.714  87.618 0.6250000000
85909  -5.849  17.908  92.515 0.7500000000
85910  -6.377  18.058  92.043 0.7500000000
86742  -6.689  18.586  91.482 0.7500000000
78721  5.593  9.822  90.585 0.7500000000
78722  4.913  9.621  91.017 0.8750000000
77775  3.804  9.026  92.066 0.8750000000
77766  2.608  8.591  93.207 0.8750000000
82337  3.328  13.241  87.654 0.6250000000
86741  -4.110  18.692  91.182 0.7500000000
86729  -5.409  18.490  92.460 0.7500000000
76906  3.948  8.181  92.005 1.0000000000
77776  3.422  8.436  92.713 1.0000000000
83231  2.827  13.726  87.230 0.6250000000
83243  2.260  14.293  86.593 0.6250000000
133358  1.680  14.927  85.878 0.6250000000
128421  -3.503  17.971  89.921 0.7500000000
85931  -7.273  17.742  89.483 0.7500000000
84154  1.713  14.797  86.817 0.6250000000
84155  1.106  15.408  86.570 0.6250000000
85930  -2.525  17.388  89.594 0.6250000000
85025  -7.089  16.897  87.576 0.7500000000
78752  7.134  8.758  88.621 0.6250000000
78750  8.546  8.944  88.325 0.6250000000
85033  0.487  15.941  86.834 0.6250000000
85936  -0.873  16.915  88.056 0.6250000000
85949  -1.223  17.530  87.504 0.6250000000
86756  -2.259  17.791  88.840 0.6250000000
133144  -6.901  17.149  86.696 0.7500000000
129041  9.669  8.277  88.471 0.3750000000
77808  9.840  8.228  89.225 0.6250000000
85057  -5.845  16.446  84.210 0.8750000000
85046  -6.295  17.094  84.992 0.8750000000
76932  10.193  7.911  88.931 0.3750000000
82395  -5.429  13.422  81.882 0.7500000000
83284  -5.760  14.550  82.472 0.8750000000
85069  -5.503  15.959  83.640 0.7500000000
76943  11.476  7.481  89.149 0.2500000000
80654  -3.281  11.460  81.064 0.8750000000
141552  -3.731  12.035  81.519 0.8750000000
81513  -4.516  12.666  81.853 0.8750000000
75977  12.110  7.319  89.671 0.2500000000
79761  -2.199  10.513  80.071 0.7500000000
78837  -1.920  9.660  79.717 0.7500000000
124049  -1.465  8.183  78.592 0.8750000000
76148  -1.403  6.755  78.696 0.8750000000
132619  -1.408  5.944  79.115 0.8750000000
77941  -1.517  8.881  78.360 0.7500000000
126802  -1.519  8.216  77.826 0.8750000000
122848  -1.377  6.006  78.166 0.8750000000
74046  -1.438  4.101  79.711 0.8750000000
77947  -1.636  9.066  77.405 0.7500000000
77073  -1.633  7.521  77.456 0.8750000000
75062  -1.369  5.197  78.535 0.8750000000
74058  -1.437  4.490  78.930 0.8750000000
77954  -2.866  8.433  76.250 0.7500000000
76156  -1.914  6.780  77.180 0.7500000000
75075  -1.519  5.266  77.655 0.8750000000
74067  -1.295  4.423  78.084 0.8750000000
73107  -1.425  3.656  78.831 0.8750000000
77955  -3.726  8.429  75.914 0.7500000000
77080  -2.252  7.692  76.745 0.7500000000
75076  -2.161  5.851  77.014 0.8750000000
134284  -1.954  4.983  77.093 0.8750000000
74068  -1.621  4.362  77.440 0.8750000000
79835  -5.924  10.276  73.281 0.5000000000
142542  -3.522  8.699  72.704 0.5000000000
78903  -1.760  9.002  72.462 0.6250000000
131879  33.888  11.990  76.865 0.8750000000
79777  33.664  10.930  76.953 0.8750000000
80659  34.529  9.977  77.915 1.0000000000
80677  34.153  11.205  77.364 1.0000000000
79778  33.151  10.592  76.349 0.6250000000
78872  32.358  10.434  74.787 0.5000000000
123288  31.922  10.098  74.114 0.5000000000
78880  31.350  9.630  73.489 0.3750000000
80651  35.103  9.553  78.107 1.0000000000
78831  36.835  8.543  77.760 1.0000000000
79769  39.126  10.332  76.513 1.0000000000
141298  38.581  9.428  76.354 1.0000000000
77936  37.355  8.367  77.170 0.8750000000
78851  39.822  10.205  75.767 1.0000000000
78844  39.415  9.983  76.294 1.0000000000
77949  38.102  8.768  76.185 0.8750000000
80683  40.865  11.159  74.800 1.0000000000
79775  40.416  10.707  74.999 1.0000000000
83403  41.024  13.638  72.802 0.8750000000
83401  41.876  13.489  72.936 1.0000000000
121991  48.860  11.506  63.015 0.7500000000
82597  48.465  12.361  62.343 0.7500000000
82596  48.796  12.229  62.259 0.7500000000
81753  48.125  12.411  62.463 0.7500000000
139007  46.351  13.072  61.210 0.3750000000
81768  45.731  12.258  61.693 0.5000000000
136875  49.083  11.196  62.838 0.7500000000
81775  45.350  12.802  60.831 0.5000000000
81776  44.439  12.557  60.562 0.3750000000
139540  48.645  10.361  62.104 0.8750000000
79050  48.384  10.154  61.132 0.8750000000
79063  48.086  10.068  60.882 0.7500000000
79075  47.854  10.537  59.457 0.6250000000
79676  5.243  11.263  90.721 0.7500000000
80591  5.082  11.840  89.221 0.6250000000
81453  5.066  12.010  88.323 0.6250000000
79663  5.242  10.548  91.001 0.7500000000
140901  4.679  10.413  91.398 0.7500000000
81464  4.628  12.299  87.669 0.6250000000
81476  4.318  12.500  86.984 0.6250000000
87580  -5.827  19.508  92.173 0.7500000000
82356  4.398  12.989  85.236 0.6250000000
83259  4.060  13.882  84.041 0.6250000000
87587  -4.268  19.698  90.863 0.7500000000
87577  -4.532  19.515  91.467 0.7500000000
87579  -5.605  20.079  92.047 0.7500000000
86737  -6.693  19.385  91.588 0.7500000000
78736  6.041  9.208  89.897 0.7500000000
78735  6.758  9.670  89.305 0.6250000000
83251  3.162  13.911  85.303 0.6250000000
83260  3.439  14.209  84.430 0.6250000000
85054  1.742  16.372  84.396 0.6250000000
86774  -1.680  18.418  87.482 0.6250000000
87606  -2.343  19.240  88.081 0.6250000000
86758  -3.735  19.218  89.620 0.7500000000
87594  -4.135  19.790  90.280 0.7500000000
86751  -7.097  18.311  90.194 0.7500000000
130884  7.369  9.570  88.638 0.6250000000
79693  7.861  10.068  88.287 0.6250000000
84175  1.569  15.569  84.997 0.6250000000
85965  0.563  17.093  85.185 0.6250000000
85967  -0.445  18.033  85.975 0.6250000000
131609  -7.218  19.060  89.214 0.7500000000
78751  7.932  9.098  88.379 0.6250000000
79692  8.617  9.826  88.306 0.6250000000
85044  0.462  16.136  85.899 0.6250000000
85947  -0.299  16.663  86.935 0.6250000000
85950  -7.315  17.671  87.716 0.7500000000
85948  -0.731  17.073  87.175 0.6250000000
85958  -7.045  17.730  86.771 0.7500000000
84211  -5.354  14.762  82.138 0.7500000000
85082  -4.927  15.716  82.981 0.8750000000
127228  -5.899  16.890  84.460 0.7500000000
81520  -3.564  12.736  81.289 0.7500000000
83293  -4.992  14.094  81.715 0.7500000000
84195  -5.168  15.294  82.660 0.7500000000
86002  -5.204  16.705  83.911 0.7500000000
85984  -5.599  17.063  84.381 0.7500000000
79752  -2.908  10.719  80.827 0.7500000000
81519  -2.956  12.090  80.775 0.7500000000
83306  -3.474  13.984  81.301 0.7500000000
80665  -2.517  11.339  80.406 0.7500000000
134753  -2.150  12.028  80.020 0.7500000000
81527  -1.610  12.668  79.515 0.7500000000
80664  -1.881  11.204  79.680 0.7500000000
134172  -1.592  11.823  79.369 0.7500000000
80673  -1.456  11.158  78.919 0.7500000000
78836  -1.556  9.578  78.894 0.7500000000
78843  -1.509  9.532  78.148 0.7500000000
79767  -1.492  10.306  78.364 0.7500000000
128010  -1.715  9.819  77.096 0.7500000000
79774  -1.527  10.417  77.423 0.7500000000
79797  -5.960  10.371  75.077 0.7500000000
78865  -3.411  10.069  75.597 0.7500000000
133199  -2.607  9.103  76.284 0.7500000000
78888  -6.321  9.891  73.855 0.6250000000
79796  -5.120  10.584  75.229 0.7500000000
137588  -4.825  9.933  72.451 0.5000000000
80747  -5.793  11.168  73.134 0.5000000000
80728  -5.693  11.458  73.627 0.5000000000
80715  -5.502  11.419  74.325 0.7500000000
77997  -2.709  9.073  72.486 0.5000000000
78905  -3.434  9.552  72.240 0.5000000000
127535  -5.246  10.588  72.592 0.5000000000
80746  -5.365  11.855  72.875 0.5000000000
80727  -5.170  12.170  73.097 0.3750000000
78904  -2.482  9.813  71.991 0.5000000000
78923  -3.347  10.232  71.829 0.5000000000
79852  -4.703  11.225  72.015 0.5000000000
80767  -4.907  12.131  72.146 0.5000000000
140036  -4.939  12.367  72.569 0.5000000000
78922  -1.577  9.757  71.949 0.5000000000
79849  -1.898  10.427  71.615 0.5000000000
79851  -3.798  10.954  71.654 0.6250000000
80766  -4.184  11.838  71.572 0.5000000000
80693  33.408  13.094  75.895 0.5000000000
81582  32.313  13.388  75.015 0.5000000000
80705  32.403  12.309  74.809 0.5000000000
124308  -1.075  10.204  71.573 0.5000000000
142293  -2.136  10.960  71.396 0.3750000000
80685  33.417  11.949  76.200 0.6250000000
80706  32.014  11.963  74.095 0.5000000000
79848  -0.539  10.715  71.139 0.3750000000
80764  -1.505  11.062  71.200 0.3750000000
80669  35.046  11.564  77.605 1.0000000000
81534  34.717  12.113  77.444 1.0000000000
79788  32.813  11.335  75.410 0.5000000000
79800  32.378  11.405  74.598 0.5000000000
79762  38.380  10.147  76.643 1.0000000000
79754  37.785  9.656  76.796 1.0000000000
79776  40.123  10.582  75.573 1.0000000000
83495  48.099  14.303  61.535 0.6250000000
83505  47.682  14.517  61.451 0.5000000000
142863  48.958  11.442  62.786 0.6250000000
82616  48.625  13.127  61.685 0.6250000000
129869  47.191  13.740  61.287 0.3750000000
81729  49.002  11.809  62.361 0.7500000000
81752  49.227  12.015  62.001 0.6250000000
82615  48.916  12.952  61.624 0.6250000000
142661  44.719  13.364  60.049 0.3750000000
79954  49.135  11.170  62.424 0.7500000000
144074  49.241  11.393  61.694 0.7500000000
80877  49.197  11.356  61.190 0.7500000000
122708  49.098  10.878  61.804 0.7500000000
79963  49.047  10.977  60.957 0.7500000000
79984  48.606  10.715  60.003 0.6250000000
79999  48.113  10.750  58.858 0.6250000000
80571  5.659  11.425  89.845 0.7500000000
80590  5.846  11.591  88.875 0.6250000000
81463  5.286  11.959  87.617 0.6250000000
79675  5.943  10.516  90.202 0.7500000000
79674  6.459  10.928  89.327 0.7500000000
80589  6.656  11.211  88.340 0.6250000000
80607  5.920  11.648  87.908 0.6250000000
81462  5.889  11.750  86.999 0.6250000000
139111  4.809  12.347  86.414 0.6250000000
81487  4.967  12.497  85.670 0.6250000000
80606  6.871  11.346  87.225 0.6250000000
81497  6.102  12.572  84.572 0.6250000000
82385  5.376  13.706  83.657 0.6250000000
83273  3.899  14.548  83.607 0.6250000000
133550  -4.675  21.082  91.682 0.7500000000
143158  -5.888  20.409  92.123 0.7500000000
87581  -6.420  20.005  91.829 0.7500000000
79694  7.112  10.385  88.617 0.6250000000
80588  7.495  10.817  87.853 0.5000000000
80618  7.547  11.484  86.541 0.6250000000
84184  6.007  15.272  83.032 0.6250000000
84186  3.771  15.397  83.291 0.6250000000
85067  2.574  16.585  83.697 0.6250000000
87611  -1.695  19.587  87.356 0.6250000000
88384  -2.770  21.144  89.097 0.6250000000
88377  -3.931  20.752  90.587 0.6250000000
131216  -7.204  19.082  90.113 0.7500000000
80605  7.874  11.211  87.117 0.5000000000
80616  8.955  11.888  86.813 0.5000000000
82335  9.521  13.316  87.660 0.6250000000
81437  9.726  12.899  89.191 0.5000000000
126892  3.324  17.149  83.306 0.6250000000
86812  1.101  18.444  84.468 0.6250000000
86798  -0.540  18.800  86.080 0.6250000000
87610  -1.124  19.939  86.849 0.6250000000
88406  -2.114  20.339  87.893 0.6250000000
131135  -7.257  18.980  88.339 0.7500000000
83218  9.347  14.206  88.146 0.6250000000
82321  9.516  13.781  89.728 0.5000000000
82309  8.621  13.385  92.072 0.3750000000
87654  0.595  18.887  84.957 0.6250000000
87634  0.725  19.737  85.216 0.6250000000
87635  0.020  19.343  85.658 0.6250000000
130433  -7.180  18.883  87.584 0.7500000000
82315  9.240  13.928  91.018 0.3750000000
86802  -6.560  18.024  85.882 0.7500000000
144759  8.562  11.548  93.973 0.3750000000
86817  -5.707  17.481  84.845 0.7500000000
84226  -3.146  14.672  81.360 0.7500000000
84208  -3.952  15.068  81.840 0.7500000000
86018  -4.416  16.633  83.464 0.7500000000
131988  -5.339  17.061  84.247 0.7500000000
82401  -2.580  13.709  80.608 0.7500000000
82411  -1.888  13.487  79.914 0.7500000000
82410  -1.270  13.366  79.273 0.7500000000
132967  -1.125  12.833  78.828 0.7500000000
81541  -1.227  12.055  78.638 0.7500000000
81555  -1.010  12.054  77.666 0.7500000000
128598  -1.013  12.109  76.629 0.7500000000
121186  -1.527  11.021  76.940 0.7500000000
80682  -1.327  11.216  77.938 0.7500000000
80692  -2.003  11.178  76.125 0.7500000000
78857  -2.660  9.785  75.946 0.7500000000
123796  -3.687  11.530  75.200 0.7500000000
81593  -3.988  12.375  73.977 0.6250000000
81633  -4.737  12.701  72.622 0.5000000000
82519  -3.435  13.873  72.298 0.5000000000
83414  -1.769  14.626  72.458 0.3750000000
82470  31.497  14.633  74.739 0.5000000000
138634  -3.352  11.497  71.379 0.5000000000
82520  -4.113  13.495  72.170 0.5000000000
83416  -3.719  13.840  71.634 0.5000000000
82518  -2.992  14.480  72.043 0.3750000000
81571  32.866  13.929  75.604 0.6250000000
82469  32.156  14.389  75.131 0.5000000000
80765  -2.501  11.576  71.165 0.5000000000
133896  -3.465  12.353  71.222 0.3750000000
83415  -3.491  14.299  71.575 0.3750000000
84288  -2.837  15.169  71.850 0.3750000000
81570  33.619  13.923  76.031 0.6250000000
82453  33.152  14.696  75.884 0.6250000000
79869  0.187  11.095  70.695 0.2500000000
80782  -0.783  11.537  70.733 0.2500000000
80784  -2.600  12.425  70.893 0.3750000000
81661  -3.119  13.128  71.045 0.3750000000
83431  -3.451  14.408  71.181 0.3750000000
84294  -3.416  15.756  71.182 0.3750000000
128855  -2.506  15.873  71.976 0.3750000000
81545  35.006  13.368  76.939 1.0000000000
83444  -3.366  15.190  70.928 0.3750000000
79768  39.756  10.485  76.195 1.0000000000
83494  48.454  14.168  61.463 0.6250000000
83506  47.080  14.884  61.173 0.3750000000
83493  48.841  13.905  61.438 0.6250000000
83513  45.902  14.843  60.260 0.3750000000
82614  49.223  12.650  61.496 0.6250000000
83503  49.392  13.332  61.045 0.6250000000
82632  45.716  13.737  60.382 0.3750000000
81784  49.346  11.765  60.145 0.7500000000
82624  49.388  12.546  61.003 0.6250000000
80913  48.823  11.022  59.047 0.6250000000
124687  48.711  11.515  57.761 0.5000000000
80918  48.681  11.148  58.552 0.6250000000
80922  48.311  11.579  57.177 0.3750000000
80006  48.236  11.185  58.126 0.6250000000
80926  48.896  12.136  55.873 0.3750000000
80927  48.471  11.892  56.194 0.3750000000
80011  47.960  11.505  57.090 0.2500000000
80937  47.937  11.640  55.171 0.1250000000
80935  49.449  12.021  54.155 0.1250000000
80936  48.850  12.146  54.955 0.1250000000
80934  49.894  12.150  53.992 0.1250000000
80943  49.282  12.051  53.882 0.1250000000
81475  5.630  12.099  86.141 0.6250000000
89120  -4.007  21.608  91.248 0.7500000000
81474  6.778  11.709  86.150 0.6250000000
81496  7.032  12.600  84.584 0.6250000000
82369  6.607  13.085  83.951 0.6250000000
89111  -5.189  21.424  91.980 0.7500000000
131563  -5.997  21.203  92.119 0.7500000000
82354  7.894  12.869  84.735 0.6250000000
82368  7.460  13.294  84.131 0.6250000000
83270  6.579  14.584  83.377 0.6250000000
128860  5.422  16.045  82.981 0.6250000000
89135  -3.290  21.213  89.906 0.6250000000
88372  -7.075  20.639  91.216 0.7500000000
81473  7.911  11.842  85.919 0.6250000000
82343  8.978  13.328  85.702 0.6250000000
134532  8.788  14.386  85.932 0.6250000000
127875  4.872  16.840  83.130 0.6250000000
86827  2.687  18.496  83.502 0.6250000000
88419  -0.701  20.683  86.779 0.6250000000
87602  -7.261  19.830  89.810 0.7500000000
83229  9.314  14.034  87.215 0.6250000000
140187  8.921  14.958  88.609 0.6250000000
86811  1.833  18.839  84.027 0.6250000000
87623  -0.521  19.807  86.225 0.6250000000
87607  -7.182  19.697  88.832 0.7500000000
84127  8.912  15.142  89.597 0.5000000000
83196  8.129  14.230  92.121 0.5000000000
87626  -6.742  18.911  86.792 0.7500000000
87625  -6.384  19.074  86.598 0.7500000000
82310  7.768  13.743  92.836 0.3750000000
87639  -5.882  18.562  85.965 0.7500000000
87624  -5.742  19.318  86.447 0.7500000000
85095  -3.463  15.759  82.110 0.7500000000
85080  -3.976  16.176  82.816 0.7500000000
86001  -4.409  17.215  83.874 0.7500000000
86800  -5.630  18.083  85.335 0.7500000000
84225  -2.051  14.974  80.870 0.7500000000
85079  -2.664  16.485  82.479 0.7500000000
126469  -3.683  17.230  83.598 0.7500000000
86815  -4.312  17.851  84.478 0.7500000000
87637  -4.172  19.203  85.765 0.7500000000
87638  -4.965  19.547  86.303 0.7500000000
84224  -1.037  15.320  80.457 0.7500000000
83316  -1.964  14.028  80.135 0.7500000000
84240  -0.557  14.990  79.707 0.7500000000
83315  -1.399  13.956  79.619 0.7500000000
84250  -0.071  14.670  79.010 0.7500000000
82421  -0.786  13.334  78.650 0.7500000000
83327  -0.343  13.965  78.579 0.7500000000
82420  -0.350  13.284  77.937 0.7500000000
81554  -0.536  12.663  77.362 0.6250000000
81578  -0.705  12.586  75.802 0.6250000000
142133  -1.383  12.254  75.755 0.6250000000
81591  -1.392  12.635  74.916 0.6250000000
142522  -2.383  12.539  74.607 0.6250000000
81592  -3.100  12.703  73.963 0.5000000000
82481  -2.150  13.068  73.993 0.5000000000
82501  -1.955  13.797  73.037 0.3750000000
82499  -0.007  13.892  73.720 0.3750000000
83400  -0.715  14.214  73.072 0.3750000000
83399  0.218  14.552  73.345 0.3750000000
85157  -1.191  15.851  72.495 0.3750000000
85156  -0.015  15.983  72.955 0.3750000000
85153  0.014  16.891  73.224 0.3750000000
86081  -0.742  17.466  73.104 0.3750000000
131534  -0.842  16.634  72.726 0.3750000000
129892  -1.790  16.414  72.342 0.3750000000
85158  -2.830  16.619  71.931 0.3750000000
86084  -1.729  17.077  72.508 0.3750000000
85220  47.788  16.301  61.857 0.5000000000
84351  47.890  15.181  61.616 0.5000000000
85234  47.095  16.685  61.813 0.5000000000
85246  46.229  16.823  61.419 0.3750000000
84350  48.068  15.160  61.571 0.6250000000
84363  46.763  15.935  61.206 0.3750000000
84373  45.890  16.016  60.586 0.3750000000
84349  48.692  15.068  61.422 0.6250000000
82631  46.537  14.205  60.741 0.3750000000
140611  49.104  14.424  61.290 0.6250000000
83504  49.316  14.253  61.058 0.5000000000
139942  49.410  11.929  59.637 0.6250000000
132797  49.428  12.410  60.276 0.7500000000
83511  49.356  13.850  60.676 0.5000000000
81799  49.313  11.757  58.723 0.6250000000
144589  49.012  11.593  58.033 0.6250000000
81802  49.257  12.035  57.528 0.5000000000
80916  49.173  12.056  57.284 0.6250000000
82661  49.419  12.499  56.974 0.5000000000
80921  48.940  11.980  56.800 0.3750000000
81805  49.249  12.281  56.179 0.5000000000
82665  49.632  13.330  56.633 0.5000000000
80920  49.210  12.269  56.171 0.3750000000
81809  49.791  12.243  55.120 0.2500000000
80925  49.707  12.239  54.879 0.1250000000
81804  50.003  12.434  55.104 0.2500000000
80933  50.391  12.299  53.709 0.1250000000
123043  50.352  12.532  54.448 0.1250000000
81816  50.709  12.388  53.613 0.1250000000
89870  -3.898  22.588  91.437 0.6250000000
89110  -4.554  21.929  91.700 0.7500000000
89127  -2.524  22.378  90.400 0.6250000000
130262  -5.436  21.945  91.991 0.7500000000
89113  -6.447  21.841  91.601 0.7500000000
84172  7.814  15.613  84.829 0.6250000000
85052  7.347  16.295  84.405 0.6250000000
85994  6.244  17.652  83.728 0.6250000000
89155  -0.819  21.582  87.468 0.6250000000
124736  -2.016  21.913  88.870 0.6250000000
145213  -2.866  21.821  90.231 0.6250000000
89121  -6.871  21.858  91.160 0.7500000000
84152  8.412  15.270  86.333 0.6250000000
84164  8.299  14.975  85.373 0.6250000000
86825  4.711  18.487  83.412 0.6250000000
87665  3.358  19.309  83.576 0.6250000000
89144  -1.684  21.300  88.016 0.6250000000
89136  -7.097  21.511  89.789 0.7500000000
84145  8.448  15.540  87.320 0.6250000000
84137  8.607  15.450  88.141 0.6250000000
88446  2.382  20.560  84.646 0.6250000000
87622  0.155  20.035  85.737 0.6250000000
88418  0.088  20.751  86.200 0.6250000000
88407  -6.632  20.180  87.756 0.7500000000
89157  -6.198  20.968  87.924 0.7500000000
84128  8.523  15.828  90.241 0.5000000000
84115  7.543  15.095  92.287 0.5000000000
88423  -6.538  19.589  87.157 0.7500000000
145156  -5.724  20.377  87.213 0.7500000000
88420  -4.526  20.955  87.011 0.6250000000
85110  -1.544  15.755  81.323 0.7500000000
85094  -1.603  16.456  82.003 0.7500000000
123501  -2.302  17.164  82.982 0.7500000000
143436  -2.594  18.252  84.073 0.7500000000
87657  -2.940  19.175  85.305 0.7500000000
84223  -0.068  15.601  80.180 0.6250000000
85109  -0.449  15.994  80.934 0.6250000000
85093  -0.734  16.480  81.616 0.6250000000
83326  0.383  14.435  78.239 0.6250000000
83341  0.176  13.809  77.730 0.6250000000
81566  -0.410  12.704  76.582 0.6250000000
82435  0.019  13.255  77.066 0.6250000000
82462  0.522  13.538  75.514 0.6250000000
82479  0.338  13.656  74.561 0.6250000000
81590  -0.314  13.081  74.977 0.6250000000
143914  -0.323  13.481  74.161 0.3750000000
82480  -1.106  13.274  74.099 0.5000000000
83387  0.738  14.273  74.139 0.3750000000
84279  0.910  15.819  73.509 0.3750000000
86079  0.745  17.151  73.640 0.3750000000
86080  0.104  17.544  73.505 0.3750000000
86082  -1.707  17.856  72.835 0.3750000000
85165  -2.967  16.244  70.283 0.3750000000
85166  -3.589  16.368  70.735 0.3750000000
85160  -3.604  16.475  71.234 0.3750000000
86085  -2.704  17.387  72.179 0.3750000000
85219  48.235  16.310  61.676 0.5000000000
85232  48.844  15.862  60.986 0.5000000000
85245  48.601  16.174  60.927 0.5000000000
84388  48.851  14.651  60.239 0.5000000000
84371  49.140  14.967  60.787 0.5000000000
83527  48.853  13.994  59.528 0.5000000000
124365  49.149  14.128  60.314 0.5000000000
83545  48.794  13.755  58.318 0.3750000000
82657  49.374  12.368  58.207 0.5000000000
82662  49.265  13.073  57.728 0.5000000000
83552  49.624  14.419  56.201 0.2500000000
83559  50.295  14.603  55.529 0.2500000000
82664  49.803  13.021  56.061 0.2500000000
83557  50.979  13.315  54.490 0.2500000000
83558  50.724  14.173  54.953 0.2500000000
82670  50.500  13.047  55.179 0.2500000000
82669  50.639  12.916  54.765 0.1250000000
139761  50.091  12.522  55.068 0.1250000000
127255  50.974  12.854  54.247 0.1250000000
89878  -2.739  22.793  91.010 0.6250000000
89892  -0.609  22.959  88.780 0.6250000000
89893  -1.284  22.630  89.056 0.6250000000
89877  -1.978  23.155  90.763 0.6250000000
89863  -5.059  22.528  91.771 0.7500000000
127261  -5.128  22.926  91.650 0.7500000000
84165  7.948  15.827  85.808 0.6250000000
85043  7.550  16.413  85.311 0.6250000000
85964  6.989  17.728  85.557 0.6250000000
89918  0.804  22.633  86.928 0.6250000000
89906  0.406  23.012  87.717 0.6250000000
89143  -1.162  22.206  88.328 0.6250000000
123890  -6.190  23.220  91.317 0.7500000000
84153  8.005  16.050  86.706 0.6250000000
85963  7.298  17.054  85.720 0.6250000000
86809  6.223  18.489  84.263 0.6250000000
87651  3.917  20.027  83.914 0.6250000000
89193  1.803  21.617  85.664 0.6250000000
89175  -0.241  21.396  86.797 0.6250000000
90581  -6.742  23.085  90.249 0.7500000000
85010  8.231  16.098  88.111 0.6250000000
131345  7.482  17.394  87.408 0.6250000000
88436  0.647  20.480  85.634 0.6250000000
89895  -6.785  22.056  89.351 0.7500000000
89158  -6.508  20.980  88.267 0.7500000000
135439  8.071  16.673  88.910 0.6250000000
84992  7.944  16.318  91.069 0.5000000000
89909  -6.073  21.837  88.189 0.7500000000
84109  7.185  15.696  92.613 0.5000000000
89156  -5.630  21.721  87.823 0.7500000000
89178  -6.053  20.482  87.492 0.7500000000
89177  -5.220  21.114  87.419 0.6250000000
86025  -0.849  17.023  82.189 0.6250000000
86016  -1.619  17.095  82.548 0.7500000000
86829  -1.809  18.395  83.791 0.7500000000
86813  -2.106  18.934  84.500 0.6250000000
87636  -3.332  19.886  85.851 0.6250000000
85092  0.101  16.679  81.339 0.6250000000
121512  -0.941  17.573  82.576 0.7500000000
87667  -1.310  19.075  84.001 0.7500000000
137558  -2.038  19.664  85.003 0.6250000000
133948  -3.076  20.796  86.042 0.6250000000
85108  0.434  16.312  80.609 0.6250000000
86024  0.365  17.454  81.638 0.6250000000
84239  0.273  15.308  79.419 0.6250000000
85120  0.765  15.925  79.861 0.6250000000
84238  1.014  15.621  79.120 0.6250000000
85119  1.461  16.305  79.415 0.6250000000
84248  1.185  15.416  78.499 0.6250000000
84256  1.055  14.926  78.021 0.6250000000
84255  1.637  15.554  77.970 0.6250000000
83340  0.842  14.251  77.285 0.6250000000
83339  1.532  15.030  77.283 0.6250000000
144721  1.007  14.096  76.591 0.6250000000
83356  1.114  14.040  75.979 0.5000000000
83371  1.053  14.096  75.070 0.5000000000
83386  1.424  14.811  74.622 0.3750000000
85145  2.251  16.072  75.061 0.3750000000
86075  1.449  17.370  74.118 0.3750000000
86076  0.664  17.898  73.960 0.3750000000
84272  1.012  15.003  73.747 0.3750000000
84271  1.651  15.727  74.271 0.3750000000
86893  0.276  18.675  74.511 0.5000000000
86897  -0.340  18.146  73.682 0.5000000000
126366  -1.258  18.371  73.509 0.3750000000
86908  -3.827  17.663  71.340 0.3750000000
86089  -3.827  17.082  70.834 0.3750000000
86086  -3.561  17.094  71.527 0.3750000000
142504  -3.396  17.661  71.815 0.3750000000
86903  -2.747  18.077  72.372 0.5000000000
85164  -1.851  16.109  69.999 0.3750000000
86096  -2.319  16.802  69.936 0.2500000000
86158  47.396  17.959  62.748 0.2500000000
86159  46.652  18.107  62.957 0.2500000000
128869  48.016  17.219  61.862 0.5000000000
126404  47.800  17.250  62.160 0.3750000000
85221  47.283  17.398  62.346 0.2500000000
86174  46.334  17.597  62.340 0.2500000000
85218  48.679  15.904  61.247 0.5000000000
84372  48.555  15.516  60.409 0.5000000000
84406  47.919  15.355  58.953 0.3750000000
83528  48.334  14.569  58.718 0.3750000000
84416  49.074  15.486  56.106 0.3750000000
84417  48.290  15.491  56.872 0.3750000000
84422  49.842  15.382  55.561 0.2500000000
83553  48.852  14.695  56.732 0.3750000000
84435  50.939  14.989  53.837 0.3750000000
84436  50.715  15.105  54.379 0.2500000000
83589  51.463  14.692  52.797 0.2500000000
83577  51.437  14.200  53.320 0.2500000000
83565  51.301  14.039  53.888 0.2500000000
82677  51.589  12.916  53.151 0.2500000000
89869  -3.149  23.198  91.315 0.6250000000
89862  -4.441  22.747  91.593 0.7500000000
90588  -0.077  23.561  89.344 0.6250000000
89876  -1.131  23.495  90.478 0.6250000000
89868  -2.320  23.602  91.302 0.6250000000
90557  -3.368  24.261  91.544 0.7500000000
145709  -5.142  23.742  91.515 0.7500000000
89927  3.140  22.538  86.056 0.6250000000
89917  1.710  23.001  86.678 0.6250000000
89891  0.136  23.310  88.527 0.6250000000
91248  -5.880  24.327  91.042 0.7500000000
86772  6.790  18.808  87.175 0.6250000000
88443  5.624  20.282  85.482 0.6250000000
89208  3.085  21.367  84.957 0.6250000000
89172  2.245  22.423  86.097 0.6250000000
90573  -6.498  23.872  90.339 0.7500000000
85935  7.526  17.959  89.394 0.6250000000
90589  -6.412  23.662  88.992 0.7500000000
128623  7.369  17.003  91.891 0.5000000000
143740  -5.676  22.655  87.985 0.6250000000
89920  -4.852  22.423  87.525 0.7500000000
89176  -4.301  21.933  87.149 0.6250000000
86015  -0.228  17.713  82.217 0.6250000000
87655  -0.542  19.647  83.754 0.6250000000
87656  -1.313  19.738  84.490 0.6250000000
88437  -2.163  21.168  85.585 0.6250000000
86014  0.430  18.180  81.908 0.6250000000
86835  0.140  18.546  82.434 0.6250000000
88454  -0.170  20.602  83.391 0.6250000000
88448  -0.772  20.768  84.329 0.6250000000
85107  1.225  16.672  80.229 0.6250000000
86852  1.049  18.136  81.275 0.6250000000
86843  0.746  19.034  81.883 0.6250000000
87666  0.169  19.814  83.020 0.6250000000
86040  1.821  17.151  79.616 0.6250000000
85129  1.616  15.955  78.660 0.6250000000
126499  1.903  18.143  79.702 0.6250000000
85137  2.138  16.310  78.027 0.6250000000
86049  2.040  16.718  78.810 0.6250000000
84254  2.100  15.841  77.249 0.6250000000
85128  2.439  17.056  78.157 0.6250000000
84260  1.941  15.283  76.497 0.5000000000
85136  2.568  16.873  77.232 0.6250000000
83370  1.644  14.766  75.649 0.5000000000
84265  2.190  15.614  75.740 0.3750000000
86058  2.607  17.474  76.635 0.6250000000
86877  2.443  18.228  76.605 0.6250000000
85149  1.988  16.692  74.470 0.3750000000
86886  1.686  18.536  75.502 0.6250000000
87727  1.190  19.175  75.854 0.6250000000
87728  0.205  19.382  75.405 0.6250000000
87729  -0.893  19.643  75.324 0.6250000000
85148  1.987  17.461  74.708 0.5000000000
86887  1.001  18.840  75.151 0.6250000000
87739  -0.485  19.199  74.787 0.5000000000
86894  -0.794  18.790  74.162 0.5000000000
86895  -1.719  18.960  73.863 0.5000000000
125646  -3.312  16.910  70.224 0.3750000000
86097  -3.426  17.662  70.426 0.3750000000
86090  -3.812  17.882  70.899 0.3750000000
86898  -2.159  18.511  73.117 0.5000000000
141702  -1.240  16.716  70.032 0.1250000000
133605  -2.568  17.541  70.073 0.2500000000
86909  -3.771  18.461  71.478 0.3750000000
86905  -3.678  18.938  72.348 0.5000000000
142174  47.850  18.264  60.993 0.5000000000
86173  47.990  17.785  61.585 0.3750000000
87821  46.979  19.165  63.561 0.3750000000
86967  46.249  19.036  63.886 0.2500000000
140332  47.720  17.802  60.234 0.5000000000
86183  48.073  17.400  60.946 0.5000000000
86980  47.573  18.655  62.858 0.3750000000
87836  46.717  19.904  63.454 0.3750000000
87837  45.387  19.932  63.220 0.2500000000
85259  47.881  15.989  59.667 0.3750000000
123696  48.032  16.706  60.403 0.5000000000
85281  47.909  16.608  57.322 0.3750000000
85268  47.670  16.406  58.515 0.3750000000
84414  47.853  15.372  57.951 0.3750000000
85289  48.658  16.761  56.271 0.3750000000
85288  49.346  16.364  55.579 0.3750000000
85293  50.305  15.996  54.498 0.3750000000
133290  49.553  17.129  55.233 0.3750000000
128937  50.328  16.727  54.271 0.3750000000
86233  50.131  17.617  54.482 0.3750000000
84447  51.230  15.011  53.318 0.3750000000
85322  50.778  16.407  53.459 0.3750000000
86250  50.540  17.209  53.897 0.3750000000
86260  50.858  17.327  53.097 0.3750000000
128874  51.211  16.962  52.275 0.3750000000
90563  -1.920  24.354  91.577 0.6250000000
91239  -2.923  25.083  91.664 0.7500000000
90558  -4.168  23.941  91.536 0.7500000000
145291  -5.225  24.395  91.375 0.7500000000
89170  5.507  21.553  87.112 0.5000000000
89171  4.067  22.455  86.196 0.6250000000
90606  3.213  23.788  87.072 0.6250000000
90598  1.758  24.040  87.945 0.6250000000
90578  0.401  24.124  89.875 0.6250000000
90570  0.055  24.518  90.628 0.6250000000
91246  -2.447  24.746  91.656 0.6250000000
91921  -3.322  25.372  91.608 0.6250000000
91923  -4.656  25.218  91.375 0.6250000000
88403  6.216  20.409  88.028 0.6250000000
88431  5.622  20.737  86.033 0.6250000000
89191  3.586  21.925  85.539 0.6250000000
91932  -5.700  25.453  90.406 0.7500000000
122187  -6.038  25.385  89.782 0.6250000000
86762  6.779  19.269  88.695 0.5000000000
90580  -6.554  23.852  89.672 0.7500000000
91940  -5.833  25.963  89.191 0.6250000000
86747  7.321  18.433  91.005 0.5000000000
91272  -6.295  24.715  89.035 0.7500000000
128832  -6.107  25.351  89.186 0.7500000000
90600  -5.284  23.781  87.768 0.6250000000
90609  -4.662  23.749  87.285 0.6250000000
89929  -2.731  22.933  85.862 0.6250000000
89930  -3.489  22.547  86.573 0.6250000000
89195  -1.984  22.204  85.546 0.6250000000
89196  -2.775  21.861  86.144 0.6250000000
89218  -0.432  21.566  83.537 0.6250000000
89209  -0.919  22.005  84.351 0.6250000000
87673  0.662  19.898  82.309 0.6250000000
88462  0.310  20.607  82.640 0.6250000000
126477  0.701  20.678  81.862 0.6250000000
86851  1.584  18.613  80.463 0.6250000000
87687  1.559  19.500  80.345 0.6250000000
88478  1.334  20.229  80.218 0.6250000000
86860  1.859  19.046  79.749 0.6250000000
123995  1.660  19.768  79.653 0.6250000000
88485  1.272  20.395  79.431 0.6250000000
86039  2.271  17.725  78.791 0.6250000000
87702  2.108  19.319  78.546 0.6250000000
127767  1.684  19.881  78.925 0.6250000000
130690  2.596  17.744  77.843 0.6250000000
87709  2.269  19.230  77.777 0.6250000000
87703  1.753  19.872  78.148 0.6250000000
87711  1.055  19.852  77.051 0.6250000000
145696  2.633  17.766  77.149 0.6250000000
130007  2.517  18.463  77.428 0.6250000000
87717  2.194  19.030  76.994 0.6250000000
87719  0.557  19.785  76.394 0.6250000000
87720  -0.448  19.979  76.043 0.6250000000
87718  1.477  19.400  76.645 0.6250000000
87740  -1.334  19.321  74.610 0.6250000000
87741  -2.287  19.435  74.380 0.6250000000
86917  -3.774  18.545  71.004 0.3750000000
87742  -3.217  19.556  74.150 0.6250000000
133091  -2.641  18.469  70.354 0.2500000000
138469  47.859  18.596  61.271 0.5000000000
88612  46.989  20.340  62.504 0.3750000000
127604  47.767  18.504  60.394 0.3750000000
86191  47.876  18.806  59.529 0.3750000000
86199  47.842  17.771  57.953 0.3750000000
126694  47.635  17.531  59.295 0.3750000000
124154  48.160  18.958  58.482 0.3750000000
144075  48.467  18.804  57.585 0.3750000000
86211  48.397  17.913  56.968 0.3750000000
86222  48.998  18.109  56.211 0.3750000000
135214  49.185  17.315  55.720 0.3750000000
86221  49.431  18.113  55.631 0.3750000000
86234  49.757  17.918  55.044 0.3750000000
134276  50.011  18.735  54.846 0.3750000000
88685  49.858  20.178  54.527 0.3750000000
135293  50.312  18.232  54.262 0.3750000000
87929  50.090  20.205  53.769 0.3750000000
86261  50.592  18.351  53.689 0.3750000000
87930  49.646  20.202  53.351 0.3750000000
86268  51.180  18.057  52.375 0.2500000000
89902  5.584  22.676  88.112 0.5000000000
89903  4.929  23.352  87.584 0.6250000000
90596  3.978  24.131  87.645 0.6250000000
90607  2.190  23.733  87.159 0.6250000000
91262  1.275  25.092  89.664 0.6250000000
91253  0.777  25.414  90.280 0.6250000000
91925  -0.879  25.638  91.175 0.6250000000
120529  -2.096  25.884  91.558 0.6250000000
91928  -4.765  26.014  91.135 0.6250000000
130309  -4.798  26.505  90.792 0.6250000000
89152  5.717  21.794  87.941 0.5000000000
89889  5.663  23.028  88.774 0.5000000000
90595  4.843  23.893  88.012 0.5000000000
91278  3.311  24.734  88.104 0.6250000000
91271  1.779  24.769  89.027 0.6250000000
91924  -0.267  25.775  90.845 0.6250000000
92588  -1.474  25.935  91.297 0.6250000000
91247  -5.283  25.285  91.042 0.6250000000
92599  -5.445  26.239  90.187 0.6250000000
88383  6.251  21.070  89.253 0.5000000000
89875  6.157  23.010  89.865 0.5000000000
91938  2.300  25.995  89.415 0.6250000000
91939  1.434  25.727  89.783 0.6250000000
121573  -5.697  26.071  89.755 0.6250000000
87600  6.823  19.945  90.494 0.5000000000
133839  6.699  22.277  90.680 0.5000000000
91944  -5.871  25.834  88.594 0.6250000000
91279  -5.593  25.149  87.930 0.5000000000
91291  -4.435  25.243  86.033 0.5000000000
125125  -4.808  24.595  87.239 0.5000000000
90630  -3.610  24.625  85.171 0.6250000000
90618  -3.574  23.839  86.034 0.6250000000
89919  -4.125  23.174  86.965 0.6250000000
90628  -2.185  23.854  84.474 0.6250000000
90617  -2.866  23.927  85.229 0.6250000000
89940  -1.369  23.025  84.439 0.6250000000
133263  -1.402  22.419  85.011 0.6250000000
89949  -0.841  22.698  83.432 0.6250000000
138304  0.242  21.395  82.205 0.6250000000
89230  0.461  21.439  81.335 0.6250000000
88479  0.859  20.933  80.002 0.6250000000
88486  0.607  20.971  79.143 0.6250000000
88492  0.328  20.782  78.328 0.6250000000
125580  -0.015  20.581  77.545 0.6250000000
88491  1.172  20.421  78.603 0.6250000000
88498  1.003  20.280  77.711 0.6250000000
88505  0.499  20.193  77.085 0.6250000000
127028  -1.031  20.375  76.534 0.6250000000
87721  -1.484  20.083  75.958 0.6250000000
88515  -2.630  20.272  75.878 0.6250000000
87730  -2.901  19.857  74.973 0.6250000000
86979  47.890  18.566  61.951 0.3750000000
86999  47.841  19.172  60.498 0.5000000000
87849  47.831  19.349  61.272 0.3750000000
87008  47.943  19.423  59.721 0.3750000000
133837  47.835  19.797  60.351 0.5000000000
87020  48.444  19.945  58.796 0.2500000000
87856  48.103  20.069  59.482 0.2500000000
87054  48.986  19.078  56.887 0.3750000000
87038  48.970  19.884  57.737 0.3750000000
128934  49.409  19.082  56.197 0.3750000000
87077  49.636  19.811  56.056 0.3750000000
134480  49.683  18.937  55.520 0.3750000000
143054  50.054  19.434  54.876 0.3750000000
88674  49.676  20.205  55.237 0.3750000000
87100  50.315  19.234  54.345 0.3750000000
87918  50.183  19.918  54.203 0.3750000000
87114  50.878  18.510  53.013 0.3750000000
87115  50.529  19.548  53.357 0.3750000000
87130  51.386  18.699  51.535 0.2500000000
87123  51.001  19.128  52.386 0.3750000000
87938  50.459  19.837  52.224 0.3750000000
93289  -2.346  26.915  90.924 0.6250000000
93283  -3.782  26.906  91.067 0.5000000000
92591  -4.208  26.505  91.160 0.6250000000
90583  5.608  23.832  89.000 0.5000000000
91268  5.112  24.552  88.656 0.5000000000
91942  4.065  25.689  88.810 0.5000000000
91269  3.680  25.195  88.470 0.5000000000
139612  0.877  26.553  89.929 0.5000000000
93286  0.326  26.340  90.301 0.5000000000
92596  -1.472  26.324  91.003 0.6250000000
93292  -4.777  27.147  90.271 0.5000000000
91260  5.007  25.247  88.900 0.5000000000
122951  4.082  26.255  89.096 0.5000000000
91943  2.982  25.655  88.904 0.5000000000
91929  1.585  26.221  89.743 0.5000000000
93303  -5.469  27.054  89.418 0.6250000000
90569  6.446  23.582  90.271 0.5000000000
123756  6.330  25.919  89.551 0.3750000000
91936  4.834  25.990  89.196 0.3750000000
141575  4.193  27.105  88.939 0.3750000000
93306  2.533  27.294  88.726 0.3750000000
92592  1.646  26.673  89.558 0.3750000000
92608  -5.768  26.476  88.660 0.6250000000
89874  7.557  23.303  90.944 0.5000000000
131036  -5.316  26.372  87.007 0.5000000000
91962  -4.880  25.753  85.622 0.5000000000
126346  -5.186  25.717  87.218 0.5000000000
91301  -4.602  25.501  85.080 0.5000000000
90629  -3.323  24.749  84.210 0.5000000000
90639  -2.415  24.317  83.710 0.5000000000
124404  -2.158  24.211  82.973 0.5000000000
89950  -1.610  23.682  83.663 0.6250000000
89959  -1.361  23.508  82.735 0.5000000000
141590  -0.703  22.807  82.347 0.6250000000
142304  -0.772  22.892  81.552 0.5000000000
89964  -0.136  22.233  81.689 0.6250000000
89970  -0.670  22.672  80.860 0.5000000000
89977  -0.749  22.364  80.049 0.6250000000
89244  -1.162  21.970  79.221 0.6250000000
89249  -0.303  21.375  78.831 0.6250000000
137839  -1.172  21.548  78.520 0.6250000000
88493  -0.671  21.060  78.087 0.6250000000
88499  -1.135  20.780  77.274 0.6250000000
93290  -3.400  27.244  90.895 0.5000000000
93291  -4.226  27.372  90.540 0.5000000000
93287  -0.361  26.482  90.396 0.5000000000
93301  -2.189  27.418  90.303 0.5000000000
94043  -3.806  27.752  90.427 0.5000000000
94045  -4.710  27.565  90.086 0.5000000000
93298  0.266  26.757  89.938 0.5000000000
126519  -0.835  27.257  89.589 0.5000000000
94050  -5.374  27.875  89.234 0.5000000000
91266  7.461  25.400  88.971 0.3750000000
91941  7.140  26.128  88.933 0.3750000000
92612  6.071  26.773  87.911 0.2500000000
93313  4.055  27.384  88.066 0.2500000000
92615  2.975  26.999  87.526 0.2500000000
93307  1.535  27.266  88.863 0.3750000000
122313  0.009  27.261  88.258 0.5000000000
120559  -5.604  27.456  89.062 0.5000000000
90566  8.060  24.092  90.264 0.3750000000
130399  7.267  25.242  87.509 0.3750000000
92622  6.530  26.341  87.720 0.2500000000
121549  5.534  26.697  87.341 0.2500000000
92614  3.837  27.067  87.383 0.2500000000
134176  2.220  26.716  87.011 0.2500000000
93319  -5.847  27.425  87.699 0.5000000000
89124  8.473  22.695  90.756 0.3750000000
145670  8.400  23.309  88.195 0.2500000000
143019  -5.179  26.067  85.390 0.5000000000
92630  -5.424  26.825  86.414 0.5000000000
93325  -5.688  27.373  86.839 0.5000000000
137429  -4.671  25.614  84.209 0.5000000000
91300  -4.133  25.215  84.678 0.5000000000
91307  -3.030  24.751  83.181 0.5000000000
90650  -2.041  23.984  82.130 0.5000000000
90663  -2.068  23.666  81.328 0.5000000000
131250  -1.484  22.861  80.315 0.5000000000
89978  -1.567  22.533  79.691 0.5000000000
94048  -3.449  28.196  90.103 0.5000000000
94733  -3.781  28.760  89.720 0.5000000000
94734  -4.450  28.409  89.756 0.5000000000
94051  -2.056  28.024  89.235 0.5000000000
94737  -5.328  28.858  88.791 0.5000000000
93317  -0.663  27.371  87.727 0.3750000000
93310  -1.377  27.624  89.107 0.5000000000
122189  -5.992  28.477  88.073 0.5000000000
91954  6.481  25.833  86.971 0.2500000000
91960  5.679  25.813  85.758 0.2500000000
92635  3.858  26.149  85.865 0.2500000000
123748  2.298  26.331  86.129 0.2500000000
92627  1.394  26.479  86.268 0.2500000000
94062  -5.971  27.966  87.144 0.5000000000
91283  7.289  24.720  86.658 0.3750000000
91959  6.155  25.350  85.530 0.2500000000
91963  -5.239  26.387  85.868 0.5000000000
91973  -5.064  25.878  84.660 0.5000000000
138860  -5.305  26.248  84.935 0.5000000000
92639  -5.367  26.704  85.434 0.5000000000
142700  -4.212  25.354  83.926 0.5000000000
91992  -5.000  26.112  83.345 0.5000000000
92657  -5.247  26.464  83.592 0.5000000000
91322  -3.807  25.323  82.475 0.5000000000
91323  -4.261  25.715  82.903 0.5000000000
91991  -4.639  25.955  83.010 0.5000000000
91330  -3.771  25.266  81.935 0.5000000000
91331  -4.318  25.721  82.403 0.5000000000
90664  -2.716  24.295  81.668 0.5000000000
90672  -2.619  23.916  80.986 0.5000000000
94052  -2.594  28.506  89.387 0.5000000000
94736  -3.325  29.444  89.156 0.5000000000
139304  -4.188  28.888  89.567 0.5000000000
94055  -2.460  28.888  88.600 0.5000000000
94735  -2.822  29.344  88.953 0.5000000000
95359  -3.927  29.421  89.295 0.5000000000
93324  -0.650  27.114  86.536 0.3750000000
139856  -1.662  28.192  86.706 0.5000000000
95365  -5.883  29.097  88.202 0.5000000000
91969  5.608  25.361  85.025 0.2500000000
91961  4.343  25.853  85.392 0.2500000000
92645  3.197  25.734  85.090 0.2500000000
92638  0.731  26.376  85.437 0.2500000000
125469  -6.173  28.587  87.336 0.5000000000
95382  -5.980  30.093  85.807 0.5000000000
91298  6.346  24.716  84.945 0.2500000000
91978  4.997  25.244  84.436 0.1250000000
91971  3.688  25.449  84.473 0.1250000000
94061  -5.823  27.979  86.221 0.5000000000
94747  -6.259  29.365  86.619 0.5000000000
92647  -5.373  26.673  84.461 0.5000000000
94754  -5.842  28.877  85.568 0.5000000000
93348  -5.381  27.217  83.734 0.5000000000
94081  -5.475  28.207  83.763 0.5000000000
138202  -5.089  26.366  82.992 0.5000000000
93354  -5.290  26.999  82.990 0.5000000000
130638  -5.458  27.806  83.254 0.5000000000
145552  -4.641  25.943  82.556 0.5000000000
92676  -5.142  26.525  82.429 0.5000000000
92001  -4.150  25.620  81.764 0.5000000000
91342  -3.476  25.124  81.312 0.5000000000
91351  -3.089  25.053  80.611 0.5000000000
94745  -1.814  29.991  86.719 0.5000000000
95374  -2.195  30.325  87.241 0.5000000000
95367  -3.151  31.110  87.894 0.5000000000
95954  -4.816  30.752  88.000 0.5000000000
126040  -0.676  27.697  84.264 0.1250000000
94066  -1.610  28.511  85.904 0.3750000000
131981  -1.909  28.989  86.730 0.5000000000
95964  -6.168  30.804  86.725 0.5000000000
93346  0.798  26.762  82.848 0.1250000000
92656  0.569  26.565  83.724 0.1250000000
93335  -0.562  27.134  84.760 0.2500000000
128036  5.584  24.511  83.561 0.1250000000
142188  2.630  25.465  82.901 0.1250000000
120454  2.156  25.718  84.346 0.2500000000
145191  -6.045  29.417  85.900 0.5000000000
124504  -5.514  29.348  83.806 0.5000000000
94767  -5.531  30.332  83.581 0.5000000000
139797  -5.541  29.775  83.302 0.5000000000
139903  -5.570  30.400  83.116 0.5000000000
144624  -5.460  28.004  82.196 0.5000000000
94104  -5.533  28.787  82.498 0.5000000000
94777  -5.567  29.662  82.834 0.5000000000
92002  -4.633  25.904  82.149 0.5000000000
92675  -4.929  26.212  81.954 0.5000000000
93378  -5.326  27.584  81.647 0.5000000000
94118  -5.418  28.657  81.704 0.5000000000
92012  -3.863  25.570  81.045 0.5000000000
92687  -4.541  25.960  81.436 0.5000000000
93377  -5.100  27.113  81.024 0.5000000000
94117  -5.132  28.073  80.940 0.5000000000
92703  -3.545  26.378  79.945 0.5000000000
93391  -3.896  27.316  79.874 0.5000000000
140374  -2.757  25.043  79.918 0.5000000000
92024  -2.701  25.589  79.404 0.5000000000
94758  -0.653  29.739  84.497 0.2500000000
94752  -1.481  29.594  85.978 0.2500000000
95373  -1.511  30.879  86.659 0.5000000000
95955  -2.328  31.344  87.266 0.5000000000
96527  -3.578  32.176  87.365 0.5000000000
94080  -0.370  28.054  83.586 0.1250000000
94759  -1.256  29.062  85.098 0.2500000000
96529  -5.583  31.916  86.429 0.5000000000
92674  1.545  26.598  81.943 0.1250000000
94091  0.520  27.743  82.432 0.1250000000
95970  -5.605  31.265  85.112 0.5000000000
96544  -5.621  31.736  84.657 0.5000000000
91328  6.034  23.762  82.022 0.1250000000
137572  3.447  25.022  81.977 0.1250000000
95381  -5.604  30.749  85.020 0.5000000000
95977  -5.557  31.305  84.438 0.5000000000
89939  7.764  22.732  83.925 0.1250000000
131485  6.468  23.594  81.188 0.1250000000
94753  -5.626  29.961  85.027 0.5000000000
95395  -5.519  30.900  83.814 0.3750000000
90647  8.361  22.921  82.026 0.1250000000
130388  -5.564  30.968  83.380 0.3750000000
131288  -5.623  30.351  82.519 0.5000000000
94787  -5.570  29.575  82.177 0.5000000000
93392  -4.622  27.648  80.372 0.5000000000
94797  -5.188  29.074  80.849 0.5000000000
94129  -4.717  28.616  80.239 0.5000000000
138874  -4.896  29.417  80.170 0.5000000000
93405  -3.225  27.888  79.276 0.5000000000
94143  -3.385  28.832  79.078 0.5000000000
94810  -4.269  29.298  79.550 0.5000000000
140015  -2.164  25.934  78.729 0.5000000000
92720  -2.620  26.508  79.219 0.5000000000
94142  -2.369  28.360  78.669 0.5000000000
94826  -3.573  29.781  78.920 0.5000000000
95961  -1.475  31.921  86.866 0.2500000000
96526  -2.464  32.030  87.260 0.5000000000
94751  -0.976  30.195  85.325 0.2500000000
135316  -1.185  31.503  86.629 0.2500000000
96533  -4.213  32.904  86.659 0.5000000000
95387  -0.362  30.778  84.879 0.2500000000
135397  -0.268  31.737  85.950 0.2500000000
96534  -5.338  32.644  85.994 0.5000000000
94090  0.850  28.126  81.878 0.2500000000
94765  0.135  29.796  83.311 0.1250000000
97105  -5.260  32.895  85.184 0.5000000000
96554  -5.644  31.735  84.021 0.3750000000
92684  2.629  26.128  80.529 0.1250000000
92010  4.119  24.989  80.105 0.1250000000
145618  -5.554  31.287  83.998 0.3750000000
91340  4.590  24.563  80.827 0.1250000000
91339  5.455  24.179  80.559 0.1250000000
95983  -5.579  31.408  83.636 0.3750000000
90660  8.706  23.336  81.195 0.1250000000
90671  7.136  23.470  80.865 0.1250000000
91338  6.413  23.847  80.394 0.1250000000
95988  -5.596  31.455  83.129 0.3750000000
90646  9.291  22.919  81.869 0.1250000000
95412  -5.681  30.970  82.070 0.3750000000
139930  10.726  22.550  82.855 0.1250000000
91996  10.521  24.894  81.384 0.1250000000
94812  -5.406  30.140  80.593 0.5000000000
91305  11.874  24.553  83.047 0.1250000000
91317  11.046  24.693  81.947 0.1250000000
91968  13.094  25.802  84.828 0.1250000000
94811  -4.837  29.969  79.791 0.3750000000
94827  -4.338  30.245  79.264 0.5000000000
95442  -2.903  30.323  78.511 0.3750000000
96531  -1.802  32.695  86.742 0.3750000000
95960  -0.489  32.065  86.339 0.2500000000
96530  -0.775  32.692  86.438 0.2500000000
97099  -3.619  33.454  86.227 0.3750000000
97096  -0.373  33.292  86.144 0.2500000000
97098  -2.354  33.402  86.428 0.2500000000
97104  -4.178  33.533  85.306 0.2500000000
94795  1.778  29.046  80.153 0.1250000000
94116  1.415  28.488  80.912 0.2500000000
95987  0.457  31.302  83.619 0.2500000000
95975  0.489  32.276  85.089 0.2500000000
96541  0.709  32.905  85.409 0.2500000000
123063  -5.095  32.930  84.402 0.2500000000
93388  2.805  27.055  79.006 0.1250000000
92701  3.132  26.095  79.437 0.1250000000
91349  4.963  24.630  79.860 0.1250000000
97126  -4.930  32.838  83.531 0.2500000000
96553  -5.512  32.277  83.821 0.2500000000
92717  4.461  26.320  78.118 0.1250000000
92041  3.978  25.761  78.787 0.1250000000
91348  5.883  24.359  79.643 0.1250000000
96563  -5.365  32.275  83.103 0.3750000000
96564  -5.524  31.883  82.732 0.3750000000
92040  4.888  25.571  78.506 0.1250000000
91347  6.845  24.322  79.556 0.1250000000
96570  -5.111  32.338  82.209 0.2500000000
95994  -5.613  31.492  82.395 0.3750000000
91346  7.760  24.478  79.610 0.1250000000
141908  9.280  23.858  80.866 0.1250000000
95999  -5.734  31.547  81.480 0.3750000000
91997  9.924  25.091  80.819 0.1250000000
133619  -5.617  31.071  80.293 0.3750000000
123459  11.585  25.042  82.532 0.1250000000
95432  -5.077  30.806  79.617 0.3750000000
92653  12.761  26.362  84.308 0.1250000000
95444  -4.473  30.957  79.031 0.3750000000
142659  14.477  26.565  86.939 0.1250000000
95443  -3.772  30.662  78.777 0.3750000000
130200  1.442  33.501  83.574 0.1250000000
97113  1.315  34.176  84.228 0.1250000000
95993  1.155  31.581  82.532 0.1250000000
95981  1.181  32.826  83.997 0.2500000000
96551  1.292  33.630  84.399 0.1250000000
97102  0.197  33.641  85.701 0.2500000000
97651  -1.155  34.218  85.313 0.2500000000
139811  -2.927  33.747  85.881 0.2500000000
94127  2.185  28.456  79.437 0.1250000000
123498  1.531  29.980  80.367 0.1250000000
95402  0.741  30.987  82.850 0.2500000000
95982  0.671  32.171  84.274 0.2500000000
96552  1.000  32.909  84.803 0.2500000000
97114  -2.803  33.744  83.675 0.2500000000
139186  -2.624  33.883  84.963 0.2500000000
93402  2.641  27.973  78.775 0.1250000000
97125  -3.883  33.261  83.101 0.2500000000
97134  -4.718  32.790  82.639 0.2500000000
92020  6.357  24.833  78.890 0.1250000000
92714  7.203  26.501  78.369 0.1250000000
97142  -4.972  32.763  81.123 0.2500000000
92018  8.144  25.299  79.310 0.1250000000
92700  8.362  26.265  79.228 0.1250000000
97143  -5.417  32.606  80.566 0.3750000000
92682  9.499  26.281  80.298 0.1250000000
96006  -5.718  31.648  80.571 0.3750000000
92662  11.489  26.857  82.470 0.1250000000
93359  10.999  27.697  82.103 0.1250000000
96005  -5.466  31.679  79.733 0.3750000000
92633  13.189  27.394  85.272 0.1250000000
96015  -4.900  31.632  79.075 0.3750000000
140059  15.105  26.830  87.317 0.1250000000
96025  -3.564  32.131  78.240 0.3750000000
92631  16.459  26.372  86.228 0.1250000000
96562  1.332  32.610  82.990 0.1250000000
137613  1.571  33.356  82.830 0.1250000000
97649  0.743  34.093  85.143 0.2500000000
97656  -0.459  34.522  84.552 0.2500000000
138400  1.732  31.613  80.765 0.1250000000
96569  1.655  32.824  82.174 0.1250000000
97657  -1.633  34.258  84.233 0.2500000000
94823  2.502  29.708  78.848 0.1250000000
97124  -2.905  33.723  82.665 0.2500000000
93401  3.335  27.526  78.286 0.1250000000
92730  5.008  26.992  77.698 0.1250000000
97132  -3.002  33.931  81.770 0.2500000000
97133  -3.816  33.299  82.140 0.2500000000
92716  5.393  26.220  77.970 0.1250000000
93399  6.674  27.169  78.069 0.1250000000
97140  -3.088  34.466  81.002 0.2500000000
121454  -4.539  32.911  81.724 0.2500000000
97691  -4.621  34.283  79.697 0.2500000000
97150  -5.045  33.338  80.138 0.2500000000
131294  9.587  27.372  80.527 0.1250000000
96588  -5.530  32.396  79.950 0.2500000000
94087  11.813  28.243  83.387 0.1250000000
93360  10.332  27.559  81.329 0.1250000000
143093  12.810  28.530  85.121 0.1250000000
93322  15.332  27.648  87.180 0.1250000000
137252  16.137  26.521  85.418 0.1250000000
97131  1.628  34.057  82.957 0.1250000000
98161  1.170  35.260  83.404 0.1250000000
97666  1.042  34.902  83.894 0.1250000000
97655  0.457  34.503  84.571 0.2500000000
96004  2.452  31.962  79.456 0.1250000000
96578  1.993  33.045  81.387 0.1250000000
97668  -0.891  34.722  83.666 0.2500000000
95438  3.770  30.355  77.984 0.1250000000
97678  -2.243  34.396  82.351 0.2500000000
94153  5.971  28.440  77.854 0.1250000000
141474  -2.528  34.649  81.664 0.2500000000
93398  7.487  27.504  78.655 0.1250000000
97141  -3.824  33.556  81.144 0.2500000000
121626  7.936  28.111  79.221 0.1250000000
94112  9.194  28.310  80.444 0.1250000000
94078  11.584  29.205  83.557 0.1250000000
94100  10.525  28.547  81.880 0.1250000000
94763  11.859  29.530  84.320 0.1250000000
130788  11.109  29.659  83.080 0.1250000000
94064  13.962  28.321  86.495 0.1250000000
139970  1.648  34.655  82.840 0.1250000000
98678  0.848  35.980  82.944 0.2500000000
97667  0.098  34.914  83.866 0.2500000000
98164  -0.388  35.430  83.221 0.2500000000
97157  2.537  33.812  79.760 0.1250000000
96586  2.567  32.877  79.679 0.1250000000
121364  1.678  35.095  82.463 0.1250000000
138604  0.536  35.983  82.996 0.2500000000
97677  -1.336  34.969  82.855 0.2500000000
130235  3.389  32.942  78.522 0.1250000000
96011  3.647  31.208  78.235 0.1250000000
131242  -1.065  36.170  82.609 0.2500000000
98176  -2.155  36.399  81.971 0.2500000000
135090  4.245  30.947  77.866 0.1250000000
127320  4.635  29.379  77.663 0.1250000000
98185  -3.246  36.409  81.114 0.2500000000
94834  6.022  29.414  77.800 0.1250000000
94137  6.730  28.075  78.275 0.1250000000
98191  -4.209  36.096  79.953 0.2500000000
95420  7.796  30.135  79.829 0.1250000000
94126  7.928  28.745  79.495 0.1250000000
98192  -5.034  36.268  79.021 0.2500000000
94784  9.374  30.087  81.636 0.1250000000
94785  8.650  29.786  80.762 0.1250000000
95399  10.499  30.856  83.608 0.1250000000
94089  10.621  29.508  82.475 0.1250000000
94764  11.148  30.194  83.759 0.1250000000
98184  1.395  35.858  82.102 0.1250000000
98174  1.287  35.591  82.874 0.1250000000
97166  2.806  34.141  78.965 0.1250000000
97688  1.769  35.261  81.448 0.1250000000
132497  0.509  36.519  82.503 0.1250000000
98680  -0.548  37.061  82.381 0.2500000000
98175  -0.144  36.181  82.874 0.2500000000
96594  3.614  32.185  78.275 0.1250000000
97165  3.326  33.641  78.377 0.1250000000
96021  4.902  31.257  77.535 0.1250000000
96010  4.203  31.675  77.832 0.1250000000
95447  7.027  30.709  77.852 0.1250000000
98706  -4.809  37.223  79.724 0.2500000000
95419  8.280  30.366  80.496 0.1250000000
98716  -4.929  36.923  78.330 0.2500000000
98710  -5.085  36.988  78.813 0.2500000000
95409  9.601  30.962  82.353 0.1250000000
99249  0.688  37.252  79.776 0.1250000000
98709  1.259  36.321  80.222 0.1250000000
98189  1.888  35.303  80.416 0.1250000000
98691  1.007  36.223  82.434 0.1250000000
99221  0.047  37.143  82.239 0.2500000000
98714  1.579  36.179  79.393 0.1250000000
97700  2.545  34.923  78.818 0.1250000000
99231  -0.287  37.735  81.770 0.1250000000
99222  -0.614  37.815  81.987 0.2500000000
128710  -1.304  37.979  82.108 0.2500000000
98681  -1.574  37.297  82.192 0.2500000000
98200  2.165  35.650  78.631 0.1250000000
97699  3.106  34.416  78.190 0.1250000000
144807  -1.268  38.415  81.897 0.2500000000
99224  -2.250  38.179  82.069 0.2500000000
98694  -3.474  37.388  81.267 0.2500000000
124185  4.117  34.209  76.672 0.1250000000
96616  5.027  32.840  76.972 0.1250000000
96604  3.908  33.070  77.938 0.1250000000
99232  -3.261  38.168  81.778 0.2500000000
99245  -4.267  37.966  80.916 0.2500000000
96019  6.637  31.355  77.201 0.1250000000
99246  -5.029  38.282  80.121 0.2500000000
96028  6.703  31.907  76.522 0.1250000000
122507  7.823  31.032  78.390 0.1250000000
99845  -4.921  38.199  78.817 0.2500000000
99251  -5.047  37.627  78.791 0.2500000000
95997  8.830  31.433  81.158 0.1250000000
99855  -4.089  38.269  78.018 0.2500000000
99243  0.773  36.790  80.697 0.1250000000
98704  0.355  37.125  81.469 0.1250000000
98715  1.197  36.876  79.087 0.1250000000
99244  0.236  37.512  80.536 0.1250000000
133086  0.115  37.315  81.874 0.1250000000
98205  2.369  35.855  77.757 0.1250000000
99814  -0.481  38.253  81.397 0.2500000000
99815  -0.950  38.485  81.706 0.2500000000
99223  -2.039  38.710  82.049 0.2500000000
139646  4.724  33.517  76.608 0.1250000000
99809  -1.821  39.039  81.925 0.2500000000
99810  -2.730  39.414  82.125 0.2500000000
96625  5.994  32.948  75.685 0.1250000000
99817  -3.677  39.587  82.050 0.2500000000
96600  8.874  32.387  77.316 0.1250000000
134415  -5.213  39.389  80.078 0.2500000000
96584  8.941  31.933  79.380 0.1250000000
100521  -4.465  38.705  78.605 0.2500000000
126176  -4.897  39.211  79.396 0.2500000000
99250  0.361  38.034  79.518 0.1250000000
98721  1.779  36.382  78.410 0.1250000000
143704  1.215  37.824  78.239 0.1250000000
99831  -0.424  38.574  80.819 0.2500000000
98211  3.201  35.658  76.256 0.1250000000
100492  -2.463  39.827  82.107 0.2500000000
143930  4.329  34.313  75.865 0.1250000000
100497  -4.637  40.331  81.391 0.2500000000
96624  6.778  32.800  75.540 0.1250000000
138842  -5.077  40.111  80.181 0.2500000000
101155  -4.618  40.852  79.906 0.2500000000
96592  8.986  32.197  78.253 0.1250000000
100529  -3.711  39.104  78.160 0.2500000000
143256  -4.671  40.123  79.521 0.2500000000
137953  -4.123  40.805  79.140 0.2500000000
128272  -3.436  39.917  78.106 0.2500000000
101162  -3.496  40.709  78.328 0.2500000000
99830  -0.115  38.232  80.294 0.1250000000
99261  1.746  37.616  77.600 0.1250000000
99844  0.518  38.681  79.010 0.1250000000
100507  -0.293  39.045  80.100 0.2500000000
100494  -0.944  39.115  81.275 0.2500000000
100495  -1.479  40.082  81.669 0.2500000000
98735  3.301  36.426  75.413 0.1250000000
101126  -2.200  40.340  82.133 0.2500000000
101128  -3.714  40.831  82.130 0.2500000000
130106  -3.210  41.246  82.286 0.2500000000
98216  4.113  35.136  74.888 0.1250000000
97191  6.326  33.345  74.983 0.1250000000
101754  -4.325  41.494  81.543 0.2500000000
101753  -3.717  42.580  81.843 0.2500000000
97190  7.319  33.391  74.988 0.1250000000
97172  9.276  33.118  76.847 0.1250000000
101133  -4.540  40.935  81.339 0.2500000000
101764  -4.517  41.516  81.021 0.2500000000
102338  -4.094  42.791  81.149 0.2500000000
97710  9.422  34.700  77.357 0.1250000000
97147  9.643  33.671  80.509 0.1250000000
101771  -4.165  42.331  79.899 0.2500000000
102348  -4.022  42.891  80.305 0.2500000000
133649  9.611  35.702  81.373 0.1250000000
102358  -3.787  43.044  79.381 0.2500000000
102971  -3.736  43.488  79.922 0.2500000000
101786  -2.927  41.496  77.673 0.2500000000
102368  -3.432  42.738  78.363 0.2500000000
100513  0.068  39.528  79.512 0.1250000000
100508  -0.584  39.476  80.649 0.2500000000
101130  -0.983  39.969  81.115 0.2500000000
141517  2.580  37.998  76.347 0.1250000000
125479  2.145  38.182  77.038 0.1250000000
101141  -0.578  40.424  80.823 0.2500000000
134413  -1.109  40.851  81.608 0.2500000000
101131  -1.862  40.957  82.147 0.2500000000
101749  -2.976  41.940  82.331 0.2500000000
98215  7.782  35.841  74.661 0.1250000000
121543  5.879  34.604  74.180 0.1250000000
97725  8.353  34.951  75.044 0.1250000000
102955  -3.162  43.148  82.032 0.2500000000
133364  9.521  35.318  78.274 0.1250000000
102959  -3.527  43.276  81.529 0.2500000000
98183  9.709  36.248  81.991 0.1250000000
142058  -3.603  43.798  80.428 0.2500000000
102979  -3.556  43.714  79.008 0.2500000000
103545  -3.026  44.328  79.762 0.2500000000
102376  -3.043  43.202  77.431 0.2500000000
100519  0.802  39.748  78.545 0.2500000000
130157  0.446  39.241  78.986 0.1250000000
101140  -0.228  40.046  80.087 0.2500000000
99285  3.721  37.539  74.378 0.1250000000
98736  2.950  37.410  75.817 0.1250000000
101153  0.765  40.488  78.831 0.2500000000
145404  -1.539  41.536  82.181 0.2500000000
98225  6.308  35.298  73.980 0.1250000000
101748  -2.211  41.813  82.369 0.2500000000
130961  8.492  35.959  75.514 0.1250000000
98209  9.107  35.040  76.605 0.1250000000
102326  -1.601  43.003  82.458 0.2500000000
102954  -2.597  43.309  82.255 0.2500000000
98199  9.420  36.340  78.338 0.1250000000
132541  9.187  35.732  77.424 0.1250000000
98195  9.535  36.044  79.437 0.1250000000
101751  -0.936  41.837  81.979 0.2500000000
87834  47.794  19.231  62.211 0.3750000000
88625  47.337  20.351  61.375 0.3750000000
140594  16.507  -9.864  93.369 0.3750000000
62227  22.201  -7.676  92.255 0.8750000000
63164  22.893  -6.945  91.507 1.0000000000
65161  24.041  -4.595  90.721 1.0000000000
64174  22.883  -5.131  90.647 1.0000000000
64186  21.998  -5.619  90.651 1.0000000000
65173  22.328  -4.226  90.813 1.0000000000
64195  21.705  -5.766  90.675 1.0000000000
66139  23.180  -3.367  90.825 1.0000000000
66148  22.548  -3.326  90.882 1.0000000000
66158  21.724  -3.751  91.009 1.0000000000
66167  21.636  -4.106  90.668 1.0000000000
64215  21.201  -5.184  89.934 1.0000000000
63117  10.335  -5.492  97.316 0.8750000000
62180  11.140  -5.832  96.953 0.7500000000
60380  11.225  -6.556  95.820 0.5000000000
69074  8.693  -0.887  87.680 1.0000000000
66146  24.478  -3.418  90.819 0.8750000000
67104  22.716  -2.885  90.858 1.0000000000
66177  20.762  -3.145  89.788 1.0000000000
67129  20.966  -1.691  90.297 1.0000000000
66186  20.499  -3.691  89.134 1.0000000000
66178  20.423  -2.811  89.266 1.0000000000
66199  19.664  -3.179  87.814 1.0000000000
67159  19.255  -2.314  87.477 1.0000000000
138492  9.502  -0.034  89.682 1.0000000000
63185  20.321  -6.614  91.127 1.0000000000
135577  22.299  -1.817  91.107 1.0000000000
68080  21.785  -1.142  91.103 1.0000000000
68090  20.851  -0.881  90.134 1.0000000000
69110  6.387  -0.989  85.733 1.0000000000
134745  20.521  -1.473  89.597 1.0000000000
67147  19.757  -2.053  88.126 1.0000000000
64126  11.643  -5.098  97.073 0.7500000000
143268  -2.951  2.661  87.625 1.0000000000
129378  0.096  2.738  84.852 0.8750000000
70062  13.006  -0.038  89.287 1.0000000000
70041  11.406  0.486  90.228 1.0000000000
70127  1.590  0.797  83.929 1.0000000000
71055  10.646  1.435  88.198 1.0000000000
70064  9.595  0.978  88.624 1.0000000000
140196  21.558  -0.536  90.995 1.0000000000
71085  11.310  0.820  87.004 1.0000000000
70079  8.956  0.910  87.500 1.0000000000
69070  20.016  -0.555  88.077 1.0000000000
69080  19.260  -0.627  87.271 1.0000000000
68112  18.710  -1.228  86.753 1.0000000000
69120  17.899  -0.745  84.648 1.0000000000
68181  17.376  -1.387  83.348 0.8750000000
72023  -6.724  2.550  95.515 1.0000000000
66097  12.795  -4.428  96.530 0.8750000000
68997  -5.804  -0.308  95.290 1.0000000000
121423  11.150  0.100  90.699 1.0000000000
69042  22.301  -0.126  91.231 1.0000000000
70038  21.232  0.235  90.443 1.0000000000
70050  20.588  0.128  89.195 1.0000000000
70075  19.812  0.105  87.624 1.0000000000
70105  18.503  0.018  85.738 1.0000000000
71067  19.789  0.726  87.333 1.0000000000
70122  18.303  -0.010  85.010 1.0000000000
70998  -7.179  1.897  95.440 1.0000000000
129811  -8.099  0.737  94.561 0.8750000000
139753  -7.936  0.166  94.337 0.8750000000
69001  10.902  -1.859  94.494 1.0000000000
68019  11.793  -2.810  95.282 1.0000000000
67086  -6.417  -1.359  93.712 0.8750000000
69010  12.048  -1.408  93.687 1.0000000000
67119  13.933  -1.951  91.824 1.0000000000
71028  22.136  0.956  90.757 1.0000000000
71038  21.086  0.999  89.354 1.0000000000
70025  23.900  0.782  90.984 1.0000000000
71052  20.738  1.063  88.507 1.0000000000
139740  19.924  1.197  87.072 1.0000000000
71100  19.408  0.988  86.000 1.0000000000
70141  18.494  0.163  84.160 1.0000000000
71116  19.466  1.113  85.333 1.0000000000
70155  18.264  0.060  82.426 1.0000000000
68170  16.918  -2.039  82.958 0.8750000000
63289  -6.862  -5.609  80.917 0.6250000000
62354  -7.435  -7.033  77.880 0.3750000000
72974  -7.408  3.906  95.398 1.0000000000
66105  14.213  -4.311  96.170 0.8750000000
140020  13.965  -3.996  95.922 1.0000000000
74943  -3.326  5.106  87.752 0.8750000000
124899  12.376  -2.848  94.934 1.0000000000
68032  13.684  -2.529  94.489 1.0000000000
68047  13.332  -1.950  93.977 1.0000000000
66141  15.061  -3.250  93.588 1.0000000000
131327  14.391  -2.666  93.904 1.0000000000
68056  13.571  -1.889  93.436 1.0000000000
68055  14.010  -2.319  93.450 1.0000000000
66151  14.804  -3.107  92.872 1.0000000000
135653  -7.659  -5.923  90.620 0.8750000000
72053  22.293  1.635  90.216 1.0000000000
72074  21.011  1.562  88.070 1.0000000000
72062  22.090  1.951  89.397 1.0000000000
72087  20.577  1.654  87.111 1.0000000000
71099  19.983  1.547  85.785 1.0000000000
71130  19.532  1.087  83.455 1.0000000000
65271  17.205  -4.399  84.455 1.0000000000
70192  17.832  0.054  80.848 0.8750000000
70171  18.370  0.340  81.475 0.8750000000
70210  18.539  0.901  79.824 0.8750000000
70211  17.906  0.347  79.826 0.8750000000
64301  -7.418  -4.428  82.654 0.8750000000
74891  -5.785  5.592  94.640 0.8750000000
122357  -7.960  3.719  95.102 1.0000000000
72052  23.523  2.621  90.239 1.0000000000
72061  22.875  2.507  89.851 1.0000000000
72050  24.829  2.443  90.240 0.8750000000
72072  22.502  2.607  89.060 1.0000000000
72098  21.193  2.452  85.912 1.0000000000
72127  20.811  2.266  84.791 1.0000000000
139673  20.390  1.836  84.394 1.0000000000
67234  15.985  -3.338  81.700 0.8750000000
140955  20.069  1.847  81.297 1.0000000000
71161  19.532  1.836  80.049 1.0000000000
72186  19.003  2.423  77.260 0.8750000000
138523  -4.209  5.830  91.667 0.8750000000
74912  -4.158  5.594  90.934 1.0000000000
74897  -8.306  5.676  94.056 0.8750000000
137700  -8.538  4.331  93.736 0.8750000000
73938  -8.587  4.376  92.790 0.8750000000
135253  -8.807  2.514  92.661 1.0000000000
72048  -8.829  2.376  91.967 1.0000000000
64164  17.151  -5.567  95.206 0.8750000000
65146  16.855  -5.005  95.031 1.0000000000
64209  15.994  -5.501  90.256 1.0000000000
72990  24.686  3.087  89.890 1.0000000000
73029  22.706  3.143  87.610 1.0000000000
72049  25.386  2.189  89.942 0.8750000000
72112  21.306  2.619  85.212 1.0000000000
63243  18.252  -6.149  87.007 1.0000000000
72059  25.663  2.530  89.297 0.8750000000
72126  21.455  2.736  84.462 1.0000000000
124268  26.055  1.658  88.216 0.7500000000
72084  26.336  2.444  88.152 0.7500000000
66291  15.545  -3.372  80.973 0.8750000000
125619  19.952  2.439  79.944 1.0000000000
72173  19.679  2.906  78.599 1.0000000000
66296  -8.029  -3.601  80.828 1.0000000000
71232  16.897  1.310  74.280 0.7500000000
73947  -8.533  4.971  89.781 0.8750000000
73010  -8.204  3.660  89.720 0.8750000000
69077  -7.858  -0.695  88.688 0.8750000000
66271  11.354  -3.393  82.440 1.0000000000
66270  12.111  -4.158  82.539 1.0000000000
64232  14.607  -5.742  88.422 1.0000000000
65243  13.343  -4.865  86.608 1.0000000000
65255  12.945  -4.477  85.438 1.0000000000
67236  10.207  -2.408  82.261 1.0000000000
69178  8.792  -1.273  81.092 1.0000000000
69179  8.174  -0.733  80.641 1.0000000000
133355  7.586  0.084  80.527 1.0000000000
73014  24.486  3.904  89.150 1.0000000000
73973  23.367  3.693  87.592 1.0000000000
63205  18.479  -6.706  89.199 1.0000000000
73949  25.086  4.095  89.195 1.0000000000
73042  22.297  3.270  86.094 1.0000000000
73987  22.841  3.513  86.806 1.0000000000
73051  22.377  3.545  85.288 1.0000000000
64254  17.563  -5.865  85.953 1.0000000000
123851  21.892  3.395  83.183 1.0000000000
72135  21.587  2.880  83.715 1.0000000000
65294  16.270  -4.365  82.855 0.8750000000
73086  21.143  3.103  81.701 1.0000000000
123378  20.863  3.207  80.873 1.0000000000
70089  25.973  1.375  87.448 0.7500000000
68231  14.943  -2.458  78.066 0.8750000000
73114  19.191  3.136  77.151 0.7500000000
68259  15.385  -1.533  76.899 0.8750000000
127938  -3.662  7.759  89.971 0.8750000000
77763  -6.755  7.941  94.228 0.8750000000
75989  -3.630  6.521  88.799 0.8750000000
77769  -7.055  8.356  93.918 0.8750000000
76013  -0.349  6.395  86.420 0.8750000000
141713  7.066  1.342  81.027 0.8750000000
72153  6.549  2.890  81.534 0.8750000000
72160  6.835  2.734  80.636 0.8750000000
74036  6.205  4.362  81.189 0.8750000000
74023  5.971  4.254  81.935 0.8750000000
74028  5.808  4.879  81.730 0.8750000000
71153  7.112  1.399  81.798 0.8750000000
121360  6.245  3.066  82.334 0.8750000000
67248  10.199  -2.521  81.424 1.0000000000
63194  18.306  -6.634  90.748 1.0000000000
67257  10.195  -2.527  80.573 1.0000000000
63218  17.060  -6.633  88.360 1.0000000000
73959  25.073  4.428  88.755 1.0000000000
127918  24.971  4.673  88.112 1.0000000000
73986  23.671  4.195  86.952 1.0000000000
73960  24.203  4.166  88.282 1.0000000000
129135  23.550  4.361  85.862 1.0000000000
73071  22.312  3.782  83.563 1.0000000000
136156  16.893  -6.288  86.200 1.0000000000
64270  15.054  -5.980  84.891 1.0000000000
73958  25.615  4.470  88.677 1.0000000000
73996  23.425  4.522  85.014 1.0000000000
73012  26.093  3.947  88.641 0.8750000000
72070  26.506  3.179  88.106 0.8750000000
74022  22.213  4.094  82.614 0.8750000000
74033  21.208  4.370  80.229 0.8750000000
66280  15.584  -4.127  81.578 0.8750000000
66307  14.524  -3.644  79.535 0.8750000000
145562  14.330  -3.444  79.028 0.8750000000
67285  14.278  -2.622  77.356 0.8750000000
70102  25.972  1.370  85.974 0.7500000000
130319  26.587  1.813  85.646 0.7500000000
74061  19.849  4.454  77.477 0.8750000000
69294  15.169  -0.473  74.664 0.7500000000
74111  18.289  5.001  74.566 0.6250000000
77753  -5.333  8.523  94.192 0.8750000000
76937  -3.579  7.702  89.159 0.8750000000
77752  -4.702  8.830  94.148 0.8750000000
76961  -2.553  7.692  87.109 0.8750000000
78695  -6.463  9.008  93.971 0.8750000000
79630  -5.550  9.594  94.105 0.8750000000
76973  -1.330  7.559  86.473 0.8750000000
78701  -3.419  9.543  93.743 0.8750000000
73966  -8.002  4.637  88.504 0.8750000000
122455  4.124  8.936  83.916 0.7500000000
77865  3.072  8.496  86.134 0.7500000000
77006  3.450  7.668  83.580 0.7500000000
125399  4.491  8.460  82.758 0.7500000000
73981  -7.862  4.991  87.938 0.8750000000
77036  4.929  7.613  81.829 0.7500000000
77035  5.435  7.338  81.218 0.7500000000
76048  2.992  6.542  84.444 0.8750000000
74961  -8.039  5.969  86.553 0.8750000000
76082  5.191  6.169  81.894 0.7500000000
73046  -5.604  3.953  86.483 0.8750000000
75016  5.645  5.673  81.484 0.7500000000
75028  5.936  6.003  80.761 0.7500000000
128883  6.583  4.159  80.334 0.8750000000
138243  6.364  4.798  80.544 0.8750000000
74016  5.145  4.341  83.479 0.8750000000
72165  6.956  2.597  79.742 0.8750000000
134727  14.738  -6.256  86.839 1.0000000000
64272  13.560  -5.157  85.250 1.0000000000
68220  9.331  -1.805  79.861 1.0000000000
68208  8.780  -1.389  80.268 1.0000000000
128785  8.273  -1.033  79.876 1.0000000000
134316  11.273  -3.506  80.811 1.0000000000
66282  11.835  -4.164  81.687 1.0000000000
67269  9.806  -2.191  79.483 1.0000000000
127531  10.126  -2.515  79.905 1.0000000000
68233  8.675  -1.318  78.603 1.0000000000
63219  16.076  -6.589  88.191 1.0000000000
64255  16.123  -6.397  86.154 1.0000000000
64297  15.218  -5.414  83.194 1.0000000000
64310  14.313  -5.478  83.106 1.0000000000
74950  26.026  5.662  87.040 1.0000000000
141770  26.101  4.335  88.533 0.8750000000
126191  22.673  4.449  83.036 0.8750000000
65304  14.684  -4.876  81.608 0.8750000000
65314  14.316  -4.584  80.664 1.0000000000
65315  13.385  -4.669  80.402 1.0000000000
66308  13.017  -4.105  78.916 1.0000000000
73971  26.866  4.973  87.867 0.8750000000
74021  22.530  4.749  82.277 0.8750000000
142581  12.889  -3.431  77.520 0.8750000000
73970  27.165  4.547  87.720 1.0000000000
72082  27.540  3.488  87.056 0.8750000000
75011  22.348  5.348  80.987 0.8750000000
75054  20.917  5.136  78.412 0.8750000000
68262  12.986  -2.202  75.761 0.8750000000
71098  26.964  2.214  85.799 0.7500000000
70271  14.403  -0.379  74.110 0.7500000000
71255  14.974  1.950  72.653 0.7500000000
75136  18.505  6.036  73.788 0.5000000000
75119  19.411  5.845  74.806 0.5000000000
74125  17.252  4.218  73.017 0.6250000000
77789  -3.605  8.590  91.620 0.8750000000
78685  -4.491  9.494  94.258 0.8750000000
79629  -5.106  9.899  94.255 0.8750000000
78694  -5.943  9.565  93.951 0.8750000000
130389  -6.607  10.265  92.800 0.8750000000
76014  -1.010  6.956  86.225 0.7500000000
79660  -7.348  9.805  91.559 0.8750000000
77852  3.442  8.574  86.854 0.6250000000
75999  -0.031  6.861  86.927 0.8750000000
136941  0.142  6.325  87.648 0.8750000000
78741  -8.361  8.742  89.972 0.8750000000
78781  4.511  9.261  85.423 0.6250000000
78797  4.877  9.306  83.735 0.6250000000
74932  0.145  5.567  88.372 0.8750000000
78795  6.306  9.715  83.041 0.6250000000
75997  2.548  6.787  88.051 1.0000000000
129878  -8.143  9.176  89.267 0.8750000000
139291  5.701  9.307  82.688 0.6250000000
74930  2.738  5.608  89.526 1.0000000000
77842  -9.117  8.121  87.910 0.8750000000
77893  5.001  9.022  82.805 0.7500000000
143961  2.539  6.017  87.268 1.0000000000
77909  5.477  8.172  81.431 0.7500000000
77048  6.477  7.736  80.416 0.6250000000
74982  3.265  5.771  84.654 0.8750000000
76115  6.355  6.257  79.995 0.6250000000
131686  3.368  5.349  85.223 0.8750000000
135596  4.331  4.362  84.945 0.8750000000
74981  3.870  5.045  84.488 0.8750000000
129369  6.644  4.800  79.838 0.7500000000
75043  6.714  5.569  79.479 0.6250000000
124937  5.214  3.864  84.081 0.8750000000
73105  7.267  3.479  78.341 0.8750000000
127945  7.136  3.960  78.819 0.7500000000
74045  6.906  4.061  79.503 0.8750000000
71186  6.989  1.637  78.870 0.8750000000
71174  7.061  1.252  79.594 0.8750000000
72175  7.159  2.831  78.447 0.8750000000
139400  7.321  0.607  78.238 0.8750000000
64299  14.119  -5.399  83.789 1.0000000000
69198  7.490  -0.078  78.785 0.8750000000
70213  7.111  0.822  78.875 0.8750000000
70249  8.542  0.358  76.767 0.8750000000
64256  15.324  -6.351  86.235 1.0000000000
64285  14.566  -5.589  84.342 1.0000000000
65306  12.586  -4.682  81.135 1.0000000000
129431  13.031  -4.958  81.865 1.0000000000
66294  11.237  -3.549  80.250 1.0000000000
66295  10.613  -3.014  80.027 1.0000000000
68232  9.298  -1.794  79.044 1.0000000000
68247  8.774  -1.092  77.720 0.8750000000
65316  12.523  -4.386  80.164 1.0000000000
66310  11.133  -3.605  79.366 1.0000000000
66319  11.141  -3.426  78.398 1.0000000000
67288  10.415  -2.793  78.102 1.0000000000
67276  9.825  -2.276  78.617 1.0000000000
122748  9.273  -1.746  78.169 1.0000000000
68246  9.424  -1.556  77.338 0.8750000000
68265  9.673  -1.295  76.514 0.8750000000
69259  8.841  -0.147  76.629 0.8750000000
69258  9.391  -0.426  76.118 0.8750000000
143027  24.660  5.375  85.140 1.0000000000
66309  12.023  -4.001  78.782 0.8750000000
67305  10.771  -2.369  76.707 0.8750000000
67287  11.215  -2.985  77.396 1.0000000000
68264  10.372  -1.726  76.190 0.8750000000
75992  27.392  5.956  87.044 1.0000000000
74979  24.059  5.156  84.592 0.8750000000
66327  12.031  -3.598  77.830 0.8750000000
67304  11.671  -2.590  76.529 0.8750000000
68284  10.732  -1.353  75.442 0.8750000000
69277  11.143  -0.899  74.771 0.8750000000
125592  27.386  5.350  87.380 1.0000000000
67303  12.642  -2.618  76.381 0.8750000000
69276  12.027  -1.087  74.678 0.8750000000
68282  12.499  -1.681  75.236 0.8750000000
75021  22.543  5.651  80.197 0.8750000000
75053  21.580  5.363  79.021 0.8750000000
126234  13.124  -0.566  74.151 0.7500000000
69297  12.443  -0.560  74.207 0.8750000000
121344  23.345  5.924  80.226 0.8750000000
70272  13.589  -0.184  73.838 0.7500000000
75072  21.599  5.416  77.967 0.8750000000
70282  14.253  0.396  73.540 0.7500000000
75085  21.977  5.298  76.470 0.8750000000
123790  21.765  5.178  75.736 0.8750000000
140684  20.345  5.623  74.042 0.5000000000
75134  19.992  5.816  73.453 0.5000000000
76183  18.522  6.152  72.934 0.5000000000
79649  -2.715  10.646  92.570 0.8750000000
134912  -3.504  10.405  94.132 0.8750000000
80529  -4.291  10.618  94.460 0.8750000000
79641  -2.908  10.587  93.587 0.8750000000
79670  -7.261  9.998  90.684 0.8750000000
78779  6.183  9.423  85.520 0.6250000000
78771  5.854  9.066  86.261 0.6250000000
73020  0.315  3.806  88.590 1.0000000000
78758  -8.277  9.195  88.355 0.8750000000
77921  9.467  8.660  80.612 0.6250000000
77920  10.258  8.394  81.124 0.3750000000
77908  6.643  8.791  81.128 0.6250000000
76975  -8.363  7.625  86.286 0.8750000000
77047  7.310  7.805  79.960 0.5000000000
77934  7.996  8.429  80.174 0.5000000000
77060  6.703  7.085  79.872 0.6250000000
73989  3.507  4.406  87.043 1.0000000000
76147  7.837  6.489  78.768 0.6250000000
75061  7.307  5.689  78.766 0.6250000000
121342  7.653  4.962  78.300 0.6250000000
74056  7.393  4.196  78.341 0.7500000000
135060  7.953  4.281  77.887 0.6250000000
72189  7.536  2.849  77.765 0.7500000000
73119  8.145  3.558  77.562 0.7500000000
72202  8.640  2.060  76.806 0.7500000000
71209  9.215  1.499  76.241 0.7500000000
70248  9.095  0.528  76.230 0.8750000000
71224  9.671  1.002  75.641 0.6250000000
74937  27.602  5.853  87.025 1.0000000000
71223  10.271  1.375  75.084 0.6250000000
71233  11.279  1.395  73.864 0.5000000000
69298  11.638  -0.384  74.253 0.8750000000
70274  11.497  0.467  73.901 0.7500000000
73025  28.471  4.438  86.757 1.0000000000
70283  13.196  0.525  73.451 0.7500000000
69299  -6.845  -0.017  74.029 0.6250000000
74947  29.214  5.330  86.208 1.0000000000
76003  28.740  6.141  86.070 1.0000000000
72096  28.626  3.502  85.946 0.8750000000
73039  29.623  4.247  85.676 1.0000000000
72095  29.409  3.683  85.468 1.0000000000
74946  29.720  5.378  85.722 1.0000000000
72111  29.084  3.117  85.153 0.8750000000
71096  28.583  2.632  84.774 0.7500000000
72232  13.207  1.911  72.885 0.7500000000
72248  13.389  2.623  72.647 0.7500000000
71095  29.414  2.732  84.295 0.7500000000
71113  29.717  2.597  83.493 0.7500000000
73050  30.104  3.827  84.926 1.0000000000
72125  30.200  2.955  83.847 0.8750000000
70135  28.293  2.367  83.375 0.5000000000
75104  21.977  4.843  74.926 0.7500000000
73176  14.681  3.524  72.383 0.6250000000
122170  28.579  2.443  82.794 0.3750000000
71128  29.406  2.530  83.168 0.6250000000
71127  30.004  2.596  82.906 0.6250000000
137505  29.265  2.372  81.733 0.5000000000
132213  28.042  2.039  81.331 0.3750000000
75117  21.143  5.219  74.269 0.5000000000
77127  17.262  7.240  71.070 0.5000000000
76221  15.998  6.649  71.496 0.5000000000
75181  15.613  5.848  71.715 0.5000000000
138805  27.761  1.899  80.669 0.3750000000
75156  20.385  5.635  72.626 0.5000000000
76217  19.213  6.415  71.423 0.5000000000
76198  18.457  6.374  72.014 0.5000000000
79667  -2.789  10.808  90.268 0.8750000000
121485  -0.114  7.357  88.701 0.8750000000
80558  -2.271  11.396  91.974 0.8750000000
80559  -6.131  11.421  91.175 0.8750000000
79681  -6.733  10.610  89.534 0.8750000000
79712  -7.432  9.872  87.912 0.8750000000
78766  -8.006  9.327  87.284 0.8750000000
76081  12.070  6.052  82.236 0.1250000000
78782  -7.801  8.836  85.927 0.8750000000
77856  -8.337  8.274  86.550 0.8750000000
125094  11.604  6.028  81.387 0.3750000000
76982  -7.579  7.741  85.081 0.8750000000
77867  -7.891  8.267  85.701 0.8750000000
75024  13.416  4.522  80.822 0.2500000000
77044  11.246  6.647  81.077 0.3750000000
77046  9.986  8.131  80.318 0.3750000000
77057  10.363  7.428  79.941 0.3750000000
145336  9.695  7.854  79.752 0.3750000000
140660  9.819  7.331  79.462 0.5000000000
76135  7.550  7.172  79.343 0.6250000000
76132  10.374  6.622  79.424 0.3750000000
75060  8.196  5.713  78.353 0.6250000000
75059  9.219  5.502  78.256 0.6250000000
74054  9.507  4.678  77.869 0.6250000000
73117  9.693  3.253  77.073 0.6250000000
72200  10.135  2.613  75.924 0.6250000000
76041  26.268  6.211  84.922 0.8750000000
72224  11.226  2.288  73.931 0.5000000000
76057  27.856  6.592  84.226 0.8750000000
140970  -6.684  1.404  74.223 0.6250000000
76039  28.467  6.510  85.166 0.8750000000
76076  26.588  6.420  83.220 0.8750000000
130613  25.318  6.264  82.310 0.8750000000
76018  30.059  5.673  85.201 1.0000000000
76985  30.031  6.372  83.940 1.0000000000
76002  29.336  5.813  85.959 1.0000000000
137494  29.013  6.352  85.435 1.0000000000
128587  28.436  6.610  83.637 0.8750000000
76075  27.962  6.528  83.058 0.8750000000
123747  27.091  6.213  81.921 0.8750000000
76090  26.278  6.278  82.320 0.8750000000
76091  25.495  6.144  81.561 0.8750000000
76092  24.584  6.184  81.565 0.8750000000
130428  32.220  4.717  82.906 1.0000000000
73048  31.370  4.133  83.637 1.0000000000
74976  31.981  5.082  83.157 1.0000000000
73038  30.221  4.405  85.097 1.0000000000
73049  30.738  3.959  84.347 1.0000000000
76107  26.946  5.885  80.949 0.8750000000
76108  25.882  5.924  80.834 0.8750000000
76126  25.480  5.755  80.051 0.8750000000
128050  23.587  5.683  79.478 0.8750000000
120565  24.367  5.603  79.361 0.8750000000
72124  30.847  3.271  83.293 0.8750000000
75049  25.654  5.303  78.584 0.8750000000
75036  25.167  5.542  79.308 0.8750000000
75051  23.927  5.427  78.644 0.8750000000
75083  24.007  4.931  77.025 0.8750000000
73062  32.724  4.279  82.312 1.0000000000
75048  26.532  5.290  78.605 0.8750000000
120729  25.824  4.826  77.172 0.8750000000
142372  17.910  7.146  71.005 0.5000000000
78933  16.390  9.471  70.556 0.3750000000
78029  15.789  8.854  70.707 0.3750000000
74075  24.674  4.671  76.273 0.8750000000
74074  25.685  4.719  76.364 0.7500000000
74107  23.413  4.546  74.405 0.7500000000
145648  22.421  4.607  73.587 0.6250000000
70203  29.412  1.892  79.484 0.2500000000
143390  24.636  4.671  74.011 0.6250000000
125109  24.008  4.566  73.849 0.6250000000
75155  21.191  5.294  72.449 0.6250000000
76236  19.233  6.904  70.712 0.5000000000
76235  20.114  6.329  70.791 0.5000000000
78755  -1.621  9.959  87.734 0.7500000000
129963  -0.241  8.871  87.733 0.7500000000
80546  -5.321  11.573  93.657 0.8750000000
81411  -5.393  12.354  92.339 0.8750000000
132239  -5.039  12.423  93.415 0.8750000000
80551  -1.837  12.058  92.564 0.8750000000
82294  -3.290  13.455  94.383 0.8750000000
80568  -5.902  11.669  90.417 0.8750000000
79711  -6.620  10.524  87.424 0.8750000000
71046  0.989  1.652  90.595 1.0000000000
72065  0.442  2.241  90.055 1.0000000000
142403  -7.545  9.040  84.966 0.8750000000
78789  -7.225  9.686  84.202 0.8750000000
76094  14.698  5.572  81.460 0.1250000000
76112  13.906  4.945  80.318 0.1250000000
77904  14.889  7.496  81.281 0.1250000000
77032  14.896  6.527  81.537 0.1250000000
77031  15.228  7.076  81.972 0.1250000000
74034  12.725  4.580  80.346 0.1250000000
75041  11.615  5.109  80.048 0.5000000000
71043  4.168  1.799  90.266 1.0000000000
76130  13.861  5.602  79.810 0.1250000000
144778  13.652  5.045  79.850 0.1250000000
75057  10.657  5.067  78.837 0.5000000000
77056  13.759  6.742  79.390 0.1250000000
75040  12.976  4.594  79.259 0.1250000000
74043  11.869  4.505  79.392 0.3750000000
74044  11.281  4.496  78.960 0.5000000000
75058  10.103  5.006  78.288 0.6250000000
75056  12.764  4.836  78.569 0.1250000000
74053  10.893  4.348  78.433 0.5000000000
74064  10.910  3.916  77.791 0.5000000000
74063  11.518  3.966  77.805 0.5000000000
72139  -3.442  2.527  83.626 0.8750000000
132422  11.357  3.917  77.248 0.5000000000
73115  11.093  3.714  77.391 0.5000000000
73131  11.046  3.602  76.794 0.7500000000
75089  11.826  4.959  76.647 0.5000000000
74098  11.453  4.271  75.276 0.6250000000
73146  10.679  3.027  75.503 0.6250000000
74113  11.528  3.845  74.330 0.5000000000
132911  12.445  4.086  72.898 0.5000000000
74126  12.151  4.909  73.483 0.5000000000
72239  -6.413  2.577  73.850 0.6250000000
142722  -6.574  2.054  74.076 0.6250000000
71226  -6.791  1.226  74.627 0.6250000000
70262  -6.683  0.644  74.759 0.7500000000
70251  -6.162  0.763  75.373 0.7500000000
76996  30.652  6.349  83.116 1.0000000000
77014  30.717  6.414  82.472 1.0000000000
76997  30.063  6.491  83.226 1.0000000000
76999  29.218  6.567  83.208 0.8750000000
76074  28.659  6.496  82.840 0.8750000000
76202  12.888  6.265  72.631 0.3750000000
74148  12.785  4.830  72.718 0.3750000000
77017  29.464  6.420  82.462 0.8750000000
76124  27.886  5.829  80.460 0.8750000000
76053  33.167  5.444  82.355 1.0000000000
76122  29.624  6.165  79.728 0.8750000000
79864  17.893  9.829  70.420 0.3750000000
80760  17.616  11.453  71.193 0.2500000000
81642  18.140  12.093  71.880 0.2500000000
79845  15.422  10.507  71.125 0.3750000000
80761  16.618  11.676  71.318 0.3750000000
73070  32.855  4.032  82.091 0.8750000000
132245  28.725  5.605  78.358 0.8750000000
123137  28.059  5.404  78.072 0.8750000000
75066  27.124  5.206  77.736 0.8750000000
144262  26.206  4.801  76.694 0.8750000000
71137  32.472  3.268  81.496 0.6250000000
71150  31.265  2.702  81.385 0.5000000000
74105  26.042  4.806  75.590 0.6250000000
125986  19.947  7.064  70.375 0.6250000000
78025  19.478  8.451  70.257 0.5000000000
78930  19.270  9.265  70.382 0.5000000000
75101  27.507  5.269  75.517 0.7500000000
74121  25.253  4.787  73.654 0.5000000000
126426  24.566  4.646  73.334 0.5000000000
75177  22.458  5.343  71.260 0.3750000000
76234  21.644  6.564  70.404 0.5000000000
132217  20.791  6.774  70.363 0.5000000000
75196  20.771  5.767  71.116 0.6250000000
78763  -0.638  9.426  87.515 0.7500000000
79696  -0.089  10.523  88.040 0.7500000000
79697  -1.320  10.709  88.035 0.7500000000
79678  -1.817  11.135  88.776 0.7500000000
76936  -0.075  7.535  89.649 0.7500000000
82302  -4.883  13.327  92.634 0.8750000000
75980  -0.207  6.841  89.527 0.8750000000
80576  -1.451  11.878  89.364 0.7500000000
81442  -0.975  12.590  89.749 0.7500000000
136094  -5.686  11.912  89.752 0.8750000000
81434  -5.463  12.470  90.292 0.8750000000
125015  0.243  2.785  91.412 1.0000000000
81444  -5.602  12.085  88.969 0.8750000000
79726  -7.080  10.376  84.531 0.8750000000
75001  13.839  4.724  82.489 0.1250000000
121812  9.368  9.404  84.829 0.3750000000
122927  8.116  9.302  85.813 0.3750000000
81511  18.443  12.371  81.716 0.1250000000
80641  18.701  11.667  82.604 0.1250000000
77903  15.422  8.146  81.693 0.1250000000
77902  16.100  8.718  82.043 0.1250000000
77008  -6.121  7.670  83.623 0.8750000000
83276  20.603  14.486  83.026 0.1250000000
83287  19.564  14.353  81.549 0.1250000000
79740  17.274  10.908  81.134 0.1250000000
78826  15.599  9.446  80.554 0.1250000000
77919  14.644  7.917  80.464 0.1250000000
78808  -6.253  10.361  82.990 0.8750000000
142719  21.359  16.347  80.452 0.1250000000
84219  19.852  15.433  80.173 0.1250000000
84203  19.970  15.259  81.101 0.1250000000
81518  17.589  12.439  80.471 0.1250000000
82400  17.753  13.109  80.331 0.1250000000
79749  17.075  11.259  80.532 0.1250000000
78825  16.308  9.871  80.936 0.1250000000
79741  16.913  10.289  81.344 0.1250000000
77931  14.488  8.354  79.615 0.1250000000
77932  13.995  7.828  79.152 0.1250000000
77007  -5.115  7.283  83.405 0.8750000000
85113  21.341  16.240  79.950 0.1250000000
82392  19.267  13.492  81.889 0.1250000000
82398  18.898  13.875  81.141 0.1250000000
79759  15.731  10.547  79.420 0.1250000000
78835  14.825  9.261  79.285 0.1250000000
84218  20.569  15.823  79.664 0.1250000000
80663  15.977  11.328  79.042 0.2500000000
125316  23.604  15.519  79.805 0.1250000000
78842  14.086  9.045  78.002 0.2500000000
142671  15.067  10.155  78.486 0.1250000000
76153  12.891  6.451  77.946 0.2500000000
84231  21.941  15.710  79.164 0.1250000000
137903  20.528  15.305  78.372 0.1250000000
84245  19.849  15.350  78.515 0.1250000000
78850  13.809  9.304  77.233 0.2500000000
77078  12.419  7.780  76.401 0.2500000000
82416  24.064  12.867  78.592 0.1250000000
83320  22.958  14.264  78.708 0.1250000000
123807  11.896  5.720  75.762 0.3750000000
81537  25.316  12.244  78.967 0.1250000000
82417  23.071  13.447  78.310 0.1250000000
83335  21.504  14.092  77.595 0.1250000000
82418  22.285  13.648  77.821 0.1250000000
82432  21.162  13.762  76.959 0.1250000000
81551  22.438  12.786  77.121 0.1250000000
82443  21.758  13.052  76.654 0.1250000000
83351  20.295  14.174  76.656 0.1250000000
82458  19.610  13.575  75.306 0.2500000000
120971  11.873  5.896  74.680 0.5000000000
81562  22.434  12.284  76.603 0.1250000000
82445  19.943  13.817  76.002 0.1250000000
82457  20.522  13.177  75.529 0.1250000000
82459  18.619  13.870  75.196 0.2500000000
74114  -6.718  4.541  74.921 0.6250000000
81573  21.623  12.066  75.251 0.2500000000
81587  19.399  12.987  74.035 0.2500000000
77102  12.395  7.238  73.545 0.3750000000
127794  20.191  12.532  74.141 0.2500000000
81607  18.605  13.136  73.676 0.2500000000
71213  -5.374  1.813  76.176 0.8750000000
123683  30.936  6.465  81.822 1.0000000000
79818  21.997  10.669  73.593 0.2500000000
80741  20.643  11.425  72.824 0.2500000000
81629  18.607  12.417  72.635 0.2500000000
80743  19.018  11.921  72.131 0.2500000000
81608  17.339  13.011  73.108 0.2500000000
80762  15.361  12.109  72.013 0.3750000000
81644  16.249  12.302  71.859 0.3750000000
79833  14.064  10.493  72.305 0.3750000000
80744  15.122  12.162  72.929 0.3750000000
77013  32.271  6.644  81.634 1.0000000000
80742  19.852  11.619  72.366 0.2500000000
81643  17.188  12.248  71.780 0.2500000000
79840  20.153  10.555  71.323 0.5000000000
78916  20.583  9.821  70.911 0.5000000000
79841  19.268  10.801  71.121 0.3750000000
80758  19.320  11.416  71.716 0.2500000000
74013  33.571  4.720  81.995 0.8750000000
74985  33.391  4.916  82.152 0.8750000000
132383  22.190  7.144  70.395 0.3750000000
72141  33.419  4.009  81.591 0.6250000000
73078  33.114  3.960  81.874 0.7500000000
71149  32.024  2.740  81.154 0.5000000000
76140  30.595  6.494  78.622 0.8750000000
75100  29.108  5.858  75.487 0.7500000000
77141  21.489  7.406  70.359 0.5000000000
72157  33.137  3.274  80.559 0.5000000000
71159  32.104  2.594  80.398 0.3750000000
137543  30.612  2.151  80.211 0.3750000000
70183  31.162  2.256  80.247 0.2500000000
75131  27.740  5.684  73.502 0.6250000000
74139  26.031  5.057  73.058 0.5000000000
71182  32.005  2.285  78.690 0.1250000000
70201  31.040  1.959  79.421 0.1250000000
70222  30.636  1.630  78.586 0.1250000000
77984  40.235  9.951  72.869 0.7500000000
78879  40.495  10.188  73.475 0.7500000000
78909  41.258  10.430  71.893 0.8750000000
78924  41.796  10.599  71.434 1.0000000000
135526  41.986  10.819  71.764 1.0000000000
79854  42.919  11.065  70.117 0.7500000000
82522  43.597  12.856  70.467 0.8750000000
121010  41.912  10.435  70.503 0.8750000000
82539  44.051  13.048  69.672 0.8750000000
79855  42.538  10.701  69.987 0.7500000000
144159  1.409  10.411  89.366 0.7500000000
78754  -0.147  9.746  87.870 0.7500000000
76923  -0.238  6.835  90.405 0.8750000000
81433  -5.106  13.389  90.585 0.8750000000
73936  0.030  4.845  92.458 1.0000000000
81431  -0.598  13.323  90.684 0.7500000000
84094  -1.255  14.834  93.770 0.8750000000
80608  -5.888  11.348  87.003 0.8750000000
82330  -5.438  14.164  88.552 0.8750000000
83192  -0.227  15.010  91.650 0.7500000000
72041  2.663  2.689  91.357 1.0000000000
80634  -6.780  11.206  83.925 0.8750000000
78800  17.325  9.909  82.860 0.1250000000
124170  16.342  12.792  78.131 0.2500000000
79766  14.914  10.286  77.983 0.2500000000
78855  13.617  9.587  76.407 0.2500000000
73082  -2.726  3.599  82.525 0.8750000000
140757  16.479  13.468  75.864 0.2500000000
79781  14.178  10.238  76.373 0.2500000000
80689  15.102  11.783  76.039 0.2500000000
79793  14.125  10.565  75.672 0.2500000000
140770  12.456  8.245  74.836 0.2500000000
81535  26.396  12.538  78.240 0.1250000000
81548  25.347  11.614  78.261 0.1250000000
80697  14.962  11.877  75.043 0.2500000000
79807  14.017  10.730  74.879 0.2500000000
78875  13.161  9.465  74.205 0.3750000000
80695  22.933  11.005  75.687 0.1250000000
80725  15.173  12.084  73.755 0.3750000000
79819  13.960  10.746  73.902 0.3750000000
81572  25.583  11.413  75.870 0.1250000000
139344  25.147  10.705  76.144 0.1250000000
120878  -4.451  1.867  76.427 0.8750000000
79830  21.697  10.506  72.661 0.3750000000
77901  32.193  7.394  80.477 1.0000000000
140100  22.132  10.098  72.526 0.3750000000
76073  33.768  6.113  82.140 1.0000000000
77012  33.200  6.647  81.798 1.0000000000
78913  23.199  9.251  71.662 0.3750000000
74996  34.538  5.410  81.698 0.7500000000
74012  33.958  5.033  81.873 0.7500000000
126496  31.688  7.196  79.077 0.8750000000
78009  22.810  8.715  70.905 0.3750000000
135747  35.062  5.767  81.438 0.8750000000
74026  34.496  4.887  81.282 0.7500000000
73077  33.670  4.293  81.542 0.7500000000
73085  34.071  4.030  80.900 0.6250000000
76159  30.400  6.330  76.738 0.6250000000
142689  29.933  6.087  76.603 0.6250000000
121769  29.931  6.221  75.959 0.5000000000
75192  24.289  5.965  70.630 0.3750000000
74031  34.899  4.835  80.672 0.7500000000
72156  33.661  3.583  80.203 0.3750000000
122825  29.589  6.657  73.900 0.5000000000
75130  28.420  5.968  73.738 0.5000000000
120494  25.598  5.423  71.557 0.3750000000
75191  25.041  6.309  70.677 0.3750000000
71194  32.107  2.000  77.303 0.1250000000
78890  41.170  10.482  72.661 0.8750000000
81614  43.127  12.437  71.439 0.8750000000
82523  43.261  13.240  71.153 0.8750000000
82557  43.264  13.493  69.674 0.8750000000
82556  43.910  13.296  69.564 0.8750000000
82568  44.679  13.107  68.841 0.8750000000
82569  43.921  13.340  69.041 0.8750000000
82579  43.633  13.251  68.585 0.8750000000
131916  42.685  12.656  67.735 0.7500000000
82577  44.809  13.114  68.436 0.8750000000
81704  44.062  12.490  67.037 0.6250000000
81705  42.517  12.228  67.055 0.6250000000
131776  43.204  12.247  66.797 0.6250000000
135215  46.066  12.109  67.606 0.8750000000
81702  46.161  12.171  67.128 0.7500000000
81713  45.593  12.232  66.671 0.6250000000
137978  45.039  11.978  65.840 0.5000000000
80840  43.005  11.254  64.482 0.5000000000
79907  47.678  10.768  65.852 0.8750000000
132941  46.946  10.302  65.750 0.8750000000
76908  0.359  7.469  92.160 0.8750000000
81440  0.920  12.893  89.495 0.7500000000
81429  1.201  13.612  89.782 0.7500000000
84096  -3.334  15.084  93.771 0.8750000000
75933  2.309  6.780  93.522 1.0000000000
83205  0.725  14.789  90.596 0.7500000000
83199  0.252  14.925  91.146 0.7500000000
84978  -0.514  15.800  91.783 0.7500000000
77834  6.854  8.423  87.523 0.5000000000
84116  0.218  15.270  91.129 0.7500000000
84117  -0.098  15.433  91.420 0.7500000000
82338  -5.447  14.224  87.473 0.8750000000
138967  -6.056  12.342  84.457 0.8750000000
77888  16.257  8.434  82.839 0.1250000000
121816  12.434  8.042  85.870 0.2500000000
76046  14.022  5.687  84.138 0.2500000000
76978  13.686  7.060  85.708 0.2500000000
76027  14.908  6.195  85.829 0.1250000000
83318  26.725  14.047  78.612 0.1250000000
131305  -6.178  5.625  76.049 0.7500000000
73137  -5.642  3.894  76.286 0.7500000000
81560  25.399  12.218  75.742 0.1250000000
79791  24.104  10.343  75.458 0.1250000000
71200  -2.648  1.914  76.951 0.8750000000
79790  24.836  10.464  75.557 0.1250000000
137518  23.589  9.828  73.964 0.1250000000
78883  24.493  9.623  73.448 0.2500000000
78899  23.512  9.604  72.605 0.3750000000
78898  24.715  9.543  72.583 0.2500000000
78007  24.650  8.560  71.304 0.3750000000
144112  34.997  7.296  81.307 0.8750000000
77930  32.203  7.653  79.190 0.8750000000
77938  32.197  7.746  77.948 0.7500000000
76169  30.452  6.702  75.379 0.5000000000
76216  25.795  6.585  70.863 0.3750000000
76086  35.577  6.436  80.348 0.7500000000
77087  31.187  6.976  75.856 0.5000000000
143519  30.223  6.857  74.552 0.5000000000
75149  28.392  6.213  72.976 0.3750000000
75172  27.125  6.003  71.857 0.3750000000
75173  26.205  5.945  71.381 0.3750000000
73096  34.613  4.507  79.320 0.5000000000
133273  34.977  5.084  79.039 0.6250000000
72171  33.588  3.419  78.481 0.1250000000
73112  33.929  4.023  77.502 0.2500000000
74047  34.746  4.858  78.501 0.5000000000
72183  33.573  3.453  77.737 0.1250000000
76167  36.839  7.361  75.620 0.5000000000
75097  35.766  6.087  76.138 0.2500000000
82482  42.543  12.702  72.703 1.0000000000
82524  42.852  13.471  71.595 0.8750000000
81712  47.100  11.540  66.167 0.8750000000
80829  44.891  11.764  64.955 0.5000000000
81699  47.384  11.217  66.155 0.8750000000
79906  47.858  10.749  65.623 0.8750000000
76886  3.100  7.964  93.180 1.0000000000
77777  1.513  8.730  93.221 0.7500000000
80565  1.921  12.582  89.413 0.7500000000
82317  1.336  14.178  89.920 0.7500000000
84973  -4.898  15.962  92.927 0.8750000000
83211  -5.902  15.246  89.625 0.8750000000
84125  -6.475  16.162  90.326 0.8750000000
75946  0.431  6.074  93.162 1.0000000000
76896  0.722  7.167  93.235 1.0000000000
84989  -0.758  16.132  91.417 0.7500000000
84980  -2.114  16.490  92.201 0.8750000000
85907  -2.985  16.944  91.767 0.7500000000
73934  1.330  4.454  92.827 1.0000000000
84996  -0.722  16.234  90.712 0.7500000000
85013  -0.376  16.373  88.733 0.6250000000
81505  -6.292  12.923  82.772 0.8750000000
122354  -5.843  14.126  84.285 0.8750000000
138828  9.208  8.966  86.302 0.3750000000
78819  -4.464  10.184  81.803 0.8750000000
121723  -4.726  10.963  82.136 0.8750000000
76967  13.527  7.435  86.868 0.2500000000
77925  -1.883  8.131  80.161 0.8750000000
83334  25.533  14.431  77.143 0.1250000000
71176  -1.547  1.972  78.872 0.8750000000
73134  -2.869  3.591  76.752 0.8750000000
71199  -1.975  2.204  77.374 0.8750000000
80707  25.660  10.731  74.449 0.1250000000
77993  25.906  9.050  71.755 0.3750000000
78004  27.316  8.215  71.473 0.3750000000
77122  27.680  7.552  71.516 0.3750000000
77027  35.347  7.320  80.833 0.8750000000
77944  32.204  7.844  77.184 0.7500000000
77970  31.489  8.266  74.633 0.3750000000
76195  29.207  7.336  72.474 0.3750000000
143123  28.804  7.336  72.140 0.3750000000
76214  27.485  6.866  71.594 0.3750000000
76196  28.646  6.864  72.419 0.3750000000
76213  28.296  7.264  71.852 0.3750000000
76102  35.761  6.517  79.479 0.7500000000
136180  35.990  6.276  76.624 0.3750000000
77958  38.844  9.301  75.164 0.7500000000
81721  47.706  11.466  65.129 0.8750000000
81710  48.405  11.112  64.830 0.8750000000
79648  2.405  9.569  92.301 0.7500000000
84974  -5.569  16.860  92.616 0.8750000000
84982  -6.426  17.039  91.567 0.7500000000
137852  2.643  13.896  89.071 0.6250000000
82329  3.175  13.439  88.675 0.6250000000
84141  -6.875  16.219  88.982 0.8750000000
83223  -6.358  15.560  89.026 0.8750000000
85915  -2.812  16.943  91.157 0.7500000000
83222  -5.927  15.053  88.361 0.8750000000
83233  -6.057  15.286  87.429 0.8750000000
77819  8.158  8.699  87.954 0.5000000000
134982  9.331  8.386  87.819 0.2500000000
144267  9.774  8.420  87.442 0.3750000000
85024  -0.264  16.428  87.705 0.6250000000
85034  0.004  16.470  86.473 0.6250000000
130003  -6.196  13.316  83.075 0.8750000000
82386  -6.126  13.713  82.782 0.8750000000
76957  10.591  8.334  87.372 0.3750000000
123132  -5.476  12.384  82.388 0.8750000000
76956  11.361  8.080  87.683 0.2500000000
143513  12.019  7.955  87.475 0.2500000000
80655  -3.847  11.533  81.681 0.8750000000
79753  -3.657  10.995  81.448 0.8750000000
76954  13.625  7.308  87.974 0.2500000000
75995  14.652  6.507  87.948 0.1250000000
74941  15.211  6.119  87.670 0.1250000000
74940  15.846  5.863  87.524 0.1250000000
77083  -6.175  6.983  75.841 0.7500000000
121433  -4.608  7.132  76.198 0.7500000000
72177  -1.398  2.791  78.343 0.8750000000
78840  32.883  8.550  78.500 0.7500000000
78893  29.011  9.468  72.284 0.3750000000
78809  35.344  8.062  79.983 0.8750000000
77959  32.454  9.076  75.963 0.6250000000
77978  31.329  8.758  73.909 0.3750000000
77979  30.842  8.769  73.238 0.3750000000
77913  36.122  7.516  79.296 0.7500000000
77914  35.811  7.673  79.697 0.8750000000
76120  35.994  6.559  78.675 0.7500000000
75063  35.839  6.126  77.771 0.6250000000
77068  37.518  8.108  76.672 0.8750000000
81731  48.045  12.031  63.210 0.7500000000
81732  47.913  11.853  63.499 0.8750000000
80562  4.499  11.556  90.791 0.6250000000
78706  3.126  9.172  92.580 0.8750000000
123195  3.525  12.997  88.180 0.6250000000
86728  -4.759  18.406  92.425 0.7500000000
85917  -6.624  17.645  91.172 0.7500000000
84990  -6.622  16.786  90.688 0.7500000000
84998  -7.121  17.057  89.936 0.7500000000
85918  -6.856  18.091  90.754 0.7500000000
138950  -7.039  17.664  90.175 0.7500000000
85916  -3.599  17.765  91.510 0.7500000000
141356  -4.217  18.392  92.196 0.7500000000
85005  -7.368  17.121  89.075 0.7500000000
136185  -7.359  17.235  88.376 0.7500000000
77809  6.528  8.367  89.149 0.6250000000
84166  1.083  15.616  85.682 0.6250000000
77818  8.977  8.551  88.197 0.6250000000
85026  -7.182  17.321  87.337 0.7500000000
83274  -5.992  14.127  83.194 0.8750000000
85968  -6.689  17.358  86.053 0.8750000000
81514  -5.190  12.539  82.193 0.8750000000
82396  -6.034  13.720  81.983 0.8750000000
84188  -5.366  15.467  83.162 0.7500000000
84196  -5.426  15.070  82.728 0.8750000000
131343  -5.589  9.046  75.404 0.7500000000
77081  -3.430  7.591  76.255 0.7500000000
143354  -1.638  6.130  77.569 0.8750000000
79748  33.763  8.502  79.673 0.8750000000
79757  33.633  8.808  78.976 0.8750000000
78847  33.200  9.115  77.852 0.7500000000
79770  33.667  9.996  77.599 0.8750000000
78853  32.827  9.535  76.598 0.7500000000
79747  34.269  8.665  79.388 1.0000000000
137361  34.078  9.479  78.270 0.8750000000
80652  34.584  9.293  78.383 1.0000000000
79764  33.947  9.981  77.811 0.8750000000
79737  35.255  8.381  79.456 1.0000000000
79801  32.079  11.018  74.031 0.5000000000
79744  36.469  9.012  77.851 1.0000000000
79745  35.917  8.687  78.435 1.0000000000
77928  36.460  7.847  78.623 0.8750000000
128783  36.210  7.908  79.014 0.8750000000
77062  37.256  7.917  77.137 0.8750000000
137696  36.941  8.226  77.757 1.0000000000
135598  36.562  7.302  78.066 0.7500000000
77063  36.803  7.434  77.487 0.7500000000
78838  37.901  9.318  76.697 1.0000000000
128199  38.877  9.316  75.694 1.0000000000
79787  40.149  10.424  74.956 1.0000000000
77948  38.538  9.186  76.132 1.0000000000
82626  47.127  12.717  61.857 0.5000000000
81755  46.844  12.015  62.713 0.6250000000
143703  46.453  12.330  62.000 0.5000000000
81770  44.029  11.923  60.995 0.5000000000
143272  48.430  10.494  60.277 0.6250000000
82328  4.244  12.479  88.213 0.6250000000
82344  3.563  13.101  86.849 0.6250000000
123348  4.243  12.747  86.169 0.6250000000
83242  2.934  13.729  86.253 0.6250000000
128176  -4.107  18.573  91.803 0.7500000000
86750  -4.105  18.815  90.445 0.7500000000
86733  -4.622  19.033  92.025 0.7500000000
86734  -5.318  19.206  92.186 0.7500000000
83252  2.465  14.346  85.633 0.6250000000
130170  2.311  15.685  84.247 0.6250000000
84174  2.207  14.918  84.895 0.6250000000
85938  -7.397  17.701  88.567 0.7500000000
141100  -7.226  18.472  89.561 0.7500000000
86773  -0.944  18.003  86.702 0.6250000000
85056  -5.566  16.623  84.089 0.7500000000
85985  -6.079  17.489  85.043 0.7500000000
84210  -5.119  14.898  82.072 0.7500000000
82394  -4.299  13.464  81.607 0.7500000000
77067  -1.432  7.506  78.245 0.8750000000
77953  -2.122  8.649  76.712 0.7500000000
77963  -4.593  8.964  75.591 0.7500000000
78858  -3.414  9.228  75.830 0.7500000000
144808  -6.140  10.696  73.804 0.5000000000
78906  -4.337  9.409  72.509 0.5000000000
145443  -1.598  8.146  72.763 0.6250000000
81546  34.409  12.612  76.902 0.7500000000
81516  35.005  10.474  77.764 1.0000000000
80670  34.369  10.502  77.720 0.8750000000
78830  37.358  8.955  77.196 1.0000000000
82617  48.286  13.245  61.710 0.7500000000
82625  47.835  13.287  61.693 0.6250000000
141299  49.105  10.984  61.535 0.7500000000
79975  48.527  10.357  60.755 0.6250000000
123852  48.371  10.646  59.708 0.6250000000
126359  5.050  12.100  87.012 0.6250000000
82357  3.654  13.313  85.781 0.6250000000
82372  3.863  13.578  84.821 0.6250000000
82355  5.228  12.724  84.770 0.6250000000
83272  4.731  14.134  83.569 0.6250000000
88361  -4.781  20.335  91.627 0.7500000000
88371  -4.392  20.518  91.222 0.7500000000
88362  -5.189  20.620  91.922 0.7500000000
86743  -7.107  19.030  91.004 0.7500000000
84173  2.991  14.954  84.053 0.6250000000
84187  3.088  15.855  83.602 0.6250000000
85980  1.923  17.086  83.964 0.6250000000
85055  1.044  16.281  85.093 0.6250000000
86786  -1.197  19.077  86.681 0.6250000000
86763  -2.550  18.577  88.623 0.6250000000
87601  -2.927  19.322  88.908 0.7500000000
88385  -3.310  20.276  89.278 0.7500000000
88386  -3.815  20.301  89.892 0.6250000000
87595  -7.244  19.870  90.747 0.7500000000
135098  0.988  17.715  84.569 0.6250000000
85045  0.075  16.885  85.882 0.6250000000
85966  -0.006  17.628  85.598 0.6250000000
85982  0.474  18.057  84.977 0.6250000000
86797  0.047  18.561  85.497 0.6250000000
86759  -7.341  18.357  88.828 0.7500000000
86764  -7.348  18.324  87.985 0.7500000000
86775  -7.188  18.284  87.211 0.7500000000
86788  -6.989  18.129  86.679 0.7500000000
85081  -4.783  15.955  83.222 0.7500000000
142922  -4.742  16.421  83.522 0.7500000000
82402  -3.278  13.368  81.130 0.7500000000
84209  -4.982  14.749  81.928 0.7500000000
145252  -4.323  13.994  81.600 0.7500000000
85096  -4.646  15.407  82.413 0.7500000000
81528  -2.560  12.907  80.456 0.7500000000
83305  -2.419  14.303  80.723 0.7500000000
79760  -1.679  10.395  79.294 0.7500000000
78856  -2.064  9.446  76.607 0.7500000000
79783  -1.952  10.321  76.427 0.7500000000
78867  -5.403  9.786  75.383 0.7500000000
79795  -4.061  10.767  75.359 0.7500000000
79784  -2.867  10.737  75.634 0.7500000000
79809  -6.041  10.783  74.430 0.7500000000
80703  -5.597  10.938  74.825 0.7500000000
80702  -4.836  11.343  74.905 0.7500000000
80714  -5.198  11.920  73.749 0.6250000000
138040  -4.967  11.754  74.303 0.7500000000
79834  -4.287  10.235  72.069 0.5000000000
133256  -5.303  11.476  72.556 0.5000000000
81613  -4.636  12.484  73.313 0.5000000000
79850  -2.769  10.763  71.540 0.5000000000
81647  -4.690  12.825  72.130 0.5000000000
81646  -4.330  12.686  71.636 0.5000000000
124880  32.882  12.684  75.478 0.5000000000
128685  33.914  12.922  76.373 0.6250000000
80783  -1.764  11.982  70.724 0.2500000000
84362  47.478  15.628  61.558 0.5000000000
83492  49.160  13.589  61.287 0.6250000000
81774  49.349  11.866  60.788 0.7500000000
80887  49.100  11.236  60.370 0.6250000000
79998  48.647  10.860  59.272 0.6250000000
80897  49.066  11.115  59.868 0.6250000000
80000  47.695  10.693  58.787 0.6250000000
121183  48.171  10.975  58.479 0.6250000000
141418  5.665  12.376  85.281 0.6250000000
82370  5.683  13.075  83.991 0.6250000000
82384  6.179  13.763  83.581 0.6250000000
84185  4.837  15.084  83.021 0.6250000000
88363  -5.692  20.843  92.103 0.7500000000
88364  -6.150  20.639  92.042 0.7500000000
88365  -6.607  20.648  91.681 0.7500000000
80617  8.312  11.645  86.563 0.5000000000
81472  8.847  12.287  86.140 0.6250000000
84183  6.873  15.407  83.435 0.6250000000
126526  3.710  16.096  83.232 0.6250000000
128851  4.424  16.029  82.997 0.6250000000
85997  2.567  17.529  83.531 0.6250000000
88395  -2.687  20.237  88.579 0.6250000000
138733  -2.319  21.011  88.447 0.6250000000
89128  -3.229  21.855  90.699 0.6250000000
80604  8.614  11.368  87.219 0.5000000000
81471  9.182  12.364  86.678 0.6250000000
82342  9.347  13.064  86.664 0.6250000000
130655  9.587  13.560  88.654 0.6250000000
81426  9.503  12.915  91.127 0.3750000000
85996  3.300  17.899  83.273 0.6250000000
137457  4.178  17.635  83.210 0.6250000000
85998  1.682  17.887  83.933 0.6250000000
88405  -1.369  20.578  87.356 0.6250000000
87613  -7.131  19.501  88.029 0.7500000000
124008  9.307  14.388  89.142 0.5000000000
82304  8.142  12.970  92.984 0.3750000000
87653  1.262  19.269  84.584 0.6250000000
88447  1.527  20.006  84.761 0.6250000000
87612  -6.904  19.353  87.432 0.7500000000
83208  9.180  14.582  90.225 0.3750000000
86801  -6.084  18.015  85.494 0.7500000000
87640  -6.483  18.426  86.241 0.7500000000
135314  -2.405  15.963  81.846 0.7500000000
86017  -3.300  16.858  83.169 0.7500000000
86816  -5.089  17.694  84.747 0.7500000000
83328  -0.905  13.801  79.116 0.7500000000
81540  -0.796  12.694  78.174 0.7500000000
80691  -1.520  11.551  76.614 0.7500000000
80699  -1.772  11.845  76.020 0.7500000000
80700  -2.610  11.660  75.524 0.7500000000
81579  -2.121  12.185  75.302 0.6250000000
81580  -3.207  12.184  74.816 0.7500000000
81612  -3.916  12.991  73.345 0.5000000000
130599  -3.865  13.427  72.734 0.5000000000
81611  -3.088  13.352  73.229 0.5000000000
84287  -1.740  15.284  72.264 0.3750000000
83413  -0.567  15.027  72.678 0.3750000000
82538  -4.195  13.321  71.762 0.5000000000
82537  -3.610  13.689  71.342 0.3750000000
84289  -3.355  14.879  71.320 0.3750000000
81559  34.291  13.731  76.443 0.8750000000
81660  -2.127  13.073  70.623 0.3750000000
82553  -2.914  13.830  70.827 0.3750000000
84300  -3.323  15.839  70.746 0.3750000000
83512  46.482  15.209  60.752 0.3750000000
83510  49.427  13.088  60.649 0.6250000000
80912  49.023  11.300  58.847 0.6250000000
127503  49.213  11.443  59.549 0.6250000000
80917  48.815  11.436  58.117 0.6250000000
135240  48.857  11.803  57.281 0.5000000000
80924  50.233  12.409  54.468 0.1250000000
80942  49.932  12.088  53.579 0.1250000000
80031  48.720  11.633  53.093 0.1250000000
81486  6.433  12.191  85.319 0.6250000000
89119  -3.411  22.436  91.175 0.7500000000
81485  7.425  12.240  85.316 0.6250000000
82383  7.046  13.893  83.686 0.6250000000
124827  7.709  14.016  83.918 0.6250000000
89112  -5.988  21.802  91.988 0.7500000000
82353  8.457  13.259  85.014 0.6250000000
81484  8.349  12.570  85.387 0.6250000000
83250  8.579  14.026  85.051 0.6250000000
84182  7.497  15.490  83.947 0.6250000000
83269  7.380  14.681  83.676 0.6250000000
126580  5.837  16.889  83.286 0.6250000000
139345  6.487  16.778  83.615 0.6250000000
129397  -7.151  21.269  90.948 0.7500000000
89114  -6.772  21.270  91.459 0.7500000000
83241  9.161  13.917  86.439 0.6250000000
83258  8.016  14.638  84.348 0.6250000000
124440  8.904  14.701  86.816 0.6250000000
85995  5.278  17.692  83.365 0.6250000000
139694  2.549  19.268  83.805 0.6250000000
86826  3.753  18.549  83.319 0.6250000000
144181  -7.206  21.187  90.292 0.7500000000
127880  -7.163  20.593  89.487 0.7500000000
83230  8.956  14.837  87.700 0.6250000000
88408  -7.019  19.879  88.043 0.7500000000
140590  -6.871  21.054  88.873 0.7500000000
84121  8.787  15.226  90.513 0.3750000000
86830  -3.467  17.766  84.014 0.7500000000
86799  -4.777  18.312  85.233 0.7500000000
133152  -5.279  18.814  85.865 0.7500000000
88421  -5.266  20.191  86.862 0.7500000000
83304  -1.453  14.549  80.099 0.7500000000
86000  -2.621  17.629  83.559 0.7500000000
87658  -3.835  18.569  85.112 0.7500000000
127942  -4.138  20.247  86.442 0.6250000000
82448  0.602  13.667  76.532 0.6250000000
84280  0.398  15.231  73.170 0.3750000000
82630  49.303  13.270  60.016 0.5000000000
82658  49.109  13.063  58.907 0.6250000000
82643  49.373  12.420  59.340 0.5000000000
81814  50.708  12.462  53.843 0.1250000000
136087  51.202  12.682  53.637 0.1250000000
89884  -1.776  22.692  89.830 0.6250000000
89134  -2.551  21.876  89.732 0.6250000000
89871  -6.519  22.464  91.254 0.7500000000
89865  -6.141  22.445  91.669 0.7500000000
85053  6.873  16.979  84.066 0.6250000000
85978  7.160  17.047  84.902 0.6250000000
85979  6.721  17.748  84.585 0.6250000000
86824  5.584  18.483  83.684 0.6250000000
89154  -0.012  22.192  87.206 0.6250000000
89907  -0.399  22.610  87.965 0.6250000000
89879  -6.834  22.423  90.737 0.7500000000
89129  -7.120  21.788  90.564 0.7500000000
87664  4.295  19.278  83.551 0.6250000000
86810  5.662  19.206  84.109 0.6250000000
87652  2.947  19.932  84.062 0.6250000000
89885  -7.020  22.315  90.083 0.7500000000
128289  8.522  15.824  89.048 0.6250000000
88435  1.437  20.694  85.255 0.6250000000
89174  0.446  21.723  86.527 0.6250000000
84122  8.210  15.588  91.265 0.5000000000
85000  8.136  16.545  89.985 0.5000000000
84986  7.422  15.927  91.975 0.5000000000
84108  7.202  15.019  92.953 0.5000000000
89197  -3.689  21.392  86.642 0.6250000000
85999  -1.488  17.776  83.161 0.7500000000
86814  -3.176  18.436  84.568 0.7500000000
134411  -0.232  17.030  81.853 0.6250000000
85233  48.314  16.660  61.354 0.5000000000
84389  48.385  14.936  59.669 0.5000000000
83549  48.444  14.519  57.611 0.3750000000
83548  49.059  13.873  57.187 0.3750000000
83551  50.237  13.699  55.777 0.2500000000
84421  50.409  15.255  55.013 0.2500000000
83566  51.021  14.309  54.288 0.2500000000
90587  0.685  23.826  89.097 0.6250000000
89883  -0.861  23.232  89.591 0.6250000000
90572  -1.448  23.893  91.241 0.6250000000
123362  -4.635  23.179  91.576 0.7500000000
91242  -5.669  23.581  91.471 0.7500000000
85032  7.610  16.603  86.208 0.6250000000
86795  6.562  18.412  85.261 0.6250000000
89173  1.308  22.119  86.277 0.6250000000
89905  1.251  23.413  87.417 0.6250000000
90574  -6.537  23.127  90.834 0.7500000000
85022  7.676  16.771  87.048 0.6250000000
85955  7.246  17.529  86.542 0.6250000000
86796  6.151  19.083  84.999 0.6250000000
87632  6.389  18.948  85.802 0.6250000000
87650  4.929  19.870  84.037 0.6250000000
88445  3.472  20.669  84.476 0.6250000000
88444  4.421  20.582  84.552 0.6250000000
88434  2.270  21.253  85.168 0.6250000000
90590  -6.729  22.951  89.567 0.7500000000
85011  7.810  16.891  87.969 0.6250000000
135905  7.751  17.319  88.830 0.6250000000
85946  7.469  17.876  88.257 0.6250000000
89894  -6.432  21.914  88.683 0.7500000000
132883  7.434  16.546  91.744 0.3750000000
84993  7.615  17.071  90.944 0.6250000000
144547  -6.503  22.732  88.978 0.7500000000
90602  -6.040  23.163  88.352 0.7500000000
89908  -5.225  22.862  87.743 0.6250000000
86828  -0.936  18.663  83.466 0.7500000000
88438  -2.470  20.160  85.525 0.6250000000
86836  -0.567  18.192  82.838 0.6250000000
88449  -1.609  20.480  85.043 0.6250000000
86033  0.916  17.046  81.057 0.6250000000
83355  1.379  14.544  76.561 0.6250000000
85144  2.361  16.987  75.336 0.5000000000
86904  -3.528  18.221  71.931 0.3750000000
86147  46.814  18.527  63.362 0.2500000000
86148  45.998  18.603  63.600 0.2500000000
86157  47.799  17.900  62.255 0.3750000000
85294  49.862  16.150  55.025 0.2500000000
85311  50.673  15.987  53.955 0.3750000000
90564  -2.799  23.996  91.496 0.6250000000
90579  -0.311  23.830  90.206 0.6250000000
91241  -4.495  24.375  91.499 0.7500000000
89916  2.674  23.168  86.573 0.6250000000
89915  3.625  23.148  86.610 0.6250000000
90599  0.902  23.678  88.251 0.6250000000
121397  -6.313  23.819  90.849 0.7500000000
86771  7.055  18.682  88.028 0.6250000000
143448  7.000  18.196  86.801 0.6250000000
138401  6.726  19.279  87.929 0.6250000000
86785  6.775  18.416  86.249 0.6250000000
87620  6.385  19.361  86.561 0.6250000000
87609  6.469  19.668  87.514 0.6250000000
88432  5.004  20.984  85.359 0.6250000000
87633  6.051  19.554  85.708 0.6250000000
88433  4.010  21.307  85.005 0.6250000000
91256  -6.175  24.595  90.388 0.7500000000
85001  7.761  17.249  89.753 0.6250000000
86761  7.155  18.621  89.002 0.6250000000
86754  7.198  18.573  90.019 0.5000000000
85927  7.485  17.863  90.456 0.6250000000
142464  7.385  18.000  91.574 0.6250000000
90601  -5.583  24.327  88.033 0.6250000000
91280  -5.984  24.431  88.480 0.7500000000
89210  -1.374  21.499  85.048 0.6250000000
86032  1.478  17.591  80.442 0.6250000000
86842  1.262  19.214  81.070 0.6250000000
85141  2.570  16.879  76.232 0.5000000000
86071  2.147  17.884  75.297 0.5000000000
87748  -2.643  19.097  73.549 0.5000000000
86900  -3.410  19.323  73.251 0.5000000000
88627  46.267  20.225  62.421 0.3750000000
133241  49.941  16.911  54.699 0.3750000000
90571  -0.639  24.205  90.982 0.6250000000
91245  -1.644  25.039  91.645 0.6250000000
91238  -2.204  25.390  91.663 0.6250000000
88417  5.763  20.785  86.780 0.6250000000
89190  5.310  21.372  86.239 0.6250000000
88404  5.839  20.935  87.636 0.5000000000
137024  4.926  22.112  86.576 0.6250000000
89904  4.096  23.574  87.108 0.6250000000
131987  4.507  21.757  85.763 0.6250000000
90597  2.764  24.292  87.664 0.6250000000
90585  2.252  24.567  88.344 0.6250000000
90586  1.395  24.185  88.740 0.6250000000
91263  0.638  24.787  90.168 0.6250000000
91254  0.235  25.119  90.779 0.6250000000
91255  -0.361  24.878  91.185 0.6250000000
91926  -1.512  25.554  91.490 0.6250000000
91920  -2.826  25.768  91.607 0.6250000000
91922  -3.936  25.257  91.514 0.6250000000
88393  6.344  20.515  88.905 0.5000000000
88394  6.012  21.198  88.555 0.5000000000
87621  6.131  20.190  87.149 0.6250000000
91264  -6.326  24.663  89.744 0.7500000000
135983  6.716  19.825  90.009 0.5000000000
87605  6.589  19.888  89.260 0.5000000000
92605  -5.657  26.561  89.256 0.6250000000
86740  7.440  18.347  91.560 0.5000000000
86748  6.990  19.203  90.420 0.5000000000
91286  -5.161  24.901  87.497 0.6250000000
122321  -4.520  24.753  86.764 0.5000000000
88463  -0.016  21.257  82.904 0.6250000000
87680  1.031  19.935  81.517 0.6250000000
88471  0.962  20.672  80.928 0.6250000000
88470  1.292  19.940  80.833 0.6250000000
88506  -0.232  20.332  76.782 0.6250000000
136131  -1.929  19.749  75.203 0.6250000000
87076  49.849  19.601  55.336 0.3750000000
145186  50.167  20.187  53.024 0.3750000000
89890  5.337  23.369  88.193 0.5000000000
91277  4.435  24.560  88.210 0.5000000000
91931  0.285  25.615  90.671 0.6250000000
91930  0.904  25.914  90.281 0.6250000000
92587  -0.848  25.969  90.953 0.6250000000
92597  -2.145  26.311  91.343 0.6250000000
92589  -2.643  26.200  91.489 0.6250000000
92590  -3.325  26.365  91.419 0.6250000000
92598  -5.100  26.646  90.354 0.6250000000
89142  5.843  22.118  88.697 0.5000000000
140527  5.861  23.190  89.362 0.5000000000
91270  2.658  25.097  88.640 0.6250000000
92595  -0.240  26.122  90.656 0.6250000000
89133  6.085  21.717  89.256 0.5000000000
89125  6.513  21.426  90.323 0.5000000000
141950  6.486  20.541  89.887 0.5000000000
90576  6.065  23.901  89.705 0.5000000000
122949  6.524  22.967  90.482 0.5000000000
92604  2.608  26.616  89.330 0.5000000000
88376  6.745  20.695  90.651 0.5000000000
143817  6.967  23.009  90.958 0.3750000000
89867  7.302  22.471  91.177 0.5000000000
135902  -5.647  25.847  87.868 0.6250000000
90608  -4.213  24.334  86.461 0.5000000000
91285  -4.748  25.421  86.687 0.5000000000
91290  -4.057  24.934  85.593 0.5000000000
89958  -0.227  22.026  82.711 0.6250000000
89238  -0.002  22.041  80.680 0.6250000000
89237  0.532  21.397  80.536 0.6250000000
89243  0.035  21.665  79.746 0.6250000000
87037  49.388  19.844  56.881 0.3750000000
87905  49.651  20.149  55.713 0.3750000000
91267  5.625  24.635  89.234 0.3750000000
131788  4.494  25.074  88.550 0.5000000000
92603  3.687  26.698  89.142 0.5000000000
93297  1.165  26.944  89.550 0.5000000000
93288  -1.298  26.781  90.511 0.5000000000
141515  -5.172  27.028  89.896 0.6250000000
91259  6.324  24.956  89.661 0.3750000000
91935  5.587  26.406  89.403 0.3750000000
93294  5.019  27.322  88.788 0.3750000000
93295  3.425  27.094  88.979 0.5000000000
93302  -5.160  27.452  89.696 0.5000000000
121086  -5.717  27.008  88.827 0.5000000000
91252  6.734  24.352  90.182 0.3750000000
91250  7.711  24.533  90.128 0.3750000000
140755  5.428  27.198  88.104 0.3750000000
93305  3.369  27.323  88.625 0.3750000000
93315  2.139  27.220  87.981 0.2500000000
121295  -5.795  26.961  88.177 0.5000000000
121088  -5.800  27.440  88.399 0.5000000000
139941  8.319  23.727  90.190 0.3750000000
89866  7.995  22.860  91.171 0.3750000000
92618  -5.725  26.426  87.960 0.5000000000
92617  -5.621  26.918  87.385 0.5000000000
91956  -5.089  26.009  86.250 0.5000000000
90651  -2.830  24.552  82.405 0.5000000000
89965  -1.336  23.361  81.847 0.5000000000
125893  -1.368  23.166  81.056 0.5000000000
94047  -2.768  28.080  89.993 0.5000000000
93300  -1.487  27.380  89.859 0.5000000000
94044  -4.378  27.926  90.115 0.5000000000
94049  -4.886  27.970  89.738 0.5000000000
125151  -0.239  27.084  89.600 0.5000000000
94738  -5.603  28.359  88.740 0.5000000000
91265  7.881  24.573  89.162 0.3750000000
91949  6.898  25.866  87.596 0.3750000000
92623  6.085  26.280  87.121 0.2500000000
92613  4.785  27.097  87.543 0.2500000000
132604  4.467  26.752  86.944 0.2500000000
93316  0.911  27.198  88.170 0.3750000000
92616  1.193  26.806  87.231 0.3750000000
94053  -5.754  27.892  88.600 0.5000000000
90582  8.324  23.938  89.207 0.3750000000
127049  6.878  25.388  86.842 0.3750000000
90594  7.697  24.416  87.526 0.3750000000
92634  5.115  26.117  85.989 0.2500000000
92624  5.051  26.560  86.777 0.2500000000
124004  3.126  26.181  85.963 0.2500000000
92637  1.563  26.167  85.523 0.2500000000
94056  -5.977  27.939  87.927 0.5000000000
89888  8.641  23.214  88.832 0.3750000000
91980  -5.248  26.110  84.090 0.5000000000
91308  -3.859  25.328  83.237 0.5000000000
94732  -3.114  28.753  89.585 0.5000000000
95360  -4.646  29.060  89.186 0.5000000000
94054  -1.954  28.164  88.516 0.5000000000
95364  -5.324  29.804  88.304 0.5000000000
124156  -1.302  27.696  87.147 0.3750000000
92628  0.383  26.652  86.382 0.3750000000
93318  -1.336  27.706  88.173 0.5000000000
94740  -6.204  29.253  87.422 0.5000000000
121625  5.098  25.685  85.225 0.2500000000
92636  2.247  25.898  85.283 0.2500000000
92629  -0.204  26.735  85.509 0.3750000000
90616  7.042  24.560  85.847 0.2500000000
141748  -5.555  27.280  85.888 0.5000000000
94067  -5.582  28.043  85.173 0.5000000000
91309  -4.506  25.696  83.474 0.5000000000
91341  -2.757  24.319  80.720 0.5000000000
94739  -2.599  29.843  88.108 0.5000000000
95361  -2.964  30.126  88.465 0.5000000000
94060  -1.910  28.322  87.585 0.5000000000
94746  -2.277  29.314  87.580 0.5000000000
95363  -4.326  30.011  88.720 0.5000000000
95953  -3.943  30.745  88.290 0.5000000000
93329  -0.854  27.267  85.560 0.2500000000
93330  -1.354  27.688  86.114 0.3750000000
122446  -5.862  30.832  87.500 0.5000000000
91970  4.486  25.469  84.680 0.1250000000
91972  2.837  25.467  84.188 0.1250000000
138357  1.233  26.085  84.608 0.2500000000
95376  -6.236  30.077  86.636 0.5000000000
95375  -5.824  30.723  85.801 0.5000000000
90627  6.587  24.009  84.297 0.1250000000
91318  6.007  24.069  83.128 0.1250000000
91989  4.109  24.804  82.758 0.1250000000
143262  4.742  24.505  82.492 0.1250000000
91979  3.091  25.288  83.624 0.1250000000
93337  -5.438  27.576  84.423 0.5000000000
94071  -5.503  28.482  84.337 0.5000000000
120995  -5.575  29.191  84.636 0.5000000000
94092  -5.543  28.819  83.158 0.5000000000
124647  -5.482  27.917  82.726 0.5000000000
93363  -5.176  26.759  81.757 0.5000000000
92025  -3.389  25.620  80.272 0.5000000000
95380  -1.184  30.587  86.119 0.2500000000
95366  -2.559  30.638  87.626 0.5000000000
95956  -4.245  31.523  87.770 0.5000000000
143742  -5.969  31.368  86.821 0.5000000000
95957  -5.350  31.550  87.338 0.5000000000
93334  -0.210  27.093  83.910 0.1250000000
93336  -1.239  27.879  85.041 0.2500000000
94070  -0.777  28.600  84.307 0.1250000000
95963  -5.718  31.274  85.942 0.5000000000
92655  1.388  26.108  83.567 0.2500000000
128231  2.203  25.692  83.389 0.1250000000
93347  0.146  27.379  83.099 0.1250000000
93353  1.010  27.107  82.154 0.1250000000
91319  5.402  24.300  82.730 0.1250000000
92673  2.167  26.176  81.493 0.1250000000
91990  3.304  25.120  82.881 0.1250000000
94760  -5.522  30.171  84.139 0.5000000000
95404  -5.627  30.981  82.834 0.3750000000
138373  -4.890  26.427  81.279 0.5000000000
94798  -5.494  29.553  81.437 0.5000000000
92686  -4.159  26.054  80.702 0.5000000000
92704  -4.485  26.698  80.595 0.5000000000
94128  -4.056  28.259  79.690 0.5000000000
93390  -3.126  27.107  79.505 0.5000000000
95394  -0.161  30.315  84.047 0.1250000000
95962  -1.903  31.104  86.975 0.3750000000
96528  -4.804  32.272  87.059 0.5000000000
94079  0.102  28.618  82.911 0.1250000000
96535  -5.636  31.810  85.427 0.5000000000
93361  1.647  26.895  81.368 0.1250000000
142550  0.531  28.625  82.342 0.1250000000
97106  -5.562  32.267  84.473 0.3750000000
90648  7.461  23.127  82.326 0.1250000000
131367  5.876  23.845  81.144 0.1250000000
91998  3.772  25.023  81.039 0.1250000000
91999  2.968  25.534  81.248 0.1250000000
130092  4.258  24.624  81.798 0.1250000000
95388  -5.519  30.805  84.333 0.5000000000
95423  -5.656  30.284  81.699 0.5000000000
96532  -2.950  32.820  86.860 0.5000000000
95372  -0.824  31.376  86.267 0.2500000000
97100  -4.702  33.294  85.911 0.5000000000
95976  -0.009  31.640  85.362 0.2500000000
137358  0.184  32.290  85.764 0.2500000000
124639  1.186  28.086  81.391 0.1250000000
94103  1.039  28.799  81.509 0.2500000000
94775  0.742  29.115  82.070 0.2500000000
95403  0.431  30.383  83.067 0.2500000000
95393  0.184  30.669  83.683 0.2500000000
96558  -5.609  31.832  83.440 0.3750000000
92702  2.425  26.822  79.933 0.1250000000
93376  1.577  27.594  80.974 0.1250000000
92011  3.375  25.516  80.304 0.1250000000
90670  7.934  23.546  80.668 0.1250000000
90669  8.662  23.934  80.518 0.1250000000
132310  10.051  23.138  81.866 0.1250000000
89956  9.959  22.503  82.480 0.2500000000
130342  -5.794  30.965  81.112 0.3750000000
90658  10.514  23.898  81.676 0.1250000000
89955  11.310  23.110  82.982 0.1250000000
127591  10.415  25.811  81.190 0.1250000000
129200  12.148  25.314  83.264 0.1250000000
91977  12.663  25.554  84.072 0.1250000000
91316  11.308  24.008  82.477 0.1250000000
91988  11.152  25.721  81.926 0.1250000000
92644  13.160  26.549  85.048 0.1250000000
91958  13.834  25.601  86.044 0.1250000000
97097  -1.229  33.352  86.375 0.2500000000
95386  0.169  31.367  84.450 0.2500000000
97103  -0.661  33.833  85.952 0.2500000000
125422  -1.793  33.897  86.008 0.2500000000
94796  1.292  29.351  81.011 0.2500000000
94115  1.841  28.095  80.258 0.1250000000
94809  1.966  29.807  79.565 0.1250000000
95986  0.895  31.947  83.406 0.1250000000
129601  0.796  33.494  85.377 0.2500000000
97115  -3.965  33.372  84.139 0.2500000000
92718  3.577  26.589  78.497 0.1250000000
92019  7.316  24.982  78.973 0.1250000000
96571  -5.459  32.059  81.671 0.3750000000
91336  8.628  24.709  79.966 0.1250000000
92009  8.871  25.758  79.771 0.1250000000
93344  12.798  27.172  84.530 0.1250000000
92661  12.047  26.674  83.126 0.1250000000
96014  -4.107  31.504  78.665 0.3750000000
92621  14.330  25.812  86.803 0.1250000000
92632  13.735  26.643  86.054 0.1250000000
93327  13.570  27.769  86.008 0.1250000000
143842  14.375  27.474  86.786 0.1250000000
135220  1.442  34.180  83.751 0.1250000000
97654  0.975  34.465  84.452 0.1250000000
94786  0.984  29.674  81.737 0.2500000000
95422  1.254  30.279  81.236 0.1250000000
142329  1.477  32.088  82.145 0.1250000000
97650  -0.037  34.225  85.356 0.2500000000
124632  1.912  31.419  79.973 0.1250000000
97669  -1.937  34.237  83.198 0.2500000000
94139  3.223  28.470  78.193 0.1250000000
92715  6.329  26.292  78.067 0.1250000000
97149  -4.478  33.524  80.537 0.2500000000
92683  8.956  26.775  79.830 0.1250000000
97159  -5.315  33.156  79.656 0.2500000000
92672  10.120  26.603  80.900 0.1250000000
139047  11.503  27.773  82.763 0.1250000000
96587  -5.293  32.402  79.139 0.3750000000
94077  12.173  28.633  84.152 0.1250000000
96595  -4.605  32.459  78.550 0.3750000000
92619  16.491  26.417  86.969 0.1250000000
91967  15.907  25.307  84.842 0.1250000000
93320  16.313  27.138  86.692 0.1250000000
98158  0.772  34.955  83.887 0.1250000000
96577  2.103  32.348  80.432 0.1250000000
97138  2.045  33.933  81.506 0.1250000000
96012  2.349  31.081  79.218 0.1250000000
95439  2.950  30.539  78.573 0.1250000000
94821  3.927  28.944  77.818 0.1250000000
92729  5.857  26.981  77.765 0.1250000000
142795  5.252  28.292  77.674 0.1250000000
97690  -3.834  34.345  80.346 0.2500000000
97689  -3.458  35.304  80.532 0.2500000000
135163  -4.086  35.092  79.834 0.2500000000
123445  8.523  28.337  79.800 0.1250000000
97158  -5.337  33.110  79.130 0.2500000000
94088  11.205  28.689  82.724 0.1250000000
94101  9.973  29.337  81.738 0.1250000000
94065  13.399  28.565  85.939 0.1250000000
120968  15.512  28.228  86.857 0.1250000000
98162  0.885  35.473  83.389 0.2500000000
96003  2.989  31.569  78.758 0.1250000000
97148  2.293  33.402  80.573 0.1250000000
127588  -1.947  35.312  82.148 0.2500000000
94154  5.322  28.980  77.683 0.1250000000
97683  -2.694  35.408  81.373 0.2500000000
94136  7.377  28.633  78.882 0.1250000000
94114  8.243  29.188  80.024 0.1250000000
94774  10.067  30.257  82.384 0.1250000000
94059  13.234  29.219  86.075 0.1250000000
97687  2.152  34.451  80.727 0.1250000000
140807  1.930  34.652  81.727 0.1250000000
98693  -2.621  37.372  81.812 0.2500000000
95450  4.605  30.284  77.659 0.1250000000
95448  6.125  30.416  77.572 0.1250000000
94820  6.641  28.997  78.323 0.1250000000
95449  5.341  30.618  77.503 0.1250000000
94819  7.167  29.540  78.793 0.1250000000
95430  7.755  30.502  79.250 0.1250000000
138803  7.270  30.286  78.626 0.1250000000
124322  8.913  30.847  81.465 0.1250000000
95401  9.772  31.748  83.055 0.1250000000
98703  0.918  36.529  81.746 0.1250000000
98190  1.376  36.022  81.003 0.1250000000
98692  0.492  36.834  82.147 0.1250000000
97705  3.366  34.663  77.388 0.1250000000
96020  5.742  31.241  77.283 0.1250000000
98705  -4.011  37.018  80.570 0.2500000000
96018  7.542  31.435  77.472 0.1250000000
145296  -5.113  37.762  79.285 0.2500000000
130664  8.533  31.306  80.244 0.1250000000
99254  0.912  37.584  78.921 0.1250000000
99816  -3.006  38.906  82.117 0.2500000000
97712  3.484  34.929  76.652 0.1250000000
98204  2.960  35.365  77.170 0.1250000000
130775  -4.010  38.901  81.710 0.2500000000
96029  6.105  31.835  76.723 0.1250000000
97183  5.297  33.222  76.136 0.1250000000
99838  -5.087  38.517  79.537 0.2500000000
99233  -4.808  38.810  81.018 0.2500000000
96601  8.103  32.023  76.972 0.1250000000
96009  8.500  31.577  78.600 0.1250000000
99230  -0.121  37.759  81.215 0.1250000000
121717  2.115  36.693  77.445 0.1250000000
100491  -1.651  39.431  81.822 0.2500000000
97192  5.391  33.632  75.144 0.1250000000
99818  -4.627  39.603  81.439 0.2500000000
100496  -4.103  40.235  81.919 0.2500000000
96622  8.304  32.854  75.927 0.1250000000
100509  -5.115  39.882  80.745 0.2500000000
96591  9.461  32.823  78.828 0.1250000000
101154  -4.154  39.767  78.775 0.2500000000
99837  0.117  38.777  79.558 0.1250000000
99853  1.450  38.441  77.824 0.1250000000
99268  2.377  37.410  76.779 0.1250000000
98217  3.613  35.567  75.373 0.1250000000
101127  -2.955  40.605  82.277 0.2500000000
101129  -4.150  41.227  81.875 0.2500000000
101148  -4.723  40.890  80.636 0.2500000000
101772  -4.480  41.573  80.304 0.2500000000
134389  9.567  33.765  77.436 0.1250000000
101779  -4.173  41.652  79.521 0.2500000000
101787  -3.566  41.781  78.552 0.2500000000
144468  -3.519  42.131  82.169 0.2500000000
133539  5.249  34.357  74.480 0.1250000000
97189  8.234  33.386  75.435 0.1250000000
97726  7.604  34.772  74.524 0.1250000000
97711  9.309  34.044  76.475 0.1250000000
102349  -4.339  42.204  80.701 0.2500000000
102962  -3.373  43.834  81.159 0.2500000000
97164  9.660  33.672  78.405 0.1250000000
97694  9.697  34.372  80.012 0.1250000000
98188  9.549  36.359  80.633 0.1250000000
124133  -3.463  43.275  78.514 0.2500000000
102327  -2.316  42.701  82.385 0.2500000000
98238  4.989  36.157  73.754 0.1250000000
102987  -3.245  43.707  78.075 0.2500000000
61321  -0.935  -9.258  93.303 0.7500000000
144193  -0.705  -7.616  93.028 0.7500000000
62224  -0.908  -8.102  94.016 0.7500000000
61311  -1.255  -8.804  94.325 0.7500000000
58403  2.234  -11.183  98.306 0.5000000000
60385  -6.660  -9.795  97.132 0.7500000000
60373  -6.935  -10.559  97.031 0.6250000000
59443  -7.000  -11.259  96.116 0.6250000000
60372  -6.803  -10.574  97.643 0.6250000000
125752  -7.122  -11.601  95.862 0.6250000000
127776  -4.472  -8.930  97.671 0.7500000000
61254  -5.867  -9.532  97.793 0.6250000000
58437  -7.336  -12.140  95.687 0.5000000000
138737  -7.010  -11.716  94.981 0.7500000000
62205  -2.806  -7.620  96.140 0.7500000000
62195  -3.715  -8.231  96.835 0.7500000000
138510  -6.975  -11.270  94.209 0.6250000000
59468  -6.931  -10.665  94.355 0.7500000000
62231  -0.797  -8.210  93.144 0.7500000000
127656  -0.861  -7.242  94.555 0.7500000000
62218  -1.483  -7.495  95.397 0.7500000000
58475  -7.050  -11.462  93.077 0.5000000000
62237  -0.703  -7.947  92.399 0.8750000000
62217  -1.121  -7.839  94.866 0.7500000000
57439  -7.104  -11.575  92.482 0.5000000000
57456  -5.994  -12.685  91.201 0.3750000000
57438  -6.887  -12.227  92.192 0.3750000000
56467  -5.181  -12.942  90.710 0.2500000000
61305  20.980  -8.594  93.450 0.6250000000
62222  20.993  -7.966  93.341 0.6250000000
59413  2.389  -10.432  98.290 0.5000000000
61304  21.886  -8.824  92.869 0.6250000000
59406  2.793  -10.527  98.597 0.5000000000
59414  1.852  -11.141  97.915 0.6250000000
58404  1.615  -11.878  98.063 0.5000000000
58412  1.011  -12.042  97.631 0.6250000000
61282  -6.294  -9.046  97.149 0.7500000000
60386  -6.835  -9.652  96.453 0.7500000000
60398  -6.994  -9.538  95.752 0.7500000000
61266  -5.985  -8.791  97.352 0.7500000000
59456  -6.911  -10.438  95.528 0.7500000000
63130  -3.527  -7.364  96.589 0.7500000000
62187  -5.055  -8.590  97.506 0.7500000000
60410  -7.002  -9.374  95.156 0.7500000000
59483  -0.257  -10.645  92.515 0.7500000000
62212  -1.995  -7.108  95.693 0.7500000000
63140  -2.500  -6.798  96.048 0.7500000000
121798  -6.878  -11.082  95.199 0.7500000000
60443  -0.324  -10.009  91.874 0.8750000000
121458  -0.629  -10.017  92.545 0.8750000000
63154  -0.999  -6.441  95.063 0.7500000000
140676  -7.039  -10.447  93.325 0.6250000000
134938  -0.513  -8.841  91.527 0.8750000000
61327  -0.690  -9.094  92.415 0.8750000000
63170  -0.657  -7.073  92.915 0.7500000000
129692  -0.723  -7.293  93.658 0.7500000000
58484  -7.301  -10.736  92.183 0.5000000000
138341  -0.618  -7.791  91.650 0.8750000000
63181  -0.630  -7.063  92.153 0.8750000000
57457  -6.736  -11.915  91.274 0.3750000000
58499  -7.178  -11.234  91.638 0.5000000000
128765  -5.696  -11.013  89.494 0.3750000000
58514  -6.227  -11.125  90.109 0.3750000000
58528  -4.987  -11.435  88.984 0.2500000000
57490  -4.354  -12.353  89.244 0.2500000000
60361  2.572  -9.889  98.438 0.5000000000
62221  21.720  -8.128  93.000 0.7500000000
59421  2.077  -10.591  98.091 0.7500000000
59405  3.265  -10.593  98.883 0.5000000000
61316  22.479  -8.290  92.443 0.7500000000
59428  1.175  -11.504  97.458 0.7500000000
126903  1.360  -11.966  97.866 0.6250000000
59440  0.964  -11.297  96.775 0.8750000000
59454  0.433  -11.455  94.922 0.7500000000
63135  -6.074  -7.510  96.703 0.7500000000
62208  -6.643  -8.127  96.193 0.7500000000
63132  -4.725  -7.171  97.090 0.7500000000
123617  -5.776  -7.520  96.922 0.7500000000
62213  -6.878  -8.129  95.677 0.7500000000
61293  -6.925  -8.791  96.015 0.7500000000
59475  0.141  -10.907  92.943 0.8750000000
64141  -4.346  -6.507  96.819 0.7500000000
62198  -5.472  -7.909  97.211 0.7500000000
61303  -7.051  -8.665  94.943 0.7500000000
59482  0.437  -10.467  91.968 0.8750000000
64149  -2.252  -5.988  96.163 0.7500000000
64139  -3.311  -6.678  96.563 0.7500000000
60421  -6.960  -9.910  94.665 0.7500000000
60452  0.107  -9.704  91.102 0.8750000000
63146  -1.421  -5.952  95.479 0.7500000000
60444  -7.378  -9.700  92.658 0.7500000000
61332  -0.270  -8.866  90.767 0.8750000000
128037  -0.697  -6.305  93.576 0.7500000000
58500  -7.434  -10.372  91.220 0.5000000000
58485  -7.501  -10.205  92.001 0.5000000000
62245  -0.450  -7.727  90.022 0.8750000000
141184  -0.497  -7.081  90.505 0.8750000000
63189  -0.583  -7.071  91.347 0.8750000000
128098  -0.641  -6.301  92.698 0.7500000000
58530  -7.029  -9.667  89.640 0.5000000000
58515  -7.004  -10.311  90.334 0.5000000000
63208  -0.438  -7.059  89.645 0.8750000000
128096  -0.531  -6.242  91.034 0.8750000000
59523  -5.556  -10.369  88.920 0.3750000000
58529  -6.309  -10.207  89.614 0.5000000000
59535  -4.734  -10.273  87.381 0.2500000000
58539  -3.968  -11.282  87.294 0.2500000000
61250  2.780  -9.285  98.489 0.7500000000
60355  3.427  -9.482  98.993 0.5000000000
60356  2.885  -9.886  98.600 0.5000000000
59427  1.596  -10.709  97.486 0.7500000000
59422  1.479  -11.207  97.604 0.6250000000
125922  23.051  -7.729  91.842 0.7500000000
59439  1.290  -10.495  96.444 0.8750000000
62226  23.913  -7.734  91.343 0.7500000000
59453  0.914  -10.659  94.385 0.8750000000
133651  -6.426  -7.537  96.285 0.7500000000
135995  1.479  -10.311  93.183 0.8750000000
64143  -5.536  -7.146  96.845 0.7500000000
63134  -5.861  -6.941  96.575 0.7500000000
62219  -7.024  -8.118  95.195 0.7500000000
59474  0.997  -10.635  92.563 0.8750000000
64150  -2.751  -5.873  96.553 0.7500000000
64140  -3.532  -6.220  96.712 0.7500000000
61322  -7.328  -8.572  93.634 0.7500000000
140625  -1.559  -5.402  95.436 0.7500000000
61348  -0.207  -7.751  89.282 0.8750000000
140250  -0.191  -8.461  90.047 0.8750000000
64170  -0.897  -5.902  94.434 0.7500000000
131526  -1.218  -5.175  94.567 0.7500000000
60474  -7.783  -9.391  90.522 0.6250000000
60463  -7.884  -9.079  91.085 0.6250000000
142586  -0.353  -7.080  88.902 0.8750000000
64192  -0.737  -5.534  92.469 0.7500000000
59524  -6.479  -9.383  88.807 0.5000000000
59510  -7.429  -9.488  89.843 0.5000000000
125282  -0.318  -6.193  89.174 0.8750000000
128268  -0.434  -6.247  90.179 0.8750000000
128097  -0.592  -6.240  91.884 0.8750000000
138138  -6.095  -9.120  87.773 0.3750000000
59536  -5.458  -9.850  88.114 0.5000000000
64221  -0.340  -5.307  89.978 0.8750000000
64201  -0.671  -5.298  91.534 0.8750000000
143471  -5.366  -9.552  87.373 0.3750000000
59547  -3.894  -10.230  85.849 0.2500000000
60360  3.027  -9.351  98.720 0.5000000000
60352  3.787  -10.015  99.054 0.5000000000
61263  2.920  -8.584  98.440 0.7500000000
63163  23.811  -6.511  91.058 0.7500000000
60351  3.952  -9.505  99.294 0.5000000000
60383  1.728  -9.725  96.976 0.8750000000
60370  2.149  -9.722  98.012 0.8750000000
143739  23.610  -7.214  91.369 0.7500000000
60397  1.526  -9.744  95.936 0.8750000000
64173  24.035  -5.567  90.793 0.7500000000
63174  24.288  -6.942  91.043 0.7500000000
60407  1.452  -9.874  94.923 0.8750000000
127446  24.503  -6.131  90.752 0.7500000000
62235  24.374  -7.147  91.087 0.7500000000
60418  1.498  -10.097  93.950 0.8750000000
143439  -6.693  -7.636  95.868 0.7500000000
63148  -6.654  -6.969  95.757 0.7500000000
63172  24.976  -6.345  90.608 0.7500000000
60430  1.715  -10.205  92.675 0.8750000000
64153  -5.918  -6.248  96.336 0.7500000000
63142  -6.244  -6.529  96.145 0.7500000000
64162  -7.076  -6.983  95.084 0.7500000000
137777  -7.336  -7.645  94.276 0.7500000000
128234  1.915  -9.805  91.585 0.8750000000
60451  1.071  -9.944  91.326 0.8750000000
64152  -4.663  -5.899  96.634 0.7500000000
62220  -7.156  -8.118  94.666 0.7500000000
126217  -7.436  -7.716  93.670 0.7500000000
61331  1.869  -9.368  90.906 0.8750000000
60461  0.853  -9.457  90.583 0.8750000000
65130  -2.588  -4.918  96.761 0.7500000000
65123  -3.829  -5.597  96.800 0.7500000000
62232  -7.467  -8.060  93.245 0.7500000000
61337  0.588  -9.002  89.908 0.8750000000
60462  0.136  -9.139  90.460 0.8750000000
65140  -1.725  -4.882  95.624 0.7500000000
65129  -2.179  -5.187  96.377 0.7500000000
61328  -7.633  -8.686  92.177 0.7500000000
121683  -7.501  -8.483  92.872 0.7500000000
61347  0.343  -8.442  89.301 0.8750000000
64179  -0.941  -5.420  93.856 0.7500000000
65150  -1.506  -5.028  95.132 0.7500000000
126260  -8.014  -8.796  90.267 0.6250000000
61333  -7.779  -8.937  91.470 0.6250000000
65168  -1.075  -4.931  93.152 0.8750000000
60484  -7.218  -8.779  88.712 0.6250000000
61349  -7.945  -8.876  89.935 0.6250000000
63223  -0.229  -6.669  88.248 0.8750000000
65178  -0.957  -4.844  92.270 0.8750000000
60504  -6.444  -8.458  87.276 0.6250000000
60495  -7.377  -8.270  88.298 0.6250000000
64234  -0.168  -5.682  88.289 0.8750000000
128927  -0.081  -5.021  89.148 0.8750000000
60503  -5.689  -8.937  86.968 0.3750000000
141921  -5.693  -8.160  85.800 0.3750000000
59548  -4.790  -9.641  86.587 0.2500000000
121707  9.491  -6.490  97.051 0.6250000000
61245  3.311  -8.915  99.031 0.7500000000
61280  2.128  -8.893  97.387 0.8750000000
59404  4.814  -10.419  99.236 0.5000000000
61291  1.811  -8.916  96.401 0.8750000000
61310  1.891  -9.257  94.440 0.8750000000
64184  24.600  -5.190  90.596 0.7500000000
61325  2.547  -8.694  93.119 0.8750000000
61326  2.274  -9.592  92.396 0.8750000000
61320  2.058  -9.578  93.419 0.8750000000
65134  -5.621  -5.520  96.124 0.7500000000
64161  -6.600  -6.132  95.527 0.7500000000
64171  -7.112  -6.204  94.512 0.7500000000
63161  -7.333  -7.062  94.430 0.7500000000
63183  25.208  -6.596  90.443 0.7500000000
61330  2.475  -9.091  91.674 0.8750000000
66111  -3.505  -3.929  96.724 0.8750000000
65132  -4.129  -4.813  96.723 0.7500000000
64172  -7.340  -6.448  93.825 0.7500000000
63162  -7.460  -7.222  93.725 0.7500000000
63202  25.655  -6.817  89.542 0.5000000000
61335  2.294  -8.686  90.404 0.8750000000
66117  -2.323  -3.790  96.351 0.8750000000
66110  -2.698  -4.092  96.840 0.8750000000
65131  -3.266  -4.749  96.891 0.7500000000
64181  -7.287  -6.647  92.987 0.7500000000
63171  -7.462  -7.472  92.833 0.7500000000
61345  1.975  -8.575  89.628 0.8750000000
61336  1.481  -9.064  90.088 0.8750000000
66127  -1.886  -3.938  95.352 0.8750000000
65141  -1.906  -4.245  95.949 0.7500000000
140928  -7.573  -8.036  92.219 0.7500000000
61346  1.192  -8.710  89.383 0.8750000000
65159  -1.288  -4.713  94.058 0.7500000000
66135  -1.589  -4.114  94.219 0.8750000000
62247  -7.974  -7.823  90.705 0.6250000000
123574  -7.806  -8.277  91.394 0.7500000000
61356  0.945  -8.259  88.771 0.8750000000
138107  -0.055  -7.386  88.495 0.8750000000
61357  -7.898  -8.222  89.296 0.6250000000
62255  -8.157  -8.179  89.985 0.6250000000
63222  0.222  -7.106  87.719 0.8750000000
133428  -1.077  -4.321  91.548 0.8750000000
60494  -6.820  -8.645  88.069 0.6250000000
60496  -7.681  -7.968  88.573 0.6250000000
63237  0.049  -6.152  87.364 0.8750000000
65187  -0.644  -4.721  90.711 0.8750000000
61377  -6.288  -7.716  85.896 0.5000000000
61368  -6.065  -8.311  86.472 0.5000000000
64129  8.661  -5.477  98.000 0.7500000000
61246  8.059  -6.770  98.386 0.7500000000
144996  8.001  -7.108  98.129 0.7500000000
61277  8.502  -7.086  97.302 0.6250000000
61261  7.493  -7.628  98.039 0.5000000000
61240  3.935  -9.034  99.530 0.6250000000
137142  3.541  -7.712  98.958 0.7500000000
61279  2.671  -8.161  97.739 0.8750000000
61290  2.223  -8.144  96.792 0.8750000000
60396  7.884  -8.496  96.605 0.3750000000
58401  5.346  -10.664  98.842 0.5000000000
60349  5.044  -10.033  99.261 0.6250000000
61244  3.720  -9.076  99.348 0.6250000000
59451  7.960  -9.490  95.158 0.3750000000
57389  5.848  -11.391  96.830 0.2500000000
61309  1.977  -8.353  94.904 0.8750000000
61300  1.752  -9.031  95.407 0.8750000000
65172  24.558  -4.228  90.633 0.8750000000
58431  7.600  -10.503  94.658 0.2500000000
57396  6.390  -11.682  96.110 0.2500000000
142780  25.026  -5.501  90.582 0.7500000000
58447  7.340  -11.305  94.138 0.2500000000
62230  2.555  -7.767  93.601 0.8750000000
61319  2.296  -8.572  94.012 0.8750000000
66120  -5.314  -3.743  94.574 0.7500000000
65170  25.092  -4.783  90.551 0.7500000000
64182  25.244  -5.641  90.548 0.7500000000
140016  2.663  -8.672  92.356 0.8750000000
66118  -4.547  -2.856  95.306 0.8750000000
65142  -5.180  -4.460  95.619 0.7500000000
143757  -6.261  -4.940  94.289 0.7500000000
65154  -6.490  -5.029  93.983 0.7500000000
131979  25.514  -6.103  90.341 0.7500000000
64204  25.684  -5.258  90.240 0.7500000000
62240  2.792  -8.070  91.766 0.8750000000
67065  -2.929  -3.397  96.437 0.8750000000
67066  -3.706  -3.207  95.985 0.8750000000
66112  -4.423  -3.951  96.091 0.7500000000
132020  -6.910  -5.611  93.812 0.7500000000
63214  25.499  -6.856  89.061 0.5000000000
62244  2.527  -7.995  89.975 0.8750000000
140452  2.545  -8.680  91.114 0.8750000000
67071  -2.157  -3.409  95.187 0.8750000000
67072  -2.559  -3.164  95.720 0.8750000000
64180  -6.814  -5.674  93.123 0.7500000000
125891  2.290  -8.069  89.266 0.8750000000
67083  -1.904  -3.557  94.289 0.8750000000
66126  -1.705  -4.116  94.779 0.8750000000
63182  -7.580  -7.420  91.774 0.7500000000
125934  2.258  -7.791  88.606 0.8750000000
62252  1.716  -8.293  88.950 0.8750000000
129264  -1.904  -3.119  93.147 0.8750000000
66144  -1.550  -4.009  93.406 0.8750000000
62242  -7.782  -7.718  91.282 0.7500000000
62269  1.180  -7.447  87.592 0.8750000000
62262  0.626  -7.730  88.225 0.8750000000
67111  -1.767  -3.278  92.498 0.8750000000
66155  -1.363  -4.226  92.491 0.8750000000
62254  -8.025  -7.570  89.690 0.6250000000
139301  -8.109  -7.872  90.228 0.7500000000
63236  0.829  -6.786  87.025 0.8750000000
134634  -1.359  -3.629  91.247 0.8750000000
61364  -7.676  -7.469  88.077 0.6250000000
62263  -7.822  -7.677  88.770 0.6250000000
63248  1.514  -6.421  86.520 0.8750000000
65198  -0.438  -4.273  89.820 0.8750000000
61371  -7.448  -7.217  87.329 0.6250000000
64244  0.216  -5.269  86.795 0.8750000000
64245  0.012  -5.010  87.693 0.8750000000
137035  -0.001  -4.745  88.475 0.8750000000
61378  -6.853  -7.236  86.033 0.6250000000
61385  -6.348  -7.161  85.363 0.5000000000
122936  8.935  -5.182  97.823 0.7500000000
64119  8.188  -5.367  98.252 0.7500000000
63119  8.090  -6.330  98.561 0.7500000000
62183  7.702  -6.926  98.826 0.7500000000
62175  7.363  -6.970  99.038 0.7500000000
60368  6.965  -8.324  97.802 0.5000000000
62184  7.073  -7.649  98.944 0.5000000000
62173  4.978  -8.648  99.523 0.6250000000
62178  4.032  -8.704  99.515 0.7500000000
62194  3.024  -7.906  98.356 0.7500000000
62204  2.659  -7.407  97.075 0.8750000000
59426  6.661  -9.480  97.037 0.3750000000
60359  6.178  -8.865  98.620 0.5000000000
144922  5.760  -9.514  98.819 0.5000000000
59402  5.363  -9.948  99.082 0.6250000000
61239  4.569  -9.170  99.531 0.6250000000
59452  7.453  -9.832  96.002 0.3750000000
59438  6.868  -10.172  96.515 0.3750000000
121371  6.250  -10.195  97.008 0.3750000000
59420  5.724  -10.337  98.260 0.5000000000
62216  2.127  -7.553  95.346 0.8750000000
61299  1.946  -8.202  95.850 0.8750000000
131278  7.307  -10.596  95.564 0.3750000000
143224  7.153  -10.419  96.082 0.3750000000
62223  2.267  -7.671  94.473 0.8750000000
65171  24.913  -3.931  90.639 0.7500000000
67076  -5.317  -2.571  94.269 0.8750000000
66128  -5.494  -2.594  93.894 0.7500000000
65153  -5.674  -3.920  93.700 0.7500000000
63180  2.862  -7.043  92.217 0.8750000000
62236  2.759  -7.852  92.725 0.8750000000
67074  -4.118  -2.199  95.462 0.8750000000
67075  -4.968  -1.937  94.939 0.8750000000
64214  26.092  -5.352  89.587 0.7500000000
63188  2.843  -7.104  91.324 0.8750000000
68043  -2.744  -1.743  94.470 0.8750000000
68026  -2.951  -2.179  95.176 0.8750000000
65160  -5.922  -4.556  93.190 0.7500000000
138268  25.717  -5.863  88.408 0.6250000000
134675  2.719  -7.964  90.838 0.8750000000
68025  -2.456  -2.661  94.866 0.8750000000
64193  -6.761  -5.842  92.185 0.7500000000
64194  -7.302  -6.739  92.052 0.7500000000
63207  2.724  -7.256  89.384 0.8750000000
67099  -2.044  -2.563  93.252 0.8750000000
67098  -1.887  -3.379  93.713 0.8750000000
68060  -1.959  -2.454  92.717 0.8750000000
64212  -7.901  -5.917  89.986 0.7500000000
63190  -7.786  -6.743  90.528 0.7500000000
63221  2.778  -7.048  88.373 0.8750000000
67124  -1.626  -3.062  91.575 0.8750000000
63198  -7.896  -6.720  90.014 0.7500000000
63235  1.814  -7.025  87.070 0.8750000000
66174  -0.968  -3.919  90.647 0.8750000000
67134  -1.268  -3.100  90.655 0.8750000000
62270  -7.656  -6.967  87.660 0.7500000000
63224  -7.830  -6.380  88.656 0.7500000000
66183  -0.840  -3.544  90.010 0.8750000000
64261  1.284  -5.856  85.971 0.8750000000
63249  0.650  -6.031  86.539 0.8750000000
65221  -0.091  -4.180  88.953 0.8750000000
138368  -0.185  -3.731  88.707 0.8750000000
62279  -7.007  -6.623  85.726 0.6250000000
62273  -7.233  -6.973  86.498 0.6250000000
65233  0.099  -4.293  87.183 0.8750000000
65234  -0.004  -4.032  88.160 0.8750000000
62278  -6.596  -6.638  85.183 0.5000000000
65247  0.303  -4.548  86.347 0.8750000000
62286  -6.798  -6.209  85.053 0.5000000000
68007  9.085  -3.336  96.989 0.8750000000
67046  8.433  -4.127  97.628 0.8750000000
65103  7.846  -5.134  98.280 0.7500000000
64121  7.485  -5.562  98.810 0.7500000000
63110  7.381  -6.159  99.074 0.7500000000
62176  6.762  -7.019  99.190 0.7500000000
61237  6.014  -8.049  99.330 0.7500000000
63114  4.059  -7.645  99.223 0.7500000000
63121  3.861  -6.927  98.773 0.7500000000
68021  10.084  -2.421  95.857 0.8750000000
133354  6.636  -7.830  99.123 0.6250000000
129277  3.007  -7.299  97.856 0.8750000000
61248  6.645  -8.244  98.693 0.5000000000
61241  6.257  -8.403  99.035 0.6250000000
127398  5.618  -9.014  99.148 0.6250000000
69011  11.291  -1.442  93.783 0.8750000000
132221  2.368  -6.906  94.933 0.8750000000
62211  2.302  -7.473  96.215 0.8750000000
66157  25.067  -3.258  90.782 0.7500000000
63169  2.735  -6.828  93.159 0.8750000000
68030  -6.044  -0.933  94.763 0.8750000000
66129  -5.598  -2.529  93.597 0.7500000000
66130  -5.696  -2.458  93.300 0.7500000000
66166  25.462  -3.336  90.498 0.7500000000
68028  -4.640  -1.272  94.969 0.8750000000
128435  -5.460  -1.726  94.436 0.8750000000
66136  -5.675  -2.644  92.745 0.7500000000
66176  26.067  -3.855  89.769 0.7500000000
124543  26.069  -5.283  88.781 0.7500000000
63187  2.970  -6.264  90.929 0.8750000000
68027  -3.761  -1.653  95.170 0.8750000000
66145  -5.701  -3.058  92.119 0.7500000000
65213  26.077  -4.480  88.451 0.7500000000
129488  25.773  -5.230  88.022 0.6250000000
63196  3.152  -6.338  90.077 0.8750000000
63197  2.804  -7.125  90.412 0.8750000000
68042  -2.341  -2.161  93.806 0.8750000000
136141  -6.715  -4.871  91.494 0.7500000000
64251  24.962  -5.758  86.455 0.3750000000
63206  3.218  -6.316  89.147 0.8750000000
68061  -2.081  -1.884  92.832 0.8750000000
67092  -2.124  -2.777  93.776 0.8750000000
63234  2.690  -6.703  87.452 0.8750000000
67112  -1.877  -2.390  92.036 0.8750000000
67143  -0.959  -2.906  89.787 0.8750000000
67125  -1.639  -2.341  91.163 0.8750000000
132474  -7.849  -5.998  89.067 0.7500000000
63247  2.282  -6.502  86.753 0.8750000000
64246  -7.755  -5.898  87.865 0.7500000000
137469  -7.756  -4.686  88.575 0.7500000000
64260  2.296  -6.012  86.087 0.8750000000
66191  -0.491  -3.506  89.235 0.8750000000
64263  -7.682  -5.400  86.896 0.7500000000
64262  0.612  -5.355  86.073 0.8750000000
63254  -7.073  -6.115  85.460 0.7500000000
65260  1.247  -5.083  85.013 0.8750000000
66234  0.304  -3.904  85.824 0.8750000000
63261  -7.136  -5.613  85.066 0.7500000000
63268  -6.487  -6.063  84.189 0.5000000000
68013  9.169  -2.691  96.386 0.8750000000
68008  8.222  -3.186  96.885 0.8750000000
67047  7.788  -4.231  97.795 0.8750000000
67048  7.350  -4.318  97.793 0.8750000000
65105  7.236  -5.234  98.569 0.7500000000
64122  6.929  -5.658  99.023 0.7500000000
63106  6.125  -7.323  99.279 0.7500000000
64124  5.502  -6.014  99.126 0.7500000000
63120  4.560  -6.494  99.007 0.7500000000
64137  4.031  -5.843  98.087 0.8750000000
141762  9.619  -2.292  95.742 0.8750000000
68022  8.922  -2.341  95.939 0.8750000000
68015  7.478  -2.925  96.471 0.8750000000
62172  5.610  -8.225  99.416 0.7500000000
63113  4.969  -7.061  99.257 0.7500000000
63129  3.361  -6.597  97.906 0.8750000000
63122  3.391  -7.306  98.462 0.8750000000
69013  10.067  -1.695  93.969 0.8750000000
68038  9.566  -2.127  95.268 0.8750000000
63139  3.014  -6.630  97.301 0.8750000000
63145  2.683  -6.774  96.501 0.8750000000
139251  10.690  -1.478  93.422 0.8750000000
134599  2.715  -6.312  96.031 0.8750000000
66163  5.008  -4.462  92.199 0.8750000000
66153  4.834  -4.330  92.894 0.8750000000
126586  2.706  -6.079  93.814 0.8750000000
132839  2.622  -6.182  94.606 0.8750000000
67101  24.617  -2.954  90.951 0.7500000000
65195  5.367  -4.916  90.146 0.8750000000
65185  4.491  -4.892  91.447 0.8750000000
65176  4.311  -4.672  92.309 0.8750000000
63159  2.519  -6.915  94.087 0.8750000000
67115  24.988  -2.565  90.874 0.7500000000
65206  4.744  -5.082  89.432 0.8750000000
65196  4.650  -5.065  90.450 0.8750000000
65186  3.780  -5.150  91.581 0.8750000000
64191  2.893  -6.115  92.512 0.8750000000
70000  -4.597  0.417  94.878 0.8750000000
68996  -5.116  0.093  95.223 0.8750000000
144069  25.810  -3.381  90.154 0.7500000000
65219  4.844  -4.960  88.470 0.8750000000
65220  4.240  -5.254  88.747 0.8750000000
65207  4.199  -5.319  89.675 0.8750000000
65197  4.058  -5.278  90.634 0.8750000000
64210  3.484  -5.659  90.746 0.8750000000
64200  2.967  -6.247  91.738 0.8750000000
69016  -2.927  -0.669  93.578 0.8750000000
136938  -3.870  -0.097  94.503 0.8750000000
132258  -6.874  -2.436  91.920 0.7500000000
66185  26.208  -3.569  88.957 0.7500000000
125547  4.211  -5.106  87.860 0.8750000000
69015  -2.542  -1.370  93.394 0.8750000000
69004  -2.655  -1.491  93.898 0.8750000000
65240  25.378  -5.290  87.167 0.5000000000
131148  3.625  -5.483  87.290 0.8750000000
69036  -2.136  -1.269  92.397 0.8750000000
68052  -2.216  -1.999  93.323 0.8750000000
64266  24.816  -5.246  85.667 0.3750000000
68086  -1.634  -1.630  90.742 0.8750000000
68074  -1.885  -1.548  91.708 0.8750000000
67135  -1.317  -2.334  90.283 0.8750000000
64243  2.940  -6.051  86.865 0.8750000000
124542  -7.728  -4.864  87.762 0.7500000000
65259  2.108  -5.171  84.802 0.8750000000
64274  1.765  -5.574  85.417 0.8750000000
136843  -7.544  -5.294  86.007 0.7500000000
65235  -7.809  -4.572  86.954 0.7500000000
65262  -7.445  -4.780  85.307 0.7500000000
65278  0.756  -4.312  84.970 0.8750000000
66206  0.151  -3.821  86.672 0.8750000000
66207  -0.034  -3.359  87.386 0.8750000000
63260  -6.901  -5.785  84.553 0.5000000000
64288  -7.309  -5.043  84.610 0.7500000000
64287  -7.130  -5.290  84.078 0.6250000000
67055  7.166  -3.918  97.420 0.8750000000
66100  6.954  -4.189  97.639 0.8750000000
65106  6.787  -5.254  98.701 0.8750000000
65120  5.905  -4.882  97.926 0.8750000000
64131  5.135  -5.737  98.790 0.8750000000
64136  4.776  -5.546  98.283 0.8750000000
124297  8.778  -2.259  95.424 0.8750000000
132040  7.862  -2.596  95.459 0.8750000000
68024  7.087  -2.726  95.969 0.8750000000
67063  6.868  -3.472  96.707 0.8750000000
64147  3.842  -5.705  97.517 0.8750000000
69014  9.102  -2.068  94.234 0.8750000000
68039  8.541  -2.376  94.878 0.8750000000
64148  3.405  -6.063  97.427 0.8750000000
66133  5.039  -4.041  94.112 0.8750000000
65139  3.466  -5.462  96.225 0.8750000000
64157  3.031  -5.958  96.687 0.8750000000
69023  10.333  -1.474  93.059 0.8750000000
65184  5.357  -4.694  91.265 0.8750000000
66162  5.782  -4.135  92.120 0.8750000000
66152  5.530  -4.048  92.780 0.8750000000
66142  5.328  -4.022  93.418 0.8750000000
125228  4.706  -4.268  93.459 0.8750000000
66154  4.189  -4.516  93.051 0.8750000000
65158  3.324  -4.936  94.816 0.8750000000
64165  2.961  -5.723  95.848 0.8750000000
64178  2.976  -5.294  93.579 0.8750000000
71001  -5.139  1.665  94.797 0.8750000000
68077  25.282  -2.152  90.548 0.7500000000
65177  3.696  -4.908  92.515 0.8750000000
64199  3.233  -5.480  92.066 0.8750000000
126286  2.804  -5.899  93.158 0.8750000000
71005  -4.338  1.160  93.863 0.8750000000
71000  -4.690  1.269  94.389 0.8750000000
67127  25.648  -2.672  90.243 0.7500000000
135764  3.248  -5.665  91.391 0.8750000000
70011  -3.881  0.537  93.921 0.8750000000
70005  -3.685  0.141  94.098 0.8750000000
70021  -2.755  0.193  92.374 0.8750000000
134017  -2.944  0.079  93.015 0.8750000000
132486  -7.543  -2.486  91.377 0.7500000000
67146  26.093  -2.501  89.097 0.7500000000
66197  25.997  -3.809  88.099 0.7500000000
65232  4.145  -4.976  86.941 0.8750000000
64233  3.754  -5.669  88.965 0.8750000000
64220  3.679  -5.705  89.869 0.8750000000
69050  -2.261  -0.226  91.372 0.8750000000
69037  -2.447  -0.480  92.542 0.8750000000
65241  25.429  -4.354  86.871 0.5000000000
65246  4.107  -4.819  86.017 0.8750000000
137554  3.231  -5.946  87.598 0.8750000000
63220  3.234  -6.160  88.266 0.8750000000
69049  -1.901  -0.869  91.114 0.8750000000
131974  -2.094  -0.694  91.905 0.8750000000
65252  25.072  -4.231  85.987 0.3750000000
65258  3.451  -5.016  85.374 0.8750000000
64259  3.353  -5.431  86.278 0.8750000000
67144  -1.038  -2.261  89.560 0.8750000000
65269  24.670  -4.472  85.173 0.2500000000
126778  2.871  -5.049  84.820 0.8750000000
64273  2.658  -5.436  85.430 0.8750000000
68102  -1.074  -1.772  88.808 0.8750000000
64281  24.111  -5.244  84.009 0.2500000000
145637  -0.632  -2.408  88.399 0.8750000000
67153  -0.736  -2.668  89.035 0.8750000000
65277  1.551  -4.577  84.378 0.8750000000
123152  -0.321  -3.178  88.395 0.8750000000
66250  2.013  -3.900  83.782 0.8750000000
66251  0.970  -3.688  84.256 0.8750000000
139245  6.138  -4.094  96.803 0.8750000000
66102  5.664  -4.671  97.421 0.8750000000
65121  5.270  -5.080  97.825 0.8750000000
68049  8.157  -2.601  94.385 0.8750000000
138875  7.776  -2.758  94.948 0.8750000000
68040  7.086  -2.889  95.325 0.8750000000
68041  6.515  -3.081  95.607 0.8750000000
67069  6.546  -3.219  96.139 0.8750000000
67070  6.205  -3.436  95.882 0.8750000000
66108  5.637  -4.332  96.766 0.8750000000
65127  4.986  -4.879  97.171 0.8750000000
65128  4.264  -5.198  97.047 0.8750000000
68072  7.970  -2.407  93.093 0.8750000000
68057  8.582  -2.270  93.693 0.8750000000
68051  6.550  -3.180  94.964 0.8750000000
67090  5.933  -3.434  94.826 0.8750000000
67091  5.602  -3.661  94.741 0.8750000000
144057  5.138  -4.037  95.200 0.8750000000
66115  5.167  -4.177  95.677 0.8750000000
65138  4.091  -5.119  96.430 0.8750000000
64156  3.647  -5.565  96.947 0.8750000000
69024  9.532  -1.769  93.465 0.8750000000
120939  6.347  -3.411  93.686 0.8750000000
67097  5.775  -3.671  94.090 0.8750000000
66124  5.103  -3.980  94.797 0.8750000000
66134  4.520  -4.219  94.485 0.8750000000
66116  4.432  -4.666  95.807 0.8750000000
134291  3.860  -5.074  95.829 0.8750000000
68071  8.896  -1.790  92.894 0.8750000000
65157  3.922  -4.482  94.598 0.8750000000
65148  3.877  -4.730  95.255 0.8750000000
65149  3.358  -5.229  95.487 0.8750000000
68085  8.295  -1.980  92.193 0.8750000000
122471  9.245  -1.350  92.077 0.8750000000
137955  6.018  -4.649  90.675 0.8750000000
65166  3.564  -4.795  93.310 0.8750000000
71002  -5.432  2.279  94.904 0.8750000000
69039  24.647  -0.660  90.775 0.8750000000
68083  9.625  -0.941  91.136 0.8750000000
65205  5.504  -4.838  89.137 0.8750000000
64190  3.105  -5.327  92.827 0.8750000000
72033  -4.471  1.959  92.871 0.8750000000
123465  25.567  -1.628  90.044 0.7500000000
65231  4.966  -4.797  87.467 0.8750000000
65218  5.663  -4.690  88.166 0.8750000000
71008  -3.378  0.619  92.794 0.8750000000
71009  -4.077  1.170  93.230 0.8750000000
67157  25.898  -2.864  88.102 0.7500000000
70022  -3.212  0.716  92.013 0.8750000000
70044  -2.638  0.255  90.851 0.8750000000
66214  25.322  -3.481  86.609 0.6250000000
130314  4.096  -4.617  85.245 0.8750000000
69067  -2.253  -0.428  89.630 0.8750000000
69060  -2.228  -0.332  90.534 0.8750000000
66241  24.742  -3.789  85.425 0.2500000000
65275  3.549  -4.539  84.554 0.8750000000
69066  -1.766  -1.095  89.280 0.8750000000
69059  -1.858  -1.022  90.205 0.8750000000
68108  -1.329  -1.320  87.711 0.8750000000
65270  24.277  -4.516  84.407 0.2500000000
65284  23.974  -4.603  83.589 0.2500000000
66249  3.100  -3.930  83.790 0.8750000000
65276  2.537  -4.638  84.240 0.8750000000
68107  -0.769  -1.950  87.992 0.8750000000
127978  2.618  -3.061  83.552 0.8750000000
67152  -0.413  -2.541  87.731 0.8750000000
66235  0.140  -3.183  85.541 0.8750000000
66220  0.036  -3.235  86.425 0.8750000000
68058  7.646  -2.824  93.879 0.8750000000
68050  7.288  -2.989  94.626 0.8750000000
68073  7.097  -3.028  93.336 0.8750000000
68059  6.766  -3.217  94.162 0.8750000000
67108  7.426  -2.767  92.580 0.8750000000
67109  6.619  -3.252  92.915 0.8750000000
67096  6.169  -3.397  94.530 0.8750000000
136907  6.460  -3.762  92.006 0.8750000000
67120  8.413  -2.234  91.215 0.8750000000
66173  6.289  -4.268  91.399 0.8750000000
68084  8.939  -1.579  91.528 0.8750000000
71006  -4.939  1.870  94.315 0.8750000000
68089  25.156  -1.162  90.497 0.8750000000
68092  9.044  -1.722  90.689 0.8750000000
72038  -4.325  1.990  91.905 0.8750000000
68095  25.856  -1.475  89.312 0.7500000000
144187  5.331  -4.599  86.948 0.8750000000
145433  5.247  -4.359  86.077 0.8750000000
71020  -3.729  1.318  91.518 0.8750000000
67158  25.547  -2.774  87.143 0.7500000000
65245  4.814  -4.382  85.603 0.8750000000
71033  -3.541  1.368  90.649 0.8750000000
70033  -2.666  0.277  91.649 0.8750000000
67172  25.171  -2.624  86.402 0.5000000000
70056  -2.656  0.187  90.011 0.8750000000
135357  3.607  -3.042  83.692 0.8750000000
128719  -2.531  0.062  88.137 0.8750000000
69076  -2.209  -0.503  88.740 0.8750000000
132823  24.164  -2.990  84.574 0.3750000000
69087  -2.022  -0.604  87.866 0.8750000000
69075  -1.680  -1.042  88.483 0.8750000000
66242  24.413  -3.783  84.811 0.2500000000
66256  24.013  -3.702  83.938 0.2500000000
121929  1.582  -2.933  83.691 0.8750000000
68116  -0.749  -1.913  87.218 0.8750000000
66267  23.483  -3.575  82.556 0.1250000000
138656  0.795  -2.931  84.026 0.8750000000
67164  -0.301  -2.581  86.859 0.8750000000
67194  0.389  -3.102  84.702 0.8750000000
67195  -0.123  -2.600  85.021 0.8750000000
67122  6.912  -3.247  92.230 0.8750000000
66161  7.173  -3.677  91.352 0.8750000000
67133  8.021  -3.100  90.805 0.8750000000
66172  6.796  -4.330  90.566 0.8750000000
70024  24.457  0.382  90.762 0.8750000000
67132  8.623  -2.540  90.309 0.8750000000
137591  9.049  -2.011  89.932 0.8750000000
133377  5.772  -4.509  87.296 0.8750000000
127629  25.388  -0.687  90.180 0.8750000000
67142  8.725  -2.614  89.469 0.8750000000
72045  -3.933  2.078  90.998 0.8750000000
133851  25.869  -1.791  88.432 0.7500000000
72056  -3.701  2.084  90.123 0.8750000000
134578  25.644  -1.972  87.545 0.7500000000
66248  4.054  -3.764  84.107 0.8750000000
71063  -3.245  1.561  88.598 0.8750000000
143447  -3.386  1.457  89.165 0.8750000000
132660  25.397  -2.065  86.846 0.6250000000
134488  25.035  -1.744  86.235 0.6250000000
71062  -2.916  0.794  88.379 0.8750000000
70070  -3.191  0.967  89.100 0.8750000000
67187  24.734  -2.415  85.726 0.5000000000
67208  2.223  -2.238  83.431 0.8750000000
70069  -2.742  0.215  89.083 0.8750000000
67188  24.344  -2.265  85.021 0.3750000000
69100  -1.813  -0.695  86.934 0.8750000000
133363  23.857  -2.816  83.935 0.1250000000
67209  1.048  -2.302  83.718 0.8750000000
66257  23.628  -3.071  83.196 0.1250000000
67210  0.348  -2.433  84.236 0.8750000000
68140  -0.600  -1.989  85.314 0.8750000000
68124  -0.718  -1.947  86.271 0.8750000000
66182  7.099  -4.262  89.568 0.8750000000
66171  7.646  -3.856  90.310 0.8750000000
65204  6.410  -4.500  88.814 0.8750000000
71014  24.334  1.241  90.751 0.8750000000
66170  8.308  -3.307  89.884 0.8750000000
122406  5.659  -4.302  86.498 0.8750000000
65244  5.538  -3.992  85.739 0.8750000000
65256  5.141  -3.760  85.059 0.8750000000
69053  25.040  -0.021  90.492 0.8750000000
66189  8.304  -3.279  88.814 0.8750000000
67151  8.353  -2.895  87.903 0.8750000000
66247  4.701  -3.540  84.502 0.8750000000
126685  25.651  -0.678  89.724 0.7500000000
133751  25.803  -0.538  89.209 0.7500000000
67206  4.497  -2.816  84.074 0.8750000000
132358  -3.476  2.846  88.868 0.8750000000
68110  25.652  -1.071  87.815 0.7500000000
144647  3.940  -2.265  83.777 0.8750000000
140104  -3.124  2.117  87.986 0.8750000000
72066  -3.535  2.043  89.233 0.8750000000
71047  -3.418  1.314  89.753 0.8750000000
68133  24.540  -1.415  85.441 0.6250000000
68156  2.780  -1.271  83.512 0.8750000000
71076  -2.896  1.425  87.808 0.8750000000
70086  -2.631  0.720  87.565 0.8750000000
67202  23.933  -2.140  84.336 0.3750000000
68173  1.633  -1.589  83.406 0.8750000000
69142  1.238  -0.702  83.389 0.8750000000
69101  -2.325  0.003  87.207 0.8750000000
67218  23.623  -2.115  83.585 0.1250000000
68157  0.549  -1.538  83.745 0.8750000000
69116  -1.466  -0.274  85.241 0.8750000000
68125  -1.214  -1.305  86.643 0.8750000000
68158  -0.229  -1.888  84.455 0.8750000000
68141  -1.063  -1.194  85.555 0.8750000000
65217  6.498  -4.326  87.812 0.8750000000
66181  7.839  -3.799  89.420 0.8750000000
142417  8.056  -3.397  88.096 0.8750000000
66246  5.234  -2.978  84.616 0.8750000000
70036  25.234  0.882  90.284 0.7500000000
67163  8.157  -2.592  87.235 0.8750000000
68115  8.104  -2.018  86.874 0.8750000000
69061  25.712  0.183  89.430 0.7500000000
69069  25.778  0.103  88.754 0.7500000000
69079  25.504  -0.406  87.335 0.6250000000
68132  24.962  -0.805  86.078 0.6250000000
71092  -2.611  1.341  87.137 0.8750000000
68149  24.147  -1.517  84.716 0.5000000000
68169  23.495  -1.393  83.084 0.1250000000
70113  -2.161  1.052  85.788 0.8750000000
70097  -1.995  0.077  86.129 0.8750000000
144228  -0.687  -1.374  84.737 0.8750000000
66190  7.443  -3.923  88.395 0.8750000000
66218  7.085  -3.345  86.514 0.8750000000
66219  6.246  -3.703  86.084 0.8750000000
66233  5.905  -3.185  85.286 0.8750000000
71024  24.951  1.633  90.467 0.7500000000
67177  7.136  -2.435  85.939 0.8750000000
71023  25.431  1.541  90.051 0.7500000000
70059  25.762  1.088  88.959 0.7500000000
69078  25.663  -0.133  87.992 0.7500000000
69090  25.272  -0.158  86.638 0.6250000000
69105  24.643  -0.505  85.384 0.5000000000
133006  24.267  -0.738  84.730 0.5000000000
139900  -2.400  1.697  86.367 0.8750000000
68168  23.807  -1.209  83.990 0.5000000000
69136  23.752  -0.727  83.271 0.2500000000
71107  -1.666  1.509  85.131 0.7500000000
69149  23.409  -0.730  82.432 0.1250000000
141463  0.429  -0.630  83.667 0.8750000000
122889  -0.262  -1.039  84.063 0.8750000000
69130  -1.075  0.284  84.469 0.8750000000
70112  -1.659  0.628  85.152 0.8750000000
66204  7.100  -3.859  87.374 0.8750000000
66205  6.444  -4.092  86.895 0.8750000000
66232  6.621  -3.027  85.767 0.8750000000
67193  5.721  -2.211  84.838 0.8750000000
67192  6.427  -2.318  85.381 0.8750000000
70073  25.792  0.777  88.129 0.7500000000
70074  25.602  0.489  87.247 0.6250000000
69104  25.006  0.101  85.790 0.6250000000
69119  24.735  0.170  84.806 0.5000000000
69135  24.252  -0.256  83.869 0.5000000000
70128  0.596  0.861  83.934 0.8750000000
70130  -1.125  1.184  84.565 0.7500000000
69129  -0.185  -0.022  83.909 0.8750000000
69148  23.989  -0.111  82.887 0.2500000000
80656  36.777  10.874  77.103 0.8750000000
79756  36.368  9.683  77.577 0.8750000000
80650  35.714  9.655  77.905 0.8750000000
79755  37.147  9.718  77.159 0.8750000000
78925  41.293  10.258  70.969 0.6250000000
78938  42.793  10.560  69.120 0.5000000000
138864  25.798  1.178  86.762 0.6250000000
70090  25.465  0.668  86.316 0.6250000000
70103  25.543  0.878  85.281 0.5000000000
70120  24.831  0.409  83.988 0.5000000000
70153  24.424  0.647  82.448 0.3750000000
70129  -0.350  0.936  84.188 0.7500000000
137220  24.317  0.795  81.713 0.3750000000
70154  23.717  0.117  81.926 0.1250000000
70170  23.928  0.608  81.086 0.3750000000
80658  35.523  10.718  77.541 0.8750000000
80657  36.114  10.791  77.386 0.8750000000
80668  37.556  11.121  76.871 0.8750000000
80667  38.319  11.390  76.751 0.8750000000
80666  38.753  10.822  76.656 0.8750000000
80675  39.392  11.175  76.498 0.8750000000
80674  40.014  11.187  75.997 0.8750000000
78952  42.305  10.074  68.708 0.5000000000
121264  26.433  1.529  85.067 0.6250000000
70119  25.488  0.767  84.298 0.5000000000
70118  26.271  1.248  84.379 0.5000000000
70138  25.467  0.871  83.509 0.5000000000
70169  25.043  1.351  81.916 0.3750000000
81522  36.092  11.929  77.798 0.8750000000
81523  35.567  11.858  77.690 0.8750000000
81521  36.574  11.766  77.567 0.8750000000
81530  37.188  11.994  77.490 0.8750000000
81529  37.868  12.115  77.086 0.8750000000
130132  38.047  12.733  77.046 0.8750000000
81544  38.510  12.175  76.775 0.8750000000
82422  38.643  12.885  76.581 0.8750000000
81558  39.463  12.624  76.113 0.8750000000
82436  39.865  13.003  75.533 0.8750000000
82451  40.158  13.195  74.953 0.8750000000
82465  40.473  13.293  74.444 0.8750000000
83372  40.858  13.405  73.848 0.8750000000
83373  40.043  13.528  74.203 0.8750000000
83388  41.300  13.522  73.163 0.8750000000
130455  43.273  11.002  69.365 0.7500000000
123384  43.064  10.355  68.296 0.6250000000
78039  41.822  9.538  68.180 0.5000000000
78050  41.310  8.922  67.639 0.5000000000
77157  40.772  8.227  67.139 0.3750000000
78968  42.597  9.837  67.873 0.5000000000
78049  42.123  9.271  67.303 0.5000000000
78062  41.599  8.576  66.729 0.2500000000
70151  26.277  1.498  82.968 0.3750000000
70152  25.319  1.118  82.728 0.3750000000
128068  26.871  1.855  82.088 0.3750000000
132526  26.042  1.531  82.046 0.3750000000
131876  24.760  1.219  81.058 0.3750000000
82403  36.066  12.864  78.207 0.8750000000
81532  35.614  12.853  77.949 0.8750000000
81533  35.264  12.782  77.524 0.8750000000
81531  36.674  12.603  78.037 0.8750000000
82424  37.082  13.657  77.579 0.8750000000
77089  -6.320  7.630  75.383 0.6250000000
77096  -6.572  7.344  74.692 0.6250000000
82412  37.383  12.922  77.678 0.8750000000
82423  37.803  13.267  77.062 0.8750000000
83344  36.636  14.354  76.561 0.7500000000
77965  -6.040  8.478  75.375 0.6250000000
77973  -6.494  8.837  74.575 0.6250000000
130589  -6.529  7.946  74.889 0.6250000000
76191  -6.336  7.016  74.171 0.6250000000
83329  37.511  13.711  76.944 0.8750000000
83343  37.690  14.040  76.356 0.8750000000
120767  37.144  14.197  75.338 0.8750000000
77983  -6.378  9.044  73.977 0.6250000000
77105  -6.391  8.040  74.232 0.6250000000
77982  -6.015  8.477  73.627 0.6250000000
82438  38.290  13.565  76.462 0.8750000000
122074  38.153  14.010  75.158 0.8750000000
142695  38.437  13.848  74.746 0.7500000000
82487  37.662  13.578  74.174 0.7500000000
82437  39.144  13.325  75.982 0.8750000000
83342  38.713  13.726  75.681 0.8750000000
83374  39.332  13.637  74.672 0.8750000000
120619  39.378  13.612  74.269 0.7500000000
82485  39.471  13.537  73.847 0.7500000000
83404  40.216  13.501  73.371 0.8750000000
82541  42.882  13.668  70.409 0.7500000000
82542  42.157  13.674  70.804 0.7500000000
82525  41.655  13.733  71.539 0.7500000000
82526  40.927  13.645  71.974 0.7500000000
82504  40.434  13.505  72.757 0.7500000000
82558  42.444  13.487  69.890 0.7500000000
82559  41.476  13.185  69.937 0.7500000000
80787  44.438  11.832  69.060 0.7500000000
82571  42.658  13.373  69.245 0.7500000000
78951  43.645  10.816  68.571 0.7500000000
123771  43.915  10.478  67.792 0.6250000000
143927  43.307  10.051  67.613 0.5000000000
81664  41.196  12.665  68.996 0.7500000000
78048  43.000  9.535  67.082 0.3750000000
78061  42.510  8.874  66.459 0.3750000000
128949  36.573  13.408  78.116 0.8750000000
82414  35.542  13.556  77.527 0.7500000000
82425  36.322  13.934  77.703 0.7500000000
83330  36.840  14.029  77.152 0.7500000000
79813  31.549  10.685  73.503 0.3750000000
78868  -6.193  9.509  75.163 0.6250000000
83359  37.405  14.272  75.852 0.7500000000
79814  30.950  10.473  72.921 0.2500000000
79823  30.222  10.340  72.619 0.2500000000
79824  29.382  10.266  72.494 0.2500000000
78869  -6.403  9.539  74.775 0.6250000000
76189  -4.975  6.039  73.096 0.6250000000
82488  36.419  13.543  74.203 0.5000000000
81597  35.947  13.032  73.621 0.2500000000
78881  30.634  9.562  72.785 0.2500000000
79810  -6.329  10.149  74.377 0.6250000000
78887  -5.982  9.366  73.469 0.6250000000
77118  -5.383  8.021  73.290 0.5000000000
83376  37.870  13.909  74.774 0.7500000000
81596  36.934  12.985  73.629 0.5000000000
77988  30.216  8.704  72.633 0.2500000000
77999  -5.534  8.803  73.204 0.5000000000
82507  37.901  13.029  73.414 0.5000000000
81637  36.684  12.147  72.413 0.2500000000
80752  35.442  11.452  71.752 0.2500000000
77998  -4.658  8.594  72.927 0.5000000000
138809  -3.905  8.077  72.983 0.5000000000
82505  39.623  13.304  73.107 0.7500000000
82506  38.696  12.952  72.983 0.7500000000
80751  36.497  11.607  71.636 0.2500000000
123025  35.824  11.003  71.001 0.2500000000
79857  34.500  10.448  70.579 0.1250000000
79876  33.064  9.922  70.079 0.1250000000
122039  -2.476  8.270  72.817 0.5000000000
82543  41.200  13.480  70.964 0.7500000000
82528  39.202  12.962  72.246 0.6250000000
81636  37.453  12.218  72.026 0.3750000000
80773  36.725  11.172  70.646 0.2500000000
128310  35.285  10.594  70.566 0.2500000000
78943  32.573  9.578  69.434 0.1250000000
78957  32.158  9.280  68.752 0.1250000000
81650  40.602  12.926  70.291 0.7500000000
81634  39.504  12.843  71.403 0.7500000000
81652  38.860  12.227  70.751 0.7500000000
127897  37.587  11.352  70.290 0.3750000000
120675  35.099  10.221  69.910 0.2500000000
79875  34.081  9.868  69.827 0.2500000000
127678  33.023  9.334  68.753 0.1250000000
78044  31.721  8.947  68.100 0.1250000000
81678  42.374  13.063  68.640 0.7500000000
130731  40.090  12.385  69.631 0.7500000000
81666  39.280  11.972  69.806 0.7500000000
80771  38.421  11.604  70.007 0.7500000000
80791  37.051  10.822  69.806 0.3750000000
79873  36.524  10.346  69.254 0.3750000000
79874  35.735  10.105  69.407 0.3750000000
78942  33.916  9.415  68.912 0.1250000000
78055  31.269  8.658  67.474 0.1250000000
78056  30.506  8.608  67.377 0.1250000000
79871  44.248  11.361  68.713 0.7500000000
81663  41.954  13.093  69.161 0.7500000000
80788  39.707  11.824  68.937 0.7500000000
80790  37.890  11.113  69.475 0.6250000000
78954  36.015  9.848  68.667 0.3750000000
78941  34.966  9.652  69.027 0.2500000000
78955  34.447  9.333  68.243 0.2500000000
78053  32.949  8.809  67.259 0.1250000000
79889  38.120  10.894  68.777 0.6250000000
79872  37.397  10.635  68.989 0.3750000000
132558  35.307  9.474  67.883 0.2500000000
136995  34.256  9.156  67.707 0.2500000000
78065  32.348  8.461  66.582 0.1250000000
77160  41.956  8.165  65.854 0.3750000000
78970  34.671  9.205  67.334 0.1250000000
78052  33.904  8.922  67.077 0.1250000000
78064  33.215  8.599  66.410 0.1250000000
76260  41.405  7.324  65.313 0.2500000000
144890  35.231  9.303  67.024 0.2500000000
78986  34.674  9.043  66.479 0.1250000000
77795  9.944  8.344  90.203 0.3750000000
76919  10.265  7.814  89.829 0.2500000000
76918  10.771  7.525  90.395 0.2500000000
76904  10.645  7.571  91.405 0.2500000000
76930  11.349  7.300  90.000 0.1250000000
76917  11.331  7.293  90.876 0.1250000000
75966  12.029  7.162  90.397 0.1250000000
75955  12.097  6.905  91.257 0.1250000000
82426  35.782  14.020  77.427 0.7500000000
82427  35.309  14.067  76.881 0.7500000000
82439  34.600  14.369  76.459 0.7500000000
82440  33.776  14.679  76.136 0.5000000000
81600  31.146  12.413  73.778 0.3750000000
83332  35.515  14.265  76.888 0.7500000000
83345  35.575  14.548  76.496 0.7500000000
80717  31.591  11.494  73.689 0.3750000000
80733  30.465  11.079  72.830 0.2500000000
80734  29.742  11.122  72.686 0.2500000000
83331  36.051  14.222  77.140 0.7500000000
83360  36.351  14.560  75.944 0.7500000000
82467  35.737  14.207  74.659 0.5000000000
130223  34.739  13.779  73.836 0.3750000000
81599  34.363  13.397  73.425 0.1250000000
80718  31.018  11.369  73.261 0.2500000000
80735  28.869  11.015  72.561 0.2500000000
79825  28.478  10.240  72.415 0.2500000000
82489  35.425  13.686  74.060 0.3750000000
81598  35.087  13.127  73.550 0.1250000000
80732  34.089  12.184  72.433 0.1250000000
80755  32.564  11.329  71.418 0.1250000000
80756  31.759  11.815  71.470 0.1250000000
78894  28.076  9.534  72.153 0.2500000000
78895  27.125  9.564  72.119 0.2500000000
81618  35.492  12.507  73.041 0.1250000000
80753  34.481  11.469  71.822 0.1250000000
80775  31.942  11.067  71.121 0.1250000000
80731  35.005  11.961  72.467 0.1250000000
79837  34.025  10.882  71.259 0.1250000000
135797  32.600  10.565  70.753 0.1250000000
79859  31.663  10.606  70.577 0.1250000000
80774  34.934  10.883  71.211 0.1250000000
79877  32.148  9.980  70.095 0.1250000000
78945  30.866  9.648  69.384 0.1250000000
78944  31.715  9.597  69.433 0.1250000000
78958  31.313  9.294  68.734 0.1250000000
77996  -0.916  8.397  72.506 0.3750000000
78045  30.900  8.941  68.089 0.1250000000
78057  29.684  8.672  67.402 0.1250000000
140233  40.767  12.679  69.529 0.7500000000
81665  40.470  12.250  68.881 0.7500000000
139242  29.356  8.446  66.882 0.1250000000
78950  44.632  10.941  67.978 0.7500000000
124454  41.609  12.640  68.437 0.7500000000
80789  38.776  11.379  69.049 0.7500000000
78066  31.438  8.389  66.732 0.1250000000
78067  30.662  8.311  66.676 0.1250000000
77162  29.407  8.166  66.309 0.1250000000
81680  40.125  11.791  68.192 0.7500000000
80802  39.339  11.406  68.226 0.7500000000
79888  38.614  11.006  68.209 0.7500000000
133577  37.809  10.543  68.134 0.3750000000
121273  37.228  10.081  67.737 0.3750000000
78969  36.435  9.775  67.810 0.3750000000
78081  30.942  8.020  66.002 0.1250000000
124379  28.784  7.790  65.196 0.1250000000
78060  43.419  9.176  66.276 0.5000000000
78075  42.872  8.482  65.639 0.5000000000
77165  42.408  7.739  65.106 0.5000000000
77161  30.128  8.004  66.117 0.1250000000
77179  29.375  7.614  64.601 0.1250000000
77180  28.365  7.700  64.498 0.1250000000
77164  43.191  8.113  64.923 0.3750000000
76259  41.982  7.218  64.544 0.3750000000
79900  37.831  10.271  67.277 0.3750000000
79901  36.995  9.808  66.970 0.3750000000
129259  35.965  9.525  67.050 0.3750000000
122190  41.795  6.809  63.969 0.2500000000
78983  37.075  9.716  66.168 0.3750000000
78984  36.312  9.555  66.268 0.1250000000
76274  43.138  7.195  63.027 0.3750000000
77203  43.513  7.407  62.219 0.3750000000
121809  44.865  8.646  61.913 0.5000000000
77202  44.194  8.021  62.241 0.3750000000
138497  44.846  8.842  61.390 0.3750000000
77211  43.756  7.828  61.471 0.3750000000
121836  44.888  9.057  60.952 0.3750000000
78142  44.979  9.341  60.299 0.3750000000
79077  45.198  9.610  59.687 0.3750000000
78163  44.001  9.369  59.183 0.1250000000
79095  43.390  9.622  57.750 0.1250000000
78167  42.521  9.200  57.735 0.1250000000
131542  41.876  8.943  55.983 0.1250000000
77248  42.185  7.847  54.738 0.1250000000
77247  42.903  7.672  54.215 0.1250000000
76338  43.665  7.050  53.797 0.1250000000
79708  8.984  10.793  87.809 0.3750000000
80587  9.407  11.177  88.046 0.5000000000
79673  9.871  10.395  89.465 0.5000000000
130552  9.494  8.593  88.725 0.5000000000
127463  9.853  9.717  89.783 0.3750000000
78734  9.682  8.962  89.421 0.3750000000
131985  9.917  9.208  90.671 0.3750000000
78713  9.829  9.022  91.773 0.2500000000
76905  10.317  7.939  90.856 0.3750000000
126399  9.956  8.436  91.333 0.3750000000
77785  10.045  7.873  91.921 0.2500000000
77784  10.417  7.552  92.426 0.2500000000
76903  11.166  7.184  91.874 0.2500000000
75965  12.856  6.969  90.558 0.1250000000
139772  12.682  6.679  91.878 0.1250000000
75932  12.217  6.953  93.358 0.1250000000
143856  12.677  7.205  90.001 0.1250000000
75954  13.121  6.663  91.271 0.1250000000
82454  32.588  14.930  75.553 0.5000000000
131084  31.725  13.878  74.743 0.3750000000
81583  30.971  13.826  74.324 0.3750000000
81601  30.241  13.274  73.659 0.3750000000
83346  34.929  14.614  76.545 0.6250000000
80719  30.148  12.008  73.236 0.3750000000
81602  29.382  12.992  73.223 0.3750000000
81623  29.164  11.935  72.811 0.2500000000
83378  35.011  14.846  75.192 0.5000000000
139472  28.260  11.704  72.573 0.1250000000
144650  28.104  10.901  72.466 0.1250000000
142087  34.726  14.958  76.207 0.6250000000
83361  35.294  14.932  75.870 0.7500000000
82468  34.704  14.450  74.421 0.5000000000
82490  34.095  14.175  73.843 0.2500000000
139262  33.739  13.739  73.364 0.1250000000
79826  27.464  10.343  72.373 0.2500000000
82508  33.862  13.016  72.932 0.1250000000
81620  33.190  12.632  72.438 0.1250000000
81638  32.459  12.256  71.888 0.1250000000
80776  31.220  11.343  70.989 0.1250000000
79860  30.788  10.764  70.459 0.1250000000
79879  30.413  10.181  69.887 0.1250000000
79880  29.597  10.294  69.710 0.1250000000
78946  30.048  9.699  69.322 0.1250000000
78960  29.662  9.415  68.649 0.1250000000
78961  28.740  9.613  68.647 0.1250000000
130158  -0.767  9.318  72.038 0.3750000000
78046  30.086  8.984  68.043 0.1250000000
78971  29.247  9.109  67.956 0.1250000000
78972  28.387  9.146  67.800 0.1250000000
78016  0.177  9.182  71.680 0.3750000000
128158  28.917  8.705  67.282 0.1250000000
78058  28.050  8.624  66.982 0.1250000000
78987  26.698  8.930  66.471 0.1250000000
78921  -0.258  9.936  71.458 0.3750000000
123952  45.238  11.389  68.052 0.7500000000
79870  45.017  11.698  68.567 0.7500000000
138509  42.078  12.643  68.018 0.7500000000
81679  40.869  12.221  68.268 0.7500000000
77169  27.992  7.989  65.384 0.1250000000
78069  27.417  8.502  66.123 0.1250000000
78982  44.010  9.894  66.984 0.7500000000
139326  41.290  12.202  67.774 0.6250000000
80811  39.734  11.349  67.496 0.7500000000
120449  39.066  11.086  67.696 0.5000000000
126003  27.124  8.326  65.184 0.1250000000
78059  44.343  9.466  66.117 0.6250000000
78074  43.721  8.782  65.497 0.3750000000
80810  40.546  11.768  67.623 0.5000000000
79899  38.517  10.701  67.548 0.5000000000
77181  27.489  7.992  64.450 0.1250000000
77174  42.748  7.556  64.450 0.3750000000
139165  40.258  11.431  67.077 0.5000000000
80822  39.689  10.982  66.728 0.5000000000
122985  38.530  10.451  66.881 0.5000000000
79911  37.868  9.985  66.427 0.3750000000
77192  42.974  7.380  63.836 0.3750000000
139663  42.404  7.182  64.080 0.3750000000
79909  39.284  10.492  66.162 0.5000000000
79910  39.070  10.606  66.644 0.5000000000
78997  36.598  9.536  65.496 0.2500000000
77191  43.589  7.697  63.554 0.3750000000
76275  42.436  6.979  63.520 0.3750000000
79920  39.470  10.287  65.531 0.5000000000
79922  38.227  9.887  65.752 0.2500000000
78128  45.471  9.169  61.472 0.5000000000
79066  45.613  9.434  60.662 0.6250000000
144629  45.649  9.608  60.082 0.5000000000
79090  44.707  9.652  59.140 0.1250000000
124382  45.535  9.953  59.150 0.2500000000
79094  44.237  10.026  57.709 0.1250000000
79098  43.081  9.868  56.063 0.1250000000
79105  42.496  9.245  55.421 0.1250000000
78182  42.538  8.474  54.653 0.1250000000
138251  9.465  11.875  87.816 0.3750000000
133194  9.691  11.963  88.627 0.3750000000
130726  9.853  12.207  89.919 0.3750000000
80561  10.081  11.198  90.245 0.2500000000
79662  10.051  10.276  90.534 0.2500000000
79652  10.005  9.984  91.777 0.2500000000
123268  9.762  10.796  92.424 0.2500000000
123259  9.230  10.215  94.054 0.2500000000
140601  9.880  9.354  92.549 0.2500000000
79646  9.751  10.144  93.036 0.2500000000
77773  10.323  7.776  93.376 0.2500000000
76877  10.346  8.094  94.175 0.2500000000
78698  9.650  9.510  94.262 0.2500000000
76892  11.063  7.213  93.060 0.2500000000
76885  10.757  7.591  93.871 0.2500000000
75976  12.912  7.275  89.339 0.1250000000
75942  12.959  6.742  92.719 0.1250000000
76884  11.584  7.320  93.944 0.2500000000
75975  13.571  6.949  89.798 0.1250000000
124998  13.810  6.631  90.700 0.1250000000
124217  14.503  6.598  92.190 0.1250000000
82493  29.454  14.618  73.405 0.2500000000
131470  28.752  13.980  73.155 0.1250000000
81625  27.768  13.663  72.567 0.1250000000
84262  32.482  15.444  75.290 0.3750000000
83365  31.895  15.422  74.653 0.3750000000
83381  31.447  15.161  74.632 0.3750000000
82471  30.813  14.904  74.332 0.3750000000
82492  30.193  14.371  73.820 0.3750000000
81626  26.578  13.184  72.250 0.1250000000
127484  27.478  12.405  72.492 0.1250000000
132892  33.488  15.403  75.637 0.5000000000
83363  33.145  15.272  75.816 0.5000000000
83364  31.992  15.100  75.055 0.5000000000
129536  29.571  13.898  73.516 0.3750000000
81624  28.466  12.804  72.775 0.1250000000
80737  26.581  11.820  72.462 0.1250000000
123234  26.637  10.851  72.519 0.1250000000
83380  33.450  15.618  75.093 0.3750000000
83362  34.264  15.295  75.669 0.5000000000
83379  34.211  15.179  74.986 0.5000000000
80736  27.411  11.308  72.465 0.1250000000
83391  33.764  15.028  74.411 0.5000000000
121906  33.129  13.611  72.975 0.2500000000
79827  26.514  10.106  72.438 0.1250000000
81639  31.532  12.867  71.821 0.2500000000
80777  30.266  11.741  70.827 0.1250000000
80778  29.498  11.657  70.449 0.1250000000
79861  29.938  10.900  70.269 0.1250000000
80792  29.131  11.071  70.035 0.1250000000
79881  28.704  10.373  69.432 0.1250000000
78947  29.339  9.801  69.212 0.1250000000
81662  45.007  12.290  68.959 0.7500000000
124860  26.766  9.275  67.276 0.1250000000
79887  45.628  11.802  68.184 0.7500000000
78967  44.871  10.508  67.271 0.7500000000
121885  41.824  12.223  67.384 0.5000000000
81706  40.983  11.733  67.065 0.5000000000
78070  26.666  8.693  65.635 0.1250000000
78083  26.113  8.878  64.991 0.1250000000
78981  45.056  10.131  66.592 0.7500000000
80820  41.713  11.798  66.669 0.5000000000
80821  40.417  11.250  66.513 0.5000000000
78090  43.916  8.479  64.767 0.5000000000
77173  43.410  7.877  64.260 0.5000000000
120993  41.051  11.448  66.380 0.5000000000
79919  40.740  10.986  65.737 0.5000000000
80832  39.945  10.757  66.017 0.5000000000
132401  43.738  7.634  62.859 0.5000000000
78118  44.798  8.605  62.833 0.5000000000
78117  45.572  9.067  62.444 0.5000000000
137676  45.986  9.872  59.669 0.5000000000
79093  45.011  10.092  58.413 0.1250000000
144213  44.921  10.415  57.589 0.1250000000
79097  43.779  10.277  56.019 0.1250000000
79112  42.987  9.095  54.713 0.1250000000
81452  9.626  12.653  88.167 0.5000000000
128414  9.110  12.509  92.181 0.2500000000
122239  9.485  11.601  92.349 0.2500000000
78691  9.793  9.787  94.706 0.2500000000
76875  12.250  7.660  94.355 0.2500000000
77759  10.629  8.458  94.718 0.2500000000
75931  13.381  6.933  93.642 0.1250000000
76883  13.136  7.364  94.068 0.2500000000
75941  13.994  6.722  92.936 0.1250000000
76882  13.891  7.447  93.637 0.1250000000
82511  28.255  14.589  72.623 0.1250000000
75964  14.830  6.401  91.252 0.1250000000
83382  30.158  15.087  73.643 0.1250000000
84268  31.017  15.330  74.192 0.3750000000
127799  25.836  12.201  72.470 0.1250000000
84261  32.925  15.647  75.321 0.5000000000
84267  32.466  15.637  74.953 0.3750000000
121058  26.049  11.205  72.674 0.1250000000
84266  32.765  15.742  74.882 0.3750000000
134206  25.831  10.503  72.939 0.1250000000
84273  32.180  15.567  74.409 0.3750000000
83405  31.777  14.986  73.338 0.2500000000
83392  32.939  15.521  74.385 0.3750000000
82509  32.409  14.399  73.136 0.2500000000
127859  31.623  14.393  72.768 0.2500000000
81654  29.347  12.637  70.837 0.1250000000
130963  28.463  13.014  70.609 0.1250000000
81621  32.264  13.394  72.442 0.2500000000
124401  30.793  13.097  71.607 0.2500000000
81640  30.169  12.856  71.309 0.2500000000
81655  27.990  12.365  70.159 0.1250000000
80785  45.711  11.898  68.271 0.7500000000
79898  45.681  10.953  67.325 0.7500000000
79886  45.838  11.398  67.548 0.7500000000
77172  44.066  8.241  64.039 0.5000000000
80819  42.570  11.812  66.162 0.5000000000
80831  41.608  11.390  65.855 0.5000000000
77190  44.169  8.114  63.220 0.5000000000
78127  46.354  9.555  61.090 0.6250000000
79065  46.527  9.845  60.252 0.6250000000
144256  46.549  10.067  59.720 0.5000000000
120625  46.446  10.212  59.255 0.5000000000
143958  44.383  10.420  56.858 0.1250000000
79104  43.316  9.718  55.281 0.1250000000
78690  10.312  9.280  94.889 0.2500000000
79626  9.719  10.585  95.029 0.2500000000
77758  11.587  8.298  94.696 0.2500000000
77757  12.538  8.298  94.443 0.2500000000
75940  14.747  6.892  92.773 0.1250000000
76881  14.593  7.293  93.045 0.1250000000
77765  13.844  8.235  93.595 0.2500000000
83395  29.342  15.085  73.090 0.1250000000
82494  28.881  14.750  73.027 0.1250000000
82512  27.291  14.363  72.157 0.1250000000
135825  14.883  7.604  92.727 0.1250000000
77764  14.426  7.851  93.167 0.1250000000
84275  30.534  15.281  73.536 0.1250000000
84276  29.775  15.300  73.091 0.1250000000
84281  30.772  15.316  73.394 0.3750000000
84277  29.184  15.223  72.668 0.1250000000
83396  28.726  15.050  72.630 0.1250000000
80738  25.640  11.598  72.958 0.1250000000
84274  31.312  15.509  74.031 0.3750000000
84283  29.130  15.280  72.316 0.1250000000
83422  29.148  15.120  71.908 0.1250000000
83394  31.536  15.425  73.732 0.2500000000
83407  30.328  15.174  72.753 0.2500000000
83408  29.642  15.221  72.467 0.2500000000
83406  31.088  15.081  73.097 0.2500000000
137045  29.507  14.514  71.667 0.2500000000
124289  27.694  13.413  70.451 0.1250000000
82529  30.959  13.613  71.945 0.2500000000
81641  29.465  13.680  71.331 0.1250000000
81675  46.025  12.005  67.885 0.7500000000
79897  46.382  10.856  66.884 0.7500000000
82566  45.896  12.398  68.160 0.7500000000
81691  45.161  12.811  67.936 0.6250000000
124613  45.664  10.577  66.845 0.7500000000
78995  45.285  9.792  65.976 0.7500000000
78072  45.415  9.507  65.293 0.6250000000
78073  44.539  9.133  65.373 0.5000000000
78089  44.675  8.835  64.627 0.5000000000
78106  44.763  8.650  63.783 0.5000000000
78105  45.543  9.092  63.479 0.5000000000
78116  46.537  9.422  61.992 0.6250000000
79064  47.617  10.164  60.433 0.6250000000
79053  47.188  9.847  60.962 0.6250000000
79088  47.213  10.433  59.185 0.2500000000
79089  45.885  10.282  58.668 0.2500000000
80009  45.761  10.558  57.848 0.1250000000
80014  45.312  10.784  56.838 0.1250000000
83197  7.443  14.436  92.801 0.3750000000
81400  8.416  12.805  94.303 0.2500000000
82299  7.986  13.454  93.828 0.2500000000
80534  9.292  11.385  94.959 0.2500000000
81627  25.269  12.566  72.585 0.1250000000
78688  12.232  9.155  94.544 0.2500000000
126132  25.614  13.226  72.139 0.1250000000
78704  13.998  9.150  92.459 0.1250000000
84291  28.341  15.230  71.984 0.1250000000
83409  27.999  15.041  72.169 0.1250000000
83423  28.437  15.100  71.741 0.1250000000
80720  25.683  10.619  73.633 0.1250000000
82531  28.762  14.493  71.405 0.1250000000
82547  27.438  14.304  70.824 0.1250000000
81656  26.939  13.776  70.333 0.1250000000
80800  46.268  11.761  67.337 0.7500000000
78965  46.838  10.698  66.489 0.7500000000
78980  45.975  10.392  66.382 0.7500000000
81689  46.121  12.010  67.568 0.7500000000
78994  46.192  10.157  65.875 0.7500000000
81690  45.696  12.514  67.934 0.7500000000
78088  45.487  9.238  64.458 0.5000000000
79008  46.336  9.794  65.195 0.6250000000
78087  46.427  9.497  64.230 0.6250000000
79023  47.407  9.628  63.909 0.6250000000
78104  46.485  9.390  63.142 0.5000000000
121860  47.557  9.774  61.744 0.6250000000
79040  47.454  9.625  62.780 0.6250000000
137761  46.911  9.635  61.420 0.6250000000
79052  47.790  10.015  60.949 0.6250000000
80001  46.734  10.595  58.494 0.2500000000
80020  45.574  10.695  55.681 0.1250000000
80021  44.668  10.518  55.871 0.1250000000
83191  7.655  14.207  93.252 0.2500000000
80739  24.813  12.540  72.840 0.1250000000
82513  26.297  14.067  71.780 0.1250000000
82532  27.079  14.555  71.574 0.1250000000
83435  26.340  14.504  70.987 0.1250000000
83424  27.870  14.942  71.730 0.1250000000
83434  27.253  14.570  71.240 0.1250000000
80721  25.440  11.614  73.651 0.1250000000
140959  26.812  14.403  70.777 0.1250000000
78966  46.139  10.644  66.613 0.7500000000
133873  46.760  10.464  66.336 0.7500000000
78993  47.417  9.849  65.318 0.7500000000
79005  48.215  9.939  64.219 0.7500000000
79006  48.055  9.970  64.577 0.7500000000
143862  48.385  9.872  63.949 0.7500000000
79022  48.003  9.768  63.682 0.7500000000
79039  47.871  9.814  62.321 0.7500000000
144429  45.924  10.944  57.226 0.1250000000
80008  46.532  10.990  57.539 0.1250000000
80013  46.205  11.093  56.539 0.1250000000
80019  46.360  10.881  55.428 0.1250000000
84977  7.416  16.762  92.336 0.2500000000
81603  24.688  12.497  73.474 0.1250000000
78992  47.855  10.210  65.089 0.7500000000
80007  47.541  11.110  57.953 0.2500000000
80012  47.080  11.320  56.912 0.2500000000
122488  46.825  11.256  56.043 0.1250000000
86732  7.573  18.221  92.070 0.1250000000
133140  7.498  19.012  91.612 0.1250000000
88370  7.096  20.739  91.119 0.3750000000
77103  -5.214  7.091  73.242 0.6250000000
62193  9.698  -6.210  97.179 0.6250000000
142834  24.804  -3.344  90.805 0.7500000000
65110  8.356  -4.750  97.994 0.8750000000
64128  9.569  -5.224  97.597 0.7500000000
62182  8.761  -6.112  97.772 0.7500000000
72030  -4.657  1.886  93.654 0.8750000000
70001  -5.184  0.777  95.171 0.8750000000
70995  -5.279  1.316  95.063 0.8750000000
139989  -5.625  0.440  95.388 0.8750000000
139936  -3.232  2.784  88.182 0.8750000000
72105  -2.426  2.593  86.362 0.8750000000
124743  -2.706  2.114  87.206 0.8750000000
67053  8.326  -3.766  97.471 0.8750000000
69035  9.809  -1.418  92.585 0.8750000000
68078  24.840  -1.713  90.826 0.7500000000
65248  -7.686  -4.660  86.191 0.7500000000
64275  -7.354  -5.396  85.435 0.7500000000
68037  10.211  -2.161  95.174 0.8750000000
67100  -6.884  -1.822  92.557 0.7500000000
66221  -7.853  -3.948  87.322 0.7500000000
65179  -7.348  -5.096  90.780 0.7500000000
137417  -7.824  -4.585  89.082 0.7500000000
63191  -7.868  -7.316  90.600 0.7500000000
63269  -6.840  -5.426  83.324 0.5000000000
71025  24.260  1.943  90.676 0.8750000000
70137  26.765  1.676  83.636 0.3750000000
122450  27.155  2.029  82.866 0.3750000000
80786  45.136  11.968  68.743 0.7500000000
83418  42.527  13.690  71.629 0.7500000000
83432  42.757  13.761  70.988 0.7500000000
83419  42.120  13.781  71.604 0.7500000000
77090  -6.556  7.085  75.171 0.6250000000
121452  48.127  9.956  61.827 0.7500000000
76931  10.763  7.563  89.484 0.2500000000
140299  40.941  12.458  74.724 0.8750000000
82464  41.159  13.059  74.135 0.8750000000
78749  9.184  9.195  88.627 0.5000000000
80684  40.418  11.206  75.362 0.8750000000
81569  40.442  12.693  75.042 0.8750000000
79709  8.336  10.710  87.764 0.3750000000
125702  31.744  12.964  74.474 0.3750000000
81557  40.070  12.094  75.579 0.8750000000
81461  9.381  12.340  87.255 0.5000000000
80550  9.055  11.058  93.468 0.2500000000
80543  8.867  11.206  94.388 0.2500000000
81407  8.102  12.789  93.762 0.2500000000
137604  8.883  11.721  94.691 0.2500000000
87586  7.317  19.881  91.300 0.3750000000
69002  10.201  -1.900  94.574 0.8750000000
78939  42.061  10.254  69.579 0.5000000000
79691  9.324  10.279  88.564 0.5000000000
121635  9.576  9.708  89.105 0.5000000000
80603  9.151  11.542  87.417 0.3750000000
59442  -6.921  -10.491  96.249 0.6250000000
59430  -7.169  -11.523  96.779 0.6250000000
130153  -6.553  -9.970  97.596 0.6250000000
58425  -7.581  -12.457  96.212 0.5000000000
61265  -4.050  -8.612  97.376 0.7500000000
62186  -4.442  -8.197  97.363 0.7500000000
60367  -6.635  -10.541  98.095 0.6250000000
61267  -6.299  -9.723  97.687 0.7500000000
57407  -7.532  -12.673  95.514 0.5000000000
62196  -3.999  -7.860  97.033 0.7500000000
62206  -3.181  -7.455  96.367 0.7500000000
57414  -7.222  -12.246  94.645 0.5000000000
57413  -7.261  -12.279  93.967 0.5000000000
130855  -1.074  -7.143  95.220 0.7500000000
63160  -0.763  -6.627  94.274 0.7500000000
63155  -1.387  -6.704  95.463 0.7500000000
58463  -7.024  -11.368  93.663 0.6250000000
57437  -6.313  -12.935  91.898 0.3750000000
57473  -6.112  -12.056  90.587 0.3750000000
62200  -6.031  -8.068  97.065 0.7500000000
61283  -6.581  -8.886  96.601 0.7500000000
62188  -5.649  -8.675  97.418 0.7500000000
62199  -5.792  -7.995  97.180 0.7500000000
62197  -4.419  -7.594  97.132 0.7500000000
63131  -4.107  -6.966  96.838 0.7500000000
63123  -4.934  -7.751  97.263 0.7500000000
61302  -7.016  -8.736  95.432 0.7500000000
59476  -0.457  -10.995  93.230 0.8750000000
63147  -1.794  -6.256  95.735 0.7500000000
63141  -2.898  -6.688  96.359 0.7500000000
60433  -7.105  -9.803  93.670 0.7500000000
62241  -0.516  -8.023  90.811 0.8750000000
133621  -7.327  -10.752  91.737 0.5000000000
58476  -7.145  -10.639  92.693 0.5000000000
127647  -7.173  -10.843  90.981 0.5000000000
137156  -6.723  -11.243  90.679 0.3750000000
59488  -7.514  -10.133  91.410 0.5000000000
58513  -5.355  -12.030  89.822 0.3750000000
58527  -4.171  -11.850  88.336 0.2500000000
58540  -4.832  -10.888  88.135 0.2500000000
127172  0.830  -11.138  95.919 0.8750000000
58422  0.345  -11.935  95.973 0.8750000000
59466  0.205  -11.200  93.847 0.8750000000
59465  0.864  -10.693  93.407 0.8750000000
64142  -5.076  -6.793  96.876 0.7500000000
63133  -5.299  -7.357  97.076 0.7500000000
64151  -3.118  -5.463  96.790 0.7500000000
137092  -7.037  -9.127  94.676 0.7500000000
64159  -1.776  -5.440  95.835 0.7500000000
61313  -7.149  -8.609  94.389 0.7500000000
129352  -7.125  -9.172  94.040 0.7500000000
59484  -7.460  -10.051  92.262 0.6250000000
130485  -7.416  -9.092  93.034 0.7500000000
144375  -0.781  -5.686  93.159 0.7500000000
59499  -7.754  -9.740  91.201 0.6250000000
59489  -7.613  -9.832  91.452 0.5000000000
58516  -7.406  -10.150  90.689 0.5000000000
60453  -7.658  -9.540  91.772 0.6250000000
59525  -7.395  -9.150  89.359 0.6250000000
59511  -7.783  -9.426  90.484 0.5000000000
58553  -4.200  -10.494  86.696 0.2500000000
61264  2.564  -8.929  98.074 0.8750000000
128035  1.065  -10.541  95.425 0.8750000000
143421  -6.232  -7.105  96.335 0.7500000000
60442  1.441  -10.364  91.962 0.8750000000
145391  -5.444  -6.306  96.553 0.7500000000
63149  -6.913  -7.558  95.429 0.7500000000
63156  -7.140  -7.585  94.886 0.7500000000
141922  -1.928  -4.800  96.114 0.7500000000
126462  -7.614  -9.243  92.182 0.7500000000
58395  4.485  -10.677  99.155 0.5000000000
136168  4.462  -9.851  99.306 0.5000000000
63173  24.748  -6.601  90.718 0.7500000000
143696  -6.916  -6.402  95.197 0.7500000000
123816  24.926  -4.886  90.509 0.7500000000
64160  -6.134  -5.811  95.854 0.7500000000
62225  -7.327  -8.100  94.033 0.7500000000
65133  -4.954  -5.132  96.426 0.7500000000
66109  -2.191  -4.437  96.519 0.8750000000
65151  -1.711  -4.493  95.254 0.8750000000
61338  -8.009  -8.464  90.671 0.6250000000
137033  -8.065  -8.410  89.779 0.6250000000
60485  -7.663  -8.579  89.169 0.6250000000
61362  -7.058  -8.076  87.519 0.6250000000
61260  8.655  -6.565  97.611 0.7500000000
59412  5.253  -10.622  99.277 0.5000000000
65144  -6.267  -5.334  95.013 0.7500000000
65143  -5.730  -4.891  95.265 0.7500000000
64166  -6.749  -5.705  94.797 0.7500000000
127067  25.855  -6.114  89.878 0.6250000000
140226  -2.106  -3.703  95.810 0.8750000000
140232  -1.949  -3.641  94.823 0.8750000000
124572  -7.878  -7.216  88.911 0.6250000000
62246  -7.973  -7.355  90.119 0.6250000000
61363  -7.448  -7.741  87.799 0.6250000000
61369  -6.699  -7.869  86.707 0.6250000000
143653  8.535  -6.240  98.070 0.7500000000
61247  7.402  -7.490  98.508 0.5000000000
133470  7.602  -7.852  97.486 0.5000000000
60381  7.257  -8.585  97.142 0.3750000000
62177  4.627  -8.196  99.462 0.7500000000
60406  8.034  -8.894  95.990 0.3750000000
59437  7.350  -9.267  96.588 0.3750000000
59411  5.628  -10.034  98.754 0.5000000000
61243  5.206  -9.299  99.285 0.6250000000
58410  5.838  -10.729  97.438 0.3750000000
58415  6.285  -10.866  96.629 0.2500000000
58432  7.136  -11.393  95.025 0.2500000000
58421  6.878  -10.915  96.136 0.3750000000
57406  7.008  -12.290  94.494 0.2500000000
145604  -5.087  -2.495  94.666 0.8750000000
66119  -4.994  -3.353  95.020 0.7500000000
65152  -5.644  -4.109  94.195 0.7500000000
65180  25.231  -4.006  90.571 0.7500000000
127296  25.341  -4.771  90.497 0.7500000000
134063  25.667  -4.144  90.265 0.7500000000
67073  -3.276  -2.680  95.713 0.8750000000
64227  25.901  -6.185  89.077 0.7500000000
67084  -2.204  -2.965  94.398 0.8750000000
143898  -2.436  -2.238  94.247 0.8750000000
63209  -7.901  -6.762  89.444 0.7500000000
63238  -7.792  -6.715  88.103 0.6250000000
62285  -6.066  -6.682  84.586 0.5000000000
63108  8.089  -5.840  98.600 0.7500000000
63109  7.788  -6.338  98.905 0.7500000000
61262  6.803  -8.184  98.389 0.5000000000
60382  6.591  -8.982  97.520 0.3750000000
61242  5.815  -8.625  99.237 0.6250000000
59419  6.125  -9.752  97.669 0.5000000000
137614  5.910  -9.577  98.398 0.5000000000
68995  -4.375  -0.522  94.877 0.8750000000
130856  -5.561  -3.819  93.328 0.7500000000
69005  -3.199  -0.704  94.071 0.8750000000
68994  -3.443  -1.147  94.622 0.8750000000
65169  -5.928  -4.724  92.217 0.7500000000
64222  -7.912  -5.978  89.522 0.7500000000
63250  -7.610  -6.303  87.266 0.7500000000
131572  -7.765  -5.531  88.516 0.7500000000
62274  -7.431  -6.672  86.848 0.7500000000
63255  -7.405  -5.945  86.157 0.7500000000
66087  7.892  -5.066  98.183 0.8750000000
65112  7.354  -4.966  98.217 0.8750000000
67114  25.314  -2.803  90.647 0.7500000000
128992  -5.121  -0.592  95.075 0.8750000000
68029  -5.443  -1.137  94.932 0.8750000000
127626  26.061  -3.029  89.721 0.7500000000
127142  25.759  -4.475  87.652 0.6250000000
64250  25.030  -6.086  87.059 0.5000000000
66156  -6.472  -3.543  91.579 0.7500000000
133920  25.180  -5.005  86.434 0.5000000000
68009  7.714  -3.248  96.879 0.8750000000
65113  6.932  -4.903  98.257 0.8750000000
64130  6.072  -5.420  98.804 0.8750000000
67062  7.277  -3.415  96.892 0.8750000000
64169  2.896  -5.563  95.088 0.8750000000
70007  -4.852  1.061  94.793 0.8750000000
70010  -3.341  -0.070  93.798 0.8750000000
70016  -3.205  0.009  93.490 0.8750000000
69026  -2.734  -0.573  93.136 0.8750000000
126481  3.717  -5.537  88.125 0.8750000000
136129  -2.353  -0.143  92.011 0.8750000000
66095  6.797  -4.590  97.975 0.8750000000
67110  5.964  -3.656  93.219 0.8750000000
70006  -4.266  0.635  94.413 0.8750000000
67137  25.872  -2.288  89.721 0.7500000000
70017  -3.630  0.550  93.413 0.8750000000
66198  25.674  -3.633  87.406 0.6250000000
70034  -3.109  0.785  91.178 0.8750000000
66226  24.969  -3.274  85.878 0.5000000000
67081  5.963  -3.431  95.338 0.8750000000
66114  5.778  -3.759  95.735 0.8750000000
67123  6.206  -3.651  92.582 0.8750000000
71011  -3.914  1.220  92.432 0.8750000000
70045  -3.100  0.738  90.356 0.8750000000
66227  24.531  -3.109  85.266 0.5000000000
66266  23.734  -4.033  83.049 0.1250000000
67121  7.691  -2.768  91.745 0.8750000000
68104  25.802  -0.819  88.617 0.7500000000
68118  25.385  -1.181  86.927 0.6250000000
70098  -2.408  0.793  86.688 0.8750000000
71013  24.798  0.850  90.582 0.7500000000
69052  25.482  0.125  90.029 0.7500000000
66203  7.798  -3.292  87.400 0.8750000000
67176  7.733  -2.589  86.630 0.8750000000
70139  24.661  0.483  83.263 0.3750000000
140121  26.122  1.111  83.762 0.5000000000
82452  39.508  13.449  75.323 0.8750000000
83389  40.561  13.503  73.540 0.8750000000
130580  39.928  13.547  73.851 0.8750000000
82413  35.940  13.600  78.057 0.8750000000
77104  -5.974  7.520  73.646 0.6250000000
123719  38.198  14.017  75.619 0.8750000000
83375  38.813  13.761  74.697 0.8750000000
121296  38.767  13.816  75.121 0.8750000000
83390  38.679  13.698  74.362 0.7500000000
82486  38.746  13.436  73.740 0.7500000000
82527  40.034  13.307  72.145 0.7500000000
83377  36.054  14.489  75.340 0.7500000000
82466  36.822  13.943  74.798 0.6250000000
78892  29.876  9.478  72.458 0.2500000000
81617  36.366  12.519  73.014 0.2500000000
81616  37.217  12.572  72.884 0.5000000000
80730  35.916  11.950  72.443 0.2500000000
81615  37.936  12.656  72.712 0.5000000000
81635  38.374  12.611  72.147 0.5000000000
80750  37.427  11.655  71.124 0.2500000000
79858  33.585  10.409  70.632 0.1250000000
144152  33.340  9.590  69.411 0.1250000000
82544  40.333  13.197  71.211 0.7500000000
140064  38.818  12.572  71.580 0.7500000000
81653  38.171  12.142  71.386 0.7500000000
79856  36.042  10.576  70.099 0.2500000000
81651  39.763  12.615  70.497 0.7500000000
80772  38.112  11.733  70.725 0.6250000000
78956  33.584  9.103  68.016 0.1250000000
78043  32.585  9.016  68.054 0.1250000000
78054  32.059  8.681  67.391 0.1250000000
79890  36.914  10.194  68.440 0.3750000000
78079  32.623  8.253  65.746 0.1250000000
81619  34.645  12.656  73.003 0.1250000000
80754  33.428  11.633  71.795 0.1250000000
79838  33.233  10.898  71.224 0.1250000000
79878  31.262  10.066  70.011 0.1250000000
78068  28.783  8.372  66.593 0.1250000000
79091  44.107  9.666  58.511 0.1250000000
121909  43.566  9.998  56.889 0.1250000000
79099  42.620  9.487  56.694 0.1250000000
78171  41.796  8.907  56.851 0.1250000000
78176  41.855  8.404  55.223 0.1250000000
80570  9.792  11.171  89.039 0.3750000000
126672  10.073  7.980  92.805 0.2500000000
83347  34.053  15.103  76.186 0.5000000000
82491  33.231  14.615  73.651 0.3750000000
77995  -0.133  8.515  72.172 0.1250000000
80812  39.124  10.858  67.162 0.5000000000
124172  38.654  10.245  66.265 0.5000000000
79921  38.858  10.079  65.695 0.5000000000
124148  10.024  11.011  91.425 0.2500000000
80555  9.822  11.955  91.216 0.2500000000
77774  10.037  8.556  93.637 0.2500000000
140307  26.094  10.487  72.684 0.1250000000
80757  30.942  12.238  71.385 0.2500000000
83393  32.341  15.285  73.763 0.3750000000
81622  31.431  13.727  72.277 0.2500000000
82510  30.776  14.453  72.392 0.2500000000
82545  28.815  13.589  71.034 0.1250000000
79633  10.551  10.629  95.106 0.2500000000
84282  30.056  15.381  72.984 0.2500000000
84290  28.721  15.297  72.015 0.1250000000
83421  29.923  14.846  72.119 0.2500000000
82530  30.247  13.922  71.713 0.2500000000
82546  28.170  14.018  70.904 0.1250000000
81398  9.941  12.156  95.057 0.2500000000
53184  -5.013  -16.039  98.790 0.3750000000
53194  -5.392  -16.304  98.700 0.3750000000
53195  -5.904  -15.968  98.708 0.3750000000
53196  -6.517  -15.992  98.702 0.3750000000
53209  -8.046  -16.546  98.016 0.3750000000
52207  -8.520  -17.174  97.597 0.3750000000
53218  -8.800  -16.782  97.302 0.2500000000
53236  -9.341  -16.950  96.595 0.2500000000
53183  -4.587  -16.287  98.778 0.3750000000
52186  -6.825  -16.600  98.514 0.3750000000
52197  -7.654  -16.840  98.155 0.3750000000
52198  -8.065  -17.206  97.842 0.2500000000
52208  -9.106  -17.522  97.275 0.2500000000
126853  -9.244  -17.073  97.026 0.2500000000
52227  -9.719  -17.782  96.475 0.2500000000
54266  -8.502  -16.123  97.210 0.3750000000
54255  -7.851  -15.380  98.127 0.3750000000
54234  -5.080  -15.480  98.793 0.3750000000
55393  -5.886  -14.620  98.783 0.3750000000
54244  -6.844  -15.399  98.761 0.3750000000
130299  -7.923  -15.940  98.201 0.3750000000
54233  -4.860  -15.341  98.784 0.3750000000
55381  -5.145  -14.871  98.753 0.3750000000
142426  -5.460  -13.882  98.650 0.3750000000
54245  -7.345  -15.488  98.595 0.3750000000
54297  -9.094  -16.467  96.127 0.2500000000
141797  -4.691  -15.808  98.788 0.3750000000
55391  -5.099  -14.218  98.642 0.5000000000
52236  -9.568  -17.480  95.337 0.2500000000
123621  -8.146  -15.345  97.381 0.3750000000
138777  -5.398  -13.435  98.602 0.3750000000
121523  -6.283  -14.086  98.791 0.3750000000
55394  -6.839  -14.235  98.719 0.3750000000
55407  -7.846  -14.728  97.790 0.3750000000
56432  -7.938  -14.393  97.247 0.3750000000
54276  -8.445  -15.696  96.793 0.3750000000
56413  -4.898  -13.343  98.525 0.6250000000
57369  -5.611  -12.744  98.637 0.3750000000
56416  -6.573  -13.511  98.669 0.3750000000
138545  -8.704  -15.797  96.206 0.3750000000
55390  -4.393  -14.651  98.673 0.6250000000
57367  -4.810  -13.018  98.478 0.6250000000
57368  -5.272  -12.795  98.581 0.3750000000
54315  -9.021  -16.188  95.025 0.2500000000
56423  -4.081  -13.489  98.304 0.6250000000
57378  -4.334  -12.425  98.291 0.6250000000
54332  -9.226  -16.392  94.200 0.2500000000
53255  -9.358  -16.897  94.545 0.2500000000
57394  -7.427  -12.610  97.545 0.3750000000
57388  -7.750  -13.458  97.231 0.3750000000
125581  -7.848  -13.266  96.702 0.3750000000
56438  -7.952  -13.787  96.422 0.3750000000
130252  -6.794  -12.358  98.384 0.3750000000
57387  -7.410  -13.237  97.873 0.3750000000
56435  -7.996  -14.009  96.782 0.3750000000
145225  -6.537  -12.362  98.582 0.3750000000
56431  -7.675  -14.028  97.824 0.3750000000
120703  -8.072  -14.439  96.507 0.3750000000
57370  -5.959  -12.726  98.700 0.3750000000
57371  -6.369  -12.804  98.651 0.3750000000
55446  -8.141  -14.470  95.909 0.3750000000
124942  -2.950  -14.864  98.422 0.5000000000
56422  -3.102  -13.945  98.144 0.6250000000
57377  -3.542  -13.103  98.011 0.6250000000
58406  -4.385  -11.327  98.304 0.6250000000
133935  -5.479  -12.083  98.649 0.5000000000
54314  -8.834  -15.602  94.684 0.2500000000
57385  0.083  -13.500  97.662 0.6250000000
54349  -8.275  -15.615  92.789 0.2500000000
54350  -8.821  -15.888  92.984 0.2500000000
58413  0.735  -12.818  97.696 0.6250000000
54366  -7.942  -16.233  92.093 0.2500000000
57395  -7.625  -12.814  97.038 0.3750000000
58420  -7.590  -12.552  96.673 0.3750000000
58409  -7.165  -12.415  97.992 0.3750000000
132055  -7.828  -13.107  96.437 0.3750000000
59417  -6.335  -11.244  98.679 0.5000000000
138735  -7.967  -13.951  95.692 0.3750000000
58399  -5.897  -11.362  98.751 0.5000000000
135803  -7.915  -13.898  94.847 0.2500000000
55464  -8.299  -14.727  95.243 0.2500000000
59415  -3.861  -10.649  98.027 0.6250000000
59416  -4.274  -10.407  98.282 0.6250000000
55479  -8.045  -14.242  93.996 0.2500000000
130786  -8.482  -14.958  94.367 0.2500000000
58417  0.304  -12.749  97.250 0.6250000000
57391  -0.380  -13.481  97.503 0.6250000000
56429  -1.435  -13.957  97.705 0.6250000000
57386  -2.640  -13.479  97.670 0.6250000000
128698  -3.522  -12.506  97.595 0.6250000000
126288  -3.655  -10.999  97.694 0.6250000000
55494  -7.828  -14.690  93.323 0.2500000000
55495  -8.474  -15.239  93.512 0.2500000000
57398  -0.719  -13.184  96.834 0.6250000000
57399  -1.777  -13.133  96.490 0.6250000000
58418  -3.451  -11.973  96.779 0.6250000000
132022  -3.555  -10.720  97.151 0.6250000000
133702  -0.406  -12.469  95.707 0.6250000000
57402  -0.968  -12.811  96.049 0.6250000000
57403  -1.872  -12.551  95.737 0.6250000000
58424  -2.885  -12.071  95.818 0.6250000000
59441  -3.305  -11.051  96.171 0.6250000000
57404  -2.298  -12.085  95.417 0.6250000000
59425  -7.090  -11.326  97.519 0.3750000000
58419  -7.372  -12.146  97.289 0.3750000000
57405  -7.769  -12.975  96.089 0.3750000000
58414  -7.211  -11.850  97.800 0.3750000000
127937  -7.902  -13.499  96.284 0.3750000000
56441  -7.869  -13.489  95.970 0.3750000000
59424  -6.941  -11.169  98.029 0.5000000000
134902  -6.439  -10.750  98.496 0.3750000000
56444  -7.696  -13.205  95.305 0.3750000000
56448  -7.561  -12.952  94.612 0.3750000000
60366  -6.184  -10.231  98.232 0.5000000000
131383  -5.557  -10.471  98.501 0.5000000000
59409  -5.614  -10.913  98.620 0.5000000000
56454  -7.496  -13.523  93.640 0.2500000000
61252  -4.928  -9.313  97.951 0.5000000000
60364  -4.568  -9.548  98.133 0.6250000000
60357  -4.836  -10.288  98.417 0.6250000000
55493  -7.093  -14.008  93.170 0.2500000000
60371  -3.749  -9.595  97.478 0.6250000000
55509  -6.719  -14.378  92.639 0.2500000000
58416  0.628  -12.016  97.000 0.6250000000
58433  -0.302  -12.114  95.057 0.6250000000
60408  -2.213  -9.162  95.413 0.6250000000
126245  -3.432  -10.013  96.617 0.6250000000
59429  -3.618  -10.128  97.447 0.6250000000
58434  -1.034  -12.414  95.291 0.6250000000
58436  -2.571  -11.439  95.385 0.6250000000
60409  -2.735  -10.209  95.594 0.6250000000
139136  -3.883  -9.178  97.503 0.6250000000
57424  -7.231  -12.428  93.461 0.2500000000
123843  -3.708  -8.784  96.921 0.6250000000
60384  -3.537  -9.315  96.727 0.6250000000
56453  -6.659  -13.323  92.646 0.2500000000
57423  -7.083  -12.760  93.020 0.2500000000
61292  -2.967  -9.105  96.082 0.6250000000
58449  -0.897  -12.004  94.550 0.6250000000
59455  -2.063  -11.065  94.844 0.6250000000
129778  -2.137  -10.095  94.940 0.6250000000
59467  -1.252  -11.480  94.208 0.6250000000
123363  -3.346  -8.190  96.449 0.6250000000
123886  -2.277  -8.132  95.741 0.6250000000
61281  -3.220  -8.425  96.373 0.6250000000
55520  -5.613  -13.670  91.483 0.2500000000
58448  -0.293  -11.732  94.267 0.6250000000
60420  -1.638  -10.577  94.278 0.6250000000
61312  -1.727  -9.466  94.647 0.6250000000
61301  -1.612  -8.402  95.151 0.6250000000
60419  -1.297  -9.973  93.789 0.6250000000
61383  -4.570  -7.418  84.021 0.2500000000
145504  -4.641  -8.117  84.649 0.2500000000
61395  -4.115  -8.186  81.708 0.2500000000
60537  -4.530  -9.583  80.675 0.2500000000
61400  -4.353  -8.739  80.831 0.2500000000
61384  -5.548  -7.535  85.007 0.2500000000
142434  -4.808  -7.824  80.541 0.2500000000
62298  -4.771  -7.682  81.106 0.2500000000
125892  -4.643  -8.668  80.274 0.2500000000
59458  20.328  -9.957  93.164 0.5000000000
59444  19.030  -9.670  93.972 0.5000000000
59457  21.096  -9.800  92.840 0.5000000000
62284  -5.315  -6.777  83.924 0.2500000000
62283  -4.765  -7.042  83.180 0.2500000000
62304  -5.330  -7.158  80.688 0.2500000000
140595  -4.675  -8.906  79.789 0.1250000000
125803  -4.782  -8.437  79.993 0.1250000000
61405  -5.122  -7.433  80.130 0.1250000000
134117  -5.346  -7.332  79.803 0.1250000000
60412  20.462  -9.385  93.504 0.5000000000
60411  21.317  -9.283  93.083 0.5000000000
60424  21.949  -9.534  92.465 0.5000000000
60436  23.049  -9.621  91.431 0.3750000000
62293  -5.950  -6.332  83.434 0.3750000000
62300  -5.935  -6.360  82.139 0.3750000000
121754  -5.962  -6.517  81.042 0.3750000000
61419  -4.884  -8.195  78.876 0.1250000000
61411  -5.167  -7.744  79.586 0.1250000000
62315  -5.982  -6.769  79.863 0.1250000000
62314  -5.943  -6.658  80.294 0.2500000000
60422  23.383  -9.047  91.602 0.5000000000
60435  23.777  -9.293  91.028 0.3750000000
63278  -6.398  -5.857  82.769 0.3750000000
63279  -6.680  -5.280  81.935 0.3750000000
63288  -6.423  -5.927  81.479 0.3750000000
62305  -6.540  -6.104  80.506 0.3750000000
61412  -6.049  -6.972  79.487 0.1250000000
61315  23.245  -8.398  91.856 0.5000000000
60434  24.120  -8.694  91.070 0.5000000000
124251  24.534  -9.046  90.188 0.3750000000
62234  24.711  -7.582  90.705 0.5000000000
61324  24.391  -7.997  91.030 0.5000000000
124396  25.143  -7.379  90.207 0.5000000000
61329  24.697  -8.460  90.350 0.5000000000
132181  25.117  -7.960  89.868 0.5000000000
122779  24.751  -6.748  90.777 0.6250000000
62243  25.366  -7.380  89.760 0.5000000000
63351  -6.868  -6.191  75.796 0.5000000000
64357  -6.953  -5.437  75.237 0.6250000000
65367  -7.253  -4.934  75.532 0.6250000000
66357  -6.336  -3.554  74.308 0.6250000000
79931  38.985  9.878  65.034 0.2500000000
137268  40.126  10.487  65.295 0.3750000000
79930  39.625  10.083  64.795 0.2500000000
79941  39.673  9.875  63.169 0.2500000000
79929  40.715  10.602  64.980 0.3750000000
143472  40.279  10.301  64.509 0.3750000000
79942  39.060  9.773  64.062 0.2500000000
79940  40.399  10.243  63.651 0.3750000000
125570  39.827  9.987  64.064 0.2500000000
79024  38.850  9.618  63.135 0.2500000000
79939  41.158  10.517  63.244 0.3750000000
128656  40.496  10.249  62.681 0.2500000000
127057  40.561  10.365  61.722 0.2500000000
79928  40.952  10.550  64.216 0.3750000000
80851  42.063  10.805  62.825 0.3750000000
79956  41.233  10.610  62.251 0.3750000000
80841  41.757  10.732  63.912 0.3750000000
80868  41.898  11.022  61.659 0.3750000000
62316  -6.634  -6.286  79.941 0.3750000000
61420  -5.378  -7.795  79.167 0.1250000000
128787  -6.935  -4.750  74.838 0.6250000000
66348  -6.698  -3.441  74.763 0.6250000000
140726  42.245  10.972  64.455 0.3750000000
61253  -5.421  -9.414  97.878 0.6250000000
60365  -5.791  -9.847  98.175 0.5000000000
61251  -4.207  -9.190  97.816 0.6250000000
58462  -0.724  -11.304  93.740 0.6250000000
60432  -1.041  -10.960  93.598 0.6250000000
60423  22.626  -8.979  92.253 0.5000000000
58461  -0.358  -11.296  93.670 0.7500000000
61314  23.862  -8.413  91.386 0.6250000000
60512  -5.308  -8.803  86.146 0.2500000000
80842  41.484  10.849  64.961 0.3750000000
56447  -7.644  -13.192  94.126 0.2500000000
140764  -0.701  -11.629  94.034 0.6250000000
54243  -6.096  -15.330  98.750 0.3750000000
55382  -5.422  -14.873  98.763 0.3750000000
53197  -7.102  -16.014  98.628 0.3750000000
123693  -7.456  -15.078  98.489 0.3750000000
122515  -8.289  -16.195  97.756 0.3750000000
54286  -8.812  -16.094  96.473 0.2500000000
55399  -7.236  -14.415  98.537 0.3750000000
56425  -7.324  -13.866  98.250 0.3750000000
129584  -6.074  -14.136  98.816 0.3750000000
55395  -7.111  -14.895  98.722 0.3750000000
56412  -4.614  -13.905  98.504 0.5000000000
53245  -9.256  -16.791  95.423 0.2500000000
56415  -6.114  -13.442  98.725 0.3750000000
56424  -6.971  -13.690  98.530 0.3750000000
55418  -8.138  -14.849  96.788 0.3750000000
55447  -8.416  -15.226  96.060 0.3750000000
135143  -8.857  -15.971  95.780 0.2500000000
55419  -8.338  -15.240  96.425 0.3750000000
56411  -3.655  -14.387  98.440 0.6250000000
55465  -8.586  -15.369  95.501 0.2500000000
58405  -3.897  -11.752  98.013 0.6250000000
54331  -9.004  -15.889  93.706 0.2500000000
53262  -9.338  -16.676  93.487 0.2500000000
55431  -8.095  -14.472  96.258 0.3750000000
58408  -6.930  -11.703  98.209 0.3750000000
58407  -6.611  -11.748  98.538 0.3750000000
57380  -7.021  -13.107  98.276 0.3750000000
58400  -6.218  -12.005  98.733 0.3750000000
58398  -5.613  -11.460  98.659 0.3750000000
130221  -7.966  -13.898  96.164 0.3750000000
56430  -2.623  -13.815  97.974 0.6250000000
59407  -4.951  -11.054  98.434 0.6250000000
142752  -5.372  -11.504  98.576 0.5000000000
57376  0.575  -13.415  97.807 0.6250000000
54367  -8.691  -16.454  92.312 0.2500000000
55510  -7.421  -15.194  92.591 0.2500000000
59418  -6.711  -11.139  98.402 0.3750000000
143068  -7.988  -13.948  95.966 0.3750000000
59408  -5.253  -11.234  98.600 0.5000000000
145487  -5.351  -10.548  98.491 0.5000000000
59423  -3.701  -10.159  97.780 0.6250000000
60362  -3.832  -9.885  97.931 0.6250000000
58423  -0.087  -12.616  96.453 0.6250000000
57392  -1.617  -13.560  97.239 0.6250000000
57400  -2.703  -12.765  96.223 0.6250000000
57393  -2.853  -13.226  96.912 0.6250000000
58435  -1.753  -12.016  94.948 0.6250000000
60358  -5.208  -9.979  98.359 0.5000000000
61391  -4.091  -7.686  82.902 0.2500000000
62291  -4.745  -7.321  82.139 0.2500000000
59615  -4.653  -9.808  80.334 0.2500000000
62299  -5.392  -6.953  81.575 0.2500000000
62292  -5.361  -6.706  82.728 0.2500000000
60554  -4.809  -8.560  79.696 0.1250000000
139419  22.658  -9.468  91.899 0.5000000000
60445  24.322  -8.882  90.636 0.5000000000
62238  25.007  -8.218  90.058 0.5000000000
144054  25.107  -7.778  90.153 0.5000000000
61287  10.418  -6.703  95.576 0.3750000000
61288  9.161  -7.133  96.307 0.3750000000
58441  17.490  -9.864  93.864 0.3750000000
61289  8.776  -7.980  96.117 0.2500000000
57409  18.202  -10.358  92.719 0.3750000000
57419  17.961  -10.415  92.421 0.3750000000
58440  18.956  -9.934  93.594 0.3750000000
58454  18.400  -10.277  93.039 0.3750000000
61278  8.128  -7.822  96.888 0.2500000000
57408  18.908  -10.388  92.572 0.3750000000
57418  18.710  -10.446  92.195 0.3750000000
61298  8.659  -8.334  95.255 0.2500000000
59459  19.476  -9.991  93.477 0.3750000000
59471  20.876  -10.085  92.626 0.2500000000
58438  20.177  -10.124  92.985 0.3750000000
58468  19.602  -10.385  92.377 0.2500000000
58450  21.353  -10.209  92.019 0.2500000000
58466  20.962  -10.247  92.091 0.2500000000
123653  19.417  -10.462  91.662 0.2500000000
126786  21.290  -10.352  91.476 0.2500000000
57431  19.867  -10.464  90.839 0.2500000000
58478  21.705  -10.401  90.938 0.2500000000
57448  20.558  -10.489  90.289 0.2500000000
57446  21.729  -10.433  90.334 0.2500000000
139411  21.181  -10.444  90.966 0.2500000000
57464  20.450  -10.526  89.452 0.2500000000
141572  21.476  -10.473  89.825 0.2500000000
57480  21.803  -10.263  88.714 0.2500000000
50089  -7.210  -18.580  97.651 0.2500000000
50090  -7.882  -18.375  97.605 0.2500000000
51138  -7.205  -17.877  98.003 0.2500000000
50087  -5.878  -18.424  97.874 0.1250000000
59470  21.603  -9.991  92.261 0.3750000000
59478  22.022  -10.077  91.803 0.2500000000
121841  22.285  -10.336  90.627 0.2500000000
58493  22.328  -10.342  90.007 0.2500000000
128978  21.710  -10.260  88.012 0.2500000000
57479  22.231  -10.034  88.555 0.2500000000
58534  22.867  -10.201  86.958 0.2500000000
50076  -5.669  -17.909  98.159 0.1250000000
51118  -5.886  -17.418  98.364 0.2500000000
51120  -7.211  -17.132  98.263 0.2500000000
50086  -4.874  -18.397  97.964 0.1250000000
51135  -3.912  -17.671  98.505 0.1250000000
57372  5.127  -11.463  98.586 0.3750000000
57381  5.598  -11.403  97.504 0.2500000000
56426  5.133  -12.490  97.613 0.2500000000
55415  5.244  -13.353  96.512 0.2500000000
59469  22.311  -9.839  91.843 0.3750000000
124257  22.932  -10.118  90.776 0.2500000000
58492  22.796  -10.255  90.319 0.2500000000
59485  23.631  -9.721  90.365 0.2500000000
58506  22.971  -10.137  89.762 0.2500000000
58507  22.294  -10.193  89.297 0.2500000000
135916  23.411  -9.779  89.284 0.2500000000
130014  22.784  -9.887  88.931 0.2500000000
59507  23.996  -9.571  89.026 0.2500000000
58521  23.415  -9.689  88.477 0.2500000000
58533  23.402  -9.874  87.515 0.2500000000
58544  23.418  -10.180  86.713 0.2500000000
51119  -6.634  -17.296  98.335 0.2500000000
51137  -5.091  -18.087  98.114 0.1250000000
51134  -3.443  -17.459  98.486 0.1250000000
51152  -3.743  -18.120  98.022 0.1250000000
51150  -2.530  -17.519  97.537 0.1250000000
58402  4.862  -11.150  99.102 0.3750000000
56417  4.510  -12.553  98.596 0.2500000000
55417  4.156  -14.119  97.422 0.2500000000
56434  4.917  -13.140  97.299 0.2500000000
55404  4.447  -13.538  97.744 0.2500000000
54272  4.394  -14.197  96.591 0.2500000000
60446  24.011  -9.349  90.487 0.2500000000
60456  24.274  -9.428  89.996 0.2500000000
59493  24.396  -9.440  89.473 0.2500000000
60469  24.622  -9.277  89.300 0.2500000000
59518  23.980  -9.622  88.180 0.2500000000
59517  24.103  -9.532  88.056 0.2500000000
59541  23.926  -9.724  86.098 0.2500000000
52184  -5.296  -16.973  98.561 0.2500000000
122947  -4.619  -17.222  98.599 0.2500000000
52170  -4.796  -16.617  98.707 0.2500000000
130630  -4.592  -17.665  98.419 0.1250000000
51116  -4.082  -17.436  98.657 0.1250000000
52183  -4.254  -16.944  98.779 0.2500000000
51133  -2.894  -17.280  98.241 0.1250000000
56405  3.889  -12.308  99.103 0.2500000000
52204  -0.291  -16.562  97.783 0.1250000000
51149  -1.772  -17.126  97.388 0.1250000000
57374  4.393  -12.084  98.978 0.2500000000
55396  3.728  -13.608  98.542 0.2500000000
54262  3.652  -14.606  97.824 0.2500000000
52225  0.050  -16.833  96.370 0.1250000000
52226  -0.700  -17.078  96.571 0.1250000000
54274  3.265  -15.147  97.343 0.2500000000
52234  0.757  -16.404  95.227 0.1250000000
54284  3.940  -14.619  96.058 0.2500000000
53233  2.876  -15.552  95.895 0.2500000000
53243  2.247  -15.809  95.411 0.2500000000
52243  0.076  -16.754  94.716 0.1250000000
61344  24.778  -8.793  89.171 0.3750000000
60479  24.460  -9.270  88.676 0.2500000000
61354  24.975  -8.058  89.079 0.3750000000
61355  24.523  -8.702  88.528 0.2500000000
61361  24.024  -8.586  87.559 0.2500000000
59529  23.979  -9.672  87.097 0.2500000000
60499  23.997  -9.236  86.798 0.2500000000
64356  -6.429  -5.685  74.950 0.5000000000
64389  -4.730  -4.953  73.965 0.3750000000
64369  -6.009  -5.075  74.415 0.3750000000
65397  -2.596  -4.382  73.379 0.1250000000
52185  -6.080  -16.652  98.565 0.2500000000
52182  -3.967  -16.825  99.042 0.2500000000
52169  -4.130  -16.788  98.830 0.2500000000
58392  3.685  -10.705  99.047 0.3750000000
57358  3.383  -11.328  99.162 0.3750000000
52196  -3.172  -17.193  98.608 0.1250000000
57362  3.958  -11.017  99.153 0.3750000000
132302  3.612  -11.746  99.235 0.3750000000
55383  2.801  -13.369  99.069 0.2500000000
54265  1.611  -15.408  98.803 0.2500000000
53216  1.068  -16.034  98.330 0.2500000000
53226  0.505  -16.420  97.712 0.1250000000
52194  -1.630  -16.694  97.826 0.1250000000
56419  3.513  -13.117  98.911 0.2500000000
54263  3.027  -15.009  98.169 0.2500000000
53215  1.942  -15.928  98.116 0.2500000000
53225  1.312  -16.244  97.521 0.1250000000
54275  2.616  -15.552  97.691 0.2500000000
53224  2.119  -16.045  97.210 0.2500000000
53235  1.450  -16.283  96.633 0.2500000000
52224  0.749  -16.497  96.084 0.1250000000
53223  2.796  -15.653  96.807 0.2500000000
53234  2.226  -16.022  96.281 0.2500000000
53244  1.498  -16.186  95.749 0.2500000000
138220  25.171  -7.833  89.543 0.3750000000
61360  24.481  -7.924  88.329 0.3750000000
62268  24.076  -7.777  87.408 0.3750000000
62267  24.581  -7.173  87.951 0.3750000000
141879  -4.282  -4.641  73.721 0.2500000000
65400  -5.336  -4.657  74.074 0.3750000000
64387  -2.861  -5.099  73.659 0.1250000000
65398  -3.549  -4.524  73.567 0.2500000000
66376  -2.269  -3.676  73.237 0.1250000000
134864  -3.223  -3.810  73.428 0.2500000000
144954  -1.505  -3.635  73.088 0.1250000000
57359  2.776  -11.603  99.063 0.3750000000
57364  2.297  -12.302  98.976 0.3750000000
53193  -3.219  -16.780  98.799 0.2500000000
56407  2.483  -12.808  99.153 0.2500000000
52195  -2.553  -17.001  98.244 0.1250000000
55384  2.045  -13.663  99.091 0.2500000000
53205  0.708  -15.723  98.808 0.1250000000
53217  0.230  -16.171  98.292 0.1250000000
52193  -0.590  -16.391  98.009 0.1250000000
53207  -1.028  -16.254  98.195 0.1250000000
53206  -0.020  -16.045  98.402 0.1250000000
63241  24.772  -6.576  87.467 0.3750000000
63242  24.469  -6.504  86.487 0.2500000000
65381  -6.415  -4.486  74.508 0.5000000000
65399  -4.778  -4.452  73.825 0.3750000000
67353  -2.858  -3.070  73.376 0.2500000000
66374  -0.036  -3.841  72.395 0.1250000000
126396  -1.062  -3.297  73.036 0.1250000000
54241  -3.734  -15.570  98.808 0.2500000000
53182  -4.276  -16.324  98.815 0.2500000000
58396  2.670  -11.256  98.760 0.3750000000
127830  2.332  -11.968  98.835 0.3750000000
126459  1.786  -13.159  98.895 0.2500000000
121727  -3.063  -16.057  98.689 0.2500000000
52168  -3.785  -16.869  98.894 0.2500000000
57365  1.695  -12.691  98.554 0.3750000000
53192  -2.348  -16.482  98.259 0.2500000000
52180  -2.912  -16.929  98.654 0.2500000000
55385  1.295  -14.045  98.951 0.2500000000
53190  -0.590  -15.931  98.306 0.1250000000
52179  -2.050  -16.763  98.004 0.1250000000
64238  25.292  -5.964  87.750 0.5000000000
132511  24.542  -6.021  85.849 0.2500000000
67338  -5.461  -2.775  73.601 0.3750000000
66366  -5.922  -3.416  73.868 0.3750000000
66364  -4.229  -3.991  73.610 0.3750000000
67352  -1.785  -2.826  73.194 0.1250000000
134782  -0.438  -3.232  72.789 0.1250000000
126232  0.197  -3.091  72.555 0.1250000000
67368  1.211  -3.301  71.731 0.1250000000
67385  1.897  -3.272  70.922 0.1250000000
67367  1.804  -2.233  71.654 0.1250000000
143652  2.190  -2.553  70.987 0.1250000000
54242  -4.231  -15.164  98.776 0.2500000000
57375  1.352  -12.614  98.060 0.3750000000
57366  0.931  -13.436  98.160 0.3750000000
121603  -2.965  -15.355  98.560 0.2500000000
56408  1.092  -13.677  98.583 0.3750000000
122553  0.304  -14.158  98.245 0.3750000000
54239  -1.336  -15.890  98.090 0.2500000000
55388  -1.910  -15.006  97.969 0.2500000000
55386  0.465  -14.574  98.614 0.3750000000
54238  0.346  -15.361  98.727 0.2500000000
121503  -0.425  -15.306  98.304 0.1250000000
67339  -6.228  -2.642  73.909 0.5000000000
133210  -4.658  -3.293  73.553 0.2500000000
130645  -3.816  -3.212  73.469 0.2500000000
142234  -0.879  -2.740  73.009 0.1250000000
135646  -0.179  -2.402  72.743 0.1250000000
67350  0.826  -2.538  72.366 0.1250000000
68335  0.345  -1.521  72.606 0.1250000000
68350  1.706  -1.242  72.001 0.1250000000
68349  2.236  -1.196  71.379 0.1250000000
68369  2.776  -1.849  69.947 0.1250000000
69339  2.931  -0.795  69.742 0.1250000000
55389  -3.682  -14.996  98.727 0.2500000000
58397  2.167  -12.080  98.638 0.3750000000
141659  0.154  -13.947  98.006 0.3750000000
56410  -2.240  -14.469  97.990 0.5000000000
55387  -0.507  -14.811  98.065 0.3750000000
56409  -0.731  -14.487  97.764 0.3750000000
67337  -4.443  -2.578  73.464 0.2500000000
67335  -2.617  -2.388  73.414 0.1250000000
68315  -2.032  -1.806  73.386 0.1250000000
68334  1.231  -1.651  72.315 0.1250000000
69327  1.887  -0.449  71.776 0.1250000000
68361  2.662  -1.023  70.586 0.1250000000
69326  2.390  -0.318  71.073 0.1250000000
70318  2.931  0.207  69.490 0.1250000000
56420  -0.745  -14.126  97.649 0.5000000000
57384  1.043  -12.648  97.778 0.5000000000
56421  -2.066  -14.152  97.953 0.5000000000
68317  -5.079  -1.849  73.474 0.3750000000
68316  -3.010  -1.724  73.513 0.2500000000
67336  -3.458  -2.468  73.461 0.3750000000
125328  -2.459  -0.922  73.459 0.2500000000
126227  -0.506  -1.148  72.920 0.1250000000
67351  -1.014  -1.951  73.078 0.1250000000
69318  0.169  -0.511  72.692 0.1250000000
69317  1.124  -0.698  72.362 0.1250000000
140102  2.024  0.347  71.411 0.1250000000
70311  2.557  0.687  70.221 0.1250000000
69333  2.657  -0.119  70.317 0.1250000000
68318  -6.015  -1.670  73.688 0.3750000000
128120  -4.035  -1.780  73.492 0.3750000000
69308  -3.558  -0.942  73.548 0.3750000000
69319  -0.756  -0.172  72.976 0.1250000000
68314  -1.421  -1.016  73.255 0.3750000000
133043  -0.005  0.233  72.720 0.1250000000
70306  1.442  0.247  72.056 0.1250000000
122849  0.694  0.194  72.461 0.1250000000
132250  -5.523  -1.129  73.566 0.3750000000
130914  -4.642  -1.057  73.534 0.3750000000
69311  -6.188  -0.623  73.635 0.3750000000
69309  -4.257  -0.220  73.490 0.3750000000
128640  -3.029  0.056  73.366 0.3750000000
70288  -5.012  0.372  73.439 0.3750000000
71249  -6.328  0.879  73.640 0.3750000000
70285  -1.829  -0.095  73.239 0.3750000000
71261  -2.123  0.919  73.037 0.2500000000
70298  -1.257  0.570  72.990 0.2500000000
70296  0.263  0.880  72.539 0.1250000000
71259  -0.193  1.509  72.639 0.2500000000
78926  40.622  9.754  70.545 0.5000000000
70287  -3.981  0.653  73.304 0.3750000000
70190  23.415  0.321  80.440 0.1250000000
71245  -2.705  1.681  72.946 0.2500000000
70286  -3.105  0.981  73.172 0.3750000000
71247  -4.767  1.144  73.275 0.3750000000
72253  -1.286  2.450  72.765 0.2500000000
72254  -2.251  2.437  72.817 0.2500000000
72235  -3.172  2.374  72.920 0.2500000000
72236  -4.082  2.364  73.029 0.5000000000
72237  -4.957  2.391  73.104 0.3750000000
126752  -0.556  2.121  72.670 0.2500000000
72252  -0.359  2.865  72.739 0.2500000000
78940  41.301  9.843  69.925 0.5000000000
78034  40.396  9.271  69.633 0.3750000000
78953  41.592  9.719  69.028 0.5000000000
78040  41.092  9.185  68.471 0.5000000000
78051  40.570  8.539  68.011 0.1250000000
77158  39.986  7.734  67.604 0.1250000000
73167  -6.008  3.294  73.507 0.5000000000
70209  23.484  0.524  79.526 0.1250000000
73183  -2.704  3.112  72.883 0.2500000000
73165  -3.626  3.056  72.933 0.2500000000
123997  -4.424  2.940  72.985 0.5000000000
73166  -5.167  3.151  73.101 0.5000000000
122607  -1.071  3.205  72.888 0.2500000000
73182  -1.819  3.149  72.874 0.2500000000
73184  -3.197  3.786  72.968 0.3750000000
120755  -4.293  3.725  72.950 0.5000000000
127898  -4.573  4.521  72.951 0.5000000000
131363  -5.894  4.766  73.430 0.5000000000
121548  -1.393  3.791  73.083 0.3750000000
74151  -2.262  3.805  73.018 0.3750000000
74130  -3.699  4.496  72.955 0.5000000000
75141  -4.248  5.221  72.948 0.5000000000
140105  -1.400  5.146  73.313 0.5000000000
75140  -3.233  5.212  73.023 0.5000000000
140195  40.334  7.558  66.802 0.1250000000
76256  39.438  6.414  66.492 0.1250000000
76262  39.768  6.248  65.728 0.1250000000
70189  24.353  0.941  80.109 0.2500000000
75143  -5.876  5.575  73.484 0.5000000000
75144  -6.304  6.048  74.145 0.5000000000
123813  -6.639  4.102  74.299 0.5000000000
70224  24.415  0.914  78.209 0.1250000000
76186  -1.821  5.866  73.249 0.3750000000
76207  -2.271  6.654  73.115 0.3750000000
76188  -3.775  5.980  72.970 0.5000000000
76254  41.001  7.743  66.215 0.1250000000
142491  40.745  7.240  65.707 0.1250000000
75245  40.093  6.089  64.985 0.1250000000
75259  39.542  5.633  64.670 0.1250000000
70188  25.435  1.403  80.268 0.2500000000
69190  27.330  1.717  79.061 0.2500000000
144796  26.803  1.603  78.837 0.2500000000
120722  26.024  1.524  79.616 0.2500000000
70207  25.286  1.294  79.355 0.2500000000
69210  26.808  1.498  78.306 0.2500000000
69191  26.158  1.480  78.817 0.2500000000
70223  25.241  1.238  78.510 0.1250000000
76190  -5.909  6.546  73.544 0.5000000000
76208  -3.233  6.692  73.032 0.5000000000
127240  25.748  1.518  81.165 0.2500000000
70150  27.639  2.094  82.081 0.2500000000
70168  26.663  1.655  81.232 0.2500000000
70186  27.183  1.779  80.265 0.2500000000
70187  26.342  1.605  80.339 0.2500000000
70206  26.690  1.651  79.449 0.2500000000
87757  -3.817  19.180  71.383 0.3750000000
88508  -2.867  20.876  76.611 0.5000000000
88507  -1.945  20.602  76.618 0.5000000000
88516  -4.089  20.609  75.293 0.5000000000
87743  -3.889  19.796  73.945 0.5000000000
87753  -3.916  19.355  72.101 0.3750000000
135758  9.519  -7.192  95.642 0.3750000000
70289  -5.975  0.178  73.428 0.3750000000
74132  -6.269  4.106  73.700 0.5000000000
74133  -6.374  4.963  74.110 0.5000000000
76173  -6.487  6.198  75.418 0.5000000000
87749  -3.811  19.687  73.016 0.3750000000
87731  -3.756  19.972  74.762 0.5000000000
123770  -3.412  20.267  75.395 0.5000000000
78910  40.649  10.065  71.492 0.5000000000
62259  25.001  -7.303  88.776 0.3750000000
57382  5.341  -11.797  97.919 0.3750000000
57390  5.543  -12.008  97.094 0.2500000000
63228  25.233  -6.561  88.383 0.3750000000
137377  23.421  0.011  81.151 0.1250000000
76178  -6.566  6.564  74.774 0.5000000000
76209  -4.234  6.808  73.032 0.5000000000
77117  -4.520  7.664  73.089 0.5000000000
76261  40.539  6.729  65.355 0.1250000000
55380  -4.746  -14.990  98.764 0.3750000000
58464  22.642  -9.954  91.351 0.2500000000
60454  24.836  -8.926  89.631 0.3750000000
66356  -5.887  -4.184  74.168 0.3750000000
58439  19.571  -10.090  93.218 0.2500000000
58452  19.923  -10.263  92.731 0.2500000000
127156  19.985  -10.439  91.933 0.2500000000
57416  20.593  -10.410  91.587 0.2500000000
57447  21.139  -10.500  90.372 0.2500000000
50077  -6.453  -18.064  98.039 0.2500000000
121934  22.054  -10.111  87.904 0.2500000000
51136  -4.413  -17.894  98.321 0.1250000000
51115  -3.608  -17.328  98.705 0.1250000000
57373  4.724  -11.848  98.866 0.3750000000
57383  4.911  -12.206  98.314 0.2500000000
56427  4.707  -12.919  98.049 0.2500000000
59530  23.852  -9.853  87.314 0.2500000000
51151  -3.133  -17.823  97.764 0.1250000000
52181  -3.521  -16.969  98.935 0.1250000000
52206  -2.148  -16.991  97.872 0.1250000000
56428  4.252  -13.257  98.331 0.2500000000
56418  4.085  -12.837  98.748 0.2500000000
55405  3.930  -13.947  98.083 0.2500000000
54273  3.823  -14.648  96.983 0.2500000000
57361  4.294  -11.447  99.131 0.2500000000
56406  3.207  -12.550  99.223 0.2500000000
52216  0.037  -16.795  97.063 0.1250000000
52205  -1.170  -16.748  97.590 0.1250000000
52217  -0.840  -17.107  97.028 0.1250000000
55406  3.356  -14.354  98.404 0.2500000000
52215  0.686  -16.552  96.934 0.1250000000
54285  3.382  -15.147  96.410 0.2500000000
57363  2.915  -12.005  99.281 0.3750000000
55397  3.087  -13.918  98.754 0.2500000000
55398  2.420  -14.088  98.966 0.2500000000
54264  2.355  -15.341  98.386 0.2500000000
54252  2.521  -14.732  98.793 0.2500000000
54236  1.666  -14.581  99.053 0.2500000000
54253  1.027  -15.178  99.044 0.2500000000
53191  -1.477  -16.239  98.059 0.1250000000
54240  -2.204  -15.710  98.152 0.2500000000
140405  2.419  -1.926  70.851 0.1250000000
125034  -1.256  -15.329  98.033 0.3750000000
70297  -0.501  0.746  72.793 0.2500000000
70295  0.967  0.967  72.156 0.1250000000
136886  -1.888  1.787  72.817 0.2500000000
71260  -1.106  1.446  72.806 0.2500000000
71246  -3.762  1.578  73.112 0.3750000000
78033  40.964  9.380  69.169 0.3750000000
78041  40.434  8.894  68.777 0.3750000000
74131  -5.385  4.091  73.169 0.5000000000
75142  -5.202  5.043  73.099 0.5000000000
74128  -1.819  4.471  73.203 0.3750000000
74129  -2.728  4.492  73.078 0.5000000000
75139  -2.277  5.176  73.210 0.5000000000
76187  -2.748  5.915  73.109 0.5000000000
76255  40.167  7.054  66.117 0.1250000000
75246  39.343  5.701  65.406 0.1250000000
70208  24.385  0.924  79.042 0.1250000000
70167  27.383  1.856  81.304 0.2500000000
61296  10.243  -7.102  95.116 0.2500000000
60405  11.053  -7.590  94.645 0.2500000000
61307  10.131  -7.511  94.889 0.2500000000
60415  12.108  -7.925  93.988 0.2500000000
60427  10.922  -7.918  93.064 0.2500000000
60439  10.557  -7.911  92.200 0.2500000000
60447  11.739  -7.846  91.630 0.2500000000
60457  11.573  -7.854  90.748 0.2500000000
60458  10.404  -7.858  90.454 0.2500000000
60404  12.182  -7.682  94.702 0.2500000000
60438  11.932  -7.945  92.458 0.2500000000
60470  11.391  -8.064  89.917 0.1250000000
60480  11.202  -8.355  89.169 0.1250000000
59521  11.036  -8.440  88.330 0.1250000000
59509  12.155  -8.461  89.526 0.1250000000
59473  13.819  -8.627  92.974 0.3750000000
60425  13.057  -8.339  93.427 0.3750000000
142448  13.587  -8.628  92.149 0.2500000000
60426  12.082  -8.005  93.241 0.2500000000
125160  13.399  -8.608  91.597 0.2500000000
59479  12.811  -8.215  91.946 0.2500000000
59496  12.353  -8.295  90.302 0.2500000000
59480  12.576  -8.190  91.155 0.2500000000
59532  11.959  -8.566  87.737 0.1250000000
129954  14.806  -9.330  92.650 0.2500000000
58472  14.121  -9.064  92.038 0.2500000000
59486  13.128  -8.649  90.808 0.2500000000
59508  12.745  -8.883  89.171 0.1250000000
59520  12.033  -8.543  88.721 0.1250000000
124557  15.436  -9.593  92.830 0.2500000000
57451  18.761  -10.474  90.468 0.1250000000
57468  17.348  -10.464  89.962 0.1250000000
58480  14.490  -9.420  91.732 0.1250000000
58495  14.326  -9.394  90.931 0.1250000000
120990  19.374  -10.454  90.037 0.1250000000
57484  18.011  -10.646  89.341 0.1250000000
57486  16.677  -10.219  88.331 0.1250000000
58481  13.842  -9.024  91.321 0.1250000000
58496  13.593  -9.104  90.469 0.1250000000
58510  13.406  -9.215  89.582 0.1250000000
57465  19.734  -10.581  89.227 0.1250000000
56472  18.619  -10.758  88.865 0.1250000000
56480  17.409  -10.511  87.667 0.1250000000
135312  16.722  -10.340  87.442 0.1250000000
59495  12.870  -8.819  89.965 0.1250000000
56471  19.207  -10.777  88.603 0.1250000000
56478  18.677  -10.875  87.863 0.1250000000
131287  18.051  -10.794  87.457 0.1250000000
57510  16.768  -10.575  86.209 0.1250000000
59519  12.835  -8.877  88.268 0.1250000000
56487  20.380  -10.674  87.266 0.1250000000
140313  18.634  -10.862  86.483 0.1250000000
56502  17.778  -10.904  86.260 0.1250000000
57509  17.288  -10.795  86.040 0.1250000000
141238  19.958  -10.714  86.613 0.1250000000
56500  19.264  -10.754  86.368 0.1250000000
56527  17.748  -10.753  84.649 0.1250000000
57410  17.561  -10.302  92.920 0.2500000000
57422  16.232  -9.986  92.553 0.2500000000
58479  15.142  -9.752  91.918 0.2500000000
57450  19.306  -10.465  90.951 0.1250000000
121930  18.171  -10.442  91.293 0.1250000000
57452  17.361  -10.382  91.138 0.1250000000
58494  14.884  -9.665  91.319 0.1250000000
58509  14.218  -9.428  89.963 0.1250000000
57449  19.927  -10.441  90.155 0.1250000000
57469  16.536  -10.233  89.518 0.1250000000
58523  14.966  -9.726  89.251 0.1250000000
57487  15.959  -10.117  87.765 0.1250000000
138161  15.294  -9.856  88.373 0.1250000000
58525  13.682  -9.334  88.255 0.1250000000
140994  13.274  -9.213  88.871 0.1250000000
57498  20.840  -10.573  88.018 0.1250000000
144425  15.386  -9.846  86.358 0.1250000000
58546  14.867  -9.652  86.907 0.1250000000
58547  14.070  -9.331  86.792 0.1250000000
59531  12.562  -8.812  86.904 0.1250000000
57507  22.270  -10.393  86.633 0.1250000000
56486  21.145  -10.503  87.102 0.1250000000
58545  22.974  -10.418  86.259 0.1250000000
57519  22.088  -10.490  85.987 0.1250000000
58557  23.403  -10.275  86.019 0.1250000000
58558  22.937  -10.394  85.531 0.1250000000
132117  23.648  -10.066  85.883 0.1250000000
58569  23.283  -10.132  85.304 0.1250000000
59553  23.647  -9.875  85.503 0.1250000000
132189  23.957  -8.556  85.759 0.1250000000
60509  23.804  -9.466  85.286 0.1250000000
60517  23.573  -9.235  84.432 0.1250000000
143253  23.896  -8.238  86.963 0.1250000000
61367  23.889  -7.951  86.369 0.1250000000
61382  24.092  -8.177  84.431 0.1250000000
61388  23.978  -8.178  83.737 0.1250000000
62289  23.980  -7.727  83.589 0.1250000000
135870  23.786  -8.120  83.202 0.1250000000
132816  24.274  -7.187  86.953 0.1250000000
62277  23.964  -7.288  85.851 0.1250000000
62282  24.114  -7.463  84.691 0.1250000000
63259  24.175  -6.645  85.388 0.1250000000
134679  24.105  -7.296  83.996 0.1250000000
63266  24.143  -6.694  84.480 0.1250000000
63267  24.002  -6.641  83.813 0.1250000000
124145  23.510  -7.139  82.724 0.1250000000
64295  23.915  -5.891  83.552 0.1250000000
64368  -5.280  -5.317  74.313 0.2500000000
77986  38.784  9.350  72.586 0.2500000000
78003  37.893  8.851  71.845 0.2500000000
74127  -0.909  4.440  73.253 0.2500000000
78000  40.037  9.794  72.020 0.3750000000
78002  38.682  9.228  71.715 0.2500000000
78018  39.457  9.251  70.520 0.1250000000
78017  40.011  9.387  70.287 0.1250000000
78042  39.829  8.634  69.065 0.1250000000
78996  37.482  9.706  65.665 0.1250000000
79010  37.836  9.679  65.088 0.1250000000
141262  37.163  9.573  65.029 0.1250000000
145084  -3.242  7.990  72.957 0.3750000000
79009  38.303  9.678  64.543 0.1250000000
75164  -1.074  5.765  73.278 0.3750000000
79025  38.105  9.544  63.493 0.1250000000
77114  -1.882  7.449  72.988 0.3750000000
79042  38.346  9.506  62.576 0.1250000000
79055  38.443  9.511  61.811 0.1250000000
79041  39.064  9.645  62.335 0.1250000000
79054  39.115  9.750  61.250 0.1250000000
140241  38.329  9.528  61.063 0.1250000000
75257  40.972  6.388  63.688 0.1250000000
142266  40.669  6.171  63.247 0.1250000000
79957  39.848  9.944  62.043 0.1250000000
79967  39.971  10.189  61.088 0.1250000000
129145  40.209  10.550  60.298 0.1250000000
79985  39.701  10.716  59.619 0.1250000000
75277  41.077  6.340  62.932 0.1250000000
79977  39.438  10.148  60.300 0.1250000000
76276  41.766  6.604  63.258 0.1250000000
79965  41.151  10.779  61.274 0.2500000000
79976  40.912  10.908  60.398 0.1250000000
80890  41.319  11.386  59.823 0.1250000000
80899  40.858  11.791  59.321 0.1250000000
76280  41.735  6.525  62.474 0.1250000000
79966  40.569  10.550  60.951 0.1250000000
80891  40.495  11.104  59.688 0.1250000000
76282  42.351  6.781  61.978 0.1250000000
77212  43.004  7.280  61.497 0.1250000000
80880  42.558  11.457  60.862 0.2500000000
125064  42.043  11.557  60.024 0.2500000000
140094  42.957  6.978  62.288 0.1250000000
80898  41.793  11.958  59.539 0.1250000000
81787  41.277  12.678  59.200 0.1250000000
143399  -2.376  13.604  70.634 0.2500000000
80888  43.287  11.836  60.657 0.2500000000
80889  42.740  12.013  59.939 0.2500000000
81777  43.615  12.328  60.266 0.2500000000
81785  43.258  12.762  59.681 0.1250000000
81786  42.335  12.678  59.447 0.1250000000
82645  42.851  13.491  59.399 0.1250000000
82646  41.919  13.537  59.266 0.1250000000
83533  41.511  14.513  59.429 0.1250000000
84299  -2.607  15.443  70.440 0.2500000000
133251  -2.853  14.611  70.714 0.2500000000
82633  43.999  12.869  59.954 0.2500000000
78129  44.394  8.467  61.314 0.1250000000
78143  44.365  8.891  60.585 0.1250000000
134210  7.424  17.597  91.928 0.2500000000
83530  45.015  14.435  59.786 0.2500000000
84374  44.841  16.290  60.362 0.2500000000
87012  40.411  18.549  59.824 0.1250000000
89979  -2.118  23.015  79.879 0.3750000000
89985  -1.932  22.476  79.157 0.3750000000
89250  -1.842  21.932  78.529 0.3750000000
89251  -2.138  22.393  78.465 0.3750000000
89255  -1.619  21.393  77.919 0.3750000000
84298  -1.056  15.348  70.158 0.2500000000
85236  44.807  17.476  61.935 0.2500000000
86163  42.373  17.943  62.974 0.1250000000
86177  42.956  17.880  62.855 0.1250000000
145173  41.695  18.400  62.402 0.1250000000
86995  42.288  18.587  62.651 0.1250000000
87002  41.385  18.578  61.427 0.1250000000
121737  40.968  18.572  58.935 0.1250000000
122334  41.754  18.612  59.069 0.1250000000
135638  -2.345  23.648  80.403 0.3750000000
90679  -2.322  23.607  79.954 0.3750000000
122596  -2.252  22.893  78.470 0.3750000000
89986  -2.193  22.958  79.229 0.3750000000
89256  -2.263  21.779  77.776 0.3750000000
89992  -2.489  22.192  77.518 0.3750000000
89261  -2.810  21.507  77.009 0.3750000000
88500  -2.221  21.154  77.248 0.3750000000
129681  45.855  18.252  63.116 0.1250000000
86175  45.093  18.030  62.704 0.1250000000
85235  45.590  17.396  61.872 0.2500000000
86160  45.129  18.645  63.546 0.1250000000
87839  43.880  19.270  62.839 0.1250000000
86162  43.103  18.258  63.048 0.1250000000
143228  43.508  17.938  63.011 0.1250000000
87859  43.630  19.313  61.729 0.1250000000
86994  42.935  19.123  62.673 0.1250000000
87009  43.044  18.771  59.650 0.1250000000
87000  42.867  18.974  60.911 0.1250000000
87010  42.122  18.725  60.246 0.1250000000
87875  43.873  18.909  59.074 0.1250000000
87022  42.473  18.652  59.100 0.1250000000
139992  42.303  18.564  58.130 0.1250000000
88369  7.598  20.686  91.439 0.2500000000
127148  8.070  21.506  91.420 0.2500000000
90683  -2.248  23.614  79.248 0.3750000000
91350  -2.548  24.339  79.984 0.3750000000
120757  -2.113  23.694  78.349 0.3750000000
91361  -2.275  24.576  79.117 0.3750000000
90694  -2.278  22.992  77.590 0.3750000000
89997  -3.171  21.887  76.625 0.3750000000
89262  -3.413  21.310  76.334 0.3750000000
89267  -3.936  21.145  75.814 0.3750000000
139054  -3.489  18.440  70.658 0.1250000000
87766  -3.014  19.320  70.588 0.1250000000
87838  44.538  19.312  63.389 0.1250000000
87851  45.575  19.967  62.154 0.1250000000
142707  44.185  19.493  62.310 0.1250000000
135603  44.806  19.648  61.597 0.1250000000
87867  43.732  19.076  60.236 0.1250000000
87021  43.121  18.665  58.564 0.1250000000
83576  51.624  13.771  52.796 0.1250000000
82678  51.492  13.393  53.544 0.1250000000
91375  -1.901  24.651  78.031 0.3750000000
93404  -2.443  27.367  78.957 0.3750000000
91388  -1.547  24.269  76.448 0.3750000000
90709  -2.617  22.613  76.766 0.3750000000
90725  -2.012  23.465  76.660 0.3750000000
127815  -4.015  22.524  75.599 0.3750000000
90004  -3.918  21.801  75.904 0.3750000000
89268  -4.451  21.348  75.361 0.3750000000
88517  -4.615  20.892  74.869 0.3750000000
90005  -4.611  22.157  75.251 0.2500000000
88525  -4.314  20.323  74.518 0.3750000000
88626  46.888  20.437  61.766 0.1250000000
135903  45.830  19.964  61.227 0.1250000000
87866  44.605  19.330  59.646 0.1250000000
87865  45.521  19.702  59.204 0.1250000000
87874  44.741  19.262  58.599 0.1250000000
87873  45.625  19.679  58.277 0.1250000000
87884  44.902  19.233  57.707 0.1250000000
87897  44.360  18.927  57.249 0.1250000000
84456  51.314  15.382  52.704 0.2500000000
84455  51.474  15.161  52.243 0.1250000000
92732  -1.214  26.730  77.682 0.3750000000
122845  -1.595  25.701  77.928 0.3750000000
143287  -1.816  23.821  75.984 0.3750000000
90003  -3.279  22.502  76.088 0.3750000000
89273  -5.261  22.217  74.145 0.2500000000
88526  -4.718  20.826  74.244 0.3750000000
87750  -4.081  20.134  72.810 0.2500000000
89283  -5.007  21.480  73.888 0.2500000000
88532  -4.488  20.777  73.446 0.2500000000
87754  -4.049  20.037  71.922 0.2500000000
88552  -3.686  19.976  71.247 0.2500000000
87767  -3.563  19.194  70.913 0.1250000000
88550  -2.372  20.345  70.691 0.1250000000
88633  47.537  20.295  60.397 0.1250000000
134673  46.598  20.298  60.480 0.1250000000
129105  47.429  20.383  59.982 0.1250000000
88641  46.257  20.087  59.668 0.1250000000
88640  46.932  20.419  59.383 0.1250000000
88648  46.394  20.156  58.877 0.1250000000
88647  47.327  20.560  58.630 0.1250000000
88657  46.481  20.181  58.035 0.1250000000
87883  45.748  19.631  57.457 0.1250000000
87882  46.571  20.121  57.209 0.1250000000
87895  45.926  19.543  56.711 0.1250000000
84465  51.443  15.968  52.039 0.2500000000
93403  -1.666  27.536  78.298 0.3750000000
94825  -2.670  29.395  78.598 0.3750000000
92742  -0.937  25.918  76.890 0.3750000000
92741  -0.488  26.432  76.293 0.3750000000
93417  -0.904  27.737  77.544 0.3750000000
91397  -1.623  24.608  75.605 0.3750000000
92069  -1.207  25.377  75.596 0.3750000000
92062  -0.747  25.833  75.962 0.3750000000
91398  -2.337  23.907  75.412 0.3750000000
90727  -3.409  23.276  75.403 0.3750000000
90728  -4.524  23.007  75.077 0.2500000000
90017  -5.141  22.744  74.549 0.2500000000
90038  -4.792  22.764  72.627 0.2500000000
126800  -4.219  22.219  71.997 0.2500000000
90047  -3.723  22.517  71.385 0.1250000000
90063  -3.228  22.801  70.959 0.1250000000
134958  -5.457  22.981  73.928 0.2500000000
90029  -5.143  22.290  73.420 0.2500000000
89289  -4.621  21.415  73.056 0.2500000000
89294  -3.770  21.584  71.478 0.2500000000
89308  -3.295  21.890  71.008 0.1250000000
89295  -4.228  21.305  72.162 0.2500000000
88540  -3.871  20.711  71.623 0.2500000000
133287  -3.443  20.921  71.097 0.1250000000
89307  -2.743  21.308  70.789 0.1250000000
125148  -2.800  22.245  70.815 0.1250000000
88632  47.894  20.153  59.875 0.1250000000
129232  48.216  20.533  58.859 0.1250000000
124820  47.931  20.581  58.993 0.1250000000
88646  47.862  20.998  57.859 0.1250000000
88664  48.368  20.766  56.952 0.1250000000
87101  48.206  19.712  54.118 0.1250000000
87931  48.862  19.989  53.532 0.1250000000
85330  51.020  16.062  52.900 0.2500000000
87940  49.250  19.898  52.671 0.1250000000
94157  -1.014  28.742  77.677 0.2500000000
95441  -2.013  29.992  78.194 0.3750000000
93432  -0.116  27.149  76.146 0.3750000000
92731  -0.546  26.889  76.921 0.3750000000
92075  -1.587  25.325  74.960 0.3750000000
91404  -2.325  24.692  74.867 0.3750000000
91399  -3.195  24.139  74.813 0.3750000000
140444  -4.044  24.527  74.492 0.2500000000
90741  -4.981  23.633  74.489 0.2500000000
90048  -4.270  23.132  71.952 0.1250000000
90780  -3.776  23.455  71.347 0.1250000000
90742  -5.362  23.632  74.095 0.2500000000
90039  -5.325  23.270  73.266 0.2500000000
90770  -4.930  23.679  72.546 0.1250000000
90781  -4.457  24.069  71.872 0.1250000000
90794  -3.172  23.701  70.996 0.1250000000
91420  -5.040  24.592  72.479 0.1250000000
92098  -5.003  25.451  72.481 0.1250000000
90062  -2.451  23.066  70.828 0.1250000000
87872  49.021  20.395  58.035 0.1250000000
89386  48.558  20.796  58.201 0.1250000000
89395  48.930  20.894  57.602 0.1250000000
89391  48.586  21.150  57.953 0.1250000000
88662  49.102  20.672  57.014 0.2500000000
88663  48.952  20.845  56.736 0.1250000000
88655  48.009  20.822  57.648 0.1250000000
139070  49.080  20.643  56.308 0.1250000000
88677  48.627  20.598  56.084 0.1250000000
88669  49.163  20.494  55.508 0.1250000000
142280  48.580  20.317  55.243 0.2500000000
88675  49.544  20.351  54.855 0.2500000000
88676  48.861  20.241  54.535 0.2500000000
88687  49.366  20.273  54.051 0.2500000000
94156  -0.402  28.372  77.076 0.2500000000
94837  -1.202  29.647  77.732 0.3750000000
96013  -3.194  31.216  78.386 0.2500000000
93416  -0.344  27.622  76.837 0.2500000000
95453  -2.286  30.889  78.091 0.2500000000
96024  -2.580  31.792  77.965 0.2500000000
96606  -2.933  32.717  77.772 0.2500000000
92751  -0.925  25.913  75.196 0.3750000000
92076  -2.455  25.511  74.391 0.2500000000
121922  -3.315  24.975  74.412 0.2500000000
91405  -4.793  24.416  74.304 0.2500000000
91411  -5.085  24.933  73.882 0.1250000000
90771  -5.354  24.143  73.137 0.1250000000
91430  -3.857  24.478  71.332 0.1250000000
140881  -3.097  24.446  71.015 0.1250000000
91421  -5.277  24.988  73.027 0.1250000000
91431  -4.652  25.014  71.887 0.1250000000
124449  -2.439  24.043  70.924 0.1250000000
87893  49.382  20.333  56.527 0.2500000000
140942  49.408  20.398  55.938 0.2500000000
122247  -5.125  33.049  78.709 0.1250000000
95452  -1.446  30.540  77.685 0.2500000000
93451  -0.103  27.173  75.251 0.3750000000
129252  -0.017  28.023  76.383 0.2500000000
94836  -0.470  29.271  77.188 0.2500000000
96605  -1.949  32.316  77.472 0.2500000000
92761  -2.722  26.278  73.901 0.1250000000
92760  -1.590  26.164  74.423 0.2500000000
92759  -0.675  26.627  74.811 0.2500000000
93431  0.184  27.810  75.638 0.2500000000
92077  -3.550  25.801  74.020 0.2500000000
92078  -4.434  25.277  74.074 0.2500000000
92087  -4.877  25.814  73.395 0.1250000000
92111  -4.660  25.932  72.057 0.1250000000
92110  -4.142  25.519  71.512 0.1250000000
91445  -3.350  25.183  71.107 0.1250000000
92088  -5.034  25.858  72.906 0.1250000000
92792  -4.881  26.192  72.467 0.1250000000
97167  -5.192  33.706  78.514 0.1250000000
96608  -4.819  33.410  78.250 0.1250000000
96607  -4.015  33.061  77.979 0.1250000000
94182  -0.139  28.100  74.132 0.1250000000
93468  0.168  27.867  74.869 0.1250000000
94175  0.389  28.475  75.327 0.1250000000
95456  0.283  30.530  76.088 0.2500000000
95457  -0.223  30.756  76.672 0.2500000000
93487  -0.944  27.705  73.752 0.1250000000
93469  -0.416  27.379  74.473 0.1250000000
94840  0.055  29.801  76.518 0.1250000000
96022  -0.885  31.070  77.212 0.2500000000
93470  -1.234  26.996  74.125 0.1250000000
92762  -3.651  26.472  73.634 0.1250000000
92776  -3.132  27.104  73.466 0.1250000000
92777  -4.233  26.949  73.279 0.1250000000
92086  -4.361  26.177  73.565 0.2500000000
93490  -4.675  27.439  72.872 0.1250000000
92778  -4.760  26.710  73.116 0.1250000000
92793  -4.865  26.740  72.586 0.1250000000
92806  -4.320  26.472  71.614 0.1250000000
92807  -4.808  26.915  72.106 0.1250000000
92126  -2.714  25.745  70.886 0.1250000000
138896  -5.083  33.807  79.408 0.1250000000
97701  -5.172  34.591  78.280 0.1250000000
97176  -4.488  33.953  77.790 0.1250000000
94181  0.332  28.611  74.570 0.1250000000
94843  0.561  29.212  75.091 0.1250000000
96030  0.127  31.389  76.084 0.2500000000
96617  -0.466  32.305  76.396 0.2500000000
130528  -1.342  32.784  76.911 0.2500000000
97175  -3.324  33.757  77.536 0.1250000000
94189  0.142  28.824  73.835 0.1250000000
94849  0.540  29.357  74.299 0.1250000000
141785  0.873  30.649  74.506 0.2500000000
126158  -0.484  31.495  76.714 0.2500000000
138216  -1.087  31.915  77.103 0.2500000000
94190  -0.664  28.461  73.498 0.1250000000
94857  -0.358  29.189  73.205 0.1250000000
94192  -3.022  28.109  73.155 0.1250000000
93489  -4.098  27.724  73.067 0.1250000000
125057  -4.560  29.202  72.481 0.1250000000
145170  -4.836  27.759  72.602 0.1250000000
94201  -5.036  28.783  72.382 0.1250000000
93513  -5.179  28.254  72.064 0.1250000000
94202  -5.248  28.830  72.098 0.1250000000
93512  -5.073  27.907  71.894 0.1250000000
93533  -4.769  28.410  71.357 0.1250000000
92826  -3.868  26.979  71.106 0.1250000000
92127  -3.590  26.080  71.158 0.1250000000
93532  -4.158  27.767  71.021 0.1250000000
93531  -3.299  27.600  70.756 0.1250000000
92825  -2.938  26.669  70.832 0.1250000000
92824  -1.979  26.313  70.721 0.1250000000
97695  -5.060  34.565  78.909 0.1250000000
97177  -5.052  34.083  78.038 0.1250000000
96036  0.993  31.471  74.639 0.2500000000
96627  0.214  32.164  75.754 0.2500000000
97186  -1.621  33.670  76.803 0.1250000000
97187  -2.403  33.989  77.151 0.1250000000
94863  0.047  29.824  72.820 0.1250000000
95466  0.753  30.113  74.009 0.2500000000
121487  -1.986  34.602  76.718 0.1250000000
94200  -2.388  28.730  72.932 0.1250000000
94864  -1.094  29.700  72.588 0.1250000000
94866  -3.782  29.777  72.420 0.1250000000
94887  -4.931  30.184  70.896 0.1250000000
94877  -5.259  29.316  71.839 0.1250000000
94886  -4.452  29.573  70.659 0.1250000000
94226  -5.066  29.374  71.370 0.1250000000
144056  -4.654  28.986  70.978 0.1250000000
94225  -3.960  28.540  70.705 0.1250000000
94224  -2.733  28.333  70.446 0.1250000000
94885  -3.279  29.232  70.299 0.1250000000
135243  -4.750  35.332  79.211 0.1250000000
98201  -5.052  35.610  77.949 0.1250000000
98197  -5.128  35.485  78.514 0.1250000000
97708  -4.874  34.748  77.794 0.1250000000
98207  -4.600  35.464  77.603 0.1250000000
97707  -4.089  34.683  77.485 0.1250000000
97714  -3.032  34.647  77.191 0.1250000000
95482  -0.448  30.237  72.373 0.1250000000
95475  0.675  30.306  73.234 0.1250000000
95465  1.064  30.963  73.734 0.2500000000
96626  0.726  32.419  75.074 0.2500000000
97194  -0.046  33.043  75.704 0.2500000000
97185  -0.830  33.288  76.348 0.1250000000
139562  -2.860  30.377  72.155 0.1250000000
95483  -1.439  30.478  72.078 0.1250000000
95500  -4.760  30.738  71.125 0.1250000000
95484  -4.025  30.411  72.080 0.1250000000
95512  -4.661  30.973  70.605 0.1250000000
95511  -4.503  30.407  70.518 0.1250000000
95485  -4.899  30.253  71.741 0.1250000000
94902  -3.736  30.098  70.150 0.1250000000
95522  -2.033  30.432  69.411 0.1250000000
95523  -3.100  30.620  69.663 0.1250000000
94901  -2.625  29.816  69.837 0.1250000000
99263  -4.441  37.543  77.964 0.1250000000
99262  -3.616  37.776  77.582 0.1250000000
99269  -2.033  37.254  76.581 0.1250000000
99270  -3.169  37.206  77.151 0.1250000000
99271  -4.144  37.031  77.588 0.1250000000
129028  -4.928  36.373  77.959 0.1250000000
133749  -5.066  36.300  78.325 0.1250000000
145451  -4.814  36.008  77.729 0.1250000000
98729  -2.788  36.649  76.824 0.1250000000
98730  -3.733  36.408  77.252 0.1250000000
97715  -3.695  35.501  77.226 0.1250000000
98212  -1.970  35.503  76.529 0.1250000000
141369  -2.857  35.954  76.808 0.1250000000
97722  -1.221  34.983  76.119 0.1250000000
137458  -2.714  35.251  76.883 0.1250000000
125582  -0.060  33.930  75.418 0.2500000000
140163  -0.104  34.616  75.302 0.1250000000
97713  -1.093  34.139  76.300 0.1250000000
96056  -0.341  30.825  71.999 0.1250000000
95474  0.980  31.030  72.831 0.1250000000
96632  1.439  32.461  73.569 0.2500000000
97200  1.003  33.865  74.373 0.2500000000
139025  -0.517  33.774  75.907 0.2500000000
95497  -2.365  31.137  71.719 0.1250000000
96071  -4.208  31.748  71.245 0.1250000000
95524  -4.097  30.893  70.063 0.1250000000
96089  -2.484  31.193  69.251 0.1250000000
99864  -2.445  38.157  77.035 0.1250000000
140215  -1.997  36.343  76.501 0.1250000000
98728  -1.287  36.728  76.008 0.1250000000
98220  -1.255  35.870  76.005 0.1250000000
98218  -0.002  35.876  74.967 0.1250000000
125995  0.394  34.275  74.890 0.1250000000
95496  -1.153  31.254  71.691 0.1250000000
96068  -0.151  31.527  71.636 0.1250000000
96066  1.295  32.464  71.883 0.1250000000
97211  1.562  33.030  72.957 0.2500000000
96070  -3.136  31.831  71.417 0.1250000000
132546  -0.901  31.856  71.445 0.1250000000
96662  -0.140  32.327  71.292 0.1250000000
96661  0.810  32.713  71.381 0.1250000000
97236  1.282  33.272  71.593 0.1250000000
96665  -3.729  32.489  71.055 0.1250000000
99854  -3.181  38.647  77.623 0.1250000000
98738  -0.614  36.280  75.495 0.1250000000
98229  0.599  35.577  74.398 0.1250000000
97731  0.823  34.739  74.355 0.1250000000
97249  1.162  34.137  71.153 0.1250000000
132875  1.535  33.960  71.885 0.1250000000
97744  1.566  33.890  72.823 0.1250000000
97730  1.329  34.327  73.705 0.1250000000
96664  -2.529  32.474  71.153 0.1250000000
96680  -1.811  33.062  70.866 0.1250000000
97250  0.328  33.956  70.780 0.1250000000
97237  0.823  33.426  71.154 0.1250000000
134163  -2.316  33.816  70.598 0.1250000000
101161  -2.863  40.512  77.642 0.1250000000
127679  -2.263  40.205  77.084 0.1250000000
99863  -1.544  39.014  76.540 0.1250000000
99875  -0.787  38.867  75.887 0.1250000000
130967  -0.703  37.961  75.653 0.1250000000
99280  -1.214  37.440  76.010 0.1250000000
99278  -0.030  37.591  75.077 0.1250000000
98737  -0.028  36.711  75.026 0.1250000000
142183  1.312  35.838  73.402 0.1250000000
98228  1.204  35.277  73.698 0.1250000000
98778  -0.574  36.107  70.121 0.1250000000
98272  0.021  35.470  70.401 0.1250000000
97768  1.443  34.787  71.518 0.1250000000
142520  1.505  34.742  73.091 0.1250000000
98273  -1.293  35.462  70.220 0.1250000000
97754  1.603  34.713  72.302 0.1250000000
101160  1.337  40.424  78.184 0.1250000000
101147  0.249  40.457  79.474 0.1250000000
134583  -0.158  40.966  80.440 0.1250000000
100526  1.846  39.821  77.492 0.1250000000
101769  0.847  41.314  79.298 0.1250000000
101763  -0.479  41.364  81.220 0.1250000000
136778  -1.653  39.925  76.577 0.1250000000
99874  -0.144  38.564  75.155 0.1250000000
99903  1.360  38.472  72.575 0.1250000000
99897  0.468  38.099  74.423 0.1250000000
99303  1.572  37.101  71.446 0.1250000000
133524  1.619  36.763  72.320 0.1250000000
126052  1.349  37.916  73.103 0.1250000000
99286  0.552  37.063  74.355 0.1250000000
98777  0.360  36.287  70.375 0.1250000000
99292  1.440  37.210  73.094 0.1250000000
131458  1.100  36.898  73.660 0.1250000000
98776  1.242  36.462  70.798 0.1250000000
98766  1.573  36.225  71.598 0.1250000000
140592  1.639  36.064  72.348 0.1250000000
102337  0.677  42.657  81.436 0.1250000000
102331  -0.809  42.829  82.323 0.1250000000
102952  -0.987  43.963  82.449 0.1250000000
102958  -2.839  43.750  81.893 0.1250000000
102367  -3.026  42.435  77.644 0.1250000000
101795  -2.000  41.720  76.169 0.1250000000
101796  -2.518  42.241  76.809 0.1250000000
101808  -2.324  42.549  75.782 0.1250000000
101168  -1.825  40.789  76.430 0.1250000000
101177  -1.593  41.185  75.706 0.1250000000
101806  -1.455  41.426  74.967 0.1250000000
101176  -1.096  40.553  75.449 0.1250000000
134329  -0.813  40.743  74.680 0.1250000000
100554  -0.202  40.062  74.194 0.1250000000
99307  1.264  37.484  70.751 0.1250000000
99907  1.478  38.156  71.493 0.1250000000
137784  -2.702  44.422  80.737 0.1250000000
103528  -2.088  44.281  82.047 0.1250000000
103544  -2.008  44.630  80.265 0.1250000000
103556  -3.024  44.211  78.764 0.1250000000
137848  -2.834  42.789  77.019 0.1250000000
101807  -1.913  42.031  75.311 0.1250000000
101818  -1.265  41.665  74.152 0.1250000000
135119  0.356  40.860  71.018 0.1250000000
101212  0.205  40.752  71.971 0.1250000000
101203  -0.025  40.486  73.417 0.1250000000
101192  -0.586  40.883  73.963 0.1250000000
101225  -0.198  40.349  69.672 0.1250000000
101224  0.289  40.422  70.301 0.1250000000
100581  0.718  40.030  71.580 0.1250000000
100588  0.910  39.087  70.589 0.1250000000
100574  1.049  39.219  72.888 0.1250000000
100564  0.480  39.590  73.537 0.1250000000
103533  -1.156  44.759  81.202 0.1250000000
124336  -2.412  44.455  79.227 0.1250000000
103555  -2.319  44.367  78.349 0.1250000000
103564  -2.962  44.075  77.834 0.1250000000
103574  -2.707  44.028  76.844 0.1250000000
121230  -2.677  43.486  76.385 0.1250000000
103001  -2.353  43.550  75.421 0.1250000000
102386  -2.484  43.095  75.513 0.1250000000
101839  -0.440  41.386  72.319 0.1250000000
101840  -1.236  42.022  72.661 0.1250000000
101204  -0.712  41.384  73.268 0.1250000000
126680  -1.854  42.241  74.584 0.1250000000
101863  -0.259  41.455  71.016 0.1250000000
145133  -0.022  40.836  72.742 0.1250000000
101828  -1.555  42.199  73.451 0.1250000000
101217  -0.223  41.154  70.283 0.1250000000
101226  -1.002  40.275  69.108 0.1250000000
103543  -0.910  44.792  80.190 0.1250000000
103554  -1.340  44.573  79.089 0.1250000000
103563  -2.243  44.298  77.399 0.1250000000
103583  -1.807  44.147  75.497 0.1250000000
103597  -1.591  44.058  74.601 0.1250000000
102406  -2.096  42.824  73.546 0.1250000000
102395  -2.182  42.814  74.227 0.1250000000
101853  -0.935  41.901  71.671 0.1250000000
101841  -1.709  42.575  72.254 0.1250000000
103021  -2.069  43.228  73.375 0.1250000000
103608  -1.786  43.645  73.574 0.1250000000
103596  -1.297  44.032  73.934 0.1250000000
101864  -0.959  41.864  70.696 0.1250000000
101854  -1.711  42.620  71.255 0.1250000000
142973  -1.962  43.165  72.859 0.1250000000
103619  -1.672  43.512  72.787 0.1250000000
139672  -0.673  40.954  69.576 0.1250000000
101872  -1.043  41.591  69.839 0.1250000000
101865  -1.642  42.347  70.166 0.1250000000
102428  -2.020  43.054  71.319 0.1250000000
103532  -0.120  45.041  80.846 0.1250000000
103542  0.068  44.861  79.519 0.1250000000
103553  -0.346  44.610  78.136 0.1250000000
103562  -1.279  44.485  77.195 0.1250000000
103561  -0.224  44.638  76.975 0.1250000000
103573  -2.054  44.279  76.498 0.1250000000
135285  -0.871  44.428  75.620 0.1250000000
137090  -0.692  44.307  74.500 0.1250000000
103607  -1.015  43.979  73.162 0.1250000000
103029  -1.908  43.163  72.192 0.1250000000
103632  -1.519  43.633  71.874 0.1250000000
103618  -0.902  43.992  72.299 0.1250000000
103042  -1.801  43.341  71.260 0.1250000000
102437  -2.063  42.913  70.448 0.1250000000
103043  -2.044  43.240  70.374 0.1250000000
103631  -0.852  44.073  71.415 0.1250000000
103645  -2.117  43.731  69.762 0.1250000000
123512  -1.438  43.758  71.116 0.1250000000
103656  -1.911  44.283  69.209 0.1250000000
130873  -1.664  44.133  69.917 0.1250000000
103643  -0.985  44.221  70.459 0.1250000000
103668  -2.307  44.490  68.372 0.1250000000
140787  1.715  45.613  81.966 0.1250000000
104113  1.662  45.799  80.995 0.1250000000
104106  1.260  45.247  82.638 0.1250000000
131809  0.760  45.330  81.660 0.1250000000
104119  0.890  45.349  80.391 0.1250000000
144948  1.089  45.267  79.451 0.1250000000
104125  1.693  45.621  78.945 0.1250000000
104126  0.884  44.954  78.611 0.1250000000
104133  0.747  44.847  77.576 0.1250000000
104142  0.723  44.856  76.634 0.1250000000
103571  -0.100  44.578  76.089 0.1250000000
103581  -0.079  44.495  75.224 0.1250000000
103595  0.261  44.502  74.505 0.1250000000
103606  -0.082  44.310  73.734 0.1250000000
103594  1.014  44.706  74.119 0.1250000000
125597  0.019  44.275  72.746 0.1250000000
123752  0.031  44.369  71.823 0.1250000000
103655  -1.002  44.553  69.441 0.1250000000
103667  -1.412  44.871  68.620 0.1250000000
104112  2.390  46.137  81.563 0.1250000000
104117  2.339  46.383  80.464 0.1250000000
104118  1.729  45.786  79.907 0.1250000000
104131  2.262  46.145  78.398 0.1250000000
104132  1.638  45.367  78.012 0.1250000000
104140  2.192  45.901  77.453 0.1250000000
104141  1.506  45.325  77.064 0.1250000000
104150  1.767  45.352  75.539 0.1250000000
104151  0.834  44.832  75.795 0.1250000000
103605  0.949  44.677  73.231 0.1250000000
103617  0.906  44.749  72.279 0.1250000000
104194  0.777  44.915  71.384 0.1250000000
103630  0.015  44.502  70.908 0.1250000000
134845  0.048  44.943  69.908 0.1250000000
104241  -1.997  45.280  67.720 0.1250000000
104258  -2.900  45.418  66.811 0.1250000000
104704  3.073  46.415  81.998 0.1250000000
104706  2.861  46.921  81.123 0.1250000000
104708  2.741  47.252  80.041 0.1250000000
104713  2.630  47.066  78.828 0.1250000000
104124  2.307  46.373  79.392 0.1250000000
104718  2.570  46.731  77.800 0.1250000000
135693  2.114  45.766  76.469 0.1250000000
136068  2.469  46.376  77.000 0.1250000000
104730  2.476  46.449  75.459 0.1250000000
104149  2.318  45.907  75.736 0.1250000000
104746  2.038  46.399  73.058 0.1250000000
104168  2.151  45.748  74.225 0.1250000000
104158  2.296  45.770  75.023 0.1250000000
104756  1.740  46.385  72.219 0.1250000000
104169  1.684  45.202  73.738 0.1250000000
104766  1.473  46.406  71.368 0.1250000000
104193  1.372  45.550  71.817 0.1250000000
104181  1.666  45.441  72.808 0.1250000000
105305  1.347  47.192  70.952 0.1250000000
104212  1.144  45.661  70.972 0.1250000000
104775  1.244  46.429  70.560 0.1250000000
133129  0.890  45.692  70.147 0.1250000000
126402  -0.347  45.299  68.808 0.1250000000
144548  -1.046  45.482  68.178 0.1250000000
104256  -1.259  46.083  67.622 0.1250000000
104257  -2.196  46.130  66.968 0.1250000000
104272  -3.401  45.530  66.005 0.1250000000
105228  3.503  47.409  81.476 0.1250000000
105232  2.872  48.300  80.474 0.1250000000
105237  2.653  48.151  79.359 0.1250000000
141929  2.435  49.017  79.393 0.1250000000
105786  2.452  48.673  78.529 0.1250000000
105244  2.659  47.720  78.153 0.1250000000
105799  2.431  47.993  76.575 0.1250000000
128302  2.473  48.326  77.470 0.1250000000
105250  2.614  47.264  77.027 0.1250000000
125989  1.644  48.658  75.134 0.1250000000
105807  1.704  48.926  75.873 0.1250000000
105257  2.507  47.243  76.011 0.1250000000
104723  2.480  46.456  76.272 0.1250000000
123679  1.439  48.545  74.255 0.1250000000
105265  2.065  47.932  74.723 0.1250000000
143981  1.923  47.809  73.981 0.1250000000
104736  2.395  46.414  74.652 0.1250000000
105832  0.799  48.799  72.694 0.1250000000
105819  1.552  48.133  73.246 0.1250000000
105275  2.078  47.220  73.481 0.1250000000
105831  1.348  48.038  72.239 0.1250000000
105293  1.562  47.242  71.778 0.1250000000
105294  1.148  47.957  71.368 0.1250000000
105306  0.930  47.880  70.513 0.1250000000
132974  1.125  47.134  70.257 0.1250000000
104776  0.978  46.538  69.748 0.1250000000
104225  0.549  45.780  69.263 0.1250000000
104782  0.591  46.707  68.918 0.1250000000
104240  -0.433  46.053  68.143 0.1250000000
104789  0.037  46.807  68.232 0.1250000000
104790  -0.682  46.827  67.695 0.1250000000
104797  -1.520  46.886  67.139 0.1250000000
104798  -2.427  46.995  66.428 0.1250000000
104806  -3.378  46.316  65.485 0.1250000000
104799  -3.053  46.245  66.223 0.1250000000
104289  -3.323  45.969  64.914 0.1250000000
104273  -3.432  45.685  65.344 0.1250000000
105794  1.401  49.789  77.384 0.1250000000
135571  2.047  49.221  77.907 0.1250000000
105793  2.048  48.905  76.732 0.1250000000
105813  0.769  49.249  74.344 0.1250000000
105320  0.226  47.636  68.591 0.1250000000
105329  -1.784  47.754  66.699 0.1250000000
105334  -3.242  47.801  65.274 0.1250000000
104805  -3.148  47.051  65.673 0.1250000000
105333  -2.726  47.860  65.959 0.1250000000
104820  -3.387  46.815  64.893 0.1250000000
105877  -2.167  48.704  66.318 0.1250000000
105345  -3.334  47.710  64.896 0.1250000000
105883  -2.809  48.552  65.505 0.1250000000
87939  49.878  20.120  52.423 0.2500000000
106411  1.141  49.370  75.508 0.1250000000
106383  1.701  50.224  79.413 0.1250000000
58445  15.350  -9.439  93.139 0.2500000000
59472  14.129  -8.877  92.493 0.2500000000
58457  16.825  -9.939  93.575 0.2500000000
134669  39.407  9.560  72.214 0.2500000000
85247  45.293  16.928  61.124 0.2500000000
86968  45.425  19.061  63.987 0.1250000000
90605  7.777  23.789  86.727 0.2500000000
92042  -2.098  25.271  78.631 0.3750000000
92719  -1.904  26.639  78.495 0.3750000000
100528  -2.936  39.578  77.643 0.1250000000
103529  -2.781  44.224  81.408 0.1250000000
140048  0.023  40.684  79.962 0.1250000000
101750  -0.179  42.290  81.701 0.1250000000
102953  -1.836  43.521  82.400 0.1250000000
137637  -1.168  43.438  82.465 0.1250000000
102957  -2.231  43.846  82.250 0.1250000000
88634  47.134  20.477  60.949 0.1250000000
58469  16.134  -9.830  92.990 0.2500000000
143192  16.407  -9.994  92.823 0.2500000000
87881  49.177  20.536  57.353 0.1250000000
128319  24.395  -5.945  85.050 0.1250000000
133730  24.422  -5.224  84.787 0.1250000000
64294  24.157  -5.963  84.295 0.1250000000
77116  -3.644  7.436  73.015 0.3750000000
77115  -2.775  7.415  73.005 0.3750000000
76279  42.432  6.784  62.773 0.1250000000
57420  17.334  -10.336  92.621 0.2500000000
57433  18.331  -10.476  91.944 0.2500000000
57434  17.706  -10.434  92.041 0.2500000000
124713  16.846  -10.252  92.129 0.2500000000
57432  18.883  -10.467  91.713 0.1250000000
57483  20.315  -10.614  88.647 0.1250000000
57482  20.946  -10.534  88.875 0.1250000000
57481  21.369  -10.412  88.417 0.1250000000
57496  21.964  -10.285  87.355 0.1250000000
127045  40.013  9.650  71.052 0.2500000000
77152  39.924  8.239  68.385 0.1250000000
60437  13.113  -8.381  92.668 0.2500000000
58471  14.826  -9.487  92.333 0.2500000000
123545  18.052  -10.515  90.346 0.1250000000
125440  16.737  -10.307  90.483 0.1250000000
58508  15.093  -9.732  90.439 0.1250000000
57467  18.527  -10.591  89.682 0.1250000000
56479  18.057  -10.710  88.324 0.1250000000
57485  17.365  -10.436  88.847 0.1250000000
135566  15.870  -10.032  88.832 0.1250000000
57499  17.054  -10.596  86.774 0.1250000000
57501  15.651  -10.018  86.920 0.1250000000
57500  16.394  -10.354  86.834 0.1250000000
56476  20.047  -10.705  87.941 0.1250000000
56489  18.959  -10.900  87.146 0.1250000000
56490  18.276  -10.893  86.851 0.1250000000
56491  17.650  -10.793  86.786 0.1250000000
57511  16.137  -10.218  86.090 0.1250000000
56501  18.164  -10.952  86.069 0.1250000000
57520  17.333  -10.726  85.318 0.1250000000
56498  20.681  -10.562  86.267 0.1250000000
56512  19.299  -10.775  85.336 0.1250000000
57435  15.928  -10.016  91.993 0.1250000000
57453  16.417  -10.191  91.275 0.1250000000
124072  16.002  -10.098  90.450 0.1250000000
57454  15.557  -9.912  91.260 0.1250000000
57470  15.710  -9.964  89.704 0.1250000000
58524  13.981  -9.474  89.045 0.1250000000
141450  14.535  -9.630  88.353 0.1250000000
58535  15.095  -9.792  87.646 0.1250000000
58536  14.251  -9.481  87.561 0.1250000000
58537  13.340  -9.122  87.433 0.1250000000
58548  13.367  -9.095  86.630 0.1250000000
57508  21.803  -10.414  86.848 0.1250000000
57518  22.145  -10.474  85.069 0.1250000000
56497  21.502  -10.481  86.158 0.1250000000
57517  22.465  -10.427  84.934 0.1250000000
58570  22.723  -10.278  84.714 0.1250000000
60516  23.990  -8.802  84.988 0.1250000000
129557  24.147  -7.770  84.068 0.1250000000
60521  23.805  -8.682  84.035 0.1250000000
62290  23.842  -7.199  83.374 0.1250000000
63277  23.684  -6.505  83.114 0.1250000000
141753  38.361  9.117  72.175 0.2500000000
78001  39.402  9.459  71.393 0.2500000000
79067  38.520  9.781  60.238 0.1250000000
75269  40.298  5.939  63.543 0.1250000000
80881  41.654  11.189  60.625 0.2500000000
87011  41.193  18.615  60.118 0.1250000000
86176  43.892  17.779  62.614 0.1250000000
86984  41.849  18.018  62.871 0.1250000000
86983  42.676  18.357  62.931 0.1250000000
134164  42.693  19.030  62.067 0.1250000000
87001  42.114  18.788  61.676 0.1250000000
86161  44.064  18.487  63.126 0.1250000000
86981  44.599  18.999  63.735 0.1250000000
86982  43.695  18.763  63.096 0.1250000000
90693  -1.783  23.934  77.321 0.3750000000
87858  44.421  19.411  60.671 0.1250000000
92063  -1.192  25.145  76.267 0.3750000000
92054  -1.389  24.892  77.109 0.3750000000
87857  45.448  19.752  60.334 0.1250000000
88551  -3.221  20.153  70.828 0.1250000000
88656  47.379  20.596  57.811 0.1250000000
94824  -1.765  29.089  78.219 0.3750000000
94141  -1.496  28.305  78.139 0.3750000000
87117  48.187  19.259  53.452 0.1250000000
92750  -0.428  26.485  75.601 0.2500000000
88645  48.695  20.826  58.079 0.1250000000
87919  48.086  19.937  54.775 0.1250000000
94168  0.025  28.829  76.540 0.2500000000
96023  -1.692  31.425  77.598 0.2500000000
95451  -0.634  30.196  77.233 0.2500000000
139701  0.289  28.423  75.972 0.2500000000
93488  -1.993  27.468  73.582 0.1250000000
124398  0.513  29.896  75.651 0.1250000000
95460  0.653  30.791  75.344 0.2500000000
94191  -1.703  28.216  73.294 0.1250000000
94193  -4.162  28.474  72.747 0.1250000000
97174  -2.237  33.209  77.298 0.1250000000
94856  0.393  29.567  73.556 0.2500000000
94858  -1.411  28.949  73.001 0.1250000000
131636  -3.425  28.967  72.727 0.1250000000
94865  -2.413  29.499  72.595 0.1250000000
96633  1.188  32.194  74.329 0.2500000000
137787  0.330  30.530  72.533 0.1250000000
96044  1.330  31.679  73.139 0.2500000000
144007  -1.941  30.009  72.347 0.1250000000
94867  -4.717  29.909  72.213 0.1250000000
95499  -4.535  30.962  71.423 0.1250000000
98206  -4.401  35.989  77.510 0.1250000000
128222  1.141  32.967  74.384 0.2500000000
97721  -0.580  34.461  75.752 0.1250000000
95498  -3.651  31.117  71.687 0.1250000000
138478  -4.560  36.444  77.690 0.1250000000
98219  -0.500  35.315  75.506 0.1250000000
96055  0.526  31.232  72.129 0.1250000000
96650  1.456  32.379  72.628 0.2500000000
96069  -1.902  31.834  71.448 0.1250000000
100535  -2.296  39.237  77.119 0.1250000000
99279  -0.639  37.124  75.534 0.1250000000
97223  1.525  33.124  72.234 0.2500000000
96663  -1.331  32.410  71.204 0.1250000000
96679  -0.774  32.929  71.005 0.1250000000
99876  -1.443  38.121  76.292 0.1250000000
98745  0.400  36.285  74.529 0.1250000000
97769  0.662  34.775  70.683 0.1250000000
98271  0.947  35.564  70.683 0.1250000000
97251  -0.887  33.714  70.688 0.1250000000
97770  -0.409  34.648  70.502 0.1250000000
101169  -2.329  41.182  76.981 0.1250000000
99862  -1.036  39.776  76.025 0.1250000000
101762  0.168  41.882  80.854 0.1250000000
100543  -1.378  40.461  76.062 0.1250000000
99887  0.246  39.111  74.389 0.1250000000
99888  -0.465  39.684  75.171 0.1250000000
99896  0.919  38.594  73.562 0.1250000000
99298  1.549  37.609  72.343 0.1250000000
99293  1.007  37.635  73.735 0.1250000000
102330  0.298  43.088  82.193 0.1250000000
100587  1.261  38.841  71.131 0.1250000000
103534  -2.074  44.545  81.413 0.1250000000
102396  -2.276  43.187  74.619 0.1250000000
101819  -1.860  42.418  74.001 0.1250000000
132680  0.708  39.916  70.735 0.1250000000
124411  -1.513  44.464  78.013 0.1250000000
103584  -2.458  43.958  76.072 0.1250000000
103000  -2.050  43.648  74.673 0.1250000000
145180  -1.803  42.597  72.969 0.1250000000
104114  -0.384  45.024  81.900 0.1250000000
103572  -1.093  44.455  76.291 0.1250000000
102407  -2.244  43.104  73.861 0.1250000000
103015  -2.131  43.418  74.024 0.1250000000
104105  2.354  45.588  82.576 0.1250000000
132293  1.430  45.219  76.296 0.1250000000
103580  0.994  44.800  74.962 0.1250000000
104159  1.743  45.229  74.589 0.1250000000
104213  0.634  45.117  70.652 0.1250000000
141137  3.052  47.683  80.900 0.1250000000
105264  2.403  47.217  75.119 0.1250000000
105285  1.818  47.262  72.643 0.1250000000
106405  1.281  49.591  76.375 0.1250000000
50103  -8.909  -18.720  97.276 0.1250000000
51166  -9.635  -18.412  96.824 0.1250000000
133462  -9.803  -18.008  95.794 0.1250000000
51196  -9.801  -18.228  94.994 0.1250000000
121770  -9.428  -17.189  94.984 0.1250000000
50091  -8.480  -18.428  97.468 0.1250000000
51154  -9.302  -18.243  97.180 0.1250000000
53275  -9.137  -16.480  92.905 0.1250000000
54385  -7.576  -16.726  91.288 0.1250000000
54384  -6.782  -16.336  91.244 0.1250000000
51153  -8.834  -18.032  97.457 0.1250000000
122841  -6.556  -15.229  92.023 0.1250000000
137451  -7.230  -16.062  91.899 0.1250000000
55521  -6.069  -15.686  91.161 0.1250000000
54411  -5.313  -15.604  89.338 0.1250000000
131546  -5.955  -16.269  89.154 0.1250000000
122935  -5.690  -16.043  88.511 0.1250000000
139270  -4.351  -15.118  84.479 0.1250000000
125238  -5.437  -14.829  91.035 0.1250000000
137858  -5.860  -14.691  91.711 0.1250000000
126603  -5.061  -14.831  90.200 0.1250000000
54400  -5.728  -15.917  90.162 0.1250000000
125505  -4.606  -14.764  89.367 0.1250000000
55537  -4.918  -15.419  88.527 0.1250000000
55536  -4.141  -14.595  88.374 0.1250000000
56505  -3.786  -13.864  86.538 0.1250000000
55554  -4.007  -14.493  86.874 0.1250000000
56517  -3.956  -13.837  85.445 0.1250000000
55564  -4.233  -14.556  84.925 0.1250000000
54448  -4.375  -15.281  85.485 0.1250000000
56516  -3.771  -13.064  84.810 0.1250000000
55575  -4.265  -14.564  83.854 0.1250000000
56518  -4.075  -13.910  84.312 0.1250000000
57559  -4.813  -13.552  81.314 0.1250000000
56573  -5.152  -14.104  80.950 0.1250000000
58606  -4.677  -12.850  81.010 0.1250000000
55508  -6.100  -14.027  92.277 0.1250000000
55529  -4.539  -13.789  90.067 0.1250000000
55519  -5.054  -13.983  90.818 0.1250000000
55528  -4.070  -14.043  89.249 0.1250000000
56481  -3.429  -13.156  87.971 0.1250000000
55535  -3.681  -13.974  87.583 0.1250000000
56493  -3.475  -13.130  87.119 0.1250000000
57524  -3.507  -12.223  85.753 0.1250000000
56504  -3.665  -13.062  86.082 0.1250000000
57535  -3.580  -12.109  84.705 0.1250000000
129644  -3.967  -13.459  83.734 0.1250000000
56541  -4.447  -14.012  82.563 0.1250000000
58577  -3.599  -11.936  83.696 0.1250000000
57536  -3.787  -12.802  83.719 0.1250000000
57537  -4.165  -13.396  82.828 0.1250000000
57547  -4.640  -13.641  82.005 0.1250000000
57546  -3.923  -12.561  82.836 0.1250000000
142439  -4.356  -12.967  82.240 0.1250000000
57558  -4.538  -12.793  81.593 0.1250000000
57571  -4.726  -12.868  80.494 0.1250000000
58618  -4.585  -12.053  80.712 0.1250000000
57472  -4.574  -12.836  89.940 0.1250000000
56473  -4.025  -13.218  89.370 0.1250000000
57502  -3.590  -12.342  87.634 0.1250000000
57489  -3.702  -12.748  88.599 0.1250000000
57513  -3.508  -12.367  86.727 0.1250000000
140193  -3.563  -11.631  86.507 0.1250000000
58565  -3.440  -11.244  85.564 0.1250000000
58590  -3.783  -11.668  82.822 0.1250000000
58591  -4.234  -12.237  82.143 0.1250000000
58604  -4.225  -11.336  82.114 0.1250000000
141893  -4.541  -12.198  81.137 0.1250000000
59590  -4.522  -10.794  81.468 0.1250000000
58617  -4.611  -11.350  81.058 0.1250000000
59605  -4.656  -11.059  80.512 0.1250000000
58630  -4.640  -11.945  80.249 0.1250000000
58552  -3.748  -10.951  86.413 0.1250000000
58576  -3.470  -11.353  84.538 0.1250000000
58589  -3.511  -10.934  83.746 0.1250000000
59579  -3.614  -10.073  83.440 0.1250000000
142930  -4.160  -10.594  82.084 0.1250000000
59589  -4.264  -10.109  81.705 0.1250000000
59603  -4.534  -9.875  81.116 0.1250000000
59604  -4.551  -10.363  81.116 0.1250000000
59558  -3.492  -10.566  84.847 0.1250000000
60510  -3.820  -9.737  84.945 0.1250000000
60511  -4.517  -9.328  85.604 0.1250000000
60529  -3.809  -9.850  82.459 0.1250000000
60530  -3.978  -9.267  81.575 0.1250000000
60523  -3.766  -9.430  84.113 0.1250000000
60518  -4.318  -8.971  84.745 0.1250000000
61376  -5.028  -8.496  85.359 0.1250000000
141705  -3.654  -9.301  83.289 0.1250000000
60524  -3.962  -8.445  83.803 0.1250000000
61390  -3.708  -8.741  82.564 0.1250000000
75128  34.771  5.828  73.085 0.1250000000
76194  35.295  6.603  72.639 0.1250000000
77099  36.627  7.736  73.701 0.1250000000
76179  35.917  7.201  73.174 0.1250000000
77107  36.546  7.859  72.736 0.1250000000
76193  35.871  7.306  72.201 0.1250000000
76211  35.929  7.392  71.187 0.1250000000
76212  35.265  6.778  71.650 0.1250000000
75147  34.714  6.057  72.100 0.1250000000
76229  36.189  7.333  70.153 0.1250000000
77098  37.369  8.463  73.223 0.1250000000
77987  37.985  8.905  72.554 0.1250000000
77106  37.223  8.415  72.255 0.1250000000
77120  36.535  7.882  71.760 0.1250000000
77119  37.206  8.408  71.338 0.1250000000
51139  -7.723  -17.575  97.902 0.1250000000
52218  -9.496  -17.671  96.955 0.1250000000
122036  -9.514  -17.227  96.015 0.1250000000
54386  -8.274  -16.970  91.494 0.1250000000
126329  -6.601  -16.744  89.499 0.1250000000
56482  -3.689  -13.639  88.591 0.1250000000
55545  -4.130  -14.723  87.435 0.1250000000
59580  -3.834  -10.756  82.773 0.1250000000
63363  -5.795  -5.769  74.695 0.1250000000
64367  -4.509  -5.471  74.225 0.1250000000
63361  -4.236  -5.955  74.490 0.1250000000
63349  -5.358  -6.320  75.166 0.1250000000
63362  -5.080  -5.955  74.624 0.1250000000
63335  -5.761  -6.541  75.897 0.1250000000
75163  0.279  5.407  72.969 0.2500000000
123441  1.042  4.823  72.614 0.1250000000
76205  -0.407  6.042  73.099 0.2500000000
75162  0.916  5.684  72.565 0.1250000000
76204  0.431  6.353  72.655 0.2500000000
77112  0.343  7.265  72.422 0.2500000000
76206  -1.244  6.606  73.128 0.2500000000
77113  -0.293  7.768  72.510 0.2500000000
79847  0.133  10.391  71.082 0.1250000000
132102  1.089  10.959  70.435 0.1250000000
80781  -0.115  11.964  70.336 0.1250000000
82552  -2.054  13.879  70.537 0.1250000000
81657  0.453  12.346  70.064 0.1250000000
81658  -0.218  12.801  70.191 0.1250000000
83443  -1.746  14.640  70.385 0.1250000000
82644  43.813  13.565  59.610 0.1250000000
84390  44.454  15.443  59.758 0.1250000000
84391  43.496  15.345  59.655 0.1250000000
84464  51.602  15.210  51.368 0.1250000000
85336  51.671  16.127  51.001 0.1250000000
145248  51.721  15.542  50.486 0.1250000000
85337  51.579  16.919  51.443 0.1250000000
86276  51.738  17.858  50.975 0.1250000000
85345  51.923  17.001  50.487 0.1250000000
85354  52.234  16.935  49.346 0.1250000000
137931  51.441  17.686  51.741 0.1250000000
87138  51.510  18.731  50.505 0.1250000000
87150  51.483  18.713  49.514 0.1250000000
86289  52.009  17.958  48.876 0.1250000000
87944  51.148  19.423  50.923 0.1250000000
87945  50.655  19.806  51.254 0.1250000000
87946  50.105  19.978  51.568 0.1250000000
87953  51.106  19.341  50.085 0.1250000000
87131  49.781  19.630  51.084 0.1250000000
87159  51.274  18.620  48.407 0.1250000000
87140  49.399  18.786  49.888 0.1250000000
87954  50.764  19.677  50.540 0.1250000000
138335  50.996  19.194  49.292 0.1250000000
87966  50.506  19.481  49.811 0.1250000000
87152  49.938  19.082  49.164 0.1250000000
87151  50.580  19.113  48.710 0.1250000000
87161  50.129  18.979  48.018 0.1250000000
87167  50.245  18.764  46.955 0.1250000000
87166  50.654  18.418  46.556 0.1250000000
89123  9.118  21.799  90.726 0.1250000000
89122  9.836  21.067  90.411 0.1250000000
89130  9.645  21.432  90.035 0.1250000000
88392  10.879  20.250  89.135 0.1250000000
88382  10.523  20.518  89.834 0.1250000000
87599  12.412  19.570  90.036 0.1250000000
89887  9.167  22.157  88.743 0.1250000000
89140  10.153  20.947  89.350 0.1250000000
88401  12.108  20.276  87.954 0.1250000000
88381  11.794  19.978  89.331 0.1250000000
89900  8.748  22.516  87.838 0.1250000000
89151  9.519  21.479  87.915 0.1250000000
89150  10.255  20.702  87.967 0.1250000000
89912  14.147  23.039  87.032 0.1250000000
89913  8.329  22.609  86.614 0.1250000000
89168  9.210  21.548  86.837 0.1250000000
89188  10.406  21.054  85.521 0.1250000000
89189  9.475  21.297  85.745 0.1250000000
120519  12.683  22.421  85.289 0.1250000000
137952  12.053  21.770  84.916 0.1250000000
89187  11.521  21.209  85.325 0.1250000000
88416  10.700  20.526  87.192 0.1250000000
89926  13.462  22.852  86.156 0.1250000000
89165  13.171  21.475  87.024 0.1250000000
88414  12.678  20.839  87.407 0.1250000000
89946  10.369  22.000  83.240 0.1250000000
89206  9.715  21.445  84.818 0.1250000000
89169  8.249  22.324  85.460 0.1250000000
90636  11.912  23.037  83.713 0.1250000000
89936  12.013  22.321  84.324 0.1250000000
89204  11.400  21.707  84.369 0.1250000000
90624  12.521  23.148  84.512 0.1250000000
90626  7.165  23.495  84.508 0.1250000000
89938  8.370  22.208  84.466 0.1250000000
137123  0.498  9.792  71.219 0.1250000000
81659  -1.014  12.432  70.449 0.1250000000
83529  45.277  15.441  60.001 0.1250000000
83531  44.092  14.493  59.541 0.1250000000
87937  50.979  19.472  51.652 0.1250000000
89116  8.397  22.185  91.177 0.1250000000
89131  8.979  22.293  90.156 0.1250000000
89948  8.606  22.292  83.534 0.1250000000
89216  10.730  21.727  83.878 0.1250000000
140655  -1.034  7.556  72.829 0.2500000000
64388  -3.959  -5.092  73.801 0.1250000000
137689  -0.549  5.195  73.259 0.2500000000
82551  -1.111  13.315  70.379 0.1250000000
90615  7.745  23.239  85.880 0.1250000000
63348  -4.330  -6.387  74.992 0.1250000000
126153  -0.353  6.936  72.816 0.2500000000
123932  51.898  16.145  50.027 0.1250000000
86280  51.952  17.934  49.963 0.1250000000
87139  49.914  19.382  50.226 0.1250000000
87153  49.301  18.612  49.157 0.1250000000
87160  50.671  18.718  47.615 0.1250000000
87162  49.492  18.683  48.399 0.1250000000
88375  9.598  20.937  90.895 0.1250000000
89141  9.437  21.807  89.461 0.1250000000
88402  11.137  20.203  87.904 0.1250000000
88373  11.303  19.858  90.100 0.1250000000
88415  11.692  20.457  87.187 0.1250000000
143023  8.762  21.767  85.922 0.1250000000
89167  10.096  20.820  86.460 0.1250000000
89164  13.872  22.187  87.302 0.1250000000
89207  8.887  21.666  85.056 0.1250000000
89205  10.615  21.404  84.601 0.1250000000
89166  12.321  21.059  86.394 0.1250000000
90614  13.150  23.424  85.390 0.1250000000
89149  13.548  21.429  87.790 0.1250000000
60416  11.111  -7.840  93.874 0.1250000000
61318  9.755  -8.148  92.927 0.1250000000
124391  8.771  -8.687  92.787 0.1250000000
60440  9.396  -8.190  92.272 0.1250000000
60429  8.242  -9.392  92.936 0.1250000000
142176  8.406  -9.165  92.473 0.1250000000
58473  7.655  -10.745  92.306 0.1250000000
60448  10.567  -7.782  91.306 0.1250000000
122558  9.643  -8.003  91.753 0.1250000000
60441  8.649  -8.812  91.882 0.1250000000
59481  7.960  -9.814  91.614 0.1250000000
58482  7.511  -10.682  91.384 0.1250000000
58474  7.213  -11.597  91.832 0.1250000000
60459  9.191  -8.148  90.241 0.1250000000
60450  8.296  -8.951  90.898 0.1250000000
58483  7.119  -11.387  90.966 0.1250000000
57455  6.924  -12.049  90.581 0.1250000000
59497  7.929  -9.644  90.286 0.1250000000
58497  7.489  -10.552  90.573 0.1250000000
133770  6.703  -12.819  90.667 0.1250000000
61308  9.533  -8.070  94.614 0.1250000000
136016  10.392  -7.750  94.424 0.1250000000
61317  10.117  -8.022  93.774 0.1250000000
60428  9.122  -8.382  93.658 0.1250000000
137926  8.406  -9.020  93.556 0.1250000000
144018  8.077  -9.742  93.498 0.1250000000
58459  7.912  -10.226  93.014 0.1250000000
133323  7.288  -11.801  92.712 0.1250000000
57436  6.938  -12.335  91.297 0.1250000000
56461  6.707  -13.325  91.460 0.1250000000
55507  6.355  -14.044  91.287 0.1250000000
54346  6.035  -14.428  91.545 0.1250000000
56466  6.351  -13.546  90.673 0.1250000000
54364  5.795  -14.513  90.887 0.1250000000
61297  9.533  -7.660  95.356 0.1250000000
52233  1.484  -16.006  94.907 0.1250000000
52250  0.678  -16.066  93.585 0.1250000000
59464  8.044  -9.634  94.173 0.1250000000
58460  7.517  -11.102  93.253 0.1250000000
57412  7.230  -12.025  93.570 0.1250000000
52249  1.440  -15.322  93.113 0.1250000000
132197  7.124  -12.566  93.058 0.1250000000
134999  7.011  -12.668  92.222 0.1250000000
56446  6.891  -13.216  92.941 0.1250000000
52259  1.623  -15.149  92.019 0.1250000000
56452  6.720  -13.533  92.151 0.1250000000
52257  3.763  -15.036  91.311 0.1250000000
52258  2.747  -14.925  91.600 0.1250000000
53285  5.176  -15.064  90.685 0.1250000000
53287  4.519  -15.189  91.061 0.1250000000
53273  4.341  -14.893  91.955 0.1250000000
56436  6.302  -12.543  95.701 0.1250000000
53242  2.892  -15.199  95.059 0.1250000000
53254  2.223  -15.437  94.601 0.1250000000
57401  6.739  -12.084  95.397 0.1250000000
56440  6.140  -13.217  95.405 0.1250000000
55445  5.181  -13.981  95.342 0.1250000000
54296  4.053  -14.566  95.145 0.1250000000
53241  3.563  -14.711  94.684 0.1250000000
53253  3.004  -14.815  94.252 0.1250000000
52241  1.442  -15.735  94.096 0.1250000000
56439  6.607  -12.816  95.026 0.1250000000
56443  6.344  -13.357  94.605 0.1250000000
54294  5.304  -14.091  94.441 0.1250000000
54313  4.220  -14.454  94.282 0.1250000000
53252  3.816  -14.486  93.857 0.1250000000
53261  2.250  -14.984  93.717 0.1250000000
137531  7.025  -12.867  93.714 0.1250000000
55462  6.531  -13.461  93.663 0.1250000000
55463  5.908  -13.826  94.068 0.1250000000
54312  4.833  -14.338  93.889 0.1250000000
53251  4.496  -14.415  93.416 0.1250000000
53260  3.187  -14.475  93.316 0.1250000000
52248  2.400  -14.740  92.647 0.1250000000
55477  6.453  -13.763  92.660 0.1250000000
54329  5.554  -14.426  92.613 0.1250000000
54348  5.241  -14.737  92.143 0.1250000000
53258  4.776  -14.659  92.524 0.1250000000
53274  3.474  -14.675  92.268 0.1250000000
53272  4.944  -15.012  91.641 0.1250000000
55491  6.447  -14.019  91.914 0.1250000000
54347  5.646  -14.644  91.818 0.1250000000
57397  5.860  -12.307  96.316 0.1250000000
55430  4.973  -13.829  96.171 0.1250000000
54283  4.565  -14.269  95.698 0.1250000000
55444  5.781  -13.710  94.983 0.1250000000
132351  0.129  2.208  72.569 0.1250000000
140951  0.749  2.224  72.341 0.1250000000
73179  0.921  3.215  72.476 0.1250000000
72251  0.500  2.780  72.528 0.1250000000
73181  -0.532  3.690  73.045 0.1250000000
74150  0.128  4.398  73.089 0.1250000000
82290  8.484  13.477  94.193 0.1250000000
134080  9.734  12.763  94.807 0.1250000000
80533  10.240  11.395  95.154 0.1250000000
128735  11.592  9.771  94.783 0.1250000000
84100  7.595  15.101  93.389 0.1250000000
83186  8.238  14.312  93.871 0.1250000000
135996  5.866  -11.816  96.516 0.1250000000
56442  6.768  -13.036  94.337 0.1250000000
56433  5.395  -12.749  96.805 0.1250000000
56437  5.799  -13.019  96.091 0.1250000000
55416  4.677  -13.679  96.976 0.1250000000
53232  3.433  -14.964  95.507 0.1250000000
127941  8.091  -9.693  92.346 0.1250000000
60449  9.328  -8.001  91.092 0.1250000000
59487  7.836  -9.961  90.945 0.1250000000
60460  8.406  -8.756  90.049 0.1250000000
60417  8.535  -8.705  94.378 0.1250000000
58446  7.760  -10.436  93.797 0.1250000000
52268  4.023  -15.295  90.588 0.1250000000
52269  3.144  -15.133  90.837 0.1250000000
53271  5.295  -14.937  91.356 0.1250000000
55429  5.579  -13.559  95.786 0.1250000000
54295  4.683  -14.308  94.793 0.1250000000
55478  5.983  -13.998  93.116 0.1250000000
54311  5.418  -14.216  93.508 0.1250000000
54330  5.046  -14.473  92.994 0.1250000000
53259  4.114  -14.449  92.917 0.1250000000
55492  6.065  -14.266  92.250 0.1250000000
73180  0.283  3.466  72.790 0.1250000000
51117  -5.150  -17.559  98.368 0.2500000000
51140  -8.295  -17.850  97.656 0.1250000000
52187  -7.264  -16.522  98.422 0.3750000000
53181  -3.791  -16.260  98.855 0.2500000000
53185  -5.463  -15.669  98.758 0.3750000000
53208  -7.601  -16.093  98.386 0.3750000000
53227  -8.907  -16.450  96.867 0.2500000000
54232  -4.393  -15.636  98.805 0.2500000000
54235  -5.550  -15.154  98.769 0.3750000000
54237  0.939  -14.747  99.019 0.2500000000
54254  -7.651  -15.586  98.396 0.3750000000
54365  5.566  -14.777  91.137 0.1250000000
55392  -5.537  -14.303  98.720 0.3750000000
55400  -7.554  -14.582  98.225 0.3750000000
55563  -4.122  -14.575  86.016 0.1250000000
56414  -5.722  -13.513  98.684 0.3750000000
56477  19.368  -10.842  87.883 0.1250000000
56488  19.633  -10.807  87.255 0.1250000000
56514  17.688  -10.854  85.627 0.1250000000
56529  -4.182  -14.001  83.283 0.1250000000
57360  4.605  -11.456  99.094 0.2500000000
57379  -6.694  -12.961  98.531 0.3750000000
57411  16.941  -10.164  93.175 0.2500000000
57417  19.452  -10.437  92.078 0.2500000000
57421  16.700  -10.137  92.820 0.2500000000
57430  20.613  -10.456  91.017 0.2500000000
57463  21.039  -10.535  89.657 0.2500000000
57466  19.053  -10.603  89.452 0.1250000000
57495  22.378  -10.207  87.156 0.2500000000
57497  21.487  -10.388  87.657 0.2500000000
57506  22.540  -10.462  85.871 0.1250000000
57528  22.271  -10.471  84.092 0.1250000000
58391  3.838  -10.228  99.144 0.5000000000
58393  3.174  -11.080  99.030 0.5000000000
58394  4.807  -11.107  99.134 0.5000000000
58411  5.532  -11.090  98.150 0.5000000000
58427  18.016  -9.871  93.861 0.3750000000
58442  17.070  -10.020  94.020 0.3750000000
58443  16.520  -9.702  93.704 0.3750000000
58444  15.966  -9.578  93.525 0.3750000000
58451  20.603  -10.224  92.437 0.2500000000
58453  19.164  -10.214  93.085 0.3750000000
58455  17.811  -10.147  93.367 0.3750000000
58456  17.235  -10.060  93.536 0.2500000000
58465  22.062  -10.256  91.318 0.2500000000
58467  20.256  -10.368  92.148 0.2500000000
58470  15.568  -9.762  92.494 0.2500000000
58491  23.257  -10.041  90.252 0.2500000000
58522  22.662  -9.860  87.869 0.2500000000
58605  -4.438  -11.817  81.526 0.1250000000
59400  4.472  -10.011  99.240 0.5000000000
59401  4.024  -9.765  99.242 0.5000000000
59403  5.033  -10.138  99.243 0.6250000000
59410  -5.954  -10.700  98.614 0.5000000000
59433  16.651  -8.735  94.818 0.5000000000
59436  14.578  -8.341  94.767 0.5000000000
59446  17.861  -9.710  94.100 0.6250000000
59447  17.413  -9.634  94.144 0.5000000000
59448  16.963  -9.421  94.306 0.5000000000
59460  18.713  -9.710  94.010 0.6250000000
59477  23.381  -9.722  90.916 0.2500000000
59494  23.758  -9.731  89.792 0.2500000000
59498  -7.688  -9.736  90.945 0.6250000000
59506  24.352  -9.462  88.819 0.2500000000
59526  -7.796  -9.103  89.850 0.6250000000
59542  23.753  -10.025  86.503 0.1250000000
59562  23.395  -9.742  84.836 0.1250000000
59568  -3.576  -10.127  84.248 0.1250000000
60350  4.309  -9.533  99.389 0.5000000000
60353  5.833  -9.067  98.977 0.5000000000
60354  5.270  -9.602  99.183 0.6250000000
60363  -4.143  -9.690  98.113 0.6250000000
60369  6.347  -8.902  98.065 0.5000000000
60374  16.763  -8.003  95.340 0.6250000000
60377  14.153  -7.598  95.951 0.5000000000
60387  18.022  -8.816  94.616 0.6250000000
60389  17.131  -8.689  94.838 0.5000000000
60392  15.466  -8.163  95.355 0.3750000000
60395  11.289  -7.206  95.152 0.3750000000
60431  -0.764  -10.446  93.065 0.6250000000
60455  24.661  -9.194  89.780 0.3750000000
60490  24.157  -9.251  87.868 0.2500000000
60508  24.002  -9.120  85.868 0.1250000000
61238  5.248  -8.882  99.426 0.6250000000
61249  3.089  -8.900  98.774 0.7500000000
61273  13.620  -7.113  96.284 0.6250000000
61285  17.443  -8.235  94.963 0.6250000000
61323  24.554  -8.240  90.712 0.5000000000
61334  24.901  -8.627  89.963 0.5000000000
61343  24.994  -8.370  89.588 0.5000000000
61370  -7.145  -7.499  86.998 0.6250000000
61375  24.021  -8.079  85.291 0.1250000000
62174  4.421  -8.779  99.565 0.7500000000
62179  3.579  -8.466  99.206 0.6250000000
62185  3.222  -8.255  98.845 0.7500000000
62189  15.089  -6.910  96.488 0.8750000000
62191  12.200  -5.870  96.729 0.8750000000
62203  15.440  -7.089  96.387 0.7500000000
62207  -6.325  -8.124  96.705 0.7500000000
62233  24.925  -7.205  90.520 0.5000000000
62239  24.801  -7.841  90.488 0.5000000000
62251  25.308  -7.375  89.323 0.3750000000
62253  0.250  -7.956  88.777 0.8750000000
62260  2.134  -7.487  87.782 0.8750000000
62261  1.510  -7.889  88.290 0.8750000000
62339  -7.250  -6.794  78.684 0.3750000000
62368  -6.901  -7.032  76.881 0.2500000000
63107  5.392  -7.683  99.373 0.7500000000
63111  6.697  -6.278  99.221 0.7500000000
63112  5.887  -6.571  99.240 0.7500000000
63124  15.836  -6.538  96.336 0.8750000000
63126  14.433  -6.418  96.517 0.8750000000
63128  3.705  -6.471  98.279 0.8750000000
63136  17.091  -6.736  95.732 0.7500000000
63138  16.246  -6.736  96.193 0.8750000000
63143  17.794  -6.796  95.140 0.7500000000
63153  2.432  -6.880  95.729 0.8750000000
63192  25.519  -6.766  90.095 0.7500000000
63246  15.595  -6.507  86.880 1.0000000000
64120  7.763  -5.528  98.587 0.7500000000
64123  6.405  -5.715  99.073 0.8750000000
64127  10.633  -5.096  97.358 0.8750000000
64132  4.289  -6.133  98.583 0.8750000000
64138  3.612  -6.124  97.856 0.8750000000
64146  15.751  -5.512  96.263 0.8750000000
64155  17.142  -5.851  95.514 0.8750000000
64158  -1.263  -5.623  95.096 0.7500000000
64183  24.883  -5.790  90.607 0.7500000000
64211  -0.490  -5.541  90.703 0.8750000000
64286  13.911  -5.332  84.516 1.0000000000
64370  -6.596  -5.126  74.711 0.5000000000
65104  7.576  -5.284  98.461 0.8750000000
65111  8.157  -5.002  98.072 0.8750000000
65114  6.502  -5.019  98.393 0.8750000000
65115  5.680  -5.256  98.398 0.8750000000
65118  12.738  -4.739  96.693 0.8750000000
65119  12.036  -4.532  96.835 1.0000000000
65122  4.473  -5.371  97.657 0.8750000000
65125  15.500  -4.931  96.222 0.8750000000
65126  14.648  -4.742  96.310 0.8750000000
65137  4.857  -4.625  96.454 0.8750000000
65147  16.431  -4.457  95.245 1.0000000000
65167  3.412  -4.788  94.094 0.8750000000
65189  26.008  -4.619  89.910 0.7500000000
65194  6.218  -4.684  89.829 0.8750000000
65200  26.187  -4.519  89.266 0.7500000000
65208  -7.825  -5.310  89.068 0.7500000000
65254  17.520  -4.316  84.970 1.0000000000
65257  4.442  -4.170  84.785 0.8750000000
65261  0.639  -4.793  85.586 0.8750000000
65272  16.710  -4.980  84.113 1.0000000000
65273  13.294  -4.835  84.622 1.0000000000
65286  15.944  -5.010  83.089 0.8750000000
65299  -7.817  -4.015  82.182 0.8750000000
65329  13.218  -4.379  79.609 1.0000000000
66088  11.192  -4.611  97.125 1.0000000000
66092  8.067  -4.592  97.895 0.8750000000
66093  7.498  -4.673  97.983 0.8750000000
66094  7.052  -4.344  97.773 0.8750000000
66101  6.359  -4.334  97.401 0.8750000000
66107  5.984  -3.846  96.222 0.8750000000
66125  4.587  -4.273  95.119 0.8750000000
66143  4.143  -4.388  93.859 0.8750000000
66164  -1.510  -3.725  91.880 0.8750000000
66168  21.164  -3.572  90.329 1.0000000000
66216  12.773  -3.225  87.211 1.0000000000
66245  12.219  -3.408  84.887 1.0000000000
66292  14.923  -3.846  80.220 0.8750000000
66317  13.768  -3.630  78.589 0.8750000000
66365  -5.207  -3.842  73.799 0.3750000000
67045  8.909  -4.097  97.521 1.0000000000
67051  9.754  -3.918  97.249 1.0000000000
67054  7.644  -3.753  97.417 0.8750000000
67056  6.726  -3.890  97.077 0.8750000000
67058  13.411  -4.059  96.036 1.0000000000
67064  6.444  -3.584  96.413 0.8750000000
67067  13.989  -3.569  95.611 1.0000000000
67078  15.209  -3.217  95.073 1.0000000000
67080  6.311  -3.237  95.700 0.8750000000
67082  5.504  -3.768  95.250 0.8750000000
67089  6.170  -3.299  95.215 0.8750000000
67094  15.028  -3.117  94.125 1.0000000000
67103  23.193  -2.728  90.940 0.8750000000
67106  14.154  -2.409  92.944 1.0000000000
67173  18.475  -2.562  86.307 1.0000000000
67178  -0.274  -2.616  85.931 0.8750000000
67224  1.602  -2.276  83.523 0.8750000000
67266  15.420  -2.519  79.888 0.8750000000
67302  13.413  -2.446  76.321 0.8750000000
68010  12.699  -3.736  96.005 1.0000000000
68011  12.012  -3.269  95.997 1.0000000000
68014  8.231  -2.794  96.498 0.8750000000
68016  7.021  -2.955  96.306 0.8750000000
68020  11.181  -2.522  95.489 1.0000000000
68023  8.026  -2.524  96.030 0.8750000000
68035  12.011  -2.293  94.609 1.0000000000
68048  12.877  -1.886  94.240 1.0000000000
68064  24.401  -2.231  91.020 0.7500000000
68066  23.046  -1.509  91.261 1.0000000000
68068  22.095  -1.212  91.225 1.0000000000
68069  13.744  -1.906  92.931 1.0000000000
68093  -1.404  -1.713  89.829 0.8750000000
68097  20.141  -1.219  88.751 1.0000000000
68119  18.296  -1.188  86.052 1.0000000000
68150  17.615  -1.369  84.167 1.0000000000
68185  -7.342  -1.939  82.478 0.8750000000
68204  16.467  -1.417  80.908 0.8750000000
68206  9.747  -2.164  81.016 1.0000000000
68224  -7.041  -2.138  80.428 0.8750000000
68263  12.082  -2.158  75.831 0.8750000000
68299  13.032  -1.179  74.662 0.7500000000
68319  -6.409  -0.985  73.919 0.5000000000
69003  9.436  -2.028  94.741 0.8750000000
69009  12.527  -1.456  93.738 1.0000000000
69012  10.744  -1.516  93.953 0.8750000000
69021  11.513  -1.260  93.070 1.0000000000
69025  -2.371  -1.264  92.906 0.8750000000
69046  12.345  -0.670  91.789 1.0000000000
69055  21.194  -0.343  90.604 1.0000000000
69057  13.170  -0.485  90.506 1.0000000000
69115  -0.914  -0.631  84.545 0.8750000000
69141  2.077  -0.709  83.383 1.0000000000
69197  8.056  -0.930  79.110 1.0000000000
69219  -4.315  -0.916  78.098 0.8750000000
69256  15.155  -1.290  76.075 0.8750000000
69310  -5.329  -0.414  73.513 0.3750000000
70015  10.895  -1.255  92.650 1.0000000000
70026  23.298  0.864  91.121 1.0000000000
70032  10.814  -0.479  91.314 1.0000000000
70048  25.589  0.969  89.739 0.7500000000
70049  20.933  0.452  89.702 1.0000000000
70052  12.551  0.350  89.388 1.0000000000
70057  -3.061  0.663  89.656 0.8750000000
70061  20.302  0.091  88.448 1.0000000000
70076  12.441  -0.017  87.816 1.0000000000
70077  11.770  0.689  87.478 1.0000000000
70093  11.089  0.554  86.543 1.0000000000
70133  29.608  2.542  82.707 0.6250000000
70142  18.061  -0.296  83.376 1.0000000000
70165  30.779  2.479  80.930 0.5000000000
70177  -5.832  -0.633  82.440 0.8750000000
70195  -4.807  0.057  81.636 0.8750000000
70232  31.725  1.602  76.737 0.1250000000
70281  15.230  0.628  73.580 0.7500000000
71003  -8.218  1.816  95.013 0.8750000000
71017  22.514  0.966  90.991 1.0000000000
71019  1.430  1.884  91.585 1.0000000000
71032  1.016  1.730  91.315 1.0000000000
71037  21.518  0.889  90.205 1.0000000000
71040  11.459  1.019  89.091 1.0000000000
71084  19.498  0.854  86.669 1.0000000000
71091  1.804  1.812  86.452 1.0000000000
71122  -1.028  2.038  84.691 0.8750000000
71151  19.560  1.525  80.853 1.0000000000
71185  7.174  1.326  78.221 0.8750000000
71188  -1.868  1.431  78.425 0.8750000000
71198  7.546  0.975  77.677 0.8750000000
71214  -6.085  1.682  75.657 0.8750000000
71221  17.592  1.773  74.798 0.7500000000
72036  1.594  2.788  91.926 1.0000000000
72042  2.093  2.397  91.637 1.0000000000
72067  -3.746  2.830  89.639 1.0000000000
72073  21.756  2.052  88.563 1.0000000000
72113  20.645  2.118  85.513 1.0000000000
72130  -0.309  2.348  84.673 0.8750000000
72151  20.552  2.502  81.263 1.0000000000
72190  -1.633  2.828  77.546 0.8750000000
72206  -6.510  3.016  75.625 0.6250000000
72216  -6.493  2.250  75.426 0.6250000000
72226  -6.660  2.534  74.424 0.6250000000
72234  11.806  1.889  73.391 0.6250000000
72238  -5.776  2.466  73.408 0.5000000000
72981  1.454  3.581  92.322 1.0000000000
72986  -0.207  3.442  91.052 1.0000000000
72996  -4.206  3.556  90.807 1.0000000000
73059  -2.049  3.001  85.652 0.8750000000
73069  33.510  4.399  81.725 0.7500000000
73076  34.229  4.739  81.411 0.7500000000
73084  34.361  4.545  81.010 0.7500000000
73090  34.624  4.428  80.291 0.6250000000
73095  -1.538  3.581  80.504 0.8750000000
73104  20.122  3.700  78.656 1.0000000000
73162  17.474  3.758  73.581 0.6250000000
73933  2.051  4.719  92.795 1.0000000000
73940  0.305  3.982  92.273 1.0000000000
73941  -0.266  4.280  91.554 1.0000000000
73953  -3.798  4.396  89.572 1.0000000000
73955  -8.339  4.573  89.397 0.8750000000
73956  26.466  4.527  88.221 0.8750000000
73984  29.720  4.862  85.757 1.0000000000
73994  31.494  4.735  83.654 1.0000000000
73995  30.790  4.547  84.436 1.0000000000
73997  22.880  3.828  86.041 1.0000000000
74006  32.799  4.511  82.372 1.0000000000
74025  -3.000  4.841  82.937 0.8750000000
74030  -2.361  4.086  81.955 0.8750000000
74041  20.893  4.427  79.550 0.8750000000
74060  20.361  4.808  77.940 1.0000000000
74110  18.731  5.138  75.257 0.6250000000
74892  -8.310  4.931  94.396 0.8750000000
74895  0.850  5.540  93.325 1.0000000000
74904  -0.297  5.341  91.690 1.0000000000
74933  -3.549  5.801  88.426 0.8750000000
74945  -8.910  6.062  87.786 0.8750000000
74954  15.396  6.131  86.748 0.1250000000
74965  24.929  5.341  85.912 1.0000000000
74986  24.505  5.589  84.065 0.8750000000
74987  23.867  5.313  83.731 0.8750000000
74999  23.020  5.155  82.547 0.8750000000
75022  21.932  5.235  80.404 0.8750000000
75088  19.695  5.440  75.993 0.6250000000
75093  -5.000  5.416  76.467 0.7500000000
75094  -6.326  5.122  75.865 0.7500000000
75123  -6.544  5.606  74.832 0.5000000000
75930  14.209  7.021  93.331 0.1250000000
75934  1.675  6.252  93.614 1.0000000000
75935  1.058  6.322  93.561 1.0000000000
75938  -8.466  5.952  93.354 0.8750000000
75943  11.960  6.885  92.328 0.1250000000
75953  13.977  6.532  91.484 0.1250000000
75958  -0.222  6.088  91.868 1.0000000000
75988  13.096  7.400  88.603 0.2500000000
76019  29.435  6.156  85.434 1.0000000000
76035  32.424  5.323  82.792 1.0000000000
76040  28.010  6.555  84.995 1.0000000000
76098  5.098  6.922  81.650 0.7500000000
76110  23.930  6.087  80.870 0.8750000000
76119  36.441  6.976  78.033 0.7500000000
76138  36.610  7.078  77.460 0.7500000000
76155  -1.486  6.776  77.841 0.8750000000
76158  36.396  6.699  76.842 0.7500000000
76172  -6.381  6.818  75.590 0.6250000000
76870  -5.037  8.097  94.082 0.8750000000
76874  13.247  7.880  94.170 0.2500000000
76876  11.069  7.773  94.455 0.2500000000
76893  3.585  7.651  92.605 1.0000000000
76900  -8.635  7.290  92.273 0.8750000000
76927  -9.086  7.343  90.346 0.8750000000
76951  -9.319  7.205  88.784 0.8750000000
76983  -7.878  7.835  85.537 0.8750000000
76993  -7.323  8.000  84.378 0.8750000000
77010  35.280  6.868  81.266 0.8750000000
77011  34.130  6.792  81.782 1.0000000000
77026  35.584  6.904  80.576 0.7500000000
77038  -3.605  7.630  82.278 0.8750000000
77040  35.956  6.926  79.535 0.7500000000
77058  9.124  7.609  79.420 0.5000000000
77079  -1.743  8.216  77.179 0.7500000000
77097  37.924  8.752  73.819 0.3750000000
77168  29.461  7.833  65.574 0.1250000000
77755  -6.294  7.984  94.288 0.8750000000
77760  10.090  8.933  94.399 0.2500000000
77772  14.139  8.523  92.978 0.1250000000
77800  -8.716  8.155  90.403 0.8750000000
77827  -9.117  8.117  88.655 0.8750000000
77853  2.826  8.262  86.657 0.7500000000
77854  -0.760  8.243  86.801 0.7500000000
77866  -7.579  8.301  85.060 0.8750000000
77881  3.925  8.246  83.218 0.7500000000
77897  35.378  7.709  80.426 0.8750000000
77922  8.638  8.843  80.655 0.6250000000
77929  32.534  7.974  79.504 0.8750000000
77956  -4.539  7.991  75.825 0.7500000000
77966  -6.392  8.688  75.039 0.6250000000
77981  12.529  8.073  73.877 0.3750000000
78027  17.464  8.430  70.393 0.5000000000
78082  28.768  8.051  65.880 0.1250000000
78084  25.434  9.234  64.409 0.1250000000
78682  10.816  9.852  95.053 0.2500000000
78683  10.106  9.987  95.049 0.2500000000
78689  11.141  9.070  94.900 0.2500000000
78699  2.023  8.931  93.247 0.8750000000
78705  9.812  9.331  93.482 0.2500000000
78798  -6.682  10.329  83.377 0.8750000000
78802  8.480  9.811  82.764 0.6250000000
78805  6.167  9.339  82.189 0.6250000000
78815  8.254  9.792  82.147 0.6250000000
78818  6.049  8.822  81.483 0.6250000000
78829  -3.517  10.131  81.261 0.8750000000
78841  15.198  10.013  78.985 0.1250000000
78845  38.666  9.681  76.452 1.0000000000
78846  37.936  9.082  76.713 1.0000000000
78852  39.416  9.725  75.682 1.0000000000
78859  40.487  10.421  74.386 1.0000000000
78866  -4.322  9.910  75.491 0.7500000000
78876  -6.436  9.533  74.331 0.6250000000
78902  13.656  9.686  72.426 0.3750000000
78907  -5.276  9.562  72.865 0.5000000000
78934  15.608  9.698  70.848 0.3750000000
78959  30.485  9.332  68.699 0.1250000000
78973  27.543  9.186  67.576 0.1250000000
78978  47.195  10.346  65.993 0.8750000000
78979  46.790  10.437  66.060 0.7500000000
78991  48.095  10.200  64.765 0.8750000000
79000  26.070  9.119  65.936 0.1250000000
79004  48.356  10.010  64.119 0.8750000000
79007  47.248  9.970  64.962 0.7500000000
79019  48.745  10.220  62.857 0.8750000000
79020  48.341  9.839  63.464 0.8750000000
79021  48.598  9.861  63.583 0.8750000000
79038  48.278  9.992  61.790 0.8750000000
79051  48.401  10.085  61.226 0.8750000000
79074  47.770  10.384  59.915 0.6250000000
79632  11.466  10.532  94.836 0.1250000000
79634  9.376  10.470  94.610 0.2500000000
79638  -6.418  9.496  93.726 0.8750000000
79682  -7.178  10.142  89.949 0.8750000000
79725  -6.824  10.786  84.642 0.8750000000
79743  -5.185  11.195  82.397 0.8750000000
79763  38.041  10.447  76.716 1.0000000000
79772  15.223  11.000  77.716 0.2500000000
79785  41.355  11.043  74.279 1.0000000000
79794  13.638  10.178  75.237 0.2500000000
79798  -6.281  10.128  74.823 0.6250000000
79812  41.708  10.935  72.963 0.8750000000
79836  42.373  11.168  71.692 1.0000000000
79844  15.996  11.125  71.082 0.3750000000
79846  14.693  10.596  71.634 0.3750000000
79896  47.267  10.935  66.382 0.8750000000
79916  48.676  10.826  64.447 0.8750000000
79918  47.858  10.509  65.413 0.8750000000
79926  48.883  10.668  63.862 0.8750000000
79932  38.467  9.815  65.261 0.2500000000
79937  49.084  10.888  62.882 0.7500000000
79955  49.030  10.781  62.370 0.8750000000
79964  48.729  10.468  61.243 0.8750000000
79973  49.041  11.022  60.206 0.6250000000
79974  48.716  10.439  61.041 0.6250000000
80573  4.282  11.847  90.060 0.6250000000
80633  -6.532  11.804  83.374 0.8750000000
80676  38.862  11.549  76.678 0.8750000000
80701  -4.274  11.891  74.570 0.7500000000
80711  21.167  11.730  74.119 0.2500000000
80801  45.864  11.855  67.975 0.7500000000
80808  47.016  11.011  66.979 0.8750000000
80827  48.343  11.091  64.946 0.8750000000
80847  49.040  11.200  63.231 0.7500000000
80863  49.170  11.040  61.937 0.7500000000
80876  49.221  11.526  62.026 0.7500000000
81399  9.067  12.243  94.750 0.2500000000
81414  8.643  12.076  93.359 0.3750000000
81508  -5.976  12.818  82.274 0.8750000000
81515  -6.199  13.344  82.356 0.8750000000
81517  18.054  12.709  81.012 0.1250000000
81542  39.650  11.860  76.197 0.8750000000
81543  39.117  12.089  76.523 0.8750000000
81556  40.669  11.928  74.984 1.0000000000
81581  41.342  12.517  74.371 1.0000000000
81606  19.838  12.431  73.562 0.2500000000
81632  15.901  12.551  72.631 0.3750000000
81645  -3.835  13.115  71.381 0.3750000000
81648  44.664  12.805  69.176 0.8750000000
81676  45.525  12.400  68.376 0.7500000000
81711  47.823  11.244  65.460 0.8750000000
81728  49.081  11.508  62.384 0.7500000000
81730  48.544  11.710  63.144 0.7500000000
81767  49.313  11.916  61.507 0.6250000000
82289  9.085  13.124  94.570 0.1250000000
82291  -0.965  14.255  93.646 0.8750000000
82305  7.828  13.429  93.388 0.2500000000
82367  8.124  13.649  84.442 0.6250000000
82371  4.706  13.349  84.220 0.6250000000
82397  -6.123  13.771  82.114 0.8750000000
82405  26.423  12.834  79.338 0.1250000000
82430  22.763  12.997  77.684 0.1250000000
82449  0.024  13.054  76.064 0.6250000000
82450  40.789  12.946  74.639 0.8750000000
82478  16.716  13.407  74.521 0.3750000000
82484  41.534  13.251  73.511 0.8750000000
82500  -0.756  13.720  73.587 0.3750000000
82521  -4.488  13.130  72.231 0.5000000000
82576  45.284  12.897  68.018 0.6250000000
82595  49.073  12.309  61.937 0.7500000000
83180  -1.561  14.340  94.155 0.8750000000
83202  8.617  14.809  91.245 0.3750000000
83210  1.448  14.730  89.599 0.7500000000
83261  2.804  14.437  84.834 0.6250000000
83271  5.636  14.419  83.290 0.6250000000
83285  -6.054  14.092  82.491 0.8750000000
83294  -5.630  14.303  81.956 0.7500000000
83295  -5.925  14.203  82.119 0.8750000000
83314  -0.782  14.322  79.366 0.7500000000
83353  18.409  14.453  76.478 0.1250000000
83357  39.794  13.474  74.778 0.8750000000
83358  39.243  13.662  75.099 0.8750000000
83420  41.584  13.773  72.127 0.7500000000
83433  27.955  14.670  71.348 0.1250000000
84119  -6.293  16.083  90.816 0.8750000000
84130  0.621  15.393  90.067 0.6250000000
84189  -5.770  15.047  83.288 0.7500000000
84207  -2.764  15.356  81.542 0.7500000000
84227  -4.218  14.422  81.679 0.7500000000
84249  0.613  15.073  78.704 0.6250000000
84259  2.386  16.112  76.454 0.5000000000
84264  2.433  16.309  75.760 0.5000000000
84284  28.674  15.238  72.264 0.1250000000
84361  49.063  15.129  61.140 0.5000000000
84987  7.280  16.320  92.294 0.3750000000
84988  -0.282  15.801  91.485 0.7500000000
84995  -0.088  16.015  90.890 0.6250000000
85015  -7.288  17.147  87.925 0.7500000000
85021  8.013  16.262  87.427 0.6250000000
85064  6.980  16.202  83.723 0.6250000000
85065  3.986  16.715  83.166 0.6250000000
85066  3.329  16.485  83.367 0.6250000000
85068  -5.131  16.171  83.566 0.7500000000
85089  21.348  16.397  81.033 0.1250000000
85152  1.325  16.556  73.822 0.3750000000
85310  50.916  15.662  53.483 0.3750000000
85921  7.396  17.701  91.418 0.6250000000
85956  7.187  18.073  87.330 0.6250000000
85957  -0.374  17.231  86.363 0.6250000000
85969  -6.742  17.845  86.116 0.7500000000
85981  1.316  17.085  84.529 0.6250000000
85983  -4.940  17.215  84.150 0.7500000000
86067  2.455  17.629  75.987 0.6250000000
86072  1.405  18.166  74.674 0.6250000000
86755  6.836  19.228  89.601 0.5000000000
86757  -2.979  18.323  89.223 0.6250000000
86787  -6.743  18.431  86.492 0.7500000000
86859  2.137  18.724  79.040 0.6250000000
86870  2.452  18.579  78.240 0.6250000000
86878  1.919  18.782  76.244 0.6250000000
86885  2.215  18.235  75.903 0.6250000000
86899  -3.043  18.699  72.699 0.5000000000
86969  45.113  19.394  63.754 0.1250000000
87578  -5.024  19.831  91.886 0.7500000000
87588  -6.903  19.954  91.408 0.7500000000
87591  11.868  19.226  90.487 0.1250000000
87593  7.234  19.234  91.066 0.3750000000
87627  -6.992  18.693  86.999 0.7500000000
87649  5.678  19.790  84.795 0.6250000000
87674  -0.098  18.973  83.123 0.6250000000
87695  1.910  19.369  79.180 0.6250000000
87710  1.692  19.649  77.383 0.6250000000
87744  -4.256  20.223  73.722 0.3750000000
87835  47.414  19.606  62.863 0.3750000000
87850  47.687  19.960  61.897 0.3750000000
87852  44.661  19.648  62.721 0.1250000000
87864  48.741  20.212  58.839 0.1250000000
87904  49.989  19.925  54.930 0.3750000000
87955  50.282  19.706  50.744 0.1250000000
88360  7.763  19.767  91.628 0.1250000000
88378  -7.252  20.600  90.465 0.7500000000
88391  11.483  20.130  88.592 0.1250000000
88396  -7.036  20.165  88.505 0.7500000000
88400  12.980  20.775  88.088 0.1250000000
88422  -5.970  19.811  86.878 0.7500000000
88430  11.138  20.704  86.317 0.1250000000
88509  -3.456  20.734  75.936 0.5000000000
88536  -4.238  20.699  72.577 0.2500000000
88613  46.211  20.145  63.161 0.2500000000
88624  47.745  20.074  60.854 0.3750000000
88635  46.462  20.288  61.532 0.1250000000
88654  49.096  20.833  57.710 0.1250000000
88686  49.757  20.326  54.112 0.3750000000
89115  8.831  21.338  91.231 0.1250000000
89117  7.404  21.578  91.300 0.5000000000
89118  6.907  21.546  90.911 0.5000000000
89126  6.251  22.169  89.961 0.5000000000
89132  6.297  21.377  89.712 0.5000000000
89153  5.293  22.415  87.369 0.5000000000
89159  -6.817  20.381  88.244 0.7500000000
89186  12.382  21.627  85.598 0.1250000000
89192  2.700  21.898  85.534 0.6250000000
89194  0.910  21.233  85.880 0.6250000000
89217  9.982  21.651  83.949 0.1250000000
89272  -4.935  21.640  74.666 0.2500000000
89396  48.844  20.947  57.902 0.1250000000
89397  48.766  21.087  57.462 0.1250000000
89864  -5.602  22.499  91.802 0.7500000000
89872  8.527  23.106  90.204 0.3750000000
89873  8.151  23.504  90.720 0.5000000000
89880  8.861  22.694  89.535 0.1250000000
89881  8.495  23.507  89.665 0.3750000000
89882  5.965  22.501  89.340 0.5000000000
89901  8.163  23.451  87.568 0.2500000000
89914  4.550  22.933  86.853 0.6250000000
89928  -1.950  23.140  85.225 0.6250000000
89937  9.134  21.780  84.149 0.1250000000
89945  11.242  22.271  83.551 0.1250000000
89971  -2.062  23.378  80.596 0.5000000000
90559  -4.836  23.514  91.558 0.7500000000
90560  -5.398  23.141  91.599 0.7500000000
90561  -5.851  22.939  91.627 0.7500000000
90562  -1.093  24.630  91.463 0.6250000000
90565  -3.640  23.434  91.468 0.6250000000
90567  7.688  23.954  90.540 0.3750000000
90568  7.050  23.702  90.635 0.3750000000
90575  8.221  24.111  89.778 0.3750000000
90577  1.044  24.404  89.469 0.6250000000
90584  5.238  23.893  88.438 0.5000000000
90625  7.731  22.936  84.926 0.1250000000
90635  12.446  24.572  83.809 0.1250000000
90637  8.013  22.744  82.938 0.1250000000
90645  10.675  23.156  82.323 0.1250000000
90649  6.655  23.570  82.678 0.1250000000
90659  9.662  23.521  81.352 0.1250000000
90661  7.755  23.217  81.410 0.1250000000
90662  6.910  23.375  81.710 0.1250000000
90665  -3.373  24.872  82.060 0.5000000000
90673  -3.122  24.683  81.455 0.5000000000
90726  -2.469  23.244  76.052 0.3750000000
90740  -4.178  23.791  74.731 0.2500000000
90755  -5.443  23.707  73.678 0.2500000000
91240  -3.652  24.732  91.558 0.6250000000
91243  -0.294  25.387  91.051 0.6250000000
91244  -0.921  25.230  91.409 0.6250000000
91249  7.922  24.476  89.825 0.3750000000
91251  7.288  24.472  90.251 0.3750000000
91257  7.573  24.919  89.571 0.3750000000
91258  6.937  25.261  89.841 0.3750000000
91261  2.049  25.413  89.236 0.6250000000
91276  7.574  24.942  88.308 0.3750000000
91284  6.530  25.441  86.229 0.2500000000
91289  6.622  24.956  85.651 0.2500000000
91296  13.430  25.282  85.425 0.1250000000
91297  6.813  24.299  85.119 0.2500000000
91299  5.970  25.004  84.798 0.2500000000
91306  6.049  24.460  84.110 0.2500000000
91320  4.935  24.777  83.462 0.1250000000
91321  -3.461  25.004  82.628 0.5000000000
91327  9.930  24.251  81.019 0.1250000000
91329  5.141  24.163  81.659 0.1250000000
91335  9.308  24.505  80.554 0.1250000000
91337  7.351  23.870  80.167 0.1250000000
91412  -5.302  24.427  73.666 0.1250000000
91927  -4.224  25.844  91.413 0.6250000000
91933  7.257  25.558  89.472 0.3750000000
91934  6.792  26.116  89.354 0.3750000000
91937  3.264  26.160  89.133 0.5000000000
91948  7.250  25.750  88.262 0.3750000000
91950  -5.937  25.273  88.460 0.6250000000
91955  6.132  25.866  86.313 0.2500000000
91957  16.592  25.603  86.180 0.1250000000
91987  11.851  25.978  82.756 0.1250000000
92000  2.695  25.489  82.155 0.1250000000
92008  9.374  25.347  80.312 0.1250000000
92021  5.391  24.932  79.023 0.1250000000
92022  4.503  25.187  79.267 0.1250000000
92023  3.790  25.468  79.543 0.1250000000
92037  7.676  25.851  78.758 0.1250000000
92038  6.824  25.600  78.473 0.1250000000
92039  5.858  25.498  78.393 0.1250000000
92593  0.931  26.276  90.090 0.6250000000
92594  0.336  26.006  90.519 0.6250000000
92600  6.242  26.683  89.318 0.3750000000
92601  5.583  26.984  89.172 0.3750000000
92602  4.702  26.773  89.239 0.3750000000
92606  6.631  26.593  88.880 0.3750000000
92607  6.009  27.078  88.739 0.2500000000
92609  16.243  26.314  87.390 0.1250000000
92610  15.686  26.118  87.510 0.1250000000
92611  6.882  26.335  88.316 0.2500000000
92625  3.877  26.560  86.563 0.2500000000
92626  3.102  26.635  86.795 0.2500000000
92642  16.272  25.821  85.470 0.1250000000
92643  13.431  25.972  85.450 0.1250000000
92646  0.219  26.574  84.613 0.2500000000
92654  12.350  26.151  83.538 0.1250000000
92663  2.069  25.917  82.428 0.1250000000
92664  1.478  26.319  82.690 0.1250000000
92665  -4.905  26.204  82.654 0.5000000000
92671  10.768  26.716  81.629 0.1250000000
92685  1.999  26.806  80.775 0.1250000000
92775  -2.107  26.786  73.870 0.1250000000
92779  -4.888  26.498  72.938 0.1250000000
92808  -4.931  27.586  72.275 0.1250000000
93282  -2.947  26.681  91.293 0.6250000000
93284  -4.352  26.987  90.735 0.6250000000
93285  -4.667  26.757  90.676 0.5000000000
93293  -5.424  26.642  89.794 0.6250000000
93296  2.621  27.085  89.166 0.3750000000
93299  -0.618  26.915  90.061 0.5000000000
93304  4.151  27.348  88.602 0.3750000000
93308  0.442  27.207  89.088 0.5000000000
93309  -0.578  27.378  88.825 0.5000000000
93311  15.813  26.952  87.322 0.1250000000
93312  4.726  27.389  88.226 0.3750000000
93314  3.216  27.321  88.076 0.2500000000
93321  16.027  27.605  87.105 0.1250000000
93323  0.140  26.987  87.398 0.3750000000
93326  16.180  27.214  85.875 0.1250000000
93328  13.109  28.217  85.410 0.1250000000
93333  12.723  28.079  84.764 0.1250000000
93345  12.434  26.929  83.783 0.1250000000
93352  11.966  27.373  83.230 0.1250000000
93362  1.259  27.395  81.614 0.1250000000
93364  -5.332  27.230  82.291 0.5000000000
93375  8.960  27.638  79.949 0.1250000000
93387  8.336  27.336  79.315 0.1250000000
93389  2.268  27.619  79.592 0.1250000000
93400  4.148  27.172  77.888 0.1250000000
93413  6.165  27.671  77.889 0.1250000000
93414  5.509  27.693  77.712 0.1250000000
93415  4.744  27.788  77.690 0.1250000000
93491  -4.805  27.297  72.659 0.1250000000
93500  -4.999  28.118  72.365 0.1250000000
93511  -4.557  27.422  71.555 0.1250000000
94042  -3.013  27.626  90.521 0.5000000000
94046  -2.242  27.830  89.759 0.5000000000
94058  13.704  28.864  86.361 0.1250000000
94069  12.462  28.905  84.816 0.1250000000
94102  9.302  29.146  81.013 0.1250000000
94113  8.773  28.948  80.414 0.1250000000
94138  3.969  28.065  77.838 0.1250000000
94140  2.602  28.869  78.715 0.1250000000
94155  4.640  28.570  77.683 0.1250000000
94194  -4.722  28.140  72.614 0.1250000000
94212  -5.246  28.723  71.824 0.1250000000
94731  -4.021  28.208  90.117 0.5000000000
94766  -0.275  29.213  83.725 0.1250000000
94773  10.648  30.331  83.048 0.1250000000
94776  0.455  29.437  82.657 0.2500000000
94808  7.685  29.455  79.492 0.1250000000
94822  3.239  29.507  78.184 0.1250000000
94835  5.343  29.839  77.599 0.1250000000
94839  0.400  29.092  75.881 0.2500000000
94868  -5.172  29.517  72.086 0.1250000000
95362  -3.550  30.121  88.654 0.5000000000
95368  -6.109  30.016  87.498 0.5000000000
95379  -0.587  31.099  85.663 0.2500000000
95400  10.101  31.013  83.075 0.1250000000
95410  9.501  31.518  82.320 0.1250000000
95411  1.044  30.619  82.081 0.2500000000
95421  1.556  30.858  80.585 0.1250000000
95429  8.091  30.704  80.023 0.1250000000
95431  1.846  30.592  79.757 0.1250000000
95437  6.688  29.892  78.174 0.1250000000
95440  2.286  30.353  79.136 0.1250000000
95998  1.409  31.302  81.545 0.1250000000
96002  8.261  31.133  79.318 0.1250000000
96017  8.352  31.722  77.793 0.1250000000
96027  7.291  31.852  76.695 0.1250000000
96032  0.588  31.649  75.410 0.2500000000
96035  1.269  31.727  73.872 0.2500000000
96054  1.185  31.739  72.317 0.1250000000
96067  0.736  31.930  71.661 0.1250000000
96072  -4.570  31.487  71.017 0.1250000000
96090  -3.517  31.414  69.532 0.1250000000
96542  0.186  32.902  85.987 0.2500000000
96543  -5.608  32.240  85.069 0.5000000000
96579  -5.662  32.050  80.847 0.3750000000
96585  2.993  32.473  78.934 0.1250000000
96593  4.177  32.378  77.791 0.1250000000
96599  9.442  32.938  77.791 0.1250000000
96602  5.403  31.953  77.070 0.1250000000
96603  4.731  32.148  77.469 0.1250000000
96612  8.611  32.629  76.514 0.1250000000
96613  7.834  32.376  76.280 0.1250000000
96614  7.091  32.265  76.066 0.1250000000
96615  5.734  32.487  76.404 0.1250000000
96623  7.601  32.793  75.660 0.1250000000
97101  1.186  33.983  84.764 0.1250000000
97139  1.794  33.621  82.226 0.1250000000
97155  9.694  33.639  79.425 0.1250000000
97156  2.949  33.315  79.033 0.1250000000
97173  4.360  33.424  77.247 0.1250000000
97182  8.876  33.320  76.051 0.1250000000
97184  4.723  33.848  75.899 0.1250000000
97193  0.559  33.422  75.003 0.2500000000
97197  7.350  34.075  74.565 0.1250000000
97198  6.728  33.799  74.581 0.1250000000
97199  1.426  33.422  73.665 0.2500000000
97238  0.101  33.158  71.011 0.1250000000
97653  1.204  34.387  84.214 0.1250000000
97665  1.283  34.620  83.809 0.1250000000
97682  1.804  34.377  82.337 0.1250000000
97686  9.660  34.636  80.945 0.1250000000
97698  9.717  34.666  79.096 0.1250000000
97704  9.616  34.396  78.088 0.1250000000
97706  2.768  35.151  77.994 0.1250000000
97716  8.799  34.161  75.574 0.1250000000
97717  8.072  34.067  74.853 0.1250000000
97718  4.547  34.337  75.113 0.1250000000
97719  3.884  34.851  75.805 0.1250000000
97720  0.211  35.073  74.918 0.1250000000
97727  6.710  34.499  74.272 0.1250000000
97728  5.993  33.936  74.474 0.1250000000
97729  4.689  34.871  74.464 0.1250000000
98163  0.417  35.551  83.355 0.2500000000
98173  9.863  35.818  82.428 0.1250000000
98196  2.034  35.447  79.504 0.1250000000
98224  7.100  35.306  74.188 0.1250000000
98226  5.324  35.235  74.022 0.1250000000
98237  5.895  36.109  73.766 0.1250000000
98239  1.547  35.497  72.846 0.1250000000
98250  1.623  35.466  71.901 0.1250000000
98261  1.371  35.559  71.186 0.1250000000
98679  0.268  36.527  82.666 0.2500000000
98722  1.431  37.145  78.266 0.1250000000
98723  -4.726  36.927  77.984 0.1250000000
98727  2.749  36.592  76.447 0.1250000000
98744  3.706  36.749  74.520 0.1250000000
98752  0.932  36.189  73.879 0.1250000000
98759  1.461  36.363  73.120 0.1250000000
99255  -4.823  37.478  78.370 0.2500000000
99277  3.325  37.950  75.020 0.1250000000
99832  -5.172  39.128  80.497 0.2500000000
99843  0.927  39.023  78.397 0.1250000000
99856  -4.615  38.016  78.346 0.2500000000
99873  2.955  38.336  75.740 0.1250000000
99911  1.144  38.318  70.685 0.1250000000
100493  -3.314  40.115  82.177 0.2500000000
100520  0.392  39.852  79.012 0.2500000000
100575  0.581  40.031  72.607 0.1250000000
100580  1.188  39.190  71.923 0.1250000000
100593  -0.576  39.449  69.239 0.1250000000
101132  -4.272  40.723  81.779 0.2500000000
101752  -1.586  42.289  82.358 0.2500000000
101770  0.405  41.430  80.002 0.1250000000
101852  -0.148  41.296  71.556 0.1250000000
102325  -0.303  43.665  82.462 0.1250000000
102328  -3.067  42.666  82.243 0.2500000000
102339  -4.261  42.071  81.419 0.2500000000
102385  -2.209  42.729  74.947 0.1250000000
102417  -2.068  42.970  72.863 0.1250000000
102418  -2.175  43.055  73.435 0.1250000000
102963  -3.803  43.391  80.765 0.2500000000
102993  -2.960  43.710  77.285 0.1250000000
103524  -1.624  44.122  82.336 0.1250000000
103535  -3.258  44.150  80.559 0.2500000000
103536  -3.538  43.966  79.763 0.2500000000
103557  -3.393  44.058  79.115 0.2500000000
103565  -3.280  44.039  78.495 0.2500000000
103582  -1.089  44.320  75.069 0.1250000000
103644  -1.748  43.717  70.501 0.1250000000
104239  0.203  46.072  68.594 0.1250000000
104745  2.225  46.434  73.856 0.1250000000
104807  -3.487  46.379  65.101 0.1250000000
104819  -3.434  47.028  65.135 0.1250000000
105258  2.187  48.130  75.719 0.1250000000
105274  2.259  47.168  74.283 0.1250000000
120470  14.790  28.322  86.924 0.1250000000
120531  5.654  25.538  89.375 0.3750000000
120749  6.471  26.683  88.353 0.2500000000
120913  20.040  -10.450  91.605 0.2500000000
121027  18.206  12.904  73.127 0.2500000000
121405  28.202  8.297  66.196 0.1250000000
121553  18.693  -10.464  91.351 0.1250000000
121577  9.839  28.384  81.134 0.1250000000
121917  11.886  23.824  83.285 0.1250000000
121989  12.268  -1.218  93.251 1.0000000000
121998  21.847  -10.371  89.572 0.2500000000
122206  13.003  24.970  84.727 0.1250000000
122252  4.512  26.359  86.269 0.2500000000
122286  13.120  21.999  86.323 0.1250000000
122335  -6.544  -14.750  98.802 0.3750000000
122646  10.606  -3.765  96.819 1.0000000000
122701  9.927  8.535  92.531 0.2500000000
122869  -4.963  22.094  91.875 0.7500000000
122974  4.457  32.798  77.485 0.1250000000
123038  -5.733  3.085  76.283 0.6250000000
123449  18.699  -10.815  85.754 0.1250000000
123507  -5.451  27.160  85.089 0.5000000000
123524  -3.813  42.449  79.123 0.2500000000
123541  -1.550  9.833  77.688 0.7500000000
123602  15.004  28.935  86.702 0.1250000000
123694  22.591  -10.380  86.558 0.1250000000
123720  11.671  -0.039  90.838 1.0000000000
123755  8.123  24.023  88.414 0.3750000000
123781  21.429  -10.435  89.166 0.2500000000
123914  6.416  32.349  76.130 0.1250000000
123967  39.160  9.660  76.153 1.0000000000
124057  14.593  8.271  92.490 0.1250000000
124184  -1.992  42.945  72.020 0.1250000000
124465  -6.512  16.013  87.437 0.8750000000
124518  29.960  8.354  66.799 0.1250000000
124861  -1.285  11.588  77.187 0.7500000000
124889  14.414  5.924  84.731 0.2500000000
125485  14.008  7.797  71.583 0.3750000000
125668  21.955  3.217  84.080 1.0000000000
125728  -2.614  41.182  82.325 0.2500000000
125810  1.732  32.195  81.398 0.1250000000
125835  32.814  8.582  78.040 0.7500000000
125853  -5.231  33.822  78.917 0.1250000000
125917  4.900  -4.643  86.514 0.8750000000
126281  -5.076  29.919  71.568 0.1250000000
126604  11.336  -2.817  96.034 1.0000000000
126659  21.036  10.929  72.488 0.3750000000
126711  -1.513  -0.690  86.110 0.8750000000
126838  41.612  10.949  73.421 0.8750000000
126847  2.907  -5.397  94.340 0.8750000000
126901  7.455  29.988  79.238 0.1250000000
126954  14.550  -9.021  92.968 0.3750000000
127004  8.811  35.128  75.853 0.1250000000
127266  0.083  15.883  89.579 0.6250000000
127316  -8.011  -7.902  89.409 0.6250000000
127334  1.475  34.837  83.250 0.1250000000
127441  28.923  6.536  84.813 1.0000000000
127608  0.730  30.024  82.415 0.2500000000
127698  2.349  34.694  79.687 0.1250000000
127876  10.592  20.474  88.641 0.1250000000
127911  5.514  -4.148  96.148 0.8750000000
128202  18.609  -9.931  93.638 0.5000000000
128209  -3.601  25.904  91.530 0.6250000000
128295  2.053  19.655  84.284 0.6250000000
128328  -6.622  -1.380  82.469 0.8750000000
128475  -4.621  21.992  72.642 0.2500000000
128816  23.920  -8.663  86.510 0.1250000000
128972  12.105  -0.032  73.852 0.7500000000
129052  47.847  20.385  59.589 0.1250000000
129189  -5.118  25.211  73.380 0.1250000000
129336  12.465  -4.621  81.966 1.0000000000
129362  16.953  6.797  71.530 0.5000000000
129524  6.516  19.870  88.378 0.6250000000
129661  -1.490  -4.611  94.671 0.8750000000
129932  -4.918  25.889  83.761 0.5000000000
129973  22.067  5.415  77.237 0.8750000000
130144  -4.991  -12.017  98.547 0.6250000000
130186  6.325  16.114  83.286 0.6250000000
130291  -4.896  40.447  80.891 0.2500000000
130340  2.156  6.007  93.433 1.0000000000
130413  -5.719  10.994  82.661 0.8750000000
130474  21.062  6.075  70.630 0.6250000000
130582  4.722  -9.477  99.383 0.6250000000
130619  9.841  21.241  88.719 0.1250000000
130847  1.921  15.355  75.053 0.3750000000
131027  -4.915  13.654  91.618 0.8750000000
131231  5.639  26.245  86.523 0.2500000000
131290  -7.347  -11.935  96.334 0.5000000000
131416  16.212  26.915  87.112 0.1250000000
131971  16.330  -4.958  95.898 0.8750000000
132065  2.560  6.369  88.873 1.0000000000
132235  -5.854  13.069  82.048 0.8750000000
132259  5.940  20.104  86.326 0.6250000000
132376  -5.786  -12.032  98.737 0.3750000000
132409  -2.723  42.960  76.397 0.1250000000
132556  0.053  16.274  87.092 0.6250000000
132580  7.363  24.961  89.879 0.3750000000
132627  3.258  -10.056  98.798 0.5000000000
132672  45.870  19.669  63.795 0.2500000000
132767  -6.330  21.240  91.865 0.7500000000
132853  -4.062  23.537  91.532 0.7500000000
133077  -4.629  1.207  76.315 0.8750000000
133190  13.013  -6.330  96.599 0.7500000000
133213  9.629  35.309  80.245 0.1250000000
133259  15.085  7.026  71.410 0.5000000000
133384  13.508  -5.027  96.592 0.8750000000
133442  -3.050  47.989  64.673 0.1250000000
133489  14.392  -2.892  94.881 1.0000000000
133496  41.046  10.528  73.739 1.0000000000
133600  12.545  7.145  94.032 0.2500000000
133647  9.727  35.433  82.201 0.1250000000
133739  1.064  36.690  79.837 0.1250000000
133744  -1.525  5.952  80.109 0.8750000000
133879  0.722  29.982  74.821 0.2500000000
133917  -3.636  41.547  82.158 0.2500000000
133959  0.435  -3.635  85.073 0.8750000000
133977  1.102  49.115  74.834 0.1250000000
134034  6.993  20.065  90.954 0.5000000000
134253  0.861  38.287  78.646 0.1250000000
134305  21.099  -10.574  85.333 0.1250000000
134408  -4.628  1.820  73.152 0.3750000000
134455  15.872  -7.302  96.135 0.7500000000
134649  8.078  24.023  80.125 0.1250000000
134825  12.366  27.741  83.977 0.1250000000
134842  -8.486  7.013  86.384 0.8750000000
135007  7.835  22.221  91.323 0.3750000000
135049  2.627  -6.263  95.376 0.8750000000
135144  1.033  39.416  71.180 0.1250000000
135288  -4.375  4.290  84.659 0.8750000000
135311  -8.438  2.006  94.675 0.8750000000
135857  9.258  0.382  88.216 1.0000000000
136059  -1.893  43.760  74.132 0.1250000000
136882  4.100  25.090  83.815 0.1250000000
136913  9.616  13.173  90.198 0.3750000000
137022  -2.133  18.277  88.214 0.6250000000
137152  7.216  -4.580  97.959 0.8750000000
137215  -7.755  -7.276  91.062 0.7500000000
137227  26.946  5.540  87.526 1.0000000000
137314  -5.087  28.357  89.324 0.5000000000
137371  13.758  -6.160  96.590 0.8750000000
137405  -4.665  12.087  73.967 0.6250000000
137524  -6.129  28.676  86.488 0.5000000000
137532  -5.680  21.438  92.087 0.7500000000
137592  11.775  7.753  88.270 0.2500000000
137679  13.680  22.539  86.715 0.1250000000
137792  -1.994  -1.879  92.385 0.8750000000
137795  2.682  14.042  88.743 0.6250000000
137818  5.540  24.907  84.272 0.2500000000
137925  8.051  29.804  80.153 0.1250000000
137943  -5.372  9.205  94.208 0.8750000000
137997  3.741  33.934  77.656 0.1250000000
138030  1.604  35.858  80.107 0.1250000000
138155  0.565  3.181  85.638 0.8750000000
138189  9.623  36.682  81.422 0.1250000000
138273  -5.212  26.109  90.665 0.6250000000
138293  3.369  37.206  75.001 0.1250000000
138391  -4.964  16.744  83.815 0.7500000000
138665  6.871  25.075  86.221 0.3750000000
138748  8.433  30.903  80.718 0.1250000000
139004  4.025  29.688  77.801 0.1250000000
139046  -7.781  -7.240  88.302 0.6250000000
139246  -3.356  2.263  88.569 0.8750000000
139385  -6.443  17.637  85.563 0.8750000000
139556  19.734  -10.704  88.445 0.1250000000
139619  28.201  6.185  86.307 1.0000000000
139791  -4.934  16.324  83.574 0.8750000000
139806  16.615  -7.351  95.766 0.7500000000
139820  -5.634  -6.110  74.886 0.1250000000
139896  9.922  20.923  87.287 0.1250000000
139911  -5.224  24.237  74.124 0.2500000000
140032  -7.247  -6.490  86.134 0.7500000000
140113  -0.957  14.381  93.578 0.8750000000
140116  -5.144  1.954  94.624 0.8750000000
140129  -4.386  13.109  72.708 0.5000000000
140162  -4.021  41.840  81.922 0.2500000000
140164  48.917  10.642  63.327 0.8750000000
140201  14.323  28.851  86.613 0.1250000000
140265  6.593  -3.016  95.981 0.8750000000
140406  -7.852  -4.462  81.050 0.8750000000
140443  14.887  -7.804  95.842 0.5000000000
140451  27.278  8.853  66.914 0.1250000000
140493  7.695  -6.024  98.906 0.7500000000
140656  1.967  27.378  80.318 0.1250000000
140689  -4.614  26.237  81.006 0.5000000000
140753  7.289  16.138  92.600 0.2500000000
140835  5.061  19.111  83.670 0.6250000000
140884  -7.682  -2.286  82.329 1.0000000000
140916  2.643  36.013  77.003 0.1250000000
140985  46.475  12.042  67.073 0.8750000000
141118  -7.757  -9.555  90.773 0.6250000000
141133  1.053  -5.408  85.542 0.8750000000
141140  -7.104  -7.211  77.553 0.3750000000
141282  -7.000  10.573  83.896 0.8750000000
141325  5.181  20.374  84.781 0.6250000000
141370  17.522  10.606  70.732 0.2500000000
141385  -4.117  0.872  83.162 0.8750000000
141436  -6.674  -4.097  74.674 0.6250000000
141471  14.057  -4.847  96.431 0.8750000000
141542  14.490  -9.216  92.365 0.2500000000
141559  2.177  29.174  79.311 0.1250000000
141595  37.481  8.743  77.088 0.8750000000
141731  9.890  25.826  80.672 0.1250000000
141767  -6.046  20.007  92.115 0.7500000000
141882  -7.342  -5.673  80.056 0.7500000000
141966  -4.690  28.680  72.543 0.1250000000
142038  8.552  12.038  94.263 0.2500000000
142068  -7.337  -2.247  80.885 0.8750000000
142180  -3.268  16.152  71.553 0.3750000000
142299  -6.011  15.921  91.262 0.8750000000
142446  46.461  19.459  63.828 0.2500000000
142470  -6.077  25.339  88.820 0.6250000000
142476  13.541  6.570  92.090 0.1250000000
142652  6.600  -13.790  91.728 0.1250000000
142666  18.317  -9.768  94.026 0.6250000000
142704  1.963  27.115  89.297 0.3750000000
142729  -7.260  9.396  93.101 0.8750000000
142794  -0.357  -1.744  72.807 0.1250000000
142853  13.244  -2.182  94.369 1.0000000000
142907  -8.663  5.440  91.118 0.8750000000
142909  -0.990  17.954  73.317 0.3750000000
142943  26.627  8.558  65.060 0.1250000000
142958  6.248  9.676  84.920 0.5000000000
143098  0.425  13.728  77.165 0.6250000000
143172  -4.108  20.649  72.048 0.2500000000
143206  29.527  15.286  72.690 0.1250000000
143221  30.971  8.483  67.072 0.1250000000
143231  1.063  33.416  85.005 0.2500000000
143232  12.693  -8.818  87.600 0.1250000000
143260  0.329  19.132  85.322 0.6250000000
143269  -4.497  33.137  81.114 0.2500000000
143308  36.656  7.770  78.206 0.8750000000
143359  48.532  10.208  62.402 0.8750000000
143365  33.881  3.708  78.773 0.3750000000
143379  -3.600  -11.896  87.082 0.1250000000
143437  6.949  -11.401  95.718 0.1250000000
143492  24.269  -3.033  90.969 0.8750000000
143632  1.232  34.947  70.961 0.1250000000
143738  9.050  34.557  76.085 0.1250000000
143805  34.666  9.301  67.799 0.2500000000
143896  48.998  11.146  63.654 0.8750000000
143924  44.424  13.930  59.666 0.2500000000
144003  -0.818  26.283  90.717 0.5000000000
144077  15.090  -3.703  91.271 1.0000000000
144399  7.865  26.682  78.795 0.1250000000
144495  -4.767  13.590  92.867 0.8750000000
144538  22.326  3.004  86.740 1.0000000000
144564  38.032  9.415  62.115 0.1250000000
144584  -3.144  1.471  76.885 0.8750000000
144605  -1.447  12.316  89.912 0.7500000000
144697  -3.685  42.832  78.884 0.2500000000
144698  14.140  -2.661  94.453 1.0000000000
144717  -5.621  -7.548  97.017 0.7500000000
144753  2.020  45.798  73.527 0.1250000000
144760  36.563  8.119  78.325 0.8750000000
144885  -5.876  8.979  82.994 0.8750000000
144938  -2.241  28.675  88.096 0.5000000000
144955  18.931  8.774  70.247 0.5000000000
144981  6.444  23.882  83.540 0.1250000000
145116  11.326  -6.228  96.572 0.7500000000
145219  6.666  20.110  90.163 0.5000000000
145439  0.367  19.263  82.570 0.6250000000
145620  0.629  16.485  73.429 0.3750000000
145643  -0.482  16.294  89.500 0.6250000000
