
Fri Mar 13 07:05:33 CET 2026
cd /out/sourcedata/freesurfer/sub-v2s4x29615_ses-1
setenv SUBJECTS_DIR /out/sourcedata/freesurfer
/opt/freesurfer/bin/recon-all -autorecon-hemi rh -noparcstats -noparcstats2 -noparcstats3 -nohyporelabel -nobalabels -rh-only -openmp 16 -subjid sub-v2s4x29615_ses-1 -sd /out/sourcedata/freesurfer

subjid sub-v2s4x29615_ses-1
setenv SUBJECTS_DIR /out/sourcedata/freesurfer
FREESURFER_HOME /opt/freesurfer
Actual FREESURFER_HOME /opt/freesurfer
build-stamp.txt: freesurfer-linux-ubuntu22_x86_64-7.3.2-20220804-6354275
Linux dna082 5.14.0-427.37.1.el9_4.x86_64 #1 SMP PREEMPT_DYNAMIC Fri Sep 13 12:41:50 EDT 2024 x86_64 x86_64 x86_64 GNU/Linux
cputime      unlimited
filesize     unlimited
datasize     unlimited
stacksize    8192 kbytes
coredumpsize 0 kbytes
memoryuse    67108864 kbytes
vmemoryuse   unlimited
descriptors  1024 
memorylocked unlimited
maxproc      2061970 
maxlocks     unlimited
maxsignal    2062029 
maxmessage   819200 
maxnice      0 
maxrtprio    0 
maxrttime    unlimited

               total        used        free      shared  buff/cache   available
Mem:           503Gi        55Gi       345Gi       8.8Gi       102Gi       436Gi
Swap:             0B          0B          0B

########################################
program versions used
7.3.2 (freesurfer-linux-ubuntu22_x86_64-7.3.2-20220804-6354275)
7.3.2

ProgramName: lta_convert  ProgramArguments: lta_convert -all-info  ProgramVersion: 7.3.2  TimeStamp: 2026/03/13-06:05:33-GMT  BuildTime: Aug  4 2022 06:17:15  BuildStamp: freesurfer-linux-ubuntu22_x86_64-7.3.2-20220804-6354275  User: oesteban  Machine: dna082  Platform: Linux  PlatformVersion: 5.14.0-427.37.1.el9_4.x86_64  CompilerName: GCC  CompilerVersion: 8.4.0
ProgramName: mri_and  ProgramArguments: mri_and -all-info  ProgramVersion: 7.3.2  TimeStamp: 2026/03/13-06:05:33-GMT  BuildTime: Aug  4 2022 06:17:15  BuildStamp: freesurfer-linux-ubuntu22_x86_64-7.3.2-20220804-6354275  User: oesteban  Machine: dna082  Platform: Linux  PlatformVersion: 5.14.0-427.37.1.el9_4.x86_64  CompilerName: GCC  CompilerVersion: 8.4.0
ProgramName: mri_annotation2label  ProgramArguments: mri_annotation2label -all-info  ProgramVersion: 7.3.2  TimeStamp: 2026/03/13-06:05:33-GMT  BuildTime: Aug  4 2022 06:17:15  BuildStamp: freesurfer-linux-ubuntu22_x86_64-7.3.2-20220804-6354275  User: oesteban  Machine: dna082  Platform: Linux  PlatformVersion: 5.14.0-427.37.1.el9_4.x86_64  CompilerName: GCC  CompilerVersion: 8.4.0
ProgramName: mri_aparc2aseg  ProgramArguments: mri_aparc2aseg -all-info  ProgramVersion: 7.3.2  TimeStamp: 2026/03/13-06:05:33-GMT  BuildTime: Aug  4 2022 06:17:15  BuildStamp: freesurfer-linux-ubuntu22_x86_64-7.3.2-20220804-6354275  User: oesteban  Machine: dna082  Platform: Linux  PlatformVersion: 5.14.0-427.37.1.el9_4.x86_64  CompilerName: GCC  CompilerVersion: 8.4.0
ProgramName: mri_surf2volseg  ProgramArguments: mri_surf2volseg -all-info  ProgramVersion: 7.3.2  TimeStamp: 2026/03/13-06:05:33-GMT  BuildTime: Aug  4 2022 06:17:15  BuildStamp: freesurfer-linux-ubuntu22_x86_64-7.3.2-20220804-6354275  User: oesteban  Machine: dna082  Platform: Linux  PlatformVersion: 5.14.0-427.37.1.el9_4.x86_64  CompilerName: GCC  CompilerVersion: 8.4.0
ProgramName: mri_binarize  ProgramArguments: mri_binarize -all-info  ProgramVersion: 7.3.2  TimeStamp: 2026/03/13-06:05:33-GMT  BuildTime: Aug  4 2022 06:17:15  BuildStamp: freesurfer-linux-ubuntu22_x86_64-7.3.2-20220804-6354275  User: oesteban  Machine: dna082  Platform: Linux  PlatformVersion: 5.14.0-427.37.1.el9_4.x86_64  CompilerName: GCC  CompilerVersion: 8.4.0
ProgramName: mri_ca_label  ProgramArguments: mri_ca_label -all-info  ProgramVersion: 7.3.2  TimeStamp: 2026/03/13-06:05:33-GMT  BuildTime: Aug  4 2022 06:17:15  BuildStamp: freesurfer-linux-ubuntu22_x86_64-7.3.2-20220804-6354275  User: oesteban  Machine: dna082  Platform: Linux  PlatformVersion: 5.14.0-427.37.1.el9_4.x86_64  CompilerName: GCC  CompilerVersion: 8.4.0
ProgramName: mri_ca_normalize  ProgramArguments: mri_ca_normalize -all-info  ProgramVersion: 7.3.2  TimeStamp: 2026/03/13-06:05:33-GMT  BuildTime: Aug  4 2022 06:17:15  BuildStamp: freesurfer-linux-ubuntu22_x86_64-7.3.2-20220804-6354275  User: oesteban  Machine: dna082  Platform: Linux  PlatformVersion: 5.14.0-427.37.1.el9_4.x86_64  CompilerName: GCC  CompilerVersion: 8.4.0
ProgramName: mri_ca_register  ProgramArguments: mri_ca_register -all-info  ProgramVersion: 7.3.2  TimeStamp: 2026/03/13-06:05:33-GMT  BuildTime: Aug  4 2022 06:17:15  BuildStamp: freesurfer-linux-ubuntu22_x86_64-7.3.2-20220804-6354275  User: oesteban  Machine: dna082  Platform: Linux  PlatformVersion: 5.14.0-427.37.1.el9_4.x86_64  CompilerName: GCC  CompilerVersion: 8.4.0
ProgramName: mri_cc  ProgramArguments: mri_cc -all-info  ProgramVersion: 7.3.2  TimeStamp: 2026/03/13-06:05:33-GMT  BuildTime: Aug  4 2022 06:17:15  BuildStamp: freesurfer-linux-ubuntu22_x86_64-7.3.2-20220804-6354275  User: oesteban  Machine: dna082  Platform: Linux  PlatformVersion: 5.14.0-427.37.1.el9_4.x86_64  CompilerName: GCC  CompilerVersion: 8.4.0
ProgramName: mri_compute_overlap  ProgramArguments: mri_compute_overlap -all-info  ProgramVersion: 7.3.2  TimeStamp: 2026/03/13-06:05:33-GMT  BuildTime: Aug  4 2022 06:17:15  BuildStamp: freesurfer-linux-ubuntu22_x86_64-7.3.2-20220804-6354275  User: oesteban  Machine: dna082  Platform: Linux  PlatformVersion: 5.14.0-427.37.1.el9_4.x86_64  CompilerName: GCC  CompilerVersion: 8.4.0
ProgramName: mri_compute_seg_overlap  ProgramArguments: mri_compute_seg_overlap -all-info  ProgramVersion: 7.3.2  TimeStamp: 2026/03/13-06:05:33-GMT  BuildTime: Aug  4 2022 06:17:15  BuildStamp: freesurfer-linux-ubuntu22_x86_64-7.3.2-20220804-6354275  User: oesteban  Machine: dna082  Platform: Linux  PlatformVersion: 5.14.0-427.37.1.el9_4.x86_64  CompilerName: GCC  CompilerVersion: 8.4.0
ProgramName: mri_concat  ProgramArguments: mri_concat -all-info  ProgramVersion: 7.3.2  TimeStamp: 2026/03/13-06:05:33-GMT  BuildTime: Aug  4 2022 06:17:15  BuildStamp: freesurfer-linux-ubuntu22_x86_64-7.3.2-20220804-6354275  User: oesteban  Machine: dna082  Platform: Linux  PlatformVersion: 5.14.0-427.37.1.el9_4.x86_64  CompilerName: GCC  CompilerVersion: 8.4.0
ProgramName: mri_concatenate_lta  ProgramArguments: mri_concatenate_lta -all-info  ProgramVersion: 7.3.2  TimeStamp: 2026/03/13-06:05:33-GMT  BuildTime: Aug  4 2022 06:17:15  BuildStamp: freesurfer-linux-ubuntu22_x86_64-7.3.2-20220804-6354275  User: oesteban  Machine: dna082  Platform: Linux  PlatformVersion: 5.14.0-427.37.1.el9_4.x86_64  CompilerName: GCC  CompilerVersion: 8.4.0
mri_convert -all-info 
ProgramName: mri_convert  ProgramArguments: mri_convert -all-info  ProgramVersion: 7.3.2  TimeStamp: 2026/03/13-06:05:33-GMT  BuildTime: Aug  4 2022 06:17:15  BuildStamp: freesurfer-linux-ubuntu22_x86_64-7.3.2-20220804-6354275  User: oesteban  Machine: dna082  Platform: Linux  PlatformVersion: 5.14.0-427.37.1.el9_4.x86_64  CompilerName: GCC  CompilerVersion: 8.4.0
ProgramName: mri_diff  ProgramArguments: mri_diff -all-info  ProgramVersion: 7.3.2  TimeStamp: 2026/03/13-06:05:33-GMT  BuildTime: Aug  4 2022 06:17:15  BuildStamp: freesurfer-linux-ubuntu22_x86_64-7.3.2-20220804-6354275  User: oesteban  Machine: dna082  Platform: Linux  PlatformVersion: 5.14.0-427.37.1.el9_4.x86_64  CompilerName: GCC  CompilerVersion: 8.4.0
ProgramName: mri_edit_wm_with_aseg  ProgramArguments: mri_edit_wm_with_aseg -all-info  ProgramVersion: 7.3.2  TimeStamp: 2026/03/13-06:05:33-GMT  BuildTime: Aug  4 2022 06:17:15  BuildStamp: freesurfer-linux-ubuntu22_x86_64-7.3.2-20220804-6354275  User: oesteban  Machine: dna082  Platform: Linux  PlatformVersion: 5.14.0-427.37.1.el9_4.x86_64  CompilerName: GCC  CompilerVersion: 8.4.0
ProgramName: mri_em_register  ProgramArguments: mri_em_register -all-info  ProgramVersion: 7.3.2  TimeStamp: 2026/03/13-06:05:33-GMT  BuildTime: Aug  4 2022 06:17:15  BuildStamp: freesurfer-linux-ubuntu22_x86_64-7.3.2-20220804-6354275  User: oesteban  Machine: dna082  Platform: Linux  PlatformVersion: 5.14.0-427.37.1.el9_4.x86_64  CompilerName: GCC  CompilerVersion: 8.4.0
ProgramName: mri_fill  ProgramArguments: mri_fill -all-info  ProgramVersion: 7.3.2  TimeStamp: 2026/03/13-06:05:33-GMT  BuildTime: Aug  4 2022 06:17:15  BuildStamp: freesurfer-linux-ubuntu22_x86_64-7.3.2-20220804-6354275  User: oesteban  Machine: dna082  Platform: Linux  PlatformVersion: 5.14.0-427.37.1.el9_4.x86_64  CompilerName: GCC  CompilerVersion: 8.4.0
ProgramName: mri_fuse_segmentations  ProgramArguments: mri_fuse_segmentations -all-info  ProgramVersion: 7.3.2  TimeStamp: 2026/03/13-06:05:33-GMT  BuildTime: Aug  4 2022 06:17:15  BuildStamp: freesurfer-linux-ubuntu22_x86_64-7.3.2-20220804-6354275  User: oesteban  Machine: dna082  Platform: Linux  PlatformVersion: 5.14.0-427.37.1.el9_4.x86_64  CompilerName: GCC  CompilerVersion: 8.4.0
ProgramName: mri_fwhm  ProgramArguments: mri_fwhm -all-info  ProgramVersion: 7.3.2  TimeStamp: 2026/03/13-06:05:33-GMT  BuildTime: Aug  4 2022 06:17:15  BuildStamp: freesurfer-linux-ubuntu22_x86_64-7.3.2-20220804-6354275  User: oesteban  Machine: dna082  Platform: Linux  PlatformVersion: 5.14.0-427.37.1.el9_4.x86_64  CompilerName: GCC  CompilerVersion: 8.4.0
ProgramName: mri_gcut  ProgramArguments: mri_gcut -all-info  ProgramVersion: 7.3.2  TimeStamp: 2026/03/13-06:05:33-GMT  BuildTime: Aug  4 2022 06:17:15  BuildStamp: freesurfer-linux-ubuntu22_x86_64-7.3.2-20220804-6354275  User: oesteban  Machine: dna082  Platform: Linux  PlatformVersion: 5.14.0-427.37.1.el9_4.x86_64  CompilerName: GCC  CompilerVersion: 8.4.0
ProgramName: mri_info  ProgramArguments: mri_info -all-info  ProgramVersion: 7.3.2  TimeStamp: 2026/03/13-06:05:33-GMT  BuildTime: Aug  4 2022 06:17:15  BuildStamp: freesurfer-linux-ubuntu22_x86_64-7.3.2-20220804-6354275  User: oesteban  Machine: dna082  Platform: Linux  PlatformVersion: 5.14.0-427.37.1.el9_4.x86_64  CompilerName: GCC  CompilerVersion: 8.4.0
ProgramName: mri_label2label  ProgramArguments: mri_label2label -all-info  ProgramVersion: 7.3.2  TimeStamp: 2026/03/13-06:05:33-GMT  BuildTime: Aug  4 2022 06:17:15  BuildStamp: freesurfer-linux-ubuntu22_x86_64-7.3.2-20220804-6354275  User: oesteban  Machine: dna082  Platform: Linux  PlatformVersion: 5.14.0-427.37.1.el9_4.x86_64  CompilerName: GCC  CompilerVersion: 8.4.0
ProgramName: mri_label2vol  ProgramArguments: mri_label2vol -all-info  ProgramVersion: 7.3.2  TimeStamp: 2026/03/13-06:05:33-GMT  BuildTime: Aug  4 2022 06:17:15  BuildStamp: freesurfer-linux-ubuntu22_x86_64-7.3.2-20220804-6354275  User: oesteban  Machine: dna082  Platform: Linux  PlatformVersion: 5.14.0-427.37.1.el9_4.x86_64  CompilerName: GCC  CompilerVersion: 8.4.0
ProgramName: mri_log_likelihood  ProgramArguments: mri_log_likelihood -all-info  ProgramVersion: 7.3.2  TimeStamp: 2026/03/13-06:05:33-GMT  BuildTime: Aug  4 2022 06:17:15  BuildStamp: freesurfer-linux-ubuntu22_x86_64-7.3.2-20220804-6354275  User: oesteban  Machine: dna082  Platform: Linux  PlatformVersion: 5.14.0-427.37.1.el9_4.x86_64  CompilerName: GCC  CompilerVersion: 8.4.0
ProgramName: mri_mask  ProgramArguments: mri_mask -all-info  ProgramVersion: 7.3.2  TimeStamp: 2026/03/13-06:05:33-GMT  BuildTime: Aug  4 2022 06:17:15  BuildStamp: freesurfer-linux-ubuntu22_x86_64-7.3.2-20220804-6354275  User: oesteban  Machine: dna082  Platform: Linux  PlatformVersion: 5.14.0-427.37.1.el9_4.x86_64  CompilerName: GCC  CompilerVersion: 8.4.0
ProgramName: mri_matrix_multiply  ProgramArguments: mri_matrix_multiply -all-info  ProgramVersion: 7.3.2  TimeStamp: 2026/03/13-06:05:33-GMT  BuildTime: Aug  4 2022 06:17:15  BuildStamp: freesurfer-linux-ubuntu22_x86_64-7.3.2-20220804-6354275  User: oesteban  Machine: dna082  Platform: Linux  PlatformVersion: 5.14.0-427.37.1.el9_4.x86_64  CompilerName: GCC  CompilerVersion: 8.4.0
ProgramName: mri_normalize  ProgramArguments: mri_normalize -all-info  ProgramVersion: 7.3.2  TimeStamp: 2026/03/13-06:05:33-GMT  BuildTime: Aug  4 2022 06:17:15  BuildStamp: freesurfer-linux-ubuntu22_x86_64-7.3.2-20220804-6354275  User: oesteban  Machine: dna082  Platform: Linux  PlatformVersion: 5.14.0-427.37.1.el9_4.x86_64  CompilerName: GCC  CompilerVersion: 8.4.0
ProgramName: mri_normalize_tp2  ProgramArguments: mri_normalize_tp2 -all-info  ProgramVersion: 7.3.2  TimeStamp: 2026/03/13-06:05:33-GMT  BuildTime: Aug  4 2022 06:17:15  BuildStamp: freesurfer-linux-ubuntu22_x86_64-7.3.2-20220804-6354275  User: oesteban  Machine: dna082  Platform: Linux  PlatformVersion: 5.14.0-427.37.1.el9_4.x86_64  CompilerName: GCC  CompilerVersion: 8.4.0
ProgramName: mri_or  ProgramArguments: mri_or -all-info  ProgramVersion: 7.3.2  TimeStamp: 2026/03/13-06:05:33-GMT  BuildTime: Aug  4 2022 06:17:15  BuildStamp: freesurfer-linux-ubuntu22_x86_64-7.3.2-20220804-6354275  User: oesteban  Machine: dna082  Platform: Linux  PlatformVersion: 5.14.0-427.37.1.el9_4.x86_64  CompilerName: GCC  CompilerVersion: 8.4.0
ProgramName: mri_relabel_hypointensities  ProgramArguments: mri_relabel_hypointensities -all-info  ProgramVersion: 7.3.2  TimeStamp: 2026/03/13-06:05:33-GMT  BuildTime: Aug  4 2022 06:17:15  BuildStamp: freesurfer-linux-ubuntu22_x86_64-7.3.2-20220804-6354275  User: oesteban  Machine: dna082  Platform: Linux  PlatformVersion: 5.14.0-427.37.1.el9_4.x86_64  CompilerName: GCC  CompilerVersion: 8.4.0
ProgramName: mri_relabel_nonwm_hypos  ProgramArguments: mri_relabel_nonwm_hypos -all-info  ProgramVersion: 7.3.2  TimeStamp: 2026/03/13-06:05:33-GMT  BuildTime: Aug  4 2022 06:17:15  BuildStamp: freesurfer-linux-ubuntu22_x86_64-7.3.2-20220804-6354275  User: oesteban  Machine: dna082  Platform: Linux  PlatformVersion: 5.14.0-427.37.1.el9_4.x86_64  CompilerName: GCC  CompilerVersion: 8.4.0
ProgramName: mri_remove_neck  ProgramArguments: mri_remove_neck -all-info  ProgramVersion: 7.3.2  TimeStamp: 2026/03/13-06:05:33-GMT  BuildTime: Aug  4 2022 06:17:15  BuildStamp: freesurfer-linux-ubuntu22_x86_64-7.3.2-20220804-6354275  User: oesteban  Machine: dna082  Platform: Linux  PlatformVersion: 5.14.0-427.37.1.el9_4.x86_64  CompilerName: GCC  CompilerVersion: 8.4.0
7.3.2

ProgramName: mri_robust_register  ProgramArguments: mri_robust_register -all-info  ProgramVersion: 7.3.2  TimeStamp: 2026/03/13-06:05:33-GMT  BuildTime: Aug  4 2022 06:17:15  BuildStamp: freesurfer-linux-ubuntu22_x86_64-7.3.2-20220804-6354275  User: oesteban  Machine: dna082  Platform: Linux  PlatformVersion: 5.14.0-427.37.1.el9_4.x86_64  CompilerName: GCC  CompilerVersion: 8.4.0
7.3.2

ProgramName: mri_robust_template  ProgramArguments: mri_robust_template -all-info  ProgramVersion: 7.3.2  TimeStamp: 2026/03/13-06:05:33-GMT  BuildTime: Aug  4 2022 06:17:15  BuildStamp: freesurfer-linux-ubuntu22_x86_64-7.3.2-20220804-6354275  User: oesteban  Machine: dna082  Platform: Linux  PlatformVersion: 5.14.0-427.37.1.el9_4.x86_64  CompilerName: GCC  CompilerVersion: 8.4.0
ProgramName: mris_anatomical_stats  ProgramArguments: mris_anatomical_stats -all-info  ProgramVersion: 7.3.2  TimeStamp: 2026/03/13-06:05:33-GMT  BuildTime: Aug  4 2022 06:17:15  BuildStamp: freesurfer-linux-ubuntu22_x86_64-7.3.2-20220804-6354275  User: oesteban  Machine: dna082  Platform: Linux  PlatformVersion: 5.14.0-427.37.1.el9_4.x86_64  CompilerName: GCC  CompilerVersion: 8.4.0
ProgramName: mris_ca_label  ProgramArguments: mris_ca_label -all-info  ProgramVersion: 7.3.2  TimeStamp: 2026/03/13-06:05:33-GMT  BuildTime: Aug  4 2022 06:17:15  BuildStamp: freesurfer-linux-ubuntu22_x86_64-7.3.2-20220804-6354275  User: oesteban  Machine: dna082  Platform: Linux  PlatformVersion: 5.14.0-427.37.1.el9_4.x86_64  CompilerName: GCC  CompilerVersion: 8.4.0
ProgramName: mris_calc  ProgramArguments: mris_calc -all-info  ProgramVersion: 7.3.2  TimeStamp: 2026/03/13-06:05:33-GMT  BuildTime: Aug  4 2022 06:17:15  BuildStamp: freesurfer-linux-ubuntu22_x86_64-7.3.2-20220804-6354275  User: oesteban  Machine: dna082  Platform: Linux  PlatformVersion: 5.14.0-427.37.1.el9_4.x86_64  CompilerName: GCC  CompilerVersion: 8.4.0
ProgramName: mris_convert  ProgramArguments: mris_convert -all-info  ProgramVersion: 7.3.2  TimeStamp: 2026/03/13-06:05:33-GMT  BuildTime: Aug  4 2022 06:17:15  BuildStamp: freesurfer-linux-ubuntu22_x86_64-7.3.2-20220804-6354275  User: oesteban  Machine: dna082  Platform: Linux  PlatformVersion: 5.14.0-427.37.1.el9_4.x86_64  CompilerName: GCC  CompilerVersion: 8.4.0
ProgramName: mris_curvature  ProgramArguments: mris_curvature -all-info  ProgramVersion: 7.3.2  TimeStamp: 2026/03/13-06:05:33-GMT  BuildTime: Aug  4 2022 06:17:15  BuildStamp: freesurfer-linux-ubuntu22_x86_64-7.3.2-20220804-6354275  User: oesteban  Machine: dna082  Platform: Linux  PlatformVersion: 5.14.0-427.37.1.el9_4.x86_64  CompilerName: GCC  CompilerVersion: 8.4.0
ProgramName: mris_curvature_stats  ProgramArguments: mris_curvature_stats -all-info  ProgramVersion: 7.3.2  TimeStamp: 2026/03/13-06:05:33-GMT  BuildTime: Aug  4 2022 06:17:15  BuildStamp: freesurfer-linux-ubuntu22_x86_64-7.3.2-20220804-6354275  User: oesteban  Machine: dna082  Platform: Linux  PlatformVersion: 5.14.0-427.37.1.el9_4.x86_64  CompilerName: GCC  CompilerVersion: 8.4.0
ProgramName: mris_diff  ProgramArguments: mris_diff -all-info  ProgramVersion: 7.3.2  TimeStamp: 2026/03/13-06:05:33-GMT  BuildTime: Aug  4 2022 06:17:15  BuildStamp: freesurfer-linux-ubuntu22_x86_64-7.3.2-20220804-6354275  User: oesteban  Machine: dna082  Platform: Linux  PlatformVersion: 5.14.0-427.37.1.el9_4.x86_64  CompilerName: GCC  CompilerVersion: 8.4.0
ProgramName: mris_divide_parcellation  ProgramArguments: mris_divide_parcellation -all-info  ProgramVersion: 7.3.2  TimeStamp: 2026/03/13-06:05:33-GMT  BuildTime: Aug  4 2022 06:17:15  BuildStamp: freesurfer-linux-ubuntu22_x86_64-7.3.2-20220804-6354275  User: oesteban  Machine: dna082  Platform: Linux  PlatformVersion: 5.14.0-427.37.1.el9_4.x86_64  CompilerName: GCC  CompilerVersion: 8.4.0
ProgramName: mri_segment  ProgramArguments: mri_segment -all-info  ProgramVersion: 7.3.2  TimeStamp: 2026/03/13-06:05:33-GMT  BuildTime: Aug  4 2022 06:17:15  BuildStamp: freesurfer-linux-ubuntu22_x86_64-7.3.2-20220804-6354275  User: oesteban  Machine: dna082  Platform: Linux  PlatformVersion: 5.14.0-427.37.1.el9_4.x86_64  CompilerName: GCC  CompilerVersion: 8.4.0
ProgramName: mri_segstats  ProgramArguments: mri_segstats -all-info  ProgramVersion: 7.3.2  TimeStamp: 2026/03/13-06:05:33-GMT  BuildTime: Aug  4 2022 06:17:15  BuildStamp: freesurfer-linux-ubuntu22_x86_64-7.3.2-20220804-6354275  User: oesteban  Machine: dna082  Platform: Linux  PlatformVersion: 5.14.0-427.37.1.el9_4.x86_64  CompilerName: GCC  CompilerVersion: 8.4.0
ProgramName: mris_euler_number  ProgramArguments: mris_euler_number -all-info  ProgramVersion: 7.3.2  TimeStamp: 2026/03/13-06:05:33-GMT  BuildTime: Aug  4 2022 06:17:15  BuildStamp: freesurfer-linux-ubuntu22_x86_64-7.3.2-20220804-6354275  User: oesteban  Machine: dna082  Platform: Linux  PlatformVersion: 5.14.0-427.37.1.el9_4.x86_64  CompilerName: GCC  CompilerVersion: 8.4.0
ProgramName: mris_fix_topology  ProgramArguments: mris_fix_topology -all-info  ProgramVersion: 7.3.2  TimeStamp: 2026/03/13-06:05:33-GMT  BuildTime: Aug  4 2022 06:17:15  BuildStamp: freesurfer-linux-ubuntu22_x86_64-7.3.2-20220804-6354275  User: oesteban  Machine: dna082  Platform: Linux  PlatformVersion: 5.14.0-427.37.1.el9_4.x86_64  CompilerName: GCC  CompilerVersion: 8.4.0
ProgramName: mris_topo_fixer  ProgramArguments: mris_topo_fixer -all-info  ProgramVersion: 7.3.2  TimeStamp: 2026/03/13-06:05:33-GMT  BuildTime: Aug  4 2022 06:17:15  BuildStamp: freesurfer-linux-ubuntu22_x86_64-7.3.2-20220804-6354275  User: oesteban  Machine: dna082  Platform: Linux  PlatformVersion: 5.14.0-427.37.1.el9_4.x86_64  CompilerName: GCC  CompilerVersion: 8.4.0
ProgramName: mris_jacobian  ProgramArguments: mris_jacobian -all-info  ProgramVersion: 7.3.2  TimeStamp: 2026/03/13-06:05:33-GMT  BuildTime: Aug  4 2022 06:17:15  BuildStamp: freesurfer-linux-ubuntu22_x86_64-7.3.2-20220804-6354275  User: oesteban  Machine: dna082  Platform: Linux  PlatformVersion: 5.14.0-427.37.1.el9_4.x86_64  CompilerName: GCC  CompilerVersion: 8.4.0
ProgramName: mris_label2annot  ProgramArguments: mris_label2annot -all-info  ProgramVersion: 7.3.2  TimeStamp: 2026/03/13-06:05:33-GMT  BuildTime: Aug  4 2022 06:17:15  BuildStamp: freesurfer-linux-ubuntu22_x86_64-7.3.2-20220804-6354275  User: oesteban  Machine: dna082  Platform: Linux  PlatformVersion: 5.14.0-427.37.1.el9_4.x86_64  CompilerName: GCC  CompilerVersion: 8.4.0
ProgramName: mris_left_right_register  ProgramArguments: mris_left_right_register -all-info  ProgramVersion: 7.3.2  TimeStamp: 2026/03/13-06:05:33-GMT  BuildTime: Aug  4 2022 06:17:15  BuildStamp: freesurfer-linux-ubuntu22_x86_64-7.3.2-20220804-6354275  User: oesteban  Machine: dna082  Platform: Linux  PlatformVersion: 5.14.0-427.37.1.el9_4.x86_64  CompilerName: GCC  CompilerVersion: 8.4.0
ProgramName: mris_place_surface  ProgramArguments: mris_place_surface -all-info  ProgramVersion: 7.3.2  TimeStamp: 2026/03/13-06:05:33-GMT  BuildTime: Aug  4 2022 06:17:15  BuildStamp: freesurfer-linux-ubuntu22_x86_64-7.3.2-20220804-6354275  User: oesteban  Machine: dna082  Platform: Linux  PlatformVersion: 5.14.0-427.37.1.el9_4.x86_64  CompilerName: GCC  CompilerVersion: 8.4.0
ProgramName: mrisp_paint  ProgramArguments: mrisp_paint -all-info  ProgramVersion: 7.3.2  TimeStamp: 2026/03/13-06:05:33-GMT  BuildTime: Aug  4 2022 06:17:15  BuildStamp: freesurfer-linux-ubuntu22_x86_64-7.3.2-20220804-6354275  User: oesteban  Machine: dna082  Platform: Linux  PlatformVersion: 5.14.0-427.37.1.el9_4.x86_64  CompilerName: GCC  CompilerVersion: 8.4.0
ProgramName: mris_register  ProgramArguments: mris_register -all-info  ProgramVersion: 7.3.2  TimeStamp: 2026/03/13-06:05:33-GMT  BuildTime: Aug  4 2022 06:17:15  BuildStamp: freesurfer-linux-ubuntu22_x86_64-7.3.2-20220804-6354275  User: oesteban  Machine: dna082  Platform: Linux  PlatformVersion: 5.14.0-427.37.1.el9_4.x86_64  CompilerName: GCC  CompilerVersion: 8.4.0
ProgramName: mris_smooth  ProgramArguments: mris_smooth -all-info  ProgramVersion: 7.3.2  TimeStamp: 2026/03/13-06:05:33-GMT  BuildTime: Aug  4 2022 06:17:15  BuildStamp: freesurfer-linux-ubuntu22_x86_64-7.3.2-20220804-6354275  User: oesteban  Machine: dna082  Platform: Linux  PlatformVersion: 5.14.0-427.37.1.el9_4.x86_64  CompilerName: GCC  CompilerVersion: 8.4.0
ProgramName: mris_sphere  ProgramArguments: mris_sphere -all-info  ProgramVersion: 7.3.2  TimeStamp: 2026/03/13-06:05:33-GMT  BuildTime: Aug  4 2022 06:17:15  BuildStamp: freesurfer-linux-ubuntu22_x86_64-7.3.2-20220804-6354275  User: oesteban  Machine: dna082  Platform: Linux  PlatformVersion: 5.14.0-427.37.1.el9_4.x86_64  CompilerName: GCC  CompilerVersion: 8.4.0
ProgramName: mris_surface_stats  ProgramArguments: mris_surface_stats -all-info  ProgramVersion: 7.3.2  TimeStamp: 2026/03/13-06:05:33-GMT  BuildTime: Aug  4 2022 06:17:15  BuildStamp: freesurfer-linux-ubuntu22_x86_64-7.3.2-20220804-6354275  User: oesteban  Machine: dna082  Platform: Linux  PlatformVersion: 5.14.0-427.37.1.el9_4.x86_64  CompilerName: GCC  CompilerVersion: 8.4.0
ProgramName: mri_stats2seg  ProgramArguments: mri_stats2seg -all-info  ProgramVersion: 7.3.2  TimeStamp: 2026/03/13-06:05:33-GMT  BuildTime: Aug  4 2022 06:17:15  BuildStamp: freesurfer-linux-ubuntu22_x86_64-7.3.2-20220804-6354275  User: oesteban  Machine: dna082  Platform: Linux  PlatformVersion: 5.14.0-427.37.1.el9_4.x86_64  CompilerName: GCC  CompilerVersion: 8.4.0
ProgramName: mris_thickness  ProgramArguments: mris_thickness -all-info  ProgramVersion: 7.3.2  TimeStamp: 2026/03/13-06:05:33-GMT  BuildTime: Aug  4 2022 06:17:15  BuildStamp: freesurfer-linux-ubuntu22_x86_64-7.3.2-20220804-6354275  User: oesteban  Machine: dna082  Platform: Linux  PlatformVersion: 5.14.0-427.37.1.el9_4.x86_64  CompilerName: GCC  CompilerVersion: 8.4.0
ProgramName: mris_thickness_diff  ProgramArguments: mris_thickness_diff -all-info  ProgramVersion: 7.3.2  TimeStamp: 2026/03/13-06:05:33-GMT  BuildTime: Aug  4 2022 06:17:15  BuildStamp: freesurfer-linux-ubuntu22_x86_64-7.3.2-20220804-6354275  User: oesteban  Machine: dna082  Platform: Linux  PlatformVersion: 5.14.0-427.37.1.el9_4.x86_64  CompilerName: GCC  CompilerVersion: 8.4.0
ProgramName: mris_topo_fixer  ProgramArguments: mris_topo_fixer -all-info  ProgramVersion: 7.3.2  TimeStamp: 2026/03/13-06:05:33-GMT  BuildTime: Aug  4 2022 06:17:15  BuildStamp: freesurfer-linux-ubuntu22_x86_64-7.3.2-20220804-6354275  User: oesteban  Machine: dna082  Platform: Linux  PlatformVersion: 5.14.0-427.37.1.el9_4.x86_64  CompilerName: GCC  CompilerVersion: 8.4.0
ProgramName: mri_surf2surf  ProgramArguments: mri_surf2surf -all-info  ProgramVersion: 7.3.2  TimeStamp: 2026/03/13-06:05:33-GMT  BuildTime: Aug  4 2022 06:17:15  BuildStamp: freesurfer-linux-ubuntu22_x86_64-7.3.2-20220804-6354275  User: oesteban  Machine: dna082  Platform: Linux  PlatformVersion: 5.14.0-427.37.1.el9_4.x86_64  CompilerName: GCC  CompilerVersion: 8.4.0
ProgramName: mri_surf2vol  ProgramArguments: mri_surf2vol -all-info  ProgramVersion: 7.3.2  TimeStamp: 2026/03/13-06:05:33-GMT  BuildTime: Aug  4 2022 06:17:15  BuildStamp: freesurfer-linux-ubuntu22_x86_64-7.3.2-20220804-6354275  User: oesteban  Machine: dna082  Platform: Linux  PlatformVersion: 5.14.0-427.37.1.el9_4.x86_64  CompilerName: GCC  CompilerVersion: 8.4.0
ProgramName: mri_surfcluster  ProgramArguments: mri_surfcluster -all-info  ProgramVersion: 7.3.2  TimeStamp: 2026/03/13-06:05:33-GMT  BuildTime: Aug  4 2022 06:17:15  BuildStamp: freesurfer-linux-ubuntu22_x86_64-7.3.2-20220804-6354275  User: oesteban  Machine: dna082  Platform: Linux  PlatformVersion: 5.14.0-427.37.1.el9_4.x86_64  CompilerName: GCC  CompilerVersion: 8.4.0
ProgramName: mris_volmask  ProgramArguments: mris_volmask -all-info  ProgramVersion: 7.3.2  TimeStamp: 2026/03/13-06:05:33-GMT  BuildTime: Aug  4 2022 06:17:15  BuildStamp: freesurfer-linux-ubuntu22_x86_64-7.3.2-20220804-6354275  User: oesteban  Machine: dna082  Platform: Linux  PlatformVersion: 5.14.0-427.37.1.el9_4.x86_64  CompilerName: GCC  CompilerVersion: 8.4.0
ProgramName: mri_tessellate  ProgramArguments: mri_tessellate -all-info  ProgramVersion: 7.3.2  TimeStamp: 2026/03/13-06:05:33-GMT  BuildTime: Aug  4 2022 06:17:15  BuildStamp: freesurfer-linux-ubuntu22_x86_64-7.3.2-20220804-6354275  User: oesteban  Machine: dna082  Platform: Linux  PlatformVersion: 5.14.0-427.37.1.el9_4.x86_64  CompilerName: GCC  CompilerVersion: 8.4.0
ProgramName: mri_vol2surf  ProgramArguments: mri_vol2surf -all-info  ProgramVersion: 7.3.2  TimeStamp: 2026/03/13-06:05:33-GMT  BuildTime: Aug  4 2022 06:17:15  BuildStamp: freesurfer-linux-ubuntu22_x86_64-7.3.2-20220804-6354275  User: oesteban  Machine: dna082  Platform: Linux  PlatformVersion: 5.14.0-427.37.1.el9_4.x86_64  CompilerName: GCC  CompilerVersion: 8.4.0
ProgramName: mri_vol2vol  ProgramArguments: mri_vol2vol -all-info  ProgramVersion: 7.3.2  TimeStamp: 2026/03/13-06:05:33-GMT  BuildTime: Aug  4 2022 06:17:15  BuildStamp: freesurfer-linux-ubuntu22_x86_64-7.3.2-20220804-6354275  User: oesteban  Machine: dna082  Platform: Linux  PlatformVersion: 5.14.0-427.37.1.el9_4.x86_64  CompilerName: GCC  CompilerVersion: 8.4.0
ProgramName: mri_voldiff  ProgramArguments: mri_voldiff -all-info  ProgramVersion: 7.3.2  TimeStamp: 2026/03/13-06:05:33-GMT  BuildTime: Aug  4 2022 06:17:15  BuildStamp: freesurfer-linux-ubuntu22_x86_64-7.3.2-20220804-6354275  User: oesteban  Machine: dna082  Platform: Linux  PlatformVersion: 5.14.0-427.37.1.el9_4.x86_64  CompilerName: GCC  CompilerVersion: 8.4.0
ProgramName: mri_watershed  ProgramArguments: mri_watershed -all-info  ProgramVersion: 7.3.2  TimeStamp: 2026/03/13-06:05:33-GMT  BuildTime: Aug  4 2022 06:17:15  BuildStamp: freesurfer-linux-ubuntu22_x86_64-7.3.2-20220804-6354275  User: oesteban  Machine: dna082  Platform: Linux  PlatformVersion: 5.14.0-427.37.1.el9_4.x86_64  CompilerName: GCC  CompilerVersion: 8.4.0
ProgramName: tkregister2  ProgramArguments: tkregister2_cmdl -all-info  ProgramVersion: 7.3.2  TimeStamp: 2026/03/13-06:05:33-GMT  BuildTime: Aug  4 2022 06:17:15  BuildStamp: freesurfer-linux-ubuntu22_x86_64-7.3.2-20220804-6354275  User: oesteban  Machine: dna082  Platform: Linux  PlatformVersion: 5.14.0-427.37.1.el9_4.x86_64  CompilerName: GCC  CompilerVersion: 8.4.0
mri_motion_correct.fsl 7.3.2
mri_convert -all-info 
ProgramName: mri_convert  ProgramArguments: mri_convert -all-info  ProgramVersion: 7.3.2  TimeStamp: 2026/03/13-06:05:33-GMT  BuildTime: Aug  4 2022 06:17:15  BuildStamp: freesurfer-linux-ubuntu22_x86_64-7.3.2-20220804-6354275  User: oesteban  Machine: dna082  Platform: Linux  PlatformVersion: 5.14.0-427.37.1.el9_4.x86_64  CompilerName: GCC  CompilerVersion: 8.4.0
Program nu_correct, built from:
Package MNI N3, version 1.12.0, compiled by nicks@terrier (x86_64-unknown-linux-gnu) on 2015-06-19 at 01:25:34
#######################################
GCADIR /opt/freesurfer/average
GCA RB_all_2020-01-02.gca
GCASkull RB_all_withskull_2020_01_02.gca
AvgCurvTif folding.atlas.acfb40.noaparc.i12.2016-08-02.tif
GCSDIR /opt/freesurfer/average
GCS DKaparc.atlas.acfb40.noaparc.i12.2016-08-02.gcs
#######################################
#--------------------------------------------
#@# Tessellate rh Fri Mar 13 07:05:33 CET 2026
/out/sourcedata/freesurfer/sub-v2s4x29615_ses-1/scripts

 mri_pretess ../mri/filled.mgz 127 ../mri/norm.mgz ../mri/filled-pretess127.mgz 


Iteration Number : 1
pass   1 (xy+):   2 found -   2 modified     |    TOTAL:   2
pass   2 (xy+):   0 found -   2 modified     |    TOTAL:   2
pass   1 (xy-):   0 found -   0 modified     |    TOTAL:   2
pass   1 (yz+):  13 found -  13 modified     |    TOTAL:  15
pass   2 (yz+):   0 found -  13 modified     |    TOTAL:  15
pass   1 (yz-):   5 found -   5 modified     |    TOTAL:  20
pass   2 (yz-):   0 found -   5 modified     |    TOTAL:  20
pass   1 (xz+):   2 found -   2 modified     |    TOTAL:  22
pass   2 (xz+):   0 found -   2 modified     |    TOTAL:  22
pass   1 (xz-):   2 found -   2 modified     |    TOTAL:  24
pass   2 (xz-):   0 found -   2 modified     |    TOTAL:  24
Iteration Number : 1
pass   1 (+++):   0 found -   0 modified     |    TOTAL:   0
pass   1 (+++):   0 found -   0 modified     |    TOTAL:   0
pass   1 (+++):   0 found -   0 modified     |    TOTAL:   0
pass   1 (+++):   0 found -   0 modified     |    TOTAL:   0
Iteration Number : 1
pass   1 (++):   0 found -   0 modified     |    TOTAL:   0
pass   1 (+-):   0 found -   0 modified     |    TOTAL:   0
pass   1 (--):   0 found -   0 modified     |    TOTAL:   0
pass   1 (-+):   1 found -   1 modified     |    TOTAL:   1
pass   2 (-+):   0 found -   1 modified     |    TOTAL:   1
Iteration Number : 2
pass   1 (xy+):   0 found -   0 modified     |    TOTAL:   0
pass   1 (xy-):   0 found -   0 modified     |    TOTAL:   0
pass   1 (yz+):   0 found -   0 modified     |    TOTAL:   0
pass   1 (yz-):   0 found -   0 modified     |    TOTAL:   0
pass   1 (xz+):   0 found -   0 modified     |    TOTAL:   0
pass   1 (xz-):   0 found -   0 modified     |    TOTAL:   0
Iteration Number : 2
pass   1 (+++):   0 found -   0 modified     |    TOTAL:   0
pass   1 (+++):   0 found -   0 modified     |    TOTAL:   0
pass   1 (+++):   0 found -   0 modified     |    TOTAL:   0
pass   1 (+++):   0 found -   0 modified     |    TOTAL:   0
Iteration Number : 2
pass   1 (++):   0 found -   0 modified     |    TOTAL:   0
pass   1 (+-):   0 found -   0 modified     |    TOTAL:   0
pass   1 (--):   0 found -   0 modified     |    TOTAL:   0
pass   1 (-+):   0 found -   0 modified     |    TOTAL:   0

Total Number of Modified Voxels = 25 (out of 294180: 0.008498)
Ambiguous edge configurations... 

mri_pretess done


 mri_tessellate ../mri/filled-pretess127.mgz 127 ../surf/rh.orig.nofix 

7.3.2
  7.3.2
slice 40: 39 vertices, 52 faces
slice 50: 2578 vertices, 2741 faces
slice 60: 8918 vertices, 9209 faces
slice 70: 18379 vertices, 18758 faces
slice 80: 29259 vertices, 29620 faces
slice 90: 41341 vertices, 41755 faces
slice 100: 53969 vertices, 54356 faces
slice 110: 67698 vertices, 68154 faces
slice 120: 82091 vertices, 82592 faces
slice 130: 95968 vertices, 96430 faces
slice 140: 108207 vertices, 108592 faces
slice 150: 118033 vertices, 118368 faces
slice 160: 126559 vertices, 126856 faces
slice 170: 134722 vertices, 135046 faces
slice 180: 141810 vertices, 142101 faces
slice 190: 147843 vertices, 148086 faces
slice 200: 152694 vertices, 152865 faces
slice 210: 153902 vertices, 153962 faces
slice 220: 153902 vertices, 153962 faces
slice 230: 153902 vertices, 153962 faces
slice 240: 153902 vertices, 153962 faces
slice 250: 153902 vertices, 153962 faces
using the conformed surface RAS to save vertex points...
writing ../surf/rh.orig.nofix
using vox2ras matrix:
-1.00000   0.00000   0.00000   128.00000;
 0.00000   0.00000   1.00000  -128.00000;
 0.00000  -1.00000   0.00000   128.00000;
 0.00000   0.00000   0.00000   1.00000;

 rm -f ../mri/filled-pretess127.mgz 


 mris_extract_main_component ../surf/rh.orig.nofix ../surf/rh.orig.nofix 


counting number of connected components...
   153902 voxel in cpt #1: X=-60 [v=153902,e=461886,f=307924] located at (29.490129, -10.441079, 23.985075)
For the whole surface: X=-60 [v=153902,e=461886,f=307924]
One single component has been found
nothing to do
done

#--------------------------------------------
#@# Smooth1 rh Fri Mar 13 07:05:36 CET 2026
/out/sourcedata/freesurfer/sub-v2s4x29615_ses-1/scripts

 mris_smooth -nw -seed 1234 ../surf/rh.orig.nofix ../surf/rh.smoothwm.nofix 

setting seed for random number generator to 1234
smoothing surface tessellation for 10 iterations...
smoothing complete - recomputing first and second fundamental forms...
#--------------------------------------------
#@# Inflation1 rh Fri Mar 13 07:05:38 CET 2026
/out/sourcedata/freesurfer/sub-v2s4x29615_ses-1/scripts

 mris_inflate -no-save-sulc ../surf/rh.smoothwm.nofix ../surf/rh.inflated.nofix 

Not saving sulc
Reading ../surf/rh.smoothwm.nofix
avg radius = 47.5 mm, total surface area = 84132 mm^2
step 000: RMS=0.149 (target=0.015)   step 005: RMS=0.116 (target=0.015)   step 010: RMS=0.088 (target=0.015)   step 015: RMS=0.077 (target=0.015)   step 020: RMS=0.067 (target=0.015)   step 025: RMS=0.059 (target=0.015)   step 030: RMS=0.051 (target=0.015)   step 035: RMS=0.047 (target=0.015)   step 040: RMS=0.044 (target=0.015)   step 045: RMS=0.042 (target=0.015)   step 050: RMS=0.041 (target=0.015)   step 055: RMS=0.039 (target=0.015)   step 060: RMS=0.038 (target=0.015)   writing inflated surface to ../surf/rh.inflated.nofix
inflation took 0.1 minutes

inflation complete.
Not saving sulc
mris_inflate utimesec    39.015663
mris_inflate stimesec    1.965298
mris_inflate ru_maxrss   244292
mris_inflate ru_ixrss    0
mris_inflate ru_idrss    0
mris_inflate ru_isrss    0
mris_inflate ru_minflt   642652
mris_inflate ru_majflt   3
mris_inflate ru_nswap    0
mris_inflate ru_inblock  0
mris_inflate ru_oublock  10832
mris_inflate ru_msgsnd   0
mris_inflate ru_msgrcv   0
mris_inflate ru_nsignals 0
mris_inflate ru_nvcsw    5392
mris_inflate ru_nivcsw   193
#--------------------------------------------
#@# QSphere rh Fri Mar 13 07:05:46 CET 2026
/out/sourcedata/freesurfer/sub-v2s4x29615_ses-1/scripts

 mris_sphere -q -p 6 -a 128 -seed 1234 ../surf/rh.inflated.nofix ../surf/rh.qsphere.nofix 

doing quick spherical unfolding.
limitting unfolding to 6 passes
using n_averages = 128
setting seed for random number genererator to 1234
version: 7.3.2
available threads: 16
scaling brain by 0.294...
inflating...
projecting onto sphere...
surface projected - minimizing metric distortion...
vertex spacing 0.95 +- 0.55 (0.00-->7.49) (max @ vno 58678 --> 60163)
face area 0.02 +- 0.03 (-0.24-->0.72)
Entering MRISinflateToSphere()
inflating to sphere (rms error < 2.00)
000: dt: 0.0000, rms radial error=176.964, avgs=0
005/300: dt: 0.9000, rms radial error=176.704, avgs=0
010/300: dt: 0.9000, rms radial error=176.147, avgs=0
015/300: dt: 0.9000, rms radial error=175.416, avgs=0
020/300: dt: 0.9000, rms radial error=174.583, avgs=0
025/300: dt: 0.9000, rms radial error=173.693, avgs=0
030/300: dt: 0.9000, rms radial error=172.769, avgs=0
035/300: dt: 0.9000, rms radial error=171.828, avgs=0
040/300: dt: 0.9000, rms radial error=170.880, avgs=0
045/300: dt: 0.9000, rms radial error=169.929, avgs=0
050/300: dt: 0.9000, rms radial error=168.978, avgs=0
055/300: dt: 0.9000, rms radial error=168.030, avgs=0
060/300: dt: 0.9000, rms radial error=167.086, avgs=0
065/300: dt: 0.9000, rms radial error=166.145, avgs=0
070/300: dt: 0.9000, rms radial error=165.209, avgs=0
075/300: dt: 0.9000, rms radial error=164.278, avgs=0
080/300: dt: 0.9000, rms radial error=163.351, avgs=0
085/300: dt: 0.9000, rms radial error=162.430, avgs=0
090/300: dt: 0.9000, rms radial error=161.513, avgs=0
095/300: dt: 0.9000, rms radial error=160.603, avgs=0
100/300: dt: 0.9000, rms radial error=159.700, avgs=0
105/300: dt: 0.9000, rms radial error=158.802, avgs=0
110/300: dt: 0.9000, rms radial error=157.909, avgs=0
115/300: dt: 0.9000, rms radial error=157.021, avgs=0
120/300: dt: 0.9000, rms radial error=156.137, avgs=0
125/300: dt: 0.9000, rms radial error=155.258, avgs=0
130/300: dt: 0.9000, rms radial error=154.384, avgs=0
135/300: dt: 0.9000, rms radial error=153.515, avgs=0
140/300: dt: 0.9000, rms radial error=152.650, avgs=0
145/300: dt: 0.9000, rms radial error=151.790, avgs=0
150/300: dt: 0.9000, rms radial error=150.936, avgs=0
155/300: dt: 0.9000, rms radial error=150.085, avgs=0
160/300: dt: 0.9000, rms radial error=149.240, avgs=0
165/300: dt: 0.9000, rms radial error=148.399, avgs=0
170/300: dt: 0.9000, rms radial error=147.563, avgs=0
175/300: dt: 0.9000, rms radial error=146.731, avgs=0
180/300: dt: 0.9000, rms radial error=145.904, avgs=0
185/300: dt: 0.9000, rms radial error=145.081, avgs=0
190/300: dt: 0.9000, rms radial error=144.262, avgs=0
195/300: dt: 0.9000, rms radial error=143.449, avgs=0
200/300: dt: 0.9000, rms radial error=142.639, avgs=0
205/300: dt: 0.9000, rms radial error=141.835, avgs=0
210/300: dt: 0.9000, rms radial error=141.034, avgs=0
215/300: dt: 0.9000, rms radial error=140.238, avgs=0
220/300: dt: 0.9000, rms radial error=139.447, avgs=0
225/300: dt: 0.9000, rms radial error=138.660, avgs=0
230/300: dt: 0.9000, rms radial error=137.877, avgs=0
235/300: dt: 0.9000, rms radial error=137.099, avgs=0
240/300: dt: 0.9000, rms radial error=136.325, avgs=0
245/300: dt: 0.9000, rms radial error=135.555, avgs=0
250/300: dt: 0.9000, rms radial error=134.790, avgs=0
255/300: dt: 0.9000, rms radial error=134.029, avgs=0
260/300: dt: 0.9000, rms radial error=133.272, avgs=0
265/300: dt: 0.9000, rms radial error=132.520, avgs=0
270/300: dt: 0.9000, rms radial error=131.772, avgs=0
275/300: dt: 0.9000, rms radial error=131.028, avgs=0
280/300: dt: 0.9000, rms radial error=130.288, avgs=0
285/300: dt: 0.9000, rms radial error=129.552, avgs=0
290/300: dt: 0.9000, rms radial error=128.821, avgs=0
295/300: dt: 0.9000, rms radial error=128.094, avgs=0
300/300: dt: 0.9000, rms radial error=127.370, avgs=0

spherical inflation complete.
epoch 1 (K=10.0), pass 1, starting sse = 18215.95
taking momentum steps...
taking momentum steps...
taking momentum steps...
taking momentum steps...
pass 1 complete, delta sse/iter = 0.00/13 = 0.00028
epoch 2 (K=40.0), pass 1, starting sse = 3051.11
taking momentum steps...
taking momentum steps...
taking momentum steps...
taking momentum steps...
pass 1 complete, delta sse/iter = 0.00/13 = 0.00012
epoch 3 (K=160.0), pass 1, starting sse = 312.05
taking momentum steps...
taking momentum steps...
taking momentum steps...
taking momentum steps...
pass 1 complete, delta sse/iter = 0.11/14 = 0.00767
epoch 4 (K=640.0), pass 1, starting sse = 19.21
taking momentum steps...
taking momentum steps...
taking momentum steps...
taking momentum steps...
pass 1 complete, delta sse/iter = 0.08/18 = 0.00449
final distance error %100000.00
writing spherical brain to ../surf/rh.qsphere.nofix
spherical transformation took 0.0122 hours
FSRUNTIME@ mris_sphere  0.0122 hours 16 threads
#VMPC# mris_sphere VmPeak  2277084
mris_sphere done
#@# Fix Topology rh Fri Mar 13 07:06:30 CET 2026

 mris_fix_topology -mgz -sphere qsphere.nofix -inflated inflated.nofix -orig orig.nofix -out orig.premesh -ga -seed 1234 sub-v2s4x29615_ses-1 rh 

reading spherical homeomorphism from 'qsphere.nofix'
reading inflated coordinates from 'inflated.nofix'
reading original coordinates from 'orig.nofix'
using genetic algorithm with optimized parameters
setting seed for random number genererator to 1234

*************************************************************
Topology Correction Parameters
retessellation mode:           genetic search
number of patches/generation : 10
number of generations :        10
surface mri loglikelihood coefficient :         1.0
volume mri loglikelihood coefficient :          10.0
normal dot loglikelihood coefficient :          1.0
quadratic curvature loglikelihood coefficient : 1.0
volume resolution :                             2
eliminate vertices during search :              1
initial patch selection :                       1
select all defect vertices :                    0
ordering dependant retessellation:              0
use precomputed edge table :                    0
smooth retessellated patch :                    2
match retessellated patch :                     1
verbose mode :                                  0

*************************************************************
INFO: assuming .mgz format
writing corrected surface to 'orig.premesh'
7.3.2
  7.3.2
before topology correction, eno=-60 (nv=153902, nf=307924, ne=461886, g=31)
using quasi-homeomorphic spherical map to tessellate cortical surface...

Correction of the Topology
Finding true center and radius of Spherical Surface...done
Surface centered at (0,0,0) with radius 100.0 in 10 iterations
marking ambiguous vertices...
4968 ambiguous faces found in tessellation
segmenting defects...
46 defects found, arbitrating ambiguous regions...
analyzing neighboring defects...
      -merging segment 42 into 43
45 defects to be corrected 
0 vertices coincident
reading input surface /out/sourcedata/freesurfer/sub-v2s4x29615_ses-1/surf/rh.qsphere.nofix...
reading brain volume from brain...
reading wm segmentation from wm...
Reading original properties of orig.nofix
Reading vertex positions of inflated.nofix
Computing Initial Surface Statistics
      -face       loglikelihood: -8.8654  (-4.4327)
      -vertex     loglikelihood: -5.4472  (-2.7236)
      -normal dot loglikelihood: -3.6194  (-3.6194)
      -quad curv  loglikelihood: -6.1365  (-3.0682)
      Total Loglikelihood : -24.0684
CORRECTING DEFECT 0 (vertices=22, convex hull=35, v0=2061)
After retessellation of defect 0 (v0=2061), euler #=-43 (150882,451462,300537) : difference with theory (-42) = 1 
CORRECTING DEFECT 1 (vertices=5, convex hull=22, v0=2357)
After retessellation of defect 1 (v0=2357), euler #=-42 (150883,451471,300546) : difference with theory (-41) = 1 
CORRECTING DEFECT 2 (vertices=443, convex hull=174, v0=3297)
After retessellation of defect 2 (v0=3297), euler #=-41 (150999,451900,300860) : difference with theory (-40) = 1 
CORRECTING DEFECT 3 (vertices=47, convex hull=33, v0=7342)
After retessellation of defect 3 (v0=7342), euler #=-40 (151005,451930,300885) : difference with theory (-39) = 1 
CORRECTING DEFECT 4 (vertices=17, convex hull=57, v0=10028)
After retessellation of defect 4 (v0=10028), euler #=-39 (151014,451977,300924) : difference with theory (-38) = 1 
CORRECTING DEFECT 5 (vertices=41, convex hull=66, v0=23289)
After retessellation of defect 5 (v0=23289), euler #=-38 (151029,452054,300987) : difference with theory (-37) = 1 
CORRECTING DEFECT 6 (vertices=23, convex hull=67, v0=26082)
After retessellation of defect 6 (v0=26082), euler #=-37 (151038,452103,301028) : difference with theory (-36) = 1 
CORRECTING DEFECT 7 (vertices=5, convex hull=25, v0=36134)
After retessellation of defect 7 (v0=36134), euler #=-36 (151038,452109,301035) : difference with theory (-35) = 1 
CORRECTING DEFECT 8 (vertices=52, convex hull=75, v0=36148)
After retessellation of defect 8 (v0=36148), euler #=-35 (151056,452192,301101) : difference with theory (-34) = 1 
CORRECTING DEFECT 9 (vertices=26, convex hull=29, v0=38149)
After retessellation of defect 9 (v0=38149), euler #=-34 (151060,452214,301120) : difference with theory (-33) = 1 
CORRECTING DEFECT 10 (vertices=6, convex hull=34, v0=38515)
After retessellation of defect 10 (v0=38515), euler #=-33 (151061,452227,301133) : difference with theory (-32) = 1 
CORRECTING DEFECT 11 (vertices=19, convex hull=50, v0=41700)
After retessellation of defect 11 (v0=41700), euler #=-32 (151072,452278,301174) : difference with theory (-31) = 1 
CORRECTING DEFECT 12 (vertices=80, convex hull=100, v0=44891)
After retessellation of defect 12 (v0=44891), euler #=-31 (151103,452414,301280) : difference with theory (-30) = 1 
CORRECTING DEFECT 13 (vertices=8, convex hull=29, v0=50976)
After retessellation of defect 13 (v0=50976), euler #=-30 (151105,452430,301295) : difference with theory (-29) = 1 
CORRECTING DEFECT 14 (vertices=595, convex hull=214, v0=54737)
normal vector of length zero at vertex 152249 with 4 faces
normal vector of length zero at vertex 152269 with 4 faces
normal vector of length zero at vertex 152189 with 6 faces
normal vector of length zero at vertex 152249 with 4 faces
normal vector of length zero at vertex 152269 with 4 faces
normal vector of length zero at vertex 152269 with 4 faces
normal vector of length zero at vertex 152269 with 4 faces
normal vector of length zero at vertex 152264 with 6 faces
normal vector of length zero at vertex 152269 with 4 faces
normal vector of length zero at vertex 152269 with 4 faces
normal vector of length zero at vertex 152264 with 4 faces
normal vector of length zero at vertex 152177 with 6 faces
normal vector of length zero at vertex 152269 with 4 faces
normal vector of length zero at vertex 152269 with 4 faces
normal vector of length zero at vertex 152264 with 4 faces
normal vector of length zero at vertex 152269 with 4 faces
normal vector of length zero at vertex 152258 with 4 faces
normal vector of length zero at vertex 152258 with 4 faces
normal vector of length zero at vertex 152258 with 4 faces
normal vector of length zero at vertex 152269 with 4 faces
normal vector of length zero at vertex 152258 with 4 faces
normal vector of length zero at vertex 152258 with 4 faces
normal vector of length zero at vertex 152258 with 4 faces
normal vector of length zero at vertex 152258 with 4 faces
normal vector of length zero at vertex 152258 with 4 faces
normal vector of length zero at vertex 152269 with 4 faces
normal vector of length zero at vertex 152269 with 4 faces
normal vector of length zero at vertex 152269 with 4 faces
After retessellation of defect 14 (v0=54737), euler #=-29 (151190,452794,301575) : difference with theory (-28) = 1 
CORRECTING DEFECT 15 (vertices=5, convex hull=30, v0=58569)
After retessellation of defect 15 (v0=58569), euler #=-28 (151192,452808,301588) : difference with theory (-27) = 1 
CORRECTING DEFECT 16 (vertices=42, convex hull=84, v0=58829)
After retessellation of defect 16 (v0=58829), euler #=-27 (151217,452916,301672) : difference with theory (-26) = 1 
CORRECTING DEFECT 17 (vertices=58, convex hull=83, v0=59030)
After retessellation of defect 17 (v0=59030), euler #=-26 (151251,453049,301772) : difference with theory (-25) = 1 
CORRECTING DEFECT 18 (vertices=7, convex hull=23, v0=65855)
After retessellation of defect 18 (v0=65855), euler #=-25 (151254,453063,301784) : difference with theory (-24) = 1 
CORRECTING DEFECT 19 (vertices=5, convex hull=15, v0=66132)
After retessellation of defect 19 (v0=66132), euler #=-24 (151255,453069,301790) : difference with theory (-23) = 1 
CORRECTING DEFECT 20 (vertices=56, convex hull=42, v0=73001)
After retessellation of defect 20 (v0=73001), euler #=-23 (151264,453115,301828) : difference with theory (-22) = 1 
CORRECTING DEFECT 21 (vertices=36, convex hull=54, v0=73012)
After retessellation of defect 21 (v0=73012), euler #=-22 (151286,453205,301897) : difference with theory (-21) = 1 
CORRECTING DEFECT 22 (vertices=123, convex hull=117, v0=73031)
After retessellation of defect 22 (v0=73031), euler #=-21 (151334,453400,302045) : difference with theory (-20) = 1 
CORRECTING DEFECT 23 (vertices=27, convex hull=66, v0=73675)
After retessellation of defect 23 (v0=73675), euler #=-20 (151343,453454,302091) : difference with theory (-19) = 1 
CORRECTING DEFECT 24 (vertices=30, convex hull=37, v0=84934)
After retessellation of defect 24 (v0=84934), euler #=-19 (151348,453480,302113) : difference with theory (-18) = 1 
CORRECTING DEFECT 25 (vertices=19, convex hull=20, v0=85316)
After retessellation of defect 25 (v0=85316), euler #=-18 (151351,453493,302124) : difference with theory (-17) = 1 
CORRECTING DEFECT 26 (vertices=30, convex hull=66, v0=86170)
After retessellation of defect 26 (v0=86170), euler #=-17 (151369,453572,302186) : difference with theory (-16) = 1 
CORRECTING DEFECT 27 (vertices=7, convex hull=22, v0=86690)
After retessellation of defect 27 (v0=86690), euler #=-16 (151370,453579,302193) : difference with theory (-15) = 1 
CORRECTING DEFECT 28 (vertices=42, convex hull=77, v0=88240)
After retessellation of defect 28 (v0=88240), euler #=-15 (151386,453658,302257) : difference with theory (-14) = 1 
CORRECTING DEFECT 29 (vertices=78, convex hull=44, v0=99681)
After retessellation of defect 29 (v0=99681), euler #=-14 (151395,453701,302292) : difference with theory (-13) = 1 
CORRECTING DEFECT 30 (vertices=16, convex hull=23, v0=101159)
After retessellation of defect 30 (v0=101159), euler #=-13 (151398,453715,302304) : difference with theory (-12) = 1 
CORRECTING DEFECT 31 (vertices=16, convex hull=24, v0=108201)
After retessellation of defect 31 (v0=108201), euler #=-12 (151400,453728,302316) : difference with theory (-11) = 1 
CORRECTING DEFECT 32 (vertices=413, convex hull=225, v0=113346)
After retessellation of defect 32 (v0=113346), euler #=-11 (151519,454197,302667) : difference with theory (-10) = 1 
CORRECTING DEFECT 33 (vertices=43, convex hull=100, v0=115209)
After retessellation of defect 33 (v0=115209), euler #=-10 (151542,454305,302753) : difference with theory (-9) = 1 
CORRECTING DEFECT 34 (vertices=31, convex hull=31, v0=119778)
After retessellation of defect 34 (v0=119778), euler #=-9 (151548,454335,302778) : difference with theory (-8) = 1 
CORRECTING DEFECT 35 (vertices=92, convex hull=42, v0=120824)
After retessellation of defect 35 (v0=120824), euler #=-8 (151558,454383,302817) : difference with theory (-7) = 1 
CORRECTING DEFECT 36 (vertices=58, convex hull=72, v0=123229)
After retessellation of defect 36 (v0=123229), euler #=-7 (151574,454467,302886) : difference with theory (-6) = 1 
CORRECTING DEFECT 37 (vertices=90, convex hull=97, v0=130133)
After retessellation of defect 37 (v0=130133), euler #=-6 (151617,454641,303018) : difference with theory (-5) = 1 
CORRECTING DEFECT 38 (vertices=61, convex hull=84, v0=130214)
After retessellation of defect 38 (v0=130214), euler #=-5 (151629,454713,303079) : difference with theory (-4) = 1 
CORRECTING DEFECT 39 (vertices=30, convex hull=64, v0=138327)
After retessellation of defect 39 (v0=138327), euler #=-4 (151648,454798,303146) : difference with theory (-3) = 1 
CORRECTING DEFECT 40 (vertices=27, convex hull=30, v0=140787)
After retessellation of defect 40 (v0=140787), euler #=-3 (151653,454824,303168) : difference with theory (-2) = 1 
CORRECTING DEFECT 41 (vertices=7, convex hull=20, v0=141038)
After retessellation of defect 41 (v0=141038), euler #=-2 (151654,454834,303178) : difference with theory (-1) = 1 
CORRECTING DEFECT 42 (vertices=73, convex hull=114, v0=146778)
After retessellation of defect 42 (v0=146778), euler #=0 (151686,454981,303295) : difference with theory (0) = 0 
CORRECTING DEFECT 43 (vertices=58, convex hull=86, v0=149927)
After retessellation of defect 43 (v0=149927), euler #=1 (151705,455076,303372) : difference with theory (1) = 0 
CORRECTING DEFECT 44 (vertices=52, convex hull=75, v0=150264)
After retessellation of defect 44 (v0=150264), euler #=2 (151720,455154,303436) : difference with theory (2) = 0 
computing original vertex metric properties...
storing new metric properties...
computing tessellation statistics...
vertex spacing 0.89 +- 0.22 (0.08-->6.93) (max @ vno 55258 --> 151817)
face area -nan +- -nan (1000.00-->-1.00)
performing soap bubble on retessellated vertices for 0 iterations...
vertex spacing 0.89 +- 0.22 (0.08-->6.93) (max @ vno 55258 --> 151817)
face area -nan +- -nan (1000.00-->-1.00)
tessellation finished, orienting corrected surface...
156 mutations (34.5%), 296 crossovers (65.5%), 174 vertices were eliminated
building final representation...
2182 vertices and 0 faces have been removed from triangulation
after topology correction, eno=2 (nv=151720, nf=303436, ne=455154, g=0)
writing corrected surface to /out/sourcedata/freesurfer/sub-v2s4x29615_ses-1/surf/rh.orig.premesh...

0.000 % of the vertices (0 vertices) exhibit an orientation change
removing intersecting faces
000: 273 intersecting
001: 18 intersecting
terminating search with 0 intersecting
topology fixing took 1.4 minutes
FSRUNTIME@ mris_fix_topology rh  0.0231 hours 16 threads
#VMPC# mris_fix_topology VmPeak  1869804

 mris_euler_number ../surf/rh.orig.premesh 

euler # = v-e+f = 2g-2: 151720 - 455154 + 303436 = 2 --> 0 holes
      F =2V-4:          303436 = 303440-4 (0)
      2E=3F:            910308 = 910308 (0)

total defect index = 0
Fri Mar 13 07:07:54 CET 2026

setenv SUBJECTS_DIR /out/sourcedata/freesurfer
cd /out/sourcedata/freesurfer/sub-v2s4x29615_ses-1/scripts
/opt/freesurfer/bin/defect2seg --s sub-v2s4x29615_ses-1 --rh-only --cortex

freesurfer-linux-ubuntu22_x86_64-7.3.2-20220804-6354275
defect2seg 7.3.2
Linux dna082 5.14.0-427.37.1.el9_4.x86_64 #1 SMP PREEMPT_DYNAMIC Fri Sep 13 12:41:50 EDT 2024 x86_64 x86_64 x86_64 GNU/Linux
pid 715565
mri_label2label --label-cortex /out/sourcedata/freesurfer/sub-v2s4x29615_ses-1/surf/rh.orig.nofix /out/sourcedata/freesurfer/sub-v2s4x29615_ses-1/mri/aseg.presurf.mgz 0 /out/sourcedata/freesurfer/sub-v2s4x29615_ses-1/label/rh.nofix.cortex.label

 Generating cortex label... RemoveHipAmgy=0
 NucAccIsMedialWall=0
 mris->useRealRAS=0
11 non-cortical segments detected
only using segment with 7533 vertices
erasing segment 0 (vno[0] = 13904)
erasing segment 1 (vno[0] = 39403)
erasing segment 3 (vno[0] = 58608)
erasing segment 4 (vno[0] = 60209)
erasing segment 5 (vno[0] = 101740)
erasing segment 6 (vno[0] = 104567)
erasing segment 7 (vno[0] = 107902)
erasing segment 8 (vno[0] = 110076)
erasing segment 9 (vno[0] = 113261)
erasing segment 10 (vno[0] = 132245)
mri_label2vol --defects /out/sourcedata/freesurfer/sub-v2s4x29615_ses-1/surf/rh.orig.nofix /out/sourcedata/freesurfer/sub-v2s4x29615_ses-1/surf/rh.defect_labels /out/sourcedata/freesurfer/sub-v2s4x29615_ses-1/mri/orig.mgz 2000 0 /out/sourcedata/freesurfer/sub-v2s4x29615_ses-1/mri/rh.surface.defects.mgz /out/sourcedata/freesurfer/sub-v2s4x29615_ses-1/label/rh.nofix.cortex.label
mri_label2vol supposed to be reproducible but seed not set
Contraining to label /out/sourcedata/freesurfer/sub-v2s4x29615_ses-1/label/rh.nofix.cortex.label
Changing input type 0 to MRI_INT
Converting defects to volume: offset=2000, merge=0
Writing to /out/sourcedata/freesurfer/sub-v2s4x29615_ses-1/mri/rh.surface.defects.mgz
mris_defects_pointset -s /out/sourcedata/freesurfer/sub-v2s4x29615_ses-1/surf/rh.orig.nofix -d /out/sourcedata/freesurfer/sub-v2s4x29615_ses-1/surf/rh.defect_labels -o /out/sourcedata/freesurfer/sub-v2s4x29615_ses-1/surf/rh.defects.pointset --label /out/sourcedata/freesurfer/sub-v2s4x29615_ses-1/label/rh.nofix.cortex.label
Reading in surface /out/sourcedata/freesurfer/sub-v2s4x29615_ses-1/surf/rh.orig.nofix
Reading in defect segmentation /out/sourcedata/freesurfer/sub-v2s4x29615_ses-1/surf/rh.defect_labels
Reading in label /out/sourcedata/freesurfer/sub-v2s4x29615_ses-1/label/rh.nofix.cortex.label
#VMPC# mris_defects_pointset 1488284
mris_defects_pointset done
 
Started at Fri Mar 13 07:07:54 CET 2026 
Ended   at Fri Mar 13 07:08:06 CET 2026
Defect2seg-Run-Time-Sec 12
Defect2seg-Run-Time-Min 0.24
Defect2seg-Run-Time-Hours 0.00
 
tkmeditfv sub-v2s4x29615_ses-1 brain.finalsurfs.mgz -defect
defect2seg Done

 mris_remesh --remesh --iters 3 --input /out/sourcedata/freesurfer/sub-v2s4x29615_ses-1/surf/rh.orig.premesh --output /out/sourcedata/freesurfer/sub-v2s4x29615_ses-1/surf/rh.orig 

iters = 3
standard remeshing without target
   adjusted l: 0.712498
remeshing to edge length 0.712498 with 3 iterations

avg qual before   : 0.890945  after: 0.97141

Removing intersections
Remeshed surface quality stats nv0 = 151720  nv = 158393  1.04398
Area    316782  0.30430  0.03374 0.079854   0.4666
Corner  950346 60.00000  8.76648 16.668702 145.2578
Edge    475173  0.84622  0.08224 0.450202   1.2535
Hinge   475173  9.29564  9.81764 0.000003 144.9049
mris_remesh done
/out/sourcedata/freesurfer/sub-v2s4x29615_ses-1/scripts

 mris_remove_intersection ../surf/rh.orig ../surf/rh.orig 

intersection removal took 0.00 hours
writing corrected surface to ../surf/rh.orig

 rm -f ../surf/rh.inflated 

#--------------------------------------------
#@# AutoDetGWStats rh Fri Mar 13 07:08:35 CET 2026
cd /out/sourcedata/freesurfer/sub-v2s4x29615_ses-1/mri
mris_autodet_gwstats --o ../surf/autodet.gw.stats.rh.dat --i brain.finalsurfs.mgz --wm wm.mgz --surf ../surf/rh.orig.premesh
7.3.2

cd /out/sourcedata/freesurfer/sub-v2s4x29615_ses-1/mri
setenv SUBJECTS_DIR /out/sourcedata/freesurfer
mris_autodet_gwstats --o ../surf/autodet.gw.stats.rh.dat --i brain.finalsurfs.mgz --wm wm.mgz --surf ../surf/rh.orig.premesh 

border white:    287281 voxels (1.71%)
border gray      315277 voxels (1.88%)
Reading in intensity volume brain.finalsurfs.mgz
Reading in wm volume wm.mgz
Reading in surf ../surf/rh.orig.premesh
Auto detecting stats
MRIclipBrightWM(): nthresh=20113, wmmin=5, clip=110 
Binarizing thresholding at 5
computing class statistics... low=30, hi=110.000000
CCS WM (102.0): 102.2 +- 5.5 [70.0 --> 110.0]
CCS GM (87.0) : 86.5 +- 8.3 [30.0 --> 110.0]
white_mean = 102.153 +/- 5.49016, gray_mean = 86.4577 +/- 8.26514
using class modes intead of means, discounting robust sigmas....
MRIScomputeClassModes(): min=0 max=172 nbins=173
intensity peaks found at WM=105+-4.3,    GM=84+-6.1
white_mode = 105, gray_mode = 84
std_scale = 1
Applying sanity checks, max_scale_down = 0.2
setting MIN_GRAY_AT_WHITE_BORDER to 75.7 (was 70.000000)
setting MAX_BORDER_WHITE to 110.5 (was 105.000000)
setting MIN_BORDER_WHITE to 84.0 (was 85.000000)
setting MAX_CSF to 67.5 (was 40.000000)
setting MAX_GRAY to 99.5 (was 95.000000)
setting MAX_GRAY_AT_CSF_BORDER to 75.7 (was 75.000000)
setting MIN_GRAY_AT_CSF_BORDER to 59.2 (was 40.000000)
When placing the white surface
  white_border_hi   = 110.49;
  white_border_low  = 84;
  white_outside_low = 75.7349;
  white_inside_hi   = 120;
  white_outside_hi  = 110.49;
When placing the pial surface
  pial_border_hi   = 75.7349;
  pial_border_low  = 59.2046;
  pial_outside_low = 10;
  pial_inside_hi   = 99.5098;
  pial_outside_hi  = 71.6023;
#VMPC# mris_autodet_gwstats VmPeak  1530364
mris_autodet_gwstats done
#--------------------------------------------
#@# WhitePreAparc rh Fri Mar 13 07:08:37 CET 2026
cd /out/sourcedata/freesurfer/sub-v2s4x29615_ses-1/mri
mris_place_surface --adgws-in ../surf/autodet.gw.stats.rh.dat --wm wm.mgz --threads 16 --invol brain.finalsurfs.mgz --rh --i ../surf/rh.orig --o ../surf/rh.white.preaparc --white --seg aseg.presurf.mgz --nsmooth 5
7.3.2
7.3.2

cd /out/sourcedata/freesurfer/sub-v2s4x29615_ses-1/mri
setenv SUBJECTS_DIR /out/sourcedata/freesurfer
mris_place_surface --adgws-in ../surf/autodet.gw.stats.rh.dat --wm wm.mgz --threads 16 --invol brain.finalsurfs.mgz --rh --i ../surf/rh.orig --o ../surf/rh.white.preaparc --white --seg aseg.presurf.mgz --nsmooth 5 

Reading in input surface ../surf/rh.orig
Smoothing surface before ripping with 5 iterations
Area    316782  0.27132  0.06335 0.002127   0.5885
Corner  950346 60.00000  9.22549 9.430332 139.2113
Edge    475173  0.79487  0.11401 0.047594   1.2893
Hinge   475173  6.20071  6.36624 0.000016 137.0191
Not reading in aparc
Reading in input volume brain.finalsurfs.mgz
Reading in wm volume wm.mgz
MRIclipBrightWM(): nthresh=20113, wmmin=5, clip=110 
MRIfindBrightNonWM(): 29 bright non-wm voxels segmented.
Masking bright non-wm for white surface
MRImask(): AllowDiffGeom = 1
MRImask(): AllowDiffGeom = 1
Reading in seg volume aseg.presurf.mgz
Ripping frozen voxels
INFO: rip surface needed but not specified, so using input surface
Freezing midline and others
Entering: MRISripMidline(): inhibiting deformation at non-cortical midline structures...
  which=1, fix_mtl=0, using annot = 0
#FML0# MRISripMidline(): nripped=0
#FML# MRISripMidline(): nmarked=6010, nmarked2=140, nripped=6010
Ripping segs (eg, WMSA, BG, frozen)
Starting MRISripSegs() d = (-2 2 0.5) segnos: 247 
MRISripSegs(): -2 2 0.5 ripped 0
vertex 79197: xyz = (59.7275,-0.64671,19.7964) oxyz = (59.7275,-0.64671,19.7964) wxzy = (59.7275,-0.64671,19.7964) pxyz = (0,0,0) 
CBVO Creating mask 158393
n_averages 4
Iteration 0 =========================================
n_averages=4, current_sigma=2
Freezing midline and others
Ripping frozen voxels
INFO: rip surface needed but not specified, so using input surface
Freezing midline and others
Entering: MRISripMidline(): inhibiting deformation at non-cortical midline structures...
  which=1, fix_mtl=0, using annot = 0
#FML0# MRISripMidline(): nripped=6010
#FML# MRISripMidline(): nmarked=6010, nmarked2=140, nripped=6010
Ripping segs (eg, WMSA, BG, frozen)
Starting MRISripSegs() d = (-2 2 0.5) segnos: 247 247 
MRISripSegs(): -2 2 0.5 ripped 0
Computing target border values 
Entering MRIScomputeBorderValues_new(): 
  inside_hi   = 120.0000000;
  border_hi   = 110.4901660;
  border_low  =  84.0000000;
  outside_low =  75.7348560;
  outside_hi  = 110.4901660;
  sigma = 2;
  max_thickness = 10;
  step_size=0.5;
  STEP_SIZE=0.1;
  which = 1
  thresh = 0
  flags = 0
  CBVfindFirstPeakD1=0
  CBVfindFirstPeakD2=0
  nvertices=158393
  Gdiag_no=-1
  vno start=0, stop=158393
Replacing 255s with 0s
#SI# sigma=2 had to be increased for 294 vertices, nripped=6010
mean border=91.9, 168 (168) missing vertices, mean dist 0.3 [0.7 (%36.0)->0.8 (%64.0))]
%73 local maxima, %24 large gradients and % 0 min vals, 0 gradients ignored
nFirstPeakD1 0
MRIScomputeBorderValues_new() finished in 0.0145 min


Finding expansion regions
mean absolute distance = 0.75 +- 0.97
5943 vertices more than 2 sigmas from mean.
Averaging target values for 5 iterations...
Positioning Surface: tspring = 0.3, nspring = 0.3, spring = 0, niters = 100 l_repulse = 5, l_surf_repulse = 0, checktol = 0
Positioning pial surface
Entering MRISpositionSurface()
  max_mm = 0.3
  MAX_REDUCTIONS = 2, REDUCTION_PCT = 0.5
  parms->check_tol = 0, niterations = 100
tol=1.0e-04, sigma=2.0, host=dna08, nav=4, nbrs=2, l_repulse=5.000, l_tspring=0.300, l_nspring=0.300, l_intensity=0.200, l_curv=1.000
mom=0.00, dt=0.50
complete_dist_mat 0
rms 0
smooth_averages 0
remove_neg 0
ico_order 0
which_surface 0
target_radius 0.000000
nfields 0
scale 0.000000
desired_rms_height 0.000000
momentum 0.000000
nbhd_size 0
max_nbrs 0
niterations 100
nsurfaces 0
SURFACES 3
flags 0 (0)
use curv 0
no sulc 0
no rigid align 0
mris->nsize 2
mris->hemisphere 1
randomSeed 0

000: dt: 0.0000, sse=1375706.2, rms=6.267
001: dt: 0.5000, sse=791900.0, rms=4.499 (28.208%)
002: dt: 0.5000, sse=520318.8, rms=3.369 (25.125%)
003: dt: 0.5000, sse=389340.3, rms=2.657 (21.138%)
004: dt: 0.5000, sse=323650.5, rms=2.209 (16.846%)
005: dt: 0.5000, sse=290517.4, rms=1.935 (12.418%)
006: dt: 0.5000, sse=273350.2, rms=1.774 (8.315%)
007: dt: 0.5000, sse=264236.8, rms=1.674 (5.628%)
008: dt: 0.5000, sse=263712.6, rms=1.607 (3.996%)
rms = 1.5593/1.6072, sse=254835.4/263712.6, time step reduction 1 of 3 to 0.250  0 0 1
009: dt: 0.5000, sse=254835.5, rms=1.559 (2.983%)
010: dt: 0.2500, sse=228656.6, rms=1.232 (20.989%)
011: dt: 0.2500, sse=225250.3, rms=1.181 (4.147%)
rms = 1.1560/1.1809, sse=224004.0/225250.3, time step reduction 2 of 3 to 0.125  0 0 1
012: dt: 0.2500, sse=224004.0, rms=1.156 (2.108%)
rms = 1.1422/1.1560, sse=222716.7/224004.0, time step reduction 3 of 3 to 0.062  0 0 1
013: dt: 0.1250, sse=222716.7, rms=1.142 (1.197%)
  maximum number of reductions reached, breaking from loop
positioning took 1.0 minutes
Iteration 1 =========================================
n_averages=2, current_sigma=1
Freezing midline and others
Ripping frozen voxels
INFO: rip surface needed but not specified, so using input surface
Freezing midline and others
Entering: MRISripMidline(): inhibiting deformation at non-cortical midline structures...
  which=1, fix_mtl=0, using annot = 0
#FML0# MRISripMidline(): nripped=6010
removing 2 vertices from ripped group in thread:0
removing 2 vertices from ripped group in thread:0
removing 3 vertices from ripped group in thread:0
removing 3 vertices from ripped group in thread:0
removing 3 vertices from ripped group in thread:0
removing 3 vertices from ripped group in thread:0
#FML# MRISripMidline(): nmarked=6785, nmarked2=501, nripped=6785
Ripping segs (eg, WMSA, BG, frozen)
Starting MRISripSegs() d = (-2 2 0.5) segnos: 247 247 247 
MRISripSegs(): -2 2 0.5 ripped 0
Computing target border values 
Entering MRIScomputeBorderValues_new(): 
  inside_hi   = 120.0000000;
  border_hi   = 110.4901660;
  border_low  =  84.0000000;
  outside_low =  75.7348560;
  outside_hi  = 110.4901660;
  sigma = 1;
  max_thickness = 10;
  step_size=0.5;
  STEP_SIZE=0.1;
  which = 1
  thresh = 0
  flags = 0
  CBVfindFirstPeakD1=0
  CBVfindFirstPeakD2=0
  nvertices=158393
  Gdiag_no=-1
  vno start=0, stop=158393
Replacing 255s with 0s
#SI# sigma=1 had to be increased for 160 vertices, nripped=6785
mean border=93.5, 100 (41) missing vertices, mean dist -0.2 [0.5 (%69.1)->0.3 (%30.9))]
%80 local maxima, %16 large gradients and % 0 min vals, 0 gradients ignored
nFirstPeakD1 0
MRIScomputeBorderValues_new() finished in 0.0102 min


Finding expansion regions
mean absolute distance = 0.42 +- 0.72
5481 vertices more than 2 sigmas from mean.
Averaging target values for 5 iterations...
Positioning Surface: tspring = 0.3, nspring = 0.3, spring = 0, niters = 100 l_repulse = 5, l_surf_repulse = 0, checktol = 0
Positioning pial surface
Entering MRISpositionSurface()
  max_mm = 0.3
  MAX_REDUCTIONS = 2, REDUCTION_PCT = 0.5
  parms->check_tol = 0, niterations = 100
tol=1.0e-04, sigma=1.0, host=dna08, nav=2, nbrs=2, l_repulse=5.000, l_tspring=0.300, l_nspring=0.300, l_intensity=0.200, l_curv=1.000
mom=0.00, dt=0.50
000: dt: 0.0000, sse=478206.9, rms=2.854
014: dt: 0.5000, sse=312102.8, rms=1.637 (42.627%)
015: dt: 0.5000, sse=280824.9, rms=1.252 (23.559%)
016: dt: 0.5000, sse=270584.7, rms=1.118 (10.638%)
017: dt: 0.5000, sse=265593.1, rms=1.056 (5.611%)
rms = 1.0563/1.0557, sse=266622.2/265593.1, time step reduction 1 of 3 to 0.250  0 1 1
   RMS increased, rejecting step
018: dt: 0.2500, sse=258892.5, rms=0.942 (10.778%)
019: dt: 0.2500, sse=256521.1, rms=0.884 (6.178%)
rms = 0.8663/0.8837, sse=256304.7/256521.1, time step reduction 2 of 3 to 0.125  0 0 1
020: dt: 0.2500, sse=256304.7, rms=0.866 (1.974%)
rms = 0.8568/0.8663, sse=255318.2/256304.7, time step reduction 3 of 3 to 0.062  0 0 1
021: dt: 0.1250, sse=255318.2, rms=0.857 (1.090%)
  maximum number of reductions reached, breaking from loop
positioning took 0.6 minutes
Iteration 2 =========================================
n_averages=1, current_sigma=0.5
Freezing midline and others
Ripping frozen voxels
INFO: rip surface needed but not specified, so using input surface
Freezing midline and others
Entering: MRISripMidline(): inhibiting deformation at non-cortical midline structures...
  which=1, fix_mtl=0, using annot = 0
#FML0# MRISripMidline(): nripped=6785
removing 4 vertices from ripped group in thread:0
removing 4 vertices from ripped group in thread:0
removing 3 vertices from ripped group in thread:0
removing 2 vertices from ripped group in thread:0
removing 3 vertices from ripped group in thread:0
removing 2 vertices from ripped group in thread:0
removing 3 vertices from ripped group in thread:0
#FML# MRISripMidline(): nmarked=6891, nmarked2=518, nripped=6891
Ripping segs (eg, WMSA, BG, frozen)
Starting MRISripSegs() d = (-2 2 0.5) segnos: 247 247 247 247 
MRISripSegs(): -2 2 0.5 ripped 0
Computing target border values 
Entering MRIScomputeBorderValues_new(): 
  inside_hi   = 120.0000000;
  border_hi   = 110.4901660;
  border_low  =  84.0000000;
  outside_low =  75.7348560;
  outside_hi  = 110.4901660;
  sigma = 0.5;
  max_thickness = 10;
  step_size=0.5;
  STEP_SIZE=0.1;
  which = 1
  thresh = 0
  flags = 0
  CBVfindFirstPeakD1=0
  CBVfindFirstPeakD2=0
  nvertices=158393
  Gdiag_no=-1
  vno start=0, stop=158393
Replacing 255s with 0s
#SI# sigma=0.5 had to be increased for 351 vertices, nripped=6891
mean border=94.6, 118 (26) missing vertices, mean dist -0.2 [0.4 (%64.3)->0.3 (%35.7))]
%86 local maxima, %10 large gradients and % 0 min vals, 0 gradients ignored
nFirstPeakD1 0
MRIScomputeBorderValues_new() finished in 0.0059 min


Finding expansion regions
mean absolute distance = 0.34 +- 0.53
5783 vertices more than 2 sigmas from mean.
Averaging target values for 5 iterations...
Positioning Surface: tspring = 0.3, nspring = 0.3, spring = 0, niters = 100 l_repulse = 5, l_surf_repulse = 0, checktol = 0
Positioning pial surface
Entering MRISpositionSurface()
  max_mm = 0.3
  MAX_REDUCTIONS = 2, REDUCTION_PCT = 0.5
  parms->check_tol = 0, niterations = 100
tol=1.0e-04, sigma=0.5, host=dna08, nav=1, nbrs=2, l_repulse=5.000, l_tspring=0.300, l_nspring=0.300, l_intensity=0.200, l_curv=1.000
mom=0.00, dt=0.50
000: dt: 0.0000, sse=345253.8, rms=1.967
022: dt: 0.5000, sse=271236.5, rms=1.161 (40.957%)
023: dt: 0.5000, sse=259109.4, rms=0.951 (18.069%)
rms = 0.9252/0.9514, sse=258784.3/259109.4, time step reduction 1 of 3 to 0.250  0 0 1
024: dt: 0.5000, sse=258784.3, rms=0.925 (2.756%)
025: dt: 0.2500, sse=252615.7, rms=0.790 (14.629%)
rms = 0.7772/0.7898, sse=252011.1/252615.7, time step reduction 2 of 3 to 0.125  0 0 1
026: dt: 0.2500, sse=252011.1, rms=0.777 (1.605%)
rms = 0.7731/0.7772, sse=254328.5/252011.1, time step reduction 3 of 3 to 0.062  0 1 1
027: dt: 0.1250, sse=254328.5, rms=0.773 (0.521%)
  maximum number of reductions reached, breaking from loop
positioning took 0.4 minutes
Iteration 3 =========================================
n_averages=0, current_sigma=0.25
Freezing midline and others
Ripping frozen voxels
INFO: rip surface needed but not specified, so using input surface
Freezing midline and others
Entering: MRISripMidline(): inhibiting deformation at non-cortical midline structures...
  which=1, fix_mtl=0, using annot = 0
#FML0# MRISripMidline(): nripped=6891
removing 2 vertices from ripped group in thread:0
removing 2 vertices from ripped group in thread:0
removing 4 vertices from ripped group in thread:0
removing 3 vertices from ripped group in thread:0
removing 3 vertices from ripped group in thread:0
removing 2 vertices from ripped group in thread:0
removing 3 vertices from ripped group in thread:0
removing 2 vertices from ripped group in thread:0
#FML# MRISripMidline(): nmarked=6909, nmarked2=519, nripped=6909
Ripping segs (eg, WMSA, BG, frozen)
Starting MRISripSegs() d = (-2 2 0.5) segnos: 247 247 247 247 247 
MRISripSegs(): -2 2 0.5 ripped 0
Computing target border values 
Entering MRIScomputeBorderValues_new(): 
  inside_hi   = 120.0000000;
  border_hi   = 110.4901660;
  border_low  =  84.0000000;
  outside_low =  75.7348560;
  outside_hi  = 110.4901660;
  sigma = 0.25;
  max_thickness = 10;
  step_size=0.5;
  STEP_SIZE=0.1;
  which = 1
  thresh = 0
  flags = 0
  CBVfindFirstPeakD1=0
  CBVfindFirstPeakD2=0
  nvertices=158393
  Gdiag_no=-1
  vno start=0, stop=158393
Replacing 255s with 0s
#SI# sigma=0.25 had to be increased for 307 vertices, nripped=6909
mean border=95.1, 150 (15) missing vertices, mean dist -0.1 [0.3 (%55.1)->0.3 (%44.9))]
%89 local maxima, % 7 large gradients and % 0 min vals, 0 gradients ignored
nFirstPeakD1 0
MRIScomputeBorderValues_new() finished in 0.0038 min


Finding expansion regions
mean absolute distance = 0.30 +- 0.44
4792 vertices more than 2 sigmas from mean.
Averaging target values for 5 iterations...
Positioning Surface: tspring = 0.3, nspring = 0.3, spring = 0, niters = 100 l_repulse = 5, l_surf_repulse = 0, checktol = 0
Positioning pial surface
Entering MRISpositionSurface()
  max_mm = 0.3
  MAX_REDUCTIONS = 2, REDUCTION_PCT = 0.5
  parms->check_tol = 0, niterations = 100
tol=1.0e-04, sigma=0.2, host=dna08, nav=0, nbrs=2, l_repulse=5.000, l_tspring=0.300, l_nspring=0.300, l_intensity=0.200, l_curv=1.000
mom=0.00, dt=0.50
000: dt: 0.0000, sse=272690.9, rms=1.140
028: dt: 0.5000, sse=251868.6, rms=0.705 (38.133%)
rms = 0.7645/0.7054, sse=250138.5/251868.6, time step reduction 1 of 3 to 0.250  0 0 1
   RMS increased, rejecting step
rms = 0.6626/0.7054, sse=246786.8/251868.6, time step reduction 2 of 3 to 0.125  0 0 1
029: dt: 0.2500, sse=246786.8, rms=0.663 (6.074%)
rms = 0.6508/0.6626, sse=246773.4/246786.8, time step reduction 3 of 3 to 0.062  0 0 1
030: dt: 0.1250, sse=246773.4, rms=0.651 (1.779%)
  maximum number of reductions reached, breaking from loop
positioning took 0.2 minutes


Writing output to ../surf/rh.white.preaparc
#ET# mris_place_surface  2.35 minutes
#VMPC# mris_place_surfaces VmPeak  3301100
mris_place_surface done
#--------------------------------------------
#@# CortexLabel rh Fri Mar 13 07:11:03 CET 2026
cd /out/sourcedata/freesurfer/sub-v2s4x29615_ses-1/mri
mri_label2label --label-cortex ../surf/rh.white.preaparc aseg.presurf.mgz 0 ../label/rh.cortex.label

 Generating cortex label... RemoveHipAmgy=0
 NucAccIsMedialWall=0
 mris->useRealRAS=0
11 non-cortical segments detected
only using segment with 7773 vertices
erasing segment 0 (vno[0] = 11286)
erasing segment 1 (vno[0] = 28649)
erasing segment 2 (vno[0] = 31165)
erasing segment 4 (vno[0] = 85827)
erasing segment 5 (vno[0] = 88867)
erasing segment 6 (vno[0] = 91013)
erasing segment 7 (vno[0] = 95623)
erasing segment 8 (vno[0] = 111877)
erasing segment 9 (vno[0] = 130572)
erasing segment 10 (vno[0] = 133691)
#--------------------------------------------
#@# CortexLabel+HipAmyg rh Fri Mar 13 07:11:14 CET 2026
cd /out/sourcedata/freesurfer/sub-v2s4x29615_ses-1/mri
mri_label2label --label-cortex ../surf/rh.white.preaparc aseg.presurf.mgz 1 ../label/rh.cortex+hipamyg.label

 Generating cortex label... RemoveHipAmgy=1
 NucAccIsMedialWall=0
 mris->useRealRAS=0
14 non-cortical segments detected
only using segment with 5019 vertices
erasing segment 0 (vno[0] = 11286)
erasing segment 1 (vno[0] = 28649)
erasing segment 2 (vno[0] = 31165)
erasing segment 4 (vno[0] = 48249)
erasing segment 5 (vno[0] = 50401)
erasing segment 6 (vno[0] = 74690)
erasing segment 7 (vno[0] = 85827)
erasing segment 8 (vno[0] = 86176)
erasing segment 9 (vno[0] = 88867)
erasing segment 10 (vno[0] = 91013)
erasing segment 11 (vno[0] = 95623)
erasing segment 12 (vno[0] = 111877)
erasing segment 13 (vno[0] = 133691)
#--------------------------------------------
#@# Smooth2 rh Fri Mar 13 07:11:24 CET 2026
/out/sourcedata/freesurfer/sub-v2s4x29615_ses-1/scripts

 mris_smooth -n 3 -nw -seed 1234 ../surf/rh.white.preaparc ../surf/rh.smoothwm 

smoothing for 3 iterations
setting seed for random number generator to 1234
smoothing surface tessellation for 3 iterations...
smoothing complete - recomputing first and second fundamental forms...
#--------------------------------------------
#@# Inflation2 rh Fri Mar 13 07:11:27 CET 2026
/out/sourcedata/freesurfer/sub-v2s4x29615_ses-1/scripts

 mris_inflate ../surf/rh.smoothwm ../surf/rh.inflated 

Reading ../surf/rh.smoothwm
avg radius = 47.4 mm, total surface area = 96458 mm^2
step 000: RMS=0.163 (target=0.015)   step 005: RMS=0.112 (target=0.015)   step 010: RMS=0.085 (target=0.015)   step 015: RMS=0.072 (target=0.015)   step 020: RMS=0.061 (target=0.015)   step 025: RMS=0.050 (target=0.015)   step 030: RMS=0.042 (target=0.015)   step 035: RMS=0.036 (target=0.015)   step 040: RMS=0.031 (target=0.015)   step 045: RMS=0.027 (target=0.015)   step 050: RMS=0.024 (target=0.015)   step 055: RMS=0.022 (target=0.015)   step 060: RMS=0.021 (target=0.015)   writing inflated surface to ../surf/rh.inflated
writing sulcal depths to ../surf/rh.sulc

inflation complete.
inflation took 0.1 minutes
mris_inflate utimesec    45.253165
mris_inflate stimesec    0.500214
mris_inflate ru_maxrss   244316
mris_inflate ru_ixrss    0
mris_inflate ru_idrss    0
mris_inflate ru_isrss    0
mris_inflate ru_minflt   135941
mris_inflate ru_majflt   12
mris_inflate ru_nswap    0
mris_inflate ru_inblock  0
mris_inflate ru_oublock  12384
mris_inflate ru_msgsnd   0
mris_inflate ru_msgrcv   0
mris_inflate ru_nsignals 0
mris_inflate ru_nvcsw    5703
mris_inflate ru_nivcsw   113
#--------------------------------------------
#@# Curv .H and .K rh Fri Mar 13 07:11:35 CET 2026
/out/sourcedata/freesurfer/sub-v2s4x29615_ses-1/surf

 mris_curvature -w -seed 1234 rh.white.preaparc 

setting seed for random number generator to 1234
total integrated curvature = 27.283*4pi (342.852) --> -26 handles
ICI = 196.5, FI = 1483.0, variation=24956.853
writing Gaussian curvature to ./rh.white.preaparc.K...done.
writing mean curvature to ./rh.white.preaparc.H...done.
rm -f rh.white.H
ln -s rh.white.preaparc.H rh.white.H
rm -f rh.white.K
ln -s rh.white.preaparc.K rh.white.K

 mris_curvature -seed 1234 -thresh .999 -n -a 5 -w -distances 10 10 rh.inflated 

setting seed for random number generator to 1234
normalizing curvature values.
averaging curvature patterns 5 times.
sampling 10 neighbors out to a distance of 10 mm
234 vertices thresholded to be in k1 ~ [-0.45 0.46], k2 ~ [-0.10 0.10]
total integrated curvature = 0.360*4pi (4.522) --> 1 handles
ICI = 1.7, FI = 15.2, variation=244.255
158 vertices thresholded to be in [-0.02 0.02]
writing Gaussian curvature to ./rh.inflated.K...thresholding curvature at 99.90% level
curvature mean = 0.000, std = 0.001
161 vertices thresholded to be in [-0.19 0.22]
done.
writing mean curvature to ./rh.inflated.H...curvature mean = -0.015, std = 0.029
done.
#--------------------------------------------
#@# Sphere rh Fri Mar 13 07:12:18 CET 2026
/out/sourcedata/freesurfer/sub-v2s4x29615_ses-1/scripts

 mris_sphere -seed 1234 ../surf/rh.inflated ../surf/rh.sphere 

setting seed for random number genererator to 1234
version: 7.3.2
available threads: 16
reading original vertex positions...
projecting onto sphere...
surface projected - minimizing metric distortion...
scaling brain by 0.273...
MRISunfold() max_passes = 1 -------
tol=5.0e-01, sigma=0.0, host=dna08, nav=1024, nbrs=2, l_area=1.000, l_dist=1.000
using quadratic fit line minimization
complete_dist_mat 0
rms 0
smooth_averages 0
remove_neg 0
ico_order 0
which_surface 0
target_radius 0.000000
nfields 0
scale 1.000000
desired_rms_height -1.000000
momentum 0.900000
nbhd_size 7
max_nbrs 8
niterations 25
nsurfaces 0
SURFACES 3
flags 0 (0)
use curv 0
no sulc 0
no rigid align 0
mris->nsize 2
mris->hemisphere 1
randomSeed 1234

singular matrix in quadratic form
singular matrix in quadratic form
--------------------
  mrisRemoveNegativeArea()
pass 1: epoch 1 of 3 starting distance error %21.09
pass 1: epoch 2 of 3 starting distance error %20.95
unfolding complete - removing small folds...
starting distance error %20.93
removing remaining folds...
final distance error %20.96
MRISunfold() return, current seed 1234
-01: dt=0.0000,  13 negative triangles  VmPeak 1819040
195: dt=0.9900,  13 negative triangles
writing spherical brain to ../surf/rh.sphere
spherical transformation took 0.0449 hours
FSRUNTIME@ mris_sphere  0.0449 hours 16 threads
#VMPC# mris_sphere VmPeak  1819040
mris_sphere done
#--------------------------------------------
#@# Surf Reg rh Fri Mar 13 07:15:00 CET 2026
/out/sourcedata/freesurfer/sub-v2s4x29615_ses-1/scripts

 mris_register -curv ../surf/rh.sphere /opt/freesurfer/average/rh.folding.atlas.acfb40.noaparc.i12.2016-08-02.tif ../surf/rh.sphere.reg 

using smoothwm curvature for final alignment

cwd /out/sourcedata/freesurfer/sub-v2s4x29615_ses-1/scripts
cmdline mris_register -curv ../surf/rh.sphere /opt/freesurfer/average/rh.folding.atlas.acfb40.noaparc.i12.2016-08-02.tif ../surf/rh.sphere.reg 

0 inflated.H
1 sulc
2 smoothwm (computed)
7.3.2
  7.3.2
reading surface from ../surf/rh.sphere...
reading template parameterization from /opt/freesurfer/average/rh.folding.atlas.acfb40.noaparc.i12.2016-08-02.tif...
MRISregister() -------
max_passes = 4 
min_degrees = 0.500000 
max_degrees = 64.000000 
nangles = 8 
tol=5.0e-01, sigma=0.0, host=dna08, nav=1024, nbrs=1, l_extern=10000.000, l_parea=0.200, l_nlarea=1.000, l_corr=1.000, l_dist=5.000
using quadratic fit line minimization
complete_dist_mat 0
rms 0
smooth_averages 0
remove_neg 0
ico_order 0
which_surface 0
target_radius 0.000000
nfields 0
scale 0.000000
desired_rms_height -1.000000
momentum 0.950000
nbhd_size -10
max_nbrs 10
niterations 25
nsurfaces 0
SURFACES 3
flags 16 (10)
use curv 16
no sulc 0
no rigid align 0
mris->nsize 1
mris->hemisphere 1
randomSeed 0

tol=5.0e-01, sigma=0.0, host=dna08, nav=1024, nbrs=1, l_extern=10000.000, l_parea=0.200, l_nlarea=1.000, l_corr=1.000, l_dist=5.000
using quadratic fit line minimization
--------------------
1 Reading rh.sulc
tol=1.0e+00, sigma=0.5, host=dna08, nav=1024, nbrs=1, l_extern=10000.000, l_parea=0.200, l_nlarea=1.000, l_corr=0.050, l_spring=0.500, l_dist=5.000
using quadratic fit line minimization
curvature mean = -0.000, std = 5.797
curvature mean = 0.051, std = 0.813
curvature mean = 0.009, std = 0.856
Starting MRISrigidBodyAlignGlobal()
Starting new MRISrigidBodyAlignGlobal_findMinSSE()
  new MRISrigidBodyAlignGlobal_findMinSSE min @ (6.50, -10.50, 21.50) sse = 326696.9, elapsed since starting=0.0570 min
MRISrigidBodyAlignGlobal() done   0.06 min
curvature mean = 0.024, std = 0.818
curvature mean = 0.001, std = 0.943
curvature mean = 0.019, std = 0.826
curvature mean = 0.001, std = 0.976
curvature mean = 0.016, std = 0.825
curvature mean = 0.000, std = 0.989
2 Reading smoothwm
curvature mean = -0.022, std = 0.250
curvature mean = 0.040, std = 0.239
curvature mean = 0.041, std = 0.386
curvature mean = 0.034, std = 0.299
curvature mean = 0.029, std = 0.574
curvature mean = 0.033, std = 0.326
curvature mean = 0.016, std = 0.719
curvature mean = 0.033, std = 0.338
curvature mean = 0.005, std = 0.823
MRISregister() return, current seed 0
-01: dt=0.0000,   6 negative triangles  VmPeak 1753540
135: dt=0.9900,   6 negative triangles
writing registered surface to ../surf/rh.sphere.reg...
registration took 0.06 hours
#VMPC# mris_register VmPeak  1753540
FSRUNTIME@ mris_register  0.0616 hours 16 threads

 ln -sf rh.sphere.reg rh.fsaverage.sphere.reg 

#--------------------------------------------
#@# Jacobian white rh Fri Mar 13 07:18:42 CET 2026
/out/sourcedata/freesurfer/sub-v2s4x29615_ses-1/scripts

 mris_jacobian ../surf/rh.white.preaparc ../surf/rh.sphere.reg ../surf/rh.jacobian_white 

reading surface from ../surf/rh.white.preaparc...
writing curvature file ../surf/rh.jacobian_white
#--------------------------------------------
#@# AvgCurv rh Fri Mar 13 07:18:42 CET 2026
/out/sourcedata/freesurfer/sub-v2s4x29615_ses-1/scripts

 mrisp_paint -a 5 /opt/freesurfer/average/rh.folding.atlas.acfb40.noaparc.i12.2016-08-02.tif#6 ../surf/rh.sphere.reg ../surf/rh.avg_curv 

averaging curvature patterns 5 times...
reading surface from ../surf/rh.sphere.reg...
reading template parameterization from /opt/freesurfer/average/rh.folding.atlas.acfb40.noaparc.i12.2016-08-02.tif...
writing curvature file to ../surf/rh.avg_curv...
#-----------------------------------------
#@# Cortical Parc rh Fri Mar 13 07:18:43 CET 2026
/out/sourcedata/freesurfer/sub-v2s4x29615_ses-1/scripts

 mris_ca_label -l ../label/rh.cortex.label -aseg ../mri/aseg.presurf.mgz -seed 1234 sub-v2s4x29615_ses-1 rh ../surf/rh.sphere.reg /opt/freesurfer/average/rh.DKaparc.atlas.acfb40.noaparc.i12.2016-08-02.gcs ../label/rh.aparc.annot 

setting seed for random number generator to 1234
using ../mri/aseg.presurf.mgz aseg volume to correct midline
7.3.2
  7.3.2
reading atlas from /opt/freesurfer/average/rh.DKaparc.atlas.acfb40.noaparc.i12.2016-08-02.gcs...
reading color table from GCSA file....
average std = 0.7   using min determinant for regularization = 0.004
0 singular and 309 ill-conditioned covariance matrices regularized
input 0: MEAN CURVATURE, flags 0, avgs 5, name mean_curvature
labeling surface...
1378 labels changed using aseg
relabeling using gibbs priors...
000:   3129 changed, 158393 examined...
001:    713 changed, 13450 examined...
002:    163 changed, 4100 examined...
003:     47 changed, 1030 examined...
004:     20 changed, 288 examined...
005:      6 changed, 122 examined...
006:      3 changed, 37 examined...
007:      1 changed, 17 examined...
008:      0 changed, 7 examined...
167 labels changed using aseg
000: 94 total segments, 56 labels (331 vertices) changed
001: 40 total segments, 2 labels (3 vertices) changed
002: 38 total segments, 0 labels (0 vertices) changed
10 filter iterations complete (10 requested, 5 changed)
rationalizing unknown annotations with cortex label
relabeling unknown label...
relabeling corpuscallosum label...
1740 vertices marked for relabeling...
1740 labels changed in reclassification.
writing output to ../label/rh.aparc.annot...
classification took 0 minutes and 8 seconds.
#--------------------------------------------
#@# WhiteSurfs rh Fri Mar 13 07:18:51 CET 2026
cd /out/sourcedata/freesurfer/sub-v2s4x29615_ses-1/mri
mris_place_surface --adgws-in ../surf/autodet.gw.stats.rh.dat --seg aseg.presurf.mgz --threads 16 --wm wm.mgz --invol brain.finalsurfs.mgz --rh --i ../surf/rh.white.preaparc --o ../surf/rh.white --white --nsmooth 0 --rip-label ../label/rh.cortex.label --rip-bg --rip-surf ../surf/rh.white.preaparc --aparc ../label/rh.aparc.annot
7.3.2
7.3.2

cd /out/sourcedata/freesurfer/sub-v2s4x29615_ses-1/mri
setenv SUBJECTS_DIR /out/sourcedata/freesurfer
mris_place_surface --adgws-in ../surf/autodet.gw.stats.rh.dat --seg aseg.presurf.mgz --threads 16 --wm wm.mgz --invol brain.finalsurfs.mgz --rh --i ../surf/rh.white.preaparc --o ../surf/rh.white --white --nsmooth 0 --rip-label ../label/rh.cortex.label --rip-bg --rip-surf ../surf/rh.white.preaparc --aparc ../label/rh.aparc.annot 

Reading in input surface ../surf/rh.white.preaparc
Not smoothing input surface
Area    316782  0.33344  0.11078 0.000403   2.6320
Corner  950346 60.00000 13.27722 0.414083 179.0667
Edge    475173  0.88779  0.18587 0.012729   3.6944
Hinge   475173 10.14305 11.20182 0.000021 179.9474
Reading in aparc ../label/rh.aparc.annot
Reading in input volume brain.finalsurfs.mgz
Reading in wm volume wm.mgz
MRIclipBrightWM(): nthresh=20113, wmmin=5, clip=110 
MRIfindBrightNonWM(): 29 bright non-wm voxels segmented.
Masking bright non-wm for white surface
MRImask(): AllowDiffGeom = 1
MRImask(): AllowDiffGeom = 1
Reading in seg volume aseg.presurf.mgz
Ripping frozen voxels
Ripping vertices not in label ../label/rh.cortex.label
MRISripNotLabel() ripped 8051/158393 vertices (150342 unripped)
Reading in ripping surface ../surf/rh.white.preaparc
Reading in aparc ../label/rh.aparc.annot for ripsurf
Ripping BG
MRISripBasalGanglia(): 1 -2 2 0.5 ripped 194
Ripping segs (eg, WMSA, BG, frozen)
Starting MRISripSegs() d = (-2 2 0.5) segnos: 247 
MRISripSegs(): -2 2 0.5 ripped 0
vertex 79197: xyz = (59.7208,-1.07973,19.6276) oxyz = (59.7208,-1.07973,19.6276) wxzy = (59.7208,-1.07973,19.6276) pxyz = (0,0,0) 
CBVO Creating mask 158393
n_averages 4
Iteration 0 =========================================
n_averages=4, current_sigma=2
Computing target border values 
Entering MRIScomputeBorderValues_new(): 
  inside_hi   = 120.0000000;
  border_hi   = 110.4901660;
  border_low  =  84.0000000;
  outside_low =  75.7348560;
  outside_hi  = 110.4901660;
  sigma = 2;
  max_thickness = 10;
  step_size=0.5;
  STEP_SIZE=0.1;
  which = 1
  thresh = 0
  flags = 0
  CBVfindFirstPeakD1=0
  CBVfindFirstPeakD2=0
  nvertices=158393
  Gdiag_no=-1
  vno start=0, stop=158393
Replacing 255s with 0s
#SI# sigma=2 had to be increased for 283 vertices, nripped=8245
mean border=91.7, 163 (163) missing vertices, mean dist 0.3 [0.9 (%18.6)->0.6 (%81.4))]
%70 local maxima, %25 large gradients and % 0 min vals, 0 gradients ignored
nFirstPeakD1 0
MRIScomputeBorderValues_new() finished in 0.0137 min


Finding expansion regions
mean absolute distance = 0.66 +- 0.98
4745 vertices more than 2 sigmas from mean.
Averaging target values for 5 iterations...
Positioning Surface: tspring = 0.3, nspring = 0.3, spring = 0, niters = 100 l_repulse = 5, l_surf_repulse = 0, checktol = 0
Positioning pial surface
Entering MRISpositionSurface()
  max_mm = 0.3
  MAX_REDUCTIONS = 2, REDUCTION_PCT = 0.5
  parms->check_tol = 0, niterations = 100
tol=1.0e-04, sigma=2.0, host=dna08, nav=4, nbrs=2, l_repulse=5.000, l_tspring=0.300, l_nspring=0.300, l_intensity=0.200, l_curv=1.000
mom=0.00, dt=0.50
complete_dist_mat 0
rms 0
smooth_averages 0
remove_neg 0
ico_order 0
which_surface 0
target_radius 0.000000
nfields 0
scale 0.000000
desired_rms_height 0.000000
momentum 0.000000
nbhd_size 0
max_nbrs 0
niterations 100
nsurfaces 0
SURFACES 3
flags 0 (0)
use curv 0
no sulc 0
no rigid align 0
mris->nsize 2
mris->hemisphere 1
randomSeed 0

000: dt: 0.0000, sse=898300.8, rms=4.718
001: dt: 0.5000, sse=469184.7, rms=2.865 (39.283%)
002: dt: 0.5000, sse=343748.4, rms=2.014 (29.682%)
003: dt: 0.5000, sse=305566.7, rms=1.655 (17.824%)
rms = 1.4678/1.6554, sse=306316.4/305566.7, time step reduction 1 of 3 to 0.250  0 1 0
004: dt: 0.5000, sse=306316.4, rms=1.468 (11.330%)
005: dt: 0.2500, sse=275987.5, rms=1.292 (11.993%)
006: dt: 0.2500, sse=273386.6, rms=1.231 (4.743%)
rms = 1.1922/1.2305, sse=270737.0/273386.6, time step reduction 2 of 3 to 0.125  0 0 1
007: dt: 0.2500, sse=270737.0, rms=1.192 (3.111%)
rms = 1.1732/1.1922, sse=269366.1/270737.0, time step reduction 3 of 3 to 0.062  0 0 1
008: dt: 0.1250, sse=269366.2, rms=1.173 (1.595%)
  maximum number of reductions reached, breaking from loop
positioning took 0.6 minutes
Iteration 1 =========================================
n_averages=2, current_sigma=1
Computing target border values 
Entering MRIScomputeBorderValues_new(): 
  inside_hi   = 120.0000000;
  border_hi   = 110.4901660;
  border_low  =  84.0000000;
  outside_low =  75.7348560;
  outside_hi  = 110.4901660;
  sigma = 1;
  max_thickness = 10;
  step_size=0.5;
  STEP_SIZE=0.1;
  which = 1
  thresh = 0
  flags = 0
  CBVfindFirstPeakD1=0
  CBVfindFirstPeakD2=0
  nvertices=158393
  Gdiag_no=-1
  vno start=0, stop=158393
Replacing 255s with 0s
#SI# sigma=1 had to be increased for 181 vertices, nripped=8245
mean border=93.4, 101 (36) missing vertices, mean dist -0.2 [0.5 (%69.1)->0.3 (%30.9))]
%79 local maxima, %16 large gradients and % 0 min vals, 0 gradients ignored
nFirstPeakD1 0
MRIScomputeBorderValues_new() finished in 0.0099 min


Finding expansion regions
mean absolute distance = 0.42 +- 0.71
4645 vertices more than 2 sigmas from mean.
Averaging target values for 5 iterations...
Positioning Surface: tspring = 0.3, nspring = 0.3, spring = 0, niters = 100 l_repulse = 5, l_surf_repulse = 0, checktol = 0
Positioning pial surface
Entering MRISpositionSurface()
  max_mm = 0.3
  MAX_REDUCTIONS = 2, REDUCTION_PCT = 0.5
  parms->check_tol = 0, niterations = 100
tol=1.0e-04, sigma=1.0, host=dna08, nav=2, nbrs=2, l_repulse=5.000, l_tspring=0.300, l_nspring=0.300, l_intensity=0.200, l_curv=1.000
mom=0.00, dt=0.50
000: dt: 0.0000, sse=475366.8, rms=2.802
009: dt: 0.5000, sse=324991.0, rms=1.646 (41.266%)
010: dt: 0.5000, sse=293287.2, rms=1.294 (21.353%)
011: dt: 0.5000, sse=285929.8, rms=1.186 (8.342%)
rms = 1.1389/1.1864, sse=281790.8/285929.8, time step reduction 1 of 3 to 0.250  0 0 1
012: dt: 0.5000, sse=281790.8, rms=1.139 (4.007%)
013: dt: 0.2500, sse=273835.9, rms=1.015 (10.902%)
rms = 0.9915/1.0147, sse=275722.4/273835.9, time step reduction 2 of 3 to 0.125  0 1 1
014: dt: 0.2500, sse=275722.3, rms=0.991 (2.292%)
rms = 0.9829/0.9915, sse=272561.5/275722.4, time step reduction 3 of 3 to 0.062  0 0 1
015: dt: 0.1250, sse=272561.5, rms=0.983 (0.865%)
  maximum number of reductions reached, breaking from loop
positioning took 0.5 minutes
Iteration 2 =========================================
n_averages=1, current_sigma=0.5
Computing target border values 
Entering MRIScomputeBorderValues_new(): 
  inside_hi   = 120.0000000;
  border_hi   = 110.4901660;
  border_low  =  84.0000000;
  outside_low =  75.7348560;
  outside_hi  = 110.4901660;
  sigma = 0.5;
  max_thickness = 10;
  step_size=0.5;
  STEP_SIZE=0.1;
  which = 1
  thresh = 0
  flags = 0
  CBVfindFirstPeakD1=0
  CBVfindFirstPeakD2=0
  nvertices=158393
  Gdiag_no=-1
  vno start=0, stop=158393
Replacing 255s with 0s
#SI# sigma=0.5 had to be increased for 230 vertices, nripped=8245
mean border=94.6, 136 (15) missing vertices, mean dist -0.2 [0.4 (%64.5)->0.3 (%35.5))]
%85 local maxima, %10 large gradients and % 0 min vals, 0 gradients ignored
nFirstPeakD1 0
MRIScomputeBorderValues_new() finished in 0.0056 min


Finding expansion regions
mean absolute distance = 0.34 +- 0.55
5792 vertices more than 2 sigmas from mean.
Averaging target values for 5 iterations...
Positioning Surface: tspring = 0.3, nspring = 0.3, spring = 0, niters = 100 l_repulse = 5, l_surf_repulse = 0, checktol = 0
Positioning pial surface
Entering MRISpositionSurface()
  max_mm = 0.3
  MAX_REDUCTIONS = 2, REDUCTION_PCT = 0.5
  parms->check_tol = 0, niterations = 100
tol=1.0e-04, sigma=0.5, host=dna08, nav=1, nbrs=2, l_repulse=5.000, l_tspring=0.300, l_nspring=0.300, l_intensity=0.200, l_curv=1.000
mom=0.00, dt=0.50
000: dt: 0.0000, sse=362172.1, rms=2.036
016: dt: 0.5000, sse=292465.2, rms=1.276 (37.319%)
017: dt: 0.5000, sse=278633.9, rms=1.080 (15.389%)
rms = 1.0497/1.0796, sse=277455.1/278633.9, time step reduction 1 of 3 to 0.250  0 0 1
018: dt: 0.5000, sse=277455.1, rms=1.050 (2.768%)
019: dt: 0.2500, sse=270430.9, rms=0.928 (11.641%)
rms = 0.9082/0.9275, sse=271763.6/270430.9, time step reduction 2 of 3 to 0.125  0 1 1
020: dt: 0.2500, sse=271763.7, rms=0.908 (2.083%)
rms = 0.9010/0.9082, sse=271209.9/271763.6, time step reduction 3 of 3 to 0.062  0 0 1
021: dt: 0.1250, sse=271209.9, rms=0.901 (0.797%)
  maximum number of reductions reached, breaking from loop
positioning took 0.4 minutes
Iteration 3 =========================================
n_averages=0, current_sigma=0.25
Computing target border values 
Entering MRIScomputeBorderValues_new(): 
  inside_hi   = 120.0000000;
  border_hi   = 110.4901660;
  border_low  =  84.0000000;
  outside_low =  75.7348560;
  outside_hi  = 110.4901660;
  sigma = 0.25;
  max_thickness = 10;
  step_size=0.5;
  STEP_SIZE=0.1;
  which = 1
  thresh = 0
  flags = 0
  CBVfindFirstPeakD1=0
  CBVfindFirstPeakD2=0
  nvertices=158393
  Gdiag_no=-1
  vno start=0, stop=158393
Replacing 255s with 0s
#SI# sigma=0.25 had to be increased for 240 vertices, nripped=8245
mean border=95.0, 187 (11) missing vertices, mean dist -0.1 [0.3 (%55.0)->0.3 (%45.0))]
%88 local maxima, % 7 large gradients and % 0 min vals, 0 gradients ignored
nFirstPeakD1 0
MRIScomputeBorderValues_new() finished in 0.0037 min


Finding expansion regions
mean absolute distance = 0.30 +- 0.45
4600 vertices more than 2 sigmas from mean.
Averaging target values for 5 iterations...
Positioning Surface: tspring = 0.3, nspring = 0.3, spring = 0, niters = 100 l_repulse = 5, l_surf_repulse = 0, checktol = 0
Positioning pial surface
Entering MRISpositionSurface()
  max_mm = 0.3
  MAX_REDUCTIONS = 2, REDUCTION_PCT = 0.5
  parms->check_tol = 0, niterations = 100
tol=1.0e-04, sigma=0.2, host=dna08, nav=0, nbrs=2, l_repulse=5.000, l_tspring=0.300, l_nspring=0.300, l_intensity=0.200, l_curv=1.000
mom=0.00, dt=0.50
000: dt: 0.0000, sse=288604.3, rms=1.223
022: dt: 0.5000, sse=265229.5, rms=0.840 (31.275%)
rms = 0.8843/0.8404, sse=260790.7/265229.5, time step reduction 1 of 3 to 0.250  0 0 1
   RMS increased, rejecting step
rms = 0.8034/0.8404, sse=259524.6/265229.5, time step reduction 2 of 3 to 0.125  0 0 1
023: dt: 0.2500, sse=259524.6, rms=0.803 (4.400%)
rms = 0.7893/0.8034, sse=258453.3/259524.6, time step reduction 3 of 3 to 0.062  0 0 1
024: dt: 0.1250, sse=258453.3, rms=0.789 (1.757%)
  maximum number of reductions reached, breaking from loop
positioning took 0.3 minutes


Writing output to ../surf/rh.white
#ET# mris_place_surface  1.97 minutes
#VMPC# mris_place_surfaces VmPeak  3182756
mris_place_surface done
#--------------------------------------------
#@# T1PialSurf rh Fri Mar 13 07:20:54 CET 2026
cd /out/sourcedata/freesurfer/sub-v2s4x29615_ses-1/mri
mris_place_surface --adgws-in ../surf/autodet.gw.stats.rh.dat --seg aseg.presurf.mgz --threads 16 --wm wm.mgz --invol brain.finalsurfs.mgz --rh --i ../surf/rh.white --o ../surf/rh.pial.T1 --pial --nsmooth 0 --rip-label ../label/rh.cortex+hipamyg.label --pin-medial-wall ../label/rh.cortex.label --aparc ../label/rh.aparc.annot --repulse-surf ../surf/rh.white --white-surf ../surf/rh.white
7.3.2
7.3.2

cd /out/sourcedata/freesurfer/sub-v2s4x29615_ses-1/mri
setenv SUBJECTS_DIR /out/sourcedata/freesurfer
mris_place_surface --adgws-in ../surf/autodet.gw.stats.rh.dat --seg aseg.presurf.mgz --threads 16 --wm wm.mgz --invol brain.finalsurfs.mgz --rh --i ../surf/rh.white --o ../surf/rh.pial.T1 --pial --nsmooth 0 --rip-label ../label/rh.cortex+hipamyg.label --pin-medial-wall ../label/rh.cortex.label --aparc ../label/rh.aparc.annot --repulse-surf ../surf/rh.white --white-surf ../surf/rh.white 

Reading in input surface ../surf/rh.white
Not smoothing input surface
Area    316782  0.33613  0.12247 0.001030   2.9758
Corner  950346 60.00000 14.38748 0.543320 177.5263
Edge    475173  0.89267  0.20103 0.012729   3.6360
Hinge   475173 10.16079 11.06253 0.000062 179.9474
Reading white surface coordinates from ../surf/rh.white
Reading repulsion surface coordinates from ../surf/rh.white
Reading in aparc ../label/rh.aparc.annot
Reading in input volume brain.finalsurfs.mgz
Reading in wm volume wm.mgz
MRIclipBrightWM(): nthresh=20113, wmmin=5, clip=110 
MRIfindBrightNonWM(): 29 bright non-wm voxels segmented.
Masking bright non-wm for pial surface mid_gray = 79.3572
MRImask(): AllowDiffGeom = 1
MRImask(): AllowDiffGeom = 1
MRImask(): AllowDiffGeom = 1
Reading in seg volume aseg.presurf.mgz
Ripping frozen voxels
Ripping vertices not in label ../label/rh.cortex+hipamyg.label
MRISripNotLabel() ripped 5412/158393 vertices (152981 unripped)
INFO: rip surface needed but not specified, so using input surface
Ripping segs (eg, WMSA, BG, frozen)
Starting MRISripSegs() d = (-2 2 0.5) segnos: 247 
MRISripSegs(): -2 2 0.5 ripped 0
vertex 79197: xyz = (59.776,-1.2511,19.5202) oxyz = (59.776,-1.2511,19.5202) wxzy = (59.776,-1.2511,19.5202) pxyz = (59.776,-1.2511,19.5202) 
CBVO Creating mask 158393
n_averages 16
Iteration 0 =========================================
n_averages=16, current_sigma=2
Computing target border values 
Entering MRIScomputeBorderValues_new(): 
  inside_hi   =  99.5098340;
  border_hi   =  75.7348560;
  border_low  =  59.2045750;
  outside_low =  10.0000000;
  outside_hi  =  71.6022800;
  sigma = 2;
  max_thickness = 10;
  step_size=0.5;
  STEP_SIZE=0.1;
  which = 2
  thresh = 0
  flags = 0
  CBVfindFirstPeakD1=0
  CBVfindFirstPeakD2=0
  nvertices=158393
  Gdiag_no=-1
  vno start=0, stop=158393
Replacing 255s with 0s
#SI# sigma=2 had to be increased for 223 vertices, nripped=5412
mean border=74.5, 165 (165) missing vertices, mean dist 1.6 [2.1 (%0.0)->3.3 (%100.0))]
%15 local maxima, %33 large gradients and %48 min vals, 0 gradients ignored
nFirstPeakD1 0
MRIScomputeBorderValues_new() finished in 0.0117 min


Averaging target values for 5 iterations...
Positioning Surface: tspring = 0.3, nspring = 0.3, spring = 0, niters = 100 l_repulse = 0, l_surf_repulse = 5, checktol = 0
Positioning pial surface
Entering MRISpositionSurface()
  max_mm = 0.3
  MAX_REDUCTIONS = 2, REDUCTION_PCT = 0.5
  parms->check_tol = 0, niterations = 100
tol=1.0e-04, sigma=2.0, host=dna08, nav=16, nbrs=2, l_surf_repulse=5.000, l_tspring=0.300, l_nspring=0.300, l_intensity=0.200, l_curv=1.000
mom=0.00, dt=0.50
complete_dist_mat 0
rms 0
smooth_averages 0
remove_neg 0
ico_order 0
which_surface 0
target_radius 0.000000
nfields 0
scale 0.000000
desired_rms_height 0.000000
momentum 0.000000
nbhd_size 0
max_nbrs 0
niterations 100
nsurfaces 0
SURFACES 3
flags 0 (0)
use curv 0
no sulc 0
no rigid align 0
mris->nsize 2
mris->hemisphere 1
randomSeed 0

000: dt: 0.0000, sse=14233586.0, rms=21.407
001: dt: 0.5000, sse=10724435.0, rms=18.533 (13.429%)
002: dt: 0.5000, sse=8085534.5, rms=16.033 (13.485%)
003: dt: 0.5000, sse=6249714.0, rms=14.033 (12.477%)
004: dt: 0.5000, sse=5010907.0, rms=12.502 (10.911%)
005: dt: 0.5000, sse=4126171.2, rms=11.280 (9.772%)
006: dt: 0.5000, sse=3433068.8, rms=10.220 (9.397%)
007: dt: 0.5000, sse=2852169.5, rms=9.237 (9.619%)
008: dt: 0.5000, sse=2361298.8, rms=8.315 (9.980%)
009: dt: 0.5000, sse=1942245.4, rms=7.437 (10.556%)
010: dt: 0.5000, sse=1598714.5, rms=6.631 (10.844%)
011: dt: 0.5000, sse=1328264.5, rms=5.918 (10.748%)
012: dt: 0.5000, sse=1118330.0, rms=5.298 (10.478%)
013: dt: 0.5000, sse=961185.1, rms=4.780 (9.781%)
014: dt: 0.5000, sse=850133.8, rms=4.376 (8.450%)
015: dt: 0.5000, sse=777344.4, rms=4.087 (6.603%)
016: dt: 0.5000, sse=728155.3, rms=3.878 (5.111%)
017: dt: 0.5000, sse=695830.2, rms=3.733 (3.754%)
018: dt: 0.5000, sse=673956.6, rms=3.629 (2.767%)
019: dt: 0.5000, sse=658071.4, rms=3.551 (2.148%)
020: dt: 0.5000, sse=645582.4, rms=3.488 (1.781%)
rms = 3.4398/3.4881, sse=636465.1/645582.5, time step reduction 1 of 3 to 0.250  0 0 1
021: dt: 0.5000, sse=636465.1, rms=3.440 (1.385%)
022: dt: 0.2500, sse=558552.7, rms=3.025 (12.050%)
023: dt: 0.2500, sse=540703.7, rms=2.923 (3.383%)
rms = 2.9021/2.9230, sse=537381.7/540703.7, time step reduction 2 of 3 to 0.125  0 0 1
024: dt: 0.2500, sse=537381.7, rms=2.902 (0.716%)
025: dt: 0.1250, sse=522709.0, rms=2.814 (3.047%)
rms = 2.7977/2.8136, sse=520232.2/522709.0, time step reduction 3 of 3 to 0.062  0 0 1
026: dt: 0.1250, sse=520232.2, rms=2.798 (0.567%)
  maximum number of reductions reached, breaking from loop
positioning took 1.7 minutes
Iteration 1 =========================================
n_averages=8, current_sigma=1
Computing target border values 
Entering MRIScomputeBorderValues_new(): 
  inside_hi   =  99.5098340;
  border_hi   =  75.7348560;
  border_low  =  59.2045750;
  outside_low =  10.0000000;
  outside_hi  =  71.6022800;
  sigma = 1;
  max_thickness = 10;
  step_size=0.5;
  STEP_SIZE=0.1;
  which = 2
  thresh = 0
  flags = 0
  CBVfindFirstPeakD1=0
  CBVfindFirstPeakD2=0
  nvertices=158393
  Gdiag_no=-1
  vno start=0, stop=158393
Replacing 255s with 0s
#SI# sigma=1 had to be increased for 16693 vertices, nripped=5412
mean border=73.8, 2863 (50) missing vertices, mean dist 0.2 [0.2 (%40.9)->0.6 (%59.1))]
%26 local maxima, %25 large gradients and %44 min vals, 0 gradients ignored
nFirstPeakD1 0
MRIScomputeBorderValues_new() finished in 0.0035 min


Averaging target values for 5 iterations...
Positioning Surface: tspring = 0.3, nspring = 0.3, spring = 0, niters = 100 l_repulse = 0, l_surf_repulse = 5, checktol = 0
Positioning pial surface
Entering MRISpositionSurface()
  max_mm = 0.3
  MAX_REDUCTIONS = 2, REDUCTION_PCT = 0.5
  parms->check_tol = 0, niterations = 100
tol=1.0e-04, sigma=1.0, host=dna08, nav=8, nbrs=2, l_surf_repulse=5.000, l_tspring=0.300, l_nspring=0.300, l_intensity=0.200, l_curv=1.000
mom=0.00, dt=0.50
000: dt: 0.0000, sse=656361.4, rms=3.206
027: dt: 0.5000, sse=644079.5, rms=3.142 (1.997%)
rms = 3.1623/3.1423, sse=645965.9/644079.5, time step reduction 1 of 3 to 0.250  0 1 1
   RMS increased, rejecting step
028: dt: 0.2500, sse=588623.2, rms=2.835 (9.791%)
029: dt: 0.2500, sse=570490.1, rms=2.727 (3.796%)
rms = 2.6850/2.7270, sse=563725.7/570490.1, time step reduction 2 of 3 to 0.125  0 0 1
030: dt: 0.2500, sse=563725.7, rms=2.685 (1.541%)
031: dt: 0.1250, sse=549466.2, rms=2.593 (3.439%)
rms = 2.5694/2.5927, sse=545954.7/549466.2, time step reduction 3 of 3 to 0.062  0 0 1
032: dt: 0.1250, sse=545954.7, rms=2.569 (0.897%)
  maximum number of reductions reached, breaking from loop
positioning took 0.5 minutes
Iteration 2 =========================================
n_averages=4, current_sigma=0.5
Computing target border values 
Entering MRIScomputeBorderValues_new(): 
  inside_hi   =  99.5098340;
  border_hi   =  75.7348560;
  border_low  =  59.2045750;
  outside_low =  10.0000000;
  outside_hi  =  71.6022800;
  sigma = 0.5;
  max_thickness = 10;
  step_size=0.5;
  STEP_SIZE=0.1;
  which = 2
  thresh = 0
  flags = 0
  CBVfindFirstPeakD1=0
  CBVfindFirstPeakD2=0
  nvertices=158393
  Gdiag_no=-1
  vno start=0, stop=158393
Replacing 255s with 0s
#SI# sigma=0.5 had to be increased for 18786 vertices, nripped=5412
mean border=73.6, 3338 (44) missing vertices, mean dist 0.1 [0.2 (%42.0)->0.5 (%58.0))]
%34 local maxima, %17 large gradients and %44 min vals, 0 gradients ignored
nFirstPeakD1 0
MRIScomputeBorderValues_new() finished in 0.0021 min


Averaging target values for 5 iterations...
Positioning Surface: tspring = 0.3, nspring = 0.3, spring = 0, niters = 100 l_repulse = 0, l_surf_repulse = 5, checktol = 0
Positioning pial surface
Entering MRISpositionSurface()
  max_mm = 0.3
  MAX_REDUCTIONS = 2, REDUCTION_PCT = 0.5
  parms->check_tol = 0, niterations = 100
tol=1.0e-04, sigma=0.5, host=dna08, nav=4, nbrs=2, l_surf_repulse=5.000, l_tspring=0.300, l_nspring=0.300, l_intensity=0.200, l_curv=1.000
mom=0.00, dt=0.50
000: dt: 0.0000, sse=568501.6, rms=2.694
rms = 2.7744/2.6938, sse=580862.1/568501.6, time step reduction 1 of 3 to 0.250  0 1 1
   RMS increased, rejecting step
033: dt: 0.2500, sse=551761.4, rms=2.589 (3.892%)
034: dt: 0.2500, sse=542328.1, rms=2.530 (2.290%)
rms = 2.5207/2.5296, sse=540716.1/542328.1, time step reduction 2 of 3 to 0.125  0 0 1
035: dt: 0.2500, sse=540716.1, rms=2.521 (0.352%)
rms = 2.4713/2.5207, sse=533506.9/540716.1, time step reduction 3 of 3 to 0.062  0 0 1
036: dt: 0.1250, sse=533506.9, rms=2.471 (1.960%)
  maximum number of reductions reached, breaking from loop
positioning took 0.3 minutes
Iteration 3 =========================================
n_averages=2, current_sigma=0.25
Computing target border values 
Entering MRIScomputeBorderValues_new(): 
  inside_hi   =  99.5098340;
  border_hi   =  75.7348560;
  border_low  =  59.2045750;
  outside_low =  10.0000000;
  outside_hi  =  71.6022800;
  sigma = 0.25;
  max_thickness = 10;
  step_size=0.5;
  STEP_SIZE=0.1;
  which = 2
  thresh = 0
  flags = 0
  CBVfindFirstPeakD1=0
  CBVfindFirstPeakD2=0
  nvertices=158393
  Gdiag_no=-1
  vno start=0, stop=158393
Replacing 255s with 0s
#SI# sigma=0.25 had to be increased for 16263 vertices, nripped=5412
mean border=73.3, 7093 (41) missing vertices, mean dist 0.1 [0.2 (%41.8)->0.4 (%58.2))]
%36 local maxima, %13 large gradients and %42 min vals, 0 gradients ignored
nFirstPeakD1 0
MRIScomputeBorderValues_new() finished in 0.0014 min


Averaging target values for 5 iterations...
Positioning Surface: tspring = 0.3, nspring = 0.3, spring = 0, niters = 100 l_repulse = 0, l_surf_repulse = 5, checktol = 0
Positioning pial surface
Entering MRISpositionSurface()
  max_mm = 0.3
  MAX_REDUCTIONS = 2, REDUCTION_PCT = 0.5
  parms->check_tol = 0, niterations = 100
tol=1.0e-04, sigma=0.2, host=dna08, nav=2, nbrs=2, l_surf_repulse=5.000, l_tspring=0.300, l_nspring=0.300, l_intensity=0.200, l_curv=1.000
mom=0.00, dt=0.50
000: dt: 0.0000, sse=542816.9, rms=2.532
rms = 2.6376/2.5322, sse=557187.8/542816.9, time step reduction 1 of 3 to 0.250  0 1 1
   RMS increased, rejecting step
037: dt: 0.2500, sse=532757.6, rms=2.466 (2.601%)
rms = 2.4299/2.4663, sse=526460.6/532757.6, time step reduction 2 of 3 to 0.125  0 0 1
038: dt: 0.2500, sse=526460.6, rms=2.430 (1.477%)
rms = 2.3944/2.4299, sse=521370.6/526460.6, time step reduction 3 of 3 to 0.062  0 0 1
039: dt: 0.1250, sse=521370.6, rms=2.394 (1.459%)
  maximum number of reductions reached, breaking from loop
positioning took 0.2 minutes
Pinning medial wall to white surface
removing intersecting faces
000: 37 intersecting
terminating search with 0 intersecting


Writing output to ../surf/rh.pial.T1
#ET# mris_place_surface  2.87 minutes
#VMPC# mris_place_surfaces VmPeak  2526512
mris_place_surface done
#@# white curv rh Fri Mar 13 07:23:51 CET 2026
cd /out/sourcedata/freesurfer/sub-v2s4x29615_ses-1/mri
mris_place_surface --curv-map ../surf/rh.white 2 10 ../surf/rh.curv
insurf  ../surf/rh.white, nbrs 2, curvature_avgs 10
writing curvature file ../surf/rh.curv
#@# white area rh Fri Mar 13 07:23:52 CET 2026
cd /out/sourcedata/freesurfer/sub-v2s4x29615_ses-1/mri
mris_place_surface --area-map ../surf/rh.white ../surf/rh.area
writing curvature file ../surf/rh.area
#@# pial curv rh Fri Mar 13 07:23:53 CET 2026
cd /out/sourcedata/freesurfer/sub-v2s4x29615_ses-1/mri
mris_place_surface --curv-map ../surf/rh.pial 2 10 ../surf/rh.curv.pial
insurf  ../surf/rh.pial, nbrs 2, curvature_avgs 10
writing curvature file ../surf/rh.curv.pial
#@# pial area rh Fri Mar 13 07:23:54 CET 2026
cd /out/sourcedata/freesurfer/sub-v2s4x29615_ses-1/mri
mris_place_surface --area-map ../surf/rh.pial ../surf/rh.area.pial
writing curvature file ../surf/rh.area.pial
#@# thickness rh Fri Mar 13 07:23:55 CET 2026
cd /out/sourcedata/freesurfer/sub-v2s4x29615_ses-1/mri
mris_place_surface --thickness ../surf/rh.white ../surf/rh.pial 20 5 ../surf/rh.thickness
0 of 158393 vertices processed
25000 of 158393 vertices processed
50000 of 158393 vertices processed
75000 of 158393 vertices processed
100000 of 158393 vertices processed
125000 of 158393 vertices processed
150000 of 158393 vertices processed
0 of 158393 vertices processed
25000 of 158393 vertices processed
50000 of 158393 vertices processed
75000 of 158393 vertices processed
100000 of 158393 vertices processed
125000 of 158393 vertices processed
150000 of 158393 vertices processed
thickness calculation complete, 854:3295 truncations.
67478 vertices at 0 distance
124763 vertices at 1 distance
73312 vertices at 2 distance
30050 vertices at 3 distance
11994 vertices at 4 distance
4876 vertices at 5 distance
2167 vertices at 6 distance
946 vertices at 7 distance
475 vertices at 8 distance
216 vertices at 9 distance
108 vertices at 10 distance
71 vertices at 11 distance
50 vertices at 12 distance
41 vertices at 13 distance
43 vertices at 14 distance
28 vertices at 15 distance
33 vertices at 16 distance
27 vertices at 17 distance
34 vertices at 18 distance
32 vertices at 19 distance
42 vertices at 20 distance
writing curvature file ../surf/rh.thickness
#@# area and vertex vol rh Fri Mar 13 07:24:17 CET 2026
cd /out/sourcedata/freesurfer/sub-v2s4x29615_ses-1/mri
mris_place_surface --thickness ../surf/rh.white ../surf/rh.pial 20 5 ../surf/rh.thickness
/out/sourcedata/freesurfer/sub-v2s4x29615_ses-1/surf
mris_calc -o rh.area.mid rh.area add rh.area.pial
Saving result to 'rh.area.mid' (type = MRI_CURV_FILE)                       [ ok ]
mris_calc -o rh.area.mid rh.area.mid div 2
Saving result to 'rh.area.mid' (type = MRI_CURV_FILE)                       [ ok ]
mris_convert --volume sub-v2s4x29615_ses-1 rh /out/sourcedata/freesurfer/sub-v2s4x29615_ses-1/surf/rh.volume
masking with /out/sourcedata/freesurfer/sub-v2s4x29615_ses-1/label/rh.cortex.label
Total face volume 304438
Total vertex volume 304166 (mask=0)
#@# sub-v2s4x29615_ses-1 rh 304166
 
vertexvol Done

#-----------------------------------------
#@# Curvature Stats rh Fri Mar 13 07:24:18 CET 2026
/out/sourcedata/freesurfer/sub-v2s4x29615_ses-1/surf

 mris_curvature_stats -m --writeCurvatureFiles -G -o ../stats/rh.curv.stats -F smoothwm sub-v2s4x29615_ses-1 rh curv sulc 

             Toggling save flag on curvature files                       [ ok ]
                 Outputting results using filestem   [ ../stats/rh.curv.stats ]
             Toggling save flag on curvature files                       [ ok ]
                                   Setting surface [ sub-v2s4x29615_ses-1/rh.smoothwm ]
                                Reading surface...                       [ ok ]
                                   Setting texture                     [ curv ]
                                Reading texture...                       [ ok ]
                                   Setting texture                     [ sulc ]
                                Reading texture...Gb_filter = 0
                       [ ok ]
      Calculating Discrete Principal Curvatures...
      Determining geometric order for vno faces... [####################] [ ok ]
                      Determining KH curvatures... [####################] [ ok ]
                    Determining k1k2 curvatures... [####################] [ ok ]
                                   deltaViolations                      [ 301 ]
Gb_filter = 0
#-----------------------------------------
#@# Cortical Parc 2 rh Fri Mar 13 07:24:20 CET 2026
/out/sourcedata/freesurfer/sub-v2s4x29615_ses-1/scripts

 mris_ca_label -l ../label/rh.cortex.label -aseg ../mri/aseg.presurf.mgz -seed 1234 sub-v2s4x29615_ses-1 rh ../surf/rh.sphere.reg /opt/freesurfer/average/rh.CDaparc.atlas.acfb40.noaparc.i12.2016-08-02.gcs ../label/rh.aparc.a2009s.annot 

setting seed for random number generator to 1234
using ../mri/aseg.presurf.mgz aseg volume to correct midline
7.3.2
  7.3.2
reading atlas from /opt/freesurfer/average/rh.CDaparc.atlas.acfb40.noaparc.i12.2016-08-02.gcs...
reading color table from GCSA file....
average std = 1.4   using min determinant for regularization = 0.021
0 singular and 0 ill-conditioned covariance matrices regularized
input 0: MEAN CURVATURE, flags 0, avgs 5, name mean_curvature
labeling surface...
64 labels changed using aseg
relabeling using gibbs priors...
000:  10209 changed, 158393 examined...
001:   2241 changed, 39719 examined...
002:    703 changed, 12043 examined...
003:    287 changed, 4042 examined...
004:    126 changed, 1696 examined...
005:     74 changed, 730 examined...
006:     33 changed, 430 examined...
007:     16 changed, 187 examined...
008:     10 changed, 94 examined...
009:      7 changed, 59 examined...
010:      5 changed, 35 examined...
011:      6 changed, 26 examined...
012:      2 changed, 26 examined...
013:      0 changed, 8 examined...
0 labels changed using aseg
000: 263 total segments, 177 labels (2679 vertices) changed
001: 102 total segments, 16 labels (55 vertices) changed
002: 86 total segments, 0 labels (0 vertices) changed
10 filter iterations complete (10 requested, 37 changed)
rationalizing unknown annotations with cortex label
relabeling Medial_wall label...
1180 vertices marked for relabeling...
1180 labels changed in reclassification.
writing output to ../label/rh.aparc.a2009s.annot...
classification took 0 minutes and 11 seconds.
#-----------------------------------------
#@# Cortical Parc 3 rh Fri Mar 13 07:24:31 CET 2026
/out/sourcedata/freesurfer/sub-v2s4x29615_ses-1/scripts

 mris_ca_label -l ../label/rh.cortex.label -aseg ../mri/aseg.presurf.mgz -seed 1234 sub-v2s4x29615_ses-1 rh ../surf/rh.sphere.reg /opt/freesurfer/average/rh.DKTaparc.atlas.acfb40.noaparc.i12.2016-08-02.gcs ../label/rh.aparc.DKTatlas.annot 

setting seed for random number generator to 1234
using ../mri/aseg.presurf.mgz aseg volume to correct midline
7.3.2
  7.3.2
reading atlas from /opt/freesurfer/average/rh.DKTaparc.atlas.acfb40.noaparc.i12.2016-08-02.gcs...
reading color table from GCSA file....
average std = 0.9   using min determinant for regularization = 0.009
0 singular and 325 ill-conditioned covariance matrices regularized
input 0: MEAN CURVATURE, flags 0, avgs 5, name mean_curvature
labeling surface...
1565 labels changed using aseg
relabeling using gibbs priors...
000:   2271 changed, 158393 examined...
001:    493 changed, 10437 examined...
002:    133 changed, 2840 examined...
003:     58 changed, 770 examined...
004:     34 changed, 341 examined...
005:     18 changed, 184 examined...
006:     10 changed, 96 examined...
007:      2 changed, 51 examined...
008:      1 changed, 14 examined...
009:      0 changed, 7 examined...
198 labels changed using aseg
000: 52 total segments, 19 labels (307 vertices) changed
001: 34 total segments, 1 labels (1 vertices) changed
002: 33 total segments, 0 labels (0 vertices) changed
10 filter iterations complete (10 requested, 10 changed)
rationalizing unknown annotations with cortex label
relabeling unknown label...
relabeling corpuscallosum label...
997 vertices marked for relabeling...
997 labels changed in reclassification.
writing output to ../label/rh.aparc.DKTatlas.annot...
classification took 0 minutes and 8 seconds.
#-----------------------------------------
#@# WM/GM Contrast rh Fri Mar 13 07:24:39 CET 2026
/out/sourcedata/freesurfer/sub-v2s4x29615_ses-1/scripts

 pctsurfcon --s sub-v2s4x29615_ses-1 --rh-only 

Log file is /out/sourcedata/freesurfer/sub-v2s4x29615_ses-1/scripts/pctsurfcon.log
Fri Mar 13 07:24:39 CET 2026
setenv SUBJECTS_DIR /out/sourcedata/freesurfer
cd /out/sourcedata/freesurfer/sub-v2s4x29615_ses-1/scripts
/opt/freesurfer/bin/pctsurfcon
pctsurfcon 7.3.2
Linux dna082 5.14.0-427.37.1.el9_4.x86_64 #1 SMP PREEMPT_DYNAMIC Fri Sep 13 12:41:50 EDT 2024 x86_64 x86_64 x86_64 GNU/Linux
FREESURFER_HOME /opt/freesurfer
mri_vol2surf --mov /out/sourcedata/freesurfer/sub-v2s4x29615_ses-1/mri/rawavg.mgz --hemi rh --noreshape --interp trilinear --projdist -1 --o /out/sourcedata/freesurfer/sub-v2s4x29615_ses-1/surf/tmp.pctsurfcon.721131/rh.wm.mgh --regheader sub-v2s4x29615_ses-1 --cortex
srcvol = /out/sourcedata/freesurfer/sub-v2s4x29615_ses-1/mri/rawavg.mgz
srcreg unspecified
srcregold = 0
srcwarp unspecified
surf = white
hemi = rh
ProjDist = -1
reshape = 0
interp = trilinear
float2int = round
GetProjMax = 0
INFO: float2int code = 0
Done loading volume
Computing registration from header.
  Using /out/sourcedata/freesurfer/sub-v2s4x29615_ses-1/mri/orig.mgz as target reference.
-------- original matrix -----------
-0.99653   0.04641  -0.06903   0.00005;
-0.06895   0.00321   0.99761  -0.00002;
-0.04652  -0.99892  -0.00000   0.00000;
 0.00000   0.00000   0.00000   1.00000;
-------- original matrix -----------
Loading label /out/sourcedata/freesurfer/sub-v2s4x29615_ses-1/label/rh.cortex.label
Reading surface /out/sourcedata/freesurfer/sub-v2s4x29615_ses-1/surf/rh.white
Done reading source surface
Mapping Source Volume onto Source Subject Surface
Projecting -1 -1 1
 1 -1 -1 -1
using old
Done mapping volume to surface
Number of source voxels hit = 97957
Masking with /out/sourcedata/freesurfer/sub-v2s4x29615_ses-1/label/rh.cortex.label
Writing to /out/sourcedata/freesurfer/sub-v2s4x29615_ses-1/surf/tmp.pctsurfcon.721131/rh.wm.mgh
Dim: 158393 1 1
mri_vol2surf --mov /out/sourcedata/freesurfer/sub-v2s4x29615_ses-1/mri/rawavg.mgz --hemi rh --noreshape --interp trilinear --o /out/sourcedata/freesurfer/sub-v2s4x29615_ses-1/surf/tmp.pctsurfcon.721131/rh.gm.mgh --projfrac 0.3 --regheader sub-v2s4x29615_ses-1 --cortex
srcvol = /out/sourcedata/freesurfer/sub-v2s4x29615_ses-1/mri/rawavg.mgz
srcreg unspecified
srcregold = 0
srcwarp unspecified
surf = white
hemi = rh
ProjFrac = 0.3
thickness = thickness
reshape = 0
interp = trilinear
float2int = round
GetProjMax = 0
INFO: float2int code = 0
Done loading volume
Computing registration from header.
  Using /out/sourcedata/freesurfer/sub-v2s4x29615_ses-1/mri/orig.mgz as target reference.
-------- original matrix -----------
-0.99653   0.04641  -0.06903   0.00005;
-0.06895   0.00321   0.99761  -0.00002;
-0.04652  -0.99892  -0.00000   0.00000;
 0.00000   0.00000   0.00000   1.00000;
-------- original matrix -----------
Loading label /out/sourcedata/freesurfer/sub-v2s4x29615_ses-1/label/rh.cortex.label
Reading surface /out/sourcedata/freesurfer/sub-v2s4x29615_ses-1/surf/rh.white
Done reading source surface
Reading thickness /out/sourcedata/freesurfer/sub-v2s4x29615_ses-1/surf/rh.thickness
Done
Mapping Source Volume onto Source Subject Surface
Projecting 0.3 0.3 1
 1 0.3 0.3 0.3
using old
Done mapping volume to surface
Number of source voxels hit = 111447
Masking with /out/sourcedata/freesurfer/sub-v2s4x29615_ses-1/label/rh.cortex.label
Writing to /out/sourcedata/freesurfer/sub-v2s4x29615_ses-1/surf/tmp.pctsurfcon.721131/rh.gm.mgh
Dim: 158393 1 1
mri_concat /out/sourcedata/freesurfer/sub-v2s4x29615_ses-1/surf/tmp.pctsurfcon.721131/rh.wm.mgh /out/sourcedata/freesurfer/sub-v2s4x29615_ses-1/surf/tmp.pctsurfcon.721131/rh.gm.mgh --paired-diff-norm --mul 100 --o /out/sourcedata/freesurfer/sub-v2s4x29615_ses-1/surf/rh.w-g.pct.mgh
ninputs = 2
Checking inputs
nframestot = 2
Allocing output
Done allocing
Combining pairs
nframes = 1
Multiplying by 100.000000
Writing to /out/sourcedata/freesurfer/sub-v2s4x29615_ses-1/surf/rh.w-g.pct.mgh
mri_segstats --in /out/sourcedata/freesurfer/sub-v2s4x29615_ses-1/surf/rh.w-g.pct.mgh --annot sub-v2s4x29615_ses-1 rh aparc --sum /out/sourcedata/freesurfer/sub-v2s4x29615_ses-1/stats/rh.w-g.pct.stats --snr

7.3.2
cwd 
cmdline mri_segstats --in /out/sourcedata/freesurfer/sub-v2s4x29615_ses-1/surf/rh.w-g.pct.mgh --annot sub-v2s4x29615_ses-1 rh aparc --sum /out/sourcedata/freesurfer/sub-v2s4x29615_ses-1/stats/rh.w-g.pct.stats --snr 
sysname  Linux
hostname dna082
machine  x86_64
user     oesteban
whitesurfname  white
UseRobust  0
Constructing seg from annotation

Reading annotation /out/sourcedata/freesurfer/sub-v2s4x29615_ses-1/label/rh.aparc.annot
Seg base 2000
Loading /out/sourcedata/freesurfer/sub-v2s4x29615_ses-1/surf/rh.w-g.pct.mgh
Vertex Area is 0.672257 mm^3
Generating list of segmentation ids
Found  36 segmentations
Computing statistics for each segmentation

Reporting on  35 segmentations
Using PrintSegStat
mri_segstats done
Cleaning up

Started at Fri Mar 13 07:05:33 CET 2026 
Ended   at Fri Mar 13 07:24:42 CET 2026
#@#%# recon-all-run-time-hours 0.319
recon-all -s sub-v2s4x29615_ses-1 finished without error at Fri Mar 13 07:24:42 CET 2026



#New# invocation of recon-all 




Fri Mar 13 07:31:57 CET 2026
cd /out/sourcedata/freesurfer/sub-v2s4x29615_ses-1
setenv SUBJECTS_DIR /out/sourcedata/freesurfer
/opt/freesurfer/bin/recon-all -autorecon-hemi rh -nohyporelabel -rh-only -openmp 16 -subjid sub-v2s4x29615_ses-1 -sd /out/sourcedata/freesurfer -notessellate -nosmooth1 -noinflate1 -noqsphere -nofix -nowhite -nosmooth2 -noinflate2 -nocurvHK -nocurvstats -nosphere -nosurfreg -nojacobian_white -noavgcurv -nocortparc -nopial -nocortparc2 -nocortparc3 -nopctsurfcon

subjid sub-v2s4x29615_ses-1
setenv SUBJECTS_DIR /out/sourcedata/freesurfer
FREESURFER_HOME /opt/freesurfer
Actual FREESURFER_HOME /opt/freesurfer
build-stamp.txt: freesurfer-linux-ubuntu22_x86_64-7.3.2-20220804-6354275
Linux dna082 5.14.0-427.37.1.el9_4.x86_64 #1 SMP PREEMPT_DYNAMIC Fri Sep 13 12:41:50 EDT 2024 x86_64 x86_64 x86_64 GNU/Linux
cputime      unlimited
filesize     unlimited
datasize     unlimited
stacksize    8192 kbytes
coredumpsize 0 kbytes
memoryuse    67108864 kbytes
vmemoryuse   unlimited
descriptors  1024 
memorylocked unlimited
maxproc      2061970 
maxlocks     unlimited
maxsignal    2062029 
maxmessage   819200 
maxnice      0 
maxrtprio    0 
maxrttime    unlimited

               total        used        free      shared  buff/cache   available
Mem:           503Gi        55Gi       345Gi       8.8Gi       102Gi       436Gi
Swap:             0B          0B          0B

########################################
program versions used
7.3.2 (freesurfer-linux-ubuntu22_x86_64-7.3.2-20220804-6354275)
7.3.2

ProgramName: lta_convert  ProgramArguments: lta_convert -all-info  ProgramVersion: 7.3.2  TimeStamp: 2026/03/13-06:31:57-GMT  BuildTime: Aug  4 2022 06:17:15  BuildStamp: freesurfer-linux-ubuntu22_x86_64-7.3.2-20220804-6354275  User: oesteban  Machine: dna082  Platform: Linux  PlatformVersion: 5.14.0-427.37.1.el9_4.x86_64  CompilerName: GCC  CompilerVersion: 8.4.0
ProgramName: mri_and  ProgramArguments: mri_and -all-info  ProgramVersion: 7.3.2  TimeStamp: 2026/03/13-06:31:57-GMT  BuildTime: Aug  4 2022 06:17:15  BuildStamp: freesurfer-linux-ubuntu22_x86_64-7.3.2-20220804-6354275  User: oesteban  Machine: dna082  Platform: Linux  PlatformVersion: 5.14.0-427.37.1.el9_4.x86_64  CompilerName: GCC  CompilerVersion: 8.4.0
ProgramName: mri_annotation2label  ProgramArguments: mri_annotation2label -all-info  ProgramVersion: 7.3.2  TimeStamp: 2026/03/13-06:31:57-GMT  BuildTime: Aug  4 2022 06:17:15  BuildStamp: freesurfer-linux-ubuntu22_x86_64-7.3.2-20220804-6354275  User: oesteban  Machine: dna082  Platform: Linux  PlatformVersion: 5.14.0-427.37.1.el9_4.x86_64  CompilerName: GCC  CompilerVersion: 8.4.0
ProgramName: mri_aparc2aseg  ProgramArguments: mri_aparc2aseg -all-info  ProgramVersion: 7.3.2  TimeStamp: 2026/03/13-06:31:57-GMT  BuildTime: Aug  4 2022 06:17:15  BuildStamp: freesurfer-linux-ubuntu22_x86_64-7.3.2-20220804-6354275  User: oesteban  Machine: dna082  Platform: Linux  PlatformVersion: 5.14.0-427.37.1.el9_4.x86_64  CompilerName: GCC  CompilerVersion: 8.4.0
ProgramName: mri_surf2volseg  ProgramArguments: mri_surf2volseg -all-info  ProgramVersion: 7.3.2  TimeStamp: 2026/03/13-06:31:57-GMT  BuildTime: Aug  4 2022 06:17:15  BuildStamp: freesurfer-linux-ubuntu22_x86_64-7.3.2-20220804-6354275  User: oesteban  Machine: dna082  Platform: Linux  PlatformVersion: 5.14.0-427.37.1.el9_4.x86_64  CompilerName: GCC  CompilerVersion: 8.4.0
ProgramName: mri_binarize  ProgramArguments: mri_binarize -all-info  ProgramVersion: 7.3.2  TimeStamp: 2026/03/13-06:31:57-GMT  BuildTime: Aug  4 2022 06:17:15  BuildStamp: freesurfer-linux-ubuntu22_x86_64-7.3.2-20220804-6354275  User: oesteban  Machine: dna082  Platform: Linux  PlatformVersion: 5.14.0-427.37.1.el9_4.x86_64  CompilerName: GCC  CompilerVersion: 8.4.0
ProgramName: mri_ca_label  ProgramArguments: mri_ca_label -all-info  ProgramVersion: 7.3.2  TimeStamp: 2026/03/13-06:31:57-GMT  BuildTime: Aug  4 2022 06:17:15  BuildStamp: freesurfer-linux-ubuntu22_x86_64-7.3.2-20220804-6354275  User: oesteban  Machine: dna082  Platform: Linux  PlatformVersion: 5.14.0-427.37.1.el9_4.x86_64  CompilerName: GCC  CompilerVersion: 8.4.0
ProgramName: mri_ca_normalize  ProgramArguments: mri_ca_normalize -all-info  ProgramVersion: 7.3.2  TimeStamp: 2026/03/13-06:31:57-GMT  BuildTime: Aug  4 2022 06:17:15  BuildStamp: freesurfer-linux-ubuntu22_x86_64-7.3.2-20220804-6354275  User: oesteban  Machine: dna082  Platform: Linux  PlatformVersion: 5.14.0-427.37.1.el9_4.x86_64  CompilerName: GCC  CompilerVersion: 8.4.0
ProgramName: mri_ca_register  ProgramArguments: mri_ca_register -all-info  ProgramVersion: 7.3.2  TimeStamp: 2026/03/13-06:31:57-GMT  BuildTime: Aug  4 2022 06:17:15  BuildStamp: freesurfer-linux-ubuntu22_x86_64-7.3.2-20220804-6354275  User: oesteban  Machine: dna082  Platform: Linux  PlatformVersion: 5.14.0-427.37.1.el9_4.x86_64  CompilerName: GCC  CompilerVersion: 8.4.0
ProgramName: mri_cc  ProgramArguments: mri_cc -all-info  ProgramVersion: 7.3.2  TimeStamp: 2026/03/13-06:31:57-GMT  BuildTime: Aug  4 2022 06:17:15  BuildStamp: freesurfer-linux-ubuntu22_x86_64-7.3.2-20220804-6354275  User: oesteban  Machine: dna082  Platform: Linux  PlatformVersion: 5.14.0-427.37.1.el9_4.x86_64  CompilerName: GCC  CompilerVersion: 8.4.0
ProgramName: mri_compute_overlap  ProgramArguments: mri_compute_overlap -all-info  ProgramVersion: 7.3.2  TimeStamp: 2026/03/13-06:31:57-GMT  BuildTime: Aug  4 2022 06:17:15  BuildStamp: freesurfer-linux-ubuntu22_x86_64-7.3.2-20220804-6354275  User: oesteban  Machine: dna082  Platform: Linux  PlatformVersion: 5.14.0-427.37.1.el9_4.x86_64  CompilerName: GCC  CompilerVersion: 8.4.0
ProgramName: mri_compute_seg_overlap  ProgramArguments: mri_compute_seg_overlap -all-info  ProgramVersion: 7.3.2  TimeStamp: 2026/03/13-06:31:57-GMT  BuildTime: Aug  4 2022 06:17:15  BuildStamp: freesurfer-linux-ubuntu22_x86_64-7.3.2-20220804-6354275  User: oesteban  Machine: dna082  Platform: Linux  PlatformVersion: 5.14.0-427.37.1.el9_4.x86_64  CompilerName: GCC  CompilerVersion: 8.4.0
ProgramName: mri_concat  ProgramArguments: mri_concat -all-info  ProgramVersion: 7.3.2  TimeStamp: 2026/03/13-06:31:57-GMT  BuildTime: Aug  4 2022 06:17:15  BuildStamp: freesurfer-linux-ubuntu22_x86_64-7.3.2-20220804-6354275  User: oesteban  Machine: dna082  Platform: Linux  PlatformVersion: 5.14.0-427.37.1.el9_4.x86_64  CompilerName: GCC  CompilerVersion: 8.4.0
ProgramName: mri_concatenate_lta  ProgramArguments: mri_concatenate_lta -all-info  ProgramVersion: 7.3.2  TimeStamp: 2026/03/13-06:31:57-GMT  BuildTime: Aug  4 2022 06:17:15  BuildStamp: freesurfer-linux-ubuntu22_x86_64-7.3.2-20220804-6354275  User: oesteban  Machine: dna082  Platform: Linux  PlatformVersion: 5.14.0-427.37.1.el9_4.x86_64  CompilerName: GCC  CompilerVersion: 8.4.0
mri_convert -all-info 
ProgramName: mri_convert  ProgramArguments: mri_convert -all-info  ProgramVersion: 7.3.2  TimeStamp: 2026/03/13-06:31:57-GMT  BuildTime: Aug  4 2022 06:17:15  BuildStamp: freesurfer-linux-ubuntu22_x86_64-7.3.2-20220804-6354275  User: oesteban  Machine: dna082  Platform: Linux  PlatformVersion: 5.14.0-427.37.1.el9_4.x86_64  CompilerName: GCC  CompilerVersion: 8.4.0
ProgramName: mri_diff  ProgramArguments: mri_diff -all-info  ProgramVersion: 7.3.2  TimeStamp: 2026/03/13-06:31:57-GMT  BuildTime: Aug  4 2022 06:17:15  BuildStamp: freesurfer-linux-ubuntu22_x86_64-7.3.2-20220804-6354275  User: oesteban  Machine: dna082  Platform: Linux  PlatformVersion: 5.14.0-427.37.1.el9_4.x86_64  CompilerName: GCC  CompilerVersion: 8.4.0
ProgramName: mri_edit_wm_with_aseg  ProgramArguments: mri_edit_wm_with_aseg -all-info  ProgramVersion: 7.3.2  TimeStamp: 2026/03/13-06:31:57-GMT  BuildTime: Aug  4 2022 06:17:15  BuildStamp: freesurfer-linux-ubuntu22_x86_64-7.3.2-20220804-6354275  User: oesteban  Machine: dna082  Platform: Linux  PlatformVersion: 5.14.0-427.37.1.el9_4.x86_64  CompilerName: GCC  CompilerVersion: 8.4.0
ProgramName: mri_em_register  ProgramArguments: mri_em_register -all-info  ProgramVersion: 7.3.2  TimeStamp: 2026/03/13-06:31:57-GMT  BuildTime: Aug  4 2022 06:17:15  BuildStamp: freesurfer-linux-ubuntu22_x86_64-7.3.2-20220804-6354275  User: oesteban  Machine: dna082  Platform: Linux  PlatformVersion: 5.14.0-427.37.1.el9_4.x86_64  CompilerName: GCC  CompilerVersion: 8.4.0
ProgramName: mri_fill  ProgramArguments: mri_fill -all-info  ProgramVersion: 7.3.2  TimeStamp: 2026/03/13-06:31:57-GMT  BuildTime: Aug  4 2022 06:17:15  BuildStamp: freesurfer-linux-ubuntu22_x86_64-7.3.2-20220804-6354275  User: oesteban  Machine: dna082  Platform: Linux  PlatformVersion: 5.14.0-427.37.1.el9_4.x86_64  CompilerName: GCC  CompilerVersion: 8.4.0
ProgramName: mri_fuse_segmentations  ProgramArguments: mri_fuse_segmentations -all-info  ProgramVersion: 7.3.2  TimeStamp: 2026/03/13-06:31:57-GMT  BuildTime: Aug  4 2022 06:17:15  BuildStamp: freesurfer-linux-ubuntu22_x86_64-7.3.2-20220804-6354275  User: oesteban  Machine: dna082  Platform: Linux  PlatformVersion: 5.14.0-427.37.1.el9_4.x86_64  CompilerName: GCC  CompilerVersion: 8.4.0
ProgramName: mri_fwhm  ProgramArguments: mri_fwhm -all-info  ProgramVersion: 7.3.2  TimeStamp: 2026/03/13-06:31:57-GMT  BuildTime: Aug  4 2022 06:17:15  BuildStamp: freesurfer-linux-ubuntu22_x86_64-7.3.2-20220804-6354275  User: oesteban  Machine: dna082  Platform: Linux  PlatformVersion: 5.14.0-427.37.1.el9_4.x86_64  CompilerName: GCC  CompilerVersion: 8.4.0
ProgramName: mri_gcut  ProgramArguments: mri_gcut -all-info  ProgramVersion: 7.3.2  TimeStamp: 2026/03/13-06:31:57-GMT  BuildTime: Aug  4 2022 06:17:15  BuildStamp: freesurfer-linux-ubuntu22_x86_64-7.3.2-20220804-6354275  User: oesteban  Machine: dna082  Platform: Linux  PlatformVersion: 5.14.0-427.37.1.el9_4.x86_64  CompilerName: GCC  CompilerVersion: 8.4.0
ProgramName: mri_info  ProgramArguments: mri_info -all-info  ProgramVersion: 7.3.2  TimeStamp: 2026/03/13-06:31:57-GMT  BuildTime: Aug  4 2022 06:17:15  BuildStamp: freesurfer-linux-ubuntu22_x86_64-7.3.2-20220804-6354275  User: oesteban  Machine: dna082  Platform: Linux  PlatformVersion: 5.14.0-427.37.1.el9_4.x86_64  CompilerName: GCC  CompilerVersion: 8.4.0
ProgramName: mri_label2label  ProgramArguments: mri_label2label -all-info  ProgramVersion: 7.3.2  TimeStamp: 2026/03/13-06:31:57-GMT  BuildTime: Aug  4 2022 06:17:15  BuildStamp: freesurfer-linux-ubuntu22_x86_64-7.3.2-20220804-6354275  User: oesteban  Machine: dna082  Platform: Linux  PlatformVersion: 5.14.0-427.37.1.el9_4.x86_64  CompilerName: GCC  CompilerVersion: 8.4.0
ProgramName: mri_label2vol  ProgramArguments: mri_label2vol -all-info  ProgramVersion: 7.3.2  TimeStamp: 2026/03/13-06:31:57-GMT  BuildTime: Aug  4 2022 06:17:15  BuildStamp: freesurfer-linux-ubuntu22_x86_64-7.3.2-20220804-6354275  User: oesteban  Machine: dna082  Platform: Linux  PlatformVersion: 5.14.0-427.37.1.el9_4.x86_64  CompilerName: GCC  CompilerVersion: 8.4.0
ProgramName: mri_log_likelihood  ProgramArguments: mri_log_likelihood -all-info  ProgramVersion: 7.3.2  TimeStamp: 2026/03/13-06:31:57-GMT  BuildTime: Aug  4 2022 06:17:15  BuildStamp: freesurfer-linux-ubuntu22_x86_64-7.3.2-20220804-6354275  User: oesteban  Machine: dna082  Platform: Linux  PlatformVersion: 5.14.0-427.37.1.el9_4.x86_64  CompilerName: GCC  CompilerVersion: 8.4.0
ProgramName: mri_mask  ProgramArguments: mri_mask -all-info  ProgramVersion: 7.3.2  TimeStamp: 2026/03/13-06:31:57-GMT  BuildTime: Aug  4 2022 06:17:15  BuildStamp: freesurfer-linux-ubuntu22_x86_64-7.3.2-20220804-6354275  User: oesteban  Machine: dna082  Platform: Linux  PlatformVersion: 5.14.0-427.37.1.el9_4.x86_64  CompilerName: GCC  CompilerVersion: 8.4.0
ProgramName: mri_matrix_multiply  ProgramArguments: mri_matrix_multiply -all-info  ProgramVersion: 7.3.2  TimeStamp: 2026/03/13-06:31:57-GMT  BuildTime: Aug  4 2022 06:17:15  BuildStamp: freesurfer-linux-ubuntu22_x86_64-7.3.2-20220804-6354275  User: oesteban  Machine: dna082  Platform: Linux  PlatformVersion: 5.14.0-427.37.1.el9_4.x86_64  CompilerName: GCC  CompilerVersion: 8.4.0
ProgramName: mri_normalize  ProgramArguments: mri_normalize -all-info  ProgramVersion: 7.3.2  TimeStamp: 2026/03/13-06:31:57-GMT  BuildTime: Aug  4 2022 06:17:15  BuildStamp: freesurfer-linux-ubuntu22_x86_64-7.3.2-20220804-6354275  User: oesteban  Machine: dna082  Platform: Linux  PlatformVersion: 5.14.0-427.37.1.el9_4.x86_64  CompilerName: GCC  CompilerVersion: 8.4.0
ProgramName: mri_normalize_tp2  ProgramArguments: mri_normalize_tp2 -all-info  ProgramVersion: 7.3.2  TimeStamp: 2026/03/13-06:31:57-GMT  BuildTime: Aug  4 2022 06:17:15  BuildStamp: freesurfer-linux-ubuntu22_x86_64-7.3.2-20220804-6354275  User: oesteban  Machine: dna082  Platform: Linux  PlatformVersion: 5.14.0-427.37.1.el9_4.x86_64  CompilerName: GCC  CompilerVersion: 8.4.0
ProgramName: mri_or  ProgramArguments: mri_or -all-info  ProgramVersion: 7.3.2  TimeStamp: 2026/03/13-06:31:57-GMT  BuildTime: Aug  4 2022 06:17:15  BuildStamp: freesurfer-linux-ubuntu22_x86_64-7.3.2-20220804-6354275  User: oesteban  Machine: dna082  Platform: Linux  PlatformVersion: 5.14.0-427.37.1.el9_4.x86_64  CompilerName: GCC  CompilerVersion: 8.4.0
ProgramName: mri_relabel_hypointensities  ProgramArguments: mri_relabel_hypointensities -all-info  ProgramVersion: 7.3.2  TimeStamp: 2026/03/13-06:31:57-GMT  BuildTime: Aug  4 2022 06:17:15  BuildStamp: freesurfer-linux-ubuntu22_x86_64-7.3.2-20220804-6354275  User: oesteban  Machine: dna082  Platform: Linux  PlatformVersion: 5.14.0-427.37.1.el9_4.x86_64  CompilerName: GCC  CompilerVersion: 8.4.0
ProgramName: mri_relabel_nonwm_hypos  ProgramArguments: mri_relabel_nonwm_hypos -all-info  ProgramVersion: 7.3.2  TimeStamp: 2026/03/13-06:31:57-GMT  BuildTime: Aug  4 2022 06:17:15  BuildStamp: freesurfer-linux-ubuntu22_x86_64-7.3.2-20220804-6354275  User: oesteban  Machine: dna082  Platform: Linux  PlatformVersion: 5.14.0-427.37.1.el9_4.x86_64  CompilerName: GCC  CompilerVersion: 8.4.0
ProgramName: mri_remove_neck  ProgramArguments: mri_remove_neck -all-info  ProgramVersion: 7.3.2  TimeStamp: 2026/03/13-06:31:57-GMT  BuildTime: Aug  4 2022 06:17:15  BuildStamp: freesurfer-linux-ubuntu22_x86_64-7.3.2-20220804-6354275  User: oesteban  Machine: dna082  Platform: Linux  PlatformVersion: 5.14.0-427.37.1.el9_4.x86_64  CompilerName: GCC  CompilerVersion: 8.4.0
7.3.2

ProgramName: mri_robust_register  ProgramArguments: mri_robust_register -all-info  ProgramVersion: 7.3.2  TimeStamp: 2026/03/13-06:31:57-GMT  BuildTime: Aug  4 2022 06:17:15  BuildStamp: freesurfer-linux-ubuntu22_x86_64-7.3.2-20220804-6354275  User: oesteban  Machine: dna082  Platform: Linux  PlatformVersion: 5.14.0-427.37.1.el9_4.x86_64  CompilerName: GCC  CompilerVersion: 8.4.0
7.3.2

ProgramName: mri_robust_template  ProgramArguments: mri_robust_template -all-info  ProgramVersion: 7.3.2  TimeStamp: 2026/03/13-06:31:57-GMT  BuildTime: Aug  4 2022 06:17:15  BuildStamp: freesurfer-linux-ubuntu22_x86_64-7.3.2-20220804-6354275  User: oesteban  Machine: dna082  Platform: Linux  PlatformVersion: 5.14.0-427.37.1.el9_4.x86_64  CompilerName: GCC  CompilerVersion: 8.4.0
ProgramName: mris_anatomical_stats  ProgramArguments: mris_anatomical_stats -all-info  ProgramVersion: 7.3.2  TimeStamp: 2026/03/13-06:31:57-GMT  BuildTime: Aug  4 2022 06:17:15  BuildStamp: freesurfer-linux-ubuntu22_x86_64-7.3.2-20220804-6354275  User: oesteban  Machine: dna082  Platform: Linux  PlatformVersion: 5.14.0-427.37.1.el9_4.x86_64  CompilerName: GCC  CompilerVersion: 8.4.0
ProgramName: mris_ca_label  ProgramArguments: mris_ca_label -all-info  ProgramVersion: 7.3.2  TimeStamp: 2026/03/13-06:31:57-GMT  BuildTime: Aug  4 2022 06:17:15  BuildStamp: freesurfer-linux-ubuntu22_x86_64-7.3.2-20220804-6354275  User: oesteban  Machine: dna082  Platform: Linux  PlatformVersion: 5.14.0-427.37.1.el9_4.x86_64  CompilerName: GCC  CompilerVersion: 8.4.0
ProgramName: mris_calc  ProgramArguments: mris_calc -all-info  ProgramVersion: 7.3.2  TimeStamp: 2026/03/13-06:31:57-GMT  BuildTime: Aug  4 2022 06:17:15  BuildStamp: freesurfer-linux-ubuntu22_x86_64-7.3.2-20220804-6354275  User: oesteban  Machine: dna082  Platform: Linux  PlatformVersion: 5.14.0-427.37.1.el9_4.x86_64  CompilerName: GCC  CompilerVersion: 8.4.0
ProgramName: mris_convert  ProgramArguments: mris_convert -all-info  ProgramVersion: 7.3.2  TimeStamp: 2026/03/13-06:31:57-GMT  BuildTime: Aug  4 2022 06:17:15  BuildStamp: freesurfer-linux-ubuntu22_x86_64-7.3.2-20220804-6354275  User: oesteban  Machine: dna082  Platform: Linux  PlatformVersion: 5.14.0-427.37.1.el9_4.x86_64  CompilerName: GCC  CompilerVersion: 8.4.0
ProgramName: mris_curvature  ProgramArguments: mris_curvature -all-info  ProgramVersion: 7.3.2  TimeStamp: 2026/03/13-06:31:57-GMT  BuildTime: Aug  4 2022 06:17:15  BuildStamp: freesurfer-linux-ubuntu22_x86_64-7.3.2-20220804-6354275  User: oesteban  Machine: dna082  Platform: Linux  PlatformVersion: 5.14.0-427.37.1.el9_4.x86_64  CompilerName: GCC  CompilerVersion: 8.4.0
ProgramName: mris_curvature_stats  ProgramArguments: mris_curvature_stats -all-info  ProgramVersion: 7.3.2  TimeStamp: 2026/03/13-06:31:57-GMT  BuildTime: Aug  4 2022 06:17:15  BuildStamp: freesurfer-linux-ubuntu22_x86_64-7.3.2-20220804-6354275  User: oesteban  Machine: dna082  Platform: Linux  PlatformVersion: 5.14.0-427.37.1.el9_4.x86_64  CompilerName: GCC  CompilerVersion: 8.4.0
ProgramName: mris_diff  ProgramArguments: mris_diff -all-info  ProgramVersion: 7.3.2  TimeStamp: 2026/03/13-06:31:57-GMT  BuildTime: Aug  4 2022 06:17:15  BuildStamp: freesurfer-linux-ubuntu22_x86_64-7.3.2-20220804-6354275  User: oesteban  Machine: dna082  Platform: Linux  PlatformVersion: 5.14.0-427.37.1.el9_4.x86_64  CompilerName: GCC  CompilerVersion: 8.4.0
ProgramName: mris_divide_parcellation  ProgramArguments: mris_divide_parcellation -all-info  ProgramVersion: 7.3.2  TimeStamp: 2026/03/13-06:31:57-GMT  BuildTime: Aug  4 2022 06:17:15  BuildStamp: freesurfer-linux-ubuntu22_x86_64-7.3.2-20220804-6354275  User: oesteban  Machine: dna082  Platform: Linux  PlatformVersion: 5.14.0-427.37.1.el9_4.x86_64  CompilerName: GCC  CompilerVersion: 8.4.0
ProgramName: mri_segment  ProgramArguments: mri_segment -all-info  ProgramVersion: 7.3.2  TimeStamp: 2026/03/13-06:31:57-GMT  BuildTime: Aug  4 2022 06:17:15  BuildStamp: freesurfer-linux-ubuntu22_x86_64-7.3.2-20220804-6354275  User: oesteban  Machine: dna082  Platform: Linux  PlatformVersion: 5.14.0-427.37.1.el9_4.x86_64  CompilerName: GCC  CompilerVersion: 8.4.0
ProgramName: mri_segstats  ProgramArguments: mri_segstats -all-info  ProgramVersion: 7.3.2  TimeStamp: 2026/03/13-06:31:57-GMT  BuildTime: Aug  4 2022 06:17:15  BuildStamp: freesurfer-linux-ubuntu22_x86_64-7.3.2-20220804-6354275  User: oesteban  Machine: dna082  Platform: Linux  PlatformVersion: 5.14.0-427.37.1.el9_4.x86_64  CompilerName: GCC  CompilerVersion: 8.4.0
ProgramName: mris_euler_number  ProgramArguments: mris_euler_number -all-info  ProgramVersion: 7.3.2  TimeStamp: 2026/03/13-06:31:57-GMT  BuildTime: Aug  4 2022 06:17:15  BuildStamp: freesurfer-linux-ubuntu22_x86_64-7.3.2-20220804-6354275  User: oesteban  Machine: dna082  Platform: Linux  PlatformVersion: 5.14.0-427.37.1.el9_4.x86_64  CompilerName: GCC  CompilerVersion: 8.4.0
ProgramName: mris_fix_topology  ProgramArguments: mris_fix_topology -all-info  ProgramVersion: 7.3.2  TimeStamp: 2026/03/13-06:31:57-GMT  BuildTime: Aug  4 2022 06:17:15  BuildStamp: freesurfer-linux-ubuntu22_x86_64-7.3.2-20220804-6354275  User: oesteban  Machine: dna082  Platform: Linux  PlatformVersion: 5.14.0-427.37.1.el9_4.x86_64  CompilerName: GCC  CompilerVersion: 8.4.0
ProgramName: mris_topo_fixer  ProgramArguments: mris_topo_fixer -all-info  ProgramVersion: 7.3.2  TimeStamp: 2026/03/13-06:31:57-GMT  BuildTime: Aug  4 2022 06:17:15  BuildStamp: freesurfer-linux-ubuntu22_x86_64-7.3.2-20220804-6354275  User: oesteban  Machine: dna082  Platform: Linux  PlatformVersion: 5.14.0-427.37.1.el9_4.x86_64  CompilerName: GCC  CompilerVersion: 8.4.0
ProgramName: mris_jacobian  ProgramArguments: mris_jacobian -all-info  ProgramVersion: 7.3.2  TimeStamp: 2026/03/13-06:31:57-GMT  BuildTime: Aug  4 2022 06:17:15  BuildStamp: freesurfer-linux-ubuntu22_x86_64-7.3.2-20220804-6354275  User: oesteban  Machine: dna082  Platform: Linux  PlatformVersion: 5.14.0-427.37.1.el9_4.x86_64  CompilerName: GCC  CompilerVersion: 8.4.0
ProgramName: mris_label2annot  ProgramArguments: mris_label2annot -all-info  ProgramVersion: 7.3.2  TimeStamp: 2026/03/13-06:31:57-GMT  BuildTime: Aug  4 2022 06:17:15  BuildStamp: freesurfer-linux-ubuntu22_x86_64-7.3.2-20220804-6354275  User: oesteban  Machine: dna082  Platform: Linux  PlatformVersion: 5.14.0-427.37.1.el9_4.x86_64  CompilerName: GCC  CompilerVersion: 8.4.0
ProgramName: mris_left_right_register  ProgramArguments: mris_left_right_register -all-info  ProgramVersion: 7.3.2  TimeStamp: 2026/03/13-06:31:57-GMT  BuildTime: Aug  4 2022 06:17:15  BuildStamp: freesurfer-linux-ubuntu22_x86_64-7.3.2-20220804-6354275  User: oesteban  Machine: dna082  Platform: Linux  PlatformVersion: 5.14.0-427.37.1.el9_4.x86_64  CompilerName: GCC  CompilerVersion: 8.4.0
ProgramName: mris_place_surface  ProgramArguments: mris_place_surface -all-info  ProgramVersion: 7.3.2  TimeStamp: 2026/03/13-06:31:57-GMT  BuildTime: Aug  4 2022 06:17:15  BuildStamp: freesurfer-linux-ubuntu22_x86_64-7.3.2-20220804-6354275  User: oesteban  Machine: dna082  Platform: Linux  PlatformVersion: 5.14.0-427.37.1.el9_4.x86_64  CompilerName: GCC  CompilerVersion: 8.4.0
ProgramName: mrisp_paint  ProgramArguments: mrisp_paint -all-info  ProgramVersion: 7.3.2  TimeStamp: 2026/03/13-06:31:57-GMT  BuildTime: Aug  4 2022 06:17:15  BuildStamp: freesurfer-linux-ubuntu22_x86_64-7.3.2-20220804-6354275  User: oesteban  Machine: dna082  Platform: Linux  PlatformVersion: 5.14.0-427.37.1.el9_4.x86_64  CompilerName: GCC  CompilerVersion: 8.4.0
ProgramName: mris_register  ProgramArguments: mris_register -all-info  ProgramVersion: 7.3.2  TimeStamp: 2026/03/13-06:31:57-GMT  BuildTime: Aug  4 2022 06:17:15  BuildStamp: freesurfer-linux-ubuntu22_x86_64-7.3.2-20220804-6354275  User: oesteban  Machine: dna082  Platform: Linux  PlatformVersion: 5.14.0-427.37.1.el9_4.x86_64  CompilerName: GCC  CompilerVersion: 8.4.0
ProgramName: mris_smooth  ProgramArguments: mris_smooth -all-info  ProgramVersion: 7.3.2  TimeStamp: 2026/03/13-06:31:57-GMT  BuildTime: Aug  4 2022 06:17:15  BuildStamp: freesurfer-linux-ubuntu22_x86_64-7.3.2-20220804-6354275  User: oesteban  Machine: dna082  Platform: Linux  PlatformVersion: 5.14.0-427.37.1.el9_4.x86_64  CompilerName: GCC  CompilerVersion: 8.4.0
ProgramName: mris_sphere  ProgramArguments: mris_sphere -all-info  ProgramVersion: 7.3.2  TimeStamp: 2026/03/13-06:31:57-GMT  BuildTime: Aug  4 2022 06:17:15  BuildStamp: freesurfer-linux-ubuntu22_x86_64-7.3.2-20220804-6354275  User: oesteban  Machine: dna082  Platform: Linux  PlatformVersion: 5.14.0-427.37.1.el9_4.x86_64  CompilerName: GCC  CompilerVersion: 8.4.0
ProgramName: mris_surface_stats  ProgramArguments: mris_surface_stats -all-info  ProgramVersion: 7.3.2  TimeStamp: 2026/03/13-06:31:57-GMT  BuildTime: Aug  4 2022 06:17:15  BuildStamp: freesurfer-linux-ubuntu22_x86_64-7.3.2-20220804-6354275  User: oesteban  Machine: dna082  Platform: Linux  PlatformVersion: 5.14.0-427.37.1.el9_4.x86_64  CompilerName: GCC  CompilerVersion: 8.4.0
ProgramName: mri_stats2seg  ProgramArguments: mri_stats2seg -all-info  ProgramVersion: 7.3.2  TimeStamp: 2026/03/13-06:31:57-GMT  BuildTime: Aug  4 2022 06:17:15  BuildStamp: freesurfer-linux-ubuntu22_x86_64-7.3.2-20220804-6354275  User: oesteban  Machine: dna082  Platform: Linux  PlatformVersion: 5.14.0-427.37.1.el9_4.x86_64  CompilerName: GCC  CompilerVersion: 8.4.0
ProgramName: mris_thickness  ProgramArguments: mris_thickness -all-info  ProgramVersion: 7.3.2  TimeStamp: 2026/03/13-06:31:57-GMT  BuildTime: Aug  4 2022 06:17:15  BuildStamp: freesurfer-linux-ubuntu22_x86_64-7.3.2-20220804-6354275  User: oesteban  Machine: dna082  Platform: Linux  PlatformVersion: 5.14.0-427.37.1.el9_4.x86_64  CompilerName: GCC  CompilerVersion: 8.4.0
ProgramName: mris_thickness_diff  ProgramArguments: mris_thickness_diff -all-info  ProgramVersion: 7.3.2  TimeStamp: 2026/03/13-06:31:57-GMT  BuildTime: Aug  4 2022 06:17:15  BuildStamp: freesurfer-linux-ubuntu22_x86_64-7.3.2-20220804-6354275  User: oesteban  Machine: dna082  Platform: Linux  PlatformVersion: 5.14.0-427.37.1.el9_4.x86_64  CompilerName: GCC  CompilerVersion: 8.4.0
ProgramName: mris_topo_fixer  ProgramArguments: mris_topo_fixer -all-info  ProgramVersion: 7.3.2  TimeStamp: 2026/03/13-06:31:57-GMT  BuildTime: Aug  4 2022 06:17:15  BuildStamp: freesurfer-linux-ubuntu22_x86_64-7.3.2-20220804-6354275  User: oesteban  Machine: dna082  Platform: Linux  PlatformVersion: 5.14.0-427.37.1.el9_4.x86_64  CompilerName: GCC  CompilerVersion: 8.4.0
ProgramName: mri_surf2surf  ProgramArguments: mri_surf2surf -all-info  ProgramVersion: 7.3.2  TimeStamp: 2026/03/13-06:31:57-GMT  BuildTime: Aug  4 2022 06:17:15  BuildStamp: freesurfer-linux-ubuntu22_x86_64-7.3.2-20220804-6354275  User: oesteban  Machine: dna082  Platform: Linux  PlatformVersion: 5.14.0-427.37.1.el9_4.x86_64  CompilerName: GCC  CompilerVersion: 8.4.0
ProgramName: mri_surf2vol  ProgramArguments: mri_surf2vol -all-info  ProgramVersion: 7.3.2  TimeStamp: 2026/03/13-06:31:57-GMT  BuildTime: Aug  4 2022 06:17:15  BuildStamp: freesurfer-linux-ubuntu22_x86_64-7.3.2-20220804-6354275  User: oesteban  Machine: dna082  Platform: Linux  PlatformVersion: 5.14.0-427.37.1.el9_4.x86_64  CompilerName: GCC  CompilerVersion: 8.4.0
ProgramName: mri_surfcluster  ProgramArguments: mri_surfcluster -all-info  ProgramVersion: 7.3.2  TimeStamp: 2026/03/13-06:31:57-GMT  BuildTime: Aug  4 2022 06:17:15  BuildStamp: freesurfer-linux-ubuntu22_x86_64-7.3.2-20220804-6354275  User: oesteban  Machine: dna082  Platform: Linux  PlatformVersion: 5.14.0-427.37.1.el9_4.x86_64  CompilerName: GCC  CompilerVersion: 8.4.0
ProgramName: mris_volmask  ProgramArguments: mris_volmask -all-info  ProgramVersion: 7.3.2  TimeStamp: 2026/03/13-06:31:57-GMT  BuildTime: Aug  4 2022 06:17:15  BuildStamp: freesurfer-linux-ubuntu22_x86_64-7.3.2-20220804-6354275  User: oesteban  Machine: dna082  Platform: Linux  PlatformVersion: 5.14.0-427.37.1.el9_4.x86_64  CompilerName: GCC  CompilerVersion: 8.4.0
ProgramName: mri_tessellate  ProgramArguments: mri_tessellate -all-info  ProgramVersion: 7.3.2  TimeStamp: 2026/03/13-06:31:57-GMT  BuildTime: Aug  4 2022 06:17:15  BuildStamp: freesurfer-linux-ubuntu22_x86_64-7.3.2-20220804-6354275  User: oesteban  Machine: dna082  Platform: Linux  PlatformVersion: 5.14.0-427.37.1.el9_4.x86_64  CompilerName: GCC  CompilerVersion: 8.4.0
ProgramName: mri_vol2surf  ProgramArguments: mri_vol2surf -all-info  ProgramVersion: 7.3.2  TimeStamp: 2026/03/13-06:31:57-GMT  BuildTime: Aug  4 2022 06:17:15  BuildStamp: freesurfer-linux-ubuntu22_x86_64-7.3.2-20220804-6354275  User: oesteban  Machine: dna082  Platform: Linux  PlatformVersion: 5.14.0-427.37.1.el9_4.x86_64  CompilerName: GCC  CompilerVersion: 8.4.0
ProgramName: mri_vol2vol  ProgramArguments: mri_vol2vol -all-info  ProgramVersion: 7.3.2  TimeStamp: 2026/03/13-06:31:57-GMT  BuildTime: Aug  4 2022 06:17:15  BuildStamp: freesurfer-linux-ubuntu22_x86_64-7.3.2-20220804-6354275  User: oesteban  Machine: dna082  Platform: Linux  PlatformVersion: 5.14.0-427.37.1.el9_4.x86_64  CompilerName: GCC  CompilerVersion: 8.4.0
ProgramName: mri_voldiff  ProgramArguments: mri_voldiff -all-info  ProgramVersion: 7.3.2  TimeStamp: 2026/03/13-06:31:57-GMT  BuildTime: Aug  4 2022 06:17:15  BuildStamp: freesurfer-linux-ubuntu22_x86_64-7.3.2-20220804-6354275  User: oesteban  Machine: dna082  Platform: Linux  PlatformVersion: 5.14.0-427.37.1.el9_4.x86_64  CompilerName: GCC  CompilerVersion: 8.4.0
ProgramName: mri_watershed  ProgramArguments: mri_watershed -all-info  ProgramVersion: 7.3.2  TimeStamp: 2026/03/13-06:31:57-GMT  BuildTime: Aug  4 2022 06:17:15  BuildStamp: freesurfer-linux-ubuntu22_x86_64-7.3.2-20220804-6354275  User: oesteban  Machine: dna082  Platform: Linux  PlatformVersion: 5.14.0-427.37.1.el9_4.x86_64  CompilerName: GCC  CompilerVersion: 8.4.0
ProgramName: tkregister2  ProgramArguments: tkregister2_cmdl -all-info  ProgramVersion: 7.3.2  TimeStamp: 2026/03/13-06:31:57-GMT  BuildTime: Aug  4 2022 06:17:15  BuildStamp: freesurfer-linux-ubuntu22_x86_64-7.3.2-20220804-6354275  User: oesteban  Machine: dna082  Platform: Linux  PlatformVersion: 5.14.0-427.37.1.el9_4.x86_64  CompilerName: GCC  CompilerVersion: 8.4.0
mri_motion_correct.fsl 7.3.2
mri_convert -all-info 
ProgramName: mri_convert  ProgramArguments: mri_convert -all-info  ProgramVersion: 7.3.2  TimeStamp: 2026/03/13-06:31:57-GMT  BuildTime: Aug  4 2022 06:17:15  BuildStamp: freesurfer-linux-ubuntu22_x86_64-7.3.2-20220804-6354275  User: oesteban  Machine: dna082  Platform: Linux  PlatformVersion: 5.14.0-427.37.1.el9_4.x86_64  CompilerName: GCC  CompilerVersion: 8.4.0
Program nu_correct, built from:
Package MNI N3, version 1.12.0, compiled by nicks@terrier (x86_64-unknown-linux-gnu) on 2015-06-19 at 01:25:34
#######################################
GCADIR /opt/freesurfer/average
GCA RB_all_2020-01-02.gca
GCASkull RB_all_withskull_2020_01_02.gca
AvgCurvTif folding.atlas.acfb40.noaparc.i12.2016-08-02.tif
GCSDIR /opt/freesurfer/average
GCS DKaparc.atlas.acfb40.noaparc.i12.2016-08-02.gcs
#######################################
#--------------------------------------------
#@# AutoDetGWStats rh Fri Mar 13 07:31:57 CET 2026
cd /out/sourcedata/freesurfer/sub-v2s4x29615_ses-1/mri
mris_autodet_gwstats --o ../surf/autodet.gw.stats.rh.dat --i brain.finalsurfs.mgz --wm wm.mgz --surf ../surf/rh.orig.premesh
  Update not needed
#--------------------------------------------
#@# WhitePreAparc rh Fri Mar 13 07:31:57 CET 2026
cd /out/sourcedata/freesurfer/sub-v2s4x29615_ses-1/mri
mris_place_surface --adgws-in ../surf/autodet.gw.stats.rh.dat --wm wm.mgz --threads 16 --invol brain.finalsurfs.mgz --rh --i ../surf/rh.orig --o ../surf/rh.white.preaparc --white --seg aseg.presurf.mgz --nsmooth 5
   Update not needed
#--------------------------------------------
#@# CortexLabel rh Fri Mar 13 07:31:57 CET 2026
cd /out/sourcedata/freesurfer/sub-v2s4x29615_ses-1/mri
mri_label2label --label-cortex ../surf/rh.white.preaparc aseg.presurf.mgz 0 ../label/rh.cortex.label
   Update not needed
#--------------------------------------------
#@# CortexLabel+HipAmyg rh Fri Mar 13 07:31:57 CET 2026
cd /out/sourcedata/freesurfer/sub-v2s4x29615_ses-1/mri
mri_label2label --label-cortex ../surf/rh.white.preaparc aseg.presurf.mgz 1 ../label/rh.cortex+hipamyg.label
   Update not needed
#@# white curv rh Fri Mar 13 07:31:57 CET 2026
cd /out/sourcedata/freesurfer/sub-v2s4x29615_ses-1/mri
mris_place_surface --curv-map ../surf/rh.white 2 10 ../surf/rh.curv
   Update not needed
#@# white area rh Fri Mar 13 07:31:57 CET 2026
cd /out/sourcedata/freesurfer/sub-v2s4x29615_ses-1/mri
mris_place_surface --area-map ../surf/rh.white ../surf/rh.area
   Update not needed
#@# pial curv rh Fri Mar 13 07:31:57 CET 2026
cd /out/sourcedata/freesurfer/sub-v2s4x29615_ses-1/mri
mris_place_surface --curv-map ../surf/rh.pial 2 10 ../surf/rh.curv.pial
   Update not needed
#@# pial area rh Fri Mar 13 07:31:57 CET 2026
cd /out/sourcedata/freesurfer/sub-v2s4x29615_ses-1/mri
mris_place_surface --area-map ../surf/rh.pial ../surf/rh.area.pial
   Update not needed
#@# thickness rh Fri Mar 13 07:31:57 CET 2026
cd /out/sourcedata/freesurfer/sub-v2s4x29615_ses-1/mri
mris_place_surface --thickness ../surf/rh.white ../surf/rh.pial 20 5 ../surf/rh.thickness
   Update not needed
#@# area and vertex vol rh Fri Mar 13 07:31:57 CET 2026
cd /out/sourcedata/freesurfer/sub-v2s4x29615_ses-1/mri
mris_place_surface --thickness ../surf/rh.white ../surf/rh.pial 20 5 ../surf/rh.thickness
   Update not needed
#-----------------------------------------
#@# Parcellation Stats rh Fri Mar 13 07:31:58 CET 2026
/out/sourcedata/freesurfer/sub-v2s4x29615_ses-1/scripts

 mris_anatomical_stats -th3 -mgz -noglobal -cortex ../label/rh.cortex.label -f ../stats/rh.aparc.stats -b -a ../label/rh.aparc.annot -c ../label/aparc.annot.ctab sub-v2s4x29615_ses-1 rh white 

computing statistics for each annotation in ../label/rh.aparc.annot.
reading volume /out/sourcedata/freesurfer/sub-v2s4x29615_ses-1/mri/wm.mgz...
reading input surface /out/sourcedata/freesurfer/sub-v2s4x29615_ses-1/surf/rh.white...
reading input pial surface /out/sourcedata/freesurfer/sub-v2s4x29615_ses-1/surf/rh.pial...
reading input white surface /out/sourcedata/freesurfer/sub-v2s4x29615_ses-1/surf/rh.white...
INFO: using TH3 volume calc
INFO: assuming MGZ format for volumes.
INFO: not computing global stats
INFO: using ../label/rh.cortex.label as mask to calc cortex NumVert, SurfArea and MeanThickness.
Using TH3 vertex volume calc
Total face volume 304438
Total vertex volume 304166 (mask=0)
Saving annotation colortable ../label/aparc.annot.ctab

table columns are:
    number of vertices
    total surface area (mm^2)
    total gray matter volume (mm^3)
    average cortical thickness +- standard deviation (mm)
    integrated rectified mean curvature
    integrated rectified Gaussian curvature
    folding index
    intrinsic curvature index
    structure name

 1997   1298   3494  2.842 0.510     0.092     0.015       10     1.3  bankssts
 1050    677   2088  2.568 0.839     0.109     0.018       11     0.8  caudalanteriorcingulate
 4309   2935   9492  2.906 0.639     0.113     0.029       31     5.0  caudalmiddlefrontal
 3264   2272   5699  2.168 0.627     0.129     0.033       34     4.4  cuneus
  527    334   1579  3.185 0.752     0.115     0.041        4     0.8  entorhinal
 4519   3181  10031  2.653 0.770     0.127     0.034       50     6.7  fusiform
 9622   6553  20701  2.709 0.635     0.119     0.029       94    11.4  inferiorparietal
 4686   3240  10687  2.603 0.844     0.118     0.028       53     5.6  inferiortemporal
 1707   1143   3778  2.814 0.964     0.111     0.028       16     1.9  isthmuscingulate
10104   6907  17955  2.341 0.614     0.135     0.032      117    14.0  lateraloccipital
 4312   2980   9989  3.090 0.800     0.125     0.034       46     6.1  lateralorbitofrontal
 6316   4278   8998  2.058 0.639     0.128     0.034       65     8.9  lingual
 2989   2075   6910  2.962 0.696     0.116     0.027       34     3.3  medialorbitofrontal
 6198   3955  14098  2.900 0.917     0.103     0.029       49     7.5  middletemporal
 1022    669   2339  2.912 0.891     0.112     0.033       10     1.5  parahippocampal
 2624   1624   4049  2.458 0.701     0.100     0.024       14     2.7  paracentral
 1993   1346   4322  2.931 0.514     0.098     0.022       18     1.7  parsopercularis
 1217    876   3847  3.393 0.778     0.124     0.031       16     1.4  parsorbitalis
 2040   1450   4841  2.784 0.647     0.113     0.028       21     2.5  parstriangularis
 3239   2310   3000  1.515 0.454     0.144     0.037       41     5.6  pericalcarine
 7736   4835  10505  2.024 0.755     0.100     0.025       55     7.9  postcentral
 1742   1211   3533  2.580 0.805     0.112     0.022       18     1.8  posteriorcingulate
 9378   6147  15364  2.421 0.681     0.114     0.030       74    12.7  precentral
 6792   4647  13297  2.616 0.649     0.112     0.024       65     6.8  precuneus
 1029    703   3281  3.300 0.885     0.128     0.028       12     1.2  rostralanteriorcingulate
 9193   6615  21870  2.789 0.617     0.130     0.033      106    12.4  rostralmiddlefrontal
11358   7830  29278  3.225 0.691     0.117     0.028       94    13.1  superiorfrontal
11034   7227  18355  2.295 0.588     0.113     0.026       94    12.1  superiorparietal
 6285   4032  13467  2.821 0.785     0.090     0.021       40     5.2  superiortemporal
 7039   4795  13117  2.619 0.698     0.111     0.027       66     8.6  supramarginal
  449    325   2018  3.706 0.842     0.130     0.034        7     0.5  frontalpole
  705    531   3220  3.453 0.983     0.148     0.058       10     1.4  temporalpole
  683    373   1234  2.852 0.408     0.104     0.023        5     0.6  transversetemporal
 3184   2094   7730  3.528 0.862     0.096     0.023       18     2.9  insula

 mris_anatomical_stats -th3 -mgz -noglobal -cortex ../label/rh.cortex.label -f ../stats/rh.aparc.pial.stats -b -a ../label/rh.aparc.annot -c ../label/aparc.annot.ctab sub-v2s4x29615_ses-1 rh pial 

computing statistics for each annotation in ../label/rh.aparc.annot.
reading volume /out/sourcedata/freesurfer/sub-v2s4x29615_ses-1/mri/wm.mgz...
reading input surface /out/sourcedata/freesurfer/sub-v2s4x29615_ses-1/surf/rh.pial...
reading input pial surface /out/sourcedata/freesurfer/sub-v2s4x29615_ses-1/surf/rh.pial...
reading input white surface /out/sourcedata/freesurfer/sub-v2s4x29615_ses-1/surf/rh.white...
INFO: using TH3 volume calc
INFO: assuming MGZ format for volumes.
INFO: not computing global stats
INFO: using ../label/rh.cortex.label as mask to calc cortex NumVert, SurfArea and MeanThickness.
Using TH3 vertex volume calc
Total face volume 304438
Total vertex volume 304166 (mask=0)
Saving annotation colortable ../label/aparc.annot.ctab

table columns are:
    number of vertices
    total surface area (mm^2)
    total gray matter volume (mm^3)
    average cortical thickness +- standard deviation (mm)
    integrated rectified mean curvature
    integrated rectified Gaussian curvature
    folding index
    intrinsic curvature index
    structure name

 1997   1136   3494  2.842 0.510     0.101     0.028       22     2.2  bankssts
 1050    885   2088  2.568 0.839     0.147     0.032       56     1.5  caudalanteriorcingulate
 4309   3433   9492  2.906 0.639     0.133     0.032       81     5.7  caudalmiddlefrontal
 3264   3041   5699  2.168 0.627     0.148     0.034       64     4.6  cuneus
  527    682   1579  3.185 0.752     0.302     4.987     -145     1.6  entorhinal
 4519   4199  10031  2.653 0.770     0.157     0.039      100     8.0  fusiform
 9622   8416  20701  2.709 0.635     0.149     0.059      867    14.1  inferiorparietal
 4686   4646  10687  2.603 0.844     0.159     0.037       75     7.8  inferiortemporal
 1707   1470   3778  2.814 0.964     0.169     0.052       66     3.4  isthmuscingulate
10104   8712  17955  2.341 0.614     0.132     0.032      205    13.9  lateraloccipital
 4312   3477   9989  3.090 0.800     0.137     0.035      270     6.2  lateralorbitofrontal
 6316   4870   8998  2.058 0.639     0.130     0.034      100     8.7  lingual
 2989   2676   6910  2.962 0.696     0.153     0.039       80     4.8  medialorbitofrontal
 6198   5435  14098  2.900 0.917     0.125     0.026       70     7.1  middletemporal
 1022    931   2339  2.912 0.891     0.187     0.051       43     2.1  parahippocampal
 2624   1702   4049  2.458 0.701     0.105     0.026       33     2.9  paracentral
 1993   1548   4322  2.931 0.514     0.122     0.027       23     2.2  parsopercularis
 1217   1354   3847  3.393 0.778     0.166     0.029       24     1.5  parsorbitalis
 2040   1893   4841  2.784 0.647     0.149     0.032       33     2.8  parstriangularis
 3239   2000   3000  1.515 0.454     0.117     0.033       96     4.4  pericalcarine
 7736   5723  10505  2.024 0.755     0.104     0.022       60     7.3  postcentral
 1742   1504   3533  2.580 0.805     0.167     0.047      290     3.2  posteriorcingulate
 9378   6618  15364  2.421 0.681     0.100     0.022      129     7.5  precentral
 6792   5332  13297  2.616 0.649     0.133     0.032      106     9.2  precuneus
 1029   1188   3281  3.300 0.885     0.211     0.057       43     2.5  rostralanteriorcingulate
 9193   8810  21870  2.789 0.617     0.160     0.036      422    14.1  rostralmiddlefrontal
11358   9804  29278  3.225 0.691     0.140     0.033      239    14.8  superiorfrontal
11034   8621  18355  2.295 0.588     0.122     0.028      508    12.1  superiorparietal
 6285   5253  13467  2.821 0.785     0.119     0.025       57     6.8  superiortemporal
 7039   5164  13117  2.619 0.698     0.119     0.028      215     7.8  supramarginal
  449    671   2018  3.706 0.842     0.208     0.035        6     0.7  frontalpole
  705   1288   3220  3.453 0.983     0.282     0.058       13     2.0  temporalpole
  683    504   1234  2.852 0.408     0.092     0.021        5     0.5  transversetemporal
 3184   2062   7730  3.528 0.862     0.156     0.050       99     6.8  insula
#-----------------------------------------
#@# Parcellation Stats 2 rh Fri Mar 13 07:32:15 CET 2026
/out/sourcedata/freesurfer/sub-v2s4x29615_ses-1/scripts

 mris_anatomical_stats -th3 -mgz -noglobal -cortex ../label/rh.cortex.label -f ../stats/rh.aparc.a2009s.stats -b -a ../label/rh.aparc.a2009s.annot -c ../label/aparc.annot.a2009s.ctab sub-v2s4x29615_ses-1 rh white 

computing statistics for each annotation in ../label/rh.aparc.a2009s.annot.
reading volume /out/sourcedata/freesurfer/sub-v2s4x29615_ses-1/mri/wm.mgz...
reading input surface /out/sourcedata/freesurfer/sub-v2s4x29615_ses-1/surf/rh.white...
reading input pial surface /out/sourcedata/freesurfer/sub-v2s4x29615_ses-1/surf/rh.pial...
reading input white surface /out/sourcedata/freesurfer/sub-v2s4x29615_ses-1/surf/rh.white...
INFO: using TH3 volume calc
INFO: assuming MGZ format for volumes.
INFO: not computing global stats
INFO: using ../label/rh.cortex.label as mask to calc cortex NumVert, SurfArea and MeanThickness.
Using TH3 vertex volume calc
Total face volume 304438
Total vertex volume 304166 (mask=0)
Saving annotation colortable ../label/aparc.annot.a2009s.ctab

table columns are:
    number of vertices
    total surface area (mm^2)
    total gray matter volume (mm^3)
    average cortical thickness +- standard deviation (mm)
    integrated rectified mean curvature
    integrated rectified Gaussian curvature
    folding index
    intrinsic curvature index
    structure name

  895    627   1984  2.597 0.802     0.114     0.025       10     0.8  G_and_S_frontomargin
 1466   1065   3563  2.671 0.609     0.144     0.038       19     2.3  G_and_S_occipital_inf
 1471    879   2114  2.110 0.619     0.102     0.029       10     1.7  G_and_S_paracentral
 2117   1365   4568  2.876 0.647     0.120     0.033       21     2.7  G_and_S_subcentral
 1115    873   4014  3.370 0.741     0.154     0.039       18     1.7  G_and_S_transv_frontopol
 3421   2304   8044  3.148 0.714     0.100     0.020       21     2.8  G_and_S_cingul-Ant
 1559   1041   3591  3.210 0.644     0.103     0.022       10     1.4  G_and_S_cingul-Mid-Ant
 1412    962   2856  2.718 0.634     0.106     0.024       11     1.3  G_and_S_cingul-Mid-Post
  628    433   1980  3.527 0.712     0.147     0.040       10     1.1  G_cingul-Post-dorsal
  379    258   1184  3.326 0.842     0.112     0.033        4     0.4  G_cingul-Post-ventral
 3115   2177   5234  2.089 0.624     0.137     0.036       35     4.7  G_cuneus
 1225    874   3769  3.205 0.485     0.114     0.027       18     1.2  G_front_inf-Opercular
  465    363   1542  3.171 0.696     0.160     0.044        8     1.0  G_front_inf-Orbital
  798    602   2721  3.054 0.624     0.127     0.033       11     1.2  G_front_inf-Triangul
 4773   3460  14551  3.039 0.631     0.148     0.044       71     7.8  G_front_middle
 7301   5052  21675  3.278 0.749     0.132     0.035       81    10.5  G_front_sup
  550    369   1980  4.272 0.777     0.086     0.023        3     0.4  G_Ins_lg_and_S_cent_ins
  850    608   2784  3.699 0.891     0.130     0.040        9     1.6  G_insular_short
 2764   2012   7084  2.675 0.505     0.141     0.033       39     3.6  G_occipital_middle
 2640   1673   4077  2.214 0.563     0.133     0.034       29     3.7  G_occipital_sup
 2204   1516   5660  2.803 0.741     0.136     0.043       29     3.9  G_oc-temp_lat-fusifor
 3772   2532   5770  1.994 0.607     0.126     0.036       37     5.6  G_oc-temp_med-Lingual
  957    616   2886  3.196 0.895     0.120     0.043        9     1.6  G_oc-temp_med-Parahip
 2638   1861   8383  3.328 0.754     0.123     0.038       37     3.4  G_orbital
 3426   2394  10147  2.979 0.709     0.138     0.041       48     5.9  G_pariet_inf-Angular
 3364   2215   7608  2.809 0.663     0.114     0.032       40     4.2  G_pariet_inf-Supramar
 3401   2297   6721  2.373 0.619     0.132     0.034       39     4.8  G_parietal_sup
 2883   1706   3586  1.822 0.577     0.107     0.030       24     3.6  G_postcentral
 3532   2211   6358  2.438 0.692     0.115     0.034       33     5.1  G_precentral
 3069   2145   7652  2.794 0.618     0.133     0.032       41     3.9  G_precuneus
  867    635   2705  2.906 0.721     0.147     0.042       17     1.5  G_rectus
  505    387   1222  3.198 0.985     0.181     0.059        8     1.5  G_subcallosal
  559    304   1117  2.874 0.473     0.107     0.024        4     0.5  G_temp_sup-G_T_transv
 2197   1361   6023  3.028 0.767     0.106     0.032       23     2.6  G_temp_sup-Lateral
  801    539   2146  3.452 0.778     0.089     0.021        4     0.6  G_temp_sup-Plan_polar
 1069    679   1860  2.643 0.814     0.066     0.015        3     0.6  G_temp_sup-Plan_tempo
 2539   1796   7566  2.864 0.854     0.130     0.035       40     3.8  G_temporal_inf
 3596   2186   9598  3.109 0.922     0.117     0.040       40     5.8  G_temporal_middle
  402    254    489  2.436 0.501     0.086     0.014        2     0.2  Lat_Fis-ant-Horizont
  248    167    382  2.789 0.514     0.085     0.016        1     0.1  Lat_Fis-ant-Vertical
 1632   1043   2362  2.875 0.739     0.096     0.019        8     1.4  Lat_Fis-post
 4874   3248   6326  1.866 0.583     0.138     0.037       60     8.0  Pole_occipital
 1619   1215   6681  3.433 1.029     0.138     0.047       22     2.8  Pole_temporal
 3585   2488   4072  1.895 0.672     0.130     0.030       44     4.7  S_calcarine
 3669   2441   3573  1.731 0.531     0.101     0.023       20     3.6  S_central
 1484    977   2136  2.432 0.489     0.084     0.013        5     0.8  S_cingul-Marginalis
  499    314    828  3.101 0.589     0.074     0.013        1     0.3  S_circular_insula_ant
 1150    745   1821  2.884 0.856     0.083     0.015        4     0.8  S_circular_insula_inf
 1532    993   2330  3.097 0.540     0.092     0.017        6     1.2  S_circular_insula_sup
  662    472   1184  2.547 0.700     0.114     0.024        5     0.6  S_collat_transv_ant
  668    450    734  2.188 0.370     0.122     0.022        5     0.7  S_collat_transv_post
 2250   1537   3718  2.543 0.493     0.098     0.020       12     2.0  S_front_inf
 2621   1843   4960  2.660 0.555     0.124     0.029       21     3.4  S_front_middle
 3263   2174   5475  2.834 0.510     0.095     0.020       16     2.7  S_front_sup
  605    404    833  2.358 0.529     0.090     0.012        2     0.4  S_interm_prim-Jensen
 4750   3185   7235  2.354 0.531     0.091     0.017       23     3.4  S_intrapariet_and_P_trans
 1288    879   1951  2.659 0.559     0.122     0.024       10     1.5  S_oc_middle_and_Lunatus
 1967   1302   2835  2.365 0.566     0.103     0.019       12     1.5  S_oc_sup_and_transversal
  730    503   1032  2.140 0.514     0.112     0.022        5     0.7  S_occipital_ant
 1384    951   1822  2.125 0.664     0.108     0.022       10     1.6  S_oc-temp_lat
 2619   1793   3901  2.420 0.652     0.114     0.025       19     2.6  S_oc-temp_med_and_Lingual
  502    354    922  2.704 0.664     0.112     0.021        4     0.5  S_orbital_lateral
  974    641   1557  2.687 0.530     0.103     0.017        6     0.8  S_orbital_med-olfact
 1580   1061   3398  3.237 0.881     0.106     0.024       11     1.6  S_orbital-H_Shaped
 3265   2180   4845  2.305 0.601     0.102     0.020       26     3.3  S_parieto_occipital
 1619   1037   1696  1.979 0.645     0.111     0.020       19     1.3  S_pericallosal
 3415   2362   4348  2.050 0.496     0.118     0.027       28     4.5  S_postcentral
 2704   1816   4445  2.648 0.526     0.088     0.018       11     2.3  S_precentral-inf-part
 1229    837   1809  2.656 0.500     0.107     0.030        8     2.0  S_precentral-sup-part
  246    186    512  3.166 0.806     0.139     0.026        2     0.3  S_suborbital
 1135    771   2230  2.952 0.723     0.105     0.020        7     0.9  S_subparietal
 1538   1016   2137  2.439 0.570     0.091     0.015        7     1.0  S_temporal_inf
 7994   5225  12765  2.589 0.556     0.091     0.017       40     5.6  S_temporal_sup
  317    226    502  2.596 0.576     0.104     0.014        2     0.2  S_temporal_transverse
#-----------------------------------------
#@# Parcellation Stats 3 rh Fri Mar 13 07:32:24 CET 2026
/out/sourcedata/freesurfer/sub-v2s4x29615_ses-1/scripts

 mris_anatomical_stats -th3 -mgz -noglobal -cortex ../label/rh.cortex.label -f ../stats/rh.aparc.DKTatlas.stats -b -a ../label/rh.aparc.DKTatlas.annot -c ../label/aparc.annot.DKTatlas.ctab sub-v2s4x29615_ses-1 rh white 

computing statistics for each annotation in ../label/rh.aparc.DKTatlas.annot.
reading volume /out/sourcedata/freesurfer/sub-v2s4x29615_ses-1/mri/wm.mgz...
reading input surface /out/sourcedata/freesurfer/sub-v2s4x29615_ses-1/surf/rh.white...
reading input pial surface /out/sourcedata/freesurfer/sub-v2s4x29615_ses-1/surf/rh.pial...
reading input white surface /out/sourcedata/freesurfer/sub-v2s4x29615_ses-1/surf/rh.white...
INFO: using TH3 volume calc
INFO: assuming MGZ format for volumes.
INFO: not computing global stats
INFO: using ../label/rh.cortex.label as mask to calc cortex NumVert, SurfArea and MeanThickness.
Using TH3 vertex volume calc
Total face volume 304438
Total vertex volume 304166 (mask=0)
Saving annotation colortable ../label/aparc.annot.DKTatlas.ctab

table columns are:
    number of vertices
    total surface area (mm^2)
    total gray matter volume (mm^3)
    average cortical thickness +- standard deviation (mm)
    integrated rectified mean curvature
    integrated rectified Gaussian curvature
    folding index
    intrinsic curvature index
    structure name

 1118    722   2201  2.567 0.844     0.109     0.019       11     0.9  caudalanteriorcingulate
 4413   3013   9614  2.893 0.646     0.114     0.029       32     5.1  caudalmiddlefrontal
 4068   2770   6689  2.125 0.615     0.128     0.034       48     6.0  cuneus
  492    308   1474  3.218 0.752     0.108     0.038        4     0.6  entorhinal
 4232   2971   8862  2.625 0.709     0.123     0.033       42     5.9  fusiform
 9443   6494  20255  2.706 0.620     0.121     0.029       94    11.4  inferiorparietal
 4990   3479  12065  2.620 0.879     0.122     0.030       61     6.5  inferiortemporal
 1694   1135   3741  2.810 0.955     0.111     0.028       15     1.9  isthmuscingulate
10157   6925  17959  2.334 0.612     0.135     0.032      116    13.8  lateraloccipital
 4481   3091  11127  3.146 0.822     0.122     0.032       48     5.6  lateralorbitofrontal
 6269   4244   8844  2.050 0.636     0.129     0.034       65     9.0  lingual
 2482   1761   6314  2.944 0.740     0.130     0.033       34     3.7  medialorbitofrontal
 7649   4863  16757  2.891 0.876     0.101     0.027       57     8.5  middletemporal
 1072    702   2471  2.923 0.870     0.112     0.032       10     1.5  parahippocampal
 2786   1735   4431  2.490 0.715     0.101     0.024       15     2.9  paracentral
 2250   1519   4935  2.931 0.520     0.096     0.021       19     1.8  parsopercularis
 1129    764   2918  3.153 0.721     0.105     0.027       10     1.1  parsorbitalis
 2014   1453   4795  2.750 0.661     0.118     0.029       23     2.7  parstriangularis
 3128   2231   2888  1.497 0.429     0.143     0.037       39     5.5  pericalcarine
 8622   5398  11627  2.045 0.738     0.104     0.026       66     9.2  postcentral
 1852   1286   3765  2.596 0.797     0.111     0.022       19     1.8  posteriorcingulate
 9120   5963  15235  2.443 0.679     0.111     0.029       70    11.3  precentral
 6960   4800  13842  2.626 0.635     0.112     0.024       61     6.6  precuneus
 1371    940   3919  3.256 0.853     0.130     0.032       16     1.7  rostralanteriorcingulate
 6528   4704  16065  2.872 0.593     0.131     0.034       77     8.9  rostralmiddlefrontal
14333   9981  36046  3.113 0.740     0.120     0.030      131    17.9  superiorfrontal
 9139   6010  15522  2.312 0.604     0.112     0.025       76     9.7  superiorparietal
 8164   5330  18573  2.868 0.787     0.097     0.025       56     7.8  superiortemporal
 6796   4590  12733  2.631 0.704     0.108     0.027       62     7.9  supramarginal
  690    377   1270  2.884 0.428     0.104     0.023        5     0.6  transversetemporal
 2900   1906   7230  3.593 0.849     0.092     0.020       15     2.4  insula
/out/sourcedata/freesurfer/sub-v2s4x29615_ses-1/label
#--------------------------------------------
#@# BA_exvivo Labels rh Fri Mar 13 07:32:33 CET 2026

 mri_label2label --srcsubject fsaverage --srclabel /out/sourcedata/freesurfer/fsaverage/label/rh.BA1_exvivo.label --trgsubject sub-v2s4x29615_ses-1 --trglabel ./rh.BA1_exvivo.label --hemi rh --regmethod surface 


srclabel = /out/sourcedata/freesurfer/fsaverage/label/rh.BA1_exvivo.label
srcsubject = fsaverage
trgsubject = sub-v2s4x29615_ses-1
trglabel = ./rh.BA1_exvivo.label
regmethod = surface

srchemi = rh
trghemi = rh
trgsurface = white
srcsurfreg = sphere.reg
trgsurfreg = sphere.reg
usehash = 1
Use ProjAbs  = 0, 0
Use ProjFrac = 0, 0
DoPaint 0

SUBJECTS_DIR    /out/sourcedata/freesurfer
FREESURFER_HOME /opt/freesurfer
Loading source label.
Found 3962 points in source label.
Starting surface-based mapping
Reading source registration 
 /out/sourcedata/freesurfer/fsaverage/surf/rh.sphere.reg
Rescaling ...  original radius = 100
Reading target surface 
 /out/sourcedata/freesurfer/sub-v2s4x29615_ses-1/surf/rh.white
Reading target registration 
 /out/sourcedata/freesurfer/sub-v2s4x29615_ses-1/surf/rh.sphere.reg
Rescaling ...  original radius = 100
Building target registration hash (res=16).
Building source registration hash (res=16).
INFO: found  3962 nlabel points
Performing mapping from target back to the source label 158393
Number of reverse mapping hits = 457
Checking for and removing duplicates
Writing label file ./rh.BA1_exvivo.label 4419
mri_label2label: Done


 mri_label2label --srcsubject fsaverage --srclabel /out/sourcedata/freesurfer/fsaverage/label/rh.BA2_exvivo.label --trgsubject sub-v2s4x29615_ses-1 --trglabel ./rh.BA2_exvivo.label --hemi rh --regmethod surface 


srclabel = /out/sourcedata/freesurfer/fsaverage/label/rh.BA2_exvivo.label
srcsubject = fsaverage
trgsubject = sub-v2s4x29615_ses-1
trglabel = ./rh.BA2_exvivo.label
regmethod = surface

srchemi = rh
trghemi = rh
trgsurface = white
srcsurfreg = sphere.reg
trgsurfreg = sphere.reg
usehash = 1
Use ProjAbs  = 0, 0
Use ProjFrac = 0, 0
DoPaint 0

SUBJECTS_DIR    /out/sourcedata/freesurfer
FREESURFER_HOME /opt/freesurfer
Loading source label.
Found 6687 points in source label.
Starting surface-based mapping
Reading source registration 
 /out/sourcedata/freesurfer/fsaverage/surf/rh.sphere.reg
Rescaling ...  original radius = 100
Reading target surface 
 /out/sourcedata/freesurfer/sub-v2s4x29615_ses-1/surf/rh.white
Reading target registration 
 /out/sourcedata/freesurfer/sub-v2s4x29615_ses-1/surf/rh.sphere.reg
Rescaling ...  original radius = 100
Building target registration hash (res=16).
Building source registration hash (res=16).
INFO: found  6687 nlabel points
Performing mapping from target back to the source label 158393
Number of reverse mapping hits = 652
Checking for and removing duplicates
Writing label file ./rh.BA2_exvivo.label 7339
mri_label2label: Done


 mri_label2label --srcsubject fsaverage --srclabel /out/sourcedata/freesurfer/fsaverage/label/rh.BA3a_exvivo.label --trgsubject sub-v2s4x29615_ses-1 --trglabel ./rh.BA3a_exvivo.label --hemi rh --regmethod surface 


srclabel = /out/sourcedata/freesurfer/fsaverage/label/rh.BA3a_exvivo.label
srcsubject = fsaverage
trgsubject = sub-v2s4x29615_ses-1
trglabel = ./rh.BA3a_exvivo.label
regmethod = surface

srchemi = rh
trghemi = rh
trgsurface = white
srcsurfreg = sphere.reg
trgsurfreg = sphere.reg
usehash = 1
Use ProjAbs  = 0, 0
Use ProjFrac = 0, 0
DoPaint 0

SUBJECTS_DIR    /out/sourcedata/freesurfer
FREESURFER_HOME /opt/freesurfer
Loading source label.
Found 3980 points in source label.
Starting surface-based mapping
Reading source registration 
 /out/sourcedata/freesurfer/fsaverage/surf/rh.sphere.reg
Rescaling ...  original radius = 100
Reading target surface 
 /out/sourcedata/freesurfer/sub-v2s4x29615_ses-1/surf/rh.white
Reading target registration 
 /out/sourcedata/freesurfer/sub-v2s4x29615_ses-1/surf/rh.sphere.reg
Rescaling ...  original radius = 100
Building target registration hash (res=16).
Building source registration hash (res=16).
INFO: found  3980 nlabel points
Performing mapping from target back to the source label 158393
Number of reverse mapping hits = 144
Checking for and removing duplicates
Writing label file ./rh.BA3a_exvivo.label 4124
mri_label2label: Done


 mri_label2label --srcsubject fsaverage --srclabel /out/sourcedata/freesurfer/fsaverage/label/rh.BA3b_exvivo.label --trgsubject sub-v2s4x29615_ses-1 --trglabel ./rh.BA3b_exvivo.label --hemi rh --regmethod surface 


srclabel = /out/sourcedata/freesurfer/fsaverage/label/rh.BA3b_exvivo.label
srcsubject = fsaverage
trgsubject = sub-v2s4x29615_ses-1
trglabel = ./rh.BA3b_exvivo.label
regmethod = surface

srchemi = rh
trghemi = rh
trgsurface = white
srcsurfreg = sphere.reg
trgsurfreg = sphere.reg
usehash = 1
Use ProjAbs  = 0, 0
Use ProjFrac = 0, 0
DoPaint 0

SUBJECTS_DIR    /out/sourcedata/freesurfer
FREESURFER_HOME /opt/freesurfer
Loading source label.
Found 4522 points in source label.
Starting surface-based mapping
Reading source registration 
 /out/sourcedata/freesurfer/fsaverage/surf/rh.sphere.reg
Rescaling ...  original radius = 100
Reading target surface 
 /out/sourcedata/freesurfer/sub-v2s4x29615_ses-1/surf/rh.white
Reading target registration 
 /out/sourcedata/freesurfer/sub-v2s4x29615_ses-1/surf/rh.sphere.reg
Rescaling ...  original radius = 100
Building target registration hash (res=16).
Building source registration hash (res=16).
INFO: found  4522 nlabel points
Performing mapping from target back to the source label 158393
Number of reverse mapping hits = 345
Checking for and removing duplicates
Writing label file ./rh.BA3b_exvivo.label 4867
mri_label2label: Done


 mri_label2label --srcsubject fsaverage --srclabel /out/sourcedata/freesurfer/fsaverage/label/rh.BA4a_exvivo.label --trgsubject sub-v2s4x29615_ses-1 --trglabel ./rh.BA4a_exvivo.label --hemi rh --regmethod surface 


srclabel = /out/sourcedata/freesurfer/fsaverage/label/rh.BA4a_exvivo.label
srcsubject = fsaverage
trgsubject = sub-v2s4x29615_ses-1
trglabel = ./rh.BA4a_exvivo.label
regmethod = surface

srchemi = rh
trghemi = rh
trgsurface = white
srcsurfreg = sphere.reg
trgsurfreg = sphere.reg
usehash = 1
Use ProjAbs  = 0, 0
Use ProjFrac = 0, 0
DoPaint 0

SUBJECTS_DIR    /out/sourcedata/freesurfer
FREESURFER_HOME /opt/freesurfer
Loading source label.
Found 5747 points in source label.
Starting surface-based mapping
Reading source registration 
 /out/sourcedata/freesurfer/fsaverage/surf/rh.sphere.reg
Rescaling ...  original radius = 100
Reading target surface 
 /out/sourcedata/freesurfer/sub-v2s4x29615_ses-1/surf/rh.white
Reading target registration 
 /out/sourcedata/freesurfer/sub-v2s4x29615_ses-1/surf/rh.sphere.reg
Rescaling ...  original radius = 100
Building target registration hash (res=16).
Building source registration hash (res=16).
INFO: found  5747 nlabel points
Performing mapping from target back to the source label 158393
Number of reverse mapping hits = 393
Checking for and removing duplicates
Writing label file ./rh.BA4a_exvivo.label 6140
mri_label2label: Done


 mri_label2label --srcsubject fsaverage --srclabel /out/sourcedata/freesurfer/fsaverage/label/rh.BA4p_exvivo.label --trgsubject sub-v2s4x29615_ses-1 --trglabel ./rh.BA4p_exvivo.label --hemi rh --regmethod surface 


srclabel = /out/sourcedata/freesurfer/fsaverage/label/rh.BA4p_exvivo.label
srcsubject = fsaverage
trgsubject = sub-v2s4x29615_ses-1
trglabel = ./rh.BA4p_exvivo.label
regmethod = surface

srchemi = rh
trghemi = rh
trgsurface = white
srcsurfreg = sphere.reg
trgsurfreg = sphere.reg
usehash = 1
Use ProjAbs  = 0, 0
Use ProjFrac = 0, 0
DoPaint 0

SUBJECTS_DIR    /out/sourcedata/freesurfer
FREESURFER_HOME /opt/freesurfer
Loading source label.
Found 4473 points in source label.
Starting surface-based mapping
Reading source registration 
 /out/sourcedata/freesurfer/fsaverage/surf/rh.sphere.reg
Rescaling ...  original radius = 100
Reading target surface 
 /out/sourcedata/freesurfer/sub-v2s4x29615_ses-1/surf/rh.white
Reading target registration 
 /out/sourcedata/freesurfer/sub-v2s4x29615_ses-1/surf/rh.sphere.reg
Rescaling ...  original radius = 100
Building target registration hash (res=16).
Building source registration hash (res=16).
INFO: found  4473 nlabel points
Performing mapping from target back to the source label 158393
Number of reverse mapping hits = 259
Checking for and removing duplicates
Writing label file ./rh.BA4p_exvivo.label 4732
mri_label2label: Done


 mri_label2label --srcsubject fsaverage --srclabel /out/sourcedata/freesurfer/fsaverage/label/rh.BA6_exvivo.label --trgsubject sub-v2s4x29615_ses-1 --trglabel ./rh.BA6_exvivo.label --hemi rh --regmethod surface 


srclabel = /out/sourcedata/freesurfer/fsaverage/label/rh.BA6_exvivo.label
srcsubject = fsaverage
trgsubject = sub-v2s4x29615_ses-1
trglabel = ./rh.BA6_exvivo.label
regmethod = surface

srchemi = rh
trghemi = rh
trgsurface = white
srcsurfreg = sphere.reg
trgsurfreg = sphere.reg
usehash = 1
Use ProjAbs  = 0, 0
Use ProjFrac = 0, 0
DoPaint 0

SUBJECTS_DIR    /out/sourcedata/freesurfer
FREESURFER_HOME /opt/freesurfer
Loading source label.
Found 12256 points in source label.
Starting surface-based mapping
Reading source registration 
 /out/sourcedata/freesurfer/fsaverage/surf/rh.sphere.reg
Rescaling ...  original radius = 100
Reading target surface 
 /out/sourcedata/freesurfer/sub-v2s4x29615_ses-1/surf/rh.white
Reading target registration 
 /out/sourcedata/freesurfer/sub-v2s4x29615_ses-1/surf/rh.sphere.reg
Rescaling ...  original radius = 100
Building target registration hash (res=16).
Building source registration hash (res=16).
INFO: found  12256 nlabel points
Performing mapping from target back to the source label 158393
Number of reverse mapping hits = 1062
Checking for and removing duplicates
Writing label file ./rh.BA6_exvivo.label 13318
mri_label2label: Done


 mri_label2label --srcsubject fsaverage --srclabel /out/sourcedata/freesurfer/fsaverage/label/rh.BA44_exvivo.label --trgsubject sub-v2s4x29615_ses-1 --trglabel ./rh.BA44_exvivo.label --hemi rh --regmethod surface 


srclabel = /out/sourcedata/freesurfer/fsaverage/label/rh.BA44_exvivo.label
srcsubject = fsaverage
trgsubject = sub-v2s4x29615_ses-1
trglabel = ./rh.BA44_exvivo.label
regmethod = surface

srchemi = rh
trghemi = rh
trgsurface = white
srcsurfreg = sphere.reg
trgsurfreg = sphere.reg
usehash = 1
Use ProjAbs  = 0, 0
Use ProjFrac = 0, 0
DoPaint 0

SUBJECTS_DIR    /out/sourcedata/freesurfer
FREESURFER_HOME /opt/freesurfer
Loading source label.
Found 6912 points in source label.
Starting surface-based mapping
Reading source registration 
 /out/sourcedata/freesurfer/fsaverage/surf/rh.sphere.reg
Rescaling ...  original radius = 100
Reading target surface 
 /out/sourcedata/freesurfer/sub-v2s4x29615_ses-1/surf/rh.white
Reading target registration 
 /out/sourcedata/freesurfer/sub-v2s4x29615_ses-1/surf/rh.sphere.reg
Rescaling ...  original radius = 100
Building target registration hash (res=16).
Building source registration hash (res=16).
INFO: found  6912 nlabel points
Performing mapping from target back to the source label 158393
Number of reverse mapping hits = 1015
Checking for and removing duplicates
Writing label file ./rh.BA44_exvivo.label 7927
mri_label2label: Done


 mri_label2label --srcsubject fsaverage --srclabel /out/sourcedata/freesurfer/fsaverage/label/rh.BA45_exvivo.label --trgsubject sub-v2s4x29615_ses-1 --trglabel ./rh.BA45_exvivo.label --hemi rh --regmethod surface 


srclabel = /out/sourcedata/freesurfer/fsaverage/label/rh.BA45_exvivo.label
srcsubject = fsaverage
trgsubject = sub-v2s4x29615_ses-1
trglabel = ./rh.BA45_exvivo.label
regmethod = surface

srchemi = rh
trghemi = rh
trgsurface = white
srcsurfreg = sphere.reg
trgsurfreg = sphere.reg
usehash = 1
Use ProjAbs  = 0, 0
Use ProjFrac = 0, 0
DoPaint 0

SUBJECTS_DIR    /out/sourcedata/freesurfer
FREESURFER_HOME /opt/freesurfer
Loading source label.
Found 5355 points in source label.
Starting surface-based mapping
Reading source registration 
 /out/sourcedata/freesurfer/fsaverage/surf/rh.sphere.reg
Rescaling ...  original radius = 100
Reading target surface 
 /out/sourcedata/freesurfer/sub-v2s4x29615_ses-1/surf/rh.white
Reading target registration 
 /out/sourcedata/freesurfer/sub-v2s4x29615_ses-1/surf/rh.sphere.reg
Rescaling ...  original radius = 100
Building target registration hash (res=16).
Building source registration hash (res=16).
INFO: found  5355 nlabel points
Performing mapping from target back to the source label 158393
Number of reverse mapping hits = 550
Checking for and removing duplicates
Writing label file ./rh.BA45_exvivo.label 5905
mri_label2label: Done


 mri_label2label --srcsubject fsaverage --srclabel /out/sourcedata/freesurfer/fsaverage/label/rh.V1_exvivo.label --trgsubject sub-v2s4x29615_ses-1 --trglabel ./rh.V1_exvivo.label --hemi rh --regmethod surface 


srclabel = /out/sourcedata/freesurfer/fsaverage/label/rh.V1_exvivo.label
srcsubject = fsaverage
trgsubject = sub-v2s4x29615_ses-1
trglabel = ./rh.V1_exvivo.label
regmethod = surface

srchemi = rh
trghemi = rh
trgsurface = white
srcsurfreg = sphere.reg
trgsurfreg = sphere.reg
usehash = 1
Use ProjAbs  = 0, 0
Use ProjFrac = 0, 0
DoPaint 0

SUBJECTS_DIR    /out/sourcedata/freesurfer
FREESURFER_HOME /opt/freesurfer
Loading source label.
Found 4727 points in source label.
Starting surface-based mapping
Reading source registration 
 /out/sourcedata/freesurfer/fsaverage/surf/rh.sphere.reg
Rescaling ...  original radius = 100
Reading target surface 
 /out/sourcedata/freesurfer/sub-v2s4x29615_ses-1/surf/rh.white
Reading target registration 
 /out/sourcedata/freesurfer/sub-v2s4x29615_ses-1/surf/rh.sphere.reg
Rescaling ...  original radius = 100
Building target registration hash (res=16).
Building source registration hash (res=16).
INFO: found  4727 nlabel points
Performing mapping from target back to the source label 158393
Number of reverse mapping hits = 3332
Checking for and removing duplicates
Writing label file ./rh.V1_exvivo.label 8059
mri_label2label: Done


 mri_label2label --srcsubject fsaverage --srclabel /out/sourcedata/freesurfer/fsaverage/label/rh.V2_exvivo.label --trgsubject sub-v2s4x29615_ses-1 --trglabel ./rh.V2_exvivo.label --hemi rh --regmethod surface 


srclabel = /out/sourcedata/freesurfer/fsaverage/label/rh.V2_exvivo.label
srcsubject = fsaverage
trgsubject = sub-v2s4x29615_ses-1
trglabel = ./rh.V2_exvivo.label
regmethod = surface

srchemi = rh
trghemi = rh
trgsurface = white
srcsurfreg = sphere.reg
trgsurfreg = sphere.reg
usehash = 1
Use ProjAbs  = 0, 0
Use ProjFrac = 0, 0
DoPaint 0

SUBJECTS_DIR    /out/sourcedata/freesurfer
FREESURFER_HOME /opt/freesurfer
Loading source label.
Found 8016 points in source label.
Starting surface-based mapping
Reading source registration 
 /out/sourcedata/freesurfer/fsaverage/surf/rh.sphere.reg
Rescaling ...  original radius = 100
Reading target surface 
 /out/sourcedata/freesurfer/sub-v2s4x29615_ses-1/surf/rh.white
Reading target registration 
 /out/sourcedata/freesurfer/sub-v2s4x29615_ses-1/surf/rh.sphere.reg
Rescaling ...  original radius = 100
Building target registration hash (res=16).
Building source registration hash (res=16).
INFO: found  8016 nlabel points
Performing mapping from target back to the source label 158393
Number of reverse mapping hits = 5410
Checking for and removing duplicates
Writing label file ./rh.V2_exvivo.label 13426
mri_label2label: Done


 mri_label2label --srcsubject fsaverage --srclabel /out/sourcedata/freesurfer/fsaverage/label/rh.MT_exvivo.label --trgsubject sub-v2s4x29615_ses-1 --trglabel ./rh.MT_exvivo.label --hemi rh --regmethod surface 


srclabel = /out/sourcedata/freesurfer/fsaverage/label/rh.MT_exvivo.label
srcsubject = fsaverage
trgsubject = sub-v2s4x29615_ses-1
trglabel = ./rh.MT_exvivo.label
regmethod = surface

srchemi = rh
trghemi = rh
trgsurface = white
srcsurfreg = sphere.reg
trgsurfreg = sphere.reg
usehash = 1
Use ProjAbs  = 0, 0
Use ProjFrac = 0, 0
DoPaint 0

SUBJECTS_DIR    /out/sourcedata/freesurfer
FREESURFER_HOME /opt/freesurfer
Loading source label.
Found 1932 points in source label.
Starting surface-based mapping
Reading source registration 
 /out/sourcedata/freesurfer/fsaverage/surf/rh.sphere.reg
Rescaling ...  original radius = 100
Reading target surface 
 /out/sourcedata/freesurfer/sub-v2s4x29615_ses-1/surf/rh.white
Reading target registration 
 /out/sourcedata/freesurfer/sub-v2s4x29615_ses-1/surf/rh.sphere.reg
Rescaling ...  original radius = 100
Building target registration hash (res=16).
Building source registration hash (res=16).
INFO: found  1932 nlabel points
Performing mapping from target back to the source label 158393
Number of reverse mapping hits = 578
Checking for and removing duplicates
Writing label file ./rh.MT_exvivo.label 2510
mri_label2label: Done


 mri_label2label --srcsubject fsaverage --srclabel /out/sourcedata/freesurfer/fsaverage/label/rh.entorhinal_exvivo.label --trgsubject sub-v2s4x29615_ses-1 --trglabel ./rh.entorhinal_exvivo.label --hemi rh --regmethod surface 


srclabel = /out/sourcedata/freesurfer/fsaverage/label/rh.entorhinal_exvivo.label
srcsubject = fsaverage
trgsubject = sub-v2s4x29615_ses-1
trglabel = ./rh.entorhinal_exvivo.label
regmethod = surface

srchemi = rh
trghemi = rh
trgsurface = white
srcsurfreg = sphere.reg
trgsurfreg = sphere.reg
usehash = 1
Use ProjAbs  = 0, 0
Use ProjFrac = 0, 0
DoPaint 0

SUBJECTS_DIR    /out/sourcedata/freesurfer
FREESURFER_HOME /opt/freesurfer
Loading source label.
Found 1038 points in source label.
Starting surface-based mapping
Reading source registration 
 /out/sourcedata/freesurfer/fsaverage/surf/rh.sphere.reg
Rescaling ...  original radius = 100
Reading target surface 
 /out/sourcedata/freesurfer/sub-v2s4x29615_ses-1/surf/rh.white
Reading target registration 
 /out/sourcedata/freesurfer/sub-v2s4x29615_ses-1/surf/rh.sphere.reg
Rescaling ...  original radius = 100
Building target registration hash (res=16).
Building source registration hash (res=16).
INFO: found  1038 nlabel points
Performing mapping from target back to the source label 158393
Number of reverse mapping hits = 67
Checking for and removing duplicates
Writing label file ./rh.entorhinal_exvivo.label 1105
mri_label2label: Done


 mri_label2label --srcsubject fsaverage --srclabel /out/sourcedata/freesurfer/fsaverage/label/rh.perirhinal_exvivo.label --trgsubject sub-v2s4x29615_ses-1 --trglabel ./rh.perirhinal_exvivo.label --hemi rh --regmethod surface 


srclabel = /out/sourcedata/freesurfer/fsaverage/label/rh.perirhinal_exvivo.label
srcsubject = fsaverage
trgsubject = sub-v2s4x29615_ses-1
trglabel = ./rh.perirhinal_exvivo.label
regmethod = surface

srchemi = rh
trghemi = rh
trgsurface = white
srcsurfreg = sphere.reg
trgsurfreg = sphere.reg
usehash = 1
Use ProjAbs  = 0, 0
Use ProjFrac = 0, 0
DoPaint 0

SUBJECTS_DIR    /out/sourcedata/freesurfer
FREESURFER_HOME /opt/freesurfer
Loading source label.
Found 752 points in source label.
Starting surface-based mapping
Reading source registration 
 /out/sourcedata/freesurfer/fsaverage/surf/rh.sphere.reg
Rescaling ...  original radius = 100
Reading target surface 
 /out/sourcedata/freesurfer/sub-v2s4x29615_ses-1/surf/rh.white
Reading target registration 
 /out/sourcedata/freesurfer/sub-v2s4x29615_ses-1/surf/rh.sphere.reg
Rescaling ...  original radius = 100
Building target registration hash (res=16).
Building source registration hash (res=16).
INFO: found  752 nlabel points
Performing mapping from target back to the source label 158393
Number of reverse mapping hits = 23
Checking for and removing duplicates
Writing label file ./rh.perirhinal_exvivo.label 775
mri_label2label: Done


 mri_label2label --srcsubject fsaverage --srclabel /out/sourcedata/freesurfer/fsaverage/label/rh.FG1.mpm.vpnl.label --trgsubject sub-v2s4x29615_ses-1 --trglabel ./rh.FG1.mpm.vpnl.label --hemi rh --regmethod surface 


srclabel = /out/sourcedata/freesurfer/fsaverage/label/rh.FG1.mpm.vpnl.label
srcsubject = fsaverage
trgsubject = sub-v2s4x29615_ses-1
trglabel = ./rh.FG1.mpm.vpnl.label
regmethod = surface

srchemi = rh
trghemi = rh
trgsurface = white
srcsurfreg = sphere.reg
trgsurfreg = sphere.reg
usehash = 1
Use ProjAbs  = 0, 0
Use ProjFrac = 0, 0
DoPaint 0

SUBJECTS_DIR    /out/sourcedata/freesurfer
FREESURFER_HOME /opt/freesurfer
Loading source label.
Found 541 points in source label.
Starting surface-based mapping
Reading source registration 
 /out/sourcedata/freesurfer/fsaverage/surf/rh.sphere.reg
Rescaling ...  original radius = 100
Reading target surface 
 /out/sourcedata/freesurfer/sub-v2s4x29615_ses-1/surf/rh.white
Reading target registration 
 /out/sourcedata/freesurfer/sub-v2s4x29615_ses-1/surf/rh.sphere.reg
Rescaling ...  original radius = 100
Building target registration hash (res=16).
Building source registration hash (res=16).
INFO: found  541 nlabel points
Performing mapping from target back to the source label 158393
Number of reverse mapping hits = 332
Checking for and removing duplicates
Writing label file ./rh.FG1.mpm.vpnl.label 873
mri_label2label: Done


 mri_label2label --srcsubject fsaverage --srclabel /out/sourcedata/freesurfer/fsaverage/label/rh.FG2.mpm.vpnl.label --trgsubject sub-v2s4x29615_ses-1 --trglabel ./rh.FG2.mpm.vpnl.label --hemi rh --regmethod surface 


srclabel = /out/sourcedata/freesurfer/fsaverage/label/rh.FG2.mpm.vpnl.label
srcsubject = fsaverage
trgsubject = sub-v2s4x29615_ses-1
trglabel = ./rh.FG2.mpm.vpnl.label
regmethod = surface

srchemi = rh
trghemi = rh
trgsurface = white
srcsurfreg = sphere.reg
trgsurfreg = sphere.reg
usehash = 1
Use ProjAbs  = 0, 0
Use ProjFrac = 0, 0
DoPaint 0

SUBJECTS_DIR    /out/sourcedata/freesurfer
FREESURFER_HOME /opt/freesurfer
Loading source label.
Found 721 points in source label.
Starting surface-based mapping
Reading source registration 
 /out/sourcedata/freesurfer/fsaverage/surf/rh.sphere.reg
Rescaling ...  original radius = 100
Reading target surface 
 /out/sourcedata/freesurfer/sub-v2s4x29615_ses-1/surf/rh.white
Reading target registration 
 /out/sourcedata/freesurfer/sub-v2s4x29615_ses-1/surf/rh.sphere.reg
Rescaling ...  original radius = 100
Building target registration hash (res=16).
Building source registration hash (res=16).
INFO: found  721 nlabel points
Performing mapping from target back to the source label 158393
Number of reverse mapping hits = 369
Checking for and removing duplicates
Writing label file ./rh.FG2.mpm.vpnl.label 1090
mri_label2label: Done


 mri_label2label --srcsubject fsaverage --srclabel /out/sourcedata/freesurfer/fsaverage/label/rh.FG3.mpm.vpnl.label --trgsubject sub-v2s4x29615_ses-1 --trglabel ./rh.FG3.mpm.vpnl.label --hemi rh --regmethod surface 


srclabel = /out/sourcedata/freesurfer/fsaverage/label/rh.FG3.mpm.vpnl.label
srcsubject = fsaverage
trgsubject = sub-v2s4x29615_ses-1
trglabel = ./rh.FG3.mpm.vpnl.label
regmethod = surface

srchemi = rh
trghemi = rh
trgsurface = white
srcsurfreg = sphere.reg
trgsurfreg = sphere.reg
usehash = 1
Use ProjAbs  = 0, 0
Use ProjFrac = 0, 0
DoPaint 0

SUBJECTS_DIR    /out/sourcedata/freesurfer
FREESURFER_HOME /opt/freesurfer
Loading source label.
Found 1523 points in source label.
Starting surface-based mapping
Reading source registration 
 /out/sourcedata/freesurfer/fsaverage/surf/rh.sphere.reg
Rescaling ...  original radius = 100
Reading target surface 
 /out/sourcedata/freesurfer/sub-v2s4x29615_ses-1/surf/rh.white
Reading target registration 
 /out/sourcedata/freesurfer/sub-v2s4x29615_ses-1/surf/rh.sphere.reg
Rescaling ...  original radius = 100
Building target registration hash (res=16).
Building source registration hash (res=16).
INFO: found  1523 nlabel points
Performing mapping from target back to the source label 158393
Number of reverse mapping hits = 302
Checking for and removing duplicates
Writing label file ./rh.FG3.mpm.vpnl.label 1825
mri_label2label: Done


 mri_label2label --srcsubject fsaverage --srclabel /out/sourcedata/freesurfer/fsaverage/label/rh.FG4.mpm.vpnl.label --trgsubject sub-v2s4x29615_ses-1 --trglabel ./rh.FG4.mpm.vpnl.label --hemi rh --regmethod surface 


srclabel = /out/sourcedata/freesurfer/fsaverage/label/rh.FG4.mpm.vpnl.label
srcsubject = fsaverage
trgsubject = sub-v2s4x29615_ses-1
trglabel = ./rh.FG4.mpm.vpnl.label
regmethod = surface

srchemi = rh
trghemi = rh
trgsurface = white
srcsurfreg = sphere.reg
trgsurfreg = sphere.reg
usehash = 1
Use ProjAbs  = 0, 0
Use ProjFrac = 0, 0
DoPaint 0

SUBJECTS_DIR    /out/sourcedata/freesurfer
FREESURFER_HOME /opt/freesurfer
Loading source label.
Found 1586 points in source label.
Starting surface-based mapping
Reading source registration 
 /out/sourcedata/freesurfer/fsaverage/surf/rh.sphere.reg
Rescaling ...  original radius = 100
Reading target surface 
 /out/sourcedata/freesurfer/sub-v2s4x29615_ses-1/surf/rh.white
Reading target registration 
 /out/sourcedata/freesurfer/sub-v2s4x29615_ses-1/surf/rh.sphere.reg
Rescaling ...  original radius = 100
Building target registration hash (res=16).
Building source registration hash (res=16).
INFO: found  1586 nlabel points
Performing mapping from target back to the source label 158393
Number of reverse mapping hits = 480
Checking for and removing duplicates
Writing label file ./rh.FG4.mpm.vpnl.label 2066
mri_label2label: Done


 mri_label2label --srcsubject fsaverage --srclabel /out/sourcedata/freesurfer/fsaverage/label/rh.hOc1.mpm.vpnl.label --trgsubject sub-v2s4x29615_ses-1 --trglabel ./rh.hOc1.mpm.vpnl.label --hemi rh --regmethod surface 


srclabel = /out/sourcedata/freesurfer/fsaverage/label/rh.hOc1.mpm.vpnl.label
srcsubject = fsaverage
trgsubject = sub-v2s4x29615_ses-1
trglabel = ./rh.hOc1.mpm.vpnl.label
regmethod = surface

srchemi = rh
trghemi = rh
trgsurface = white
srcsurfreg = sphere.reg
trgsurfreg = sphere.reg
usehash = 1
Use ProjAbs  = 0, 0
Use ProjFrac = 0, 0
DoPaint 0

SUBJECTS_DIR    /out/sourcedata/freesurfer
FREESURFER_HOME /opt/freesurfer
Loading source label.
Found 3667 points in source label.
Starting surface-based mapping
Reading source registration 
 /out/sourcedata/freesurfer/fsaverage/surf/rh.sphere.reg
Rescaling ...  original radius = 100
Reading target surface 
 /out/sourcedata/freesurfer/sub-v2s4x29615_ses-1/surf/rh.white
Reading target registration 
 /out/sourcedata/freesurfer/sub-v2s4x29615_ses-1/surf/rh.sphere.reg
Rescaling ...  original radius = 100
Building target registration hash (res=16).
Building source registration hash (res=16).
INFO: found  3667 nlabel points
Performing mapping from target back to the source label 158393
Number of reverse mapping hits = 2517
Checking for and removing duplicates
Writing label file ./rh.hOc1.mpm.vpnl.label 6184
mri_label2label: Done


 mri_label2label --srcsubject fsaverage --srclabel /out/sourcedata/freesurfer/fsaverage/label/rh.hOc2.mpm.vpnl.label --trgsubject sub-v2s4x29615_ses-1 --trglabel ./rh.hOc2.mpm.vpnl.label --hemi rh --regmethod surface 


srclabel = /out/sourcedata/freesurfer/fsaverage/label/rh.hOc2.mpm.vpnl.label
srcsubject = fsaverage
trgsubject = sub-v2s4x29615_ses-1
trglabel = ./rh.hOc2.mpm.vpnl.label
regmethod = surface

srchemi = rh
trghemi = rh
trgsurface = white
srcsurfreg = sphere.reg
trgsurfreg = sphere.reg
usehash = 1
Use ProjAbs  = 0, 0
Use ProjFrac = 0, 0
DoPaint 0

SUBJECTS_DIR    /out/sourcedata/freesurfer
FREESURFER_HOME /opt/freesurfer
Loading source label.
Found 2719 points in source label.
Starting surface-based mapping
Reading source registration 
 /out/sourcedata/freesurfer/fsaverage/surf/rh.sphere.reg
Rescaling ...  original radius = 100
Reading target surface 
 /out/sourcedata/freesurfer/sub-v2s4x29615_ses-1/surf/rh.white
Reading target registration 
 /out/sourcedata/freesurfer/sub-v2s4x29615_ses-1/surf/rh.sphere.reg
Rescaling ...  original radius = 100
Building target registration hash (res=16).
Building source registration hash (res=16).
INFO: found  2719 nlabel points
Performing mapping from target back to the source label 158393
Number of reverse mapping hits = 1931
Checking for and removing duplicates
Writing label file ./rh.hOc2.mpm.vpnl.label 4650
mri_label2label: Done


 mri_label2label --srcsubject fsaverage --srclabel /out/sourcedata/freesurfer/fsaverage/label/rh.hOc3v.mpm.vpnl.label --trgsubject sub-v2s4x29615_ses-1 --trglabel ./rh.hOc3v.mpm.vpnl.label --hemi rh --regmethod surface 


srclabel = /out/sourcedata/freesurfer/fsaverage/label/rh.hOc3v.mpm.vpnl.label
srcsubject = fsaverage
trgsubject = sub-v2s4x29615_ses-1
trglabel = ./rh.hOc3v.mpm.vpnl.label
regmethod = surface

srchemi = rh
trghemi = rh
trgsurface = white
srcsurfreg = sphere.reg
trgsurfreg = sphere.reg
usehash = 1
Use ProjAbs  = 0, 0
Use ProjFrac = 0, 0
DoPaint 0

SUBJECTS_DIR    /out/sourcedata/freesurfer
FREESURFER_HOME /opt/freesurfer
Loading source label.
Found 1228 points in source label.
Starting surface-based mapping
Reading source registration 
 /out/sourcedata/freesurfer/fsaverage/surf/rh.sphere.reg
Rescaling ...  original radius = 100
Reading target surface 
 /out/sourcedata/freesurfer/sub-v2s4x29615_ses-1/surf/rh.white
Reading target registration 
 /out/sourcedata/freesurfer/sub-v2s4x29615_ses-1/surf/rh.sphere.reg
Rescaling ...  original radius = 100
Building target registration hash (res=16).
Building source registration hash (res=16).
INFO: found  1228 nlabel points
Performing mapping from target back to the source label 158393
Number of reverse mapping hits = 967
Checking for and removing duplicates
Writing label file ./rh.hOc3v.mpm.vpnl.label 2195
mri_label2label: Done


 mri_label2label --srcsubject fsaverage --srclabel /out/sourcedata/freesurfer/fsaverage/label/rh.hOc4v.mpm.vpnl.label --trgsubject sub-v2s4x29615_ses-1 --trglabel ./rh.hOc4v.mpm.vpnl.label --hemi rh --regmethod surface 


srclabel = /out/sourcedata/freesurfer/fsaverage/label/rh.hOc4v.mpm.vpnl.label
srcsubject = fsaverage
trgsubject = sub-v2s4x29615_ses-1
trglabel = ./rh.hOc4v.mpm.vpnl.label
regmethod = surface

srchemi = rh
trghemi = rh
trgsurface = white
srcsurfreg = sphere.reg
trgsurfreg = sphere.reg
usehash = 1
Use ProjAbs  = 0, 0
Use ProjFrac = 0, 0
DoPaint 0

SUBJECTS_DIR    /out/sourcedata/freesurfer
FREESURFER_HOME /opt/freesurfer
Loading source label.
Found 1025 points in source label.
Starting surface-based mapping
Reading source registration 
 /out/sourcedata/freesurfer/fsaverage/surf/rh.sphere.reg
Rescaling ...  original radius = 100
Reading target surface 
 /out/sourcedata/freesurfer/sub-v2s4x29615_ses-1/surf/rh.white
Reading target registration 
 /out/sourcedata/freesurfer/sub-v2s4x29615_ses-1/surf/rh.sphere.reg
Rescaling ...  original radius = 100
Building target registration hash (res=16).
Building source registration hash (res=16).
INFO: found  1025 nlabel points
Performing mapping from target back to the source label 158393
Number of reverse mapping hits = 691
Checking for and removing duplicates
Writing label file ./rh.hOc4v.mpm.vpnl.label 1716
mri_label2label: Done


 mris_label2annot --s sub-v2s4x29615_ses-1 --ctab /opt/freesurfer/average/colortable_vpnl.txt --hemi rh --a mpm.vpnl --maxstatwinner --noverbose --l rh.FG1.mpm.vpnl.label --l rh.FG2.mpm.vpnl.label --l rh.FG3.mpm.vpnl.label --l rh.FG4.mpm.vpnl.label --l rh.hOc1.mpm.vpnl.label --l rh.hOc2.mpm.vpnl.label --l rh.hOc3v.mpm.vpnl.label --l rh.hOc4v.mpm.vpnl.label 

Reading ctab /opt/freesurfer/average/colortable_vpnl.txt
Number of ctab entries 9

7.3.2
cwd /out/sourcedata/freesurfer/sub-v2s4x29615_ses-1/label
cmdline mris_label2annot --s sub-v2s4x29615_ses-1 --ctab /opt/freesurfer/average/colortable_vpnl.txt --hemi rh --a mpm.vpnl --maxstatwinner --noverbose --l rh.FG1.mpm.vpnl.label --l rh.FG2.mpm.vpnl.label --l rh.FG3.mpm.vpnl.label --l rh.FG4.mpm.vpnl.label --l rh.hOc1.mpm.vpnl.label --l rh.hOc2.mpm.vpnl.label --l rh.hOc3v.mpm.vpnl.label --l rh.hOc4v.mpm.vpnl.label 
sysname  Linux
hostname dna082
machine  x86_64
user     oesteban

subject sub-v2s4x29615_ses-1
hemi    rh
SUBJECTS_DIR /out/sourcedata/freesurfer
ColorTable /opt/freesurfer/average/colortable_vpnl.txt
AnnotName  mpm.vpnl
nlables 8
LabelThresh 0 0.000000
Loading /out/sourcedata/freesurfer/sub-v2s4x29615_ses-1/surf/rh.orig
 1 1376057 FG1
 2 16711935 FG2
 3 16711680 FG3
 4 1705837 FG4
 5 25600 hOc1
 6 255 hOc2
 7 16776960 hOc3v
 8 65535 hOc4v
Mapping unhit to unknown
Found 138302 unhit vertices
Writing annot to /out/sourcedata/freesurfer/sub-v2s4x29615_ses-1/label/rh.mpm.vpnl.annot

 mri_label2label --srcsubject fsaverage --srclabel /out/sourcedata/freesurfer/fsaverage/label/rh.BA1_exvivo.thresh.label --trgsubject sub-v2s4x29615_ses-1 --trglabel ./rh.BA1_exvivo.thresh.label --hemi rh --regmethod surface 


srclabel = /out/sourcedata/freesurfer/fsaverage/label/rh.BA1_exvivo.thresh.label
srcsubject = fsaverage
trgsubject = sub-v2s4x29615_ses-1
trglabel = ./rh.BA1_exvivo.thresh.label
regmethod = surface

srchemi = rh
trghemi = rh
trgsurface = white
srcsurfreg = sphere.reg
trgsurfreg = sphere.reg
usehash = 1
Use ProjAbs  = 0, 0
Use ProjFrac = 0, 0
DoPaint 0

SUBJECTS_DIR    /out/sourcedata/freesurfer
FREESURFER_HOME /opt/freesurfer
Loading source label.
Found 876 points in source label.
Starting surface-based mapping
Reading source registration 
 /out/sourcedata/freesurfer/fsaverage/surf/rh.sphere.reg
Rescaling ...  original radius = 100
Reading target surface 
 /out/sourcedata/freesurfer/sub-v2s4x29615_ses-1/surf/rh.white
Reading target registration 
 /out/sourcedata/freesurfer/sub-v2s4x29615_ses-1/surf/rh.sphere.reg
Rescaling ...  original radius = 100
Building target registration hash (res=16).
Building source registration hash (res=16).
INFO: found  876 nlabel points
Performing mapping from target back to the source label 158393
Number of reverse mapping hits = 151
Checking for and removing duplicates
Writing label file ./rh.BA1_exvivo.thresh.label 1027
mri_label2label: Done


 mri_label2label --srcsubject fsaverage --srclabel /out/sourcedata/freesurfer/fsaverage/label/rh.BA2_exvivo.thresh.label --trgsubject sub-v2s4x29615_ses-1 --trglabel ./rh.BA2_exvivo.thresh.label --hemi rh --regmethod surface 


srclabel = /out/sourcedata/freesurfer/fsaverage/label/rh.BA2_exvivo.thresh.label
srcsubject = fsaverage
trgsubject = sub-v2s4x29615_ses-1
trglabel = ./rh.BA2_exvivo.thresh.label
regmethod = surface

srchemi = rh
trghemi = rh
trgsurface = white
srcsurfreg = sphere.reg
trgsurfreg = sphere.reg
usehash = 1
Use ProjAbs  = 0, 0
Use ProjFrac = 0, 0
DoPaint 0

SUBJECTS_DIR    /out/sourcedata/freesurfer
FREESURFER_HOME /opt/freesurfer
Loading source label.
Found 2688 points in source label.
Starting surface-based mapping
Reading source registration 
 /out/sourcedata/freesurfer/fsaverage/surf/rh.sphere.reg
Rescaling ...  original radius = 100
Reading target surface 
 /out/sourcedata/freesurfer/sub-v2s4x29615_ses-1/surf/rh.white
Reading target registration 
 /out/sourcedata/freesurfer/sub-v2s4x29615_ses-1/surf/rh.sphere.reg
Rescaling ...  original radius = 100
Building target registration hash (res=16).
Building source registration hash (res=16).
INFO: found  2688 nlabel points
Performing mapping from target back to the source label 158393
Number of reverse mapping hits = 188
Checking for and removing duplicates
Writing label file ./rh.BA2_exvivo.thresh.label 2876
mri_label2label: Done


 mri_label2label --srcsubject fsaverage --srclabel /out/sourcedata/freesurfer/fsaverage/label/rh.BA3a_exvivo.thresh.label --trgsubject sub-v2s4x29615_ses-1 --trglabel ./rh.BA3a_exvivo.thresh.label --hemi rh --regmethod surface 


srclabel = /out/sourcedata/freesurfer/fsaverage/label/rh.BA3a_exvivo.thresh.label
srcsubject = fsaverage
trgsubject = sub-v2s4x29615_ses-1
trglabel = ./rh.BA3a_exvivo.thresh.label
regmethod = surface

srchemi = rh
trghemi = rh
trgsurface = white
srcsurfreg = sphere.reg
trgsurfreg = sphere.reg
usehash = 1
Use ProjAbs  = 0, 0
Use ProjFrac = 0, 0
DoPaint 0

SUBJECTS_DIR    /out/sourcedata/freesurfer
FREESURFER_HOME /opt/freesurfer
Loading source label.
Found 1698 points in source label.
Starting surface-based mapping
Reading source registration 
 /out/sourcedata/freesurfer/fsaverage/surf/rh.sphere.reg
Rescaling ...  original radius = 100
Reading target surface 
 /out/sourcedata/freesurfer/sub-v2s4x29615_ses-1/surf/rh.white
Reading target registration 
 /out/sourcedata/freesurfer/sub-v2s4x29615_ses-1/surf/rh.sphere.reg
Rescaling ...  original radius = 100
Building target registration hash (res=16).
Building source registration hash (res=16).
INFO: found  1698 nlabel points
Performing mapping from target back to the source label 158393
Number of reverse mapping hits = 80
Checking for and removing duplicates
Writing label file ./rh.BA3a_exvivo.thresh.label 1778
mri_label2label: Done


 mri_label2label --srcsubject fsaverage --srclabel /out/sourcedata/freesurfer/fsaverage/label/rh.BA3b_exvivo.thresh.label --trgsubject sub-v2s4x29615_ses-1 --trglabel ./rh.BA3b_exvivo.thresh.label --hemi rh --regmethod surface 


srclabel = /out/sourcedata/freesurfer/fsaverage/label/rh.BA3b_exvivo.thresh.label
srcsubject = fsaverage
trgsubject = sub-v2s4x29615_ses-1
trglabel = ./rh.BA3b_exvivo.thresh.label
regmethod = surface

srchemi = rh
trghemi = rh
trgsurface = white
srcsurfreg = sphere.reg
trgsurfreg = sphere.reg
usehash = 1
Use ProjAbs  = 0, 0
Use ProjFrac = 0, 0
DoPaint 0

SUBJECTS_DIR    /out/sourcedata/freesurfer
FREESURFER_HOME /opt/freesurfer
Loading source label.
Found 2183 points in source label.
Starting surface-based mapping
Reading source registration 
 /out/sourcedata/freesurfer/fsaverage/surf/rh.sphere.reg
Rescaling ...  original radius = 100
Reading target surface 
 /out/sourcedata/freesurfer/sub-v2s4x29615_ses-1/surf/rh.white
Reading target registration 
 /out/sourcedata/freesurfer/sub-v2s4x29615_ses-1/surf/rh.sphere.reg
Rescaling ...  original radius = 100
Building target registration hash (res=16).
Building source registration hash (res=16).
INFO: found  2183 nlabel points
Performing mapping from target back to the source label 158393
Number of reverse mapping hits = 158
Checking for and removing duplicates
Writing label file ./rh.BA3b_exvivo.thresh.label 2341
mri_label2label: Done


 mri_label2label --srcsubject fsaverage --srclabel /out/sourcedata/freesurfer/fsaverage/label/rh.BA4a_exvivo.thresh.label --trgsubject sub-v2s4x29615_ses-1 --trglabel ./rh.BA4a_exvivo.thresh.label --hemi rh --regmethod surface 


srclabel = /out/sourcedata/freesurfer/fsaverage/label/rh.BA4a_exvivo.thresh.label
srcsubject = fsaverage
trgsubject = sub-v2s4x29615_ses-1
trglabel = ./rh.BA4a_exvivo.thresh.label
regmethod = surface

srchemi = rh
trghemi = rh
trgsurface = white
srcsurfreg = sphere.reg
trgsurfreg = sphere.reg
usehash = 1
Use ProjAbs  = 0, 0
Use ProjFrac = 0, 0
DoPaint 0

SUBJECTS_DIR    /out/sourcedata/freesurfer
FREESURFER_HOME /opt/freesurfer
Loading source label.
Found 1388 points in source label.
Starting surface-based mapping
Reading source registration 
 /out/sourcedata/freesurfer/fsaverage/surf/rh.sphere.reg
Rescaling ...  original radius = 100
Reading target surface 
 /out/sourcedata/freesurfer/sub-v2s4x29615_ses-1/surf/rh.white
Reading target registration 
 /out/sourcedata/freesurfer/sub-v2s4x29615_ses-1/surf/rh.sphere.reg
Rescaling ...  original radius = 100
Building target registration hash (res=16).
Building source registration hash (res=16).
INFO: found  1388 nlabel points
Performing mapping from target back to the source label 158393
Number of reverse mapping hits = 52
Checking for and removing duplicates
Writing label file ./rh.BA4a_exvivo.thresh.label 1440
mri_label2label: Done


 mri_label2label --srcsubject fsaverage --srclabel /out/sourcedata/freesurfer/fsaverage/label/rh.BA4p_exvivo.thresh.label --trgsubject sub-v2s4x29615_ses-1 --trglabel ./rh.BA4p_exvivo.thresh.label --hemi rh --regmethod surface 


srclabel = /out/sourcedata/freesurfer/fsaverage/label/rh.BA4p_exvivo.thresh.label
srcsubject = fsaverage
trgsubject = sub-v2s4x29615_ses-1
trglabel = ./rh.BA4p_exvivo.thresh.label
regmethod = surface

srchemi = rh
trghemi = rh
trgsurface = white
srcsurfreg = sphere.reg
trgsurfreg = sphere.reg
usehash = 1
Use ProjAbs  = 0, 0
Use ProjFrac = 0, 0
DoPaint 0

SUBJECTS_DIR    /out/sourcedata/freesurfer
FREESURFER_HOME /opt/freesurfer
Loading source label.
Found 1489 points in source label.
Starting surface-based mapping
Reading source registration 
 /out/sourcedata/freesurfer/fsaverage/surf/rh.sphere.reg
Rescaling ...  original radius = 100
Reading target surface 
 /out/sourcedata/freesurfer/sub-v2s4x29615_ses-1/surf/rh.white
Reading target registration 
 /out/sourcedata/freesurfer/sub-v2s4x29615_ses-1/surf/rh.sphere.reg
Rescaling ...  original radius = 100
Building target registration hash (res=16).
Building source registration hash (res=16).
INFO: found  1489 nlabel points
Performing mapping from target back to the source label 158393
Number of reverse mapping hits = 81
Checking for and removing duplicates
Writing label file ./rh.BA4p_exvivo.thresh.label 1570
mri_label2label: Done


 mri_label2label --srcsubject fsaverage --srclabel /out/sourcedata/freesurfer/fsaverage/label/rh.BA6_exvivo.thresh.label --trgsubject sub-v2s4x29615_ses-1 --trglabel ./rh.BA6_exvivo.thresh.label --hemi rh --regmethod surface 


srclabel = /out/sourcedata/freesurfer/fsaverage/label/rh.BA6_exvivo.thresh.label
srcsubject = fsaverage
trgsubject = sub-v2s4x29615_ses-1
trglabel = ./rh.BA6_exvivo.thresh.label
regmethod = surface

srchemi = rh
trghemi = rh
trgsurface = white
srcsurfreg = sphere.reg
trgsurfreg = sphere.reg
usehash = 1
Use ProjAbs  = 0, 0
Use ProjFrac = 0, 0
DoPaint 0

SUBJECTS_DIR    /out/sourcedata/freesurfer
FREESURFER_HOME /opt/freesurfer
Loading source label.
Found 6959 points in source label.
Starting surface-based mapping
Reading source registration 
 /out/sourcedata/freesurfer/fsaverage/surf/rh.sphere.reg
Rescaling ...  original radius = 100
Reading target surface 
 /out/sourcedata/freesurfer/sub-v2s4x29615_ses-1/surf/rh.white
Reading target registration 
 /out/sourcedata/freesurfer/sub-v2s4x29615_ses-1/surf/rh.sphere.reg
Rescaling ...  original radius = 100
Building target registration hash (res=16).
Building source registration hash (res=16).
INFO: found  6959 nlabel points
Performing mapping from target back to the source label 158393
Number of reverse mapping hits = 469
Checking for and removing duplicates
Writing label file ./rh.BA6_exvivo.thresh.label 7428
mri_label2label: Done


 mri_label2label --srcsubject fsaverage --srclabel /out/sourcedata/freesurfer/fsaverage/label/rh.BA44_exvivo.thresh.label --trgsubject sub-v2s4x29615_ses-1 --trglabel ./rh.BA44_exvivo.thresh.label --hemi rh --regmethod surface 


srclabel = /out/sourcedata/freesurfer/fsaverage/label/rh.BA44_exvivo.thresh.label
srcsubject = fsaverage
trgsubject = sub-v2s4x29615_ses-1
trglabel = ./rh.BA44_exvivo.thresh.label
regmethod = surface

srchemi = rh
trghemi = rh
trgsurface = white
srcsurfreg = sphere.reg
trgsurfreg = sphere.reg
usehash = 1
Use ProjAbs  = 0, 0
Use ProjFrac = 0, 0
DoPaint 0

SUBJECTS_DIR    /out/sourcedata/freesurfer
FREESURFER_HOME /opt/freesurfer
Loading source label.
Found 1012 points in source label.
Starting surface-based mapping
Reading source registration 
 /out/sourcedata/freesurfer/fsaverage/surf/rh.sphere.reg
Rescaling ...  original radius = 100
Reading target surface 
 /out/sourcedata/freesurfer/sub-v2s4x29615_ses-1/surf/rh.white
Reading target registration 
 /out/sourcedata/freesurfer/sub-v2s4x29615_ses-1/surf/rh.sphere.reg
Rescaling ...  original radius = 100
Building target registration hash (res=16).
Building source registration hash (res=16).
INFO: found  1012 nlabel points
Performing mapping from target back to the source label 158393
Number of reverse mapping hits = 55
Checking for and removing duplicates
Writing label file ./rh.BA44_exvivo.thresh.label 1067
mri_label2label: Done


 mri_label2label --srcsubject fsaverage --srclabel /out/sourcedata/freesurfer/fsaverage/label/rh.BA45_exvivo.thresh.label --trgsubject sub-v2s4x29615_ses-1 --trglabel ./rh.BA45_exvivo.thresh.label --hemi rh --regmethod surface 


srclabel = /out/sourcedata/freesurfer/fsaverage/label/rh.BA45_exvivo.thresh.label
srcsubject = fsaverage
trgsubject = sub-v2s4x29615_ses-1
trglabel = ./rh.BA45_exvivo.thresh.label
regmethod = surface

srchemi = rh
trghemi = rh
trgsurface = white
srcsurfreg = sphere.reg
trgsurfreg = sphere.reg
usehash = 1
Use ProjAbs  = 0, 0
Use ProjFrac = 0, 0
DoPaint 0

SUBJECTS_DIR    /out/sourcedata/freesurfer
FREESURFER_HOME /opt/freesurfer
Loading source label.
Found 1178 points in source label.
Starting surface-based mapping
Reading source registration 
 /out/sourcedata/freesurfer/fsaverage/surf/rh.sphere.reg
Rescaling ...  original radius = 100
Reading target surface 
 /out/sourcedata/freesurfer/sub-v2s4x29615_ses-1/surf/rh.white
Reading target registration 
 /out/sourcedata/freesurfer/sub-v2s4x29615_ses-1/surf/rh.sphere.reg
Rescaling ...  original radius = 100
Building target registration hash (res=16).
Building source registration hash (res=16).
INFO: found  1178 nlabel points
Performing mapping from target back to the source label 158393
Number of reverse mapping hits = 63
Checking for and removing duplicates
Writing label file ./rh.BA45_exvivo.thresh.label 1241
mri_label2label: Done


 mri_label2label --srcsubject fsaverage --srclabel /out/sourcedata/freesurfer/fsaverage/label/rh.V1_exvivo.thresh.label --trgsubject sub-v2s4x29615_ses-1 --trglabel ./rh.V1_exvivo.thresh.label --hemi rh --regmethod surface 


srclabel = /out/sourcedata/freesurfer/fsaverage/label/rh.V1_exvivo.thresh.label
srcsubject = fsaverage
trgsubject = sub-v2s4x29615_ses-1
trglabel = ./rh.V1_exvivo.thresh.label
regmethod = surface

srchemi = rh
trghemi = rh
trgsurface = white
srcsurfreg = sphere.reg
trgsurfreg = sphere.reg
usehash = 1
Use ProjAbs  = 0, 0
Use ProjFrac = 0, 0
DoPaint 0

SUBJECTS_DIR    /out/sourcedata/freesurfer
FREESURFER_HOME /opt/freesurfer
Loading source label.
Found 3232 points in source label.
Starting surface-based mapping
Reading source registration 
 /out/sourcedata/freesurfer/fsaverage/surf/rh.sphere.reg
Rescaling ...  original radius = 100
Reading target surface 
 /out/sourcedata/freesurfer/sub-v2s4x29615_ses-1/surf/rh.white
Reading target registration 
 /out/sourcedata/freesurfer/sub-v2s4x29615_ses-1/surf/rh.sphere.reg
Rescaling ...  original radius = 100
Building target registration hash (res=16).
Building source registration hash (res=16).
INFO: found  3232 nlabel points
Performing mapping from target back to the source label 158393
Number of reverse mapping hits = 2273
Checking for and removing duplicates
Writing label file ./rh.V1_exvivo.thresh.label 5505
mri_label2label: Done


 mri_label2label --srcsubject fsaverage --srclabel /out/sourcedata/freesurfer/fsaverage/label/rh.V2_exvivo.thresh.label --trgsubject sub-v2s4x29615_ses-1 --trglabel ./rh.V2_exvivo.thresh.label --hemi rh --regmethod surface 


srclabel = /out/sourcedata/freesurfer/fsaverage/label/rh.V2_exvivo.thresh.label
srcsubject = fsaverage
trgsubject = sub-v2s4x29615_ses-1
trglabel = ./rh.V2_exvivo.thresh.label
regmethod = surface

srchemi = rh
trghemi = rh
trgsurface = white
srcsurfreg = sphere.reg
trgsurfreg = sphere.reg
usehash = 1
Use ProjAbs  = 0, 0
Use ProjFrac = 0, 0
DoPaint 0

SUBJECTS_DIR    /out/sourcedata/freesurfer
FREESURFER_HOME /opt/freesurfer
Loading source label.
Found 3437 points in source label.
Starting surface-based mapping
Reading source registration 
 /out/sourcedata/freesurfer/fsaverage/surf/rh.sphere.reg
Rescaling ...  original radius = 100
Reading target surface 
 /out/sourcedata/freesurfer/sub-v2s4x29615_ses-1/surf/rh.white
Reading target registration 
 /out/sourcedata/freesurfer/sub-v2s4x29615_ses-1/surf/rh.sphere.reg
Rescaling ...  original radius = 100
Building target registration hash (res=16).
Building source registration hash (res=16).
INFO: found  3437 nlabel points
Performing mapping from target back to the source label 158393
Number of reverse mapping hits = 2433
Checking for and removing duplicates
Writing label file ./rh.V2_exvivo.thresh.label 5870
mri_label2label: Done


 mri_label2label --srcsubject fsaverage --srclabel /out/sourcedata/freesurfer/fsaverage/label/rh.MT_exvivo.thresh.label --trgsubject sub-v2s4x29615_ses-1 --trglabel ./rh.MT_exvivo.thresh.label --hemi rh --regmethod surface 


srclabel = /out/sourcedata/freesurfer/fsaverage/label/rh.MT_exvivo.thresh.label
srcsubject = fsaverage
trgsubject = sub-v2s4x29615_ses-1
trglabel = ./rh.MT_exvivo.thresh.label
regmethod = surface

srchemi = rh
trghemi = rh
trgsurface = white
srcsurfreg = sphere.reg
trgsurfreg = sphere.reg
usehash = 1
Use ProjAbs  = 0, 0
Use ProjFrac = 0, 0
DoPaint 0

SUBJECTS_DIR    /out/sourcedata/freesurfer
FREESURFER_HOME /opt/freesurfer
Loading source label.
Found 268 points in source label.
Starting surface-based mapping
Reading source registration 
 /out/sourcedata/freesurfer/fsaverage/surf/rh.sphere.reg
Rescaling ...  original radius = 100
Reading target surface 
 /out/sourcedata/freesurfer/sub-v2s4x29615_ses-1/surf/rh.white
Reading target registration 
 /out/sourcedata/freesurfer/sub-v2s4x29615_ses-1/surf/rh.sphere.reg
Rescaling ...  original radius = 100
Building target registration hash (res=16).
Building source registration hash (res=16).
INFO: found  268 nlabel points
Performing mapping from target back to the source label 158393
Number of reverse mapping hits = 79
Checking for and removing duplicates
Writing label file ./rh.MT_exvivo.thresh.label 347
mri_label2label: Done


 mri_label2label --srcsubject fsaverage --srclabel /out/sourcedata/freesurfer/fsaverage/label/rh.entorhinal_exvivo.thresh.label --trgsubject sub-v2s4x29615_ses-1 --trglabel ./rh.entorhinal_exvivo.thresh.label --hemi rh --regmethod surface 


srclabel = /out/sourcedata/freesurfer/fsaverage/label/rh.entorhinal_exvivo.thresh.label
srcsubject = fsaverage
trgsubject = sub-v2s4x29615_ses-1
trglabel = ./rh.entorhinal_exvivo.thresh.label
regmethod = surface

srchemi = rh
trghemi = rh
trgsurface = white
srcsurfreg = sphere.reg
trgsurfreg = sphere.reg
usehash = 1
Use ProjAbs  = 0, 0
Use ProjFrac = 0, 0
DoPaint 0

SUBJECTS_DIR    /out/sourcedata/freesurfer
FREESURFER_HOME /opt/freesurfer
Loading source label.
Found 694 points in source label.
Starting surface-based mapping
Reading source registration 
 /out/sourcedata/freesurfer/fsaverage/surf/rh.sphere.reg
Rescaling ...  original radius = 100
Reading target surface 
 /out/sourcedata/freesurfer/sub-v2s4x29615_ses-1/surf/rh.white
Reading target registration 
 /out/sourcedata/freesurfer/sub-v2s4x29615_ses-1/surf/rh.sphere.reg
Rescaling ...  original radius = 100
Building target registration hash (res=16).
Building source registration hash (res=16).
INFO: found  694 nlabel points
Performing mapping from target back to the source label 158393
Number of reverse mapping hits = 50
Checking for and removing duplicates
Writing label file ./rh.entorhinal_exvivo.thresh.label 744
mri_label2label: Done


 mri_label2label --srcsubject fsaverage --srclabel /out/sourcedata/freesurfer/fsaverage/label/rh.perirhinal_exvivo.thresh.label --trgsubject sub-v2s4x29615_ses-1 --trglabel ./rh.perirhinal_exvivo.thresh.label --hemi rh --regmethod surface 


srclabel = /out/sourcedata/freesurfer/fsaverage/label/rh.perirhinal_exvivo.thresh.label
srcsubject = fsaverage
trgsubject = sub-v2s4x29615_ses-1
trglabel = ./rh.perirhinal_exvivo.thresh.label
regmethod = surface

srchemi = rh
trghemi = rh
trgsurface = white
srcsurfreg = sphere.reg
trgsurfreg = sphere.reg
usehash = 1
Use ProjAbs  = 0, 0
Use ProjFrac = 0, 0
DoPaint 0

SUBJECTS_DIR    /out/sourcedata/freesurfer
FREESURFER_HOME /opt/freesurfer
Loading source label.
Found 291 points in source label.
Starting surface-based mapping
Reading source registration 
 /out/sourcedata/freesurfer/fsaverage/surf/rh.sphere.reg
Rescaling ...  original radius = 100
Reading target surface 
 /out/sourcedata/freesurfer/sub-v2s4x29615_ses-1/surf/rh.white
Reading target registration 
 /out/sourcedata/freesurfer/sub-v2s4x29615_ses-1/surf/rh.sphere.reg
Rescaling ...  original radius = 100
Building target registration hash (res=16).
Building source registration hash (res=16).
INFO: found  291 nlabel points
Performing mapping from target back to the source label 158393
Number of reverse mapping hits = 8
Checking for and removing duplicates
Writing label file ./rh.perirhinal_exvivo.thresh.label 299
mri_label2label: Done


 mris_label2annot --s sub-v2s4x29615_ses-1 --hemi rh --ctab /opt/freesurfer/average/colortable_BA.txt --l rh.BA1_exvivo.label --l rh.BA2_exvivo.label --l rh.BA3a_exvivo.label --l rh.BA3b_exvivo.label --l rh.BA4a_exvivo.label --l rh.BA4p_exvivo.label --l rh.BA6_exvivo.label --l rh.BA44_exvivo.label --l rh.BA45_exvivo.label --l rh.V1_exvivo.label --l rh.V2_exvivo.label --l rh.MT_exvivo.label --l rh.perirhinal_exvivo.label --l rh.entorhinal_exvivo.label --a BA_exvivo --maxstatwinner --noverbose 

Reading ctab /opt/freesurfer/average/colortable_BA.txt
Number of ctab entries 15

7.3.2
cwd /out/sourcedata/freesurfer/sub-v2s4x29615_ses-1/label
cmdline mris_label2annot --s sub-v2s4x29615_ses-1 --hemi rh --ctab /opt/freesurfer/average/colortable_BA.txt --l rh.BA1_exvivo.label --l rh.BA2_exvivo.label --l rh.BA3a_exvivo.label --l rh.BA3b_exvivo.label --l rh.BA4a_exvivo.label --l rh.BA4p_exvivo.label --l rh.BA6_exvivo.label --l rh.BA44_exvivo.label --l rh.BA45_exvivo.label --l rh.V1_exvivo.label --l rh.V2_exvivo.label --l rh.MT_exvivo.label --l rh.perirhinal_exvivo.label --l rh.entorhinal_exvivo.label --a BA_exvivo --maxstatwinner --noverbose 
sysname  Linux
hostname dna082
machine  x86_64
user     oesteban

subject sub-v2s4x29615_ses-1
hemi    rh
SUBJECTS_DIR /out/sourcedata/freesurfer
ColorTable /opt/freesurfer/average/colortable_BA.txt
AnnotName  BA_exvivo
nlables 14
LabelThresh 0 0.000000
Loading /out/sourcedata/freesurfer/sub-v2s4x29615_ses-1/surf/rh.orig
 1 1530880 BA1_exvivo
 2 16749699 BA2_exvivo
 3 16711680 BA3a_exvivo
 4 3368703 BA3b_exvivo
 5 1376196 BA4a_exvivo
 6 13382655 BA4p_exvivo
 7 10036737 BA6_exvivo
 8 2490521 BA44_exvivo
 9 39283 BA45_exvivo
10 3993 V1_exvivo
11 8508928 V2_exvivo
12 10027163 MT_exvivo
13 16422433 perirhinal_exvivo
14 16392598 entorhinal_exvivo
Mapping unhit to unknown
Found 109301 unhit vertices
Writing annot to /out/sourcedata/freesurfer/sub-v2s4x29615_ses-1/label/rh.BA_exvivo.annot

 mris_label2annot --s sub-v2s4x29615_ses-1 --hemi rh --ctab /opt/freesurfer/average/colortable_BA.txt --l rh.BA1_exvivo.thresh.label --l rh.BA2_exvivo.thresh.label --l rh.BA3a_exvivo.thresh.label --l rh.BA3b_exvivo.thresh.label --l rh.BA4a_exvivo.thresh.label --l rh.BA4p_exvivo.thresh.label --l rh.BA6_exvivo.thresh.label --l rh.BA44_exvivo.thresh.label --l rh.BA45_exvivo.thresh.label --l rh.V1_exvivo.thresh.label --l rh.V2_exvivo.thresh.label --l rh.MT_exvivo.thresh.label --l rh.perirhinal_exvivo.thresh.label --l rh.entorhinal_exvivo.thresh.label --a BA_exvivo.thresh --maxstatwinner --noverbose 

Reading ctab /opt/freesurfer/average/colortable_BA.txt
Number of ctab entries 15

7.3.2
cwd /out/sourcedata/freesurfer/sub-v2s4x29615_ses-1/label
cmdline mris_label2annot --s sub-v2s4x29615_ses-1 --hemi rh --ctab /opt/freesurfer/average/colortable_BA.txt --l rh.BA1_exvivo.thresh.label --l rh.BA2_exvivo.thresh.label --l rh.BA3a_exvivo.thresh.label --l rh.BA3b_exvivo.thresh.label --l rh.BA4a_exvivo.thresh.label --l rh.BA4p_exvivo.thresh.label --l rh.BA6_exvivo.thresh.label --l rh.BA44_exvivo.thresh.label --l rh.BA45_exvivo.thresh.label --l rh.V1_exvivo.thresh.label --l rh.V2_exvivo.thresh.label --l rh.MT_exvivo.thresh.label --l rh.perirhinal_exvivo.thresh.label --l rh.entorhinal_exvivo.thresh.label --a BA_exvivo.thresh --maxstatwinner --noverbose 
sysname  Linux
hostname dna082
machine  x86_64
user     oesteban

subject sub-v2s4x29615_ses-1
hemi    rh
SUBJECTS_DIR /out/sourcedata/freesurfer
ColorTable /opt/freesurfer/average/colortable_BA.txt
AnnotName  BA_exvivo.thresh
nlables 14
LabelThresh 0 0.000000
Loading /out/sourcedata/freesurfer/sub-v2s4x29615_ses-1/surf/rh.orig
 1 1530880 BA1_exvivo
 2 16749699 BA2_exvivo
 3 16711680 BA3a_exvivo
 4 3368703 BA3b_exvivo
 5 1376196 BA4a_exvivo
 6 13382655 BA4p_exvivo
 7 10036737 BA6_exvivo
 8 2490521 BA44_exvivo
 9 39283 BA45_exvivo
10 3993 V1_exvivo
11 8508928 V2_exvivo
12 10027163 MT_exvivo
13 16422433 perirhinal_exvivo
14 16392598 entorhinal_exvivo
Mapping unhit to unknown
Found 130790 unhit vertices
Writing annot to /out/sourcedata/freesurfer/sub-v2s4x29615_ses-1/label/rh.BA_exvivo.thresh.annot

 mris_anatomical_stats -th3 -mgz -noglobal -f ../stats/rh.BA_exvivo.stats -b -a ./rh.BA_exvivo.annot -c ./BA_exvivo.ctab sub-v2s4x29615_ses-1 rh white 

computing statistics for each annotation in ./rh.BA_exvivo.annot.
reading volume /out/sourcedata/freesurfer/sub-v2s4x29615_ses-1/mri/wm.mgz...
reading input surface /out/sourcedata/freesurfer/sub-v2s4x29615_ses-1/surf/rh.white...
reading input pial surface /out/sourcedata/freesurfer/sub-v2s4x29615_ses-1/surf/rh.pial...
reading input white surface /out/sourcedata/freesurfer/sub-v2s4x29615_ses-1/surf/rh.white...
INFO: using TH3 volume calc
INFO: assuming MGZ format for volumes.
INFO: not computing global stats
Using TH3 vertex volume calc
Total face volume 304438
Total vertex volume 304166 (mask=0)
Saving annotation colortable ./BA_exvivo.ctab

table columns are:
    number of vertices
    total surface area (mm^2)
    total gray matter volume (mm^3)
    average cortical thickness +- standard deviation (mm)
    integrated rectified mean curvature
    integrated rectified Gaussian curvature
    folding index
    intrinsic curvature index
    structure name

 1150    679   1728  2.122 0.683     0.133     0.043       14     2.0  BA1_exvivo
 3937   2575   4970  2.010 0.542     0.115     0.029       33     5.3  BA2_exvivo
 1348    897   1127  1.682 0.444     0.136     0.036       14     1.8  BA3a_exvivo
 2395   1503   2693  1.664 0.592     0.085     0.021       12     2.0  BA3b_exvivo
 1723   1056   2451  2.246 0.687     0.104     0.030       11     2.4  BA4a_exvivo
 1569   1052   1963  2.003 0.595     0.106     0.024        8     1.8  BA4p_exvivo
 8561   5651  18864  2.912 0.762     0.116     0.033       69    11.9  BA6_exvivo
 4382   2985   9141  2.779 0.539     0.101     0.022       36     4.0  BA44_exvivo
 3981   2855   9864  2.873 0.658     0.122     0.030       45     5.1  BA45_exvivo
 5698   3853   6435  1.725 0.587     0.138     0.037       72     9.4  V1_exvivo
11151   7660  17235  2.113 0.610     0.135     0.034      121    15.9  V2_exvivo
 2335   1641   4785  2.608 0.585     0.125     0.029       27     2.7  MT_exvivo
  306    216    726  3.041 0.639     0.110     0.029        2     0.3  perirhinal_exvivo
  556    361   1800  3.127 1.088     0.117     0.046        6     0.8  entorhinal_exvivo

 mris_anatomical_stats -th3 -mgz -f ../stats/rh.BA_exvivo.thresh.stats -noglobal -b -a ./rh.BA_exvivo.thresh.annot -c ./BA_exvivo.thresh.ctab sub-v2s4x29615_ses-1 rh white 

computing statistics for each annotation in ./rh.BA_exvivo.thresh.annot.
reading volume /out/sourcedata/freesurfer/sub-v2s4x29615_ses-1/mri/wm.mgz...
reading input surface /out/sourcedata/freesurfer/sub-v2s4x29615_ses-1/surf/rh.white...
reading input pial surface /out/sourcedata/freesurfer/sub-v2s4x29615_ses-1/surf/rh.pial...
reading input white surface /out/sourcedata/freesurfer/sub-v2s4x29615_ses-1/surf/rh.white...
INFO: using TH3 volume calc
INFO: assuming MGZ format for volumes.
INFO: not computing global stats
Using TH3 vertex volume calc
Total face volume 304438
Total vertex volume 304166 (mask=0)
Saving annotation colortable ./BA_exvivo.thresh.ctab

table columns are:
    number of vertices
    total surface area (mm^2)
    total gray matter volume (mm^3)
    average cortical thickness +- standard deviation (mm)
    integrated rectified mean curvature
    integrated rectified Gaussian curvature
    folding index
    intrinsic curvature index
    structure name

  875    509   1153  1.861 0.610     0.129     0.040       10     1.5  BA1_exvivo
 2170   1361   2535  1.864 0.439     0.096     0.022       13     2.0  BA2_exvivo
 1253    837   1020  1.724 0.454     0.140     0.037       13     1.7  BA3a_exvivo
 1860   1160   1770  1.487 0.422     0.069     0.012        6     0.9  BA3b_exvivo
  939    554   1358  2.455 0.832     0.103     0.027        5     1.1  BA4a_exvivo
 1213    825   1500  1.965 0.638     0.105     0.025        6     1.5  BA4p_exvivo
 5347   3501  11254  2.801 0.755     0.119     0.036       45     8.3  BA6_exvivo
  835    585   2131  3.076 0.502     0.103     0.024       11     0.7  BA44_exvivo
  901    690   3008  3.063 0.611     0.133     0.034       13     1.3  BA45_exvivo
 5465   3710   5985  1.699 0.566     0.138     0.037       70     9.0  V1_exvivo
 5831   3981   8330  2.000 0.607     0.135     0.034       62     8.6  V2_exvivo
  337    241    809  2.473 0.584     0.142     0.033        6     0.4  MT_exvivo
   30     19     49  2.750 0.352     0.081     0.017        0     0.0  perirhinal_exvivo
  547    358   1748  3.367 0.735     0.102     0.029        3     0.6  entorhinal_exvivo

Started at Fri Mar 13 07:31:57 CET 2026 
Ended   at Fri Mar 13 07:34:35 CET 2026
#@#%# recon-all-run-time-hours 0.044
recon-all -s sub-v2s4x29615_ses-1 finished without error at Fri Mar 13 07:34:35 CET 2026
