
Fri Mar 13 07:16:55 CET 2026
cd /out/sourcedata/freesurfer/sub-v2s4x29614_ses-1
setenv SUBJECTS_DIR /out/sourcedata/freesurfer
/opt/freesurfer/bin/recon-all -autorecon-hemi lh -noparcstats -noparcstats2 -noparcstats3 -nohyporelabel -nobalabels -lh-only -openmp 16 -subjid sub-v2s4x29614_ses-1 -sd /out/sourcedata/freesurfer

subjid sub-v2s4x29614_ses-1
setenv SUBJECTS_DIR /out/sourcedata/freesurfer
FREESURFER_HOME /opt/freesurfer
Actual FREESURFER_HOME /opt/freesurfer
build-stamp.txt: freesurfer-linux-ubuntu22_x86_64-7.3.2-20220804-6354275
Linux dna050 5.14.0-427.37.1.el9_4.x86_64 #1 SMP PREEMPT_DYNAMIC Fri Sep 13 12:41:50 EDT 2024 x86_64 x86_64 x86_64 GNU/Linux
cputime      unlimited
filesize     unlimited
datasize     unlimited
stacksize    8192 kbytes
coredumpsize 0 kbytes
memoryuse    67108864 kbytes
vmemoryuse   unlimited
descriptors  1024 
memorylocked unlimited
maxproc      2061970 
maxlocks     unlimited
maxsignal    2061970 
maxmessage   819200 
maxnice      0 
maxrtprio    0 
maxrttime    unlimited

               total        used        free      shared  buff/cache   available
Mem:           503Gi        52Gi       410Gi        12Gi        40Gi       434Gi
Swap:             0B          0B          0B

########################################
program versions used
7.3.2 (freesurfer-linux-ubuntu22_x86_64-7.3.2-20220804-6354275)
7.3.2

ProgramName: lta_convert  ProgramArguments: lta_convert -all-info  ProgramVersion: 7.3.2  TimeStamp: 2026/03/13-06:16:55-GMT  BuildTime: Aug  4 2022 06:17:15  BuildStamp: freesurfer-linux-ubuntu22_x86_64-7.3.2-20220804-6354275  User: oesteban  Machine: dna050  Platform: Linux  PlatformVersion: 5.14.0-427.37.1.el9_4.x86_64  CompilerName: GCC  CompilerVersion: 8.4.0
ProgramName: mri_and  ProgramArguments: mri_and -all-info  ProgramVersion: 7.3.2  TimeStamp: 2026/03/13-06:16:55-GMT  BuildTime: Aug  4 2022 06:17:15  BuildStamp: freesurfer-linux-ubuntu22_x86_64-7.3.2-20220804-6354275  User: oesteban  Machine: dna050  Platform: Linux  PlatformVersion: 5.14.0-427.37.1.el9_4.x86_64  CompilerName: GCC  CompilerVersion: 8.4.0
ProgramName: mri_annotation2label  ProgramArguments: mri_annotation2label -all-info  ProgramVersion: 7.3.2  TimeStamp: 2026/03/13-06:16:55-GMT  BuildTime: Aug  4 2022 06:17:15  BuildStamp: freesurfer-linux-ubuntu22_x86_64-7.3.2-20220804-6354275  User: oesteban  Machine: dna050  Platform: Linux  PlatformVersion: 5.14.0-427.37.1.el9_4.x86_64  CompilerName: GCC  CompilerVersion: 8.4.0
ProgramName: mri_aparc2aseg  ProgramArguments: mri_aparc2aseg -all-info  ProgramVersion: 7.3.2  TimeStamp: 2026/03/13-06:16:55-GMT  BuildTime: Aug  4 2022 06:17:15  BuildStamp: freesurfer-linux-ubuntu22_x86_64-7.3.2-20220804-6354275  User: oesteban  Machine: dna050  Platform: Linux  PlatformVersion: 5.14.0-427.37.1.el9_4.x86_64  CompilerName: GCC  CompilerVersion: 8.4.0
ProgramName: mri_surf2volseg  ProgramArguments: mri_surf2volseg -all-info  ProgramVersion: 7.3.2  TimeStamp: 2026/03/13-06:16:55-GMT  BuildTime: Aug  4 2022 06:17:15  BuildStamp: freesurfer-linux-ubuntu22_x86_64-7.3.2-20220804-6354275  User: oesteban  Machine: dna050  Platform: Linux  PlatformVersion: 5.14.0-427.37.1.el9_4.x86_64  CompilerName: GCC  CompilerVersion: 8.4.0
ProgramName: mri_binarize  ProgramArguments: mri_binarize -all-info  ProgramVersion: 7.3.2  TimeStamp: 2026/03/13-06:16:55-GMT  BuildTime: Aug  4 2022 06:17:15  BuildStamp: freesurfer-linux-ubuntu22_x86_64-7.3.2-20220804-6354275  User: oesteban  Machine: dna050  Platform: Linux  PlatformVersion: 5.14.0-427.37.1.el9_4.x86_64  CompilerName: GCC  CompilerVersion: 8.4.0
ProgramName: mri_ca_label  ProgramArguments: mri_ca_label -all-info  ProgramVersion: 7.3.2  TimeStamp: 2026/03/13-06:16:55-GMT  BuildTime: Aug  4 2022 06:17:15  BuildStamp: freesurfer-linux-ubuntu22_x86_64-7.3.2-20220804-6354275  User: oesteban  Machine: dna050  Platform: Linux  PlatformVersion: 5.14.0-427.37.1.el9_4.x86_64  CompilerName: GCC  CompilerVersion: 8.4.0
ProgramName: mri_ca_normalize  ProgramArguments: mri_ca_normalize -all-info  ProgramVersion: 7.3.2  TimeStamp: 2026/03/13-06:16:55-GMT  BuildTime: Aug  4 2022 06:17:15  BuildStamp: freesurfer-linux-ubuntu22_x86_64-7.3.2-20220804-6354275  User: oesteban  Machine: dna050  Platform: Linux  PlatformVersion: 5.14.0-427.37.1.el9_4.x86_64  CompilerName: GCC  CompilerVersion: 8.4.0
ProgramName: mri_ca_register  ProgramArguments: mri_ca_register -all-info  ProgramVersion: 7.3.2  TimeStamp: 2026/03/13-06:16:55-GMT  BuildTime: Aug  4 2022 06:17:15  BuildStamp: freesurfer-linux-ubuntu22_x86_64-7.3.2-20220804-6354275  User: oesteban  Machine: dna050  Platform: Linux  PlatformVersion: 5.14.0-427.37.1.el9_4.x86_64  CompilerName: GCC  CompilerVersion: 8.4.0
ProgramName: mri_cc  ProgramArguments: mri_cc -all-info  ProgramVersion: 7.3.2  TimeStamp: 2026/03/13-06:16:55-GMT  BuildTime: Aug  4 2022 06:17:15  BuildStamp: freesurfer-linux-ubuntu22_x86_64-7.3.2-20220804-6354275  User: oesteban  Machine: dna050  Platform: Linux  PlatformVersion: 5.14.0-427.37.1.el9_4.x86_64  CompilerName: GCC  CompilerVersion: 8.4.0
ProgramName: mri_compute_overlap  ProgramArguments: mri_compute_overlap -all-info  ProgramVersion: 7.3.2  TimeStamp: 2026/03/13-06:16:55-GMT  BuildTime: Aug  4 2022 06:17:15  BuildStamp: freesurfer-linux-ubuntu22_x86_64-7.3.2-20220804-6354275  User: oesteban  Machine: dna050  Platform: Linux  PlatformVersion: 5.14.0-427.37.1.el9_4.x86_64  CompilerName: GCC  CompilerVersion: 8.4.0
ProgramName: mri_compute_seg_overlap  ProgramArguments: mri_compute_seg_overlap -all-info  ProgramVersion: 7.3.2  TimeStamp: 2026/03/13-06:16:55-GMT  BuildTime: Aug  4 2022 06:17:15  BuildStamp: freesurfer-linux-ubuntu22_x86_64-7.3.2-20220804-6354275  User: oesteban  Machine: dna050  Platform: Linux  PlatformVersion: 5.14.0-427.37.1.el9_4.x86_64  CompilerName: GCC  CompilerVersion: 8.4.0
ProgramName: mri_concat  ProgramArguments: mri_concat -all-info  ProgramVersion: 7.3.2  TimeStamp: 2026/03/13-06:16:55-GMT  BuildTime: Aug  4 2022 06:17:15  BuildStamp: freesurfer-linux-ubuntu22_x86_64-7.3.2-20220804-6354275  User: oesteban  Machine: dna050  Platform: Linux  PlatformVersion: 5.14.0-427.37.1.el9_4.x86_64  CompilerName: GCC  CompilerVersion: 8.4.0
ProgramName: mri_concatenate_lta  ProgramArguments: mri_concatenate_lta -all-info  ProgramVersion: 7.3.2  TimeStamp: 2026/03/13-06:16:55-GMT  BuildTime: Aug  4 2022 06:17:15  BuildStamp: freesurfer-linux-ubuntu22_x86_64-7.3.2-20220804-6354275  User: oesteban  Machine: dna050  Platform: Linux  PlatformVersion: 5.14.0-427.37.1.el9_4.x86_64  CompilerName: GCC  CompilerVersion: 8.4.0
mri_convert -all-info 
ProgramName: mri_convert  ProgramArguments: mri_convert -all-info  ProgramVersion: 7.3.2  TimeStamp: 2026/03/13-06:16:55-GMT  BuildTime: Aug  4 2022 06:17:15  BuildStamp: freesurfer-linux-ubuntu22_x86_64-7.3.2-20220804-6354275  User: oesteban  Machine: dna050  Platform: Linux  PlatformVersion: 5.14.0-427.37.1.el9_4.x86_64  CompilerName: GCC  CompilerVersion: 8.4.0
ProgramName: mri_diff  ProgramArguments: mri_diff -all-info  ProgramVersion: 7.3.2  TimeStamp: 2026/03/13-06:16:55-GMT  BuildTime: Aug  4 2022 06:17:15  BuildStamp: freesurfer-linux-ubuntu22_x86_64-7.3.2-20220804-6354275  User: oesteban  Machine: dna050  Platform: Linux  PlatformVersion: 5.14.0-427.37.1.el9_4.x86_64  CompilerName: GCC  CompilerVersion: 8.4.0
ProgramName: mri_edit_wm_with_aseg  ProgramArguments: mri_edit_wm_with_aseg -all-info  ProgramVersion: 7.3.2  TimeStamp: 2026/03/13-06:16:55-GMT  BuildTime: Aug  4 2022 06:17:15  BuildStamp: freesurfer-linux-ubuntu22_x86_64-7.3.2-20220804-6354275  User: oesteban  Machine: dna050  Platform: Linux  PlatformVersion: 5.14.0-427.37.1.el9_4.x86_64  CompilerName: GCC  CompilerVersion: 8.4.0
ProgramName: mri_em_register  ProgramArguments: mri_em_register -all-info  ProgramVersion: 7.3.2  TimeStamp: 2026/03/13-06:16:55-GMT  BuildTime: Aug  4 2022 06:17:15  BuildStamp: freesurfer-linux-ubuntu22_x86_64-7.3.2-20220804-6354275  User: oesteban  Machine: dna050  Platform: Linux  PlatformVersion: 5.14.0-427.37.1.el9_4.x86_64  CompilerName: GCC  CompilerVersion: 8.4.0
ProgramName: mri_fill  ProgramArguments: mri_fill -all-info  ProgramVersion: 7.3.2  TimeStamp: 2026/03/13-06:16:55-GMT  BuildTime: Aug  4 2022 06:17:15  BuildStamp: freesurfer-linux-ubuntu22_x86_64-7.3.2-20220804-6354275  User: oesteban  Machine: dna050  Platform: Linux  PlatformVersion: 5.14.0-427.37.1.el9_4.x86_64  CompilerName: GCC  CompilerVersion: 8.4.0
ProgramName: mri_fuse_segmentations  ProgramArguments: mri_fuse_segmentations -all-info  ProgramVersion: 7.3.2  TimeStamp: 2026/03/13-06:16:55-GMT  BuildTime: Aug  4 2022 06:17:15  BuildStamp: freesurfer-linux-ubuntu22_x86_64-7.3.2-20220804-6354275  User: oesteban  Machine: dna050  Platform: Linux  PlatformVersion: 5.14.0-427.37.1.el9_4.x86_64  CompilerName: GCC  CompilerVersion: 8.4.0
ProgramName: mri_fwhm  ProgramArguments: mri_fwhm -all-info  ProgramVersion: 7.3.2  TimeStamp: 2026/03/13-06:16:55-GMT  BuildTime: Aug  4 2022 06:17:15  BuildStamp: freesurfer-linux-ubuntu22_x86_64-7.3.2-20220804-6354275  User: oesteban  Machine: dna050  Platform: Linux  PlatformVersion: 5.14.0-427.37.1.el9_4.x86_64  CompilerName: GCC  CompilerVersion: 8.4.0
ProgramName: mri_gcut  ProgramArguments: mri_gcut -all-info  ProgramVersion: 7.3.2  TimeStamp: 2026/03/13-06:16:55-GMT  BuildTime: Aug  4 2022 06:17:15  BuildStamp: freesurfer-linux-ubuntu22_x86_64-7.3.2-20220804-6354275  User: oesteban  Machine: dna050  Platform: Linux  PlatformVersion: 5.14.0-427.37.1.el9_4.x86_64  CompilerName: GCC  CompilerVersion: 8.4.0
ProgramName: mri_info  ProgramArguments: mri_info -all-info  ProgramVersion: 7.3.2  TimeStamp: 2026/03/13-06:16:55-GMT  BuildTime: Aug  4 2022 06:17:15  BuildStamp: freesurfer-linux-ubuntu22_x86_64-7.3.2-20220804-6354275  User: oesteban  Machine: dna050  Platform: Linux  PlatformVersion: 5.14.0-427.37.1.el9_4.x86_64  CompilerName: GCC  CompilerVersion: 8.4.0
ProgramName: mri_label2label  ProgramArguments: mri_label2label -all-info  ProgramVersion: 7.3.2  TimeStamp: 2026/03/13-06:16:55-GMT  BuildTime: Aug  4 2022 06:17:15  BuildStamp: freesurfer-linux-ubuntu22_x86_64-7.3.2-20220804-6354275  User: oesteban  Machine: dna050  Platform: Linux  PlatformVersion: 5.14.0-427.37.1.el9_4.x86_64  CompilerName: GCC  CompilerVersion: 8.4.0
ProgramName: mri_label2vol  ProgramArguments: mri_label2vol -all-info  ProgramVersion: 7.3.2  TimeStamp: 2026/03/13-06:16:55-GMT  BuildTime: Aug  4 2022 06:17:15  BuildStamp: freesurfer-linux-ubuntu22_x86_64-7.3.2-20220804-6354275  User: oesteban  Machine: dna050  Platform: Linux  PlatformVersion: 5.14.0-427.37.1.el9_4.x86_64  CompilerName: GCC  CompilerVersion: 8.4.0
ProgramName: mri_log_likelihood  ProgramArguments: mri_log_likelihood -all-info  ProgramVersion: 7.3.2  TimeStamp: 2026/03/13-06:16:55-GMT  BuildTime: Aug  4 2022 06:17:15  BuildStamp: freesurfer-linux-ubuntu22_x86_64-7.3.2-20220804-6354275  User: oesteban  Machine: dna050  Platform: Linux  PlatformVersion: 5.14.0-427.37.1.el9_4.x86_64  CompilerName: GCC  CompilerVersion: 8.4.0
ProgramName: mri_mask  ProgramArguments: mri_mask -all-info  ProgramVersion: 7.3.2  TimeStamp: 2026/03/13-06:16:55-GMT  BuildTime: Aug  4 2022 06:17:15  BuildStamp: freesurfer-linux-ubuntu22_x86_64-7.3.2-20220804-6354275  User: oesteban  Machine: dna050  Platform: Linux  PlatformVersion: 5.14.0-427.37.1.el9_4.x86_64  CompilerName: GCC  CompilerVersion: 8.4.0
ProgramName: mri_matrix_multiply  ProgramArguments: mri_matrix_multiply -all-info  ProgramVersion: 7.3.2  TimeStamp: 2026/03/13-06:16:55-GMT  BuildTime: Aug  4 2022 06:17:15  BuildStamp: freesurfer-linux-ubuntu22_x86_64-7.3.2-20220804-6354275  User: oesteban  Machine: dna050  Platform: Linux  PlatformVersion: 5.14.0-427.37.1.el9_4.x86_64  CompilerName: GCC  CompilerVersion: 8.4.0
ProgramName: mri_normalize  ProgramArguments: mri_normalize -all-info  ProgramVersion: 7.3.2  TimeStamp: 2026/03/13-06:16:55-GMT  BuildTime: Aug  4 2022 06:17:15  BuildStamp: freesurfer-linux-ubuntu22_x86_64-7.3.2-20220804-6354275  User: oesteban  Machine: dna050  Platform: Linux  PlatformVersion: 5.14.0-427.37.1.el9_4.x86_64  CompilerName: GCC  CompilerVersion: 8.4.0
ProgramName: mri_normalize_tp2  ProgramArguments: mri_normalize_tp2 -all-info  ProgramVersion: 7.3.2  TimeStamp: 2026/03/13-06:16:55-GMT  BuildTime: Aug  4 2022 06:17:15  BuildStamp: freesurfer-linux-ubuntu22_x86_64-7.3.2-20220804-6354275  User: oesteban  Machine: dna050  Platform: Linux  PlatformVersion: 5.14.0-427.37.1.el9_4.x86_64  CompilerName: GCC  CompilerVersion: 8.4.0
ProgramName: mri_or  ProgramArguments: mri_or -all-info  ProgramVersion: 7.3.2  TimeStamp: 2026/03/13-06:16:55-GMT  BuildTime: Aug  4 2022 06:17:15  BuildStamp: freesurfer-linux-ubuntu22_x86_64-7.3.2-20220804-6354275  User: oesteban  Machine: dna050  Platform: Linux  PlatformVersion: 5.14.0-427.37.1.el9_4.x86_64  CompilerName: GCC  CompilerVersion: 8.4.0
ProgramName: mri_relabel_hypointensities  ProgramArguments: mri_relabel_hypointensities -all-info  ProgramVersion: 7.3.2  TimeStamp: 2026/03/13-06:16:55-GMT  BuildTime: Aug  4 2022 06:17:15  BuildStamp: freesurfer-linux-ubuntu22_x86_64-7.3.2-20220804-6354275  User: oesteban  Machine: dna050  Platform: Linux  PlatformVersion: 5.14.0-427.37.1.el9_4.x86_64  CompilerName: GCC  CompilerVersion: 8.4.0
ProgramName: mri_relabel_nonwm_hypos  ProgramArguments: mri_relabel_nonwm_hypos -all-info  ProgramVersion: 7.3.2  TimeStamp: 2026/03/13-06:16:55-GMT  BuildTime: Aug  4 2022 06:17:15  BuildStamp: freesurfer-linux-ubuntu22_x86_64-7.3.2-20220804-6354275  User: oesteban  Machine: dna050  Platform: Linux  PlatformVersion: 5.14.0-427.37.1.el9_4.x86_64  CompilerName: GCC  CompilerVersion: 8.4.0
ProgramName: mri_remove_neck  ProgramArguments: mri_remove_neck -all-info  ProgramVersion: 7.3.2  TimeStamp: 2026/03/13-06:16:55-GMT  BuildTime: Aug  4 2022 06:17:15  BuildStamp: freesurfer-linux-ubuntu22_x86_64-7.3.2-20220804-6354275  User: oesteban  Machine: dna050  Platform: Linux  PlatformVersion: 5.14.0-427.37.1.el9_4.x86_64  CompilerName: GCC  CompilerVersion: 8.4.0
7.3.2

ProgramName: mri_robust_register  ProgramArguments: mri_robust_register -all-info  ProgramVersion: 7.3.2  TimeStamp: 2026/03/13-06:16:55-GMT  BuildTime: Aug  4 2022 06:17:15  BuildStamp: freesurfer-linux-ubuntu22_x86_64-7.3.2-20220804-6354275  User: oesteban  Machine: dna050  Platform: Linux  PlatformVersion: 5.14.0-427.37.1.el9_4.x86_64  CompilerName: GCC  CompilerVersion: 8.4.0
7.3.2

ProgramName: mri_robust_template  ProgramArguments: mri_robust_template -all-info  ProgramVersion: 7.3.2  TimeStamp: 2026/03/13-06:16:55-GMT  BuildTime: Aug  4 2022 06:17:15  BuildStamp: freesurfer-linux-ubuntu22_x86_64-7.3.2-20220804-6354275  User: oesteban  Machine: dna050  Platform: Linux  PlatformVersion: 5.14.0-427.37.1.el9_4.x86_64  CompilerName: GCC  CompilerVersion: 8.4.0
ProgramName: mris_anatomical_stats  ProgramArguments: mris_anatomical_stats -all-info  ProgramVersion: 7.3.2  TimeStamp: 2026/03/13-06:16:55-GMT  BuildTime: Aug  4 2022 06:17:15  BuildStamp: freesurfer-linux-ubuntu22_x86_64-7.3.2-20220804-6354275  User: oesteban  Machine: dna050  Platform: Linux  PlatformVersion: 5.14.0-427.37.1.el9_4.x86_64  CompilerName: GCC  CompilerVersion: 8.4.0
ProgramName: mris_ca_label  ProgramArguments: mris_ca_label -all-info  ProgramVersion: 7.3.2  TimeStamp: 2026/03/13-06:16:55-GMT  BuildTime: Aug  4 2022 06:17:15  BuildStamp: freesurfer-linux-ubuntu22_x86_64-7.3.2-20220804-6354275  User: oesteban  Machine: dna050  Platform: Linux  PlatformVersion: 5.14.0-427.37.1.el9_4.x86_64  CompilerName: GCC  CompilerVersion: 8.4.0
ProgramName: mris_calc  ProgramArguments: mris_calc -all-info  ProgramVersion: 7.3.2  TimeStamp: 2026/03/13-06:16:55-GMT  BuildTime: Aug  4 2022 06:17:15  BuildStamp: freesurfer-linux-ubuntu22_x86_64-7.3.2-20220804-6354275  User: oesteban  Machine: dna050  Platform: Linux  PlatformVersion: 5.14.0-427.37.1.el9_4.x86_64  CompilerName: GCC  CompilerVersion: 8.4.0
ProgramName: mris_convert  ProgramArguments: mris_convert -all-info  ProgramVersion: 7.3.2  TimeStamp: 2026/03/13-06:16:55-GMT  BuildTime: Aug  4 2022 06:17:15  BuildStamp: freesurfer-linux-ubuntu22_x86_64-7.3.2-20220804-6354275  User: oesteban  Machine: dna050  Platform: Linux  PlatformVersion: 5.14.0-427.37.1.el9_4.x86_64  CompilerName: GCC  CompilerVersion: 8.4.0
ProgramName: mris_curvature  ProgramArguments: mris_curvature -all-info  ProgramVersion: 7.3.2  TimeStamp: 2026/03/13-06:16:55-GMT  BuildTime: Aug  4 2022 06:17:15  BuildStamp: freesurfer-linux-ubuntu22_x86_64-7.3.2-20220804-6354275  User: oesteban  Machine: dna050  Platform: Linux  PlatformVersion: 5.14.0-427.37.1.el9_4.x86_64  CompilerName: GCC  CompilerVersion: 8.4.0
ProgramName: mris_curvature_stats  ProgramArguments: mris_curvature_stats -all-info  ProgramVersion: 7.3.2  TimeStamp: 2026/03/13-06:16:55-GMT  BuildTime: Aug  4 2022 06:17:15  BuildStamp: freesurfer-linux-ubuntu22_x86_64-7.3.2-20220804-6354275  User: oesteban  Machine: dna050  Platform: Linux  PlatformVersion: 5.14.0-427.37.1.el9_4.x86_64  CompilerName: GCC  CompilerVersion: 8.4.0
ProgramName: mris_diff  ProgramArguments: mris_diff -all-info  ProgramVersion: 7.3.2  TimeStamp: 2026/03/13-06:16:55-GMT  BuildTime: Aug  4 2022 06:17:15  BuildStamp: freesurfer-linux-ubuntu22_x86_64-7.3.2-20220804-6354275  User: oesteban  Machine: dna050  Platform: Linux  PlatformVersion: 5.14.0-427.37.1.el9_4.x86_64  CompilerName: GCC  CompilerVersion: 8.4.0
ProgramName: mris_divide_parcellation  ProgramArguments: mris_divide_parcellation -all-info  ProgramVersion: 7.3.2  TimeStamp: 2026/03/13-06:16:55-GMT  BuildTime: Aug  4 2022 06:17:15  BuildStamp: freesurfer-linux-ubuntu22_x86_64-7.3.2-20220804-6354275  User: oesteban  Machine: dna050  Platform: Linux  PlatformVersion: 5.14.0-427.37.1.el9_4.x86_64  CompilerName: GCC  CompilerVersion: 8.4.0
ProgramName: mri_segment  ProgramArguments: mri_segment -all-info  ProgramVersion: 7.3.2  TimeStamp: 2026/03/13-06:16:55-GMT  BuildTime: Aug  4 2022 06:17:15  BuildStamp: freesurfer-linux-ubuntu22_x86_64-7.3.2-20220804-6354275  User: oesteban  Machine: dna050  Platform: Linux  PlatformVersion: 5.14.0-427.37.1.el9_4.x86_64  CompilerName: GCC  CompilerVersion: 8.4.0
ProgramName: mri_segstats  ProgramArguments: mri_segstats -all-info  ProgramVersion: 7.3.2  TimeStamp: 2026/03/13-06:16:55-GMT  BuildTime: Aug  4 2022 06:17:15  BuildStamp: freesurfer-linux-ubuntu22_x86_64-7.3.2-20220804-6354275  User: oesteban  Machine: dna050  Platform: Linux  PlatformVersion: 5.14.0-427.37.1.el9_4.x86_64  CompilerName: GCC  CompilerVersion: 8.4.0
ProgramName: mris_euler_number  ProgramArguments: mris_euler_number -all-info  ProgramVersion: 7.3.2  TimeStamp: 2026/03/13-06:16:55-GMT  BuildTime: Aug  4 2022 06:17:15  BuildStamp: freesurfer-linux-ubuntu22_x86_64-7.3.2-20220804-6354275  User: oesteban  Machine: dna050  Platform: Linux  PlatformVersion: 5.14.0-427.37.1.el9_4.x86_64  CompilerName: GCC  CompilerVersion: 8.4.0
ProgramName: mris_fix_topology  ProgramArguments: mris_fix_topology -all-info  ProgramVersion: 7.3.2  TimeStamp: 2026/03/13-06:16:55-GMT  BuildTime: Aug  4 2022 06:17:15  BuildStamp: freesurfer-linux-ubuntu22_x86_64-7.3.2-20220804-6354275  User: oesteban  Machine: dna050  Platform: Linux  PlatformVersion: 5.14.0-427.37.1.el9_4.x86_64  CompilerName: GCC  CompilerVersion: 8.4.0
ProgramName: mris_topo_fixer  ProgramArguments: mris_topo_fixer -all-info  ProgramVersion: 7.3.2  TimeStamp: 2026/03/13-06:16:55-GMT  BuildTime: Aug  4 2022 06:17:15  BuildStamp: freesurfer-linux-ubuntu22_x86_64-7.3.2-20220804-6354275  User: oesteban  Machine: dna050  Platform: Linux  PlatformVersion: 5.14.0-427.37.1.el9_4.x86_64  CompilerName: GCC  CompilerVersion: 8.4.0
ProgramName: mris_jacobian  ProgramArguments: mris_jacobian -all-info  ProgramVersion: 7.3.2  TimeStamp: 2026/03/13-06:16:55-GMT  BuildTime: Aug  4 2022 06:17:15  BuildStamp: freesurfer-linux-ubuntu22_x86_64-7.3.2-20220804-6354275  User: oesteban  Machine: dna050  Platform: Linux  PlatformVersion: 5.14.0-427.37.1.el9_4.x86_64  CompilerName: GCC  CompilerVersion: 8.4.0
ProgramName: mris_label2annot  ProgramArguments: mris_label2annot -all-info  ProgramVersion: 7.3.2  TimeStamp: 2026/03/13-06:16:55-GMT  BuildTime: Aug  4 2022 06:17:15  BuildStamp: freesurfer-linux-ubuntu22_x86_64-7.3.2-20220804-6354275  User: oesteban  Machine: dna050  Platform: Linux  PlatformVersion: 5.14.0-427.37.1.el9_4.x86_64  CompilerName: GCC  CompilerVersion: 8.4.0
ProgramName: mris_left_right_register  ProgramArguments: mris_left_right_register -all-info  ProgramVersion: 7.3.2  TimeStamp: 2026/03/13-06:16:55-GMT  BuildTime: Aug  4 2022 06:17:15  BuildStamp: freesurfer-linux-ubuntu22_x86_64-7.3.2-20220804-6354275  User: oesteban  Machine: dna050  Platform: Linux  PlatformVersion: 5.14.0-427.37.1.el9_4.x86_64  CompilerName: GCC  CompilerVersion: 8.4.0
ProgramName: mris_place_surface  ProgramArguments: mris_place_surface -all-info  ProgramVersion: 7.3.2  TimeStamp: 2026/03/13-06:16:55-GMT  BuildTime: Aug  4 2022 06:17:15  BuildStamp: freesurfer-linux-ubuntu22_x86_64-7.3.2-20220804-6354275  User: oesteban  Machine: dna050  Platform: Linux  PlatformVersion: 5.14.0-427.37.1.el9_4.x86_64  CompilerName: GCC  CompilerVersion: 8.4.0
ProgramName: mrisp_paint  ProgramArguments: mrisp_paint -all-info  ProgramVersion: 7.3.2  TimeStamp: 2026/03/13-06:16:55-GMT  BuildTime: Aug  4 2022 06:17:15  BuildStamp: freesurfer-linux-ubuntu22_x86_64-7.3.2-20220804-6354275  User: oesteban  Machine: dna050  Platform: Linux  PlatformVersion: 5.14.0-427.37.1.el9_4.x86_64  CompilerName: GCC  CompilerVersion: 8.4.0
ProgramName: mris_register  ProgramArguments: mris_register -all-info  ProgramVersion: 7.3.2  TimeStamp: 2026/03/13-06:16:55-GMT  BuildTime: Aug  4 2022 06:17:15  BuildStamp: freesurfer-linux-ubuntu22_x86_64-7.3.2-20220804-6354275  User: oesteban  Machine: dna050  Platform: Linux  PlatformVersion: 5.14.0-427.37.1.el9_4.x86_64  CompilerName: GCC  CompilerVersion: 8.4.0
ProgramName: mris_smooth  ProgramArguments: mris_smooth -all-info  ProgramVersion: 7.3.2  TimeStamp: 2026/03/13-06:16:55-GMT  BuildTime: Aug  4 2022 06:17:15  BuildStamp: freesurfer-linux-ubuntu22_x86_64-7.3.2-20220804-6354275  User: oesteban  Machine: dna050  Platform: Linux  PlatformVersion: 5.14.0-427.37.1.el9_4.x86_64  CompilerName: GCC  CompilerVersion: 8.4.0
ProgramName: mris_sphere  ProgramArguments: mris_sphere -all-info  ProgramVersion: 7.3.2  TimeStamp: 2026/03/13-06:16:55-GMT  BuildTime: Aug  4 2022 06:17:15  BuildStamp: freesurfer-linux-ubuntu22_x86_64-7.3.2-20220804-6354275  User: oesteban  Machine: dna050  Platform: Linux  PlatformVersion: 5.14.0-427.37.1.el9_4.x86_64  CompilerName: GCC  CompilerVersion: 8.4.0
ProgramName: mris_surface_stats  ProgramArguments: mris_surface_stats -all-info  ProgramVersion: 7.3.2  TimeStamp: 2026/03/13-06:16:55-GMT  BuildTime: Aug  4 2022 06:17:15  BuildStamp: freesurfer-linux-ubuntu22_x86_64-7.3.2-20220804-6354275  User: oesteban  Machine: dna050  Platform: Linux  PlatformVersion: 5.14.0-427.37.1.el9_4.x86_64  CompilerName: GCC  CompilerVersion: 8.4.0
ProgramName: mri_stats2seg  ProgramArguments: mri_stats2seg -all-info  ProgramVersion: 7.3.2  TimeStamp: 2026/03/13-06:16:55-GMT  BuildTime: Aug  4 2022 06:17:15  BuildStamp: freesurfer-linux-ubuntu22_x86_64-7.3.2-20220804-6354275  User: oesteban  Machine: dna050  Platform: Linux  PlatformVersion: 5.14.0-427.37.1.el9_4.x86_64  CompilerName: GCC  CompilerVersion: 8.4.0
ProgramName: mris_thickness  ProgramArguments: mris_thickness -all-info  ProgramVersion: 7.3.2  TimeStamp: 2026/03/13-06:16:55-GMT  BuildTime: Aug  4 2022 06:17:15  BuildStamp: freesurfer-linux-ubuntu22_x86_64-7.3.2-20220804-6354275  User: oesteban  Machine: dna050  Platform: Linux  PlatformVersion: 5.14.0-427.37.1.el9_4.x86_64  CompilerName: GCC  CompilerVersion: 8.4.0
ProgramName: mris_thickness_diff  ProgramArguments: mris_thickness_diff -all-info  ProgramVersion: 7.3.2  TimeStamp: 2026/03/13-06:16:55-GMT  BuildTime: Aug  4 2022 06:17:15  BuildStamp: freesurfer-linux-ubuntu22_x86_64-7.3.2-20220804-6354275  User: oesteban  Machine: dna050  Platform: Linux  PlatformVersion: 5.14.0-427.37.1.el9_4.x86_64  CompilerName: GCC  CompilerVersion: 8.4.0
ProgramName: mris_topo_fixer  ProgramArguments: mris_topo_fixer -all-info  ProgramVersion: 7.3.2  TimeStamp: 2026/03/13-06:16:55-GMT  BuildTime: Aug  4 2022 06:17:15  BuildStamp: freesurfer-linux-ubuntu22_x86_64-7.3.2-20220804-6354275  User: oesteban  Machine: dna050  Platform: Linux  PlatformVersion: 5.14.0-427.37.1.el9_4.x86_64  CompilerName: GCC  CompilerVersion: 8.4.0
ProgramName: mri_surf2surf  ProgramArguments: mri_surf2surf -all-info  ProgramVersion: 7.3.2  TimeStamp: 2026/03/13-06:16:55-GMT  BuildTime: Aug  4 2022 06:17:15  BuildStamp: freesurfer-linux-ubuntu22_x86_64-7.3.2-20220804-6354275  User: oesteban  Machine: dna050  Platform: Linux  PlatformVersion: 5.14.0-427.37.1.el9_4.x86_64  CompilerName: GCC  CompilerVersion: 8.4.0
ProgramName: mri_surf2vol  ProgramArguments: mri_surf2vol -all-info  ProgramVersion: 7.3.2  TimeStamp: 2026/03/13-06:16:55-GMT  BuildTime: Aug  4 2022 06:17:15  BuildStamp: freesurfer-linux-ubuntu22_x86_64-7.3.2-20220804-6354275  User: oesteban  Machine: dna050  Platform: Linux  PlatformVersion: 5.14.0-427.37.1.el9_4.x86_64  CompilerName: GCC  CompilerVersion: 8.4.0
ProgramName: mri_surfcluster  ProgramArguments: mri_surfcluster -all-info  ProgramVersion: 7.3.2  TimeStamp: 2026/03/13-06:16:55-GMT  BuildTime: Aug  4 2022 06:17:15  BuildStamp: freesurfer-linux-ubuntu22_x86_64-7.3.2-20220804-6354275  User: oesteban  Machine: dna050  Platform: Linux  PlatformVersion: 5.14.0-427.37.1.el9_4.x86_64  CompilerName: GCC  CompilerVersion: 8.4.0
ProgramName: mris_volmask  ProgramArguments: mris_volmask -all-info  ProgramVersion: 7.3.2  TimeStamp: 2026/03/13-06:16:55-GMT  BuildTime: Aug  4 2022 06:17:15  BuildStamp: freesurfer-linux-ubuntu22_x86_64-7.3.2-20220804-6354275  User: oesteban  Machine: dna050  Platform: Linux  PlatformVersion: 5.14.0-427.37.1.el9_4.x86_64  CompilerName: GCC  CompilerVersion: 8.4.0
ProgramName: mri_tessellate  ProgramArguments: mri_tessellate -all-info  ProgramVersion: 7.3.2  TimeStamp: 2026/03/13-06:16:55-GMT  BuildTime: Aug  4 2022 06:17:15  BuildStamp: freesurfer-linux-ubuntu22_x86_64-7.3.2-20220804-6354275  User: oesteban  Machine: dna050  Platform: Linux  PlatformVersion: 5.14.0-427.37.1.el9_4.x86_64  CompilerName: GCC  CompilerVersion: 8.4.0
ProgramName: mri_vol2surf  ProgramArguments: mri_vol2surf -all-info  ProgramVersion: 7.3.2  TimeStamp: 2026/03/13-06:16:55-GMT  BuildTime: Aug  4 2022 06:17:15  BuildStamp: freesurfer-linux-ubuntu22_x86_64-7.3.2-20220804-6354275  User: oesteban  Machine: dna050  Platform: Linux  PlatformVersion: 5.14.0-427.37.1.el9_4.x86_64  CompilerName: GCC  CompilerVersion: 8.4.0
ProgramName: mri_vol2vol  ProgramArguments: mri_vol2vol -all-info  ProgramVersion: 7.3.2  TimeStamp: 2026/03/13-06:16:55-GMT  BuildTime: Aug  4 2022 06:17:15  BuildStamp: freesurfer-linux-ubuntu22_x86_64-7.3.2-20220804-6354275  User: oesteban  Machine: dna050  Platform: Linux  PlatformVersion: 5.14.0-427.37.1.el9_4.x86_64  CompilerName: GCC  CompilerVersion: 8.4.0
ProgramName: mri_voldiff  ProgramArguments: mri_voldiff -all-info  ProgramVersion: 7.3.2  TimeStamp: 2026/03/13-06:16:56-GMT  BuildTime: Aug  4 2022 06:17:15  BuildStamp: freesurfer-linux-ubuntu22_x86_64-7.3.2-20220804-6354275  User: oesteban  Machine: dna050  Platform: Linux  PlatformVersion: 5.14.0-427.37.1.el9_4.x86_64  CompilerName: GCC  CompilerVersion: 8.4.0
ProgramName: mri_watershed  ProgramArguments: mri_watershed -all-info  ProgramVersion: 7.3.2  TimeStamp: 2026/03/13-06:16:56-GMT  BuildTime: Aug  4 2022 06:17:15  BuildStamp: freesurfer-linux-ubuntu22_x86_64-7.3.2-20220804-6354275  User: oesteban  Machine: dna050  Platform: Linux  PlatformVersion: 5.14.0-427.37.1.el9_4.x86_64  CompilerName: GCC  CompilerVersion: 8.4.0
ProgramName: tkregister2  ProgramArguments: tkregister2_cmdl -all-info  ProgramVersion: 7.3.2  TimeStamp: 2026/03/13-06:16:56-GMT  BuildTime: Aug  4 2022 06:17:15  BuildStamp: freesurfer-linux-ubuntu22_x86_64-7.3.2-20220804-6354275  User: oesteban  Machine: dna050  Platform: Linux  PlatformVersion: 5.14.0-427.37.1.el9_4.x86_64  CompilerName: GCC  CompilerVersion: 8.4.0
mri_motion_correct.fsl 7.3.2
mri_convert -all-info 
ProgramName: mri_convert  ProgramArguments: mri_convert -all-info  ProgramVersion: 7.3.2  TimeStamp: 2026/03/13-06:16:56-GMT  BuildTime: Aug  4 2022 06:17:15  BuildStamp: freesurfer-linux-ubuntu22_x86_64-7.3.2-20220804-6354275  User: oesteban  Machine: dna050  Platform: Linux  PlatformVersion: 5.14.0-427.37.1.el9_4.x86_64  CompilerName: GCC  CompilerVersion: 8.4.0
Program nu_correct, built from:
Package MNI N3, version 1.12.0, compiled by nicks@terrier (x86_64-unknown-linux-gnu) on 2015-06-19 at 01:25:34
#######################################
GCADIR /opt/freesurfer/average
GCA RB_all_2020-01-02.gca
GCASkull RB_all_withskull_2020_01_02.gca
AvgCurvTif folding.atlas.acfb40.noaparc.i12.2016-08-02.tif
GCSDIR /opt/freesurfer/average
GCS DKaparc.atlas.acfb40.noaparc.i12.2016-08-02.gcs
#######################################
#--------------------------------------------
#@# Tessellate lh Fri Mar 13 07:16:56 CET 2026
/out/sourcedata/freesurfer/sub-v2s4x29614_ses-1/scripts

 mri_pretess ../mri/filled.mgz 255 ../mri/norm.mgz ../mri/filled-pretess255.mgz 


Iteration Number : 1
pass   1 (xy+):   0 found -   0 modified     |    TOTAL:   0
pass   1 (xy-):   0 found -   0 modified     |    TOTAL:   0
pass   1 (yz+):   7 found -   7 modified     |    TOTAL:   7
pass   2 (yz+):   0 found -   7 modified     |    TOTAL:   7
pass   1 (yz-):   9 found -   9 modified     |    TOTAL:  16
pass   2 (yz-):   0 found -   9 modified     |    TOTAL:  16
pass   1 (xz+):   0 found -   0 modified     |    TOTAL:  16
pass   1 (xz-):   0 found -   0 modified     |    TOTAL:  16
Iteration Number : 1
pass   1 (+++):   0 found -   0 modified     |    TOTAL:   0
pass   1 (+++):   0 found -   0 modified     |    TOTAL:   0
pass   1 (+++):   0 found -   0 modified     |    TOTAL:   0
pass   1 (+++):   0 found -   0 modified     |    TOTAL:   0
Iteration Number : 1
pass   1 (++):   0 found -   0 modified     |    TOTAL:   0
pass   1 (+-):   0 found -   0 modified     |    TOTAL:   0
pass   1 (--):   0 found -   0 modified     |    TOTAL:   0
pass   1 (-+):   0 found -   0 modified     |    TOTAL:   0
Iteration Number : 2
pass   1 (xy+):   0 found -   0 modified     |    TOTAL:   0
pass   1 (xy-):   0 found -   0 modified     |    TOTAL:   0
pass   1 (yz+):   0 found -   0 modified     |    TOTAL:   0
pass   1 (yz-):   0 found -   0 modified     |    TOTAL:   0
pass   1 (xz+):   0 found -   0 modified     |    TOTAL:   0
pass   1 (xz-):   0 found -   0 modified     |    TOTAL:   0
Iteration Number : 2
pass   1 (+++):   0 found -   0 modified     |    TOTAL:   0
pass   1 (+++):   0 found -   0 modified     |    TOTAL:   0
pass   1 (+++):   0 found -   0 modified     |    TOTAL:   0
pass   1 (+++):   0 found -   0 modified     |    TOTAL:   0
Iteration Number : 2
pass   1 (++):   0 found -   0 modified     |    TOTAL:   0
pass   1 (+-):   0 found -   0 modified     |    TOTAL:   0
pass   1 (--):   0 found -   0 modified     |    TOTAL:   0
pass   1 (-+):   0 found -   0 modified     |    TOTAL:   0

Total Number of Modified Voxels = 16 (out of 273307: 0.005854)
Ambiguous edge configurations... 

mri_pretess done


 mri_tessellate ../mri/filled-pretess255.mgz 255 ../surf/lh.orig.nofix 

7.3.2
  7.3.2
slice 40: 184 vertices, 221 faces
slice 50: 3695 vertices, 3837 faces
slice 60: 8712 vertices, 8885 faces
slice 70: 14733 vertices, 14960 faces
slice 80: 22243 vertices, 22529 faces
slice 90: 30375 vertices, 30673 faces
slice 100: 39401 vertices, 39754 faces
slice 110: 50230 vertices, 50601 faces
slice 120: 61838 vertices, 62265 faces
slice 130: 75306 vertices, 75762 faces
slice 140: 87891 vertices, 88310 faces
slice 150: 98743 vertices, 99081 faces
slice 160: 107907 vertices, 108246 faces
slice 170: 115743 vertices, 116061 faces
slice 180: 124084 vertices, 124363 faces
slice 190: 131116 vertices, 131378 faces
slice 200: 136539 vertices, 136740 faces
slice 210: 139231 vertices, 139268 faces
slice 220: 139244 vertices, 139274 faces
slice 230: 139244 vertices, 139274 faces
slice 240: 139244 vertices, 139274 faces
slice 250: 139244 vertices, 139274 faces
using the conformed surface RAS to save vertex points...
writing ../surf/lh.orig.nofix
using vox2ras matrix:
-1.00000   0.00000   0.00000   128.00000;
 0.00000   0.00000   1.00000  -128.00000;
 0.00000  -1.00000   0.00000   128.00000;
 0.00000   0.00000   0.00000   1.00000;

 rm -f ../mri/filled-pretess255.mgz 


 mris_extract_main_component ../surf/lh.orig.nofix ../surf/lh.orig.nofix 


counting number of connected components...
   139244 voxel in cpt #1: X=-30 [v=139244,e=417822,f=278548] located at (-26.416334, -3.656574, 42.485966)
For the whole surface: X=-30 [v=139244,e=417822,f=278548]
One single component has been found
nothing to do
done

#--------------------------------------------
#@# Smooth1 lh Fri Mar 13 07:16:59 CET 2026
/out/sourcedata/freesurfer/sub-v2s4x29614_ses-1/scripts

 mris_smooth -nw -seed 1234 ../surf/lh.orig.nofix ../surf/lh.smoothwm.nofix 

setting seed for random number generator to 1234
smoothing surface tessellation for 10 iterations...
smoothing complete - recomputing first and second fundamental forms...
#--------------------------------------------
#@# Inflation1 lh Fri Mar 13 07:17:02 CET 2026
/out/sourcedata/freesurfer/sub-v2s4x29614_ses-1/scripts

 mris_inflate -no-save-sulc ../surf/lh.smoothwm.nofix ../surf/lh.inflated.nofix 

Not saving sulc
Reading ../surf/lh.smoothwm.nofix
avg radius = 48.0 mm, total surface area = 75806 mm^2
step 000: RMS=0.146 (target=0.015)   step 005: RMS=0.112 (target=0.015)   step 010: RMS=0.083 (target=0.015)   step 015: RMS=0.069 (target=0.015)   step 020: RMS=0.060 (target=0.015)   step 025: RMS=0.052 (target=0.015)   step 030: RMS=0.046 (target=0.015)   step 035: RMS=0.040 (target=0.015)   step 040: RMS=0.038 (target=0.015)   step 045: RMS=0.036 (target=0.015)   step 050: RMS=0.034 (target=0.015)   step 055: RMS=0.034 (target=0.015)   step 060: RMS=0.033 (target=0.015)   writing inflated surface to ../surf/lh.inflated.nofix
inflation took 0.3 minutes

inflation complete.
Not saving sulc
mris_inflate utimesec    79.993512
mris_inflate stimesec    2.746798
mris_inflate ru_maxrss   220272
mris_inflate ru_ixrss    0
mris_inflate ru_idrss    0
mris_inflate ru_isrss    0
mris_inflate ru_minflt   561279
mris_inflate ru_majflt   42
mris_inflate ru_nswap    0
mris_inflate ru_inblock  1672
mris_inflate ru_oublock  9800
mris_inflate ru_msgsnd   0
mris_inflate ru_msgrcv   0
mris_inflate ru_nsignals 0
mris_inflate ru_nvcsw    23805
mris_inflate ru_nivcsw   794
#--------------------------------------------
#@# QSphere lh Fri Mar 13 07:17:18 CET 2026
/out/sourcedata/freesurfer/sub-v2s4x29614_ses-1/scripts

 mris_sphere -q -p 6 -a 128 -seed 1234 ../surf/lh.inflated.nofix ../surf/lh.qsphere.nofix 

doing quick spherical unfolding.
limitting unfolding to 6 passes
using n_averages = 128
setting seed for random number genererator to 1234
version: 7.3.2
available threads: 16
scaling brain by 0.294...
inflating...
projecting onto sphere...
surface projected - minimizing metric distortion...
vertex spacing 0.98 +- 0.57 (0.00-->6.72) (max @ vno 53501 --> 54626)
face area 0.02 +- 0.03 (-0.16-->0.71)
Entering MRISinflateToSphere()
inflating to sphere (rms error < 2.00)
000: dt: 0.0000, rms radial error=177.344, avgs=0
005/300: dt: 0.9000, rms radial error=177.084, avgs=0
010/300: dt: 0.9000, rms radial error=176.526, avgs=0
015/300: dt: 0.9000, rms radial error=175.792, avgs=0
020/300: dt: 0.9000, rms radial error=174.956, avgs=0
025/300: dt: 0.9000, rms radial error=174.063, avgs=0
030/300: dt: 0.9000, rms radial error=173.140, avgs=0
035/300: dt: 0.9000, rms radial error=172.206, avgs=0
040/300: dt: 0.9000, rms radial error=171.265, avgs=0
045/300: dt: 0.9000, rms radial error=170.321, avgs=0
050/300: dt: 0.9000, rms radial error=169.376, avgs=0
055/300: dt: 0.9000, rms radial error=168.434, avgs=0
060/300: dt: 0.9000, rms radial error=167.495, avgs=0
065/300: dt: 0.9000, rms radial error=166.561, avgs=0
070/300: dt: 0.9000, rms radial error=165.630, avgs=0
075/300: dt: 0.9000, rms radial error=164.704, avgs=0
080/300: dt: 0.9000, rms radial error=163.783, avgs=0
085/300: dt: 0.9000, rms radial error=162.867, avgs=0
090/300: dt: 0.9000, rms radial error=161.955, avgs=0
095/300: dt: 0.9000, rms radial error=161.048, avgs=0
100/300: dt: 0.9000, rms radial error=160.146, avgs=0
105/300: dt: 0.9000, rms radial error=159.249, avgs=0
110/300: dt: 0.9000, rms radial error=158.357, avgs=0
115/300: dt: 0.9000, rms radial error=157.469, avgs=0
120/300: dt: 0.9000, rms radial error=156.587, avgs=0
125/300: dt: 0.9000, rms radial error=155.708, avgs=0
130/300: dt: 0.9000, rms radial error=154.835, avgs=0
135/300: dt: 0.9000, rms radial error=153.966, avgs=0
140/300: dt: 0.9000, rms radial error=153.102, avgs=0
145/300: dt: 0.9000, rms radial error=152.243, avgs=0
150/300: dt: 0.9000, rms radial error=151.388, avgs=0
155/300: dt: 0.9000, rms radial error=150.538, avgs=0
160/300: dt: 0.9000, rms radial error=149.692, avgs=0
165/300: dt: 0.9000, rms radial error=148.851, avgs=0
170/300: dt: 0.9000, rms radial error=148.014, avgs=0
175/300: dt: 0.9000, rms radial error=147.182, avgs=0
180/300: dt: 0.9000, rms radial error=146.355, avgs=0
185/300: dt: 0.9000, rms radial error=145.532, avgs=0
190/300: dt: 0.9000, rms radial error=144.714, avgs=0
195/300: dt: 0.9000, rms radial error=143.900, avgs=0
200/300: dt: 0.9000, rms radial error=143.091, avgs=0
205/300: dt: 0.9000, rms radial error=142.286, avgs=0
210/300: dt: 0.9000, rms radial error=141.486, avgs=0
215/300: dt: 0.9000, rms radial error=140.690, avgs=0
220/300: dt: 0.9000, rms radial error=139.898, avgs=0
225/300: dt: 0.9000, rms radial error=139.111, avgs=0
230/300: dt: 0.9000, rms radial error=138.328, avgs=0
235/300: dt: 0.9000, rms radial error=137.549, avgs=0
240/300: dt: 0.9000, rms radial error=136.775, avgs=0
245/300: dt: 0.9000, rms radial error=136.005, avgs=0
250/300: dt: 0.9000, rms radial error=135.239, avgs=0
255/300: dt: 0.9000, rms radial error=134.478, avgs=0
260/300: dt: 0.9000, rms radial error=133.720, avgs=0
265/300: dt: 0.9000, rms radial error=132.967, avgs=0
270/300: dt: 0.9000, rms radial error=132.218, avgs=0
275/300: dt: 0.9000, rms radial error=131.474, avgs=0
280/300: dt: 0.9000, rms radial error=130.733, avgs=0
285/300: dt: 0.9000, rms radial error=129.997, avgs=0
290/300: dt: 0.9000, rms radial error=129.264, avgs=0
295/300: dt: 0.9000, rms radial error=128.536, avgs=0
300/300: dt: 0.9000, rms radial error=127.812, avgs=0

spherical inflation complete.
epoch 1 (K=10.0), pass 1, starting sse = 16495.12
taking momentum steps...
taking momentum steps...
taking momentum steps...
taking momentum steps...
pass 1 complete, delta sse/iter = 0.00/13 = 0.00030
epoch 2 (K=40.0), pass 1, starting sse = 2758.19
taking momentum steps...
taking momentum steps...
taking momentum steps...
taking momentum steps...
pass 1 complete, delta sse/iter = 0.00/13 = 0.00029
epoch 3 (K=160.0), pass 1, starting sse = 267.65
taking momentum steps...
taking momentum steps...
taking momentum steps...
taking momentum steps...
pass 1 complete, delta sse/iter = 0.11/14 = 0.00757
epoch 4 (K=640.0), pass 1, starting sse = 13.55
taking momentum steps...
taking momentum steps...
taking momentum steps...
taking momentum steps...
pass 1 complete, delta sse/iter = 0.12/20 = 0.00591
final distance error %100000.00
writing spherical brain to ../surf/lh.qsphere.nofix
spherical transformation took 0.0194 hours
FSRUNTIME@ mris_sphere  0.0194 hours 16 threads
#VMPC# mris_sphere VmPeak  1607348
mris_sphere done
#@# Fix Topology lh Fri Mar 13 07:18:28 CET 2026

 mris_fix_topology -mgz -sphere qsphere.nofix -inflated inflated.nofix -orig orig.nofix -out orig.premesh -ga -seed 1234 sub-v2s4x29614_ses-1 lh 

reading spherical homeomorphism from 'qsphere.nofix'
reading inflated coordinates from 'inflated.nofix'
reading original coordinates from 'orig.nofix'
using genetic algorithm with optimized parameters
setting seed for random number genererator to 1234

*************************************************************
Topology Correction Parameters
retessellation mode:           genetic search
number of patches/generation : 10
number of generations :        10
surface mri loglikelihood coefficient :         1.0
volume mri loglikelihood coefficient :          10.0
normal dot loglikelihood coefficient :          1.0
quadratic curvature loglikelihood coefficient : 1.0
volume resolution :                             2
eliminate vertices during search :              1
initial patch selection :                       1
select all defect vertices :                    0
ordering dependant retessellation:              0
use precomputed edge table :                    0
smooth retessellated patch :                    2
match retessellated patch :                     1
verbose mode :                                  0

*************************************************************
INFO: assuming .mgz format
writing corrected surface to 'orig.premesh'
7.3.2
  7.3.2
before topology correction, eno=-30 (nv=139244, nf=278548, ne=417822, g=16)
using quasi-homeomorphic spherical map to tessellate cortical surface...

Correction of the Topology
Finding true center and radius of Spherical Surface...done
Surface centered at (0,0,0) with radius 100.0 in 9 iterations
marking ambiguous vertices...
3636 ambiguous faces found in tessellation
segmenting defects...
17 defects found, arbitrating ambiguous regions...
analyzing neighboring defects...
      -merging segment 4 into 3
      -merging segment 13 into 11
15 defects to be corrected 
0 vertices coincident
reading input surface /out/sourcedata/freesurfer/sub-v2s4x29614_ses-1/surf/lh.qsphere.nofix...
reading brain volume from brain...
reading wm segmentation from wm...
Reading original properties of orig.nofix
Reading vertex positions of inflated.nofix
Computing Initial Surface Statistics
      -face       loglikelihood: -8.5960  (-4.2980)
      -vertex     loglikelihood: -5.3087  (-2.6544)
      -normal dot loglikelihood: -3.6440  (-3.6440)
      -quad curv  loglikelihood: -5.7178  (-2.8589)
      Total Loglikelihood : -23.2666
CORRECTING DEFECT 0 (vertices=282, convex hull=176, v0=15073)
After retessellation of defect 0 (v0=15073), euler #=-14 (137133,410619,273472) : difference with theory (-12) = 2 
CORRECTING DEFECT 1 (vertices=27, convex hull=67, v0=20910)
After retessellation of defect 1 (v0=20910), euler #=-13 (137145,410681,273523) : difference with theory (-11) = 2 
CORRECTING DEFECT 2 (vertices=27, convex hull=30, v0=30907)
After retessellation of defect 2 (v0=30907), euler #=-12 (137154,410720,273554) : difference with theory (-10) = 2 
CORRECTING DEFECT 3 (vertices=187, convex hull=169, v0=45813)
normal vector of length zero at vertex 137564 with 4 faces
normal vector of length zero at vertex 137564 with 4 faces
normal vector of length zero at vertex 137563 with 3 faces
normal vector of length zero at vertex 137564 with 4 faces
normal vector of length zero at vertex 137553 with 3 faces
normal vector of length zero at vertex 137553 with 3 faces
normal vector of length zero at vertex 137564 with 4 faces
After retessellation of defect 3 (v0=45813), euler #=-10 (137167,410841,273664) : difference with theory (-9) = 1 
CORRECTING DEFECT 4 (vertices=467, convex hull=378, v0=48748)
After retessellation of defect 4 (v0=48748), euler #=-9 (137294,411413,274110) : difference with theory (-8) = 1 
CORRECTING DEFECT 5 (vertices=17, convex hull=21, v0=50782)
After retessellation of defect 5 (v0=50782), euler #=-8 (137296,411427,274123) : difference with theory (-7) = 1 
CORRECTING DEFECT 6 (vertices=19, convex hull=36, v0=50845)
After retessellation of defect 6 (v0=50845), euler #=-7 (137303,411459,274149) : difference with theory (-6) = 1 
CORRECTING DEFECT 7 (vertices=16, convex hull=43, v0=55476)
After retessellation of defect 7 (v0=55476), euler #=-6 (137313,411504,274185) : difference with theory (-5) = 1 
CORRECTING DEFECT 8 (vertices=32, convex hull=63, v0=67010)
After retessellation of defect 8 (v0=67010), euler #=-5 (137322,411556,274229) : difference with theory (-4) = 1 
CORRECTING DEFECT 9 (vertices=238, convex hull=169, v0=73831)
After retessellation of defect 9 (v0=73831), euler #=-4 (137415,411921,274502) : difference with theory (-3) = 1 
CORRECTING DEFECT 10 (vertices=515, convex hull=381, v0=77515)
After retessellation of defect 10 (v0=77515), euler #=-2 (137502,412385,274881) : difference with theory (-2) = 0 
CORRECTING DEFECT 11 (vertices=35, convex hull=66, v0=80218)
After retessellation of defect 11 (v0=80218), euler #=-1 (137513,412442,274928) : difference with theory (-1) = 0 
CORRECTING DEFECT 12 (vertices=33, convex hull=30, v0=91353)
After retessellation of defect 12 (v0=91353), euler #=0 (137518,412465,274947) : difference with theory (0) = 0 
CORRECTING DEFECT 13 (vertices=266, convex hull=136, v0=118173)
After retessellation of defect 13 (v0=118173), euler #=1 (137567,412679,275113) : difference with theory (1) = 0 
CORRECTING DEFECT 14 (vertices=28, convex hull=37, v0=122436)
After retessellation of defect 14 (v0=122436), euler #=2 (137568,412698,275132) : difference with theory (2) = 0 
computing original vertex metric properties...
storing new metric properties...
computing tessellation statistics...
vertex spacing 0.89 +- 0.23 (0.07-->11.55) (max @ vno 83652 --> 85904)
face area -nan +- -nan (1000.00-->-1.00)
performing soap bubble on retessellated vertices for 0 iterations...
vertex spacing 0.89 +- 0.23 (0.07-->11.55) (max @ vno 83652 --> 85904)
face area -nan +- -nan (1000.00-->-1.00)
tessellation finished, orienting corrected surface...
55 mutations (33.7%), 108 crossovers (66.3%), 238 vertices were eliminated
building final representation...
1676 vertices and 0 faces have been removed from triangulation
after topology correction, eno=2 (nv=137568, nf=275132, ne=412698, g=0)
writing corrected surface to /out/sourcedata/freesurfer/sub-v2s4x29614_ses-1/surf/lh.orig.premesh...

0.000 % of the vertices (0 vertices) exhibit an orientation change
removing intersecting faces
000: 314 intersecting
001: 13 intersecting
terminating search with 0 intersecting
topology fixing took 1.5 minutes
FSRUNTIME@ mris_fix_topology lh  0.0249 hours 16 threads
#VMPC# mris_fix_topology VmPeak  1855004

 mris_euler_number ../surf/lh.orig.premesh 

euler # = v-e+f = 2g-2: 137568 - 412698 + 275132 = 2 --> 0 holes
      F =2V-4:          275132 = 275136-4 (0)
      2E=3F:            825396 = 825396 (0)

total defect index = 0
Fri Mar 13 07:19:58 CET 2026

setenv SUBJECTS_DIR /out/sourcedata/freesurfer
cd /out/sourcedata/freesurfer/sub-v2s4x29614_ses-1/scripts
/opt/freesurfer/bin/defect2seg --s sub-v2s4x29614_ses-1 --lh-only --cortex

freesurfer-linux-ubuntu22_x86_64-7.3.2-20220804-6354275
defect2seg 7.3.2
Linux dna050 5.14.0-427.37.1.el9_4.x86_64 #1 SMP PREEMPT_DYNAMIC Fri Sep 13 12:41:50 EDT 2024 x86_64 x86_64 x86_64 GNU/Linux
pid 1035198
mri_label2label --label-cortex /out/sourcedata/freesurfer/sub-v2s4x29614_ses-1/surf/lh.orig.nofix /out/sourcedata/freesurfer/sub-v2s4x29614_ses-1/mri/aseg.presurf.mgz 0 /out/sourcedata/freesurfer/sub-v2s4x29614_ses-1/label/lh.nofix.cortex.label

 Generating cortex label... RemoveHipAmgy=0
 NucAccIsMedialWall=0
 mris->useRealRAS=0
16 non-cortical segments detected
only using segment with 7856 vertices
erasing segment 1 (vno[0] = 50846)
erasing segment 2 (vno[0] = 89560)
erasing segment 3 (vno[0] = 90003)
erasing segment 4 (vno[0] = 90029)
erasing segment 5 (vno[0] = 90114)
erasing segment 6 (vno[0] = 91253)
erasing segment 7 (vno[0] = 92103)
erasing segment 8 (vno[0] = 93247)
erasing segment 9 (vno[0] = 97503)
erasing segment 10 (vno[0] = 98119)
erasing segment 11 (vno[0] = 99013)
erasing segment 12 (vno[0] = 100197)
erasing segment 13 (vno[0] = 100868)
erasing segment 14 (vno[0] = 106489)
erasing segment 15 (vno[0] = 109174)
mri_label2vol --defects /out/sourcedata/freesurfer/sub-v2s4x29614_ses-1/surf/lh.orig.nofix /out/sourcedata/freesurfer/sub-v2s4x29614_ses-1/surf/lh.defect_labels /out/sourcedata/freesurfer/sub-v2s4x29614_ses-1/mri/orig.mgz 1000 0 /out/sourcedata/freesurfer/sub-v2s4x29614_ses-1/mri/lh.surface.defects.mgz /out/sourcedata/freesurfer/sub-v2s4x29614_ses-1/label/lh.nofix.cortex.label
mri_label2vol supposed to be reproducible but seed not set
Contraining to label /out/sourcedata/freesurfer/sub-v2s4x29614_ses-1/label/lh.nofix.cortex.label
Changing input type 0 to MRI_INT
Converting defects to volume: offset=1000, merge=0
Writing to /out/sourcedata/freesurfer/sub-v2s4x29614_ses-1/mri/lh.surface.defects.mgz
mris_defects_pointset -s /out/sourcedata/freesurfer/sub-v2s4x29614_ses-1/surf/lh.orig.nofix -d /out/sourcedata/freesurfer/sub-v2s4x29614_ses-1/surf/lh.defect_labels -o /out/sourcedata/freesurfer/sub-v2s4x29614_ses-1/surf/lh.defects.pointset --label /out/sourcedata/freesurfer/sub-v2s4x29614_ses-1/label/lh.nofix.cortex.label
Reading in surface /out/sourcedata/freesurfer/sub-v2s4x29614_ses-1/surf/lh.orig.nofix
Reading in defect segmentation /out/sourcedata/freesurfer/sub-v2s4x29614_ses-1/surf/lh.defect_labels
Reading in label /out/sourcedata/freesurfer/sub-v2s4x29614_ses-1/label/lh.nofix.cortex.label
#VMPC# mris_defects_pointset 1565176
mris_defects_pointset done
 
Started at Fri Mar 13 07:19:58 CET 2026 
Ended   at Fri Mar 13 07:20:16 CET 2026
Defect2seg-Run-Time-Sec 18
Defect2seg-Run-Time-Min 0.36
Defect2seg-Run-Time-Hours 0.00
 
tkmeditfv sub-v2s4x29614_ses-1 brain.finalsurfs.mgz -defect
defect2seg Done

 mris_remesh --remesh --iters 3 --input /out/sourcedata/freesurfer/sub-v2s4x29614_ses-1/surf/lh.orig.premesh --output /out/sourcedata/freesurfer/sub-v2s4x29614_ses-1/surf/lh.orig 

iters = 3
standard remeshing without target
   adjusted l: 0.711455
remeshing to edge length 0.711455 with 3 iterations

avg qual before   : 0.891812  after: 0.971619

Removing intersections
Remeshed surface quality stats nv0 = 137568  nv = 143490  1.04305
Area    286976  0.30342  0.03348 0.075056   0.4715
Corner  860928 60.00000  8.72861 15.818712 147.7589
Edge    430464  0.84494  0.08183 0.462281   1.2497
Hinge   430464  9.34023  9.92646 0.000013 142.3374
mris_remesh done
/out/sourcedata/freesurfer/sub-v2s4x29614_ses-1/scripts

 mris_remove_intersection ../surf/lh.orig ../surf/lh.orig 

intersection removal took 0.00 hours
writing corrected surface to ../surf/lh.orig

 rm -f ../surf/lh.inflated 

#--------------------------------------------
#@# AutoDetGWStats lh Fri Mar 13 07:20:57 CET 2026
cd /out/sourcedata/freesurfer/sub-v2s4x29614_ses-1/mri
mris_autodet_gwstats --o ../surf/autodet.gw.stats.lh.dat --i brain.finalsurfs.mgz --wm wm.mgz --surf ../surf/lh.orig.premesh
7.3.2

cd /out/sourcedata/freesurfer/sub-v2s4x29614_ses-1/mri
setenv SUBJECTS_DIR /out/sourcedata/freesurfer
mris_autodet_gwstats --o ../surf/autodet.gw.stats.lh.dat --i brain.finalsurfs.mgz --wm wm.mgz --surf ../surf/lh.orig.premesh 

border white:    256317 voxels (1.53%)
border gray      283526 voxels (1.69%)
Reading in intensity volume brain.finalsurfs.mgz
Reading in wm volume wm.mgz
Reading in surf ../surf/lh.orig.premesh
Auto detecting stats
MRIclipBrightWM(): nthresh=17420, wmmin=5, clip=110 
Binarizing thresholding at 5
computing class statistics... low=30, hi=110.000000
CCS WM (103.0): 103.0 +- 5.1 [70.0 --> 110.0]
CCS GM (89.0) : 87.9 +- 8.5 [30.0 --> 110.0]
white_mean = 103.029 +/- 5.10729, gray_mean = 87.878 +/- 8.45178
using class modes intead of means, discounting robust sigmas....
MRIScomputeClassModes(): min=0 max=186 nbins=187
intensity peaks found at WM=105+-3.5,    GM=85+-5.2
white_mode = 105, gray_mode = 85
std_scale = 1
Applying sanity checks, max_scale_down = 0.2
setting MIN_GRAY_AT_WHITE_BORDER to 76.5 (was 70.000000)
setting MAX_BORDER_WHITE to 110.1 (was 105.000000)
setting MIN_BORDER_WHITE to 85.0 (was 85.000000)
setting MAX_CSF to 68.1 (was 40.000000)
setting MAX_GRAY to 99.9 (was 95.000000)
setting MAX_GRAY_AT_CSF_BORDER to 76.5 (was 75.000000)
setting MIN_GRAY_AT_CSF_BORDER to 59.6 (was 40.000000)
When placing the white surface
  white_border_hi   = 110.107;
  white_border_low  = 85;
  white_outside_low = 76.5482;
  white_inside_hi   = 120;
  white_outside_hi  = 110.107;
When placing the pial surface
  pial_border_hi   = 76.5482;
  pial_border_low  = 59.6447;
  pial_outside_low = 10;
  pial_inside_hi   = 99.8927;
  pial_outside_hi  = 72.3223;
#VMPC# mris_autodet_gwstats VmPeak  1531848
mris_autodet_gwstats done
#--------------------------------------------
#@# WhitePreAparc lh Fri Mar 13 07:21:00 CET 2026
cd /out/sourcedata/freesurfer/sub-v2s4x29614_ses-1/mri
mris_place_surface --adgws-in ../surf/autodet.gw.stats.lh.dat --wm wm.mgz --threads 16 --invol brain.finalsurfs.mgz --lh --i ../surf/lh.orig --o ../surf/lh.white.preaparc --white --seg aseg.presurf.mgz --nsmooth 5
7.3.2
7.3.2

cd /out/sourcedata/freesurfer/sub-v2s4x29614_ses-1/mri
setenv SUBJECTS_DIR /out/sourcedata/freesurfer
mris_place_surface --adgws-in ../surf/autodet.gw.stats.lh.dat --wm wm.mgz --threads 16 --invol brain.finalsurfs.mgz --lh --i ../surf/lh.orig --o ../surf/lh.white.preaparc --white --seg aseg.presurf.mgz --nsmooth 5 

Reading in input surface ../surf/lh.orig
Smoothing surface before ripping with 5 iterations
Area    286976  0.26978  0.06306 0.004139   0.5487
Corner  860928 60.00000  9.31434 11.317270 140.3646
Edge    430464  0.79283  0.11366 0.060621   1.2445
Hinge   430464  6.21877  6.35998 0.000048 145.5837
Not reading in aparc
Reading in input volume brain.finalsurfs.mgz
Reading in wm volume wm.mgz
MRIclipBrightWM(): nthresh=17420, wmmin=5, clip=110 
MRIfindBrightNonWM(): 24 bright non-wm voxels segmented.
Masking bright non-wm for white surface
MRImask(): AllowDiffGeom = 1
MRImask(): AllowDiffGeom = 1
Reading in seg volume aseg.presurf.mgz
Ripping frozen voxels
INFO: rip surface needed but not specified, so using input surface
Freezing midline and others
Entering: MRISripMidline(): inhibiting deformation at non-cortical midline structures...
  which=1, fix_mtl=0, using annot = 0
#FML0# MRISripMidline(): nripped=0
removing 3 vertices from ripped group in thread:0
#FML# MRISripMidline(): nmarked=5926, nmarked2=12, nripped=5926
Ripping segs (eg, WMSA, BG, frozen)
Starting MRISripSegs() d = (-2 2 0.5) segnos: 247 
MRISripSegs(): -2 2 0.5 ripped 0
vertex 71745: xyz = (-4.1132,8.70537,55.482) oxyz = (-4.1132,8.70537,55.482) wxzy = (-4.1132,8.70537,55.482) pxyz = (0,0,0) 
CBVO Creating mask 143490
n_averages 4
Iteration 0 =========================================
n_averages=4, current_sigma=2
Freezing midline and others
Ripping frozen voxels
INFO: rip surface needed but not specified, so using input surface
Freezing midline and others
Entering: MRISripMidline(): inhibiting deformation at non-cortical midline structures...
  which=1, fix_mtl=0, using annot = 0
#FML0# MRISripMidline(): nripped=5926
removing 3 vertices from ripped group in thread:0
#FML# MRISripMidline(): nmarked=5926, nmarked2=12, nripped=5926
Ripping segs (eg, WMSA, BG, frozen)
Starting MRISripSegs() d = (-2 2 0.5) segnos: 247 247 
MRISripSegs(): -2 2 0.5 ripped 0
Computing target border values 
Entering MRIScomputeBorderValues_new(): 
  inside_hi   = 120.0000000;
  border_hi   = 110.1072920;
  border_low  =  85.0000000;
  outside_low =  76.5482250;
  outside_hi  = 110.1072920;
  sigma = 2;
  max_thickness = 10;
  step_size=0.5;
  STEP_SIZE=0.1;
  which = 1
  thresh = 0
  flags = 0
  CBVfindFirstPeakD1=0
  CBVfindFirstPeakD2=0
  nvertices=143490
  Gdiag_no=-1
  vno start=0, stop=143490
Replacing 255s with 0s
#SI# sigma=2 had to be increased for 168 vertices, nripped=5926
mean border=92.1, 254 (254) missing vertices, mean dist 0.4 [0.6 (%31.9)->0.9 (%68.1))]
%67 local maxima, %28 large gradients and % 0 min vals, 0 gradients ignored
nFirstPeakD1 0
MRIScomputeBorderValues_new() finished in 0.0179 min


Finding expansion regions
mean absolute distance = 0.82 +- 1.03
6017 vertices more than 2 sigmas from mean.
Averaging target values for 5 iterations...
Positioning Surface: tspring = 0.3, nspring = 0.3, spring = 0, niters = 100 l_repulse = 5, l_surf_repulse = 0, checktol = 0
Positioning pial surface
Entering MRISpositionSurface()
  max_mm = 0.3
  MAX_REDUCTIONS = 2, REDUCTION_PCT = 0.5
  parms->check_tol = 0, niterations = 100
tol=1.0e-04, sigma=2.0, host=dna05, nav=4, nbrs=2, l_repulse=5.000, l_tspring=0.300, l_nspring=0.300, l_intensity=0.200, l_curv=1.000
mom=0.00, dt=0.50
complete_dist_mat 0
rms 0
smooth_averages 0
remove_neg 0
ico_order 0
which_surface 0
target_radius 0.000000
nfields 0
scale 0.000000
desired_rms_height 0.000000
momentum 0.000000
nbhd_size 0
max_nbrs 0
niterations 100
nsurfaces 0
SURFACES 3
flags 0 (0)
use curv 0
no sulc 0
no rigid align 0
mris->nsize 2
mris->hemisphere 0
randomSeed 0

000: dt: 0.0000, sse=1351945.8, rms=6.590
001: dt: 0.5000, sse=789038.3, rms=4.801 (27.146%)
002: dt: 0.5000, sse=517397.0, rms=3.629 (24.417%)
003: dt: 0.5000, sse=378694.6, rms=2.844 (21.616%)
004: dt: 0.5000, sse=301718.5, rms=2.289 (19.530%)
005: dt: 0.5000, sse=260134.8, rms=1.897 (17.139%)
006: dt: 0.5000, sse=233709.9, rms=1.622 (14.489%)
007: dt: 0.5000, sse=223962.8, rms=1.440 (11.206%)
008: dt: 0.5000, sse=214719.9, rms=1.326 (7.927%)
009: dt: 0.5000, sse=213304.8, rms=1.255 (5.361%)
rms = 1.2138/1.2549, sse=218193.3/213304.8, time step reduction 1 of 3 to 0.250  0 1 1
010: dt: 0.5000, sse=218193.2, rms=1.214 (3.270%)
011: dt: 0.2500, sse=196969.2, rms=0.977 (19.474%)
rms = 0.9514/0.9775, sse=197494.7/196969.2, time step reduction 2 of 3 to 0.125  0 1 1
012: dt: 0.2500, sse=197494.8, rms=0.951 (2.663%)
rms = 0.9429/0.9514, sse=195994.6/197494.7, time step reduction 3 of 3 to 0.062  0 0 1
013: dt: 0.1250, sse=195994.6, rms=0.943 (0.900%)
  maximum number of reductions reached, breaking from loop
positioning took 1.3 minutes
Iteration 1 =========================================
n_averages=2, current_sigma=1
Freezing midline and others
Ripping frozen voxels
INFO: rip surface needed but not specified, so using input surface
Freezing midline and others
Entering: MRISripMidline(): inhibiting deformation at non-cortical midline structures...
  which=1, fix_mtl=0, using annot = 0
#FML0# MRISripMidline(): nripped=5926
removing 4 vertices from ripped group in thread:0
removing 3 vertices from ripped group in thread:0
removing 2 vertices from ripped group in thread:0
removing 2 vertices from ripped group in thread:0
removing 3 vertices from ripped group in thread:0
removing 3 vertices from ripped group in thread:0
removing 3 vertices from ripped group in thread:0
removing 3 vertices from ripped group in thread:0
removing 4 vertices from ripped group in thread:0
#FML# MRISripMidline(): nmarked=6269, nmarked2=83, nripped=6269
Ripping segs (eg, WMSA, BG, frozen)
Starting MRISripSegs() d = (-2 2 0.5) segnos: 247 247 247 
MRISripSegs(): -2 2 0.5 ripped 0
Computing target border values 
Entering MRIScomputeBorderValues_new(): 
  inside_hi   = 120.0000000;
  border_hi   = 110.1072920;
  border_low  =  85.0000000;
  outside_low =  76.5482250;
  outside_hi  = 110.1072920;
  sigma = 1;
  max_thickness = 10;
  step_size=0.5;
  STEP_SIZE=0.1;
  which = 1
  thresh = 0
  flags = 0
  CBVfindFirstPeakD1=0
  CBVfindFirstPeakD2=0
  nvertices=143490
  Gdiag_no=-1
  vno start=0, stop=143490
Replacing 255s with 0s
#SI# sigma=1 had to be increased for 144 vertices, nripped=6269
mean border=93.8, 129 (82) missing vertices, mean dist -0.3 [0.5 (%70.9)->0.3 (%29.1))]
%76 local maxima, %20 large gradients and % 0 min vals, 0 gradients ignored
nFirstPeakD1 0
MRIScomputeBorderValues_new() finished in 0.0121 min


Finding expansion regions
mean absolute distance = 0.42 +- 0.75
4397 vertices more than 2 sigmas from mean.
Averaging target values for 5 iterations...
Positioning Surface: tspring = 0.3, nspring = 0.3, spring = 0, niters = 100 l_repulse = 5, l_surf_repulse = 0, checktol = 0
Positioning pial surface
Entering MRISpositionSurface()
  max_mm = 0.3
  MAX_REDUCTIONS = 2, REDUCTION_PCT = 0.5
  parms->check_tol = 0, niterations = 100
tol=1.0e-04, sigma=1.0, host=dna05, nav=2, nbrs=2, l_repulse=5.000, l_tspring=0.300, l_nspring=0.300, l_intensity=0.200, l_curv=1.000
mom=0.00, dt=0.50
000: dt: 0.0000, sse=457299.4, rms=2.920
014: dt: 0.5000, sse=315016.6, rms=1.777 (39.137%)
015: dt: 0.5000, sse=281030.3, rms=1.347 (24.211%)
rms = 1.1496/1.3468, sse=300509.5/281030.3, time step reduction 1 of 3 to 0.250  0 1 0
016: dt: 0.5000, sse=300509.5, rms=1.150 (14.645%)
017: dt: 0.2500, sse=252876.7, rms=0.996 (13.344%)
rms = 0.9327/0.9962, sse=253274.2/252876.7, time step reduction 2 of 3 to 0.125  0 1 0
018: dt: 0.2500, sse=253274.2, rms=0.933 (6.377%)
rms = 0.9083/0.9327, sse=272987.4/253274.2, time step reduction 3 of 3 to 0.062  0 1 1
019: dt: 0.1250, sse=272987.4, rms=0.908 (2.609%)
  maximum number of reductions reached, breaking from loop
positioning took 0.6 minutes
Iteration 2 =========================================
n_averages=1, current_sigma=0.5
Freezing midline and others
Ripping frozen voxels
INFO: rip surface needed but not specified, so using input surface
Freezing midline and others
Entering: MRISripMidline(): inhibiting deformation at non-cortical midline structures...
  which=1, fix_mtl=0, using annot = 0
#FML0# MRISripMidline(): nripped=6269
removing 4 vertices from ripped group in thread:0
removing 3 vertices from ripped group in thread:0
removing 2 vertices from ripped group in thread:0
removing 2 vertices from ripped group in thread:0
removing 2 vertices from ripped group in thread:0
removing 3 vertices from ripped group in thread:0
removing 3 vertices from ripped group in thread:0
removing 2 vertices from ripped group in thread:0
#FML# MRISripMidline(): nmarked=6299, nmarked2=83, nripped=6299
Ripping segs (eg, WMSA, BG, frozen)
Starting MRISripSegs() d = (-2 2 0.5) segnos: 247 247 247 247 
MRISripSegs(): -2 2 0.5 ripped 0
Computing target border values 
Entering MRIScomputeBorderValues_new(): 
  inside_hi   = 120.0000000;
  border_hi   = 110.1072920;
  border_low  =  85.0000000;
  outside_low =  76.5482250;
  outside_hi  = 110.1072920;
  sigma = 0.5;
  max_thickness = 10;
  step_size=0.5;
  STEP_SIZE=0.1;
  which = 1
  thresh = 0
  flags = 0
  CBVfindFirstPeakD1=0
  CBVfindFirstPeakD2=0
  nvertices=143490
  Gdiag_no=-1
  vno start=0, stop=143490
Replacing 255s with 0s
#SI# sigma=0.5 had to be increased for 122 vertices, nripped=6299
mean border=95.2, 116 (66) missing vertices, mean dist -0.2 [0.4 (%69.8)->0.2 (%30.2))]
%84 local maxima, %12 large gradients and % 0 min vals, 0 gradients ignored
nFirstPeakD1 0
MRIScomputeBorderValues_new() finished in 0.0072 min


Finding expansion regions
mean absolute distance = 0.34 +- 0.54
4221 vertices more than 2 sigmas from mean.
Averaging target values for 5 iterations...
Positioning Surface: tspring = 0.3, nspring = 0.3, spring = 0, niters = 100 l_repulse = 5, l_surf_repulse = 0, checktol = 0
Positioning pial surface
Entering MRISpositionSurface()
  max_mm = 0.3
  MAX_REDUCTIONS = 2, REDUCTION_PCT = 0.5
  parms->check_tol = 0, niterations = 100
tol=1.0e-04, sigma=0.5, host=dna05, nav=1, nbrs=2, l_repulse=5.000, l_tspring=0.300, l_nspring=0.300, l_intensity=0.200, l_curv=1.000
mom=0.00, dt=0.50
000: dt: 0.0000, sse=378516.6, rms=2.201
020: dt: 0.5000, sse=268794.1, rms=1.226 (44.277%)
021: dt: 0.5000, sse=259834.2, rms=0.945 (22.973%)
rms = 0.8780/0.9446, sse=267870.4/259834.3, time step reduction 1 of 3 to 0.250  0 1 0
022: dt: 0.5000, sse=267870.4, rms=0.878 (7.044%)
023: dt: 0.2500, sse=245236.5, rms=0.780 (11.169%)
rms = 0.7725/0.7800, sse=240439.7/245236.4, time step reduction 2 of 3 to 0.125  0 0 1
024: dt: 0.2500, sse=240439.7, rms=0.772 (0.960%)
rms = 0.7682/0.7725, sse=239393.0/240439.7, time step reduction 3 of 3 to 0.062  0 0 1
025: dt: 0.1250, sse=239393.0, rms=0.768 (0.556%)
  maximum number of reductions reached, breaking from loop
positioning took 0.6 minutes
Iteration 3 =========================================
n_averages=0, current_sigma=0.25
Freezing midline and others
Ripping frozen voxels
INFO: rip surface needed but not specified, so using input surface
Freezing midline and others
Entering: MRISripMidline(): inhibiting deformation at non-cortical midline structures...
  which=1, fix_mtl=0, using annot = 0
#FML0# MRISripMidline(): nripped=6299
removing 2 vertices from ripped group in thread:0
removing 2 vertices from ripped group in thread:0
removing 3 vertices from ripped group in thread:0
removing 3 vertices from ripped group in thread:0
#FML# MRISripMidline(): nmarked=6358, nmarked2=83, nripped=6358
Ripping segs (eg, WMSA, BG, frozen)
Starting MRISripSegs() d = (-2 2 0.5) segnos: 247 247 247 247 247 
MRISripSegs(): -2 2 0.5 ripped 0
Computing target border values 
Entering MRIScomputeBorderValues_new(): 
  inside_hi   = 120.0000000;
  border_hi   = 110.1072920;
  border_low  =  85.0000000;
  outside_low =  76.5482250;
  outside_hi  = 110.1072920;
  sigma = 0.25;
  max_thickness = 10;
  step_size=0.5;
  STEP_SIZE=0.1;
  which = 1
  thresh = 0
  flags = 0
  CBVfindFirstPeakD1=0
  CBVfindFirstPeakD2=0
  nvertices=143490
  Gdiag_no=-1
  vno start=0, stop=143490
Replacing 255s with 0s
#SI# sigma=0.25 had to be increased for 144 vertices, nripped=6358
mean border=95.7, 134 (63) missing vertices, mean dist -0.1 [0.3 (%57.7)->0.2 (%42.3))]
%87 local maxima, % 8 large gradients and % 0 min vals, 0 gradients ignored
nFirstPeakD1 0
MRIScomputeBorderValues_new() finished in 0.0058 min


Finding expansion regions
mean absolute distance = 0.27 +- 0.44
4027 vertices more than 2 sigmas from mean.
Averaging target values for 5 iterations...
Positioning Surface: tspring = 0.3, nspring = 0.3, spring = 0, niters = 100 l_repulse = 5, l_surf_repulse = 0, checktol = 0
Positioning pial surface
Entering MRISpositionSurface()
  max_mm = 0.3
  MAX_REDUCTIONS = 2, REDUCTION_PCT = 0.5
  parms->check_tol = 0, niterations = 100
tol=1.0e-04, sigma=0.2, host=dna05, nav=0, nbrs=2, l_repulse=5.000, l_tspring=0.300, l_nspring=0.300, l_intensity=0.200, l_curv=1.000
mom=0.00, dt=0.50
000: dt: 0.0000, sse=254238.7, rms=1.142
026: dt: 0.5000, sse=237614.0, rms=0.704 (38.374%)
rms = 0.7258/0.7039, sse=236830.4/237614.0, time step reduction 1 of 3 to 0.250  0 0 1
   RMS increased, rejecting step
rms = 0.6592/0.7039, sse=233450.1/237614.0, time step reduction 2 of 3 to 0.125  0 0 1
027: dt: 0.2500, sse=233450.1, rms=0.659 (6.352%)
rms = 0.6415/0.6592, sse=230672.5/233450.1, time step reduction 3 of 3 to 0.062  0 0 1
028: dt: 0.1250, sse=230672.5, rms=0.641 (2.684%)
  maximum number of reductions reached, breaking from loop
positioning took 0.4 minutes


Writing output to ../surf/lh.white.preaparc
#ET# mris_place_surface  2.93 minutes
#VMPC# mris_place_surfaces VmPeak  3119944
mris_place_surface done
#--------------------------------------------
#@# CortexLabel lh Fri Mar 13 07:24:03 CET 2026
cd /out/sourcedata/freesurfer/sub-v2s4x29614_ses-1/mri
mri_label2label --label-cortex ../surf/lh.white.preaparc aseg.presurf.mgz 0 ../label/lh.cortex.label

 Generating cortex label... RemoveHipAmgy=0
 NucAccIsMedialWall=0
 mris->useRealRAS=0
10 non-cortical segments detected
only using segment with 8106 vertices
erasing segment 1 (vno[0] = 45532)
erasing segment 2 (vno[0] = 59138)
erasing segment 3 (vno[0] = 62674)
erasing segment 4 (vno[0] = 78863)
erasing segment 5 (vno[0] = 79242)
erasing segment 6 (vno[0] = 80111)
erasing segment 7 (vno[0] = 83076)
erasing segment 8 (vno[0] = 85447)
erasing segment 9 (vno[0] = 88775)
#--------------------------------------------
#@# CortexLabel+HipAmyg lh Fri Mar 13 07:24:20 CET 2026
cd /out/sourcedata/freesurfer/sub-v2s4x29614_ses-1/mri
mri_label2label --label-cortex ../surf/lh.white.preaparc aseg.presurf.mgz 1 ../label/lh.cortex+hipamyg.label

 Generating cortex label... RemoveHipAmgy=1
 NucAccIsMedialWall=0
 mris->useRealRAS=0
11 non-cortical segments detected
only using segment with 5949 vertices
erasing segment 1 (vno[0] = 41616)
erasing segment 2 (vno[0] = 42477)
erasing segment 3 (vno[0] = 43487)
erasing segment 4 (vno[0] = 78863)
erasing segment 5 (vno[0] = 79242)
erasing segment 6 (vno[0] = 80111)
erasing segment 7 (vno[0] = 83076)
erasing segment 8 (vno[0] = 85447)
erasing segment 9 (vno[0] = 88775)
erasing segment 10 (vno[0] = 118283)
#--------------------------------------------
#@# Smooth2 lh Fri Mar 13 07:24:37 CET 2026
/out/sourcedata/freesurfer/sub-v2s4x29614_ses-1/scripts

 mris_smooth -n 3 -nw -seed 1234 ../surf/lh.white.preaparc ../surf/lh.smoothwm 

smoothing for 3 iterations
setting seed for random number generator to 1234
smoothing surface tessellation for 3 iterations...
smoothing complete - recomputing first and second fundamental forms...
#--------------------------------------------
#@# Inflation2 lh Fri Mar 13 07:24:40 CET 2026
/out/sourcedata/freesurfer/sub-v2s4x29614_ses-1/scripts

 mris_inflate ../surf/lh.smoothwm ../surf/lh.inflated 

Reading ../surf/lh.smoothwm
avg radius = 47.9 mm, total surface area = 88943 mm^2
step 000: RMS=0.166 (target=0.015)   step 005: RMS=0.112 (target=0.015)   step 010: RMS=0.085 (target=0.015)   step 015: RMS=0.070 (target=0.015)   step 020: RMS=0.059 (target=0.015)   step 025: RMS=0.049 (target=0.015)   step 030: RMS=0.041 (target=0.015)   step 035: RMS=0.034 (target=0.015)   step 040: RMS=0.029 (target=0.015)   step 045: RMS=0.025 (target=0.015)   step 050: RMS=0.023 (target=0.015)   step 055: RMS=0.021 (target=0.015)   step 060: RMS=0.020 (target=0.015)   writing inflated surface to ../surf/lh.inflated
writing sulcal depths to ../surf/lh.sulc

inflation complete.
inflation took 0.3 minutes
mris_inflate utimesec    81.489839
mris_inflate stimesec    2.037567
mris_inflate ru_maxrss   219596
mris_inflate ru_ixrss    0
mris_inflate ru_idrss    0
mris_inflate ru_isrss    0
mris_inflate ru_minflt   546314
mris_inflate ru_majflt   13
mris_inflate ru_nswap    0
mris_inflate ru_inblock  130
mris_inflate ru_oublock  11224
mris_inflate ru_msgsnd   0
mris_inflate ru_msgrcv   0
mris_inflate ru_nsignals 0
mris_inflate ru_nvcsw    14469
mris_inflate ru_nivcsw   449
#--------------------------------------------
#@# Curv .H and .K lh Fri Mar 13 07:24:56 CET 2026
/out/sourcedata/freesurfer/sub-v2s4x29614_ses-1/surf

 mris_curvature -w -seed 1234 lh.white.preaparc 

setting seed for random number generator to 1234
total integrated curvature = 32.255*4pi (405.324) --> -31 handles
ICI = 158.9, FI = 1413.7, variation=22600.038
writing Gaussian curvature to ./lh.white.preaparc.K...done.
writing mean curvature to ./lh.white.preaparc.H...done.
rm -f lh.white.H
ln -s lh.white.preaparc.H lh.white.H
rm -f lh.white.K
ln -s lh.white.preaparc.K lh.white.K

 mris_curvature -seed 1234 -thresh .999 -n -a 5 -w -distances 10 10 lh.inflated 

setting seed for random number generator to 1234
normalizing curvature values.
averaging curvature patterns 5 times.
sampling 10 neighbors out to a distance of 10 mm
184 vertices thresholded to be in k1 ~ [-1.53 0.40], k2 ~ [-0.37 0.10]
total integrated curvature = 0.390*4pi (4.905) --> 1 handles
ICI = 1.4, FI = 11.5, variation=186.520
151 vertices thresholded to be in [-0.04 0.02]
writing Gaussian curvature to ./lh.inflated.K...thresholding curvature at 99.90% level
curvature mean = 0.000, std = 0.001
123 vertices thresholded to be in [-0.45 0.20]
done.
writing mean curvature to ./lh.inflated.H...curvature mean = -0.016, std = 0.025
done.
#--------------------------------------------
#@# Sphere lh Fri Mar 13 07:25:47 CET 2026
/out/sourcedata/freesurfer/sub-v2s4x29614_ses-1/scripts

 mris_sphere -seed 1234 ../surf/lh.inflated ../surf/lh.sphere 

setting seed for random number genererator to 1234
version: 7.3.2
available threads: 16
reading original vertex positions...
projecting onto sphere...
surface projected - minimizing metric distortion...
scaling brain by 0.270...
MRISunfold() max_passes = 1 -------
tol=5.0e-01, sigma=0.0, host=dna05, nav=1024, nbrs=2, l_area=1.000, l_dist=1.000
using quadratic fit line minimization
complete_dist_mat 0
rms 0
smooth_averages 0
remove_neg 0
ico_order 0
which_surface 0
target_radius 0.000000
nfields 0
scale 1.000000
desired_rms_height -1.000000
momentum 0.900000
nbhd_size 7
max_nbrs 8
niterations 25
nsurfaces 0
SURFACES 3
flags 0 (0)
use curv 0
no sulc 0
no rigid align 0
mris->nsize 2
mris->hemisphere 0
randomSeed 1234

--------------------
  mrisRemoveNegativeArea()
pass 1: epoch 1 of 3 starting distance error %20.20
pass 1: epoch 2 of 3 starting distance error %20.08
unfolding complete - removing small folds...
starting distance error %19.99
removing remaining folds...
final distance error %20.03
MRISunfold() return, current seed 1234
-01: dt=0.0000,   1 negative triangles  VmPeak 1608660
180: dt=0.9900,   1 negative triangles
expanding nbhd size to 1
181: dt=0.9900,   1 negative triangles
182: dt=0.9900,   1 negative triangles
183: dt=0.9900,   1 negative triangles
184: dt=0.9900,   1 negative triangles
185: dt=0.9900,   1 negative triangles
186: dt=0.9900,   1 negative triangles
187: dt=0.9900,   1 negative triangles
188: dt=0.9900,   1 negative triangles
189: dt=0.9900,   1 negative triangles
writing spherical brain to ../surf/lh.sphere
spherical transformation took 0.0695 hours
FSRUNTIME@ mris_sphere  0.0695 hours 16 threads
#VMPC# mris_sphere VmPeak  1608660
mris_sphere done
#--------------------------------------------
#@# Surf Reg lh Fri Mar 13 07:29:57 CET 2026
/out/sourcedata/freesurfer/sub-v2s4x29614_ses-1/scripts

 mris_register -curv ../surf/lh.sphere /opt/freesurfer/average/lh.folding.atlas.acfb40.noaparc.i12.2016-08-02.tif ../surf/lh.sphere.reg 

using smoothwm curvature for final alignment

cwd /out/sourcedata/freesurfer/sub-v2s4x29614_ses-1/scripts
cmdline mris_register -curv ../surf/lh.sphere /opt/freesurfer/average/lh.folding.atlas.acfb40.noaparc.i12.2016-08-02.tif ../surf/lh.sphere.reg 

0 inflated.H
1 sulc
2 smoothwm (computed)
7.3.2
  7.3.2
reading surface from ../surf/lh.sphere...
reading template parameterization from /opt/freesurfer/average/lh.folding.atlas.acfb40.noaparc.i12.2016-08-02.tif...
MRISregister() -------
max_passes = 4 
min_degrees = 0.500000 
max_degrees = 64.000000 
nangles = 8 
tol=5.0e-01, sigma=0.0, host=dna05, nav=1024, nbrs=1, l_extern=10000.000, l_parea=0.200, l_nlarea=1.000, l_corr=1.000, l_dist=5.000
using quadratic fit line minimization
complete_dist_mat 0
rms 0
smooth_averages 0
remove_neg 0
ico_order 0
which_surface 0
target_radius 0.000000
nfields 0
scale 0.000000
desired_rms_height -1.000000
momentum 0.950000
nbhd_size -10
max_nbrs 10
niterations 25
nsurfaces 0
SURFACES 3
flags 16 (10)
use curv 16
no sulc 0
no rigid align 0
mris->nsize 1
mris->hemisphere 0
randomSeed 0

tol=5.0e-01, sigma=0.0, host=dna05, nav=1024, nbrs=1, l_extern=10000.000, l_parea=0.200, l_nlarea=1.000, l_corr=1.000, l_dist=5.000
using quadratic fit line minimization
--------------------
1 Reading lh.sulc
tol=1.0e+00, sigma=0.5, host=dna05, nav=1024, nbrs=1, l_extern=10000.000, l_parea=0.200, l_nlarea=1.000, l_corr=0.050, l_spring=0.500, l_dist=5.000
using quadratic fit line minimization
curvature mean = 0.000, std = 5.695
curvature mean = 0.042, std = 0.814
curvature mean = 0.006, std = 0.865
Starting MRISrigidBodyAlignGlobal()
Starting new MRISrigidBodyAlignGlobal_findMinSSE()
  new MRISrigidBodyAlignGlobal_findMinSSE min @ (0.50, -7.00, 24.00) sse = 316573.6, elapsed since starting=0.0887 min
MRISrigidBodyAlignGlobal() done   0.09 min
curvature mean = 0.009, std = 0.816
curvature mean = 0.003, std = 0.946
curvature mean = 0.006, std = 0.826
curvature mean = 0.002, std = 0.979
curvature mean = 0.005, std = 0.828
curvature mean = 0.001, std = 0.992
2 Reading smoothwm
curvature mean = -0.019, std = 0.252
curvature mean = 0.045, std = 0.243
curvature mean = 0.048, std = 0.387
curvature mean = 0.036, std = 0.304
curvature mean = 0.030, std = 0.581
curvature mean = 0.035, std = 0.331
curvature mean = 0.017, std = 0.724
curvature mean = 0.035, std = 0.342
curvature mean = 0.005, std = 0.828
MRISregister() return, current seed 0
writing registered surface to ../surf/lh.sphere.reg...
-01: dt=0.0000,   0 negative triangles  VmPeak 1608168
registration took 0.08 hours
#VMPC# mris_register VmPeak  1608168
FSRUNTIME@ mris_register  0.0837 hours 16 threads

 ln -sf lh.sphere.reg lh.fsaverage.sphere.reg 

#--------------------------------------------
#@# Jacobian white lh Fri Mar 13 07:34:59 CET 2026
/out/sourcedata/freesurfer/sub-v2s4x29614_ses-1/scripts

 mris_jacobian ../surf/lh.white.preaparc ../surf/lh.sphere.reg ../surf/lh.jacobian_white 

reading surface from ../surf/lh.white.preaparc...
writing curvature file ../surf/lh.jacobian_white
#--------------------------------------------
#@# AvgCurv lh Fri Mar 13 07:35:00 CET 2026
/out/sourcedata/freesurfer/sub-v2s4x29614_ses-1/scripts

 mrisp_paint -a 5 /opt/freesurfer/average/lh.folding.atlas.acfb40.noaparc.i12.2016-08-02.tif#6 ../surf/lh.sphere.reg ../surf/lh.avg_curv 

averaging curvature patterns 5 times...
reading surface from ../surf/lh.sphere.reg...
reading template parameterization from /opt/freesurfer/average/lh.folding.atlas.acfb40.noaparc.i12.2016-08-02.tif...
writing curvature file to ../surf/lh.avg_curv...
#-----------------------------------------
#@# Cortical Parc lh Fri Mar 13 07:35:01 CET 2026
/out/sourcedata/freesurfer/sub-v2s4x29614_ses-1/scripts

 mris_ca_label -l ../label/lh.cortex.label -aseg ../mri/aseg.presurf.mgz -seed 1234 sub-v2s4x29614_ses-1 lh ../surf/lh.sphere.reg /opt/freesurfer/average/lh.DKaparc.atlas.acfb40.noaparc.i12.2016-08-02.gcs ../label/lh.aparc.annot 

setting seed for random number generator to 1234
using ../mri/aseg.presurf.mgz aseg volume to correct midline
7.3.2
  7.3.2
reading atlas from /opt/freesurfer/average/lh.DKaparc.atlas.acfb40.noaparc.i12.2016-08-02.gcs...
reading color table from GCSA file....
average std = 0.8   using min determinant for regularization = 0.006
0 singular and 342 ill-conditioned covariance matrices regularized
input 0: MEAN CURVATURE, flags 0, avgs 5, name mean_curvature
labeling surface...
1015 labels changed using aseg
relabeling using gibbs priors...
000:   3160 changed, 143490 examined...
001:    756 changed, 13416 examined...
002:    205 changed, 4248 examined...
003:     75 changed, 1230 examined...
004:     27 changed, 457 examined...
005:      8 changed, 165 examined...
006:      2 changed, 51 examined...
007:      0 changed, 13 examined...
194 labels changed using aseg
000: 71 total segments, 25 labels (111 vertices) changed
001: 46 total segments, 0 labels (0 vertices) changed
10 filter iterations complete (10 requested, 8 changed)
rationalizing unknown annotations with cortex label
relabeling unknown label...
relabeling corpuscallosum label...
1901 vertices marked for relabeling...
1901 labels changed in reclassification.
writing output to ../label/lh.aparc.annot...
classification took 0 minutes and 10 seconds.
#--------------------------------------------
#@# WhiteSurfs lh Fri Mar 13 07:35:11 CET 2026
cd /out/sourcedata/freesurfer/sub-v2s4x29614_ses-1/mri
mris_place_surface --adgws-in ../surf/autodet.gw.stats.lh.dat --seg aseg.presurf.mgz --threads 16 --wm wm.mgz --invol brain.finalsurfs.mgz --lh --i ../surf/lh.white.preaparc --o ../surf/lh.white --white --nsmooth 0 --rip-label ../label/lh.cortex.label --rip-bg --rip-surf ../surf/lh.white.preaparc --aparc ../label/lh.aparc.annot
7.3.2
7.3.2

cd /out/sourcedata/freesurfer/sub-v2s4x29614_ses-1/mri
setenv SUBJECTS_DIR /out/sourcedata/freesurfer
mris_place_surface --adgws-in ../surf/autodet.gw.stats.lh.dat --seg aseg.presurf.mgz --threads 16 --wm wm.mgz --invol brain.finalsurfs.mgz --lh --i ../surf/lh.white.preaparc --o ../surf/lh.white --white --nsmooth 0 --rip-label ../label/lh.cortex.label --rip-bg --rip-surf ../surf/lh.white.preaparc --aparc ../label/lh.aparc.annot 

Reading in input surface ../surf/lh.white.preaparc
Not smoothing input surface
Area    286976  0.33863  0.11644 0.001244   2.5261
Corner  860928 60.00000 13.22663 0.229161 177.1804
Edge    430464  0.89426  0.19310 0.022210   3.4853
Hinge   430464  9.31356 10.14703 0.000008 179.0800
Reading in aparc ../label/lh.aparc.annot
Reading in input volume brain.finalsurfs.mgz
Reading in wm volume wm.mgz
MRIclipBrightWM(): nthresh=17420, wmmin=5, clip=110 
MRIfindBrightNonWM(): 24 bright non-wm voxels segmented.
Masking bright non-wm for white surface
MRImask(): AllowDiffGeom = 1
MRImask(): AllowDiffGeom = 1
Reading in seg volume aseg.presurf.mgz
Ripping frozen voxels
Ripping vertices not in label ../label/lh.cortex.label
MRISripNotLabel() ripped 8276/143490 vertices (135214 unripped)
Reading in ripping surface ../surf/lh.white.preaparc
Reading in aparc ../label/lh.aparc.annot for ripsurf
Ripping BG
MRISripBasalGanglia(): 1 -2 2 0.5 ripped 319
Ripping segs (eg, WMSA, BG, frozen)
Starting MRISripSegs() d = (-2 2 0.5) segnos: 247 
MRISripSegs(): -2 2 0.5 ripped 0
vertex 71745: xyz = (-5.05462,8.77593,55.4506) oxyz = (-5.05462,8.77593,55.4506) wxzy = (-5.05462,8.77593,55.4506) pxyz = (0,0,0) 
CBVO Creating mask 143490
n_averages 4
Iteration 0 =========================================
n_averages=4, current_sigma=2
Computing target border values 
Entering MRIScomputeBorderValues_new(): 
  inside_hi   = 120.0000000;
  border_hi   = 110.1072920;
  border_low  =  85.0000000;
  outside_low =  76.5482250;
  outside_hi  = 110.1072920;
  sigma = 2;
  max_thickness = 10;
  step_size=0.5;
  STEP_SIZE=0.1;
  which = 1
  thresh = 0
  flags = 0
  CBVfindFirstPeakD1=0
  CBVfindFirstPeakD2=0
  nvertices=143490
  Gdiag_no=-1
  vno start=0, stop=143490
Replacing 255s with 0s
#SI# sigma=2 had to be increased for 163 vertices, nripped=8595
mean border=91.8, 121 (121) missing vertices, mean dist 0.4 [1.1 (%14.7)->0.7 (%85.3))]
%64 local maxima, %30 large gradients and % 0 min vals, 0 gradients ignored
nFirstPeakD1 0
MRIScomputeBorderValues_new() finished in 0.0167 min


Finding expansion regions
mean absolute distance = 0.73 +- 1.00
3989 vertices more than 2 sigmas from mean.
Averaging target values for 5 iterations...
Positioning Surface: tspring = 0.3, nspring = 0.3, spring = 0, niters = 100 l_repulse = 5, l_surf_repulse = 0, checktol = 0
Positioning pial surface
Entering MRISpositionSurface()
  max_mm = 0.3
  MAX_REDUCTIONS = 2, REDUCTION_PCT = 0.5
  parms->check_tol = 0, niterations = 100
tol=1.0e-04, sigma=2.0, host=dna05, nav=4, nbrs=2, l_repulse=5.000, l_tspring=0.300, l_nspring=0.300, l_intensity=0.200, l_curv=1.000
mom=0.00, dt=0.50
complete_dist_mat 0
rms 0
smooth_averages 0
remove_neg 0
ico_order 0
which_surface 0
target_radius 0.000000
nfields 0
scale 0.000000
desired_rms_height 0.000000
momentum 0.000000
nbhd_size 0
max_nbrs 0
niterations 100
nsurfaces 0
SURFACES 3
flags 0 (0)
use curv 0
no sulc 0
no rigid align 0
mris->nsize 2
mris->hemisphere 0
randomSeed 0

000: dt: 0.0000, sse=896297.1, rms=5.068
001: dt: 0.5000, sse=464951.1, rms=3.127 (38.308%)
002: dt: 0.5000, sse=322945.1, rms=2.116 (32.316%)
003: dt: 0.5000, sse=275056.1, rms=1.627 (23.139%)
004: dt: 0.5000, sse=254762.6, rms=1.361 (16.325%)
005: dt: 0.5000, sse=244624.2, rms=1.211 (11.046%)
006: dt: 0.5000, sse=240570.5, rms=1.123 (7.279%)
rms = 1.0789/1.1225, sse=239120.5/240570.5, time step reduction 1 of 3 to 0.250  0 0 1
007: dt: 0.5000, sse=239120.5, rms=1.079 (3.886%)
008: dt: 0.2500, sse=233571.0, rms=0.962 (10.792%)
rms = 0.9408/0.9625, sse=233412.2/233571.0, time step reduction 2 of 3 to 0.125  0 0 1
009: dt: 0.2500, sse=233412.2, rms=0.941 (2.248%)
rms = 0.9321/0.9408, sse=232994.1/233412.2, time step reduction 3 of 3 to 0.062  0 0 1
010: dt: 0.1250, sse=232994.1, rms=0.932 (0.927%)
  maximum number of reductions reached, breaking from loop
positioning took 1.0 minutes
Iteration 1 =========================================
n_averages=2, current_sigma=1
Computing target border values 
Entering MRIScomputeBorderValues_new(): 
  inside_hi   = 120.0000000;
  border_hi   = 110.1072920;
  border_low  =  85.0000000;
  outside_low =  76.5482250;
  outside_hi  = 110.1072920;
  sigma = 1;
  max_thickness = 10;
  step_size=0.5;
  STEP_SIZE=0.1;
  which = 1
  thresh = 0
  flags = 0
  CBVfindFirstPeakD1=0
  CBVfindFirstPeakD2=0
  nvertices=143490
  Gdiag_no=-1
  vno start=0, stop=143490
Replacing 255s with 0s
#SI# sigma=1 had to be increased for 84 vertices, nripped=8595
mean border=93.6, 99 (50) missing vertices, mean dist -0.3 [0.5 (%71.1)->0.3 (%28.9))]
%74 local maxima, %20 large gradients and % 0 min vals, 0 gradients ignored
nFirstPeakD1 0
MRIScomputeBorderValues_new() finished in 0.0123 min


Finding expansion regions
mean absolute distance = 0.43 +- 0.76
3651 vertices more than 2 sigmas from mean.
Averaging target values for 5 iterations...
Positioning Surface: tspring = 0.3, nspring = 0.3, spring = 0, niters = 100 l_repulse = 5, l_surf_repulse = 0, checktol = 0
Positioning pial surface
Entering MRISpositionSurface()
  max_mm = 0.3
  MAX_REDUCTIONS = 2, REDUCTION_PCT = 0.5
  parms->check_tol = 0, niterations = 100
tol=1.0e-04, sigma=1.0, host=dna05, nav=2, nbrs=2, l_repulse=5.000, l_tspring=0.300, l_nspring=0.300, l_intensity=0.200, l_curv=1.000
mom=0.00, dt=0.50
000: dt: 0.0000, sse=439747.7, rms=2.805
011: dt: 0.5000, sse=300585.4, rms=1.663 (40.718%)
012: dt: 0.5000, sse=265656.2, rms=1.229 (26.105%)
013: dt: 0.5000, sse=253686.7, rms=1.035 (15.765%)
014: dt: 0.5000, sse=248300.4, rms=0.931 (10.099%)
rms = 0.8967/0.9306, sse=246945.2/248300.4, time step reduction 1 of 3 to 0.250  0 0 1
015: dt: 0.5000, sse=246945.2, rms=0.897 (3.648%)
016: dt: 0.2500, sse=242902.2, rms=0.784 (12.571%)
rms = 0.7734/0.7839, sse=241901.4/242902.2, time step reduction 2 of 3 to 0.125  0 0 1
017: dt: 0.2500, sse=241901.4, rms=0.773 (1.342%)
rms = 0.7698/0.7734, sse=242107.0/241901.4, time step reduction 3 of 3 to 0.062  0 1 1
018: dt: 0.1250, sse=242107.0, rms=0.770 (0.469%)
  maximum number of reductions reached, breaking from loop
positioning took 0.8 minutes
Iteration 2 =========================================
n_averages=1, current_sigma=0.5
Computing target border values 
Entering MRIScomputeBorderValues_new(): 
  inside_hi   = 120.0000000;
  border_hi   = 110.1072920;
  border_low  =  85.0000000;
  outside_low =  76.5482250;
  outside_hi  = 110.1072920;
  sigma = 0.5;
  max_thickness = 10;
  step_size=0.5;
  STEP_SIZE=0.1;
  which = 1
  thresh = 0
  flags = 0
  CBVfindFirstPeakD1=0
  CBVfindFirstPeakD2=0
  nvertices=143490
  Gdiag_no=-1
  vno start=0, stop=143490
Replacing 255s with 0s
#SI# sigma=0.5 had to be increased for 54 vertices, nripped=8595
mean border=95.1, 86 (39) missing vertices, mean dist -0.2 [0.4 (%70.1)->0.2 (%29.9))]
%82 local maxima, %12 large gradients and % 0 min vals, 0 gradients ignored
nFirstPeakD1 0
MRIScomputeBorderValues_new() finished in 0.0071 min


Finding expansion regions
mean absolute distance = 0.34 +- 0.55
4205 vertices more than 2 sigmas from mean.
Averaging target values for 5 iterations...
Positioning Surface: tspring = 0.3, nspring = 0.3, spring = 0, niters = 100 l_repulse = 5, l_surf_repulse = 0, checktol = 0
Positioning pial surface
Entering MRISpositionSurface()
  max_mm = 0.3
  MAX_REDUCTIONS = 2, REDUCTION_PCT = 0.5
  parms->check_tol = 0, niterations = 100
tol=1.0e-04, sigma=0.5, host=dna05, nav=1, nbrs=2, l_repulse=5.000, l_tspring=0.300, l_nspring=0.300, l_intensity=0.200, l_curv=1.000
mom=0.00, dt=0.50
000: dt: 0.0000, sse=342691.8, rms=2.151
019: dt: 0.5000, sse=256716.7, rms=1.156 (46.282%)
020: dt: 0.5000, sse=241025.5, rms=0.872 (24.532%)
rms = 0.8223/0.8721, sse=239373.5/241025.5, time step reduction 1 of 3 to 0.250  0 0 1
021: dt: 0.5000, sse=239373.5, rms=0.822 (5.711%)
022: dt: 0.2500, sse=233946.4, rms=0.724 (11.987%)
rms = 0.7175/0.7237, sse=233491.7/233946.4, time step reduction 2 of 3 to 0.125  0 0 1
023: dt: 0.2500, sse=233491.7, rms=0.717 (0.864%)
rms = 0.7128/0.7175, sse=233098.5/233491.7, time step reduction 3 of 3 to 0.062  0 0 1
024: dt: 0.1250, sse=233098.5, rms=0.713 (0.655%)
  maximum number of reductions reached, breaking from loop
positioning took 0.6 minutes
Iteration 3 =========================================
n_averages=0, current_sigma=0.25
Computing target border values 
Entering MRIScomputeBorderValues_new(): 
  inside_hi   = 120.0000000;
  border_hi   = 110.1072920;
  border_low  =  85.0000000;
  outside_low =  76.5482250;
  outside_hi  = 110.1072920;
  sigma = 0.25;
  max_thickness = 10;
  step_size=0.5;
  STEP_SIZE=0.1;
  which = 1
  thresh = 0
  flags = 0
  CBVfindFirstPeakD1=0
  CBVfindFirstPeakD2=0
  nvertices=143490
  Gdiag_no=-1
  vno start=0, stop=143490
Replacing 255s with 0s
#SI# sigma=0.25 had to be increased for 72 vertices, nripped=8595
mean border=95.6, 110 (39) missing vertices, mean dist -0.1 [0.3 (%57.6)->0.2 (%42.4))]
%86 local maxima, % 8 large gradients and % 0 min vals, 0 gradients ignored
nFirstPeakD1 0
MRIScomputeBorderValues_new() finished in 0.0047 min


Finding expansion regions
mean absolute distance = 0.28 +- 0.43
4050 vertices more than 2 sigmas from mean.
Averaging target values for 5 iterations...
Positioning Surface: tspring = 0.3, nspring = 0.3, spring = 0, niters = 100 l_repulse = 5, l_surf_repulse = 0, checktol = 0
Positioning pial surface
Entering MRISpositionSurface()
  max_mm = 0.3
  MAX_REDUCTIONS = 2, REDUCTION_PCT = 0.5
  parms->check_tol = 0, niterations = 100
tol=1.0e-04, sigma=0.2, host=dna05, nav=0, nbrs=2, l_repulse=5.000, l_tspring=0.300, l_nspring=0.300, l_intensity=0.200, l_curv=1.000
mom=0.00, dt=0.50
000: dt: 0.0000, sse=247485.6, rms=1.109
025: dt: 0.5000, sse=229755.3, rms=0.666 (39.922%)
rms = 0.6885/0.6660, sse=228667.5/229755.3, time step reduction 1 of 3 to 0.250  0 0 1
   RMS increased, rejecting step
026: dt: 0.2500, sse=227338.1, rms=0.615 (7.624%)
rms = 0.6145/0.6153, sse=226395.7/227338.1, time step reduction 2 of 3 to 0.125  0 0 1
027: dt: 0.2500, sse=226395.7, rms=0.615 (0.118%)
rms = 0.5986/0.6145, sse=225548.5/226395.7, time step reduction 3 of 3 to 0.062  0 0 1
028: dt: 0.1250, sse=225548.5, rms=0.599 (2.590%)
  maximum number of reductions reached, breaking from loop
positioning took 0.4 minutes


Writing output to ../surf/lh.white
#ET# mris_place_surface  2.86 minutes
#VMPC# mris_place_surfaces VmPeak  3138436
mris_place_surface done
#--------------------------------------------
#@# T1PialSurf lh Fri Mar 13 07:38:10 CET 2026
cd /out/sourcedata/freesurfer/sub-v2s4x29614_ses-1/mri
mris_place_surface --adgws-in ../surf/autodet.gw.stats.lh.dat --seg aseg.presurf.mgz --threads 16 --wm wm.mgz --invol brain.finalsurfs.mgz --lh --i ../surf/lh.white --o ../surf/lh.pial.T1 --pial --nsmooth 0 --rip-label ../label/lh.cortex+hipamyg.label --pin-medial-wall ../label/lh.cortex.label --aparc ../label/lh.aparc.annot --repulse-surf ../surf/lh.white --white-surf ../surf/lh.white
7.3.2
7.3.2

cd /out/sourcedata/freesurfer/sub-v2s4x29614_ses-1/mri
setenv SUBJECTS_DIR /out/sourcedata/freesurfer
mris_place_surface --adgws-in ../surf/autodet.gw.stats.lh.dat --seg aseg.presurf.mgz --threads 16 --wm wm.mgz --invol brain.finalsurfs.mgz --lh --i ../surf/lh.white --o ../surf/lh.pial.T1 --pial --nsmooth 0 --rip-label ../label/lh.cortex+hipamyg.label --pin-medial-wall ../label/lh.cortex.label --aparc ../label/lh.aparc.annot --repulse-surf ../surf/lh.white --white-surf ../surf/lh.white 

Reading in input surface ../surf/lh.white
Not smoothing input surface
Area    286976  0.34223  0.13322 0.000596   2.0302
Corner  860928 60.00000 14.92772 0.398538 177.9095
Edge    430464  0.90071  0.21673 0.012383   3.4779
Hinge   430464  9.36865 10.37586 0.000063 179.8784
Reading white surface coordinates from ../surf/lh.white
Reading repulsion surface coordinates from ../surf/lh.white
Reading in aparc ../label/lh.aparc.annot
Reading in input volume brain.finalsurfs.mgz
Reading in wm volume wm.mgz
MRIclipBrightWM(): nthresh=17420, wmmin=5, clip=110 
MRIfindBrightNonWM(): 24 bright non-wm voxels segmented.
Masking bright non-wm for pial surface mid_gray = 79.7687
MRImask(): AllowDiffGeom = 1
MRImask(): AllowDiffGeom = 1
MRImask(): AllowDiffGeom = 1
Reading in seg volume aseg.presurf.mgz
Ripping frozen voxels
Ripping vertices not in label ../label/lh.cortex+hipamyg.label
MRISripNotLabel() ripped 6269/143490 vertices (137221 unripped)
INFO: rip surface needed but not specified, so using input surface
Ripping segs (eg, WMSA, BG, frozen)
Starting MRISripSegs() d = (-2 2 0.5) segnos: 247 
MRISripSegs(): -2 2 0.5 ripped 0
vertex 71745: xyz = (-5.04882,8.77901,55.4834) oxyz = (-5.04882,8.77901,55.4834) wxzy = (-5.04882,8.77901,55.4834) pxyz = (-5.04882,8.77901,55.4834) 
CBVO Creating mask 143490
n_averages 16
Iteration 0 =========================================
n_averages=16, current_sigma=2
Computing target border values 
Entering MRIScomputeBorderValues_new(): 
  inside_hi   =  99.8927080;
  border_hi   =  76.5482250;
  border_low  =  59.6446690;
  outside_low =  10.0000000;
  outside_hi  =  72.3223340;
  sigma = 2;
  max_thickness = 10;
  step_size=0.5;
  STEP_SIZE=0.1;
  which = 2
  thresh = 0
  flags = 0
  CBVfindFirstPeakD1=0
  CBVfindFirstPeakD2=0
  nvertices=143490
  Gdiag_no=-1
  vno start=0, stop=143490
Replacing 255s with 0s
#SI# sigma=2 had to be increased for 229 vertices, nripped=6269
mean border=74.8, 216 (216) missing vertices, mean dist 1.7 [3.6 (%0.0)->3.2 (%100.0))]
%17 local maxima, %35 large gradients and %44 min vals, 0 gradients ignored
nFirstPeakD1 0
MRIScomputeBorderValues_new() finished in 0.0151 min


Averaging target values for 5 iterations...
Positioning Surface: tspring = 0.3, nspring = 0.3, spring = 0, niters = 100 l_repulse = 0, l_surf_repulse = 5, checktol = 0
Positioning pial surface
Entering MRISpositionSurface()
  max_mm = 0.3
  MAX_REDUCTIONS = 2, REDUCTION_PCT = 0.5
  parms->check_tol = 0, niterations = 100
tol=1.0e-04, sigma=2.0, host=dna05, nav=16, nbrs=2, l_surf_repulse=5.000, l_tspring=0.300, l_nspring=0.300, l_intensity=0.200, l_curv=1.000
mom=0.00, dt=0.50
complete_dist_mat 0
rms 0
smooth_averages 0
remove_neg 0
ico_order 0
which_surface 0
target_radius 0.000000
nfields 0
scale 0.000000
desired_rms_height 0.000000
momentum 0.000000
nbhd_size 0
max_nbrs 0
niterations 100
nsurfaces 0
SURFACES 3
flags 0 (0)
use curv 0
no sulc 0
no rigid align 0
mris->nsize 2
mris->hemisphere 0
randomSeed 0

000: dt: 0.0000, sse=13026098.0, rms=21.627
001: dt: 0.5000, sse=10052250.0, rms=18.952 (12.369%)
002: dt: 0.5000, sse=7761229.5, rms=16.599 (12.418%)
003: dt: 0.5000, sse=6081669.5, rms=14.633 (11.841%)
004: dt: 0.5000, sse=4890938.5, rms=13.061 (10.749%)
005: dt: 0.5000, sse=4025497.5, rms=11.785 (9.770%)
006: dt: 0.5000, sse=3349703.0, rms=10.681 (9.365%)
007: dt: 0.5000, sse=2808261.2, rms=9.705 (9.136%)
008: dt: 0.5000, sse=2350358.0, rms=8.794 (9.383%)
009: dt: 0.5000, sse=1959716.5, rms=7.935 (9.776%)
010: dt: 0.5000, sse=1616854.9, rms=7.094 (10.597%)
011: dt: 0.5000, sse=1333163.6, rms=6.313 (11.006%)
012: dt: 0.5000, sse=1099651.8, rms=5.588 (11.482%)
013: dt: 0.5000, sse=921998.3, rms=4.966 (11.138%)
014: dt: 0.5000, sse=789583.0, rms=4.444 (10.503%)
015: dt: 0.5000, sse=698922.2, rms=4.047 (8.937%)
016: dt: 0.5000, sse=637446.5, rms=3.753 (7.280%)
017: dt: 0.5000, sse=600733.2, rms=3.563 (5.047%)
018: dt: 0.5000, sse=575000.4, rms=3.423 (3.931%)
019: dt: 0.5000, sse=559584.4, rms=3.334 (2.594%)
020: dt: 0.5000, sse=548075.6, rms=3.266 (2.048%)
rms = 3.2241/3.2660, sse=541369.3/548075.5, time step reduction 1 of 3 to 0.250  0 0 1
021: dt: 0.5000, sse=541369.3, rms=3.224 (1.282%)
022: dt: 0.2500, sse=462426.1, rms=2.716 (15.748%)
023: dt: 0.2500, sse=446496.7, rms=2.603 (4.168%)
rms = 2.5905/2.6031, sse=445040.7/446496.7, time step reduction 2 of 3 to 0.125  0 0 1
024: dt: 0.2500, sse=445040.7, rms=2.591 (0.485%)
025: dt: 0.1250, sse=436238.9, rms=2.524 (2.570%)
rms = 2.5077/2.5239, sse=434160.4/436238.9, time step reduction 3 of 3 to 0.062  0 0 1
026: dt: 0.1250, sse=434160.4, rms=2.508 (0.642%)
  maximum number of reductions reached, breaking from loop
positioning took 2.1 minutes
Iteration 1 =========================================
n_averages=8, current_sigma=1
Computing target border values 
Entering MRIScomputeBorderValues_new(): 
  inside_hi   =  99.8927080;
  border_hi   =  76.5482250;
  border_low  =  59.6446690;
  outside_low =  10.0000000;
  outside_hi  =  72.3223340;
  sigma = 1;
  max_thickness = 10;
  step_size=0.5;
  STEP_SIZE=0.1;
  which = 2
  thresh = 0
  flags = 0
  CBVfindFirstPeakD1=0
  CBVfindFirstPeakD2=0
  nvertices=143490
  Gdiag_no=-1
  vno start=0, stop=143490
Replacing 255s with 0s
#SI# sigma=1 had to be increased for 14363 vertices, nripped=6269
mean border=73.9, 1887 (45) missing vertices, mean dist 0.1 [0.1 (%41.0)->0.5 (%59.0))]
%29 local maxima, %26 large gradients and %39 min vals, 0 gradients ignored
nFirstPeakD1 0
MRIScomputeBorderValues_new() finished in 0.0049 min


Averaging target values for 5 iterations...
Positioning Surface: tspring = 0.3, nspring = 0.3, spring = 0, niters = 100 l_repulse = 0, l_surf_repulse = 5, checktol = 0
Positioning pial surface
Entering MRISpositionSurface()
  max_mm = 0.3
  MAX_REDUCTIONS = 2, REDUCTION_PCT = 0.5
  parms->check_tol = 0, niterations = 100
tol=1.0e-04, sigma=1.0, host=dna05, nav=8, nbrs=2, l_surf_repulse=5.000, l_tspring=0.300, l_nspring=0.300, l_intensity=0.200, l_curv=1.000
mom=0.00, dt=0.50
000: dt: 0.0000, sse=588089.4, rms=3.107
027: dt: 0.5000, sse=568874.8, rms=2.989 (3.786%)
028: dt: 0.5000, sse=553188.6, rms=2.904 (2.829%)
rms = 3.0532/2.9045, sse=577583.0/553188.7, time step reduction 1 of 3 to 0.250  0 1 1
   RMS increased, rejecting step
029: dt: 0.2500, sse=505442.5, rms=2.577 (11.287%)
030: dt: 0.2500, sse=491400.7, rms=2.469 (4.178%)
rms = 2.4528/2.4690, sse=489455.1/491400.7, time step reduction 2 of 3 to 0.125  0 0 1
031: dt: 0.2500, sse=489455.1, rms=2.453 (0.658%)
032: dt: 0.1250, sse=480469.6, rms=2.382 (2.902%)
rms = 2.3763/2.3816, sse=479869.3/480469.6, time step reduction 3 of 3 to 0.062  0 0 1
033: dt: 0.1250, sse=479869.3, rms=2.376 (0.220%)
  maximum number of reductions reached, breaking from loop
positioning took 0.6 minutes
Iteration 2 =========================================
n_averages=4, current_sigma=0.5
Computing target border values 
Entering MRIScomputeBorderValues_new(): 
  inside_hi   =  99.8927080;
  border_hi   =  76.5482250;
  border_low  =  59.6446690;
  outside_low =  10.0000000;
  outside_hi  =  72.3223340;
  sigma = 0.5;
  max_thickness = 10;
  step_size=0.5;
  STEP_SIZE=0.1;
  which = 2
  thresh = 0
  flags = 0
  CBVfindFirstPeakD1=0
  CBVfindFirstPeakD2=0
  nvertices=143490
  Gdiag_no=-1
  vno start=0, stop=143490
Replacing 255s with 0s
#SI# sigma=0.5 had to be increased for 15910 vertices, nripped=6269
mean border=73.6, 2084 (32) missing vertices, mean dist 0.1 [0.2 (%41.8)->0.4 (%58.2))]
%39 local maxima, %16 large gradients and %39 min vals, 0 gradients ignored
nFirstPeakD1 0
MRIScomputeBorderValues_new() finished in 0.0022 min


Averaging target values for 5 iterations...
Positioning Surface: tspring = 0.3, nspring = 0.3, spring = 0, niters = 100 l_repulse = 0, l_surf_repulse = 5, checktol = 0
Positioning pial surface
Entering MRISpositionSurface()
  max_mm = 0.3
  MAX_REDUCTIONS = 2, REDUCTION_PCT = 0.5
  parms->check_tol = 0, niterations = 100
tol=1.0e-04, sigma=0.5, host=dna05, nav=4, nbrs=2, l_surf_repulse=5.000, l_tspring=0.300, l_nspring=0.300, l_intensity=0.200, l_curv=1.000
mom=0.00, dt=0.50
000: dt: 0.0000, sse=498080.0, rms=2.483
rms = 2.5648/2.4827, sse=508710.2/498080.0, time step reduction 1 of 3 to 0.250  0 1 1
   RMS increased, rejecting step
034: dt: 0.2500, sse=481996.0, rms=2.360 (4.940%)
035: dt: 0.2500, sse=473931.7, rms=2.298 (2.649%)
rms = 2.3238/2.2975, sse=477091.0/473931.7, time step reduction 2 of 3 to 0.125  0 1 1
   RMS increased, rejecting step
rms = 2.2849/2.2975, sse=472426.4/473931.7, time step reduction 3 of 3 to 0.062  0 0 1
036: dt: 0.1250, sse=472426.4, rms=2.285 (0.548%)
  maximum number of reductions reached, breaking from loop
positioning took 0.3 minutes
Iteration 3 =========================================
n_averages=2, current_sigma=0.25
Computing target border values 
Entering MRIScomputeBorderValues_new(): 
  inside_hi   =  99.8927080;
  border_hi   =  76.5482250;
  border_low  =  59.6446690;
  outside_low =  10.0000000;
  outside_hi  =  72.3223340;
  sigma = 0.25;
  max_thickness = 10;
  step_size=0.5;
  STEP_SIZE=0.1;
  which = 2
  thresh = 0
  flags = 0
  CBVfindFirstPeakD1=0
  CBVfindFirstPeakD2=0
  nvertices=143490
  Gdiag_no=-1
  vno start=0, stop=143490
Replacing 255s with 0s
#SI# sigma=0.25 had to be increased for 12852 vertices, nripped=6269
mean border=73.2, 5850 (32) missing vertices, mean dist 0.1 [0.2 (%43.5)->0.3 (%56.5))]
%42 local maxima, %12 large gradients and %37 min vals, 0 gradients ignored
nFirstPeakD1 0
MRIScomputeBorderValues_new() finished in 0.0022 min


Averaging target values for 5 iterations...
Positioning Surface: tspring = 0.3, nspring = 0.3, spring = 0, niters = 100 l_repulse = 0, l_surf_repulse = 5, checktol = 0
Positioning pial surface
Entering MRISpositionSurface()
  max_mm = 0.3
  MAX_REDUCTIONS = 2, REDUCTION_PCT = 0.5
  parms->check_tol = 0, niterations = 100
tol=1.0e-04, sigma=0.2, host=dna05, nav=2, nbrs=2, l_surf_repulse=5.000, l_tspring=0.300, l_nspring=0.300, l_intensity=0.200, l_curv=1.000
mom=0.00, dt=0.50
000: dt: 0.0000, sse=479494.1, rms=2.343
rms = 2.4578/2.3429, sse=492780.9/479494.1, time step reduction 1 of 3 to 0.250  0 1 1
   RMS increased, rejecting step
037: dt: 0.2500, sse=469893.2, rms=2.267 (3.260%)
rms = 2.2267/2.2665, sse=464277.4/469893.2, time step reduction 2 of 3 to 0.125  0 0 1
038: dt: 0.2500, sse=464277.4, rms=2.227 (1.758%)
rms = 2.2024/2.2267, sse=461484.9/464277.4, time step reduction 3 of 3 to 0.062  0 0 1
039: dt: 0.1250, sse=461484.9, rms=2.202 (1.090%)
  maximum number of reductions reached, breaking from loop
positioning took 0.3 minutes
Pinning medial wall to white surface
removing intersecting faces
000: 17 intersecting
terminating search with 0 intersecting


Writing output to ../surf/lh.pial.T1
#ET# mris_place_surface  3.47 minutes
#VMPC# mris_place_surfaces VmPeak  2444540
mris_place_surface done
#@# white curv lh Fri Mar 13 07:41:45 CET 2026
cd /out/sourcedata/freesurfer/sub-v2s4x29614_ses-1/mri
mris_place_surface --curv-map ../surf/lh.white 2 10 ../surf/lh.curv
insurf  ../surf/lh.white, nbrs 2, curvature_avgs 10
writing curvature file ../surf/lh.curv
#@# white area lh Fri Mar 13 07:41:47 CET 2026
cd /out/sourcedata/freesurfer/sub-v2s4x29614_ses-1/mri
mris_place_surface --area-map ../surf/lh.white ../surf/lh.area
writing curvature file ../surf/lh.area
#@# pial curv lh Fri Mar 13 07:41:48 CET 2026
cd /out/sourcedata/freesurfer/sub-v2s4x29614_ses-1/mri
mris_place_surface --curv-map ../surf/lh.pial 2 10 ../surf/lh.curv.pial
insurf  ../surf/lh.pial, nbrs 2, curvature_avgs 10
writing curvature file ../surf/lh.curv.pial
#@# pial area lh Fri Mar 13 07:41:50 CET 2026
cd /out/sourcedata/freesurfer/sub-v2s4x29614_ses-1/mri
mris_place_surface --area-map ../surf/lh.pial ../surf/lh.area.pial
writing curvature file ../surf/lh.area.pial
#@# thickness lh Fri Mar 13 07:41:51 CET 2026
cd /out/sourcedata/freesurfer/sub-v2s4x29614_ses-1/mri
mris_place_surface --thickness ../surf/lh.white ../surf/lh.pial 20 5 ../surf/lh.thickness
0 of 143490 vertices processed
25000 of 143490 vertices processed
50000 of 143490 vertices processed
75000 of 143490 vertices processed
100000 of 143490 vertices processed
125000 of 143490 vertices processed
0 of 143490 vertices processed
25000 of 143490 vertices processed
50000 of 143490 vertices processed
75000 of 143490 vertices processed
100000 of 143490 vertices processed
125000 of 143490 vertices processed
thickness calculation complete, 827:2704 truncations.
62799 vertices at 0 distance
109514 vertices at 1 distance
68191 vertices at 2 distance
27771 vertices at 3 distance
10914 vertices at 4 distance
4282 vertices at 5 distance
1806 vertices at 6 distance
766 vertices at 7 distance
347 vertices at 8 distance
200 vertices at 9 distance
107 vertices at 10 distance
56 vertices at 11 distance
49 vertices at 12 distance
37 vertices at 13 distance
31 vertices at 14 distance
22 vertices at 15 distance
28 vertices at 16 distance
29 vertices at 17 distance
10 vertices at 18 distance
10 vertices at 19 distance
11 vertices at 20 distance
writing curvature file ../surf/lh.thickness
#@# area and vertex vol lh Fri Mar 13 07:42:23 CET 2026
cd /out/sourcedata/freesurfer/sub-v2s4x29614_ses-1/mri
mris_place_surface --thickness ../surf/lh.white ../surf/lh.pial 20 5 ../surf/lh.thickness
/out/sourcedata/freesurfer/sub-v2s4x29614_ses-1/surf
mris_calc -o lh.area.mid lh.area add lh.area.pial
Saving result to 'lh.area.mid' (type = MRI_CURV_FILE)                       [ ok ]
mris_calc -o lh.area.mid lh.area.mid div 2
Saving result to 'lh.area.mid' (type = MRI_CURV_FILE)                       [ ok ]
mris_convert --volume sub-v2s4x29614_ses-1 lh /out/sourcedata/freesurfer/sub-v2s4x29614_ses-1/surf/lh.volume
masking with /out/sourcedata/freesurfer/sub-v2s4x29614_ses-1/label/lh.cortex.label
Total face volume 292076
Total vertex volume 291885 (mask=0)
#@# sub-v2s4x29614_ses-1 lh 291885
 
vertexvol Done

#-----------------------------------------
#@# Curvature Stats lh Fri Mar 13 07:42:25 CET 2026
/out/sourcedata/freesurfer/sub-v2s4x29614_ses-1/surf

 mris_curvature_stats -m --writeCurvatureFiles -G -o ../stats/lh.curv.stats -F smoothwm sub-v2s4x29614_ses-1 lh curv sulc 

             Toggling save flag on curvature files                       [ ok ]
                 Outputting results using filestem   [ ../stats/lh.curv.stats ]
             Toggling save flag on curvature files                       [ ok ]
                                   Setting surface [ sub-v2s4x29614_ses-1/lh.smoothwm ]
                                Reading surface...                       [ ok ]
                                   Setting texture                     [ curv ]
                                Reading texture...                       [ ok ]
                                   Setting texture                     [ sulc ]
                                Reading texture...Gb_filter = 0
                       [ ok ]
      Calculating Discrete Principal Curvatures...
      Determining geometric order for vno faces... [####################] [ ok ]
                      Determining KH curvatures... [####################] [ ok ]
                    Determining k1k2 curvatures... [####################] [ ok ]
                                   deltaViolations                      [ 260 ]
Gb_filter = 0
#-----------------------------------------
#@# Cortical Parc 2 lh Fri Mar 13 07:42:28 CET 2026
/out/sourcedata/freesurfer/sub-v2s4x29614_ses-1/scripts

 mris_ca_label -l ../label/lh.cortex.label -aseg ../mri/aseg.presurf.mgz -seed 1234 sub-v2s4x29614_ses-1 lh ../surf/lh.sphere.reg /opt/freesurfer/average/lh.CDaparc.atlas.acfb40.noaparc.i12.2016-08-02.gcs ../label/lh.aparc.a2009s.annot 

setting seed for random number generator to 1234
using ../mri/aseg.presurf.mgz aseg volume to correct midline
7.3.2
  7.3.2
reading atlas from /opt/freesurfer/average/lh.CDaparc.atlas.acfb40.noaparc.i12.2016-08-02.gcs...
reading color table from GCSA file....
average std = 3.0   using min determinant for regularization = 0.088
0 singular and 0 ill-conditioned covariance matrices regularized
input 0: MEAN CURVATURE, flags 0, avgs 5, name mean_curvature
labeling surface...
34 labels changed using aseg
relabeling using gibbs priors...
000:   9835 changed, 143490 examined...
001:   2237 changed, 37855 examined...
002:    652 changed, 11966 examined...
003:    247 changed, 3792 examined...
004:    106 changed, 1471 examined...
005:     52 changed, 623 examined...
006:     21 changed, 303 examined...
007:      9 changed, 118 examined...
008:      7 changed, 54 examined...
009:      1 changed, 39 examined...
010:      1 changed, 7 examined...
011:      0 changed, 8 examined...
35 labels changed using aseg
000: 257 total segments, 173 labels (2222 vertices) changed
001: 89 total segments, 5 labels (13 vertices) changed
002: 84 total segments, 0 labels (0 vertices) changed
10 filter iterations complete (10 requested, 37 changed)
rationalizing unknown annotations with cortex label
relabeling Medial_wall label...
1144 vertices marked for relabeling...
1144 labels changed in reclassification.
writing output to ../label/lh.aparc.a2009s.annot...
classification took 0 minutes and 16 seconds.
#-----------------------------------------
#@# Cortical Parc 3 lh Fri Mar 13 07:42:44 CET 2026
/out/sourcedata/freesurfer/sub-v2s4x29614_ses-1/scripts

 mris_ca_label -l ../label/lh.cortex.label -aseg ../mri/aseg.presurf.mgz -seed 1234 sub-v2s4x29614_ses-1 lh ../surf/lh.sphere.reg /opt/freesurfer/average/lh.DKTaparc.atlas.acfb40.noaparc.i12.2016-08-02.gcs ../label/lh.aparc.DKTatlas.annot 

setting seed for random number generator to 1234
using ../mri/aseg.presurf.mgz aseg volume to correct midline
7.3.2
  7.3.2
reading atlas from /opt/freesurfer/average/lh.DKTaparc.atlas.acfb40.noaparc.i12.2016-08-02.gcs...
reading color table from GCSA file....
average std = 1.4   using min determinant for regularization = 0.020
0 singular and 383 ill-conditioned covariance matrices regularized
input 0: MEAN CURVATURE, flags 0, avgs 5, name mean_curvature
labeling surface...
1724 labels changed using aseg
relabeling using gibbs priors...
000:   1968 changed, 143490 examined...
001:    441 changed, 9236 examined...
002:    144 changed, 2511 examined...
003:     62 changed, 836 examined...
004:     32 changed, 364 examined...
005:     21 changed, 187 examined...
006:     11 changed, 119 examined...
007:      1 changed, 68 examined...
008:      1 changed, 8 examined...
009:      0 changed, 7 examined...
274 labels changed using aseg
000: 48 total segments, 15 labels (67 vertices) changed
001: 33 total segments, 0 labels (0 vertices) changed
10 filter iterations complete (10 requested, 3 changed)
rationalizing unknown annotations with cortex label
relabeling unknown label...
relabeling corpuscallosum label...
778 vertices marked for relabeling...
778 labels changed in reclassification.
writing output to ../label/lh.aparc.DKTatlas.annot...
classification took 0 minutes and 11 seconds.
#-----------------------------------------
#@# WM/GM Contrast lh Fri Mar 13 07:42:55 CET 2026
/out/sourcedata/freesurfer/sub-v2s4x29614_ses-1/scripts

 pctsurfcon --s sub-v2s4x29614_ses-1 --lh-only 

Log file is /out/sourcedata/freesurfer/sub-v2s4x29614_ses-1/scripts/pctsurfcon.log
Fri Mar 13 07:42:56 CET 2026
setenv SUBJECTS_DIR /out/sourcedata/freesurfer
cd /out/sourcedata/freesurfer/sub-v2s4x29614_ses-1/scripts
/opt/freesurfer/bin/pctsurfcon
pctsurfcon 7.3.2
Linux dna050 5.14.0-427.37.1.el9_4.x86_64 #1 SMP PREEMPT_DYNAMIC Fri Sep 13 12:41:50 EDT 2024 x86_64 x86_64 x86_64 GNU/Linux
FREESURFER_HOME /opt/freesurfer
mri_vol2surf --mov /out/sourcedata/freesurfer/sub-v2s4x29614_ses-1/mri/rawavg.mgz --hemi lh --noreshape --interp trilinear --projdist -1 --o /out/sourcedata/freesurfer/sub-v2s4x29614_ses-1/surf/tmp.pctsurfcon.1046925/lh.wm.mgh --regheader sub-v2s4x29614_ses-1 --cortex
srcvol = /out/sourcedata/freesurfer/sub-v2s4x29614_ses-1/mri/rawavg.mgz
srcreg unspecified
srcregold = 0
srcwarp unspecified
surf = white
hemi = lh
ProjDist = -1
reshape = 0
interp = trilinear
float2int = round
GetProjMax = 0
INFO: float2int code = 0
Done loading volume
Computing registration from header.
  Using /out/sourcedata/freesurfer/sub-v2s4x29614_ses-1/mri/orig.mgz as target reference.
-------- original matrix -----------
-0.99815  -0.02312  -0.05626   0.00002;
-0.05683   0.02449   0.99808   0.00001;
 0.02170  -0.99943   0.02576  -0.00002;
 0.00000   0.00000   0.00000   1.00000;
-------- original matrix -----------
Loading label /out/sourcedata/freesurfer/sub-v2s4x29614_ses-1/label/lh.cortex.label
Reading surface /out/sourcedata/freesurfer/sub-v2s4x29614_ses-1/surf/lh.white
Done reading source surface
Mapping Source Volume onto Source Subject Surface
Projecting -1 -1 1
 1 -1 -1 -1
using old
Done mapping volume to surface
Number of source voxels hit = 89528
Masking with /out/sourcedata/freesurfer/sub-v2s4x29614_ses-1/label/lh.cortex.label
Writing to /out/sourcedata/freesurfer/sub-v2s4x29614_ses-1/surf/tmp.pctsurfcon.1046925/lh.wm.mgh
Dim: 143490 1 1
mri_vol2surf --mov /out/sourcedata/freesurfer/sub-v2s4x29614_ses-1/mri/rawavg.mgz --hemi lh --noreshape --interp trilinear --o /out/sourcedata/freesurfer/sub-v2s4x29614_ses-1/surf/tmp.pctsurfcon.1046925/lh.gm.mgh --projfrac 0.3 --regheader sub-v2s4x29614_ses-1 --cortex
srcvol = /out/sourcedata/freesurfer/sub-v2s4x29614_ses-1/mri/rawavg.mgz
srcreg unspecified
srcregold = 0
srcwarp unspecified
surf = white
hemi = lh
ProjFrac = 0.3
thickness = thickness
reshape = 0
interp = trilinear
float2int = round
GetProjMax = 0
INFO: float2int code = 0
Done loading volume
Computing registration from header.
  Using /out/sourcedata/freesurfer/sub-v2s4x29614_ses-1/mri/orig.mgz as target reference.
-------- original matrix -----------
-0.99815  -0.02312  -0.05626   0.00002;
-0.05683   0.02449   0.99808   0.00001;
 0.02170  -0.99943   0.02576  -0.00002;
 0.00000   0.00000   0.00000   1.00000;
-------- original matrix -----------
Loading label /out/sourcedata/freesurfer/sub-v2s4x29614_ses-1/label/lh.cortex.label
Reading surface /out/sourcedata/freesurfer/sub-v2s4x29614_ses-1/surf/lh.white
Done reading source surface
Reading thickness /out/sourcedata/freesurfer/sub-v2s4x29614_ses-1/surf/lh.thickness
Done
Mapping Source Volume onto Source Subject Surface
Projecting 0.3 0.3 1
 1 0.3 0.3 0.3
using old
Done mapping volume to surface
Number of source voxels hit = 101979
Masking with /out/sourcedata/freesurfer/sub-v2s4x29614_ses-1/label/lh.cortex.label
Writing to /out/sourcedata/freesurfer/sub-v2s4x29614_ses-1/surf/tmp.pctsurfcon.1046925/lh.gm.mgh
Dim: 143490 1 1
mri_concat /out/sourcedata/freesurfer/sub-v2s4x29614_ses-1/surf/tmp.pctsurfcon.1046925/lh.wm.mgh /out/sourcedata/freesurfer/sub-v2s4x29614_ses-1/surf/tmp.pctsurfcon.1046925/lh.gm.mgh --paired-diff-norm --mul 100 --o /out/sourcedata/freesurfer/sub-v2s4x29614_ses-1/surf/lh.w-g.pct.mgh
ninputs = 2
Checking inputs
nframestot = 2
Allocing output
Done allocing
Combining pairs
nframes = 1
Multiplying by 100.000000
Writing to /out/sourcedata/freesurfer/sub-v2s4x29614_ses-1/surf/lh.w-g.pct.mgh
mri_segstats --in /out/sourcedata/freesurfer/sub-v2s4x29614_ses-1/surf/lh.w-g.pct.mgh --annot sub-v2s4x29614_ses-1 lh aparc --sum /out/sourcedata/freesurfer/sub-v2s4x29614_ses-1/stats/lh.w-g.pct.stats --snr

7.3.2
cwd 
cmdline mri_segstats --in /out/sourcedata/freesurfer/sub-v2s4x29614_ses-1/surf/lh.w-g.pct.mgh --annot sub-v2s4x29614_ses-1 lh aparc --sum /out/sourcedata/freesurfer/sub-v2s4x29614_ses-1/stats/lh.w-g.pct.stats --snr 
sysname  Linux
hostname dna050
machine  x86_64
user     oesteban
whitesurfname  white
UseRobust  0
Constructing seg from annotation

Reading annotation /out/sourcedata/freesurfer/sub-v2s4x29614_ses-1/label/lh.aparc.annot
Seg base 1000
Loading /out/sourcedata/freesurfer/sub-v2s4x29614_ses-1/surf/lh.w-g.pct.mgh
Vertex Area is 0.684453 mm^3
Generating list of segmentation ids
Found  36 segmentations
Computing statistics for each segmentation

Reporting on  35 segmentations
Using PrintSegStat
mri_segstats done
Cleaning up

Started at Fri Mar 13 07:16:55 CET 2026 
Ended   at Fri Mar 13 07:42:59 CET 2026
#@#%# recon-all-run-time-hours 0.434
recon-all -s sub-v2s4x29614_ses-1 finished without error at Fri Mar 13 07:42:59 CET 2026



#New# invocation of recon-all 




Fri Mar 13 08:13:04 CET 2026
cd /out/sourcedata/freesurfer/sub-v2s4x29614_ses-1
setenv SUBJECTS_DIR /out/sourcedata/freesurfer
/opt/freesurfer/bin/recon-all -autorecon-hemi lh -nohyporelabel -lh-only -openmp 16 -subjid sub-v2s4x29614_ses-1 -sd /out/sourcedata/freesurfer -notessellate -nosmooth1 -noinflate1 -noqsphere -nofix -nowhite -nosmooth2 -noinflate2 -nocurvHK -nocurvstats -nosphere -nosurfreg -nojacobian_white -noavgcurv -nocortparc -nopial -nocortparc2 -nocortparc3 -nopctsurfcon

subjid sub-v2s4x29614_ses-1
setenv SUBJECTS_DIR /out/sourcedata/freesurfer
FREESURFER_HOME /opt/freesurfer
Actual FREESURFER_HOME /opt/freesurfer
build-stamp.txt: freesurfer-linux-ubuntu22_x86_64-7.3.2-20220804-6354275
Linux dna050 5.14.0-427.37.1.el9_4.x86_64 #1 SMP PREEMPT_DYNAMIC Fri Sep 13 12:41:50 EDT 2024 x86_64 x86_64 x86_64 GNU/Linux
cputime      unlimited
filesize     unlimited
datasize     unlimited
stacksize    8192 kbytes
coredumpsize 0 kbytes
memoryuse    67108864 kbytes
vmemoryuse   unlimited
descriptors  1024 
memorylocked unlimited
maxproc      2061970 
maxlocks     unlimited
maxsignal    2061970 
maxmessage   819200 
maxnice      0 
maxrtprio    0 
maxrttime    unlimited

               total        used        free      shared  buff/cache   available
Mem:           503Gi        55Gi       406Gi        12Gi        41Gi       432Gi
Swap:             0B          0B          0B

########################################
program versions used
7.3.2 (freesurfer-linux-ubuntu22_x86_64-7.3.2-20220804-6354275)
7.3.2

ProgramName: lta_convert  ProgramArguments: lta_convert -all-info  ProgramVersion: 7.3.2  TimeStamp: 2026/03/13-07:13:04-GMT  BuildTime: Aug  4 2022 06:17:15  BuildStamp: freesurfer-linux-ubuntu22_x86_64-7.3.2-20220804-6354275  User: oesteban  Machine: dna050  Platform: Linux  PlatformVersion: 5.14.0-427.37.1.el9_4.x86_64  CompilerName: GCC  CompilerVersion: 8.4.0
ProgramName: mri_and  ProgramArguments: mri_and -all-info  ProgramVersion: 7.3.2  TimeStamp: 2026/03/13-07:13:04-GMT  BuildTime: Aug  4 2022 06:17:15  BuildStamp: freesurfer-linux-ubuntu22_x86_64-7.3.2-20220804-6354275  User: oesteban  Machine: dna050  Platform: Linux  PlatformVersion: 5.14.0-427.37.1.el9_4.x86_64  CompilerName: GCC  CompilerVersion: 8.4.0
ProgramName: mri_annotation2label  ProgramArguments: mri_annotation2label -all-info  ProgramVersion: 7.3.2  TimeStamp: 2026/03/13-07:13:04-GMT  BuildTime: Aug  4 2022 06:17:15  BuildStamp: freesurfer-linux-ubuntu22_x86_64-7.3.2-20220804-6354275  User: oesteban  Machine: dna050  Platform: Linux  PlatformVersion: 5.14.0-427.37.1.el9_4.x86_64  CompilerName: GCC  CompilerVersion: 8.4.0
ProgramName: mri_aparc2aseg  ProgramArguments: mri_aparc2aseg -all-info  ProgramVersion: 7.3.2  TimeStamp: 2026/03/13-07:13:04-GMT  BuildTime: Aug  4 2022 06:17:15  BuildStamp: freesurfer-linux-ubuntu22_x86_64-7.3.2-20220804-6354275  User: oesteban  Machine: dna050  Platform: Linux  PlatformVersion: 5.14.0-427.37.1.el9_4.x86_64  CompilerName: GCC  CompilerVersion: 8.4.0
ProgramName: mri_surf2volseg  ProgramArguments: mri_surf2volseg -all-info  ProgramVersion: 7.3.2  TimeStamp: 2026/03/13-07:13:04-GMT  BuildTime: Aug  4 2022 06:17:15  BuildStamp: freesurfer-linux-ubuntu22_x86_64-7.3.2-20220804-6354275  User: oesteban  Machine: dna050  Platform: Linux  PlatformVersion: 5.14.0-427.37.1.el9_4.x86_64  CompilerName: GCC  CompilerVersion: 8.4.0
ProgramName: mri_binarize  ProgramArguments: mri_binarize -all-info  ProgramVersion: 7.3.2  TimeStamp: 2026/03/13-07:13:04-GMT  BuildTime: Aug  4 2022 06:17:15  BuildStamp: freesurfer-linux-ubuntu22_x86_64-7.3.2-20220804-6354275  User: oesteban  Machine: dna050  Platform: Linux  PlatformVersion: 5.14.0-427.37.1.el9_4.x86_64  CompilerName: GCC  CompilerVersion: 8.4.0
ProgramName: mri_ca_label  ProgramArguments: mri_ca_label -all-info  ProgramVersion: 7.3.2  TimeStamp: 2026/03/13-07:13:04-GMT  BuildTime: Aug  4 2022 06:17:15  BuildStamp: freesurfer-linux-ubuntu22_x86_64-7.3.2-20220804-6354275  User: oesteban  Machine: dna050  Platform: Linux  PlatformVersion: 5.14.0-427.37.1.el9_4.x86_64  CompilerName: GCC  CompilerVersion: 8.4.0
ProgramName: mri_ca_normalize  ProgramArguments: mri_ca_normalize -all-info  ProgramVersion: 7.3.2  TimeStamp: 2026/03/13-07:13:04-GMT  BuildTime: Aug  4 2022 06:17:15  BuildStamp: freesurfer-linux-ubuntu22_x86_64-7.3.2-20220804-6354275  User: oesteban  Machine: dna050  Platform: Linux  PlatformVersion: 5.14.0-427.37.1.el9_4.x86_64  CompilerName: GCC  CompilerVersion: 8.4.0
ProgramName: mri_ca_register  ProgramArguments: mri_ca_register -all-info  ProgramVersion: 7.3.2  TimeStamp: 2026/03/13-07:13:04-GMT  BuildTime: Aug  4 2022 06:17:15  BuildStamp: freesurfer-linux-ubuntu22_x86_64-7.3.2-20220804-6354275  User: oesteban  Machine: dna050  Platform: Linux  PlatformVersion: 5.14.0-427.37.1.el9_4.x86_64  CompilerName: GCC  CompilerVersion: 8.4.0
ProgramName: mri_cc  ProgramArguments: mri_cc -all-info  ProgramVersion: 7.3.2  TimeStamp: 2026/03/13-07:13:04-GMT  BuildTime: Aug  4 2022 06:17:15  BuildStamp: freesurfer-linux-ubuntu22_x86_64-7.3.2-20220804-6354275  User: oesteban  Machine: dna050  Platform: Linux  PlatformVersion: 5.14.0-427.37.1.el9_4.x86_64  CompilerName: GCC  CompilerVersion: 8.4.0
ProgramName: mri_compute_overlap  ProgramArguments: mri_compute_overlap -all-info  ProgramVersion: 7.3.2  TimeStamp: 2026/03/13-07:13:04-GMT  BuildTime: Aug  4 2022 06:17:15  BuildStamp: freesurfer-linux-ubuntu22_x86_64-7.3.2-20220804-6354275  User: oesteban  Machine: dna050  Platform: Linux  PlatformVersion: 5.14.0-427.37.1.el9_4.x86_64  CompilerName: GCC  CompilerVersion: 8.4.0
ProgramName: mri_compute_seg_overlap  ProgramArguments: mri_compute_seg_overlap -all-info  ProgramVersion: 7.3.2  TimeStamp: 2026/03/13-07:13:04-GMT  BuildTime: Aug  4 2022 06:17:15  BuildStamp: freesurfer-linux-ubuntu22_x86_64-7.3.2-20220804-6354275  User: oesteban  Machine: dna050  Platform: Linux  PlatformVersion: 5.14.0-427.37.1.el9_4.x86_64  CompilerName: GCC  CompilerVersion: 8.4.0
ProgramName: mri_concat  ProgramArguments: mri_concat -all-info  ProgramVersion: 7.3.2  TimeStamp: 2026/03/13-07:13:04-GMT  BuildTime: Aug  4 2022 06:17:15  BuildStamp: freesurfer-linux-ubuntu22_x86_64-7.3.2-20220804-6354275  User: oesteban  Machine: dna050  Platform: Linux  PlatformVersion: 5.14.0-427.37.1.el9_4.x86_64  CompilerName: GCC  CompilerVersion: 8.4.0
ProgramName: mri_concatenate_lta  ProgramArguments: mri_concatenate_lta -all-info  ProgramVersion: 7.3.2  TimeStamp: 2026/03/13-07:13:04-GMT  BuildTime: Aug  4 2022 06:17:15  BuildStamp: freesurfer-linux-ubuntu22_x86_64-7.3.2-20220804-6354275  User: oesteban  Machine: dna050  Platform: Linux  PlatformVersion: 5.14.0-427.37.1.el9_4.x86_64  CompilerName: GCC  CompilerVersion: 8.4.0
mri_convert -all-info 
ProgramName: mri_convert  ProgramArguments: mri_convert -all-info  ProgramVersion: 7.3.2  TimeStamp: 2026/03/13-07:13:04-GMT  BuildTime: Aug  4 2022 06:17:15  BuildStamp: freesurfer-linux-ubuntu22_x86_64-7.3.2-20220804-6354275  User: oesteban  Machine: dna050  Platform: Linux  PlatformVersion: 5.14.0-427.37.1.el9_4.x86_64  CompilerName: GCC  CompilerVersion: 8.4.0
ProgramName: mri_diff  ProgramArguments: mri_diff -all-info  ProgramVersion: 7.3.2  TimeStamp: 2026/03/13-07:13:04-GMT  BuildTime: Aug  4 2022 06:17:15  BuildStamp: freesurfer-linux-ubuntu22_x86_64-7.3.2-20220804-6354275  User: oesteban  Machine: dna050  Platform: Linux  PlatformVersion: 5.14.0-427.37.1.el9_4.x86_64  CompilerName: GCC  CompilerVersion: 8.4.0
ProgramName: mri_edit_wm_with_aseg  ProgramArguments: mri_edit_wm_with_aseg -all-info  ProgramVersion: 7.3.2  TimeStamp: 2026/03/13-07:13:04-GMT  BuildTime: Aug  4 2022 06:17:15  BuildStamp: freesurfer-linux-ubuntu22_x86_64-7.3.2-20220804-6354275  User: oesteban  Machine: dna050  Platform: Linux  PlatformVersion: 5.14.0-427.37.1.el9_4.x86_64  CompilerName: GCC  CompilerVersion: 8.4.0
ProgramName: mri_em_register  ProgramArguments: mri_em_register -all-info  ProgramVersion: 7.3.2  TimeStamp: 2026/03/13-07:13:04-GMT  BuildTime: Aug  4 2022 06:17:15  BuildStamp: freesurfer-linux-ubuntu22_x86_64-7.3.2-20220804-6354275  User: oesteban  Machine: dna050  Platform: Linux  PlatformVersion: 5.14.0-427.37.1.el9_4.x86_64  CompilerName: GCC  CompilerVersion: 8.4.0
ProgramName: mri_fill  ProgramArguments: mri_fill -all-info  ProgramVersion: 7.3.2  TimeStamp: 2026/03/13-07:13:04-GMT  BuildTime: Aug  4 2022 06:17:15  BuildStamp: freesurfer-linux-ubuntu22_x86_64-7.3.2-20220804-6354275  User: oesteban  Machine: dna050  Platform: Linux  PlatformVersion: 5.14.0-427.37.1.el9_4.x86_64  CompilerName: GCC  CompilerVersion: 8.4.0
ProgramName: mri_fuse_segmentations  ProgramArguments: mri_fuse_segmentations -all-info  ProgramVersion: 7.3.2  TimeStamp: 2026/03/13-07:13:04-GMT  BuildTime: Aug  4 2022 06:17:15  BuildStamp: freesurfer-linux-ubuntu22_x86_64-7.3.2-20220804-6354275  User: oesteban  Machine: dna050  Platform: Linux  PlatformVersion: 5.14.0-427.37.1.el9_4.x86_64  CompilerName: GCC  CompilerVersion: 8.4.0
ProgramName: mri_fwhm  ProgramArguments: mri_fwhm -all-info  ProgramVersion: 7.3.2  TimeStamp: 2026/03/13-07:13:04-GMT  BuildTime: Aug  4 2022 06:17:15  BuildStamp: freesurfer-linux-ubuntu22_x86_64-7.3.2-20220804-6354275  User: oesteban  Machine: dna050  Platform: Linux  PlatformVersion: 5.14.0-427.37.1.el9_4.x86_64  CompilerName: GCC  CompilerVersion: 8.4.0
ProgramName: mri_gcut  ProgramArguments: mri_gcut -all-info  ProgramVersion: 7.3.2  TimeStamp: 2026/03/13-07:13:04-GMT  BuildTime: Aug  4 2022 06:17:15  BuildStamp: freesurfer-linux-ubuntu22_x86_64-7.3.2-20220804-6354275  User: oesteban  Machine: dna050  Platform: Linux  PlatformVersion: 5.14.0-427.37.1.el9_4.x86_64  CompilerName: GCC  CompilerVersion: 8.4.0
ProgramName: mri_info  ProgramArguments: mri_info -all-info  ProgramVersion: 7.3.2  TimeStamp: 2026/03/13-07:13:04-GMT  BuildTime: Aug  4 2022 06:17:15  BuildStamp: freesurfer-linux-ubuntu22_x86_64-7.3.2-20220804-6354275  User: oesteban  Machine: dna050  Platform: Linux  PlatformVersion: 5.14.0-427.37.1.el9_4.x86_64  CompilerName: GCC  CompilerVersion: 8.4.0
ProgramName: mri_label2label  ProgramArguments: mri_label2label -all-info  ProgramVersion: 7.3.2  TimeStamp: 2026/03/13-07:13:04-GMT  BuildTime: Aug  4 2022 06:17:15  BuildStamp: freesurfer-linux-ubuntu22_x86_64-7.3.2-20220804-6354275  User: oesteban  Machine: dna050  Platform: Linux  PlatformVersion: 5.14.0-427.37.1.el9_4.x86_64  CompilerName: GCC  CompilerVersion: 8.4.0
ProgramName: mri_label2vol  ProgramArguments: mri_label2vol -all-info  ProgramVersion: 7.3.2  TimeStamp: 2026/03/13-07:13:04-GMT  BuildTime: Aug  4 2022 06:17:15  BuildStamp: freesurfer-linux-ubuntu22_x86_64-7.3.2-20220804-6354275  User: oesteban  Machine: dna050  Platform: Linux  PlatformVersion: 5.14.0-427.37.1.el9_4.x86_64  CompilerName: GCC  CompilerVersion: 8.4.0
ProgramName: mri_log_likelihood  ProgramArguments: mri_log_likelihood -all-info  ProgramVersion: 7.3.2  TimeStamp: 2026/03/13-07:13:04-GMT  BuildTime: Aug  4 2022 06:17:15  BuildStamp: freesurfer-linux-ubuntu22_x86_64-7.3.2-20220804-6354275  User: oesteban  Machine: dna050  Platform: Linux  PlatformVersion: 5.14.0-427.37.1.el9_4.x86_64  CompilerName: GCC  CompilerVersion: 8.4.0
ProgramName: mri_mask  ProgramArguments: mri_mask -all-info  ProgramVersion: 7.3.2  TimeStamp: 2026/03/13-07:13:04-GMT  BuildTime: Aug  4 2022 06:17:15  BuildStamp: freesurfer-linux-ubuntu22_x86_64-7.3.2-20220804-6354275  User: oesteban  Machine: dna050  Platform: Linux  PlatformVersion: 5.14.0-427.37.1.el9_4.x86_64  CompilerName: GCC  CompilerVersion: 8.4.0
ProgramName: mri_matrix_multiply  ProgramArguments: mri_matrix_multiply -all-info  ProgramVersion: 7.3.2  TimeStamp: 2026/03/13-07:13:04-GMT  BuildTime: Aug  4 2022 06:17:15  BuildStamp: freesurfer-linux-ubuntu22_x86_64-7.3.2-20220804-6354275  User: oesteban  Machine: dna050  Platform: Linux  PlatformVersion: 5.14.0-427.37.1.el9_4.x86_64  CompilerName: GCC  CompilerVersion: 8.4.0
ProgramName: mri_normalize  ProgramArguments: mri_normalize -all-info  ProgramVersion: 7.3.2  TimeStamp: 2026/03/13-07:13:04-GMT  BuildTime: Aug  4 2022 06:17:15  BuildStamp: freesurfer-linux-ubuntu22_x86_64-7.3.2-20220804-6354275  User: oesteban  Machine: dna050  Platform: Linux  PlatformVersion: 5.14.0-427.37.1.el9_4.x86_64  CompilerName: GCC  CompilerVersion: 8.4.0
ProgramName: mri_normalize_tp2  ProgramArguments: mri_normalize_tp2 -all-info  ProgramVersion: 7.3.2  TimeStamp: 2026/03/13-07:13:04-GMT  BuildTime: Aug  4 2022 06:17:15  BuildStamp: freesurfer-linux-ubuntu22_x86_64-7.3.2-20220804-6354275  User: oesteban  Machine: dna050  Platform: Linux  PlatformVersion: 5.14.0-427.37.1.el9_4.x86_64  CompilerName: GCC  CompilerVersion: 8.4.0
ProgramName: mri_or  ProgramArguments: mri_or -all-info  ProgramVersion: 7.3.2  TimeStamp: 2026/03/13-07:13:04-GMT  BuildTime: Aug  4 2022 06:17:15  BuildStamp: freesurfer-linux-ubuntu22_x86_64-7.3.2-20220804-6354275  User: oesteban  Machine: dna050  Platform: Linux  PlatformVersion: 5.14.0-427.37.1.el9_4.x86_64  CompilerName: GCC  CompilerVersion: 8.4.0
ProgramName: mri_relabel_hypointensities  ProgramArguments: mri_relabel_hypointensities -all-info  ProgramVersion: 7.3.2  TimeStamp: 2026/03/13-07:13:04-GMT  BuildTime: Aug  4 2022 06:17:15  BuildStamp: freesurfer-linux-ubuntu22_x86_64-7.3.2-20220804-6354275  User: oesteban  Machine: dna050  Platform: Linux  PlatformVersion: 5.14.0-427.37.1.el9_4.x86_64  CompilerName: GCC  CompilerVersion: 8.4.0
ProgramName: mri_relabel_nonwm_hypos  ProgramArguments: mri_relabel_nonwm_hypos -all-info  ProgramVersion: 7.3.2  TimeStamp: 2026/03/13-07:13:04-GMT  BuildTime: Aug  4 2022 06:17:15  BuildStamp: freesurfer-linux-ubuntu22_x86_64-7.3.2-20220804-6354275  User: oesteban  Machine: dna050  Platform: Linux  PlatformVersion: 5.14.0-427.37.1.el9_4.x86_64  CompilerName: GCC  CompilerVersion: 8.4.0
ProgramName: mri_remove_neck  ProgramArguments: mri_remove_neck -all-info  ProgramVersion: 7.3.2  TimeStamp: 2026/03/13-07:13:04-GMT  BuildTime: Aug  4 2022 06:17:15  BuildStamp: freesurfer-linux-ubuntu22_x86_64-7.3.2-20220804-6354275  User: oesteban  Machine: dna050  Platform: Linux  PlatformVersion: 5.14.0-427.37.1.el9_4.x86_64  CompilerName: GCC  CompilerVersion: 8.4.0
7.3.2

ProgramName: mri_robust_register  ProgramArguments: mri_robust_register -all-info  ProgramVersion: 7.3.2  TimeStamp: 2026/03/13-07:13:04-GMT  BuildTime: Aug  4 2022 06:17:15  BuildStamp: freesurfer-linux-ubuntu22_x86_64-7.3.2-20220804-6354275  User: oesteban  Machine: dna050  Platform: Linux  PlatformVersion: 5.14.0-427.37.1.el9_4.x86_64  CompilerName: GCC  CompilerVersion: 8.4.0
7.3.2

ProgramName: mri_robust_template  ProgramArguments: mri_robust_template -all-info  ProgramVersion: 7.3.2  TimeStamp: 2026/03/13-07:13:04-GMT  BuildTime: Aug  4 2022 06:17:15  BuildStamp: freesurfer-linux-ubuntu22_x86_64-7.3.2-20220804-6354275  User: oesteban  Machine: dna050  Platform: Linux  PlatformVersion: 5.14.0-427.37.1.el9_4.x86_64  CompilerName: GCC  CompilerVersion: 8.4.0
ProgramName: mris_anatomical_stats  ProgramArguments: mris_anatomical_stats -all-info  ProgramVersion: 7.3.2  TimeStamp: 2026/03/13-07:13:04-GMT  BuildTime: Aug  4 2022 06:17:15  BuildStamp: freesurfer-linux-ubuntu22_x86_64-7.3.2-20220804-6354275  User: oesteban  Machine: dna050  Platform: Linux  PlatformVersion: 5.14.0-427.37.1.el9_4.x86_64  CompilerName: GCC  CompilerVersion: 8.4.0
ProgramName: mris_ca_label  ProgramArguments: mris_ca_label -all-info  ProgramVersion: 7.3.2  TimeStamp: 2026/03/13-07:13:04-GMT  BuildTime: Aug  4 2022 06:17:15  BuildStamp: freesurfer-linux-ubuntu22_x86_64-7.3.2-20220804-6354275  User: oesteban  Machine: dna050  Platform: Linux  PlatformVersion: 5.14.0-427.37.1.el9_4.x86_64  CompilerName: GCC  CompilerVersion: 8.4.0
ProgramName: mris_calc  ProgramArguments: mris_calc -all-info  ProgramVersion: 7.3.2  TimeStamp: 2026/03/13-07:13:04-GMT  BuildTime: Aug  4 2022 06:17:15  BuildStamp: freesurfer-linux-ubuntu22_x86_64-7.3.2-20220804-6354275  User: oesteban  Machine: dna050  Platform: Linux  PlatformVersion: 5.14.0-427.37.1.el9_4.x86_64  CompilerName: GCC  CompilerVersion: 8.4.0
ProgramName: mris_convert  ProgramArguments: mris_convert -all-info  ProgramVersion: 7.3.2  TimeStamp: 2026/03/13-07:13:04-GMT  BuildTime: Aug  4 2022 06:17:15  BuildStamp: freesurfer-linux-ubuntu22_x86_64-7.3.2-20220804-6354275  User: oesteban  Machine: dna050  Platform: Linux  PlatformVersion: 5.14.0-427.37.1.el9_4.x86_64  CompilerName: GCC  CompilerVersion: 8.4.0
ProgramName: mris_curvature  ProgramArguments: mris_curvature -all-info  ProgramVersion: 7.3.2  TimeStamp: 2026/03/13-07:13:04-GMT  BuildTime: Aug  4 2022 06:17:15  BuildStamp: freesurfer-linux-ubuntu22_x86_64-7.3.2-20220804-6354275  User: oesteban  Machine: dna050  Platform: Linux  PlatformVersion: 5.14.0-427.37.1.el9_4.x86_64  CompilerName: GCC  CompilerVersion: 8.4.0
ProgramName: mris_curvature_stats  ProgramArguments: mris_curvature_stats -all-info  ProgramVersion: 7.3.2  TimeStamp: 2026/03/13-07:13:04-GMT  BuildTime: Aug  4 2022 06:17:15  BuildStamp: freesurfer-linux-ubuntu22_x86_64-7.3.2-20220804-6354275  User: oesteban  Machine: dna050  Platform: Linux  PlatformVersion: 5.14.0-427.37.1.el9_4.x86_64  CompilerName: GCC  CompilerVersion: 8.4.0
ProgramName: mris_diff  ProgramArguments: mris_diff -all-info  ProgramVersion: 7.3.2  TimeStamp: 2026/03/13-07:13:04-GMT  BuildTime: Aug  4 2022 06:17:15  BuildStamp: freesurfer-linux-ubuntu22_x86_64-7.3.2-20220804-6354275  User: oesteban  Machine: dna050  Platform: Linux  PlatformVersion: 5.14.0-427.37.1.el9_4.x86_64  CompilerName: GCC  CompilerVersion: 8.4.0
ProgramName: mris_divide_parcellation  ProgramArguments: mris_divide_parcellation -all-info  ProgramVersion: 7.3.2  TimeStamp: 2026/03/13-07:13:04-GMT  BuildTime: Aug  4 2022 06:17:15  BuildStamp: freesurfer-linux-ubuntu22_x86_64-7.3.2-20220804-6354275  User: oesteban  Machine: dna050  Platform: Linux  PlatformVersion: 5.14.0-427.37.1.el9_4.x86_64  CompilerName: GCC  CompilerVersion: 8.4.0
ProgramName: mri_segment  ProgramArguments: mri_segment -all-info  ProgramVersion: 7.3.2  TimeStamp: 2026/03/13-07:13:04-GMT  BuildTime: Aug  4 2022 06:17:15  BuildStamp: freesurfer-linux-ubuntu22_x86_64-7.3.2-20220804-6354275  User: oesteban  Machine: dna050  Platform: Linux  PlatformVersion: 5.14.0-427.37.1.el9_4.x86_64  CompilerName: GCC  CompilerVersion: 8.4.0
ProgramName: mri_segstats  ProgramArguments: mri_segstats -all-info  ProgramVersion: 7.3.2  TimeStamp: 2026/03/13-07:13:04-GMT  BuildTime: Aug  4 2022 06:17:15  BuildStamp: freesurfer-linux-ubuntu22_x86_64-7.3.2-20220804-6354275  User: oesteban  Machine: dna050  Platform: Linux  PlatformVersion: 5.14.0-427.37.1.el9_4.x86_64  CompilerName: GCC  CompilerVersion: 8.4.0
ProgramName: mris_euler_number  ProgramArguments: mris_euler_number -all-info  ProgramVersion: 7.3.2  TimeStamp: 2026/03/13-07:13:04-GMT  BuildTime: Aug  4 2022 06:17:15  BuildStamp: freesurfer-linux-ubuntu22_x86_64-7.3.2-20220804-6354275  User: oesteban  Machine: dna050  Platform: Linux  PlatformVersion: 5.14.0-427.37.1.el9_4.x86_64  CompilerName: GCC  CompilerVersion: 8.4.0
ProgramName: mris_fix_topology  ProgramArguments: mris_fix_topology -all-info  ProgramVersion: 7.3.2  TimeStamp: 2026/03/13-07:13:04-GMT  BuildTime: Aug  4 2022 06:17:15  BuildStamp: freesurfer-linux-ubuntu22_x86_64-7.3.2-20220804-6354275  User: oesteban  Machine: dna050  Platform: Linux  PlatformVersion: 5.14.0-427.37.1.el9_4.x86_64  CompilerName: GCC  CompilerVersion: 8.4.0
ProgramName: mris_topo_fixer  ProgramArguments: mris_topo_fixer -all-info  ProgramVersion: 7.3.2  TimeStamp: 2026/03/13-07:13:04-GMT  BuildTime: Aug  4 2022 06:17:15  BuildStamp: freesurfer-linux-ubuntu22_x86_64-7.3.2-20220804-6354275  User: oesteban  Machine: dna050  Platform: Linux  PlatformVersion: 5.14.0-427.37.1.el9_4.x86_64  CompilerName: GCC  CompilerVersion: 8.4.0
ProgramName: mris_jacobian  ProgramArguments: mris_jacobian -all-info  ProgramVersion: 7.3.2  TimeStamp: 2026/03/13-07:13:04-GMT  BuildTime: Aug  4 2022 06:17:15  BuildStamp: freesurfer-linux-ubuntu22_x86_64-7.3.2-20220804-6354275  User: oesteban  Machine: dna050  Platform: Linux  PlatformVersion: 5.14.0-427.37.1.el9_4.x86_64  CompilerName: GCC  CompilerVersion: 8.4.0
ProgramName: mris_label2annot  ProgramArguments: mris_label2annot -all-info  ProgramVersion: 7.3.2  TimeStamp: 2026/03/13-07:13:04-GMT  BuildTime: Aug  4 2022 06:17:15  BuildStamp: freesurfer-linux-ubuntu22_x86_64-7.3.2-20220804-6354275  User: oesteban  Machine: dna050  Platform: Linux  PlatformVersion: 5.14.0-427.37.1.el9_4.x86_64  CompilerName: GCC  CompilerVersion: 8.4.0
ProgramName: mris_left_right_register  ProgramArguments: mris_left_right_register -all-info  ProgramVersion: 7.3.2  TimeStamp: 2026/03/13-07:13:04-GMT  BuildTime: Aug  4 2022 06:17:15  BuildStamp: freesurfer-linux-ubuntu22_x86_64-7.3.2-20220804-6354275  User: oesteban  Machine: dna050  Platform: Linux  PlatformVersion: 5.14.0-427.37.1.el9_4.x86_64  CompilerName: GCC  CompilerVersion: 8.4.0
ProgramName: mris_place_surface  ProgramArguments: mris_place_surface -all-info  ProgramVersion: 7.3.2  TimeStamp: 2026/03/13-07:13:04-GMT  BuildTime: Aug  4 2022 06:17:15  BuildStamp: freesurfer-linux-ubuntu22_x86_64-7.3.2-20220804-6354275  User: oesteban  Machine: dna050  Platform: Linux  PlatformVersion: 5.14.0-427.37.1.el9_4.x86_64  CompilerName: GCC  CompilerVersion: 8.4.0
ProgramName: mrisp_paint  ProgramArguments: mrisp_paint -all-info  ProgramVersion: 7.3.2  TimeStamp: 2026/03/13-07:13:04-GMT  BuildTime: Aug  4 2022 06:17:15  BuildStamp: freesurfer-linux-ubuntu22_x86_64-7.3.2-20220804-6354275  User: oesteban  Machine: dna050  Platform: Linux  PlatformVersion: 5.14.0-427.37.1.el9_4.x86_64  CompilerName: GCC  CompilerVersion: 8.4.0
ProgramName: mris_register  ProgramArguments: mris_register -all-info  ProgramVersion: 7.3.2  TimeStamp: 2026/03/13-07:13:04-GMT  BuildTime: Aug  4 2022 06:17:15  BuildStamp: freesurfer-linux-ubuntu22_x86_64-7.3.2-20220804-6354275  User: oesteban  Machine: dna050  Platform: Linux  PlatformVersion: 5.14.0-427.37.1.el9_4.x86_64  CompilerName: GCC  CompilerVersion: 8.4.0
ProgramName: mris_smooth  ProgramArguments: mris_smooth -all-info  ProgramVersion: 7.3.2  TimeStamp: 2026/03/13-07:13:04-GMT  BuildTime: Aug  4 2022 06:17:15  BuildStamp: freesurfer-linux-ubuntu22_x86_64-7.3.2-20220804-6354275  User: oesteban  Machine: dna050  Platform: Linux  PlatformVersion: 5.14.0-427.37.1.el9_4.x86_64  CompilerName: GCC  CompilerVersion: 8.4.0
ProgramName: mris_sphere  ProgramArguments: mris_sphere -all-info  ProgramVersion: 7.3.2  TimeStamp: 2026/03/13-07:13:04-GMT  BuildTime: Aug  4 2022 06:17:15  BuildStamp: freesurfer-linux-ubuntu22_x86_64-7.3.2-20220804-6354275  User: oesteban  Machine: dna050  Platform: Linux  PlatformVersion: 5.14.0-427.37.1.el9_4.x86_64  CompilerName: GCC  CompilerVersion: 8.4.0
ProgramName: mris_surface_stats  ProgramArguments: mris_surface_stats -all-info  ProgramVersion: 7.3.2  TimeStamp: 2026/03/13-07:13:04-GMT  BuildTime: Aug  4 2022 06:17:15  BuildStamp: freesurfer-linux-ubuntu22_x86_64-7.3.2-20220804-6354275  User: oesteban  Machine: dna050  Platform: Linux  PlatformVersion: 5.14.0-427.37.1.el9_4.x86_64  CompilerName: GCC  CompilerVersion: 8.4.0
ProgramName: mri_stats2seg  ProgramArguments: mri_stats2seg -all-info  ProgramVersion: 7.3.2  TimeStamp: 2026/03/13-07:13:04-GMT  BuildTime: Aug  4 2022 06:17:15  BuildStamp: freesurfer-linux-ubuntu22_x86_64-7.3.2-20220804-6354275  User: oesteban  Machine: dna050  Platform: Linux  PlatformVersion: 5.14.0-427.37.1.el9_4.x86_64  CompilerName: GCC  CompilerVersion: 8.4.0
ProgramName: mris_thickness  ProgramArguments: mris_thickness -all-info  ProgramVersion: 7.3.2  TimeStamp: 2026/03/13-07:13:04-GMT  BuildTime: Aug  4 2022 06:17:15  BuildStamp: freesurfer-linux-ubuntu22_x86_64-7.3.2-20220804-6354275  User: oesteban  Machine: dna050  Platform: Linux  PlatformVersion: 5.14.0-427.37.1.el9_4.x86_64  CompilerName: GCC  CompilerVersion: 8.4.0
ProgramName: mris_thickness_diff  ProgramArguments: mris_thickness_diff -all-info  ProgramVersion: 7.3.2  TimeStamp: 2026/03/13-07:13:04-GMT  BuildTime: Aug  4 2022 06:17:15  BuildStamp: freesurfer-linux-ubuntu22_x86_64-7.3.2-20220804-6354275  User: oesteban  Machine: dna050  Platform: Linux  PlatformVersion: 5.14.0-427.37.1.el9_4.x86_64  CompilerName: GCC  CompilerVersion: 8.4.0
ProgramName: mris_topo_fixer  ProgramArguments: mris_topo_fixer -all-info  ProgramVersion: 7.3.2  TimeStamp: 2026/03/13-07:13:04-GMT  BuildTime: Aug  4 2022 06:17:15  BuildStamp: freesurfer-linux-ubuntu22_x86_64-7.3.2-20220804-6354275  User: oesteban  Machine: dna050  Platform: Linux  PlatformVersion: 5.14.0-427.37.1.el9_4.x86_64  CompilerName: GCC  CompilerVersion: 8.4.0
ProgramName: mri_surf2surf  ProgramArguments: mri_surf2surf -all-info  ProgramVersion: 7.3.2  TimeStamp: 2026/03/13-07:13:04-GMT  BuildTime: Aug  4 2022 06:17:15  BuildStamp: freesurfer-linux-ubuntu22_x86_64-7.3.2-20220804-6354275  User: oesteban  Machine: dna050  Platform: Linux  PlatformVersion: 5.14.0-427.37.1.el9_4.x86_64  CompilerName: GCC  CompilerVersion: 8.4.0
ProgramName: mri_surf2vol  ProgramArguments: mri_surf2vol -all-info  ProgramVersion: 7.3.2  TimeStamp: 2026/03/13-07:13:04-GMT  BuildTime: Aug  4 2022 06:17:15  BuildStamp: freesurfer-linux-ubuntu22_x86_64-7.3.2-20220804-6354275  User: oesteban  Machine: dna050  Platform: Linux  PlatformVersion: 5.14.0-427.37.1.el9_4.x86_64  CompilerName: GCC  CompilerVersion: 8.4.0
ProgramName: mri_surfcluster  ProgramArguments: mri_surfcluster -all-info  ProgramVersion: 7.3.2  TimeStamp: 2026/03/13-07:13:04-GMT  BuildTime: Aug  4 2022 06:17:15  BuildStamp: freesurfer-linux-ubuntu22_x86_64-7.3.2-20220804-6354275  User: oesteban  Machine: dna050  Platform: Linux  PlatformVersion: 5.14.0-427.37.1.el9_4.x86_64  CompilerName: GCC  CompilerVersion: 8.4.0
ProgramName: mris_volmask  ProgramArguments: mris_volmask -all-info  ProgramVersion: 7.3.2  TimeStamp: 2026/03/13-07:13:04-GMT  BuildTime: Aug  4 2022 06:17:15  BuildStamp: freesurfer-linux-ubuntu22_x86_64-7.3.2-20220804-6354275  User: oesteban  Machine: dna050  Platform: Linux  PlatformVersion: 5.14.0-427.37.1.el9_4.x86_64  CompilerName: GCC  CompilerVersion: 8.4.0
ProgramName: mri_tessellate  ProgramArguments: mri_tessellate -all-info  ProgramVersion: 7.3.2  TimeStamp: 2026/03/13-07:13:04-GMT  BuildTime: Aug  4 2022 06:17:15  BuildStamp: freesurfer-linux-ubuntu22_x86_64-7.3.2-20220804-6354275  User: oesteban  Machine: dna050  Platform: Linux  PlatformVersion: 5.14.0-427.37.1.el9_4.x86_64  CompilerName: GCC  CompilerVersion: 8.4.0
ProgramName: mri_vol2surf  ProgramArguments: mri_vol2surf -all-info  ProgramVersion: 7.3.2  TimeStamp: 2026/03/13-07:13:04-GMT  BuildTime: Aug  4 2022 06:17:15  BuildStamp: freesurfer-linux-ubuntu22_x86_64-7.3.2-20220804-6354275  User: oesteban  Machine: dna050  Platform: Linux  PlatformVersion: 5.14.0-427.37.1.el9_4.x86_64  CompilerName: GCC  CompilerVersion: 8.4.0
ProgramName: mri_vol2vol  ProgramArguments: mri_vol2vol -all-info  ProgramVersion: 7.3.2  TimeStamp: 2026/03/13-07:13:04-GMT  BuildTime: Aug  4 2022 06:17:15  BuildStamp: freesurfer-linux-ubuntu22_x86_64-7.3.2-20220804-6354275  User: oesteban  Machine: dna050  Platform: Linux  PlatformVersion: 5.14.0-427.37.1.el9_4.x86_64  CompilerName: GCC  CompilerVersion: 8.4.0
ProgramName: mri_voldiff  ProgramArguments: mri_voldiff -all-info  ProgramVersion: 7.3.2  TimeStamp: 2026/03/13-07:13:04-GMT  BuildTime: Aug  4 2022 06:17:15  BuildStamp: freesurfer-linux-ubuntu22_x86_64-7.3.2-20220804-6354275  User: oesteban  Machine: dna050  Platform: Linux  PlatformVersion: 5.14.0-427.37.1.el9_4.x86_64  CompilerName: GCC  CompilerVersion: 8.4.0
ProgramName: mri_watershed  ProgramArguments: mri_watershed -all-info  ProgramVersion: 7.3.2  TimeStamp: 2026/03/13-07:13:04-GMT  BuildTime: Aug  4 2022 06:17:15  BuildStamp: freesurfer-linux-ubuntu22_x86_64-7.3.2-20220804-6354275  User: oesteban  Machine: dna050  Platform: Linux  PlatformVersion: 5.14.0-427.37.1.el9_4.x86_64  CompilerName: GCC  CompilerVersion: 8.4.0
ProgramName: tkregister2  ProgramArguments: tkregister2_cmdl -all-info  ProgramVersion: 7.3.2  TimeStamp: 2026/03/13-07:13:04-GMT  BuildTime: Aug  4 2022 06:17:15  BuildStamp: freesurfer-linux-ubuntu22_x86_64-7.3.2-20220804-6354275  User: oesteban  Machine: dna050  Platform: Linux  PlatformVersion: 5.14.0-427.37.1.el9_4.x86_64  CompilerName: GCC  CompilerVersion: 8.4.0
mri_motion_correct.fsl 7.3.2
mri_convert -all-info 
ProgramName: mri_convert  ProgramArguments: mri_convert -all-info  ProgramVersion: 7.3.2  TimeStamp: 2026/03/13-07:13:04-GMT  BuildTime: Aug  4 2022 06:17:15  BuildStamp: freesurfer-linux-ubuntu22_x86_64-7.3.2-20220804-6354275  User: oesteban  Machine: dna050  Platform: Linux  PlatformVersion: 5.14.0-427.37.1.el9_4.x86_64  CompilerName: GCC  CompilerVersion: 8.4.0
Program nu_correct, built from:
Package MNI N3, version 1.12.0, compiled by nicks@terrier (x86_64-unknown-linux-gnu) on 2015-06-19 at 01:25:34
#######################################
GCADIR /opt/freesurfer/average
GCA RB_all_2020-01-02.gca
GCASkull RB_all_withskull_2020_01_02.gca
AvgCurvTif folding.atlas.acfb40.noaparc.i12.2016-08-02.tif
GCSDIR /opt/freesurfer/average
GCS DKaparc.atlas.acfb40.noaparc.i12.2016-08-02.gcs
#######################################
#--------------------------------------------
#@# AutoDetGWStats lh Fri Mar 13 08:13:04 CET 2026
cd /out/sourcedata/freesurfer/sub-v2s4x29614_ses-1/mri
mris_autodet_gwstats --o ../surf/autodet.gw.stats.lh.dat --i brain.finalsurfs.mgz --wm wm.mgz --surf ../surf/lh.orig.premesh
  Update not needed
#--------------------------------------------
#@# WhitePreAparc lh Fri Mar 13 08:13:04 CET 2026
cd /out/sourcedata/freesurfer/sub-v2s4x29614_ses-1/mri
mris_place_surface --adgws-in ../surf/autodet.gw.stats.lh.dat --wm wm.mgz --threads 16 --invol brain.finalsurfs.mgz --lh --i ../surf/lh.orig --o ../surf/lh.white.preaparc --white --seg aseg.presurf.mgz --nsmooth 5
   Update not needed
#--------------------------------------------
#@# CortexLabel lh Fri Mar 13 08:13:04 CET 2026
cd /out/sourcedata/freesurfer/sub-v2s4x29614_ses-1/mri
mri_label2label --label-cortex ../surf/lh.white.preaparc aseg.presurf.mgz 0 ../label/lh.cortex.label
   Update not needed
#--------------------------------------------
#@# CortexLabel+HipAmyg lh Fri Mar 13 08:13:04 CET 2026
cd /out/sourcedata/freesurfer/sub-v2s4x29614_ses-1/mri
mri_label2label --label-cortex ../surf/lh.white.preaparc aseg.presurf.mgz 1 ../label/lh.cortex+hipamyg.label
   Update not needed
#@# white curv lh Fri Mar 13 08:13:04 CET 2026
cd /out/sourcedata/freesurfer/sub-v2s4x29614_ses-1/mri
mris_place_surface --curv-map ../surf/lh.white 2 10 ../surf/lh.curv
   Update not needed
#@# white area lh Fri Mar 13 08:13:04 CET 2026
cd /out/sourcedata/freesurfer/sub-v2s4x29614_ses-1/mri
mris_place_surface --area-map ../surf/lh.white ../surf/lh.area
   Update not needed
#@# pial curv lh Fri Mar 13 08:13:04 CET 2026
cd /out/sourcedata/freesurfer/sub-v2s4x29614_ses-1/mri
mris_place_surface --curv-map ../surf/lh.pial 2 10 ../surf/lh.curv.pial
   Update not needed
#@# pial area lh Fri Mar 13 08:13:04 CET 2026
cd /out/sourcedata/freesurfer/sub-v2s4x29614_ses-1/mri
mris_place_surface --area-map ../surf/lh.pial ../surf/lh.area.pial
   Update not needed
#@# thickness lh Fri Mar 13 08:13:04 CET 2026
cd /out/sourcedata/freesurfer/sub-v2s4x29614_ses-1/mri
mris_place_surface --thickness ../surf/lh.white ../surf/lh.pial 20 5 ../surf/lh.thickness
   Update not needed
#@# area and vertex vol lh Fri Mar 13 08:13:04 CET 2026
cd /out/sourcedata/freesurfer/sub-v2s4x29614_ses-1/mri
mris_place_surface --thickness ../surf/lh.white ../surf/lh.pial 20 5 ../surf/lh.thickness
   Update not needed
#-----------------------------------------
#@# Parcellation Stats lh Fri Mar 13 08:13:04 CET 2026
/out/sourcedata/freesurfer/sub-v2s4x29614_ses-1/scripts

 mris_anatomical_stats -th3 -mgz -noglobal -cortex ../label/lh.cortex.label -f ../stats/lh.aparc.stats -b -a ../label/lh.aparc.annot -c ../label/aparc.annot.ctab sub-v2s4x29614_ses-1 lh white 

computing statistics for each annotation in ../label/lh.aparc.annot.
reading volume /out/sourcedata/freesurfer/sub-v2s4x29614_ses-1/mri/wm.mgz...
reading input surface /out/sourcedata/freesurfer/sub-v2s4x29614_ses-1/surf/lh.white...
reading input pial surface /out/sourcedata/freesurfer/sub-v2s4x29614_ses-1/surf/lh.pial...
reading input white surface /out/sourcedata/freesurfer/sub-v2s4x29614_ses-1/surf/lh.white...
INFO: using TH3 volume calc
INFO: assuming MGZ format for volumes.
INFO: not computing global stats
INFO: using ../label/lh.cortex.label as mask to calc cortex NumVert, SurfArea and MeanThickness.
Using TH3 vertex volume calc
Total face volume 292076
Total vertex volume 291885 (mask=0)
Saving annotation colortable ../label/aparc.annot.ctab

table columns are:
    number of vertices
    total surface area (mm^2)
    total gray matter volume (mm^3)
    average cortical thickness +- standard deviation (mm)
    integrated rectified mean curvature
    integrated rectified Gaussian curvature
    folding index
    intrinsic curvature index
    structure name

 1593   1072   2733  2.670 0.494     0.089     0.014        9     1.0  bankssts
  693    435   1076  2.386 0.647     0.118     0.015        8     0.5  caudalanteriorcingulate
 3896   2554   8145  2.993 0.546     0.100     0.021       27     3.3  caudalmiddlefrontal
 2221   1465   2668  1.753 0.433     0.131     0.025       25     2.4  cuneus
  705    485   1484  2.480 0.650     0.120     0.035        7     1.1  entorhinal
 4946   3260  10932  2.878 0.572     0.104     0.020       42     3.9  fusiform
 7857   5737  18345  2.755 0.594     0.114     0.022       80     7.3  inferiorparietal
 5227   3797  13966  2.939 0.661     0.120     0.027       64     6.4  inferiortemporal
 1398    938   2811  2.480 1.005     0.112     0.026       15     1.5  isthmuscingulate
 9386   6208  14777  2.165 0.637     0.122     0.025       98     9.9  lateraloccipital
 3586   2639   9650  3.336 0.776     0.132     0.032       38     5.6  lateralorbitofrontal
 5208   3562   7926  2.111 0.690     0.126     0.026       55     6.1  lingual
 3032   2058   6793  2.830 0.790     0.107     0.027       28     3.3  medialorbitofrontal
 4778   3387  13888  3.158 0.748     0.111     0.024       56     4.9  middletemporal
 1137    725   1741  2.237 0.668     0.089     0.017        7     0.9  parahippocampal
 2291   1398   3659  2.424 0.675     0.094     0.017       13     1.8  paracentral
 2040   1485   5456  3.116 0.598     0.124     0.029       21     2.4  parsopercularis
 1063    780   2961  3.072 0.649     0.136     0.033       13     1.3  parsorbitalis
 1885   1254   4937  3.149 0.735     0.102     0.018       14     1.4  parstriangularis
 2009   1303   1560  1.364 0.359     0.116     0.028       18     2.4  pericalcarine
 7041   4582  10918  2.142 0.827     0.106     0.020       56     6.0  postcentral
 1470   1043   3645  2.925 0.907     0.122     0.026       14     1.6  posteriorcingulate
 7518   4758  14288  2.745 0.687     0.106     0.023       54     7.2  precentral
 6266   4527  13977  2.667 0.762     0.123     0.026       73     6.8  precuneus
 1226    842   3184  3.106 0.709     0.103     0.020       12     1.0  rostralanteriorcingulate
 9561   6806  24819  3.021 0.674     0.123     0.027      112    11.1  rostralmiddlefrontal
11085   7745  27825  3.087 0.688     0.117     0.026      106    11.9  superiorfrontal
 8932   6285  16894  2.366 0.647     0.115     0.021       85     8.3  superiorparietal
 5940   3895  13201  2.917 0.769     0.087     0.016       41     4.0  superiortemporal
 6152   4460  14773  2.967 0.623     0.126     0.023       65     6.9  supramarginal
  393    324   1855  3.794 0.565     0.181     0.061        9     0.9  frontalpole
  745    505   2339  3.190 0.969     0.127     0.042       10     1.2  temporalpole
  614    429    987  2.360 0.568     0.139     0.022        7     0.5  transversetemporal
 3320   2203   7671  3.341 0.870     0.104     0.027       22     3.7  insula

 mris_anatomical_stats -th3 -mgz -noglobal -cortex ../label/lh.cortex.label -f ../stats/lh.aparc.pial.stats -b -a ../label/lh.aparc.annot -c ../label/aparc.annot.ctab sub-v2s4x29614_ses-1 lh pial 

computing statistics for each annotation in ../label/lh.aparc.annot.
reading volume /out/sourcedata/freesurfer/sub-v2s4x29614_ses-1/mri/wm.mgz...
reading input surface /out/sourcedata/freesurfer/sub-v2s4x29614_ses-1/surf/lh.pial...
reading input pial surface /out/sourcedata/freesurfer/sub-v2s4x29614_ses-1/surf/lh.pial...
reading input white surface /out/sourcedata/freesurfer/sub-v2s4x29614_ses-1/surf/lh.white...
INFO: using TH3 volume calc
INFO: assuming MGZ format for volumes.
INFO: not computing global stats
INFO: using ../label/lh.cortex.label as mask to calc cortex NumVert, SurfArea and MeanThickness.
Using TH3 vertex volume calc
Total face volume 292076
Total vertex volume 291885 (mask=0)
Saving annotation colortable ../label/aparc.annot.ctab

table columns are:
    number of vertices
    total surface area (mm^2)
    total gray matter volume (mm^3)
    average cortical thickness +- standard deviation (mm)
    integrated rectified mean curvature
    integrated rectified Gaussian curvature
    folding index
    intrinsic curvature index
    structure name

 1593    959   2733  2.670 0.494     0.107     0.026       19     1.6  bankssts
  693    484   1076  2.386 0.647     0.120     0.021       15     0.5  caudalanteriorcingulate
 3896   2834   8145  2.993 0.546     0.106     0.022       48     3.2  caudalmiddlefrontal
 2221   1727   2668  1.753 0.433     0.130     0.032       39     2.5  cuneus
  705    812   1484  2.480 0.650     0.223     0.048       16     1.9  entorhinal
 4946   4204  10932  2.878 0.572     0.129     0.036      959     6.2  fusiform
 7857   7329  18345  2.755 0.594     0.143     0.028      117     9.1  inferiorparietal
 5227   5415  13966  2.939 0.661     0.151     0.031      103     7.5  inferiortemporal
 1398   1236   2811  2.480 1.005     0.154     0.042       28     2.2  isthmuscingulate
 9386   7405  14777  2.165 0.637     0.123     0.028      195    10.3  lateraloccipital
 3586   3248   9650  3.336 0.776     0.161     0.052      101     6.1  lateralorbitofrontal
 5208   4261   7926  2.111 0.690     0.136     0.035      111     7.4  lingual
 3032   2708   6793  2.830 0.790     0.144     0.033       52     4.4  medialorbitofrontal
 4778   5041  13888  3.158 0.748     0.151     0.059       65     6.1  middletemporal
 1137    898   1741  2.237 0.668     0.145     0.041      205     2.2  parahippocampal
 2291   1587   3659  2.424 0.675     0.102     0.019       20     1.8  paracentral
 2040   2022   5456  3.116 0.598     0.158     0.050       99     2.9  parsopercularis
 1063   1120   2961  3.072 0.649     0.163     0.035       14     1.4  parsorbitalis
 1885   1787   4937  3.149 0.735     0.150     0.031       28     2.4  parstriangularis
 2009   1129   1560  1.364 0.359     0.092     0.025       24     1.8  pericalcarine
 7041   5603  10918  2.142 0.827     0.118     0.023       80     6.6  postcentral
 1470   1262   3645  2.925 0.907     0.161     0.051      112     2.1  posteriorcingulate
 7518   5403  14288  2.745 0.687     0.109     0.022       95     6.8  precentral
 6266   5540  13977  2.667 0.762     0.152     0.038      115     9.4  precuneus
 1226   1214   3184  3.106 0.709     0.154     0.034       14     1.8  rostralanteriorcingulate
 9561   9222  24819  3.021 0.674     0.159     0.035      287    15.0  rostralmiddlefrontal
11085   9890  27825  3.087 0.688     0.140     0.047      251    12.7  superiorfrontal
 8932   7749  16894  2.366 0.647     0.135     0.028      139     9.5  superiorparietal
 5940   5037  13201  2.917 0.769     0.124     0.024       63     6.2  superiortemporal
 6152   5435  14773  2.967 0.623     0.147     0.032      123     8.5  supramarginal
  393    630   1855  3.794 0.565     0.247     0.046        6     0.9  frontalpole
  745   1017   2339  3.190 0.969     0.226     0.054       34     1.6  temporalpole
  614    449    987  2.360 0.568     0.133     0.039       56     1.1  transversetemporal
 3320   2124   7671  3.341 0.870     0.120     0.037       61     3.9  insula
#-----------------------------------------
#@# Parcellation Stats 2 lh Fri Mar 13 08:13:25 CET 2026
/out/sourcedata/freesurfer/sub-v2s4x29614_ses-1/scripts

 mris_anatomical_stats -th3 -mgz -noglobal -cortex ../label/lh.cortex.label -f ../stats/lh.aparc.a2009s.stats -b -a ../label/lh.aparc.a2009s.annot -c ../label/aparc.annot.a2009s.ctab sub-v2s4x29614_ses-1 lh white 

computing statistics for each annotation in ../label/lh.aparc.a2009s.annot.
reading volume /out/sourcedata/freesurfer/sub-v2s4x29614_ses-1/mri/wm.mgz...
reading input surface /out/sourcedata/freesurfer/sub-v2s4x29614_ses-1/surf/lh.white...
reading input pial surface /out/sourcedata/freesurfer/sub-v2s4x29614_ses-1/surf/lh.pial...
reading input white surface /out/sourcedata/freesurfer/sub-v2s4x29614_ses-1/surf/lh.white...
INFO: using TH3 volume calc
INFO: assuming MGZ format for volumes.
INFO: not computing global stats
INFO: using ../label/lh.cortex.label as mask to calc cortex NumVert, SurfArea and MeanThickness.
Using TH3 vertex volume calc
Total face volume 292076
Total vertex volume 291885 (mask=0)
Saving annotation colortable ../label/aparc.annot.a2009s.ctab

table columns are:
    number of vertices
    total surface area (mm^2)
    total gray matter volume (mm^3)
    average cortical thickness +- standard deviation (mm)
    integrated rectified mean curvature
    integrated rectified Gaussian curvature
    folding index
    intrinsic curvature index
    structure name

 1330    965   3772  3.039 0.723     0.130     0.033       16     1.7  G_and_S_frontomargin
 1578   1081   2941  2.452 0.627     0.111     0.023       13     1.6  G_and_S_occipital_inf
 1832   1055   2810  2.292 0.652     0.098     0.020       12     1.6  G_and_S_paracentral
 1440   1072   4113  3.362 0.599     0.135     0.028       18     1.6  G_and_S_subcentral
  672    560   2549  3.339 0.709     0.166     0.040       12     1.1  G_and_S_transv_frontopol
 2587   1825   6357  2.991 0.666     0.118     0.024       26     2.6  G_and_S_cingul-Ant
 1286    895   2634  2.810 0.662     0.115     0.020       12     1.1  G_and_S_cingul-Mid-Ant
 1294    877   3009  3.021 0.764     0.105     0.024        8     1.3  G_and_S_cingul-Mid-Post
  500    421   1871  3.139 0.701     0.165     0.040        7     0.8  G_cingul-Post-dorsal
  302    216    751  2.796 0.777     0.153     0.040        5     0.5  G_cingul-Post-ventral
 2179   1438   2711  1.690 0.452     0.135     0.026       25     2.7  G_cuneus
 1272    966   4273  3.235 0.671     0.140     0.037       18     1.9  G_front_inf-Opercular
  361    252   1261  3.567 0.617     0.120     0.028        5     0.4  G_front_inf-Orbital
  969    630   3312  3.362 0.745     0.111     0.023       11     0.9  G_front_inf-Triangul
 5684   4045  17509  3.165 0.684     0.132     0.031       81     7.6  G_front_middle
 7004   4832  19870  3.255 0.701     0.124     0.030       78     8.5  G_front_sup
  551    363   1447  3.620 0.814     0.107     0.036        4     0.8  G_Ins_lg_and_S_cent_ins
  629    406   2449  4.119 0.720     0.093     0.026        5     0.7  G_insular_short
 2944   2160   8032  2.822 0.587     0.141     0.028       47     3.5  G_occipital_middle
 1413    942   2354  2.111 0.602     0.124     0.027       15     1.6  G_occipital_sup
 2108   1361   5414  3.000 0.573     0.118     0.023       25     2.0  G_oc-temp_lat-fusifor
 3923   2668   5431  1.862 0.533     0.130     0.027       45     4.7  G_oc-temp_med-Lingual
 1313    821   2521  2.449 0.668     0.087     0.017        8     0.9  G_oc-temp_med-Parahip
 2287   1809   8120  3.444 0.818     0.156     0.045       36     4.7  G_orbital
 2659   2121   8535  2.943 0.647     0.136     0.030       40     3.4  G_pariet_inf-Angular
 2838   2122   8603  3.210 0.624     0.135     0.025       37     3.4  G_pariet_inf-Supramar
 3185   2395   7851  2.572 0.649     0.125     0.025       39     3.2  G_parietal_sup
 2743   1729   4276  2.032 0.585     0.111     0.023       25     2.6  G_postcentral
 2901   1711   6583  2.946 0.658     0.103     0.025       22     3.0  G_precentral
 3257   2488   9519  2.851 0.767     0.138     0.032       53     4.1  G_precuneus
 1204    844   3521  3.005 0.781     0.130     0.036       17     1.9  G_rectus
  774    490   1188  2.537 0.876     0.102     0.035        6     0.8  G_subcallosal
  451    319    866  2.490 0.700     0.148     0.029        6     0.6  G_temp_sup-G_T_transv
 2070   1366   6556  3.347 0.717     0.117     0.026       26     2.2  G_temp_sup-Lateral
  859    565   1956  3.253 0.862     0.080     0.016        3     0.5  G_temp_sup-Plan_polar
  875    582   1662  2.600 0.427     0.062     0.006        3     0.2  G_temp_sup-Plan_tempo
 2765   2091   9311  3.119 0.674     0.134     0.033       49     4.0  G_temporal_inf
 2445   1843   9447  3.484 0.697     0.136     0.033       44     3.5  G_temporal_middle
  252    189    598  2.973 0.559     0.101     0.015        2     0.1  Lat_Fis-ant-Horizont
  391    278    590  2.467 0.593     0.101     0.018        2     0.3  Lat_Fis-ant-Vertical
 1166    764   1657  2.697 0.643     0.098     0.019        6     0.9  Lat_Fis-post
 2763   1646   2984  1.680 0.404     0.123     0.025       30     3.0  Pole_occipital
 1637   1214   5776  3.127 0.865     0.151     0.050       26     3.7  Pole_temporal
 2235   1480   2302  1.777 0.910     0.108     0.025       18     2.3  S_calcarine
 3234   2094   3397  1.833 0.619     0.090     0.015       14     2.1  S_central
 1159    769   1738  2.332 0.701     0.089     0.013        5     0.7  S_cingul-Marginalis
  444    293    806  3.216 0.441     0.088     0.016        2     0.3  S_circular_insula_ant
 1361    912   2347  3.062 0.899     0.089     0.016        5     1.0  S_circular_insula_inf
 1566   1018   2417  2.894 0.518     0.101     0.019        7     1.4  S_circular_insula_sup
 1040    700   1804  2.837 0.445     0.095     0.013        5     0.6  S_collat_transv_ant
  690    445    684  1.869 0.408     0.109     0.019        5     0.6  S_collat_transv_post
 2609   1715   4298  2.778 0.462     0.090     0.014       13     1.6  S_front_inf
 1509   1053   2905  2.945 0.651     0.124     0.024       15     1.7  S_front_middle
 3105   2069   5447  2.825 0.438     0.084     0.016       12     2.0  S_front_sup
  469    306    602  2.538 0.460     0.098     0.013        2     0.3  S_interm_prim-Jensen
 3390   2322   5329  2.482 0.604     0.105     0.019       24     2.9  S_intrapariet_and_P_trans
 1648   1137   2250  2.256 0.472     0.120     0.023       14     1.8  S_oc_middle_and_Lunatus
 1427    961   2036  2.263 0.565     0.104     0.017       10     1.1  S_oc_sup_and_transversal
 1346    897   1924  2.360 0.489     0.098     0.017        8     1.0  S_occipital_ant
  887    587   1599  2.721 0.532     0.086     0.014        5     0.4  S_oc-temp_lat
 2410   1632   4048  2.721 0.638     0.100     0.021       15     2.2  S_oc-temp_med_and_Lingual
  410    303    766  2.930 0.527     0.121     0.023        2     0.4  S_orbital_lateral
  742    486   1120  2.748 0.626     0.095     0.015        4     0.4  S_orbital_med-olfact
 1407    989   3120  3.259 0.769     0.116     0.023       10     1.5  S_orbital-H_Shaped
 1819   1270   2811  2.291 0.703     0.112     0.020       15     1.5  S_parieto_occipital
 1083    643    971  1.849 0.636     0.094     0.016       13     0.7  S_pericallosal
 4138   2784   6080  2.306 0.623     0.110     0.019       31     3.7  S_postcentral
 1472   1037   2941  3.061 0.529     0.118     0.024       12     1.5  S_precentral-inf-part
 1642   1074   2317  2.628 0.427     0.088     0.016        7     1.2  S_precentral-sup-part
  904    611   1657  2.823 0.749     0.099     0.018        6     0.8  S_suborbital
 1391    953   2259  2.569 0.577     0.116     0.021       10     1.4  S_subparietal
 1964   1306   2745  2.631 0.466     0.096     0.015        9     1.5  S_temporal_inf
 6587   4386  11519  2.670 0.532     0.085     0.012       35     3.6  S_temporal_sup
  433    295    657  2.455 0.586     0.075     0.007        2     0.2  S_temporal_transverse
#-----------------------------------------
#@# Parcellation Stats 3 lh Fri Mar 13 08:13:36 CET 2026
/out/sourcedata/freesurfer/sub-v2s4x29614_ses-1/scripts

 mris_anatomical_stats -th3 -mgz -noglobal -cortex ../label/lh.cortex.label -f ../stats/lh.aparc.DKTatlas.stats -b -a ../label/lh.aparc.DKTatlas.annot -c ../label/aparc.annot.DKTatlas.ctab sub-v2s4x29614_ses-1 lh white 

computing statistics for each annotation in ../label/lh.aparc.DKTatlas.annot.
reading volume /out/sourcedata/freesurfer/sub-v2s4x29614_ses-1/mri/wm.mgz...
reading input surface /out/sourcedata/freesurfer/sub-v2s4x29614_ses-1/surf/lh.white...
reading input pial surface /out/sourcedata/freesurfer/sub-v2s4x29614_ses-1/surf/lh.pial...
reading input white surface /out/sourcedata/freesurfer/sub-v2s4x29614_ses-1/surf/lh.white...
INFO: using TH3 volume calc
INFO: assuming MGZ format for volumes.
INFO: not computing global stats
INFO: using ../label/lh.cortex.label as mask to calc cortex NumVert, SurfArea and MeanThickness.
Using TH3 vertex volume calc
Total face volume 292076
Total vertex volume 291885 (mask=0)
Saving annotation colortable ../label/aparc.annot.DKTatlas.ctab

table columns are:
    number of vertices
    total surface area (mm^2)
    total gray matter volume (mm^3)
    average cortical thickness +- standard deviation (mm)
    integrated rectified mean curvature
    integrated rectified Gaussian curvature
    folding index
    intrinsic curvature index
    structure name

 1504   1022   3213  2.646 0.766     0.122     0.021       18     1.5  caudalanteriorcingulate
 4192   2752   8854  2.998 0.554     0.099     0.020       29     3.5  caudalmiddlefrontal
 2978   1986   3686  1.789 0.479     0.129     0.024       32     3.2  cuneus
  606    413   1260  2.472 0.687     0.116     0.037        6     1.0  entorhinal
 4630   3024  10002  2.889 0.551     0.102     0.018       39     3.4  fusiform
 7767   5729  18588  2.775 0.597     0.117     0.023       83     7.5  inferiorparietal
 5100   3688  13790  2.938 0.674     0.121     0.028       63     6.4  inferiortemporal
 1408    943   2814  2.495 1.000     0.112     0.025       15     1.5  isthmuscingulate
 9354   6215  14609  2.151 0.626     0.124     0.025       99    10.1  lateraloccipital
 4095   3021  11683  3.352 0.807     0.135     0.034       46     6.5  lateralorbitofrontal
 5323   3634   8037  2.095 0.689     0.125     0.026       55     6.1  lingual
 2667   1855   6551  2.908 0.778     0.113     0.031       29     3.3  medialorbitofrontal
 6526   4595  17348  3.041 0.716     0.107     0.022       68     6.2  middletemporal
 1199    770   1840  2.248 0.670     0.090     0.018        7     0.9  parahippocampal
 2640   1613   4410  2.522 0.698     0.095     0.018       15     2.1  paracentral
 1963   1434   5314  3.115 0.601     0.126     0.029       21     2.3  parsopercularis
  973    681   2400  3.136 0.617     0.113     0.024        8     1.0  parsorbitalis
 2303   1516   5564  3.093 0.697     0.097     0.018       16     1.7  parstriangularis
 1986   1287   1531  1.362 0.352     0.115     0.028       18     2.3  pericalcarine
 8061   5281  12466  2.154 0.807     0.107     0.020       64     7.1  postcentral
 1594   1134   3883  2.938 0.881     0.123     0.026       16     1.7  posteriorcingulate
 7451   4711  14063  2.746 0.682     0.106     0.023       53     7.3  precentral
 6257   4575  14610  2.705 0.745     0.125     0.026       74     6.9  precuneus
 2099   1418   5114  2.964 0.791     0.107     0.023       21     1.8  rostralanteriorcingulate
 7138   5080  18771  3.029 0.669     0.126     0.028       84     8.3  rostralmiddlefrontal
11637   8235  29346  3.065 0.684     0.120     0.027      118    13.2  superiorfrontal
 7119   4995  13729  2.424 0.630     0.111     0.020       67     6.2  superiorparietal
 7836   5157  17463  2.900 0.778     0.092     0.018       58     6.2  superiortemporal
 5683   4085  13486  2.981 0.628     0.125     0.023       59     6.3  supramarginal
  628    438    999  2.338 0.566     0.137     0.022        7     0.6  transversetemporal
 2497   1660   6463  3.582 0.811     0.096     0.023       15     2.4  insula
/out/sourcedata/freesurfer/sub-v2s4x29614_ses-1/label
#--------------------------------------------
#@# BA_exvivo Labels lh Fri Mar 13 08:13:46 CET 2026

 mri_label2label --srcsubject fsaverage --srclabel /out/sourcedata/freesurfer/fsaverage/label/lh.BA1_exvivo.label --trgsubject sub-v2s4x29614_ses-1 --trglabel ./lh.BA1_exvivo.label --hemi lh --regmethod surface 


srclabel = /out/sourcedata/freesurfer/fsaverage/label/lh.BA1_exvivo.label
srcsubject = fsaverage
trgsubject = sub-v2s4x29614_ses-1
trglabel = ./lh.BA1_exvivo.label
regmethod = surface

srchemi = lh
trghemi = lh
trgsurface = white
srcsurfreg = sphere.reg
trgsurfreg = sphere.reg
usehash = 1
Use ProjAbs  = 0, 0
Use ProjFrac = 0, 0
DoPaint 0

SUBJECTS_DIR    /out/sourcedata/freesurfer
FREESURFER_HOME /opt/freesurfer
Loading source label.
Found 4129 points in source label.
Starting surface-based mapping
Reading source registration 
 /out/sourcedata/freesurfer/fsaverage/surf/lh.sphere.reg
Rescaling ...  original radius = 100
Reading target surface 
 /out/sourcedata/freesurfer/sub-v2s4x29614_ses-1/surf/lh.white
Reading target registration 
 /out/sourcedata/freesurfer/sub-v2s4x29614_ses-1/surf/lh.sphere.reg
Rescaling ...  original radius = 100
Building target registration hash (res=16).
Building source registration hash (res=16).
INFO: found  4129 nlabel points
Performing mapping from target back to the source label 143490
Number of reverse mapping hits = 324
Checking for and removing duplicates
Writing label file ./lh.BA1_exvivo.label 4453
mri_label2label: Done


 mri_label2label --srcsubject fsaverage --srclabel /out/sourcedata/freesurfer/fsaverage/label/lh.BA2_exvivo.label --trgsubject sub-v2s4x29614_ses-1 --trglabel ./lh.BA2_exvivo.label --hemi lh --regmethod surface 


srclabel = /out/sourcedata/freesurfer/fsaverage/label/lh.BA2_exvivo.label
srcsubject = fsaverage
trgsubject = sub-v2s4x29614_ses-1
trglabel = ./lh.BA2_exvivo.label
regmethod = surface

srchemi = lh
trghemi = lh
trgsurface = white
srcsurfreg = sphere.reg
trgsurfreg = sphere.reg
usehash = 1
Use ProjAbs  = 0, 0
Use ProjFrac = 0, 0
DoPaint 0

SUBJECTS_DIR    /out/sourcedata/freesurfer
FREESURFER_HOME /opt/freesurfer
Loading source label.
Found 7909 points in source label.
Starting surface-based mapping
Reading source registration 
 /out/sourcedata/freesurfer/fsaverage/surf/lh.sphere.reg
Rescaling ...  original radius = 100
Reading target surface 
 /out/sourcedata/freesurfer/sub-v2s4x29614_ses-1/surf/lh.white
Reading target registration 
 /out/sourcedata/freesurfer/sub-v2s4x29614_ses-1/surf/lh.sphere.reg
Rescaling ...  original radius = 100
Building target registration hash (res=16).
Building source registration hash (res=16).
INFO: found  7909 nlabel points
Performing mapping from target back to the source label 143490
Number of reverse mapping hits = 648
Checking for and removing duplicates
Writing label file ./lh.BA2_exvivo.label 8557
mri_label2label: Done


 mri_label2label --srcsubject fsaverage --srclabel /out/sourcedata/freesurfer/fsaverage/label/lh.BA3a_exvivo.label --trgsubject sub-v2s4x29614_ses-1 --trglabel ./lh.BA3a_exvivo.label --hemi lh --regmethod surface 


srclabel = /out/sourcedata/freesurfer/fsaverage/label/lh.BA3a_exvivo.label
srcsubject = fsaverage
trgsubject = sub-v2s4x29614_ses-1
trglabel = ./lh.BA3a_exvivo.label
regmethod = surface

srchemi = lh
trghemi = lh
trgsurface = white
srcsurfreg = sphere.reg
trgsurfreg = sphere.reg
usehash = 1
Use ProjAbs  = 0, 0
Use ProjFrac = 0, 0
DoPaint 0

SUBJECTS_DIR    /out/sourcedata/freesurfer
FREESURFER_HOME /opt/freesurfer
Loading source label.
Found 4077 points in source label.
Starting surface-based mapping
Reading source registration 
 /out/sourcedata/freesurfer/fsaverage/surf/lh.sphere.reg
Rescaling ...  original radius = 100
Reading target surface 
 /out/sourcedata/freesurfer/sub-v2s4x29614_ses-1/surf/lh.white
Reading target registration 
 /out/sourcedata/freesurfer/sub-v2s4x29614_ses-1/surf/lh.sphere.reg
Rescaling ...  original radius = 100
Building target registration hash (res=16).
Building source registration hash (res=16).
INFO: found  4077 nlabel points
Performing mapping from target back to the source label 143490
Number of reverse mapping hits = 58
Checking for and removing duplicates
Writing label file ./lh.BA3a_exvivo.label 4135
mri_label2label: Done


 mri_label2label --srcsubject fsaverage --srclabel /out/sourcedata/freesurfer/fsaverage/label/lh.BA3b_exvivo.label --trgsubject sub-v2s4x29614_ses-1 --trglabel ./lh.BA3b_exvivo.label --hemi lh --regmethod surface 


srclabel = /out/sourcedata/freesurfer/fsaverage/label/lh.BA3b_exvivo.label
srcsubject = fsaverage
trgsubject = sub-v2s4x29614_ses-1
trglabel = ./lh.BA3b_exvivo.label
regmethod = surface

srchemi = lh
trghemi = lh
trgsurface = white
srcsurfreg = sphere.reg
trgsurfreg = sphere.reg
usehash = 1
Use ProjAbs  = 0, 0
Use ProjFrac = 0, 0
DoPaint 0

SUBJECTS_DIR    /out/sourcedata/freesurfer
FREESURFER_HOME /opt/freesurfer
Loading source label.
Found 5983 points in source label.
Starting surface-based mapping
Reading source registration 
 /out/sourcedata/freesurfer/fsaverage/surf/lh.sphere.reg
Rescaling ...  original radius = 100
Reading target surface 
 /out/sourcedata/freesurfer/sub-v2s4x29614_ses-1/surf/lh.white
Reading target registration 
 /out/sourcedata/freesurfer/sub-v2s4x29614_ses-1/surf/lh.sphere.reg
Rescaling ...  original radius = 100
Building target registration hash (res=16).
Building source registration hash (res=16).
INFO: found  5983 nlabel points
Performing mapping from target back to the source label 143490
Number of reverse mapping hits = 229
Checking for and removing duplicates
Writing label file ./lh.BA3b_exvivo.label 6212
mri_label2label: Done


 mri_label2label --srcsubject fsaverage --srclabel /out/sourcedata/freesurfer/fsaverage/label/lh.BA4a_exvivo.label --trgsubject sub-v2s4x29614_ses-1 --trglabel ./lh.BA4a_exvivo.label --hemi lh --regmethod surface 


srclabel = /out/sourcedata/freesurfer/fsaverage/label/lh.BA4a_exvivo.label
srcsubject = fsaverage
trgsubject = sub-v2s4x29614_ses-1
trglabel = ./lh.BA4a_exvivo.label
regmethod = surface

srchemi = lh
trghemi = lh
trgsurface = white
srcsurfreg = sphere.reg
trgsurfreg = sphere.reg
usehash = 1
Use ProjAbs  = 0, 0
Use ProjFrac = 0, 0
DoPaint 0

SUBJECTS_DIR    /out/sourcedata/freesurfer
FREESURFER_HOME /opt/freesurfer
Loading source label.
Found 5784 points in source label.
Starting surface-based mapping
Reading source registration 
 /out/sourcedata/freesurfer/fsaverage/surf/lh.sphere.reg
Rescaling ...  original radius = 100
Reading target surface 
 /out/sourcedata/freesurfer/sub-v2s4x29614_ses-1/surf/lh.white
Reading target registration 
 /out/sourcedata/freesurfer/sub-v2s4x29614_ses-1/surf/lh.sphere.reg
Rescaling ...  original radius = 100
Building target registration hash (res=16).
Building source registration hash (res=16).
INFO: found  5784 nlabel points
Performing mapping from target back to the source label 143490
Number of reverse mapping hits = 273
Checking for and removing duplicates
Writing label file ./lh.BA4a_exvivo.label 6057
mri_label2label: Done


 mri_label2label --srcsubject fsaverage --srclabel /out/sourcedata/freesurfer/fsaverage/label/lh.BA4p_exvivo.label --trgsubject sub-v2s4x29614_ses-1 --trglabel ./lh.BA4p_exvivo.label --hemi lh --regmethod surface 


srclabel = /out/sourcedata/freesurfer/fsaverage/label/lh.BA4p_exvivo.label
srcsubject = fsaverage
trgsubject = sub-v2s4x29614_ses-1
trglabel = ./lh.BA4p_exvivo.label
regmethod = surface

srchemi = lh
trghemi = lh
trgsurface = white
srcsurfreg = sphere.reg
trgsurfreg = sphere.reg
usehash = 1
Use ProjAbs  = 0, 0
Use ProjFrac = 0, 0
DoPaint 0

SUBJECTS_DIR    /out/sourcedata/freesurfer
FREESURFER_HOME /opt/freesurfer
Loading source label.
Found 4070 points in source label.
Starting surface-based mapping
Reading source registration 
 /out/sourcedata/freesurfer/fsaverage/surf/lh.sphere.reg
Rescaling ...  original radius = 100
Reading target surface 
 /out/sourcedata/freesurfer/sub-v2s4x29614_ses-1/surf/lh.white
Reading target registration 
 /out/sourcedata/freesurfer/sub-v2s4x29614_ses-1/surf/lh.sphere.reg
Rescaling ...  original radius = 100
Building target registration hash (res=16).
Building source registration hash (res=16).
INFO: found  4070 nlabel points
Performing mapping from target back to the source label 143490
Number of reverse mapping hits = 144
Checking for and removing duplicates
Writing label file ./lh.BA4p_exvivo.label 4214
mri_label2label: Done


 mri_label2label --srcsubject fsaverage --srclabel /out/sourcedata/freesurfer/fsaverage/label/lh.BA6_exvivo.label --trgsubject sub-v2s4x29614_ses-1 --trglabel ./lh.BA6_exvivo.label --hemi lh --regmethod surface 


srclabel = /out/sourcedata/freesurfer/fsaverage/label/lh.BA6_exvivo.label
srcsubject = fsaverage
trgsubject = sub-v2s4x29614_ses-1
trglabel = ./lh.BA6_exvivo.label
regmethod = surface

srchemi = lh
trghemi = lh
trgsurface = white
srcsurfreg = sphere.reg
trgsurfreg = sphere.reg
usehash = 1
Use ProjAbs  = 0, 0
Use ProjFrac = 0, 0
DoPaint 0

SUBJECTS_DIR    /out/sourcedata/freesurfer
FREESURFER_HOME /opt/freesurfer
Loading source label.
Found 13589 points in source label.
Starting surface-based mapping
Reading source registration 
 /out/sourcedata/freesurfer/fsaverage/surf/lh.sphere.reg
Rescaling ...  original radius = 100
Reading target surface 
 /out/sourcedata/freesurfer/sub-v2s4x29614_ses-1/surf/lh.white
Reading target registration 
 /out/sourcedata/freesurfer/sub-v2s4x29614_ses-1/surf/lh.sphere.reg
Rescaling ...  original radius = 100
Building target registration hash (res=16).
Building source registration hash (res=16).
INFO: found  13589 nlabel points
Performing mapping from target back to the source label 143490
Number of reverse mapping hits = 801
Checking for and removing duplicates
Writing label file ./lh.BA6_exvivo.label 14390
mri_label2label: Done


 mri_label2label --srcsubject fsaverage --srclabel /out/sourcedata/freesurfer/fsaverage/label/lh.BA44_exvivo.label --trgsubject sub-v2s4x29614_ses-1 --trglabel ./lh.BA44_exvivo.label --hemi lh --regmethod surface 


srclabel = /out/sourcedata/freesurfer/fsaverage/label/lh.BA44_exvivo.label
srcsubject = fsaverage
trgsubject = sub-v2s4x29614_ses-1
trglabel = ./lh.BA44_exvivo.label
regmethod = surface

srchemi = lh
trghemi = lh
trgsurface = white
srcsurfreg = sphere.reg
trgsurfreg = sphere.reg
usehash = 1
Use ProjAbs  = 0, 0
Use ProjFrac = 0, 0
DoPaint 0

SUBJECTS_DIR    /out/sourcedata/freesurfer
FREESURFER_HOME /opt/freesurfer
Loading source label.
Found 4181 points in source label.
Starting surface-based mapping
Reading source registration 
 /out/sourcedata/freesurfer/fsaverage/surf/lh.sphere.reg
Rescaling ...  original radius = 100
Reading target surface 
 /out/sourcedata/freesurfer/sub-v2s4x29614_ses-1/surf/lh.white
Reading target registration 
 /out/sourcedata/freesurfer/sub-v2s4x29614_ses-1/surf/lh.sphere.reg
Rescaling ...  original radius = 100
Building target registration hash (res=16).
Building source registration hash (res=16).
INFO: found  4181 nlabel points
Performing mapping from target back to the source label 143490
Number of reverse mapping hits = 150
Checking for and removing duplicates
Writing label file ./lh.BA44_exvivo.label 4331
mri_label2label: Done


 mri_label2label --srcsubject fsaverage --srclabel /out/sourcedata/freesurfer/fsaverage/label/lh.BA45_exvivo.label --trgsubject sub-v2s4x29614_ses-1 --trglabel ./lh.BA45_exvivo.label --hemi lh --regmethod surface 


srclabel = /out/sourcedata/freesurfer/fsaverage/label/lh.BA45_exvivo.label
srcsubject = fsaverage
trgsubject = sub-v2s4x29614_ses-1
trglabel = ./lh.BA45_exvivo.label
regmethod = surface

srchemi = lh
trghemi = lh
trgsurface = white
srcsurfreg = sphere.reg
trgsurfreg = sphere.reg
usehash = 1
Use ProjAbs  = 0, 0
Use ProjFrac = 0, 0
DoPaint 0

SUBJECTS_DIR    /out/sourcedata/freesurfer
FREESURFER_HOME /opt/freesurfer
Loading source label.
Found 3422 points in source label.
Starting surface-based mapping
Reading source registration 
 /out/sourcedata/freesurfer/fsaverage/surf/lh.sphere.reg
Rescaling ...  original radius = 100
Reading target surface 
 /out/sourcedata/freesurfer/sub-v2s4x29614_ses-1/surf/lh.white
Reading target registration 
 /out/sourcedata/freesurfer/sub-v2s4x29614_ses-1/surf/lh.sphere.reg
Rescaling ...  original radius = 100
Building target registration hash (res=16).
Building source registration hash (res=16).
INFO: found  3422 nlabel points
Performing mapping from target back to the source label 143490
Number of reverse mapping hits = 520
Checking for and removing duplicates
Writing label file ./lh.BA45_exvivo.label 3942
mri_label2label: Done


 mri_label2label --srcsubject fsaverage --srclabel /out/sourcedata/freesurfer/fsaverage/label/lh.V1_exvivo.label --trgsubject sub-v2s4x29614_ses-1 --trglabel ./lh.V1_exvivo.label --hemi lh --regmethod surface 


srclabel = /out/sourcedata/freesurfer/fsaverage/label/lh.V1_exvivo.label
srcsubject = fsaverage
trgsubject = sub-v2s4x29614_ses-1
trglabel = ./lh.V1_exvivo.label
regmethod = surface

srchemi = lh
trghemi = lh
trgsurface = white
srcsurfreg = sphere.reg
trgsurfreg = sphere.reg
usehash = 1
Use ProjAbs  = 0, 0
Use ProjFrac = 0, 0
DoPaint 0

SUBJECTS_DIR    /out/sourcedata/freesurfer
FREESURFER_HOME /opt/freesurfer
Loading source label.
Found 4641 points in source label.
Starting surface-based mapping
Reading source registration 
 /out/sourcedata/freesurfer/fsaverage/surf/lh.sphere.reg
Rescaling ...  original radius = 100
Reading target surface 
 /out/sourcedata/freesurfer/sub-v2s4x29614_ses-1/surf/lh.white
Reading target registration 
 /out/sourcedata/freesurfer/sub-v2s4x29614_ses-1/surf/lh.sphere.reg
Rescaling ...  original radius = 100
Building target registration hash (res=16).
Building source registration hash (res=16).
INFO: found  4641 nlabel points
Performing mapping from target back to the source label 143490
Number of reverse mapping hits = 1610
Checking for and removing duplicates
Writing label file ./lh.V1_exvivo.label 6251
mri_label2label: Done


 mri_label2label --srcsubject fsaverage --srclabel /out/sourcedata/freesurfer/fsaverage/label/lh.V2_exvivo.label --trgsubject sub-v2s4x29614_ses-1 --trglabel ./lh.V2_exvivo.label --hemi lh --regmethod surface 


srclabel = /out/sourcedata/freesurfer/fsaverage/label/lh.V2_exvivo.label
srcsubject = fsaverage
trgsubject = sub-v2s4x29614_ses-1
trglabel = ./lh.V2_exvivo.label
regmethod = surface

srchemi = lh
trghemi = lh
trgsurface = white
srcsurfreg = sphere.reg
trgsurfreg = sphere.reg
usehash = 1
Use ProjAbs  = 0, 0
Use ProjFrac = 0, 0
DoPaint 0

SUBJECTS_DIR    /out/sourcedata/freesurfer
FREESURFER_HOME /opt/freesurfer
Loading source label.
Found 8114 points in source label.
Starting surface-based mapping
Reading source registration 
 /out/sourcedata/freesurfer/fsaverage/surf/lh.sphere.reg
Rescaling ...  original radius = 100
Reading target surface 
 /out/sourcedata/freesurfer/sub-v2s4x29614_ses-1/surf/lh.white
Reading target registration 
 /out/sourcedata/freesurfer/sub-v2s4x29614_ses-1/surf/lh.sphere.reg
Rescaling ...  original radius = 100
Building target registration hash (res=16).
Building source registration hash (res=16).
INFO: found  8114 nlabel points
Performing mapping from target back to the source label 143490
Number of reverse mapping hits = 3435
Checking for and removing duplicates
Writing label file ./lh.V2_exvivo.label 11549
mri_label2label: Done


 mri_label2label --srcsubject fsaverage --srclabel /out/sourcedata/freesurfer/fsaverage/label/lh.MT_exvivo.label --trgsubject sub-v2s4x29614_ses-1 --trglabel ./lh.MT_exvivo.label --hemi lh --regmethod surface 


srclabel = /out/sourcedata/freesurfer/fsaverage/label/lh.MT_exvivo.label
srcsubject = fsaverage
trgsubject = sub-v2s4x29614_ses-1
trglabel = ./lh.MT_exvivo.label
regmethod = surface

srchemi = lh
trghemi = lh
trgsurface = white
srcsurfreg = sphere.reg
trgsurfreg = sphere.reg
usehash = 1
Use ProjAbs  = 0, 0
Use ProjFrac = 0, 0
DoPaint 0

SUBJECTS_DIR    /out/sourcedata/freesurfer
FREESURFER_HOME /opt/freesurfer
Loading source label.
Found 2018 points in source label.
Starting surface-based mapping
Reading source registration 
 /out/sourcedata/freesurfer/fsaverage/surf/lh.sphere.reg
Rescaling ...  original radius = 100
Reading target surface 
 /out/sourcedata/freesurfer/sub-v2s4x29614_ses-1/surf/lh.white
Reading target registration 
 /out/sourcedata/freesurfer/sub-v2s4x29614_ses-1/surf/lh.sphere.reg
Rescaling ...  original radius = 100
Building target registration hash (res=16).
Building source registration hash (res=16).
INFO: found  2018 nlabel points
Performing mapping from target back to the source label 143490
Number of reverse mapping hits = 789
Checking for and removing duplicates
Writing label file ./lh.MT_exvivo.label 2807
mri_label2label: Done


 mri_label2label --srcsubject fsaverage --srclabel /out/sourcedata/freesurfer/fsaverage/label/lh.entorhinal_exvivo.label --trgsubject sub-v2s4x29614_ses-1 --trglabel ./lh.entorhinal_exvivo.label --hemi lh --regmethod surface 


srclabel = /out/sourcedata/freesurfer/fsaverage/label/lh.entorhinal_exvivo.label
srcsubject = fsaverage
trgsubject = sub-v2s4x29614_ses-1
trglabel = ./lh.entorhinal_exvivo.label
regmethod = surface

srchemi = lh
trghemi = lh
trgsurface = white
srcsurfreg = sphere.reg
trgsurfreg = sphere.reg
usehash = 1
Use ProjAbs  = 0, 0
Use ProjFrac = 0, 0
DoPaint 0

SUBJECTS_DIR    /out/sourcedata/freesurfer
FREESURFER_HOME /opt/freesurfer
Loading source label.
Found 1290 points in source label.
Starting surface-based mapping
Reading source registration 
 /out/sourcedata/freesurfer/fsaverage/surf/lh.sphere.reg
Rescaling ...  original radius = 100
Reading target surface 
 /out/sourcedata/freesurfer/sub-v2s4x29614_ses-1/surf/lh.white
Reading target registration 
 /out/sourcedata/freesurfer/sub-v2s4x29614_ses-1/surf/lh.sphere.reg
Rescaling ...  original radius = 100
Building target registration hash (res=16).
Building source registration hash (res=16).
INFO: found  1290 nlabel points
Performing mapping from target back to the source label 143490
Number of reverse mapping hits = 83
Checking for and removing duplicates
Writing label file ./lh.entorhinal_exvivo.label 1373
mri_label2label: Done


 mri_label2label --srcsubject fsaverage --srclabel /out/sourcedata/freesurfer/fsaverage/label/lh.perirhinal_exvivo.label --trgsubject sub-v2s4x29614_ses-1 --trglabel ./lh.perirhinal_exvivo.label --hemi lh --regmethod surface 


srclabel = /out/sourcedata/freesurfer/fsaverage/label/lh.perirhinal_exvivo.label
srcsubject = fsaverage
trgsubject = sub-v2s4x29614_ses-1
trglabel = ./lh.perirhinal_exvivo.label
regmethod = surface

srchemi = lh
trghemi = lh
trgsurface = white
srcsurfreg = sphere.reg
trgsurfreg = sphere.reg
usehash = 1
Use ProjAbs  = 0, 0
Use ProjFrac = 0, 0
DoPaint 0

SUBJECTS_DIR    /out/sourcedata/freesurfer
FREESURFER_HOME /opt/freesurfer
Loading source label.
Found 1199 points in source label.
Starting surface-based mapping
Reading source registration 
 /out/sourcedata/freesurfer/fsaverage/surf/lh.sphere.reg
Rescaling ...  original radius = 100
Reading target surface 
 /out/sourcedata/freesurfer/sub-v2s4x29614_ses-1/surf/lh.white
Reading target registration 
 /out/sourcedata/freesurfer/sub-v2s4x29614_ses-1/surf/lh.sphere.reg
Rescaling ...  original radius = 100
Building target registration hash (res=16).
Building source registration hash (res=16).
INFO: found  1199 nlabel points
Performing mapping from target back to the source label 143490
Number of reverse mapping hits = 71
Checking for and removing duplicates
Writing label file ./lh.perirhinal_exvivo.label 1270
mri_label2label: Done


 mri_label2label --srcsubject fsaverage --srclabel /out/sourcedata/freesurfer/fsaverage/label/lh.FG1.mpm.vpnl.label --trgsubject sub-v2s4x29614_ses-1 --trglabel ./lh.FG1.mpm.vpnl.label --hemi lh --regmethod surface 


srclabel = /out/sourcedata/freesurfer/fsaverage/label/lh.FG1.mpm.vpnl.label
srcsubject = fsaverage
trgsubject = sub-v2s4x29614_ses-1
trglabel = ./lh.FG1.mpm.vpnl.label
regmethod = surface

srchemi = lh
trghemi = lh
trgsurface = white
srcsurfreg = sphere.reg
trgsurfreg = sphere.reg
usehash = 1
Use ProjAbs  = 0, 0
Use ProjFrac = 0, 0
DoPaint 0

SUBJECTS_DIR    /out/sourcedata/freesurfer
FREESURFER_HOME /opt/freesurfer
Loading source label.
Found 414 points in source label.
Starting surface-based mapping
Reading source registration 
 /out/sourcedata/freesurfer/fsaverage/surf/lh.sphere.reg
Rescaling ...  original radius = 100
Reading target surface 
 /out/sourcedata/freesurfer/sub-v2s4x29614_ses-1/surf/lh.white
Reading target registration 
 /out/sourcedata/freesurfer/sub-v2s4x29614_ses-1/surf/lh.sphere.reg
Rescaling ...  original radius = 100
Building target registration hash (res=16).
Building source registration hash (res=16).
INFO: found  414 nlabel points
Performing mapping from target back to the source label 143490
Number of reverse mapping hits = 184
Checking for and removing duplicates
Writing label file ./lh.FG1.mpm.vpnl.label 598
mri_label2label: Done


 mri_label2label --srcsubject fsaverage --srclabel /out/sourcedata/freesurfer/fsaverage/label/lh.FG2.mpm.vpnl.label --trgsubject sub-v2s4x29614_ses-1 --trglabel ./lh.FG2.mpm.vpnl.label --hemi lh --regmethod surface 


srclabel = /out/sourcedata/freesurfer/fsaverage/label/lh.FG2.mpm.vpnl.label
srcsubject = fsaverage
trgsubject = sub-v2s4x29614_ses-1
trglabel = ./lh.FG2.mpm.vpnl.label
regmethod = surface

srchemi = lh
trghemi = lh
trgsurface = white
srcsurfreg = sphere.reg
trgsurfreg = sphere.reg
usehash = 1
Use ProjAbs  = 0, 0
Use ProjFrac = 0, 0
DoPaint 0

SUBJECTS_DIR    /out/sourcedata/freesurfer
FREESURFER_HOME /opt/freesurfer
Loading source label.
Found 703 points in source label.
Starting surface-based mapping
Reading source registration 
 /out/sourcedata/freesurfer/fsaverage/surf/lh.sphere.reg
Rescaling ...  original radius = 100
Reading target surface 
 /out/sourcedata/freesurfer/sub-v2s4x29614_ses-1/surf/lh.white
Reading target registration 
 /out/sourcedata/freesurfer/sub-v2s4x29614_ses-1/surf/lh.sphere.reg
Rescaling ...  original radius = 100
Building target registration hash (res=16).
Building source registration hash (res=16).
INFO: found  703 nlabel points
Performing mapping from target back to the source label 143490
Number of reverse mapping hits = 245
Checking for and removing duplicates
Writing label file ./lh.FG2.mpm.vpnl.label 948
mri_label2label: Done


 mri_label2label --srcsubject fsaverage --srclabel /out/sourcedata/freesurfer/fsaverage/label/lh.FG3.mpm.vpnl.label --trgsubject sub-v2s4x29614_ses-1 --trglabel ./lh.FG3.mpm.vpnl.label --hemi lh --regmethod surface 


srclabel = /out/sourcedata/freesurfer/fsaverage/label/lh.FG3.mpm.vpnl.label
srcsubject = fsaverage
trgsubject = sub-v2s4x29614_ses-1
trglabel = ./lh.FG3.mpm.vpnl.label
regmethod = surface

srchemi = lh
trghemi = lh
trgsurface = white
srcsurfreg = sphere.reg
trgsurfreg = sphere.reg
usehash = 1
Use ProjAbs  = 0, 0
Use ProjFrac = 0, 0
DoPaint 0

SUBJECTS_DIR    /out/sourcedata/freesurfer
FREESURFER_HOME /opt/freesurfer
Loading source label.
Found 1873 points in source label.
Starting surface-based mapping
Reading source registration 
 /out/sourcedata/freesurfer/fsaverage/surf/lh.sphere.reg
Rescaling ...  original radius = 100
Reading target surface 
 /out/sourcedata/freesurfer/sub-v2s4x29614_ses-1/surf/lh.white
Reading target registration 
 /out/sourcedata/freesurfer/sub-v2s4x29614_ses-1/surf/lh.sphere.reg
Rescaling ...  original radius = 100
Building target registration hash (res=16).
Building source registration hash (res=16).
INFO: found  1873 nlabel points
Performing mapping from target back to the source label 143490
Number of reverse mapping hits = 286
Checking for and removing duplicates
Writing label file ./lh.FG3.mpm.vpnl.label 2159
mri_label2label: Done


 mri_label2label --srcsubject fsaverage --srclabel /out/sourcedata/freesurfer/fsaverage/label/lh.FG4.mpm.vpnl.label --trgsubject sub-v2s4x29614_ses-1 --trglabel ./lh.FG4.mpm.vpnl.label --hemi lh --regmethod surface 


srclabel = /out/sourcedata/freesurfer/fsaverage/label/lh.FG4.mpm.vpnl.label
srcsubject = fsaverage
trgsubject = sub-v2s4x29614_ses-1
trglabel = ./lh.FG4.mpm.vpnl.label
regmethod = surface

srchemi = lh
trghemi = lh
trgsurface = white
srcsurfreg = sphere.reg
trgsurfreg = sphere.reg
usehash = 1
Use ProjAbs  = 0, 0
Use ProjFrac = 0, 0
DoPaint 0

SUBJECTS_DIR    /out/sourcedata/freesurfer
FREESURFER_HOME /opt/freesurfer
Loading source label.
Found 2101 points in source label.
Starting surface-based mapping
Reading source registration 
 /out/sourcedata/freesurfer/fsaverage/surf/lh.sphere.reg
Rescaling ...  original radius = 100
Reading target surface 
 /out/sourcedata/freesurfer/sub-v2s4x29614_ses-1/surf/lh.white
Reading target registration 
 /out/sourcedata/freesurfer/sub-v2s4x29614_ses-1/surf/lh.sphere.reg
Rescaling ...  original radius = 100
Building target registration hash (res=16).
Building source registration hash (res=16).
INFO: found  2101 nlabel points
Performing mapping from target back to the source label 143490
Number of reverse mapping hits = 401
Checking for and removing duplicates
Writing label file ./lh.FG4.mpm.vpnl.label 2502
mri_label2label: Done


 mri_label2label --srcsubject fsaverage --srclabel /out/sourcedata/freesurfer/fsaverage/label/lh.hOc1.mpm.vpnl.label --trgsubject sub-v2s4x29614_ses-1 --trglabel ./lh.hOc1.mpm.vpnl.label --hemi lh --regmethod surface 


srclabel = /out/sourcedata/freesurfer/fsaverage/label/lh.hOc1.mpm.vpnl.label
srcsubject = fsaverage
trgsubject = sub-v2s4x29614_ses-1
trglabel = ./lh.hOc1.mpm.vpnl.label
regmethod = surface

srchemi = lh
trghemi = lh
trgsurface = white
srcsurfreg = sphere.reg
trgsurfreg = sphere.reg
usehash = 1
Use ProjAbs  = 0, 0
Use ProjFrac = 0, 0
DoPaint 0

SUBJECTS_DIR    /out/sourcedata/freesurfer
FREESURFER_HOME /opt/freesurfer
Loading source label.
Found 3877 points in source label.
Starting surface-based mapping
Reading source registration 
 /out/sourcedata/freesurfer/fsaverage/surf/lh.sphere.reg
Rescaling ...  original radius = 100
Reading target surface 
 /out/sourcedata/freesurfer/sub-v2s4x29614_ses-1/surf/lh.white
Reading target registration 
 /out/sourcedata/freesurfer/sub-v2s4x29614_ses-1/surf/lh.sphere.reg
Rescaling ...  original radius = 100
Building target registration hash (res=16).
Building source registration hash (res=16).
INFO: found  3877 nlabel points
Performing mapping from target back to the source label 143490
Number of reverse mapping hits = 1160
Checking for and removing duplicates
Writing label file ./lh.hOc1.mpm.vpnl.label 5037
mri_label2label: Done


 mri_label2label --srcsubject fsaverage --srclabel /out/sourcedata/freesurfer/fsaverage/label/lh.hOc2.mpm.vpnl.label --trgsubject sub-v2s4x29614_ses-1 --trglabel ./lh.hOc2.mpm.vpnl.label --hemi lh --regmethod surface 


srclabel = /out/sourcedata/freesurfer/fsaverage/label/lh.hOc2.mpm.vpnl.label
srcsubject = fsaverage
trgsubject = sub-v2s4x29614_ses-1
trglabel = ./lh.hOc2.mpm.vpnl.label
regmethod = surface

srchemi = lh
trghemi = lh
trgsurface = white
srcsurfreg = sphere.reg
trgsurfreg = sphere.reg
usehash = 1
Use ProjAbs  = 0, 0
Use ProjFrac = 0, 0
DoPaint 0

SUBJECTS_DIR    /out/sourcedata/freesurfer
FREESURFER_HOME /opt/freesurfer
Loading source label.
Found 2919 points in source label.
Starting surface-based mapping
Reading source registration 
 /out/sourcedata/freesurfer/fsaverage/surf/lh.sphere.reg
Rescaling ...  original radius = 100
Reading target surface 
 /out/sourcedata/freesurfer/sub-v2s4x29614_ses-1/surf/lh.white
Reading target registration 
 /out/sourcedata/freesurfer/sub-v2s4x29614_ses-1/surf/lh.sphere.reg
Rescaling ...  original radius = 100
Building target registration hash (res=16).
Building source registration hash (res=16).
INFO: found  2919 nlabel points
Performing mapping from target back to the source label 143490
Number of reverse mapping hits = 1381
Checking for and removing duplicates
Writing label file ./lh.hOc2.mpm.vpnl.label 4300
mri_label2label: Done


 mri_label2label --srcsubject fsaverage --srclabel /out/sourcedata/freesurfer/fsaverage/label/lh.hOc3v.mpm.vpnl.label --trgsubject sub-v2s4x29614_ses-1 --trglabel ./lh.hOc3v.mpm.vpnl.label --hemi lh --regmethod surface 


srclabel = /out/sourcedata/freesurfer/fsaverage/label/lh.hOc3v.mpm.vpnl.label
srcsubject = fsaverage
trgsubject = sub-v2s4x29614_ses-1
trglabel = ./lh.hOc3v.mpm.vpnl.label
regmethod = surface

srchemi = lh
trghemi = lh
trgsurface = white
srcsurfreg = sphere.reg
trgsurfreg = sphere.reg
usehash = 1
Use ProjAbs  = 0, 0
Use ProjFrac = 0, 0
DoPaint 0

SUBJECTS_DIR    /out/sourcedata/freesurfer
FREESURFER_HOME /opt/freesurfer
Loading source label.
Found 1286 points in source label.
Starting surface-based mapping
Reading source registration 
 /out/sourcedata/freesurfer/fsaverage/surf/lh.sphere.reg
Rescaling ...  original radius = 100
Reading target surface 
 /out/sourcedata/freesurfer/sub-v2s4x29614_ses-1/surf/lh.white
Reading target registration 
 /out/sourcedata/freesurfer/sub-v2s4x29614_ses-1/surf/lh.sphere.reg
Rescaling ...  original radius = 100
Building target registration hash (res=16).
Building source registration hash (res=16).
INFO: found  1286 nlabel points
Performing mapping from target back to the source label 143490
Number of reverse mapping hits = 856
Checking for and removing duplicates
Writing label file ./lh.hOc3v.mpm.vpnl.label 2142
mri_label2label: Done


 mri_label2label --srcsubject fsaverage --srclabel /out/sourcedata/freesurfer/fsaverage/label/lh.hOc4v.mpm.vpnl.label --trgsubject sub-v2s4x29614_ses-1 --trglabel ./lh.hOc4v.mpm.vpnl.label --hemi lh --regmethod surface 


srclabel = /out/sourcedata/freesurfer/fsaverage/label/lh.hOc4v.mpm.vpnl.label
srcsubject = fsaverage
trgsubject = sub-v2s4x29614_ses-1
trglabel = ./lh.hOc4v.mpm.vpnl.label
regmethod = surface

srchemi = lh
trghemi = lh
trgsurface = white
srcsurfreg = sphere.reg
trgsurfreg = sphere.reg
usehash = 1
Use ProjAbs  = 0, 0
Use ProjFrac = 0, 0
DoPaint 0

SUBJECTS_DIR    /out/sourcedata/freesurfer
FREESURFER_HOME /opt/freesurfer
Loading source label.
Found 1006 points in source label.
Starting surface-based mapping
Reading source registration 
 /out/sourcedata/freesurfer/fsaverage/surf/lh.sphere.reg
Rescaling ...  original radius = 100
Reading target surface 
 /out/sourcedata/freesurfer/sub-v2s4x29614_ses-1/surf/lh.white
Reading target registration 
 /out/sourcedata/freesurfer/sub-v2s4x29614_ses-1/surf/lh.sphere.reg
Rescaling ...  original radius = 100
Building target registration hash (res=16).
Building source registration hash (res=16).
INFO: found  1006 nlabel points
Performing mapping from target back to the source label 143490
Number of reverse mapping hits = 577
Checking for and removing duplicates
Writing label file ./lh.hOc4v.mpm.vpnl.label 1583
mri_label2label: Done


 mris_label2annot --s sub-v2s4x29614_ses-1 --ctab /opt/freesurfer/average/colortable_vpnl.txt --hemi lh --a mpm.vpnl --maxstatwinner --noverbose --l lh.FG1.mpm.vpnl.label --l lh.FG2.mpm.vpnl.label --l lh.FG3.mpm.vpnl.label --l lh.FG4.mpm.vpnl.label --l lh.hOc1.mpm.vpnl.label --l lh.hOc2.mpm.vpnl.label --l lh.hOc3v.mpm.vpnl.label --l lh.hOc4v.mpm.vpnl.label 

Reading ctab /opt/freesurfer/average/colortable_vpnl.txt
Number of ctab entries 9

7.3.2
cwd /out/sourcedata/freesurfer/sub-v2s4x29614_ses-1/label
cmdline mris_label2annot --s sub-v2s4x29614_ses-1 --ctab /opt/freesurfer/average/colortable_vpnl.txt --hemi lh --a mpm.vpnl --maxstatwinner --noverbose --l lh.FG1.mpm.vpnl.label --l lh.FG2.mpm.vpnl.label --l lh.FG3.mpm.vpnl.label --l lh.FG4.mpm.vpnl.label --l lh.hOc1.mpm.vpnl.label --l lh.hOc2.mpm.vpnl.label --l lh.hOc3v.mpm.vpnl.label --l lh.hOc4v.mpm.vpnl.label 
sysname  Linux
hostname dna050
machine  x86_64
user     oesteban

subject sub-v2s4x29614_ses-1
hemi    lh
SUBJECTS_DIR /out/sourcedata/freesurfer
ColorTable /opt/freesurfer/average/colortable_vpnl.txt
AnnotName  mpm.vpnl
nlables 8
LabelThresh 0 0.000000
Loading /out/sourcedata/freesurfer/sub-v2s4x29614_ses-1/surf/lh.orig
 1 1376057 FG1
 2 16711935 FG2
 3 16711680 FG3
 4 1705837 FG4
 5 25600 hOc1
 6 255 hOc2
 7 16776960 hOc3v
 8 65535 hOc4v
Mapping unhit to unknown
Found 125578 unhit vertices
Writing annot to /out/sourcedata/freesurfer/sub-v2s4x29614_ses-1/label/lh.mpm.vpnl.annot

 mri_label2label --srcsubject fsaverage --srclabel /out/sourcedata/freesurfer/fsaverage/label/lh.BA1_exvivo.thresh.label --trgsubject sub-v2s4x29614_ses-1 --trglabel ./lh.BA1_exvivo.thresh.label --hemi lh --regmethod surface 


srclabel = /out/sourcedata/freesurfer/fsaverage/label/lh.BA1_exvivo.thresh.label
srcsubject = fsaverage
trgsubject = sub-v2s4x29614_ses-1
trglabel = ./lh.BA1_exvivo.thresh.label
regmethod = surface

srchemi = lh
trghemi = lh
trgsurface = white
srcsurfreg = sphere.reg
trgsurfreg = sphere.reg
usehash = 1
Use ProjAbs  = 0, 0
Use ProjFrac = 0, 0
DoPaint 0

SUBJECTS_DIR    /out/sourcedata/freesurfer
FREESURFER_HOME /opt/freesurfer
Loading source label.
Found 1014 points in source label.
Starting surface-based mapping
Reading source registration 
 /out/sourcedata/freesurfer/fsaverage/surf/lh.sphere.reg
Rescaling ...  original radius = 100
Reading target surface 
 /out/sourcedata/freesurfer/sub-v2s4x29614_ses-1/surf/lh.white
Reading target registration 
 /out/sourcedata/freesurfer/sub-v2s4x29614_ses-1/surf/lh.sphere.reg
Rescaling ...  original radius = 100
Building target registration hash (res=16).
Building source registration hash (res=16).
INFO: found  1014 nlabel points
Performing mapping from target back to the source label 143490
Number of reverse mapping hits = 54
Checking for and removing duplicates
Writing label file ./lh.BA1_exvivo.thresh.label 1068
mri_label2label: Done


 mri_label2label --srcsubject fsaverage --srclabel /out/sourcedata/freesurfer/fsaverage/label/lh.BA2_exvivo.thresh.label --trgsubject sub-v2s4x29614_ses-1 --trglabel ./lh.BA2_exvivo.thresh.label --hemi lh --regmethod surface 


srclabel = /out/sourcedata/freesurfer/fsaverage/label/lh.BA2_exvivo.thresh.label
srcsubject = fsaverage
trgsubject = sub-v2s4x29614_ses-1
trglabel = ./lh.BA2_exvivo.thresh.label
regmethod = surface

srchemi = lh
trghemi = lh
trgsurface = white
srcsurfreg = sphere.reg
trgsurfreg = sphere.reg
usehash = 1
Use ProjAbs  = 0, 0
Use ProjFrac = 0, 0
DoPaint 0

SUBJECTS_DIR    /out/sourcedata/freesurfer
FREESURFER_HOME /opt/freesurfer
Loading source label.
Found 2092 points in source label.
Starting surface-based mapping
Reading source registration 
 /out/sourcedata/freesurfer/fsaverage/surf/lh.sphere.reg
Rescaling ...  original radius = 100
Reading target surface 
 /out/sourcedata/freesurfer/sub-v2s4x29614_ses-1/surf/lh.white
Reading target registration 
 /out/sourcedata/freesurfer/sub-v2s4x29614_ses-1/surf/lh.sphere.reg
Rescaling ...  original radius = 100
Building target registration hash (res=16).
Building source registration hash (res=16).
INFO: found  2092 nlabel points
Performing mapping from target back to the source label 143490
Number of reverse mapping hits = 279
Checking for and removing duplicates
Writing label file ./lh.BA2_exvivo.thresh.label 2371
mri_label2label: Done


 mri_label2label --srcsubject fsaverage --srclabel /out/sourcedata/freesurfer/fsaverage/label/lh.BA3a_exvivo.thresh.label --trgsubject sub-v2s4x29614_ses-1 --trglabel ./lh.BA3a_exvivo.thresh.label --hemi lh --regmethod surface 


srclabel = /out/sourcedata/freesurfer/fsaverage/label/lh.BA3a_exvivo.thresh.label
srcsubject = fsaverage
trgsubject = sub-v2s4x29614_ses-1
trglabel = ./lh.BA3a_exvivo.thresh.label
regmethod = surface

srchemi = lh
trghemi = lh
trgsurface = white
srcsurfreg = sphere.reg
trgsurfreg = sphere.reg
usehash = 1
Use ProjAbs  = 0, 0
Use ProjFrac = 0, 0
DoPaint 0

SUBJECTS_DIR    /out/sourcedata/freesurfer
FREESURFER_HOME /opt/freesurfer
Loading source label.
Found 1504 points in source label.
Starting surface-based mapping
Reading source registration 
 /out/sourcedata/freesurfer/fsaverage/surf/lh.sphere.reg
Rescaling ...  original radius = 100
Reading target surface 
 /out/sourcedata/freesurfer/sub-v2s4x29614_ses-1/surf/lh.white
Reading target registration 
 /out/sourcedata/freesurfer/sub-v2s4x29614_ses-1/surf/lh.sphere.reg
Rescaling ...  original radius = 100
Building target registration hash (res=16).
Building source registration hash (res=16).
INFO: found  1504 nlabel points
Performing mapping from target back to the source label 143490
Number of reverse mapping hits = 40
Checking for and removing duplicates
Writing label file ./lh.BA3a_exvivo.thresh.label 1544
mri_label2label: Done


 mri_label2label --srcsubject fsaverage --srclabel /out/sourcedata/freesurfer/fsaverage/label/lh.BA3b_exvivo.thresh.label --trgsubject sub-v2s4x29614_ses-1 --trglabel ./lh.BA3b_exvivo.thresh.label --hemi lh --regmethod surface 


srclabel = /out/sourcedata/freesurfer/fsaverage/label/lh.BA3b_exvivo.thresh.label
srcsubject = fsaverage
trgsubject = sub-v2s4x29614_ses-1
trglabel = ./lh.BA3b_exvivo.thresh.label
regmethod = surface

srchemi = lh
trghemi = lh
trgsurface = white
srcsurfreg = sphere.reg
trgsurfreg = sphere.reg
usehash = 1
Use ProjAbs  = 0, 0
Use ProjFrac = 0, 0
DoPaint 0

SUBJECTS_DIR    /out/sourcedata/freesurfer
FREESURFER_HOME /opt/freesurfer
Loading source label.
Found 1996 points in source label.
Starting surface-based mapping
Reading source registration 
 /out/sourcedata/freesurfer/fsaverage/surf/lh.sphere.reg
Rescaling ...  original radius = 100
Reading target surface 
 /out/sourcedata/freesurfer/sub-v2s4x29614_ses-1/surf/lh.white
Reading target registration 
 /out/sourcedata/freesurfer/sub-v2s4x29614_ses-1/surf/lh.sphere.reg
Rescaling ...  original radius = 100
Building target registration hash (res=16).
Building source registration hash (res=16).
INFO: found  1996 nlabel points
Performing mapping from target back to the source label 143490
Number of reverse mapping hits = 78
Checking for and removing duplicates
Writing label file ./lh.BA3b_exvivo.thresh.label 2074
mri_label2label: Done


 mri_label2label --srcsubject fsaverage --srclabel /out/sourcedata/freesurfer/fsaverage/label/lh.BA4a_exvivo.thresh.label --trgsubject sub-v2s4x29614_ses-1 --trglabel ./lh.BA4a_exvivo.thresh.label --hemi lh --regmethod surface 


srclabel = /out/sourcedata/freesurfer/fsaverage/label/lh.BA4a_exvivo.thresh.label
srcsubject = fsaverage
trgsubject = sub-v2s4x29614_ses-1
trglabel = ./lh.BA4a_exvivo.thresh.label
regmethod = surface

srchemi = lh
trghemi = lh
trgsurface = white
srcsurfreg = sphere.reg
trgsurfreg = sphere.reg
usehash = 1
Use ProjAbs  = 0, 0
Use ProjFrac = 0, 0
DoPaint 0

SUBJECTS_DIR    /out/sourcedata/freesurfer
FREESURFER_HOME /opt/freesurfer
Loading source label.
Found 2319 points in source label.
Starting surface-based mapping
Reading source registration 
 /out/sourcedata/freesurfer/fsaverage/surf/lh.sphere.reg
Rescaling ...  original radius = 100
Reading target surface 
 /out/sourcedata/freesurfer/sub-v2s4x29614_ses-1/surf/lh.white
Reading target registration 
 /out/sourcedata/freesurfer/sub-v2s4x29614_ses-1/surf/lh.sphere.reg
Rescaling ...  original radius = 100
Building target registration hash (res=16).
Building source registration hash (res=16).
INFO: found  2319 nlabel points
Performing mapping from target back to the source label 143490
Number of reverse mapping hits = 130
Checking for and removing duplicates
Writing label file ./lh.BA4a_exvivo.thresh.label 2449
mri_label2label: Done


 mri_label2label --srcsubject fsaverage --srclabel /out/sourcedata/freesurfer/fsaverage/label/lh.BA4p_exvivo.thresh.label --trgsubject sub-v2s4x29614_ses-1 --trglabel ./lh.BA4p_exvivo.thresh.label --hemi lh --regmethod surface 


srclabel = /out/sourcedata/freesurfer/fsaverage/label/lh.BA4p_exvivo.thresh.label
srcsubject = fsaverage
trgsubject = sub-v2s4x29614_ses-1
trglabel = ./lh.BA4p_exvivo.thresh.label
regmethod = surface

srchemi = lh
trghemi = lh
trgsurface = white
srcsurfreg = sphere.reg
trgsurfreg = sphere.reg
usehash = 1
Use ProjAbs  = 0, 0
Use ProjFrac = 0, 0
DoPaint 0

SUBJECTS_DIR    /out/sourcedata/freesurfer
FREESURFER_HOME /opt/freesurfer
Loading source label.
Found 1549 points in source label.
Starting surface-based mapping
Reading source registration 
 /out/sourcedata/freesurfer/fsaverage/surf/lh.sphere.reg
Rescaling ...  original radius = 100
Reading target surface 
 /out/sourcedata/freesurfer/sub-v2s4x29614_ses-1/surf/lh.white
Reading target registration 
 /out/sourcedata/freesurfer/sub-v2s4x29614_ses-1/surf/lh.sphere.reg
Rescaling ...  original radius = 100
Building target registration hash (res=16).
Building source registration hash (res=16).
INFO: found  1549 nlabel points
Performing mapping from target back to the source label 143490
Number of reverse mapping hits = 29
Checking for and removing duplicates
Writing label file ./lh.BA4p_exvivo.thresh.label 1578
mri_label2label: Done


 mri_label2label --srcsubject fsaverage --srclabel /out/sourcedata/freesurfer/fsaverage/label/lh.BA6_exvivo.thresh.label --trgsubject sub-v2s4x29614_ses-1 --trglabel ./lh.BA6_exvivo.thresh.label --hemi lh --regmethod surface 


srclabel = /out/sourcedata/freesurfer/fsaverage/label/lh.BA6_exvivo.thresh.label
srcsubject = fsaverage
trgsubject = sub-v2s4x29614_ses-1
trglabel = ./lh.BA6_exvivo.thresh.label
regmethod = surface

srchemi = lh
trghemi = lh
trgsurface = white
srcsurfreg = sphere.reg
trgsurfreg = sphere.reg
usehash = 1
Use ProjAbs  = 0, 0
Use ProjFrac = 0, 0
DoPaint 0

SUBJECTS_DIR    /out/sourcedata/freesurfer
FREESURFER_HOME /opt/freesurfer
Loading source label.
Found 7035 points in source label.
Starting surface-based mapping
Reading source registration 
 /out/sourcedata/freesurfer/fsaverage/surf/lh.sphere.reg
Rescaling ...  original radius = 100
Reading target surface 
 /out/sourcedata/freesurfer/sub-v2s4x29614_ses-1/surf/lh.white
Reading target registration 
 /out/sourcedata/freesurfer/sub-v2s4x29614_ses-1/surf/lh.sphere.reg
Rescaling ...  original radius = 100
Building target registration hash (res=16).
Building source registration hash (res=16).
INFO: found  7035 nlabel points
Performing mapping from target back to the source label 143490
Number of reverse mapping hits = 396
Checking for and removing duplicates
Writing label file ./lh.BA6_exvivo.thresh.label 7431
mri_label2label: Done


 mri_label2label --srcsubject fsaverage --srclabel /out/sourcedata/freesurfer/fsaverage/label/lh.BA44_exvivo.thresh.label --trgsubject sub-v2s4x29614_ses-1 --trglabel ./lh.BA44_exvivo.thresh.label --hemi lh --regmethod surface 


srclabel = /out/sourcedata/freesurfer/fsaverage/label/lh.BA44_exvivo.thresh.label
srcsubject = fsaverage
trgsubject = sub-v2s4x29614_ses-1
trglabel = ./lh.BA44_exvivo.thresh.label
regmethod = surface

srchemi = lh
trghemi = lh
trgsurface = white
srcsurfreg = sphere.reg
trgsurfreg = sphere.reg
usehash = 1
Use ProjAbs  = 0, 0
Use ProjFrac = 0, 0
DoPaint 0

SUBJECTS_DIR    /out/sourcedata/freesurfer
FREESURFER_HOME /opt/freesurfer
Loading source label.
Found 1912 points in source label.
Starting surface-based mapping
Reading source registration 
 /out/sourcedata/freesurfer/fsaverage/surf/lh.sphere.reg
Rescaling ...  original radius = 100
Reading target surface 
 /out/sourcedata/freesurfer/sub-v2s4x29614_ses-1/surf/lh.white
Reading target registration 
 /out/sourcedata/freesurfer/sub-v2s4x29614_ses-1/surf/lh.sphere.reg
Rescaling ...  original radius = 100
Building target registration hash (res=16).
Building source registration hash (res=16).
INFO: found  1912 nlabel points
Performing mapping from target back to the source label 143490
Number of reverse mapping hits = 63
Checking for and removing duplicates
Writing label file ./lh.BA44_exvivo.thresh.label 1975
mri_label2label: Done


 mri_label2label --srcsubject fsaverage --srclabel /out/sourcedata/freesurfer/fsaverage/label/lh.BA45_exvivo.thresh.label --trgsubject sub-v2s4x29614_ses-1 --trglabel ./lh.BA45_exvivo.thresh.label --hemi lh --regmethod surface 


srclabel = /out/sourcedata/freesurfer/fsaverage/label/lh.BA45_exvivo.thresh.label
srcsubject = fsaverage
trgsubject = sub-v2s4x29614_ses-1
trglabel = ./lh.BA45_exvivo.thresh.label
regmethod = surface

srchemi = lh
trghemi = lh
trgsurface = white
srcsurfreg = sphere.reg
trgsurfreg = sphere.reg
usehash = 1
Use ProjAbs  = 0, 0
Use ProjFrac = 0, 0
DoPaint 0

SUBJECTS_DIR    /out/sourcedata/freesurfer
FREESURFER_HOME /opt/freesurfer
Loading source label.
Found 1151 points in source label.
Starting surface-based mapping
Reading source registration 
 /out/sourcedata/freesurfer/fsaverage/surf/lh.sphere.reg
Rescaling ...  original radius = 100
Reading target surface 
 /out/sourcedata/freesurfer/sub-v2s4x29614_ses-1/surf/lh.white
Reading target registration 
 /out/sourcedata/freesurfer/sub-v2s4x29614_ses-1/surf/lh.sphere.reg
Rescaling ...  original radius = 100
Building target registration hash (res=16).
Building source registration hash (res=16).
INFO: found  1151 nlabel points
Performing mapping from target back to the source label 143490
Number of reverse mapping hits = 162
Checking for and removing duplicates
Writing label file ./lh.BA45_exvivo.thresh.label 1313
mri_label2label: Done


 mri_label2label --srcsubject fsaverage --srclabel /out/sourcedata/freesurfer/fsaverage/label/lh.V1_exvivo.thresh.label --trgsubject sub-v2s4x29614_ses-1 --trglabel ./lh.V1_exvivo.thresh.label --hemi lh --regmethod surface 


srclabel = /out/sourcedata/freesurfer/fsaverage/label/lh.V1_exvivo.thresh.label
srcsubject = fsaverage
trgsubject = sub-v2s4x29614_ses-1
trglabel = ./lh.V1_exvivo.thresh.label
regmethod = surface

srchemi = lh
trghemi = lh
trgsurface = white
srcsurfreg = sphere.reg
trgsurfreg = sphere.reg
usehash = 1
Use ProjAbs  = 0, 0
Use ProjFrac = 0, 0
DoPaint 0

SUBJECTS_DIR    /out/sourcedata/freesurfer
FREESURFER_HOME /opt/freesurfer
Loading source label.
Found 3405 points in source label.
Starting surface-based mapping
Reading source registration 
 /out/sourcedata/freesurfer/fsaverage/surf/lh.sphere.reg
Rescaling ...  original radius = 100
Reading target surface 
 /out/sourcedata/freesurfer/sub-v2s4x29614_ses-1/surf/lh.white
Reading target registration 
 /out/sourcedata/freesurfer/sub-v2s4x29614_ses-1/surf/lh.sphere.reg
Rescaling ...  original radius = 100
Building target registration hash (res=16).
Building source registration hash (res=16).
INFO: found  3405 nlabel points
Performing mapping from target back to the source label 143490
Number of reverse mapping hits = 1093
Checking for and removing duplicates
Writing label file ./lh.V1_exvivo.thresh.label 4498
mri_label2label: Done


 mri_label2label --srcsubject fsaverage --srclabel /out/sourcedata/freesurfer/fsaverage/label/lh.V2_exvivo.thresh.label --trgsubject sub-v2s4x29614_ses-1 --trglabel ./lh.V2_exvivo.thresh.label --hemi lh --regmethod surface 


srclabel = /out/sourcedata/freesurfer/fsaverage/label/lh.V2_exvivo.thresh.label
srcsubject = fsaverage
trgsubject = sub-v2s4x29614_ses-1
trglabel = ./lh.V2_exvivo.thresh.label
regmethod = surface

srchemi = lh
trghemi = lh
trgsurface = white
srcsurfreg = sphere.reg
trgsurfreg = sphere.reg
usehash = 1
Use ProjAbs  = 0, 0
Use ProjFrac = 0, 0
DoPaint 0

SUBJECTS_DIR    /out/sourcedata/freesurfer
FREESURFER_HOME /opt/freesurfer
Loading source label.
Found 3334 points in source label.
Starting surface-based mapping
Reading source registration 
 /out/sourcedata/freesurfer/fsaverage/surf/lh.sphere.reg
Rescaling ...  original radius = 100
Reading target surface 
 /out/sourcedata/freesurfer/sub-v2s4x29614_ses-1/surf/lh.white
Reading target registration 
 /out/sourcedata/freesurfer/sub-v2s4x29614_ses-1/surf/lh.sphere.reg
Rescaling ...  original radius = 100
Building target registration hash (res=16).
Building source registration hash (res=16).
INFO: found  3334 nlabel points
Performing mapping from target back to the source label 143490
Number of reverse mapping hits = 1585
Checking for and removing duplicates
Writing label file ./lh.V2_exvivo.thresh.label 4919
mri_label2label: Done


 mri_label2label --srcsubject fsaverage --srclabel /out/sourcedata/freesurfer/fsaverage/label/lh.MT_exvivo.thresh.label --trgsubject sub-v2s4x29614_ses-1 --trglabel ./lh.MT_exvivo.thresh.label --hemi lh --regmethod surface 


srclabel = /out/sourcedata/freesurfer/fsaverage/label/lh.MT_exvivo.thresh.label
srcsubject = fsaverage
trgsubject = sub-v2s4x29614_ses-1
trglabel = ./lh.MT_exvivo.thresh.label
regmethod = surface

srchemi = lh
trghemi = lh
trgsurface = white
srcsurfreg = sphere.reg
trgsurfreg = sphere.reg
usehash = 1
Use ProjAbs  = 0, 0
Use ProjFrac = 0, 0
DoPaint 0

SUBJECTS_DIR    /out/sourcedata/freesurfer
FREESURFER_HOME /opt/freesurfer
Loading source label.
Found 513 points in source label.
Starting surface-based mapping
Reading source registration 
 /out/sourcedata/freesurfer/fsaverage/surf/lh.sphere.reg
Rescaling ...  original radius = 100
Reading target surface 
 /out/sourcedata/freesurfer/sub-v2s4x29614_ses-1/surf/lh.white
Reading target registration 
 /out/sourcedata/freesurfer/sub-v2s4x29614_ses-1/surf/lh.sphere.reg
Rescaling ...  original radius = 100
Building target registration hash (res=16).
Building source registration hash (res=16).
INFO: found  513 nlabel points
Performing mapping from target back to the source label 143490
Number of reverse mapping hits = 182
Checking for and removing duplicates
Writing label file ./lh.MT_exvivo.thresh.label 695
mri_label2label: Done


 mri_label2label --srcsubject fsaverage --srclabel /out/sourcedata/freesurfer/fsaverage/label/lh.entorhinal_exvivo.thresh.label --trgsubject sub-v2s4x29614_ses-1 --trglabel ./lh.entorhinal_exvivo.thresh.label --hemi lh --regmethod surface 


srclabel = /out/sourcedata/freesurfer/fsaverage/label/lh.entorhinal_exvivo.thresh.label
srcsubject = fsaverage
trgsubject = sub-v2s4x29614_ses-1
trglabel = ./lh.entorhinal_exvivo.thresh.label
regmethod = surface

srchemi = lh
trghemi = lh
trgsurface = white
srcsurfreg = sphere.reg
trgsurfreg = sphere.reg
usehash = 1
Use ProjAbs  = 0, 0
Use ProjFrac = 0, 0
DoPaint 0

SUBJECTS_DIR    /out/sourcedata/freesurfer
FREESURFER_HOME /opt/freesurfer
Loading source label.
Found 470 points in source label.
Starting surface-based mapping
Reading source registration 
 /out/sourcedata/freesurfer/fsaverage/surf/lh.sphere.reg
Rescaling ...  original radius = 100
Reading target surface 
 /out/sourcedata/freesurfer/sub-v2s4x29614_ses-1/surf/lh.white
Reading target registration 
 /out/sourcedata/freesurfer/sub-v2s4x29614_ses-1/surf/lh.sphere.reg
Rescaling ...  original radius = 100
Building target registration hash (res=16).
Building source registration hash (res=16).
INFO: found  470 nlabel points
Performing mapping from target back to the source label 143490
Number of reverse mapping hits = 21
Checking for and removing duplicates
Writing label file ./lh.entorhinal_exvivo.thresh.label 491
mri_label2label: Done


 mri_label2label --srcsubject fsaverage --srclabel /out/sourcedata/freesurfer/fsaverage/label/lh.perirhinal_exvivo.thresh.label --trgsubject sub-v2s4x29614_ses-1 --trglabel ./lh.perirhinal_exvivo.thresh.label --hemi lh --regmethod surface 


srclabel = /out/sourcedata/freesurfer/fsaverage/label/lh.perirhinal_exvivo.thresh.label
srcsubject = fsaverage
trgsubject = sub-v2s4x29614_ses-1
trglabel = ./lh.perirhinal_exvivo.thresh.label
regmethod = surface

srchemi = lh
trghemi = lh
trgsurface = white
srcsurfreg = sphere.reg
trgsurfreg = sphere.reg
usehash = 1
Use ProjAbs  = 0, 0
Use ProjFrac = 0, 0
DoPaint 0

SUBJECTS_DIR    /out/sourcedata/freesurfer
FREESURFER_HOME /opt/freesurfer
Loading source label.
Found 450 points in source label.
Starting surface-based mapping
Reading source registration 
 /out/sourcedata/freesurfer/fsaverage/surf/lh.sphere.reg
Rescaling ...  original radius = 100
Reading target surface 
 /out/sourcedata/freesurfer/sub-v2s4x29614_ses-1/surf/lh.white
Reading target registration 
 /out/sourcedata/freesurfer/sub-v2s4x29614_ses-1/surf/lh.sphere.reg
Rescaling ...  original radius = 100
Building target registration hash (res=16).
Building source registration hash (res=16).
INFO: found  450 nlabel points
Performing mapping from target back to the source label 143490
Number of reverse mapping hits = 31
Checking for and removing duplicates
Writing label file ./lh.perirhinal_exvivo.thresh.label 481
mri_label2label: Done


 mris_label2annot --s sub-v2s4x29614_ses-1 --hemi lh --ctab /opt/freesurfer/average/colortable_BA.txt --l lh.BA1_exvivo.label --l lh.BA2_exvivo.label --l lh.BA3a_exvivo.label --l lh.BA3b_exvivo.label --l lh.BA4a_exvivo.label --l lh.BA4p_exvivo.label --l lh.BA6_exvivo.label --l lh.BA44_exvivo.label --l lh.BA45_exvivo.label --l lh.V1_exvivo.label --l lh.V2_exvivo.label --l lh.MT_exvivo.label --l lh.perirhinal_exvivo.label --l lh.entorhinal_exvivo.label --a BA_exvivo --maxstatwinner --noverbose 

Reading ctab /opt/freesurfer/average/colortable_BA.txt
Number of ctab entries 15

7.3.2
cwd /out/sourcedata/freesurfer/sub-v2s4x29614_ses-1/label
cmdline mris_label2annot --s sub-v2s4x29614_ses-1 --hemi lh --ctab /opt/freesurfer/average/colortable_BA.txt --l lh.BA1_exvivo.label --l lh.BA2_exvivo.label --l lh.BA3a_exvivo.label --l lh.BA3b_exvivo.label --l lh.BA4a_exvivo.label --l lh.BA4p_exvivo.label --l lh.BA6_exvivo.label --l lh.BA44_exvivo.label --l lh.BA45_exvivo.label --l lh.V1_exvivo.label --l lh.V2_exvivo.label --l lh.MT_exvivo.label --l lh.perirhinal_exvivo.label --l lh.entorhinal_exvivo.label --a BA_exvivo --maxstatwinner --noverbose 
sysname  Linux
hostname dna050
machine  x86_64
user     oesteban

subject sub-v2s4x29614_ses-1
hemi    lh
SUBJECTS_DIR /out/sourcedata/freesurfer
ColorTable /opt/freesurfer/average/colortable_BA.txt
AnnotName  BA_exvivo
nlables 14
LabelThresh 0 0.000000
Loading /out/sourcedata/freesurfer/sub-v2s4x29614_ses-1/surf/lh.orig
 1 1530880 BA1_exvivo
 2 16749699 BA2_exvivo
 3 16711680 BA3a_exvivo
 4 3368703 BA3b_exvivo
 5 1376196 BA4a_exvivo
 6 13382655 BA4p_exvivo
 7 10036737 BA6_exvivo
 8 2490521 BA44_exvivo
 9 39283 BA45_exvivo
10 3993 V1_exvivo
11 8508928 V2_exvivo
12 10027163 MT_exvivo
13 16422433 perirhinal_exvivo
14 16392598 entorhinal_exvivo
Mapping unhit to unknown
Found 98911 unhit vertices
Writing annot to /out/sourcedata/freesurfer/sub-v2s4x29614_ses-1/label/lh.BA_exvivo.annot

 mris_label2annot --s sub-v2s4x29614_ses-1 --hemi lh --ctab /opt/freesurfer/average/colortable_BA.txt --l lh.BA1_exvivo.thresh.label --l lh.BA2_exvivo.thresh.label --l lh.BA3a_exvivo.thresh.label --l lh.BA3b_exvivo.thresh.label --l lh.BA4a_exvivo.thresh.label --l lh.BA4p_exvivo.thresh.label --l lh.BA6_exvivo.thresh.label --l lh.BA44_exvivo.thresh.label --l lh.BA45_exvivo.thresh.label --l lh.V1_exvivo.thresh.label --l lh.V2_exvivo.thresh.label --l lh.MT_exvivo.thresh.label --l lh.perirhinal_exvivo.thresh.label --l lh.entorhinal_exvivo.thresh.label --a BA_exvivo.thresh --maxstatwinner --noverbose 

Reading ctab /opt/freesurfer/average/colortable_BA.txt
Number of ctab entries 15

7.3.2
cwd /out/sourcedata/freesurfer/sub-v2s4x29614_ses-1/label
cmdline mris_label2annot --s sub-v2s4x29614_ses-1 --hemi lh --ctab /opt/freesurfer/average/colortable_BA.txt --l lh.BA1_exvivo.thresh.label --l lh.BA2_exvivo.thresh.label --l lh.BA3a_exvivo.thresh.label --l lh.BA3b_exvivo.thresh.label --l lh.BA4a_exvivo.thresh.label --l lh.BA4p_exvivo.thresh.label --l lh.BA6_exvivo.thresh.label --l lh.BA44_exvivo.thresh.label --l lh.BA45_exvivo.thresh.label --l lh.V1_exvivo.thresh.label --l lh.V2_exvivo.thresh.label --l lh.MT_exvivo.thresh.label --l lh.perirhinal_exvivo.thresh.label --l lh.entorhinal_exvivo.thresh.label --a BA_exvivo.thresh --maxstatwinner --noverbose 
sysname  Linux
hostname dna050
machine  x86_64
user     oesteban

subject sub-v2s4x29614_ses-1
hemi    lh
SUBJECTS_DIR /out/sourcedata/freesurfer
ColorTable /opt/freesurfer/average/colortable_BA.txt
AnnotName  BA_exvivo.thresh
nlables 14
LabelThresh 0 0.000000
Loading /out/sourcedata/freesurfer/sub-v2s4x29614_ses-1/surf/lh.orig
 1 1530880 BA1_exvivo
 2 16749699 BA2_exvivo
 3 16711680 BA3a_exvivo
 4 3368703 BA3b_exvivo
 5 1376196 BA4a_exvivo
 6 13382655 BA4p_exvivo
 7 10036737 BA6_exvivo
 8 2490521 BA44_exvivo
 9 39283 BA45_exvivo
10 3993 V1_exvivo
11 8508928 V2_exvivo
12 10027163 MT_exvivo
13 16422433 perirhinal_exvivo
14 16392598 entorhinal_exvivo
Mapping unhit to unknown
Found 117256 unhit vertices
Writing annot to /out/sourcedata/freesurfer/sub-v2s4x29614_ses-1/label/lh.BA_exvivo.thresh.annot

 mris_anatomical_stats -th3 -mgz -noglobal -f ../stats/lh.BA_exvivo.stats -b -a ./lh.BA_exvivo.annot -c ./BA_exvivo.ctab sub-v2s4x29614_ses-1 lh white 

computing statistics for each annotation in ./lh.BA_exvivo.annot.
reading volume /out/sourcedata/freesurfer/sub-v2s4x29614_ses-1/mri/wm.mgz...
reading input surface /out/sourcedata/freesurfer/sub-v2s4x29614_ses-1/surf/lh.white...
reading input pial surface /out/sourcedata/freesurfer/sub-v2s4x29614_ses-1/surf/lh.pial...
reading input white surface /out/sourcedata/freesurfer/sub-v2s4x29614_ses-1/surf/lh.white...
INFO: using TH3 volume calc
INFO: assuming MGZ format for volumes.
INFO: not computing global stats
Using TH3 vertex volume calc
Total face volume 292076
Total vertex volume 291885 (mask=0)
Saving annotation colortable ./BA_exvivo.ctab

table columns are:
    number of vertices
    total surface area (mm^2)
    total gray matter volume (mm^3)
    average cortical thickness +- standard deviation (mm)
    integrated rectified mean curvature
    integrated rectified Gaussian curvature
    folding index
    intrinsic curvature index
    structure name

 1270    796   2062  2.100 0.673     0.134     0.030       15     1.7  BA1_exvivo
 5061   3377   7905  2.293 0.630     0.108     0.019       38     4.3  BA2_exvivo
 1127    713    918  1.675 0.406     0.124     0.024        9     1.2  BA3a_exvivo
 2483   1643   3773  1.946 0.862     0.093     0.017       17     1.8  BA3b_exvivo
 1758    984   3095  2.717 0.554     0.089     0.018       10     1.4  BA4a_exvivo
 1332    809   1960  2.520 0.513     0.082     0.016        6     0.8  BA4p_exvivo
 9500   6262  21850  3.028 0.693     0.110     0.025       73    10.1  BA6_exvivo
 2128   1547   5576  3.173 0.618     0.132     0.033       25     2.9  BA44_exvivo
 2913   1975   7027  2.976 0.675     0.106     0.019       26     2.3  BA45_exvivo
 3841   2394   3684  1.506 0.446     0.110     0.025       32     4.1  V1_exvivo
 9177   6095  12010  1.917 0.565     0.131     0.027      103    10.6  V2_exvivo
 2679   1845   4943  2.509 0.566     0.111     0.020       23     2.4  MT_exvivo
  719    517   1296  2.404 0.562     0.122     0.029        7     1.1  perirhinal_exvivo
  591    371   1205  2.562 0.747     0.083     0.025        4     0.5  entorhinal_exvivo

 mris_anatomical_stats -th3 -mgz -f ../stats/lh.BA_exvivo.thresh.stats -noglobal -b -a ./lh.BA_exvivo.thresh.annot -c ./BA_exvivo.thresh.ctab sub-v2s4x29614_ses-1 lh white 

computing statistics for each annotation in ./lh.BA_exvivo.thresh.annot.
reading volume /out/sourcedata/freesurfer/sub-v2s4x29614_ses-1/mri/wm.mgz...
reading input surface /out/sourcedata/freesurfer/sub-v2s4x29614_ses-1/surf/lh.white...
reading input pial surface /out/sourcedata/freesurfer/sub-v2s4x29614_ses-1/surf/lh.pial...
reading input white surface /out/sourcedata/freesurfer/sub-v2s4x29614_ses-1/surf/lh.white...
INFO: using TH3 volume calc
INFO: assuming MGZ format for volumes.
INFO: not computing global stats
Using TH3 vertex volume calc
Total face volume 292076
Total vertex volume 291885 (mask=0)
Saving annotation colortable ./BA_exvivo.thresh.ctab

table columns are:
    number of vertices
    total surface area (mm^2)
    total gray matter volume (mm^3)
    average cortical thickness +- standard deviation (mm)
    integrated rectified mean curvature
    integrated rectified Gaussian curvature
    folding index
    intrinsic curvature index
    structure name

  808    501   1254  1.959 0.520     0.137     0.032       10     1.1  BA1_exvivo
 2097   1364   3094  2.114 0.572     0.099     0.016       14     1.3  BA2_exvivo
  986    621    762  1.662 0.381     0.123     0.024        8     1.0  BA3a_exvivo
 1510    978   1481  1.421 0.385     0.076     0.011        6     0.8  BA3b_exvivo
 1779   1001   2951  2.701 0.562     0.081     0.017        8     1.4  BA4a_exvivo
 1043    658   1513  2.459 0.481     0.086     0.016        4     0.6  BA4p_exvivo
 5479   3445  12078  2.985 0.702     0.107     0.025       40     5.7  BA6_exvivo
 1301    971   3784  3.227 0.676     0.135     0.035       16     1.8  BA44_exvivo
 1119    753   3254  3.197 0.696     0.108     0.021       10     0.9  BA45_exvivo
 4098   2552   4046  1.521 0.471     0.111     0.025       36     4.4  V1_exvivo
 4659   3030   5372  1.747 0.453     0.131     0.026       53     5.6  V2_exvivo
  668    507   1437  2.503 0.565     0.125     0.019        8     0.5  MT_exvivo
  307    220    446  2.229 0.492     0.116     0.026        2     0.5  perirhinal_exvivo
  380    247    836  2.767 0.534     0.059     0.007        1     0.1  entorhinal_exvivo

Started at Fri Mar 13 08:13:04 CET 2026 
Ended   at Fri Mar 13 08:16:47 CET 2026
#@#%# recon-all-run-time-hours 0.062
recon-all -s sub-v2s4x29614_ses-1 finished without error at Fri Mar 13 08:16:47 CET 2026
