global_signal	global_signal_derivative1	global_signal_power2	global_signal_derivative1_power2	csf	csf_derivative1	csf_derivative1_power2	csf_power2	white_matter	white_matter_derivative1	white_matter_derivative1_power2	white_matter_power2	csf_wm	tcompcor	std_dvars	dvars	framewise_displacement	rmsd	t_comp_cor_00	t_comp_cor_01	t_comp_cor_02	t_comp_cor_03	t_comp_cor_04	c_comp_cor_00	c_comp_cor_01	c_comp_cor_02	c_comp_cor_03	c_comp_cor_04	c_comp_cor_05	c_comp_cor_06	c_comp_cor_07	c_comp_cor_08	c_comp_cor_09	w_comp_cor_00	w_comp_cor_01	w_comp_cor_02	w_comp_cor_03	w_comp_cor_04	w_comp_cor_05	w_comp_cor_06	w_comp_cor_07	w_comp_cor_08	w_comp_cor_09	w_comp_cor_10	w_comp_cor_11	w_comp_cor_12	w_comp_cor_13	w_comp_cor_14	w_comp_cor_15	w_comp_cor_16	w_comp_cor_17	w_comp_cor_18	w_comp_cor_19	w_comp_cor_20	w_comp_cor_21	w_comp_cor_22	w_comp_cor_23	a_comp_cor_00	a_comp_cor_01	a_comp_cor_02	a_comp_cor_03	a_comp_cor_04	a_comp_cor_05	a_comp_cor_06	a_comp_cor_07	a_comp_cor_08	a_comp_cor_09	a_comp_cor_10	a_comp_cor_11	a_comp_cor_12	a_comp_cor_13	a_comp_cor_14	a_comp_cor_15	a_comp_cor_16	a_comp_cor_17	a_comp_cor_18	a_comp_cor_19	a_comp_cor_20	a_comp_cor_21	a_comp_cor_22	edge_comp_00	edge_comp_01	edge_comp_02	edge_comp_03	edge_comp_04	edge_comp_05	edge_comp_06	edge_comp_07	edge_comp_08	edge_comp_09	edge_comp_10	edge_comp_11	edge_comp_12	edge_comp_13	edge_comp_14	edge_comp_15	edge_comp_16	edge_comp_17	edge_comp_18	edge_comp_19	edge_comp_20	edge_comp_21	edge_comp_22	edge_comp_23	cosine00	cosine01	trans_x	trans_x_derivative1	trans_x_power2	trans_x_derivative1_power2	trans_y	trans_y_derivative1	trans_y_power2	trans_y_derivative1_power2	trans_z	trans_z_derivative1	trans_z_power2	trans_z_derivative1_power2	rot_x	rot_x_derivative1	rot_x_power2	rot_x_derivative1_power2	rot_y	rot_y_derivative1	rot_y_power2	rot_y_derivative1_power2	rot_z	rot_z_derivative1	rot_z_power2	rot_z_derivative1_power2	motion_outlier00	motion_outlier01
979.60773820844	n/a	959631.3207578554	n/a	1422.6932546158282	n/a	n/a	2024056.0967293775	940.2366561674736	n/a	n/a	884044.9696009919	1033.965976874424	996.6638274644744	n/a	n/a	n/a	n/a	-0.0959165245	-0.1025109469	0.1151325132	-0.0972730962	0.0568246162	-0.0756060778	0.0987940818	-0.0427421863	0.0138676869	-0.080211398	0.0062748036	-0.0308172158	0.0916464188	-0.0708351935	0.0714852891	-0.1999558553	0.0149758108	-0.0416203193	0.0983039423	-0.2722930253	0.1216373652	-0.0540833246	0.1701493649	-0.0102739322	0.0109433645	-0.138154807	0.0123584719	-0.0472858402	0.0798483513	-0.0942181995	0.2356144082	0.0023479378	0.1777437908	-0.1130169099	0.147952189	-0.0682503192	-0.2071573617	0.0184710143	0.0477649961	0.065033956	-0.117549433	0.1115481907	-0.1689071159	0.0724899194	-0.0572994969	-0.0540378169	0.0827260858	-0.0412980341	0.2208680845	-0.1468228621	0.0277660248	-0.1189762379	0.0663899225	-0.1592839714	0.1809987684	-0.035397149	0.0004806807	0.0277570305	-0.3156931832	0.02097198	0.0473833093	-0.0234826179	-0.1853015464	0.0178589252	-0.148466503	0.1769249228	-0.1772499484	0.0939223085	-0.0769154773	0.0109319006	-0.0607159861	0.0686836767	0.1692700792	-0.1453034404	0.0785043141	-0.1067843663	0.1686409695	-0.0427633	0.2141917207	-0.1473221471	0.0894163101	-0.108241272	0.1081651286	-0.020804184	0.2240438271	-0.1771736095	0.153366806	0.1532882396	-0.0233833573264377	n/a	0.0005467813998558	n/a	0.0235964496031044	n/a	0.0005567924338718	n/a	-0.0629547824751597	n/a	0.0039633046364946	n/a	0.0009000325363064	n/a	8.100585664101314e-07	n/a	0.000243879579169	n/a	5.9477249135648535e-08	n/a	-0.0002686099175109	n/a	7.21512877852125e-08	n/a	0.0	0.0
980.0070216737628	0.3992834653228101	960413.762529879	0.1594272856801917	1424.1961891218932	1.502934506065003	2.2588121295208548	2028334.7851093237	941.928583537357	1.6919273698833877	2.8626182249605177	887229.4564846917	1035.6216535638532	986.7971567044636	1.403212	25.182243	0.0699315186787606	0.0308755596508503	0.1015299078	0.0226577542	-0.0943322328	0.2010382499	0.0811279033	0.0497157851	-0.0104254937	-0.0785080435	0.0094622567	-0.1145159758	-0.0153015802	-0.0584485982	-0.0751247879	0.1880692708	0.0388878112	-0.1216467543	-0.011438539	0.0845200816	-0.0958271513	-0.043177921	0.1077569855	-0.3326358457	-0.1385362434	-0.0820148616	0.0084570744	0.010549347	-0.0137801605	0.0702698205	0.1610280696	0.0093923881	0.0583720538	-0.0228715795	-0.0828983041	0.1555097169	0.0984294141	0.0223378137	-0.035377339	-0.0578094744	0.1239367005	-0.0694493841	-0.0674460763	0.0321573289	0.0643311061	0.1074526477	0.1432455526	0.0007693247	0.1168175271	0.0455358218	0.1287100975	0.042516901	-0.0354067983	0.0718577538	-0.0262021679	-0.0941501114	0.2102116437	0.0776735888	-0.0612476731	-0.1351966859	0.1383620606	0.0884490184	-0.020441959	0.0662991966	-0.1506792819	0.1407761885	-0.0131583894	0.134699928	-0.027788845	0.0882639075	0.1663367134	-0.0259100987	0.0473867173	-0.1643400273	-0.0537537895	-0.1178941215	0.0863062476	0.0024408559	-0.0899318471	0.0299491318	0.127705009	0.0542489602	0.0191928948	-0.127660555	0.0568687104	-0.0744335142	0.0104597499	0.0946680988	0.1531573254	0.1524510324	-0.0162946900418745	0.0070886672845631	0.0002655169235607	5.024920387123661e-05	0.0435117592827225	0.0199153096796181	0.0018932731958775	0.000396619559635	-0.0479937349874504	0.0149610474877093	0.0023033985980456	0.0002238329419294	0.0012035568403891	0.0003035243040827	1.4485490680473935e-06	9.212700316888733e-08	0.0004688574852571	0.0002249779060881	2.1982734148161178e-07	5.061505822778595e-08	-0.0002377822431443	3.0827674366600005e-05	5.6540395154735e-08	9.50345506853127e-10	0.0	0.0
980.3411897133104	0.3341680395476487	961068.8482485088	0.1116682786551189	1426.9434494107788	2.7472602888856272	7.54743909488794	2036167.607816332	942.1235881106954	0.1950045733384513	0.0380267836229114	887596.8552745713	1035.1646060428104	1001.2739697498788	1.296263	23.26292	0.0941571576080553	0.0582493118085391	0.0592896776	0.153179432	0.1189487877	-0.0999078778	0.0012042832	0.0961339615	0.0476001582	-0.0952423384	-0.0291340205	0.2265220667	-0.008991212	-0.0191193491	-0.0362185103	-0.0087948658	-0.0322982702	0.0601955476	-0.0104799606	0.1874199894	0.1077853198	-0.1181118951	-0.0807255386	-0.1378907167	0.1294754666	0.0533449257	-0.098158294	0.0055208925	0.1981022847	-0.0268195934	-0.0321633882	-0.10199534	-0.0431709116	-0.0081586655	-0.0240405488	0.0030799297	-0.0520492734	-0.0481862775	-0.040308434	-0.1138005681	0.0050676101	-0.058363372	-0.015804117	-0.0298997168	0.1148122778	0.1097872857	-0.1260393514	-0.1206669849	0.1240488584	-0.1430866678	-0.0043290144	0.1784741808	-0.1049842993	-0.0328819632	0.0768871259	-0.1261947134	0.0894253206	0.0977813062	0.0366405086	0.0987131235	0.0874158159	0.0105066104	0.007267915	-0.0976658535	-0.1919416662	0.1291240076	-0.1952056554	-0.0675251256	0.1001748521	0.090230934	0.0235249611	0.1976109997	0.063610759	-0.0429390372	0.05780592	0.0281404408	-0.137051905	-0.044674551	-0.0918295923	-0.1199948819	-0.1530259007	-0.0602230894	0.1777194013	0.0419379262	-0.1402045189	0.0683553689	-0.0792976944	-0.0599964427	0.1527386503	0.1507811905	-0.0276758612097154	-0.0113811711678409	0.0007659532936994	0.0001295310571516	-0.0103843793979905	-0.053896138680713	0.0001078353354814	0.0029047937646906	-0.034384131169169	0.0136096038182814	0.0011822684762586	0.0001852213160905	0.001203536827163	-2.0013226100000853e-08	1.448500894337581e-06	4.005292189297552e-16	0.0002208226584912	-0.0002480348267659	4.876264650312116e-08	6.152127528879002e-08	-0.0002951322819767	-5.735003883240001e-05	8.710306386477437e-08	3.2890269540777887e-09	0.0	0.0
981.9696453864811	1.6284556731707198	964264.3844604515	2.651867879481902	1420.6474932397318	-6.29595617104701	39.63906410774492	2018239.3000483336	943.3090748101891	1.1854866994937083	1.405378714676486	889832.010619255	1034.841097220156	989.5253236648884	1.244711	22.337772	0.1516384185913748	0.0785970780871383	-0.0404008376	-0.0862600161	0.2383750211	-0.0063201413	-0.1124749464	-0.1449375989	0.2240155874	-0.0160392207	-0.0509135193	-0.205489232	-0.0372463475	0.1951776766	-0.0032381234	-0.0809672259	-0.1081150184	-0.0436981427	0.0798768602	0.0052003696	0.0640710962	-0.1099285306	-0.0666062137	-0.1593902576	0.0427336493	-0.0658870655	-0.1416200447	0.0105859321	-0.2151244264	0.0387096093	-0.0139113939	0.0876351449	0.0020091618	0.1591150134	-0.1533464677	-0.0816809345	-0.0132957621	0.1746416531	-0.1056346863	-0.1079948262	-0.0170797824	0.1164334881	-0.1398203039	0.1174106934	-0.0630927474	0.1461185344	-0.047774811	0.0586328359	0.1225047331	-0.0834346155	-0.0397528112	0.0938531237	-0.1351357358	0.1399158378	-0.1416831109	0.0324428542	0.0058350011	0.1779641478	0.0240081123	0.0006564886	-0.0201012855	0.0037803798	0.0249928556	-0.1599088084	-0.1130047835	0.0073978657	-0.1434887384	0.1292410233	-0.1534518946	0.0290850165	0.1027420899	0.0006209276	-0.1189734382	-0.1063577455	0.0202776082	0.1464757549	-0.1110546044	-0.0776775682	0.1281447225	0.0034485841	-0.01330982	0.2075846731	0.1138971194	-0.0100141996	0.0658601689	0.0572102535	-0.1981166665	0.0040522358	0.1521113526	0.148287834	-0.029281545064947	-0.0016056838552315	0.0008574088813905	2.578220642951405e-06	0.0489825928801792	0.0593669722781697	0.0023992944052653	0.0035244373974769	-0.0751349361176423	-0.0407508049484733	0.0056452586254021	0.0016606281039485	0.0004000141780617	-0.0008035226491013	1.6001134265037745e-07	6.45648647618771e-07	8.192971904219526e-05	-0.000138892939449	6.7124788623330524e-09	1.92912486287849e-08	-0.0003510158436164	-5.588356163969998e-05	1.2321212246973297e-07	3.1229724615381467e-09	0.0	0.0
980.4519055781128	-1.5177398083683329	961285.9391517526	2.303534125905944	1429.2083191453364	8.560825905604588	73.28774018607062	2042636.419514238	941.8355996575154	-1.4734751526737	2.1711290255467834	887054.2967822317	1035.7077422645812	1006.4302558368596	1.268641	22.76721	0.0936807145696717	0.0516179283481426	-0.166369326	-0.0239990789	-0.080935347	0.0410454352	0.148736535	0.0075762974	-0.0483213161	0.1555278774	0.2393751564	0.0845464434	-0.1829610639	0.0310110786	0.0014076641	-0.0257585915	0.0091488472	0.0825369733	0.0413217226	-0.0264815977	0.018572984	-0.0363328631	0.018604509	-0.0118163537	0.0413951569	-0.0540736599	-0.0227413876	0.0379413647	-0.1630823911	-0.037442862	-0.2423085786	-0.0790950331	-0.0268020598	-0.0568556847	-0.0280249074	0.0425290045	0.0472946405	0.1988841661	-0.1258369776	-0.0511561073	0.0606574613	0.1040532299	0.0897163477	-0.0939098385	0.0071892125	0.0022515749	-0.1511574663	0.0585551248	0.0168374289	-0.0576206002	0.0486423125	0.0510394818	-0.0645977882	0.1866518457	0.0866109339	0.0600903151	0.1405941737	0.0259789648	0.1185466096	0.1603911724	0.0961276321	-0.1203222052	0.0897733239	0.2634617062	-0.0962617889	-0.0195769778	-0.2186463129	-0.0297149013	-0.1148479505	0.0445473843	-0.0287231159	0.1828662959	0.0196714967	-0.1377726173	-0.1088980623	-0.0110974577	0.0582054944	0.0773493883	-0.1677556403	-0.1079744843	-0.1955503119	-0.0119096935	-0.2019545682	-0.0178227363	-0.0323427956	0.1010448603	-0.0561058035	0.0042436856	0.151276289	0.1449845808	-0.0328919119087629	-0.0036103668438159	0.0010818778690138	1.3034748746925203e-05	0.0109852011185864	-0.0379973917615928	0.0001206746436157	0.0014438017806839	-0.0472606941704754	0.0278742419471669	0.0022335732134752	0.0007769733641291	0.0001369999979901	-0.0002630141800716	1.8768999449287402e-08	6.917645891873602e-08	-1.4545998627824021e-08	-8.194426504082308e-05	2.1158607608065823e-16	6.71486257308066e-09	-0.0002120000083869	0.0001390158352294	4.4944003556045683e-08	1.9325402444555483e-08	0.0	0.0
980.5730947931258	0.1211892150130324	961523.5942321684	0.014686825835475	1420.8832434938663	-8.325075651470115	69.30688460270056	2018909.1916416497	941.665293346996	-0.170306310519436	0.0290042394027425	886733.5246942841	1034.851971862943	990.4521743877714	1.340505	24.056894	0.0573592684841336	0.0315823500968599	0.053430099	-0.1296255379	0.0868147775	-0.0603285585	-0.1860337296	-0.0281461949	-0.0264369751	-0.012429312	0.1683398314	-0.082906417	-0.0640399994	-0.0442096109	0.0921929786	0.0052178207	-0.10689379	-0.1102988468	-0.1082681385	0.0019064143	0.055831568	-0.142165621	0.1169824647	-0.0024334035	0.0775216421	0.034268619	0.025730082	0.0186660305	0.1710096608	-0.018253197	-0.0022734059	-0.0736847088	0.0892218986	-0.0152265824	-0.005688895	-0.0478011558	-0.1272918629	-0.0843569928	0.1098490343	-0.0186134096	-0.0932001746	-0.0126082323	0.0418857582	0.1808015715	-0.0992883694	0.0495080217	0.011243201	-0.0248512085	0.0717470439	-0.0628606995	0.2073962895	0.0246357632	-0.0065519943	-0.0848263395	0.0132678722	0.0484645355	0.0043877047	0.0582892884	0.0110391529	0.0400647024	0.0446578261	-0.3051514972	0.0441335518	-0.0520797134	-0.0637692843	0.0312502271	-0.034587757	0.1122104461	-0.1645234157	0.0318773125	0.0698160549	0.0077624993	-0.0116766972	0.1337434613	-0.0511778847	0.132647429	-0.0848781637	0.0278761254	0.0471883975	0.0726258966	0.0374061508	0.0248705256	0.0526606213	-0.152276979	-0.1586574139	0.1145700157	-0.0040068069	0.0885388244	0.1502346003	0.1408894722	-0.0222835570485955	0.0106083548601674	0.000496556914738	0.0001125371928392	0.0387607369185047	0.0277755357999183	0.0015023947264655	0.0007714803889725	-0.0452869554457038	0.0019737387247715	0.0020509083335411	3.89564455366302e-06	0.0002080280469504	7.10280489603e-05	4.3275668317997824e-08	5.0449837391067754e-09	0.000194970436629	0.0001949849826276	3.8013471159302915e-08	3.8019143450296334e-08	-0.0002860197587845	-7.40197503976e-05	8.180730241514359e-08	5.478923448923005e-09	0.0	0.0
981.9420984672636	1.3690036741377298	964210.2847422932	1.874171059802604	1427.2623802318908	6.379136738024499	40.69338552241385	2037077.9020252023	941.596865028059	-0.0684283189369807	0.0046824348325411	886604.6562306688	1035.982767578425	995.6429405507544	1.149233	20.624306	0.1731661120684801	0.1068409506879214	0.1287948839	-0.0617617273	-0.1330589261	-0.0261310675	-0.0156753475	0.0794968701	-0.0495845293	0.0053166134	0.0149085165	-0.008799607	-0.028739366	0.0060449983	-0.0160818647	0.0744205439	-0.0824262964	0.0667381384	-0.097099924	-0.0338995405	0.1006962569	0.014826027	0.0795668252	-0.0035050617	-0.1502067685	0.0818389929	0.160751409	-0.1203363406	0.018128684	-0.0276900806	0.1908741598	0.0766625531	0.1987217889	0.0339447171	0.1392593466	-0.1103964369	-0.0489430242	0.0296815676	-0.084357688	-0.1030742411	-0.1608483073	-0.0803262586	0.1113541136	0.0288792571	0.0205823579	-0.0932720325	0.0814027277	0.0280085219	0.0515137071	0.1182016072	0.1092499289	0.0883443702	-0.0746596414	0.0995648808	-0.1056954787	0.0390172833	0.1684041386	-0.1367212629	-0.1103084499	-0.043047663	-0.0231210169	-0.0337659221	-0.1192525467	0.040863661	0.0146244212	0.1703721625	0.0857653385	-0.1356999071	-0.044994209	0.1032419097	0.1058686402	-0.1333004636	0.0368507869	-0.0577505395	0.1530487152	-0.0209600129	0.1015085591	0.0137403832	0.0494717912	-0.1503915074	0.1414067782	0.0098778048	-0.0116046694	0.0813952973	-0.1289225978	-0.0276581147	-0.1168938204	0.0123348365	0.1489877092	0.136024874	-0.0163228077904165	0.005960749258179	0.0002664340541628	3.5530531718881504e-05	0.0087078039544934	-0.0300529329640113	7.582584970989088e-05	0.0009031787797393	0.0592114873572811	0.1044984428029849	0.0035060002350614	0.0109199245482487	0.0007520135892102	0.0005439855422598	5.655244383568074e-07	2.959202701876886e-07	9.089058983580144e-05	-0.0001040798467931	8.261099320699891e-09	1.0832614508495686e-08	-0.0002910341105976	-5.014351813099991e-06	8.470085353133607e-08	2.5143724105539164e-11	0.0	0.0
981.62406109176	-0.3180373755035361	963585.7973142796	0.1011477722171772	1428.1450669138055	0.8826866819147199	0.7791357784296179	2039598.332150238	942.8842807823504	1.2874157542913736	1.6574393243976264	889030.7669464502	1036.2106202146638	977.3384297516636	1.165831	20.922173	0.0638018092029778	0.0434649515587828	0.1497429641	0.012053532	-0.0695233496	0.0919167785	0.0573399498	0.1595970281	0.1747394419	-0.0500725568	-0.0232163848	0.0475972056	0.2175436116	-0.0781148717	-0.0969881774	0.0864630284	0.1516803729	-0.0203228778	-0.217125284	-0.003765511	-0.0982736612	-0.0748696387	-0.0155024463	0.077029288	0.118974117	0.08869408	-0.0549725413	0.0177904385	-0.1020611371	-0.0316865645	0.1790621774	-0.0370104091	-0.0002772783	0.0313835746	-0.0199187008	0.0892852055	-0.1476684101	-0.0231007071	-0.0744439988	-0.0142710747	0.2134512061	-0.2143301466	-0.1259522477	0.013116592	-0.0567023077	-0.0333736822	-0.0253677578	0.0448949406	-0.0351102555	0.0615986515	0.0614862258	0.1220766734	-0.1141457458	-0.1819807928	0.1025575308	-0.0347816167	0.1046953056	0.045517851	-0.0636438693	-0.0361145591	-0.0035063724	0.126461085	-0.0222738429	-0.101942324	-0.0206118082	0.1732475286	0.0464579113	0.1302059747	0.0120001277	0.1138750231	-0.1614104028	-0.0750925043	-0.0087680873	-0.0836868839	0.1131896826	-0.1605659891	0.1694101408	-0.0163505755	0.0182333405	-0.0987863467	-0.0415930391	-0.232986723	-0.0355274407	0.083050935	0.1455867607	0.0248188516	0.1168408338	0.0333643684	0.1475373187	0.1304173552	-0.0162876750688809	3.513272153560232e-05	0.0002652883591494	1.234308122498175e-09	0.0007543379775398	-0.0079534659769536	5.690257843588358e-07	6.325762104655848e-05	0.0160013666507126	-0.0432101207065685	0.0002560437346905	0.0018671145314762	0.0005910091260629	-0.0001610044631473	3.492917870896328e-07	2.5922437153350282e-08	9.09409466423039e-05	5.035680650246312e-08	8.270255776198365e-09	2.5358079611265108e-15	-0.000200027134593	9.10069760046e-05	4.0010854573486145e-08	8.28226968150184e-09	0.0	0.0
981.7280792642216	0.1040181724615649	963790.0216158178	0.0108197802022438	1424.6082816319158	-3.5367852818897063	12.50885013019165	2029508.75609424	942.385957959672	-0.4983228226783467	0.2483256356021149	888091.2937595688	1036.8384609363002	1002.244974494211	1.300591	23.34059	0.0891569650539969	0.0536867806722335	0.0622314253	0.182573075	0.1426798972	-0.003698988	0.0645490274	-0.0006052618	-0.0153788878	0.0450012002	-0.199672207	0.132651318	-0.0028685433	0.1455666096	0.1176614195	0.0230948062	-0.1505406723	-0.0281973659	-0.0068418047	0.0161950928	-0.1221526635	0.0404131498	0.147238287	-0.0002941899	-0.1600928837	-0.0724198316	0.1061283975	-0.2241164389	0.1650027328	0.0230645242	-0.1603465724	0.0790276238	0.0410392782	0.1011133394	0.0480869874	-0.0242210881	-0.0903689666	0.010034687	0.0937562893	0.2010638619	0.0790280737	-0.0779618047	-0.0668510229	-0.1469263552	0.1086252363	-0.067836691	0.1303759916	-0.0094741531	0.070182302	-0.0147714132	0.0368668656	-0.1307864658	0.080996849	-0.1134933888	-0.190633549	0.1249499076	-0.0663623665	-0.0687062505	0.1523312183	0.0356257848	0.0543191831	0.0639190454	-0.1001698545	0.139548434	0.0414030945	0.0672341943	-0.0280256993	-0.0233869984	0.1679031396	0.1001118902	0.0826901735	-0.021573808	0.0398601831	0.0700532955	-0.0249648234	-0.0988854945	-0.1234089247	-0.0483035619	0.1106589859	0.1106541204	0.0645694741	0.019158758	-0.0523710375	0.0315497517	-0.000348833	-0.0638619345	-0.2009849341	0.0814375843	0.1458854101	0.124097542	-0.0130880174459377	0.0031996576229431	0.0001712962006651	1.023780890405852e-05	0.0312907749991069	0.0305364370215671	0.0009791126000447	0.0009324739859721	0.0535215974742158	0.0375202308235032	0.0028645613961919	0.0014077677210489	0.0002610103687918	-0.0003299987572711	6.812641261683145e-08	1.0889917980047038e-07	9.097027005067204e-05	2.9323408368142626e-08	8.275590033092198e-09	8.598622783248567e-16	-0.0002280118456332	-2.7984711040199997e-05	5.198940174905822e-08	7.831440520034913e-10	0.0	0.0
981.4473968151073	-0.2806824491143516	963238.9927151506	0.0787826372408305	1422.3146348027458	-2.2936468291700294	5.26081577696173	2022978.920374068	941.3431269256162	-1.0428310340558935	1.0874965655900846	886126.8826100967	1034.541632837394	991.7163369125278	1.070277	19.20734	0.0881244076785401	0.0499306559526034	0.0094520154	0.2194242693	-0.0373014596	-0.11637494	-0.1127196667	-0.01782754	-0.0237486938	0.0061711826	-0.0468139324	0.2054333066	-0.0936644168	-0.0015520686	-0.0590374543	-0.0661854946	-0.0752158297	0.2759284593	0.0689310067	0.0120474707	-0.0972849869	0.0255905585	-0.017197979	-0.0742078488	-0.0098622641	0.10268257	-0.088555207	0.1256353801	-0.0019975328	0.2109840917	-0.0165332278	-0.2315104258	-0.0170038686	0.0110963998	-0.0254937748	0.1015454857	0.1238760233	-0.1046781497	0.0192539865	0.0057628866	-0.0652962851	-0.0118318964	0.0189092851	-0.1760438869	0.15894475	-0.0572230642	-0.1082891525	-0.0810771398	-0.053592056	-0.113109134	-0.0439598296	0.0819676059	-0.0901238224	-0.0433250453	-0.0941318917	-0.0841891848	-0.085269158	0.03746329	0.0474735394	-0.1483636052	-0.0982703784	-0.1611853705	-0.0517378704	0.011519869	0.0650105733	0.0478099344	-0.0978134432	-0.1286882254	0.2025005213	0.0858423218	-0.0311769024	0.0361184343	0.0355082174	0.0944789487	0.0960946054	0.1383178626	-0.0932411976	0.0466122571	-0.1263864626	-0.0635053485	-0.0206361486	-0.0943613997	0.0693998097	0.0529695309	0.1504897299	0.020730356	-0.1004404542	-0.0332563443	0.1440342395	0.1170999511	-0.0163387902763503	-0.0032507728304125	0.0002669560676945	1.0567523994948738e-05	-0.0113376987908395	-0.0426284737899464	0.0001285434138718	0.0018171867776601	0.068567180410362	0.0150455829361461	0.0047014582294271	0.0002263695658884	-3.400112078063743e-05	-0.0002950114895724	1.1560762143394944e-09	8.703177897974834e-08	-2.3998372130629164e-05	-0.0001149686421813	5.759218649201585e-10	1.3217788685012071e-08	-9.400041494623896e-05	0.0001340114306869	8.836078010065104e-09	1.7959063554766164e-08	0.0	0.0
982.278665061718	0.8312682466107617	964871.3758354308	0.6910068978233301	1420.326825772113	-1.9878090306328888	3.951384742265665	2017328.2920078856	942.7287963867188	1.3856694611026796	1.9200798554325904	888737.5835367516	1036.2073265656793	990.6164872706282	1.235982	22.181122	0.0879459358640744	0.0470289918579245	-0.1607806871	0.0334818998	-0.0543730131	0.1409653103	-0.0222720094	-0.1365679871	0.0409200042	-0.0777891922	-0.0542015146	-0.0289350391	-0.0323192895	0.1524951683	-0.0942335764	-0.0526699143	0.2562488501	-0.0541282927	0.0329227524	-0.1082066883	-0.0601830446	-0.0502257116	-0.1796227409	0.0643171482	0.1178263402	-0.0146806278	0.0089701429	-0.1018404619	0.0266265746	0.0279288673	-0.0616056	-0.1437082004	-0.1843513583	-0.1016251386	0.0083480982	-0.1356508805	-0.0038923395	-0.0750771922	0.0306314138	0.1409279721	-0.0478828509	0.1430155104	-0.1172713891	-0.020207578	0.0532489844	0.0139831663	0.0192244917	0.1161331476	-0.1829484711	0.0336196723	0.0072329571	-0.1333139023	-0.023676505	0.0307296796	0.1646562617	-0.0361493429	-0.1210690418	-0.0030847688	0.0740243699	0.1043378127	-0.0067739033	0.1694657587	0.1554093375	-0.0679154658	0.0528757329	-0.0678374958	-0.1236150203	0.044111165	0.0691944543	0.010097129	-0.0650530995	-0.0969195138	-0.1210419383	0.0598610781	-0.1262610479	0.1365157741	0.107316433	0.0606771919	-0.0504671509	-0.1057566879	0.0232444983	-0.1265900217	-0.1073004542	0.1018612514	-0.0898871336	-0.2095286439	-0.0780438671	0.0061339791	0.1419863355	0.1094628008	-0.0163018386090385	3.695166731179991e-05	0.0002657499420351	1.3654257171219422e-09	-0.0068576529039887	0.0044800458868508	4.702740335158466e-05	2.007081114828877e-05	0.0271362260394028	-0.0414309543709592	0.0007363747636615	0.0017165239800885	-0.0005939854612715	-0.0005599843404908	3.5281872820191666e-07	3.135824615949864e-07	0.0002130407894871	0.0002370391616177	4.538637798528685e-08	5.618756414043593e-08	-0.0001369365916167	-4.2936176670461054e-05	1.8751630123598875e-08	1.843515267077044e-09	0.0	0.0
982.0715911514994	-0.2070739102185825	964464.610146838	0.0428796042932135	1421.6006371570609	1.273811384947976	1.6225954444230806	2020948.3715653613	941.8902751224142	-0.8385212643046316	0.7031179106910378	887157.2903701771	1035.877761278457	987.4925942005916	0.938551	16.843365	0.0821574189527938	0.0478378812478106	-0.1552263105	-0.0092348765	-0.0405862845	0.1126545199	0.0233246647	-0.1062580095	-0.0121131092	-0.0013840829	0.0457817845	-0.0152357279	0.0091942581	0.1503866345	-0.056669732	-0.0086484763	0.0138895217	0.0612968297	0.1116062853	-0.0578867184	0.0020209339	0.0097004041	0.0017598093	0.028068689	-0.0673251997	0.0365044142	-0.0029645806	-0.0154155686	-0.0225966424	0.1845726308	-0.1568090286	0.1453838367	-0.0678335594	0.172041292	-0.1393273695	-0.0659126812	-0.1276364796	-0.1758110818	-0.0345412059	0.0433348865	0.0138115202	0.1595964024	0.0630741408	-0.0411545229	0.0655056953	0.001613858	0.0029054558	0.1047697558	-0.0008850662	-0.0181300377	-0.0520095328	0.0356390736	-0.1124050065	-0.0295009626	0.0003697751	0.1647931746	-0.1565398883	0.0597613236	-0.1278736806	-0.0105008517	0.06083099	0.2070167167	0.0424869412	-0.0025302826	0.1241932954	-0.0728344981	-0.082064347	-0.1153460051	-0.0216856219	0.0371927191	0.0243374447	-0.1193244341	-0.0809002804	-0.0573619044	0.0182601784	-0.0711287715	0.0476397924	-0.0620424377	0.0125851451	0.1148341958	0.0417370614	0.1546374237	-0.0317121162	0.1584103229	0.0720822398	-0.0921576379	-0.1287270773	0.1116109328	0.1397444952	0.1012278027	-0.0163753033161384	-7.346470709990172e-05	0.0002681505586955	5.397063189274351e-09	0.0319177559145344	0.0387754088185231	0.0010187431426197	0.0015035323290435	0.0544935987735186	0.0273573727341158	0.0029695523072892	0.0007484258429133	-0.0004329813403003	0.0001610041209712	1.874728410482442e-07	2.5922326969708812e-08	0.000155051332662	-5.798945682510001e-05	2.4040915760262183e-08	3.3627771028701382e-09	-0.0002369664676815	-0.0001000298760647	5.615310680544738e-08	1.0005976105539244e-08	0.0	0.0
981.4960891611562	-0.5755019903432412	963334.5730386444	0.3312025408890321	1420.8179739790353	-0.7826631780255866	0.6125616502371111	2018723.7151818904	944.1244173291705	2.234142206756246	4.99139140000967	891370.9153971457	1036.9726250200952	996.5315717553262	0.976658	17.527252	0.0250581536537251	0.0130067210760856	-0.1768688002	-0.0013742455	-0.1314505547	0.0594502022	0.1080050121	-0.0644187919	-0.0881934287	0.0065018835	0.1665338137	0.1193999517	-0.0264827919	-0.0568840945	0.0090978395	-0.0659400638	0.0354909009	0.1916199039	0.0249465484	0.0091404687	0.0009233739	0.1351394506	-0.0382373054	0.0232338295	0.0964725939	0.0021785594	0.2100046088	-0.078573858	0.1001076251	0.0447195651	0.0686886491	-0.0288832373	0.0371875247	0.0895316593	-0.0011608844	-0.1142571717	0.0631035719	0.2660932075	-0.0796121143	-0.0148174208	0.068347912	0.1120100538	0.1047157621	-0.0425736393	0.1417768696	-0.0515988082	-0.100604456	0.0298609567	-0.095990262	0.1196591552	-0.0302014572	-0.0216008238	0.0193012192	0.0217158003	0.1080903436	-0.0068439398	0.0088679937	0.0248303267	0.0265135298	-0.0147229318	0.0688542753	-0.0860460007	-0.1783323631	-0.0583406821	0.1103671972	-0.0586691629	-0.0939959933	-0.1103324794	-0.0368731887	0.050407531	-0.1226146393	0.0646523752	0.0058335175	-0.1067183353	-0.0904020452	-0.0661613235	0.0170949141	0.0450659971	-0.102584886	0.0424166112	-0.1394888285	0.0232202285	-0.2243458284	-0.0401917591	-0.0453609987	0.0324893909	0.0530216325	-0.0381418089	0.1373117808	0.0924399334	-0.0163554122570843	1.9891059054099464e-05	0.0002674995100991	3.9565423029367217e-10	0.0217625980352096	-0.0101551578793247	0.0004736106732421	0.000103127231554	0.056052396419524	0.0015587976460054	0.0031418711443714	2.4298501011919846e-06	-0.0003719969474227	6.098439287760001e-05	1.3838172889180702e-07	3.719096174649471e-09	4.9525410973583206e-05	-0.0001055259216884	2.452766332102316e-09	1.1135720148189873e-08	-0.0001369906408607	9.997582682079998e-05	1.876643568342529e-08	9.995165948502588e-09	0.0	0.0
982.6762618466516	1.1801726854954495	965652.6355969092	1.3928075675895413	1420.2484567207202	-0.5695172583150452	0.3243499075186859	2017105.678817588	943.9780938806668	-0.1463234485036082	0.021410551581988	891094.6417265771	1037.1599208447506	985.3171130388802	1.461121	26.221491	0.0436035829969205	0.0243111237342715	0.0711802006	-0.1242880437	0.0831321267	0.0085891636	-0.2595223421	-0.0512323746	0.0040898637	-0.0763270471	0.1833384956	-0.1004228521	0.0884495062	-0.0050480537	0.0358327657	0.0752140558	-0.0535837719	-0.0272457003	-0.02274259	-0.1019140555	0.0574619317	-0.0031923271	0.1610939867	0.1107687372	0.1559896255	-0.0332900623	0.0497567326	0.1842558445	-0.101486828	0.0980356854	-0.0119511229	-0.0394811177	-0.2429276686	0.1395299369	0.1185840688	0.0534880252	0.0607715339	-0.0620301704	0.1265225521	0.1850638298	-0.0690405645	0.0015717628	-0.0221443729	0.1635219646	-0.0840581078	-0.0164265871	-0.0741045227	0.0397966537	-0.0601107772	0.0021433187	0.0883204712	0.0221869738	0.0237261629	-0.1276514044	-0.0229204447	0.2662051314	-0.2388462988	0.0368481736	0.1448808618	-0.0125101356	-0.0498619384	-0.0821511259	0.016042817	-0.0405148161	0.089871996	0.0378227363	0.0609575552	0.0308348888	-0.0779242081	0.0457344485	-0.118831842	-0.1433265538	-0.0734930345	0.1546192501	0.0774953565	0.0858448561	-0.132644212	0.0466097233	0.0603756796	0.1416786027	-0.0291315162	-0.1899244161	0.0428943715	-0.2536677961	-0.1430026056	-0.0430966188	0.0112878559	0.0237771863	0.1346915149	0.0831471893	-0.0163112826463702	4.412961071410121e-05	0.0002660579415697	1.947422541778116e-09	0.0016840841241219	-0.0200785139110877	2.836139337119427e-06	0.0004031467208777	0.0459468749891343	-0.0101055214303897	0.0021111153212671	0.00010212156338	-0.0002830072471378	8.898970028489999e-05	8.009310193251581e-08	7.919166756796328e-09	-7.59730944523973e-05	-0.0001254985054259	5.771911080672882e-09	1.5749874864154863e-08	-0.0001900107960444	-5.302015518369999e-05	3.6104102613426584e-08	2.8111368557036292e-09	0.0	0.0
982.8195127990282	0.1432509523765475	965934.1947385191	0.0205208353567878	1422.4816865084465	2.233229787726259	4.987315284787872	2023454.1484519143	944.1759695133692	0.1978756327023347	0.0391547660173492	891468.2614065106	1037.9272316597603	988.2924240156576	1.04218	18.703119	0.0587109331200483	0.0291834243769306	0.1356982245	-0.1032664917	-0.0750483769	0.0001518624	-0.0965002498	0.1134460831	-0.0898245798	-0.0123523251	0.0382139805	-0.1113180439	-0.0023673009	-0.0226377572	0.0859582268	0.0461213477	-0.1016877939	-0.0623722346	-0.1207564423	0.0264624832	0.0229662496	0.1273018091	0.0305828418	0.0542622477	-0.1356790557	-0.0697436833	-0.1321803037	-0.1238594639	-0.108580953	-0.1098781336	-0.0567207791	-0.215357962	-0.1277326663	-0.0441789821	0.0294919515	-0.0092405768	0.1807160273	-0.0719078777	0.268431097	0.0091083642	0.0550865161	-0.1239987497	0.0963376574	0.0703330709	0.0179526003	-0.0529237683	0.0465387421	0.0241616251	0.0166473975	0.1186585073	-0.0916748669	-0.100488252	-0.0227250597	0.0283015947	-0.1978451916	0.030907121	-0.0434406222	-0.1058996154	0.169373189	-0.0785712736	-0.1456149779	-0.0130048709	0.1573367861	-0.0079183944	0.1070296963	0.0584574205	0.1452117114	-0.0565844464	-0.0810187271	0.0304314295	0.0127725464	-0.0420929179	0.0461835127	0.0347868909	0.0526243982	0.0975971327	-0.0873577966	0.0873875117	0.0513790304	0.1890233107	0.0069250958	0.0801510804	0.0252957162	0.0411037657	-0.0453231075	-0.015775472	0.0731104522	0.0476688461	0.1318872767	0.0734003241	-0.0091666002702197	0.0071446823761505	8.402656051399187e-05	5.1046486256075565e-05	0.0216380149860526	0.0199539308619307	0.0004682036925366	0.0003981593568427	0.0429356506540443	-0.00301122433509	0.0018434700970861	9.067471996238238e-06	-7.798369012605398e-05	0.0002050235570117	6.081455925676408e-09	4.2034658929748695e-08	0.0002380051918571	0.0003139782863094	5.6646471350934986e-08	9.858236427384865e-08	-0.0001369907284281	5.302006761629999e-05	1.8766459675261453e-08	2.8111275700370227e-09	0.0	0.0
982.0447610961222	-0.7747517029059736	964411.9127963396	0.600240201155706	1423.5079263609057	1.0262398524591845	1.0531682347754487	2026374.8164123257	944.2173207457636	0.0413512323943905	0.0017099244205348	891546.3487963082	1037.8895122706158	994.5307899084036	0.900694	16.16398	0.0564342781170414	0.0321535546150331	0.1278422826	-0.0850684359	-0.0667501407	-0.061165023	-0.036296056	0.2248803187	-0.0514151465	0.0463706578	-0.0422708037	-0.0217517936	0.1058985474	0.0343748239	0.0778912774	-0.1851615519	-0.0662140074	-0.0484425981	-0.0972662388	0.0388663327	0.1776920382	0.1122468769	-0.0487320278	0.007349885	-0.1340926734	-0.0344398966	-0.0673931965	0.0235603766	-0.017228446	-0.2845579836	-0.0437289949	0.0694472069	-0.043177026	-0.0242505906	-0.1178714776	0.1479701613	0.060683107	0.0774052819	0.1225822292	0.1061618365	-0.0778674441	-0.1411065234	0.1288677355	0.0148491888	-0.0598732532	-0.0640586145	0.0362374778	-0.050532383	0.0612344475	-0.0444883855	-0.2609828988	-0.0979672824	-0.1453792937	0.0691521277	0.0351636416	0.017865223	-0.0598434384	-0.006267118	-0.0577861129	0.1012566941	-0.0336614152	0.0971087708	0.1255460993	-0.0036947753	0.1006389321	0.056017068	0.1584439561	-0.1574819951	-0.041785522	-0.0223206751	-0.0107428492	0.039330583	0.1185913761	0.1664379558	0.0303873075	0.1559438083	-0.1483860707	0.0703428401	-0.0326237465	0.0223816463	-0.1928721609	0.141169505	0.0125393781	-0.099333254	-0.0022673279	-0.1921400192	0.0701670076	-0.0757588655	0.1289028963	0.0632525717	0.0015236364184687	0.0106902366886884	2.321467935684128e-06	0.0001142811604601	-0.0049945316843889	-0.0266325466704415	2.494534674636462e-05	0.0007092925421532	0.0474203024924761	0.0044846518384318	0.0022486850884779	2.0112102111949745e-05	-0.000282493706721	-0.0002045100165949	7.980269433697037e-08	4.1824346887665113e-08	0.0002410073387337	3.0021468765999897e-06	5.808453732350041e-08	9.012885868679074e-12	-5.19660335100507e-05	8.502469491804931e-05	2.7004686387677123e-09	7.22919874590736e-09	0.0	0.0
981.099641190292	-0.9451199058302108	962556.5059437198	0.8932516363965067	1418.4970877128735	-5.010838648032177	25.10850395661293	2012133.9878499035	943.496952884298	-0.7203678614655473	0.518929855832446	890186.5001019553	1036.8426538790766	988.1129692121908	1.053911	18.913641	0.0350767324722785	0.0211180519387503	0.1448850301	-0.0860802073	-0.0994288359	0.0388894835	0.0131392999	0.0968738977	-0.1378890314	-0.0100684178	-0.1629231431	-0.0695150977	0.0680334786	-0.0448645497	-0.0157020758	-0.1307022124	0.0854869423	0.0344506835	-0.0533113133	-0.1285749225	0.0398621983	0.2481790754	0.019558069	0.0433464217	-0.1952041846	0.0451924874	-0.043318946	0.0882999059	-0.1211790098	-0.0177725928	0.0097309387	0.0848839481	0.0012268696	-0.1190903895	0.0622044449	-0.1796826501	-0.0324005407	0.0628463153	0.0835526654	-0.0997549967	0.0626379168	-0.0569702293	0.084655475	0.0861917267	-0.0114311854	-0.1762770681	0.0714470997	-0.0966110505	-0.0532495585	0.1303697032	-0.1813276767	-0.1295422132	-0.0680047218	0.1824563371	-0.0047779939	0.0677662873	0.0360238309	-0.1666295891	-0.0421246637	-0.0217166898	0.0785957949	0.0253559401	-0.0124342155	-0.0253050055	0.0927369111	0.0626268068	0.1669922805	-0.0516501114	-0.0045262232	0.0130806052	-0.1251504882	0.0585325886	0.1669943624	0.0291939081	-0.0278125527	0.0539327587	0.1397401814	-0.0585299907	-0.0655678429	0.1611914653	0.0490423392	0.2711875994	-0.0928860801	-0.0375645394	-0.0752193749	0.109073033	0.0950208848	0.026692367	0.1257424501	0.0527593557	0.0015514515092718	2.7815090803099893e-05	2.407001785621746e-06	7.736792763846921e-10	0.0138469055362833	0.0188414372206722	0.0001917367929307	0.0003549997565405	0.0518023006740619	0.0043819981815858	0.0026834783551259	1.920190806342126e-05	-0.0002689931214574	1.350058526360001e-05	7.235729939139554e-08	1.8226580245973375e-10	0.0001030184598609	-0.0001379888788728	1.0612803072111866e-08	1.9040930692572273e-08	-0.000136986208958	-8.502017544794931e-05	1.8765221444684843e-08	7.2284302332000835e-09	0.0	0.0
982.8442014611414	1.7445602708494334	965982.7243457888	3.0434905386262487	1418.856936716894	0.3598490040205888	0.1294913056946097	2013155.0068696484	942.6790862607284	-0.817866623569671	0.6689058139492539	888643.8596733618	1034.2148762920858	972.9355220029156	1.257256	22.562891	0.1566881953261297	0.100096316494972	0.1272806349	0.0478361265	0.0230035277	0.1898262207	0.1503451286	-0.0112241642	0.0345023884	-0.1624810204	-0.2298425823	-0.1213844545	-0.0417907395	-0.110454606	0.1279032926	0.1756395978	0.1539479813	-0.0387427244	-0.0448969268	-0.1051903993	-0.1524599889	0.0586415338	-0.0316948613	-0.0043940673	-0.0548018739	0.1129355418	0.0382515393	0.0627890298	-0.0289190025	-0.0832543698	0.1047533166	-0.0077218145	-0.1431558173	0.0546148972	0.2478120669	-0.1276085819	-0.0709017532	-0.1898342373	0.026624701	-0.2062869729	0.0298982214	-0.0400820312	-0.2182513914	0.133471065	0.1751073	-0.0636390476	0.0939888374	-0.0424430749	-0.0416187227	0.0177257828	-0.0005486825	-0.0216403288	0.1188698768	0.1446564516	0.1649102484	0.0238454381	-0.0186955761	-0.2662241852	-0.1603385585	0.0781079676	-0.0212533457	-0.1530874369	0.1072013518	-0.1398096548	0.0400073626	0.0334745773	0.0881503059	0.1590230391	0.0851647723	-0.1022506786	0.0759653991	-0.0211834317	-0.0728758474	-0.0442288807	-0.2806691371	0.0363420356	-0.083220283	-0.0141467787	-0.2018186938	0.2330739101	0.1343302613	0.108839759	-0.035778426	-0.031553622	0.0756743756	0.0099355575	0.3656046575	-0.1184861995	0.1224102548	0.0419779864	0.0016535527027912	0.0001021011935194	2.7342365409080824e-06	1.0424653718085968e-08	0.0174154566286546	0.0035685510923712	0.0003032981295845	1.2734556898864396e-05	-0.0477162438608971	-0.099518544534959	0.0022768399281926	0.0099039407063566	-0.0009600142638559	-0.0006910211423985	9.216273868067856e-07	4.775102192417282e-07	0.0001624126464012	5.939418654029999e-05	2.6377867711041226e-08	3.5276693947839532e-09	0.0001825784322088	0.0003195646411668	3.3334883907823376e-08	1.0212155988406569e-07	0.0	0.0
983.4876513648212	0.6434499036797661	967247.960387092	0.4140277785455002	1427.822016219647	8.965079502752815	80.37265049067865	2038675.7100015376	943.9519699741418	1.272883713413421	1.62023294787314	891045.321618063	1038.5650791102605	1011.8698728033836	1.376835	24.708879	0.2101934073185381	0.1018413376126874	0.0621432281	0.1930485331	0.1536509296	-0.0622121635	-0.0018177643	0.1433188207	-0.0180440231	-0.0380227265	-0.0784309032	0.2118684589	0.0251745094	0.105649275	0.058863948	0.0119520689	-0.0834041994	0.1120660641	0.0439290885	0.0744058534	-0.110737052	0.0985445088	-0.0271486842	-0.0498635608	-0.0252030041	0.0529310131	0.1556347572	0.0324121387	0.005072863	-0.0731599296	0.0196016006	0.1178642919	-0.052006142	0.080534462	-0.1498826339	0.11802169	0.0415150455	-0.0846597169	0.0226450624	-0.02685989	0.0425035902	-0.1125470148	-0.010480329	-0.1492866272	0.124351253	0.0173272968	-0.0952880741	-0.051941157	-0.0308035607	-0.0795441632	-0.203298154	-0.0513205252	0.1344974567	-0.0905806858	-0.0439419595	0.1258636985	0.0405049604	-0.0853623967	0.0832177558	-0.0018769605	-0.0336011871	0.1579315574	0.0467101695	0.0292598537	0.0865251512	0.0367175889	0.039337541	-0.1328954114	0.2351918788	-0.0789872167	0.084297614	-0.0594592671	0.0189727563	0.0680856771	0.0598306693	-0.1212139525	-0.1232584941	-0.0599753043	0.0690380384	-0.0652351113	-0.0220668076	0.012239129	-0.0825750812	0.1704309548	-0.0705536639	-0.141617439	0.13198117	0.1063407222	0.1189108618	0.0309673479	0.0015726970448213	-8.085565796990004e-05	2.47337599478965e-06	6.5376374257454595e-09	-0.021576339803957	-0.0389917964326116	0.0004655384393358	0.0015203601890422	0.0376046575868045	0.0853209014477016	0.0014141102722208	0.0072796562238484	0.0001439909939528	0.0011040052578087	2.0733406339515288e-08	1.2188276092692544e-06	-0.0001300100583825	-0.0002924227047837	1.6902615280621055e-08	8.551103827301498e-08	-0.0001369906808039	-0.0003195691130127	1.8766446627116014e-08	1.0212441799172384e-07	0.0	0.0
982.4025523405144	-1.085099024306828	965114.774845157	1.1774398925516305	1417.796310246339	-10.025705973307822	100.51478026322016	2010146.3773481331	944.472129456426	0.5201594822842708	0.2705658870102406	892027.603319956	1036.9517656930834	996.2003226879716	1.168361	20.967573	0.131290491979823	0.0876660585805419	-0.0239679819	0.2214880913	-0.0362338893	-0.0956328754	-0.0507610155	-0.0719418892	0.0468577009	0.0108428014	-0.0421949757	0.1566588295	0.0161287603	-0.1148715773	-0.0604391526	0.1194482023	-0.0239293321	0.0268615451	0.0439940959	-0.069043331	-0.2097976626	-0.1250287477	-0.0675519888	0.0286597851	0.096326241	-0.0044847338	0.020250947	0.0981560159	0.2143239556	-0.1817878709	-0.0811348189	0.1297754778	0.0950164549	-0.1274781647	0.0881328413	-0.0443761794	0.0707295771	0.1834610439	0.1947173745	-0.0351901017	0.1611389245	-0.0008580459	-0.1386697368	-0.1475892848	-0.0483898175	-0.0084076898	-0.0776507802	-0.1031694411	-0.1284072778	0.0779829737	0.1412870387	0.0023365252	0.1120200084	-0.1154757536	-0.0671361084	-0.027025012	0.0527088063	-0.105948014	-0.0004187491	0.085859068	-0.0312764536	-0.0124905153	-0.1548554064	-0.1788981028	0.0265858458	-0.0470617307	-0.0045456152	0.1735791382	0.2335485272	-0.0815475833	-0.0774503654	-0.0385181282	-0.0585717018	0.1135393538	0.027965376	0.0108048209	-0.0374523095	0.0456625278	-0.086825815	-0.0681053241	0.0753218404	0.0084627243	-0.0549893407	-0.1027141029	0.2492209471	0.2154713892	0.0057453569	-0.0610707524	0.1152490509	0.0197875765	0.0015419583610878	-3.073868373349993e-05	2.377635587328574e-06	9.448666776681331e-10	-0.0191530259054673	0.0024233138984897	0.0003668384013355	5.872450250613361e-06	-0.0504799231701653	-0.0880845807569698	0.0025482226432657	0.0077588933671311	-0.0003899895402461	-0.0005339805341989	1.5209184150136445e-07	2.8513521090334265e-07	0.0001510267749236	0.0002810368333061	2.2809086743823733e-08	7.898170167472062e-08	-0.0001369708754963	1.9805307599984025e-08	1.876102073422292e-08	3.9225020912998486e-16	0.0	0.0
982.6054678203328	0.2029154798184436	965513.5053904152	0.0411746919499491	1422.3001314575909	4.503821211251761	20.28440550292128	2022937.66394428	943.0365218901298	-1.4356075662961985	2.060969084406894	889317.8816186334	1036.633562055208	996.0939556745312	1.263897	22.682089	0.134291381552202	0.0788573507829012	-0.1282752185	0.0133519739	-0.037897856	0.1097726666	-0.0926275534	-0.0831319453	0.0286745677	0.0777474933	0.0452642105	0.0583957298	0.0210173008	-0.0652514806	0.1520083554	-0.0015396315	-0.0155631775	0.069920305	0.0866816392	0.0377335353	-0.0321169708	-0.1489241972	0.1173241956	0.1283839853	-0.0980418939	-0.114776308	-0.0060924891	-0.0604123537	-0.083237336	0.1099767981	0.0443801474	-0.0302691015	-0.077963002	0.097785439	0.0700153834	0.1253532275	-0.1654098641	0.1696399827	0.0883887001	0.0917928917	0.0474805214	0.1098695603	0.0332687443	-0.1065609541	-0.0192399554	-0.0505010052	-0.0560204182	0.060036189	0.1926843849	0.222731715	0.079761503	-0.0229165931	0.1075396755	-0.1613855824	0.0169521445	0.0586126572	-0.1274307845	0.0418211492	-0.0596492333	0.0932160346	0.0942101413	-0.0281487489	0.0654187612	0.0276496	0.1257164086	-0.1165856083	0.0239326622	-0.0965020019	-0.0106215494	-0.068486826	0.0487464107	-0.1102438861	-0.0548858672	-0.0155604362	0.1582309984	-0.1383688037	0.0050149995	0.2594143709	-0.0057662549	0.1011171017	0.1196791168	-0.0330314368	0.003006184	-0.0069678212	-0.0066380849	-0.0233184553	-0.0180791074	-0.0564585095	0.1114298236	0.0084997322	0.0015817738715924	3.981551050459987e-05	2.50200858085241e-06	1.5852748767419023e-09	-0.0004628024272506	0.0186902234782166	2.141860866690469e-07	0.0003493244536656	0.0253814798968008	0.0758614030669661	0.0006442195217517	0.0057549524752886	-0.0001089965103997	0.0002809930298464	1.1880239279311911e-08	7.895708282225983e-08	-3.7010229497091984e-05	-0.0001880370044206	1.3697570874274175e-09	3.5357915031507343e-08	0.0001879978801669	0.0003249687556632	3.5343202947248094e-08	1.0560469215728858e-07	0.0	0.0
981.6768847381296	-0.928583082203204	963689.5060291592	0.8622665405540022	1429.8422912240726	7.5421597664817455	56.88417394313598	2044448.9777729055	942.8201333489216	-0.2163885412082891	0.0468240007662514	888909.8038480782	1037.5069838765212	1003.8976996355408	1.373002	24.640091	0.0996176110369049	0.0677740255106549	-0.1060141936	-0.1085935595	0.0724615021	-0.1801537158	0.2427440476	-0.0006018685	0.0625609735	0.2276314068	0.100484119	-0.064515553	-0.0647323608	-0.094651713	-0.1252246697	-0.0337226886	0.1168160228	-0.0603596639	0.0456717087	-0.1031263637	-0.0546205807	-0.1624072783	-0.1271282798	0.1344680955	0.0446897116	0.1097312437	0.037104899	0.2679878545	-0.0374800402	-0.1073163041	-0.1526800126	0.1300445302	0.0143052033	-0.0638077959	-0.1656179324	0.0660794193	-0.172696645	-0.2017236539	-0.1265941947	-0.0020736354	-0.0833593139	0.0359683873	-0.0120547618	-0.0400690267	-0.2520545068	-0.0322795053	-0.0860164906	0.0812040076	-0.2233646752	-0.2969188599	0.017494167	0.1624543201	0.1517182046	0.0688816112	0.0159685544	-0.0105468808	-0.0882427868	-0.0550310839	-0.2126861689	0.1378216765	0.1537720598	0.0990822774	0.0376006476	0.0745469581	0.0878564539	-0.1117999641	0.009448447	0.0713317236	-0.0233455635	-0.1380846033	-0.0077030324	0.0571324782	-0.099207203	0.0756242618	-0.2712849004	0.1082380684	0.0776653296	-0.0436931519	0.1731582628	-0.215128103	0.0026161702	0.1305048871	-0.036956899	0.0185756399	0.06532566	-0.0158997655	0.0429725333	0.0249841085	0.1074583966	-0.0028345346	0.0015294515233392	-5.232234825319998e-05	2.3392219622445992e-06	2.7376281267291384e-09	-0.0004408046309265	2.1997796324099976e-05	1.9430872264624788e-07	4.839030431165863e-10	-0.0414610742844701	-0.0668425541812709	0.0017190206808223	0.0044679270494761	-0.0003209945581243	-0.0002119980477246	1.030375063454146e-07	4.494317223904177e-08	8.002188099154317e-05	0.0001170321104886	6.403501437424698e-09	1.3696514885424106e-08	-0.000136986695841	-0.0003249845760078	1.8765354837434644e-08	1.056149746430345e-07	0.0	0.0
979.7783407377118	-1.8985440004178145	959965.5969787436	3.6044693215224783	1418.375475431743	-11.466815792329498	131.4878644152172	2011788.9893062236	941.8414757097272	-0.9786576391943528	0.9577707747534636	887065.3653670767	1035.285476497116	978.6501764061372	1.414729	25.388937	0.1337756403109586	0.1019942276289525	-0.1271024595	0.032074473	-0.1303701718	0.0919269279	-0.0084842313	-0.0642139997	-0.1955251633	0.0978489367	0.0790281501	0.0696170293	0.056725475	0.0124374969	-0.0079930609	0.0410539119	-0.0005007703	0.2341234344	0.0415704345	0.0286939999	0.0745014028	-0.0063126917	-0.0764286155	0.1961694113	0.00016598	0.0291778473	-0.0089287393	-0.1474587507	-0.0042386101	-0.1012918784	-0.0037614075	0.0598835767	0.0999944831	-0.1077182958	0.0560006455	0.0891178022	-0.2097283265	-0.0813451557	0.0180595013	0.0523986232	-0.2634388141	0.0866720751	0.1943083753	-0.106553346	0.0909483299	-0.1338253507	0.0857457747	0.1196638303	0.003794797	0.1051498832	0.0331266079	0.1440385083	0.0461695033	-0.1191896897	0.0053657514	-0.1228980167	0.0296370075	0.0911869642	-0.1926892403	0.0783549586	-0.0259726797	0.0440806163	-0.0313495033	0.073789554	0.2001161908	-0.1209272226	0.0223254329	-0.2012562703	0.0253271817	-0.0684872935	0.0317291148	-0.0432843241	-0.0461452731	0.0086790288	0.0412811694	-0.1873459484	0.1177703279	0.0413607506	0.0002035071	-0.0264431512	0.0225522512	0.111868131	0.0640697586	0.0261022311	-0.0286013541	0.0341745134	0.0035530436	-0.0561885157	0.1033401944	-0.0141533203	0.0015050302367569	-2.442128658229994e-05	2.2651160135525303e-06	5.96399238334823e-10	-0.0070249627852376	-0.0065841581543111	4.9350102133973215e-05	4.335113860098135e-05	0.0576068782399232	0.0990679525243933	0.0033185524205493	0.0098144592173754	-0.0004639965600247	-0.0001430020019004	2.1529280771475505e-07	2.0449572547522008e-08	-0.0001620091492506	-0.0002420310302421	2.6246964440903193e-08	5.8579019600073226e-08	3.9962438929894975e-05	0.0001769491347708	1.5969965252255855e-09	3.131099629616835e-08	0.0	0.0
981.93886843343	2.1605276957182014	964203.9413403248	4.667879923965401	1413.8157815319753	-4.559693899767808	20.79080845957976	1998875.06410887	942.888144221776	1.0466685120487682	1.0955149741143824	889038.0525139846	1035.798132331717	999.5729224981608	1.298205	23.297781	0.1279464390882608	0.0995842635670339	-0.0881553593	-0.1083383654	0.1570552257	-0.0349771086	-0.0281833422	-0.1594748397	-0.0195467072	-0.0468952155	-0.0963237637	-0.1549104781	0.0829341224	0.0547028182	-0.0744326277	-0.0593075266	0.0464614817	0.0305980468	0.0805170473	-0.088056389	0.0024779915	0.0647618376	-0.0738420627	0.1332636845	-0.0024261097	-0.1728983186	-0.0417066336	0.0876276628	-0.0489156335	0.1237470737	-0.0499711968	0.022216939	0.032791907	0.070310719	-0.1473798612	0.1049031371	0.0312981016	-0.0447222505	-0.1074146662	-0.0538657208	-0.0723769141	0.1409471477	-0.0851994496	0.1287746429	-0.0246277006	-0.0806361995	0.0250277739	0.0177660616	-0.0798377593	-0.1288625282	-0.154945975	0.1020329452	0.1301315604	0.0006066803	-0.1280054888	-0.1160614618	-0.2460667972	0.0853608804	-0.1350940178	-0.1762449232	-0.0421143437	0.0542975605	0.0553216005	0.1123819493	0.1138290171	-0.1219736599	0.0396583795	0.0740712546	-0.0368340949	-0.1771011557	0.0134587071	0.0855082254	-0.1646271314	0.0042238945	-0.2077255189	0.1049618952	0.0029130784	-0.0400234608	-0.003628214	-0.0827180911	0.0668347159	0.1526379579	0.075085985	0.2032842766	0.0562852495	0.1909372075	-0.1105464629	0.0706414665	0.0990808418	-0.0253948054	0.0069399478955318	0.0054349176587749	4.816287679269626e-05	2.953832995766324e-05	-0.0078511968255554	-0.0008262340403177	6.164129159361118e-05	6.826626893798757e-07	-0.0417786143300134	-0.0993854925699365	0.001745452615336	0.0098774761333689	-0.000526996716122	-6.300015609729998e-05	2.7772553880337184e-07	3.9690196682841635e-09	4.403607136893584e-05	0.0002060452206195	1.939175581610011e-09	4.24546329401532e-08	-0.0001369880807379	-0.0001769505196677	1.876573426425341e-08	3.1311486410702696e-08	0.0	0.0
981.7384044184	-0.2004640150299792	963810.294709986	0.0401858213219397	1424.4757928234792	10.660011291503906	113.63584073499078	2029131.28434008	944.1637781277508	1.2756339059748143	1.6272418620725613	891445.2399284686	1038.1842361562667	990.6539616723126	1.228599	22.048624	0.1262862279263807	0.0763195429854768	-0.1321226427	-0.0234531722	-0.1044783499	0.0478042892	0.0516940374	0.0400749939	-0.1628016693	0.0520405045	0.1647345543	0.1134629778	0.0212664912	0.0408096068	0.0717707965	-0.0337948981	0.0393420723	0.1610427145	-0.0519788674	-0.0622122397	0.0393179498	0.0770923373	-0.0593331125	0.0228943859	0.047081422	-0.1027552806	0.1564548796	0.0743282648	0.1411560056	-0.1190396292	0.2251973346	-0.0610247524	-0.0619615442	-0.0507418094	-0.044102528	0.0539891512	-0.000943702	0.2187726444	-0.0548009597	0.1499264102	-0.1457114125	0.0455185281	0.1856028602	-0.0635024357	0.059004311	-0.0558997359	-0.1258051625	0.0641784871	-0.0288144022	0.0689890067	-0.1436091493	-0.127404105	0.164279214	-0.1467636671	0.1096688479	0.0006772076	0.0841021621	-0.1413373836	0.0638694032	-0.0908874617	0.0570451017	-0.0896441463	-0.0889177924	0.0860497982	0.1634840501	-0.1196721661	0.0573977965	-0.2002968319	-0.0218692748	-0.1654177179	-0.002048359	0.069287688	-0.0869508603	0.022005216	-0.000453986	-0.1770978793	-0.0221715654	0.1218536669	-0.1262996798	-0.1054865056	-0.0311473905	-0.1190454137	0.0529416038	0.018512732	-0.0512992917	0.039863375	0.0667193287	-0.0668989155	0.0946861568	-0.0364975928	0.0112827202864735	0.0043427723909417	0.0001272997770628	1.8859672039525497e-05	-0.0290093807242755	-0.0211581838987201	0.0008415441700059	0.000447668745892	0.0276586137695602	0.0694372280995735	0.0007649989156537	0.0048215286461522	-0.0005269847596729	1.1956449099998108e-08	2.777129369275042e-07	1.4295667508084556e-16	-0.0003660210274638	-0.0004100570988327	1.3397139254565584e-07	1.681468243031201e-07	7.990373472317145e-05	0.000216891815461	6.384606822710953e-09	4.7042059613999474e-08	0.0	0.0
981.3786379133268	-0.359766505073253	963104.0309526164	0.129431938172623	1426.1873441105	1.7115512870207112	2.929407808102253	2034010.3405009613	942.9963354836048	-1.1674426441460355	1.3629223273706867	889242.0887355072	1037.3273755572643	1001.3705814590306	1.240042	22.253977	0.0905314913060522	0.073980767729824	-0.061578376	-0.1318264106	0.1094495353	-0.1886319847	0.1010408316	-0.048171872	0.0518670122	0.14441693	0.0287512133	-0.1014984469	-0.0343208367	-0.128830289	-0.1387985317	0.0285654565	0.1416150342	-0.0648790908	-0.0928466943	-0.150414124	-0.044194968	0.0294350097	-0.0260673454	0.2360582261	-0.0009702203	0.0940305935	-0.0560960086	-0.0133496401	-0.1612689055	-0.0043657897	0.1298248426	0.0229393788	0.0435461736	-0.124171048	-0.0309216065	-0.0155210625	0.1000636489	-0.0451575332	-0.0691081863	0.071678366	0.1245798751	0.0275894737	-0.0385327104	0.0424109862	-0.2061989175	-0.1638141171	-0.0511434319	0.0851051776	-0.1084573788	-0.063544381	-0.0225785984	0.0042074378	0.0512522049	-0.0362832994	0.0696835282	-0.0053525474	-0.0076266179	0.0165588101	-0.0518305266	-0.2143042906	-0.1455518577	0.0580454293	-0.1451544087	-0.1111308376	0.0972814457	-0.0827473351	0.1036823991	0.1109288247	-0.0638480646	-0.1413453362	-0.170502759	0.0675845741	-0.1044618096	0.0556586971	0.0128385427	-0.0732209442	0.058639851	-0.163501539	0.1645493623	-0.0987970159	-0.0860352467	-0.0887212817	0.1039685479	-0.1687532659	0.0867152875	0.1535562031	0.1137568536	0.0888511171	0.0901621419	-0.0474010431	0.0038645212713106	-0.0074181990151629	1.4934524656412095e-05	5.502967662856383e-05	-0.0253845341494241	0.0036248465748514	0.0006443745739832	1.3139512691211927e-05	-0.0457271695996013	-0.0733857833691614	0.0020909740395907	0.0053854732007054	-0.0005269626486474	2.2111025500012697e-08	2.776896330694831e-07	4.888974486622118e-16	-0.0003670529667529	-1.0319392890999744e-06	1.347278804021055e-07	1.0648986963881606e-12	0.0002009029313461	0.0001209991966229	4.0361987823455766e-08	1.4640805583394124e-08	0.0	0.0
981.8611973066912	0.4825593933644541	964051.4107765292	0.2328635681242699	1418.2265162774695	-7.960827833030407	63.37477978715161	2011366.4514725276	944.302695003026	1.3063595194212212	1.706575193982444	891707.5797899779	1037.2888611739625	986.6029772361888	1.309162	23.494415	0.0510259965318146	0.0279985136970559	0.1294844453	-0.1231041118	-0.1037724361	0.0216905112	-0.1052013105	-0.0159806005	-0.1096655783	-0.0711336566	0.003971667	-0.1569359927	0.1011496204	-0.136108313	0.0415999624	0.0792809474	-0.0317483868	-0.074869757	-0.1320071831	-0.0807329243	-0.0090349856	0.1451788232	0.0170566931	-0.0340328008	0.0436913512	-0.1202654684	-0.1911670768	-0.0225509697	0.002740299	0.0836036762	0.0729664501	0.1851089228	0.0605747613	-0.1541864021	-0.1904874806	-0.0665636851	-0.0119349962	-0.0820424325	0.1493292054	-0.1368539311	-0.024563931	-0.04640141	0.0868150038	0.1425897943	-0.0130499095	-0.0458037194	0.1725171688	-0.0007354074	-0.0645144874	0.0606486323	0.106039005	0.0320807957	0.0613531662	0.0033181826	-0.1108546476	-0.0069800119	0.015259612	0.0657721234	0.1299444721	-0.1959391509	0.2093294255	-0.0891647647	-0.0422229013	0.1686668117	0.0656524	-0.0118188104	0.2443248697	0.0637028097	-0.0399344558	-0.1334056603	0.0458994959	0.0753872702	0.0356847761	-0.1174120478	-0.0357301103	0.1216085058	0.1699667232	-0.0408352961	-0.090299643	0.0165563441	0.048469873	-0.0782628593	0.0876042953	0.0634299402	-0.113088429	0.1467031211	-0.0965717322	-0.1317743846	0.0855149763	-0.0580456054	0.0096625539841141	0.0057980327128035	9.336494949591926e-05	3.3617183338739515e-05	-0.0139675862101427	0.0114169479392813	0.0001950934645377	0.0001303467002482	-0.0528406691865441	-0.0071134995869428	0.0027921363200817	5.0601876373435415e-05	-0.0001079831064198	0.0004189795422275	1.1660351272069852e-08	1.755438568052492e-07	-0.0003620045631147	5.048403638199968e-06	1.3104730371586482e-07	2.5486379294190676e-11	9.098055135616144e-05	-0.0001099223799899	8.277460725071128e-09	1.2082929622652444e-08	0.0	0.0
984.2377054666456	2.376508159954369	968723.8608622474	5.6477910343297015	1430.774483663994	12.547967386524531	157.45148553328332	2047115.6231039688	945.24853584397	0.9458408409440152	0.8946148963976821	893494.794515169	1038.0717771937864	996.0581269328784	1.244221	22.328972	0.0825677753845369	0.0402174022874097	0.0724090107	0.0941554873	0.1491531906	0.00210477	0.0684968658	0.1115801802	0.0037142288	-0.1096311809	-0.0974606879	-0.0100690249	-0.2229400872	0.1037955347	0.1056757537	0.0859312171	0.0909380045	0.1088620605	0.0753470762	0.0726411963	-0.0720062273	0.2960044417	-0.0830893112	-0.0593063283	0.0479272666	-0.0949357092	-0.0425027875	-0.0038777896	-0.1272970489	0.0047136097	0.1802753562	0.0197420916	0.082433087	-0.0225452432	0.1110050968	0.1185703943	0.1459847694	-0.0575409539	0.083698605	-0.0863627473	-0.1471582729	-0.1010000468	-0.0617273988	0.006733818	0.1300126913	0.0283369235	-0.0352365045	-0.0726920718	-0.0137250949	-0.0726550809	-0.2269868512	-0.0188483769	0.3085391032	0.2000280434	-0.0405664129	-0.0908482967	0.0548759372	0.2410697	-0.0911952025	-0.2226575575	-0.125844111	-0.0711855421	0.0683450418	-0.0473402952	0.0070081523	-0.0262670072	0.0710447048	-0.0465832744	0.1497595982	-0.1915483891	0.1367967744	0.0934414283	-0.0369744183	-0.1152307946	0.0139532519	0.0712041981	-0.1072192677	-0.1505373838	0.0855986932	-0.1731076252	-0.1441073757	-0.0854692627	0.2269030307	0.0608346989	-0.1944125123	0.0322453163	0.1546085633	-0.0292536735	0.0807510076	-0.0683731426	0.0012706876750741	-0.00839186630904	1.6146471675852217e-06	7.042342014880062e-05	-0.0252197460928726	-0.0112521598827298	0.0006360355929889	0.0001266111020265	-0.0746092097149642	-0.02176854052842	0.0055665341742915	0.0004738693567374	0.0003630776084141	0.0004710607148339	1.3182534973170253e-07	2.218981970598249e-07	-0.0004809410820361	-0.0001189365189213	2.313043243900547e-07	1.4145895533140536e-08	0.0003240874908878	0.0002331069395316	1.0503270174994985e-07	5.4338845257807e-08	0.0	0.0
984.1747130945346	-0.0629923721110117	968599.8658947096	0.0039680389441721	1428.1567195423863	-2.6177641216077063	6.852688996376567	2039631.6155740705	944.627295781525	-0.6212400624449401	0.3859392151865931	892320.7279355169	1038.575854514682	1004.2618592407994	1.351076	24.246599	0.0186567676474329	0.0108189246277663	-0.1370328423	-0.0405858387	-0.0203164609	0.0320539069	0.0898444403	-0.011488183	0.165722511	0.0097577409	0.0979890948	-0.0063345158	-0.1777675956	-0.1470027476	0.0699490048	-0.1311848477	0.0921275576	0.0539416492	0.1217902716	-0.0036137106	0.0509988168	0.1072087807	-0.0392832141	-0.0770099777	-0.0389472346	-0.0834194465	-0.0302456902	0.1285203985	-0.0611161583	0.1947826593	-0.0769072304	0.195315873	0.1465284689	-0.0194817685	0.2061745612	-0.0569144012	0.020940629	0.0919294143	-0.0222660319	0.0891244133	0.0451558963	0.0815815081	-0.0077098695	-0.014860309	-0.110807581	-0.0553256964	-0.2119940141	-0.1048687552	0.0286342432	0.1206553173	-0.1399499007	-0.2045364831	0.0737240227	0.2318639424	-0.0398077045	-0.0564036064	-0.0774036535	0.1082395304	0.02851452	0.1168922946	0.103496275	0.0026495349	-0.1901234417	0.098383438	-0.0182710813	-0.1384894818	-0.0029891439	0.0537206933	-0.0637501091	-0.1500259463	-0.1224978782	0.1531358308	0.0573509108	-0.1922736672	-0.007557234	-0.1030359349	0.0446626795	0.0751136657	0.1411037201	0.0955289887	-0.2190333283	-0.1620923977	-0.1103149632	-0.0806824684	-0.0442835746	-0.1615393847	-0.0234937108	0.0419460142	0.0758767427	-0.0783272495	0.0042576122987014	0.0029869246236272	1.8127262486053412e-05	8.921718707231083e-06	-0.024783975938206	0.0004357701546666	0.0006142454633055	1.898956276981533e-07	-0.0837420721427832	-0.009132862427819	0.0070127346467671	8.34091761254681e-05	0.0004000946876362	3.7017079222100046e-05	1.600757590747085e-07	1.3702641541352306e-09	-0.000535928620893	-5.498753885689996e-05	2.872194866922729e-07	3.023629429539083e-09	0.0003541070816352	3.00195907474e-05	1.253918252641982e-07	9.011758286413835e-10	0.0	0.0
982.7425233665816	-1.4321897279529594	965782.8672329162	2.051167416853972	1424.882560328433	-3.274159213953226	10.720118558314804	2030290.3107281108	943.9929347078564	-0.6343610736686287	0.4024139717860154	891122.6607783512	1038.539388108312	991.9900657775554	1.337971	24.011417	0.0498053776833641	0.0276379096323718	0.1434258527	-0.1276273665	-0.1183833096	-0.0453984219	-0.034522932	0.102549209	-0.0046740013	0.0815647413	0.0025603311	-0.1211878539	0.0417236535	-0.09255723	-0.0105814738	-0.0037734766	0.0358789132	-0.184026763	-0.1354829372	0.0326659568	0.0664150566	0.0295730063	-0.0622196037	0.099716284	-0.0308033404	0.0450100056	-0.0796057949	-0.1773535849	0.1434249789	-0.0318250758	-0.116252523	0.000595155	0.1446593378	-0.0307801936	-0.0633935732	-0.030813405	-0.0289037949	-0.0280235946	-0.1488008474	0.1883379845	-0.0062627046	-0.157776405	0.0641642361	0.0257685319	-0.2132757675	-0.0422091664	0.144795144	0.1047019228	-0.1064029577	0.0381122829	0.0688685874	-0.1305631968	-0.0585480993	-0.0446044184	-0.0465457366	-0.1209205339	-0.0270410945	0.0861067209	0.1355933029	0.0456745856	-0.0329301998	0.1540198363	0.0042247641	-0.0275251026	-0.0104793412	0.0420309788	0.2064925043	0.1095932859	-0.0468024463	-0.1067487659	-0.078980326	0.0328913877	0.1797965819	-0.0593031997	0.1001308109	-0.0029439263	0.2148544687	-0.0583255527	0.1208892943	0.0349296283	-0.0537315308	-0.1746637498	0.013814717	0.0848911895	-0.0033268044	-0.0567183308	-0.1060063651	-0.1329278539	0.0708988393	-0.0878535601	0.0234914816051343	0.0192338693064329	0.0005518497080043	0.0003699417284969	-0.0279178697749102	-0.0031338938367042	0.0007794074527688	9.821290579732578e-06	-0.0640536478983762	0.019688424244407	0.0041028698090891	0.0003876340492277	0.0005500935826492	0.000149998895013	3.0260294967183226e-07	2.2499668505121e-08	-0.0005359038526671	2.4768225899939045e-08	2.871929393034409e-07	6.134650142304114e-16	0.0003491469389577	-4.9601426775000026e-06	1.219035849835319e-07	2.460301538115689e-11	0.0	0.0
982.367038942581	-0.3754844240006605	965044.9992008144	0.1409885526671078	1426.248879148249	1.3663188198158878	1.8668271173830804	2034185.8652716363	943.9022775569432	-0.0906571509132163	0.0082187190117016	890951.5095771847	1037.913315194245	997.595144769901	1.220141	21.896824	0.0779713012592434	0.0442823003505446	0.0778736975	0.1129177184	0.1557264068	0.0316721832	0.1628312159	0.0499651706	-0.0201454509	-0.006697227	-0.0763079616	-0.0073960197	-0.0638631164	0.0906959209	0.0937532743	0.1832506296	0.0698049809	-0.1049346773	-0.0294706844	0.076551598	-0.0309530967	-0.1079604388	-0.0786944746	-0.0113339487	-0.0310166543	0.082652852	-0.030389038	0.1198521487	0.115206021	0.0823301331	-0.1232946373	0.0373675758	-0.163999449	-0.122001678	-0.0127385785	0.0492338838	-0.0043201812	-0.0471408282	-0.0174551655	-0.1272967541	0.0678189213	-0.0944539081	-0.0860038947	-0.1057656402	-0.0167534423	0.0164358053	0.1173303644	0.0348217738	-0.016182922	-0.1716443237	0.089749635	-0.1301091356	-0.0079821746	-0.0774540148	0.0777427166	-0.0846819725	-0.0685669534	0.0610133391	0.1029835068	0.050289335	0.068921384	-0.0139791248	0.0333463832	0.0522405909	-0.0752171019	-0.0567435858	0.0810063333	0.1726260796	0.1302306778	-0.1473086842	0.1088545868	0.0303551666	0.1282335904	0.0174622929	-0.1251096701	-0.1560631707	-0.0447357439	-0.0544983162	0.0838724316	0.1543655468	-0.0474533236	-0.172861907	0.0629268945	-0.0038417832	0.0084850703	-0.2280836518	-0.1950064287	-0.035878041	0.0658240966	-0.096900045	0.013985855361696	-0.0095056262434382	0.0001956041501982	9.03569302799429e-05	-0.003332980841904	0.0245848889330062	1.1108761292499096e-05	0.0006044167638482	-0.1004811471484501	-0.0364274992500739	0.0100964609322684	0.0013269627016141	0.0004010933885157	-0.0001490001941335	1.608759063110063e-07	2.220105785182069e-08	-0.000535929802969	-2.59503018999567e-08	2.872207537103912e-07	6.734181686988963e-16	0.0003491073467386	-3.9592219100003524e-08	1.2187593954686508e-07	1.5675438132626833e-15	0.0	0.0
981.662567400079	-0.7044715425020058	963661.3962345144	0.4962801541951554	1421.7723901759812	-4.476488972267816	20.03895351883537	2021436.7294667223	944.780059040768	0.8777814838248332	0.770500333345726	892609.3599610771	1037.944363755735	999.1702622537224	1.094289	19.638271	0.0348368615994549	0.019832365465965	-0.0017807689	0.1841113201	-0.0534660268	-0.1305106301	-0.1493769313	-0.0895048438	0.001649102	0.0248356781	-0.1541551978	0.1657414781	-0.079455525	-0.0616390044	-0.029767733	0.059988039	-0.0044638512	-0.04277499	0.0600524239	0.1433426009	-0.0411745422	0.0009831543	-0.0710699843	-0.1070602636	-0.1698856501	-0.0558115375	0.0614652205	-0.161165765	0.164160753	-0.121653067	-0.1264559324	0.0821504441	-0.2705368755	-0.1225309607	0.1576564797	0.0883633162	0.0778287972	-0.0460383523	-0.1298372355	-0.0117188403	-0.0431458011	0.0051008388	-0.0221778756	-0.1739958724	0.0456618348	0.080432182	0.1441858861	-0.0293745531	0.0029547951	0.0743428652	0.0539170968	-0.1479806573	-0.0139938727	0.0201169995	-0.0953803678	-0.1547156401	-0.0591908027	-0.0756491388	0.107001654	-0.0073710863	-0.076464597	0.1590321165	0.0125799785	-0.0447867695	-0.0609842845	-0.1556291844	0.0177849198	0.0685087739	0.1626436755	-0.1119368978	0.1196770592	-0.0098360809	0.2524097314	0.0081031403	0.1329247005	0.1010566199	0.0528690148	0.0392235311	0.1072163303	0.0487748663	0.0955767907	-0.0941786201	-0.0063442418	-0.030910337	0.136870991	-0.0486385504	-0.1442681047	0.2258266655	0.0606594461	-0.1054172954	0.0097815621376895	-0.0042042932240065	9.567895785348076e-05	1.7676081513426974e-05	-0.0209778110609732	-0.0176448302190692	0.0004400685569098	0.0003113400334597	-0.0942964042728959	0.0061847428755542	0.0088918118587974	3.82510444367185e-05	0.0005370934357737	0.0001360000472579	2.884693587511976e-07	1.8496012854178226e-08	-0.0005359059002498	2.3902719199992223e-08	2.871951339225486e-07	5.713399851536767e-16	0.0003491433023779	3.5955639300015545e-08	1.2190104559534574e-07	1.2928079974728225e-15	0.0	0.0
980.9757969135968	-0.6867704864821462	962313.5141302664	0.4716537011029238	1420.9725060713918	-0.7998841045894096	0.6398145807748016	2019162.8630108116	944.3800798443002	-0.3999791964678252	0.1599833576070471	891853.7352067268	1037.204448240688	991.6374682531596	1.013124	18.181667	0.0114759428029898	0.0060952692759306	-0.0733424048	0.1331545725	-0.1209109466	-0.1301118214	-0.0755547205	-0.1112092254	-0.0409588561	-0.0142678449	-0.0802868762	0.1715834816	-0.0647352639	-0.0932854252	-0.0765839023	-0.0892533691	0.106444332	0.0411435865	0.167507652	0.0512874506	-0.0646386299	0.1641511301	0.0682639409	-0.1039034846	-0.0745270713	-0.0788701678	-0.0290422987	0.1631690354	0.0958703834	0.126591195	-0.1875852214	0.077274671	-0.0026554973	-0.112724055	-0.0285825436	-0.0106709635	-0.1322969214	0.0508373512	-0.0824042965	-0.075865387	0.0305261388	0.0932344462	0.026588757	-0.1102783778	0.0521578441	0.0746417909	0.0436827945	-0.1663825855	-0.0448819798	0.0578640342	-0.0378281223	-0.0333567375	-0.0608412049	0.1015212816	0.0133121103	-0.1143151526	-0.0394228111	0.0496073569	-0.0236689777	-0.0213936268	0.2258636444	-0.1022574546	-0.0943781817	0.1764408059	-0.0981033797	-0.1577270471	-0.022688748	-0.0047433381	0.0981525731	-0.0673410262	-0.0493484249	0.1586468678	0.2867267377	-0.1097331502	0.0803469788	0.0842963197	0.0200290247	0.0473940953	-0.073879555	0.065697656	0.0863555407	-0.0166938604	0.0204757737	-0.1157200635	0.0610721407	0.1045979485	-0.0343881337	0.1087951217	0.0554119421	-0.1133587932	0.0088013596289613	-0.0009802025087281	7.746393131830978e-05	9.607969581170563e-07	-0.0250794471575517	-0.0041016360965784	0.0006289786697284	1.6823418668755695e-05	-0.0967887730168541	-0.0024923687439581	0.0093680665821081	6.211901955859753e-06	0.0004590930947462	-7.800034102749997e-05	2.107664696436434e-07	6.084053200406294e-09	-0.0005359197333671	-1.3833117299961832e-08	2.872099606122635e-07	1.913551342345033e-16	0.0003491227674482	-2.0534929700026173e-08	1.2188670675068994e-07	4.2168333778501685e-16	0.0	0.0
983.673944157503	2.698147243906192	967614.4284143784	7.279998549798579	1419.830467224121	-1.142038847270669	1.3042527286753185	2015918.555657866	946.4606615523218	2.0805817080215547	4.32882024375389	895787.7838660586	1037.5525839990714	984.6376360703252	1.452211	26.061592	0.1225921080178529	0.0941601178396682	-0.0459078171	-0.1325249411	0.218902139	0.0275858799	-0.1222267858	-0.2082817534	0.1034432666	-0.0099222211	0.0612575316	-0.0513888895	0.3185653431	0.0570398708	0.155067094	-0.1833240806	0.0813999885	-0.2647891138	0.1656732909	0.2639083113	0.1163364764	0.0396502687	-0.2518689459	-0.0900727317	0.1712907491	0.1322227414	0.0277387368	-0.0629256611	0.0245737288	-0.0868583875	0.2470896511	0.026451762	0.061880752	0.2257837388	0.0480608526	0.1510636056	-0.0846914277	0.0216668668	0.1627734595	0.1194898268	-0.0120032455	0.1282369381	-0.1187395561	0.2154844004	-0.1136931126	0.3207600053	0.1321861492	-0.0312367615	0.0850097749	0.0065737273	-0.3102093566	0.0810359432	0.2599998352	-0.1956489995	-0.1152868369	-0.2406268096	0.1953877941	-0.0942009345	0.0774375845	0.2513143942	-0.012411175	0.0518811443	-0.1221379678	-0.0099824151	-0.2286638417	-0.1801856364	0.0541920877	0.1674984037	-0.1676614458	-0.2231376933	0.0381920394	-0.1600254401	0.0664794656	0.0509854967	0.3263895853	0.0121184622	-0.2936725619	-0.2495779043	-0.301405407	-0.0717753287	-0.02765382	0.1047817159	-0.3704483756	0.1140093669	0.0167263607	-0.0905631192	0.0184133266	-0.1897892827	0.0500887521	-0.1206811645	0.007798036474881	-0.0010033231540802	6.0809372863574495e-05	1.00665735151364e-06	-0.0204313182419895	0.0046481289155622	0.0004174387651054	2.160510241568544e-05	-0.1809465991183145	-0.0841578261014604	0.032741671732484	0.0070825396941236	0.0009940727529846	0.0005349796582383	9.881806382263814e-07	2.862032347288751e-07	-0.0004158266677392	0.0001200930656278	1.72911817603087e-07	1.4422344411907089e-08	0.0003497066405169	5.838730687000361e-07	1.2229473442161633e-07	3.409077603531971e-13	0.0	0.0
986.347559849622	2.6736156921190286	972881.5088213036	7.148220869145113	1427.0092356720863	7.17876844796524	51.53471642950126	2036355.358693432	945.6684592663404	-0.7922022859813751	0.6275844619141164	894288.8348511741	1041.650143372632	1000.0239372327204	1.890969	33.935612	0.2071580267874132	0.1359587519238776	0.0845562119	0.0431254542	-0.0415010078	-0.0425919903	0.0454048115	0.2298468509	-0.028445826	-0.133657652	0.0612330642	-0.0610352151	-0.0698019312	0.4199293369	-0.4139366241	-0.2046252837	-0.1111195381	-0.0405515905	-0.0910553254	0.3295059861	0.1939425382	0.1320817117	-0.0884295826	-0.158788293	0.1637938502	0.2541285903	0.3546681823	0.0804905824	-0.1598612728	0.1339459646	-0.2460105631	-0.1298892811	0.1073239701	-0.156680923	-0.1858813155	-0.2256126722	0.1050654709	0.0405362257	0.0852401327	0.092074506	-0.0043567488	-0.1426062687	0.2442955377	0.0665495092	0.0796249056	0.6272620868	-0.1071184659	0.2389834325	-0.2584729329	-0.0429570522	-0.0321387573	-0.2593445619	-0.2021664687	-0.0428302066	-0.0270774333	0.10336242	0.003790796	-0.036899248	-0.1976885488	-0.0998781868	0.0157962882	-0.2008583294	-0.0010295131	-0.0244385264	-0.56947125	0.2189293858	-0.0061621254	-0.4317538641	0.0526651734	-0.3347180704	-0.2393939647	-0.1693722756	-0.2141378426	0.1855625136	-0.1122549121	0.0828440372	0.1617958712	0.0354124235	0.0715422435	0.1840713996	0.032522648	0.0342252798	-0.0359691731	-0.04747146	0.0288683306	0.0178982559	-0.029131992	0.03517819	0.0446971468	-0.1273444172	-0.0026363836501275	-0.0104344201250085	6.9505187506596e-06	0.0001088771233451	-0.1473799463330749	-0.1269486280910854	0.02172084858114	0.0161159541742087	-0.187425284989942	-0.0064786858716274	0.0351282374535609	4.197337062322548e-05	0.0018449935733338	0.0008509208203492	3.404001285643024e-06	7.240662425037556e-07	-0.0004440347416068	-2.8208073867600023e-05	1.971668517538177e-07	7.956954313199792e-10	-3.70903192601366e-05	-0.000386796959777	1.37569178281886e-09	1.496118880927585e-07	1.0	0.0
984.001926433817	-2.3456334158050822	968259.7912254628	5.501996121341418	1424.7012628923385	-2.3079727797478427	5.326738352056984	2029773.6884870245	946.4323264538402	0.7638671874998408	0.583493080138917	895734.1485568284	1038.495182084217	991.538850478093	1.72379	30.935381	0.2285445215904364	0.1391270603413433	0.1233874414	0.0531122572	-0.1768852092	-0.0682793192	-0.0170391565	0.1917505317	0.2005303625	-0.0931011871	-0.0136981547	-0.0031676993	0.1138525826	-0.3386793256	-0.1634948696	0.0418439887	-0.390525082	-0.1565448803	-0.1743547204	0.1321650199	0.0071449675	-0.0083030436	0.0474443649	-0.0307077297	0.0010467228	-0.2089935805	-0.0601728305	0.1625478628	0.0724714364	-0.0681465568	-0.0039116853	-0.0813387853	-0.0258499406	0.0791542075	0.1087992618	0.0018037948	-0.0029586084	-0.0034689792	-0.1452277472	-0.0030266811	-0.102366122	-0.1718751561	-0.0473746512	0.0332596569	-0.03127989	0.1145691268	-0.1056487239	-0.1802330981	0.2265296496	0.0838492523	0.1173260068	0.260958153	-0.192296628	0.0715670205	0.2454398671	-0.0946432482	-0.2697959373	-0.364473423	-0.1030684318	-0.1110774648	-0.0186364922	0.0690890654	0.0382825833	0.1594023126	-0.2188712925	0.0662865042	0.0843525254	0.0410613628	-0.0646532644	0.1272180715	0.0489395371	-0.0609881196	0.134735832	-0.0599985402	-0.1484035199	-0.0929931611	-0.1467401533	0.3911173351	0.0096872178	-0.0595947857	-0.1592552889	0.0427960379	0.1744410414	0.3917098088	0.2700529467	0.006905071	0.128570519	-0.0944880424	0.0392444906	-0.1333121588	-0.0057277340700778	-0.0030913504199503	3.280693757753e-05	9.556447418926898e-06	-0.0416784012619189	0.105701545071156	0.0017370891317495	0.0111728166304296	-0.1075813456746601	0.0798439393152818	0.0115737459371707	0.0063750546453824	0.001281957093173	-0.0005630364801608	1.6434139887365675e-06	3.17010077991863e-07	-0.0005591010056213	-0.0001150662640144	3.125939344867489e-07	1.3240245114254612e-08	-0.0001571413107658	-0.0001200509915056	2.4693391549193734e-08	1.4412240561492866e-08	0.0	1.0
981.0951354928424	-2.906790940974588	962547.6648877189	8.44943357453193	1432.1312003330877	7.4299374407492	55.203970373446765	2050999.7749674905	944.3673699177486	-2.064956536091586	4.264045495947361	891829.7293653659	1038.3135868981665	1000.8399713984772	1.375454	24.684095	0.0924801308428635	0.0523495203253645	0.0922219065	-0.0982022646	0.0710924685	-0.0783003974	-0.0144027628	0.0839207532	0.2209992924	0.2763985615	-0.1496035448	-0.1067215171	0.2568782819	-0.0008292829	0.090625562	-0.2419614588	-0.1758182145	-0.1277410285	0.0297385372	-0.0064681506	0.0290344639	-0.0158048837	0.0233543024	0.0151967733	0.0167112386	-0.1930309313	-0.1902193479	-0.0471748424	-0.0086976105	0.2175169332	0.127759347	-0.0907906468	0.1440569998	-0.1180268722	-0.2325270517	-0.0475971041	0.131476129	0.0388132697	0.1220347438	-0.1320388587	-0.1285225244	-0.0273420084	-0.0230802028	-0.0190683577	-0.2309799325	0.023340611	0.0668732383	0.023853784	0.3980370791	0.043240658	-0.1757069059	0.0736646964	-0.1946658272	0.0022223293	0.0027314385	0.0121046811	-0.0237793468	0.1520132397	-0.0680181628	-0.1991967741	-0.0792739228	-0.1328943149	-0.141105588	-0.0119605273	-0.1034053754	-0.028120251	0.0485427034	-0.0038984668	-0.1414364866	0.1460979799	0.063700097	-0.0642762853	0.2034189269	0.1189941927	-0.0360916823	-0.0669271562	-0.0819313594	0.0462772439	0.1671631742	-0.1097761415	-0.1633828848	0.1647044694	0.187594227	-0.1667324365	0.0544746981	-0.026063626	0.0509236171	0.024854539	0.0337382312	-0.1385517956	-0.0060963124009845	-0.0003685783309067	3.71650248903974e-05	1.3584998601396894e-07	-0.0129657791981685	0.0287126220637504	0.0001681114302156	0.0008244146657757	-0.0733828264724536	0.0341985192022065	0.0053850392210862	0.0011695387156236	0.0008919409792892	-0.0003900161138837	7.955587105353771e-07	1.521125690890212e-07	-0.0007530705069873	-0.000193969501366	5.671151884941091e-07	3.762416746017469e-08	-0.000157163920436	-2.2609670200006643e-08	2.4700497886813342e-08	5.111971865530684e-16	0.0	0.0
978.9152155906016	-2.1799199022407265	958274.999314794	4.752050780185218	1417.460911176358	-14.670289156729725	215.21738394206167	2009195.434712911	944.0825215944102	-0.2848483233384513	0.0811385673087269	891291.80758006	1036.4011610626296	995.8214927688095	1.412999	25.357889	0.0793423210935305	0.0428684889814708	-0.1217901253	-0.0512140016	-0.067936672	0.0364101741	0.1395752912	-0.1026490432	-0.163987889	0.1870338538	-0.1529081997	-0.0652308329	0.0922733228	-0.0155000892	-0.101030678	0.187778968	-0.0603891401	-0.2004581298	0.2115905018	-0.0635211027	0.0377286054	-0.1314020931	-0.0964378399	0.2684597896	-0.0986069283	0.1985493051	0.1275836914	0.0278608971	0.0225444815	0.0421591821	0.0597916035	-0.1356642539	-0.0154752968	-0.0816611564	0.1164683707	0.0106224413	0.1623467267	0.0859790006	0.1093944162	-0.2686241452	-0.0428161491	0.1165916137	0.0329860441	-0.0797990063	-0.1348361992	-0.0352809715	0.262124896	0.0101685671	-0.0335020791	-0.0984740235	-0.0224012031	0.0592051607	0.0758057538	0.0812170884	0.1335653587	0.0643835395	0.1399703443	-0.2290303068	-0.0144771768	0.0920744797	-0.1793227045	-0.1343448329	-0.034771746	-0.0985724836	-0.0644690235	-0.1604595781	-0.0600642042	0.0465434031	-0.016094275	0.1510144694	0.0052889454	-0.1582697245	0.0612833882	0.1347888233	-0.0957326475	-0.0420120068	0.1007294319	-0.039684494	-0.10836926	-0.1838127189	0.1273519326	-0.0237853343	-0.1185348447	-0.0277432967	0.0208365925	0.0040984752	-0.0108867666	0.0561220265	0.0281858894	-0.1430347106	-0.0155630643956499	-0.0094667519946654	0.0002422089733831	8.961939332850132e-05	-0.0228781479751774	-0.0099123687770089	0.0005234096547741	9.82550547714209e-05	-0.0592103009380124	0.0141725255344412	0.0035058597371699	0.0002008604800243	0.000253932806221	-0.0006380081730682	6.448187007527194e-08	4.070544289018222e-07	-0.0005590300053999	0.0001940405015874	3.125145469374122e-07	3.765171625628978e-08	-0.0002409287415287	-8.37648210927e-05	5.804665849460313e-08	7.0165452526920385e-09	0.0	0.0
979.6414160498488	0.7262004592471385	959697.3040401528	0.5273671070107548	1409.9502302024796	-7.5106809738783795	56.41032869137868	1987959.6516480253	943.8858836859044	-0.1966379085057497	0.0386664670615155	890920.5614215208	1035.3429174774694	979.8301431537828	1.10821	19.888096	0.0608149255111259	0.0334022859181828	-0.131072136	0.0123563015	-0.1266900733	0.0576433004	-0.0390666208	-0.1344693823	-0.172106682	0.0803287758	-0.1187109773	0.0292369001	0.1248933007	-0.0098891211	-0.1295605803	0.0654459786	-0.1488459515	-0.0173195497	0.2267237486	0.0008681238	0.0911887596	-0.0575286589	0.0654177849	0.0286579132	-0.2161417868	0.1046333378	-0.1120327736	-0.1283761534	-0.0997477441	0.1218902781	0.0306789846	-0.0751811294	0.0728654476	-0.0411114708	0.0441321488	0.0490848464	-0.0704680357	-0.0684270728	0.0035897587	0.1195991254	0.1593097074	0.1829382808	0.0644072508	-0.0782174604	0.0835771656	0.043268342	0.2888098329	0.0079427438	0.0736932769	-0.0054385869	-0.049753945	0.0895521233	-0.1133818498	0.022074113	0.0531885625	-0.0285036792	-0.0067366503	-0.0163689065	-0.0416868008	-0.0059758914	-0.0104949627	-0.0720011794	0.1108284423	-0.0910117678	-0.0563704844	-0.1343852116	-0.084330526	-0.09099781	-0.0481307235	0.159245775	0.0900594811	-0.1709448587	0.0604309637	-0.0466679755	0.0099268617	-0.0906364289	0.1411317892	-0.0716780897	-0.0069484356	0.0006661487	0.0373223787	0.1527755419	0.0994999955	0.0095951617	-0.107980837	0.0584277915	-0.035222855	-0.1058851004	0.022595049	-0.1467364196	0.0015138473416413	0.0170769117372912	2.2917337737944305e-06	0.0002916209144832	-0.0258657126809396	-0.0029875647057622	0.0006690350924929	8.925542871115982e-06	-0.0592231505980649	-1.2849660052501044e-05	0.003507381566761	1.6511376346484114e-10	0.0007079343826398	0.0004540015764187	5.011710901235947e-07	2.0611743139075546e-07	-0.0008360556226643	-0.0002770256172644	6.989890041885904e-07	7.674319262072186e-08	-0.0001572039470515	8.372479447719998e-05	2.4713080968570823e-08	7.009841210249377e-09	0.0	0.0
981.1204002115898	1.478984161740982	962597.23971135	2.1873941506806758	1418.6878289116753	8.737598709195709	76.3456312029385	2012675.1559021228	944.874745887434	0.988862201529514	0.9778484536137974	892788.2854158429	1038.2918884877197	995.0371717235336	0.988333	17.736773	0.0355747632222486	0.0203158527050008	-0.1672523145	0.0032877725	-0.1562150063	-0.0574364912	0.0822484826	-0.1251908285	-0.0738542028	0.004672224	-0.0412220798	0.0302062239	-0.0865683146	-0.1207981958	-0.1279877421	0.0023119623	-0.0544267434	-0.0955001367	0.2087670358	-0.0925912302	0.1039566935	0.1045342606	0.0228430103	-0.118096527	-0.0007823285	-0.0073704625	0.0528096105	-0.0700964099	0.028010211	-0.1841409683	0.0018134104	-0.0545331969	-0.1282949172	0.0437197676	0.0244105022	0.0691593544	-0.0161470697	-0.1066878799	-0.225729855	0.1172002523	-0.1647936276	0.1296305197	0.0351737703	-0.0810031225	-0.0371581049	0.1176183331	0.1107476538	-0.1087757457	-0.1440025097	-0.0096277224	0.0513932691	0.0059919328	0.0422180137	0.089536794	0.0934120829	0.0507698989	0.0169448106	-0.182982525	0.0769846826	-0.0581084875	-0.0275555733	0.0497959027	0.0566897626	0.0749137079	-0.0377916284	-0.150132125	-0.0696259003	-0.0357412558	0.002467928	0.148327834	0.0461547727	-0.1062693768	0.0761265853	-0.0400394092	-0.1128374885	0.0311416075	0.1462222709	-0.0607183014	0.0594278825	-0.0937392835	0.1040960678	0.0355388763	-0.0680686603	-0.0044360787	-0.1681516107	-0.1159314554	0.183680642	-0.1112453546	0.0169733466	-0.1496367051	0.00152321768347	9.370341828700193e-06	2.3201921112357133e-06	8.780330598668847e-11	-0.015821541820884	0.0100441708600555	0.0002503211855899	0.0001008853682659	-0.0652886401212242	-0.0060654895231593	0.0042626065288787	3.679016315555533e-05	0.0003589313013994	-0.0003490030812403	1.2883167912426693e-07	1.218031507152932e-07	-0.0008760283587079	-3.997273604359997e-05	7.674256852604572e-07	1.5978196268113163e-09	-0.0001573427797116	-1.388326600999996e-07	2.4756750327373093e-08	1.9274507510442015e-14	0.0	0.0
980.7908167426684	-0.3295834689213279	961950.6262067506	0.1086252629862159	1420.2431008857593	1.5552719740840075	2.418870913371166	2017090.465613597	944.942107552542	0.0673616651080237	0.0045375939261255	892915.5866258398	1038.2788734154854	999.4944423550102	0.993362	17.827023	0.1026721870796182	0.0538674121584221	-0.1145266893	0.068052202	-0.1793349246	-0.1815971284	0.0628638438	-0.0832857707	-0.1062678547	0.0803850267	-0.0107463625	0.0528172264	-0.1278173612	-0.1279494461	-0.2311485542	-0.0322269265	-0.0161009544	0.0177310334	0.1115949735	0.036082617	0.0096379593	-0.0370894545	-0.1365139729	0.1681977214	0.0565615574	-0.0652722879	-0.1105088271	0.0122198938	0.2041635285	-0.0478219825	-0.0185844854	0.1071572356	0.0403139664	0.0623892675	-0.0148090042	-0.1774034543	-0.0381267617	-0.1540104301	0.1765873427	-0.0194525289	0.0664752209	0.0657886072	0.1060773783	-0.1840839752	-0.0858387314	0.0030128495	0.0261739888	-0.1114238043	-0.1583009815	-0.0147406693	0.04966859	0.1392238558	-0.0631829767	0.0138864632	0.0862964186	-0.0779708518	-0.0225915291	0.1107996875	0.2060457596	0.1444951608	-0.0149139739	-0.1142980887	-0.1856680854	-0.0046493657	-0.0483357373	-0.0949829067	-0.0938193885	-0.0912294458	0.0694003347	0.2186616481	-0.1627493107	0.1136168431	0.1653683227	-0.0830433883	-0.0256199665	0.05775014	0.0251755891	-0.0414632677	-0.0591254462	0.0935690368	0.1227084798	0.0148264713	-0.0356312739	-0.0017493266	-0.0210764375	0.2038240005	0.0153852571	0.0185569209	0.0113284606	-0.1517197269	-0.0151618560511366	-0.0166850737346066	0.0002298818789153	0.0002783916855292	-0.0560771769301027	-0.0402556351092187	0.00314464977245	0.0016205161580465	-0.0329124599992312	0.032376180121993	0.0010832300232009	0.0010482170392917	0.00052892368536	0.0001699923839606	2.797602649348043e-07	2.8897410604608064e-08	-0.0009730418128026	-9.701345409469995e-05	9.4681036946217e-07	9.411610275384457e-09	-0.0001572426554909	1.0012422069999935e-07	2.4725252705829867e-08	1.0024859570782176e-14	0.0	0.0
982.0038133872068	1.212996644538407	964331.489507016	1.4713608596614347	1416.6262177584465	-3.616883127312804	13.081843556640044	2006829.8408406016	944.7854364959288	-0.1566710566131632	0.024545819980285	892619.5210148027	1037.4873303312634	992.3836740460572	1.249738	22.427982	0.1010601632323629	0.059203994139877	-0.0825017609	-0.1206329013	0.1676177462	0.0354551926	-0.0063040114	-0.186026466	-0.0353370041	-0.0119829934	0.0038456743	-0.1304834781	0.0995232518	0.1013544467	-0.0653705059	0.0025050757	-0.030041999	-0.1267114475	0.0411699255	-0.0081009275	0.184223108	-0.0318991535	0.0937896479	-0.0077878864	-0.0573051127	-0.0442489497	0.0009286382	-0.0664156289	-0.0344117373	0.0523917402	-0.1672275104	-0.0168357026	-0.0716920494	0.1556886786	-0.0847380967	0.1300049967	0.0638102081	-0.0840368611	-0.1594790874	-0.1050566659	-0.0329917753	0.1369185053	0.0051483478	0.095471417	-0.0602198317	0.0905524939	0.1316503677	0.0217300089	0.0246694324	-0.178193226	0.076818235	0.0425525558	-0.0045189836	0.0224347347	0.0309873971	0.1129693813	-0.2233647402	0.0503664915	0.1259069868	-0.0403540328	0.0340868549	0.0777794775	0.0865420286	0.0112719747	-0.0320893522	-0.105336226	-0.0375485216	-0.00323796	-0.1076462859	0.1236088856	0.0681464533	-0.0501621587	-0.0674425174	-0.0249452112	-0.098823046	0.0739667001	-0.0125236084	-0.2732638849	0.1010116346	-0.0081180061	-0.0032055101	0.0194826469	0.1054906622	0.1328612047	-0.0595849669	-0.0428371493	0.0128162479	0.1578180932	0.0056681013	-0.1529741081	-0.0147884285924959	0.0003734274586406	0.0002186976202353	1.394480668668511e-07	-0.0188288983670759	0.0372482785630268	0.0003545274137176	0.0013874342559088	-0.0794973398534466	-0.0465848798542154	0.0063198270437743	0.0021701510310316	0.0003259131480239	-0.0002030105373361	1.0621938005484855e-07	4.121327826949207e-08	-0.0011070259416616	-0.000133984128859	1.2255064355117522e-06	1.7951746786105132e-08	-0.0001573195364254	-7.68809344999931e-08	2.474943654110276e-08	5.91067808959223e-15	0.0	0.0
981.8913710540286	-0.1124423331782509	964110.66455036	0.0126432782905687	1416.980575383058	0.3543576246115663	0.1255693261203517	2007833.9510129024	943.7558836171324	-1.0295528787963804	1.0599791302379142	890675.1678619544	1036.4249128112044	1000.7094790903236	1.105203	19.834143	0.0645774276762273	0.042665626876826	-0.1179332164	-0.0888156352	0.0099439548	0.0714949725	0.0720400149	-0.0444688462	-0.2095343472	-0.1033438593	0.1518190994	0.0672181726	0.101916098	-0.012690109	0.1558261302	0.0039451484	-0.0329476496	0.0734966931	-0.003411413	0.0178726505	0.1161116757	0.0297073429	0.224830486	-0.0162649017	0.1897948379	0.1781265014	-0.0807356562	-0.0262165757	0.106737654	0.0987231475	0.2974105694	0.1623885962	-0.1490473252	-0.0006532112	0.0453656237	-0.007429954	0.2566608297	0.0351765903	-0.0953639622	0.0583678638	0.1102231933	0.1107801409	0.1746846231	0.1132149095	0.1182436533	-0.0110945764	-0.0431480433	-0.1284740216	0.1155403323	-0.0187844476	0.0063665767	-0.0146761637	-0.029269141	-0.1053641547	0.2443292694	0.2210417614	0.2009006734	0.0825189367	0.0750587006	0.0076841362	-0.1581205631	0.0153852901	-0.2503242822	-0.0460749125	-0.0249289317	-0.0520758161	-0.0679481547	-0.127231238	-0.1237103239	0.1210288174	-0.0581835688	0.1080647447	-0.0878536377	-0.0130668114	-0.116448829	-0.1171932751	-0.0657508945	-0.1002470731	-0.1040742679	0.0212137857	-0.0082204834	-0.2554454038	-0.0253476234	0.0451311276	0.0306731511	-0.0007775648	0.002775915	0.1275492033	0.0	-0.1533929978	-0.0147524257326807	3.60028598152002e-05	0.0002176340649982	1.2962059148729572e-09	-0.0459559200504742	-0.0271270216833982	0.0021119465876855	0.0007358753054115	-0.0476343644576928	0.0318629753957538	0.0022690326772883	0.0010152492010704	0.0002539099620222	-7.20031860017e-05	6.447026881411505e-08	5.1844587943954065e-09	-0.0011460168099053	-3.899086824370006e-05	1.3133545285855206e-06	1.5202878063975775e-09	-0.0001573540369252	-3.450049979999092e-08	2.4760292936657204e-08	1.1902844864491732e-15	0.0	0.0
983.1023497580316	1.2109787040029687	966490.230099763	1.4664694215487095	1420.806812933314	3.8262375502558825	14.640093790988136	2018691.999677721	945.4725420884683	1.7166584713359043	2.946916307209324	893918.3278432306	1037.8415276904657	978.4622173124864	1.430039	25.663683	0.034786973998261	0.0209490390741369	0.1504324519	-0.1204361612	-0.0702129921	0.0701837321	-0.1836824327	0.0182448105	-0.0100041221	-0.1062385226	0.0111698084	-0.1880005792	0.0115992611	-0.002000101	-0.0178630956	-0.0281939172	-0.0938678415	-0.0193726832	-0.0524624361	0.0140445188	-0.0361115105	-0.1203811407	-0.0333356748	0.1095248991	-0.1062712901	0.1326460629	-0.1339250311	0.0494366885	0.0512393785	-0.0093726433	-0.0460213799	0.1059229543	-0.0098329114	-0.1061663863	0.0455556954	0.0272127379	0.0154908297	0.2186225174	-0.0407643853	-0.1210744298	-0.1665091145	-0.0755927828	0.0075290851	0.163769064	0.0012256373	-0.0416889216	0.0952674144	-0.0592140523	0.0183019338	0.0291612401	0.0239516642	0.0645666607	-0.0273902324	0.0653679576	-0.1222226556	0.0164827026	-0.0622146077	0.0767171465	-0.0327999362	0.2269367483	-0.0943550884	-0.0945717159	0.1204991526	-0.0247505204	-0.019027096	0.0717764512	0.1388893173	0.0376733128	-0.1104632293	0.170365032	0.0583891367	-0.081325236	-0.0406287775	0.0118022623	-0.0360288332	0.1640896713	-0.0058650151	-0.0315649899	-0.1038375286	0.1508274928	-0.1042907957	-0.0982358692	0.043108355	0.1328976018	-0.043614261	-0.0491540345	-0.0606670782	0.0442835682	-0.0056681013	-0.1529741081	-0.0151392763520163	-0.0003868506193355	0.0002291976884627	1.496534016803369e-07	-0.0522544541749283	-0.0062985341244541	0.0027305279811196	3.96715321169128e-05	-0.0592577285020041	-0.0116233640443113	0.0035114783872172	0.0001351025917065	0.0002539354408434	2.547882119998887e-08	6.448320811633188e-08	6.491703297410025e-16	-0.0008170200334098	0.0003289967764955	6.675217349929507e-07	1.0823887894443005e-07	-0.0001578962858117	-5.422488865000012e-07	2.493123707313005e-08	2.9403385491049123e-13	0.0	0.0
984.106782856658	1.004433098626464	968466.1600644814	1.00888584961636	1430.9798662509138	10.173053317599852	103.49101380272934	2047703.3776154832	946.9347922741528	1.462250185684411	2.1381756055340944	896685.5008192929	1040.1690553107485	1003.0750305315972	1.329648	23.862064	0.0313988019924945	0.0185319166984219	0.0868951172	0.0895676621	0.1179136759	0.0780073402	0.1203655787	0.1856632156	-0.0055443004	-0.0151774844	-0.0961025047	-0.0461286944	-0.1276572961	0.2322474684	0.0733511325	-0.027325411	-0.1169818071	0.1734604553	-0.0086622818	0.2567017949	-0.159046218	-0.0867082708	0.1018191698	0.0797943389	0.053140052	0.0478751732	0.0088430819	0.079929042	-0.223719292	-0.1038132911	0.0827134252	-0.0184811507	-0.132299476	-0.1161503967	0.0335701609	0.0639726363	0.0447581807	0.0191860215	0.0201703192	0.2138019365	0.040554058	-0.1473070052	0.0207389907	-0.0666214683	0.1521640772	0.0156306718	-0.0971675761	0.0267529346	0.1328635901	-0.0311012795	-0.1040352944	-0.0206259989	0.1539446262	0.1072990272	0.1319529135	0.2022825038	-0.0172332547	0.190152445	-0.1137091388	0.1055517967	-0.3020309812	0.0545183076	0.1142636441	0.0295926841	-0.0766216289	0.0782273652	-0.0039423426	-0.128183835	0.1095335023	0.1073663431	0.1475017293	0.0224328597	-0.1706374824	0.0082925378	-0.0824864639	-0.1006050656	-0.0925551723	-0.1372930358	-0.0355260845	-0.1200334178	-0.0837622547	-0.0893642625	0.0037930677	-0.0205122335	-0.019943628	0.1251252814	-0.0265357208	-0.0124602573	-0.0113284606	-0.1517197269	-0.015000448352012	0.0001388280000042	0.0002250134507613	1.92732135851937e-08	-0.0632595582879105	-0.0110051041129821	0.0040017717147815	0.0001211123165375	-0.0592677386673372	-1.0010165333099176e-05	0.0035126648467397	1.0020340999598051e-10	0.0004068325226672	0.0001528970818238	1.655127014997578e-07	2.3377517630233793e-08	-0.0008170829986366	-6.296522679996325e-08	6.67624626660978e-07	3.964619785970811e-15	-0.0004098334330446	-0.0002519371472328	1.679634428411226e-07	6.347232615585191e-08	0.0	0.0
984.4243453328968	0.317562476238777	969091.2916841024	0.1008459263149038	1428.870077568188	-2.1097886827258208	4.451208285757954	2041669.6985697197	946.1239173566792	-0.8108749174735976	0.6575181317878138	895150.4669943482	1038.9264430390529	1001.2223855097936	1.29123	23.172607	0.0631036306871974	0.0345824783724044	-0.0543300527	0.1116183674	-0.0583170651	-0.0155704246	-0.1192222406	-0.1092276499	0.2550277579	0.0077158213	-0.0771521694	-0.0284772433	-0.1309660562	-0.0975213444	-0.0764462155	-0.0124232714	0.0189386772	-0.0272778862	0.0772476461	-0.2097746839	-0.1747993963	0.1351773497	0.0486167511	-0.0322485941	0.0599349909	-0.041570837	0.0974350342	-0.0702313446	0.0290305786	-0.0678187203	-0.0936118284	0.02384678	0.1704914945	0.0547087712	0.0999646359	0.0625351051	0.1224642038	0.0748386687	-0.1132383113	0.0011347258	0.0629399486	0.0702665713	-0.2081851601	-0.048589383	-0.0840276225	-0.0690388537	-0.0467847697	-0.0684647481	-0.0784498201	0.1182619771	0.0214755233	0.07211316	-0.0713000951	0.1418258064	0.0134293276	0.158001261	0.0807244333	0.0709728508	-0.1980647685	-0.1566036509	-0.0204629963	0.0848142767	-0.0654036338	0.0585922709	0.0119686224	-0.057472735	-0.0721948896	0.0797505218	0.0924328878	0.1827592655	-0.1134924234	-0.0819618281	-0.1613321367	-0.0948593235	0.0815573822	0.1527976604	0.0694845052	0.0422704296	0.0813994394	0.1031649193	-0.1486655849	-0.0136790813	0.0014719738	0.0360415141	-0.0112599251	-0.102913633	0.1844696082	-0.1068718905	-0.0169733466	-0.1496367051	-0.0149939111591379	6.537192874101275e-06	0.0002248173718481	4.2734890673200485e-11	-0.0553843825368858	0.0078751757510246	0.0030674298289921	6.201839310952733e-05	-0.0591825833858905	8.51552814467027e-05	0.0035025781762278	7.251421958267148e-09	6.389534036606106e-05	-0.0003429371823011	4.0826145204947914e-09	1.1760591100464457e-07	-0.0013250052395494	-0.0005079222409128	1.7556388848333629e-06	2.579850028138805e-07	-0.0001579576070215	0.0002518758260231	2.4950605615958633e-08	6.344143173481894e-08	0.0	0.0
983.831789179118	-0.5925561537787871	967924.9893993844	0.3511227953811096	1419.7720666182668	-9.098010949921218	82.77380324488638	2015752.721149504	944.7084256024428	-1.4154917542363137	2.0036169063109965	892474.0094042462	1037.6615441999506	1001.5830353122616	1.39379	25.013159	0.0905177168358518	0.0553926342079876	0.0209354122	-0.1820333915	0.0984885358	-0.1714695965	0.0009425603	0.0122147551	-0.1094074859	-0.0417198998	0.0284825609	-0.1360514413	-0.0585893772	-0.0139865557	0.2483722168	0.0105749672	-0.1068183546	0.0711121135	-0.0265440658	-0.0999789675	0.1575036937	0.0745361549	0.2186282939	0.026164162	-0.0829987248	0.0277000234	0.0076495092	-0.0349405927	-0.0083735134	-0.0221095072	0.0907510699	-0.0848337446	-0.1263245088	0.047123372	-0.0789728791	-0.1831287929	-0.1043847029	0.0383718827	-0.0997736089	0.0346077435	0.0185748909	0.010981813	0.0932464074	0.1194672468	0.0228761865	-0.0675406821	-0.0372464359	-0.1066170159	0.0519071236	-0.0736447759	0.0958049849	-0.0509489073	0.0358498674	0.0252367739	-0.0404652284	0.1119844151	0.002717416	-0.0888007273	0.2079632621	-0.130610904	0.115781856	0.1163928483	0.2224549054	-0.146102447	0.0894382565	0.0257800869	0.0999314429	-0.0484102617	-0.1429627564	0.1604949448	0.0603398918	0.0991131726	-0.1058396375	0.046539935	0.0679493715	0.106599004	-0.1908466369	0.0046722898	0.0997863479	0.1202426506	0.0245858719	-0.0920950631	-0.1478626662	0.031941597	0.0291131362	0.0007490203	0.005825779	-0.0007703487	-0.022595049	-0.1467364196	-0.0149303241223321	6.358703680580009e-05	0.0002229145783978	4.043311249742175e-09	-0.0398964446908252	0.0154879378460606	0.001591726298968	0.0002398762187234	-0.0164798575035831	0.0427027258823074	0.0002715857033384	0.0018235227977794	-0.0003700886820452	-0.0004339840224112	1.3696563257795318e-07	1.88342131708258e-07	-0.0011139681048402	0.0002110371347092	1.2409249386012669e-06	4.453667222626904e-08	-0.0001582057713146	-2.481642930999867e-07	2.5029066077247512e-08	6.158551636981613e-14	0.0	0.0
982.8251499033388	-1.0066392757792073	965945.2752825205	1.0133226315412869	1430.6815057944136	10.90943917614686	119.0158631380479	2046849.5710221708	944.9924376581756	0.2840120557327736	0.0806628478015561	893010.7072311409	1040.0312523619257	990.2886579059772	1.231369	22.098335	0.1009700197031072	0.0547362393144503	0.1501974967	-0.0831897456	-0.151042434	0.0017218314	0.0661741201	0.1880008739	-0.0276521567	0.098222013	0.0397675282	-0.0096978275	0.1292453485	0.0197966598	-0.012277866	-0.055918628	0.1645784284	-0.0276126082	-0.134895546	0.0261752249	-0.1092654747	0.0474432472	0.1651639491	0.1600992969	0.0368900986	0.1068227344	0.0128103931	-0.007560802	0.0213061937	0.0632587798	-0.1284910702	-0.1278604576	0.0489660984	0.059620306	-0.0120635074	0.1492843818	0.1018219139	0.0464940388	-0.0619272151	-0.1995554105	-0.0596336438	-0.1797932476	0.0905531832	-0.0255236364	-0.0951522403	-0.1357637099	0.0070160515	-0.0068922958	-0.0840955337	0.156254405	0.0159379726	-0.0217498556	-0.0272368823	-0.0258994557	0.0167659543	0.0253473269	-0.0038925641	0.0742314181	-0.0381711574	0.0741581293	-0.0235874469	0.0314190608	0.057345975	-0.0801778119	0.1199809104	0.1290503203	0.1588049815	0.0210607422	0.0254401395	0.1919230363	-0.1963632104	0.0418875319	-0.0492852612	0.0242097508	0.1058098943	-0.0233060312	0.1876649786	-0.0753631004	-0.0566128568	-0.008880081	-0.1113056422	0.0754810071	-0.1302388364	0.0468726432	0.0686142452	-0.0625696557	-0.1748428096	0.0480529244	-0.0281858894	-0.1430347106	-0.0148263207499468	0.0001040033723852	0.0002198197869803	1.0816701467515333e-08	-0.0559807231925475	-0.0160842785017223	0.0031338413691606	0.0002587040149209	0.0348185469009934	0.0512984044045764	0.0012123312082966	0.0026315262944554	-3.820872198783776e-05	0.0003318799600573	1.4599064359438763e-09	1.1014430788767637e-07	-0.0010249953426999	8.897276214029997e-05	1.0506154525564857e-06	7.916152402874395e-09	-0.0004070197176054	-0.0002488139462908	1.6566505051957958e-07	6.190837986880112e-08	0.0	0.0
982.8857378615302	0.0605879581913768	966064.3736916046	0.0036709006778	1420.978020562066	-9.703485232347704	94.15762565438996	2019178.534920487	944.3729468117298	-0.6194908464458422	0.383768908830186	891840.2626698702	1037.3246014569256	991.240830249897	1.300545	23.339771	0.1017399971009039	0.0682714528918016	0.0904656795	0.0961934131	0.1188545622	0.0819393555	0.1447499872	-0.0152436261	-0.0677503968	-0.0879300505	-0.1554612369	0.0073214106	-0.1182580394	0.027810127	0.1106441383	0.2329646952	0.0469140054	-0.0181894345	-0.0675945095	-0.07726049	-0.1649957174	-0.0730599716	0.2365288909	-0.152814786	0.1714168754	-0.0368020203	0.0070665977	-0.096958295	-0.1116960919	0.0281828371	0.0412255679	0.0639006837	-0.0928096955	-0.074056155	-0.1294984244	0.1612949717	-0.1205815287	-0.1460477103	0.0990672163	0.0947157544	0.0148776889	-0.0394715896	-0.1390942567	0.0043000241	0.1662112818	-0.0874825349	0.0729895263	0.0029388488	0.0209149654	-0.0941941878	0.1863954039	-0.1157569873	0.063687704	-0.0541415159	0.0636033562	0.1443442826	0.046946364	0.1974848691	-0.0869262023	0.0017499152	0.1137964595	-0.0483368399	0.1032551515	0.1307892223	0.0710883841	0.0600900663	0.0127472262	0.0987008521	0.1455610484	0.090284649	0.0836344018	0.0654697419	-0.2196744713	0.0564688241	-0.1362230162	-0.0334657588	-0.0374991613	-0.0227786686	-0.122073276	0.124949953	0.0701166045	-0.0877278441	0.0656503478	-0.11869672	0.0808268495	-0.0078906865	-0.2901315308	-0.0696688036	-0.0337382312	-0.1385517956	-0.0151379666707782	-0.0003116459208314	0.0002291580349255	9.712317997085125e-08	-0.055886911452248	9.381174029950146e-05	0.0031233468716714	8.800642618021105e-09	-0.0344529513652815	-0.0692714982662749	0.0011870058577784	0.0047985404720545	-0.0004496977803232	-0.0004114890583353	2.0222809362761306e-07	1.6932324512972312e-07	-0.0008523958766983	0.0001725994660016	7.265787306122636e-07	2.9790575664037476e-08	-0.0004641920167384	-5.717229913299997e-05	2.1547422840366305e-07	3.268671788153229e-09	0.0	0.0
983.8849469024074	0.99920904087719	968029.588741153	0.998418707370714	1420.7020470691702	-0.2759734928956732	0.0761613687810381	2018394.306546531	946.015213399538	1.6422665878081943	2.6970395454311697	894944.7839833733	1037.9613697323812	998.1841817593896	1.150915	20.65448	0.0706203740888697	0.0293290642608228	0.0354649505	0.1751347962	0.0211575445	-0.0708331626	-0.1859909769	-0.0993728984	-0.0083071174	-0.0805016068	-0.0866667327	0.1505801996	-0.0763349185	0.1089861416	0.0365780734	-0.0350572067	-0.134715227	0.1690699771	0.0009789708	0.0265564312	-0.12046116	-0.1486222418	0.097532792	0.0136994038	0.0070778886	-0.0122640456	0.0248141609	-0.1259123177	0.1311278656	-0.0716210033	0.0407315443	0.1563410178	-0.0098267937	-0.1160059561	-0.2134808258	-0.2049756959	0.1046664187	0.0045112474	-0.0030032548	0.1039830191	0.0433911577	0.0281510977	-0.0598819546	-0.1029345004	0.1890784174	-0.0243446733	0.0278101197	0.0131675256	0.0355959448	0.0122005406	0.1639730744	0.0110461735	-0.0198699128	-0.0254002758	-0.1957127657	0.1114575108	0.0758694027	-0.0012699929	0.0037352454	-0.0460818754	0.0025050246	0.1443253273	-0.0632454741	-0.256884137	0.0760966818	0.0045824619	-0.0414065973	-0.0785693658	0.1530726025	0.0823112683	0.150610172	0.0382568183	-0.1383505738	-0.0319797973	0.1831838664	0.1363084705	0.0051769431	0.0041860963	0.079057134	-0.020728111	0.0474150543	0.0272260932	-0.0639692734	-0.0767237804	0.2242334694	-0.0485093487	0.1547390088	0.1720454584	-0.0392444906	-0.1333121588	-0.0210527149414758	-0.0059147482706976	0.000443216806407	3.498424710572026e-05	-0.0462205101594861	0.0096664012927619	0.0021363355594031	9.3439313952709e-05	-0.0250815641345809	0.0093713872307006	0.000629084859437	8.782289862773832e-05	-8.508627670610679e-05	0.000364611503617	7.239674483708171e-09	1.3294154856991754e-07	-0.0010949959744372	-0.0002426000977389	1.1990161840336733e-06	5.885480742292384e-08	-0.0001580468722002	0.0003061451445382	2.4978813812266352e-08	9.372484952431536e-08	0.0	0.0
983.03302978367	-0.8519171187373331	966353.937645662	0.7257627771977193	1423.680671736511	2.978624667340682	8.87220490889039	2026866.655076123	945.7189681791924	-0.2962452203455541	0.0877612305775859	894384.3667739164	1038.0017740685466	998.3038645362484	1.13737	20.411413	0.0943413201087882	0.0394864459457162	-0.0397422543	0.1604099724	-0.095244683	-0.1904549503	0.0101595855	-0.0290788871	-0.0432139536	-0.1717263367	0.0846520554	0.1562875075	-0.1166314441	-0.1010150123	-0.0896695746	-0.085687061	0.0013940951	0.1214157405	0.1548121277	-0.0074272058	-0.0090885443	0.0126068339	0.066620558	-0.0272473902	0.0861293795	0.0622938351	-0.2645591932	0.0040746687	-0.0220650704	-0.0693427953	0.0177350529	0.0714696005	0.1421168526	0.181518671	0.1406390171	-0.1793371187	-0.0534414353	0.0313049802	0.0060956409	0.016095495	0.1552520603	0.0537212353	0.015333372	-0.0753501246	0.0892932404	0.0112376652	-0.0862566367	-0.2702464037	-0.1640738924	0.0348957647	0.1228829571	0.1228135909	-0.0901508408	0.0331863907	-0.1056677212	-0.0157789193	0.0971643289	0.1169882961	0.1029274085	-0.0390484374	-0.0288700062	0.0294650356	0.0515066655	-0.1234863349	-0.0034160966	0.022401421	-0.0930868146	-0.0483568344	0.1503293461	0.0852418952	-0.0746920827	0.2439524399	-0.0182262172	-0.0534789609	0.1179739285	0.123245372	-0.0776304762	-0.0353512563	-0.0941266576	0.0795190983	0.0768578196	0.0654812701	0.1157358424	-0.1579860142	0.0949557424	-0.0112434597	0.1294163107	0.0785312784	-0.0446971468	-0.1273444172	-0.014919520506325	0.0061331944351508	0.0002225920921386	3.761607397936475e-05	-0.0654332853857795	-0.0192127752262934	0.0042815148363768	0.000369130731896	-0.0481026184274853	-0.0230210542929043	0.0023138618995802	0.0005299689407568	-0.0004497773506044	-0.0003646910738982	2.0229966511671337e-07	1.3299957938109033e-07	-0.0009598706783002	0.000135125296137	9.21351719060486e-07	1.8258845656111964e-08	-0.0005777164252537	-0.0004196695530535	3.33756268007914e-07	1.761225337601245e-07	0.0	0.0
985.021514028908	1.9884842452379416	970267.3830998022	3.9540695935595065	1425.6475535610266	1.9668818245156672	3.86862411161008	2032470.94697454	945.159228687555	-0.5597394916374014	0.3133082984984966	893325.9675732539	1038.019636936797	991.331777096717	1.35523	24.321161	0.0267658402890135	0.0157695734141567	-0.095874862	-0.08430701	0.1667854279	0.1780473856	-0.1637352478	-0.1372271139	0.117858053	-0.1314400607	0.189203409	0.0600055649	0.1307412039	0.0906957611	0.2001986499	-0.0478887002	0.1162711189	-0.0147263948	0.0364453701	-0.1352247909	-0.0105615031	0.0860342213	0.0847039708	-0.1324585313	0.1632491502	-0.0082837399	0.1350828689	-0.0459022578	0.0467439592	-0.1298647445	-0.057124105	-0.0148148987	-0.0023356474	0.1003210214	-0.0272968587	-0.011409153	-0.1840773318	0.0037111882	0.2524664275	-0.0261979189	-0.0955806801	0.1255375041	-0.1044160694	0.1800861152	0.0409078535	-0.0141211479	-0.136742535	0.0179998785	-0.0164621594	0.1297142431	-0.0299591123	-0.0549037342	0.03696874	-0.1893332112	-0.0152269107	0.0719721303	0.1064214452	0.0261376753	-0.0568379548	0.0350363855	0.2669616719	0.1069023251	0.0976866131	0.0065133763	0.0565127636	0.0025801548	-0.0716633495	0.083476139	-0.1075702438	-0.015199852	-0.1082264419	0.0256642784	-0.2989953771	0.0105302801	0.2026527304	0.0279763818	-0.083329137	0.0749123754	-0.0442240568	0.0278474483	0.0810349793	-0.0234115134	0.0794879847	0.0515740756	-0.0741559475	0.0343989429	0.0147766915	-0.0154391618	-0.0500887521	-0.1206811645	-0.0148519721688273	6.75483374976988e-05	0.0002205810773036	4.562777898703022e-09	-0.0773807331393925	-0.011947447753613	0.0059877778611898	0.0001427415078253	-0.0567256401626181	-0.0086230217351328	0.0032177982518588	7.435650384457274e-05	-0.0004498183865014	-4.1035896999994284e-08	2.023365808347229e-07	1.6839448425941393e-15	-0.0010598641467269	-9.999346842669992e-05	1.1233120095171396e-06	9.998693728001434e-09	-0.0006002383701854	-2.2521944931700008e-05	3.6028610104282535e-07	5.072380035065277e-10	0.0	0.0
986.4370419715868	1.4155279426788638	973058.0377736542	2.0037193565046567	1427.3298377321478	1.6822841711211822	2.830080032404883	2037270.4656804795	946.2603651449714	1.1011364574163736	1.212501497851481	895408.6786442946	1038.8314167744404	998.3781616535592	1.358665	24.382793	0.0641088212871316	0.0342434043947987	0.1487654837	-0.0969124866	-0.1112034436	0.0608876642	-0.118962992	0.1008190223	0.0216265644	-0.1293300419	0.1894485539	-0.1738198191	-0.1320959096	-0.0761781484	0.0077570692	0.0669556667	-0.1207842016	0.1205382432	-0.1427668597	0.0999668093	0.0924608842	-0.0718483094	-0.0031334488	0.0136507334	0.10122218	-0.1947393331	0.0341984906	-0.0241882946	-0.154738517	-0.1007958252	-0.0648665312	0.0219065422	-0.0266667603	0.1077775881	0.1826236984	-0.0222892983	-0.0959568425	0.0141847684	0.0798601818	-0.1891997353	0.0108229961	-0.1007711207	0.0210208746	0.1820840726	0.0837342685	0.0172186666	-0.1668469099	0.0909909913	0.0588161348	0.1453132438	0.1432977139	0.194233772	0.1681092172	0.1804937666	-0.1622959153	0.030580468	-0.0463441789	-0.0077270476	0.1184808969	0.1154618909	-0.0243541448	-0.0117575837	-0.0057395497	-0.0508014212	0.0400470762	0.1873848021	0.1024478158	0.0042175189	-0.0838754937	0.0103252391	0.142892465	0.0412117006	-0.1344640755	-0.2447639733	0.085255745	0.0708406448	0.033967173	0.151295193	0.0088494371	-0.102379914	0.1171245318	0.0212318081	-0.2095486563	-0.0400205979	-0.0109870504	0.1188919488	-0.1226842279	-0.0816011724	-0.0554119421	-0.1133587932	0.0010165971930859	0.0158685693619132	1.0334698529901307e-06	0.0002518114935938	-0.057667869498033	0.0197128636413595	0.0033255831724421	0.0003885969929428	-0.0579962742934085	-0.0012706341307903	0.0033635678319162	1.6145110943294727e-06	-2.9777210422628848e-05	0.0004200411760787	8.86682260553516e-10	1.7643458960163725e-07	-0.0009519939870406	0.0001078701596862	9.06292551361458e-07	1.1635971350747845e-08	-0.0005830146228891	1.7223747296300058e-05	3.3990605050251944e-07	2.9665747092680354e-10	0.0	0.0
985.4325337803232	-1.004508191263653	971077.2786327078	1.0090367063157764	1435.3749885782163	8.045150846068509	64.72445213599684	2060301.3578359145	946.6322624958736	0.3718973509022589	0.1383076396081179	896112.6403980566	1041.4337989001076	1001.862157522825	1.330644	23.87994	0.057788242482959	0.0298547820840148	0.0896645267	0.100638832	0.1431619061	0.06330656	0.1579113559	0.1587083222	0.2541177224	-0.0042227065	0.1695502934	0.2274799198	0.1279178118	0.0739781216	0.0884675019	0.2184729386	0.0533513218	-0.0212909116	-0.0609170032	0.0804989221	-0.2297221371	-0.0160811031	-0.0019554096	-0.048565798	-0.0487315524	0.0742268448	-0.0450788141	0.203254221	0.0484008282	-0.0303143749	-0.0081344257	-0.15224915	-0.0547133584	0.1907315886	-0.0230253865	-0.0244096606	-0.024527344	-0.0348690974	0.0459320794	0.0997626289	0.1306596362	-0.198979744	-0.1543812805	-0.0731280999	-0.0243324734	-0.0136124221	-0.1414517294	-0.0498874679	0.008467692	-0.0145512148	-0.1057007172	0.1086214364	-0.0652693906	-0.2508564186	-0.0656857707	0.1151178458	0.0262337088	-0.0213476692	-0.019393608	0.0857649666	0.0812157339	-0.0247288267	0.1015492294	0.0841883131	0.0106240232	0.1526163258	-0.0366600406	0.1305884573	0.1320100147	0.0128155431	-0.1260520773	0.0901794049	-0.1127745476	-0.0111537116	-0.0100350648	-0.2016406862	-0.1300002609	0.0530893948	0.115375136	0.0118388005	-0.0346026493	0.2518971466	-0.0160949546	0.0190557531	-0.0625254792	-0.1279885372	-0.1013365216	-0.2287129297	-0.0606594461	-0.1054172954	-0.0149076996661534	-0.0159242968592393	0.0002222395093362	0.0002535832304611	-0.0772362881421315	-0.0195684186440985	0.0059654442059743	0.0003829230082307	-0.0418280531346013	0.0161682211588072	0.001749586029031	0.0002614113754401	-1.5237145122547148e-05	1.45400653000817e-05	2.3217059148556236e-10	2.1141349893063998e-10	-0.0009009958498273	5.099813721329998e-05	8.117935214060186e-07	2.6008099992265723e-09	-0.0005260067089862	5.700791390289995e-05	2.7668305789849294e-07	3.249902247560453e-09	0.0	0.0
985.025529703266	-0.407004077057195	970275.2941671998	0.1656523187411791	1435.372306511416	-0.0026820668003892	7.193482321750461e-06	2060293.658299902	946.7317700883032	0.0995075924295179	0.009901760951119	896301.0444945317	1041.8417208809817	1016.0890150494456	1.322788	23.738955	0.0780279050970349	0.0432951973596049	-0.0912182675	-0.0154955377	0.0535620736	0.1189698362	-0.1265894452	-0.0284382898	0.2071995095	0.1983204295	0.0734383277	-0.029674712	-0.1959564091	0.1008618127	0.2040823231	-0.0514222878	-0.0514849175	0.0189542572	0.0618385441	0.027660373	0.1153140597	-0.220850666	-0.0239985006	-0.1477630405	-0.0674132074	-0.3143868019	0.0958756102	0.0870863923	-0.1506421743	-0.0869834268	0.0256241109	-0.0379548936	0.10169829	-0.0285402594	0.0496610702	0.0463414131	-0.0954198763	0.0766234853	0.1528060813	-0.0680623276	-0.062771734	0.0775109927	-0.059844435	-0.0929824783	-0.1236323837	0.050940345	-0.2263409156	0.075425028	0.2507689898	0.0501736283	0.0123144071	-0.089933052	0.0308926559	0.0923093878	-0.155493491	-0.053969257	0.0921521573	-0.0163175142	0.0936822419	-0.0101124339	0.1604498612	-0.0592060712	0.0729224135	0.0639703603	0.0107231284	-0.0300762019	-0.1098010767	0.0405512274	-0.103474092	-0.0569282996	0.0872774401	0.0768008951	-0.0544159112	-0.0403926576	0.0544273416	-0.0624498824	0.0185074196	0.2608205056	0.0007011043	-0.0188692905	-0.0935937572	0.1224231856	0.0303604719	-0.1579899942	-0.1514450233	-0.0768586672	-0.0500995889	0.0942476741	-0.0658240966	-0.096900045	0.0028549076554043	0.0177626073215577	8.150497720886078e-06	0.0003155102188598	-0.0590157156924533	0.0182205724496782	0.0034828546986924	0.0003319892603939	-0.0761749560751638	-0.0343469029405624	0.0058026239330531	0.0011797097416084	4.376125143288392e-05	5.899839655543107e-05	1.915047126972085e-09	3.4808107961119003e-09	-0.0008450124746774	5.598337514989998e-05	7.140460823604237e-07	3.134138293174438e-09	-0.0005649813849856	-3.897467599940001e-05	3.192039653802468e-07	1.519025369258207e-09	0.0	0.0
983.8627704993328	-1.1627592039332058	967985.9511746228	1.3520089663313823	1435.116112781547	-0.2561937298689827	0.0656352272241812	2059558.2571652175	944.9069640253632	-1.824806062939956	3.329917167342423	892849.1706636291	1039.3660348053354	1005.381908936934	1.427582	25.619596	0.1149585080976637	0.0661096939536951	0.1328085653	-0.1035210653	-0.1412014829	-0.1429953187	0.1605593385	0.187266557	-0.0250828341	0.1807765075	0.0966541214	-0.0227532289	-0.1199459925	0.0396336211	-0.0448644562	-0.1351544677	0.2015293488	0.1331755526	-0.0791852287	0.1205676612	0.032205014	-0.0835958097	0.0652188054	0.0560786195	-0.092771411	0.0117651203	0.0931093883	0.0516359184	-0.105005059	-0.0947583877	0.049086337	-0.1292503289	0.1590492141	0.0206227585	-0.1562604813	-0.2231223974	-0.1431566511	-0.0191629866	-0.0849621839	-0.0208586626	0.0107844968	-0.1378247661	0.1670721794	-0.073618423	-0.0524265733	0.0067314263	-0.103823168	0.1302696736	-0.0498072316	-0.0491782574	0.076667702	0.0737444418	0.0671162953	0.0631762327	-0.1157534031	-0.0718204819	0.131385289	0.0208960277	-0.2403985259	0.081848414	0.1315390296	0.0458605137	0.088228128	-0.1894224103	0.038513079	0.2001935908	0.0592055599	-0.1149869122	-0.049962942	-0.0511509035	0.1004102614	0.0483326652	0.0072839653	0.0138452811	0.0550575426	0.0358628524	0.1041495574	0.0241837089	-0.0335292747	-0.380652703	0.0356699354	0.0600464994	0.0150074271	-0.2092553568	0.0060795137	-0.0513903567	0.1029770855	-0.010325519	-0.0708988393	-0.0878535601	-0.0040017471041124	-0.0068566547595167	1.601397988527198e-05	4.701371449120301e-05	-0.0798120890204927	-0.0207963733280393	0.006369969553815	0.0004324891435991	-0.0178601299065519	0.0583148261686118	0.0003189842402789	0.0034006189510754	0.0001156164551116	7.185520367871607e-05	1.336716469257262e-08	5.1631702957097725e-09	-0.0013500299523141	-0.0005050174776366	1.822580872145211e-06	2.550426527185347e-07	-0.0005679217805001	-2.9403955144999445e-06	3.225351487664037e-07	8.645925781691394e-12	0.0	0.0
983.1653876054668	-0.6973828938660063	966614.1793854076	0.4863429006569253	1426.2157544587787	-8.90035832276817	79.21637827366864	2034091.3782664237	944.5179776903608	-0.3889863350024143	0.1513103688186104	892114.2101802889	1039.0320192754125	991.8172823944682	1.40289	25.17647	0.0605108204016195	0.0345869285746961	0.0961756146	0.1152467304	0.1417460704	0.0670665868	0.1596641887	0.1523406009	0.0330182408	0.0111648722	-0.0440738226	0.1847801047	0.072955453	0.0518031493	0.0274907847	0.1140291648	0.1708763661	-0.0236742691	-0.0892893858	0.008651138	-0.1288586702	0.0812065153	-0.0671891181	-0.1012544816	-0.0964221447	0.1478958407	0.0428243962	-0.0116613883	0.0892518905	-0.0453801979	0.1181965319	-0.1762667539	0.016653039	0.1010023979	-0.0948179923	-0.0234130986	-0.0901415884	-0.0523534339	-0.0981243222	-0.2557622328	0.1890626026	-0.152917411	-0.1034184517	-0.0838298067	0.0497146403	-0.088404443	0.0321099222	-0.0177660499	-0.0492898247	-0.1681097734	-0.0763338817	0.0001989588	-0.058973608	-0.1892967819	0.1106243864	-0.0972933167	0.131731898	-0.0501018915	0.0060761647	-0.1292834207	0.1222453245	0.0094851365	0.1544334639	0.0282586896	0.0555885575	0.139306916	-0.0511206872	0.1313976909	0.1300266771	0.0003597456	-0.101222272	0.0199667792	0.0137515773	0.0960059723	-0.0244256291	-0.2141026647	-0.0354557441	-0.0211550291	0.1024841888	-0.0310586009	-0.0433965729	0.1293244031	0.0102535427	-0.0619337798	-0.0687362824	0.0430847751	-0.0245141154	-0.2204424604	-0.0758767427	-0.0783272495	-0.0048694371639044	-0.000867690059792	2.371141829321333e-05	7.52886039861845e-07	-0.0678453348449465	0.0119667541755461	0.0046029894602229	0.0001432032054979	-0.0213918183690182	-0.0035316884624663	0.000457609893133	1.24728233959176e-05	-0.0004498029975547	-0.0005654194526663	2.0232273660919345e-07	3.196991574534583e-07	-0.001044869080254	0.0003051608720601	1.0917513948708398e-06	9.312315783648072e-08	-0.00058023520985	-1.231342934990005e-05	3.366728987496736e-07	1.5162054235497996e-10	0.0	0.0
983.4812239671066	0.3158363616398674	967235.3178958382	0.0997526073339091	1422.5747638724702	-3.6409905863085896	13.256812449587768	2023718.9588068144	944.6984871877752	0.1805094974143912	0.0325836786567961	892455.2316948711	1038.7781778846384	1007.976927268436	1.308923	23.490128	0.0771358663161737	0.0490795126841798	-0.0728850025	-0.0431246535	0.1190691468	0.1432922994	-0.1752129379	-0.0460845576	-0.0059497873	-0.0202761446	-0.1065172081	-0.0131005816	-0.0319002498	-0.0113872102	0.2717750487	-0.1994838067	0.0921700707	-0.0978574601	-0.0047965792	-0.1984944282	0.1671167062	-0.0884825057	-0.010399837	-0.1198786309	-0.0575661387	0.0168797557	-0.0389145442	-0.0211146865	-0.031812494	0.2378045528	0.0160855301	-0.0316031004	-0.0706617977	-0.0648089336	0.080891602	-0.0189435203	-0.0072010041	0.0268374825	0.032205387	0.2236048804	-0.0052858533	0.1054655387	-0.0242597383	0.0728368795	-0.0106774689	-0.0706131767	0.0079968262	0.0765420446	0.1858735695	0.0011088894	0.0155214715	-0.2818341432	-0.1308791409	-0.043817904	0.0745898545	-0.0776754505	-0.1014016902	0.0017774218	0.0459826984	-0.0667771998	0.0154802198	0.0670043626	-0.0038229637	-0.0772234224	0.0200476029	-0.0254283658	-0.1012954161	0.0580309632	-0.1543837398	-0.0848880341	0.061553039	-0.000777782	0.0243190722	0.0306055139	0.0393057489	-0.0648053545	-0.0699889465	0.2320864413	-0.0670457334	0.136999949	0.0746579444	-0.0068498127	0.159606738	-0.086546008	-0.1715602348	-0.113700464	-0.0178770365	0.1767373591	-0.0807510076	-0.0683731426	-0.0048874959495464	-1.8058785641999857e-05	2.388761665683247e-05	3.2611973886370017e-10	-0.0516684560648315	0.0161768787801149	0.0026696293521234	0.0002616914070665	-0.0604381148805899	-0.0390462965115716	0.0036527657303193	0.0015246132712695	-0.0001128364526101	0.0003369665449446	1.2732065037631342e-08	1.1354645241190113e-07	-0.0011299663388681	-8.50972586141001e-05	1.276823926974978e-06	7.241543423635033e-09	-0.0005960640510682	-1.5828841218199982e-05	3.5529235297583374e-07	2.505522143109867e-10	0.0	0.0
984.28781864422	0.8065946771133667	968822.5099313968	0.6505949731476164	1430.89896334821	8.32419947573976	69.2922969119061	2047471.8433109815	944.921425231074	0.2229380432987682	0.0497013711498834	892876.4998607241	1040.2218449847996	1000.4544702895143	1.325724	23.791634	0.070308315538325	0.0358518291058157	0.084059772	0.0219979252	-0.1161994793	0.0503427089	0.1486545102	0.1568794097	0.0097544156	0.0056074993	-0.0214615385	-0.0729995617	-0.070800527	0.0257938217	-0.054948938	-0.06824094	0.1395072076	0.0600750269	-0.2314581711	0.0641785465	-0.0292284726	0.0203281745	-0.1595327164	0.0485007633	-0.1176378829	-0.1215385313	0.1377661279	-0.1126251917	0.0171241996	0.1400744707	0.0719474443	0.0421856021	0.1543588555	-0.1377503808	0.1453752256	0.207214913	-0.0987945857	-0.1627316886	-0.1940298104	0.0110922481	0.0874317322	-0.1422309351	0.0536807677	-0.0467191566	0.038862533	-0.0051054489	-0.0124302635	0.221995676	-0.0090337279	0.0231326285	0.1717752153	0.0278183227	0.1522858859	0.0480188189	0.0381586056	-0.2957095303	-0.0161221584	-0.0527803374	-0.0310586407	-0.1605430203	-0.099482812	0.1539608217	-0.1497575681	0.104987164	0.011085303	0.1749337498	0.0228965075	0.0290691131	0.0273411493	-0.0881114389	0.1713668332	-0.0917214015	0.0583889292	0.0403302141	0.0227475988	-0.0577120353	0.0628276079	0.0322628873	-0.0923152767	-0.0963842516	0.0101793053	0.0022146939	-0.1475712897	-0.1864049321	-0.0272188572	0.0076887558	-0.0373644277	0.1386708101	-0.0855149763	-0.0580456054	0.0026835629727628	0.0075710589223092	7.201510228783516e-06	5.732093320507774e-05	-0.0784980733485127	-0.0268296172836812	0.0061619475194284	0.0007198283635888	-0.0476126280258384	0.0128254868547515	0.0022669623475268	0.0001644931130614	-3.722043319813662e-05	7.561601941196337e-05	1.3853606474569507e-09	5.717782391710421e-09	-0.0007639895234317	0.0003659768154364	5.83679991913396e-07	1.3393902943696888e-07	-0.0005760138363649	2.0050214703300036e-05	3.317919396838098e-07	4.0201110964842877e-10	0.0	0.0
983.3074009280988	-0.9804177161212236	966893.4447199728	0.9612188980843565	1428.7628864489104	-2.1360768992994963	4.562824519720951	2041363.385693822	945.3313342457086	0.4099090146346498	0.1680254002787495	893651.3315067716	1040.0313552743974	1000.3104184960488	1.245071	22.344227	0.0384782853455333	0.0214124864633802	0.0415488078	0.1739173243	0.1092098601	-0.0970210019	-0.0269974898	0.0673970451	0.163586007	-0.0284671786	-0.0034769718	0.1773388273	0.0336428478	-0.2069272398	-0.0452351778	0.0123861878	0.0564232114	-0.0185275132	-0.0711886146	-0.0036419688	-0.1813233233	-0.0710176629	-0.0399637682	-0.0558842882	-0.0673252828	-0.0879707005	0.0496784494	0.1030691756	0.0911134158	0.1471862285	-0.069444377	-0.1398025941	0.0339635314	0.2361628381	0.1728724964	0.0405886658	-0.0307006777	0.0131821996	0.1081221991	0.0148331084	0.0605351688	-0.1026317446	-0.1721034335	-0.1161315423	-0.0825762894	-0.014273358	-0.106552771	-0.0700259514	-0.0499108907	-0.0508186038	0.0751590364	-0.1210621666	-0.0774108052	-0.1620890778	-0.1612037616	-0.0935305004	-0.130965681	-0.0828688106	-0.0458433469	0.0230501579	-0.0082548361	-0.2158245069	-0.0692881002	0.0534576877	-0.0078155101	0.1005589256	-0.1124360991	0.1555630517	0.1334347698	-0.0423997596	-0.1022044094	0.0605849743	0.1206430988	0.1933860632	0.0345685123	-0.1063686378	-0.0518177292	0.1102902785	0.0924335849	-0.0164806508	0.0324388778	0.093030078	-0.0940066994	0.0735638467	-0.09723703	0.2257502246	-0.142406847	-0.0798997233	-0.0901621419	-0.0474010431	0.0029745903717071	0.0002910273989443	8.848187879452583e-06	8.469694693628478e-08	-0.0903615960639854	-0.0118635227154726	0.0081652180432308	0.0001407431712205	-0.0462210000387202	0.0013916279871181	0.0021363808445793	1.936628454530651e-06	-0.0002448080200153	-0.0002075875868171	5.993096666381153e-08	4.309260620057335e-08	-0.0010359306099974	-0.0002719410865657	1.0731522287295854e-06	7.395195456253359e-08	-0.000595127307862	-1.9113471497100008e-05	3.5417651256307173e-07	3.6532479267045435e-10	0.0	0.0
982.1521979902584	-1.155202937840386	964622.9400170958	1.3344938275950584	1423.673954300016	-5.088932148894401	25.89723041605098	2026847.528152244	946.0488167776188	0.7174825319101501	0.5147811835961995	895008.3637263324	1038.9180081529173	998.4000092143016	1.224963	21.98336	0.0594053213506922	0.0318346003138845	-0.1256678211	0.0460999057	-0.0554819953	0.1444365569	-0.084733255	-0.0816677012	-0.0084081787	0.100820152	-0.0652046448	0.0218936232	-0.0916473626	0.0025326084	-0.0341112123	0.0076064557	0.0834947488	0.0222806528	-0.0544512458	-0.0634655058	0.0038386465	-0.2262309836	-0.1376056379	-0.1114583107	-0.1577774774	0.0448144888	-0.1100124662	-0.0115592325	-0.2764148189	-0.1573222484	-0.0270537965	-0.041102301	-0.0424786744	-0.0218759461	0.016986446	-0.195771655	-0.0399845235	0.1086630564	-0.0864857744	0.0724459426	0.0732263442	0.1011610951	-0.0436131872	-0.0792390204	-0.0251405762	-0.0409189512	0.0041219098	0.1621719266	0.04223005	0.041240527	0.079787744	-0.0644249697	-0.2816418606	0.1395120709	-0.0034392702	-0.0895538861	0.0725434982	0.0364284326	0.0737800996	0.2290002654	-0.0635584976	0.0314625663	0.1213977135	0.0477818942	0.0167098122	-0.0397182089	-0.1903813024	0.0890472251	-0.0249053915	-0.0538556021	0.0450824261	-0.0508662176	0.1088824656	0.0885784935	-0.1232107784	0.1516679521	0.1504219817	0.1647938999	-0.0577166451	-0.1091525671	0.0562760783	-0.0197856541	-0.0726039588	-0.0377576037	-0.1242866024	-0.0521357367	-0.0506422183	-0.0297522306	-0.0946861568	-0.0364975928	0.0026917285806575	-0.0002828617910496	7.245402751928439e-06	8.001079283578763e-08	-0.0658267980738713	0.0245347979901141	0.0043331673446582	0.0006019563124157	-0.0549756497058737	-0.0087546496671535	0.0030223220605829	7.664389079459093e-05	-0.0006203542827211	-0.0003755462627058	3.848394360904105e-07	1.4103499543229377e-07	-0.0011643104603431	-0.0001283798503456	1.3556188480643615e-06	1.648138597478432e-08	-0.000607861432858	-1.2734124996000018e-05	3.694955215561809e-07	1.6215793941375243e-10	0.0	0.0
981.7955071837592	-0.3566908064991594	963922.4179262152	0.1272283314410207	1421.4092533044648	-2.264700995551266	5.128870599250894	2020404.265379556	943.95165964046	-2.0971571371587743	4.398068057935986	891044.7357379788	1037.9360267208017	990.1701505391694	1.121758	20.131239	0.057817184553864	0.0486906118003766	-0.1292697973	-0.0788579247	0.0471583002	0.0811402269	0.0263220466	-0.0753801611	-0.0862016006	0.0455257699	0.0974809517	0.0495543805	0.1136720289	0.0050607319	0.0876991762	0.0348898036	-0.0102685737	0.0945228274	-0.0603147025	-0.1291369968	0.1449001604	-0.006416207	0.0339032569	-0.005815448	-0.0552710057	0.0142317388	0.0556827885	-0.2495154326	0.0013535985	-0.0249934087	-0.2107360239	-0.0946113087	0.0079451981	0.0820578896	-0.0386296953	0.1521208082	0.0843446673	-0.0071355193	0.0344500385	-0.0574616469	0.2318172301	0.1196063935	0.1013126951	0.0642908287	0.0413084216	-0.0909440228	-0.0237511875	0.130997536	0.1106653781	0.0265297128	0.0218777133	-0.0556911575	-0.014559018	-0.1635742932	0.0013896962	-0.0528764634	-0.0193725545	-0.1145308528	-0.0981571695	-0.0530335969	0.0019161496	0.1392864205	-0.0239045989	0.103515784	0.0893800102	-0.0219964791	-0.1345916202	-0.044396259	-0.1424842841	-0.069213559	0.0856563343	-0.0689410701	0.0859555373	0.1181817007	0.0074550096	-0.1470078953	0.046311869	0.0044074818	-0.0136983717	0.0866912105	0.0642713048	0.0780367944	0.0268634695	0.019898211	0.1260715802	0.1203930832	0.0253396866	0.0295667969	-0.0990808418	-0.0253948054	0.0026915843120889	-1.442685685997501e-07	7.2446261090830785e-06	2.08134198858208e-14	-0.0617188895943883	0.004107908479483	0.0038092213327642	1.687491207580835e-05	-0.0086980652918313	0.0462775844140424	7.565633982096032e-05	0.0021416148191988	-0.0007688542160765	-0.0001484999333553	5.911368055786094e-07	2.205223020655824e-08	-0.0011642658675581	4.4592784999948273e-08	1.3555150103608153e-06	1.988516474051612e-15	-0.000607947854553	-8.642169500004421e-08	3.696005938555957e-07	7.468709366680667e-15	0.0	0.0
982.453318019467	0.6578108357077781	965214.52208746	0.4327150955745654	1415.1777615909689	-6.231491713495871	38.8314889753677	2002728.0969016247	944.5979069239656	0.6462472835056587	0.4176355514384433	892265.2057651369	1037.9014396198845	998.8496402098548	1.172315	21.03853	0.0531835712398041	0.0345684525626732	-0.0020721681	-0.1690331815	0.1401855476	-0.1105499207	-0.0335951614	-0.0114350396	-0.1573580371	-0.2047710706	0.0722730128	-0.0062481303	0.1132753143	-0.0764545383	0.017268239	-0.0956287563	0.036889536	0.1268910865	-0.1030457878	-0.1364390294	0.1927658264	-0.0348183128	0.1140363493	-0.1095845595	0.2065078619	0.0341383261	-0.1357329391	0.06337595	0.1960256829	-0.0026054057	-0.0901839905	0.0639820324	0.0614728085	0.0037388861	0.0025745449	-0.0233079058	-0.1517116358	-0.025719136	0.1065407439	-0.0583820452	0.0077575514	0.0562309654	0.0722550956	0.2932116453	0.0852222093	-0.0905508048	-0.0904339628	-0.2172394651	-0.0025974861	-0.2354615821	0.0410696518	0.0119993048	-0.0652409052	-0.1126966265	-0.0703037005	-0.0310840991	-0.0081244469	-0.0056453333	-0.0945627792	0.0582957015	0.1036284584	0.0558319292	-0.231705409	0.0556043594	0.0773219646	0.1026459639	-0.0506513556	-0.0460454779	-0.1710276731	-0.0552868465	-0.0586274087	0.147206235	0.1209633177	0.1703095968	-0.0129825993	-0.0058468578	-0.1261193778	-0.0369818688	-0.0418038503	-0.0466018519	0.2647497029	-0.1306389544	0.0418685144	0.0363799546	-0.0053475948	0.0027857673	0.0773736514	-0.0036618399	-0.1033401944	-0.0141533203	0.0026601369440584	-3.144736803050016e-05	7.076328561144363e-06	9.889369560457235e-10	-0.0831059398268365	-0.0213870502324482	0.0069065972345017	0.0004574059176452	0.0168895676230391	0.0255876329148704	0.0002852574944932	0.0006547269581861	-0.000855842919336	-8.698870325949998e-05	7.324671025775671e-07	7.567034494769342e-09	-0.0011277407612955	3.652510626259999e-05	1.271799224687354e-06	1.334083387494221e-09	-0.00060798285952	-3.5004966999910645e-08	3.69643157470116e-07	1.2253477146648328e-15	0.0	0.0
983.2795467954296	0.8262287759625906	966838.6671462256	0.6826539902286407	1419.825055574116	4.647293983147165	21.59734136579584	2015903.1884360416	946.2977962010344	1.6998892770687917	2.889623554293459	895479.5190949345	1038.3470974109096	974.933532744358	1.341921	24.082312	0.0390740489296451	0.0220311520604747	0.1646345497	-0.092086793	-0.0781712072	0.1137457197	-0.1260352532	0.0651272718	-0.0307092142	-0.1050241961	-0.0057316755	-0.1302973451	0.0516915969	-0.0312900848	-0.0784548868	-0.0131047611	0.1711199865	-0.1208399172	-0.2695621159	-0.1776263052	-0.1208462965	-0.0079839357	0.0209423159	0.0513519004	-0.0972352516	-0.0090294886	0.0774637473	0.0428510834	0.0195874425	0.0218270694	-0.0791188608	0.0015187196	0.1036347269	0.0332287404	-0.0479270533	0.0278626388	0.1393660269	0.2289669032	0.1717689342	0.1546925321	-0.1277031774	-0.1363124305	-0.0695824072	0.1885309173	-0.0621442199	-0.1766210713	0.0419996404	0.0676191636	-0.1067543686	0.1925735698	-0.0195358152	-0.1178791529	-0.0835779013	-0.0417777054	-0.1422757809	0.0047563291	0.0064964701	-0.0135812302	-0.1296721034	0.1321419992	-0.1186727746	-0.2152466704	-0.0471889264	0.003282004	0.0790270539	0.2432491876	0.0150267991	0.0841097204	-0.0825873809	-0.0128003957	-0.1562677194	-0.0066279656	0.1265616118	0.003299412	0.0333808206	0.0362691259	0.1443592746	-0.0286392929	-0.0503945112	0.1203973715	-0.0077647566	-0.0404669412	0.1217120484	0.1548026049	-0.0517716504	0.1171097191	0.054901136	0.0767687367	-0.1074583966	-0.0028345346	-0.002549528825952	-0.0052096657700104	6.500097234360184e-06	2.714061743521805e-05	-0.0820662125683213	0.0010397272585151	0.0067348632453088	1.0810327720995325e-06	0.0084218582667645	-0.0084677093562746	7.092769666546956e-05	7.170210174234041e-05	-0.0005609019329677	0.0002949409863683	3.146109784069022e-07	8.699018543990575e-08	-0.0013198258964532	-0.0001920851351576	1.741940396948493e-06	3.689669914855186e-08	-0.0006078700501491	1.128093708999741e-07	3.695059978682694e-07	1.2725954162847924e-14	0.0	0.0
983.8291491086776	0.5496023132479877	967919.7946359046	0.3020627027275392	1422.8103880408214	2.9853324667053585	8.9122099367651	2024389.4003168729	945.8397926867848	-0.4580035142496399	0.2097672190650201	894612.91342978	1036.8758637149444	982.5160198801952	1.213749	21.782124	0.0909152742699354	0.0452660034919619	0.1344495359	0.0627090348	0.067772039	0.2172293563	0.1463590095	0.0392630641	0.0527489419	-0.0985228382	-0.0817581182	-0.0781677683	-0.1009868848	-0.0355903815	0.0860614176	0.252707025	0.0809964471	-0.0834235473	-0.1207251596	-0.0601828539	-0.0649304598	-0.0151361939	-0.1144536034	-0.1740521209	-0.0142750724	-0.1398392112	0.0317828244	0.0578377107	-0.0617553709	0.0031379116	0.1613488074	0.0535216106	-0.2355977302	-0.2312614237	0.0604411106	-0.1076460913	-0.134385207	0.0234430116	-0.1128822316	-0.0643627509	-0.0765342225	-0.1164466444	-0.2519874357	0.0958928958	0.1624051406	-0.0394158939	0.0092209244	0.1359780624	0.0250735752	-0.1025873462	0.0201884954	0.0215434208	0.062067885	0.2438590146	0.132191168	0.0052471107	0.110869681	-0.1155420522	0.1375136446	0.0758800203	0.1045906573	-0.1335245866	-0.0244154118	0.0913503309	0.0595134116	0.205678785	-0.0768725875	0.1479108063	0.0292216505	-0.0818317206	0.1179676148	-0.0679978732	0.0366576981	-0.034788562	-0.1759158318	-0.0163523753	-0.0223911043	-0.0250397648	-0.173532434	0.0865392767	0.050129741	-0.0388328352	0.0226292349	0.0455212682	0.0163969897	-0.0671507835	0.1921285988	0.0101116916	-0.1114298236	0.0084997322	-0.0105465498445056	-0.0079970210185536	0.0001112297136226	6.395234517118805e-05	-0.0544184058404084	0.0276478067279129	0.0029613628942113	0.000764401216864	-0.0232760228606494	-0.0316978811274138	0.0005417732402094	0.0010047556679676	-0.0010319029924485	-0.0004710010594808	1.0648237858241691e-06	2.2184199803203614e-07	-0.0013196869461915	1.3895026170006146e-07	1.741573635948247e-06	1.9307175226515567e-14	-0.0006081813483277	-3.112981785999931e-07	3.6988455245369924e-07	9.690655599967321e-14	0.0	0.0
983.9266836266476	0.0975345179699616	968111.718752533	0.0095129821956327	1424.2421382435582	1.4317502027367937	2.04990864303685	2028465.6683485827	945.0344386141064	-0.8053540726783694	0.6485951823796364	893090.0901666792	1038.4563346694083	1009.3724375103152	1.251031	22.451185	0.1137287458538029	0.0606500997096759	0.060437115	0.1889378961	0.1530867273	-0.0966161017	-0.0560220266	0.0531576483	-0.0581541545	-0.0464983785	-0.0376561647	0.210202557	0.0450895107	0.1760136495	0.0737809191	0.0927689332	-0.1145685095	0.2138693964	-0.1443613252	-0.0052062677	-0.1067855817	-0.0285228388	-0.0255036606	-0.1308240701	-0.0097843574	0.0171764856	-0.0023378865	0.0154213986	0.0969829327	0.0723240435	-0.0109753366	-0.0182289114	0.0337115847	-0.0585427769	0.0142704036	-0.0842160379	0.1744151115	-0.2698216052	-0.1149124143	0.093983113	-0.1373550526	-0.0847590016	-0.0271130908	-0.0860164468	0.2093148733	-0.0577084461	-0.0890389966	-0.0232048196	0.060279954	-0.1932368806	-0.0727154813	-0.0374493442	-0.0689243612	-0.0658547697	-0.0159171142	-0.0103812933	0.0177398427	-0.1175401104	0.1334853498	-0.0248532269	-0.1716007391	-0.1137885446	-0.0846865644	-0.0119549099	0.092506212	0.1635256219	-0.1436446564	-0.073304961	0.1329127448	-0.0846637921	0.1246963826	-0.0608740151	0.1417580253	0.0309163699	0.1401155936	-0.040478316	-0.0439201651	-0.1136218865	0.1132921201	-0.0203005113	0.0019960068	-0.0785386881	-0.0399692678	0.1816154823	-0.077940814	0.0542954562	0.2027863619	0.1047608841	-0.1152490509	0.0197875765	-0.0111154174446426	-0.0005688676001369	0.0001235525049686	3.236103464856295e-07	-0.0673452495899908	-0.0129268437495824	0.0045353826423381	0.0001671032893261	0.0282470989989391	0.0515231218595885	0.0007978986018558	0.002654632086158	-0.0002339536346846	0.0007979493577639	5.473430318213528e-08	6.367231775558206e-07	-0.0014949297181876	-0.0001752427719961	2.234814862320457e-06	3.071002913687709e-08	-0.0006071752251978	1.0061231298999496e-06	3.686617540939992e-07	1.0122837525196709e-12	0.0	0.0
985.0923878688146	1.1657042421670667	970407.0126370832	1.3588663802062952	1421.94930816115	-2.292830082408273	5.257069786796326	2021939.834979973	944.8105759311728	-0.2238626829335999	0.0501145008102294	892667.0243913945	1037.947968466569	1001.5902088025092	1.367261	24.537064	0.0806203597934415	0.0396288945830761	-0.1242359168	-0.012027332	0.0032767138	0.1318549883	-0.0205739142	-0.0460141277	0.0586223506	-0.0817101263	0.0267206697	0.0186980635	-0.2147189135	0.0410063453	-0.054240868	-0.1792242082	0.0850183529	0.1003080288	-0.0093998711	-0.1582685991	0.1109267598	-0.0737921265	-0.1874828179	0.0027215809	0.1025332062	-0.0510326737	0.2466096211	-0.012150359	0.0503104819	0.1537865001	0.006795834	0.0249081399	-0.1526237551	0.122449659	-0.0027363932	-0.0172216783	0.097867352	0.0665739235	0.0221767638	-0.1792160894	0.0490042592	0.1092014554	-0.0847927384	0.0408091961	0.0158562952	-0.1489440259	-0.2370327176	0.0941262189	-0.0584842288	-0.0162650382	-0.0836340944	-0.1441219058	-0.0676190082	0.1474092377	0.1136140175	-0.1523098397	-0.0723057279	-0.0194298688	-0.0303285798	0.0758763356	0.0219423047	-0.0232596451	-0.0750995364	-0.2004301106	0.0820854752	0.092482451	-0.2254258816	-0.0035497916	-0.0860886576	-0.0910408934	-0.1476417734	0.0414379347	0.0543513776	-0.150774203	-0.0421439616	0.0503613535	-0.0067802413	0.007840586	0.0248768409	0.0707601201	-0.1492758203	-0.0130390923	-0.1599572322	0.0996669687	-0.1613480968	-0.0068996893	0.1026076274	0.0499230803	-0.1189108618	0.0309673479	-0.0123587314893001	-0.0012433140446575	0.0001527382440246	1.5458298136425932e-06	-0.0877983856345423	-0.0204531360445514	0.0077085565200318	0.0004183307740569	-0.0013869456586235	-0.0296340446575626	1.9236182599745745e-06	0.0008781766027664	-0.0005850264255757	-0.0003510727908911	3.422559186218801e-07	1.2325210450406608e-07	-0.0017288230132972	-0.0002338932951095	2.98882901130601e-06	5.4706073497226406e-08	-0.0006080064401305	-8.31214932699967e-07	3.696718312401633e-07	6.909182643434106e-13	0.0	0.0
984.6044390081394	-0.4879488606752602	969445.9013145328	0.2380940906342845	1421.852661311278	-0.0966468498718313	0.0093406135901483	2021664.990477964	944.9593105262434	0.1487345950705503	0.0221219797708005	892948.0985502333	1038.192421015709	998.89926067035	1.217499	21.849411	0.0361308024548472	0.0220764018984067	-0.0054979252	-0.1207856219	0.1859323482	-0.1105626321	0.0163482401	-0.0697365119	0.1070119357	0.0662596977	0.0662553737	-0.1666158799	0.0087801013	0.2368088376	-0.1619299957	0.1805137631	-0.1288261593	-0.0917808281	-0.1027977045	-0.2060148257	0.0266658917	-0.0269689561	-0.1880463591	-0.1121542357	0.003696908	0.1017292232	-0.0003767004	0.0544039389	-0.0504763508	0.0953531598	0.0212261274	0.1617210328	-0.0305072432	0.1951035021	0.0397532246	-0.1281731702	0.1576789539	-0.0963366798	0.0081346665	0.0692350256	-0.1706194133	0.0621742961	-0.0879731673	0.0673493332	-0.1014354406	-0.0639375517	-0.0502631273	0.2012779595	-0.1369571388	-0.2805683275	-0.0556095472	0.0405362889	-0.1892576115	0.0962245421	-0.0931364114	0.1240454182	0.001285285	-0.0681658087	0.1514342187	-0.0867228021	-0.0938003081	0.0558907336	-0.2527581257	0.0782425481	0.1006767988	0.1214422183	-0.1621879989	0.094025018	-0.1321090901	-0.1287697157	-0.0260865677	-0.0821811949	-0.0033064113	0.0892318015	-0.066843936	0.2392663293	-0.0171953441	-0.1204722372	0.1671814721	-0.0819119455	-0.0901411047	-0.0142586433	-0.0099315347	0.0650251387	0.0743098002	-0.0985113952	-0.0784998788	0.0217754831	-0.1224102548	0.0419779864	-0.0098829083589464	0.0024758231303537	9.767187763133262e-05	6.129700172794396e-06	-0.0682217625954137	0.0195766230391286	0.0046542088916249	0.0003832441696161	-0.0051031884160934	-0.0037162427574699	2.6042532010149865e-05	1.3810460232447486e-05	-0.0007920265796852	-0.0002070001541095	6.273061029278365e-07	4.284906380135677e-08	-0.0017287592557049	6.375759229989078e-08	2.98860856418536e-06	4.065030575879092e-15	-0.0006081847989866	-1.783588560999843e-07	3.69888749718371e-07	3.1811881549294906e-14	0.0	0.0
982.2750872350524	-2.3293517730869557	964864.3470026298	5.425879682783343	1425.9995317068713	4.146870395593169	17.196534077847044	2033474.664428216	944.0095037755832	-0.9498067506601728	0.9021328635996356	891153.9432186228	1038.1501807510413	991.8911853030296	1.188286	21.325151	0.0590448982786491	0.0399340825026239	-0.1263944261	-0.0233971059	0.0066374246	0.0731347394	0.07814208	-0.0689827409	-0.1637213898	0.2500189878	0.1291954208	0.0591437666	-0.0782493241	0.1308863216	-0.0429479503	0.1744274387	0.0490782572	0.1412509253	-0.0006390019	-0.0874644283	-0.0531598379	-0.1510158091	-0.1069750319	0.0541279446	0.0108561361	0.0506363126	0.099934224	-0.1947785402	-0.1627973242	-0.1006695214	0.0167657221	0.1306195603	0.1401497359	0.1280385138	-0.1546150961	0.1942876606	0.1304453843	-0.1510620729	0.0774957972	-0.0822581005	-0.1236556346	0.0865215271	0.1364702648	-0.0875602108	0.008445776	-0.1198444113	0.0138155877	0.2736042117	0.0232259769	-0.1316689551	0.029724331	0.1509796471	0.0079894029	-0.0121612988	-0.1074440589	0.036173335	0.1768156333	-0.0375003093	-0.0314113658	-0.0484109297	-0.1207249588	-0.0863472112	0.1547974928	0.1162722036	0.1613414128	0.0607129889	-0.2246657166	-0.0666949467	-0.1034619958	-0.1026033399	0.0829539579	-0.1097630599	0.0600589834	0.0519026271	-0.0001101793	-0.0366452812	0.1072845033	-0.1304499738	0.0570741144	0.1303299642	-0.1268670314	-0.0159948131	-0.0230669374	0.0747771868	0.2916911482	0.0537578881	-0.1207843603	0.0078618507	-0.1257424501	0.0527593557	-0.0101241462514991	-0.0002412378925527	0.0001024983373217	5.8195720803268135e-08	-0.0497170121119978	0.0185047504834158	0.0024717812933445	0.0003424257904534	0.0307153201346821	0.0358185085507755	0.000943430890976	0.0012829655548019	-0.0007025261522778	8.95004274074e-05	4.935429946342507e-07	8.010326506107278e-09	-0.0017287900500719	-3.079436699995192e-08	2.9887150372276025e-06	9.482930389277277e-16	-0.0006081079937229	7.680526370001765e-08	3.697953320296905e-07	5.8990485320292506e-15	0.0	0.0
982.3136134487332	0.038526213680825	964940.0351667074	0.0014842691405805	1413.4842084918105	-12.51532321506079	156.63331517743953	1997937.60765572	944.346278918629	0.3367751430457701	0.1134174969734989	891789.894507461	1036.2955472604062	979.8555689983256	1.093527	19.624598	0.0648017652350746	0.036869332433267	-0.1411879614	0.0571383645	-0.1642821172	0.0900716927	-0.0591530811	-0.1302932542	-0.1032223919	-0.0885509552	0.1041833867	0.1246536621	0.1492845028	0.0342814317	-0.1707371547	0.0112184066	0.0118857347	0.2558380199	-0.0068476661	-0.0243973683	0.1316063375	-0.030374619	-0.2086383484	-0.0075557414	0.072166385	-0.0308060701	-0.2248438977	-0.1281973706	0.1057928905	-0.0131902848	-0.017441239	-0.1554656465	-0.2358626875	0.0210544171	-0.0133193129	0.0461504837	0.0613384214	0.1360100479	-0.0608872487	-0.0138970631	-0.0195295334	0.1413582148	0.1216736507	0.0143916733	0.227088286	-0.0443843399	-0.0335021582	0.1116423596	-0.0221011735	0.1301017245	-0.0655257773	0.168211231	-0.1004594541	-0.0893197973	0.0184431012	-0.181161935	-0.092623283	0.0560942142	0.0110786645	0.0562473898	-0.035523364	-0.0136653454	-0.0069406641	-0.1543001874	0.1097555158	-0.0102458024	-0.1629870683	-0.1907567994	-0.0054389132	-0.0839556512	0.0317308858	-0.0920629548	0.0934226592	-0.1495636767	-0.0360397119	0.092113396	0.0288370349	-0.1359787139	-0.2309265873	0.0497204279	-0.0729326045	-0.1146138174	0.2187137391	-0.2108262029	0.21040967	-0.2012221906	-0.0895719931	-0.3742603204	-0.1289028963	0.0632525717	-0.0104896839403068	-0.0003655376888077	0.0001100334691675	1.3361780193887566e-07	-0.0579133897861936	-0.0081963776741958	0.0033539607165275	6.718060697805537e-05	0.0509706579475732	0.0202553378128911	0.0025980079716085	0.0004102787099143	-0.0010989274390699	-0.000396401286792	1.2076415163407289e-06	1.5713398017043268e-07	-0.0014061658991759	0.000322624150896	1.9773025360051677e-06	1.0408634274136497e-07	-0.0006087727972184	-6.648034954999989e-07	3.7060431863311524e-07	4.419636876290172e-13	0.0	0.0
983.6558234478252	1.342209999092006	967578.7790028192	1.8015276816625627	1414.4463658918414	0.9621574000309464	0.9257468624343108	2000658.521984637	945.5747247400418	1.2284458214128335	1.5090791361466511	894111.5600672058	1037.5861553970074	995.1426819906476	1.195891	21.461636	0.0646834468086445	0.0321764092279866	-0.1348149318	0.0877417702	-0.1158324945	-0.0387250934	-0.0592266874	-0.1636753619	0.0228818167	-0.1713586433	0.0660378793	0.0012896243	0.0875461543	-0.0080288844	-0.1910428895	-0.0747524025	0.0557419352	0.048084823	0.18919759	-0.0911433319	-0.103855297	0.0350100754	-0.0950839515	0.0273006001	0.1150881886	0.0863413948	-0.1995816989	0.0557100963	-0.0170295064	-0.0040205888	0.0107256439	-0.3161349442	0.1691483639	-0.1556244204	0.0882218623	0.0395505574	-0.0268266916	-0.0531187022	0.0201467635	0.1155943442	-0.1197532233	0.1660707293	-0.0712980159	0.0395289977	0.0510167649	-0.0099936538	0.0291452622	-0.1309725327	-0.2534403316	0.1488830891	-0.0761111337	0.1159843213	-0.0711772951	-0.1277131599	0.0002402867	-0.1671985515	-0.0562179626	0.1127856608	0.0540231123	-0.0254207261	-0.1396069279	-0.2011349229	0.3047630342	0.1274479823	0.0333204757	-0.1182375285	-0.0165028294	-0.0468480655	0.1577703734	0.0245097232	-0.2888973909	-0.1164257521	0.1120067411	-0.1973312621	-0.0588005683	-0.0013784335	-0.072651318	-0.1284448337	0.101481853	-0.0095325985	0.255624767	0.1346806378	0.1908441653	0.0024038579	-0.1641787215	-0.0965584294	-0.0366243892	-0.0542497616	-0.1318872767	0.0734003241	-0.0138359593446324	-0.0033462754043256	0.0001914337709863	1.1197559081594456e-05	-0.0738751941908901	-0.0159618044046965	0.0054575443167417	0.0002547791998537	0.0564634483715806	0.0054927904240073	0.0031881210020101	3.017074664206735e-05	-0.0015287572924638	-0.0004298298533939	2.337098859261249e-06	1.8475370286862167e-07	-0.0012261788883756	0.0001799870108003	1.503514666298022e-06	3.2395324056827325e-08	-0.0004209381299003	0.000187834667318	1.7718890920396185e-07	3.52818622465013e-08	0.0	0.0
984.6530165009376	0.9971930531123688	969541.5629043956	0.994393985175568	1420.7639867771438	6.317620885302404	39.91233365040912	2018570.306122884	944.7781019613776	-0.7966227786641866	0.6346078514866497	892605.6619457433	1037.6441900454809	990.228259475826	1.149952	20.637211	0.0895875598776741	0.055937848750319	-0.1334334499	-0.0116646805	0.0469634302	0.2143225283	-0.1550499229	-0.2007787164	0.1355731001	-0.0610090151	0.0679147112	-0.0384288155	0.1479038514	0.1136002664	0.0073553558	0.1355103286	0.0740509969	-0.081293081	0.1842174645	-0.2155126139	-0.0883000144	0.113858746	-0.1022107729	-0.1271217352	0.1257823185	0.1402827803	0.0538346654	-0.0561250865	-0.0577437843	-0.0408663663	0.0526377793	-0.0045468892	0.0372316923	-0.1738841584	-0.1670408131	0.2057849817	-0.2109014248	0.1878206593	-0.0694122719	-0.0114568232	0.1994641229	0.182485538	-0.2069605381	0.0891115392	0.0383374695	0.0489289435	0.050868237	0.1052965703	-0.0507067562	0.151646589	-0.1216175724	0.0633343426	-0.0154020069	-0.15755061	0.1308952291	0.1558632121	0.129694109	-0.0516404943	-0.0382461938	-0.1982617035	0.0586513418	-0.0217372311	0.0092779024	-0.0086709315	-0.0213506895	-0.1397442153	0.0083496817	0.050158472	-0.0175587715	-0.0657216786	-0.2428239294	-0.2861824497	-0.0960812621	-0.1389617887	0.1705879234	-0.1104572534	-0.2007904182	-0.0564335318	-0.1772567157	-0.068357251	-0.0957950583	0.0760015715	0.142152949	-0.0301473119	-0.0371583395	0.1314571833	-0.0729554307	0.2265636504	-0.1346915149	0.0831471893	-0.0136761534403717	0.0001598059042607	0.0001870371729245	2.5537927036580018e-08	-0.0891158035506549	-0.0152406093597648	0.0079416264424789	0.0002322761736569	0.007475934083942	-0.0489875142876385	5.588959042744571e-05	0.0023997765560815	-0.0014789906104982	4.976668196560001e-05	2.1874132259418384e-06	2.4767226338651764e-09	-0.0011818894357682	4.42894526074e-05	1.396862638380474e-06	1.9615556122631307e-09	-0.0008308746018475	-0.0004099364719472	6.903526039952417e-07	1.680479110325175e-07	0.0	0.0
986.2055936855644	1.5525771846267844	972601.4730166964	2.410495914223632	1422.6036101224129	1.8396233452690467	3.384214052458878	2023801.031533322	946.9004260425836	2.1223240812059885	4.504259505666843	896620.4168396264	1039.5002493893485	991.943019348602	1.40406	25.197462	0.076636414197643	0.0367506419333008	0.1438443774	-0.0946871143	-0.1067902216	0.0347736413	-0.1747940109	0.0681265087	0.0109331361	-0.2049182082	0.2080799988	-0.1435453639	-0.0365379175	-0.0579903408	-0.031307519	0.14979999	-0.172881561	-0.003573171	-0.0692228532	0.1412488278	0.1049167212	0.177357074	-0.0571028145	0.2047438964	0.0315708225	0.007925404	0.0430950739	0.0248354474	-0.1946379204	0.1644544753	0.0415313333	0.0691831603	0.014914468	0.0988604358	0.0823580373	-0.0270654578	-0.1594055523	-0.1109601525	0.0265473688	-0.0115784124	0.0811724518	-0.0917698116	0.1140204757	0.1662873948	0.1051235451	0.115211154	0.0433502772	0.1029266027	-0.0618197701	0.1449738753	0.0630225702	0.208613819	0.1780106645	0.0561595289	-0.0046138985	0.008112407	-0.2171465611	-0.0623418035	0.1576327843	-0.0432698415	-0.0001641181	0.0228126046	-0.1297679561	0.0573315565	-0.0392565031	0.0803770452	0.1945414188	-0.0744868785	-0.0590673829	-0.02738798	0.0751657367	-0.1942111712	-0.02118222	-0.3586921145	-0.0388851477	0.0968316493	-0.1119006621	0.0246634362	0.1550315045	-0.0085835515	0.1589652538	-0.1051018765	-0.0311602403	-0.0721878837	-0.0326071662	0.1686768511	-0.0740492164	-0.1927963058	-0.1373117808	0.0924399334	-0.0091709896641134	0.0045051637762583	8.410705141927483e-05	2.0296500650909947e-05	-0.0706246157440944	0.0184911878065605	0.0049878363490009	0.0003419240264974	0.0096822453541562	0.0022063112702142	9.374587509807932e-05	4.867809421074196e-06	-0.0011773980440097	0.0003015925664885	1.3862661540378677e-06	9.095807616112033e-08	-0.0016618673483768	-0.0004799779126086	2.7618030836009367e-06	2.3037879659210901e-07	-0.0010779791496426	-0.000247104547795	1.1620390470641828e-06	6.106065754102082e-08	0.0	0.0
985.1986403836283	-1.0069533019360506	970616.3610137498	1.0139549522799152	1432.5908054998745	9.987195377461603	99.74407150759042	2052316.4160027795	947.6192329514196	0.7188069088359725	0.5166833721903261	897982.2106594368	1042.2593109730713	990.429602492017	1.244105	22.326891	0.0625965848945609	0.0395995574259386	0.1460247784	0.0504318667	-0.0294405717	0.1171507094	0.13804713	0.2371898959	0.124266346	0.0184528455	0.1126240449	0.1018162164	0.1951096122	0.0195558459	-0.0558104409	0.0050769512	0.0901203543	-0.1502965313	-0.0900075459	0.0761212932	0.0656909135	0.1828840365	-0.1794669891	0.2582930128	0.1802041293	-0.2482365049	-0.0548295499	0.0782631462	0.0572196928	-0.0433876613	-0.0513745273	0.1159366447	-0.0217103808	0.0292706957	-0.0075924234	-0.0092000672	0.0522108711	0.0414753206	-0.1758360486	0.1466468609	0.2704253866	-0.2315618057	-0.0129329059	-0.0629505864	-0.1203003059	0.0932379733	-0.0710218232	0.0645948672	-0.0189469768	0.1429205455	-0.2095609388	0.161165033	-0.0218132147	-0.0350116765	0.2745202103	-0.0235611197	-0.113788916	0.0518163346	0.2069602143	0.0142784551	0.1235132243	0.092181944	-0.0009041438	-0.1456066192	-0.031556621	0.0532147165	0.149222758	0.0002265428	0.0595288194	0.0233719849	-0.1419358982	-0.0677033743	0.0483489336	-0.2919612457	-0.2070192208	-0.0614350194	-0.1979055656	-0.0040502532	0.0951250111	-0.0888900687	-0.032146064	0.0627113556	-0.1862742049	-0.1735769269	0.202834215	-0.1181429035	0.0398788286	0.273989272	-0.1397444952	0.1012278027	-0.0114993271958212	-0.0023283375317077	0.0001322345259565	5.421155661559166e-06	-0.0705158120618705	0.0001088036822238	0.004972479750745	1.1838241265477896e-08	0.0391670065888405	0.0294847612346843	0.0015340544051302	0.0008693511450663	-0.001420696602726	-0.0002432985587162	2.018378836997198e-06	5.9194188673428814e-08	-0.0012917332856776	0.0003701340626992	1.6685748813274484e-06	1.3699922437021538e-07	-0.0010779181221392	6.10275033999328e-08	1.1619074780360991e-06	3.7243561712288105e-15	0.0	0.0
984.6739136302112	-0.5247267534170987	969582.7161838368	0.2753381657516487	1426.4708127919694	-6.119992707905112	37.45431074481175	2034818.9797473815	946.6512635136994	-0.9679694377201712	0.9369648323603046	896148.6147120836	1041.4349243389008	1014.2357437901156	1.289563	23.142685	0.0713810012965447	0.0384280384802472	-0.0215522471	0.1226704974	-0.0125143902	-0.0778045255	-0.1162605496	-0.0768461208	0.1941739454	0.1944989648	-0.0692682295	0.0126083431	0.065324436	0.1235010768	-0.0300979714	0.1623228045	-0.1159128095	-0.0941298578	0.0801722252	0.1031202163	-0.1906932172	0.0950961003	0.0190199739	0.095699108	-0.0407105881	0.0052660573	-0.0413970131	-0.1959319557	-0.0941299718	-0.1384189075	-0.0810911057	-0.081359494	-0.1212920704	0.0986166124	-0.0900778304	-0.2023406121	0.0293396799	0.0534694313	0.0090101477	-0.0134901217	-0.0789223186	0.0167269313	-0.0881530142	-0.1889027781	-0.1303068279	0.1015296023	0.0638848356	0.0430741995	-0.0007495483	0.1479891988	-0.1514865631	0.130147676	0.0048988526	-0.0130248717	-0.1573249859	0.2940062566	0.0655504624	-0.0558727081	0.0812841242	0.127837754	-0.0920759228	0.0821257848	-0.030452141	0.1902678432	0.0004937357	-0.1454016572	0.0361672495	0.02909814	0.148783525	0.0384295952	-0.1202023126	-0.1831569948	-0.0099033412	0.0531909381	0.0039421719	0.1926062676	-0.0582338926	0.2715062815	0.0082298712	-0.1854826138	0.0107543758	-0.1259477619	0.0284495803	0.0898117176	-0.0157279194	0.0153977548	-0.0411790284	-0.0081371831	-0.1419863355	0.1094628008	-0.0058931451498693	0.0056061820459519	3.4729159757428056e-05	3.142927713235343e-05	-0.100694892889976	-0.0301790808281054	0.0101394614541237	0.0009107769196293	0.0410913113599278	0.0019243047710872	0.0016884958692785	3.702948852029346e-06	-0.001600941714555	-0.000180245111829	2.563014373402303e-06	3.248830033824877e-08	-0.0009167333601156	0.000374999925562	8.404000535488383e-07	1.406249441715056e-07	-0.0009597344865022	0.0001181836356369	9.210902845816416e-07	1.3967371732379167e-08	0.0	0.0
982.31200051982	-2.3619131103912423	964936.8663652508	5.578633541038033	1432.9555368702313	6.484724078261934	42.05164637119009	2053361.5706470527	946.4570049447073	-0.1942585689921543	0.0377363916268795	895780.8622089056	1040.484057639682	1007.3293509302332	1.413004	25.357969	0.0729165649078509	0.0388847385588221	-0.1106993948	-0.1194946119	0.0398543269	-0.1435536379	0.1368491206	0.0217930576	-0.0231196947	0.273417046	0.1102462023	-0.0657498016	-0.1567399883	-0.1072031433	0.0744614482	0.0099392957	-0.0596231396	0.0152847754	0.0582611749	0.1057438326	-0.0241412595	-0.1081726961	0.0253833139	0.075122128	0.0389147863	-0.2155055444	0.0140224736	0.1372004624	0.0894313313	0.035427733	0.0200025202	-0.1289837062	0.2090358054	-0.0530409563	-0.0659897972	0.077967818	0.08537979	-0.0174496237	-0.0526744939	0.092025822	0.0305570821	0.0408658883	0.1226990246	-0.1327597342	-0.1865376179	-0.013235727	-0.0849751847	-0.0126757091	0.1697565299	-0.0768518245	0.0327234587	-0.0169899415	0.211166452	-0.0732020246	0.0159443322	-0.0579042735	-0.0651137662	0.025775206	-0.0563402018	-0.0866631791	-0.0556728925	-0.1558554548	0.1354987347	0.0782604671	-0.0006353374	-0.1520002267	0.0619988268	-0.0852008081	-0.1091609686	0.013171848	0.0383299528	-0.0170884785	0.0052080417	0.0615002139	-0.1403993363	-0.1459086337	-0.0921917025	0.1068828606	0.1125888209	-0.0055878183	0.0008305575	-0.2139585401	-0.0284842294	-0.0235126106	0.0839950985	0.2348728597	0.0172576932	0.0067074413	-0.1440342395	0.1170999511	-0.0069346329159571	-0.0010414877660877	4.808913367907567e-05	1.0846967669105554e-06	-0.070684880644336	0.0300100122456399	0.004996352351704	0.0009006008349834	0.0253214718937897	-0.0157698394661381	0.0006411769388679	0.0002486878367877	-0.0014198424641426	0.0001810992504124	2.0159526229825304e-06	3.2796938499933205e-08	-0.0009910082935182	-7.427493340260004e-05	9.82097437821855e-07	5.516765731960672e-09	-0.0006932041617175	0.0002665303247847	4.805320098224619e-07	7.10384140298377e-08	0.0	0.0
980.5485813229876	-1.7634191968323876	961475.5203345236	3.1096472637569827	1416.7784075820657	-16.177129288165588	261.69951200602486	2007261.0561907736	944.5698302363006	-1.8871747084066328	3.56142838004966	892212.1641926338	1037.9372129323149	994.1815627059348	1.21525	21.809048	0.0820181612292458	0.0490824881464863	0.090204849	-0.15163084	-0.0845167235	-0.2368763198	0.0520542981	0.1003404262	-0.2023526119	0.1471295535	-0.0840541066	-0.0374935128	0.1840312745	-0.0575935815	-0.0210450683	-0.1212387887	0.0096076439	-0.056385183	0.0399408611	-0.0267856686	0.0893617967	-0.0535150426	0.0827267402	0.0487835031	-0.2626271875	0.1614184737	0.0627732424	0.3263111669	0.0959651404	-0.07442101	0.1479457718	0.1104610352	-0.0102967373	0.1571901078	-0.1580386858	0.1041925529	0.0225519474	0.093058159	-0.0304921422	0.1549414475	-0.0776518106	-0.0484439446	0.2104161139	-0.0127716729	-0.1038139902	-0.0719407126	0.1355117895	-0.1326576663	0.0049443532	-0.1360014883	-0.0878274266	0.0486128592	-0.0327738391	0.0013241762	-0.034371183	0.0900635352	0.0512003392	-0.1440242202	-0.165111043	0.1491705705	0.2068346421	0.0173281656	-0.0215319023	-0.1218999938	-0.0044555307	-0.045239482	0.1780616145	-0.1021443655	-0.0742455377	0.1084860887	-0.0933160212	0.0900800484	0.1302860864	0.1811136802	-0.1306927606	0.0478201356	-0.1251314621	-0.0595391518	0.0093374949	-0.1235678942	-0.045940338	5.35872e-05	-0.0838107136	-0.086203259	-0.0162240752	-0.0365652902	-0.0892244313	-0.0990994279	-0.1458854101	0.124097542	0.0059520483598589	0.0128866812758159	3.542687967809902e-05	0.0001660665543044	-0.0705347183993581	0.0001501622449779	0.0049751464996767	2.2548699816805348e-08	0.0728594192631817	0.0475379473693919	0.005308494975368	0.002259856440095	-0.0012778529504375	0.000141989513705	1.632908162941824e-06	2.016102200221074e-08	-0.0008459667405869	0.0001450415529312	7.156597261792234e-07	2.103705207672309e-08	-0.0008350405018623	-0.0001418363401448	6.972926397504418e-07	2.011754738567141e-08	0.0	0.0
980.3429472012036	-0.2056341217839872	961072.294127142	0.0422853920418716	1416.7713899668197	-0.0070176152460135	4.92469237410814e-05	2007241.1714285144	944.159844025088	-0.4099862112126402	0.1680886933844956	891437.8110694785	1038.0978973351182	973.0573721098024	1.230945	22.090721	0.0778753595824921	0.036569568564025	0.1469695099	-0.0689386801	-0.0916146348	0.0552490368	0.0206054359	0.0788109029	-0.1363999493	0.0523882518	-0.1851628326	-0.123864753	0.1075542268	-0.0885531092	0.0238550413	-0.0024718469	0.1089148842	-0.0779676299	-0.0106262227	-0.0402027068	0.0262242238	0.281437846	0.1378121332	0.0105686258	-0.037482177	0.0104527875	-0.0718844906	0.0240017099	0.1369757098	-0.0266517744	0.022742369	-0.2495596072	0.0421472846	0.0132717238	-0.0144359746	-0.0255010324	-0.2175845479	0.0531512678	-0.0819847689	-0.0308849808	-0.1835923629	-0.1099877363	0.069228963	0.0436192283	-0.0860739793	-0.1179247157	0.2179673572	-0.153335218	-0.0546105703	0.0555314568	-0.1038481701	-0.1020234214	-0.0131125325	0.0413483473	0.0804814952	-0.0302173638	0.0219560636	0.1158409952	0.0204475381	-0.1047067707	0.1212730199	-0.1386283867	-0.0121052678	0.0283167925	-0.0207485109	-0.0390901916	0.2242680826	0.038776731	0.0059588315	0.1073081355	0.0086711258	-0.0957473045	0.0500425009	0.165439175	0.0077163415	0.036379885	0.1229857436	-0.0544668244	-0.2486714282	0.0149753913	-0.216985929	0.0569773109	0.1562061801	0.01334954	0.0139018558	0.134233777	0.0122875327	0.0555085689	-0.1475373187	0.1304173552	-0.0136378829166972	-0.0195899312765561	0.0001859918504495	0.0003837654074201	-0.0814027136802053	-0.0108679952808471	0.0066264017945014	0.0001181133214245	0.0437352647056528	-0.0291241545575288	0.0019127733788735	0.0008482163786908	-0.0014198627066021	-0.0001420097561645	2.016010105599441e-06	2.0166770845929125e-08	-0.0009754754202411	-0.0001295086796541	9.515522954945506e-07	1.6772498105774192e-08	-0.0007406933683299	9.434713353240005e-05	5.486266658878928e-07	8.901381605780522e-09	0.0	0.0
982.5408976856398	2.197950484436205	965386.615624903	4.83098633203335	1418.057984647695	1.286594680875396	1.6553258728568625	2010888.4478230823	944.9942465338908	0.834402508802782	0.6962275466963767	893014.1259821559	1038.2577144988338	988.5530659271624	1.274883	22.879242	0.0951069310579253	0.0624931810933801	0.0468306858	0.1354814955	0.1263273535	0.0275636408	0.0315229401	0.0116528523	-0.0499884116	-0.0561095156	-0.2252488555	-0.0295821371	-0.045464989	0.0385420962	0.0490057382	-0.0291902208	-0.0341761329	-0.0146941898	-0.024412579	0.2649383612	-0.1636510097	-0.0882199086	0.0634641394	0.0593727883	0.0247829484	0.2071202174	-0.118661768	-0.1550720338	0.0206989852	0.2611080881	-0.0667975346	0.2152597242	-0.0375978098	0.0228965751	0.1131661996	0.0499355664	-0.1252587615	0.260182717	-0.0560353304	-0.0339794274	-0.2517397661	-0.0402079836	-0.06073766	-0.0510274702	0.1879113544	0.1002050516	0.2106071249	-0.0645808234	0.1004321905	-0.0843573027	0.0613017271	-0.1131561786	0.0606603767	-0.0577241265	0.0282162146	0.0592118391	-0.2936308493	0.1235591004	-0.2185854069	0.2562924364	-0.073172162	0.0333373635	-0.2219684404	0.079620784	-0.1224847118	-0.0759970711	0.0354103485	-0.0241314736	0.1472590412	0.0482266907	0.2125263126	0.0441561867	-0.0175473923	0.0450334147	-0.0706287263	-0.0813714216	-0.0608769787	-0.1324050479	0.0380639212	0.1851678824	-0.0364109475	-0.1248109911	-0.1662272755	0.0204529109	-0.2624146513	0.1800192167	0.0132028837	6.81373e-05	-0.1489877092	0.136024874	0.0102394861783068	0.023877369095004	0.0001048470771957	0.000570128754899	-0.0755073981005693	0.0058953155796359	0.0057013671679178	3.475474578349883e-05	-0.0128910115806775	-0.0566262762863303	0.0001661781795731	0.0032065351660558	-0.0014199289655987	-6.625899659994626e-08	2.016198267346194e-06	4.3902546304316906e-15	-0.0011289599226802	-0.000153484502439	1.274550507018083e-06	2.3557492488978077e-08	-0.0007613020088333	-2.060864050340008e-05	5.79580748653618e-07	4.2471606339838214e-10	0.0	0.0
983.4262861050375	0.8853884193977137	967127.2602023472	0.7839126532035818	1423.0615917897364	5.003607142041346	25.03608443188717	2025104.2940271385	946.562420396402	1.5681738625112305	2.459169263063391	895980.4157066948	1040.4178460048515	997.9371379964356	1.27384	22.860527	0.0675841383744454	0.0398285865752138	-0.082959751	0.1532691123	-0.1243758598	-0.159815684	-0.0574706304	-0.1021180567	0.1805903427	-0.0366358297	-0.0900969437	0.0783352557	-0.1091260211	-0.1728501175	-0.0840431014	-0.1289471576	-0.0792948766	-0.0914222118	0.2629171331	0.0891164525	-0.1309849762	0.0176595571	0.2450100397	0.0986675946	0.1274681935	-0.1643395317	0.0708653711	0.0555080087	-0.0911832183	-0.153521128	-0.0079328747	0.0798241007	-0.0239862277	0.0569592274	-0.0407450395	-0.1486416951	0.1770498133	-0.0930185253	-0.1525947668	-0.1462939336	-0.1084320198	0.0813248361	-0.0703099594	-0.1704693844	-0.1596154931	0.1694339647	-0.0640253084	-0.22941311	-0.1118512507	0.1611263742	0.1623651941	-0.0380831856	0.0747454713	0.0929644815	-0.0199048156	0.1620710639	-0.0353207567	0.0078140119	-0.1651068093	-0.134348582	-0.0706112994	0.0237060629	-0.0392229631	-0.0817796	-0.0635615154	-0.1648914129	0.0027949708	0.0731350028	0.1602392119	0.1142497622	0.0227496763	-0.018363282	-0.0776791273	0.1356717101	0.0180249228	0.1543563574	0.0978452173	0.1535336873	0.0888962897	0.0672139624	0.0267451941	-0.074577588	-0.1157642942	0.014932093	-0.0151588305	-0.0626652648	0.1214150338	-0.1188243233	-0.1502346003	0.1408894722	0.0010564386318492	-0.0091830475464576	1.1160625828634097e-06	8.432836224050096e-05	-0.0753832156692908	0.0001241824312784	0.0056826292046428	1.5421276238239248e-08	0.0177271008451569	0.0306181124258344	0.0003142501043743	0.000937468808521	-0.0014852959097369	-6.536694413819999e-05	2.206103939481165e-06	4.272837385966558e-09	-0.0007148800544494	0.0004140798682307	5.110534922495772e-07	1.714621372740366e-07	-0.0008350311158818	-7.372910704849997e-05	6.972769644908041e-07	5.4359812261691686e-09	0.0	0.0
982.209510153996	-1.2167759510415408	964735.5218369528	1.480543715033046	1422.763330738447	-0.2982610512895007	0.0889596547163182	2024255.4952939595	944.6179457113776	-1.9444746850243744	3.7809818007006406	892303.0633599831	1038.8779765885936	993.251058674758	1.237211	22.203161	0.081073084382221	0.0407221295828051	-0.1639422318	-0.0622693033	-0.0155270034	-0.0273546444	0.1070719521	-0.0791600601	-0.0242295719	0.1816320615	0.102345518	-0.0286702956	-0.0424350018	-0.0911150145	0.0659522679	-0.0186426835	-0.1124921862	-0.0242099167	0.174760951	0.0183479995	0.1521545888	-0.0958674321	0.1714690032	0.1919005764	-0.0388504721	-0.1018962602	0.2697639508	0.012305496	0.1106642258	0.1202475471	0.1224196929	-0.0398185303	-0.1513298727	-0.2636511453	-0.0095610319	-0.0241853066	-0.0835995261	-0.0862800279	0.1245034453	-0.0643634545	0.1246363412	0.1077761206	0.0894961102	-0.0949529365	-0.1043260732	0.038745929	-0.0043506525	0.016386963	0.1573669945	-0.0398249533	0.1041932788	-0.1183548967	0.2330716673	0.0132342285	0.1202915078	0.0438727483	-0.0794968135	-0.1030915121	0.0448017886	-0.0574634383	0.086856399	-0.1571572609	0.0800184296	-0.2335061164	-0.0139438353	-0.1832337177	0.0341062892	-0.1043274002	-0.0641586604	0.057996609	0.1260582109	0.0279100771	-0.1084468604	0.0230316708	0.0516122904	-0.1764867288	0.1246849769	-0.0180984724	0.1194931763	0.1577303407	-0.1195906423	0.0966196587	-0.0354624347	-0.0500166572	0.0973877924	0.0109209568	0.0607747877	-0.1254572032	-0.151276289	0.1449845808	0.0028562369071778	0.0017997982753286	8.158089269924605e-06	3.239273831875804e-06	-0.0491906980806504	0.0261925175886404	0.0024197247776617	0.0006860479776312	0.0438351747267589	0.026108073881602	0.0019215225433254	0.0006816315218071	-0.001086750444843	0.0003985454648939	1.1810265293664582e-06	1.5883848758749488e-07	-0.0007051184452189	9.76160923050009e-06	4.971920217879188e-07	9.528901476898455e-11	-0.0007038842972732	0.0001311468186086	4.954531039477865e-07	1.7199488031157036e-08	0.0	0.0
981.7993320115596	-0.4101781424363935	963929.9283383448	0.1682461085325703	1421.1579488118489	-1.6053819265980565	2.577251130247688	2019689.9154711016	944.4925024757922	-0.1254432355854078	0.0157360053541361	892066.0872329844	1038.573988593474	999.839762047596	1.204047	21.608007	0.0348363337129471	0.026673785709713	0.0179164387	-0.1534905223	0.0079809819	-0.226215224	0.075219065	0.0625301762	-0.1546966535	0.0111140469	0.0202204163	-0.0192518308	-0.0482597083	-0.1092564411	0.0483469669	-0.0430253987	-0.1323606016	0.0326953757	-0.084737374	0.1404771674	0.2049645135	0.0238340998	0.0839504034	0.0079255994	-0.097580695	0.0843486233	-0.2248718619	0.0365044252	0.0881979755	-0.1096716935	0.0401628206	0.0825167173	-0.0325653648	0.0047135109	-0.0969968788	0.1464409577	0.0973197877	-0.0325459558	0.122727192	-0.1443964422	0.1161319335	-0.0643262782	0.217454135	0.0846369342	-0.079118238	0.006050544	-0.0046724376	-0.2022135514	0.0010234018	-0.1361505039	0.0029793583	-0.0021806669	0.0518775252	-0.0059143534	-0.0305634137	0.0040237721	0.0479344457	0.1299735925	0.1159405125	-0.0284594039	-0.043343274	0.1555923254	0.0809272992	-0.1045028122	-0.0647093752	-0.0636423215	0.1320197225	-0.0781643003	-0.0943938689	0.0700646723	-0.015229792	0.2867416231	-0.0038240989	0.1282415679	0.0544134056	-0.0079285139	-0.0031506822	-0.122296428	0.0595926264	-0.0439652473	0.1234323403	0.0490276793	-0.0680095746	0.0426195736	0.0541204258	-0.1557745619	-0.0590718316	-0.0566007882	-0.1521113526	0.148287834	0.006431941084628	0.0035757041774502	4.1369866116125614e-05	1.278566036463481e-05	-0.0753829201999138	-0.0261922221192634	0.0056825846578665	0.0006860324995448	0.0437923423579604	-4.283236879849828e-05	0.0019177692491968	1.8346118168905687e-09	-0.0010987813581643	-1.2030913321299996e-05	1.2073204730493836e-06	1.4474287534463368e-10	-0.0007320802015047	-2.6961756285800087e-05	5.359414214351623e-07	7.269363020148805e-10	-0.0007654031286148	-6.151883134160004e-05	5.858419492933241e-07	3.784566609636232e-09	0.0	0.0
982.2902055462268	0.4908735346672301	964894.0479120484	0.2409568270367004	1423.5530638220714	2.3951150102225256	5.736575912193249	2026503.3255172065	945.6333081742408	1.1408056984486166	1.301437641612836	894222.3535285587	1039.3000658489857	975.4136109232212	1.407914	25.26663	0.1106195688687632	0.0622968765771608	0.1284481869	0.0236019787	-0.0385953584	0.1922840896	0.1588619151	0.100903628	-0.0246360629	0.0100491988	-0.1412815793	-0.1300272552	-0.0473035458	-0.0107517037	-0.0696921251	0.0594542243	0.204736688	-0.1979332193	-0.0233108272	0.0819854025	-0.1403637899	0.0520088882	0.0222782931	-0.0718556473	0.1386995281	0.0135592616	-0.0049021541	-0.1945380161	-0.0901501237	0.0834616512	-0.0297036568	0.0872788613	-0.0883202392	-0.1146526027	0.0122786004	-0.0262218691	-0.0419890128	0.0112675374	0.1038395741	-0.0009468435	-0.060348159	-0.1214973028	-0.0992154546	-0.009146263	-0.0423604473	0.0889192156	0.1671215153	0.0995603248	-0.0448126881	0.022869132	0.0755599268	-0.070258681	0.0592058777	0.0858505794	0.2007439147	-0.0078689079	0.1399598574	0.2792493175	0.0477624765	-0.0157406216	0.0631686274	0.0867643634	-0.0829468873	0.0597817474	-0.1175390251	0.0022866124	0.1370644745	0.1531974913	0.0893991506	0.0085978592	0.0396234744	0.041480225	-0.1771819763	0.0596591544	-0.0065014902	-0.1577843551	0.2096639241	-0.0383550195	-0.2151446312	-0.0605259284	-0.063289051	0.015387276	0.1220472199	-0.0235397578	-0.1399914684	-0.2054012552	0.0143979823	0.1904427612	-0.1527386503	0.1507811905	0.0033838249303386	-0.0030481161542894	1.1450271159181032e-05	9.29101209004e-06	-0.0968315650655284	-0.0214486448656145	0.0093763519930396	0.0004600443665712	-0.0144409426673988	-0.0582332850253592	0.000208540825123	0.0033911154848447	-0.0013861887029172	-0.0002874073447529	1.921519120095269e-06	8.260298181791231e-08	-0.0006851250208912	4.695518061350007e-05	4.693962942511672e-07	2.2047889864464127e-09	-0.0005419751975112	0.0002234279311036	2.937371147173043e-07	4.9920040397235046e-08	0.0	0.0
983.5001899118058	1.2099843655789757	967272.6235565582	1.464062164945556	1418.7003086380091	-4.852755184062289	23.549232876443423	2012710.5657295824	945.2548884861906	-0.3784196880502577	0.1432014603040543	893506.8042070406	1039.2283355937836	991.867827741966	1.334117	23.942253	0.1825499679018834	0.1035228697764227	0.0159337471	0.1630787609	0.0406287408	-0.0936370008	-0.1968214635	-0.0982140844	0.042136954	-0.0057013973	-0.2224024756	0.1448034666	0.0182877151	0.0154855289	0.0099137802	-0.1113891319	-0.1437245611	0.0267523951	0.1883633848	0.0863425652	-0.0112054918	0.015593977	-0.1638238228	-0.1310697291	-0.2912540568	-0.0603875932	0.0045725249	-0.0216605204	0.1000025313	0.0040453918	0.06289879	0.0485193065	0.0649366031	-0.0134780841	-0.0019293271	-0.145257099	0.1006681331	-0.1286290156	0.124222529	0.0953050749	0.0604666433	0.0659973364	-0.0927394681	-0.1045477532	0.1186491937	0.100541996	0.1167174423	-0.028986056	0.0831746593	-0.0358070851	-0.0945513256	-0.0281056988	-0.0587186822	0.1289929924	-0.2860811536	-0.106563662	-0.037125326	-0.111645891	-0.058414804	-0.1076689514	0.1076591138	0.0397483769	0.0034393251	-0.1716743395	-0.1250281679	-0.1057531287	-0.0169620525	0.0629456029	0.1164158976	-0.0781150059	0.1786244781	0.1342296387	-0.0490157857	-0.0849361027	0.2131093103	0.1613226599	0.177371258	0.0274447493	0.108608561	0.0663539043	-0.2122335411	0.1361146967	0.0108412111	0.0040160579	0.0434684238	0.1216794722	0.0597984565	-0.0286548596	-0.1531573254	0.1524510324	0.0045282815727318	0.0011444566423931	2.0505334001942383e-05	1.309781006317916e-06	-0.0755362463088857	0.0212953187566427	0.0057057245064366	0.000453490600947	-0.0523938637655163	-0.0379529210981175	0.0027451169602794	0.0014404242198799	-0.0001420358562695	0.0012441528466477	2.0174184466210066e-08	1.5479163058215752e-06	-0.0018464612219974	-0.0011613362011062	3.409419044340132e-06	1.3487017719997804e-06	-0.0005796315778519	-3.765638034069997e-05	3.359727660430832e-07	1.418002980363455e-09	0.0	0.0
984.038789366854	0.5385994550481428	968332.3389785836	0.2900893729781563	1419.823799802546	1.123491164536972	1.2622323967926417	2015899.6224857408	946.0310887296434	0.7762002434528767	0.6024868179363051	894974.8208429945	1038.5123870249756	998.6225899709262	1.456297	26.134914	0.2193716883798758	0.1167351962851443	-0.0682695375	-0.1155560132	-0.0111474686	-0.0797752483	0.047228444	-0.0012664786	-0.0614711596	-0.2215760938	0.0031111266	-0.0097415596	-0.0836876511	-0.0219756437	0.1292624621	-0.2443722746	-0.0751224215	0.024857316	-0.0009962301	-0.0228578588	0.1600144755	0.0676225222	0.159393702	-0.1181067353	0.0434935455	0.176204504	0.0020729732	0.1565113371	-0.099660036	-0.1883740517	-0.2198428058	0.1115886597	0.1042443521	-0.1990762138	0.30492869	0.1266329226	0.1033812719	-0.0851869638	0.0158208567	-0.0028427856	0.0462545785	0.0565051233	0.1185960202	0.1643799083	0.0193489036	0.0847347931	-0.1355639834	-0.2276842891	-0.0393587671	0.0363091091	0.0617064132	-0.1476008488	-0.0510547849	0.0565056059	0.0199526593	-0.090604538	0.1288490785	-0.0812587215	-0.0682285653	0.0249287742	-0.1894257068	0.2444305051	0.1218079729	0.3165373381	-0.1254881755	-0.0623248934	0.0678131167	-0.0617913841	-0.1006076086	-0.0876805939	-0.0450485154	0.3237787177	-0.0679036039	-0.0508212326	0.0542658615	-0.0338779962	0.0142158154	0.073237763	-0.0860761443	-0.0301015253	0.2740684201	0.0557417209	0.0810329698	0.2710200726	0.0946294281	-0.2035283151	-0.0105325538	0.0637536458	-0.153366806	0.1532882396	0.0001709193218601	-0.0043573622508717	2.921341458511645e-08	1.898660578532169e-05	-0.1060785279087923	-0.0305422815999066	0.0112526540832964	0.0009328309653279	-0.0004362751639988	0.0519575886015175	1.9033601872217984e-07	0.0026995910132845	-0.0015258047501354	-0.0013837688938659	2.3280801355357503e-06	1.914816351630857e-06	-0.0007809054518241	0.0010655557701733	6.098133246886017e-07	1.1354090993496146e-06	-0.0007805960323643	-0.0002009644545124	6.093301657428873e-07	4.03867119774665e-08	0.0	0.0
