#!ascii label  , from subject sub-v2s4x29611_ses-1 vox2ras=TkReg
4715
57516  3.702  -21.509  87.461 0.6250000000
56590  3.290  -22.036  87.513 0.6250000000
56575  3.807  -22.115  87.635 0.5000000000
56591  2.783  -22.557  87.350 0.6250000000
58447  4.752  -20.395  87.527 0.5000000000
58452  4.282  -20.727  87.384 0.5000000000
57510  5.771  -21.564  87.752 0.5000000000
57505  5.648  -20.701  87.712 0.5000000000
57506  4.870  -21.076  87.664 0.5000000000
58453  3.966  -20.891  87.319 0.6250000000
148469  6.297  -21.393  87.900 0.5000000000
57511  5.223  -21.845  87.835 0.5000000000
57512  4.355  -21.355  87.574 0.5000000000
57513  3.800  -21.397  87.496 0.5000000000
57517  3.310  -21.414  87.335 0.6250000000
136905  4.444  -21.872  87.714 0.5000000000
140758  2.916  -21.889  87.264 0.6250000000
56625  1.853  -22.551  85.434 0.7500000000
61644  6.416  -18.001  89.264 0.7500000000
61646  5.977  -18.070  89.053 0.7500000000
60563  5.633  -18.491  88.515 0.7500000000
60577  4.874  -18.741  87.942 0.6250000000
60547  8.048  -17.941  89.244 0.7500000000
61643  7.139  -17.959  89.205 0.7500000000
59459  6.330  -18.684  89.029 0.7500000000
146580  6.082  -18.092  89.417 0.7500000000
59461  5.247  -19.256  87.869 0.5000000000
60578  4.574  -18.999  87.427 0.6250000000
60559  7.372  -18.408  89.122 0.7500000000
135077  6.377  -18.634  89.056 0.6250000000
58445  6.253  -19.433  88.204 0.6250000000
59460  5.960  -18.885  88.411 0.7500000000
59478  4.638  -19.707  87.412 0.6250000000
59479  4.268  -20.066  87.154 0.6250000000
58443  7.245  -19.387  88.464 0.6250000000
149975  6.501  -19.526  88.199 0.6250000000
58446  5.525  -19.879  87.744 0.5000000000
58462  3.673  -20.996  87.285 0.6250000000
58451  7.513  -19.923  88.191 0.5000000000
57508  7.177  -20.249  88.243 0.5000000000
57509  6.744  -20.787  88.188 0.5000000000
57504  6.358  -20.389  87.933 0.5000000000
58477  3.007  -20.502  86.874 0.6250000000
58463  3.404  -20.755  87.142 0.6250000000
57507  7.573  -20.758  88.366 0.5000000000
129390  7.056  -21.187  88.339 0.5000000000
128685  2.660  -20.945  86.590 0.6250000000
57526  2.879  -21.307  87.011 0.6250000000
135855  2.324  -21.104  85.923 0.6250000000
57534  2.446  -21.493  86.541 0.6250000000
128791  2.437  -22.148  86.850 0.6250000000
57550  2.113  -21.344  84.305 0.6250000000
57543  1.992  -21.697  85.223 0.6250000000
127020  2.081  -21.953  86.086 0.7500000000
56641  2.085  -22.142  83.658 0.6250000000
56636  1.881  -22.287  84.526 0.7500000000
56612  1.952  -22.782  86.304 0.7500000000
56602  2.321  -23.092  86.969 0.7500000000
129527  6.371  -17.526  89.205 0.7500000000
144040  6.099  -17.517  89.118 0.7500000000
61656  5.536  -17.693  88.617 0.7500000000
61647  5.176  -18.132  88.379 0.7500000000
61634  7.781  -17.365  89.300 0.7500000000
62717  6.818  -16.935  89.096 0.7500000000
63706  6.738  -16.623  88.877 0.7500000000
63717  5.940  -16.714  88.185 0.8750000000
62731  4.637  -17.201  87.583 0.7500000000
61658  4.498  -18.222  87.749 0.6250000000
131996  4.294  -19.481  87.033 0.6250000000
61633  8.756  -17.373  89.318 0.7500000000
62706  8.414  -16.732  89.405 0.7500000000
61687  3.951  -17.506  86.408 0.6250000000
60600  4.126  -18.451  86.863 0.6250000000
60558  8.219  -18.379  89.047 0.7500000000
61693  3.401  -17.774  85.600 0.6250000000
145621  3.418  -18.413  86.363 0.6250000000
60601  3.652  -18.987  86.626 0.6250000000
58442  7.743  -19.315  88.481 0.7500000000
61697  3.342  -17.679  84.801 0.6250000000
60622  2.982  -18.286  85.140 0.6250000000
137609  3.038  -18.968  86.267 0.6250000000
59512  3.067  -19.729  86.581 0.6250000000
58450  7.976  -19.940  87.995 0.5000000000
140805  2.957  -18.265  84.190 0.6250000000
134084  2.672  -19.003  84.621 0.6250000000
58502  2.396  -20.368  85.501 0.6250000000
59547  2.549  -19.806  84.164 0.6250000000
58514  2.311  -20.460  84.641 0.6250000000
57562  2.807  -21.360  82.479 0.6250000000
58540  2.813  -20.662  82.963 0.6250000000
143385  2.888  -21.255  81.648 0.6250000000
137922  2.512  -22.127  82.824 0.6250000000
137921  2.760  -22.044  81.961 0.5000000000
56666  2.464  -22.817  82.298 0.6250000000
131518  2.797  -23.598  80.998 0.5000000000
54617  2.653  -24.955  80.870 0.5000000000
127944  2.413  -25.325  81.318 0.5000000000
64665  12.307  -15.130  90.089 0.7500000000
64669  11.776  -14.893  89.702 0.7500000000
133942  10.948  -15.114  89.384 0.7500000000
64664  13.023  -15.116  90.832 0.7500000000
63688  11.499  -15.520  89.645 0.7500000000
64671  9.163  -15.211  89.385 0.7500000000
64684  8.523  -14.889  89.096 0.8750000000
64700  8.170  -14.974  88.457 0.8750000000
64708  7.233  -15.205  87.567 0.7500000000
65708  7.517  -14.619  87.421 0.7500000000
64663  13.512  -14.891  91.689 0.7500000000
63682  13.304  -15.693  90.704 0.7500000000
63683  12.470  -15.650  90.145 0.7500000000
131877  10.675  -16.808  89.507 0.8750000000
138537  10.023  -16.301  89.450 0.8750000000
63689  10.224  -15.609  89.367 0.7500000000
63691  8.099  -16.187  89.364 0.8750000000
63705  7.459  -16.192  89.067 0.8750000000
63716  6.612  -16.404  88.385 0.7500000000
64709  6.610  -15.383  87.275 0.8750000000
147026  10.773  -17.583  89.295 0.8750000000
60545  10.045  -17.739  89.224 0.7500000000
61632  9.836  -17.391  89.345 0.7500000000
139491  9.439  -16.806  89.429 0.7500000000
64722  5.028  -15.892  85.470 0.8750000000
64715  5.178  -15.991  86.456 0.8750000000
59454  10.269  -17.892  89.088 0.7500000000
60546  9.029  -17.863  89.156 0.7500000000
63750  4.219  -16.640  83.871 0.7500000000
63737  4.382  -16.781  85.595 0.8750000000
59495  9.955  -18.511  88.128 0.6250000000
59475  9.667  -18.314  88.632 0.6250000000
59456  8.254  -18.766  88.762 0.6250000000
142566  3.911  -16.822  83.508 0.7500000000
63744  4.330  -16.732  84.700 0.7500000000
58460  9.369  -19.150  87.553 0.6250000000
58448  9.106  -18.802  88.079 0.6250000000
58449  8.497  -19.202  88.138 0.5000000000
61712  3.077  -17.567  81.622 0.7500000000
61700  3.295  -17.492  83.822 0.7500000000
58476  9.633  -19.595  87.154 0.6250000000
141010  8.566  -20.653  87.747 0.5000000000
60658  2.778  -18.602  81.234 0.6250000000
60650  2.783  -19.384  82.740 0.6250000000
134431  2.767  -19.085  83.570 0.6250000000
57524  9.565  -20.493  86.838 0.6250000000
57514  9.084  -20.104  87.314 0.6250000000
56587  8.465  -21.589  87.615 0.5000000000
145023  2.798  -19.643  80.556 0.6250000000
59566  2.805  -19.683  81.969 0.6250000000
59554  2.717  -19.937  83.314 0.6250000000
56600  8.887  -22.042  86.919 0.3750000000
56601  8.205  -22.382  87.308 0.3750000000
58572  2.997  -20.450  80.183 0.5000000000
57596  3.199  -21.330  79.873 0.5000000000
57575  3.046  -21.850  81.057 0.5000000000
129963  3.884  -22.770  78.583 0.5000000000
55708  3.362  -23.022  79.908 0.5000000000
56697  3.121  -22.716  80.532 0.5000000000
55724  3.814  -23.551  78.952 0.5000000000
54635  3.127  -24.393  80.005 0.5000000000
131634  3.785  -25.167  79.339 0.5000000000
53643  5.372  -25.101  78.246 0.5000000000
65660  13.881  -13.629  91.545 0.7500000000
65718  6.602  -14.818  86.825 0.7500000000
64662  13.834  -14.675  92.138 0.7500000000
62699  12.693  -16.177  90.078 0.8750000000
65726  5.754  -15.133  85.985 1.0000000000
65719  6.122  -15.100  86.453 0.7500000000
62698  13.816  -15.841  91.208 0.6250000000
61624  12.956  -16.371  89.999 0.7500000000
62704  11.914  -16.767  89.633 0.7500000000
144906  5.915  -14.776  83.943 0.8750000000
65735  5.269  -15.671  84.914 0.8750000000
60557  11.901  -17.228  89.213 0.7500000000
65761  5.842  -15.309  82.787 0.8750000000
136514  5.561  -15.354  83.916 0.7500000000
60576  11.471  -17.631  89.015 0.8750000000
63761  4.421  -16.422  81.403 0.7500000000
146415  4.405  -16.346  82.833 0.7500000000
59494  10.846  -18.289  88.118 0.6250000000
63770  4.482  -16.471  80.477 0.7500000000
63755  4.369  -16.346  82.189 0.7500000000
58475  10.170  -19.493  86.945 0.6250000000
63771  4.127  -17.101  80.304 0.8750000000
61720  2.924  -18.058  80.884 0.7500000000
60686  3.104  -18.994  78.962 0.5000000000
61728  3.034  -18.302  80.076 0.6250000000
57523  10.095  -20.105  86.320 0.6250000000
59593  3.287  -19.651  78.740 0.5000000000
58584  2.993  -20.055  79.369 0.6250000000
56709  3.573  -21.981  78.939 0.6250000000
57606  3.327  -21.453  79.372 0.5000000000
130888  4.080  -23.429  78.151 0.6250000000
54653  3.971  -24.039  78.690 0.6250000000
55723  4.679  -23.820  77.748 0.5000000000
130218  5.176  -24.454  77.871 0.5000000000
149590  4.186  -24.106  78.338 0.5000000000
64660  14.738  -14.323  91.799 0.6250000000
65654  14.052  -13.948  92.055 0.7500000000
63680  14.432  -15.073  91.980 0.7500000000
64658  13.765  -15.249  92.002 0.7500000000
62692  14.935  -15.759  91.401 0.6250000000
62694  14.001  -15.876  91.484 0.6250000000
135140  13.468  -16.053  90.471 0.7500000000
65745  7.216  -14.433  83.408 1.0000000000
66692  6.992  -14.566  84.684 1.0000000000
60536  14.550  -16.517  90.456 0.7500000000
61628  14.091  -16.414  90.218 0.7500000000
61623  13.836  -16.191  90.553 0.7500000000
65771  6.585  -15.050  82.034 1.0000000000
60540  14.669  -16.660  90.169 0.7500000000
60541  14.284  -16.554  90.021 0.7500000000
60556  12.880  -16.880  89.164 0.7500000000
131605  4.758  -16.262  79.633 1.0000000000
64764  5.311  -15.707  80.826 1.0000000000
60575  12.341  -17.414  88.784 0.7500000000
63768  5.670  -16.057  79.441 1.0000000000
62771  4.369  -16.852  79.766 0.8750000000
59493  11.823  -18.032  88.075 0.6250000000
61752  4.468  -18.080  78.055 1.0000000000
62779  4.116  -17.837  78.887 0.7500000000
59511  11.015  -18.712  87.358 0.6250000000
61764  4.438  -18.735  77.662 1.0000000000
61753  4.242  -18.468  78.325 0.8750000000
147576  10.696  -19.337  86.683 0.6250000000
148140  4.462  -19.208  77.340 0.6250000000
143663  4.205  -20.685  78.200 0.6250000000
58488  10.806  -19.576  85.970 0.6250000000
58604  4.630  -20.632  76.951 0.6250000000
57632  4.512  -20.977  77.618 0.6250000000
58500  11.215  -19.309  85.143 0.6250000000
56736  4.745  -22.097  76.810 0.6250000000
56720  4.316  -22.544  77.864 0.6250000000
55741  4.687  -22.897  77.370 0.6250000000
55740  5.306  -23.234  76.845 0.5000000000
54719  6.198  -24.399  74.618 0.5000000000
54690  6.370  -24.554  76.547 0.5000000000
54689  6.729  -24.946  75.722 0.5000000000
54704  6.638  -24.989  74.891 0.5000000000
51669  6.251  -27.032  74.800 0.5000000000
65657  16.200  -13.409  90.626 0.6250000000
65658  15.663  -13.497  91.107 0.6250000000
64666  16.509  -14.344  90.343 0.6250000000
64667  16.016  -14.339  90.847 0.6250000000
127316  15.132  -15.064  91.492 0.6250000000
127463  6.988  -14.689  82.157 0.8750000000
64682  16.809  -14.374  89.668 0.6250000000
63687  16.394  -15.201  90.610 0.6250000000
131379  15.568  -15.748  91.253 0.5000000000
62695  15.253  -16.368  91.011 0.6250000000
65784  7.544  -14.819  81.346 0.8750000000
65786  6.301  -15.279  81.400 1.0000000000
63703  16.834  -15.184  89.896 0.5000000000
63686  16.681  -15.865  90.181 0.5000000000
62703  16.325  -16.403  90.241 0.5000000000
60534  15.308  -16.704  90.275 0.6250000000
60554  14.401  -16.767  89.736 0.7500000000
60555  13.849  -16.691  89.575 0.7500000000
64783  6.083  -16.026  79.787 1.0000000000
64777  5.376  -15.798  80.248 1.0000000000
59451  15.289  -17.254  89.143 0.7500000000
59452  14.709  -17.142  89.218 0.7500000000
151012  12.879  -17.340  88.661 0.7500000000
147088  6.142  -16.340  78.973 1.0000000000
59471  14.394  -17.382  88.670 0.7500000000
138223  13.982  -17.652  88.082 0.6250000000
62809  4.758  -17.660  77.551 1.0000000000
59509  13.465  -18.004  87.299 0.6250000000
59510  12.179  -18.231  87.397 0.6250000000
62823  5.324  -17.587  76.399 1.0000000000
126666  12.487  -18.417  86.668 0.6250000000
59524  11.448  -18.836  86.716 0.6250000000
61793  4.770  -18.653  75.522 0.8750000000
60715  4.546  -19.255  75.934 1.0000000000
59523  11.728  -18.829  85.977 0.6250000000
59622  4.587  -20.080  75.837 0.7500000000
57541  10.987  -20.170  84.272 0.6250000000
58612  4.546  -20.707  76.128 0.5000000000
56745  4.862  -21.802  75.759 0.5000000000
56735  5.046  -22.590  76.518 0.5000000000
55752  6.020  -23.592  74.968 0.5000000000
53705  5.973  -25.265  74.198 0.5000000000
52707  6.110  -26.332  74.392 0.5000000000
51670  5.469  -27.174  74.280 0.3750000000
64707  17.602  -14.677  87.902 0.5000000000
64698  17.097  -14.565  88.751 0.6250000000
65687  16.892  -13.320  89.524 0.6250000000
65782  9.314  -14.601  81.430 0.8750000000
64697  17.825  -15.120  88.154 0.5000000000
63702  17.471  -15.244  88.920 0.5000000000
64774  7.491  -15.766  80.145 1.0000000000
64681  18.751  -15.347  88.154 0.5000000000
63685  17.260  -15.755  89.346 0.5000000000
61627  16.140  -16.634  90.108 0.5000000000
128576  7.689  -16.589  78.509 0.8750000000
63778  6.958  -16.562  78.692 1.0000000000
133770  19.277  -15.671  88.249 0.5000000000
62701  17.836  -15.744  88.880 0.5000000000
62702  17.056  -16.315  89.531 0.5000000000
129634  16.205  -16.930  89.663 0.5000000000
133973  15.541  -17.124  89.418 0.7500000000
59470  15.200  -17.448  88.682 0.7500000000
63791  7.396  -16.550  77.716 1.0000000000
63792  6.593  -16.612  78.063 1.0000000000
62716  18.592  -16.002  88.532 0.3750000000
150504  17.388  -17.139  89.022 0.5000000000
60537  16.793  -17.149  89.230 0.3750000000
132975  16.491  -17.507  88.615 0.5000000000
59491  16.185  -17.616  88.110 0.5000000000
59492  14.907  -17.604  88.178 0.6250000000
62806  6.980  -16.579  76.525 1.0000000000
62822  5.831  -17.125  76.131 1.0000000000
59508  14.594  -17.826  87.537 0.6250000000
59522  13.477  -18.424  86.404 0.6250000000
62821  6.520  -16.795  75.960 1.0000000000
61779  5.029  -18.137  75.955 1.0000000000
59537  12.194  -18.800  85.253 0.6250000000
59634  4.864  -19.756  75.152 0.7500000000
59546  12.696  -18.949  84.675 0.6250000000
132321  4.903  -20.925  75.312 0.5000000000
150846  5.074  -20.460  74.919 0.6250000000
57641  4.836  -21.428  75.607 0.5000000000
56756  5.006  -22.660  74.232 0.5000000000
131068  5.020  -22.115  75.002 0.5000000000
55767  5.419  -23.173  74.556 0.5000000000
55768  4.815  -23.440  73.929 0.5000000000
56767  4.701  -23.328  73.421 0.5000000000
54720  5.330  -24.152  74.102 0.5000000000
54721  4.837  -24.331  73.571 0.5000000000
53706  5.264  -25.212  73.665 0.5000000000
54733  4.754  -24.532  73.039 0.3750000000
52708  5.460  -26.246  73.907 0.5000000000
53707  5.149  -25.229  73.183 0.3750000000
52719  4.739  -26.174  72.536 0.3750000000
52720  4.359  -26.177  72.118 0.3750000000
53749  4.040  -25.343  71.352 0.3750000000
65768  9.845  -14.397  82.034 0.8750000000
64772  9.428  -15.290  80.181 0.8750000000
64758  9.786  -14.819  80.835 0.8750000000
66650  23.038  -13.433  86.459 0.3750000000
66661  22.770  -13.242  85.976 0.3750000000
66652  21.210  -13.729  86.315 0.3750000000
65721  20.028  -14.055  86.327 0.3750000000
65704  19.296  -14.612  87.503 0.3750000000
63767  8.164  -16.064  79.668 0.8750000000
66638  23.985  -13.220  86.862 0.2500000000
66639  23.268  -13.540  86.813 0.2500000000
66640  22.372  -13.868  86.768 0.3750000000
65702  21.670  -14.325  87.128 0.2500000000
65703  20.483  -14.563  87.251 0.2500000000
134532  19.611  -15.132  87.806 0.5000000000
139346  9.025  -16.412  78.606 0.8750000000
63776  8.309  -16.430  78.956 0.8750000000
65700  23.455  -13.692  87.197 0.2500000000
65683  22.929  -14.208  87.572 0.2500000000
65684  22.089  -14.500  87.516 0.2500000000
64694  21.568  -14.908  87.848 0.2500000000
64680  19.973  -15.388  87.927 0.3750000000
63790  8.405  -16.542  77.952 0.8750000000
65682  23.674  -14.018  87.610 0.2500000000
141827  23.079  -15.560  88.171 0.2500000000
64693  22.465  -14.699  87.953 0.2500000000
64678  22.007  -15.144  88.180 0.2500000000
62714  20.863  -16.068  88.196 0.3750000000
130592  20.146  -16.444  88.141 0.5000000000
61641  19.275  -16.893  88.137 0.5000000000
60573  17.699  -17.470  88.105 0.5000000000
59467  17.148  -17.725  88.219 0.5000000000
145359  16.495  -17.654  87.636 0.5000000000
126575  16.044  -17.713  87.582 0.5000000000
59507  15.299  -18.093  87.017 0.5000000000
62789  8.107  -16.450  77.059 1.0000000000
61655  20.667  -16.906  87.875 0.3750000000
60571  20.100  -17.188  87.604 0.5000000000
59466  18.734  -17.498  87.405 0.5000000000
131550  17.835  -17.595  87.657 0.5000000000
59506  17.183  -17.802  87.230 0.5000000000
58474  16.770  -17.896  87.121 0.5000000000
59520  15.505  -18.654  86.132 0.3750000000
144650  14.921  -18.473  86.544 0.6250000000
127189  14.384  -18.262  86.841 0.6250000000
142806  7.251  -16.709  75.874 1.0000000000
150604  17.928  -17.849  87.084 0.5000000000
58472  18.190  -18.675  86.339 0.5000000000
58473  17.451  -18.457  86.543 0.5000000000
146957  16.571  -18.754  85.821 0.3750000000
59534  15.018  -18.927  85.284 0.5000000000
59521  14.411  -18.699  86.022 0.6250000000
59536  13.331  -18.780  85.456 0.6250000000
61776  7.191  -17.197  75.266 1.0000000000
135422  13.519  -19.015  84.528 0.6250000000
60730  5.013  -18.705  74.703 0.8750000000
59545  13.777  -19.156  83.626 0.6250000000
58512  12.581  -19.208  83.728 0.6250000000
148390  4.999  -19.369  74.476 0.8750000000
126541  5.042  -20.062  74.319 0.7500000000
57651  5.056  -21.245  74.412 0.5000000000
57663  4.938  -22.144  73.647 0.5000000000
57673  5.043  -21.975  72.826 0.6250000000
126840  4.489  -23.349  72.623 0.6250000000
56780  4.299  -23.101  71.866 0.5000000000
54746  4.242  -24.456  71.909 0.3750000000
128589  3.736  -23.905  71.366 0.3750000000
54770  3.552  -24.074  70.995 0.5000000000
128889  3.537  -24.290  70.241 0.3750000000
53721  4.483  -25.217  72.191 0.3750000000
53736  4.249  -25.241  71.748 0.3750000000
54757  3.932  -24.459  71.439 0.3750000000
53762  3.700  -24.787  70.878 0.3750000000
53777  3.776  -25.320  69.951 0.2500000000
66636  25.176  -12.549  87.113 0.2500000000
67544  25.083  -12.380  86.693 0.2500000000
66648  24.478  -12.748  86.572 0.3750000000
142814  10.309  -14.999  80.202 0.8750000000
65781  10.215  -14.421  81.395 0.8750000000
65698  24.776  -13.110  87.420 0.2500000000
66637  24.581  -12.860  86.977 0.2500000000
64691  24.907  -14.351  88.011 0.2500000000
65699  24.140  -13.413  87.281 0.2500000000
63774  10.628  -15.674  78.903 0.8750000000
64771  10.852  -15.057  79.441 0.8750000000
130870  25.548  -14.467  87.875 0.2500000000
65681  24.433  -13.809  87.722 0.2500000000
63789  9.385  -16.445  77.864 0.8750000000
132816  10.803  -15.925  78.134 0.8750000000
128947  25.752  -14.690  87.518 0.2500000000
62726  24.840  -15.185  87.683 0.3750000000
63697  24.372  -14.986  88.086 0.2500000000
62712  22.779  -16.012  88.129 0.3750000000
146879  21.475  -16.866  87.999 0.3750000000
61640  21.256  -16.581  88.081 0.3750000000
62788  8.990  -16.386  77.115 1.0000000000
63788  10.181  -16.229  77.637 0.8750000000
62725  25.723  -14.951  87.237 0.3750000000
62738  24.704  -15.403  87.197 0.5000000000
126226  23.953  -15.929  86.779 0.6250000000
61665  23.742  -15.905  87.366 0.5000000000
61666  22.684  -16.698  87.162 0.5000000000
136656  21.848  -17.387  87.069 0.5000000000
60587  21.332  -17.440  87.244 0.5000000000
59487  19.642  -17.616  86.915 0.5000000000
59488  18.662  -17.733  86.854 0.5000000000
62804  8.700  -16.422  76.287 1.0000000000
148363  9.685  -16.321  77.174 1.0000000000
61686  24.073  -15.892  86.133 0.7500000000
61676  23.582  -16.217  86.698 0.3750000000
150836  22.874  -16.771  86.643 0.5000000000
60597  22.581  -16.918  86.771 0.5000000000
60599  21.390  -17.598  86.807 0.6250000000
59503  20.097  -18.115  86.295 0.6250000000
58471  18.946  -18.781  86.206 0.6250000000
58496  18.032  -19.334  85.449 0.6250000000
143340  16.818  -18.935  85.116 0.3750000000
58498  16.010  -18.845  85.229 0.3750000000
145495  14.161  -18.955  85.179 0.6250000000
61790  6.734  -17.808  74.761 1.0000000000
62818  9.255  -16.680  75.509 1.0000000000
60620  23.081  -16.783  85.397 0.5000000000
60610  22.281  -17.222  86.259 0.6250000000
59517  21.626  -17.552  85.917 0.6250000000
131840  20.555  -18.399  85.590 0.6250000000
59533  19.953  -18.852  85.683 0.6250000000
134085  17.849  -19.368  84.872 0.6250000000
58497  17.200  -19.166  84.646 0.6250000000
127522  16.432  -19.037  84.486 0.3750000000
58499  15.484  -19.027  84.458 0.5000000000
60728  6.267  -18.213  74.102 1.0000000000
61789  7.707  -17.860  74.664 1.0000000000
58507  19.095  -19.022  84.362 0.6250000000
58508  18.257  -19.018  84.122 0.6250000000
127679  17.455  -19.113  84.049 0.5000000000
58510  15.868  -19.064  83.679 0.3750000000
59535  14.487  -19.043  84.457 0.5000000000
60741  5.914  -18.655  73.477 0.8750000000
60739  7.862  -19.120  73.764 0.8750000000
59646  8.407  -19.654  73.140 0.8750000000
58521  16.949  -18.858  83.147 0.5000000000
58523  15.164  -19.161  82.802 0.5000000000
58511  14.856  -19.162  83.618 0.5000000000
149345  5.175  -20.407  73.570 0.7500000000
59667  6.106  -20.000  72.498 0.7500000000
59665  8.174  -20.272  72.508 0.8750000000
58649  7.893  -20.905  71.747 0.8750000000
58665  8.047  -21.207  70.802 0.7500000000
134232  15.884  -18.748  81.871 0.2500000000
58537  15.267  -19.061  81.919 0.3750000000
58635  5.105  -21.467  73.590 0.6250000000
59668  5.475  -20.174  72.749 0.7500000000
58651  5.711  -20.751  72.030 0.7500000000
141038  7.281  -21.216  71.126 0.7500000000
57699  7.473  -21.165  69.467 0.6250000000
57712  6.000  -21.487  69.086 0.6250000000
58548  15.334  -19.043  81.006 0.3750000000
58634  5.323  -21.153  73.048 0.7500000000
57687  5.094  -21.429  71.520 0.6250000000
57703  4.774  -21.640  70.829 0.6250000000
127513  5.375  -21.644  69.689 0.6250000000
57725  4.981  -21.888  68.017 0.6250000000
58653  5.112  -21.668  72.152 0.6250000000
143491  4.610  -22.005  70.992 0.6250000000
134840  4.453  -22.105  70.301 0.6250000000
127931  4.695  -21.877  70.013 0.6250000000
151220  4.470  -22.207  69.187 0.6250000000
57726  4.560  -22.272  67.767 0.6250000000
145926  4.372  -22.516  71.331 0.6250000000
57704  4.180  -22.476  70.680 0.6250000000
56809  4.223  -22.919  69.528 0.5000000000
56808  4.488  -22.579  68.742 0.5000000000
56817  4.284  -22.517  67.359 0.5000000000
56791  3.904  -22.991  71.146 0.6250000000
56801  3.939  -22.909  70.445 0.6250000000
55832  3.684  -23.486  70.088 0.5000000000
147643  3.961  -23.435  69.099 0.3750000000
56818  4.234  -23.063  68.172 0.5000000000
53792  3.672  -25.062  68.786 0.2500000000
53808  3.745  -24.923  67.786 0.2500000000
127412  3.920  -25.600  68.059 0.2500000000
67555  25.599  -11.884  86.445 0.2500000000
67543  25.672  -12.017  86.867 0.2500000000
65795  12.056  -14.016  79.796 0.7500000000
67542  26.419  -11.908  86.841 0.2500000000
133732  25.831  -12.366  87.242 0.2500000000
64770  11.680  -14.645  79.284 0.8750000000
64781  11.420  -15.292  78.558 0.8750000000
65679  26.681  -13.542  87.532 0.1250000000
132031  25.787  -13.883  87.829 0.2500000000
63787  11.493  -15.665  77.692 0.8750000000
63806  10.939  -15.968  77.072 0.8750000000
62802  10.594  -16.326  76.247 0.8750000000
62801  11.423  -16.048  76.129 0.8750000000
62737  26.278  -14.988  86.615 0.6250000000
61664  25.041  -15.392  86.561 0.6250000000
147353  24.276  -15.744  86.531 0.6250000000
128815  10.187  -16.694  75.519 0.8750000000
62817  11.140  -16.613  75.448 0.8750000000
62833  11.718  -16.846  74.547 0.7500000000
61785  11.147  -17.399  73.954 0.7500000000
61802  11.262  -17.386  73.250 0.7500000000
62860  11.156  -17.032  72.602 0.7500000000
61674  26.299  -15.090  86.091 0.7500000000
61675  25.392  -15.381  85.904 0.7500000000
60596  23.302  -16.534  86.356 0.7500000000
61773  9.776  -17.182  74.839 0.8750000000
61786  10.287  -17.664  74.143 0.7500000000
61803  10.636  -17.868  73.396 0.7500000000
61813  10.700  -17.749  72.807 0.7500000000
61814  9.837  -18.058  72.439 0.7500000000
60618  24.436  -16.136  84.876 0.6250000000
134477  23.246  -16.695  85.888 0.6250000000
60621  22.328  -17.179  85.644 0.5000000000
59531  20.806  -18.270  84.951 0.5000000000
61787  9.387  -17.833  74.343 0.8750000000
60724  9.783  -18.329  73.594 0.7500000000
60737  9.619  -18.976  73.006 0.7500000000
60751  9.727  -18.820  72.539 0.7500000000
60760  9.447  -18.845  71.845 0.7500000000
139870  8.835  -18.303  71.393 0.7500000000
129021  22.608  -17.038  84.330 0.6250000000
59542  21.876  -17.405  84.331 0.5000000000
59543  21.101  -17.980  84.245 0.5000000000
59544  20.335  -18.550  84.192 0.5000000000
58519  18.910  -18.767  83.595 0.6250000000
60738  8.670  -19.114  73.684 0.8750000000
59645  9.094  -19.447  73.053 0.8750000000
59663  9.370  -19.540  72.367 0.8750000000
59683  9.181  -19.809  71.677 0.8750000000
60761  8.790  -19.062  71.193 0.8750000000
60772  8.303  -19.207  70.626 0.8750000000
58533  18.795  -18.477  82.776 0.3750000000
144734  18.314  -18.644  83.154 0.5000000000
58536  16.474  -18.701  82.301 0.3750000000
59664  8.891  -20.036  72.487 0.8750000000
59698  8.592  -19.914  70.993 0.8750000000
59699  8.194  -19.980  69.977 0.8750000000
59700  7.426  -19.369  69.478 0.8750000000
150807  17.862  -18.592  82.517 0.6250000000
58535  17.127  -18.639  82.175 0.3750000000
58676  7.986  -20.906  69.724 0.7500000000
58689  7.348  -20.850  68.886 0.7500000000
144337  6.962  -19.686  68.807 0.7500000000
57569  17.010  -19.152  80.050 0.2500000000
58546  16.871  -18.782  81.020 0.3750000000
57723  6.511  -21.025  68.591 0.6250000000
145374  6.041  -20.658  67.865 0.6250000000
57738  4.659  -21.596  67.112 0.6250000000
57739  4.136  -21.925  66.772 0.5000000000
56829  3.643  -22.130  66.338 0.3750000000
56830  3.920  -22.802  66.873 0.3750000000
54801  3.972  -24.561  67.041 0.1250000000
53818  4.603  -25.033  66.892 0.1250000000
66635  26.605  -12.387  87.130 0.1250000000
66622  26.863  -12.894  87.338 0.1250000000
64690  26.520  -14.237  87.504 0.2500000000
64780  12.753  -14.415  78.197 0.7500000000
63721  26.968  -14.738  86.795 0.3750000000
151148  26.337  -14.725  87.174 0.2500000000
64788  12.159  -15.044  77.721 0.8750000000
150378  12.144  -15.800  75.962 0.8750000000
61673  27.653  -15.177  86.298 0.5000000000
63821  12.830  -15.753  75.309 0.8750000000
62832  12.458  -16.306  74.662 0.8750000000
62846  12.328  -16.461  73.812 0.8750000000
62859  11.700  -16.738  73.171 0.7500000000
126905  27.370  -15.295  85.713 0.7500000000
61692  25.256  -15.671  85.077 0.6250000000
63848  12.089  -15.940  72.979 0.7500000000
63860  11.364  -16.133  72.596 0.7500000000
60629  24.190  -16.413  84.460 0.6250000000
60630  23.313  -16.711  84.621 0.6250000000
60763  7.106  -18.126  70.792 0.7500000000
62880  9.554  -17.256  72.028 0.7500000000
60637  25.842  -16.439  83.427 0.6250000000
60628  25.166  -16.091  84.140 0.6250000000
141819  23.972  -16.594  83.949 0.6250000000
60640  22.309  -17.304  83.744 0.6250000000
59551  21.528  -17.756  83.604 0.5000000000
59552  20.717  -18.121  83.413 0.5000000000
58532  19.425  -18.468  83.178 0.5000000000
60774  6.823  -18.623  70.059 0.7500000000
60773  7.706  -18.846  70.213 0.8750000000
60646  23.729  -16.865  83.144 0.6250000000
60647  22.900  -17.236  82.594 0.5000000000
60648  22.063  -17.593  82.979 0.5000000000
60649  21.298  -17.882  82.996 0.5000000000
59559  19.995  -18.141  82.835 0.5000000000
58534  18.288  -18.508  82.371 0.5000000000
60782  5.422  -18.837  69.359 0.7500000000
59718  6.498  -19.007  69.313 0.8750000000
58558  19.035  -18.151  81.206 0.5000000000
126301  17.734  -18.622  81.341 0.6250000000
59720  5.152  -19.063  68.442 0.7500000000
59719  6.169  -19.314  68.491 0.7500000000
59733  4.903  -19.291  67.572 0.6250000000
58718  5.431  -20.091  67.333 0.6250000000
57583  17.216  -19.918  78.959 0.2500000000
152079  4.070  -19.533  66.447 0.5000000000
57751  4.256  -21.203  66.558 0.3750000000
58729  4.131  -20.381  66.324 0.3750000000
142163  3.582  -21.805  64.606 0.1250000000
57762  3.362  -21.717  65.404 0.1250000000
56838  3.382  -22.133  65.736 0.3750000000
55870  3.576  -22.731  65.699 0.1250000000
55855  3.719  -23.147  66.359 0.2500000000
56864  4.374  -22.440  64.482 0.1250000000
55854  3.842  -23.539  66.006 0.1250000000
54816  4.126  -24.212  66.383 0.1250000000
65668  28.370  -13.939  87.370 0.2500000000
65678  27.692  -13.238  87.308 0.1250000000
64688  28.605  -15.073  87.114 0.5000000000
64787  13.011  -14.594  77.350 0.7500000000
61663  28.952  -15.691  86.659 0.5000000000
62736  28.011  -15.248  86.707 0.5000000000
144689  12.578  -15.079  76.936 0.7500000000
64791  13.194  -14.742  76.499 0.8750000000
141979  14.188  -13.727  75.336 0.7500000000
64797  13.881  -14.174  74.547 0.7500000000
61682  29.032  -16.034  85.820 0.5000000000
145123  28.611  -15.668  86.181 0.5000000000
63804  13.313  -14.957  75.676 0.8750000000
64805  13.231  -14.969  73.326 0.8750000000
64806  12.315  -14.849  72.823 0.8750000000
60606  29.765  -17.154  85.643 0.6250000000
60607  28.862  -16.323  85.229 0.6250000000
61683  27.904  -15.682  85.352 0.7500000000
61684  26.398  -15.370  85.258 0.6250000000
63861  10.469  -16.078  72.200 0.7500000000
59541  30.266  -18.157  83.957 0.6250000000
60625  29.529  -17.162  84.179 0.7500000000
60616  28.693  -16.392  84.632 0.7500000000
61696  27.365  -15.970  84.351 0.7500000000
60617  25.789  -15.719  84.457 0.6250000000
63873  8.444  -16.113  71.833 0.7500000000
139799  30.997  -20.683  82.956 0.7500000000
58506  30.539  -19.081  83.721 0.7500000000
133016  30.272  -18.439  83.258 0.7500000000
60634  29.660  -17.491  83.340 0.8750000000
60626  28.542  -16.404  84.021 0.7500000000
60627  26.492  -16.105  83.866 0.6250000000
60638  24.787  -16.586  83.304 0.6250000000
61830  5.515  -17.639  71.543 0.8750000000
138650  6.878  -17.015  71.935 0.8750000000
58530  30.641  -20.087  82.779 0.7500000000
59549  30.100  -18.533  82.521 0.7500000000
59550  29.454  -17.559  82.642 0.7500000000
60635  28.323  -16.959  83.030 0.7500000000
60645  27.044  -16.846  82.636 0.7500000000
61703  25.758  -16.793  82.647 0.6250000000
61704  24.718  -16.846  82.482 0.6250000000
61705  23.789  -17.001  82.162 0.6250000000
60655  22.955  -17.183  81.707 0.5000000000
133540  22.121  -17.480  82.097 0.5000000000
59564  20.444  -17.733  81.309 0.5000000000
59565  19.815  -17.846  81.911 0.5000000000
136078  3.497  -17.974  68.862 0.6250000000
60784  3.701  -18.191  69.238 0.7500000000
56639  31.302  -21.274  82.833 0.7500000000
57567  30.796  -20.833  81.381 0.7500000000
58531  30.314  -19.714  82.196 0.7500000000
59557  29.524  -17.836  81.952 0.7500000000
60653  28.628  -17.499  81.483 0.6250000000
139512  27.529  -17.185  81.937 0.8750000000
61708  25.582  -16.948  81.820 0.6250000000
61709  24.617  -16.920  81.605 0.6250000000
61710  23.753  -16.946  81.315 0.5000000000
60656  22.107  -17.288  81.082 0.3750000000
60664  21.054  -17.533  80.638 0.5000000000
127400  18.281  -18.518  80.669 0.5000000000
60799  3.392  -18.104  67.659 0.5000000000
60792  3.649  -18.265  68.469 0.5000000000
56658  31.027  -21.286  81.091 0.6250000000
56644  31.183  -21.146  82.112 0.7500000000
133970  28.322  -17.383  80.828 0.5000000000
60662  27.446  -17.138  80.595 0.6250000000
61715  25.412  -16.967  80.979 0.5000000000
146532  24.465  -16.795  80.815 0.5000000000
61711  23.054  -17.100  80.980 0.5000000000
59570  20.034  -17.720  80.063 0.5000000000
59571  19.138  -18.011  80.119 0.3750000000
58559  18.090  -18.835  79.436 0.2500000000
60807  3.054  -17.941  66.971 0.5000000000
59734  3.999  -18.766  67.691 0.6250000000
60671  21.316  -16.796  78.890 0.2500000000
60672  20.720  -17.394  79.481 0.3750000000
58570  18.587  -18.496  79.151 0.3750000000
61951  4.376  -17.272  63.517 0.1250000000
134441  3.295  -17.631  64.821 0.3750000000
60816  3.088  -17.867  65.615 0.3750000000
137396  3.470  -18.564  66.478 0.2500000000
60685  20.484  -17.471  78.243 0.2500000000
59580  19.954  -17.686  78.814 0.2500000000
60847  4.475  -17.961  63.161 0.1250000000
60830  4.137  -18.609  63.570 0.3750000000
59782  3.664  -19.751  65.117 0.2500000000
59773  3.709  -20.161  65.599 0.3750000000
60844  6.944  -17.949  62.506 0.1250000000
60845  5.927  -18.223  62.543 0.1250000000
150598  5.234  -18.838  62.778 0.1250000000
59798  4.299  -19.589  63.469 0.1250000000
58748  3.487  -20.642  65.132 0.1250000000
58739  3.498  -21.113  65.431 0.2500000000
59813  6.571  -18.940  62.762 0.1250000000
59795  6.244  -19.934  62.992 0.1250000000
58762  5.034  -20.885  63.208 0.1250000000
57791  4.413  -21.401  63.660 0.1250000000
57792  3.737  -21.193  64.104 0.1250000000
58760  6.694  -20.600  63.389 0.1250000000
58761  5.873  -20.793  63.154 0.1250000000
56878  4.673  -21.986  63.903 0.1250000000
60567  31.540  -17.735  87.821 0.6250000000
62711  31.027  -16.132  87.954 0.6250000000
63696  29.674  -15.260  87.425 0.5000000000
59485  31.087  -18.255  87.185 0.6250000000
60583  30.757  -17.650  87.272 0.6250000000
62723  29.612  -16.120  87.181 0.5000000000
58470  30.908  -18.837  86.294 0.5000000000
60605  30.462  -18.125  86.013 0.7500000000
60595  29.925  -17.137  86.378 0.5000000000
64804  13.420  -14.148  73.648 0.7500000000
58482  30.782  -19.089  85.667 0.6250000000
59516  30.247  -17.807  85.332 0.7500000000
64807  11.234  -14.218  72.819 0.8750000000
57546  31.590  -20.727  84.028 0.7500000000
58505  30.791  -19.622  84.270 0.6250000000
59528  30.608  -18.990  84.939 0.6250000000
60615  29.641  -17.180  84.986 0.7500000000
64825  7.805  -14.782  72.868 0.7500000000
63863  8.532  -15.306  72.091 0.7500000000
56630  31.402  -21.017  83.389 0.7500000000
57547  31.166  -20.381  83.742 0.6250000000
62897  3.522  -16.691  70.619 0.7500000000
61816  4.946  -17.131  72.293 0.7500000000
61815  5.981  -17.112  72.151 0.8750000000
62883  7.277  -16.395  71.992 0.7500000000
63917  3.862  -15.163  65.961 0.2500000000
63918  3.069  -15.463  66.053 0.1250000000
62926  3.305  -16.543  68.413 0.5000000000
62913  3.488  -17.335  69.770 0.7500000000
61831  4.510  -17.504  71.523 0.7500000000
55663  31.501  -21.864  81.298 0.6250000000
55648  31.645  -22.000  82.088 0.6250000000
63951  5.016  -15.734  64.814 0.1250000000
63953  3.735  -15.692  64.612 0.1250000000
62955  3.110  -15.940  64.943 0.1250000000
139055  2.857  -16.999  67.790 0.5000000000
54589  31.760  -22.166  80.770 0.5000000000
62969  5.737  -16.422  64.065 0.1250000000
149936  4.835  -16.509  63.878 0.1250000000
61929  3.095  -16.754  64.763 0.1250000000
60808  2.968  -17.892  66.335 0.3750000000
62987  7.081  -16.706  62.946 0.1250000000
62988  6.242  -16.718  63.099 0.1250000000
61897  2.414  -17.200  65.903 0.3750000000
61948  8.688  -17.334  63.347 0.1250000000
61949  7.862  -16.989  63.009 0.1250000000
61972  6.381  -17.313  62.477 0.1250000000
60846  5.107  -18.081  62.769 0.2500000000
61970  8.264  -17.462  63.009 0.1250000000
61967  11.219  -17.975  62.821 0.1250000000
61968  10.240  -17.842  63.118 0.1250000000
60842  8.908  -18.040  63.073 0.1250000000
59811  8.555  -18.664  63.084 0.1250000000
59793  8.106  -19.507  63.448 0.1250000000
59484  31.651  -18.472  87.438 0.6250000000
61638  31.994  -16.872  88.332 0.5000000000
58457  31.953  -18.968  87.076 0.5000000000
60582  31.353  -18.000  87.604 0.6250000000
57522  31.737  -20.044  85.808 0.5000000000
58458  31.367  -18.856  86.808 0.6250000000
65819  11.001  -13.378  73.350 0.8750000000
65818  12.076  -13.737  72.998 0.8750000000
57538  32.025  -20.617  85.081 0.5000000000
58493  30.974  -19.688  85.059 0.6250000000
64809  8.782  -13.812  73.180 0.8750000000
64808  10.038  -13.812  73.135 0.8750000000
56618  32.024  -20.946  84.355 0.7500000000
57539  31.677  -20.561  84.628 0.6250000000
63880  3.536  -15.811  70.355 0.6250000000
63866  3.911  -15.445  72.820 0.7500000000
63849  6.921  -15.282  73.254 0.8750000000
64824  8.692  -14.568  72.670 0.7500000000
56628  32.262  -21.395  84.042 0.7500000000
63898  3.460  -15.893  68.049 0.5000000000
63889  3.597  -15.839  69.264 0.5000000000
62885  3.641  -16.398  71.622 0.7500000000
62864  5.461  -16.520  72.852 0.8750000000
55630  31.793  -21.927  82.721 0.6250000000
56638  31.594  -21.536  83.101 0.7500000000
63950  6.529  -16.280  64.494 0.1250000000
63933  5.106  -15.379  65.571 0.1250000000
64881  3.622  -15.277  66.709 0.3750000000
63907  3.160  -15.698  67.019 0.5000000000
55647  31.969  -22.353  82.335 0.6250000000
63948  8.459  -16.395  64.838 0.1250000000
63932  7.087  -15.962  65.468 0.1250000000
142767  6.569  -16.558  63.585 0.1250000000
54606  32.118  -22.520  80.252 0.3750000000
63949  7.550  -16.364  64.676 0.1250000000
53579  32.979  -23.247  79.476 0.5000000000
62966  8.835  -16.857  64.221 0.1250000000
137301  7.682  -16.776  63.302 0.1250000000
62984  10.410  -17.078  63.740 0.1250000000
62985  9.155  -17.229  63.736 0.1250000000
62982  12.306  -16.785  63.899 0.1250000000
61946  10.811  -17.482  63.332 0.1250000000
61947  9.546  -17.487  63.463 0.1250000000
62981  13.353  -16.709  63.645 0.1250000000
62983  11.250  -16.989  63.819 0.1250000000
58466  33.153  -19.613  86.490 0.6250000000
59482  32.528  -18.582  87.498 0.3750000000
57529  33.121  -20.589  85.592 0.5000000000
147719  32.145  -19.967  86.177 0.6250000000
56603  33.256  -21.002  85.120 0.6250000000
149365  32.418  -20.779  85.148 0.6250000000
55602  32.904  -21.712  84.245 0.6250000000
56617  32.436  -21.095  84.705 0.6250000000
145752  3.930  -14.847  70.205 0.6250000000
139911  3.624  -15.115  71.691 0.7500000000
126769  33.653  -22.169  83.015 0.5000000000
55629  32.174  -22.100  82.935 0.7500000000
64869  4.761  -14.856  68.121 0.2500000000
54571  33.626  -22.997  81.849 0.6250000000
54552  32.389  -22.598  82.461 0.5000000000
141002  5.979  -15.684  65.335 0.1250000000
64891  4.763  -15.162  66.227 0.1250000000
64880  4.352  -15.113  67.066 0.2500000000
145171  33.650  -23.023  81.228 0.6250000000
53562  33.147  -23.024  80.428 0.6250000000
63931  8.083  -15.918  65.537 0.1250000000
53577  33.763  -23.346  79.478 0.6250000000
63944  11.953  -15.880  65.151 0.1250000000
63928  10.649  -15.669  65.679 0.1250000000
63947  9.349  -16.403  64.943 0.1250000000
53614  33.481  -23.965  78.230 0.5000000000
63945  11.104  -16.159  65.147 0.1250000000
148465  9.794  -16.835  64.187 0.1250000000
62965  10.732  -16.674  64.410 0.1250000000
62964  11.618  -16.487  64.525 0.1250000000
62963  13.123  -16.195  64.400 0.1250000000
60581  33.246  -18.175  87.608 0.6250000000
58455  32.838  -19.011  87.018 0.6250000000
142442  33.996  -20.420  85.495 0.6250000000
57519  33.353  -20.176  86.013 0.6250000000
57536  34.408  -20.515  84.807 0.6250000000
141551  33.943  -22.000  83.135 0.6250000000
55600  33.715  -21.651  83.889 0.6250000000
64863  4.011  -15.223  68.990 0.5000000000
141985  6.961  -15.187  67.096 0.1250000000
54569  34.214  -22.593  81.833 0.6250000000
54605  34.177  -23.086  79.734 0.7500000000
53595  33.828  -23.757  78.608 0.6250000000
54659  34.903  -23.935  77.418 0.6250000000
63930  8.990  -15.859  65.580 0.1250000000
63915  7.686  -15.394  66.378 0.1250000000
52627  33.560  -24.538  77.638 0.5000000000
63927  11.448  -15.438  65.685 0.1250000000
63929  9.838  -15.795  65.650 0.1250000000
59499  34.009  -19.036  86.870 0.6250000000
59480  33.614  -18.570  87.308 0.6250000000
59514  34.807  -19.160  86.228 0.6250000000
58464  34.391  -19.430  86.358 0.6250000000
58491  35.031  -19.990  85.031 0.6250000000
57545  34.628  -20.777  83.902 0.6250000000
56626  34.945  -21.030  83.173 0.7500000000
55625  34.363  -22.104  82.570 0.6250000000
55644  34.828  -21.816  82.178 0.6250000000
55661  34.905  -21.850  81.593 0.6250000000
128581  34.910  -21.867  80.672 0.6250000000
144821  35.173  -23.101  78.427 0.6250000000
55697  35.457  -22.743  78.183 0.6250000000
135542  35.710  -23.190  76.820 0.3750000000
54696  36.012  -23.764  75.207 0.2500000000
64888  11.675  -14.628  66.104 0.1250000000
64890  10.342  -15.058  66.194 0.1250000000
59513  35.333  -19.114  85.673 0.6250000000
58504  35.624  -19.951  83.933 0.6250000000
57552  35.450  -20.486  83.041 0.7500000000
56642  35.165  -21.130  82.472 0.7500000000
56656  35.454  -20.986  81.278 0.6250000000
55671  35.077  -22.163  79.668 0.7500000000
56702  35.581  -21.601  77.877 0.7500000000
56729  35.755  -22.242  76.965 0.5000000000
55713  35.691  -22.514  77.175 0.5000000000
56740  35.746  -21.975  76.848 0.3750000000
57636  35.442  -21.548  75.760 0.2500000000
56751  35.843  -22.612  74.623 0.2500000000
57645  35.386  -21.899  74.701 0.2500000000
58629  34.453  -20.938  73.986 0.2500000000
57658  34.636  -21.343  73.340 0.1250000000
58515  36.261  -19.472  82.808 0.7500000000
142698  35.802  -20.071  82.368 0.7500000000
57580  35.693  -20.573  80.140 0.7500000000
141841  35.555  -21.374  78.825 0.8750000000
56671  35.258  -21.517  80.132 0.7500000000
57613  35.703  -21.774  77.297 0.6250000000
144598  35.549  -21.272  76.497 0.3750000000
58617  34.599  -20.675  74.767 0.2500000000
131479  34.216  -20.853  73.441 0.1250000000
59657  33.875  -20.473  73.167 0.1250000000
59641  33.402  -19.647  73.943 0.3750000000
59658  33.329  -19.999  72.800 0.1250000000
58529  36.151  -19.587  82.035 0.6250000000
58542  36.062  -19.715  81.234 0.7500000000
142630  35.747  -20.374  79.294 0.8750000000
139348  35.592  -21.203  77.732 0.8750000000
58598  35.532  -20.812  77.626 0.7500000000
59617  35.115  -20.202  76.673 0.5000000000
59627  34.873  -20.234  75.792 0.3750000000
59628  34.344  -19.893  75.147 0.3750000000
59629  33.879  -19.593  74.745 0.3750000000
59640  34.054  -20.356  74.180 0.2500000000
60757  32.583  -19.542  72.413 0.1250000000
59555  36.984  -18.616  82.035 0.6250000000
58554  36.489  -19.249  80.932 0.6250000000
58566  36.420  -19.341  80.338 0.6250000000
59577  36.284  -19.388  79.768 0.8750000000
135549  35.767  -19.484  78.624 0.8750000000
59609  35.440  -20.022  77.968 0.8750000000
59610  35.250  -19.505  77.540 0.8750000000
60710  34.835  -19.444  76.719 0.3750000000
59618  34.470  -19.310  75.976 0.3750000000
60719  34.030  -19.093  75.447 0.3750000000
60720  33.391  -18.720  74.992 0.3750000000
60734  32.666  -18.555  74.237 0.3750000000
60749  32.650  -19.181  73.337 0.2500000000
60750  31.958  -18.618  72.834 0.1250000000
59561  36.941  -18.760  81.363 0.6250000000
139638  36.883  -18.488  79.932 0.8750000000
60692  35.558  -18.402  78.095 1.0000000000
60699  35.047  -18.521  77.440 1.0000000000
60700  34.538  -18.482  76.756 0.6250000000
60711  34.125  -18.387  76.160 0.5000000000
61770  34.415  -17.362  76.643 0.5000000000
61784  33.313  -17.439  75.642 0.5000000000
60721  32.668  -17.532  74.959 0.3750000000
61800  32.125  -17.407  74.250 0.2500000000
61811  32.036  -18.162  73.624 0.1250000000
60651  37.553  -17.805  81.351 0.6250000000
60680  36.820  -17.874  79.495 0.7500000000
59588  36.305  -18.827  79.236 0.8750000000
60691  36.075  -18.169  78.564 1.0000000000
61757  35.476  -17.552  77.814 1.0000000000
61758  34.850  -17.511  77.295 1.0000000000
61771  33.913  -17.280  76.161 0.5000000000
60712  33.737  -18.288  75.740 0.5000000000
62815  34.610  -16.163  76.182 0.5000000000
62831  33.069  -16.517  75.196 0.3750000000
60659  37.581  -17.445  80.595 0.7500000000
61734  37.237  -17.114  79.546 0.6250000000
60681  36.436  -18.005  78.993 0.8750000000
61746  36.507  -17.315  78.728 1.0000000000
61747  36.038  -17.437  78.306 1.0000000000
62786  35.949  -16.619  77.881 0.8750000000
138371  35.399  -16.773  77.472 1.0000000000
62800  35.028  -16.485  76.906 0.8750000000
62816  33.835  -16.144  75.592 0.5000000000
62843  33.451  -15.651  74.727 0.6250000000
61722  37.558  -16.944  80.035 0.5000000000
62770  37.453  -16.329  79.585 0.5000000000
61735  36.870  -17.233  79.115 0.7500000000
63773  36.979  -15.511  78.469 0.7500000000
62785  36.483  -16.507  78.392 1.0000000000
62798  36.393  -15.696  77.871 0.8750000000
62814  35.392  -15.603  76.452 0.8750000000
63832  34.845  -14.822  75.209 0.6250000000
62830  34.549  -15.493  75.551 0.6250000000
63833  34.241  -15.223  74.929 0.6250000000
63764  37.795  -15.332  79.588 0.5000000000
139119  37.303  -15.850  79.095 0.6250000000
62776  37.175  -16.609  79.208 0.6250000000
63772  37.595  -14.869  78.859 0.6250000000
62777  36.922  -16.512  78.841 0.6250000000
63803  36.025  -15.032  76.615 0.7500000000
63818  35.575  -14.928  76.136 0.6250000000
63831  35.410  -14.514  75.585 0.7500000000
64796  35.138  -14.051  74.875 0.7500000000
64766  38.582  -13.698  79.336 0.3750000000
64778  38.044  -13.765  78.592 0.3750000000
64784  37.573  -13.768  77.949 0.6250000000
148746  36.708  -14.530  77.341 0.7500000000
64789  36.524  -14.288  76.827 0.7500000000
64793  35.966  -14.338  76.108 0.8750000000
65811  35.775  -13.680  75.349 1.0000000000
65803  37.900  -13.168  77.980 0.5000000000
65807  36.954  -13.403  76.907 0.6250000000
64792  36.393  -13.619  76.115 0.7500000000
65810  36.268  -13.031  75.432 0.8750000000
125919  36.689  -12.430  75.407 0.8750000000
65813  36.208  -12.520  74.742 0.8750000000
66743  38.890  -12.336  78.543 0.3750000000
67641  38.705  -11.699  77.667 0.5000000000
66759  37.680  -12.207  76.784 0.5000000000
65804  37.421  -13.437  77.544 0.5000000000
66765  37.197  -12.309  76.082 0.5000000000
66760  37.222  -12.750  76.664 0.6250000000
132308  36.754  -12.928  76.115 0.6250000000
67663  37.216  -11.789  75.336 0.5000000000
145174  41.863  -7.991  75.339 0.1250000000
70676  41.203  -7.675  75.911 0.1250000000
67662  37.801  -10.822  75.240 0.5000000000
70689  41.041  -8.218  75.361 0.1250000000
69593  40.385  -8.685  74.949 0.3750000000
69585  38.911  -9.473  75.042 0.5000000000
66769  36.706  -11.983  74.650 0.6250000000
69594  39.745  -9.056  74.505 0.5000000000
68619  37.697  -10.509  74.193 0.5000000000
67673  37.217  -11.314  74.500 0.6250000000
68618  38.278  -9.964  74.639 0.5000000000
67640  39.223  -11.219  78.070 0.3750000000
152451  38.136  -12.145  77.381 0.5000000000
67652  38.281  -11.537  76.964 0.5000000000
66764  37.748  -11.565  76.134 0.5000000000
71708  42.470  -7.265  75.972 0.2500000000
70675  42.148  -7.614  75.627 0.2500000000
69583  40.033  -8.581  75.996 0.2500000000
71721  43.097  -7.756  75.536 0.1250000000
68612  38.392  -10.084  75.470 0.5000000000
69584  39.509  -9.038  75.517 0.3750000000
70687  43.468  -8.212  75.043 0.1250000000
70699  42.848  -8.624  74.436 0.2500000000
70661  39.814  -8.519  78.312 0.2500000000
68581  39.688  -9.977  78.325 0.3750000000
135297  39.559  -10.701  78.569 0.3750000000
69569  39.675  -9.162  77.932 0.2500000000
151158  39.302  -10.327  77.431 0.3750000000
70668  39.949  -8.305  77.417 0.2500000000
68591  39.522  -9.777  77.471 0.3750000000
147098  39.084  -10.092  76.875 0.3750000000
67651  38.935  -10.858  77.352 0.3750000000
69575  39.760  -8.841  77.031 0.2500000000
68602  38.476  -10.702  76.295 0.5000000000
71709  41.446  -7.277  76.261 0.2500000000
70677  40.360  -8.104  76.437 0.2500000000
69576  39.419  -9.278  76.541 0.5000000000
68611  38.898  -9.722  75.984 0.5000000000
125765  42.539  -9.146  73.737 0.3750000000
69607  42.931  -9.442  73.371 0.5000000000
68642  41.902  -9.933  72.599 0.3750000000
71699  40.854  -7.276  77.102 0.2500000000
71698  41.677  -6.938  76.535 0.2500000000
70667  40.623  -7.670  76.848 0.2500000000
72652  42.751  -6.906  76.324 0.2500000000
129220  43.512  -7.381  75.907 0.2500000000
68641  42.574  -9.794  72.789 0.5000000000
68659  41.539  -10.334  71.919 0.3750000000
71720  43.962  -7.765  75.459 0.2500000000
70698  43.683  -8.535  74.488 0.3750000000
68658  42.237  -10.216  72.180 0.3750000000
67695  41.915  -10.665  71.459 0.6250000000
67702  41.093  -11.234  70.301 0.6250000000
66790  40.624  -11.446  69.617 0.7500000000
66800  40.297  -11.642  69.040 0.6250000000
66806  40.379  -11.763  68.491 0.6250000000
151375  41.612  -10.997  70.808 0.8750000000
67710  41.160  -11.464  69.506 0.6250000000
66805  40.777  -11.761  68.268 0.6250000000
66811  40.630  -11.546  67.579 0.6250000000
142749  40.114  -11.517  66.525 0.2500000000
68640  42.801  -9.923  72.355 0.5000000000
67701  41.637  -11.067  70.133 0.8750000000
67709  41.556  -10.994  69.288 0.8750000000
67712  41.180  -11.474  68.686 0.6250000000
66828  40.412  -11.368  66.851 0.5000000000
71837  42.461  -7.575  64.711 0.3750000000
67741  40.666  -10.915  66.354 0.2500000000
70802  41.806  -7.748  64.299 0.1250000000
69697  41.011  -9.253  65.227 0.3750000000
69685  41.063  -9.721  65.691 0.3750000000
67742  40.313  -10.952  65.628 0.2500000000
68672  42.617  -10.182  71.575 0.6250000000
68673  42.153  -10.716  70.792 0.7500000000
68679  42.067  -10.564  69.972 0.8750000000
69661  42.346  -9.756  69.750 0.8750000000
68681  41.840  -10.277  69.099 0.7500000000
67714  41.504  -10.752  68.304 0.6250000000
67715  41.125  -11.299  67.887 0.6250000000
68683  41.628  -10.041  67.631 0.5000000000
67727  40.906  -11.021  67.128 0.3750000000
68691  41.103  -10.398  66.614 0.3750000000
72770  44.032  -6.796  64.457 0.3750000000
133183  43.236  -7.400  65.274 0.5000000000
69684  41.445  -9.309  65.790 0.3750000000
68701  40.811  -10.306  65.837 0.2500000000
72804  43.908  -6.409  62.792 0.2500000000
71833  42.468  -7.927  65.427 0.5000000000
70790  41.924  -8.221  65.074 0.3750000000
70733  43.537  -8.539  70.755 0.7500000000
69644  43.122  -9.487  71.216 0.6250000000
69660  42.905  -9.146  70.322 0.7500000000
69645  42.582  -10.063  70.635 0.7500000000
151217  41.767  -10.016  68.361 0.6250000000
72753  48.279  -6.929  65.892 0.6250000000
143280  47.911  -7.260  66.525 0.6250000000
70769  42.324  -8.560  67.593 0.7500000000
69671  41.962  -9.341  68.001 0.6250000000
71827  49.388  -7.021  66.122 0.6250000000
71829  47.324  -6.993  66.019 0.7500000000
71830  46.659  -6.987  66.094 0.8750000000
71831  45.840  -6.975  66.195 0.7500000000
71832  44.889  -7.033  66.187 0.6250000000
71818  43.785  -7.460  66.823 0.5000000000
70780  42.191  -8.555  66.687 0.3750000000
69680  41.846  -9.320  67.139 0.5000000000
68690  41.491  -9.948  66.837 0.3750000000
149966  47.729  -6.960  65.971 0.7500000000
72755  46.784  -6.735  65.373 0.7500000000
72756  45.891  -6.746  65.316 0.7500000000
71835  44.225  -7.010  65.345 0.5000000000
70786  42.869  -7.847  66.172 0.5000000000
70787  42.002  -8.606  65.828 0.5000000000
72754  47.491  -6.675  65.350 0.8750000000
72768  45.458  -6.520  64.412 0.6250000000
72769  44.889  -6.727  64.825 0.6250000000
69682  41.727  -9.347  66.348 0.3750000000
68700  41.316  -9.856  66.160 0.3750000000
144973  46.928  -6.492  64.690 0.8750000000
72780  46.610  -6.290  63.684 0.6250000000
72767  46.242  -6.488  64.533 0.6250000000
72781  45.616  -6.328  63.594 0.6250000000
72782  44.624  -6.453  63.755 0.5000000000
69696  41.509  -8.803  65.373 0.3750000000
72803  44.872  -6.338  62.642 0.6250000000
71862  44.197  -6.597  61.851 0.3750000000
70743  44.221  -7.763  70.174 0.7500000000
71772  44.393  -7.633  69.289 0.8750000000
70744  43.447  -8.237  69.851 0.7500000000
71798  48.025  -7.649  67.953 0.7500000000
137087  47.496  -7.596  68.129 0.6250000000
70755  43.310  -8.039  68.952 0.8750000000
70745  42.668  -8.827  69.422 0.8750000000
143934  48.001  -7.560  67.333 0.7500000000
128897  47.295  -7.489  67.545 0.8750000000
70768  43.105  -7.952  68.061 0.7500000000
70756  42.485  -8.642  68.501 0.8750000000
136468  42.095  -9.460  68.878 0.8750000000
71813  49.806  -7.693  67.025 0.3750000000
71828  48.877  -7.608  67.093 0.6250000000
71814  47.316  -7.256  66.750 0.7500000000
71816  45.630  -7.245  66.892 0.7500000000
151624  44.602  -7.256  66.659 0.7500000000
70779  42.926  -7.891  67.163 0.7500000000
72752  50.246  -6.465  65.813 0.5000000000
72764  48.795  -6.372  65.076 0.6250000000
72765  48.050  -6.414  64.806 0.7500000000
72766  47.405  -6.349  64.354 0.6250000000
72802  45.840  -6.380  62.600 0.6250000000
71861  45.137  -6.647  61.630 0.3750000000
150101  47.005  -7.556  68.348 0.8750000000
71785  45.079  -7.470  68.655 0.8750000000
71800  45.848  -7.413  67.631 0.8750000000
71801  45.017  -7.445  67.974 0.8750000000
150733  46.507  -7.395  67.414 0.8750000000
71817  44.815  -7.353  67.257 0.8750000000
71786  44.144  -7.587  68.428 0.8750000000
71815  46.580  -7.240  66.840 0.7500000000
71802  43.928  -7.521  67.625 0.8750000000
126298  50.998  -6.723  66.483 0.3750000000
72763  49.546  -6.213  65.214 0.3750000000
128181  49.323  -5.772  64.266 0.6250000000
146669  47.919  -6.179  63.965 0.7500000000
72778  48.543  -5.940  63.982 0.6250000000
131673  48.163  -6.009  63.139 0.6250000000
72779  47.407  -6.187  63.375 0.6250000000
72800  47.522  -6.230  62.427 0.6250000000
72801  46.717  -6.346  62.563 0.6250000000
72817  46.875  -6.563  61.662 0.6250000000
71860  46.054  -6.600  61.731 0.6250000000
152426  45.620  -6.844  61.055 0.5000000000
71878  46.279  -6.895  60.911 0.6250000000
71894  46.582  -7.712  60.287 0.7500000000
73756  51.852  -5.499  65.249 0.5000000000
72762  51.250  -5.508  64.665 0.6250000000
72774  53.304  -5.786  63.128 0.5000000000
72775  52.286  -5.704  63.258 0.5000000000
72776  51.159  -5.599  63.569 0.5000000000
145515  50.298  -5.645  64.671 0.6250000000
72795  52.554  -6.131  62.451 0.6250000000
72796  51.631  -6.065  62.530 0.7500000000
72797  50.708  -5.972  62.579 0.6250000000
72777  50.059  -5.619  63.416 0.6250000000
72813  52.695  -6.466  61.744 0.7500000000
72814  51.906  -6.511  61.817 0.7500000000
71857  51.131  -6.458  61.873 0.6250000000
129315  49.225  -5.768  63.159 0.6250000000
150007  48.674  -5.852  63.222 0.6250000000
71873  51.353  -6.870  61.157 0.7500000000
146070  50.758  -6.765  61.278 0.7500000000
71859  49.577  -6.417  61.430 0.6250000000
72815  48.719  -6.287  61.594 0.6250000000
71890  50.719  -7.455  60.533 0.6250000000
71874  50.088  -6.869  60.986 0.7500000000
72816  47.737  -6.456  61.552 0.7500000000
71891  49.865  -7.535  60.435 0.6250000000
140626  49.147  -8.156  60.047 0.6250000000
71893  47.459  -7.698  60.344 0.7500000000
71877  47.117  -6.941  60.820 0.7500000000
142400  47.131  -8.427  60.049 0.5000000000
72794  53.446  -6.072  62.371 0.6250000000
71889  51.532  -7.432  60.457 0.7500000000
70838  51.362  -7.954  59.782 0.7500000000
70824  50.787  -8.090  59.813 0.7500000000
70825  50.078  -8.117  59.926 0.6250000000
70852  50.427  -8.487  58.447 0.6250000000
70839  50.252  -8.406  59.215 0.6250000000
70840  49.430  -8.561  59.360 0.6250000000
72812  53.501  -6.315  61.593 0.8750000000
71871  52.812  -6.783  60.981 0.8750000000
71872  52.067  -6.849  61.085 0.8750000000
71887  52.948  -7.179  60.197 0.8750000000
71888  52.249  -7.291  60.415 0.7500000000
152224  52.347  -7.719  59.187 0.7500000000
71900  51.821  -8.074  59.111 0.7500000000
133529  51.010  -8.354  59.144 0.6250000000
70861  51.883  -8.115  57.933 0.7500000000
72811  54.318  -6.081  61.349 0.5000000000
72822  53.566  -6.583  60.742 0.7500000000
73793  55.102  -5.608  61.011 0.5000000000
72821  54.246  -6.180  60.391 0.6250000000
72829  53.571  -6.776  59.846 0.7500000000
71899  52.871  -7.282  59.249 0.7500000000
72828  54.011  -6.125  59.423 0.6250000000
134059  53.444  -6.666  58.899 0.8750000000
71907  52.438  -7.716  58.549 0.8750000000
72841  53.557  -6.575  57.624 0.7500000000
71906  53.117  -7.141  58.157 0.7500000000
72842  53.416  -7.270  57.094 0.7500000000
72848  53.797  -6.560  56.763 0.6250000000
73819  53.926  -6.512  55.956 0.8750000000
72856  53.374  -6.961  55.467 0.6250000000
73827  53.731  -6.393  55.227 0.7500000000
73799  54.665  -5.503  59.949 0.5000000000
72835  53.748  -6.007  58.337 0.6250000000
73812  53.805  -5.839  57.349 0.6250000000
73818  53.927  -5.781  56.512 0.6250000000
73826  54.007  -5.777  55.711 0.8750000000
73837  53.205  -6.123  54.644 0.6250000000
73792  55.363  -4.918  60.394 0.3750000000
73798  54.876  -4.717  59.519 0.5000000000
74799  54.505  -4.538  58.618 0.5000000000
73811  54.124  -5.169  57.971 0.6250000000
74806  54.377  -4.315  57.746 0.6250000000
74807  53.980  -5.034  57.112 0.6250000000
74818  53.954  -5.095  55.430 0.6250000000
73836  53.979  -5.761  54.933 0.8750000000
76686  53.433  -3.290  55.098 0.6250000000
77676  54.024  -1.384  55.880 0.3750000000
76692  53.707  -2.087  54.827 0.5000000000
77681  54.222  -1.109  55.005 0.3750000000
74798  54.967  -3.963  59.209 0.3750000000
74812  54.120  -4.361  56.977 0.5000000000
74813  53.913  -4.903  56.298 0.6250000000
75723  54.009  -3.992  56.588 0.5000000000
76680  54.060  -2.917  56.988 0.5000000000
75728  53.650  -3.526  55.993 0.5000000000
144585  53.792  -4.375  55.915 0.6250000000
76685  53.687  -2.430  55.999 0.5000000000
75729  53.648  -4.288  55.243 0.6250000000
75708  54.642  -3.448  58.170 0.2500000000
75715  54.335  -3.667  57.377 0.5000000000
76667  54.623  -2.711  57.930 0.3750000000
149488  54.438  -2.262  57.518 0.3750000000
77665  54.226  -1.706  56.972 0.3750000000
78588  54.401  -0.806  56.539 0.3750000000
78602  54.435  -0.496  55.668 0.3750000000
78587  54.795  0.067  56.549 0.3750000000
78611  54.579  -0.429  54.645 0.3750000000
78601  54.834  0.320  55.304 0.3750000000
60560  6.658  -18.389  89.190 0.7500000000
62707  7.536  -16.770  89.258 0.7500000000
61645  6.014  -17.940  89.334 0.7500000000
139061  7.131  -18.587  89.038 0.7500000000
59458  6.871  -18.900  88.838 0.7500000000
59457  7.466  -18.818  88.871 0.7500000000
58444  6.803  -19.621  88.283 0.5000000000
56570  6.870  -21.758  88.073 0.5000000000
59497  3.467  -20.022  86.863 0.6250000000
143861  2.149  -20.983  85.095 0.6250000000
58527  2.490  -20.607  83.797 0.6250000000
57555  2.501  -21.392  83.360 0.6250000000
133602  1.827  -22.912  83.919 0.6250000000
56650  2.135  -22.838  83.111 0.6250000000
134210  6.401  -17.089  89.096 0.7500000000
136830  6.261  -16.889  88.879 0.7500000000
143436  5.842  -17.220  88.689 0.7500000000
61657  4.802  -17.695  88.050 0.7500000000
63704  8.301  -15.568  89.266 0.7500000000
63715  7.226  -16.088  88.479 0.6250000000
64702  6.447  -16.113  87.670 0.8750000000
62730  5.277  -17.254  88.157 0.8750000000
129651  6.987  -15.884  87.821 0.8750000000
139900  4.622  -16.778  87.131 0.8750000000
61669  4.233  -18.012  87.221 0.6250000000
63722  5.793  -16.393  87.426 0.8750000000
60589  4.342  -18.696  87.192 0.6250000000
63690  9.049  -16.009  89.476 0.7500000000
61688  3.528  -17.870  86.179 0.6250000000
63732  4.570  -16.532  86.172 0.7500000000
62747  4.004  -17.226  85.811 0.8750000000
61678  4.063  -17.868  86.804 0.6250000000
63727  4.439  -16.748  86.564 0.7500000000
60590  4.118  -19.316  86.846 0.6250000000
62740  4.232  -17.522  86.890 0.6250000000
59455  9.177  -18.187  88.900 0.7500000000
62752  4.074  -17.091  85.061 0.7500000000
60611  3.147  -18.323  85.912 0.6250000000
59477  8.212  -19.159  88.397 0.5000000000
142833  3.693  -17.044  83.865 0.7500000000
136116  2.725  -18.954  85.534 0.6250000000
58489  2.671  -20.371  86.294 0.6250000000
59525  2.668  -19.662  85.929 0.6250000000
59538  2.474  -19.694  85.071 0.6250000000
59560  2.849  -20.033  82.607 0.6250000000
58550  2.881  -20.553  82.034 0.6250000000
131357  2.496  -23.551  81.833 0.5000000000
56681  2.807  -22.776  81.461 0.5000000000
127304  2.823  -24.364  80.631 0.5000000000
143269  3.092  -23.655  80.281 0.5000000000
53589  2.698  -25.589  80.813 0.5000000000
126693  2.136  -25.831  81.914 0.5000000000
62700  11.720  -16.234  89.712 0.7500000000
62705  10.819  -16.119  89.542 0.8750000000
64683  9.279  -14.799  89.165 0.7500000000
64685  7.857  -15.495  88.751 0.7500000000
64701  7.629  -15.511  88.077 0.7500000000
150321  6.581  -14.990  87.019 0.8750000000
63681  13.603  -15.411  91.491 0.7500000000
65655  13.639  -14.285  91.706 0.7500000000
64710  5.955  -15.913  86.974 0.8750000000
61631  10.993  -17.314  89.432 0.8750000000
60544  11.492  -17.223  89.363 0.7500000000
140088  11.069  -17.623  89.212 0.8750000000
61630  12.100  -16.695  89.619 0.7500000000
65733  6.086  -14.910  85.652 1.0000000000
64719  4.903  -16.072  86.081 0.8750000000
64724  4.671  -16.380  85.102 0.8750000000
63726  4.633  -16.516  86.705 0.8750000000
144615  5.092  -15.914  86.225 0.8750000000
150200  5.720  -15.584  86.529 0.8750000000
59474  10.715  -18.059  88.830 0.6250000000
64723  5.010  -16.110  84.675 0.8750000000
64735  4.498  -16.413  83.483 0.7500000000
58459  10.160  -18.922  87.529 0.6250000000
59476  8.798  -18.692  88.513 0.5000000000
61706  3.152  -17.486  82.967 0.7500000000
58461  8.666  -19.593  87.699 0.6250000000
62766  3.522  -17.117  81.702 0.7500000000
132089  2.860  -18.142  81.600 0.7500000000
62764  3.358  -17.177  82.409 0.7500000000
126213  2.968  -17.842  82.290 0.7500000000
141781  2.796  -18.751  82.117 0.7500000000
60641  2.938  -18.239  83.115 0.7500000000
138222  2.741  -19.274  81.227 0.6250000000
59572  2.794  -20.175  81.173 0.6250000000
60665  2.815  -18.882  80.457 0.6250000000
57525  9.075  -21.132  87.297 0.6250000000
59582  2.905  -19.552  79.849 0.6250000000
58561  2.897  -20.959  80.966 0.5000000000
57588  3.096  -21.294  80.449 0.5000000000
139190  3.177  -21.882  80.297 0.5000000000
56710  3.317  -22.180  79.723 0.5000000000
143381  3.610  -22.873  79.306 0.5000000000
55707  3.452  -23.662  79.618 0.5000000000
145650  4.044  -24.586  78.819 0.5000000000
128142  3.259  -25.102  79.868 0.5000000000
52661  5.546  -25.956  78.418 0.5000000000
66609  14.489  -13.192  91.669 0.7500000000
64661  14.179  -14.452  92.156 0.7500000000
65725  6.356  -14.858  86.331 0.7500000000
65732  6.820  -14.651  85.939 0.8750000000
151196  13.980  -15.850  91.486 0.6250000000
63677  13.911  -15.563  91.840 0.6250000000
65741  5.571  -15.282  84.555 0.7500000000
65747  5.700  -15.216  83.362 0.8750000000
137518  6.311  -14.465  83.717 0.8750000000
65739  6.574  -14.705  85.119 1.0000000000
60543  12.421  -16.700  89.506 0.7500000000
65759  6.666  -14.521  82.806 1.0000000000
65760  6.299  -14.985  82.530 1.0000000000
64733  5.320  -15.747  82.940 0.7500000000
64744  4.793  -16.069  82.555 0.7500000000
126391  6.140  -14.650  83.216 0.8750000000
64743  5.320  -15.776  82.330 0.8750000000
59473  11.591  -17.832  88.658 0.7500000000
64752  5.295  -15.744  81.594 0.8750000000
64765  4.839  -15.983  81.058 0.7500000000
137445  3.717  -17.115  81.168 0.7500000000
62768  3.645  -17.382  80.488 0.7500000000
135250  4.975  -15.928  80.249 1.0000000000
60673  3.178  -18.408  79.394 0.7500000000
145220  2.987  -19.882  79.019 0.6250000000
61740  3.560  -17.981  79.361 0.7500000000
129976  3.656  -19.148  78.556 0.5000000000
59594  2.953  -19.509  79.195 0.6250000000
57605  3.398  -21.094  78.949 0.5000000000
59604  4.145  -19.631  78.215 0.5000000000
148644  3.672  -20.730  78.607 0.6250000000
57618  4.034  -21.335  78.396 0.6250000000
126227  5.567  -24.044  77.148 0.5000000000
64657  13.966  -15.117  92.231 0.7500000000
65652  15.091  -13.535  91.615 0.6250000000
64659  15.410  -14.307  91.356 0.6250000000
63676  14.193  -15.529  91.875 0.6250000000
62696  14.663  -16.364  91.000 0.6250000000
61618  14.269  -16.197  91.117 0.7500000000
61622  14.212  -16.241  90.823 0.7500000000
66704  7.866  -14.463  84.147 0.8750000000
66691  7.661  -14.462  84.762 0.8750000000
144360  15.018  -16.626  90.621 0.6250000000
60542  13.566  -16.587  89.659 0.7500000000
151731  6.624  -14.776  82.405 1.0000000000
65785  6.876  -14.985  81.482 1.0000000000
64751  5.800  -15.506  81.418 1.0000000000
60553  14.947  -16.945  89.709 0.7500000000
63780  4.598  -16.627  79.062 0.7500000000
64776  5.658  -15.861  80.011 1.0000000000
146502  12.477  -17.572  88.539 0.7500000000
63795  4.871  -16.627  78.493 1.0000000000
63794  5.341  -16.575  78.372 1.0000000000
59614  4.461  -19.618  77.450 0.5000000000
61763  4.616  -18.379  77.223 1.0000000000
60705  4.529  -18.986  76.863 0.8750000000
58613  4.592  -20.105  76.774 0.6250000000
58605  4.458  -20.240  77.675 0.6250000000
57617  4.467  -21.744  77.660 0.6250000000
57631  4.664  -21.327  76.610 0.6250000000
55753  5.484  -22.873  75.661 0.5000000000
54705  6.405  -24.309  75.466 0.5000000000
65659  15.461  -12.821  91.310 0.6250000000
148973  15.836  -15.157  91.136 0.6250000000
147080  16.940  -13.910  88.479 0.5000000000
63679  16.159  -15.988  90.914 0.5000000000
61620  15.479  -16.655  90.424 0.6250000000
65783  8.374  -14.701  81.378 0.8750000000
64761  7.142  -15.198  80.801 0.8750000000
64762  6.456  -15.374  80.847 1.0000000000
60539  15.030  -16.863  89.942 0.7500000000
59453  13.999  -17.043  89.192 0.7500000000
64775  6.631  -15.754  80.306 1.0000000000
64782  6.739  -16.233  79.588 1.0000000000
60552  15.701  -16.939  89.706 0.6250000000
59472  13.415  -17.352  88.620 0.6250000000
63793  5.945  -16.587  78.298 1.0000000000
133313  12.906  -17.742  88.031 0.6250000000
129121  5.608  -17.225  77.012 1.0000000000
62790  5.801  -16.898  77.683 1.0000000000
143815  12.653  -18.582  85.963 0.6250000000
61792  5.150  -18.160  75.075 0.8750000000
56744  5.052  -22.177  75.748 0.5000000000
64706  18.776  -14.766  87.719 0.3750000000
64696  18.863  -15.192  88.129 0.3750000000
65706  17.174  -13.842  87.872 0.5000000000
64759  8.881  -14.928  80.786 0.8750000000
64760  7.968  -15.044  80.746 0.8750000000
64773  8.490  -15.467  80.183 0.8750000000
63684  18.118  -15.688  88.557 0.5000000000
61626  16.537  -16.766  89.716 0.5000000000
61642  17.884  -16.388  88.818 0.3750000000
61625  17.248  -16.777  89.188 0.3750000000
59450  16.161  -17.347  89.048 0.6250000000
59469  15.904  -17.492  88.746 0.7500000000
137544  15.681  -17.594  88.246 0.7500000000
62807  6.293  -16.869  76.874 1.0000000000
128023  18.095  -16.794  88.677 0.5000000000
135048  18.925  -16.400  88.416 0.5000000000
60549  18.070  -17.141  88.449 0.5000000000
60550  17.293  -17.300  88.699 0.5000000000
59448  17.014  -17.360  88.803 0.5000000000
59468  16.874  -17.520  88.370 0.5000000000
127678  15.333  -17.717  87.753 0.6250000000
57650  5.005  -21.752  74.697 0.5000000000
55784  4.614  -23.931  73.238 0.5000000000
54734  4.485  -24.388  72.514 0.3750000000
53720  4.845  -25.214  72.677 0.3750000000
145360  5.264  -25.972  72.970 0.3750000000
147972  3.850  -25.533  70.866 0.2500000000
63765  10.078  -15.650  79.545 0.8750000000
65701  22.665  -14.012  87.139 0.2500000000
66651  22.122  -13.672  86.382 0.3750000000
65711  21.147  -14.111  86.799 0.3750000000
65712  19.812  -14.362  87.109 0.3750000000
65686  19.812  -14.863  87.576 0.3750000000
65685  21.057  -14.775  87.448 0.3750000000
64695  20.540  -15.095  87.684 0.3750000000
64692  23.179  -14.506  87.903 0.2500000000
64679  21.038  -15.330  87.904 0.2500000000
63701  20.420  -15.686  88.093 0.3750000000
62715  19.726  -16.004  88.352 0.5000000000
64677  23.897  -14.601  87.970 0.2500000000
63698  23.687  -15.279  88.111 0.2500000000
138366  22.954  -15.025  88.204 0.3750000000
63699  22.403  -15.581  88.222 0.3750000000
63700  21.487  -15.653  88.142 0.2500000000
62713  21.954  -16.185  88.233 0.2500000000
60572  18.915  -17.259  87.868 0.5000000000
59489  17.302  -17.621  87.706 0.5000000000
59490  16.806  -17.650  87.657 0.5000000000
60570  21.102  -17.145  87.716 0.5000000000
59465  19.623  -17.423  87.344 0.5000000000
60588  20.509  -17.489  87.239 0.5000000000
59505  17.707  -18.089  86.869 0.5000000000
58486  17.102  -18.626  86.271 0.6250000000
58487  16.232  -18.261  86.663 0.5000000000
62820  7.778  -16.834  75.513 1.0000000000
59504  18.613  -18.215  86.511 0.5000000000
58485  17.835  -18.974  85.958 0.6250000000
61791  5.775  -17.866  74.825 1.0000000000
60729  5.510  -18.361  74.276 1.0000000000
60742  5.346  -18.912  73.846 0.7500000000
55799  4.243  -23.703  72.025 0.5000000000
55812  3.907  -23.574  71.507 0.5000000000
57688  4.801  -21.994  71.536 0.6250000000
149961  3.617  -24.714  69.559 0.3750000000
131404  3.629  -24.166  69.216 0.3750000000
52784  4.050  -25.870  68.951 0.2500000000
52751  3.920  -26.200  70.496 0.2500000000
148373  25.363  -12.871  87.442 0.2500000000
63712  24.946  -14.931  88.009 0.3750000000
63713  24.162  -15.265  87.980 0.3750000000
144473  24.160  -15.556  87.612 0.3750000000
62727  23.585  -15.869  87.680 0.2500000000
62728  22.982  -16.214  87.811 0.5000000000
63714  23.445  -15.797  87.992 0.3750000000
61639  22.020  -16.772  88.109 0.2500000000
61654  22.478  -16.669  87.810 0.3750000000
60569  21.927  -17.002  87.961 0.5000000000
134587  23.303  -16.319  87.097 0.5000000000
60585  22.172  -17.083  87.236 0.3750000000
60598  22.002  -17.367  86.904 0.5000000000
59486  20.565  -17.705  86.748 0.6250000000
135249  19.544  -17.941  86.461 0.6250000000
62819  8.413  -16.740  75.504 1.0000000000
62803  9.649  -16.372  76.384 0.8750000000
60608  23.974  -16.121  85.600 0.6250000000
60609  22.771  -16.908  86.421 0.5000000000
142656  22.926  -16.927  85.847 0.5000000000
127390  22.260  -17.157  86.748 0.3750000000
59501  21.636  -17.507  86.597 0.5000000000
59518  20.989  -17.926  86.088 0.6250000000
59502  20.837  -17.806  86.482 0.6250000000
59519  20.341  -18.302  86.075 0.6250000000
139812  19.681  -18.684  86.108 0.6250000000
58483  19.192  -19.042  85.761 0.6250000000
58484  18.452  -19.132  85.865 0.6250000000
139103  17.451  -19.059  85.436 0.6250000000
61775  8.093  -17.262  74.990 1.0000000000
61788  8.556  -17.895  74.520 1.0000000000
60631  22.460  -17.079  84.944 0.6250000000
59530  21.567  -17.608  85.100 0.3750000000
142682  21.079  -17.966  85.559 0.6250000000
59532  20.192  -18.792  85.010 0.6250000000
58494  19.474  -19.053  85.071 0.6250000000
58495  18.580  -19.235  85.111 0.6250000000
58509  16.726  -19.107  83.844 0.3750000000
60727  7.310  -18.420  74.229 1.0000000000
60726  8.208  -18.532  74.195 1.0000000000
58518  19.609  -18.774  83.865 0.6250000000
58520  17.675  -18.763  83.260 0.5000000000
59648  6.439  -19.283  72.904 0.8750000000
59649  5.678  -19.323  73.098 0.7500000000
59647  7.494  -19.554  73.049 0.8750000000
58522  16.091  -18.890  82.834 0.5000000000
58650  6.690  -20.742  71.801 0.7500000000
58664  8.816  -20.453  71.509 0.8750000000
58547  16.216  -18.770  81.255 0.3750000000
146798  5.360  -21.129  72.340 0.6250000000
58666  5.120  -21.159  71.404 0.6250000000
57686  6.126  -21.219  71.012 0.6250000000
57701  6.147  -21.504  69.937 0.6250000000
57702  5.140  -21.448  70.515 0.6250000000
57714  4.251  -22.447  69.923 0.6250000000
55841  3.757  -23.780  68.264 0.2500000000
54802  3.734  -24.222  67.518 0.2500000000
66623  26.014  -13.038  87.505 0.2500000000
142284  12.099  -14.757  78.566 0.7500000000
63786  11.925  -15.602  76.828 0.8750000000
63822  11.960  -16.248  75.350 0.8750000000
62861  10.298  -17.174  72.288 0.7500000000
61685  24.932  -15.661  85.575 0.6250000000
137415  23.699  -16.533  84.989 0.6250000000
60762  8.037  -18.292  70.969 0.7500000000
60639  23.129  -16.917  83.888 0.6250000000
59553  20.034  -18.450  83.510 0.5000000000
59717  7.633  -20.256  69.143 0.7500000000
145017  6.637  -20.456  68.313 0.6250000000
58717  6.145  -20.094  67.864 0.7500000000
57570  16.317  -19.440  80.212 0.2500000000
58560  17.616  -18.957  79.776 0.3750000000
54817  3.828  -23.886  66.700 0.1250000000
66634  27.478  -12.495  86.981 0.1250000000
64676  27.400  -13.899  87.447 0.2500000000
144334  27.164  -14.642  87.019 0.3750000000
64689  27.839  -14.408  87.228 0.2500000000
63835  13.108  -15.731  74.176 0.7500000000
64821  11.416  -15.205  72.638 0.7500000000
61828  7.390  -17.317  71.452 0.7500000000
61827  8.349  -17.537  71.562 0.7500000000
61829  6.570  -17.533  71.356 0.7500000000
62862  9.395  -16.266  71.931 0.7500000000
127469  24.748  -16.356  83.898 0.6250000000
129299  22.816  -17.187  83.297 0.5000000000
58544  19.260  -18.245  82.323 0.5000000000
60775  5.776  -18.549  70.153 0.7500000000
140806  21.503  -17.739  82.456 0.5000000000
59558  20.728  -17.852  82.426 0.5000000000
58545  18.582  -18.407  81.831 0.5000000000
60783  4.364  -18.612  69.373 0.7500000000
146418  18.583  -18.354  80.166 0.5000000000
60791  4.143  -18.763  68.553 0.7500000000
59732  5.848  -19.597  67.812 0.6250000000
59747  4.466  -19.587  66.843 0.6250000000
57753  3.489  -21.605  65.788 0.3750000000
56865  3.803  -22.324  64.747 0.1250000000
55869  3.978  -23.212  65.471 0.1250000000
55886  4.744  -22.983  64.890 0.1250000000
54831  4.295  -23.865  65.818 0.1250000000
64675  29.031  -14.611  87.330 0.3750000000
63711  29.333  -15.627  87.160 0.5000000000
64786  13.720  -14.022  76.800 0.7500000000
61672  29.464  -16.310  86.588 0.5000000000
64790  13.840  -14.244  75.921 0.7500000000
63820  13.547  -15.085  74.843 0.8750000000
129571  14.147  -13.239  74.864 0.7500000000
66774  12.806  -13.429  73.434 0.8750000000
61690  27.641  -15.779  84.948 0.7500000000
61691  26.468  -15.569  84.816 0.7500000000
63862  9.481  -15.257  72.226 0.7500000000
142614  10.200  -15.179  72.374 0.7500000000
59515  30.485  -18.449  85.349 0.6250000000
145882  30.503  -18.814  84.356 0.6250000000
59529  30.320  -18.061  84.747 0.6250000000
136281  28.836  -16.811  83.568 0.8750000000
129468  27.796  -16.381  83.646 0.7500000000
57558  30.709  -20.520  82.205 0.7500000000
58516  30.780  -19.906  83.411 0.7500000000
58517  30.511  -19.329  82.980 0.7500000000
152303  29.970  -17.982  82.941 0.7500000000
60644  28.397  -17.265  82.289 0.7500000000
60636  27.079  -16.515  83.300 0.7500000000
60776  4.690  -18.383  70.163 0.7500000000
62863  6.596  -16.323  72.608 0.8750000000
59556  29.930  -18.916  81.709 0.6250000000
61702  26.586  -17.034  81.936 0.7500000000
60657  21.322  -17.629  81.683 0.5000000000
60777  3.833  -18.134  70.029 0.7500000000
61870  3.308  -17.631  68.317 0.5000000000
56643  31.487  -21.639  82.451 0.7500000000
60654  27.377  -17.272  81.382 0.6250000000
61714  26.415  -17.138  81.183 0.7500000000
61717  23.629  -16.766  80.566 0.5000000000
142852  19.684  -17.849  80.972 0.5000000000
61896  2.350  -17.281  66.705 0.5000000000
61718  22.730  -16.906  80.299 0.3750000000
60663  21.617  -16.926  80.038 0.3750000000
59581  19.228  -17.966  78.993 0.3750000000
59763  3.523  -18.911  65.837 0.2500000000
61726  22.375  -16.476  79.341 0.2500000000
61739  22.148  -16.359  78.251 0.2500000000
58581  18.850  -18.976  77.999 0.2500000000
62971  3.693  -16.296  64.347 0.1250000000
62990  4.794  -16.812  63.561 0.1250000000
59781  3.862  -19.378  64.281 0.2500000000
59797  4.877  -19.760  62.945 0.1250000000
58747  3.626  -20.506  64.588 0.1250000000
59812  7.545  -18.703  62.934 0.1250000000
61973  5.603  -17.393  62.626 0.1250000000
59796  5.511  -20.165  62.923 0.1250000000
59794  7.137  -19.661  63.252 0.1250000000
61649  31.988  -17.593  88.038 0.6250000000
61651  30.906  -17.242  87.684 0.6250000000
61661  30.401  -17.146  87.311 0.6250000000
62722  30.479  -16.583  87.602 0.5000000000
61652  29.994  -16.703  87.249 0.6250000000
63710  30.187  -15.831  87.573 0.5000000000
59500  30.854  -18.431  86.656 0.5000000000
60594  30.554  -17.793  86.765 0.6250000000
58469  31.267  -19.391  86.158 0.6250000000
64822  10.560  -14.705  72.628 0.8750000000
58492  31.459  -20.187  85.143 0.5000000000
64810  7.906  -14.151  73.300 0.8750000000
64823  9.618  -14.532  72.674 0.7500000000
139534  3.342  -17.162  68.824 0.7500000000
138962  3.462  -16.592  69.557 0.6250000000
63874  3.499  -15.800  71.256 0.7500000000
61832  3.794  -17.176  71.207 0.7500000000
62865  4.404  -16.284  72.754 0.7500000000
63934  4.291  -15.227  65.241 0.1250000000
63952  4.158  -15.563  64.636 0.1250000000
129601  2.424  -16.032  66.539 0.3750000000
54572  32.264  -22.760  81.942 0.6250000000
54590  31.274  -21.789  80.199 0.5000000000
62947  2.154  -16.571  66.198 0.2500000000
54587  32.788  -22.968  81.416 0.6250000000
63003  5.933  -16.920  62.737 0.1250000000
61971  7.268  -17.195  62.648 0.1250000000
62968  7.230  -16.565  63.737 0.1250000000
62967  8.013  -16.658  63.980 0.1250000000
61969  9.237  -17.747  63.263 0.1250000000
60843  7.926  -17.878  62.736 0.1250000000
142849  10.151  -17.414  63.436 0.1250000000
60841  9.907  -18.290  63.005 0.1250000000
58468  32.276  -19.484  86.596 0.5000000000
142246  9.219  -13.226  73.450 0.8750000000
65816  12.689  -12.612  74.083 0.8750000000
57520  32.953  -20.114  86.064 0.6250000000
64846  3.633  -14.990  71.056 0.7500000000
63850  5.975  -14.939  73.620 0.8750000000
64811  6.569  -14.459  73.482 0.8750000000
55614  32.015  -21.686  83.380 0.7500000000
55603  32.614  -21.499  84.324 0.6250000000
64870  3.931  -15.291  67.784 0.5000000000
53581  31.517  -22.931  78.533 0.3750000000
53580  32.283  -22.926  79.198 0.3750000000
53561  33.511  -23.046  80.429 0.7500000000
141437  33.246  -23.707  78.808 0.6250000000
142848  9.816  -17.205  63.658 0.1250000000
63946  10.238  -16.324  65.046 0.1250000000
57518  33.745  -20.233  85.930 0.6250000000
56614  33.442  -21.341  84.568 0.6250000000
55612  33.278  -21.932  83.673 0.5000000000
55626  33.993  -22.441  82.551 0.5000000000
152265  32.680  -22.959  82.092 0.6250000000
55662  34.502  -22.213  81.281 0.6250000000
54586  33.836  -22.953  80.586 0.7500000000
53594  34.201  -23.742  78.349 0.5000000000
58479  34.869  -19.678  85.754 0.6250000000
57535  35.148  -20.221  84.305 0.6250000000
54622  34.430  -23.424  78.946 0.6250000000
53612  34.414  -24.088  77.695 0.5000000000
55714  35.558  -22.958  77.502 0.7500000000
54658  35.417  -23.649  77.131 0.3750000000
59527  35.760  -19.288  84.982 0.6250000000
56637  34.704  -21.603  82.703 0.7500000000
132162  35.190  -21.420  81.766 0.6250000000
56703  35.495  -22.122  78.584 0.8750000000
55696  35.568  -22.175  77.886 0.7500000000
137401  35.912  -23.293  76.076 0.2500000000
55745  35.978  -22.978  75.349 0.3750000000
132974  36.114  -19.601  83.359 0.7500000000
57557  35.544  -20.484  82.582 0.7500000000
137421  35.722  -20.260  81.617 0.7500000000
56670  35.471  -21.061  80.505 0.7500000000
56685  35.485  -21.176  79.730 0.8750000000
141384  35.573  -20.843  78.484 0.8750000000
57625  35.667  -21.408  77.072 0.6250000000
57635  35.645  -21.838  76.365 0.3750000000
57626  35.321  -20.852  76.156 0.3750000000
58616  35.065  -21.133  75.257 0.2500000000
128146  35.680  -22.248  75.510 0.2500000000
58628  34.832  -21.356  74.287 0.2500000000
58555  36.021  -19.859  80.502 0.7500000000
58567  35.969  -20.041  79.922 0.7500000000
57592  35.649  -20.725  79.588 0.7500000000
58599  35.420  -20.635  77.094 0.5000000000
58541  36.548  -19.116  81.666 0.7500000000
58577  35.836  -19.887  78.974 0.8750000000
58588  35.543  -20.417  78.256 0.8750000000
133599  37.208  -18.472  81.038 0.7500000000
60660  37.300  -18.155  80.562 0.7500000000
132146  36.069  -18.703  78.753 1.0000000000
139132  35.632  -19.060  78.336 1.0000000000
60668  37.300  -17.688  80.015 0.7500000000
62844  32.621  -16.314  74.410 0.3750000000
62799  35.798  -15.855  77.220 0.8750000000
63802  36.440  -15.045  77.240 0.8750000000
63819  35.089  -15.246  75.840 0.7500000000
63784  37.357  -14.449  78.192 0.5000000000
63785  36.833  -14.855  77.776 0.6250000000
64785  37.033  -14.067  77.520 0.6250000000
146111  38.395  -12.919  78.396 0.3750000000
66752  38.400  -12.431  77.943 0.3750000000
65806  37.627  -12.781  77.359 0.5000000000
68592  39.423  -10.488  77.885 0.3750000000
69563  39.774  -9.337  78.797 0.2500000000
72638  41.065  -6.942  77.283 0.2500000000
72783  43.716  -6.627  63.673 0.3750000000
144443  45.160  -6.853  65.613 0.6250000000
125970  43.894  -7.305  66.092 0.5000000000
71881  43.675  -6.850  61.266 0.2500000000
71799  46.806  -7.523  67.932 0.8750000000
71784  46.069  -7.470  68.375 0.8750000000
71771  45.567  -7.406  69.326 0.8750000000
146741  48.192  -6.063  62.264 0.6250000000
71858  50.286  -6.283  61.818 0.6250000000
129581  49.943  -5.819  62.558 0.6250000000
72799  48.759  -5.904  62.600 0.6250000000
71875  49.131  -7.043  60.714 0.7500000000
71876  48.058  -6.891  60.747 0.7500000000
71892  48.328  -7.801  60.281 0.7500000000
70826  47.754  -8.596  60.034 0.6250000000
69736  47.248  -9.189  59.664 0.6250000000
140286  52.338  -7.595  59.708 0.7500000000
148974  53.452  -6.607  58.248 0.8750000000
73805  54.267  -5.305  58.975 0.6250000000
72849  53.590  -7.205  56.203 0.6250000000
74791  55.503  -4.119  59.998 0.3750000000
50368  2.303  -28.651  86.793 0.1250000000
51469  2.697  -27.635  86.884 0.1250000000
51470  2.365  -27.549  86.743 0.1250000000
51485  2.168  -27.378  86.617 0.1250000000
51484  3.536  -27.908  86.679 0.1250000000
51468  3.068  -27.745  86.875 0.1250000000
52513  2.958  -26.698  87.100 0.1250000000
51524  1.739  -27.389  85.446 0.2500000000
51483  3.938  -28.167  86.369 0.1250000000
149894  1.723  -27.845  84.587 0.2500000000
140528  2.585  -26.937  86.913 0.1250000000
52540  2.016  -26.557  86.525 0.1250000000
140704  3.448  -26.828  86.954 0.1250000000
51504  1.929  -27.333  86.226 0.2500000000
52526  3.975  -27.007  86.643 0.1250000000
150329  1.687  -27.504  83.978 0.3750000000
144636  1.838  -26.894  82.839 0.2500000000
127616  1.765  -27.576  83.281 0.2500000000
51614  3.296  -27.530  80.305 0.2500000000
50492  3.041  -28.162  80.847 0.2500000000
52514  2.641  -26.139  87.023 0.1250000000
53501  2.819  -25.297  87.315 0.1250000000
52527  2.289  -26.110  86.846 0.1250000000
138676  2.342  -26.765  86.792 0.1250000000
130567  3.333  -25.860  87.170 0.1250000000
52550  1.602  -26.451  85.242 0.3750000000
128513  1.646  -27.032  84.542 0.3750000000
132287  4.540  -26.292  86.567 0.1250000000
143444  1.680  -26.884  83.695 0.3750000000
52573  1.693  -26.186  83.279 0.2500000000
52610  2.631  -26.915  81.177 0.2500000000
150047  2.161  -26.835  81.868 0.2500000000
51600  2.746  -27.633  81.226 0.2500000000
151596  2.483  -27.275  81.464 0.2500000000
51613  3.599  -27.677  79.823 0.3750000000
50518  4.123  -27.691  79.395 0.3750000000
53518  2.012  -25.654  86.759 0.2500000000
141008  3.000  -25.808  87.234 0.2500000000
53511  2.444  -25.477  87.073 0.2500000000
126619  1.701  -25.879  86.010 0.2500000000
52559  1.557  -26.119  84.253 0.3750000000
127336  2.438  -26.143  81.243 0.2500000000
52622  3.275  -26.659  80.251 0.3750000000
51629  3.894  -27.155  79.511 0.3750000000
51642  5.568  -26.874  78.357 0.3750000000
52639  4.778  -26.337  78.851 0.3750000000
134579  4.220  -26.626  79.278 0.3750000000
52660  6.439  -26.556  77.707 0.3750000000
51641  6.344  -27.401  77.810 0.3750000000
52681  6.776  -25.971  76.964 0.3750000000
54518  2.646  -24.171  87.438 0.3750000000
54516  3.549  -24.305  87.688 0.3750000000
54517  2.981  -24.418  87.713 0.3750000000
54526  2.196  -24.797  87.047 0.5000000000
131626  1.777  -25.032  86.402 0.5000000000
53499  3.760  -25.056  87.405 0.2500000000
145236  4.029  -25.862  86.890 0.1250000000
126078  1.517  -24.757  85.020 0.5000000000
52512  4.925  -25.518  86.874 0.1250000000
127091  1.599  -25.545  83.625 0.3750000000
126516  1.843  -25.463  82.788 0.3750000000
52640  4.174  -25.883  79.322 0.3750000000
146527  3.521  -25.861  79.832 0.3750000000
53644  4.752  -25.506  78.736 0.3750000000
53662  6.816  -25.411  76.317 0.3750000000
53642  6.193  -25.534  77.817 0.3750000000
52680  6.920  -26.280  75.974 0.3750000000
133640  3.011  -23.555  87.775 0.3750000000
55574  2.702  -23.376  87.456 0.5000000000
55587  2.247  -23.936  87.092 0.5000000000
55572  3.541  -23.426  87.760 0.3750000000
55599  1.881  -23.654  86.475 0.5000000000
54534  1.888  -24.366  86.648 0.5000000000
54542  1.628  -24.322  85.861 0.5000000000
53498  4.558  -24.922  87.292 0.3750000000
54549  1.551  -24.405  84.272 0.3750000000
53534  1.501  -25.194  84.291 0.5000000000
149731  1.693  -24.080  83.663 0.3750000000
53545  1.667  -24.781  83.487 0.3750000000
126511  1.912  -24.697  82.707 0.3750000000
127974  2.518  -24.427  81.385 0.3750000000
54600  2.164  -24.983  82.030 0.3750000000
54636  2.890  -25.030  80.417 0.3750000000
54691  5.891  -24.763  77.530 0.3750000000
52696  6.645  -26.404  75.093 0.3750000000
55556  4.118  -22.791  87.754 0.3750000000
147707  3.387  -23.094  87.737 0.3750000000
54507  4.715  -23.538  87.676 0.3750000000
133269  4.863  -24.212  87.504 0.3750000000
54515  4.253  -24.249  87.582 0.3750000000
135624  1.577  -23.945  84.969 0.3750000000
127615  1.871  -24.111  83.014 0.3750000000
55557  3.743  -22.723  87.720 0.3750000000
54508  4.101  -23.460  87.720 0.3750000000
130831  5.888  -23.792  87.299 0.2500000000
54514  5.304  -23.675  87.515 0.3750000000
55624  1.715  -23.130  84.782 0.5000000000
150861  5.917  -24.194  87.050 0.2500000000
56574  4.158  -22.297  87.721 0.3750000000
56573  4.546  -22.338  87.777 0.3750000000
55573  3.239  -22.776  87.676 0.3750000000
55554  5.179  -22.936  87.710 0.3750000000
134780  5.631  -22.439  87.766 0.3750000000
56572  5.206  -22.309  87.815 0.3750000000
54512  6.537  -23.313  87.427 0.2500000000
55585  7.948  -23.177  87.001 0.2500000000
128831  7.477  -23.772  86.844 0.2500000000
151304  8.034  -23.767  86.558 0.1250000000
55598  9.043  -22.778  86.342 0.2500000000
54524  8.406  -24.055  86.062 0.1250000000
56624  10.058  -22.466  85.260 0.2500000000
55597  9.793  -23.168  85.121 0.2500000000
135859  6.536  -21.638  87.981 0.3750000000
55553  6.371  -22.339  87.722 0.3750000000
56588  7.823  -21.934  87.849 0.3750000000
55569  7.568  -22.660  87.523 0.3750000000
55586  7.261  -23.290  87.323 0.3750000000
56599  9.446  -22.082  86.287 0.2500000000
56623  10.349  -22.123  84.826 0.2500000000
56610  10.149  -21.702  85.367 0.2500000000
56611  9.887  -22.103  85.802 0.2500000000
147159  10.406  -22.122  84.027 0.2500000000
56569  7.402  -21.509  88.210 0.3750000000
56589  7.150  -22.165  87.843 0.3750000000
126139  9.336  -21.426  86.708 0.3750000000
143692  8.532  -22.772  86.809 0.2500000000
57533  9.721  -21.239  86.084 0.3750000000
58501  10.613  -20.145  85.108 0.5000000000
57532  10.196  -20.670  85.544 0.3750000000
57542  10.528  -21.275  84.742 0.2500000000
58526  11.900  -19.858  82.865 0.5000000000
57548  11.144  -20.589  83.274 0.3750000000
57515  8.051  -21.153  88.194 0.3750000000
128037  11.608  -19.719  83.640 0.5000000000
58525  12.995  -19.509  82.779 0.5000000000
58543  30.163  -19.823  81.280 0.6250000000
59562  29.765  -19.154  80.876 0.5000000000
58556  30.092  -20.027  80.348 0.3750000000
58513  11.783  -19.192  84.396 0.5000000000
58524  14.124  -19.369  82.765 0.5000000000
59563  29.480  -18.284  81.317 0.5000000000
58569  29.507  -19.799  78.873 0.3750000000
147862  29.585  -20.707  78.443 0.1250000000
58539  13.336  -19.777  81.977 0.3750000000
137362  28.794  -20.637  77.399 0.1250000000
57568  30.448  -20.497  80.813 0.5000000000
58568  29.901  -20.338  79.370 0.3750000000
57602  28.466  -20.549  76.947 0.1250000000
57601  28.683  -21.203  77.060 0.1250000000
135157  28.026  -20.896  75.692 0.1250000000
57594  29.161  -21.044  77.720 0.2500000000
136331  28.113  -21.400  75.611 0.1250000000
65724  7.034  -14.511  86.651 0.6250000000
57559  30.462  -20.330  81.597 0.6250000000
53616  31.825  -24.230  77.527 0.2500000000
56741  27.786  -21.700  75.279 0.1250000000
63852  4.529  -15.023  73.318 0.6250000000
65829  3.832  -13.926  72.339 0.6250000000
66787  3.829  -13.350  71.715 0.5000000000
65673  9.029  -14.536  88.800 0.7500000000
65691  8.437  -14.523  88.162 0.7500000000
66657  7.686  -14.081  86.940 0.7500000000
66679  7.336  -14.502  85.371 0.7500000000
66716  9.150  -14.416  83.442 0.7500000000
126168  8.488  -14.496  82.720 0.7500000000
68573  14.177  -10.584  79.529 0.5000000000
68585  14.264  -11.008  78.695 0.5000000000
57581  30.310  -20.717  79.852 0.3750000000
68586  13.993  -10.645  78.160 0.5000000000
56673  30.387  -21.196  79.399 0.3750000000
57593  30.034  -20.990  78.852 0.3750000000
67639  13.767  -10.538  77.504 0.5000000000
55664  31.142  -21.521  80.724 0.5000000000
55673  30.341  -21.581  78.936 0.3750000000
56688  29.579  -21.363  78.050 0.1250000000
67647  14.162  -10.987  77.158 0.5000000000
145021  11.981  -10.327  76.641 0.5000000000
67658  12.279  -11.055  75.606 0.5000000000
55684  29.894  -22.074  78.027 0.2500000000
56704  29.552  -21.935  77.699 0.1250000000
56731  28.896  -22.093  76.489 0.1250000000
66767  14.097  -12.294  75.238 0.6250000000
67657  13.580  -10.887  75.926 0.5000000000
68608  12.606  -10.598  76.322 0.5000000000
67670  11.702  -11.289  75.115 0.5000000000
54624  30.846  -22.701  78.409 0.2500000000
55698  29.574  -22.510  77.437 0.2500000000
151063  29.223  -22.470  76.767 0.1250000000
56732  28.423  -21.772  75.829 0.1250000000
66770  13.553  -12.742  74.602 0.6250000000
67669  13.397  -11.514  75.337 0.5000000000
67676  12.132  -11.828  74.586 0.5000000000
67671  11.073  -11.009  75.243 0.5000000000
133981  28.743  -22.591  75.485 0.1250000000
56716  28.485  -21.452  76.287 0.1250000000
66768  13.113  -12.044  74.734 0.6250000000
67677  11.401  -11.527  74.600 0.6250000000
145745  10.945  -11.933  74.113 0.5000000000
53598  30.940  -23.371  77.891 0.2500000000
55746  28.446  -22.922  74.645 0.1250000000
66771  11.602  -12.193  74.083 0.7500000000
66776  10.903  -12.594  73.765 0.7500000000
66772  10.220  -12.069  73.801 0.6250000000
53631  34.141  -24.631  77.393 0.5000000000
64812  5.674  -14.164  73.343 0.7500000000
64826  4.044  -14.483  72.906 0.6250000000
138319  3.948  -13.237  72.283 0.6250000000
66785  5.007  -12.454  72.067 0.6250000000
66786  4.159  -12.589  71.866 0.6250000000
128232  4.695  -11.874  71.637 0.6250000000
65838  4.020  -13.269  71.039 0.5000000000
66798  4.136  -12.703  71.186 0.5000000000
66656  8.249  -13.904  87.175 0.7500000000
66655  8.910  -13.629  87.206 0.7500000000
66668  7.679  -14.201  86.242 0.7500000000
133869  8.439  -13.826  86.172 0.7500000000
66690  8.498  -14.237  84.885 0.7500000000
66717  8.147  -14.471  83.452 0.7500000000
66703  8.809  -14.341  84.187 0.7500000000
65769  8.876  -14.520  82.035 0.7500000000
147405  10.506  -14.551  80.782 0.7500000000
142155  11.159  -14.427  80.170 0.7500000000
67633  14.232  -11.455  79.316 0.5000000000
68574  13.665  -9.896  79.385 0.5000000000
142429  14.268  -11.632  78.467 0.5000000000
129495  13.881  -10.278  78.720 0.5000000000
65801  13.920  -13.111  78.186 0.5000000000
66750  14.393  -11.928  77.836 0.5000000000
67638  14.200  -11.271  77.878 0.5000000000
68575  12.959  -9.665  78.667 0.5000000000
65805  14.234  -13.104  77.123 0.6250000000
66758  14.274  -12.538  77.773 0.5000000000
68598  12.015  -9.920  77.175 0.5000000000
66757  14.565  -12.211  77.050 0.6250000000
67646  14.463  -11.530  77.087 0.5000000000
142534  14.352  -11.087  76.427 0.5000000000
68609  11.566  -10.689  76.154 0.5000000000
56715  28.878  -21.772  76.912 0.1250000000
65809  14.346  -13.386  76.111 0.6250000000
67659  11.247  -10.893  75.667 0.5000000000
67660  10.566  -10.715  75.820 0.5000000000
134835  28.744  -22.209  75.950 0.1250000000
55732  28.310  -22.057  75.527 0.1250000000
56752  27.350  -21.967  74.633 0.1250000000
67678  10.950  -11.156  74.481 0.5000000000
55747  28.039  -22.260  75.005 0.1250000000
55761  27.790  -22.588  74.244 0.1250000000
56764  27.188  -22.228  73.783 0.1250000000
66775  11.861  -12.952  73.540 0.7500000000
68638  10.276  -11.176  73.827 0.6250000000
55760  28.030  -23.437  73.901 0.1250000000
55777  27.536  -23.007  73.340 0.1250000000
65820  10.042  -12.942  73.590 0.7500000000
67682  9.177  -11.832  73.366 0.7500000000
65821  8.351  -13.057  73.355 0.7500000000
66777  9.123  -12.532  73.464 0.7500000000
136155  7.873  -13.559  73.278 0.7500000000
139338  7.498  -13.159  73.046 0.7500000000
66778  8.060  -12.390  73.051 0.7500000000
138737  7.138  -13.888  73.285 0.7500000000
66779  7.072  -12.729  72.607 0.7500000000
68656  7.135  -11.381  71.871 0.6250000000
65822  6.689  -13.403  72.791 0.7500000000
67685  6.646  -12.384  72.219 0.7500000000
67694  5.571  -11.813  71.830 0.7500000000
64813  4.737  -14.216  73.200 0.7500000000
67686  5.893  -12.478  72.084 0.7500000000
68670  5.769  -11.033  71.504 0.6250000000
68671  4.700  -11.320  71.013 0.6250000000
67708  4.589  -11.502  70.355 0.3750000000
66644  8.715  -14.112  87.837 0.7500000000
66677  9.029  -13.733  85.642 0.7500000000
66689  9.370  -13.848  84.825 0.7500000000
126259  10.250  -13.516  84.694 0.7500000000
66715  10.117  -14.219  83.359 0.7500000000
66701  10.639  -13.667  83.924 0.7500000000
65756  10.423  -14.249  82.625 0.7500000000
66714  10.956  -13.826  83.150 0.7500000000
66711  13.210  -12.441  82.019 0.5000000000
67614  13.932  -11.710  81.936 0.5000000000
68538  14.481  -10.039  82.090 0.5000000000
149210  11.339  -13.785  81.758 0.7500000000
66725  11.811  -13.285  82.005 0.7500000000
66723  13.543  -12.341  81.340 0.5000000000
137025  14.349  -11.092  81.533 0.5000000000
138832  14.396  -10.527  81.602 0.5000000000
148818  11.084  -14.066  81.128 0.7500000000
66734  12.021  -13.478  81.188 0.6250000000
66733  13.018  -12.906  80.835 0.5000000000
66732  13.806  -12.242  80.506 0.5000000000
67620  14.341  -10.872  80.892 0.5000000000
68550  14.250  -10.049  81.247 0.5000000000
65779  12.543  -13.504  80.323 0.6250000000
66742  13.320  -12.863  79.954 0.5000000000
66741  13.953  -12.187  79.593 0.5000000000
68560  14.165  -10.400  80.384 0.5000000000
69559  13.508  -9.729  79.986 0.5000000000
65794  12.885  -13.564  79.470 0.6250000000
65793  13.598  -12.934  79.064 0.6250000000
66740  14.142  -12.262  78.594 0.5000000000
65802  13.196  -13.696  78.630 0.6250000000
68587  13.147  -10.021  77.851 0.5000000000
141765  11.075  -9.822  77.407 0.5000000000
64779  13.492  -13.859  77.736 0.6250000000
141908  11.179  -10.333  76.743 0.5000000000
67648  10.738  -10.598  76.248 0.5000000000
67649  10.052  -10.459  76.411 0.5000000000
67672  10.583  -10.767  75.456 0.5000000000
68625  10.584  -10.282  74.149 0.5000000000
149621  10.024  -10.797  73.279 0.6250000000
68639  9.284  -11.281  73.054 0.6250000000
145196  27.254  -23.437  72.154 0.1250000000
68655  7.964  -11.143  72.100 0.6250000000
68668  7.508  -10.630  71.592 0.6250000000
67692  7.608  -11.667  72.420 0.6250000000
68669  6.590  -10.815  71.537 0.6250000000
69643  6.004  -10.114  71.146 0.3750000000
66713  11.630  -13.238  82.788 0.6250000000
66726  11.168  -13.839  82.405 0.6250000000
66712  12.443  -12.788  82.410 0.5000000000
69529  13.668  -9.499  81.216 0.5000000000
69549  11.991  -9.121  80.369 0.5000000000
68576  11.777  -9.401  78.733 0.5000000000
142218  12.007  -9.616  77.931 0.5000000000
68626  10.674  -10.776  74.846 0.5000000000
68652  10.356  -10.254  73.368 0.6250000000
69642  7.014  -9.965  71.110 0.5000000000
64802  34.798  -13.617  74.124 0.5000000000
64801  35.395  -13.303  74.475 0.6250000000
64818  35.168  -13.042  73.613 0.5000000000
149275  43.659  -7.070  64.843 0.3750000000
65814  35.837  -12.995  74.826 0.7500000000
65817  35.701  -12.609  74.019 0.5000000000
65827  35.384  -12.456  73.059 0.3750000000
73765  52.032  -5.425  64.216 0.2500000000
65832  35.107  -12.382  72.069 0.5000000000
65833  34.549  -12.618  71.459 0.2500000000
72751  51.028  -5.874  65.575 0.3750000000
73764  52.989  -5.464  63.932 0.3750000000
70874  50.492  -8.521  56.552 0.6250000000
69806  49.760  -8.737  56.854 0.6250000000
147773  36.268  -12.085  73.997 0.8750000000
66773  35.908  -11.980  73.294 0.6250000000
66784  35.752  -11.831  72.379 0.6250000000
66788  35.585  -11.325  71.356 0.6250000000
66795  35.654  -10.870  70.241 0.5000000000
66803  35.073  -11.524  69.932 0.5000000000
66809  35.294  -11.398  68.875 0.5000000000
66813  35.608  -11.500  67.862 0.3750000000
70851  51.149  -8.373  58.287 0.6250000000
69764  50.571  -8.499  57.760 0.6250000000
71913  52.111  -8.135  56.838 0.6250000000
70873  51.333  -8.302  56.286 0.6250000000
131987  50.181  -8.568  56.465 0.5000000000
70894  49.117  -7.883  56.420 0.2500000000
70895  47.999  -7.958  56.453 0.1250000000
71934  47.297  -7.139  55.531 0.1250000000
71949  46.322  -7.013  54.544 0.1250000000
71930  51.309  -7.891  55.723 0.5000000000
70892  50.674  -8.306  56.137 0.5000000000
149670  44.852  -7.497  69.760 0.6250000000
131435  46.703  -7.475  68.997 0.6250000000
67707  36.412  -10.413  70.647 0.6250000000
148346  36.191  -11.010  69.122 0.5000000000
65847  40.025  -11.736  68.124 0.5000000000
65849  39.029  -11.354  68.225 0.5000000000
66808  37.124  -11.202  68.327 0.5000000000
142768  36.183  -11.262  68.337 0.5000000000
65858  38.978  -11.521  67.571 0.5000000000
65850  37.977  -11.418  67.690 0.5000000000
66812  36.712  -11.512  67.647 0.5000000000
66829  40.085  -11.646  67.178 0.5000000000
65857  39.597  -11.621  67.581 0.3750000000
126407  38.178  -11.740  66.830 0.2500000000
65859  37.169  -11.786  66.888 0.3750000000
70893  50.035  -8.091  56.295 0.5000000000
71933  48.541  -7.112  55.917 0.2500000000
71931  50.536  -7.579  55.862 0.5000000000
71932  49.643  -7.202  56.067 0.3750000000
71948  48.000  -6.450  55.153 0.2500000000
149119  47.149  -6.549  54.706 0.1250000000
72859  50.146  -6.713  55.556 0.3750000000
72860  49.083  -6.499  55.460 0.3750000000
72876  47.555  -6.076  54.270 0.1250000000
72877  46.724  -6.415  53.845 0.1250000000
71962  46.050  -6.955  53.365 0.1250000000
72892  46.545  -6.534  52.780 0.1250000000
72898  47.050  -6.123  52.269 0.1250000000
67690  36.301  -10.883  71.698 0.6250000000
66791  40.126  -11.239  69.691 0.5000000000
147770  38.059  -10.792  68.975 0.5000000000
66794  37.050  -10.530  69.564 0.5000000000
66801  39.822  -11.481  69.028 0.5000000000
65840  39.623  -11.507  68.583 0.5000000000
66807  38.168  -11.096  68.444 0.5000000000
66802  37.336  -10.904  68.847 0.5000000000
65839  40.016  -11.678  68.584 0.5000000000
72858  51.066  -7.114  55.389 0.3750000000
72872  51.741  -6.702  54.923 0.3750000000
72873  50.642  -6.305  55.024 0.3750000000
72874  49.606  -5.983  54.999 0.2500000000
72875  48.520  -5.932  54.686 0.2500000000
135979  51.574  -5.380  54.140 0.3750000000
73839  51.109  -5.861  54.571 0.3750000000
73853  50.532  -5.134  54.037 0.3750000000
135978  50.065  -5.622  54.474 0.2500000000
73840  49.003  -5.540  54.157 0.2500000000
72890  48.000  -5.629  53.757 0.2500000000
72891  47.157  -5.965  53.278 0.2500000000
73854  49.459  -5.065  53.719 0.1250000000
73855  48.471  -5.202  53.248 0.2500000000
74842  51.045  -4.664  53.545 0.1250000000
74843  49.974  -4.549  53.245 0.1250000000
73856  47.627  -5.542  52.739 0.1250000000
75759  51.061  -3.717  52.076 0.1250000000
74851  50.536  -4.085  52.719 0.1250000000
74852  49.529  -4.173  52.250 0.1250000000
73862  48.972  -4.706  52.765 0.1250000000
73863  48.103  -5.073  52.221 0.1250000000
75765  52.716  -3.025  52.132 0.2500000000
75758  51.971  -3.738  52.448 0.1250000000
75767  51.528  -3.396  51.370 0.1250000000
66792  39.423  -11.057  69.500 0.6250000000
66793  38.434  -10.673  69.462 0.6250000000
74826  53.488  -5.446  54.395 0.6250000000
73852  52.588  -5.573  54.187 0.3750000000
74840  53.024  -4.974  53.854 0.2500000000
75751  53.331  -4.110  53.706 0.6250000000
74841  52.058  -4.860  53.735 0.2500000000
76707  53.607  -2.173  53.641 0.8750000000
76708  53.223  -3.151  53.178 0.7500000000
75752  53.101  -4.296  53.582 0.2500000000
74849  52.468  -4.314  53.314 0.2500000000
74850  51.556  -4.185  53.022 0.2500000000
77692  54.171  -1.311  53.137 0.7500000000
76718  53.081  -2.808  52.353 0.5000000000
75756  53.063  -3.627  53.006 0.3750000000
75766  52.279  -3.232  51.770 0.1250000000
75757  52.648  -3.703  52.819 0.1250000000
56571  5.928  -22.031  87.919 0.3750000000
55555  4.616  -22.839  87.764 0.3750000000
55611  1.714  -23.400  85.651 0.6250000000
55639  1.851  -23.504  83.404 0.3750000000
131358  2.132  -23.491  82.629 0.5000000000
65692  7.911  -14.892  87.855 0.6250000000
65707  8.180  -14.319  87.694 0.7500000000
66645  8.512  -13.940  87.447 0.7500000000
65717  7.213  -14.447  87.047 0.7500000000
65746  6.956  -14.474  84.030 0.7500000000
65758  7.493  -14.483  82.725 0.7500000000
51659  6.637  -27.231  75.622 0.3750000000
65770  7.825  -14.601  81.992 0.7500000000
65767  10.708  -14.184  81.930 0.7500000000
58538  14.385  -19.501  81.950 0.3750000000
65812  14.559  -12.845  75.585 0.6250000000
56659  30.661  -21.018  80.431 0.5000000000
56672  30.760  -21.328  80.043 0.3750000000
61723  26.392  -16.881  80.214 0.3750000000
54607  31.530  -22.355  79.483 0.2500000000
53596  32.722  -23.591  78.580 0.2500000000
67703  40.581  -11.041  70.359 0.6250000000
65856  39.961  -11.697  67.602 0.5000000000
54563  1.669  -23.657  84.168 0.3750000000
127614  2.167  -24.194  82.248 0.3750000000
53607  3.065  -25.760  80.366 0.3750000000
66678  8.133  -14.170  85.519 0.7500000000
55672  30.758  -21.606  79.575 0.2500000000
54608  30.790  -22.091  79.026 0.2500000000
135443  1.744  -26.725  85.949 0.2500000000
51482  4.577  -27.217  86.109 0.1250000000
52586  1.897  -26.239  82.522 0.2500000000
51599  3.023  -27.226  80.760 0.2500000000
51630  3.495  -27.137  79.907 0.3750000000
53500  3.187  -25.133  87.517 0.2500000000
127827  1.518  -25.582  85.093 0.5000000000
52609  2.862  -26.375  80.761 0.2500000000
51628  4.716  -27.233  78.960 0.3750000000
139820  2.626  -24.841  87.332 0.3750000000
53525  1.573  -25.110  85.694 0.5000000000
52641  3.713  -26.575  79.695 0.3750000000
52659  6.897  -26.908  76.630 0.3750000000
55571  5.790  -23.057  87.548 0.2500000000
55570  6.994  -22.804  87.634 0.3750000000
55584  8.518  -23.368  86.424 0.1250000000
147672  9.108  -23.508  85.722 0.2500000000
129365  9.583  -22.715  85.764 0.2500000000
57549  10.702  -21.232  83.850 0.2500000000
66667  8.318  -13.819  86.784 0.7500000000
65828  4.292  -13.743  72.684 0.6250000000
65757  9.500  -14.441  82.705 0.7500000000
68561  13.979  -10.065  79.963 0.5000000000
67627  14.290  -10.964  80.088 0.5000000000
68597  12.871  -10.175  76.975 0.5000000000
56687  29.945  -21.548  78.441 0.2500000000
68607  13.611  -10.632  76.721 0.5000000000
55683  30.264  -22.064  78.505 0.2500000000
55699  29.247  -22.213  77.120 0.1250000000
66763  14.830  -11.722  76.274 0.6250000000
54662  29.225  -22.698  76.312 0.1250000000
128247  9.874  -13.342  85.407 0.7500000000
66702  9.745  -14.043  84.099 0.7500000000
65780  11.768  -13.886  80.530 0.6250000000
67684  7.379  -12.090  72.607 0.7500000000
66780  6.286  -12.979  72.374 0.7500000000
66700  11.482  -13.252  83.633 0.7500000000
66724  12.703  -12.914  81.644 0.5000000000
67621  14.146  -11.642  81.074 0.5000000000
67628  14.169  -11.537  80.255 0.5000000000
69547  13.887  -9.822  80.535 0.5000000000
68654  8.906  -10.955  72.305 0.6250000000
67691  8.362  -11.430  72.608 0.6250000000
66699  12.241  -12.698  83.235 0.5000000000
69781  50.225  -8.646  57.153 0.6250000000
70862  51.109  -8.396  57.223 0.6250000000
135211  39.033  -11.163  68.870 0.6250000000
67704  39.681  -10.887  70.032 0.6250000000
73838  52.154  -6.136  54.510 0.3750000000
74839  53.630  -4.848  54.029 0.7500000000
75736  53.570  -4.363  54.357 0.7500000000
76717  53.541  -2.126  52.676 0.7500000000
77702  54.286  -1.375  52.173 0.6250000000
55610  10.189  -22.734  84.587 0.1250000000
54533  9.308  -23.822  84.795 0.1250000000
132411  9.872  -23.360  84.336 0.1250000000
53524  8.838  -24.671  84.317 0.1250000000
56635  10.619  -21.617  82.921 0.1250000000
55622  10.272  -22.498  83.189 0.1250000000
57553  12.251  -20.055  82.032 0.2500000000
57554  11.363  -20.729  82.325 0.1250000000
55637  10.542  -22.367  82.337 0.1250000000
55623  10.204  -22.917  83.869 0.1250000000
66665  10.068  -12.994  86.715 0.6250000000
129357  9.694  -13.273  86.052 0.6250000000
66688  10.712  -13.152  85.382 0.6250000000
66643  9.902  -13.396  87.698 0.6250000000
66654  9.702  -13.339  87.407 0.6250000000
71622  20.792  -7.324  87.247 0.2500000000
70559  19.868  -7.901  87.680 0.2500000000
71610  19.431  -7.775  88.306 0.2500000000
145720  10.150  -13.016  87.266 0.6250000000
138482  11.194  -12.106  86.947 0.6250000000
71621  21.678  -6.635  87.273 0.2500000000
71609  20.240  -7.250  88.023 0.2500000000
67571  11.422  -12.136  86.405 0.6250000000
72572  21.615  -6.194  87.945 0.2500000000
71608  20.942  -6.701  87.853 0.2500000000
144091  20.363  -6.659  88.304 0.2500000000
133144  19.699  -7.025  88.484 0.2500000000
67582  11.754  -12.277  85.762 0.6250000000
133937  20.808  -6.150  88.304 0.2500000000
72573  19.928  -6.225  88.443 0.2500000000
126979  12.059  -12.588  84.998 0.6250000000
66687  11.292  -13.247  84.615 0.5000000000
73515  21.341  -5.584  88.123 0.2500000000
53630  34.748  -24.610  77.110 0.3750000000
136754  34.474  -25.231  76.114 0.2500000000
69460  19.256  -9.422  86.551 0.2500000000
69453  18.591  -9.857  88.008 0.2500000000
68488  18.254  -10.450  88.622 0.2500000000
68479  17.891  -10.326  90.114 0.5000000000
64699  8.544  -14.601  88.618 0.6250000000
70580  20.384  -8.246  86.326 0.2500000000
70581  19.699  -8.706  86.804 0.2500000000
69452  19.069  -9.252  87.376 0.2500000000
69446  18.379  -9.761  88.856 0.2500000000
69443  18.153  -9.689  89.762 0.5000000000
65690  8.875  -14.330  88.302 0.6250000000
144222  21.618  -7.109  86.521 0.2500000000
70567  19.448  -8.575  87.523 0.2500000000
69445  18.829  -9.159  88.149 0.2500000000
69442  18.559  -9.093  88.924 0.2500000000
67546  11.705  -12.009  88.158 0.6250000000
67535  11.291  -12.524  88.237 0.6250000000
71634  20.835  -7.669  86.582 0.2500000000
70566  20.218  -8.090  87.042 0.2500000000
70560  19.124  -8.485  88.194 0.2500000000
142411  17.970  -9.323  90.309 0.5000000000
150945  12.618  -11.645  88.501 0.5000000000
149086  11.157  -12.403  87.809 0.6250000000
71633  22.388  -6.438  86.810 0.2500000000
70556  18.719  -8.368  88.861 0.2500000000
137352  17.450  -9.281  90.841 0.5000000000
68491  14.109  -10.906  88.991 0.5000000000
133027  13.400  -11.182  88.510 0.5000000000
67560  12.133  -11.635  87.677 0.6250000000
67561  11.412  -12.044  87.499 0.6250000000
72579  23.256  -5.615  87.326 0.2500000000
72580  22.469  -6.058  87.470 0.2500000000
71597  18.891  -7.585  88.829 0.2500000000
71598  18.291  -8.186  89.577 0.3750000000
70553  17.254  -8.537  90.823 0.5000000000
70551  16.615  -9.213  91.060 0.5000000000
69441  16.371  -9.277  90.617 0.5000000000
68485  15.149  -10.799  89.605 0.5000000000
68490  15.174  -10.526  88.631 0.3750000000
67559  13.063  -11.319  87.766 0.5000000000
134611  11.773  -11.796  86.967 0.6250000000
128095  23.531  -4.991  87.704 0.1250000000
72571  22.096  -5.686  87.992 0.2500000000
71592  17.569  -8.021  90.160 0.5000000000
70554  16.747  -8.439  90.884 0.5000000000
70555  16.316  -8.387  90.733 0.3750000000
147968  16.206  -9.420  90.135 0.5000000000
68502  14.146  -10.888  87.926 0.3750000000
132580  13.670  -11.214  86.923 0.3750000000
67570  12.160  -11.800  86.267 0.3750000000
75438  22.715  -3.263  87.834 0.1250000000
74463  22.010  -4.854  88.096 0.1250000000
72574  19.013  -6.718  88.674 0.2500000000
71599  18.070  -7.302  89.249 0.2500000000
68484  15.878  -10.041  89.403 0.3750000000
68513  14.759  -10.844  86.770 0.3750000000
67581  12.548  -11.893  85.455 0.3750000000
74473  22.879  -4.413  88.066 0.1250000000
72575  19.169  -6.036  88.547 0.1250000000
67569  14.250  -11.207  85.976 0.3750000000
150062  12.788  -12.143  83.621 0.3750000000
126946  22.225  -3.889  88.124 0.1250000000
74474  21.543  -3.967  87.932 0.1250000000
74464  21.040  -4.875  88.045 0.1250000000
73516  20.513  -5.621  88.264 0.1250000000
151689  35.308  -24.492  76.187 0.2500000000
66663  20.748  -13.572  85.689 0.2500000000
141795  19.093  -14.204  86.709 0.2500000000
65705  17.966  -14.491  87.453 0.3750000000
66649  23.823  -13.133  86.492 0.2500000000
65729  19.638  -13.718  85.435 0.2500000000
65722  18.935  -14.040  85.915 0.2500000000
65723  18.079  -13.834  86.531 0.2500000000
65714  17.596  -13.777  87.318 0.2500000000
65715  17.252  -13.056  87.859 0.3750000000
130097  17.112  -12.883  88.726 0.3750000000
65669  16.632  -13.307  90.216 0.5000000000
66674  18.649  -13.132  84.843 0.2500000000
66675  18.189  -12.699  85.241 0.2500000000
66653  17.529  -12.809  87.165 0.2500000000
66624  17.243  -12.268  89.705 0.5000000000
143555  15.942  -12.767  90.922 0.5000000000
66608  15.006  -12.991  91.687 0.5000000000
65661  13.358  -13.984  91.012 0.6250000000
65663  11.988  -14.441  89.761 0.6250000000
68529  19.894  -10.860  82.807 0.2500000000
67589  18.777  -12.013  83.918 0.2500000000
67568  18.017  -11.967  85.859 0.2500000000
68510  18.361  -11.075  86.760 0.2500000000
66641  17.697  -12.034  88.352 0.2500000000
141856  17.615  -11.755  89.414 0.2500000000
127116  17.426  -11.514  90.191 0.5000000000
66611  16.020  -12.099  91.098 0.5000000000
66612  15.377  -12.447  91.326 0.5000000000
66615  13.573  -13.337  90.879 0.6250000000
65670  12.193  -13.894  89.789 0.6250000000
64670  10.112  -15.045  89.090 0.6250000000
68523  19.520  -10.381  83.583 0.2500000000
68516  18.841  -10.583  85.237 0.2500000000
139531  18.049  -11.130  88.299 0.2500000000
130881  17.946  -11.087  89.069 0.3750000000
134538  17.045  -11.475  90.741 0.5000000000
67522  16.664  -11.543  90.994 0.5000000000
66613  14.988  -12.504  91.491 0.5000000000
128417  14.537  -12.593  91.351 0.5000000000
65688  10.672  -13.884  88.590 0.6250000000
69483  20.078  -9.374  84.072 0.2500000000
69471  19.996  -9.157  85.154 0.2500000000
68498  18.727  -10.043  87.135 0.2500000000
67531  17.815  -10.942  89.915 0.5000000000
143312  17.015  -10.998  91.105 0.5000000000
67523  16.404  -11.264  91.162 0.5000000000
67524  15.585  -11.806  91.189 0.5000000000
67525  14.797  -12.021  91.162 0.5000000000
67528  13.650  -12.243  90.415 0.6250000000
66620  12.500  -13.071  89.647 0.6250000000
66621  11.674  -13.510  89.048 0.6250000000
71651  21.825  -7.700  84.651 0.2500000000
70595  21.169  -8.000  85.110 0.2500000000
70596  20.522  -8.435  85.554 0.2500000000
69459  19.868  -8.900  86.010 0.2500000000
67527  17.455  -10.675  90.683 0.5000000000
68477  16.083  -10.781  91.195 0.5000000000
68482  14.368  -11.699  90.548 0.5000000000
67529  13.007  -12.321  89.828 0.5000000000
67530  12.491  -12.398  89.239 0.6250000000
66626  11.060  -13.106  88.447 0.6250000000
66627  10.176  -13.571  88.097 0.6250000000
71644  21.887  -7.259  85.617 0.2500000000
70579  21.070  -7.743  85.922 0.2500000000
69439  17.740  -9.884  90.489 0.5000000000
68475  17.053  -10.297  91.171 0.5000000000
68478  15.332  -11.370  90.893 0.5000000000
67532  13.524  -11.743  89.878 0.5000000000
67534  12.091  -12.137  88.725 0.5000000000
72584  22.939  -6.196  86.466 0.2500000000
69440  17.328  -9.945  90.946 0.5000000000
149655  16.127  -10.209  91.112 0.5000000000
68481  15.199  -11.109  90.342 0.5000000000
68486  14.212  -11.266  89.790 0.5000000000
67545  13.393  -11.393  89.181 0.5000000000
72583  23.632  -5.717  86.752 0.2500000000
73528  23.868  -5.308  87.216 0.2500000000
69436  17.014  -9.599  91.178 0.5000000000
69438  16.277  -9.928  90.931 0.5000000000
74472  24.168  -4.684  87.313 0.1250000000
70550  17.022  -8.990  91.127 0.5000000000
68480  15.961  -10.269  90.357 0.5000000000
139961  24.267  -3.937  87.193 0.1250000000
74488  23.618  -4.048  87.680 0.1250000000
61670  35.103  -17.892  86.258 0.5000000000
60592  34.524  -18.482  86.970 0.5000000000
71593  16.879  -7.795  90.591 0.3750000000
71594  16.309  -7.599  90.587 0.3750000000
68489  15.818  -9.772  88.402 0.3750000000
68501  15.291  -10.382  87.599 0.3750000000
67580  13.564  -11.486  85.236 0.3750000000
61689  36.940  -17.554  84.595 0.5000000000
61680  36.336  -17.879  85.103 0.6250000000
76348  23.018  -2.189  86.597 0.1250000000
75437  23.596  -3.095  87.162 0.1250000000
70558  16.067  -8.389  90.262 0.3750000000
69444  16.181  -9.044  89.228 0.3750000000
68500  15.841  -9.461  87.363 0.3750000000
68512  15.109  -10.695  85.807 0.3750000000
67591  13.982  -11.248  84.399 0.3750000000
60612  37.218  -17.777  84.127 0.3750000000
60614  36.030  -18.782  85.058 0.6250000000
76356  23.403  -2.217  85.538 0.1250000000
149221  18.217  -6.260  88.755 0.1250000000
132149  17.480  -6.683  89.244 0.2500000000
72561  16.412  -6.892  90.349 0.3750000000
71595  15.761  -7.511  90.483 0.3750000000
135439  15.834  -8.185  89.469 0.3750000000
67601  13.663  -11.537  83.562 0.3750000000
148379  36.986  -18.280  84.190 0.6250000000
59526  36.130  -19.233  84.475 0.6250000000
76357  22.339  -1.713  85.942 0.1250000000
75435  21.187  -2.982  87.576 0.1250000000
144890  20.288  -5.293  88.117 0.1250000000
67615  13.181  -12.121  82.797 0.3750000000
61698  37.869  -17.311  83.121 0.6250000000
60623  37.278  -18.136  83.633 0.6250000000
59540  36.475  -19.131  83.397 0.5000000000
152331  36.248  -19.402  83.617 0.6250000000
149262  22.668  -2.429  87.314 0.1250000000
75439  21.947  -2.419  87.629 0.1250000000
60632  37.671  -17.735  82.804 0.6250000000
60633  37.270  -18.263  83.001 0.6250000000
59548  36.709  -18.819  82.923 0.5000000000
60643  37.375  -18.156  82.412 0.5000000000
141584  36.997  -18.555  82.560 0.5000000000
60642  37.647  -17.768  82.204 0.5000000000
60652  37.331  -18.232  81.762 0.6250000000
66662  21.806  -13.379  85.852 0.2500000000
66672  21.370  -13.123  85.087 0.2500000000
67557  24.260  -12.678  86.093 0.2500000000
67567  23.461  -12.831  85.543 0.2500000000
66671  22.414  -13.011  85.300 0.2500000000
66682  21.978  -12.682  84.328 0.2500000000
66673  20.284  -13.298  84.795 0.2500000000
66684  19.979  -12.864  83.833 0.2500000000
150982  22.256  -12.424  83.941 0.2500000000
66695  21.946  -12.252  83.498 0.2500000000
66685  18.993  -12.781  84.062 0.2500000000
68537  21.271  -10.577  82.269 0.2500000000
67598  19.882  -11.613  82.939 0.2500000000
70633  21.841  -9.092  82.371 0.2500000000
69508  21.058  -9.690  82.525 0.2500000000
69494  20.235  -9.966  83.061 0.2500000000
70622  22.160  -8.414  82.880 0.2500000000
70623  21.398  -8.735  83.102 0.2500000000
69493  20.700  -9.132  83.435 0.2500000000
71658  22.693  -7.826  83.413 0.2500000000
70610  21.190  -8.442  84.154 0.2500000000
71649  22.968  -6.730  84.764 0.2500000000
137683  22.349  -7.111  85.009 0.2500000000
72586  23.597  -6.175  85.424 0.2500000000
73551  25.374  -4.605  85.564 0.2500000000
73552  24.879  -5.286  85.640 0.2500000000
73542  24.241  -5.623  86.101 0.2500000000
61660  33.979  -17.667  87.701 0.5000000000
75448  25.228  -3.527  85.636 0.1250000000
74503  25.266  -4.102  86.146 0.2500000000
127311  24.910  -4.899  86.278 0.2500000000
61659  34.280  -17.700  87.441 0.6250000000
75449  24.373  -3.074  85.665 0.1250000000
75436  24.595  -3.548  86.514 0.1250000000
126875  34.816  -17.223  85.696 0.5000000000
60591  34.641  -18.224  86.856 0.5000000000
76347  23.830  -2.775  86.334 0.1250000000
67590  14.684  -10.559  84.347 0.3750000000
63733  36.358  -16.900  84.543 0.3750000000
62745  35.295  -17.611  85.586 0.3750000000
150213  24.016  -2.835  84.919 0.1250000000
70568  16.019  -8.412  87.681 0.3750000000
67579  14.593  -10.994  85.096 0.3750000000
63738  37.623  -16.355  83.418 0.3750000000
63739  37.064  -16.425  83.862 0.3750000000
149010  17.274  -6.135  88.964 0.2500000000
132754  16.776  -6.447  89.603 0.2500000000
62755  37.440  -16.824  83.786 0.3750000000
73517  19.732  -5.678  88.308 0.1250000000
131644  13.942  -11.392  82.729 0.3750000000
61694  37.946  -17.026  83.276 0.3750000000
62754  37.768  -16.931  83.508 0.3750000000
76349  22.085  -1.783  87.005 0.1250000000
74476  20.362  -4.752  87.453 0.1250000000
62758  38.133  -16.794  82.974 0.3750000000
61707  37.912  -17.273  81.887 0.5000000000
67556  24.983  -12.322  86.321 0.2500000000
67566  24.885  -12.262  85.942 0.2500000000
139370  24.312  -12.480  85.503 0.2500000000
66683  20.915  -12.932  84.313 0.2500000000
147708  23.454  -11.868  83.323 0.2500000000
142157  21.037  -12.572  83.591 0.2500000000
126365  24.052  -11.491  82.806 0.2500000000
67609  23.194  -11.389  82.528 0.2500000000
67597  21.713  -11.738  82.748 0.2500000000
66710  21.052  -11.721  82.730 0.2500000000
66697  20.401  -12.147  83.012 0.2500000000
144726  23.764  -10.585  81.470 0.2500000000
68548  22.706  -10.125  81.517 0.2500000000
69527  21.974  -9.870  81.920 0.2500000000
69546  23.753  -9.602  80.799 0.2500000000
68547  23.386  -10.196  81.182 0.2500000000
70642  23.327  -9.128  80.936 0.2500000000
147902  22.399  -8.725  82.255 0.2500000000
71681  24.569  -8.122  80.761 0.2500000000
71671  23.689  -8.367  81.023 0.2500000000
71662  23.945  -7.115  82.485 0.2500000000
131491  23.326  -7.534  83.008 0.2500000000
71670  24.205  -7.516  81.392 0.2500000000
72594  23.846  -6.798  83.547 0.2500000000
72589  23.748  -6.455  84.494 0.2500000000
73563  25.111  -5.449  83.597 0.2500000000
72593  24.457  -6.038  84.144 0.2500000000
72588  24.365  -5.799  85.131 0.2500000000
75457  26.335  -3.111  83.734 0.1250000000
73562  25.753  -4.598  83.967 0.2500000000
73559  25.831  -4.254  84.788 0.2500000000
73560  25.153  -5.189  84.760 0.2500000000
76377  26.356  -2.861  83.344 0.1250000000
75447  25.654  -3.281  84.809 0.1250000000
74502  25.624  -3.826  85.275 0.2500000000
75470  25.638  -2.855  83.425 0.1250000000
75458  26.056  -2.955  84.105 0.1250000000
63729  34.280  -16.741  86.584 0.5000000000
75485  26.000  -2.719  82.678 0.1250000000
75471  24.583  -2.930  83.406 0.1250000000
75459  25.239  -3.091  84.181 0.1250000000
133836  24.846  -3.184  84.948 0.1250000000
75486  25.076  -2.928  82.667 0.1250000000
75460  24.204  -2.949  84.197 0.1250000000
139112  15.571  -9.188  85.991 0.3750000000
134265  14.283  -10.853  83.801 0.3750000000
126543  24.710  -3.106  82.050 0.1250000000
75487  23.912  -3.032  82.560 0.1250000000
72562  15.627  -6.526  90.379 0.2500000000
71600  15.335  -7.460  89.983 0.2500000000
70561  16.019  -8.341  88.555 0.3750000000
67600  14.275  -10.789  83.114 0.3750000000
75473  22.431  -2.374  83.750 0.1250000000
73530  19.635  -5.343  88.021 0.1250000000
134029  18.854  -5.704  88.372 0.1250000000
67613  14.381  -10.737  82.224 0.3750000000
63745  38.107  -15.936  82.788 0.2500000000
63746  37.731  -15.570  82.945 0.2500000000
76366  22.497  -1.850  84.817 0.1250000000
144883  38.320  -15.435  82.238 0.2500000000
62759  37.939  -16.543  83.157 0.3750000000
139021  38.307  -15.950  81.857 0.2500000000
61701  37.948  -17.313  82.652 0.3750000000
62765  38.132  -16.539  81.477 0.3750000000
62762  38.154  -16.729  82.293 0.3750000000
62767  38.029  -16.296  80.724 0.3750000000
61713  37.834  -17.083  81.089 0.3750000000
132300  25.342  -11.999  86.184 0.1250000000
151402  24.886  -12.195  85.477 0.2500000000
67575  24.497  -12.274  84.889 0.2500000000
147148  24.241  -11.858  83.505 0.2500000000
68528  24.663  -11.067  82.362 0.2500000000
67595  24.910  -11.447  83.260 0.2500000000
68558  24.162  -10.192  80.926 0.2500000000
68546  24.475  -10.653  81.535 0.2500000000
69544  25.446  -9.379  80.601 0.2500000000
69545  24.587  -9.510  80.614 0.2500000000
145331  25.072  -8.655  80.527 0.2500000000
150568  25.246  -7.107  80.926 0.2500000000
149062  25.182  -7.965  80.664 0.2500000000
72608  25.414  -6.155  81.583 0.2500000000
74524  26.348  -4.047  83.353 0.2500000000
73566  25.822  -4.849  82.926 0.2500000000
73574  26.178  -5.362  81.864 0.2500000000
74532  26.781  -3.409  82.822 0.1250000000
73565  26.684  -4.331  82.525 0.2500000000
74531  27.017  -3.238  82.082 0.1250000000
75484  26.695  -2.908  82.623 0.1250000000
70583  14.731  -7.799  86.256 0.2500000000
70597  15.307  -8.534  85.873 0.2500000000
71636  15.014  -7.499  87.164 0.2500000000
70598  14.531  -8.353  85.406 0.2500000000
131509  14.713  -9.498  84.353 0.3750000000
126370  26.324  -2.782  82.126 0.1250000000
136755  14.940  -6.778  90.224 0.2500000000
71611  15.547  -7.778  88.853 0.2500000000
69461  15.779  -8.614  86.693 0.3750000000
69473  15.393  -9.280  85.473 0.3750000000
69495  14.621  -9.863  83.539 0.3750000000
126464  25.568  -2.857  81.964 0.1250000000
75440  20.545  -2.416  87.133 0.1250000000
74489  20.477  -3.447  87.159 0.1250000000
73518  17.576  -5.708  88.468 0.1250000000
73506  16.503  -5.878  89.182 0.2500000000
72566  16.053  -5.960  90.153 0.2500000000
131250  14.603  -10.242  83.638 0.3750000000
69510  14.391  -9.707  82.750 0.3750000000
76358  21.365  -1.542  86.384 0.1250000000
68530  14.550  -10.139  82.845 0.3750000000
76378  21.721  -2.017  84.319 0.1250000000
74475  20.935  -4.033  87.583 0.1250000000
64736  38.544  -14.567  82.038 0.2500000000
75474  21.393  -2.465  83.580 0.1250000000
63760  38.335  -15.681  81.082 0.3750000000
63763  38.151  -15.436  80.334 0.3750000000
67574  25.340  -11.877  84.978 0.2500000000
67586  24.777  -11.978  84.125 0.2500000000
68545  25.038  -10.189  80.853 0.2500000000
74537  13.968  -4.302  82.628 0.1250000000
74528  13.443  -4.530  83.387 0.1250000000
151934  13.366  -4.717  84.928 0.1250000000
75479  14.816  -4.199  82.769 0.1250000000
74527  14.394  -4.654  83.314 0.1250000000
145417  13.841  -4.845  84.091 0.1250000000
75478  15.572  -3.725  83.279 0.1250000000
74526  15.296  -4.582  83.435 0.1250000000
147332  14.105  -4.994  84.948 0.1250000000
130587  25.877  -7.834  80.601 0.2500000000
75463  16.835  -3.527  84.648 0.1250000000
74519  14.755  -5.082  84.065 0.1250000000
72607  25.995  -6.183  81.104 0.2500000000
75462  17.384  -2.848  85.538 0.1250000000
74518  15.726  -4.889  84.199 0.1250000000
74508  15.070  -5.243  85.119 0.1250000000
73573  27.189  -4.679  81.706 0.2500000000
74517  16.708  -4.469  84.401 0.1250000000
74507  16.182  -5.141  84.999 0.1250000000
74541  27.223  -3.744  82.071 0.1250000000
76371  17.761  -1.910  85.932 0.1250000000
75451  18.009  -2.964  85.903 0.1250000000
74516  17.419  -3.916  84.997 0.1250000000
73554  17.573  -5.155  85.744 0.1250000000
134697  13.225  -7.269  87.673 0.1250000000
71637  13.942  -7.449  86.987 0.2500000000
70584  13.524  -7.845  85.958 0.2500000000
131862  27.785  -4.039  81.400 0.1250000000
76361  18.389  -1.878  86.281 0.1250000000
73553  18.381  -4.983  85.867 0.1250000000
71612  14.792  -7.324  89.079 0.1250000000
71625  14.185  -7.250  88.100 0.1250000000
76360  18.957  -1.644  86.463 0.1250000000
145756  19.219  -3.792  86.349 0.1250000000
74491  19.072  -4.764  86.257 0.1250000000
73519  16.290  -5.623  88.716 0.1250000000
127273  15.683  -5.595  89.543 0.1250000000
73507  15.274  -5.694  90.148 0.1250000000
71601  14.386  -6.921  89.834 0.1250000000
71624  15.276  -7.561  88.052 0.2500000000
70612  14.438  -8.841  84.753 0.2500000000
76359  19.632  -1.589  86.457 0.1250000000
75441  19.692  -2.507  86.677 0.1250000000
73543  19.570  -5.210  86.923 0.1250000000
73531  18.727  -5.464  87.837 0.1250000000
73532  17.754  -5.512  87.491 0.1250000000
69496  14.262  -9.424  83.501 0.3750000000
76368  20.170  -1.658  85.691 0.1250000000
76351  20.396  -1.694  86.660 0.1250000000
147125  20.835  -1.572  85.698 0.1250000000
76379  20.847  -1.943  84.566 0.1250000000
65750  38.365  -13.361  82.412 0.2500000000
64745  38.849  -14.297  81.357 0.2500000000
64754  38.576  -14.817  80.772 0.2500000000
68507  26.616  -11.212  85.799 0.1250000000
68508  26.132  -11.457  85.414 0.2500000000
75481  10.803  -3.680  83.198 0.1250000000
75465  10.194  -4.145  84.524 0.1250000000
75452  9.715  -4.267  85.055 0.1250000000
74512  9.888  -4.621  85.728 0.1250000000
67565  25.846  -11.635  86.062 0.2500000000
128137  25.395  -11.907  85.766 0.2500000000
145015  26.051  -11.457  84.680 0.2500000000
75480  11.771  -4.081  82.970 0.1250000000
75464  10.920  -4.065  83.886 0.1250000000
74520  11.112  -4.349  84.820 0.1250000000
74521  10.492  -4.453  85.339 0.1250000000
74496  10.228  -4.805  86.520 0.1250000000
74482  9.692  -5.181  87.207 0.1250000000
68522  26.266  -11.091  84.034 0.2500000000
148976  12.553  -4.360  83.511 0.1250000000
74529  11.825  -4.332  84.112 0.1250000000
74511  11.315  -4.435  85.754 0.1250000000
74481  10.498  -4.977  87.199 0.1250000000
132616  25.751  -11.121  83.343 0.2500000000
74538  12.997  -4.221  82.708 0.1250000000
126486  11.968  -4.393  85.162 0.1250000000
74495  11.459  -4.476  86.593 0.1250000000
74470  10.172  -5.292  87.794 0.1250000000
74471  9.464  -5.354  87.686 0.1250000000
68544  25.877  -9.877  81.070 0.2500000000
138350  25.333  -11.001  82.704 0.2500000000
129145  12.801  -4.499  84.404 0.1250000000
74510  12.708  -4.471  85.523 0.1250000000
126487  12.043  -4.414  86.136 0.1250000000
129302  10.928  -4.666  86.810 0.1250000000
73524  10.593  -5.511  88.359 0.1250000000
73525  9.823  -5.582  88.280 0.1250000000
139202  25.837  -8.673  80.570 0.2500000000
68535  26.308  -10.169  82.045 0.2500000000
74509  13.405  -4.639  85.816 0.1250000000
74494  12.741  -4.433  86.493 0.1250000000
139755  12.250  -4.719  87.463 0.1250000000
74480  11.476  -4.718  87.246 0.1250000000
73512  10.977  -5.798  88.891 0.1250000000
73513  10.195  -5.911  88.749 0.1250000000
69525  26.666  -9.408  81.454 0.2500000000
74493  13.449  -4.666  86.814 0.1250000000
74467  12.876  -4.982  87.948 0.1250000000
74468  11.932  -5.060  87.850 0.1250000000
72568  11.382  -6.174  89.079 0.1250000000
71680  26.865  -7.299  80.661 0.2500000000
70652  26.538  -8.225  80.671 0.2500000000
125883  14.145  -5.000  86.014 0.1250000000
74492  14.257  -5.082  87.120 0.1250000000
74478  13.525  -4.864  87.671 0.1250000000
73511  11.924  -5.778  88.881 0.1250000000
71604  10.846  -6.693  88.603 0.1250000000
72618  26.354  -6.733  80.749 0.2500000000
73557  14.831  -5.308  86.184 0.1250000000
74462  13.292  -5.325  88.629 0.1250000000
73510  12.890  -5.649  89.021 0.1250000000
71603  11.805  -6.373  88.784 0.1250000000
71626  12.232  -7.165  87.766 0.1250000000
70569  11.763  -7.706  87.045 0.2500000000
72617  27.281  -6.337  80.796 0.2500000000
73556  15.649  -5.411  85.940 0.1250000000
73535  14.939  -5.453  87.727 0.1250000000
74477  14.205  -5.227  88.123 0.1250000000
74461  13.948  -5.396  88.820 0.1250000000
135964  12.775  -6.353  89.046 0.1250000000
71614  12.346  -6.662  88.506 0.1250000000
70585  12.301  -7.862  86.165 0.2500000000
73585  27.879  -5.198  81.231 0.2500000000
73555  16.628  -5.342  85.833 0.1250000000
73547  15.973  -5.569  87.025 0.1250000000
74465  14.826  -5.426  88.524 0.1250000000
73521  14.477  -5.402  88.805 0.1250000000
71602  13.472  -6.195  89.473 0.1250000000
151964  13.074  -6.635  88.868 0.1250000000
71638  12.820  -7.561  86.939 0.2500000000
73546  17.125  -5.477  86.673 0.1250000000
73534  15.638  -5.525  88.275 0.1250000000
73520  15.255  -5.453  88.988 0.1250000000
73504  14.714  -5.600  89.896 0.1250000000
73505  14.162  -5.786  89.724 0.1250000000
148129  13.652  -6.540  89.401 0.1250000000
132600  13.115  -6.937  88.368 0.1250000000
70599  13.511  -8.460  84.962 0.2500000000
73544  18.674  -5.292  86.643 0.1250000000
73533  16.684  -5.494  87.862 0.1250000000
140483  15.107  -5.448  89.384 0.1250000000
71596  14.175  -6.414  89.924 0.1250000000
70613  13.940  -8.967  84.206 0.3750000000
73545  17.943  -5.337  86.382 0.1250000000
130105  13.580  -8.984  83.573 0.3750000000
69528  14.129  -9.542  81.980 0.3750000000
65749  38.907  -13.635  81.993 0.2500000000
68599  10.267  -10.299  77.048 0.3750000000
65773  39.177  -13.609  81.178 0.2500000000
146054  38.981  -14.016  80.563 0.2500000000
143804  9.661  -10.309  76.107 0.3750000000
67650  9.494  -10.343  76.533 0.3750000000
135534  38.482  -14.470  79.931 0.2500000000
67661  10.063  -10.565  76.025 0.3750000000
64767  38.104  -14.407  79.237 0.2500000000
68616  10.136  -10.501  75.623 0.3750000000
74513  9.377  -4.756  86.106 0.1250000000
131309  26.628  -10.933  84.774 0.2500000000
68521  26.917  -10.507  83.976 0.2500000000
146962  26.648  -10.312  83.022 0.2500000000
148914  26.314  -10.725  83.425 0.2500000000
69492  27.409  -9.933  83.425 0.2500000000
69506  27.084  -9.720  82.445 0.2500000000
68527  25.968  -10.678  82.734 0.2500000000
69505  27.902  -9.211  82.921 0.2500000000
69524  27.488  -8.947  81.873 0.2500000000
141897  10.791  -7.058  88.115 0.1250000000
70639  28.561  -7.503  81.833 0.2500000000
70641  27.037  -8.599  81.014 0.2500000000
70571  10.119  -7.650  87.161 0.2500000000
70640  27.838  -8.093  81.368 0.2500000000
70651  27.373  -7.745  80.821 0.2500000000
71627  11.224  -7.317  87.657 0.1250000000
70570  10.881  -7.749  87.107 0.2500000000
72616  28.065  -6.027  80.911 0.2500000000
70600  12.718  -8.168  85.467 0.2500000000
70614  12.893  -8.608  84.162 0.2500000000
70624  13.758  -9.172  82.762 0.3750000000
69511  13.323  -9.196  81.926 0.3750000000
68601  8.860  -9.886  77.854 0.3750000000
68589  9.376  -9.923  77.919 0.3750000000
66705  38.979  -12.694  82.222 0.1250000000
140054  8.936  -9.993  77.107 0.3750000000
68588  10.200  -9.769  77.866 0.3750000000
147833  11.101  -9.389  78.022 0.3750000000
69548  13.081  -9.458  80.479 0.3750000000
66718  39.310  -12.875  81.471 0.1250000000
135977  39.517  -12.151  80.816 0.2500000000
69582  8.723  -9.440  77.019 0.3750000000
68600  9.451  -10.235  77.180 0.3750000000
137920  39.339  -13.112  80.446 0.2500000000
65787  38.985  -13.685  79.911 0.2500000000
68610  9.123  -9.953  76.443 0.3750000000
68617  9.584  -9.821  75.744 0.3750000000
69604  10.387  -10.008  74.960 0.3750000000
68506  27.533  -10.564  85.539 0.2500000000
68515  26.866  -10.881  85.333 0.2500000000
69482  27.421  -10.375  84.827 0.2500000000
135775  27.642  -10.053  84.177 0.2500000000
69491  28.110  -9.420  83.893 0.2500000000
70603  9.832  -7.839  85.808 0.2500000000
138145  9.786  -7.708  86.535 0.2500000000
70602  10.802  -8.049  85.704 0.2500000000
70586  11.309  -7.949  86.341 0.2500000000
70616  11.142  -8.168  85.021 0.2500000000
70601  11.787  -8.152  85.450 0.2500000000
70634  12.809  -9.030  82.543 0.3750000000
68590  8.864  -9.611  78.549 0.3750000000
68563  10.201  -9.031  79.491 0.3750000000
68551  9.757  -8.743  80.356 0.3750000000
68578  9.570  -9.483  78.721 0.3750000000
68562  11.329  -9.113  79.515 0.3750000000
128241  39.299  -12.024  81.754 0.1250000000
69560  12.649  -9.426  79.583 0.3750000000
67616  39.493  -11.306  81.150 0.1250000000
66727  39.493  -12.238  79.893 0.2500000000
137919  39.129  -13.010  79.557 0.2500000000
66735  39.243  -12.262  79.146 0.2500000000
65796  38.719  -12.978  78.916 0.2500000000
149525  9.928  -9.418  75.201 0.3750000000
69603  10.722  -9.462  74.226 0.3750000000
69486  9.937  -7.841  84.176 0.2500000000
70617  10.337  -8.009  85.040 0.2500000000
69487  8.928  -7.666  84.415 0.2500000000
70615  11.863  -8.369  84.597 0.2500000000
69514  9.018  -7.761  82.875 0.2500000000
69498  9.252  -7.675  83.669 0.2500000000
70627  10.983  -8.233  84.331 0.2500000000
126293  9.615  -8.067  82.126 0.2500000000
127031  9.878  -7.869  83.112 0.3750000000
69497  10.799  -8.356  83.435 0.3750000000
70626  11.838  -8.551  83.741 0.2500000000
70625  12.805  -8.840  83.252 0.3750000000
69513  10.548  -8.502  82.473 0.3750000000
69512  11.715  -8.840  82.767 0.3750000000
69532  10.321  -8.623  81.351 0.3750000000
69531  11.474  -9.033  81.190 0.3750000000
69550  10.811  -8.886  80.351 0.3750000000
69530  12.637  -9.243  81.188 0.3750000000
129228  39.275  -10.610  81.382 0.1250000000
67622  39.621  -11.363  80.247 0.2500000000
68568  39.742  -10.572  79.773 0.2500000000
67629  39.569  -11.464  79.452 0.2500000000
147921  39.481  -10.048  81.000 0.2500000000
68555  39.623  -10.591  80.623 0.2500000000
68554  39.760  -9.790  80.266 0.2500000000
68582  39.651  -10.865  79.137 0.2500000000
66751  38.983  -11.873  78.181 0.2500000000
68567  39.798  -10.127  79.147 0.2500000000
128521  36.827  -11.574  73.857 0.5000000000
148905  36.466  -11.677  73.358 0.5000000000
129152  37.248  -10.978  73.766 0.3750000000
66783  36.404  -11.424  72.638 0.5000000000
68632  37.716  -10.348  73.260 0.3750000000
67679  37.027  -11.004  73.025 0.3750000000
67689  37.060  -10.598  72.026 0.5000000000
71836  43.161  -6.984  64.284 0.2500000000
68646  37.816  -10.146  72.263 0.5000000000
70841  48.627  -8.875  59.516 0.5000000000
69751  48.762  -8.975  58.803 0.5000000000
69752  48.078  -9.460  59.134 0.5000000000
69766  48.979  -9.007  57.969 0.5000000000
69595  39.068  -9.422  74.095 0.3750000000
68631  38.382  -9.844  73.671 0.3750000000
68630  39.347  -9.483  73.131 0.3750000000
68645  38.617  -9.711  72.603 0.5000000000
69750  49.629  -8.647  58.562 0.5000000000
69765  49.891  -8.629  57.798 0.5000000000
69782  49.018  -9.053  57.445 0.3750000000
70876  48.840  -8.575  56.781 0.3750000000
69610  40.068  -9.268  73.572 0.5000000000
130632  40.317  -9.577  72.660 0.3750000000
68644  39.550  -9.590  72.248 0.5000000000
67688  39.013  -9.892  71.480 0.5000000000
67697  40.516  -10.674  71.039 0.5000000000
67698  39.387  -10.500  70.596 0.5000000000
71912  52.731  -7.784  57.488 0.5000000000
71920  52.182  -7.968  55.951 0.5000000000
72850  52.900  -7.516  55.680 0.5000000000
146972  40.119  -10.812  70.420 0.5000000000
66844  40.178  -11.393  66.128 0.1250000000
75701  56.302  -2.714  60.064 0.2500000000
75702  55.603  -3.361  59.649 0.2500000000
76632  56.268  -1.985  59.716 0.1250000000
76633  55.610  -2.669  59.349 0.1250000000
76649  55.582  -2.008  59.032 0.1250000000
76650  55.052  -2.707  58.667 0.1250000000
147786  54.654  -3.903  58.496 0.2500000000
77639  55.418  -1.414  58.626 0.1250000000
77650  54.788  -1.675  57.960 0.1250000000
73776  54.272  -5.769  63.024 0.3750000000
75694  56.914  -2.813  60.850 0.1250000000
74785  56.019  -4.288  60.838 0.2500000000
77627  56.675  -1.330  60.245 0.1250000000
78572  55.651  -0.667  58.705 0.1250000000
77638  56.079  -1.188  59.345 0.1250000000
78565  56.492  -0.552  60.005 0.1250000000
148424  55.466  -0.182  58.212 0.1250000000
78579  55.217  -0.768  58.132 0.1250000000
76693  53.390  -3.231  54.103 0.7500000000
78571  56.038  -0.322  59.287 0.1250000000
79436  56.289  -0.264  60.384 0.1250000000
77664  54.757  -0.768  57.375 0.2500000000
151046  55.063  0.640  56.902 0.1250000000
135322  54.179  -1.244  54.128 0.2500000000
76722  53.601  -2.082  51.755 0.1250000000
76723  53.177  -2.593  51.406 0.1250000000
80373  55.339  1.685  56.216 0.1250000000
79473  55.531  1.680  55.213 0.1250000000
79484  55.304  1.008  54.732 0.1250000000
78610  55.087  0.244  54.180 0.2500000000
77691  54.714  -0.515  53.646 0.2500000000
79497  55.712  0.785  53.643 0.2500000000
78620  55.396  0.078  53.178 0.2500000000
77701  54.917  -0.621  52.669 0.5000000000
77709  54.418  -1.488  51.266 0.1250000000
131058  53.842  -2.154  50.859 0.1250000000
75782  53.756  -2.715  49.783 0.1250000000
79483  55.951  1.456  54.104 0.1250000000
78619  56.142  0.583  52.675 0.2500000000
78627  56.487  0.448  51.837 0.3750000000
78632  56.104  -0.122  51.541 0.3750000000
129852  55.146  -1.087  50.863 0.5000000000
77716  54.641  -1.632  50.436 0.1250000000
76729  54.191  -2.286  49.930 0.1250000000
151449  54.716  -2.227  49.179 0.1250000000
76735  54.164  -2.625  49.121 0.1250000000
75788  53.950  -3.127  48.172 0.1250000000
75799  54.145  -3.873  47.345 0.1250000000
74893  54.966  -3.718  46.859 0.1250000000
133188  55.454  -4.487  46.505 0.1250000000
79496  56.430  1.206  53.079 0.2500000000
77707  56.016  -0.489  50.785 0.3750000000
77715  55.527  -1.182  50.182 0.2500000000
77714  56.259  -0.709  49.953 0.2500000000
77724  55.899  -1.244  49.384 0.2500000000
76734  55.415  -1.786  48.800 0.1250000000
76746  54.826  -2.433  48.324 0.1250000000
75787  54.705  -3.042  47.465 0.1250000000
75798  55.319  -2.957  46.941 0.1250000000
75806  55.589  -3.615  46.398 0.1250000000
75814  58.246  -4.352  44.827 0.1250000000
145659  57.355  -3.875  45.076 0.1250000000
74903  56.750  -4.183  45.505 0.1250000000
126096  57.988  -3.560  44.638 0.1250000000
77713  56.846  -0.093  50.193 0.3750000000
128716  56.644  -0.633  49.310 0.1250000000
77723  56.342  -1.260  48.501 0.1250000000
76745  55.637  -1.890  47.949 0.1250000000
75797  55.809  -2.292  47.193 0.1250000000
148411  55.798  -2.857  46.540 0.1250000000
75815  56.708  -3.082  45.638 0.1250000000
75805  56.125  -3.393  45.963 0.1250000000
77721  57.473  -0.184  48.938 0.1250000000
140237  57.018  -0.558  48.676 0.1250000000
77732  57.550  -0.475  48.257 0.1250000000
77733  56.910  -0.982  47.936 0.1250000000
77736  57.846  -0.686  47.554 0.1250000000
77737  57.441  -1.242  46.965 0.1250000000
130113  56.903  -1.456  47.195 0.1250000000
76744  56.357  -1.633  47.579 0.1250000000
76763  57.051  -2.058  46.282 0.1250000000
76762  57.762  -1.721  45.965 0.1250000000
76764  56.369  -2.305  46.608 0.1250000000
76773  57.931  -2.635  44.830 0.1250000000
127151  57.986  -0.928  46.850 0.1250000000
77752  58.334  -1.640  45.256 0.1250000000
134935  58.375  -2.265  44.402 0.1250000000
64668  12.526  -14.686  90.303 0.6250000000
65662  12.696  -14.204  90.433 0.6250000000
65664  11.083  -14.725  89.265 0.6250000000
65656  13.195  -14.538  91.008 0.6250000000
65653  14.557  -13.722  91.836 0.6250000000
60579  34.278  -18.098  87.315 0.5000000000
60603  35.320  -18.487  85.874 0.5000000000
62769  37.766  -16.177  80.105 0.2500000000
67634  39.355  -11.540  78.714 0.2500000000
71895  45.772  -7.374  60.463 0.5000000000
142114  48.356  -8.604  59.935 0.5000000000
71919  53.002  -7.828  56.486 0.5000000000
72857  52.573  -7.100  55.171 0.5000000000
75707  55.012  -3.311  58.931 0.2500000000
79474  55.127  1.013  56.040 0.1250000000
65672  10.131  -14.592  88.769 0.6250000000
66610  16.529  -12.318  90.694 0.5000000000
65713  18.544  -14.045  86.968 0.2500000000
129720  36.555  -18.665  84.456 0.5000000000
69735  47.921  -9.184  59.666 0.5000000000
68752  46.989  -9.820  59.162 0.5000000000
65689  9.612  -14.192  88.358 0.6250000000
66666  9.134  -13.500  86.564 0.6250000000
127068  9.572  -13.195  87.035 0.6250000000
66628  9.301  -13.938  87.992 0.6250000000
133699  9.121  -13.717  87.559 0.6250000000
67602  12.134  -12.674  84.091 0.6250000000
69807  49.070  -8.987  57.095 0.3750000000
67700  37.201  -10.201  71.082 0.3750000000
71929  51.970  -7.420  55.384 0.3750000000
67705  38.896  -10.609  70.055 0.3750000000
67706  37.685  -10.284  70.200 0.5000000000
55638  10.259  -22.887  82.707 0.1250000000
67572  10.845  -12.579  86.566 0.6250000000
66676  10.357  -12.952  86.013 0.6250000000
67593  11.421  -12.881  85.416 0.6250000000
67583  11.060  -12.625  85.945 0.6250000000
67547  10.584  -12.920  87.646 0.6250000000
66642  10.644  -13.039  87.960 0.6250000000
67562  10.813  -12.595  87.243 0.6250000000
67592  12.914  -11.897  84.452 0.3750000000
68509  18.796  -10.238  86.211 0.2500000000
68499  18.370  -10.666  87.763 0.2500000000
68483  18.079  -10.367  89.458 0.5000000000
127851  22.333  -6.667  86.251 0.2500000000
70557  18.323  -8.938  89.711 0.3750000000
70552  17.863  -8.739  90.350 0.5000000000
73529  22.804  -5.389  87.938 0.2500000000
127724  12.598  -11.446  86.964 0.3750000000
127398  13.117  -11.507  86.134 0.3750000000
72560  17.161  -7.232  89.880 0.3750000000
131826  15.413  -10.202  86.579 0.3750000000
66660  23.536  -13.085  86.122 0.2500000000
65738  19.316  -13.270  84.668 0.2500000000
65730  18.913  -13.587  85.283 0.2500000000
65731  18.342  -13.486  85.590 0.2500000000
67578  18.386  -11.752  84.869 0.2500000000
66664  17.800  -12.880  86.119 0.2500000000
130460  17.853  -12.100  86.679 0.2500000000
66617  16.962  -12.257  90.207 0.5000000000
66616  12.909  -13.618  90.404 0.6250000000
67599  19.318  -11.387  83.358 0.2500000000
69509  20.576  -10.505  82.560 0.2500000000
68524  18.884  -11.015  84.167 0.2500000000
68517  18.477  -11.086  85.810 0.2500000000
67558  17.956  -11.608  87.534 0.2500000000
66614  14.093  -12.972  91.233 0.6250000000
65671  11.355  -14.237  89.142 0.6250000000
69484  19.405  -9.979  84.655 0.2500000000
69472  19.382  -9.672  85.670 0.2500000000
67526  14.196  -12.335  90.956 0.5000000000
66618  13.751  -12.750  90.779 0.5000000000
66619  13.210  -12.881  90.353 0.6250000000
70611  20.608  -8.700  84.726 0.2500000000
66625  11.892  -12.731  88.846 0.6250000000
71643  22.759  -6.537  85.697 0.2500000000
68476  16.681  -10.625  91.201 0.5000000000
67533  12.852  -11.920  89.224 0.6250000000
69437  16.583  -10.059  91.177 0.5000000000
132895  15.824  -10.575  90.889 0.5000000000
131855  23.443  -6.018  86.144 0.2500000000
73541  24.394  -5.193  86.857 0.2500000000
74487  24.760  -4.396  86.837 0.2500000000
61681  35.498  -18.261  85.706 0.6250000000
62741  34.933  -17.843  86.204 0.6250000000
69447  16.103  -8.995  88.241 0.3750000000
62750  37.008  -17.052  84.313 0.3750000000
60613  36.769  -18.107  84.696 0.6250000000
62744  36.261  -17.472  84.930 0.3750000000
68511  15.490  -9.911  85.689 0.3750000000
61695  37.611  -17.417  83.528 0.3750000000
142485  36.386  -19.147  83.927 0.5000000000
76350  21.184  -1.941  87.249 0.1250000000
67577  22.886  -12.682  84.830 0.2500000000
66698  19.499  -12.198  83.429 0.2500000000
67588  22.824  -12.324  84.001 0.2500000000
67611  21.475  -11.224  82.417 0.2500000000
67612  20.608  -11.266  82.626 0.2500000000
70609  21.963  -8.062  83.749 0.2500000000
62742  34.473  -17.268  86.928 0.6250000000
68519  15.137  -10.327  84.992 0.3750000000
75461  23.381  -2.284  84.429 0.1250000000
71623  15.824  -7.890  88.031 0.2500000000
137389  15.665  -9.515  86.430 0.3750000000
67587  23.920  -12.232  84.109 0.2500000000
67576  23.659  -12.510  84.850 0.2500000000
67596  22.562  -11.809  83.034 0.2500000000
67608  23.852  -11.041  82.062 0.2500000000
67619  23.013  -10.734  81.844 0.2500000000
67610  22.294  -11.268  82.314 0.2500000000
68549  22.121  -10.626  82.038 0.2500000000
69526  22.718  -9.490  81.455 0.2500000000
70632  22.910  -8.701  81.650 0.2500000000
72600  24.471  -6.278  83.054 0.2500000000
139142  24.640  -6.573  81.887 0.2500000000
147652  26.143  -3.926  84.088 0.2500000000
68525  14.925  -10.011  84.294 0.3750000000
75472  23.523  -2.665  83.493 0.1250000000
71635  15.669  -7.845  87.323 0.2500000000
68518  15.217  -9.695  84.960 0.3750000000
75505  24.948  -3.268  81.486 0.1250000000
64728  38.090  -14.969  82.507 0.2500000000
151890  38.206  -16.187  82.501 0.2500000000
139154  38.496  -15.100  81.544 0.2500000000
68536  25.401  -10.610  81.831 0.2500000000
70582  15.417  -7.913  86.605 0.2500000000
69485  15.049  -9.020  85.085 0.2500000000
72563  14.649  -6.040  90.252 0.1250000000
74490  19.789  -4.312  86.672 0.1250000000
149218  17.074  -5.562  88.252 0.1250000000
74525  16.211  -4.091  83.820 0.1250000000
74506  17.129  -4.764  85.101 0.1250000000
74505  17.936  -4.419  85.433 0.1250000000
75450  18.746  -2.568  86.415 0.1250000000
74504  18.646  -4.076  85.871 0.1250000000
71613  13.874  -6.894  88.928 0.1250000000
72564  13.985  -6.096  89.875 0.1250000000
126535  10.765  -4.585  86.184 0.1250000000
74469  11.025  -5.179  87.785 0.1250000000
129303  12.128  -4.400  86.955 0.1250000000
72569  10.525  -6.347  88.967 0.1250000000
74479  12.816  -4.602  87.278 0.1250000000
73522  12.418  -5.368  88.440 0.1250000000
73523  11.472  -5.453  88.367 0.1250000000
71605  10.080  -6.927  88.663 0.1250000000
74466  13.726  -5.220  88.317 0.1250000000
72567  12.477  -6.052  89.229 0.1250000000
71615  11.468  -6.815  88.209 0.1250000000
73548  15.108  -5.434  86.804 0.1250000000
73509  13.714  -5.574  89.174 0.1250000000
73508  14.375  -5.519  89.302 0.1250000000
150005  9.753  -10.126  77.490 0.3750000000
70631  28.256  -8.329  82.352 0.2500000000
70587  10.459  -7.869  86.467 0.2500000000
71679  27.691  -6.854  80.809 0.2500000000
130990  12.546  -8.371  84.922 0.2500000000
68577  10.654  -9.309  78.682 0.3750000000
71661  28.930  -7.552  82.770 0.2500000000
69462  9.028  -7.720  85.596 0.2500000000
69475  8.482  -7.663  85.085 0.2500000000
149611  39.840  -9.977  79.686 0.2500000000
69519  39.358  -9.447  80.991 0.2500000000
68661  37.861  -10.061  71.471 0.5000000000
67699  38.341  -10.196  70.764 0.3750000000
69767  48.100  -9.508  58.526 0.5000000000
69609  40.728  -8.953  73.955 0.3750000000
69783  48.412  -9.237  57.852 0.5000000000
150961  39.962  -10.459  71.006 0.5000000000
75695  56.224  -3.482  60.450 0.2500000000
76666  55.098  -2.113  58.474 0.1250000000
76617  56.876  -2.059  60.508 0.1250000000
79437  56.014  0.381  60.276 0.1250000000
79466  55.267  1.075  57.108 0.1250000000
75772  53.491  -2.623  50.496 0.1250000000
77708  55.226  -0.714  51.649 0.3750000000
78628  55.746  -0.059  52.263 0.5000000000
76728  55.055  -1.745  49.638 0.2500000000
73914  54.796  -4.618  46.946 0.1250000000
77706  56.705  0.265  51.078 0.3750000000
76755  55.260  -2.490  47.564 0.1250000000
77722  57.213  -0.161  49.422 0.2500000000
76774  57.315  -2.819  45.277 0.1250000000
78639  57.565  0.168  49.423 0.2500000000
151267  57.314  -0.930  47.604 0.1250000000
78658  58.542  -0.865  46.259 0.1250000000
78667  58.868  -0.988  45.403 0.1250000000
62732  34.169  -17.159  87.559 0.5000000000
63719  33.746  -16.399  87.712 0.5000000000
62718  33.587  -17.144  88.027 0.5000000000
63730  33.819  -16.022  86.317 0.2500000000
142926  33.521  -15.648  87.693 0.3750000000
144926  33.459  -15.182  87.377 0.3750000000
63720  33.393  -15.890  88.176 0.3750000000
64704  32.963  -14.649  88.177 0.3750000000
65693  32.205  -13.669  87.610 0.3750000000
66658  32.453  -12.669  86.608 0.2500000000
68514  31.809  -10.556  85.737 0.1250000000
69448  30.989  -9.844  86.262 0.1250000000
69451  28.668  -10.344  86.461 0.1250000000
69469  29.007  -8.811  84.705 0.1250000000
69454  31.286  -9.637  85.858 0.1250000000
70606  31.160  -7.977  84.359 0.1250000000
70621  28.627  -8.432  83.538 0.1250000000
72591  31.054  -6.851  83.306 0.1250000000
71660  29.794  -6.866  82.929 0.1250000000
72605  29.352  -5.967  81.306 0.1250000000
136018  31.325  -8.474  83.218 0.1250000000
70630  31.294  -7.670  81.794 0.1250000000
72615  30.613  -6.444  81.068 0.1250000000
73583  29.434  -5.379  80.385 0.1250000000
69542  30.420  -9.126  80.892 0.1250000000
134629  30.609  -7.503  80.544 0.1250000000
71686  30.467  -6.907  80.489 0.1250000000
72631  29.202  -6.333  79.289 0.1250000000
70663  29.722  -8.016  79.122 0.1250000000
150783  29.724  -7.385  79.412 0.1250000000
72632  28.625  -6.334  78.852 0.1250000000
70671  28.704  -8.723  77.246 0.1250000000
71702  28.860  -7.952  77.940 0.1250000000
71703  28.507  -7.655  77.896 0.1250000000
72641  28.256  -7.050  78.285 0.1250000000
64856  4.481  -14.231  69.768 0.3750000000
65855  4.861  -13.628  69.415 0.3750000000
65844  4.566  -13.188  69.947 0.3750000000
145936  5.093  -14.166  68.839 0.3750000000
69641  8.119  -9.892  71.021 0.2500000000
69655  9.671  -8.821  70.452 0.1250000000
69656  8.796  -9.125  70.291 0.2500000000
70739  9.225  -8.167  69.875 0.1250000000
69657  7.694  -9.265  70.355 0.2500000000
68678  4.762  -10.841  70.259 0.3750000000
69659  5.550  -9.688  70.249 0.1250000000
69658  6.580  -9.422  70.400 0.2500000000
66810  4.820  -12.626  69.438 0.3750000000
67711  4.632  -11.591  69.637 0.2500000000
68680  4.809  -10.406  69.443 0.2500000000
66817  4.992  -11.926  68.913 0.1250000000
68682  4.736  -10.816  69.081 0.2500000000
70731  10.522  -7.934  71.111 0.2500000000
70738  10.036  -8.110  70.452 0.1250000000
68667  8.513  -10.489  71.673 0.3750000000
69640  9.308  -9.700  71.128 0.3750000000
70741  7.268  -8.689  69.673 0.2500000000
70742  6.145  -8.935  69.710 0.2500000000
137793  5.037  -10.318  68.527 0.1250000000
69669  5.134  -9.649  69.419 0.2500000000
131652  4.989  -10.750  68.558 0.2500000000
62845  32.148  -16.571  73.846 0.2500000000
69627  10.621  -9.461  72.460 0.2500000000
70717  11.295  -7.734  73.130 0.2500000000
71757  10.549  -7.119  71.662 0.1250000000
142197  11.030  -8.202  72.019 0.2500000000
71758  10.004  -7.231  70.854 0.1250000000
71759  9.101  -6.655  70.788 0.1250000000
69628  9.966  -9.822  71.822 0.2500000000
71767  8.738  -7.088  69.887 0.1250000000
70750  8.496  -7.846  69.504 0.1250000000
70751  7.842  -8.041  69.164 0.1250000000
70766  5.560  -8.720  68.215 0.1250000000
70752  6.793  -8.208  68.941 0.1250000000
70767  5.304  -9.263  67.967 0.1250000000
71778  7.485  -7.458  68.790 0.1250000000
63845  33.873  -14.809  74.201 0.3750000000
132701  33.578  -14.456  73.390 0.3750000000
62857  32.469  -15.796  73.544 0.2500000000
63859  32.846  -14.912  73.094 0.2500000000
136593  11.187  -8.987  81.980 0.2500000000
70709  10.437  -8.860  74.672 0.2500000000
70696  10.279  -7.753  74.992 0.2500000000
71736  10.850  -6.939  74.541 0.2500000000
72677  11.070  -6.468  74.080 0.1250000000
129715  11.152  -8.504  73.905 0.2500000000
70707  11.289  -7.309  73.958 0.2500000000
71742  11.212  -6.690  73.384 0.2500000000
72693  10.304  -6.299  72.614 0.1250000000
72702  9.586  -6.519  71.637 0.1250000000
69617  10.738  -9.425  73.563 0.2500000000
72709  7.982  -6.656  69.845 0.1250000000
71777  8.054  -7.336  69.356 0.1250000000
72717  7.570  -6.619  69.272 0.1250000000
138307  5.147  -8.221  67.004 0.1250000000
70777  5.380  -8.557  67.525 0.1250000000
70765  6.101  -8.239  68.412 0.1250000000
63844  34.547  -14.415  74.506 0.3750000000
70778  5.116  -8.924  67.072 0.1250000000
64803  34.257  -14.031  73.724 0.3750000000
69533  9.250  -8.405  81.187 0.2500000000
71706  8.129  -6.691  77.766 0.2500000000
72660  8.553  -5.971  77.198 0.2500000000
72670  8.849  -5.389  76.320 0.1250000000
71717  8.793  -7.279  77.292 0.2500000000
71716  9.268  -6.598  76.605 0.1250000000
73666  9.824  -5.366  74.212 0.1250000000
69590  9.023  -9.215  76.348 0.2500000000
148340  9.675  -8.694  75.590 0.2500000000
71728  10.323  -6.673  75.173 0.2500000000
72678  10.437  -5.984  74.627 0.1250000000
72684  10.627  -5.917  73.788 0.1250000000
72703  8.452  -6.157  71.688 0.1250000000
130091  7.962  -6.243  70.811 0.1250000000
142106  6.968  -5.902  70.087 0.1250000000
151121  5.417  -8.051  67.342 0.1250000000
72729  6.316  -6.815  67.599 0.1250000000
71792  7.233  -6.917  68.614 0.1250000000
141191  4.819  -8.316  66.482 0.1250000000
71809  5.495  -7.501  67.141 0.1250000000
132631  8.685  -8.121  81.973 0.2500000000
69534  8.328  -8.481  81.106 0.2500000000
68552  8.841  -8.775  80.366 0.2500000000
68564  9.248  -9.160  79.628 0.2500000000
72635  6.815  -5.835  79.168 0.1250000000
73621  6.758  -4.974  78.846 0.1250000000
68553  8.105  -8.714  80.375 0.2500000000
68565  8.538  -9.046  79.738 0.2500000000
71696  7.268  -6.617  78.751 0.1250000000
72648  7.109  -5.559  78.458 0.1250000000
69561  7.692  -8.741  79.782 0.2500000000
68580  8.332  -9.156  79.234 0.2500000000
70673  8.359  -7.882  77.778 0.2500000000
72647  7.537  -6.155  78.110 0.2500000000
72661  7.798  -5.539  77.582 0.2500000000
73635  7.326  -5.277  77.894 0.1250000000
73646  8.006  -4.944  76.802 0.1250000000
69573  8.582  -9.306  77.852 0.2500000000
135478  8.513  -8.796  77.616 0.2500000000
70685  8.785  -8.550  77.147 0.2500000000
73667  9.186  -5.063  74.595 0.1250000000
72686  8.357  -5.622  73.126 0.1250000000
72694  8.981  -6.001  72.469 0.1250000000
72695  8.011  -5.842  72.420 0.1250000000
72696  7.322  -5.891  71.930 0.1250000000
142462  6.894  -6.116  71.285 0.1250000000
73700  6.075  -5.773  70.751 0.1250000000
132048  6.971  -5.702  68.654 0.1250000000
73709  6.401  -5.222  70.111 0.1250000000
72738  5.247  -6.900  66.536 0.1250000000
149888  6.420  -5.897  67.611 0.1250000000
74694  6.584  -4.838  69.308 0.1250000000
73731  6.310  -4.991  67.635 0.1250000000
74714  6.370  -4.446  68.499 0.1250000000
133691  5.842  -4.008  67.727 0.1250000000
73578  5.025  -5.443  82.466 0.1250000000
132346  5.148  -6.481  82.523 0.1250000000
72609  5.326  -5.941  81.612 0.1250000000
138446  5.132  -4.738  82.321 0.1250000000
136648  5.706  -4.801  80.872 0.1250000000
73577  5.296  -5.331  81.685 0.1250000000
72626  6.090  -5.703  80.456 0.1250000000
73607  6.118  -4.876  80.210 0.1250000000
74559  5.883  -4.148  80.582 0.1250000000
69535  7.526  -8.543  81.074 0.2500000000
71682  5.874  -7.015  81.267 0.2500000000
72619  5.664  -6.189  81.165 0.1250000000
72625  6.499  -6.225  79.944 0.2500000000
74572  6.475  -4.497  79.306 0.1250000000
69551  7.515  -8.646  80.399 0.2500000000
71689  6.372  -7.060  80.396 0.2500000000
71697  7.061  -7.375  79.201 0.2500000000
140982  6.880  -6.584  79.364 0.2500000000
74582  6.682  -4.235  78.447 0.1250000000
69562  7.204  -8.516  79.740 0.2500000000
152313  8.153  -8.860  78.593 0.2500000000
70665  7.487  -7.644  78.656 0.2500000000
70674  7.774  -7.276  78.217 0.2500000000
69574  8.061  -8.349  78.266 0.2500000000
74595  6.778  -4.110  76.626 0.1250000000
74594  7.318  -4.341  76.216 0.1250000000
73656  8.186  -4.614  75.829 0.1250000000
73675  7.803  -5.230  73.690 0.1250000000
74603  6.760  -4.178  75.494 0.1250000000
73658  7.020  -4.555  74.206 0.1250000000
73684  7.502  -5.519  72.818 0.1250000000
73676  7.211  -5.036  73.372 0.1250000000
73685  6.941  -5.305  72.413 0.1250000000
72697  6.537  -5.858  71.680 0.1250000000
74644  6.672  -4.828  72.449 0.1250000000
73693  6.301  -5.294  71.868 0.1250000000
73692  6.010  -5.904  71.395 0.1250000000
72748  5.766  -5.756  66.886 0.1250000000
148828  5.952  -4.728  70.122 0.1250000000
131956  5.910  -3.779  68.628 0.1250000000
73754  54.131  -5.193  64.790 0.2500000000
148272  53.462  -5.348  64.515 0.1250000000
73762  55.028  -5.495  63.632 0.2500000000
73763  54.079  -5.506  63.913 0.3750000000
74750  5.329  -3.940  66.774 0.1250000000
75635  5.298  -3.109  68.247 0.1250000000
141179  6.880  -8.461  81.083 0.2500000000
69537  5.878  -7.540  82.020 0.2500000000
75515  5.313  -3.781  82.137 0.1250000000
70643  6.462  -8.059  81.177 0.2500000000
70655  6.363  -7.723  80.798 0.2500000000
70654  6.714  -8.246  80.395 0.2500000000
70660  6.674  -7.904  79.816 0.2500000000
70666  7.412  -8.232  78.949 0.2500000000
74583  6.421  -3.811  78.858 0.1250000000
75539  6.513  -3.731  78.144 0.1250000000
73647  7.233  -4.668  77.243 0.1250000000
73733  53.685  -5.261  66.547 0.1250000000
73734  52.920  -5.829  67.169 0.1250000000
72739  52.327  -6.130  66.751 0.1250000000
73742  54.768  -4.997  65.158 0.1250000000
73744  53.068  -5.463  66.225 0.1250000000
72750  52.478  -5.555  65.804 0.1250000000
73753  54.949  -5.236  64.408 0.2500000000
73755  52.691  -5.370  64.817 0.2500000000
147896  55.744  -4.941  61.150 0.2500000000
73785  55.749  -5.181  61.834 0.2500000000
73786  55.105  -5.720  62.025 0.2500000000
72793  54.312  -5.943  62.234 0.2500000000
74735  54.112  -4.715  66.847 0.1250000000
73732  54.433  -4.827  65.936 0.1250000000
73743  53.916  -5.094  65.649 0.1250000000
138483  51.365  -7.262  67.796 0.1250000000
71812  50.453  -7.795  67.456 0.2500000000
145025  51.591  -6.786  67.095 0.1250000000
74760  55.611  -4.560  64.239 0.1250000000
74761  55.362  -4.834  64.737 0.1250000000
74766  56.151  -4.295  63.206 0.1250000000
74767  55.823  -4.724  63.617 0.1250000000
73752  55.503  -5.070  64.056 0.1250000000
74784  56.788  -3.646  61.385 0.1250000000
74776  56.864  -4.039  62.133 0.1250000000
73760  56.054  -4.773  63.033 0.1250000000
73761  55.608  -5.256  63.362 0.1250000000
73773  56.253  -4.668  62.381 0.1250000000
73774  55.701  -5.297  62.642 0.1250000000
71781  49.960  -7.789  68.244 0.2500000000
127547  48.703  -7.648  68.253 0.3750000000
71796  50.511  -7.849  68.058 0.2500000000
129206  49.844  -7.882  67.711 0.3750000000
71797  49.242  -7.807  67.963 0.3750000000
74753  55.046  -4.531  65.406 0.1250000000
127022  52.122  -6.564  67.752 0.1250000000
71779  51.074  -7.504  68.313 0.2500000000
128748  48.561  -7.710  67.798 0.5000000000
75656  55.038  -3.852  65.697 0.1250000000
75636  54.659  -3.651  66.476 0.1250000000
74716  54.368  -3.937  67.161 0.1250000000
74752  55.452  -4.318  64.913 0.1250000000
76530  54.537  -3.190  66.266 0.1250000000
75678  56.471  -3.816  62.984 0.1250000000
75670  55.592  -4.213  64.319 0.1250000000
75680  55.500  -3.912  63.861 0.1250000000
140232  54.163  -3.007  64.795 0.1250000000
76577  53.014  -2.869  63.594 0.1250000000
75686  56.152  -3.612  63.019 0.1250000000
75687  55.445  -3.440  63.169 0.1250000000
76576  54.013  -3.359  63.877 0.1250000000
76587  54.351  -3.284  62.969 0.1250000000
67687  40.267  -10.052  71.729 0.3750000000
72719  51.378  -7.004  68.655 0.1250000000
72731  51.603  -7.024  68.240 0.1250000000
76531  54.144  -2.604  66.715 0.1250000000
76549  54.164  -2.664  66.065 0.1250000000
77552  52.800  -1.750  64.989 0.1250000000
76532  53.415  -2.237  66.990 0.1250000000
74825  53.872  -5.073  54.644 0.6250000000
127173  28.574  -9.358  84.815 0.1250000000
69481  28.139  -9.716  84.577 0.1250000000
70594  29.964  -8.561  85.097 0.1250000000
151536  31.593  -10.056  85.207 0.1250000000
68503  31.721  -10.387  86.046 0.1250000000
68526  31.234  -10.435  83.550 0.1250000000
67584  31.498  -11.088  84.275 0.1250000000
144505  31.658  -10.785  85.073 0.1250000000
63740  36.278  -16.351  84.129 0.2500000000
137768  28.835  -9.382  85.274 0.1250000000
69480  28.631  -8.979  84.352 0.1250000000
64711  33.488  -15.182  86.777 0.2500000000
69456  29.808  -9.395  86.080 0.1250000000
71642  30.376  -8.071  84.698 0.1250000000
64712  33.161  -14.393  87.191 0.3750000000
151745  32.595  -13.152  86.381 0.2500000000
68520  31.529  -9.976  84.449 0.1250000000
147315  31.484  -9.090  84.394 0.1250000000
66659  32.351  -11.994  86.180 0.1250000000
67537  31.602  -11.743  86.973 0.2500000000
67594  31.293  -11.473  83.700 0.1250000000
64862  4.533  -14.680  68.882 0.3750000000
63846  33.141  -15.284  73.887 0.3750000000
67696  41.148  -10.828  71.112 0.5000000000
66804  4.548  -12.359  69.873 0.2500000000
68653  9.876  -10.486  72.595 0.2500000000
148545  34.990  -12.901  72.831 0.2500000000
64819  34.645  -13.377  73.234 0.2500000000
148155  51.715  -6.113  66.238 0.1250000000
63724  34.079  -16.723  87.263 0.5000000000
63728  35.586  -17.208  84.974 0.2500000000
131283  34.393  -16.630  85.780 0.1250000000
139507  27.647  -3.627  81.302 0.1250000000
127364  28.250  -4.079  81.016 0.1250000000
71669  28.149  -7.238  81.150 0.1250000000
71668  28.958  -6.689  81.607 0.1250000000
144465  29.253  -6.965  82.214 0.1250000000
73584  28.724  -5.394  81.071 0.1250000000
69568  8.475  -9.330  78.538 0.2500000000
69470  28.166  -9.915  85.119 0.1250000000
126014  12.175  -9.098  81.946 0.2500000000
73775  55.095  -5.679  62.867 0.1250000000
71656  29.311  -7.585  83.644 0.1250000000
63725  33.695  -15.998  87.149 0.5000000000
64703  33.297  -14.941  87.902 0.3750000000
149912  32.840  -15.492  88.759 0.3750000000
64686  32.648  -14.932  88.434 0.3750000000
151010  32.498  -13.807  87.502 0.3750000000
65710  32.668  -13.668  87.246 0.3750000000
64687  32.194  -14.334  87.958 0.3750000000
66646  32.470  -13.056  86.989 0.3750000000
66647  32.246  -12.429  86.931 0.3750000000
136652  32.249  -11.940  86.608 0.2500000000
66669  32.515  -12.809  86.030 0.2500000000
67573  32.073  -11.381  85.675 0.1250000000
67563  32.084  -11.200  86.264 0.1250000000
70577  30.911  -8.919  85.469 0.1250000000
68493  30.882  -10.433  86.509 0.2500000000
68494  29.903  -10.597  86.734 0.2500000000
69468  29.518  -9.109  85.521 0.1250000000
69457  28.906  -9.713  86.028 0.1250000000
68496  27.987  -10.960  86.253 0.1250000000
67552  28.566  -10.902  86.693 0.1250000000
69450  29.370  -9.969  86.544 0.1250000000
70607  29.607  -8.226  84.600 0.1250000000
148620  29.376  -8.813  85.022 0.1250000000
71648  29.590  -7.755  84.103 0.1250000000
138690  31.328  -8.672  84.700 0.1250000000
69479  31.495  -9.382  84.969 0.1250000000
69466  31.490  -9.825  85.570 0.2500000000
71641  30.867  -8.056  84.727 0.1250000000
71653  31.078  -7.336  83.833 0.1250000000
70592  31.087  -8.432  84.987 0.1250000000
131922  31.406  -7.593  82.677 0.1250000000
125929  31.438  -8.465  84.039 0.1250000000
72592  30.530  -6.703  83.219 0.1250000000
72602  31.231  -6.637  82.178 0.1250000000
71654  30.649  -7.140  83.833 0.1250000000
71666  31.430  -7.032  82.041 0.1250000000
145479  31.299  -7.187  83.251 0.1250000000
72599  29.762  -6.403  82.028 0.1250000000
72598  30.391  -6.452  82.417 0.1250000000
71655  29.994  -7.191  83.725 0.1250000000
73571  28.983  -5.188  81.007 0.1250000000
73570  29.426  -5.498  80.795 0.1250000000
72604  29.912  -6.163  81.452 0.1250000000
69490  31.408  -9.267  83.764 0.1250000000
69522  31.066  -8.560  82.255 0.1250000000
70649  31.011  -7.605  81.153 0.1250000000
146551  31.256  -7.159  81.518 0.1250000000
72603  30.726  -6.417  81.847 0.1250000000
71677  30.944  -7.014  81.075 0.1250000000
73596  29.875  -5.984  80.107 0.1250000000
73582  29.963  -5.954  80.697 0.1250000000
73569  30.204  -6.097  81.197 0.1250000000
74552  29.057  -4.834  80.559 0.1250000000
69523  30.652  -9.051  81.643 0.1250000000
70650  30.593  -8.220  80.660 0.1250000000
69557  30.140  -8.823  80.087 0.1250000000
70638  30.883  -8.342  81.388 0.1250000000
71693  30.125  -7.441  79.921 0.1250000000
70659  30.212  -8.049  79.938 0.1250000000
71687  29.969  -6.880  79.899 0.1250000000
72624  29.704  -6.304  79.819 0.1250000000
134763  29.482  -6.956  79.311 0.1250000000
71695  28.919  -7.153  78.629 0.1250000000
71694  29.314  -7.632  78.761 0.1250000000
70664  29.149  -8.366  78.151 0.1250000000
65854  5.350  -13.024  69.027 0.2500000000
139962  4.706  -11.937  69.330 0.2500000000
150428  4.844  -10.359  68.949 0.2500000000
70753  5.647  -8.812  69.048 0.1250000000
69670  5.066  -9.903  68.688 0.1250000000
62858  31.841  -16.405  73.297 0.2500000000
71794  5.961  -7.860  67.779 0.1250000000
71793  6.744  -7.586  68.380 0.1250000000
70708  10.972  -7.872  74.397 0.2500000000
71729  9.892  -7.247  75.883 0.2500000000
70684  9.284  -7.999  76.561 0.2500000000
73655  9.056  -5.088  75.371 0.1250000000
73674  8.885  -5.086  73.932 0.1250000000
72718  6.834  -5.529  69.868 0.1250000000
140216  7.260  -6.142  68.967 0.1250000000
72737  5.813  -6.618  67.133 0.1250000000
73657  7.302  -4.555  75.089 0.1250000000
73701  5.746  -5.408  71.266 0.1250000000
74715  5.987  -4.072  69.485 0.1250000000
136818  5.790  -4.728  67.049 0.1250000000
141366  6.185  -3.612  79.938 0.1250000000
73669  7.375  -4.872  74.189 0.1250000000
75625  5.340  -3.314  69.190 0.1250000000
141631  53.297  -5.279  65.289 0.1250000000
73723  53.487  -5.337  67.497 0.1250000000
74777  56.323  -4.499  61.650 0.1250000000
74734  54.677  -4.240  66.228 0.1250000000
71811  50.981  -7.389  67.270 0.2500000000
75679  55.867  -4.187  63.580 0.1250000000
75685  57.023  -3.477  62.519 0.1250000000
74770  56.551  -4.152  62.760 0.1250000000
71780  50.582  -7.544  68.508 0.2500000000
75637  54.453  -3.169  66.998 0.1250000000
75671  55.271  -3.882  64.842 0.1250000000
76562  54.610  -3.208  65.433 0.1250000000
75672  54.856  -3.514  64.492 0.1250000000
75681  54.928  -3.537  63.712 0.1250000000
76563  53.363  -2.601  64.513 0.1250000000
77571  52.459  -2.089  64.180 0.1250000000
136077  55.920  -3.038  62.747 0.1250000000
77531  53.677  -2.403  65.446 0.1250000000
69458  28.320  -9.967  85.630 0.1250000000
70578  30.269  -8.911  85.557 0.1250000000
68492  31.812  -10.922  86.346 0.1250000000
67549  31.533  -11.036  86.549 0.2500000000
132785  31.765  -11.772  84.888 0.1250000000
65720  32.724  -13.559  86.714 0.3750000000
65728  32.347  -13.320  85.322 0.2500000000
65727  32.686  -13.702  85.946 0.2500000000
139031  30.120  -11.997  87.194 0.2500000000
66631  30.818  -12.682  87.505 0.2500000000
66630  31.612  -12.502  87.343 0.2500000000
68487  30.837  -11.165  86.798 0.2500000000
63734  35.147  -16.873  84.789 0.1250000000
68505  28.116  -10.410  85.989 0.1250000000
67548  31.994  -11.636  86.718 0.2500000000
136370  1.804  -28.881  85.960 0.1250000000
48366  2.835  -29.669  81.810 0.1250000000
50419  1.771  -28.156  83.802 0.1250000000
140909  2.535  -29.095  81.879 0.1250000000
49369  2.239  -29.073  82.645 0.1250000000
49396  3.287  -29.295  80.916 0.1250000000
51575  1.990  -27.637  82.451 0.1250000000
50477  2.642  -28.394  81.478 0.1250000000
50461  2.261  -28.399  82.167 0.1250000000
49397  2.872  -29.056  81.239 0.1250000000
50504  5.514  -29.487  78.834 0.1250000000
51588  2.390  -27.706  81.757 0.1250000000
50517  4.920  -28.149  79.054 0.2500000000
50506  4.026  -28.388  79.707 0.2500000000
50516  5.661  -28.825  78.591 0.1250000000
49411  4.334  -29.219  79.941 0.1250000000
128722  6.201  -28.803  77.950 0.2500000000
50530  6.513  -28.228  77.352 0.2500000000
49428  6.051  -29.226  77.363 0.2500000000
50544  5.151  -29.067  75.867 0.1250000000
51651  6.631  -27.788  76.451 0.2500000000
51652  6.304  -28.036  75.761 0.2500000000
50543  6.150  -28.637  76.396 0.2500000000
50556  4.699  -28.774  75.313 0.2500000000
50555  5.513  -28.437  75.501 0.2500000000
51671  4.745  -27.483  73.866 0.2500000000
136629  4.186  -28.274  74.299 0.1250000000
51680  4.163  -27.778  73.590 0.1250000000
134703  4.871  -27.012  73.086 0.1250000000
151297  5.202  -26.932  73.807 0.2500000000
53615  33.003  -24.022  78.153 0.1250000000
54625  30.241  -23.104  77.750 0.1250000000
52648  32.288  -25.362  77.095 0.1250000000
52649  31.663  -24.973  77.365 0.1250000000
53618  30.321  -23.739  77.235 0.1250000000
53633  30.672  -24.370  77.103 0.1250000000
54660  29.853  -23.510  76.956 0.1250000000
52647  32.998  -25.024  77.401 0.1250000000
52646  33.607  -25.237  76.961 0.1250000000
57560  13.662  -20.025  81.260 0.2500000000
58549  14.532  -19.548  81.088 0.2500000000
57572  14.816  -19.959  80.323 0.2500000000
58557  29.709  -19.377  79.895 0.3750000000
141427  29.196  -18.651  79.396 0.1250000000
59569  29.155  -18.240  80.563 0.3750000000
60661  28.504  -17.650  79.978 0.2500000000
59579  28.526  -17.975  78.873 0.1250000000
133714  27.693  -17.128  79.562 0.2500000000
65835  34.468  -12.251  70.606 0.2500000000
65841  34.378  -12.008  69.597 0.2500000000
65871  38.879  -11.756  66.776 0.1250000000
72705  47.016  -6.280  70.347 0.2500000000
127136  46.645  -5.756  70.933 0.2500000000
133400  46.387  -5.651  72.358 0.1250000000
72722  49.144  -7.283  68.623 0.2500000000
71768  48.432  -7.310  68.816 0.2500000000
72713  47.946  -6.871  69.354 0.2500000000
72704  47.404  -6.883  69.743 0.2500000000
72698  46.463  -6.102  71.518 0.2500000000
71744  44.694  -7.520  72.417 0.2500000000
71782  48.025  -7.579  68.456 0.2500000000
71783  47.455  -7.535  68.678 0.2500000000
71770  47.232  -7.331  69.466 0.2500000000
71760  46.964  -6.867  70.192 0.2500000000
71750  46.381  -6.697  70.799 0.3750000000
71751  45.600  -6.758  71.732 0.3750000000
70725  44.049  -8.082  72.055 0.3750000000
70726  43.608  -8.838  71.672 0.3750000000
71761  46.357  -7.220  69.993 0.3750000000
71762  45.091  -7.369  70.345 0.5000000000
72712  48.620  -6.683  69.004 0.2500000000
71769  47.849  -7.367  69.142 0.2500000000
129652  49.432  -7.643  68.332 0.2500000000
70718  44.192  -8.458  72.954 0.3750000000
69630  43.224  -9.608  72.092 0.3750000000
71880  44.447  -6.930  61.016 0.2500000000
70815  44.008  -7.353  60.422 0.2500000000
71879  45.122  -7.087  60.743 0.2500000000
70827  45.291  -7.739  60.116 0.3750000000
141586  46.644  -8.659  59.827 0.2500000000
69738  45.566  -8.563  59.580 0.2500000000
68753  46.487  -9.608  59.174 0.2500000000
68766  46.195  -9.626  59.044 0.1250000000
68754  45.269  -9.047  59.078 0.1250000000
70828  44.742  -8.040  59.725 0.3750000000
68780  46.369  -9.875  58.715 0.1250000000
68781  45.891  -9.596  58.565 0.1250000000
68765  46.761  -10.252  59.016 0.1250000000
67829  47.363  -10.576  58.724 0.2500000000
67820  46.903  -10.664  58.878 0.1250000000
68793  47.828  -9.739  58.377 0.2500000000
68794  46.933  -9.504  57.937 0.1250000000
68795  46.109  -9.591  58.170 0.1250000000
68796  45.264  -9.523  58.238 0.1250000000
51660  5.909  -27.749  75.045 0.2500000000
52628  33.131  -24.385  77.815 0.1250000000
70732  44.125  -7.872  71.079 0.3750000000
133438  45.990  -8.164  59.936 0.3750000000
50402  1.797  -28.325  85.287 0.1250000000
134890  1.824  -28.642  84.460 0.1250000000
50441  1.911  -28.328  82.962 0.1250000000
137462  3.169  -28.746  80.713 0.1250000000
50507  3.372  -28.243  80.265 0.1250000000
51640  6.729  -27.407  77.184 0.2500000000
51627  5.866  -27.921  78.349 0.2500000000
53497  5.394  -24.536  87.141 0.2500000000
66796  34.967  -11.849  71.010 0.2500000000
67807  47.314  -10.775  58.784 0.3750000000
68778  48.242  -9.420  58.132 0.3750000000
49381  2.610  -29.717  82.395 0.1250000000
130602  1.999  -29.027  83.590 0.1250000000
50505  5.005  -28.967  79.297 0.1250000000
49422  5.885  -29.505  78.146 0.1250000000
49431  5.595  -29.336  76.563 0.2500000000
52670  31.549  -25.538  76.726 0.1250000000
141825  46.723  -6.314  70.689 0.2500000000
73686  46.331  -5.401  71.646 0.1250000000
72688  46.074  -6.322  72.480 0.1250000000
71743  45.320  -7.041  72.875 0.1250000000
71752  44.815  -7.344  71.395 0.3750000000
145516  45.671  -7.025  70.822 0.3750000000
69629  43.691  -9.023  72.537 0.3750000000
147175  45.949  -9.234  59.215 0.1250000000
149223  45.423  -9.403  58.631 0.1250000000
60565  33.035  -17.857  87.735 0.3750000000
53668  35.039  -25.090  75.428 0.1250000000
62734  33.324  -16.447  88.378 0.2500000000
61636  32.604  -17.169  88.161 0.3750000000
59463  32.269  -18.171  87.740 0.3750000000
60566  32.143  -17.792  87.919 0.3750000000
150638  35.927  -23.845  75.840 0.1250000000
63707  33.094  -15.847  88.702 0.2500000000
62720  32.654  -16.537  88.557 0.3750000000
63692  32.441  -16.231  88.720 0.3750000000
64717  33.160  -14.491  86.275 0.1250000000
63693  32.196  -15.779  88.662 0.2500000000
64721  33.376  -15.190  85.373 0.1250000000
65694  31.733  -13.449  87.657 0.2500000000
64672  31.766  -14.949  88.176 0.2500000000
62710  31.800  -16.337  88.451 0.3750000000
65665  31.189  -14.263  87.895 0.2500000000
64673  30.981  -14.856  87.908 0.2500000000
144451  37.753  -14.313  82.728 0.1250000000
65695  30.236  -13.136  87.573 0.1250000000
67550  29.993  -11.392  86.974 0.1250000000
65676  29.805  -13.563  87.591 0.1250000000
69474  9.391  -7.788  85.077 0.1250000000
65751  37.690  -13.174  82.684 0.1250000000
65677  28.824  -13.358  87.404 0.1250000000
64820  34.011  -13.707  72.883 0.2500000000
71628  10.475  -7.445  87.739 0.1250000000
70573  8.791  -7.355  86.935 0.1250000000
69488  7.677  -7.739  84.654 0.1250000000
69476  7.886  -7.612  85.255 0.1250000000
69500  7.565  -7.990  83.690 0.1250000000
69515  7.752  -8.303  81.872 0.1250000000
70562  9.794  -7.495  87.808 0.1250000000
71618  9.108  -7.213  88.267 0.1250000000
70563  9.214  -7.423  87.776 0.1250000000
70564  8.769  -7.225  87.593 0.1250000000
70565  8.286  -7.227  86.750 0.1250000000
70574  7.562  -7.364  86.091 0.1250000000
69489  7.012  -7.949  84.175 0.1250000000
69477  6.871  -7.668  84.862 0.1250000000
69517  6.477  -7.971  82.546 0.1250000000
69538  39.840  -9.273  80.039 0.1250000000
71640  6.076  -6.644  84.316 0.1250000000
70619  5.712  -6.915  83.483 0.1250000000
72587  5.925  -6.093  83.798 0.1250000000
130633  5.230  -6.546  82.838 0.1250000000
69553  39.850  -9.425  79.606 0.1250000000
137195  40.004  -8.001  79.086 0.1250000000
70656  39.871  -8.612  79.182 0.1250000000
71690  40.002  -7.956  78.486 0.1250000000
71700  40.192  -7.797  77.714 0.1250000000
72637  41.870  -6.480  76.859 0.1250000000
72636  43.101  -6.254  76.715 0.1250000000
69539  39.654  -9.057  80.421 0.1250000000
70646  39.614  -8.294  80.332 0.1250000000
129001  39.964  -8.185  79.694 0.1250000000
71684  40.067  -7.583  79.312 0.1250000000
72620  40.364  -6.924  78.776 0.1250000000
71683  40.209  -7.513  78.579 0.1250000000
72628  40.680  -7.026  78.000 0.1250000000
69591  43.265  -8.990  73.927 0.3750000000
71674  39.342  -7.519  80.478 0.1250000000
71673  39.845  -7.582  80.009 0.1250000000
73579  39.836  -6.215  79.761 0.1250000000
151102  40.261  -6.447  79.277 0.1250000000
73592  40.680  -6.124  78.761 0.1250000000
137750  40.938  -6.455  78.092 0.1250000000
144331  41.195  -6.622  77.513 0.1250000000
73581  38.930  -5.306  80.110 0.1250000000
74550  39.238  -4.865  79.912 0.1250000000
74549  39.684  -5.465  79.746 0.1250000000
74560  40.827  -5.185  78.882 0.1250000000
73608  41.348  -5.677  78.247 0.1250000000
74574  42.212  -5.204  77.755 0.1250000000
130394  42.314  -5.900  77.116 0.1250000000
69606  43.532  -9.105  73.557 0.3750000000
73624  43.045  -5.352  77.215 0.1250000000
71707  44.515  -7.342  75.862 0.1250000000
69618  43.253  -9.520  72.892 0.3750000000
69808  48.090  -8.810  57.316 0.1250000000
73828  52.820  -6.666  54.901 0.2500000000
78638  57.958  0.193  48.933 0.1250000000
78646  59.015  0.063  47.966 0.1250000000
78626  57.083  0.851  51.430 0.1250000000
78635  57.406  0.356  50.034 0.1250000000
78631  57.245  0.602  50.759 0.1250000000
78630  57.722  0.881  50.529 0.1250000000
78634  57.856  0.608  49.782 0.1250000000
78637  58.713  0.442  48.669 0.1250000000
79543  59.483  0.573  46.437 0.1250000000
79504  57.405  1.378  51.788 0.1250000000
79509  57.575  1.141  51.181 0.1250000000
79516  58.431  0.836  49.453 0.1250000000
79525  59.268  0.902  48.332 0.1250000000
79530  59.770  1.413  46.913 0.1250000000
79524  59.686  1.627  47.853 0.1250000000
79515  58.995  1.252  49.086 0.1250000000
80491  60.279  1.875  45.622 0.1250000000
79542  59.927  1.393  45.985 0.1250000000
78649  59.346  0.588  47.443 0.1250000000
80499  60.338  2.209  44.524 0.1250000000
80506  60.356  2.281  43.558 0.1250000000
79495  57.121  1.589  52.572 0.1250000000
80410  57.754  1.922  52.188 0.1250000000
79505  56.809  1.044  52.158 0.1250000000
80414  58.484  2.025  51.321 0.1250000000
80413  59.023  2.378  50.981 0.1250000000
79512  58.248  1.150  50.251 0.1250000000
80438  59.300  2.026  49.488 0.1250000000
79511  58.788  1.545  49.885 0.1250000000
134202  59.767  2.183  47.830 0.1250000000
79514  59.478  1.779  48.689 0.1250000000
80490  60.236  2.168  45.399 0.1250000000
80484  60.052  1.888  46.438 0.1250000000
81449  60.039  2.673  43.705 0.1250000000
81444  60.086  2.555  44.493 0.1250000000
135995  59.621  2.511  49.018 0.1250000000
81388  59.715  2.502  48.238 0.1250000000
80453  59.684  2.203  48.333 0.1250000000
81403  59.789  2.327  47.441 0.1250000000
81436  59.910  2.448  45.981 0.1250000000
80483  60.086  2.122  46.166 0.1250000000
81456  59.602  2.295  42.001 0.1250000000
65696  29.281  -12.826  87.382 0.1250000000
63694  31.460  -15.578  88.201 0.2500000000
65666  30.376  -14.211  87.775 0.2500000000
70572  9.351  -7.518  86.995 0.1250000000
69499  8.498  -7.759  83.662 0.1250000000
150268  8.095  -8.056  82.783 0.1250000000
70636  39.177  -8.736  80.966 0.1250000000
69463  8.510  -7.622  85.692 0.1250000000
70590  8.143  -7.470  86.183 0.1250000000
146313  32.019  -13.002  87.414 0.2500000000
129933  6.958  -8.305  81.818 0.1250000000
69518  5.945  -7.545  82.502 0.1250000000
64716  33.529  -15.367  86.041 0.1250000000
67539  29.319  -11.673  87.122 0.1250000000
66632  29.745  -12.387  87.290 0.1250000000
65675  31.117  -13.598  87.757 0.2500000000
66633  28.853  -12.093  87.115 0.1250000000
70604  6.384  -7.412  84.585 0.1250000000
70575  6.961  -7.406  85.583 0.1250000000
69516  7.199  -8.222  82.667 0.1250000000
131808  8.682  -6.913  88.038 0.1250000000
70605  6.122  -7.042  84.244 0.1250000000
69502  6.134  -7.615  83.166 0.1250000000
70628  5.664  -7.204  83.014 0.1250000000
73580  39.314  -5.753  80.121 0.1250000000
74561  40.019  -4.713  79.458 0.1250000000
79503  57.920  1.701  51.540 0.1250000000
79508  58.067  1.445  50.946 0.1250000000
80467  59.867  1.983  47.214 0.1250000000
80500  60.431  1.891  44.697 0.1250000000
79507  58.627  1.777  50.653 0.1250000000
82372  59.764  2.825  44.506 0.1250000000
81443  60.014  2.491  45.260 0.1250000000
52538  5.945  -26.185  85.936 0.1250000000
56649  11.087  -21.542  81.740 0.1250000000
57630  18.456  -21.044  76.206 0.1250000000
145890  11.773  -20.738  81.597 0.1250000000
57574  13.011  -20.706  80.805 0.1250000000
56663  13.317  -20.957  80.157 0.1250000000
56679  13.765  -21.305  79.495 0.1250000000
130254  14.754  -21.277  79.306 0.1250000000
56694  15.917  -21.545  78.463 0.1250000000
56677  16.201  -20.959  78.752 0.1250000000
56707  16.951  -21.587  77.662 0.1250000000
137875  16.598  -21.356  78.102 0.1250000000
138879  17.479  -21.271  77.565 0.1250000000
57616  18.296  -21.016  76.791 0.1250000000
56706  17.771  -21.295  77.247 0.1250000000
60723  22.577  -17.981  74.304 0.1250000000
59620  21.937  -17.706  75.099 0.1250000000
59621  20.825  -18.656  75.242 0.1250000000
58611  19.720  -20.099  75.380 0.1250000000
57629  18.979  -20.583  75.739 0.1250000000
57615  18.710  -20.515  76.424 0.1250000000
60722  23.475  -18.190  73.998 0.1250000000
58620  20.885  -19.320  74.443 0.1250000000
58621  20.259  -20.250  74.437 0.1250000000
57561  12.662  -20.399  81.395 0.1250000000
57587  14.302  -20.760  79.853 0.1250000000
57573  13.933  -20.327  80.530 0.1250000000
56678  15.517  -21.170  79.094 0.1250000000
57586  15.161  -20.598  79.658 0.1250000000
129334  27.711  -17.374  78.446 0.1250000000
133253  27.032  -16.870  78.228 0.1250000000
60683  26.377  -16.756  77.779 0.1250000000
60682  27.269  -17.642  77.370 0.1250000000
61759  25.384  -16.687  76.662 0.1250000000
61749  24.540  -16.201  77.082 0.1250000000
57604  18.135  -20.982  77.180 0.1250000000
60701  25.804  -17.371  76.059 0.1250000000
61760  24.555  -16.737  76.137 0.1250000000
61761  23.449  -16.727  76.012 0.1250000000
60694  22.436  -16.786  76.381 0.1250000000
60713  24.561  -17.611  74.899 0.1250000000
61772  24.018  -17.077  75.387 0.1250000000
60703  22.807  -17.063  75.549 0.1250000000
59612  21.108  -18.021  75.837 0.1250000000
58602  19.714  -19.223  76.378 0.1250000000
58592  19.094  -19.855  76.643 0.1250000000
57584  16.538  -20.091  79.250 0.1250000000
56693  16.870  -20.782  78.396 0.1250000000
130693  25.889  -16.427  79.344 0.1250000000
150124  17.005  -21.130  77.992 0.1250000000
61736  25.606  -16.227  78.448 0.1250000000
61748  25.513  -16.402  77.461 0.1250000000
58582  18.399  -20.247  77.456 0.1250000000
57595  17.916  -20.772  77.714 0.1250000000
59603  20.156  -18.466  76.782 0.1250000000
58591  19.523  -19.078  76.952 0.1250000000
57603  18.555  -20.487  76.935 0.1250000000
60704  21.715  -17.378  76.036 0.1250000000
57571  15.645  -19.732  80.262 0.1250000000
145598  25.152  -16.675  80.171 0.2500000000
57582  17.754  -19.847  78.645 0.1250000000
57585  15.879  -20.408  79.529 0.1250000000
61724  24.647  -16.139  79.280 0.1250000000
61725  23.504  -16.421  79.738 0.2500000000
59592  19.566  -18.241  78.117 0.1250000000
58571  18.241  -19.603  78.350 0.1250000000
56692  17.437  -20.768  78.072 0.1250000000
61737  24.589  -15.933  78.081 0.1250000000
132542  22.981  -16.329  77.719 0.1250000000
60684  21.239  -16.869  77.754 0.1250000000
59590  20.623  -17.668  77.246 0.1250000000
59591  19.959  -18.254  77.522 0.1250000000
134526  18.951  -19.649  77.177 0.1250000000
61750  23.392  -16.344  76.824 0.1250000000
58580  19.394  -18.872  77.488 0.1250000000
60695  21.415  -17.104  76.821 0.1250000000
59602  20.855  -17.863  76.490 0.1250000000
64868  5.604  -14.497  68.251 0.1250000000
64861  5.688  -13.832  68.621 0.2500000000
69679  5.256  -9.696  67.733 0.1250000000
68685  5.255  -10.299  67.944 0.1250000000
140126  5.246  -11.039  68.236 0.1250000000
68643  41.153  -9.922  72.370 0.2500000000
68660  40.935  -10.402  71.631 0.2500000000
131873  41.356  -8.647  74.370 0.1250000000
70700  42.011  -8.391  74.763 0.1250000000
69592  42.110  -8.792  74.101 0.2500000000
69608  41.701  -9.177  73.589 0.2500000000
68628  41.647  -9.612  72.967 0.2500000000
68629  41.017  -9.391  73.144 0.2500000000
70710  44.141  -8.601  73.759 0.2500000000
69605  43.751  -9.013  73.197 0.2500000000
70830  42.218  -7.522  60.355 0.1250000000
70829  43.213  -7.584  60.079 0.1250000000
70817  41.932  -6.540  61.861 0.1250000000
71882  42.826  -6.646  61.666 0.1250000000
70816  43.305  -7.099  60.876 0.1250000000
71865  42.096  -6.576  62.404 0.1250000000
71847  41.888  -7.076  63.266 0.1250000000
71864  42.519  -6.552  62.554 0.1250000000
72805  42.973  -6.617  63.154 0.1250000000
126671  42.362  -7.119  63.815 0.1250000000
149180  42.338  -6.817  63.154 0.1250000000
71863  43.321  -6.484  62.103 0.1250000000
61716  24.281  -16.485  80.144 0.2500000000
151088  19.987  -17.883  78.146 0.1250000000
60669  26.977  -16.634  79.081 0.1250000000
138293  43.991  -7.894  59.633 0.1250000000
53510  5.653  -25.349  86.585 0.1250000000
57640  18.734  -21.208  75.393 0.1250000000
56719  17.364  -21.594  77.260 0.1250000000
56717  18.037  -21.269  76.954 0.1250000000
60714  23.432  -17.538  74.721 0.1250000000
59632  21.682  -18.552  74.402 0.1250000000
141850  20.318  -19.530  75.075 0.1250000000
58610  20.010  -19.340  75.727 0.1250000000
58603  19.307  -19.934  76.053 0.1250000000
60735  22.444  -18.582  73.558 0.1250000000
60693  26.208  -17.230  76.912 0.1250000000
60702  25.144  -17.468  75.420 0.1250000000
59613  20.402  -18.587  76.098 0.1250000000
134316  23.749  -15.935  77.618 0.1250000000
61738  23.404  -16.086  78.604 0.1250000000
69740  43.534  -8.289  59.117 0.1250000000
129984  42.589  -7.114  61.043 0.1250000000
51661  4.847  -28.138  74.741 0.1250000000
50557  4.246  -28.819  74.952 0.1250000000
55774  35.857  -22.919  73.960 0.1250000000
56762  35.598  -22.369  73.896 0.1250000000
57657  35.153  -21.868  73.702 0.1250000000
61801  31.815  -17.191  73.680 0.1250000000
61812  31.611  -17.438  73.083 0.1250000000
63872  31.802  -15.180  71.937 0.1250000000
63879  31.671  -14.933  71.009 0.1250000000
135476  32.598  -14.638  72.265 0.1250000000
63871  32.393  -14.391  71.409 0.1250000000
63878  32.230  -14.170  70.551 0.1250000000
136407  31.565  -14.696  70.138 0.1250000000
63858  33.348  -14.175  72.558 0.1250000000
64836  33.146  -13.946  71.745 0.1250000000
64853  33.460  -13.044  70.457 0.1250000000
64845  32.945  -13.706  70.934 0.1250000000
65843  33.104  -12.928  69.716 0.1250000000
64854  32.716  -13.473  70.126 0.1250000000
64835  33.836  -13.543  72.050 0.1250000000
64844  33.633  -13.352  71.297 0.1250000000
64834  34.525  -13.115  72.282 0.1250000000
65834  34.171  -13.099  71.606 0.1250000000
65836  34.042  -12.803  70.994 0.1250000000
133067  33.997  -12.546  70.308 0.1250000000
65853  33.213  -12.551  68.896 0.1250000000
65842  33.671  -12.540  69.687 0.1250000000
145779  33.234  -12.431  67.968 0.1250000000
73694  47.336  -6.236  69.862 0.1250000000
73716  48.078  -5.793  68.710 0.1250000000
73702  47.746  -6.200  69.309 0.1250000000
73715  49.477  -6.696  68.758 0.1250000000
72721  50.007  -7.341  68.651 0.1250000000
65852  33.925  -12.195  68.978 0.1250000000
73703  47.001  -5.603  69.542 0.1250000000
73717  47.376  -5.553  68.956 0.1250000000
72740  50.332  -7.295  66.716 0.1250000000
65861  34.849  -11.936  67.237 0.1250000000
138861  33.854  -12.058  68.114 0.1250000000
72680  45.783  -6.581  73.369 0.1250000000
133416  44.639  -7.937  74.231 0.1250000000
71738  44.681  -7.869  73.398 0.1250000000
65851  34.579  -11.698  68.436 0.1250000000
70697  44.215  -8.320  74.456 0.1250000000
71730  44.723  -7.729  74.939 0.1250000000
73695  46.612  -5.577  70.313 0.1250000000
56763  35.627  -22.819  73.302 0.1250000000
62877  32.118  -15.471  72.805 0.1250000000
62878  31.368  -16.366  72.466 0.1250000000
71737  45.178  -7.325  73.823 0.1250000000
52629  32.491  -24.564  77.627 0.1250000000
52669  32.182  -26.003  76.305 0.1250000000
52709  5.256  -26.398  73.426 0.2500000000
53563  32.679  -22.785  80.355 0.6250000000
53578  33.380  -23.339  79.545 0.6250000000
53597  31.890  -23.519  78.051 0.2500000000
53613  33.928  -24.077  77.951 0.5000000000
53617  31.114  -23.985  77.452 0.2500000000
53627  4.264  -25.146  78.950 0.3750000000
53632  31.191  -24.561  77.371 0.1250000000
53651  34.990  -24.964  76.486 0.2500000000
53652  34.337  -25.059  76.780 0.1250000000
53653  33.892  -25.517  76.233 0.2500000000
53663  6.524  -25.193  77.104 0.3750000000
53683  6.794  -25.630  75.417 0.5000000000
53704  6.526  -25.717  74.717 0.5000000000
53819  4.337  -24.723  66.764 0.1250000000
54550  33.567  -22.691  82.391 0.5000000000
54551  32.949  -22.704  82.466 0.5000000000
54570  33.943  -22.752  82.128 0.5000000000
54573  31.854  -22.318  81.704 0.6250000000
54588  32.268  -22.558  81.170 0.6250000000
54604  34.522  -22.487  80.092 0.6250000000
54621  34.864  -22.987  79.092 0.6250000000
54623  34.092  -23.570  78.985 0.6250000000
54626  29.881  -22.708  77.712 0.2500000000
54640  35.235  -23.366  77.814 0.6250000000
54641  34.725  -23.543  78.220 0.5000000000
54654  3.630  -24.373  79.310 0.5000000000
54672  4.594  -24.658  78.418 0.5000000000
54680  35.183  -24.303  76.816 0.3750000000
54697  35.610  -24.248  75.661 0.1250000000
54788  3.631  -24.472  68.293 0.2500000000
55601  33.310  -21.665  84.189 0.6250000000
55613  32.485  -21.790  83.701 0.7500000000
55627  33.189  -22.258  83.006 0.5000000000
55628  32.642  -22.234  83.031 0.7500000000
55645  34.560  -22.263  82.034 0.6250000000
55646  34.217  -22.497  82.256 0.6250000000
55649  31.373  -21.602  81.680 0.6250000000
55682  35.316  -22.514  78.859 0.8750000000
55731  35.751  -22.722  76.670 0.5000000000
55739  5.894  -23.720  76.136 0.5000000000
55785  4.438  -23.800  72.616 0.5000000000
55823  3.645  -23.504  70.936 0.6250000000
55849  3.858  -23.480  67.268 0.2500000000
55887  4.174  -22.865  65.004 0.1250000000
56604  32.951  -21.009  85.183 0.6250000000
56605  32.658  -20.880  85.166 0.5000000000
56613  33.984  -21.163  84.281 0.6250000000
56615  33.083  -21.403  84.724 0.6250000000
56616  32.792  -21.321  84.756 0.6250000000
56627  34.290  -21.543  83.361 0.6250000000
56629  31.826  -21.251  83.708 0.7500000000
56657  35.243  -21.477  81.024 0.6250000000
56686  35.439  -21.815  79.277 0.8750000000
56705  29.185  -21.650  77.426 0.1250000000
56714  35.688  -22.046  77.398 0.7500000000
56721  4.053  -22.100  78.343 0.6250000000
56730  35.762  -22.490  76.283 0.3750000000
56755  5.169  -22.562  74.717 0.5000000000
56757  4.913  -22.553  74.020 0.5000000000
56768  4.724  -22.915  73.270 0.5000000000
56847  3.739  -22.652  65.198 0.1250000000
56848  3.426  -22.110  65.178 0.1250000000
57521  32.556  -20.053  86.125 0.6250000000
57527  34.519  -20.149  85.454 0.6250000000
57528  33.491  -20.561  85.539 0.6250000000
57530  32.788  -20.531  85.617 0.5000000000
57531  32.353  -20.442  85.611 0.6250000000
57537  33.700  -20.850  84.993 0.6250000000
57540  31.268  -20.217  84.488 0.5000000000
57544  35.756  -19.962  83.456 0.7500000000
57551  35.836  -19.987  82.974 0.7500000000
57556  35.463  -20.768  82.011 0.6250000000
57566  35.688  -20.424  80.834 0.7500000000
57700  7.243  -21.330  70.173 0.6250000000
57711  6.863  -21.254  69.335 0.6250000000
57713  5.177  -21.905  68.981 0.6250000000
57724  5.697  -21.359  68.284 0.6250000000
57737  5.325  -21.070  67.431 0.6250000000
57752  3.847  -21.366  66.201 0.3750000000
57775  4.010  -21.894  64.202 0.1250000000
57776  3.369  -21.358  64.895 0.1250000000
58454  33.380  -19.060  86.927 0.6250000000
58456  32.394  -18.981  87.093 0.5000000000
58465  33.756  -19.710  86.405 0.6250000000
58467  32.700  -19.533  86.560 0.6250000000
58478  35.377  -19.562  85.199 0.6250000000
58480  34.240  -20.034  85.983 0.6250000000
58481  31.228  -19.707  85.591 0.6250000000
58490  35.637  -19.698  84.528 0.6250000000
58503  36.014  -19.586  83.876 0.6250000000
58528  36.595  -19.001  82.371 0.5000000000
58583  3.205  -20.329  78.914 0.5000000000
58593  3.863  -20.195  78.440 0.6250000000
58647  9.140  -20.239  72.014 0.8750000000
58648  8.711  -20.628  71.968 0.8750000000
58652  5.394  -20.940  72.211 0.7500000000
58675  8.376  -20.640  70.714 0.8750000000
58703  7.049  -20.266  68.647 0.6250000000
58719  4.708  -20.648  66.842 0.6250000000
58730  3.796  -20.736  65.875 0.3750000000
58763  4.357  -20.572  63.502 0.1250000000
58764  3.986  -20.297  63.991 0.1250000000
59449  16.774  -17.421  88.767 0.5000000000
59462  32.694  -18.205  87.673 0.3750000000
59464  31.894  -18.067  87.781 0.3750000000
59481  33.012  -18.614  87.435 0.6250000000
59483  32.113  -18.541  87.527 0.5000000000
59496  3.916  -20.265  87.044 0.6250000000
59498  34.380  -19.117  86.863 0.5000000000
59539  36.888  -18.606  83.342 0.5000000000
59568  36.867  -18.810  80.402 0.7500000000
59623  4.537  -19.543  76.687 0.8750000000
59666  7.105  -20.148  72.423 0.8750000000
59669  5.370  -20.543  72.939 0.7500000000
59731  6.498  -19.894  68.249 0.7500000000
59748  3.774  -18.785  66.869 0.6250000000
59762  3.863  -19.550  66.174 0.3750000000
59814  5.707  -19.322  62.783 0.1250000000
60535  14.903  -16.642  90.456 0.7500000000
60538  15.773  -16.797  89.931 0.6250000000
60548  32.428  -17.751  87.888 0.3750000000
60551  16.303  -17.191  89.271 0.6250000000
60561  6.212  -18.366  89.277 0.7500000000
60562  6.142  -18.305  89.085 0.7500000000
60564  33.493  -17.701  87.788 0.6250000000
60568  30.997  -17.598  87.591 0.6250000000
60574  13.213  -17.012  89.015 0.7500000000
60580  33.846  -18.110  87.541 0.5000000000
60584  30.096  -17.107  86.993 0.6250000000
60586  21.838  -17.221  87.518 0.5000000000
60593  34.197  -18.486  87.149 0.5000000000
60602  36.136  -18.273  85.156 0.6250000000
60604  34.838  -18.719  86.454 0.6250000000
60619  23.610  -16.485  85.369 0.6250000000
60624  36.771  -18.675  83.823 0.5000000000
60670  26.407  -16.509  78.595 0.1250000000
60674  2.947  -18.927  79.604 0.6250000000
60696  4.262  -19.057  78.074 0.8750000000
60725  9.012  -18.516  74.023 0.8750000000
60736  10.098  -18.357  72.965 0.7500000000
60740  6.855  -18.823  73.551 1.0000000000
60764  6.145  -18.166  70.826 0.7500000000
60765  5.092  -18.078  70.903 0.7500000000
60823  3.768  -18.192  64.208 0.3750000000
60824  3.561  -18.619  65.031 0.3750000000
60829  4.650  -18.805  63.044 0.1250000000
61619  15.915  -16.383  90.738 0.5000000000
61621  14.691  -16.416  90.854 0.7500000000
61629  13.232  -16.451  89.833 0.7500000000
61635  6.931  -17.430  89.192 0.7500000000
61637  32.246  -17.321  88.146 0.3750000000
61648  33.130  -17.314  88.013 0.3750000000
61650  31.659  -17.395  88.040 0.6250000000
61653  22.992  -16.360  87.489 0.5000000000
61662  29.727  -16.520  86.955 0.5000000000
61667  22.324  -16.871  87.531 0.3750000000
61668  4.419  -17.559  87.524 0.6250000000
61671  34.572  -17.735  86.998 0.5000000000
61677  23.015  -16.628  86.813 0.5000000000
61679  3.725  -18.173  86.490 0.6250000000
61699  37.594  -17.740  83.223 0.6250000000
61719  3.298  -17.455  81.017 0.7500000000
61721  37.755  -16.812  80.492 0.3750000000
61727  3.207  -17.784  80.442 0.7500000000
61751  22.162  -16.461  77.234 0.1250000000
61762  4.879  -17.970  76.757 1.0000000000
61774  8.894  -17.229  74.886 1.0000000000
61777  6.157  -17.322  75.396 1.0000000000
61778  5.504  -17.677  75.604 1.0000000000
61780  4.679  -18.598  76.369 1.0000000000
61826  9.198  -17.814  71.789 0.7500000000
61843  4.124  -17.877  70.775 0.7500000000
61844  3.642  -17.537  70.380 0.7500000000
61856  3.462  -17.729  69.175 0.6250000000
61883  2.699  -17.401  67.429 0.5000000000
61911  2.653  -17.187  65.262 0.3750000000
61928  3.753  -17.186  64.093 0.1250000000
61950  4.961  -17.381  63.056 0.1250000000
62693  14.210  -15.938  91.429 0.6250000000
62697  14.072  -16.035  91.195 0.6250000000
62708  32.365  -16.778  88.420 0.3750000000
62709  32.283  -16.500  88.606 0.3750000000
62719  33.028  -16.796  88.338 0.3750000000
62721  31.352  -16.857  88.085 0.6250000000
62724  28.436  -15.397  87.002 0.5000000000
62729  22.503  -16.444  88.053 0.3750000000
62733  33.760  -16.751  88.011 0.5000000000
62735  29.299  -15.879  86.885 0.5000000000
62739  4.373  -17.055  86.994 0.6250000000
62743  4.245  -17.177  86.624 0.7500000000
62746  34.712  -17.394  86.261 0.5000000000
62748  3.699  -17.494  85.927 0.6250000000
62749  37.369  -17.248  83.957 0.3750000000
62753  3.718  -17.385  85.336 0.6250000000
62756  3.992  -16.895  84.255 0.7500000000
62757  3.705  -17.222  84.541 0.6250000000
62760  3.816  -16.828  82.845 0.7500000000
62761  3.547  -17.095  83.222 0.7500000000
62763  3.761  -16.875  82.264 0.7500000000
62772  3.931  -17.479  79.760 0.8750000000
62778  4.308  -17.186  79.235 0.7500000000
62787  10.211  -16.248  76.906 0.8750000000
62791  5.102  -16.994  77.775 1.0000000000
62792  4.578  -17.231  78.448 0.7500000000
62805  7.820  -16.537  76.253 1.0000000000
62808  5.114  -17.466  77.097 1.0000000000
62834  10.705  -17.054  74.726 0.8750000000
62847  11.709  -17.070  73.759 0.7500000000
62848  4.943  -15.783  73.241 0.7500000000
62866  3.833  -16.144  72.304 0.7500000000
62881  8.834  -16.914  71.798 0.7500000000
62882  7.963  -16.646  71.866 0.7500000000
62884  4.036  -16.872  72.074 0.7500000000
62939  2.751  -16.358  67.416 0.5000000000
62948  2.450  -16.548  65.391 0.2500000000
62970  4.311  -16.179  64.168 0.1250000000
62986  8.351  -16.977  63.501 0.1250000000
62989  5.397  -16.693  63.475 0.1250000000
62991  4.214  -16.688  63.911 0.1250000000
63002  6.588  -16.890  62.645 0.1250000000
63004  5.347  -16.986  62.982 0.1250000000
63678  13.892  -15.648  91.690 0.6250000000
63695  30.607  -15.417  87.786 0.2500000000
63708  32.515  -15.593  88.748 0.3750000000
63709  32.251  -15.008  88.390 0.2500000000
63718  5.184  -16.788  87.579 0.8750000000
63723  5.153  -16.354  86.996 0.8750000000
63731  4.778  -16.294  86.395 0.7500000000
63756  4.132  -16.610  83.148 0.7500000000
63759  4.005  -16.775  81.762 0.7500000000
63762  4.083  -16.927  80.934 0.7500000000
63766  9.061  -15.967  79.448 0.8750000000
63769  5.242  -15.984  79.596 1.0000000000
63775  9.921  -16.167  78.657 0.8750000000
63777  7.528  -16.384  79.316 0.8750000000
63779  4.982  -16.246  78.955 1.0000000000
63805  12.672  -15.359  76.221 0.8750000000
63807  7.396  -16.469  76.955 1.0000000000
63808  6.831  -16.605  77.245 1.0000000000
63809  6.334  -16.789  77.626 1.0000000000
63834  13.539  -14.869  74.081 0.8750000000
63847  12.778  -15.728  73.314 0.7500000000
63851  5.285  -15.198  73.493 0.8750000000
63864  7.662  -15.639  72.163 0.7500000000
63865  5.886  -15.720  73.294 0.8750000000
63867  3.665  -15.647  72.049 0.7500000000
63935  3.448  -15.340  65.152 0.1250000000
63966  4.855  -16.216  64.200 0.1250000000
64674  30.059  -14.751  87.641 0.2500000000
64705  32.550  -14.288  87.893 0.3750000000
64713  6.188  -15.244  86.743 0.8750000000
64714  5.585  -15.490  86.304 0.8750000000
64718  5.245  -15.598  85.965 0.8750000000
64720  4.710  -16.320  85.741 0.8750000000
64726  4.987  -16.224  83.864 0.7500000000
64727  4.618  -16.455  84.269 0.7500000000
64734  4.856  -16.130  83.156 0.7500000000
64737  38.332  -14.123  82.342 0.2500000000
64753  4.787  -16.034  81.873 0.7500000000
64763  5.827  -15.597  80.714 1.0000000000
64769  12.453  -14.211  79.021 0.6250000000
64794  13.844  -14.473  75.230 0.7500000000
64827  3.725  -14.813  72.331 0.7500000000
64837  3.707  -14.333  71.729 0.6250000000
65667  29.434  -14.080  87.535 0.3750000000
65674  31.800  -14.294  87.940 0.2500000000
65680  25.200  -13.489  87.754 0.2500000000
65709  6.882  -14.870  87.160 0.8750000000
65716  7.890  -14.147  87.266 0.7500000000
65734  5.520  -15.318  85.396 0.8750000000
65740  5.981  -14.927  84.825 1.0000000000
65742  5.320  -15.791  84.254 0.7500000000
65748  5.332  -15.800  83.546 0.7500000000
65772  5.857  -15.513  82.135 0.8750000000
65808  14.780  -12.483  76.218 0.6250000000
65815  13.479  -13.399  74.155 0.7500000000
65823  5.926  -13.559  72.743 0.7500000000
65824  5.094  -13.624  72.796 0.7500000000
65837  4.281  -12.855  70.513 0.3750000000
65845  4.275  -13.710  70.490 0.5000000000
65846  40.319  -11.760  67.921 0.6250000000
65848  39.641  -11.583  68.178 0.5000000000
65870  39.694  -11.740  66.508 0.2500000000
65893  39.754  -11.741  65.981 0.1250000000
66629  32.289  -13.126  87.252 0.3750000000
66686  18.556  -12.540  84.525 0.2500000000
66696  21.214  -12.148  83.029 0.2500000000
66766  14.830  -12.079  75.766 0.6250000000
66781  5.465  -13.053  72.375 0.7500000000
66782  4.580  -13.098  72.357 0.6250000000
66789  4.387  -12.028  71.136 0.6250000000
66797  4.410  -12.168  70.452 0.2500000000
66799  40.745  -11.765  68.939 0.6250000000
66857  39.844  -11.474  65.472 0.1250000000
67536  32.028  -12.370  87.137 0.2500000000
67538  30.884  -11.869  87.211 0.2500000000
67551  29.149  -11.010  87.016 0.1250000000
67554  26.299  -11.631  86.465 0.1250000000
67585  25.551  -11.566  84.066 0.2500000000
67668  14.435  -11.477  75.765 0.6250000000
67683  8.246  -11.779  72.895 0.7500000000
67693  6.883  -11.892  72.122 0.6250000000
67713  4.807  -11.320  68.933 0.1250000000
67808  46.896  -10.841  58.899 0.1250000000
67809  46.706  -10.114  58.902 0.1250000000
67819  47.210  -10.875  58.814 0.1250000000
67830  47.058  -10.418  58.645 0.1250000000
68495  29.059  -10.490  86.815 0.1250000000
68504  31.471  -10.351  86.241 0.2500000000
68559  23.144  -9.733  81.085 0.2500000000
68566  8.084  -8.860  79.924 0.2500000000
68579  8.850  -9.412  79.165 0.2500000000
68627  42.237  -9.549  73.169 0.2500000000
68657  6.359  -11.547  71.796 0.7500000000
68666  9.348  -10.353  71.878 0.3750000000
68677  5.148  -10.566  70.925 0.3750000000
68684  41.318  -10.599  67.382 0.3750000000
68763  47.925  -9.974  59.203 0.3750000000
68764  47.213  -10.340  58.998 0.3750000000
68779  47.455  -10.048  58.609 0.2500000000
69449  30.262  -9.850  86.416 0.1250000000
69455  30.638  -9.346  85.982 0.1250000000
69464  8.025  -7.571  85.683 0.1250000000
69465  7.369  -7.537  85.541 0.1250000000
69467  31.261  -9.100  85.281 0.1250000000
69478  6.524  -7.580  84.413 0.1250000000
69501  6.716  -7.996  83.364 0.1250000000
69507  22.359  -9.186  81.926 0.2500000000
69536  6.382  -7.957  81.838 0.1250000000
69543  26.252  -9.073  80.746 0.2500000000
69552  7.011  -8.549  80.415 0.2500000000
69639  10.390  -8.947  71.160 0.3750000000
69681  5.151  -9.230  66.907 0.1250000000
69737  46.227  -8.954  59.511 0.2500000000
69753  47.488  -9.722  59.177 0.5000000000
70588  9.165  -7.661  86.155 0.2500000000
70589  8.659  -7.541  86.259 0.1250000000
70591  6.127  -7.109  84.627 0.1250000000
70593  30.627  -8.447  85.093 0.1250000000
70608  29.094  -8.230  84.227 0.1250000000
70618  5.994  -7.262  83.681 0.1250000000
70620  31.332  -7.757  83.595 0.1250000000
70629  5.612  -7.047  83.108 0.1250000000
70635  5.565  -7.199  82.540 0.1250000000
70644  5.584  -7.240  82.016 0.2500000000
70645  39.886  -8.820  79.908 0.1250000000
70653  24.111  -8.896  80.616 0.2500000000
70686  44.167  -8.081  74.997 0.3750000000
70688  42.638  -8.155  75.152 0.1250000000
70724  11.060  -8.689  73.014 0.2500000000
70740  8.276  -8.512  69.743 0.1250000000
70754  5.277  -9.319  68.680 0.1250000000
70814  44.700  -7.379  60.400 0.2500000000
70875  49.606  -8.618  56.665 0.5000000000
71607  9.140  -6.678  88.538 0.1250000000
71616  10.243  -7.195  88.267 0.1250000000
71619  8.301  -6.958  87.208 0.1250000000
71645  6.027  -6.835  84.003 0.1250000000
71646  30.790  -7.648  84.333 0.1250000000
71647  30.173  -7.639  84.246 0.1250000000
71650  22.514  -7.463  84.255 0.2500000000
71652  5.741  -6.675  83.511 0.1250000000
71657  23.186  -7.158  83.914 0.2500000000
71659  5.444  -6.621  83.108 0.1250000000
71663  23.434  -7.895  81.953 0.2500000000
71664  22.810  -8.183  82.524 0.2500000000
71665  5.338  -6.937  82.502 0.1250000000
71667  31.150  -6.729  81.620 0.1250000000
71672  5.315  -6.603  81.947 0.2500000000
71678  28.512  -6.327  81.134 0.1250000000
71688  6.692  -7.029  79.741 0.2500000000
71749  11.126  -7.128  72.464 0.2500000000
71766  9.511  -7.411  70.264 0.1250000000
71795  50.932  -7.720  67.816 0.2500000000
71810  5.014  -7.755  66.650 0.1250000000
71901  51.859  -7.721  59.923 0.7500000000
72565  13.462  -5.908  89.472 0.1250000000
72585  6.057  -6.085  84.248 0.1250000000
72596  31.338  -6.865  82.697 0.1250000000
72597  30.963  -6.554  82.647 0.1250000000
72606  26.823  -5.715  81.085 0.2500000000
72610  5.118  -5.862  82.122 0.1250000000
72611  40.033  -6.964  79.623 0.1250000000
72612  39.461  -6.720  80.175 0.1250000000
72623  30.148  -6.357  80.370 0.1250000000
72627  41.642  -6.106  77.565 0.1250000000
72651  43.844  -6.906  76.316 0.2500000000
72669  9.826  -5.862  75.676 0.1250000000
72679  9.719  -5.391  74.906 0.1250000000
72685  9.510  -5.672  73.355 0.1250000000
72710  7.297  -6.161  70.367 0.1250000000
72711  6.396  -6.098  71.045 0.1250000000
72728  6.821  -6.866  68.158 0.1250000000
72798  49.446  -5.954  62.169 0.6250000000
73558  5.991  -5.740  84.091 0.1250000000
73567  25.220  -5.734  82.461 0.2500000000
73591  5.663  -5.465  80.990 0.1250000000
73593  40.250  -5.722  79.349 0.1250000000
73606  6.464  -5.304  79.666 0.1250000000
73636  7.015  -4.727  78.067 0.1250000000
73668  8.205  -4.872  74.691 0.1250000000
74515  26.051  -3.468  84.394 0.1250000000
74523  26.433  -3.427  83.608 0.2500000000
74539  5.029  -4.968  82.939 0.1250000000
74551  38.851  -4.728  79.831 0.1250000000
74562  39.398  -4.154  79.663 0.1250000000
74573  6.239  -4.085  79.782 0.1250000000
75434  21.922  -3.201  87.926 0.1250000000
75469  26.641  -3.054  83.273 0.1250000000
76367  21.578  -1.655  85.244 0.1250000000
76395  5.361  -3.474  82.768 0.1250000000
80466  59.924  2.098  46.797 0.1250000000
125954  6.393  -14.577  84.334 1.0000000000
126639  34.128  -22.631  80.908 0.6250000000
127514  33.096  -15.215  88.486 0.3750000000
127893  4.015  -23.998  71.718 0.3750000000
128221  2.615  -15.849  65.652 0.1250000000
128404  39.629  -11.658  67.005 0.5000000000
128407  3.662  -18.544  78.807 0.5000000000
128518  5.458  -6.203  83.185 0.1250000000
129059  2.183  -16.746  67.080 0.5000000000
129849  4.697  -22.723  72.679 0.6250000000
129992  40.447  -7.399  77.871 0.1250000000
130060  5.500  -16.227  78.930 1.0000000000
130120  22.977  -5.998  86.948 0.2500000000
130211  12.878  -14.165  73.066 0.8750000000
130639  5.011  -22.067  74.900 0.5000000000
130697  7.882  -8.882  79.141 0.2500000000
131024  6.424  -7.686  83.804 0.1250000000
131071  9.780  -4.990  86.789 0.1250000000
132306  3.168  -20.766  79.415 0.5000000000
132660  32.459  -23.953  77.914 0.1250000000
132966  6.096  -6.407  80.672 0.2500000000
133258  33.902  -22.862  81.552 0.6250000000
133397  5.369  -7.031  82.760 0.1250000000
133879  4.261  -24.030  72.113 0.3750000000
134219  4.716  -22.373  72.018 0.6250000000
134475  6.287  -12.048  71.961 0.7500000000
134927  4.925  -10.184  70.095 0.1250000000
134994  33.532  -23.673  78.893 0.6250000000
135158  4.260  -17.012  86.252 0.8750000000
135826  5.205  -14.640  73.523 0.6250000000
136014  4.033  -17.813  63.609 0.1250000000
136582  33.184  -23.075  81.988 0.6250000000
137105  6.390  -18.879  88.733 0.6250000000
137186  5.064  -20.760  74.001 0.7500000000
137326  4.077  -16.612  82.526 0.7500000000
138167  6.557  -14.418  83.401 1.0000000000
138168  3.535  -17.833  69.787 0.7500000000
139057  32.880  -22.004  83.605 0.6250000000
139189  46.731  -9.299  59.479 0.2500000000
139553  33.325  -23.087  81.303 0.6250000000
139635  3.947  -14.052  71.082 0.5000000000
139853  7.196  -7.741  84.873 0.1250000000
140242  6.091  -15.732  80.350 1.0000000000
140404  3.379  -17.866  79.893 0.6250000000
141000  49.568  -8.826  57.319 0.5000000000
141745  34.007  -17.301  87.799 0.5000000000
142013  35.676  -17.852  85.445 0.6250000000
142060  7.251  -14.492  73.398 0.8750000000
142720  32.890  -14.247  87.684 0.3750000000
142724  31.798  -19.478  86.484 0.6250000000
142759  36.811  -18.909  80.781 0.7500000000
142784  35.294  -20.384  83.619 0.6250000000
142930  8.475  -20.890  71.363 0.8750000000
143346  19.768  -18.923  84.471 0.6250000000
143367  50.984  -7.330  68.656 0.2500000000
143587  4.662  -11.037  69.714 0.2500000000
143818  12.496  -11.536  75.033 0.5000000000
143841  32.744  -15.987  88.861 0.3750000000
144027  4.774  -19.153  75.188 0.7500000000
144455  46.780  -10.123  58.629 0.1250000000
144852  14.302  -16.666  89.821 0.7500000000
144885  8.185  -7.721  84.382 0.1250000000
145295  6.371  -13.920  73.149 0.7500000000
145611  35.733  -23.927  76.377 0.3750000000
145826  33.604  -21.854  83.612 0.5000000000
147060  7.478  -7.618  85.271 0.1250000000
147229  3.529  -22.539  66.135 0.2500000000
147241  10.829  -15.451  72.426 0.7500000000
147342  30.579  -13.757  87.762 0.1250000000
147390  6.049  -7.564  81.543 0.2500000000
147421  30.320  -22.524  78.204 0.2500000000
147550  4.166  -21.884  87.655 0.5000000000
147603  5.109  -11.289  71.466 0.6250000000
147916  43.818  -8.782  74.062 0.3750000000
149372  59.724  2.599  47.823 0.1250000000
149520  7.185  -15.858  72.417 0.8750000000
149662  5.243  -19.743  73.535 0.7500000000
149799  33.040  -16.274  88.699 0.2500000000
149904  6.717  -5.162  68.316 0.1250000000
149931  5.530  -9.260  69.628 0.2500000000
149957  15.588  -16.207  91.069 0.6250000000
150150  6.233  -15.326  81.943 1.0000000000
150426  36.448  -18.439  84.847 0.5000000000
150433  5.556  -7.234  82.322 0.2500000000
150530  7.268  -14.751  81.739 1.0000000000
150810  9.274  -18.942  73.498 0.8750000000
150829  6.247  -7.378  84.131 0.1250000000
150895  5.177  -5.031  82.035 0.1250000000
151039  20.630  -8.868  84.105 0.2500000000
151041  3.525  -23.789  70.637 0.3750000000
151124  19.412  -18.370  86.285 0.6250000000
151156  2.787  -18.874  82.878 0.7500000000
151169  4.355  -15.627  73.097 0.7500000000
151595  34.517  -23.075  79.437 0.6250000000
151744  2.867  -20.735  81.438 0.6250000000
151929  5.756  -16.019  64.679 0.1250000000
152173  6.007  -4.460  80.358 0.1250000000
152437  51.117  -7.784  60.161 0.7500000000
