global_signal	global_signal_derivative1	global_signal_power2	global_signal_derivative1_power2	csf	csf_derivative1	csf_power2	csf_derivative1_power2	white_matter	white_matter_derivative1	white_matter_power2	white_matter_derivative1_power2	csf_wm	tcompcor	std_dvars	dvars	framewise_displacement	rmsd	t_comp_cor_00	t_comp_cor_01	t_comp_cor_02	t_comp_cor_03	t_comp_cor_04	c_comp_cor_00	c_comp_cor_01	c_comp_cor_02	c_comp_cor_03	c_comp_cor_04	c_comp_cor_05	c_comp_cor_06	c_comp_cor_07	w_comp_cor_00	w_comp_cor_01	w_comp_cor_02	w_comp_cor_03	w_comp_cor_04	w_comp_cor_05	w_comp_cor_06	w_comp_cor_07	w_comp_cor_08	w_comp_cor_09	w_comp_cor_10	w_comp_cor_11	w_comp_cor_12	w_comp_cor_13	w_comp_cor_14	w_comp_cor_15	w_comp_cor_16	w_comp_cor_17	w_comp_cor_18	w_comp_cor_19	w_comp_cor_20	w_comp_cor_21	w_comp_cor_22	w_comp_cor_23	a_comp_cor_00	a_comp_cor_01	a_comp_cor_02	a_comp_cor_03	a_comp_cor_04	a_comp_cor_05	a_comp_cor_06	a_comp_cor_07	a_comp_cor_08	a_comp_cor_09	a_comp_cor_10	a_comp_cor_11	a_comp_cor_12	a_comp_cor_13	a_comp_cor_14	a_comp_cor_15	a_comp_cor_16	a_comp_cor_17	a_comp_cor_18	a_comp_cor_19	a_comp_cor_20	edge_comp_00	edge_comp_01	edge_comp_02	edge_comp_03	edge_comp_04	edge_comp_05	edge_comp_06	edge_comp_07	edge_comp_08	edge_comp_09	edge_comp_10	edge_comp_11	edge_comp_12	edge_comp_13	edge_comp_14	edge_comp_15	edge_comp_16	edge_comp_17	edge_comp_18	edge_comp_19	edge_comp_20	edge_comp_21	edge_comp_22	edge_comp_23	cosine00	cosine01	trans_x	trans_x_derivative1	trans_x_power2	trans_x_derivative1_power2	trans_y	trans_y_derivative1	trans_y_derivative1_power2	trans_y_power2	trans_z	trans_z_derivative1	trans_z_power2	trans_z_derivative1_power2	rot_x	rot_x_derivative1	rot_x_power2	rot_x_derivative1_power2	rot_y	rot_y_derivative1	rot_y_power2	rot_y_derivative1_power2	rot_z	rot_z_derivative1	rot_z_derivative1_power2	rot_z_power2
1376.9660274738435	n/a	1896035.4408170972	n/a	2007.7886189778649	n/a	4031215.138497042	n/a	1367.2282297430068	n/a	1869313.032206196	n/a	1616.2365238420216	1193.5660822651173	n/a	n/a	n/a	n/a	-0.0520760669	0.1736739799	-0.0855596053	0.1456987484	-0.0512301968	-0.0572478095	0.1416861207	0.0112946511	-0.1559207626	0.0096836657	-0.2142747721	0.0374317298	-0.0016850206	0.1654667055	-0.2277563826	0.0374260373	0.175903623	-0.0833062205	0.086199966	-0.092000449	0.1405137121	-0.0216915964	0.1118621912	-0.1146947594	0.0582950811	-0.002530846	0.0007226045	0.1219388519	-0.076675181	0.1961496811	-0.1042674259	-0.0595967551	0.0318654219	0.0657975306	-0.1319670368	-0.0330212261	0.0348287342	-0.0907398079	0.1630659356	0.0232485673	-0.0988219955	0.1174648176	-0.0276019866	0.0030628141	0.1554709117	-0.1455166851	0.1871288816	-0.0557300099	0.1042010631	-0.0280221177	0.0584892384	-0.0247767622	0.0440776368	-0.03675852	0.0017017478	0.1516197494	-0.0605136511	0.0199051839	-0.0238000939	0.1448678801	-0.0763088371	0.0208279681	-0.1025206878	0.0723127118	-0.1245659759	0.2240878976	0.0306486126	-0.0015174847	0.1526155287	-0.036810173	0.1084462776	-0.0101529962	0.0227545213	-0.1989203621	0.14663931	-0.0804464377	0.1957671775	-0.0861232258	0.1325185544	0.1661591845	-0.1243409231	0.0865414675	0.153366806	0.1532882396	0.0030312732671688	n/a	9.18861762025221e-06	n/a	-1.921512179592355e-06	n/a	n/a	3.692209056321763e-12	0.0483951978680181	n/a	0.0023420951766846	n/a	-0.0001090000201924	n/a	1.1881004401943608e-08	n/a	-0.0004050000713815	n/a	1.6402505781902012e-07	n/a	-2.2071973267488818e-08	n/a	n/a	4.87172003920741e-16
1378.5894110370664	1.6233835632228877	1900508.7642235253	2.6353741933422388	2007.434591246488	-0.3540277313768456	4029793.6381329545	0.1253356345838359	1369.469971816228	2.241742073221303	1875448.0037063404	5.025407522850546	1619.2251093011153	1198.1077829870846	1.172896	22.168041	0.0972477694070611	0.0556923572656792	-0.1205653914	0.0331671429	-0.0511134622	0.047222413	0.2887860781	-0.1715816269	0.06608206	0.119398051	-0.0330303568	0.0932928103	-0.0490597703	0.1433574623	-9.8894e-06	0.127831926	-0.0783975716	0.1508626463	0.0429771542	-0.0265935167	0.035591781	0.0616503148	0.0886911921	-0.3507703	-0.158452644	-0.030314174	-0.0847318854	0.0714447275	-0.1117951163	0.171293149	0.0545108834	0.0265611081	-0.0881655557	0.0305138104	-0.1279670107	-0.1823242682	0.0482960084	-0.0948404568	-0.2203282419	-0.1665916567	0.0728657425	-0.1130629773	-0.0612856541	-0.0348306777	0.0331213624	-0.0337013119	0.2598859963	0.0683175037	0.1531438753	-0.190424716	-0.0166778112	-0.0940612295	0.1993887229	-0.102814206	-0.1985427421	-0.0873092233	0.140806329	0.0094353809	-0.0053978349	-0.0523985353	-0.0753010289	0.0667522825	-0.083887143	0.0082926329	-0.0477806058	0.0624273354	0.1450027653	0.0015477489	0.1412937817	-0.0062090508	-0.0441513538	-0.0910856795	0.3068086883	0.0475310115	-0.0606362407	-0.0589169375	-0.112701445	0.0574755809	-0.0274946574	-0.1728015794	0.2329725929	0.0400958555	0.0065366273	-0.1916829346	0.1531573254	0.1524510324	0.0113678800067162	0.0083366067395474	0.000129228695847	6.949901192986713e-05	0.0364561280131425	0.036458049525322	0.0013291893751908	0.0013290492697106	0.0109934280237027	-0.0374017698443154	0.0001208554597123	0.0013988923874871	1.800002565709989e-05	0.0001270000458494	3.2400092365625425e-10	1.6129011645775075e-08	-0.0005789996073841	-0.0001739995360025	3.35240545350942e-07	3.0275838529120095e-08	5.212132157789463e-09	2.728410542527828e-08	7.444224088576998e-16	2.716632163026304e-17
1379.4326344982212	0.843223461154821	1902834.393118703	0.711025805441916	2015.365046932823	7.930455686334881	4061696.2723985394	62.892127392921246	1372.4192217331165	2.949249916888448	1883534.5201825327	8.698075072266516	1618.136407298187	1206.3789200043127	1.180104	22.304283	0.0398906105955046	0.020893571322718	-0.0737560306	-0.1372431808	-0.0563469386	-0.0780297037	0.1058806641	-0.1450526662	-0.0700833849	0.0747268946	0.1013685907	0.0189056548	0.0376739032	-0.269961939	0.0434819423	0.0698178415	0.0633323259	0.1213428114	0.0020596482	-0.0209537894	-0.1201454834	0.0072778203	-0.1007325749	-0.029439078	0.0546379545	0.0501169601	-0.0400120366	0.1073520602	0.1082878698	-0.0577024623	-0.0663697406	0.131874579	-0.0490104694	-0.1844846892	-0.1834069709	-0.0107746117	0.1334679106	0.0845735896	0.1272453116	-0.1218903997	-0.0792135645	-0.1592503822	0.0555436991	-0.0097967827	-0.0304382818	-0.0726406691	-0.0285422961	0.0893424741	0.1204471802	-0.1924566656	0.060642337	-0.1346834228	0.0917304773	-0.1078797324	0.1991826117	0.0953041878	0.0797191316	0.0319314643	-0.1126850935	-0.0703974553	-0.1383663084	-0.0629502788	-0.0441683156	-0.081851976	-0.0161258211	-0.1174979211	0.0679735678	0.175780799	0.1873519942	-0.0013758296	0.1651162133	-0.1930464252	0.0697132135	0.0165904337	0.0327067175	0.1014824348	-0.033535121	0.0906966423	-0.1393325432	-0.0892891129	0.18787156	-0.1071987627	0.0150833156	0.0869727628	0.1527386503	0.1507811905	0.0001337789048676	-0.0112341011018486	1.7896795387574373e-08	0.0001262050275665	0.0341982977340933	-0.0022578302790491	5.097797568991369e-06	0.0011695235679096	0.0260951217530092	0.0151016937293064	0.0006809553793043	0.0002280611534937	-8.196350322686396e-05	-9.996352888396384e-05	6.7180158612201395e-09	9.992707106935075e-09	-0.0005790049584339	-5.3510497999851095e-09	3.3524674189104226e-07	2.863373396192068e-17	0.0001259760419044	0.0001259708297722	1.5868649953507227e-08	1.5869963133899148e-08
1381.738690412471	2.3060559142497823	1909201.8085827704	5.317893879646399	2012.886217137387	-2.478829795436013	4051710.9231416592	6.144597154741347	1373.4163169049202	0.9970951718037212	1886272.3795406765	0.9941987816342924	1614.668219032808	1210.0829063138551	1.030774	19.481897	0.0122903752894682	0.011386128674302	0.0116353749	-0.1481156087	-0.1139674846	-0.0472850211	0.0563621839	-0.003747982	-0.1287706099	0.0324607344	0.1344912138	0.0004193484	-0.1392742478	-0.2174100956	-0.0643207455	0.0503560295	0.1655642548	0.0623198928	-0.1014662904	0.0374573761	0.0536598421	0.1281027595	-0.0705613593	-0.0311239535	0.0469181719	0.1909389066	0.2002675673	0.1892466972	0.0419645639	0.0667844576	-0.1477383382	-0.0138562311	-0.0641021415	-0.0031452805	-0.0681068437	0.078267429	-0.0569917523	0.078975247	0.1433765418	0.0231612308	-0.1042091113	-0.1736984973	0.0285543521	0.1809599584	0.0136169135	-0.1251857175	0.0082290277	0.1127978124	0.1215505796	-0.1289900837	0.0977334746	-0.185876865	-0.0439110056	0.0971033316	0.2334535898	0.158413627	0.1299859779	-0.0554001647	-0.1773413613	0.0609399029	-0.1121303774	-0.0992093187	-0.0586664978	-0.0359165202	0.0439600017	-0.0943328868	0.0409772211	0.2230332627	0.1925152857	-0.0159787514	0.203007674	-0.0955435373	0.0338065213	0.0304438007	-0.1031341521	0.0537781017	-0.0290188636	-0.0118993517	-0.2326437608	0.0879967569	0.0631790174	-0.0642472551	-0.0035299371	-0.0427527961	0.1521113526	0.148287834	0.0001786390173492	4.486011248160002e-05	3.1911898519487784e-08	2.0124296918618056e-09	0.0228278950888807	-0.0113704026452126	0.0001292860563142	0.0005211127941889	0.0255701070560405	-0.0005250146969686	0.0006538303748573	2.756404320331346e-07	-8.19615045411576e-05	1.998685706359766e-09	6.7176882266501985e-09	3.994744552806837e-18	-0.0005790050610408	-1.0260689997307336e-10	3.352468607108605e-07	1.0528175922084283e-20	0.0001329758973079	6.999855403499978e-06	4.899797566990784e-11	1.7682589264841165e-08
1385.2024666062737	3.463776193802687	1918785.8734921047	11.99774552075423	2012.404243549548	-0.4819735878388655	4049770.839456229	0.2322985393742686	1371.5096938298466	-1.9066230750736397	1881038.84026924	3.635211550403261	1613.8654535156013	1215.1172827163546	1.085855	20.522943	0.1353986227297768	0.0770047586174097	0.0537725636	-0.2102542609	-0.1795401408	-0.0578284348	-0.0145052703	0.0457009414	-0.14373302	0.0039320829	0.0694141625	0.2629860477	-0.1654239051	0.0297750508	0.1732672609	-0.0185581122	0.1646572983	0.0898708361	-0.0221642175	-0.0624848937	0.0224315895	-0.0423877218	-0.0093101291	0.0291639441	0.1506607177	0.0522728932	0.0078770794	0.0449637217	-0.0051281636	-0.1739471814	0.0948468164	-0.2956251041	0.0003026147	0.1143054954	0.0157594202	-0.0428424001	0.1319336108	-0.0488457881	0.022534791	0.0875197947	-0.1108465823	-0.1559361708	0.1306574735	0.1998159455	0.0116412017	0.0554250971	0.1425121017	-0.0660578179	-0.0757180661	0.0208211313	0.1312562424	0.006412762	0.0534186952	0.1607867026	0.1110113063	-0.0075203401	0.0777969024	-0.0328541951	0.0043431856	0.0341591249	-0.0537785881	-0.1924785333	-0.1385235455	-0.0528104672	0.1372522866	-0.031359817	0.0052632702	0.1914414744	0.1432308844	-0.0380024477	-0.1296103214	0.0120032732	-0.0441350952	-0.0339685382	0.0704327312	-0.0173182036	-0.0012146205	-0.1272496133	-0.1723926562	0.1172409104	-0.0100276959	0.0548004626	-0.0677679607	-0.156910123	0.151276289	0.1449845808	8.243065799717897e-05	-9.620835935202104e-05	6.7948133778478855e-09	9.256048409207616e-09	0.0343165790291237	0.011488683940243	0.0001319898586787	0.001177627596262	-0.0516965897218142	-0.0772666967778547	0.0026725373888655	0.0059701424309609	-0.0005869822665367	-0.0005050207619955	3.445481812285616e-07	2.550459700465583e-07	-0.0001960516263468	0.000382953434694	3.8436240193225286e-08	1.466533331439317e-07	0.0001759423736649	4.296647635700001e-05	1.8461180905366407e-09	3.0955718850839294e-08
1385.7901828068873	0.5877162006136132	1920414.430763946	0.3454103324637008	2014.8013159500924	2.397072400544402	4059424.342754224	5.745956093451705	1371.1615984606526	-0.3480953691939703	1880084.129093172	0.1211703860542865	1615.3283246283877	1220.7811684750095	1.104708	20.87928	0.0161016979892213	0.008055836153357	0.1564292413	-0.1671917774	-0.1530505156	0.1166597812	-0.0087798846	0.1479561333	-0.0528463067	-0.0291222617	0.0051300762	0.0874826096	-0.0650674488	0.0823301388	-0.0177665008	-0.1138078287	0.0236074075	0.1429166612	-0.0424558518	-0.0850618243	0.1509540947	-0.1683440077	0.1939043444	-0.0709459435	-0.0963772746	-0.07680141	-0.1527103475	0.1010700588	-0.0565770157	-0.0226238448	0.1174411011	0.1039892918	-0.01015732	0.009734731	0.3171414504	0.2277575683	-0.0848107237	-0.0726300032	-0.0550010374	0.1602259796	-0.0191596884	-0.0726911455	0.0832172081	0.1355211212	-0.026527142	0.1381095752	0.0832100679	-0.0518379372	-0.0454416304	0.0334520523	-0.224118656	0.0546073021	0.2491058551	0.0798409499	0.0478711775	-0.1382756947	-0.0756192085	-0.0190435796	0.318856383	0.1729387227	0.0312673669	-0.2237407907	-0.1541766378	0.0074099107	0.0669522853	0.0811107424	-0.0953735086	0.0719616065	0.0422463223	0.0670627618	-0.1592400989	-0.0837052044	0.0560557104	0.1413594405	-0.0040008177	0.0088047621	0.0427589467	-0.0408556935	-0.0976861574	0.1886836935	-0.138613848	-0.0723098223	0.1624941157	-0.1263528889	0.1502346003	0.1408894722	4.154159913127842e-05	-4.088905886590055e-05	1.7257044583838315e-09	1.6719151349390803e-09	0.0293759555520551	-0.0049406234770686	2.440976034216147e-05	0.0008629467645963	-0.057766623868936	-0.0060700341471218	0.0033369828332151	3.684531454722471e-05	-0.0006309853673633	-4.400310082659992e-05	3.981425338265986e-07	1.9362728823559187e-09	-0.0002120420879481	-1.5990461601299977e-05	4.4961847061389775e-08	2.5569486222264905e-10	0.0001349329099695	-4.10094636954e-05	1.6817761125843306e-09	1.8206890192837192e-08
1385.6153356472817	-0.1748471596056333	1919929.858380929	0.0305715292221578	2017.575302445261	2.7739864951686286	4070610.1010370874	7.695001075377932	1371.2220861556682	0.0604876950155812	1880250.0095611028	0.0036587612482979	1617.4830437524508	1222.6499165198195	0.985974	18.635162	0.0262161108622302	0.0146302591157109	0.1926292408	-0.1084541164	-0.1255449456	0.1202581284	0.0524451534	0.1549767995	0.0038557335	-0.0363382537	0.0852260918	0.0344692424	-0.0651961974	0.0222361655	-0.0032746956	-0.0847789155	0.0848585649	0.0342619972	0.0841145033	-0.0819502028	0.1345228879	-0.0539504682	0.1020444465	0.1790596475	-0.0201967655	0.0246369772	-0.0282490139	0.1078012944	-0.1609958213	0.1306410587	0.1884128209	0.0757205839	0.151993057	-0.0569310397	0.0075542793	0.2241441887	0.112491847	-0.1184645024	-0.1096921236	0.1466466235	0.0278228296	0.0009458908	0.0863735546	0.0327033523	-0.0757141472	0.0352388926	0.0346879222	0.0131954413	-0.0053700398	0.1020143907	-0.0838061349	0.0889740415	0.0613469731	0.0599135796	0.0658036873	0.158328372	-0.0320299117	0.1114573141	0.2297459787	-0.0343455255	0.1040031941	-0.2299289849	-0.1158505716	0.0265945096	0.0006564335	0.177899296	-0.0577393086	-0.0475973314	0.0466509146	0.102609148	-0.0551881439	-0.1813080927	-0.1169636364	0.0939151956	-0.0915934196	-0.0461397394	0.0715194107	0.0048564864	0.1729225114	-0.0954592974	-0.1662192495	-0.0197706278	-0.1688014528	-0.0711363189	0.1489877092	0.136024874	9.183567402715198e-05	5.029407489587357e-05	8.433791024021318e-09	2.5294939696317394e-09	0.0328268636645248	0.0034509081124697	1.1908766800709207e-05	0.0010776029780492	-0.0561026670119346	0.0016639568570014	0.003147509245852	2.7687524219619827e-06	-0.0005699950313143	6.099033604899996e-05	3.248943357229899e-07	3.7198210913699436e-09	-0.0004600067436213	-0.0002479646556732	2.1160620417707247e-07	6.148647046312864e-08	2.286886533443437e-05	-0.000112064044635	1.255835009996998e-08	5.22985001684494e-10
1384.2808992946857	-1.334436352595958	1916233.608152104	1.7807203791296038	2017.7573126006544	0.1820101553933	4071344.572553415	0.0331276966662932	1373.572769304177	2.3506831485087787	1886702.1525739457	5.525711264683145	1619.8539268835711	1214.5263410259788	1.10016	20.793306	0.0589414406189173	0.0315294168272513	0.2045405356	0.0252685194	-0.0655429056	-0.0042411931	0.1942897288	0.1093434514	0.0787586042	-0.0534352851	0.1153581097	-0.0657230857	0.0381662968	0.0968395414	0.1582591077	-0.1032302742	-0.0087872062	0.0509302995	0.2163619544	-0.1328525863	-0.017840483	-0.0983107781	-0.0904249103	0.0909310409	0.0943538174	0.0619517654	-0.002034819	-0.1067454543	0.0254271256	0.009792888	0.162883073	-0.0319127607	0.0755757678	-0.0388190821	-0.063778606	-0.0673146414	-0.2043963411	0.013436463	0.0812799499	0.0908830731	0.0532704556	0.0470504645	0.1238933902	-0.101764459	-0.2090197071	0.0365594348	0.0478854933	0.0507053361	-0.0608424543	0.1063809823	0.0422168443	0.2144777559	-0.0631518027	0.0356789207	0.0308220577	0.1313132025	0.0288121982	0.06244673	0.1659046412	-0.0130000823	0.1453830029	-0.1643749351	-0.0701827669	0.090963279	-0.0697138611	0.12801803	0.1574092453	-0.0949785462	0.1178530112	-0.1507732528	0.0825467712	-0.0098940537	-0.073151091	-0.0320562921	0.0840957564	0.0998361334	-0.0737193995	0.0915826824	0.1600732984	-0.0559634002	-0.2402999225	-0.0217659746	-0.1379548505	0.0328677708	0.1475373187	0.1304173552	4.160216452930854e-05	-5.023350949784344e-05	1.7307400935236574e-09	2.5234054764699275e-09	0.0433382039208822	0.0105113402563574	0.0001104882739849	0.0018781999190879	-0.0643768209746582	-0.0082741539627236	0.0041443750788031	6.846162379885467e-05	-0.0002289940385609	0.0003410009927534	5.243826969643095e-08	1.162816770588044e-07	-9.401377822859658e-05	0.0003659929653927	8.838590496815741e-09	1.339508507169446e-07	0.0001179891649951	9.512029966066564e-05	9.047871407534828e-09	1.3921443056240933e-08
1383.190949145868	-1.0899501488177066	1913217.2017990472	1.187991326907741	2019.323649945176	1.5663373445215711	4077668.0032279072	2.453412676842887	1374.3626612515436	0.789891947366641	1888872.7246424253	0.6239292885146644	1619.5194376895302	1207.516639004446	1.030581	19.47826	0.0595536893014867	0.0414339285419478	0.1651293287	0.0674829567	-0.0272940015	-0.0485260359	0.1481341893	0.0572286851	0.0747089683	-0.0229978888	0.1061607682	-0.0742834282	0.1273322283	0.1668617613	0.1834608753	-0.1158809043	-0.0728098501	0.0105888895	0.0078702043	-0.1099350086	0.0235887402	-0.0377995408	0.0070854117	0.1318744917	0.0671386112	0.0013482688	-0.0772754258	-0.1934774848	-0.1017736593	0.0118414318	-0.2228212335	0.0088547882	-0.0414957635	0.0062013512	-0.1182669364	-0.0524816366	-0.0948991391	0.0646880512	-0.1440241702	0.0738952607	0.0146795853	0.0565141389	0.1963627478	-0.1955549966	-0.0296288295	-0.0088004171	-0.0038234923	-0.0008058716	0.0409545697	0.0202140216	0.0817512988	0.1860173949	-0.1257523584	0.0783505331	0.0172548418	0.066285387	0.0260990709	0.0604065867	0.0472572209	0.1626107949	0.205439612	-0.0890651665	0.0410044378	0.1097381039	0.0422145993	0.0058784053	0.1539630192	-0.1107600064	0.1061757812	-0.0992922336	0.075488971	0.0721681087	-0.0390228961	-0.1817972142	0.1266329989	-0.1061716055	0.0889493278	-0.07741183	0.1051877393	-0.2181626343	-0.0987721073	-0.2032391506	0.1110059409	0.0073959705	0.1458854101	0.124097542	2.0104161478684542e-05	-2.1498003050624e-05	4.041773087610234e-10	4.621641351646386e-10	0.0044682530465678	-0.0388699508743144	0.0015108730809716	1.9965285288162427e-05	-0.0559655151098255	0.0084113058648327	0.0031321388815081	7.075006635176897e-05	-0.0003420019401205	-0.0001130079015595	1.1696532704618607e-07	1.277078581490424e-08	3.797980265818346e-05	0.0001319935808867	1.4424654099545594e-09	1.7422305395314945e-08	0.0001180063737345	1.7208739399988504e-08	2.961407117367167e-16	1.3925504241966491e-08
1380.3999740320332	-2.7909751138347474	1905504.088307638	7.789542086044881	2015.2191941110711	-4.104455834104783	4061108.400313675	16.846557694116793	1370.909020513749	-3.453640737794558	1879391.542525967	11.927634345754138	1617.4068253872222	1196.0161514282229	1.128288	21.324944	0.0647448485330463	0.0412286808395229	0.0758615341	0.0978870814	-0.0099955825	-0.1131547739	-0.1142834639	0.0718236054	0.1429719655	-0.0156629979	-0.1259578836	-0.0088695626	0.2174631058	-0.0844661966	0.0586880497	-0.0536212528	-0.1459265104	-0.1542578138	0.0162722512	0.1571844352	-0.0490870368	-0.0393282036	0.0462992382	-0.0239255389	-0.0374325939	0.0189113498	0.0940053687	-0.1407185148	0.2249805439	0.1317551076	0.203290896	-0.0246945418	0.0273731646	-0.1441279788	-0.0416347731	-0.1590641454	-0.0675356831	-0.1523367936	0.0035043427	0.0722614841	0.1142257076	0.0850607345	0.0328397846	-0.0887567066	0.0676347361	0.0189177711	-0.2358697741	-0.14707464	0.0720442414	0.1169765451	-0.063570383	0.1592536168	0.0719054371	0.0448542625	-0.007276732	-0.0909268959	0.1660314644	0.0073150906	0.0027324978	-0.0977013134	0.2090724283	0.0516303046	0.029532859	0.0053718824	0.1327215505	-0.160135631	-0.0792524972	-0.1061942212	0.0255777113	0.0660220293	-0.0672543913	-0.0201246886	0.0193383618	-0.0718427538	0.0509598249	0.1582206129	-0.0146645544	-0.0703399754	0.1345404252	-0.0080037989	-0.0174116936	0.031492753	0.0559548906	0.0719085054	0.1440342395	0.1170999511	5.099511831474501e-05	3.089095683606047e-05	2.600502091934841e-09	9.542512142473507e-10	-0.0010282741189087	-0.0054965271654765	3.0211810880821127e-05	1.0573476636174631e-06	-0.0322534249109409	0.0237120901988846	0.0010402834184857	0.0005622632216	-0.0007869865907471	-0.0004449846506266	6.193478940157435e-07	1.980113392932773e-07	-0.000227046631301	-0.0002650264339591	5.1550172785132246e-08	7.023901069712145e-08	0.0001179106540833	-9.571965119999213e-08	9.162251625848152e-15	1.3902922346351632e-08
1380.176099972687	-0.2238740593461443	1904886.0669358168	0.0501195944481209	2009.6405687834088	-5.578625327662394	4038655.215700103	31.12106054643635	1374.6457449034715	3.73672438972244	1889650.92398122	13.96310916474654	1618.884188869543	1191.9366198121124	0.986321	18.641729	0.0831508608507287	0.044736216459576	0.0445899172	0.0834776211	0.0536606603	-0.1569129051	-0.1011060779	0.0945083147	0.1014780543	0.0757387214	-0.1617195953	-0.0401813307	0.1935101738	0.0042695315	-0.0252071069	-0.1661526591	-0.178557281	-0.1593607968	0.0152361632	0.3353715747	-0.1525539678	-0.2372325977	0.0113784405	0.0648740826	-0.015466847	0.0805056434	0.0980561285	0.0272700869	-0.0358128074	0.049424978	-0.1362362551	-0.0287372759	0.0493325913	0.0820456857	0.1302361687	-0.1171480045	0.0928567393	0.0299235509	0.034034973	0.0941164253	0.1142347617	0.0630373214	-0.0221434027	-0.1255986539	0.1472710984	0.0471810464	-0.1042848848	-0.0844696457	0.1188144281	0.259790922	0.0546222822	0.009568095	-0.1504142396	0.0337035486	0.0962959577	-0.0945823735	0.0278596346	-0.0870051878	-0.1563552602	-0.1817202595	0.1755204226	0.0783570902	0.106964694	0.0220877224	0.0799764136	-0.1651718371	-0.0248484795	-0.0668495359	0.0619649676	0.0788776046	0.0251597946	0.0851931771	-0.0266135582	-0.0393995654	-0.1086806687	0.0764506334	-0.062369232	-0.1332616733	0.1862004459	-0.0246071229	0.0206934458	0.0351429705	-0.0720053191	0.0624225159	0.1419863355	0.1094628008	0.0001143872432436	6.3392124928855e-05	1.3084441416870514e-08	4.0185615029955604e-09	0.0011176008121935	0.0021458749311022	4.604779219932872e-06	1.249031575415571e-06	0.0091878284966568	0.0414412534075977	8.441619248397875e-05	0.0017173774839927	-0.0003489655773805	0.0004380210133666	1.2177697419650572e-07	1.9186240815070325e-07	-0.0005790204734861	-0.0003519738421851	3.3526470871606744e-07	1.238855855825417e-07	0.000117898701893	-1.1952190300006842e-08	1.4285485296757764e-16	1.390010390805448e-08
1381.7204251526375	1.5443251799504196	1909151.3332839853	2.384940261428896	2009.912291195518	0.271722412109284	4039747.418298817	0.0738330692424876	1373.3548893798086	-1.290855523662913	1886103.6521834263	1.6663079829710523	1617.8577018128035	1183.8584227609165	0.948979	17.935951	0.0070581180636182	0.0050011103108538	0.066654447	0.0820972527	0.0442384111	-0.2063489977	-0.0629740651	0.1143960777	0.0784834299	0.1479987093	-0.0321517246	0.0324820018	0.1124785458	-0.0339127907	-0.0794394025	-0.1194843038	-0.1200669909	0.1050136653	-0.1131932759	-0.0089425079	0.0501878244	-0.0108854704	0.0692409306	-0.0786259278	-0.1822526942	-0.0719737104	-0.0524004317	-0.068984286	0.2733694999	-0.1398080681	0.1159518329	-0.0491435507	0.1616164131	0.0302844425	-0.1473957916	-0.083298022	-0.0877113869	0.1390723166	0.1048734467	0.099785585	0.1081594525	-0.0612136416	-0.024515242	-0.1276470884	0.1177766745	0.0986050427	-0.0650377021	-0.1058670432	-0.0360135918	-0.0327470787	0.0387561771	-0.1224888493	-0.0201940211	0.028885996	-0.0451277272	-0.0691796767	-0.0411223221	-0.0723476653	0.0010347054	-0.2486349788	0.1690351919	0.1011284224	0.0584428218	-0.0352919624	0.0962560953	-0.1930266286	-0.1025365305	-0.0881372502	0.0582555254	0.0473407847	-0.0861343035	0.0536653152	0.0464969338	0.0267713013	-0.0908762892	0.0434670915	-0.0339614416	-0.0004735591	0.0744872629	0.1213048208	0.0870900319	0.1329777547	-0.1372793893	0.1439413173	0.1397444952	0.1012278027	0.0001144500896685	6.284642490000502e-08	1.3098823025127692e-08	3.949673122711971e-15	0.0044196563818843	0.0033020555696908	1.0903570985326038e-05	1.9533362533930624e-05	0.0054318288491543	-0.0037559996475024	2.950476464650493e-05	1.4107533352038896e-05	-0.0003489655773805	0.0	1.2177697419650572e-07	0.0	-0.0005790204734861	0.0	3.3526470871606744e-07	0.0	0.000117898701893	0.0	0.0	1.390010390805448e-08
1383.1903534687967	1.469928316159212	1913215.5539291347	2.1606892546466563	2024.3657000625344	14.453408867016378	4098056.487589675	208.90102787714767	1372.6995652961152	-0.6553240836933583	1884304.096564144	0.4294496546685396	1621.608844987598	1196.7216577343763	1.168417	22.083393	0.0890116911828637	0.0595713386304756	-0.0368395885	0.1077764241	-0.101709637	-0.025744623	-0.1881165981	0.0372438201	0.1208640026	-0.0476883061	-0.0434865739	0.1913921283	0.1120729914	-0.1060465899	-0.1699448432	0.0253281556	-0.1732443825	0.1503695185	-0.0784217534	-0.2412937737	-0.1108218072	0.2837278205	0.0118065066	0.0344812622	0.0938737274	0.0905374024	0.078961595	0.0108645985	0.0665757484	-0.1404347691	0.0164862124	-0.0715934889	-0.0288139338	-0.0655123467	0.0367589232	0.1809492318	0.2530709879	-0.0369927082	-0.0324520845	0.0020424736	0.1734621978	0.0255171234	0.0246089046	0.135936683	0.0707798588	0.2011143343	-0.0969390004	-0.1665252544	-0.124089408	-0.2288647685	-0.1035417594	0.0277674565	-0.0339561732	-0.0380707788	-0.0096565549	0.2907148936	-0.2361077322	-0.1701942338	-0.1580363587	-0.145236663	0.0805523914	0.1521392754	-0.1170557739	0.0053759899	0.1132932176	0.1021212961	-0.2663973831	-0.0631318495	0.0149688918	-0.0395721136	0.0215399386	0.0690556898	-0.1092872764	-0.0717916131	-0.1058688521	0.0354285567	0.008891179	0.1696087066	0.1029086391	0.1270831879	0.1421560734	0.1195092825	0.1280159388	-0.089229762	0.1373117808	0.0924399334	1.8481867698483256e-05	-9.596822197001676e-05	3.415794336242388e-10	9.209899628086404e-09	0.0044533526717884	3.3696289904099584e-05	1.1354399533011235e-09	1.983235001932488e-05	-0.0364961785881803	-0.0419280074373346	0.0013319710515403	0.0017579578076651	-0.0001290084300554	0.0002199571473251	1.6643175025359033e-08	4.838114665939574e-08	0.0001399926328375	0.0007190131063236	1.959793724877509e-08	5.169798470651125e-07	0.0001180088329174	1.1013102439999937e-07	1.2128842535393252e-14	1.3926084646526829e-08
1382.2879806030553	-0.9023728657414268	1910720.0613196725	0.814276788826395	2017.200730494449	-7.164969568085326	4069098.787107339	51.33678891158882	1371.4727447417008	-1.2268205544144166	1880937.4895693343	1.5050886727336965	1622.863085994014	1205.4163612453851	1.072983	20.279663	0.1082943153007612	0.0643418993805684	-0.1227779579	0.1012996251	-0.0372518487	0.0659680772	0.0379585056	-0.0762772651	0.0758498827	-0.0119617951	-0.0572121784	0.0679891821	0.0512388607	0.0576898851	-0.2653100089	0.0660778435	-0.1155762461	-0.0672121919	0.0267267549	0.0360099244	0.0526938527	0.0325711159	0.1190794548	0.1125617987	0.2127372906	-0.0692156125	-0.0091176661	0.0121862473	-0.1439052901	0.0399633429	-0.0739447225	-0.174697753	0.0479819197	0.0116357476	0.1483433533	0.0944342254	-0.047315268	0.0324508593	0.103845989	-0.0899760788	0.0877233484	0.0488413001	-0.1598123098	-0.0375897459	0.0520061182	0.2195848087	0.13830798	0.0261757921	-0.0234255484	0.0113686301	-0.0033677837	0.080612899	-0.0499161105	-0.180233056	0.0167616795	0.1255158923	0.064784082	-0.1200191811	0.0177305326	0.1524532133	-0.0339117949	0.1838784331	-0.1452263524	-0.0215398323	-0.0252242977	0.0679139615	-0.1273846365	-0.153716791	0.0299794262	0.0884808593	-0.0400590297	0.2842954623	0.0793907651	-0.0062316693	0.0487126913	0.0628956536	0.0126225506	0.1220042179	-0.1163236761	0.0358545427	0.0386838258	-0.0038246878	-0.039900017	0.05232637	0.1346915149	0.0831471893	0.0002131698325769	0.0001946879648784	4.544137752086358e-08	3.790340366849964e-08	0.0044693767943471	1.6024122558700067e-05	2.567725037762404e-10	1.997532892984836e-05	0.0189087620439138	0.0554049406320941	0.0003575412820333	0.0030697074464458	0.0002050343863363	0.0003340428163917	4.2039099580303124e-08	1.1158460318289901e-07	-0.0005789872084189	-0.0007189798412564	3.352261875127107e-07	5.16932012133078e-07	0.0001185594268939	5.505939765000108e-07	3.031537269580945e-13	1.4056337705410021e-08
1382.1492139076029	-0.138766695452432	1910336.4495054048	0.019256195766788	2006.6600640012507	-10.540666493198389	4026684.612457504	111.10565012083518	1372.4850367398249	1.0122919981240557	1883715.1760747184	1.0247350894659932	1622.6894394723993	1200.8388520860829	0.990581	18.722237	0.0379881817518006	0.0175143771188597	-0.1240894366	0.094635049	0.009835615	0.1152987998	0.1603128238	-0.1157094787	0.055568913	0.0873154823	-0.0202848621	-0.0633486355	-0.1557400842	0.2132464419	-0.0958048534	0.11255645	0.0139722362	-0.0998608803	-0.0674761578	0.0165529849	0.0795260547	0.0516329802	-0.0532394157	-7.66306e-05	0.010518055	0.0602739618	-0.1547556077	-0.002179507	-0.0316467397	0.0994609899	0.0174547173	0.022438375	0.0910534745	0.3632829972	0.1711437506	-0.1434515026	-0.0467897658	-0.0048010426	-0.0662594069	-0.1311765434	0.0359570029	-0.0013785027	-0.128193262	-0.0842532422	0.036273783	0.0191356616	0.1314304559	0.104427461	-0.102605262	0.0542746737	-0.08111293	0.050842503	-0.1380052733	0.10924252	-0.1819414461	-0.0530794176	0.1277818935	0.0593692676	0.1602668864	0.0428626205	-0.0988353048	0.1172295179	-0.0934706794	0.0758034997	-0.1133877841	0.0232059064	0.0079999343	-0.190238318	0.0505494147	-0.0175423105	0.0089325711	0.2583531118	0.103259677	0.1530127316	-0.0207629174	0.0083786194	-0.0148694834	0.0855882098	-0.0701367186	-0.1353410103	-0.0630383117	-0.0298048606	-0.0089271558	0.1868810976	0.1318872767	0.0734003241	0.0001815717606064	-3.159807197050001e-05	3.2968304249707826e-08	9.984381522528983e-10	0.0139796053948515	0.0095102286005043	9.044444803385186e-05	0.0001954293669957	0.0070428416746111	-0.0118659203693026	4.960161885363888e-05	0.0001408000662106	-1.0020147286470302e-06	-0.0002060364010649	1.0040335164255816e-12	4.24509985637957e-08	-0.0005789997878762	-1.257945730004026e-08	3.352407543606846e-07	1.5824274596353614e-16	-7.00028678431403e-06	-0.0001255597136782	1.576524169895509e-08	4.900401506264166e-11
1383.2897303444088	1.1405164368059104	1913490.478076307	1.3007777426244502	2017.769530125668	11.109466124417397	4071393.87670356	123.42023756957764	1375.333149733152	2.848112993327049	1891541.2727549125	8.111747622758365	1623.6452536778145	1203.173809082988	1.107139	20.925215	0.0368679090205503	0.0223168043279156	-0.1207104419	-0.0384384157	0.045416463	-0.0502176889	0.1421217932	-0.2054425354	-0.0427135932	-0.0051156783	0.1274855511	-0.1738112193	0.1023234548	0.001859012	-0.048280962	0.1144861108	0.0551394507	0.1632059987	-0.0502266082	0.2340093343	-0.2695662021	-0.1420939257	-0.0080272257	0.0368479953	0.1373083538	-0.0242696554	-0.1442979545	-0.0695525954	-0.0987286607	-0.1414192318	-0.0624717054	-0.0864084392	0.0963589587	-0.0175745086	-0.0413465361	0.0654489759	-0.1635464172	-0.1337463194	0.0338884257	-0.1892664834	-0.0751066168	-0.0602246195	0.0385702362	-0.1437063017	-0.142508622	0.0715490565	-0.0509690961	-0.0846969476	0.0929820004	-0.0340216526	-0.1291682828	0.1375376961	-0.0887586568	0.0751231232	0.0346833625	-0.1785616219	-0.0963946492	-0.24038065	-0.0854605688	0.0216724399	-0.1155367846	0.005233053	-0.0903810423	-0.062062009	-0.0339391774	-0.1280169855	0.0453088736	-0.197631462	-0.1266068586	0.0552374259	0.1795350595	-0.0378533237	-0.130321929	0.0995470226	0.0777734962	-0.0136187408	0.1164415041	0.105749576	-0.0399971853	0.0957165629	0.0147267402	0.0854534267	0.2476612348	0.0772338792	0.1289028963	0.0632525717	0.0002191642565634	3.7592495957e-05	4.803297135498781e-08	1.413195752277061e-09	0.0044698060368801	-0.0095097993579713	9.043628382887322e-05	1.997916600732979e-05	-0.0047567164653159	-0.0117995581399269	2.2626351531407387e-05	0.0001392295722975	0.0002449796352433	0.0002459816499719	6.001502168394032e-08	6.050697212292148e-08	-0.00057900855732	-8.769443800033666e-09	3.352509094497878e-07	7.690314456194891e-17	-7.142904790246559e-05	-6.442876111815155e-05	4.151065259219837e-09	5.1021088842527236e-09
1381.4692777151074	-1.8204526293013716	1908457.3652707003	3.3140477755302764	2021.7889243142647	4.019394188596607	4087630.454479832	16.155529643324176	1373.936477058202	-1.3966726749499685	1887701.442991103	1.9506945609519004	1620.6367334139045	1202.209296336662	1.080161	20.415321	0.041784729192083	0.0209082040158186	-0.0665306505	-0.0561358657	0.1178481054	-0.0006483977	-0.060488949	-0.0596871673	-0.0967158155	-0.0478477254	0.0505854597	-0.1996098282	-0.1072591035	-0.1617552209	0.047559706	0.0823824315	0.1288699393	-0.081409682	-0.2229066337	0.1519199293	-0.0298382953	-0.0352919004	-0.0274390041	0.083525333	0.059603687	0.0435459628	0.0180116321	0.1876290327	0.0296584101	0.0332776459	-0.0786852865	-0.0420640619	-0.2314393962	-0.0909563377	-0.1207202785	-0.0312627703	-0.310772331	0.0586708498	0.0039379976	-0.058715861	-0.0913080214	-0.0273753404	0.0385117448	0.0972217895	-0.0903885934	-0.1682074271	-0.1398837953	-0.1066297654	-0.0302410003	0.1085697912	-0.1557528043	-0.0663089612	-0.1529336667	-0.0329386252	0.0082014702	-0.0836286662	0.0798170919	-0.0042949105	-0.0516148225	0.2134928134	-0.1376273387	-0.0420706024	-0.0151953065	0.0017014803	-0.0172305575	-0.1348147879	0.0225297205	-0.1143762715	-0.1361137778	-0.1682542078	0.1544919975	0.1166245009	-0.228862988	0.0939022955	-0.0462134079	0.0202695243	-0.1354032676	-0.0422256233	-0.0068541533	-0.0790755507	0.0668801434	-0.0478298682	0.1036358299	0.0954275943	0.1257424501	0.0527593557	0.0021994209588029	0.0019802567022395	4.837452554021468e-06	3.9214166067644605e-06	0.0043790502581089	-9.075577877119996e-05	8.236611380366989e-09	1.9176081163043623e-05	-0.0247910796015844	-0.0200343631362685	0.000614597627812	0.0004013757062758	1.8966391253357533e-05	-0.0002260132439899	3.5972399717543707e-10	5.1081986458857265e-08	-0.0004800013880474	9.900716927260004e-05	2.304013325274307e-07	9.802419567373276e-09	-0.000139995706136	-6.856665823353442e-05	4.701386621314313e-09	1.959879773651727e-08
1384.6266255071162	3.15734779200875	1917190.892063224	9.968845079702527	2020.2106473153096	-1.5782769989550616	4081251.059526142	2.490958285430596	1375.8056508907794	1.8691738325774168	1892841.189023001	3.493810816392149	1623.164300126639	1204.6179008924528	1.09859	20.763643	0.0350321727526779	0.0193882466297899	0.0104264141	-0.1053479919	0.0965111185	0.0528056787	-0.1603679723	0.0058870638	-0.1937728052	-0.1079022804	-0.0510425724	0.127017256	0.035718645	0.1383050049	0.2276135933	-0.1092680131	0.1340266462	-0.064032139	-0.0206400134	-0.068814144	-0.0349042134	0.0530239274	0.1914825537	0.0146571968	0.0710202505	-0.0507519227	-0.0217513381	-0.0518477181	0.0116915513	-0.0458617416	-0.0445058451	0.0010680521	-0.0884039803	0.0503232392	-0.1207585098	-0.0407447201	-0.0756057401	-0.0339430431	-0.0458792528	0.0508829732	-0.20684521	0.0524388038	0.0725951051	-0.004697287	0.0978848484	0.004051598	0.1404618205	-0.1780573155	-0.0733631478	0.0588997988	0.1264436195	0.0427615661	-0.1074229578	-0.1349389241	-0.0800364934	-0.121120874	-0.0402457273	0.0308636239	0.038397096	0.0625869811	-0.0842769011	-0.1306389988	0.0935950994	0.0985287686	-0.0296915131	-0.1107847459	-0.0814209315	-0.0559355276	-0.2174378338	-0.2346619943	-0.0882667292	0.20202301	0.0292412934	0.0352040688	-0.0604642341	0.0525386911	-0.0217688382	-0.0271957851	-0.0015629554	0.0374244228	-0.078867342	-0.1119059795	0.0316409612	-0.1327306553	0.1224102548	0.0419779864	0.0001096744749986	-0.0020897464838043	1.2028490466218535e-08	4.367040366572435e-06	0.0027616821515152	-0.0016173681065937	2.615879592226492e-06	7.626888305997623e-06	-0.0378127437231086	-0.0130216641215241	0.0014298035878694	0.0001695637364937	2.8034173067572138e-05	9.067781814214604e-06	7.859148595825868e-10	8.222466703020109e-11	-0.0005789980805894	-9.8996692542e-05	3.3523877732620937e-07	9.800345134255276e-09	0.0001180077003229	0.0002580034064589	6.656575774439637e-08	1.3925817335499372e-08
1382.948924669797	-1.6777008373192075	1912547.728245348	2.8146800995415697	2019.9800042938768	-0.2306430214327974	4080319.217747091	0.0531962033356498	1374.4786464146205	-1.3270044761588906	1889191.5494497672	1.7609408797457318	1621.7180510255096	1198.8407277588797	1.135348	21.458384	0.0473672210078156	0.0384612781337552	0.1357126468	0.0315426566	0.1776331215	0.0778146302	0.0161683369	0.1012784914	-0.0287189801	-0.0730462206	0.025073784	-0.0021397763	0.0737883651	0.0772499297	0.0707752713	-0.0815873173	0.1205207894	-0.1705782553	0.1508132024	0.0184320632	0.0560239351	-0.0533682825	-0.072780339	-0.089638869	0.0329079964	-0.2976091431	0.1966110089	0.0783040943	0.0810702637	-0.105074417	-0.0213183794	0.0785847852	0.0166146037	0.0641923006	-0.0827153395	0.0895949891	0.0701956161	0.0174568774	0.0727720486	0.1123874248	-0.0377588816	0.1330601308	0.033960341	-0.0321434969	-0.0768092221	-0.0851083294	0.0345067667	0.0916377567	-0.0284281693	0.0507919795	0.0201755352	0.1096750729	0.0180328236	-0.2667813161	-0.1115963796	-0.0691468977	-0.0782457081	0.232078849	-0.2356189124	-0.001445055	0.0953817732	-0.0710384857	0.102393964	0.0545923121	-0.1987913982	0.0667664245	0.013396394	-0.1848886037	-0.1878371565	-0.1515040422	0.0757022269	0.0416169879	-0.0731966362	-0.1814690806	0.0613273735	0.0411696038	0.1109899514	-0.0706551709	-0.2441636888	0.1354265606	0.0173654402	0.0068079474	-0.0859582825	-0.0665224234	0.1189108618	0.0309673479	4.889079934855545e-05	-6.078367565004456e-05	2.390310260940709e-09	3.694655225529819e-09	0.0023295545703376	-0.0004321275811776	1.867342464144033e-07	5.426824496180799e-06	-0.039985207323923	-0.0021724636008144	0.0015988168047371	4.719598096863489e-06	-0.0001220098531726	-0.0001500440262401	1.4886404271199409e-08	2.2513209810361468e-08	0.0001649925708886	0.000743990651478	2.722254844842969e-08	5.535220894866588e-07	0.0001180099456082	2.245285300010182e-09	5.0413060784418136e-18	1.3926347262450325e-08
1379.812993821988	-3.1359308478090497	1903883.897919997	9.834062282240383	2023.9095104552152	3.929506161338395	4096209.706511069	15.441018671996408	1371.0326951789275	-3.4459512356929736	1879730.6512495936	11.874579918773932	1621.146269577056	1182.213078225013	1.217671	23.014299	0.1068868622286368	0.0819771019301	0.0457049377	0.1893861019	0.068778439	-0.0384176156	-0.2097043571	0.0619294018	0.1386860737	-0.0848307707	-0.1170627335	-0.1313929105	0.0822170917	-0.0774546933	0.1454137557	0.019033682	-0.0666724758	-0.2593707976	-0.050455366	-0.0831129057	-0.1041735358	0.2199944126	0.0444507363	0.0996059918	-0.0273896309	0.0067930903	0.0685797241	-0.0257065889	-0.067091351	0.0463993615	0.0042494677	0.04368451	-0.0027257902	0.078795398	0.0945686293	-0.2065060335	0.1096156395	0.1343314835	-0.2112324532	0.0228039799	0.08000808	0.1751086487	-0.0096190314	0.0192021416	0.0751879219	-0.1689199634	-0.1424490797	-0.1138717466	-0.0257794363	-0.1134617841	0.0093517145	-0.0678900736	-0.0053723238	-0.089661788	-0.1092546158	-0.0031313881	0.0218326094	0.1264251046	0.0577974975	0.1089239702	0.1045949751	0.1518385237	0.221304657	0.0447733705	-0.0449010608	-0.1159767393	-0.0648859102	0.0184242891	-0.240587964	-0.1125283337	0.0588477705	-0.1492567824	0.0990186412	0.0108878278	0.1291247156	0.1396898921	0.0640091504	-0.0565734072	-0.1052925415	-0.0357508131	-0.1434135679	0.1028017651	-0.0151857812	-0.1364221957	0.1152490509	0.0197875765	4.079555415614777e-05	-8.095245192407674e-06	1.6642772389071861e-09	6.553299472519956e-11	-0.0076135540545863	-0.0099431086249239	9.886540912703604e-05	5.796620534210748e-05	0.0364008304921483	0.0763860378160713	0.0013250204605181	0.0058348267732382	-0.0003520010702845	-0.0002299912171119	1.2390475348143354e-07	5.289595994861313e-08	5.499167736133792e-05	-0.0001100008935272	3.0240845790134853e-09	1.2100196576796048e-08	4.700964539837722e-05	-7.100030020982279e-05	5.0410426298849625e-09	2.2099067604811692e-09
1379.9292023958692	0.1162085738812948	1904204.6036249	0.0135044326435243	2014.082693749144	-9.826816706071211	4056529.097259808	96.56632657472028	1371.4694317756814	0.4367365967539172	1880928.4022951105	0.1907388549441936	1621.5570556164716	1178.2387833736911	1.10925	20.965115	0.0656460202705751	0.0455387576876989	-0.088777172	0.1462020157	0.0567443635	-0.0473026954	-0.2477581629	-0.0396536771	0.0758797011	0.035545463	-0.2205841715	0.0435449201	0.0507293742	-0.0597749999	0.0699188127	0.0715024353	-0.1524731404	-0.2280334311	-0.1204835774	0.0137951792	-0.0674680499	0.2038628439	-0.0582986402	-0.1142044009	-0.1157190868	-0.004678179	-0.0149623855	-0.1066899978	-0.0161160541	-0.0816972701	0.0096290957	0.0468625044	-0.1954594318	0.0123538936	0.0934688309	0.165412419	0.0258800937	-0.0803203879	-0.0933336492	-0.0585330438	0.0836736026	0.0910783826	-0.1030974469	0.0824279543	0.192337622	-0.1340777972	-0.0975231227	-0.0567930937	0.0200941979	-0.0254431561	0.0391290958	-0.1129932439	-0.0795040713	-0.0270029314	-0.1453757635	-0.0624455452	-0.1527820399	-0.0477086628	-0.0643337636	0.1095551684	0.0130212107	0.2166412397	0.1120233766	-0.004888616	-0.0155300731	0.0195255305	-0.1791527135	0.1284722028	-0.2085710196	-0.160233054	0.0574662889	0.0005699737	-0.0258632007	-0.0471776047	-0.1674634263	0.0554309032	-0.1334497791	0.025838208	-0.0156695443	-0.0127704883	-0.1018772392	-0.022197256	0.0278856951	-0.1321987724	0.1114298236	0.0084997322	3.404421589436879e-05	-6.751338261778983e-06	1.1590086358623926e-09	4.558056832496086e-11	0.0059370744367726	0.0135506284913589	0.0001836195325108	3.524885286777869e-05	0.0421393205949343	0.0057384901027859	0.0017757223402026	3.2930268659772805e-05	0.0004749949313245	0.000826996001609	2.256201847839665e-07	6.839223866772732e-07	8.402822118358522e-05	2.9036543822247296e-05	7.060741955277519e-09	8.431208771412877e-10	0.0001179801067305	7.097046133212278e-05	5.036806381694334e-09	1.3919305584140172e-08
1383.3269810707834	3.397778674914207	1913593.536558408	11.544899923701744	2015.7567918208608	1.6740980717167986	4063275.4437719295	2.8026043537259038	1376.6915212706592	5.2220894949778085	1895279.544738522	27.270218693557585	1623.9881631802862	1194.579771262191	1.189157	22.475382	0.1423153188071231	0.0757590570196445	-0.1897644261	0.0117423347	0.0940842189	-0.0828631509	0.0688112787	-0.1336410306	0.0188919425	0.1368659253	0.0056653706	0.1048716281	0.0654285986	0.0382169784	-0.1939517241	0.0760616701	0.0193747554	0.0559684597	-0.1859681883	-0.0371170429	0.186577746	0.0733897324	-0.1111576575	0.2012348917	-0.0339354239	0.0097983198	0.129719928	-0.0848686236	-0.1297930298	0.1013435784	-0.1599433119	0.016900381	0.0048704318	-0.0340437618	0.01563849	-0.0141746596	0.1046696989	-0.1416140134	-0.1165093357	-0.1540028296	0.0348896848	-0.1359429337	-0.124459474	-0.0564041614	0.0377425487	0.1222841524	-0.0049131994	0.1417523318	-0.1060363639	0.0134994705	0.0385772677	0.0859878619	-0.1266453054	-0.1765544618	-0.0982867994	-0.0390093287	-0.1574507494	-0.0050110981	-0.0436106319	0.076919834	-0.1032070744	0.1146256912	-0.0710185743	-0.1438044283	-0.0246973672	0.0387440232	0.0610172924	-0.1100284637	-0.1721710728	0.0674446098	-0.1735289968	-0.0021674209	0.1184758889	-0.0302782456	-0.0295286815	-0.295025634	0.1143784611	0.0614392326	0.05066333	-0.0088979215	-0.1141352672	-0.0696358434	0.0116264262	-0.1369484794	0.1074583966	-0.0028345346	7.084562085424295e-06	-2.695965380894449e-05	5.0191019942231435e-11	7.268229334981353e-10	-0.0175735507312282	-0.0235106251680008	0.0005527494957902	0.000308829685303	-0.0268349921471227	-0.068974312742057	0.0007201168035361	0.004757455818239	-0.0004359997491843	-0.0009109946805088	1.900957812887725e-07	8.299113079153305e-07	-1.0257268956426202e-06	-8.505394807922784e-05	1.0521156644446468e-12	7.234174083863985e-09	0.0001179999030076	1.9796277100003413e-08	3.918925870201194e-16	1.3923977109803009e-08
1382.7607329043606	-0.566248166422838	1912027.2444622044	0.320636985977226	2014.7295574522848	-1.027234368576046	4059135.189671879	1.0552104479838282	1374.1216779436384	-2.5698433270208625	1888210.3857946403	6.604094725433655	1622.3018454836126	1198.557068425043	1.135249	21.456511	0.0948706433537103	0.0536591145774955	-0.1167677966	-0.0337330721	0.1358239285	0.0041150749	0.0293214288	-0.0549577786	-0.0551904298	0.074740067	0.0294413105	-0.180135766	-0.163874046	-0.1194139685	-0.0134454086	0.0500834913	0.075708591	0.0658186136	0.0436178498	0.0110663714	-0.0607067613	-0.0042364144	-0.1307133879	0.0212693689	-0.2328832857	-0.1067169577	-0.1083747443	-0.165036066	-0.0488159071	0.1082532837	0.2341478332	-0.0541519161	-0.1031123486	-0.1733701987	0.0166687469	0.007124049	-0.0879016595	-0.0020065383	0.1020729793	-0.0576368743	-0.0827858576	-0.0715205823	-0.1866853414	-0.0133347766	-0.1575816917	0.0074188047	-0.1398997662	0.0481467982	-0.0032826822	-0.0538955811	-0.0172688948	-0.1243735828	-0.0259267719	-0.0307134807	-0.1509313058	-0.1380353946	0.1155041323	0.0144380073	0.0961737548	-0.0890442696	-0.1543554803	0.0675199306	-0.0235236946	-0.1878405586	-0.076888069	-0.0859477689	0.1027350319	0.0653731948	-0.1783264467	0.1637169578	0.0126018774	-0.0707649498	0.0220723946	-0.0077412122	0.0203860871	-0.2276694188	0.1121550282	-0.0612391356	-0.072691583	-0.1195718798	-0.1336937671	-0.0442585904	-0.0806725118	0.0451426132	0.1033401944	-0.0141533203	4.676347445808915e-05	3.967891237266485e-05	2.186822543392356e-09	1.574416087077616e-09	-0.0122821650865887	0.0052913856446395	2.7998762040296982e-05	0.0001508515792142	0.0252541282014107	0.0520891203485334	0.0006377709912132	0.0027132764586839	-5.397823273066129e-05	0.0003820215164536	2.913649608725434e-09	1.4594043903353777e-07	-0.0003680031156623	-0.0003669773887666	1.3542629313716014e-07	1.3467240386599437e-07	0.0001179896392646	-1.0263743000009332e-08	1.0534442037024051e-16	1.3921554973790436e-08
1386.3162848563131	3.555551951952566	1921872.8416578104	12.641949683033705	2024.0297187671329	9.300161314848085	4096696.302452559	86.49300048219682	1380.4988841140887	6.377206170450336	1905777.169040244	40.66875854042984	1625.8410997297797	1197.257127969572	1.075957	20.335873	0.0781292099592346	0.0620047666624878	-0.1004983625	-0.0728083726	0.1093027703	-0.048318284	0.0349453082	-0.0870472236	-0.1490881841	0.0286627958	0.1205375109	-0.1256488788	-0.0636105815	-0.1279997713	0.0223302955	0.0412780006	0.1326750225	0.2033162502	-0.1393224386	-0.0754204916	-0.132539785	-0.1781281101	-0.2010844737	0.0185146364	-0.1971410416	-0.3121114238	0.0547262621	0.0768341996	0.0428669354	-0.0921807165	-0.0035129947	0.0515336351	-0.0637488161	0.0463550826	0.110190148	-0.1749895074	0.0487183606	0.0402276867	0.0843710384	-0.0872407605	-0.1178347766	-0.0909493448	0.0425766705	0.0204343188	-0.1747626486	0.0303696237	-0.1510758329	0.0510073625	-0.157749519	-0.0790170558	-0.0975124581	-0.1328383296	-0.0254414035	0.000231648	0.0156540769	-0.0987717256	-0.129950785	0.1475809998	-0.0155490678	-0.1844719056	-0.1304001164	0.0004183043	-0.050035966	-0.1346934986	-0.0219601167	-0.042081464	0.1712467595	0.0207479838	-0.2119369168	0.0393783793	-0.0170515474	-0.1218615793	-0.0924780845	-0.0261559013	-0.067933795	-0.0563961982	-0.02829686	-0.0174247227	-0.0271474232	0.1254971221	-0.100146417	0.0069658993	0.16704513	0.1386487295	0.0990808418	-0.0253948054	2.9347779900490423e-05	-1.7415694557598727e-05	8.612921850876295e-10	3.033064169235739e-10	0.0066277948727844	0.0189099599593731	0.000357586585665	4.392766487570718e-05	-0.0337976771331867	-0.0590518053345974	0.0011422829795991	0.0034871157132751	-5.39781240207312e-05	1.0870993008912791e-10	2.913637872797439e-09	1.1817848899983077e-20	-0.0003710031851988	-3.0000695365000035e-06	1.3764336342765508e-07	9.000417223835345e-12	0.0001179900404323	4.011677000114551e-10	1.609355235324808e-19	1.392164964121579e-08
1385.943998573665	-0.3722862826480195	1920840.7671823597	0.1385970762478811	2025.635041889392	1.6053231222590512	4103197.322930239	2.5770623268595485	1375.7686574640245	-4.730226650064196	1892739.3988603645	22.37504416097755	1625.364001030578	1216.7171542274675	1.244938	23.529655	0.0489118895078064	0.0261071478986979	0.0921788534	-0.0200045604	0.0693248879	0.1508123298	-0.0399589051	0.0013334819	-0.0942026011	-0.1873481969	0.1013372264	-0.0635712907	0.0084088612	0.0291371351	0.0718514487	-0.0635235998	0.0783746159	0.012067118	0.0451906641	-0.0285266071	-0.1417161881	-0.1240105763	-0.0403967165	-0.0521746653	-0.1386505346	0.0913312551	0.1409967227	-0.0250999698	0.1706729454	0.0066233339	-0.2943085548	0.0240011699	0.0721904293	-0.0387227389	-0.061422966	0.1862489843	0.1305563809	0.1296189522	-0.1253864504	0.0248787666	-0.1170253788	0.1052491806	0.0196009116	-0.092936003	-0.2483028935	-0.0438517404	0.0067418049	-0.1262885103	-0.1183686607	0.2054380732	-0.0652856472	-0.2612466861	0.2353461594	-0.0768063809	0.1129830034	0.0256993931	-0.21353609	-0.0163832717	-0.2406932607	0.0718260508	0.0308361322	-0.0847461251	0.0277166538	-0.0124777582	-0.1453717749	0.0531177312	0.0636516542	0.0202854309	-0.2722490957	0.0441710748	-0.2451649549	-0.0271354142	-0.0317515423	0.0212464878	0.040444694	0.1540754198	0.0632099741	0.2383116276	0.0831882889	0.1951470958	0.3177157584	-0.0773932576	-0.1962348255	0.0783873596	0.0946861568	-0.0364975928	5.001867147313988e-05	2.067089157264946e-05	2.501867495937897e-09	4.2728575840823036e-10	0.0108628358997151	0.0042350410269307	1.7935572499786246e-05	0.0001180012037841	-0.044955413748994	-0.0111577366158072	0.0020209892253432	0.0001244950863877	0.0001099997247601	0.0001639778487808	1.2099939447297757e-08	2.6888734890789145e-08	-1.2001593414856517e-05	0.0003590015917839	1.440382444955273e-10	1.288821429034052e-07	-2.8999338472840296e-05	-0.0001469893789051	2.1605877510918904e-08	8.409616318623554e-10
1381.3845895076468	-4.559409066018361	1908223.3841292097	20.788211031290423	2025.2405393366228	-0.3945025527691541	4101599.242172495	0.1556322641413792	1372.2003355634974	-3.568321900527053	1882933.760920575	12.732921185781	1625.662531430726	1200.5486138472857	1.331218	25.160366	0.1287566994773805	0.0868895303738418	-0.0519164156	0.2225339421	-0.0195610008	0.196561144	-0.1337698387	-0.0614810689	0.1606483829	-0.2435591163	-0.1311130387	-0.1843133861	-0.1509863048	-0.0596582786	0.0070782877	0.1250425287	-0.0543829004	-0.1997175004	0.1366275528	-0.0022621286	-0.1627155561	-0.0690450078	0.0419773806	0.0054214369	-0.1121967798	0.0910919154	0.0545808789	-0.0709856494	0.0877160758	-0.1523380663	-0.147012989	0.1155409222	0.1551703484	0.0480069526	0.0490534226	-0.0153873931	0.083203491	-0.105649035	-0.0373687234	-0.1082863428	0.0516143848	0.3006462289	-0.0733686691	0.0644623401	-0.1068163524	-0.1680434662	-0.0042925571	0.026686261	0.0688380043	0.0752190341	0.0998446228	-0.05106187	-0.0491728709	0.1616960098	0.0988417761	-0.1663718335	-0.0982878457	0.031851988	-0.0534445335	0.0382160299	-0.0400407718	0.1834963401	0.125827903	0.1343874137	-0.1703669109	0.1166695637	0.038121185	0.2766865404	-0.123788743	0.0689003627	0.0960251501	-0.019889663	0.0197785046	-0.0709027542	0.0857443462	-0.0549419643	0.1688424289	-0.0438353936	0.1203809683	0.0950861603	0.0529369003	-0.0482216792	-0.0623178048	0.0930073203	0.0901621419	-0.0474010431	7.128195700545348e-05	2.12632855323136e-05	5.081117394527318e-09	4.521273116286967e-10	-0.0218600665031374	-0.0327229024028525	0.0010707883416666	0.0004778625075215	0.0317574399782003	0.0767128537271943	0.0010085349939689	0.0058848619269699	-5.399433375879287e-05	-0.0001639940585188	2.9153880780559195e-09	2.6894051229498064e-08	0.0001740020270137	0.0001860036204285	3.027670540487639e-08	3.4597346812530536e-08	-6.499526076141928e-05	-3.599592228857898e-05	1.2957064214054171e-09	4.224383921444888e-09
1382.3097889861326	0.9251994784858651	1910780.3527268865	0.855994074990517	2010.078899718168	-15.161639618454728	4040417.183092201	229.87531591989605	1373.299960150907	1.0996245874096076	1885952.780550483	1.2091742332357496	1621.7984070508337	1178.9284082859656	1.374327	25.975151	0.1167334720593361	0.077936704437377	-0.1853534814	0.0515236513	0.1564733789	-0.0334600609	0.1087390789	-0.1287559346	-0.0354436864	0.1999126167	-0.0952590904	0.0580697779	0.0162893138	-0.0116954622	0.0102648533	0.0225542721	-0.0068148803	-0.1164625079	0.1408740458	0.0974591594	0.1392654394	0.0488068165	-0.1911824383	0.0860749652	-0.0115537615	0.1220857045	-0.0345915208	0.2631713725	-0.2682518983	-0.1163204121	0.1624506178	0.0269739309	-0.0727653451	0.0291906451	-0.1035180188	-0.059952362	0.0970012034	0.1169129252	0.03785664	-0.1219442303	-0.0111592814	-0.083581185	-0.1340003797	-0.0843708242	0.0640434232	-0.1599630634	-0.0093751289	0.2199957682	0.0828924809	0.2447001288	0.0733852455	-0.0275097	-0.0556690437	-0.1356641161	-0.0414126465	0.0785390883	-0.0728419891	0.0336458318	0.1145495796	-0.1333322295	-0.0939081528	0.1215816239	0.1019730061	-0.0229405633	0.0426420684	0.1033747116	0.2010436554	-0.0744428361	-0.0240895573	0.0845976086	-0.2137016313	-0.0057093405	0.0602376876	-0.1512176355	-0.2593323024	-0.1020243151	-0.0276490132	-0.0275184012	-0.1232876727	-0.0514895259	0.1147874226	0.0255932944	0.1245433597	-0.0384592897	0.0855149763	-0.0580456054	2.8615835930168032e-05	-4.2666121075285446e-05	8.188660659822956e-10	1.8203978876109166e-09	-0.0066099311196552	0.0152501353834822	0.0002325666292145	4.3691189406586246e-05	-0.0446330079057446	-0.0763904478839448	0.0019921053947142	0.0058355005279097	-0.0001449968663535	-9.100253259470711e-05	2.102409125233474e-08	8.281460938650733e-09	-5.3008580886748646e-05	-0.0002270106079004	2.809909647626974e-09	5.153381609933125e-08	0.0001179960521601	0.0001829913129215	3.348582060474139e-08	1.392306832536904e-08
1385.462226201058	3.152437214925385	1919505.580229992	9.93786039404652	2016.663772690087	6.584872971918912	4066932.772080615	43.36055205630821	1378.4112257566132	5.111265605706194	1900017.507291849	26.125036092075103	1622.8805186251218	1190.242409164756	1.101523	20.819077	0.0357303635391564	0.0192556342292365	-0.1712261746	-0.0875467257	0.1732947666	-0.1040340966	-0.0166585554	-0.0688255492	-0.1220480084	0.1078720039	0.0590465418	-0.0062988707	-0.0641954187	-0.082818774	-0.0096634763	0.1032149943	0.053864582	0.1074154425	0.0249056916	0.1870146035	0.0610074839	0.0457748778	-0.0202154595	-0.0938715927	-0.0693584849	0.0065677151	0.1231045119	-0.1058271345	0.1130424149	0.1030547466	0.1583454835	0.0820115563	-0.1722798936	-0.0264542774	0.200340174	-0.0456585291	0.1430627825	0.0934763519	-0.0825538568	-0.0449265882	-0.0948497658	-0.1195023162	-0.0186122583	0.0377238794	-0.0019167959	-0.1878495985	-0.129354709	0.1199392744	-0.0995242675	0.0498644276	-0.0106905707	0.0863149595	0.0872299018	0.0686461377	-0.2173204407	0.0150080316	-0.0093262248	0.0916011931	0.075751695	-0.2225975252	-0.1201161739	0.0095394535	0.1189349405	-0.0450767914	0.1077749689	0.0593926952	0.2058400274	-0.0409086765	-0.1105684842	0.0508269788	-0.0430941314	-0.1529723861	-0.1006504085	-0.1205144543	-0.160735162	-0.0083328329	-0.1001599214	-0.0920778232	-0.0201287881	-0.1220157467	-0.0477067612	0.0431817124	0.0495835102	0.1142183308	0.0807510076	-0.0683731426	-0.0104355239043343	-0.0104641397402644	0.0001089001591579	0.0001094982205037	-0.0184364326330239	-0.0118265015133687	0.0001398661380457	0.000339902048232	-0.0452976947103422	-0.0006646868045976	0.0020518811460713	4.418085482061701e-07	-0.000328001016208	-0.0001830041498545	1.075846666334807e-07	3.34905188639683e-08	1.948064082446521e-05	7.248922171121386e-05	3.7949536693182047e-10	5.254687264297518e-09	0.0001180033902129	7.338052800001745e-09	5.3847018895613465e-17	1.3924800101737944e-08
1387.2363191587165	1.7740929576584676	1924424.6051930245	3.1474058224133694	2021.4366653174684	4.772892627381452	4086206.191889807	22.780504032512223	1377.0308975173348	-1.3803282392784697	1896214.0927173968	1.9053060481496	1625.557057609335	1215.323020494417	1.154857	21.827112	0.0396996991365182	0.0231832018080686	-0.0652727282	-0.1702245458	0.0319757915	-0.0170850346	-0.1557287269	-0.0107900129	-0.2135532737	-0.140509301	0.0573627988	0.0405097235	-0.0258818285	-0.0477249573	-0.0065761509	-0.0471654254	0.2070395206	-0.0165139106	-0.0648022668	-0.0616727421	0.0948198026	-0.0756957067	0.0954223016	-0.1777258462	0.1789364272	0.1355575149	-0.0402513197	-0.175318018	0.1419195547	-0.0141957144	-0.0319729143	0.0274763862	0.1251573766	-0.0097753227	-0.0110807569	-0.0396334623	-0.0388899187	-0.0015336934	0.0655078283	0.0172644568	-0.2220960759	0.0493901233	0.0707624647	0.0487279076	0.0771455814	0.106917137	0.0070812255	0.0859719766	-0.1167201287	-0.0744850176	0.1129993085	-0.0276044894	-0.0277866519	0.1023096098	0.1096790146	0.0851892252	0.0775069273	0.0180376835	0.0271198648	-0.0738836704	-0.110009866	-0.0835125842	0.1462629409	0.017758183	0.1290278807	0.0314181184	0.0751980368	0.1559050292	-0.0657008494	0.0161287711	-0.055220604	0.1428155099	-0.080657267	-0.1146284228	0.035165009	0.0085556963	-0.0997473696	-0.0797885939	0.0608484787	-0.2726303565	0.0492825844	0.2102885729	-0.118215016	-0.0272882937	0.0758767427	-0.0783272495	-0.0103434308339558	9.209307037850133e-05	0.0001069865614168	8.481133611739598e-09	-0.003929604885144	0.0145068277478799	0.0002104480513066	1.5441794553347592e-05	-0.0373210970125867	0.0079765976977555	0.0013928642822229	6.362611083183837e-05	9.999085567928228e-06	0.0003380001017759	9.998171219475057e-11	1.1424406880053788e-07	1.5000623346805853e-05	-4.480017477659356e-06	2.2501870079273683e-10	2.00705566001333e-11	0.0001179998970564	-3.493156500004608e-09	1.2202142333524442e-17	1.3923975705320996e-08
1387.4856546971268	0.2493355384103779	1925116.4419903148	0.062168210714393	2028.981936110112	7.545270792643578	4116767.697061138	56.93111133432024	1375.6996764209132	-1.3312210964215865	1892549.5997046053	1.7721496075578909	1625.9313592148571	1218.1795709007251	1.083314	20.47492	0.0654876410151167	0.0296559156175756	0.0591102155	-0.1626129661	-0.0110393294	0.0860831782	-0.0938374425	0.0962121272	-0.1559993668	-0.1803838964	0.0594465115	0.0160760786	-0.0346155229	0.0599416325	-0.208675539	-0.1471985939	0.101405008	-0.1442699	0.0885354396	-0.0882877749	0.0921078303	0.0284773309	-0.0578100562	0.0373423549	0.0112212111	-0.0091629594	-0.0697810287	0.0492087639	0.0183979772	-0.0403647561	0.0357076735	0.0799770507	0.1061846843	0.0011855161	0.0153165073	-0.0592319395	0.19255025	0.0889349355	-0.0262547559	0.1161848291	-0.1269042054	0.1724735853	0.0315421821	0.06004184	0.074625068	0.0250322023	0.0141395454	0.13783481	-0.0410783828	0.0192598495	-0.0021325078	-0.2081860739	-0.0574326145	0.0510441668	0.0172007623	0.0546321075	0.0841821189	-0.0255736215	0.0399068407	-0.1593217199	-0.0720945647	-0.1361273238	0.1665083992	0.0860434752	0.036338739	-0.0075961777	-0.0547283354	0.1834388437	-0.0079118325	0.1227957367	-0.0981369287	0.06638744	0.0376145676	-0.0134229437	0.0353748899	-0.0511526412	-0.0958911365	0.1850659403	-0.0420482299	0.0652403675	-0.0975600093	-0.0772850022	-0.0645394441	-0.0202003722	0.0708988393	-0.0878535601	0.000100786571636	0.0104442174055917	1.015793302213856e-08	0.0001090816772152	-0.0237049077718012	-0.0197753028866572	0.000391062604259	0.0005619226524696	-0.0408901611956338	-0.0035690641830471	0.0016720052826049	1.2738219142709678e-05	-0.0003139951760139	-0.0003239942615818	9.859297056000004e-08	1.0497228153795413e-07	0.0001420098804592	0.0001270092571123	2.0166806148036278e-08	1.6131351392242244e-08	-6.497771504579116e-05	-0.0001829776121021	3.3480806530619937e-08	4.222103452572034e-09
1388.9698333855767	1.4841786884499015	1929237.1980551567	2.2027863792488698	2025.793890434399	-3.188045675713056	4103840.8865213376	10.163635230432716	1376.5561738637443	0.8564974428311416	1894906.8998023912	0.7335878695762846	1624.4540016070212	1218.5456354500045	0.961293	18.168701	0.0560592796053012	0.0366108782629013	0.1071820911	-0.1380116789	-0.0562915926	0.08804696	-0.0587342348	0.1532329292	-0.0786685356	-0.06493957	0.0636063059	-0.0274112307	0.0178924846	0.2099469112	-0.2358920739	-0.157179824	0.0315974306	0.0212722916	0.0048516974	0.0230557662	-0.0180538548	0.1307092643	0.1208168382	-0.091505096	-0.2500747716	0.1465776541	-0.0798959799	-0.2006569833	-0.0157662334	0.0037387127	0.0168381795	0.1111995191	-0.0499505323	0.0271743889	0.0172819076	-0.0085553961	0.0848222419	0.0773831985	0.1759031422	0.1652560067	-0.0822869142	0.0917878245	-0.0433072631	0.0124101078	0.137244304	-0.0205034986	0.1200500591	0.1751596359	-0.0265538348	-0.0621933308	-0.1656888753	-0.0938058037	0.1339022785	0.2489389958	-0.0540338731	-0.0515240581	-0.1731589615	-0.1755760263	0.0105516483	-0.1016561431	-0.0144456645	-0.1500152677	0.132966026	0.0887895946	0.0040016662	0.0997537186	-0.0801032174	0.136154941	0.0245110662	0.1320158677	-0.1384837608	-0.0675381791	0.0972425403	0.1419919721	-0.0506125243	0.0598683264	-0.0840842318	0.1193681327	0.0356237677	0.2582152183	-0.0624453993	0.0680214721	0.078170661	0.110652201	0.0658240966	-0.096900045	8.530108873117115e-05	-1.5485482904828855e-05	7.276275738723134e-09	2.3980018079574673e-10	0.0092123254601261	0.0329172332319273	0.001083544243645	8.486694038328758e-05	-0.0483174511230402	-0.0074272899274063	0.0023345760830273	5.516463566575254e-05	-0.0001279993237038	0.0001859958523101	1.6383826868630174e-08	3.459445707656053e-08	5.500152161852512e-05	-8.700835884067488e-05	3.025167380353086e-09	7.570454508147647e-09	-2.399650693531129e-05	4.098120811047986e-05	1.6794594181944604e-09	5.758323450964427e-10
1387.9634685139426	-1.006364871634105	1926442.5899292545	1.0127702548591284	2025.6145691453364	-0.1793212890625	4103114.382733847	0.0321561247110366	1378.5683539950014	2.0121801312570824	1900450.7066364875	4.048868880625769	1622.645988375123	1207.5599823249845	1.168547	22.085842	0.0414120349141407	0.0225385058521067	0.1768075774	0.0528346919	-0.0843302417	-0.1007824837	0.0842273459	0.131114222	0.0687352356	-0.0068204115	0.2017545581	-0.0897770966	0.019344258	0.0292344978	0.0086795657	-0.0964213794	0.0145415311	0.0350277462	-0.0123412988	-0.087584274	0.0075862636	0.0299044226	-0.3067688327	-0.0734396217	0.0733470396	-0.0106957781	-0.1231068805	0.0500905835	-0.0711157572	-0.0368459253	-0.1163308227	-0.1532965381	0.0916705788	-0.0337072436	-0.1130883898	-0.1054257328	-0.0006564944	0.0628515713	-0.1939291707	0.1242306179	0.0688115042	0.0218247012	0.1136393638	-0.09587745	-0.0598828433	-0.0888546042	0.0014422782	0.2028798049	-0.0203020472	-0.2005462112	0.0382577996	-0.1046853073	-0.032095798	0.0419460856	-0.014645808	0.042123071	0.0068999574	0.0495260521	-0.0190656163	0.0156866939	0.1805826344	-0.0060842862	0.0804277838	0.0843256769	0.0214589152	-0.0183752034	0.1706298742	0.0795347192	0.0186807631	0.0597494714	-0.1056437329	-0.1368459832	-0.0421362178	0.0837513276	0.2260208968	-0.1064640245	-0.0819890301	-0.0331695431	0.1565443307	-0.0835394513	-0.0029962503	0.0590113431	0.086404893	-0.0116197268	0.0606594461	-0.1054172954	6.828173496842282e-05	-1.7019353762748324e-05	4.662395330297936e-09	2.8965840250157555e-10	0.0072389617363057	-0.0019733637238204	3.89416438649032e-06	5.240256701969803e-05	-0.0701878818126999	-0.0218704306896597	0.0049263387533535	0.0004783157385512	-0.000314002238987	-0.0001860029152832	9.85974060888491e-08	3.4597084493849294e-08	3.198152375127883e-05	-2.301999786724629e-05	1.0228178614536121e-09	5.299203018080236e-10	0.0001180050028522	0.0001420015097875	2.016442878193266e-08	1.3925180698147731e-08
1384.658379894979	-3.3050886189637367	1917278.829013388	10.92361077920362	2029.310108439128	3.695539293791626	4118099.5162132257	13.657010671957908	1375.0169032134545	-3.5514507815469187	1890671.4841227185	12.61280265375022	1623.5090415909974	1205.5306243676164	1.258326	23.7827	0.0686612807207433	0.0295128620016144	-0.0324424967	0.1621714479	-0.1464836577	0.116964287	-0.1618573352	-0.0185160239	0.1747900774	-0.2126062063	0.0163833474	-0.0016293085	-0.0757466278	0.0127832438	0.0514541603	0.0971825815	-0.0148060584	-0.1452124079	-0.0180193205	0.027344043	0.172386749	0.0211395759	-0.1668983721	-0.2471226324	-0.0301034499	0.1196603796	-0.2620162167	0.0570934254	-0.0121109789	0.0456072662	-0.0361532543	-0.1034454476	0.1144295495	0.0290932763	-0.1544641288	0.1870165092	-0.0134342569	-0.0586626409	0.0730966297	-0.0764054048	0.1250011959	0.1791764574	0.1047394357	0.1560603611	0.0273559925	-0.1533694285	-0.0430143991	0.1334244215	-0.0596402369	0.0419867715	-0.005441306	0.0199015993	0.0825388579	0.0496601325	-0.0480556924	-0.0934617046	-0.1233300852	-0.3225004712	-0.0045060335	0.1116658553	0.0078660494	0.1313788608	0.0718398078	0.2083003172	0.0404936383	0.1923590021	0.0526828047	0.1996869828	0.0140142087	-0.0479949511	0.0219937759	-0.0563964171	-0.1876949338	-0.013546638	0.0754133449	0.0481701528	-0.0067616789	-0.103827825	0.1471296325	0.1328165226	0.0657034858	-0.2255768196	-0.0462180721	-0.0360170201	0.0554119421	-0.1133587932	-0.0040462101709124	-0.0041144919058808	1.6371816747194954e-05	1.692904364355881e-05	-0.008811391757078	-0.0160503534933837	0.0002576138472625	7.76406246967021e-05	-0.059493375931467	0.0106945058812329	0.0035394617797228	0.0001143724560437	8.900467371605642e-05	0.000403006912703	7.921831943301663e-09	1.6241457168644894e-07	0.0002259981554189	0.0001940166316676	5.1075166252745293e-08	3.7642453363649385e-08	-4.101004158203994e-05	-0.0001590150444342	2.52857843564233e-08	1.6818235105606446e-09
1383.8128251715411	-0.8455547234377718	1914937.9351092423	0.7149627903279268	2016.2288807116056	-13.081227727522446	4065178.899415574	171.11851885930204	1376.2833042318698	1.2664010184153085	1894155.7335073932	1.6037715394433305	1625.533920288086	1189.9966496256711	1.150941	21.753088	0.0536336758865151	0.0266782958262189	-0.1721644561	0.1022600798	0.0135852665	0.0746874793	0.0685211731	-0.1400463682	0.0281914185	0.0241869233	-0.1248376588	0.002618105	0.0229160879	0.129667246	-0.0402765069	0.1498399296	-0.0681151717	-0.041439693	0.0001329608	0.0624089792	0.1178209641	0.0228858172	0.038176781	-0.012343466	0.1168483816	-0.0478343403	-0.1041560004	0.1999808382	-0.0160124203	-0.1430763603	-0.2164426311	0.042774437	0.0555195361	-0.0640013749	0.1663324061	-0.1387006352	0.076092222	0.0584484787	0.2833999607	-0.1503018025	0.036102781	0.0418553383	-0.0843712364	-0.0344075389	0.1757609909	-0.0867564038	0.1126799463	0.149205059	-0.0930424841	0.1295425687	-0.0546187029	-0.003797703	0.0845934514	0.0308719882	0.0884985771	-0.0153811093	-0.0312832818	-0.1057161836	0.1385831309	0.0283735195	-0.0832110718	0.1349811593	0.0642986372	0.1101816936	0.0088396999	0.1748134644	0.1382607475	-0.0264714457	0.1710843943	0.0443601363	-0.1937018826	0.1336698547	-0.0289081573	-0.0225295988	0.0107344812	0.1087548272	-0.1546447529	-0.0754410705	-0.0961163134	0.0045480713	-0.085192614	0.0342924019	0.0755141472	0.075364622	0.0500887521	-0.1206811645	4.0322802846048944e-05	0.0040865329737584	1.6259284293613326e-09	1.6699751745615075e-05	0.0073677683561328	0.0161791601132108	0.0002617652219689	5.428401054963182e-05	-0.0454750210757737	0.0140183548556933	0.002067977541842	0.0001965142728601	-2.7000533669386296e-05	-0.0001160052073854	7.29028818431663e-10	1.3457208140539574e-08	-1.4999073294275078e-05	-0.0002409972287131	2.2497219968703583e-10	5.8079664247430434e-08	-7.100016436047403e-05	-2.9990122778434096e-05	8.994074642655516e-10	5.041023339214327e-09
1384.8712496434612	1.0584244719200342	1917868.3780890417	1.1202623627592032	2022.8077486272443	6.578867915638739	4091751.187906421	43.281503051420806	1376.6934523191132	0.4101480872434422	1895284.8616583184	0.1682214534694542	1627.7790257266158	1203.6659123134298	1.221887	23.093987	0.0654270861375302	0.0301012548966478	-0.1210612859	-0.1376545395	0.0484399249	-0.0557216545	-0.0832206216	-0.1342575616	-0.1482512439	-0.0337617388	-0.1651013316	0.0873709455	0.234368412	-0.060275401	0.0153123632	-0.0124645173	0.1743737099	-0.0772535907	-0.0183345429	-0.0249179329	0.0056030027	0.2064116545	-0.1285662809	0.0496901983	0.0879493755	-0.0108918385	0.0848623301	-0.218775698	-0.1228826133	-0.0346653031	0.1634065054	0.1755157305	0.2855393075	-0.163305737	0.1002425728	0.0338443654	-0.13878448	0.1334172432	0.0128251276	-0.0905157792	-0.1962147365	0.0777590065	-0.0629628068	-0.1079954152	0.1264186619	0.1441409858	-0.1714282502	-0.0769136318	0.0090442722	-0.0916639225	0.1616976258	-0.0450793144	0.0423797894	0.081996243	-0.1447838262	0.3330233684	-0.0343601509	0.1925294304	0.0949817216	0.1807071445	-0.1140352118	-0.0332363548	0.1121566718	-0.0289662487	0.1176225737	-0.0548407884	-0.0495934167	0.0287045474	0.1363069766	0.1426844506	-0.0823275153	0.0972989032	-0.2021650362	-0.0961421728	0.1805288082	0.0791445709	-0.0966427921	0.1404259993	0.0478328745	-0.115076039	0.0561663442	0.2093767521	-0.0091819294	-0.0492188955	0.0446971468	-0.1273444172	-0.0164192157798623	-0.0164595385827083	0.0002695906468256	0.0002709164103556	-0.0050354443005034	-0.0124032126566362	0.0001538396842057	2.535569930347217e-05	-0.0378620907340874	0.0076129303416862	0.0014335379147562	5.79567083873678e-05	0.0001010315488611	0.0001280320825304	1.0207373865272835e-08	1.6392214157093256e-08	0.0002199857003359	0.0002349847736301	4.839370835227639e-08	5.5217843838024624e-08	-0.0002870113993298	-0.0002160112349693	4.666085363297336e-08	8.237554334524993e-08
1383.9738491785731	-0.8974004648880509	1915383.615210156	0.8053275943812899	2021.26604871248	-1.541699914764422	4085516.4396777614	2.376838627184626	1376.586621687405	-0.1068306317081351	1894990.727008743	0.0114127838711592	1624.6845705207097	1213.8789881086193	1.196121	22.607012	0.0701101054115107	0.0376931617741987	0.044362087	-0.1136616181	0.1090342193	0.1702225589	-0.1211747189	0.0926161174	-0.1037071061	-0.0977875959	-0.19070103	0.0319158694	0.0094025899	0.062211552	-0.0647276476	-0.1360321805	0.104071367	-0.2087517389	-0.0123667816	-0.0141795371	-0.1951874177	0.034261108	0.1075466309	-0.1010284099	-0.0628150763	-0.0437953725	0.0119839305	0.1219850034	-0.0306881333	0.0999190206	0.0786642767	-0.0435495949	-0.1463517993	-0.1285068638	0.0847111861	0.1088656134	-0.0641063912	-0.0743954452	0.1214690326	0.1150300752	-0.1304489005	0.1619423625	-0.0619160315	0.050331497	0.144586542	-0.037527663	0.0862544314	-0.0489418156	0.1421543884	-0.0666439564	-0.1243329023	-0.0491276472	0.0292475251	-0.0405611093	-0.0315414542	0.0588968064	0.0550353186	0.0059249222	-0.0073465368	0.01333093	-0.0339707566	-0.1225765858	0.1702011112	0.0896484249	-0.0198214685	0.0152191711	-0.266107878	-0.0134693786	0.0963573073	0.2493017278	0.0413099112	-0.0131255611	0.0452199813	0.0626505808	0.0488239029	0.0074924678	0.0581137528	-0.0323119446	-0.0493548698	-0.0918670617	-0.0102118628	-0.0943201416	0.348098558	0.0545672399	0.0392444906	-0.1333121588	-0.0261974575736019	-0.0097782417937395	0.0006863067833206	9.56140125768358e-05	-0.0331554704493015	-0.028120026148798	0.000790735870609	0.0010992852207145	-0.0401763435237754	-0.0023142527896879	0.0016141385789404	5.355765974578683e-06	-0.0002589317719096	-0.0003599633207706	6.704566250424511e-08	1.2957359230026984e-07	0.0004260410445677	0.0002060553442318	1.8151097165633694e-07	4.24588048864856e-08	-0.000318944427913	-3.193302858319998e-05	1.019718314495467e-09	1.0172554809675085e-07
1385.7655878543085	1.7917386757353595	1920346.264481197	3.2103274821259005	2012.2883665386	-8.977682173879884	4049304.4701065873	80.59877721520064	1378.2676593815302	1.6810376941250524	1899621.7408970415	2.825887729069273	1622.8491406059636	1197.6071621923163	1.059616	20.027027	0.0231342585717245	0.010207177458375	0.0995181716	-0.0460242549	0.1189773551	0.0920263398	-0.0259711915	0.1394274029	-0.1118387213	0.1204338965	-0.0852269681	-0.0988979278	0.0315408181	0.2369362537	-0.0847295273	-0.1210177425	-0.023103205	-0.0663981184	-0.0717565004	0.0302903439	0.0275360406	-0.0600580477	0.0466977421	0.0551036451	0.0102036008	0.1921400096	-0.0215063036	-0.1659404874	-0.0323004255	-0.0612807326	0.0222031686	-0.0421311635	-0.046671638	0.1985489029	-0.1178625702	0.0397309689	-0.0978873674	0.1418584529	0.0995415969	0.1445723749	-0.0617923129	-0.0105611227	-0.1217901328	-0.1077068237	0.1234617349	0.0544028423	0.0105000574	0.0172279999	0.0215908231	0.0591203026	-0.1850180689	0.136711389	-0.1731791153	0.1677598556	-0.0064416835	0.0522838369	-0.0022983832	0.0769471707	-0.097924503	0.1404225065	0.085292499	-0.0675397934	0.0731636448	-0.0535121962	-0.0695686315	0.0916636526	-0.1959665665	-0.1353770383	0.1289625031	0.1895906229	0.1165421524	-0.0537701156	-0.1365574653	-0.0615450312	-0.0104841579	-0.1976585128	0.0896887814	-0.059116955	-0.1348713147	0.0766811007	0.0569777055	0.0301797633	-0.1423847117	0.1423349484	0.0337382312	-0.1385517956	-0.0308324494290133	-0.0046349918554113	0.0009506399377926	2.1483149499730006e-05	-0.0287103757234632	0.0044450947258382	1.9758867121675464e-05	0.0008242856741824	-0.0484037284066403	-0.0082273848828648	0.0023429209236637	6.768986201079382e-05	-0.0003509370307674	-9.200525885780003e-05	1.2315679956383908e-07	8.464967657490791e-09	0.0004260520396397	1.0995071999999469e-08	1.815203404811485e-07	1.2089160828517228e-16	-0.0002944249396906	2.451948822239998e-05	6.012053026884113e-10	8.668604511181346e-08
1387.2529286523627	1.4873407980542197	1924470.6880545572	2.212182649556563	2021.448268047132	9.159901508531902	4086253.1003907495	83.90379564600502	1378.035905739457	-0.2317536420732722	1898982.9575071651	0.0537097506142263	1623.5966522038332	1200.8173319750492	1.056354	19.965372	0.0560039316344979	0.0272527374358012	0.1294103164	0.0466513415	0.0500396148	-0.0716626945	0.0765304825	0.1475053986	0.0170560383	0.0698047908	0.0493167311	-0.0985486514	0.0182474475	0.026784025	-0.1019116648	-0.1534023466	-0.0443318129	0.0080014973	0.1076331244	-0.0312797791	-0.1447996324	0.0358192704	-0.1777353739	0.0553512178	0.0839604387	-0.0743470046	-0.2100943897	-0.0813336449	-0.056453433	-0.0995746926	0.1163717208	-0.1186336575	-0.2508598389	0.1371961293	0.1718776147	0.0199131946	0.0539460777	0.0809280447	0.0562284052	0.138641302	0.0411048718	0.0313506611	-0.0545597283	-0.0779450644	-0.0202942185	0.0196349114	0.005468238	0.139807473	-0.0304368484	-0.1681445471	-0.0172643042	-0.0082321455	-0.2113529694	0.0024672937	0.0529809375	0.0315476833	0.0307415684	-0.1444231798	0.0161433608	-0.0662284532	0.1295441931	-0.0250246827	0.063165706	-0.0017194548	-0.0532699133	-0.0004402795	-0.0033810401	-0.1041637461	0.1574645402	-0.0327386486	0.1336259753	0.056107562	-0.054600399	-0.0472498214	0.1434939045	-0.2527534131	0.062270722	0.0328550219	-0.1710091287	0.0399813561	-0.0783885062	0.0366864534	-0.0086882267	0.0281863304	0.0281858894	-0.1430347106	-0.0238480282074817	0.0069844212215316	0.0005687284493848	4.8782139799780965e-05	-0.0167870675437598	0.0119233081797033	0.0001421652779481	0.0002818056367187	-0.0633284345207982	-0.0149247061141579	0.004010490618855	0.0002227468525939	-0.0002029778101259	0.0001479592206415	4.119999140350592e-08	2.189193097284009e-08	0.0001800248413226	-0.0002460271983171	3.240894349322731e-08	6.052938231176165e-08	-0.0002449814362671	4.944350342350002e-05	2.444660030789658e-09	6.001590411549119e-08
1387.849597154723	0.5966685023602167	1926126.5043225267	0.356013301708784	2027.505647411681	6.057379364548979	4110779.150286259	36.69184476606379	1375.9230738120964	-2.112831927360503	1893164.305048528	4.464058753273898	1624.057424801832	1205.232507567201	1.133424	21.422014	0.0446561037488185	0.0243528071239471	0.0521183991	0.1059541936	-0.1048081004	-0.0862305905	-0.1137651416	0.0894784769	0.1192806151	-0.0162689938	0.0927061037	-0.0232372822	0.0404845056	-0.1120567313	0.0290599036	0.0063470491	-0.1055999827	-0.1077741429	-0.1175175356	-0.1398668677	-0.0257084201	0.08449829	0.0573436626	-0.0379300731	-0.063852626	-0.2473558032	0.0290033098	0.1442949253	0.0464779447	0.0843113087	0.053500859	-0.2717101673	0.3322705371	-0.0130770456	-0.0393566822	0.0266054914	-0.001859728	-0.0107095071	-0.059081522	0.0534961563	0.1383909532	0.0589497214	0.1041524034	0.0220783037	0.0125517947	0.0088634079	-0.179016945	-0.0022216387	-0.0769910783	-0.1529706942	-0.0883230146	-0.0700558796	0.0561946245	-0.232184507	-0.0150763873	0.0424511327	0.2182910956	0.0911584987	0.0366297754	0.0644629765	0.0931998047	0.0930539103	0.0509760871	0.0587263011	0.0666518759	-0.0345063633	-0.106951596	-0.059451932	0.0480023122	-0.0903245887	0.0113330065	-0.1935529325	-0.0468781722	0.2097674925	0.1889717608	-0.0682582339	-0.1336321269	-0.0815922501	-0.1130679128	0.0763930154	-0.1423161691	0.0082018321	0.0192398747	0.0072561495	0.022595049	-0.1467364196	-0.0262681011348462	-0.0024200729273645	0.0006900131372305	5.85675297376258e-06	-0.0066918829399043	0.0100951846038555	0.0001019127521859	4.478129728138221e-05	-0.0705195299746535	-0.0071910954538552	0.004973004107846	5.171185382645829e-05	9.999905398084284e-05	0.0003029768641067	9.999810797063522e-09	9.179498018395573e-08	-8.01185104282176e-06	-0.0001880366923654	6.418975713236413e-11	3.5357797675728266e-08	-0.0002369999774644	7.981458802699991e-06	6.370368461919718e-11	5.616898931812612e-08
1385.460394774101	-2.389202380622009	1919500.505487608	5.708288015569877	2027.8754795007533	0.3698320890723607	4112278.96036041	0.1367757741076266	1372.6844181884023	-3.238655623694058	1884262.5119372327	10.488890248885149	1626.4583235326102	1212.5223023442938	1.22462	23.145634	0.0696418736006853	0.0322348597482136	-0.1396313565	0.085071273	-0.0551753479	0.0847179882	0.1185505447	-0.0922936871	0.1297295912	-0.077440799	0.0198770168	0.1025718562	0.1077860694	0.0823722942	-0.1927014839	0.2646871504	-0.0445649211	-0.0005411089	0.2137457785	0.0245185979	0.0798679421	-0.1070531189	0.0596500038	-0.1454071112	-0.05027325	-0.1024770564	0.0458938398	-0.0478353726	-0.0398116503	0.1584248323	-0.0471213131	-0.2322132066	0.0130820028	0.0332851872	-0.0984866192	0.0337576178	0.1156030599	-0.1169352913	-0.014040185	-0.1367575705	0.0774928178	0.098236342	-0.0397701017	0.0357311315	0.0237297587	0.0943195466	0.0984730267	0.1715366756	-0.0843552636	0.0975809267	0.0811687121	0.2005593859	0.237371326	-0.1687454468	0.0175934283	0.0698532081	0.2624790965	-0.2198227718	-0.1531544333	-0.0965850281	-0.0752001124	0.1538654379	-0.0086253367	-0.0080389623	0.0428454913	0.1563600303	-0.0242084777	-0.186442389	0.1960312901	-0.0099514686	-0.0850712442	0.0856138048	0.1438035134	0.0788963658	0.1169035476	0.0208469546	0.0010995991	-0.0219865465	-0.145586515	-0.0049076406	0.0244046642	-0.1474105489	-0.088730298	-0.0548962187	0.0169733466	-0.1496367051	-0.0168523666318947	0.0094157345029514	0.0002840022610957	8.86560562300713e-05	-0.0172163165477599	-0.0105244336078555	0.0001107637027661	0.0002964015554726	-0.0562151871932385	0.0143043427814149	0.0031601472711708	0.0002046142224082	-0.000141939639882	-0.0002419386938628	2.0146861369831847e-08	5.85343315880584e-08	0.0003720231201682	0.000380034971211	1.3840120193968298e-07	1.4442657934336218e-07	-0.0003229735665598	-8.59735890954e-05	7.391458021944681e-09	1.0431192469635757e-07
1385.0265304312106	-0.4338643428902742	1918298.489998317	0.1882382680316094	2018.10434088456	-9.771138616193184	4072745.1306971046	95.47514985686163	1376.0602070075038	3.3757888191014445	1893541.693309534	11.395950151170323	1623.4588523998596	1206.2165222797455	1.105014	20.885056	0.0508400320772	0.0277380013833822	-0.1603164185	-0.0570116492	0.0720907256	-0.0655897513	0.0739383606	-0.1017270866	-0.0291263895	0.1334420851	-0.0307903681	-0.053205556	-0.0110900998	-0.1057221349	-0.1383634532	0.1512161009	-0.0571745962	0.1687742468	0.0354910078	0.1281061653	-0.0269806034	0.0972896694	0.1085710315	0.0911304677	-0.0565149122	0.0514373844	0.1047249526	-0.1311106019	-0.2091190856	-0.2059247153	-0.0621247728	0.1035780047	-0.0231318444	-0.1493995328	-0.1576453879	0.0020706142	0.0271140499	-0.0024712059	0.0063728389	-0.121945055	-0.0142863543	-0.1362884435	-0.1843851905	0.010046242	0.0095964581	0.0259175037	-0.1488590754	-0.024279994	0.1397944053	-0.0772272772	-0.0573394286	0.1358348807	0.0879623639	0.077391552	0.1278446752	0.2583403422	-0.111248107	0.0225138358	-0.0362564494	0.0961130058	-0.1295315027	0.0826282534	-0.0259405859	-0.1792746031	0.0558501501	-0.0114825754	-0.0546190202	-0.1699498799	0.1176939237	0.0456813239	0.0186926723	-0.1020363038	0.0450782517	0.0706540534	0.0565510003	-0.0267648172	-0.0231287145	-0.1625212766	0.145203657	0.1267653791	-0.0293973881	-0.0369323872	-0.0546190942	-0.168467982	0.0113284606	-0.1517197269	-0.0149674481935733	0.0018849184383214	0.0002240245054273	3.5529175191239896e-06	-0.0190267672780777	-0.0018104507303178	3.2777318469082587e-06	0.0003620178730541	-0.0474218406046276	0.0087933465886109	0.0022488309663307	7.732294422743501e-05	0.0002449988646064	0.0003869385044884	6.002444365842511e-08	1.497214062557196e-07	-8.039574164397933e-06	-0.0003800626943325	6.463475274485473e-11	1.4444765162335378e-07	-0.0003229986941378	-2.5127577999990543e-08	6.313951761456086e-16	1.0432815641472406e-07
1386.7078814816175	1.6813510504068745	1922958.748563236	2.8269413547043003	2017.3850872374417	-0.7192536471184212	4069842.59020802	0.5173258088931504	1377.6464183308797	1.586211323375892	1897909.6539399007	2.516066362405898	1622.2984165838586	1206.1425799882843	0.96889	18.312277	0.0379097533797083	0.0215029113728704	-0.1196150952	-0.1172150578	0.0506728933	-0.1004519231	0.0307296513	-0.0494371955	-0.0775822953	0.124322233	0.0477252748	0.0051081399	-0.1253679078	-0.1837056791	0.0132211982	0.1762049808	0.2149228508	0.1488892399	-0.0476262421	0.1948544021	-0.0765795791	0.0998784534	0.0641379256	0.1553545076	-0.1079206516	0.0281539827	-0.0451636447	0.0796542536	0.171763742	-0.0166402238	0.0484366707	-0.2412967013	-0.0368968714	-0.0225561476	-0.0072353377	0.0323075482	-0.0613829009	0.0713175643	-0.1238085574	-0.0552719427	-0.0849194478	-0.1902686988	-0.038347347	0.1248011834	-0.0571182246	-0.1496778893	-0.1777209265	-0.0302436096	-0.0342837685	-0.0188609765	-0.1124482435	0.2264035786	0.085955816	0.0167979293	-0.0558031193	0.0142003512	0.0603064	-0.0317085634	-0.0268376093	-0.0887450374	-0.1393919183	0.0284730796	0.0415945219	-0.1769114439	0.0901796391	-0.0102139795	-0.012958026	-0.1133530479	0.0394787789	-0.124098835	0.06100816	-0.0909640152	0.0222094292	0.0668012646	0.0694179809	0.0769467881	-0.1057089016	-0.1768699698	0.0865465049	-0.0169331862	0.068233047	-0.1228101864	-0.1451999427	-0.0574956784	0.0056681013	-0.1529741081	-0.0184793192273104	-0.0035118710337371	0.0003414852391048	1.2333238157601698e-05	-0.0231988066501145	-0.0041720393720368	1.7405912521825213e-05	0.0005381846299893	-0.0502008476819071	-0.0027790070772795	0.002520125107982	7.722880335569562e-06	0.0001990409274759	-4.59579371305e-05	3.961729081046649e-08	2.11213198529099e-09	0.0003849785326295	0.0003930181067938	1.48208470585563e-07	1.5446323226785976e-07	-0.0002130380201291	0.0001099606740086	1.2091349828447591e-08	4.5385198020526814e-08
1386.8484458627472	0.1405643811297068	1923348.6117919171	0.0197583452423774	2019.4362875419752	2.051200304533495	4078122.919441315	4.207422689318302	1378.0115890734826	0.3651707426029134	1898915.9396208243	0.1333496712531632	1621.800314607676	1207.7042439652748	0.962637	18.194096	0.0294001080208029	0.0160520975620305	-0.1003272317	-0.1358296802	0.01596186	-0.0865994314	-0.001625671	-0.0402736067	-0.1208160473	-0.006251236	0.0741397082	-0.0223006267	-0.0847276628	-0.0756283619	0.0162902426	0.1175252744	0.0455857179	-0.046732261	-0.073111272	0.1667802852	0.1354566651	-0.0252914755	-0.0908810914	0.0363427512	-0.0859415851	-0.0568689262	0.097394677	0.0931134294	-0.02214685	-0.0039280666	0.0280555374	0.1902588757	0.0454902028	0.0065905822	0.0604952732	-0.1139646937	0.0525528086	-0.2218972909	0.1667600099	-0.0358899055	-0.1114790667	-0.1084251411	-0.0040814772	0.1258667563	-0.07192719	-0.046697543	-0.1630493962	0.0047504578	0.0139677507	0.0633606391	0.0527591679	0.0905923523	-0.0511972725	-0.0065580714	0.0569456733	-0.2133240897	0.1236527562	0.0021207203	-0.005817355	0.0417125805	-0.1290879667	-0.0231993321	0.0250866793	-0.1360891449	0.1093821242	-0.0727197966	0.0033922454	-0.0352925957	0.0645087836	-0.1548130274	0.1226172859	-0.0517525641	-0.0584884566	-0.0146392965	0.0061262358	0.107754293	-0.0480511115	-0.0990311329	0.0538124889	0.0366717705	0.1340974449	-0.1700539299	-0.0520800621	0.2100788889	0.0	-0.1533929978	-0.0075632663121183	0.0109160529151921	5.720299730802355e-05	0.0001191602112472	-0.0174450759731286	0.0057537306769859	3.3105416703288624e-05	0.0003043306757082	-0.0517071090459069	-0.0015062613639997	0.0026736251258853	2.26882329667853e-06	0.0002045221236945	5.481196218599986e-06	4.1829299080508354e-08	3.004351198679479e-11	0.0004829901114764	9.80115788469e-05	2.332794477839853e-07	9.606269588062096e-09	-9.204953390209632e-05	0.000120988486227	1.4638213799501856e-08	8.473116691593181e-09
1387.3796252105687	0.531179347821535	1924822.2244494185	0.2821514995521112	2013.99614059716	-5.440146944815069	4056180.454340256	29.59519878118073	1377.8333443406868	-0.178244732795747	1898424.7247770417	0.0317711847694272	1622.148234019735	1203.7862710858335	1.03579	19.576712	0.0362096518580744	0.0149266760194761	-0.0338449115	-0.155132193	0.0194623696	-0.0458881122	-0.1452308918	0.059292034	-0.2036134948	-0.0298120558	-0.1134933776	0.1051675347	-0.0808300054	0.0810035268	0.1037450591	-0.029354794	0.1042942124	0.054823078	0.0580702754	-0.1502401254	0.2202275263	-0.0862672106	-0.0254684918	0.1676111305	0.0840355989	0.0522749186	0.0335468631	-0.0927461697	0.1123694896	0.0617891871	-0.1442265378	0.0225291665	-0.1377329898	0.12984118	0.0228158956	0.058920026	0.0224227261	-0.2651449367	0.0716983618	0.0658455073	-0.1517704071	-0.0447382218	-0.0715128581	0.1113767973	-0.0751879718	0.1810930368	-0.0154034531	-0.1261876643	-0.2245299826	0.1397450599	0.2559211054	0.0301748807	0.0052282763	0.0506675113	0.0397966545	-0.1353925625	0.133423267	0.0307016925	-0.0798173904	0.0180665598	-0.1108653073	-0.0830553445	-0.0736071358	-0.1570377505	0.010025294	-0.0818461668	-0.1244668065	0.0773454453	-0.0195027958	-0.1815804963	-0.0982985425	0.1932284438	-0.000488362	0.0798457259	0.1140266463	0.0718560057	0.0311384818	-0.1402552924	0.0088798138	-0.0213069795	-0.0036590781	0.0421954462	-0.0957916544	0.0644997283	-0.0056681013	-0.1529741081	-0.0137749218556137	-0.0062116555434954	0.0001897484721282	3.858466459103714e-05	-0.0202948597467127	-0.0028497837735841	8.121267556183239e-06	0.0004118813321387	-0.0604828432036441	-0.0087757341577372	0.0036581743219965	7.701351000727554e-05	6.703015336854994e-05	-0.0001374919703259	4.493041460611327e-09	1.8904041904111928e-08	0.000338994007824	-0.0001439961036524	1.1491693734057818e-07	2.0734877867072725e-08	-0.0001780110275889	-8.596149368680368e-05	7.389378396866388e-09	3.168792594325611e-08
1386.4855082719976	-0.8941169385711873	1922342.0646482597	0.7994450998399124	2024.590462132504	10.594321535343852	4098966.5393579057	112.23964879425051	1377.9253076246082	0.0919632839213591	1898678.153392371	0.0084572455896005	1624.1361804687024	1207.3644502595707	1.191504	22.519743	0.0283787296748832	0.0128709785624361	0.1224562828	-0.0552215749	0.0733884475	0.1677535085	-0.0413995722	0.1205212759	-0.0251455543	-0.0564942393	-0.0374973715	0.0486797348	-0.0594778298	-0.0601956977	-0.032445832	-0.0611238814	0.0229824652	0.1456240327	0.2228519903	-0.075733132	0.073788224	0.109417097	0.0320124898	0.0983774	-0.0082117677	-0.0609600345	0.1629777571	-0.0715637728	-0.0405444116	0.0878329983	0.0018987074	-0.1897590039	0.0669258034	0.0270050255	-0.0578018287	-0.1769571339	-0.0268897053	-0.1372594831	0.0586850267	0.1116398909	-0.0194238673	0.0370798979	-0.1162619185	0.1037424254	-0.1972552511	0.1553447226	0.0871180162	-0.0756096599	0.0493025267	-0.0763396662	0.0593236127	0.0802476494	0.1317071503	-0.0804299841	-0.0690255628	-0.0760595464	0.0009996787	0.0134981073	0.0242699198	-0.1022823853	0.0088599615	-0.0912273037	-0.0880630784	-0.1679263264	-0.1537079514	0.1331757248	-0.1795942846	-0.017200371	-0.0784259953	0.0023696489	-0.0390253063	-0.0706538602	0.0412982835	0.1784924307	0.0051374328	0.1004370387	0.1802443925	-0.1287428618	0.0513611766	-0.1254578077	0.0351430481	0.1156462804	-0.0627121721	-0.0495992138	-0.0113284606	-0.1517197269	-0.019436234337931	-0.0056613124823172	0.0003777672052389	3.205045902244166e-05	-0.0168305596669142	0.0034643000797985	1.2001375042891902e-05	0.0002832677387015	-0.0568565838139392	0.0036262593897049	0.0032326711229914	1.3149757161422956e-05	0.0002440482628648	0.0001770181094962	5.9559554607326516e-08	3.1335411089626374e-08	0.0004269721282497	8.797812042570001e-05	1.8230519830207825e-07	7.740149673638975e-09	-0.0002255519521282	-4.754092453930001e-05	2.2601395060514183e-09	5.087368310884183e-08
1383.8896373620305	-2.5958709099670614	1915150.5283980125	6.73854578121322	2023.229365191544	-1.3610969409598963	4093457.0641733785	1.852584882690388	1374.7849733300484	-3.140334294559807	1890033.7228941016	9.86169948158844	1621.0935452704773	1189.4986188529742	1.075832	20.333509	0.0466397885168361	0.0231866083397664	0.1610195661	0.0730107751	0.1385053614	0.0470561781	0.1287973687	0.1072634424	0.0540699223	0.0336420515	-0.033493151	-0.0971977908	-0.0377332383	-0.0971095972	0.0840114065	0.0131937598	-0.0894167561	0.1371578747	0.1834453225	-0.042912261	0.090500215	0.1855453082	0.0799248354	0.0886189992	0.0950652209	-0.1016385331	0.0183190154	0.1296581929	0.2367490573	0.1542567475	-0.0187746786	0.1608388372	0.0187018138	0.2112433307	-0.109424189	-0.0208239319	-0.1856349609	0.1782260718	0.0418051815	0.0858013504	0.0866865238	-0.0380426344	-0.1578650706	-0.0210423862	-0.248710746	-0.0609201294	0.0553203983	-0.0630525087	0.06621334	-0.0449449958	0.1293172036	0.1045471402	0.0708639611	-0.0605985231	-0.037996384	0.1175279357	-0.0120607941	0.0018269919	0.1991418171	0.0916965852	0.0961268273	-0.0386204399	-0.0837442212	-0.1683000724	-0.233853374	0.0090958914	0.0521680039	0.0769606612	0.0105526672	-0.0655384423	0.0432364396	0.0693979536	0.0236298782	0.0079928369	0.1550439363	0.0898568876	-0.0009298033	0.038183534	0.0141683929	0.0269011641	-0.0269894052	0.0689668146	0.1449089865	-0.0991892237	-0.0169733466	-0.1496367051	-0.0037148759801368	0.0157213583577942	1.3800303547797351e-05	0.0002471611086141	-0.004908368429298	0.0119221912376162	0.0001421386439062	2.409208063772931e-05	-0.0561351150920685	0.0007214687218707	0.0031511511463997	5.205171166377487e-07	0.0002240289851615	-2.00192777033e-05	5.018898619249158e-08	4.0077147976184444e-10	0.0001789640587752	-0.0002480080694745	3.202813433329324e-08	6.150800252446843e-08	-0.0003230200089415	-9.746805681329996e-05	9.50002209896067e-09	1.0434192617656672e-07
1383.8398364645836	-0.0498008974468575	1915012.6929863256	0.0024801293865124	2017.840982055664	-5.388383135880076	4071682.2288633664	29.034672819036803	1377.7921641619373	3.00719083188892	1898311.2476260348	9.043196699396775	1619.9846758033798	1184.6007866812224	0.973154	18.392864	0.0626459392751118	0.0288855478329391	0.135818968	0.1267109914	0.1107721244	-0.0715243258	0.1080954915	0.029990183	0.0774066744	0.1220189159	-0.0251046774	-0.117229578	-0.0544686011	0.0221754034	0.1588560891	-0.077279508	-0.1367791627	0.184214605	0.0325806261	0.0783811143	-0.0344078319	0.069689872	-0.0950687625	-0.081623217	0.0284166159	0.0309119845	0.0275539602	-0.0150467441	0.064025203	0.0352903358	-0.1227785486	0.1300779586	0.0264928875	0.0471277678	0.0703451284	0.2484117607	0.0441321043	-0.1072576163	-0.1090005103	0.0403814094	0.1377921533	-0.1121415834	-0.0256015938	-0.1043700593	-0.1483854048	-0.083093959	0.0601264368	-0.18050955	0.0077734159	-0.039699734	0.1118024306	-0.0639297483	0.0055781735	0.1518792189	-0.0855777279	0.0063827406	-0.1020473526	-0.055724404	-0.00086587	0.0601498793	0.1214973233	0.0046612191	-0.081512809	-0.139294627	-0.1561447076	-0.105967867	0.0927071284	0.118751451	0.0533830103	-0.0816776942	0.0326948821	0.1056546569	0.0893668164	0.0667159183	-0.0078335402	-0.0045458163	0.0779933954	-0.0383038241	0.098856358	0.0208222209	0.011727474	-0.0191786702	0.2133221245	-0.149757358	-0.022595049	-0.1467364196	-0.0138917056860776	-0.0101768297059408	0.0001929794868686	0.0001035678628637	-0.0236824573721321	-0.0187740889428341	0.0003524664156334	0.0005608587871828	-0.0507902652484588	0.0053448498436096	0.0025796510440088	2.856741985073458e-05	0.0002180189872753	-6.009997886199985e-06	4.753227881254743e-08	3.6120074592128276e-11	0.0004939913303123	0.0003150272715371	2.440274344237159e-07	9.924218181210977e-08	-7.705386271025525e-05	0.0002459661462312	6.049934509185004e-08	5.937297758570865e-09
1385.483662670849	1.6438262062654303	1919564.979527831	2.702164596404997	2015.058520293654	-2.782461762009916	4060460.840208051	7.742093457047327	1377.3381585118257	-0.4540056501116396	1897060.402892747	0.2061211303332925	1620.0849170647634	1188.0213225965847	0.917596	17.342806	0.0670028267748728	0.0345828024106187	0.1022886843	0.1119945572	0.0810652226	-0.0728323612	0.0981158367	0.0148789482	0.0899487296	0.2047849942	0.0595292003	0.0064429105	-0.0103143615	0.054715092	0.1242942549	-0.0480751519	-0.1305145702	0.1102804616	0.0397991047	0.048201369	-0.011574528	0.0676782635	0.0797248136	0.0246583659	0.1153989575	0.0329408833	0.0420980337	0.0760726804	0.090136277	0.0772973639	0.0188169672	-0.1054625232	0.0455115972	-0.0614952797	0.097213691	-0.0324959985	-0.0978988295	0.1395765029	-0.0072384714	0.0255486994	0.1024401668	-0.1795790756	0.003043439	-0.0876267664	0.0044558133	-0.0532859924	0.1552841568	-0.1657794741	-0.0248978652	-0.0287236261	0.2053347592	0.0889506786	-0.0728879233	-0.1152990075	0.0577348051	-0.0612242883	-0.0414740297	-0.10162496	0.0115669208	-0.0366293159	0.1079565961	-0.0292730131	-0.0677339731	-0.151381614	-0.1253795593	-0.0100700987	0.0529641407	0.0651435923	0.0764665488	-0.0970501866	0.0453644506	0.0812779735	0.0992639083	0.0627699045	-0.1443063796	0.0049443571	0.0232891341	0.0533624574	0.1543500329	-0.0417804059	-0.0598191905	0.0438091398	0.1496739794	0.0474345946	-0.0281858894	-0.1430347106	-0.0124674680743623	0.0014242376117153	0.0001554377601852	2.028452774624502e-06	-0.0401093266877978	-0.0164268693156657	0.0002698420355139	0.0016087580873484	-0.0617943099029645	-0.0110040446545056	0.0038185367363836	0.0001210889987583	0.0002329982924598	1.4979305184499993e-05	5.4288204289182496e-08	2.2437958381038838e-10	-8.037613680178524e-06	-0.0005020289439924	6.460323367179295e-11	2.520330606062032e-07	-0.000322999117393	-0.0002459452546827	6.048906830096019e-08	1.04328429836657e-07
1388.267630415825	2.7839677449758256	1927287.0136603692	7.750476405065783	2021.2460840593303	6.187563765676259	4085435.732325177	38.28594535430977	1379.8476482727608	2.509489760935139	1903979.5324438687	6.297538860238302	1622.8751586259689	1197.618103801614	0.988528	18.683432	0.0478394884230472	0.0248440210000072	0.1194371545	0.0517260964	0.0402801214	-0.0161855864	0.1366225477	-0.0025212896	0.0542079746	0.1577491473	0.0556696531	0.0652137249	-0.0080586711	0.0285604569	0.1429642249	-0.1968218008	-0.1247093036	0.103608402	-0.0280639948	0.0068090473	-0.0093729277	-0.1380028564	0.0775431477	0.068103368	-0.0827564331	-0.0242299309	-0.1860362625	0.093659178	0.0038445036	-0.0147557544	-0.1286259128	0.0291310975	-0.0425567181	-0.0444551554	-0.0131927739	0.0698989268	0.0034893767	-0.0377860758	-0.0227489102	0.0577384964	0.070853176	-0.1628534036	0.0811016412	-0.1744517204	0.0337382027	-0.0363938493	0.1210459855	-0.0522243147	0.0784778943	-0.0278368114	0.0227134092	-0.0224064659	-0.0028442465	-0.075958754	0.1891596159	-0.1296489579	-0.1342150586	0.098177355	0.0679287121	0.0382960223	0.1065065161	-0.0601309368	-0.0073137757	-0.1350402466	-0.0663878598	0.0986027578	0.0604008228	0.0380497114	0.0729234719	-0.1004948379	0.0665613076	0.0299935606	0.0504629934	-0.0841140544	-0.2270347789	0.1458194706	-0.0569392808	0.1502655773	0.060659154	0.0587857546	-0.1117514918	0.2183276938	-0.0492842712	0.0631979955	-0.0337382312	-0.1385517956	-0.01177355868586	0.0006939093885022	0.0001386166841293	4.815102394516349e-07	-0.0438211723116523	-0.0037118456238545	1.3777797935327811e-05	0.0019202951427675	-0.0645768509172981	-0.0027825410143336	0.0041701696743949	7.742534496448677e-06	-3.698053652235744e-05	-0.0002699788289821	1.3675600814814126e-09	7.2888568098577e-08	0.0003300019993055	0.0003380396129856	1.0890131954562725e-07	1.1427077994750733e-07	-0.0001179937114337	0.0002050054059593	4.2027216472537406e-08	1.3922515937899266e-08
1389.5194408080667	1.2518103922418504	1930764.2763835625	1.5670292581246954	2019.704350628769	-1.5417334305614077	4079205.663948777	2.376941970910647	1379.4372734835083	-0.4103747892525007	1902847.1914756156	0.1684074676540343	1624.0448149296276	1208.075149658883	0.947689	17.911579	0.0347694287655429	0.0194126173140828	0.1397186013	0.0114512358	-0.0206042035	-0.0493565681	0.1459075369	0.0661797034	0.0413624845	0.057697165	0.1023257191	0.0386528384	0.03615156	0.0950153418	0.0281343192	-0.074453714	-0.0155782029	0.0521793807	0.0809126066	0.0533745487	0.1112096484	0.0528713417	-0.1178869451	0.0342581218	0.0207156577	-0.0492526072	0.017640753	-0.0566756923	0.1330228199	-0.1689215941	0.0030087843	0.1809705346	-0.0025221729	-0.1119643334	0.0486413304	-0.0900373271	0.0065843865	-0.0874866489	-0.0431959028	0.0811027211	0.0309465379	-0.0573209059	0.0222820997	-0.1174904152	0.0420833303	-0.0366404293	0.1027196407	0.0791147292	-0.0028808315	-0.129358721	0.1657884474	-0.0016872148	0.0955066944	0.024664209	0.1006964328	-0.079246678	-0.1588016122	0.0628748118	-0.0881361244	0.0621252765	0.130959941	-0.0696023479	0.0208248895	-0.0529259622	-0.0369105005	0.0642993133	0.1371342822	0.0475096675	0.0781198353	-0.0784778754	0.0639598469	0.0659271094	0.0605208453	-0.1615609305	-0.0565082252	0.0091015949	0.0860547205	0.1805742755	-0.0645853984	0.0203748947	-0.0262388897	0.1830760258	0.0657973189	0.0629137089	-0.0392444906	-0.1333121588	-0.0108258172712254	0.0009477414146346	0.0001171983195899	8.98213789013595e-07	-0.047342197107838	-0.0035210247961856	1.2397615615354538e-05	0.0022412836269973	-0.0625761192986473	0.0020007316186508	0.0039157707064785	4.002927009869061e-06	0.0001149992026048	0.0001519797391271	1.322481659973984e-08	2.3097841105158828e-08	-8.011154204679016e-06	-0.0003380131535101	6.417859169114629e-11	1.1425289194589585e-07	-0.0001939994375178	-7.600572608409999e-05	5.776870397571237e-09	3.763578175722279e-08
1389.3491268873531	-0.1703139207136246	1930290.9963826505	0.0290068315888468	2020.605599814967	0.9012491861981288	4082846.9900036026	0.8122500956227896	1378.8706097356455	-0.5666637478627763	1901284.158392751	0.3211078031418881	1623.3270948086565	1206.0229464490028	0.998824	18.87804	0.0378794079161275	0.0207006597014194	0.1108458213	0.0355402511	-0.0816548113	-0.1498498367	0.0678021363	0.0934346245	0.0795296248	0.0543267837	0.106052875	0.0244456152	0.1055631125	-0.0173418676	0.1369530632	-0.1510678563	-0.0788334045	-0.0158936895	-0.1927721966	0.1594212311	-0.023078564	-0.0901379063	-0.0028514931	-0.0677156791	0.0484482083	-0.05115492	-0.0527225784	0.102002383	0.10167834	0.1292849014	0.1750402016	0.1434488972	0.0006632667	0.0573834651	-0.093888078	0.1777268282	0.0111947526	0.0111793447	0.0154230678	0.0896599048	0.096586038	-0.0689703021	0.1597099546	-0.1282129554	0.0714299435	-0.0433586216	-0.0270264332	0.0278136701	0.0917959199	0.085152132	0.0580065804	-0.0826158161	0.0123446624	0.0776730829	-0.0384235522	0.039346886	0.0914554367	0.0852771052	-0.0920900937	-0.0407065632	0.19152305	-0.0226142943	0.0597658834	0.0116041875	0.0859035149	-0.0491652197	0.1900872647	0.0343435642	0.0618271003	-0.0011463244	0.0470585007	0.0716544963	0.0751010378	-0.0209938384	-0.1362970534	-0.0255513378	0.1062541537	0.0241378568	-0.0356575064	-0.0293561675	0.0866556192	-0.1226687936	0.0026564737	-0.1308910947	-0.0446971468	-0.1273444172	-0.0127965373429788	-0.0019707200717534	0.0001637513679702	3.883737601211728e-06	-0.0490584421941662	-0.0017162450863281	2.94549719634569e-06	0.0024067307505183	-0.0642677606590851	-0.0016916413604377	0.0041303450601334	2.861650492343845e-06	2.2990964248759857e-05	-9.200823835604016e-05	5.285844370877539e-10	8.465515925381897e-09	0.0002950006102833	0.0003030117644879	8.702536006751945e-08	9.181612941811845e-08	6.0996587590344325e-05	0.0002549960251081	6.502297282095336e-08	3.720583697666547e-09
1387.9675649974736	-1.3815618898795492	1926453.961485016	1.908713255567552	2019.350599536561	-1.255000278405987	4077776.843848669	1.575025698799105	1377.3247035064232	-1.5459062292222825	1897023.3388890568	2.3898260695482563	1622.6559502525404	1203.563737787429	0.929049	17.559278	0.0390671752998805	0.0200623167507077	0.0805280847	0.0307910561	-0.0814764387	-0.1947851785	0.0013934682	0.0743573246	0.1111853227	0.0974672404	-0.0213859348	0.0380604103	0.0949208995	-0.022407503	0.0362784525	-0.0970851607	-0.1837969619	0.1092605162	0.0499195983	0.0704129606	0.0354866949	-0.0637847396	0.130287394	-0.0723993883	0.1247493087	-0.0592518435	0.0635233185	-0.0336497907	-0.1625239031	0.0608231888	0.0971804867	-0.1508007561	-0.1586629096	-0.1159055864	-0.1321579298	-0.0454072775	0.0558538366	0.245315812	0.002222454	0.084314336	0.1310223561	-0.0912902969	0.0530382987	-0.1103726499	0.0601365761	0.064921682	0.0362430927	-0.0560174392	0.0768137802	0.1155434941	0.022808363	-0.048848213	0.1434754889	0.0027181046	-0.0651530051	0.0983881888	0.0847048228	-0.0524175762	-0.0023327067	0.0053566494	0.1857902253	0.0160556624	-0.0482913464	-0.0566688649	0.0629653818	-0.0981810001	0.1052551455	0.0033601926	-0.0077131141	0.0930824047	0.0079003459	0.0984364344	0.0044979419	0.0666000308	-0.1619075049	0.045503911	0.1005915902	-0.0698308414	0.0450207962	0.0371781984	0.1038064762	-0.1602021615	0.0648010026	-0.108031723	-0.0500887521	-0.1206811645	-0.0131339657961149	-0.0003374284531361	0.0001725010575335	1.1385796098582161e-07	-0.062729137610944	-0.0136706954167777	0.0001868879131783	0.0039349447054127	-0.0678792709421287	-0.0036115102830436	0.0046075954236349	1.3043006524529667e-05	-3.297022346405698e-05	-5.596118771281684e-05	1.0870356352698535e-09	3.131654530229122e-09	0.0004840017247875	0.0001890011145042	2.342576695972749e-07	3.5721421283829734e-08	-0.0001229919331311	-0.0001839885207214	3.3851775757265344e-08	1.5127015615324975e-08
1388.4738685322504	0.5063035347768619	1927859.683596913	0.256343269327545	2017.513835331432	-1.8367642051291568	4070362.075753744	3.373702745243744	1378.154319879132	0.8296163727086423	1899309.3294015129	0.688263325866245	1621.855962742142	1200.9435181444628	0.89125	16.844852	0.0303201468504069	0.0183657175438999	0.0786689149	0.0427338573	-0.0991307197	-0.1966059239	0.0033639608	0.0829118044	0.1096368995	0.1180727731	0.0453354352	0.0965046284	0.0846298238	-0.0756627753	0.0528485432	-0.0639517034	-0.116964977	-0.0962582578	-0.1017485909	0.0544869668	-0.0237169719	-0.0732630089	-0.0688094777	0.0316597862	0.0552879272	-0.0816171107	0.2482437056	-0.0940205466	-0.0923459824	0.155319189	0.0354745586	-0.1123810887	0.0064484946	-0.0028257171	-0.0022649559	0.0214880802	-0.1177633266	0.013325953	-0.0385281794	0.0812855805	0.1472025498	-0.1027707884	0.0856367856	-0.0536225073	0.0859168108	0.0750309883	-0.0668855657	-0.0302092866	0.0362010962	0.1491299866	0.0055829763	-0.0538653964	0.0303470689	0.0131801758	-0.0188769715	0.1465690208	0.1538811431	0.0596961285	-0.1176082631	0.1039343984	0.1591548442	0.0254646419	-0.049317368	-0.0054684155	0.1110627565	-0.15246075	0.0807125914	-0.0171211645	0.0055217805	0.1254268553	-0.02789108	0.0240846193	-0.0329684292	0.1210767019	-0.1456695425	-0.0118847101	0.0248202312	0.0587103214	0.0417285497	0.0729496018	0.0967270365	-0.1574279215	-0.207664908	-0.072393917	-0.0554119421	-0.1133587932	-0.0116919128203534	0.0014420529757615	0.0001367008253987	2.0795167849025984e-06	-0.0490807839431823	0.0136483536677616	0.0001862775578403	0.0024089233524773	-0.0722119617872891	-0.0043326908451604	0.0052145674251689	1.8772209959736743e-05	0.0001420219772331	0.0001749922006971	2.0170242017199182e-08	3.062227030483407e-08	0.0004919934773319	7.99175254439995e-06	2.420575817371348e-07	6.386810873092307e-11	-8.80348991381907e-05	3.49570339929093e-05	1.2219942255814163e-09	7.75014346627141e-09
1388.764161423387	0.2902928911364597	1928665.896054003	0.0842699626443644	2027.805302563048	10.291467231616023	4111994.3451028154	105.9142977794264	1377.287726961733	-0.8665929173989753	1896921.482839417	0.7509832844860671	1624.10778451663	1209.892619258893	1.096836	20.730495	0.0247734269849129	0.013728368907571	-0.0055854003	0.0818912246	-0.2208429052	-0.0685090972	-0.163883019	0.0359282733	0.170393286	-0.0987147466	0.0365430484	0.1606201325	0.0810323294	-0.1818205188	0.0261662863	-0.0244453878	-0.1888923106	0.0351012477	-0.1154641502	-0.1204877135	-0.0246845034	0.0265592341	-0.05709606	-0.1618170932	0.0850311318	0.1185970364	0.0237178855	0.0609594374	-0.0532589211	-0.1620882437	0.0102326242	0.0686309697	-0.0047773501	-0.1621313845	-0.0518489252	0.0032628406	-0.148296491	-0.0902898135	-0.1006704042	0.01071134	0.183306444	-0.0226536271	0.1493320685	0.0938739647	0.0872854297	0.0651004479	-0.1207934876	-0.0851002842	0.0185030024	-0.0670732576	0.0328815044	-0.0496360659	0.0493225961	0.0274953838	-0.0130380966	-0.0248431146	-0.1167021542	-0.0809525924	0.0362551494	0.1027952936	0.0946323952	0.108192748	-0.102426594	0.0714019889	0.1553922521	0.0354436161	-0.0653733751	0.0384996877	-0.0754354638	-0.0210791116	0.051877272	-0.0966032379	-0.110044038	0.1352926855	-0.0442528094	0.1023264234	0.0511220638	0.3449495502	-0.130951182	-0.3031406934	-0.002445059	-0.036311544	0.0856116727	-0.150474604	-0.0606594461	-0.1054172954	-0.0111594293670123	0.0005324834533411	0.0001245328637973	2.8353862808206453e-07	-0.0574502252504061	-0.0083694413072238	7.004754779506403e-05	0.0033005283813223	-0.071536156885152	0.0006758049021371	0.005117421741897	4.567122657525396e-07	0.0002579796678138	0.0001159576905807	6.655350900531859e-08	1.3446186004809362e-08	0.0004770105854503	-1.498289188159996e-05	2.2753909863163797e-07	2.2448704913571399e-10	8.493846484372782e-05	0.0001729733639819	2.991978464722127e-08	7.214542810009187e-09
1386.7504135327774	-2.0137478906094657	1923076.7094333293	4.055180566934072	2021.1798804032176	-6.62542215983035	4085168.108946765	43.896218795971066	1376.2322513847002	-1.0554755770326665	1894015.2097514009	1.1140286937124402	1623.9403492442348	1206.287500649002	1.023708	19.34836	0.0299028392131448	0.0186800058615748	-0.0771050978	0.0816244675	-0.1759997881	0.0704968479	-0.1155596599	-0.0655608647	0.1425815149	-0.0799355369	-0.1379038684	0.1074970454	-0.033431057	-0.0737790507	-0.1100837287	0.147984024	-0.0854461695	-0.1510772642	-0.1571418569	-0.2334341226	0.0667705903	-0.1776736739	0.1534465	0.0626853205	-0.111151378	-0.0362726197	0.0277357048	-0.0477724075	-0.0053572196	-0.2667167503	0.1183874291	0.0744610965	-0.1948461133	0.0617758941	-0.2367457753	0.1025065913	-0.0642607804	0.0353180477	0.042900017	-0.0909146616	0.1433200613	0.0439371177	-0.003443209	0.1890937034	0.0870370341	0.1121095874	-0.0280854302	-0.0861683228	0.0522741097	0.1421117744	-0.0786453694	-0.0791072957	-0.0318965368	-0.0349616132	0.1690417231	-0.056510896	-0.083648493	0.1224890571	0.0457562367	0.1204366957	0.0153284489	0.1221697465	-0.1997364394	0.0876392404	0.0639836951	0.0350907822	-0.1522504581	0.0843101207	-0.0668578485	0.0209416073	0.0196985662	-0.0559970172	-0.1033347304	-0.0593660417	0.0339764681	-0.05810166	0.0502899825	0.2317217484	-0.067424987	-0.1673069913	0.0128937239	-0.1812276312	-0.0846577444	-0.0171660509	-0.0658240966	-0.096900045	-0.0077061628993249	0.0034532664676873	5.938494663093155e-05	1.1925049296854208e-05	-0.063736061842988	-0.0062858365925818	3.951174166864158e-05	0.0040622855792531	-0.0632257181871835	0.0083104386979684	0.0039974914402851	6.906339135269224e-05	2.29797970919607e-05	-0.0002349998707218	5.280710743876854e-10	5.522493923928119e-08	0.0004750005826983	-2.010002752000006e-06	2.256255535637245e-07	4.040111063047597e-12	8.499454046803051e-05	5.607562430269217e-08	3.14447564093668e-15	7.224071909371676e-09
1386.8074038223049	0.0569902895274481	1923234.7752963612	0.0032478931004223	2011.1228372138844	-10.057043189333172	4044615.066363224	101.14411771211272	1376.4337072865217	0.2014559018214186	1894569.750554518	0.040584480378681	1622.763733267087	1200.327921946057	1.011526	19.118118	0.0634593552317063	0.0337112271418834	-0.0985672809	0.0980777878	-0.1561822617	0.0604747562	-0.0350697488	-0.115714814	0.1210044402	0.1024043576	-0.1060191651	0.0408467662	-0.2742235297	0.0651514497	0.0040460766	0.0547345612	-0.045085077	0.0166981128	-0.106426729	-0.1658012553	0.0464889024	-0.0493044276	0.106468063	-0.0464408067	-0.0381814738	0.1700763688	0.0294649152	0.096524631	-0.1250823273	-0.0817149748	0.0315453498	-0.0440481988	0.0008545807	0.1239262948	0.1563605957	0.0271307102	-0.1217640842	-0.0038837571	0.0098214976	-0.1183193581	0.1282745921	-0.0498638296	-0.0161876621	0.1462936084	0.0477449469	-0.0468059085	0.1591847392	-0.0591479264	-0.093469822	0.0694436604	-0.1318941016	-0.1575540534	-0.1018018636	0.2327394012	-0.0003975074	0.0113922884	0.0152595591	0.2314775896	0.1317070578	0.0159668945	-0.0448805824	0.0857497727	-0.2040501981	0.1597098989	0.0212912248	0.0329979678	-0.0369039229	0.0576115698	0.0263360773	-0.0888238261	0.0267306408	-0.0035491861	-0.1931719772	0.1155089929	-0.238895305	-0.0477929885	-0.1358897613	-0.0255393428	-0.0921904808	-0.1173010385	-0.0524450438	-0.0578175498	-0.0554550901	0.1659572086	-0.0708988393	-0.0878535601	-0.0029838685980791	0.0047222943012458	8.903471810602532e-06	2.230006346757856e-05	-0.049063026098139	0.0146730357448489	0.0002152979779696	0.0024071805299066	-0.0728388551524759	-0.0096131369652923	0.0053054988199233	9.24124023134711e-05	0.0002290003211119	0.0002060205240199	5.2441147069353314e-08	4.244445631745039e-08	-7.990266779556165e-06	-0.0004829908494778	6.384436320847884e-11	2.332801606793411e-07	8.500093137661874e-05	6.390908588227223e-09	4.084371258307648e-17	7.225158334892648e-09
1389.816587751527	3.0091839292222176	1931590.1475892984	9.055187919889264	2025.6958908348752	14.573053620990777	4103443.8421452986	212.3738918402724	1379.7535379983733	3.319830711851637	1903719.8256190289	11.021275955353346	1629.7984001055563	1219.7447726435394	1.203164	22.74012	0.0141350471117864	0.0096610723604106	-0.1312334116	-0.0494278057	-0.1634718329	-0.0190819601	0.2481964566	-0.2827651018	0.011481538	0.0239703632	0.2697746563	-0.1548381345	0.0735533328	0.0664613445	-0.124529751	0.1199945291	-0.0117121089	0.2565299089	0.0125921478	0.0807739849	-0.1235190971	-0.1323536504	0.0199666837	0.0429715977	0.10717334	0.1869852027	-0.1025914329	0.1118267516	-0.0429908536	0.0118741822	0.0780407769	0.1356028864	0.1700896896	0.025442506	0.037070055	0.025369092	0.0298157794	0.0637748085	-0.0913688483	-0.2493103246	-0.0496319183	-0.1168252063	0.2156901897	-0.1040895902	-0.1504291197	0.0492618478	0.0793118891	0.0498348213	0.1495110011	-0.0479129758	-0.165543797	0.1171363009	-0.1047684888	0.1165220379	0.0752124965	0.0195586775	-0.1597888948	-0.1721376721	-0.0004627196	-0.0927195055	-0.140992538	-0.0429670781	-0.1365174118	0.1180365669	0.068099744	-0.0521535323	0.1659803421	-0.1651010017	-0.0289328389	0.0432352832	0.1302612563	-0.1327754764	-0.038470176	0.1454399719	-0.0636727676	0.0376070388	0.0703231998	0.1423860495	0.053474091	0.0853706714	-0.2038208845	0.2314052299	-0.1760730515	0.0368264823	-0.0758767427	-0.0783272495	-0.0027753311555045	0.0002085374425745	7.702463022713944e-06	4.348786495555449e-08	-0.0490618160228706	1.2100752683971705e-06	1.4642821551864842e-12	0.002407061791462	-0.0679142333300362	0.0049246218224397	0.0046123430888066	2.425190009404935e-05	0.0002419933582075	1.2993037095600018e-05	5.856078541654341e-08	1.6881901296763815e-10	0.0001590100644501	0.0001670003312296	2.528420059642496e-08	2.788911063081487e-08	8.498074427179982e-05	-2.018710481891913e-08	4.07519200970028e-16	7.2217268969890385e-09
1387.7292238981	-2.0873638534271777	1925792.398860823	4.357087856594356	2029.3234020567777	3.627511221902523	4118153.4701352944	13.158837665028736	1378.4478945282815	-1.305643470091809	1900118.5979294523	1.7047048709933803	1628.5895957128812	1225.370419857919	1.154457	21.819542	0.0325377416667063	0.0138863004535213	-0.0307998418	-0.1542044532	-0.1387837451	0.05979151	-0.0027373465	-0.1306559337	-0.1387997097	-0.1778645757	0.0418564168	-0.029709194	-0.0140887459	-0.15923131	0.0545166609	0.1092273917	0.2546304707	-0.0779401091	-0.1510781507	-0.0092202746	-0.0671691563	0.0685856239	0.020653617	0.0878297061	-0.0600971542	-0.0787271468	-0.1859969092	0.0190643167	0.0196578038	0.1871939193	-0.0159197112	0.0059247162	0.0398099165	0.0700225956	-0.1228783787	0.0635803153	-0.1062464654	-0.0968649148	-0.2500198752	-0.0907864819	-0.1738524392	0.0246176601	0.1723467535	0.0994403843	-0.0992479205	-0.029862582	-0.0213899532	-0.0990799795	0.0999553266	-0.0328856667	-0.06541291	-0.0995821317	-0.2253569067	-0.126825795	-0.0462611993	0.0577412314	0.1818383806	-0.1361192556	-0.0155733563	0.1493133927	-0.1193579955	-0.1678744675	-0.0684941732	0.1942265615	0.0704355202	-0.151691439	0.0050016809	0.0208317707	-0.0324667453	-0.0148341764	0.1118731416	0.1324300081	-0.1414957203	-0.0319383403	0.0661101142	-0.1876309032	0.1696795911	-0.0457568417	-0.007388473	-0.0209250038	0.0849949955	0.1762019556	-0.0252741072	-0.1853446154	-0.0807510076	-0.0683731426	-0.0004630609686842	0.0023122701868203	2.144254607187497e-07	5.3465934168579855e-06	-0.0529088090010958	-0.0038469929782251	1.4799354974513962e-05	0.0027993420699144	-0.0745944648596506	-0.0066802315296144	0.0055643341876976	4.462549328925438e-05	2.300174350662553e-05	-0.0002189916147008	5.290802043445895e-10	4.7957327309296277e-08	0.0002339999429659	7.49898785158e-05	5.475597330804445e-08	5.623481879814444e-09	-1.5002701952454558e-05	-9.998344622425436e-05	9.996689518878366e-09	2.2508106587418378e-10
1388.3328840380564	0.6036601399564461	1927468.1969014276	0.364405564572236	2027.9254613508256	-1.3979407059521236	4112481.676794959	1.9542382173579216	1377.7707500979532	-0.677144430328326	1898252.2398254764	0.4585245795246732	1626.5256422611706	1220.0243835952808	0.976174	18.449951	0.0356698046039082	0.018890243772824	0.0113423475	-0.1695251989	-0.1119609741	0.0945677145	0.0010892354	-0.043622965	-0.1571450603	-0.0937894577	-0.0157241329	0.0302253338	-0.0231593562	0.0310636229	0.0238010947	0.0131480116	0.1841684499	-0.137317467	0.1210045828	0.0629484173	-0.0450000295	-0.0497660294	0.149421463	-0.017442588	0.1012961536	-0.035127304	-0.0711261271	-0.0385573351	-0.1264202651	-0.0334952665	-0.0641200223	-0.0389077794	-0.1556578579	-0.0559023913	-0.0550379281	0.0112190551	0.1425309794	-0.09014089	0.0937933985	-0.0059768878	-0.1701088393	0.0270320517	0.1769726223	0.0690418014	0.0438321173	-0.0606537472	0.1280491489	-0.0462703285	0.183259855	0.098882804	0.0438822977	-0.0228401917	-0.115995407	-0.0616127649	0.0319631511	0.0084765095	0.1119537202	-0.1045296624	0.0823801631	-0.0234094304	-0.1020983174	-0.1829862591	0.0135415387	0.2240444961	0.0761612486	-0.1250707148	-0.035421591	-0.0169125459	-0.047102513	-0.0324389775	0.1218283646	0.0689576998	0.0944447947	-0.0141355099	-0.0881513501	-0.1959144167	0.0127826062	0.1198561752	0.1172773993	0.0707182793	0.124004507	-0.0529444296	-0.1211270628	-0.0959721774	-0.0855149763	-0.0580456054	-0.0019836742526706	-0.0015206132839864	3.934963540708264e-06	2.312264759435904e-06	-0.0638202065483284	-0.0109113975472326	0.0001190585964337	0.0040730187638712	-0.0607561602477417	0.0138383046119089	0.0036913110080492	0.0001914986745319	2.8993427232708e-05	5.991683726082472e-06	8.406188226983338e-10	3.5900273873401536e-11	0.0003650005949784	0.0001310006520125	1.3322543433458602e-07	1.7161170827700127e-08	3.599474552457032e-05	5.099744747702488e-05	2.6007396491719117e-09	1.295621705378575e-09
1388.533840558351	0.2009565202945396	1928026.226375724	0.0403835230488897	2028.474098714193	0.5486373633673338	4114707.169154357	0.3010029564826599	1378.5308526221745	0.7601025242213382	1900347.3116312197	0.57775584732765	1626.9439230281243	1215.2108700818355	0.961297	18.16876	0.0354040180460461	0.0150067826971817	0.0439784143	-0.1710974082	-0.0726308295	0.1297258295	-0.0082592708	0.0424650927	-0.1460730894	-0.0999089569	-0.0148583419	0.097596211	-0.018015841	0.0997519895	0.0868073488	-0.058235677	0.2104229097	0.0018977094	0.1276409676	-0.0383483872	-0.0947238063	-0.0558625534	0.169131933	-0.0582408265	0.1437124743	0.0630771436	-0.1146514543	0.0661830704	-0.108178562	0.1290932387	0.103183865	0.1377542237	-0.1499822764	-0.1599810588	0.0398163333	-0.1327169337	0.1709468233	0.0782005758	-0.1671055825	0.0669851372	-0.1652790951	0.0391083618	0.1478193966	0.1009764778	0.0570440252	-0.0064841745	0.1756979876	-0.1070044537	0.1553783452	-0.0350139424	-0.0722993846	0.0717201144	-0.114257244	-0.1384426873	-0.0435724544	0.0542618168	0.023317035	-0.1087071909	0.1047676889	-0.1342764964	-0.0744190381	-0.1967988139	0.0694031607	0.2002856016	0.0556442304	-0.0411451519	-0.0990248968	-0.0370306835	-0.0782362136	-0.1043291601	0.0015239812	0.0786916719	0.2905974815	-0.0168239335	0.0198637434	-0.1084179719	-0.1348033905	0.0821101973	-0.0627297962	0.0864535844	0.0395963236	-0.0835517436	0.0348759103	0.1924440316	-0.0901621419	-0.0474010431	-0.0037920583006609	-0.0018083840479902	1.4379706155611232e-05	3.2702528650257827e-06	-0.0549715893883302	0.0088486171599981	7.829802564421458e-05	0.0030218756398791	-0.0650002429154525	-0.0042440826677108	0.0042250315790678	1.8012237690363275e-05	-0.0001470403275096	-0.0001760337547423	2.1620857914130437e-08	3.0987882808675055e-08	0.0004589868022688	9.398620729039996e-05	2.106688846569385e-07	8.833407160834031e-09	0.0001760334668988	0.0001400387213742	1.961084348412913e-08	3.098778146841092e-08
1388.8848121557924	0.3509715974414575	1929001.0214370303	0.1231810622106085	2025.273541527464	-3.200557186728929	4101732.918011197	10.243566305522195	1381.940679579158	3.4098269569835797	1909760.0418757051	11.626919876571897	1628.2515563964844	1215.3249430263004	1.027972	19.428944	0.0508749039252187	0.0236455347660777	0.0884700386	-0.1239793713	-0.0283657919	0.1373368378	0.0273066899	0.1389087004	-0.0834399206	-0.0695323908	0.0134667879	0.1013901781	0.0325069624	0.1074249674	0.0651125453	-0.1289101588	0.078010521	-0.0452818987	-0.0392188663	0.0006150638	-0.1587656687	-0.0188707029	0.1409053529	-0.06865725	0.1713828314	0.0901935436	0.1273422301	0.0613345882	0.1267086928	-0.089530807	0.0735526842	0.1372732916	0.0998422084	0.0287376726	-0.0246272872	-0.2051558587	-0.0302792015	-0.184923206	-0.1682652735	0.1581832923	-0.0919383106	0.1019673079	0.0766075415	0.0587122345	0.1412731006	0.0317281302	0.0663577467	0.1122126721	0.1694061137	-0.1822418608	-0.1063518789	0.2469007926	-0.069784033	0.0089190279	-0.0328819781	-0.1529089837	-0.1348443222	0.2674644404	-0.1717060977	-0.1483902127	0.0194936012	-0.1644743154	0.0806798249	0.1111882187	0.0506837052	0.154357559	-0.1133228371	-0.1442462113	-0.0566067212	-0.0147511805	0.145232731	-0.1812644505	0.2290617809	-0.1024085289	-0.188954831	0.0268646128	0.0690452552	-0.1886800493	-0.0804411981	-0.1361360464	0.0789584926	0.2219960716	-0.0568006527	0.0784415425	-0.0946861568	-0.0364975928	-0.0073903701594275	-0.0035983118587666	5.461757109335645e-05	1.2947848232940343e-05	-0.0675170546055596	-0.0125454652172293	0.0001573886975167	0.0045585526626101	-0.0550238073862203	0.0099764355292322	0.0030276193792758	9.952926586892668e-05	3.502345909341122e-05	0.000182063786603	1.2266426868678492e-09	3.3147222392226815e-08	0.0004309979347565	-2.798886751230001e-05	1.857592197643682e-07	7.833767046210829e-10	-0.0001090077053857	-0.0002850411722845	8.124846989732203e-08	1.1882679833455568e-08
1387.638476103583	-1.2463360522094715	1925540.5403630736	1.5533535550370912	2021.873323728328	-3.400217799136044	4087971.737204236	11.561481081561563	1378.5119641892454	-3.428715389912668	1900295.2354128915	11.756089225023976	1625.7702118723016	1197.2192486237377	1.179943	22.301228	0.0741003332330545	0.0405306346372306	0.1195654608	-0.0225760301	-0.0447505357	-0.0785565802	0.057329793	0.1504020905	0.0410817471	0.0380655428	0.0205773602	0.0200396544	0.068808461	-0.0560097885	-0.1049168092	-0.0661824681	-0.1303962079	-0.0577780509	-0.0943159994	0.0506411657	0.1621318442	-0.1270626774	-0.029483322	0.2041519119	-0.0909843349	0.003631993	-0.0793974471	0.0027485851	0.0454743329	-0.0310659554	-0.0933648036	0.0311458445	-0.0564413358	-0.2042962921	0.0292507256	-0.1537495142	-0.0816587419	-0.1929068167	-0.1284683789	0.122225993	0.0718641541	-0.0371245874	-0.0024522826	-0.0058863182	0.0056896538	0.1487077774	-0.1135922281	0.1841919919	0.0135605971	-0.0840710342	-0.1393178124	0.0310152631	0.0488915664	-0.059579245	0.1358105738	-0.2260590094	0.1191110888	0.0113727307	0.1354349259	0.1330933832	0.1155350263	-0.0151910563	-0.147358956	-0.0236612441	0.0437369938	-0.0940203402	-0.0595343262	-0.0874431267	-0.0971842402	-0.0875744797	-0.0788759697	-0.1726374496	0.2235807477	-0.1487920584	0.2487872728	-0.0666640111	-0.2418516771	0.0098260724	-0.0363369865	-0.0696816175	0.2342013806	0.1180360722	0.0497130754	-0.0687097121	-0.0990808418	-0.0253948054	0.0022831719712002	0.0096735421306277	5.212874250074208e-06	9.35774173530291e-05	-0.0367398811849142	0.0307771734206454	0.0009472344037644	0.0013498188694816	-0.0613034144281527	-0.0062796070419324	0.0037581086205498	3.9433464601087006e-05	0.0003339778932858	0.0002989544341923	1.115412332036212e-07	8.937375372329131e-08	0.0004760155369423	4.501760218580004e-05	2.265907914104662e-07	2.0265845065589484e-09	9.442047103309196e-05	0.0002034281764187	4.1383022961075155e-08	8.915225350110959e-09
1384.4300950568231	-3.2083810467597687	1916646.6880990444	10.293708941207308	2028.487560392681	6.6142366643530295	4114761.7826678506	43.74812665207189	1374.1692842524103	-4.342679936835111	1888341.2217827816	18.858869033790207	1625.2532089858028	1199.193248913233	1.260198	23.818077	0.0457035866223662	0.0263100805705239	-0.0615615	0.1163847177	-0.1826792096	0.0861097504	-0.0896134511	0.0143227981	0.2124302752	-0.191236599	-0.0772854851	0.1144638443	-0.1977767453	-0.2011349854	-0.0434850428	0.2443783416	-0.0233556433	-0.0617680327	0.231100698	-0.1253258851	-0.0809327094	-0.1298921351	-0.0460346835	0.0699500833	-0.2270636991	0.2270816084	0.2085129285	0.1673079453	0.0741624127	-0.0326487198	0.0584273722	-0.0718146443	-0.0997383124	0.0711553043	0.1340911325	-0.0066027005	-0.1707439273	0.0992022918	-0.1235726106	-0.0828563894	0.2058992288	0.1095710035	-0.0518035424	0.3146667621	-0.1286143844	0.0182891752	-0.0375792477	0.0423573496	0.0981308758	0.1077095631	0.1044831247	0.0687396943	-0.1285612918	-0.1638115922	0.178881258	0.0279040413	-0.0621264831	0.0619832929	0.0526487342	-0.1824491374	-0.0197957729	0.0928478847	-0.2404069002	0.0771960666	0.0074574947	0.0724384446	-0.1062944574	0.1157296282	-0.0531935741	-0.1117081356	0.0913148618	-0.0345196359	0.0743755217	-0.1530989988	0.121227644	0.0222671066	-0.0534540752	-0.1137424408	0.1210292594	0.054150989	0.0312720758	-0.0958810405	0.0310873322	0.0982961137	-0.1033401944	-0.0141533203	0.0016491624947718	-0.0006340094764284	2.719736934161947e-06	4.019680162010142e-07	-0.0507142943680065	-0.0139744131830923	0.0001952842238117	0.0025719396532448	-0.0423296485875113	0.0189737658406414	0.0017917991495421	0.0003600037901754	0.0002600129441708	-7.396494911500001e-05	6.760673113636756e-08	5.470813697584541e-09	0.000498993195896	2.2977658953700017e-05	2.4899420955050384e-07	5.279728109925506e-10	-5.106488334229007e-05	-0.0001454853543753	2.116598833773049e-08	2.6076223107616943e-09
1387.8875594256028	3.45746436877971	1926231.8776083563	11.954059861381284	2008.04369083873	-20.44386955395089	4032239.4643172296	417.95180233896014	1377.8666174056682	3.697333153257887	1898516.415360938	13.670272446179908	1623.456613477443	1191.236416999263	1.056427	19.966743	0.0651318172389585	0.0344588721147663	-0.1015793445	0.0441958679	-0.16254056	-0.0069865224	0.0105504874	-0.1270811857	0.0207499141	0.1464866915	-0.1078466964	0.2284221067	-0.2685080303	0.043809389	0.1330973476	0.0969941879	-0.0116287653	0.1436299223	-0.1583621922	-0.1191954098	-0.0791971826	-0.0706168322	0.1600211446	-0.1057790378	-0.0097752716	-0.0232604716	0.1483645447	0.0464566401	-0.0074338558	0.0278334181	0.0972550233	0.0244512199	0.1024280415	0.1724832693	-0.0868203159	-0.1233661679	0.2128968617	-0.0211705193	0.1342700105	-0.1158266081	0.0910255816	-0.1891647819	-0.0054292013	0.2093005381	0.0390240981	0.0788801872	0.1416911514	-0.1676042015	-0.0102939594	-0.0125074674	-0.1301180891	-0.0635134227	-0.0225500154	0.0664033231	-0.1129964203	-0.0858046758	0.0368330277	0.2486806996	-0.0755108911	-0.2032367852	-0.013588602	0.0712332086	-0.2297931097	0.0490642941	0.1078480939	0.0919425237	-0.0767674801	0.1088775031	-0.0423488791	-0.1236356257	0.0138756796	-0.0562732911	0.0666843846	-0.1954907603	-0.1566257373	-0.0602356327	-0.131211424	-0.0685089415	0.0847711756	0.1878170882	-0.146522511	0.0725907887	0.1203937189	0.0454979181	-0.1074583966	-0.0028345346	-0.0009414589378451	-0.0025906214326169	8.863449316484239e-07	6.711319407134041e-06	-0.0784571091924277	-0.0277428148244211	0.0007696637743821	0.0061555179828325	-0.0565814058214044	-0.014251757233893	0.0032014554847264	0.0002031125842538	0.0002879694551077	2.795651093690004e-05	8.292640707502567e-08	7.815665037650112e-10	0.0007480119449245	0.0002490187490284	5.595218697497332e-07	6.201033736771905e-08	8.289233165285754e-05	0.0001339572149951	1.79445354492562e-08	6.871138646847328e-09
1391.6555348324068	3.7679754068039983	1936705.1276296724	14.197638666279756	2027.079206714296	19.035515875566038	4109050.11029346	362.3508646489265	1382.2935577670853	4.42694036141711	1910735.4798443865	19.59780096354385	1632.366727118836	1215.3541620462247	1.234781	23.337688	0.0526802391307314	0.0263422614519386	-0.0807374241	-0.1393042862	-0.1767792192	-0.0714767083	0.0960154558	-0.1560335775	-0.1254467078	-0.0550839711	0.0677944158	0.2304967323	0.2935776325	0.1090076064	-0.0490083408	-0.099972982	0.1274779297	0.0163822932	-0.238117932	-0.1024364773	0.1635050768	-0.1912915278	0.0394609914	-0.1773616623	0.069816236	-0.1048971324	0.1575817815	-0.0421593567	-0.1039661339	0.0311345041	-0.1844995524	-0.0241434425	-0.0755199487	0.0366059661	0.2357388135	-0.1111286212	-0.0481172464	0.2403819785	-0.0824716184	-0.135670001	-0.1572405459	-0.0336229553	0.1444274359	-0.1117935199	0.0832204191	0.2985284108	0.0815553421	0.0064452011	-0.138469537	0.0774476166	0.0780927726	-0.1586647333	0.0493018629	-0.1317798599	-0.1666570275	-0.1489650729	-0.2118675914	0.0290228137	-0.0688823093	0.1170356574	-0.0765386967	-0.1063258538	-0.180797162	-0.0444992589	0.1466758561	-0.0052359087	0.0055847774	-0.025303673	-0.0610800678	0.0831623992	-0.1122269638	-0.0299795075	0.1413437381	-0.3412939963	0.0564708548	0.2233879649	0.1409492875	-0.0572688443	-0.0270347484	-0.0679088479	-0.2680164544	-0.170056068	-0.0488818702	-0.0195767147	-0.1114298236	0.0084997322	-0.0014720325530817	-0.0005305736152366	2.1668798373322283e-06	2.815083611852357e-07	-0.0633456934266263	0.0151114157658013	0.0002283548864469	0.0040126768757001	-0.0594253485922351	-0.0028439427708307	0.0035313720553086	8.0880104837602e-06	9.700820063730122e-05	-0.0001909612544703	9.410590990886891e-09	3.64662007089084e-08	0.0003809978504547	-0.0003670140944698	1.4515936205110197e-07	1.346993455394873e-07	-4.301845898419925e-05	-0.000125910790637	1.5853527198848752e-08	1.8505878133752326e-09
1385.689009055609	-5.96652577679788	1920134.0298175155	35.59942984519355	2025.6279354697776	-1.451271244518466	4103168.532955554	2.1061882251661777	1380.5060361728845	-1.7875215942008251	1905796.9159097692	3.19523344973426	1630.1438863059002	1204.7263283808238	1.390972	26.289734	0.0642937768631511	0.0337993231213913	0.1263519302	-0.020439748	0.0298170883	0.153856561	0.0750168579	0.0735948651	0.0396486629	-0.0939960597	0.0274791599	-0.1404061399	-0.0089834693	-0.093197879	-0.1298865247	-0.1036955907	-0.0078950585	-0.0833114136	0.0874210161	-0.0377363512	-0.023078448	-0.2034953265	-0.1756225237	-0.1208955555	-0.0972379613	0.091569317	0.0421507337	-0.061301932	-0.0198981866	0.0998264112	-0.0686818459	-0.1340932777	0.0102226087	-0.025374949	-0.1142926891	0.1732256952	0.1230376018	-0.01429889	0.0296961997	0.0687486568	0.0138556659	0.1152815562	-0.0692366225	-0.1231996013	-0.2532265522	0.0869907188	-0.0133532666	0.0694193019	0.0693308064	0.1391615101	-0.2448906148	-0.1049841803	0.1739041081	0.0817637141	0.0398486437	-0.0029503521	0.1667936577	0.0625386256	-0.2128067775	0.0155273121	0.0885493762	-0.1043770655	-0.1250156852	0.0549868141	-0.17618785	-0.0245884041	0.1101038617	-0.0272357837	-0.0651196754	0.1122358591	-0.0312426407	0.002148274	-0.0602994483	-0.1537597163	0.0620821756	0.2149992181	-0.1498725206	-0.050109578	-0.1634132264	-0.0691702562	0.1003926789	-0.1033681439	-0.0494091381	0.0606418258	-0.1152490509	0.0197875765	0.0042782762707815	0.0057503088238632	1.8303647849132055e-05	3.306605156979898e-05	-0.0418134979550188	0.0215321954716075	0.0004636354418275	0.0017483686112343	-0.0375369970284396	0.0218883515637954	0.001409026145913	0.0004790999341803	0.0001229628702848	2.5954669647498764e-05	1.5119867468676548e-08	6.736448765107937e-10	0.0004480103401989	6.701248974420003e-05	2.0071326492513413e-07	4.490673781716514e-09	0.0001664728017018	0.0002094912606859	4.388658830380929e-08	2.7713193706446826e-08
1383.8641856457657	-1.824823409843248	1915080.0843130185	3.329980477111937	2020.4824541058456	-5.145481363932049	4082349.347349581	26.47597846657202	1379.2779270160524	-1.2281091568320337	1902407.599953699	1.508252101094688	1628.9967391848795	1189.6169897274608	1.216298	22.988356	0.1389296647731296	0.0746912846448351	0.0987202087	0.1297571122	0.0232093798	-0.0410612801	0.0027976104	0.0144842887	0.1189983137	-0.0546394141	0.0462969887	-0.2008442297	-0.0080548855	0.0710749807	0.0738862752	-0.0732958514	-0.0131922534	0.0771323549	0.1477823388	-0.0094867722	-0.2355451432	-0.0547920333	-0.0639851109	0.0627165667	-0.0289594322	-0.1451467834	0.1086709981	0.0092868876	-0.1302190619	-0.069126805	-0.0125902749	-0.0429044558	0.1290276911	0.0791917462	0.1393693712	0.1567437701	-0.0800230535	-0.1195356406	0.0028664348	-0.0056776275	0.0675798345	0.1341018486	-0.0072489674	-0.140295518	-0.235918886	0.0450531474	-0.0112682957	-0.0405350607	0.0065788082	0.0542142871	0.0235620488	0.0021429183	-0.1606481856	0.13372578	-0.1368944546	0.0345784772	-0.0074633908	-0.0327747329	-0.0279855746	-0.1847975974	0.1126650649	0.0282307851	-0.1004642498	0.0799357661	-0.1140355584	-0.2391306073	0.0631882002	0.0778707274	-0.0717372722	0.2759903446	0.0596779587	0.094495493	0.0767128676	0.0602910478	-0.0286966743	0.1276956276	0.0722193573	-0.1635842599	-0.0696517494	0.0577315387	-0.0900839507	-0.1003787963	-0.1140370975	0.1575439431	-0.1189108618	0.0309673479	-0.0032753330952033	-0.0075536093659848	1.072780688453403e-05	5.705701445389329e-05	-0.0916775901332727	-0.0498640921782539	0.0024864276887614	0.0084047805326443	0.0208970385138513	0.0584340355422909	0.0004366862186493	0.0034145365097577	0.0005649640770845	0.0004420012067997	3.191844083959408e-07	1.953650668123912e-07	0.0004290468474332	-1.896349276570003e-05	1.8408119729236763e-07	3.5961405787475743e-10	0.0001658789475352	-5.938541666000122e-07	3.5266277118819505e-13	2.7515825235385632e-08
1384.2842622436517	0.420076597886009	1916242.918695451	0.1764643480914837	2025.013586318702	4.531132212856392	4100680.024775331	20.53115913038486	1376.8014097822474	-2.476517233804998	1895582.121978384	6.133137609333159	1629.5544529370163	1183.4248191783138	1.041792	19.690147	0.0182356055696651	0.0094035893025745	0.040268968	0.1137468805	0.0091569078	-0.0922743694	-0.0346483936	-0.0205472679	0.0840766076	0.0497816128	0.0498975729	-0.0262535577	0.1408335442	0.0346576647	0.1457591465	-0.0373304905	-0.1333344697	0.0321421773	-0.0480084612	-0.0433047629	-0.0802366526	0.097584021	-0.144232882	-0.0833261232	0.1820958251	0.1293225902	-0.1518513997	-0.011880884	0.0560393032	0.1760703616	0.0327421959	0.0375224993	-0.127856186	0.1080211637	0.0349268582	-0.0900529619	0.0038316933	-0.196500102	0.1025463939	-0.0096340919	0.0681171148	0.0482434196	0.0277054673	-0.1742895513	-0.0855554225	0.022789438	-0.0300626093	-0.2000131387	-0.0787577718	-0.1111233547	-0.0200932044	-0.2232028596	0.0095080505	0.0180437315	-0.1192913134	-0.0145341307	0.1881953014	-0.1303739868	0.0865136496	-0.1469064569	0.0911457012	0.1016233486	-0.0642961329	0.0640183983	-0.0412968477	-0.2813472082	-0.0354940193	0.0422302665	-0.0547230263	0.2172647785	-0.084287223	-0.0730706895	0.0243866353	-0.0143330181	-0.0119704975	0.0389290503	-0.0497620544	-0.0674473523	-0.1374963333	-0.064914533	0.0036882857	0.1979484601	-0.0194119062	0.025589071	-0.1224102548	0.0419779864	-0.0014492331290369	0.0018260999661664	2.100276662298084e-06	3.334641086432928e-06	-0.0868944975152317	0.0047830926180409	2.287797499275827e-05	0.0075506536984246	0.022771386895279	0.0018743483814276	0.0005185360611344	3.513181854960638e-06	0.0004989748422635	-6.598923482100001e-05	2.489758932118847e-07	4.3545791122610805e-09	0.0003000410761497	-0.0001290057712834	9.00246473770701e-08	1.6642489024450706e-08	0.0001659252335113	4.62859761000251e-08	2.142391583532095e-15	2.753118311577944e-08
1381.2240463333917	-3.0602159102600126	1907779.8661695877	9.364921417408516	2023.219141535173	-1.7944447835288884	4093415.694674323	3.220032081134039	1376.771391801921	-0.03001798032642	1895499.4652841988	0.0009010791428773	1629.836866739433	1191.7053440962688	1.220626	23.070158	0.1121099268618047	0.0769044524143172	-0.0866221047	0.1793095027	-0.0284904374	0.2007804669	-0.0241737213	-0.135390664	0.1810383737	-0.1585589123	-0.0054700572	0.01628854	-0.0977360734	0.1671529937	-0.0810429889	0.161322552	-0.0667630834	-0.0788736228	-0.0667516916	-0.2067706161	-0.2328593403	0.0832541561	0.0340245204	0.0380435942	0.0540142491	0.0807857445	0.0008565528	-0.0816812548	0.0118449216	-0.0062661167	-0.0145814691	-0.0331888826	-0.0180960376	-0.1093975343	0.0976568868	0.0291752908	-0.0291002338	0.0504129233	0.0431630434	-0.1452609602	0.1137050759	0.1919547389	0.0655863056	0.0947849841	-0.0071846076	0.0140430615	0.0349953258	-0.0826783019	-0.2085425204	-0.0499782011	-0.1824596746	0.0594949045	-0.0688556179	0.0338042067	0.0124669853	0.1863805724	-0.0125267803	0.0360227079	-0.0473109859	-0.0480494318	-0.0293183676	0.0999036055	-0.1858985438	0.2082855598	-0.0795312277	0.0497821815	0.014455563	-0.0356308088	0.0552655919	0.1029032555	-0.1405036534	-0.0077911438	-0.2160181742	-0.1179512847	0.0661772406	-0.0234932779	0.0646822901	-0.1859151377	0.033556106	0.0863377278	0.1298087171	0.0688886384	0.26419225	0.0205553475	-0.1257424501	0.0527593557	0.0015326178699694	0.0029818509990063	2.3489175353495403e-06	8.891435380274869e-06	-0.0835297250827409	0.0033647724324908	1.1321693522450116e-05	0.0069772149723982	-0.0559460923826335	-0.0787174792779125	0.0031299652528861	0.0061964415438685	0.0002780023402546	-0.0002209725020088	7.728530118703439e-08	4.8828846644073296e-08	0.0004419983877701	0.0001419573116204	1.953625747913677e-07	2.0151878322491355e-08	-1.206143590730318e-05	-0.0001779866694186	3.1679254490727145e-08	1.4547823614598248e-10
1379.482628775596	-1.7414175577957849	1902972.3230936285	3.032535110599436	2008.765336528577	-14.453805006595983	4035138.177238768	208.9124791686992	1376.9544232493113	0.183031447390249	1896003.483705844	0.0335005107337694	1629.7921231364646	1177.9014544786007	1.085232	20.511166	0.1607992834491685	0.1073783791816405	-0.1399540719	0.1585387341	0.0398898271	0.1715022262	0.0518848597	-0.2263283299	0.0337929932	0.0119891159	-0.149024119	-0.1091404618	-0.1039228043	0.1803373597	0.0167652747	0.166569721	-0.0135408632	-0.0831591199	-0.001693465	-0.0937261673	-0.021227222	-0.0126924209	-0.0397992754	-0.0569382857	0.0473415356	-0.0139084988	-0.1579705532	-0.1285979769	0.015130528	0.192582026	-0.1154467097	0.1336943322	0.1107813932	0.0167650609	-0.0241897095	-0.0079335917	-0.0038952984	0.1082441719	0.2194505939	-0.2208939016	0.0014298253	0.1328026202	-0.1121117957	-0.0917197175	0.0643898712	-0.0661046646	0.2191833916	-0.014523617	-0.0320977446	-0.0438285463	0.0522959227	-0.0381216623	-0.0087334585	0.1309817649	-0.0092359623	0.0035052157	0.1552036174	0.0396755621	0.0750800713	-0.0053932616	-0.1119755971	0.1633579732	-0.0115816064	0.214212443	-0.1639195163	-0.0374742776	0.0123578544	-0.0411740496	0.1094745761	0.0518627084	-0.0008588867	0.0588860461	-0.0217932719	0.033259188	5.515e-06	0.0482815683	0.006105341	-0.0133261265	0.0311109579	-0.0242434967	-0.1248749452	0.0606448067	-0.0664881645	-0.1969104214	-0.1289028963	0.0632525717	0.0024664192352759	0.0009338013653065	6.083223844138955e-06	8.719849898482835e-07	-0.0702568945261532	0.0132728305565876	0.0001761680309838	0.004936031228459	0.0552929402463888	0.1112390326290223	0.0030573092410907	0.0123741223802406	0.0008260041229842	0.0005480017827295	6.822828111868973e-07	3.003059538748196e-07	0.0002969889896915	-0.0001450093980786	8.82024599979779e-08	2.1027725531117884e-08	-2.6122633064144948e-05	-1.4061197156841767e-05	1.9771726548357502e-10	6.823919582039589e-10
1380.6136125816315	1.1309838060356014	1906093.9472457035	1.279124369514775	2028.78796499152	20.022628462942976	4115980.6068944335	400.9056505650542	1376.915771484375	-0.0386517649362758	1895897.041762412	0.0014939589326891	1633.574048494038	1185.8498685981574	1.150109	21.73736	0.0361633811129251	0.0198634825694769	-0.1935549678	-0.0051837245	0.0668733182	-0.0268448654	0.162607739	-0.2527055768	-0.0497527426	-0.0178733102	0.0453912246	-0.1497686854	0.2417058519	0.0319921866	0.076902435	0.1743201752	-0.0696475447	-0.093600859	-0.0223696006	0.0218200572	-0.0653657317	-0.000772605	0.0505556491	0.0645956802	0.0072546081	-0.1731912055	-0.1632403041	0.006233607	0.0203475182	0.0611792394	-0.0116138314	0.0457670895	0.1108163297	-0.100406248	0.1051953089	0.0623695126	0.0603883092	0.2209107267	0.1578885747	-0.2344404633	-0.1214843482	0.0445564467	0.1112680329	-0.2099433794	0.0654154934	-0.1095124528	-0.0671160079	-0.0659867968	0.022455846	0.0434246728	-0.1750055308	-0.00336246	0.0851651437	-0.1117284636	0.0878035649	0.0845466895	-0.0149436231	0.047776873	0.1550420478	0.0359762925	-0.1906221868	0.0631613548	0.0779610882	0.1140550525	-0.0820786497	-0.1396615709	0.0976868748	-0.1596379629	0.0713423037	0.030081996	0.0676100159	-0.1446453523	-0.0137358216	0.0490660233	-0.0492428434	0.1042235065	-0.1384257393	0.0048453826	0.171816523	0.1914067007	-0.0341017191	0.0874264588	0.0580705152	-0.2601811585	-0.1318872767	0.0734003241	0.00529669110729	0.0028302718720141	2.8054936686044964e-05	8.010438869514197e-06	-0.0711197940106558	-0.0008628994845025	7.445955203548375e-07	0.0050580251001181	0.042566792661951	-0.0127261475844377	0.0018119318375255	0.0001619548323408	0.0007459997107231	-8.000441226109999e-05	5.565155683989488e-07	6.400705981244046e-09	-8.013424435127092e-06	-0.0003050024141266	6.421497117749194e-11	9.302647262307057e-08	-3.5997050115830554e-05	-9.874417051685606e-06	9.750411211061948e-11	1.2957876170416163e-09
1378.8325245094338	-1.78108807219769	1901179.1306450584	3.172274720924884	2022.136056732713	-6.651908258806998	4089034.231938526	44.24788348358474	1378.2691572473404	1.3533857629654449	1899625.869819294	1.8316530233975596	1631.9962342914782	1192.855566975307	1.225178	23.156189	0.0327545627372524	0.0211249465141224	-0.0493248373	-0.0919405099	0.1692496361	0.1616032258	-0.0983459862	-0.0465009938	-0.1992595645	-0.1542127102	-0.2379831846	-0.0712611309	0.1958118494	-0.046997309	0.1123580112	-0.0062595363	0.1602386367	-0.1073316591	0.1372997861	-0.1024096851	-0.1345234455	-0.0505685281	0.088869191	-0.0672549002	-0.0029661212	-0.0157780741	-0.1185995605	0.0872224498	0.0387980463	-0.089584533	-0.055862959	-0.0259883962	0.1242354168	-0.1239071499	0.0043813344	-0.0912828157	-0.0067297246	-0.0513035139	-0.0260346534	0.0034318342	-0.2509187515	0.2035548751	-0.037500791	-0.0731768568	0.1157166668	-0.050465366	-0.0051844776	-0.1343120433	0.0156205238	0.0592221998	0.0279111451	0.0273003664	0.1351357083	-0.1806921604	0.1093622753	0.0805429223	-0.1006778268	0.0081841948	0.0855474727	-0.1793423854	-0.1279304715	-0.0773211858	0.2175327469	0.1292962255	-0.1007082984	-0.1274094455	-0.1151338092	-0.0816015219	0.0497264342	-0.0347351272	-0.0801282245	-0.0244680138	0.1471476201	-0.0274159363	-0.0684071924	-0.0243025683	0.1303108942	0.0664590047	0.2051708844	-0.1340498728	-0.0562299346	-0.1688707613	0.1574751628	0.0095599952	-0.1346915149	0.0831471893	0.0077730459678662	0.0024763548605761	6.042024361856099e-05	6.13233339549937e-06	-0.0891689117567438	-0.018049117746088	0.0003257706514121	0.0079510948238819	0.0425943659005341	2.757323858310068e-05	0.0018142800064685	7.602834859605918e-10	0.0005980001774977	-0.0001479995332253	3.576042122872808e-07	2.1903861834936262e-08	-7.98205956797915e-06	3.136486714794273e-08	6.371327494676749e-11	9.837548912080973e-16	6.000238963172502e-05	9.599943974755558e-05	9.215892431844553e-09	3.600286761517342e-09
1376.4194510235427	-2.4130734858911183	1894530.5051559508	5.822923648310713	2009.4764313279536	-12.65962540475948	4037995.528062528	160.26611538883165	1377.8112345872316	-0.4579226601088066	1898363.7981547916	0.2096931626411256	1625.841912639536	1162.7441423686817	1.200754	22.694572	0.062214741713725	0.0381785971008344	0.0432700054	0.0052479861	0.3135350463	0.0554211985	0.0003075995	0.1100475054	-0.1030490777	0.0967294807	-0.3225481976	-0.1379781938	0.0016680887	-0.048821975	0.0097629622	-0.0395754312	-0.0593007139	0.0457498792	-0.0464143895	0.1486585267	-0.0161087141	0.1601521527	0.2084713411	0.085005219	-0.0778135942	-0.1437401183	-0.1635205199	-0.0934792792	0.0234340885	-0.1693359116	-0.1041830521	-0.1300345014	-0.068818366	0.1983128278	-0.0729476154	-0.1346289582	0.1523883265	-0.1265807329	0.0229178979	0.0932156743	-0.0759585828	0.03956103	-0.2781694635	-0.1157288195	0.1098725661	-0.0471628651	-0.0720953205	-0.2224595516	0.0680417296	-0.2376130498	-0.0397996581	0.1149684782	0.032021099	0.0237716802	0.1218137364	-0.1693211401	0.0864684148	-0.0718171324	-0.0125018983	-0.0115201202	0.0143797327	0.04955259	0.1492723436	-0.1648398237	-0.187770955	-0.0164504232	-0.1737510733	-0.1018092278	0.127289192	-0.0260181896	-0.0538200637	-0.1470532752	-0.0845896481	-0.2605107056	-0.0710919832	-0.0546403984	-0.064397661	0.1310197997	0.0193706322	0.0240690966	0.0118432005	-0.1051416832	-0.1297219308	-0.0663006129	-0.1373117808	0.0924399334	0.0015949068861402	-0.006178139081726	2.5437279754574285e-06	3.816940251315018e-05	-0.0986144050328761	-0.0094454932761323	8.921734322946069e-05	0.0097248008799881	0.0743847512037447	0.0317903853032106	0.0055330912116429	0.0010106285977265	0.0004080008626298	-0.0001899993148679	1.6646470390666093e-07	3.609973965027142e-08	-7.96614666143114e-06	1.5912906548010142e-08	6.345949263143049e-11	2.5322059480570404e-16	0.0001660016429104	0.0001059992532786	1.1235841695636691e-08	2.755654544895196e-08
1379.144958848064	2.725507824521401	1902040.8175160284	7.4283929015273795	2012.311930713319	2.8354993853654378	4049399.306491166	8.040056764407776	1380.0729694772274	2.2617348899957506	1904601.401081692	5.11544471262409	1626.283893696746	1148.4419847117006	1.073602	20.291367	0.0268500639481543	0.0156275254499309	0.0794813621	0.0497759156	0.2474811192	-0.0457209309	0.0019288512	0.1529504828	-0.073811358	0.1528536012	-0.0711821878	-0.2788715359	0.0439406131	0.0391309325	-0.3261573724	-0.1342103004	-0.0250331395	0.081452756	-0.1326270912	-0.0534400695	-0.0158001892	0.1335124438	-0.0067717737	0.158827446	-0.2138945089	0.0756527313	-0.0656675811	0.0707483065	-0.0626160932	0.172354603	-0.0849584269	-0.0523840853	0.0921793328	-0.2385720962	0.1021675565	-0.0986412383	-0.0149264749	-0.1011216998	0.2105509676	0.133362046	0.0094285352	-0.037888245	-0.2874919874	-0.0610494195	0.0112689946	-0.020182928	-0.0007026047	0.0863682159	-0.2124314501	-0.1185121505	-0.15324367	-0.0785171749	-0.2447491581	-0.1805275879	0.204936129	-0.088071606	0.0138907003	-0.0516981404	0.0304719176	0.1373456635	0.0044881237	0.0029004542	0.0700026198	-0.1595765388	-0.2604867393	-0.0808211015	-0.1488452555	0.0415874538	0.1089066242	-0.0308276006	-0.1290841388	-0.0770837989	-0.1926549952	-0.1013778575	-0.0962007377	-0.141227525	-0.1440780611	0.0421925282	-0.1073395126	0.0022437054	-0.134460776	-0.1059298359	-0.1040502966	-0.0675071551	-0.1397444952	0.1012278027	0.0042744938663901	0.0026795869802499	1.8271297813806587e-05	7.180186384724779e-06	-0.08432811680035	0.0142862882325261	0.0002040980314628	0.0071112312830934	0.0706011023356367	-0.003783648868108	0.004984515651007	1.431599875713497e-05	0.0002860008815607	-0.0001219999810691	8.179650425349756e-08	1.488399538086076e-08	-7.976270034237842e-06	-1.0123372806702946e-08	6.362088365908055e-11	1.0248267698349267e-16	0.0001660009500069	-6.92903500012056e-10	4.801152603289573e-19	2.755631540319331e-08
1382.8867610076873	3.741802159623148	1912375.7937703324	14.001083401760456	2014.9152739407723	2.6033432274532515	4059883.5611598175	6.777395959926712	1380.3128671385234	0.2398976612960268	1905263.611188171	0.0575508878953032	1625.460313912256	1161.589714994525	1.190515	22.501045	0.0841013078075973	0.0501871940315759	0.1229670878	0.1150306068	0.0878243251	-0.1395616746	0.0761920422	0.0724168319	0.0506505525	0.0801822237	0.2272171051	-0.1360139689	-0.0386283321	0.0443788429	0.1161630668	-0.0586514493	0.0349396407	0.0380751068	0.1239174234	-0.1322396646	0.0947527887	0.0221609757	-0.15722781	0.0255124633	-0.1132261044	0.0335911418	-0.1144432052	0.0053402343	0.2889858354	-0.0848288908	-0.0223233282	-0.1121688761	-0.1586228503	0.0133962652	0.1758361358	-0.0136821858	-0.0230982306	0.0517161451	-0.0035160103	0.0566115207	0.0489310239	-0.0329833932	0.05722951	-0.0833638662	-0.0798584737	-0.1927859749	-0.0414427973	0.0130228606	-0.3274107742	-0.0888689781	0.1785078613	-0.0456177722	-0.0190458086	-0.0297387762	0.2409263954	0.0419716103	-0.076581214	0.0242820186	0.1916144794	-0.12929008	0.0611358755	0.0399444291	0.0471847098	0.0161152165	-0.1158099321	-0.1757703115	0.1017316552	0.0725423201	0.0583747912	-0.2309307064	-0.2291220324	-0.1689567142	-0.0416510618	0.1914936933	0.0745158709	-0.1431067493	-0.0524153646	0.1154983699	0.0201408929	-0.0893659304	0.0091634773	-0.0146369816	-0.025883931	0.1616014766	-0.1419863355	0.1094628008	0.0085223084193302	0.0042478145529401	7.262974079418641e-05	1.80439284761697e-05	-0.0713376801531779	0.0129904366471721	0.0001687514442841	0.0050890646096371	0.0310417507064784	-0.0395593516291583	0.0009635902869231	0.0015649423013193	0.0005489770312508	0.0002629761496901	3.013757808409419e-07	6.915645530582988e-08	0.0002750451561719	0.0002830214262061	7.564983793362484e-08	8.010112769175633e-08	0.0001659244263366	-7.652367029999846e-08	5.8558721161828644e-15	2.75309152551298e-08
1382.4652133850973	-0.4215476225899692	1911210.0662199024	0.1777023981112551	2017.808938705712	2.893664764939785	4071552.913120672	8.373295771854025	1379.0246357555448	-1.2882313829786654	1901708.9460207128	1.6595400960911249	1628.8764627913984	1180.345305099739	1.301366	24.596157	0.0413249171493087	0.0231216198227457	-0.1201018072	0.1532050555	-0.0320208903	0.1308604083	0.1138701582	-0.1613794389	0.1081626115	-0.1084228591	0.133252715	0.0127856621	-0.0293352764	0.2587081184	0.0820967553	0.1384063365	-0.0175317186	-0.0114868487	-0.0043865429	0.0197947503	0.0609165393	-0.159025513	-0.0979511512	0.0304671319	0.1073796177	0.1715130461	0.0017019186	-0.1826424127	0.1578795085	0.1593799922	0.033147716	-0.1085178551	-0.0447423898	-0.1040610771	-0.0046750273	-0.0723217828	0.1397828505	0.0155674683	0.0058337612	-0.1587882923	0.0559158092	0.115923978	0.0867357135	-0.0553373121	0.0752105594	-0.0818696646	0.1218796397	0.0499788546	-0.2337453618	-0.0869145863	0.0780234285	0.1902075856	0.1461296255	0.1810734885	0.1612753339	-0.0687738013	0.1550633807	0.0821754333	-0.2656768448	0.1023272021	-0.1245969839	0.1378385638	0.0764411101	0.1188579194	-0.0787037873	0.1093987223	0.1510561291	0.0189903927	0.1787419385	-0.1834540095	-0.1441110624	0.0285491991	0.1167794372	0.1223343352	0.0347555545	0.0767439441	0.2753470236	-0.0687083112	-0.0620959044	0.0625489433	-0.0093523723	0.0967890422	-0.1263738541	0.0984768979	-0.1440342395	0.1170999511	0.0031654621383836	-0.0053568462809465	1.0020150549540074e-05	2.8695802077691413e-05	-0.0881152559203997	-0.0167775757672218	0.0002814870486248	0.0077642983259175	0.0360772343205937	0.0050354836141152	0.001301566836223	2.5356095228023654e-05	0.0005490000829894	2.3051738599986358e-08	3.014010911223681e-07	5.313826524821008e-16	-7.954411386901228e-06	-0.0002829995675588	6.327266051206391e-11	8.00887552384685e-08	0.0001660020367797	7.761044310000556e-08	6.023380878179201e-15	2.7556676215008874e-08
1381.5226886485425	-0.9425247365547876	1908604.9392506976	0.8883528790176716	2015.9411634478647	-1.86777525784737	4064018.7744835294	3.4885844138268096	1377.6194868000807	-1.4051489554640284	1897835.4504113176	1.97444358704165	1627.2669574819345	1174.0384585566253	1.321754	24.981501	0.0608268762113512	0.0376355706273281	-0.1850806708	-0.0880451095	0.1089120204	-0.1443806708	-0.0064532254	-0.1428693456	-0.0810303351	0.121164628	-0.0381946579	0.0089309884	0.125254485	-0.2068142306	0.0575592301	0.1800455755	0.0329467954	0.015376067	-0.0366370149	0.1265657046	0.1924312407	-0.0750508656	-0.0180842904	0.0806870266	0.0799836137	-0.1775287032	-0.0783429876	-0.2860342585	0.0569210522	-0.1298310065	0.0605444793	0.0253685191	0.0664787598	-0.0657775096	0.0164870088	0.1372983265	0.0783079129	0.1703378182	-0.2405170037	-0.1378327168	-0.1097187207	-0.0963198471	-0.0316261056	-0.0803356673	0.0587899631	-0.0155285854	-0.2138394267	-8.06749e-05	0.0904181813	-0.0276968862	0.0475563682	0.1349428992	0.1610177785	0.0725292089	0.0065172052	-0.0132910988	-0.0700824189	0.1123603444	-0.0125106923	0.0170683559	-0.1219639071	0.0537154078	0.1485078653	-0.1724599052	0.1365814203	-0.0284888504	0.008840818	-0.0148441831	0.1435377595	-0.0272057405	0.0696291315	-0.1076447981	-0.079629861	-0.1322756472	0.0343041489	0.1037667654	0.2973918497	0.18129511	0.0751653121	0.0680634749	0.0569806952	-0.0648740698	0.1697359876	0.1881617443	-0.1458854101	0.124097542	0.0033559009710444	0.0001904388326607	1.1262071327456746e-05	3.626694898520816e-08	-0.1062169239449133	-0.0181016680245136	0.0003276703852696	0.0112820349323194	0.0579126803476199	0.0218354460270262	0.0033538785450456	0.0004767867031991	0.0002099943869771	-0.0003390056960122	4.409764256188802e-08	1.1492486192878393e-07	6.701741940751127e-05	7.49718307944125e-05	4.491334504042268e-09	5.620775412666018e-09	0.0001659930970434	-8.939736299997227e-09	7.991888511348811e-17	2.7553708266059613e-08
1383.155955957734	1.633267309191524	1913120.398501353	2.6675621032737213	2012.0626793041563	-3.87848414370842	4048396.22544862	15.042639252997631	1377.8006821838194	0.1811953837386681	1898334.7198261984	0.0328317670882032	1624.1693090844108	1176.3748082453662	1.247266	23.573658	0.0414252287758339	0.0217750671008206	-0.0412885158	-0.1851329815	0.1108246393	-0.1210511911	-0.2193943794	0.1031950182	-0.2291244645	0.084415229	-0.0755538439	0.0084759179	-0.1167588218	0.106603265	-0.0560838918	-0.0033431927	0.1821175369	0.0436078393	-0.0036402762	0.1222135197	0.1561603277	0.1608513051	0.0821979527	-0.2514925739	-0.004883612	0.1012066581	0.1993637195	-0.1421531979	-0.082131654	-0.1353308293	0.0694694384	-0.1256783439	0.0316988743	-0.0164428499	0.1220402984	0.0883842039	-0.1295737503	-0.1356240039	0.1673713267	0.0960985155	-0.1794215138	-0.1383686571	-0.225808338	0.1468406575	0.0452753905	0.0220903942	-0.0256219325	-0.0635880432	-0.1613423268	0.1102593511	0.0823698753	0.0612762722	-0.0095284003	0.1621276047	-0.1237203714	0.1084210305	0.0163687399	-0.1835069474	-0.1047084877	0.0312907424	-0.1175277701	-0.0856786322	0.0118479389	-0.1715520558	0.0572210467	-0.1043699953	-0.1102319897	0.1656656598	0.0378638723	-0.0556923993	-0.1925924853	0.2515860572	-0.1270027796	-0.0263253174	0.0300522079	-0.0378092634	0.0718268234	-0.0184761625	0.0689678189	-0.0832738984	-0.0560987464	0.1478057597	-0.0078912011	0.022025832	-0.1475373187	0.1304173552	-0.0002043782918264	-0.0035602792628708	4.177048616987712e-08	1.2675588429627848e-05	-0.0891691569951831	0.0170477669497302	0.0002906263579723	0.0079511385592316	0.0546961303562412	-0.0032165499913787	0.0029916666759469	1.0346193847038318e-05	0.0003340000286498	0.0001240056416727	1.1155601913806724e-07	1.5377399166658078e-08	-7.997827361494458e-06	-7.501524676900573e-05	6.396524250426939e-11	5.627287247814824e-09	1.300133404802124e-05	-0.0001529917629953	2.3406479544434148e-08	1.6903468702823636e-10
1385.153992395813	1.998036438078998	1918651.58265006	3.992149607891409	2022.923320890728	10.860641586571774	4092218.7622035714	117.95353567197223	1378.731943982713	0.9312617988935016	1900901.7733583504	0.8672485380783608	1623.7463159393849	1188.9292832994618	1.281275	24.216431	0.1366957647783371	0.1023816074168282	0.1094627969	-0.0645122607	0.0723304341	0.0968573385	-0.0718820291	0.1542310584	-0.0288544608	0.0168873857	0.173199896	0.0480539504	-0.1568061282	0.0031471707	-0.027000243	-0.1171600739	0.1118578818	0.0062494085	0.0624887345	-0.0073555465	-0.0617383552	0.2337835129	0.0210080283	0.0143588697	0.0065736059	-0.2189947565	0.1129495117	0.0543525811	0.0085351197	0.1449510895	-0.2045724025	0.0738635665	-0.1659326395	-0.0307685978	-0.1165782392	0.1280747726	-0.0382124764	0.028927892	0.0173868082	0.1722513988	-0.0025773408	-0.0560047744	0.03171667	0.1252492106	-0.1405428006	-0.1773382327	0.1312806773	0.0633044737	-0.1508029789	-0.0089727589	-0.117696101	0.1395278575	0.0358856334	-0.170921487	-0.2190002238	0.1491763199	-0.0787025553	0.0173034112	-0.1054500517	0.0846920121	0.0404984054	-0.1750356088	0.0291169937	-0.0012126924	-0.0147262091	0.2060618466	0.014975805	-0.1255439673	-0.0875122596	-0.1035082088	-0.1512880505	-0.0630363163	-0.220592065	0.1701517305	-0.1143164989	0.0822975109	0.1463178995	-0.1469225509	-0.0590155413	-0.0521326502	0.2929359377	0.002097056	0.0660588064	-0.0931899863	-0.1489877092	0.136024874	-0.0017636180231193	-0.0015592397312929	3.110348531471228e-06	2.4312285396423555e-06	-0.0795491714507363	0.0096199855444468	9.254412187536549e-05	0.0063280706784986	-0.0516703545432619	-0.1063664848995031	0.0026698255386263	0.0113138291098762	-3.999991167405112e-05	-0.0003739999403238	1.599992933931891e-09	1.3987595536224422e-07	-8.000443647793176e-06	-2.616286298717796e-09	6.400709856151419e-11	6.844953996858464e-18	2.199986949975752e-05	8.99853545173628e-06	8.097364027615466e-11	4.839942580063612e-10
1383.5152258654944	-1.6387665303186625	1914114.3802016496	2.685555740892667	2024.7963869329085	1.873066042180426	4099800.40853656	3.508376398369445	1374.9910139182418	-3.7409300644710575	1890600.2883559144	13.994557747263435	1624.5116674858227	1190.454818744471	1.27067	24.015997	0.1688683215538734	0.1110655831592472	0.0261140987	0.0987955682	-0.0896740421	-0.0385548467	-0.1754080856	0.0402206957	0.1033843571	-0.1404293429	0.0072973295	0.038166866	0.0330181027	-0.0781552576	0.1308240079	0.0498011231	-0.0747492841	-0.0732014757	0.0789498136	0.144493067	0.0210617567	0.1023551788	-0.1674160734	-0.1701775782	0.2397855678	-0.1784012494	0.0064249467	0.1110253399	0.093526227	-0.178288381	0.0818961452	0.0061084205	-0.0702464562	0.0379187871	0.0316837165	0.0165062243	-0.1075008422	-0.1196507033	-0.1249711535	0.0304736887	0.0831141197	0.0544949172	0.1989869835	0.0960511093	0.044173192	-0.1891674638	-0.1458132026	0.0196608678	0.0392152076	-0.1147223954	0.1797281138	0.0678337016	0.0940442388	0.0626509084	-0.2793183665	-0.137645018	-0.0074970108	-0.1485657236	0.0592671894	0.1222535941	0.0965555511	0.111321376	0.1966737156	-0.0193279804	0.1624930468	0.0881509301	-0.0207298063	0.1365686731	-0.0707476521	-0.0625565873	0.0676506057	-0.0472629847	0.0217033355	0.1433272456	0.0885446925	0.1673659084	0.1087565589	0.0248706096	-0.2352074788	-0.0286614145	-0.1019397715	0.0735861406	0.0329989876	-0.0074759435	-0.1502346003	0.1408894722	-0.0082593464466356	-0.0064957284235163	6.821680372555212e-05	4.219448775207757e-05	-0.1008253386296615	-0.0212761671789252	0.0004526752898255	0.0101657489097859	0.0623247577367109	0.1139951122799728	0.0038843754269397	0.0129948856237236	0.0004090003561585	0.0004490002678325	1.6728129133777985e-07	2.0160124051370267e-07	-7.97648056960476e-06	2.396307818841592e-08	6.362424227728228e-11	5.742291162641348e-16	0.0001150019120182	9.300204251844248e-05	8.649379912602182e-09	1.3225439767841812e-08
1384.2323040320955	0.7170781666011408	1916099.071526004	0.5142010970160534	2015.049164193137	-9.747222739771589	4060423.1341154594	95.00835113872031	1376.477787098986	1.4867731807441942	1894691.0983769216	2.210494490980208	1623.4263518632736	1172.701121685922	1.220449	23.066811	0.0490638353567125	0.023494760462706	-0.0356267413	0.0078135204	0.0237454071	-0.2386665593	-0.1561168761	0.0544330062	0.0137183575	0.1644809497	-0.0365261045	0.0936241674	0.030166135	-0.1234148249	-0.0433759608	-0.0887883312	-0.0374634565	-0.1461950879	-0.0032055755	0.1186594835	0.2169146421	0.041766212	0.1605439416	0.230981387	-0.0017227484	0.1230239218	0.0267608801	0.2020051312	0.1741381063	-0.0533352936	0.1349687673	-0.0874716076	0.0459874934	-0.0789994159	-0.0610733159	0.1371517977	0.1491375954	0.0427028394	-0.0224880081	0.0761261598	0.0692760083	-0.1365871067	-0.0363681567	0.046921148	0.2423367095	-0.0979485055	-0.1314905196	0.0426217495	0.0075899832	0.2435436816	0.0279992385	-0.0226602389	0.0394150673	-0.0358458145	0.0749295835	0.0145567207	-0.0635069252	-0.0259468715	0.0556698455	-0.112978578	0.1128424364	0.0856971049	0.1677943553	-0.1101400078	0.1847509013	0.0587198956	0.0022454241	0.1001887816	-0.0029847241	0.0209543894	0.1386009185	0.1718139959	-0.0066916705	0.0807727752	-0.1688881193	-0.1279878455	-0.0326285513	-0.1810205156	-0.1159367484	0.062611777	-0.0283952383	-0.0566219087	-0.0061666575	-0.1283688852	-0.151276289	0.1449845808	-0.0094631525710298	-0.0012038061243941	8.955125658258792e-05	1.4491491851289837e-06	-0.1189277530635024	-0.0181024144338408	0.0003276974083345	0.0141438104487334	0.0548169315574682	-0.0075078261792426	0.0030048959853761	5.636745393772203e-05	0.0001890125976441	-0.0002199877585144	3.572576206817043e-08	4.8394613896189985e-08	-0.000102976824128	-9.500034355839524e-05	1.0604226307489045e-08	9.025065276213128e-09	0.0002450095823301	0.0001300076703119	1.6901994339927692e-08	6.002969543357006e-08
1389.566313843958	5.334009811862416	1930894.540569885	28.45166067304452	2007.0420171369583	-8.00714705617861	4028217.658553191	64.11440397926978	1379.5675737096908	3.0897866107047776	1903206.6904312435	9.546781299690515	1623.1804273133157	1182.8800106297429	1.184034	22.378561	0.1230057387205743	0.0864926910189442	0.0561401272	-0.0152743787	-0.0868538259	-0.2400646834	-0.0112467946	0.0841361061	-0.0080426905	0.246429141	0.1566892602	0.2205028704	0.0130887065	-0.0273869172	-0.0548449724	-0.1226232288	-0.0883082547	0.0603686779	-0.0989398139	0.0783694622	0.1035138561	0.0265735087	-0.1200604126	-0.1817060409	-0.0849530042	0.0206147325	0.0689456645	0.0829600758	-0.1285343884	-0.058169001	-0.0459990948	-0.0531746863	0.082632788	-0.1028251439	-0.0198728912	-0.0573532603	0.080893109	0.1065827334	-0.0878389554	0.097731774	0.074544595	-0.2494353459	0.1184692195	-0.0422828584	0.0900376556	0.0349879299	-0.0080374009	0.1722385777	-0.0151162253	0.1257554101	-0.1256665954	-0.1203584296	-0.0320104043	-0.1303885322	-0.0982000762	0.0204547947	0.0358344051	-0.0588641907	-0.1014206689	0.0318091295	0.1832520016	0.0120746372	-0.0258565144	-0.1025294251	0.2651569795	0.0901642456	0.0836865693	-0.083093213	-0.1195551008	-0.0998213831	-0.1247289738	0.0275647227	0.0286078199	0.1089041261	0.101609855	-0.3024436792	-0.0438450348	0.0214594862	-0.0079506282	0.1078543992	-0.0132417602	0.0070869955	0.0162447007	0.2152639516	-0.1521113526	0.148287834	-0.0137811003215517	-0.0043179477505218	0.0001899187260726	1.864467277623713e-05	-0.1170255171244605	0.0019022359390418	3.6185015677825738e-06	0.0136949716582474	-0.0351693897236344	-0.0899863212811026	0.0012368859735328	0.0080975380177058	-0.0001729995451558	-0.0003620121427999	2.992884262411368e-08	1.3105279153457518e-07	-8.014341763340482e-06	9.496248236465952e-05	6.422967389962343e-11	9.01787305685827e-09	0.0001659995324965	-7.901004983360002e-05	6.242587974707959e-09	2.755584478905656e-08
1387.4985864755204	-2.067727368437545	1925152.327471567	4.275496470185655	2026.6328414649288	19.59082432797049	4107240.6741042114	383.8003978494006	1377.6107378092945	-1.9568359003963	1897811.3449274688	3.8292067410797967	1630.6582065455862	1217.0825549462447	1.377457	26.0343	0.1339878165774354	0.0846269007481775	-0.1072212134	-0.1089934486	-0.1921971686	-0.0294065598	0.0453302665	-0.023133085	0.0293561493	-0.212926	0.1800247746	0.1889326047	-0.0240566781	-0.1080247587	-0.2506189686	0.0269116791	-0.0246152807	-0.0027025327	-0.0937728318	-0.1787905126	-0.0395248898	-0.1098844284	-0.2001515148	0.1399760191	0.0363762605	-0.0864796064	0.0935898639	0.0329540754	-0.1415788839	0.0026982339	0.2138545147	0.1267774593	-0.0224523752	0.0726666928	-0.2185401632	-0.0686412565	0.040341647	-0.0860737899	0.1221357238	-0.0921646639	0.0001206852	0.1309308371	0.0739283061	0.0923861589	-0.0636626414	0.3964300869	-0.21126747	0.2816519298	0.1094797342	-0.0784557271	0.217236292	-0.0496339712	-0.0483604824	0.0603879049	-0.0368005222	-0.066203353	-0.0170833382	0.04250098	0.1084867355	0.0167576604	-0.0863628729	0.0449457354	0.0335883848	-0.132471019	0.2430182563	0.1534063225	0.1173583273	-0.0461453778	-0.1289147498	0.1579718461	0.1660577624	0.0906694327	0.0401313079	-0.0146355188	0.2496903281	0.0780337094	-0.0051819515	0.1471763125	0.0958050541	0.0678563127	-0.0170875613	-0.0236322757	-0.0983911561	-0.1176368712	-0.1527386503	0.1507811905	-0.0108606165879194	0.0029204837336322	0.0001179529926697	8.529225238410852e-06	-0.092381742962786	0.0246437741616745	0.0006073156049316	0.0085343864328422	0.0494522654285916	0.084621655152226	0.0024455265560198	0.0071608245207022	0.0002630006176876	0.0004360001628434	6.916932490405916e-08	1.900961419994713e-07	-7.978172501088565e-06	3.6169262251917196e-08	6.365123645712578e-11	1.3082155318479617e-15	0.0001660012709889	1.738492400006012e-09	3.0223558248786642e-18	2.7556421969930212e-08
1382.1378881955163	-5.360698280004044	1910305.1419855617	28.73708604923832	2020.6887683533785	-5.944073111550324	4083183.0985494936	35.33200515545555	1375.0950705113744	-2.5156672979201176	1890886.4529446815	6.328581953824705	1625.1417651260108	1206.0323523467916	1.335341	25.238304	0.0508560487677351	0.0284841931673135	0.0633352525	-0.1031896096	0.0427877531	0.2122210041	-0.0357276917	0.1046507787	-0.0438780475	-0.1141579953	-0.144616364	-0.1025112012	-0.0525814839	-0.0774777736	-0.0493585619	-0.0578422881	0.0060472269	-0.0011354334	0.2636514625	0.0733649931	0.090858549	0.0816043023	0.0485866561	-0.0747971708	-0.2587626323	0.0633515718	-0.0863240805	0.0122397131	-0.1888651532	-0.0963477008	-0.1234914792	0.0922534294	0.0919652702	0.0737560819	-0.0915004653	-0.09691599	-0.2502349762	0.0831479603	-0.0422173196	0.1126548268	-0.0500734639	0.0653656307	-0.2074686291	0.0683457746	-0.1408514064	0.0238702162	0.0317994145	0.0685497767	0.2763370947	0.0640610808	0.0314644074	-0.1439911231	0.180617822	0.011222402	-0.0069221955	0.0385397692	-0.1189678913	-0.1022988607	0.1037774224	0.0694011045	-0.0241251162	-0.0844789616	0.034949995	-0.1237484115	-0.0988893421	0.2242712976	-0.0858347693	0.0087054497	-0.1288818563	0.2302114807	0.1086655934	0.0720039972	0.0588183899	0.2158299434	-0.0024814361	0.0552437089	-0.2254272123	-0.0617947023	0.1778385112	-0.2096944511	-0.0301045898	-0.0774800019	0.057840201	0.093726843	-0.1531573254	0.1524510324	-0.006124762103056	0.0047358544848634	3.751271081903096e-05	2.2428317701800783e-05	-0.0769013172012762	0.0154804257615098	0.0002396435817576	0.0059138125872912	0.0727912896495439	0.0233390242209522	0.0052985718488437	0.0005447100515861	0.0002890001824535	2.5999564765899973e-05	8.352110545815629e-08	6.759773680162274e-10	-7.993355580326877e-06	-1.5183079238312306e-08	6.389373343354282e-11	2.305258951568701e-16	4.600113282584647e-05	-0.000120000138163	1.4400033159151938e-08	2.116104221261169e-09
1381.3017602803554	-0.8361279151608869	1907994.5529536088	0.6991098905112914	2010.3159868206887	-10.372781532689714	4041370.36686684	107.59459672490878	1377.7263079704123	2.631237459037948	1898129.7796737836	6.923410565844476	1623.5753560056928	1177.6399203889048	1.09926	20.7763	0.0292589466680982	0.015763883506455	0.1082455346	-0.0052931192	0.1028380811	0.0843046748	0.103470965	0.080850896	-0.0227574552	0.020962138	-0.0711178997	-0.1229445089	-0.0447124782	0.0224589355	0.0371070431	-0.0625984053	0.0454280163	0.0662937194	-0.0491562205	0.1711747909	-0.1285969393	0.0499086683	-0.0713171822	0.1045961091	-0.0481974417	0.0794875222	0.0780246293	-0.0605419619	-0.0832300066	0.09537273	0.050351357	0.114958091	0.0314436133	0.3604833801	-0.0654599182	0.1350472396	0.0444158508	0.0796139291	0.0134181239	0.0840717427	0.0121341428	-0.0262077246	-0.1086424312	-0.0100684207	-0.100322583	-0.0677846091	0.0671102228	0.0905228547	0.1574052785	0.0551494842	0.1053571395	-0.03331175	-0.2237241429	0.1118433554	-0.1144350032	0.1111139974	-0.082993169	0.0554350563	-0.1228646922	0.1188697731	0.0340611425	-0.076308908	0.0610634178	-0.0686137491	-0.1896710157	0.1643772163	0.1218240196	0.0179202328	-0.0288520119	0.122587558	0.2440315721	0.1654634543	-0.0268097319	0.004913467	0.1027234382	-0.0967252906	-0.2859389517	0.0385079982	-0.0426728452	0.1240641846	0.0711738344	0.0346288673	0.02668161	-0.0791919713	-0.153366806	0.1532882396	-0.0075692833811729	-0.0014445212781169	5.729405090450025e-05	2.0866417229324825e-06	-0.0845911036752795	-0.0076897864740032	5.913281601576409e-05	0.0071556548210018	0.0715678162841868	-0.001223473365357	0.0051219523276871	1.4968870757382144e-06	0.0002549885478596	-3.401163459389997e-05	6.501915953954752e-08	1.156791287748973e-09	-0.0001360217442512	-0.0001280283886708	1.8501914909138864e-08	1.6391268305660154e-08	-0.0001699821549218	-0.0002159832877476	4.6648780586282655e-08	2.889393299185881e-08
