
Fri Mar 13 07:44:32 CET 2026
cd /out/sourcedata/freesurfer/sub-v2s4x29632_ses-1
setenv SUBJECTS_DIR /out/sourcedata/freesurfer
/opt/freesurfer/bin/recon-all -autorecon-hemi lh -noparcstats -noparcstats2 -noparcstats3 -nohyporelabel -nobalabels -lh-only -openmp 16 -subjid sub-v2s4x29632_ses-1 -sd /out/sourcedata/freesurfer

subjid sub-v2s4x29632_ses-1
setenv SUBJECTS_DIR /out/sourcedata/freesurfer
FREESURFER_HOME /opt/freesurfer
Actual FREESURFER_HOME /opt/freesurfer
build-stamp.txt: freesurfer-linux-ubuntu22_x86_64-7.3.2-20220804-6354275
Linux dna082 5.14.0-427.37.1.el9_4.x86_64 #1 SMP PREEMPT_DYNAMIC Fri Sep 13 12:41:50 EDT 2024 x86_64 x86_64 x86_64 GNU/Linux
cputime      unlimited
filesize     unlimited
datasize     unlimited
stacksize    8192 kbytes
coredumpsize 0 kbytes
memoryuse    67108864 kbytes
vmemoryuse   unlimited
descriptors  1024 
memorylocked unlimited
maxproc      2061970 
maxlocks     unlimited
maxsignal    2062029 
maxmessage   819200 
maxnice      0 
maxrtprio    0 
maxrttime    unlimited

               total        used        free      shared  buff/cache   available
Mem:           503Gi        54Gi       345Gi       8.8Gi       102Gi       436Gi
Swap:             0B          0B          0B

########################################
program versions used
7.3.2 (freesurfer-linux-ubuntu22_x86_64-7.3.2-20220804-6354275)
7.3.2

ProgramName: lta_convert  ProgramArguments: lta_convert -all-info  ProgramVersion: 7.3.2  TimeStamp: 2026/03/13-06:44:32-GMT  BuildTime: Aug  4 2022 06:17:15  BuildStamp: freesurfer-linux-ubuntu22_x86_64-7.3.2-20220804-6354275  User: oesteban  Machine: dna082  Platform: Linux  PlatformVersion: 5.14.0-427.37.1.el9_4.x86_64  CompilerName: GCC  CompilerVersion: 8.4.0
ProgramName: mri_and  ProgramArguments: mri_and -all-info  ProgramVersion: 7.3.2  TimeStamp: 2026/03/13-06:44:32-GMT  BuildTime: Aug  4 2022 06:17:15  BuildStamp: freesurfer-linux-ubuntu22_x86_64-7.3.2-20220804-6354275  User: oesteban  Machine: dna082  Platform: Linux  PlatformVersion: 5.14.0-427.37.1.el9_4.x86_64  CompilerName: GCC  CompilerVersion: 8.4.0
ProgramName: mri_annotation2label  ProgramArguments: mri_annotation2label -all-info  ProgramVersion: 7.3.2  TimeStamp: 2026/03/13-06:44:32-GMT  BuildTime: Aug  4 2022 06:17:15  BuildStamp: freesurfer-linux-ubuntu22_x86_64-7.3.2-20220804-6354275  User: oesteban  Machine: dna082  Platform: Linux  PlatformVersion: 5.14.0-427.37.1.el9_4.x86_64  CompilerName: GCC  CompilerVersion: 8.4.0
ProgramName: mri_aparc2aseg  ProgramArguments: mri_aparc2aseg -all-info  ProgramVersion: 7.3.2  TimeStamp: 2026/03/13-06:44:32-GMT  BuildTime: Aug  4 2022 06:17:15  BuildStamp: freesurfer-linux-ubuntu22_x86_64-7.3.2-20220804-6354275  User: oesteban  Machine: dna082  Platform: Linux  PlatformVersion: 5.14.0-427.37.1.el9_4.x86_64  CompilerName: GCC  CompilerVersion: 8.4.0
ProgramName: mri_surf2volseg  ProgramArguments: mri_surf2volseg -all-info  ProgramVersion: 7.3.2  TimeStamp: 2026/03/13-06:44:32-GMT  BuildTime: Aug  4 2022 06:17:15  BuildStamp: freesurfer-linux-ubuntu22_x86_64-7.3.2-20220804-6354275  User: oesteban  Machine: dna082  Platform: Linux  PlatformVersion: 5.14.0-427.37.1.el9_4.x86_64  CompilerName: GCC  CompilerVersion: 8.4.0
ProgramName: mri_binarize  ProgramArguments: mri_binarize -all-info  ProgramVersion: 7.3.2  TimeStamp: 2026/03/13-06:44:32-GMT  BuildTime: Aug  4 2022 06:17:15  BuildStamp: freesurfer-linux-ubuntu22_x86_64-7.3.2-20220804-6354275  User: oesteban  Machine: dna082  Platform: Linux  PlatformVersion: 5.14.0-427.37.1.el9_4.x86_64  CompilerName: GCC  CompilerVersion: 8.4.0
ProgramName: mri_ca_label  ProgramArguments: mri_ca_label -all-info  ProgramVersion: 7.3.2  TimeStamp: 2026/03/13-06:44:32-GMT  BuildTime: Aug  4 2022 06:17:15  BuildStamp: freesurfer-linux-ubuntu22_x86_64-7.3.2-20220804-6354275  User: oesteban  Machine: dna082  Platform: Linux  PlatformVersion: 5.14.0-427.37.1.el9_4.x86_64  CompilerName: GCC  CompilerVersion: 8.4.0
ProgramName: mri_ca_normalize  ProgramArguments: mri_ca_normalize -all-info  ProgramVersion: 7.3.2  TimeStamp: 2026/03/13-06:44:32-GMT  BuildTime: Aug  4 2022 06:17:15  BuildStamp: freesurfer-linux-ubuntu22_x86_64-7.3.2-20220804-6354275  User: oesteban  Machine: dna082  Platform: Linux  PlatformVersion: 5.14.0-427.37.1.el9_4.x86_64  CompilerName: GCC  CompilerVersion: 8.4.0
ProgramName: mri_ca_register  ProgramArguments: mri_ca_register -all-info  ProgramVersion: 7.3.2  TimeStamp: 2026/03/13-06:44:32-GMT  BuildTime: Aug  4 2022 06:17:15  BuildStamp: freesurfer-linux-ubuntu22_x86_64-7.3.2-20220804-6354275  User: oesteban  Machine: dna082  Platform: Linux  PlatformVersion: 5.14.0-427.37.1.el9_4.x86_64  CompilerName: GCC  CompilerVersion: 8.4.0
ProgramName: mri_cc  ProgramArguments: mri_cc -all-info  ProgramVersion: 7.3.2  TimeStamp: 2026/03/13-06:44:32-GMT  BuildTime: Aug  4 2022 06:17:15  BuildStamp: freesurfer-linux-ubuntu22_x86_64-7.3.2-20220804-6354275  User: oesteban  Machine: dna082  Platform: Linux  PlatformVersion: 5.14.0-427.37.1.el9_4.x86_64  CompilerName: GCC  CompilerVersion: 8.4.0
ProgramName: mri_compute_overlap  ProgramArguments: mri_compute_overlap -all-info  ProgramVersion: 7.3.2  TimeStamp: 2026/03/13-06:44:32-GMT  BuildTime: Aug  4 2022 06:17:15  BuildStamp: freesurfer-linux-ubuntu22_x86_64-7.3.2-20220804-6354275  User: oesteban  Machine: dna082  Platform: Linux  PlatformVersion: 5.14.0-427.37.1.el9_4.x86_64  CompilerName: GCC  CompilerVersion: 8.4.0
ProgramName: mri_compute_seg_overlap  ProgramArguments: mri_compute_seg_overlap -all-info  ProgramVersion: 7.3.2  TimeStamp: 2026/03/13-06:44:32-GMT  BuildTime: Aug  4 2022 06:17:15  BuildStamp: freesurfer-linux-ubuntu22_x86_64-7.3.2-20220804-6354275  User: oesteban  Machine: dna082  Platform: Linux  PlatformVersion: 5.14.0-427.37.1.el9_4.x86_64  CompilerName: GCC  CompilerVersion: 8.4.0
ProgramName: mri_concat  ProgramArguments: mri_concat -all-info  ProgramVersion: 7.3.2  TimeStamp: 2026/03/13-06:44:32-GMT  BuildTime: Aug  4 2022 06:17:15  BuildStamp: freesurfer-linux-ubuntu22_x86_64-7.3.2-20220804-6354275  User: oesteban  Machine: dna082  Platform: Linux  PlatformVersion: 5.14.0-427.37.1.el9_4.x86_64  CompilerName: GCC  CompilerVersion: 8.4.0
ProgramName: mri_concatenate_lta  ProgramArguments: mri_concatenate_lta -all-info  ProgramVersion: 7.3.2  TimeStamp: 2026/03/13-06:44:32-GMT  BuildTime: Aug  4 2022 06:17:15  BuildStamp: freesurfer-linux-ubuntu22_x86_64-7.3.2-20220804-6354275  User: oesteban  Machine: dna082  Platform: Linux  PlatformVersion: 5.14.0-427.37.1.el9_4.x86_64  CompilerName: GCC  CompilerVersion: 8.4.0
mri_convert -all-info 
ProgramName: mri_convert  ProgramArguments: mri_convert -all-info  ProgramVersion: 7.3.2  TimeStamp: 2026/03/13-06:44:32-GMT  BuildTime: Aug  4 2022 06:17:15  BuildStamp: freesurfer-linux-ubuntu22_x86_64-7.3.2-20220804-6354275  User: oesteban  Machine: dna082  Platform: Linux  PlatformVersion: 5.14.0-427.37.1.el9_4.x86_64  CompilerName: GCC  CompilerVersion: 8.4.0
ProgramName: mri_diff  ProgramArguments: mri_diff -all-info  ProgramVersion: 7.3.2  TimeStamp: 2026/03/13-06:44:32-GMT  BuildTime: Aug  4 2022 06:17:15  BuildStamp: freesurfer-linux-ubuntu22_x86_64-7.3.2-20220804-6354275  User: oesteban  Machine: dna082  Platform: Linux  PlatformVersion: 5.14.0-427.37.1.el9_4.x86_64  CompilerName: GCC  CompilerVersion: 8.4.0
ProgramName: mri_edit_wm_with_aseg  ProgramArguments: mri_edit_wm_with_aseg -all-info  ProgramVersion: 7.3.2  TimeStamp: 2026/03/13-06:44:32-GMT  BuildTime: Aug  4 2022 06:17:15  BuildStamp: freesurfer-linux-ubuntu22_x86_64-7.3.2-20220804-6354275  User: oesteban  Machine: dna082  Platform: Linux  PlatformVersion: 5.14.0-427.37.1.el9_4.x86_64  CompilerName: GCC  CompilerVersion: 8.4.0
ProgramName: mri_em_register  ProgramArguments: mri_em_register -all-info  ProgramVersion: 7.3.2  TimeStamp: 2026/03/13-06:44:32-GMT  BuildTime: Aug  4 2022 06:17:15  BuildStamp: freesurfer-linux-ubuntu22_x86_64-7.3.2-20220804-6354275  User: oesteban  Machine: dna082  Platform: Linux  PlatformVersion: 5.14.0-427.37.1.el9_4.x86_64  CompilerName: GCC  CompilerVersion: 8.4.0
ProgramName: mri_fill  ProgramArguments: mri_fill -all-info  ProgramVersion: 7.3.2  TimeStamp: 2026/03/13-06:44:33-GMT  BuildTime: Aug  4 2022 06:17:15  BuildStamp: freesurfer-linux-ubuntu22_x86_64-7.3.2-20220804-6354275  User: oesteban  Machine: dna082  Platform: Linux  PlatformVersion: 5.14.0-427.37.1.el9_4.x86_64  CompilerName: GCC  CompilerVersion: 8.4.0
ProgramName: mri_fuse_segmentations  ProgramArguments: mri_fuse_segmentations -all-info  ProgramVersion: 7.3.2  TimeStamp: 2026/03/13-06:44:33-GMT  BuildTime: Aug  4 2022 06:17:15  BuildStamp: freesurfer-linux-ubuntu22_x86_64-7.3.2-20220804-6354275  User: oesteban  Machine: dna082  Platform: Linux  PlatformVersion: 5.14.0-427.37.1.el9_4.x86_64  CompilerName: GCC  CompilerVersion: 8.4.0
ProgramName: mri_fwhm  ProgramArguments: mri_fwhm -all-info  ProgramVersion: 7.3.2  TimeStamp: 2026/03/13-06:44:33-GMT  BuildTime: Aug  4 2022 06:17:15  BuildStamp: freesurfer-linux-ubuntu22_x86_64-7.3.2-20220804-6354275  User: oesteban  Machine: dna082  Platform: Linux  PlatformVersion: 5.14.0-427.37.1.el9_4.x86_64  CompilerName: GCC  CompilerVersion: 8.4.0
ProgramName: mri_gcut  ProgramArguments: mri_gcut -all-info  ProgramVersion: 7.3.2  TimeStamp: 2026/03/13-06:44:33-GMT  BuildTime: Aug  4 2022 06:17:15  BuildStamp: freesurfer-linux-ubuntu22_x86_64-7.3.2-20220804-6354275  User: oesteban  Machine: dna082  Platform: Linux  PlatformVersion: 5.14.0-427.37.1.el9_4.x86_64  CompilerName: GCC  CompilerVersion: 8.4.0
ProgramName: mri_info  ProgramArguments: mri_info -all-info  ProgramVersion: 7.3.2  TimeStamp: 2026/03/13-06:44:33-GMT  BuildTime: Aug  4 2022 06:17:15  BuildStamp: freesurfer-linux-ubuntu22_x86_64-7.3.2-20220804-6354275  User: oesteban  Machine: dna082  Platform: Linux  PlatformVersion: 5.14.0-427.37.1.el9_4.x86_64  CompilerName: GCC  CompilerVersion: 8.4.0
ProgramName: mri_label2label  ProgramArguments: mri_label2label -all-info  ProgramVersion: 7.3.2  TimeStamp: 2026/03/13-06:44:33-GMT  BuildTime: Aug  4 2022 06:17:15  BuildStamp: freesurfer-linux-ubuntu22_x86_64-7.3.2-20220804-6354275  User: oesteban  Machine: dna082  Platform: Linux  PlatformVersion: 5.14.0-427.37.1.el9_4.x86_64  CompilerName: GCC  CompilerVersion: 8.4.0
ProgramName: mri_label2vol  ProgramArguments: mri_label2vol -all-info  ProgramVersion: 7.3.2  TimeStamp: 2026/03/13-06:44:33-GMT  BuildTime: Aug  4 2022 06:17:15  BuildStamp: freesurfer-linux-ubuntu22_x86_64-7.3.2-20220804-6354275  User: oesteban  Machine: dna082  Platform: Linux  PlatformVersion: 5.14.0-427.37.1.el9_4.x86_64  CompilerName: GCC  CompilerVersion: 8.4.0
ProgramName: mri_log_likelihood  ProgramArguments: mri_log_likelihood -all-info  ProgramVersion: 7.3.2  TimeStamp: 2026/03/13-06:44:33-GMT  BuildTime: Aug  4 2022 06:17:15  BuildStamp: freesurfer-linux-ubuntu22_x86_64-7.3.2-20220804-6354275  User: oesteban  Machine: dna082  Platform: Linux  PlatformVersion: 5.14.0-427.37.1.el9_4.x86_64  CompilerName: GCC  CompilerVersion: 8.4.0
ProgramName: mri_mask  ProgramArguments: mri_mask -all-info  ProgramVersion: 7.3.2  TimeStamp: 2026/03/13-06:44:33-GMT  BuildTime: Aug  4 2022 06:17:15  BuildStamp: freesurfer-linux-ubuntu22_x86_64-7.3.2-20220804-6354275  User: oesteban  Machine: dna082  Platform: Linux  PlatformVersion: 5.14.0-427.37.1.el9_4.x86_64  CompilerName: GCC  CompilerVersion: 8.4.0
ProgramName: mri_matrix_multiply  ProgramArguments: mri_matrix_multiply -all-info  ProgramVersion: 7.3.2  TimeStamp: 2026/03/13-06:44:33-GMT  BuildTime: Aug  4 2022 06:17:15  BuildStamp: freesurfer-linux-ubuntu22_x86_64-7.3.2-20220804-6354275  User: oesteban  Machine: dna082  Platform: Linux  PlatformVersion: 5.14.0-427.37.1.el9_4.x86_64  CompilerName: GCC  CompilerVersion: 8.4.0
ProgramName: mri_normalize  ProgramArguments: mri_normalize -all-info  ProgramVersion: 7.3.2  TimeStamp: 2026/03/13-06:44:33-GMT  BuildTime: Aug  4 2022 06:17:15  BuildStamp: freesurfer-linux-ubuntu22_x86_64-7.3.2-20220804-6354275  User: oesteban  Machine: dna082  Platform: Linux  PlatformVersion: 5.14.0-427.37.1.el9_4.x86_64  CompilerName: GCC  CompilerVersion: 8.4.0
ProgramName: mri_normalize_tp2  ProgramArguments: mri_normalize_tp2 -all-info  ProgramVersion: 7.3.2  TimeStamp: 2026/03/13-06:44:33-GMT  BuildTime: Aug  4 2022 06:17:15  BuildStamp: freesurfer-linux-ubuntu22_x86_64-7.3.2-20220804-6354275  User: oesteban  Machine: dna082  Platform: Linux  PlatformVersion: 5.14.0-427.37.1.el9_4.x86_64  CompilerName: GCC  CompilerVersion: 8.4.0
ProgramName: mri_or  ProgramArguments: mri_or -all-info  ProgramVersion: 7.3.2  TimeStamp: 2026/03/13-06:44:33-GMT  BuildTime: Aug  4 2022 06:17:15  BuildStamp: freesurfer-linux-ubuntu22_x86_64-7.3.2-20220804-6354275  User: oesteban  Machine: dna082  Platform: Linux  PlatformVersion: 5.14.0-427.37.1.el9_4.x86_64  CompilerName: GCC  CompilerVersion: 8.4.0
ProgramName: mri_relabel_hypointensities  ProgramArguments: mri_relabel_hypointensities -all-info  ProgramVersion: 7.3.2  TimeStamp: 2026/03/13-06:44:33-GMT  BuildTime: Aug  4 2022 06:17:15  BuildStamp: freesurfer-linux-ubuntu22_x86_64-7.3.2-20220804-6354275  User: oesteban  Machine: dna082  Platform: Linux  PlatformVersion: 5.14.0-427.37.1.el9_4.x86_64  CompilerName: GCC  CompilerVersion: 8.4.0
ProgramName: mri_relabel_nonwm_hypos  ProgramArguments: mri_relabel_nonwm_hypos -all-info  ProgramVersion: 7.3.2  TimeStamp: 2026/03/13-06:44:33-GMT  BuildTime: Aug  4 2022 06:17:15  BuildStamp: freesurfer-linux-ubuntu22_x86_64-7.3.2-20220804-6354275  User: oesteban  Machine: dna082  Platform: Linux  PlatformVersion: 5.14.0-427.37.1.el9_4.x86_64  CompilerName: GCC  CompilerVersion: 8.4.0
ProgramName: mri_remove_neck  ProgramArguments: mri_remove_neck -all-info  ProgramVersion: 7.3.2  TimeStamp: 2026/03/13-06:44:33-GMT  BuildTime: Aug  4 2022 06:17:15  BuildStamp: freesurfer-linux-ubuntu22_x86_64-7.3.2-20220804-6354275  User: oesteban  Machine: dna082  Platform: Linux  PlatformVersion: 5.14.0-427.37.1.el9_4.x86_64  CompilerName: GCC  CompilerVersion: 8.4.0
7.3.2

ProgramName: mri_robust_register  ProgramArguments: mri_robust_register -all-info  ProgramVersion: 7.3.2  TimeStamp: 2026/03/13-06:44:33-GMT  BuildTime: Aug  4 2022 06:17:15  BuildStamp: freesurfer-linux-ubuntu22_x86_64-7.3.2-20220804-6354275  User: oesteban  Machine: dna082  Platform: Linux  PlatformVersion: 5.14.0-427.37.1.el9_4.x86_64  CompilerName: GCC  CompilerVersion: 8.4.0
7.3.2

ProgramName: mri_robust_template  ProgramArguments: mri_robust_template -all-info  ProgramVersion: 7.3.2  TimeStamp: 2026/03/13-06:44:33-GMT  BuildTime: Aug  4 2022 06:17:15  BuildStamp: freesurfer-linux-ubuntu22_x86_64-7.3.2-20220804-6354275  User: oesteban  Machine: dna082  Platform: Linux  PlatformVersion: 5.14.0-427.37.1.el9_4.x86_64  CompilerName: GCC  CompilerVersion: 8.4.0
ProgramName: mris_anatomical_stats  ProgramArguments: mris_anatomical_stats -all-info  ProgramVersion: 7.3.2  TimeStamp: 2026/03/13-06:44:33-GMT  BuildTime: Aug  4 2022 06:17:15  BuildStamp: freesurfer-linux-ubuntu22_x86_64-7.3.2-20220804-6354275  User: oesteban  Machine: dna082  Platform: Linux  PlatformVersion: 5.14.0-427.37.1.el9_4.x86_64  CompilerName: GCC  CompilerVersion: 8.4.0
ProgramName: mris_ca_label  ProgramArguments: mris_ca_label -all-info  ProgramVersion: 7.3.2  TimeStamp: 2026/03/13-06:44:33-GMT  BuildTime: Aug  4 2022 06:17:15  BuildStamp: freesurfer-linux-ubuntu22_x86_64-7.3.2-20220804-6354275  User: oesteban  Machine: dna082  Platform: Linux  PlatformVersion: 5.14.0-427.37.1.el9_4.x86_64  CompilerName: GCC  CompilerVersion: 8.4.0
ProgramName: mris_calc  ProgramArguments: mris_calc -all-info  ProgramVersion: 7.3.2  TimeStamp: 2026/03/13-06:44:33-GMT  BuildTime: Aug  4 2022 06:17:15  BuildStamp: freesurfer-linux-ubuntu22_x86_64-7.3.2-20220804-6354275  User: oesteban  Machine: dna082  Platform: Linux  PlatformVersion: 5.14.0-427.37.1.el9_4.x86_64  CompilerName: GCC  CompilerVersion: 8.4.0
ProgramName: mris_convert  ProgramArguments: mris_convert -all-info  ProgramVersion: 7.3.2  TimeStamp: 2026/03/13-06:44:33-GMT  BuildTime: Aug  4 2022 06:17:15  BuildStamp: freesurfer-linux-ubuntu22_x86_64-7.3.2-20220804-6354275  User: oesteban  Machine: dna082  Platform: Linux  PlatformVersion: 5.14.0-427.37.1.el9_4.x86_64  CompilerName: GCC  CompilerVersion: 8.4.0
ProgramName: mris_curvature  ProgramArguments: mris_curvature -all-info  ProgramVersion: 7.3.2  TimeStamp: 2026/03/13-06:44:33-GMT  BuildTime: Aug  4 2022 06:17:15  BuildStamp: freesurfer-linux-ubuntu22_x86_64-7.3.2-20220804-6354275  User: oesteban  Machine: dna082  Platform: Linux  PlatformVersion: 5.14.0-427.37.1.el9_4.x86_64  CompilerName: GCC  CompilerVersion: 8.4.0
ProgramName: mris_curvature_stats  ProgramArguments: mris_curvature_stats -all-info  ProgramVersion: 7.3.2  TimeStamp: 2026/03/13-06:44:33-GMT  BuildTime: Aug  4 2022 06:17:15  BuildStamp: freesurfer-linux-ubuntu22_x86_64-7.3.2-20220804-6354275  User: oesteban  Machine: dna082  Platform: Linux  PlatformVersion: 5.14.0-427.37.1.el9_4.x86_64  CompilerName: GCC  CompilerVersion: 8.4.0
ProgramName: mris_diff  ProgramArguments: mris_diff -all-info  ProgramVersion: 7.3.2  TimeStamp: 2026/03/13-06:44:33-GMT  BuildTime: Aug  4 2022 06:17:15  BuildStamp: freesurfer-linux-ubuntu22_x86_64-7.3.2-20220804-6354275  User: oesteban  Machine: dna082  Platform: Linux  PlatformVersion: 5.14.0-427.37.1.el9_4.x86_64  CompilerName: GCC  CompilerVersion: 8.4.0
ProgramName: mris_divide_parcellation  ProgramArguments: mris_divide_parcellation -all-info  ProgramVersion: 7.3.2  TimeStamp: 2026/03/13-06:44:33-GMT  BuildTime: Aug  4 2022 06:17:15  BuildStamp: freesurfer-linux-ubuntu22_x86_64-7.3.2-20220804-6354275  User: oesteban  Machine: dna082  Platform: Linux  PlatformVersion: 5.14.0-427.37.1.el9_4.x86_64  CompilerName: GCC  CompilerVersion: 8.4.0
ProgramName: mri_segment  ProgramArguments: mri_segment -all-info  ProgramVersion: 7.3.2  TimeStamp: 2026/03/13-06:44:33-GMT  BuildTime: Aug  4 2022 06:17:15  BuildStamp: freesurfer-linux-ubuntu22_x86_64-7.3.2-20220804-6354275  User: oesteban  Machine: dna082  Platform: Linux  PlatformVersion: 5.14.0-427.37.1.el9_4.x86_64  CompilerName: GCC  CompilerVersion: 8.4.0
ProgramName: mri_segstats  ProgramArguments: mri_segstats -all-info  ProgramVersion: 7.3.2  TimeStamp: 2026/03/13-06:44:33-GMT  BuildTime: Aug  4 2022 06:17:15  BuildStamp: freesurfer-linux-ubuntu22_x86_64-7.3.2-20220804-6354275  User: oesteban  Machine: dna082  Platform: Linux  PlatformVersion: 5.14.0-427.37.1.el9_4.x86_64  CompilerName: GCC  CompilerVersion: 8.4.0
ProgramName: mris_euler_number  ProgramArguments: mris_euler_number -all-info  ProgramVersion: 7.3.2  TimeStamp: 2026/03/13-06:44:33-GMT  BuildTime: Aug  4 2022 06:17:15  BuildStamp: freesurfer-linux-ubuntu22_x86_64-7.3.2-20220804-6354275  User: oesteban  Machine: dna082  Platform: Linux  PlatformVersion: 5.14.0-427.37.1.el9_4.x86_64  CompilerName: GCC  CompilerVersion: 8.4.0
ProgramName: mris_fix_topology  ProgramArguments: mris_fix_topology -all-info  ProgramVersion: 7.3.2  TimeStamp: 2026/03/13-06:44:33-GMT  BuildTime: Aug  4 2022 06:17:15  BuildStamp: freesurfer-linux-ubuntu22_x86_64-7.3.2-20220804-6354275  User: oesteban  Machine: dna082  Platform: Linux  PlatformVersion: 5.14.0-427.37.1.el9_4.x86_64  CompilerName: GCC  CompilerVersion: 8.4.0
ProgramName: mris_topo_fixer  ProgramArguments: mris_topo_fixer -all-info  ProgramVersion: 7.3.2  TimeStamp: 2026/03/13-06:44:33-GMT  BuildTime: Aug  4 2022 06:17:15  BuildStamp: freesurfer-linux-ubuntu22_x86_64-7.3.2-20220804-6354275  User: oesteban  Machine: dna082  Platform: Linux  PlatformVersion: 5.14.0-427.37.1.el9_4.x86_64  CompilerName: GCC  CompilerVersion: 8.4.0
ProgramName: mris_jacobian  ProgramArguments: mris_jacobian -all-info  ProgramVersion: 7.3.2  TimeStamp: 2026/03/13-06:44:33-GMT  BuildTime: Aug  4 2022 06:17:15  BuildStamp: freesurfer-linux-ubuntu22_x86_64-7.3.2-20220804-6354275  User: oesteban  Machine: dna082  Platform: Linux  PlatformVersion: 5.14.0-427.37.1.el9_4.x86_64  CompilerName: GCC  CompilerVersion: 8.4.0
ProgramName: mris_label2annot  ProgramArguments: mris_label2annot -all-info  ProgramVersion: 7.3.2  TimeStamp: 2026/03/13-06:44:33-GMT  BuildTime: Aug  4 2022 06:17:15  BuildStamp: freesurfer-linux-ubuntu22_x86_64-7.3.2-20220804-6354275  User: oesteban  Machine: dna082  Platform: Linux  PlatformVersion: 5.14.0-427.37.1.el9_4.x86_64  CompilerName: GCC  CompilerVersion: 8.4.0
ProgramName: mris_left_right_register  ProgramArguments: mris_left_right_register -all-info  ProgramVersion: 7.3.2  TimeStamp: 2026/03/13-06:44:33-GMT  BuildTime: Aug  4 2022 06:17:15  BuildStamp: freesurfer-linux-ubuntu22_x86_64-7.3.2-20220804-6354275  User: oesteban  Machine: dna082  Platform: Linux  PlatformVersion: 5.14.0-427.37.1.el9_4.x86_64  CompilerName: GCC  CompilerVersion: 8.4.0
ProgramName: mris_place_surface  ProgramArguments: mris_place_surface -all-info  ProgramVersion: 7.3.2  TimeStamp: 2026/03/13-06:44:33-GMT  BuildTime: Aug  4 2022 06:17:15  BuildStamp: freesurfer-linux-ubuntu22_x86_64-7.3.2-20220804-6354275  User: oesteban  Machine: dna082  Platform: Linux  PlatformVersion: 5.14.0-427.37.1.el9_4.x86_64  CompilerName: GCC  CompilerVersion: 8.4.0
ProgramName: mrisp_paint  ProgramArguments: mrisp_paint -all-info  ProgramVersion: 7.3.2  TimeStamp: 2026/03/13-06:44:33-GMT  BuildTime: Aug  4 2022 06:17:15  BuildStamp: freesurfer-linux-ubuntu22_x86_64-7.3.2-20220804-6354275  User: oesteban  Machine: dna082  Platform: Linux  PlatformVersion: 5.14.0-427.37.1.el9_4.x86_64  CompilerName: GCC  CompilerVersion: 8.4.0
ProgramName: mris_register  ProgramArguments: mris_register -all-info  ProgramVersion: 7.3.2  TimeStamp: 2026/03/13-06:44:33-GMT  BuildTime: Aug  4 2022 06:17:15  BuildStamp: freesurfer-linux-ubuntu22_x86_64-7.3.2-20220804-6354275  User: oesteban  Machine: dna082  Platform: Linux  PlatformVersion: 5.14.0-427.37.1.el9_4.x86_64  CompilerName: GCC  CompilerVersion: 8.4.0
ProgramName: mris_smooth  ProgramArguments: mris_smooth -all-info  ProgramVersion: 7.3.2  TimeStamp: 2026/03/13-06:44:33-GMT  BuildTime: Aug  4 2022 06:17:15  BuildStamp: freesurfer-linux-ubuntu22_x86_64-7.3.2-20220804-6354275  User: oesteban  Machine: dna082  Platform: Linux  PlatformVersion: 5.14.0-427.37.1.el9_4.x86_64  CompilerName: GCC  CompilerVersion: 8.4.0
ProgramName: mris_sphere  ProgramArguments: mris_sphere -all-info  ProgramVersion: 7.3.2  TimeStamp: 2026/03/13-06:44:33-GMT  BuildTime: Aug  4 2022 06:17:15  BuildStamp: freesurfer-linux-ubuntu22_x86_64-7.3.2-20220804-6354275  User: oesteban  Machine: dna082  Platform: Linux  PlatformVersion: 5.14.0-427.37.1.el9_4.x86_64  CompilerName: GCC  CompilerVersion: 8.4.0
ProgramName: mris_surface_stats  ProgramArguments: mris_surface_stats -all-info  ProgramVersion: 7.3.2  TimeStamp: 2026/03/13-06:44:33-GMT  BuildTime: Aug  4 2022 06:17:15  BuildStamp: freesurfer-linux-ubuntu22_x86_64-7.3.2-20220804-6354275  User: oesteban  Machine: dna082  Platform: Linux  PlatformVersion: 5.14.0-427.37.1.el9_4.x86_64  CompilerName: GCC  CompilerVersion: 8.4.0
ProgramName: mri_stats2seg  ProgramArguments: mri_stats2seg -all-info  ProgramVersion: 7.3.2  TimeStamp: 2026/03/13-06:44:33-GMT  BuildTime: Aug  4 2022 06:17:15  BuildStamp: freesurfer-linux-ubuntu22_x86_64-7.3.2-20220804-6354275  User: oesteban  Machine: dna082  Platform: Linux  PlatformVersion: 5.14.0-427.37.1.el9_4.x86_64  CompilerName: GCC  CompilerVersion: 8.4.0
ProgramName: mris_thickness  ProgramArguments: mris_thickness -all-info  ProgramVersion: 7.3.2  TimeStamp: 2026/03/13-06:44:33-GMT  BuildTime: Aug  4 2022 06:17:15  BuildStamp: freesurfer-linux-ubuntu22_x86_64-7.3.2-20220804-6354275  User: oesteban  Machine: dna082  Platform: Linux  PlatformVersion: 5.14.0-427.37.1.el9_4.x86_64  CompilerName: GCC  CompilerVersion: 8.4.0
ProgramName: mris_thickness_diff  ProgramArguments: mris_thickness_diff -all-info  ProgramVersion: 7.3.2  TimeStamp: 2026/03/13-06:44:33-GMT  BuildTime: Aug  4 2022 06:17:15  BuildStamp: freesurfer-linux-ubuntu22_x86_64-7.3.2-20220804-6354275  User: oesteban  Machine: dna082  Platform: Linux  PlatformVersion: 5.14.0-427.37.1.el9_4.x86_64  CompilerName: GCC  CompilerVersion: 8.4.0
ProgramName: mris_topo_fixer  ProgramArguments: mris_topo_fixer -all-info  ProgramVersion: 7.3.2  TimeStamp: 2026/03/13-06:44:33-GMT  BuildTime: Aug  4 2022 06:17:15  BuildStamp: freesurfer-linux-ubuntu22_x86_64-7.3.2-20220804-6354275  User: oesteban  Machine: dna082  Platform: Linux  PlatformVersion: 5.14.0-427.37.1.el9_4.x86_64  CompilerName: GCC  CompilerVersion: 8.4.0
ProgramName: mri_surf2surf  ProgramArguments: mri_surf2surf -all-info  ProgramVersion: 7.3.2  TimeStamp: 2026/03/13-06:44:33-GMT  BuildTime: Aug  4 2022 06:17:15  BuildStamp: freesurfer-linux-ubuntu22_x86_64-7.3.2-20220804-6354275  User: oesteban  Machine: dna082  Platform: Linux  PlatformVersion: 5.14.0-427.37.1.el9_4.x86_64  CompilerName: GCC  CompilerVersion: 8.4.0
ProgramName: mri_surf2vol  ProgramArguments: mri_surf2vol -all-info  ProgramVersion: 7.3.2  TimeStamp: 2026/03/13-06:44:33-GMT  BuildTime: Aug  4 2022 06:17:15  BuildStamp: freesurfer-linux-ubuntu22_x86_64-7.3.2-20220804-6354275  User: oesteban  Machine: dna082  Platform: Linux  PlatformVersion: 5.14.0-427.37.1.el9_4.x86_64  CompilerName: GCC  CompilerVersion: 8.4.0
ProgramName: mri_surfcluster  ProgramArguments: mri_surfcluster -all-info  ProgramVersion: 7.3.2  TimeStamp: 2026/03/13-06:44:33-GMT  BuildTime: Aug  4 2022 06:17:15  BuildStamp: freesurfer-linux-ubuntu22_x86_64-7.3.2-20220804-6354275  User: oesteban  Machine: dna082  Platform: Linux  PlatformVersion: 5.14.0-427.37.1.el9_4.x86_64  CompilerName: GCC  CompilerVersion: 8.4.0
ProgramName: mris_volmask  ProgramArguments: mris_volmask -all-info  ProgramVersion: 7.3.2  TimeStamp: 2026/03/13-06:44:33-GMT  BuildTime: Aug  4 2022 06:17:15  BuildStamp: freesurfer-linux-ubuntu22_x86_64-7.3.2-20220804-6354275  User: oesteban  Machine: dna082  Platform: Linux  PlatformVersion: 5.14.0-427.37.1.el9_4.x86_64  CompilerName: GCC  CompilerVersion: 8.4.0
ProgramName: mri_tessellate  ProgramArguments: mri_tessellate -all-info  ProgramVersion: 7.3.2  TimeStamp: 2026/03/13-06:44:33-GMT  BuildTime: Aug  4 2022 06:17:15  BuildStamp: freesurfer-linux-ubuntu22_x86_64-7.3.2-20220804-6354275  User: oesteban  Machine: dna082  Platform: Linux  PlatformVersion: 5.14.0-427.37.1.el9_4.x86_64  CompilerName: GCC  CompilerVersion: 8.4.0
ProgramName: mri_vol2surf  ProgramArguments: mri_vol2surf -all-info  ProgramVersion: 7.3.2  TimeStamp: 2026/03/13-06:44:33-GMT  BuildTime: Aug  4 2022 06:17:15  BuildStamp: freesurfer-linux-ubuntu22_x86_64-7.3.2-20220804-6354275  User: oesteban  Machine: dna082  Platform: Linux  PlatformVersion: 5.14.0-427.37.1.el9_4.x86_64  CompilerName: GCC  CompilerVersion: 8.4.0
ProgramName: mri_vol2vol  ProgramArguments: mri_vol2vol -all-info  ProgramVersion: 7.3.2  TimeStamp: 2026/03/13-06:44:33-GMT  BuildTime: Aug  4 2022 06:17:15  BuildStamp: freesurfer-linux-ubuntu22_x86_64-7.3.2-20220804-6354275  User: oesteban  Machine: dna082  Platform: Linux  PlatformVersion: 5.14.0-427.37.1.el9_4.x86_64  CompilerName: GCC  CompilerVersion: 8.4.0
ProgramName: mri_voldiff  ProgramArguments: mri_voldiff -all-info  ProgramVersion: 7.3.2  TimeStamp: 2026/03/13-06:44:33-GMT  BuildTime: Aug  4 2022 06:17:15  BuildStamp: freesurfer-linux-ubuntu22_x86_64-7.3.2-20220804-6354275  User: oesteban  Machine: dna082  Platform: Linux  PlatformVersion: 5.14.0-427.37.1.el9_4.x86_64  CompilerName: GCC  CompilerVersion: 8.4.0
ProgramName: mri_watershed  ProgramArguments: mri_watershed -all-info  ProgramVersion: 7.3.2  TimeStamp: 2026/03/13-06:44:33-GMT  BuildTime: Aug  4 2022 06:17:15  BuildStamp: freesurfer-linux-ubuntu22_x86_64-7.3.2-20220804-6354275  User: oesteban  Machine: dna082  Platform: Linux  PlatformVersion: 5.14.0-427.37.1.el9_4.x86_64  CompilerName: GCC  CompilerVersion: 8.4.0
ProgramName: tkregister2  ProgramArguments: tkregister2_cmdl -all-info  ProgramVersion: 7.3.2  TimeStamp: 2026/03/13-06:44:33-GMT  BuildTime: Aug  4 2022 06:17:15  BuildStamp: freesurfer-linux-ubuntu22_x86_64-7.3.2-20220804-6354275  User: oesteban  Machine: dna082  Platform: Linux  PlatformVersion: 5.14.0-427.37.1.el9_4.x86_64  CompilerName: GCC  CompilerVersion: 8.4.0
mri_motion_correct.fsl 7.3.2
mri_convert -all-info 
ProgramName: mri_convert  ProgramArguments: mri_convert -all-info  ProgramVersion: 7.3.2  TimeStamp: 2026/03/13-06:44:33-GMT  BuildTime: Aug  4 2022 06:17:15  BuildStamp: freesurfer-linux-ubuntu22_x86_64-7.3.2-20220804-6354275  User: oesteban  Machine: dna082  Platform: Linux  PlatformVersion: 5.14.0-427.37.1.el9_4.x86_64  CompilerName: GCC  CompilerVersion: 8.4.0
Program nu_correct, built from:
Package MNI N3, version 1.12.0, compiled by nicks@terrier (x86_64-unknown-linux-gnu) on 2015-06-19 at 01:25:34
#######################################
GCADIR /opt/freesurfer/average
GCA RB_all_2020-01-02.gca
GCASkull RB_all_withskull_2020_01_02.gca
AvgCurvTif folding.atlas.acfb40.noaparc.i12.2016-08-02.tif
GCSDIR /opt/freesurfer/average
GCS DKaparc.atlas.acfb40.noaparc.i12.2016-08-02.gcs
#######################################
#--------------------------------------------
#@# Tessellate lh Fri Mar 13 07:44:33 CET 2026
/out/sourcedata/freesurfer/sub-v2s4x29632_ses-1/scripts

 mri_pretess ../mri/filled.mgz 255 ../mri/norm.mgz ../mri/filled-pretess255.mgz 


Iteration Number : 1
pass   1 (xy+):   3 found -   3 modified     |    TOTAL:   3
pass   2 (xy+):   0 found -   3 modified     |    TOTAL:   3
pass   1 (xy-):   0 found -   0 modified     |    TOTAL:   3
pass   1 (yz+):   6 found -   6 modified     |    TOTAL:   9
pass   2 (yz+):   0 found -   6 modified     |    TOTAL:   9
pass   1 (yz-):   5 found -   5 modified     |    TOTAL:  14
pass   2 (yz-):   0 found -   5 modified     |    TOTAL:  14
pass   1 (xz+):   0 found -   0 modified     |    TOTAL:  14
pass   1 (xz-):   3 found -   3 modified     |    TOTAL:  17
pass   2 (xz-):   0 found -   3 modified     |    TOTAL:  17
Iteration Number : 1
pass   1 (+++):   0 found -   0 modified     |    TOTAL:   0
pass   1 (+++):   0 found -   0 modified     |    TOTAL:   0
pass   1 (+++):   2 found -   2 modified     |    TOTAL:   2
pass   2 (+++):   0 found -   2 modified     |    TOTAL:   2
pass   1 (+++):   0 found -   0 modified     |    TOTAL:   2
Iteration Number : 1
pass   1 (++):   0 found -   0 modified     |    TOTAL:   0
pass   1 (+-):   0 found -   0 modified     |    TOTAL:   0
pass   1 (--):   0 found -   0 modified     |    TOTAL:   0
pass   1 (-+):   0 found -   0 modified     |    TOTAL:   0
Iteration Number : 2
pass   1 (xy+):   0 found -   0 modified     |    TOTAL:   0
pass   1 (xy-):   0 found -   0 modified     |    TOTAL:   0
pass   1 (yz+):   0 found -   0 modified     |    TOTAL:   0
pass   1 (yz-):   0 found -   0 modified     |    TOTAL:   0
pass   1 (xz+):   0 found -   0 modified     |    TOTAL:   0
pass   1 (xz-):   0 found -   0 modified     |    TOTAL:   0
Iteration Number : 2
pass   1 (+++):   0 found -   0 modified     |    TOTAL:   0
pass   1 (+++):   0 found -   0 modified     |    TOTAL:   0
pass   1 (+++):   0 found -   0 modified     |    TOTAL:   0
pass   1 (+++):   0 found -   0 modified     |    TOTAL:   0
Iteration Number : 2
pass   1 (++):   0 found -   0 modified     |    TOTAL:   0
pass   1 (+-):   0 found -   0 modified     |    TOTAL:   0
pass   1 (--):   0 found -   0 modified     |    TOTAL:   0
pass   1 (-+):   0 found -   0 modified     |    TOTAL:   0

Total Number of Modified Voxels = 19 (out of 224319: 0.008470)
Ambiguous edge configurations... 

mri_pretess done


 mri_tessellate ../mri/filled-pretess255.mgz 255 ../surf/lh.orig.nofix 

7.3.2
  7.3.2
slice 50: 1289 vertices, 1411 faces
slice 60: 6233 vertices, 6425 faces
slice 70: 13310 vertices, 13549 faces
slice 80: 21311 vertices, 21659 faces
slice 90: 30388 vertices, 30706 faces
slice 100: 40133 vertices, 40501 faces
slice 110: 50321 vertices, 50704 faces
slice 120: 62136 vertices, 62585 faces
slice 130: 73827 vertices, 74247 faces
slice 140: 84951 vertices, 85352 faces
slice 150: 92541 vertices, 92827 faces
slice 160: 99979 vertices, 100325 faces
slice 170: 107939 vertices, 108294 faces
slice 180: 115310 vertices, 115602 faces
slice 190: 120372 vertices, 120617 faces
slice 200: 123699 vertices, 123863 faces
slice 210: 124102 vertices, 124196 faces
slice 220: 124102 vertices, 124196 faces
slice 230: 124102 vertices, 124196 faces
slice 240: 124102 vertices, 124196 faces
slice 250: 124102 vertices, 124196 faces
using the conformed surface RAS to save vertex points...
writing ../surf/lh.orig.nofix
using vox2ras matrix:
-1.00000   0.00000   0.00000   128.00000;
 0.00000   0.00000   1.00000  -128.00000;
 0.00000  -1.00000   0.00000   128.00000;
 0.00000   0.00000   0.00000   1.00000;

 rm -f ../mri/filled-pretess255.mgz 


 mris_extract_main_component ../surf/lh.orig.nofix ../surf/lh.orig.nofix 


counting number of connected components...
   124102 voxel in cpt #1: X=-94 [v=124102,e=372588,f=248392] located at (-28.085526, -8.084866, 34.411526)
For the whole surface: X=-94 [v=124102,e=372588,f=248392]
One single component has been found
nothing to do
done

#--------------------------------------------
#@# Smooth1 lh Fri Mar 13 07:44:35 CET 2026
/out/sourcedata/freesurfer/sub-v2s4x29632_ses-1/scripts

 mris_smooth -nw -seed 1234 ../surf/lh.orig.nofix ../surf/lh.smoothwm.nofix 

setting seed for random number generator to 1234
smoothing surface tessellation for 10 iterations...
smoothing complete - recomputing first and second fundamental forms...
#--------------------------------------------
#@# Inflation1 lh Fri Mar 13 07:44:37 CET 2026
/out/sourcedata/freesurfer/sub-v2s4x29632_ses-1/scripts

 mris_inflate -no-save-sulc ../surf/lh.smoothwm.nofix ../surf/lh.inflated.nofix 

Not saving sulc
Reading ../surf/lh.smoothwm.nofix
avg radius = 45.0 mm, total surface area = 66252 mm^2
step 000: RMS=0.158 (target=0.015)   step 005: RMS=0.125 (target=0.015)   step 010: RMS=0.100 (target=0.015)   step 015: RMS=0.089 (target=0.015)   step 020: RMS=0.080 (target=0.015)   step 025: RMS=0.074 (target=0.015)   step 030: RMS=0.070 (target=0.015)   step 035: RMS=0.066 (target=0.015)   step 040: RMS=0.064 (target=0.015)   step 045: RMS=0.063 (target=0.015)   step 050: RMS=0.062 (target=0.015)   step 055: RMS=0.061 (target=0.015)   step 060: RMS=0.061 (target=0.015)   writing inflated surface to ../surf/lh.inflated.nofix
inflation took 0.2 minutes

inflation complete.
Not saving sulc
mris_inflate utimesec    58.584109
mris_inflate stimesec    2.272082
mris_inflate ru_maxrss   197372
mris_inflate ru_ixrss    0
mris_inflate ru_idrss    0
mris_inflate ru_isrss    0
mris_inflate ru_minflt   592197
mris_inflate ru_majflt   34
mris_inflate ru_nswap    0
mris_inflate ru_inblock  1672
mris_inflate ru_oublock  8736
mris_inflate ru_msgsnd   0
mris_inflate ru_msgrcv   0
mris_inflate ru_nsignals 0
mris_inflate ru_nvcsw    15147
mris_inflate ru_nivcsw   439
#--------------------------------------------
#@# QSphere lh Fri Mar 13 07:44:50 CET 2026
/out/sourcedata/freesurfer/sub-v2s4x29632_ses-1/scripts

 mris_sphere -q -p 6 -a 128 -seed 1234 ../surf/lh.inflated.nofix ../surf/lh.qsphere.nofix 

doing quick spherical unfolding.
limitting unfolding to 6 passes
using n_averages = 128
setting seed for random number genererator to 1234
version: 7.3.2
available threads: 16
scaling brain by 0.319...
inflating...
projecting onto sphere...
surface projected - minimizing metric distortion...
vertex spacing 1.02 +- 0.63 (0.00-->7.54) (max @ vno 36736 --> 37659)
face area 0.03 +- 0.03 (-0.13-->0.72)
Entering MRISinflateToSphere()
inflating to sphere (rms error < 2.00)
000: dt: 0.0000, rms radial error=177.046, avgs=0
005/300: dt: 0.9000, rms radial error=176.793, avgs=0
010/300: dt: 0.9000, rms radial error=176.242, avgs=0
015/300: dt: 0.9000, rms radial error=175.512, avgs=0
020/300: dt: 0.9000, rms radial error=174.680, avgs=0
025/300: dt: 0.9000, rms radial error=173.790, avgs=0
030/300: dt: 0.9000, rms radial error=172.869, avgs=0
035/300: dt: 0.9000, rms radial error=171.930, avgs=0
040/300: dt: 0.9000, rms radial error=170.985, avgs=0
045/300: dt: 0.9000, rms radial error=170.037, avgs=0
050/300: dt: 0.9000, rms radial error=169.090, avgs=0
055/300: dt: 0.9000, rms radial error=168.146, avgs=0
060/300: dt: 0.9000, rms radial error=167.205, avgs=0
065/300: dt: 0.9000, rms radial error=166.268, avgs=0
070/300: dt: 0.9000, rms radial error=165.335, avgs=0
075/300: dt: 0.9000, rms radial error=164.407, avgs=0
080/300: dt: 0.9000, rms radial error=163.484, avgs=0
085/300: dt: 0.9000, rms radial error=162.566, avgs=0
090/300: dt: 0.9000, rms radial error=161.653, avgs=0
095/300: dt: 0.9000, rms radial error=160.745, avgs=0
100/300: dt: 0.9000, rms radial error=159.841, avgs=0
105/300: dt: 0.9000, rms radial error=158.943, avgs=0
110/300: dt: 0.9000, rms radial error=158.049, avgs=0
115/300: dt: 0.9000, rms radial error=157.160, avgs=0
120/300: dt: 0.9000, rms radial error=156.275, avgs=0
125/300: dt: 0.9000, rms radial error=155.396, avgs=0
130/300: dt: 0.9000, rms radial error=154.521, avgs=0
135/300: dt: 0.9000, rms radial error=153.651, avgs=0
140/300: dt: 0.9000, rms radial error=152.786, avgs=0
145/300: dt: 0.9000, rms radial error=151.926, avgs=0
150/300: dt: 0.9000, rms radial error=151.070, avgs=0
155/300: dt: 0.9000, rms radial error=150.219, avgs=0
160/300: dt: 0.9000, rms radial error=149.373, avgs=0
165/300: dt: 0.9000, rms radial error=148.531, avgs=0
170/300: dt: 0.9000, rms radial error=147.694, avgs=0
175/300: dt: 0.9000, rms radial error=146.862, avgs=0
180/300: dt: 0.9000, rms radial error=146.034, avgs=0
185/300: dt: 0.9000, rms radial error=145.210, avgs=0
190/300: dt: 0.9000, rms radial error=144.392, avgs=0
195/300: dt: 0.9000, rms radial error=143.577, avgs=0
200/300: dt: 0.9000, rms radial error=142.768, avgs=0
205/300: dt: 0.9000, rms radial error=141.962, avgs=0
210/300: dt: 0.9000, rms radial error=141.161, avgs=0
215/300: dt: 0.9000, rms radial error=140.365, avgs=0
220/300: dt: 0.9000, rms radial error=139.574, avgs=0
225/300: dt: 0.9000, rms radial error=138.786, avgs=0
230/300: dt: 0.9000, rms radial error=138.004, avgs=0
235/300: dt: 0.9000, rms radial error=137.227, avgs=0
240/300: dt: 0.9000, rms radial error=136.454, avgs=0
245/300: dt: 0.9000, rms radial error=135.685, avgs=0
250/300: dt: 0.9000, rms radial error=134.921, avgs=0
255/300: dt: 0.9000, rms radial error=134.161, avgs=0
260/300: dt: 0.9000, rms radial error=133.405, avgs=0
265/300: dt: 0.9000, rms radial error=132.653, avgs=0
270/300: dt: 0.9000, rms radial error=131.906, avgs=0
275/300: dt: 0.9000, rms radial error=131.163, avgs=0
280/300: dt: 0.9000, rms radial error=130.424, avgs=0
285/300: dt: 0.9000, rms radial error=129.689, avgs=0
290/300: dt: 0.9000, rms radial error=128.958, avgs=0
295/300: dt: 0.9000, rms radial error=128.231, avgs=0
300/300: dt: 0.9000, rms radial error=127.509, avgs=0

spherical inflation complete.
epoch 1 (K=10.0), pass 1, starting sse = 14391.73
taking momentum steps...
taking momentum steps...
taking momentum steps...
taking momentum steps...
pass 1 complete, delta sse/iter = 0.01/13 = 0.00042
epoch 2 (K=40.0), pass 1, starting sse = 2343.24
taking momentum steps...
taking momentum steps...
taking momentum steps...
taking momentum steps...
pass 1 complete, delta sse/iter = 0.00/13 = 0.00008
epoch 3 (K=160.0), pass 1, starting sse = 278.58
taking momentum steps...
taking momentum steps...
taking momentum steps...
taking momentum steps...
pass 1 complete, delta sse/iter = 0.14/17 = 0.00833
epoch 4 (K=640.0), pass 1, starting sse = 28.62
taking momentum steps...
taking momentum steps...
taking momentum steps...
taking momentum steps...
pass 1 complete, delta sse/iter = 0.12/18 = 0.00644
final distance error %100000.00
writing spherical brain to ../surf/lh.qsphere.nofix
spherical transformation took 0.0177 hours
FSRUNTIME@ mris_sphere  0.0177 hours 16 threads
#VMPC# mris_sphere VmPeak  1538500
mris_sphere done
#@# Fix Topology lh Fri Mar 13 07:45:54 CET 2026

 mris_fix_topology -mgz -sphere qsphere.nofix -inflated inflated.nofix -orig orig.nofix -out orig.premesh -ga -seed 1234 sub-v2s4x29632_ses-1 lh 

reading spherical homeomorphism from 'qsphere.nofix'
reading inflated coordinates from 'inflated.nofix'
reading original coordinates from 'orig.nofix'
using genetic algorithm with optimized parameters
setting seed for random number genererator to 1234

*************************************************************
Topology Correction Parameters
retessellation mode:           genetic search
number of patches/generation : 10
number of generations :        10
surface mri loglikelihood coefficient :         1.0
volume mri loglikelihood coefficient :          10.0
normal dot loglikelihood coefficient :          1.0
quadratic curvature loglikelihood coefficient : 1.0
volume resolution :                             2
eliminate vertices during search :              1
initial patch selection :                       1
select all defect vertices :                    0
ordering dependant retessellation:              0
use precomputed edge table :                    0
smooth retessellated patch :                    2
match retessellated patch :                     1
verbose mode :                                  0

*************************************************************
INFO: assuming .mgz format
writing corrected surface to 'orig.premesh'
7.3.2
  7.3.2
before topology correction, eno=-94 (nv=124102, nf=248392, ne=372588, g=48)
using quasi-homeomorphic spherical map to tessellate cortical surface...

Correction of the Topology
Finding true center and radius of Spherical Surface...done
Surface centered at (0,0,0) with radius 100.0 in 9 iterations
marking ambiguous vertices...
15642 ambiguous faces found in tessellation
segmenting defects...
59 defects found, arbitrating ambiguous regions...
analyzing neighboring defects...
      -merging segment 3 into 2
      -merging segment 18 into 17
      -merging segment 21 into 20
56 defects to be corrected 
0 vertices coincident
reading input surface /out/sourcedata/freesurfer/sub-v2s4x29632_ses-1/surf/lh.qsphere.nofix...
reading brain volume from brain...
reading wm segmentation from wm...
Reading original properties of orig.nofix
Reading vertex positions of inflated.nofix
Computing Initial Surface Statistics
      -face       loglikelihood: -8.9521  (-4.4761)
      -vertex     loglikelihood: -5.6898  (-2.8449)
      -normal dot loglikelihood: -3.5637  (-3.5637)
      -quad curv  loglikelihood: -5.9695  (-2.9847)
      Total Loglikelihood : -24.1751
CORRECTING DEFECT 0 (vertices=33, convex hull=66, v0=5663)
After retessellation of defect 0 (v0=5663), euler #=-54 (115052,342472,227366) : difference with theory (-53) = 1 
CORRECTING DEFECT 1 (vertices=121, convex hull=70, v0=6905)
After retessellation of defect 1 (v0=6905), euler #=-53 (115067,342550,227430) : difference with theory (-52) = 1 
CORRECTING DEFECT 2 (vertices=650, convex hull=456, v0=7213)
A large defect has been detected...
This often happens because cerebellum or dura has not been removed from wm.mgz.
This may cause recon-all to run very slowly or crash.
if so, see https://surfer.nmr.mgh.harvard.edu/fswiki/FsTutorial/TopologicalDefect_freeview
After retessellation of defect 2 (v0=7213), euler #=-51 (115273,343393,228069) : difference with theory (-51) = 0 
CORRECTING DEFECT 3 (vertices=92, convex hull=50, v0=14868)
After retessellation of defect 3 (v0=14868), euler #=-50 (115291,343467,228126) : difference with theory (-50) = 0 
CORRECTING DEFECT 4 (vertices=22, convex hull=21, v0=17669)
After retessellation of defect 4 (v0=17669), euler #=-49 (115291,343473,228133) : difference with theory (-49) = 0 
CORRECTING DEFECT 5 (vertices=21, convex hull=23, v0=17716)
After retessellation of defect 5 (v0=17716), euler #=-48 (115292,343483,228143) : difference with theory (-48) = 0 
CORRECTING DEFECT 6 (vertices=42, convex hull=57, v0=19234)
After retessellation of defect 6 (v0=19234), euler #=-47 (115311,343563,228205) : difference with theory (-47) = 0 
CORRECTING DEFECT 7 (vertices=118, convex hull=113, v0=19431)
After retessellation of defect 7 (v0=19431), euler #=-46 (115350,343727,228331) : difference with theory (-46) = 0 
CORRECTING DEFECT 8 (vertices=66, convex hull=70, v0=19538)
After retessellation of defect 8 (v0=19538), euler #=-45 (115379,343845,228421) : difference with theory (-45) = 0 
CORRECTING DEFECT 9 (vertices=51, convex hull=74, v0=23472)
After retessellation of defect 9 (v0=23472), euler #=-44 (115402,343946,228500) : difference with theory (-44) = 0 
CORRECTING DEFECT 10 (vertices=183, convex hull=127, v0=27027)
After retessellation of defect 10 (v0=27027), euler #=-43 (115465,344194,228686) : difference with theory (-43) = 0 
CORRECTING DEFECT 11 (vertices=89, convex hull=128, v0=27977)
After retessellation of defect 11 (v0=27977), euler #=-42 (115507,344374,228825) : difference with theory (-42) = 0 
CORRECTING DEFECT 12 (vertices=24, convex hull=52, v0=28071)
After retessellation of defect 12 (v0=28071), euler #=-41 (115521,344434,228872) : difference with theory (-41) = 0 
CORRECTING DEFECT 13 (vertices=40, convex hull=85, v0=33098)
After retessellation of defect 13 (v0=33098), euler #=-40 (115547,344545,228958) : difference with theory (-40) = 0 
CORRECTING DEFECT 14 (vertices=204, convex hull=169, v0=37689)
After retessellation of defect 14 (v0=37689), euler #=-39 (115556,344652,229057) : difference with theory (-39) = 0 
CORRECTING DEFECT 15 (vertices=15, convex hull=19, v0=40189)
After retessellation of defect 15 (v0=40189), euler #=-38 (115557,344659,229064) : difference with theory (-38) = 0 
CORRECTING DEFECT 16 (vertices=17, convex hull=48, v0=41386)
After retessellation of defect 16 (v0=41386), euler #=-36 (115559,344685,229090) : difference with theory (-37) = -1 
CORRECTING DEFECT 17 (vertices=101, convex hull=102, v0=43148)
After retessellation of defect 17 (v0=43148), euler #=-35 (115590,344820,229195) : difference with theory (-36) = -1 
CORRECTING DEFECT 18 (vertices=90, convex hull=122, v0=44843)
After retessellation of defect 18 (v0=44843), euler #=-33 (115614,344954,229307) : difference with theory (-35) = -2 
CORRECTING DEFECT 19 (vertices=48, convex hull=70, v0=50028)
After retessellation of defect 19 (v0=50028), euler #=-32 (115648,345086,229406) : difference with theory (-34) = -2 
CORRECTING DEFECT 20 (vertices=277, convex hull=224, v0=56148)
After retessellation of defect 20 (v0=56148), euler #=-31 (115696,345344,229617) : difference with theory (-33) = -2 
CORRECTING DEFECT 21 (vertices=11, convex hull=27, v0=56610)
After retessellation of defect 21 (v0=56610), euler #=-30 (115699,345362,229633) : difference with theory (-32) = -2 
CORRECTING DEFECT 22 (vertices=5, convex hull=16, v0=57553)
After retessellation of defect 22 (v0=57553), euler #=-29 (115699,345366,229638) : difference with theory (-31) = -2 
CORRECTING DEFECT 23 (vertices=323, convex hull=307, v0=58583)
After retessellation of defect 23 (v0=58583), euler #=-28 (115771,345731,229932) : difference with theory (-30) = -2 
CORRECTING DEFECT 24 (vertices=153, convex hull=136, v0=59584)
After retessellation of defect 24 (v0=59584), euler #=-27 (115818,345933,230088) : difference with theory (-29) = -2 
CORRECTING DEFECT 25 (vertices=152, convex hull=250, v0=63633)
normal vector of length zero at vertex 117978 with 3 faces
After retessellation of defect 25 (v0=63633), euler #=-26 (115904,346313,230383) : difference with theory (-28) = -2 
CORRECTING DEFECT 26 (vertices=41, convex hull=26, v0=65561)
After retessellation of defect 26 (v0=65561), euler #=-25 (115907,346326,230394) : difference with theory (-27) = -2 
CORRECTING DEFECT 27 (vertices=185, convex hull=163, v0=69256)
After retessellation of defect 27 (v0=69256), euler #=-26 (115995,346686,230665) : difference with theory (-26) = 0 
CORRECTING DEFECT 28 (vertices=95, convex hull=152, v0=75115)
After retessellation of defect 28 (v0=75115), euler #=-25 (116060,346955,230870) : difference with theory (-25) = 0 
CORRECTING DEFECT 29 (vertices=36, convex hull=38, v0=80332)
After retessellation of defect 29 (v0=80332), euler #=-24 (116071,347001,230906) : difference with theory (-24) = 0 
CORRECTING DEFECT 30 (vertices=30, convex hull=24, v0=80391)
After retessellation of defect 30 (v0=80391), euler #=-23 (116076,347024,230925) : difference with theory (-23) = 0 
CORRECTING DEFECT 31 (vertices=6, convex hull=30, v0=82813)
After retessellation of defect 31 (v0=82813), euler #=-22 (116078,347040,230940) : difference with theory (-22) = 0 
CORRECTING DEFECT 32 (vertices=23, convex hull=23, v0=84127)
After retessellation of defect 32 (v0=84127), euler #=-21 (116086,347073,230966) : difference with theory (-21) = 0 
CORRECTING DEFECT 33 (vertices=479, convex hull=165, v0=84951)
After retessellation of defect 33 (v0=84951), euler #=-20 (116181,347444,231243) : difference with theory (-20) = 0 
CORRECTING DEFECT 34 (vertices=13, convex hull=30, v0=85780)
After retessellation of defect 34 (v0=85780), euler #=-19 (116183,347462,231260) : difference with theory (-19) = 0 
CORRECTING DEFECT 35 (vertices=35, convex hull=73, v0=87329)
After retessellation of defect 35 (v0=87329), euler #=-18 (116207,347560,231335) : difference with theory (-18) = 0 
CORRECTING DEFECT 36 (vertices=9, convex hull=29, v0=87544)
After retessellation of defect 36 (v0=87544), euler #=-17 (116210,347578,231351) : difference with theory (-17) = 0 
CORRECTING DEFECT 37 (vertices=29, convex hull=53, v0=88482)
After retessellation of defect 37 (v0=88482), euler #=-16 (116224,347641,231401) : difference with theory (-16) = 0 
CORRECTING DEFECT 38 (vertices=86, convex hull=110, v0=92522)
After retessellation of defect 38 (v0=92522), euler #=-15 (116257,347789,231517) : difference with theory (-15) = 0 
CORRECTING DEFECT 39 (vertices=2007, convex hull=359, v0=96074)
After retessellation of defect 39 (v0=96074), euler #=-14 (116391,348381,231976) : difference with theory (-14) = 0 
CORRECTING DEFECT 40 (vertices=34, convex hull=79, v0=96715)
After retessellation of defect 40 (v0=96715), euler #=-13 (116413,348477,232051) : difference with theory (-13) = 0 
CORRECTING DEFECT 41 (vertices=240, convex hull=101, v0=97623)
After retessellation of defect 41 (v0=97623), euler #=-12 (116429,348572,232131) : difference with theory (-12) = 0 
CORRECTING DEFECT 42 (vertices=57, convex hull=122, v0=98216)
After retessellation of defect 42 (v0=98216), euler #=-11 (116465,348734,232258) : difference with theory (-11) = 0 
CORRECTING DEFECT 43 (vertices=34, convex hull=40, v0=99161)
After retessellation of defect 43 (v0=99161), euler #=-10 (116470,348763,232283) : difference with theory (-10) = 0 
CORRECTING DEFECT 44 (vertices=664, convex hull=160, v0=99235)
After retessellation of defect 44 (v0=99235), euler #=-9 (116502,348939,232428) : difference with theory (-9) = 0 
CORRECTING DEFECT 45 (vertices=127, convex hull=65, v0=100705)
After retessellation of defect 45 (v0=100705), euler #=-8 (116532,349055,232515) : difference with theory (-8) = 0 
CORRECTING DEFECT 46 (vertices=143, convex hull=49, v0=103953)
After retessellation of defect 46 (v0=103953), euler #=-7 (116537,349093,232549) : difference with theory (-7) = 0 
CORRECTING DEFECT 47 (vertices=72, convex hull=94, v0=107568)
After retessellation of defect 47 (v0=107568), euler #=-6 (116546,349163,232611) : difference with theory (-6) = 0 
CORRECTING DEFECT 48 (vertices=183, convex hull=214, v0=108278)
After retessellation of defect 48 (v0=108278), euler #=-5 (116639,349543,232899) : difference with theory (-5) = 0 
CORRECTING DEFECT 49 (vertices=42, convex hull=45, v0=111474)
After retessellation of defect 49 (v0=111474), euler #=-4 (116648,349588,232936) : difference with theory (-4) = 0 
CORRECTING DEFECT 50 (vertices=79, convex hull=107, v0=113364)
After retessellation of defect 50 (v0=113364), euler #=-3 (116686,349748,233059) : difference with theory (-3) = 0 
CORRECTING DEFECT 51 (vertices=804, convex hull=214, v0=115399)
After retessellation of defect 51 (v0=115399), euler #=-2 (116722,349955,233231) : difference with theory (-2) = 0 
CORRECTING DEFECT 52 (vertices=51, convex hull=42, v0=116127)
After retessellation of defect 52 (v0=116127), euler #=-1 (116729,349992,233262) : difference with theory (-1) = 0 
CORRECTING DEFECT 53 (vertices=48, convex hull=99, v0=116420)
After retessellation of defect 53 (v0=116420), euler #=0 (116755,350112,233357) : difference with theory (0) = 0 
CORRECTING DEFECT 54 (vertices=349, convex hull=241, v0=121515)
After retessellation of defect 54 (v0=121515), euler #=1 (116864,350558,233695) : difference with theory (1) = 0 
CORRECTING DEFECT 55 (vertices=116, convex hull=64, v0=122761)
After retessellation of defect 55 (v0=122761), euler #=2 (116888,350658,233772) : difference with theory (2) = 0 
computing original vertex metric properties...
storing new metric properties...
computing tessellation statistics...
vertex spacing 0.89 +- 0.25 (0.03-->8.09) (max @ vno 101528 --> 101625)
face area -nan +- -nan (1000.00-->-1.00)
performing soap bubble on retessellated vertices for 0 iterations...
vertex spacing 0.89 +- 0.25 (0.03-->8.09) (max @ vno 101528 --> 101625)
face area -nan +- -nan (1000.00-->-1.00)
tessellation finished, orienting corrected surface...
173 mutations (33.9%), 337 crossovers (66.1%), 518 vertices were eliminated
building final representation...
7214 vertices and 0 faces have been removed from triangulation
after topology correction, eno=2 (nv=116888, nf=233772, ne=350658, g=0)
writing corrected surface to /out/sourcedata/freesurfer/sub-v2s4x29632_ses-1/surf/lh.orig.premesh...

0.000 % of the vertices (0 vertices) exhibit an orientation change
removing intersecting faces
000: 567 intersecting
001: 103 intersecting
002: 14 intersecting
terminating search with 0 intersecting
topology fixing took 3.7 minutes
FSRUNTIME@ mris_fix_topology lh  0.0618 hours 16 threads
#VMPC# mris_fix_topology VmPeak  1840552

 mris_euler_number ../surf/lh.orig.premesh 

euler # = v-e+f = 2g-2: 116888 - 350658 + 233772 = 2 --> 0 holes
      F =2V-4:          233772 = 233776-4 (0)
      2E=3F:            701316 = 701316 (0)

total defect index = 0
Fri Mar 13 07:49:37 CET 2026

setenv SUBJECTS_DIR /out/sourcedata/freesurfer
cd /out/sourcedata/freesurfer/sub-v2s4x29632_ses-1/scripts
/opt/freesurfer/bin/defect2seg --s sub-v2s4x29632_ses-1 --lh-only --cortex

freesurfer-linux-ubuntu22_x86_64-7.3.2-20220804-6354275
defect2seg 7.3.2
Linux dna082 5.14.0-427.37.1.el9_4.x86_64 #1 SMP PREEMPT_DYNAMIC Fri Sep 13 12:41:50 EDT 2024 x86_64 x86_64 x86_64 GNU/Linux
pid 737796
mri_label2label --label-cortex /out/sourcedata/freesurfer/sub-v2s4x29632_ses-1/surf/lh.orig.nofix /out/sourcedata/freesurfer/sub-v2s4x29632_ses-1/mri/aseg.presurf.mgz 0 /out/sourcedata/freesurfer/sub-v2s4x29632_ses-1/label/lh.nofix.cortex.label

 Generating cortex label... RemoveHipAmgy=0
 NucAccIsMedialWall=0
 mris->useRealRAS=0
9 non-cortical segments detected
only using segment with 6955 vertices
erasing segment 0 (vno[0] = 26758)
erasing segment 2 (vno[0] = 82564)
erasing segment 3 (vno[0] = 83699)
erasing segment 4 (vno[0] = 85655)
erasing segment 5 (vno[0] = 85662)
erasing segment 6 (vno[0] = 85710)
erasing segment 7 (vno[0] = 85784)
erasing segment 8 (vno[0] = 87362)
mri_label2vol --defects /out/sourcedata/freesurfer/sub-v2s4x29632_ses-1/surf/lh.orig.nofix /out/sourcedata/freesurfer/sub-v2s4x29632_ses-1/surf/lh.defect_labels /out/sourcedata/freesurfer/sub-v2s4x29632_ses-1/mri/orig.mgz 1000 0 /out/sourcedata/freesurfer/sub-v2s4x29632_ses-1/mri/lh.surface.defects.mgz /out/sourcedata/freesurfer/sub-v2s4x29632_ses-1/label/lh.nofix.cortex.label
mri_label2vol supposed to be reproducible but seed not set
Contraining to label /out/sourcedata/freesurfer/sub-v2s4x29632_ses-1/label/lh.nofix.cortex.label
Changing input type 0 to MRI_INT
Converting defects to volume: offset=1000, merge=0
Writing to /out/sourcedata/freesurfer/sub-v2s4x29632_ses-1/mri/lh.surface.defects.mgz
mris_defects_pointset -s /out/sourcedata/freesurfer/sub-v2s4x29632_ses-1/surf/lh.orig.nofix -d /out/sourcedata/freesurfer/sub-v2s4x29632_ses-1/surf/lh.defect_labels -o /out/sourcedata/freesurfer/sub-v2s4x29632_ses-1/surf/lh.defects.pointset --label /out/sourcedata/freesurfer/sub-v2s4x29632_ses-1/label/lh.nofix.cortex.label
Reading in surface /out/sourcedata/freesurfer/sub-v2s4x29632_ses-1/surf/lh.orig.nofix
Reading in defect segmentation /out/sourcedata/freesurfer/sub-v2s4x29632_ses-1/surf/lh.defect_labels
Reading in label /out/sourcedata/freesurfer/sub-v2s4x29632_ses-1/label/lh.nofix.cortex.label
#VMPC# mris_defects_pointset 1254508
mris_defects_pointset done
 
Started at Fri Mar 13 07:49:37 CET 2026 
Ended   at Fri Mar 13 07:49:47 CET 2026
Defect2seg-Run-Time-Sec 10
Defect2seg-Run-Time-Min 0.20
Defect2seg-Run-Time-Hours 0.00
 
tkmeditfv sub-v2s4x29632_ses-1 brain.finalsurfs.mgz -defect
defect2seg Done

 mris_remesh --remesh --iters 3 --input /out/sourcedata/freesurfer/sub-v2s4x29632_ses-1/surf/lh.orig.premesh --output /out/sourcedata/freesurfer/sub-v2s4x29632_ses-1/surf/lh.orig 

iters = 3
standard remeshing without target
   adjusted l: 0.715712
remeshing to edge length 0.715712 with 3 iterations

avg qual before   : 0.884377  after: 0.971135

Removing intersections
Remeshed surface quality stats nv0 = 116888  nv = 120983  1.03503
Area    241962  0.30682  0.03412 0.065683   0.5248
Corner  725886 60.00000  8.81117 11.764203 156.1212
Edge    362943  0.84981  0.08303 0.430433   1.2392
Hinge   362943  9.89842 10.42920 0.000008 171.6775
mris_remesh done
/out/sourcedata/freesurfer/sub-v2s4x29632_ses-1/scripts

 mris_remove_intersection ../surf/lh.orig ../surf/lh.orig 

intersection removal took 0.00 hours
writing corrected surface to ../surf/lh.orig

 rm -f ../surf/lh.inflated 

#--------------------------------------------
#@# AutoDetGWStats lh Fri Mar 13 07:50:10 CET 2026
cd /out/sourcedata/freesurfer/sub-v2s4x29632_ses-1/mri
mris_autodet_gwstats --o ../surf/autodet.gw.stats.lh.dat --i brain.finalsurfs.mgz --wm wm.mgz --surf ../surf/lh.orig.premesh
7.3.2

cd /out/sourcedata/freesurfer/sub-v2s4x29632_ses-1/mri
setenv SUBJECTS_DIR /out/sourcedata/freesurfer
mris_autodet_gwstats --o ../surf/autodet.gw.stats.lh.dat --i brain.finalsurfs.mgz --wm wm.mgz --surf ../surf/lh.orig.premesh 

border white:    222691 voxels (1.33%)
border gray      253640 voxels (1.51%)
Reading in intensity volume brain.finalsurfs.mgz
Reading in wm volume wm.mgz
Reading in surf ../surf/lh.orig.premesh
Auto detecting stats
MRIclipBrightWM(): nthresh=15973, wmmin=5, clip=110 
Binarizing thresholding at 5
computing class statistics... low=30, hi=110.000000
CCS WM (100.0): 100.4 +- 5.9 [70.0 --> 110.0]
CCS GM (85.0) : 84.2 +- 8.9 [30.0 --> 110.0]
white_mean = 100.389 +/- 5.93854, gray_mean = 84.1789 +/- 8.90503
using class modes intead of means, discounting robust sigmas....
MRIScomputeClassModes(): min=0 max=181 nbins=182
intensity peaks found at WM=103+-5.2,    GM=82+-7.0
white_mode = 103, gray_mode = 82
std_scale = 1
Applying sanity checks, max_scale_down = 0.2
setting MIN_GRAY_AT_WHITE_BORDER to 73.1 (was 70.000000)
setting MAX_BORDER_WHITE to 108.9 (was 105.000000)
setting MIN_BORDER_WHITE to 82.0 (was 85.000000)
setting MAX_CSF to 64.2 (was 40.000000)
setting MAX_GRAY to 97.1 (was 95.000000)
setting MAX_GRAY_AT_CSF_BORDER to 73.1 (was 75.000000)
setting MIN_GRAY_AT_CSF_BORDER to 55.3 (was 40.000000)
When placing the white surface
  white_border_hi   = 108.939;
  white_border_low  = 82;
  white_outside_low = 73.095;
  white_inside_hi   = 120;
  white_outside_hi  = 108.939;
When placing the pial surface
  pial_border_hi   = 73.095;
  pial_border_low  = 55.2849;
  pial_outside_low = 10;
  pial_inside_hi   = 97.0615;
  pial_outside_hi  = 68.6425;
#VMPC# mris_autodet_gwstats VmPeak  1384088
mris_autodet_gwstats done
#--------------------------------------------
#@# WhitePreAparc lh Fri Mar 13 07:50:13 CET 2026
cd /out/sourcedata/freesurfer/sub-v2s4x29632_ses-1/mri
mris_place_surface --adgws-in ../surf/autodet.gw.stats.lh.dat --wm wm.mgz --threads 16 --invol brain.finalsurfs.mgz --lh --i ../surf/lh.orig --o ../surf/lh.white.preaparc --white --seg aseg.presurf.mgz --nsmooth 5
7.3.2
7.3.2

cd /out/sourcedata/freesurfer/sub-v2s4x29632_ses-1/mri
setenv SUBJECTS_DIR /out/sourcedata/freesurfer
mris_place_surface --adgws-in ../surf/autodet.gw.stats.lh.dat --wm wm.mgz --threads 16 --invol brain.finalsurfs.mgz --lh --i ../surf/lh.orig --o ../surf/lh.white.preaparc --white --seg aseg.presurf.mgz --nsmooth 5 

Reading in input surface ../surf/lh.orig
Smoothing surface before ripping with 5 iterations
Area    241962  0.27142  0.06543 0.003008   0.6646
Corner  725886 60.00000  9.40236 12.187738 139.6561
Edge    362943  0.79482  0.11792 0.057533   1.3602
Hinge   362943  6.49024  6.63385 0.000056 141.2683
Not reading in aparc
Reading in input volume brain.finalsurfs.mgz
Reading in wm volume wm.mgz
MRIclipBrightWM(): nthresh=15973, wmmin=5, clip=110 
MRIfindBrightNonWM(): 26 bright non-wm voxels segmented.
Masking bright non-wm for white surface
MRImask(): AllowDiffGeom = 1
MRImask(): AllowDiffGeom = 1
Reading in seg volume aseg.presurf.mgz
Ripping frozen voxels
INFO: rip surface needed but not specified, so using input surface
Freezing midline and others
Entering: MRISripMidline(): inhibiting deformation at non-cortical midline structures...
  which=1, fix_mtl=0, using annot = 0
#FML0# MRISripMidline(): nripped=0
#FML# MRISripMidline(): nmarked=5753, nmarked2=17, nripped=5753
Ripping segs (eg, WMSA, BG, frozen)
Starting MRISripSegs() d = (-2 2 0.5) segnos: 247 
MRISripSegs(): -2 2 0.5 ripped 0
vertex 60492: xyz = (-42.3619,1.3093,60.5577) oxyz = (-42.3619,1.3093,60.5577) wxzy = (-42.3619,1.3093,60.5577) pxyz = (0,0,0) 
CBVO Creating mask 120983
n_averages 4
Iteration 0 =========================================
n_averages=4, current_sigma=2
Freezing midline and others
Ripping frozen voxels
INFO: rip surface needed but not specified, so using input surface
Freezing midline and others
Entering: MRISripMidline(): inhibiting deformation at non-cortical midline structures...
  which=1, fix_mtl=0, using annot = 0
#FML0# MRISripMidline(): nripped=5753
#FML# MRISripMidline(): nmarked=5753, nmarked2=17, nripped=5753
Ripping segs (eg, WMSA, BG, frozen)
Starting MRISripSegs() d = (-2 2 0.5) segnos: 247 247 
MRISripSegs(): -2 2 0.5 ripped 0
Computing target border values 
Entering MRIScomputeBorderValues_new(): 
  inside_hi   = 120.0000000;
  border_hi   = 108.9385380;
  border_low  =  82.0000000;
  outside_low =  73.0949710;
  outside_hi  = 108.9385380;
  sigma = 2;
  max_thickness = 10;
  step_size=0.5;
  STEP_SIZE=0.1;
  which = 1
  thresh = 0
  flags = 0
  CBVfindFirstPeakD1=0
  CBVfindFirstPeakD2=0
  nvertices=120983
  Gdiag_no=-1
  vno start=0, stop=120983
Replacing 255s with 0s
#SI# sigma=2 had to be increased for 198 vertices, nripped=5753
mean border=90.0, 179 (179) missing vertices, mean dist 0.3 [0.7 (%34.9)->0.8 (%65.1))]
%73 local maxima, %22 large gradients and % 0 min vals, 0 gradients ignored
nFirstPeakD1 0
MRIScomputeBorderValues_new() finished in 0.0127 min


Finding expansion regions
mean absolute distance = 0.77 +- 0.95
4828 vertices more than 2 sigmas from mean.
Averaging target values for 5 iterations...
Positioning Surface: tspring = 0.3, nspring = 0.3, spring = 0, niters = 100 l_repulse = 5, l_surf_repulse = 0, checktol = 0
Positioning pial surface
Entering MRISpositionSurface()
  max_mm = 0.3
  MAX_REDUCTIONS = 2, REDUCTION_PCT = 0.5
  parms->check_tol = 0, niterations = 100
tol=1.0e-04, sigma=2.0, host=dna08, nav=4, nbrs=2, l_repulse=5.000, l_tspring=0.300, l_nspring=0.300, l_intensity=0.200, l_curv=1.000
mom=0.00, dt=0.50
complete_dist_mat 0
rms 0
smooth_averages 0
remove_neg 0
ico_order 0
which_surface 0
target_radius 0.000000
nfields 0
scale 0.000000
desired_rms_height 0.000000
momentum 0.000000
nbhd_size 0
max_nbrs 0
niterations 100
nsurfaces 0
SURFACES 3
flags 0 (0)
use curv 0
no sulc 0
no rigid align 0
mris->nsize 2
mris->hemisphere 0
randomSeed 0

000: dt: 0.0000, sse=1079028.5, rms=6.397
001: dt: 0.5000, sse=608883.1, rms=4.553 (28.826%)
002: dt: 0.5000, sse=395191.7, rms=3.374 (25.899%)
003: dt: 0.5000, sse=295635.9, rms=2.643 (21.658%)
004: dt: 0.5000, sse=245376.7, rms=2.199 (16.786%)
005: dt: 0.5000, sse=223358.4, rms=1.931 (12.182%)
006: dt: 0.5000, sse=208597.7, rms=1.782 (7.727%)
007: dt: 0.5000, sse=203814.8, rms=1.692 (5.086%)
rms = 1.6434/1.6915, sse=203057.2/203814.8, time step reduction 1 of 3 to 0.250  0 0 1
008: dt: 0.5000, sse=203057.2, rms=1.643 (2.843%)
009: dt: 0.2500, sse=175275.5, rms=1.222 (25.615%)
010: dt: 0.2500, sse=173348.3, rms=1.162 (4.968%)
rms = 1.1415/1.1617, sse=173459.2/173348.3, time step reduction 2 of 3 to 0.125  0 1 1
011: dt: 0.2500, sse=173459.2, rms=1.142 (1.739%)
rms = 1.1290/1.1415, sse=170752.4/173459.2, time step reduction 3 of 3 to 0.062  0 0 1
012: dt: 0.1250, sse=170752.4, rms=1.129 (1.098%)
  maximum number of reductions reached, breaking from loop
positioning took 0.8 minutes
Iteration 1 =========================================
n_averages=2, current_sigma=1
Freezing midline and others
Ripping frozen voxels
INFO: rip surface needed but not specified, so using input surface
Freezing midline and others
Entering: MRISripMidline(): inhibiting deformation at non-cortical midline structures...
  which=1, fix_mtl=0, using annot = 0
#FML0# MRISripMidline(): nripped=5753
removing 4 vertices from ripped group in thread:0
removing 3 vertices from ripped group in thread:0
removing 2 vertices from ripped group in thread:0
removing 2 vertices from ripped group in thread:0
removing 2 vertices from ripped group in thread:0
removing 3 vertices from ripped group in thread:0
removing 4 vertices from ripped group in thread:0
#FML# MRISripMidline(): nmarked=6021, nmarked2=66, nripped=6021
Ripping segs (eg, WMSA, BG, frozen)
Starting MRISripSegs() d = (-2 2 0.5) segnos: 247 247 247 
MRISripSegs(): -2 2 0.5 ripped 0
Computing target border values 
Entering MRIScomputeBorderValues_new(): 
  inside_hi   = 120.0000000;
  border_hi   = 108.9385380;
  border_low  =  82.0000000;
  outside_low =  73.0949710;
  outside_hi  = 108.9385380;
  sigma = 1;
  max_thickness = 10;
  step_size=0.5;
  STEP_SIZE=0.1;
  which = 1
  thresh = 0
  flags = 0
  CBVfindFirstPeakD1=0
  CBVfindFirstPeakD2=0
  nvertices=120983
  Gdiag_no=-1
  vno start=0, stop=120983
Replacing 255s with 0s
#SI# sigma=1 had to be increased for 150 vertices, nripped=6021
mean border=91.7, 177 (68) missing vertices, mean dist -0.2 [0.5 (%68.4)->0.3 (%31.6))]
%80 local maxima, %15 large gradients and % 0 min vals, 0 gradients ignored
nFirstPeakD1 0
MRIScomputeBorderValues_new() finished in 0.0069 min


Finding expansion regions
mean absolute distance = 0.44 +- 0.71
4381 vertices more than 2 sigmas from mean.
Averaging target values for 5 iterations...
Positioning Surface: tspring = 0.3, nspring = 0.3, spring = 0, niters = 100 l_repulse = 5, l_surf_repulse = 0, checktol = 0
Positioning pial surface
Entering MRISpositionSurface()
  max_mm = 0.3
  MAX_REDUCTIONS = 2, REDUCTION_PCT = 0.5
  parms->check_tol = 0, niterations = 100
tol=1.0e-04, sigma=1.0, host=dna08, nav=2, nbrs=2, l_repulse=5.000, l_tspring=0.300, l_nspring=0.300, l_intensity=0.200, l_curv=1.000
mom=0.00, dt=0.50
000: dt: 0.0000, sse=390921.5, rms=3.030
013: dt: 0.5000, sse=258808.9, rms=1.850 (38.957%)
014: dt: 0.5000, sse=227231.3, rms=1.469 (20.589%)
015: dt: 0.5000, sse=220034.6, rms=1.330 (9.491%)
016: dt: 0.5000, sse=216898.7, rms=1.259 (5.310%)
rms = 1.2539/1.2589, sse=215690.7/216898.7, time step reduction 1 of 3 to 0.250  0 0 1
017: dt: 0.5000, sse=215690.7, rms=1.254 (0.395%)
018: dt: 0.2500, sse=202830.3, rms=0.991 (20.964%)
rms = 0.9560/0.9911, sse=200992.2/202830.3, time step reduction 2 of 3 to 0.125  0 0 1
019: dt: 0.2500, sse=200992.2, rms=0.956 (3.543%)
rms = 0.9479/0.9560, sse=200554.9/200992.2, time step reduction 3 of 3 to 0.062  0 0 1
020: dt: 0.1250, sse=200554.9, rms=0.948 (0.843%)
  maximum number of reductions reached, breaking from loop
positioning took 0.6 minutes
Iteration 2 =========================================
n_averages=1, current_sigma=0.5
Freezing midline and others
Ripping frozen voxels
INFO: rip surface needed but not specified, so using input surface
Freezing midline and others
Entering: MRISripMidline(): inhibiting deformation at non-cortical midline structures...
  which=1, fix_mtl=0, using annot = 0
#FML0# MRISripMidline(): nripped=6021
removing 3 vertices from ripped group in thread:0
removing 2 vertices from ripped group in thread:0
removing 2 vertices from ripped group in thread:0
#FML# MRISripMidline(): nmarked=6104, nmarked2=66, nripped=6104
Ripping segs (eg, WMSA, BG, frozen)
Starting MRISripSegs() d = (-2 2 0.5) segnos: 247 247 247 247 
MRISripSegs(): -2 2 0.5 ripped 0
Computing target border values 
Entering MRIScomputeBorderValues_new(): 
  inside_hi   = 120.0000000;
  border_hi   = 108.9385380;
  border_low  =  82.0000000;
  outside_low =  73.0949710;
  outside_hi  = 108.9385380;
  sigma = 0.5;
  max_thickness = 10;
  step_size=0.5;
  STEP_SIZE=0.1;
  which = 1
  thresh = 0
  flags = 0
  CBVfindFirstPeakD1=0
  CBVfindFirstPeakD2=0
  nvertices=120983
  Gdiag_no=-1
  vno start=0, stop=120983
Replacing 255s with 0s
#SI# sigma=0.5 had to be increased for 197 vertices, nripped=6104
mean border=92.9, 176 (35) missing vertices, mean dist -0.1 [0.4 (%64.4)->0.3 (%35.6))]
%85 local maxima, %10 large gradients and % 0 min vals, 0 gradients ignored
nFirstPeakD1 0
MRIScomputeBorderValues_new() finished in 0.0050 min


Finding expansion regions
mean absolute distance = 0.35 +- 0.54
4657 vertices more than 2 sigmas from mean.
Averaging target values for 5 iterations...
Positioning Surface: tspring = 0.3, nspring = 0.3, spring = 0, niters = 100 l_repulse = 5, l_surf_repulse = 0, checktol = 0
Positioning pial surface
Entering MRISpositionSurface()
  max_mm = 0.3
  MAX_REDUCTIONS = 2, REDUCTION_PCT = 0.5
  parms->check_tol = 0, niterations = 100
tol=1.0e-04, sigma=0.5, host=dna08, nav=1, nbrs=2, l_repulse=5.000, l_tspring=0.300, l_nspring=0.300, l_intensity=0.200, l_curv=1.000
mom=0.00, dt=0.50
000: dt: 0.0000, sse=271230.2, rms=2.021
021: dt: 0.5000, sse=219116.6, rms=1.255 (37.893%)
022: dt: 0.5000, sse=208018.5, rms=1.080 (13.950%)
rms = 1.0824/1.0799, sse=212063.7/208018.5, time step reduction 1 of 3 to 0.250  0 1 1
   RMS increased, rejecting step
023: dt: 0.2500, sse=200899.1, rms=0.962 (10.955%)
024: dt: 0.2500, sse=200474.2, rms=0.900 (6.373%)
rms = 0.8872/0.9003, sse=197574.3/200474.2, time step reduction 2 of 3 to 0.125  0 0 1
025: dt: 0.2500, sse=197574.3, rms=0.887 (1.448%)
rms = 0.8805/0.8872, sse=197078.9/197574.3, time step reduction 3 of 3 to 0.062  0 0 1
026: dt: 0.1250, sse=197078.9, rms=0.881 (0.755%)
  maximum number of reductions reached, breaking from loop
positioning took 0.5 minutes
Iteration 3 =========================================
n_averages=0, current_sigma=0.25
Freezing midline and others
Ripping frozen voxels
INFO: rip surface needed but not specified, so using input surface
Freezing midline and others
Entering: MRISripMidline(): inhibiting deformation at non-cortical midline structures...
  which=1, fix_mtl=0, using annot = 0
#FML0# MRISripMidline(): nripped=6104
removing 3 vertices from ripped group in thread:0
removing 2 vertices from ripped group in thread:0
removing 2 vertices from ripped group in thread:0
removing 4 vertices from ripped group in thread:0
removing 2 vertices from ripped group in thread:0
#FML# MRISripMidline(): nmarked=6113, nmarked2=66, nripped=6113
Ripping segs (eg, WMSA, BG, frozen)
Starting MRISripSegs() d = (-2 2 0.5) segnos: 247 247 247 247 247 
MRISripSegs(): -2 2 0.5 ripped 0
Computing target border values 
Entering MRIScomputeBorderValues_new(): 
  inside_hi   = 120.0000000;
  border_hi   = 108.9385380;
  border_low  =  82.0000000;
  outside_low =  73.0949710;
  outside_hi  = 108.9385380;
  sigma = 0.25;
  max_thickness = 10;
  step_size=0.5;
  STEP_SIZE=0.1;
  which = 1
  thresh = 0
  flags = 0
  CBVfindFirstPeakD1=0
  CBVfindFirstPeakD2=0
  nvertices=120983
  Gdiag_no=-1
  vno start=0, stop=120983
Replacing 255s with 0s
#SI# sigma=0.25 had to be increased for 226 vertices, nripped=6113
mean border=93.4, 230 (26) missing vertices, mean dist -0.1 [0.3 (%55.3)->0.3 (%44.7))]
%88 local maxima, % 7 large gradients and % 0 min vals, 0 gradients ignored
nFirstPeakD1 0
MRIScomputeBorderValues_new() finished in 0.0028 min


Finding expansion regions
mean absolute distance = 0.31 +- 0.46
4012 vertices more than 2 sigmas from mean.
Averaging target values for 5 iterations...
Positioning Surface: tspring = 0.3, nspring = 0.3, spring = 0, niters = 100 l_repulse = 5, l_surf_repulse = 0, checktol = 0
Positioning pial surface
Entering MRISpositionSurface()
  max_mm = 0.3
  MAX_REDUCTIONS = 2, REDUCTION_PCT = 0.5
  parms->check_tol = 0, niterations = 100
tol=1.0e-04, sigma=0.2, host=dna08, nav=0, nbrs=2, l_repulse=5.000, l_tspring=0.300, l_nspring=0.300, l_intensity=0.200, l_curv=1.000
mom=0.00, dt=0.50
000: dt: 0.0000, sse=210006.6, rms=1.191
027: dt: 0.5000, sse=196460.8, rms=0.801 (32.724%)
rms = 0.8808/0.8012, sse=196133.4/196460.8, time step reduction 1 of 3 to 0.250  0 0 1
   RMS increased, rejecting step
028: dt: 0.2500, sse=192252.4, rms=0.737 (7.978%)
rms = 0.7243/0.7372, sse=191841.5/192252.4, time step reduction 2 of 3 to 0.125  0 0 1
029: dt: 0.2500, sse=191841.5, rms=0.724 (1.761%)
rms = 0.7172/0.7243, sse=190055.9/191841.5, time step reduction 3 of 3 to 0.062  0 0 1
030: dt: 0.1250, sse=190055.9, rms=0.717 (0.981%)
  maximum number of reductions reached, breaking from loop
positioning took 0.3 minutes


Writing output to ../surf/lh.white.preaparc
#ET# mris_place_surface  2.26 minutes
#VMPC# mris_place_surfaces VmPeak  2940768
mris_place_surface done
#--------------------------------------------
#@# CortexLabel lh Fri Mar 13 07:52:33 CET 2026
cd /out/sourcedata/freesurfer/sub-v2s4x29632_ses-1/mri
mri_label2label --label-cortex ../surf/lh.white.preaparc aseg.presurf.mgz 0 ../label/lh.cortex.label

 Generating cortex label... RemoveHipAmgy=0
 NucAccIsMedialWall=0
 mris->useRealRAS=0
5 non-cortical segments detected
only using segment with 7406 vertices
erasing segment 0 (vno[0] = 17641)
erasing segment 2 (vno[0] = 70858)
erasing segment 3 (vno[0] = 108418)
erasing segment 4 (vno[0] = 108715)
#--------------------------------------------
#@# CortexLabel+HipAmyg lh Fri Mar 13 07:52:41 CET 2026
cd /out/sourcedata/freesurfer/sub-v2s4x29632_ses-1/mri
mri_label2label --label-cortex ../surf/lh.white.preaparc aseg.presurf.mgz 1 ../label/lh.cortex+hipamyg.label

 Generating cortex label... RemoveHipAmgy=1
 NucAccIsMedialWall=0
 mris->useRealRAS=0
7 non-cortical segments detected
only using segment with 5325 vertices
erasing segment 0 (vno[0] = 17641)
erasing segment 1 (vno[0] = 32564)
erasing segment 3 (vno[0] = 37555)
erasing segment 4 (vno[0] = 70858)
erasing segment 5 (vno[0] = 108418)
erasing segment 6 (vno[0] = 108715)
#--------------------------------------------
#@# Smooth2 lh Fri Mar 13 07:52:49 CET 2026
/out/sourcedata/freesurfer/sub-v2s4x29632_ses-1/scripts

 mris_smooth -n 3 -nw -seed 1234 ../surf/lh.white.preaparc ../surf/lh.smoothwm 

smoothing for 3 iterations
setting seed for random number generator to 1234
smoothing surface tessellation for 3 iterations...
smoothing complete - recomputing first and second fundamental forms...
#--------------------------------------------
#@# Inflation2 lh Fri Mar 13 07:52:51 CET 2026
/out/sourcedata/freesurfer/sub-v2s4x29632_ses-1/scripts

 mris_inflate ../surf/lh.smoothwm ../surf/lh.inflated 

Reading ../surf/lh.smoothwm
avg radius = 44.5 mm, total surface area = 74413 mm^2
step 000: RMS=0.169 (target=0.015)   step 005: RMS=0.116 (target=0.015)   step 010: RMS=0.091 (target=0.015)   step 015: RMS=0.076 (target=0.015)   step 020: RMS=0.064 (target=0.015)   step 025: RMS=0.054 (target=0.015)   step 030: RMS=0.046 (target=0.015)   step 035: RMS=0.039 (target=0.015)   step 040: RMS=0.035 (target=0.015)   step 045: RMS=0.032 (target=0.015)   step 050: RMS=0.029 (target=0.015)   step 055: RMS=0.027 (target=0.015)   step 060: RMS=0.026 (target=0.015)   writing inflated surface to ../surf/lh.inflated
writing sulcal depths to ../surf/lh.sulc

inflation complete.
inflation took 0.2 minutes
mris_inflate utimesec    69.940839
mris_inflate stimesec    2.136299
mris_inflate ru_maxrss   186856
mris_inflate ru_ixrss    0
mris_inflate ru_idrss    0
mris_inflate ru_isrss    0
mris_inflate ru_minflt   574382
mris_inflate ru_majflt   1
mris_inflate ru_nswap    0
mris_inflate ru_inblock  130
mris_inflate ru_oublock  9464
mris_inflate ru_msgsnd   0
mris_inflate ru_msgrcv   0
mris_inflate ru_nsignals 0
mris_inflate ru_nvcsw    23910
mris_inflate ru_nivcsw   444
#--------------------------------------------
#@# Curv .H and .K lh Fri Mar 13 07:53:05 CET 2026
/out/sourcedata/freesurfer/sub-v2s4x29632_ses-1/surf

 mris_curvature -w -seed 1234 lh.white.preaparc 

setting seed for random number generator to 1234
total integrated curvature = 27.729*4pi (348.449) --> -27 handles
ICI = 169.7, FI = 1248.9, variation=21113.185
writing Gaussian curvature to ./lh.white.preaparc.K...done.
writing mean curvature to ./lh.white.preaparc.H...done.
rm -f lh.white.H
ln -s lh.white.preaparc.H lh.white.H
rm -f lh.white.K
ln -s lh.white.preaparc.K lh.white.K

 mris_curvature -seed 1234 -thresh .999 -n -a 5 -w -distances 10 10 lh.inflated 

setting seed for random number generator to 1234
normalizing curvature values.
averaging curvature patterns 5 times.
sampling 10 neighbors out to a distance of 10 mm
135 vertices thresholded to be in k1 ~ [-0.47 2.19], k2 ~ [-0.18 0.18]
total integrated curvature = 0.360*4pi (4.525) --> 1 handles
ICI = 1.4, FI = 10.0, variation=168.340
115 vertices thresholded to be in [-0.09 0.03]
writing Gaussian curvature to ./lh.inflated.K...thresholding curvature at 99.90% level
curvature mean = 0.000, std = 0.002
97 vertices thresholded to be in [-0.25 0.64]
done.
writing mean curvature to ./lh.inflated.H...curvature mean = -0.018, std = 0.027
done.
#--------------------------------------------
#@# Sphere lh Fri Mar 13 07:53:38 CET 2026
/out/sourcedata/freesurfer/sub-v2s4x29632_ses-1/scripts

 mris_sphere -seed 1234 ../surf/lh.inflated ../surf/lh.sphere 

setting seed for random number genererator to 1234
version: 7.3.2
available threads: 16
reading original vertex positions...
projecting onto sphere...
surface projected - minimizing metric distortion...
scaling brain by 0.299...
MRISunfold() max_passes = 1 -------
tol=5.0e-01, sigma=0.0, host=dna08, nav=1024, nbrs=2, l_area=1.000, l_dist=1.000
using quadratic fit line minimization
complete_dist_mat 0
rms 0
smooth_averages 0
remove_neg 0
ico_order 0
which_surface 0
target_radius 0.000000
nfields 0
scale 1.000000
desired_rms_height -1.000000
momentum 0.900000
nbhd_size 7
max_nbrs 8
niterations 25
nsurfaces 0
SURFACES 3
flags 0 (0)
use curv 0
no sulc 0
no rigid align 0
mris->nsize 2
mris->hemisphere 0
randomSeed 1234

singular matrix in quadratic form
singular matrix in quadratic form
--------------------
  mrisRemoveNegativeArea()
pass 1: epoch 1 of 3 starting distance error %20.65
pass 1: epoch 2 of 3 starting distance error %20.60
unfolding complete - removing small folds...
starting distance error %20.49
removing remaining folds...
final distance error %20.53
MRISunfold() return, current seed 1234
-01: dt=0.0000,  45 negative triangles  VmPeak 1570424
221: dt=0.9900,  45 negative triangles
222: dt=0.9900,  12 negative triangles
223: dt=0.9900,   9 negative triangles
224: dt=0.9900,   8 negative triangles
225: dt=0.9900,   6 negative triangles
226: dt=0.9900,  10 negative triangles
227: dt=0.9900,   9 negative triangles
228: dt=0.9900,   7 negative triangles
229: dt=0.9900,   3 negative triangles
230: dt=0.9900,   5 negative triangles
231: dt=0.9900,   1 negative triangles
232: dt=0.9900,   5 negative triangles
233: dt=0.9900,   1 negative triangles
234: dt=0.9900,   2 negative triangles
writing spherical brain to ../surf/lh.sphere
spherical transformation took 0.0593 hours
FSRUNTIME@ mris_sphere  0.0593 hours 16 threads
#VMPC# mris_sphere VmPeak  1570424
mris_sphere done
#--------------------------------------------
#@# Surf Reg lh Fri Mar 13 07:57:12 CET 2026
/out/sourcedata/freesurfer/sub-v2s4x29632_ses-1/scripts

 mris_register -curv ../surf/lh.sphere /opt/freesurfer/average/lh.folding.atlas.acfb40.noaparc.i12.2016-08-02.tif ../surf/lh.sphere.reg 

using smoothwm curvature for final alignment

cwd /out/sourcedata/freesurfer/sub-v2s4x29632_ses-1/scripts
cmdline mris_register -curv ../surf/lh.sphere /opt/freesurfer/average/lh.folding.atlas.acfb40.noaparc.i12.2016-08-02.tif ../surf/lh.sphere.reg 

0 inflated.H
1 sulc
2 smoothwm (computed)
7.3.2
  7.3.2
reading surface from ../surf/lh.sphere...
reading template parameterization from /opt/freesurfer/average/lh.folding.atlas.acfb40.noaparc.i12.2016-08-02.tif...
MRISregister() -------
max_passes = 4 
min_degrees = 0.500000 
max_degrees = 64.000000 
nangles = 8 
tol=5.0e-01, sigma=0.0, host=dna08, nav=1024, nbrs=1, l_extern=10000.000, l_parea=0.200, l_nlarea=1.000, l_corr=1.000, l_dist=5.000
using quadratic fit line minimization
complete_dist_mat 0
rms 0
smooth_averages 0
remove_neg 0
ico_order 0
which_surface 0
target_radius 0.000000
nfields 0
scale 0.000000
desired_rms_height -1.000000
momentum 0.950000
nbhd_size -10
max_nbrs 10
niterations 25
nsurfaces 0
SURFACES 3
flags 16 (10)
use curv 16
no sulc 0
no rigid align 0
mris->nsize 1
mris->hemisphere 0
randomSeed 0

tol=5.0e-01, sigma=0.0, host=dna08, nav=1024, nbrs=1, l_extern=10000.000, l_parea=0.200, l_nlarea=1.000, l_corr=1.000, l_dist=5.000
using quadratic fit line minimization
--------------------
1 Reading lh.sulc
tol=1.0e+00, sigma=0.5, host=dna08, nav=1024, nbrs=1, l_extern=10000.000, l_parea=0.200, l_nlarea=1.000, l_corr=0.050, l_spring=0.500, l_dist=5.000
using quadratic fit line minimization
curvature mean = -0.000, std = 5.699
curvature mean = 0.044, std = 0.815
curvature mean = 0.010, std = 0.880
Starting MRISrigidBodyAlignGlobal()
Starting new MRISrigidBodyAlignGlobal_findMinSSE()
  new MRISrigidBodyAlignGlobal_findMinSSE min @ (6.50, -10.50, 18.00) sse = 215351.4, elapsed since starting=0.0593 min
MRISrigidBodyAlignGlobal() done   0.06 min
curvature mean = -0.001, std = 0.840
curvature mean = 0.003, std = 0.956
curvature mean = -0.008, std = 0.850
curvature mean = 0.001, std = 0.983
curvature mean = -0.008, std = 0.853
curvature mean = 0.000, std = 0.993
2 Reading smoothwm
curvature mean = -0.028, std = 0.264
curvature mean = 0.039, std = 0.245
curvature mean = 0.051, std = 0.402
curvature mean = 0.033, std = 0.306
curvature mean = 0.033, std = 0.583
curvature mean = 0.032, std = 0.334
curvature mean = 0.016, std = 0.721
curvature mean = 0.031, std = 0.345
curvature mean = 0.005, std = 0.821
MRISregister() return, current seed 0
-01: dt=0.0000,  21 negative triangles  VmPeak 1577392
106: dt=0.9900,  21 negative triangles
expanding nbhd size to 1
107: dt=0.9900,  23 negative triangles
108: dt=0.9900,  19 negative triangles
109: dt=0.9900,  18 negative triangles
110: dt=0.9900,  17 negative triangles
111: dt=0.9900,  15 negative triangles
112: dt=0.9900,  11 negative triangles
113: dt=0.9900,   9 negative triangles
114: dt=0.9900,   8 negative triangles
115: dt=0.9900,   8 negative triangles
116: dt=0.9900,   8 negative triangles
117: dt=0.9900,   7 negative triangles
118: dt=0.9900,   7 negative triangles
119: dt=0.9900,   7 negative triangles
120: dt=0.9900,   7 negative triangles
121: dt=0.9900,   7 negative triangles
122: dt=0.9900,   7 negative triangles
123: dt=0.9900,   7 negative triangles
124: dt=0.9900,   5 negative triangles
125: dt=0.9900,   4 negative triangles
126: dt=0.9900,   2 negative triangles
127: dt=0.9900,   1 negative triangles
128: dt=0.9900,   1 negative triangles
writing registered surface to ../surf/lh.sphere.reg...
registration took 0.06 hours
#VMPC# mris_register VmPeak  1577392
FSRUNTIME@ mris_register  0.0587 hours 16 threads

 ln -sf lh.sphere.reg lh.fsaverage.sphere.reg 

#--------------------------------------------
#@# Jacobian white lh Fri Mar 13 08:00:43 CET 2026
/out/sourcedata/freesurfer/sub-v2s4x29632_ses-1/scripts

 mris_jacobian ../surf/lh.white.preaparc ../surf/lh.sphere.reg ../surf/lh.jacobian_white 

reading surface from ../surf/lh.white.preaparc...
writing curvature file ../surf/lh.jacobian_white
#--------------------------------------------
#@# AvgCurv lh Fri Mar 13 08:00:44 CET 2026
/out/sourcedata/freesurfer/sub-v2s4x29632_ses-1/scripts

 mrisp_paint -a 5 /opt/freesurfer/average/lh.folding.atlas.acfb40.noaparc.i12.2016-08-02.tif#6 ../surf/lh.sphere.reg ../surf/lh.avg_curv 

averaging curvature patterns 5 times...
reading surface from ../surf/lh.sphere.reg...
reading template parameterization from /opt/freesurfer/average/lh.folding.atlas.acfb40.noaparc.i12.2016-08-02.tif...
writing curvature file to ../surf/lh.avg_curv...
#-----------------------------------------
#@# Cortical Parc lh Fri Mar 13 08:00:45 CET 2026
/out/sourcedata/freesurfer/sub-v2s4x29632_ses-1/scripts

 mris_ca_label -l ../label/lh.cortex.label -aseg ../mri/aseg.presurf.mgz -seed 1234 sub-v2s4x29632_ses-1 lh ../surf/lh.sphere.reg /opt/freesurfer/average/lh.DKaparc.atlas.acfb40.noaparc.i12.2016-08-02.gcs ../label/lh.aparc.annot 

setting seed for random number generator to 1234
using ../mri/aseg.presurf.mgz aseg volume to correct midline
7.3.2
  7.3.2
reading atlas from /opt/freesurfer/average/lh.DKaparc.atlas.acfb40.noaparc.i12.2016-08-02.gcs...
reading color table from GCSA file....
average std = 0.8   using min determinant for regularization = 0.006
0 singular and 342 ill-conditioned covariance matrices regularized
input 0: MEAN CURVATURE, flags 0, avgs 5, name mean_curvature
labeling surface...
1049 labels changed using aseg
relabeling using gibbs priors...
000:   2787 changed, 120983 examined...
001:    615 changed, 11764 examined...
002:    129 changed, 3596 examined...
003:     44 changed, 800 examined...
004:      8 changed, 291 examined...
005:      6 changed, 51 examined...
006:      3 changed, 34 examined...
007:      2 changed, 22 examined...
008:      2 changed, 10 examined...
009:      2 changed, 9 examined...
010:      1 changed, 13 examined...
011:      0 changed, 6 examined...
226 labels changed using aseg
000: 104 total segments, 62 labels (225 vertices) changed
001: 43 total segments, 1 labels (1 vertices) changed
002: 41 total segments, 3 labels (9 vertices) changed
003: 38 total segments, 0 labels (0 vertices) changed
10 filter iterations complete (10 requested, 2 changed)
rationalizing unknown annotations with cortex label
relabeling unknown label...
relabeling corpuscallosum label...
1579 vertices marked for relabeling...
1579 labels changed in reclassification.
writing output to ../label/lh.aparc.annot...
classification took 0 minutes and 7 seconds.
#--------------------------------------------
#@# WhiteSurfs lh Fri Mar 13 08:00:52 CET 2026
cd /out/sourcedata/freesurfer/sub-v2s4x29632_ses-1/mri
mris_place_surface --adgws-in ../surf/autodet.gw.stats.lh.dat --seg aseg.presurf.mgz --threads 16 --wm wm.mgz --invol brain.finalsurfs.mgz --lh --i ../surf/lh.white.preaparc --o ../surf/lh.white --white --nsmooth 0 --rip-label ../label/lh.cortex.label --rip-bg --rip-surf ../surf/lh.white.preaparc --aparc ../label/lh.aparc.annot
7.3.2
7.3.2

cd /out/sourcedata/freesurfer/sub-v2s4x29632_ses-1/mri
setenv SUBJECTS_DIR /out/sourcedata/freesurfer
mris_place_surface --adgws-in ../surf/autodet.gw.stats.lh.dat --seg aseg.presurf.mgz --threads 16 --wm wm.mgz --invol brain.finalsurfs.mgz --lh --i ../surf/lh.white.preaparc --o ../surf/lh.white --white --nsmooth 0 --rip-label ../label/lh.cortex.label --rip-bg --rip-surf ../surf/lh.white.preaparc --aparc ../label/lh.aparc.annot 

Reading in input surface ../surf/lh.white.preaparc
Not smoothing input surface
Area    241962  0.33970  0.11623 0.001164   2.7258
Corner  725886 60.00000 13.60804 0.239867 178.9798
Edge    362943  0.89629  0.19064 0.015257   3.1571
Hinge   362943 10.63516 11.83521 0.000019 179.7811
Reading in aparc ../label/lh.aparc.annot
Reading in input volume brain.finalsurfs.mgz
Reading in wm volume wm.mgz
MRIclipBrightWM(): nthresh=15973, wmmin=5, clip=110 
MRIfindBrightNonWM(): 26 bright non-wm voxels segmented.
Masking bright non-wm for white surface
MRImask(): AllowDiffGeom = 1
MRImask(): AllowDiffGeom = 1
Reading in seg volume aseg.presurf.mgz
Ripping frozen voxels
Ripping vertices not in label ../label/lh.cortex.label
MRISripNotLabel() ripped 7577/120983 vertices (113406 unripped)
Reading in ripping surface ../surf/lh.white.preaparc
Reading in aparc ../label/lh.aparc.annot for ripsurf
Ripping BG
MRISripBasalGanglia(): 1 -2 2 0.5 ripped 433
Ripping segs (eg, WMSA, BG, frozen)
Starting MRISripSegs() d = (-2 2 0.5) segnos: 247 
MRISripSegs(): -2 2 0.5 ripped 0
vertex 60492: xyz = (-42.6874,1.93851,60.9005) oxyz = (-42.6874,1.93851,60.9005) wxzy = (-42.6874,1.93851,60.9005) pxyz = (0,0,0) 
CBVO Creating mask 120983
n_averages 4
Iteration 0 =========================================
n_averages=4, current_sigma=2
Computing target border values 
Entering MRIScomputeBorderValues_new(): 
  inside_hi   = 120.0000000;
  border_hi   = 108.9385380;
  border_low  =  82.0000000;
  outside_low =  73.0949710;
  outside_hi  = 108.9385380;
  sigma = 2;
  max_thickness = 10;
  step_size=0.5;
  STEP_SIZE=0.1;
  which = 1
  thresh = 0
  flags = 0
  CBVfindFirstPeakD1=0
  CBVfindFirstPeakD2=0
  nvertices=120983
  Gdiag_no=-1
  vno start=0, stop=120983
Replacing 255s with 0s
#SI# sigma=2 had to be increased for 250 vertices, nripped=8010
mean border=89.7, 217 (217) missing vertices, mean dist 0.4 [0.9 (%17.4)->0.6 (%82.6))]
%69 local maxima, %24 large gradients and % 0 min vals, 0 gradients ignored
nFirstPeakD1 0
MRIScomputeBorderValues_new() finished in 0.0090 min


Finding expansion regions
mean absolute distance = 0.68 +- 0.98
4070 vertices more than 2 sigmas from mean.
Averaging target values for 5 iterations...
Positioning Surface: tspring = 0.3, nspring = 0.3, spring = 0, niters = 100 l_repulse = 5, l_surf_repulse = 0, checktol = 0
Positioning pial surface
Entering MRISpositionSurface()
  max_mm = 0.3
  MAX_REDUCTIONS = 2, REDUCTION_PCT = 0.5
  parms->check_tol = 0, niterations = 100
tol=1.0e-04, sigma=2.0, host=dna08, nav=4, nbrs=2, l_repulse=5.000, l_tspring=0.300, l_nspring=0.300, l_intensity=0.200, l_curv=1.000
mom=0.00, dt=0.50
complete_dist_mat 0
rms 0
smooth_averages 0
remove_neg 0
ico_order 0
which_surface 0
target_radius 0.000000
nfields 0
scale 0.000000
desired_rms_height 0.000000
momentum 0.000000
nbhd_size 0
max_nbrs 0
niterations 100
nsurfaces 0
SURFACES 3
flags 0 (0)
use curv 0
no sulc 0
no rigid align 0
mris->nsize 2
mris->hemisphere 0
randomSeed 0

000: dt: 0.0000, sse=723929.6, rms=4.931
001: dt: 0.5000, sse=378485.2, rms=3.016 (38.842%)
002: dt: 0.5000, sse=273108.4, rms=2.115 (29.879%)
003: dt: 0.5000, sse=240840.1, rms=1.732 (18.098%)
004: dt: 0.5000, sse=229448.0, rms=1.545 (10.771%)
005: dt: 0.5000, sse=224140.0, rms=1.463 (5.296%)
006: dt: 0.5000, sse=224056.8, rms=1.413 (3.477%)
rms = 1.3946/1.4126, sse=221569.1/224056.8, time step reduction 1 of 3 to 0.250  0 0 1
007: dt: 0.5000, sse=221569.1, rms=1.395 (1.274%)
008: dt: 0.2500, sse=207982.3, rms=1.145 (17.897%)
rms = 1.1119/1.1450, sse=206935.2/207982.3, time step reduction 2 of 3 to 0.125  0 0 1
009: dt: 0.2500, sse=206935.2, rms=1.112 (2.892%)
rms = 1.1034/1.1119, sse=206411.7/206935.2, time step reduction 3 of 3 to 0.062  0 0 1
010: dt: 0.1250, sse=206411.7, rms=1.103 (0.760%)
  maximum number of reductions reached, breaking from loop
positioning took 0.7 minutes
Iteration 1 =========================================
n_averages=2, current_sigma=1
Computing target border values 
Entering MRIScomputeBorderValues_new(): 
  inside_hi   = 120.0000000;
  border_hi   = 108.9385380;
  border_low  =  82.0000000;
  outside_low =  73.0949710;
  outside_hi  = 108.9385380;
  sigma = 1;
  max_thickness = 10;
  step_size=0.5;
  STEP_SIZE=0.1;
  which = 1
  thresh = 0
  flags = 0
  CBVfindFirstPeakD1=0
  CBVfindFirstPeakD2=0
  nvertices=120983
  Gdiag_no=-1
  vno start=0, stop=120983
Replacing 255s with 0s
#SI# sigma=1 had to be increased for 245 vertices, nripped=8010
mean border=91.6, 216 (68) missing vertices, mean dist -0.3 [0.5 (%68.8)->0.3 (%31.2))]
%77 local maxima, %16 large gradients and % 0 min vals, 0 gradients ignored
nFirstPeakD1 0
MRIScomputeBorderValues_new() finished in 0.0069 min


Finding expansion regions
mean absolute distance = 0.45 +- 0.74
4496 vertices more than 2 sigmas from mean.
Averaging target values for 5 iterations...
Positioning Surface: tspring = 0.3, nspring = 0.3, spring = 0, niters = 100 l_repulse = 5, l_surf_repulse = 0, checktol = 0
Positioning pial surface
Entering MRISpositionSurface()
  max_mm = 0.3
  MAX_REDUCTIONS = 2, REDUCTION_PCT = 0.5
  parms->check_tol = 0, niterations = 100
tol=1.0e-04, sigma=1.0, host=dna08, nav=2, nbrs=2, l_repulse=5.000, l_tspring=0.300, l_nspring=0.300, l_intensity=0.200, l_curv=1.000
mom=0.00, dt=0.50
000: dt: 0.0000, sse=383340.8, rms=2.928
011: dt: 0.5000, sse=265602.1, rms=1.765 (39.715%)
012: dt: 0.5000, sse=235413.8, rms=1.404 (20.467%)
013: dt: 0.5000, sse=226573.8, rms=1.276 (9.111%)
014: dt: 0.5000, sse=223559.9, rms=1.213 (4.940%)
rms = 1.2108/1.2130, sse=222008.0/223559.9, time step reduction 1 of 3 to 0.250  0 0 1
015: dt: 0.5000, sse=222008.0, rms=1.211 (0.180%)
016: dt: 0.2500, sse=211361.2, rms=0.967 (20.135%)
rms = 0.9436/0.9670, sse=210274.4/211361.2, time step reduction 2 of 3 to 0.125  0 0 1
017: dt: 0.2500, sse=210274.4, rms=0.944 (2.419%)
rms = 0.9367/0.9436, sse=210161.9/210274.4, time step reduction 3 of 3 to 0.062  0 0 1
018: dt: 0.1250, sse=210161.9, rms=0.937 (0.733%)
  maximum number of reductions reached, breaking from loop
positioning took 0.5 minutes
Iteration 2 =========================================
n_averages=1, current_sigma=0.5
Computing target border values 
Entering MRIScomputeBorderValues_new(): 
  inside_hi   = 120.0000000;
  border_hi   = 108.9385380;
  border_low  =  82.0000000;
  outside_low =  73.0949710;
  outside_hi  = 108.9385380;
  sigma = 0.5;
  max_thickness = 10;
  step_size=0.5;
  STEP_SIZE=0.1;
  which = 1
  thresh = 0
  flags = 0
  CBVfindFirstPeakD1=0
  CBVfindFirstPeakD2=0
  nvertices=120983
  Gdiag_no=-1
  vno start=0, stop=120983
Replacing 255s with 0s
#SI# sigma=0.5 had to be increased for 293 vertices, nripped=8010
mean border=92.8, 247 (44) missing vertices, mean dist -0.2 [0.4 (%64.6)->0.3 (%35.4))]
%83 local maxima, %10 large gradients and % 0 min vals, 0 gradients ignored
nFirstPeakD1 0
MRIScomputeBorderValues_new() finished in 0.0041 min


Finding expansion regions
mean absolute distance = 0.37 +- 0.56
4283 vertices more than 2 sigmas from mean.
Averaging target values for 5 iterations...
Positioning Surface: tspring = 0.3, nspring = 0.3, spring = 0, niters = 100 l_repulse = 5, l_surf_repulse = 0, checktol = 0
Positioning pial surface
Entering MRISpositionSurface()
  max_mm = 0.3
  MAX_REDUCTIONS = 2, REDUCTION_PCT = 0.5
  parms->check_tol = 0, niterations = 100
tol=1.0e-04, sigma=0.5, host=dna08, nav=1, nbrs=2, l_repulse=5.000, l_tspring=0.300, l_nspring=0.300, l_intensity=0.200, l_curv=1.000
mom=0.00, dt=0.50
000: dt: 0.0000, sse=278207.9, rms=2.029
019: dt: 0.5000, sse=223400.6, rms=1.248 (38.510%)
020: dt: 0.5000, sse=218266.4, rms=1.066 (14.530%)
rms = 1.0700/1.0665, sse=217612.4/218266.4, time step reduction 1 of 3 to 0.250  0 0 1
   RMS increased, rejecting step
021: dt: 0.2500, sse=211978.4, rms=0.953 (10.668%)
022: dt: 0.2500, sse=210580.2, rms=0.896 (5.968%)
rms = 0.8848/0.8959, sse=223346.7/210580.3, time step reduction 2 of 3 to 0.125  0 1 1
023: dt: 0.2500, sse=223346.7, rms=0.885 (1.236%)
rms = 0.8778/0.8848, sse=207476.9/223346.7, time step reduction 3 of 3 to 0.062  0 0 1
024: dt: 0.1250, sse=207476.9, rms=0.878 (0.790%)
  maximum number of reductions reached, breaking from loop
positioning took 0.4 minutes
Iteration 3 =========================================
n_averages=0, current_sigma=0.25
Computing target border values 
Entering MRIScomputeBorderValues_new(): 
  inside_hi   = 120.0000000;
  border_hi   = 108.9385380;
  border_low  =  82.0000000;
  outside_low =  73.0949710;
  outside_hi  = 108.9385380;
  sigma = 0.25;
  max_thickness = 10;
  step_size=0.5;
  STEP_SIZE=0.1;
  which = 1
  thresh = 0
  flags = 0
  CBVfindFirstPeakD1=0
  CBVfindFirstPeakD2=0
  nvertices=120983
  Gdiag_no=-1
  vno start=0, stop=120983
Replacing 255s with 0s
#SI# sigma=0.25 had to be increased for 269 vertices, nripped=8010
mean border=93.3, 318 (39) missing vertices, mean dist -0.1 [0.4 (%55.4)->0.3 (%44.6))]
%86 local maxima, % 7 large gradients and % 0 min vals, 0 gradients ignored
nFirstPeakD1 0
MRIScomputeBorderValues_new() finished in 0.0029 min


Finding expansion regions
mean absolute distance = 0.32 +- 0.47
3498 vertices more than 2 sigmas from mean.
Averaging target values for 5 iterations...
Positioning Surface: tspring = 0.3, nspring = 0.3, spring = 0, niters = 100 l_repulse = 5, l_surf_repulse = 0, checktol = 0
Positioning pial surface
Entering MRISpositionSurface()
  max_mm = 0.3
  MAX_REDUCTIONS = 2, REDUCTION_PCT = 0.5
  parms->check_tol = 0, niterations = 100
tol=1.0e-04, sigma=0.2, host=dna08, nav=0, nbrs=2, l_repulse=5.000, l_tspring=0.300, l_nspring=0.300, l_intensity=0.200, l_curv=1.000
mom=0.00, dt=0.50
000: dt: 0.0000, sse=220149.2, rms=1.200
025: dt: 0.5000, sse=206741.9, rms=0.821 (31.592%)
rms = 0.8826/0.8208, sse=206198.6/206741.9, time step reduction 1 of 3 to 0.250  0 0 1
   RMS increased, rejecting step
026: dt: 0.2500, sse=201087.7, rms=0.754 (8.167%)
rms = 0.7374/0.7538, sse=201599.3/201087.7, time step reduction 2 of 3 to 0.125  0 1 1
027: dt: 0.2500, sse=201599.3, rms=0.737 (2.176%)
rms = 0.7286/0.7374, sse=198980.1/201599.3, time step reduction 3 of 3 to 0.062  0 0 1
028: dt: 0.1250, sse=198980.0, rms=0.729 (1.198%)
  maximum number of reductions reached, breaking from loop
positioning took 0.3 minutes


Writing output to ../surf/lh.white
#ET# mris_place_surface  2.02 minutes
#VMPC# mris_place_surfaces VmPeak  2910844
mris_place_surface done
#--------------------------------------------
#@# T1PialSurf lh Fri Mar 13 08:02:58 CET 2026
cd /out/sourcedata/freesurfer/sub-v2s4x29632_ses-1/mri
mris_place_surface --adgws-in ../surf/autodet.gw.stats.lh.dat --seg aseg.presurf.mgz --threads 16 --wm wm.mgz --invol brain.finalsurfs.mgz --lh --i ../surf/lh.white --o ../surf/lh.pial.T1 --pial --nsmooth 0 --rip-label ../label/lh.cortex+hipamyg.label --pin-medial-wall ../label/lh.cortex.label --aparc ../label/lh.aparc.annot --repulse-surf ../surf/lh.white --white-surf ../surf/lh.white
7.3.2
7.3.2

cd /out/sourcedata/freesurfer/sub-v2s4x29632_ses-1/mri
setenv SUBJECTS_DIR /out/sourcedata/freesurfer
mris_place_surface --adgws-in ../surf/autodet.gw.stats.lh.dat --seg aseg.presurf.mgz --threads 16 --wm wm.mgz --invol brain.finalsurfs.mgz --lh --i ../surf/lh.white --o ../surf/lh.pial.T1 --pial --nsmooth 0 --rip-label ../label/lh.cortex+hipamyg.label --pin-medial-wall ../label/lh.cortex.label --aparc ../label/lh.aparc.annot --repulse-surf ../surf/lh.white --white-surf ../surf/lh.white 

Reading in input surface ../surf/lh.white
Not smoothing input surface
Area    241962  0.34415  0.13412 0.001124   2.3408
Corner  725886 60.00000 15.47363 0.366924 178.2930
Edge    362943  0.90472  0.21678 0.012636   3.8869
Hinge   362943 10.89166 12.54861 0.000014 179.9890
Reading white surface coordinates from ../surf/lh.white
Reading repulsion surface coordinates from ../surf/lh.white
Reading in aparc ../label/lh.aparc.annot
Reading in input volume brain.finalsurfs.mgz
Reading in wm volume wm.mgz
MRIclipBrightWM(): nthresh=15973, wmmin=5, clip=110 
MRIfindBrightNonWM(): 26 bright non-wm voxels segmented.
Masking bright non-wm for pial surface mid_gray = 76.1732
MRImask(): AllowDiffGeom = 1
MRImask(): AllowDiffGeom = 1
MRImask(): AllowDiffGeom = 1
Reading in seg volume aseg.presurf.mgz
Ripping frozen voxels
Ripping vertices not in label ../label/lh.cortex+hipamyg.label
MRISripNotLabel() ripped 5562/120983 vertices (115421 unripped)
INFO: rip surface needed but not specified, so using input surface
Ripping segs (eg, WMSA, BG, frozen)
Starting MRISripSegs() d = (-2 2 0.5) segnos: 247 
MRISripSegs(): -2 2 0.5 ripped 0
vertex 60492: xyz = (-42.7153,1.93433,60.9067) oxyz = (-42.7153,1.93433,60.9067) wxzy = (-42.7153,1.93433,60.9067) pxyz = (-42.7153,1.93433,60.9067) 
CBVO Creating mask 120983
n_averages 16
Iteration 0 =========================================
n_averages=16, current_sigma=2
Computing target border values 
Entering MRIScomputeBorderValues_new(): 
  inside_hi   =  97.0614620;
  border_hi   =  73.0949710;
  border_low  =  55.2849080;
  outside_low =  10.0000000;
  outside_hi  =  68.6424560;
  sigma = 2;
  max_thickness = 10;
  step_size=0.5;
  STEP_SIZE=0.1;
  which = 2
  thresh = 0
  flags = 0
  CBVfindFirstPeakD1=0
  CBVfindFirstPeakD2=0
  nvertices=120983
  Gdiag_no=-1
  vno start=0, stop=120983
Replacing 255s with 0s
#SI# sigma=2 had to be increased for 345 vertices, nripped=5562
mean border=71.6, 350 (350) missing vertices, mean dist 1.7 [2.2 (%0.0)->3.5 (%100.0))]
%14 local maxima, %33 large gradients and %48 min vals, 0 gradients ignored
nFirstPeakD1 0
MRIScomputeBorderValues_new() finished in 0.0096 min


Averaging target values for 5 iterations...
Positioning Surface: tspring = 0.3, nspring = 0.3, spring = 0, niters = 100 l_repulse = 0, l_surf_repulse = 5, checktol = 0
Positioning pial surface
Entering MRISpositionSurface()
  max_mm = 0.3
  MAX_REDUCTIONS = 2, REDUCTION_PCT = 0.5
  parms->check_tol = 0, niterations = 100
tol=1.0e-04, sigma=2.0, host=dna08, nav=16, nbrs=2, l_surf_repulse=5.000, l_tspring=0.300, l_nspring=0.300, l_intensity=0.200, l_curv=1.000
mom=0.00, dt=0.50
complete_dist_mat 0
rms 0
smooth_averages 0
remove_neg 0
ico_order 0
which_surface 0
target_radius 0.000000
nfields 0
scale 0.000000
desired_rms_height 0.000000
momentum 0.000000
nbhd_size 0
max_nbrs 0
niterations 100
nsurfaces 0
SURFACES 3
flags 0 (0)
use curv 0
no sulc 0
no rigid align 0
mris->nsize 2
mris->hemisphere 0
randomSeed 0

000: dt: 0.0000, sse=11941205.0, rms=22.609
001: dt: 0.5000, sse=9045296.0, rms=19.630 (13.177%)
002: dt: 0.5000, sse=6863981.5, rms=17.044 (13.173%)
003: dt: 0.5000, sse=5347360.0, rms=14.983 (12.089%)
004: dt: 0.5000, sse=4327996.5, rms=13.420 (10.433%)
005: dt: 0.5000, sse=3609982.2, rms=12.198 (9.108%)
006: dt: 0.5000, sse=3055435.2, rms=11.161 (8.500%)
007: dt: 0.5000, sse=2598754.2, rms=10.227 (8.367%)
008: dt: 0.5000, sse=2210493.0, rms=9.359 (8.489%)
009: dt: 0.5000, sse=1886096.5, rms=8.565 (8.482%)
010: dt: 0.5000, sse=1611614.9, rms=7.830 (8.583%)
011: dt: 0.5000, sse=1373886.2, rms=7.132 (8.920%)
012: dt: 0.5000, sse=1181103.6, rms=6.509 (8.726%)
013: dt: 0.5000, sse=1026849.9, rms=5.964 (8.381%)
014: dt: 0.5000, sse=915150.6, rms=5.534 (7.208%)
015: dt: 0.5000, sse=830044.8, rms=5.181 (6.377%)
016: dt: 0.5000, sse=776138.2, rms=4.942 (4.609%)
017: dt: 0.5000, sse=734053.8, rms=4.746 (3.969%)
018: dt: 0.5000, sse=708243.6, rms=4.620 (2.663%)
019: dt: 0.5000, sse=682859.2, rms=4.492 (2.755%)
020: dt: 0.5000, sse=669716.6, rms=4.422 (1.560%)
021: dt: 0.5000, sse=653427.7, rms=4.336 (1.958%)
rms = 4.2910/4.3356, sse=645612.1/653427.7, time step reduction 1 of 3 to 0.250  0 0 1
022: dt: 0.5000, sse=645612.1, rms=4.291 (1.030%)
023: dt: 0.2500, sse=570596.3, rms=3.874 (9.716%)
024: dt: 0.2500, sse=552663.4, rms=3.769 (2.710%)
rms = 3.7508/3.7690, sse=550020.8/552663.4, time step reduction 2 of 3 to 0.125  0 0 1
025: dt: 0.2500, sse=550020.8, rms=3.751 (0.484%)
026: dt: 0.1250, sse=532182.5, rms=3.642 (2.906%)
rms = 3.6117/3.6418, sse=527388.1/532182.5, time step reduction 3 of 3 to 0.062  0 0 1
027: dt: 0.1250, sse=527388.1, rms=3.612 (0.828%)
  maximum number of reductions reached, breaking from loop
positioning took 1.7 minutes
Iteration 1 =========================================
n_averages=8, current_sigma=1
Computing target border values 
Entering MRIScomputeBorderValues_new(): 
  inside_hi   =  97.0614620;
  border_hi   =  73.0949710;
  border_low  =  55.2849080;
  outside_low =  10.0000000;
  outside_hi  =  68.6424560;
  sigma = 1;
  max_thickness = 10;
  step_size=0.5;
  STEP_SIZE=0.1;
  which = 2
  thresh = 0
  flags = 0
  CBVfindFirstPeakD1=0
  CBVfindFirstPeakD2=0
  nvertices=120983
  Gdiag_no=-1
  vno start=0, stop=120983
Replacing 255s with 0s
#SI# sigma=1 had to be increased for 13586 vertices, nripped=5562
mean border=70.9, 2113 (88) missing vertices, mean dist 0.2 [0.2 (%41.7)->0.8 (%58.3))]
%24 local maxima, %27 large gradients and %43 min vals, 0 gradients ignored
nFirstPeakD1 0
MRIScomputeBorderValues_new() finished in 0.0033 min


Averaging target values for 5 iterations...
Positioning Surface: tspring = 0.3, nspring = 0.3, spring = 0, niters = 100 l_repulse = 0, l_surf_repulse = 5, checktol = 0
Positioning pial surface
Entering MRISpositionSurface()
  max_mm = 0.3
  MAX_REDUCTIONS = 2, REDUCTION_PCT = 0.5
  parms->check_tol = 0, niterations = 100
tol=1.0e-04, sigma=1.0, host=dna08, nav=8, nbrs=2, l_surf_repulse=5.000, l_tspring=0.300, l_nspring=0.300, l_intensity=0.200, l_curv=1.000
mom=0.00, dt=0.50
000: dt: 0.0000, sse=649802.6, rms=3.969
rms = 4.0631/3.9692, sse=667154.0/649802.6, time step reduction 1 of 3 to 0.250  0 1 1
   RMS increased, rejecting step
028: dt: 0.2500, sse=617224.7, rms=3.784 (4.671%)
029: dt: 0.2500, sse=596649.8, rms=3.661 (3.238%)
rms = 3.6408/3.6613, sse=593256.8/596649.8, time step reduction 2 of 3 to 0.125  0 0 1
030: dt: 0.2500, sse=593256.8, rms=3.641 (0.560%)
031: dt: 0.1250, sse=573217.6, rms=3.515 (3.442%)
rms = 3.4714/3.5155, sse=566225.4/573217.6, time step reduction 3 of 3 to 0.062  0 0 1
032: dt: 0.1250, sse=566225.4, rms=3.471 (1.255%)
  maximum number of reductions reached, breaking from loop
positioning took 0.4 minutes
Iteration 2 =========================================
n_averages=4, current_sigma=0.5
Computing target border values 
Entering MRIScomputeBorderValues_new(): 
  inside_hi   =  97.0614620;
  border_hi   =  73.0949710;
  border_low  =  55.2849080;
  outside_low =  10.0000000;
  outside_hi  =  68.6424560;
  sigma = 0.5;
  max_thickness = 10;
  step_size=0.5;
  STEP_SIZE=0.1;
  which = 2
  thresh = 0
  flags = 0
  CBVfindFirstPeakD1=0
  CBVfindFirstPeakD2=0
  nvertices=120983
  Gdiag_no=-1
  vno start=0, stop=120983
Replacing 255s with 0s
#SI# sigma=0.5 had to be increased for 14639 vertices, nripped=5562
mean border=70.7, 2668 (73) missing vertices, mean dist 0.2 [0.2 (%42.3)->0.7 (%57.7))]
%31 local maxima, %19 large gradients and %43 min vals, 0 gradients ignored
nFirstPeakD1 0
MRIScomputeBorderValues_new() finished in 0.0022 min


Averaging target values for 5 iterations...
Positioning Surface: tspring = 0.3, nspring = 0.3, spring = 0, niters = 100 l_repulse = 0, l_surf_repulse = 5, checktol = 0
Positioning pial surface
Entering MRISpositionSurface()
  max_mm = 0.3
  MAX_REDUCTIONS = 2, REDUCTION_PCT = 0.5
  parms->check_tol = 0, niterations = 100
tol=1.0e-04, sigma=0.5, host=dna08, nav=4, nbrs=2, l_surf_repulse=5.000, l_tspring=0.300, l_nspring=0.300, l_intensity=0.200, l_curv=1.000
mom=0.00, dt=0.50
000: dt: 0.0000, sse=583712.3, rms=3.568
rms = 3.7629/3.5684, sse=614925.9/583712.3, time step reduction 1 of 3 to 0.250  0 1 1
   RMS increased, rejecting step
033: dt: 0.2500, sse=569488.0, rms=3.480 (2.467%)
rms = 3.4697/3.4804, sse=567223.6/569488.0, time step reduction 2 of 3 to 0.125  0 0 1
034: dt: 0.2500, sse=567223.6, rms=3.470 (0.306%)
035: dt: 0.1250, sse=557867.0, rms=3.409 (1.755%)
rms = 3.3812/3.4088, sse=553415.9/557867.0, time step reduction 3 of 3 to 0.062  0 0 1
036: dt: 0.1250, sse=553415.9, rms=3.381 (0.812%)
  maximum number of reductions reached, breaking from loop
positioning took 0.3 minutes
Iteration 3 =========================================
n_averages=2, current_sigma=0.25
Computing target border values 
Entering MRIScomputeBorderValues_new(): 
  inside_hi   =  97.0614620;
  border_hi   =  73.0949710;
  border_low  =  55.2849080;
  outside_low =  10.0000000;
  outside_hi  =  68.6424560;
  sigma = 0.25;
  max_thickness = 10;
  step_size=0.5;
  STEP_SIZE=0.1;
  which = 2
  thresh = 0
  flags = 0
  CBVfindFirstPeakD1=0
  CBVfindFirstPeakD2=0
  nvertices=120983
  Gdiag_no=-1
  vno start=0, stop=120983
Replacing 255s with 0s
#SI# sigma=0.25 had to be increased for 11706 vertices, nripped=5562
mean border=70.4, 6512 (55) missing vertices, mean dist 0.1 [0.2 (%41.6)->0.5 (%58.4))]
%33 local maxima, %15 large gradients and %41 min vals, 0 gradients ignored
nFirstPeakD1 0
MRIScomputeBorderValues_new() finished in 0.0016 min


Averaging target values for 5 iterations...
Positioning Surface: tspring = 0.3, nspring = 0.3, spring = 0, niters = 100 l_repulse = 0, l_surf_repulse = 5, checktol = 0
Positioning pial surface
Entering MRISpositionSurface()
  max_mm = 0.3
  MAX_REDUCTIONS = 2, REDUCTION_PCT = 0.5
  parms->check_tol = 0, niterations = 100
tol=1.0e-04, sigma=0.2, host=dna08, nav=2, nbrs=2, l_surf_repulse=5.000, l_tspring=0.300, l_nspring=0.300, l_intensity=0.200, l_curv=1.000
mom=0.00, dt=0.50
000: dt: 0.0000, sse=552683.0, rms=3.368
rms = 3.5554/3.3678, sse=579719.6/552683.0, time step reduction 1 of 3 to 0.250  0 1 1
   RMS increased, rejecting step
037: dt: 0.2500, sse=541811.6, rms=3.298 (2.073%)
rms = 3.2636/3.2980, sse=535373.9/541811.6, time step reduction 2 of 3 to 0.125  0 0 1
038: dt: 0.2500, sse=535373.9, rms=3.264 (1.041%)
039: dt: 0.1250, sse=524753.4, rms=3.191 (2.216%)
rms = 3.1482/3.1913, sse=518079.8/524753.4, time step reduction 3 of 3 to 0.062  0 0 1
040: dt: 0.1250, sse=518079.8, rms=3.148 (1.351%)
  maximum number of reductions reached, breaking from loop
positioning took 0.3 minutes
Pinning medial wall to white surface
removing intersecting faces
000: 2 intersecting
terminating search with 0 intersecting


Writing output to ../surf/lh.pial.T1
#ET# mris_place_surface  2.71 minutes
#VMPC# mris_place_surfaces VmPeak  2326496
mris_place_surface done
#@# white curv lh Fri Mar 13 08:05:45 CET 2026
cd /out/sourcedata/freesurfer/sub-v2s4x29632_ses-1/mri
mris_place_surface --curv-map ../surf/lh.white 2 10 ../surf/lh.curv
insurf  ../surf/lh.white, nbrs 2, curvature_avgs 10
writing curvature file ../surf/lh.curv
#@# white area lh Fri Mar 13 08:05:47 CET 2026
cd /out/sourcedata/freesurfer/sub-v2s4x29632_ses-1/mri
mris_place_surface --area-map ../surf/lh.white ../surf/lh.area
writing curvature file ../surf/lh.area
#@# pial curv lh Fri Mar 13 08:05:47 CET 2026
cd /out/sourcedata/freesurfer/sub-v2s4x29632_ses-1/mri
mris_place_surface --curv-map ../surf/lh.pial 2 10 ../surf/lh.curv.pial
insurf  ../surf/lh.pial, nbrs 2, curvature_avgs 10
writing curvature file ../surf/lh.curv.pial
#@# pial area lh Fri Mar 13 08:05:49 CET 2026
cd /out/sourcedata/freesurfer/sub-v2s4x29632_ses-1/mri
mris_place_surface --area-map ../surf/lh.pial ../surf/lh.area.pial
writing curvature file ../surf/lh.area.pial
#@# thickness lh Fri Mar 13 08:05:49 CET 2026
cd /out/sourcedata/freesurfer/sub-v2s4x29632_ses-1/mri
mris_place_surface --thickness ../surf/lh.white ../surf/lh.pial 20 5 ../surf/lh.thickness
0 of 120983 vertices processed
25000 of 120983 vertices processed
50000 of 120983 vertices processed
75000 of 120983 vertices processed
100000 of 120983 vertices processed
0 of 120983 vertices processed
25000 of 120983 vertices processed
50000 of 120983 vertices processed
75000 of 120983 vertices processed
100000 of 120983 vertices processed
thickness calculation complete, 1119:4360 truncations.
46509 vertices at 0 distance
87905 vertices at 1 distance
60084 vertices at 2 distance
26798 vertices at 3 distance
11224 vertices at 4 distance
4653 vertices at 5 distance
2050 vertices at 6 distance
959 vertices at 7 distance
526 vertices at 8 distance
314 vertices at 9 distance
224 vertices at 10 distance
140 vertices at 11 distance
105 vertices at 12 distance
79 vertices at 13 distance
74 vertices at 14 distance
63 vertices at 15 distance
66 vertices at 16 distance
44 vertices at 17 distance
47 vertices at 18 distance
30 vertices at 19 distance
72 vertices at 20 distance
writing curvature file ../surf/lh.thickness
#@# area and vertex vol lh Fri Mar 13 08:06:06 CET 2026
cd /out/sourcedata/freesurfer/sub-v2s4x29632_ses-1/mri
mris_place_surface --thickness ../surf/lh.white ../surf/lh.pial 20 5 ../surf/lh.thickness
/out/sourcedata/freesurfer/sub-v2s4x29632_ses-1/surf
mris_calc -o lh.area.mid lh.area add lh.area.pial
Saving result to 'lh.area.mid' (type = MRI_CURV_FILE)                       [ ok ]
mris_calc -o lh.area.mid lh.area.mid div 2
Saving result to 'lh.area.mid' (type = MRI_CURV_FILE)                       [ ok ]
mris_convert --volume sub-v2s4x29632_ses-1 lh /out/sourcedata/freesurfer/sub-v2s4x29632_ses-1/surf/lh.volume
masking with /out/sourcedata/freesurfer/sub-v2s4x29632_ses-1/label/lh.cortex.label
Total face volume 251096
Total vertex volume 250861 (mask=0)
#@# sub-v2s4x29632_ses-1 lh 250861
 
vertexvol Done

#-----------------------------------------
#@# Curvature Stats lh Fri Mar 13 08:06:07 CET 2026
/out/sourcedata/freesurfer/sub-v2s4x29632_ses-1/surf

 mris_curvature_stats -m --writeCurvatureFiles -G -o ../stats/lh.curv.stats -F smoothwm sub-v2s4x29632_ses-1 lh curv sulc 

             Toggling save flag on curvature files                       [ ok ]
                 Outputting results using filestem   [ ../stats/lh.curv.stats ]
             Toggling save flag on curvature files                       [ ok ]
                                   Setting surface [ sub-v2s4x29632_ses-1/lh.smoothwm ]
                                Reading surface...                       [ ok ]
                                   Setting texture                     [ curv ]
                                Reading texture...                       [ ok ]
                                   Setting texture                     [ sulc ]
                                Reading texture...Gb_filter = 0
                       [ ok ]
      Calculating Discrete Principal Curvatures...
      Determining geometric order for vno faces... [####################] [ ok ]
                      Determining KH curvatures... [####################] [ ok ]
                    Determining k1k2 curvatures... [####################] [ ok ]
                                   deltaViolations                      [ 257 ]
Gb_filter = 0

WARN:    S lookup   min:                          -0.321337
WARN:    S explicit min:                          0.000000	vertex = 837
#-----------------------------------------
#@# Cortical Parc 2 lh Fri Mar 13 08:06:08 CET 2026
/out/sourcedata/freesurfer/sub-v2s4x29632_ses-1/scripts

 mris_ca_label -l ../label/lh.cortex.label -aseg ../mri/aseg.presurf.mgz -seed 1234 sub-v2s4x29632_ses-1 lh ../surf/lh.sphere.reg /opt/freesurfer/average/lh.CDaparc.atlas.acfb40.noaparc.i12.2016-08-02.gcs ../label/lh.aparc.a2009s.annot 

setting seed for random number generator to 1234
using ../mri/aseg.presurf.mgz aseg volume to correct midline
7.3.2
  7.3.2
reading atlas from /opt/freesurfer/average/lh.CDaparc.atlas.acfb40.noaparc.i12.2016-08-02.gcs...
reading color table from GCSA file....
average std = 3.0   using min determinant for regularization = 0.088
0 singular and 0 ill-conditioned covariance matrices regularized
input 0: MEAN CURVATURE, flags 0, avgs 5, name mean_curvature
labeling surface...
37 labels changed using aseg
relabeling using gibbs priors...
000:   7881 changed, 120983 examined...
001:   1853 changed, 30694 examined...
002:    556 changed, 9813 examined...
003:    227 changed, 3198 examined...
004:    105 changed, 1276 examined...
005:     60 changed, 644 examined...
006:     31 changed, 364 examined...
007:     18 changed, 175 examined...
008:     10 changed, 104 examined...
009:      4 changed, 53 examined...
010:      1 changed, 29 examined...
011:      2 changed, 6 examined...
012:      4 changed, 10 examined...
013:      1 changed, 18 examined...
014:      0 changed, 8 examined...
12 labels changed using aseg
000: 201 total segments, 115 labels (1063 vertices) changed
001: 94 total segments, 9 labels (29 vertices) changed
002: 85 total segments, 0 labels (0 vertices) changed
10 filter iterations complete (10 requested, 29 changed)
rationalizing unknown annotations with cortex label
relabeling Medial_wall label...
1208 vertices marked for relabeling...
1208 labels changed in reclassification.
writing output to ../label/lh.aparc.a2009s.annot...
classification took 0 minutes and 9 seconds.
#-----------------------------------------
#@# Cortical Parc 3 lh Fri Mar 13 08:06:17 CET 2026
/out/sourcedata/freesurfer/sub-v2s4x29632_ses-1/scripts

 mris_ca_label -l ../label/lh.cortex.label -aseg ../mri/aseg.presurf.mgz -seed 1234 sub-v2s4x29632_ses-1 lh ../surf/lh.sphere.reg /opt/freesurfer/average/lh.DKTaparc.atlas.acfb40.noaparc.i12.2016-08-02.gcs ../label/lh.aparc.DKTatlas.annot 

setting seed for random number generator to 1234
using ../mri/aseg.presurf.mgz aseg volume to correct midline
7.3.2
  7.3.2
reading atlas from /opt/freesurfer/average/lh.DKTaparc.atlas.acfb40.noaparc.i12.2016-08-02.gcs...
reading color table from GCSA file....
average std = 1.4   using min determinant for regularization = 0.020
0 singular and 383 ill-conditioned covariance matrices regularized
input 0: MEAN CURVATURE, flags 0, avgs 5, name mean_curvature
labeling surface...
1302 labels changed using aseg
relabeling using gibbs priors...
000:   1766 changed, 120983 examined...
001:    408 changed, 8254 examined...
002:     93 changed, 2383 examined...
003:     51 changed, 550 examined...
004:     37 changed, 314 examined...
005:     23 changed, 207 examined...
006:     13 changed, 126 examined...
007:      7 changed, 80 examined...
008:      4 changed, 41 examined...
009:      2 changed, 24 examined...
010:      3 changed, 15 examined...
011:      3 changed, 18 examined...
012:      0 changed, 12 examined...
218 labels changed using aseg
000: 48 total segments, 15 labels (82 vertices) changed
001: 33 total segments, 0 labels (0 vertices) changed
7 filter iterations complete (10 requested, 0 changed)
rationalizing unknown annotations with cortex label
relabeling unknown label...
relabeling corpuscallosum label...
910 vertices marked for relabeling...
910 labels changed in reclassification.
writing output to ../label/lh.aparc.DKTatlas.annot...
classification took 0 minutes and 7 seconds.
#-----------------------------------------
#@# WM/GM Contrast lh Fri Mar 13 08:06:24 CET 2026
/out/sourcedata/freesurfer/sub-v2s4x29632_ses-1/scripts

 pctsurfcon --s sub-v2s4x29632_ses-1 --lh-only 

Log file is /out/sourcedata/freesurfer/sub-v2s4x29632_ses-1/scripts/pctsurfcon.log
Fri Mar 13 08:06:24 CET 2026
setenv SUBJECTS_DIR /out/sourcedata/freesurfer
cd /out/sourcedata/freesurfer/sub-v2s4x29632_ses-1/scripts
/opt/freesurfer/bin/pctsurfcon
pctsurfcon 7.3.2
Linux dna082 5.14.0-427.37.1.el9_4.x86_64 #1 SMP PREEMPT_DYNAMIC Fri Sep 13 12:41:50 EDT 2024 x86_64 x86_64 x86_64 GNU/Linux
FREESURFER_HOME /opt/freesurfer
mri_vol2surf --mov /out/sourcedata/freesurfer/sub-v2s4x29632_ses-1/mri/rawavg.mgz --hemi lh --noreshape --interp trilinear --projdist -1 --o /out/sourcedata/freesurfer/sub-v2s4x29632_ses-1/surf/tmp.pctsurfcon.742988/lh.wm.mgh --regheader sub-v2s4x29632_ses-1 --cortex
srcvol = /out/sourcedata/freesurfer/sub-v2s4x29632_ses-1/mri/rawavg.mgz
srcreg unspecified
srcregold = 0
srcwarp unspecified
surf = white
hemi = lh
ProjDist = -1
reshape = 0
interp = trilinear
float2int = round
GetProjMax = 0
INFO: float2int code = 0
Done loading volume
Computing registration from header.
  Using /out/sourcedata/freesurfer/sub-v2s4x29632_ses-1/mri/orig.mgz as target reference.
-------- original matrix -----------
-0.99901  -0.03209  -0.03092   0.00002;
-0.03091  -0.00099   0.99952   0.00002;
 0.03211  -0.99948   0.00000   0.00000;
 0.00000   0.00000   0.00000   1.00000;
-------- original matrix -----------
Loading label /out/sourcedata/freesurfer/sub-v2s4x29632_ses-1/label/lh.cortex.label
Reading surface /out/sourcedata/freesurfer/sub-v2s4x29632_ses-1/surf/lh.white
Done reading source surface
Mapping Source Volume onto Source Subject Surface
Projecting -1 -1 1
 1 -1 -1 -1
using old
Done mapping volume to surface
Number of source voxels hit = 74357
Masking with /out/sourcedata/freesurfer/sub-v2s4x29632_ses-1/label/lh.cortex.label
Writing to /out/sourcedata/freesurfer/sub-v2s4x29632_ses-1/surf/tmp.pctsurfcon.742988/lh.wm.mgh
Dim: 120983 1 1
mri_vol2surf --mov /out/sourcedata/freesurfer/sub-v2s4x29632_ses-1/mri/rawavg.mgz --hemi lh --noreshape --interp trilinear --o /out/sourcedata/freesurfer/sub-v2s4x29632_ses-1/surf/tmp.pctsurfcon.742988/lh.gm.mgh --projfrac 0.3 --regheader sub-v2s4x29632_ses-1 --cortex
srcvol = /out/sourcedata/freesurfer/sub-v2s4x29632_ses-1/mri/rawavg.mgz
srcreg unspecified
srcregold = 0
srcwarp unspecified
surf = white
hemi = lh
ProjFrac = 0.3
thickness = thickness
reshape = 0
interp = trilinear
float2int = round
GetProjMax = 0
INFO: float2int code = 0
Done loading volume
Computing registration from header.
  Using /out/sourcedata/freesurfer/sub-v2s4x29632_ses-1/mri/orig.mgz as target reference.
-------- original matrix -----------
-0.99901  -0.03209  -0.03092   0.00002;
-0.03091  -0.00099   0.99952   0.00002;
 0.03211  -0.99948   0.00000   0.00000;
 0.00000   0.00000   0.00000   1.00000;
-------- original matrix -----------
Loading label /out/sourcedata/freesurfer/sub-v2s4x29632_ses-1/label/lh.cortex.label
Reading surface /out/sourcedata/freesurfer/sub-v2s4x29632_ses-1/surf/lh.white
Done reading source surface
Reading thickness /out/sourcedata/freesurfer/sub-v2s4x29632_ses-1/surf/lh.thickness
Done
Mapping Source Volume onto Source Subject Surface
Projecting 0.3 0.3 1
 1 0.3 0.3 0.3
using old
Done mapping volume to surface
Number of source voxels hit = 85742
Masking with /out/sourcedata/freesurfer/sub-v2s4x29632_ses-1/label/lh.cortex.label
Writing to /out/sourcedata/freesurfer/sub-v2s4x29632_ses-1/surf/tmp.pctsurfcon.742988/lh.gm.mgh
Dim: 120983 1 1
mri_concat /out/sourcedata/freesurfer/sub-v2s4x29632_ses-1/surf/tmp.pctsurfcon.742988/lh.wm.mgh /out/sourcedata/freesurfer/sub-v2s4x29632_ses-1/surf/tmp.pctsurfcon.742988/lh.gm.mgh --paired-diff-norm --mul 100 --o /out/sourcedata/freesurfer/sub-v2s4x29632_ses-1/surf/lh.w-g.pct.mgh
ninputs = 2
Checking inputs
nframestot = 2
Allocing output
Done allocing
Combining pairs
nframes = 1
Multiplying by 100.000000
Writing to /out/sourcedata/freesurfer/sub-v2s4x29632_ses-1/surf/lh.w-g.pct.mgh
mri_segstats --in /out/sourcedata/freesurfer/sub-v2s4x29632_ses-1/surf/lh.w-g.pct.mgh --annot sub-v2s4x29632_ses-1 lh aparc --sum /out/sourcedata/freesurfer/sub-v2s4x29632_ses-1/stats/lh.w-g.pct.stats --snr

7.3.2
cwd 
cmdline mri_segstats --in /out/sourcedata/freesurfer/sub-v2s4x29632_ses-1/surf/lh.w-g.pct.mgh --annot sub-v2s4x29632_ses-1 lh aparc --sum /out/sourcedata/freesurfer/sub-v2s4x29632_ses-1/stats/lh.w-g.pct.stats --snr 
sysname  Linux
hostname dna082
machine  x86_64
user     oesteban
whitesurfname  white
UseRobust  0
Constructing seg from annotation

Reading annotation /out/sourcedata/freesurfer/sub-v2s4x29632_ses-1/label/lh.aparc.annot
Seg base 1000
Loading /out/sourcedata/freesurfer/sub-v2s4x29632_ses-1/surf/lh.w-g.pct.mgh
Vertex Area is 0.688297 mm^3
Generating list of segmentation ids
Found  36 segmentations
Computing statistics for each segmentation

Reporting on  35 segmentations
Using PrintSegStat
mri_segstats done
Cleaning up

Started at Fri Mar 13 07:44:32 CET 2026 
Ended   at Fri Mar 13 08:06:26 CET 2026
#@#%# recon-all-run-time-hours 0.365
recon-all -s sub-v2s4x29632_ses-1 finished without error at Fri Mar 13 08:06:26 CET 2026



#New# invocation of recon-all 




Fri Mar 13 08:36:08 CET 2026
cd /out/sourcedata/freesurfer/sub-v2s4x29632_ses-1
setenv SUBJECTS_DIR /out/sourcedata/freesurfer
/opt/freesurfer/bin/recon-all -autorecon-hemi lh -nohyporelabel -lh-only -openmp 16 -subjid sub-v2s4x29632_ses-1 -sd /out/sourcedata/freesurfer -notessellate -nosmooth1 -noinflate1 -noqsphere -nofix -nowhite -nosmooth2 -noinflate2 -nocurvHK -nocurvstats -nosphere -nosurfreg -nojacobian_white -noavgcurv -nocortparc -nopial -nocortparc2 -nocortparc3 -nopctsurfcon

subjid sub-v2s4x29632_ses-1
setenv SUBJECTS_DIR /out/sourcedata/freesurfer
FREESURFER_HOME /opt/freesurfer
Actual FREESURFER_HOME /opt/freesurfer
build-stamp.txt: freesurfer-linux-ubuntu22_x86_64-7.3.2-20220804-6354275
Linux dna082 5.14.0-427.37.1.el9_4.x86_64 #1 SMP PREEMPT_DYNAMIC Fri Sep 13 12:41:50 EDT 2024 x86_64 x86_64 x86_64 GNU/Linux
cputime      unlimited
filesize     unlimited
datasize     unlimited
stacksize    8192 kbytes
coredumpsize 0 kbytes
memoryuse    67108864 kbytes
vmemoryuse   unlimited
descriptors  1024 
memorylocked unlimited
maxproc      2061970 
maxlocks     unlimited
maxsignal    2062029 
maxmessage   819200 
maxnice      0 
maxrtprio    0 
maxrttime    unlimited

               total        used        free      shared  buff/cache   available
Mem:           503Gi        56Gi       342Gi       8.8Gi       104Gi       435Gi
Swap:             0B          0B          0B

########################################
program versions used
7.3.2 (freesurfer-linux-ubuntu22_x86_64-7.3.2-20220804-6354275)
7.3.2

ProgramName: lta_convert  ProgramArguments: lta_convert -all-info  ProgramVersion: 7.3.2  TimeStamp: 2026/03/13-07:36:08-GMT  BuildTime: Aug  4 2022 06:17:15  BuildStamp: freesurfer-linux-ubuntu22_x86_64-7.3.2-20220804-6354275  User: oesteban  Machine: dna082  Platform: Linux  PlatformVersion: 5.14.0-427.37.1.el9_4.x86_64  CompilerName: GCC  CompilerVersion: 8.4.0
ProgramName: mri_and  ProgramArguments: mri_and -all-info  ProgramVersion: 7.3.2  TimeStamp: 2026/03/13-07:36:08-GMT  BuildTime: Aug  4 2022 06:17:15  BuildStamp: freesurfer-linux-ubuntu22_x86_64-7.3.2-20220804-6354275  User: oesteban  Machine: dna082  Platform: Linux  PlatformVersion: 5.14.0-427.37.1.el9_4.x86_64  CompilerName: GCC  CompilerVersion: 8.4.0
ProgramName: mri_annotation2label  ProgramArguments: mri_annotation2label -all-info  ProgramVersion: 7.3.2  TimeStamp: 2026/03/13-07:36:08-GMT  BuildTime: Aug  4 2022 06:17:15  BuildStamp: freesurfer-linux-ubuntu22_x86_64-7.3.2-20220804-6354275  User: oesteban  Machine: dna082  Platform: Linux  PlatformVersion: 5.14.0-427.37.1.el9_4.x86_64  CompilerName: GCC  CompilerVersion: 8.4.0
ProgramName: mri_aparc2aseg  ProgramArguments: mri_aparc2aseg -all-info  ProgramVersion: 7.3.2  TimeStamp: 2026/03/13-07:36:08-GMT  BuildTime: Aug  4 2022 06:17:15  BuildStamp: freesurfer-linux-ubuntu22_x86_64-7.3.2-20220804-6354275  User: oesteban  Machine: dna082  Platform: Linux  PlatformVersion: 5.14.0-427.37.1.el9_4.x86_64  CompilerName: GCC  CompilerVersion: 8.4.0
ProgramName: mri_surf2volseg  ProgramArguments: mri_surf2volseg -all-info  ProgramVersion: 7.3.2  TimeStamp: 2026/03/13-07:36:08-GMT  BuildTime: Aug  4 2022 06:17:15  BuildStamp: freesurfer-linux-ubuntu22_x86_64-7.3.2-20220804-6354275  User: oesteban  Machine: dna082  Platform: Linux  PlatformVersion: 5.14.0-427.37.1.el9_4.x86_64  CompilerName: GCC  CompilerVersion: 8.4.0
ProgramName: mri_binarize  ProgramArguments: mri_binarize -all-info  ProgramVersion: 7.3.2  TimeStamp: 2026/03/13-07:36:08-GMT  BuildTime: Aug  4 2022 06:17:15  BuildStamp: freesurfer-linux-ubuntu22_x86_64-7.3.2-20220804-6354275  User: oesteban  Machine: dna082  Platform: Linux  PlatformVersion: 5.14.0-427.37.1.el9_4.x86_64  CompilerName: GCC  CompilerVersion: 8.4.0
ProgramName: mri_ca_label  ProgramArguments: mri_ca_label -all-info  ProgramVersion: 7.3.2  TimeStamp: 2026/03/13-07:36:08-GMT  BuildTime: Aug  4 2022 06:17:15  BuildStamp: freesurfer-linux-ubuntu22_x86_64-7.3.2-20220804-6354275  User: oesteban  Machine: dna082  Platform: Linux  PlatformVersion: 5.14.0-427.37.1.el9_4.x86_64  CompilerName: GCC  CompilerVersion: 8.4.0
ProgramName: mri_ca_normalize  ProgramArguments: mri_ca_normalize -all-info  ProgramVersion: 7.3.2  TimeStamp: 2026/03/13-07:36:08-GMT  BuildTime: Aug  4 2022 06:17:15  BuildStamp: freesurfer-linux-ubuntu22_x86_64-7.3.2-20220804-6354275  User: oesteban  Machine: dna082  Platform: Linux  PlatformVersion: 5.14.0-427.37.1.el9_4.x86_64  CompilerName: GCC  CompilerVersion: 8.4.0
ProgramName: mri_ca_register  ProgramArguments: mri_ca_register -all-info  ProgramVersion: 7.3.2  TimeStamp: 2026/03/13-07:36:08-GMT  BuildTime: Aug  4 2022 06:17:15  BuildStamp: freesurfer-linux-ubuntu22_x86_64-7.3.2-20220804-6354275  User: oesteban  Machine: dna082  Platform: Linux  PlatformVersion: 5.14.0-427.37.1.el9_4.x86_64  CompilerName: GCC  CompilerVersion: 8.4.0
ProgramName: mri_cc  ProgramArguments: mri_cc -all-info  ProgramVersion: 7.3.2  TimeStamp: 2026/03/13-07:36:08-GMT  BuildTime: Aug  4 2022 06:17:15  BuildStamp: freesurfer-linux-ubuntu22_x86_64-7.3.2-20220804-6354275  User: oesteban  Machine: dna082  Platform: Linux  PlatformVersion: 5.14.0-427.37.1.el9_4.x86_64  CompilerName: GCC  CompilerVersion: 8.4.0
ProgramName: mri_compute_overlap  ProgramArguments: mri_compute_overlap -all-info  ProgramVersion: 7.3.2  TimeStamp: 2026/03/13-07:36:08-GMT  BuildTime: Aug  4 2022 06:17:15  BuildStamp: freesurfer-linux-ubuntu22_x86_64-7.3.2-20220804-6354275  User: oesteban  Machine: dna082  Platform: Linux  PlatformVersion: 5.14.0-427.37.1.el9_4.x86_64  CompilerName: GCC  CompilerVersion: 8.4.0
ProgramName: mri_compute_seg_overlap  ProgramArguments: mri_compute_seg_overlap -all-info  ProgramVersion: 7.3.2  TimeStamp: 2026/03/13-07:36:08-GMT  BuildTime: Aug  4 2022 06:17:15  BuildStamp: freesurfer-linux-ubuntu22_x86_64-7.3.2-20220804-6354275  User: oesteban  Machine: dna082  Platform: Linux  PlatformVersion: 5.14.0-427.37.1.el9_4.x86_64  CompilerName: GCC  CompilerVersion: 8.4.0
ProgramName: mri_concat  ProgramArguments: mri_concat -all-info  ProgramVersion: 7.3.2  TimeStamp: 2026/03/13-07:36:08-GMT  BuildTime: Aug  4 2022 06:17:15  BuildStamp: freesurfer-linux-ubuntu22_x86_64-7.3.2-20220804-6354275  User: oesteban  Machine: dna082  Platform: Linux  PlatformVersion: 5.14.0-427.37.1.el9_4.x86_64  CompilerName: GCC  CompilerVersion: 8.4.0
ProgramName: mri_concatenate_lta  ProgramArguments: mri_concatenate_lta -all-info  ProgramVersion: 7.3.2  TimeStamp: 2026/03/13-07:36:08-GMT  BuildTime: Aug  4 2022 06:17:15  BuildStamp: freesurfer-linux-ubuntu22_x86_64-7.3.2-20220804-6354275  User: oesteban  Machine: dna082  Platform: Linux  PlatformVersion: 5.14.0-427.37.1.el9_4.x86_64  CompilerName: GCC  CompilerVersion: 8.4.0
mri_convert -all-info 
ProgramName: mri_convert  ProgramArguments: mri_convert -all-info  ProgramVersion: 7.3.2  TimeStamp: 2026/03/13-07:36:08-GMT  BuildTime: Aug  4 2022 06:17:15  BuildStamp: freesurfer-linux-ubuntu22_x86_64-7.3.2-20220804-6354275  User: oesteban  Machine: dna082  Platform: Linux  PlatformVersion: 5.14.0-427.37.1.el9_4.x86_64  CompilerName: GCC  CompilerVersion: 8.4.0
ProgramName: mri_diff  ProgramArguments: mri_diff -all-info  ProgramVersion: 7.3.2  TimeStamp: 2026/03/13-07:36:08-GMT  BuildTime: Aug  4 2022 06:17:15  BuildStamp: freesurfer-linux-ubuntu22_x86_64-7.3.2-20220804-6354275  User: oesteban  Machine: dna082  Platform: Linux  PlatformVersion: 5.14.0-427.37.1.el9_4.x86_64  CompilerName: GCC  CompilerVersion: 8.4.0
ProgramName: mri_edit_wm_with_aseg  ProgramArguments: mri_edit_wm_with_aseg -all-info  ProgramVersion: 7.3.2  TimeStamp: 2026/03/13-07:36:08-GMT  BuildTime: Aug  4 2022 06:17:15  BuildStamp: freesurfer-linux-ubuntu22_x86_64-7.3.2-20220804-6354275  User: oesteban  Machine: dna082  Platform: Linux  PlatformVersion: 5.14.0-427.37.1.el9_4.x86_64  CompilerName: GCC  CompilerVersion: 8.4.0
ProgramName: mri_em_register  ProgramArguments: mri_em_register -all-info  ProgramVersion: 7.3.2  TimeStamp: 2026/03/13-07:36:08-GMT  BuildTime: Aug  4 2022 06:17:15  BuildStamp: freesurfer-linux-ubuntu22_x86_64-7.3.2-20220804-6354275  User: oesteban  Machine: dna082  Platform: Linux  PlatformVersion: 5.14.0-427.37.1.el9_4.x86_64  CompilerName: GCC  CompilerVersion: 8.4.0
ProgramName: mri_fill  ProgramArguments: mri_fill -all-info  ProgramVersion: 7.3.2  TimeStamp: 2026/03/13-07:36:08-GMT  BuildTime: Aug  4 2022 06:17:15  BuildStamp: freesurfer-linux-ubuntu22_x86_64-7.3.2-20220804-6354275  User: oesteban  Machine: dna082  Platform: Linux  PlatformVersion: 5.14.0-427.37.1.el9_4.x86_64  CompilerName: GCC  CompilerVersion: 8.4.0
ProgramName: mri_fuse_segmentations  ProgramArguments: mri_fuse_segmentations -all-info  ProgramVersion: 7.3.2  TimeStamp: 2026/03/13-07:36:08-GMT  BuildTime: Aug  4 2022 06:17:15  BuildStamp: freesurfer-linux-ubuntu22_x86_64-7.3.2-20220804-6354275  User: oesteban  Machine: dna082  Platform: Linux  PlatformVersion: 5.14.0-427.37.1.el9_4.x86_64  CompilerName: GCC  CompilerVersion: 8.4.0
ProgramName: mri_fwhm  ProgramArguments: mri_fwhm -all-info  ProgramVersion: 7.3.2  TimeStamp: 2026/03/13-07:36:08-GMT  BuildTime: Aug  4 2022 06:17:15  BuildStamp: freesurfer-linux-ubuntu22_x86_64-7.3.2-20220804-6354275  User: oesteban  Machine: dna082  Platform: Linux  PlatformVersion: 5.14.0-427.37.1.el9_4.x86_64  CompilerName: GCC  CompilerVersion: 8.4.0
ProgramName: mri_gcut  ProgramArguments: mri_gcut -all-info  ProgramVersion: 7.3.2  TimeStamp: 2026/03/13-07:36:08-GMT  BuildTime: Aug  4 2022 06:17:15  BuildStamp: freesurfer-linux-ubuntu22_x86_64-7.3.2-20220804-6354275  User: oesteban  Machine: dna082  Platform: Linux  PlatformVersion: 5.14.0-427.37.1.el9_4.x86_64  CompilerName: GCC  CompilerVersion: 8.4.0
ProgramName: mri_info  ProgramArguments: mri_info -all-info  ProgramVersion: 7.3.2  TimeStamp: 2026/03/13-07:36:08-GMT  BuildTime: Aug  4 2022 06:17:15  BuildStamp: freesurfer-linux-ubuntu22_x86_64-7.3.2-20220804-6354275  User: oesteban  Machine: dna082  Platform: Linux  PlatformVersion: 5.14.0-427.37.1.el9_4.x86_64  CompilerName: GCC  CompilerVersion: 8.4.0
ProgramName: mri_label2label  ProgramArguments: mri_label2label -all-info  ProgramVersion: 7.3.2  TimeStamp: 2026/03/13-07:36:08-GMT  BuildTime: Aug  4 2022 06:17:15  BuildStamp: freesurfer-linux-ubuntu22_x86_64-7.3.2-20220804-6354275  User: oesteban  Machine: dna082  Platform: Linux  PlatformVersion: 5.14.0-427.37.1.el9_4.x86_64  CompilerName: GCC  CompilerVersion: 8.4.0
ProgramName: mri_label2vol  ProgramArguments: mri_label2vol -all-info  ProgramVersion: 7.3.2  TimeStamp: 2026/03/13-07:36:08-GMT  BuildTime: Aug  4 2022 06:17:15  BuildStamp: freesurfer-linux-ubuntu22_x86_64-7.3.2-20220804-6354275  User: oesteban  Machine: dna082  Platform: Linux  PlatformVersion: 5.14.0-427.37.1.el9_4.x86_64  CompilerName: GCC  CompilerVersion: 8.4.0
ProgramName: mri_log_likelihood  ProgramArguments: mri_log_likelihood -all-info  ProgramVersion: 7.3.2  TimeStamp: 2026/03/13-07:36:08-GMT  BuildTime: Aug  4 2022 06:17:15  BuildStamp: freesurfer-linux-ubuntu22_x86_64-7.3.2-20220804-6354275  User: oesteban  Machine: dna082  Platform: Linux  PlatformVersion: 5.14.0-427.37.1.el9_4.x86_64  CompilerName: GCC  CompilerVersion: 8.4.0
ProgramName: mri_mask  ProgramArguments: mri_mask -all-info  ProgramVersion: 7.3.2  TimeStamp: 2026/03/13-07:36:08-GMT  BuildTime: Aug  4 2022 06:17:15  BuildStamp: freesurfer-linux-ubuntu22_x86_64-7.3.2-20220804-6354275  User: oesteban  Machine: dna082  Platform: Linux  PlatformVersion: 5.14.0-427.37.1.el9_4.x86_64  CompilerName: GCC  CompilerVersion: 8.4.0
ProgramName: mri_matrix_multiply  ProgramArguments: mri_matrix_multiply -all-info  ProgramVersion: 7.3.2  TimeStamp: 2026/03/13-07:36:08-GMT  BuildTime: Aug  4 2022 06:17:15  BuildStamp: freesurfer-linux-ubuntu22_x86_64-7.3.2-20220804-6354275  User: oesteban  Machine: dna082  Platform: Linux  PlatformVersion: 5.14.0-427.37.1.el9_4.x86_64  CompilerName: GCC  CompilerVersion: 8.4.0
ProgramName: mri_normalize  ProgramArguments: mri_normalize -all-info  ProgramVersion: 7.3.2  TimeStamp: 2026/03/13-07:36:08-GMT  BuildTime: Aug  4 2022 06:17:15  BuildStamp: freesurfer-linux-ubuntu22_x86_64-7.3.2-20220804-6354275  User: oesteban  Machine: dna082  Platform: Linux  PlatformVersion: 5.14.0-427.37.1.el9_4.x86_64  CompilerName: GCC  CompilerVersion: 8.4.0
ProgramName: mri_normalize_tp2  ProgramArguments: mri_normalize_tp2 -all-info  ProgramVersion: 7.3.2  TimeStamp: 2026/03/13-07:36:08-GMT  BuildTime: Aug  4 2022 06:17:15  BuildStamp: freesurfer-linux-ubuntu22_x86_64-7.3.2-20220804-6354275  User: oesteban  Machine: dna082  Platform: Linux  PlatformVersion: 5.14.0-427.37.1.el9_4.x86_64  CompilerName: GCC  CompilerVersion: 8.4.0
ProgramName: mri_or  ProgramArguments: mri_or -all-info  ProgramVersion: 7.3.2  TimeStamp: 2026/03/13-07:36:08-GMT  BuildTime: Aug  4 2022 06:17:15  BuildStamp: freesurfer-linux-ubuntu22_x86_64-7.3.2-20220804-6354275  User: oesteban  Machine: dna082  Platform: Linux  PlatformVersion: 5.14.0-427.37.1.el9_4.x86_64  CompilerName: GCC  CompilerVersion: 8.4.0
ProgramName: mri_relabel_hypointensities  ProgramArguments: mri_relabel_hypointensities -all-info  ProgramVersion: 7.3.2  TimeStamp: 2026/03/13-07:36:08-GMT  BuildTime: Aug  4 2022 06:17:15  BuildStamp: freesurfer-linux-ubuntu22_x86_64-7.3.2-20220804-6354275  User: oesteban  Machine: dna082  Platform: Linux  PlatformVersion: 5.14.0-427.37.1.el9_4.x86_64  CompilerName: GCC  CompilerVersion: 8.4.0
ProgramName: mri_relabel_nonwm_hypos  ProgramArguments: mri_relabel_nonwm_hypos -all-info  ProgramVersion: 7.3.2  TimeStamp: 2026/03/13-07:36:08-GMT  BuildTime: Aug  4 2022 06:17:15  BuildStamp: freesurfer-linux-ubuntu22_x86_64-7.3.2-20220804-6354275  User: oesteban  Machine: dna082  Platform: Linux  PlatformVersion: 5.14.0-427.37.1.el9_4.x86_64  CompilerName: GCC  CompilerVersion: 8.4.0
ProgramName: mri_remove_neck  ProgramArguments: mri_remove_neck -all-info  ProgramVersion: 7.3.2  TimeStamp: 2026/03/13-07:36:08-GMT  BuildTime: Aug  4 2022 06:17:15  BuildStamp: freesurfer-linux-ubuntu22_x86_64-7.3.2-20220804-6354275  User: oesteban  Machine: dna082  Platform: Linux  PlatformVersion: 5.14.0-427.37.1.el9_4.x86_64  CompilerName: GCC  CompilerVersion: 8.4.0
7.3.2

ProgramName: mri_robust_register  ProgramArguments: mri_robust_register -all-info  ProgramVersion: 7.3.2  TimeStamp: 2026/03/13-07:36:08-GMT  BuildTime: Aug  4 2022 06:17:15  BuildStamp: freesurfer-linux-ubuntu22_x86_64-7.3.2-20220804-6354275  User: oesteban  Machine: dna082  Platform: Linux  PlatformVersion: 5.14.0-427.37.1.el9_4.x86_64  CompilerName: GCC  CompilerVersion: 8.4.0
7.3.2

ProgramName: mri_robust_template  ProgramArguments: mri_robust_template -all-info  ProgramVersion: 7.3.2  TimeStamp: 2026/03/13-07:36:08-GMT  BuildTime: Aug  4 2022 06:17:15  BuildStamp: freesurfer-linux-ubuntu22_x86_64-7.3.2-20220804-6354275  User: oesteban  Machine: dna082  Platform: Linux  PlatformVersion: 5.14.0-427.37.1.el9_4.x86_64  CompilerName: GCC  CompilerVersion: 8.4.0
ProgramName: mris_anatomical_stats  ProgramArguments: mris_anatomical_stats -all-info  ProgramVersion: 7.3.2  TimeStamp: 2026/03/13-07:36:08-GMT  BuildTime: Aug  4 2022 06:17:15  BuildStamp: freesurfer-linux-ubuntu22_x86_64-7.3.2-20220804-6354275  User: oesteban  Machine: dna082  Platform: Linux  PlatformVersion: 5.14.0-427.37.1.el9_4.x86_64  CompilerName: GCC  CompilerVersion: 8.4.0
ProgramName: mris_ca_label  ProgramArguments: mris_ca_label -all-info  ProgramVersion: 7.3.2  TimeStamp: 2026/03/13-07:36:08-GMT  BuildTime: Aug  4 2022 06:17:15  BuildStamp: freesurfer-linux-ubuntu22_x86_64-7.3.2-20220804-6354275  User: oesteban  Machine: dna082  Platform: Linux  PlatformVersion: 5.14.0-427.37.1.el9_4.x86_64  CompilerName: GCC  CompilerVersion: 8.4.0
ProgramName: mris_calc  ProgramArguments: mris_calc -all-info  ProgramVersion: 7.3.2  TimeStamp: 2026/03/13-07:36:08-GMT  BuildTime: Aug  4 2022 06:17:15  BuildStamp: freesurfer-linux-ubuntu22_x86_64-7.3.2-20220804-6354275  User: oesteban  Machine: dna082  Platform: Linux  PlatformVersion: 5.14.0-427.37.1.el9_4.x86_64  CompilerName: GCC  CompilerVersion: 8.4.0
ProgramName: mris_convert  ProgramArguments: mris_convert -all-info  ProgramVersion: 7.3.2  TimeStamp: 2026/03/13-07:36:08-GMT  BuildTime: Aug  4 2022 06:17:15  BuildStamp: freesurfer-linux-ubuntu22_x86_64-7.3.2-20220804-6354275  User: oesteban  Machine: dna082  Platform: Linux  PlatformVersion: 5.14.0-427.37.1.el9_4.x86_64  CompilerName: GCC  CompilerVersion: 8.4.0
ProgramName: mris_curvature  ProgramArguments: mris_curvature -all-info  ProgramVersion: 7.3.2  TimeStamp: 2026/03/13-07:36:08-GMT  BuildTime: Aug  4 2022 06:17:15  BuildStamp: freesurfer-linux-ubuntu22_x86_64-7.3.2-20220804-6354275  User: oesteban  Machine: dna082  Platform: Linux  PlatformVersion: 5.14.0-427.37.1.el9_4.x86_64  CompilerName: GCC  CompilerVersion: 8.4.0
ProgramName: mris_curvature_stats  ProgramArguments: mris_curvature_stats -all-info  ProgramVersion: 7.3.2  TimeStamp: 2026/03/13-07:36:08-GMT  BuildTime: Aug  4 2022 06:17:15  BuildStamp: freesurfer-linux-ubuntu22_x86_64-7.3.2-20220804-6354275  User: oesteban  Machine: dna082  Platform: Linux  PlatformVersion: 5.14.0-427.37.1.el9_4.x86_64  CompilerName: GCC  CompilerVersion: 8.4.0
ProgramName: mris_diff  ProgramArguments: mris_diff -all-info  ProgramVersion: 7.3.2  TimeStamp: 2026/03/13-07:36:08-GMT  BuildTime: Aug  4 2022 06:17:15  BuildStamp: freesurfer-linux-ubuntu22_x86_64-7.3.2-20220804-6354275  User: oesteban  Machine: dna082  Platform: Linux  PlatformVersion: 5.14.0-427.37.1.el9_4.x86_64  CompilerName: GCC  CompilerVersion: 8.4.0
ProgramName: mris_divide_parcellation  ProgramArguments: mris_divide_parcellation -all-info  ProgramVersion: 7.3.2  TimeStamp: 2026/03/13-07:36:08-GMT  BuildTime: Aug  4 2022 06:17:15  BuildStamp: freesurfer-linux-ubuntu22_x86_64-7.3.2-20220804-6354275  User: oesteban  Machine: dna082  Platform: Linux  PlatformVersion: 5.14.0-427.37.1.el9_4.x86_64  CompilerName: GCC  CompilerVersion: 8.4.0
ProgramName: mri_segment  ProgramArguments: mri_segment -all-info  ProgramVersion: 7.3.2  TimeStamp: 2026/03/13-07:36:08-GMT  BuildTime: Aug  4 2022 06:17:15  BuildStamp: freesurfer-linux-ubuntu22_x86_64-7.3.2-20220804-6354275  User: oesteban  Machine: dna082  Platform: Linux  PlatformVersion: 5.14.0-427.37.1.el9_4.x86_64  CompilerName: GCC  CompilerVersion: 8.4.0
ProgramName: mri_segstats  ProgramArguments: mri_segstats -all-info  ProgramVersion: 7.3.2  TimeStamp: 2026/03/13-07:36:08-GMT  BuildTime: Aug  4 2022 06:17:15  BuildStamp: freesurfer-linux-ubuntu22_x86_64-7.3.2-20220804-6354275  User: oesteban  Machine: dna082  Platform: Linux  PlatformVersion: 5.14.0-427.37.1.el9_4.x86_64  CompilerName: GCC  CompilerVersion: 8.4.0
ProgramName: mris_euler_number  ProgramArguments: mris_euler_number -all-info  ProgramVersion: 7.3.2  TimeStamp: 2026/03/13-07:36:08-GMT  BuildTime: Aug  4 2022 06:17:15  BuildStamp: freesurfer-linux-ubuntu22_x86_64-7.3.2-20220804-6354275  User: oesteban  Machine: dna082  Platform: Linux  PlatformVersion: 5.14.0-427.37.1.el9_4.x86_64  CompilerName: GCC  CompilerVersion: 8.4.0
ProgramName: mris_fix_topology  ProgramArguments: mris_fix_topology -all-info  ProgramVersion: 7.3.2  TimeStamp: 2026/03/13-07:36:08-GMT  BuildTime: Aug  4 2022 06:17:15  BuildStamp: freesurfer-linux-ubuntu22_x86_64-7.3.2-20220804-6354275  User: oesteban  Machine: dna082  Platform: Linux  PlatformVersion: 5.14.0-427.37.1.el9_4.x86_64  CompilerName: GCC  CompilerVersion: 8.4.0
ProgramName: mris_topo_fixer  ProgramArguments: mris_topo_fixer -all-info  ProgramVersion: 7.3.2  TimeStamp: 2026/03/13-07:36:08-GMT  BuildTime: Aug  4 2022 06:17:15  BuildStamp: freesurfer-linux-ubuntu22_x86_64-7.3.2-20220804-6354275  User: oesteban  Machine: dna082  Platform: Linux  PlatformVersion: 5.14.0-427.37.1.el9_4.x86_64  CompilerName: GCC  CompilerVersion: 8.4.0
ProgramName: mris_jacobian  ProgramArguments: mris_jacobian -all-info  ProgramVersion: 7.3.2  TimeStamp: 2026/03/13-07:36:08-GMT  BuildTime: Aug  4 2022 06:17:15  BuildStamp: freesurfer-linux-ubuntu22_x86_64-7.3.2-20220804-6354275  User: oesteban  Machine: dna082  Platform: Linux  PlatformVersion: 5.14.0-427.37.1.el9_4.x86_64  CompilerName: GCC  CompilerVersion: 8.4.0
ProgramName: mris_label2annot  ProgramArguments: mris_label2annot -all-info  ProgramVersion: 7.3.2  TimeStamp: 2026/03/13-07:36:08-GMT  BuildTime: Aug  4 2022 06:17:15  BuildStamp: freesurfer-linux-ubuntu22_x86_64-7.3.2-20220804-6354275  User: oesteban  Machine: dna082  Platform: Linux  PlatformVersion: 5.14.0-427.37.1.el9_4.x86_64  CompilerName: GCC  CompilerVersion: 8.4.0
ProgramName: mris_left_right_register  ProgramArguments: mris_left_right_register -all-info  ProgramVersion: 7.3.2  TimeStamp: 2026/03/13-07:36:08-GMT  BuildTime: Aug  4 2022 06:17:15  BuildStamp: freesurfer-linux-ubuntu22_x86_64-7.3.2-20220804-6354275  User: oesteban  Machine: dna082  Platform: Linux  PlatformVersion: 5.14.0-427.37.1.el9_4.x86_64  CompilerName: GCC  CompilerVersion: 8.4.0
ProgramName: mris_place_surface  ProgramArguments: mris_place_surface -all-info  ProgramVersion: 7.3.2  TimeStamp: 2026/03/13-07:36:08-GMT  BuildTime: Aug  4 2022 06:17:15  BuildStamp: freesurfer-linux-ubuntu22_x86_64-7.3.2-20220804-6354275  User: oesteban  Machine: dna082  Platform: Linux  PlatformVersion: 5.14.0-427.37.1.el9_4.x86_64  CompilerName: GCC  CompilerVersion: 8.4.0
ProgramName: mrisp_paint  ProgramArguments: mrisp_paint -all-info  ProgramVersion: 7.3.2  TimeStamp: 2026/03/13-07:36:08-GMT  BuildTime: Aug  4 2022 06:17:15  BuildStamp: freesurfer-linux-ubuntu22_x86_64-7.3.2-20220804-6354275  User: oesteban  Machine: dna082  Platform: Linux  PlatformVersion: 5.14.0-427.37.1.el9_4.x86_64  CompilerName: GCC  CompilerVersion: 8.4.0
ProgramName: mris_register  ProgramArguments: mris_register -all-info  ProgramVersion: 7.3.2  TimeStamp: 2026/03/13-07:36:08-GMT  BuildTime: Aug  4 2022 06:17:15  BuildStamp: freesurfer-linux-ubuntu22_x86_64-7.3.2-20220804-6354275  User: oesteban  Machine: dna082  Platform: Linux  PlatformVersion: 5.14.0-427.37.1.el9_4.x86_64  CompilerName: GCC  CompilerVersion: 8.4.0
ProgramName: mris_smooth  ProgramArguments: mris_smooth -all-info  ProgramVersion: 7.3.2  TimeStamp: 2026/03/13-07:36:08-GMT  BuildTime: Aug  4 2022 06:17:15  BuildStamp: freesurfer-linux-ubuntu22_x86_64-7.3.2-20220804-6354275  User: oesteban  Machine: dna082  Platform: Linux  PlatformVersion: 5.14.0-427.37.1.el9_4.x86_64  CompilerName: GCC  CompilerVersion: 8.4.0
ProgramName: mris_sphere  ProgramArguments: mris_sphere -all-info  ProgramVersion: 7.3.2  TimeStamp: 2026/03/13-07:36:08-GMT  BuildTime: Aug  4 2022 06:17:15  BuildStamp: freesurfer-linux-ubuntu22_x86_64-7.3.2-20220804-6354275  User: oesteban  Machine: dna082  Platform: Linux  PlatformVersion: 5.14.0-427.37.1.el9_4.x86_64  CompilerName: GCC  CompilerVersion: 8.4.0
ProgramName: mris_surface_stats  ProgramArguments: mris_surface_stats -all-info  ProgramVersion: 7.3.2  TimeStamp: 2026/03/13-07:36:08-GMT  BuildTime: Aug  4 2022 06:17:15  BuildStamp: freesurfer-linux-ubuntu22_x86_64-7.3.2-20220804-6354275  User: oesteban  Machine: dna082  Platform: Linux  PlatformVersion: 5.14.0-427.37.1.el9_4.x86_64  CompilerName: GCC  CompilerVersion: 8.4.0
ProgramName: mri_stats2seg  ProgramArguments: mri_stats2seg -all-info  ProgramVersion: 7.3.2  TimeStamp: 2026/03/13-07:36:08-GMT  BuildTime: Aug  4 2022 06:17:15  BuildStamp: freesurfer-linux-ubuntu22_x86_64-7.3.2-20220804-6354275  User: oesteban  Machine: dna082  Platform: Linux  PlatformVersion: 5.14.0-427.37.1.el9_4.x86_64  CompilerName: GCC  CompilerVersion: 8.4.0
ProgramName: mris_thickness  ProgramArguments: mris_thickness -all-info  ProgramVersion: 7.3.2  TimeStamp: 2026/03/13-07:36:08-GMT  BuildTime: Aug  4 2022 06:17:15  BuildStamp: freesurfer-linux-ubuntu22_x86_64-7.3.2-20220804-6354275  User: oesteban  Machine: dna082  Platform: Linux  PlatformVersion: 5.14.0-427.37.1.el9_4.x86_64  CompilerName: GCC  CompilerVersion: 8.4.0
ProgramName: mris_thickness_diff  ProgramArguments: mris_thickness_diff -all-info  ProgramVersion: 7.3.2  TimeStamp: 2026/03/13-07:36:08-GMT  BuildTime: Aug  4 2022 06:17:15  BuildStamp: freesurfer-linux-ubuntu22_x86_64-7.3.2-20220804-6354275  User: oesteban  Machine: dna082  Platform: Linux  PlatformVersion: 5.14.0-427.37.1.el9_4.x86_64  CompilerName: GCC  CompilerVersion: 8.4.0
ProgramName: mris_topo_fixer  ProgramArguments: mris_topo_fixer -all-info  ProgramVersion: 7.3.2  TimeStamp: 2026/03/13-07:36:08-GMT  BuildTime: Aug  4 2022 06:17:15  BuildStamp: freesurfer-linux-ubuntu22_x86_64-7.3.2-20220804-6354275  User: oesteban  Machine: dna082  Platform: Linux  PlatformVersion: 5.14.0-427.37.1.el9_4.x86_64  CompilerName: GCC  CompilerVersion: 8.4.0
ProgramName: mri_surf2surf  ProgramArguments: mri_surf2surf -all-info  ProgramVersion: 7.3.2  TimeStamp: 2026/03/13-07:36:08-GMT  BuildTime: Aug  4 2022 06:17:15  BuildStamp: freesurfer-linux-ubuntu22_x86_64-7.3.2-20220804-6354275  User: oesteban  Machine: dna082  Platform: Linux  PlatformVersion: 5.14.0-427.37.1.el9_4.x86_64  CompilerName: GCC  CompilerVersion: 8.4.0
ProgramName: mri_surf2vol  ProgramArguments: mri_surf2vol -all-info  ProgramVersion: 7.3.2  TimeStamp: 2026/03/13-07:36:08-GMT  BuildTime: Aug  4 2022 06:17:15  BuildStamp: freesurfer-linux-ubuntu22_x86_64-7.3.2-20220804-6354275  User: oesteban  Machine: dna082  Platform: Linux  PlatformVersion: 5.14.0-427.37.1.el9_4.x86_64  CompilerName: GCC  CompilerVersion: 8.4.0
ProgramName: mri_surfcluster  ProgramArguments: mri_surfcluster -all-info  ProgramVersion: 7.3.2  TimeStamp: 2026/03/13-07:36:08-GMT  BuildTime: Aug  4 2022 06:17:15  BuildStamp: freesurfer-linux-ubuntu22_x86_64-7.3.2-20220804-6354275  User: oesteban  Machine: dna082  Platform: Linux  PlatformVersion: 5.14.0-427.37.1.el9_4.x86_64  CompilerName: GCC  CompilerVersion: 8.4.0
ProgramName: mris_volmask  ProgramArguments: mris_volmask -all-info  ProgramVersion: 7.3.2  TimeStamp: 2026/03/13-07:36:08-GMT  BuildTime: Aug  4 2022 06:17:15  BuildStamp: freesurfer-linux-ubuntu22_x86_64-7.3.2-20220804-6354275  User: oesteban  Machine: dna082  Platform: Linux  PlatformVersion: 5.14.0-427.37.1.el9_4.x86_64  CompilerName: GCC  CompilerVersion: 8.4.0
ProgramName: mri_tessellate  ProgramArguments: mri_tessellate -all-info  ProgramVersion: 7.3.2  TimeStamp: 2026/03/13-07:36:08-GMT  BuildTime: Aug  4 2022 06:17:15  BuildStamp: freesurfer-linux-ubuntu22_x86_64-7.3.2-20220804-6354275  User: oesteban  Machine: dna082  Platform: Linux  PlatformVersion: 5.14.0-427.37.1.el9_4.x86_64  CompilerName: GCC  CompilerVersion: 8.4.0
ProgramName: mri_vol2surf  ProgramArguments: mri_vol2surf -all-info  ProgramVersion: 7.3.2  TimeStamp: 2026/03/13-07:36:08-GMT  BuildTime: Aug  4 2022 06:17:15  BuildStamp: freesurfer-linux-ubuntu22_x86_64-7.3.2-20220804-6354275  User: oesteban  Machine: dna082  Platform: Linux  PlatformVersion: 5.14.0-427.37.1.el9_4.x86_64  CompilerName: GCC  CompilerVersion: 8.4.0
ProgramName: mri_vol2vol  ProgramArguments: mri_vol2vol -all-info  ProgramVersion: 7.3.2  TimeStamp: 2026/03/13-07:36:08-GMT  BuildTime: Aug  4 2022 06:17:15  BuildStamp: freesurfer-linux-ubuntu22_x86_64-7.3.2-20220804-6354275  User: oesteban  Machine: dna082  Platform: Linux  PlatformVersion: 5.14.0-427.37.1.el9_4.x86_64  CompilerName: GCC  CompilerVersion: 8.4.0
ProgramName: mri_voldiff  ProgramArguments: mri_voldiff -all-info  ProgramVersion: 7.3.2  TimeStamp: 2026/03/13-07:36:08-GMT  BuildTime: Aug  4 2022 06:17:15  BuildStamp: freesurfer-linux-ubuntu22_x86_64-7.3.2-20220804-6354275  User: oesteban  Machine: dna082  Platform: Linux  PlatformVersion: 5.14.0-427.37.1.el9_4.x86_64  CompilerName: GCC  CompilerVersion: 8.4.0
ProgramName: mri_watershed  ProgramArguments: mri_watershed -all-info  ProgramVersion: 7.3.2  TimeStamp: 2026/03/13-07:36:08-GMT  BuildTime: Aug  4 2022 06:17:15  BuildStamp: freesurfer-linux-ubuntu22_x86_64-7.3.2-20220804-6354275  User: oesteban  Machine: dna082  Platform: Linux  PlatformVersion: 5.14.0-427.37.1.el9_4.x86_64  CompilerName: GCC  CompilerVersion: 8.4.0
ProgramName: tkregister2  ProgramArguments: tkregister2_cmdl -all-info  ProgramVersion: 7.3.2  TimeStamp: 2026/03/13-07:36:08-GMT  BuildTime: Aug  4 2022 06:17:15  BuildStamp: freesurfer-linux-ubuntu22_x86_64-7.3.2-20220804-6354275  User: oesteban  Machine: dna082  Platform: Linux  PlatformVersion: 5.14.0-427.37.1.el9_4.x86_64  CompilerName: GCC  CompilerVersion: 8.4.0
mri_motion_correct.fsl 7.3.2
mri_convert -all-info 
ProgramName: mri_convert  ProgramArguments: mri_convert -all-info  ProgramVersion: 7.3.2  TimeStamp: 2026/03/13-07:36:08-GMT  BuildTime: Aug  4 2022 06:17:15  BuildStamp: freesurfer-linux-ubuntu22_x86_64-7.3.2-20220804-6354275  User: oesteban  Machine: dna082  Platform: Linux  PlatformVersion: 5.14.0-427.37.1.el9_4.x86_64  CompilerName: GCC  CompilerVersion: 8.4.0
Program nu_correct, built from:
Package MNI N3, version 1.12.0, compiled by nicks@terrier (x86_64-unknown-linux-gnu) on 2015-06-19 at 01:25:34
#######################################
GCADIR /opt/freesurfer/average
GCA RB_all_2020-01-02.gca
GCASkull RB_all_withskull_2020_01_02.gca
AvgCurvTif folding.atlas.acfb40.noaparc.i12.2016-08-02.tif
GCSDIR /opt/freesurfer/average
GCS DKaparc.atlas.acfb40.noaparc.i12.2016-08-02.gcs
#######################################
#--------------------------------------------
#@# AutoDetGWStats lh Fri Mar 13 08:36:08 CET 2026
cd /out/sourcedata/freesurfer/sub-v2s4x29632_ses-1/mri
mris_autodet_gwstats --o ../surf/autodet.gw.stats.lh.dat --i brain.finalsurfs.mgz --wm wm.mgz --surf ../surf/lh.orig.premesh
  Update not needed
#--------------------------------------------
#@# WhitePreAparc lh Fri Mar 13 08:36:08 CET 2026
cd /out/sourcedata/freesurfer/sub-v2s4x29632_ses-1/mri
mris_place_surface --adgws-in ../surf/autodet.gw.stats.lh.dat --wm wm.mgz --threads 16 --invol brain.finalsurfs.mgz --lh --i ../surf/lh.orig --o ../surf/lh.white.preaparc --white --seg aseg.presurf.mgz --nsmooth 5
   Update not needed
#--------------------------------------------
#@# CortexLabel lh Fri Mar 13 08:36:08 CET 2026
cd /out/sourcedata/freesurfer/sub-v2s4x29632_ses-1/mri
mri_label2label --label-cortex ../surf/lh.white.preaparc aseg.presurf.mgz 0 ../label/lh.cortex.label
   Update not needed
#--------------------------------------------
#@# CortexLabel+HipAmyg lh Fri Mar 13 08:36:08 CET 2026
cd /out/sourcedata/freesurfer/sub-v2s4x29632_ses-1/mri
mri_label2label --label-cortex ../surf/lh.white.preaparc aseg.presurf.mgz 1 ../label/lh.cortex+hipamyg.label
   Update not needed
#@# white curv lh Fri Mar 13 08:36:08 CET 2026
cd /out/sourcedata/freesurfer/sub-v2s4x29632_ses-1/mri
mris_place_surface --curv-map ../surf/lh.white 2 10 ../surf/lh.curv
   Update not needed
#@# white area lh Fri Mar 13 08:36:08 CET 2026
cd /out/sourcedata/freesurfer/sub-v2s4x29632_ses-1/mri
mris_place_surface --area-map ../surf/lh.white ../surf/lh.area
   Update not needed
#@# pial curv lh Fri Mar 13 08:36:08 CET 2026
cd /out/sourcedata/freesurfer/sub-v2s4x29632_ses-1/mri
mris_place_surface --curv-map ../surf/lh.pial 2 10 ../surf/lh.curv.pial
   Update not needed
#@# pial area lh Fri Mar 13 08:36:08 CET 2026
cd /out/sourcedata/freesurfer/sub-v2s4x29632_ses-1/mri
mris_place_surface --area-map ../surf/lh.pial ../surf/lh.area.pial
   Update not needed
#@# thickness lh Fri Mar 13 08:36:08 CET 2026
cd /out/sourcedata/freesurfer/sub-v2s4x29632_ses-1/mri
mris_place_surface --thickness ../surf/lh.white ../surf/lh.pial 20 5 ../surf/lh.thickness
   Update not needed
#@# area and vertex vol lh Fri Mar 13 08:36:08 CET 2026
cd /out/sourcedata/freesurfer/sub-v2s4x29632_ses-1/mri
mris_place_surface --thickness ../surf/lh.white ../surf/lh.pial 20 5 ../surf/lh.thickness
   Update not needed
#-----------------------------------------
#@# Parcellation Stats lh Fri Mar 13 08:36:08 CET 2026
/out/sourcedata/freesurfer/sub-v2s4x29632_ses-1/scripts

 mris_anatomical_stats -th3 -mgz -noglobal -cortex ../label/lh.cortex.label -f ../stats/lh.aparc.stats -b -a ../label/lh.aparc.annot -c ../label/aparc.annot.ctab sub-v2s4x29632_ses-1 lh white 

computing statistics for each annotation in ../label/lh.aparc.annot.
reading volume /out/sourcedata/freesurfer/sub-v2s4x29632_ses-1/mri/wm.mgz...
reading input surface /out/sourcedata/freesurfer/sub-v2s4x29632_ses-1/surf/lh.white...
reading input pial surface /out/sourcedata/freesurfer/sub-v2s4x29632_ses-1/surf/lh.pial...
reading input white surface /out/sourcedata/freesurfer/sub-v2s4x29632_ses-1/surf/lh.white...
INFO: using TH3 volume calc
INFO: assuming MGZ format for volumes.
INFO: not computing global stats
INFO: using ../label/lh.cortex.label as mask to calc cortex NumVert, SurfArea and MeanThickness.
Using TH3 vertex volume calc
Total face volume 251096
Total vertex volume 250861 (mask=0)
Saving annotation colortable ../label/aparc.annot.ctab

table columns are:
    number of vertices
    total surface area (mm^2)
    total gray matter volume (mm^3)
    average cortical thickness +- standard deviation (mm)
    integrated rectified mean curvature
    integrated rectified Gaussian curvature
    folding index
    intrinsic curvature index
    structure name

 1352    909   2589  2.858 0.515     0.085     0.013        6     0.7  bankssts
  781    520   1864  3.136 0.947     0.115     0.027        7     0.9  caudalanteriorcingulate
 2854   2011   6438  2.897 0.760     0.134     0.041       34     5.2  caudalmiddlefrontal
 1942   1371   2695  1.817 0.577     0.143     0.039       24     3.5  cuneus
  558    380   1619  2.785 1.043     0.142     0.038       11     0.8  entorhinal
 3602   2600   9189  2.873 0.788     0.134     0.035       40     5.2  fusiform
 6405   4489  13102  2.662 0.615     0.120     0.028       62     7.7  inferiorparietal
 4083   2873  11831  3.239 0.756     0.113     0.028       36     4.4  inferiortemporal
 1317    933   3038  2.798 0.868     0.127     0.032       15     1.8  isthmuscingulate
 6958   4684  11807  2.306 0.632     0.131     0.031       74     9.3  lateraloccipital
 3449   2473   9385  3.112 0.872     0.127     0.033       41     4.8  lateralorbitofrontal
 3376   2407   6164  2.280 0.698     0.136     0.036       44     5.3  lingual
 2328   1628   5637  2.749 0.858     0.121     0.038       32     3.3  medialorbitofrontal
 3784   2718  12347  3.321 0.711     0.119     0.031       42     4.7  middletemporal
  809    524   2545  3.700 0.806     0.100     0.022        6     0.6  parahippocampal
 2058   1346   3839  2.597 0.713     0.127     0.040       21     3.7  paracentral
 2386   1632   6002  3.124 0.597     0.105     0.028       21     2.4  parsopercularis
  936    640   2699  3.115 0.757     0.119     0.036        9     1.3  parsorbitalis
 1952   1326   4428  2.812 0.629     0.110     0.023       15     2.0  parstriangularis
 1398    955   1674  1.795 0.574     0.126     0.031       13     1.7  pericalcarine
 6421   4172   9395  2.123 0.777     0.117     0.028       65     7.9  postcentral
 1489   1058   3595  2.758 0.802     0.129     0.038       19     2.4  posteriorcingulate
 5975   4077  11005  2.506 0.814     0.125     0.032       57     8.4  precentral
 4590   3343  10031  2.584 0.759     0.125     0.032       52     6.4  precuneus
  746    522   2543  3.647 0.843     0.126     0.033        8     1.1  rostralanteriorcingulate
 6827   4937  15825  2.689 0.781     0.140     0.039       84    11.1  rostralmiddlefrontal
 9769   7042  24780  2.938 0.929     0.136     0.039      129    17.0  superiorfrontal
 9221   6211  16167  2.322 0.650     0.125     0.036      102    13.6  superiorparietal
 6018   3925  14447  3.110 0.838     0.099     0.020       48     5.1  superiortemporal
 5711   3929  12736  2.951 0.679     0.118     0.029       56     6.7  supramarginal
  319    237   1621  3.651 1.040     0.130     0.048        5     0.5  frontalpole
  396    272   1495  3.412 0.770     0.160     0.070        6     1.1  temporalpole
  762    534   1208  2.063 0.612     0.118     0.024        8     0.7  transversetemporal
 2834   1910   7120  3.525 0.945     0.116     0.036       25     4.0  insula

 mris_anatomical_stats -th3 -mgz -noglobal -cortex ../label/lh.cortex.label -f ../stats/lh.aparc.pial.stats -b -a ../label/lh.aparc.annot -c ../label/aparc.annot.ctab sub-v2s4x29632_ses-1 lh pial 

computing statistics for each annotation in ../label/lh.aparc.annot.
reading volume /out/sourcedata/freesurfer/sub-v2s4x29632_ses-1/mri/wm.mgz...
reading input surface /out/sourcedata/freesurfer/sub-v2s4x29632_ses-1/surf/lh.pial...
reading input pial surface /out/sourcedata/freesurfer/sub-v2s4x29632_ses-1/surf/lh.pial...
reading input white surface /out/sourcedata/freesurfer/sub-v2s4x29632_ses-1/surf/lh.white...
INFO: using TH3 volume calc
INFO: assuming MGZ format for volumes.
INFO: not computing global stats
INFO: using ../label/lh.cortex.label as mask to calc cortex NumVert, SurfArea and MeanThickness.
Using TH3 vertex volume calc
Total face volume 251096
Total vertex volume 250861 (mask=0)
Saving annotation colortable ../label/aparc.annot.ctab

table columns are:
    number of vertices
    total surface area (mm^2)
    total gray matter volume (mm^3)
    average cortical thickness +- standard deviation (mm)
    integrated rectified mean curvature
    integrated rectified Gaussian curvature
    folding index
    intrinsic curvature index
    structure name

 1352    887   2589  2.858 0.515     0.110     0.027       15     1.5  bankssts
  781    653   1864  3.136 0.947     0.185     0.047       89     1.2  caudalanteriorcingulate
 2854   2348   6438  2.897 0.760     0.152     0.044       56     5.3  caudalmiddlefrontal
 1942   1707   2695  1.817 0.577     0.149     0.062       35     3.3  cuneus
  558    791   1619  2.785 1.043     0.359     0.099       24     3.4  entorhinal
 3602   3581   9189  2.873 0.788     0.165     0.039       84     5.9  fusiform
 6405   5359  13102  2.662 0.615     0.136     0.032      100     8.9  inferiorparietal
 4083   4210  11831  3.239 0.756     0.172     0.041      110     7.4  inferiortemporal
 1317   1219   3038  2.798 0.868     0.186     0.068       52     4.0  isthmuscingulate
 6958   5852  11807  2.306 0.632     0.127     0.030      120     8.7  lateraloccipital
 3449   3496   9385  3.112 0.872     0.175     0.046       81     6.8  lateralorbitofrontal
 3376   3116   6164  2.280 0.698     0.151     0.035       64     5.3  lingual
 2328   2385   5637  2.749 0.858     0.181     0.046       60     4.4  medialorbitofrontal
 3784   4416  12347  3.321 0.711     0.187     0.040    10312     6.7  middletemporal
  809    816   2545  3.700 0.806     0.198     0.054       22     2.1  parahippocampal
 2058   1602   3839  2.597 0.713     0.130     0.037       24     3.0  paracentral
 2386   2133   6002  3.124 0.597     0.146     0.031       31     3.3  parsopercularis
  936   1049   2699  3.115 0.757     0.158     0.030        9     1.2  parsorbitalis
 1952   1788   4428  2.812 0.629     0.140     0.029       26     2.5  parstriangularis
 1398    874   1674  1.795 0.574     0.121     0.032       29     1.9  pericalcarine
 6421   4849   9395  2.123 0.777     0.116     0.030       95     7.0  postcentral
 1489   1437   3595  2.758 0.802     0.187     0.052       77     3.0  posteriorcingulate
 5975   4549  11005  2.506 0.814     0.125     0.061      180     8.0  precentral
 4590   4285  10031  2.584 0.759     0.168     0.040       89     8.2  precuneus
  746    804   2543  3.647 0.843     0.204     0.055       42     1.3  rostralanteriorcingulate
 6827   6743  15825  2.689 0.781     0.186     0.052      214    14.3  rostralmiddlefrontal
 9769   9547  24780  2.938 0.929     0.172     0.044      192    19.0  superiorfrontal
 9221   7514  16167  2.322 0.650     0.135     0.035      305    13.2  superiorparietal
 6018   5107  14447  3.110 0.838     0.134     0.039      179     7.5  superiortemporal
 5711   4693  12736  2.951 0.679     0.139     0.035      124     8.4  supramarginal
  319    592   1621  3.651 1.040     0.276     0.050        6     0.7  frontalpole
  396    630   1495  3.412 0.770     0.300     0.072        9     1.4  temporalpole
  762    685   1208  2.063 0.612     0.141     0.031        9     0.9  transversetemporal
 2834   1870   7120  3.525 0.945     0.143     0.050      109     5.0  insula
#-----------------------------------------
#@# Parcellation Stats 2 lh Fri Mar 13 08:36:20 CET 2026
/out/sourcedata/freesurfer/sub-v2s4x29632_ses-1/scripts

 mris_anatomical_stats -th3 -mgz -noglobal -cortex ../label/lh.cortex.label -f ../stats/lh.aparc.a2009s.stats -b -a ../label/lh.aparc.a2009s.annot -c ../label/aparc.annot.a2009s.ctab sub-v2s4x29632_ses-1 lh white 

computing statistics for each annotation in ../label/lh.aparc.a2009s.annot.
reading volume /out/sourcedata/freesurfer/sub-v2s4x29632_ses-1/mri/wm.mgz...
reading input surface /out/sourcedata/freesurfer/sub-v2s4x29632_ses-1/surf/lh.white...
reading input pial surface /out/sourcedata/freesurfer/sub-v2s4x29632_ses-1/surf/lh.pial...
reading input white surface /out/sourcedata/freesurfer/sub-v2s4x29632_ses-1/surf/lh.white...
INFO: using TH3 volume calc
INFO: assuming MGZ format for volumes.
INFO: not computing global stats
INFO: using ../label/lh.cortex.label as mask to calc cortex NumVert, SurfArea and MeanThickness.
Using TH3 vertex volume calc
Total face volume 251096
Total vertex volume 250861 (mask=0)
Saving annotation colortable ../label/aparc.annot.a2009s.ctab

table columns are:
    number of vertices
    total surface area (mm^2)
    total gray matter volume (mm^3)
    average cortical thickness +- standard deviation (mm)
    integrated rectified mean curvature
    integrated rectified Gaussian curvature
    folding index
    intrinsic curvature index
    structure name

  974    695   2965  2.997 0.850     0.119     0.029        7     1.2  G_and_S_frontomargin
 1561   1101   2855  2.254 0.622     0.126     0.029       16     1.8  G_and_S_occipital_inf
 1619   1040   2703  2.289 0.785     0.148     0.049       22     3.8  G_and_S_paracentral
 1345    888   3101  3.068 0.617     0.121     0.027       15     1.5  G_and_S_subcentral
  639    495   2438  3.160 1.019     0.148     0.037       13     0.9  G_and_S_transv_frontopol
 1631   1135   4545  3.419 0.818     0.111     0.027       13     1.8  G_and_S_cingul-Ant
  980    662   2264  3.016 0.861     0.094     0.019        5     0.8  G_and_S_cingul-Mid-Ant
 1196    841   2629  2.849 0.600     0.119     0.035       14     1.9  G_and_S_cingul-Mid-Post
  451    331   1638  3.360 0.799     0.149     0.048        6     0.8  G_cingul-Post-dorsal
  252    210    910  3.135 0.809     0.173     0.050        4     0.6  G_cingul-Post-ventral
 1742   1217   2500  1.743 0.565     0.141     0.039       22     2.9  G_cuneus
 1233    867   4045  3.319 0.561     0.125     0.040       18     1.7  G_front_inf-Opercular
  389    255   1290  3.380 0.629     0.131     0.040        4     0.7  G_front_inf-Orbital
 1140    771   3255  3.096 0.629     0.118     0.028       11     1.3  G_front_inf-Triangul
 3682   2779  10191  2.739 0.813     0.160     0.050       63     8.0  G_front_middle
 7064   5193  19963  2.949 1.017     0.154     0.047      116    15.0  G_front_sup
  547    358   1590  3.915 1.033     0.124     0.048        6     0.9  G_Ins_lg_and_S_cent_ins
  579    415   2475  4.068 0.710     0.112     0.030        4     0.8  G_insular_short
 1976   1340   4563  2.713 0.559     0.127     0.029       23     2.4  G_occipital_middle
 1574    986   2538  2.290 0.639     0.138     0.046       23     2.8  G_occipital_sup
 1296   1020   3892  2.829 0.849     0.153     0.043       21     2.3  G_oc-temp_lat-fusifor
 2346   1638   4426  2.164 0.742     0.145     0.040       32     3.9  G_oc-temp_med-Lingual
 1153    758   3866  3.290 1.087     0.128     0.035       17     1.5  G_oc-temp_med-Parahip
 2090   1563   7648  3.318 0.820     0.146     0.045       35     3.7  G_orbital
 2471   1738   6358  2.773 0.749     0.146     0.043       40     4.1  G_pariet_inf-Angular
 2675   1849   7510  3.125 0.651     0.132     0.036       36     3.8  G_pariet_inf-Supramar
 3770   2550   7119  2.291 0.722     0.130     0.039       45     6.0  G_parietal_sup
 2530   1557   3475  1.927 0.652     0.129     0.033       36     3.6  G_postcentral
 2228   1545   4823  2.419 0.890     0.150     0.045       31     4.7  G_precentral
 2414   1845   6934  2.690 0.795     0.148     0.047       43     4.8  G_precuneus
  710    529   2633  3.067 0.835     0.143     0.057       16     1.5  G_rectus
  651    414    968  2.338 0.846     0.154     0.074       14     1.8  G_subcallosal
  614    421   1173  2.362 0.648     0.101     0.023        6     0.5  G_temp_sup-G_T_transv
 2057   1285   7323  3.557 0.712     0.120     0.028       27     2.4  G_temp_sup-Lateral
  590    385   1908  3.841 0.888     0.087     0.022        2     0.5  G_temp_sup-Plan_polar
 1056    721   2118  2.809 0.578     0.082     0.016        6     0.7  G_temp_sup-Plan_tempo
 2118   1533   8133  3.526 0.756     0.134     0.039       28     3.0  G_temporal_inf
 2027   1522   8450  3.558 0.690     0.132     0.040       30     3.1  G_temporal_middle
  347    239    504  2.525 0.527     0.108     0.022        2     0.4  Lat_Fis-ant-Horizont
  342    229    550  2.688 0.519     0.080     0.013        1     0.2  Lat_Fis-ant-Vertical
 1259    834   1758  2.640 0.762     0.099     0.018        7     1.0  Lat_Fis-post
 2000   1293   2982  2.077 0.610     0.145     0.039       26     3.5  Pole_occipital
 1061    769   4169  3.171 0.898     0.149     0.053       14     2.3  Pole_temporal
 1747   1226   2508  2.213 0.888     0.120     0.028       16     2.1  S_calcarine
 2772   1907   3105  1.949 0.681     0.106     0.024       16     2.8  S_central
  972    659   1694  2.556 0.713     0.094     0.019        4     0.8  S_cingul-Marginalis
  454    297    768  2.970 0.687     0.079     0.012        1     0.2  S_circular_insula_ant
 1222    825   2128  3.022 1.003     0.096     0.020        7     1.0  S_circular_insula_inf
 1566   1023   2461  3.070 0.619     0.090     0.016        5     1.1  S_circular_insula_sup
 1012    672   1994  3.036 0.613     0.101     0.022        5     0.9  S_collat_transv_ant
  469    317    505  2.056 0.617     0.141     0.035        5     0.7  S_collat_transv_post
 2043   1426   3930  2.750 0.581     0.108     0.026       13     2.2  S_front_inf
 1090    764   1789  2.704 0.692     0.131     0.036        9     1.6  S_front_middle
 2810   1899   4579  2.660 0.697     0.111     0.031       22     3.4  S_front_sup
  361    257    536  2.713 0.667     0.125     0.019        2     0.4  S_interm_prim-Jensen
 3117   2214   5438  2.399 0.603     0.121     0.031       25     4.1  S_intrapariet_and_P_trans
  828    571   1353  2.692 0.551     0.112     0.021        5     0.7  S_oc_middle_and_Lunatus
 1003    689   1628  2.516 0.446     0.113     0.024        7     1.1  S_oc_sup_and_transversal
  794    526   1258  2.585 0.471     0.101     0.017        5     0.5  S_occipital_ant
  868    577   1317  2.628 0.584     0.089     0.013        4     0.5  S_oc-temp_lat
 1514   1074   2945  2.974 0.674     0.108     0.021       13     1.3  S_oc-temp_med_and_Lingual
  362    265    658  2.441 0.596     0.118     0.018        3     0.3  S_orbital_lateral
  563    401    907  2.472 0.551     0.130     0.028        5     0.6  S_orbital_med-olfact
 1256    855   2796  3.068 0.934     0.105     0.023        9     1.3  S_orbital-H_Shaped
 1907   1332   3011  2.333 0.624     0.114     0.026       18     2.1  S_parieto_occipital
 1168    745   1361  2.324 0.701     0.111     0.023       11     1.1  S_pericallosal
 3481   2368   5130  2.444 0.665     0.107     0.025       21     3.7  S_postcentral
 1438    943   2404  2.966 0.541     0.093     0.018        6     1.1  S_precentral-inf-part
  969    643   1601  2.637 0.680     0.112     0.026        7     1.1  S_precentral-sup-part
  726    508   1391  2.632 0.845     0.109     0.025        5     0.7  S_suborbital
  779    540   1251  2.352 0.659     0.109     0.022        4     0.8  S_subparietal
 1285    897   2198  2.867 0.585     0.103     0.019        7     1.1  S_temporal_inf
 6039   4057  10521  2.799 0.591     0.095     0.018       33     4.8  S_temporal_sup
  412    294    515  2.101 0.594     0.116     0.013        3     0.3  S_temporal_transverse
#-----------------------------------------
#@# Parcellation Stats 3 lh Fri Mar 13 08:36:27 CET 2026
/out/sourcedata/freesurfer/sub-v2s4x29632_ses-1/scripts

 mris_anatomical_stats -th3 -mgz -noglobal -cortex ../label/lh.cortex.label -f ../stats/lh.aparc.DKTatlas.stats -b -a ../label/lh.aparc.DKTatlas.annot -c ../label/aparc.annot.DKTatlas.ctab sub-v2s4x29632_ses-1 lh white 

computing statistics for each annotation in ../label/lh.aparc.DKTatlas.annot.
reading volume /out/sourcedata/freesurfer/sub-v2s4x29632_ses-1/mri/wm.mgz...
reading input surface /out/sourcedata/freesurfer/sub-v2s4x29632_ses-1/surf/lh.white...
reading input pial surface /out/sourcedata/freesurfer/sub-v2s4x29632_ses-1/surf/lh.pial...
reading input white surface /out/sourcedata/freesurfer/sub-v2s4x29632_ses-1/surf/lh.white...
INFO: using TH3 volume calc
INFO: assuming MGZ format for volumes.
INFO: not computing global stats
INFO: using ../label/lh.cortex.label as mask to calc cortex NumVert, SurfArea and MeanThickness.
Using TH3 vertex volume calc
Total face volume 251096
Total vertex volume 250861 (mask=0)
Saving annotation colortable ../label/aparc.annot.DKTatlas.ctab

table columns are:
    number of vertices
    total surface area (mm^2)
    total gray matter volume (mm^3)
    average cortical thickness +- standard deviation (mm)
    integrated rectified mean curvature
    integrated rectified Gaussian curvature
    folding index
    intrinsic curvature index
    structure name

 1299    856   2708  3.062 0.912     0.104     0.021       10     1.2  caudalanteriorcingulate
 3068   2171   7015  2.882 0.747     0.135     0.041       37     5.5  caudalmiddlefrontal
 2793   1928   3960  1.886 0.590     0.133     0.036       32     4.6  cuneus
  479    329   1502  2.827 1.051     0.139     0.038       10     0.6  entorhinal
 3309   2397   7955  2.839 0.753     0.132     0.032       36     4.4  fusiform
 6461   4550  13342  2.658 0.611     0.123     0.029       64     8.0  inferiorparietal
 4107   2891  12435  3.238 0.796     0.119     0.032       40     5.1  inferiortemporal
 1263    896   2931  2.808 0.868     0.129     0.033       14     1.8  isthmuscingulate
 6980   4669  11763  2.307 0.622     0.129     0.031       74     9.1  lateraloccipital
 3705   2687  10376  3.108 0.901     0.136     0.040       50     6.1  lateralorbitofrontal
 3457   2466   6238  2.264 0.697     0.138     0.037       45     5.6  lingual
 2046   1426   5455  2.803 0.868     0.129     0.044       33     3.3  medialorbitofrontal
 5048   3576  14753  3.215 0.699     0.110     0.027       46     5.3  middletemporal
  901    589   2826  3.685 0.819     0.103     0.022        7     0.7  parahippocampal
 2393   1587   4474  2.577 0.709     0.134     0.042       25     4.5  paracentral
 2170   1479   5423  3.126 0.585     0.105     0.028       20     2.2  parsopercularis
  977    652   2581  3.197 0.709     0.110     0.031        8     1.2  parsorbitalis
 2390   1638   5483  2.851 0.652     0.113     0.025       20     2.5  parstriangularis
 1409    963   1700  1.807 0.575     0.123     0.031       13     1.6  pericalcarine
 7317   4795  10972  2.184 0.809     0.119     0.029       76     9.4  postcentral
 1604   1137   3717  2.736 0.788     0.129     0.038       21     2.6  posteriorcingulate
 5879   3988  10801  2.526 0.819     0.124     0.032       55     8.2  precentral
 4471   3291  10303  2.623 0.753     0.131     0.035       57     6.7  precuneus
 1162    794   3261  3.333 0.950     0.121     0.031       11     1.6  rostralanteriorcingulate
 4858   3567  11309  2.692 0.769     0.145     0.041       64     8.5  rostralmiddlefrontal
10617   7657  27583  2.902 0.944     0.135     0.039      136    17.8  superiorfrontal
 7548   5066  13112  2.336 0.650     0.122     0.035       77    10.6  superiorparietal
 7382   4856  17771  3.083 0.815     0.102     0.022       60     7.0  superiortemporal
 5228   3582  11640  2.954 0.682     0.118     0.030       52     6.2  supramarginal
  755    527   1184  2.054 0.619     0.119     0.024        8     0.7  transversetemporal
 2330   1580   6287  3.615 0.909     0.106     0.028       16     2.4  insula
/out/sourcedata/freesurfer/sub-v2s4x29632_ses-1/label
#--------------------------------------------
#@# BA_exvivo Labels lh Fri Mar 13 08:36:33 CET 2026

 mri_label2label --srcsubject fsaverage --srclabel /out/sourcedata/freesurfer/fsaverage/label/lh.BA1_exvivo.label --trgsubject sub-v2s4x29632_ses-1 --trglabel ./lh.BA1_exvivo.label --hemi lh --regmethod surface 


srclabel = /out/sourcedata/freesurfer/fsaverage/label/lh.BA1_exvivo.label
srcsubject = fsaverage
trgsubject = sub-v2s4x29632_ses-1
trglabel = ./lh.BA1_exvivo.label
regmethod = surface

srchemi = lh
trghemi = lh
trgsurface = white
srcsurfreg = sphere.reg
trgsurfreg = sphere.reg
usehash = 1
Use ProjAbs  = 0, 0
Use ProjFrac = 0, 0
DoPaint 0

SUBJECTS_DIR    /out/sourcedata/freesurfer
FREESURFER_HOME /opt/freesurfer
Loading source label.
Found 4129 points in source label.
Starting surface-based mapping
Reading source registration 
 /out/sourcedata/freesurfer/fsaverage/surf/lh.sphere.reg
Rescaling ...  original radius = 100
Reading target surface 
 /out/sourcedata/freesurfer/sub-v2s4x29632_ses-1/surf/lh.white
Reading target registration 
 /out/sourcedata/freesurfer/sub-v2s4x29632_ses-1/surf/lh.sphere.reg
Rescaling ...  original radius = 100
Building target registration hash (res=16).
Building source registration hash (res=16).
INFO: found  4129 nlabel points
Performing mapping from target back to the source label 120983
Number of reverse mapping hits = 214
Checking for and removing duplicates
Writing label file ./lh.BA1_exvivo.label 4343
mri_label2label: Done


 mri_label2label --srcsubject fsaverage --srclabel /out/sourcedata/freesurfer/fsaverage/label/lh.BA2_exvivo.label --trgsubject sub-v2s4x29632_ses-1 --trglabel ./lh.BA2_exvivo.label --hemi lh --regmethod surface 


srclabel = /out/sourcedata/freesurfer/fsaverage/label/lh.BA2_exvivo.label
srcsubject = fsaverage
trgsubject = sub-v2s4x29632_ses-1
trglabel = ./lh.BA2_exvivo.label
regmethod = surface

srchemi = lh
trghemi = lh
trgsurface = white
srcsurfreg = sphere.reg
trgsurfreg = sphere.reg
usehash = 1
Use ProjAbs  = 0, 0
Use ProjFrac = 0, 0
DoPaint 0

SUBJECTS_DIR    /out/sourcedata/freesurfer
FREESURFER_HOME /opt/freesurfer
Loading source label.
Found 7909 points in source label.
Starting surface-based mapping
Reading source registration 
 /out/sourcedata/freesurfer/fsaverage/surf/lh.sphere.reg
Rescaling ...  original radius = 100
Reading target surface 
 /out/sourcedata/freesurfer/sub-v2s4x29632_ses-1/surf/lh.white
Reading target registration 
 /out/sourcedata/freesurfer/sub-v2s4x29632_ses-1/surf/lh.sphere.reg
Rescaling ...  original radius = 100
Building target registration hash (res=16).
Building source registration hash (res=16).
INFO: found  7909 nlabel points
Performing mapping from target back to the source label 120983
Number of reverse mapping hits = 499
Checking for and removing duplicates
Writing label file ./lh.BA2_exvivo.label 8408
mri_label2label: Done


 mri_label2label --srcsubject fsaverage --srclabel /out/sourcedata/freesurfer/fsaverage/label/lh.BA3a_exvivo.label --trgsubject sub-v2s4x29632_ses-1 --trglabel ./lh.BA3a_exvivo.label --hemi lh --regmethod surface 


srclabel = /out/sourcedata/freesurfer/fsaverage/label/lh.BA3a_exvivo.label
srcsubject = fsaverage
trgsubject = sub-v2s4x29632_ses-1
trglabel = ./lh.BA3a_exvivo.label
regmethod = surface

srchemi = lh
trghemi = lh
trgsurface = white
srcsurfreg = sphere.reg
trgsurfreg = sphere.reg
usehash = 1
Use ProjAbs  = 0, 0
Use ProjFrac = 0, 0
DoPaint 0

SUBJECTS_DIR    /out/sourcedata/freesurfer
FREESURFER_HOME /opt/freesurfer
Loading source label.
Found 4077 points in source label.
Starting surface-based mapping
Reading source registration 
 /out/sourcedata/freesurfer/fsaverage/surf/lh.sphere.reg
Rescaling ...  original radius = 100
Reading target surface 
 /out/sourcedata/freesurfer/sub-v2s4x29632_ses-1/surf/lh.white
Reading target registration 
 /out/sourcedata/freesurfer/sub-v2s4x29632_ses-1/surf/lh.sphere.reg
Rescaling ...  original radius = 100
Building target registration hash (res=16).
Building source registration hash (res=16).
INFO: found  4077 nlabel points
Performing mapping from target back to the source label 120983
Number of reverse mapping hits = 24
Checking for and removing duplicates
Writing label file ./lh.BA3a_exvivo.label 4101
mri_label2label: Done


 mri_label2label --srcsubject fsaverage --srclabel /out/sourcedata/freesurfer/fsaverage/label/lh.BA3b_exvivo.label --trgsubject sub-v2s4x29632_ses-1 --trglabel ./lh.BA3b_exvivo.label --hemi lh --regmethod surface 


srclabel = /out/sourcedata/freesurfer/fsaverage/label/lh.BA3b_exvivo.label
srcsubject = fsaverage
trgsubject = sub-v2s4x29632_ses-1
trglabel = ./lh.BA3b_exvivo.label
regmethod = surface

srchemi = lh
trghemi = lh
trgsurface = white
srcsurfreg = sphere.reg
trgsurfreg = sphere.reg
usehash = 1
Use ProjAbs  = 0, 0
Use ProjFrac = 0, 0
DoPaint 0

SUBJECTS_DIR    /out/sourcedata/freesurfer
FREESURFER_HOME /opt/freesurfer
Loading source label.
Found 5983 points in source label.
Starting surface-based mapping
Reading source registration 
 /out/sourcedata/freesurfer/fsaverage/surf/lh.sphere.reg
Rescaling ...  original radius = 100
Reading target surface 
 /out/sourcedata/freesurfer/sub-v2s4x29632_ses-1/surf/lh.white
Reading target registration 
 /out/sourcedata/freesurfer/sub-v2s4x29632_ses-1/surf/lh.sphere.reg
Rescaling ...  original radius = 100
Building target registration hash (res=16).
Building source registration hash (res=16).
INFO: found  5983 nlabel points
Performing mapping from target back to the source label 120983
Number of reverse mapping hits = 151
Checking for and removing duplicates
Writing label file ./lh.BA3b_exvivo.label 6134
mri_label2label: Done


 mri_label2label --srcsubject fsaverage --srclabel /out/sourcedata/freesurfer/fsaverage/label/lh.BA4a_exvivo.label --trgsubject sub-v2s4x29632_ses-1 --trglabel ./lh.BA4a_exvivo.label --hemi lh --regmethod surface 


srclabel = /out/sourcedata/freesurfer/fsaverage/label/lh.BA4a_exvivo.label
srcsubject = fsaverage
trgsubject = sub-v2s4x29632_ses-1
trglabel = ./lh.BA4a_exvivo.label
regmethod = surface

srchemi = lh
trghemi = lh
trgsurface = white
srcsurfreg = sphere.reg
trgsurfreg = sphere.reg
usehash = 1
Use ProjAbs  = 0, 0
Use ProjFrac = 0, 0
DoPaint 0

SUBJECTS_DIR    /out/sourcedata/freesurfer
FREESURFER_HOME /opt/freesurfer
Loading source label.
Found 5784 points in source label.
Starting surface-based mapping
Reading source registration 
 /out/sourcedata/freesurfer/fsaverage/surf/lh.sphere.reg
Rescaling ...  original radius = 100
Reading target surface 
 /out/sourcedata/freesurfer/sub-v2s4x29632_ses-1/surf/lh.white
Reading target registration 
 /out/sourcedata/freesurfer/sub-v2s4x29632_ses-1/surf/lh.sphere.reg
Rescaling ...  original radius = 100
Building target registration hash (res=16).
Building source registration hash (res=16).
INFO: found  5784 nlabel points
Performing mapping from target back to the source label 120983
Number of reverse mapping hits = 82
Checking for and removing duplicates
Writing label file ./lh.BA4a_exvivo.label 5866
mri_label2label: Done


 mri_label2label --srcsubject fsaverage --srclabel /out/sourcedata/freesurfer/fsaverage/label/lh.BA4p_exvivo.label --trgsubject sub-v2s4x29632_ses-1 --trglabel ./lh.BA4p_exvivo.label --hemi lh --regmethod surface 


srclabel = /out/sourcedata/freesurfer/fsaverage/label/lh.BA4p_exvivo.label
srcsubject = fsaverage
trgsubject = sub-v2s4x29632_ses-1
trglabel = ./lh.BA4p_exvivo.label
regmethod = surface

srchemi = lh
trghemi = lh
trgsurface = white
srcsurfreg = sphere.reg
trgsurfreg = sphere.reg
usehash = 1
Use ProjAbs  = 0, 0
Use ProjFrac = 0, 0
DoPaint 0

SUBJECTS_DIR    /out/sourcedata/freesurfer
FREESURFER_HOME /opt/freesurfer
Loading source label.
Found 4070 points in source label.
Starting surface-based mapping
Reading source registration 
 /out/sourcedata/freesurfer/fsaverage/surf/lh.sphere.reg
Rescaling ...  original radius = 100
Reading target surface 
 /out/sourcedata/freesurfer/sub-v2s4x29632_ses-1/surf/lh.white
Reading target registration 
 /out/sourcedata/freesurfer/sub-v2s4x29632_ses-1/surf/lh.sphere.reg
Rescaling ...  original radius = 100
Building target registration hash (res=16).
Building source registration hash (res=16).
INFO: found  4070 nlabel points
Performing mapping from target back to the source label 120983
Number of reverse mapping hits = 25
Checking for and removing duplicates
Writing label file ./lh.BA4p_exvivo.label 4095
mri_label2label: Done


 mri_label2label --srcsubject fsaverage --srclabel /out/sourcedata/freesurfer/fsaverage/label/lh.BA6_exvivo.label --trgsubject sub-v2s4x29632_ses-1 --trglabel ./lh.BA6_exvivo.label --hemi lh --regmethod surface 


srclabel = /out/sourcedata/freesurfer/fsaverage/label/lh.BA6_exvivo.label
srcsubject = fsaverage
trgsubject = sub-v2s4x29632_ses-1
trglabel = ./lh.BA6_exvivo.label
regmethod = surface

srchemi = lh
trghemi = lh
trgsurface = white
srcsurfreg = sphere.reg
trgsurfreg = sphere.reg
usehash = 1
Use ProjAbs  = 0, 0
Use ProjFrac = 0, 0
DoPaint 0

SUBJECTS_DIR    /out/sourcedata/freesurfer
FREESURFER_HOME /opt/freesurfer
Loading source label.
Found 13589 points in source label.
Starting surface-based mapping
Reading source registration 
 /out/sourcedata/freesurfer/fsaverage/surf/lh.sphere.reg
Rescaling ...  original radius = 100
Reading target surface 
 /out/sourcedata/freesurfer/sub-v2s4x29632_ses-1/surf/lh.white
Reading target registration 
 /out/sourcedata/freesurfer/sub-v2s4x29632_ses-1/surf/lh.sphere.reg
Rescaling ...  original radius = 100
Building target registration hash (res=16).
Building source registration hash (res=16).
INFO: found  13589 nlabel points
Performing mapping from target back to the source label 120983
Number of reverse mapping hits = 583
Checking for and removing duplicates
Writing label file ./lh.BA6_exvivo.label 14172
mri_label2label: Done


 mri_label2label --srcsubject fsaverage --srclabel /out/sourcedata/freesurfer/fsaverage/label/lh.BA44_exvivo.label --trgsubject sub-v2s4x29632_ses-1 --trglabel ./lh.BA44_exvivo.label --hemi lh --regmethod surface 


srclabel = /out/sourcedata/freesurfer/fsaverage/label/lh.BA44_exvivo.label
srcsubject = fsaverage
trgsubject = sub-v2s4x29632_ses-1
trglabel = ./lh.BA44_exvivo.label
regmethod = surface

srchemi = lh
trghemi = lh
trgsurface = white
srcsurfreg = sphere.reg
trgsurfreg = sphere.reg
usehash = 1
Use ProjAbs  = 0, 0
Use ProjFrac = 0, 0
DoPaint 0

SUBJECTS_DIR    /out/sourcedata/freesurfer
FREESURFER_HOME /opt/freesurfer
Loading source label.
Found 4181 points in source label.
Starting surface-based mapping
Reading source registration 
 /out/sourcedata/freesurfer/fsaverage/surf/lh.sphere.reg
Rescaling ...  original radius = 100
Reading target surface 
 /out/sourcedata/freesurfer/sub-v2s4x29632_ses-1/surf/lh.white
Reading target registration 
 /out/sourcedata/freesurfer/sub-v2s4x29632_ses-1/surf/lh.sphere.reg
Rescaling ...  original radius = 100
Building target registration hash (res=16).
Building source registration hash (res=16).
INFO: found  4181 nlabel points
Performing mapping from target back to the source label 120983
Number of reverse mapping hits = 173
Checking for and removing duplicates
Writing label file ./lh.BA44_exvivo.label 4354
mri_label2label: Done


 mri_label2label --srcsubject fsaverage --srclabel /out/sourcedata/freesurfer/fsaverage/label/lh.BA45_exvivo.label --trgsubject sub-v2s4x29632_ses-1 --trglabel ./lh.BA45_exvivo.label --hemi lh --regmethod surface 


srclabel = /out/sourcedata/freesurfer/fsaverage/label/lh.BA45_exvivo.label
srcsubject = fsaverage
trgsubject = sub-v2s4x29632_ses-1
trglabel = ./lh.BA45_exvivo.label
regmethod = surface

srchemi = lh
trghemi = lh
trgsurface = white
srcsurfreg = sphere.reg
trgsurfreg = sphere.reg
usehash = 1
Use ProjAbs  = 0, 0
Use ProjFrac = 0, 0
DoPaint 0

SUBJECTS_DIR    /out/sourcedata/freesurfer
FREESURFER_HOME /opt/freesurfer
Loading source label.
Found 3422 points in source label.
Starting surface-based mapping
Reading source registration 
 /out/sourcedata/freesurfer/fsaverage/surf/lh.sphere.reg
Rescaling ...  original radius = 100
Reading target surface 
 /out/sourcedata/freesurfer/sub-v2s4x29632_ses-1/surf/lh.white
Reading target registration 
 /out/sourcedata/freesurfer/sub-v2s4x29632_ses-1/surf/lh.sphere.reg
Rescaling ...  original radius = 100
Building target registration hash (res=16).
Building source registration hash (res=16).
INFO: found  3422 nlabel points
Performing mapping from target back to the source label 120983
Number of reverse mapping hits = 441
Checking for and removing duplicates
Writing label file ./lh.BA45_exvivo.label 3863
mri_label2label: Done


 mri_label2label --srcsubject fsaverage --srclabel /out/sourcedata/freesurfer/fsaverage/label/lh.V1_exvivo.label --trgsubject sub-v2s4x29632_ses-1 --trglabel ./lh.V1_exvivo.label --hemi lh --regmethod surface 


srclabel = /out/sourcedata/freesurfer/fsaverage/label/lh.V1_exvivo.label
srcsubject = fsaverage
trgsubject = sub-v2s4x29632_ses-1
trglabel = ./lh.V1_exvivo.label
regmethod = surface

srchemi = lh
trghemi = lh
trgsurface = white
srcsurfreg = sphere.reg
trgsurfreg = sphere.reg
usehash = 1
Use ProjAbs  = 0, 0
Use ProjFrac = 0, 0
DoPaint 0

SUBJECTS_DIR    /out/sourcedata/freesurfer
FREESURFER_HOME /opt/freesurfer
Loading source label.
Found 4641 points in source label.
Starting surface-based mapping
Reading source registration 
 /out/sourcedata/freesurfer/fsaverage/surf/lh.sphere.reg
Rescaling ...  original radius = 100
Reading target surface 
 /out/sourcedata/freesurfer/sub-v2s4x29632_ses-1/surf/lh.white
Reading target registration 
 /out/sourcedata/freesurfer/sub-v2s4x29632_ses-1/surf/lh.sphere.reg
Rescaling ...  original radius = 100
Building target registration hash (res=16).
Building source registration hash (res=16).
INFO: found  4641 nlabel points
Performing mapping from target back to the source label 120983
Number of reverse mapping hits = 617
Checking for and removing duplicates
Writing label file ./lh.V1_exvivo.label 5258
mri_label2label: Done


 mri_label2label --srcsubject fsaverage --srclabel /out/sourcedata/freesurfer/fsaverage/label/lh.V2_exvivo.label --trgsubject sub-v2s4x29632_ses-1 --trglabel ./lh.V2_exvivo.label --hemi lh --regmethod surface 


srclabel = /out/sourcedata/freesurfer/fsaverage/label/lh.V2_exvivo.label
srcsubject = fsaverage
trgsubject = sub-v2s4x29632_ses-1
trglabel = ./lh.V2_exvivo.label
regmethod = surface

srchemi = lh
trghemi = lh
trgsurface = white
srcsurfreg = sphere.reg
trgsurfreg = sphere.reg
usehash = 1
Use ProjAbs  = 0, 0
Use ProjFrac = 0, 0
DoPaint 0

SUBJECTS_DIR    /out/sourcedata/freesurfer
FREESURFER_HOME /opt/freesurfer
Loading source label.
Found 8114 points in source label.
Starting surface-based mapping
Reading source registration 
 /out/sourcedata/freesurfer/fsaverage/surf/lh.sphere.reg
Rescaling ...  original radius = 100
Reading target surface 
 /out/sourcedata/freesurfer/sub-v2s4x29632_ses-1/surf/lh.white
Reading target registration 
 /out/sourcedata/freesurfer/sub-v2s4x29632_ses-1/surf/lh.sphere.reg
Rescaling ...  original radius = 100
Building target registration hash (res=16).
Building source registration hash (res=16).
INFO: found  8114 nlabel points
Performing mapping from target back to the source label 120983
Number of reverse mapping hits = 1323
Checking for and removing duplicates
Writing label file ./lh.V2_exvivo.label 9437
mri_label2label: Done


 mri_label2label --srcsubject fsaverage --srclabel /out/sourcedata/freesurfer/fsaverage/label/lh.MT_exvivo.label --trgsubject sub-v2s4x29632_ses-1 --trglabel ./lh.MT_exvivo.label --hemi lh --regmethod surface 


srclabel = /out/sourcedata/freesurfer/fsaverage/label/lh.MT_exvivo.label
srcsubject = fsaverage
trgsubject = sub-v2s4x29632_ses-1
trglabel = ./lh.MT_exvivo.label
regmethod = surface

srchemi = lh
trghemi = lh
trgsurface = white
srcsurfreg = sphere.reg
trgsurfreg = sphere.reg
usehash = 1
Use ProjAbs  = 0, 0
Use ProjFrac = 0, 0
DoPaint 0

SUBJECTS_DIR    /out/sourcedata/freesurfer
FREESURFER_HOME /opt/freesurfer
Loading source label.
Found 2018 points in source label.
Starting surface-based mapping
Reading source registration 
 /out/sourcedata/freesurfer/fsaverage/surf/lh.sphere.reg
Rescaling ...  original radius = 100
Reading target surface 
 /out/sourcedata/freesurfer/sub-v2s4x29632_ses-1/surf/lh.white
Reading target registration 
 /out/sourcedata/freesurfer/sub-v2s4x29632_ses-1/surf/lh.sphere.reg
Rescaling ...  original radius = 100
Building target registration hash (res=16).
Building source registration hash (res=16).
INFO: found  2018 nlabel points
Performing mapping from target back to the source label 120983
Number of reverse mapping hits = 330
Checking for and removing duplicates
Writing label file ./lh.MT_exvivo.label 2348
mri_label2label: Done


 mri_label2label --srcsubject fsaverage --srclabel /out/sourcedata/freesurfer/fsaverage/label/lh.entorhinal_exvivo.label --trgsubject sub-v2s4x29632_ses-1 --trglabel ./lh.entorhinal_exvivo.label --hemi lh --regmethod surface 


srclabel = /out/sourcedata/freesurfer/fsaverage/label/lh.entorhinal_exvivo.label
srcsubject = fsaverage
trgsubject = sub-v2s4x29632_ses-1
trglabel = ./lh.entorhinal_exvivo.label
regmethod = surface

srchemi = lh
trghemi = lh
trgsurface = white
srcsurfreg = sphere.reg
trgsurfreg = sphere.reg
usehash = 1
Use ProjAbs  = 0, 0
Use ProjFrac = 0, 0
DoPaint 0

SUBJECTS_DIR    /out/sourcedata/freesurfer
FREESURFER_HOME /opt/freesurfer
Loading source label.
Found 1290 points in source label.
Starting surface-based mapping
Reading source registration 
 /out/sourcedata/freesurfer/fsaverage/surf/lh.sphere.reg
Rescaling ...  original radius = 100
Reading target surface 
 /out/sourcedata/freesurfer/sub-v2s4x29632_ses-1/surf/lh.white
Reading target registration 
 /out/sourcedata/freesurfer/sub-v2s4x29632_ses-1/surf/lh.sphere.reg
Rescaling ...  original radius = 100
Building target registration hash (res=16).
Building source registration hash (res=16).
INFO: found  1290 nlabel points
Performing mapping from target back to the source label 120983
Number of reverse mapping hits = 57
Checking for and removing duplicates
Writing label file ./lh.entorhinal_exvivo.label 1347
mri_label2label: Done


 mri_label2label --srcsubject fsaverage --srclabel /out/sourcedata/freesurfer/fsaverage/label/lh.perirhinal_exvivo.label --trgsubject sub-v2s4x29632_ses-1 --trglabel ./lh.perirhinal_exvivo.label --hemi lh --regmethod surface 


srclabel = /out/sourcedata/freesurfer/fsaverage/label/lh.perirhinal_exvivo.label
srcsubject = fsaverage
trgsubject = sub-v2s4x29632_ses-1
trglabel = ./lh.perirhinal_exvivo.label
regmethod = surface

srchemi = lh
trghemi = lh
trgsurface = white
srcsurfreg = sphere.reg
trgsurfreg = sphere.reg
usehash = 1
Use ProjAbs  = 0, 0
Use ProjFrac = 0, 0
DoPaint 0

SUBJECTS_DIR    /out/sourcedata/freesurfer
FREESURFER_HOME /opt/freesurfer
Loading source label.
Found 1199 points in source label.
Starting surface-based mapping
Reading source registration 
 /out/sourcedata/freesurfer/fsaverage/surf/lh.sphere.reg
Rescaling ...  original radius = 100
Reading target surface 
 /out/sourcedata/freesurfer/sub-v2s4x29632_ses-1/surf/lh.white
Reading target registration 
 /out/sourcedata/freesurfer/sub-v2s4x29632_ses-1/surf/lh.sphere.reg
Rescaling ...  original radius = 100
Building target registration hash (res=16).
Building source registration hash (res=16).
INFO: found  1199 nlabel points
Performing mapping from target back to the source label 120983
Number of reverse mapping hits = 53
Checking for and removing duplicates
Writing label file ./lh.perirhinal_exvivo.label 1252
mri_label2label: Done


 mri_label2label --srcsubject fsaverage --srclabel /out/sourcedata/freesurfer/fsaverage/label/lh.FG1.mpm.vpnl.label --trgsubject sub-v2s4x29632_ses-1 --trglabel ./lh.FG1.mpm.vpnl.label --hemi lh --regmethod surface 


srclabel = /out/sourcedata/freesurfer/fsaverage/label/lh.FG1.mpm.vpnl.label
srcsubject = fsaverage
trgsubject = sub-v2s4x29632_ses-1
trglabel = ./lh.FG1.mpm.vpnl.label
regmethod = surface

srchemi = lh
trghemi = lh
trgsurface = white
srcsurfreg = sphere.reg
trgsurfreg = sphere.reg
usehash = 1
Use ProjAbs  = 0, 0
Use ProjFrac = 0, 0
DoPaint 0

SUBJECTS_DIR    /out/sourcedata/freesurfer
FREESURFER_HOME /opt/freesurfer
Loading source label.
Found 414 points in source label.
Starting surface-based mapping
Reading source registration 
 /out/sourcedata/freesurfer/fsaverage/surf/lh.sphere.reg
Rescaling ...  original radius = 100
Reading target surface 
 /out/sourcedata/freesurfer/sub-v2s4x29632_ses-1/surf/lh.white
Reading target registration 
 /out/sourcedata/freesurfer/sub-v2s4x29632_ses-1/surf/lh.sphere.reg
Rescaling ...  original radius = 100
Building target registration hash (res=16).
Building source registration hash (res=16).
INFO: found  414 nlabel points
Performing mapping from target back to the source label 120983
Number of reverse mapping hits = 33
Checking for and removing duplicates
Writing label file ./lh.FG1.mpm.vpnl.label 447
mri_label2label: Done


 mri_label2label --srcsubject fsaverage --srclabel /out/sourcedata/freesurfer/fsaverage/label/lh.FG2.mpm.vpnl.label --trgsubject sub-v2s4x29632_ses-1 --trglabel ./lh.FG2.mpm.vpnl.label --hemi lh --regmethod surface 


srclabel = /out/sourcedata/freesurfer/fsaverage/label/lh.FG2.mpm.vpnl.label
srcsubject = fsaverage
trgsubject = sub-v2s4x29632_ses-1
trglabel = ./lh.FG2.mpm.vpnl.label
regmethod = surface

srchemi = lh
trghemi = lh
trgsurface = white
srcsurfreg = sphere.reg
trgsurfreg = sphere.reg
usehash = 1
Use ProjAbs  = 0, 0
Use ProjFrac = 0, 0
DoPaint 0

SUBJECTS_DIR    /out/sourcedata/freesurfer
FREESURFER_HOME /opt/freesurfer
Loading source label.
Found 703 points in source label.
Starting surface-based mapping
Reading source registration 
 /out/sourcedata/freesurfer/fsaverage/surf/lh.sphere.reg
Rescaling ...  original radius = 100
Reading target surface 
 /out/sourcedata/freesurfer/sub-v2s4x29632_ses-1/surf/lh.white
Reading target registration 
 /out/sourcedata/freesurfer/sub-v2s4x29632_ses-1/surf/lh.sphere.reg
Rescaling ...  original radius = 100
Building target registration hash (res=16).
Building source registration hash (res=16).
INFO: found  703 nlabel points
Performing mapping from target back to the source label 120983
Number of reverse mapping hits = 65
Checking for and removing duplicates
Writing label file ./lh.FG2.mpm.vpnl.label 768
mri_label2label: Done


 mri_label2label --srcsubject fsaverage --srclabel /out/sourcedata/freesurfer/fsaverage/label/lh.FG3.mpm.vpnl.label --trgsubject sub-v2s4x29632_ses-1 --trglabel ./lh.FG3.mpm.vpnl.label --hemi lh --regmethod surface 


srclabel = /out/sourcedata/freesurfer/fsaverage/label/lh.FG3.mpm.vpnl.label
srcsubject = fsaverage
trgsubject = sub-v2s4x29632_ses-1
trglabel = ./lh.FG3.mpm.vpnl.label
regmethod = surface

srchemi = lh
trghemi = lh
trgsurface = white
srcsurfreg = sphere.reg
trgsurfreg = sphere.reg
usehash = 1
Use ProjAbs  = 0, 0
Use ProjFrac = 0, 0
DoPaint 0

SUBJECTS_DIR    /out/sourcedata/freesurfer
FREESURFER_HOME /opt/freesurfer
Loading source label.
Found 1873 points in source label.
Starting surface-based mapping
Reading source registration 
 /out/sourcedata/freesurfer/fsaverage/surf/lh.sphere.reg
Rescaling ...  original radius = 100
Reading target surface 
 /out/sourcedata/freesurfer/sub-v2s4x29632_ses-1/surf/lh.white
Reading target registration 
 /out/sourcedata/freesurfer/sub-v2s4x29632_ses-1/surf/lh.sphere.reg
Rescaling ...  original radius = 100
Building target registration hash (res=16).
Building source registration hash (res=16).
INFO: found  1873 nlabel points
Performing mapping from target back to the source label 120983
Number of reverse mapping hits = 19
Checking for and removing duplicates
Writing label file ./lh.FG3.mpm.vpnl.label 1892
mri_label2label: Done


 mri_label2label --srcsubject fsaverage --srclabel /out/sourcedata/freesurfer/fsaverage/label/lh.FG4.mpm.vpnl.label --trgsubject sub-v2s4x29632_ses-1 --trglabel ./lh.FG4.mpm.vpnl.label --hemi lh --regmethod surface 


srclabel = /out/sourcedata/freesurfer/fsaverage/label/lh.FG4.mpm.vpnl.label
srcsubject = fsaverage
trgsubject = sub-v2s4x29632_ses-1
trglabel = ./lh.FG4.mpm.vpnl.label
regmethod = surface

srchemi = lh
trghemi = lh
trgsurface = white
srcsurfreg = sphere.reg
trgsurfreg = sphere.reg
usehash = 1
Use ProjAbs  = 0, 0
Use ProjFrac = 0, 0
DoPaint 0

SUBJECTS_DIR    /out/sourcedata/freesurfer
FREESURFER_HOME /opt/freesurfer
Loading source label.
Found 2101 points in source label.
Starting surface-based mapping
Reading source registration 
 /out/sourcedata/freesurfer/fsaverage/surf/lh.sphere.reg
Rescaling ...  original radius = 100
Reading target surface 
 /out/sourcedata/freesurfer/sub-v2s4x29632_ses-1/surf/lh.white
Reading target registration 
 /out/sourcedata/freesurfer/sub-v2s4x29632_ses-1/surf/lh.sphere.reg
Rescaling ...  original radius = 100
Building target registration hash (res=16).
Building source registration hash (res=16).
INFO: found  2101 nlabel points
Performing mapping from target back to the source label 120983
Number of reverse mapping hits = 297
Checking for and removing duplicates
Writing label file ./lh.FG4.mpm.vpnl.label 2398
mri_label2label: Done


 mri_label2label --srcsubject fsaverage --srclabel /out/sourcedata/freesurfer/fsaverage/label/lh.hOc1.mpm.vpnl.label --trgsubject sub-v2s4x29632_ses-1 --trglabel ./lh.hOc1.mpm.vpnl.label --hemi lh --regmethod surface 


srclabel = /out/sourcedata/freesurfer/fsaverage/label/lh.hOc1.mpm.vpnl.label
srcsubject = fsaverage
trgsubject = sub-v2s4x29632_ses-1
trglabel = ./lh.hOc1.mpm.vpnl.label
regmethod = surface

srchemi = lh
trghemi = lh
trgsurface = white
srcsurfreg = sphere.reg
trgsurfreg = sphere.reg
usehash = 1
Use ProjAbs  = 0, 0
Use ProjFrac = 0, 0
DoPaint 0

SUBJECTS_DIR    /out/sourcedata/freesurfer
FREESURFER_HOME /opt/freesurfer
Loading source label.
Found 3877 points in source label.
Starting surface-based mapping
Reading source registration 
 /out/sourcedata/freesurfer/fsaverage/surf/lh.sphere.reg
Rescaling ...  original radius = 100
Reading target surface 
 /out/sourcedata/freesurfer/sub-v2s4x29632_ses-1/surf/lh.white
Reading target registration 
 /out/sourcedata/freesurfer/sub-v2s4x29632_ses-1/surf/lh.sphere.reg
Rescaling ...  original radius = 100
Building target registration hash (res=16).
Building source registration hash (res=16).
INFO: found  3877 nlabel points
Performing mapping from target back to the source label 120983
Number of reverse mapping hits = 485
Checking for and removing duplicates
Writing label file ./lh.hOc1.mpm.vpnl.label 4362
mri_label2label: Done


 mri_label2label --srcsubject fsaverage --srclabel /out/sourcedata/freesurfer/fsaverage/label/lh.hOc2.mpm.vpnl.label --trgsubject sub-v2s4x29632_ses-1 --trglabel ./lh.hOc2.mpm.vpnl.label --hemi lh --regmethod surface 


srclabel = /out/sourcedata/freesurfer/fsaverage/label/lh.hOc2.mpm.vpnl.label
srcsubject = fsaverage
trgsubject = sub-v2s4x29632_ses-1
trglabel = ./lh.hOc2.mpm.vpnl.label
regmethod = surface

srchemi = lh
trghemi = lh
trgsurface = white
srcsurfreg = sphere.reg
trgsurfreg = sphere.reg
usehash = 1
Use ProjAbs  = 0, 0
Use ProjFrac = 0, 0
DoPaint 0

SUBJECTS_DIR    /out/sourcedata/freesurfer
FREESURFER_HOME /opt/freesurfer
Loading source label.
Found 2919 points in source label.
Starting surface-based mapping
Reading source registration 
 /out/sourcedata/freesurfer/fsaverage/surf/lh.sphere.reg
Rescaling ...  original radius = 100
Reading target surface 
 /out/sourcedata/freesurfer/sub-v2s4x29632_ses-1/surf/lh.white
Reading target registration 
 /out/sourcedata/freesurfer/sub-v2s4x29632_ses-1/surf/lh.sphere.reg
Rescaling ...  original radius = 100
Building target registration hash (res=16).
Building source registration hash (res=16).
INFO: found  2919 nlabel points
Performing mapping from target back to the source label 120983
Number of reverse mapping hits = 527
Checking for and removing duplicates
Writing label file ./lh.hOc2.mpm.vpnl.label 3446
mri_label2label: Done


 mri_label2label --srcsubject fsaverage --srclabel /out/sourcedata/freesurfer/fsaverage/label/lh.hOc3v.mpm.vpnl.label --trgsubject sub-v2s4x29632_ses-1 --trglabel ./lh.hOc3v.mpm.vpnl.label --hemi lh --regmethod surface 


srclabel = /out/sourcedata/freesurfer/fsaverage/label/lh.hOc3v.mpm.vpnl.label
srcsubject = fsaverage
trgsubject = sub-v2s4x29632_ses-1
trglabel = ./lh.hOc3v.mpm.vpnl.label
regmethod = surface

srchemi = lh
trghemi = lh
trgsurface = white
srcsurfreg = sphere.reg
trgsurfreg = sphere.reg
usehash = 1
Use ProjAbs  = 0, 0
Use ProjFrac = 0, 0
DoPaint 0

SUBJECTS_DIR    /out/sourcedata/freesurfer
FREESURFER_HOME /opt/freesurfer
Loading source label.
Found 1286 points in source label.
Starting surface-based mapping
Reading source registration 
 /out/sourcedata/freesurfer/fsaverage/surf/lh.sphere.reg
Rescaling ...  original radius = 100
Reading target surface 
 /out/sourcedata/freesurfer/sub-v2s4x29632_ses-1/surf/lh.white
Reading target registration 
 /out/sourcedata/freesurfer/sub-v2s4x29632_ses-1/surf/lh.sphere.reg
Rescaling ...  original radius = 100
Building target registration hash (res=16).
Building source registration hash (res=16).
INFO: found  1286 nlabel points
Performing mapping from target back to the source label 120983
Number of reverse mapping hits = 277
Checking for and removing duplicates
Writing label file ./lh.hOc3v.mpm.vpnl.label 1563
mri_label2label: Done


 mri_label2label --srcsubject fsaverage --srclabel /out/sourcedata/freesurfer/fsaverage/label/lh.hOc4v.mpm.vpnl.label --trgsubject sub-v2s4x29632_ses-1 --trglabel ./lh.hOc4v.mpm.vpnl.label --hemi lh --regmethod surface 


srclabel = /out/sourcedata/freesurfer/fsaverage/label/lh.hOc4v.mpm.vpnl.label
srcsubject = fsaverage
trgsubject = sub-v2s4x29632_ses-1
trglabel = ./lh.hOc4v.mpm.vpnl.label
regmethod = surface

srchemi = lh
trghemi = lh
trgsurface = white
srcsurfreg = sphere.reg
trgsurfreg = sphere.reg
usehash = 1
Use ProjAbs  = 0, 0
Use ProjFrac = 0, 0
DoPaint 0

SUBJECTS_DIR    /out/sourcedata/freesurfer
FREESURFER_HOME /opt/freesurfer
Loading source label.
Found 1006 points in source label.
Starting surface-based mapping
Reading source registration 
 /out/sourcedata/freesurfer/fsaverage/surf/lh.sphere.reg
Rescaling ...  original radius = 100
Reading target surface 
 /out/sourcedata/freesurfer/sub-v2s4x29632_ses-1/surf/lh.white
Reading target registration 
 /out/sourcedata/freesurfer/sub-v2s4x29632_ses-1/surf/lh.sphere.reg
Rescaling ...  original radius = 100
Building target registration hash (res=16).
Building source registration hash (res=16).
INFO: found  1006 nlabel points
Performing mapping from target back to the source label 120983
Number of reverse mapping hits = 153
Checking for and removing duplicates
Writing label file ./lh.hOc4v.mpm.vpnl.label 1159
mri_label2label: Done


 mris_label2annot --s sub-v2s4x29632_ses-1 --ctab /opt/freesurfer/average/colortable_vpnl.txt --hemi lh --a mpm.vpnl --maxstatwinner --noverbose --l lh.FG1.mpm.vpnl.label --l lh.FG2.mpm.vpnl.label --l lh.FG3.mpm.vpnl.label --l lh.FG4.mpm.vpnl.label --l lh.hOc1.mpm.vpnl.label --l lh.hOc2.mpm.vpnl.label --l lh.hOc3v.mpm.vpnl.label --l lh.hOc4v.mpm.vpnl.label 

Reading ctab /opt/freesurfer/average/colortable_vpnl.txt
Number of ctab entries 9

7.3.2
cwd /out/sourcedata/freesurfer/sub-v2s4x29632_ses-1/label
cmdline mris_label2annot --s sub-v2s4x29632_ses-1 --ctab /opt/freesurfer/average/colortable_vpnl.txt --hemi lh --a mpm.vpnl --maxstatwinner --noverbose --l lh.FG1.mpm.vpnl.label --l lh.FG2.mpm.vpnl.label --l lh.FG3.mpm.vpnl.label --l lh.FG4.mpm.vpnl.label --l lh.hOc1.mpm.vpnl.label --l lh.hOc2.mpm.vpnl.label --l lh.hOc3v.mpm.vpnl.label --l lh.hOc4v.mpm.vpnl.label 
sysname  Linux
hostname dna082
machine  x86_64
user     oesteban

subject sub-v2s4x29632_ses-1
hemi    lh
SUBJECTS_DIR /out/sourcedata/freesurfer
ColorTable /opt/freesurfer/average/colortable_vpnl.txt
AnnotName  mpm.vpnl
nlables 8
LabelThresh 0 0.000000
Loading /out/sourcedata/freesurfer/sub-v2s4x29632_ses-1/surf/lh.orig
 1 1376057 FG1
 2 16711935 FG2
 3 16711680 FG3
 4 1705837 FG4
 5 25600 hOc1
 6 255 hOc2
 7 16776960 hOc3v
 8 65535 hOc4v
Mapping unhit to unknown
Found 108086 unhit vertices
Writing annot to /out/sourcedata/freesurfer/sub-v2s4x29632_ses-1/label/lh.mpm.vpnl.annot

 mri_label2label --srcsubject fsaverage --srclabel /out/sourcedata/freesurfer/fsaverage/label/lh.BA1_exvivo.thresh.label --trgsubject sub-v2s4x29632_ses-1 --trglabel ./lh.BA1_exvivo.thresh.label --hemi lh --regmethod surface 


srclabel = /out/sourcedata/freesurfer/fsaverage/label/lh.BA1_exvivo.thresh.label
srcsubject = fsaverage
trgsubject = sub-v2s4x29632_ses-1
trglabel = ./lh.BA1_exvivo.thresh.label
regmethod = surface

srchemi = lh
trghemi = lh
trgsurface = white
srcsurfreg = sphere.reg
trgsurfreg = sphere.reg
usehash = 1
Use ProjAbs  = 0, 0
Use ProjFrac = 0, 0
DoPaint 0

SUBJECTS_DIR    /out/sourcedata/freesurfer
FREESURFER_HOME /opt/freesurfer
Loading source label.
Found 1014 points in source label.
Starting surface-based mapping
Reading source registration 
 /out/sourcedata/freesurfer/fsaverage/surf/lh.sphere.reg
Rescaling ...  original radius = 100
Reading target surface 
 /out/sourcedata/freesurfer/sub-v2s4x29632_ses-1/surf/lh.white
Reading target registration 
 /out/sourcedata/freesurfer/sub-v2s4x29632_ses-1/surf/lh.sphere.reg
Rescaling ...  original radius = 100
Building target registration hash (res=16).
Building source registration hash (res=16).
INFO: found  1014 nlabel points
Performing mapping from target back to the source label 120983
Number of reverse mapping hits = 61
Checking for and removing duplicates
Writing label file ./lh.BA1_exvivo.thresh.label 1075
mri_label2label: Done


 mri_label2label --srcsubject fsaverage --srclabel /out/sourcedata/freesurfer/fsaverage/label/lh.BA2_exvivo.thresh.label --trgsubject sub-v2s4x29632_ses-1 --trglabel ./lh.BA2_exvivo.thresh.label --hemi lh --regmethod surface 


srclabel = /out/sourcedata/freesurfer/fsaverage/label/lh.BA2_exvivo.thresh.label
srcsubject = fsaverage
trgsubject = sub-v2s4x29632_ses-1
trglabel = ./lh.BA2_exvivo.thresh.label
regmethod = surface

srchemi = lh
trghemi = lh
trgsurface = white
srcsurfreg = sphere.reg
trgsurfreg = sphere.reg
usehash = 1
Use ProjAbs  = 0, 0
Use ProjFrac = 0, 0
DoPaint 0

SUBJECTS_DIR    /out/sourcedata/freesurfer
FREESURFER_HOME /opt/freesurfer
Loading source label.
Found 2092 points in source label.
Starting surface-based mapping
Reading source registration 
 /out/sourcedata/freesurfer/fsaverage/surf/lh.sphere.reg
Rescaling ...  original radius = 100
Reading target surface 
 /out/sourcedata/freesurfer/sub-v2s4x29632_ses-1/surf/lh.white
Reading target registration 
 /out/sourcedata/freesurfer/sub-v2s4x29632_ses-1/surf/lh.sphere.reg
Rescaling ...  original radius = 100
Building target registration hash (res=16).
Building source registration hash (res=16).
INFO: found  2092 nlabel points
Performing mapping from target back to the source label 120983
Number of reverse mapping hits = 190
Checking for and removing duplicates
Writing label file ./lh.BA2_exvivo.thresh.label 2282
mri_label2label: Done


 mri_label2label --srcsubject fsaverage --srclabel /out/sourcedata/freesurfer/fsaverage/label/lh.BA3a_exvivo.thresh.label --trgsubject sub-v2s4x29632_ses-1 --trglabel ./lh.BA3a_exvivo.thresh.label --hemi lh --regmethod surface 


srclabel = /out/sourcedata/freesurfer/fsaverage/label/lh.BA3a_exvivo.thresh.label
srcsubject = fsaverage
trgsubject = sub-v2s4x29632_ses-1
trglabel = ./lh.BA3a_exvivo.thresh.label
regmethod = surface

srchemi = lh
trghemi = lh
trgsurface = white
srcsurfreg = sphere.reg
trgsurfreg = sphere.reg
usehash = 1
Use ProjAbs  = 0, 0
Use ProjFrac = 0, 0
DoPaint 0

SUBJECTS_DIR    /out/sourcedata/freesurfer
FREESURFER_HOME /opt/freesurfer
Loading source label.
Found 1504 points in source label.
Starting surface-based mapping
Reading source registration 
 /out/sourcedata/freesurfer/fsaverage/surf/lh.sphere.reg
Rescaling ...  original radius = 100
Reading target surface 
 /out/sourcedata/freesurfer/sub-v2s4x29632_ses-1/surf/lh.white
Reading target registration 
 /out/sourcedata/freesurfer/sub-v2s4x29632_ses-1/surf/lh.sphere.reg
Rescaling ...  original radius = 100
Building target registration hash (res=16).
Building source registration hash (res=16).
INFO: found  1504 nlabel points
Performing mapping from target back to the source label 120983
Number of reverse mapping hits = 7
Checking for and removing duplicates
Writing label file ./lh.BA3a_exvivo.thresh.label 1511
mri_label2label: Done


 mri_label2label --srcsubject fsaverage --srclabel /out/sourcedata/freesurfer/fsaverage/label/lh.BA3b_exvivo.thresh.label --trgsubject sub-v2s4x29632_ses-1 --trglabel ./lh.BA3b_exvivo.thresh.label --hemi lh --regmethod surface 


srclabel = /out/sourcedata/freesurfer/fsaverage/label/lh.BA3b_exvivo.thresh.label
srcsubject = fsaverage
trgsubject = sub-v2s4x29632_ses-1
trglabel = ./lh.BA3b_exvivo.thresh.label
regmethod = surface

srchemi = lh
trghemi = lh
trgsurface = white
srcsurfreg = sphere.reg
trgsurfreg = sphere.reg
usehash = 1
Use ProjAbs  = 0, 0
Use ProjFrac = 0, 0
DoPaint 0

SUBJECTS_DIR    /out/sourcedata/freesurfer
FREESURFER_HOME /opt/freesurfer
Loading source label.
Found 1996 points in source label.
Starting surface-based mapping
Reading source registration 
 /out/sourcedata/freesurfer/fsaverage/surf/lh.sphere.reg
Rescaling ...  original radius = 100
Reading target surface 
 /out/sourcedata/freesurfer/sub-v2s4x29632_ses-1/surf/lh.white
Reading target registration 
 /out/sourcedata/freesurfer/sub-v2s4x29632_ses-1/surf/lh.sphere.reg
Rescaling ...  original radius = 100
Building target registration hash (res=16).
Building source registration hash (res=16).
INFO: found  1996 nlabel points
Performing mapping from target back to the source label 120983
Number of reverse mapping hits = 42
Checking for and removing duplicates
Writing label file ./lh.BA3b_exvivo.thresh.label 2038
mri_label2label: Done


 mri_label2label --srcsubject fsaverage --srclabel /out/sourcedata/freesurfer/fsaverage/label/lh.BA4a_exvivo.thresh.label --trgsubject sub-v2s4x29632_ses-1 --trglabel ./lh.BA4a_exvivo.thresh.label --hemi lh --regmethod surface 


srclabel = /out/sourcedata/freesurfer/fsaverage/label/lh.BA4a_exvivo.thresh.label
srcsubject = fsaverage
trgsubject = sub-v2s4x29632_ses-1
trglabel = ./lh.BA4a_exvivo.thresh.label
regmethod = surface

srchemi = lh
trghemi = lh
trgsurface = white
srcsurfreg = sphere.reg
trgsurfreg = sphere.reg
usehash = 1
Use ProjAbs  = 0, 0
Use ProjFrac = 0, 0
DoPaint 0

SUBJECTS_DIR    /out/sourcedata/freesurfer
FREESURFER_HOME /opt/freesurfer
Loading source label.
Found 2319 points in source label.
Starting surface-based mapping
Reading source registration 
 /out/sourcedata/freesurfer/fsaverage/surf/lh.sphere.reg
Rescaling ...  original radius = 100
Reading target surface 
 /out/sourcedata/freesurfer/sub-v2s4x29632_ses-1/surf/lh.white
Reading target registration 
 /out/sourcedata/freesurfer/sub-v2s4x29632_ses-1/surf/lh.sphere.reg
Rescaling ...  original radius = 100
Building target registration hash (res=16).
Building source registration hash (res=16).
INFO: found  2319 nlabel points
Performing mapping from target back to the source label 120983
Number of reverse mapping hits = 31
Checking for and removing duplicates
Writing label file ./lh.BA4a_exvivo.thresh.label 2350
mri_label2label: Done


 mri_label2label --srcsubject fsaverage --srclabel /out/sourcedata/freesurfer/fsaverage/label/lh.BA4p_exvivo.thresh.label --trgsubject sub-v2s4x29632_ses-1 --trglabel ./lh.BA4p_exvivo.thresh.label --hemi lh --regmethod surface 


srclabel = /out/sourcedata/freesurfer/fsaverage/label/lh.BA4p_exvivo.thresh.label
srcsubject = fsaverage
trgsubject = sub-v2s4x29632_ses-1
trglabel = ./lh.BA4p_exvivo.thresh.label
regmethod = surface

srchemi = lh
trghemi = lh
trgsurface = white
srcsurfreg = sphere.reg
trgsurfreg = sphere.reg
usehash = 1
Use ProjAbs  = 0, 0
Use ProjFrac = 0, 0
DoPaint 0

SUBJECTS_DIR    /out/sourcedata/freesurfer
FREESURFER_HOME /opt/freesurfer
Loading source label.
Found 1549 points in source label.
Starting surface-based mapping
Reading source registration 
 /out/sourcedata/freesurfer/fsaverage/surf/lh.sphere.reg
Rescaling ...  original radius = 100
Reading target surface 
 /out/sourcedata/freesurfer/sub-v2s4x29632_ses-1/surf/lh.white
Reading target registration 
 /out/sourcedata/freesurfer/sub-v2s4x29632_ses-1/surf/lh.sphere.reg
Rescaling ...  original radius = 100
Building target registration hash (res=16).
Building source registration hash (res=16).
INFO: found  1549 nlabel points
Performing mapping from target back to the source label 120983
Number of reverse mapping hits = 4
Checking for and removing duplicates
Writing label file ./lh.BA4p_exvivo.thresh.label 1553
mri_label2label: Done


 mri_label2label --srcsubject fsaverage --srclabel /out/sourcedata/freesurfer/fsaverage/label/lh.BA6_exvivo.thresh.label --trgsubject sub-v2s4x29632_ses-1 --trglabel ./lh.BA6_exvivo.thresh.label --hemi lh --regmethod surface 


srclabel = /out/sourcedata/freesurfer/fsaverage/label/lh.BA6_exvivo.thresh.label
srcsubject = fsaverage
trgsubject = sub-v2s4x29632_ses-1
trglabel = ./lh.BA6_exvivo.thresh.label
regmethod = surface

srchemi = lh
trghemi = lh
trgsurface = white
srcsurfreg = sphere.reg
trgsurfreg = sphere.reg
usehash = 1
Use ProjAbs  = 0, 0
Use ProjFrac = 0, 0
DoPaint 0

SUBJECTS_DIR    /out/sourcedata/freesurfer
FREESURFER_HOME /opt/freesurfer
Loading source label.
Found 7035 points in source label.
Starting surface-based mapping
Reading source registration 
 /out/sourcedata/freesurfer/fsaverage/surf/lh.sphere.reg
Rescaling ...  original radius = 100
Reading target surface 
 /out/sourcedata/freesurfer/sub-v2s4x29632_ses-1/surf/lh.white
Reading target registration 
 /out/sourcedata/freesurfer/sub-v2s4x29632_ses-1/surf/lh.sphere.reg
Rescaling ...  original radius = 100
Building target registration hash (res=16).
Building source registration hash (res=16).
INFO: found  7035 nlabel points
Performing mapping from target back to the source label 120983
Number of reverse mapping hits = 209
Checking for and removing duplicates
Writing label file ./lh.BA6_exvivo.thresh.label 7244
mri_label2label: Done


 mri_label2label --srcsubject fsaverage --srclabel /out/sourcedata/freesurfer/fsaverage/label/lh.BA44_exvivo.thresh.label --trgsubject sub-v2s4x29632_ses-1 --trglabel ./lh.BA44_exvivo.thresh.label --hemi lh --regmethod surface 


srclabel = /out/sourcedata/freesurfer/fsaverage/label/lh.BA44_exvivo.thresh.label
srcsubject = fsaverage
trgsubject = sub-v2s4x29632_ses-1
trglabel = ./lh.BA44_exvivo.thresh.label
regmethod = surface

srchemi = lh
trghemi = lh
trgsurface = white
srcsurfreg = sphere.reg
trgsurfreg = sphere.reg
usehash = 1
Use ProjAbs  = 0, 0
Use ProjFrac = 0, 0
DoPaint 0

SUBJECTS_DIR    /out/sourcedata/freesurfer
FREESURFER_HOME /opt/freesurfer
Loading source label.
Found 1912 points in source label.
Starting surface-based mapping
Reading source registration 
 /out/sourcedata/freesurfer/fsaverage/surf/lh.sphere.reg
Rescaling ...  original radius = 100
Reading target surface 
 /out/sourcedata/freesurfer/sub-v2s4x29632_ses-1/surf/lh.white
Reading target registration 
 /out/sourcedata/freesurfer/sub-v2s4x29632_ses-1/surf/lh.sphere.reg
Rescaling ...  original radius = 100
Building target registration hash (res=16).
Building source registration hash (res=16).
INFO: found  1912 nlabel points
Performing mapping from target back to the source label 120983
Number of reverse mapping hits = 94
Checking for and removing duplicates
Writing label file ./lh.BA44_exvivo.thresh.label 2006
mri_label2label: Done


 mri_label2label --srcsubject fsaverage --srclabel /out/sourcedata/freesurfer/fsaverage/label/lh.BA45_exvivo.thresh.label --trgsubject sub-v2s4x29632_ses-1 --trglabel ./lh.BA45_exvivo.thresh.label --hemi lh --regmethod surface 


srclabel = /out/sourcedata/freesurfer/fsaverage/label/lh.BA45_exvivo.thresh.label
srcsubject = fsaverage
trgsubject = sub-v2s4x29632_ses-1
trglabel = ./lh.BA45_exvivo.thresh.label
regmethod = surface

srchemi = lh
trghemi = lh
trgsurface = white
srcsurfreg = sphere.reg
trgsurfreg = sphere.reg
usehash = 1
Use ProjAbs  = 0, 0
Use ProjFrac = 0, 0
DoPaint 0

SUBJECTS_DIR    /out/sourcedata/freesurfer
FREESURFER_HOME /opt/freesurfer
Loading source label.
Found 1151 points in source label.
Starting surface-based mapping
Reading source registration 
 /out/sourcedata/freesurfer/fsaverage/surf/lh.sphere.reg
Rescaling ...  original radius = 100
Reading target surface 
 /out/sourcedata/freesurfer/sub-v2s4x29632_ses-1/surf/lh.white
Reading target registration 
 /out/sourcedata/freesurfer/sub-v2s4x29632_ses-1/surf/lh.sphere.reg
Rescaling ...  original radius = 100
Building target registration hash (res=16).
Building source registration hash (res=16).
INFO: found  1151 nlabel points
Performing mapping from target back to the source label 120983
Number of reverse mapping hits = 197
Checking for and removing duplicates
Writing label file ./lh.BA45_exvivo.thresh.label 1348
mri_label2label: Done


 mri_label2label --srcsubject fsaverage --srclabel /out/sourcedata/freesurfer/fsaverage/label/lh.V1_exvivo.thresh.label --trgsubject sub-v2s4x29632_ses-1 --trglabel ./lh.V1_exvivo.thresh.label --hemi lh --regmethod surface 


srclabel = /out/sourcedata/freesurfer/fsaverage/label/lh.V1_exvivo.thresh.label
srcsubject = fsaverage
trgsubject = sub-v2s4x29632_ses-1
trglabel = ./lh.V1_exvivo.thresh.label
regmethod = surface

srchemi = lh
trghemi = lh
trgsurface = white
srcsurfreg = sphere.reg
trgsurfreg = sphere.reg
usehash = 1
Use ProjAbs  = 0, 0
Use ProjFrac = 0, 0
DoPaint 0

SUBJECTS_DIR    /out/sourcedata/freesurfer
FREESURFER_HOME /opt/freesurfer
Loading source label.
Found 3405 points in source label.
Starting surface-based mapping
Reading source registration 
 /out/sourcedata/freesurfer/fsaverage/surf/lh.sphere.reg
Rescaling ...  original radius = 100
Reading target surface 
 /out/sourcedata/freesurfer/sub-v2s4x29632_ses-1/surf/lh.white
Reading target registration 
 /out/sourcedata/freesurfer/sub-v2s4x29632_ses-1/surf/lh.sphere.reg
Rescaling ...  original radius = 100
Building target registration hash (res=16).
Building source registration hash (res=16).
INFO: found  3405 nlabel points
Performing mapping from target back to the source label 120983
Number of reverse mapping hits = 430
Checking for and removing duplicates
Writing label file ./lh.V1_exvivo.thresh.label 3835
mri_label2label: Done


 mri_label2label --srcsubject fsaverage --srclabel /out/sourcedata/freesurfer/fsaverage/label/lh.V2_exvivo.thresh.label --trgsubject sub-v2s4x29632_ses-1 --trglabel ./lh.V2_exvivo.thresh.label --hemi lh --regmethod surface 


srclabel = /out/sourcedata/freesurfer/fsaverage/label/lh.V2_exvivo.thresh.label
srcsubject = fsaverage
trgsubject = sub-v2s4x29632_ses-1
trglabel = ./lh.V2_exvivo.thresh.label
regmethod = surface

srchemi = lh
trghemi = lh
trgsurface = white
srcsurfreg = sphere.reg
trgsurfreg = sphere.reg
usehash = 1
Use ProjAbs  = 0, 0
Use ProjFrac = 0, 0
DoPaint 0

SUBJECTS_DIR    /out/sourcedata/freesurfer
FREESURFER_HOME /opt/freesurfer
Loading source label.
Found 3334 points in source label.
Starting surface-based mapping
Reading source registration 
 /out/sourcedata/freesurfer/fsaverage/surf/lh.sphere.reg
Rescaling ...  original radius = 100
Reading target surface 
 /out/sourcedata/freesurfer/sub-v2s4x29632_ses-1/surf/lh.white
Reading target registration 
 /out/sourcedata/freesurfer/sub-v2s4x29632_ses-1/surf/lh.sphere.reg
Rescaling ...  original radius = 100
Building target registration hash (res=16).
Building source registration hash (res=16).
INFO: found  3334 nlabel points
Performing mapping from target back to the source label 120983
Number of reverse mapping hits = 602
Checking for and removing duplicates
Writing label file ./lh.V2_exvivo.thresh.label 3936
mri_label2label: Done


 mri_label2label --srcsubject fsaverage --srclabel /out/sourcedata/freesurfer/fsaverage/label/lh.MT_exvivo.thresh.label --trgsubject sub-v2s4x29632_ses-1 --trglabel ./lh.MT_exvivo.thresh.label --hemi lh --regmethod surface 


srclabel = /out/sourcedata/freesurfer/fsaverage/label/lh.MT_exvivo.thresh.label
srcsubject = fsaverage
trgsubject = sub-v2s4x29632_ses-1
trglabel = ./lh.MT_exvivo.thresh.label
regmethod = surface

srchemi = lh
trghemi = lh
trgsurface = white
srcsurfreg = sphere.reg
trgsurfreg = sphere.reg
usehash = 1
Use ProjAbs  = 0, 0
Use ProjFrac = 0, 0
DoPaint 0

SUBJECTS_DIR    /out/sourcedata/freesurfer
FREESURFER_HOME /opt/freesurfer
Loading source label.
Found 513 points in source label.
Starting surface-based mapping
Reading source registration 
 /out/sourcedata/freesurfer/fsaverage/surf/lh.sphere.reg
Rescaling ...  original radius = 100
Reading target surface 
 /out/sourcedata/freesurfer/sub-v2s4x29632_ses-1/surf/lh.white
Reading target registration 
 /out/sourcedata/freesurfer/sub-v2s4x29632_ses-1/surf/lh.sphere.reg
Rescaling ...  original radius = 100
Building target registration hash (res=16).
Building source registration hash (res=16).
INFO: found  513 nlabel points
Performing mapping from target back to the source label 120983
Number of reverse mapping hits = 117
Checking for and removing duplicates
Writing label file ./lh.MT_exvivo.thresh.label 630
mri_label2label: Done


 mri_label2label --srcsubject fsaverage --srclabel /out/sourcedata/freesurfer/fsaverage/label/lh.entorhinal_exvivo.thresh.label --trgsubject sub-v2s4x29632_ses-1 --trglabel ./lh.entorhinal_exvivo.thresh.label --hemi lh --regmethod surface 


srclabel = /out/sourcedata/freesurfer/fsaverage/label/lh.entorhinal_exvivo.thresh.label
srcsubject = fsaverage
trgsubject = sub-v2s4x29632_ses-1
trglabel = ./lh.entorhinal_exvivo.thresh.label
regmethod = surface

srchemi = lh
trghemi = lh
trgsurface = white
srcsurfreg = sphere.reg
trgsurfreg = sphere.reg
usehash = 1
Use ProjAbs  = 0, 0
Use ProjFrac = 0, 0
DoPaint 0

SUBJECTS_DIR    /out/sourcedata/freesurfer
FREESURFER_HOME /opt/freesurfer
Loading source label.
Found 470 points in source label.
Starting surface-based mapping
Reading source registration 
 /out/sourcedata/freesurfer/fsaverage/surf/lh.sphere.reg
Rescaling ...  original radius = 100
Reading target surface 
 /out/sourcedata/freesurfer/sub-v2s4x29632_ses-1/surf/lh.white
Reading target registration 
 /out/sourcedata/freesurfer/sub-v2s4x29632_ses-1/surf/lh.sphere.reg
Rescaling ...  original radius = 100
Building target registration hash (res=16).
Building source registration hash (res=16).
INFO: found  470 nlabel points
Performing mapping from target back to the source label 120983
Number of reverse mapping hits = 9
Checking for and removing duplicates
Writing label file ./lh.entorhinal_exvivo.thresh.label 479
mri_label2label: Done


 mri_label2label --srcsubject fsaverage --srclabel /out/sourcedata/freesurfer/fsaverage/label/lh.perirhinal_exvivo.thresh.label --trgsubject sub-v2s4x29632_ses-1 --trglabel ./lh.perirhinal_exvivo.thresh.label --hemi lh --regmethod surface 


srclabel = /out/sourcedata/freesurfer/fsaverage/label/lh.perirhinal_exvivo.thresh.label
srcsubject = fsaverage
trgsubject = sub-v2s4x29632_ses-1
trglabel = ./lh.perirhinal_exvivo.thresh.label
regmethod = surface

srchemi = lh
trghemi = lh
trgsurface = white
srcsurfreg = sphere.reg
trgsurfreg = sphere.reg
usehash = 1
Use ProjAbs  = 0, 0
Use ProjFrac = 0, 0
DoPaint 0

SUBJECTS_DIR    /out/sourcedata/freesurfer
FREESURFER_HOME /opt/freesurfer
Loading source label.
Found 450 points in source label.
Starting surface-based mapping
Reading source registration 
 /out/sourcedata/freesurfer/fsaverage/surf/lh.sphere.reg
Rescaling ...  original radius = 100
Reading target surface 
 /out/sourcedata/freesurfer/sub-v2s4x29632_ses-1/surf/lh.white
Reading target registration 
 /out/sourcedata/freesurfer/sub-v2s4x29632_ses-1/surf/lh.sphere.reg
Rescaling ...  original radius = 100
Building target registration hash (res=16).
Building source registration hash (res=16).
INFO: found  450 nlabel points
Performing mapping from target back to the source label 120983
Number of reverse mapping hits = 33
Checking for and removing duplicates
Writing label file ./lh.perirhinal_exvivo.thresh.label 483
mri_label2label: Done


 mris_label2annot --s sub-v2s4x29632_ses-1 --hemi lh --ctab /opt/freesurfer/average/colortable_BA.txt --l lh.BA1_exvivo.label --l lh.BA2_exvivo.label --l lh.BA3a_exvivo.label --l lh.BA3b_exvivo.label --l lh.BA4a_exvivo.label --l lh.BA4p_exvivo.label --l lh.BA6_exvivo.label --l lh.BA44_exvivo.label --l lh.BA45_exvivo.label --l lh.V1_exvivo.label --l lh.V2_exvivo.label --l lh.MT_exvivo.label --l lh.perirhinal_exvivo.label --l lh.entorhinal_exvivo.label --a BA_exvivo --maxstatwinner --noverbose 

Reading ctab /opt/freesurfer/average/colortable_BA.txt
Number of ctab entries 15

7.3.2
cwd /out/sourcedata/freesurfer/sub-v2s4x29632_ses-1/label
cmdline mris_label2annot --s sub-v2s4x29632_ses-1 --hemi lh --ctab /opt/freesurfer/average/colortable_BA.txt --l lh.BA1_exvivo.label --l lh.BA2_exvivo.label --l lh.BA3a_exvivo.label --l lh.BA3b_exvivo.label --l lh.BA4a_exvivo.label --l lh.BA4p_exvivo.label --l lh.BA6_exvivo.label --l lh.BA44_exvivo.label --l lh.BA45_exvivo.label --l lh.V1_exvivo.label --l lh.V2_exvivo.label --l lh.MT_exvivo.label --l lh.perirhinal_exvivo.label --l lh.entorhinal_exvivo.label --a BA_exvivo --maxstatwinner --noverbose 
sysname  Linux
hostname dna082
machine  x86_64
user     oesteban

subject sub-v2s4x29632_ses-1
hemi    lh
SUBJECTS_DIR /out/sourcedata/freesurfer
ColorTable /opt/freesurfer/average/colortable_BA.txt
AnnotName  BA_exvivo
nlables 14
LabelThresh 0 0.000000
Loading /out/sourcedata/freesurfer/sub-v2s4x29632_ses-1/surf/lh.orig
 1 1530880 BA1_exvivo
 2 16749699 BA2_exvivo
 3 16711680 BA3a_exvivo
 4 3368703 BA3b_exvivo
 5 1376196 BA4a_exvivo
 6 13382655 BA4p_exvivo
 7 10036737 BA6_exvivo
 8 2490521 BA44_exvivo
 9 39283 BA45_exvivo
10 3993 V1_exvivo
11 8508928 V2_exvivo
12 10027163 MT_exvivo
13 16422433 perirhinal_exvivo
14 16392598 entorhinal_exvivo
Mapping unhit to unknown
Found 83709 unhit vertices
Writing annot to /out/sourcedata/freesurfer/sub-v2s4x29632_ses-1/label/lh.BA_exvivo.annot

 mris_label2annot --s sub-v2s4x29632_ses-1 --hemi lh --ctab /opt/freesurfer/average/colortable_BA.txt --l lh.BA1_exvivo.thresh.label --l lh.BA2_exvivo.thresh.label --l lh.BA3a_exvivo.thresh.label --l lh.BA3b_exvivo.thresh.label --l lh.BA4a_exvivo.thresh.label --l lh.BA4p_exvivo.thresh.label --l lh.BA6_exvivo.thresh.label --l lh.BA44_exvivo.thresh.label --l lh.BA45_exvivo.thresh.label --l lh.V1_exvivo.thresh.label --l lh.V2_exvivo.thresh.label --l lh.MT_exvivo.thresh.label --l lh.perirhinal_exvivo.thresh.label --l lh.entorhinal_exvivo.thresh.label --a BA_exvivo.thresh --maxstatwinner --noverbose 

Reading ctab /opt/freesurfer/average/colortable_BA.txt
Number of ctab entries 15

7.3.2
cwd /out/sourcedata/freesurfer/sub-v2s4x29632_ses-1/label
cmdline mris_label2annot --s sub-v2s4x29632_ses-1 --hemi lh --ctab /opt/freesurfer/average/colortable_BA.txt --l lh.BA1_exvivo.thresh.label --l lh.BA2_exvivo.thresh.label --l lh.BA3a_exvivo.thresh.label --l lh.BA3b_exvivo.thresh.label --l lh.BA4a_exvivo.thresh.label --l lh.BA4p_exvivo.thresh.label --l lh.BA6_exvivo.thresh.label --l lh.BA44_exvivo.thresh.label --l lh.BA45_exvivo.thresh.label --l lh.V1_exvivo.thresh.label --l lh.V2_exvivo.thresh.label --l lh.MT_exvivo.thresh.label --l lh.perirhinal_exvivo.thresh.label --l lh.entorhinal_exvivo.thresh.label --a BA_exvivo.thresh --maxstatwinner --noverbose 
sysname  Linux
hostname dna082
machine  x86_64
user     oesteban

subject sub-v2s4x29632_ses-1
hemi    lh
SUBJECTS_DIR /out/sourcedata/freesurfer
ColorTable /opt/freesurfer/average/colortable_BA.txt
AnnotName  BA_exvivo.thresh
nlables 14
LabelThresh 0 0.000000
Loading /out/sourcedata/freesurfer/sub-v2s4x29632_ses-1/surf/lh.orig
 1 1530880 BA1_exvivo
 2 16749699 BA2_exvivo
 3 16711680 BA3a_exvivo
 4 3368703 BA3b_exvivo
 5 1376196 BA4a_exvivo
 6 13382655 BA4p_exvivo
 7 10036737 BA6_exvivo
 8 2490521 BA44_exvivo
 9 39283 BA45_exvivo
10 3993 V1_exvivo
11 8508928 V2_exvivo
12 10027163 MT_exvivo
13 16422433 perirhinal_exvivo
14 16392598 entorhinal_exvivo
Mapping unhit to unknown
Found 99602 unhit vertices
Writing annot to /out/sourcedata/freesurfer/sub-v2s4x29632_ses-1/label/lh.BA_exvivo.thresh.annot

 mris_anatomical_stats -th3 -mgz -noglobal -f ../stats/lh.BA_exvivo.stats -b -a ./lh.BA_exvivo.annot -c ./BA_exvivo.ctab sub-v2s4x29632_ses-1 lh white 

computing statistics for each annotation in ./lh.BA_exvivo.annot.
reading volume /out/sourcedata/freesurfer/sub-v2s4x29632_ses-1/mri/wm.mgz...
reading input surface /out/sourcedata/freesurfer/sub-v2s4x29632_ses-1/surf/lh.white...
reading input pial surface /out/sourcedata/freesurfer/sub-v2s4x29632_ses-1/surf/lh.pial...
reading input white surface /out/sourcedata/freesurfer/sub-v2s4x29632_ses-1/surf/lh.white...
INFO: using TH3 volume calc
INFO: assuming MGZ format for volumes.
INFO: not computing global stats
Using TH3 vertex volume calc
Total face volume 251096
Total vertex volume 250861 (mask=0)
Saving annotation colortable ./BA_exvivo.ctab

table columns are:
    number of vertices
    total surface area (mm^2)
    total gray matter volume (mm^3)
    average cortical thickness +- standard deviation (mm)
    integrated rectified mean curvature
    integrated rectified Gaussian curvature
    folding index
    intrinsic curvature index
    structure name

 1159    684   1655  1.956 0.663     0.129     0.033       19     1.5  BA1_exvivo
 4569   3025   7197  2.393 0.650     0.117     0.030       38     5.8  BA2_exvivo
  933    678   1094  2.254 0.557     0.144     0.036        9     1.4  BA3a_exvivo
 2314   1546   3091  1.892 0.785     0.112     0.026       19     2.7  BA3b_exvivo
 1479    993   2361  2.228 0.771     0.135     0.041       15     2.7  BA4a_exvivo
 1017    695   1329  2.080 0.762     0.113     0.030        7     1.3  BA4p_exvivo
 8039   5637  19749  2.834 0.918     0.143     0.044      114    15.8  BA6_exvivo
 2061   1424   5292  3.137 0.584     0.114     0.030       21     2.4  BA44_exvivo
 2850   1961   7104  2.969 0.615     0.117     0.029       26     3.5  BA45_exvivo
 2816   1872   3597  1.825 0.588     0.128     0.033       28     4.3  V1_exvivo
 6768   4694  10747  2.110 0.657     0.144     0.039       86    11.1  V2_exvivo
 2077   1405   4140  2.614 0.579     0.109     0.023       18     1.9  MT_exvivo
  632    438   2296  3.475 1.113     0.136     0.041        6     1.0  perirhinal_exvivo
  560    369   1701  2.954 1.225     0.132     0.033       11     0.7  entorhinal_exvivo

 mris_anatomical_stats -th3 -mgz -f ../stats/lh.BA_exvivo.thresh.stats -noglobal -b -a ./lh.BA_exvivo.thresh.annot -c ./BA_exvivo.thresh.ctab sub-v2s4x29632_ses-1 lh white 

computing statistics for each annotation in ./lh.BA_exvivo.thresh.annot.
reading volume /out/sourcedata/freesurfer/sub-v2s4x29632_ses-1/mri/wm.mgz...
reading input surface /out/sourcedata/freesurfer/sub-v2s4x29632_ses-1/surf/lh.white...
reading input pial surface /out/sourcedata/freesurfer/sub-v2s4x29632_ses-1/surf/lh.pial...
reading input white surface /out/sourcedata/freesurfer/sub-v2s4x29632_ses-1/surf/lh.white...
INFO: using TH3 volume calc
INFO: assuming MGZ format for volumes.
INFO: not computing global stats
Using TH3 vertex volume calc
Total face volume 251096
Total vertex volume 250861 (mask=0)
Saving annotation colortable ./BA_exvivo.thresh.ctab

table columns are:
    number of vertices
    total surface area (mm^2)
    total gray matter volume (mm^3)
    average cortical thickness +- standard deviation (mm)
    integrated rectified mean curvature
    integrated rectified Gaussian curvature
    folding index
    intrinsic curvature index
    structure name

  726    417   1089  2.028 0.666     0.133     0.035       15     1.0  BA1_exvivo
 1825   1183   2696  2.197 0.637     0.118     0.031       17     2.6  BA2_exvivo
  772    573    889  2.243 0.586     0.152     0.036        8     1.2  BA3a_exvivo
 1391    945   1408  1.489 0.417     0.089     0.018        6     1.0  BA3b_exvivo
 1376    932   1978  2.069 0.757     0.132     0.039       13     2.6  BA4a_exvivo
  849    582   1104  2.138 0.724     0.117     0.031        6     1.1  BA4p_exvivo
 4299   3025   9790  2.643 0.921     0.146     0.044       64     8.6  BA6_exvivo
 1368    934   3559  3.158 0.606     0.121     0.035       17     1.7  BA44_exvivo
 1219    836   3449  3.096 0.642     0.116     0.028       13     1.5  BA45_exvivo
 3014   1984   3826  1.828 0.571     0.125     0.032       30     4.2  V1_exvivo
 3342   2377   5215  2.005 0.632     0.157     0.046       48     6.7  V2_exvivo
  575    399   1110  2.274 0.469     0.123     0.026        7     0.8  MT_exvivo
  292    206   1135  3.522 1.175     0.134     0.040        2     0.5  perirhinal_exvivo
  333    241    982  2.817 1.029     0.116     0.024        2     0.4  entorhinal_exvivo

Started at Fri Mar 13 08:36:08 CET 2026 
Ended   at Fri Mar 13 08:38:23 CET 2026
#@#%# recon-all-run-time-hours 0.038
recon-all -s sub-v2s4x29632_ses-1 finished without error at Fri Mar 13 08:38:23 CET 2026
