
Fri Mar 13 06:07:09 CET 2026
cd /out/sourcedata/freesurfer/sub-v2s4x29632_ses-1
setenv SUBJECTS_DIR /out/sourcedata/freesurfer
/opt/freesurfer/bin/recon-all -autorecon1 -i /work/fmriprep_25_2_wf/sub_v2s4x29632_ses_1_wf/anat_fit_wf/anat_validate/sub-v2s4x29632_ses-1_run-1_T1w_noise_corrected_ras_valid.nii.gz -noskullstrip -noT2pial -noFLAIRpial -openmp 16 -subjid sub-v2s4x29632_ses-1 -sd /out/sourcedata/freesurfer

subjid sub-v2s4x29632_ses-1
setenv SUBJECTS_DIR /out/sourcedata/freesurfer
FREESURFER_HOME /opt/freesurfer
Actual FREESURFER_HOME /opt/freesurfer
build-stamp.txt: freesurfer-linux-ubuntu22_x86_64-7.3.2-20220804-6354275
Linux dna082 5.14.0-427.37.1.el9_4.x86_64 #1 SMP PREEMPT_DYNAMIC Fri Sep 13 12:41:50 EDT 2024 x86_64 x86_64 x86_64 GNU/Linux
cputime      unlimited
filesize     unlimited
datasize     unlimited
stacksize    8192 kbytes
coredumpsize 0 kbytes
memoryuse    67108864 kbytes
vmemoryuse   unlimited
descriptors  1024 
memorylocked unlimited
maxproc      2061970 
maxlocks     unlimited
maxsignal    2062029 
maxmessage   819200 
maxnice      0 
maxrtprio    0 
maxrttime    unlimited

               total        used        free      shared  buff/cache   available
Mem:           503Gi        53Gi       348Gi       8.8Gi       101Gi       437Gi
Swap:             0B          0B          0B

########################################
program versions used
7.3.2 (freesurfer-linux-ubuntu22_x86_64-7.3.2-20220804-6354275)
7.3.2

ProgramName: lta_convert  ProgramArguments: lta_convert -all-info  ProgramVersion: 7.3.2  TimeStamp: 2026/03/13-05:07:09-GMT  BuildTime: Aug  4 2022 06:17:15  BuildStamp: freesurfer-linux-ubuntu22_x86_64-7.3.2-20220804-6354275  User: oesteban  Machine: dna082  Platform: Linux  PlatformVersion: 5.14.0-427.37.1.el9_4.x86_64  CompilerName: GCC  CompilerVersion: 8.4.0
ProgramName: mri_and  ProgramArguments: mri_and -all-info  ProgramVersion: 7.3.2  TimeStamp: 2026/03/13-05:07:09-GMT  BuildTime: Aug  4 2022 06:17:15  BuildStamp: freesurfer-linux-ubuntu22_x86_64-7.3.2-20220804-6354275  User: oesteban  Machine: dna082  Platform: Linux  PlatformVersion: 5.14.0-427.37.1.el9_4.x86_64  CompilerName: GCC  CompilerVersion: 8.4.0
ProgramName: mri_annotation2label  ProgramArguments: mri_annotation2label -all-info  ProgramVersion: 7.3.2  TimeStamp: 2026/03/13-05:07:09-GMT  BuildTime: Aug  4 2022 06:17:15  BuildStamp: freesurfer-linux-ubuntu22_x86_64-7.3.2-20220804-6354275  User: oesteban  Machine: dna082  Platform: Linux  PlatformVersion: 5.14.0-427.37.1.el9_4.x86_64  CompilerName: GCC  CompilerVersion: 8.4.0
ProgramName: mri_aparc2aseg  ProgramArguments: mri_aparc2aseg -all-info  ProgramVersion: 7.3.2  TimeStamp: 2026/03/13-05:07:09-GMT  BuildTime: Aug  4 2022 06:17:15  BuildStamp: freesurfer-linux-ubuntu22_x86_64-7.3.2-20220804-6354275  User: oesteban  Machine: dna082  Platform: Linux  PlatformVersion: 5.14.0-427.37.1.el9_4.x86_64  CompilerName: GCC  CompilerVersion: 8.4.0
ProgramName: mri_surf2volseg  ProgramArguments: mri_surf2volseg -all-info  ProgramVersion: 7.3.2  TimeStamp: 2026/03/13-05:07:09-GMT  BuildTime: Aug  4 2022 06:17:15  BuildStamp: freesurfer-linux-ubuntu22_x86_64-7.3.2-20220804-6354275  User: oesteban  Machine: dna082  Platform: Linux  PlatformVersion: 5.14.0-427.37.1.el9_4.x86_64  CompilerName: GCC  CompilerVersion: 8.4.0
ProgramName: mri_binarize  ProgramArguments: mri_binarize -all-info  ProgramVersion: 7.3.2  TimeStamp: 2026/03/13-05:07:09-GMT  BuildTime: Aug  4 2022 06:17:15  BuildStamp: freesurfer-linux-ubuntu22_x86_64-7.3.2-20220804-6354275  User: oesteban  Machine: dna082  Platform: Linux  PlatformVersion: 5.14.0-427.37.1.el9_4.x86_64  CompilerName: GCC  CompilerVersion: 8.4.0
ProgramName: mri_ca_label  ProgramArguments: mri_ca_label -all-info  ProgramVersion: 7.3.2  TimeStamp: 2026/03/13-05:07:09-GMT  BuildTime: Aug  4 2022 06:17:15  BuildStamp: freesurfer-linux-ubuntu22_x86_64-7.3.2-20220804-6354275  User: oesteban  Machine: dna082  Platform: Linux  PlatformVersion: 5.14.0-427.37.1.el9_4.x86_64  CompilerName: GCC  CompilerVersion: 8.4.0
ProgramName: mri_ca_normalize  ProgramArguments: mri_ca_normalize -all-info  ProgramVersion: 7.3.2  TimeStamp: 2026/03/13-05:07:09-GMT  BuildTime: Aug  4 2022 06:17:15  BuildStamp: freesurfer-linux-ubuntu22_x86_64-7.3.2-20220804-6354275  User: oesteban  Machine: dna082  Platform: Linux  PlatformVersion: 5.14.0-427.37.1.el9_4.x86_64  CompilerName: GCC  CompilerVersion: 8.4.0
ProgramName: mri_ca_register  ProgramArguments: mri_ca_register -all-info  ProgramVersion: 7.3.2  TimeStamp: 2026/03/13-05:07:09-GMT  BuildTime: Aug  4 2022 06:17:15  BuildStamp: freesurfer-linux-ubuntu22_x86_64-7.3.2-20220804-6354275  User: oesteban  Machine: dna082  Platform: Linux  PlatformVersion: 5.14.0-427.37.1.el9_4.x86_64  CompilerName: GCC  CompilerVersion: 8.4.0
ProgramName: mri_cc  ProgramArguments: mri_cc -all-info  ProgramVersion: 7.3.2  TimeStamp: 2026/03/13-05:07:09-GMT  BuildTime: Aug  4 2022 06:17:15  BuildStamp: freesurfer-linux-ubuntu22_x86_64-7.3.2-20220804-6354275  User: oesteban  Machine: dna082  Platform: Linux  PlatformVersion: 5.14.0-427.37.1.el9_4.x86_64  CompilerName: GCC  CompilerVersion: 8.4.0
ProgramName: mri_compute_overlap  ProgramArguments: mri_compute_overlap -all-info  ProgramVersion: 7.3.2  TimeStamp: 2026/03/13-05:07:09-GMT  BuildTime: Aug  4 2022 06:17:15  BuildStamp: freesurfer-linux-ubuntu22_x86_64-7.3.2-20220804-6354275  User: oesteban  Machine: dna082  Platform: Linux  PlatformVersion: 5.14.0-427.37.1.el9_4.x86_64  CompilerName: GCC  CompilerVersion: 8.4.0
ProgramName: mri_compute_seg_overlap  ProgramArguments: mri_compute_seg_overlap -all-info  ProgramVersion: 7.3.2  TimeStamp: 2026/03/13-05:07:09-GMT  BuildTime: Aug  4 2022 06:17:15  BuildStamp: freesurfer-linux-ubuntu22_x86_64-7.3.2-20220804-6354275  User: oesteban  Machine: dna082  Platform: Linux  PlatformVersion: 5.14.0-427.37.1.el9_4.x86_64  CompilerName: GCC  CompilerVersion: 8.4.0
ProgramName: mri_concat  ProgramArguments: mri_concat -all-info  ProgramVersion: 7.3.2  TimeStamp: 2026/03/13-05:07:09-GMT  BuildTime: Aug  4 2022 06:17:15  BuildStamp: freesurfer-linux-ubuntu22_x86_64-7.3.2-20220804-6354275  User: oesteban  Machine: dna082  Platform: Linux  PlatformVersion: 5.14.0-427.37.1.el9_4.x86_64  CompilerName: GCC  CompilerVersion: 8.4.0
ProgramName: mri_concatenate_lta  ProgramArguments: mri_concatenate_lta -all-info  ProgramVersion: 7.3.2  TimeStamp: 2026/03/13-05:07:09-GMT  BuildTime: Aug  4 2022 06:17:15  BuildStamp: freesurfer-linux-ubuntu22_x86_64-7.3.2-20220804-6354275  User: oesteban  Machine: dna082  Platform: Linux  PlatformVersion: 5.14.0-427.37.1.el9_4.x86_64  CompilerName: GCC  CompilerVersion: 8.4.0
mri_convert -all-info 
ProgramName: mri_convert  ProgramArguments: mri_convert -all-info  ProgramVersion: 7.3.2  TimeStamp: 2026/03/13-05:07:09-GMT  BuildTime: Aug  4 2022 06:17:15  BuildStamp: freesurfer-linux-ubuntu22_x86_64-7.3.2-20220804-6354275  User: oesteban  Machine: dna082  Platform: Linux  PlatformVersion: 5.14.0-427.37.1.el9_4.x86_64  CompilerName: GCC  CompilerVersion: 8.4.0
ProgramName: mri_diff  ProgramArguments: mri_diff -all-info  ProgramVersion: 7.3.2  TimeStamp: 2026/03/13-05:07:09-GMT  BuildTime: Aug  4 2022 06:17:15  BuildStamp: freesurfer-linux-ubuntu22_x86_64-7.3.2-20220804-6354275  User: oesteban  Machine: dna082  Platform: Linux  PlatformVersion: 5.14.0-427.37.1.el9_4.x86_64  CompilerName: GCC  CompilerVersion: 8.4.0
ProgramName: mri_edit_wm_with_aseg  ProgramArguments: mri_edit_wm_with_aseg -all-info  ProgramVersion: 7.3.2  TimeStamp: 2026/03/13-05:07:09-GMT  BuildTime: Aug  4 2022 06:17:15  BuildStamp: freesurfer-linux-ubuntu22_x86_64-7.3.2-20220804-6354275  User: oesteban  Machine: dna082  Platform: Linux  PlatformVersion: 5.14.0-427.37.1.el9_4.x86_64  CompilerName: GCC  CompilerVersion: 8.4.0
ProgramName: mri_em_register  ProgramArguments: mri_em_register -all-info  ProgramVersion: 7.3.2  TimeStamp: 2026/03/13-05:07:09-GMT  BuildTime: Aug  4 2022 06:17:15  BuildStamp: freesurfer-linux-ubuntu22_x86_64-7.3.2-20220804-6354275  User: oesteban  Machine: dna082  Platform: Linux  PlatformVersion: 5.14.0-427.37.1.el9_4.x86_64  CompilerName: GCC  CompilerVersion: 8.4.0
ProgramName: mri_fill  ProgramArguments: mri_fill -all-info  ProgramVersion: 7.3.2  TimeStamp: 2026/03/13-05:07:09-GMT  BuildTime: Aug  4 2022 06:17:15  BuildStamp: freesurfer-linux-ubuntu22_x86_64-7.3.2-20220804-6354275  User: oesteban  Machine: dna082  Platform: Linux  PlatformVersion: 5.14.0-427.37.1.el9_4.x86_64  CompilerName: GCC  CompilerVersion: 8.4.0
ProgramName: mri_fuse_segmentations  ProgramArguments: mri_fuse_segmentations -all-info  ProgramVersion: 7.3.2  TimeStamp: 2026/03/13-05:07:09-GMT  BuildTime: Aug  4 2022 06:17:15  BuildStamp: freesurfer-linux-ubuntu22_x86_64-7.3.2-20220804-6354275  User: oesteban  Machine: dna082  Platform: Linux  PlatformVersion: 5.14.0-427.37.1.el9_4.x86_64  CompilerName: GCC  CompilerVersion: 8.4.0
ProgramName: mri_fwhm  ProgramArguments: mri_fwhm -all-info  ProgramVersion: 7.3.2  TimeStamp: 2026/03/13-05:07:09-GMT  BuildTime: Aug  4 2022 06:17:15  BuildStamp: freesurfer-linux-ubuntu22_x86_64-7.3.2-20220804-6354275  User: oesteban  Machine: dna082  Platform: Linux  PlatformVersion: 5.14.0-427.37.1.el9_4.x86_64  CompilerName: GCC  CompilerVersion: 8.4.0
ProgramName: mri_gcut  ProgramArguments: mri_gcut -all-info  ProgramVersion: 7.3.2  TimeStamp: 2026/03/13-05:07:09-GMT  BuildTime: Aug  4 2022 06:17:15  BuildStamp: freesurfer-linux-ubuntu22_x86_64-7.3.2-20220804-6354275  User: oesteban  Machine: dna082  Platform: Linux  PlatformVersion: 5.14.0-427.37.1.el9_4.x86_64  CompilerName: GCC  CompilerVersion: 8.4.0
ProgramName: mri_info  ProgramArguments: mri_info -all-info  ProgramVersion: 7.3.2  TimeStamp: 2026/03/13-05:07:09-GMT  BuildTime: Aug  4 2022 06:17:15  BuildStamp: freesurfer-linux-ubuntu22_x86_64-7.3.2-20220804-6354275  User: oesteban  Machine: dna082  Platform: Linux  PlatformVersion: 5.14.0-427.37.1.el9_4.x86_64  CompilerName: GCC  CompilerVersion: 8.4.0
ProgramName: mri_label2label  ProgramArguments: mri_label2label -all-info  ProgramVersion: 7.3.2  TimeStamp: 2026/03/13-05:07:09-GMT  BuildTime: Aug  4 2022 06:17:15  BuildStamp: freesurfer-linux-ubuntu22_x86_64-7.3.2-20220804-6354275  User: oesteban  Machine: dna082  Platform: Linux  PlatformVersion: 5.14.0-427.37.1.el9_4.x86_64  CompilerName: GCC  CompilerVersion: 8.4.0
ProgramName: mri_label2vol  ProgramArguments: mri_label2vol -all-info  ProgramVersion: 7.3.2  TimeStamp: 2026/03/13-05:07:09-GMT  BuildTime: Aug  4 2022 06:17:15  BuildStamp: freesurfer-linux-ubuntu22_x86_64-7.3.2-20220804-6354275  User: oesteban  Machine: dna082  Platform: Linux  PlatformVersion: 5.14.0-427.37.1.el9_4.x86_64  CompilerName: GCC  CompilerVersion: 8.4.0
ProgramName: mri_log_likelihood  ProgramArguments: mri_log_likelihood -all-info  ProgramVersion: 7.3.2  TimeStamp: 2026/03/13-05:07:09-GMT  BuildTime: Aug  4 2022 06:17:15  BuildStamp: freesurfer-linux-ubuntu22_x86_64-7.3.2-20220804-6354275  User: oesteban  Machine: dna082  Platform: Linux  PlatformVersion: 5.14.0-427.37.1.el9_4.x86_64  CompilerName: GCC  CompilerVersion: 8.4.0
ProgramName: mri_mask  ProgramArguments: mri_mask -all-info  ProgramVersion: 7.3.2  TimeStamp: 2026/03/13-05:07:09-GMT  BuildTime: Aug  4 2022 06:17:15  BuildStamp: freesurfer-linux-ubuntu22_x86_64-7.3.2-20220804-6354275  User: oesteban  Machine: dna082  Platform: Linux  PlatformVersion: 5.14.0-427.37.1.el9_4.x86_64  CompilerName: GCC  CompilerVersion: 8.4.0
ProgramName: mri_matrix_multiply  ProgramArguments: mri_matrix_multiply -all-info  ProgramVersion: 7.3.2  TimeStamp: 2026/03/13-05:07:09-GMT  BuildTime: Aug  4 2022 06:17:15  BuildStamp: freesurfer-linux-ubuntu22_x86_64-7.3.2-20220804-6354275  User: oesteban  Machine: dna082  Platform: Linux  PlatformVersion: 5.14.0-427.37.1.el9_4.x86_64  CompilerName: GCC  CompilerVersion: 8.4.0
ProgramName: mri_normalize  ProgramArguments: mri_normalize -all-info  ProgramVersion: 7.3.2  TimeStamp: 2026/03/13-05:07:09-GMT  BuildTime: Aug  4 2022 06:17:15  BuildStamp: freesurfer-linux-ubuntu22_x86_64-7.3.2-20220804-6354275  User: oesteban  Machine: dna082  Platform: Linux  PlatformVersion: 5.14.0-427.37.1.el9_4.x86_64  CompilerName: GCC  CompilerVersion: 8.4.0
ProgramName: mri_normalize_tp2  ProgramArguments: mri_normalize_tp2 -all-info  ProgramVersion: 7.3.2  TimeStamp: 2026/03/13-05:07:09-GMT  BuildTime: Aug  4 2022 06:17:15  BuildStamp: freesurfer-linux-ubuntu22_x86_64-7.3.2-20220804-6354275  User: oesteban  Machine: dna082  Platform: Linux  PlatformVersion: 5.14.0-427.37.1.el9_4.x86_64  CompilerName: GCC  CompilerVersion: 8.4.0
ProgramName: mri_or  ProgramArguments: mri_or -all-info  ProgramVersion: 7.3.2  TimeStamp: 2026/03/13-05:07:09-GMT  BuildTime: Aug  4 2022 06:17:15  BuildStamp: freesurfer-linux-ubuntu22_x86_64-7.3.2-20220804-6354275  User: oesteban  Machine: dna082  Platform: Linux  PlatformVersion: 5.14.0-427.37.1.el9_4.x86_64  CompilerName: GCC  CompilerVersion: 8.4.0
ProgramName: mri_relabel_hypointensities  ProgramArguments: mri_relabel_hypointensities -all-info  ProgramVersion: 7.3.2  TimeStamp: 2026/03/13-05:07:09-GMT  BuildTime: Aug  4 2022 06:17:15  BuildStamp: freesurfer-linux-ubuntu22_x86_64-7.3.2-20220804-6354275  User: oesteban  Machine: dna082  Platform: Linux  PlatformVersion: 5.14.0-427.37.1.el9_4.x86_64  CompilerName: GCC  CompilerVersion: 8.4.0
ProgramName: mri_relabel_nonwm_hypos  ProgramArguments: mri_relabel_nonwm_hypos -all-info  ProgramVersion: 7.3.2  TimeStamp: 2026/03/13-05:07:09-GMT  BuildTime: Aug  4 2022 06:17:15  BuildStamp: freesurfer-linux-ubuntu22_x86_64-7.3.2-20220804-6354275  User: oesteban  Machine: dna082  Platform: Linux  PlatformVersion: 5.14.0-427.37.1.el9_4.x86_64  CompilerName: GCC  CompilerVersion: 8.4.0
ProgramName: mri_remove_neck  ProgramArguments: mri_remove_neck -all-info  ProgramVersion: 7.3.2  TimeStamp: 2026/03/13-05:07:09-GMT  BuildTime: Aug  4 2022 06:17:15  BuildStamp: freesurfer-linux-ubuntu22_x86_64-7.3.2-20220804-6354275  User: oesteban  Machine: dna082  Platform: Linux  PlatformVersion: 5.14.0-427.37.1.el9_4.x86_64  CompilerName: GCC  CompilerVersion: 8.4.0
7.3.2

ProgramName: mri_robust_register  ProgramArguments: mri_robust_register -all-info  ProgramVersion: 7.3.2  TimeStamp: 2026/03/13-05:07:09-GMT  BuildTime: Aug  4 2022 06:17:15  BuildStamp: freesurfer-linux-ubuntu22_x86_64-7.3.2-20220804-6354275  User: oesteban  Machine: dna082  Platform: Linux  PlatformVersion: 5.14.0-427.37.1.el9_4.x86_64  CompilerName: GCC  CompilerVersion: 8.4.0
7.3.2

ProgramName: mri_robust_template  ProgramArguments: mri_robust_template -all-info  ProgramVersion: 7.3.2  TimeStamp: 2026/03/13-05:07:09-GMT  BuildTime: Aug  4 2022 06:17:15  BuildStamp: freesurfer-linux-ubuntu22_x86_64-7.3.2-20220804-6354275  User: oesteban  Machine: dna082  Platform: Linux  PlatformVersion: 5.14.0-427.37.1.el9_4.x86_64  CompilerName: GCC  CompilerVersion: 8.4.0
ProgramName: mris_anatomical_stats  ProgramArguments: mris_anatomical_stats -all-info  ProgramVersion: 7.3.2  TimeStamp: 2026/03/13-05:07:09-GMT  BuildTime: Aug  4 2022 06:17:15  BuildStamp: freesurfer-linux-ubuntu22_x86_64-7.3.2-20220804-6354275  User: oesteban  Machine: dna082  Platform: Linux  PlatformVersion: 5.14.0-427.37.1.el9_4.x86_64  CompilerName: GCC  CompilerVersion: 8.4.0
ProgramName: mris_ca_label  ProgramArguments: mris_ca_label -all-info  ProgramVersion: 7.3.2  TimeStamp: 2026/03/13-05:07:09-GMT  BuildTime: Aug  4 2022 06:17:15  BuildStamp: freesurfer-linux-ubuntu22_x86_64-7.3.2-20220804-6354275  User: oesteban  Machine: dna082  Platform: Linux  PlatformVersion: 5.14.0-427.37.1.el9_4.x86_64  CompilerName: GCC  CompilerVersion: 8.4.0
ProgramName: mris_calc  ProgramArguments: mris_calc -all-info  ProgramVersion: 7.3.2  TimeStamp: 2026/03/13-05:07:09-GMT  BuildTime: Aug  4 2022 06:17:15  BuildStamp: freesurfer-linux-ubuntu22_x86_64-7.3.2-20220804-6354275  User: oesteban  Machine: dna082  Platform: Linux  PlatformVersion: 5.14.0-427.37.1.el9_4.x86_64  CompilerName: GCC  CompilerVersion: 8.4.0
ProgramName: mris_convert  ProgramArguments: mris_convert -all-info  ProgramVersion: 7.3.2  TimeStamp: 2026/03/13-05:07:09-GMT  BuildTime: Aug  4 2022 06:17:15  BuildStamp: freesurfer-linux-ubuntu22_x86_64-7.3.2-20220804-6354275  User: oesteban  Machine: dna082  Platform: Linux  PlatformVersion: 5.14.0-427.37.1.el9_4.x86_64  CompilerName: GCC  CompilerVersion: 8.4.0
ProgramName: mris_curvature  ProgramArguments: mris_curvature -all-info  ProgramVersion: 7.3.2  TimeStamp: 2026/03/13-05:07:09-GMT  BuildTime: Aug  4 2022 06:17:15  BuildStamp: freesurfer-linux-ubuntu22_x86_64-7.3.2-20220804-6354275  User: oesteban  Machine: dna082  Platform: Linux  PlatformVersion: 5.14.0-427.37.1.el9_4.x86_64  CompilerName: GCC  CompilerVersion: 8.4.0
ProgramName: mris_curvature_stats  ProgramArguments: mris_curvature_stats -all-info  ProgramVersion: 7.3.2  TimeStamp: 2026/03/13-05:07:09-GMT  BuildTime: Aug  4 2022 06:17:15  BuildStamp: freesurfer-linux-ubuntu22_x86_64-7.3.2-20220804-6354275  User: oesteban  Machine: dna082  Platform: Linux  PlatformVersion: 5.14.0-427.37.1.el9_4.x86_64  CompilerName: GCC  CompilerVersion: 8.4.0
ProgramName: mris_diff  ProgramArguments: mris_diff -all-info  ProgramVersion: 7.3.2  TimeStamp: 2026/03/13-05:07:09-GMT  BuildTime: Aug  4 2022 06:17:15  BuildStamp: freesurfer-linux-ubuntu22_x86_64-7.3.2-20220804-6354275  User: oesteban  Machine: dna082  Platform: Linux  PlatformVersion: 5.14.0-427.37.1.el9_4.x86_64  CompilerName: GCC  CompilerVersion: 8.4.0
ProgramName: mris_divide_parcellation  ProgramArguments: mris_divide_parcellation -all-info  ProgramVersion: 7.3.2  TimeStamp: 2026/03/13-05:07:09-GMT  BuildTime: Aug  4 2022 06:17:15  BuildStamp: freesurfer-linux-ubuntu22_x86_64-7.3.2-20220804-6354275  User: oesteban  Machine: dna082  Platform: Linux  PlatformVersion: 5.14.0-427.37.1.el9_4.x86_64  CompilerName: GCC  CompilerVersion: 8.4.0
ProgramName: mri_segment  ProgramArguments: mri_segment -all-info  ProgramVersion: 7.3.2  TimeStamp: 2026/03/13-05:07:09-GMT  BuildTime: Aug  4 2022 06:17:15  BuildStamp: freesurfer-linux-ubuntu22_x86_64-7.3.2-20220804-6354275  User: oesteban  Machine: dna082  Platform: Linux  PlatformVersion: 5.14.0-427.37.1.el9_4.x86_64  CompilerName: GCC  CompilerVersion: 8.4.0
ProgramName: mri_segstats  ProgramArguments: mri_segstats -all-info  ProgramVersion: 7.3.2  TimeStamp: 2026/03/13-05:07:09-GMT  BuildTime: Aug  4 2022 06:17:15  BuildStamp: freesurfer-linux-ubuntu22_x86_64-7.3.2-20220804-6354275  User: oesteban  Machine: dna082  Platform: Linux  PlatformVersion: 5.14.0-427.37.1.el9_4.x86_64  CompilerName: GCC  CompilerVersion: 8.4.0
ProgramName: mris_euler_number  ProgramArguments: mris_euler_number -all-info  ProgramVersion: 7.3.2  TimeStamp: 2026/03/13-05:07:09-GMT  BuildTime: Aug  4 2022 06:17:15  BuildStamp: freesurfer-linux-ubuntu22_x86_64-7.3.2-20220804-6354275  User: oesteban  Machine: dna082  Platform: Linux  PlatformVersion: 5.14.0-427.37.1.el9_4.x86_64  CompilerName: GCC  CompilerVersion: 8.4.0
ProgramName: mris_fix_topology  ProgramArguments: mris_fix_topology -all-info  ProgramVersion: 7.3.2  TimeStamp: 2026/03/13-05:07:09-GMT  BuildTime: Aug  4 2022 06:17:15  BuildStamp: freesurfer-linux-ubuntu22_x86_64-7.3.2-20220804-6354275  User: oesteban  Machine: dna082  Platform: Linux  PlatformVersion: 5.14.0-427.37.1.el9_4.x86_64  CompilerName: GCC  CompilerVersion: 8.4.0
ProgramName: mris_topo_fixer  ProgramArguments: mris_topo_fixer -all-info  ProgramVersion: 7.3.2  TimeStamp: 2026/03/13-05:07:09-GMT  BuildTime: Aug  4 2022 06:17:15  BuildStamp: freesurfer-linux-ubuntu22_x86_64-7.3.2-20220804-6354275  User: oesteban  Machine: dna082  Platform: Linux  PlatformVersion: 5.14.0-427.37.1.el9_4.x86_64  CompilerName: GCC  CompilerVersion: 8.4.0
ProgramName: mris_jacobian  ProgramArguments: mris_jacobian -all-info  ProgramVersion: 7.3.2  TimeStamp: 2026/03/13-05:07:09-GMT  BuildTime: Aug  4 2022 06:17:15  BuildStamp: freesurfer-linux-ubuntu22_x86_64-7.3.2-20220804-6354275  User: oesteban  Machine: dna082  Platform: Linux  PlatformVersion: 5.14.0-427.37.1.el9_4.x86_64  CompilerName: GCC  CompilerVersion: 8.4.0
ProgramName: mris_label2annot  ProgramArguments: mris_label2annot -all-info  ProgramVersion: 7.3.2  TimeStamp: 2026/03/13-05:07:09-GMT  BuildTime: Aug  4 2022 06:17:15  BuildStamp: freesurfer-linux-ubuntu22_x86_64-7.3.2-20220804-6354275  User: oesteban  Machine: dna082  Platform: Linux  PlatformVersion: 5.14.0-427.37.1.el9_4.x86_64  CompilerName: GCC  CompilerVersion: 8.4.0
ProgramName: mris_left_right_register  ProgramArguments: mris_left_right_register -all-info  ProgramVersion: 7.3.2  TimeStamp: 2026/03/13-05:07:09-GMT  BuildTime: Aug  4 2022 06:17:15  BuildStamp: freesurfer-linux-ubuntu22_x86_64-7.3.2-20220804-6354275  User: oesteban  Machine: dna082  Platform: Linux  PlatformVersion: 5.14.0-427.37.1.el9_4.x86_64  CompilerName: GCC  CompilerVersion: 8.4.0
ProgramName: mris_place_surface  ProgramArguments: mris_place_surface -all-info  ProgramVersion: 7.3.2  TimeStamp: 2026/03/13-05:07:09-GMT  BuildTime: Aug  4 2022 06:17:15  BuildStamp: freesurfer-linux-ubuntu22_x86_64-7.3.2-20220804-6354275  User: oesteban  Machine: dna082  Platform: Linux  PlatformVersion: 5.14.0-427.37.1.el9_4.x86_64  CompilerName: GCC  CompilerVersion: 8.4.0
ProgramName: mrisp_paint  ProgramArguments: mrisp_paint -all-info  ProgramVersion: 7.3.2  TimeStamp: 2026/03/13-05:07:09-GMT  BuildTime: Aug  4 2022 06:17:15  BuildStamp: freesurfer-linux-ubuntu22_x86_64-7.3.2-20220804-6354275  User: oesteban  Machine: dna082  Platform: Linux  PlatformVersion: 5.14.0-427.37.1.el9_4.x86_64  CompilerName: GCC  CompilerVersion: 8.4.0
ProgramName: mris_register  ProgramArguments: mris_register -all-info  ProgramVersion: 7.3.2  TimeStamp: 2026/03/13-05:07:09-GMT  BuildTime: Aug  4 2022 06:17:15  BuildStamp: freesurfer-linux-ubuntu22_x86_64-7.3.2-20220804-6354275  User: oesteban  Machine: dna082  Platform: Linux  PlatformVersion: 5.14.0-427.37.1.el9_4.x86_64  CompilerName: GCC  CompilerVersion: 8.4.0
ProgramName: mris_smooth  ProgramArguments: mris_smooth -all-info  ProgramVersion: 7.3.2  TimeStamp: 2026/03/13-05:07:09-GMT  BuildTime: Aug  4 2022 06:17:15  BuildStamp: freesurfer-linux-ubuntu22_x86_64-7.3.2-20220804-6354275  User: oesteban  Machine: dna082  Platform: Linux  PlatformVersion: 5.14.0-427.37.1.el9_4.x86_64  CompilerName: GCC  CompilerVersion: 8.4.0
ProgramName: mris_sphere  ProgramArguments: mris_sphere -all-info  ProgramVersion: 7.3.2  TimeStamp: 2026/03/13-05:07:09-GMT  BuildTime: Aug  4 2022 06:17:15  BuildStamp: freesurfer-linux-ubuntu22_x86_64-7.3.2-20220804-6354275  User: oesteban  Machine: dna082  Platform: Linux  PlatformVersion: 5.14.0-427.37.1.el9_4.x86_64  CompilerName: GCC  CompilerVersion: 8.4.0
ProgramName: mris_surface_stats  ProgramArguments: mris_surface_stats -all-info  ProgramVersion: 7.3.2  TimeStamp: 2026/03/13-05:07:09-GMT  BuildTime: Aug  4 2022 06:17:15  BuildStamp: freesurfer-linux-ubuntu22_x86_64-7.3.2-20220804-6354275  User: oesteban  Machine: dna082  Platform: Linux  PlatformVersion: 5.14.0-427.37.1.el9_4.x86_64  CompilerName: GCC  CompilerVersion: 8.4.0
ProgramName: mri_stats2seg  ProgramArguments: mri_stats2seg -all-info  ProgramVersion: 7.3.2  TimeStamp: 2026/03/13-05:07:09-GMT  BuildTime: Aug  4 2022 06:17:15  BuildStamp: freesurfer-linux-ubuntu22_x86_64-7.3.2-20220804-6354275  User: oesteban  Machine: dna082  Platform: Linux  PlatformVersion: 5.14.0-427.37.1.el9_4.x86_64  CompilerName: GCC  CompilerVersion: 8.4.0
ProgramName: mris_thickness  ProgramArguments: mris_thickness -all-info  ProgramVersion: 7.3.2  TimeStamp: 2026/03/13-05:07:09-GMT  BuildTime: Aug  4 2022 06:17:15  BuildStamp: freesurfer-linux-ubuntu22_x86_64-7.3.2-20220804-6354275  User: oesteban  Machine: dna082  Platform: Linux  PlatformVersion: 5.14.0-427.37.1.el9_4.x86_64  CompilerName: GCC  CompilerVersion: 8.4.0
ProgramName: mris_thickness_diff  ProgramArguments: mris_thickness_diff -all-info  ProgramVersion: 7.3.2  TimeStamp: 2026/03/13-05:07:09-GMT  BuildTime: Aug  4 2022 06:17:15  BuildStamp: freesurfer-linux-ubuntu22_x86_64-7.3.2-20220804-6354275  User: oesteban  Machine: dna082  Platform: Linux  PlatformVersion: 5.14.0-427.37.1.el9_4.x86_64  CompilerName: GCC  CompilerVersion: 8.4.0
ProgramName: mris_topo_fixer  ProgramArguments: mris_topo_fixer -all-info  ProgramVersion: 7.3.2  TimeStamp: 2026/03/13-05:07:09-GMT  BuildTime: Aug  4 2022 06:17:15  BuildStamp: freesurfer-linux-ubuntu22_x86_64-7.3.2-20220804-6354275  User: oesteban  Machine: dna082  Platform: Linux  PlatformVersion: 5.14.0-427.37.1.el9_4.x86_64  CompilerName: GCC  CompilerVersion: 8.4.0
ProgramName: mri_surf2surf  ProgramArguments: mri_surf2surf -all-info  ProgramVersion: 7.3.2  TimeStamp: 2026/03/13-05:07:09-GMT  BuildTime: Aug  4 2022 06:17:15  BuildStamp: freesurfer-linux-ubuntu22_x86_64-7.3.2-20220804-6354275  User: oesteban  Machine: dna082  Platform: Linux  PlatformVersion: 5.14.0-427.37.1.el9_4.x86_64  CompilerName: GCC  CompilerVersion: 8.4.0
ProgramName: mri_surf2vol  ProgramArguments: mri_surf2vol -all-info  ProgramVersion: 7.3.2  TimeStamp: 2026/03/13-05:07:09-GMT  BuildTime: Aug  4 2022 06:17:15  BuildStamp: freesurfer-linux-ubuntu22_x86_64-7.3.2-20220804-6354275  User: oesteban  Machine: dna082  Platform: Linux  PlatformVersion: 5.14.0-427.37.1.el9_4.x86_64  CompilerName: GCC  CompilerVersion: 8.4.0
ProgramName: mri_surfcluster  ProgramArguments: mri_surfcluster -all-info  ProgramVersion: 7.3.2  TimeStamp: 2026/03/13-05:07:09-GMT  BuildTime: Aug  4 2022 06:17:15  BuildStamp: freesurfer-linux-ubuntu22_x86_64-7.3.2-20220804-6354275  User: oesteban  Machine: dna082  Platform: Linux  PlatformVersion: 5.14.0-427.37.1.el9_4.x86_64  CompilerName: GCC  CompilerVersion: 8.4.0
ProgramName: mris_volmask  ProgramArguments: mris_volmask -all-info  ProgramVersion: 7.3.2  TimeStamp: 2026/03/13-05:07:09-GMT  BuildTime: Aug  4 2022 06:17:15  BuildStamp: freesurfer-linux-ubuntu22_x86_64-7.3.2-20220804-6354275  User: oesteban  Machine: dna082  Platform: Linux  PlatformVersion: 5.14.0-427.37.1.el9_4.x86_64  CompilerName: GCC  CompilerVersion: 8.4.0
ProgramName: mri_tessellate  ProgramArguments: mri_tessellate -all-info  ProgramVersion: 7.3.2  TimeStamp: 2026/03/13-05:07:09-GMT  BuildTime: Aug  4 2022 06:17:15  BuildStamp: freesurfer-linux-ubuntu22_x86_64-7.3.2-20220804-6354275  User: oesteban  Machine: dna082  Platform: Linux  PlatformVersion: 5.14.0-427.37.1.el9_4.x86_64  CompilerName: GCC  CompilerVersion: 8.4.0
ProgramName: mri_vol2surf  ProgramArguments: mri_vol2surf -all-info  ProgramVersion: 7.3.2  TimeStamp: 2026/03/13-05:07:09-GMT  BuildTime: Aug  4 2022 06:17:15  BuildStamp: freesurfer-linux-ubuntu22_x86_64-7.3.2-20220804-6354275  User: oesteban  Machine: dna082  Platform: Linux  PlatformVersion: 5.14.0-427.37.1.el9_4.x86_64  CompilerName: GCC  CompilerVersion: 8.4.0
ProgramName: mri_vol2vol  ProgramArguments: mri_vol2vol -all-info  ProgramVersion: 7.3.2  TimeStamp: 2026/03/13-05:07:09-GMT  BuildTime: Aug  4 2022 06:17:15  BuildStamp: freesurfer-linux-ubuntu22_x86_64-7.3.2-20220804-6354275  User: oesteban  Machine: dna082  Platform: Linux  PlatformVersion: 5.14.0-427.37.1.el9_4.x86_64  CompilerName: GCC  CompilerVersion: 8.4.0
ProgramName: mri_voldiff  ProgramArguments: mri_voldiff -all-info  ProgramVersion: 7.3.2  TimeStamp: 2026/03/13-05:07:09-GMT  BuildTime: Aug  4 2022 06:17:15  BuildStamp: freesurfer-linux-ubuntu22_x86_64-7.3.2-20220804-6354275  User: oesteban  Machine: dna082  Platform: Linux  PlatformVersion: 5.14.0-427.37.1.el9_4.x86_64  CompilerName: GCC  CompilerVersion: 8.4.0
ProgramName: mri_watershed  ProgramArguments: mri_watershed -all-info  ProgramVersion: 7.3.2  TimeStamp: 2026/03/13-05:07:09-GMT  BuildTime: Aug  4 2022 06:17:15  BuildStamp: freesurfer-linux-ubuntu22_x86_64-7.3.2-20220804-6354275  User: oesteban  Machine: dna082  Platform: Linux  PlatformVersion: 5.14.0-427.37.1.el9_4.x86_64  CompilerName: GCC  CompilerVersion: 8.4.0
ProgramName: tkregister2  ProgramArguments: tkregister2_cmdl -all-info  ProgramVersion: 7.3.2  TimeStamp: 2026/03/13-05:07:09-GMT  BuildTime: Aug  4 2022 06:17:15  BuildStamp: freesurfer-linux-ubuntu22_x86_64-7.3.2-20220804-6354275  User: oesteban  Machine: dna082  Platform: Linux  PlatformVersion: 5.14.0-427.37.1.el9_4.x86_64  CompilerName: GCC  CompilerVersion: 8.4.0
mri_motion_correct.fsl 7.3.2
mri_convert -all-info 
ProgramName: mri_convert  ProgramArguments: mri_convert -all-info  ProgramVersion: 7.3.2  TimeStamp: 2026/03/13-05:07:09-GMT  BuildTime: Aug  4 2022 06:17:15  BuildStamp: freesurfer-linux-ubuntu22_x86_64-7.3.2-20220804-6354275  User: oesteban  Machine: dna082  Platform: Linux  PlatformVersion: 5.14.0-427.37.1.el9_4.x86_64  CompilerName: GCC  CompilerVersion: 8.4.0
Program nu_correct, built from:
Package MNI N3, version 1.12.0, compiled by nicks@terrier (x86_64-unknown-linux-gnu) on 2015-06-19 at 01:25:34
#######################################
GCADIR /opt/freesurfer/average
GCA RB_all_2020-01-02.gca
GCASkull RB_all_withskull_2020_01_02.gca
AvgCurvTif folding.atlas.acfb40.noaparc.i12.2016-08-02.tif
GCSDIR /opt/freesurfer/average
GCS DKaparc.atlas.acfb40.noaparc.i12.2016-08-02.gcs
#######################################
/out/sourcedata/freesurfer/sub-v2s4x29632_ses-1

 mri_convert /work/fmriprep_25_2_wf/sub_v2s4x29632_ses_1_wf/anat_fit_wf/anat_validate/sub-v2s4x29632_ses-1_run-1_T1w_noise_corrected_ras_valid.nii.gz /out/sourcedata/freesurfer/sub-v2s4x29632_ses-1/mri/orig/001.mgz 

mri_convert /work/fmriprep_25_2_wf/sub_v2s4x29632_ses_1_wf/anat_fit_wf/anat_validate/sub-v2s4x29632_ses-1_run-1_T1w_noise_corrected_ras_valid.nii.gz /out/sourcedata/freesurfer/sub-v2s4x29632_ses-1/mri/orig/001.mgz 
reading from /work/fmriprep_25_2_wf/sub_v2s4x29632_ses_1_wf/anat_fit_wf/anat_validate/sub-v2s4x29632_ses-1_run-1_T1w_noise_corrected_ras_valid.nii.gz...
TR=0.00, TE=0.00, TI=0.00, flip angle=0.00
i_ras = (0.999007, 0.0320899, 0.0309218)
j_ras = (-0.0321053, 0.999484, -3.00231e-11)
k_ras = (-0.0309058, -0.000992751, 0.999522)
writing to /out/sourcedata/freesurfer/sub-v2s4x29632_ses-1/mri/orig/001.mgz...
#--------------------------------------------
#@# MotionCor Fri Mar 13 06:07:11 CET 2026
Found 1 runs
/out/sourcedata/freesurfer/sub-v2s4x29632_ses-1/mri/orig/001.mgz
Checking for (invalid) multi-frame inputs...
Only one run found so motion
correction will not be performed. I'll
copy the run to rawavg and continue.

 cp /out/sourcedata/freesurfer/sub-v2s4x29632_ses-1/mri/orig/001.mgz /out/sourcedata/freesurfer/sub-v2s4x29632_ses-1/mri/rawavg.mgz 


 mri_info /out/sourcedata/freesurfer/sub-v2s4x29632_ses-1/mri/rawavg.mgz 

rawavg.mgz ========================================
Volume information for /out/sourcedata/freesurfer/sub-v2s4x29632_ses-1/mri/rawavg.mgz
          type: MGH
    dimensions: 170 x 256 x 256
   voxel sizes: 1.000002, 0.937500, 0.937500
          type: FLOAT (3)
           fov: 240.000
           dof: 1
        xstart: -85.0, xend: 85.0
        ystart: -120.0, yend: 120.0
        zstart: -120.0, zend: 120.0
            TR: 0.00 msec, TE: 0.00 msec, TI: 0.00 msec, flip angle: 0.00 degrees
       nframes: 1
       PhEncDir: UNKNOWN
       FieldStrength: 0.000000
ras xform present
    xform info: x_r =   0.9990, y_r =  -0.0321, z_r =  -0.0309, c_r =     0.2783
              : x_a =   0.0321, y_a =   0.9995, z_a =  -0.0010, c_a =   -11.4327
              : x_s =   0.0309, y_s =  -0.0000, z_s =   0.9995, c_s =    -2.2302

talairach xfm : 
Orientation   : RAS
Primary Slice Direction: axial

voxel to ras transform:
                0.9990  -0.0301  -0.0290   -77.0761
                0.0321   0.9370  -0.0009  -133.9794
                0.0309  -0.0000   0.9371  -124.8011
                0.0000   0.0000   0.0000     1.0000

voxel-to-ras determinant 0.878908

ras to voxel transform:
                0.9990   0.0321   0.0309    85.1579
               -0.0342   1.0661   0.0000   140.1982
               -0.0330  -0.0011   1.0662   130.3748
                0.0000   0.0000   0.0000     1.0000
/out/sourcedata/freesurfer/sub-v2s4x29632_ses-1

 mri_convert /out/sourcedata/freesurfer/sub-v2s4x29632_ses-1/mri/rawavg.mgz /out/sourcedata/freesurfer/sub-v2s4x29632_ses-1/mri/orig.mgz --conform 

mri_convert /out/sourcedata/freesurfer/sub-v2s4x29632_ses-1/mri/rawavg.mgz /out/sourcedata/freesurfer/sub-v2s4x29632_ses-1/mri/orig.mgz --conform 
reading from /out/sourcedata/freesurfer/sub-v2s4x29632_ses-1/mri/rawavg.mgz...
TR=0.00, TE=0.00, TI=0.00, flip angle=0.00
i_ras = (0.999007, 0.0320899, 0.0309218)
j_ras = (-0.0321053, 0.999484, -3.00231e-11)
k_ras = (-0.0309058, -0.000992751, 0.999522)
changing data type from float to uchar (noscale = 0)...
MRIchangeType: Building histogram -0.000450134 418.071 1000, flo=0, fhi=0.999, dest_type=0
Reslicing using trilinear interpolation 
writing to /out/sourcedata/freesurfer/sub-v2s4x29632_ses-1/mri/orig.mgz...

 mri_add_xform_to_header -c /out/sourcedata/freesurfer/sub-v2s4x29632_ses-1/mri/transforms/talairach.xfm /out/sourcedata/freesurfer/sub-v2s4x29632_ses-1/mri/orig.mgz /out/sourcedata/freesurfer/sub-v2s4x29632_ses-1/mri/orig.mgz 

INFO: extension is mgz

 mri_info /out/sourcedata/freesurfer/sub-v2s4x29632_ses-1/mri/orig.mgz 

orig.mgz ========================================
Volume information for /out/sourcedata/freesurfer/sub-v2s4x29632_ses-1/mri/orig.mgz
          type: MGH
    dimensions: 256 x 256 x 256
   voxel sizes: 1.000000, 1.000000, 1.000000
          type: UCHAR (0)
           fov: 256.000
           dof: 1
        xstart: -128.0, xend: 128.0
        ystart: -128.0, yend: 128.0
        zstart: -128.0, zend: 128.0
            TR: 0.00 msec, TE: 0.00 msec, TI: 0.00 msec, flip angle: 0.00 degrees
       nframes: 1
       PhEncDir: UNKNOWN
       FieldStrength: 0.000000
ras xform present
    xform info: x_r =  -1.0000, y_r =   0.0000, z_r =   0.0000, c_r =     0.2782
              : x_a =  -0.0000, y_a =   0.0000, z_a =   1.0000, c_a =   -11.4327
              : x_s =   0.0000, y_s =  -1.0000, z_s =   0.0000, c_s =    -2.2302

talairach xfm : /out/sourcedata/freesurfer/sub-v2s4x29632_ses-1/mri/transforms/talairach.xfm
Orientation   : LIA
Primary Slice Direction: coronal

voxel to ras transform:
               -1.0000   0.0000   0.0000   128.2783
               -0.0000   0.0000   1.0000  -139.4327
                0.0000  -1.0000   0.0000   125.7699
                0.0000   0.0000   0.0000     1.0000

voxel-to-ras determinant -1

ras to voxel transform:
               -1.0000   0.0000  -0.0000   128.2782
               -0.0000  -0.0000  -1.0000   125.7698
               -0.0000   1.0000   0.0000   139.4327
               -0.0000  -0.0000  -0.0000     1.0000
#--------------------------------------------
#@# Talairach Fri Mar 13 06:07:16 CET 2026
/out/sourcedata/freesurfer/sub-v2s4x29632_ses-1/mri

 mri_nu_correct.mni --no-rescale --i orig.mgz --o orig_nu.mgz --ants-n4 --n 1 --proto-iters 1000 --distance 50 

/usr/bin/bc
/out/sourcedata/freesurfer/sub-v2s4x29632_ses-1/mri
/opt/freesurfer/bin/mri_nu_correct.mni
--no-rescale --i orig.mgz --o orig_nu.mgz --ants-n4 --n 1 --proto-iters 1000 --distance 50
nIters 1
mri_nu_correct.mni 7.3.2
Linux dna082 5.14.0-427.37.1.el9_4.x86_64 #1 SMP PREEMPT_DYNAMIC Fri Sep 13 12:41:50 EDT 2024 x86_64 x86_64 x86_64 GNU/Linux
Fri Mar 13 06:07:17 CET 2026
tmpdir is ./tmp.mri_nu_correct.mni.700651
cd /out/sourcedata/freesurfer/sub-v2s4x29632_ses-1/mri
AntsN4BiasFieldCorrectionFs -i orig.mgz -o ./tmp.mri_nu_correct.mni.700651/nu0.mgz --dtype uchar
AntsN4BiasFieldCorrectionFs done
mri_convert ./tmp.mri_nu_correct.mni.700651/nu0.mgz orig_nu.mgz --like orig.mgz --conform
mri_convert ./tmp.mri_nu_correct.mni.700651/nu0.mgz orig_nu.mgz --like orig.mgz --conform 
reading from ./tmp.mri_nu_correct.mni.700651/nu0.mgz...
TR=0.00, TE=0.00, TI=0.00, flip angle=0.00
i_ras = (-1, -3.16504e-10, 0)
j_ras = (1.86265e-09, 1.16415e-10, -1)
k_ras = (4.04543e-09, 1, 0)
INFO: transform src into the like-volume: orig.mgz
writing to orig_nu.mgz...
 
 
Fri Mar 13 06:09:50 CET 2026
mri_nu_correct.mni done

 talairach_avi --i orig_nu.mgz --xfm transforms/talairach.auto.xfm 

talairach_avi log file is transforms/talairach_avi.log...
mv -f /out/sourcedata/freesurfer/sub-v2s4x29632_ses-1/mri/talsrcimg_to_711-2C_as_mni_average_305_t4_vox2vox.txt /out/sourcedata/freesurfer/sub-v2s4x29632_ses-1/mri/transforms/talsrcimg_to_711-2C_as_mni_average_305_t4_vox2vox.txt
Started at Fri Mar 13 06:09:50 CET 2026
Ended   at Fri Mar 13 06:10:05 CET 2026
talairach_avi done

 cp transforms/talairach.auto.xfm transforms/talairach.xfm 

lta_convert --src orig.mgz --trg /opt/freesurfer/average/mni305.cor.mgz --inxfm transforms/talairach.xfm --outlta transforms/talairach.xfm.lta --subject fsaverage --ltavox2vox
7.3.2

--src: orig.mgz src image (geometry).
--trg: /opt/freesurfer/average/mni305.cor.mgz trg image (geometry).
--inmni: transforms/talairach.xfm input MNI/XFM transform.
--outlta: transforms/talairach.xfm.lta output LTA.
--s: fsaverage subject name
--ltavox2vox: output LTA as VOX_TO_VOX transform.
 LTA read, type : 1
 1.13405   0.05115   0.03774   1.99599;
-0.06220   1.08278  -0.09387  -1.10336;
-0.03381   0.12349   1.13632  -16.48185;
 0.00000   0.00000   0.00000   1.00000;
setting subject to fsaverage
Writing  LTA to file transforms/talairach.xfm.lta...
lta_convert successful.
#--------------------------------------------
#@# Talairach Failure Detection Fri Mar 13 06:10:07 CET 2026
/out/sourcedata/freesurfer/sub-v2s4x29632_ses-1/mri

 talairach_afd -T 0.005 -xfm transforms/talairach.xfm 

talairach_afd: Talairach Transform: transforms/talairach.xfm OK (p=0.5480, pval=0.2115 >= threshold=0.0050)

 awk -f /opt/freesurfer/bin/extract_talairach_avi_QA.awk /out/sourcedata/freesurfer/sub-v2s4x29632_ses-1/mri/transforms/talairach_avi.log 


 tal_QC_AZS /out/sourcedata/freesurfer/sub-v2s4x29632_ses-1/mri/transforms/talairach_avi.log 

TalAviQA: 0.97741
z-score: 0
#--------------------------------------------
#@# Nu Intensity Correction Fri Mar 13 06:10:07 CET 2026

 mri_nu_correct.mni --i orig.mgz --o nu.mgz --uchar transforms/talairach.xfm --n 2 --ants-n4 

/usr/bin/bc
/out/sourcedata/freesurfer/sub-v2s4x29632_ses-1/mri
/opt/freesurfer/bin/mri_nu_correct.mni
--i orig.mgz --o nu.mgz --uchar transforms/talairach.xfm --n 2 --ants-n4
nIters 2
mri_nu_correct.mni 7.3.2
Linux dna082 5.14.0-427.37.1.el9_4.x86_64 #1 SMP PREEMPT_DYNAMIC Fri Sep 13 12:41:50 EDT 2024 x86_64 x86_64 x86_64 GNU/Linux
Fri Mar 13 06:10:07 CET 2026
tmpdir is ./tmp.mri_nu_correct.mni.701260
cd /out/sourcedata/freesurfer/sub-v2s4x29632_ses-1/mri
AntsN4BiasFieldCorrectionFs -i orig.mgz -o ./tmp.mri_nu_correct.mni.701260/nu0.mgz --dtype uchar
AntsN4BiasFieldCorrectionFs done
mri_binarize --i ./tmp.mri_nu_correct.mni.701260/nu0.mgz --min -1 --o ./tmp.mri_nu_correct.mni.701260/ones.mgz

7.3.2
cwd /out/sourcedata/freesurfer/sub-v2s4x29632_ses-1/mri
cmdline mri_binarize --i ./tmp.mri_nu_correct.mni.701260/nu0.mgz --min -1 --o ./tmp.mri_nu_correct.mni.701260/ones.mgz 
sysname  Linux
hostname dna082
machine  x86_64
user     oesteban

input      ./tmp.mri_nu_correct.mni.701260/nu0.mgz
frame      0
nErode3d   0
nErode2d   0
output     ./tmp.mri_nu_correct.mni.701260/ones.mgz
Binarizing based on threshold
min        -1
max        +infinity
binval        1
binvalnot     0
fstart = 0, fend = 0, nframes = 1
Starting parallel 1
Found 16777216 values in range
Counting number of voxels in first frame
Found 16777215 voxels in final mask
Writing output to ./tmp.mri_nu_correct.mni.701260/ones.mgz
Count: 16777215 16777215.000000 16777216 99.999994
mri_binarize done
mri_segstats --id 1 --seg ./tmp.mri_nu_correct.mni.701260/ones.mgz --i orig.mgz --sum ./tmp.mri_nu_correct.mni.701260/sum.junk --avgwf ./tmp.mri_nu_correct.mni.701260/input.mean.dat

7.3.2
cwd 
cmdline mri_segstats --id 1 --seg ./tmp.mri_nu_correct.mni.701260/ones.mgz --i orig.mgz --sum ./tmp.mri_nu_correct.mni.701260/sum.junk --avgwf ./tmp.mri_nu_correct.mni.701260/input.mean.dat 
sysname  Linux
hostname dna082
machine  x86_64
user     oesteban
whitesurfname  white
UseRobust  0
Loading ./tmp.mri_nu_correct.mni.701260/ones.mgz
Loading orig.mgz
Voxel Volume is 1 mm^3
Generating list of segmentation ids
Found   1 segmentations
Computing statistics for each segmentation

Reporting on   1 segmentations
Using PrintSegStat
Computing spatial average of each frame

Writing to ./tmp.mri_nu_correct.mni.701260/input.mean.dat
mri_segstats done
mri_segstats --id 1 --seg ./tmp.mri_nu_correct.mni.701260/ones.mgz --i ./tmp.mri_nu_correct.mni.701260/nu0.mgz --sum ./tmp.mri_nu_correct.mni.701260/sum.junk --avgwf ./tmp.mri_nu_correct.mni.701260/output.mean.dat

7.3.2
cwd 
cmdline mri_segstats --id 1 --seg ./tmp.mri_nu_correct.mni.701260/ones.mgz --i ./tmp.mri_nu_correct.mni.701260/nu0.mgz --sum ./tmp.mri_nu_correct.mni.701260/sum.junk --avgwf ./tmp.mri_nu_correct.mni.701260/output.mean.dat 
sysname  Linux
hostname dna082
machine  x86_64
user     oesteban
whitesurfname  white
UseRobust  0
Loading ./tmp.mri_nu_correct.mni.701260/ones.mgz
Loading ./tmp.mri_nu_correct.mni.701260/nu0.mgz
Voxel Volume is 1 mm^3
Generating list of segmentation ids
Found   1 segmentations
Computing statistics for each segmentation

Reporting on   1 segmentations
Using PrintSegStat
Computing spatial average of each frame

Writing to ./tmp.mri_nu_correct.mni.701260/output.mean.dat
mri_segstats done
mris_calc -o ./tmp.mri_nu_correct.mni.701260/nu0.mgz ./tmp.mri_nu_correct.mni.701260/nu0.mgz mul 1.18795124688095202941
Saving result to './tmp.mri_nu_correct.mni.701260/nu0.mgz' (type = MGH )                       [ ok ]
mri_convert ./tmp.mri_nu_correct.mni.701260/nu0.mgz nu.mgz --like orig.mgz
mri_convert ./tmp.mri_nu_correct.mni.701260/nu0.mgz nu.mgz --like orig.mgz 
reading from ./tmp.mri_nu_correct.mni.701260/nu0.mgz...
TR=0.00, TE=0.00, TI=0.00, flip angle=0.00
i_ras = (-1, -3.16504e-10, 0)
j_ras = (1.86265e-09, 1.16415e-10, -1)
k_ras = (4.04543e-09, 1, 0)
INFO: transform src into the like-volume: orig.mgz
writing to nu.mgz...
mri_make_uchar nu.mgz transforms/talairach.xfm nu.mgz
type change took 0 minutes and 3 seconds.
FIRST_PERCENTILE 0.010000
WM_PERCENTILE    0.900000
MAX_R 50.000000
i1 = 5, i2 = 49
#mri_make_uchar# mapping 13 126 to  3 110  :  b -9.66023 m 0.948088 : thresh 10.1892 maxsat 279.151 : nzero 14529324 nsat 0
 
 
Fri Mar 13 06:12:52 CET 2026
mri_nu_correct.mni done

 mri_add_xform_to_header -c /out/sourcedata/freesurfer/sub-v2s4x29632_ses-1/mri/transforms/talairach.xfm nu.mgz nu.mgz 

INFO: extension is mgz
#--------------------------------------------
#@# Intensity Normalization Fri Mar 13 06:12:53 CET 2026
/out/sourcedata/freesurfer/sub-v2s4x29632_ses-1/mri

 mri_normalize -g 1 -seed 1234 -mprage nu.mgz T1.mgz 

using max gradient = 1.000
setting seed for random number genererator to 1234
assuming input volume is MGH (Van der Kouwe) MP-RAGE
reading mri_src from nu.mgz...
normalizing image...
NOT doing gentle normalization with control points/label
talairach transform
 1.13405   0.05115   0.03774   1.99599;
-0.06220   1.08278  -0.09387  -1.10336;
-0.03381   0.12349   1.13632  -16.48185;
 0.00000   0.00000   0.00000   1.00000;
processing without aseg, no1d=0
MRInormInit(): 
INFO: Modifying talairach volume c_(r,a,s) based on average_305
MRInormalize(): 
MRIsplineNormalize(): npeaks = 15
Starting OpenSpline(): npoints = 15
building Voronoi diagram...
performing soap bubble smoothing, sigma = 8...

Iterating 2 times
---------------------------------
3d normalization pass 1 of 2
white matter peak found at 110
white matter peak found at 89
gm peak at 67 (67), valley at 50 (50)
csf peak at 34, setting threshold to 56
building Voronoi diagram...
performing soap bubble smoothing, sigma = 8...
---------------------------------
3d normalization pass 2 of 2
white matter peak found at 110
white matter peak found at 110
gm peak at 81 (81), valley at 42 (42)
csf peak at 13, setting threshold to 58
building Voronoi diagram...
performing soap bubble smoothing, sigma = 8...
Done iterating ---------------------------------
writing output to T1.mgz
3D bias adjustment took 1 minutes and 0 seconds.

Started at Fri Mar 13 06:07:09 CET 2026 
Ended   at Fri Mar 13 06:13:53 CET 2026
#@#%# recon-all-run-time-hours 0.112
recon-all -s sub-v2s4x29632_ses-1 finished without error at Fri Mar 13 06:13:53 CET 2026



#New# invocation of recon-all 




Fri Mar 13 06:19:38 CET 2026
cd /out/sourcedata/freesurfer/sub-v2s4x29632_ses-1
setenv SUBJECTS_DIR /out/sourcedata/freesurfer
/opt/freesurfer/bin/recon-all -openmp 16 -subjid sub-v2s4x29632_ses-1 -sd /out/sourcedata/freesurfer -gcareg

subjid sub-v2s4x29632_ses-1
setenv SUBJECTS_DIR /out/sourcedata/freesurfer
FREESURFER_HOME /opt/freesurfer
Actual FREESURFER_HOME /opt/freesurfer
build-stamp.txt: freesurfer-linux-ubuntu22_x86_64-7.3.2-20220804-6354275
Linux dna082 5.14.0-427.37.1.el9_4.x86_64 #1 SMP PREEMPT_DYNAMIC Fri Sep 13 12:41:50 EDT 2024 x86_64 x86_64 x86_64 GNU/Linux
cputime      unlimited
filesize     unlimited
datasize     unlimited
stacksize    8192 kbytes
coredumpsize 0 kbytes
memoryuse    67108864 kbytes
vmemoryuse   unlimited
descriptors  1024 
memorylocked unlimited
maxproc      2061970 
maxlocks     unlimited
maxsignal    2062029 
maxmessage   819200 
maxnice      0 
maxrtprio    0 
maxrttime    unlimited

               total        used        free      shared  buff/cache   available
Mem:           503Gi        55Gi       345Gi       8.8Gi       102Gi       435Gi
Swap:             0B          0B          0B

########################################
program versions used
7.3.2 (freesurfer-linux-ubuntu22_x86_64-7.3.2-20220804-6354275)
7.3.2

ProgramName: lta_convert  ProgramArguments: lta_convert -all-info  ProgramVersion: 7.3.2  TimeStamp: 2026/03/13-05:19:38-GMT  BuildTime: Aug  4 2022 06:17:15  BuildStamp: freesurfer-linux-ubuntu22_x86_64-7.3.2-20220804-6354275  User: oesteban  Machine: dna082  Platform: Linux  PlatformVersion: 5.14.0-427.37.1.el9_4.x86_64  CompilerName: GCC  CompilerVersion: 8.4.0
ProgramName: mri_and  ProgramArguments: mri_and -all-info  ProgramVersion: 7.3.2  TimeStamp: 2026/03/13-05:19:38-GMT  BuildTime: Aug  4 2022 06:17:15  BuildStamp: freesurfer-linux-ubuntu22_x86_64-7.3.2-20220804-6354275  User: oesteban  Machine: dna082  Platform: Linux  PlatformVersion: 5.14.0-427.37.1.el9_4.x86_64  CompilerName: GCC  CompilerVersion: 8.4.0
ProgramName: mri_annotation2label  ProgramArguments: mri_annotation2label -all-info  ProgramVersion: 7.3.2  TimeStamp: 2026/03/13-05:19:38-GMT  BuildTime: Aug  4 2022 06:17:15  BuildStamp: freesurfer-linux-ubuntu22_x86_64-7.3.2-20220804-6354275  User: oesteban  Machine: dna082  Platform: Linux  PlatformVersion: 5.14.0-427.37.1.el9_4.x86_64  CompilerName: GCC  CompilerVersion: 8.4.0
ProgramName: mri_aparc2aseg  ProgramArguments: mri_aparc2aseg -all-info  ProgramVersion: 7.3.2  TimeStamp: 2026/03/13-05:19:38-GMT  BuildTime: Aug  4 2022 06:17:15  BuildStamp: freesurfer-linux-ubuntu22_x86_64-7.3.2-20220804-6354275  User: oesteban  Machine: dna082  Platform: Linux  PlatformVersion: 5.14.0-427.37.1.el9_4.x86_64  CompilerName: GCC  CompilerVersion: 8.4.0
ProgramName: mri_surf2volseg  ProgramArguments: mri_surf2volseg -all-info  ProgramVersion: 7.3.2  TimeStamp: 2026/03/13-05:19:38-GMT  BuildTime: Aug  4 2022 06:17:15  BuildStamp: freesurfer-linux-ubuntu22_x86_64-7.3.2-20220804-6354275  User: oesteban  Machine: dna082  Platform: Linux  PlatformVersion: 5.14.0-427.37.1.el9_4.x86_64  CompilerName: GCC  CompilerVersion: 8.4.0
ProgramName: mri_binarize  ProgramArguments: mri_binarize -all-info  ProgramVersion: 7.3.2  TimeStamp: 2026/03/13-05:19:38-GMT  BuildTime: Aug  4 2022 06:17:15  BuildStamp: freesurfer-linux-ubuntu22_x86_64-7.3.2-20220804-6354275  User: oesteban  Machine: dna082  Platform: Linux  PlatformVersion: 5.14.0-427.37.1.el9_4.x86_64  CompilerName: GCC  CompilerVersion: 8.4.0
ProgramName: mri_ca_label  ProgramArguments: mri_ca_label -all-info  ProgramVersion: 7.3.2  TimeStamp: 2026/03/13-05:19:38-GMT  BuildTime: Aug  4 2022 06:17:15  BuildStamp: freesurfer-linux-ubuntu22_x86_64-7.3.2-20220804-6354275  User: oesteban  Machine: dna082  Platform: Linux  PlatformVersion: 5.14.0-427.37.1.el9_4.x86_64  CompilerName: GCC  CompilerVersion: 8.4.0
ProgramName: mri_ca_normalize  ProgramArguments: mri_ca_normalize -all-info  ProgramVersion: 7.3.2  TimeStamp: 2026/03/13-05:19:38-GMT  BuildTime: Aug  4 2022 06:17:15  BuildStamp: freesurfer-linux-ubuntu22_x86_64-7.3.2-20220804-6354275  User: oesteban  Machine: dna082  Platform: Linux  PlatformVersion: 5.14.0-427.37.1.el9_4.x86_64  CompilerName: GCC  CompilerVersion: 8.4.0
ProgramName: mri_ca_register  ProgramArguments: mri_ca_register -all-info  ProgramVersion: 7.3.2  TimeStamp: 2026/03/13-05:19:38-GMT  BuildTime: Aug  4 2022 06:17:15  BuildStamp: freesurfer-linux-ubuntu22_x86_64-7.3.2-20220804-6354275  User: oesteban  Machine: dna082  Platform: Linux  PlatformVersion: 5.14.0-427.37.1.el9_4.x86_64  CompilerName: GCC  CompilerVersion: 8.4.0
ProgramName: mri_cc  ProgramArguments: mri_cc -all-info  ProgramVersion: 7.3.2  TimeStamp: 2026/03/13-05:19:38-GMT  BuildTime: Aug  4 2022 06:17:15  BuildStamp: freesurfer-linux-ubuntu22_x86_64-7.3.2-20220804-6354275  User: oesteban  Machine: dna082  Platform: Linux  PlatformVersion: 5.14.0-427.37.1.el9_4.x86_64  CompilerName: GCC  CompilerVersion: 8.4.0
ProgramName: mri_compute_overlap  ProgramArguments: mri_compute_overlap -all-info  ProgramVersion: 7.3.2  TimeStamp: 2026/03/13-05:19:38-GMT  BuildTime: Aug  4 2022 06:17:15  BuildStamp: freesurfer-linux-ubuntu22_x86_64-7.3.2-20220804-6354275  User: oesteban  Machine: dna082  Platform: Linux  PlatformVersion: 5.14.0-427.37.1.el9_4.x86_64  CompilerName: GCC  CompilerVersion: 8.4.0
ProgramName: mri_compute_seg_overlap  ProgramArguments: mri_compute_seg_overlap -all-info  ProgramVersion: 7.3.2  TimeStamp: 2026/03/13-05:19:38-GMT  BuildTime: Aug  4 2022 06:17:15  BuildStamp: freesurfer-linux-ubuntu22_x86_64-7.3.2-20220804-6354275  User: oesteban  Machine: dna082  Platform: Linux  PlatformVersion: 5.14.0-427.37.1.el9_4.x86_64  CompilerName: GCC  CompilerVersion: 8.4.0
ProgramName: mri_concat  ProgramArguments: mri_concat -all-info  ProgramVersion: 7.3.2  TimeStamp: 2026/03/13-05:19:38-GMT  BuildTime: Aug  4 2022 06:17:15  BuildStamp: freesurfer-linux-ubuntu22_x86_64-7.3.2-20220804-6354275  User: oesteban  Machine: dna082  Platform: Linux  PlatformVersion: 5.14.0-427.37.1.el9_4.x86_64  CompilerName: GCC  CompilerVersion: 8.4.0
ProgramName: mri_concatenate_lta  ProgramArguments: mri_concatenate_lta -all-info  ProgramVersion: 7.3.2  TimeStamp: 2026/03/13-05:19:38-GMT  BuildTime: Aug  4 2022 06:17:15  BuildStamp: freesurfer-linux-ubuntu22_x86_64-7.3.2-20220804-6354275  User: oesteban  Machine: dna082  Platform: Linux  PlatformVersion: 5.14.0-427.37.1.el9_4.x86_64  CompilerName: GCC  CompilerVersion: 8.4.0
mri_convert -all-info 
ProgramName: mri_convert  ProgramArguments: mri_convert -all-info  ProgramVersion: 7.3.2  TimeStamp: 2026/03/13-05:19:38-GMT  BuildTime: Aug  4 2022 06:17:15  BuildStamp: freesurfer-linux-ubuntu22_x86_64-7.3.2-20220804-6354275  User: oesteban  Machine: dna082  Platform: Linux  PlatformVersion: 5.14.0-427.37.1.el9_4.x86_64  CompilerName: GCC  CompilerVersion: 8.4.0
ProgramName: mri_diff  ProgramArguments: mri_diff -all-info  ProgramVersion: 7.3.2  TimeStamp: 2026/03/13-05:19:38-GMT  BuildTime: Aug  4 2022 06:17:15  BuildStamp: freesurfer-linux-ubuntu22_x86_64-7.3.2-20220804-6354275  User: oesteban  Machine: dna082  Platform: Linux  PlatformVersion: 5.14.0-427.37.1.el9_4.x86_64  CompilerName: GCC  CompilerVersion: 8.4.0
ProgramName: mri_edit_wm_with_aseg  ProgramArguments: mri_edit_wm_with_aseg -all-info  ProgramVersion: 7.3.2  TimeStamp: 2026/03/13-05:19:38-GMT  BuildTime: Aug  4 2022 06:17:15  BuildStamp: freesurfer-linux-ubuntu22_x86_64-7.3.2-20220804-6354275  User: oesteban  Machine: dna082  Platform: Linux  PlatformVersion: 5.14.0-427.37.1.el9_4.x86_64  CompilerName: GCC  CompilerVersion: 8.4.0
ProgramName: mri_em_register  ProgramArguments: mri_em_register -all-info  ProgramVersion: 7.3.2  TimeStamp: 2026/03/13-05:19:38-GMT  BuildTime: Aug  4 2022 06:17:15  BuildStamp: freesurfer-linux-ubuntu22_x86_64-7.3.2-20220804-6354275  User: oesteban  Machine: dna082  Platform: Linux  PlatformVersion: 5.14.0-427.37.1.el9_4.x86_64  CompilerName: GCC  CompilerVersion: 8.4.0
ProgramName: mri_fill  ProgramArguments: mri_fill -all-info  ProgramVersion: 7.3.2  TimeStamp: 2026/03/13-05:19:38-GMT  BuildTime: Aug  4 2022 06:17:15  BuildStamp: freesurfer-linux-ubuntu22_x86_64-7.3.2-20220804-6354275  User: oesteban  Machine: dna082  Platform: Linux  PlatformVersion: 5.14.0-427.37.1.el9_4.x86_64  CompilerName: GCC  CompilerVersion: 8.4.0
ProgramName: mri_fuse_segmentations  ProgramArguments: mri_fuse_segmentations -all-info  ProgramVersion: 7.3.2  TimeStamp: 2026/03/13-05:19:38-GMT  BuildTime: Aug  4 2022 06:17:15  BuildStamp: freesurfer-linux-ubuntu22_x86_64-7.3.2-20220804-6354275  User: oesteban  Machine: dna082  Platform: Linux  PlatformVersion: 5.14.0-427.37.1.el9_4.x86_64  CompilerName: GCC  CompilerVersion: 8.4.0
ProgramName: mri_fwhm  ProgramArguments: mri_fwhm -all-info  ProgramVersion: 7.3.2  TimeStamp: 2026/03/13-05:19:38-GMT  BuildTime: Aug  4 2022 06:17:15  BuildStamp: freesurfer-linux-ubuntu22_x86_64-7.3.2-20220804-6354275  User: oesteban  Machine: dna082  Platform: Linux  PlatformVersion: 5.14.0-427.37.1.el9_4.x86_64  CompilerName: GCC  CompilerVersion: 8.4.0
ProgramName: mri_gcut  ProgramArguments: mri_gcut -all-info  ProgramVersion: 7.3.2  TimeStamp: 2026/03/13-05:19:38-GMT  BuildTime: Aug  4 2022 06:17:15  BuildStamp: freesurfer-linux-ubuntu22_x86_64-7.3.2-20220804-6354275  User: oesteban  Machine: dna082  Platform: Linux  PlatformVersion: 5.14.0-427.37.1.el9_4.x86_64  CompilerName: GCC  CompilerVersion: 8.4.0
ProgramName: mri_info  ProgramArguments: mri_info -all-info  ProgramVersion: 7.3.2  TimeStamp: 2026/03/13-05:19:38-GMT  BuildTime: Aug  4 2022 06:17:15  BuildStamp: freesurfer-linux-ubuntu22_x86_64-7.3.2-20220804-6354275  User: oesteban  Machine: dna082  Platform: Linux  PlatformVersion: 5.14.0-427.37.1.el9_4.x86_64  CompilerName: GCC  CompilerVersion: 8.4.0
ProgramName: mri_label2label  ProgramArguments: mri_label2label -all-info  ProgramVersion: 7.3.2  TimeStamp: 2026/03/13-05:19:38-GMT  BuildTime: Aug  4 2022 06:17:15  BuildStamp: freesurfer-linux-ubuntu22_x86_64-7.3.2-20220804-6354275  User: oesteban  Machine: dna082  Platform: Linux  PlatformVersion: 5.14.0-427.37.1.el9_4.x86_64  CompilerName: GCC  CompilerVersion: 8.4.0
ProgramName: mri_label2vol  ProgramArguments: mri_label2vol -all-info  ProgramVersion: 7.3.2  TimeStamp: 2026/03/13-05:19:38-GMT  BuildTime: Aug  4 2022 06:17:15  BuildStamp: freesurfer-linux-ubuntu22_x86_64-7.3.2-20220804-6354275  User: oesteban  Machine: dna082  Platform: Linux  PlatformVersion: 5.14.0-427.37.1.el9_4.x86_64  CompilerName: GCC  CompilerVersion: 8.4.0
ProgramName: mri_log_likelihood  ProgramArguments: mri_log_likelihood -all-info  ProgramVersion: 7.3.2  TimeStamp: 2026/03/13-05:19:38-GMT  BuildTime: Aug  4 2022 06:17:15  BuildStamp: freesurfer-linux-ubuntu22_x86_64-7.3.2-20220804-6354275  User: oesteban  Machine: dna082  Platform: Linux  PlatformVersion: 5.14.0-427.37.1.el9_4.x86_64  CompilerName: GCC  CompilerVersion: 8.4.0
ProgramName: mri_mask  ProgramArguments: mri_mask -all-info  ProgramVersion: 7.3.2  TimeStamp: 2026/03/13-05:19:38-GMT  BuildTime: Aug  4 2022 06:17:15  BuildStamp: freesurfer-linux-ubuntu22_x86_64-7.3.2-20220804-6354275  User: oesteban  Machine: dna082  Platform: Linux  PlatformVersion: 5.14.0-427.37.1.el9_4.x86_64  CompilerName: GCC  CompilerVersion: 8.4.0
ProgramName: mri_matrix_multiply  ProgramArguments: mri_matrix_multiply -all-info  ProgramVersion: 7.3.2  TimeStamp: 2026/03/13-05:19:38-GMT  BuildTime: Aug  4 2022 06:17:15  BuildStamp: freesurfer-linux-ubuntu22_x86_64-7.3.2-20220804-6354275  User: oesteban  Machine: dna082  Platform: Linux  PlatformVersion: 5.14.0-427.37.1.el9_4.x86_64  CompilerName: GCC  CompilerVersion: 8.4.0
ProgramName: mri_normalize  ProgramArguments: mri_normalize -all-info  ProgramVersion: 7.3.2  TimeStamp: 2026/03/13-05:19:38-GMT  BuildTime: Aug  4 2022 06:17:15  BuildStamp: freesurfer-linux-ubuntu22_x86_64-7.3.2-20220804-6354275  User: oesteban  Machine: dna082  Platform: Linux  PlatformVersion: 5.14.0-427.37.1.el9_4.x86_64  CompilerName: GCC  CompilerVersion: 8.4.0
ProgramName: mri_normalize_tp2  ProgramArguments: mri_normalize_tp2 -all-info  ProgramVersion: 7.3.2  TimeStamp: 2026/03/13-05:19:38-GMT  BuildTime: Aug  4 2022 06:17:15  BuildStamp: freesurfer-linux-ubuntu22_x86_64-7.3.2-20220804-6354275  User: oesteban  Machine: dna082  Platform: Linux  PlatformVersion: 5.14.0-427.37.1.el9_4.x86_64  CompilerName: GCC  CompilerVersion: 8.4.0
ProgramName: mri_or  ProgramArguments: mri_or -all-info  ProgramVersion: 7.3.2  TimeStamp: 2026/03/13-05:19:38-GMT  BuildTime: Aug  4 2022 06:17:15  BuildStamp: freesurfer-linux-ubuntu22_x86_64-7.3.2-20220804-6354275  User: oesteban  Machine: dna082  Platform: Linux  PlatformVersion: 5.14.0-427.37.1.el9_4.x86_64  CompilerName: GCC  CompilerVersion: 8.4.0
ProgramName: mri_relabel_hypointensities  ProgramArguments: mri_relabel_hypointensities -all-info  ProgramVersion: 7.3.2  TimeStamp: 2026/03/13-05:19:38-GMT  BuildTime: Aug  4 2022 06:17:15  BuildStamp: freesurfer-linux-ubuntu22_x86_64-7.3.2-20220804-6354275  User: oesteban  Machine: dna082  Platform: Linux  PlatformVersion: 5.14.0-427.37.1.el9_4.x86_64  CompilerName: GCC  CompilerVersion: 8.4.0
ProgramName: mri_relabel_nonwm_hypos  ProgramArguments: mri_relabel_nonwm_hypos -all-info  ProgramVersion: 7.3.2  TimeStamp: 2026/03/13-05:19:38-GMT  BuildTime: Aug  4 2022 06:17:15  BuildStamp: freesurfer-linux-ubuntu22_x86_64-7.3.2-20220804-6354275  User: oesteban  Machine: dna082  Platform: Linux  PlatformVersion: 5.14.0-427.37.1.el9_4.x86_64  CompilerName: GCC  CompilerVersion: 8.4.0
ProgramName: mri_remove_neck  ProgramArguments: mri_remove_neck -all-info  ProgramVersion: 7.3.2  TimeStamp: 2026/03/13-05:19:38-GMT  BuildTime: Aug  4 2022 06:17:15  BuildStamp: freesurfer-linux-ubuntu22_x86_64-7.3.2-20220804-6354275  User: oesteban  Machine: dna082  Platform: Linux  PlatformVersion: 5.14.0-427.37.1.el9_4.x86_64  CompilerName: GCC  CompilerVersion: 8.4.0
7.3.2

ProgramName: mri_robust_register  ProgramArguments: mri_robust_register -all-info  ProgramVersion: 7.3.2  TimeStamp: 2026/03/13-05:19:38-GMT  BuildTime: Aug  4 2022 06:17:15  BuildStamp: freesurfer-linux-ubuntu22_x86_64-7.3.2-20220804-6354275  User: oesteban  Machine: dna082  Platform: Linux  PlatformVersion: 5.14.0-427.37.1.el9_4.x86_64  CompilerName: GCC  CompilerVersion: 8.4.0
7.3.2

ProgramName: mri_robust_template  ProgramArguments: mri_robust_template -all-info  ProgramVersion: 7.3.2  TimeStamp: 2026/03/13-05:19:38-GMT  BuildTime: Aug  4 2022 06:17:15  BuildStamp: freesurfer-linux-ubuntu22_x86_64-7.3.2-20220804-6354275  User: oesteban  Machine: dna082  Platform: Linux  PlatformVersion: 5.14.0-427.37.1.el9_4.x86_64  CompilerName: GCC  CompilerVersion: 8.4.0
ProgramName: mris_anatomical_stats  ProgramArguments: mris_anatomical_stats -all-info  ProgramVersion: 7.3.2  TimeStamp: 2026/03/13-05:19:38-GMT  BuildTime: Aug  4 2022 06:17:15  BuildStamp: freesurfer-linux-ubuntu22_x86_64-7.3.2-20220804-6354275  User: oesteban  Machine: dna082  Platform: Linux  PlatformVersion: 5.14.0-427.37.1.el9_4.x86_64  CompilerName: GCC  CompilerVersion: 8.4.0
ProgramName: mris_ca_label  ProgramArguments: mris_ca_label -all-info  ProgramVersion: 7.3.2  TimeStamp: 2026/03/13-05:19:38-GMT  BuildTime: Aug  4 2022 06:17:15  BuildStamp: freesurfer-linux-ubuntu22_x86_64-7.3.2-20220804-6354275  User: oesteban  Machine: dna082  Platform: Linux  PlatformVersion: 5.14.0-427.37.1.el9_4.x86_64  CompilerName: GCC  CompilerVersion: 8.4.0
ProgramName: mris_calc  ProgramArguments: mris_calc -all-info  ProgramVersion: 7.3.2  TimeStamp: 2026/03/13-05:19:38-GMT  BuildTime: Aug  4 2022 06:17:15  BuildStamp: freesurfer-linux-ubuntu22_x86_64-7.3.2-20220804-6354275  User: oesteban  Machine: dna082  Platform: Linux  PlatformVersion: 5.14.0-427.37.1.el9_4.x86_64  CompilerName: GCC  CompilerVersion: 8.4.0
ProgramName: mris_convert  ProgramArguments: mris_convert -all-info  ProgramVersion: 7.3.2  TimeStamp: 2026/03/13-05:19:38-GMT  BuildTime: Aug  4 2022 06:17:15  BuildStamp: freesurfer-linux-ubuntu22_x86_64-7.3.2-20220804-6354275  User: oesteban  Machine: dna082  Platform: Linux  PlatformVersion: 5.14.0-427.37.1.el9_4.x86_64  CompilerName: GCC  CompilerVersion: 8.4.0
ProgramName: mris_curvature  ProgramArguments: mris_curvature -all-info  ProgramVersion: 7.3.2  TimeStamp: 2026/03/13-05:19:38-GMT  BuildTime: Aug  4 2022 06:17:15  BuildStamp: freesurfer-linux-ubuntu22_x86_64-7.3.2-20220804-6354275  User: oesteban  Machine: dna082  Platform: Linux  PlatformVersion: 5.14.0-427.37.1.el9_4.x86_64  CompilerName: GCC  CompilerVersion: 8.4.0
ProgramName: mris_curvature_stats  ProgramArguments: mris_curvature_stats -all-info  ProgramVersion: 7.3.2  TimeStamp: 2026/03/13-05:19:38-GMT  BuildTime: Aug  4 2022 06:17:15  BuildStamp: freesurfer-linux-ubuntu22_x86_64-7.3.2-20220804-6354275  User: oesteban  Machine: dna082  Platform: Linux  PlatformVersion: 5.14.0-427.37.1.el9_4.x86_64  CompilerName: GCC  CompilerVersion: 8.4.0
ProgramName: mris_diff  ProgramArguments: mris_diff -all-info  ProgramVersion: 7.3.2  TimeStamp: 2026/03/13-05:19:38-GMT  BuildTime: Aug  4 2022 06:17:15  BuildStamp: freesurfer-linux-ubuntu22_x86_64-7.3.2-20220804-6354275  User: oesteban  Machine: dna082  Platform: Linux  PlatformVersion: 5.14.0-427.37.1.el9_4.x86_64  CompilerName: GCC  CompilerVersion: 8.4.0
ProgramName: mris_divide_parcellation  ProgramArguments: mris_divide_parcellation -all-info  ProgramVersion: 7.3.2  TimeStamp: 2026/03/13-05:19:38-GMT  BuildTime: Aug  4 2022 06:17:15  BuildStamp: freesurfer-linux-ubuntu22_x86_64-7.3.2-20220804-6354275  User: oesteban  Machine: dna082  Platform: Linux  PlatformVersion: 5.14.0-427.37.1.el9_4.x86_64  CompilerName: GCC  CompilerVersion: 8.4.0
ProgramName: mri_segment  ProgramArguments: mri_segment -all-info  ProgramVersion: 7.3.2  TimeStamp: 2026/03/13-05:19:38-GMT  BuildTime: Aug  4 2022 06:17:15  BuildStamp: freesurfer-linux-ubuntu22_x86_64-7.3.2-20220804-6354275  User: oesteban  Machine: dna082  Platform: Linux  PlatformVersion: 5.14.0-427.37.1.el9_4.x86_64  CompilerName: GCC  CompilerVersion: 8.4.0
ProgramName: mri_segstats  ProgramArguments: mri_segstats -all-info  ProgramVersion: 7.3.2  TimeStamp: 2026/03/13-05:19:38-GMT  BuildTime: Aug  4 2022 06:17:15  BuildStamp: freesurfer-linux-ubuntu22_x86_64-7.3.2-20220804-6354275  User: oesteban  Machine: dna082  Platform: Linux  PlatformVersion: 5.14.0-427.37.1.el9_4.x86_64  CompilerName: GCC  CompilerVersion: 8.4.0
ProgramName: mris_euler_number  ProgramArguments: mris_euler_number -all-info  ProgramVersion: 7.3.2  TimeStamp: 2026/03/13-05:19:38-GMT  BuildTime: Aug  4 2022 06:17:15  BuildStamp: freesurfer-linux-ubuntu22_x86_64-7.3.2-20220804-6354275  User: oesteban  Machine: dna082  Platform: Linux  PlatformVersion: 5.14.0-427.37.1.el9_4.x86_64  CompilerName: GCC  CompilerVersion: 8.4.0
ProgramName: mris_fix_topology  ProgramArguments: mris_fix_topology -all-info  ProgramVersion: 7.3.2  TimeStamp: 2026/03/13-05:19:38-GMT  BuildTime: Aug  4 2022 06:17:15  BuildStamp: freesurfer-linux-ubuntu22_x86_64-7.3.2-20220804-6354275  User: oesteban  Machine: dna082  Platform: Linux  PlatformVersion: 5.14.0-427.37.1.el9_4.x86_64  CompilerName: GCC  CompilerVersion: 8.4.0
ProgramName: mris_topo_fixer  ProgramArguments: mris_topo_fixer -all-info  ProgramVersion: 7.3.2  TimeStamp: 2026/03/13-05:19:38-GMT  BuildTime: Aug  4 2022 06:17:15  BuildStamp: freesurfer-linux-ubuntu22_x86_64-7.3.2-20220804-6354275  User: oesteban  Machine: dna082  Platform: Linux  PlatformVersion: 5.14.0-427.37.1.el9_4.x86_64  CompilerName: GCC  CompilerVersion: 8.4.0
ProgramName: mris_jacobian  ProgramArguments: mris_jacobian -all-info  ProgramVersion: 7.3.2  TimeStamp: 2026/03/13-05:19:38-GMT  BuildTime: Aug  4 2022 06:17:15  BuildStamp: freesurfer-linux-ubuntu22_x86_64-7.3.2-20220804-6354275  User: oesteban  Machine: dna082  Platform: Linux  PlatformVersion: 5.14.0-427.37.1.el9_4.x86_64  CompilerName: GCC  CompilerVersion: 8.4.0
ProgramName: mris_label2annot  ProgramArguments: mris_label2annot -all-info  ProgramVersion: 7.3.2  TimeStamp: 2026/03/13-05:19:38-GMT  BuildTime: Aug  4 2022 06:17:15  BuildStamp: freesurfer-linux-ubuntu22_x86_64-7.3.2-20220804-6354275  User: oesteban  Machine: dna082  Platform: Linux  PlatformVersion: 5.14.0-427.37.1.el9_4.x86_64  CompilerName: GCC  CompilerVersion: 8.4.0
ProgramName: mris_left_right_register  ProgramArguments: mris_left_right_register -all-info  ProgramVersion: 7.3.2  TimeStamp: 2026/03/13-05:19:38-GMT  BuildTime: Aug  4 2022 06:17:15  BuildStamp: freesurfer-linux-ubuntu22_x86_64-7.3.2-20220804-6354275  User: oesteban  Machine: dna082  Platform: Linux  PlatformVersion: 5.14.0-427.37.1.el9_4.x86_64  CompilerName: GCC  CompilerVersion: 8.4.0
ProgramName: mris_place_surface  ProgramArguments: mris_place_surface -all-info  ProgramVersion: 7.3.2  TimeStamp: 2026/03/13-05:19:38-GMT  BuildTime: Aug  4 2022 06:17:15  BuildStamp: freesurfer-linux-ubuntu22_x86_64-7.3.2-20220804-6354275  User: oesteban  Machine: dna082  Platform: Linux  PlatformVersion: 5.14.0-427.37.1.el9_4.x86_64  CompilerName: GCC  CompilerVersion: 8.4.0
ProgramName: mrisp_paint  ProgramArguments: mrisp_paint -all-info  ProgramVersion: 7.3.2  TimeStamp: 2026/03/13-05:19:38-GMT  BuildTime: Aug  4 2022 06:17:15  BuildStamp: freesurfer-linux-ubuntu22_x86_64-7.3.2-20220804-6354275  User: oesteban  Machine: dna082  Platform: Linux  PlatformVersion: 5.14.0-427.37.1.el9_4.x86_64  CompilerName: GCC  CompilerVersion: 8.4.0
ProgramName: mris_register  ProgramArguments: mris_register -all-info  ProgramVersion: 7.3.2  TimeStamp: 2026/03/13-05:19:38-GMT  BuildTime: Aug  4 2022 06:17:15  BuildStamp: freesurfer-linux-ubuntu22_x86_64-7.3.2-20220804-6354275  User: oesteban  Machine: dna082  Platform: Linux  PlatformVersion: 5.14.0-427.37.1.el9_4.x86_64  CompilerName: GCC  CompilerVersion: 8.4.0
ProgramName: mris_smooth  ProgramArguments: mris_smooth -all-info  ProgramVersion: 7.3.2  TimeStamp: 2026/03/13-05:19:38-GMT  BuildTime: Aug  4 2022 06:17:15  BuildStamp: freesurfer-linux-ubuntu22_x86_64-7.3.2-20220804-6354275  User: oesteban  Machine: dna082  Platform: Linux  PlatformVersion: 5.14.0-427.37.1.el9_4.x86_64  CompilerName: GCC  CompilerVersion: 8.4.0
ProgramName: mris_sphere  ProgramArguments: mris_sphere -all-info  ProgramVersion: 7.3.2  TimeStamp: 2026/03/13-05:19:38-GMT  BuildTime: Aug  4 2022 06:17:15  BuildStamp: freesurfer-linux-ubuntu22_x86_64-7.3.2-20220804-6354275  User: oesteban  Machine: dna082  Platform: Linux  PlatformVersion: 5.14.0-427.37.1.el9_4.x86_64  CompilerName: GCC  CompilerVersion: 8.4.0
ProgramName: mris_surface_stats  ProgramArguments: mris_surface_stats -all-info  ProgramVersion: 7.3.2  TimeStamp: 2026/03/13-05:19:38-GMT  BuildTime: Aug  4 2022 06:17:15  BuildStamp: freesurfer-linux-ubuntu22_x86_64-7.3.2-20220804-6354275  User: oesteban  Machine: dna082  Platform: Linux  PlatformVersion: 5.14.0-427.37.1.el9_4.x86_64  CompilerName: GCC  CompilerVersion: 8.4.0
ProgramName: mri_stats2seg  ProgramArguments: mri_stats2seg -all-info  ProgramVersion: 7.3.2  TimeStamp: 2026/03/13-05:19:38-GMT  BuildTime: Aug  4 2022 06:17:15  BuildStamp: freesurfer-linux-ubuntu22_x86_64-7.3.2-20220804-6354275  User: oesteban  Machine: dna082  Platform: Linux  PlatformVersion: 5.14.0-427.37.1.el9_4.x86_64  CompilerName: GCC  CompilerVersion: 8.4.0
ProgramName: mris_thickness  ProgramArguments: mris_thickness -all-info  ProgramVersion: 7.3.2  TimeStamp: 2026/03/13-05:19:38-GMT  BuildTime: Aug  4 2022 06:17:15  BuildStamp: freesurfer-linux-ubuntu22_x86_64-7.3.2-20220804-6354275  User: oesteban  Machine: dna082  Platform: Linux  PlatformVersion: 5.14.0-427.37.1.el9_4.x86_64  CompilerName: GCC  CompilerVersion: 8.4.0
ProgramName: mris_thickness_diff  ProgramArguments: mris_thickness_diff -all-info  ProgramVersion: 7.3.2  TimeStamp: 2026/03/13-05:19:38-GMT  BuildTime: Aug  4 2022 06:17:15  BuildStamp: freesurfer-linux-ubuntu22_x86_64-7.3.2-20220804-6354275  User: oesteban  Machine: dna082  Platform: Linux  PlatformVersion: 5.14.0-427.37.1.el9_4.x86_64  CompilerName: GCC  CompilerVersion: 8.4.0
ProgramName: mris_topo_fixer  ProgramArguments: mris_topo_fixer -all-info  ProgramVersion: 7.3.2  TimeStamp: 2026/03/13-05:19:38-GMT  BuildTime: Aug  4 2022 06:17:15  BuildStamp: freesurfer-linux-ubuntu22_x86_64-7.3.2-20220804-6354275  User: oesteban  Machine: dna082  Platform: Linux  PlatformVersion: 5.14.0-427.37.1.el9_4.x86_64  CompilerName: GCC  CompilerVersion: 8.4.0
ProgramName: mri_surf2surf  ProgramArguments: mri_surf2surf -all-info  ProgramVersion: 7.3.2  TimeStamp: 2026/03/13-05:19:38-GMT  BuildTime: Aug  4 2022 06:17:15  BuildStamp: freesurfer-linux-ubuntu22_x86_64-7.3.2-20220804-6354275  User: oesteban  Machine: dna082  Platform: Linux  PlatformVersion: 5.14.0-427.37.1.el9_4.x86_64  CompilerName: GCC  CompilerVersion: 8.4.0
ProgramName: mri_surf2vol  ProgramArguments: mri_surf2vol -all-info  ProgramVersion: 7.3.2  TimeStamp: 2026/03/13-05:19:38-GMT  BuildTime: Aug  4 2022 06:17:15  BuildStamp: freesurfer-linux-ubuntu22_x86_64-7.3.2-20220804-6354275  User: oesteban  Machine: dna082  Platform: Linux  PlatformVersion: 5.14.0-427.37.1.el9_4.x86_64  CompilerName: GCC  CompilerVersion: 8.4.0
ProgramName: mri_surfcluster  ProgramArguments: mri_surfcluster -all-info  ProgramVersion: 7.3.2  TimeStamp: 2026/03/13-05:19:38-GMT  BuildTime: Aug  4 2022 06:17:15  BuildStamp: freesurfer-linux-ubuntu22_x86_64-7.3.2-20220804-6354275  User: oesteban  Machine: dna082  Platform: Linux  PlatformVersion: 5.14.0-427.37.1.el9_4.x86_64  CompilerName: GCC  CompilerVersion: 8.4.0
ProgramName: mris_volmask  ProgramArguments: mris_volmask -all-info  ProgramVersion: 7.3.2  TimeStamp: 2026/03/13-05:19:38-GMT  BuildTime: Aug  4 2022 06:17:15  BuildStamp: freesurfer-linux-ubuntu22_x86_64-7.3.2-20220804-6354275  User: oesteban  Machine: dna082  Platform: Linux  PlatformVersion: 5.14.0-427.37.1.el9_4.x86_64  CompilerName: GCC  CompilerVersion: 8.4.0
ProgramName: mri_tessellate  ProgramArguments: mri_tessellate -all-info  ProgramVersion: 7.3.2  TimeStamp: 2026/03/13-05:19:38-GMT  BuildTime: Aug  4 2022 06:17:15  BuildStamp: freesurfer-linux-ubuntu22_x86_64-7.3.2-20220804-6354275  User: oesteban  Machine: dna082  Platform: Linux  PlatformVersion: 5.14.0-427.37.1.el9_4.x86_64  CompilerName: GCC  CompilerVersion: 8.4.0
ProgramName: mri_vol2surf  ProgramArguments: mri_vol2surf -all-info  ProgramVersion: 7.3.2  TimeStamp: 2026/03/13-05:19:38-GMT  BuildTime: Aug  4 2022 06:17:15  BuildStamp: freesurfer-linux-ubuntu22_x86_64-7.3.2-20220804-6354275  User: oesteban  Machine: dna082  Platform: Linux  PlatformVersion: 5.14.0-427.37.1.el9_4.x86_64  CompilerName: GCC  CompilerVersion: 8.4.0
ProgramName: mri_vol2vol  ProgramArguments: mri_vol2vol -all-info  ProgramVersion: 7.3.2  TimeStamp: 2026/03/13-05:19:38-GMT  BuildTime: Aug  4 2022 06:17:15  BuildStamp: freesurfer-linux-ubuntu22_x86_64-7.3.2-20220804-6354275  User: oesteban  Machine: dna082  Platform: Linux  PlatformVersion: 5.14.0-427.37.1.el9_4.x86_64  CompilerName: GCC  CompilerVersion: 8.4.0
ProgramName: mri_voldiff  ProgramArguments: mri_voldiff -all-info  ProgramVersion: 7.3.2  TimeStamp: 2026/03/13-05:19:38-GMT  BuildTime: Aug  4 2022 06:17:15  BuildStamp: freesurfer-linux-ubuntu22_x86_64-7.3.2-20220804-6354275  User: oesteban  Machine: dna082  Platform: Linux  PlatformVersion: 5.14.0-427.37.1.el9_4.x86_64  CompilerName: GCC  CompilerVersion: 8.4.0
ProgramName: mri_watershed  ProgramArguments: mri_watershed -all-info  ProgramVersion: 7.3.2  TimeStamp: 2026/03/13-05:19:38-GMT  BuildTime: Aug  4 2022 06:17:15  BuildStamp: freesurfer-linux-ubuntu22_x86_64-7.3.2-20220804-6354275  User: oesteban  Machine: dna082  Platform: Linux  PlatformVersion: 5.14.0-427.37.1.el9_4.x86_64  CompilerName: GCC  CompilerVersion: 8.4.0
ProgramName: tkregister2  ProgramArguments: tkregister2_cmdl -all-info  ProgramVersion: 7.3.2  TimeStamp: 2026/03/13-05:19:38-GMT  BuildTime: Aug  4 2022 06:17:15  BuildStamp: freesurfer-linux-ubuntu22_x86_64-7.3.2-20220804-6354275  User: oesteban  Machine: dna082  Platform: Linux  PlatformVersion: 5.14.0-427.37.1.el9_4.x86_64  CompilerName: GCC  CompilerVersion: 8.4.0
mri_motion_correct.fsl 7.3.2
mri_convert -all-info 
ProgramName: mri_convert  ProgramArguments: mri_convert -all-info  ProgramVersion: 7.3.2  TimeStamp: 2026/03/13-05:19:38-GMT  BuildTime: Aug  4 2022 06:17:15  BuildStamp: freesurfer-linux-ubuntu22_x86_64-7.3.2-20220804-6354275  User: oesteban  Machine: dna082  Platform: Linux  PlatformVersion: 5.14.0-427.37.1.el9_4.x86_64  CompilerName: GCC  CompilerVersion: 8.4.0
Program nu_correct, built from:
Package MNI N3, version 1.12.0, compiled by nicks@terrier (x86_64-unknown-linux-gnu) on 2015-06-19 at 01:25:34
#######################################
GCADIR /opt/freesurfer/average
GCA RB_all_2020-01-02.gca
GCASkull RB_all_withskull_2020_01_02.gca
AvgCurvTif folding.atlas.acfb40.noaparc.i12.2016-08-02.tif
GCSDIR /opt/freesurfer/average
GCS DKaparc.atlas.acfb40.noaparc.i12.2016-08-02.gcs
#######################################
#-------------------------------------
#@# EM Registration Fri Mar 13 06:19:38 CET 2026
/out/sourcedata/freesurfer/sub-v2s4x29632_ses-1/mri

 mri_em_register -uns 3 -mask brainmask.mgz nu.mgz /opt/freesurfer/average/RB_all_2020-01-02.gca transforms/talairach.lta 

setting unknown_nbr_spacing = 3
using MR volume brainmask.mgz to mask input volume...

== Number of threads available to mri_em_register for OpenMP = 16 == 
reading 1 input volumes...
logging results to talairach.log
reading '/opt/freesurfer/average/RB_all_2020-01-02.gca'...
GCAread took 0 minutes and 1 seconds.
average std = 7.2   using min determinant for regularization = 5.2
0 singular and 884 ill-conditioned covariance matrices regularized
reading 'nu.mgz'...
MRImask(): AllowDiffGeom = 1
MRImask(): AllowDiffGeom = 1
MRImask(): AllowDiffGeom = 1
MRImask(): AllowDiffGeom = 1
MRImask(): AllowDiffGeom = 1
freeing gibbs priors...done.
accounting for voxel sizes in initial transform
bounding unknown intensity as < 5.9 or > 519.0 
total sample mean = 79.1 (1017 zeros)
************************************************
spacing=8, using 2841 sample points, tol=1.00e-05...
************************************************
register_mri: find_optimal_transform
find_optimal_transform: nsamples 2841, passno 0, spacing 8
resetting wm mean[0]: 98 --> 107
resetting gm mean[0]: 61 --> 61
input volume #1 is the most T1-like
using real data threshold=32.0
skull bounding box = (63, 43, 42) --> (193, 145, 211)
finding center of left hemi white matter
using (106, 77, 127) as brain centroid of Right_Cerebral_White_Matter...
MRImask(): AllowDiffGeom = 1
mean wm in atlas = 107, using box (90,65,106) --> (121, 89,147) to find MRI wm
before smoothing, mri peak at 107
robust fit to distribution - 107 +- 8.0
after smoothing, mri peak at 106, scaling input intensities by 1.009
scaling channel 0 by 1.00943
initial log_p = -4.449
************************************************
First Search limited to translation only.
************************************************
max log p =    -4.009089 @ (-10.526, 10.526, -10.526)
max log p =    -3.923753 @ (5.263, 5.263, -5.263)
max log p =    -3.907510 @ (2.632, -2.632, 7.895)
max log p =    -3.874492 @ (-1.316, 1.316, -1.316)
max log p =    -3.869747 @ (-0.658, 1.974, -0.658)
max log p =    -3.869747 @ (0.000, 0.000, 0.000)
max log p =    -3.869747 @ (0.000, 0.000, 0.000)
max log p =    -3.869747 @ (0.000, 0.000, 0.000)
Found translation: (-4.6, 16.4, -9.9): log p = -3.870
****************************************
Nine parameter search.  iteration 0 nscales = 0 ...
****************************************
Result so far: scale 1.000: max_log_p=-3.735, old_max_log_p =-3.870 (thresh=-3.9)
 1.07500   0.00000   0.00000  -14.46083;
 0.00000   1.14016  -0.13053   17.08101;
 0.00000   0.16136   1.06580  -41.54988;
 0.00000   0.00000   0.00000   1.00000;
iteration took 0 minutes and 10 seconds.
****************************************
Nine parameter search.  iteration 1 nscales = 0 ...
****************************************
Result so far: scale 1.000: max_log_p=-3.735, old_max_log_p =-3.735 (thresh=-3.7)
 1.07500   0.00000   0.00000  -14.46083;
 0.00000   1.14016  -0.13053   17.08101;
 0.00000   0.16136   1.06580  -41.54988;
 0.00000   0.00000   0.00000   1.00000;
reducing scale to 0.2500
iteration took 0 minutes and 10 seconds.
****************************************
Nine parameter search.  iteration 2 nscales = 1 ...
****************************************
Result so far: scale 0.250: max_log_p=-3.650, old_max_log_p =-3.735 (thresh=-3.7)
 1.09032   0.06766  -0.07749  -12.14139;
-0.07245   1.09981  -0.08845   27.51729;
 0.06895   0.12008   1.04727  -42.19315;
 0.00000   0.00000   0.00000   1.00000;
iteration took 0 minutes and 10 seconds.
****************************************
Nine parameter search.  iteration 3 nscales = 1 ...
****************************************
Result so far: scale 0.250: max_log_p=-3.634, old_max_log_p =-3.650 (thresh=-3.6)
 1.09032   0.06766  -0.07749  -12.14139;
-0.07245   1.09981  -0.08845   27.51729;
 0.06766   0.11783   1.02764  -39.42538;
 0.00000   0.00000   0.00000   1.00000;
iteration took 0 minutes and 10 seconds.
****************************************
Nine parameter search.  iteration 4 nscales = 1 ...
****************************************
Result so far: scale 0.250: max_log_p=-3.634, old_max_log_p =-3.634 (thresh=-3.6)
 1.09032   0.06766  -0.07749  -12.14139;
-0.07245   1.09981  -0.08845   27.51729;
 0.06766   0.11783   1.02764  -39.42538;
 0.00000   0.00000   0.00000   1.00000;
reducing scale to 0.0625
iteration took 0 minutes and 10 seconds.
****************************************
Nine parameter search.  iteration 5 nscales = 2 ...
****************************************
Result so far: scale 0.062: max_log_p=-3.621, old_max_log_p =-3.634 (thresh=-3.6)
 1.08772   0.08557  -0.07870  -13.47882;
-0.08951   1.09691  -0.07854   28.82809;
 0.06833   0.10900   1.02952  -39.31046;
 0.00000   0.00000   0.00000   1.00000;
iteration took 0 minutes and 10 seconds.
****************************************
Nine parameter search.  iteration 6 nscales = 2 ...
****************************************
Result so far: scale 0.062: max_log_p=-3.621, old_max_log_p =-3.621 (thresh=-3.6)
 1.08772   0.08557  -0.07870  -13.47882;
-0.08951   1.09691  -0.07854   28.82809;
 0.06833   0.10900   1.02952  -39.31046;
 0.00000   0.00000   0.00000   1.00000;
min search scale 0.025000 reached
***********************************************
Computing MAP estimate using 2841 samples...
***********************************************
dt = 5.00e-06, momentum=0.80, tol=1.00e-05
l_intensity = 1.0000
Aligning input volume to GCA...
Transform matrix
 1.08772   0.08557  -0.07870  -13.47882;
-0.08951   1.09691  -0.07854   28.82809;
 0.06833   0.10900   1.02952  -39.31046;
 0.00000   0.00000   0.00000   1.00000;
nsamples 2841
Quasinewton: input matrix
 1.08772   0.08557  -0.07870  -13.47882;
-0.08951   1.09691  -0.07854   28.82809;
 0.06833   0.10900   1.02952  -39.31046;
 0.00000   0.00000   0.00000   1.00000;
 IFLAG= -1  LINE SEARCH FAILED. SEE DOCUMENTATION OF ROUTINE MCSRCH ERROR RETURN OF LINE SEARCH: INFO= 3 POSSIBLE CAUSES: FUNCTION OR GRADIENT ARE INCORRECT OR INCORRECT TOLERANCESoutof QuasiNewtonEMA: 009: -log(p) =   -0.0  tol 0.000010
Resulting transform:
 1.08772   0.08557  -0.07870  -13.47882;
-0.08951   1.09691  -0.07854   28.82809;
 0.06833   0.10900   1.02952  -39.31046;
 0.00000   0.00000   0.00000   1.00000;

pass 1, spacing 8: log(p) = -3.621 (old=-4.449)
transform before final EM align:
 1.08772   0.08557  -0.07870  -13.47882;
-0.08951   1.09691  -0.07854   28.82809;
 0.06833   0.10900   1.02952  -39.31046;
 0.00000   0.00000   0.00000   1.00000;

**************************************************
 EM alignment process ...
 Computing final MAP estimate using 315638 samples. 
**************************************************
dt = 5.00e-06, momentum=0.80, tol=1.00e-07
l_intensity = 1.0000
Aligning input volume to GCA...
Transform matrix
 1.08772   0.08557  -0.07870  -13.47882;
-0.08951   1.09691  -0.07854   28.82809;
 0.06833   0.10900   1.02952  -39.31046;
 0.00000   0.00000   0.00000   1.00000;
nsamples 315638
Quasinewton: input matrix
 1.08772   0.08557  -0.07870  -13.47882;
-0.08951   1.09691  -0.07854   28.82809;
 0.06833   0.10900   1.02952  -39.31046;
 0.00000   0.00000   0.00000   1.00000;
 IFLAG= -1  LINE SEARCH FAILED. SEE DOCUMENTATION OF ROUTINE MCSRCH ERROR RETURN OF LINE SEARCH: INFO= 6 POSSIBLE CAUSES: FUNCTION OR GRADIENT ARE INCORRECT OR INCORRECT TOLERANCESoutof QuasiNewtonEMA: 011: -log(p) =    4.0  tol 0.000000
final transform:
 1.08772   0.08557  -0.07870  -13.47882;
-0.08951   1.09691  -0.07854   28.82809;
 0.06833   0.10900   1.02952  -39.31046;
 0.00000   0.00000   0.00000   1.00000;

writing output transformation to transforms/talairach.lta...
#VMPC# mri_em_register VmPeak  891284
FSRUNTIME@ mri_em_register  0.0259 hours 16 threads
registration took 1 minutes and 33 seconds.

Started at Fri Mar 13 06:19:38 CET 2026 
Ended   at Fri Mar 13 06:21:12 CET 2026
#@#%# recon-all-run-time-hours 0.026
recon-all -s sub-v2s4x29632_ses-1 finished without error at Fri Mar 13 06:21:12 CET 2026



#New# invocation of recon-all 




Fri Mar 13 06:21:14 CET 2026
cd /out/sourcedata/freesurfer/sub-v2s4x29632_ses-1
setenv SUBJECTS_DIR /out/sourcedata/freesurfer
/opt/freesurfer/bin/recon-all -autorecon2-volonly -openmp 16 -subjid sub-v2s4x29632_ses-1 -sd /out/sourcedata/freesurfer -nogcareg

subjid sub-v2s4x29632_ses-1
setenv SUBJECTS_DIR /out/sourcedata/freesurfer
FREESURFER_HOME /opt/freesurfer
Actual FREESURFER_HOME /opt/freesurfer
build-stamp.txt: freesurfer-linux-ubuntu22_x86_64-7.3.2-20220804-6354275
Linux dna082 5.14.0-427.37.1.el9_4.x86_64 #1 SMP PREEMPT_DYNAMIC Fri Sep 13 12:41:50 EDT 2024 x86_64 x86_64 x86_64 GNU/Linux
cputime      unlimited
filesize     unlimited
datasize     unlimited
stacksize    8192 kbytes
coredumpsize 0 kbytes
memoryuse    67108864 kbytes
vmemoryuse   unlimited
descriptors  1024 
memorylocked unlimited
maxproc      2061970 
maxlocks     unlimited
maxsignal    2062029 
maxmessage   819200 
maxnice      0 
maxrtprio    0 
maxrttime    unlimited

               total        used        free      shared  buff/cache   available
Mem:           503Gi        55Gi       345Gi       8.8Gi       102Gi       435Gi
Swap:             0B          0B          0B

########################################
program versions used
7.3.2 (freesurfer-linux-ubuntu22_x86_64-7.3.2-20220804-6354275)
7.3.2

ProgramName: lta_convert  ProgramArguments: lta_convert -all-info  ProgramVersion: 7.3.2  TimeStamp: 2026/03/13-05:21:14-GMT  BuildTime: Aug  4 2022 06:17:15  BuildStamp: freesurfer-linux-ubuntu22_x86_64-7.3.2-20220804-6354275  User: oesteban  Machine: dna082  Platform: Linux  PlatformVersion: 5.14.0-427.37.1.el9_4.x86_64  CompilerName: GCC  CompilerVersion: 8.4.0
ProgramName: mri_and  ProgramArguments: mri_and -all-info  ProgramVersion: 7.3.2  TimeStamp: 2026/03/13-05:21:14-GMT  BuildTime: Aug  4 2022 06:17:15  BuildStamp: freesurfer-linux-ubuntu22_x86_64-7.3.2-20220804-6354275  User: oesteban  Machine: dna082  Platform: Linux  PlatformVersion: 5.14.0-427.37.1.el9_4.x86_64  CompilerName: GCC  CompilerVersion: 8.4.0
ProgramName: mri_annotation2label  ProgramArguments: mri_annotation2label -all-info  ProgramVersion: 7.3.2  TimeStamp: 2026/03/13-05:21:14-GMT  BuildTime: Aug  4 2022 06:17:15  BuildStamp: freesurfer-linux-ubuntu22_x86_64-7.3.2-20220804-6354275  User: oesteban  Machine: dna082  Platform: Linux  PlatformVersion: 5.14.0-427.37.1.el9_4.x86_64  CompilerName: GCC  CompilerVersion: 8.4.0
ProgramName: mri_aparc2aseg  ProgramArguments: mri_aparc2aseg -all-info  ProgramVersion: 7.3.2  TimeStamp: 2026/03/13-05:21:14-GMT  BuildTime: Aug  4 2022 06:17:15  BuildStamp: freesurfer-linux-ubuntu22_x86_64-7.3.2-20220804-6354275  User: oesteban  Machine: dna082  Platform: Linux  PlatformVersion: 5.14.0-427.37.1.el9_4.x86_64  CompilerName: GCC  CompilerVersion: 8.4.0
ProgramName: mri_surf2volseg  ProgramArguments: mri_surf2volseg -all-info  ProgramVersion: 7.3.2  TimeStamp: 2026/03/13-05:21:14-GMT  BuildTime: Aug  4 2022 06:17:15  BuildStamp: freesurfer-linux-ubuntu22_x86_64-7.3.2-20220804-6354275  User: oesteban  Machine: dna082  Platform: Linux  PlatformVersion: 5.14.0-427.37.1.el9_4.x86_64  CompilerName: GCC  CompilerVersion: 8.4.0
ProgramName: mri_binarize  ProgramArguments: mri_binarize -all-info  ProgramVersion: 7.3.2  TimeStamp: 2026/03/13-05:21:14-GMT  BuildTime: Aug  4 2022 06:17:15  BuildStamp: freesurfer-linux-ubuntu22_x86_64-7.3.2-20220804-6354275  User: oesteban  Machine: dna082  Platform: Linux  PlatformVersion: 5.14.0-427.37.1.el9_4.x86_64  CompilerName: GCC  CompilerVersion: 8.4.0
ProgramName: mri_ca_label  ProgramArguments: mri_ca_label -all-info  ProgramVersion: 7.3.2  TimeStamp: 2026/03/13-05:21:14-GMT  BuildTime: Aug  4 2022 06:17:15  BuildStamp: freesurfer-linux-ubuntu22_x86_64-7.3.2-20220804-6354275  User: oesteban  Machine: dna082  Platform: Linux  PlatformVersion: 5.14.0-427.37.1.el9_4.x86_64  CompilerName: GCC  CompilerVersion: 8.4.0
ProgramName: mri_ca_normalize  ProgramArguments: mri_ca_normalize -all-info  ProgramVersion: 7.3.2  TimeStamp: 2026/03/13-05:21:14-GMT  BuildTime: Aug  4 2022 06:17:15  BuildStamp: freesurfer-linux-ubuntu22_x86_64-7.3.2-20220804-6354275  User: oesteban  Machine: dna082  Platform: Linux  PlatformVersion: 5.14.0-427.37.1.el9_4.x86_64  CompilerName: GCC  CompilerVersion: 8.4.0
ProgramName: mri_ca_register  ProgramArguments: mri_ca_register -all-info  ProgramVersion: 7.3.2  TimeStamp: 2026/03/13-05:21:14-GMT  BuildTime: Aug  4 2022 06:17:15  BuildStamp: freesurfer-linux-ubuntu22_x86_64-7.3.2-20220804-6354275  User: oesteban  Machine: dna082  Platform: Linux  PlatformVersion: 5.14.0-427.37.1.el9_4.x86_64  CompilerName: GCC  CompilerVersion: 8.4.0
ProgramName: mri_cc  ProgramArguments: mri_cc -all-info  ProgramVersion: 7.3.2  TimeStamp: 2026/03/13-05:21:14-GMT  BuildTime: Aug  4 2022 06:17:15  BuildStamp: freesurfer-linux-ubuntu22_x86_64-7.3.2-20220804-6354275  User: oesteban  Machine: dna082  Platform: Linux  PlatformVersion: 5.14.0-427.37.1.el9_4.x86_64  CompilerName: GCC  CompilerVersion: 8.4.0
ProgramName: mri_compute_overlap  ProgramArguments: mri_compute_overlap -all-info  ProgramVersion: 7.3.2  TimeStamp: 2026/03/13-05:21:14-GMT  BuildTime: Aug  4 2022 06:17:15  BuildStamp: freesurfer-linux-ubuntu22_x86_64-7.3.2-20220804-6354275  User: oesteban  Machine: dna082  Platform: Linux  PlatformVersion: 5.14.0-427.37.1.el9_4.x86_64  CompilerName: GCC  CompilerVersion: 8.4.0
ProgramName: mri_compute_seg_overlap  ProgramArguments: mri_compute_seg_overlap -all-info  ProgramVersion: 7.3.2  TimeStamp: 2026/03/13-05:21:14-GMT  BuildTime: Aug  4 2022 06:17:15  BuildStamp: freesurfer-linux-ubuntu22_x86_64-7.3.2-20220804-6354275  User: oesteban  Machine: dna082  Platform: Linux  PlatformVersion: 5.14.0-427.37.1.el9_4.x86_64  CompilerName: GCC  CompilerVersion: 8.4.0
ProgramName: mri_concat  ProgramArguments: mri_concat -all-info  ProgramVersion: 7.3.2  TimeStamp: 2026/03/13-05:21:14-GMT  BuildTime: Aug  4 2022 06:17:15  BuildStamp: freesurfer-linux-ubuntu22_x86_64-7.3.2-20220804-6354275  User: oesteban  Machine: dna082  Platform: Linux  PlatformVersion: 5.14.0-427.37.1.el9_4.x86_64  CompilerName: GCC  CompilerVersion: 8.4.0
ProgramName: mri_concatenate_lta  ProgramArguments: mri_concatenate_lta -all-info  ProgramVersion: 7.3.2  TimeStamp: 2026/03/13-05:21:14-GMT  BuildTime: Aug  4 2022 06:17:15  BuildStamp: freesurfer-linux-ubuntu22_x86_64-7.3.2-20220804-6354275  User: oesteban  Machine: dna082  Platform: Linux  PlatformVersion: 5.14.0-427.37.1.el9_4.x86_64  CompilerName: GCC  CompilerVersion: 8.4.0
mri_convert -all-info 
ProgramName: mri_convert  ProgramArguments: mri_convert -all-info  ProgramVersion: 7.3.2  TimeStamp: 2026/03/13-05:21:14-GMT  BuildTime: Aug  4 2022 06:17:15  BuildStamp: freesurfer-linux-ubuntu22_x86_64-7.3.2-20220804-6354275  User: oesteban  Machine: dna082  Platform: Linux  PlatformVersion: 5.14.0-427.37.1.el9_4.x86_64  CompilerName: GCC  CompilerVersion: 8.4.0
ProgramName: mri_diff  ProgramArguments: mri_diff -all-info  ProgramVersion: 7.3.2  TimeStamp: 2026/03/13-05:21:14-GMT  BuildTime: Aug  4 2022 06:17:15  BuildStamp: freesurfer-linux-ubuntu22_x86_64-7.3.2-20220804-6354275  User: oesteban  Machine: dna082  Platform: Linux  PlatformVersion: 5.14.0-427.37.1.el9_4.x86_64  CompilerName: GCC  CompilerVersion: 8.4.0
ProgramName: mri_edit_wm_with_aseg  ProgramArguments: mri_edit_wm_with_aseg -all-info  ProgramVersion: 7.3.2  TimeStamp: 2026/03/13-05:21:14-GMT  BuildTime: Aug  4 2022 06:17:15  BuildStamp: freesurfer-linux-ubuntu22_x86_64-7.3.2-20220804-6354275  User: oesteban  Machine: dna082  Platform: Linux  PlatformVersion: 5.14.0-427.37.1.el9_4.x86_64  CompilerName: GCC  CompilerVersion: 8.4.0
ProgramName: mri_em_register  ProgramArguments: mri_em_register -all-info  ProgramVersion: 7.3.2  TimeStamp: 2026/03/13-05:21:14-GMT  BuildTime: Aug  4 2022 06:17:15  BuildStamp: freesurfer-linux-ubuntu22_x86_64-7.3.2-20220804-6354275  User: oesteban  Machine: dna082  Platform: Linux  PlatformVersion: 5.14.0-427.37.1.el9_4.x86_64  CompilerName: GCC  CompilerVersion: 8.4.0
ProgramName: mri_fill  ProgramArguments: mri_fill -all-info  ProgramVersion: 7.3.2  TimeStamp: 2026/03/13-05:21:14-GMT  BuildTime: Aug  4 2022 06:17:15  BuildStamp: freesurfer-linux-ubuntu22_x86_64-7.3.2-20220804-6354275  User: oesteban  Machine: dna082  Platform: Linux  PlatformVersion: 5.14.0-427.37.1.el9_4.x86_64  CompilerName: GCC  CompilerVersion: 8.4.0
ProgramName: mri_fuse_segmentations  ProgramArguments: mri_fuse_segmentations -all-info  ProgramVersion: 7.3.2  TimeStamp: 2026/03/13-05:21:14-GMT  BuildTime: Aug  4 2022 06:17:15  BuildStamp: freesurfer-linux-ubuntu22_x86_64-7.3.2-20220804-6354275  User: oesteban  Machine: dna082  Platform: Linux  PlatformVersion: 5.14.0-427.37.1.el9_4.x86_64  CompilerName: GCC  CompilerVersion: 8.4.0
ProgramName: mri_fwhm  ProgramArguments: mri_fwhm -all-info  ProgramVersion: 7.3.2  TimeStamp: 2026/03/13-05:21:14-GMT  BuildTime: Aug  4 2022 06:17:15  BuildStamp: freesurfer-linux-ubuntu22_x86_64-7.3.2-20220804-6354275  User: oesteban  Machine: dna082  Platform: Linux  PlatformVersion: 5.14.0-427.37.1.el9_4.x86_64  CompilerName: GCC  CompilerVersion: 8.4.0
ProgramName: mri_gcut  ProgramArguments: mri_gcut -all-info  ProgramVersion: 7.3.2  TimeStamp: 2026/03/13-05:21:14-GMT  BuildTime: Aug  4 2022 06:17:15  BuildStamp: freesurfer-linux-ubuntu22_x86_64-7.3.2-20220804-6354275  User: oesteban  Machine: dna082  Platform: Linux  PlatformVersion: 5.14.0-427.37.1.el9_4.x86_64  CompilerName: GCC  CompilerVersion: 8.4.0
ProgramName: mri_info  ProgramArguments: mri_info -all-info  ProgramVersion: 7.3.2  TimeStamp: 2026/03/13-05:21:14-GMT  BuildTime: Aug  4 2022 06:17:15  BuildStamp: freesurfer-linux-ubuntu22_x86_64-7.3.2-20220804-6354275  User: oesteban  Machine: dna082  Platform: Linux  PlatformVersion: 5.14.0-427.37.1.el9_4.x86_64  CompilerName: GCC  CompilerVersion: 8.4.0
ProgramName: mri_label2label  ProgramArguments: mri_label2label -all-info  ProgramVersion: 7.3.2  TimeStamp: 2026/03/13-05:21:14-GMT  BuildTime: Aug  4 2022 06:17:15  BuildStamp: freesurfer-linux-ubuntu22_x86_64-7.3.2-20220804-6354275  User: oesteban  Machine: dna082  Platform: Linux  PlatformVersion: 5.14.0-427.37.1.el9_4.x86_64  CompilerName: GCC  CompilerVersion: 8.4.0
ProgramName: mri_label2vol  ProgramArguments: mri_label2vol -all-info  ProgramVersion: 7.3.2  TimeStamp: 2026/03/13-05:21:14-GMT  BuildTime: Aug  4 2022 06:17:15  BuildStamp: freesurfer-linux-ubuntu22_x86_64-7.3.2-20220804-6354275  User: oesteban  Machine: dna082  Platform: Linux  PlatformVersion: 5.14.0-427.37.1.el9_4.x86_64  CompilerName: GCC  CompilerVersion: 8.4.0
ProgramName: mri_log_likelihood  ProgramArguments: mri_log_likelihood -all-info  ProgramVersion: 7.3.2  TimeStamp: 2026/03/13-05:21:14-GMT  BuildTime: Aug  4 2022 06:17:15  BuildStamp: freesurfer-linux-ubuntu22_x86_64-7.3.2-20220804-6354275  User: oesteban  Machine: dna082  Platform: Linux  PlatformVersion: 5.14.0-427.37.1.el9_4.x86_64  CompilerName: GCC  CompilerVersion: 8.4.0
ProgramName: mri_mask  ProgramArguments: mri_mask -all-info  ProgramVersion: 7.3.2  TimeStamp: 2026/03/13-05:21:14-GMT  BuildTime: Aug  4 2022 06:17:15  BuildStamp: freesurfer-linux-ubuntu22_x86_64-7.3.2-20220804-6354275  User: oesteban  Machine: dna082  Platform: Linux  PlatformVersion: 5.14.0-427.37.1.el9_4.x86_64  CompilerName: GCC  CompilerVersion: 8.4.0
ProgramName: mri_matrix_multiply  ProgramArguments: mri_matrix_multiply -all-info  ProgramVersion: 7.3.2  TimeStamp: 2026/03/13-05:21:14-GMT  BuildTime: Aug  4 2022 06:17:15  BuildStamp: freesurfer-linux-ubuntu22_x86_64-7.3.2-20220804-6354275  User: oesteban  Machine: dna082  Platform: Linux  PlatformVersion: 5.14.0-427.37.1.el9_4.x86_64  CompilerName: GCC  CompilerVersion: 8.4.0
ProgramName: mri_normalize  ProgramArguments: mri_normalize -all-info  ProgramVersion: 7.3.2  TimeStamp: 2026/03/13-05:21:14-GMT  BuildTime: Aug  4 2022 06:17:15  BuildStamp: freesurfer-linux-ubuntu22_x86_64-7.3.2-20220804-6354275  User: oesteban  Machine: dna082  Platform: Linux  PlatformVersion: 5.14.0-427.37.1.el9_4.x86_64  CompilerName: GCC  CompilerVersion: 8.4.0
ProgramName: mri_normalize_tp2  ProgramArguments: mri_normalize_tp2 -all-info  ProgramVersion: 7.3.2  TimeStamp: 2026/03/13-05:21:14-GMT  BuildTime: Aug  4 2022 06:17:15  BuildStamp: freesurfer-linux-ubuntu22_x86_64-7.3.2-20220804-6354275  User: oesteban  Machine: dna082  Platform: Linux  PlatformVersion: 5.14.0-427.37.1.el9_4.x86_64  CompilerName: GCC  CompilerVersion: 8.4.0
ProgramName: mri_or  ProgramArguments: mri_or -all-info  ProgramVersion: 7.3.2  TimeStamp: 2026/03/13-05:21:14-GMT  BuildTime: Aug  4 2022 06:17:15  BuildStamp: freesurfer-linux-ubuntu22_x86_64-7.3.2-20220804-6354275  User: oesteban  Machine: dna082  Platform: Linux  PlatformVersion: 5.14.0-427.37.1.el9_4.x86_64  CompilerName: GCC  CompilerVersion: 8.4.0
ProgramName: mri_relabel_hypointensities  ProgramArguments: mri_relabel_hypointensities -all-info  ProgramVersion: 7.3.2  TimeStamp: 2026/03/13-05:21:14-GMT  BuildTime: Aug  4 2022 06:17:15  BuildStamp: freesurfer-linux-ubuntu22_x86_64-7.3.2-20220804-6354275  User: oesteban  Machine: dna082  Platform: Linux  PlatformVersion: 5.14.0-427.37.1.el9_4.x86_64  CompilerName: GCC  CompilerVersion: 8.4.0
ProgramName: mri_relabel_nonwm_hypos  ProgramArguments: mri_relabel_nonwm_hypos -all-info  ProgramVersion: 7.3.2  TimeStamp: 2026/03/13-05:21:14-GMT  BuildTime: Aug  4 2022 06:17:15  BuildStamp: freesurfer-linux-ubuntu22_x86_64-7.3.2-20220804-6354275  User: oesteban  Machine: dna082  Platform: Linux  PlatformVersion: 5.14.0-427.37.1.el9_4.x86_64  CompilerName: GCC  CompilerVersion: 8.4.0
ProgramName: mri_remove_neck  ProgramArguments: mri_remove_neck -all-info  ProgramVersion: 7.3.2  TimeStamp: 2026/03/13-05:21:14-GMT  BuildTime: Aug  4 2022 06:17:15  BuildStamp: freesurfer-linux-ubuntu22_x86_64-7.3.2-20220804-6354275  User: oesteban  Machine: dna082  Platform: Linux  PlatformVersion: 5.14.0-427.37.1.el9_4.x86_64  CompilerName: GCC  CompilerVersion: 8.4.0
7.3.2

ProgramName: mri_robust_register  ProgramArguments: mri_robust_register -all-info  ProgramVersion: 7.3.2  TimeStamp: 2026/03/13-05:21:14-GMT  BuildTime: Aug  4 2022 06:17:15  BuildStamp: freesurfer-linux-ubuntu22_x86_64-7.3.2-20220804-6354275  User: oesteban  Machine: dna082  Platform: Linux  PlatformVersion: 5.14.0-427.37.1.el9_4.x86_64  CompilerName: GCC  CompilerVersion: 8.4.0
7.3.2

ProgramName: mri_robust_template  ProgramArguments: mri_robust_template -all-info  ProgramVersion: 7.3.2  TimeStamp: 2026/03/13-05:21:14-GMT  BuildTime: Aug  4 2022 06:17:15  BuildStamp: freesurfer-linux-ubuntu22_x86_64-7.3.2-20220804-6354275  User: oesteban  Machine: dna082  Platform: Linux  PlatformVersion: 5.14.0-427.37.1.el9_4.x86_64  CompilerName: GCC  CompilerVersion: 8.4.0
ProgramName: mris_anatomical_stats  ProgramArguments: mris_anatomical_stats -all-info  ProgramVersion: 7.3.2  TimeStamp: 2026/03/13-05:21:14-GMT  BuildTime: Aug  4 2022 06:17:15  BuildStamp: freesurfer-linux-ubuntu22_x86_64-7.3.2-20220804-6354275  User: oesteban  Machine: dna082  Platform: Linux  PlatformVersion: 5.14.0-427.37.1.el9_4.x86_64  CompilerName: GCC  CompilerVersion: 8.4.0
ProgramName: mris_ca_label  ProgramArguments: mris_ca_label -all-info  ProgramVersion: 7.3.2  TimeStamp: 2026/03/13-05:21:14-GMT  BuildTime: Aug  4 2022 06:17:15  BuildStamp: freesurfer-linux-ubuntu22_x86_64-7.3.2-20220804-6354275  User: oesteban  Machine: dna082  Platform: Linux  PlatformVersion: 5.14.0-427.37.1.el9_4.x86_64  CompilerName: GCC  CompilerVersion: 8.4.0
ProgramName: mris_calc  ProgramArguments: mris_calc -all-info  ProgramVersion: 7.3.2  TimeStamp: 2026/03/13-05:21:14-GMT  BuildTime: Aug  4 2022 06:17:15  BuildStamp: freesurfer-linux-ubuntu22_x86_64-7.3.2-20220804-6354275  User: oesteban  Machine: dna082  Platform: Linux  PlatformVersion: 5.14.0-427.37.1.el9_4.x86_64  CompilerName: GCC  CompilerVersion: 8.4.0
ProgramName: mris_convert  ProgramArguments: mris_convert -all-info  ProgramVersion: 7.3.2  TimeStamp: 2026/03/13-05:21:14-GMT  BuildTime: Aug  4 2022 06:17:15  BuildStamp: freesurfer-linux-ubuntu22_x86_64-7.3.2-20220804-6354275  User: oesteban  Machine: dna082  Platform: Linux  PlatformVersion: 5.14.0-427.37.1.el9_4.x86_64  CompilerName: GCC  CompilerVersion: 8.4.0
ProgramName: mris_curvature  ProgramArguments: mris_curvature -all-info  ProgramVersion: 7.3.2  TimeStamp: 2026/03/13-05:21:14-GMT  BuildTime: Aug  4 2022 06:17:15  BuildStamp: freesurfer-linux-ubuntu22_x86_64-7.3.2-20220804-6354275  User: oesteban  Machine: dna082  Platform: Linux  PlatformVersion: 5.14.0-427.37.1.el9_4.x86_64  CompilerName: GCC  CompilerVersion: 8.4.0
ProgramName: mris_curvature_stats  ProgramArguments: mris_curvature_stats -all-info  ProgramVersion: 7.3.2  TimeStamp: 2026/03/13-05:21:14-GMT  BuildTime: Aug  4 2022 06:17:15  BuildStamp: freesurfer-linux-ubuntu22_x86_64-7.3.2-20220804-6354275  User: oesteban  Machine: dna082  Platform: Linux  PlatformVersion: 5.14.0-427.37.1.el9_4.x86_64  CompilerName: GCC  CompilerVersion: 8.4.0
ProgramName: mris_diff  ProgramArguments: mris_diff -all-info  ProgramVersion: 7.3.2  TimeStamp: 2026/03/13-05:21:14-GMT  BuildTime: Aug  4 2022 06:17:15  BuildStamp: freesurfer-linux-ubuntu22_x86_64-7.3.2-20220804-6354275  User: oesteban  Machine: dna082  Platform: Linux  PlatformVersion: 5.14.0-427.37.1.el9_4.x86_64  CompilerName: GCC  CompilerVersion: 8.4.0
ProgramName: mris_divide_parcellation  ProgramArguments: mris_divide_parcellation -all-info  ProgramVersion: 7.3.2  TimeStamp: 2026/03/13-05:21:14-GMT  BuildTime: Aug  4 2022 06:17:15  BuildStamp: freesurfer-linux-ubuntu22_x86_64-7.3.2-20220804-6354275  User: oesteban  Machine: dna082  Platform: Linux  PlatformVersion: 5.14.0-427.37.1.el9_4.x86_64  CompilerName: GCC  CompilerVersion: 8.4.0
ProgramName: mri_segment  ProgramArguments: mri_segment -all-info  ProgramVersion: 7.3.2  TimeStamp: 2026/03/13-05:21:14-GMT  BuildTime: Aug  4 2022 06:17:15  BuildStamp: freesurfer-linux-ubuntu22_x86_64-7.3.2-20220804-6354275  User: oesteban  Machine: dna082  Platform: Linux  PlatformVersion: 5.14.0-427.37.1.el9_4.x86_64  CompilerName: GCC  CompilerVersion: 8.4.0
ProgramName: mri_segstats  ProgramArguments: mri_segstats -all-info  ProgramVersion: 7.3.2  TimeStamp: 2026/03/13-05:21:14-GMT  BuildTime: Aug  4 2022 06:17:15  BuildStamp: freesurfer-linux-ubuntu22_x86_64-7.3.2-20220804-6354275  User: oesteban  Machine: dna082  Platform: Linux  PlatformVersion: 5.14.0-427.37.1.el9_4.x86_64  CompilerName: GCC  CompilerVersion: 8.4.0
ProgramName: mris_euler_number  ProgramArguments: mris_euler_number -all-info  ProgramVersion: 7.3.2  TimeStamp: 2026/03/13-05:21:14-GMT  BuildTime: Aug  4 2022 06:17:15  BuildStamp: freesurfer-linux-ubuntu22_x86_64-7.3.2-20220804-6354275  User: oesteban  Machine: dna082  Platform: Linux  PlatformVersion: 5.14.0-427.37.1.el9_4.x86_64  CompilerName: GCC  CompilerVersion: 8.4.0
ProgramName: mris_fix_topology  ProgramArguments: mris_fix_topology -all-info  ProgramVersion: 7.3.2  TimeStamp: 2026/03/13-05:21:14-GMT  BuildTime: Aug  4 2022 06:17:15  BuildStamp: freesurfer-linux-ubuntu22_x86_64-7.3.2-20220804-6354275  User: oesteban  Machine: dna082  Platform: Linux  PlatformVersion: 5.14.0-427.37.1.el9_4.x86_64  CompilerName: GCC  CompilerVersion: 8.4.0
ProgramName: mris_topo_fixer  ProgramArguments: mris_topo_fixer -all-info  ProgramVersion: 7.3.2  TimeStamp: 2026/03/13-05:21:14-GMT  BuildTime: Aug  4 2022 06:17:15  BuildStamp: freesurfer-linux-ubuntu22_x86_64-7.3.2-20220804-6354275  User: oesteban  Machine: dna082  Platform: Linux  PlatformVersion: 5.14.0-427.37.1.el9_4.x86_64  CompilerName: GCC  CompilerVersion: 8.4.0
ProgramName: mris_jacobian  ProgramArguments: mris_jacobian -all-info  ProgramVersion: 7.3.2  TimeStamp: 2026/03/13-05:21:14-GMT  BuildTime: Aug  4 2022 06:17:15  BuildStamp: freesurfer-linux-ubuntu22_x86_64-7.3.2-20220804-6354275  User: oesteban  Machine: dna082  Platform: Linux  PlatformVersion: 5.14.0-427.37.1.el9_4.x86_64  CompilerName: GCC  CompilerVersion: 8.4.0
ProgramName: mris_label2annot  ProgramArguments: mris_label2annot -all-info  ProgramVersion: 7.3.2  TimeStamp: 2026/03/13-05:21:14-GMT  BuildTime: Aug  4 2022 06:17:15  BuildStamp: freesurfer-linux-ubuntu22_x86_64-7.3.2-20220804-6354275  User: oesteban  Machine: dna082  Platform: Linux  PlatformVersion: 5.14.0-427.37.1.el9_4.x86_64  CompilerName: GCC  CompilerVersion: 8.4.0
ProgramName: mris_left_right_register  ProgramArguments: mris_left_right_register -all-info  ProgramVersion: 7.3.2  TimeStamp: 2026/03/13-05:21:14-GMT  BuildTime: Aug  4 2022 06:17:15  BuildStamp: freesurfer-linux-ubuntu22_x86_64-7.3.2-20220804-6354275  User: oesteban  Machine: dna082  Platform: Linux  PlatformVersion: 5.14.0-427.37.1.el9_4.x86_64  CompilerName: GCC  CompilerVersion: 8.4.0
ProgramName: mris_place_surface  ProgramArguments: mris_place_surface -all-info  ProgramVersion: 7.3.2  TimeStamp: 2026/03/13-05:21:14-GMT  BuildTime: Aug  4 2022 06:17:15  BuildStamp: freesurfer-linux-ubuntu22_x86_64-7.3.2-20220804-6354275  User: oesteban  Machine: dna082  Platform: Linux  PlatformVersion: 5.14.0-427.37.1.el9_4.x86_64  CompilerName: GCC  CompilerVersion: 8.4.0
ProgramName: mrisp_paint  ProgramArguments: mrisp_paint -all-info  ProgramVersion: 7.3.2  TimeStamp: 2026/03/13-05:21:14-GMT  BuildTime: Aug  4 2022 06:17:15  BuildStamp: freesurfer-linux-ubuntu22_x86_64-7.3.2-20220804-6354275  User: oesteban  Machine: dna082  Platform: Linux  PlatformVersion: 5.14.0-427.37.1.el9_4.x86_64  CompilerName: GCC  CompilerVersion: 8.4.0
ProgramName: mris_register  ProgramArguments: mris_register -all-info  ProgramVersion: 7.3.2  TimeStamp: 2026/03/13-05:21:14-GMT  BuildTime: Aug  4 2022 06:17:15  BuildStamp: freesurfer-linux-ubuntu22_x86_64-7.3.2-20220804-6354275  User: oesteban  Machine: dna082  Platform: Linux  PlatformVersion: 5.14.0-427.37.1.el9_4.x86_64  CompilerName: GCC  CompilerVersion: 8.4.0
ProgramName: mris_smooth  ProgramArguments: mris_smooth -all-info  ProgramVersion: 7.3.2  TimeStamp: 2026/03/13-05:21:14-GMT  BuildTime: Aug  4 2022 06:17:15  BuildStamp: freesurfer-linux-ubuntu22_x86_64-7.3.2-20220804-6354275  User: oesteban  Machine: dna082  Platform: Linux  PlatformVersion: 5.14.0-427.37.1.el9_4.x86_64  CompilerName: GCC  CompilerVersion: 8.4.0
ProgramName: mris_sphere  ProgramArguments: mris_sphere -all-info  ProgramVersion: 7.3.2  TimeStamp: 2026/03/13-05:21:14-GMT  BuildTime: Aug  4 2022 06:17:15  BuildStamp: freesurfer-linux-ubuntu22_x86_64-7.3.2-20220804-6354275  User: oesteban  Machine: dna082  Platform: Linux  PlatformVersion: 5.14.0-427.37.1.el9_4.x86_64  CompilerName: GCC  CompilerVersion: 8.4.0
ProgramName: mris_surface_stats  ProgramArguments: mris_surface_stats -all-info  ProgramVersion: 7.3.2  TimeStamp: 2026/03/13-05:21:14-GMT  BuildTime: Aug  4 2022 06:17:15  BuildStamp: freesurfer-linux-ubuntu22_x86_64-7.3.2-20220804-6354275  User: oesteban  Machine: dna082  Platform: Linux  PlatformVersion: 5.14.0-427.37.1.el9_4.x86_64  CompilerName: GCC  CompilerVersion: 8.4.0
ProgramName: mri_stats2seg  ProgramArguments: mri_stats2seg -all-info  ProgramVersion: 7.3.2  TimeStamp: 2026/03/13-05:21:14-GMT  BuildTime: Aug  4 2022 06:17:15  BuildStamp: freesurfer-linux-ubuntu22_x86_64-7.3.2-20220804-6354275  User: oesteban  Machine: dna082  Platform: Linux  PlatformVersion: 5.14.0-427.37.1.el9_4.x86_64  CompilerName: GCC  CompilerVersion: 8.4.0
ProgramName: mris_thickness  ProgramArguments: mris_thickness -all-info  ProgramVersion: 7.3.2  TimeStamp: 2026/03/13-05:21:14-GMT  BuildTime: Aug  4 2022 06:17:15  BuildStamp: freesurfer-linux-ubuntu22_x86_64-7.3.2-20220804-6354275  User: oesteban  Machine: dna082  Platform: Linux  PlatformVersion: 5.14.0-427.37.1.el9_4.x86_64  CompilerName: GCC  CompilerVersion: 8.4.0
ProgramName: mris_thickness_diff  ProgramArguments: mris_thickness_diff -all-info  ProgramVersion: 7.3.2  TimeStamp: 2026/03/13-05:21:14-GMT  BuildTime: Aug  4 2022 06:17:15  BuildStamp: freesurfer-linux-ubuntu22_x86_64-7.3.2-20220804-6354275  User: oesteban  Machine: dna082  Platform: Linux  PlatformVersion: 5.14.0-427.37.1.el9_4.x86_64  CompilerName: GCC  CompilerVersion: 8.4.0
ProgramName: mris_topo_fixer  ProgramArguments: mris_topo_fixer -all-info  ProgramVersion: 7.3.2  TimeStamp: 2026/03/13-05:21:14-GMT  BuildTime: Aug  4 2022 06:17:15  BuildStamp: freesurfer-linux-ubuntu22_x86_64-7.3.2-20220804-6354275  User: oesteban  Machine: dna082  Platform: Linux  PlatformVersion: 5.14.0-427.37.1.el9_4.x86_64  CompilerName: GCC  CompilerVersion: 8.4.0
ProgramName: mri_surf2surf  ProgramArguments: mri_surf2surf -all-info  ProgramVersion: 7.3.2  TimeStamp: 2026/03/13-05:21:14-GMT  BuildTime: Aug  4 2022 06:17:15  BuildStamp: freesurfer-linux-ubuntu22_x86_64-7.3.2-20220804-6354275  User: oesteban  Machine: dna082  Platform: Linux  PlatformVersion: 5.14.0-427.37.1.el9_4.x86_64  CompilerName: GCC  CompilerVersion: 8.4.0
ProgramName: mri_surf2vol  ProgramArguments: mri_surf2vol -all-info  ProgramVersion: 7.3.2  TimeStamp: 2026/03/13-05:21:14-GMT  BuildTime: Aug  4 2022 06:17:15  BuildStamp: freesurfer-linux-ubuntu22_x86_64-7.3.2-20220804-6354275  User: oesteban  Machine: dna082  Platform: Linux  PlatformVersion: 5.14.0-427.37.1.el9_4.x86_64  CompilerName: GCC  CompilerVersion: 8.4.0
ProgramName: mri_surfcluster  ProgramArguments: mri_surfcluster -all-info  ProgramVersion: 7.3.2  TimeStamp: 2026/03/13-05:21:14-GMT  BuildTime: Aug  4 2022 06:17:15  BuildStamp: freesurfer-linux-ubuntu22_x86_64-7.3.2-20220804-6354275  User: oesteban  Machine: dna082  Platform: Linux  PlatformVersion: 5.14.0-427.37.1.el9_4.x86_64  CompilerName: GCC  CompilerVersion: 8.4.0
ProgramName: mris_volmask  ProgramArguments: mris_volmask -all-info  ProgramVersion: 7.3.2  TimeStamp: 2026/03/13-05:21:14-GMT  BuildTime: Aug  4 2022 06:17:15  BuildStamp: freesurfer-linux-ubuntu22_x86_64-7.3.2-20220804-6354275  User: oesteban  Machine: dna082  Platform: Linux  PlatformVersion: 5.14.0-427.37.1.el9_4.x86_64  CompilerName: GCC  CompilerVersion: 8.4.0
ProgramName: mri_tessellate  ProgramArguments: mri_tessellate -all-info  ProgramVersion: 7.3.2  TimeStamp: 2026/03/13-05:21:14-GMT  BuildTime: Aug  4 2022 06:17:15  BuildStamp: freesurfer-linux-ubuntu22_x86_64-7.3.2-20220804-6354275  User: oesteban  Machine: dna082  Platform: Linux  PlatformVersion: 5.14.0-427.37.1.el9_4.x86_64  CompilerName: GCC  CompilerVersion: 8.4.0
ProgramName: mri_vol2surf  ProgramArguments: mri_vol2surf -all-info  ProgramVersion: 7.3.2  TimeStamp: 2026/03/13-05:21:14-GMT  BuildTime: Aug  4 2022 06:17:15  BuildStamp: freesurfer-linux-ubuntu22_x86_64-7.3.2-20220804-6354275  User: oesteban  Machine: dna082  Platform: Linux  PlatformVersion: 5.14.0-427.37.1.el9_4.x86_64  CompilerName: GCC  CompilerVersion: 8.4.0
ProgramName: mri_vol2vol  ProgramArguments: mri_vol2vol -all-info  ProgramVersion: 7.3.2  TimeStamp: 2026/03/13-05:21:14-GMT  BuildTime: Aug  4 2022 06:17:15  BuildStamp: freesurfer-linux-ubuntu22_x86_64-7.3.2-20220804-6354275  User: oesteban  Machine: dna082  Platform: Linux  PlatformVersion: 5.14.0-427.37.1.el9_4.x86_64  CompilerName: GCC  CompilerVersion: 8.4.0
ProgramName: mri_voldiff  ProgramArguments: mri_voldiff -all-info  ProgramVersion: 7.3.2  TimeStamp: 2026/03/13-05:21:14-GMT  BuildTime: Aug  4 2022 06:17:15  BuildStamp: freesurfer-linux-ubuntu22_x86_64-7.3.2-20220804-6354275  User: oesteban  Machine: dna082  Platform: Linux  PlatformVersion: 5.14.0-427.37.1.el9_4.x86_64  CompilerName: GCC  CompilerVersion: 8.4.0
ProgramName: mri_watershed  ProgramArguments: mri_watershed -all-info  ProgramVersion: 7.3.2  TimeStamp: 2026/03/13-05:21:14-GMT  BuildTime: Aug  4 2022 06:17:15  BuildStamp: freesurfer-linux-ubuntu22_x86_64-7.3.2-20220804-6354275  User: oesteban  Machine: dna082  Platform: Linux  PlatformVersion: 5.14.0-427.37.1.el9_4.x86_64  CompilerName: GCC  CompilerVersion: 8.4.0
ProgramName: tkregister2  ProgramArguments: tkregister2_cmdl -all-info  ProgramVersion: 7.3.2  TimeStamp: 2026/03/13-05:21:14-GMT  BuildTime: Aug  4 2022 06:17:15  BuildStamp: freesurfer-linux-ubuntu22_x86_64-7.3.2-20220804-6354275  User: oesteban  Machine: dna082  Platform: Linux  PlatformVersion: 5.14.0-427.37.1.el9_4.x86_64  CompilerName: GCC  CompilerVersion: 8.4.0
mri_motion_correct.fsl 7.3.2
mri_convert -all-info 
ProgramName: mri_convert  ProgramArguments: mri_convert -all-info  ProgramVersion: 7.3.2  TimeStamp: 2026/03/13-05:21:14-GMT  BuildTime: Aug  4 2022 06:17:15  BuildStamp: freesurfer-linux-ubuntu22_x86_64-7.3.2-20220804-6354275  User: oesteban  Machine: dna082  Platform: Linux  PlatformVersion: 5.14.0-427.37.1.el9_4.x86_64  CompilerName: GCC  CompilerVersion: 8.4.0
Program nu_correct, built from:
Package MNI N3, version 1.12.0, compiled by nicks@terrier (x86_64-unknown-linux-gnu) on 2015-06-19 at 01:25:34
#######################################
GCADIR /opt/freesurfer/average
GCA RB_all_2020-01-02.gca
GCASkull RB_all_withskull_2020_01_02.gca
AvgCurvTif folding.atlas.acfb40.noaparc.i12.2016-08-02.tif
GCSDIR /opt/freesurfer/average
GCS DKaparc.atlas.acfb40.noaparc.i12.2016-08-02.gcs
#######################################
#--------------------------------------
#@# CA Normalize Fri Mar 13 06:21:14 CET 2026
/out/sourcedata/freesurfer/sub-v2s4x29632_ses-1/mri

 mri_ca_normalize -c ctrl_pts.mgz -mask brainmask.mgz nu.mgz /opt/freesurfer/average/RB_all_2020-01-02.gca transforms/talairach.lta norm.mgz 

writing control point volume to ctrl_pts.mgz
using MR volume brainmask.mgz to mask input volume...
reading 1 input volume
reading atlas from '/opt/freesurfer/average/RB_all_2020-01-02.gca'...
reading transform from 'transforms/talairach.lta'...
reading input volume from nu.mgz...
resetting wm mean[0]: 98 --> 107
resetting gm mean[0]: 61 --> 61
input volume #1 is the most T1-like
using real data threshold=29.0
skull bounding box = (63, 43, 42) --> (194, 145, 211)
finding center of left hemi white matter
using (107, 77, 127) as brain centroid of Right_Cerebral_White_Matter...
mean wm in atlas = 107, using box (91,65,106) --> (123, 89,147) to find MRI wm
before smoothing, mri peak at 109
robust fit to distribution - 107 +- 8.0
after smoothing, mri peak at 106, scaling input intensities by 1.009
scaling channel 0 by 1.00943
using 246437 sample points...
INFO: compute sample coordinates transform
 1.08772   0.08557  -0.07870  -13.47882;
-0.08951   1.09691  -0.07854   28.82809;
 0.06833   0.10900   1.02952  -39.31046;
 0.00000   0.00000   0.00000   1.00000;
INFO: transform used
finding control points in Left_Cerebral_White_Matter....
found 40230 control points for structure...
bounding box (122, 41, 42) --> (190, 151, 206)
Left_Cerebral_White_Matter: limiting intensities to 106.0 --> 132.0
1502 of 3634 (41.3%) samples deleted
finding control points in Right_Cerebral_White_Matter....
found 39478 control points for structure...
bounding box (69, 39, 46) --> (134, 149, 208)
Right_Cerebral_White_Matter: limiting intensities to 104.0 --> 132.0
556 of 3391 (16.4%) samples deleted
finding control points in Left_Cerebellum_White_Matter....
found 3105 control points for structure...
bounding box (125, 113, 60) --> (169, 157, 114)
Left_Cerebellum_White_Matter: limiting intensities to 103.0 --> 132.0
6 of 90 (6.7%) samples deleted
finding control points in Right_Cerebellum_White_Matter....
found 2710 control points for structure...
bounding box (83, 113, 61) --> (126, 153, 117)
Right_Cerebellum_White_Matter: limiting intensities to 114.0 --> 132.0
18 of 127 (14.2%) samples deleted
finding control points in Brain_Stem....
found 3475 control points for structure...
bounding box (111, 110, 94) --> (144, 172, 127)
Brain_Stem: limiting intensities to 88.0 --> 132.0
2 of 159 (1.3%) samples deleted
using 7401 total control points for intensity normalization...
bias field = 0.937 +- 0.067
8 of 5317 control points discarded
finding control points in Left_Cerebral_White_Matter....
found 40230 control points for structure...
bounding box (122, 41, 42) --> (190, 151, 206)
Left_Cerebral_White_Matter: limiting intensities to 88.0 --> 132.0
42 of 4063 (1.0%) samples deleted
finding control points in Right_Cerebral_White_Matter....
found 39478 control points for structure...
bounding box (69, 39, 46) --> (134, 149, 208)
Right_Cerebral_White_Matter: limiting intensities to 88.0 --> 132.0
7 of 3806 (0.2%) samples deleted
finding control points in Left_Cerebellum_White_Matter....
found 3105 control points for structure...
bounding box (125, 113, 60) --> (169, 157, 114)
Left_Cerebellum_White_Matter: limiting intensities to 88.0 --> 132.0
23 of 131 (17.6%) samples deleted
finding control points in Right_Cerebellum_White_Matter....
found 2710 control points for structure...
bounding box (83, 113, 61) --> (126, 153, 117)
Right_Cerebellum_White_Matter: limiting intensities to 95.0 --> 132.0
49 of 186 (26.3%) samples deleted
finding control points in Brain_Stem....
found 3475 control points for structure...
bounding box (111, 110, 94) --> (144, 172, 127)
Brain_Stem: limiting intensities to 88.0 --> 132.0
66 of 238 (27.7%) samples deleted
using 8424 total control points for intensity normalization...
bias field = 1.044 +- 0.068
2 of 8150 control points discarded
finding control points in Left_Cerebral_White_Matter....
found 40230 control points for structure...
bounding box (122, 41, 42) --> (190, 151, 206)
Left_Cerebral_White_Matter: limiting intensities to 88.0 --> 132.0
33 of 4012 (0.8%) samples deleted
finding control points in Right_Cerebral_White_Matter....
found 39478 control points for structure...
bounding box (69, 39, 46) --> (134, 149, 208)
Right_Cerebral_White_Matter: limiting intensities to 88.0 --> 132.0
3 of 3745 (0.1%) samples deleted
finding control points in Left_Cerebellum_White_Matter....
found 3105 control points for structure...
bounding box (125, 113, 60) --> (169, 157, 114)
Left_Cerebellum_White_Matter: limiting intensities to 88.0 --> 132.0
70 of 187 (37.4%) samples deleted
finding control points in Right_Cerebellum_White_Matter....
found 2710 control points for structure...
bounding box (83, 113, 61) --> (126, 153, 117)
Right_Cerebellum_White_Matter: limiting intensities to 88.0 --> 132.0
40 of 220 (18.2%) samples deleted
finding control points in Brain_Stem....
found 3475 control points for structure...
bounding box (111, 110, 94) --> (144, 172, 127)
Brain_Stem: limiting intensities to 88.0 --> 132.0
131 of 265 (49.4%) samples deleted
using 8429 total control points for intensity normalization...
bias field = 1.028 +- 0.060
4 of 8062 control points discarded
writing normalized volume to norm.mgz...
writing control points to ctrl_pts.mgz
freeing GCA...done.
normalization took 0 minutes and 54 seconds.
#--------------------------------------
#@# CA Reg Fri Mar 13 06:22:09 CET 2026
/out/sourcedata/freesurfer/sub-v2s4x29632_ses-1/mri

 mri_ca_register -nobigventricles -T transforms/talairach.lta -align-after -mask brainmask.mgz norm.mgz /opt/freesurfer/average/RB_all_2020-01-02.gca transforms/talairach.m3z 

not handling expanded ventricles...
using previously computed transform transforms/talairach.lta
renormalizing sequences with structure alignment, equivalent to:
	-renormalize
	-regularize_mean 0.500
	-regularize 0.500
using MR volume brainmask.mgz to mask input volume...

== Number of threads available to mri_ca_register for OpenMP = 16 == 
reading 1 input volumes...
logging results to talairach.log
reading input volume 'norm.mgz'...
reading GCA '/opt/freesurfer/average/RB_all_2020-01-02.gca'...
label assignment complete, 0 changed (0.00%)
freeing gibbs priors...done.
average std[0] = 5.0
Starting GCAMregister()
label assignment complete, 0 changed (0.00%)
npasses = 1, nlevels = 6
#pass# 1 of 1 ************************
enabling zero nodes
setting smoothness cost coefficient to 0.156

#GCAMreg# pass 0 level1 5 level2 0 tsec 0 sigma 2
l_jacobian=1.00 l_label=1.00 l_log_likelihood=0.20 l_smoothness=0.16 
tol=2.50e-01, dt=5.00e-02, exp_k=20.0, momentum=0.90, levels=6, niter=500, lbl_dist=10.00, avgs=256, sigma=2.0,type=2, relabel=0, neg=no

blurring input image with Gaussian with sigma=2.000...
GCAMRegisterLevel(): init RMS 0.84351
#FOTS# QuadFit found better minimum quadopt=(dt=221.952,rms=0.761187) vs oldopt=(dt=369.92,rms=0.780587)
#GCMRL#    0 dt 221.952000 rms  0.761  9.760% neg 0  invalid 762 tFOTS 5.0410 tGradient 2.5760 tsec 7.9800
#FOTS# QuadFit found better minimum quadopt=(dt=129.472,rms=0.749864) vs oldopt=(dt=92.48,rms=0.750979)
#GCMRL#    1 dt 129.472000 rms  0.750  1.488% neg 0  invalid 762 tFOTS 5.1430 tGradient 2.9220 tsec 8.4500
#FOTS# QuadFit found better minimum quadopt=(dt=295.936,rms=0.741916) vs oldopt=(dt=369.92,rms=0.742036)
#GCMRL#    2 dt 295.936000 rms  0.742  1.060% neg 0  invalid 762 tFOTS 5.1820 tGradient 2.7430 tsec 8.3360
#FOTS# QuadFit found better minimum quadopt=(dt=129.472,rms=0.738556) vs oldopt=(dt=92.48,rms=0.738947)
#GCMRL#    3 dt 129.472000 rms  0.739  0.453% neg 0  invalid 762 tFOTS 5.4670 tGradient 2.7650 tsec 8.6590
#GCMRL#    4 dt 369.920000 rms  0.735  0.425% neg 0  invalid 762 tFOTS 5.2520 tGradient 2.7720 tsec 8.4490
#FOTS# QuadFit found better minimum quadopt=(dt=110.976,rms=0.733581) vs oldopt=(dt=92.48,rms=0.733617)
#GCMRL#    5 dt 110.976000 rms  0.734  0.250% neg 0  invalid 762 tFOTS 5.5930 tGradient 2.9490 tsec 8.9430
#FOTS# QuadFit found better minimum quadopt=(dt=517.888,rms=0.731292) vs oldopt=(dt=369.92,rms=0.731603)
#GCMRL#    6 dt 517.888000 rms  0.731  0.312% neg 0  invalid 762 tFOTS 5.7050 tGradient 2.7190 tsec 8.8370
#FOTS# QuadFit found better minimum quadopt=(dt=129.472,rms=0.729637) vs oldopt=(dt=92.48,rms=0.729746)
#GCMRL#    7 dt 129.472000 rms  0.730  0.000% neg 0  invalid 762 tFOTS 5.2000 tGradient 3.1330 tsec 8.7290
#GCMRL#    8 dt 129.472000 rms  0.729  0.100% neg 0  invalid 762 tFOTS 0.0000 tGradient 2.6820 tsec 3.0220
#GCMRL#    9 dt 129.472000 rms  0.728  0.120% neg 0  invalid 762 tFOTS 0.0000 tGradient 2.5980 tsec 2.9790
#GCMRL#   10 dt 129.472000 rms  0.727  0.198% neg 0  invalid 762 tFOTS 0.0000 tGradient 2.5790 tsec 2.9460
#GCMRL#   11 dt 129.472000 rms  0.725  0.203% neg 0  invalid 762 tFOTS 0.0000 tGradient 2.5870 tsec 2.9270
#GCMRL#   12 dt 129.472000 rms  0.723  0.245% neg 0  invalid 762 tFOTS 0.0000 tGradient 2.8890 tsec 3.2350
#GCMRL#   13 dt 129.472000 rms  0.722  0.247% neg 0  invalid 762 tFOTS 0.0000 tGradient 2.7220 tsec 3.0520
#GCMRL#   14 dt 129.472000 rms  0.720  0.223% neg 0  invalid 762 tFOTS 0.0000 tGradient 2.6050 tsec 2.9300
#GCMRL#   15 dt 129.472000 rms  0.718  0.203% neg 0  invalid 762 tFOTS 0.0000 tGradient 2.6080 tsec 2.9200
#GCMRL#   16 dt 129.472000 rms  0.717  0.139% neg 0  invalid 762 tFOTS 0.0000 tGradient 2.7030 tsec 3.0000
#GCMRL#   17 dt 129.472000 rms  0.716  0.163% neg 0  invalid 762 tFOTS 0.0000 tGradient 2.6310 tsec 2.9270
#GCMRL#   18 dt 129.472000 rms  0.715  0.141% neg 0  invalid 762 tFOTS 0.0000 tGradient 2.6070 tsec 2.9200
#GCMRL#   19 dt 129.472000 rms  0.714  0.143% neg 0  invalid 762 tFOTS 0.0000 tGradient 2.6700 tsec 3.0140
#GCMRL#   20 dt 129.472000 rms  0.713  0.133% neg 0  invalid 762 tFOTS 0.0000 tGradient 2.6940 tsec 3.0250
#GCMRL#   21 dt 129.472000 rms  0.712  0.123% neg 0  invalid 762 tFOTS 0.0000 tGradient 2.7220 tsec 3.0070
#GCMRL#   22 dt 129.472000 rms  0.712  0.110% neg 0  invalid 762 tFOTS 0.0000 tGradient 2.6570 tsec 2.9960
#FOTS# QuadFit found better minimum quadopt=(dt=2071.55,rms=0.709285) vs oldopt=(dt=1479.68,rms=0.709599)
#GCMRL#   23 dt 2071.552000 rms  0.709  0.337% neg 0  invalid 762 tFOTS 5.8020 tGradient 2.6960 tsec 8.9150
#FOTS# QuadFit found better minimum quadopt=(dt=8.092,rms=0.709321) vs oldopt=(dt=5.78,rms=0.709321)
#GCMRL#   24 dt   8.092000 rms  0.709  0.000% neg 0  invalid 762 tFOTS 5.8370 tGradient 2.6990 tsec 9.2520
#GCMRL#   25 dt   8.092000 rms  0.709  0.001% neg 0  invalid 762 tFOTS 0.0000 tGradient 2.7560 tsec 3.2150

#GCAMreg# pass 0 level1 5 level2 1 tsec 146.536 sigma 0.5
l_jacobian=1.00 l_label=1.00 l_log_likelihood=0.20 l_smoothness=0.16 
tol=2.50e-01, dt=5.00e-02, exp_k=20.0, momentum=0.90, levels=6, niter=500, lbl_dist=10.00, avgs=256, sigma=0.5,type=2, relabel=0, neg=no

blurring input image with Gaussian with sigma=0.500...
GCAMRegisterLevel(): init RMS 0.709715
#FOTS# QuadFit found better minimum quadopt=(dt=221.952,rms=0.70364) vs oldopt=(dt=369.92,rms=0.705603)
#GCMRL#   27 dt 221.952000 rms  0.704  0.856% neg 0  invalid 762 tFOTS 5.5490 tGradient 2.7650 tsec 8.7890
#GCMRL#   28 dt  92.480000 rms  0.703  0.000% neg 0  invalid 762 tFOTS 6.1270 tGradient 3.0100 tsec 9.5860
#GCMRL#   29 dt  92.480000 rms  0.703  0.021% neg 0  invalid 762 tFOTS 0.0000 tGradient 2.6460 tsec 3.0190
#GCMRL#   30 dt  92.480000 rms  0.703  0.034% neg 0  invalid 762 tFOTS 0.0000 tGradient 2.6800 tsec 3.0470
#GCMRL#   31 dt  92.480000 rms  0.702  0.060% neg 0  invalid 762 tFOTS 0.0000 tGradient 2.7780 tsec 3.1430
#GCMRL#   32 dt  92.480000 rms  0.702  0.081% neg 0  invalid 762 tFOTS 0.0000 tGradient 2.6880 tsec 3.0430
#GCMRL#   33 dt  92.480000 rms  0.701  0.085% neg 0  invalid 762 tFOTS 0.0000 tGradient 2.7750 tsec 3.1330
#GCMRL#   34 dt  92.480000 rms  0.701  0.064% neg 0  invalid 762 tFOTS 0.0000 tGradient 3.3280 tsec 3.6770
#GCMRL#   35 dt  92.480000 rms  0.701  0.034% neg 0  invalid 762 tFOTS 0.0000 tGradient 2.6850 tsec 3.0420
setting smoothness cost coefficient to 0.615

#GCAMreg# pass 0 level1 4 level2 0 tsec 0 sigma 2
l_jacobian=1.00 l_label=1.00 l_log_likelihood=0.20 l_smoothness=0.62 
tol=2.50e-01, dt=5.00e-02, exp_k=20.0, momentum=0.90, levels=6, niter=500, lbl_dist=10.00, avgs=64, sigma=2.0,type=2, relabel=0, neg=no

blurring input image with Gaussian with sigma=2.000...
GCAMRegisterLevel(): init RMS 0.714258
#FOTS# QuadFit found better minimum quadopt=(dt=21.44,rms=0.712952) vs oldopt=(dt=25.92,rms=0.712987)
#GCMRL#   37 dt  21.440000 rms  0.713  0.183% neg 0  invalid 762 tFOTS 5.4000 tGradient 2.5100 tsec 8.4070
#GCMRL#   38 dt  25.920000 rms  0.712  0.000% neg 0  invalid 762 tFOTS 5.3590 tGradient 2.2900 tsec 8.0740
#GCMRL#   39 dt  25.920000 rms  0.712  0.094% neg 0  invalid 762 tFOTS 0.0000 tGradient 2.1650 tsec 2.5400
#GCMRL#   40 dt  25.920000 rms  0.711  0.139% neg 0  invalid 762 tFOTS 0.0000 tGradient 2.1360 tsec 2.4650
#GCMRL#   41 dt  25.920000 rms  0.710  0.178% neg 0  invalid 762 tFOTS 0.0000 tGradient 2.2160 tsec 2.5270
#GCMRL#   42 dt  25.920000 rms  0.707  0.293% neg 0  invalid 762 tFOTS 0.0000 tGradient 2.0890 tsec 2.3910
#GCMRL#   43 dt  25.920000 rms  0.704  0.434% neg 0  invalid 762 tFOTS 0.0000 tGradient 2.2680 tsec 2.5740
#GCMRL#   44 dt  25.920000 rms  0.701  0.530% neg 0  invalid 762 tFOTS 0.0000 tGradient 2.3740 tsec 2.6840
#GCMRL#   45 dt  25.920000 rms  0.697  0.504% neg 0  invalid 762 tFOTS 0.0000 tGradient 2.2550 tsec 2.5660
#GCMRL#   46 dt  25.920000 rms  0.694  0.393% neg 0  invalid 762 tFOTS 0.0000 tGradient 2.5220 tsec 2.8980
#GCMRL#   47 dt  25.920000 rms  0.693  0.241% neg 0  invalid 762 tFOTS 0.0000 tGradient 2.2030 tsec 2.5730
#GCMRL#   48 dt  25.920000 rms  0.692  0.113% neg 0  invalid 762 tFOTS 0.0000 tGradient 2.2850 tsec 2.6010
#GCMRL#   49 dt  25.920000 rms  0.691  0.069% neg 0  invalid 762 tFOTS 0.0000 tGradient 2.3450 tsec 2.7930
#FOTS# QuadFit found better minimum quadopt=(dt=145.152,rms=0.688658) vs oldopt=(dt=103.68,rms=0.689193)
#GCMRL#   50 dt 145.152000 rms  0.689  0.407% neg 0  invalid 762 tFOTS 5.8090 tGradient 2.3990 tsec 8.6200
#GCMRL#   51 dt   0.450000 rms  0.689  0.000% neg 0  invalid 762 tFOTS 5.2260 tGradient 2.1290 tsec 8.0060

#GCAMreg# pass 0 level1 4 level2 1 tsec 72.835 sigma 0.5
l_jacobian=1.00 l_label=1.00 l_log_likelihood=0.20 l_smoothness=0.62 
tol=2.50e-01, dt=5.00e-02, exp_k=20.0, momentum=0.90, levels=6, niter=500, lbl_dist=10.00, avgs=64, sigma=0.5,type=2, relabel=0, neg=no

blurring input image with Gaussian with sigma=0.500...
GCAMRegisterLevel(): init RMS 0.68919
#FOTS# QuadFit found better minimum quadopt=(dt=86.1659,rms=0.683949) vs oldopt=(dt=103.68,rms=0.684128)
#GCMRL#   53 dt  86.165854 rms  0.684  0.760% neg 0  invalid 762 tFOTS 4.9140 tGradient 2.2530 tsec 7.5640
#GCMRL#   54 dt   0.450000 rms  0.684  0.000% neg 0  invalid 762 tFOTS 5.4850 tGradient 2.3030 tsec 8.2060
setting smoothness cost coefficient to 2.353

#GCAMreg# pass 0 level1 3 level2 0 tsec 0 sigma 2
l_jacobian=1.00 l_label=1.00 l_log_likelihood=0.20 l_smoothness=2.35 
tol=2.50e-01, dt=5.00e-02, exp_k=20.0, momentum=0.90, levels=6, niter=500, lbl_dist=10.00, avgs=16, sigma=2.0,type=2, relabel=0, neg=no

blurring input image with Gaussian with sigma=2.000...
GCAMRegisterLevel(): init RMS 0.717542
#FOTS# QuadFit found better minimum quadopt=(dt=2.8,rms=0.715638) vs oldopt=(dt=2,rms=0.715899)
#GCMRL#   56 dt   2.800000 rms  0.716  0.265% neg 0  invalid 762 tFOTS 5.1160 tGradient 2.0430 tsec 7.5580
#FOTS# QuadFit found better minimum quadopt=(dt=2.4,rms=0.715324) vs oldopt=(dt=2,rms=0.715337)
#GCMRL#   57 dt   2.400000 rms  0.715  0.000% neg 0  invalid 762 tFOTS 4.8850 tGradient 1.9190 tsec 7.2290

#GCAMreg# pass 0 level1 3 level2 1 tsec 25.559 sigma 0.5
l_jacobian=1.00 l_label=1.00 l_log_likelihood=0.20 l_smoothness=2.35 
tol=2.50e-01, dt=5.00e-02, exp_k=20.0, momentum=0.90, levels=6, niter=500, lbl_dist=10.00, avgs=16, sigma=0.5,type=2, relabel=0, neg=no

blurring input image with Gaussian with sigma=0.500...
GCAMRegisterLevel(): init RMS 0.715777
#FOTS# QuadFit found better minimum quadopt=(dt=1.6,rms=0.715199) vs oldopt=(dt=2,rms=0.715206)
#GCMRL#   59 dt   1.600000 rms  0.715  0.081% neg 0  invalid 762 tFOTS 4.3220 tGradient 2.0120 tsec 6.7300
#FOTS# QuadFit found better minimum quadopt=(dt=0.3,rms=0.715229) vs oldopt=(dt=0.5,rms=0.71523)
setting smoothness cost coefficient to 8.000

#GCAMreg# pass 0 level1 2 level2 0 tsec 0 sigma 2
l_jacobian=1.00 l_label=1.00 l_log_likelihood=0.20 l_smoothness=8.00 
tol=2.50e-01, dt=5.00e-02, exp_k=20.0, momentum=0.90, levels=6, niter=500, lbl_dist=10.00, avgs=4, sigma=2.0,type=2, relabel=0, neg=no

blurring input image with Gaussian with sigma=2.000...
GCAMRegisterLevel(): init RMS 0.785675
#FOTS# QuadFit found better minimum quadopt=(dt=2.75406,rms=0.762968) vs oldopt=(dt=2.88,rms=0.763017)
#GCMRL#   61 dt   2.754056 rms  0.763  2.890% neg 0  invalid 762 tFOTS 5.2610 tGradient 1.7540 tsec 7.4620
#FOTS# QuadFit found better minimum quadopt=(dt=2.46328,rms=0.758812) vs oldopt=(dt=2.88,rms=0.758938)
#GCMRL#   62 dt   2.463277 rms  0.759  0.545% neg 0  invalid 762 tFOTS 5.0020 tGradient 2.0390 tsec 7.4300
#FOTS# QuadFit found better minimum quadopt=(dt=2.1745,rms=0.757514) vs oldopt=(dt=2.88,rms=0.757656)
#GCMRL#   63 dt   2.174497 rms  0.758  0.000% neg 0  invalid 762 tFOTS 4.5830 tGradient 1.8630 tsec 6.8550

#GCAMreg# pass 0 level1 2 level2 1 tsec 32.179 sigma 0.5
l_jacobian=1.00 l_label=1.00 l_log_likelihood=0.20 l_smoothness=8.00 
tol=2.50e-01, dt=5.00e-02, exp_k=20.0, momentum=0.90, levels=6, niter=500, lbl_dist=10.00, avgs=4, sigma=0.5,type=2, relabel=0, neg=no

blurring input image with Gaussian with sigma=0.500...
GCAMRegisterLevel(): init RMS 0.757876
#GCMRL#   65 dt   0.000000 rms  0.758  0.047% neg 0  invalid 762 tFOTS 4.8890 tGradient 1.8470 tsec 7.1310
setting smoothness cost coefficient to 20.000

#GCAMreg# pass 0 level1 1 level2 0 tsec 0 sigma 2
l_jacobian=1.00 l_label=1.00 l_log_likelihood=0.20 l_smoothness=20.00 
tol=2.50e-01, dt=5.00e-02, exp_k=20.0, momentum=0.90, levels=6, niter=500, lbl_dist=10.00, avgs=1, sigma=2.0,type=2, relabel=0, neg=no

blurring input image with Gaussian with sigma=2.000...
GCAMRegisterLevel(): init RMS 0.802462
#FOTS# QuadFit found better minimum quadopt=(dt=0.112,rms=0.801834) vs oldopt=(dt=0.08,rms=0.801884)
#GCMRL#   67 dt   0.112000 rms  0.802  0.078% neg 0  invalid 762 tFOTS 5.1380 tGradient 1.5840 tsec 7.1100
#FOTS# QuadFit found better minimum quadopt=(dt=0.256,rms=0.80147) vs oldopt=(dt=0.32,rms=0.801513)
#GCMRL#   68 dt   0.256000 rms  0.801  0.000% neg 0  invalid 762 tFOTS 5.3420 tGradient 1.6470 tsec 7.4340
#GCMRL#   69 dt   0.256000 rms  0.800  0.145% neg 0  invalid 762 tFOTS 0.0000 tGradient 1.8340 tsec 2.2460
#GCMRL#   70 dt   0.256000 rms  0.799  0.186% neg 0  invalid 762 tFOTS 0.0000 tGradient 1.7980 tsec 2.2040
#GCMRL#   71 dt   0.256000 rms  0.797  0.172% neg 0  invalid 762 tFOTS 0.0000 tGradient 1.6000 tsec 1.9130
#GCMRL#   72 dt   0.256000 rms  0.796  0.149% neg 0  invalid 762 tFOTS 0.0000 tGradient 1.7060 tsec 2.0270
#GCMRL#   73 dt   0.256000 rms  0.795  0.115% neg 0  invalid 762 tFOTS 0.0000 tGradient 1.4780 tsec 1.8040
#GCMRL#   74 dt   0.256000 rms  0.795  0.060% neg 0  invalid 762 tFOTS 0.0000 tGradient 1.6620 tsec 2.0110
#GCMRL#   75 dt   1.280000 rms  0.793  0.188% neg 0  invalid 762 tFOTS 5.0590 tGradient 1.6580 tsec 7.1250
#FOTS# QuadFit found better minimum quadopt=(dt=0.448,rms=0.791355) vs oldopt=(dt=0.32,rms=0.791641)
#GCMRL#   76 dt   0.448000 rms  0.791  0.253% neg 0  invalid 762 tFOTS 4.8330 tGradient 1.4690 tsec 6.6860
#FOTS# QuadFit found better minimum quadopt=(dt=0.004,rms=0.791347) vs oldopt=(dt=0.005,rms=0.791347)
#GCMRL#   77 dt   0.004000 rms  0.791  0.000% neg 0  invalid 762 tFOTS 5.7360 tGradient 1.4740 tsec 7.6680
#GCMRL#   78 dt   0.004000 rms  0.791  0.000% neg 0  invalid 762 tFOTS 0.0000 tGradient 1.7080 tsec 2.1000

#GCAMreg# pass 0 level1 1 level2 1 tsec 61.109 sigma 0.5
l_jacobian=1.00 l_label=1.00 l_log_likelihood=0.20 l_smoothness=20.00 
tol=2.50e-01, dt=5.00e-02, exp_k=20.0, momentum=0.90, levels=6, niter=500, lbl_dist=10.00, avgs=1, sigma=0.5,type=2, relabel=0, neg=no

blurring input image with Gaussian with sigma=0.500...
GCAMRegisterLevel(): init RMS 0.791625
#FOTS# QuadFit found better minimum quadopt=(dt=0.048,rms=0.791318) vs oldopt=(dt=0.08,rms=0.791328)
#GCMRL#   80 dt   0.048000 rms  0.791  0.039% neg 0  invalid 762 tFOTS 5.3000 tGradient 1.4910 tsec 7.1810
#FOTS# QuadFit found better minimum quadopt=(dt=0.007,rms=0.791317) vs oldopt=(dt=0.005,rms=0.791317)
#GCMRL#   81 dt   0.007000 rms  0.791  0.000% neg 0  invalid 762 tFOTS 4.8160 tGradient 1.4620 tsec 6.6650
#GCMRL#   82 dt   0.007000 rms  0.791  0.000% neg 0  invalid 762 tFOTS 0.0000 tGradient 1.3810 tsec 1.7210
resetting metric properties...
setting smoothness cost coefficient to 40.000

#GCAMreg# pass 0 level1 0 level2 0 tsec 0 sigma 2
l_jacobian=1.00 l_label=1.00 l_log_likelihood=0.20 l_smoothness=40.00 
tol=2.50e-01, dt=5.00e-02, exp_k=20.0, momentum=0.90, levels=6, niter=500, lbl_dist=10.00, avgs=0, sigma=2.0,type=2, relabel=0, neg=no

blurring input image with Gaussian with sigma=2.000...
GCAMRegisterLevel(): init RMS 0.756564
#FOTS# QuadFit found better minimum quadopt=(dt=0.209795,rms=0.752301) vs oldopt=(dt=0.32,rms=0.753115)
#GCMRL#   84 dt   0.209795 rms  0.752  0.563% neg 0  invalid 762 tFOTS 5.6350 tGradient 1.1280 tsec 7.1940
#FOTS# QuadFit found better minimum quadopt=(dt=0.024,rms=0.752051) vs oldopt=(dt=0.02,rms=0.752054)
#GCMRL#   85 dt   0.024000 rms  0.752  0.000% neg 0  invalid 762 tFOTS 4.7080 tGradient 1.2240 tsec 6.3650

#GCAMreg# pass 0 level1 0 level2 1 tsec 23.711 sigma 0.5
l_jacobian=1.00 l_label=1.00 l_log_likelihood=0.20 l_smoothness=40.00 
tol=2.50e-01, dt=5.00e-02, exp_k=20.0, momentum=0.90, levels=6, niter=500, lbl_dist=10.00, avgs=0, sigma=0.5,type=2, relabel=0, neg=no

blurring input image with Gaussian with sigma=0.500...
GCAMRegisterLevel(): init RMS 0.752362
#FOTS# QuadFit found better minimum quadopt=(dt=0.007,rms=0.752041) vs oldopt=(dt=0.005,rms=0.752045)
#GCMRL#   87 dt   0.007000 rms  0.752  0.043% neg 0  invalid 762 tFOTS 4.8840 tGradient 1.0910 tsec 6.3490
#FOTS# QuadFit found better minimum quadopt=(dt=0.00175,rms=0.752037) vs oldopt=(dt=0.00125,rms=0.752037)
#GCMRL#   88 dt   0.001750 rms  0.752  0.000% neg 0  invalid 762 tFOTS 5.4170 tGradient 0.9750 tsec 6.8420
#GCMRL#   89 dt   0.001750 rms  0.752  0.000% neg 0  invalid 762 tFOTS 0.0000 tGradient 1.0290 tsec 1.4140
GCAMregister done in 8.34922 min
Starting GCAmapRenormalizeWithAlignment() without scales
renormalizing by structure alignment....
renormalizing input #0
gca peak = 0.10253 (16)
mri peak = 0.09800 (23)
Left_Lateral_Ventricle (4): linear fit = 1.22 x + 0.0 (1142 voxels, overlap=0.623)
Left_Lateral_Ventricle (4): linear fit = 1.22 x + 0.0 (1142 voxels, peak = 19), gca=19.4
gca peak = 0.17690 (16)
mri peak = 0.08935 (24)
Right_Lateral_Ventricle (43): linear fit = 1.40 x + 0.0 (869 voxels, overlap=0.432)
Right_Lateral_Ventricle (43): linear fit = 1.40 x + 0.0 (869 voxels, peak = 22), gca=22.5
gca peak = 0.28275 (96)
mri peak = 0.08457 (95)
Right_Pallidum (52): linear fit = 0.98 x + 0.0 (946 voxels, overlap=0.994)
Right_Pallidum (52): linear fit = 0.98 x + 0.0 (946 voxels, peak = 94), gca=93.6
gca peak = 0.18948 (93)
mri peak = 0.07655 (88)
Left_Pallidum (13): linear fit = 0.92 x + 0.0 (826 voxels, overlap=0.920)
Left_Pallidum (13): linear fit = 0.92 x + 0.0 (826 voxels, peak = 85), gca=85.1
gca peak = 0.20755 (55)
mri peak = 0.11282 (73)
Right_Hippocampus (53): linear fit = 1.26 x + 0.0 (974 voxels, overlap=0.018)
Right_Hippocampus (53): linear fit = 1.26 x + 0.0 (974 voxels, peak = 70), gca=69.6
gca peak = 0.31831 (58)
mri peak = 0.11028 (76)
Left_Hippocampus (17): linear fit = 1.28 x + 0.0 (1062 voxels, overlap=0.011)
Left_Hippocampus (17): linear fit = 1.28 x + 0.0 (1062 voxels, peak = 75), gca=74.5
gca peak = 0.11957 (102)
mri peak = 0.06106 (108)
Right_Cerebral_White_Matter (41): linear fit = 1.08 x + 0.0 (64702 voxels, overlap=0.712)
Right_Cerebral_White_Matter (41): linear fit = 1.08 x + 0.0 (64702 voxels, peak = 110), gca=109.7
gca peak = 0.11429 (102)
mri peak = 0.07050 (102)
Left_Cerebral_White_Matter (2): linear fit = 1.03 x + 0.0 (68342 voxels, overlap=0.838)
Left_Cerebral_White_Matter (2): linear fit = 1.03 x + 0.0 (68342 voxels, peak = 106), gca=105.6
gca peak = 0.14521 (59)
mri peak = 0.04253 (82)
Left_Cerebral_Cortex (3): linear fit = 1.35 x + 0.0 (27260 voxels, overlap=0.000)
Left_Cerebral_Cortex (3): linear fit = 1.35 x + 0.0 (27260 voxels, peak = 79), gca=79.4
gca peak = 0.14336 (58)
mri peak = 0.04219 (76)
Right_Cerebral_Cortex (42): linear fit = 1.29 x + 0.0 (28943 voxels, overlap=0.002)
Right_Cerebral_Cortex (42): linear fit = 1.29 x + 0.0 (28943 voxels, peak = 75), gca=75.1
gca peak = 0.13305 (70)
mri peak = 0.10075 (72)
Right_Caudate (50): linear fit = 1.10 x + 0.0 (820 voxels, overlap=0.342)
Right_Caudate (50): linear fit = 1.10 x + 0.0 (820 voxels, peak = 77), gca=76.7
gca peak = 0.15761 (71)
mri peak = 0.09870 (80)
Left_Caudate (11): linear fit = 1.11 x + 0.0 (1016 voxels, overlap=0.342)
Left_Caudate (11): linear fit = 1.11 x + 0.0 (1016 voxels, peak = 78), gca=78.5
gca peak = 0.13537 (57)
mri peak = 0.05271 (77)
Left_Cerebellum_Cortex (8): linear fit = 1.38 x + 0.0 (24112 voxels, overlap=0.001)
Left_Cerebellum_Cortex (8): linear fit = 1.38 x + 0.0 (24112 voxels, peak = 79), gca=78.9
gca peak = 0.13487 (56)
mri peak = 0.05514 (78)
Right_Cerebellum_Cortex (47): linear fit = 1.35 x + 0.0 (27267 voxels, overlap=0.001)
Right_Cerebellum_Cortex (47): linear fit = 1.35 x + 0.0 (27267 voxels, peak = 75), gca=75.3
gca peak = 0.19040 (84)
mri peak = 0.06140 (88)
Left_Cerebellum_White_Matter (7): linear fit = 1.04 x + 0.0 (9148 voxels, overlap=0.978)
Left_Cerebellum_White_Matter (7): linear fit = 1.04 x + 0.0 (9148 voxels, peak = 88), gca=87.8
gca peak = 0.18871 (83)
mri peak = 0.05524 (88)
Right_Cerebellum_White_Matter (46): linear fit = 1.12 x + 0.0 (8116 voxels, overlap=0.874)
Right_Cerebellum_White_Matter (46): linear fit = 1.12 x + 0.0 (8116 voxels, peak = 93), gca=92.5
gca peak = 0.24248 (57)
mri peak = 0.12776 (76)
Left_Amygdala (18): linear fit = 1.33 x + 0.0 (429 voxels, overlap=0.053)
Left_Amygdala (18): linear fit = 1.33 x + 0.0 (429 voxels, peak = 76), gca=75.5
gca peak = 0.35833 (56)
mri peak = 0.09909 (74)
Right_Amygdala (54): linear fit = 1.29 x + 0.0 (543 voxels, overlap=0.043)
Right_Amygdala (54): linear fit = 1.29 x + 0.0 (543 voxels, peak = 73), gca=72.5
gca peak = 0.12897 (85)
mri peak = 0.07300 (90)
Left_Thalamus (10): linear fit = 1.07 x + 0.0 (5373 voxels, overlap=0.830)
Left_Thalamus (10): linear fit = 1.07 x + 0.0 (5373 voxels, peak = 91), gca=90.5
gca peak = 0.13127 (83)
mri peak = 0.08814 (83)
Right_Thalamus (49): linear fit = 1.07 x + 0.0 (4554 voxels, overlap=0.693)
Right_Thalamus (49): linear fit = 1.07 x + 0.0 (4554 voxels, peak = 88), gca=88.4
gca peak = 0.12974 (78)
mri peak = 0.10835 (87)
Left_Putamen (12): linear fit = 1.09 x + 0.0 (2345 voxels, overlap=0.517)
Left_Putamen (12): linear fit = 1.09 x + 0.0 (2345 voxels, peak = 85), gca=84.6
gca peak = 0.17796 (79)
mri peak = 0.11012 (90)
Right_Putamen (51): linear fit = 1.14 x + 0.0 (2347 voxels, overlap=0.121)
Right_Putamen (51): linear fit = 1.14 x + 0.0 (2347 voxels, peak = 90), gca=90.5
gca peak = 0.10999 (80)
mri peak = 0.08120 (86)
Brain_Stem (16): linear fit = 1.10 x + 0.0 (10301 voxels, overlap=0.416)
Brain_Stem (16): linear fit = 1.10 x + 0.0 (10301 voxels, peak = 88), gca=87.6
gca peak = 0.13215 (88)
mri peak = 0.08780 (91)
Right_VentralDC (60): linear fit = 1.09 x + 0.0 (1344 voxels, overlap=0.653)
Right_VentralDC (60): linear fit = 1.09 x + 0.0 (1344 voxels, peak = 95), gca=95.5
gca peak = 0.11941 (89)
mri peak = 0.06646 (86)
Left_VentralDC (28): linear fit = 1.04 x + 0.0 (1255 voxels, overlap=0.849)
Left_VentralDC (28): linear fit = 1.04 x + 0.0 (1255 voxels, peak = 93), gca=93.0
gca peak = 0.20775 (25)
uniform distribution in MR - rejecting arbitrary fit
gca peak = 0.13297 (21)
mri peak = 0.12711 (20)
Fourth_Ventricle (15): linear fit = 1.20 x + 0.0 (434 voxels, overlap=0.658)
Fourth_Ventricle (15): linear fit = 1.20 x + 0.0 (434 voxels, peak = 25), gca=25.1
gca peak Unknown = 0.94777 ( 0)
gca peak Left_Inf_Lat_Vent = 0.19087 (28)
gca peak Third_Ventricle = 0.20775 (25)
gca peak CSF = 0.16821 (33)
gca peak Left_Accumbens_area = 0.32850 (63)
gca peak Left_undetermined = 0.98480 (28)
gca peak Left_vessel = 0.40887 (53)
gca peak Left_choroid_plexus = 0.10898 (46)
gca peak Right_Inf_Lat_Vent = 0.17798 (26)
gca peak Right_Accumbens_area = 0.30137 (64)
gca peak Right_vessel = 0.47828 (52)
gca peak Right_choroid_plexus = 0.11612 (45)
gca peak Fifth_Ventricle = 0.59466 (35)
gca peak WM_hypointensities = 0.10053 (78)
gca peak non_WM_hypointensities = 0.07253 (60)
gca peak Optic_Chiasm = 0.25330 (73)
not using caudate to estimate GM means
estimating mean gm scale to be 1.30 x + 0.0
estimating mean wm scale to be 1.06 x + 0.0
estimating mean csf scale to be 1.27 x + 0.0
saving intensity scales to talairach.label_intensities.txt
GCAmapRenormalizeWithAlignment() took 2.10557 min
noneg pre
Starting GCAMregister()
label assignment complete, 0 changed (0.00%)
npasses = 1, nlevels = 6
#pass# 1 of 1 ************************
enabling zero nodes
setting smoothness cost coefficient to 0.008

#GCAMreg# pass 0 level1 5 level2 0 tsec 0 sigma 2
l_jacobian=1.00 l_label=1.00 l_log_likelihood=0.20 l_smoothness=0.01 
tol=5.00e-02, dt=5.00e-02, exp_k=20.0, momentum=0.90, levels=6, niter=500, lbl_dist=10.00, avgs=256, sigma=2.0,type=2, relabel=0, neg=no

blurring input image with Gaussian with sigma=2.000...
GCAMRegisterLevel(): init RMS 0.752284
#FOTS# QuadFit found better minimum quadopt=(dt=162.049,rms=0.688664) vs oldopt=(dt=92.48,rms=0.700968)
#GCMRL#   91 dt 162.048780 rms  0.689  8.457% neg 0  invalid 762 tFOTS 5.0590 tGradient 2.4710 tsec 7.8820
#FOTS# QuadFit found better minimum quadopt=(dt=314.308,rms=0.674495) vs oldopt=(dt=369.92,rms=0.674909)
#GCMRL#   92 dt 314.307564 rms  0.674  2.057% neg 0  invalid 762 tFOTS 4.9670 tGradient 2.2530 tsec 7.5810
#FOTS# QuadFit found better minimum quadopt=(dt=129.472,rms=0.670466) vs oldopt=(dt=92.48,rms=0.670793)
#GCMRL#   93 dt 129.472000 rms  0.670  0.597% neg 0  invalid 762 tFOTS 5.6220 tGradient 2.3570 tsec 8.3780
#FOTS# QuadFit found better minimum quadopt=(dt=295.936,rms=0.667305) vs oldopt=(dt=369.92,rms=0.667566)
#GCMRL#   94 dt 295.936000 rms  0.667  0.471% neg 0  invalid 762 tFOTS 4.8310 tGradient 2.4050 tsec 7.6320
#FOTS# QuadFit found better minimum quadopt=(dt=110.976,rms=0.665387) vs oldopt=(dt=92.48,rms=0.665428)
#GCMRL#   95 dt 110.976000 rms  0.665  0.287% neg 0  invalid 762 tFOTS 5.4600 tGradient 2.2080 tsec 8.0330
#GCMRL#   96 dt 369.920000 rms  0.664  0.275% neg 0  invalid 762 tFOTS 5.7570 tGradient 2.4620 tsec 8.6230
#FOTS# QuadFit found better minimum quadopt=(dt=110.976,rms=0.662074) vs oldopt=(dt=92.48,rms=0.662084)
#GCMRL#   97 dt 110.976000 rms  0.662  0.223% neg 0  invalid 762 tFOTS 5.2370 tGradient 2.4800 tsec 8.1030
#FOTS# QuadFit found better minimum quadopt=(dt=295.936,rms=0.660747) vs oldopt=(dt=369.92,rms=0.660766)
#GCMRL#   98 dt 295.936000 rms  0.661  0.200% neg 0  invalid 762 tFOTS 4.6570 tGradient 2.5290 tsec 7.5370
#FOTS# QuadFit found better minimum quadopt=(dt=110.976,rms=0.659893) vs oldopt=(dt=92.48,rms=0.659927)
#GCMRL#   99 dt 110.976000 rms  0.660  0.129% neg 0  invalid 762 tFOTS 4.9360 tGradient 2.3210 tsec 7.6440
#FOTS# QuadFit found better minimum quadopt=(dt=443.904,rms=0.658583) vs oldopt=(dt=369.92,rms=0.658617)
#GCMRL#  100 dt 443.904000 rms  0.659  0.199% neg 0  invalid 762 tFOTS 5.4520 tGradient 2.4400 tsec 8.3010
#FOTS# QuadFit found better minimum quadopt=(dt=110.976,rms=0.65755) vs oldopt=(dt=92.48,rms=0.657553)
#GCMRL#  101 dt 110.976000 rms  0.658  0.157% neg 0  invalid 762 tFOTS 5.9440 tGradient 2.5800 tsec 8.9250
#FOTS# QuadFit found better minimum quadopt=(dt=295.936,rms=0.656822) vs oldopt=(dt=369.92,rms=0.656887)
#GCMRL#  102 dt 295.936000 rms  0.657  0.111% neg 0  invalid 762 tFOTS 5.3220 tGradient 2.5810 tsec 8.3090
#FOTS# QuadFit found better minimum quadopt=(dt=110.976,rms=0.656097) vs oldopt=(dt=92.48,rms=0.656127)
#GCMRL#  103 dt 110.976000 rms  0.656  0.110% neg 0  invalid 762 tFOTS 5.7070 tGradient 2.6830 tsec 8.7830
#GCMRL#  104 dt 369.920000 rms  0.655  0.119% neg 0  invalid 762 tFOTS 5.7040 tGradient 2.5980 tsec 8.7100
#FOTS# QuadFit found better minimum quadopt=(dt=110.976,rms=0.654611) vs oldopt=(dt=92.48,rms=0.654636)
#GCMRL#  105 dt 110.976000 rms  0.655  0.108% neg 0  invalid 762 tFOTS 5.8480 tGradient 2.6070 tsec 8.8760
#GCMRL#  106 dt 369.920000 rms  0.654  0.091% neg 0  invalid 762 tFOTS 6.1460 tGradient 2.6340 tsec 9.2070
#FOTS# QuadFit found better minimum quadopt=(dt=110.976,rms=0.653345) vs oldopt=(dt=92.48,rms=0.653364)
#GCMRL#  107 dt 110.976000 rms  0.653  0.103% neg 0  invalid 762 tFOTS 5.5920 tGradient 2.6550 tsec 8.6630
#FOTS# QuadFit found better minimum quadopt=(dt=295.936,rms=0.652862) vs oldopt=(dt=369.92,rms=0.65287)
#GCMRL#  108 dt 295.936000 rms  0.653  0.074% neg 0  invalid 762 tFOTS 5.6700 tGradient 2.9310 tsec 9.0270
#FOTS# QuadFit found better minimum quadopt=(dt=129.472,rms=0.652392) vs oldopt=(dt=92.48,rms=0.652426)
#GCMRL#  109 dt 129.472000 rms  0.652  0.072% neg 0  invalid 762 tFOTS 5.7810 tGradient 2.5340 tsec 8.7510
#FOTS# QuadFit found better minimum quadopt=(dt=129.472,rms=0.652097) vs oldopt=(dt=92.48,rms=0.652151)
#GCMRL#  110 dt 129.472000 rms  0.652  0.000% neg 0  invalid 762 tFOTS 5.7810 tGradient 2.6220 tsec 8.8610
#GCMRL#  111 dt 129.472000 rms  0.652  0.042% neg 0  invalid 762 tFOTS 0.0000 tGradient 2.6330 tsec 3.0440
#GCMRL#  112 dt 129.472000 rms  0.651  0.072% neg 0  invalid 762 tFOTS 0.0000 tGradient 2.5630 tsec 2.9230
#GCMRL#  113 dt 129.472000 rms  0.651  0.099% neg 0  invalid 762 tFOTS 0.0000 tGradient 2.6770 tsec 3.0390
#GCMRL#  114 dt 129.472000 rms  0.650  0.114% neg 0  invalid 762 tFOTS 0.0000 tGradient 2.5580 tsec 2.9210
#GCMRL#  115 dt 129.472000 rms  0.649  0.129% neg 0  invalid 762 tFOTS 0.0000 tGradient 2.6320 tsec 2.9910
#GCMRL#  116 dt 129.472000 rms  0.648  0.124% neg 0  invalid 762 tFOTS 0.0000 tGradient 2.6080 tsec 2.9750
#GCMRL#  117 dt 129.472000 rms  0.648  0.121% neg 0  invalid 762 tFOTS 0.0000 tGradient 2.5770 tsec 2.9110
#GCMRL#  118 dt 129.472000 rms  0.647  0.115% neg 0  invalid 762 tFOTS 0.0000 tGradient 2.5200 tsec 2.8760
#GCMRL#  119 dt 129.472000 rms  0.646  0.110% neg 0  invalid 762 tFOTS 0.0000 tGradient 2.5570 tsec 2.9100
#GCMRL#  120 dt 129.472000 rms  0.645  0.105% neg 0  invalid 762 tFOTS 0.0000 tGradient 2.6020 tsec 2.9460
#GCMRL#  121 dt 129.472000 rms  0.645  0.097% neg 0  invalid 762 tFOTS 0.0000 tGradient 2.5530 tsec 2.9120
#GCMRL#  122 dt 129.472000 rms  0.644  0.090% neg 0  invalid 762 tFOTS 0.0000 tGradient 2.7630 tsec 3.0840
#GCMRL#  123 dt 129.472000 rms  0.644  0.088% neg 0  invalid 762 tFOTS 0.0000 tGradient 2.8000 tsec 3.1460
#GCMRL#  124 dt 129.472000 rms  0.643  0.092% neg 0  invalid 762 tFOTS 0.0000 tGradient 2.6790 tsec 3.0490
#GCMRL#  125 dt 129.472000 rms  0.643  0.084% neg 0  invalid 762 tFOTS 0.0000 tGradient 2.6390 tsec 2.9710
#GCMRL#  126 dt 129.472000 rms  0.642  0.079% neg 0  invalid 762 tFOTS 0.0000 tGradient 2.7690 tsec 3.1220
#GCMRL#  127 dt 129.472000 rms  0.641  0.078% neg 0  invalid 762 tFOTS 0.0000 tGradient 2.7060 tsec 3.0500
#GCMRL#  128 dt 129.472000 rms  0.641  0.078% neg 0  invalid 762 tFOTS 0.0000 tGradient 2.6660 tsec 3.0180
#GCMRL#  129 dt 129.472000 rms  0.640  0.083% neg 0  invalid 762 tFOTS 0.0000 tGradient 2.6790 tsec 3.0420
#GCMRL#  130 dt 129.472000 rms  0.640  0.079% neg 0  invalid 762 tFOTS 0.0000 tGradient 2.7590 tsec 3.1090
#GCMRL#  131 dt 129.472000 rms  0.639  0.084% neg 0  invalid 762 tFOTS 0.0000 tGradient 2.7180 tsec 3.0760
#GCMRL#  132 dt 129.472000 rms  0.639  0.080% neg 0  invalid 762 tFOTS 0.0000 tGradient 2.6950 tsec 3.0460
#GCMRL#  133 dt 129.472000 rms  0.638  0.086% neg 0  invalid 762 tFOTS 0.0000 tGradient 2.7070 tsec 3.0650
#GCMRL#  134 dt 129.472000 rms  0.638  0.075% neg 0  invalid 762 tFOTS 0.0000 tGradient 2.7530 tsec 3.1250
#GCMRL#  135 dt 129.472000 rms  0.637  0.072% neg 0  invalid 762 tFOTS 0.0000 tGradient 2.7400 tsec 3.0840
#GCMRL#  136 dt 129.472000 rms  0.637  0.073% neg 0  invalid 762 tFOTS 0.0000 tGradient 2.7310 tsec 3.0810
#GCMRL#  137 dt 129.472000 rms  0.637  0.066% neg 0  invalid 762 tFOTS 0.0000 tGradient 2.6820 tsec 3.0120
#GCMRL#  138 dt 129.472000 rms  0.636  0.064% neg 0  invalid 762 tFOTS 0.0000 tGradient 2.7830 tsec 3.1280
#GCMRL#  139 dt 129.472000 rms  0.636  0.055% neg 0  invalid 762 tFOTS 0.0000 tGradient 2.5660 tsec 2.8780
#GCMRL#  140 dt 129.472000 rms  0.635  0.054% neg 0  invalid 762 tFOTS 0.0000 tGradient 2.6180 tsec 2.9440
#GCMRL#  141 dt 129.472000 rms  0.635  0.049% neg 0  invalid 762 tFOTS 0.0000 tGradient 2.6610 tsec 2.9940
#GCMRL#  142 dt 129.472000 rms  0.635  0.048% neg 0  invalid 762 tFOTS 0.0000 tGradient 2.7750 tsec 3.0780
#GCMRL#  143 dt 129.472000 rms  0.635  0.045% neg 0  invalid 762 tFOTS 0.0000 tGradient 2.8080 tsec 3.1350
#GCMRL#  144 dt 129.472000 rms  0.634  0.049% neg 0  invalid 762 tFOTS 0.0000 tGradient 2.7410 tsec 3.0680
#GCMRL#  145 dt 129.472000 rms  0.634  0.042% neg 0  invalid 762 tFOTS 0.0000 tGradient 2.6030 tsec 2.9190
#GCMRL#  146 dt 129.472000 rms  0.634  0.041% neg 0  invalid 762 tFOTS 0.0000 tGradient 2.6520 tsec 2.9810
#GCMRL#  147 dt 129.472000 rms  0.633  0.038% neg 0  invalid 762 tFOTS 0.0000 tGradient 2.6190 tsec 2.9200
#GCMRL#  148 dt 129.472000 rms  0.633  0.040% neg 0  invalid 762 tFOTS 0.0000 tGradient 2.6690 tsec 2.9900
#GCMRL#  149 dt 129.472000 rms  0.633  0.040% neg 0  invalid 762 tFOTS 0.0000 tGradient 2.5500 tsec 2.8500
#GCMRL#  150 dt 129.472000 rms  0.633  0.039% neg 0  invalid 762 tFOTS 0.0000 tGradient 2.6330 tsec 2.9660
#GCMRL#  151 dt 129.472000 rms  0.632  0.039% neg 0  invalid 762 tFOTS 0.0000 tGradient 3.0040 tsec 3.3510
#GCMRL#  152 dt 129.472000 rms  0.632  0.038% neg 0  invalid 762 tFOTS 0.0000 tGradient 2.8660 tsec 3.2290
#GCMRL#  153 dt 129.472000 rms  0.632  0.036% neg 0  invalid 762 tFOTS 0.0000 tGradient 2.7840 tsec 3.1360
#GCMRL#  154 dt 129.472000 rms  0.632  0.036% neg 0  invalid 762 tFOTS 0.0000 tGradient 2.8140 tsec 3.1690
#GCMRL#  155 dt 129.472000 rms  0.632  0.034% neg 0  invalid 762 tFOTS 0.0000 tGradient 2.8090 tsec 3.1570
#GCMRL#  156 dt 129.472000 rms  0.631  0.035% neg 0  invalid 762 tFOTS 0.0000 tGradient 2.8690 tsec 3.2210
#GCMRL#  157 dt 129.472000 rms  0.631  0.033% neg 0  invalid 762 tFOTS 0.0000 tGradient 3.0050 tsec 3.3450
#GCMRL#  158 dt 129.472000 rms  0.631  0.035% neg 0  invalid 762 tFOTS 0.0000 tGradient 2.8620 tsec 3.2190
#GCMRL#  159 dt 129.472000 rms  0.631  0.032% neg 0  invalid 762 tFOTS 0.0000 tGradient 2.9530 tsec 3.3110
#GCMRL#  160 dt 129.472000 rms  0.631  0.029% neg 0  invalid 762 tFOTS 0.0000 tGradient 2.9470 tsec 3.3020
#GCMRL#  161 dt 129.472000 rms  0.630  0.027% neg 0  invalid 762 tFOTS 0.0000 tGradient 2.8220 tsec 3.1390
#GCMRL#  162 dt 129.472000 rms  0.630  0.026% neg 0  invalid 762 tFOTS 0.0000 tGradient 2.8600 tsec 3.2110
#GCMRL#  163 dt 129.472000 rms  0.630  0.027% neg 0  invalid 762 tFOTS 0.0000 tGradient 2.9790 tsec 3.3180
#GCMRL#  164 dt 129.472000 rms  0.630  0.026% neg 0  invalid 762 tFOTS 0.0000 tGradient 2.9440 tsec 3.2660
#GCMRL#  165 dt 129.472000 rms  0.630  0.025% neg 0  invalid 762 tFOTS 0.0000 tGradient 2.8850 tsec 3.2260
#GCMRL#  166 dt 129.472000 rms  0.630  0.024% neg 0  invalid 762 tFOTS 0.0000 tGradient 2.8460 tsec 3.2220
#FOTS# QuadFit found better minimum quadopt=(dt=887.808,rms=0.629497) vs oldopt=(dt=1479.68,rms=0.629516)
#GCMRL#  167 dt 887.808000 rms  0.629  0.000% neg 0  invalid 762 tFOTS 5.7700 tGradient 2.8460 tsec 9.0300

#GCAMreg# pass 0 level1 5 level2 1 tsec 360.316 sigma 0.5
l_jacobian=1.00 l_label=1.00 l_log_likelihood=0.20 l_smoothness=0.01 
tol=5.00e-02, dt=5.00e-02, exp_k=20.0, momentum=0.90, levels=6, niter=500, lbl_dist=10.00, avgs=256, sigma=0.5,type=2, relabel=0, neg=no

blurring input image with Gaussian with sigma=0.500...
GCAMRegisterLevel(): init RMS 0.62973
#FOTS# QuadFit found better minimum quadopt=(dt=55.488,rms=0.629353) vs oldopt=(dt=92.48,rms=0.629388)
#GCMRL#  169 dt  55.488000 rms  0.629  0.060% neg 0  invalid 762 tFOTS 5.6930 tGradient 2.8660 tsec 8.9650
#FOTS# QuadFit found better minimum quadopt=(dt=73.984,rms=0.62929) vs oldopt=(dt=92.48,rms=0.629295)
#GCMRL#  170 dt  73.984000 rms  0.629  0.000% neg 0  invalid 762 tFOTS 5.6950 tGradient 3.0010 tsec 9.1340
#GCMRL#  171 dt  73.984000 rms  0.629  0.018% neg 0  invalid 762 tFOTS 0.0000 tGradient 3.0060 tsec 3.3610
#GCMRL#  172 dt  73.984000 rms  0.629  0.021% neg 0  invalid 762 tFOTS 0.0000 tGradient 2.9430 tsec 3.2940
#GCMRL#  173 dt  73.984000 rms  0.629  0.023% neg 0  invalid 762 tFOTS 0.0000 tGradient 2.9530 tsec 3.3080
#GCMRL#  174 dt  73.984000 rms  0.629  0.026% neg 0  invalid 762 tFOTS 0.0000 tGradient 2.7810 tsec 3.1360
#GCMRL#  175 dt  73.984000 rms  0.629  0.030% neg 0  invalid 762 tFOTS 0.0000 tGradient 2.9080 tsec 3.2820
#GCMRL#  176 dt  73.984000 rms  0.628  0.032% neg 0  invalid 762 tFOTS 0.0000 tGradient 2.9690 tsec 3.3090
#GCMRL#  177 dt  73.984000 rms  0.628  0.029% neg 0  invalid 762 tFOTS 0.0000 tGradient 2.7900 tsec 3.1420
#GCMRL#  178 dt  73.984000 rms  0.628  0.022% neg 0  invalid 762 tFOTS 0.0000 tGradient 2.7930 tsec 3.1590
#GCMRL#  179 dt  73.984000 rms  0.628  0.018% neg 0  invalid 762 tFOTS 0.0000 tGradient 2.8540 tsec 3.2480
#FOTS# QuadFit found better minimum quadopt=(dt=517.888,rms=0.627648) vs oldopt=(dt=369.92,rms=0.627684)
#GCMRL#  180 dt 517.888000 rms  0.628  0.043% neg 0  invalid 762 tFOTS 5.9250 tGradient 3.0380 tsec 9.3570
#FOTS# QuadFit found better minimum quadopt=(dt=129.472,rms=0.627598) vs oldopt=(dt=92.48,rms=0.627603)
#GCMRL#  181 dt 129.472000 rms  0.628  0.000% neg 0  invalid 762 tFOTS 5.9480 tGradient 2.9290 tsec 9.2920
#GCMRL#  182 dt 129.472000 rms  0.628  0.005% neg 0  invalid 762 tFOTS 0.0000 tGradient 2.6910 tsec 3.0540
#GCMRL#  183 dt 129.472000 rms  0.627  0.011% neg 0  invalid 762 tFOTS 0.0000 tGradient 2.8560 tsec 3.2440
#GCMRL#  184 dt 129.472000 rms  0.627  0.012% neg 0  invalid 762 tFOTS 0.0000 tGradient 2.7410 tsec 3.1360
#GCMRL#  185 dt 129.472000 rms  0.627  0.019% neg 0  invalid 762 tFOTS 0.0000 tGradient 3.0070 tsec 3.4000
#GCMRL#  186 dt 129.472000 rms  0.627  0.024% neg 0  invalid 762 tFOTS 0.0000 tGradient 2.9890 tsec 3.4000
#GCMRL#  187 dt 129.472000 rms  0.627  0.025% neg 0  invalid 762 tFOTS 0.0000 tGradient 2.7860 tsec 3.1660
#GCMRL#  188 dt 129.472000 rms  0.627  0.026% neg 0  invalid 762 tFOTS 0.0000 tGradient 2.8490 tsec 3.2490
#GCMRL#  189 dt 129.472000 rms  0.627  0.030% neg 0  invalid 762 tFOTS 0.0000 tGradient 3.3930 tsec 3.7770
#GCMRL#  190 dt 129.472000 rms  0.626  0.030% neg 0  invalid 762 tFOTS 0.0000 tGradient 3.1480 tsec 3.5410
#GCMRL#  191 dt 129.472000 rms  0.626  0.028% neg 0  invalid 762 tFOTS 0.0000 tGradient 2.9230 tsec 3.3020
#GCMRL#  192 dt 129.472000 rms  0.626  0.024% neg 0  invalid 762 tFOTS 0.0000 tGradient 2.9030 tsec 3.2860
#GCMRL#  193 dt 129.472000 rms  0.626  0.026% neg 0  invalid 762 tFOTS 0.0000 tGradient 2.9140 tsec 3.2740
#GCMRL#  194 dt 129.472000 rms  0.626  0.032% neg 0  invalid 762 tFOTS 0.0000 tGradient 2.9720 tsec 3.3420
#GCMRL#  195 dt 129.472000 rms  0.626  0.033% neg 0  invalid 762 tFOTS 0.0000 tGradient 2.8030 tsec 3.1660
#GCMRL#  196 dt 129.472000 rms  0.625  0.028% neg 0  invalid 762 tFOTS 0.0000 tGradient 2.8390 tsec 3.2250
#GCMRL#  197 dt 129.472000 rms  0.625  0.026% neg 0  invalid 762 tFOTS 0.0000 tGradient 2.9050 tsec 3.2870
#GCMRL#  198 dt 129.472000 rms  0.625  0.031% neg 0  invalid 762 tFOTS 0.0000 tGradient 2.8140 tsec 3.1920
#GCMRL#  199 dt 129.472000 rms  0.625  0.034% neg 0  invalid 762 tFOTS 0.0000 tGradient 2.7830 tsec 3.1710
#GCMRL#  200 dt 129.472000 rms  0.625  0.037% neg 0  invalid 762 tFOTS 0.0000 tGradient 2.8280 tsec 3.2190
#GCMRL#  201 dt 129.472000 rms  0.624  0.027% neg 0  invalid 762 tFOTS 0.0000 tGradient 2.7460 tsec 3.1370
#GCMRL#  202 dt 129.472000 rms  0.624  0.025% neg 0  invalid 762 tFOTS 0.0000 tGradient 2.9800 tsec 3.3710
#GCMRL#  203 dt 129.472000 rms  0.624  0.024% neg 0  invalid 762 tFOTS 0.0000 tGradient 2.7970 tsec 3.2060
#FOTS# QuadFit found better minimum quadopt=(dt=2071.55,rms=0.623821) vs oldopt=(dt=1479.68,rms=0.623837)
#GCMRL#  204 dt 2071.552000 rms  0.624  0.047% neg 0  invalid 762 tFOTS 6.0690 tGradient 2.6180 tsec 9.1050
#FOTS# QuadFit found better minimum quadopt=(dt=32.368,rms=0.623818) vs oldopt=(dt=23.12,rms=0.623828)
#GCMRL#  205 dt  32.368000 rms  0.624  0.000% neg 0  invalid 762 tFOTS 5.8320 tGradient 2.7110 tsec 8.9810
#GCMRL#  206 dt  32.368000 rms  0.624  0.003% neg 0  invalid 762 tFOTS 0.0000 tGradient 2.6490 tsec 3.0330
#GCMRL#  207 dt  32.368000 rms  0.624  0.002% neg 0  invalid 762 tFOTS 0.0000 tGradient 2.7770 tsec 3.1610
setting smoothness cost coefficient to 0.031

#GCAMreg# pass 0 level1 4 level2 0 tsec 0 sigma 2
l_jacobian=1.00 l_label=1.00 l_log_likelihood=0.20 l_smoothness=0.03 
tol=5.00e-02, dt=5.00e-02, exp_k=20.0, momentum=0.90, levels=6, niter=500, lbl_dist=10.00, avgs=64, sigma=2.0,type=2, relabel=0, neg=no

blurring input image with Gaussian with sigma=2.000...
GCAMRegisterLevel(): init RMS 0.625776
#FOTS# QuadFit found better minimum quadopt=(dt=101.305,rms=0.621952) vs oldopt=(dt=103.68,rms=0.621956)
#GCMRL#  209 dt 101.304813 rms  0.622  0.611% neg 0  invalid 762 tFOTS 5.5950 tGradient 2.3090 tsec 8.3270
#FOTS# QuadFit found better minimum quadopt=(dt=145.152,rms=0.61737) vs oldopt=(dt=103.68,rms=0.617783)
#GCMRL#  210 dt 145.152000 rms  0.617  0.737% neg 0  invalid 762 tFOTS 5.4090 tGradient 2.4070 tsec 8.2080
#FOTS# QuadFit found better minimum quadopt=(dt=70.8571,rms=0.614799) vs oldopt=(dt=25.92,rms=0.615437)
#GCMRL#  211 dt  70.857143 rms  0.615  0.417% neg 0  invalid 762 tFOTS 5.3950 tGradient 2.2930 tsec 8.0840
#FOTS# QuadFit found better minimum quadopt=(dt=84.2215,rms=0.612347) vs oldopt=(dt=103.68,rms=0.612467)
#GCMRL#  212 dt  84.221498 rms  0.612  0.399% neg 0  invalid 762 tFOTS 5.3320 tGradient 2.2780 tsec 8.0020
#FOTS# QuadFit found better minimum quadopt=(dt=72.6834,rms=0.610499) vs oldopt=(dt=103.68,rms=0.61085)
#GCMRL#  213 dt  72.683417 rms  0.610  0.302% neg 0  invalid 762 tFOTS 5.4890 tGradient 2.2740 tsec 8.1640
#FOTS# QuadFit found better minimum quadopt=(dt=97.7204,rms=0.608584) vs oldopt=(dt=103.68,rms=0.608595)
#GCMRL#  214 dt  97.720430 rms  0.609  0.314% neg 0  invalid 762 tFOTS 5.7950 tGradient 2.2960 tsec 8.4810
#FOTS# QuadFit found better minimum quadopt=(dt=36.288,rms=0.607313) vs oldopt=(dt=25.92,rms=0.607574)
#GCMRL#  215 dt  36.288000 rms  0.607  0.209% neg 0  invalid 762 tFOTS 5.6930 tGradient 2.2180 tsec 8.3060
#FOTS# QuadFit found better minimum quadopt=(dt=580.608,rms=0.600322) vs oldopt=(dt=414.72,rms=0.60146)
#GCMRL#  216 dt 580.608000 rms  0.600  1.151% neg 0  invalid 762 tFOTS 5.3800 tGradient 2.2170 tsec 8.0000
#FOTS# QuadFit found better minimum quadopt=(dt=45.8378,rms=0.597997) vs oldopt=(dt=25.92,rms=0.598332)
#GCMRL#  217 dt  45.837838 rms  0.598  0.387% neg 0  invalid 762 tFOTS 5.5320 tGradient 2.2780 tsec 8.2000
#FOTS# QuadFit found better minimum quadopt=(dt=124.416,rms=0.596743) vs oldopt=(dt=103.68,rms=0.596797)
#GCMRL#  218 dt 124.416000 rms  0.597  0.210% neg 0  invalid 762 tFOTS 5.1200 tGradient 2.2910 tsec 7.7940
#FOTS# QuadFit found better minimum quadopt=(dt=36.288,rms=0.595963) vs oldopt=(dt=25.92,rms=0.596093)
#GCMRL#  219 dt  36.288000 rms  0.596  0.131% neg 0  invalid 762 tFOTS 5.1680 tGradient 2.2240 tsec 7.7910
#FOTS# QuadFit found better minimum quadopt=(dt=580.608,rms=0.591554) vs oldopt=(dt=414.72,rms=0.59247)
#GCMRL#  220 dt 580.608000 rms  0.592  0.740% neg 0  invalid 762 tFOTS 5.5530 tGradient 2.2930 tsec 8.2440
#FOTS# QuadFit found better minimum quadopt=(dt=90.8387,rms=0.59006) vs oldopt=(dt=103.68,rms=0.590094)
#GCMRL#  221 dt  90.838710 rms  0.590  0.253% neg 0  invalid 762 tFOTS 5.4410 tGradient 2.2520 tsec 8.0760
#GCMRL#  222 dt 103.680000 rms  0.589  0.118% neg 0  invalid 762 tFOTS 5.4080 tGradient 2.1340 tsec 7.9100
#FOTS# QuadFit found better minimum quadopt=(dt=70,rms=0.588616) vs oldopt=(dt=103.68,rms=0.588752)
#GCMRL#  223 dt  70.000000 rms  0.589  0.127% neg 0  invalid 762 tFOTS 5.7680 tGradient 2.1110 tsec 8.2640
#GCMRL#  224 dt 103.680000 rms  0.588  0.091% neg 0  invalid 762 tFOTS 5.7010 tGradient 2.1900 tsec 8.2510
#FOTS# QuadFit found better minimum quadopt=(dt=36.288,rms=0.58754) vs oldopt=(dt=25.92,rms=0.587634)
#GCMRL#  225 dt  36.288000 rms  0.588  0.092% neg 0  invalid 762 tFOTS 5.2310 tGradient 2.1110 tsec 7.7070
#FOTS# QuadFit found better minimum quadopt=(dt=995.328,rms=0.583883) vs oldopt=(dt=1658.88,rms=0.584661)
#GCMRL#  226 dt 995.328000 rms  0.584  0.622% neg 0  invalid 762 tFOTS 5.1430 tGradient 2.1930 tsec 7.6960
#FOTS# QuadFit found better minimum quadopt=(dt=50.3704,rms=0.582145) vs oldopt=(dt=25.92,rms=0.58247)
#GCMRL#  227 dt  50.370370 rms  0.582  0.298% neg 0  invalid 762 tFOTS 5.9290 tGradient 2.0690 tsec 8.4010
#FOTS# QuadFit found better minimum quadopt=(dt=36.288,rms=0.581558) vs oldopt=(dt=25.92,rms=0.581625)
#GCMRL#  228 dt  36.288000 rms  0.582  0.101% neg 0  invalid 762 tFOTS 5.2410 tGradient 2.3270 tsec 7.9700
#GCMRL#  229 dt 414.720000 rms  0.581  0.161% neg 0  invalid 762 tFOTS 5.7280 tGradient 2.3330 tsec 8.4770
#FOTS# QuadFit found better minimum quadopt=(dt=36.288,rms=0.579916) vs oldopt=(dt=25.92,rms=0.58004)
#GCMRL#  230 dt  36.288000 rms  0.580  0.122% neg 0  invalid 762 tFOTS 5.3950 tGradient 2.1840 tsec 8.0020
#FOTS# QuadFit found better minimum quadopt=(dt=145.152,rms=0.579288) vs oldopt=(dt=103.68,rms=0.579346)
#GCMRL#  231 dt 145.152000 rms  0.579  0.108% neg 0  invalid 762 tFOTS 5.7640 tGradient 2.3000 tsec 8.4710
#FOTS# QuadFit found better minimum quadopt=(dt=62.208,rms=0.578969) vs oldopt=(dt=103.68,rms=0.579063)
#GCMRL#  232 dt  62.208000 rms  0.579  0.055% neg 0  invalid 762 tFOTS 5.4230 tGradient 2.3300 tsec 8.1730
#FOTS# QuadFit found better minimum quadopt=(dt=82.944,rms=0.578689) vs oldopt=(dt=103.68,rms=0.578689)
#GCMRL#  233 dt  82.944000 rms  0.579  0.000% neg 0  invalid 762 tFOTS 5.7870 tGradient 2.2680 tsec 8.5010
#GCMRL#  234 dt  82.944000 rms  0.578  0.052% neg 0  invalid 762 tFOTS 0.0000 tGradient 2.4400 tsec 2.8090
#GCMRL#  235 dt  82.944000 rms  0.578  0.110% neg 0  invalid 762 tFOTS 0.0000 tGradient 2.5620 tsec 2.9400
#GCMRL#  236 dt  82.944000 rms  0.577  0.105% neg 0  invalid 762 tFOTS 0.0000 tGradient 2.4780 tsec 2.8490
#GCMRL#  237 dt  82.944000 rms  0.576  0.169% neg 0  invalid 762 tFOTS 0.0000 tGradient 2.6180 tsec 3.0150
#GCMRL#  238 dt  82.944000 rms  0.575  0.181% neg 0  invalid 762 tFOTS 0.0000 tGradient 2.4950 tsec 2.8880
#GCMRL#  239 dt  82.944000 rms  0.574  0.160% neg 0  invalid 762 tFOTS 0.0000 tGradient 2.2830 tsec 2.6700
#GCMRL#  240 dt  82.944000 rms  0.573  0.222% neg 0  invalid 762 tFOTS 0.0000 tGradient 2.4890 tsec 2.8860
#GCMRL#  241 dt  82.944000 rms  0.572  0.197% neg 0  invalid 762 tFOTS 0.0000 tGradient 2.4580 tsec 2.8400
#GCMRL#  242 dt  82.944000 rms  0.571  0.192% neg 0  invalid 762 tFOTS 0.0000 tGradient 2.5600 tsec 2.9700
#GCMRL#  243 dt  82.944000 rms  0.570  0.204% neg 0  invalid 762 tFOTS 0.0000 tGradient 2.4160 tsec 2.7950
#GCMRL#  244 dt  82.944000 rms  0.568  0.187% neg 0  invalid 762 tFOTS 0.0000 tGradient 2.2910 tsec 2.6820
#GCMRL#  245 dt  82.944000 rms  0.567  0.193% neg 0  invalid 762 tFOTS 0.0000 tGradient 2.5140 tsec 2.8840
#GCMRL#  246 dt  82.944000 rms  0.566  0.163% neg 0  invalid 762 tFOTS 0.0000 tGradient 2.2820 tsec 2.6600
#GCMRL#  247 dt  82.944000 rms  0.565  0.175% neg 0  invalid 762 tFOTS 0.0000 tGradient 2.4350 tsec 2.8400
#GCMRL#  248 dt  82.944000 rms  0.565  0.161% neg 0  invalid 762 tFOTS 0.0000 tGradient 2.3060 tsec 2.6910
#GCMRL#  249 dt  82.944000 rms  0.564  0.149% neg 0  invalid 762 tFOTS 0.0000 tGradient 2.4670 tsec 2.8660
#GCMRL#  250 dt  82.944000 rms  0.563  0.138% neg 0  invalid 762 tFOTS 0.0000 tGradient 2.2880 tsec 2.6620
#GCMRL#  251 dt  82.944000 rms  0.562  0.120% neg 0  invalid 762 tFOTS 0.0000 tGradient 2.1760 tsec 2.5790
#GCMRL#  252 dt  82.944000 rms  0.562  0.103% neg 0  invalid 762 tFOTS 0.0000 tGradient 2.3010 tsec 2.6890
#GCMRL#  253 dt  82.944000 rms  0.561  0.110% neg 0  invalid 762 tFOTS 0.0000 tGradient 2.3820 tsec 2.7880
#GCMRL#  254 dt  82.944000 rms  0.560  0.102% neg 0  invalid 762 tFOTS 0.0000 tGradient 2.2690 tsec 2.6600
#GCMRL#  255 dt  82.944000 rms  0.560  0.102% neg 0  invalid 762 tFOTS 0.0000 tGradient 2.2950 tsec 2.6960
#GCMRL#  256 dt  82.944000 rms  0.559  0.088% neg 0  invalid 762 tFOTS 0.0000 tGradient 2.2340 tsec 2.6370
#GCMRL#  257 dt  82.944000 rms  0.559  0.082% neg 0  invalid 762 tFOTS 0.0000 tGradient 2.3560 tsec 2.7400
#GCMRL#  258 dt  82.944000 rms  0.559  0.078% neg 0  invalid 762 tFOTS 0.0000 tGradient 2.3670 tsec 2.7620
#GCMRL#  259 dt  82.944000 rms  0.558  0.068% neg 0  invalid 762 tFOTS 0.0000 tGradient 2.3360 tsec 2.7040
#GCMRL#  260 dt  82.944000 rms  0.558  0.075% neg 0  invalid 762 tFOTS 0.0000 tGradient 2.3670 tsec 2.7610
#GCMRL#  261 dt  82.944000 rms  0.557  0.064% neg 0  invalid 762 tFOTS 0.0000 tGradient 2.4080 tsec 2.7990
#GCMRL#  262 dt  82.944000 rms  0.557  0.059% neg 0  invalid 762 tFOTS 0.0000 tGradient 2.3610 tsec 2.7450
#GCMRL#  263 dt  82.944000 rms  0.557  0.063% neg 0  invalid 762 tFOTS 0.0000 tGradient 2.3310 tsec 2.7030
#GCMRL#  264 dt  82.944000 rms  0.556  0.050% neg 0  invalid 762 tFOTS 0.0000 tGradient 2.1180 tsec 2.5020
#GCMRL#  265 dt  82.944000 rms  0.556  0.045% neg 0  invalid 762 tFOTS 0.0000 tGradient 2.1370 tsec 2.5030
#GCMRL#  266 dt  82.944000 rms  0.556  0.046% neg 0  invalid 762 tFOTS 0.0000 tGradient 2.1940 tsec 2.5690
#GCMRL#  267 dt  82.944000 rms  0.556  0.051% neg 0  invalid 762 tFOTS 0.0000 tGradient 2.2890 tsec 2.6570
#GCMRL#  268 dt  82.944000 rms  0.555  0.048% neg 0  invalid 762 tFOTS 0.0000 tGradient 2.2050 tsec 2.5770
#GCMRL#  269 dt  82.944000 rms  0.555  0.052% neg 0  invalid 762 tFOTS 0.0000 tGradient 2.3340 tsec 2.7150
#GCMRL#  270 dt  82.944000 rms  0.555  0.041% neg 0  invalid 762 tFOTS 0.0000 tGradient 2.1900 tsec 2.5630
#GCMRL#  271 dt  82.944000 rms  0.555  0.037% neg 0  invalid 762 tFOTS 0.0000 tGradient 2.1390 tsec 2.5230
#GCMRL#  272 dt  82.944000 rms  0.554  0.046% neg 0  invalid 762 tFOTS 0.0000 tGradient 2.6260 tsec 3.0390
#GCMRL#  273 dt  82.944000 rms  0.554  0.050% neg 0  invalid 762 tFOTS 0.0000 tGradient 2.4580 tsec 2.8740
#GCMRL#  274 dt  82.944000 rms  0.554  0.044% neg 0  invalid 762 tFOTS 0.0000 tGradient 2.2360 tsec 2.6220
#GCMRL#  275 dt  82.944000 rms  0.554  0.042% neg 0  invalid 762 tFOTS 0.0000 tGradient 2.2000 tsec 2.5590
#GCMRL#  276 dt  82.944000 rms  0.553  0.036% neg 0  invalid 762 tFOTS 0.0000 tGradient 2.3580 tsec 2.6710
#GCMRL#  277 dt  82.944000 rms  0.553  0.029% neg 0  invalid 762 tFOTS 0.0000 tGradient 1.9190 tsec 2.2600
#GCMRL#  278 dt  82.944000 rms  0.553  0.038% neg 0  invalid 762 tFOTS 0.0000 tGradient 2.0230 tsec 2.3790
#GCMRL#  279 dt  82.944000 rms  0.553  0.039% neg 0  invalid 762 tFOTS 0.0000 tGradient 2.0840 tsec 2.4430
#GCMRL#  280 dt  82.944000 rms  0.553  0.028% neg 0  invalid 762 tFOTS 0.0000 tGradient 2.3500 tsec 2.7220
#GCMRL#  281 dt  82.944000 rms  0.553 -0.005% neg 0  invalid 762 tFOTS 0.0000 tGradient 1.9910 tsec 2.7970
#FOTS# QuadFit found better minimum quadopt=(dt=31.104,rms=0.552711) vs oldopt=(dt=25.92,rms=0.552712)
#GCMRL#  282 dt  31.104000 rms  0.553  0.002% neg 0  invalid 762 tFOTS 4.8030 tGradient 2.2010 tsec 7.3630
#FOTS# QuadFit found better minimum quadopt=(dt=82.944,rms=0.552692) vs oldopt=(dt=103.68,rms=0.552693)
#GCMRL#  283 dt  82.944000 rms  0.553  0.003% neg 0  invalid 762 tFOTS 4.0780 tGradient 1.8490 tsec 6.3000
#FOTS# QuadFit found better minimum quadopt=(dt=331.776,rms=0.552672) vs oldopt=(dt=414.72,rms=0.552676)
#GCMRL#  284 dt 331.776000 rms  0.553  0.004% neg 0  invalid 762 tFOTS 4.2460 tGradient 1.8750 tsec 6.4680
#FOTS# QuadFit found better minimum quadopt=(dt=82.944,rms=0.552631) vs oldopt=(dt=103.68,rms=0.552637)
#GCMRL#  285 dt  82.944000 rms  0.553  0.007% neg 0  invalid 762 tFOTS 4.0020 tGradient 1.8940 tsec 6.2520
#FOTS# QuadFit found better minimum quadopt=(dt=20.736,rms=0.552637) vs oldopt=(dt=25.92,rms=0.552637)

#GCAMreg# pass 0 level1 4 level2 1 tsec 375.193 sigma 0.5
l_jacobian=1.00 l_label=1.00 l_log_likelihood=0.20 l_smoothness=0.03 
tol=5.00e-02, dt=5.00e-02, exp_k=20.0, momentum=0.90, levels=6, niter=500, lbl_dist=10.00, avgs=64, sigma=0.5,type=2, relabel=0, neg=no

blurring input image with Gaussian with sigma=0.500...
GCAMRegisterLevel(): init RMS 0.553083
#FOTS# QuadFit found better minimum quadopt=(dt=83.4783,rms=0.551476) vs oldopt=(dt=103.68,rms=0.551539)
#GCMRL#  287 dt  83.478261 rms  0.551  0.291% neg 0  invalid 762 tFOTS 4.6150 tGradient 2.1900 tsec 7.1570
#FOTS# QuadFit found better minimum quadopt=(dt=74.1818,rms=0.550518) vs oldopt=(dt=103.68,rms=0.550671)
#GCMRL#  288 dt  74.181818 rms  0.551  0.174% neg 0  invalid 762 tFOTS 5.8700 tGradient 1.9830 tsec 8.2550
#FOTS# QuadFit found better minimum quadopt=(dt=31.104,rms=0.550309) vs oldopt=(dt=25.92,rms=0.550315)
#GCMRL#  289 dt  31.104000 rms  0.550  0.000% neg 0  invalid 762 tFOTS 5.2890 tGradient 2.1630 tsec 7.9010
#GCMRL#  290 dt  31.104000 rms  0.550  0.024% neg 0  invalid 762 tFOTS 0.0000 tGradient 2.1330 tsec 2.4950
#GCMRL#  291 dt  31.104000 rms  0.550  0.040% neg 0  invalid 762 tFOTS 0.0000 tGradient 2.1710 tsec 2.5690
#GCMRL#  292 dt  31.104000 rms  0.550  0.058% neg 0  invalid 762 tFOTS 0.0000 tGradient 2.2650 tsec 2.6510
#GCMRL#  293 dt  31.104000 rms  0.549  0.060% neg 0  invalid 762 tFOTS 0.0000 tGradient 2.2550 tsec 2.6320
#GCMRL#  294 dt  31.104000 rms  0.549  0.057% neg 0  invalid 762 tFOTS 0.0000 tGradient 2.1700 tsec 2.5340
#GCMRL#  295 dt  31.104000 rms  0.549  0.045% neg 0  invalid 762 tFOTS 0.0000 tGradient 2.1670 tsec 2.5460
#GCMRL#  296 dt  31.104000 rms  0.549  0.037% neg 0  invalid 762 tFOTS 0.0000 tGradient 2.1740 tsec 2.5640
#GCMRL#  297 dt  31.104000 rms  0.548  0.031% neg 0  invalid 762 tFOTS 0.0000 tGradient 2.1270 tsec 2.4930
#GCMRL#  298 dt  31.104000 rms  0.548  0.027% neg 0  invalid 762 tFOTS 0.0000 tGradient 2.2020 tsec 2.6210
#GCMRL#  299 dt  31.104000 rms  0.548  0.027% neg 0  invalid 762 tFOTS 0.0000 tGradient 2.0880 tsec 2.4640
#GCMRL#  300 dt  31.104000 rms  0.548  0.033% neg 0  invalid 762 tFOTS 0.0000 tGradient 2.1100 tsec 2.4800
#GCMRL#  301 dt  31.104000 rms  0.548  0.034% neg 0  invalid 762 tFOTS 0.0000 tGradient 2.1670 tsec 2.5570
#GCMRL#  302 dt  31.104000 rms  0.548  0.037% neg 0  invalid 762 tFOTS 0.0000 tGradient 2.2390 tsec 2.6500
#GCMRL#  303 dt  31.104000 rms  0.547  0.041% neg 0  invalid 762 tFOTS 0.0000 tGradient 2.1060 tsec 2.5010
#GCMRL#  304 dt  31.104000 rms  0.547  0.041% neg 0  invalid 762 tFOTS 0.0000 tGradient 2.2170 tsec 2.5870
#GCMRL#  305 dt  31.104000 rms  0.547  0.038% neg 0  invalid 762 tFOTS 0.0000 tGradient 2.2160 tsec 2.5870
#GCMRL#  306 dt  31.104000 rms  0.547  0.038% neg 0  invalid 762 tFOTS 0.0000 tGradient 2.1040 tsec 2.5000
#GCMRL#  307 dt  31.104000 rms  0.546  0.036% neg 0  invalid 762 tFOTS 0.0000 tGradient 2.2460 tsec 2.6280
#GCMRL#  308 dt  31.104000 rms  0.546  0.029% neg 0  invalid 762 tFOTS 0.0000 tGradient 2.4090 tsec 2.8280
#GCMRL#  309 dt  31.104000 rms  0.546  0.026% neg 0  invalid 762 tFOTS 0.0000 tGradient 2.4420 tsec 2.8050
#GCMRL#  310 dt  31.104000 rms  0.546  0.020% neg 0  invalid 762 tFOTS 0.0000 tGradient 2.4070 tsec 2.8270
#GCMRL#  311 dt  31.104000 rms  0.546  0.021% neg 0  invalid 762 tFOTS 0.0000 tGradient 2.4580 tsec 2.8100
#GCMRL#  312 dt  31.104000 rms  0.546  0.021% neg 0  invalid 762 tFOTS 0.0000 tGradient 2.0360 tsec 2.4050
#GCMRL#  313 dt 414.720000 rms  0.546  0.035% neg 0  invalid 762 tFOTS 6.0750 tGradient 2.0610 tsec 8.5610
#FOTS# QuadFit found better minimum quadopt=(dt=36.288,rms=0.54558) vs oldopt=(dt=25.92,rms=0.545586)
#GCMRL#  314 dt  36.288000 rms  0.546  0.000% neg 0  invalid 762 tFOTS 5.6290 tGradient 2.0870 tsec 8.1280
#GCMRL#  315 dt  36.288000 rms  0.546  0.010% neg 0  invalid 762 tFOTS 0.0000 tGradient 2.0070 tsec 2.3690
#GCMRL#  316 dt  36.288000 rms  0.545  0.011% neg 0  invalid 762 tFOTS 0.0000 tGradient 2.0730 tsec 2.4420
#GCMRL#  317 dt  36.288000 rms  0.545  0.011% neg 0  invalid 762 tFOTS 0.0000 tGradient 2.0730 tsec 2.4320
#GCMRL#  318 dt  36.288000 rms  0.545  0.007% neg 0  invalid 762 tFOTS 0.0000 tGradient 2.0590 tsec 2.4450
#GCMRL#  319 dt  36.288000 rms  0.545  0.010% neg 0  invalid 762 tFOTS 0.0000 tGradient 2.0460 tsec 2.4660
setting smoothness cost coefficient to 0.118

#GCAMreg# pass 0 level1 3 level2 0 tsec 0 sigma 2
l_jacobian=1.00 l_label=1.00 l_log_likelihood=0.20 l_smoothness=0.12 
tol=5.00e-02, dt=5.00e-02, exp_k=20.0, momentum=0.90, levels=6, niter=500, lbl_dist=10.00, avgs=16, sigma=2.0,type=2, relabel=0, neg=no

blurring input image with Gaussian with sigma=2.000...
GCAMRegisterLevel(): init RMS 0.557941
#GCMRL#  321 dt  32.000000 rms  0.555  0.454% neg 0  invalid 762 tFOTS 5.2660 tGradient 1.8510 tsec 7.5390
#FOTS# QuadFit found better minimum quadopt=(dt=81.92,rms=0.551132) vs oldopt=(dt=32,rms=0.552374)
#GCMRL#  322 dt  81.920000 rms  0.551  0.770% neg 0  invalid 762 tFOTS 5.0370 tGradient 2.1770 tsec 7.6000
#FOTS# QuadFit found better minimum quadopt=(dt=11.2,rms=0.548907) vs oldopt=(dt=8,rms=0.549364)
#GCMRL#  323 dt  11.200000 rms  0.549  0.404% neg 0  invalid 762 tFOTS 5.1870 tGradient 1.8890 tsec 7.4790
#FOTS# QuadFit found better minimum quadopt=(dt=38.4,rms=0.547312) vs oldopt=(dt=32,rms=0.547361)
#GCMRL#  324 dt  38.400000 rms  0.547  0.291% neg 0  invalid 762 tFOTS 5.1110 tGradient 1.8990 tsec 7.4190
#GCMRL#  325 dt  32.000000 rms  0.545  0.375% neg 0  invalid 762 tFOTS 5.0860 tGradient 1.9840 tsec 7.4780
#FOTS# QuadFit found better minimum quadopt=(dt=11.2,rms=0.544223) vs oldopt=(dt=8,rms=0.544443)
#GCMRL#  326 dt  11.200000 rms  0.544  0.190% neg 0  invalid 762 tFOTS 5.4300 tGradient 1.9930 tsec 7.8310
#FOTS# QuadFit found better minimum quadopt=(dt=102.4,rms=0.541836) vs oldopt=(dt=128,rms=0.542011)
#GCMRL#  327 dt 102.400000 rms  0.542  0.439% neg 0  invalid 762 tFOTS 5.3520 tGradient 1.9650 tsec 7.7340
#FOTS# QuadFit found better minimum quadopt=(dt=22.3704,rms=0.539549) vs oldopt=(dt=8,rms=0.540099)
#GCMRL#  328 dt  22.370370 rms  0.540  0.422% neg 0  invalid 762 tFOTS 5.0180 tGradient 1.8110 tsec 7.2360
#FOTS# QuadFit found better minimum quadopt=(dt=21.3706,rms=0.538611) vs oldopt=(dt=32,rms=0.538933)
#GCMRL#  329 dt  21.370629 rms  0.539  0.174% neg 0  invalid 762 tFOTS 5.5350 tGradient 1.8310 tsec 7.7700
#GCMRL#  330 dt  32.000000 rms  0.538  0.162% neg 0  invalid 762 tFOTS 5.0100 tGradient 1.8550 tsec 7.2710
#FOTS# QuadFit found better minimum quadopt=(dt=25.4171,rms=0.536993) vs oldopt=(dt=32,rms=0.537099)
#GCMRL#  331 dt  25.417143 rms  0.537  0.139% neg 0  invalid 762 tFOTS 5.4610 tGradient 1.8240 tsec 7.6840
#FOTS# QuadFit found better minimum quadopt=(dt=25.6,rms=0.53625) vs oldopt=(dt=32,rms=0.536281)
#GCMRL#  332 dt  25.600000 rms  0.536  0.138% neg 0  invalid 762 tFOTS 5.3020 tGradient 1.8280 tsec 7.5240
#FOTS# QuadFit found better minimum quadopt=(dt=25.6,rms=0.5356) vs oldopt=(dt=32,rms=0.535619)
#GCMRL#  333 dt  25.600000 rms  0.536  0.121% neg 0  invalid 762 tFOTS 5.4700 tGradient 1.9290 tsec 7.7910
#GCMRL#  334 dt  32.000000 rms  0.535  0.118% neg 0  invalid 762 tFOTS 5.5810 tGradient 1.7630 tsec 7.7670
#FOTS# QuadFit found better minimum quadopt=(dt=19.2,rms=0.534353) vs oldopt=(dt=32,rms=0.534514)
#GCMRL#  335 dt  19.200000 rms  0.534  0.115% neg 0  invalid 762 tFOTS 5.8110 tGradient 1.9460 tsec 8.1470
#FOTS# QuadFit found better minimum quadopt=(dt=44.8,rms=0.533604) vs oldopt=(dt=32,rms=0.533725)
#GCMRL#  336 dt  44.800000 rms  0.534  0.140% neg 0  invalid 762 tFOTS 5.0880 tGradient 1.8190 tsec 7.3200
#FOTS# QuadFit found better minimum quadopt=(dt=24.3038,rms=0.533027) vs oldopt=(dt=32,rms=0.53316)
#GCMRL#  337 dt  24.303797 rms  0.533  0.108% neg 0  invalid 762 tFOTS 5.7160 tGradient 1.9200 tsec 8.1230
#FOTS# QuadFit found better minimum quadopt=(dt=25.6,rms=0.532517) vs oldopt=(dt=32,rms=0.532549)
#GCMRL#  338 dt  25.600000 rms  0.533  0.096% neg 0  invalid 762 tFOTS 5.3750 tGradient 2.1060 tsec 7.8800
#FOTS# QuadFit found better minimum quadopt=(dt=25.6,rms=0.53203) vs oldopt=(dt=32,rms=0.532051)
#GCMRL#  339 dt  25.600000 rms  0.532  0.091% neg 0  invalid 762 tFOTS 5.6800 tGradient 1.9780 tsec 8.0560
#FOTS# QuadFit found better minimum quadopt=(dt=25.6,rms=0.531578) vs oldopt=(dt=32,rms=0.531582)
#GCMRL#  340 dt  25.600000 rms  0.532  0.085% neg 0  invalid 762 tFOTS 5.3020 tGradient 1.7590 tsec 7.4220
#GCMRL#  341 dt  32.000000 rms  0.531  0.085% neg 0  invalid 762 tFOTS 5.7840 tGradient 1.7650 tsec 7.9410
#FOTS# QuadFit found better minimum quadopt=(dt=19.2,rms=0.530686) vs oldopt=(dt=32,rms=0.530801)
#GCMRL#  342 dt  19.200000 rms  0.531  0.082% neg 0  invalid 762 tFOTS 5.4290 tGradient 1.8280 tsec 7.6350
#FOTS# QuadFit found better minimum quadopt=(dt=44.8,rms=0.530194) vs oldopt=(dt=32,rms=0.530236)
#GCMRL#  343 dt  44.800000 rms  0.530  0.093% neg 0  invalid 762 tFOTS 5.4920 tGradient 2.0250 tsec 7.8760
#FOTS# QuadFit found better minimum quadopt=(dt=11.2,rms=0.529783) vs oldopt=(dt=8,rms=0.529858)
#GCMRL#  344 dt  11.200000 rms  0.530  0.077% neg 0  invalid 762 tFOTS 4.8210 tGradient 1.7350 tsec 6.9250
#FOTS# QuadFit found better minimum quadopt=(dt=179.2,rms=0.527893) vs oldopt=(dt=128,rms=0.528291)
#GCMRL#  345 dt 179.200000 rms  0.528  0.357% neg 0  invalid 762 tFOTS 5.0550 tGradient 1.6560 tsec 7.1190
#FOTS# QuadFit found better minimum quadopt=(dt=11.2,rms=0.527273) vs oldopt=(dt=8,rms=0.527396)
#GCMRL#  346 dt  11.200000 rms  0.527  0.118% neg 0  invalid 762 tFOTS 5.6600 tGradient 2.0700 tsec 8.1360
#FOTS# QuadFit found better minimum quadopt=(dt=38.4,rms=0.526949) vs oldopt=(dt=32,rms=0.526952)
#GCMRL#  347 dt  38.400000 rms  0.527  0.061% neg 0  invalid 762 tFOTS 5.6770 tGradient 1.8920 tsec 7.9810
#FOTS# QuadFit found better minimum quadopt=(dt=19.2,rms=0.52664) vs oldopt=(dt=32,rms=0.526716)
#GCMRL#  348 dt  19.200000 rms  0.527  0.059% neg 0  invalid 762 tFOTS 4.9270 tGradient 1.8820 tsec 7.1610
#FOTS# QuadFit found better minimum quadopt=(dt=38.4,rms=0.526344) vs oldopt=(dt=32,rms=0.526356)
#GCMRL#  349 dt  38.400000 rms  0.526  0.056% neg 0  invalid 762 tFOTS 4.4610 tGradient 1.6240 tsec 6.4330
#FOTS# QuadFit found better minimum quadopt=(dt=19.2,rms=0.5261) vs oldopt=(dt=32,rms=0.52617)
#GCMRL#  350 dt  19.200000 rms  0.526  0.000% neg 0  invalid 762 tFOTS 5.7730 tGradient 1.6390 tsec 7.8410
#GCMRL#  351 dt  19.200000 rms  0.526  0.039% neg 0  invalid 762 tFOTS 0.0000 tGradient 1.8680 tsec 2.2430
#GCMRL#  352 dt  19.200000 rms  0.526  0.060% neg 0  invalid 762 tFOTS 0.0000 tGradient 1.8560 tsec 2.2270
#GCMRL#  353 dt  19.200000 rms  0.525  0.093% neg 0  invalid 762 tFOTS 0.0000 tGradient 1.8620 tsec 2.2440
#GCMRL#  354 dt  19.200000 rms  0.525  0.101% neg 0  invalid 762 tFOTS 0.0000 tGradient 1.8760 tsec 2.2560
#GCMRL#  355 dt  19.200000 rms  0.524  0.131% neg 0  invalid 762 tFOTS 0.0000 tGradient 1.9170 tsec 2.3020
#GCMRL#  356 dt  19.200000 rms  0.523  0.133% neg 0  invalid 762 tFOTS 0.0000 tGradient 1.9260 tsec 2.3070
#GCMRL#  357 dt  19.200000 rms  0.522  0.137% neg 0  invalid 762 tFOTS 0.0000 tGradient 1.9410 tsec 2.3840
#GCMRL#  358 dt  19.200000 rms  0.522  0.143% neg 0  invalid 762 tFOTS 0.0000 tGradient 2.0320 tsec 2.4130
#GCMRL#  359 dt  19.200000 rms  0.522  0.018% neg 0  invalid 762 tFOTS 0.0000 tGradient 1.9220 tsec 2.5470
#GCMRL#  360 dt  19.200000 rms  0.521  0.033% neg 0  invalid 762 tFOTS 0.0000 tGradient 1.9440 tsec 2.3300
#GCMRL#  361 dt  19.200000 rms  0.521  0.050% neg 0  invalid 762 tFOTS 0.0000 tGradient 1.9840 tsec 2.3730
#GCMRL#  362 dt  19.200000 rms  0.521  0.061% neg 0  invalid 762 tFOTS 0.0000 tGradient 2.0220 tsec 2.4100
#GCMRL#  363 dt  19.200000 rms  0.520  0.071% neg 0  invalid 762 tFOTS 0.0000 tGradient 1.9690 tsec 2.3500
#GCMRL#  364 dt  19.200000 rms  0.520  0.076% neg 0  invalid 762 tFOTS 0.0000 tGradient 1.9200 tsec 2.2980
#GCMRL#  365 dt  19.200000 rms  0.520  0.082% neg 0  invalid 762 tFOTS 0.0000 tGradient 1.8510 tsec 2.1720
#GCMRL#  366 dt  19.200000 rms  0.519  0.088% neg 0  invalid 762 tFOTS 0.0000 tGradient 1.8090 tsec 2.1450
#GCMRL#  367 dt  19.200000 rms  0.519  0.087% neg 0  invalid 762 tFOTS 0.0000 tGradient 1.9940 tsec 2.3870
#GCMRL#  368 dt  19.200000 rms  0.518  0.093% neg 0  invalid 762 tFOTS 0.0000 tGradient 1.9790 tsec 2.3820
#GCMRL#  369 dt  19.200000 rms  0.518  0.091% neg 0  invalid 762 tFOTS 0.0000 tGradient 2.0010 tsec 2.3820
#GCMRL#  370 dt   9.600000 rms  0.518  0.003% neg 0  invalid 762 tFOTS 0.0000 tGradient 1.9460 tsec 2.7930
#GCMRL#  371 dt   2.400000 rms  0.518  0.002% neg 0  invalid 762 tFOTS 0.0000 tGradient 1.9640 tsec 3.0860
#FOTS# QuadFit found better minimum quadopt=(dt=0.7,rms=0.517781) vs oldopt=(dt=0.5,rms=0.517782)

#GCAMreg# pass 0 level1 3 level2 1 tsec 291.675 sigma 0.5
l_jacobian=1.00 l_label=1.00 l_log_likelihood=0.20 l_smoothness=0.12 
tol=5.00e-02, dt=5.00e-02, exp_k=20.0, momentum=0.90, levels=6, niter=500, lbl_dist=10.00, avgs=16, sigma=0.5,type=2, relabel=0, neg=no

blurring input image with Gaussian with sigma=0.500...
GCAMRegisterLevel(): init RMS 0.518128
#FOTS# QuadFit found better minimum quadopt=(dt=44.8,rms=0.515891) vs oldopt=(dt=32,rms=0.516061)
#GCMRL#  373 dt  44.800000 rms  0.516  0.432% neg 0  invalid 762 tFOTS 4.1480 tGradient 1.5100 tsec 6.0220
#GCMRL#  374 dt  32.000000 rms  0.515  0.200% neg 0  invalid 762 tFOTS 4.0560 tGradient 1.7280 tsec 6.0760
#FOTS# QuadFit found better minimum quadopt=(dt=11.2,rms=0.514667) vs oldopt=(dt=8,rms=0.514712)
#GCMRL#  375 dt  11.200000 rms  0.515  0.000% neg 0  invalid 762 tFOTS 4.1000 tGradient 1.6970 tsec 6.1270
#GCMRL#  376 dt  11.200000 rms  0.515  0.032% neg 0  invalid 762 tFOTS 0.0000 tGradient 1.6410 tsec 1.9510
#GCMRL#  377 dt  11.200000 rms  0.514  0.049% neg 0  invalid 762 tFOTS 0.0000 tGradient 1.6560 tsec 1.9330
#GCMRL#  378 dt  11.200000 rms  0.514  0.060% neg 0  invalid 762 tFOTS 0.0000 tGradient 1.5410 tsec 1.8270
#GCMRL#  379 dt  11.200000 rms  0.514  0.072% neg 0  invalid 762 tFOTS 0.0000 tGradient 1.6870 tsec 1.9880
#GCMRL#  380 dt  11.200000 rms  0.513  0.067% neg 0  invalid 762 tFOTS 0.0000 tGradient 1.6280 tsec 1.8960
#GCMRL#  381 dt  11.200000 rms  0.513  0.062% neg 0  invalid 762 tFOTS 0.0000 tGradient 1.5800 tsec 1.8750
#GCMRL#  382 dt  11.200000 rms  0.513  0.056% neg 0  invalid 762 tFOTS 0.0000 tGradient 1.6940 tsec 2.0300
#GCMRL#  383 dt  11.200000 rms  0.512  0.052% neg 0  invalid 762 tFOTS 0.0000 tGradient 1.6570 tsec 1.9690
#GCMRL#  384 dt  11.200000 rms  0.512  0.047% neg 0  invalid 762 tFOTS 0.0000 tGradient 1.7870 tsec 2.0970
#GCMRL#  385 dt  11.200000 rms  0.512  0.044% neg 0  invalid 762 tFOTS 0.0000 tGradient 1.5550 tsec 1.8320
#GCMRL#  386 dt  11.200000 rms  0.512  0.038% neg 0  invalid 762 tFOTS 0.0000 tGradient 1.6310 tsec 1.9460
#GCMRL#  387 dt  11.200000 rms  0.511  0.044% neg 0  invalid 762 tFOTS 0.0000 tGradient 1.4990 tsec 1.7910
#GCMRL#  388 dt  11.200000 rms  0.511  0.048% neg 0  invalid 762 tFOTS 0.0000 tGradient 1.6790 tsec 1.9720
#GCMRL#  389 dt  11.200000 rms  0.511  0.049% neg 0  invalid 762 tFOTS 0.0000 tGradient 1.4300 tsec 1.6910
#GCMRL#  390 dt  11.200000 rms  0.511  0.052% neg 0  invalid 762 tFOTS 0.0000 tGradient 1.4750 tsec 1.7490
#GCMRL#  391 dt  11.200000 rms  0.510  0.054% neg 0  invalid 762 tFOTS 0.0000 tGradient 1.5910 tsec 1.8680
#GCMRL#  392 dt  11.200000 rms  0.510  0.053% neg 0  invalid 762 tFOTS 0.0000 tGradient 1.7280 tsec 2.0340
#GCMRL#  393 dt  11.200000 rms  0.510  0.046% neg 0  invalid 762 tFOTS 0.0000 tGradient 1.5390 tsec 1.8240
#GCMRL#  394 dt  11.200000 rms  0.510  0.050% neg 0  invalid 762 tFOTS 0.0000 tGradient 1.5680 tsec 1.8510
#GCMRL#  395 dt  11.200000 rms  0.509  0.047% neg 0  invalid 762 tFOTS 0.0000 tGradient 1.4810 tsec 1.7510
#GCMRL#  396 dt  11.200000 rms  0.509  0.048% neg 0  invalid 762 tFOTS 0.0000 tGradient 1.5260 tsec 1.8110
#GCMRL#  397 dt  11.200000 rms  0.509  0.050% neg 0  invalid 762 tFOTS 0.0000 tGradient 1.6020 tsec 1.8980
#GCMRL#  398 dt  11.200000 rms  0.509  0.047% neg 0  invalid 762 tFOTS 0.0000 tGradient 1.4930 tsec 1.7620
#GCMRL#  399 dt  11.200000 rms  0.508  0.043% neg 0  invalid 762 tFOTS 0.0000 tGradient 1.5290 tsec 1.8090
#GCMRL#  400 dt  11.200000 rms  0.508  0.044% neg 0  invalid 762 tFOTS 0.0000 tGradient 1.4840 tsec 1.7510
#GCMRL#  401 dt  11.200000 rms  0.508  0.042% neg 0  invalid 762 tFOTS 0.0000 tGradient 1.6320 tsec 1.9020
#GCMRL#  402 dt  11.200000 rms  0.508  0.040% neg 0  invalid 762 tFOTS 0.0000 tGradient 1.5060 tsec 1.7880
#GCMRL#  403 dt  11.200000 rms  0.508  0.042% neg 0  invalid 762 tFOTS 0.0000 tGradient 1.5490 tsec 1.8230
#GCMRL#  404 dt  11.200000 rms  0.507  0.043% neg 0  invalid 762 tFOTS 0.0000 tGradient 1.5250 tsec 1.8100
#GCMRL#  405 dt  11.200000 rms  0.507  0.041% neg 0  invalid 762 tFOTS 0.0000 tGradient 1.7930 tsec 2.1040
#GCMRL#  406 dt  11.200000 rms  0.507  0.036% neg 0  invalid 762 tFOTS 0.0000 tGradient 1.7510 tsec 2.0750
#GCMRL#  407 dt  11.200000 rms  0.507  0.035% neg 0  invalid 762 tFOTS 0.0000 tGradient 1.5230 tsec 1.8060
#GCMRL#  408 dt  11.200000 rms  0.507  0.034% neg 0  invalid 762 tFOTS 0.0000 tGradient 1.5380 tsec 1.8220
#GCMRL#  409 dt  11.200000 rms  0.507  0.028% neg 0  invalid 762 tFOTS 0.0000 tGradient 1.5170 tsec 1.7880
#GCMRL#  410 dt  11.200000 rms  0.506  0.028% neg 0  invalid 762 tFOTS 0.0000 tGradient 1.5120 tsec 1.7960
#GCMRL#  411 dt  11.200000 rms  0.506  0.025% neg 0  invalid 762 tFOTS 0.0000 tGradient 1.5490 tsec 1.8250
#GCMRL#  412 dt  11.200000 rms  0.506  0.027% neg 0  invalid 762 tFOTS 0.0000 tGradient 1.4980 tsec 1.7780
#GCMRL#  413 dt  11.200000 rms  0.506  0.028% neg 0  invalid 762 tFOTS 0.0000 tGradient 1.7430 tsec 2.0960
#GCMRL#  414 dt  11.200000 rms  0.506  0.028% neg 0  invalid 762 tFOTS 0.0000 tGradient 1.7110 tsec 2.0330
#GCMRL#  415 dt  11.200000 rms  0.506  0.028% neg 0  invalid 762 tFOTS 0.0000 tGradient 1.8020 tsec 2.1230
#GCMRL#  416 dt  11.200000 rms  0.506  0.028% neg 0  invalid 762 tFOTS 0.0000 tGradient 1.7490 tsec 2.0520
#GCMRL#  417 dt  11.200000 rms  0.505  0.026% neg 0  invalid 762 tFOTS 0.0000 tGradient 1.6880 tsec 1.9830
#GCMRL#  418 dt  11.200000 rms  0.505  0.024% neg 0  invalid 762 tFOTS 0.0000 tGradient 1.5990 tsec 1.8670
#GCMRL#  419 dt  11.200000 rms  0.505  0.023% neg 0  invalid 762 tFOTS 0.0000 tGradient 1.4250 tsec 1.7280
#FOTS# QuadFit found better minimum quadopt=(dt=44.8,rms=0.505161) vs oldopt=(dt=32,rms=0.505165)
#GCMRL#  420 dt  44.800000 rms  0.505  0.000% neg 0  invalid 762 tFOTS 3.8480 tGradient 1.4990 tsec 5.7030
#GCMRL#  421 dt  44.800000 rms  0.505  0.005% neg 0  invalid 762 tFOTS 0.0000 tGradient 1.4460 tsec 1.7210
#GCMRL#  422 dt  44.800000 rms  0.505  0.009% neg 0  invalid 762 tFOTS 0.0000 tGradient 1.5230 tsec 1.8040
#GCMRL#  423 dt  44.800000 rms  0.505  0.028% neg 0  invalid 762 tFOTS 0.0000 tGradient 1.4900 tsec 1.7650
#GCMRL#  424 dt  44.800000 rms  0.505  0.012% neg 0  invalid 762 tFOTS 0.0000 tGradient 1.4330 tsec 1.7150
#GCMRL#  425 dt  44.800000 rms  0.505  0.038% neg 0  invalid 762 tFOTS 0.0000 tGradient 1.7570 tsec 2.1100
#GCMRL#  426 dt  44.800000 rms  0.505  0.021% neg 0  invalid 762 tFOTS 0.0000 tGradient 1.6790 tsec 2.0430
#GCMRL#  427 dt  44.800000 rms  0.504  0.041% neg 0  invalid 762 tFOTS 0.0000 tGradient 1.7650 tsec 2.1500
#GCMRL#  428 dt  44.800000 rms  0.504  0.029% neg 0  invalid 762 tFOTS 0.0000 tGradient 1.7680 tsec 2.1610
#GCMRL#  429 dt  44.800000 rms  0.504  0.044% neg 0  invalid 762 tFOTS 0.0000 tGradient 1.7820 tsec 2.0940
#GCMRL#  430 dt  44.800000 rms  0.504  0.048% neg 0  invalid 762 tFOTS 0.0000 tGradient 1.6820 tsec 2.1010
#GCMRL#  431 dt  44.800000 rms  0.504  0.030% neg 0  invalid 762 tFOTS 0.0000 tGradient 1.7340 tsec 2.1230
#GCMRL#  432 dt  44.800000 rms  0.503  0.045% neg 0  invalid 762 tFOTS 0.0000 tGradient 1.7470 tsec 2.0750
#GCMRL#  433 dt  44.800000 rms  0.503  0.024% neg 0  invalid 762 tFOTS 0.0000 tGradient 1.6030 tsec 1.9590
#GCMRL#  434 dt  44.800000 rms  0.503  0.052% neg 0  invalid 762 tFOTS 0.0000 tGradient 1.7640 tsec 2.1590
#GCMRL#  435 dt  44.800000 rms  0.503 -0.018% neg 0  invalid 762 tFOTS 0.0000 tGradient 1.7510 tsec 2.6150
#FOTS# QuadFit found better minimum quadopt=(dt=9.6,rms=0.50302) vs oldopt=(dt=8,rms=0.50302)
#GCMRL#  436 dt   9.600000 rms  0.503  0.002% neg 0  invalid 762 tFOTS 4.7950 tGradient 1.7550 tsec 6.8740
#FOTS# QuadFit found better minimum quadopt=(dt=38.4,rms=0.502986) vs oldopt=(dt=32,rms=0.502987)
#GCMRL#  437 dt  38.400000 rms  0.503  0.007% neg 0  invalid 762 tFOTS 4.6260 tGradient 1.6240 tsec 6.6380
#GCMRL#  438 dt  32.000000 rms  0.503  0.007% neg 0  invalid 762 tFOTS 4.2750 tGradient 1.5520 tsec 6.1930
#FOTS# QuadFit found better minimum quadopt=(dt=2.8,rms=0.502947) vs oldopt=(dt=2,rms=0.502948)
setting smoothness cost coefficient to 0.400

#GCAMreg# pass 0 level1 2 level2 0 tsec 0 sigma 2
l_jacobian=1.00 l_label=1.00 l_log_likelihood=0.20 l_smoothness=0.40 
tol=5.00e-02, dt=5.00e-02, exp_k=20.0, momentum=0.90, levels=6, niter=500, lbl_dist=10.00, avgs=4, sigma=2.0,type=2, relabel=0, neg=no

blurring input image with Gaussian with sigma=2.000...
GCAMRegisterLevel(): init RMS 0.528598
#GCMRL#  440 dt   0.000000 rms  0.528  0.063% neg 0  invalid 762 tFOTS 3.6090 tGradient 1.3360 tsec 5.2740
#GCMRL#  441 dt   0.150000 rms  0.528  0.000% neg 0  invalid 762 tFOTS 3.7190 tGradient 1.3770 tsec 5.6490

#GCAMreg# pass 0 level1 2 level2 1 tsec 21.091 sigma 0.5
l_jacobian=1.00 l_label=1.00 l_log_likelihood=0.20 l_smoothness=0.40 
tol=5.00e-02, dt=5.00e-02, exp_k=20.0, momentum=0.90, levels=6, niter=500, lbl_dist=10.00, avgs=4, sigma=0.5,type=2, relabel=0, neg=no

blurring input image with Gaussian with sigma=0.500...
GCAMRegisterLevel(): init RMS 0.528598
#GCMRL#  443 dt   0.000000 rms  0.528  0.063% neg 0  invalid 762 tFOTS 3.7570 tGradient 1.4610 tsec 5.5560
#GCMRL#  444 dt   0.150000 rms  0.528  0.000% neg 0  invalid 762 tFOTS 3.6190 tGradient 1.3970 tsec 5.5580
setting smoothness cost coefficient to 1.000

#GCAMreg# pass 0 level1 1 level2 0 tsec 0 sigma 2
l_jacobian=1.00 l_label=1.00 l_log_likelihood=0.20 l_smoothness=1.00 
tol=5.00e-02, dt=5.00e-02, exp_k=20.0, momentum=0.90, levels=6, niter=500, lbl_dist=10.00, avgs=1, sigma=2.0,type=2, relabel=0, neg=no

blurring input image with Gaussian with sigma=2.000...
GCAMRegisterLevel(): init RMS 0.578695
#FOTS# QuadFit found better minimum quadopt=(dt=1.536,rms=0.572768) vs oldopt=(dt=1.28,rms=0.573009)
#GCMRL#  446 dt   1.536000 rms  0.573  1.024% neg 0  invalid 762 tFOTS 3.9090 tGradient 1.2090 tsec 5.4550
#FOTS# QuadFit found better minimum quadopt=(dt=0.448,rms=0.57243) vs oldopt=(dt=0.32,rms=0.572491)
#GCMRL#  447 dt   0.448000 rms  0.572  0.059% neg 0  invalid 762 tFOTS 3.6040 tGradient 1.2380 tsec 5.1450
#GCMRL#  448 dt   0.320000 rms  0.572  0.000% neg 0  invalid 762 tFOTS 4.0710 tGradient 1.1480 tsec 5.6450

#GCAMreg# pass 0 level1 1 level2 1 tsec 26.034 sigma 0.5
l_jacobian=1.00 l_label=1.00 l_log_likelihood=0.20 l_smoothness=1.00 
tol=5.00e-02, dt=5.00e-02, exp_k=20.0, momentum=0.90, levels=6, niter=500, lbl_dist=10.00, avgs=1, sigma=0.5,type=2, relabel=0, neg=no

blurring input image with Gaussian with sigma=0.500...
GCAMRegisterLevel(): init RMS 0.572649
#FOTS# QuadFit found better minimum quadopt=(dt=0.448,rms=0.572008) vs oldopt=(dt=0.32,rms=0.572076)
#GCMRL#  450 dt   0.448000 rms  0.572  0.112% neg 0  invalid 762 tFOTS 3.7230 tGradient 1.1550 tsec 5.2060
#FOTS# QuadFit found better minimum quadopt=(dt=0.448,rms=0.57186) vs oldopt=(dt=0.32,rms=0.571879)
#GCMRL#  451 dt   0.448000 rms  0.572  0.000% neg 0  invalid 762 tFOTS 3.8380 tGradient 1.2410 tsec 5.4420
#GCMRL#  452 dt   0.448000 rms  0.572  0.001% neg 0  invalid 762 tFOTS 0.0000 tGradient 1.1740 tsec 1.4400
resetting metric properties...
setting smoothness cost coefficient to 2.000

#GCAMreg# pass 0 level1 0 level2 0 tsec 0 sigma 2
l_jacobian=1.00 l_label=1.00 l_log_likelihood=0.20 l_smoothness=2.00 
tol=5.00e-02, dt=5.00e-02, exp_k=20.0, momentum=0.90, levels=6, niter=500, lbl_dist=10.00, avgs=0, sigma=2.0,type=2, relabel=0, neg=no

blurring input image with Gaussian with sigma=2.000...
GCAMRegisterLevel(): init RMS 0.520846
#FOTS# QuadFit found better minimum quadopt=(dt=0.448,rms=0.50707) vs oldopt=(dt=0.32,rms=0.510727)
#GCMRL#  454 dt   0.448000 rms  0.507  2.645% neg 0  invalid 762 tFOTS 3.5080 tGradient 0.9480 tsec 4.8520
#FOTS# QuadFit found better minimum quadopt=(dt=0.448,rms=0.503961) vs oldopt=(dt=0.32,rms=0.504825)
#GCMRL#  455 dt   0.448000 rms  0.504  0.613% neg 0  invalid 762 tFOTS 3.8080 tGradient 0.7400 tsec 4.8860
#FOTS# QuadFit found better minimum quadopt=(dt=0.448,rms=0.501864) vs oldopt=(dt=0.32,rms=0.502447)
#GCMRL#  456 dt   0.448000 rms  0.502  0.416% neg 0  invalid 762 tFOTS 3.5580 tGradient 0.7660 tsec 4.6210
#FOTS# QuadFit found better minimum quadopt=(dt=0.448,rms=0.500745) vs oldopt=(dt=0.32,rms=0.501051)
#GCMRL#  457 dt   0.448000 rms  0.501  0.223% neg 0  invalid 762 tFOTS 3.7130 tGradient 0.6750 tsec 4.7260
#FOTS# QuadFit found better minimum quadopt=(dt=0.448,rms=0.499725) vs oldopt=(dt=0.32,rms=0.499995)
#GCMRL#  458 dt   0.448000 rms  0.500  0.204% neg 0  invalid 762 tFOTS 3.6100 tGradient 0.7970 tsec 4.7320
#FOTS# QuadFit found better minimum quadopt=(dt=0.448,rms=0.499168) vs oldopt=(dt=0.32,rms=0.499308)
#GCMRL#  459 dt   0.448000 rms  0.499  0.111% neg 0  invalid 762 tFOTS 3.7520 tGradient 0.6930 tsec 4.7810
#GCMRL#  460 dt   0.320000 rms  0.499  0.097% neg 0  invalid 762 tFOTS 3.5720 tGradient 0.7090 tsec 4.6240
#FOTS# QuadFit found better minimum quadopt=(dt=0.384,rms=0.498246) vs oldopt=(dt=0.32,rms=0.498313)
#GCMRL#  461 dt   0.384000 rms  0.498  0.088% neg 0  invalid 762 tFOTS 3.5820 tGradient 0.7350 tsec 4.6430
#FOTS# QuadFit found better minimum quadopt=(dt=0.112,rms=0.498131) vs oldopt=(dt=0.08,rms=0.498162)
#GCMRL#  462 dt   0.112000 rms  0.498  0.000% neg 0  invalid 762 tFOTS 3.4670 tGradient 0.7230 tsec 4.5500
#GCMRL#  463 dt   0.112000 rms  0.498  0.022% neg 0  invalid 762 tFOTS 0.0000 tGradient 0.7620 tsec 1.0860
#GCMRL#  464 dt   0.112000 rms  0.498  0.038% neg 0  invalid 762 tFOTS 0.0000 tGradient 0.7610 tsec 1.0800
#GCMRL#  465 dt   0.112000 rms  0.498  0.052% neg 0  invalid 762 tFOTS 0.0000 tGradient 0.7540 tsec 1.0910
#GCMRL#  466 dt   0.112000 rms  0.497  0.061% neg 0  invalid 762 tFOTS 0.0000 tGradient 0.7870 tsec 1.1230
#GCMRL#  467 dt   0.112000 rms  0.497  0.063% neg 0  invalid 762 tFOTS 0.0000 tGradient 0.7620 tsec 1.0950
#GCMRL#  468 dt   0.112000 rms  0.497  0.065% neg 0  invalid 762 tFOTS 0.0000 tGradient 0.8310 tsec 1.1790
#GCMRL#  469 dt   0.112000 rms  0.496  0.065% neg 0  invalid 762 tFOTS 0.0000 tGradient 0.8140 tsec 1.1790
#GCMRL#  470 dt   0.112000 rms  0.496  0.058% neg 0  invalid 762 tFOTS 0.0000 tGradient 0.8440 tsec 1.2520
#GCMRL#  471 dt   0.112000 rms  0.496  0.056% neg 0  invalid 762 tFOTS 0.0000 tGradient 0.8050 tsec 1.1560
#GCMRL#  472 dt   0.112000 rms  0.495  0.051% neg 0  invalid 762 tFOTS 0.0000 tGradient 0.7990 tsec 1.1710
#GCMRL#  473 dt   0.112000 rms  0.495  0.045% neg 0  invalid 762 tFOTS 0.0000 tGradient 0.8530 tsec 1.2450
#GCMRL#  474 dt   0.112000 rms  0.495  0.037% neg 0  invalid 762 tFOTS 0.0000 tGradient 0.8320 tsec 1.1840
#GCMRL#  475 dt   0.112000 rms  0.495  0.030% neg 0  invalid 762 tFOTS 0.0000 tGradient 0.9070 tsec 1.3210
#GCMRL#  476 dt   0.112000 rms  0.495  0.023% neg 0  invalid 762 tFOTS 0.0000 tGradient 0.9300 tsec 1.3550
#GCMRL#  477 dt   0.112000 rms  0.495  0.014% neg 0  invalid 762 tFOTS 0.0000 tGradient 0.9270 tsec 1.3740

#GCAMreg# pass 0 level1 0 level2 1 tsec 74.615 sigma 0.5
l_jacobian=1.00 l_label=1.00 l_log_likelihood=0.20 l_smoothness=2.00 
tol=5.00e-02, dt=5.00e-02, exp_k=20.0, momentum=0.90, levels=6, niter=500, lbl_dist=10.00, avgs=0, sigma=0.5,type=2, relabel=0, neg=no

blurring input image with Gaussian with sigma=0.500...
GCAMRegisterLevel(): init RMS 0.495162
#GCMRL#  479 dt   0.320000 rms  0.493  0.489% neg 0  invalid 762 tFOTS 5.0960 tGradient 0.8780 tsec 6.3930
#FOTS# QuadFit found better minimum quadopt=(dt=0.112,rms=0.492467) vs oldopt=(dt=0.08,rms=0.492541)
#GCMRL#  480 dt   0.112000 rms  0.492  0.055% neg 0  invalid 762 tFOTS 4.4620 tGradient 0.9120 tsec 5.7940
#FOTS# QuadFit found better minimum quadopt=(dt=0.112,rms=0.492268) vs oldopt=(dt=0.08,rms=0.492326)
#GCMRL#  481 dt   0.112000 rms  0.492  0.000% neg 0  invalid 762 tFOTS 4.3790 tGradient 0.9180 tsec 5.7350
#GCMRL#  482 dt   0.112000 rms  0.492  0.034% neg 0  invalid 762 tFOTS 0.0000 tGradient 0.8340 tsec 1.2080
#GCMRL#  483 dt   0.112000 rms  0.492  0.051% neg 0  invalid 762 tFOTS 0.0000 tGradient 0.9040 tsec 1.3080
#GCMRL#  484 dt   0.112000 rms  0.492  0.056% neg 0  invalid 762 tFOTS 0.0000 tGradient 0.8720 tsec 1.3020
#GCMRL#  485 dt   0.112000 rms  0.491  0.042% neg 0  invalid 762 tFOTS 0.0000 tGradient 1.0220 tsec 1.4250
#GCMRL#  486 dt   0.112000 rms  0.491  0.021% neg 0  invalid 762 tFOTS 0.0000 tGradient 0.8350 tsec 1.2260
#GCMRL#  487 dt   0.112000 rms  0.491 -0.005% neg 0  invalid 762 tFOTS 0.0000 tGradient 0.8700 tsec 1.5580
GCAMregister done in 27.6581 min
********************* ALLOWING NEGATIVE NODES IN DEFORMATION********************************
noneg post
Starting GCAMregister()
label assignment complete, 0 changed (0.00%)
npasses = 1, nlevels = 6
#pass# 1 of 1 ************************
enabling zero nodes
setting smoothness cost coefficient to 0.008

#GCAMreg# pass 0 level1 5 level2 0 tsec 0 sigma 2
l_jacobian=1.00 l_label=1.00 l_log_likelihood=0.20 l_smoothness=0.01 
tol=2.50e-01, dt=5.00e-02, exp_k=20.0, momentum=0.90, levels=6, niter=500, lbl_dist=10.00, avgs=256, sigma=2.0,type=2, relabel=0, neg=yes

blurring input image with Gaussian with sigma=2.000...
GCAMRegisterLevel(): init RMS 0.488862
#GCMRL#  489 dt   0.000000 rms  0.488  0.083% neg 0  invalid 762 tFOTS 5.4760 tGradient 2.3150 tsec 8.2010

#GCAMreg# pass 0 level1 5 level2 1 tsec 25 sigma 0.5
l_jacobian=1.00 l_label=1.00 l_log_likelihood=0.20 l_smoothness=0.01 
tol=2.50e-01, dt=5.00e-02, exp_k=20.0, momentum=0.90, levels=6, niter=500, lbl_dist=10.00, avgs=256, sigma=0.5,type=2, relabel=0, neg=yes

blurring input image with Gaussian with sigma=0.500...
GCAMRegisterLevel(): init RMS 0.488862
#GCMRL#  491 dt   0.000000 rms  0.488  0.083% neg 0  invalid 762 tFOTS 5.3880 tGradient 2.4530 tsec 8.2510
setting smoothness cost coefficient to 0.031

#GCAMreg# pass 0 level1 4 level2 0 tsec 0 sigma 2
l_jacobian=1.00 l_label=1.00 l_log_likelihood=0.20 l_smoothness=0.03 
tol=2.50e-01, dt=5.00e-02, exp_k=20.0, momentum=0.90, levels=6, niter=500, lbl_dist=10.00, avgs=64, sigma=2.0,type=2, relabel=0, neg=yes

blurring input image with Gaussian with sigma=2.000...
GCAMRegisterLevel(): init RMS 0.488894
#GCMRL#  493 dt  25.920000 rms  0.488  0.133% neg 0  invalid 762 tFOTS 6.0760 tGradient 1.9480 tsec 8.4430
#FOTS# QuadFit found better minimum quadopt=(dt=31.104,rms=0.488111) vs oldopt=(dt=25.92,rms=0.488113)
#GCMRL#  494 dt  31.104000 rms  0.488  0.000% neg 0  invalid 762 tFOTS 5.7520 tGradient 1.8600 tsec 8.0650
#GCMRL#  495 dt  31.104000 rms  0.488  0.029% neg 0  invalid 762 tFOTS 0.0000 tGradient 2.0480 tsec 2.4150
#GCMRL#  496 dt  31.104000 rms  0.488  0.006% neg 0  invalid 762 tFOTS 0.0000 tGradient 2.1120 tsec 2.4820

#GCAMreg# pass 0 level1 4 level2 1 tsec 31.896 sigma 0.5
l_jacobian=1.00 l_label=1.00 l_log_likelihood=0.20 l_smoothness=0.03 
tol=2.50e-01, dt=5.00e-02, exp_k=20.0, momentum=0.90, levels=6, niter=500, lbl_dist=10.00, avgs=64, sigma=0.5,type=2, relabel=0, neg=yes

blurring input image with Gaussian with sigma=0.500...
GCAMRegisterLevel(): init RMS 0.488337
#FOTS# QuadFit found better minimum quadopt=(dt=67.8788,rms=0.486265) vs oldopt=(dt=103.68,rms=0.486705)
#GCMRL#  498 dt  67.878788 rms  0.486  0.424% neg 0  invalid 762 tFOTS 6.0170 tGradient 1.8110 tsec 8.1710
#FOTS# QuadFit found better minimum quadopt=(dt=65.2387,rms=0.484813) vs oldopt=(dt=103.68,rms=0.48523)
#GCMRL#  499 dt  65.238710 rms  0.485  0.298% neg 0  invalid 762 tFOTS 5.5740 tGradient 1.8190 tsec 7.7580
#FOTS# QuadFit found better minimum quadopt=(dt=9.072,rms=0.484721) vs oldopt=(dt=6.48,rms=0.48474)
#GCMRL#  500 dt   9.072000 rms  0.485  0.000% neg 0  invalid 762 tFOTS 5.1660 tGradient 1.6530 tsec 7.1820
#GCMRL#  501 dt   9.072000 rms  0.485  0.009% neg 0  invalid 762 tFOTS 0.0000 tGradient 1.7460 tsec 2.0730
#GCMRL#  502 dt   9.072000 rms  0.485  0.001% neg 0  invalid 762 tFOTS 0.0000 tGradient 1.8000 tsec 2.0670
setting smoothness cost coefficient to 0.118

#GCAMreg# pass 0 level1 3 level2 0 tsec 0 sigma 2
l_jacobian=1.00 l_label=1.00 l_log_likelihood=0.20 l_smoothness=0.12 
tol=2.50e-01, dt=5.00e-02, exp_k=20.0, momentum=0.90, levels=6, niter=500, lbl_dist=10.00, avgs=16, sigma=2.0,type=2, relabel=0, neg=yes

blurring input image with Gaussian with sigma=2.000...
GCAMRegisterLevel(): init RMS 0.485298
#FOTS# QuadFit found better minimum quadopt=(dt=37.9048,rms=0.481511) vs oldopt=(dt=32,rms=0.481538)
#GCMRL#  504 dt  37.904762 rms  0.482  0.780% neg 0  invalid 762 tFOTS 6.5800 tGradient 1.6660 tsec 8.6770
#FOTS# QuadFit found better minimum quadopt=(dt=38.4,rms=0.479339) vs oldopt=(dt=32,rms=0.47935)
#GCMRL#  505 dt  38.400000 rms  0.479  0.451% neg 0  invalid 762 tFOTS 6.0070 tGradient 1.7540 tsec 8.1590
#FOTS# QuadFit found better minimum quadopt=(dt=21.7275,rms=0.47773) vs oldopt=(dt=32,rms=0.478139)
#GCMRL#  506 dt  21.727483 rms  0.478  0.336% neg 0  invalid 762 tFOTS 6.1850 tGradient 1.6440 tsec 8.2340
#FOTS# QuadFit found better minimum quadopt=(dt=25.2754,rms=0.477119) vs oldopt=(dt=32,rms=0.477217)
#GCMRL#  507 dt  25.275362 rms  0.477  0.000% neg 0  invalid 762 tFOTS 6.0460 tGradient 1.5820 tsec 8.0330
#GCMRL#  508 dt  25.275362 rms  0.476  0.162% neg 0  invalid 762 tFOTS 0.0000 tGradient 1.5950 tsec 1.9610
#GCMRL#  509 dt  25.275362 rms  0.475  0.187% neg 0  invalid 762 tFOTS 0.0000 tGradient 1.6520 tsec 1.9920
iter 0, gcam->neg = 5
after 3 iterations, nbhd size=0, neg = 0
#GCMRL#  510 dt  25.275362 rms  0.475  0.163% neg 0  invalid 762 tFOTS 0.0000 tGradient 1.6310 tsec 3.6350
iter 0, gcam->neg = 12
after 9 iterations, nbhd size=1, neg = 0
#GCMRL#  511 dt  25.275362 rms  0.474  0.098% neg 0  invalid 762 tFOTS 0.0000 tGradient 1.5400 tsec 5.5990
iter 0, gcam->neg = 40
after 15 iterations, nbhd size=1, neg = 0
#GCMRL#  512 dt  25.275362 rms  0.474  0.063% neg 0  invalid 762 tFOTS 0.0000 tGradient 1.6030 tsec 7.4460
#FOTS# QuadFit found better minimum quadopt=(dt=25.6,rms=0.47348) vs oldopt=(dt=32,rms=0.473522)
iter 0, gcam->neg = 2
after 1 iterations, nbhd size=0, neg = 0
#GCMRL#  513 dt  25.600000 rms  0.473  0.092% neg 0  invalid 762 tFOTS 5.8680 tGradient 1.5950 tsec 8.8340
#FOTS# QuadFit found better minimum quadopt=(dt=25.6,rms=0.473099) vs oldopt=(dt=32,rms=0.473134)
iter 0, gcam->neg = 4
after 6 iterations, nbhd size=0, neg = 0
#GCMRL#  514 dt  25.600000 rms  0.473  0.000% neg 0  invalid 762 tFOTS 6.5950 tGradient 1.5440 tsec 11.2070
iter 0, gcam->neg = 5
after 3 iterations, nbhd size=0, neg = 0
#GCMRL#  515 dt  25.600000 rms  0.473  0.035% neg 0  invalid 762 tFOTS 0.0000 tGradient 1.4740 tsec 3.4580
iter 0, gcam->neg = 6
after 4 iterations, nbhd size=0, neg = 0
#GCMRL#  516 dt  25.600000 rms  0.473  0.090% neg 0  invalid 762 tFOTS 0.0000 tGradient 1.6290 tsec 4.1040
iter 0, gcam->neg = 10
after 3 iterations, nbhd size=0, neg = 0
#GCMRL#  517 dt  25.600000 rms  0.472  0.090% neg 0  invalid 762 tFOTS 0.0000 tGradient 1.5080 tsec 3.5840
iter 0, gcam->neg = 11
after 5 iterations, nbhd size=0, neg = 0
#GCMRL#  518 dt  25.600000 rms  0.472  0.065% neg 0  invalid 762 tFOTS 0.0000 tGradient 1.5000 tsec 4.4720
iter 0, gcam->neg = 14
after 6 iterations, nbhd size=0, neg = 0

#GCAMreg# pass 0 level1 3 level2 1 tsec 102.291 sigma 0.5
l_jacobian=1.00 l_label=1.00 l_log_likelihood=0.20 l_smoothness=0.12 
tol=2.50e-01, dt=5.00e-02, exp_k=20.0, momentum=0.90, levels=6, niter=500, lbl_dist=10.00, avgs=16, sigma=0.5,type=2, relabel=0, neg=yes

blurring input image with Gaussian with sigma=0.500...
GCAMRegisterLevel(): init RMS 0.472078
#FOTS# QuadFit found better minimum quadopt=(dt=44.8,rms=0.467806) vs oldopt=(dt=32,rms=0.468207)
#GCMRL#  520 dt  44.800000 rms  0.468  0.905% neg 0  invalid 762 tFOTS 5.9670 tGradient 1.6900 tsec 8.0450
#FOTS# QuadFit found better minimum quadopt=(dt=24.053,rms=0.466648) vs oldopt=(dt=32,rms=0.466847)
#GCMRL#  521 dt  24.052980 rms  0.467  0.000% neg 0  invalid 762 tFOTS 6.1090 tGradient 1.5250 tsec 8.0320
#GCMRL#  522 dt  24.052980 rms  0.465  0.269% neg 0  invalid 762 tFOTS 0.0000 tGradient 1.3900 tsec 1.7090
#GCMRL#  523 dt  24.052980 rms  0.464  0.233% neg 0  invalid 762 tFOTS 0.0000 tGradient 1.5780 tsec 1.9260
iter 0, gcam->neg = 9
after 6 iterations, nbhd size=0, neg = 0
#GCMRL#  524 dt  24.052980 rms  0.463  0.181% neg 0  invalid 762 tFOTS 0.0000 tGradient 1.4820 tsec 4.4930
iter 0, gcam->neg = 8
after 5 iterations, nbhd size=0, neg = 0
#GCMRL#  525 dt  24.052980 rms  0.463  0.102% neg 0  invalid 762 tFOTS 0.0000 tGradient 1.4970 tsec 4.0720
iter 0, gcam->neg = 15
after 7 iterations, nbhd size=0, neg = 0
#GCMRL#  526 dt  24.052980 rms  0.463  0.050% neg 0  invalid 762 tFOTS 0.0000 tGradient 1.6740 tsec 5.1270
#FOTS# QuadFit found better minimum quadopt=(dt=25.6,rms=0.462578) vs oldopt=(dt=32,rms=0.4626)
#GCMRL#  527 dt  25.600000 rms  0.463  0.000% neg 0  invalid 762 tFOTS 5.9570 tGradient 1.8480 tsec 8.2170
#GCMRL#  528 dt  25.600000 rms  0.462  0.057% neg 0  invalid 762 tFOTS 0.0000 tGradient 1.5830 tsec 1.9240
#GCMRL#  529 dt  25.600000 rms  0.462  0.044% neg 0  invalid 762 tFOTS 0.0000 tGradient 1.5900 tsec 1.9380
iter 0, gcam->neg = 1
after 3 iterations, nbhd size=0, neg = 0
#GCMRL#  530 dt  25.600000 rms  0.462  0.044% neg 0  invalid 762 tFOTS 0.0000 tGradient 1.7100 tsec 3.7510
#GCMRL#  531 dt  25.600000 rms  0.461  0.117% neg 0  invalid 762 tFOTS 0.0000 tGradient 1.4420 tsec 1.7430
iter 0, gcam->neg = 3
after 6 iterations, nbhd size=0, neg = 0
#GCMRL#  532 dt  25.600000 rms  0.461  0.124% neg 0  invalid 762 tFOTS 0.0000 tGradient 1.4760 tsec 4.8270
iter 0, gcam->neg = 4
after 4 iterations, nbhd size=0, neg = 0
setting smoothness cost coefficient to 0.400

#GCAMreg# pass 0 level1 2 level2 0 tsec 0 sigma 2
l_jacobian=1.00 l_label=1.00 l_log_likelihood=0.20 l_smoothness=0.40 
tol=2.50e-01, dt=5.00e-02, exp_k=20.0, momentum=0.90, levels=6, niter=500, lbl_dist=10.00, avgs=4, sigma=2.0,type=2, relabel=0, neg=yes

blurring input image with Gaussian with sigma=2.000...
GCAMRegisterLevel(): init RMS 0.466619
#FOTS# QuadFit found better minimum quadopt=(dt=1.66667,rms=0.466182) vs oldopt=(dt=0.72,rms=0.46619)
#GCMRL#  534 dt   1.666667 rms  0.466  0.094% neg 0  invalid 762 tFOTS 5.9970 tGradient 1.6160 tsec 8.0240
#FOTS# QuadFit found better minimum quadopt=(dt=0.252,rms=0.46618) vs oldopt=(dt=0.18,rms=0.46618)
#GCMRL#  535 dt   0.252000 rms  0.466  0.000% neg 0  invalid 762 tFOTS 6.5460 tGradient 1.5440 tsec 8.5290
#GCMRL#  536 dt   0.252000 rms  0.466  0.001% neg 0  invalid 762 tFOTS 0.0000 tGradient 1.5210 tsec 1.9100

#GCAMreg# pass 0 level1 2 level2 1 tsec 28.907 sigma 0.5
l_jacobian=1.00 l_label=1.00 l_log_likelihood=0.20 l_smoothness=0.40 
tol=2.50e-01, dt=5.00e-02, exp_k=20.0, momentum=0.90, levels=6, niter=500, lbl_dist=10.00, avgs=4, sigma=0.5,type=2, relabel=0, neg=yes

blurring input image with Gaussian with sigma=0.500...
GCAMRegisterLevel(): init RMS 0.466572
#FOTS# QuadFit found better minimum quadopt=(dt=3.77778,rms=0.46596) vs oldopt=(dt=2.88,rms=0.465974)
#GCMRL#  538 dt   3.777778 rms  0.466  0.131% neg 0  invalid 762 tFOTS 6.3980 tGradient 1.6080 tsec 8.4310
#FOTS# QuadFit found better minimum quadopt=(dt=4.032,rms=0.46585) vs oldopt=(dt=2.88,rms=0.465858)
#GCMRL#  539 dt   4.032000 rms  0.466  0.000% neg 0  invalid 762 tFOTS 6.0300 tGradient 1.5600 tsec 7.9960
#GCMRL#  540 dt   4.032000 rms  0.466  0.022% neg 0  invalid 762 tFOTS 0.0000 tGradient 1.3460 tsec 1.6670
setting smoothness cost coefficient to 1.000

#GCAMreg# pass 0 level1 1 level2 0 tsec 0 sigma 2
l_jacobian=1.00 l_label=1.00 l_log_likelihood=0.20 l_smoothness=1.00 
tol=2.50e-01, dt=5.00e-02, exp_k=20.0, momentum=0.90, levels=6, niter=500, lbl_dist=10.00, avgs=1, sigma=2.0,type=2, relabel=0, neg=yes

blurring input image with Gaussian with sigma=2.000...
GCAMRegisterLevel(): init RMS 0.474329
#GCMRL#  542 dt   0.000000 rms  0.474  0.081% neg 0  invalid 762 tFOTS 5.2820 tGradient 1.2890 tsec 6.9470

#GCAMreg# pass 0 level1 1 level2 1 tsec 22.438 sigma 0.5
l_jacobian=1.00 l_label=1.00 l_log_likelihood=0.20 l_smoothness=1.00 
tol=2.50e-01, dt=5.00e-02, exp_k=20.0, momentum=0.90, levels=6, niter=500, lbl_dist=10.00, avgs=1, sigma=0.5,type=2, relabel=0, neg=yes

blurring input image with Gaussian with sigma=0.500...
GCAMRegisterLevel(): init RMS 0.474329
#FOTS# QuadFit found better minimum quadopt=(dt=0.448,rms=0.4738) vs oldopt=(dt=0.32,rms=0.473826)
#GCMRL#  544 dt   0.448000 rms  0.474  0.111% neg 0  invalid 762 tFOTS 5.2670 tGradient 1.2200 tsec 6.8670
#FOTS# QuadFit found better minimum quadopt=(dt=0.448,rms=0.473734) vs oldopt=(dt=0.32,rms=0.473742)
#GCMRL#  545 dt   0.448000 rms  0.474  0.000% neg 0  invalid 762 tFOTS 5.2980 tGradient 1.3060 tsec 6.9830
#GCMRL#  546 dt   0.448000 rms  0.474  0.006% neg 0  invalid 762 tFOTS 0.0000 tGradient 1.1810 tsec 1.5240
resetting metric properties...
setting smoothness cost coefficient to 2.000

#GCAMreg# pass 0 level1 0 level2 0 tsec 0 sigma 2
l_jacobian=1.00 l_label=1.00 l_log_likelihood=0.20 l_smoothness=2.00 
tol=2.50e-01, dt=5.00e-02, exp_k=20.0, momentum=0.90, levels=6, niter=500, lbl_dist=10.00, avgs=0, sigma=2.0,type=2, relabel=0, neg=yes

blurring input image with Gaussian with sigma=2.000...
GCAMRegisterLevel(): init RMS 0.462959
#FOTS# QuadFit found better minimum quadopt=(dt=1.83892,rms=0.437799) vs oldopt=(dt=1.28,rms=0.440328)
iter 0, gcam->neg = 690
after 15 iterations, nbhd size=1, neg = 0
#GCMRL#  548 dt   1.838919 rms  0.440  5.026% neg 0  invalid 762 tFOTS 6.3550 tGradient 0.9120 tsec 13.8030
#FOTS# QuadFit found better minimum quadopt=(dt=0.028,rms=0.439626) vs oldopt=(dt=0.02,rms=0.439628)
#GCMRL#  549 dt   0.028000 rms  0.440  0.000% neg 0  invalid 762 tFOTS 6.8210 tGradient 0.9860 tsec 8.2700

#GCAMreg# pass 0 level1 0 level2 1 tsec 31.961 sigma 0.5
l_jacobian=1.00 l_label=1.00 l_log_likelihood=0.20 l_smoothness=2.00 
tol=2.50e-01, dt=5.00e-02, exp_k=20.0, momentum=0.90, levels=6, niter=500, lbl_dist=10.00, avgs=0, sigma=0.5,type=2, relabel=0, neg=yes

blurring input image with Gaussian with sigma=0.500...
GCAMRegisterLevel(): init RMS 0.440101
#FOTS# QuadFit found better minimum quadopt=(dt=0.048,rms=0.439527) vs oldopt=(dt=0.08,rms=0.439549)
#GCMRL#  551 dt   0.048000 rms  0.440  0.130% neg 0  invalid 762 tFOTS 6.5370 tGradient 0.9250 tsec 7.8500
#FOTS# QuadFit found better minimum quadopt=(dt=0.006,rms=0.439526) vs oldopt=(dt=0.005,rms=0.439526)
#GCMRL#  552 dt   0.006000 rms  0.440  0.000% neg 0  invalid 762 tFOTS 5.8400 tGradient 0.7900 tsec 7.0450
#GCMRL#  553 dt   0.006000 rms  0.440  0.001% neg 0  invalid 762 tFOTS 0.0000 tGradient 0.9230 tsec 1.3560
label assignment complete, 0 changed (0.00%)
GCAMregister done in 6.87777 min
Starting GCAMcomputeMaxPriorLabels()
Morphing with label term set to 0 *******************************
Starting GCAMregister()
label assignment complete, 0 changed (0.00%)
npasses = 1, nlevels = 6
#pass# 1 of 1 ************************
enabling zero nodes
setting smoothness cost coefficient to 0.008

#GCAMreg# pass 0 level1 5 level2 0 tsec 0 sigma 2
l_jacobian=1.00 l_log_likelihood=0.20 l_smoothness=0.01 
tol=2.50e-01, dt=5.00e-02, exp_k=20.0, momentum=0.90, levels=6, niter=500, lbl_dist=10.00, avgs=256, sigma=2.0,type=2, relabel=0, neg=yes

blurring input image with Gaussian with sigma=2.000...
GCAMRegisterLevel(): init RMS 0.428678

#GCAMreg# pass 0 level1 5 level2 1 tsec 16.672 sigma 0.5
l_jacobian=1.00 l_log_likelihood=0.20 l_smoothness=0.01 
tol=2.50e-01, dt=5.00e-02, exp_k=20.0, momentum=0.90, levels=6, niter=500, lbl_dist=10.00, avgs=256, sigma=0.5,type=2, relabel=0, neg=yes

blurring input image with Gaussian with sigma=0.500...
GCAMRegisterLevel(): init RMS 0.428678
setting smoothness cost coefficient to 0.031

#GCAMreg# pass 0 level1 4 level2 0 tsec 0 sigma 2
l_jacobian=1.00 l_log_likelihood=0.20 l_smoothness=0.03 
tol=2.50e-01, dt=5.00e-02, exp_k=20.0, momentum=0.90, levels=6, niter=500, lbl_dist=10.00, avgs=64, sigma=2.0,type=2, relabel=0, neg=yes

blurring input image with Gaussian with sigma=2.000...
GCAMRegisterLevel(): init RMS 0.42881

#GCAMreg# pass 0 level1 4 level2 1 tsec 14.102 sigma 0.5
l_jacobian=1.00 l_log_likelihood=0.20 l_smoothness=0.03 
tol=2.50e-01, dt=5.00e-02, exp_k=20.0, momentum=0.90, levels=6, niter=500, lbl_dist=10.00, avgs=64, sigma=0.5,type=2, relabel=0, neg=yes

blurring input image with Gaussian with sigma=0.500...
GCAMRegisterLevel(): init RMS 0.42881
#GCMRL#  558 dt   6.480000 rms  0.429  0.001% neg 0  invalid 762 tFOTS 5.1740 tGradient 1.1690 tsec 6.7060
#FOTS# QuadFit found better minimum quadopt=(dt=2.268,rms=0.428805) vs oldopt=(dt=1.62,rms=0.428805)
#GCMRL#  559 dt   2.268000 rms  0.429  0.000% neg 0  invalid 762 tFOTS 5.2050 tGradient 1.1450 tsec 6.6970
#GCMRL#  560 dt   2.268000 rms  0.429  0.000% neg 0  invalid 762 tFOTS 0.0000 tGradient 1.3450 tsec 1.6490
setting smoothness cost coefficient to 0.118

#GCAMreg# pass 0 level1 3 level2 0 tsec 0 sigma 2
l_jacobian=1.00 l_log_likelihood=0.20 l_smoothness=0.12 
tol=2.50e-01, dt=5.00e-02, exp_k=20.0, momentum=0.90, levels=6, niter=500, lbl_dist=10.00, avgs=16, sigma=2.0,type=2, relabel=0, neg=yes

blurring input image with Gaussian with sigma=2.000...
GCAMRegisterLevel(): init RMS 0.429305
#GCMRL#  562 dt   8.000000 rms  0.429  0.062% neg 0  invalid 762 tFOTS 4.5570 tGradient 1.2020 tsec 6.0750
#FOTS# QuadFit found better minimum quadopt=(dt=2.8,rms=0.429009) vs oldopt=(dt=2,rms=0.429014)
#GCMRL#  563 dt   2.800000 rms  0.429  0.000% neg 0  invalid 762 tFOTS 4.7250 tGradient 0.9290 tsec 6.0080
#GCMRL#  564 dt   2.800000 rms  0.429  0.003% neg 0  invalid 762 tFOTS 0.0000 tGradient 1.0100 tsec 1.2950

#GCAMreg# pass 0 level1 3 level2 1 tsec 23.245 sigma 0.5
l_jacobian=1.00 l_log_likelihood=0.20 l_smoothness=0.12 
tol=2.50e-01, dt=5.00e-02, exp_k=20.0, momentum=0.90, levels=6, niter=500, lbl_dist=10.00, avgs=16, sigma=0.5,type=2, relabel=0, neg=yes

blurring input image with Gaussian with sigma=0.500...
GCAMRegisterLevel(): init RMS 0.428996
#FOTS# QuadFit found better minimum quadopt=(dt=44.8,rms=0.427152) vs oldopt=(dt=32,rms=0.427335)
iter 0, gcam->neg = 2
after 7 iterations, nbhd size=0, neg = 0
#GCMRL#  566 dt  44.800000 rms  0.427  0.429% neg 0  invalid 762 tFOTS 4.9240 tGradient 1.2090 tsec 9.2400
#FOTS# QuadFit found better minimum quadopt=(dt=25.6,rms=0.426422) vs oldopt=(dt=32,rms=0.42644)
iter 0, gcam->neg = 1
after 1 iterations, nbhd size=0, neg = 0
#GCMRL#  567 dt  25.600000 rms  0.426  0.000% neg 0  invalid 762 tFOTS 5.1340 tGradient 0.9690 tsec 7.4260
iter 0, gcam->neg = 1
after 0 iterations, nbhd size=0, neg = 0
#GCMRL#  568 dt  25.600000 rms  0.426  0.073% neg 0  invalid 762 tFOTS 0.0000 tGradient 1.0820 tsec 1.9840
iter 0, gcam->neg = 6
after 2 iterations, nbhd size=0, neg = 0
#GCMRL#  569 dt  25.600000 rms  0.426  0.105% neg 0  invalid 762 tFOTS 0.0000 tGradient 1.0810 tsec 2.7390
iter 0, gcam->neg = 8
after 1 iterations, nbhd size=0, neg = 0
#GCMRL#  570 dt  25.600000 rms  0.425  0.123% neg 0  invalid 762 tFOTS 0.0000 tGradient 1.1700 tsec 2.3920
iter 0, gcam->neg = 9
after 14 iterations, nbhd size=1, neg = 0
#GCMRL#  571 dt  25.600000 rms  0.425  0.052% neg 0  invalid 762 tFOTS 0.0000 tGradient 1.1020 tsec 6.6010
iter 0, gcam->neg = 21
after 16 iterations, nbhd size=1, neg = 0
#GCMRL#  572 dt  25.600000 rms  0.424  0.126% neg 0  invalid 762 tFOTS 0.0000 tGradient 1.1980 tsec 7.0250
iter 0, gcam->neg = 17
after 12 iterations, nbhd size=1, neg = 0
#GCMRL#  573 dt  25.600000 rms  0.424  0.136% neg 0  invalid 762 tFOTS 0.0000 tGradient 1.2780 tsec 5.7820
iter 0, gcam->neg = 21
after 8 iterations, nbhd size=0, neg = 0
#GCMRL#  574 dt  25.600000 rms  0.423  0.110% neg 0  invalid 762 tFOTS 0.0000 tGradient 1.0070 tsec 4.3220
iter 0, gcam->neg = 24
after 14 iterations, nbhd size=1, neg = 0
#GCMRL#  575 dt  25.600000 rms  0.423  0.041% neg 0  invalid 762 tFOTS 0.0000 tGradient 1.0170 tsec 6.2620
#FOTS# QuadFit found better minimum quadopt=(dt=25.6,rms=0.423019) vs oldopt=(dt=32,rms=0.423039)
iter 0, gcam->neg = 3
after 1 iterations, nbhd size=0, neg = 0
#GCMRL#  576 dt  25.600000 rms  0.423  0.000% neg 0  invalid 762 tFOTS 4.9410 tGradient 1.0010 tsec 7.3400
iter 0, gcam->neg = 1
after 0 iterations, nbhd size=0, neg = 0
#GCMRL#  577 dt  25.600000 rms  0.423  0.004% neg 0  invalid 762 tFOTS 0.0000 tGradient 1.0590 tsec 1.9860
iter 0, gcam->neg = 2
after 3 iterations, nbhd size=0, neg = 0
setting smoothness cost coefficient to 0.400

#GCAMreg# pass 0 level1 2 level2 0 tsec 0 sigma 2
l_jacobian=1.00 l_log_likelihood=0.20 l_smoothness=0.40 
tol=2.50e-01, dt=5.00e-02, exp_k=20.0, momentum=0.90, levels=6, niter=500, lbl_dist=10.00, avgs=4, sigma=2.0,type=2, relabel=0, neg=yes

blurring input image with Gaussian with sigma=2.000...
GCAMRegisterLevel(): init RMS 0.426988
#FOTS# QuadFit found better minimum quadopt=(dt=4.28571,rms=0.426661) vs oldopt=(dt=2.88,rms=0.426694)
iter 0, gcam->neg = 6
after 3 iterations, nbhd size=0, neg = 0
#GCMRL#  579 dt   4.285714 rms  0.427  0.070% neg 0  invalid 762 tFOTS 4.8130 tGradient 0.9090 tsec 7.6640
#FOTS# QuadFit found better minimum quadopt=(dt=1.008,rms=0.42667) vs oldopt=(dt=0.72,rms=0.426674)
iter 0, gcam->neg = 1
after 5 iterations, nbhd size=0, neg = 0
#GCMRL#  580 dt   1.008000 rms  0.427  0.000% neg 0  invalid 762 tFOTS 4.7510 tGradient 0.9210 tsec 8.2150
iter 0, gcam->neg = 3
after 1 iterations, nbhd size=0, neg = 0
#GCMRL#  581 dt   1.008000 rms  0.427  0.002% neg 0  invalid 762 tFOTS 0.0000 tGradient 0.9190 tsec 2.1330
iter 0, gcam->neg = 7
after 2 iterations, nbhd size=0, neg = 0

#GCAMreg# pass 0 level1 2 level2 1 tsec 28.822 sigma 0.5
l_jacobian=1.00 l_log_likelihood=0.20 l_smoothness=0.40 
tol=2.50e-01, dt=5.00e-02, exp_k=20.0, momentum=0.90, levels=6, niter=500, lbl_dist=10.00, avgs=4, sigma=0.5,type=2, relabel=0, neg=yes

blurring input image with Gaussian with sigma=0.500...
GCAMRegisterLevel(): init RMS 0.426674
#FOTS# QuadFit found better minimum quadopt=(dt=14.1849,rms=0.425282) vs oldopt=(dt=11.52,rms=0.42533)
iter 0, gcam->neg = 11
after 5 iterations, nbhd size=0, neg = 0
#GCMRL#  583 dt  14.184874 rms  0.425  0.328% neg 0  invalid 762 tFOTS 4.9080 tGradient 1.0050 tsec 8.3440
#FOTS# QuadFit found better minimum quadopt=(dt=23.3191,rms=0.423776) vs oldopt=(dt=11.52,rms=0.424156)
iter 0, gcam->neg = 50
after 14 iterations, nbhd size=1, neg = 0
#GCMRL#  584 dt  23.319149 rms  0.424  0.283% neg 0  invalid 762 tFOTS 4.7760 tGradient 0.9390 tsec 11.1230
#FOTS# QuadFit found better minimum quadopt=(dt=7.88489,rms=0.42353) vs oldopt=(dt=11.52,rms=0.423644)
iter 0, gcam->neg = 17
after 6 iterations, nbhd size=0, neg = 0
#GCMRL#  585 dt   7.884892 rms  0.424  0.000% neg 0  invalid 762 tFOTS 5.0750 tGradient 1.0720 tsec 8.9340
iter 0, gcam->neg = 11
after 6 iterations, nbhd size=0, neg = 0
#GCMRL#  586 dt   7.884892 rms  0.423  0.054% neg 0  invalid 762 tFOTS 0.0000 tGradient 0.9120 tsec 3.7810
iter 0, gcam->neg = 34
after 17 iterations, nbhd size=1, neg = 0
#GCMRL#  587 dt   7.884892 rms  0.423  0.046% neg 0  invalid 762 tFOTS 0.0000 tGradient 0.9080 tsec 7.3650
iter 0, gcam->neg = 32
after 8 iterations, nbhd size=0, neg = 0
#GCMRL#  588 dt   7.884892 rms  0.423  0.063% neg 0  invalid 762 tFOTS 0.0000 tGradient 0.8280 tsec 4.2400
iter 0, gcam->neg = 49
after 17 iterations, nbhd size=1, neg = 0
#GCMRL#  589 dt   7.884892 rms  0.423  0.069% neg 0  invalid 762 tFOTS 0.0000 tGradient 0.8750 tsec 7.2820
iter 0, gcam->neg = 76
after 10 iterations, nbhd size=0, neg = 0
#GCMRL#  590 dt   7.884892 rms  0.422  0.086% neg 0  invalid 762 tFOTS 0.0000 tGradient 1.1540 tsec 5.8430
iter 0, gcam->neg = 89
after 8 iterations, nbhd size=0, neg = 0
#GCMRL#  591 dt   7.884892 rms  0.422  0.075% neg 0  invalid 762 tFOTS 0.0000 tGradient 1.0880 tsec 4.7250
#FOTS# QuadFit found better minimum quadopt=(dt=9.216,rms=0.421739) vs oldopt=(dt=11.52,rms=0.421751)
iter 0, gcam->neg = 14
after 3 iterations, nbhd size=0, neg = 0
setting smoothness cost coefficient to 1.000

#GCAMreg# pass 0 level1 1 level2 0 tsec 0 sigma 2
l_jacobian=1.00 l_log_likelihood=0.20 l_smoothness=1.00 
tol=2.50e-01, dt=5.00e-02, exp_k=20.0, momentum=0.90, levels=6, niter=500, lbl_dist=10.00, avgs=1, sigma=2.0,type=2, relabel=0, neg=yes

blurring input image with Gaussian with sigma=2.000...
GCAMRegisterLevel(): init RMS 0.427634
#GCMRL#  593 dt   0.000050 rms  0.428  0.000% neg 0  invalid 762 tFOTS 6.4540 tGradient 0.7760 tsec 7.5640
#FOTS# QuadFit found better minimum quadopt=(dt=0,rms=0.427634) vs oldopt=(dt=0,rms=0.427634)
#GCMRL#  594 dt   0.100000 rms  0.428  0.000% neg 0  invalid 762 tFOTS 5.3380 tGradient 0.8620 tsec 6.5750

#GCAMreg# pass 0 level1 1 level2 1 tsec 24.079 sigma 0.5
l_jacobian=1.00 l_log_likelihood=0.20 l_smoothness=1.00 
tol=2.50e-01, dt=5.00e-02, exp_k=20.0, momentum=0.90, levels=6, niter=500, lbl_dist=10.00, avgs=1, sigma=0.5,type=2, relabel=0, neg=yes

blurring input image with Gaussian with sigma=0.500...
GCAMRegisterLevel(): init RMS 0.427634
resetting metric properties...
setting smoothness cost coefficient to 2.000

#GCAMreg# pass 0 level1 0 level2 0 tsec 0 sigma 2
l_jacobian=1.00 l_log_likelihood=0.20 l_smoothness=2.00 
tol=2.50e-01, dt=5.00e-02, exp_k=20.0, momentum=0.90, levels=6, niter=500, lbl_dist=10.00, avgs=0, sigma=2.0,type=2, relabel=0, neg=yes

blurring input image with Gaussian with sigma=2.000...
GCAMRegisterLevel(): init RMS 0.417783
#FOTS# QuadFit found better minimum quadopt=(dt=0.859381,rms=0.412153) vs oldopt=(dt=1.28,rms=0.41374)
iter 0, gcam->neg = 398
after 16 iterations, nbhd size=1, neg = 0
#GCMRL#  597 dt   0.859381 rms  0.413  1.069% neg 0  invalid 762 tFOTS 5.2230 tGradient 0.4160 tsec 12.4130
#FOTS# QuadFit found better minimum quadopt=(dt=0.096,rms=0.413214) vs oldopt=(dt=0.08,rms=0.413215)
#GCMRL#  598 dt   0.096000 rms  0.413  0.000% neg 0  invalid 762 tFOTS 5.6860 tGradient 0.2990 tsec 6.3750
#GCMRL#  599 dt   0.096000 rms  0.413  0.013% neg 0  invalid 762 tFOTS 0.0000 tGradient 0.4160 tsec 0.7970

#GCAMreg# pass 0 level1 0 level2 1 tsec 28.572 sigma 0.5
l_jacobian=1.00 l_log_likelihood=0.20 l_smoothness=2.00 
tol=2.50e-01, dt=5.00e-02, exp_k=20.0, momentum=0.90, levels=6, niter=500, lbl_dist=10.00, avgs=0, sigma=0.5,type=2, relabel=0, neg=yes

blurring input image with Gaussian with sigma=0.500...
GCAMRegisterLevel(): init RMS 0.413158
#FOTS# QuadFit found better minimum quadopt=(dt=0.448,rms=0.411437) vs oldopt=(dt=0.32,rms=0.411676)
iter 0, gcam->neg = 2
after 0 iterations, nbhd size=0, neg = 0
#GCMRL#  601 dt   0.448000 rms  0.411  0.418% neg 0  invalid 762 tFOTS 5.3070 tGradient 0.3580 tsec 6.7040
#FOTS# QuadFit found better minimum quadopt=(dt=0.448,rms=0.410821) vs oldopt=(dt=0.32,rms=0.410857)
iter 0, gcam->neg = 11
after 3 iterations, nbhd size=0, neg = 0
#GCMRL#  602 dt   0.448000 rms  0.411  0.000% neg 0  invalid 762 tFOTS 4.3590 tGradient 0.3510 tsec 6.5500
iter 0, gcam->neg = 13
after 1 iterations, nbhd size=0, neg = 0
#GCMRL#  603 dt   0.448000 rms  0.410  0.162% neg 0  invalid 762 tFOTS 0.0000 tGradient 0.3180 tsec 1.5140
iter 0, gcam->neg = 28
after 2 iterations, nbhd size=0, neg = 0
#GCMRL#  604 dt   0.448000 rms  0.410  0.073% neg 0  invalid 762 tFOTS 0.0000 tGradient 0.2770 tsec 1.7800
iter 0, gcam->neg = 68
after 16 iterations, nbhd size=1, neg = 0
#GCMRL#  605 dt   0.448000 rms  0.410 -0.112% neg 0  invalid 762 tFOTS 0.0000 tGradient 0.2670 tsec 6.2630
#FOTS# QuadFit found better minimum quadopt=(dt=0.256,rms=0.409662) vs oldopt=(dt=0.32,rms=0.409681)
iter 0, gcam->neg = 1
after 0 iterations, nbhd size=0, neg = 0
#GCMRL#  606 dt   0.256000 rms  0.410  0.056% neg 0  invalid 762 tFOTS 4.0220 tGradient 0.2870 tsec 5.2250
#FOTS# QuadFit found better minimum quadopt=(dt=0.448,rms=0.409226) vs oldopt=(dt=0.32,rms=0.409261)
iter 0, gcam->neg = 29
after 17 iterations, nbhd size=1, neg = 0
GCAMregister done in 5.80063 min
writing output transformation to transforms/talairach.m3z...
GCAMwrite
Calls to gcamLogLikelihoodEnergy 4524 tmin = 2.02405
Calls to gcamLabelEnergy         3948 tmin = 1.38143
Calls to gcamJacobianEnergy      4524 tmin = 1.7566
Calls to gcamSmoothnessEnergy    4524 tmin = 4.84458
Calls to gcamLogLikelihoodTerm 608 tmin = 0.6304
Calls to gcamLabelTerm         555 tmin = 6.6315
Calls to gcamJacobianTerm      608 tmin = 1.23753
Calls to gcamSmoothnessTerm    608 tmin = 0.477883
Calls to gcamComputeGradient    608 tmin = 19.6972
Calls to gcamComputeMetricProperties    6483 tmin = 3.248
mri_ca_register took 0 hours, 50 minutes and 58 seconds.
#VMPC# mri_ca_register VmPeak  3712500
FSRUNTIME@ mri_ca_register  0.8496 hours 16 threads
#--------------------------------------
#@# SubCort Seg Fri Mar 13 07:13:07 CET 2026

 mri_ca_label -relabel_unlikely 9 .3 -prior 0.5 -align norm.mgz transforms/talairach.m3z /opt/freesurfer/average/RB_all_2020-01-02.gca aseg.auto_noCCseg.mgz 

sysname  Linux
hostname dna082
machine  x86_64

setenv SUBJECTS_DIR /out/sourcedata/freesurfer
cd /out/sourcedata/freesurfer/sub-v2s4x29632_ses-1/mri
mri_ca_label -relabel_unlikely 9 .3 -prior 0.5 -align norm.mgz transforms/talairach.m3z /opt/freesurfer/average/RB_all_2020-01-02.gca aseg.auto_noCCseg.mgz 

relabeling unlikely voxels with window_size = 9 and prior threshold 0.30
using Gibbs prior factor = 0.500
renormalizing sequences with structure alignment, equivalent to:
	-renormalize
	-renormalize_mean 0.500
	-regularize 0.500

== Number of threads available to for OpenMP = 16 == 
reading 1 input volumes
reading classifier array from /opt/freesurfer/average/RB_all_2020-01-02.gca
reading input volume from norm.mgz
average std[0] = 7.2
reading transform from transforms/talairach.m3z
setting orig areas to linear transform determinant scaled 6.39
Atlas used for the 3D morph was /opt/freesurfer/average/RB_all_2020-01-02.gca
average std = 7.2   using min determinant for regularization = 5.2
0 singular and 0 ill-conditioned covariance matrices regularized
labeling volume...
renormalizing by structure alignment....
renormalizing input #0
gca peak = 0.15521 (20)
mri peak = 0.10785 (23)
Left_Lateral_Ventricle (4): linear fit = 1.10 x + 0.0 (1481 voxels, overlap=0.822)
Left_Lateral_Ventricle (4): linear fit = 1.10 x + 0.0 (1481 voxels, peak = 22), gca=21.9
gca peak = 0.20380 (13)
mri peak = 0.11426 (23)
Right_Lateral_Ventricle (43): linear fit = 1.66 x + 0.0 (1059 voxels, overlap=0.401)
Right_Lateral_Ventricle (43): linear fit = 1.50 x + 0.0 (1059 voxels, peak = 22), gca=19.5
gca peak = 0.26283 (96)
mri peak = 0.09378 (95)
Right_Pallidum (52): linear fit = 1.00 x + 0.0 (643 voxels, overlap=1.015)
Right_Pallidum (52): linear fit = 1.00 x + 0.0 (643 voxels, peak = 96), gca=95.5
gca peak = 0.15814 (97)
mri peak = 0.13001 (95)
Left_Pallidum (13): linear fit = 0.99 x + 0.0 (818 voxels, overlap=0.969)
Left_Pallidum (13): linear fit = 0.99 x + 0.0 (818 voxels, peak = 96), gca=95.5
gca peak = 0.27624 (56)
mri peak = 0.10123 (73)
Right_Hippocampus (53): linear fit = 1.27 x + 0.0 (1304 voxels, overlap=0.023)
Right_Hippocampus (53): linear fit = 1.27 x + 0.0 (1304 voxels, peak = 71), gca=71.4
gca peak = 0.28723 (59)
mri peak = 0.09836 (75)
Left_Hippocampus (17): linear fit = 1.32 x + 0.0 (1066 voxels, overlap=0.021)
Left_Hippocampus (17): linear fit = 1.32 x + 0.0 (1066 voxels, peak = 78), gca=77.6
gca peak = 0.07623 (103)
mri peak = 0.08120 (110)
Right_Cerebral_White_Matter (41): linear fit = 1.07 x + 0.0 (30457 voxels, overlap=0.569)
Right_Cerebral_White_Matter (41): linear fit = 1.07 x + 0.0 (30457 voxels, peak = 110), gca=109.7
gca peak = 0.07837 (105)
mri peak = 0.08468 (108)
Left_Cerebral_White_Matter (2): linear fit = 1.02 x + 0.0 (29871 voxels, overlap=0.666)
Left_Cerebral_White_Matter (2): linear fit = 1.02 x + 0.0 (29871 voxels, peak = 108), gca=107.6
gca peak = 0.10165 (58)
mri peak = 0.05346 (76)
Left_Cerebral_Cortex (3): linear fit = 1.33 x + 0.0 (37486 voxels, overlap=0.001)
Left_Cerebral_Cortex (3): linear fit = 1.33 x + 0.0 (37486 voxels, peak = 77), gca=76.9
gca peak = 0.11113 (58)
mri peak = 0.05053 (76)
Right_Cerebral_Cortex (42): linear fit = 1.29 x + 0.0 (37576 voxels, overlap=0.004)
Right_Cerebral_Cortex (42): linear fit = 1.29 x + 0.0 (37576 voxels, peak = 75), gca=75.1
gca peak = 0.27796 (67)
mri peak = 0.09590 (79)
Right_Caudate (50): linear fit = 1.12 x + 0.0 (1070 voxels, overlap=0.059)
Right_Caudate (50): linear fit = 1.12 x + 0.0 (1070 voxels, peak = 75), gca=75.4
gca peak = 0.14473 (69)
mri peak = 0.12276 (80)
Left_Caudate (11): linear fit = 1.07 x + 0.0 (995 voxels, overlap=0.570)
Left_Caudate (11): linear fit = 1.07 x + 0.0 (995 voxels, peak = 73), gca=73.5
gca peak = 0.14301 (56)
mri peak = 0.06375 (77)
Left_Cerebellum_Cortex (8): linear fit = 1.34 x + 0.0 (27902 voxels, overlap=0.002)
Left_Cerebellum_Cortex (8): linear fit = 1.34 x + 0.0 (27902 voxels, peak = 75), gca=74.8
gca peak = 0.14610 (55)
mri peak = 0.06715 (76)
Right_Cerebellum_Cortex (47): linear fit = 1.34 x + 0.0 (32047 voxels, overlap=0.001)
Right_Cerebellum_Cortex (47): linear fit = 1.34 x + 0.0 (32047 voxels, peak = 73), gca=73.4
gca peak = 0.16309 (85)
mri peak = 0.10309 (91)
Left_Cerebellum_White_Matter (7): linear fit = 1.07 x + 0.0 (4501 voxels, overlap=0.661)
Left_Cerebellum_White_Matter (7): linear fit = 1.07 x + 0.0 (4501 voxels, peak = 91), gca=90.5
gca peak = 0.15172 (84)
mri peak = 0.08794 (93)
Right_Cerebellum_White_Matter (46): linear fit = 1.11 x + 0.0 (3525 voxels, overlap=0.366)
Right_Cerebellum_White_Matter (46): linear fit = 1.11 x + 0.0 (3525 voxels, peak = 93), gca=92.8
gca peak = 0.30461 (58)
mri peak = 0.12088 (77)
Left_Amygdala (18): linear fit = 1.32 x + 0.0 (451 voxels, overlap=0.057)
Left_Amygdala (18): linear fit = 1.32 x + 0.0 (451 voxels, peak = 76), gca=76.3
gca peak = 0.32293 (57)
mri peak = 0.08873 (74)
Right_Amygdala (54): linear fit = 1.29 x + 0.0 (555 voxels, overlap=0.054)
Right_Amygdala (54): linear fit = 1.29 x + 0.0 (555 voxels, peak = 74), gca=73.8
gca peak = 0.11083 (90)
mri peak = 0.08593 (90)
Left_Thalamus (10): linear fit = 1.02 x + 0.0 (4935 voxels, overlap=0.919)
Left_Thalamus (10): linear fit = 1.02 x + 0.0 (4935 voxels, peak = 92), gca=92.2
gca peak = 0.11393 (83)
mri peak = 0.08692 (83)
Right_Thalamus (49): linear fit = 1.04 x + 0.0 (4528 voxels, overlap=0.755)
Right_Thalamus (49): linear fit = 1.04 x + 0.0 (4528 voxels, peak = 87), gca=86.7
gca peak = 0.08575 (81)
mri peak = 0.15609 (87)
Left_Putamen (12): linear fit = 1.07 x + 0.0 (1674 voxels, overlap=0.437)
Left_Putamen (12): linear fit = 1.07 x + 0.0 (1674 voxels, peak = 86), gca=86.3
gca peak = 0.08618 (78)
mri peak = 0.12066 (90)
Right_Putamen (51): linear fit = 1.13 x + 0.0 (1596 voxels, overlap=0.198)
Right_Putamen (51): linear fit = 1.13 x + 0.0 (1596 voxels, peak = 89), gca=88.5
gca peak = 0.08005 (78)
mri peak = 0.07958 (83)
Brain_Stem (16): linear fit = 1.07 x + 0.0 (11228 voxels, overlap=0.492)
Brain_Stem (16): linear fit = 1.07 x + 0.0 (11228 voxels, peak = 83), gca=83.1
gca peak = 0.12854 (88)
mri peak = 0.08241 (91)
Right_VentralDC (60): linear fit = 1.02 x + 0.0 (1636 voxels, overlap=0.782)
Right_VentralDC (60): linear fit = 1.02 x + 0.0 (1636 voxels, peak = 90), gca=90.2
gca peak = 0.15703 (87)
mri peak = 0.08095 (91)
Left_VentralDC (28): linear fit = 1.07 x + 0.0 (1539 voxels, overlap=0.881)
Left_VentralDC (28): linear fit = 1.07 x + 0.0 (1539 voxels, peak = 93), gca=92.7
gca peak = 0.17522 (25)
mri peak = 0.40000 (27)
gca peak = 0.17113 (14)
mri peak = 0.10926 (22)
Fourth_Ventricle (15): linear fit = 1.33 x + 0.0 (626 voxels, overlap=0.372)
Fourth_Ventricle (15): linear fit = 1.33 x + 0.0 (626 voxels, peak = 19), gca=18.6
gca peak Unknown = 0.94777 ( 0)
gca peak Left_Inf_Lat_Vent = 0.16627 (28)
gca peak Third_Ventricle = 0.17522 (25)
gca peak CSF = 0.20346 (36)
gca peak Left_Accumbens_area = 0.70646 (62)
gca peak Left_undetermined = 1.00000 (28)
gca peak Left_vessel = 0.89917 (53)
gca peak Left_choroid_plexus = 0.11689 (35)
gca peak Right_Inf_Lat_Vent = 0.25504 (23)
gca peak Right_Accumbens_area = 0.31650 (65)
gca peak Right_vessel = 0.77268 (52)
gca peak Right_choroid_plexus = 0.13275 (38)
gca peak Fifth_Ventricle = 0.60973 (33)
gca peak WM_hypointensities = 0.11013 (77)
gca peak non_WM_hypointensities = 0.11354 (41)
gca peak Optic_Chiasm = 0.51646 (76)
not using caudate to estimate GM means
estimating mean gm scale to be 1.30 x + 0.0
estimating mean wm scale to be 1.05 x + 0.0
estimating mean csf scale to be 1.31 x + 0.0
saving intensity scales to aseg.auto_noCCseg.label_intensities.txt
renormalizing by structure alignment....
renormalizing input #0
gca peak = 0.15101 (22)
mri peak = 0.10785 (23)
Left_Lateral_Ventricle (4): linear fit = 1.01 x + 0.0 (1481 voxels, overlap=0.832)
Left_Lateral_Ventricle (4): linear fit = 1.01 x + 0.0 (1481 voxels, peak = 22), gca=22.3
gca peak = 0.16085 (19)
mri peak = 0.11426 (23)
Right_Lateral_Ventricle (43): linear fit = 1.13 x + 0.0 (1059 voxels, overlap=0.740)
Right_Lateral_Ventricle (43): linear fit = 1.13 x + 0.0 (1059 voxels, peak = 22), gca=21.6
gca peak = 0.22749 (94)
mri peak = 0.09378 (95)
Right_Pallidum (52): linear fit = 1.00 x + 0.0 (643 voxels, overlap=1.012)
Right_Pallidum (52): linear fit = 1.00 x + 0.0 (643 voxels, peak = 94), gca=93.5
gca peak = 0.18106 (95)
mri peak = 0.13001 (95)
Left_Pallidum (13): linear fit = 1.00 x + 0.0 (818 voxels, overlap=1.004)
Left_Pallidum (13): linear fit = 1.00 x + 0.0 (818 voxels, peak = 95), gca=94.5
gca peak = 0.26331 (71)
mri peak = 0.10123 (73)
Right_Hippocampus (53): linear fit = 1.00 x + 0.0 (1304 voxels, overlap=1.003)
Right_Hippocampus (53): linear fit = 1.00 x + 0.0 (1304 voxels, peak = 71), gca=71.0
gca peak = 0.28171 (74)
mri peak = 0.09836 (75)
Left_Hippocampus (17): linear fit = 1.00 x + 0.0 (1066 voxels, overlap=1.003)
Left_Hippocampus (17): linear fit = 1.00 x + 0.0 (1066 voxels, peak = 74), gca=74.0
gca peak = 0.07338 (110)
mri peak = 0.08120 (110)
Right_Cerebral_White_Matter (41): linear fit = 1.00 x + 0.0 (30457 voxels, overlap=0.838)
Right_Cerebral_White_Matter (41): linear fit = 1.00 x + 0.0 (30457 voxels, peak = 110), gca=110.0
gca peak = 0.07729 (107)
mri peak = 0.08468 (108)
Left_Cerebral_White_Matter (2): linear fit = 1.00 x + 0.0 (29871 voxels, overlap=0.774)
Left_Cerebral_White_Matter (2): linear fit = 1.00 x + 0.0 (29871 voxels, peak = 107), gca=107.0
gca peak = 0.07659 (77)
mri peak = 0.05346 (76)
Left_Cerebral_Cortex (3): linear fit = 0.99 x + 0.0 (37486 voxels, overlap=0.940)
Left_Cerebral_Cortex (3): linear fit = 0.99 x + 0.0 (37486 voxels, peak = 76), gca=75.8
gca peak = 0.08672 (75)
mri peak = 0.05053 (76)
Right_Cerebral_Cortex (42): linear fit = 1.00 x + 0.0 (37576 voxels, overlap=0.955)
Right_Cerebral_Cortex (42): linear fit = 1.00 x + 0.0 (37576 voxels, peak = 75), gca=75.0
gca peak = 0.22283 (75)
mri peak = 0.09590 (79)
Right_Caudate (50): linear fit = 0.99 x + 0.0 (1070 voxels, overlap=1.005)
Right_Caudate (50): linear fit = 0.99 x + 0.0 (1070 voxels, peak = 74), gca=73.9
gca peak = 0.12298 (73)
mri peak = 0.12276 (80)
Left_Caudate (11): linear fit = 1.01 x + 0.0 (995 voxels, overlap=0.955)
Left_Caudate (11): linear fit = 1.01 x + 0.0 (995 voxels, peak = 74), gca=74.1
gca peak = 0.10338 (75)
mri peak = 0.06375 (77)
Left_Cerebellum_Cortex (8): linear fit = 1.00 x + 0.0 (27902 voxels, overlap=0.979)
Left_Cerebellum_Cortex (8): linear fit = 1.00 x + 0.0 (27902 voxels, peak = 75), gca=75.0
gca peak = 0.11993 (74)
mri peak = 0.06715 (76)
Right_Cerebellum_Cortex (47): linear fit = 0.99 x + 0.0 (32047 voxels, overlap=0.957)
Right_Cerebellum_Cortex (47): linear fit = 0.99 x + 0.0 (32047 voxels, peak = 73), gca=72.9
gca peak = 0.15236 (90)
mri peak = 0.10309 (91)
Left_Cerebellum_White_Matter (7): linear fit = 1.01 x + 0.0 (4501 voxels, overlap=0.952)
Left_Cerebellum_White_Matter (7): linear fit = 1.01 x + 0.0 (4501 voxels, peak = 91), gca=91.3
gca peak = 0.14420 (93)
mri peak = 0.08794 (93)
Right_Cerebellum_White_Matter (46): linear fit = 1.00 x + 0.0 (3525 voxels, overlap=0.947)
Right_Cerebellum_White_Matter (46): linear fit = 1.00 x + 0.0 (3525 voxels, peak = 93), gca=92.5
gca peak = 0.28809 (76)
mri peak = 0.12088 (77)
Left_Amygdala (18): linear fit = 1.00 x + 0.0 (451 voxels, overlap=0.991)
Left_Amygdala (18): linear fit = 1.00 x + 0.0 (451 voxels, peak = 76), gca=76.0
gca peak = 0.25338 (74)
mri peak = 0.08873 (74)
Right_Amygdala (54): linear fit = 1.00 x + 0.0 (555 voxels, overlap=1.018)
Right_Amygdala (54): linear fit = 1.00 x + 0.0 (555 voxels, peak = 74), gca=74.0
gca peak = 0.09461 (89)
mri peak = 0.08593 (90)
Left_Thalamus (10): linear fit = 1.00 x + 0.0 (4935 voxels, overlap=0.974)
Left_Thalamus (10): linear fit = 1.00 x + 0.0 (4935 voxels, peak = 89), gca=88.6
gca peak = 0.09707 (86)
mri peak = 0.08692 (83)
Right_Thalamus (49): linear fit = 0.99 x + 0.0 (4528 voxels, overlap=0.911)
Right_Thalamus (49): linear fit = 0.99 x + 0.0 (4528 voxels, peak = 85), gca=84.7
gca peak = 0.07447 (88)
mri peak = 0.15609 (87)
Left_Putamen (12): linear fit = 1.01 x + 0.0 (1674 voxels, overlap=0.735)
Left_Putamen (12): linear fit = 1.01 x + 0.0 (1674 voxels, peak = 89), gca=89.3
gca peak = 0.08618 (86)
mri peak = 0.12066 (90)
Right_Putamen (51): linear fit = 1.00 x + 0.0 (1596 voxels, overlap=0.801)
Right_Putamen (51): linear fit = 1.00 x + 0.0 (1596 voxels, peak = 86), gca=85.6
gca peak = 0.07381 (86)
mri peak = 0.07958 (83)
Brain_Stem (16): linear fit = 1.02 x + 0.0 (11228 voxels, overlap=0.740)
Brain_Stem (16): linear fit = 1.02 x + 0.0 (11228 voxels, peak = 88), gca=88.2
gca peak = 0.12441 (91)
mri peak = 0.08241 (91)
Right_VentralDC (60): linear fit = 1.00 x + 0.0 (1636 voxels, overlap=0.803)
Right_VentralDC (60): linear fit = 1.00 x + 0.0 (1636 voxels, peak = 91), gca=90.5
gca peak = 0.14510 (91)
mri peak = 0.08095 (91)
Left_VentralDC (28): linear fit = 0.99 x + 0.0 (1539 voxels, overlap=0.862)
Left_VentralDC (28): linear fit = 0.99 x + 0.0 (1539 voxels, peak = 90), gca=89.6
gca peak = 0.14266 (34)
mri peak = 0.40000 (27)
gca peak = 0.16433 (21)
mri peak = 0.10926 (22)
Fourth_Ventricle (15): linear fit = 0.99 x + 0.0 (626 voxels, overlap=0.818)
Fourth_Ventricle (15): linear fit = 0.99 x + 0.0 (626 voxels, peak = 21), gca=20.7
gca peak Unknown = 0.94777 ( 0)
gca peak Left_Inf_Lat_Vent = 0.18019 (36)
gca peak Third_Ventricle = 0.14266 (34)
gca peak CSF = 0.17840 (47)
gca peak Left_Accumbens_area = 0.52536 (67)
gca peak Left_undetermined = 1.00000 (28)
gca peak Left_vessel = 0.63642 (53)
gca peak Left_choroid_plexus = 0.10623 (35)
gca peak Right_Inf_Lat_Vent = 0.17464 (37)
gca peak Right_Accumbens_area = 0.32619 (73)
gca peak Right_vessel = 0.77268 (52)
gca peak Right_choroid_plexus = 0.13289 (38)
gca peak Fifth_Ventricle = 0.77755 (42)
gca peak WM_hypointensities = 0.10695 (80)
gca peak non_WM_hypointensities = 0.08220 (43)
gca peak Optic_Chiasm = 0.52731 (76)
not using caudate to estimate GM means
estimating mean gm scale to be 1.00 x + 0.0
estimating mean wm scale to be 1.00 x + 0.0
estimating mean csf scale to be 1.05 x + 0.0
saving intensity scales to aseg.auto_noCCseg.label_intensities.txt
saving sequentially combined intensity scales to aseg.auto_noCCseg.label_intensities.txt
47574 voxels changed in iteration 0 of unlikely voxel relabeling
195 voxels changed in iteration 1 of unlikely voxel relabeling
32 voxels changed in iteration 2 of unlikely voxel relabeling
8 voxels changed in iteration 3 of unlikely voxel relabeling
0 voxels changed in iteration 4 of unlikely voxel relabeling
63545 gm and wm labels changed (%42 to gray, %58 to white out of all changed labels)
371 hippocampal voxels changed.
0 amygdala voxels changed.
Reclassifying using Gibbs Priors
pass 1: 61779 changed. image ll: -2.062, PF=0.500
pass 2: 15385 changed. image ll: -2.060, PF=0.500
pass 3: 5059 changed.
pass 4: 1993 changed.
39492 voxels changed in iteration 0 of unlikely voxel relabeling
469 voxels changed in iteration 1 of unlikely voxel relabeling
62 voxels changed in iteration 2 of unlikely voxel relabeling
0 voxels changed in iteration 3 of unlikely voxel relabeling
7400 voxels changed in iteration 0 of unlikely voxel relabeling
136 voxels changed in iteration 1 of unlikely voxel relabeling
13 voxels changed in iteration 2 of unlikely voxel relabeling
0 voxels changed in iteration 3 of unlikely voxel relabeling
5663 voxels changed in iteration 0 of unlikely voxel relabeling
68 voxels changed in iteration 1 of unlikely voxel relabeling
3 voxels changed in iteration 2 of unlikely voxel relabeling
0 voxels changed in iteration 3 of unlikely voxel relabeling
4996 voxels changed in iteration 0 of unlikely voxel relabeling
22 voxels changed in iteration 1 of unlikely voxel relabeling
2 voxels changed in iteration 2 of unlikely voxel relabeling
0 voxels changed in iteration 3 of unlikely voxel relabeling
 !!!!!!!!! ventricle segment 1 with volume 6748 above threshold 100 - not erasing !!!!!!!!!!
 !!!!!!!!! ventricle segment 1 with volume 124 above threshold 100 - not erasing !!!!!!!!!!
 !!!!!!!!! ventricle segment 3 with volume 5932 above threshold 100 - not erasing !!!!!!!!!!
 !!!!!!!!! ventricle segment 1 with volume 363 above threshold 100 - not erasing !!!!!!!!!!
writing labeled volume to aseg.auto_noCCseg.mgz
mri_ca_label utimesec    1679.102132
mri_ca_label stimesec    10.831182
mri_ca_label ru_maxrss   2117884
mri_ca_label ru_ixrss    0
mri_ca_label ru_idrss    0
mri_ca_label ru_isrss    0
mri_ca_label ru_minflt   11909452
mri_ca_label ru_majflt   11
mri_ca_label ru_nswap    0
mri_ca_label ru_inblock  1142
mri_ca_label ru_oublock  600
mri_ca_label ru_msgsnd   0
mri_ca_label ru_msgrcv   0
mri_ca_label ru_nsignals 0
mri_ca_label ru_nvcsw    3077
mri_ca_label ru_nivcsw   1851
auto-labeling took 27 minutes and 4 seconds.
#--------------------------------------
#@# CC Seg Fri Mar 13 07:40:12 CET 2026

 mri_cc -aseg aseg.auto_noCCseg.mgz -o aseg.auto.mgz -lta /out/sourcedata/freesurfer/sub-v2s4x29632_ses-1/mri/transforms/cc_up.lta sub-v2s4x29632_ses-1 

will read input aseg from aseg.auto_noCCseg.mgz
writing aseg with cc labels to aseg.auto.mgz
will write lta as /out/sourcedata/freesurfer/sub-v2s4x29632_ses-1/mri/transforms/cc_up.lta
reading aseg from /out/sourcedata/freesurfer/sub-v2s4x29632_ses-1/mri/aseg.auto_noCCseg.mgz
reading norm from /out/sourcedata/freesurfer/sub-v2s4x29632_ses-1/mri/norm.mgz
50750 voxels in left wm, 86254 in right wm, xrange [122, 136]
searching rotation angles z=[-10  4], y=[-11  3]
searching scale 1 Z rot -10.0  searching scale 1 Z rot -9.7  searching scale 1 Z rot -9.5  searching scale 1 Z rot -9.2  searching scale 1 Z rot -9.0  searching scale 1 Z rot -8.7  searching scale 1 Z rot -8.5  searching scale 1 Z rot -8.2  searching scale 1 Z rot -8.0  searching scale 1 Z rot -7.7  searching scale 1 Z rot -7.5  searching scale 1 Z rot -7.2  searching scale 1 Z rot -7.0  searching scale 1 Z rot -6.7  searching scale 1 Z rot -6.5  searching scale 1 Z rot -6.2  searching scale 1 Z rot -6.0  searching scale 1 Z rot -5.7  searching scale 1 Z rot -5.5  searching scale 1 Z rot -5.2  searching scale 1 Z rot -5.0  searching scale 1 Z rot -4.7  searching scale 1 Z rot -4.5  searching scale 1 Z rot -4.2  searching scale 1 Z rot -4.0  searching scale 1 Z rot -3.7  searching scale 1 Z rot -3.5  searching scale 1 Z rot -3.2  searching scale 1 Z rot -3.0  searching scale 1 Z rot -2.7  searching scale 1 Z rot -2.5  searching scale 1 Z rot -2.2  searching scale 1 Z rot -2.0  searching scale 1 Z rot -1.7  searching scale 1 Z rot -1.5  searching scale 1 Z rot -1.2  searching scale 1 Z rot -1.0  searching scale 1 Z rot -0.7  searching scale 1 Z rot -0.5  searching scale 1 Z rot -0.2  searching scale 1 Z rot 0.0  searching scale 1 Z rot 0.3  searching scale 1 Z rot 0.5  searching scale 1 Z rot 0.8  searching scale 1 Z rot 1.0  searching scale 1 Z rot 1.3  searching scale 1 Z rot 1.5  searching scale 1 Z rot 1.8  searching scale 1 Z rot 2.0  searching scale 1 Z rot 2.3  searching scale 1 Z rot 2.5  searching scale 1 Z rot 2.8  searching scale 1 Z rot 3.0  searching scale 1 Z rot 3.3  searching scale 1 Z rot 3.5  searching scale 1 Z rot 3.8  global minimum found at slice 130.4, rotations (-4.32, -3.00)
final transformation (x=130.4, yr=-4.321, zr=-2.997):
 0.99579   0.05229  -0.07525   3.30839;
-0.05214   0.99863   0.00394   50.41411;
 0.07535   0.00000   0.99716  -8.46520;
 0.00000   0.00000   0.00000   1.00000;
updating x range to be [125, 131] in xformed coordinates
best xformed slice 128
min_x_fornix = 105
min_x_fornix = 105
min_x_fornix = 136
min_x_fornix = 135
min_x_fornix = 131
cc center is found at 128 84 127
eigenvectors:
-0.00075  -0.00553   0.99998;
 0.18189  -0.98330  -0.00530;
 0.98332   0.18188   0.00174;
error in mid anterior detected - correcting...
writing aseg with callosum to /out/sourcedata/freesurfer/sub-v2s4x29632_ses-1/mri/aseg.auto.mgz...
corpus callosum segmentation took 0.5 minutes
#VMPC# mri_cc VmPeak  555392
mri_cc done
#--------------------------------------
#@# Merge ASeg Fri Mar 13 07:40:39 CET 2026

 cp aseg.auto.mgz aseg.presurf.mgz 

#--------------------------------------------
#@# Intensity Normalization2 Fri Mar 13 07:40:39 CET 2026
/out/sourcedata/freesurfer/sub-v2s4x29632_ses-1/mri

 mri_normalize -seed 1234 -mprage -aseg aseg.presurf.mgz -mask brainmask.mgz norm.mgz brain.mgz 

setting seed for random number genererator to 1234
assuming input volume is MGH (Van der Kouwe) MP-RAGE
using segmentation for initial intensity normalization
using MR volume brainmask.mgz to mask input volume...
reading mri_src from norm.mgz...
Reading aseg aseg.presurf.mgz
normalizing image...
NOT doing gentle normalization with control points/label
processing with aseg
removing outliers in the aseg WM...
368 control points removed
Building bias image
building Voronoi diagram...
performing soap bubble smoothing, sigma = 0...
Smoothing with sigma 8
Applying bias correction
building Voronoi diagram...
performing soap bubble smoothing, sigma = 8...

Iterating 2 times
---------------------------------
3d normalization pass 1 of 2
white matter peak found at 110
white matter peak found at 89
gm peak at 67 (67), valley at 33 (33)
csf peak at 34, setting threshold to 56
building Voronoi diagram...
performing soap bubble smoothing, sigma = 8...
---------------------------------
3d normalization pass 2 of 2
white matter peak found at 110
white matter peak found at 110
gm peak at 82 (82), valley at 32 (32)
csf peak at 42, setting threshold to 68
building Voronoi diagram...
performing soap bubble smoothing, sigma = 8...
Done iterating ---------------------------------
writing output to brain.mgz
3D bias adjustment took 1 minutes and 25 seconds.
#--------------------------------------------
#@# Mask BFS Fri Mar 13 07:42:05 CET 2026
/out/sourcedata/freesurfer/sub-v2s4x29632_ses-1/mri

 mri_mask -T 5 brain.mgz brainmask.mgz brain.finalsurfs.mgz 

threshold mask volume at 5
DoAbs = 0
Found 1339094 voxels in mask (pct=  7.98)
Writing masked volume to brain.finalsurfs.mgz...done.
#--------------------------------------------
#@# WM Segmentation Fri Mar 13 07:42:06 CET 2026

 AntsDenoiseImageFs -i brain.mgz -o antsdn.brain.mgz 


 mri_segment -wsizemm 13 -mprage antsdn.brain.mgz wm.seg.mgz 

wsizemm = 13, voxres = 1, wsize = 13
Widening wm low from 89 to 79
assuming input volume is MGH (Van der Kouwe) MP-RAGE
wm mean:  110
wsize:    13
wm low:   79
wm hi:    125
gray low: 30
gray hi:  99
Doing initial trinary intensity segmentation 
Using local statistics to label ambiguous voxels
Autodetecting stats
Computing class statistics for intensity windows...
CCS WM (101.0): 100.5 +- 5.8 [79.0 --> 125.0]
CCS GM (81.0) : 79.2 +- 10.0 [30.0 --> 95.0]
 white_mean 100.516
 white_sigma 5.77391
 gray_mean 79.1624
 gray_sigma 10.0292
setting bottom of white matter range wm_low to 89.2
setting top of gray matter range gray_hi to 99.2
 wm_low 89.1917
 wm_hi  125
 gray_low 30
 gray_hi  99.2209
Redoing initial intensity segmentation...
Recomputing local statistics to label ambiguous voxels...
 wm_low 89.1917
 wm_hi  125
 gray_low 30
 gray_hi  99.2209
using local geometry to label remaining ambiguous voxels...
polvwsize = 5, polvlen = 3, gray_hi = 99.2209, wm_low = 89.1917
MRIcpolvMedianCurveSegment(): wsize=5, len=3, gmhi=99.2209, wmlow=89.1917
    181721 voxels processed (1.08%)
     85700 voxels white (0.51%)
     96021 voxels non-white (0.57%)

Reclassifying voxels using Gaussian border classifier niter=1
MRIreclassify(): wm_low=84.1917, gray_hi=99.2209, wsize=13
    363158 voxels tested (2.16%)
     59969 voxels changed (0.36%)
     64233 multi-scale searches  (0.38%)
Recovering bright white
MRIrecoverBrightWhite()
 wm_low 89.1917
 wm_hi 125
 slack 5.77391
 pct_thresh 0.33
 intensity_thresh 130.774
 nvox_thresh 8.58
        9 voxels tested (0.00%)
        2 voxels changed (0.00%)

removing voxels with positive offset direction...
MRIremoveWrongDirection() wsize=3, lowthr=84.1917, hithr=99.2209
  smoothing input volume with sigma = 0.250
   147802 voxels tested (0.88%)
    19855 voxels changed (0.12%)
thicken = 1
removing 1-dimensional structures...
MRIremove1dStructures(): max_iter=10000, thresh=2, WM_MIN_VAL=5
 2662 sparsely connected voxels removed in 1 iterations
thickening thin strands....
thickness 4
nsegments 20
wm_hi 125
2658 diagonally connected voxels added...
MRIthickenThinWMStrands(): thickness=4, nsegments=20
  20 segments, 1966 filled
MRIfindBrightNonWM(): 12 bright non-wm voxels segmented.
MRIfilterMorphology() WM_MIN_VAL=5, DIAGONAL_FILL=230
white matter segmentation took 1.0 minutes
writing output to wm.seg.mgz...

 mri_edit_wm_with_aseg -keep-in wm.seg.mgz brain.mgz aseg.presurf.mgz wm.asegedit.mgz 

preserving editing changes in input volume...
auto filling took 0.33 minutes
reading wm segmentation from wm.seg.mgz...
0 voxels added to wm to prevent paths from MTL structures to cortex
3568 additional wm voxels added
0 additional wm voxels added
SEG EDIT: 42474 voxels turned on, 47492 voxels turned off.
propagating editing to output volume from wm.seg.mgz
writing edited volume to wm.asegedit.mgz....

 mri_pretess wm.asegedit.mgz wm norm.mgz wm.mgz 


Iteration Number : 1
pass   1 (xy+):  19 found -  19 modified     |    TOTAL:  19
pass   2 (xy+):   0 found -  19 modified     |    TOTAL:  19
pass   1 (xy-):  22 found -  22 modified     |    TOTAL:  41
pass   2 (xy-):   0 found -  22 modified     |    TOTAL:  41
pass   1 (yz+):  23 found -  23 modified     |    TOTAL:  64
pass   2 (yz+):   0 found -  23 modified     |    TOTAL:  64
pass   1 (yz-):  21 found -  21 modified     |    TOTAL:  85
pass   2 (yz-):   0 found -  21 modified     |    TOTAL:  85
pass   1 (xz+):  12 found -  12 modified     |    TOTAL:  97
pass   2 (xz+):   0 found -  12 modified     |    TOTAL:  97
pass   1 (xz-):  21 found -  21 modified     |    TOTAL: 118
pass   2 (xz-):   0 found -  21 modified     |    TOTAL: 118
Iteration Number : 1
pass   1 (+++):  32 found -  32 modified     |    TOTAL:  32
pass   2 (+++):   0 found -  32 modified     |    TOTAL:  32
pass   1 (+++):  65 found -  65 modified     |    TOTAL:  97
pass   2 (+++):   0 found -  65 modified     |    TOTAL:  97
pass   1 (+++):  14 found -  14 modified     |    TOTAL: 111
pass   2 (+++):   0 found -  14 modified     |    TOTAL: 111
pass   1 (+++):  44 found -  44 modified     |    TOTAL: 155
pass   2 (+++):   0 found -  44 modified     |    TOTAL: 155
Iteration Number : 1
pass   1 (++):  80 found -  80 modified     |    TOTAL:  80
pass   2 (++):   0 found -  80 modified     |    TOTAL:  80
pass   1 (+-): 206 found - 206 modified     |    TOTAL: 286
pass   2 (+-):   1 found - 207 modified     |    TOTAL: 287
pass   3 (+-):   0 found - 207 modified     |    TOTAL: 287
pass   1 (--):  81 found -  81 modified     |    TOTAL: 368
pass   2 (--):   0 found -  81 modified     |    TOTAL: 368
pass   1 (-+): 144 found - 144 modified     |    TOTAL: 512
pass   2 (-+):   0 found - 144 modified     |    TOTAL: 512
Iteration Number : 2
pass   1 (xy+):  12 found -  12 modified     |    TOTAL:  12
pass   2 (xy+):   0 found -  12 modified     |    TOTAL:  12
pass   1 (xy-):   6 found -   6 modified     |    TOTAL:  18
pass   2 (xy-):   0 found -   6 modified     |    TOTAL:  18
pass   1 (yz+):   5 found -   5 modified     |    TOTAL:  23
pass   2 (yz+):   0 found -   5 modified     |    TOTAL:  23
pass   1 (yz-):  17 found -  17 modified     |    TOTAL:  40
pass   2 (yz-):   0 found -  17 modified     |    TOTAL:  40
pass   1 (xz+):   7 found -   7 modified     |    TOTAL:  47
pass   2 (xz+):   0 found -   7 modified     |    TOTAL:  47
pass   1 (xz-):  16 found -  16 modified     |    TOTAL:  63
pass   2 (xz-):   0 found -  16 modified     |    TOTAL:  63
Iteration Number : 2
pass   1 (+++):   3 found -   3 modified     |    TOTAL:   3
pass   2 (+++):   0 found -   3 modified     |    TOTAL:   3
pass   1 (+++):  10 found -  10 modified     |    TOTAL:  13
pass   2 (+++):   0 found -  10 modified     |    TOTAL:  13
pass   1 (+++):   4 found -   4 modified     |    TOTAL:  17
pass   2 (+++):   0 found -   4 modified     |    TOTAL:  17
pass   1 (+++):  10 found -  10 modified     |    TOTAL:  27
pass   2 (+++):   0 found -  10 modified     |    TOTAL:  27
Iteration Number : 2
pass   1 (++):   4 found -   4 modified     |    TOTAL:   4
pass   2 (++):   0 found -   4 modified     |    TOTAL:   4
pass   1 (+-):   1 found -   1 modified     |    TOTAL:   5
pass   2 (+-):   0 found -   1 modified     |    TOTAL:   5
pass   1 (--):   8 found -   8 modified     |    TOTAL:  13
pass   2 (--):   0 found -   8 modified     |    TOTAL:  13
pass   1 (-+):   5 found -   5 modified     |    TOTAL:  18
pass   2 (-+):   0 found -   5 modified     |    TOTAL:  18
Iteration Number : 3
pass   1 (xy+):   5 found -   5 modified     |    TOTAL:   5
pass   2 (xy+):   0 found -   5 modified     |    TOTAL:   5
pass   1 (xy-):   2 found -   2 modified     |    TOTAL:   7
pass   2 (xy-):   0 found -   2 modified     |    TOTAL:   7
pass   1 (yz+):   2 found -   2 modified     |    TOTAL:   9
pass   2 (yz+):   0 found -   2 modified     |    TOTAL:   9
pass   1 (yz-):   1 found -   1 modified     |    TOTAL:  10
pass   2 (yz-):   0 found -   1 modified     |    TOTAL:  10
pass   1 (xz+):   1 found -   1 modified     |    TOTAL:  11
pass   2 (xz+):   0 found -   1 modified     |    TOTAL:  11
pass   1 (xz-):   4 found -   4 modified     |    TOTAL:  15
pass   2 (xz-):   0 found -   4 modified     |    TOTAL:  15
Iteration Number : 3
pass   1 (+++):   0 found -   0 modified     |    TOTAL:   0
pass   1 (+++):   0 found -   0 modified     |    TOTAL:   0
pass   1 (+++):   0 found -   0 modified     |    TOTAL:   0
pass   1 (+++):   0 found -   0 modified     |    TOTAL:   0
Iteration Number : 3
pass   1 (++):   0 found -   0 modified     |    TOTAL:   0
pass   1 (+-):   0 found -   0 modified     |    TOTAL:   0
pass   1 (--):   1 found -   1 modified     |    TOTAL:   1
pass   2 (--):   0 found -   1 modified     |    TOTAL:   1
pass   1 (-+):   1 found -   1 modified     |    TOTAL:   2
pass   2 (-+):   0 found -   1 modified     |    TOTAL:   2
Iteration Number : 4
pass   1 (xy+):   1 found -   1 modified     |    TOTAL:   1
pass   2 (xy+):   0 found -   1 modified     |    TOTAL:   1
pass   1 (xy-):   0 found -   0 modified     |    TOTAL:   1
pass   1 (yz+):   0 found -   0 modified     |    TOTAL:   1
pass   1 (yz-):   0 found -   0 modified     |    TOTAL:   1
pass   1 (xz+):   0 found -   0 modified     |    TOTAL:   1
pass   1 (xz-):   0 found -   0 modified     |    TOTAL:   1
Iteration Number : 4
pass   1 (+++):   0 found -   0 modified     |    TOTAL:   0
pass   1 (+++):   0 found -   0 modified     |    TOTAL:   0
pass   1 (+++):   0 found -   0 modified     |    TOTAL:   0
pass   1 (+++):   0 found -   0 modified     |    TOTAL:   0
Iteration Number : 4
pass   1 (++):   0 found -   0 modified     |    TOTAL:   0
pass   1 (+-):   0 found -   0 modified     |    TOTAL:   0
pass   1 (--):   0 found -   0 modified     |    TOTAL:   0
pass   1 (-+):   1 found -   1 modified     |    TOTAL:   1
pass   2 (-+):   0 found -   1 modified     |    TOTAL:   1
Iteration Number : 5
pass   1 (xy+):   0 found -   0 modified     |    TOTAL:   0
pass   1 (xy-):   0 found -   0 modified     |    TOTAL:   0
pass   1 (yz+):   0 found -   0 modified     |    TOTAL:   0
pass   1 (yz-):   0 found -   0 modified     |    TOTAL:   0
pass   1 (xz+):   0 found -   0 modified     |    TOTAL:   0
pass   1 (xz-):   0 found -   0 modified     |    TOTAL:   0
Iteration Number : 5
pass   1 (+++):   0 found -   0 modified     |    TOTAL:   0
pass   1 (+++):   0 found -   0 modified     |    TOTAL:   0
pass   1 (+++):   0 found -   0 modified     |    TOTAL:   0
pass   1 (+++):   0 found -   0 modified     |    TOTAL:   0
Iteration Number : 5
pass   1 (++):   0 found -   0 modified     |    TOTAL:   0
pass   1 (+-):   0 found -   0 modified     |    TOTAL:   0
pass   1 (--):   0 found -   0 modified     |    TOTAL:   0
pass   1 (-+):   0 found -   0 modified     |    TOTAL:   0

Total Number of Modified Voxels = 912 (out of 449035: 0.203102)
binarizing input wm segmentation...
Ambiguous edge configurations... 

mri_pretess done

#--------------------------------------------
#@# Fill Fri Mar 13 07:43:52 CET 2026
/out/sourcedata/freesurfer/sub-v2s4x29632_ses-1/mri

 mri_fill -a ../scripts/ponscc.cut.log -xform transforms/talairach.lta -segmentation aseg.presurf.mgz -ctab /opt/freesurfer/SubCorticalMassLUT.txt wm.mgz filled.mgz 

logging cutting plane coordinates to ../scripts/ponscc.cut.log...
INFO: Using transforms/talairach.lta and its offset for Talairach volume ...
using segmentation aseg.presurf.mgz...
reading input volume...done.
searching for cutting planes...voxel to talairach voxel transform
 1.08772   0.08557  -0.07870  -13.47881;
-0.08951   1.09691  -0.07854   28.82811;
 0.06833   0.10900   1.02952  -39.31046;
 0.00000   0.00000   0.00000   1.00000;
voxel to talairach voxel transform
 1.08772   0.08557  -0.07870  -13.47881;
-0.08951   1.09691  -0.07854   28.82811;
 0.06833   0.10900   1.02952  -39.31046;
 0.00000   0.00000   0.00000   1.00000;
reading segmented volume aseg.presurf.mgz
removing CC from segmentation
Looking for area (min, max) = (350, 1400)
area[0] = 1233 (min = 350, max = 1400), aspect = 0.52 (min = 0.10, max = 0.75)
no need to search
using seed (126, 121, 149), TAL = (2.0, 21.0, 7.0)
talairach voxel to voxel transform
 0.90901  -0.07723   0.06359   16.97845;
 0.06933   0.89890   0.07388  -22.07497;
-0.06767  -0.09004   0.95928   39.39346;
 0.00000   0.00000   0.00000   1.00000;
segmentation indicates cc at (126,  121,  149) --> (2.0, 21.0, 7.0)
done.
filling took 0.6 minutes
talairach cc position changed to (2.00, 21.00, 7.00)
Erasing brainstem...done.
seed_search_size = 9, min_neighbors = 5
search rh wm seed point around talairach space:(20.00, 21.00, 7.00) SRC: (115.28, 105.19, 164.12)
search lh wm seed point around talairach space (-16.00, 21.00, 7.00), SRC: (148.01, 107.68, 161.69)
compute mri_fill using aseg
Erasing Brain Stem and Cerebellum ...
Define left and right masks using aseg:
Building Voronoi diagram ...
Using the Voronoi diagram for separating WM into two hemispheres ...
Find the largest connected component for each hemisphere ...
Embedding colortable
mri_fill done, writing output to filled.mgz...
 cp filled.mgz filled.auto.mgz

Started at Fri Mar 13 06:21:14 CET 2026 
Ended   at Fri Mar 13 07:44:29 CET 2026
#@#%# recon-all-run-time-hours 1.388
recon-all -s sub-v2s4x29632_ses-1 finished without error at Fri Mar 13 07:44:29 CET 2026



#New# invocation of recon-all 




Fri Mar 13 08:33:11 CET 2026
cd /out/sourcedata/freesurfer/sub-v2s4x29632_ses-1
setenv SUBJECTS_DIR /out/sourcedata/freesurfer
/opt/freesurfer/bin/recon-all -parallel -subjid sub-v2s4x29632_ses-1 -sd /out/sourcedata/freesurfer -cortribbon

subjid sub-v2s4x29632_ses-1
setenv SUBJECTS_DIR /out/sourcedata/freesurfer
FREESURFER_HOME /opt/freesurfer
Actual FREESURFER_HOME /opt/freesurfer
build-stamp.txt: freesurfer-linux-ubuntu22_x86_64-7.3.2-20220804-6354275
Linux dna082 5.14.0-427.37.1.el9_4.x86_64 #1 SMP PREEMPT_DYNAMIC Fri Sep 13 12:41:50 EDT 2024 x86_64 x86_64 x86_64 GNU/Linux
cputime      unlimited
filesize     unlimited
datasize     unlimited
stacksize    8192 kbytes
coredumpsize 0 kbytes
memoryuse    67108864 kbytes
vmemoryuse   unlimited
descriptors  1024 
memorylocked unlimited
maxproc      2061970 
maxlocks     unlimited
maxsignal    2062029 
maxmessage   819200 
maxnice      0 
maxrtprio    0 
maxrttime    unlimited

               total        used        free      shared  buff/cache   available
Mem:           503Gi        56Gi       342Gi       8.8Gi       104Gi       434Gi
Swap:             0B          0B          0B

########################################
program versions used
7.3.2 (freesurfer-linux-ubuntu22_x86_64-7.3.2-20220804-6354275)
7.3.2

ProgramName: lta_convert  ProgramArguments: lta_convert -all-info  ProgramVersion: 7.3.2  TimeStamp: 2026/03/13-07:33:11-GMT  BuildTime: Aug  4 2022 06:17:15  BuildStamp: freesurfer-linux-ubuntu22_x86_64-7.3.2-20220804-6354275  User: oesteban  Machine: dna082  Platform: Linux  PlatformVersion: 5.14.0-427.37.1.el9_4.x86_64  CompilerName: GCC  CompilerVersion: 8.4.0
ProgramName: mri_and  ProgramArguments: mri_and -all-info  ProgramVersion: 7.3.2  TimeStamp: 2026/03/13-07:33:11-GMT  BuildTime: Aug  4 2022 06:17:15  BuildStamp: freesurfer-linux-ubuntu22_x86_64-7.3.2-20220804-6354275  User: oesteban  Machine: dna082  Platform: Linux  PlatformVersion: 5.14.0-427.37.1.el9_4.x86_64  CompilerName: GCC  CompilerVersion: 8.4.0
ProgramName: mri_annotation2label  ProgramArguments: mri_annotation2label -all-info  ProgramVersion: 7.3.2  TimeStamp: 2026/03/13-07:33:11-GMT  BuildTime: Aug  4 2022 06:17:15  BuildStamp: freesurfer-linux-ubuntu22_x86_64-7.3.2-20220804-6354275  User: oesteban  Machine: dna082  Platform: Linux  PlatformVersion: 5.14.0-427.37.1.el9_4.x86_64  CompilerName: GCC  CompilerVersion: 8.4.0
ProgramName: mri_aparc2aseg  ProgramArguments: mri_aparc2aseg -all-info  ProgramVersion: 7.3.2  TimeStamp: 2026/03/13-07:33:11-GMT  BuildTime: Aug  4 2022 06:17:15  BuildStamp: freesurfer-linux-ubuntu22_x86_64-7.3.2-20220804-6354275  User: oesteban  Machine: dna082  Platform: Linux  PlatformVersion: 5.14.0-427.37.1.el9_4.x86_64  CompilerName: GCC  CompilerVersion: 8.4.0
ProgramName: mri_surf2volseg  ProgramArguments: mri_surf2volseg -all-info  ProgramVersion: 7.3.2  TimeStamp: 2026/03/13-07:33:11-GMT  BuildTime: Aug  4 2022 06:17:15  BuildStamp: freesurfer-linux-ubuntu22_x86_64-7.3.2-20220804-6354275  User: oesteban  Machine: dna082  Platform: Linux  PlatformVersion: 5.14.0-427.37.1.el9_4.x86_64  CompilerName: GCC  CompilerVersion: 8.4.0
ProgramName: mri_binarize  ProgramArguments: mri_binarize -all-info  ProgramVersion: 7.3.2  TimeStamp: 2026/03/13-07:33:11-GMT  BuildTime: Aug  4 2022 06:17:15  BuildStamp: freesurfer-linux-ubuntu22_x86_64-7.3.2-20220804-6354275  User: oesteban  Machine: dna082  Platform: Linux  PlatformVersion: 5.14.0-427.37.1.el9_4.x86_64  CompilerName: GCC  CompilerVersion: 8.4.0
ProgramName: mri_ca_label  ProgramArguments: mri_ca_label -all-info  ProgramVersion: 7.3.2  TimeStamp: 2026/03/13-07:33:11-GMT  BuildTime: Aug  4 2022 06:17:15  BuildStamp: freesurfer-linux-ubuntu22_x86_64-7.3.2-20220804-6354275  User: oesteban  Machine: dna082  Platform: Linux  PlatformVersion: 5.14.0-427.37.1.el9_4.x86_64  CompilerName: GCC  CompilerVersion: 8.4.0
ProgramName: mri_ca_normalize  ProgramArguments: mri_ca_normalize -all-info  ProgramVersion: 7.3.2  TimeStamp: 2026/03/13-07:33:11-GMT  BuildTime: Aug  4 2022 06:17:15  BuildStamp: freesurfer-linux-ubuntu22_x86_64-7.3.2-20220804-6354275  User: oesteban  Machine: dna082  Platform: Linux  PlatformVersion: 5.14.0-427.37.1.el9_4.x86_64  CompilerName: GCC  CompilerVersion: 8.4.0
ProgramName: mri_ca_register  ProgramArguments: mri_ca_register -all-info  ProgramVersion: 7.3.2  TimeStamp: 2026/03/13-07:33:11-GMT  BuildTime: Aug  4 2022 06:17:15  BuildStamp: freesurfer-linux-ubuntu22_x86_64-7.3.2-20220804-6354275  User: oesteban  Machine: dna082  Platform: Linux  PlatformVersion: 5.14.0-427.37.1.el9_4.x86_64  CompilerName: GCC  CompilerVersion: 8.4.0
ProgramName: mri_cc  ProgramArguments: mri_cc -all-info  ProgramVersion: 7.3.2  TimeStamp: 2026/03/13-07:33:11-GMT  BuildTime: Aug  4 2022 06:17:15  BuildStamp: freesurfer-linux-ubuntu22_x86_64-7.3.2-20220804-6354275  User: oesteban  Machine: dna082  Platform: Linux  PlatformVersion: 5.14.0-427.37.1.el9_4.x86_64  CompilerName: GCC  CompilerVersion: 8.4.0
ProgramName: mri_compute_overlap  ProgramArguments: mri_compute_overlap -all-info  ProgramVersion: 7.3.2  TimeStamp: 2026/03/13-07:33:11-GMT  BuildTime: Aug  4 2022 06:17:15  BuildStamp: freesurfer-linux-ubuntu22_x86_64-7.3.2-20220804-6354275  User: oesteban  Machine: dna082  Platform: Linux  PlatformVersion: 5.14.0-427.37.1.el9_4.x86_64  CompilerName: GCC  CompilerVersion: 8.4.0
ProgramName: mri_compute_seg_overlap  ProgramArguments: mri_compute_seg_overlap -all-info  ProgramVersion: 7.3.2  TimeStamp: 2026/03/13-07:33:11-GMT  BuildTime: Aug  4 2022 06:17:15  BuildStamp: freesurfer-linux-ubuntu22_x86_64-7.3.2-20220804-6354275  User: oesteban  Machine: dna082  Platform: Linux  PlatformVersion: 5.14.0-427.37.1.el9_4.x86_64  CompilerName: GCC  CompilerVersion: 8.4.0
ProgramName: mri_concat  ProgramArguments: mri_concat -all-info  ProgramVersion: 7.3.2  TimeStamp: 2026/03/13-07:33:11-GMT  BuildTime: Aug  4 2022 06:17:15  BuildStamp: freesurfer-linux-ubuntu22_x86_64-7.3.2-20220804-6354275  User: oesteban  Machine: dna082  Platform: Linux  PlatformVersion: 5.14.0-427.37.1.el9_4.x86_64  CompilerName: GCC  CompilerVersion: 8.4.0
ProgramName: mri_concatenate_lta  ProgramArguments: mri_concatenate_lta -all-info  ProgramVersion: 7.3.2  TimeStamp: 2026/03/13-07:33:11-GMT  BuildTime: Aug  4 2022 06:17:15  BuildStamp: freesurfer-linux-ubuntu22_x86_64-7.3.2-20220804-6354275  User: oesteban  Machine: dna082  Platform: Linux  PlatformVersion: 5.14.0-427.37.1.el9_4.x86_64  CompilerName: GCC  CompilerVersion: 8.4.0
mri_convert -all-info 
ProgramName: mri_convert  ProgramArguments: mri_convert -all-info  ProgramVersion: 7.3.2  TimeStamp: 2026/03/13-07:33:11-GMT  BuildTime: Aug  4 2022 06:17:15  BuildStamp: freesurfer-linux-ubuntu22_x86_64-7.3.2-20220804-6354275  User: oesteban  Machine: dna082  Platform: Linux  PlatformVersion: 5.14.0-427.37.1.el9_4.x86_64  CompilerName: GCC  CompilerVersion: 8.4.0
ProgramName: mri_diff  ProgramArguments: mri_diff -all-info  ProgramVersion: 7.3.2  TimeStamp: 2026/03/13-07:33:11-GMT  BuildTime: Aug  4 2022 06:17:15  BuildStamp: freesurfer-linux-ubuntu22_x86_64-7.3.2-20220804-6354275  User: oesteban  Machine: dna082  Platform: Linux  PlatformVersion: 5.14.0-427.37.1.el9_4.x86_64  CompilerName: GCC  CompilerVersion: 8.4.0
ProgramName: mri_edit_wm_with_aseg  ProgramArguments: mri_edit_wm_with_aseg -all-info  ProgramVersion: 7.3.2  TimeStamp: 2026/03/13-07:33:11-GMT  BuildTime: Aug  4 2022 06:17:15  BuildStamp: freesurfer-linux-ubuntu22_x86_64-7.3.2-20220804-6354275  User: oesteban  Machine: dna082  Platform: Linux  PlatformVersion: 5.14.0-427.37.1.el9_4.x86_64  CompilerName: GCC  CompilerVersion: 8.4.0
ProgramName: mri_em_register  ProgramArguments: mri_em_register -all-info  ProgramVersion: 7.3.2  TimeStamp: 2026/03/13-07:33:11-GMT  BuildTime: Aug  4 2022 06:17:15  BuildStamp: freesurfer-linux-ubuntu22_x86_64-7.3.2-20220804-6354275  User: oesteban  Machine: dna082  Platform: Linux  PlatformVersion: 5.14.0-427.37.1.el9_4.x86_64  CompilerName: GCC  CompilerVersion: 8.4.0
ProgramName: mri_fill  ProgramArguments: mri_fill -all-info  ProgramVersion: 7.3.2  TimeStamp: 2026/03/13-07:33:11-GMT  BuildTime: Aug  4 2022 06:17:15  BuildStamp: freesurfer-linux-ubuntu22_x86_64-7.3.2-20220804-6354275  User: oesteban  Machine: dna082  Platform: Linux  PlatformVersion: 5.14.0-427.37.1.el9_4.x86_64  CompilerName: GCC  CompilerVersion: 8.4.0
ProgramName: mri_fuse_segmentations  ProgramArguments: mri_fuse_segmentations -all-info  ProgramVersion: 7.3.2  TimeStamp: 2026/03/13-07:33:11-GMT  BuildTime: Aug  4 2022 06:17:15  BuildStamp: freesurfer-linux-ubuntu22_x86_64-7.3.2-20220804-6354275  User: oesteban  Machine: dna082  Platform: Linux  PlatformVersion: 5.14.0-427.37.1.el9_4.x86_64  CompilerName: GCC  CompilerVersion: 8.4.0
ProgramName: mri_fwhm  ProgramArguments: mri_fwhm -all-info  ProgramVersion: 7.3.2  TimeStamp: 2026/03/13-07:33:11-GMT  BuildTime: Aug  4 2022 06:17:15  BuildStamp: freesurfer-linux-ubuntu22_x86_64-7.3.2-20220804-6354275  User: oesteban  Machine: dna082  Platform: Linux  PlatformVersion: 5.14.0-427.37.1.el9_4.x86_64  CompilerName: GCC  CompilerVersion: 8.4.0
ProgramName: mri_gcut  ProgramArguments: mri_gcut -all-info  ProgramVersion: 7.3.2  TimeStamp: 2026/03/13-07:33:11-GMT  BuildTime: Aug  4 2022 06:17:15  BuildStamp: freesurfer-linux-ubuntu22_x86_64-7.3.2-20220804-6354275  User: oesteban  Machine: dna082  Platform: Linux  PlatformVersion: 5.14.0-427.37.1.el9_4.x86_64  CompilerName: GCC  CompilerVersion: 8.4.0
ProgramName: mri_info  ProgramArguments: mri_info -all-info  ProgramVersion: 7.3.2  TimeStamp: 2026/03/13-07:33:11-GMT  BuildTime: Aug  4 2022 06:17:15  BuildStamp: freesurfer-linux-ubuntu22_x86_64-7.3.2-20220804-6354275  User: oesteban  Machine: dna082  Platform: Linux  PlatformVersion: 5.14.0-427.37.1.el9_4.x86_64  CompilerName: GCC  CompilerVersion: 8.4.0
ProgramName: mri_label2label  ProgramArguments: mri_label2label -all-info  ProgramVersion: 7.3.2  TimeStamp: 2026/03/13-07:33:11-GMT  BuildTime: Aug  4 2022 06:17:15  BuildStamp: freesurfer-linux-ubuntu22_x86_64-7.3.2-20220804-6354275  User: oesteban  Machine: dna082  Platform: Linux  PlatformVersion: 5.14.0-427.37.1.el9_4.x86_64  CompilerName: GCC  CompilerVersion: 8.4.0
ProgramName: mri_label2vol  ProgramArguments: mri_label2vol -all-info  ProgramVersion: 7.3.2  TimeStamp: 2026/03/13-07:33:11-GMT  BuildTime: Aug  4 2022 06:17:15  BuildStamp: freesurfer-linux-ubuntu22_x86_64-7.3.2-20220804-6354275  User: oesteban  Machine: dna082  Platform: Linux  PlatformVersion: 5.14.0-427.37.1.el9_4.x86_64  CompilerName: GCC  CompilerVersion: 8.4.0
ProgramName: mri_log_likelihood  ProgramArguments: mri_log_likelihood -all-info  ProgramVersion: 7.3.2  TimeStamp: 2026/03/13-07:33:11-GMT  BuildTime: Aug  4 2022 06:17:15  BuildStamp: freesurfer-linux-ubuntu22_x86_64-7.3.2-20220804-6354275  User: oesteban  Machine: dna082  Platform: Linux  PlatformVersion: 5.14.0-427.37.1.el9_4.x86_64  CompilerName: GCC  CompilerVersion: 8.4.0
ProgramName: mri_mask  ProgramArguments: mri_mask -all-info  ProgramVersion: 7.3.2  TimeStamp: 2026/03/13-07:33:11-GMT  BuildTime: Aug  4 2022 06:17:15  BuildStamp: freesurfer-linux-ubuntu22_x86_64-7.3.2-20220804-6354275  User: oesteban  Machine: dna082  Platform: Linux  PlatformVersion: 5.14.0-427.37.1.el9_4.x86_64  CompilerName: GCC  CompilerVersion: 8.4.0
ProgramName: mri_matrix_multiply  ProgramArguments: mri_matrix_multiply -all-info  ProgramVersion: 7.3.2  TimeStamp: 2026/03/13-07:33:11-GMT  BuildTime: Aug  4 2022 06:17:15  BuildStamp: freesurfer-linux-ubuntu22_x86_64-7.3.2-20220804-6354275  User: oesteban  Machine: dna082  Platform: Linux  PlatformVersion: 5.14.0-427.37.1.el9_4.x86_64  CompilerName: GCC  CompilerVersion: 8.4.0
ProgramName: mri_normalize  ProgramArguments: mri_normalize -all-info  ProgramVersion: 7.3.2  TimeStamp: 2026/03/13-07:33:11-GMT  BuildTime: Aug  4 2022 06:17:15  BuildStamp: freesurfer-linux-ubuntu22_x86_64-7.3.2-20220804-6354275  User: oesteban  Machine: dna082  Platform: Linux  PlatformVersion: 5.14.0-427.37.1.el9_4.x86_64  CompilerName: GCC  CompilerVersion: 8.4.0
ProgramName: mri_normalize_tp2  ProgramArguments: mri_normalize_tp2 -all-info  ProgramVersion: 7.3.2  TimeStamp: 2026/03/13-07:33:11-GMT  BuildTime: Aug  4 2022 06:17:15  BuildStamp: freesurfer-linux-ubuntu22_x86_64-7.3.2-20220804-6354275  User: oesteban  Machine: dna082  Platform: Linux  PlatformVersion: 5.14.0-427.37.1.el9_4.x86_64  CompilerName: GCC  CompilerVersion: 8.4.0
ProgramName: mri_or  ProgramArguments: mri_or -all-info  ProgramVersion: 7.3.2  TimeStamp: 2026/03/13-07:33:11-GMT  BuildTime: Aug  4 2022 06:17:15  BuildStamp: freesurfer-linux-ubuntu22_x86_64-7.3.2-20220804-6354275  User: oesteban  Machine: dna082  Platform: Linux  PlatformVersion: 5.14.0-427.37.1.el9_4.x86_64  CompilerName: GCC  CompilerVersion: 8.4.0
ProgramName: mri_relabel_hypointensities  ProgramArguments: mri_relabel_hypointensities -all-info  ProgramVersion: 7.3.2  TimeStamp: 2026/03/13-07:33:11-GMT  BuildTime: Aug  4 2022 06:17:15  BuildStamp: freesurfer-linux-ubuntu22_x86_64-7.3.2-20220804-6354275  User: oesteban  Machine: dna082  Platform: Linux  PlatformVersion: 5.14.0-427.37.1.el9_4.x86_64  CompilerName: GCC  CompilerVersion: 8.4.0
ProgramName: mri_relabel_nonwm_hypos  ProgramArguments: mri_relabel_nonwm_hypos -all-info  ProgramVersion: 7.3.2  TimeStamp: 2026/03/13-07:33:11-GMT  BuildTime: Aug  4 2022 06:17:15  BuildStamp: freesurfer-linux-ubuntu22_x86_64-7.3.2-20220804-6354275  User: oesteban  Machine: dna082  Platform: Linux  PlatformVersion: 5.14.0-427.37.1.el9_4.x86_64  CompilerName: GCC  CompilerVersion: 8.4.0
ProgramName: mri_remove_neck  ProgramArguments: mri_remove_neck -all-info  ProgramVersion: 7.3.2  TimeStamp: 2026/03/13-07:33:11-GMT  BuildTime: Aug  4 2022 06:17:15  BuildStamp: freesurfer-linux-ubuntu22_x86_64-7.3.2-20220804-6354275  User: oesteban  Machine: dna082  Platform: Linux  PlatformVersion: 5.14.0-427.37.1.el9_4.x86_64  CompilerName: GCC  CompilerVersion: 8.4.0
7.3.2

ProgramName: mri_robust_register  ProgramArguments: mri_robust_register -all-info  ProgramVersion: 7.3.2  TimeStamp: 2026/03/13-07:33:11-GMT  BuildTime: Aug  4 2022 06:17:15  BuildStamp: freesurfer-linux-ubuntu22_x86_64-7.3.2-20220804-6354275  User: oesteban  Machine: dna082  Platform: Linux  PlatformVersion: 5.14.0-427.37.1.el9_4.x86_64  CompilerName: GCC  CompilerVersion: 8.4.0
7.3.2

ProgramName: mri_robust_template  ProgramArguments: mri_robust_template -all-info  ProgramVersion: 7.3.2  TimeStamp: 2026/03/13-07:33:11-GMT  BuildTime: Aug  4 2022 06:17:15  BuildStamp: freesurfer-linux-ubuntu22_x86_64-7.3.2-20220804-6354275  User: oesteban  Machine: dna082  Platform: Linux  PlatformVersion: 5.14.0-427.37.1.el9_4.x86_64  CompilerName: GCC  CompilerVersion: 8.4.0
ProgramName: mris_anatomical_stats  ProgramArguments: mris_anatomical_stats -all-info  ProgramVersion: 7.3.2  TimeStamp: 2026/03/13-07:33:11-GMT  BuildTime: Aug  4 2022 06:17:15  BuildStamp: freesurfer-linux-ubuntu22_x86_64-7.3.2-20220804-6354275  User: oesteban  Machine: dna082  Platform: Linux  PlatformVersion: 5.14.0-427.37.1.el9_4.x86_64  CompilerName: GCC  CompilerVersion: 8.4.0
ProgramName: mris_ca_label  ProgramArguments: mris_ca_label -all-info  ProgramVersion: 7.3.2  TimeStamp: 2026/03/13-07:33:11-GMT  BuildTime: Aug  4 2022 06:17:15  BuildStamp: freesurfer-linux-ubuntu22_x86_64-7.3.2-20220804-6354275  User: oesteban  Machine: dna082  Platform: Linux  PlatformVersion: 5.14.0-427.37.1.el9_4.x86_64  CompilerName: GCC  CompilerVersion: 8.4.0
ProgramName: mris_calc  ProgramArguments: mris_calc -all-info  ProgramVersion: 7.3.2  TimeStamp: 2026/03/13-07:33:11-GMT  BuildTime: Aug  4 2022 06:17:15  BuildStamp: freesurfer-linux-ubuntu22_x86_64-7.3.2-20220804-6354275  User: oesteban  Machine: dna082  Platform: Linux  PlatformVersion: 5.14.0-427.37.1.el9_4.x86_64  CompilerName: GCC  CompilerVersion: 8.4.0
ProgramName: mris_convert  ProgramArguments: mris_convert -all-info  ProgramVersion: 7.3.2  TimeStamp: 2026/03/13-07:33:11-GMT  BuildTime: Aug  4 2022 06:17:15  BuildStamp: freesurfer-linux-ubuntu22_x86_64-7.3.2-20220804-6354275  User: oesteban  Machine: dna082  Platform: Linux  PlatformVersion: 5.14.0-427.37.1.el9_4.x86_64  CompilerName: GCC  CompilerVersion: 8.4.0
ProgramName: mris_curvature  ProgramArguments: mris_curvature -all-info  ProgramVersion: 7.3.2  TimeStamp: 2026/03/13-07:33:11-GMT  BuildTime: Aug  4 2022 06:17:15  BuildStamp: freesurfer-linux-ubuntu22_x86_64-7.3.2-20220804-6354275  User: oesteban  Machine: dna082  Platform: Linux  PlatformVersion: 5.14.0-427.37.1.el9_4.x86_64  CompilerName: GCC  CompilerVersion: 8.4.0
ProgramName: mris_curvature_stats  ProgramArguments: mris_curvature_stats -all-info  ProgramVersion: 7.3.2  TimeStamp: 2026/03/13-07:33:11-GMT  BuildTime: Aug  4 2022 06:17:15  BuildStamp: freesurfer-linux-ubuntu22_x86_64-7.3.2-20220804-6354275  User: oesteban  Machine: dna082  Platform: Linux  PlatformVersion: 5.14.0-427.37.1.el9_4.x86_64  CompilerName: GCC  CompilerVersion: 8.4.0
ProgramName: mris_diff  ProgramArguments: mris_diff -all-info  ProgramVersion: 7.3.2  TimeStamp: 2026/03/13-07:33:11-GMT  BuildTime: Aug  4 2022 06:17:15  BuildStamp: freesurfer-linux-ubuntu22_x86_64-7.3.2-20220804-6354275  User: oesteban  Machine: dna082  Platform: Linux  PlatformVersion: 5.14.0-427.37.1.el9_4.x86_64  CompilerName: GCC  CompilerVersion: 8.4.0
ProgramName: mris_divide_parcellation  ProgramArguments: mris_divide_parcellation -all-info  ProgramVersion: 7.3.2  TimeStamp: 2026/03/13-07:33:11-GMT  BuildTime: Aug  4 2022 06:17:15  BuildStamp: freesurfer-linux-ubuntu22_x86_64-7.3.2-20220804-6354275  User: oesteban  Machine: dna082  Platform: Linux  PlatformVersion: 5.14.0-427.37.1.el9_4.x86_64  CompilerName: GCC  CompilerVersion: 8.4.0
ProgramName: mri_segment  ProgramArguments: mri_segment -all-info  ProgramVersion: 7.3.2  TimeStamp: 2026/03/13-07:33:11-GMT  BuildTime: Aug  4 2022 06:17:15  BuildStamp: freesurfer-linux-ubuntu22_x86_64-7.3.2-20220804-6354275  User: oesteban  Machine: dna082  Platform: Linux  PlatformVersion: 5.14.0-427.37.1.el9_4.x86_64  CompilerName: GCC  CompilerVersion: 8.4.0
ProgramName: mri_segstats  ProgramArguments: mri_segstats -all-info  ProgramVersion: 7.3.2  TimeStamp: 2026/03/13-07:33:11-GMT  BuildTime: Aug  4 2022 06:17:15  BuildStamp: freesurfer-linux-ubuntu22_x86_64-7.3.2-20220804-6354275  User: oesteban  Machine: dna082  Platform: Linux  PlatformVersion: 5.14.0-427.37.1.el9_4.x86_64  CompilerName: GCC  CompilerVersion: 8.4.0
ProgramName: mris_euler_number  ProgramArguments: mris_euler_number -all-info  ProgramVersion: 7.3.2  TimeStamp: 2026/03/13-07:33:11-GMT  BuildTime: Aug  4 2022 06:17:15  BuildStamp: freesurfer-linux-ubuntu22_x86_64-7.3.2-20220804-6354275  User: oesteban  Machine: dna082  Platform: Linux  PlatformVersion: 5.14.0-427.37.1.el9_4.x86_64  CompilerName: GCC  CompilerVersion: 8.4.0
ProgramName: mris_fix_topology  ProgramArguments: mris_fix_topology -all-info  ProgramVersion: 7.3.2  TimeStamp: 2026/03/13-07:33:11-GMT  BuildTime: Aug  4 2022 06:17:15  BuildStamp: freesurfer-linux-ubuntu22_x86_64-7.3.2-20220804-6354275  User: oesteban  Machine: dna082  Platform: Linux  PlatformVersion: 5.14.0-427.37.1.el9_4.x86_64  CompilerName: GCC  CompilerVersion: 8.4.0
ProgramName: mris_topo_fixer  ProgramArguments: mris_topo_fixer -all-info  ProgramVersion: 7.3.2  TimeStamp: 2026/03/13-07:33:11-GMT  BuildTime: Aug  4 2022 06:17:15  BuildStamp: freesurfer-linux-ubuntu22_x86_64-7.3.2-20220804-6354275  User: oesteban  Machine: dna082  Platform: Linux  PlatformVersion: 5.14.0-427.37.1.el9_4.x86_64  CompilerName: GCC  CompilerVersion: 8.4.0
ProgramName: mris_jacobian  ProgramArguments: mris_jacobian -all-info  ProgramVersion: 7.3.2  TimeStamp: 2026/03/13-07:33:11-GMT  BuildTime: Aug  4 2022 06:17:15  BuildStamp: freesurfer-linux-ubuntu22_x86_64-7.3.2-20220804-6354275  User: oesteban  Machine: dna082  Platform: Linux  PlatformVersion: 5.14.0-427.37.1.el9_4.x86_64  CompilerName: GCC  CompilerVersion: 8.4.0
ProgramName: mris_label2annot  ProgramArguments: mris_label2annot -all-info  ProgramVersion: 7.3.2  TimeStamp: 2026/03/13-07:33:11-GMT  BuildTime: Aug  4 2022 06:17:15  BuildStamp: freesurfer-linux-ubuntu22_x86_64-7.3.2-20220804-6354275  User: oesteban  Machine: dna082  Platform: Linux  PlatformVersion: 5.14.0-427.37.1.el9_4.x86_64  CompilerName: GCC  CompilerVersion: 8.4.0
ProgramName: mris_left_right_register  ProgramArguments: mris_left_right_register -all-info  ProgramVersion: 7.3.2  TimeStamp: 2026/03/13-07:33:11-GMT  BuildTime: Aug  4 2022 06:17:15  BuildStamp: freesurfer-linux-ubuntu22_x86_64-7.3.2-20220804-6354275  User: oesteban  Machine: dna082  Platform: Linux  PlatformVersion: 5.14.0-427.37.1.el9_4.x86_64  CompilerName: GCC  CompilerVersion: 8.4.0
ProgramName: mris_place_surface  ProgramArguments: mris_place_surface -all-info  ProgramVersion: 7.3.2  TimeStamp: 2026/03/13-07:33:11-GMT  BuildTime: Aug  4 2022 06:17:15  BuildStamp: freesurfer-linux-ubuntu22_x86_64-7.3.2-20220804-6354275  User: oesteban  Machine: dna082  Platform: Linux  PlatformVersion: 5.14.0-427.37.1.el9_4.x86_64  CompilerName: GCC  CompilerVersion: 8.4.0
ProgramName: mrisp_paint  ProgramArguments: mrisp_paint -all-info  ProgramVersion: 7.3.2  TimeStamp: 2026/03/13-07:33:11-GMT  BuildTime: Aug  4 2022 06:17:15  BuildStamp: freesurfer-linux-ubuntu22_x86_64-7.3.2-20220804-6354275  User: oesteban  Machine: dna082  Platform: Linux  PlatformVersion: 5.14.0-427.37.1.el9_4.x86_64  CompilerName: GCC  CompilerVersion: 8.4.0
ProgramName: mris_register  ProgramArguments: mris_register -all-info  ProgramVersion: 7.3.2  TimeStamp: 2026/03/13-07:33:11-GMT  BuildTime: Aug  4 2022 06:17:15  BuildStamp: freesurfer-linux-ubuntu22_x86_64-7.3.2-20220804-6354275  User: oesteban  Machine: dna082  Platform: Linux  PlatformVersion: 5.14.0-427.37.1.el9_4.x86_64  CompilerName: GCC  CompilerVersion: 8.4.0
ProgramName: mris_smooth  ProgramArguments: mris_smooth -all-info  ProgramVersion: 7.3.2  TimeStamp: 2026/03/13-07:33:11-GMT  BuildTime: Aug  4 2022 06:17:15  BuildStamp: freesurfer-linux-ubuntu22_x86_64-7.3.2-20220804-6354275  User: oesteban  Machine: dna082  Platform: Linux  PlatformVersion: 5.14.0-427.37.1.el9_4.x86_64  CompilerName: GCC  CompilerVersion: 8.4.0
ProgramName: mris_sphere  ProgramArguments: mris_sphere -all-info  ProgramVersion: 7.3.2  TimeStamp: 2026/03/13-07:33:11-GMT  BuildTime: Aug  4 2022 06:17:15  BuildStamp: freesurfer-linux-ubuntu22_x86_64-7.3.2-20220804-6354275  User: oesteban  Machine: dna082  Platform: Linux  PlatformVersion: 5.14.0-427.37.1.el9_4.x86_64  CompilerName: GCC  CompilerVersion: 8.4.0
ProgramName: mris_surface_stats  ProgramArguments: mris_surface_stats -all-info  ProgramVersion: 7.3.2  TimeStamp: 2026/03/13-07:33:11-GMT  BuildTime: Aug  4 2022 06:17:15  BuildStamp: freesurfer-linux-ubuntu22_x86_64-7.3.2-20220804-6354275  User: oesteban  Machine: dna082  Platform: Linux  PlatformVersion: 5.14.0-427.37.1.el9_4.x86_64  CompilerName: GCC  CompilerVersion: 8.4.0
ProgramName: mri_stats2seg  ProgramArguments: mri_stats2seg -all-info  ProgramVersion: 7.3.2  TimeStamp: 2026/03/13-07:33:11-GMT  BuildTime: Aug  4 2022 06:17:15  BuildStamp: freesurfer-linux-ubuntu22_x86_64-7.3.2-20220804-6354275  User: oesteban  Machine: dna082  Platform: Linux  PlatformVersion: 5.14.0-427.37.1.el9_4.x86_64  CompilerName: GCC  CompilerVersion: 8.4.0
ProgramName: mris_thickness  ProgramArguments: mris_thickness -all-info  ProgramVersion: 7.3.2  TimeStamp: 2026/03/13-07:33:11-GMT  BuildTime: Aug  4 2022 06:17:15  BuildStamp: freesurfer-linux-ubuntu22_x86_64-7.3.2-20220804-6354275  User: oesteban  Machine: dna082  Platform: Linux  PlatformVersion: 5.14.0-427.37.1.el9_4.x86_64  CompilerName: GCC  CompilerVersion: 8.4.0
ProgramName: mris_thickness_diff  ProgramArguments: mris_thickness_diff -all-info  ProgramVersion: 7.3.2  TimeStamp: 2026/03/13-07:33:11-GMT  BuildTime: Aug  4 2022 06:17:15  BuildStamp: freesurfer-linux-ubuntu22_x86_64-7.3.2-20220804-6354275  User: oesteban  Machine: dna082  Platform: Linux  PlatformVersion: 5.14.0-427.37.1.el9_4.x86_64  CompilerName: GCC  CompilerVersion: 8.4.0
ProgramName: mris_topo_fixer  ProgramArguments: mris_topo_fixer -all-info  ProgramVersion: 7.3.2  TimeStamp: 2026/03/13-07:33:11-GMT  BuildTime: Aug  4 2022 06:17:15  BuildStamp: freesurfer-linux-ubuntu22_x86_64-7.3.2-20220804-6354275  User: oesteban  Machine: dna082  Platform: Linux  PlatformVersion: 5.14.0-427.37.1.el9_4.x86_64  CompilerName: GCC  CompilerVersion: 8.4.0
ProgramName: mri_surf2surf  ProgramArguments: mri_surf2surf -all-info  ProgramVersion: 7.3.2  TimeStamp: 2026/03/13-07:33:11-GMT  BuildTime: Aug  4 2022 06:17:15  BuildStamp: freesurfer-linux-ubuntu22_x86_64-7.3.2-20220804-6354275  User: oesteban  Machine: dna082  Platform: Linux  PlatformVersion: 5.14.0-427.37.1.el9_4.x86_64  CompilerName: GCC  CompilerVersion: 8.4.0
ProgramName: mri_surf2vol  ProgramArguments: mri_surf2vol -all-info  ProgramVersion: 7.3.2  TimeStamp: 2026/03/13-07:33:11-GMT  BuildTime: Aug  4 2022 06:17:15  BuildStamp: freesurfer-linux-ubuntu22_x86_64-7.3.2-20220804-6354275  User: oesteban  Machine: dna082  Platform: Linux  PlatformVersion: 5.14.0-427.37.1.el9_4.x86_64  CompilerName: GCC  CompilerVersion: 8.4.0
ProgramName: mri_surfcluster  ProgramArguments: mri_surfcluster -all-info  ProgramVersion: 7.3.2  TimeStamp: 2026/03/13-07:33:11-GMT  BuildTime: Aug  4 2022 06:17:15  BuildStamp: freesurfer-linux-ubuntu22_x86_64-7.3.2-20220804-6354275  User: oesteban  Machine: dna082  Platform: Linux  PlatformVersion: 5.14.0-427.37.1.el9_4.x86_64  CompilerName: GCC  CompilerVersion: 8.4.0
ProgramName: mris_volmask  ProgramArguments: mris_volmask -all-info  ProgramVersion: 7.3.2  TimeStamp: 2026/03/13-07:33:11-GMT  BuildTime: Aug  4 2022 06:17:15  BuildStamp: freesurfer-linux-ubuntu22_x86_64-7.3.2-20220804-6354275  User: oesteban  Machine: dna082  Platform: Linux  PlatformVersion: 5.14.0-427.37.1.el9_4.x86_64  CompilerName: GCC  CompilerVersion: 8.4.0
ProgramName: mri_tessellate  ProgramArguments: mri_tessellate -all-info  ProgramVersion: 7.3.2  TimeStamp: 2026/03/13-07:33:11-GMT  BuildTime: Aug  4 2022 06:17:15  BuildStamp: freesurfer-linux-ubuntu22_x86_64-7.3.2-20220804-6354275  User: oesteban  Machine: dna082  Platform: Linux  PlatformVersion: 5.14.0-427.37.1.el9_4.x86_64  CompilerName: GCC  CompilerVersion: 8.4.0
ProgramName: mri_vol2surf  ProgramArguments: mri_vol2surf -all-info  ProgramVersion: 7.3.2  TimeStamp: 2026/03/13-07:33:11-GMT  BuildTime: Aug  4 2022 06:17:15  BuildStamp: freesurfer-linux-ubuntu22_x86_64-7.3.2-20220804-6354275  User: oesteban  Machine: dna082  Platform: Linux  PlatformVersion: 5.14.0-427.37.1.el9_4.x86_64  CompilerName: GCC  CompilerVersion: 8.4.0
ProgramName: mri_vol2vol  ProgramArguments: mri_vol2vol -all-info  ProgramVersion: 7.3.2  TimeStamp: 2026/03/13-07:33:11-GMT  BuildTime: Aug  4 2022 06:17:15  BuildStamp: freesurfer-linux-ubuntu22_x86_64-7.3.2-20220804-6354275  User: oesteban  Machine: dna082  Platform: Linux  PlatformVersion: 5.14.0-427.37.1.el9_4.x86_64  CompilerName: GCC  CompilerVersion: 8.4.0
ProgramName: mri_voldiff  ProgramArguments: mri_voldiff -all-info  ProgramVersion: 7.3.2  TimeStamp: 2026/03/13-07:33:11-GMT  BuildTime: Aug  4 2022 06:17:15  BuildStamp: freesurfer-linux-ubuntu22_x86_64-7.3.2-20220804-6354275  User: oesteban  Machine: dna082  Platform: Linux  PlatformVersion: 5.14.0-427.37.1.el9_4.x86_64  CompilerName: GCC  CompilerVersion: 8.4.0
ProgramName: mri_watershed  ProgramArguments: mri_watershed -all-info  ProgramVersion: 7.3.2  TimeStamp: 2026/03/13-07:33:11-GMT  BuildTime: Aug  4 2022 06:17:15  BuildStamp: freesurfer-linux-ubuntu22_x86_64-7.3.2-20220804-6354275  User: oesteban  Machine: dna082  Platform: Linux  PlatformVersion: 5.14.0-427.37.1.el9_4.x86_64  CompilerName: GCC  CompilerVersion: 8.4.0
ProgramName: tkregister2  ProgramArguments: tkregister2_cmdl -all-info  ProgramVersion: 7.3.2  TimeStamp: 2026/03/13-07:33:11-GMT  BuildTime: Aug  4 2022 06:17:15  BuildStamp: freesurfer-linux-ubuntu22_x86_64-7.3.2-20220804-6354275  User: oesteban  Machine: dna082  Platform: Linux  PlatformVersion: 5.14.0-427.37.1.el9_4.x86_64  CompilerName: GCC  CompilerVersion: 8.4.0
mri_motion_correct.fsl 7.3.2
mri_convert -all-info 
ProgramName: mri_convert  ProgramArguments: mri_convert -all-info  ProgramVersion: 7.3.2  TimeStamp: 2026/03/13-07:33:11-GMT  BuildTime: Aug  4 2022 06:17:15  BuildStamp: freesurfer-linux-ubuntu22_x86_64-7.3.2-20220804-6354275  User: oesteban  Machine: dna082  Platform: Linux  PlatformVersion: 5.14.0-427.37.1.el9_4.x86_64  CompilerName: GCC  CompilerVersion: 8.4.0
Program nu_correct, built from:
Package MNI N3, version 1.12.0, compiled by nicks@terrier (x86_64-unknown-linux-gnu) on 2015-06-19 at 01:25:34
#######################################
GCADIR /opt/freesurfer/average
GCA RB_all_2020-01-02.gca
GCASkull RB_all_withskull_2020_01_02.gca
AvgCurvTif folding.atlas.acfb40.noaparc.i12.2016-08-02.tif
GCSDIR /opt/freesurfer/average
GCS DKaparc.atlas.acfb40.noaparc.i12.2016-08-02.gcs
#######################################
#@# white curv lh Fri Mar 13 08:33:11 CET 2026
cd /out/sourcedata/freesurfer/sub-v2s4x29632_ses-1/mri
mris_place_surface --curv-map ../surf/lh.white 2 10 ../surf/lh.curv
   Update not needed
#@# white area lh Fri Mar 13 08:33:11 CET 2026
cd /out/sourcedata/freesurfer/sub-v2s4x29632_ses-1/mri
mris_place_surface --area-map ../surf/lh.white ../surf/lh.area
   Update not needed
#@# pial curv lh Fri Mar 13 08:33:11 CET 2026
cd /out/sourcedata/freesurfer/sub-v2s4x29632_ses-1/mri
mris_place_surface --curv-map ../surf/lh.pial 2 10 ../surf/lh.curv.pial
   Update not needed
#@# pial area lh Fri Mar 13 08:33:11 CET 2026
cd /out/sourcedata/freesurfer/sub-v2s4x29632_ses-1/mri
mris_place_surface --area-map ../surf/lh.pial ../surf/lh.area.pial
   Update not needed
#@# thickness lh Fri Mar 13 08:33:11 CET 2026
cd /out/sourcedata/freesurfer/sub-v2s4x29632_ses-1/mri
mris_place_surface --thickness ../surf/lh.white ../surf/lh.pial 20 5 ../surf/lh.thickness
   Update not needed
#@# area and vertex vol lh Fri Mar 13 08:33:11 CET 2026
cd /out/sourcedata/freesurfer/sub-v2s4x29632_ses-1/mri
mris_place_surface --thickness ../surf/lh.white ../surf/lh.pial 20 5 ../surf/lh.thickness
   Update not needed
#@# white curv rh Fri Mar 13 08:33:11 CET 2026
cd /out/sourcedata/freesurfer/sub-v2s4x29632_ses-1/mri
mris_place_surface --curv-map ../surf/rh.white 2 10 ../surf/rh.curv
   Update not needed
#@# white area rh Fri Mar 13 08:33:11 CET 2026
cd /out/sourcedata/freesurfer/sub-v2s4x29632_ses-1/mri
mris_place_surface --area-map ../surf/rh.white ../surf/rh.area
   Update not needed
#@# pial curv rh Fri Mar 13 08:33:11 CET 2026
cd /out/sourcedata/freesurfer/sub-v2s4x29632_ses-1/mri
mris_place_surface --curv-map ../surf/rh.pial 2 10 ../surf/rh.curv.pial
   Update not needed
#@# pial area rh Fri Mar 13 08:33:11 CET 2026
cd /out/sourcedata/freesurfer/sub-v2s4x29632_ses-1/mri
mris_place_surface --area-map ../surf/rh.pial ../surf/rh.area.pial
   Update not needed
#@# thickness rh Fri Mar 13 08:33:11 CET 2026
cd /out/sourcedata/freesurfer/sub-v2s4x29632_ses-1/mri
mris_place_surface --thickness ../surf/rh.white ../surf/rh.pial 20 5 ../surf/rh.thickness
   Update not needed
#@# area and vertex vol rh Fri Mar 13 08:33:11 CET 2026
cd /out/sourcedata/freesurfer/sub-v2s4x29632_ses-1/mri
mris_place_surface --thickness ../surf/rh.white ../surf/rh.pial 20 5 ../surf/rh.thickness
   Update not needed
#--------------------------------------------
#@# Cortical ribbon mask Fri Mar 13 08:33:11 CET 2026
/out/sourcedata/freesurfer/sub-v2s4x29632_ses-1/mri

 mris_volmask --aseg_name aseg.presurf --label_left_white 2 --label_left_ribbon 3 --label_right_white 41 --label_right_ribbon 42 --save_ribbon sub-v2s4x29632_ses-1 

SUBJECTS_DIR is /out/sourcedata/freesurfer
loading input data...
Running hemis serially
Processing left hemi
computing distance to left white surface 
computing distance to left pial surface 
Processing right hemi
computing distance to right white surface 
computing distance to right pial surface 
 hemi masks overlap voxels = 46
writing volume /out/sourcedata/freesurfer/sub-v2s4x29632_ses-1/mri/ribbon.mgz
mris_volmask took 2.86 minutes
 writing ribbon files

Started at Fri Mar 13 08:33:11 CET 2026 
Ended   at Fri Mar 13 08:36:03 CET 2026
#@#%# recon-all-run-time-hours 0.048
recon-all -s sub-v2s4x29632_ses-1 finished without error at Fri Mar 13 08:36:03 CET 2026



#New# invocation of recon-all 




Fri Mar 13 08:40:31 CET 2026
cd /out/sourcedata/freesurfer/sub-v2s4x29632_ses-1
setenv SUBJECTS_DIR /out/sourcedata/freesurfer
/opt/freesurfer/bin/recon-all -autorecon3 -openmp 16 -subjid sub-v2s4x29632_ses-1 -sd /out/sourcedata/freesurfer -nosphere -nosurfreg -nojacobian_white -noavgcurv -nocortparc -nopial -noparcstats -nocortparc2 -noparcstats2 -nocortparc3 -noparcstats3 -nopctsurfcon -nocortribbon -nobalabels

subjid sub-v2s4x29632_ses-1
setenv SUBJECTS_DIR /out/sourcedata/freesurfer
FREESURFER_HOME /opt/freesurfer
Actual FREESURFER_HOME /opt/freesurfer
build-stamp.txt: freesurfer-linux-ubuntu22_x86_64-7.3.2-20220804-6354275
Linux dna082 5.14.0-427.37.1.el9_4.x86_64 #1 SMP PREEMPT_DYNAMIC Fri Sep 13 12:41:50 EDT 2024 x86_64 x86_64 x86_64 GNU/Linux
cputime      unlimited
filesize     unlimited
datasize     unlimited
stacksize    8192 kbytes
coredumpsize 0 kbytes
memoryuse    67108864 kbytes
vmemoryuse   unlimited
descriptors  1024 
memorylocked unlimited
maxproc      2061970 
maxlocks     unlimited
maxsignal    2062029 
maxmessage   819200 
maxnice      0 
maxrtprio    0 
maxrttime    unlimited

               total        used        free      shared  buff/cache   available
Mem:           503Gi        56Gi       342Gi       8.8Gi       104Gi       434Gi
Swap:             0B          0B          0B

########################################
program versions used
7.3.2 (freesurfer-linux-ubuntu22_x86_64-7.3.2-20220804-6354275)
7.3.2

ProgramName: lta_convert  ProgramArguments: lta_convert -all-info  ProgramVersion: 7.3.2  TimeStamp: 2026/03/13-07:40:31-GMT  BuildTime: Aug  4 2022 06:17:15  BuildStamp: freesurfer-linux-ubuntu22_x86_64-7.3.2-20220804-6354275  User: oesteban  Machine: dna082  Platform: Linux  PlatformVersion: 5.14.0-427.37.1.el9_4.x86_64  CompilerName: GCC  CompilerVersion: 8.4.0
ProgramName: mri_and  ProgramArguments: mri_and -all-info  ProgramVersion: 7.3.2  TimeStamp: 2026/03/13-07:40:31-GMT  BuildTime: Aug  4 2022 06:17:15  BuildStamp: freesurfer-linux-ubuntu22_x86_64-7.3.2-20220804-6354275  User: oesteban  Machine: dna082  Platform: Linux  PlatformVersion: 5.14.0-427.37.1.el9_4.x86_64  CompilerName: GCC  CompilerVersion: 8.4.0
ProgramName: mri_annotation2label  ProgramArguments: mri_annotation2label -all-info  ProgramVersion: 7.3.2  TimeStamp: 2026/03/13-07:40:31-GMT  BuildTime: Aug  4 2022 06:17:15  BuildStamp: freesurfer-linux-ubuntu22_x86_64-7.3.2-20220804-6354275  User: oesteban  Machine: dna082  Platform: Linux  PlatformVersion: 5.14.0-427.37.1.el9_4.x86_64  CompilerName: GCC  CompilerVersion: 8.4.0
ProgramName: mri_aparc2aseg  ProgramArguments: mri_aparc2aseg -all-info  ProgramVersion: 7.3.2  TimeStamp: 2026/03/13-07:40:31-GMT  BuildTime: Aug  4 2022 06:17:15  BuildStamp: freesurfer-linux-ubuntu22_x86_64-7.3.2-20220804-6354275  User: oesteban  Machine: dna082  Platform: Linux  PlatformVersion: 5.14.0-427.37.1.el9_4.x86_64  CompilerName: GCC  CompilerVersion: 8.4.0
ProgramName: mri_surf2volseg  ProgramArguments: mri_surf2volseg -all-info  ProgramVersion: 7.3.2  TimeStamp: 2026/03/13-07:40:31-GMT  BuildTime: Aug  4 2022 06:17:15  BuildStamp: freesurfer-linux-ubuntu22_x86_64-7.3.2-20220804-6354275  User: oesteban  Machine: dna082  Platform: Linux  PlatformVersion: 5.14.0-427.37.1.el9_4.x86_64  CompilerName: GCC  CompilerVersion: 8.4.0
ProgramName: mri_binarize  ProgramArguments: mri_binarize -all-info  ProgramVersion: 7.3.2  TimeStamp: 2026/03/13-07:40:31-GMT  BuildTime: Aug  4 2022 06:17:15  BuildStamp: freesurfer-linux-ubuntu22_x86_64-7.3.2-20220804-6354275  User: oesteban  Machine: dna082  Platform: Linux  PlatformVersion: 5.14.0-427.37.1.el9_4.x86_64  CompilerName: GCC  CompilerVersion: 8.4.0
ProgramName: mri_ca_label  ProgramArguments: mri_ca_label -all-info  ProgramVersion: 7.3.2  TimeStamp: 2026/03/13-07:40:31-GMT  BuildTime: Aug  4 2022 06:17:15  BuildStamp: freesurfer-linux-ubuntu22_x86_64-7.3.2-20220804-6354275  User: oesteban  Machine: dna082  Platform: Linux  PlatformVersion: 5.14.0-427.37.1.el9_4.x86_64  CompilerName: GCC  CompilerVersion: 8.4.0
ProgramName: mri_ca_normalize  ProgramArguments: mri_ca_normalize -all-info  ProgramVersion: 7.3.2  TimeStamp: 2026/03/13-07:40:31-GMT  BuildTime: Aug  4 2022 06:17:15  BuildStamp: freesurfer-linux-ubuntu22_x86_64-7.3.2-20220804-6354275  User: oesteban  Machine: dna082  Platform: Linux  PlatformVersion: 5.14.0-427.37.1.el9_4.x86_64  CompilerName: GCC  CompilerVersion: 8.4.0
ProgramName: mri_ca_register  ProgramArguments: mri_ca_register -all-info  ProgramVersion: 7.3.2  TimeStamp: 2026/03/13-07:40:31-GMT  BuildTime: Aug  4 2022 06:17:15  BuildStamp: freesurfer-linux-ubuntu22_x86_64-7.3.2-20220804-6354275  User: oesteban  Machine: dna082  Platform: Linux  PlatformVersion: 5.14.0-427.37.1.el9_4.x86_64  CompilerName: GCC  CompilerVersion: 8.4.0
ProgramName: mri_cc  ProgramArguments: mri_cc -all-info  ProgramVersion: 7.3.2  TimeStamp: 2026/03/13-07:40:31-GMT  BuildTime: Aug  4 2022 06:17:15  BuildStamp: freesurfer-linux-ubuntu22_x86_64-7.3.2-20220804-6354275  User: oesteban  Machine: dna082  Platform: Linux  PlatformVersion: 5.14.0-427.37.1.el9_4.x86_64  CompilerName: GCC  CompilerVersion: 8.4.0
ProgramName: mri_compute_overlap  ProgramArguments: mri_compute_overlap -all-info  ProgramVersion: 7.3.2  TimeStamp: 2026/03/13-07:40:31-GMT  BuildTime: Aug  4 2022 06:17:15  BuildStamp: freesurfer-linux-ubuntu22_x86_64-7.3.2-20220804-6354275  User: oesteban  Machine: dna082  Platform: Linux  PlatformVersion: 5.14.0-427.37.1.el9_4.x86_64  CompilerName: GCC  CompilerVersion: 8.4.0
ProgramName: mri_compute_seg_overlap  ProgramArguments: mri_compute_seg_overlap -all-info  ProgramVersion: 7.3.2  TimeStamp: 2026/03/13-07:40:31-GMT  BuildTime: Aug  4 2022 06:17:15  BuildStamp: freesurfer-linux-ubuntu22_x86_64-7.3.2-20220804-6354275  User: oesteban  Machine: dna082  Platform: Linux  PlatformVersion: 5.14.0-427.37.1.el9_4.x86_64  CompilerName: GCC  CompilerVersion: 8.4.0
ProgramName: mri_concat  ProgramArguments: mri_concat -all-info  ProgramVersion: 7.3.2  TimeStamp: 2026/03/13-07:40:31-GMT  BuildTime: Aug  4 2022 06:17:15  BuildStamp: freesurfer-linux-ubuntu22_x86_64-7.3.2-20220804-6354275  User: oesteban  Machine: dna082  Platform: Linux  PlatformVersion: 5.14.0-427.37.1.el9_4.x86_64  CompilerName: GCC  CompilerVersion: 8.4.0
ProgramName: mri_concatenate_lta  ProgramArguments: mri_concatenate_lta -all-info  ProgramVersion: 7.3.2  TimeStamp: 2026/03/13-07:40:31-GMT  BuildTime: Aug  4 2022 06:17:15  BuildStamp: freesurfer-linux-ubuntu22_x86_64-7.3.2-20220804-6354275  User: oesteban  Machine: dna082  Platform: Linux  PlatformVersion: 5.14.0-427.37.1.el9_4.x86_64  CompilerName: GCC  CompilerVersion: 8.4.0
mri_convert -all-info 
ProgramName: mri_convert  ProgramArguments: mri_convert -all-info  ProgramVersion: 7.3.2  TimeStamp: 2026/03/13-07:40:31-GMT  BuildTime: Aug  4 2022 06:17:15  BuildStamp: freesurfer-linux-ubuntu22_x86_64-7.3.2-20220804-6354275  User: oesteban  Machine: dna082  Platform: Linux  PlatformVersion: 5.14.0-427.37.1.el9_4.x86_64  CompilerName: GCC  CompilerVersion: 8.4.0
ProgramName: mri_diff  ProgramArguments: mri_diff -all-info  ProgramVersion: 7.3.2  TimeStamp: 2026/03/13-07:40:31-GMT  BuildTime: Aug  4 2022 06:17:15  BuildStamp: freesurfer-linux-ubuntu22_x86_64-7.3.2-20220804-6354275  User: oesteban  Machine: dna082  Platform: Linux  PlatformVersion: 5.14.0-427.37.1.el9_4.x86_64  CompilerName: GCC  CompilerVersion: 8.4.0
ProgramName: mri_edit_wm_with_aseg  ProgramArguments: mri_edit_wm_with_aseg -all-info  ProgramVersion: 7.3.2  TimeStamp: 2026/03/13-07:40:31-GMT  BuildTime: Aug  4 2022 06:17:15  BuildStamp: freesurfer-linux-ubuntu22_x86_64-7.3.2-20220804-6354275  User: oesteban  Machine: dna082  Platform: Linux  PlatformVersion: 5.14.0-427.37.1.el9_4.x86_64  CompilerName: GCC  CompilerVersion: 8.4.0
ProgramName: mri_em_register  ProgramArguments: mri_em_register -all-info  ProgramVersion: 7.3.2  TimeStamp: 2026/03/13-07:40:31-GMT  BuildTime: Aug  4 2022 06:17:15  BuildStamp: freesurfer-linux-ubuntu22_x86_64-7.3.2-20220804-6354275  User: oesteban  Machine: dna082  Platform: Linux  PlatformVersion: 5.14.0-427.37.1.el9_4.x86_64  CompilerName: GCC  CompilerVersion: 8.4.0
ProgramName: mri_fill  ProgramArguments: mri_fill -all-info  ProgramVersion: 7.3.2  TimeStamp: 2026/03/13-07:40:31-GMT  BuildTime: Aug  4 2022 06:17:15  BuildStamp: freesurfer-linux-ubuntu22_x86_64-7.3.2-20220804-6354275  User: oesteban  Machine: dna082  Platform: Linux  PlatformVersion: 5.14.0-427.37.1.el9_4.x86_64  CompilerName: GCC  CompilerVersion: 8.4.0
ProgramName: mri_fuse_segmentations  ProgramArguments: mri_fuse_segmentations -all-info  ProgramVersion: 7.3.2  TimeStamp: 2026/03/13-07:40:31-GMT  BuildTime: Aug  4 2022 06:17:15  BuildStamp: freesurfer-linux-ubuntu22_x86_64-7.3.2-20220804-6354275  User: oesteban  Machine: dna082  Platform: Linux  PlatformVersion: 5.14.0-427.37.1.el9_4.x86_64  CompilerName: GCC  CompilerVersion: 8.4.0
ProgramName: mri_fwhm  ProgramArguments: mri_fwhm -all-info  ProgramVersion: 7.3.2  TimeStamp: 2026/03/13-07:40:31-GMT  BuildTime: Aug  4 2022 06:17:15  BuildStamp: freesurfer-linux-ubuntu22_x86_64-7.3.2-20220804-6354275  User: oesteban  Machine: dna082  Platform: Linux  PlatformVersion: 5.14.0-427.37.1.el9_4.x86_64  CompilerName: GCC  CompilerVersion: 8.4.0
ProgramName: mri_gcut  ProgramArguments: mri_gcut -all-info  ProgramVersion: 7.3.2  TimeStamp: 2026/03/13-07:40:31-GMT  BuildTime: Aug  4 2022 06:17:15  BuildStamp: freesurfer-linux-ubuntu22_x86_64-7.3.2-20220804-6354275  User: oesteban  Machine: dna082  Platform: Linux  PlatformVersion: 5.14.0-427.37.1.el9_4.x86_64  CompilerName: GCC  CompilerVersion: 8.4.0
ProgramName: mri_info  ProgramArguments: mri_info -all-info  ProgramVersion: 7.3.2  TimeStamp: 2026/03/13-07:40:31-GMT  BuildTime: Aug  4 2022 06:17:15  BuildStamp: freesurfer-linux-ubuntu22_x86_64-7.3.2-20220804-6354275  User: oesteban  Machine: dna082  Platform: Linux  PlatformVersion: 5.14.0-427.37.1.el9_4.x86_64  CompilerName: GCC  CompilerVersion: 8.4.0
ProgramName: mri_label2label  ProgramArguments: mri_label2label -all-info  ProgramVersion: 7.3.2  TimeStamp: 2026/03/13-07:40:31-GMT  BuildTime: Aug  4 2022 06:17:15  BuildStamp: freesurfer-linux-ubuntu22_x86_64-7.3.2-20220804-6354275  User: oesteban  Machine: dna082  Platform: Linux  PlatformVersion: 5.14.0-427.37.1.el9_4.x86_64  CompilerName: GCC  CompilerVersion: 8.4.0
ProgramName: mri_label2vol  ProgramArguments: mri_label2vol -all-info  ProgramVersion: 7.3.2  TimeStamp: 2026/03/13-07:40:31-GMT  BuildTime: Aug  4 2022 06:17:15  BuildStamp: freesurfer-linux-ubuntu22_x86_64-7.3.2-20220804-6354275  User: oesteban  Machine: dna082  Platform: Linux  PlatformVersion: 5.14.0-427.37.1.el9_4.x86_64  CompilerName: GCC  CompilerVersion: 8.4.0
ProgramName: mri_log_likelihood  ProgramArguments: mri_log_likelihood -all-info  ProgramVersion: 7.3.2  TimeStamp: 2026/03/13-07:40:31-GMT  BuildTime: Aug  4 2022 06:17:15  BuildStamp: freesurfer-linux-ubuntu22_x86_64-7.3.2-20220804-6354275  User: oesteban  Machine: dna082  Platform: Linux  PlatformVersion: 5.14.0-427.37.1.el9_4.x86_64  CompilerName: GCC  CompilerVersion: 8.4.0
ProgramName: mri_mask  ProgramArguments: mri_mask -all-info  ProgramVersion: 7.3.2  TimeStamp: 2026/03/13-07:40:31-GMT  BuildTime: Aug  4 2022 06:17:15  BuildStamp: freesurfer-linux-ubuntu22_x86_64-7.3.2-20220804-6354275  User: oesteban  Machine: dna082  Platform: Linux  PlatformVersion: 5.14.0-427.37.1.el9_4.x86_64  CompilerName: GCC  CompilerVersion: 8.4.0
ProgramName: mri_matrix_multiply  ProgramArguments: mri_matrix_multiply -all-info  ProgramVersion: 7.3.2  TimeStamp: 2026/03/13-07:40:31-GMT  BuildTime: Aug  4 2022 06:17:15  BuildStamp: freesurfer-linux-ubuntu22_x86_64-7.3.2-20220804-6354275  User: oesteban  Machine: dna082  Platform: Linux  PlatformVersion: 5.14.0-427.37.1.el9_4.x86_64  CompilerName: GCC  CompilerVersion: 8.4.0
ProgramName: mri_normalize  ProgramArguments: mri_normalize -all-info  ProgramVersion: 7.3.2  TimeStamp: 2026/03/13-07:40:31-GMT  BuildTime: Aug  4 2022 06:17:15  BuildStamp: freesurfer-linux-ubuntu22_x86_64-7.3.2-20220804-6354275  User: oesteban  Machine: dna082  Platform: Linux  PlatformVersion: 5.14.0-427.37.1.el9_4.x86_64  CompilerName: GCC  CompilerVersion: 8.4.0
ProgramName: mri_normalize_tp2  ProgramArguments: mri_normalize_tp2 -all-info  ProgramVersion: 7.3.2  TimeStamp: 2026/03/13-07:40:31-GMT  BuildTime: Aug  4 2022 06:17:15  BuildStamp: freesurfer-linux-ubuntu22_x86_64-7.3.2-20220804-6354275  User: oesteban  Machine: dna082  Platform: Linux  PlatformVersion: 5.14.0-427.37.1.el9_4.x86_64  CompilerName: GCC  CompilerVersion: 8.4.0
ProgramName: mri_or  ProgramArguments: mri_or -all-info  ProgramVersion: 7.3.2  TimeStamp: 2026/03/13-07:40:31-GMT  BuildTime: Aug  4 2022 06:17:15  BuildStamp: freesurfer-linux-ubuntu22_x86_64-7.3.2-20220804-6354275  User: oesteban  Machine: dna082  Platform: Linux  PlatformVersion: 5.14.0-427.37.1.el9_4.x86_64  CompilerName: GCC  CompilerVersion: 8.4.0
ProgramName: mri_relabel_hypointensities  ProgramArguments: mri_relabel_hypointensities -all-info  ProgramVersion: 7.3.2  TimeStamp: 2026/03/13-07:40:31-GMT  BuildTime: Aug  4 2022 06:17:15  BuildStamp: freesurfer-linux-ubuntu22_x86_64-7.3.2-20220804-6354275  User: oesteban  Machine: dna082  Platform: Linux  PlatformVersion: 5.14.0-427.37.1.el9_4.x86_64  CompilerName: GCC  CompilerVersion: 8.4.0
ProgramName: mri_relabel_nonwm_hypos  ProgramArguments: mri_relabel_nonwm_hypos -all-info  ProgramVersion: 7.3.2  TimeStamp: 2026/03/13-07:40:31-GMT  BuildTime: Aug  4 2022 06:17:15  BuildStamp: freesurfer-linux-ubuntu22_x86_64-7.3.2-20220804-6354275  User: oesteban  Machine: dna082  Platform: Linux  PlatformVersion: 5.14.0-427.37.1.el9_4.x86_64  CompilerName: GCC  CompilerVersion: 8.4.0
ProgramName: mri_remove_neck  ProgramArguments: mri_remove_neck -all-info  ProgramVersion: 7.3.2  TimeStamp: 2026/03/13-07:40:31-GMT  BuildTime: Aug  4 2022 06:17:15  BuildStamp: freesurfer-linux-ubuntu22_x86_64-7.3.2-20220804-6354275  User: oesteban  Machine: dna082  Platform: Linux  PlatformVersion: 5.14.0-427.37.1.el9_4.x86_64  CompilerName: GCC  CompilerVersion: 8.4.0
7.3.2

ProgramName: mri_robust_register  ProgramArguments: mri_robust_register -all-info  ProgramVersion: 7.3.2  TimeStamp: 2026/03/13-07:40:31-GMT  BuildTime: Aug  4 2022 06:17:15  BuildStamp: freesurfer-linux-ubuntu22_x86_64-7.3.2-20220804-6354275  User: oesteban  Machine: dna082  Platform: Linux  PlatformVersion: 5.14.0-427.37.1.el9_4.x86_64  CompilerName: GCC  CompilerVersion: 8.4.0
7.3.2

ProgramName: mri_robust_template  ProgramArguments: mri_robust_template -all-info  ProgramVersion: 7.3.2  TimeStamp: 2026/03/13-07:40:31-GMT  BuildTime: Aug  4 2022 06:17:15  BuildStamp: freesurfer-linux-ubuntu22_x86_64-7.3.2-20220804-6354275  User: oesteban  Machine: dna082  Platform: Linux  PlatformVersion: 5.14.0-427.37.1.el9_4.x86_64  CompilerName: GCC  CompilerVersion: 8.4.0
ProgramName: mris_anatomical_stats  ProgramArguments: mris_anatomical_stats -all-info  ProgramVersion: 7.3.2  TimeStamp: 2026/03/13-07:40:31-GMT  BuildTime: Aug  4 2022 06:17:15  BuildStamp: freesurfer-linux-ubuntu22_x86_64-7.3.2-20220804-6354275  User: oesteban  Machine: dna082  Platform: Linux  PlatformVersion: 5.14.0-427.37.1.el9_4.x86_64  CompilerName: GCC  CompilerVersion: 8.4.0
ProgramName: mris_ca_label  ProgramArguments: mris_ca_label -all-info  ProgramVersion: 7.3.2  TimeStamp: 2026/03/13-07:40:31-GMT  BuildTime: Aug  4 2022 06:17:15  BuildStamp: freesurfer-linux-ubuntu22_x86_64-7.3.2-20220804-6354275  User: oesteban  Machine: dna082  Platform: Linux  PlatformVersion: 5.14.0-427.37.1.el9_4.x86_64  CompilerName: GCC  CompilerVersion: 8.4.0
ProgramName: mris_calc  ProgramArguments: mris_calc -all-info  ProgramVersion: 7.3.2  TimeStamp: 2026/03/13-07:40:31-GMT  BuildTime: Aug  4 2022 06:17:15  BuildStamp: freesurfer-linux-ubuntu22_x86_64-7.3.2-20220804-6354275  User: oesteban  Machine: dna082  Platform: Linux  PlatformVersion: 5.14.0-427.37.1.el9_4.x86_64  CompilerName: GCC  CompilerVersion: 8.4.0
ProgramName: mris_convert  ProgramArguments: mris_convert -all-info  ProgramVersion: 7.3.2  TimeStamp: 2026/03/13-07:40:31-GMT  BuildTime: Aug  4 2022 06:17:15  BuildStamp: freesurfer-linux-ubuntu22_x86_64-7.3.2-20220804-6354275  User: oesteban  Machine: dna082  Platform: Linux  PlatformVersion: 5.14.0-427.37.1.el9_4.x86_64  CompilerName: GCC  CompilerVersion: 8.4.0
ProgramName: mris_curvature  ProgramArguments: mris_curvature -all-info  ProgramVersion: 7.3.2  TimeStamp: 2026/03/13-07:40:31-GMT  BuildTime: Aug  4 2022 06:17:15  BuildStamp: freesurfer-linux-ubuntu22_x86_64-7.3.2-20220804-6354275  User: oesteban  Machine: dna082  Platform: Linux  PlatformVersion: 5.14.0-427.37.1.el9_4.x86_64  CompilerName: GCC  CompilerVersion: 8.4.0
ProgramName: mris_curvature_stats  ProgramArguments: mris_curvature_stats -all-info  ProgramVersion: 7.3.2  TimeStamp: 2026/03/13-07:40:31-GMT  BuildTime: Aug  4 2022 06:17:15  BuildStamp: freesurfer-linux-ubuntu22_x86_64-7.3.2-20220804-6354275  User: oesteban  Machine: dna082  Platform: Linux  PlatformVersion: 5.14.0-427.37.1.el9_4.x86_64  CompilerName: GCC  CompilerVersion: 8.4.0
ProgramName: mris_diff  ProgramArguments: mris_diff -all-info  ProgramVersion: 7.3.2  TimeStamp: 2026/03/13-07:40:31-GMT  BuildTime: Aug  4 2022 06:17:15  BuildStamp: freesurfer-linux-ubuntu22_x86_64-7.3.2-20220804-6354275  User: oesteban  Machine: dna082  Platform: Linux  PlatformVersion: 5.14.0-427.37.1.el9_4.x86_64  CompilerName: GCC  CompilerVersion: 8.4.0
ProgramName: mris_divide_parcellation  ProgramArguments: mris_divide_parcellation -all-info  ProgramVersion: 7.3.2  TimeStamp: 2026/03/13-07:40:31-GMT  BuildTime: Aug  4 2022 06:17:15  BuildStamp: freesurfer-linux-ubuntu22_x86_64-7.3.2-20220804-6354275  User: oesteban  Machine: dna082  Platform: Linux  PlatformVersion: 5.14.0-427.37.1.el9_4.x86_64  CompilerName: GCC  CompilerVersion: 8.4.0
ProgramName: mri_segment  ProgramArguments: mri_segment -all-info  ProgramVersion: 7.3.2  TimeStamp: 2026/03/13-07:40:31-GMT  BuildTime: Aug  4 2022 06:17:15  BuildStamp: freesurfer-linux-ubuntu22_x86_64-7.3.2-20220804-6354275  User: oesteban  Machine: dna082  Platform: Linux  PlatformVersion: 5.14.0-427.37.1.el9_4.x86_64  CompilerName: GCC  CompilerVersion: 8.4.0
ProgramName: mri_segstats  ProgramArguments: mri_segstats -all-info  ProgramVersion: 7.3.2  TimeStamp: 2026/03/13-07:40:31-GMT  BuildTime: Aug  4 2022 06:17:15  BuildStamp: freesurfer-linux-ubuntu22_x86_64-7.3.2-20220804-6354275  User: oesteban  Machine: dna082  Platform: Linux  PlatformVersion: 5.14.0-427.37.1.el9_4.x86_64  CompilerName: GCC  CompilerVersion: 8.4.0
ProgramName: mris_euler_number  ProgramArguments: mris_euler_number -all-info  ProgramVersion: 7.3.2  TimeStamp: 2026/03/13-07:40:31-GMT  BuildTime: Aug  4 2022 06:17:15  BuildStamp: freesurfer-linux-ubuntu22_x86_64-7.3.2-20220804-6354275  User: oesteban  Machine: dna082  Platform: Linux  PlatformVersion: 5.14.0-427.37.1.el9_4.x86_64  CompilerName: GCC  CompilerVersion: 8.4.0
ProgramName: mris_fix_topology  ProgramArguments: mris_fix_topology -all-info  ProgramVersion: 7.3.2  TimeStamp: 2026/03/13-07:40:31-GMT  BuildTime: Aug  4 2022 06:17:15  BuildStamp: freesurfer-linux-ubuntu22_x86_64-7.3.2-20220804-6354275  User: oesteban  Machine: dna082  Platform: Linux  PlatformVersion: 5.14.0-427.37.1.el9_4.x86_64  CompilerName: GCC  CompilerVersion: 8.4.0
ProgramName: mris_topo_fixer  ProgramArguments: mris_topo_fixer -all-info  ProgramVersion: 7.3.2  TimeStamp: 2026/03/13-07:40:31-GMT  BuildTime: Aug  4 2022 06:17:15  BuildStamp: freesurfer-linux-ubuntu22_x86_64-7.3.2-20220804-6354275  User: oesteban  Machine: dna082  Platform: Linux  PlatformVersion: 5.14.0-427.37.1.el9_4.x86_64  CompilerName: GCC  CompilerVersion: 8.4.0
ProgramName: mris_jacobian  ProgramArguments: mris_jacobian -all-info  ProgramVersion: 7.3.2  TimeStamp: 2026/03/13-07:40:31-GMT  BuildTime: Aug  4 2022 06:17:15  BuildStamp: freesurfer-linux-ubuntu22_x86_64-7.3.2-20220804-6354275  User: oesteban  Machine: dna082  Platform: Linux  PlatformVersion: 5.14.0-427.37.1.el9_4.x86_64  CompilerName: GCC  CompilerVersion: 8.4.0
ProgramName: mris_label2annot  ProgramArguments: mris_label2annot -all-info  ProgramVersion: 7.3.2  TimeStamp: 2026/03/13-07:40:31-GMT  BuildTime: Aug  4 2022 06:17:15  BuildStamp: freesurfer-linux-ubuntu22_x86_64-7.3.2-20220804-6354275  User: oesteban  Machine: dna082  Platform: Linux  PlatformVersion: 5.14.0-427.37.1.el9_4.x86_64  CompilerName: GCC  CompilerVersion: 8.4.0
ProgramName: mris_left_right_register  ProgramArguments: mris_left_right_register -all-info  ProgramVersion: 7.3.2  TimeStamp: 2026/03/13-07:40:31-GMT  BuildTime: Aug  4 2022 06:17:15  BuildStamp: freesurfer-linux-ubuntu22_x86_64-7.3.2-20220804-6354275  User: oesteban  Machine: dna082  Platform: Linux  PlatformVersion: 5.14.0-427.37.1.el9_4.x86_64  CompilerName: GCC  CompilerVersion: 8.4.0
ProgramName: mris_place_surface  ProgramArguments: mris_place_surface -all-info  ProgramVersion: 7.3.2  TimeStamp: 2026/03/13-07:40:31-GMT  BuildTime: Aug  4 2022 06:17:15  BuildStamp: freesurfer-linux-ubuntu22_x86_64-7.3.2-20220804-6354275  User: oesteban  Machine: dna082  Platform: Linux  PlatformVersion: 5.14.0-427.37.1.el9_4.x86_64  CompilerName: GCC  CompilerVersion: 8.4.0
ProgramName: mrisp_paint  ProgramArguments: mrisp_paint -all-info  ProgramVersion: 7.3.2  TimeStamp: 2026/03/13-07:40:31-GMT  BuildTime: Aug  4 2022 06:17:15  BuildStamp: freesurfer-linux-ubuntu22_x86_64-7.3.2-20220804-6354275  User: oesteban  Machine: dna082  Platform: Linux  PlatformVersion: 5.14.0-427.37.1.el9_4.x86_64  CompilerName: GCC  CompilerVersion: 8.4.0
ProgramName: mris_register  ProgramArguments: mris_register -all-info  ProgramVersion: 7.3.2  TimeStamp: 2026/03/13-07:40:31-GMT  BuildTime: Aug  4 2022 06:17:15  BuildStamp: freesurfer-linux-ubuntu22_x86_64-7.3.2-20220804-6354275  User: oesteban  Machine: dna082  Platform: Linux  PlatformVersion: 5.14.0-427.37.1.el9_4.x86_64  CompilerName: GCC  CompilerVersion: 8.4.0
ProgramName: mris_smooth  ProgramArguments: mris_smooth -all-info  ProgramVersion: 7.3.2  TimeStamp: 2026/03/13-07:40:31-GMT  BuildTime: Aug  4 2022 06:17:15  BuildStamp: freesurfer-linux-ubuntu22_x86_64-7.3.2-20220804-6354275  User: oesteban  Machine: dna082  Platform: Linux  PlatformVersion: 5.14.0-427.37.1.el9_4.x86_64  CompilerName: GCC  CompilerVersion: 8.4.0
ProgramName: mris_sphere  ProgramArguments: mris_sphere -all-info  ProgramVersion: 7.3.2  TimeStamp: 2026/03/13-07:40:31-GMT  BuildTime: Aug  4 2022 06:17:15  BuildStamp: freesurfer-linux-ubuntu22_x86_64-7.3.2-20220804-6354275  User: oesteban  Machine: dna082  Platform: Linux  PlatformVersion: 5.14.0-427.37.1.el9_4.x86_64  CompilerName: GCC  CompilerVersion: 8.4.0
ProgramName: mris_surface_stats  ProgramArguments: mris_surface_stats -all-info  ProgramVersion: 7.3.2  TimeStamp: 2026/03/13-07:40:31-GMT  BuildTime: Aug  4 2022 06:17:15  BuildStamp: freesurfer-linux-ubuntu22_x86_64-7.3.2-20220804-6354275  User: oesteban  Machine: dna082  Platform: Linux  PlatformVersion: 5.14.0-427.37.1.el9_4.x86_64  CompilerName: GCC  CompilerVersion: 8.4.0
ProgramName: mri_stats2seg  ProgramArguments: mri_stats2seg -all-info  ProgramVersion: 7.3.2  TimeStamp: 2026/03/13-07:40:31-GMT  BuildTime: Aug  4 2022 06:17:15  BuildStamp: freesurfer-linux-ubuntu22_x86_64-7.3.2-20220804-6354275  User: oesteban  Machine: dna082  Platform: Linux  PlatformVersion: 5.14.0-427.37.1.el9_4.x86_64  CompilerName: GCC  CompilerVersion: 8.4.0
ProgramName: mris_thickness  ProgramArguments: mris_thickness -all-info  ProgramVersion: 7.3.2  TimeStamp: 2026/03/13-07:40:31-GMT  BuildTime: Aug  4 2022 06:17:15  BuildStamp: freesurfer-linux-ubuntu22_x86_64-7.3.2-20220804-6354275  User: oesteban  Machine: dna082  Platform: Linux  PlatformVersion: 5.14.0-427.37.1.el9_4.x86_64  CompilerName: GCC  CompilerVersion: 8.4.0
ProgramName: mris_thickness_diff  ProgramArguments: mris_thickness_diff -all-info  ProgramVersion: 7.3.2  TimeStamp: 2026/03/13-07:40:31-GMT  BuildTime: Aug  4 2022 06:17:15  BuildStamp: freesurfer-linux-ubuntu22_x86_64-7.3.2-20220804-6354275  User: oesteban  Machine: dna082  Platform: Linux  PlatformVersion: 5.14.0-427.37.1.el9_4.x86_64  CompilerName: GCC  CompilerVersion: 8.4.0
ProgramName: mris_topo_fixer  ProgramArguments: mris_topo_fixer -all-info  ProgramVersion: 7.3.2  TimeStamp: 2026/03/13-07:40:31-GMT  BuildTime: Aug  4 2022 06:17:15  BuildStamp: freesurfer-linux-ubuntu22_x86_64-7.3.2-20220804-6354275  User: oesteban  Machine: dna082  Platform: Linux  PlatformVersion: 5.14.0-427.37.1.el9_4.x86_64  CompilerName: GCC  CompilerVersion: 8.4.0
ProgramName: mri_surf2surf  ProgramArguments: mri_surf2surf -all-info  ProgramVersion: 7.3.2  TimeStamp: 2026/03/13-07:40:31-GMT  BuildTime: Aug  4 2022 06:17:15  BuildStamp: freesurfer-linux-ubuntu22_x86_64-7.3.2-20220804-6354275  User: oesteban  Machine: dna082  Platform: Linux  PlatformVersion: 5.14.0-427.37.1.el9_4.x86_64  CompilerName: GCC  CompilerVersion: 8.4.0
ProgramName: mri_surf2vol  ProgramArguments: mri_surf2vol -all-info  ProgramVersion: 7.3.2  TimeStamp: 2026/03/13-07:40:31-GMT  BuildTime: Aug  4 2022 06:17:15  BuildStamp: freesurfer-linux-ubuntu22_x86_64-7.3.2-20220804-6354275  User: oesteban  Machine: dna082  Platform: Linux  PlatformVersion: 5.14.0-427.37.1.el9_4.x86_64  CompilerName: GCC  CompilerVersion: 8.4.0
ProgramName: mri_surfcluster  ProgramArguments: mri_surfcluster -all-info  ProgramVersion: 7.3.2  TimeStamp: 2026/03/13-07:40:31-GMT  BuildTime: Aug  4 2022 06:17:15  BuildStamp: freesurfer-linux-ubuntu22_x86_64-7.3.2-20220804-6354275  User: oesteban  Machine: dna082  Platform: Linux  PlatformVersion: 5.14.0-427.37.1.el9_4.x86_64  CompilerName: GCC  CompilerVersion: 8.4.0
ProgramName: mris_volmask  ProgramArguments: mris_volmask -all-info  ProgramVersion: 7.3.2  TimeStamp: 2026/03/13-07:40:31-GMT  BuildTime: Aug  4 2022 06:17:15  BuildStamp: freesurfer-linux-ubuntu22_x86_64-7.3.2-20220804-6354275  User: oesteban  Machine: dna082  Platform: Linux  PlatformVersion: 5.14.0-427.37.1.el9_4.x86_64  CompilerName: GCC  CompilerVersion: 8.4.0
ProgramName: mri_tessellate  ProgramArguments: mri_tessellate -all-info  ProgramVersion: 7.3.2  TimeStamp: 2026/03/13-07:40:31-GMT  BuildTime: Aug  4 2022 06:17:15  BuildStamp: freesurfer-linux-ubuntu22_x86_64-7.3.2-20220804-6354275  User: oesteban  Machine: dna082  Platform: Linux  PlatformVersion: 5.14.0-427.37.1.el9_4.x86_64  CompilerName: GCC  CompilerVersion: 8.4.0
ProgramName: mri_vol2surf  ProgramArguments: mri_vol2surf -all-info  ProgramVersion: 7.3.2  TimeStamp: 2026/03/13-07:40:31-GMT  BuildTime: Aug  4 2022 06:17:15  BuildStamp: freesurfer-linux-ubuntu22_x86_64-7.3.2-20220804-6354275  User: oesteban  Machine: dna082  Platform: Linux  PlatformVersion: 5.14.0-427.37.1.el9_4.x86_64  CompilerName: GCC  CompilerVersion: 8.4.0
ProgramName: mri_vol2vol  ProgramArguments: mri_vol2vol -all-info  ProgramVersion: 7.3.2  TimeStamp: 2026/03/13-07:40:31-GMT  BuildTime: Aug  4 2022 06:17:15  BuildStamp: freesurfer-linux-ubuntu22_x86_64-7.3.2-20220804-6354275  User: oesteban  Machine: dna082  Platform: Linux  PlatformVersion: 5.14.0-427.37.1.el9_4.x86_64  CompilerName: GCC  CompilerVersion: 8.4.0
ProgramName: mri_voldiff  ProgramArguments: mri_voldiff -all-info  ProgramVersion: 7.3.2  TimeStamp: 2026/03/13-07:40:31-GMT  BuildTime: Aug  4 2022 06:17:15  BuildStamp: freesurfer-linux-ubuntu22_x86_64-7.3.2-20220804-6354275  User: oesteban  Machine: dna082  Platform: Linux  PlatformVersion: 5.14.0-427.37.1.el9_4.x86_64  CompilerName: GCC  CompilerVersion: 8.4.0
ProgramName: mri_watershed  ProgramArguments: mri_watershed -all-info  ProgramVersion: 7.3.2  TimeStamp: 2026/03/13-07:40:31-GMT  BuildTime: Aug  4 2022 06:17:15  BuildStamp: freesurfer-linux-ubuntu22_x86_64-7.3.2-20220804-6354275  User: oesteban  Machine: dna082  Platform: Linux  PlatformVersion: 5.14.0-427.37.1.el9_4.x86_64  CompilerName: GCC  CompilerVersion: 8.4.0
ProgramName: tkregister2  ProgramArguments: tkregister2_cmdl -all-info  ProgramVersion: 7.3.2  TimeStamp: 2026/03/13-07:40:31-GMT  BuildTime: Aug  4 2022 06:17:15  BuildStamp: freesurfer-linux-ubuntu22_x86_64-7.3.2-20220804-6354275  User: oesteban  Machine: dna082  Platform: Linux  PlatformVersion: 5.14.0-427.37.1.el9_4.x86_64  CompilerName: GCC  CompilerVersion: 8.4.0
mri_motion_correct.fsl 7.3.2
mri_convert -all-info 
ProgramName: mri_convert  ProgramArguments: mri_convert -all-info  ProgramVersion: 7.3.2  TimeStamp: 2026/03/13-07:40:31-GMT  BuildTime: Aug  4 2022 06:17:15  BuildStamp: freesurfer-linux-ubuntu22_x86_64-7.3.2-20220804-6354275  User: oesteban  Machine: dna082  Platform: Linux  PlatformVersion: 5.14.0-427.37.1.el9_4.x86_64  CompilerName: GCC  CompilerVersion: 8.4.0
Program nu_correct, built from:
Package MNI N3, version 1.12.0, compiled by nicks@terrier (x86_64-unknown-linux-gnu) on 2015-06-19 at 01:25:34
#######################################
GCADIR /opt/freesurfer/average
GCA RB_all_2020-01-02.gca
GCASkull RB_all_withskull_2020_01_02.gca
AvgCurvTif folding.atlas.acfb40.noaparc.i12.2016-08-02.tif
GCSDIR /opt/freesurfer/average
GCS DKaparc.atlas.acfb40.noaparc.i12.2016-08-02.gcs
#######################################
#--------------------------------------------
#@# WhiteSurfs lh Fri Mar 13 08:40:31 CET 2026
cd /out/sourcedata/freesurfer/sub-v2s4x29632_ses-1/mri
mris_place_surface --adgws-in ../surf/autodet.gw.stats.lh.dat --seg aseg.presurf.mgz --threads 16 --wm wm.mgz --invol brain.finalsurfs.mgz --lh --i ../surf/lh.white.preaparc --o ../surf/lh.white --white --nsmooth 0 --rip-label ../label/lh.cortex.label --rip-bg --rip-surf ../surf/lh.white.preaparc --aparc ../label/lh.aparc.annot
   Update not needed
#--------------------------------------------
#@# WhiteSurfs rh Fri Mar 13 08:40:31 CET 2026
cd /out/sourcedata/freesurfer/sub-v2s4x29632_ses-1/mri
mris_place_surface --adgws-in ../surf/autodet.gw.stats.rh.dat --seg aseg.presurf.mgz --threads 16 --wm wm.mgz --invol brain.finalsurfs.mgz --rh --i ../surf/rh.white.preaparc --o ../surf/rh.white --white --nsmooth 0 --rip-label ../label/rh.cortex.label --rip-bg --rip-surf ../surf/rh.white.preaparc --aparc ../label/rh.aparc.annot
   Update not needed
#@# white curv lh Fri Mar 13 08:40:31 CET 2026
cd /out/sourcedata/freesurfer/sub-v2s4x29632_ses-1/mri
mris_place_surface --curv-map ../surf/lh.white 2 10 ../surf/lh.curv
   Update not needed
#@# white area lh Fri Mar 13 08:40:31 CET 2026
cd /out/sourcedata/freesurfer/sub-v2s4x29632_ses-1/mri
mris_place_surface --area-map ../surf/lh.white ../surf/lh.area
   Update not needed
#@# pial curv lh Fri Mar 13 08:40:31 CET 2026
cd /out/sourcedata/freesurfer/sub-v2s4x29632_ses-1/mri
mris_place_surface --curv-map ../surf/lh.pial 2 10 ../surf/lh.curv.pial
   Update not needed
#@# pial area lh Fri Mar 13 08:40:31 CET 2026
cd /out/sourcedata/freesurfer/sub-v2s4x29632_ses-1/mri
mris_place_surface --area-map ../surf/lh.pial ../surf/lh.area.pial
   Update not needed
#@# thickness lh Fri Mar 13 08:40:31 CET 2026
cd /out/sourcedata/freesurfer/sub-v2s4x29632_ses-1/mri
mris_place_surface --thickness ../surf/lh.white ../surf/lh.pial 20 5 ../surf/lh.thickness
   Update not needed
#@# area and vertex vol lh Fri Mar 13 08:40:31 CET 2026
cd /out/sourcedata/freesurfer/sub-v2s4x29632_ses-1/mri
mris_place_surface --thickness ../surf/lh.white ../surf/lh.pial 20 5 ../surf/lh.thickness
   Update not needed
#@# white curv rh Fri Mar 13 08:40:31 CET 2026
cd /out/sourcedata/freesurfer/sub-v2s4x29632_ses-1/mri
mris_place_surface --curv-map ../surf/rh.white 2 10 ../surf/rh.curv
   Update not needed
#@# white area rh Fri Mar 13 08:40:31 CET 2026
cd /out/sourcedata/freesurfer/sub-v2s4x29632_ses-1/mri
mris_place_surface --area-map ../surf/rh.white ../surf/rh.area
   Update not needed
#@# pial curv rh Fri Mar 13 08:40:31 CET 2026
cd /out/sourcedata/freesurfer/sub-v2s4x29632_ses-1/mri
mris_place_surface --curv-map ../surf/rh.pial 2 10 ../surf/rh.curv.pial
   Update not needed
#@# pial area rh Fri Mar 13 08:40:31 CET 2026
cd /out/sourcedata/freesurfer/sub-v2s4x29632_ses-1/mri
mris_place_surface --area-map ../surf/rh.pial ../surf/rh.area.pial
   Update not needed
#@# thickness rh Fri Mar 13 08:40:31 CET 2026
cd /out/sourcedata/freesurfer/sub-v2s4x29632_ses-1/mri
mris_place_surface --thickness ../surf/rh.white ../surf/rh.pial 20 5 ../surf/rh.thickness
   Update not needed
#@# area and vertex vol rh Fri Mar 13 08:40:31 CET 2026
cd /out/sourcedata/freesurfer/sub-v2s4x29632_ses-1/mri
mris_place_surface --thickness ../surf/rh.white ../surf/rh.pial 20 5 ../surf/rh.thickness
   Update not needed

#-----------------------------------------
#@# Curvature Stats lh Fri Mar 13 08:40:31 CET 2026
/out/sourcedata/freesurfer/sub-v2s4x29632_ses-1/surf

 mris_curvature_stats -m --writeCurvatureFiles -G -o ../stats/lh.curv.stats -F smoothwm sub-v2s4x29632_ses-1 lh curv sulc 

             Toggling save flag on curvature files                       [ ok ]
                 Outputting results using filestem   [ ../stats/lh.curv.stats ]
             Toggling save flag on curvature files                       [ ok ]
                                   Setting surface [ sub-v2s4x29632_ses-1/lh.smoothwm ]
                                Reading surface...                       [ ok ]
                                   Setting texture                     [ curv ]
                                Reading texture...                       [ ok ]
                                   Setting texture                     [ sulc ]
                                Reading texture...Gb_filter = 0
                       [ ok ]
      Calculating Discrete Principal Curvatures...
      Determining geometric order for vno faces... [####################] [ ok ]
                      Determining KH curvatures... [####################] [ ok ]
                    Determining k1k2 curvatures... [####################] [ ok ]
                                   deltaViolations                      [ 257 ]
Gb_filter = 0

WARN:    S lookup   min:                          -0.321337
WARN:    S explicit min:                          0.000000	vertex = 837

#-----------------------------------------
#@# Curvature Stats rh Fri Mar 13 08:40:33 CET 2026
/out/sourcedata/freesurfer/sub-v2s4x29632_ses-1/surf

 mris_curvature_stats -m --writeCurvatureFiles -G -o ../stats/rh.curv.stats -F smoothwm sub-v2s4x29632_ses-1 rh curv sulc 

             Toggling save flag on curvature files                       [ ok ]
                 Outputting results using filestem   [ ../stats/rh.curv.stats ]
             Toggling save flag on curvature files                       [ ok ]
                                   Setting surface [ sub-v2s4x29632_ses-1/rh.smoothwm ]
                                Reading surface...                       [ ok ]
                                   Setting texture                     [ curv ]
                                Reading texture...                       [ ok ]
                                   Setting texture                     [ sulc ]
                                Reading texture...Gb_filter = 0
                       [ ok ]
      Calculating Discrete Principal Curvatures...
      Determining geometric order for vno faces... [####################] [ ok ]
                      Determining KH curvatures... [####################] [ ok ]
                    Determining k1k2 curvatures... [####################] [ ok ]
                                   deltaViolations                      [ 260 ]
Gb_filter = 0

WARN:    S lookup   min:                          -0.071000
WARN:    S explicit min:                          0.000000	vertex = 248
#-----------------------------------------
#@# Relabel Hypointensities Fri Mar 13 08:40:34 CET 2026
/out/sourcedata/freesurfer/sub-v2s4x29632_ses-1/mri

 mri_relabel_hypointensities aseg.presurf.mgz ../surf aseg.presurf.hypos.mgz 

reading input surface ../surf/lh.white...
relabeling lh hypointensities...
3229 voxels changed to hypointensity...
reading input surface ../surf/rh.white...
relabeling rh hypointensities...
2606 voxels changed to hypointensity...
5796 hypointense voxels neighboring cortex changed
#-----------------------------------------
#@# APas-to-ASeg Fri Mar 13 08:40:44 CET 2026
/out/sourcedata/freesurfer/sub-v2s4x29632_ses-1/mri

 mri_surf2volseg --o aseg.mgz --i aseg.presurf.hypos.mgz --fix-presurf-with-ribbon /out/sourcedata/freesurfer/sub-v2s4x29632_ses-1/mri/ribbon.mgz --threads 16 --lh-cortex-mask /out/sourcedata/freesurfer/sub-v2s4x29632_ses-1/label/lh.cortex.label --lh-white /out/sourcedata/freesurfer/sub-v2s4x29632_ses-1/surf/lh.white --lh-pial /out/sourcedata/freesurfer/sub-v2s4x29632_ses-1/surf/lh.pial --rh-cortex-mask /out/sourcedata/freesurfer/sub-v2s4x29632_ses-1/label/rh.cortex.label --rh-white /out/sourcedata/freesurfer/sub-v2s4x29632_ses-1/surf/rh.white --rh-pial /out/sourcedata/freesurfer/sub-v2s4x29632_ses-1/surf/rh.pial 

SUBJECTS_DIR /out/sourcedata/freesurfer
outvol aseg.mgz
16 avail.processors, using 16
Loading aseg.presurf.hypos.mgz
Loading /out/sourcedata/freesurfer/sub-v2s4x29632_ses-1/mri/ribbon.mgz
Loading /out/sourcedata/freesurfer/sub-v2s4x29632_ses-1/surf/lh.white
Loading /out/sourcedata/freesurfer/sub-v2s4x29632_ses-1/surf/lh.pial
Loading /out/sourcedata/freesurfer/sub-v2s4x29632_ses-1/label/lh.cortex.label
Loading /out/sourcedata/freesurfer/sub-v2s4x29632_ses-1/surf/rh.white
Loading /out/sourcedata/freesurfer/sub-v2s4x29632_ses-1/surf/rh.pial
Loading /out/sourcedata/freesurfer/sub-v2s4x29632_ses-1/label/rh.cortex.label
Done loading
  0  80 192 144 112 240  48 224 208  96 160  16 176  64 128  32  33   1 209 193  17 177 225  81 241  65  49 210 194  34  18   2 242 226  50  66 195 211  35  19 
  3 243 227  51  67 196  36 212  20   4 244 228  52  37 197  68  21 213 245   5 229 178  97 198  38 113  69  53 246 161 214  22   6  82 230 199 
129  39 
247  70 179 
 54 215 231  23   7 200 145 248  83  40 232  71 216  55 201  24   8 249 233 180 162  41 217 202  72  56 250  84  25  98   9 130 234 146  42 203 251 218 114  57  26 181 235  10  85 204 252  43 163 219 
236  27  58  11 205 253 220 182 237  44  86  28  12  73  59 
 99 
147 206 254 221 164 238  45 183  29  13  60  87 207 255 222 239 
131 115  46  14  30 184  61 223 165  15  88 148  47  31  62 185  74 100  63 186 166 149  89 187 132 116 188 167  75  90 150 189 101 190 168 151 191  91 133  76 117 169 152 102  77  92 170  78 153 118  79 
171 103 134  93 172 154 173  94 119 
104 174 155  95 175 135 105 120 156 136 106 121 157 137 107 122 158 138 108 123 159 
139 
124 109 140 125 110 141 126 111 127 142 143 
nrelabeled = 231305
ndotcheck = 0
Starting Surf2VolSeg free
free done
#VMPC# mri_surf2volseg VmPeak  1858180
mri_surf2volseg done

 mri_brainvol_stats sub-v2s4x29632_ses-1 

ComputeBrainVolumeStats2 VoxelVol=1, KeepCSF=1
  #CBVS2 MaskVol              1341599.0
  #CBVS2 BrainSegVol          1052566.0
  #CBVS2 BrainSegVolNotVent   1034412.0
  #CBVS2 SupraTentVol          921578.0
  #CBVS2 SupraTentVolNotVent   903424.0
  #CBVS2 lhCtxGM               250219.0
  #CBVS2 rhCtxGM               223355.8
  #CBVS2 lhCerebralWM          191422.5
  #CBVS2 rhCerebralWM          180771.5
  #CBVS2 SubCortGMVol           58790.0
  #CBVS2 CerebellumVol         130988.0
  #CBVS2 CerebellumGMVol       109859.0
  #CBVS2 VentChorVol            14285.0
  #CBVS2 3rd4th5thCSF            3869.0
  #CBVS2 AllCSF                 18154.0
  #CBVS2 CCVol                   3177.0
#-----------------------------------------
#@# AParc-to-ASeg aparc Fri Mar 13 08:40:49 CET 2026
/out/sourcedata/freesurfer/sub-v2s4x29632_ses-1/mri

 mri_surf2volseg --o aparc+aseg.mgz --label-cortex --i aseg.mgz --threads 16 --lh-annot /out/sourcedata/freesurfer/sub-v2s4x29632_ses-1/label/lh.aparc.annot 1000 --lh-cortex-mask /out/sourcedata/freesurfer/sub-v2s4x29632_ses-1/label/lh.cortex.label --lh-white /out/sourcedata/freesurfer/sub-v2s4x29632_ses-1/surf/lh.white --lh-pial /out/sourcedata/freesurfer/sub-v2s4x29632_ses-1/surf/lh.pial --rh-annot /out/sourcedata/freesurfer/sub-v2s4x29632_ses-1/label/rh.aparc.annot 2000 --rh-cortex-mask /out/sourcedata/freesurfer/sub-v2s4x29632_ses-1/label/rh.cortex.label --rh-white /out/sourcedata/freesurfer/sub-v2s4x29632_ses-1/surf/rh.white --rh-pial /out/sourcedata/freesurfer/sub-v2s4x29632_ses-1/surf/rh.pial 

SUBJECTS_DIR /out/sourcedata/freesurfer
outvol aparc+aseg.mgz
16 avail.processors, using 16
Loading aseg.mgz
Loading /out/sourcedata/freesurfer/sub-v2s4x29632_ses-1/surf/lh.white
Loading /out/sourcedata/freesurfer/sub-v2s4x29632_ses-1/surf/lh.pial
Loading /out/sourcedata/freesurfer/sub-v2s4x29632_ses-1/label/lh.cortex.label
Ripping lh vertices labeled not in lh.cortex.label
  ripped 7577 vertices from lh hemi
Loading /out/sourcedata/freesurfer/sub-v2s4x29632_ses-1/label/lh.aparc.annot
Loading /out/sourcedata/freesurfer/sub-v2s4x29632_ses-1/surf/rh.white
Loading /out/sourcedata/freesurfer/sub-v2s4x29632_ses-1/surf/rh.pial
Loading /out/sourcedata/freesurfer/sub-v2s4x29632_ses-1/label/rh.cortex.label
Ripping rh vertices labeled not in rh.cortex.label
  ripped 7591 vertices from rh hemi
Loading /out/sourcedata/freesurfer/sub-v2s4x29632_ses-1/label/rh.aparc.annot
Done loading
  0 208 144 160 240 224 112 128  64 176  32  96  16  48 192  80 241  65  49  33  17 209 225   1 242  50  66  34  18 210   2 226 243  51  35  19 
  3 211 244 227  52  36  67  20   4 212 245  53 228  37  21   5 246 213  54 193  38 229   6 247  22  55 214  39 
230 248   7  23 194  56 215  40 249 195   8  24 231  57  41 216 196 250   9  25  58 232  42 197 251 217  10  26  59 
233 198  43 252  11 218  60  27 199 
 44 234 253  61  12 200  28 219 
 62  68  45 254 235 201  13  63  29 220  46 255 202 236  14  30  47 203  15 237  31 204 238 205 221 239 
206 222 207 223  69  70  71 145  72 113  81  97  73 129 161  74 177 146  75 114  82  76 130  98 147 115  77 162  83 178 116 148 131  78  84  99 
117 149  79 
163 132 118  85 179 
150 133 100 119 
151  86 164 180 134 152  87 120 101 181 135 165 121 153 182 136  88 102 122 183 154 137 166  89 103 123 184 185 155 124 104 138 186  90 187 167 156 188 125 105 189 139 
190  91 191 126 106 168 157  92 140 127 107 158 169  93 108 141 170 159 
109  94 142 171 110  95 111 143 172 173 174 175 
nrelabeled = 472440
ndotcheck = 36004
Starting Surf2VolSeg free
free done
#VMPC# mri_surf2volseg VmPeak  1842260
mri_surf2volseg done
#-----------------------------------------
#@# AParc-to-ASeg aparc.a2009s Fri Mar 13 08:41:10 CET 2026
/out/sourcedata/freesurfer/sub-v2s4x29632_ses-1/mri

 mri_surf2volseg --o aparc.a2009s+aseg.mgz --label-cortex --i aseg.mgz --threads 16 --lh-annot /out/sourcedata/freesurfer/sub-v2s4x29632_ses-1/label/lh.aparc.a2009s.annot 11100 --lh-cortex-mask /out/sourcedata/freesurfer/sub-v2s4x29632_ses-1/label/lh.cortex.label --lh-white /out/sourcedata/freesurfer/sub-v2s4x29632_ses-1/surf/lh.white --lh-pial /out/sourcedata/freesurfer/sub-v2s4x29632_ses-1/surf/lh.pial --rh-annot /out/sourcedata/freesurfer/sub-v2s4x29632_ses-1/label/rh.aparc.a2009s.annot 12100 --rh-cortex-mask /out/sourcedata/freesurfer/sub-v2s4x29632_ses-1/label/rh.cortex.label --rh-white /out/sourcedata/freesurfer/sub-v2s4x29632_ses-1/surf/rh.white --rh-pial /out/sourcedata/freesurfer/sub-v2s4x29632_ses-1/surf/rh.pial 

SUBJECTS_DIR /out/sourcedata/freesurfer
outvol aparc.a2009s+aseg.mgz
16 avail.processors, using 16
Loading aseg.mgz
Loading /out/sourcedata/freesurfer/sub-v2s4x29632_ses-1/surf/lh.white
Loading /out/sourcedata/freesurfer/sub-v2s4x29632_ses-1/surf/lh.pial
Loading /out/sourcedata/freesurfer/sub-v2s4x29632_ses-1/label/lh.cortex.label
Ripping lh vertices labeled not in lh.cortex.label
  ripped 7577 vertices from lh hemi
Loading /out/sourcedata/freesurfer/sub-v2s4x29632_ses-1/label/lh.aparc.a2009s.annot
Loading /out/sourcedata/freesurfer/sub-v2s4x29632_ses-1/surf/rh.white
Loading /out/sourcedata/freesurfer/sub-v2s4x29632_ses-1/surf/rh.pial
Loading /out/sourcedata/freesurfer/sub-v2s4x29632_ses-1/label/rh.cortex.label
Ripping rh vertices labeled not in rh.cortex.label
  ripped 7591 vertices from rh hemi
Loading /out/sourcedata/freesurfer/sub-v2s4x29632_ses-1/label/rh.aparc.a2009s.annot
Done loading
240 128 192  64 208  48   0 160 224 144  80 176  32  16 112  96  65  33  17 241 225 209  49   1  18  34  66 242 226   2 210  50  35  19 
243 227   3 211  36  51  20 244  37 212   4  21  67  52 245  22 213  38   5  53 193  23 246 214  39 
  6  24  54 247   7  40 228 215  25 194  55 248   8  26 229 216 195  56 249  27   9 230 217  28 196  57 250  10 231 218  29 197  58  11  41 232  30  12  59 
219 
198  42  31 233  13  60 199 
220  43 234  14 200  61 221 251  44 201 235  15 222 252  45 202 223 236 253  46 203 237 254  47 204 238  68 205 255  62 239 
206  63 207  69  70  71  72 113  97  81  73 129  74 145  75 114 161  82 177  76  98 130 146  77 115  83  78 147 116 162 131  79 
 99 
178 117 148  84 132 118 149 163  85 133 100 119 
150 179 
 86 120 134 151 164 121 101  87 135 152 122 165  88 180 123 136 153 102 124  89 154 137 166 125 181 103  90 155 126 167 138 104 182  91 156 127 105  92 168 157 183 139 
106  93 158 169 184 140 185 107  94 170 159 
186 141 108  95 171 187 109 142 188 110 189 172 190 191 143 111 173 174 175 
nrelabeled = 472440
ndotcheck = 36004
Starting Surf2VolSeg free
free done
#VMPC# mri_surf2volseg VmPeak  1909992
mri_surf2volseg done
#-----------------------------------------
#@# AParc-to-ASeg aparc.DKTatlas Fri Mar 13 08:41:30 CET 2026
/out/sourcedata/freesurfer/sub-v2s4x29632_ses-1/mri

 mri_surf2volseg --o aparc.DKTatlas+aseg.mgz --label-cortex --i aseg.mgz --threads 16 --lh-annot /out/sourcedata/freesurfer/sub-v2s4x29632_ses-1/label/lh.aparc.DKTatlas.annot 1000 --lh-cortex-mask /out/sourcedata/freesurfer/sub-v2s4x29632_ses-1/label/lh.cortex.label --lh-white /out/sourcedata/freesurfer/sub-v2s4x29632_ses-1/surf/lh.white --lh-pial /out/sourcedata/freesurfer/sub-v2s4x29632_ses-1/surf/lh.pial --rh-annot /out/sourcedata/freesurfer/sub-v2s4x29632_ses-1/label/rh.aparc.DKTatlas.annot 2000 --rh-cortex-mask /out/sourcedata/freesurfer/sub-v2s4x29632_ses-1/label/rh.cortex.label --rh-white /out/sourcedata/freesurfer/sub-v2s4x29632_ses-1/surf/rh.white --rh-pial /out/sourcedata/freesurfer/sub-v2s4x29632_ses-1/surf/rh.pial 

SUBJECTS_DIR /out/sourcedata/freesurfer
outvol aparc.DKTatlas+aseg.mgz
16 avail.processors, using 16
Loading aseg.mgz
Loading /out/sourcedata/freesurfer/sub-v2s4x29632_ses-1/surf/lh.white
Loading /out/sourcedata/freesurfer/sub-v2s4x29632_ses-1/surf/lh.pial
Loading /out/sourcedata/freesurfer/sub-v2s4x29632_ses-1/label/lh.cortex.label
Ripping lh vertices labeled not in lh.cortex.label
  ripped 7577 vertices from lh hemi
Loading /out/sourcedata/freesurfer/sub-v2s4x29632_ses-1/label/lh.aparc.DKTatlas.annot
Loading /out/sourcedata/freesurfer/sub-v2s4x29632_ses-1/surf/rh.white
Loading /out/sourcedata/freesurfer/sub-v2s4x29632_ses-1/surf/rh.pial
Loading /out/sourcedata/freesurfer/sub-v2s4x29632_ses-1/label/rh.cortex.label
Ripping rh vertices labeled not in rh.cortex.label
  ripped 7591 vertices from rh hemi
Loading /out/sourcedata/freesurfer/sub-v2s4x29632_ses-1/label/rh.aparc.DKTatlas.annot
Done loading
 32 160 128 240  64 176 112 208 144  16   0  48 192  80 224  96  65  17 209   1  33 241  49 225  18 210   2  34  66 242  50 226  19 
211   3  35 243  51 227  20 212   4  36  52 244  21 228  67 213   5  37  22  53 245 229 214  23   6  38  54 246 230  24 215   7  39 
 55 247 231  25 216   8  40  56 248  26 232 217   9  41  27  57 249 233 218  58 250  28  10  42 234 219 
 59 
251  29  11  43 235 220  60 252  30  12  44 193 236 221  61 253  31  13  45 237 222  62 254  14  46 194 238 223  63 255  15  47 239 
195 196  68 197 198 199 
200 201 202 203 204 205 206 207  69  70  71 113  81  72 145  73 129  74  82 177  97 114 161  75 146  76  83  98 130  77 147 178 115  84  99 
162  78 131 148 100  79 
 85 116 179 
149 132 163 101  86 150 180 133 117 102  87 151 164 181 103  88 134 152 118 104 182 165 153  89 135 119 
183 105 154  90 166 184 106 120 155 136 185  91 107 121 186 167 156 108 187  92 188 137 122 109 157 168 189 190 191  93 110 123 158 169 111  94 124 138 159 
170  95 125 171 139 
126 172 140 127 141 173 142 174 143 175 
nrelabeled = 472440
ndotcheck = 36004
Starting Surf2VolSeg free
free done
#VMPC# mri_surf2volseg VmPeak  1842280
mri_surf2volseg done
#-----------------------------------------
#@# WMParc Fri Mar 13 08:41:49 CET 2026
/out/sourcedata/freesurfer/sub-v2s4x29632_ses-1/mri

 mri_surf2volseg --o wmparc.mgz --label-wm --i aparc+aseg.mgz --threads 16 --lh-annot /out/sourcedata/freesurfer/sub-v2s4x29632_ses-1/label/lh.aparc.annot 3000 --lh-cortex-mask /out/sourcedata/freesurfer/sub-v2s4x29632_ses-1/label/lh.cortex.label --lh-white /out/sourcedata/freesurfer/sub-v2s4x29632_ses-1/surf/lh.white --lh-pial /out/sourcedata/freesurfer/sub-v2s4x29632_ses-1/surf/lh.pial --rh-annot /out/sourcedata/freesurfer/sub-v2s4x29632_ses-1/label/rh.aparc.annot 4000 --rh-cortex-mask /out/sourcedata/freesurfer/sub-v2s4x29632_ses-1/label/rh.cortex.label --rh-white /out/sourcedata/freesurfer/sub-v2s4x29632_ses-1/surf/rh.white --rh-pial /out/sourcedata/freesurfer/sub-v2s4x29632_ses-1/surf/rh.pial 

SUBJECTS_DIR /out/sourcedata/freesurfer
outvol wmparc.mgz
16 avail.processors, using 16
Loading aparc+aseg.mgz
Loading /out/sourcedata/freesurfer/sub-v2s4x29632_ses-1/surf/lh.white
Loading /out/sourcedata/freesurfer/sub-v2s4x29632_ses-1/surf/lh.pial
Loading /out/sourcedata/freesurfer/sub-v2s4x29632_ses-1/label/lh.cortex.label
Ripping lh vertices labeled not in lh.cortex.label
  ripped 7577 vertices from lh hemi
Loading /out/sourcedata/freesurfer/sub-v2s4x29632_ses-1/label/lh.aparc.annot
Loading /out/sourcedata/freesurfer/sub-v2s4x29632_ses-1/surf/rh.white
Loading /out/sourcedata/freesurfer/sub-v2s4x29632_ses-1/surf/rh.pial
Loading /out/sourcedata/freesurfer/sub-v2s4x29632_ses-1/label/rh.cortex.label
Ripping rh vertices labeled not in rh.cortex.label
  ripped 7591 vertices from rh hemi
Loading /out/sourcedata/freesurfer/sub-v2s4x29632_ses-1/label/rh.aparc.annot
Done loading
 16 192 176   0  80 128 160  96  64  48  32 224 208 240 144 112 241   1 209 193  49  33 225 242 194 210   2  50  17  34 226 243 195 211   3  18  51 196  35 227 244 212   4 197  19 
 52 245 213  65  36   5 228 198  20 246 214  53   6  66  37 229 199 
247  21 215  54   7  67 248  38 230 200  22   8 216  55 249  68  23 201  39 
  9 231 217  56 250  24  10  69 202  40 232 251  57  11  25 218 252  26  41 233  12  58 219 
 70 253  27  13  59 
 42 234 220  14  28 254  60  43  71 235 221  15 255  29  61  44 203  30 222  72  62  45  31 204 236 223  63 237  46 205 238  47 239 
206 129 207  81  73 177  74 130  75  82  76 131 178  97  77  78  83 132 179 
 79 
133 161 145  84 113 180 134  98 181 135  85 182 136  86 162 183  99 
184 185 137 186 187  87 188 189 190 146 191 114 163 100 138  88 164  89 139 
101 115 147 165  90 140 102 166  91 116 141 103 148 167  92 142 168 104 117  93 149 169 143  94 105 170 118 150  95 171 106 151 172 119 
107 173 152 174 108 120 175 153 109 121 154 110 122 155 123 111 124 156 125 126 127 157 158 159 

nrelabeled = 369017
ndotcheck = 3852
Starting Surf2VolSeg free
free done
#VMPC# mri_surf2volseg VmPeak  1842260
mri_surf2volseg done

 mri_segstats --seed 1234 --seg mri/wmparc.mgz --sum stats/wmparc.stats --pv mri/norm.mgz --excludeid 0 --brainmask mri/brainmask.mgz --in mri/norm.mgz --in-intensity-name norm --in-intensity-units MR --subject sub-v2s4x29632_ses-1 --surf-wm-vol --ctab /opt/freesurfer/WMParcStatsLUT.txt --etiv 

setting seed for random number genererator to 1234

7.3.2
cwd 
cmdline mri_segstats --seed 1234 --seg mri/wmparc.mgz --sum stats/wmparc.stats --pv mri/norm.mgz --excludeid 0 --brainmask mri/brainmask.mgz --in mri/norm.mgz --in-intensity-name norm --in-intensity-units MR --subject sub-v2s4x29632_ses-1 --surf-wm-vol --ctab /opt/freesurfer/WMParcStatsLUT.txt --etiv 
sysname  Linux
hostname dna082
machine  x86_64
user     oesteban
whitesurfname  white
UseRobust  0
atlas_icv (eTIV) = 1378379 mm^3    (det: 1.413331 )
Loading mri/wmparc.mgz
Getting Brain Volume Statistics
Loading mri/norm.mgz
Loading mri/norm.mgz
Voxel Volume is 1 mm^3
Generating list of segmentation ids
Found 390 segmentations
Computing statistics for each segmentation

Reporting on  70 segmentations
Using PrintSegStat
mri_segstats done
#--------------------------------------------
#@# ASeg Stats Fri Mar 13 08:43:29 CET 2026
/out/sourcedata/freesurfer/sub-v2s4x29632_ses-1

 mri_segstats --seed 1234 --seg mri/aseg.mgz --sum stats/aseg.stats --pv mri/norm.mgz --empty --brainmask mri/brainmask.mgz --brain-vol-from-seg --excludeid 0 --excl-ctxgmwm --supratent --subcortgray --in mri/norm.mgz --in-intensity-name norm --in-intensity-units MR --etiv --surf-wm-vol --surf-ctx-vol --totalgray --euler --ctab /opt/freesurfer/ASegStatsLUT.txt --subject sub-v2s4x29632_ses-1 

setting seed for random number genererator to 1234

7.3.2
cwd 
cmdline mri_segstats --seed 1234 --seg mri/aseg.mgz --sum stats/aseg.stats --pv mri/norm.mgz --empty --brainmask mri/brainmask.mgz --brain-vol-from-seg --excludeid 0 --excl-ctxgmwm --supratent --subcortgray --in mri/norm.mgz --in-intensity-name norm --in-intensity-units MR --etiv --surf-wm-vol --surf-ctx-vol --totalgray --euler --ctab /opt/freesurfer/ASegStatsLUT.txt --subject sub-v2s4x29632_ses-1 
sysname  Linux
hostname dna082
machine  x86_64
user     oesteban
whitesurfname  white
UseRobust  0
atlas_icv (eTIV) = 1378379 mm^3    (det: 1.413331 )
Computing euler number
orig.nofix lheno =  -94, rheno = -124
orig.nofix lhholes =   48, rhholes = 63
Loading mri/aseg.mgz
Getting Brain Volume Statistics
Loading mri/norm.mgz
Loading mri/norm.mgz
Voxel Volume is 1 mm^3
Generating list of segmentation ids
Found  50 segmentations
Computing statistics for each segmentation

Reporting on  45 segmentations
Using PrintSegStat
mri_segstats done

Started at Fri Mar 13 08:40:31 CET 2026 
Ended   at Fri Mar 13 08:43:47 CET 2026
#@#%# recon-all-run-time-hours 0.054
recon-all -s sub-v2s4x29632_ses-1 finished without error at Fri Mar 13 08:43:47 CET 2026
