#!ascii label  , from subject sub-v2s4x29591_ses-1 vox2ras=TkReg
2826
42054  11.313  -5.999  87.806 0.2222220004
42057  11.644  -6.512  87.739 0.2222220004
43247  12.150  -5.764  88.821 0.2222220004
42053  11.771  -6.318  88.292 0.2222220004
43248  11.649  -5.692  88.344 0.2222220004
42058  10.997  -5.954  87.233 0.2222220004
42051  13.825  -6.636  88.386 0.1111110002
43240  13.817  -4.780  89.052 0.2222220004
43246  13.202  -5.654  88.855 0.2222220004
43243  11.871  -5.117  88.989 0.2222220004
42062  10.582  -6.048  86.561 0.2222220004
45364  14.128  -4.314  87.776 0.2222220004
44378  14.240  -4.763  88.471 0.1111110002
46409  13.488  -2.257  87.355 0.1111110002
45365  13.731  -4.078  87.551 0.1111110002
44379  13.680  -4.333  88.886 0.2222220004
44380  12.655  -4.574  89.097 0.2222220004
47380  13.134  -2.132  87.769 0.1111110002
44382  13.023  -4.309  87.744 0.1111110002
47381  12.464  -1.775  87.802 0.2222220004
46403  12.721  -2.464  87.932 0.1111110002
46410  11.891  -3.017  87.713 0.2222220004
95727  12.004  -4.750  87.916 0.2222220004
96902  11.741  -5.390  88.115 0.2222220004
45370  11.456  -4.115  87.465 0.2222220004
43250  11.267  -5.527  87.587 0.2222220004
99250  11.155  -4.895  87.513 0.2222220004
43251  10.665  -5.523  87.146 0.2222220004
44390  14.984  -4.311  85.860 0.1111110002
45373  14.851  -3.838  86.404 0.1111110002
45368  14.096  -3.588  87.187 0.1111110002
46408  13.902  -2.746  87.066 0.1111110002
47386  13.193  -1.763  87.300 0.1111110002
48334  12.948  0.044  86.941 0.3333329856
47387  12.679  -1.074  87.075 0.2222220004
48335  12.230  -0.327  87.070 0.3333329856
96111  11.891  -2.102  88.075 0.3333329856
47383  10.837  -1.802  87.393 0.4444440007
46411  10.742  -2.955  87.574 0.3333329856
46405  10.530  -2.352  87.482 0.4444440007
46412  9.866  -2.923  87.358 0.4444440007
45371  10.124  -3.885  87.373 0.4444440007
44383  10.298  -4.854  87.195 0.2222220004
43254  10.090  -5.536  86.786 0.2222220004
45372  9.078  -3.481  87.224 0.4444440007
44384  9.142  -4.206  87.273 0.3333329856
43252  9.583  -4.920  86.957 0.2222220004
43255  9.061  -5.160  86.679 0.2222220004
94624  15.022  -3.464  85.780 0.1111110002
48345  14.967  -0.823  85.511 0.1111110002
93870  14.701  -1.885  85.745 0.1111110002
47389  14.333  -1.346  86.081 0.1111110002
47385  13.832  -1.835  86.819 0.1111110002
49287  14.210  0.271  86.312 0.1111110002
48341  13.625  -0.225  86.528 0.1111110002
50224  12.404  1.900  87.138 0.3333329856
50230  11.536  2.050  86.930 0.4444440007
48336  11.491  -0.251  87.034 0.3333329856
48338  10.256  0.533  86.823 0.4444440007
46406  10.053  -2.373  87.016 0.4444440007
44385  8.444  -3.817  87.092 0.4444440007
43258  8.683  -5.583  86.130 0.2222220004
46418  14.952  -2.446  85.428 0.1111110002
88578  16.680  -5.273  76.508 0.4444440007
87226  17.614  -5.030  77.417 0.3333329856
49292  15.765  0.884  85.620 0.1111110002
89051  17.944  -4.577  77.823 0.2222220004
87228  18.068  -4.965  77.989 0.2222220004
48339  14.956  -0.084  86.071 0.2222220004
50226  15.539  1.518  85.832 0.2222220004
92151  13.931  1.362  86.418 0.2222220004
51244  12.724  2.155  86.506 0.3333329856
107135  13.372  2.110  86.381 0.3333329856
48352  10.563  -0.824  85.488 0.6666669846
49294  11.443  1.067  85.914 0.5555559993
47394  9.806  -1.123  85.818 0.6666669846
47395  9.691  -1.832  85.912 0.6666669846
47390  9.874  -1.823  86.349 0.4444440007
46417  8.775  -3.293  86.748 0.5555559993
46416  9.295  -2.854  86.768 0.4444440007
44388  8.140  -4.217  86.794 0.4444440007
44387  8.587  -4.474  87.003 0.3333329856
44389  7.796  -4.783  86.306 0.4444440007
42071  7.458  -6.174  85.567 0.2222220004
39866  6.974  -8.187  84.938 0.2222220004
88070  17.890  -4.010  78.224 0.3333329856
46423  15.023  -2.074  84.738 0.1111110002
87233  17.468  -3.684  79.242 0.2222220004
48344  16.873  0.003  85.060 0.1111110002
47392  16.089  -0.657  84.603 0.1111110002
105043  15.580  -0.484  84.913 0.1111110002
44434  17.907  -4.288  78.591 0.2222220004
88626  17.890  1.890  84.678 0.1111110002
88182  17.197  -4.447  77.243 0.4444440007
100656  18.034  -4.465  78.150 0.2222220004
44448  17.845  -4.660  78.486 0.2222220004
101848  17.527  -4.018  79.300 0.1111110002
51249  16.857  2.236  84.737 0.2222220004
50233  16.378  1.537  85.301 0.1111110002
101260  17.756  -4.164  77.807 0.3333329856
43295  16.771  -5.010  78.508 0.2222220004
50239  14.048  1.936  85.069 0.2222220004
49299  13.625  0.959  84.414 0.5555559993
49293  12.384  1.256  85.531 0.5555559993
48350  12.352  -0.257  84.407 0.6666669846
46421  9.672  -3.189  85.550 0.5555559993
45377  8.406  -3.740  86.441 0.5555559993
92771  7.899  -4.401  86.018 0.4444440007
92004  7.182  -5.549  85.565 0.4444440007
46427  15.162  -1.849  83.571 0.1111110002
47400  16.408  -1.455  84.050 0.1111110002
48349  17.485  -0.164  84.779 0.1111110002
100463  17.597  -2.640  80.394 0.2222220004
47401  16.417  -1.604  83.063 0.1111110002
47404  17.836  -1.304  83.772 0.1111110002
88211  17.062  -3.509  78.462 0.4444440007
102175  17.324  -1.533  81.998 0.1111110002
87225  17.271  0.930  82.230 0.3333329856
49302  15.910  1.484  82.900 0.4444440007
88696  16.515  -4.177  76.804 0.5555559993
45432  17.037  -3.888  77.323 0.4444440007
100701  16.522  -3.532  77.577 0.4444440007
49303  14.943  1.217  83.023 0.3333329856
44473  16.370  -4.769  76.091 0.5555559993
45433  16.077  -3.750  76.923 0.4444440007
48353  13.564  -0.265  83.230 0.5555559993
49305  13.107  0.175  83.927 0.5555559993
44482  16.805  -5.455  75.156 0.5555559993
44483  16.417  -4.994  74.965 0.6666669846
94889  15.888  -4.704  75.406 0.4444440007
44474  15.657  -4.288  76.144 0.5555559993
45441  14.503  -4.173  75.828 0.5555559993
48359  13.054  -1.028  82.867 0.5555559993
48354  12.733  -0.677  83.640 0.6666669846
43321  16.655  -5.437  74.442 0.6666669846
44475  14.980  -4.645  75.209 0.6666669846
44476  13.864  -4.634  75.054 0.6666669846
48355  12.021  -1.090  84.146 0.5555559993
44485  14.323  -4.857  74.236 0.6666669846
47399  10.430  -1.788  85.391 0.5555559993
46420  9.603  -2.059  85.945 0.5555559993
45380  9.469  -4.164  84.990 0.5555559993
45376  8.996  -3.669  85.862 0.6666669846
43263  6.590  -5.568  85.196 0.5555559993
92130  7.461  -4.996  85.783 0.4444440007
43260  6.235  -6.041  85.355 0.5555559993
100700  17.200  -2.760  79.586 0.2222220004
88721  18.214  -2.035  81.247 0.2222220004
87224  18.186  -1.420  81.230 0.2222220004
103071  16.545  0.367  81.685 0.4444440007
49307  15.300  0.795  82.341 0.5555559993
96622  16.375  -2.883  78.729 0.3333329856
89480  16.889  -2.111  79.829 0.4444440007
47409  16.004  -0.703  80.665 0.4444440007
48356  15.598  0.307  81.734 0.4444440007
48357  14.727  -0.031  81.997 0.5555559993
46461  15.872  -3.109  78.005 0.5555559993
46454  15.102  -2.647  78.421 0.4444440007
45434  14.959  -3.781  76.645 0.5555559993
47402  12.431  -1.545  83.390 0.5555559993
44492  15.996  -5.312  74.094 0.5555559993
44484  15.486  -4.948  74.592 0.5555559993
45435  13.944  -3.816  76.376 0.5555559993
47407  12.073  -2.369  83.071 0.5555559993
44493  15.140  -4.992  73.684 0.5555559993
47403  11.804  -2.032  83.944 0.5555559993
46425  10.999  -2.559  84.481 0.5555559993
45379  10.368  -3.602  84.547 0.5555559993
45381  8.531  -4.351  85.516 0.5555559993
44393  8.960  -4.774  84.427 0.5555559993
87230  17.884  -1.952  80.503 0.2222220004
48362  15.100  -0.252  81.211 0.5555559993
45426  14.299  -3.289  77.166 0.4444440007
46462  14.897  -2.955  77.690 0.5555559993
87236  16.056  -2.398  79.230 0.4444440007
47422  15.648  -1.898  79.783 0.4444440007
89427  17.046  -5.749  74.273 0.5555559993
43329  17.296  -5.748  73.472 0.5555559993
46446  14.759  -2.198  79.154 0.4444440007
43330  16.641  -5.481  73.700 0.6666669846
46463  14.111  -2.818  77.829 0.4444440007
47412  12.977  -2.218  81.841 0.5555559993
44498  15.880  -5.109  73.059 0.5555559993
47406  12.752  -1.955  82.616 0.5555559993
94220  13.561  -3.185  77.439 0.5555559993
104323  13.607  -4.154  75.666 0.6666669846
45442  13.050  -3.847  75.967 0.6666669846
44477  12.829  -4.526  75.130 0.6666669846
90701  17.943  -6.296  73.361 0.4444440007
48363  14.130  -0.769  81.634 0.5555559993
47410  14.538  -1.076  80.913 0.4444440007
47405  13.376  -1.368  82.134 0.4444440007
47416  15.147  -1.437  80.310 0.4444440007
43338  16.768  -5.361  72.837 0.7777780294
46455  13.965  -2.512  78.558 0.4444440007
47417  13.934  -1.740  80.700 0.4444440007
47418  13.203  -2.307  81.091 0.4444440007
92774  13.371  -3.627  76.843 0.5555559993
46447  13.703  -2.319  79.334 0.4444440007
44499  14.943  -4.795  72.761 0.6666669846
99907  13.223  -2.693  78.827 0.5555559993
46441  13.398  -2.252  80.207 0.4444440007
44486  13.238  -4.648  74.329 0.6666669846
45385  9.874  -4.516  84.009 0.5555559993
44494  14.291  -4.779  73.256 0.6666669846
41029  18.920  -7.208  73.219 0.4444440007
42180  18.153  -6.191  72.472 0.5555559993
43337  17.540  -5.724  72.561 0.6666669846
44508  15.435  -4.741  72.088 0.6666669846
44500  14.285  -4.529  72.513 0.6666669846
103940  13.504  -4.622  73.554 0.6666669846
44501  13.717  -4.294  72.764 0.6666669846
42166  18.585  -6.704  72.936 0.5555559993
43349  16.896  -5.299  71.998 0.5555559993
44507  16.213  -5.014  72.177 0.6666669846
106175  16.389  -5.020  71.554 0.6666669846
46464  13.195  -2.926  78.049 0.5555559993
45427  12.825  -3.443  77.340 0.5555559993
45436  12.478  -3.751  76.537 0.6666669846
95131  15.843  -4.671  71.458 0.6666669846
44509  14.678  -4.311  71.933 0.6666669846
44496  12.710  -4.306  73.787 0.6666669846
45443  12.134  -4.120  75.688 0.6666669846
45473  15.167  -4.153  71.270 0.6666669846
105745  17.872  -5.900  72.094 0.5555559993
43348  17.502  -5.740  71.600 0.5555559993
43369  16.794  -5.340  71.146 0.6666669846
44495  13.085  -3.925  73.098 0.6666669846
44517  16.254  -4.794  70.899 0.6666669846
42178  19.196  -7.054  71.611 0.7777780294
101871  18.130  -6.165  71.702 0.5555559993
102035  17.860  -6.150  70.993 0.5555559993
44518  15.691  -4.183  70.687 0.5555559993
45459  14.072  -3.780  72.088 0.5555559993
41052  19.817  -7.445  71.991 0.7777780294
42197  18.574  -6.623  70.929 0.5555559993
43368  17.355  -5.694  70.642 0.5555559993
43382  16.759  -4.950  70.208 0.5555559993
45484  15.006  -3.447  70.347 0.4444440007
93298  16.139  -4.384  70.223 0.4444440007
105933  19.719  -7.283  71.240 0.6666669846
41091  19.950  -7.347  70.453 0.6666669846
42196  19.292  -7.069  70.843 0.6666669846
42216  19.118  -6.928  70.014 0.7777780294
42217  17.998  -6.157  70.152 0.6666669846
43381  17.433  -5.423  69.738 0.5555559993
41073  20.380  -7.515  71.318 0.6666669846
103139  18.529  -6.572  70.099 0.6666669846
42231  18.565  -6.361  69.375 0.5555559993
44527  16.977  -4.691  69.205 0.3333329856
43380  17.974  -5.755  69.326 0.5555559993
43301  28.518  -5.705  78.422 0.5555559993
40974  28.890  -7.048  76.283 0.7777780294
42124  27.634  -7.153  77.063 0.8888890147
42139  29.337  -6.751  75.707 0.7777780294
42140  28.770  -6.833  75.059 0.8888890147
99600  27.868  -7.230  75.644 0.8888890147
42151  27.917  -6.761  74.049 0.8888890147
41009  28.000  -6.948  74.879 0.8888890147
106019  26.805  -7.290  74.696 0.7777780294
40994  26.390  -7.427  75.076 0.7777780294
42164  27.468  -6.727  73.466 0.8888890147
42165  26.897  -6.720  72.914 0.7777780294
41011  26.376  -7.254  74.240 0.7777780294
90345  25.465  -7.425  74.035 0.7777780294
41025  26.821  -6.975  73.609 0.7777780294
101916  25.623  -7.309  72.521 0.7777780294
41047  24.375  -7.540  72.664 0.7777780294
41048  23.604  -7.572  72.763 0.7777780294
95282  21.604  -7.745  72.140 0.7777780294
41046  24.909  -7.451  72.207 0.7777780294
91297  25.056  -7.530  73.140 0.7777780294
95430  24.058  -7.503  72.028 0.7777780294
95428  22.384  -7.761  72.057 0.7777780294
95429  23.200  -7.671  72.028 0.7777780294
41071  21.992  -7.763  71.439 0.6666669846
105673  21.657  -7.667  70.879 0.6666669846
41072  21.213  -7.682  71.429 0.6666669846
41090  20.947  -7.560  70.539 0.7777780294
103605  20.498  -7.452  69.846 0.7777780294
41106  19.891  -7.246  69.504 0.7777780294
42230  19.326  -6.792  69.051 0.7777780294
43308  30.733  -5.005  76.467 0.5555559993
43315  30.457  -5.626  75.487 0.5555559993
42109  30.055  -5.363  77.410 0.6666669846
42148  30.021  -6.138  74.669 0.5555559993
42138  29.830  -6.236  75.354 0.6666669846
42162  29.356  -6.456  73.850 0.7777780294
42150  28.609  -6.677  74.325 0.8888890147
92528  29.050  -6.459  72.939 0.8888890147
42176  28.453  -6.465  72.409 0.8888890147
42163  28.335  -6.568  73.367 0.8888890147
42195  27.915  -6.596  71.925 0.7777780294
103042  27.510  -6.969  71.509 0.7777780294
41026  26.076  -7.063  73.256 0.7777780294
42215  28.138  -6.891  71.139 0.7777780294
41044  27.180  -6.791  72.161 0.6666669846
41066  26.710  -7.254  71.427 0.6666669846
41067  25.673  -7.424  71.676 0.7777780294
42214  28.801  -6.536  70.588 0.7777780294
42229  28.055  -6.911  70.265 0.7777780294
41089  22.323  -7.694  70.776 0.6666669846
94038  27.847  -6.897  69.391 0.7777780294
41083  27.434  -7.218  70.818 0.7777780294
97483  25.985  -7.500  70.955 0.6666669846
41069  23.621  -7.651  71.298 0.8888890147
41070  22.773  -7.742  71.368 0.7777780294
41084  26.571  -7.419  70.508 0.7777780294
41068  24.635  -7.578  71.303 0.7777780294
105132  28.277  -6.371  67.664 0.7777780294
42244  27.669  -6.850  68.688 0.7777780294
41113  26.963  -7.190  68.972 0.7777780294
41098  27.223  -7.188  69.935 0.7777780294
41100  25.326  -7.497  69.165 0.7777780294
41085  25.577  -7.592  70.226 0.7777780294
95442  25.340  -7.584  70.933 0.7777780294
91863  21.792  -7.605  70.230 0.7777780294
42261  27.642  -6.639  67.488 0.6666669846
91437  26.093  -7.380  68.881 0.7777780294
97531  20.628  -7.393  69.142 0.7777780294
41126  27.234  -6.906  66.765 0.5555559993
41127  26.479  -7.213  67.314 0.5555559993
41114  26.277  -7.285  68.198 0.5555559993
41115  25.592  -7.461  68.412 0.6666669846
43314  31.313  -4.707  75.594 0.4444440007
43319  31.605  -4.923  74.453 0.4444440007
43328  30.995  -5.626  73.884 0.4444440007
43320  30.795  -5.570  74.664 0.5555559993
42161  30.297  -6.084  73.855 0.5555559993
90990  29.842  -6.354  73.014 0.7777780294
42175  29.351  -6.385  72.082 0.7777780294
42194  28.656  -6.500  71.541 0.8888890147
42213  29.284  -6.194  69.922 0.8888890147
42228  28.577  -6.487  69.661 0.7777780294
43393  28.997  -6.043  69.009 0.8888890147
94543  28.277  -6.449  68.866 0.8888890147
90326  27.949  -6.569  68.173 0.7777780294
89914  28.220  -6.485  66.882 0.8888890147
105365  28.540  -6.549  66.146 0.8888890147
42276  27.856  -6.810  66.063 0.8888890147
41146  27.070  -7.239  65.861 0.5555559993
41137  26.411  -7.365  66.410 0.5555559993
41138  25.067  -7.596  66.719 0.5555559993
42292  27.677  -7.072  65.270 0.5555559993
41147  26.240  -7.489  65.571 0.5555559993
41148  25.598  -7.565  66.102 0.5555559993
101427  26.184  -7.514  64.846 0.4444440007
44462  32.317  -4.136  76.455 0.2222220004
104482  32.339  -4.479  74.598 0.4444440007
102569  32.240  -4.872  73.863 0.4444440007
98730  32.904  -5.559  72.639 0.5555559993
43326  32.226  -5.401  73.089 0.4444440007
43327  31.568  -5.480  73.497 0.5555559993
105949  33.194  -5.851  71.929 0.5555559993
43334  32.182  -5.662  72.379 0.5555559993
43335  31.566  -5.773  72.655 0.6666669846
42160  30.785  -6.078  73.040 0.6666669846
43345  32.470  -5.808  71.664 0.5555559993
91478  31.666  -5.824  71.826 0.7777780294
43336  30.920  -6.129  72.068 0.6666669846
42174  30.218  -6.326  72.309 0.7777780294
90006  31.749  -5.768  70.996 0.7777780294
43346  31.001  -5.877  71.180 0.7777780294
43347  30.133  -6.216  71.376 0.7777780294
43366  30.410  -5.893  70.521 0.8888890147
43367  29.721  -6.147  70.528 0.8888890147
92083  29.311  -6.330  71.088 0.8888890147
43365  31.134  -5.737  70.403 0.8888890147
91513  29.947  -5.919  69.904 0.8888890147
98596  30.178  -5.775  69.259 0.7777780294
42259  29.786  -5.828  67.887 0.7777780294
43379  29.601  -5.958  69.367 0.7777780294
42242  29.165  -5.848  68.271 0.8888890147
42274  29.838  -6.145  66.991 0.7777780294
42260  28.979  -6.092  67.503 0.8888890147
42290  29.878  -6.430  66.094 0.8888890147
42275  29.094  -6.361  66.565 0.8888890147
90364  29.849  -6.585  65.191 0.8888890147
91774  29.031  -6.656  64.911 0.7777780294
42291  28.417  -6.714  65.466 0.8888890147
42305  28.858  -6.736  64.102 0.6666669846
42318  28.668  -6.711  63.305 0.4444440007
41160  27.478  -7.183  64.478 0.5555559993
99271  26.904  -7.361  65.055 0.4444440007
95359  29.190  -6.564  62.921 0.3333329856
42306  28.057  -6.914  63.875 0.4444440007
41171  27.230  -7.233  63.653 0.4444440007
41161  26.678  -7.425  64.298 0.4444440007
44461  33.163  -4.296  76.246 0.2222220004
44471  32.648  -3.906  75.753 0.3333329856
43313  34.016  -4.669  76.020 0.3333329856
96198  32.883  -3.972  75.022 0.4444440007
44491  33.551  -4.897  74.168 0.3333329856
43333  33.715  -5.808  72.543 0.6666669846
43325  33.544  -5.445  73.401 0.4444440007
102760  32.892  -4.990  73.514 0.4444440007
43364  32.466  -5.882  70.704 0.6666669846
89844  31.851  -5.780  70.198 0.7777780294
43390  31.446  -5.749  68.847 0.7777780294
101428  30.816  -5.663  69.211 0.8888890147
42241  31.505  -5.941  67.888 0.7777780294
42257  31.516  -6.290  66.875 0.8888890147
42258  30.645  -5.965  67.423 0.7777780294
42289  30.670  -6.514  65.553 0.8888890147
42273  30.671  -6.318  66.479 0.7777780294
42303  30.662  -6.543  64.539 0.8888890147
42316  30.258  -6.481  63.523 0.8888890147
42304  29.690  -6.651  64.299 0.8888890147
42328  30.212  -6.269  62.622 0.8888890147
42317  29.398  -6.607  63.531 0.6666669846
42329  29.534  -6.445  62.373 0.4444440007
106932  29.713  -6.468  63.001 0.5555559993
43318  34.998  -5.017  75.208 0.2222220004
43324  34.953  -5.566  74.470 0.5555559993
93262  34.086  -5.435  74.119 0.3333329856
44490  34.282  -4.887  74.778 0.3333329856
89774  34.320  -5.829  73.409 0.4444440007
42193  33.670  -6.419  70.921 0.7777780294
43344  33.732  -6.157  71.704 0.6666669846
42225  34.499  -6.963  69.098 0.6666669846
42226  33.616  -6.586  69.330 0.7777780294
42212  32.473  -5.905  69.978 0.8888890147
42239  34.814  -7.053  68.118 0.8888890147
42240  33.959  -6.736  68.421 0.8888890147
92619  33.214  -6.402  68.658 0.7777780294
43377  32.051  -5.823  69.417 0.8888890147
42255  34.061  -6.751  66.898 0.8888890147
90897  33.363  -6.575  67.719 0.8888890147
42256  32.405  -6.393  67.306 0.8888890147
97529  32.401  -6.059  68.461 0.7777780294
93338  33.242  -6.662  66.670 0.8888890147
104858  32.092  -6.599  65.470 0.8888890147
42288  31.455  -6.543  65.097 0.8888890147
42302  31.486  -6.370  64.416 0.8888890147
42314  31.888  -6.076  63.970 0.8888890147
42315  31.146  -6.290  63.754 0.8888890147
42327  30.893  -6.038  62.952 0.8888890147
43447  30.739  -5.802  62.116 0.6666669846
42339  30.080  -6.173  61.783 0.5555559993
43317  35.640  -5.548  75.030 0.2222220004
41042  36.600  -6.911  73.242 0.3333329856
89514  36.606  -6.453  74.207 0.4444440007
42159  35.183  -6.242  73.538 0.5555559993
42172  35.579  -6.871  72.636 0.4444440007
43332  34.496  -6.407  72.425 0.6666669846
41043  35.644  -7.351  71.601 0.6666669846
42192  34.336  -6.647  71.311 0.7777780294
101914  35.149  -7.015  70.831 0.6666669846
42210  34.204  -6.743  70.211 0.6666669846
42254  34.898  -6.802  67.241 0.8888890147
42269  34.533  -6.480  66.400 0.8888890147
42270  33.847  -6.584  66.124 0.8888890147
102275  33.193  -6.617  65.955 0.8888890147
42300  33.075  -6.187  64.840 0.8888890147
42271  32.402  -6.624  66.213 0.8888890147
42287  32.789  -6.539  65.423 0.8888890147
43430  32.578  -5.825  64.234 0.8888890147
42301  32.231  -6.377  64.751 0.8888890147
43438  32.200  -5.425  63.571 0.8888890147
43445  31.867  -5.073  62.895 0.8888890147
43439  31.572  -5.751  63.257 0.7777780294
44591  31.903  -4.310  62.583 0.7777780294
95071  31.593  -4.857  62.279 0.7777780294
43446  31.344  -5.441  62.503 0.7777780294
42157  37.446  -6.889  74.010 0.3333329856
41041  37.489  -7.401  72.812 0.3333329856
41065  36.326  -7.739  71.182 0.5555559993
107590  35.687  -7.572  70.994 0.7777780294
42224  35.363  -7.203  68.819 0.8888890147
43409  34.774  -5.880  66.059 0.8888890147
42285  34.200  -6.193  65.679 0.8888890147
43419  34.272  -5.454  65.474 0.8888890147
43420  33.716  -5.871  65.100 0.8888890147
43428  33.725  -4.988  64.892 0.8888890147
43429  33.188  -5.468  64.516 0.8888890147
99208  33.221  -4.481  64.232 0.8888890147
106417  32.832  -4.471  63.749 0.8888890147
43437  32.755  -5.066  63.909 0.8888890147
44582  32.448  -4.545  63.272 0.8888890147
41064  37.037  -7.659  71.743 0.3333329856
41082  35.867  -7.592  70.322 0.7777780294
41111  36.772  -7.217  68.933 0.7777780294
41112  36.121  -7.234  68.811 0.8888890147
43401  35.810  -5.820  67.149 1.0000000000
42252  36.075  -6.542  67.549 1.0000000000
42238  35.644  -7.023  67.932 0.8888890147
43408  35.184  -6.275  66.718 0.8888890147
44557  34.774  -4.987  65.996 1.0000000000
45578  33.261  -3.434  64.399 1.0000000000
45591  32.830  -3.737  63.655 0.8888890147
91709  32.448  -2.949  63.352 0.8888890147
45601  32.288  -3.597  62.927 0.8888890147
95114  37.340  -7.801  70.217 0.5555559993
41081  37.209  -7.892  71.021 0.3333329856
42237  36.559  -6.753  68.192 0.7777780294
107067  35.508  -5.140  66.962 0.7777780294
43400  36.486  -5.962  67.683 0.7777780294
44556  35.194  -4.489  66.710 1.0000000000
45563  34.550  -3.948  66.215 1.0000000000
44566  34.180  -4.294  65.427 1.0000000000
44567  33.691  -4.060  64.769 1.0000000000
45579  32.703  -2.787  64.042 1.0000000000
46617  31.433  -1.994  62.240 1.0000000000
46616  31.928  -2.634  62.728 0.8888890147
46611  31.895  -1.816  62.868 1.0000000000
41080  37.989  -7.788  70.889 0.3333329856
41063  37.838  -7.766  71.822 0.3333329856
41095  37.373  -7.396  69.424 0.5555559993
43389  37.035  -5.971  68.332 0.6666669846
42236  37.242  -6.679  68.860 0.7777780294
45551  34.826  -3.579  66.764 0.8888890147
103039  35.814  -4.785  67.366 0.6666669846
102120  34.109  -3.367  65.874 1.0000000000
45564  33.699  -3.170  65.179 1.0000000000
46600  33.024  -2.564  64.778 1.0000000000
46601  32.499  -1.985  64.488 1.0000000000
46610  32.229  -2.077  63.590 1.0000000000
47559  32.118  -1.156  63.394 1.0000000000
47564  31.770  -1.325  62.460 1.0000000000
41062  38.720  -7.602  71.790 0.3333329856
42223  37.911  -6.784  69.453 0.5555559993
41094  38.065  -7.473  70.011 0.4444440007
44537  36.548  -4.995  68.105 0.6666669846
43388  37.597  -6.005  69.094 0.6666669846
44538  35.940  -4.091  67.925 0.6666669846
46587  33.744  -2.551  65.934 1.0000000000
46588  33.267  -2.328  65.405 1.0000000000
46589  32.737  -1.822  65.206 1.0000000000
47558  32.311  -1.274  64.236 1.0000000000
48528  32.062  -0.732  62.862 1.0000000000
48541  31.676  -0.896  61.999 1.0000000000
41078  39.384  -6.430  70.987 0.3333329856
41061  39.436  -6.961  71.703 0.3333329856
43376  38.315  -6.077  69.844 0.4444440007
41079  38.753  -7.205  70.724 0.3333329856
44536  37.203  -5.324  68.797 0.5555559993
42222  38.417  -6.863  69.990 0.3333329856
45508  36.292  -3.865  68.647 0.6666669846
46554  34.251  -2.252  67.498 0.8888890147
46553  34.944  -2.685  67.842 0.7777780294
45529  35.379  -3.612  67.342 0.7777780294
47539  33.154  -1.645  65.968 0.8888890147
97225  32.457  -1.356  64.892 1.0000000000
47551  32.219  -0.659  64.119 1.0000000000
107581  32.137  -0.308  63.099 1.0000000000
48540  32.206  -0.525  61.744 1.0000000000
48527  32.223  -0.278  62.534 1.0000000000
96302  32.644  -0.340  60.960 1.0000000000
43361  39.050  -5.702  70.613 0.4444440007
44515  38.790  -4.681  70.849 0.2222220004
43362  38.437  -5.225  70.268 0.3333329856
44525  37.739  -5.076  69.635 0.4444440007
45490  37.374  -3.981  70.112 0.4444440007
45509  35.669  -3.195  68.201 0.6666669846
46572  33.856  -1.993  66.667 0.8888890147
47540  32.473  -1.126  65.551 0.8888890147
48518  32.200  0.113  63.250 1.0000000000
49471  32.679  0.108  61.839 1.0000000000
106758  33.080  0.103  60.475 0.8888890147
92754  35.440  -2.154  69.588 0.5555559993
45491  36.613  -3.518  69.609 0.6666669846
91365  34.283  -2.080  68.504 0.7777780294
45492  35.936  -2.934  69.096 0.6666669846
47526  33.459  -1.215  66.777 0.8888890147
48504  32.165  -0.406  65.778 0.8888890147
103768  31.946  -0.137  65.070 0.8888890147
47550  32.252  -0.680  64.877 0.8888890147
48511  32.049  -0.174  64.409 0.8888890147
49484  33.264  0.536  60.999 1.0000000000
94213  33.399  0.489  59.908 0.8888890147
49495  33.497  0.714  59.023 1.0000000000
46534  34.525  -1.774  69.302 0.6666669846
47519  33.739  -0.938  67.659 0.8888890147
48499  32.519  -0.351  66.447 0.8888890147
49458  32.106  0.288  63.962 0.8888890147
49463  32.537  0.487  62.670 0.8888890147
49462  33.056  0.941  61.993 1.0000000000
95751  33.741  1.327  60.365 1.0000000000
50423  33.853  1.202  59.423 1.0000000000
49508  33.380  0.557  58.280 0.8888890147
48483  33.775  -0.372  68.388 0.7777780294
48492  32.783  -0.037  67.011 0.8888890147
49450  31.949  0.386  64.702 0.8888890147
94035  32.269  0.959  64.264 0.8888890147
50397  32.432  0.769  63.460 0.8888890147
91982  32.979  1.204  62.824 0.8888890147
50422  34.126  1.945  59.786 1.0000000000
50431  34.261  1.733  58.924 1.0000000000
50432  33.888  1.134  58.540 1.0000000000
50440  33.839  0.933  57.592 1.0000000000
97203  33.672  0.406  55.981 0.7777780294
49441  32.365  0.249  66.314 0.7777780294
50393  32.152  1.004  65.072 0.8888890147
97673  33.409  1.575  62.211 0.8888890147
97734  33.603  1.629  61.371 1.0000000000
51426  33.990  2.234  60.648 1.0000000000
94636  34.348  2.764  60.050 1.0000000000
51448  35.099  2.967  57.336 1.0000000000
51435  34.491  2.442  59.246 1.0000000000
51444  34.836  2.477  57.994 1.0000000000
99835  34.585  2.203  58.570 1.0000000000
51454  34.994  2.775  56.527 1.0000000000
51449  34.746  2.137  57.252 1.0000000000
50439  34.420  1.665  58.017 1.0000000000
102684  34.770  2.613  55.790 1.0000000000
93449  34.344  1.471  57.188 1.0000000000
51461  34.579  2.939  54.984 1.0000000000
50448  34.541  1.812  56.389 0.8888890147
50449  34.036  0.987  56.654 1.0000000000
51469  34.456  3.059  54.160 0.7777780294
95811  34.132  1.128  55.823 0.8888890147
50385  32.658  1.537  65.576 0.8888890147
50392  32.725  1.607  64.723 0.8888890147
107849  33.040  1.558  63.750 0.8888890147
92188  33.586  1.908  62.876 0.8888890147
51420  33.991  2.434  61.360 0.8888890147
52529  34.824  2.884  58.700 1.0000000000
51443  35.121  3.301  58.069 1.0000000000
52545  35.243  3.609  56.727 1.0000000000
52546  35.045  3.662  55.685 1.0000000000
52563  34.724  3.805  54.608 1.0000000000
51402  33.752  2.443  63.610 0.7777780294
51409  34.094  2.711  62.742 0.7777780294
96514  33.396  2.250  64.447 0.7777780294
102361  34.323  2.903  61.879 0.7777780294
52508  34.654  3.486  60.203 1.0000000000
98245  35.477  5.161  57.510 1.0000000000
53504  35.548  4.983  58.480 1.0000000000
99970  35.362  5.015  56.565 1.0000000000
52537  35.376  4.218  58.066 1.0000000000
102654  35.538  5.784  56.752 1.0000000000
53528  35.349  4.350  57.099 1.0000000000
101483  35.272  3.675  57.459 1.0000000000
54446  35.500  5.418  56.108 1.0000000000
94011  35.328  4.288  56.337 1.0000000000
54452  35.535  4.892  55.428 1.0000000000
53539  35.349  4.635  55.827 1.0000000000
53546  35.088  4.316  54.692 1.0000000000
53540  35.092  4.305  55.173 1.0000000000
52562  34.826  4.000  54.201 1.0000000000
52569  34.999  3.769  53.714 1.0000000000
51397  34.006  2.918  64.342 0.7777780294
52477  34.370  3.310  63.496 0.7777780294
52489  34.520  3.505  62.511 0.7777780294
51419  34.656  3.699  61.618 0.8888890147
52500  34.842  3.823  60.798 1.0000000000
55307  35.945  6.247  58.566 0.8888890147
99323  35.753  5.536  58.938 1.0000000000
92803  35.344  4.424  59.008 1.0000000000
52518  35.031  3.973  59.708 1.0000000000
52528  35.095  3.668  58.847 1.0000000000
93459  35.751  5.961  57.632 1.0000000000
55325  35.845  6.360  56.442 1.0000000000
55342  35.792  5.939  55.827 1.0000000000
53545  35.823  4.701  54.698 1.0000000000
53555  35.322  4.258  54.079 1.0000000000
53554  36.356  4.512  53.919 1.0000000000
52568  35.770  3.914  53.445 1.0000000000
52469  34.568  3.590  64.421 0.5555559993
102732  34.823  3.919  63.811 0.5555559993
96808  34.814  4.048  63.081 0.6666669846
53480  34.878  4.274  62.249 0.7777780294
55278  35.863  6.566  60.122 0.8888890147
101795  35.765  5.880  60.166 0.7777780294
101913  35.592  5.150  60.567 1.0000000000
53493  35.250  4.316  60.419 1.0000000000
55291  35.863  6.076  59.476 0.8888890147
53498  35.476  4.683  59.776 0.8888890147
56135  35.970  6.855  59.359 0.8888890147
56158  36.071  6.623  57.802 0.8888890147
56146  36.241  7.091  58.549 0.8888890147
56157  36.528  7.288  57.794 0.8888890147
55317  35.828  6.321  57.134 1.0000000000
56176  36.916  7.293  57.086 0.8888890147
55324  36.512  6.843  56.434 1.0000000000
102174  36.176  6.536  55.933 1.0000000000
54451  36.159  5.470  55.157 1.0000000000
55354  36.771  5.848  54.789 1.0000000000
54462  36.575  5.178  54.499 1.0000000000
96765  34.475  1.708  51.484 0.5555559993
50517  33.816  0.513  49.505 0.3333329856
53452  34.860  3.964  65.335 0.5555559993
53461  35.114  4.231  64.452 0.5555559993
54402  35.579  5.394  61.577 0.6666669846
91299  35.284  4.892  62.115 0.5555559993
55270  35.802  6.146  60.919 0.6666669846
53486  35.226  4.474  61.339 0.8888890147
56119  36.192  7.243  60.090 0.7777780294
56134  36.489  7.524  59.317 0.7777780294
56891  36.967  8.245  59.238 0.7777780294
56921  37.046  8.004  57.704 0.7777780294
56920  37.868  8.562  57.675 0.7777780294
56156  37.563  7.860  57.037 0.8888890147
56175  37.363  7.203  56.334 0.8888890147
92648  38.020  7.699  56.494 0.8888890147
55323  36.731  6.785  55.886 1.0000000000
55340  37.385  6.776  55.550 1.0000000000
54461  37.318  5.525  54.382 1.0000000000
106517  37.090  4.945  54.049 1.0000000000
103222  37.366  4.422  53.605 1.0000000000
52567  36.774  3.919  53.203 1.0000000000
52580  36.285  3.285  52.842 1.0000000000
51488  36.794  2.610  52.276 0.7777780294
106172  37.532  2.770  52.078 0.7777780294
99373  37.236  2.262  51.628 0.7777780294
51501  36.412  1.966  51.843 0.5555559993
50490  36.047  1.502  51.194 0.5555559993
51521  36.850  1.810  51.100 0.5555559993
50501  36.512  1.548  50.411 0.5555559993
50502  35.698  1.166  50.428 0.4444440007
97769  34.705  0.661  49.284 0.3333329856
50537  33.357  0.564  48.509 0.1111110002
51582  32.321  1.716  47.346 0.1111110002
51583  31.348  2.156  47.467 0.1111110002
53637  30.959  4.209  47.183 0.1111110002
52668  31.100  3.178  47.057 0.1111110002
53479  35.308  4.688  62.852 0.5555559993
54378  35.981  5.397  65.144 0.5555559993
53469  35.719  5.156  63.520 0.5555559993
96921  36.103  5.647  64.303 0.5555559993
54385  36.199  5.899  63.448 0.5555559993
54395  35.765  5.464  62.578 0.5555559993
97254  36.309  6.154  62.724 0.5555559993
55269  36.317  6.773  61.424 0.7777780294
92339  36.770  8.020  60.177 0.5555559993
106699  37.532  8.543  59.855 0.4444440007
56890  37.595  8.640  59.118 0.5555559993
103268  38.546  9.738  60.848 0.4444440007
57659  38.008  9.105  59.505 0.5555559993
91576  39.552  10.617  60.208 0.3333329856
57658  38.638  9.500  59.222 0.5555559993
57673  38.788  9.406  58.508 0.4444440007
56937  38.259  8.267  56.922 0.6666669846
56174  38.732  7.832  56.416 0.6666669846
56188  38.282  7.178  55.863 0.8888890147
94528  38.068  6.633  55.265 0.8888890147
55352  38.299  6.293  54.858 1.0000000000
54471  37.838  5.019  53.937 1.0000000000
53553  38.274  4.370  53.486 1.0000000000
53564  38.689  3.820  52.927 1.0000000000
53565  37.767  3.817  53.041 1.0000000000
52579  37.243  3.251  52.636 1.0000000000
52578  39.098  3.512  52.243 1.0000000000
52595  38.187  3.235  52.326 1.0000000000
52594  38.728  3.167  51.687 1.0000000000
52607  38.849  3.024  50.953 1.0000000000
51519  38.322  2.503  50.471 0.7777780294
51520  37.589  2.139  50.859 0.6666669846
51518  38.980  3.031  50.047 0.6666669846
50500  37.706  2.099  49.973 0.5555559993
104129  37.142  1.853  50.413 0.5555559993
50516  35.472  0.919  49.514 0.4444440007
51536  38.406  2.503  49.497 0.6666669846
51557  37.596  2.090  48.888 0.5555559993
50514  36.988  1.765  49.680 0.3333329856
103154  35.994  1.238  48.845 0.3333329856
50535  35.270  1.049  48.429 0.3333329856
50553  33.832  1.065  47.614 0.1111110002
50533  36.681  1.614  48.818 0.3333329856
50551  35.423  1.420  47.460 0.3333329856
50552  34.662  1.164  47.589 0.2222220004
54367  35.924  5.114  65.982 0.4444440007
53439  36.503  5.529  66.962 0.2222220004
54366  36.624  5.739  66.020 0.4444440007
55209  37.211  6.290  67.067 0.3333329856
105649  36.977  6.495  66.068 0.5555559993
55253  36.568  6.696  63.377 0.5555559993
55262  36.594  6.850  62.396 0.4444440007
56103  36.752  7.443  61.732 0.5555559993
56881  37.013  8.021  61.207 0.4444440007
56880  37.523  8.498  60.730 0.4444440007
97759  39.217  10.297  61.359 0.4444440007
59137  40.405  11.022  62.127 0.1111110002
58426  41.338  10.577  62.051 0.1111110002
59162  40.223  11.192  60.417 0.1111110002
102388  40.544  10.971  59.590 0.1111110002
58475  39.188  10.008  58.960 0.2222220004
58474  39.846  10.224  58.778 0.2222220004
93735  38.913  9.304  57.916 0.4444440007
58486  40.207  9.651  58.144 0.2222220004
56936  39.511  8.674  57.075 0.4444440007
57695  40.181  9.014  57.428 0.4444440007
56173  39.521  8.074  56.531 0.5555559993
55339  38.939  6.600  55.264 0.8888890147
56187  39.443  7.355  55.904 0.7777780294
55350  40.439  6.090  54.838 0.8888890147
55351  39.572  6.094  54.799 1.0000000000
100251  38.846  6.074  54.710 1.0000000000
54458  40.017  5.503  54.369 1.0000000000
54469  39.574  5.008  53.815 1.0000000000
54470  38.708  5.033  53.860 1.0000000000
99038  40.209  4.135  52.731 1.0000000000
53551  39.961  4.448  53.305 1.0000000000
53552  39.137  4.380  53.406 1.0000000000
53563  39.522  3.986  52.798 1.0000000000
53574  40.657  3.763  51.686 1.0000000000
52577  39.983  3.731  52.084 1.0000000000
52605  40.342  3.511  50.384 1.0000000000
52606  39.563  3.319  50.623 1.0000000000
52624  39.745  3.329  49.731 0.8888890147
51535  39.145  3.003  49.104 0.5555559993
51556  38.499  2.556  48.494 0.3333329856
50534  36.139  1.493  47.982 0.3333329856
54377  36.656  6.048  65.124 0.5555559993
55240  36.563  6.457  64.286 0.5555559993
55239  37.102  7.246  64.176 0.5555559993
56083  36.910  7.492  63.237 0.4444440007
56092  36.884  7.672  62.496 0.4444440007
56862  37.134  8.133  62.108 0.4444440007
96990  37.933  8.654  63.165 0.4444440007
57623  38.838  9.967  62.813 0.3333329856
58437  39.348  10.349  62.271 0.3333329856
58420  39.796  10.153  63.022 0.1111110002
59126  41.785  10.904  61.664 0.1111110002
59148  40.864  11.492  61.009 0.1111110002
57634  41.796  9.652  61.599 0.1111110002
58458  41.355  11.116  59.527 0.1111110002
58472  41.610  10.478  58.858 0.2222220004
58485  41.119  9.848  58.212 0.2222220004
57687  40.772  9.289  57.746 0.3333329856
107443  40.155  7.796  56.238 0.5555559993
56172  40.946  7.915  56.189 0.5555559993
56186  40.466  7.284  55.779 0.6666669846
55338  39.967  6.658  55.342 0.7777780294
55336  41.808  6.564  55.271 0.7777780294
55337  40.889  6.647  55.323 0.7777780294
87428  42.724  5.500  54.409 0.7777780294
105277  41.799  6.093  54.847 0.7777780294
54457  40.883  5.477  54.413 0.8888890147
89272  43.163  5.070  53.732 0.8888890147
54466  42.254  5.020  53.755 0.7777780294
54456  41.798  5.545  54.477 0.8888890147
54468  40.437  4.984  53.789 1.0000000000
87432  43.633  4.654  53.142 0.8888890147
88684  42.753  4.477  53.066 0.8888890147
53549  41.794  4.454  53.164 1.0000000000
53550  40.850  4.410  53.133 1.0000000000
89138  42.122  4.182  52.432 0.8888890147
53561  41.393  4.188  52.588 1.0000000000
53562  40.756  4.048  52.327 1.0000000000
52591  40.931  3.661  51.027 1.0000000000
92773  37.765  6.790  66.403 0.3333329856
55223  37.261  6.910  65.237 0.5555559993
56074  37.650  7.974  64.984 0.4444440007
56082  37.596  8.012  63.974 0.4444440007
57614  38.499  9.092  64.105 0.3333329856
57612  39.709  9.550  63.476 0.2222220004
59147  41.760  11.337  61.122 0.1111110002
59135  42.741  11.022  61.298 0.1111110002
59160  41.981  11.427  60.244 0.1111110002
56874  46.157  9.412  60.360 0.1111110002
57646  44.283  9.953  60.410 0.1111110002
57632  43.446  10.594  60.858 0.1111110002
59159  42.849  11.168  60.261 0.1111110002
58484  42.015  9.886  58.280 0.2222220004
56917  42.137  8.866  57.204 0.5555559993
56170  42.784  7.724  56.362 0.6666669846
56933  42.391  8.368  56.761 0.6666669846
105014  44.494  6.764  55.412 0.6666669846
55334  43.639  6.667  55.377 0.7777780294
56183  43.205  7.192  55.855 0.7777780294
55335  42.731  6.623  55.350 0.7777780294
56184  42.282  7.219  55.778 0.6666669846
55346  44.176  6.190  54.841 0.7777780294
101527  43.635  5.531  54.383 0.7777780294
55347  43.192  6.084  54.882 0.7777780294
55348  42.336  6.083  54.860 0.7777780294
107701  43.302  4.419  52.719 0.8888890147
101000  42.972  4.229  52.271 1.0000000000
53572  42.379  4.052  51.562 1.0000000000
53573  41.432  3.956  51.778 1.0000000000
53588  41.771  3.779  50.881 1.0000000000
52604  41.178  3.603  50.207 1.0000000000
52623  40.581  3.495  49.545 1.0000000000
52622  41.403  3.584  49.369 1.0000000000
94422  40.849  3.512  48.842 0.7777780294
52646  40.035  3.335  48.740 0.6666669846
55222  38.189  7.393  65.781 0.3333329856
56830  38.002  8.718  64.618 0.3333329856
57624  38.376  9.181  63.198 0.4444440007
57603  39.510  8.799  64.168 0.2222220004
56873  46.802  9.698  60.099 0.1111110002
57657  46.501  10.361  60.034 0.1111110002
56888  47.214  9.072  59.539 0.1111110002
58453  45.640  10.482  60.263 0.1111110002
58454  44.985  10.645  60.384 0.1111110002
59158  43.636  11.043  60.385 0.1111110002
56112  45.730  8.448  60.142 0.1111110002
56915  43.854  8.946  57.319 0.3333329856
57670  43.908  10.062  58.239 0.3333329856
57671  43.034  10.090  58.435 0.1111110002
56931  44.289  8.473  56.811 0.5555559993
56932  43.308  8.364  56.785 0.5555559993
56916  42.911  8.923  57.197 0.3333329856
88817  48.360  6.161  53.748 0.3333329856
87415  47.218  6.428  54.465 0.5555559993
55332  46.334  6.825  55.125 0.5555559993
55333  45.128  6.481  55.065 0.5555559993
56168  44.750  7.952  56.337 0.5555559993
56169  43.728  7.787  56.355 0.5555559993
89198  48.816  5.741  53.012 0.2222220004
87427  47.406  5.646  53.217 0.3333329856
89237  46.706  5.763  53.833 0.5555559993
87417  45.647  5.911  54.413 0.5555559993
56182  44.186  7.275  55.851 0.6666669846
87422  48.138  5.535  51.919 0.4444440007
87412  47.707  5.525  52.492 0.4444440007
88877  46.226  5.369  53.198 0.5555559993
88468  45.734  5.477  53.727 0.5555559993
101063  44.967  5.331  53.783 0.6666669846
87416  44.537  5.627  54.336 0.7777780294
87421  47.015  5.339  51.809 0.5555559993
97679  46.384  5.268  52.444 0.5555559993
87431  45.603  5.040  52.152 0.6666669846
103113  45.360  5.194  53.315 0.6666669846
87429  44.082  5.129  53.762 0.6666669846
87430  45.381  4.938  51.521 0.7777780294
87433  44.886  4.770  52.228 0.8888890147
88160  43.885  4.491  52.320 0.8888890147
88414  43.376  4.269  51.297 1.0000000000
53587  42.594  4.033  50.656 1.0000000000
52603  42.011  3.719  50.019 1.0000000000
52621  42.229  3.723  49.151 1.0000000000
89644  40.019  3.313  47.704 0.4444440007
52645  40.717  3.508  48.110 0.6666669846
52664  39.343  3.049  47.180 0.3333329856
90231  40.037  3.403  46.770 0.3333329856
56901  47.389  9.211  58.941 0.2222220004
99954  46.668  10.185  59.420 0.2222220004
57668  45.922  10.459  59.549 0.1111110002
56928  47.727  8.110  57.534 0.2222220004
57667  46.966  9.690  58.744 0.2222220004
56913  46.150  9.256  57.628 0.2222220004
56914  44.929  9.220  57.345 0.3333329856
58471  43.991  10.471  59.009 0.1111110002
55330  49.246  7.199  55.407 0.2222220004
56180  48.424  7.598  56.034 0.4444440007
56181  47.041  7.677  55.768 0.4444440007
106947  47.197  8.496  57.050 0.4444440007
103114  49.632  6.468  54.053 0.2222220004
87426  48.804  6.869  54.534 0.3333329856
55331  47.822  7.219  55.168 0.3333329856
56167  45.685  8.174  56.456 0.5555559993
56930  45.351  8.711  56.822 0.5555559993
87434  49.147  5.524  52.357 0.2222220004
89366  49.671  5.287  52.261 0.2222220004
101997  49.376  5.778  51.221 0.3333329856
54481  47.676  5.545  51.237 0.4444440007
53560  46.088  5.165  51.790 0.5555559993
91834  46.264  5.221  51.071 0.6666669846
89165  44.455  4.596  51.395 0.8888890147
53586  44.077  4.453  50.462 0.8888890147
53622  43.862  4.266  48.834 1.0000000000
53606  43.605  4.262  49.657 1.0000000000
100135  43.281  4.219  50.373 1.0000000000
91626  44.952  4.260  47.165 1.0000000000
90111  44.085  4.228  48.079 1.0000000000
53607  42.788  4.027  49.804 1.0000000000
90600  45.029  4.206  46.354 0.8888890147
105552  44.335  4.194  47.462 1.0000000000
53634  43.660  4.059  47.425 1.0000000000
89531  43.332  3.991  48.178 1.0000000000
52643  42.505  3.738  48.294 1.0000000000
53656  45.121  4.256  45.690 0.8888890147
53645  44.183  4.105  46.686 0.8888890147
52662  41.965  3.721  47.567 0.7777780294
52644  41.559  3.604  48.429 0.8888890147
53657  44.454  4.162  45.815 0.8888890147
53658  43.613  4.118  45.906 0.7777780294
106642  42.856  4.119  45.998 0.7777780294
53635  42.256  3.992  46.615 0.5555559993
92325  41.248  3.635  47.658 0.7777780294
52663  40.680  3.555  47.264 0.3333329856
90162  43.977  4.210  45.148 0.7777780294
53570  50.431  5.539  51.438 0.3333329856
54479  49.679  5.505  51.623 0.3333329856
96803  48.791  5.730  51.210 0.4444440007
54493  47.825  5.656  50.459 0.5555559993
54494  46.796  5.473  50.404 0.6666669846
53584  45.980  5.263  50.277 0.6666669846
53585  45.161  4.900  50.546 0.8888890147
53632  45.603  4.569  47.692 1.0000000000
53633  44.818  4.389  47.953 1.0000000000
53621  44.540  4.461  48.609 1.0000000000
92291  44.589  4.606  49.489 1.0000000000
53631  46.424  4.776  47.294 1.0000000000
93905  45.721  4.365  45.979 1.0000000000
92316  45.587  4.417  45.195 0.8888890147
90163  44.791  4.297  45.118 0.7777780294
53670  46.257  4.611  44.490 0.8888890147
53671  45.249  4.391  44.432 0.8888890147
91625  45.683  4.486  43.647 0.6666669846
53688  44.771  4.323  43.697 0.6666669846
90161  43.917  4.244  43.802 0.6666669846
53673  43.654  4.214  44.491 0.6666669846
53687  45.175  4.350  42.897 0.5555559993
54491  49.869  5.876  51.175 0.4444440007
54492  48.934  5.856  50.606 0.4444440007
54505  49.811  6.112  50.475 0.5555559993
54507  47.919  5.689  49.659 0.4444440007
54508  46.985  5.533  49.703 0.5555559993
91506  46.282  5.376  49.817 0.7777780294
53605  45.575  5.095  49.649 0.8888890147
53604  46.234  5.278  49.150 0.7777780294
54528  47.962  5.355  47.168 1.0000000000
54529  47.274  5.284  47.849 1.0000000000
53630  47.178  5.018  46.793 1.0000000000
53620  45.374  4.775  48.679 1.0000000000
53642  47.109  4.959  45.876 1.0000000000
53643  46.425  4.663  46.370 1.0000000000
53654  47.052  4.964  45.007 1.0000000000
53655  46.369  4.641  45.482 1.0000000000
53672  44.389  4.283  44.450 0.6666669846
96443  46.572  4.704  43.521 0.7777780294
53686  46.022  4.618  42.837 0.5555559993
102651  44.729  4.305  42.252 0.4444440007
90599  45.556  4.423  42.042 0.3333329856
54516  50.677  6.370  50.283 0.3333329856
90504  51.165  6.405  49.478 0.7777780294
101951  50.288  6.210  49.256 0.6666669846
90158  49.688  6.071  49.520 0.5555559993
54506  48.867  5.860  49.645 0.4444440007
90156  49.593  5.821  48.424 0.7777780294
54517  48.819  5.736  48.643 0.7777780294
54518  47.982  5.628  48.750 0.6666669846
54541  49.628  5.603  47.212 1.0000000000
54527  48.773  5.586  47.641 1.0000000000
102697  48.132  5.531  47.977 0.8888890147
54519  47.082  5.457  48.872 0.7777780294
90707  50.090  5.458  46.300 1.0000000000
54542  48.660  5.430  46.652 1.0000000000
54555  49.784  5.282  45.416 0.8888890147
102581  49.089  5.289  45.330 1.0000000000
54556  48.527  5.288  45.740 1.0000000000
54543  47.866  5.200  46.257 1.0000000000
54557  47.791  5.114  45.393 1.0000000000
54569  48.497  5.150  44.827 0.7777780294
101712  47.714  5.062  44.662 1.0000000000
53669  47.183  4.895  44.155 0.7777780294
53667  48.895  5.087  44.100 0.6666669846
53668  48.082  5.079  43.914 0.7777780294
53685  47.403  4.928  43.303 0.6666669846
53703  46.813  4.824  42.692 0.6666669846
54598  46.913  4.947  41.857 0.5555559993
53704  46.312  4.699  42.183 0.4444440007
53598  54.574  5.405  49.683 0.3333329856
91690  53.907  5.385  49.833 0.3333329856
54514  52.940  5.787  49.954 0.3333329856
54515  52.174  6.396  49.823 0.4444440007
54539  52.295  5.709  47.863 0.7777780294
54526  51.611  6.029  48.476 0.6666669846
90157  50.478  5.927  48.356 0.7777780294
54540  51.472  5.514  47.091 0.7777780294
102681  50.656  5.622  47.287 0.7777780294
54553  51.353  5.209  46.046 1.0000000000
54554  50.578  5.245  45.625 0.7777780294
54567  50.349  5.123  44.631 0.7777780294
54568  49.379  5.147  44.677 0.7777780294
54580  49.652  5.061  43.844 0.7777780294
54581  48.856  5.100  43.247 0.7777780294
54582  48.090  5.051  43.098 0.5555559993
54597  47.693  4.912  42.406 0.5555559993
94920  46.866  5.007  40.876 0.4444440007
54630  46.440  5.107  40.084 0.2222220004
54513  54.649  5.459  49.614 0.4444440007
91461  53.938  5.640  49.388 0.5555559993
54512  55.029  5.485  49.329 0.3333329856
106645  54.307  5.671  48.756 0.6666669846
53641  52.314  5.316  46.657 0.7777780294
53653  51.190  5.083  45.150 1.0000000000
54579  50.632  5.218  43.502 0.7777780294
54595  49.780  5.145  42.928 0.7777780294
54596  48.428  5.052  42.588 0.5555559993
54629  47.833  5.301  40.395 0.4444440007
54614  47.703  5.030  41.450 0.5555559993
54645  49.438  5.772  39.670 0.4444440007
105551  49.175  5.579  40.143 0.4444440007
54646  48.670  5.593  39.860 0.3333329856
100348  49.629  6.096  38.993 0.4444440007
55439  48.736  6.004  39.027 0.2222220004
55440  47.916  5.689  39.398 0.3333329856
54647  47.047  5.395  39.572 0.3333329856
105565  47.053  5.163  40.215 0.3333329856
55459  49.178  6.378  38.328 0.2222220004
55460  47.861  6.118  38.624 0.2222220004
91488  55.025  5.619  49.181 0.4444440007
53629  56.534  5.065  48.178 0.3333329856
53614  55.722  5.280  48.806 0.2222220004
54538  54.637  5.545  47.864 0.6666669846
53652  52.603  5.035  45.826 0.8888890147
53666  52.490  5.030  44.999 0.6666669846
54566  52.069  5.246  44.212 0.7777780294
54578  51.629  5.358  43.497 0.7777780294
54593  51.233  5.375  42.711 0.7777780294
54594  50.483  5.274  42.636 0.6666669846
98053  49.954  5.302  42.079 0.6666669846
99756  49.083  5.179  42.269 0.6666669846
54612  49.316  5.384  41.386 0.6666669846
106492  48.823  5.204  41.713 0.6666669846
104486  48.381  5.015  41.941 0.5555559993
106034  49.924  5.944  39.411 0.5555559993
99470  48.869  5.443  40.586 0.4444440007
107448  48.429  6.358  38.281 0.2222220004
55458  50.036  6.431  38.388 0.3333329856
55474  48.656  6.711  37.658 0.2222220004
104103  55.561  5.401  48.849 0.2222220004
53639  57.059  4.911  47.249 0.2222220004
54551  55.957  5.408  46.501 0.5555559993
89935  54.679  5.322  46.514 0.5555559993
94475  54.925  5.264  45.523 0.6666669846
53651  53.068  5.021  45.545 0.6666669846
54564  54.009  5.134  44.641 0.6666669846
54565  52.968  5.229  44.182 0.6666669846
99203  52.384  5.358  43.563 0.6666669846
54592  52.227  5.449  42.731 0.6666669846
94714  50.784  5.400  41.978 0.6666669846
54610  51.121  5.583  41.235 0.6666669846
54627  50.622  5.676  40.520 0.6666669846
100121  50.188  5.788  39.829 0.5555559993
54628  49.697  5.629  40.497 0.6666669846
55438  50.437  6.046  39.134 0.4444440007
55473  49.545  6.738  37.654 0.2222220004
56286  48.978  7.106  36.943 0.1111110002
92376  55.819  5.464  48.387 0.2222220004
54524  56.306  5.194  48.316 0.3333329856
53628  56.869  4.993  47.674 0.2222220004
54536  56.639  5.270  47.556 0.3333329856
54537  55.681  5.508  47.430 0.3333329856
53650  57.003  4.761  46.498 0.2222220004
54549  57.158  5.030  47.057 0.2222220004
54550  56.895  5.243  46.542 0.2222220004
90602  56.284  5.303  45.421 0.4444440007
106131  55.097  5.306  44.725 0.5555559993
91693  54.630  5.370  43.941 0.6666669846
54576  54.096  5.485  43.015 0.6666669846
54577  53.084  5.362  43.255 0.6666669846
54609  52.661  5.618  41.098 0.5555559993
92026  52.488  5.539  41.799 0.6666669846
90017  51.635  5.484  41.936 0.6666669846
96382  51.950  5.627  41.176 0.6666669846
54644  50.992  5.770  39.789 0.4444440007
55437  51.343  6.064  39.132 0.4444440007
100037  50.918  6.395  38.453 0.4444440007
55472  50.472  6.768  37.709 0.3333329856
90012  57.013  5.072  45.826 0.2222220004
53665  56.764  4.552  45.342 0.2222220004
54562  56.791  5.219  44.607 0.3333329856
53664  56.713  4.402  44.317 0.2222220004
54563  55.828  5.409  44.263 0.4444440007
53684  56.867  4.417  43.458 0.2222220004
54575  55.319  5.539  43.341 0.6666669846
54574  56.459  5.453  43.632 0.4444440007
54590  54.912  5.715  42.475 0.6666669846
54591  53.188  5.499  42.379 0.6666669846
54608  53.279  5.596  41.504 0.6666669846
54625  52.320  5.729  40.481 0.5555559993
54643  51.841  5.861  39.788 0.5555559993
55457  51.669  6.358  38.567 0.4444440007
55436  52.179  6.168  39.114 0.4444440007
55471  51.512  6.691  37.782 0.4444440007
55485  50.853  7.004  36.925 0.4444440007
56285  49.902  7.063  36.925 0.4444440007
54561  56.945  4.996  44.686 0.2222220004
54573  56.883  5.189  43.850 0.3333329856
54572  56.972  4.950  43.966 0.3333329856
52705  56.486  3.732  43.632 0.2222220004
96908  57.005  3.792  42.808 0.2222220004
54607  54.683  5.826  41.759 0.6666669846
92204  54.021  5.623  42.041 0.6666669846
54624  54.081  5.727  41.204 0.6666669846
99618  53.263  5.737  40.583 0.5555559993
54642  52.703  5.947  39.798 0.4444440007
55435  53.129  6.192  39.029 0.6666669846
55456  52.363  6.415  38.350 0.5555559993
55455  53.231  6.422  38.104 0.5555559993
55470  52.479  6.666  37.509 0.4444440007
55484  51.788  6.930  36.845 0.4444440007
56296  50.225  7.300  36.094 0.4444440007
57095  48.450  8.635  35.354 0.1111110002
54588  56.868  5.132  43.086 0.3333329856
53702  57.177  4.569  42.618 0.2222220004
92523  56.686  5.415  42.943 0.4444440007
54606  55.525  6.019  41.952 0.4444440007
104127  58.319  3.233  41.516 0.2222220004
52734  58.722  3.352  40.906 0.3333329856
55413  54.982  6.012  41.158 0.6666669846
55422  55.370  6.226  40.453 0.6666669846
52733  59.381  2.445  40.528 0.3333329856
55423  54.297  5.981  40.321 0.5555559993
55434  54.096  6.110  39.384 0.5555559993
105356  54.863  6.207  39.733 0.5555559993
90338  53.912  6.247  38.634 0.5555559993
55454  54.200  6.433  37.855 0.5555559993
55469  53.342  6.630  37.245 0.5555559993
57883  47.988  9.705  35.909 0.1111110002
55483  52.642  6.823  36.667 0.4444440007
57094  49.037  8.362  35.125 0.1111110002
56295  51.170  7.200  36.052 0.4444440007
56303  49.636  7.834  35.326 0.1111110002
56294  52.050  7.012  35.978 0.4444440007
56302  50.585  7.537  35.271 0.4444440007
57107  49.568  8.511  34.726 0.1111110002
93291  57.127  5.264  42.286 0.3333329856
53715  57.472  4.899  41.634 0.2222220004
55407  57.015  5.601  42.286 0.3333329856
54605  56.482  5.964  42.153 0.4444440007
53714  58.127  4.146  41.239 0.3333329856
55412  56.960  5.958  41.387 0.3333329856
55421  56.374  6.335  40.514 0.5555559993
55420  57.196  5.995  40.433 0.5555559993
55432  56.644  6.325  39.595 0.5555559993
101451  55.872  6.459  39.070 0.5555559993
90658  54.931  6.322  38.845 0.5555559993
105848  54.757  6.481  37.330 0.5555559993
90734  54.121  6.600  36.925 0.5555559993
90152  54.875  6.444  36.627 0.5555559993
58639  48.370  10.444  36.374 0.1111110002
55482  53.404  6.731  36.381 0.4444440007
57887  48.453  9.361  35.355 0.1111110002
55491  52.455  7.026  35.225 0.4444440007
56301  51.507  7.317  35.074 0.3333329856
54623  57.446  5.565  40.987 0.3333329856
53724  58.408  4.302  40.424 0.3333329856
54604  57.771  4.956  40.463 0.3333329856
53723  58.920  3.775  39.849 0.3333329856
54622  58.196  4.700  39.648 0.4444440007
55419  57.589  5.531  40.112 0.5555559993
52769  59.590  3.262  38.577 0.3333329856
53731  59.108  3.711  38.993 0.3333329856
55431  57.388  5.908  39.721 0.5555559993
52783  60.233  2.434  37.317 0.2222220004
55452  56.370  6.402  38.671 0.4444440007
51708  60.483  1.583  36.897 0.2222220004
90154  55.962  6.513  37.934 0.4444440007
55468  55.469  6.479  37.255 0.5555559993
55480  55.751  6.387  36.451 0.5555559993
55487  56.314  6.221  35.889 0.5555559993
106272  55.692  6.262  35.790 0.5555559993
55481  54.172  6.569  36.043 0.5555559993
101574  55.034  6.288  35.716 0.5555559993
55490  53.363  6.720  35.383 0.4444440007
55489  54.247  6.395  35.108 0.4444440007
105435  54.928  6.181  34.866 0.4444440007
90591  53.654  6.608  34.397 0.4444440007
55504  55.287  6.038  34.191 0.4444440007
54639  58.506  4.378  38.925 0.3333329856
54640  57.857  4.931  39.131 0.4444440007
52784  59.673  3.096  37.720 0.3333329856
55430  57.641  5.467  39.387 0.4444440007
55451  57.240  6.037  38.910 0.4444440007
93759  57.353  5.867  38.186 0.4444440007
52793  60.307  2.270  36.364 0.3333329856
90976  56.753  6.243  38.034 0.4444440007
52806  60.335  2.176  35.282 0.1111110002
89742  57.148  6.064  37.289 0.4444440007
90004  56.291  6.395  37.260 0.4444440007
55479  56.549  6.255  36.616 0.5555559993
104923  57.152  5.995  36.176 0.5555559993
54672  56.745  5.911  35.233 0.5555559993
55488  55.731  6.085  35.114 0.5555559993
54688  57.134  5.567  34.594 0.5555559993
54700  57.252  5.516  33.834 0.5555559993
55503  56.316  5.774  34.197 0.5555559993
55514  55.743  6.103  33.378 0.5555559993
53738  58.871  3.857  38.480 0.3333329856
54660  57.984  4.780  38.520 0.3333329856
53745  59.041  3.686  37.998 0.3333329856
55450  57.643  5.388  38.727 0.4444440007
53746  58.581  4.140  37.487 0.4444440007
52794  59.736  2.970  36.805 0.3333329856
53756  59.119  3.607  37.159 0.4444440007
54666  58.064  4.696  37.733 0.4444440007
55467  57.610  5.339  37.962 0.4444440007
52807  59.782  2.935  35.862 0.3333329856
53767  59.214  3.627  36.245 0.4444440007
93663  58.183  4.592  36.959 0.4444440007
91698  60.200  2.488  34.459 0.3333329856
53768  58.867  4.437  35.506 0.4444440007
105307  57.577  5.376  36.102 0.4444440007
54669  57.626  5.287  36.903 0.4444440007
97118  57.561  5.412  35.369 0.4444440007
54687  57.896  5.322  34.456 0.5555559993
54699  58.226  5.442  33.640 0.4444440007
106938  57.532  5.676  33.157 0.5555559993
102400  59.356  3.717  35.452 0.4444440007
52824  59.739  3.140  34.975 0.3333329856
52836  59.724  3.399  34.168 0.3333329856
100019  59.729  3.471  33.333 0.3333329856
53782  58.927  4.868  34.686 0.4444440007
54671  58.397  5.024  35.056 0.4444440007
54686  58.706  5.185  34.237 0.4444440007
54698  58.915  5.475  33.444 0.4444440007
54709  58.469  5.916  32.730 0.4444440007
104563  59.291  4.301  34.677 0.4444440007
53796  59.347  4.517  33.833 0.3333329856
52852  59.725  3.464  32.433 0.3333329856
54685  59.057  5.049  34.056 0.4444440007
52872  59.672  3.421  31.505 0.2222220004
52892  59.600  3.412  30.571 0.2222220004
54697  59.073  5.315  33.305 0.4444440007
54708  59.060  5.899  32.672 0.4444440007
54707  59.208  5.514  32.446 0.4444440007
53813  59.380  4.593  32.981 0.4444440007
53825  59.420  4.587  32.043 0.4444440007
54718  59.218  6.195  31.783 0.4444440007
39873  6.346  -8.521  84.554 0.2222220004
44392  8.054  -4.272  86.498 0.4444440007
94124  6.704  -7.582  85.229 0.2222220004
46422  9.248  -2.952  86.247 0.6666669846
44377  14.614  -4.842  87.808 0.1111110002
48331  11.276  -1.307  87.124 0.4444440007
46415  14.919  -2.850  86.141 0.1111110002
44381  14.922  -4.844  86.877 0.1111110002
46407  14.391  -3.256  86.710 0.1111110002
47384  14.360  -2.338  86.495 0.1111110002
49288  13.525  0.554  86.613 0.3333329856
50225  11.616  1.788  87.119 0.3333329856
48332  10.946  -0.838  86.882 0.4444440007
46413  9.291  -3.028  87.086 0.4444440007
50231  10.820  1.491  87.018 0.4444440007
47388  10.461  -1.313  86.627 0.5555559993
48348  9.854  -0.806  86.006 0.6666669846
48347  10.041  -0.290  85.976 0.6666669846
45374  8.311  -3.711  86.864 0.4444440007
46414  8.667  -3.354  86.982 0.4444440007
43256  8.205  -4.862  86.608 0.3333329856
43259  7.828  -5.418  86.048 0.3333329856
51248  14.816  2.162  85.658 0.3333329856
51250  15.863  2.323  85.056 0.2222220004
50234  12.970  2.045  85.733 0.5555559993
48351  11.529  -0.585  84.939 0.6666669846
47398  11.290  -1.516  84.775 0.5555559993
47391  9.432  -2.679  86.387 0.6666669846
42072  6.680  -6.629  85.389 0.2222220004
87235  17.389  -3.826  77.837 0.4444440007
89493  18.561  0.465  84.247 0.1111110002
50241  17.393  2.143  83.824 0.2222220004
104255  15.277  2.224  84.639 0.3333329856
49304  14.046  0.594  83.540 0.5555559993
46431  15.122  -2.088  82.582 0.1111110002
46430  17.226  -1.906  82.256 0.1111110002
107808  17.704  -1.536  83.079 0.2222220004
88459  18.424  -0.166  83.745 0.2222220004
89028  17.759  -0.864  81.534 0.2222220004
88642  16.210  1.080  82.167 0.4444440007
88222  18.549  0.033  82.347 0.3333329856
45425  15.413  -3.320  77.292 0.5555559993
88272  18.117  -0.691  81.566 0.3333329856
87231  16.656  -1.517  80.226 0.4444440007
44394  7.934  -4.973  84.954 0.4444440007
47423  14.358  -1.870  79.883 0.4444440007
46456  12.594  -3.097  78.687 0.5555559993
44487  12.454  -4.446  74.410 0.6666669846
44529  15.611  -3.731  69.753 0.4444440007
44528  16.304  -4.238  69.460 0.3333329856
43396  17.604  -5.117  68.847 0.4444440007
42111  28.001  -6.471  77.748 0.6666669846
42123  28.535  -6.793  76.948 0.7777780294
42110  29.035  -6.125  77.607 0.6666669846
42122  29.328  -6.346  76.659 0.6666669846
40975  28.202  -7.288  76.333 0.8888890147
40976  27.364  -7.334  76.190 0.7777780294
41010  27.236  -7.074  74.284 0.8888890147
40993  27.177  -7.272  75.224 0.7777780294
42177  27.676  -6.560  72.694 0.8888890147
92309  25.751  -7.490  74.777 0.7777780294
41045  26.365  -7.080  72.325 0.7777780294
42121  29.944  -5.865  76.155 0.6666669846
41087  24.001  -7.634  70.461 0.7777780294
41099  26.319  -7.445  69.624 0.7777780294
42243  28.589  -6.148  68.254 0.7777780294
42245  27.129  -6.880  68.037 0.6666669846
105181  27.099  -6.862  67.397 0.5555559993
41105  21.206  -7.525  69.670 0.7777780294
90007  25.507  -7.500  67.579 0.5555559993
92112  25.806  -7.480  66.824 0.5555559993
89560  31.964  -3.922  75.987 0.3333329856
106439  29.293  -6.310  70.512 0.8888890147
101628  25.277  -7.639  65.111 0.4444440007
92320  25.830  -7.588  64.213 0.4444440007
44481  32.928  -4.538  74.333 0.4444440007
43363  33.119  -6.007  71.171 0.6666669846
90572  30.608  -5.720  69.834 0.7777780294
43391  30.575  -5.756  68.457 0.7777780294
101791  29.128  -6.516  65.731 0.8888890147
98751  28.258  -6.865  64.683 0.7777780294
44470  33.415  -4.189  75.541 0.3333329856
44480  33.572  -4.363  74.872 0.3333329856
42272  31.478  -6.560  65.934 0.8888890147
43323  35.907  -5.941  74.398 0.3333329856
42211  33.180  -6.216  70.231 0.8888890147
42209  35.175  -7.105  69.780 0.7777780294
42227  32.817  -6.085  69.342 0.7777780294
42147  36.308  -6.132  74.833 0.2222220004
99346  36.419  -7.374  72.177 0.4444440007
42158  36.006  -6.448  73.619 0.5555559993
42173  35.012  -6.872  71.779 0.5555559993
42286  33.517  -6.370  65.488 0.8888890147
41097  35.823  -7.381  69.457 0.7777780294
42253  35.564  -6.618  67.247 0.8888890147
104284  36.658  -7.844  70.456 0.6666669846
41096  36.570  -7.589  69.637 0.7777780294
45602  31.675  -3.490  62.282 0.8888890147
105269  36.183  -5.416  67.544 0.6666669846
46571  34.278  -2.944  66.580 0.8888890147
44526  36.975  -4.460  69.110 0.5555559993
42208  38.782  -6.490  70.371 0.3333329856
47518  34.001  -1.725  68.244 0.8888890147
47527  32.676  -0.850  66.258 0.8888890147
46518  36.198  -2.657  70.111 0.3333329856
46519  34.950  -1.561  70.032 0.4444440007
47505  34.107  -1.619  69.038 0.5555559993
47506  33.955  -1.246  68.590 0.7777780294
48491  33.274  -0.255  67.538 0.7777780294
50386  32.254  0.874  65.782 0.8888890147
89472  34.325  3.093  60.927 1.0000000000
106572  35.603  5.910  56.269 1.0000000000
54411  35.707  5.376  59.690 0.8888890147
55316  36.274  6.779  57.128 1.0000000000
56903  36.703  7.845  58.477 0.7777780294
55341  36.553  6.317  55.383 1.0000000000
107852  34.540  0.882  50.467 0.3333329856
50491  35.246  1.310  51.135 0.5555559993
53460  35.613  4.909  64.363 0.5555559993
54394  36.116  6.093  61.926 0.5555559993
55277  36.536  7.375  60.889 0.6666669846
57674  38.020  9.051  58.587 0.4444440007
55353  37.471  6.261  54.847 1.0000000000
50515  36.250  1.354  49.614 0.4444440007
50536  34.305  0.664  48.462 0.1111110002
107830  33.040  1.044  47.661 0.1111110002
57635  38.738  9.731  61.770 0.4444440007
58448  39.044  10.290  60.477 0.4444440007
105754  37.961  9.145  60.346 0.5555559993
58436  39.776  10.948  61.863 0.2222220004
58460  39.020  10.231  59.678 0.3333329856
58459  39.774  10.570  59.529 0.3333329856
57688  38.409  9.119  57.965 0.5555559993
56919  38.711  8.870  57.372 0.5555559993
54460  38.231  5.715  54.383 1.0000000000
52593  39.396  3.373  51.473 1.0000000000
51500  38.096  2.672  51.450 0.7777780294
51558  37.018  1.827  47.976 0.3333329856
56861  37.562  8.607  61.661 0.4444440007
57649  37.965  9.224  61.236 0.5555559993
58419  40.410  10.469  62.580 0.1111110002
59127  41.006  10.784  62.160 0.1111110002
59149  40.295  11.301  61.378 0.1111110002
58428  39.873  10.587  62.502 0.2222220004
58427  40.854  10.235  62.466 0.1111110002
59136  41.046  11.214  61.678 0.1111110002
58473  40.681  10.452  58.864 0.2222220004
56935  40.370  8.389  56.793 0.4444440007
54459  39.165  5.567  54.327 1.0000000000
52592  40.147  3.544  51.214 1.0000000000
92985  37.831  2.251  47.821 0.3333329856
51555  39.302  2.945  48.124 0.5555559993
56091  37.455  8.180  63.045 0.4444440007
56839  37.908  8.890  63.890 0.4444440007
57613  39.139  9.746  63.450 0.3333329856
104837  42.598  11.272  60.912 0.1111110002
58435  41.866  10.519  61.684 0.1111110002
58434  42.693  10.860  61.336 0.1111110002
57633  42.499  10.135  61.124 0.1111110002
56858  42.247  9.133  61.016 0.1111110002
58457  42.218  11.100  59.452 0.1111110002
57686  41.531  9.212  57.596 0.3333329856
57694  40.853  8.831  57.300 0.4444440007
56934  41.435  8.486  56.846 0.6666669846
56171  41.860  7.837  56.261 0.6666669846
56185  41.373  7.268  55.742 0.7777780294
55349  41.271  6.094  54.841 0.7777780294
54467  41.334  4.994  53.773 0.8888890147
59146  43.530  11.123  61.072 0.1111110002
57645  45.310  10.217  60.435 0.1111110002
57644  46.220  10.139  60.276 0.1111110002
56875  45.186  9.248  60.281 0.1111110002
56113  44.765  8.381  59.959 0.1111110002
57631  44.292  10.789  60.746 0.1111110002
58445  44.644  10.708  60.439 0.1111110002
58433  43.584  11.010  61.124 0.1111110002
57647  43.149  9.397  60.521 0.1111110002
58456  43.175  10.848  59.400 0.1111110002
57685  42.493  9.367  57.758 0.3333329856
106216  44.839  6.054  54.645 0.6666669846
57682  45.701  9.818  58.432 0.2222220004
59145  44.315  11.012  60.820 0.1111110002
58455  44.176  10.729  59.991 0.1111110002
57669  44.791  10.155  58.758 0.2222220004
88764  49.792  6.107  53.404 0.2222220004
100396  45.482  7.400  55.798 0.5555559993
107831  46.884  5.431  52.861 0.5555559993
87419  45.472  5.048  52.763 0.5555559993
91930  44.609  4.842  53.084 0.8888890147
56912  47.149  8.832  57.977 0.3333329856
103934  46.597  8.208  56.355 0.5555559993
56929  46.417  8.794  56.905 0.5555559993
87436  49.913  6.714  54.811 0.2222220004
87425  49.752  5.408  52.727 0.2222220004
54480  49.029  5.607  51.731 0.3333329856
53623  43.045  4.019  48.985 1.0000000000
90005  43.228  4.047  46.688 0.8888890147
52661  42.825  3.875  47.465 0.8888890147
52677  41.375  3.766  46.916 0.4444440007
52678  40.735  3.676  46.417 0.4444440007
53674  42.985  4.153  45.094 0.6666669846
52688  40.112  3.604  45.772 0.3333329856
89861  50.657  6.132  51.085 0.3333329856
53619  46.323  5.007  48.245 1.0000000000
53644  45.701  4.424  46.810 1.0000000000
90778  49.283  5.442  46.074 1.0000000000
53716  46.186  4.752  41.482 0.4444440007
54525  52.793  6.040  49.088 0.6666669846
89845  53.392  5.664  48.056 0.7777780294
102076  50.800  5.396  46.430 1.0000000000
54648  46.143  5.355  39.349 0.2222220004
103038  51.924  5.061  45.557 0.8888890147
106258  51.768  5.081  44.836 0.7777780294
89811  51.263  5.215  44.293 0.7777780294
54613  48.490  5.231  41.248 0.4444440007
54661  47.299  5.800  38.930 0.3333329856
53640  53.440  5.248  46.517 0.7777780294
54552  53.826  5.058  45.581 0.6666669846
99785  53.723  5.317  43.786 0.6666669846
54611  50.244  5.560  41.293 0.6666669846
54626  51.479  5.692  40.491 0.6666669846
54589  55.968  5.730  42.765 0.4444440007
53701  57.868  3.915  42.064 0.2222220004
54641  53.488  5.986  39.813 0.5555559993
98541  56.007  6.259  41.309 0.5555559993
52723  58.704  2.485  41.139 0.2222220004
51656  59.166  1.854  40.717 0.2222220004
55433  55.681  6.394  39.706 0.5555559993
55453  55.662  6.465  38.490 0.4444440007
90153  55.156  6.433  37.950 0.4444440007
95893  52.787  6.889  35.943 0.4444440007
92554  57.754  5.137  39.672 0.4444440007
54659  58.528  4.258  38.260 0.3333329856
53757  58.662  4.193  36.586 0.4444440007
54668  58.112  4.881  36.058 0.4444440007
43261  5.654  -6.352  85.162 0.2222220004
43264  5.887  -5.772  85.002 0.4444440007
44395  6.119  -5.245  84.550 0.3333329856
44403  5.527  -4.816  83.819 0.1111110002
89798  6.917  -5.182  84.785 0.2222220004
44401  7.342  -4.859  83.956 0.2222220004
44402  6.436  -4.739  83.918 0.1111110002
44410  6.793  -4.345  83.108 0.1111110002
44409  7.540  -4.542  82.408 0.2222220004
95826  7.712  -4.737  83.194 0.2222220004
45397  6.777  -3.625  82.257 0.1111110002
44420  7.472  -4.333  81.656 0.1111110002
44400  8.345  -4.883  83.791 0.2222220004
44408  8.402  -4.854  82.788 0.2222220004
44419  8.246  -4.786  81.728 0.1111110002
44429  7.774  -4.459  80.972 0.1111110002
44398  10.012  -4.603  83.034 0.3333329856
44407  9.211  -4.844  82.386 0.3333329856
44399  9.213  -4.850  83.415 0.2222220004
44406  10.048  -4.588  82.061 0.3333329856
44427  9.379  -4.943  80.510 0.2222220004
44418  9.236  -4.878  81.427 0.1111110002
97972  8.798  -4.799  79.126 0.1111110002
44428  8.488  -4.835  80.765 0.1111110002
44440  7.965  -4.432  80.218 0.1111110002
45413  8.152  -4.271  79.302 0.1111110002
95361  9.158  -4.526  78.062 0.1111110002
45422  8.223  -3.648  78.441 0.1111110002
45430  8.507  -3.325  77.486 0.1111110002
44459  8.746  -4.088  77.819 0.1111110002
45389  10.810  -4.217  81.745 0.5555559993
44417  10.133  -4.727  81.166 0.4444440007
44426  10.254  -4.797  80.297 0.4444440007
44438  9.557  -4.935  79.542 0.1111110002
45396  10.900  -4.352  80.901 0.4444440007
99240  8.923  -3.803  77.158 0.1111110002
45439  8.654  -3.284  76.488 0.1111110002
45383  11.281  -3.573  83.118 0.4444440007
46429  10.997  -3.337  83.832 0.4444440007
45388  11.538  -3.647  82.237 0.5555559993
94386  10.759  -4.124  82.628 0.4444440007
45395  11.396  -3.905  81.417 0.5555559993
45421  10.735  -4.316  78.402 0.4444440007
45412  10.887  -4.357  79.242 0.4444440007
44449  10.129  -4.737  78.886 0.3333329856
44457  9.875  -4.536  77.999 0.4444440007
107778  10.609  -4.267  77.613 0.4444440007
44458  9.338  -4.308  77.409 0.2222220004
89523  10.002  -4.518  76.900 0.4444440007
45438  9.251  -4.126  76.553 0.1111110002
44467  9.762  -4.476  75.936 0.2222220004
45445  8.616  -2.813  75.602 0.1111110002
46437  11.965  -3.394  81.479 0.5555559993
103971  12.237  -3.256  80.847 0.4444440007
45411  11.527  -3.844  79.697 0.5555559993
45420  11.436  -3.825  77.905 0.4444440007
44466  10.554  -4.589  76.075 0.4444440007
44478  10.264  -4.209  75.308 0.3333329856
45449  9.535  -3.598  74.968 0.1111110002
46471  9.616  -2.835  74.439 0.1111110002
46479  10.608  -2.224  73.469 0.1111110002
46432  12.340  -2.890  82.250 0.4444440007
45419  12.330  -3.391  77.932 0.4444440007
46457  12.085  -3.405  79.242 0.5555559993
45428  11.920  -3.682  77.151 0.5555559993
45437  11.510  -4.041  76.279 0.5555559993
44465  11.178  -4.433  75.420 0.4444440007
45447  11.768  -3.916  74.087 0.3333329856
44488  11.037  -4.115  74.766 0.4444440007
45452  12.341  -3.609  73.326 0.3333329856
45453  11.072  -3.062  73.703 0.3333329856
92602  10.896  -3.522  74.250 0.3333329856
45460  13.365  -3.498  72.308 0.4444440007
45461  12.689  -3.157  72.597 0.3333329856
92418  11.697  -3.200  73.420 0.2222220004
46477  12.018  -2.770  72.893 0.2222220004
46478  11.283  -2.452  73.121 0.1111110002
45475  13.658  -2.958  71.528 0.3333329856
46487  13.012  -2.586  71.886 0.3333329856
46488  12.301  -2.253  72.184 0.2222220004
46489  11.589  -1.907  72.510 0.1111110002
46442  12.730  -2.798  80.559 0.4444440007
46436  12.652  -2.899  81.393 0.4444440007
46448  12.795  -2.790  79.563 0.4444440007
91246  11.852  -4.447  74.863 0.5555559993
45474  14.376  -3.406  71.143 0.3333329856
46502  13.863  -2.404  70.655 0.3333329856
46503  13.258  -2.002  71.085 0.2222220004
46504  12.613  -1.657  71.496 0.2222220004
45485  14.337  -2.750  70.202 0.3333329856
107424  15.115  -3.216  69.666 0.3333329856
45500  14.751  -2.726  69.641 0.2222220004
90179  24.213  -7.654  66.512 0.3333329856
45498  15.900  -3.535  68.872 0.2222220004
45499  15.258  -2.960  69.081 0.2222220004
46527  14.991  -2.201  69.304 0.1111110002
105187  24.853  -7.634  65.976 0.4444440007
41149  24.237  -7.627  65.462 0.3333329856
41150  23.518  -7.393  65.272 0.3333329856
90560  23.459  -7.491  66.088 0.3333329856
41162  24.512  -7.625  64.628 0.3333329856
41151  22.890  -7.179  65.526 0.2222220004
41163  23.856  -7.471  64.597 0.3333329856
41164  23.013  -7.055  64.572 0.2222220004
41101  24.651  -7.604  69.831 0.5555559993
90182  24.346  -7.548  68.951 0.5555559993
41116  24.856  -7.557  68.251 0.4444440007
41128  23.918  -7.613  68.060 0.4444440007
105835  23.608  -7.562  68.839 0.4444440007
101447  24.554  -7.609  67.375 0.4444440007
41129  23.187  -7.581  67.459 0.4444440007
102535  23.877  -7.623  67.228 0.3333329856
41140  22.946  -7.470  66.743 0.3333329856
41141  22.183  -7.164  66.663 0.2222220004
106122  22.760  -7.273  66.195 0.3333329856
41152  22.233  -6.885  65.862 0.2222220004
90178  24.985  -7.680  64.075 0.3333329856
90559  24.239  -7.556  63.860 0.3333329856
41173  25.510  -7.613  63.397 0.3333329856
41175  23.476  -7.234  63.713 0.2222220004
41174  24.682  -7.625  63.162 0.3333329856
91312  23.868  -7.421  62.930 0.2222220004
42320  23.109  -7.045  62.757 0.2222220004
41086  24.842  -7.625  70.548 0.6666669846
41088  23.102  -7.683  70.662 0.5555559993
41102  23.802  -7.588  69.559 0.6666669846
91073  23.288  -7.587  70.007 0.4444440007
41103  22.945  -7.548  69.278 0.4444440007
41104  22.028  -7.555  69.460 0.4444440007
91007  21.417  -7.480  68.892 0.4444440007
90181  23.053  -7.574  68.352 0.4444440007
41118  21.645  -7.380  68.139 0.4444440007
90180  22.246  -7.517  68.656 0.4444440007
41117  22.419  -7.489  67.870 0.4444440007
41119  20.859  -7.235  68.399 0.3333329856
41130  22.517  -7.440  67.235 0.2222220004
41131  21.872  -7.280  67.419 0.2222220004
41132  21.126  -7.029  67.667 0.2222220004
44540  17.159  -4.401  68.308 0.2222220004
44541  16.513  -4.007  68.578 0.2222220004
42262  21.390  -6.826  66.954 0.2222220004
42277  21.506  -6.622  66.193 0.2222220004
91072  22.584  -7.591  70.072 0.6666669846
41120  20.080  -7.049  68.695 0.3333329856
42246  20.356  -6.725  67.924 0.3333329856
45517  16.894  -3.634  67.870 0.2222220004
42263  20.636  -6.508  67.156 0.2222220004
42264  19.760  -6.096  67.294 0.1111110002
44550  17.398  -4.051  67.651 0.2222220004
104094  20.882  -6.422  66.503 0.2222220004
42278  20.211  -6.053  66.492 0.2222220004
42247  19.580  -6.472  68.239 0.2222220004
42248  18.940  -6.249  68.596 0.3333329856
43395  18.315  -5.604  68.487 0.3333329856
43403  18.375  -5.051  67.447 0.1111110002
44539  17.779  -4.736  67.960 0.1111110002
44549  17.908  -4.148  67.187 0.2222220004
42279  19.588  -5.610  66.516 0.2222220004
43402  19.007  -5.386  66.902 0.2222220004
43411  19.236  -4.971  66.133 0.2222220004
43453  31.172  -5.110  61.655 0.4444440007
45608  31.164  -3.360  61.479 0.5555559993
46624  30.798  -2.712  60.846 0.5555559993
44598  31.478  -4.280  61.865 0.7777780294
44599  30.973  -4.330  61.157 0.4444440007
43454  30.715  -5.018  60.972 0.4444440007
45616  30.589  -3.593  60.694 0.5555559993
45617  29.896  -3.746  60.084 0.3333329856
45624  29.285  -3.017  59.772 0.3333329856
46623  31.062  -2.287  61.570 0.6666669846
98265  31.375  -2.723  62.085 0.6666669846
47591  30.563  -2.078  60.345 0.4444440007
46647  29.584  -2.155  59.737 0.4444440007
46636  30.053  -2.863  60.281 0.5555559993
105283  29.728  -1.694  59.342 0.3333329856
46662  29.233  -1.814  59.021 0.3333329856
47612  28.721  -2.242  58.325 0.2222220004
46648  28.937  -2.564  59.152 0.2222220004
47577  30.848  -1.848  61.048 0.5555559993
47602  30.397  -1.631  59.617 0.4444440007
96206  29.383  -1.755  58.186 0.3333329856
47621  29.145  -1.866  57.489 0.2222220004
106053  31.112  -1.049  61.432 0.6666669846
47576  31.157  -1.428  61.638 0.5555559993
47590  30.867  -1.288  60.932 0.5555559993
101490  31.033  -1.537  59.947 0.5555559993
92409  31.018  -1.396  59.117 0.4444440007
47611  30.003  -1.482  58.760 0.4444440007
47620  30.033  -1.465  57.524 0.2222220004
106708  31.266  -1.083  60.439 0.4444440007
47601  31.541  -1.067  59.595 0.5555559993
47610  30.899  -1.251  58.163 0.1111110002
48552  31.494  -0.859  61.168 0.7777780294
48551  31.986  -0.685  60.252 0.6666669846
48561  32.142  -0.476  59.297 0.6666669846
48572  31.632  -0.959  58.702 0.3333329856
49485  32.725  -0.137  59.984 0.6666669846
48571  32.275  -0.444  58.352 0.5555559993
49496  32.840  0.175  58.963 0.6666669846
48570  32.900  -0.033  57.953 0.5555559993
48585  32.427  -0.531  57.447 0.4444440007
48584  33.072  -0.197  57.147 0.4444440007
48599  32.535  -0.609  56.575 0.3333329856
47631  32.014  -1.137  55.980 0.1111110002
49522  33.345  0.310  57.570 0.5555559993
48598  33.176  -0.199  56.324 0.3333329856
48618  32.606  -0.682  55.654 0.2222220004
103916  32.120  -1.211  55.289 0.2222220004
52581  35.359  3.288  53.107 0.7777780294
51489  35.870  2.549  52.489 0.6666669846
97061  34.348  2.329  52.172 0.7777780294
51491  33.599  2.319  52.279 0.4444440007
51504  33.198  2.260  51.624 0.3333329856
51523  32.854  1.984  50.916 0.2222220004
48617  32.878  -0.458  54.888 0.3333329856
104288  33.909  1.631  54.091 0.7777780294
50468  33.490  0.799  54.132 0.5555559993
49577  32.281  0.328  52.845 0.2222220004
51478  34.447  2.791  53.522 0.6666669846
51470  34.133  2.317  53.676 0.5555559993
50475  33.559  1.546  53.252 0.5555559993
49576  32.900  1.035  52.682 0.2222220004
51490  34.935  2.630  52.697 0.6666669846
52582  34.758  3.119  53.375 0.6666669846
51479  33.880  2.297  52.957 0.5555559993
51492  32.950  2.314  51.957 0.2222220004
104128  33.217  -0.168  55.580 0.6666669846
50458  34.424  1.941  55.412 0.7777780294
107463  33.818  0.730  55.468 0.7777780294
49563  32.974  -0.081  54.135 0.4444440007
53646  42.245  4.110  45.655 0.5555559993
53647  41.411  3.989  45.960 0.4444440007
107058  42.298  4.115  45.088 0.4444440007
53676  40.573  3.988  44.175 0.2222220004
90102  43.014  4.190  43.945 0.5555559993
53690  42.010  4.080  43.447 0.3333329856
53677  39.937  3.975  43.416 0.2222220004
53691  40.970  3.862  43.332 0.2222220004
53709  39.559  4.522  42.592 0.2222220004
103705  38.401  5.677  42.310 0.1111110002
57035  38.960  8.552  45.338 0.1111110002
57050  37.807  8.089  43.899 0.1111110002
90101  44.203  4.264  42.934 0.5555559993
92059  42.844  4.155  42.976 0.4444440007
53706  42.158  4.183  42.435 0.2222220004
54600  40.062  5.172  42.079 0.2222220004
55408  38.268  6.612  42.250 0.1111110002
57027  40.271  8.723  46.785 0.1111110002
57041  39.348  8.539  44.450 0.1111110002
91414  39.529  8.734  46.053 0.1111110002
57048  39.457  8.412  43.456 0.1111110002
57059  38.843  8.059  42.847 0.1111110002
56264  38.483  7.427  42.400 0.1111110002
53705  43.467  4.215  42.645 0.3333329856
53707  41.417  4.542  41.903 0.2222220004
54620  38.964  6.277  41.975 0.1111110002
56263  39.332  7.373  41.770 0.1111110002
53719  43.116  4.570  41.275 0.2222220004
53720  42.289  4.580  41.629 0.2222220004
54617  41.104  5.412  41.364 0.2222220004
55414  40.072  6.619  41.159 0.1111110002
55415  39.424  6.845  41.549 0.1111110002
53726  44.013  4.588  40.921 0.2222220004
54616  42.367  5.099  40.836 0.2222220004
54635  40.784  6.218  40.843 0.2222220004
54615  43.240  5.131  40.326 0.2222220004
54634  41.568  5.718  40.548 0.2222220004
105872  45.489  4.608  41.246 0.2222220004
97818  11.773  -3.089  82.837 0.5555559993
45384  10.625  -4.025  83.538 0.4444440007
49535  33.550  0.341  56.888 0.5555559993
49551  33.487  0.284  55.018 0.6666669846
50467  34.284  2.198  54.513 0.6666669846
50459  33.948  1.212  54.943 0.7777780294
52570  34.673  3.519  53.968 0.6666669846
53689  43.485  4.216  43.267 0.5555559993
53718  44.774  4.454  41.483 0.2222220004
53717  45.925  4.867  40.689 0.2222220004
92707  5.984  -4.251  83.398 0.1111110002
45414  7.564  -3.702  80.057 0.1111110002
44439  8.646  -4.831  79.873 0.1111110002
44451  8.675  -4.439  78.531 0.1111110002
44450  9.347  -4.768  78.668 0.2222220004
46459  7.889  -3.012  78.823 0.1111110002
45406  10.962  -4.343  80.070 0.5555559993
44437  10.381  -4.746  79.592 0.4444440007
45405  11.621  -3.799  80.653 0.5555559993
95571  11.437  -3.865  78.840 0.4444440007
45444  9.073  -3.717  75.615 0.1111110002
105608  9.638  -4.042  75.449 0.2222220004
46469  8.964  -2.926  74.903 0.1111110002
46449  12.152  -3.296  80.099 0.5555559993
45429  10.992  -4.033  76.972 0.4444440007
102778  11.982  -3.506  78.523 0.5555559993
45448  10.234  -3.570  74.581 0.1111110002
45454  10.329  -2.856  74.026 0.1111110002
46516  13.738  -1.522  70.567 0.1111110002
46528  14.241  -2.019  69.873 0.1111110002
41139  23.543  -7.579  66.805 0.3333329856
45519  15.808  -2.878  68.555 0.2222220004
41176  22.730  -6.767  63.536 0.2222220004
43410  19.879  -5.481  65.866 0.2222220004
43394  18.992  -5.828  67.826 0.1111110002
43412  18.594  -4.365  66.563 0.2222220004
99894  32.375  -0.963  54.913 0.2222220004
51502  35.346  1.927  51.900 0.6666669846
51503  33.796  2.227  51.757 0.4444440007
102650  34.317  2.516  52.873 0.6666669846
90739  32.967  0.474  53.367 0.4444440007
48648  32.465  -0.174  53.568 0.3333329856
50482  33.091  2.109  52.359 0.3333329856
49591  32.383  1.247  52.077 0.2222220004
50483  32.616  2.072  51.842 0.1111110002
101831  42.235  4.120  44.498 0.4444440007
53675  41.389  4.072  44.288 0.3333329856
53660  40.820  4.004  45.122 0.3333329856
101471  41.417  3.981  42.632 0.2222220004
53692  38.973  4.167  43.192 0.1111110002
53708  40.553  4.221  42.425 0.2222220004
54601  39.223  5.380  42.176 0.2222220004
53710  38.658  4.843  42.629 0.2222220004
54602  37.637  6.029  42.540 0.1111110002
57042  38.395  8.355  44.590 0.1111110002
57049  38.624  8.274  43.694 0.1111110002
56256  38.054  7.846  43.091 0.1111110002
54599  40.729  5.042  41.902 0.2222220004
106849  40.535  8.563  47.415 0.1111110002
94736  39.711  8.721  45.272 0.1111110002
89794  43.888  4.277  41.925 0.2222220004
95723  42.954  4.243  42.128 0.2222220004
54619  39.698  6.035  41.765 0.2222220004
54618  40.392  5.765  41.524 0.2222220004
55416  38.849  7.030  41.916 0.1111110002
107793  41.758  5.100  41.281 0.2222220004
55425  41.283  6.622  40.239 0.1111110002
53725  44.954  4.744  40.561 0.2222220004
54633  42.348  5.667  40.072 0.2222220004
42127  23.283  -6.738  77.203 0.4444440007
87215  22.295  -5.952  78.689 0.4444440007
43293  26.776  -4.955  79.181 0.3333329856
88637  24.327  -5.348  78.838 0.4444440007
88914  22.414  -6.742  78.195 0.2222220004
42112  26.749  -6.642  77.736 0.6666669846
103368  25.906  -6.926  77.222 0.6666669846
101149  22.057  -5.994  78.999 0.2222220004
42125  26.701  -7.269  76.858 0.7777780294
100670  22.182  -6.860  77.107 0.4444440007
40978  24.999  -7.371  76.384 0.4444440007
100120  26.520  -7.382  75.928 0.4444440007
87205  21.937  -7.267  77.314 0.2222220004
105840  22.061  -6.993  76.413 0.3333329856
40979  22.967  -6.978  76.318 0.5555559993
100401  24.148  -7.159  76.589 0.5555559993
40996  23.639  -7.530  75.431 0.5555559993
40995  25.563  -7.482  75.655 0.5555559993
41013  23.979  -7.700  74.638 0.5555559993
41012  24.806  -7.614  74.918 0.5555559993
100470  20.471  -7.783  73.371 0.3333329856
100877  19.484  -7.536  73.178 0.3333329856
41030  18.458  -7.043  73.645 0.3333329856
93936  17.810  -6.774  74.082 0.3333329856
103610  17.377  -6.446  74.517 0.3333329856
87221  17.241  -5.991  74.792 0.3333329856
41015  22.526  -7.838  74.852 0.4444440007
88976  21.908  -7.599  74.197 0.4444440007
88255  21.305  -7.595  73.633 0.3333329856
41014  23.106  -7.741  74.928 0.4444440007
89300  20.763  -7.633  73.112 0.4444440007
90333  22.658  -7.641  74.145 0.5555559993
90184  24.547  -7.634  73.990 0.6666669846
87220  17.100  -6.030  75.654 0.3333329856
91161  17.427  -6.196  74.073 0.3333329856
43312  34.793  -5.008  75.707 0.2222220004
41027  22.091  -7.504  73.470 0.6666669846
41028  20.018  -7.569  72.808 0.5555559993
41053  19.174  -7.195  72.578 0.5555559993
107494  23.619  -7.599  73.329 0.6666669846
91088  23.048  -7.584  73.408 0.6666669846
91089  24.163  -7.615  73.288 0.6666669846
91483  21.367  -7.587  72.974 0.6666669846
41049  22.724  -7.601  72.737 0.6666669846
41050  22.008  -7.626  72.695 0.6666669846
41051  20.700  -7.647  72.284 0.6666669846
42179  18.658  -6.610  72.062 0.6666669846
39956  39.253  -8.056  74.342 0.1111110002
41007  37.957  -7.327  74.761 0.2222220004
41008  37.360  -7.304  75.063 0.3333329856
42146  37.042  -6.855  74.660 0.3333329856
39955  39.805  -8.373  73.654 0.1111110002
41022  39.483  -7.787  73.566 0.1111110002
41006  38.690  -7.769  74.692 0.1111110002
41024  38.330  -7.294  74.003 0.2222220004
107803  40.843  -7.818  72.645 0.1111110002
39964  40.174  -7.825  73.028 0.1111110002
41023  38.990  -7.631  74.050 0.2222220004
41040  38.668  -7.501  73.001 0.2222220004
106846  39.974  -6.935  72.145 0.2222220004
41039  39.623  -7.386  72.605 0.2222220004
96271  33.638  2.260  67.068 0.6666669846
52447  33.735  2.828  65.713 0.5555559993
91234  33.251  2.119  66.250 0.7777780294
51392  33.197  2.220  65.278 0.6666669846
48586  31.664  -0.877  57.760 0.1111110002
50503  33.335  1.165  50.355 0.2222220004
50550  36.011  1.682  47.179 0.2222220004
51576  38.624  2.640  47.534 0.1111110002
51577  37.216  2.036  47.125 0.2222220004
51596  37.376  2.356  46.333 0.1111110002
51597  36.377  2.062  46.477 0.1111110002
44464  30.935  -4.576  77.289 0.4444440007
51391  33.710  2.696  64.980 0.6666669846
51578  36.553  1.792  47.328 0.2222220004
43302  27.390  -5.782  78.479 0.5555559993
51522  33.633  1.804  51.178 0.3333329856
42114  23.444  -6.083  78.107 0.4444440007
87216  22.640  -6.534  77.949 0.4444440007
100855  22.843  -5.334  79.336 0.3333329856
43303  26.010  -5.651  78.548 0.3333329856
42126  24.738  -6.876  77.112 0.4444440007
42113  25.251  -6.286  77.893 0.5555559993
100744  22.399  -5.464  79.881 0.2222220004
87203  22.396  -6.577  78.565 0.2222220004
40977  25.790  -7.306  76.549 0.4444440007
88327  22.596  -7.314  75.892 0.5555559993
100119  24.395  -7.444  75.899 0.5555559993
90183  23.608  -7.697  73.958 0.5555559993
91417  37.995  2.377  46.939 0.1111110002
40895  6.006  -7.371  85.333 0.2222220004
104927  30.550  -5.654  61.273 0.4444440007
44605  30.385  -4.484  60.494 0.2222220004
44606  29.749  -4.774  59.743 0.2222220004
42340  29.316  -6.472  61.539 0.2222220004
43461  30.235  -5.353  60.496 0.2222220004
43462  29.582  -5.743  60.051 0.2222220004
98920  29.359  -3.907  59.498 0.2222220004
44614  28.836  -4.549  58.974 0.2222220004
100903  22.588  -7.662  75.539 0.3333329856
49435  32.857  0.648  67.128 0.6666669846
48632  32.322  -0.747  54.202 0.1111110002
55524  58.037  6.671  31.978 0.3333329856
55505  54.457  6.313  34.226 0.3333329856
99429  57.272  6.169  32.588 0.3333329856
55515  54.838  6.388  33.403 0.2222220004
56332  56.952  7.074  32.124 0.2222220004
55525  56.304  6.443  32.737 0.3333329856
55526  55.438  6.728  32.813 0.2222220004
55506  52.885  6.961  34.508 0.3333329856
94276  56.044  7.073  32.461 0.2222220004
42330  28.671  -6.688  62.356 0.3333329856
50379  33.217  1.534  67.102 0.6666669846
55513  56.667  5.829  33.242 0.2222220004
102438  5.952  -6.654  85.367 0.2222220004
48600  31.789  -0.938  56.845 0.1111110002
48649  31.971  -0.456  53.503 0.2222220004
42073  5.455  -7.123  85.222 0.2222220004
43455  29.951  -6.109  60.861 0.2222220004
90987  33.315  1.085  68.009 0.6666669846
39944  38.676  -8.526  74.696 0.1111110002
39935  37.716  -8.990  75.034 0.1111110002
105320  37.836  -7.592  75.061 0.1111110002
42319  27.859  -6.915  62.996 0.3333329856
50360  33.781  1.107  68.789 0.3333329856
49434  33.154  0.252  67.795 0.5555559993
51372  33.629  1.992  67.789 0.5555559993
51384  34.006  2.932  66.671 0.4444440007
52461  34.211  3.239  65.124 0.4444440007
103076  29.391  -5.474  78.239 0.4444440007
44456  29.872  -4.791  78.441 0.4444440007
100155  34.337  3.480  65.978 0.4444440007
56818  38.596  8.004  65.324 0.1111110002
39945  38.214  -7.893  75.063 0.1111110002
49428  33.719  0.431  68.577 0.5555559993
37663  38.346  -11.054  75.175 0.1111110002
38771  37.539  -10.334  75.387 0.1111110002
51362  33.819  1.784  68.575 0.4444440007
39865  12.739  -8.952  86.745 0.1111110002
40888  12.539  -8.382  87.171 0.1111110002
39863  13.018  -8.781  87.105 0.1111110002
40891  12.384  -8.098  86.557 0.1111110002
102883  12.693  -8.679  85.833 0.1111110002
40898  12.375  -7.567  85.206 0.1111110002
92500  12.553  -8.593  84.887 0.1111110002
42060  12.155  -7.388  87.311 0.1111110002
40886  12.839  -7.954  87.549 0.1111110002
42066  12.066  -6.976  86.072 0.1111110002
42075  11.833  -6.861  85.246 0.1111110002
42076  11.026  -6.717  85.000 0.1111110002
40908  11.235  -7.766  83.829 0.1111110002
42052  12.657  -6.552  88.481 0.1111110002
42056  12.227  -7.129  88.058 0.1111110002
40892  9.948  -6.948  85.044 0.1111110002
40896  4.861  -7.605  84.936 0.1111110002
39874  5.535  -8.361  84.790 0.1111110002
40893  8.925  -7.190  85.130 0.1111110002
40910  9.546  -7.943  83.993 0.1111110002
92390  6.557  -8.986  83.242 0.1111110002
38731  5.911  -8.925  83.435 0.1111110002
39879  5.184  -8.379  83.781 0.1111110002
39875  4.535  -8.016  84.134 0.1111110002
40902  8.601  -7.964  84.505 0.1111110002
97747  4.747  -8.011  83.466 0.1111110002
43265  5.356  -6.002  84.658 0.2222220004
42077  5.120  -6.779  84.830 0.2222220004
40905  4.549  -7.841  84.472 0.1111110002
43266  4.857  -6.327  84.136 0.1111110002
40894  7.689  -7.366  85.221 0.1111110002
39878  6.501  -8.942  83.905 0.1111110002
38730  5.759  -8.667  84.164 0.1111110002
40912  4.501  -7.673  83.872 0.1111110002
40917  9.628  -7.977  83.264 0.1111110002
39881  6.969  -8.525  82.711 0.1111110002
39877  7.173  -8.711  83.564 0.1111110002
40929  7.855  -7.678  81.236 0.1111110002
91286  6.404  -8.210  81.869 0.1111110002
42080  4.578  -6.822  83.512 0.1111110002
43269  4.449  -5.748  83.370 0.1111110002
40911  8.766  -8.165  83.662 0.1111110002
40913  4.507  -7.203  83.071 0.1111110002
42081  4.171  -6.209  82.766 0.1111110002
40927  9.855  -7.610  82.380 0.1111110002
40928  9.003  -7.533  81.595 0.1111110002
40938  8.645  -7.477  80.532 0.1111110002
43272  3.874  -4.993  82.622 0.1111110002
47470  13.121  -1.000  71.113 0.1111110002
42331  27.687  -6.923  62.029 0.1111110002
41182  26.876  -7.303  62.672 0.1111110002
43300  30.690  -4.551  78.027 0.2222220004
42341  28.394  -6.735  61.269 0.1111110002
42342  27.536  -6.969  61.109 0.1111110002
41193  26.219  -7.410  61.202 0.1111110002
41183  26.001  -7.519  62.826 0.1111110002
87218  23.907  -3.455  81.816 0.2222220004
88422  22.397  -4.697  80.510 0.2222220004
90374  26.088  -4.295  79.882 0.2222220004
89500  24.327  -3.832  80.561 0.2222220004
43292  27.976  -4.952  78.956 0.2222220004
42349  28.351  -6.639  60.368 0.1111110002
41184  25.225  -7.641  62.515 0.2222220004
41194  24.953  -7.612  61.581 0.1111110002
45538  18.210  -3.465  66.825 0.1111110002
44560  19.200  -4.133  65.886 0.1111110002
46578  18.594  -2.843  66.771 0.1111110002
88303  23.333  -4.297  79.990 0.2222220004
43294  25.164  -4.692  79.494 0.3333329856
42348  29.091  -6.346  60.639 0.1111110002
43463  28.805  -6.143  59.812 0.1111110002
44624  28.198  -4.945  58.135 0.1111110002
41195  24.044  -7.426  61.223 0.1111110002
41185  24.324  -7.583  62.192 0.1111110002
42295  20.702  -6.052  65.705 0.1111110002
44636  27.521  -4.594  57.507 0.1111110002
41186  23.503  -7.299  61.959 0.1111110002
42294  21.572  -6.399  65.362 0.1111110002
42332  22.937  -6.735  61.964 0.1111110002
43422  20.263  -5.186  65.118 0.1111110002
42321  22.580  -6.461  62.734 0.1111110002
44600  24.440  -4.224  60.951 0.1111110002
44625  28.171  -3.961  58.281 0.1111110002
43456  24.007  -5.189  60.507 0.1111110002
42343  22.997  -6.260  61.451 0.1111110002
42333  22.504  -6.031  62.179 0.1111110002
96355  22.170  -6.173  63.393 0.1111110002
42308  21.693  -5.818  63.985 0.1111110002
46663  28.380  -3.032  58.522 0.1111110002
43421  21.063  -5.651  64.675 0.1111110002
44593  23.422  -4.623  61.832 0.1111110002
43457  23.353  -5.459  61.151 0.1111110002
43448  22.820  -5.410  61.931 0.1111110002
43440  22.298  -5.131  62.662 0.1111110002
42322  21.848  -5.386  63.284 0.1111110002
46677  27.997  -2.563  58.004 0.1111110002
47623  27.523  -1.987  57.562 0.1111110002
47636  27.057  -1.446  56.998 0.1111110002
97029  35.722  -1.853  70.558 0.3333329856
46509  36.036  -1.485  71.492 0.1111110002
47492  34.421  -1.247  69.916 0.3333329856
90934  34.776  -0.635  70.675 0.1111110002
47476  35.160  -0.466  71.422 0.1111110002
48470  34.380  -0.558  70.145 0.1111110002
48455  34.768  0.034  71.026 0.2222220004
48456  34.426  0.306  70.280 0.1111110002
49394  34.970  0.768  71.368 0.2222220004
50338  34.499  1.214  70.325 0.2222220004
50349  34.167  1.600  69.409 0.2222220004
51361  34.351  2.420  69.085 0.2222220004
56900  47.497  8.655  58.989 0.1111110002
52425  34.589  3.156  68.477 0.2222220004
52435  34.581  3.396  67.463 0.3333329856
51371  34.042  2.726  67.625 0.3333329856
99669  34.580  3.597  66.713 0.3333329856
52434  35.316  3.862  68.161 0.3333329856
53429  35.937  4.632  68.025 0.1111110002
52460  34.964  4.079  66.325 0.3333329856
54358  37.200  5.691  67.661 0.1111110002
53428  36.655  5.186  67.827 0.3333329856
53440  35.795  4.714  66.872 0.2222220004
93707  35.336  4.546  65.923 0.3333329856
99818  35.455  4.690  65.181 0.3333329856
56911  47.476  8.424  58.392 0.1111110002
56155  47.827  7.723  57.637 0.1111110002
56165  48.598  7.510  56.851 0.1111110002
56166  47.685  7.996  56.650 0.2222220004
56179  49.474  7.231  56.129 0.1111110002
56164  49.339  7.135  56.478 0.1111110002
54441  50.080  6.797  55.826 0.1111110002
55329  49.973  7.052  55.594 0.1111110002
93320  50.148  6.344  54.656 0.1111110002
88404  50.159  6.242  53.997 0.1111110002
89370  49.775  5.652  52.975 0.1111110002
54490  51.413  5.850  51.224 0.2222220004
53580  51.774  5.505  51.116 0.2222220004
106081  51.367  6.263  50.961 0.2222220004
54502  52.726  5.576  50.409 0.1111110002
54503  52.250  6.098  50.622 0.2222220004
54504  51.655  6.405  50.517 0.2222220004
44396  5.588  -5.471  84.408 0.2222220004
42061  11.579  -6.389  86.900 0.1111110002
42063  9.637  -5.806  86.255 0.1111110002
39872  7.119  -8.533  84.266 0.1111110002
40903  7.688  -8.172  84.605 0.1111110002
41172  26.368  -7.473  63.524 0.2222220004
47493  34.046  -1.031  69.318 0.4444440007
87435  50.129  5.846  53.422 0.1111110002
93941  49.946  5.070  51.677 0.2222220004
53599  53.765  5.336  49.956 0.2222220004
39867  6.138  -8.099  85.144 0.1111110002
88616  49.829  5.135  52.777 0.1111110002
42293  22.293  -6.713  65.053 0.1111110002
45518  16.319  -3.220  68.226 0.1111110002
45625  28.833  -3.480  59.044 0.1111110002
47622  28.363  -2.056  57.646 0.1111110002
88124  22.369  -5.639  79.611 0.2222220004
101150  22.321  -4.891  80.909 0.2222220004
42070  8.310  -6.267  85.557 0.1111110002
43468  29.055  -5.422  59.348 0.1111110002
104736  28.567  -5.330  58.698 0.1111110002
39860  13.498  -8.410  87.385 0.1111110002
40907  12.134  -7.967  84.230 0.1111110002
42067  11.316  -6.462  85.857 0.1111110002
40899  11.668  -7.246  84.536 0.1111110002
40900  10.490  -7.400  84.271 0.1111110002
42068  10.328  -6.323  85.667 0.1111110002
42069  9.326  -6.287  85.558 0.1111110002
40901  9.449  -7.514  84.528 0.1111110002
40918  8.871  -7.927  82.733 0.1111110002
40919  7.937  -7.849  82.223 0.1111110002
39876  7.936  -8.287  83.191 0.1111110002
102672  7.148  -7.994  81.795 0.1111110002
39888  6.827  -8.100  80.832 0.1111110002
40939  7.655  -7.934  80.226 0.1111110002
39871  7.904  -8.407  84.020 0.1111110002
41192  26.858  -7.258  61.613 0.1111110002
92191  25.974  -7.512  61.945 0.1111110002
100854  22.850  -3.663  81.291 0.2222220004
100735  22.796  -3.352  82.135 0.2222220004
89063  25.497  -3.951  80.798 0.2222220004
45557  18.862  -3.467  66.303 0.1111110002
43469  28.441  -5.973  59.017 0.1111110002
43502  27.641  -5.300  57.753 0.1111110002
41196  23.389  -7.014  61.169 0.1111110002
42307  22.232  -6.506  64.192 0.1111110002
104888  22.230  -5.866  62.808 0.1111110002
46664  27.735  -3.256  57.956 0.1111110002
42354  23.719  -6.336  60.638 0.1111110002
104690  21.734  -6.259  64.650 0.1111110002
43431  21.291  -4.936  63.829 0.1111110002
44592  24.289  -4.053  61.711 0.1111110002
44586  21.755  -4.484  63.317 0.1111110002
47624  26.800  -2.027  57.188 0.1111110002
47637  26.288  -1.597  56.642 0.1111110002
89919  28.826  -1.792  56.937 0.1111110002
47460  35.625  -0.907  71.696 0.1111110002
47461  35.316  -0.480  71.615 0.1111110002
52446  35.180  4.041  67.235 0.2222220004
55380  51.847  6.071  51.042 0.2222220004
53581  50.940  5.216  51.353 0.2222220004
53579  52.121  5.748  50.958 0.2222220004
51505  32.529  2.033  51.387 0.1111110002
52689  39.212  3.466  45.390 0.1111110002
55516  53.988  6.725  33.510 0.2222220004
93422  60.347  2.452  32.798 0.2222220004
51744  60.520  1.798  34.240 0.1111110002
52835  60.299  2.466  33.693 0.2222220004
104664  60.174  1.630  39.595 0.2222220004
52749  60.100  2.381  39.200 0.2222220004
52750  59.672  2.956  39.567 0.2222220004
52679  39.324  3.235  46.266 0.1111110002
105717  40.780  3.807  45.814 0.2222220004
51524  31.912  1.765  50.495 0.1111110002
53659  41.728  4.094  45.106 0.2222220004
105871  38.655  3.365  45.194 0.1111110002
42094  29.454  -6.016  79.864 0.1111110002
43279  28.332  -5.233  80.831 0.1111110002
40932  29.051  -7.830  80.540 0.1111110002
40921  28.114  -7.449  80.957 0.1111110002
105494  27.288  -7.484  81.138 0.1111110002
38734  26.934  -8.274  80.415 0.1111110002
44413  27.590  -4.803  81.075 0.1111110002
43275  26.604  -5.515  81.716 0.1111110002
42085  26.012  -6.483  81.976 0.1111110002
38735  25.955  -8.211  80.389 0.1111110002
104256  26.212  -11.120  76.740 0.1111110002
99383  26.836  -11.027  76.451 0.1111110002
37672  26.267  -11.011  76.055 0.1111110002
87214  24.285  -4.846  82.539 0.1111110002
38751  25.419  -9.460  78.563 0.1111110002
38756  25.263  -9.975  77.772 0.1111110002
37657  25.625  -10.816  76.557 0.1111110002
38765  25.097  -10.253  77.062 0.1111110002
40973  34.119  -7.330  76.714 0.1111110002
42107  33.149  -6.469  77.148 0.1111110002
42108  32.491  -5.927  77.575 0.1111110002
43288  31.994  -5.279  78.194 0.1111110002
94766  35.371  -6.667  75.890 0.1111110002
42137  35.138  -5.599  75.765 0.1111110002
42120  33.789  -6.043  76.611 0.1111110002
43298  32.458  -4.937  77.696 0.1111110002
43311  35.311  -5.358  75.413 0.1111110002
43306  33.645  -4.937  76.631 0.1111110002
43297  33.110  -5.371  77.175 0.1111110002
43299  31.789  -4.751  78.081 0.1111110002
44454  32.051  -4.513  77.303 0.1111110002
88378  21.940  -8.083  76.747 0.1111110002
44455  31.364  -4.535  77.648 0.1111110002
101128  21.691  -8.002  77.086 0.1111110002
88639  22.337  -8.442  76.593 0.1111110002
44463  31.551  -4.282  76.710 0.1111110002
38758  22.361  -8.362  77.183 0.1111110002
45401  28.238  -4.611  80.200 0.1111110002
89253  22.354  -6.272  79.224 0.1111110002
89659  23.932  -7.359  79.599 0.1111110002
102717  24.183  -8.216  78.448 0.1111110002
87201  23.264  -9.139  76.685 0.1111110002
87207  24.985  -8.082  80.291 0.1111110002
38752  24.971  -9.184  78.307 0.1111110002
38766  24.261  -9.757  76.691 0.1111110002
38778  23.828  -9.773  76.054 0.1111110002
40991  36.677  -7.723  75.413 0.1111110002
42135  36.614  -6.740  75.106 0.1111110002
100961  22.370  -8.747  75.753 0.1111110002
44447  27.420  -4.560  79.378 0.1111110002
94325  17.642  -5.200  78.119 0.1111110002
43309  16.542  -5.574  77.202 0.1111110002
100824  22.354  -8.252  75.837 0.2222220004
89564  17.438  -5.263  77.622 0.1111110002
88441  22.152  -7.650  76.342 0.2222220004
87206  22.345  -8.146  75.286 0.1111110002
101049  21.850  -7.100  76.740 0.2222220004
87223  16.891  -5.506  76.873 0.1111110002
100619  22.451  -7.863  75.534 0.2222220004
88076  21.546  -8.058  74.418 0.2222220004
87219  17.233  -7.726  74.533 0.1111110002
88103  20.112  -8.682  73.480 0.1111110002
88191  19.580  -8.194  73.551 0.1111110002
100528  18.868  -8.380  73.728 0.1111110002
87217  17.588  -8.649  74.365 0.1111110002
42191  40.147  -6.433  71.653 0.1111110002
44516  38.092  -4.365  70.554 0.2222220004
42141  17.092  -6.269  75.633 0.1111110002
87222  16.928  -5.941  76.415 0.1111110002
89145  17.228  -6.340  75.063 0.1111110002
42128  17.057  -6.083  76.207 0.1111110002
100469  22.180  -7.243  76.202 0.2222220004
40997  16.973  -6.848  75.080 0.1111110002
100803  20.528  -8.024  73.657 0.1111110002
100489  19.692  -7.945  73.472 0.2222220004
88064  22.067  -7.910  74.756 0.2222220004
100902  21.316  -7.757  74.039 0.2222220004
103913  19.784  -7.824  73.372 0.2222220004
43343  39.437  -4.925  71.050 0.1111110002
45479  37.685  -3.472  71.102 0.1111110002
45480  36.951  -3.101  70.677 0.2222220004
88590  17.466  -6.928  74.552 0.1111110002
88794  18.150  -7.697  74.110 0.1111110002
100664  19.079  -7.705  73.549 0.2222220004
45467  37.223  -2.644  71.489 0.1111110002
51580  34.152  1.721  46.951 0.1111110002
106780  34.850  1.604  46.960 0.1111110002
51600  33.700  2.559  46.565 0.1111110002
52666  32.846  2.716  46.729 0.1111110002
51579  35.460  1.838  46.715 0.1111110002
51599  34.618  2.326  46.437 0.1111110002
52682  33.241  3.475  46.298 0.1111110002
54631  45.587  5.078  39.910 0.1111110002
103024  44.145  4.987  40.182 0.1111110002
54632  44.725  5.158  39.677 0.1111110002
54652  42.981  5.766  39.673 0.1111110002
55443  42.421  6.354  39.572 0.1111110002
54651  43.798  5.531  39.478 0.1111110002
54650  44.580  5.696  39.006 0.1111110002
54649  45.333  5.415  39.180 0.1111110002
54663  45.814  5.778  38.716 0.1111110002
55442  43.172  6.435  39.106 0.1111110002
54662  46.599  5.751  38.822 0.1111110002
55464  44.592  6.439  38.435 0.1111110002
55461  47.053  6.193  38.309 0.1111110002
55462  46.220  6.241  38.203 0.1111110002
55463  45.430  6.325  38.232 0.1111110002
55475  47.695  6.657  37.789 0.1111110002
55477  45.804  6.836  37.704 0.1111110002
55476  46.651  6.753  37.633 0.1111110002
53834  59.521  4.626  31.091 0.2222220004
96562  52.147  7.324  34.408 0.1111110002
99458  50.876  7.728  34.592 0.1111110002
96737  59.693  5.744  30.601 0.2222220004
56315  53.202  7.042  33.716 0.1111110002
56316  51.429  7.726  34.158 0.1111110002
57105  50.785  8.253  34.057 0.1111110002
54717  59.464  5.612  31.524 0.2222220004
101509  52.595  7.313  33.890 0.1111110002
55540  59.736  6.703  29.995 0.2222220004
92143  59.593  6.468  30.937 0.2222220004
55523  58.916  6.447  31.941 0.2222220004
54739  59.668  6.083  28.533 0.2222220004
55533  59.337  7.069  31.189 0.2222220004
56325  54.561  7.237  32.785 0.1111110002
57120  51.473  8.390  33.610 0.1111110002
92117  55.450  7.549  32.483 0.1111110002
56327  52.789  7.696  33.260 0.1111110002
56328  52.072  7.756  33.656 0.1111110002
55532  59.639  7.300  30.248 0.2222220004
56338  58.941  7.991  31.039 0.2222220004
57133  54.108  8.198  32.647 0.1111110002
57118  53.255  8.355  32.810 0.1111110002
55555  59.757  6.944  29.020 0.2222220004
56337  59.503  7.816  30.440 0.1111110002
56340  57.081  8.064  31.632 0.1111110002
90614  56.229  7.788  32.086 0.1111110002
57132  54.944  8.244  32.524 0.1111110002
56362  59.743  7.914  28.480 0.2222220004
57169  59.672  9.058  28.939 0.1111110002
57144  58.049  8.546  31.344 0.1111110002
57130  56.429  8.726  31.819 0.1111110002
57131  55.677  8.456  32.251 0.1111110002
97780  54.615  8.899  32.580 0.1111110002
57943  59.303  9.833  29.388 0.1111110002
96026  58.052  9.510  31.048 0.1111110002
57932  57.259  9.061  31.447 0.1111110002
57930  58.588  10.102  30.194 0.1111110002
57914  56.714  9.857  31.787 0.1111110002
99363  55.963  9.295  32.190 0.1111110002
96510  58.802  10.719  29.165 0.1111110002
58681  58.293  11.071  29.691 0.1111110002
57155  55.515  8.927  30.634 0.1111110002
94987  55.297  9.144  32.439 0.1111110002
57917  53.888  9.197  32.725 0.1111110002
58671  57.408  10.739  31.310 0.1111110002
57916  54.782  9.736  32.618 0.1111110002
58697  58.607  11.076  27.837 0.1111110002
58680  58.391  11.443  28.412 0.1111110002
57931  57.918  10.416  30.716 0.1111110002
57915  55.812  10.171  32.448 0.1111110002
57980  58.310  10.628  27.429 0.1111110002
59401  57.875  12.087  29.191 0.1111110002
97404  57.437  11.669  31.095 0.1111110002
58717  57.532  11.948  28.191 0.1111110002
59416  57.631  12.111  28.556 0.1111110002
59390  57.554  12.470  30.092 0.1111110002
58658  56.782  11.189  31.922 0.1111110002
57944  56.267  11.304  29.384 0.1111110002
57945  55.424  9.996  30.578 0.1111110002
91275  54.505  10.045  30.761 0.1111110002
58661  54.111  10.253  32.806 0.1111110002
58660  54.949  10.743  32.680 0.1111110002
59391  57.128  12.570  31.081 0.1111110002
59386  56.526  12.111  32.027 0.1111110002
58659  55.896  11.360  32.530 0.1111110002
60242  57.326  13.183  29.142 0.1111110002
60227  57.299  13.448  29.808 0.1111110002
58682  56.477  12.773  28.766 0.1111110002
60244  56.329  14.208  29.435 0.1111110002
60243  56.967  14.010  29.421 0.1111110002
58683  55.526  12.058  29.724 0.1111110002
59402  55.909  13.463  29.179 0.1111110002
106438  55.267  10.852  30.425 0.1111110002
59403  54.870  12.544  30.179 0.1111110002
58684  54.540  11.076  30.644 0.1111110002
59387  56.037  12.457  32.509 0.1111110002
60228  56.842  13.761  30.437 0.1111110002
60219  56.578  13.144  31.642 0.1111110002
61003  55.965  14.590  30.043 0.1111110002
61002  56.379  14.451  30.031 0.1111110002
60245  55.340  14.005  29.916 0.1111110002
59404  53.905  11.643  30.738 0.1111110002
60220  56.085  13.630  32.205 0.1111110002
60985  56.288  14.203  31.077 0.1111110002
44423  28.328  -4.770  80.564 0.1111110002
43282  30.249  -5.010  79.610 0.1111110002
42100  30.879  -5.252  79.181 0.1111110002
42099  31.308  -6.039  78.508 0.1111110002
44424  27.481  -4.614  80.868 0.1111110002
42093  30.128  -6.336  79.465 0.1111110002
88607  24.715  -3.736  82.237 0.1111110002
43289  31.423  -4.883  78.723 0.1111110002
44443  31.125  -4.650  78.453 0.1111110002
44444  30.332  -4.624  78.783 0.1111110002
44415  25.838  -4.033  82.084 0.1111110002
105961  26.436  -4.171  80.885 0.1111110002
87208  23.089  -5.964  80.398 0.1111110002
89953  21.804  -7.720  77.300 0.1111110002
87202  22.892  -7.953  77.834 0.1111110002
43307  32.809  -4.657  76.963 0.1111110002
43305  34.473  -5.253  76.244 0.1111110002
42136  35.852  -5.971  75.339 0.1111110002
51581  33.331  1.785  47.044 0.1111110002
53846  59.569  4.631  29.988 0.2222220004
52707  39.209  3.844  43.918 0.1111110002
88668  22.273  -7.155  77.907 0.1111110002
100960  21.714  -7.658  77.083 0.2222220004
56339  57.944  7.580  31.631 0.1111110002
55534  58.728  7.180  31.592 0.2222220004
43291  28.910  -4.861  78.761 0.1111110002
88944  23.766  -3.619  82.334 0.1111110002
88586  22.443  -4.105  81.640 0.1111110002
44433  27.004  -4.316  79.983 0.1111110002
45418  27.864  -4.638  79.373 0.1111110002
88534  23.046  -4.320  82.346 0.1111110002
52699  39.817  3.795  44.631 0.1111110002
43283  29.527  -4.909  80.076 0.1111110002
42088  28.249  -6.280  81.025 0.1111110002
43274  27.543  -5.544  81.273 0.1111110002
42084  27.209  -6.728  81.396 0.1111110002
40922  26.483  -7.382  81.400 0.1111110002
40933  27.448  -7.885  80.816 0.1111110002
39896  26.194  -7.761  80.926 0.1111110002
39895  27.381  -8.148  80.579 0.1111110002
38741  26.581  -8.801  79.624 0.1111110002
91817  27.145  -9.287  78.870 0.1111110002
93899  25.566  -5.207  82.283 0.1111110002
101148  25.084  -3.993  82.414 0.1111110002
42082  24.915  -6.109  82.398 0.1111110002
39886  25.810  -7.470  81.564 0.1111110002
38742  25.609  -8.898  79.516 0.1111110002
39897  25.189  -7.571  81.369 0.1111110002
37656  26.655  -10.999  77.064 0.1111110002
37641  26.427  -10.514  77.545 0.1111110002
37631  25.865  -10.157  78.005 0.1111110002
37642  25.812  -10.752  77.255 0.1111110002
97110  23.980  -6.137  82.570 0.1111110002
38750  26.172  -9.463  78.773 0.1111110002
37658  24.804  -10.260  76.081 0.1111110002
42119  34.675  -6.305  76.230 0.1111110002
45409  28.842  -4.578  79.628 0.1111110002
44422  29.034  -4.733  80.085 0.1111110002
87204  22.952  -7.202  78.568 0.1111110002
38757  24.144  -9.103  77.464 0.1111110002
87210  23.991  -7.068  81.149 0.1111110002
89277  24.892  -8.724  79.218 0.1111110002
37674  24.200  -10.365  75.404 0.1111110002
105146  21.233  -8.160  74.110 0.1111110002
102470  18.297  -8.724  74.050 0.1111110002
54664  45.149  5.882  38.684 0.1111110002
55441  43.952  6.149  38.860 0.1111110002
56326  53.591  7.477  32.971 0.1111110002
54724  59.743  5.892  29.558 0.2222220004
107153  59.557  5.340  27.950 0.2222220004
95301  59.713  7.627  29.331 0.2222220004
102488  59.717  8.518  28.686 0.2222220004
57152  59.493  8.665  30.046 0.1111110002
56347  59.668  8.154  29.572 0.1111110002
89972  59.715  9.218  28.134 0.1111110002
57143  58.774  9.088  30.556 0.1111110002
104713  57.455  9.892  31.290 0.1111110002
58670  57.813  11.425  30.412 0.1111110002
59415  58.141  11.482  27.871 0.1111110002
58715  58.456  10.867  27.599 0.1111110002
58696  58.933  10.558  27.617 0.1111110002
58716  57.939  11.342  27.677 0.1111110002
58698  57.307  11.559  28.228 0.1111110002
58699  56.998  12.219  28.408 0.1111110002
59417  57.142  12.711  28.680 0.1111110002
59418  56.808  13.669  28.877 0.1111110002
43290  30.768  -4.742  79.143 0.1111110002
44432  29.811  -4.756  79.522 0.1111110002
88960  23.011  -5.495  81.857 0.1111110002
87212  24.155  -6.795  82.113 0.1111110002
39887  24.862  -7.134  82.175 0.1111110002
47457  38.176  -1.562  71.338 0.1111110002
47473  39.557  -1.498  70.305 0.1111110002
47474  38.661  -1.156  70.809 0.1111110002
47459  36.348  -1.067  71.787 0.1111110002
47491  40.027  -1.521  69.534 0.1111110002
53582  50.079  4.928  51.394 0.1111110002
53603  50.174  4.524  50.579 0.1111110002
48435  37.200  -0.458  71.562 0.1111110002
48454  37.768  0.161  70.999 0.1111110002
48436  36.516  -0.083  71.652 0.1111110002
50324  35.445  1.378  71.426 0.1111110002
48437  35.651  -0.265  71.685 0.1111110002
53602  51.062  4.728  50.580 0.1111110002
50323  36.125  1.541  71.478 0.1111110002
50322  36.905  1.568  71.477 0.1111110002
49391  37.110  0.676  71.392 0.1111110002
50348  34.736  2.277  70.192 0.1111110002
50337  34.977  1.629  71.163 0.1111110002
53601  51.878  4.884  50.615 0.1111110002
50335  36.818  2.280  71.399 0.1111110002
51344  35.654  2.460  70.871 0.1111110002
52410  35.766  3.404  69.809 0.1111110002
52411  34.886  3.144  69.565 0.1111110002
53600  52.405  5.376  50.735 0.1111110002
53616  54.435  5.042  49.766 0.1111110002
105601  55.323  3.359  41.214 0.1111110002
52754  54.465  3.570  39.570 0.1111110002
52738  54.695  3.434  40.506 0.1111110002
93325  53.933  3.372  40.857 0.1111110002
53615  55.131  5.239  49.421 0.1111110002
52687  55.613  3.214  46.010 0.1111110002
51623  53.375  2.438  44.715 0.1111110002
105045  53.477  2.582  44.110 0.1111110002
51622  54.316  2.533  44.494 0.1111110002
51634  54.113  2.813  43.708 0.1111110002
107622  54.983  2.947  43.568 0.1111110002
51666  58.436  2.365  41.087 0.1111110002
52718  56.224  3.386  42.414 0.1111110002
52753  55.313  3.505  39.923 0.1111110002
91465  55.276  3.537  39.027 0.1111110002
52673  56.500  4.017  47.054 0.1111110002
51604  54.905  2.672  45.196 0.1111110002
51603  55.906  2.976  45.089 0.1111110002
51633  55.076  2.774  44.117 0.1111110002
51632  55.627  3.093  43.772 0.1111110002
52716  57.362  3.354  41.972 0.1111110002
52771  56.327  3.340  38.805 0.1111110002
51691  57.142  2.820  38.397 0.1111110002
52770  57.343  2.749  39.575 0.1111110002
106257  57.801  2.308  40.272 0.1111110002
52672  56.847  4.455  46.762 0.1111110002
51621  55.261  2.721  44.614 0.1111110002
51620  55.787  2.989  44.418 0.1111110002
51689  59.071  1.212  38.877 0.1111110002
51690  58.012  1.857  38.946 0.1111110002
50617  59.915  0.468  38.040 0.1111110002
50616  60.265  0.898  38.354 0.1111110002
49688  60.100  0.672  37.366 0.1111110002
52768  60.145  2.534  38.252 0.1111110002
51777  60.785  2.001  32.189 0.1111110002
52871  60.269  2.330  31.000 0.1111110002
52917  59.537  3.400  27.640 0.1111110002
53872  59.411  4.206  26.813 0.1111110002
97766  59.393  5.125  27.160 0.1111110002
53873  57.530  4.814  26.054 0.1111110002
53862  57.152  4.860  27.172 0.1111110002
53863  56.700  4.631  28.305 0.1111110002
52851  60.392  2.411  31.875 0.1111110002
52905  59.626  3.453  29.653 0.1111110002
98399  59.652  4.912  28.825 0.1111110002
106166  59.619  4.439  27.727 0.1111110002
54764  58.951  5.956  27.114 0.1111110002
55576  59.011  7.070  26.877 0.1111110002
56373  59.296  8.045  27.000 0.1111110002
90834  59.504  8.700  27.330 0.1111110002
54766  58.196  5.392  26.347 0.1111110002
55572  58.639  7.056  26.889 0.1111110002
105349  58.941  7.955  26.578 0.1111110002
55573  58.622  6.605  26.578 0.1111110002
54755  57.872  5.781  26.893 0.1111110002
54740  57.528  6.094  28.273 0.1111110002
103068  55.988  5.155  29.609 0.1111110002
55565  59.677  7.105  28.102 0.1111110002
56368  59.647  8.021  27.718 0.1111110002
56374  58.803  7.660  26.690 0.1111110002
57992  59.205  9.243  26.935 0.1111110002
56369  58.730  8.565  26.859 0.1111110002
52598  49.357  4.211  50.623 0.1111110002
53583  49.352  4.551  51.333 0.1111110002
107364  58.379  1.584  38.368 0.1111110002
94661  56.225  3.344  44.855 0.1111110002
49666  59.747  0.661  38.593 0.1111110002
52685  56.627  4.028  45.730 0.1111110002
52698  56.455  3.808  44.672 0.1111110002
50609  60.071  0.996  39.273 0.1111110002
51688  60.307  1.715  38.784 0.1111110002
51679  58.303  1.845  39.998 0.1111110002
51646  58.275  2.694  41.352 0.1111110002
50592  59.291  1.673  40.510 0.1111110002
52751  57.426  2.842  40.538 0.1111110002
50599  59.938  1.297  40.022 0.1111110002
52737  55.789  3.420  40.685 0.1111110002
101530  58.127  2.944  41.688 0.1111110002
52652  56.465  4.662  47.890 0.1111110002
52651  56.907  4.860  47.507 0.1111110002
94054  56.666  3.580  42.804 0.1111110002
52706  56.288  3.477  43.327 0.1111110002
51677  60.219  2.139  39.974 0.1111110002
51664  59.567  1.666  40.367 0.1111110002
51657  58.894  1.991  40.948 0.1111110002
50492  32.123  1.788  51.507 0.1111110002
57176  59.760  8.701  28.040 0.1111110002
102110  59.615  4.181  29.286 0.1111110002
49592  31.596  0.719  52.101 0.1111110002
48434  37.984  -0.806  71.289 0.1111110002
46507  39.826  -2.392  70.589 0.1111110002
52719  55.416  3.325  41.981 0.1111110002
92313  54.603  3.323  41.366 0.1111110002
52726  56.168  3.380  41.581 0.1111110002
52739  53.589  3.548  40.082 0.1111110002
94316  58.189  2.224  40.690 0.1111110002
52724  57.719  3.045  41.665 0.1111110002
52735  57.722  2.802  41.254 0.1111110002
52725  56.838  3.171  41.782 0.1111110002
52717  56.815  3.521  42.474 0.1111110002
51631  56.159  3.362  43.221 0.1111110002
52752  56.358  3.375  39.949 0.1111110002
104785  55.895  4.167  47.829 0.1111110002
52686  56.414  3.669  45.877 0.1111110002
106089  58.623  1.521  39.485 0.1111110002
50631  59.622  0.676  38.010 0.1111110002
94161  59.647  3.688  28.640 0.1111110002
105292  59.611  3.002  28.459 0.1111110002
98597  58.935  4.836  26.555 0.1111110002
54741  56.827  5.310  29.082 0.1111110002
55571  59.346  7.150  27.370 0.1111110002
54765  58.443  5.561  26.544 0.1111110002
56378  59.001  8.020  26.572 0.1111110002
57183  59.174  8.573  26.780 0.1111110002
57184  59.036  8.494  26.623 0.1111110002
55566  58.253  6.839  27.343 0.1111110002
55556  57.732  7.132  28.431 0.1111110002
54725  55.379  5.531  30.045 0.1111110002
51678  59.074  1.375  39.875 0.1111110002
103855  56.176  3.464  44.075 0.1111110002
52736  56.790  3.262  41.033 0.1111110002
51619  56.042  3.326  43.962 0.1111110002
38770  38.137  -9.765  74.828 0.1111110002
39868  5.364  -7.886  85.199 0.1111110002
39885  26.725  -7.786  80.922 0.1111110002
40904  4.807  -8.091  84.793 0.1111110002
40923  25.245  -7.033  82.190 0.1111110002
40992  28.568  -7.131  75.666 0.8888890147
42078  4.709  -7.263  84.313 0.1111110002
42087  28.932  -6.835  80.603 0.1111110002
42149  29.337  -6.556  74.826 0.6666669846
43241  13.173  -4.800  89.196 0.2222220004
43242  12.493  -5.097  89.176 0.2222220004
43244  14.746  -5.240  87.966 0.1111110002
43270  26.198  -4.412  82.029 0.1111110002
43278  28.914  -5.626  80.461 0.1111110002
43378  31.307  -5.702  69.657 0.8888890147
43392  29.686  -5.819  68.718 0.7777780294
43483  28.039  -5.661  58.292 0.1111110002
44414  26.702  -4.464  81.477 0.1111110002
44445  29.230  -4.607  79.058 0.1111110002
44446  28.325  -4.631  79.071 0.1111110002
44469  34.213  -4.663  75.381 0.3333329856
44472  32.133  -4.216  75.258 0.4444440007
45366  13.436  -2.852  87.343 0.1111110002
45367  14.441  -4.146  87.145 0.1111110002
45369  13.057  -3.742  87.445 0.1111110002
45402  26.600  -4.290  81.372 0.1111110002
45410  28.018  -4.515  79.770 0.1111110002
45417  28.473  -4.609  79.298 0.1111110002
45530  34.687  -2.987  67.160 0.8888890147
46402  13.892  -3.516  87.218 0.1111110002
46404  11.104  -2.146  87.901 0.3333329856
46428  11.547  -2.862  83.560 0.4444440007
46508  36.508  -2.253  71.136 0.3333329856
46533  35.206  -2.375  68.690 0.6666669846
46555  33.921  -1.626  67.383 0.8888890147
47382  11.491  -1.721  87.790 0.3333329856
47393  15.172  -1.392  84.965 0.1111110002
47396  17.250  -0.731  84.362 0.1111110002
47397  15.713  -1.356  84.415 0.1111110002
47411  13.634  -1.646  81.431 0.4444440007
47475  35.207  -1.095  70.876 0.1111110002
48330  11.903  -1.177  87.176 0.2222220004
48333  13.405  -1.004  86.770 0.1111110002
48337  10.610  -0.385  86.669 0.4444440007
48340  14.047  -0.775  86.309 0.1111110002
48342  10.240  -0.526  86.385 0.5555559993
48343  17.774  0.791  85.077 0.1111110002
48346  10.932  0.090  85.597 0.6666669846
48358  13.854  -0.531  82.429 0.4444440007
48438  35.138  -0.009  71.523 0.2222220004
48471  34.120  -0.162  69.357 0.1111110002
48498  33.083  -0.521  66.881 0.8888890147
48519  32.155  -0.355  63.613 1.0000000000
49282  13.016  1.340  87.010 0.3333329856
49283  12.093  0.904  87.139 0.3333329856
49284  11.029  1.034  87.189 0.3333329856
49285  10.889  0.007  86.916 0.3333329856
49286  14.997  1.005  86.169 0.2222220004
49289  10.368  1.112  86.837 0.4444440007
49290  17.695  1.335  85.053 0.1111110002
49291  17.122  0.865  85.154 0.1111110002
49295  10.811  0.674  86.166 0.6666669846
49296  10.364  0.067  86.570 0.6666669846
49297  16.638  2.044  83.659 0.2222220004
49298  15.673  1.786  83.728 0.4444440007
49300  12.777  0.547  84.778 0.5555559993
49301  11.946  0.263  85.231 0.6666669846
49308  14.420  0.316  82.724 0.5555559993
49392  36.281  0.725  71.593 0.1111110002
49393  35.489  0.708  71.554 0.1111110002
49408  34.669  0.800  71.003 0.2222220004
49416  34.139  0.720  69.435 0.3333329856
49687  60.092  0.533  37.986 0.1111110002
50227  14.871  1.803  86.045 0.2222220004
50228  13.078  2.118  86.820 0.3333329856
50229  12.205  2.228  87.006 0.3333329856
50232  17.448  1.744  85.017 0.1111110002
50235  11.944  2.003  86.364 0.3333329856
50236  11.030  1.517  86.682 0.4444440007
50237  17.179  2.228  84.389 0.2222220004
50238  16.371  2.273  84.379 0.2222220004
50240  13.192  1.350  85.131 0.5555559993
50242  14.625  1.363  84.074 0.5555559993
50336  35.970  2.046  71.303 0.1111110002
50380  32.680  1.180  66.385 0.6666669846
50600  59.593  1.493  40.175 0.1111110002
50610  59.674  1.078  39.526 0.1111110002
50611  59.197  1.287  40.317 0.1111110002
50618  59.794  0.599  38.634 0.1111110002
50629  60.360  0.904  37.483 0.1111110002
51243  13.942  2.031  86.173 0.3333329856
51245  12.064  2.215  86.790 0.3333329856
51246  17.292  2.084  84.762 0.1111110002
51247  16.755  2.179  85.018 0.1111110002
51251  14.781  2.254  85.290 0.2222220004
51410  33.854  2.196  62.069 0.8888890147
51665  58.930  1.736  40.587 0.1111110002
51694  60.420  1.716  37.843 0.1111110002
51695  58.795  1.354  37.852 0.1111110002
52424  35.397  3.738  69.098 0.1111110002
52519  34.720  3.219  59.464 1.0000000000
53470  35.249  4.468  63.665 0.5555559993
54423  35.719  5.571  58.211 1.0000000000
54489  51.897  5.872  51.156 0.2222220004
54754  59.392  6.148  27.681 0.1111110002
54756  57.309  5.248  28.056 0.1111110002
55321  49.999  7.111  56.016 0.1111110002
55375  52.072  5.863  50.961 0.2222220004
55411  57.234  5.531  41.715 0.3333329856
56848  37.761  8.639  62.555 0.4444440007
56902  37.367  8.395  58.448 0.5555559993
56918  39.471  9.209  57.666 0.4444440007
57621  41.343  9.987  62.219 0.1111110002
57636  38.225  9.183  62.199 0.4444440007
57648  38.505  9.674  59.999 0.4444440007
57656  47.033  9.848  59.555 0.1111110002
57672  39.419  9.589  58.335 0.4444440007
57683  44.405  9.662  57.857 0.2222220004
57684  43.416  9.411  57.833 0.3333329856
58429  39.419  10.210  62.882 0.3333329856
58446  44.163  11.019  60.955 0.1111110002
58447  39.658  10.900  60.961 0.3333329856
58469  45.757  10.574  60.143 0.1111110002
58470  44.971  10.556  59.694 0.1111110002
59161  41.102  11.459  60.303 0.1111110002
87227  15.975  -0.106  81.251 0.4444440007
87229  17.961  1.751  83.718 0.1111110002
88139  16.965  -0.363  81.276 0.4444440007
88533  18.548  0.965  84.501 0.1111110002
88676  25.490  -3.870  81.677 0.1111110002
88866  16.941  1.664  83.022 0.2222220004
89034  18.007  1.133  83.138 0.3333329856
91736  27.345  -4.443  80.489 0.1111110002
92753  17.774  -2.440  81.474 0.1111110002
93435  31.972  0.321  65.485 0.8888890147
95922  38.920  8.372  56.839 0.6666669846
96049  26.916  -4.809  81.459 0.1111110002
96223  34.245  -6.820  67.646 0.8888890147
96948  34.027  2.454  68.311 0.2222220004
98188  15.711  0.147  85.234 0.1111110002
98470  42.392  10.524  58.847 0.1111110002
99041  28.906  -4.928  80.387 0.1111110002
99092  13.786  2.112  85.846 0.5555559993
99605  15.001  -4.358  86.119 0.1111110002
100595  17.599  -1.067  80.814 0.3333329856
100999  17.369  -0.787  82.858 0.2222220004
101566  36.044  6.849  60.681 0.7777780294
101887  35.590  4.990  59.182 1.0000000000
101891  10.251  -2.659  85.242 0.5555559993
102362  35.237  -5.470  66.569 1.0000000000
103378  10.352  1.091  87.082 0.4444440007
103818  15.689  2.016  85.473 0.2222220004
104462  5.092  -8.335  84.380 0.1111110002
104555  12.420  -4.211  87.531 0.2222220004
105059  53.230  5.039  44.963 0.6666669846
105471  17.607  0.139  81.793 0.4444440007
105714  27.977  -6.844  60.747 0.1111110002
106042  37.323  1.465  71.281 0.1111110002
106329  40.207  10.592  59.154 0.2222220004
106603  34.915  3.907  60.276 1.0000000000
107203  36.155  -1.379  71.728 0.1111110002
107275  7.606  -4.112  80.567 0.1111110002
