global_signal	global_signal_derivative1	global_signal_derivative1_power2	global_signal_power2	csf	csf_derivative1	csf_power2	csf_derivative1_power2	white_matter	white_matter_derivative1	white_matter_power2	white_matter_derivative1_power2	csf_wm	tcompcor	std_dvars	dvars	framewise_displacement	rmsd	t_comp_cor_00	t_comp_cor_01	t_comp_cor_02	t_comp_cor_03	t_comp_cor_04	c_comp_cor_00	c_comp_cor_01	c_comp_cor_02	c_comp_cor_03	c_comp_cor_04	c_comp_cor_05	c_comp_cor_06	c_comp_cor_07	c_comp_cor_08	w_comp_cor_00	w_comp_cor_01	w_comp_cor_02	w_comp_cor_03	w_comp_cor_04	w_comp_cor_05	w_comp_cor_06	w_comp_cor_07	w_comp_cor_08	w_comp_cor_09	w_comp_cor_10	w_comp_cor_11	w_comp_cor_12	w_comp_cor_13	w_comp_cor_14	w_comp_cor_15	w_comp_cor_16	w_comp_cor_17	w_comp_cor_18	w_comp_cor_19	w_comp_cor_20	a_comp_cor_00	a_comp_cor_01	a_comp_cor_02	a_comp_cor_03	a_comp_cor_04	a_comp_cor_05	a_comp_cor_06	a_comp_cor_07	a_comp_cor_08	a_comp_cor_09	a_comp_cor_10	a_comp_cor_11	a_comp_cor_12	a_comp_cor_13	a_comp_cor_14	a_comp_cor_15	a_comp_cor_16	a_comp_cor_17	a_comp_cor_18	edge_comp_00	edge_comp_01	edge_comp_02	edge_comp_03	edge_comp_04	edge_comp_05	edge_comp_06	edge_comp_07	edge_comp_08	edge_comp_09	edge_comp_10	edge_comp_11	edge_comp_12	edge_comp_13	edge_comp_14	edge_comp_15	edge_comp_16	edge_comp_17	edge_comp_18	edge_comp_19	edge_comp_20	edge_comp_21	edge_comp_22	edge_comp_23	cosine00	cosine01	trans_x	trans_x_derivative1	trans_x_derivative1_power2	trans_x_power2	trans_y	trans_y_derivative1	trans_y_derivative1_power2	trans_y_power2	trans_z	trans_z_derivative1	trans_z_derivative1_power2	trans_z_power2	rot_x	rot_x_derivative1	rot_x_derivative1_power2	rot_x_power2	rot_y	rot_y_derivative1	rot_y_derivative1_power2	rot_y_power2	rot_z	rot_z_derivative1	rot_z_derivative1_power2	rot_z_power2	motion_outlier00	motion_outlier01	motion_outlier02	motion_outlier03	motion_outlier04	motion_outlier05	motion_outlier06	motion_outlier07	motion_outlier08	motion_outlier09	motion_outlier10	motion_outlier11	motion_outlier12	motion_outlier13	motion_outlier14	motion_outlier15	motion_outlier16	motion_outlier17	motion_outlier18	motion_outlier19	motion_outlier20	motion_outlier21	motion_outlier22	motion_outlier23	motion_outlier24
796.949750293042	n/a	n/a	635128.904492142	1056.9660260069604	n/a	1117177.1801329465	n/a	745.4058007261807	n/a	555629.8077562386	n/a	839.6204916886458	881.8972272464738	n/a	n/a	n/a	n/a	-0.1309648508	-0.0656708499	-0.0586045995	0.151178065	-0.0966699302	-0.0446888635	0.2775581469	-0.0317334293	0.0218360581	-0.0322806134	0.2504733905	-0.0260569934	0.0568106925	0.0106833328	0.0247490458	-0.004201326	0.1443063876	-0.0501010306	0.0606670402	-0.1010584184	0.1058528485	-0.1901304204	0.0567817951	-0.0298024938	0.0398218219	-0.2063482213	0.0497454484	-0.2614382507	0.1385028508	-0.0195224392	0.0805765733	-0.0216852364	-0.0700381986	0.2026613057	0.0561588551	-0.1165480884	0.1336143758	-0.0509707293	0.0960509946	-0.1820906368	0.0629027558	-0.1595998964	-0.0759662198	0.0543221655	-0.1863602988	0.1446478289	-0.0732514788	0.0605301853	-0.017658614	0.1917797577	-0.1291976781	0.0445978682	-0.0104429396	0.1960401829	-0.1011306795	0.102478829	-0.2199817965	0.0180284917	-0.0448976773	0.3460688802	-0.071382596	0.0376064173	-0.0488583598	0.1181711548	-0.0086359076	0.1080416094	-0.0804035646	0.0708748765	-0.0664786772	0.0739760252	-0.2425505669	0.0171590086	-0.2731178746	0.0732070828	-0.0714135145	0.0796758596	-0.153196519	0.049637802	0.153366806	0.1532882396	-0.0121026805647943	n/a	n/a	0.0001464748768534	-0.0552134135833597	n/a	n/a	0.0030485210395271	0.2884929300887222	n/a	n/a	0.0832281707111763	-0.0001670000650355	n/a	n/a	2.7889021721861237e-08	-0.000314999969661	n/a	n/a	9.922498088643093e-08	-2.627465658922284e-08	n/a	n/a	6.9035757888159135e-16	0.0	0.0	0.0	0.0	0.0	0.0	0.0	0.0	0.0	0.0	0.0	0.0	0.0	0.0	0.0	0.0	0.0	0.0	0.0	0.0	0.0	0.0	0.0	0.0	0.0
796.8879583206112	-0.0617919724307967	0.0038182478568883	635030.4181163922	1051.3715096268	-5.594516380160485	1105382.0512549365	31.298613527883976	747.4137529645648	2.007952238384064	558627.3181205754	4.031872191631573	841.7459791288601	854.1118004646746	1.893928	38.751255	0.1398123686970561	0.0721073255754949	0.1506081005	0.0187323619	-0.0134782045	0.0241819304	-0.087528191	-0.0507506028	0.0108795017	-0.0266223167	0.1249002105	-0.2326446266	0.1002333723	0.0926242602	-0.0074153955	-0.0896499523	-0.0285194368	-0.158580456	0.1136771557	-0.1408062704	-0.1109195159	0.0859582159	-0.0640175936	0.0374518363	0.1097337432	-0.0004053703	0.153735607	-0.0856152965	0.2231854841	-0.0650251934	0.1277394866	0.1471551444	-0.1165244871	-0.0928696695	0.0160868432	0.0683223966	0.066146961	0.0296751865	-0.1725264175	-0.0466684365	0.1529462524	-0.1933102692	-0.0139063051	-0.1129177342	0.0080304596	0.1064439985	0.1036449874	0.2217680509	0.1229858972	0.1031168709	0.0750812492	0.0545848496	-0.2041266479	0.1310346029	-0.1259848031	-0.0145004036	-0.0449527275	0.1058665493	-0.2769115021	-0.1587035964	-0.0055498204	0.173802254	-0.0598561583	0.0522249459	-0.1786015506	0.2854906035	0.0879343174	0.0538600666	-0.008087905	0.0637699323	-0.0224975602	-0.1740050839	0.0559533994	-0.2246793213	0.0133257539	-0.1220570518	0.0385598169	-0.2638407703	0.2459430612	-0.0475702423	0.1531573254	0.1524510324	-0.0083676757283654	0.0037350048364288	1.3950261128147265e-05	7.001799709507544e-05	-0.0830705437471692	-0.0278571301638095	0.0007760197009634	0.0069007152384503	0.3456233944039155	0.0571304643151933	0.0032638899528695	0.1194555307592845	-0.0004444119807543	-0.0002774119157188	7.695737098277462e-08	1.9750200863796038e-07	-0.0008520462682766	-0.0005370462986156	2.8841872685671625e-07	7.259828432840799e-07	0.0002073108986415	0.000207337173298	4.298870343124188e-08	4.297780869554628e-08	1.0	0.0	0.0	0.0	0.0	0.0	0.0	0.0	0.0	0.0	0.0	0.0	0.0	0.0	0.0	0.0	0.0	0.0	0.0	0.0	0.0	0.0	0.0	0.0	0.0
797.9467169807479	1.0587586601366183	1.1209699004142872	636718.9631403537	1049.1635024126838	-2.208007214116151	1100744.0547948496	4.8752958575889656	748.4758488934739	1.062095928909116	560216.0963768064	1.1280477622053182	841.6755669861641	851.0399892784742	1.565699	32.035423	0.1822731504259464	0.1075127037116152	-0.0427237891	-0.1823286273	-0.0075774383	0.0453348391	-0.0438725028	-0.0244175371	-0.0689684326	-0.0948353911	0.2129109649	-0.0015111233	0.1176452543	0.0496175475	0.0785166676	-0.1026908071	0.0478904772	-0.0458730938	-0.1273949094	0.0025974976	-0.0739229288	-0.132602982	-0.006172602	0.0804293631	0.0477092087	-0.0444233033	0.0420037657	0.0720197947	-0.1234824798	-0.014508614	0.0951567493	0.011847587	0.0968293918	0.1118265156	-0.0411266831	-0.0990377882	0.0018917761	-0.0117488624	-0.1242864593	-0.0718150359	-0.0691418604	-0.1239223146	-0.0036502781	0.0028640364	-0.0617432391	0.0246908306	-0.1309714277	-0.0156656713	0.0854026145	0.0565147179	0.0531675086	0.0167867549	0.0231661262	0.0354101113	0.2102682235	-0.1630163949	-0.0632278411	0.0496665444	-0.1023781794	-0.0840786025	-0.1227468446	0.1205422444	0.0390196865	0.0517086301	-0.1929659216	0.1403381362	0.0694933888	0.1028999743	-0.130522462	0.0236791201	-0.0186503833	0.0724028603	0.1477941615	0.0596609603	0.0293090426	0.0964856795	0.2465225652	0.0252204398	-0.0341910217	0.1877063225	0.1527386503	0.1507811905	0.0070624315287375	0.0154301072571029	0.0002380882099656	4.98779390981055e-05	-0.0458137662233752	0.037256777523794	0.0013880674714574	0.00209890117557	0.2530561842643948	-0.0925672101395206	0.0085686883930141	0.0640374323944553	9.517403089717695e-05	0.0005395860116514	2.9115306396994786e-07	9.058096157216794e-09	-0.0008519804614093	6.580686730001811e-08	4.330543783842193e-15	7.258707066232037e-07	0.0004080401902333	0.0002007292915918	4.0292248502945884e-08	1.6649679684562765e-07	0.0	1.0	0.0	0.0	0.0	0.0	0.0	0.0	0.0	0.0	0.0	0.0	0.0	0.0	0.0	0.0	0.0	0.0	0.0	0.0	0.0	0.0	0.0	0.0	0.0
798.5317572054704	0.5850402247225475	0.3422720645434088	637652.9672656563	1054.6074378817689	5.4439354690850905	1112196.848035549	29.636433391562704	748.4708449284833	-0.0050039649905784	560208.6057079576	2.503966562693453e-05	841.5352685883289	848.4474058633648	1.422691	29.109367	0.048360128515465	0.0332159961581381	-0.1468529403	0.0489800105	0.0985361481	0.0632237686	0.0253864623	0.0811775215	0.1862615903	0.0277037754	-0.0264179424	-0.0083231773	0.1196863106	-0.0067001507	-0.0174898253	0.0290736597	0.0137017791	-0.0442525926	0.0095934226	0.0101676363	0.0914281683	-0.1898921007	-0.1953303609	0.0210211316	0.0157708913	0.1121791675	0.1946535933	0.0693151055	-0.1091701391	-0.0632639828	-0.0189702552	0.0696168165	0.0440101737	0.1697429194	-0.1853130898	0.1342329508	0.0688576906	-0.1405014033	0.1050728669	-0.0437891495	0.0682514859	-0.0809386359	-0.0599573544	-0.1264648637	0.0183124684	0.0259538021	-0.0837344472	0.1209809762	0.1139986789	-0.0011250092	-0.1952385924	0.1614930404	0.1260082413	0.0363169777	0.1642447716	0.0758205851	-0.0625149024	0.0794088485	-0.1039470661	0.0402656829	-0.03637412	0.2392387956	-0.0535194621	0.0618294378	-0.0457675924	0.0758739431	0.0533417136	0.0883804383	-0.0439004517	0.1144138362	0.0078371387	0.146773973	-0.1612103817	0.1423046951	0.0667809247	0.0182589341	0.0760536428	0.1500836636	0.0412938196	0.0665520802	0.1521113526	0.148287834	0.0070365291682463	-2.590236049119978e-05	6.709322790160673e-10	4.951274273558097e-05	-0.030977628597185	0.0148361376261902	0.0002201109796632	0.0009596134735051	0.2477249106296	-0.0053312736347947	2.842247856905813e-05	0.0613676313464433	-0.0004248442368033	-0.0005200182677004	2.704189987422049e-07	1.804926255449785e-07	-0.0008520772347762	-9.677336690002737e-08	9.365084541167314e-15	7.260356140238554e-07	0.0003648189334209	-4.322125681239999e-05	1.868077040443432e-09	1.3309285418236308e-07	0.0	0.0	0.0	0.0	0.0	0.0	0.0	0.0	0.0	0.0	0.0	0.0	0.0	0.0	0.0	0.0	0.0	0.0	0.0	0.0	0.0	0.0	0.0	0.0	0.0
798.0304549386852	-0.5013022667851601	0.2513039626839398	636852.607009645	1053.5531994688745	-1.0542384128943922	1109974.344111102	1.111418631222087	747.3800629350476	-1.090781993435712	558576.9584727957	1.189805357203586	845.4178327425259	839.8520943014538	1.928731	39.463345	0.3295876344864432	0.1942810073885481	0.1772775843	0.0652782821	-0.1069539723	-0.1896179143	-0.0282845759	-0.1197700294	-0.0852904168	0.1353670907	-0.1298216906	-0.1109333456	-0.0055114402	-0.0848739316	-0.1998307651	-0.0917366309	-0.0620364177	-0.1145469262	0.1387502505	-0.0037158131	0.0587066591	0.2794554754	-0.0871237699	-0.0323113837	0.0420288044	0.0913704988	-0.2300492952	0.2920869381	-0.0346662084	-0.0560959846	-0.0827714686	-0.0344127795	0.0022906799	0.1931291789	-0.1184041184	0.1984559078	0.0086725146	0.1918144009	-0.0107812388	0.0315202596	0.0840674365	0.1390229352	-0.069782017	0.1242488802	0.0402908966	0.0500108884	0.3543587786	0.0701342793	0.0437615774	-0.0335332669	-0.1223847128	0.1445906609	-0.0513415754	0.1657918214	-0.0554534122	-0.0934696206	-0.0010377298	-0.1671700206	-0.0177968514	-0.2596629098	0.0826963807	-0.0890333277	-0.0337626964	0.0600349481	0.0753360035	0.3064200516	0.0017636721	0.0074821476	0.210935795	0.0834724509	0.024670354	-0.1800246399	0.01849312	-0.0458489812	-0.0361423014	0.2231183757	-0.0438654937	0.1313416808	-0.0408606241	-0.0617773384	0.151276289	0.1449845808	-0.0073008469410495	-0.0143373761092958	0.0002055603536994	5.330236605663184e-05	-0.0619144364096087	-0.0309368078124236	0.0009570860776228	0.0038333974359194	0.3219946644179288	0.0742697537883287	0.0055159963277789	0.1036805639136145	-0.0035901768350294	-0.003165332598226	1.001933045739279e-05	1.288936970678172e-05	-0.0012620338107278	-0.0004099565759516	1.6806439416596005e-07	1.5927293394201326e-06	-0.0002607658279293	-0.0006255847613502	3.913562936335867e-07	6.799881701565328e-08	0.0	0.0	1.0	0.0	0.0	0.0	0.0	0.0	0.0	0.0	0.0	0.0	0.0	0.0	0.0	0.0	0.0	0.0	0.0	0.0	0.0	0.0	0.0	0.0	0.0
798.6502275009645	0.6197725622793087	0.3841180289542595	637842.1858873424	1050.8812724094764	-2.671927059398058	1104351.4487009605	7.139194210743554	747.7170758928571	0.3370129578095202	559080.8255817647	0.1135777337315214	846.8393738513856	849.9605624425272	1.327583	27.163376	0.2592175635355899	0.1337125295896872	0.1647005455	-0.0554203498	0.0324898055	-0.0720413454	0.1294786264	-0.1561866114	-0.2065641913	0.0397278248	-0.0659653899	0.042821325	-0.0330653334	0.0346954854	-0.0407940795	-0.1933274338	-0.155635028	-0.1096247843	0.0612630463	0.247991936	0.000349568	-0.0300860172	0.061317444	-0.0020770729	-0.1637569363	-0.0291951797	-0.1084559591	-0.1431913338	0.068099956	0.0714218796	-0.151533875	-0.0874863774	0.0156314956	-0.1405368529	0.0096610456	0.0942477189	0.0241324257	0.2959765884	-0.0442050734	-0.0375513835	-0.1026947033	0.1987928792	-0.0715429186	0.1204022589	-0.0694249585	-0.0894138853	0.0299460975	-0.1853819093	0.0826029356	-0.0065789764	-0.2257951948	0.0706905355	-0.1151841961	-0.0028702026	-0.1223101773	0.0042611856	-0.0226641786	-0.171273138	0.2088024068	-0.2333271326	0.0497124291	-0.1775136123	0.1222064423	0.0203738514	0.0590468386	0.0874173731	0.1209357577	0.0087094673	0.0166619033	0.1155553396	0.0038094452	-0.1310842625	-0.0419987914	0.0156168145	-0.0582702048	0.0244630405	-0.1661571217	0.075128723	0.0658017144	0.2139000164	0.1502346003	0.1408894722	0.0187001635336372	0.0260010104746866	0.0006760525457047	0.0003496961161847	-0.0337096850264657	0.0282047513831429	0.0007955080005849	0.0011363428645835	0.2002168229432186	-0.1217778414747101	0.0148298426742396	0.0400867761894761	-0.0044619261561139	-0.0008717493210845	7.599468788112873e-07	1.9908785022613364e-05	-0.001878036789801	-0.0006160029790731	3.794596702270572e-07	3.5270221838460457e-06	-0.0004376927318326	-0.0001769269039033	3.1303129324807566e-08	1.915749274990843e-07	0.0	0.0	0.0	0.0	0.0	0.0	0.0	0.0	0.0	0.0	0.0	0.0	0.0	0.0	0.0	0.0	0.0	0.0	0.0	0.0	0.0	0.0	0.0	0.0	0.0
797.9256241153142	-0.7246033856503118	0.5250500664958945	636685.3016198138	1053.1148662193148	2.2335938098383394	1109050.9214521253	4.988941307348148	747.6044075184299	-0.112668374427244	558912.3501409825	0.0126941625960776	844.3525362189986	863.4697389417122	1.540392	31.517622	0.119886369543161	0.0546011313124182	-0.0792240932	-0.194930281	-0.1034511802	0.109624354	0.0769925286	-0.151500665	0.035994874	-0.072978759	0.0872227254	0.237470024	-0.1525180993	0.0470835561	0.0290569783	0.1145146444	-0.0252470585	-0.0560848247	-0.0981251361	0.2632506978	0.1032899279	0.0737452859	0.1551163905	-0.0753898444	-0.033046505	0.0404488494	0.0345467925	-0.1706856813	0.0032977436	0.1118978142	-0.0042790321	-0.0800925915	0.0129603878	0.0316559138	0.1140097874	0.0740626175	0.0031031314	0.0645406814	0.1024244054	0.0045503822	-0.2171095219	-0.1339910367	0.0419617808	0.0710928442	0.0622833851	0.0224986614	0.0594072955	-0.2799211659	0.0308648052	0.0421269889	-0.2535743854	0.0339572572	-0.0921030077	-0.1179117627	-0.0776547818	0.0348817022	-0.0166346736	-0.2463200535	0.1672108961	-0.0671685353	-0.0620494573	-0.029818708	0.177823105	-0.0002968325	0.0802587669	-0.0627364521	0.0071925486	0.0975249145	-0.0472259286	-0.0130113302	-0.0351714569	0.0686786393	0.0235178517	-0.0010453684	0.0464505353	-0.0650786593	-0.1543822872	0.0582402901	0.0612402923	0.1629591045	0.1489877092	0.136024874	0.0218139779631485	0.0031138144295113	9.695840301432787e-06	0.0004758496345767	-0.055161903626768	-0.0214522186003022	0.0004601976828751	0.0030428356117288	0.230999626220381	0.0307828032771624	0.0009475809776004	0.0533608273139557	-0.0049854842139513	-0.0005235580578374	2.741130399264705e-07	2.4855052847557614e-05	-0.0022228748832207	-0.0003448380934196	1.1891331067333361e-07	4.94117274645344e-06	-0.0008600472452992	-0.0004223545134665	1.7838333504560837e-07	7.396812641467422e-07	0.0	0.0	0.0	1.0	0.0	0.0	0.0	0.0	0.0	0.0	0.0	0.0	0.0	0.0	0.0	0.0	0.0	0.0	0.0	0.0	0.0	0.0	0.0	0.0	0.0
796.7683983183292	-1.157225796985017	1.3391715452076078	634839.8805587557	1051.5297609217027	-1.5851052976120172	1105714.8381040534	2.5125588045176817	747.5943002342282	-0.0101072842016947	558897.2377427053	0.0001021571939338	841.9359567797403	846.3266092144562	1.590035	32.533356	0.3072732521384421	0.1742559121009668	0.0902041052	-0.0355327755	0.0198387915	0.0553805675	0.0542952077	0.025749445	-0.0592882448	-0.0913720354	0.1478234158	-0.068406944	0.0785307464	-0.1088686889	-0.0244931916	0.1745076025	-0.0450420203	-0.1211307892	-0.0707299115	0.0144020315	-0.188579629	-0.0276406122	0.0256150742	0.1378442375	0.3832497197	0.0045124185	0.1033023452	-0.0589176517	0.1540340708	-0.0013541647	-0.1186307794	0.1201539074	-0.0242221729	0.0412177917	0.1294399023	-0.0737554881	-0.0988328568	-0.0303082358	-0.1686036065	-0.0404050778	-0.0912612177	-0.1509290383	0.0132259604	-0.1395614871	0.026234161	-0.0819068127	0.059539024	0.0163441159	-0.076617079	-0.0274792106	0.0086854791	0.0506485547	-0.1778416755	0.1646838599	-0.1288564191	-0.2850161373	-0.0421345558	-0.0876694096	0.0502964884	-0.0322340061	0.0035588882	0.007112594	0.0454546544	-0.1672100015	-0.2138123308	-0.0467497222	0.1760403393	-0.0309574654	-0.1588450533	0.0750539096	0.0321155083	0.0476838144	0.229200091	0.0146853201	0.3027516388	0.0216823263	0.0432462872	0.1718367322	-0.2198003216	-0.1515555192	0.1475373187	0.1304173552	0.0112476005253796	-0.0105663774377689	0.0001116483321573	0.0001265085175785	-0.024075343858982	0.0310865597677859	0.0009663741981961	0.0005796221819282	0.1935916772331438	-0.0374079489872372	0.0013993546474317	0.0374777374939417	-0.0019729032526418	0.0030125809613095	9.075644048444473e-06	3.892347244284594e-06	-0.0016541238993887	0.0005687509838319	3.2347768160986773e-07	2.736125874528878e-06	0.0001228681284723	0.0009829153737714	9.661226319963674e-07	1.509657699428562e-08	0.0	0.0	0.0	0.0	1.0	0.0	0.0	0.0	0.0	0.0	0.0	0.0	0.0	0.0	0.0	0.0	0.0	0.0	0.0	0.0	0.0	0.0	0.0	0.0	0.0
798.1020851739243	1.3336868555950332	1.778720628786967	636966.9383589658	1049.9390309651692	-1.5907299565335506	1102371.9687440784	2.530421794613232	748.7941449387629	1.199844704534712	560692.671494573	1.4396273149999903	843.6214326473046	835.4698364168753	1.617202	33.089218	0.4004384662820689	0.2311827230297855	-0.1282065144	-0.0119688081	0.0447158582	-0.0943903169	0.2098130209	0.1485436716	-0.0489132527	-0.1443161744	0.0432598059	0.1031222316	0.0450025431	-0.1947141156	0.0072270821	-0.1772432161	0.066128344	-0.161543956	-0.1602313621	0.0338050212	-0.0401012599	0.2268054182	-0.0241547332	0.1552963474	-0.0569759353	0.036227746	0.0111778183	-0.0519946232	-0.0822149416	-0.0102314854	-0.0227267304	-0.0020450191	-0.1944063405	-0.0721943761	-0.0099644352	-0.1247432396	-0.0482271522	-0.0999229711	-0.032116853	0.0739861305	-0.1944995457	-0.0345206354	-0.1937526235	-0.0079066477	0.0385867873	0.0435857638	0.1894708362	-0.1438938201	-0.0386550762	-0.1490440651	-0.0386353245	-0.0910703615	-0.0036716435	-0.146964166	-0.050683896	0.1909881301	0.0185418566	-0.2775294148	0.0984618674	0.0395596109	-0.0954236345	0.049993024	-0.0135314941	-0.0278677186	0.0613963372	-0.013354805	0.0539882763	0.0060970436	0.0765144991	-0.1867175234	0.0566357805	0.0704391236	-0.1030981495	-0.0288155621	0.1109589758	0.0950672961	-0.0397163033	-0.0935346429	-0.1407742978	-0.2024805174	0.1458854101	0.124097542	0.0183619987397776	0.007114398214398	5.061466195302948e-05	0.0003371629977195	-0.053568469175957	-0.029493125316975	0.0008698444409627	0.0028695808898554	0.3118390561443647	0.1182473789112208	0.0139824426193738	0.0972435969370082	-0.0053180445555065	-0.0033451413028647	1.1189970336131345e-05	2.828159789435233e-05	-0.0021610307252677	-0.000506906825879	2.569545301227229e-07	4.670053795551041e-06	-0.0009367550195735	-0.0010596231480458	1.1228012158744914e-06	8.775099666961483e-07	0.0	0.0	0.0	0.0	0.0	1.0	0.0	0.0	0.0	0.0	0.0	0.0	0.0	0.0	0.0	0.0	0.0	0.0	0.0	0.0	0.0	0.0	0.0	0.0	0.0
799.3326763507197	1.2305911767954285	1.5143546444067577	638932.7274820043	1053.0855605181523	3.146529552983111	1108989.197771831	9.900648227796095	748.1390660795054	-0.6550788592575145	559712.0621943146	0.4291283118461265	843.5850994280318	848.2160260538183	1.13571	23.237511	0.0647370250062331	0.0307134642208684	-0.1058145944	0.0075606893	0.1650905506	-0.1284596018	0.0602491817	0.1055390141	-0.0978373732	-0.0090269276	-0.0316525687	0.0902279164	-0.0206072076	-0.2285967549	-0.1187610525	-0.1896060937	0.1383674119	-0.0097551635	-0.2462578472	-0.0032998438	0.1617722603	0.1017983264	0.1767575513	-0.1508329125	-0.0334048556	0.1241303644	0.04148361	0.0874185893	-0.2467126262	0.0240145897	0.0105953293	-0.0124720022	0.0909911796	-0.083457529	0.1631840462	-0.0719648694	0.1751953801	-0.0549622397	0.0051904201	0.0910685494	-0.2091896244	-0.0124615036	-0.2449276862	0.1222420169	0.1128433902	-0.0517782425	-0.0635086346	0.0395829287	-0.063143439	-0.0782269203	0.0240639842	-0.1786914975	0.1328205677	0.0914532213	0.0711909113	0.0412382343	0.0049919283	-0.2877223209	0.0952324961	0.0602152559	-0.1509000282	0.0128122667	0.0241129931	0.0364458918	0.0625806885	-0.0129158868	-0.0647083627	0.0208103797	-0.0105104675	-0.0283045652	0.0259016772	0.0434323555	0.0659158505	-0.0089788733	-0.1452173036	0.0240922405	0.0692299785	-0.2010805011	-0.038438113	-0.2081543027	0.1440342395	0.1170999511	0.0235390476196641	0.0051770488798865	2.680183510473407e-05	0.0005540867628408	-0.067110190381868	-0.0135417212059109	0.0001833782132186	0.0045037776530905	0.2976708744792091	-0.0141681816651556	0.0002007373716968	0.088607949513217	-0.0050888503006521	0.0002291942548544	5.253000645826367e-08	2.589639738244697e-05	-0.0020857841562769	7.524656899079996e-05	5.6620461448872185e-09	4.35049554657574e-06	-0.0012693156608339	-0.0003325606412604	1.1059658011552848e-07	1.6111622468382005e-06	0.0	0.0	0.0	0.0	0.0	0.0	0.0	0.0	0.0	0.0	0.0	0.0	0.0	0.0	0.0	0.0	0.0	0.0	0.0	0.0	0.0	0.0	0.0	0.0	0.0
799.3572432447869	0.0245668940672203	0.00060353228411	638972.0023279054	1055.988270778282	2.902710260129652	1115111.2280213062	8.425726854261951	749.5836654318903	1.4445993523848983	561875.671482308	2.0868672889108675	844.2131755358278	853.6864978107496	1.024197	20.955872	0.0914730571433292	0.0642384830728785	-0.1198218681	-0.0847690273	-0.0050754141	-0.1672802862	0.0357582093	0.1117298124	0.0193791524	0.042677421	0.0265771097	0.0888370574	-0.0363355993	-0.1994263562	-0.1579433973	-0.2073795038	0.0832359998	-0.1334284254	-0.2762709547	-0.1072814687	0.0878461906	0.0785604359	0.0689926908	0.0752416437	0.0611877313	0.0679133415	-0.0879027984	0.0156682112	-0.0027554061	0.0960929461	-0.1884583081	0.0761333609	0.0722553155	-0.0695321055	0.0295325985	-0.0112679573	0.009011489	-0.0918279327	0.0082102873	0.0780543471	-0.1198650295	-0.1179395042	-0.2279454545	0.1623654287	0.203686512	-0.0448715413	0.0796667977	0.0577794359	-0.1253770907	0.0132548662	0.0494052135	-0.0968028458	0.0913804494	0.1486118677	0.0156861751	0.0139773374	0.029061086	-0.3057296728	0.0895730893	0.0991784761	-0.1164846839	-0.0008377295	-0.0084678352	0.0054224722	0.0393089045	-0.0566887593	-0.0484919726	0.0615791848	0.064438758	-0.1394185774	0.0861441982	0.0150035472	0.0318587988	0.0045277567	-0.1093744153	-0.0787920022	0.001083199	-0.114157691	0.0622364877	-0.089889309	0.1419863355	0.1094628008	0.0350273705204671	0.011488322900803	0.0001319815630731	0.001226916685578	-0.0740433246909759	-0.0069331343091078	4.806835134812907e-05	0.0054824139312932	0.3016798088689825	0.0040089343897734	1.6071554941507822e-05	0.0910107070792258	-0.0062948601955837	-0.0012060098949315	1.4544598666729271e-06	3.962526488194405e-05	-0.0019698421881435	0.0001159419681333	1.3442539974646314e-08	3.8802782461899726e-06	-0.0013282171086418	-5.890144780790001e-05	3.469380553866769e-09	1.7641606876887833e-06	0.0	0.0	0.0	0.0	0.0	0.0	0.0	0.0	0.0	0.0	0.0	0.0	0.0	0.0	0.0	0.0	0.0	0.0	0.0	0.0	0.0	0.0	0.0	0.0	0.0
799.400986243718	0.0437429989310658	0.0019134499554832	639041.936807429	1055.2173870311065	-0.7708837471755032	1113483.7338927558	0.5942617516593451	748.1059636854587	-1.477701746431535	559662.5329017489	2.1836024514068084	844.9224318056282	856.6978941000853	1.222109	25.005314	0.1101445736371727	0.0590518956086079	-0.1206593296	0.0785225456	0.191223211	0.0867412954	-0.0571542147	0.050189971	0.1614104793	0.0255519879	-0.0835415573	0.0413638403	0.1162805154	-0.1552237917	0.0038244615	0.1103724288	0.03711295	-0.0892943837	-0.2314634108	0.0815211312	0.1333467776	-0.0591402704	-0.0854050752	-0.0230968176	0.1051150315	-0.0419475654	0.0028003325	-0.0123184292	-0.078714337	0.0451238375	0.1047496291	0.0162564825	-0.0194601971	0.0524208433	0.026412264	0.0859592576	0.2000530663	-0.0231801669	0.1540568946	0.0322136289	-0.0485114293	-0.0661859231	-0.2150269579	-0.0066755681	0.0731259713	-0.0880611419	-0.0781901634	-0.0575235687	-0.0724825035	-0.0666276398	-0.1504441009	0.0574003921	0.1336991018	0.025391732	0.1001941701	-0.1548061488	0.0232737811	-0.1886990045	0.0199782711	0.1749417623	-0.0199591835	0.0321474983	-0.0465165256	-0.0704860895	0.0724273232	-0.1543520595	-0.0372297587	0.0473279037	-0.0330199333	0.1343367985	-0.1045519669	0.0067211724	-0.0501211728	0.1053714072	0.1081944125	-0.3273275972	-0.0006254536	-0.0266988855	0.1402492465	0.097648871	0.1397444952	0.1012278027	0.0375492682478295	0.0025218977273623	6.359968147275611e-06	0.0014099475459474	-0.0851592878360492	-0.0111159631450733	0.0001235646366426	0.007252104304743	0.2740153951235555	-0.0276644137454269	0.0007653197878781	0.0750844367647182	-0.0060999285083378	0.0001949316872458	3.799836269253325e-08	3.720912780683222e-05	-0.0016521009333132	0.0003177412548303	1.0095950502113377e-07	2.7294374938543467e-06	-0.0004640440703318	0.00086417303831	7.467950401419368e-07	2.1533689921010453e-07	0.0	0.0	0.0	0.0	0.0	0.0	0.0	0.0	0.0	0.0	0.0	0.0	0.0	0.0	0.0	0.0	0.0	0.0	0.0	0.0	0.0	0.0	0.0	0.0	0.0
800.0664845789197	0.6654983352017325	0.4428880341562775	640106.3797464707	1055.2003968182732	-0.0169902128332068	1113447.8774454414	0.0002886673321176	748.4440557723655	0.3380920869067267	560168.5046209877	0.1143062592289456	844.847813203266	850.5197516860665	1.642035	33.597309	0.4683603304118439	0.2753549068102633	0.1518145066	0.0777701288	-0.0403114709	-0.1215976055	-0.0366991781	-0.029187566	-0.0622307088	0.130069013	-0.0492088609	-0.124419532	-0.1044129393	0.0364741011	0.0526182934	-0.0171970451	-0.0051555371	-0.0498895364	0.0274002003	0.0172919774	0.0225221258	-0.1499017126	0.0565869316	0.0790950669	-0.0684951449	0.0532192007	-0.1563110995	-0.0654998677	-0.0500535311	0.1002365805	0.0280266606	0.1483922766	-0.1586276665	0.1250767418	0.2063707071	0.1055195205	-0.1409430283	0.0674404382	-0.077781443	-0.012396855	0.1387670164	0.0619337336	-0.0137614634	-0.0158552865	0.0910713866	-0.1295875275	3.37651e-05	0.0788806936	-0.2379012034	0.2751252808	-0.0049246197	-0.0526733722	-0.0793666131	-0.1086769443	0.1622156382	0.0140568401	-0.0321494197	0.0504117469	-0.0065711097	0.1262155421	0.0563854726	-0.062756202	-0.0702343867	-0.1926077259	-0.1506300163	-0.0803186731	0.0273231206	-0.2390058283	0.0460369398	0.0607599857	0.1080711234	-0.0940951922	-0.003151355	0.0753526368	-0.0652944425	-0.2210829441	-0.0272232494	0.2492376065	0.1475384823	0.1077234741	0.1373117808	0.0924399334	0.0236785438190878	-0.0138707244287416	0.000192396996178	0.0005606734373924	-0.0370571127589016	0.0481021750771476	0.0023138192471525	0.0013732296060259	0.1430536603996159	-0.1309617347239396	0.0171509759619035	0.0204643497537286	-0.0018458961644914	0.0042540323438464	1.809679118249129e-05	3.4073326500840617e-06	-0.0010616844875652	0.000590416445748	3.485915794097011e-07	1.1271739511365811e-06	0.0002000210637141	0.0006640651340459	4.4098250225539917e-07	4.0008425929320064e-08	0.0	0.0	0.0	0.0	0.0	0.0	1.0	0.0	0.0	0.0	0.0	0.0	0.0	0.0	0.0	0.0	0.0	0.0	0.0	0.0	0.0	0.0	0.0	0.0	0.0
799.6775752842693	-0.3889092946503751	0.1512504394654523	639484.2244125282	1052.8438630945543	-2.35653372371894	1108480.2000558646	5.553251191024652	747.5893788732084	-0.8546768991570843	558889.8794040295	0.7304726019527689	842.7561689562059	866.7296041050773	1.785997	36.542885	0.0941444450961894	0.0527291160248765	-0.0790460796	-0.2144443208	-0.030008929	0.0817876492	-0.0205758626	-0.0203447957	0.1124343966	-0.0578106083	0.0508077814	0.1285660647	-0.0989951202	0.0381293187	0.0650937274	-0.0381759319	0.1071401195	0.0652345151	-0.0426067595	-0.020758958	-0.0697468855	0.0786140577	0.0735347209	-0.0568104002	-0.0516853821	0.0608646132	-0.1411812882	-0.1517135043	0.0199819459	0.0403582916	0.1348535344	-0.2005183515	-0.1202816591	-0.1008723307	-0.1206614661	0.0161752192	-0.114006394	-0.0642888168	0.0476044227	0.033046729	-0.050002706	-0.0369850264	0.0800773208	0.0783051056	-0.1444606517	0.0346403889	0.044005207	-0.0209506937	-0.1250768563	0.0132036776	0.0334005643	-0.1495795958	-0.1746556165	-0.184619167	0.0014153262	0.060318871	-0.0155210015	0.0453151077	-0.0262395529	0.1823685234	-0.0295689961	0.0076959996	-0.061168793	-0.0766232924	-0.1319657254	-0.1618022974	-0.0502266963	-0.0862882378	-0.0871161282	-0.1932263155	0.0231701404	-0.1204484029	0.0006280455	-0.0741621625	0.0172569994	0.1252562542	-0.1324105233	0.1148176123	0.1186047643	0.0142086881	0.1346915149	0.0831471893	0.0275660520953948	0.0038875082763069	1.5112720598355416e-05	0.000759887228126	-0.0463139488905568	-0.0092568361316552	8.56890151683173e-05	0.0021449818618371	0.1580207833675331	0.0149671229679172	0.0002240147699367	0.0249705679760888	-0.000969874424071	0.0008760217404204	7.674140896891866e-07	9.40656398467054e-07	-0.0014770845037921	-0.0004154000162269	1.725571734813088e-07	2.1817786313427545e-06	0.0001707832659552	-2.92377977589e-05	8.548488177903379e-10	2.9166923930324583e-08	0.0	0.0	0.0	0.0	0.0	0.0	0.0	1.0	0.0	0.0	0.0	0.0	0.0	0.0	0.0	0.0	0.0	0.0	0.0	0.0	0.0	0.0	0.0	0.0	0.0
799.8212609828901	0.1436856986207431	0.020645579988131	639714.0495202603	1052.1088312186446	-0.7350318759097263	1106932.9927282624	0.5402718586033712	748.2203628425311	0.6309839693227559	559833.7113722089	0.3981407695423006	842.4407686649032	852.2453989704295	1.494948	30.587797	0.1623968494279848	0.0836728273861205	-0.0727913791	0.1128682507	0.1251124002	0.132954545	0.0329502592	0.1583918978	0.0824643461	-0.077803685	-0.0543514194	-0.0407784698	0.0799802192	0.0765236402	0.0726831529	-0.0021359192	0.0638416061	0.0575938796	-0.0900773856	-0.1548576914	0.042551806	0.0361116202	-0.1294437332	-0.0789418449	-0.0530081553	-0.0881236377	-0.0488651703	-0.0601459379	-0.024647746	0.0136955199	0.0174287124	-0.1582907625	0.0746491283	-0.168294056	-0.3450793781	-0.1512777013	-0.1553510337	-0.1568218675	0.0796936657	0.0045260327	0.1020986026	-0.0148693034	-0.0995255125	-0.1252969115	-0.0807831622	-0.0170489888	0.0154383201	0.0034000343	0.1120308969	-0.0982522954	0.1628580846	-0.1016377798	0.0940502092	0.0206407669	-0.0433819127	-0.0151668548	0.0090628194	0.0096173734	-0.0966904877	0.2105716795	0.065282106	0.0410818418	-0.1668916037	-0.0422492251	0.0172570162	-0.1636449516	-0.0009561546	-0.0884401913	-0.0803862966	-0.0176270394	-0.1242803552	-0.0677832599	-0.0352743762	0.0156208951	0.2396752981	0.1083295579	-0.0461235747	-0.1333443552	0.0494424804	-0.0449281804	0.1318872767	0.0734003241	0.0249744971990963	-0.0025915548962985	6.7161567805287295e-06	0.0006237255103476	-0.069398588915007	-0.0230846400244501	0.0005329006050584	0.0048161641433941	0.2155398458183839	0.0575190624508507	0.0033084425452248	0.0464574251354127	-0.0018160457998128	-0.0008461713757418	7.160059971247705e-07	3.2980223470177126e-06	-0.0010009159615027	0.0004761685422894	2.2673648066601226e-07	1.0018327619908744e-06	-9.090865714130631e-05	-0.0002616919230965	6.848266261394778e-08	8.264383943235583e-09	0.0	0.0	0.0	0.0	0.0	0.0	0.0	0.0	0.0	0.0	0.0	0.0	0.0	0.0	0.0	0.0	0.0	0.0	0.0	0.0	0.0	0.0	0.0	0.0	0.0
799.8414566908516	0.020195707961534	0.0004078666200675	639746.3558413434	1052.6107129863665	0.5018817677218976	1107989.3130936667	0.2518853087716568	749.4613684173813	1.2410055748501918	561692.3427500537	1.540094836809255	844.7927343814079	843.7315215693374	1.365764	27.944588	0.1584805563612794	0.0745697911179846	0.0764880751	0.1705864563	-0.0931807689	-0.0947579239	-0.1265452545	0.0156109322	-0.0661525422	0.1232021498	-0.0590691804	-0.1238841127	0.0522687321	-0.0784293788	-0.0932643354	0.150352212	0.1600664693	-0.0668428042	-0.0010426907	0.1099274656	0.0545458413	-0.0339741559	-0.1399990443	-0.0081178828	-0.1815609097	-0.1932586855	0.128101192	0.1613418931	0.0083486324	0.0489269341	0.1322694469	0.04326894	0.0656313609	-0.059985586	0.1515725361	-0.193445789	-0.2799787296	0.028239903	-0.0752990635	0.0880943925	0.1632408442	0.0655452862	-0.0705017823	-0.0100598495	0.1197674034	0.0101873713	-0.0576880781	-0.0380044483	-0.0810273948	0.0675347776	0.2828860007	0.1571747342	0.1335985649	-0.0876553264	0.2998691031	0.2300105624	0.0787799368	0.0069008817	-0.0677579748	0.1313101686	0.1096855982	0.0128368421	-0.2499468203	-0.1642811588	-0.0650064277	-0.1326679242	-0.2231460796	-0.3193189333	0.1149549321	-0.0364951308	0.0670846366	-0.2063956868	0.2197061374	0.1643588736	-0.0786688298	0.1856731184	-0.0147502063	-0.1208536137	-0.1290160114	0.1167861785	0.1289028963	0.0632525717	0.0596523507799844	0.0346778535808881	0.0012025535289775	0.0035584029535783	-0.0489402830430947	0.0204583058719122	0.0004185422791487	0.0023951513043382	0.1973400806048602	-0.0181997652135237	0.0003312314538273	0.0389431074131327	-0.0022539396844377	-0.0004378938846249	1.9175105419188522e-07	5.080244101083119e-06	-0.0002800109282952	0.0007209050332074	5.197040669039066e-07	7.840611996473965e-08	0.0004531850589254	0.0005440937160667	2.960379718632776e-07	2.0537669763321826e-07	0.0	0.0	0.0	0.0	0.0	0.0	0.0	0.0	0.0	0.0	0.0	0.0	0.0	0.0	0.0	0.0	0.0	0.0	0.0	0.0	0.0	0.0	0.0	0.0	0.0
800.8252918094078	0.9838351185561578	0.9679315405044092	641321.1480016231	1051.3442924349915	-1.2664205513749494	1105324.821235633	1.6038210129448307	748.822668778269	-0.6386996391123603	560735.389276209	0.4079372290022592	844.1379202294537	854.8083084492368	1.701389	34.811737	0.5400126789456787	0.3900403463936596	0.1538511922	-0.003709853	-0.002076692	-0.1092673315	0.0093047795	-0.0891260732	-0.0743424584	0.1047909326	-0.0055072174	-0.0636312687	0.0901525774	0.3118542942	-0.0911621227	0.1438802186	-0.1602285571	-0.0757774986	0.1580736297	-0.1890439986	-0.0523954293	-0.0386495737	-0.0715029359	-0.0167033689	-0.297763333	0.1077219424	-0.1361076578	0.2605912662	0.2788193256	0.0081600539	-0.1712727252	-0.0473655232	0.0319454064	0.0655404974	0.0770771138	0.1209696173	0.1134256952	0.1172602125	-0.0198408417	-0.1614560742	0.2080480068	0.1707567899	0.0098857846	0.0900110053	-0.1755233982	0.1128337888	0.1201131825	0.2453359708	-0.1139541658	0.175823071	-0.0315397016	-0.0844679335	0.10016586	-0.1165957003	-0.1330392764	-0.1203495178	0.0706633427	0.3781586225	0.0110779583	-0.2980239025	-0.4648592613	-0.2392711072	-0.1032691004	-0.3823005385	0.2259441997	0.027389913	-0.3265893169	0.1656042999	-0.0321534652	-0.0478223786	0.0994233612	0.1244532138	-0.1098998003	0.0667028239	0.095648526	0.0219662037	-0.076896672	-0.0450033244	0.039882154	-0.0713134217	0.1257424501	0.0527593557	0.0817795706195596	0.0221272198395751	0.0004896138578288	0.0066878981707195	-0.0543977796090189	-0.0054574965659241	2.9784268767074387e-05	0.0029591184263913	0.0175525623210859	-0.1797875182837743	0.0323235517306384	0.0003080924440356	0.0037692223627484	0.0060231620471861	3.627848104666305e-05	1.420703721984263e-05	-0.0005058868734768	-0.0002258759451815	5.101994261168116e-08	2.559215287561318e-07	0.0008569559516858	0.0004037708927604	1.6303093384053045e-07	7.343735031297152e-07	0.0	0.0	0.0	0.0	0.0	0.0	0.0	0.0	1.0	0.0	0.0	0.0	0.0	0.0	0.0	0.0	0.0	0.0	0.0	0.0	0.0	0.0	0.0	0.0	0.0
800.0166808925408	-0.8086109168669964	0.6538516148764846	640026.6897063174	1052.656276179295	1.3119837443034612	1108085.2357796603	1.7213013453165298	748.5241988332648	-0.2984699450041717	560288.4762389809	0.0890843080707932	842.8677932859406	851.4812338120279	1.508127	30.857456	0.3702905412027564	0.2208251696392717	0.1530846617	-0.1361911822	0.1191277622	0.0401080268	0.0251308989	-0.0435536266	-0.0865837203	0.003600332	0.1277016778	0.0215787034	-0.0014964259	0.1953794733	0.1018271058	0.0572061192	-0.1181056535	0.1051485706	0.0484664805	-0.1267061748	-0.2138132272	-0.2040565901	-0.0467452823	0.0141777936	0.1027006877	0.0286981143	-0.0137285453	-0.0471623783	-0.0194681821	0.0324491616	0.0259525449	0.1357211106	0.0484418035	0.0481716386	-0.054529303	0.010023986	0.0868295006	0.0348957138	-0.165357389	-0.0859620212	-0.0728218019	-0.0935637675	0.2156401289	-0.0782034744	-0.0641440922	-0.0558194257	-0.0210256854	0.0438076811	0.0452209074	-0.0908815691	0.040899282	-0.064141329	0.0135207233	-0.0483042836	0.1566273695	-0.1037884019	-0.0443933043	0.1862350532	-0.006123802	0.0537387019	0.029453597	-0.1739588486	0.063476063	-0.1022426854	-0.118693373	-0.0890230399	0.0544121201	0.1109299435	0.1112261733	-0.0543512569	-0.1018284897	-0.1565568865	-0.0128908228	-0.0658466332	-0.0987936911	-0.1219843804	0.0869766569	-0.1512260854	-0.2200728376	-0.0091004709	0.1224102548	0.0419779864	0.0283414924748655	-0.053438078144694	0.0028556281957984	0.0008032401957028	-0.0277161285063272	0.0266816511026917	0.0007119105055657	0.0007681837793792	0.0962034116003565	0.0786508492792706	0.0061859560923505	0.0092550964035476	0.0004336365400006	-0.0033355858227478	1.1126132780916116e-05	1.88040648823692e-07	-0.0008609314754943	-0.0003550446020175	1.2605666942176496e-07	7.412030054967924e-07	0.0003171871229291	-0.0005397688287567	2.9135038849737976e-07	1.0060767095203998e-07	0.0	0.0	0.0	0.0	0.0	0.0	0.0	0.0	0.0	1.0	0.0	0.0	0.0	0.0	0.0	0.0	0.0	0.0	0.0	0.0	0.0	0.0	0.0	0.0	0.0
800.1182649017239	0.1015840091831705	0.0103193109217264	640189.2378293453	1052.7383829752605	0.082106795965501	1108258.1029893665	0.0067415259437204	748.3171533570254	-0.2070454762393865	559978.5620083619	0.0428678292311943	842.6438750419717	858.6363450877861	1.720611	35.205051	0.1357271157033212	0.0656304876548308	-0.1458195134	-0.0323508348	-0.0583438812	-0.0397371476	0.1171504803	0.0770768127	0.1243542667	-0.060891053	0.0469536112	0.157388952	0.0173083514	0.0717572121	0.1560173544	0.0052238456	0.0213147913	0.2285230984	-0.0493871569	-0.2355134396	-0.1463629027	-0.0204731929	-0.0540374172	-0.2601652658	-0.0365415647	0.0268699019	-0.1066487812	-0.064320468	-0.1423163409	-0.026499173	0.162283726	0.0151557081	-0.124283506	-0.067739395	-0.0115777216	0.1078575665	-0.1952657517	-0.1288631466	0.0946373376	-0.0110223798	-0.0397764242	-0.0081431537	0.1151901143	-0.0445109557	-0.2515198282	0.0430668406	0.0315636524	0.0018107842	-0.135249297	-0.1174545617	-0.0180917296	-0.0805185351	0.0536027002	-0.1587743445	0.0212536486	0.1584121567	-0.0186074504	0.1581896163	-0.0349907995	0.1733214926	0.0389292573	-0.0655234365	-0.0037122835	0.0006362178	0.0484912842	-0.1270716857	0.0039745395	0.0622501061	0.1545482272	-0.1250480471	-0.0128022509	-0.0560511338	-0.273158219	-0.0822924573	-0.0362460413	0.0010276624	0.0761599088	-0.0278621265	-0.0662864356	0.1159723137	0.1189108618	0.0309673479	0.0283632252179728	2.173274310729792e-05	4.723121229678053e-10	0.0008044725447654	-0.050076441893978	-0.0223603133876508	0.0004999836147939	0.0025076500327609	0.1226539627002551	0.0264505510998985	0.0006996316534883	0.0150439945660755	-0.0004620181722522	-0.0008956547122528	8.021973635806459e-07	2.134607914912636e-07	-0.0004209801394932	0.0004399513360011	1.935571780491528e-07	1.7722427784771415e-07	-8.509719827029074e-05	-0.0004022843211993	1.6183267508285454e-07	7.241533153453174e-09	0.0	0.0	0.0	0.0	0.0	0.0	0.0	0.0	0.0	0.0	1.0	0.0	0.0	0.0	0.0	0.0	0.0	0.0	0.0	0.0	0.0	0.0	0.0	0.0	0.0
800.4604954026862	0.3422305009622732	0.1171217157888885	640737.0047003138	1051.6588973999023	-1.0794855753581487	1105986.4364803785	1.1652891074063134	748.1708337310562	-0.1463196259692267	559759.5964458237	0.0214094329437744	843.7364823549126	846.9623275192795	1.588079	32.493343	0.1024761642534943	0.0504878747351845	0.0103196636	0.1495801589	0.0351787147	0.1479062936	-0.1214764605	0.0765930743	-0.048940566	0.0179398892	-0.0956009491	0.0177290523	-0.0454027891	0.096815962	-0.0160244022	0.0320673305	-0.0232224706	0.0601545663	0.1332053888	-0.264713694	-0.040713417	0.0723370857	-0.0593658313	0.1075249627	-0.2252088747	0.0531025607	0.2846708831	-0.1983672776	0.0767209478	-0.0347809974	0.0997596506	-0.0014560601	-0.0034554008	0.0524786857	-0.0003559619	-0.0678416193	0.1558580246	-0.034857843	0.0015933218	-0.0278658443	0.0350592167	0.0912629391	0.0340756309	-0.1899171358	0.1033968883	0.0249488829	-0.0462687895	0.1023490804	0.2312451784	-0.023078738	0.218748321	-0.0605689991	0.0802188524	-0.2740912481	-0.2607091956	-0.0180585755	0.0118940567	0.1186028195	0.0139689479	0.0202031763	0.0508364837	-0.0632668736	-0.0539393993	-0.0162300959	0.2158641955	-0.0184785561	0.0099857461	-0.1457906857	0.0241753813	-0.0865222531	-0.3553970745	0.2822222104	0.2765514867	-0.3095022845	0.1131695962	0.1066610589	0.2088352592	0.1459290209	0.3234900361	0.0342768272	0.1152490509	0.0197875765	0.0283342143471401	-2.9010870832697072e-05	8.416306264714338e-10	0.0008028277026696	-0.0192902814617212	0.0307861604322568	0.0009477876741606	0.0003721149588724	0.0970502621812841	-0.0256037005189709	0.0006555494802651	0.0094187533894559	8.702871910978605e-05	0.0005490468913619	3.014524889142605e-07	7.573997949890039e-09	-0.0003159921059179	0.0001049880335752	1.1022487194008311e-08	9.985101100242934e-08	0.0001820137254211	0.0002671109236913	7.134824555526796e-08	3.312899624166758e-08	0.0	0.0	0.0	0.0	0.0	0.0	0.0	0.0	0.0	0.0	0.0	1.0	0.0	0.0	0.0	0.0	0.0	0.0	0.0	0.0	0.0	0.0	0.0	0.0	0.0
800.8591590773565	0.3986636746702743	0.1589327255016063	641375.3926780906	1051.1866078096275	-0.4722895902748405	1104993.2844383116	0.2230574570819767	750.0770779946693	1.9062442636130756	562615.6229330212	3.633767192557756	845.5728544700803	853.9946840486638	1.183678	24.218979	0.1391053000955477	0.062394067848317	-0.003630601	0.1190902569	0.0818220649	0.1506307982	-0.0224369391	0.0241442486	-0.0302625757	0.0314353316	-0.146014842	0.029628762	-0.0120588559	0.090251507	0.0570819886	0.0416477405	-0.1069816481	0.1127352158	0.1550066468	-0.0488769903	0.0070453586	0.1010060401	0.0663602685	0.1316021864	-0.0369556681	-0.1433754165	-0.0989134432	0.0525746971	0.014222993	0.1564931527	0.1517910557	-0.1514191587	-0.0369288693	0.2555484381	-0.0633882694	-0.1867338816	-0.0731141945	-0.0006624696	0.0723052008	-0.0900233738	0.0226665976	0.1534062681	0.0773325374	-0.0293922768	0.0072975053	0.0476431728	-0.035568651	-0.1213636945	0.1139467368	-0.174657497	0.1444769623	-0.0501993927	-0.0424068461	-0.2157855201	0.0930718366	-0.233750099	-0.0614248937	0.1443653463	0.0440432394	0.0547957611	0.1239222757	-0.0166124738	0.0353048125	0.0007201477	0.2179214394	-0.0801288303	0.1192838293	0.005204899	0.0192470956	-0.0282740629	-0.3274734033	0.0575121606	-0.0672984801	-0.0907336942	-0.3303129284	-0.0495113557	-0.0039181423	-0.0744915281	-0.0896583057	-0.0277407849	0.1114298236	0.0084997322	0.0053128590790834	-0.0230213552680567	0.000529982798378	2.8226471594198917e-05	-0.0133841358225197	0.0059061456392014	3.4882556311458883e-05	0.0001791350917156	0.0500745523352321	-0.046975709846052	0.0022067173155404	0.0025074607915738	-0.0005449976215175	-0.0006320263406272	3.994572952467183e-07	2.9702240745973215e-07	4.9023121238223055e-05	0.0003650152271561	1.3323611605583613e-07	2.403266415937516e-09	-8.498649364024056e-05	-0.0002670002190613	7.128911697880386e-08	7.222704101262648e-09	0.0	0.0	0.0	0.0	0.0	0.0	0.0	0.0	0.0	0.0	0.0	0.0	0.0	0.0	0.0	0.0	0.0	0.0	0.0	0.0	0.0	0.0	0.0	0.0	0.0
801.6716732596831	0.8125141823265949	0.6601792964818551	642677.47170698	1057.499688241996	6.313080432368452	1118305.5906319187	39.85498454555344	749.0232878950305	-1.053790099638718	561035.8858090818	1.1104735740965792	846.6018144902907	850.0201430339293	1.352804	27.67943	0.1036861578444691	0.053369592784259	0.1022066435	0.1263044739	-0.0929828097	-0.1079550859	-0.1356262252	-0.0236051114	-0.0641325672	0.1272489773	-0.0806662452	-0.0631817937	0.013019764	-0.1003617515	0.0042884128	0.0803075292	-0.116888666	0.1544290186	0.2228150874	0.1191414192	-0.0069230557	0.0722131176	0.0422720468	0.2488836718	0.0196281491	-0.089763292	-0.0654728313	0.0012461698	0.038936983	0.0527187574	0.1054155024	0.1163576361	0.0806923796	-0.1557910289	-0.1377322141	-0.0824165491	0.1079729911	0.0699009243	-0.0209550765	-0.0483644654	0.090784949	0.1918823488	0.1117400202	0.037312843	0.1169601024	-0.079198786	0.0208276917	-0.1348543697	-0.0786987802	-0.270522334	0.2366804828	0.1557310773	-0.0881784814	-0.0367115083	0.0926447969	0.088195994	-0.0756946778	0.1106979003	0.0430197892	-0.0250670267	0.1700689484	-0.1232895331	-0.0212898114	0.1269890318	0.0383995266	0.1881462788	-0.0282330171	-0.1928171176	0.1886326179	-0.0735770196	0.0386543769	0.1744119328	0.1371471368	0.0900570375	-0.0561856985	-0.2717126716	0.1333605643	0.0388231906	-0.0857997938	0.0126819659	0.1074583966	-0.0028345346	-0.0294736340994035	-0.0347864931784869	0.0012101001076569	0.0008686951070255	0.0033925749010279	0.0167767107235476	0.0002814580227015	1.1509564459084463e-05	0.0444726337351966	-0.0056019186000354	3.1381492001423675e-05	0.0019778151513449	-0.0003770734879949	0.0001679241335226	2.819851461931599e-08	1.4218441534863997e-07	-0.0002929049417699	-0.0003419280630081	1.1691480027248697e-07	8.57933049132285e-08	-0.0005055550039575	-0.0004205685103172	1.7687787187047878e-07	2.555858620264678e-07	0.0	0.0	0.0	0.0	0.0	0.0	0.0	0.0	0.0	0.0	0.0	0.0	0.0	0.0	0.0	0.0	0.0	0.0	0.0	0.0	0.0	0.0	0.0	0.0	0.0
802.1470686133136	0.4753953536305744	0.2260007422535389	643439.9196849321	1053.6241921817557	-3.875496060240266	1110123.9383506572	15.019469712937823	747.848750293703	-1.174537601327529	559277.7533158533	1.3795385769322257	844.554847497014	865.6509495597869	1.227669	25.11907	0.1195683101152499	0.0719641877363946	0.1889912553	-0.025707714	0.0501261977	-0.0937272008	-0.0190451287	-0.0468503212	-0.1040851838	0.1583985766	0.0117207904	-0.0517244631	-0.0132952016	0.0391111565	0.1615261083	0.0199546596	-0.1628078482	0.0389369099	0.1166863152	-0.0585101718	-0.0138395412	-0.1510548913	-0.0052817909	0.0746306042	-0.0274621989	-0.1252650278	-0.05292387	-0.0822262998	-0.033324412	-0.0807508893	0.0086907291	0.0461851626	0.2322271978	-0.2132826117	0.188567272	0.1129245921	-0.0412743616	0.0740241731	-0.0893090475	-0.1521544286	0.1401637462	0.0896800824	0.1487618269	-0.0066740683	-0.0421982434	-0.1042547508	-0.0637145692	-0.0080480962	-0.0595856754	-0.14382151	-0.0386667888	0.0572738177	0.1098658297	0.0399947989	-0.0790301246	0.1482578687	-0.1367356384	0.1332975334	0.0183585807	-0.046164425	0.0899938753	-0.2328463163	0.035295127	0.1115593699	-0.0192613971	0.0309602645	0.0814835831	-0.1328247775	0.1417510293	-0.0322276829	0.1318015832	0.0327037453	-0.0702920495	0.1108742437	-0.0390998491	0.0422173609	0.0795769226	-0.0743053695	0.0914029562	-0.0421165429	0.1033401944	-0.0141533203	-0.0389057266573331	-0.0094320925579295	8.89643700213509e-05	0.0015136555667351	-0.0299701812235042	-0.0333627561245321	0.001113073496225	0.0008982117625696	0.0600276233171399	0.0155549895819432	0.0002419577008943	0.0036033155611044	0.0007184583694252	0.0010955318574201	1.2001900506223345e-06	5.161824285971172e-07	-0.0001646812469311	0.0001282236948388	1.6441315918113708e-08	2.7119913090781933e-08	-0.0005049411191995	6.138847580000476e-07	3.76854496104777e-13	2.549655338584436e-07	0.0	0.0	0.0	0.0	0.0	0.0	0.0	0.0	0.0	0.0	0.0	0.0	0.0	0.0	0.0	0.0	0.0	0.0	0.0	0.0	0.0	0.0	0.0	0.0	0.0
802.2331296594617	0.0860610461480746	0.007406503664101	643577.9943232147	1050.3671834609088	-3.2570087208468976	1103271.2200916023	10.608105807672745	747.4008151176281	-0.4479351760749068	558607.9784384948	0.2006459219652578	844.4150660957877	867.661976706657	1.174976	24.040916	0.1887890128933795	0.1361960599265725	0.0963006125	-0.1873412536	0.0793477762	0.0692013254	-0.04038897	-0.1013411153	-0.134014127	0.0773657133	0.1108699662	0.1421515196	-0.0301948315	0.1843791815	0.1350758093	-0.0592753761	-0.243703376	0.1654175706	-0.0735413124	-0.0444418265	-0.0028402725	-0.1000463095	0.0972450109	-0.0476653359	0.062268731	-0.0136120326	0.0585453441	0.1436977897	-0.1852274245	-0.094084948	-0.0094644183	-0.1790291338	-0.153362083	0.0530685904	0.118536097	-0.0636699315	-0.0006224418	0.0865578674	-0.0504384537	-0.2505708398	-0.1217746613	0.0087660019	0.1874686672	0.0680201671	-0.0271988859	-0.0955045141	-0.1144346968	-0.0130175804	0.0783848596	0.0765477336	0.0148287501	-0.1944974757	0.100533496	0.0577474104	0.121353172	-0.041451375	-0.2122741167	0.1566914625	0.1098516211	-0.0676705359	0.0067228853	-0.1246487055	0.1537795035	0.1896696772	-0.0796092895	-0.0446060889	0.0736954078	-0.0469731039	-0.0649408619	0.0039298079	0.0827957683	-0.0549937531	0.0989675486	0.0121626946	0.051289577	-0.0577170646	0.025919096	-0.1506599341	-0.0233933932	-0.0536549288	0.0990808418	-0.0253948054	-0.067419618075931	-0.0285138914185979	0.0008130420038315	0.0045454049015044	-0.0216920642269116	0.0082781169965925	6.852722100927527e-05	0.0004705456504244	-0.0676238904605242	-0.1276515137776641	0.0162949089697291	0.0045729905610169	0.0011479740586293	0.000429515689204	1.8448372727247296e-07	1.317844439285827e-06	-0.0001072898335936	5.739141333749999e-05	3.2937743248757716e-09	1.151110839254238e-08	-0.0005049384077306	2.711468899993345e-09	7.352063595631122e-18	2.549627956015136e-07	0.0	0.0	0.0	0.0	0.0	0.0	0.0	0.0	0.0	0.0	0.0	0.0	0.0	0.0	0.0	0.0	0.0	0.0	0.0	0.0	0.0	0.0	0.0	0.0	0.0
801.5294998485025	-0.703629810959228	0.495094910870519	642449.5391273906	1055.5826745126762	5.215491051767458	1114254.782731335	27.201346911066427	749.6100551060268	2.2092399883987355	561915.2347160606	4.880741326340045	844.1379829466812	867.1120752416232	1.407796	28.804598	0.1238369735893908	0.0602446079788443	-0.1486861575	-0.1075188264	-0.1007869334	-0.0263135674	0.0171120888	-0.0607647983	0.1011216408	0.011595464	0.0174368318	0.2393077903	-0.0341714894	0.0878751182	0.1130516075	0.1272319723	-0.2349978626	0.2868861652	-0.1361984037	-0.0139678642	0.1114010028	-0.0863479203	-0.0112231556	-0.1520564162	-0.0394337607	-0.053456248	0.0114127626	0.0614050577	0.1246849944	0.0773527074	-0.1051524896	-0.0373318501	0.0106385218	0.0123061541	0.0342759734	-0.1060973458	-0.1203373101	-0.0807518884	0.2170709786	-0.2181050983	-0.0540325059	0.0435379132	0.1456318509	0.0396717727	-0.1459631228	-0.0342169515	-0.0689743171	-0.1038358649	-0.0868870741	0.1477057608	-0.0258925434	-0.0513887464	0.0648939991	0.0604876452	-0.2085434339	0.1006371212	-0.2104761398	0.1219450735	0.1135581106	0.0307484573	0.0197155443	-0.0073123609	0.1427004732	0.241007941	0.0830662013	-0.0720347224	-0.0105278851	0.0076095896	-0.0892386484	-0.0758038318	0.2467275629	-0.0109819089	-0.0596520199	0.0340122595	0.0214177901	0.0368011067	-0.1058157864	-0.0074512437	0.1117629494	-0.0010385117	0.0946861568	-0.0364975928	-0.0672775683018898	0.0001420497740411	2.017813830515525e-08	0.0045262711966154	-0.0012428985096306	0.020449165717281	0.0004181683785328	1.5447967052419666e-06	-0.0457737106977305	0.0218501797627936	0.0004774303556663	0.0020952325910395	0.0005977205718034	-0.0005502534868258	3.027788997640608e-07	3.572698819569835e-07	0.000415183022643	0.0005224728562366	2.7297788550403093e-07	1.7237694229097785e-07	-0.0010601236313736	-0.000555185223643	3.082306325515279e-07	1.1238621137967485e-06	0.0	0.0	0.0	0.0	0.0	0.0	0.0	0.0	0.0	0.0	0.0	0.0	0.0	0.0	0.0	0.0	0.0	0.0	0.0	0.0	0.0	0.0	0.0	0.0	0.0
800.3514751991867	-1.1780246493158302	1.3877420743956848	640562.4838535143	1055.3128027822456	-0.2698717304306228	1113685.1117161189	0.0728307508856187	748.6277357976239	-0.9823193084029072	560443.4868054771	0.9649512236611658	843.3129719010801	864.2732346827881	1.188866	24.325123	0.0970698707891033	0.0548487109708733	-0.0968001035	0.1069648939	0.1066630305	0.1140683644	-0.0714232606	-0.0176173934	0.0476856794	0.0578298533	-0.1117690165	0.1918480104	0.0602795968	0.0379623465	0.0364921495	0.1600684668	-0.2507224908	0.2169468911	-0.0622724152	0.0888647288	0.0961118592	0.0668496093	-0.1588135292	0.1083321649	-0.0264492645	0.0926009402	0.144726598	0.0968450326	-0.1361731707	-0.1178989404	-0.1246376125	-0.0018854952	-0.0358025428	-0.0247963081	-0.0748958266	-0.0925910852	-0.0768284454	-0.0611045164	0.1830009007	-0.1795854724	-0.0634070139	0.1516606622	0.1177058335	-0.119668638	0.044536645	-0.0386348928	0.0096431727	0.0492477444	0.1721827128	0.046717166	-0.0713293257	0.0586698596	0.1266415883	0.0920220828	-0.151524714	0.0649919754	-0.1789513677	0.1232499293	0.1387253474	0.0439969376	0.0840896645	-0.0266832085	0.1036989643	0.1498166173	0.1580710702	-0.0982834876	0.0843319586	0.0261777359	-0.0597890861	0.0201233396	0.0626239929	0.0726839421	-0.0618343358	0.0898782342	0.1823313992	0.0010431632	-0.0916168582	-0.0053787287	-0.0812863859	-0.0275733763	0.0901621419	-0.0474010431	-0.0456479170395454	0.0216296512623444	0.0004678418137306	0.0020837323300492	0.0040875053860816	0.0053304038957122	2.84132056914238e-05	1.6707700281246088e-05	-0.0946714038213514	-0.0488976931236209	0.0023909843928118	0.0089626747015053	0.0005170380341759	-8.068253762750003e-05	6.509671878012957e-09	2.673283287844792e-07	7.172614793238274e-05	-0.0003434568747106	1.1796262478598464e-07	5.144640297218054e-09	-0.0010600205935632	1.030378103999887e-07	1.0616790372024022e-14	1.1236436587780786e-06	0.0	0.0	0.0	0.0	0.0	0.0	0.0	0.0	0.0	0.0	0.0	0.0	0.0	0.0	0.0	0.0	0.0	0.0	0.0	0.0	0.0	0.0	0.0	0.0	0.0
800.6104531315505	0.2589779323637913	0.0670695694514244	640977.0976635065	1057.3462638107	2.03346102845444	1117981.1215944465	4.134963754242987	748.143938107598	-0.4837976900258809	559719.3521271455	0.2340602048743783	845.7271662834748	856.5698583135345	1.170391	23.947123	0.2708784281004832	0.2026232419031219	0.0166687443	0.1398984717	-0.0729906415	0.0691734816	-0.1612068972	-0.0160017055	0.0544223217	-0.0060591809	-0.0673344789	-0.0716518695	-0.0625777538	0.0253377894	0.0672025167	0.0670563435	-0.1350212315	0.1868101272	0.1333848272	0.110885146	0.0142735837	-0.0699761482	0.0354181063	-0.1177224143	0.0951504475	-0.075944522	-0.0996774557	-0.1022403568	0.0988383029	0.0989245965	-0.078005915	-0.0111967962	-0.0219080083	0.1511535701	0.0631907012	-0.2996510761	0.023609897	0.0227788314	0.1400529196	-0.0241092878	0.1324916215	0.0437965978	0.1534830165	-0.104324347	0.1141705581	-0.0268272278	-0.0230492678	-0.1810897066	-0.0087717477	0.0015325424	0.1155489541	-0.0984586258	0.0485033219	0.0289253536	-0.0146196097	-0.1587710878	-0.0948643663	0.0463292387	-0.0952833929	0.0690654616	0.1809781539	-0.0656044691	0.0708778143	0.0911468787	0.1077097451	-0.0784323273	-0.0366608426	0.0424587346	-0.1080095744	0.0624620003	0.0405421445	0.229894741	-0.0482687042	0.0267854863	-0.0782641169	0.1220070694	-0.0110564528	0.0011926503	-0.1481767064	-0.1463057955	0.0855149763	-0.0580456054	-0.0597065728421171	-0.0140586558025717	0.0001976458029751	0.003564874840551	-0.0162607008820572	-0.0203482062681388	0.0004140494983307	0.0002644103931757	0.1020686409497955	0.1967400447711469	0.0387066452165528	0.0104180074653382	0.0001091361488498	-0.0004079018853261	1.663839480525868e-07	1.1910698985765704e-08	0.0003014505745484	0.000229724426616	5.2773312184057896e-08	9.087244889556046e-08	-0.0009030164803328	0.0001570041132303	2.465029157126425e-08	8.154387637526382e-07	0.0	0.0	0.0	0.0	0.0	0.0	0.0	0.0	0.0	0.0	0.0	0.0	0.0	0.0	0.0	0.0	0.0	0.0	0.0	0.0	0.0	0.0	0.0	0.0	0.0
798.8567827597432	-1.7536703718072886	3.0753597729547137	638172.1593612474	1055.2281814276002	-2.118082383099818	1113506.5148790004	4.486272981597804	747.6256191855982	-0.5183189219998212	558944.0664626491	0.2686545049030567	845.4177142766517	842.967989539358	1.200496	24.563078	0.2012031065349205	0.1012313790383573	0.0777871096	0.1595953266	-0.2167278921	0.0767098716	-0.0512089455	-0.0578832204	0.0446534403	-0.0169931548	-0.1019756773	-0.1576946107	-0.1670055792	0.0313247269	0.053081987	0.0247376995	0.0072068751	-0.1143690021	0.2178423133	0.0263561424	0.0582471917	0.1874910638	0.0410985013	-0.0703523833	0.3550421671	-0.1941832667	0.0026284486	0.1009538119	-0.0011607288	0.0845415803	-0.0027097071	-0.0704719517	0.1600019806	-0.1340400703	-0.2295696268	-0.042145139	-0.0605189423	0.0434355502	0.0817125958	0.1133927892	0.1735355693	0.0105923562	0.1532681388	0.0205025885	0.1433318952	0.2342304518	0.0298076846	-0.1172835456	-0.0732899184	-0.1920195913	0.0824632371	-0.1183226124	0.0170937432	0.3212758202	-0.0145721982	-0.0976233216	0.080140969	0.008504766	-0.137042773	-0.0451380284	0.3144446769	-0.010232878	-0.0474143752	0.0830834528	0.1893342656	0.0556584421	-0.2551520377	0.198354255	-0.1067222684	0.0526701394	-0.0655762979	-0.0416670998	0.257555982	0.0535863284	-0.0512102932	0.0646415447	-0.2711138382	0.3351310852	-0.1319585992	-0.1558446982	0.0807510076	-0.0683731426	-0.007410972246248	0.052295600595869	0.0027348298416826	5.492250963465813e-05	-0.0139416128183569	0.0023190880637003	5.37816944719721e-06	0.0001943685679769	0.1260327100100937	0.0239640690602982	0.0005742766059267	0.0158842439924883	-0.0010900059615783	-0.0011991421104281	1.437941801001958e-06	1.1881129962762346e-06	-0.0001369523423853	-0.0004384029169337	1.9219711757597664e-07	1.8755944084820435e-08	-8.807453139354077e-05	0.0008149419489392	6.641303801409182e-07	7.757123080191798e-09	0.0	0.0	0.0	0.0	0.0	0.0	0.0	0.0	0.0	0.0	0.0	0.0	0.0	0.0	0.0	0.0	0.0	0.0	0.0	0.0	0.0	0.0	0.0	0.0	0.0
799.9403998308611	1.083617071117942	1.174225956818227	639904.643281558	1058.3063531015434	3.0781716739431886	1120012.3370150886	9.475140854266211	748.7247656341782	1.0991464485799725	560588.774673955	1.208122915425966	847.0966096412478	867.1530331118098	1.384653	28.331072	0.1990280243144389	0.0899667325264703	0.0379705935	0.1428622336	-0.2227846848	0.1914472842	0.0905912032	-0.0623044251	0.0846396412	-0.0566329479	-0.0975399902	-0.1755476517	-0.2894770955	0.0011202451	0.0005653295	-0.0568197676	0.2167257979	0.0533483634	0.2692740447	-0.0079806653	0.0428055621	0.2625184538	-0.053272098	-0.1207365059	0.0155593837	-0.1846483935	0.2190583125	0.152061373	-0.1030952989	-0.0021094193	-0.1487002542	-0.0657974842	-0.1013828888	0.0467511038	0.1144297399	0.0825480183	0.101748086	0.0667595718	0.0671687911	0.2850554869	0.1038110939	-0.0337802916	0.146504879	0.0966402768	0.0571411834	0.359512303	0.0646747813	-0.1066701105	0.2637959381	0.0259014715	0.0653937976	-0.1174478477	-0.0617904202	0.1591776468	-0.0065224377	0.0307209794	0.2366311467	-0.0071953347	-0.1463484977	-0.0824346973	0.1819841031	-0.0186662311	-0.0316438435	0.1378154286	0.1056185113	-0.0032877893	-0.1624439495	0.0871388123	-0.0117168001	-0.0094859695	-0.0266015652	-0.2577439166	-0.0193013379	-0.1101702919	0.0831420737	-0.1641362729	0.0322424831	-0.0794547237	0.1441276788	-0.2823381212	0.0758767427	-0.0783272495	0.0288969187358247	0.0363078909820727	0.001318262947566	0.0008350319124248	-0.0574345020341127	-0.0434928892157557	0.001891631412334	0.0032987220239064	0.1765549459797171	0.0505222359696234	0.0025524963273703	0.0311716489499008	-0.0015780563369077	-0.0004880503753294	2.3819316885916825e-07	2.4902618024545486e-06	0.0003447507139957	0.000481703056381	2.320378345267969e-07	1.1885305480054497e-07	0.0003162721998358	0.0004043467312293	1.6349627905585277e-07	1.0002810438897622e-07	0.0	0.0	0.0	0.0	0.0	0.0	0.0	0.0	0.0	0.0	0.0	0.0	0.0	0.0	0.0	0.0	0.0	0.0	0.0	0.0	0.0	0.0	0.0	0.0	0.0
799.8470189680348	-0.0933808628262795	0.0087199855421804	639755.2537520519	1053.6226546343637	-4.683698467179738	1110120.6983587637	21.937031331461828	749.8101244474713	1.0853588132930554	562215.2227239324	1.1780037535929095	846.405095258097	863.404557632565	1.512037	30.937454	0.2343192678447326	0.1614629476891067	-0.0791160584	-0.0409921067	-0.1430072602	-0.1221750712	0.0487271869	0.0080089157	0.0402785951	-0.0947077173	0.018341825	-0.0091215568	-0.1504892163	-0.0178417329	0.0745059112	0.0488318964	0.1779964452	0.074634211	-0.0552026787	0.127425382	-0.0754316219	-0.0038484354	0.1664243272	0.029384023	-0.0141238362	-0.1022552524	0.0290716232	-0.0418296397	0.1687986016	-0.0405890962	-0.023371878	0.1044912635	0.1251610406	-0.0151882903	-0.0672435674	-0.1170538537	-0.0041153925	0.0076070332	-0.0062273624	0.186364491	-0.0231975226	0.0063962789	0.0523428171	0.1260098416	-0.1528036429	-0.0432475206	-0.1404221368	-0.1056576257	-0.1038292128	0.0115016864	0.163743037	0.0491307876	-0.0274213448	0.0184022059	-0.0603657637	0.0263511344	0.1787385045	0.0880302389	-0.0160978002	-0.0450137134	0.0447969551	0.0390056487	0.0708310142	0.1317491497	-0.0737462787	-0.0717870853	-0.122640473	0.0194819881	-0.0331012677	-0.0639998232	0.1546921166	-0.0506198937	-0.0837499484	-0.0990048683	0.0455542319	0.0130204555	0.0104010828	-0.0039398961	-0.0175859113	0.0342863781	0.0708988393	-0.0878535601	0.0288400345617105	-5.688417411419885e-05	3.235809264654491e-09	0.0008317475935206	-0.0323152661943737	0.0251192358397389	0.0006309760091724	0.0010442764292132	0.0519383986828643	-0.1246165472968528	0.0155292838601887	0.0026975972577401	5.093585849713159e-05	0.0016289921954048	2.6536155726898537e-06	2.5944616808398127e-09	0.0004060080745595	6.125736056379995e-05	3.752464223243394e-09	1.6484255660751248e-07	0.0003159897451239	-2.824547119000183e-07	7.97806642745223e-14	9.984951902346729e-08	0.0	0.0	0.0	0.0	0.0	0.0	0.0	0.0	0.0	0.0	0.0	0.0	1.0	0.0	0.0	0.0	0.0	0.0	0.0	0.0	0.0	0.0	0.0	0.0	0.0
798.8450979566472	-1.0019210113875945	1.00384571305994	638153.4905293654	1058.5212237788182	4.898569144454541	1120467.181190207	23.995979663002093	748.8534722579153	-0.956652189555939	560781.5229127363	0.9151834117821722	845.7155555464777	862.1783703607344	1.241456	25.401159	0.1673177845641768	0.0921406414153054	-0.0690080089	0.1089544132	0.0039514799	0.1268993045	-0.0890138775	0.0074544733	0.1721563757	-0.064729645	-0.0956203925	-0.2216946237	-0.0858711774	-0.0983025795	0.0649985474	0.1924725664	0.2207460179	-0.0303174708	0.0314129362	0.1394799755	-0.0141544449	-0.1698174109	-0.1506489118	-0.1804988664	0.0643851267	-0.1291700812	0.0345188347	-0.0554066585	0.2032025678	-0.0639840983	-0.0848452925	-0.1169332552	-0.0555103597	0.1683103108	0.0746104145	-0.0036733382	0.0877003422	-0.0151775472	0.0595698755	0.2331053433	0.1585053947	-0.0299404951	-0.0246107533	-0.0998772253	-0.111374213	-0.0006998284	-0.2197319321	-0.1279325764	-0.0057022556	0.0867415877	-0.0889131894	0.1321870651	0.0605854109	0.0160465642	-0.0345435505	-0.0300865793	0.188923852	0.0071908717	-0.1103028741	0.0050231183	0.119384349	0.0738290488	0.0148362342	0.088735251	-0.004192787	-0.1224424548	-0.1577822635	0.0448068301	-0.1161656391	0.1753733291	0.1028205823	-0.0022488139	-0.083322568	0.0761140346	0.1495672246	-0.0178439448	-0.0303675439	-0.1006571796	-0.0712122452	0.1258622017	0.0658240966	-0.096900045	0.0126694679706105	-0.0161705665911	0.0002614872238771	0.0001605154186583	-0.0481691841732896	-0.0158539179789159	0.0002513467152821	0.0023202703039202	0.1147515743673608	0.0628131756844965	0.0039454950395714	0.0131679238197879	-0.0009069864368331	-0.0009579222953302	9.176151238907392e-07	8.226243965992029e-07	-8.564336851035748e-05	-0.0004916514430698	2.417211414726733e-07	7.334786569800889e-09	0.0003159609973307	-2.8747793199982236e-08	8.264356138689447e-16	9.983135183421063e-08	0.0	0.0	0.0	0.0	0.0	0.0	0.0	0.0	0.0	0.0	0.0	0.0	0.0	0.0	0.0	0.0	0.0	0.0	0.0	0.0	0.0	0.0	0.0	0.0	0.0
797.7089276269098	-1.1361703297374106	1.2908830181756163	636339.5332156745	1051.6731859094955	-6.848037869322752	1106016.4899610283	46.8956226596785	749.3943442437882	0.5408719858728546	561591.8831845773	0.2925425051020454	846.8344956846062	845.6439165345425	1.526689	31.237247	0.3257219664681639	0.1954942374351844	0.1170268543	0.1071341063	-0.211304944	-0.083884297	-0.0357889461	-0.0727395888	-0.1117200845	-0.1346727531	-0.0340427964	-0.2236195032	-0.2033470941	-0.0772265605	-0.1711381375	0.054589462	0.2028083814	-0.0845330044	0.0486444299	0.1010153085	0.1268178621	-0.088913621	0.022182758	0.1317419674	-0.2240735408	-0.0256480821	-0.2928515082	-0.1323451315	-0.0720241047	-0.0796055353	-0.1900164624	0.1233690369	0.052732669	0.147864117	-0.0555822008	-0.1361643413	0.1443476919	0.1674791828	-0.0625026675	0.3167940889	0.0536726384	0.0042339404	-0.0399270602	-0.0238134065	0.1682531011	0.0465092685	0.010527019	-0.0842154041	0.0948035893	0.2254662848	-0.1241917671	-0.0418952511	0.2560789799	-0.2147910695	-0.1376856966	-0.0505545243	0.2591844585	-0.2520913378	-0.0749622989	-0.1732599168	0.0804382308	-0.0566678073	0.0553989424	-0.0391782619	0.0660480507	-0.0326164629	-0.1386435909	-0.0353134083	-0.0340189394	0.1050711395	0.0060554677	0.2311028332	-0.05010622	-0.0219340862	-0.0445671177	0.0478013845	0.2752021146	-0.1701514444	-0.113961835	0.2420537841	0.0606594461	-0.1054172954	0.0210770313334762	0.0084075633628657	7.068712170060162e-05	0.0004442412498323	-0.0711483745075867	-0.022979190334297	0.0005280431884198	0.0050620911950718	0.2071845803252898	0.092433005957929	0.0085438605904185	0.0429254503245664	-0.0038965953699607	-0.0029896089331276	8.937761573036348e-06	1.5183455477199169e-05	-0.0004387619299892	-0.0003531185614788	1.2469271846088706e-07	1.9251203120784762e-07	-0.0003793556443243	-0.000695316641655	4.834652321623877e-07	1.4391070488070485e-07	0.0	0.0	0.0	0.0	0.0	0.0	0.0	0.0	0.0	0.0	0.0	0.0	0.0	1.0	0.0	0.0	0.0	0.0	0.0	0.0	0.0	0.0	0.0	0.0	0.0
797.8192377906641	0.1103101637543204	0.0121683322275049	636515.5361888763	1048.953219095866	-2.719966813629526	1100302.8558515797	7.398219467245956	747.4507099811295	-1.9436342626586336	558682.5638512946	3.7777141469805713	844.8303289939099	841.6603197624711	1.240009	25.371561	0.3958136522669396	0.2351784412712275	0.1947455884	0.0172957186	-0.1441490265	-0.0734594464	0.0412528675	-0.082768109	-0.1398495113	-0.0300890477	0.0043092736	-0.1800431173	-0.025123161	-0.0020408581	-0.0326385664	0.1426796694	0.0848368806	-0.0748943376	0.1516878887	0.0278266057	-0.131109588	-0.1573855285	-0.0346612226	0.120127843	-0.0246146943	0.1488186609	-0.1372518356	0.0885345167	-0.1152722934	-0.1513231095	-0.1101698547	-0.037415323	0.1891248046	-0.028730439	0.1569352752	-0.0668406025	-0.1031426058	0.1562447443	-0.1672467676	0.1514860555	0.0642485433	0.1094807542	0.0838382284	0.0230938735	-0.0334159555	-0.0496925249	-0.0245493	0.057945103	-0.1295881453	0.0037577539	-0.1200382729	0.0556536453	0.1479879837	0.0362135705	0.0381454014	0.0966248626	0.2270408806	0.0088152138	0.0008579584	-0.1130904073	0.0868282397	-0.0504576579	0.0361591305	-0.0633895267	-0.1135291108	-0.0215923615	0.0006023112	-0.1069835664	-0.0095794412	0.0341999944	0.1324634939	0.0248172897	-0.1310140483	-0.0153056303	-0.0666770473	-0.1067291446	0.0607798957	0.0688540284	0.0160536514	0.0567887976	0.0554119421	-0.1133587932	0.0404691484169887	0.0193921170835124	0.0003760542049806	0.0016377519735962	-0.0303408387347445	0.0408075357728422	0.0016652549758517	0.0009205664951277	0.0299058151742599	-0.1772787651510299	0.031427760573474	0.0008943577812369	-0.001543931834841	0.0023526635351197	5.535025709481923e-06	2.383725510635497e-06	-0.0003752867618627	6.347516812649998e-05	4.0290969686874406e-09	1.408401536293909e-07	0.0003712103376206	0.0007505659819449	5.633492932529121e-07	1.3779711475639988e-07	0.0	0.0	0.0	0.0	0.0	0.0	0.0	0.0	0.0	0.0	0.0	0.0	0.0	0.0	0.0	0.0	0.0	0.0	0.0	0.0	0.0	0.0	0.0	0.0	0.0
798.6118238461568	0.7925860554926203	0.6281926553613509	637780.845186885	1049.1906670963062	0.2374480004402812	1100801.055921992	0.0563815529130878	748.8276972949953	1.3769873138658113	560742.9202361251	1.8960940625473823	844.930940482873	850.853719525764	1.258197	25.743683	0.1177728467270217	0.0802689659165943	0.0885139554	-0.1878570773	0.0674767996	0.0691251514	0.073657438	-0.0672268953	-0.1905682456	-0.1346146919	0.1889007611	-0.0003293894	-0.0981131508	0.0082348555	-0.0592837052	0.1657166312	0.0884526971	-0.0082836632	0.0825045339	0.0489999109	-0.1261651919	-0.0590148693	0.1198492802	-0.0737834925	0.1502738573	0.1041914899	-0.0416066824	0.1044216462	-0.0417122115	-0.1486085378	-0.0794039448	-0.1051806068	-0.0836485704	-0.1154424729	0.0901396735	0.0202184335	-0.0451786449	0.0709001234	-0.2048424279	0.1281372365	-0.1484979034	-0.0606412996	0.1453753116	0.0606578214	-0.1490001917	0.0274609216	-0.0488929989	0.0006787033	0.0540719697	0.0274311198	0.0146306131	0.0674564595	1.65761e-05	0.0449458938	0.0058121623	0.0034168759	0.2072340006	0.0403683091	0.0025948146	-0.0794162738	0.0233051299	-0.0622360881	0.0996899489	0.0311876474	-0.2412344022	-0.0979044	0.0606470229	0.0361465765	-0.0770428435	-0.0042659591	0.0037777273	0.038833577	0.0341268608	-0.0742386891	0.045315478	-0.0378793289	0.0463369443	-0.0315917294	-0.0653735078	-0.0658585487	0.0500887521	-0.1206811645	0.0292567070138716	-0.011212441403117	0.0001257188422183	0.0008559549052955	-0.0231854622878699	0.0071553764468746	5.11994120964878e-05	0.0005375656615022	0.0339885552161689	0.0040827400419089	1.666876624980709e-05	0.0011552218856825	-1.2983044187679145e-05	0.0015309487906533	2.343804199602865e-06	1.6855943637922922e-10	-0.000162000978924	0.0002132857829387	4.549082520377426e-08	2.624431717233429e-08	0.0002089991345102	-0.0001622112031104	2.6312474414523442e-08	4.3680638226012686e-08	0.0	0.0	0.0	0.0	0.0	0.0	0.0	0.0	0.0	0.0	0.0	0.0	0.0	0.0	0.0	0.0	0.0	0.0	0.0	0.0	0.0	0.0	0.0	0.0	0.0
799.2033263498397	0.591502503682932	0.349875211863177	638725.9568486484	1048.5922365375593	-0.5984305587469407	1099545.6785268406	0.3581191336421757	751.7892992980499	2.9616020030545087	565187.1505390528	8.771086424496477	843.9903248464028	846.8845858295604	1.404696	28.741175	0.1499548242275811	0.105559545686439	-0.112057964	-0.0592218254	-0.1120620722	-0.1053652997	0.2188062012	0.0976856589	-0.0907266194	-0.1612885294	0.0570779991	0.0993194606	-0.0831532055	-0.0134452911	-0.0788175134	0.0422516457	0.1618483611	0.0838353377	-0.1046943332	0.025121718	-0.1712548398	0.0730975326	0.1237933014	-0.0099740956	-0.0514015706	0.1407533317	0.1802698706	0.1565651408	0.1798395794	0.0491400945	-0.1746233035	-0.0389299696	0.0648709304	0.0203928452	-0.0341319447	-0.1093538633	0.1352166467	-0.1068390649	-0.0910524995	0.1402809836	-0.1674887408	0.0329986569	0.0240546698	0.1033702987	-0.1078450555	0.0887120236	-0.0263803384	0.0569132077	-0.0098257301	0.0633658987	0.0794024176	0.0136488184	-0.0415787412	-0.0024784989	-0.1534680518	0.1635935818	0.205417755	0.055400295	0.0651240484	0.0093525859	-0.021960766	0.0758413711	0.0566326514	0.0397705834	-0.1287327888	-0.0526788193	0.0311388477	0.0088471743	0.0032949168	-0.0928557739	0.1787655353	0.0151782508	-0.0349205408	-0.1098450289	0.0302990882	0.0021398081	-0.0099495659	0.1729753904	0.0235408051	-0.0079936206	0.0446971468	-0.1273444172	0.0268657004754828	-0.0023910065383888	5.7169122666180085e-06	0.0007217658620383	-0.0168438535965123	0.0063416086913575	4.021600079430223e-05	0.0002837154039807	-0.0700303508288726	-0.1040189060450414	0.0108199328148071	0.0049042500372149	-0.000185012758263	-0.0001720297140753	2.9594222524836644e-08	3.4229720720083275e-08	-0.0004699947262136	-0.0003079937472896	9.486014836948998e-08	2.2089504266859682e-07	-5.504346318074458e-05	-0.0002640425976909	6.971849339538204e-08	3.029782838929984e-09	0.0	0.0	0.0	0.0	0.0	0.0	0.0	0.0	0.0	0.0	0.0	0.0	0.0	0.0	0.0	0.0	0.0	0.0	0.0	0.0	0.0	0.0	0.0	0.0	0.0
800.3114284475342	1.108102097694541	1.2278902589150422	640498.3825037327	1050.8436018999885	2.251365362429169	1104272.2756541416	5.0686459951458245	749.8800789969308	-1.909220301119035	562320.1328764432	3.6451221582050586	842.3337814050709	839.5775366608734	1.197939	24.510769	0.1692068671146577	0.1037952210513003	-0.0844592701	0.0726382454	0.1343061554	-0.0319652615	0.1716707501	0.1973248974	-0.0822560999	-0.1030757309	-0.0289244761	0.050719432	-0.0432425963	-0.2109174071	-0.0733318206	-0.0623247947	0.1453603414	0.1059217267	-0.0403990062	-0.0733967542	-0.0439479175	-0.0751680581	-0.0562075546	0.0277113241	-0.0294077387	0.0852696835	0.1831761593	-0.0996282288	-0.1345170911	0.0509724518	-0.0917716718	-0.0839681489	0.025421341	-0.2141915091	-0.0207106143	-0.0829056092	0.0512247535	-0.1282593861	-0.1054820272	0.1237536137	-0.1191803934	0.1188004385	-0.1538685546	-0.072953637	0.0638286747	0.0447387238	-0.2442778816	0.1608319368	0.1145516316	-0.0372833973	0.0018567075	-0.1397168977	0.0530724609	0.0196130899	-0.1308121833	0.0996669362	0.1915927705	-0.0136656134	0.1033868389	0.0114550466	-0.1103470288	0.1061582154	-0.0263258635	-0.0064226518	-0.0140203199	-0.0078559848	0.1175793499	-0.1495246244	-0.0370659083	-0.0054710245	-0.0007134871	0.1186631252	-0.0625666508	-0.0854180578	-0.1367531908	-0.1053867157	0.0040135851	0.0875319111	0.0666916898	-0.1841619928	0.0392444906	-0.1333121588	0.0223152368615018	-0.0045504636139809	2.0706719102165016e-05	0.0004979697961849	-0.0136960115354014	0.0031478420611109	9.908909641698924e-06	0.0001875807319778	-0.0801392295171012	-0.0101088786882286	0.0001021894283333	0.0064222961075946	-0.0018355703016383	-0.0016505575433753	2.7243402039931056e-06	3.3693183322565198e-06	0.0006423077200581	0.0011123024462717	1.2372167319820085e-06	4.125592072462346e-07	0.000210090202199	0.0002651336653797	7.029586051769835e-08	4.41378930600167e-08	0.0	0.0	0.0	0.0	0.0	0.0	0.0	0.0	0.0	0.0	0.0	0.0	0.0	0.0	0.0	0.0	0.0	0.0	0.0	0.0	0.0	0.0	0.0	0.0	0.0
801.1411021083483	0.8296736608140236	0.6883583834485435	641827.0654873789	1050.5813481199975	-0.2622537799909423	1103721.169017631	0.0687770451195376	750.6279709894854	0.7478919925546279	563442.3508317918	0.5593424325273316	843.7974303838774	853.5155023879114	1.213162	24.822245	0.1394536533316341	0.0927164544197987	-0.0765794858	-0.0837856634	-0.0574092201	-0.1637837269	0.0431339738	0.1318580026	-0.1050035123	-0.0348162752	0.0832680426	0.0264807194	-0.0591487916	-0.1262994671	-0.0465562129	-0.1735566421	0.137188452	0.058462382	-0.0139094344	0.0738180288	-0.100074594	-0.046859191	0.0898722045	0.1453720472	-0.1023957525	-0.0492953576	0.0108325054	0.0815521059	-0.0608298463	-0.1276383749	0.0170708646	-0.0025721997	-0.2060727101	-0.0136579322	-0.0107627777	0.2524445044	-0.029588939	-0.0728425366	-0.1788958201	0.0771151722	-0.0814773254	0.0696383613	-0.0194766306	0.1432616	-0.0019095711	-0.0568175326	-0.1688717781	0.1052315291	0.0394046481	0.0666585327	0.0877890574	0.08709341	-0.1469490721	-0.0301791698	0.0365045344	-0.2276279452	0.1732894434	0.0669709587	0.1122511193	-0.0194028432	-0.0858145173	0.0694135758	-0.0003259763	0.0502815228	-0.1476618314	0.0162927698	0.1125901386	0.0262579883	0.0774553687	-0.1054717932	-0.0100896339	0.0432896597	0.0916547106	0.0216348946	-0.1090673523	0.0302940167	0.0271270925	0.0129862864	0.0079270296	3.34174e-05	0.0337382312	-0.1385517956	0.0220822312520283	-0.0002330056094735	5.429161404611759e-08	0.000487624937068	-0.0089824442359258	0.0047135672994755	2.221771668668569e-05	8.068430445151664e-05	-0.1091716568778906	-0.0290324273607893	0.0008428818384595	0.0119184506654638	-0.0003330038572066	0.0015025664444317	2.257705919932121e-06	1.1089156891447365e-07	3.64651917967862e-05	-0.0006058425282613	3.670451690500608e-07	1.3297102127764035e-09	0.0002090061136541	-1.0840885449000008e-06	1.175247973183401e-12	4.368355554479056e-08	0.0	0.0	0.0	0.0	0.0	0.0	0.0	0.0	0.0	0.0	0.0	0.0	0.0	0.0	0.0	0.0	0.0	0.0	0.0	0.0	0.0	0.0	0.0	0.0	0.0
801.1790780130335	0.0379759046852541	0.0014421693366635	641887.9150458145	1054.2941661161535	3.712817996155991	1111536.1887065554	13.785017472579788	749.7385460416177	-0.8894249478677239	562107.8874205989	0.7910767378895033	844.5627594795127	851.3527355453847	0.935067	19.1322	0.089841920409523	0.0445746301906983	-0.1255752786	-0.0385295922	0.0091523894	-0.2027156877	0.0256663155	0.1464941674	-0.0031281472	0.0268347631	0.0098471013	0.0607396228	-0.0958847131	-0.0117124713	-0.132820643	-0.0964971229	0.1117888751	0.0405416961	-0.0064178657	0.0255064644	-0.159394357	-0.0534940945	0.224124208	0.0147677193	-0.0642402259	0.052276991	0.0931389851	0.0574023052	0.1257002723	0.1716865836	0.0512031045	0.0286522792	-0.0160332736	-0.0152123214	-0.124236113	0.1244783572	-0.0402883678	-0.1138708758	-0.0793825376	0.0771759753	-0.0745759169	0.0395270484	0.025492368	0.2380012357	-0.0269215923	-0.0477161392	-0.0401304961	0.1553757404	-0.0419781593	0.014106148	0.0198212675	0.0672578462	-0.1966473997	0.0296389262	0.0030204346	0.0688293909	0.1486342459	0.0420313502	0.0892484009	0.0276974629	-0.0838755683	0.0855769788	-0.0076103607	0.0834781957	-0.1054229703	0.0345160102	0.1212888149	0.0367389068	0.0913295697	-0.0717257109	0.0665204564	0.0715574517	-0.0062572236	0.0072294867	-0.1258439413	0.0482777898	-0.0301951641	0.0794571745	-0.0160216419	-0.026263458	0.0281858894	-0.1430347106	-0.0118458762633224	-0.0339281075153507	0.0011511164795731	0.0001403247844459	-0.0088612010759732	0.0001212431599525	1.4699903835291706e-08	7.852088450882861e-05	-0.09095002240403	0.0182216344738606	0.0003320279628989	0.0082719065752935	-0.0006160109388784	-0.0002830070816718	8.009300827638889e-08	3.7946947681784795e-07	0.0003579810018892	0.0003215158100924	1.0337241613938109e-07	1.2815039771359546e-07	6.211030021113133e-05	-0.0001468958134429	2.1578380007071453e-08	3.857689392316861e-09	0.0	0.0	0.0	0.0	0.0	0.0	0.0	0.0	0.0	0.0	0.0	0.0	0.0	0.0	0.0	0.0	0.0	0.0	0.0	0.0	0.0	0.0	0.0	0.0	0.0
801.7890646493954	0.6099866363618958	0.3720836965400996	642865.7041913524	1052.0747504140816	-2.219415702071956	1106861.280458852	4.925806058603553	750.2068309353707	0.4682848937529797	562810.2891820918	0.2192907417172395	843.3897000610672	856.1721356759275	1.086641	22.233515	0.1650291561324312	0.097511040237447	-0.116264478	0.109711489	0.1562351161	0.0142230193	0.0004582834	0.1172475063	0.0473069058	0.0181889361	-0.0539351768	0.0631233935	0.0885962251	-0.0100941468	-0.1412555289	0.0309175039	0.1211990138	-0.0094920055	0.0522953379	0.1205928209	-0.2252025305	0.038283368	0.0565616277	-0.0146867741	0.0471292039	0.1373845757	0.0255762405	0.2324366349	-0.0398203708	-0.0171342509	0.2319817354	0.1915274399	0.0822495449	0.0776819164	-0.1511865498	0.0030149231	-0.072493086	-0.1209814313	0.0006761716	0.0599881567	-0.0233881998	0.0614940721	-0.0712532833	0.0058555908	-0.0603634728	0.0977896835	-0.0251727823	0.1277467899	0.0049143416	-0.0774777464	-0.1572641309	0.1320217282	-0.1672949941	-0.0582119666	0.1278630199	-0.0589636178	0.1370110283	0.0788053058	0.1077937389	-0.0189404869	-0.0682620665	0.1432953648	-0.0846317422	-0.0009226247	0.0143413632	0.0508193827	0.2230659759	-0.0451832724	0.1492229774	0.0141080647	-0.0991489484	0.1034937	-0.0375974748	0.0830894657	0.1336788005	0.1265265857	-0.0895882456	-0.0211265252	0.020299041	-0.1260113324	0.022595049	-0.1467364196	-0.0145079764078843	-0.0026621001445618	7.086777179676486e-06	0.0002104813794517	0.0196556217724008	0.028516822848374	0.0008132091853655	0.0003863434672596	-0.1392301197090546	-0.0482800973050246	0.0023309677957826	0.0193850262341976	0.0008409826136147	0.0014569935524931	2.122830212006464e-06	7.072517564022117e-07	0.0006080241291768	0.0002500431272876	6.252156550376294e-08	3.69693341661206e-07	5.774426330241712e-05	-4.366036908714209e-06	1.9062278288254724e-11	3.3343999443388764e-09	0.0	0.0	0.0	0.0	0.0	0.0	0.0	0.0	0.0	0.0	0.0	0.0	0.0	0.0	0.0	0.0	0.0	0.0	0.0	0.0	0.0	0.0	0.0	0.0	0.0
801.7244787298458	-0.0645859195495859	0.0041713410040655	642762.139794643	1050.98656613219	-1.088184281891472	1104572.7621903324	1.1841450313556583	749.0630011307566	-1.1438298046141426	561095.3796630158	1.3083466219236275	844.0753715695358	864.0080950696181	1.132201	23.165726	0.1208411557410062	0.0774387636179906	-0.0797562192	0.0819627699	0.0750785401	0.0344693848	-0.0923571695	0.0593366105	0.0292727924	0.0426986752	-0.1492416603	-0.0040745321	0.1028644129	0.0695110553	-0.2198445666	-0.062959981	0.0199929721	0.0557149311	0.0458776383	0.0731148753	-0.0255490232	0.0656038151	-0.1275986437	0.0097335576	-0.0684712771	-0.0565687645	-0.0073668472	0.0009947443	0.0274290291	0.2501782297	-0.0327213631	-0.0134440977	-0.0834678126	-0.2294125792	0.1871862385	0.1076540586	0.0653626945	-0.0427169179	0.0380751127	0.0118672088	0.0311456224	0.123821762	-0.1214534805	0.1065942115	-0.1318211895	0.0091911988	0.1015964428	0.0414556761	0.1716319464	-0.0329454663	0.0011874547	0.026382833	-0.1786384406	-0.0665634493	0.1053266816	-0.060478294	0.1365667828	0.0602522804	0.1311849377	0.0149673273	-0.1219187904	0.0793708519	-0.0521588409	0.0082116715	0.026556913	0.0268346044	0.1068108844	0.0222094754	0.0386572833	0.0239087768	-0.1918212638	-0.1779593883	0.0328022312	0.1135073259	-0.2036865346	-0.0257600687	-0.0868294861	-0.0262937012	-0.0614507532	-0.0568219641	0.0169733466	-0.1496367051	-0.0037021766456319	0.0108057997622524	0.0001167653085018	1.3706111915462268e-05	0.0063005460116727	-0.0133550757607281	0.0001783580485747	3.969688004520477e-05	-0.1424748251685912	-0.0032447054595365	1.0528113519146552e-05	0.0202990758068206	-0.0005971357958648	-0.0014381184094795	2.0681845596838465e-06	3.565711587030881e-07	0.0005843613564704	-2.3662772706399986e-05	5.599268121547478e-10	3.414781949359259e-07	0.0004646745762863	0.0004069303129838	1.6559227962516084e-07	2.1592246184685242e-07	0.0	0.0	0.0	0.0	0.0	0.0	0.0	0.0	0.0	0.0	0.0	0.0	0.0	0.0	0.0	0.0	0.0	0.0	0.0	0.0	0.0	0.0	0.0	0.0	0.0
801.9063872644253	0.1819085345795201	0.0330907149528684	643053.8539354826	1051.3325711418602	0.3460050096700797	1105300.1751437546	0.1197194667167919	749.9087802055187	0.845779074762163	562363.178629329	0.7153422433055404	843.8650577975696	854.3428439722915	1.05027	21.489351	0.0918882800573835	0.0426185578358315	-0.076293545	0.1136874915	0.1575200207	0.0365694062	0.0030081687	0.0938707474	0.0985344012	0.0392150545	-0.1132682399	-0.0127957224	0.0791824854	0.1169273118	0.0331320562	-0.1231377754	0.0519638383	0.1533527108	-0.064244111	0.1353295224	0.0461061227	-0.1259603889	-0.0022642381	-0.1270029984	-0.0273826096	-0.0231308225	-0.0489932227	0.0814395643	0.0859995422	-0.0255172998	0.0680843782	0.0296608294	-0.0549620557	-0.0916660167	-0.0446471557	0.2285775094	0.2087143448	-0.0803875933	0.0858929964	-0.024550366	0.0964181455	0.1011352354	-0.084426247	0.1150560505	-0.2190123888	-0.0925255349	-0.0593202754	-0.0193901909	0.1277623924	0.0654548866	-0.1453984091	0.0652114573	-0.0169505889	0.098453391	0.0240341259	-0.0765538727	0.1254383205	0.0449742261	0.113432105	0.0022606943	-0.0539775276	0.0835075575	-0.0447922487	0.0813948888	0.0849745049	0.0085954096	0.1261756439	0.0477831707	0.0479586364	0.1567173914	-0.1315822664	-0.0795141358	0.0271882676	0.142458914	0.2027641943	0.1870719752	-0.1091566008	-0.1089107157	0.0485162083	0.1675912825	0.0113284606	-0.1517197269	-0.0192765089988284	-0.0155743323531965	0.0002425598282478	0.0003715837991819	-0.0105812219255341	-0.0168817679372068	0.0002849940886857	0.0001119622574374	-0.1294110709046805	0.0130637542639107	0.0001706616754678	0.0167472252726962	-8.80447972990096e-05	0.0005090909985657	2.591736448207136e-07	7.751886331423687e-09	0.0006709937685733	8.663241210289999e-05	7.505174826766692e-09	4.502326374641993e-07	0.0001330294768936	-0.0003316450993927	1.0998847195119389e-07	1.7696841722584857e-08	0.0	0.0	0.0	0.0	0.0	0.0	0.0	0.0	0.0	0.0	0.0	0.0	0.0	0.0	0.0	0.0	0.0	0.0	0.0	0.0	0.0	0.0	0.0	0.0	0.0
802.2446398101586	0.3382525457332122	0.1144147846949987	643596.462104131	1053.1666020412072	1.834030899346999	1109159.8916550225	3.3636693397595616	748.7628499654899	-1.145930240028861	560645.8054884427	1.3131561150126023	843.2899962497821	857.8280548511312	1.0272	21.017305	0.1098408091659465	0.053669308739025	-0.0387676111	0.1617299538	0.0785668667	0.0978426868	-0.1079657762	0.0322762887	0.0091337593	0.0647889681	-0.1335139936	0.0182215142	0.0354619344	0.0238545976	0.0312174673	-0.0317045901	0.0598130989	0.0145665636	-0.068247602	0.1117682808	0.2474484986	-0.0633595899	-0.1272784628	-0.0789222434	-0.0613759148	0.0687740129	-0.0731891234	0.15563083	0.1355845447	0.0020871002	0.1068312854	-0.0437395818	-0.1816767449	0.0523774551	-0.0561198059	-0.0761766163	0.0176253794	-0.0643004453	0.0946023417	-0.0323287287	0.0961713738	0.0757196427	-0.0889875571	0.0269890654	0.0495741887	-0.067164314	-0.0708069833	0.0367597864	0.0949401546	0.2413575277	-0.1110624662	-0.0292611898	-0.0317633894	0.0591839017	0.0563221227	-0.0530364596	0.0354699911	0.0454756421	0.1153198322	0.0585747662	-0.0805436702	0.0651826358	0.0243856921	-0.0027297657	0.0837563814	0.0476024634	0.0390466868	-0.017696825	-0.0687982812	0.2830945383	-0.0612896531	-0.0435885614	0.1319029862	0.1395866856	0.0118974967	-0.0325842499	-0.0098081644	-0.0572762712	0.088886322	0.1508437151	0.0056681013	-0.1529741081	-0.0377697420542944	-0.0184932330554659	0.0003419996688437	0.0014265534148479	0.0144061734684726	0.0249873953940067	0.0006243699285764	0.0002075378340037	-0.1672184355626598	-0.0378073646579793	0.0014293968223814	0.0279620051920234	-0.0004010271703743	-0.0003129823730752	9.795796585584026e-08	1.6082279137841787e-07	0.0004129730613342	-0.0002580207072391	6.657468536416536e-08	1.7054674938774094e-07	0.0001330827177491	5.324085550000805e-08	2.834588694372737e-15	1.7711009763486622e-08	0.0	0.0	0.0	0.0	0.0	0.0	0.0	0.0	0.0	0.0	0.0	0.0	0.0	0.0	0.0	0.0	0.0	0.0	0.0	0.0	0.0	0.0	0.0	0.0	0.0
801.6803397466722	-0.5643000634863711	0.3184345616507224	642691.3671363398	1054.9293413349226	1.7627392937154127	1112875.9152093336	3.107249817608312	747.9043930168439	-0.8584569486459941	559360.9810938936	0.736948332678591	844.2270444935075	860.47197272156	1.320592	27.02034	0.0958893151843256	0.0512069634752144	0.1713917677	0.047302041	-0.0362192067	-0.1172788794	-0.0089780411	-0.0608077511	-0.0712967899	0.1630489439	-0.0395317529	-0.0874841644	-0.0828709387	0.0431623643	0.0197395993	-0.0805841937	-0.0421334523	-0.0826803302	0.0559380637	0.0057142465	0.1071775458	-0.0969352184	-0.0148811665	0.0428670004	-0.0063846976	-0.1686171551	-0.0576286988	-0.0015409048	-0.1735672228	-0.0219903136	-0.0451363306	-0.0625924468	-0.0815608645	-0.0208071619	-0.0682513546	0.0798861848	-0.0542760005	0.0652808904	-0.0599507146	-0.0718525589	0.1234355527	0.0417460662	0.0049661139	0.0020880692	0.1419123412	-0.0684885555	0.0440487548	0.0342720717	-0.1067638641	0.1819825277	-0.1019918519	-0.0830610667	-0.0311466271	0.1052552859	0.018937994	0.1416809435	-0.0594049342	-0.0076625609	0.0451992546	0.006913167	-0.0287213177	-0.0457478585	0.0248587076	-0.1472568924	-0.0125132618	0.0646018992	0.0214920346	-0.0903283343	0.0148719119	0.1856432856	0.050166427	-0.0478652315	0.0428115605	0.0119655949	-0.1744110948	0.0486151793	-0.0876418732	0.0609132735	0.0690933496	0.0130139114	0.0	-0.1533929978	-0.0655011282984219	-0.0277313862441275	0.0007690297830209	0.0042903978083663	0.0103046379406777	-0.0041015355277949	1.6822593685763788e-05	0.0001061855630884	-0.1398141747859966	0.0274042607766632	0.0007509935087153	0.0195480034710892	-0.0002919331830181	0.0001090939873562	1.1901498077274725e-08	8.522498334707948e-08	0.0003280593620953	-8.491369923890001e-05	7.210336318434368e-09	1.0762294505837516e-07	-0.0004059522483706	-0.0005390349661197	2.905586946996662e-07	1.6479722795714534e-07	0.0	0.0	0.0	0.0	0.0	0.0	0.0	0.0	0.0	0.0	0.0	0.0	0.0	0.0	0.0	0.0	0.0	0.0	0.0	0.0	0.0	0.0	0.0	0.0	0.0
801.0028459598093	-0.6774937868628967	0.4589978312378281	641605.559235714	1052.0287539912206	-2.900587343702	1106764.49922432	8.413406938444224	747.6528620899172	-0.2515309269266481	558984.8021912448	0.0632678072005788	843.1122641175438	860.2487939211181	1.545098	31.613916	0.103400136525715	0.0479715376904277	-0.018071401	-0.2253527012	-0.0075606898	0.0831515433	-0.0200679001	-0.1453820388	-0.0084262763	-0.0119753845	0.1747592759	0.1256230389	-0.0819620019	0.053425326	0.0175055034	-0.0784123388	-0.0883058437	0.0379052399	0.0302449898	0.0257735604	0.0017379505	0.1019542795	0.1258403705	-0.0688368093	0.0735324971	0.0869247698	-0.0127525986	-0.077319477	-0.0735741369	-0.0787526662	-0.0821242142	0.0971975539	-0.1036781173	-0.0078950928	-0.0387058715	0.0181992182	0.0134561284	0.025130397	0.0482965586	-0.0837261096	-0.1190885715	-0.1428015945	0.1900618427	0.0172081419	0.0689159247	0.0647958849	0.1096893931	-0.023117028	-0.0146421514	0.0169551861	-0.0746588099	-0.0621855696	-0.1320217831	0.0089865534	0.0411770044	0.1280053945	-0.1019667544	-0.0205364446	0.0077079122	0.0531191295	-0.0692508837	-0.0181940497	0.0700680944	-0.1250844839	-0.0571622102	0.0047589953	-0.0200041919	0.1000697932	0.0349830681	-0.0746543814	-0.0403767917	-0.0367834372	0.1382863317	-0.0643682095	-0.0869256774	-0.0166149308	-0.0460539739	0.0382199168	0.0264522511	0.060112849	-0.0056681013	-0.1529741081	-0.0963315478362574	-0.0308304195378354	0.0009505147688789	0.0092797671085291	-0.0130002968556084	-0.0233049347962861	0.0005431199858591	0.0001690077183339	-0.1163293311161481	0.0234848436698484	0.0005515378821972	0.0135325132779304	-0.0001973345835718	9.45985994463e-05	8.948895017201508e-09	3.894093787345573e-08	0.0005180628183467	0.0001900034562514	3.610131338747768e-08	2.683890837533259e-07	-0.0006369489631078	-0.0002309967147372	5.335948221937935e-08	4.057039816041016e-07	0.0	0.0	0.0	0.0	0.0	0.0	0.0	0.0	0.0	0.0	0.0	0.0	0.0	0.0	1.0	0.0	0.0	0.0	0.0	0.0	0.0	0.0	0.0	0.0	0.0
800.4791084554143	-0.5237375043949442	0.2743009735098441	640766.803073575	1053.882244484097	1.8534904928765168	1110667.7852388383	3.435427007183635	749.2354945132607	1.5826324233435116	561353.8262385303	2.5047253874181563	844.3081757552981	860.9428967576083	1.400316	28.651564	0.1215358281702355	0.0750073849687271	-0.1132835711	0.0619343262	0.0369507763	0.0824878497	0.0550835235	0.0324822403	0.1920467655	-0.0640298163	-0.037674873	0.0297472601	0.0759521204	0.0910391006	0.048534213	0.0103143645	0.0098528972	0.0099971845	0.0372472355	-0.118306763	0.0941451021	0.0884795459	-0.0746875985	0.0041558954	-0.1024975735	0.0473171656	0.0293324749	-0.1007238242	-0.0959226513	0.0564760757	0.0715670256	0.3191184524	0.1357778412	-0.040770608	0.070055615	0.0510276802	0.038803846	-0.0764552434	0.1614721599	0.0186768734	0.0426964886	-0.0708202935	-0.0128397064	-0.0857774779	-0.0212238909	-0.0303068326	0.1602485854	0.109819931	-0.0179531512	-0.1415932528	-0.0804756817	0.0502523261	-0.11039683	-0.0499762055	-0.1039893273	-0.0168499068	-0.076311445	-0.0501532844	-0.0493936418	0.1289371179	-0.0192481073	0.079353782	0.0562728199	-0.1152188172	0.0695751474	0.0774742182	0.0468652825	0.0712073826	0.1492417555	0.0494647403	-0.0414565301	-0.0753830559	-0.0535683898	0.0549348769	0.1294702759	-0.0431704321	-0.0616571046	0.080604744	0.0714111277	0.0057900034	-0.0113284606	-0.1517197269	-0.0992795710011904	-0.002948023164933	8.690840580981616e-06	0.0098564332181804	-0.0096231829086974	0.003377113946911	1.1404898610420796e-05	9.260564929424574e-05	-0.1047653753487765	0.0115639557673715	0.0001337250729897	0.01097578387197	-0.0013341835435568	-0.001136848959985	1.2924255578189758e-06	1.7800457278977794e-06	0.0013043293634364	0.0007862665450897	6.182150799272933e-07	1.7012750883224044e-06	-0.0004871297623621	0.0001498192007457	2.244579291208037e-08	2.37295405378956e-07	0.0	0.0	0.0	0.0	0.0	0.0	0.0	0.0	0.0	0.0	0.0	0.0	0.0	0.0	0.0	0.0	0.0	0.0	0.0	0.0	0.0	0.0	0.0	0.0	0.0
800.6465807724946	0.1674723170802963	0.0280469769882433	641034.9473026867	1050.539680630553	-3.3425638535441067	1103633.6205793442	11.172733115019629	748.462271324674	-0.7732231885867122	560195.7715964899	0.5978740993682023	845.4440216304749	863.7287699183602	1.203383	24.622158	0.1968195662387004	0.0978460541677137	-0.061136091	0.0980435337	-0.0045290743	0.1151439831	-0.085976715	0.002791672	0.0544124833	-0.0313993277	-0.2344325908	-0.0034121869	0.0519487161	0.0648328801	0.0748895274	-0.2701546077	-0.0505289476	-0.0677687358	0.0394493017	0.0376171012	0.2042627552	-0.0113124816	-0.0072164524	-0.0165475893	0.095801933	-0.0435730287	0.1227524127	-0.0494916808	0.0745333995	0.0852721183	0.1660656491	0.0955429059	-0.1199810991	0.0203547981	0.0915794155	-0.0852904912	0.0673936957	0.051172589	0.162019226	-0.0708680915	0.0222970136	0.0350876078	-0.1719160127	-0.0501839169	-0.0607591149	-0.1195919698	-0.0525746582	-0.1296741469	0.0992913051	0.0210802707	0.1241780201	-0.0799106108	-0.1671139243	0.0447591211	0.1239538506	-0.0373943402	-0.1223140523	-0.0317569176	-0.0006817175	0.0784030512	-0.1258396093	0.0219160613	0.0814417907	-0.0173056559	0.0999595027	0.0340065854	-0.0876682735	-0.0849385446	-0.0581373396	0.1284849665	-0.0521566278	-0.2295146805	-0.007979138	-0.0796612729	-0.0081538715	0.0337595898	0.104026367	-0.0746394082	-0.0660735623	-0.0502214105	-0.0169733466	-0.1496367051	-0.1207939257123769	-0.0215143547111864	0.0004628674586387	0.0145911724890072	-0.0298943008271237	-0.0202711179184263	0.0004109182216627	0.0008936692219425	-0.1374668656742841	-0.0327014903255075	0.0010693874695092	0.0188971391583116	-0.000343986157846	0.0009901973857107	9.804908626685026e-07	1.1832647678965324e-07	0.0001540310356107	-0.0011502983278257	1.3231862429986018e-06	2.3725559931304733e-08	-0.000180973410227	0.000306156352135	9.373171195267133e-08	3.275137520919003e-08	0.0	0.0	0.0	0.0	0.0	0.0	0.0	0.0	0.0	0.0	0.0	0.0	0.0	0.0	0.0	0.0	0.0	0.0	0.0	0.0	0.0	0.0	0.0	0.0	0.0
800.937802476583	0.2912217040883433	0.0848100809321186	641501.3634360179	1051.867753271963	1.3280726414100172	1106425.7703734073	1.7637769408617805	748.7579871156162	0.2957157909421539	560638.5232694292	0.0874478290125436	842.2479335754875	855.304507637766	1.090708	22.31673	0.0290473142332473	0.0163256306036349	-0.0889787132	0.049442864	0.0971259068	-0.0821832037	0.1048236251	0.0972173043	0.0086727599	0.0106314413	-0.0593841844	0.0793694057	-0.0889103504	0.0994239603	0.0591275456	-0.0839124438	-0.0490318875	-0.0005636673	-0.1111552886	-0.1408094502	0.1413456765	0.1294475142	-0.0121066198	0.000170334	0.129064097	0.0371862229	0.0249063197	-0.068678626	0.1676690663	-0.1029928651	-0.0079120272	0.0470323123	0.212297756	0.0472972917	0.2394933951	-0.0229127187	-0.0358332175	-0.109769972	0.0543335235	-0.0832029359	-0.0597547206	0.0242039803	-0.0772871991	-0.0246910016	0.1019547347	-0.0406279893	0.0476511633	0.0714663919	-0.0529681644	0.0125593948	0.019650373	-0.2340442051	0.032535116	0.0941099671	-0.0598380765	0.0484718517	-0.1152891571	-0.0373780724	-0.0128371556	0.1274603876	-0.1698368054	0.0236566362	0.0631048839	-0.0106248292	0.0521145923	0.1107666119	-0.0707921568	-0.0640453003	-0.0236708015	0.0692175701	0.0414428962	-0.148406388	0.0012966698	-0.078748702	-0.0087689315	0.0446086265	0.0587685212	0.029640889	-0.0813555671	-0.0217072041	-0.022595049	-0.1467364196	-0.118252232265462	0.0025416934469149	6.4602055780901735e-06	0.0139835904357647	-0.0353811997084534	-0.0054868988813297	3.010605933393712e-05	0.0012518292928094	-0.1375350223424618	-6.81566681776935e-05	4.645331417084218e-09	0.0189158823707414	-0.0002750157344706	6.897042337540002e-05	4.756919300581925e-09	7.563365420640356e-08	-0.0001279658675981	-0.0002819969032088	7.952225341935334e-08	1.637526327013446e-08	-0.0002490173883793	-6.804397815229999e-05	4.629982962790678e-09	6.200965971524713e-08	0.0	0.0	0.0	0.0	0.0	0.0	0.0	0.0	0.0	0.0	0.0	0.0	0.0	0.0	0.0	0.0	0.0	0.0	0.0	0.0	0.0	0.0	0.0	0.0	0.0
801.7831496295469	0.8453471529638819	0.7146118090241407	642856.2190298763	1052.7248436422908	0.8570903703277963	1108229.5964216855	0.7346039029086391	748.6204001061002	-0.1375870095159825	560432.5034550176	0.018930185187551	844.3750430530138	858.0380018063556	0.957423	19.589626	0.0651746949578675	0.0346855089280153	-0.1084068924	-0.0443412861	-0.0200402772	-0.1893233747	-0.058344223	0.0620164447	0.0185644825	0.0359603553	0.0165523618	0.0915386796	-0.053620873	-0.0730094366	0.0021688693	-0.1062590346	-0.0510977638	0.0920548954	-0.1451999608	-0.0895025873	0.1430820635	-0.0205178963	-0.0304571119	0.0244339145	0.0911720193	0.1581069925	0.0254108449	-0.1246568582	0.1737423612	-0.0767046518	0.1073988196	-0.0313477198	0.0699626094	0.0361043902	0.0094892096	-0.0057106436	0.0252996322	-0.0568621225	0.0704490678	-0.0740392205	-0.0840128814	-0.0764823818	-0.0007068886	0.0131023066	0.1324309861	-0.1227698701	-0.030908794	0.0567905337	-0.0417078366	-0.0273132061	0.0550170651	-0.1302870797	0.0088905998	-0.0278360379	0.0002944756	-0.0217108976	-0.1257548037	-0.0551093865	0.010167175	0.1146650185	-0.1072755901	0.0141169527	0.0524575356	-0.0029454707	0.0156778838	0.0882579095	-0.0927556135	0.0578942862	0.0465825711	-0.0030303893	0.0428802401	-0.1155553683	0.0072137714	-0.1029779161	-0.0347690799	0.0314045673	0.0754117988	0.0120789978	0.0093556326	0.0996181002	-0.0281858894	-0.1430347106	-0.1285869115121869	-0.0103346792467249	0.0001068055951326	0.0165345938122429	-0.028148638584426	0.0072325611240274	5.230994041279251e-05	0.0007923458541566	-0.1304991701088766	0.0070358522335851	4.950321665284568e-05	0.0170300333991055	-0.0007355519575107	-0.0004605362230401	2.1209361273204083e-07	5.410366821978227e-07	-0.0001988056808632	-7.083981326509999e-05	5.018279143434236e-09	3.9523698743480536e-08	-0.0005290733991447	-0.0002800560107653	7.843136916582983e-08	2.7991866168252697e-07	0.0	0.0	0.0	0.0	0.0	0.0	0.0	0.0	0.0	0.0	0.0	0.0	0.0	0.0	0.0	0.0	0.0	0.0	0.0	0.0	0.0	0.0	0.0	0.0	0.0
802.0066705797607	0.2235209502138104	0.0499616151844847	643214.6996544327	1059.578623453776	6.853779811485083	1122706.8592801986	46.9742977043205	749.4867237062383	0.8663236001381165	561730.3490119112	0.7505165801562671	845.0345724911828	864.3716729605708	1.035154	21.180052	0.0942017870139232	0.0435692963157992	-0.1044956048	-0.1150676359	-0.0716780808	-0.135645009	-0.1123433358	0.0104241972	0.1640242214	0.1159656424	0.135863896	-0.0333702226	-0.0664076343	-0.0677571121	-0.2149538458	0.1632603289	0.029183265	-0.0276138341	0.0333010802	-0.1359012868	0.1355190289	0.1718125557	0.1533316002	0.0547376848	-0.0219568635	0.1560871098	-0.0502436241	-0.0292276059	0.1238093788	-0.1664816255	0.0312919974	0.1159719381	-0.0993688656	-0.0261470292	0.0133023444	0.1126348006	-0.2679539784	-0.0764264287	0.0341643816	0.0725413749	0.0076941001	-0.1765968489	0.0941141582	-0.0135302949	0.2180557887	-0.1307685692	0.1381874496	0.2102895074	-0.0940329687	-0.0661524643	0.0354467198	0.1935345048	-0.047869638	-0.1353188483	-0.1458327449	-0.0748233157	-0.0758371456	-0.0546010632	-0.0779760656	0.0718772868	-0.0708468226	0.009205348	0.0193110039	-0.0070902943	-0.0387849163	0.2456641194	-0.0987037151	0.0543901948	0.1392886569	-0.1592854868	0.0036875472	-0.0186760109	0.1198736607	0.0563762515	0.1268503985	-0.1347365336	-0.0704787581	0.0128254904	-0.2010492465	0.0611985812	-0.0337382312	-0.1385517956	-0.1176290101063699	0.0109579014058169	0.0001200756032196	0.0138365840186044	-0.0457741213334514	-0.0176254827490254	0.0003106576421361	0.0020952701838495	-0.1096378414745657	0.0208613286343108	0.0004351950323887	0.012020456283202	-0.0005409534517412	0.0001945985057695	3.786857844772213e-08	2.926306369507189e-07	0.0002895858299645	0.0004883915108276	2.3852626784856334e-07	8.38599529162283e-08	-0.0003169219312465	0.0002121514678981	4.500824533136097e-08	1.0043951050501129e-07	0.0	0.0	0.0	0.0	0.0	0.0	0.0	0.0	0.0	0.0	0.0	0.0	0.0	0.0	0.0	0.0	0.0	0.0	0.0	0.0	0.0	0.0	0.0	0.0	0.0
802.0579767495922	0.0513061698314913	0.0026323230627778	643296.9980676493	1056.317766077378	-3.26085737639778	1115807.2229307026	10.633190829207814	748.4577893708881	-1.0289343353501863	560189.0624699567	1.0587058664625295	847.144612590159	880.4775040771246	1.351068	27.643911	0.0770416813446993	0.0397834366078503	0.0449000677	-0.0794396366	0.071828515	0.0728215358	-0.1191375081	-0.0526214222	0.0646756267	-0.0200099299	0.0545849182	-0.0638422151	0.1801466359	0.0245576223	8.58097e-05	-0.1563328824	-0.0566385775	-0.0252728157	-0.0352431874	-0.0581887138	0.1714785679	0.0140170786	0.038277537	0.2008314357	0.1749864599	-0.0062126038	-0.0886411696	-0.0374645141	0.0507777259	-0.1138392799	0.0078002579	-0.1639737378	-0.0239532631	0.0273142245	0.0507490345	-0.0267648812	-0.0759378269	0.1035126948	0.0195459877	-0.060788324	0.0421393453	-0.0610795788	-0.1280155213	0.0051063082	-0.0809245307	-0.3133431592	0.0544367248	-0.0007695422	-0.0253801071	-0.1719344505	0.0840200784	-0.0332823317	-0.0141176838	0.0573488449	-0.0654644071	-0.1757283976	-0.1144442087	-0.0601648792	-0.0846305219	0.068582288	-0.0935490165	-0.1046782715	0.0735726619	-0.0349347653	-0.0566813336	0.0985533912	-0.0631965581	-0.0521919256	-0.1359267015	0.1150742468	-0.0723861135	-0.042029418	-0.0173292363	-0.0644614646	0.0462679818	-0.0252471256	-0.0247894406	-0.0259555423	-0.0237788966	-0.1212049886	-0.0392444906	-0.1333121588	-0.1213054160639046	-0.0036764059575346	1.351596076459662e-05	0.014715003966437	-0.0500686373326999	-0.0042945159992485	1.844286766780136e-05	0.0025068684443534	-0.0863465358670367	0.023291305607529	0.0005424849169033	0.0074557242562374	-5.902282369195725e-05	0.0004819306280492	2.3225713025193762e-07	3.4836937165718703e-09	-0.0001439906108458	-0.0004335764408103	1.879885300257276e-07	2.0733296011746616e-08	-0.0003170039379947	-8.200674819997066e-08	6.725106750333389e-15	1.004914967041476e-07	0.0	0.0	0.0	0.0	0.0	0.0	0.0	0.0	0.0	0.0	0.0	0.0	0.0	0.0	0.0	0.0	0.0	0.0	0.0	0.0	0.0	0.0	0.0	0.0	0.0
800.5426643974897	-1.5153123521024554	2.296171524434276	640868.5575206318	1053.8806575700348	-2.4371085073432823	1110664.440400249	5.939497876565001	747.1974666279958	-1.2603227428922992	558304.054135295	1.5884134162515684	843.0202838166805	857.1882764764333	1.048542	21.453993	0.0361214386097755	0.0242839470574059	0.0285053942	-0.1609102548	0.0376144455	0.1271448253	-0.1096986755	-0.0929584917	0.0387634705	-0.0326736955	0.1853132791	-0.05631035	-0.0230466882	0.0459297454	-0.081559022	-0.0504429413	-0.0260422405	-0.1088801401	-0.0370000958	-0.0762058697	0.1641817693	-0.0006277607	-0.1112399812	0.0504490971	0.0650551362	0.1231801138	-0.0704881404	-0.0138954117	-0.0140551077	-0.040570285	0.008821947	-0.0103069549	-0.004490556	-0.0491592001	-0.124512203	0.0962060824	0.0883222589	0.0204346727	-0.0280307642	-0.0557223964	0.000563363	-0.2002988525	-0.0168868506	-0.0326700602	0.0700988635	-0.0919687336	0.0785022489	0.0082994234	0.1189720315	0.0384633615	-0.1117178132	-0.0292557739	0.0942714152	0.009885869	0.060886786	0.0343903904	-0.0824431483	-0.0521635208	-0.1150671985	0.1135373593	-0.0642885698	-0.1391711106	0.0986675358	-0.0407906009	-0.12785642	0.0377031985	-0.0216252388	0.0663160943	-0.0924511951	0.0044821075	-0.0847417803	0.0478869254	0.1036027391	-0.0197924465	-0.0037147927	-0.0348481365	-0.0789622972	-0.0109246942	-0.0286856138	0.0318053699	-0.0446971468	-0.1273444172	-0.1176893920123376	0.003616024051567	1.3075629941511094e-05	0.0138507929922336	-0.0517661183269666	-0.0016974809942666	2.8814417258966573e-06	0.0026797310066415	-0.071917407119642	0.0144291287473947	0.0002081997564088	0.0051721134468123	-0.000386022939037	-0.000327000115345	1.0692907543567128e-07	1.4901370946276344e-07	-0.0001434386923218	5.519185239999988e-07	3.046140571343373e-13	2.0574658454988007e-08	-0.0003170280004566	-2.406246190001697e-08	5.790020726897685e-16	1.0050675307350997e-07	0.0	0.0	0.0	0.0	0.0	0.0	0.0	0.0	0.0	0.0	0.0	0.0	0.0	0.0	0.0	0.0	0.0	0.0	0.0	0.0	0.0	0.0	0.0	0.0	0.0
800.6826353599308	0.1399709624411116	0.019591870326691	641092.6825669239	1055.1056730980968	1.225015528061931	1113247.981403788	1.5006630439928517	747.7178654491453	0.5203988211494561	559082.0063118262	0.2708149330537436	843.8952570236887	856.6069372303291	0.93498	19.130417	0.180259952311114	0.1272666946720153	-0.0182351628	-0.1677928434	-0.0637984708	0.0972548258	-0.1309391146	-0.0640827238	0.0910984344	-0.0760342144	0.2313910082	-0.0298295347	-0.077649714	-0.124079754	-0.0125102674	0.0056239899	0.0175673671	-0.0167006322	-0.0284960339	-0.1101850916	0.0554254942	0.0031662358	0.0076929052	0.104908488	0.0736600786	0.0151395619	0.0451822767	-0.0958117146	-0.0880136681	0.1761835529	-0.1622169997	-0.0074054065	0.1065675135	0.1027642516	-0.0010677932	0.1115544837	-0.0507533185	0.015779457	-0.0155221396	0.0669787105	-0.0469075949	-0.2245314354	0.110703478	-0.013723684	0.0505633367	-0.0908368788	0.0824898834	-0.0423849503	0.0467893148	-0.0448877183	-0.0573141851	0.0229771961	0.0810458262	-0.0559755574	0.0990930944	-0.0567840774	-0.0480556691	-0.1106089242	-0.1630345838	0.1319424331	-0.0148966054	-0.1158571939	0.1092657816	-0.0528687259	-0.1026814708	0.0710517418	-0.0642521947	0.1280352069	0.0025789514	-0.1107113099	-0.0786405392	0.1475402259	0.0358219507	-0.0566312587	-0.0119964767	-0.0657944869	0.0229952522	-0.019932153	0.0460575867	0.0120962894	-0.0500887521	-0.1206811645	-0.1214047664436037	-0.0037153744312661	1.3804007164505997e-05	0.0147391173152259	-0.0425322165439894	0.0092339017829772	8.52649421376695e-05	0.0018089894441448	0.03248325676293	0.1044006638825719	0.0108994986191217	0.0010551619699264	-0.0014419864275932	-0.0010559634885561	1.1150588891637795e-06	2.079324857362999e-06	5.872816750307486e-05	0.0002021668598248	4.08714392114506e-08	3.4489976582692167e-09	-0.0003169581045517	6.989590490001945e-08	4.8854375217925606e-15	1.0046244004100637e-07	0.0	0.0	0.0	0.0	0.0	0.0	0.0	0.0	0.0	0.0	0.0	0.0	0.0	0.0	0.0	0.0	0.0	0.0	0.0	0.0	0.0	0.0	0.0	0.0	0.0
800.4743588454782	-0.2082765144526774	0.0433791064725563	640759.1991690793	1057.9506955614277	2.8450224633309062	1119259.6742389086	8.094152816857457	749.4573364257812	1.739470976635971	561686.2991224267	3.025759278558899	846.3796267371791	870.8713911034254	1.309563	26.794678	0.1092404823124488	0.0799690681639994	-0.1285210143	-0.0127814965	-0.0632545119	0.0442294445	0.0150421466	-0.0091665688	0.2500180667	-0.0840621519	0.0275563493	0.0669633833	0.0251102031	0.0294797689	0.0194330422	0.1744916352	0.0995116457	0.0025220484	-0.0237441406	-0.1397367298	0.0613416103	0.0225539058	-0.0179525507	0.001932289	-0.0795297077	0.1517260204	-0.0219304808	-0.1316329361	-0.0422443639	0.1599320205	0.1080208578	0.0254962864	-0.0112214006	0.3207989384	-0.0960327525	0.0132748698	-0.1949632429	-0.0380846647	0.1655654203	0.0973146178	0.0226783941	-0.0938980098	0.0021426741	-0.0602747922	-0.0973141951	-0.0809927656	0.0595860298	-0.0089098505	-0.0734773394	-0.1221504653	-0.1709386615	0.0378827272	0.0597507304	-0.1965889353	0.0595082989	0.0646996177	-0.0552148999	-0.0726949064	-0.1255621754	0.1259752603	0.033054526	0.0102406202	0.0856983931	-0.071964207	0.0663533741	0.0866549216	-0.0074439661	0.0575728035	0.0398203794	-0.0765460753	-0.0319609183	0.1293710471	-0.2129500293	-0.003872289	0.1084323049	0.0013888673	0.0119861633	0.0494801687	0.0544030672	0.1251428135	-0.0554119421	-0.1133587932	-0.1213220602475928	8.270619601090379e-05	6.840314858594037e-09	0.0147190423027205	-0.0482673762853806	-0.0057351597413912	3.28920572592744e-05	0.0023297396134745	-0.0423965467783205	-0.0748798035412505	0.0056069849783762	0.0017974671787263	-0.0013349196062595	0.0001070668213336	1.1463304230502417e-08	1.7820103551760186e-06	0.0005222109544809	0.0004634827869778	2.14816293824732e-07	2.727042809798526e-07	-0.0003166514561873	3.0664836439997685e-07	9.4033219389181e-14	1.0026814470553759e-07	0.0	0.0	0.0	0.0	0.0	0.0	0.0	0.0	0.0	0.0	0.0	0.0	0.0	0.0	0.0	0.0	0.0	0.0	0.0	0.0	0.0	0.0	0.0	0.0	0.0
799.2937364820707	-1.1806223634074513	1.393869164977796	638870.4771794699	1054.1748075298235	-3.775888031604154	1111284.5248305404	14.257330427211494	747.6859367198514	-1.7713997059298665	559034.2599686416	3.1378569181684166	845.6400513336101	853.5367405813491	1.57386	32.202408	0.0673662930437594	0.0319825792027271	0.1433580256	0.0831260042	-0.1361974988	-0.0630696247	-0.0309350646	-0.0299910397	0.0069834376	0.009454291	-0.0236009722	-0.160494885	0.0490725272	-0.0104255818	-0.0260970494	0.1366172921	0.0334210786	-0.0894560713	0.1735318588	-0.0541236445	-0.0470723613	-0.0283713595	-0.0797145295	0.0832512771	0.0536727618	-0.0039895605	-0.1146424313	-0.0609271876	-0.3426293851	0.1138764218	-0.0880147187	0.1145646098	0.0169601715	-0.0356831432	0.0843855913	-0.1124710337	-0.0469036223	0.093617659	-0.0463052583	0.084908655	0.1113924676	0.0462608012	0.0331100543	-0.1190293552	0.0474741631	-0.1427586247	0.2008724071	0.0109917102	-0.2077438988	-0.1119709789	-0.0035280183	0.0267175422	0.0935096363	0.0165175889	0.1528027547	0.0357418605	-0.0603131287	-0.1101035011	-0.1329875574	0.0058927327	0.1560242671	-0.059713537	0.025801624	-0.1687856918	-0.0292600722	0.1405712253	0.0246720368	-0.0767244933	0.0519105533	-0.0929837129	0.1139452025	0.0589875089	-0.1214505876	0.0703536596	-0.0344078801	0.0585745024	0.017961756	0.086627947	0.0367064594	0.0747030502	-0.0606594461	-0.1054172954	-0.118405969735079	0.0029160905125138	8.503583877173029e-06	0.0140199736689044	-0.0433275198899281	0.0049398563954525	2.4402181207693e-05	0.0018772739798121	-0.0545711991838686	-0.0121746524055481	0.0001482221611959	0.0029780157803654	-0.0015011793141043	-0.0001662597078447	2.7642290452638218e-08	2.2535393330946563e-06	0.0009330161529454	0.0004108051984645	1.6876091108545727e-07	8.705191416570341e-07	-0.0006863004244829	-0.0003696489682956	1.3664035976200152e-07	4.710082726454088e-07	0.0	0.0	0.0	0.0	0.0	0.0	0.0	0.0	0.0	0.0	0.0	0.0	0.0	0.0	0.0	1.0	0.0	0.0	0.0	0.0	0.0	0.0	0.0	0.0	0.0
799.6229338797043	0.3291973976336066	0.1083709266087389	639396.836386386	1048.9844853270288	-5.190322202794732	1100368.450456811	26.93944456882396	747.8350040751292	0.1490673552777934	559257.1933200485	0.0222210764095159	843.1696252897968	848.5559350099081	1.344044	27.500181	0.0823598680122016	0.0598468587927632	0.140839168	-0.0425699623	0.0974739339	0.0679385878	0.1169224485	-0.0111769473	-0.0831965257	-0.023034632	0.0083141498	-0.0854360069	0.1412172224	0.1083771533	0.0035164937	0.0371945317	-0.0564043466	-0.1526799832	-0.1013213619	-0.0662141172	-0.149434287	-0.0725753203	-0.2555911915	-0.0752053051	0.0226661206	-0.0269384152	-0.1092793183	-0.0115470806	-0.0761780702	-0.0725110664	-0.0358755119	0.0081214788	-0.0861444873	-0.133998832	0.0004126558	-0.1826385765	0.0931652378	0.0587516218	-0.1349754991	-0.0684711489	0.0023505305	-0.035486863	-0.0666354743	-0.1335949736	-0.0838406995	0.007469051	0.1356107433	0.0321378553	0.0580831998	-0.0806205718	0.00400711	-0.1102998602	0.1741682928	0.0278987574	-0.0009580603	0.0552572171	-0.0495841422	-0.0832589073	-0.0849061782	-0.0714817489	0.0765601682	-0.055478883	-0.0792920207	-0.0568633748	-0.0146551073	0.125960533	0.1400299753	-0.1808603772	-0.1743441811	-0.0967682295	0.0122046726	0.0804374682	-0.174000878	-0.2240607792	0.16661125	0.0852949949	-0.1045124369	-0.0670493357	-0.0019947343	-0.0739362459	-0.0658240966	-0.096900045	-0.1210804253055499	-0.0026744555704708	7.152712598422821e-06	0.0146604693921728	-0.0563816672792683	-0.0130541473893402	0.0001704107640626	0.0031788924051901	-0.1100200547973742	-0.0554488556135056	0.0030745755888473	0.0121044124576172	-0.001309166160218	0.0001920131538862	3.686905126536391e-08	1.7139160350599418e-06	0.0009329703706129	-4.5782332499947134e-08	2.096021969135716e-15	8.704337124415721e-07	-0.0007178896770418	-3.158925255889995e-05	9.978808772299672e-10	5.153655884031799e-07	0.0	0.0	0.0	0.0	0.0	0.0	0.0	0.0	0.0	0.0	0.0	0.0	0.0	0.0	0.0	0.0	0.0	0.0	0.0	0.0	0.0	0.0	0.0	0.0	0.0
799.9842133191694	0.3612794394650791	0.1305228333802017	639974.7415598903	1047.9215651119457	-1.062920215083068	1098139.60662667	1.1297993836322353	748.5273524693081	0.6923483941789073	560293.1973947118	0.4793462989221115	843.5906408715435	837.8073840902009	1.108382	22.678356	0.1663469073554082	0.0845698488451276	0.1604592585	-0.0286495055	0.1005870641	-0.0521717297	0.1003088743	-0.0669792484	-0.1667978522	0.0357050943	-0.001713904	0.0175601444	0.2433734005	-0.0659540065	-0.0534012954	0.1534800541	-0.0468823882	-0.1543640114	-0.0298506538	-0.0468826005	-0.1398315695	0.0034909424	-0.1793313073	0.0634428901	-0.0259649853	0.0995142433	0.0449038784	-0.0811427859	0.0495016751	0.0169277509	-0.0547790705	-0.2450057687	-0.0916002164	0.0393669138	-0.0803916049	-0.0462605166	0.1049726969	0.0720641422	-0.126032994	-0.0916573858	-0.0523781116	0.0249693215	-0.0750236697	-0.1076247951	-0.0418239491	0.1329110891	0.1543418229	0.0162678509	0.0255487778	0.0061009296	0.0041552015	-0.0473496048	0.144569039	-0.1566929014	-0.0263169178	0.0198195711	-0.0933184625	-0.0554880808	0.0049393035	-0.1244672496	0.0674937132	-0.0784330502	-0.1525723725	-0.100939865	0.0108278699	0.0392284211	0.0543459339	-0.0463312782	0.0006818453	-0.1386198952	-0.0005969676	-0.0438672494	-0.0751914273	0.0242671761	0.1037754425	0.1950228883	0.0871510548	0.07983935	0.0504069669	0.1089082629	-0.0708988393	-0.0878535601	-0.1389675559332914	-0.0178871306277415	0.0003199494420938	0.0193119816020724	-0.035344234628269	0.0210374326509992	0.0004425735725453	0.0012492149214581	-0.1702575396325016	-0.0602374848351273	0.0036285545792622	0.0289876298017128	-0.0004948433396726	0.0008143228205454	6.631216560610158e-07	2.4486993081833214e-07	0.0005891315388042	-0.0003438388318087	1.1822514225957149e-07	3.470759700138047e-07	-0.0005323541445651	0.0001855355324767	3.4423433811412604e-08	2.834009352356394e-07	0.0	0.0	0.0	0.0	0.0	0.0	0.0	0.0	0.0	0.0	0.0	0.0	0.0	0.0	0.0	0.0	0.0	0.0	0.0	0.0	0.0	0.0	0.0	0.0	0.0
799.9657377220306	-0.0184755971388312	0.0003413476896363	639945.1815291526	1048.348390018239	0.4268249062931772	1099034.3468538334	0.1821795006321795	749.6963101724036	1.1689577030955434	562044.5574861168	1.3664621116264086	844.2574681960378	836.5648755915898	1.036216	21.201778	0.1022373676329341	0.048002434286352	0.1645436218	-0.057190224	0.140425585	0.0026102508	0.1428687066	-0.0044899924	-0.1398406572	0.0561383909	0.0712066396	0.0069140534	0.2450241831	-0.1480773463	0.1104359844	0.0605890285	-0.0895339963	-0.1103851633	-0.1231454666	-0.0010864749	-0.1116124092	0.1394238302	-0.0166468257	0.0365465725	-0.0543635576	-0.0355739558	0.0388493131	-0.0044709945	-0.0248928395	-0.1199547315	0.0978425136	-0.1075730761	-0.0479124036	-0.0102872732	0.1126169856	-0.0513882975	0.1715288975	0.0376942603	-0.1674549342	-0.1240697059	-0.1190200977	0.0144989627	-0.0686373631	-0.0621685797	0.029788144	0.1212050473	0.0470065613	-0.1137452853	-0.0827817991	-0.1085689388	0.0126785701	0.1228499095	0.0675130613	-0.0580330711	-0.1126243768	-0.0994354302	-0.1095672359	-0.0588145185	0.0330726976	-0.0781413399	0.1393089929	-0.0424551095	-0.1768597856	-0.1254750939	0.0020066805	-0.0779587259	0.1729040173	0.0655920451	-0.1116454713	-0.0545403933	-0.0555652394	-0.0886295364	-0.1237254489	0.030131814	-0.0605135575	0.2042256234	0.0112075512	-0.0907324861	-0.0556913053	-0.0162970371	-0.0758767427	-0.0783272495	-0.11937956383791	0.0195879920953814	0.0003836894343287	0.0142514802621296	-0.0224629793947173	0.0128812552335517	0.0001659267363919	0.0005045854432874	-0.1884037260571176	-0.018146186424616	0.0003292840817569	0.0354959639922054	-0.0012037391185446	-0.000708895778872	5.025332253025396e-07	1.4489878655145307e-06	0.0006999491106527	0.0001108175718484	1.2280534230397438e-08	4.899287575035056e-07	-0.0007450794714323	-0.0002127253268672	4.5252064690757117e-08	5.551434187498356e-07	0.0	0.0	0.0	0.0	0.0	0.0	0.0	0.0	0.0	0.0	0.0	0.0	0.0	0.0	0.0	0.0	0.0	0.0	0.0	0.0	0.0	0.0	0.0	0.0	0.0
800.5255791025554	0.5598413805248583	0.3134223713479792	640841.2027974817	1046.5774885439405	-1.7709014742983982	1095324.439526942	3.13609203167224	750.1678473680539	0.4715371956502849	562751.7992248199	0.2223473268817351	843.1932563481369	835.3819316537464	1.31269	26.858671	0.1635282722769172	0.0902687208998573	0.0579097614	-0.105310512	0.1331737979	0.0782589804	0.1900114506	-0.0083137747	-0.1562749071	0.067052903	-0.0067747748	0.0894181156	0.2867109477	-0.1005872469	0.0450219208	0.115704666	-0.1613773105	-0.1526229771	-0.2284372198	-0.1051947222	-0.2565313429	0.0598546601	-0.0376359796	-0.1048974843	-0.2170933103	-0.2012168777	-0.0540543801	-0.0067131413	0.0077743871	0.0559983171	-0.0247793566	0.1680901002	-0.0165430368	0.0374727615	-0.0263052188	0.0124143486	-0.0162603523	0.0181627725	-0.096931582	-0.2166321252	-0.0795540703	0.0265636005	-0.2737940705	-0.0184947274	-0.1956309488	0.3386056059	-0.0600968097	-0.0569957259	-0.0735044653	-0.11223478	0.0699631579	0.232694818	0.1283813143	-0.0588553106	-0.0359592015	-0.048437923	-0.1213269094	-0.05538068	0.1280478234	-0.1746877296	0.0037669115	0.0472410401	-0.2837138853	0.0070281813	-0.0372406278	0.0374355732	-0.0416472781	-0.0168455559	-0.3895179373	-0.1811800458	-0.1204719913	-0.048441665	-0.1276739078	0.2362440468	-0.0554579586	-0.3326067567	0.0879030678	0.0956398955	-0.0620492219	-0.0500313537	-0.0807510076	-0.0683731426	-0.1366089697352066	-0.0172294058972965	0.0002968524275737	0.0186620106121145	0.006006415803796	0.0284693951985133	0.0008105064629691	3.6077030808090346e-05	-0.265170705758095	-0.0767669797009773	0.0058931691724102	0.0703155031922461	-0.0008503615821548	0.0003533775363898	1.2487568322492446e-07	7.231148204048146e-07	0.0003288576517339	-0.0003710914589188	1.377088708824834e-07	1.0814735510393504e-07	-0.0008418603057263	-9.678083429399997e-05	9.36652988664268e-09	7.087287743575794e-07	0.0	0.0	0.0	0.0	0.0	0.0	0.0	0.0	0.0	0.0	0.0	0.0	0.0	0.0	0.0	0.0	0.0	0.0	0.0	0.0	0.0	0.0	0.0	0.0	0.0
802.1318945803791	1.6063154778237276	2.5802494142960706	643415.5763031085	1048.0229098750096	1.4454213310691555	1098352.0196228826	2.08924282430973	749.2965968999648	-0.8712504680891016	561445.3901258684	0.7590773781454786	842.7725017477521	841.3708333338282	1.314092	26.887352	0.1396199279101699	0.0847298573999179	0.1089581558	0.02712683	0.0674331311	-0.1062284663	0.0488246548	0.0427565256	-0.1969617414	0.1647784587	0.0264927683	0.0559074525	0.2236150715	-0.0874749941	0.0984417481	0.042625583	-0.1215698214	-0.069059673	-0.1254609667	0.2114918039	-0.0594614443	-0.0755778176	-0.097229244	-0.0527849517	0.1561963358	-0.0231490548	-0.0789704403	0.0425139399	0.0392208562	0.0234106459	0.1090903805	0.1966225364	-0.0658649092	-0.0122889216	-0.1289874526	-0.0440439331	-0.0343011363	-0.0356049192	-0.1093907372	-0.1798480152	0.0030330826	0.0641490772	-0.0937212769	0.0115344425	0.0661550413	0.0813318228	-0.0606788688	-0.1757587524	-0.1996715971	0.1084411013	-0.0015557975	0.1670446713	0.0786009099	0.1719520435	-0.0136969784	0.146633823	-0.1204059321	-0.0452212105	0.0694417499	-0.0934824446	0.0702407462	-0.0083572885	-0.1984527414	0.0500275511	0.0108701363	-0.0189521308	-0.0692923591	-0.0397908906	-0.0656609124	0.0227776745	0.0680501261	-0.0087933396	-0.0065609319	0.1447083939	-0.0567593629	0.0259637478	0.2230011139	-0.0056856527	0.0886878177	0.0038165808	-0.0855149763	-0.0580456054	-0.1509750961246112	-0.0143661263894046	0.0002063855874363	0.0227934796498355	-0.014490039908594	-0.0204964557123899	0.0004201046967699	0.0002099612565526	-0.1871258519007597	0.0780448538573352	0.0060909992136128	0.035016084449585	-0.0008759469750006	-2.5585392845800005e-05	6.54612327073914e-10	7.672831030127016e-07	0.0002701716286488	-5.868602308509998e-05	3.444049305544888e-09	7.299270892674508e-08	-0.0003918818826364	0.0004499784230899	2.0248058124647305e-07	1.535714099386492e-07	0.0	0.0	0.0	0.0	0.0	0.0	0.0	0.0	0.0	0.0	0.0	0.0	0.0	0.0	0.0	0.0	0.0	0.0	0.0	0.0	0.0	0.0	0.0	0.0	0.0
803.1120520471667	0.9801574667875456	0.9607086596993788	644988.968143411	1050.2955367892396	2.272626914229932	1103120.7145993968	5.164833091282261	749.9077545395471	0.6111576395823022	562361.6403185456	0.3735136604198111	843.9695360679326	860.2490131066467	1.126996	23.059221	0.1204918514571251	0.050786062999737	0.1723039264	-0.0692706591	0.1649954258	-0.0256586278	0.0206554366	-0.0146026784	-0.166567088	0.1117843011	0.0819537424	0.1092583871	-0.0010201483	-0.1069982592	0.1156452064	-0.0625738852	-0.1493702623	-0.079407103	-0.1376554417	0.0189109669	-0.1800211992	-0.0559856955	0.0295434695	0.0458461974	0.0031066156	-0.1601938899	-0.0429080007	0.031060367	0.0383746596	-0.0684730364	0.0149492837	-0.0453343598	0.0211310704	-0.0470905324	-0.0844191472	0.0617378771	0.0851565567	0.0121598818	-0.1408790403	-0.2066224471	-0.0726596079	-0.0469152354	-0.0279404294	-0.0075255547	0.1215792657	0.1154179591	-0.1098212561	-0.0206145262	0.0702633823	-0.0080302469	-0.0143946352	-0.0337182171	0.0440691617	0.1066930864	-0.07143117	0.0756548195	-0.1216520403	-0.0384549073	0.0636279931	-0.0704556482	0.0191759174	-0.039639765	-0.1600225033	0.0502413791	-0.0715421074	-0.0656435156	-0.0034582962	-0.0031961752	-0.1202852457	0.1216366497	-0.0056921789	0.0120793876	-0.012561562	0.0103469285	-0.0333394545	0.0729681306	0.0669660695	-0.1321881234	0.1394811498	-0.1528048417	-0.0901621419	-0.0474010431	-0.1327386614022998	0.0182364347223114	0.0003325675513811	0.0176195522308744	-0.0245018230573208	-0.0100117831487268	0.0001002358018171	0.0006003393331322	-0.1627413054230828	0.0243845464776769	0.0005946061069219	0.0264847324908091	-0.0002962486202503	0.0005796983547502	3.3605018250020453e-07	8.776324500020647e-08	0.0005976249703385	0.0003274533416897	1.0722569098375145e-07	3.5715560517209306e-07	-0.0008419119283646	-0.0004500300457282	2.025270420581258e-07	7.088156951225994e-07	0.0	0.0	0.0	0.0	0.0	0.0	0.0	0.0	0.0	0.0	0.0	0.0	0.0	0.0	0.0	0.0	0.0	0.0	0.0	0.0	0.0	0.0	0.0	0.0	0.0
802.6415067620501	-0.4705452851166001	0.2214128653454624	644233.3883772541	1052.4903725268794	2.194835737639778	1107735.984261769	4.817303915220749	749.8056571788358	-0.1020973607113546	562208.5235373857	0.0104238710642244	845.1939549683899	863.7157085953056	1.603484	32.808544	0.1308309257111108	0.0753751542508053	-0.0810967154	-0.1854925124	-0.0373090664	0.0429559093	-0.048729293	-0.1602741139	0.0035222748	0.1007794378	0.1065798146	0.2393823303	-0.0747403496	-0.040879554	-0.1510055181	0.0868490363	-0.1623977107	-0.0772015361	-0.0589199538	0.0650552841	0.0480255586	0.0980948747	0.1229066228	0.054133248	-0.1571600963	-0.0826109189	-0.0199358935	0.0370432604	0.03265174	-0.1343222665	0.1948272826	-0.153091908	0.3258027195	0.0762983751	-0.0069094888	0.0271500764	0.0988604514	0.0282619366	0.0854907545	-0.1130929551	-0.1332107578	-0.0885606789	0.0720820405	0.134051509	0.2258267849	0.2650938288	-0.0063926241	-0.0237921849	0.0342251284	0.1356806102	0.0330293924	0.1798248488	0.0796909011	-0.1491563655	0.12967292	-0.1097621578	-0.0948679647	-0.0499164375	0.1604431706	-0.1163190828	0.0186936375	0.1117183656	-0.1993315108	0.0622772891	-0.0785007618	-0.0350317068	-0.1170932912	0.1119841775	-0.0788841873	-0.2227616335	-0.0462207003	0.0970414099	0.1774056893	-0.043280988	-0.0845432724	-0.0553122553	-0.1050003942	-0.0234296791	0.0413532363	0.0350453517	-0.0946861568	-0.0364975928	-0.1326298607791045	0.0001088006231953	1.1837575607690202e-08	0.0175906799702846	0.0311966599352473	0.0556984829925681	0.0031023210076733	0.0009732315911154	-0.2029927529391102	-0.0402514475160274	0.0016201790271355	0.0412060577457986	-0.0008181774610694	-0.0005219288408191	2.724097148787694e-07	6.694143578019696e-07	0.0007438560196131	0.0001462310492745	2.138351977195048e-08	5.533217779146446e-07	-0.0008691959298573	-2.7284001492699985e-05	7.44416737453655e-10	7.555015644804963e-07	0.0	0.0	0.0	0.0	0.0	0.0	0.0	0.0	0.0	0.0	0.0	0.0	0.0	0.0	0.0	0.0	1.0	0.0	0.0	0.0	0.0	0.0	0.0	0.0	0.0
802.2024624819142	-0.4390442801359313	0.1927598799200781	643528.7908120468	1052.6191216263117	0.1287490994322979	1108007.015213348	0.0165763306046277	749.1377063263628	-0.6679508524729272	561207.3030399239	0.4461583413193101	845.6737471452848	871.0838102644983	1.301025	26.619991	0.1629893147712209	0.0842997901521919	-0.0913560373	-0.0797060058	-0.0534822684	-0.1668897221	-0.0967858119	-0.0864355333	0.1221127627	-0.0095994784	0.0234956152	0.1611563347	0.1226286001	-0.0400507457	-0.0395784884	-0.0618600871	-0.0755638717	-0.0402167564	-0.0648148892	0.0104022343	0.0256092688	0.0981736853	0.2340877455	-0.0382215467	-0.029721359	-0.0677615645	-0.1553148015	-0.060611408	0.0093282638	-0.0387090734	-0.0140104802	-0.0116026047	0.0165372926	-0.2363527066	-0.1236530195	0.0869183972	-0.0304119786	0.0483623479	0.1171692496	-0.0838569407	-0.0296678491	-0.080100989	-0.0296253467	0.2045438916	-0.0410575161	0.0170321979	0.0500319721	-0.1128079488	-0.0732677404	-0.0108759215	0.1002759438	0.1544046525	-0.0012326314	0.0370821213	-0.0588381302	-0.028901323	-0.0606167801	0.0033779441	0.0893637009	-0.1021370403	0.0046913976	0.0463622655	-0.123123714	0.1643609562	-0.039867117	-0.0798838964	-0.1045783484	0.1456544522	0.1152081116	-0.0756414827	-0.0492425075	-0.0761681893	0.0437762473	0.0108410561	0.1096784034	0.0325607892	0.1066705419	-0.0449111875	0.0078580242	0.2180250964	-0.0990808418	-0.0253948054	-0.1120879633254787	0.0205418974536257	0.0004219695509952	0.0125637115224538	-0.0348207863560503	-0.0660174462912976	0.0043583032148243	0.0012124871624536	-0.1832640134123977	0.0197287395267125	0.0003892231633128	0.0335856986120194	-0.0003087322496306	0.0005094452114388	2.595344234579237e-07	9.53156019619711e-08	0.0010235812054197	0.0002797251858066	7.824617957453698e-08	1.0477184840884462e-06	-0.000524341697111	0.0003448542327463	1.1892444184303925e-07	2.7493421532924364e-07	0.0	0.0	0.0	0.0	0.0	0.0	0.0	0.0	0.0	0.0	0.0	0.0	0.0	0.0	0.0	0.0	0.0	0.0	0.0	0.0	0.0	0.0	0.0	0.0	0.0
802.4487691439036	0.2463066619894789	0.0606669717403994	643924.027100566	1052.2216350331023	-0.3974865932093507	1107170.3692317351	0.1579955917811759	749.4942645309563	0.3565582045935116	561741.6525647992	0.1271337532629484	844.4048652749049	864.9123128453117	0.991078	20.278227	0.1567845468987582	0.0764296423756255	-0.1222466714	-0.017742693	-0.0588698292	-0.098722867	-0.0216930055	-0.0032296392	0.1128507409	0.023306003	0.0313771313	0.1388143969	-0.0082801207	-0.008063906	0.0892107436	-0.0725104753	-0.0789797741	0.028461926	-0.1147718208	0.1144255626	0.001885448	-0.0192591523	0.1157012345	-0.0590054764	-0.1006111274	-0.1991422321	0.1706985211	-0.056262268	-0.1231139094	0.0691753773	-0.1277607099	0.124272701	-0.0024652991	0.0828191209	-0.108782063	0.1741433134	-0.1307023739	-0.046616379	0.1255261254	-0.0827587465	-0.0353820689	-0.0370840337	0.0058035303	0.0478981561	0.014056258	-0.0138950474	-0.0232140125	-0.1266461097	-0.0734378145	0.1444234727	0.135327694	0.0771463969	-0.0893206695	0.0620678562	0.029921983	0.0901880662	-0.0950921102	-0.024941138	-0.0011721102	-0.0050451044	-0.0307859884	0.0667385992	-0.0321384399	0.1466413269	0.0121462005	-0.1323652688	-0.1189888108	0.0998127418	0.0794183333	0.0208795501	0.12813515	0.0039828545	0.005718452	-0.114398364	0.0233850657	0.0546385923	0.074860749	0.0056935106	0.0892178378	0.0468130646	-0.1033401944	-0.0141533203	-0.1307840257581318	-0.0186960624326531	0.0003495427504856	0.0171044613935036	-0.0658170309433927	-0.0309962445873423	0.0009607671785183	0.0043318815622035	-0.12738620041155	0.0558778130008477	0.0031223299857577	0.0162272440552915	-0.0005076879217128	-0.0001989556720822	3.95833594536799e-08	2.577470258530621e-07	0.000644746540594	-0.0003788346648257	1.4351570327360054e-07	4.156981016079305e-07	-0.0009708398977614	-0.0004464982006504	1.9936064318404486e-07	9.425301070853656e-07	0.0	0.0	0.0	0.0	0.0	0.0	0.0	0.0	0.0	0.0	0.0	0.0	0.0	0.0	0.0	0.0	0.0	0.0	0.0	0.0	0.0	0.0	0.0	0.0	0.0
802.4258524832346	-0.0229166606690114	0.0005251733362186	643887.2487334458	1056.4669238819797	4.245288848877408	1116122.3612566527	18.022477410402868	748.8584957266212	-0.6357688043351573	560789.0466219379	0.4042019725657554	845.0551700141486	862.0839382127101	1.215572	24.871542	0.0772804393747376	0.0533809851591108	-0.06313137	0.1639533406	0.0656547368	0.0175167401	-0.139247249	0.0071118059	0.1382310793	0.0879024654	-0.1005731969	-0.0986340361	0.0046589351	-0.0536622326	0.0598500163	0.0005154926	-0.1250749547	-0.0278947298	0.0876832897	0.0545324212	0.0532263912	0.0140124596	-0.1307062469	-0.0273486372	0.032814816	-0.0156449442	0.1122791068	0.0141265791	-0.1455573013	0.356344304	0.2337380403	-0.1003495917	0.0783858007	0.0029338974	0.1033288131	0.2125181229	0.1215120321	-0.0287569286	0.1546169459	-0.0680858183	0.1231264738	0.0026959903	-0.0447879387	-0.1344700256	0.1125294024	0.064173242	-0.0036639323	-0.0805884231	0.0357493256	0.033825733	-0.1292963056	0.0701807919	-0.0847177531	-0.0050624826	0.0855430025	-0.0210857343	-0.092615824	-0.052307042	-0.0628205439	0.0093765592	-0.0190937348	0.0967131244	-0.0531308416	0.0168370995	0.0687930155	-0.146239439	-0.0963264024	0.0060256853	0.1168962519	0.2899918194	0.1055177176	0.1621786587	0.0139019369	-0.0752624585	-0.0644485264	-0.0900646908	0.0841157385	0.0084780047	0.035073569	-0.0530584099	-0.1074583966	-0.0028345346	-0.1522079612109763	-0.0214239354528444	0.0004589850102876	0.023167263456002	-0.0630308225644284	0.0027862083789643	7.762957131010888e-06	0.0039728845931484	-0.1221782728308511	0.0052079275806988	2.712250968580422e-05	0.0149275303519298	-0.0014141669896089	-0.0009064790678961	8.217043005337822e-07	1.9998682744994983e-06	0.0006946869307649	4.994039017089998e-05	2.4940425704217234e-09	4.82589931775557e-07	-0.0009700119965838	8.279011776000022e-07	6.854203598714706e-13	9.4092327351649e-07	0.0	0.0	0.0	0.0	0.0	0.0	0.0	0.0	0.0	0.0	0.0	0.0	0.0	0.0	0.0	0.0	0.0	0.0	0.0	0.0	0.0	0.0	0.0	0.0	0.0
801.7420741552409	-0.6837783279937639	0.4675528018339474	642790.3534707477	1051.2011848898494	-5.265738992130309	1105023.931113823	27.72800713324153	747.8708255165502	-0.9876702100709736	559310.7716588062	0.975492443861641	844.1889645233555	858.1468169512916	1.514655	30.991018	0.1302631776999641	0.0710874751539492	0.1921719148	0.0259067233	0.0110019337	-0.0734802076	-0.0006282778	-0.0855987249	-0.0809251272	0.087362033	-0.0068687277	-0.0791185863	0.0160534173	0.07646456	0.0924516357	-0.1108093413	-0.055041673	-0.1941257322	0.109641751	-0.0253513549	0.012085367	0.0082920271	0.0925036654	0.0601799525	0.0456117704	-0.0332853304	0.1239030117	-0.0852159719	-0.1165455628	-0.1492015583	0.0565609774	-0.1116602126	-0.198976619	0.0495314763	-0.0863460125	-0.099437006	0.1423876472	0.1051088429	-0.0982938324	-0.0831780645	0.0879459956	-0.0294253586	-0.0743739703	-0.1065119741	0.1097999925	0.0605960167	0.0142192721	0.0843384591	-0.0095164397	0.0095018677	-0.0308250795	-0.092307849	-0.1655958804	0.021433265	-0.0511849736	0.1512866785	-0.1179421261	-0.0289218673	-0.0181168603	-0.139226294	-0.0089285925	0.069620974	-0.1199440045	-0.098108359	-0.073549261	-0.1238023265	-0.0276115685	-0.0679234988	0.2152552971	0.1674013822	0.0489970143	0.1066496896	-0.0033848617	-0.1255680547	-0.0300957438	-0.0795036598	-0.0971275815	0.0909759478	0.0651709503	-0.0956301488	-0.1114298236	0.0084997322	-0.1565588046721586	-0.0043508434611823	1.8929838823712843e-05	0.0245106593203751	-0.0414136350566991	0.0216171875077292	0.0004673027957443	0.0017150891686094	-0.1790515388667586	-0.0568732660359074	0.0032345683895911	0.0320594535705543	-0.0008782178627487	0.0005359491268601	2.872414665822107e-07	7.712666144508944e-07	0.0008233021716592	0.0001286152408943	1.6541880190298834e-08	6.778264658587549e-07	-0.0006861387504354	0.0002838732461484	8.058401987883009e-08	4.707863848490521e-07	0.0	0.0	0.0	0.0	0.0	0.0	0.0	0.0	0.0	0.0	0.0	0.0	0.0	0.0	0.0	0.0	0.0	1.0	0.0	0.0	0.0	0.0	0.0	0.0	0.0
801.5600733598724	-0.1820007953684808	0.0331242895147596	642498.551204684	1049.8380912331977	-1.3630936566516991	1102160.017804164	1.8580243168041009	750.2612373524142	2.390411835864029	562891.9242735757	5.714068745038837	845.250077134981	859.0097321387859	1.06809	21.853949	0.1273764694897768	0.0599771036029412	0.1289470023	-0.1242718081	0.1057935372	0.0978749129	0.0317367751	-0.1079626596	-0.0613161938	0.0050085873	0.1072459041	-0.0429043601	0.0210667955	0.0872788808	0.0211999685	-0.1181913019	-0.0571931608	-0.0837432782	-0.0071759542	0.016605231	-0.1694108971	-0.0565734931	0.153997192	0.0106126078	-0.0015320593	-0.0510561338	0.0833621344	0.0440237671	-0.0712565137	-0.0328931419	-0.0560712514	-0.1545133255	0.0403839514	0.1854872749	0.0550127687	0.0474197952	-0.0492957831	0.1028517804	-0.1063651292	-0.0938159178	-0.0285743352	-0.1027564119	0.0271606663	-0.0438792843	0.026597886	0.025787816	-0.0251785618	0.0284369376	0.0705704001	0.015194945	-0.0256374818	-0.0439431249	-0.1234751067	0.0019188771	0.0813462874	-0.0108501346	-0.1201541509	-0.0337381305	-0.0556450433	-0.1339094227	0.0159017331	0.0425976895	-0.0925671841	-0.0519087473	-0.1207949191	-0.2285954569	0.0823158293	0.1104363797	0.2149737694	0.1419623298	-0.0138982954	0.0291799376	-0.0489646379	-0.1255416985	0.0608178241	-0.077695941	-0.1457238728	0.0256035268	-0.0417409809	-0.127918996	-0.1152490509	0.0197875765	-0.1716999445536799	-0.0151411398815212	0.0002292541169117	0.0294808709597367	-0.0882913467837767	-0.0468777117270776	0.0021975198567669	0.0077953619168931	-0.1632394633189307	0.0158120755478279	0.0002500217331302	0.0266471223846525	-0.0015258554743478	-0.0006476376115991	4.194344759577867e-07	2.32823492859715e-06	0.0008017790284637	-2.1523143195500017e-05	4.632456930139987e-10	6.428496104841947e-07	-0.000364388658563	0.0003217500918724	1.0352312161989786e-07	1.327790944893426e-07	0.0	0.0	0.0	0.0	0.0	0.0	0.0	0.0	0.0	0.0	0.0	0.0	0.0	0.0	0.0	0.0	0.0	0.0	0.0	0.0	0.0	0.0	0.0	0.0	0.0
801.6300613893535	0.0699880294811237	0.0048983242706506	642610.7553230986	1052.4643898758234	2.6262986426256703	1107681.2919566892	6.897444560257438	748.997563412315	-1.2636739400992385	560997.3499975848	1.5968718268859332	845.826999093604	874.4074263665462	1.173953	24.019997	0.1090401645541462	0.0565856658659877	-0.0209591779	-0.183101212	-0.0792938659	0.0998577038	-0.0906453388	-0.1223790526	0.0458369893	-0.0058893717	0.0780220396	0.0056851654	-0.0001549739	0.041055685	-0.0918615652	-0.1752062385	-0.1121588429	-0.0878868393	-0.0172967212	-0.0913815589	0.0033389376	-0.0822440388	0.1373927725	-0.1137064087	0.0909949011	0.1086507829	0.1578613688	0.1018681278	-0.0333414725	0.152683139	-0.2296409343	-0.1048428305	0.0904832921	0.0052674253	-0.0122459144	0.0625375042	-0.0793241474	0.1382826668	0.0251192245	-0.03389616	-0.0440747368	-0.1044725192	0.0286898866	0.0861472319	-0.0324734668	-0.0203992085	0.0088986482	0.087118855	0.1445427541	-0.0930574011	-0.0128862992	0.0451862958	-0.0487454525	0.0765306074	0.1854952528	0.0663195696	-0.0735937657	-0.0064453519	-0.0811334757	-0.1113174064	0.0107506244	0.0058212878	-0.0545404807	0.0400815395	-0.1147922855	-0.2507936401	0.0255209523	0.2176459367	0.2872908413	-0.0763871464	-0.0515061561	0.004485601	0.0924876705	-0.0374806518	0.0317689796	0.0063952725	-0.0746988726	0.0144837687	-0.0739322891	0.0585240734	-0.1189108618	0.0309673479	-0.1561204359273347	0.0155795086263451	0.0002427210890383	0.024373590514141	-0.1004401005396999	-0.0121487537559231	0.000147592217822	0.010088213796425	-0.1169878430982578	0.0462516202206728	0.0021392123730373	0.0136861554327825	-0.0009073213370432	0.0006185341373046	3.825844790111458e-07	8.232320086538601e-07	0.0008022026646179	4.236361542000024e-07	1.794675911453682e-13	6.43529115120059e-07	-0.0004466365241283	-8.224786556529996e-05	6.764711390047655e-09	1.994841846854095e-07	0.0	0.0	0.0	0.0	0.0	0.0	0.0	0.0	0.0	0.0	0.0	0.0	0.0	0.0	0.0	0.0	0.0	0.0	0.0	0.0	0.0	0.0	0.0	0.0	0.0
801.7267461299107	0.0966847405571798	0.0093479390566091	642765.7754600543	1054.4849832572188	2.020593381395429	1111938.579914977	4.082797612939013	750.6234874295113	1.6259240171963256	563435.6198808417	2.6436289096958374	843.5172462763749	867.3399605361404	1.676993	34.312576	0.6464464928793721	0.3607034664893079	-0.0039544253	-0.0562916541	0.017444344	0.0702287793	-0.0872156099	0.0959337847	0.2450826051	-0.0713807169	0.3476767249	-0.3531767802	0.1443449286	-0.0183696105	0.0217966241	-0.2167763671	0.2339182792	-0.1558947688	-0.0157482602	-0.2308212161	0.0944998578	-0.1244061908	0.0204250016	-0.0500999306	-0.0609444176	-0.2934067778	0.0525771213	0.0616823788	0.0815960149	-0.0050285353	0.0437047944	-0.1968539219	0.1699266588	-0.0033403933	0.0379227558	-0.0206087326	-0.1101244106	-0.1235145629	-0.1144740365	0.0638949128	0.2876705314	-0.392102228	-0.1677431911	0.0031582061	-0.2289010609	-0.0069509971	0.0815872527	-0.2230242184	0.0639661804	0.1000060079	0.1815615739	-0.0138899931	0.0379703442	0.0151051407	-0.0837545578	-0.0164603371	0.0974412755	-0.0853810852	-0.5332066871	-0.09205196	-0.3697844326	-0.2269312874	-0.0498108094	0.315868976	0.1979958518	-0.2015911668	0.2946053037	-0.1568394202	-0.0419141781	-0.1252810372	-0.018422788	-0.0566168194	0.1135657857	0.2070944202	-0.0474145771	-0.0388488418	-0.0428433171	0.1386505438	-0.0293317026	0.0407495474	-0.1224102548	0.0419779864	-0.1311019276485865	0.0250185082787482	0.0006259257564937	0.0171877154331752	-0.3082808590850732	-0.2078407585453733	0.0431977809127161	0.0950370880782307	0.1672926220631012	0.2842804651613589	0.0808153828723586	0.0279868213967476	0.0003419982160831	0.0012493195531263	1.560799345823698e-06	1.1696277980402279e-07	2.501933741316797e-05	-0.0007771833272047	6.040139240850176e-07	6.259672445939465e-10	0.0001129958134185	0.0005596323375468	3.1318835322809546e-07	1.2768053850108464e-08	0.0	0.0	0.0	0.0	0.0	0.0	0.0	0.0	0.0	0.0	0.0	0.0	0.0	0.0	0.0	0.0	0.0	0.0	1.0	0.0	0.0	0.0	0.0	0.0	0.0
801.8430920728873	0.1163459429766362	0.0135363784471226	642952.3443050089	1047.832327450023	-6.652655807195743	1097952.5864493323	44.257829289015234	748.3946634163534	-2.2288240131579187	560094.5722300769	4.96765648162937	845.506023577192	859.5273528340261	1.779135	36.402493	0.6289890440472029	0.3855082882382175	0.1052244545	0.1314135679	-0.0507787848	-0.114714076	0.0607179816	-0.0100511805	-0.002809807	0.066781918	-0.1203030621	-0.0324487633	0.0172588983	0.1257779479	0.0891285374	-0.1966864347	0.0356569986	-0.104459892	0.0467977542	-0.0551143809	-0.1170346754	-0.0457020955	-0.0688594011	-0.1683897291	0.0198927338	0.1427076889	-0.1806909529	0.0760981939	0.078864358	0.1163302979	0.1954966326	-0.1550271144	-0.1153806928	-0.1317228184	0.1726728684	-0.0762961417	-0.0983082424	0.0753012302	-0.0574107095	-0.0515048259	0.1090169323	0.0329458567	-0.1569105111	0.0283678078	-0.1094661005	0.0853020387	-0.0343078835	0.0827453933	-0.1390657912	0.0263320288	-0.0481394306	-0.3203793785	-0.1361033011	-0.1976332704	0.1691472529	-0.0293522334	-0.0235487247	0.0372212585	-0.0841590111	-0.1121632805	0.012006166	0.0948751644	-0.0028323343	-0.0746946596	0.1393616157	-0.0117100028	0.1270028054	-0.2209224217	-0.0707291477	0.0337480838	0.2328657242	0.1110631274	0.0997198844	-0.1885887843	-0.0467564316	-0.1242277385	-0.2713533887	-0.3034840995	-0.1586275774	0.1910519951	-0.1257424501	0.0527593557	-0.1301131369456669	0.0009887907029196	9.777070541802382e-07	0.0169294284058418	-0.1063763127016983	0.2019045463833749	0.0407654458502763	0.0113159199040094	-0.1574900982639206	-0.3247827203270218	0.1054838154230204	0.0248031310511793	-0.0005513769072366	-0.0008933751233197	7.981191109664892e-07	3.040164938337982e-07	0.0006890979445104	0.0006640786070972	4.410003964041999e-07	4.748559771284583e-07	-0.0003558101888423	-0.0004688060022608	2.197790677557532e-07	1.2660089048399318e-07	0.0	0.0	0.0	0.0	0.0	0.0	0.0	0.0	0.0	0.0	0.0	0.0	0.0	0.0	0.0	0.0	0.0	0.0	0.0	1.0	0.0	0.0	0.0	0.0	0.0
799.9880937567643	-1.8549983161229875	3.441018752819119	639980.9501525816	1049.3044545790729	1.4721271290497953	1101039.8383994857	2.1671582840843926	749.0360112010984	0.641347784744994	561054.946076052	0.4113269809973111	846.9697785465111	864.4376394368331	1.682361	34.422428	0.1709059902990815	0.0803492345012208	0.0441468969	0.0998322798	-0.2535745887	0.071912263	-0.1247549053	-0.1773468063	-0.0001344942	0.0606949409	-0.2407534268	-0.0673724859	-0.1342717542	-0.1215592055	0.3834289077	-0.0618429164	-0.0198833106	-0.224069125	0.117822211	0.1012064303	-0.0089601129	-0.0114130877	0.084310852	-0.2081035583	-0.0742257581	0.0810717973	0.1145343905	-0.0523601304	0.0692259869	0.111133522	0.0535282829	0.1914828301	-0.0122354552	0.0154765553	-0.0805524126	-0.1806302528	-0.033709835	0.1860966817	0.126714361	0.0659940196	0.0693993032	0.0197500399	-0.0522994252	-0.1005156369	0.1648458221	0.2278814023	-0.2788519494	0.0051425402	-0.1463481643	-0.1919095656	-0.0624653757	-0.1351536225	-0.2998488983	-0.0883201784	-0.0441634357	0.0967333755	-0.0235102408	0.0593308221	-0.034776433	-0.1049021314	0.0528743888	0.1547288473	0.187657256	-0.1233696174	0.0063735814	-0.0054736163	-0.0727020154	-0.1141144082	0.1022602623	0.0302950647	0.0109121355	0.111883144	0.1197704852	0.2243510833	-0.0655958837	-0.0022297055	-0.1010132683	-0.0644989871	0.045760999	-0.0666614725	-0.1289028963	0.0632525717	-0.1166713054368386	0.0134418315088283	0.0001806828343117	0.013612193512336	-0.0469549990659032	0.0594213136357951	0.0035308925142035	0.0022047719372789	-0.1705011327953087	-0.0130110345313881	0.0001692870195769	0.0290706362844834	0.0001429525089514	0.000694329416188	4.82093338183969e-07	2.0435419815500096e-08	-0.0002010336147457	-0.000890131559256	7.923341927836957e-07	4.041451425772253e-08	-0.0004719854258596	-0.0001161752370172	1.3496685696025828e-08	2.22770242223868e-07	0.0	0.0	0.0	0.0	0.0	0.0	0.0	0.0	0.0	0.0	0.0	0.0	0.0	0.0	0.0	0.0	0.0	0.0	0.0	0.0	1.0	0.0	0.0	0.0	0.0
793.7378048542599	-6.250288902504394	39.06611136476958	630019.7028548592	1046.9425881329705	-2.36186644610234	1096088.7828465628	5.578413109224098	746.8698858963816	-2.166125304716843	557814.626458874	4.692098835734636	845.6337979734726	901.2441912699302	1.747314	35.7514	0.1596524340321355	0.10866020618829	0.049263875	-0.0528930646	-0.3138382182	0.287908538	0.0294374528	-0.319196933	0.0053964474	-0.3331500789	-0.1496970007	0.0345806972	0.0124200685	-0.3998837047	0.2212772758	0.0695949901	-0.0250117398	-0.0721299267	0.0912373114	0.094089772	0.0757645865	-0.1608174077	-0.0621991753	-0.2298769812	0.0090341	0.1665323635	-0.0354372568	0.031512596	0.0310988395	-0.1218536348	0.0089405712	0.1049537462	0.1973117469	0.0087581297	0.0386115788	-0.0398726153	-0.0286163058	0.2959058423	0.1521820167	0.1661824278	-0.1367375602	-0.0392291998	0.0009080213	-0.1880121367	-0.1552371196	0.0623605355	-0.2755400757	0.177610466	-0.1939658626	-0.0811097015	-0.0995082762	-0.0395084789	0.1321820946	0.1656000653	-0.0508899669	-0.2536517736	-0.0088898356	0.0220633144	-0.0722223774	-0.1167234856	0.0802439822	0.1198908278	0.3691876613	-0.0985773855	-0.1042751445	-0.0712207237	-0.0643508782	-0.0484167668	-0.007432755	-0.0829023962	-0.1424199279	-0.0178016608	0.0615598544	0.3077580107	-0.0232397777	0.0827340139	-0.0032491835	-0.1951906499	0.1982570663	-0.1582623076	-0.1318872767	0.0734003241	-0.1168499163632361	-0.0001786109263975	3.1901863028576724e-08	0.0136539029540952	-0.0515626369994066	-0.0046076379335034	2.1230327326259523e-05	0.0026587055343325	-0.070534514218238	0.0999666185770707	0.0099933248297335	0.0049751176960028	-0.0002679962946212	-0.0004109488035726	1.688789191577514e-07	7.182201393069304e-08	9.40106872202584e-05	0.0002950443019659	8.705114012257964e-08	8.838009311625257e-09	-7.998719949488035e-05	0.0003919982263647	1.5366260947308598e-07	6.397952083033787e-09	0.0	0.0	0.0	0.0	0.0	0.0	0.0	0.0	0.0	0.0	0.0	0.0	0.0	0.0	0.0	0.0	0.0	0.0	0.0	0.0	0.0	1.0	0.0	0.0	0.0
792.6904048656154	-1.0473999886445426	1.097046736212588	628358.0779660132	1041.0827050302544	-5.85988310271614	1083853.1987131117	34.33822997749813	746.6911150710027	-0.1787708253788196	557547.6213259775	0.0319590080066244	843.0845820309296	875.1115121210596	1.589516	32.522728	0.0995211445014156	0.0498608309524526	-0.1184994404	-0.0281429634	-0.3108818769	0.1041335692	0.2662472572	-0.1054656905	-0.0422049594	-0.4334768576	-0.0897003366	0.0491237411	0.109959307	0.2030896768	-0.218203267	0.0210969812	-0.038192846	0.0863658896	0.1012823489	-0.0271450908	-0.0995562063	0.1350634257	0.0101693704	-0.27096092	0.0267429323	0.0823088388	0.0608055589	-0.1753870397	-0.0616779895	-0.0316412713	-0.2147514398	0.0283701329	-0.018862976	0.1214445444	0.0262663487	0.0120522024	-0.0464532302	0.1161761008	0.1418474449	0.1538829155	-0.2412199375	0.0142637917	0.1545470331	-0.1550867946	-0.2013129789	0.0003010549	0.1730430666	0.0942907697	-0.0816955679	0.078794442	0.1806246447	-0.009140678	0.0481163575	0.1265374352	0.0763238498	0.0542036126	0.0194914484	-0.0083860194	-0.0501257945	-0.0670955881	0.0722771432	0.1896151134	0.3058098881	-0.0825769333	0.0498209597	-0.0403303176	-0.0805527066	-0.0721728566	0.0566984969	-0.235762155	-0.0209239065	-0.065141114	-0.1160148978	0.1784179172	-0.0033767179	0.0834081676	0.0857886163	0.0541906811	0.1915486081	-0.096826091	-0.1346915149	0.0831471893	-0.1167210394138038	0.0001288769494323	1.660926809497833e-08	0.0136238010418387	-0.0741160574002606	-0.022553420400854	0.0005086567717776	0.0054931899645587	-0.0778887429389243	-0.0073542287206862	5.408468007616715e-05	0.0060666562766058	-0.0009719411495924	-0.0007039448549712	4.955383588404238e-07	9.44669598270996e-07	0.0006925813886446	0.0005985707014243	3.582868846036282e-07	4.796689798968824e-07	-0.0001671640117082	-8.717681221331965e-05	7.599796587676398e-09	2.7943806810379227e-08	0.0	0.0	0.0	0.0	0.0	0.0	0.0	0.0	0.0	0.0	0.0	0.0	0.0	0.0	0.0	0.0	0.0	0.0	0.0	0.0	0.0	0.0	1.0	0.0	0.0
794.2414772791018	1.551072413486395	2.40582563187851	630819.52423049	1037.491797652899	-3.590907377355279	1076389.230197044	12.894615792744569	746.8836346389655	0.1925195679627904	557835.1636915117	0.0370637840485795	839.5139146138989	827.3177429748416	1.650425	33.768974	0.2427423229916602	0.1774697452894127	-0.0180873386	0.2138460666	-0.0860682566	0.158542853	0.3131494054	0.146668622	-0.1427761901	-0.34816195	-0.2188464935	-0.0173228973	0.1007461892	0.1885289327	-0.072948212	0.0850344504	-0.0176479766	0.0389080997	0.045643422	0.1636250711	-0.0068421486	0.1534813567	-0.0953358982	-0.1642249089	-0.1062486121	-0.0220863222	-0.0042083619	-0.139541715	-0.1070798487	-0.2328038401	-0.0094105889	-0.0215704937	0.0881651533	0.1257333911	-0.0767690245	-0.0819673088	-0.109721182	-0.0432775253	0.0409221371	0.1249359508	-0.2001842481	0.2085758663	0.0122375997	-0.3369841126	-0.0965602388	0.0277362603	0.1992126241	-0.0329040005	0.0443397801	0.2802519912	0.1089917379	0.088758307	0.0004013828	0.0501032062	0.2060150159	-0.003075734	0.0393164846	0.0778110467	0.0466171756	-0.1236855848	0.0753087352	0.241413434	0.1502707677	-0.1509050837	0.2642335782	-0.0134935137	0.0832907039	-0.1251255484	-0.1164019427	-0.1196311941	-0.0463515291	-0.1929350496	0.0838749181	-0.2358424444	0.0886309628	-0.1216024794	0.0821773261	-0.0006733402	-0.1889247082	0.0933123368	-0.1373117808	0.0924399334	-0.0797184341901555	0.0370026052236483	0.0013691927933371	0.0063550287497301	-0.071925582636652	0.0021904747636086	4.798179690006173e-06	0.0051732894376218	-0.2461511051234026	-0.1682623621844783	0.0283122225279005	0.0605903665534724	-0.0005209630111796	0.0004509781384128	2.0338128132627458e-07	2.714024590173161e-07	0.000438543789927	-0.0002540375987175	6.453510156220434e-08	1.9232065568353678e-07	-0.0001678858909763	-7.21879268100002e-07	5.211096777125945e-13	2.818567238890609e-08	0.0	0.0	0.0	0.0	0.0	0.0	0.0	0.0	0.0	0.0	0.0	0.0	0.0	0.0	0.0	0.0	0.0	0.0	0.0	0.0	0.0	0.0	0.0	1.0	0.0
798.3497733415415	4.108296062439763	16.87809653665806	637362.3605944908	1040.559138952517	3.067341299617965	1082763.3216576036	9.408582648342026	749.5858099227561	2.7021752837905524	561878.8864375543	7.301751264328552	841.1767613568644	832.25010310815	1.294049	26.477259	0.1414743192737203	0.0834862878894129	-0.0498589966	0.0718133929	-0.0041161037	-0.0898604726	0.3115133107	0.2714185163	-0.1844302062	-0.2169846468	-0.0826901888	0.059370124	-0.1261598002	0.0689163287	0.103534723	-0.0150823936	-0.0072959561	0.0781335198	-0.0237996148	0.206292246	-0.0365851806	0.0875594345	-0.1459327979	0.2150910161	-0.0711612362	-0.0007842427	0.1457207131	-0.0988914376	0.1251234674	-0.0468582735	-0.0702721035	-0.0191943676	-0.1299641704	0.007962296	0.0395364887	0.0836972885	-0.153189565	-0.1206623806	-0.0625847844	0.0867461454	-0.1762551217	0.2288031695	-0.0114438958	-0.1375683295	0.0741160929	-0.1209675015	0.033021704	-0.1031079227	-0.0339236701	0.0720300943	0.1142742065	-0.035204339	-0.1676213698	0.0991082328	-0.0768497017	-0.030926901	0.0290054006	0.0174563124	0.0826170264	-0.020691387	-0.0339040571	0.1117239035	0.0999116723	-0.0589014578	0.1279191112	-0.0542125873	0.033416711	0.0546145289	0.0004807356	-0.093387406	0.1477123356	-0.161611726	-0.014672497	-0.0947174824	-0.0057380813	0.0066066688	0.239422059	0.2235526725	-0.1705275908	-0.0297052447	-0.1397444952	0.1012278027	-0.0798343539293426	-0.0001159197391871	1.3437385933206772e-08	0.0063735240673155	-0.0907754756527907	-0.0188498930161387	0.0003553184667198	0.0082401869799903	-0.1817720375231601	0.0643790676002425	0.0041446643450765	0.0330410736253211	-0.0012500028727764	-0.0007290398615968	5.314991197970813e-07	1.5625071819492529e-06	5.105386875259299e-06	-0.0004334384030517	1.8786884924004327e-07	2.606497514606991e-11	-0.0001679964046908	-1.1051371449999976e-07	1.2213281092587458e-14	2.8222791989035053e-08	0.0	0.0	0.0	0.0	0.0	0.0	0.0	0.0	0.0	0.0	0.0	0.0	0.0	0.0	0.0	0.0	0.0	0.0	0.0	0.0	0.0	0.0	0.0	0.0	0.0
801.237649898489	2.887876556947504	8.339831008166968	641981.7716148538	1050.244577594832	9.68543864231492	1103013.672767347	93.8077216940471	749.6037577005258	0.0179477777696774	561905.7935587486	0.0003221227268697	841.6557100551335	836.9141143472278	1.174711	24.0355	0.0551920583307213	0.0353619215373967	-0.013239754	0.1785460454	0.1440178711	0.1140785193	0.1393877404	0.2730918661	-0.033177384	0.0055347196	-0.0504687834	-0.094448995	-0.0039563798	-0.0665407447	0.1407393832	0.1053950333	0.0270491209	0.0306320368	-0.010692802	0.2094021808	-0.0194682759	0.0781233494	-0.2667133484	0.1535676383	-0.0008931949	0.20923055	0.0135256176	-0.0222696729	0.1097290573	0.142200919	-0.0271508311	-0.1353933634	0.1488562771	-0.0658576339	-0.033387284	0.1373446548	-0.1928814927	-0.1767603421	-0.0713035067	0.0428704116	0.0276380238	0.1975968725	-0.0563053483	-0.1862111185	0.0784733009	-0.0908863279	0.0250129936	-0.1695573828	0.1118262323	0.0395112732	-0.1224399838	-0.0017408162	-0.1174848416	-0.0051701541	-0.0018318327	-0.0964611098	0.0312071063	0.0592902705	0.035085306	0.0851640158	0.0295028279	0.0265069581	0.0072424729	-0.1108430008	0.1903605772	-0.0731938223	0.1598570904	0.1098916165	0.0233749976	0.1534583912	0.0560233322	-0.0336324299	0.0554437371	0.0704934615	0.0323888711	-0.0489234434	0.2614118293	0.0938606951	-0.0866742647	-0.0443190545	-0.1419863355	0.1094628008	-0.0798245473251313	9.806604211293202e-06	9.616948615695356e-11	0.0063719583556621	-0.0739852145949129	0.0167902610578778	0.0002819128663916	0.0054738119786553	-0.1531825642516224	0.0285894732715376	0.0008173579819439	0.0234648979907024	-0.0013729932734389	-0.0001229904006625	1.512663865512229e-08	1.8851105289084664e-06	7.811523701795053e-05	7.300985014269123e-05	5.330438217858232e-09	6.101990254370589e-09	-0.0001679463075541	5.0097136699997714e-08	2.509723105538257e-15	2.8205962221056348e-08	0.0	0.0	0.0	0.0	0.0	0.0	0.0	0.0	0.0	0.0	0.0	0.0	0.0	0.0	0.0	0.0	0.0	0.0	0.0	0.0	0.0	0.0	0.0	0.0	0.0
802.9744959609494	1.7368460624603586	3.0166342446840515	644768.0411637408	1048.2741428450042	-1.9704347498277457	1098878.6785574283	3.8826131033287306	750.8065910626175	1.2028333620917238	563710.5371830686	1.44680809696088	842.9172236725415	853.726871119399	1.403427	28.715206	0.2208232239704708	0.1352194511895805	0.1481960127	-0.0035855146	0.1308149669	-0.0556020887	0.0081991255	0.2097101985	-0.1306774257	0.0836687052	0.2296159053	-0.1448784266	-0.0785918747	-0.0774793931	0.1483113453	0.1290750974	0.1602209032	0.1223552552	-0.0117186248	0.0279705514	-0.0244730936	-0.241728432	0.0655073758	0.2250135925	0.1124497273	-0.0373258856	-0.027603763	-0.1097997826	-0.0299936047	-0.0580454364	0.0948845718	-0.1347669732	-0.0453807372	0.1320584911	0.0303349955	0.1167620786	-0.0507265703	-0.1878479741	-0.3201638259	0.0619983223	0.1003976086	-0.0232175577	0.1986530567	-0.0448799715	0.0264967057	-0.144263162	-0.1691918021	-0.2612612401	-0.0769311505	-0.0291777633	-0.1790187228	-0.0313756367	0.0054764092	-0.0472668612	-0.1048965452	-0.0411976321	0.123989113	0.018512426	-0.0263423241	0.1609885119	0.0887833406	-0.2165962448	-0.0619308863	-0.1604984508	-0.0208895477	0.0434162914	0.1923051852	0.2643235104	-0.0887423043	0.1179016436	0.1454542367	0.0408793937	0.097286825	0.0490720115	-0.1711566086	0.1933842334	0.1743822707	-0.0889635904	0.0040674022	-0.1112668075	-0.1440342395	0.1170999511	-0.0483928098405357	0.0314317374845956	0.0009879541213005	0.0023418640442622	-0.0795572088049851	-0.0055719942100721	3.1047119477078034e-05	0.0063293494728399	-0.0383622343435519	0.1148203299080705	0.0131837081601981	0.0014716610238295	-0.0022660369958366	-0.0008930437223977	7.975270901139404e-07	5.134923666500164e-06	-0.0004078088666281	-0.000485924103646	2.361222345042177e-07	1.6630807170049548e-07	-0.000168961728865	-1.0154213109000022e-06	1.031080438629879e-12	2.8548065821049778e-08	0.0	0.0	0.0	0.0	0.0	0.0	0.0	0.0	0.0	0.0	0.0	0.0	0.0	0.0	0.0	0.0	0.0	0.0	0.0	0.0	0.0	0.0	0.0	0.0	0.0
803.2544014453819	0.2799054844324473	0.078347080215363	645217.6334413787	1049.1258272657208	0.8516844207165377	1100665.001435983	0.7253663524912645	749.28582098251	-1.520770080107468	561429.2415254341	2.3127416365500744	839.6583879926386	849.9269105497501	1.64909	33.741665	0.1171606938580171	0.0860999638374985	-0.0982285066	0.0692851047	-0.0825036907	-0.0389340897	0.1569641311	0.2614287251	0.0299057459	0.0670341089	0.1431518112	0.0350613836	-0.1657616727	0.1694046911	0.1775170803	0.06385344	0.1535284765	0.2145062071	-0.0259091366	-0.0415546004	-0.1389524209	0.2068942883	0.0249821802	-0.0145261273	0.159053421	-0.0644205607	-0.3132705867	-0.1251866913	-0.0046094589	0.1771070785	0.0367100013	-0.0025285209	0.0421009528	0.1546720825	0.1313631838	0.0128456036	0.2702135317	-0.3173604462	-0.0562776731	0.0137416105	0.1129069181	0.0733407747	0.1646858895	0.1204035124	-0.0972164832	0.1891507148	0.1639832863	-0.0129024109	-0.1913617839	0.0096641945	-0.1940847609	-0.1346282969	0.0219678171	0.0032206423	-0.0146268359	-0.1492793008	0.1339042139	0.0519862836	0.0172641487	0.2059020057	0.1265008333	-0.0130228675	-0.1042178737	-0.048976164	0.1533535026	0.1369901922	0.1661236943	0.2582000704	-0.1419542918	-0.1320322912	0.290990128	-0.0231283201	0.1252757802	-0.0290515611	-0.1013405688	-0.0653891484	-0.1661619375	-0.0768776757	0.3050890399	0.1339822883	-0.1458854101	0.124097542	-0.0483817698285804	1.1040011955301687e-05	1.218818639732042e-10	0.0023407956517457	-0.0587747993802594	0.0207824094247256	0.0004319085414969	0.0034544770421897	-0.1224260587737831	-0.0840638244302312	0.0070667265778367	0.0149881398668817	-0.0025120339027325	-0.0002459969068959	6.05144782023501e-08	6.3103143284774765e-06	-0.0004077882101289	2.0656499200044122e-08	4.266909592014234e-16	1.662912243201319e-07	-0.000169012565292	-5.0836426999982755e-08	2.584342310124575e-15	2.856524722658256e-08	0.0	0.0	0.0	0.0	0.0	0.0	0.0	0.0	0.0	0.0	0.0	0.0	0.0	0.0	0.0	0.0	0.0	0.0	0.0	0.0	0.0	0.0	0.0	0.0	1.0
804.5923436858885	1.3379422405066634	1.7900894389319904	647368.839517951	1052.2011985030829	3.0753712373621056	1107127.362131324	9.457908247594128	749.4042271205357	0.118406138025648	561606.6956261274	0.0140200135221488	842.3182761525231	863.7314887733311	1.293889	26.473982	0.0688716206419832	0.0458652250052646	-0.082918877	0.1701690892	0.122076466	0.0209727586	-0.0381740129	0.2320746744	-0.0157366519	0.1023845981	-0.0431414483	0.0278141299	-0.1230268071	0.0556303359	-0.16315398	0.1135647177	0.1342856279	0.2616918156	-0.0762866104	0.0796125922	-0.1109443711	0.1608974245	-0.2493140486	0.0013157113	0.0796949011	-0.0211681099	-0.0250140365	0.0506503398	-0.0498253689	-0.2332224618	0.0132875182	0.0530255538	0.1534800732	-0.0656963465	0.0530161986	0.0411346959	0.0585061116	-0.2743632112	-0.0512031638	0.0622648331	0.0157660725	0.1884525395	0.1078525633	0.1023742426	0.0627203063	0.037006505	0.0397471913	0.1722294967	0.1033954811	-0.2496200929	-0.0981854393	0.086801397	0.1436273443	0.1473134717	0.1002062011	0.0439974832	0.1118941738	0.0411919103	0.0487172864	0.1805300248	0.0541019817	-0.021276227	-0.1438449316	0.0478698599	0.0677181923	0.3020432404	0.0155704276	-0.0346275746	0.1945421476	0.0003308278	0.0394144216	0.1057415262	-0.0413474341	0.1376362345	0.2265798317	-0.1817802047	-0.0154910454	-0.086498785	-0.1043099255	-0.1987286953	-0.1475373187	0.1304173552	-0.0484007658698857	-1.899604130529975e-05	3.6084958527265415e-10	0.0023426341367914	-0.0774953774000266	-0.0187205780197671	0.0003504600413941	0.0060055335183725	-0.1091543551834774	0.0132717035903057	0.0001761381161889	0.0119146732555207	-0.0017750395780828	0.0007369943246497	5.431606345658678e-07	3.1507655037603644e-06	-0.0004078499669959	-6.175686700004776e-08	3.8139106216615876e-15	1.6634159557855673e-07	-0.0001688617869966	1.5077829540000118e-07	2.2734094363730015e-14	2.8514303107685106e-08	0.0	0.0	0.0	0.0	0.0	0.0	0.0	0.0	0.0	0.0	0.0	0.0	0.0	0.0	0.0	0.0	0.0	0.0	0.0	0.0	0.0	0.0	0.0	0.0	0.0
804.1326301271133	-0.4597135587752063	0.2113365561217651	646629.2868351488	1052.30565329159	0.1044547885071551	1107347.18794944	0.0109108028420745	751.3631415116159	1.9589143910802704	564546.5704222046	3.8373455915813866	846.0268708076377	868.3482605529666	1.146741	23.463211	0.1284858314014385	0.0622063158962707	-0.0893529634	0.0724739156	0.0886576588	-0.1222060494	-0.1230957283	0.0599867946	0.049094454	0.2057344167	-0.0444936218	0.02013681	-0.0245326174	0.0055381205	-0.1385569261	0.0542678448	0.058225527	0.1338575136	0.0012538842	-0.1668089053	0.0067462577	-0.0705383051	-0.0367361577	0.1059867687	-0.0660881319	-0.1776412519	-0.0226687529	0.0119656585	0.0878272261	0.052976796	-0.1701486189	0.1032143753	0.027463171	-0.0290872528	-0.1157740324	0.0134022864	0.0762789258	-0.0411458649	0.0368246107	-0.0094005175	0.1346868362	0.0387107651	0.008528243	0.2456728081	0.0154771153	-0.0233172464	-0.0558024583	0.0264293104	0.1048771529	-0.0999228585	0.0169095339	-0.0316491052	0.1280981009	-0.0496277154	0.1180838958	-0.0521866545	0.0680147939	0.0542771685	0.0850619103	0.0801870433	-0.0428726338	-0.0714356427	-0.0777254478	0.1604583796	-0.0421765961	0.1079964771	-0.0651600673	-0.0342431785	0.0934627806	-0.0254127549	-0.0474568778	-0.0795442973	-0.0331034815	0.0439453671	0.1200533133	0.0060136517	0.0700795034	-0.0662611998	-0.0507556247	0.0507987979	-0.1489877092	0.136024874	-0.0762704402227285	-0.0278696743528428	0.0007767187485335	0.0058171800517688	-0.109147574804993	-0.0316521974049664	0.0010018616005629	0.0119131930858115	-0.1362930238857842	-0.0271386687023068	0.0007365073389335	0.0185757883599309	-0.0013380243368949	0.0004370152411878	1.9098232103051842e-07	1.7903091261230367e-06	-0.0007089531935933	-0.0003011032265974	9.066315306736525e-08	5.026146307061392e-07	-7.047443595544997e-05	9.838735104115002e-05	9.680070844894486e-09	4.966646123238819e-09	0.0	0.0	0.0	0.0	0.0	0.0	0.0	0.0	0.0	0.0	0.0	0.0	0.0	0.0	0.0	0.0	0.0	0.0	0.0	0.0	0.0	0.0	0.0	0.0	0.0
803.2206244621922	-0.9120056649211392	0.8317543328482493	645163.371561434	1051.9614917530732	-0.3441615385168006	1106622.9801313512	0.1184471645942512	748.9786544455621	-2.3844870660537936	560969.0248150848	5.685778568177828	845.3689878769121	861.8816109742636	1.017113	20.810936	0.131866645508948	0.0573342386394576	-0.1231255631	-0.0092004265	-0.0235096793	-0.2264059252	-0.1138082829	-0.0643570165	0.0716401127	0.1219097319	-0.0323394508	0.1036989786	-0.0913489593	-0.0486831889	-0.1500060535	0.0246543582	-0.0022017403	0.0210402577	0.0226091984	-0.0390109768	0.1202941477	-0.0075369781	0.0218653937	-0.0246135756	-0.072113992	-0.0932660946	-0.0254138342	0.0719261024	0.0199559552	-0.1178105451	-0.0298477138	0.1514384163	-0.2476664919	0.0258652565	0.0143122193	-0.0731675365	0.1300201906	-0.009904789	0.1275066301	-0.0094971281	0.0095549685	0.0405158322	0.0335557952	0.1804652876	0.0908220556	0.0095245815	0.0059656046	0.0895204882	0.0294208581	0.1164752879	0.0931973635	0.0081809201	0.0589346018	-0.0743352995	-0.0721590639	-0.0878517217	0.0109478218	0.0319947465	0.1305632582	0.0647329629	-0.1089600703	0.0072667419	-0.0191895548	0.1703223501	-0.0507119981	0.048568142	-0.1628760696	-0.0960688664	0.0098318145	0.0568443745	-0.0086794657	0.0106379854	0.0154346766	-0.0851465427	-0.0255207605	0.0668390894	0.0871136967	0.0840729428	0.0158351303	-0.0044406142	-0.1502346003	0.1408894722	-0.1036800300805396	-0.027409589857811	0.0007512856161734	0.0107495486375015	-0.0686317886001433	0.0405157862048497	0.001641528931797	0.0047103224064547	-0.1544968701558389	-0.0182038462700546	0.0003313800190237	0.0238692828879501	-0.0009025509007355	0.0004354734361593	1.89637113600475e-07	8.145981284184623e-07	-0.000407888082659	0.0003010651109343	9.06402010218824e-08	1.6637268797523525e-07	-0.0002486843523864	-0.0001782099164309	3.17587743143262e-08	6.184390712184319e-08	0.0	0.0	0.0	0.0	0.0	0.0	0.0	0.0	0.0	0.0	0.0	0.0	0.0	0.0	0.0	0.0	0.0	0.0	0.0	0.0	0.0	0.0	0.0	0.0	0.0
803.1515331581435	-0.0690913040486975	0.0047736082951495	645052.3852142765	1055.6264406092027	3.664948856129513	1114347.182113255	13.431850118045023	749.7842503597861	0.8055959142239999	562176.4220875865	0.6489847770144022	845.7334989212317	870.3393878862552	0.912832	18.677258	0.1162354684312523	0.0560496376588362	-0.1329053356	-0.0206796735	0.0364177992	-0.1436712641	-0.1713840543	-0.0323910636	0.1792898032	0.1275894493	-0.0315080909	0.1168750478	-0.0682849369	-0.0304624619	-0.0849125414	0.0494079549	0.0145989559	0.0491949308	-0.0881323466	-0.1446929464	0.1249344999	0.0391355795	-0.0157163756	0.0507414835	0.1215570088	-0.2322590177	-0.0269747452	0.270661948	0.0945853462	-0.0295996698	-0.044670782	0.1895404132	-0.128564507	0.0152856872	0.0928617078	0.0597059004	-0.1303389308	-0.0310053233	0.1412694097	-0.0041040863	0.0572746829	-0.0185910678	-0.0379971709	0.173288087	0.0216319322	-0.0334633371	0.0012173007	0.0303479193	-0.1221109906	0.0801280196	0.1459371371	-0.0706813353	0.1083025406	0.0859928783	-0.1807479973	-0.0916416384	0.0305094517	0.0215495216	0.0544445167	0.150276193	-0.1571306578	0.0083811708	0.0323922048	0.1778293265	-0.0126180508	0.02924365	-0.1607391378	-0.2153763779	-0.114456981	0.0980711923	0.0647784667	0.0087320948	-0.0208251449	-0.1236044578	-0.0980519158	0.1612887828	-0.0615516869	0.1088481714	0.0331332704	-0.088225787	-0.151276289	0.1449845808	-0.0810916672417079	0.0225883628388317	0.0005102341357387	0.0065758584960398	-0.1018820515887313	-0.033250262988588	0.0011055799888102	0.0103799524359289	-0.1224902076245513	0.0320066625312876	0.0010244264463917	0.0150038509639056	-0.0009411161384021	-3.85652376666e-05	1.4872775562813435e-09	8.856995859608806e-07	-0.0009353826158253	-0.0005274945331663	2.782504825203328e-07	8.749406379881808e-07	-0.0002469405217684	1.7438306180000127e-06	3.0409452242743065e-12	6.097962129124964e-08	0.0	0.0	0.0	0.0	0.0	0.0	0.0	0.0	0.0	0.0	0.0	0.0	0.0	0.0	0.0	0.0	0.0	0.0	0.0	0.0	0.0	0.0	0.0	0.0	0.0
802.3178901213159	-0.8336430368275387	0.6949607128510411	643713.99680872	1053.6203414318609	-2.0060991773418664	1110115.8238789912	4.024433909331713	750.1119017636865	0.3276514039004041	562667.8651675346	0.1073554424779057	846.2465602844719	870.2305043996076	1.054586	21.577658	0.0961862268369374	0.0571760656890786	-0.1049461274	-0.0236357151	-0.0027427361	-0.1346812059	-0.1907352994	-0.0401393689	0.0682780358	0.085056741	-0.0578039602	-0.005583088	-0.0894082571	-0.072726993	-0.1005473612	0.0842043263	-0.0449585342	0.086251005	0.0605107698	0.0439560078	-0.0322658476	0.0452275917	0.2063854919	0.1212448793	-0.1418969908	0.1366161247	0.0423741024	0.1315983498	-0.025976507	-0.061273158	0.1581577944	-0.009834625	0.0192264171	-0.0526833537	0.1878963741	-0.1825675109	0.0174472415	0.0602131404	0.0598084244	0.0482489705	-0.0357455823	-9.7303e-05	0.0633835299	0.062482629	0.1160778454	-0.1305980158	-0.0767426992	0.140573064	-0.0301931169	0.0607841293	0.0947982446	0.2399294577	-0.0003728757	-0.2538327001	-0.1756191804	-0.0445609925	0.0793426083	0.0415516341	0.0800811744	0.0869481107	0.0138501668	0.0048739939	-0.0233429003	0.0584110088	-0.0886473884	0.0824985793	-0.134112734	-0.0962859035	-0.0276890208	-0.0778221453	-0.1738238565	0.1911085172	-0.0541923178	-0.0076909418	-0.064190199	0.1147430922	-0.1911008213	-0.0999847158	-0.1661885773	0.1600269604	-0.1521113526	0.148287834	-0.0768802180215288	0.004211449220179	1.773630453414706e-05	0.0059105679230378	-0.0702418037624283	0.0316402478263029	0.0010011052825098	0.0049339109957994	-0.1252752173433577	-0.0027850097188063	7.756279133846073e-06	0.0156938800804255	-0.0016949904386737	-0.0007538743002716	5.683264606099945e-07	2.872992587195262e-06	-0.0008090212413534	0.0001263613744719	1.5967196958427762e-08	6.545153689609962e-07	2.3814204921079382e-05	0.0002707547266894	7.330812202469469e-08	5.671163560231614e-10	0.0	0.0	0.0	0.0	0.0	0.0	0.0	0.0	0.0	0.0	0.0	0.0	0.0	0.0	0.0	0.0	0.0	0.0	0.0	0.0	0.0	0.0	0.0	0.0	0.0
801.9993953298923	-0.3184947914236318	0.1014389321639827	643203.0301095129	1052.2376654381846	-1.38267599367623	1107204.104566801	1.91179290348855	748.2205801368656	-1.891321626820968	559834.0365403477	3.577097496080713	847.6324516756954	881.8641238231139	1.427731	29.2125	0.3322485590661821	0.1849362004411774	0.0738456544	-0.006559091	0.0421931867	0.0755849556	-0.1584281593	-0.1404639817	-0.0174169742	0.0094039155	-0.1113603784	-0.0464202149	0.038330283	0.0018015072	-0.1928670483	-0.1087214942	0.0708492151	0.0230893327	0.1358049962	-0.0104039327	0.1557919427	-0.1047090858	0.0235132255	-0.0173565398	0.0135819265	0.0627507662	-0.0348052435	-0.1168958541	0.1134456922	0.0480477541	-0.1900416258	-0.0338241331	-0.133460869	-0.1981326351	-0.0822361981	-0.0647852547	0.0285777286	0.1947711434	0.0317435567	0.0808920619	0.0798318853	0.0239631597	-0.1204803703	0.0951090865	-0.1257877432	-0.181237368	0.0422159639	-0.0365134576	0.2098766943	-0.0727736716	0.0218415423	0.0013863199	-0.0350283991	0.0148176501	-0.1384659677	0.2537379918	0.1130660924	-0.0819737568	0.0334988079	-0.0491398823	0.0394871654	-0.2107958112	0.0467604204	0.0701548919	-0.0592528821	0.0160101933	-0.0179357951	-0.026748869	0.0494933939	0.1010617666	-0.2476651004	-0.1177096468	-0.3055854835	-0.0528426999	-0.0562231459	-0.0812750284	-0.066965575	0.0658297734	0.0734860585	0.0572390936	-0.1527386503	0.1507811905	-0.0813565516460812	-0.0044763336245523	2.003756271829838e-05	0.0066188884957414	-0.1422085963964861	-0.0719667926340577	0.0051792192420334	0.0202232848890586	-0.0245711899755747	0.100704027367783	0.0101413011280911	0.0006037433768157	-0.0042400407501549	-0.0025450503114811	6.47728108797055e-06	1.7977945562974125e-05	-0.0004077220308027	0.0004012992105507	1.6104105638861505e-07	1.6623725440187786e-07	-0.0001318643818428	-0.0001556785867638	2.4235822376798724e-08	1.7388215198783766e-08	0.0	0.0	0.0	0.0	0.0	0.0	0.0	0.0	0.0	0.0	0.0	0.0	0.0	0.0	0.0	0.0	0.0	0.0	0.0	0.0	0.0	0.0	0.0	0.0	0.0
800.6931058504045	-1.3062894794877593	1.7063922042204012	641109.4497563671	1050.1598774031097	-2.0777880350749456	1102835.7681073144	4.317203118700603	749.2939248909628	1.0733447540972063	561441.3858785038	1.1520689611479928	843.9377421782085	865.5895769438391	1.158011	23.693817	0.4543184458384981	0.2675729587574046	0.1109480097	-0.0736647867	0.0874896946	0.0532657045	-0.0112404502	-0.1052436946	-0.0333684753	0.0076957286	0.0046576912	-0.0115836521	0.048991969	0.1328123225	-0.056140974	0.0076566621	0.0178263727	0.0365443721	0.1317996905	-0.0101338599	0.1183131633	-0.1083690103	0.1016415173	0.0456713314	-0.0302876927	0.0634011673	0.1094992312	0.0815512821	-0.1029396869	-0.0018901972	0.0600165374	0.0560544151	-0.0510667111	-0.1986283562	0.0480134525	-0.0492185508	0.0118411655	0.0633528661	-0.0407202317	-0.0383495848	0.0373045084	-0.0104173319	0.0576997419	-0.0104086275	-0.0203159171	-0.0873924137	-0.1232917288	0.0960052013	0.1455812522	-0.0991545056	-0.0046843761	0.0464470781	0.000252921	0.0823048099	-0.059802472	0.1555512469	0.0432600867	0.0883664132	0.0858446192	-0.010556599	0.0151612785	-0.1324362482	0.0537894401	-0.0260986194	-0.1246880572	-0.0083504016	-0.0092016581	-0.0087590078	-0.0987259862	0.1326949535	-0.0642093928	-0.0304148432	-0.0676205507	-0.0520288557	0.085580885	0.0151371471	-0.1012067826	0.076924556	-0.0139249372	-0.0498716292	-0.1531573254	0.1524510324	-0.0816850740736327	-0.0003285224275514	1.0792698540432528e-07	0.0066724513264148	-0.061200495429091	0.081008100967395	0.0065623124223436	0.0037455006407661	-0.1766754212942913	-0.1521042313187166	0.0231356971850576	0.0312142044895153	-0.0005249438005812	0.0037150969495736	1.3801945344731809e-05	2.755659937686347e-07	-0.0008460345208782	-0.0004383124900755	1.921178389561853e-07	7.157744105176054e-07	0.0001322780010047	0.0002641423828475	6.977119841635526e-08	1.7497469549799416e-08	0.0	0.0	0.0	0.0	0.0	0.0	0.0	0.0	0.0	0.0	0.0	0.0	0.0	0.0	0.0	0.0	0.0	0.0	0.0	0.0	0.0	0.0	0.0	0.0	0.0
800.6717686140768	-0.0213372363277812	0.0004552776541075	641075.2810555936	1050.444293751436	0.2844163483262036	1103433.214274953	0.0808926591952124	750.0100093067141	0.7160844157513111	562515.0140602574	0.5127768904818966	845.2123171588568	865.2053722648769	0.961014	19.663105	0.1465842095768987	0.0793623298161566	0.0394827249	-0.1400090465	0.0227843549	0.0905645552	-0.0842338158	-0.1116798502	-0.0052487985	-0.0576657452	0.1210680029	-0.0222805537	-0.1900911311	0.0304862534	-0.0477184344	-0.019639078	0.0176614598	0.0950877857	-0.0232758791	-0.0941554584	0.0534036195	-0.1256820568	0.1177011785	0.0851844222	0.0358540407	0.1890160388	-0.0273569185	0.1831375923	-0.0239528617	0.139316977	0.0077639375	0.0075146763	0.0082073223	-0.0235747931	-0.2518663595	-0.090076239	0.1644911077	0.05216858	-0.0034094692	0.0150863915	-0.0566243292	-0.0817984518	0.1368099909	0.1319200974	-0.0278846244	-0.0618411277	-0.04678934	0.0156428962	0.1875140556	0.0444049446	-0.0481128814	-0.1546882407	0.0594913339	-0.0977382848	0.1046729543	0.081812877	0.0904522289	0.0763989086	0.031065301	0.0572106075	0.0217532483	-0.1716343697	0.1357505705	0.0073350584	-0.1863168934	0.0123149754	-0.0593063448	0.0796150888	-0.1292572344	0.0320472397	-0.1154610303	0.0386156496	0.0531447881	-0.0178342728	0.038632675	-0.0472523177	-0.0344642819	0.0316734792	-0.0587058849	0.0623236801	-0.153366806	0.1532882396	-0.0744105045343417	0.0072745695392909	5.291936198198041e-05	0.0055369231850552	-0.0708542405858452	-0.0096537451567542	9.319479555155529e-05	0.0050203234089968	-0.1121914439945328	0.0644839772997585	0.0041581833283957	0.0125869201055783	-0.0008461986900266	-0.0003212548894454	1.032047039925762e-07	7.160522230027339e-07	-0.001577162936323	-0.0007311284154448	5.345487598708241e-07	2.487442927710988e-06	0.0003833330477364	0.0002510550467316	6.302863648945606e-08	1.469442254868771e-07	0.0	0.0	0.0	0.0	0.0	0.0	0.0	0.0	0.0	0.0	0.0	0.0	0.0	0.0	0.0	0.0	0.0	0.0	0.0	0.0	0.0	0.0	0.0	0.0	0.0
