global_signal	global_signal_derivative1	global_signal_power2	global_signal_derivative1_power2	csf	csf_derivative1	csf_power2	csf_derivative1_power2	white_matter	white_matter_derivative1	white_matter_power2	white_matter_derivative1_power2	csf_wm	tcompcor	std_dvars	dvars	framewise_displacement	rmsd	t_comp_cor_00	t_comp_cor_01	t_comp_cor_02	t_comp_cor_03	c_comp_cor_00	c_comp_cor_01	c_comp_cor_02	c_comp_cor_03	c_comp_cor_04	c_comp_cor_05	c_comp_cor_06	c_comp_cor_07	c_comp_cor_08	c_comp_cor_09	c_comp_cor_10	c_comp_cor_11	w_comp_cor_00	w_comp_cor_01	w_comp_cor_02	w_comp_cor_03	w_comp_cor_04	w_comp_cor_05	w_comp_cor_06	w_comp_cor_07	w_comp_cor_08	w_comp_cor_09	w_comp_cor_10	w_comp_cor_11	w_comp_cor_12	w_comp_cor_13	w_comp_cor_14	w_comp_cor_15	w_comp_cor_16	w_comp_cor_17	w_comp_cor_18	w_comp_cor_19	w_comp_cor_20	w_comp_cor_21	w_comp_cor_22	w_comp_cor_23	a_comp_cor_00	a_comp_cor_01	a_comp_cor_02	a_comp_cor_03	a_comp_cor_04	a_comp_cor_05	a_comp_cor_06	a_comp_cor_07	a_comp_cor_08	a_comp_cor_09	a_comp_cor_10	a_comp_cor_11	a_comp_cor_12	a_comp_cor_13	a_comp_cor_14	a_comp_cor_15	a_comp_cor_16	a_comp_cor_17	a_comp_cor_18	a_comp_cor_19	a_comp_cor_20	a_comp_cor_21	a_comp_cor_22	edge_comp_00	edge_comp_01	edge_comp_02	edge_comp_03	edge_comp_04	edge_comp_05	edge_comp_06	edge_comp_07	edge_comp_08	edge_comp_09	edge_comp_10	edge_comp_11	edge_comp_12	edge_comp_13	edge_comp_14	edge_comp_15	edge_comp_16	edge_comp_17	edge_comp_18	edge_comp_19	edge_comp_20	edge_comp_21	edge_comp_22	edge_comp_23	cosine00	cosine01	trans_x	trans_x_derivative1	trans_x_power2	trans_x_derivative1_power2	trans_y	trans_y_derivative1	trans_y_power2	trans_y_derivative1_power2	trans_z	trans_z_derivative1	trans_z_derivative1_power2	trans_z_power2	rot_x	rot_x_derivative1	rot_x_power2	rot_x_derivative1_power2	rot_y	rot_y_derivative1	rot_y_derivative1_power2	rot_y_power2	rot_z	rot_z_derivative1	rot_z_power2	rot_z_derivative1_power2	motion_outlier00	motion_outlier01	motion_outlier02	motion_outlier03	motion_outlier04	motion_outlier05	motion_outlier06	motion_outlier07
819.1421954255934	n/a	670993.936326661	n/a	1315.174092691733	n/a	1729682.894087523	n/a	824.7301724687893	n/a	680179.8573803989	n/a	964.766748824354	900.0262055787327	n/a	n/a	n/a	n/a	-0.1770878976	-0.104172888	0.1647762722	-0.0215436008	-0.1608843587	-0.1321773017	0.0974400325	-0.0013594807	0.0045819802	-0.1404491262	0.012064084	-0.135658687	-0.023541924	0.0006467291	-0.1354692051	0.0132694022	-0.0034813088	0.0357248748	-0.2195823969	0.1091638174	-0.0695530607	0.156840793	-0.0313151294	0.0089928626	-0.0190524126	0.0310513471	-0.1143005135	0.107192652	-0.0788648696	0.1027609576	-0.10919854	0.0232293684	-0.0239704175	-0.0179334495	0.117821613	0.1522415248	-0.0611117052	0.1825256459	0.0762208287	-0.1887920446	-0.139066189	-0.078618362	0.0235956195	-0.0787486423	0.1599792732	-0.0070924505	0.0064629169	-0.0060167138	0.0041932082	-0.088448502	0.0613687748	-0.1345922565	0.1086574829	-0.0912627604	0.0735734331	-0.1578870262	0.2419022803	-0.257361997	0.1427858822	-0.0549344117	-0.0115529512	0.0742310839	-0.3430087703	-0.1251055554	0.1557550297	-0.126210987	0.1285289272	-0.0865813163	0.0646918745	-0.0240878759	0.0322141328	-0.0730422959	-0.1064638825	0.0997094726	-0.0870489329	0.2253779718	-0.1714209253	0.0791042135	-0.0426077862	0.1733648596	-0.1391595388	0.0022643583	-0.075345271	0.0628855965	0.0164188609	-0.1085294615	0.0081228894	0.153366806	0.1532882396	0.0270466796859523	n/a	0.0007315228820345	n/a	0.0404186302922653	n/a	0.0016336656747028	n/a	0.0086986088525833	n/a	n/a	7.566579597024054e-05	0.0009632554825357	n/a	9.278611246350842e-07	n/a	0.0007163294454908	n/a	n/a	5.13127874477157e-07	0.0006831547568266	n/a	4.66700421774811e-07	n/a	0.0	0.0	0.0	0.0	0.0	0.0	0.0	0.0
820.2803204723418	1.1381250467484278	672859.8041542078	1.295328622036111	1319.9472948051543	4.773202113421348	1742260.861063445	22.783458415570024	826.3792048315307	1.6490323627414227	682902.590177993	2.71930773336856	965.3306029538812	886.8672239101654	1.505824	29.477451	0.0967388886355133	0.0571651903057491	0.1182369343	-0.0035865694	-0.1507394584	-0.080332145	-0.0170590088	0.1851004437	0.0412825256	0.0476628622	0.1321045037	-0.1507754565	-0.0965242811	-0.042586161	-0.1124008869	-0.1211369822	0.0957488838	-0.0200755464	0.0004582474	-0.1249356384	-0.1677089482	0.1054324391	-0.0863699426	0.0495509686	-0.0968267571	-0.1225070514	-0.0867470094	-0.0274184268	0.0889452976	0.0816510076	0.1668838	0.0666916347	-0.1384673036	-0.0968450215	-0.0637209614	0.129833808	0.0021566117	-0.1236614109	0.0745488967	0.1064179667	0.0090247559	0.1096779381	0.1373463909	-0.0591261733	-0.0468883411	0.0254259277	0.1792905844	0.1386012419	-0.0950716127	0.1716453017	0.0950841156	-0.0711438848	-0.0984680134	-0.0583568024	0.0586918996	0.0292563363	0.0203498349	-0.084055446	0.1027459363	0.0167530277	-0.0660076237	-0.0833119931	0.0416563405	0.0283201817	-0.0471028296	-0.0421337395	-0.1191873143	-0.0660840194	0.2660674433	-0.0458036249	0.0412102716	-0.0657558184	-0.2106159583	0.0324692443	0.0641669255	-0.0410385305	-0.0893364469	0.061222047	-0.1956287038	0.034216497	0.0339920856	0.0700895566	0.1178199604	0.0112603178	-0.0059624312	0.0485926088	0.2358248498	0.0970752639	0.0821649468	0.1531573254	0.1524510324	0.0309520085029788	0.0039053288170265	0.0009580268303684	1.5251593169097616e-05	0.019100973599194	-0.0213176566930713	0.0003648471924371	0.0004544424868836	0.0559627979677088	0.0472641891151255	0.0022339035727103	0.0031318347563745	0.0006446960131319	-0.0003185594694037	4.15632949348167e-07	1.0148013554683057e-07	0.0008467320457705	0.0001304026002797	1.7004838159707222e-08	7.169551573346961e-07	0.0007192269673489	3.6072210522299954e-05	5.172874305618957e-07	1.3012043719651272e-09	1.0	0.0	0.0	0.0	0.0	0.0	0.0	0.0
820.8577482903299	0.5774278179881094	673807.4429282707	0.3334228849865092	1321.6149313877304	1.6676365825760513	1746666.0268669953	2.781011771545931	826.5208330777423	0.1416282462115532	683136.6875115251	0.0200585601249603	966.0576550819452	893.3968599597755	1.347925	26.386482	0.1022653346957186	0.0534325007995372	-0.1370816758	0.0541808315	-0.0658300009	-0.1728066298	0.0481154965	-0.0468118147	-0.0083809596	-0.209634347	0.004378376	-0.0951749014	-0.1673003435	-0.0682749775	0.1192864975	0.0861697504	-0.0702484757	-0.0009429552	-0.1521268468	-0.0117350633	-0.1930558932	0.1684112565	0.0153051505	-0.0624094477	0.0455110128	0.0486868621	0.1534732927	-0.0096368872	0.3486275029	0.015340521	-0.0321342341	0.0070474622	0.2771309896	-0.0834808949	0.0919999128	-0.04337703	-0.1700964339	0.0549988874	0.0712428873	-0.0154624	-0.0494414847	-0.1068974186	-0.0368676407	0.0188015298	0.0472584921	0.0315759676	0.2722477748	-0.1214448884	0.1411736841	-0.0210211639	0.1098375249	-0.1294014526	-0.0682149711	0.1755465145	0.050412907	0.2877947921	0.1969530778	-0.0185235946	0.0500900163	-0.0433842308	0.165976347	0.1367623962	0.0169984709	-0.0714057287	0.1308566475	-0.1780205021	0.1529403121	-0.0110289876	0.2500094587	0.0049628954	0.1666059055	0.093109597	0.1175612877	-0.4957338648	0.1912352789	-0.094416458	0.0336693681	-0.135785202	0.0834129331	0.3062686819	-0.129529265	0.0281479333	0.1826089674	0.0798435368	-0.0083521754	0.1515142808	-0.0339371667	-0.1122912653	-0.1554992095	0.1527386503	0.1507811905	0.0186072641279082	-0.0123447443750706	0.0003462302783257	0.0001523927136858	0.0634696473974827	0.0443686737982887	0.0040283961407607	0.0019685792146189	0.0369252204632744	-0.0190375775044343	0.0003624293572373	0.0013634719062614	0.0009751247516111	0.0003304287384792	9.508682812046096e-07	1.0918315121295557e-07	0.0010463534989026	0.0001996214531321	3.984872455057122e-08	1.0948556446657136e-06	0.0007189903786017	-2.3658874720000177e-07	5.169471645218159e-07	5.5974235301666356e-14	0.0	0.0	0.0	0.0	0.0	0.0	0.0	0.0
820.1441472578108	-0.7136010325191364	672636.4222812416	0.5092264336123776	1318.0489713509244	-3.5659600368060183	1737253.0908792298	12.71607098409758	826.8931648599442	0.372331782201968	683752.306092095	0.1386309560376937	965.3036901537132	886.7917814695962	1.298308	25.415197	0.0970340285608105	0.0575200541536798	0.0041131033	0.1318066955	0.0171286545	-0.0304376674	0.0983484295	-0.03262917	0.0604302072	-0.0901529124	0.0874735688	0.0392517222	-0.3430358715	0.0607150409	-0.0298260483	0.1272292089	0.1715224858	0.2498489564	-0.092850894	-0.0819627681	-0.1044831721	0.1376689263	-0.1084425857	-0.1562035606	0.0009200936	0.0385644988	-0.1294226349	-0.0370906916	-0.0591298578	-0.1897529873	0.0764695966	-0.1403325125	0.0582508644	-0.0604085936	-0.1025612648	-0.0974921588	0.0734944789	-0.0049623119	0.0279551917	0.1288387937	-0.241229801	0.0064242994	0.0969318945	0.0898257235	0.0603901818	-0.0738285503	0.2469359549	-0.1207070569	0.0246960373	0.0713846902	0.0359667354	0.0146161314	0.148152935	-0.0415479131	0.1299330856	0.1128336755	-0.1372262753	0.0538763129	0.0996269298	0.0972479071	-0.2903368866	-0.0468302929	-0.0501745469	0.1535218065	0.0701759613	-0.0818113983	-0.0625973772	0.1364997401	0.1536483965	-0.012283611	0.0600553345	-0.0482300271	-0.0666654762	0.1032971149	-0.0929368065	0.2037225516	0.013122015	0.1053867608	0.0132876544	0.1415709866	-0.1298248069	0.0399674854	-0.0117793618	0.0898789039	0.0218023696	0.0799064455	0.0893719796	0.0242881232	-0.046879559	0.1521113526	0.148287834	0.0168770699923612	-0.0017301941355469	0.000284835491527	2.993571746681224e-06	0.0262376576145442	-0.0372319897829385	0.000688414677098	0.0013862210631968	0.0802111783994945	0.0432859579362201	0.0018736741544562	0.0064338331402355	0.0010807234797525	0.0001055987281413	1.167963239688352e-06	1.1151091385081276e-08	0.0010462906573185	-6.284158410004363e-08	3.949064692202855e-15	1.094724139591979e-06	0.0005289342142051	-0.0001900561643966	2.7977140295676657e-07	3.612134562514746e-08	0.0	0.0	0.0	0.0	0.0	0.0	0.0	0.0
823.6407559327629	3.496608674952085	678384.0948334931	12.22627222575018	1318.6234848204838	0.5745134695594061	1738767.8947201166	0.3300657267051866	827.106203932259	0.2130390723147002	684104.6725832316	0.045385646332708	966.3606151707074	890.0168511909947	1.359723	26.617441	0.0816409240552203	0.0413016330237018	-0.1117942764	0.0150310839	-0.1223476369	0.1382471546	-0.0443068164	0.0574517392	-0.1969709252	-0.117186168	-0.1126579155	-0.1189142987	0.0021947834	-0.1711841232	0.0762135766	-0.2167988729	0.0569570527	0.1191480877	-0.0966985752	0.0863866982	0.069737866	0.0216844824	-0.1505833226	0.091597319	-0.023973654	0.0772269071	-0.0070046436	-0.0209355538	0.0950973453	-0.2267739421	0.096660962	-0.0997799128	-0.1098528063	0.0297688188	0.0057884849	-0.1770927121	-0.0915423866	0.0948091151	-0.0721104691	0.0162670656	-0.180966644	-0.0835731528	-0.0649114429	-0.0130244248	0.0116906242	0.243449211	0.0354325348	-0.1694675403	-0.0703336353	0.0948660219	0.0574515913	0.0458273693	-0.043356706	0.1250460161	-0.0403006484	-0.0775719379	0.1169966743	-0.0370116335	0.2678438863	0.2119325246	-0.013916769	-0.0434536199	-0.110994801	0.0184095792	0.0112061417	-0.0939880916	0.1127463631	0.0579173054	0.1098704536	0.109060887	0.0437812406	-0.0454191318	-0.2019669872	0.0084063961	-0.021052812	-0.1739558531	-0.0766391869	-0.0501050323	-0.1456590217	-0.1615374279	0.1063029635	-0.013097936	-0.1038899425	-0.1319792162	0.0748698086	-0.0641044348	-0.1096367838	-0.1574310241	-0.0460640052	0.151276289	0.1449845808	0.0141206445473756	-0.0027564254449856	0.0001993926024333	7.597881233764074e-06	0.0328987083102561	0.0066610506957118	0.0010823250084833	4.436959637084393e-05	0.0560908681139267	-0.0241203102855677	0.000581789368272	0.0031461854857739	0.0007308838539285	-0.0003498396258239	5.341912079333768e-07	1.223877637966763e-07	0.0004781770708255	-0.000568113586493	3.227530471579395e-07	2.2865331106325525e-07	0.000484824673943	-4.410954026209994e-05	2.3505496446393626e-07	1.9456515421338162e-09	0.0	0.0	0.0	0.0	0.0	0.0	0.0	0.0
821.832789261299	-1.8079666714638731	675409.1335050067	3.268743485124157	1322.438527384602	3.81504256411813	1748843.6587111545	14.554549766033036	827.7491756420039	0.6429717097449839	685168.6977760171	0.4134126195323878	967.9086864169168	890.8417846842593	1.324169	25.921452	0.0819106230776484	0.0384649019989849	-0.0057244312	0.1171544727	0.18721595	-0.0255752792	0.1136057729	-0.048655523	0.1949734005	0.0798210954	-0.2580850728	-0.0102521119	0.0174507264	-0.0583312601	0.1172703334	0.1199464071	0.4002216889	0.0128119669	-0.0697455233	-0.0526885275	0.1328903175	0.0305563576	-0.1871693685	0.0107127669	-0.0417598459	0.1752677859	0.024239777	-0.1730315618	0.1055180171	-0.1486278876	0.1455673657	-0.01229424	-0.0209779689	0.0646763069	0.0836775762	0.1604208182	0.0699333122	-0.206309863	0.0673621095	-0.0024584552	-0.1254816608	-0.0035435375	0.0345369307	0.101891789	0.0616854488	-0.1219241566	-0.0947435099	-0.2112459327	0.0324880995	0.2447530473	0.2446899928	-0.1137976289	-0.0502782697	0.0334523412	-0.1001017191	-0.0723396901	-0.2393731012	-0.0306918034	-0.0738395904	0.1029231917	-0.0378755739	0.1001196666	-0.0703406989	-0.1044957533	0.0126577841	-0.1297183046	-0.0421167282	0.1430521498	0.061826812	0.1310678341	0.0247082468	-0.0382984089	0.1455553692	0.0871360978	-0.1164083611	-0.0859959445	-0.052037769	0.2878865002	-0.065495659	0.0446830403	0.2122479851	-0.0326184648	0.02020677	-0.0144792837	0.2393466454	-0.2752545295	0.1954639369	0.0197382553	0.0528662625	0.1502346003	0.1408894722	0.0235575056946117	0.0094368611472361	0.0005549560745516	8.905434831221427e-05	0.0282901170588729	-0.0046085912513831	0.0008003307232047	2.1239113322325747e-05	0.0325336883360876	-0.0235571797778391	0.0005549407190854	0.0010584408767496	0.0005751500051005	-0.000155733848828	3.307975283671052e-07	2.4253031670782357e-08	0.0009742074709218	0.0004960304000963	2.460461578196955e-07	9.490801963998496e-07	0.0007192202430425	0.0002343955690994	5.172777580021127e-07	5.494128281347848e-08	0.0	0.0	0.0	0.0	0.0	0.0	0.0	0.0
819.2715370851215	-2.561252176177504	671205.8514778176	6.560012709974001	1319.6673024698082	-2.77122491479372	1741521.7892079402	7.679687528373461	827.4833097985043	-0.2658658434996823	684728.6279950874	0.0706846467397975	967.1376777427008	901.295709532775	1.418561	27.769226	0.1452179115047319	0.0693028640914724	0.1143063261	-0.126110554	-0.0307736259	-0.1314094178	-0.1158500421	0.0123299288	0.0402217966	0.1336133876	0.0136405167	0.2225525642	-0.0771124275	-0.0579027596	-0.0024205428	-0.1170237191	-0.0420622725	0.0322392953	-0.0708123986	-0.0274679259	-0.0606624938	-0.198029028	-0.0977882802	0.088184993	-0.093447078	0.0376625424	-0.0494704482	-0.0592378233	0.0244830947	0.0213738267	-0.0569210808	-0.0973140852	-0.2062296555	-0.0438830411	-0.0012408609	-0.1207934447	-0.1080951893	-0.0235335866	0.0052628081	-0.1080100664	0.0876155327	0.101085917	-0.0453830107	-0.016780634	-0.2131094861	-0.1474525757	-0.0310064378	-0.0622015417	-0.108102155	0.1516781314	-0.1539935577	0.029415912	-0.004999191	0.1616003748	0.0937511243	-0.1610091081	0.0157999659	-0.0673329731	-0.0042230249	0.0887949213	0.0565454013	0.0404739996	0.1178096326	-0.0873797311	0.0513702001	-0.1444598967	-0.1605425449	-0.1752418244	-0.0817839478	0.1120822475	-0.0857554258	0.0432883801	-0.0120142742	0.0865040077	0.1026326822	0.0143665459	0.2854434151	0.1155817877	-0.0417606268	0.0177472547	0.0691055257	-0.0083182664	-0.1281755549	0.0746010047	0.0615192943	0.0808892919	-0.007242337	-0.075169731	-0.1519993504	0.1489877092	0.136024874	0.0100071586367107	-0.013550347057901	0.0001001432239802	0.0001836119053895	-0.001625964206795	-0.0299160812656679	2.643759601778494e-06	0.000894971918294	0.0822006915706907	0.049667003234603	0.002466811210306	0.0067569536946998	0.0004379253341463	-0.0001372246709541	1.917785982871485e-07	1.8830610318488444e-08	0.0004780673639372	-0.0004961401069846	2.461550057586903e-07	2.285484044618633e-07	0.0003108954220501	-0.0004083248209924	9.665596345170981e-08	1.667291594384755e-07	0.0	0.0	0.0	0.0	0.0	0.0	0.0	0.0
822.3501870393371	3.0786499542156207	676259.8301236328	9.478085540591843	1323.6708763092165	4.003573839408318	1752104.5887892093	16.028603487594662	828.5540547586565	1.0707449601522967	686501.8216570108	1.1464947696915435	968.6819019987208	884.532039859541	1.296846	25.386578	0.0604522883867744	0.0386769038662837	0.0510256362	0.138672242	-0.0167277161	0.1219334641	0.0901981638	0.0346398356	-0.1407803487	0.245057999	0.0953804514	-0.0497559048	0.0764679963	-0.0117403677	0.001477585	0.0195218704	-0.1396086942	0.0958448581	-0.1064577685	-0.106812892	0.0948074921	-0.0510042287	-0.1462754889	-0.018224703	-0.0516286941	-0.0955415457	-0.1381776603	0.3132685969	0.0699593608	0.0883247023	-0.0983042611	-0.0318892845	-0.0602357494	0.0244675481	0.0497107501	-0.1534014333	0.083197555	-0.1117158385	0.0339015813	-0.2153704801	0.1040075805	0.0028073755	0.0513736541	0.1791027491	-0.1078192343	0.0735155988	0.0350014759	0.0515001487	-0.118834839	-0.1832930097	-0.1682217591	0.0581703114	-0.0483484609	0.0515875648	-0.1114840295	-0.1943455399	-0.1084219452	-0.1194862012	0.0006495291	0.0144318914	0.0707076532	0.0809476053	-0.2559676313	-0.0539886892	-0.0277892275	-0.0948980094	-0.1446946862	0.1132710532	-0.011965447	-0.0949951975	-0.1425965636	0.0861270302	-0.045489757	-0.0169790902	-0.0417914247	0.0391390255	0.017566531	-0.0070592735	-0.1699792624	0.0386786651	0.12561281	-0.1479191898	-0.0915421789	0.0574434384	-0.0097050554	0.0805060333	-0.1349185839	-0.0758238627	0.1494160593	0.1475373187	0.1304173552	0.0030005727158908	-0.0070065859208199	9.003436623348293e-06	4.909224626583165e-05	0.0103679064034025	0.0119938706101975	0.0001074934831897	0.0001438529322141	0.0458484645421037	-0.0363522270285869	0.0013214844099379	0.0021020817008685	0.0003689335864981	-6.899174764820004e-05	1.3611199124635102e-07	4.759861243552916e-09	0.0004780508509505	-1.651298670002875e-08	2.726787297553264e-16	2.2853261609449723e-07	0.0002779115861416	-3.298383590850002e-05	7.723484971173996e-08	1.0879334312388551e-09	0.0	0.0	0.0	0.0	0.0	0.0	0.0	0.0
821.1752238316861	-1.1749632076509895	674328.7482350199	1.3805385393335028	1318.8076028405908	-4.863273468625721	1739253.493310145	23.65142883063885	828.0800859460878	-0.473968812568728	685716.6287404802	0.22464643528781	966.9897874776674	897.5364159858948	1.385241	27.116974	0.014030633414159	0.0098461702011666	0.042395974	-0.1128725311	0.251634834	-0.0645996836	-0.0401944685	-0.0154698405	0.0822125047	0.1205636414	-0.1160916763	0.2061055774	-0.0347163312	-0.071665318	-0.1620840979	-0.0393031749	-0.1318007759	0.0053874856	-0.0959412191	-0.0523581119	0.0165436405	-0.1492955648	0.0143620746	0.1175675841	-0.0321380722	0.0679174303	-0.0182358138	0.1338727294	0.1174775142	0.0945958962	-0.1189163644	0.0226223404	-0.1212542979	0.0920082579	0.0555098922	0.1871326675	-0.1674415152	0.1688561459	-0.0883946177	-0.0428107493	-0.0167557804	-0.1274685786	-0.0322307642	0.0137101791	-0.1352792064	-0.0845785906	0.0268686287	-0.1158796947	0.0169753577	0.0487858574	-0.1746868758	-0.0718847815	-0.2010956066	0.0143093381	0.0324246906	-0.0215933305	-0.0104597114	-0.1261999026	-0.024345133	-0.0848640086	-0.0456916634	-0.1586577746	-0.036982833	-0.080760434	-0.140262651	-0.0923538306	-0.0290787163	-0.1356090387	-0.0420665179	-0.0539266688	-0.1804186265	0.0411527018	0.1110240968	-0.0398659595	0.0143318815	-0.0595351478	0.1094142119	0.1740858503	-0.0999199126	-0.2173396201	-0.119497786	-0.1296505245	-0.0608936072	0.0581171388	-0.3683364883	0.0590234526	0.036344323	0.0400228574	0.165459705	0.1458854101	0.124097542	5.669258617047035e-05	-0.0029438801297203	3.214049326696206e-09	8.666430218162186e-06	0.0010863610794871	-0.0092815453239154	1.180180395024377e-06	8.614708359989583e-05	0.045852949427612	4.484885508297676e-06	2.0114198022538502e-11	0.0021024929712111	0.0003659255599694	-3.0080265286999545e-06	1.3390151543891896e-07	9.0482235973627e-12	0.0004780568805966	6.029646100014045e-09	3.635663209141459e-17	2.285383810857519e-07	0.0003109119914671	3.300040532550004e-05	9.666626643803808e-08	1.0890267516472912e-09	0.0	0.0	0.0	0.0	0.0	0.0	0.0	0.0
819.7089575444699	-1.4662662872162855	671922.7750786415	2.1499368250270305	1321.91118448569	3.1035816450992115	1747449.17966836	9.632219027796728	827.3828979185478	-0.6971880275400508	684562.459768094	0.4860711457451867	967.6937424823298	898.3016619143536	1.357341	26.570803	0.0261716759548801	0.015323472817169	-0.1410186063	0.0844082595	-0.0787185123	-0.1560979374	-0.0639646438	-0.2103880903	-0.0272276358	-0.0086187549	0.1333506866	-0.1098030224	-0.0046066902	-0.0208700832	-0.1046168982	-0.1492566789	-0.1366815479	-0.0948491185	-0.1080951279	0.0629042668	-0.0663108125	0.0273858152	0.0181306008	-0.0551692263	-0.0669841985	-0.0707289148	-0.0707572645	0.0515654505	0.0613134326	0.0837574403	-0.0878109789	-0.0787309974	0.0074216999	0.086106117	-0.0436161779	0.107731705	0.1194126295	-0.0221876308	0.2285289129	-0.1012974376	0.1696051883	-0.0435228797	-0.128294372	0.105769768	0.0250012639	-0.0472629945	0.0988439733	0.1819291653	-0.122761808	0.0402779398	-0.0304426883	0.064110971	-0.1282572059	-0.0318155543	0.0185582402	0.1446263506	-0.0116307699	-0.0346485234	-0.128175306	-0.0281940713	-0.1199571025	0.0554819691	-0.080861303	0.0240640703	0.0922964018	-0.0894825851	0.1000320712	0.1123761714	0.0218784835	-0.0376977284	-0.1211745941	-0.0561578144	-0.0388210096	0.1631705329	0.2231232054	-0.0635283856	-0.0580685929	0.1144969357	0.0424258715	-0.0090478917	-0.0699813813	-0.0635201038	0.0248338564	-0.0657055617	-0.1140241102	0.1305880396	-0.0995306899	-0.01337615	0.1289555808	0.1440342395	0.1170999511	0.000174153188027	0.0001174606018565	3.0329332899967616e-08	1.3796992988498176e-08	0.0003720137732443	-0.0007143473062427	1.3839424748346148e-07	5.102920739363446e-07	0.0552688236366378	0.0094158742090258	8.865868712019726e-05	0.0030546428661777	0.0002314077042613	-0.0001345178557081	5.3549525591485295e-08	1.8095053504305217e-08	0.0006390331194066	0.0001609762388099	2.591334946141413e-08	4.083633276985298e-07	0.0002879262092301	-2.2985782237e-05	8.290150196161534e-08	5.283461850467845e-10	0.0	0.0	0.0	0.0	0.0	0.0	0.0	0.0
821.7235015923085	2.0145440478386263	675229.5130691245	4.058387720682037	1320.394494531639	-1.5166899540508894	1743441.6211894627	2.300348416718889	828.296086910382	0.913188991834204	686074.4075910511	0.8339141348071699	967.2940933701984	896.5940089370008	1.419494	27.7875	0.0325016296587848	0.0153610859974518	0.0747525606	-0.101227548	-0.140147632	0.0510762996	-0.0731771362	0.1281222525	-0.0687294277	-0.1569283788	-0.0032071631	-0.1056152063	-0.0394776112	0.0629572128	-0.1676801053	-0.028863628	-0.0414963251	-0.1220733646	0.0864316851	-0.0109744021	-0.1855302507	-0.0956576645	0.0346176304	0.1419568137	0.0878593385	0.0605016453	0.1157601698	0.101190006	0.0171805174	-0.0939771554	-0.0444030903	-0.0827046994	0.1171061744	0.0122405972	-0.0750241552	0.1752420396	-0.0553274893	-0.0939086332	0.083342019	-0.3063311053	0.0254421709	-0.0211663042	0.0535380753	-0.1723913184	-0.0566543057	0.1046319004	0.1148981143	0.0211127616	0.0192297098	-0.0210045601	-0.0418693101	0.1224977876	0.0372044383	0.0248984281	-0.1924914717	0.0623245037	0.0053290666	0.0864766967	-0.23238774	-0.0335848155	-0.005617077	0.1304077212	0.0039962802	-0.0340056157	0.2314183707	0.0235217152	-0.0010452994	-0.1499606417	0.1028235867	-0.0150570514	-0.1199902093	-0.1614965362	-0.1049307628	0.0424811122	0.0009711078	-0.0046234198	0.1738839915	-0.1336065536	0.1195176704	0.0425770054	0.0734528622	-0.0754444052	-0.0350167357	-0.1970831626	0.0342821955	-0.0179212047	-0.1576789934	0.1342438135	-0.0417583963	0.1419863355	0.1094628008	0.0024630435903105	0.0022888904022835	6.066583727769638e-06	5.239019273665522e-06	0.0054527837142899	0.0050807699410456	2.973285023482516e-05	2.5814223193832503e-05	0.0623000149649186	0.0070311913282807	4.943765149489109e-05	0.003881291864629	0.0003604411466943	0.000129033442433	1.299178202303019e-07	1.6649629266110327e-08	0.0004060516844348	-0.0002329814349717	5.4280349041519056e-08	1.648779704323384e-07	0.0002879268915688	6.823386999735627e-10	8.290189488847153e-08	4.655861014816118e-19	0.0	0.0	0.0	0.0	0.0	0.0	0.0	0.0
822.9265841488742	1.2030825565657324	677208.1628989341	1.4474076379127387	1327.503521071962	7.10902654032293	1762265.5984584573	50.5382583510158	827.7644035301017	-0.5316833802802421	685193.9077515451	0.2826872168662245	968.3023462783368	885.8319641296549	1.212257	23.730703	0.0765857863299133	0.0398571286659953	0.047101791	0.1594264887	0.0206219883	0.1640697473	0.2068963529	0.0022813951	-0.0745153489	-0.0817680431	-0.0483280966	0.0316955939	-0.0135433463	-0.0042776639	0.0139232512	0.054540839	-0.0443340501	-0.0532124215	-0.0146169015	-0.102365186	0.0295448914	0.0426278899	-0.1000474106	-0.0510007642	0.170298458	0.0548482529	-0.0714660968	0.1545159788	-0.1585241802	-0.0258586472	0.0916888686	0.1582533556	0.0739905573	0.0944987003	-0.0983254637	0.1123629344	0.2375992571	0.0163512446	0.0063714742	0.0811314017	-0.1099606113	0.1117249976	0.0944253294	0.0896862038	0.085768459	0.0605295502	0.0503853067	-0.0698144971	0.0297826497	-0.021381661	-0.0345985151	0.080142042	-0.0645693284	-0.1870178934	-0.1431791285	0.0275652026	-0.1296872203	-0.0271380711	-0.1441601937	0.0459460437	-0.0369838126	-0.0228506625	0.0878977551	0.2428785799	0.0086000263	-0.0261436884	-0.0543288787	0.1521699307	0.0410749947	0.0047793829	-0.1224143212	-0.1738217084	0.0264985076	-0.0264463439	-0.1214387176	0.0658757041	-0.0839746914	-0.0921072582	0.1137765023	-0.1007489932	0.0399190038	-0.0426412958	-0.101624737	-0.018182385	0.0741900691	-0.0235971773	0.0459046534	0.0417634304	0.0174811268	0.1397444952	0.1012278027	0.0001270080339708	-0.0023360355563396	1.6131040693127888e-08	5.45706212048333e-06	0.0084561191585947	0.0030033354443047	7.150595122435234e-05	9.02002379101751e-06	0.0458657115095348	-0.0164343034553837	0.0002700863300636	0.0021036634922758	-0.000244968442723	-0.0006054095894173	6.000953793013173e-08	3.665207709584238e-07	0.0004780161164508	7.1964432016e-05	5.1788794753854865e-09	2.284994075867048e-07	-0.0001309413244756	-0.0004188682160444	1.7145630455424368e-08	1.7545058241221819e-07	0.0	0.0	0.0	0.0	0.0	0.0	0.0	0.0
821.1465635399077	-1.780020608966538	674281.6788133996	3.168473368345605	1317.6541269006009	-9.849394171361157	1736212.3981381848	97.01056554284308	828.0889300629123	0.3245265328105233	685731.2760927387	0.1053174704980196	968.4928616415654	897.8573160748465	1.369235	26.80364	0.0433531804865078	0.0263980582893177	0.062281824	-0.1435968693	0.1268329254	-0.0832724248	-0.1441827354	0.012507277	0.0831334903	0.0320946003	-0.0756351222	0.1934764907	0.0095182437	-0.0248043165	-0.0791601775	0.0124703717	0.0535267114	-0.0933266351	0.0082089189	-0.0543238358	-0.1048912204	-0.134282941	0.0023981522	0.0297629071	0.2348521236	0.0963701474	0.1383050602	0.0979596844	-0.256300806	-0.0006186196	0.0243830477	-0.051919553	0.0202490417	0.0354634257	0.0409045987	-0.1639016163	0.1236487484	-0.1649833683	-0.2541478522	0.2276919647	0.0846911455	0.0916123231	-0.0498770431	-0.1125572112	-0.0429118279	-0.1362074488	-0.0454256575	-0.1278820634	-0.0021904928	0.1306552821	-0.1689013835	0.0561417498	0.0879950674	-0.0541496822	-0.127705511	0.0139912921	-0.1514521996	0.046985614	-0.0349433419	-0.0301197128	0.0966940392	-0.0316096418	-0.0184243599	0.0788823306	-0.1182160235	-0.0351537447	-0.0466169993	-0.1775159684	-0.0330820949	0.1517962557	-0.081943175	-0.1337777085	0.0744936246	0.0469724129	0.0020086603	0.0032326893	0.0509220236	-0.0303588959	0.1426572162	-0.1933417971	0.0269179473	-0.0342506799	-0.0268057086	-0.0634206538	0.0920803427	0.0666712169	-0.1089397414	0.110612249	-0.0751455498	0.1373117808	0.0924399334	0.000146440789166	1.9432755195199995e-05	2.1444904731560863e-08	3.776319744765724e-10	-0.0034318116210414	-0.0118879307796361	1.1777331002314802e-05	0.0001413228982214	0.0478062323769563	0.0019405208674214	3.765621236898279e-06	0.0022854358540795	-0.0002450440465687	-7.560384569999316e-08	6.004658475876323e-08	5.715941484628373e-15	0.0003069646890332	-0.0001710514274176	2.9258590821598493e-08	9.422732031324917e-08	0.0002880375659462	0.0004189788904218	8.296563939621152e-08	1.755433106190827e-07	0.0	0.0	0.0	0.0	0.0	0.0	0.0	0.0
821.4393301711838	0.2927666312760948	674762.5731520831	0.0857123003887528	1327.6982820670444	10.044155166443488	1762782.728203781	100.8850530075934	828.2470043699946	0.1580743070823018	685993.1002478697	0.0249874865595498	969.7497304229584	885.3903197359784	1.34342	26.298294	0.0631531115825494	0.0276987531082782	0.0744639006	0.125006699	0.0262146896	0.1813927572	0.1541277384	0.0077087831	-0.1006961819	0.1870804291	0.0367198472	0.033691464	0.0604880332	0.0837069989	-0.0111550644	0.0281183776	-0.0394761314	0.2378487048	-0.0954065974	-0.2104366047	0.1804983445	0.0494715229	0.0243359026	-0.0716329644	-0.0715449141	0.0687126911	0.1380028878	0.0458926874	-0.1394215045	-0.0649301079	-0.2083150479	-0.0537136007	0.0427696537	0.036493249	-0.2898590389	0.1232705238	-0.1495818588	0.1343728153	-0.048637762	0.0069392084	0.2212987968	-0.015690952	0.0813108336	0.1996436243	-0.0831233626	-0.0288128849	-0.0139133501	-0.0856460861	-0.0374085644	-0.0460555911	-0.1014358532	0.1473434556	0.1374713257	-0.136626338	-0.0133607847	0.004429037	0.1066856009	0.1178847082	-0.1371146996	0.0933051	-0.0924956003	0.1181621197	-0.0570085146	-0.1184110094	-0.048033263	-0.0817791925	-0.1268867734	0.1556593493	-0.0908148935	0.1583247082	-0.1408607776	-0.0807460895	-0.0586399153	0.0842578652	-0.1188394736	0.1928394666	-0.2418655587	-0.1269900979	0.1282293623	-0.0655707128	0.0661419096	0.0734869501	0.6013758358	0.0798594747	-0.2456687919	-0.2027650328	-0.179753961	0.0507229512	-0.1651869919	0.1346915149	0.0831471893	0.0053410745561706	0.0051946337670046	2.852707741457297e-05	2.69842199733044e-05	0.0054269969926821	0.0088588086137235	2.9452296358580554e-05	7.847849005458168e-05	0.060674562349547	0.0128683299725907	0.0001655939162834	0.003681402516309	-9.09734806115877e-05	0.0001540705659571	8.276174174586924e-09	2.373773929434489e-08	0.0004780051052912	0.000171040416258	2.9254823993709923e-08	2.284888806844512e-07	-0.0001114782364233	-0.0003995158023694	1.242739719604917e-08	1.5961287634294536e-07	0.0	0.0	0.0	0.0	0.0	0.0	0.0	0.0
821.9611753369533	0.5218451657694914	675620.1737613056	0.2723223770369879	1320.6441503274011	-7.054131739643253	1744100.9717939834	49.76077460024235	828.165656008313	-0.0813483616815347	685858.3537916795	0.0066175559482697	968.4265117434824	900.0377045000151	1.399878	27.403498	0.1119444045861939	0.0555487809246316	-0.0700129001	-0.0988878716	-0.0072832573	-0.0945306232	-0.065845812	-0.0423745071	-0.0228177258	-0.0491887096	0.0042727209	0.1276547627	-0.0977086032	-0.1107175398	0.0005669661	-0.2157648248	0.1203841635	0.0333531158	-0.1006226473	0.0490897833	-0.0673929105	0.0534352032	0.0089923311	-0.0511401713	0.0405613652	0.0095966539	0.3160802424	-0.2169780338	0.0456673494	0.1264696041	-0.1795774261	0.0923768583	0.219192237	-0.0566308649	0.1248279684	-0.0624781864	-0.0134056905	-0.1825114925	-0.0319628416	0.0942253428	0.1866329267	-0.0484424233	-0.1161929857	-0.0236417877	-0.0716282943	0.0122573725	0.0747384151	-0.0432650799	0.0342761992	-0.0214648709	0.0050762366	-0.1114964576	0.0403525213	-0.0661356163	-0.0956500972	0.0377399576	0.2054626957	0.201667717	-0.1174990604	-0.340805008	0.2082620086	-0.0608636046	-0.0473104952	-0.1379479452	0.2141608842	-0.1130269156	0.1021232993	-0.1154906264	0.0122919433	0.0281615615	0.0189251339	0.1593970616	0.1559461444	-0.30661092	0.1691925948	0.1264201828	0.074714963	-0.3759191932	0.1188682949	-0.0072106349	-0.0469609655	-0.0443631166	-0.1043624289	-0.0847706353	0.0132087127	-0.364444384	-0.0695002651	0.1505454038	0.2133468118	0.1318872767	0.0734003241	0.0001327705353162	-0.0052083040208544	1.762801504815031e-08	2.7126430773648117e-05	0.0445025071901739	0.0390755101974918	0.0019804731462114	0.0015268954971942	0.0456794060097536	-0.0149951563397933	0.0002248547136548	0.0020866081334039	0.0005119237664988	0.0006028972471103	2.62065942706318e-07	3.6348509057328393e-07	0.0005290739302301	5.106882493889999e-05	2.6080248806400133e-09	2.799192236491248e-07	0.0002878643720885	0.0003993426085118	8.28658967179064e-08	1.5947451897300878e-07	0.0	0.0	0.0	0.0	0.0	0.0	0.0	0.0
821.767412834012	-0.1937625029412402	675301.6807959055	0.0375439075460541	1325.895539424334	5.251389096932826	1757998.9814653457	27.57708744738496	827.009221676007	-1.1564343323060484	683944.2527371548	1.337340364936136	967.2334184560516	890.7463249260845	1.323991	25.917969	0.0677145376470888	0.0451208670966243	0.0996597706	0.0359038417	-0.0594905239	-0.0301592709	-0.0044900793	0.0872358089	-0.0496683814	0.1195644374	0.2411794419	0.0032848814	0.0774465675	0.0292759035	0.2312400585	0.029389657	0.1371484801	-0.0549802994	0.0370854701	-0.0624953538	0.178319484	-0.2684743864	-0.0689269148	-0.1088479873	-0.1204022925	-0.2011866093	0.0593327935	-0.1839651316	-0.1643946905	-0.0207180373	0.0779045092	0.1731011403	0.2411039853	-0.247845568	-0.1025000845	-0.0417978076	-0.100979064	0.0777474678	0.1948399041	0.0354228891	0.0290037064	0.0687955674	0.1130056009	-0.0219445959	-0.1264054265	-0.0498521974	-0.2103901693	0.0310391026	-0.2862094583	-0.0964359065	0.2234940889	-0.2654134601	0.1225636077	0.0635717222	-0.1350494621	0.0826395001	0.0406269746	0.3751052594	0.1914703182	0.0682585614	0.0504372732	-0.1278679089	0.0255700369	0.1745192943	-0.0072889557	0.0764931033	-0.1367860393	-0.0001466278	-0.1455551408	0.1487985081	0.0897009676	0.3447061422	-0.176336797	-0.0023748279	0.1534742093	0.1169454236	-0.2291682569	0.1937645203	0.3697105284	-0.072771818	0.0641831561	-0.0415473075	-0.2326498316	0.081419633	0.2238084137	-0.0222381423	-0.0835185044	0.0507802328	0.0047516219	0.1289028963	0.0632525717	0.0079283599261827	0.0077955893908664	6.285889111909973e-05	6.077121395099032e-05	0.0051552431317816	-0.0393472640583923	2.657653174778136e-05	0.0015482071888808	0.0457996520353987	0.0001202460256451	1.4459106683442425e-08	0.0020976081265636	0.0008699308841892	0.0003580071176904	7.567797432662034e-07	1.281690963169879e-07	0.0004781248959757	-5.094903425439999e-05	2.595804091456024e-09	2.28603416151774e-07	0.0002877917605896	-7.261149890001395e-08	8.282409746326165e-08	5.272429772506728e-15	0.0	0.0	0.0	0.0	0.0	0.0	0.0	0.0
824.8848787863051	3.11746595229306	680435.0632502972	9.718593963706471	1321.0115327265155	-4.8840066978184495	1745071.4695964577	23.85352142433548	828.9260230903051	1.9168014142981065	687118.351756309	3.674127661855221	967.6626197868508	881.473936600193	1.372234	26.862356	0.1838312086494976	0.106516760049538	0.006707471	-0.0820418471	-0.1330705978	0.3306136986	0.0314989714	0.1230307392	-0.1453868701	0.0486461085	-0.1347003111	-0.2213924293	0.4415796587	-0.0651449562	0.0119860333	0.0210904957	0.0731773808	0.145507862	0.1068413867	0.1581547465	0.0896544152	-0.0792274284	0.0950794393	-0.2621450248	-0.2465154602	-0.0341901358	-0.1516121828	-0.0248248593	-0.1395488234	0.1256515885	0.12654919	0.2849396052	0.1717416817	0.192287515	-0.0079706763	0.1468650419	-0.0483754772	-0.0423139058	-0.1778580497	-0.0945712279	0.0599958753	-0.0074947424	0.0577915524	-0.0772240626	0.06122522	0.241537686	-0.0864820071	0.0165233496	-0.1680643649	-0.3782722874	0.1963881464	0.0670246607	-0.2049993151	-0.1926807919	0.1490520258	-0.1319920722	-0.1576575464	0.1427282757	-0.0701543278	0.0962588373	0.0244115262	0.0302371052	-0.0107543979	-0.2030858819	-0.1286281751	0.260818166	0.0840000274	0.0264289615	-0.0247345687	-0.054361233	0.0760042477	0.2596694079	-0.2947704788	0.0262889184	-0.2086996507	-0.2111463554	0.0448973571	0.0085924926	0.2412165964	-0.004810948	-0.090061366	0.1351299	0.0192167188	-0.3126888223	-0.081700837	-0.0487646792	-0.0408830723	-0.1834364468	0.1397060202	0.1257424501	0.0527593557	1.6868715789541966e-05	-0.0079114912103931	2.8455357238834236e-10	6.259169317212819e-05	0.0249403296426748	0.0197850865108932	0.0006220200426852	0.0003914496482435	-0.046579906333207	-0.0923795583686057	0.0085339828043786	0.0021696876740103	0.0013100067300799	0.0004400758458907	1.716117632854632e-06	1.936667501364152e-07	4.89227373909884e-05	-0.0004292021585847	1.8421449293377595e-07	2.393434233827614e-09	-0.0001180316861271	-0.0004058234467167	1.3931478930006251e-08	1.6469266990502225e-07	0.0	0.0	0.0	0.0	0.0	0.0	0.0	0.0
824.938201411289	0.0533226249839344	680523.0361476925	0.0028433023351773	1321.9768684052851	0.965335678769634	1747622.8405986445	0.9318729727056296	829.7131062416576	0.7870831513524763	688423.8386691802	0.6194998871429451	969.456542815703	894.0496762044913	1.398863	27.383631	0.0338870802880677	0.0241172977350372	0.0361060892	-0.1278681663	0.1355997349	-0.1015536062	0.0379280838	-0.0607773142	0.1423670826	-0.1779437625	-0.1403479415	0.2459169416	0.0757970586	-0.0222346656	0.1447808286	0.0803101652	-0.0541822214	-0.0418271136	0.2299954441	0.1771004558	0.0219937869	-0.0218018685	0.0642711637	-0.2309804638	0.0692078539	0.0622845242	-0.0668566577	-0.0234544709	0.158867807	-0.0243058084	0.0333002636	-0.1263374926	-0.0393719121	-0.0418444158	0.1224717921	-0.0595313914	-0.0178750432	0.1609362357	0.032502097	0.126800054	0.0168098756	0.1789611073	0.0103706238	-0.1195594645	0.216619485	-0.0585387408	-0.1723596487	-0.1751396974	0.1967469615	-0.1943649325	-0.0524381592	0.0361874876	-0.0749385479	0.1626987778	0.0971012103	0.0498056601	-0.0576929118	0.0239994875	0.1721675832	0.0114230259	-0.0110908844	0.0668088711	0.1223253826	-0.1579477474	-0.0062111094	0.3057686533	0.0763404751	-0.0810863578	0.0185615728	0.0413244708	0.1474564889	0.1901957058	0.0765129748	-0.0776731378	-0.2417053427	-0.1547476675	0.0662780596	0.0765920656	0.0075599256	-0.0716484419	-0.1648539899	-0.0301875011	0.1989360931	0.2566366857	0.0878640347	-0.0131189746	0.0309562862	0.263352164	0.226633374	0.1224102548	0.0419779864	1.686799832611996e-05	-7.174634220064036e-10	2.845293675299857e-10	5.147537619171387e-19	0.0099303059716646	-0.0150100236710102	9.86109766908776e-05	0.0002253008106042	-0.0277028504336129	0.0188770558995941	0.0003563432394364	0.0007674479221471	0.0013100067300799	0.0	1.716117632854632e-06	0.0	4.89227373909884e-05	0.0	0.0	2.393434233827614e-09	-0.0001180316861271	0.0	1.3931478930006251e-08	0.0	0.0	0.0	0.0	0.0	0.0	0.0	0.0	0.0
820.9170930814258	-4.021108329863182	673904.8737132584	16.169312200495067	1328.0626711902391	6.085802784954012	1763750.4586089533	37.03699553735401	828.6227426193467	-1.0903636223108606	686615.649586008	1.188892828858861	970.026675118128	903.3004991282772	1.496459	29.29414	0.0782812322380012	0.0637708834667543	-0.1089466121	0.1261603612	0.0473120242	-0.1694802591	0.0336958968	-0.21313172	0.1653206785	-0.1231318707	0.1570364785	-0.0100993812	0.011468647	0.451844997	0.1043665806	0.0825173088	-0.1030012842	0.0420880059	0.0730769696	0.177045973	0.0855091982	0.0777012635	0.0254287877	-0.1378498498	0.2638130671	-0.2166259771	-0.0975238124	-0.1275838573	-0.0905318858	-0.0051061122	0.1020572575	-0.2231323362	0.0078127928	0.0444239792	0.017795203	0.1998324686	-0.1056615573	0.1064697212	-0.0535920307	0.0362070259	0.0311613568	-0.0202009686	-0.1023939858	0.0673136023	0.2692731401	-0.1835718772	-0.1003129453	0.1447479447	-0.0733850312	-0.0346353259	0.0659141421	0.1982737634	0.1843418211	0.2830440701	0.0923523432	0.2227557831	-0.0424193417	-0.0860877506	-0.0654738055	-0.0325072727	-0.1700920236	-0.0288200107	0.2404534296	-0.0358546288	0.1009908865	0.1627124639	0.1316780921	0.1910140596	0.0201357141	0.0099139326	0.174129271	0.1267652541	0.2142308553	0.3164632756	0.0939821727	-0.0289621135	0.1238790357	-0.0018182871	0.0752841147	0.0746155214	-0.1339939785	0.0149023515	0.0708127983	0.1138744396	0.0422604497	0.0206735509	-0.0301255966	0.0232227529	-0.1324848009	0.1189108618	0.0309673479	1.7024873855575606e-05	1.5687552945564678e-07	2.898463297982618e-10	2.4609931741989493e-14	0.0254553373244448	0.0155250313527801	0.0006479741983012	0.0002410265985048	0.0339030265836157	0.0616058770172286	0.0037952840830618	0.0011494152115293	0.0012870052110561	-2.300151902379999e-05	1.6563824132855566e-06	5.290698774022329e-10	4.8924059661947794e-05	1.322270959391858e-09	1.7484004900510646e-18	2.3935636138058273e-09	-0.0001180311875726	4.985544999974938e-10	1.3931361239798285e-08	2.485565894677512e-19	0.0	0.0	0.0	0.0	0.0	0.0	0.0	0.0
821.7096919796289	0.7925988982030958	675206.8178932567	0.6282130134327615	1314.8517164253144	-13.210954764924736	1728835.0361865954	174.5293258008876	827.1745631539043	-1.448179465442422	684217.7579288523	2.097223764129099	967.0122034499494	884.2768977935629	1.53298	30.009048	0.048714894461221	0.0293450971320057	-0.0796514425	-0.1381500109	-0.1867471568	0.2346371625	-0.1797628826	0.113672125	-0.123166129	-0.0834667168	-0.0465636992	-0.1675519509	-0.0189244942	0.2656982876	-0.0767032775	0.1097402503	-0.0276870254	0.1095397356	0.1057192211	0.2238430034	-0.14324785	-0.0416540787	-0.0210686432	0.1815199732	0.0051138312	-0.0139520812	-0.1600065542	-0.1703400334	-0.0940289715	0.0010309059	-0.2287194262	0.1488713891	-0.1258488931	0.0286464756	0.0870066178	-0.0926356481	0.0077095695	0.2091252206	-0.0407640717	-0.1302330752	-0.0794513707	-0.0034742605	-0.0738566215	-0.2191693708	0.0241723797	0.1951290009	0.0210767313	0.1001269141	-0.0921238585	0.0172773569	0.0116659332	0.075391096	0.2742345445	0.1515335458	0.1229058439	-0.2201391757	0.0939993823	-0.0503034255	-0.1590907752	0.1704818108	0.0347220058	-0.0332545865	0.215848753	-0.1237720254	-0.0631465867	0.1697408836	0.1236016831	-0.0570284244	-0.0610212101	0.0090910832	0.0635652776	0.1584945864	-0.1359628925	0.2292115316	-0.0645033093	0.0784517928	0.1380042179	-0.1590781716	-0.0351032136	0.1660024512	0.1046541886	-0.0671800886	0.0611315907	0.1316101212	-0.1257715644	0.0257320258	0.0827189248	-0.2464314469	-0.0780719153	0.1152490509	0.0197875765	1.579528627360105e-05	-1.229587581974556e-06	2.4949106846500977e-10	1.5118856217460357e-12	0.0060561202290188	-0.0193992170954259	3.6676592228330726e-05	0.0003763296239154	0.0465659716234796	0.0126629450398638	0.0001603501770826	0.0021683897132387	0.0009540029335734	-0.0003330022774827	9.101215972666532e-07	1.1089051680866515e-07	4.894371217623039e-05	1.9652514282597625e-08	3.862213176277035e-16	2.395486961589683e-09	-0.0001180230628026	8.124769999999829e-09	1.3929443353306464e-08	6.601188755289722e-17	0.0	1.0	0.0	0.0	0.0	0.0	0.0	0.0
824.406826456871	2.697134477242116	679646.6155086895	7.274534388328103	1325.9528047478057	11.10108832249125	1758150.8404185723	123.2341619437516	828.584944068487	1.4103809145826744	686553.0095369776	1.9891743242190607	968.094822155676	891.9470303219832	1.315478	25.75131	0.0742829590035978	0.0455792307956307	0.1269464509	0.0621989635	-0.0669882899	0.0897690955	0.1231965423	0.1680618591	-0.0586597622	-0.0090174668	-0.1233097444	-0.0913534098	-0.0533079838	0.0309678866	0.1531750406	-0.0959018621	-0.2639645372	-0.1605937271	0.1066088102	0.0028231661	0.0686290853	-0.0656732723	-0.0280504301	0.0392809543	0.1398383388	-0.071589582	-0.085806099	0.1137694359	-0.0076669075	0.0921155564	0.1032746953	0.0945764875	0.0225818547	-0.0196174268	0.0391815906	0.0132118418	-0.1286070253	-0.0483041359	-0.1808923971	-0.2130871842	-0.0613076079	0.2708703371	0.1612066864	0.0013826625	0.0188330055	0.1547668979	-0.0498740328	0.0415126539	0.0611284855	-0.2049004723	0.0780782441	0.0201742122	0.0064348871	0.2457676488	-0.1615761188	-0.122578117	0.0879993329	-0.1307580332	-0.1071236165	-0.1094514507	0.0600988269	-0.1417868959	0.046647979	0.0835498583	0.0227489464	0.1532150104	-0.0970282619	0.0903815419	-0.0443819791	-0.1396798784	-0.0248333204	0.1651040743	0.0656781781	0.0498743259	-0.1132650437	-0.1600560383	-0.0255207612	-0.1871635207	-0.2704589764	0.0365668635	0.0205019617	-0.1803106909	-0.0949627467	0.0135656412	-0.0731230631	0.0502747084	-0.0854398398	0.0904385174	-0.1829354882	0.1114298236	0.0084997322	1.4516191612301554e-05	-1.2790946612994958e-06	2.10719818925054e-10	1.6360831525648718e-12	-0.0014761651250267	-0.0075322853540455	2.1790634763450928e-06	5.6735322654768346e-05	0.0206199625508247	-0.0259460090726549	0.0006731953867982	0.0004251828555974	0.0001380027807448	-0.0008160001528286	1.9044767493297345e-08	6.658562494162986e-07	4.899186603535277e-05	4.815385912237957e-08	2.318794148377978e-15	2.4002029376259527e-09	-0.0001180036598456	1.9402957000003184e-08	1.3924863736956071e-08	3.7647474034397256e-16	0.0	0.0	0.0	0.0	0.0	0.0	0.0	0.0
822.2893643098656	-2.1174621470054262	676159.7986571229	4.48364594400083	1318.168087902297	-7.784716845508683	1737567.1079639976	60.60181636474666	828.2812444792321	-0.3036995892548475	686049.8199560655	0.0922334405135631	967.5837481009924	900.2131569181897	1.51986	29.752218	0.0123525153578055	0.0109061106168895	-0.1550672145	-0.1359394056	0.1421614323	0.0987185474	-0.1480008026	-0.0939243275	0.0445527447	0.0349308553	0.0143909952	-0.0978174749	0.0303922256	-0.1404323254	-0.0394021856	0.0734909268	-0.0803379566	0.0414776046	0.0278265688	0.2315050528	-0.0321697154	0.0718941717	0.0961064097	-0.026627584	0.0540668306	-0.082731813	-0.1214583955	-0.0684121925	0.0514007229	0.0566235812	0.013067131	0.0408723392	-0.0645523745	-0.1131678248	-0.0483376486	0.075926777	0.0894049032	-0.0638727168	-0.1388586708	0.0131974331	0.06521419	0.0427409537	-0.1564420064	-0.0782939481	0.0971294401	0.0117457322	0.0076958442	0.0931070118	0.0402995677	-0.1436291765	-0.005974285	-0.097184643	-0.0024694792	-0.0795123054	0.0855830985	-0.0168587173	-0.1010127017	-0.046196087	-0.1929179839	-0.1325115997	-0.0031964733	-0.1698227082	0.0749995753	0.0386579411	-0.1256339246	0.1313248634	0.1909879687	-0.084650365	-0.0361943999	-0.0722779845	0.0063477461	0.0267739696	0.1544535391	0.1047815522	-0.0765632264	0.0853774341	-0.0532456245	-0.0488722865	-0.110138618	-0.0348544688	0.0901701312	0.033642679	-0.0859307971	0.0857751212	-0.033603953	-0.0602386107	0.0406514875	0.1173481388	-0.1565534075	0.1074583966	-0.0028345346	1.4417740132444123e-05	-9.845147985743097e-08	2.0787123052668986e-10	9.692693886118136e-15	0.0094250884519482	0.0109012535769749	8.88322923270473e-05	0.0001188373295495	0.0205689344010551	-5.102814976960107e-05	2.603872068908838e-09	0.0004230810623949	0.0001660031721204	2.800039137560001e-05	2.7557053154035152e-08	7.840219171867752e-10	4.899019090642831e-05	-1.675128924460978e-09	2.806056913565793e-18	2.400038805048291e-09	-0.0001180042969327	-6.370871000074915e-10	1.392501409458083e-08	4.058799729959556e-19	0.0	0.0	1.0	0.0	0.0	0.0	0.0	0.0
822.8961624193654	0.6067981094997776	677158.0941245186	0.3682039456925041	1323.2843681426637	5.116280240366677	1751081.5189707286	26.176323497966507	829.2169879549112	0.9357434756791464	687600.8131130154	0.8756158522760891	969.1187546097766	888.5422719161281	1.373668	26.890417	0.0137560584639443	0.0096376757848315	0.1132928984	0.0330493961	-0.0501943123	-0.0760339166	0.0378539932	0.1457688511	0.1273995662	-0.0143433669	0.1606465489	-0.0262737979	0.0111378849	-0.014792624	0.0724440356	-0.0349120942	0.0374284224	-0.1583030707	0.2235700172	-0.0511648234	0.0285736509	-0.1031996265	0.0718941387	-0.0152034851	-0.0079319128	-0.1331650483	-0.1172322961	0.0756574841	0.0907958734	0.1503042295	0.1618633775	-0.0049241462	0.0507391926	0.1630929937	0.0116758211	-0.0962722911	0.1674116131	-0.0489032988	0.1316456563	-0.0458359767	-0.1245361474	-0.0883001151	0.1208229945	-0.0961199926	0.0525892258	-0.084772601	-0.0847213998	0.2166098675	-0.0729289425	-0.0985438312	-0.0511186159	-0.033576358	-0.0715159011	-0.167281628	-0.1069428517	0.1030768509	-0.0428142125	-0.0930612378	0.0199970607	0.0599048304	0.0570920842	-0.1598667629	0.0444913217	0.0024998787	0.1170520162	0.22746329	-0.0780163396	0.0043550759	0.0508944129	-0.0529636481	0.0117575722	-0.0362902511	0.0138359036	0.0461094891	0.0898958441	-0.0329208801	-0.1115908794	-0.1655305306	-0.1220525749	-0.0591796713	-0.0310142078	0.1415114771	-0.0069961804	0.0907708097	-0.0559108959	0.0718408759	0.1024136411	0.1018771785	-0.0239363301	0.1033401944	-0.0141533203	-2.207384055452621e-05	-3.649158068697034e-05	4.87254436826646e-10	1.3316354610336664e-09	0.0006495389361447	-0.0087755495158035	4.219008295679887e-07	7.701026930431903e-05	0.0206624357766713	9.350137561620064e-05	8.742507242121841e-09	0.000426936252225	0.000147998308299	-1.8004863821400002e-05	2.1903499259365854e-08	3.2417512122715867e-10	-3.0008751439325465e-05	-7.899894234575378e-05	6.240832891747729e-09	9.005251629472181e-10	-0.0001179977832631	6.513669600005309e-09	1.3923476855005522e-08	4.2427891658033315e-17	0.0	0.0	0.0	0.0	0.0	0.0	0.0	0.0
823.9419199719694	1.045757552603959	678880.2874870951	1.0936088588282222	1329.04248046875	5.758112326086348	1766353.9148905275	33.15585755982753	830.2406404581501	1.02365250323885	689299.5210683593	1.0478644473871637	969.8244219352392	892.3701331233639	1.136264	22.243093	0.060398017337751	0.0329406606390726	-0.0353181737	0.1625844264	-0.0180567968	-0.012022429	0.163123197	-0.1540255706	-0.0270206497	-0.1106985857	-0.0170427761	-0.0309104735	-0.0354247191	0.0162646763	0.0200002342	-0.0363588366	-0.0313789458	-0.0767487005	0.1552349822	0.0371537329	0.1457569307	0.1200102454	0.0292841084	-0.0457958014	-0.0553291276	0.0165559586	0.0551885117	0.0575086136	-0.1234523415	-0.2830214772	-0.0134196103	0.1085048784	-0.0314045237	-0.0040260194	0.1606584147	-0.1729975142	0.023966842	-0.2215743112	0.048984759	0.018140784	0.2028350361	-0.1947411065	0.0249641766	0.0996964057	0.2263748446	-0.0086202305	-0.1105147004	0.0766468912	0.035930741	0.0737692692	-0.0062010818	0.0678313003	0.1112157626	-0.1052948966	-0.0476116021	-0.1408581676	-0.0328722498	0.1136170867	0.1672525844	-0.1306184834	0.1754291639	0.0175839611	-0.0639035378	0.0003660068	0.2284397231	0.111244511	0.0396827135	0.2015225138	-0.0588858487	0.0274504838	0.0437998358	-0.1386665858	0.0933506196	0.0265899824	-0.029958343	-0.0479636076	0.1700046745	-0.1396442212	0.0164413141	-0.0649320793	-0.0662719507	-0.0131295568	-0.1936934893	-0.0711359588	0.023439061	0.0290537233	0.052376707	0.010832481	-0.2753021331	0.0990808418	-0.0253948054	1.937162045351215e-05	4.144546100803837e-05	3.7525967899493024e-10	1.7177262381688283e-09	-0.0247928908800645	-0.0254424298162092	0.0006146874381907	0.0006473172349527	0.032876056145767	0.0122136203690957	0.0001491725225203	0.0010808350676996	-0.0001449994680007	-0.0002929977762997	2.1024845720486025e-08	8.584769691656904e-08	4.900255890749605e-05	7.901131034682152e-05	6.242787162721745e-09	2.4012507794826208e-09	-3.599643608086029e-05	8.20013471822397e-05	1.2957434105234606e-09	6.7242209397022115e-09	0.0	0.0	0.0	0.0	0.0	0.0	0.0	0.0
823.0578006784482	-0.8841192935211666	677424.1432576441	0.7816669251763667	1319.7686339602528	-9.273846508497172	1741789.2471853115	86.0042290631652	829.0072345062716	-1.233405951878467	687252.9948637364	1.5212902421292274	968.7095706063504	898.2270211596506	1.243531	24.342899	0.087213545264826	0.0547415849949365	-0.1044668258	-0.1333421025	-0.0523699168	-0.0404038616	-0.1034900428	-0.0192987079	-0.0291726178	-0.0878147721	-0.0916216697	0.0865426439	-0.0096029322	0.0963380447	0.0872552109	0.0202398898	-0.0448435536	-0.0050715962	0.0146351183	0.0529383686	0.0557790735	-0.0345204994	0.1761079465	0.0859617153	0.0498085934	0.1375647548	-0.0747258123	-0.0497375527	-0.0288446903	-0.0955406815	0.0251551064	-0.1968859173	-0.0738308972	0.0589307234	0.0963493583	-0.0746321335	-0.0099847933	0.1953831956	-0.0354051195	0.0176010958	0.016629062	0.1019301336	-0.1027769246	-0.0760014275	-0.0115201896	-0.0087425638	-0.1397936675	-0.0767576547	0.135472943	-0.0118987213	-0.0312219655	0.0880645813	0.1211614136	-0.1075027384	0.1070286121	-0.0584348049	0.007399536	-0.180976854	0.204998812	-0.0434784525	-0.0396029848	0.1729249202	0.0738781201	-0.0453490547	-0.0950093932	0.0481309533	0.1234888033	-0.1145390013	-0.1359382682	0.1003141952	0.0345142535	-0.1138053524	0.0979898595	-0.0212384818	-0.1726017357	0.0565807	-0.1357782653	-0.0908752119	-0.0399727026	-0.0726002626	0.0695436728	0.1456863097	-0.119015377	-0.1256652166	-0.0050032849	0.1633138492	0.0304010585	-0.0535600131	0.0447381012	0.0946861568	-0.0364975928	-2.0253781201517995e-05	-3.962540165503015e-05	4.1021565295896367e-10	1.5701724563224656e-09	-0.020877369791691	0.0039155210883734	0.000435864569419	1.533130539349758e-05	-0.0055822783344297	-0.0384583344801967	0.0014790434909906	3.116183140304322e-05	-0.0010320017255676	-0.0008870022575669	1.065027561574504e-06	7.867730049287772e-07	4.902323157107702e-05	2.0672663580967313e-08	4.2735901953185216e-16	2.4032772336714427e-09	-4.497479174239466e-05	-8.97835566153437e-06	2.022731892271771e-09	8.061087038500627e-11	0.0	0.0	0.0	0.0	0.0	0.0	0.0	0.0
822.7992810523469	-0.258519626101247	676998.656900259	0.0668323970795285	1323.7652057784487	3.996571818195889	1752354.3200296587	15.972586297997594	829.0567979668853	0.0495634606136263	687335.1742551049	0.0024565366279984	968.2000302053622	901.5353923743304	1.189528	23.285761	0.0417404351107353	0.0268012117351117	0.1602959572	-0.0375555032	-0.0780366685	-0.2044198682	-0.0584376694	0.0493364121	0.0581600398	0.1094203348	0.1401495018	0.0756999664	-0.0301015784	0.0347901542	0.0782849855	-0.00510274	-0.0685226236	-0.1473941957	0.0691990047	-0.1614838816	0.0935256988	-0.1512902337	0.1324760854	0.0369567165	-0.085107062	-0.1517834685	0.1318594295	-0.1361812487	-0.0091623031	-0.1284199294	0.1661259555	0.0228817388	-0.0300348693	0.0407431886	-0.0123444499	0.160299184	0.0490208516	0.1753576292	0.0335477975	-0.0313441367	-0.054236898	-0.2424793913	0.0872493445	-0.0245894945	-0.1338925306	-0.0642899611	-0.191688412	0.1127822121	0.0132840513	0.0990992669	0.08879027	0.0741430075	-0.0636233148	-0.1067588164	-0.0206392879	0.1113254397	0.0526077007	0.0952991715	0.1152837422	-0.0793322335	-0.072903029	0.0257135119	-0.0140142697	-0.0535197262	-0.0748416895	0.052204916	-0.1574596387	-0.079834885	-0.1004941659	0.0995823227	0.0251950119	-0.0725197305	0.0762149168	-0.0078301747	0.096868121	-0.058029851	-0.1173511304	-0.1089798166	-0.0866422834	-0.0607964153	-0.1399446442	0.1176591054	-0.0108450144	-0.0925091136	0.0717822509	0.0748904116	0.0683328842	-0.0319846413	-0.0311559299	0.0901621419	-0.0474010431	1.4889980519683377e-05	3.514376172120137e-05	2.2171151987655048e-10	1.2350839879165788e-09	-0.0190323260625717	0.0018450437291193	0.000362229435352	3.404186362362456e-06	0.0204762279961983	0.026058506330628	0.0006790457521833	0.0004192759129522	-0.0008289974312002	0.0002030042943673	6.872367409365304e-07	4.121074353160596e-08	4.9048910522708766e-05	2.5678951631746827e-08	6.59408556905593e-16	2.4057956234646907e-09	-0.0001179796442087	-7.300485246630534e-05	1.3919196447611441e-08	5.3297084836270104e-09	0.0	0.0	0.0	0.0	0.0	0.0	0.0	0.0
822.9404290334778	0.1411479811308709	677230.9497378045	0.0199227525773206	1328.3686849282558	4.603479149807072	1764563.3630980237	21.19202028270844	827.9837879583464	-1.0730100085388583	685557.153121852	1.1513504784245612	969.2838413923412	889.2803014707735	1.140156	22.319277	0.0519220058177874	0.0308071964036442	0.0092511415	0.1634497917	0.0384433905	-0.0018281384	0.1366466117	-0.0927651142	-0.1109752037	0.1511137748	-0.0608588295	0.0546850603	0.1758695525	0.2157593147	-0.0816001253	0.0681584765	0.089825005	-0.0916289802	-0.0402642729	-0.077984648	0.1788316046	-0.0002933288	0.045696379	-0.0132703819	0.0519359093	0.1203885914	0.1390568362	-0.1664554293	-0.0918011632	0.0698629957	0.0557872983	-0.0142861169	-0.0311505452	0.02531837	-0.1387940691	-0.1692296943	0.0272836739	0.0714820089	-0.0361267515	-0.0415456777	-0.03250627	0.0502744002	-0.0017173652	0.1961383903	-0.0153928192	0.0427071637	-0.1952485107	0.0048273734	0.0671006975	0.0575776945	-0.0116240866	0.0099857499	0.055047584	-0.0920838728	-0.0348799027	-0.0100440895	-0.0375614095	0.0704905052	-0.1808789028	0.0753987969	0.0428735795	0.0181584189	0.0085803434	-0.0002117465	-0.1207711894	-0.0100530244	-0.0498183837	0.1585446209	-0.2067855014	0.0848133793	-0.0264826066	-0.102557987	0.1104245013	-0.0509292833	-0.0293437758	-0.0278521226	0.042017577	0.007355606	0.0369030322	0.0333986006	-0.058965963	0.0156561066	-0.0129446128	-0.0655965561	0.0421059161	-0.0465475778	0.0964905692	0.0151497471	-0.0305904019	0.0855149763	-0.0580456054	2.525106398820753e-05	1.0361083468524154e-05	6.376162325365512e-10	1.0735205064172451e-10	-0.0433882506277711	-0.0243559245651994	0.0018825402925382	0.0005932110614256	0.0205750118976482	9.878390144989896e-05	9.758259185663349e-09	0.0004233311145883	-0.0011429908622879	-0.0003139934310876	1.306428111273637e-06	9.859187476622613e-08	4.920170830580162e-05	1.5279778309285066e-07	2.3347162518089836e-14	2.4208081002091876e-09	-0.0003529721406913	-0.0002349924964826	1.2458933210419886e-07	5.5221473403124775e-08	0.0	0.0	0.0	0.0	0.0	0.0	0.0	0.0
821.6462672555679	-1.2941617779099488	675102.5884950081	1.6748547074030395	1318.4431575455988	-9.925527382657036	1738292.3596788086	98.51609382387466	827.9458636566623	-0.0379243016841428	685494.3531461763	0.0014382526582298	968.2922295940556	902.8166066420883	1.279127	25.039726	0.0263459508710441	0.0157744972780182	-0.0574848235	-0.1486573123	0.0289925023	-0.0177316501	-0.1705676919	-0.0526223606	-0.0245511881	0.1429012027	-0.0834030068	0.1740144551	0.05214307	0.0580815268	0.0805417913	0.0205608906	-0.0261333376	0.0081891577	-0.0737520924	0.0709861493	0.0886822696	-0.1603499149	0.212257162	0.0922473798	0.0812475542	0.0635183297	0.1141646632	-0.105344383	-0.1517859307	0.1139857363	-0.1175568459	-0.0540377011	-0.0443980518	-0.1176054696	0.0171389328	-0.1025051971	0.0056100595	0.0936604556	0.1369848305	0.035856236	-0.1995521755	0.0272159639	-0.1785931028	-0.0520301174	-0.1834059922	-0.0494379325	-0.1916603279	-0.0180478982	0.118241471	-0.0746414242	-0.0761172377	-0.047099217	0.1078378392	-0.0386032792	-0.0587505792	-0.0164975716	0.1450195147	0.0231015866	-0.0289092741	-0.1045766788	-0.082166837	0.122009451	-0.0278551831	0.1687692364	-0.0954099593	-0.0003032057	0.0492598005	-0.1471520517	-0.2840973353	0.0552143184	-0.0551591234	0.019827158	0.0944582963	-0.0336257848	-0.0333090596	0.1056830665	-0.0087391254	-0.0532814249	-0.0262956696	-0.027915281	0.00160103	0.1383361611	0.0427058475	-0.0280753819	0.0829562518	0.182603611	0.0947046203	-0.076282427	0.1627784271	0.0807510076	-0.0683731426	1.2216633962225387e-05	-1.3034430025982143e-05	1.4924614536699876e-10	1.6989636610222483e-10	-0.0369734719185999	0.0064147787091712	0.0013670376257154	4.114938588763618e-05	0.0124137959706445	-0.0081612159270036	6.660544540717885e-05	0.0001541023304007	-0.0011429947999834	-3.937695500179014e-09	1.3064371127890928e-06	1.5505445852130057e-17	4.906744789323625e-05	-1.3426041256536794e-07	1.8025858382222803e-14	2.407614442755454e-09	-0.0001179719027025	0.0002350002379887	1.3917369827248129e-08	5.522511185479262e-08	0.0	0.0	0.0	0.0	0.0	0.0	0.0	0.0
822.5789520721097	0.9326848165418368	676636.1323920501	0.8699009670076799	1321.1135289165604	2.670371370961675	1745340.9562863675	7.130883258851736	829.3969211290829	1.4510574724206435	687899.2527784022	2.105567788267787	968.558146669011	889.057466771679	1.252472	24.517927	0.0444091313130213	0.0207981768922646	0.1656860723	-0.0317547417	-0.1028740147	-0.0761154813	-0.0368964537	0.1308968072	-0.0484430935	0.1389429088	0.0499704249	0.1032662617	0.1402336016	-0.094746429	0.0126054741	-0.1262103437	0.0475417209	-0.0985691926	-0.0186524929	-0.098191982	0.020521757	-0.0684216104	0.1645173721	-0.0269744666	0.0406173102	-0.00275303	0.0572156442	0.1579220568	0.1064474093	-0.0445805292	0.0055384351	-0.018204427	-0.0992860999	-0.1100493643	0.3142833579	-0.0694350246	-0.0079412422	-0.0777346911	-0.0071498713	0.0926879349	-0.0662450814	-0.0566578562	0.0287456283	0.0090242979	-0.1964257636	0.0477863274	-0.1045022106	0.1129528735	0.0139670375	-0.0413639379	-0.1212795014	0.1461828155	-0.2286831673	0.0114641825	0.0180329305	0.0392829404	-0.0155517889	-0.0507294485	0.0992436677	-0.0265951013	-0.0386368583	0.0790394754	-0.0012868787	0.1451974416	0.1086738981	0.0229510584	-0.1909801319	-0.0501961109	-0.2231149883	-0.0507216391	-0.0643638556	-0.0026571897	-0.0653614964	-0.0016067571	0.1903276543	-0.0568864595	-0.0157534714	-0.0586788082	-0.1453781803	0.0624298965	-0.179098802	0.0901168817	0.0964052359	0.02300584	0.0302298681	-0.1569083292	0.0511928676	-0.1506208354	0.0362436801	0.0758767427	-0.0783272495	9.17426435478319e-05	7.952600958560652e-05	8.416712645144543e-09	6.3243862006099795e-09	-0.0445852305880691	-0.0076117586694691	0.0019878427865912	5.793887004223951e-05	0.0205318573859329	0.0081180614152884	6.59029211423943e-05	0.0004215571677162	-0.0013359663074261	-0.0001929715074426	1.7848059745777289e-06	3.7238002684708e-08	0.000225713836623	0.0001766463887297	3.12039466512668e-08	5.094673604307433e-08	-0.0003203497109036	-0.000202377808201	1.0262393727602009e-07	4.095677725228121e-08	0.0	0.0	0.0	0.0	0.0	0.0	0.0	0.0
823.7963309248416	1.2173788527319402	678640.3948452312	1.482011271078935	1327.2569734489775	6.1434445324171065	1761611.07356894	37.74191072288564	830.2259131963528	0.8289920672699509	689275.066942718	0.6872278475965068	969.7242847316364	894.954896010538	1.213375	23.75259	0.0647607264235127	0.0308283145994666	-0.08101542	0.1404965424	-0.0315937904	-0.046501825	0.0932909479	-0.132899287	-0.1020790766	0.0092179209	0.0373170567	-0.0137334915	0.1395244871	-0.0451886035	-0.1021413526	0.1042972176	0.0743326177	-0.2101484926	-0.016271958	0.0809231738	0.207257198	0.1930796117	0.0505290593	0.0495966298	0.0104760549	-0.0115832755	0.1161943573	0.135833005	-0.0145797364	0.0391584092	0.0780478806	0.0344019262	-0.0422876943	-0.2236299251	0.1995261996	0.1403803385	-0.018802129	-0.0127080961	0.0232358059	0.1064337317	-0.0168548188	0.1613099718	-0.0518619088	0.1736531956	0.0402681259	0.1093393612	-0.1372221147	0.1517820605	0.1063547583	0.1103427427	-0.0404695931	-0.0852644043	-0.2046740151	0.1098258293	-0.0410568095	-0.0093232928	0.0259594198	0.0803026009	0.0198659836	-0.0220076807	-0.0457553848	0.0311999285	0.2531289175	0.1216104384	0.0571684417	-0.0107591523	0.0354217259	0.1385730516	-0.2274511169	-0.1216059749	-0.1235454906	-0.0714755629	0.0209098148	-0.0641581286	0.1705801239	-0.1426668427	0.0853180143	0.1218078916	0.0165726926	0.0776014274	0.0271417879	-0.0435126703	0.0889340626	-0.0604998372	0.0609523646	-0.0545852837	0.0932314065	0.006247959	-0.0585960994	0.0708988393	-0.0878535601	9.201358456323304e-05	2.709410154011358e-07	8.466499744175238e-09	7.34090338265985e-14	-0.0492488426881863	-0.0046636121001172	0.0024254485061257	2.1749277820359598e-05	0.0074476642541299	-0.013084193131803	0.0001711961099103	5.546770284224428e-05	-0.0017499855799725	-0.0004140192725464	3.0624495301116872e-06	1.7141195803985029e-07	5.008705703035688e-05	-0.0001756267795926	3.0844765710082844e-08	2.5087132819622232e-09	-0.0006709566637761	-0.0003506069528725	4.501828446655545e-07	1.2292523540253941e-07	0.0	0.0	0.0	0.0	0.0	0.0	0.0	0.0
823.1978453526453	-0.5984855721962958	677654.6925932379	0.3581849801271276	1315.6065825808096	-11.65039086816796	1730820.6801299565	135.7316073810914	829.3572007375745	-0.8687124587783046	687833.3664152655	0.7546613360366475	967.8159466803731	891.6155983493845	1.2884	25.221245	0.0589048605115221	0.0369470818567981	-0.038708013	-0.1938438609	-0.0291521818	0.1380383422	-0.1530471857	0.0348627377	-0.001919274	-0.0640018617	-0.0704154364	0.007603351	0.0587872554	0.0755461598	-0.2428633917	0.2169806791	-0.0005222114	0.0169360782	0.0818271963	0.2112863226	0.0842093869	-0.0023799585	0.1555319295	0.164686174	-0.0897317319	0.0245844732	0.12587452	0.2077664378	0.0028984486	-0.0361286785	-0.0210792678	-0.0396445092	0.1266260156	-0.0752412644	-0.194722672	-0.0223968568	-0.0437206791	-0.109335402	-0.121286985	0.0111585016	-0.0935394349	0.0218183917	-0.0689970463	-0.1606674459	0.0189879489	0.0835831028	-0.0539980014	0.0798995432	0.2218942248	-0.0473062482	-0.0667965742	-0.1808280328	-0.0160805653	0.1392085981	-0.0182209692	-0.0105892265	-0.0364152198	0.1353318002	-0.1346155018	0.0560994407	-0.2050746876	0.0056926366	-0.152788411	0.0159751784	-0.0723953203	0.1045396577	0.082864356	-0.1495213343	-0.1477668189	-0.1712494463	-0.1470277192	-0.1294053734	-0.0663630598	-0.0950121964	-0.0161591831	0.0122627674	0.0132057473	0.0858672574	0.0697072248	0.1991417046	0.0857404008	-0.081828204	0.1320243329	0.0270402105	0.0444363312	0.0620703299	0.0277189676	0.0398760222	0.0541160056	0.0658240966	-0.096900045	3.0198209543641497e-05	-6.181537501959154e-05	9.119318596416803e-10	3.821140588812742e-09	-0.062854487210572	-0.0136056445223857	0.0039506865625039	0.0001851135628695	-0.0240791185321427	-0.0315267827862726	0.0009939380328528	0.0005798039492849	-0.0017219937520582	2.7991827914300048e-05	2.965262482127477e-06	7.835424299837873e-10	4.986587553457156e-05	-2.211814957853232e-07	4.892125407783295e-14	2.486605542829382e-09	-0.0004249573166293	0.0002459993471467	1.805887209567751e-07	6.05156787966518e-08	0.0	0.0	0.0	0.0	0.0	0.0	0.0	0.0
824.3570141560532	1.1591688034078516	679564.4867882833	1.3436723147939904	1325.8787486771664	10.27216609635684	1757954.4561937286	105.51739631114296	829.7900922765684	0.4328915389938856	688551.5972403559	0.1873950845324948	969.1429076352592	890.5739398019593	1.301213	25.472061	0.0637458146297926	0.0362144810642865	0.0519190625	0.1375869488	0.0015044955	0.083749111	0.1564299791	0.0249828191	-0.0084711707	-0.0903412068	0.0265767892	0.0907814407	-0.1098276597	-0.0347178549	0.0377053611	0.0780116776	-0.134255249	-0.0919646674	0.1636680009	-0.0546930823	0.0952555631	0.1952619458	0.0962075253	-0.1131971009	0.0329376357	-0.0319088119	0.0920582159	0.2287741867	0.0682184256	0.0408361813	0.003239131	-0.0867305718	-0.0602106245	-0.0092046557	-0.0857909814	-0.0681168799	0.1005381944	0.0618411073	-0.0477611163	-0.0385921726	-0.0941286932	-0.1120440725	0.1166671959	0.0546774716	0.1060708617	-0.0016750552	-0.0006450842	0.1208175234	0.1851261928	-0.1024511936	-0.1252718606	0.0276172669	-0.0015698344	-0.0389873773	-0.1148100777	0.0879374404	0.0549252494	0.0556456675	0.1233333816	0.0128751904	-0.1405187009	0.0313585738	-0.0094023204	0.0769273974	-0.013190963	0.0902407904	-0.0611899955	0.1098070865	-0.0421511342	-0.2200510855	-0.0977239198	-0.1167430812	0.03071971	-0.1139474215	-0.0292079834	0.0568049471	-0.0744814845	0.0283905883	0.0349644541	0.0823380485	0.067047366	0.0447579648	-0.0752246503	0.0434501666	0.0633899621	0.0029894775	-0.2595507929	0.0100177167	0.1410055221	0.0606594461	-0.1054172954	0.0077016002113339	0.0076714020017902	5.9314645815218376e-05	5.885040867307159e-05	-0.0307550637848095	0.0320994234257625	0.0009458739484077	0.0010303729842663	-0.0103060773461862	0.0137730411859565	0.00018969666351	0.0001062152302655	-0.0015279937963033	0.0001939999557548	2.3347650415413707e-06	3.763598283290314e-08	4.98322263176032e-05	-3.3649216968356654e-08	1.1322698025835412e-15	2.483250779768825e-09	-0.0004349626719831	-1.000535535380004e-05	1.8919252601867786e-07	1.0010713575581509e-10	0.0	0.0	0.0	0.0	0.0	0.0	0.0	0.0
823.775463741713	-0.5815504143401995	678606.0146628743	0.3382008844192577	1323.6462674691857	-2.2324812079807543	1752039.4413851069	4.983972343987208	829.969630715835	0.1795384392665937	688849.5879105795	0.0322340511742843	970.457443834188	906.3029266744322	1.374092	26.898729	0.0679925311985412	0.0337636664365565	-0.1750905559	-0.0878527188	0.0529587974	0.0564095681	-0.0795008844	-0.0411509038	0.0428979088	-0.0946359622	-0.0565946776	-0.047763254	0.0502625123	-0.182516814	0.1115597094	0.131601262	0.0943778597	-0.125445772	-0.0229691182	0.2001952515	-0.0129375404	0.0782284552	0.0867212149	0.0552999776	0.0014804118	-0.098731962	0.0877841049	0.0363233426	-0.0882633902	0.0543829197	-0.0533933746	0.0115097484	0.0531677417	-0.0549970451	-0.1113743619	-0.0591863031	0.1245712639	-0.0013959772	0.2357297776	0.0760850358	0.0656524021	0.0287426373	-0.1762740049	-0.0717310877	0.0609655789	-0.0324161461	-0.0304790076	0.0799341755	0.0810265333	-0.0314808897	0.0251584125	-0.0349784438	-0.0239329267	-0.1287259275	-0.0868517372	-0.0772512806	-0.0227682473	0.0035690956	0.0422796713	0.035869474	0.0473093375	-0.0511982273	-0.0304904324	0.0568487399	0.0284485577	-0.0133839002	0.1726178195	-0.0735164759	-0.1389987109	-0.1584497388	-0.0473686848	-0.0568941999	0.0425587945	-0.0206795985	0.0464725611	-0.0048831512	-0.1256885302	-0.0018107155	-0.0980507634	-0.0113062356	0.0518412568	0.0267101603	-0.0813687446	0.0237741515	-0.0698481809	-0.1431336466	-0.0447693458	-0.0791537066	-0.0741695517	0.0554119421	-0.1133587932	9.386733665905922e-05	-0.0076077328746748	8.811076891465164e-09	5.787759949240832e-05	-0.0482004471433015	-0.017445383358492	0.0023232831048142	0.0003043414005247	-0.0002318474092675	0.0100742299369187	0.0001014901088219	5.375322118405164e-08	-0.0019489872707015	-0.0004209934743981	3.798551381356482e-06	1.772355054858678e-07	5.015362680471647e-05	3.2140048711326585e-07	1.0329827311664457e-13	2.5153862816667742e-09	-0.0006709514976669	-0.0002359888256838	4.501759122214562e-07	5.569072584761894e-08	0.0	0.0	0.0	0.0	0.0	0.0	0.0	0.0
823.2790327672586	-0.4964309744543698	677788.3657941929	0.2464437123977151	1324.723133345524	1.0768658763383885	1754891.380020783	1.1596401156220448	828.942307975424	-1.027322740411023	687145.3499516227	1.0553920129656142	969.3858182212654	893.7184162954419	1.251221	24.493443	0.0385821164097259	0.0265804479161424	0.123746732	-0.045298836	0.0904605021	-0.0235733504	0.0610822275	0.1218689715	0.2761847135	-0.0169434127	0.1051296629	-0.0917529931	0.1680930409	-0.0262900338	-0.0525184936	-0.0150777048	0.0818295386	-0.1120335177	0.2216582251	-0.083698106	-0.0242467378	0.0335869353	0.1115874287	0.0205598914	-0.0911917351	0.0024726362	-0.0503784762	0.0947842277	-0.0487141762	0.1103675934	0.005497322	-0.0076034346	-0.2444537864	-0.0084803797	-0.0570466473	0.0008606496	-0.0132132897	-0.0035114462	0.1480886629	0.2120486183	0.1363873073	-0.0295760364	0.1261086331	-0.1096444747	0.0693759394	-0.154892054	-0.0951973776	0.2226431731	0.0883363091	0.028255731	-0.0214562022	-0.0180170297	-0.1594049211	-0.0454509962	0.0752425653	-0.0022695346	0.027566984	-0.1410396562	0.0559784687	0.1453695681	-0.0505103403	0.0233847494	-0.035623571	0.0629233641	-0.0290182255	0.1240373564	-0.0838339475	-0.0901065622	0.0270415277	-0.1395565885	-0.010277358	-0.1526516261	0.0216129933	0.0105740504	0.1734581346	-0.0842617144	-0.1437921809	0.0045060899	-0.0253716839	-0.0377926483	-0.1171718306	0.0722812892	0.07972258	0.0036128743	-0.0219355374	-0.031600289	0.0092328638	-0.0261321619	0.1473493446	0.0500887521	-0.1206811645	3.909443248062416e-05	-5.477290417843506e-05	1.5283746509820811e-09	3.000071032140029e-09	-0.0465463511929016	0.0016540959503999	0.0021665628093729	2.736033413129368e-06	-0.0039405416180073	-0.0037086942087398	1.3754412733940137e-05	1.552786824324759e-05	-0.0014919914839799	0.0004569957867215	2.2260385882685443e-06	2.088451490812941e-07	4.984683775965948e-05	-3.067890450569877e-07	9.411951816697841e-14	2.484707234637814e-09	-0.0004649630065054	0.0002059884911615	2.1619059741854066e-07	4.2431258490991384e-08	0.0	0.0	0.0	0.0	0.0	0.0	0.0	0.0
823.0143498862977	-0.2646828809608905	677352.6201187653	0.0700570274737569	1325.647527687103	0.9243943415790454	1757341.3676629288	0.8545048987433569	828.5072789791242	-0.4350289962998204	686424.3113213923	0.1892502276216291	968.9440118451056	896.7351578546164	1.172303	22.948566	0.0573364715916222	0.0312507916006539	-0.0497917736	0.1661952239	0.0126424809	-0.0325362922	0.0784305633	-0.1422266181	-0.0317653462	-0.1286634469	0.0480491992	0.0183109381	-0.0032589787	0.0779396725	-0.0489348485	0.1679985651	0.1030546577	-0.0749210383	0.0514396615	-0.0361711323	0.098514302	0.2355805748	-0.0876135798	0.1954770816	-0.1901851732	-0.010681161	0.0877954833	-0.0818942102	0.0651122631	0.1844560395	-0.0144323196	0.0134726295	0.0081666327	0.1145323466	0.1182258527	-0.1029691974	0.0253378853	-0.0263445326	-0.1727826815	0.0771744899	0.0824401295	0.0808799398	-0.0110264774	0.0970200005	0.1728659134	0.056494535	-0.0486871317	0.1816900773	0.0604020266	0.2413914799	-0.1026158715	-0.1108016374	0.0268634385	-0.0399210828	0.0651810176	-0.0350034227	-0.0439739741	-0.0418538371	-0.0245495928	0.0888199887	0.2018489518	0.1219931559	0.0115668537	-0.0287120362	-0.1249844367	0.0339716475	0.052903493	0.1719437108	-0.0304011248	-0.1135096771	-0.0293894896	-0.1525300192	0.1357102693	-0.0199157714	0.0830409423	-0.0657556994	0.098004252	0.0805258909	0.1473665529	0.1178449827	0.1375340809	0.1177235189	-0.0414186021	-0.0770754964	-0.0686670968	0.0342760263	0.1298483615	-0.0626223955	-0.0099123141	0.0446971468	-0.1273444172	0.0043531497321112	0.0043140552996305	1.8949912590179817e-05	1.861107312827066e-05	-0.0197348824700043	0.0268114687228972	0.0003894655861048	0.0007188548550788	-0.0069740503295747	-0.0030335087115673	9.202175103155304e-06	4.863737799944098e-05	-0.0015879620076059	-9.597052362599988e-05	2.5216233375997603e-06	9.210341405048605e-09	0.0002672496428628	0.0002174028051031	4.72639796667141e-08	7.142237161029416e-08	-0.000314787558084	0.0001501754484214	9.909120672448766e-08	2.2552665308568573e-08	0.0	0.0	0.0	0.0	0.0	0.0	0.0	0.0
822.902081339017	-0.1122685472807916	677167.8354720861	0.0126042267085393	1319.7321278849447	-5.91539980215839	1741692.889371724	34.99195481937552	829.1195258519158	0.6122468727916157	687439.1881489056	0.3748462332431129	968.4993542027448	897.3046001284996	1.261867	24.701853	0.0346393215993782	0.0174201188153453	-0.0316975054	-0.1808957169	-0.0253487615	0.1474809464	-0.0948492201	0.0361127165	0.0275145969	-0.1302625895	-0.0157756553	0.0842691823	0.0645520308	-0.0056538067	-0.0996374617	0.1076676121	-0.0001281578	0.0460310423	0.0517156831	0.0377310133	-0.1020725126	0.0823659488	0.1223176831	0.1437339137	0.1436267688	0.0556382794	0.1396438116	-0.06192507	0.0367822148	-0.084158729	-0.0479144303	-0.082156337	-0.0670700115	0.1510123907	-0.2142839086	0.033615458	0.0821186472	-0.1209234612	0.0284036046	-0.283561659	-0.1152140544	0.0048849083	-0.0513801206	-0.1386064057	0.0030071918	0.0175108205	0.0149729441	-0.00082576	0.2029076311	0.1385422981	-0.0575277536	-0.0029756269	0.1258570033	-0.0311623806	-0.0453392655	0.0205207302	0.1569497122	-0.0285008219	-0.230361382	0.1123917477	-0.0701673992	0.0365976718	-0.1003163109	-0.077860628	0.0431295159	0.0443505356	0.1068023283	-0.1565761448	-0.0010696367	-0.0988923693	-0.0120821355	-0.0933867588	0.0233720443	-0.0301296605	-0.0650683661	0.0433055796	0.0240524127	0.0311425471	0.1375655373	0.0859311074	0.2280840639	0.0114039625	0.1120945113	-0.0412679623	0.082016624	0.0689908439	0.0906146195	-0.0472321183	0.0771809319	0.0392444906	-0.1333121588	0.0084056289347103	0.0040524792025991	7.065459778803902e-05	1.6422587687498238e-05	-0.0172866647377674	0.0024482177322369	0.0002988287777559	5.9937700644392e-06	-0.0010423191501871	0.0059317311793875	3.5185434784519e-05	1.0864292108467585e-06	-0.0013929903401249	0.0001949716674809	1.9404220876812845e-06	3.801395112032159e-08	0.0002590514467428	-8.19819612000002e-06	6.721041962198336e-11	6.710765205953775e-08	-7.381955198190705e-05	0.000240968006102	5.4493262548094765e-09	5.80655799648183e-08	0.0	0.0	0.0	0.0	0.0	0.0	0.0	0.0
824.3635891864076	1.461507847390635	679575.3271762962	2.136005187984408	1325.1316062653682	5.3994783804234885	1755973.7739234348	29.15436678066066	829.6589574765919	0.5394316246761264	688333.9857211454	0.2909864777007253	968.2802904257204	891.6655193817573	1.261745	24.699461	0.1033095928981577	0.0584507736503349	0.1345652763	0.0382675162	-0.033581869	-0.0720348002	0.0423917357	0.159813902	0.1135256452	-0.077740725	0.0974224569	0.0335600025	0.0613681397	0.0143271366	0.0046613333	-0.0127176357	0.0150626561	-0.0876936906	0.2618135477	-0.0983434548	-0.0675877888	0.0765082685	-0.0782981752	0.1381082494	-0.0436437439	-0.0247815714	0.1227845808	-0.1854376894	0.051732408	0.1098717766	-0.0091347318	0.176856665	-0.0655401577	0.0539638064	0.1131541779	-0.0706682781	-0.1362736759	0.0101797846	0.1851356388	-0.0367928634	-0.1671290814	0.0373290288	0.1810936002	-0.1353814885	0.0922332111	-0.0442922869	-0.0321056847	0.096899647	0.012583748	0.1138780996	0.0793183271	-0.1000376372	0.0445551895	-0.0274140457	-0.0817309364	0.0411689667	0.2344439698	0.0149650153	0.0304771374	0.0053029567	0.2120958174	0.0790363003	-0.1537701218	-0.0866973657	-0.021211468	0.1405284745	-0.0869402195	-0.0055138462	0.0532137085	0.0486488675	0.0698820942	-0.1489793106	-0.1247660107	-0.0875892902	0.2434727927	0.0354346738	-0.2038292269	0.0240089532	0.1385227654	-0.0790094927	0.0883254793	-0.2315642829	-0.1469568176	0.2684095381	0.0257609494	-0.0885365555	0.0502819168	-0.0880624476	-0.005464794	0.0337382312	-0.1385517956	0.0087288001659686	0.0003231712312582	7.619195233741345e-05	1.0443964471300533e-07	-0.048909493834742	-0.0316228290969746	0.0023921385871706	0.0010000033200964	0.0391989556852081	0.0402412748353952	0.0016193602003778	0.0015365581268109	-0.0013818986625198	1.1091677605100034e-05	1.909643913474012e-06	1.2302531209547763e-10	0.0003089390150634	4.988756832060003e-05	2.488769472942536e-09	9.54433150283437e-08	-0.0006352866607468	-0.0005614671087648	4.035891413228198e-07	3.1524531422480817e-07	0.0	0.0	0.0	0.0	0.0	0.0	0.0	0.0
823.892853522203	-0.4707356642045397	678799.4340849583	0.2215920655540891	1329.704184969108	4.572578703739737	1768113.2195243596	20.90847600189417	829.6005057330108	-0.0584517435811449	688236.9991124673	0.0034166063276759	969.911830584527	888.9875317841662	1.167471	22.853979	0.1559584765085977	0.072049149763695	0.0914757162	0.1128370356	0.0712497043	-0.0045199197	0.2198122753	-0.0052772254	-0.0376319743	0.0119115538	0.0407047699	0.1428308547	0.0855837149	-0.0999764966	0.0217599585	-0.0177685036	0.0524983113	0.1795673772	-0.0776319022	-0.1388701482	0.0735161319	-0.1055298707	-0.0304062896	-0.0693907916	0.1181859747	0.1313237809	-0.1040959716	-0.0930429646	0.2595578948	0.1076446956	-0.1547372693	0.1761591694	0.0780070922	-0.0658485436	-0.1666788366	-0.0695060908	-0.0109434701	-0.0374929533	-0.1791005725	0.1661182385	-0.1152747208	-0.0618790694	0.1249378402	0.1422307937	-0.0732194345	-0.0496064314	-0.0844875478	-0.2386299617	-0.116016192	-0.0492676693	-0.0326489903	-0.103574691	0.0052899959	0.0548493575	0.319693261	0.1865861549	0.1557841132	-0.0176255502	-0.1391178272	0.2062123451	0.1608310077	-0.1196193659	0.0802333779	0.222470262	-0.1049773251	-0.0693670687	-0.1580945102	0.0752680539	0.0440512703	-0.0886979231	0.2030941969	0.1995369936	0.0125517769	-0.0830039652	0.0178291326	0.2410986793	0.1854631991	0.0690246421	0.011505164	-0.334754581	0.1808277521	-0.0811837012	0.1046977746	-0.1002147298	-0.1074662577	0.0199101719	0.1629374891	-0.1791329536	0.0609949285	0.0281858894	-0.1430347106	0.0229830673065549	0.0142542671405862	0.0005282213828176	0.0002031841317151	0.0087526443636818	0.0576621381984238	7.660878335709079e-05	0.0033249221816141	0.0634800346388857	0.0242810789536776	0.0005895707951547	0.0040297147977541	-0.0009934410179331	0.0003884576445867	9.86925056111954e-07	1.5089934163784696e-07	0.0006580877965201	0.0003491487814567	1.2190487159269845e-07	4.330795479286805e-07	-0.000177673242472	0.0004576134182748	3.15677810905141e-08	2.094100405851471e-07	0.0	0.0	0.0	0.0	0.0	0.0	0.0	0.0
823.665068767552	-0.2277847546509974	678424.1455078563	0.0518858944514151	1330.957421534565	1.253236565456973	1771447.6579379374	1.57060188899839	828.4495237724266	-1.150981960584204	686328.6134387604	1.324759473590258	970.0110937059223	892.4546025232064	1.055277	20.657715	0.069469781855711	0.0416099665551519	0.0142156988	0.1512398801	0.1680073858	0.0170029842	0.2181886249	-0.12804343	0.00253523	0.0890289846	-0.1361955402	0.0302260175	-0.0898827339	0.1187569272	-0.244762808	-0.1531086578	0.0882177398	0.0402030398	-0.1799160909	-0.0909881681	0.0080186092	0.0693239992	-0.0902619669	-0.1192541061	-0.19107594	0.0563194705	-0.0503309614	0.1148157331	-0.1564506827	-0.0215191769	-0.1185894951	0.0232441921	-0.1383989582	0.0765195794	0.0720359321	-0.0646731699	-0.1387083618	0.0741635075	0.0506462666	-0.0973000077	-0.1269276014	0.1334314639	-0.0014477408	0.2179125031	-0.0127565838	-0.0739086985	0.1025765096	-0.1042241662	0.0293464959	0.050998311	-0.0531510115	-0.0156799252	0.0097548008	0.0064238326	0.0874582598	-0.3052320024	0.1254375809	0.0383693363	-0.0619320732	0.1685186501	-0.0100876061	-0.0301989645	-0.0459900215	0.0356732685	0.1676990497	-0.1441263986	-0.0562046391	0.1475141341	-0.0060925834	-0.1326842239	0.0580577435	0.0103977511	0.0322121156	-0.0539997541	-0.0001074131	0.1748963935	0.1906023515	0.1323413356	0.062490671	-0.1130239956	-0.1573572719	0.0119376133	0.0862625036	-0.0418707407	0.0024077651	0.0005343075	0.064964246	-0.1265711178	-0.0364753407	0.022595049	-0.1467364196	0.0214894405119565	-0.0014936267945983	0.0004617960535169	2.230921001542288e-06	-0.0212675395691519	-0.0300201839328337	0.0004523082393254	0.0009012114433611	0.0604527110065618	-0.0030273236323239	9.164688374826773e-06	0.0036545302680428	-0.0015879537867318	-0.0005945127687987	2.5215972287958627e-06	3.534454322646965e-07	0.0005541410009002	-0.0001039467956198	1.0804936319645258e-08	3.0707224887867546e-07	-0.0001775598569715	1.1338550050000183e-07	3.1527502807739535e-08	1.2856271723635911e-14	0.0	0.0	0.0	0.0	0.0	0.0	0.0	0.0
821.5971663561858	-2.0679024113662763	675021.903764514	4.2762203829344605	1318.5706209585487	-12.386800576016183	1738628.4824550129	153.4328285099949	829.4652723762857	1.0157486038591514	688012.6380782658	1.0317452262418154	969.8369561810432	900.2363013881806	1.392573	27.260502	0.0331456953215244	0.0249805138757218	-0.1863451755	-0.1383682866	0.1799314928	0.1238313464	-0.1838790456	-0.1125116498	0.1494648168	0.007548192	0.0092562041	-0.1233422595	0.0722060067	0.0365068956	-0.0644704413	-0.0033212488	-0.0199288826	0.1661232278	-0.085718065	0.1009319637	-0.1922777587	0.0196031546	0.136286644	-0.2254640605	-0.0141603863	0.0990547811	-0.2703914837	-0.1567426938	0.074424071	-0.0034288648	0.1599961834	-0.1190949408	-0.0993914355	-0.0662216039	-0.1369546449	-0.151577918	-0.0463260275	-0.135213763	0.049727921	-0.0070128682	0.0912892357	-0.0682483386	-0.17973002	-0.1005832415	0.0377883593	-0.161592727	0.1113094825	0.0049634246	0.0036211259	-0.0700258913	0.094737552	-0.0167853391	0.0580338596	-0.0623481643	0.2385841621	-0.0078206886	-0.1179401856	-0.1075371911	0.0132672109	0.0434412458	0.060508055	-0.1811952048	-0.0835430191	-0.0987239538	0.2273828182	-0.0668675972	0.1666991577	-0.0925001225	0.0869929141	-0.1039694997	0.1701606142	-0.0460537337	-0.0028712532	0.0905479502	-0.042227399	0.2615409609	0.048334618	0.104474611	0.0102078193	-0.0678297261	-0.0776003835	-0.0290700073	0.0513089209	-0.1760252788	0.0747530095	-0.1313469541	-0.1305981616	-0.1094263439	-0.0617790546	0.0169733466	-0.1496367051	0.0195987969213717	-0.0018906435905848	0.0003841128407651	3.5745331866193875e-06	-0.0220893584961601	-0.0008218189270081	0.0004879397587718	6.753863487889056e-07	0.0626640399679132	0.0022113289613513	4.8899757753114605e-06	0.0039267819051002	-0.0015880737424679	-1.1995573610010073e-07	2.5219782115160023e-06	1.4389378623317012e-14	0.0004722581826528	-8.188281824740004e-05	6.704795924136749e-09	2.230277910825254e-07	0.0003048754458966	0.0004824353028681	9.294903751065068e-08	2.3274382145343537e-07	0.0	0.0	0.0	0.0	0.0	0.0	0.0	0.0
822.4520139321571	0.8548475759713483	676427.3152210611	0.7307643781440901	1323.5605237740444	4.989902815495725	1751812.4600930228	24.89913010809216	827.5990694132282	-1.8662029630575037	684920.2196936413	3.4827134993246056	967.7759855800311	888.7532121940015	1.521228	29.778994	0.1065364315097667	0.0502039667412938	0.1249812427	-0.0293429829	-0.1190219623	-0.0358344848	-0.0579913316	0.1613357935	0.0387082042	-0.0948363218	0.1309113565	-0.1882220476	0.0441152422	0.1612944475	-0.1305120901	-0.1586197143	0.0274696527	-0.1154930385	0.1342761345	-0.0738933556	-0.1937218832	-0.0216966953	-0.0700632789	0.1050875933	-0.1353980093	-0.0205880957	-0.1929084704	-0.1121619143	-0.0944736181	-0.0497765862	-0.1595141446	-0.0266688456	0.1628279416	0.0138558681	0.0704144426	0.085116528	0.1234257889	-0.0850264028	-0.0929831481	0.0612330685	-0.1449506699	-0.1495147222	0.1357305025	-0.1735816133	0.0116731636	0.0475368822	0.1072680755	0.1237545709	-0.1813576461	0.1119601935	0.0973955229	0.0475470171	0.0371204126	-0.1088796761	0.1495869055	-0.0911656146	0.0102137095	-0.0548540131	0.0299199112	-0.1017728756	0.0353178159	0.0783369819	-0.1108668573	0.2005768472	0.0730268621	0.0900075283	-0.0929533726	-0.0462408447	0.1515487296	0.0593271083	0.1662504362	-0.1692258269	-0.1926062966	0.0440008828	0.1085156779	0.1175574762	0.0011794228	-0.0184863726	0.0190059738	0.1033598538	-0.151193332	-0.0166473511	-0.0460487625	0.015612776	0.081405399	0.0296429984	0.0014661071	0.1156518515	-0.0655918564	0.0113284606	-0.1517197269	0.0281011292028239	0.0085023322814522	0.0007896734624738	7.228965422422416e-05	-0.0502221946002663	-0.0281328361041062	0.002522268830467	0.0007914564672605	0.0657136072458115	0.0030495672778983	9.299860582428075e-06	0.0043182781772567	-0.0010009818807657	0.0005870918617022	1.0019647256212378e-06	3.446768540769553e-07	0.000205088820854	-0.0002671693617987	7.137946788397807e-08	4.2061424439284116e-08	-0.0001778972475286	-0.0004827726934252	3.1647430678251975e-08	2.3306947351702214e-07	0.0	0.0	0.0	1.0	0.0	0.0	0.0	0.0
824.9375821324438	2.485568200286707	680522.0144145224	6.178049278276499	1323.7736281436753	0.2131043696308552	1752376.6185686695	0.0454134723557641	830.0511425535883	2.452073140360085	688984.8992545174	6.012662685675369	968.853437356748	880.1659370775325	1.192319	23.34041	0.1077763798010327	0.0495512242250361	0.066252809	0.1451103025	0.0307068134	0.2494283817	0.1051137174	0.0791141225	-0.1833742624	0.028699289	-0.1077244771	-0.0285258473	-0.0336488235	0.0151146496	0.0095377565	-0.0825794527	-0.0668975637	0.1384050807	0.0160713612	-0.1804263036	0.0648461293	0.1886042523	0.0538959996	0.033315351	0.0988980232	-0.0418938981	-0.2549243241	-0.0603133134	0.0175972283	-0.192192776	-0.2948953234	-0.0757740753	0.1270035226	-0.0087464197	-0.0467348438	0.1439619512	-0.0909869449	0.0696036572	0.1530737247	0.0092195027	0.1109530274	0.0895638668	0.1761690035	0.1348038323	-0.0076708061	0.1787119005	0.0407009823	-0.0833394617	0.0591860144	-0.0088447541	0.0315027079	0.1066827699	0.2207608863	0.0278194343	0.1707753664	0.0349460757	-0.0745536138	-0.0624026667	-0.0207959718	-0.1442006521	-0.0506053375	-0.061139244	-0.1539080337	0.0821002523	0.0650550483	-0.0359681458	-0.0773443514	0.1493687579	-0.0230907389	0.1081650787	0.1382371475	-0.1376823993	-0.1165934742	-0.1171303483	-0.2294700446	0.0715476586	0.0060554777	0.0210935285	-0.0328703552	0.0250844039	-0.153520669	-0.0561577066	-0.0893256322	-0.0328733045	-0.1599744384	0.0539012223	-0.1350430452	0.0809380538	0.0056647744	0.0056681013	-0.1529741081	0.0105397190920655	-0.0175614101107584	0.0001110856785396	0.0003084031250782	-0.0687744776582945	-0.0185522830580282	0.0047299287771712	0.0003441872066652	0.0380013609537144	-0.0277122462920971	0.0007679685945538	0.0014441034343344	-0.0017209922954331	-0.0007200104146674	2.9618144809400907e-06	5.184149972295214e-07	4.615316806821923e-05	-0.0001589356527857	2.5260541726442266e-08	2.130114922733291e-09	-0.0001779599868784	-6.273934980002492e-08	3.1669756929760306e-08	3.936226013329886e-15	0.0	0.0	0.0	0.0	0.0	0.0	0.0	0.0
824.6108731971033	-0.3267089353405481	679983.0921948891	0.1067387284313544	1318.528174898064	-5.245453245611316	1738516.5480000195	27.514779751894284	830.3198768193997	0.2687342658114175	689431.0978413831	0.0722181056212016	969.2533327521628	896.9804285276826	1.415052	27.700548	0.0759733095810753	0.0402069722921523	-0.1272230551	-0.1049829424	-0.0141527715	-0.0609149364	-0.1669988487	-0.0506201438	-0.0557851579	0.0459528691	-0.0874698047	0.0839177386	-0.0493464817	-0.022365592	0.113875006	-0.057169146	0.0566702079	0.1748877425	-0.1285287068	0.1069867364	0.0539170234	-0.0298870772	0.0585845715	0.066181658	-0.0438600048	0.0074697803	0.0005276419	-0.0670123407	-0.0201359754	-0.0919016989	-0.1027178493	-0.2074022732	0.1201934054	-0.143686431	0.0744674796	0.0683235567	0.1556159082	0.010406536	-0.0036520766	-0.0123433781	0.0646457621	0.0594925432	-0.1391074322	-0.0384870191	-0.0789737291	0.0499758307	-0.035380762	-0.178105994	0.0232704977	0.0017669799	0.1527129149	-0.0625615704	0.0860400168	-0.1018117625	0.1153217822	0.0058293798	0.0358048077	-0.0357085696	0.1067019629	-0.1858583034	-0.2085977628	0.0879075169	-0.10713625	0.1236404962	0.0154018006	-0.102618341	0.0983117061	-0.1072256026	-0.0547446113	0.1416711131	0.2130693338	-0.0322079221	-0.0028386301	-0.0762133081	-0.1921348936	0.1113591708	-0.1329612971	0.0385160287	-0.1181495901	-0.058434576	-0.1063973016	0.0250908427	-0.0901690287	-0.1486581044	-0.0242472336	0.0513634643	-0.0646495238	0.1705498146	-0.0621026304	0.0	-0.1533929978	0.0179326966459001	0.0073929775538345	0.0003215816089938	5.46561171115022e-05	-0.0435349259979602	0.0252395516603343	0.0018952897816478	0.0006370349680146	0.0380291848992868	2.7823945572401365e-05	7.741719472159534e-10	0.0014462189041041	-0.0012819569426189	0.0004390353528142	1.6434136027287975e-06	1.9275204102068922e-07	0.0004731136108235	0.0004269604427552	1.822952196777854e-07	2.2383648874645026e-07	-0.0001776966540212	2.633328572000215e-07	3.157610085033005e-08	6.934419368112691e-14	0.0	0.0	0.0	0.0	0.0	0.0	0.0	0.0
824.0472465707298	-0.5636266263734342	679053.8645808012	0.3176749739570987	1326.0904650441205	7.562290146056512	1758515.9214809318	57.18823225314342	831.5173105211114	1.1974337017117025	691421.0376962625	1.43384746999499	970.6059234527312	899.6313060984493	1.277532	25.008495	0.1097869697947664	0.0490114237705984	0.1540909189	-0.0197215965	-0.0928220594	-0.190208978	0.0001414216	0.0545265927	-0.006478057	0.1247447921	0.1655300279	0.0587704656	-0.1734652908	0.0359864544	0.143434781	-0.1937214446	-0.1073016152	0.0614478876	-0.083932797	-0.2037384886	0.0139153869	-0.0869515571	0.1517994022	-0.1427201809	-0.0149732942	0.0389470896	-0.1305476629	-0.0716124552	0.0367113022	-0.0225674531	-0.1675334967	0.0594762209	-0.1209168616	0.0939568107	0.0420052282	0.100254504	-0.0334226481	-0.255914401	-0.1247286297	0.0324609467	0.0592153701	-0.0496583741	0.0775486897	0.0558144993	-0.1778899865	-0.1115853616	0.0057234115	-0.036655637	-0.0874776519	-0.04363344	0.0465179166	0.1713177699	-0.0263997113	-0.223588319	0.1414748433	0.0347018706	0.0616379718	-0.1099370483	-0.0816070768	-0.0521532012	-0.0484991947	-0.113720401	-0.023551744	-0.1665912775	0.0153509004	-0.1075254538	-0.190395154	-0.0536121013	0.0662563361	0.0381308884	0.1353373065	0.0126653846	0.0037729814	0.0729956952	0.0141033254	-0.0173878919	-0.0196730209	-0.0446107077	-0.1805992982	-0.0472860585	-0.156301565	0.0411585201	0.0780030466	-0.0570237211	0.1206820018	-0.0105752142	0.0761071825	0.0179033826	-0.0045374151	-0.0056681013	-0.1529741081	0.0295929006965991	0.011660204050699	0.0008757397716387	0.0001359603585039	-0.0287241443653272	0.014810781632633	0.0008250764695201	0.0002193592525695	0.0669214761809655	0.0288922912816787	0.0008347644955053	0.0044784839742395	-0.0015959983267808	-0.0003140413841619	2.5472106590871133e-06	9.862199096632214e-08	1.4389938494785426e-05	-0.0004587236723287	2.1042740755474194e-07	2.0707032988370744e-10	0.0001380121460833	0.0003157088001044	1.9047352466518138e-08	9.967204646342312e-08	0.0	0.0	0.0	0.0	0.0	0.0	0.0	0.0
824.0139493128078	-0.0332972579220722	678998.9886620905	0.001108707385129	1328.0268810013852	1.9364159572646715	1763655.3966622672	3.7497067595492535	830.3029035251943	-1.214406995917102	689402.9116023681	1.4747843517324002	969.6636804639994	894.5215332771111	1.219781	23.877977	0.0847559521803259	0.0408001037348992	-0.1033378472	0.1061595444	-0.0499468485	-0.0757413793	0.0305666501	-0.2099763491	-0.120631207	0.1388581655	-0.0313193829	-0.105915796	-0.0795484601	0.0694067485	-0.0337182213	-0.0720962022	0.0273738166	-0.2097454697	-0.1995933555	-0.0051236455	0.0856586271	-0.0939242949	0.013257775	-0.0647988475	0.0203821592	-0.1656630443	0.0220204206	-0.0921380775	0.0667052335	0.0241539825	0.0576840342	-0.0476452599	-0.1444745451	-0.0430580927	0.0228875282	0.0851675118	0.1228578403	-0.0055302005	0.0131993838	0.0299817461	0.0359508364	-0.1610506506	-0.1252558566	0.2075733619	-0.0601401976	0.0312001052	-0.0312273247	0.0510082634	-0.0422782639	0.105714256	0.1435893059	0.0721959779	-0.0972039778	0.0305294866	0.0054775879	0.0095093181	0.0679228488	0.0219466976	0.065358171	-0.1145074873	-0.1563469111	-0.1020558811	0.1073980984	-0.2403060612	-0.0101687179	-0.1743364399	0.0424333894	0.1021524841	-0.1034928107	0.098140059	0.1110119731	0.0201288925	-0.0765170229	-0.0014826323	0.0682768464	-0.1852326182	0.0451922338	0.0290227478	-0.0390138611	-0.0230592059	-0.0140396722	-0.1556641004	0.1325188287	-0.0292029225	0.09193285	0.1436011444	-0.0016632235	0.1338101493	0.0588612613	-0.0113284606	-0.1517197269	0.000275597989372	-0.0293173027072271	7.595425174588902e-08	0.0008595042380271	-0.0517458735219946	-0.0230217291566674	0.0026776354265542	0.0005300000133629	0.0572439667053998	-0.0096775094755656	9.365418964966387e-05	0.0032768717241689	-0.0017380175105987	-0.0001420191838178	3.020704867147702e-06	2.0169448572302437e-08	0.0002979056764318	0.000283515737937	8.038117365796994e-08	8.874779205028834e-08	0.0001087588510209	-2.9253295062399995e-05	1.1828487675386321e-08	8.557552720078358e-10	0.0	0.0	0.0	0.0	0.0	0.0	0.0	0.0
823.1005388034934	-0.9134105093144173	677494.4969786011	0.8343187585260229	1320.086877587307	-7.940003414078092	1742629.3643782055	63.04365421557176	827.9858643804962	-2.3170391446981284	685560.5916139175	5.3686703980634345	967.917054110329	901.8335456339066	1.259361	24.6528	0.0552528687640224	0.0297456021329989	0.1043333893	-0.1544627796	-0.0145519189	-0.0515794504	-0.1450655806	0.1089409944	0.0127843869	0.0786845938	-0.0338067321	0.0685129005	-0.0812612477	0.0052247748	-0.097295851	0.0847679892	0.1073607091	-0.0012339018	-0.0504784604	0.0100315608	-0.1610163509	-0.119127997	-0.0284069104	0.0748785637	-0.0229353882	-0.1326364028	0.0644674095	0.0243136607	0.1068862933	0.0268014275	0.0532775819	-0.0738273581	0.0511700539	0.0276655375	-0.0398053395	0.0565930005	-0.0911811498	0.0526364463	-0.1417169405	0.087229469	0.1624511374	-0.0011315949	-0.0148781809	-0.0935891894	-0.1775757917	-0.0108954393	0.0549197449	0.0006974261	-0.0057152156	0.1248869199	-0.0148910391	-0.0244084763	-0.006929637	0.2256935361	-0.0168227522	0.1113700658	-0.1054326228	0.1061080358	0.0062814082	-0.0557406211	-0.0262925885	-0.0248116571	0.092703095	-0.0466100427	-0.0768915398	-0.0898710678	-0.0755106801	-0.1689309958	-0.0168471751	0.0131174714	0.0469557512	-0.0092138886	-0.0378684621	0.0264023331	0.0001429407	-0.0859556317	0.2042452981	0.0408519413	0.1020692023	-0.0002608809	0.0757885417	-0.0281472108	0.0940122746	0.0317810773	0.0029077095	0.0478255366	-0.0555816372	0.2182766576	-0.1393203968	-0.0169733466	-0.1496367051	0.0002695087313639	-6.089258008099994e-06	7.263495628137881e-08	3.707906308920991e-11	-0.044163478242055	0.0075823952799395	0.0019504128104364	5.749271818125029e-05	0.03108806440963	-0.0261559022957698	0.0006841312249058	0.0009664677487373	-0.0020390270754381	-0.0003010095648393	4.157631414369651e-06	9.060675812480493e-08	0.000426889573545	0.0001289838971132	1.6636845714508567e-08	1.82234708001432e-07	0.0001089350276744	1.761766535000078e-07	1.1866840254422294e-08	3.1038213238461815e-14	0.0	0.0	0.0	0.0	0.0	0.0	0.0	0.0
824.1338646546715	1.0333258511781196	679196.6268706444	1.067762314712985	1323.8208652207577	3.733987633450624	1752501.6831938354	13.942663646762194	830.035795585594	2.049931205097778	688959.4219534099	4.202217945633628	968.8223874504372	886.3963454915112	1.234092	24.158131	0.0974315479304951	0.0408271958707901	0.0268752825	0.1348431224	-0.0410579968	0.0648119866	0.0915350341	-0.0029425729	-0.1639065764	0.0600200913	0.1540450521	0.0039371661	-0.1914930074	-0.0903345312	-0.1150182647	0.1350241849	-0.0944173533	0.1058186632	0.0021034387	-0.0855286659	-0.0986959232	0.0493058591	0.0215934635	0.002805557	-0.0455948608	-0.0337347505	0.1020532477	0.0697209673	-0.0143524323	-0.0332530155	0.1785201128	-0.002097605	0.2255874306	0.053689382	0.2449134355	-0.1096848738	-0.187088694	0.0765704731	-0.0055272276	-0.1688363669	-0.0359704454	-0.0443685776	0.0764837038	0.1335901729	-0.067448181	0.0539219984	0.1359342421	0.0886906704	0.0270764898	-0.0983826819	-0.1025697038	-0.087983716	0.1282720476	0.0766954587	0.0549061978	0.1250227209	-0.0906346461	0.1547463279	0.1052295466	-0.0141299355	0.0489266633	0.1732999646	-0.0462652765	-0.0731464462	-0.0861247241	-0.1205978565	-0.1070989551	0.1076366241	0.0102745839	-0.1142557598	0.0454527602	0.0437494962	-0.0682428165	0.0024689094	-0.1030111939	0.0848437238	0.0603025044	-0.0903463565	-0.0403133128	0.0815461028	-0.0035271729	-0.0585653751	-0.0084215609	0.1071611174	-0.0226371966	0.0858224995	-0.1055283034	0.0681044783	0.1253101557	-0.022595049	-0.1467364196	0.0179032545711095	0.0176337458397456	0.0003205265242379	0.0003109489923407	-0.0444255595596132	-0.0002620813175581	0.0019736303421847	6.86866170130417e-08	0.0563403103709561	0.025252245961326	0.0006376759260913	0.0031742305726956	-0.0016750013281265	0.0003640257473116	2.8056294492255385e-06	1.3251474470576886e-07	1.5168276310095765e-05	-0.0004117212972349	1.695144265967924e-07	2.3007660621941239e-10	-0.0002009874240164	-0.0003099224516908	4.039594461274816e-08	9.605192606203628e-08	0.0	0.0	0.0	0.0	0.0	0.0	0.0	0.0
826.0653509945702	1.9314863398986968	682383.9641137824	3.730639481215266	1321.0380044762358	-2.7828607445219404	1745141.409270555	7.744313923401209	829.6674433569214	-0.3683522286726202	688348.0665664104	0.1356833643680862	968.9213388456384	904.7398587393168	1.235908	24.193676	0.0479477755126466	0.0304936112432642	-0.1492563682	-0.0534777768	-0.1285047576	-0.0188392007	-0.0642961441	-0.020621876	-0.1494085877	-0.0482239306	-0.0567980117	-0.0477812654	-0.1553397281	-0.248724856	0.1220137362	0.0822275524	0.0441607697	-0.0126308482	-0.149463629	0.0629993606	0.017141776	0.1690898199	0.1313448377	0.0601819845	-0.2235810131	0.2136032424	-0.0587682168	0.0577786082	0.056919649	0.0671176038	0.1044838408	0.0355741427	0.1224653876	0.0205801928	-0.0631688581	0.1799358336	0.0990078728	0.0360300541	-0.0296499712	-0.0460365427	-0.0870843138	-0.1513369187	-0.0938086143	-0.0051352459	-0.0656732944	0.1603375402	0.1255175809	-0.0455369623	0.0763949527	-0.045195637	0.0627374197	-0.1796545891	-0.0627233978	-0.1088953519	0.0511200186	0.0118670177	-0.0812139529	0.0581959001	0.065835631	-0.0225899109	-0.0642828844	0.0018966163	0.0496615968	-0.1102137156	0.1887486353	-0.133910099	0.1344932141	-0.0393409814	-0.0340172193	-0.062414817	0.0699408237	0.0649186006	-0.1230844192	-0.0354310044	-0.0431245883	-0.112292757	-0.0451523878	-0.0088210139	-0.1201177571	-0.1214365639	0.050640065	-0.1171718189	-0.0080615248	0.1691089275	0.1094650184	-0.0655216799	0.0261354448	-0.0429870257	-0.138006191	-0.0281858894	-0.1430347106	0.0110846280865786	-0.0068186264845309	0.0001228689798177	4.649366713554623e-05	-0.0412631818449824	0.0031623777146308	0.001702650175972	1.000063280999352e-05	0.0292765721381442	-0.0270637382328118	0.0007324459271341	0.0008571176761599	-0.0015200026882511	0.0001549986398753	2.310408172290571e-06	2.4024578363223877e-08	1.5104822750133806e-05	-6.345355996195848e-08	4.02635427184586e-15	2.281556703129598e-10	-0.0001379888558383	6.299856817810001e-05	1.9040924335563137e-08	3.968819592490715e-09	0.0	0.0	0.0	0.0	0.0	0.0	0.0	0.0
824.6818870916376	-1.38346390293259	680100.2148970244	1.9139723707174745	1326.390231067916	5.352226591680164	1759311.0450723993	28.64632948868827	830.0444102838411	0.3769669269197493	688973.7230434496	0.1421040639913196	970.0018302282336	897.6190689059763	1.260892	24.682762	0.0254217550568655	0.0158743786964623	0.0693860223	0.052111135	0.1750114256	0.0801291165	0.1421638948	0.0356712952	0.1416472283	0.1214397907	-0.1178514269	-0.1539935403	-0.1247916633	-0.051503296	0.0823859681	0.1023585714	-0.0112457868	0.0539229535	-0.0879606996	-0.1271746581	-0.0441469492	0.0453953424	0.0229137637	-0.0685516907	0.0285491048	-0.0375132989	0.1262462993	0.0496707875	-0.1312303243	0.0263570003	0.121757167	0.1159311411	-0.116900142	0.0499517574	-0.0580495359	-0.0320663206	-0.2071395673	-0.0839775435	-0.0101587538	0.0114253016	-0.1000101688	0.1050985044	0.0941524724	0.0932445453	-0.0604291068	-0.135934454	0.1305330809	0.0066289125	0.1122785255	-0.0961904427	0.1668168815	0.0284587036	0.0317132034	0.0809126447	-0.1617588221	-0.1297450042	0.0367513937	0.0297374469	0.0674773533	0.1211762801	-0.0531909331	-0.0508932094	-0.0195151114	-0.0842261852	-0.0382380384	-0.0534146981	-0.1161880293	0.026185038	0.0775122031	-0.149671259	-0.0155940048	0.1064832701	0.0865967847	0.0405770836	-0.0753710429	-0.0809965656	-0.0271610475	-0.0125520838	-0.0244919693	0.0858803827	0.0478826165	-0.1737909703	-0.0608339516	0.0634541809	0.0555513995	0.1079748004	-0.0830889647	0.0275630466	0.1045631443	-0.0337382312	-0.1385517956	0.0123920988651491	0.0013074707785705	0.0001535641142836	1.7094798368157529e-06	-0.0412414514627244	2.1730382258000613e-05	0.0017008573187522	4.722095130788277e-10	0.0291783063563855	-9.826578175870308e-05	9.656163864649062e-09	0.000851373561827	-0.0013909730286804	0.0001290296595707	1.934805966516325e-06	1.6648653048930745e-08	0.0002886502420362	0.000273545419286	7.482709641238977e-08	8.331896222755684e-08	-0.0002152995392671	-7.731068342880002e-05	4.6353891608625546e-08	5.976941772228134e-09	0.0	0.0	0.0	0.0	0.0	0.0	0.0	0.0
824.2130518180386	-0.4688352735989838	679327.1547872048	0.219806513770634	1321.155092034207	-5.235139033708947	1745450.7772079138	27.40668070226305	829.0131996959897	-1.031210587851433	687262.8852701829	1.063395276496898	969.6984723702355	907.2007035309734	1.247802	24.426514	0.014547912399426	0.0081629418732045	-0.1976037075	-0.0415047146	-0.0008821083	0.004816043	-0.1093132065	-0.1066249793	0.0021072426	-0.008539604	-0.0044473218	-0.1019450116	-0.0410987328	-0.1303843958	0.0529612932	0.0115042796	0.0293044296	0.0062946769	-0.1621685639	0.1392246627	-0.0684970257	0.0279486712	-0.0755741364	-0.023987882	-0.0225416254	0.0624115226	-0.100133494	0.0928652304	-0.0434456171	0.1992956617	0.0631763106	0.0655866306	0.0521232317	-0.0601579885	0.1287095277	-0.0169744717	0.0782063009	0.0838201133	0.0271452822	-0.1553911693	0.1241183358	0.0645464146	-0.1822814749	0.002733707	-0.0142801171	0.0108539455	0.1516769654	0.0061998332	-0.090933418	-0.0762455264	-0.0025282007	-0.0424916052	-0.0765018729	-0.089081326	-0.0771015265	-0.0739458868	-0.1065915639	-0.1131380617	-0.0334125797	0.0973136692	0.1242496063	0.0029350113	0.0571380441	0.0802960254	0.0799989446	-0.1012159246	0.1692948244	-0.0080293864	0.0351574455	-0.0857833272	0.0164094653	0.0768252975	-0.0823430255	0.1179107982	0.0576659107	-0.0516459079	-0.0762639123	-0.0102073192	-0.0095535588	-0.0452397905	0.0094535629	-0.0450917105	-0.0808692306	0.0459713867	-0.1043332874	-0.1394174743	0.0190651519	0.0049895599	0.0831649411	-0.0392444906	-0.1333121588	0.0095951919725081	-0.002796906892641	9.206770898928388e-05	7.82268816610274e-06	-0.0476021168158098	-0.0063606653530854	0.002265961525346	4.045806373394105e-05	0.0292203969787152	4.209062232969976e-05	1.77162048810142e-09	0.0008538315995937	-0.001390978874181	-5.8455005998419435e-09	1.934822228417842e-06	3.4169877262752517e-17	0.0002051337196702	-8.351652236599999e-05	6.975009508110576e-09	4.207984294573221e-08	-0.0001918569165063	2.34426227608e-05	3.6809076411305375e-08	5.495565619051781e-10	0.0	0.0	0.0	0.0	0.0	0.0	0.0	0.0
825.5652452456129	1.3521934275743206	681557.974157449	1.8284270655751893	1323.0562204307769	1.9011283965699024	1750477.7624205723	3.6142891802444472	830.0763011529817	1.063101456992058	689026.6657358157	1.130184707858637	968.8673985212472	901.2306438103266	1.366429	26.748724	0.0500341381063969	0.0256840918133582	0.1331031313	-0.1041677215	-0.0683215796	-0.0214955083	-0.0021329735	0.1762406125	0.0638128669	-0.1015220638	-0.0044180783	-0.0006834695	-0.0273562743	-0.078459227	-0.112026918	-0.0896375079	-0.0915241662	0.0323131024	0.0211883735	0.01828433	-0.1354353081	-0.1121751597	-0.0962889197	-0.011431522	-0.1349380091	-0.0305664215	-0.0752907589	0.0352532621	0.0106272233	-0.1099688677	-0.0870670364	-0.0114744069	-0.0026098357	-0.0390704098	-0.0737706858	0.011994107	-0.1732264027	-0.1010904518	-0.0400997292	0.043713122	0.0329555238	0.176992416	0.1041821736	-0.1406786713	-0.0395814987	0.0310436244	0.1462860927	-0.0548571185	-0.0334060149	0.0430007589	-0.0389701598	0.087771696	-0.1309347602	0.1577022864	0.1125196887	-0.0990522763	-0.0982815526	0.1240524283	-0.0067136299	0.0885270104	0.0360456097	-0.1213853868	0.0448411212	-0.0776716905	0.02849963	-0.0113976854	-0.0610501361	-0.1239519644	0.1647987072	-0.0720018622	-0.0279193836	0.0400804323	-0.0418806752	0.0494649913	-0.0393244925	-0.1716516625	0.1387007986	-0.0013413307	0.0341078218	0.0184943456	0.067226594	-0.0582920007	0.0650000933	-0.0975113552	-0.0863387733	-0.1509086342	-0.0194671736	-0.0455878264	0.0417909323	-0.0446971468	-0.1273444172	0.0089140129665281	-0.00068117900598	7.945962716743109e-05	4.640048381879009e-07	-0.0444302563470415	0.0031718604687683	0.0019740476790638	1.0060698833335064e-05	0.0140038349982916	-0.0152165619804235	0.000231543758504	0.0001961073946593	-0.001709012691557	-0.000318033817376	2.920724379902902e-06	1.01145508994751e-07	0.0002039075480095	-1.2261716607000095e-06	1.5034969415038194e-12	4.1578288135246554e-08	0.0001081738274815	0.0003000307439878	1.1701576951997325e-08	9.001844733787281e-08	0.0	0.0	0.0	0.0	0.0	0.0	0.0	0.0
824.1844721876278	-1.3807730579851525	679280.0441951986	1.9065342376576688	1324.29704011104	1.24081968026303	1753762.6504468613	1.539633478928048	829.6550210157232	-0.4212801372585772	688327.4538966	0.1774769540486057	970.6594899444428	907.3837474707608	1.426222	27.919199	0.0370079751814397	0.0180247436724242	-0.184645776	0.0305548076	0.0851581068	-0.0707535512	-0.0167950991	-0.1122312273	0.0802347985	-0.0845834706	0.0253878518	-0.0965600853	-0.0501870601	-0.0144162214	-0.0255633718	0.168003948	-0.1386553723	0.1472180361	-0.0633245659	0.1040914432	-0.1249060417	0.0521098934	-0.1491584981	-0.0155881123	0.0827159521	-0.0073429075	-0.0061978531	-0.0438120929	-0.0453370936	-0.0551325526	-0.038887393	-0.0179466795	0.1390440202	0.0446697917	0.0585298446	0.1354007067	0.0863854528	-0.1321603184	-0.0708577289	0.0410809318	-0.1585089145	0.1015460748	-0.1146597767	-0.0004822195	0.1296775206	-0.0305506706	0.176017833	-0.0659592302	0.040136291	-0.0627128866	0.0743512263	0.0329319602	-0.0125071122	0.1937127979	-0.0060334173	0.0577684265	-0.1203865854	0.0618471681	-0.1344534694	0.0057321221	0.1859765222	0.1410769033	-0.0878553087	0.1799662752	-0.1533019009	-0.0674746861	0.189035846	0.0113484694	0.1671541663	-0.0161817372	0.0266465663	0.0345726278	0.0951059797	0.0838471131	0.0021126472	-0.0752002438	-0.1703570388	0.052179572	0.0621246369	0.012155051	0.1363495032	0.09718332	0.0362425082	0.1357861397	-0.0299516225	-0.0313143287	-0.1454161638	-0.105981234	-0.1015301166	-0.0500887521	-0.1206811645	0.0132948038303482	0.0043807908638201	0.0001767518088874	1.9191328592529667e-05	-0.0318426569366181	0.0125875994104234	0.0010139548007831	0.0001584476589172	0.0057923837582904	-0.0082114512400012	6.742793146691726e-05	3.355170960330642e-05	-0.0015610124003961	0.0001480002911609	2.4367597141903943e-06	2.190408618371117e-08	0.0002919155637648	8.80080157553e-05	7.745410837185131e-09	8.521469636812103e-08	0.0001087281939092	5.543664276999995e-07	1.1821820150756597e-08	3.073221361608588e-13	0.0	0.0	0.0	0.0	0.0	0.0	0.0	0.0
823.5928153987961	-0.5916567888316422	678305.1255765154	0.3500577557705704	1323.2240566542423	-1.072983456797601	1750921.9041085094	1.15129349856133	829.5517433971615	-0.1032776185616057	688156.0949732702	0.0106662664957565	969.4231608705512	896.2661780835895	1.355111	26.527161	0.0821178311173922	0.0405244394452635	0.0956557745	-0.002768871	-0.0645146653	-0.1292333168	-0.0038177952	0.1333527743	0.1262287038	-0.0127433437	0.1095634109	-0.0750965353	-0.0409270334	0.0575090367	-0.0471164736	0.0264109126	0.0930779154	-0.0159264196	0.0597752899	-0.0647835072	-0.1201330412	-0.0010531257	-0.1438115755	-0.0199810332	-0.0513877491	-0.1377506442	0.0574994451	-0.0942406528	0.0474204132	-0.0979459914	0.0293387658	-0.0494083753	-0.1496120419	0.0515234495	-0.172508137	-0.0424280472	-0.0039622265	0.0169472571	0.0018942075	0.0918092097	-0.0213214284	0.0561772922	0.1325342965	-0.1116901413	0.0154148959	-0.077613764	0.1205157539	0.0472361029	-0.1146953908	0.0974903726	0.1062168408	0.0025392446	-0.0174060814	0.052251138	-0.0486145656	0.0528583164	0.0357743854	0.0639110318	0.1085462907	0.1165014885	-0.0015882793	-0.0540564426	0.0290270104	-0.0550842851	-0.1575620861	0.0494076498	-0.0901961755	-0.0716874879	0.2417897167	0.0586059629	-0.0021562316	-0.0436328544	-0.067104463	0.0910457769	0.0911578526	-0.0517015142	-0.1312338781	-0.0461670226	0.0297707321	0.077388675	0.0392837084	0.0664187575	-0.1322602663	0.0498831594	-0.149428224	-0.0406904112	0.0886578873	0.0145981506	0.0600395766	-0.0554119421	-0.1133587932	0.0120186995485909	-0.0012761042817573	0.0001444491388392	1.6284421379193188e-06	-0.0535644250317659	-0.0217217680951478	0.0028691476289836	0.0004718352091793	0.0283126523926426	0.0225202686343522	0.0005071624993633	0.0008016062855066	-0.0010359877832647	0.0005250246171314	1.073270687073707e-06	2.756508485939732e-07	0.0002650371942274	-2.687836953740001e-05	7.224467489890328e-10	7.024471432393254e-08	-7.136262154469863e-05	-0.0001800908154538	5.0926237537318846e-09	3.243270181085017e-08	0.0	0.0	0.0	0.0	0.0	0.0	0.0	0.0
825.4343531452099	1.841537746413792	681341.8713522512	3.391261271466788	1327.6937632769702	4.469706622727927	1762770.7290445634	19.97827729325789	830.5576917178666	1.0059483207051017	689826.0792717108	1.011932023929414	970.039943469324	889.7340528685003	1.154629	22.602594	0.1151859885141781	0.0531221200446644	0.0074029789	0.1462958278	-0.0068379921	0.130689168	0.1336946066	0.0144347701	-0.1427780246	-0.0876673887	-0.0656520409	0.0224232078	0.0391989787	-0.041059729	-0.0223930816	0.0968421764	-0.0744176241	0.0191790476	0.0868373974	-0.0548771697	0.0670130983	0.1703512979	-0.1759827665	0.0844111744	0.0645959342	0.068800051	-0.0326782893	-0.0189138516	0.0211739952	-0.1155605758	0.0930579437	0.1598632141	-0.0289457791	0.0424009519	-0.0633999667	0.1061900975	0.0504711308	0.0709839576	-0.091191904	-0.1525099087	0.1133642785	0.0574144881	0.1050647658	0.0680227613	0.1438110375	0.1721187388	0.0214444673	-0.0747941564	-0.0170976644	0.1430669214	0.0155709785	0.0652001555	0.0328289308	-0.0978836686	-0.1001958577	0.0142596994	-0.1143997033	-0.011074786	-0.1380789542	-0.0379949847	0.1815339214	0.0050809304	0.1507023786	-0.0396367502	-0.1402406326	-4.16295e-05	0.0107472044	0.1667051762	0.1398852199	0.1418125927	-0.0484073141	-0.0745264497	-0.0045816184	-0.0895061111	-0.13803418	-0.1098902361	0.0430099824	-0.039505626	0.1582181266	0.0644343167	0.0605486616	0.0643206861	-0.1517037486	0.0294248583	-0.168134573	-0.1139175407	0.162634438	0.0552010605	0.0364534067	-0.0606594461	-0.1054172954	0.0089445117186244	-0.0030741878299664	8.000428988460923e-05	9.450630813914133e-06	-0.0672861140767793	-0.0137216890450133	0.0045274211475533	0.000188284750248	-0.0138578599434282	-0.0421705123360708	0.0017783521106866	0.0001920402822116	-0.0016409973648965	-0.0006050095816317	2.6928723515972563e-06	3.660365938662856e-07	1.52798059096515e-05	-0.0002497573883177	6.23787530193026e-08	2.3347246863662087e-10	-0.0003409876376577	-0.000269625016113	1.162725690353789e-07	7.269764931393625e-08	0.0	0.0	0.0	0.0	0.0	0.0	0.0	0.0
823.3689665154258	-2.0653866297841432	677936.4550206803	4.265821930491102	1322.3299511913283	-5.363812085641939	1748556.4998176608	28.77048009007853	830.7878928639781	0.2302011461114261	690208.5229293687	0.0529925676710141	970.4974353908894	898.4676825295988	1.358314	26.589857	0.0280267888257193	0.01476586557113	0.1232650654	-0.1584035108	0.1883192226	-0.0946871279	-0.0496356868	0.0199228087	0.1921550344	0.025957028	-0.2024604033	0.1943010618	-0.0409269724	0.0267095413	-0.0876990374	-0.0329742552	-0.1812413309	-0.0447872142	0.09366877	-0.0574671052	-0.011382892	-0.1330947904	-0.0831413496	-0.0252131135	-0.1306553119	0.0623541184	0.1493247979	0.0060372114	0.1387813362	-0.2222448586	0.0688646375	-0.0642136091	-0.0754708169	-0.0224117842	-0.0595567027	-0.0529145845	1.82093e-05	-0.1433008972	0.0977339363	-0.0740384432	0.1470992689	0.0952578899	0.0156502421	-0.085485154	-0.0036345383	-0.1572552552	-0.0548135998	-0.1765629878	0.0868939638	0.1500244093	-0.1089195797	0.1003354457	-0.0963690838	-0.0008282499	-0.0898622478	-0.0103914177	-0.1374287186	0.1097284949	0.0693073427	0.0612282551	0.0610688453	-0.1715516574	-0.1162693397	-0.1354961942	0.1121564647	0.0012182559	-0.0900028104	-0.1462477011	0.1042463479	0.224294314	-0.0576573704	-0.0140958257	0.2046575988	0.0121704429	-0.056197111	-0.1814722235	-0.0504902781	0.1456357344	0.1154832837	-0.0346523042	-0.0512138649	0.1313883387	-0.0237056878	0.1481215195	-0.1399366665	0.0202055613	-0.0184692107	-0.1397748575	0.0218764558	-0.0658240966	-0.096900045	0.0153149012407851	0.0063703895221607	0.000234546200015	4.058186266405484e-05	-0.0742757038207031	-0.0069895897439238	0.0055168801780608	4.88543647883648e-05	-0.0144417337112656	-0.0005838737678373	3.409085767686421e-07	0.0002085636725871	-0.0015459654435099	9.50319213865998e-05	2.390009152526762e-06	9.031066082428888e-09	0.0002017631446382	0.0001864833387285	3.4776035623346555e-08	4.0708366534295215e-08	-0.0003408441819369	1.4345572079999284e-07	1.1617475636023458e-07	2.0579543830245494e-14	0.0	0.0	0.0	0.0	0.0	0.0	0.0	0.0
822.6010809714539	-0.7678855439718291	676672.5384154045	0.5896482086409118	1327.0760025085206	4.7460513171922685	1761130.716433995	22.525003105422467	830.0293787663906	-0.758514097587522	688948.7696153203	0.5753436362390129	971.40592517298	899.5853760573364	1.394516	27.298538	0.0795503226552692	0.0494079664455894	-0.0989143956	0.0705446501	-0.0929494417	-0.0681055624	-0.0506435136	-0.1763479922	-0.047731756	0.1271580303	0.0654471597	-0.0864451309	0.1136292694	0.0584973226	0.1052005489	-0.1854052296	-0.1350782946	-0.0828756476	-0.1651345555	0.002099497	0.1539204479	-0.050145592	-0.1922383906	-0.0073948437	0.1619914891	-0.2295416544	0.0686636034	-0.0967816617	0.0139891202	0.0611793439	-0.0576844399	0.1029839859	-0.0827098282	0.0572934087	-0.0098224152	0.1211759004	0.0228718939	0.1446230755	0.0433354526	-0.0159374102	-0.1288350018	0.0655205632	-0.1192218452	0.1576692077	-0.0105211598	-0.0449691884	-0.0656384857	-0.0191279282	-0.2289480046	0.0815262494	0.1462534295	0.1690532733	-0.1064892426	0.0648847594	-0.1215305287	0.1043304187	0.1179609534	-0.0892377757	-0.1331162776	-0.0759952685	0.0028986266	-0.0148307656	-0.0202155485	-0.0394327455	-0.2191721683	-0.1216063244	0.0714977122	0.0920111027	-0.0042798729	0.2056818903	0.0018923505	0.07942016	-0.0024637555	0.1466733686	0.1428153944	-0.1085276188	-0.041276414	-0.0538716512	0.0885743826	0.1032752335	0.0228792493	0.0897681154	0.0052807279	-0.0905130184	-0.0741781641	0.1924539073	-0.1299811328	-0.1036164659	0.1584921494	-0.0708988393	-0.0878535601	0.0154760325359433	0.0001611312951582	0.0002395075830535	2.5963294279358997e-08	-0.0672375876882398	0.0070381161324633	0.0045208931981337	4.9535078694040175e-05	0.0343263042229722	0.0487680379342378	0.0023783215239552	0.001178295161608	-0.0012609990525842	0.0002849663909257	1.5901186106182502e-06	8.120584395721889e-08	1.5214954287801064e-05	-0.0001865481903503	3.4800227323008686e-08	2.31494833979876e-10	-0.000340990346529	-1.461645921000082e-07	1.162744164259675e-07	2.1364087983761777e-14	0.0	0.0	0.0	0.0	0.0	0.0	0.0	0.0
823.608207865847	1.0071268943930818	678330.4800639923	1.0143045814098537	1321.1525972525912	-5.92340525592931	1745444.1852272677	35.08672982597098	828.3477631382008	-1.6816156281897747	686160.0166960608	2.8278311209720908	969.6109799123934	897.1510794281535	1.372561	26.868744	0.1039609197771896	0.048045935951961	0.1362915108	-0.1347423666	-0.0780319906	-0.0043553074	-0.1334757884	0.1592952287	-0.1068992839	0.0460934147	-0.1542855304	0.1488572655	-0.0747454588	0.1337290921	-0.0438654205	-0.2152495506	0.1049109064	0.0193612176	-0.125220773	-0.0601873607	-0.0926500879	-0.2631022674	-0.0049710064	0.1047419121	-0.0137578911	-0.0291754143	0.0448833032	-0.0013311632	0.0552526822	-0.0798191402	0.1998966782	-0.1027683855	0.0422322162	-0.0590742049	0.0305988798	-0.0026003496	0.1657019234	0.2323163715	-0.2071138309	-0.0226481506	0.1180087518	-0.0798136535	-0.0189146405	-0.1051055423	-0.2415210795	0.0705353675	-0.0499484089	-0.0692318245	-0.1523753622	0.0732136757	-0.1649566487	0.1163312813	-0.0384129596	0.1459506341	0.0051566683	0.0300828186	-0.1815630679	0.0829485072	0.0611106172	-0.205280055	0.0776572666	0.0820039899	0.1892804815	0.0263763109	0.0557138117	-0.0828413568	-0.1184921922	-0.150418264	-0.0274534603	0.2035079582	-0.1001567914	0.0760076162	-0.048847597	0.043059146	-0.0504387865	-0.1113636602	0.2008068963	-0.0553699552	0.0451844105	0.0807350573	0.0313417635	0.108430981	-0.0786561256	0.0349456236	-0.0327082328	0.043452929	-0.1495282719	-0.0134826686	-0.1877483771	-0.0758767427	-0.0783272495	0.0134986258993876	-0.0019774066365557	0.0001822129011716	3.910137006294532e-06	-0.0895292132353944	-0.0222916255471545	0.0080154800225487	0.0004969165695345	0.0070392291706156	-0.0272870750523566	0.0007445844649129	4.955074731644559e-05	-0.00194200366212	-0.0006810046095357	3.7713782236874912e-06	4.637672782090073e-07	-6.394845325785603e-05	-7.91634075456571e-05	6.266845094239798e-09	4.0894046740721985e-09	-5.306211278800104e-05	0.0002879282337409	2.8155878135265437e-09	8.290266778521134e-08	0.0	0.0	0.0	0.0	0.0	0.0	0.0	0.0
825.5209989513154	1.9127910854683703	681484.9197095777	3.658769736647267	1326.5915772943383	5.438980041747072	1759845.2129482804	29.582503894522983	830.9946759861318	2.6469128479310484	690552.1515172962	7.006147624542454	970.7758626526552	890.9351747587482	1.173149	22.96513	0.0473762298979171	0.023557681807705	0.0665366361	0.1120571899	0.0141358621	0.1338058548	0.1248661977	0.0285589267	-0.1570389787	0.2155749049	0.0145654108	-0.006432004	0.0510470959	0.0004720078	-0.0448130568	0.0281721551	-0.0760042576	0.1429450671	-0.0961575778	-0.1387951132	0.0030724379	-0.0663781661	-0.0990963054	0.0050316824	0.0681841139	-0.1538833928	-0.1837020014	-0.0055934222	-0.0147366133	0.0115243079	0.004383852	-0.0904574724	0.1955211619	-0.0041677943	0.1481425935	-0.1960383164	0.0608771816	0.0536328739	-0.0690965286	0.0330476855	0.137232007	0.0244313334	0.0855608793	0.1874831787	-0.1168512325	0.0865187263	0.048656219	0.0066384342	-0.0080504522	-0.2100996905	-0.0803329918	-0.0095816764	0.0970694891	0.1502564834	-0.0296301737	0.1134003373	-0.1789614183	-0.1292525775	0.0663506126	-0.1913176679	0.096613006	0.0428998446	-0.0572414049	-0.0280425652	-0.0657318346	-0.0897910045	-0.1083659501	0.0778980722	0.0143860551	0.0553796959	-0.1562547348	0.1303485766	-0.019437546	-0.0705884432	-0.1831241996	0.0130550259	-0.0640366512	-0.0394117927	-0.0351435303	0.100550942	0.02817937	0.104565763	0.0080403816	0.0546711823	0.0021373958	0.1062709603	-0.0905434856	0.0563717557	0.1094229659	-0.0807510076	-0.0683731426	0.0186336707471497	0.0051350448477621	0.0003472136855131	2.6368685588528107e-05	-0.0827916375585147	0.0067375756768797	0.0068544552496204	4.539492600168096e-05	-0.013912226234737	-0.0209514554053526	0.0004389634836024	0.0001935500388065	-0.0021190011857175	-0.0001769975235975	4.490166025072171e-06	3.132812335964761e-08	1.5019080562117535e-05	7.896753381997357e-05	6.235871397608669e-09	2.2557278093137679e-10	-1.7984090847018895e-05	3.5078021940982145e-05	3.2342752359382876e-10	1.2304676232920247e-09	0.0	0.0	0.0	0.0	0.0	0.0	0.0	0.0
824.3433742577223	-1.1776246935930883	679541.9986826072	1.3867999189602156	1321.8290957264692	-4.762481567869145	1747232.1583090553	22.681230684293347	830.0432865008637	-0.9513894852681232	688971.857465155	0.9051419526787444	970.5993149431204	902.2316532559242	1.40351	27.474598	0.1014626028948447	0.0437619317333142	-0.1691929859	-0.0619940696	0.0822144853	-0.0489594218	-0.079794981	-0.1060831441	0.0192622112	0.0872260968	-0.1071259161	0.020465741	-0.0260359838	-0.2213762632	0.0215941405	0.0572398331	-0.0337744918	-0.0061834527	-0.2117685892	0.0920592349	-0.0220578043	-0.0175796773	-0.0721081347	0.0573003677	0.0446193742	0.1430441971	0.003010521	0.0376608061	-0.1626889894	0.0236657277	0.189924932	0.0743632335	-0.0478973404	0.1651978219	0.0393085593	-0.0164576592	-0.100444621	0.0090522493	0.0825669767	0.193205147	-0.023584227	-0.0681109801	-0.1962492814	0.0507589709	-0.0367242162	-0.015939645	0.0214022898	-0.1102456926	0.0333505405	-0.0325251411	0.0824019789	-0.1716261601	-0.0684770459	-0.0230345124	-0.1191415245	-0.024058501	-0.0751992527	-0.0915792218	0.0598025046	0.0631655239	0.0359040621	0.0523325412	0.0422985078	-0.067617117	-0.07879849	-0.1522503676	0.1229930167	-0.0557089745	-0.0194202993	0.0276286961	-0.1290164684	0.1603602018	0.069766731	-0.0030363448	0.0037403508	0.0346832944	-0.0546837095	-0.0504276876	-0.0689436937	-0.0713913751	0.0408141208	0.1447478507	0.0006415084	0.1689904534	0.1804842726	-0.1157888816	0.0744292344	0.0770580351	-0.0839995551	-0.0855149763	-0.0580456054	0.0139531772738763	-0.0046804934732734	0.0001946911560362	2.19070191533549e-05	-0.0568926990484754	0.0258989385100392	0.0032367792050203	0.0006707550159467	0.0022948021229751	0.0162070283577121	0.0002626677681876	5.266116783611026e-06	-0.001770070650091	0.0003489305356265	3.1331501063135754e-06	1.2175251869259625e-07	-0.0004056980427749	-0.000420717123337	1.7700289786897527e-07	1.6459090191138461e-07	-0.0003418592829599	-0.0003238751921128	1.1686776934585699e-07	1.0489514006615565e-07	0.0	0.0	0.0	0.0	0.0	0.0	0.0	0.0
822.6929709119676	-1.6504033457547391	676823.7243879595	2.723831203678438	1325.777831544914	3.948735818444902	1757686.8586159346	15.592514563869733	829.2975765975875	-0.7457099032761789	687734.4705506315	0.5560832598441682	970.507923918239	896.09027949771	1.255793	24.582952	0.0655144634172276	0.0379122247441151	0.0634505476	0.0319164583	0.0636600868	-0.073049593	0.0505282897	0.0121609106	0.0711083591	0.1334179846	0.1277179642	-0.0506974908	-0.1838320205	-0.0486618839	0.1680393624	0.0706473631	0.0296078745	0.015856434	0.0118071049	-0.0507091567	-0.069729437	-0.0258966128	-0.1118671926	0.0181813571	0.1468600211	0.0084922671	-0.0092332962	0.2023411043	-0.2031018168	0.0648366306	0.0375884829	-0.1227893717	0.1323176318	0.1118748962	-0.087780381	-0.1371582847	-0.1136587354	-0.0309059628	0.1961590388	0.0075295462	-0.0132312561	-0.1727359964	0.0438152365	0.0548059309	-0.063861406	-0.1767820784	0.120505813	0.0128591841	-0.0474922532	-0.1171598297	-0.0955232685	-0.0504906774	0.1984179398	0.0582832267	-0.2978774687	-0.0807070106	0.0446021979	-0.1671186914	0.1376085262	0.1634499986	-0.1316625222	0.0841407059	-0.0401623393	-0.0788433069	-0.0897732904	-0.0808651015	-0.1281436805	0.0099817706	0.0771430536	-0.0592801387	-0.177211774	0.1797283531	0.1385984959	0.1254489617	-0.0417568221	0.070609102	-0.0409792315	-0.0756478101	-0.0671096363	0.1499797733	0.0213401283	0.025187876	-0.0845738952	-0.0481558655	0.0991413507	-0.0392614471	-0.0725613289	0.0849314761	0.0661757039	-0.0901621419	-0.0474010431	0.0127892757978713	-0.001163901476005	0.000163565575434	1.3546666458466204e-06	-0.0565802079759549	0.0003124910725205	0.0032013199346023	9.765067040501337e-08	0.0145327823828722	0.0122379802598971	0.0001497681608416	0.0002112017637879	-0.0015299744125054	0.0002400962375856	2.340821702921244e-06	5.76462033027609e-08	0.0002521553804437	0.0006578534232186	4.327711264404305e-07	6.358233588670707e-08	-0.000203807131588	0.0001380521513718	4.1537346886128356e-08	1.9058396498409987e-08	0.0	0.0	0.0	0.0	0.0	0.0	0.0	0.0
823.9423434789309	1.2493725669633022	678880.9853775525	1.560931811080471	1321.7457796985884	-4.032051846325658	1747011.9061510295	16.257442091458145	829.5601255330608	0.262548935473319	688170.0018744277	0.068931943518173	969.081604738532	902.2309440802848	1.195894	23.410391	0.0928632336058805	0.0481295688006439	-0.1390621645	0.0444513259	-0.1233958506	-0.1452598491	-0.1410504197	-0.1104345106	-0.1158071936	-0.0321733493	0.062922328	-0.1086361059	-0.0946547046	-0.1107202556	-0.0373412052	-0.0742248327	0.135297844	-0.0360599508	-0.1393926213	0.0029309896	-0.0478079434	0.0069412282	-0.07078269	-0.0111380685	0.0985668377	-0.1570315082	0.0375963015	0.1731529062	-0.0054994734	0.1195022614	-0.0242847246	-0.020319891	-0.0112951262	0.0118294181	-0.0071424034	-0.07662633	0.119628175	0.0079749234	0.155458346	-0.1003700649	0.0413044395	0.0649347522	-0.1344383511	0.0639090965	-0.0252241165	0.0878493579	0.1450752752	0.1139770891	-0.1591718809	0.0588303989	-0.1102893506	0.0875284215	-0.0751502973	-0.0639623455	-0.2158538624	0.0403778775	0.0701595975	-0.0651364708	0.0758679204	0.0307457089	-0.0554659849	0.0068522272	-0.0049313488	0.0451445769	0.1079283393	-0.1199005592	0.0988346506	0.1001669011	0.0213953346	0.0127407122	-0.226127751	0.0589636576	-0.0968975722	0.0608238758	0.0944614783	-0.0336040309	0.0380538313	0.0052301491	0.0144927612	0.0249211311	-0.1699464191	0.0580357399	-0.0617428459	-0.0801125394	-0.0492048433	-0.1047458275	0.112962911	0.1703427573	-0.0685994642	-0.0946861568	-0.0364975928	0.0176640106351015	0.0048747348372302	0.0003120172717169	2.376303973330575e-05	-0.0873670836928113	-0.0307868757168564	0.0076330073129866	0.0009478317164051	0.0167778968708915	0.0022451144880192	5.040539064314155e-06	0.0002814978234102	-0.0017700035250604	-0.0002400291125549	3.1329124787262417e-06	5.7613974873940835e-08	-0.0004059979231481	-0.0006581533035918	4.3316577102880004e-07	1.6483431360057053e-07	-2.859376459307325e-06	0.0002009477551286	8.176033736040895e-12	4.038000029126104e-08	0.0	0.0	0.0	0.0	0.0	0.0	0.0	0.0
826.6466123192191	2.7042688402882504	683344.6216588414	7.313069960553959	1320.826946121763	-0.9188335768253636	1744583.8216013429	0.8442551419016916	830.6539530538435	1.093827520782611	689985.9897239768	1.1964586452214332	968.8456952583824	901.9665972957408	1.236538	24.206015	0.093806774797409	0.0612647226496761	-0.1213454308	-0.1193883651	-0.1689262639	0.1268595097	-0.1174767442	0.0986141424	-0.1405342233	-0.1857352771	-0.0781325391	-0.054898662	0.0230275055	-0.0850663506	0.1121701568	0.1109532549	0.0203575686	0.0130522015	-0.0180805724	0.0824920431	-0.0676590587	0.0013166661	-0.0054598727	-0.010536083	0.1348136806	0.0181956458	0.0335940246	0.2296365343	0.126106295	-0.1372354833	0.0862379168	0.149994818	0.113110843	0.0327314772	-0.1475317041	0.1274125153	-0.0227855139	0.0666566486	0.1024118796	0.2684483665	0.0290405481	0.1057387963	-0.0159783239	-0.1482793069	0.0164144891	0.2003175781	0.1000531631	-0.1558558838	0.0585245834	-0.0670581678	-0.013923957	-0.0260687982	-0.1004874777	-0.0845540382	-0.1560271429	0.1904758237	-0.044508574	0.0342753823	-0.012670821	0.1169421332	-0.1854163515	-0.1813437473	-0.0459935128	0.131119319	-0.0354592253	-0.0057994744	0.1819685543	-0.0530145313	0.0618220666	-0.0067377346	-0.2684084716	0.0242526856	-0.1952485852	-0.0714020662	-0.132734387	-0.0285009201	-0.0639732355	0.1113768668	-0.0163034613	-0.0157229887	3.0926e-05	-0.0656868515	0.0711288053	-0.0367741187	0.0507010769	-0.0673249454	0.0270664082	0.0295028004	-0.1773217759	-0.0990808418	-0.0253948054	0.0303256175802744	0.0126616069451729	0.000919643081625	0.000160316290434	-0.106404632521702	-0.0190375488288906	0.0113219458220784	0.0003624282654123	-0.0400740138194493	-0.0568519106903408	0.0032321397491424	0.0016059265836014	-0.0017700247785227	-2.1253462299981877e-08	3.1329877165843327e-06	4.517096597367509e-16	-0.0004059049217008	9.300144730001701e-08	8.649269199897841e-15	1.6475880546093257e-07	-0.0001078592882098	-0.0001049999117504	1.1633626053124702e-08	1.102498146761125e-08	0.0	0.0	0.0	0.0	0.0	0.0	0.0	0.0
825.3870548002939	-1.2595575189252486	681263.7902319033	1.586485143481128	1326.1990789284268	5.372132806663785	1758803.9969506075	28.85981089243332	831.1680586925104	0.5141056386669334	690840.3417906763	0.2643046077091354	970.9115738328268	891.314436759813	1.38285	27.070166	0.0963213945812101	0.0529530460660984	0.1134851234	0.0123706526	0.1530103544	0.1068202569	0.1376090083	0.1003224496	0.3095133612	-0.0562818971	-0.087159318	-0.1867073118	0.0662887061	-0.1308959263	-0.0082921074	-0.0913103404	0.0377128506	0.1805574358	0.0393649878	-0.0112302606	-0.1925406556	-0.0021933652	-0.1423069259	-0.1601634088	0.1644481975	0.2293707695	0.102120962	-0.0838619278	-0.201583092	0.116260279	0.0749986497	0.0097913194	-0.2220940917	-0.3406941921	0.1492104503	0.283391665	-0.0560150837	-0.0243438	0.0769709857	-0.1570319592	0.0301266893	-0.1376351919	0.1454733942	-0.0704067379	0.1329996113	-0.2421384878	0.1438551474	-0.1198015601	-0.0677020915	-0.0429613068	0.2051913321	-0.0760126383	-0.1953803404	0.0088148563	-0.1288876548	-0.2274999761	0.1036534275	-0.0357104568	-0.150291745	-0.2566770254	-0.1884127505	0.2137907714	0.2369355913	0.122811007	-0.0883235354	0.1006034364	-0.0559743685	-0.0278728188	0.2392135992	-0.0382567992	-0.1179227389	0.1599593076	0.1906357297	0.0126548712	0.0417989074	-0.0321131662	-0.1036590312	-0.0317226016	-0.000709432	-0.1263958336	0.1512377701	-0.0395408392	0.15975035	-0.3860893089	0.1360084387	0.1484329842	0.1347969821	0.0856032369	-0.0449930843	-0.1033401944	-0.0141533203	0.0301272008778425	-0.0001984167024319	0.0009076482327338	3.936918780394944e-08	-0.0600285140699412	0.0463761184517608	0.0036034225014451	0.0021507443626517	-0.0261508535928669	0.0139231602265823	0.000193854390695	0.0006838671436355	-0.0013510582854676	0.0004189664930551	1.8253584907306507e-06	1.7553292230288918e-07	-0.0003422695791279	6.363534257289999e-05	4.049456824370338e-09	1.1714846479638981e-07	-0.0003417314365905	-0.0002338721483806	1.1678037475420694e-07	5.4696181788204144e-08	0.0	0.0	0.0	0.0	0.0	0.0	0.0	0.0
824.8985694854247	-0.4884853148691945	680457.6499391	0.2386179028428561	1328.5010144967007	2.301935568273848	1764914.945518763	5.298907360484242	831.0806433902914	-0.0874153022190284	690695.0358180206	0.007641435062044	970.7751851440552	903.705897253179	1.268002	24.821941	0.0897021026075277	0.0461312331974726	-0.0455456667	0.1250797185	0.0288593549	-0.0303376189	0.0802679655	-0.1438198288	0.0761406235	-0.1319871996	0.0771172699	0.0498559675	0.0320982304	-0.0531073824	-0.0705670454	-0.295821272	0.2101403341	0.0292580912	0.0679819308	0.0708351119	0.050899897	0.0068813117	-0.2097339548	-0.2159397427	-0.1454969522	0.1404557815	0.090524578	0.0508149966	-0.0308248981	0.014953588	-0.0540587681	-0.0065399046	-0.009595809	-0.116883374	-0.0047463495	-0.0613018872	0.2920611849	0.0685648042	-0.0759091051	-0.1348315989	-0.0991993977	-0.1637388011	0.0021700392	0.0468123078	0.2058374779	-0.0693029752	0.0533564208	-0.1129658563	-0.2070163269	0.0208852871	-0.2435871375	-0.0814934685	-0.0636392339	-0.1098071232	0.0713472666	-0.1314305505	0.0221880246	0.1522877376	-0.0185260131	-0.0796415571	-0.0061805895	0.061186563	0.137398525	0.0824147979	0.1660972635	0.0800995429	0.0348155278	0.1245527815	0.1333212504	0.0248100995	-0.1706185647	0.0927126773	0.0171898723	-0.0082839093	0.0762173763	0.1166575919	0.1300696437	-0.1825397387	-0.013164046	-0.2191919561	0.0122987906	0.125475754	0.0180369897	0.0901362442	0.0318025231	0.0285359311	0.091037276	-0.145077465	-0.0080232809	-0.1074583966	-0.0028345346	0.0140324159746398	-0.0160947849032027	0.0001969086980853	0.0002590421010803	-0.0558488090045727	0.0041797050653684	0.0031190894672292	1.7469934433467047e-05	-0.0141820396572853	0.0119688139355816	0.0001432525070245	0.0002011302488408	-0.0008706732298234	0.0004803850556441	7.580718731311111e-07	2.3076980168628106e-07	-0.001010851663683	-0.000668582084555	4.470020037880428e-07	1.0218210859706888e-06	-0.0003419402704587	-2.0883386819998961e-07	1.1692314856136889e-07	4.361158450737064e-14	0.0	0.0	0.0	0.0	0.0	0.0	0.0	0.0
826.6815326179856	1.7829631325608943	683402.3563716215	3.178957532071357	1328.4145909039623	-0.086423592738356	1764685.3253265417	0.0074690373818052	829.6297947869228	-1.450848603368513	688285.5963981918	2.104961669896365	969.9175679504332	897.87164076537	1.123477	21.992771	0.1158086867983367	0.0580655896740403	0.0225312701	0.1674413573	0.0414342623	0.0045538114	0.1724547925	-0.0701783755	0.0487681599	-0.1823182262	-0.0484911011	0.0938165723	-0.0742834325	0.0695275023	-0.009619177	-0.2401055753	0.1293730276	-0.0400755097	0.1365550027	0.0393260241	0.1187066736	0.0745068462	-0.1645037692	-0.0104811303	-0.0213078339	0.1511509883	-0.0311130548	0.0226123119	0.0401202169	0.1228241869	-0.0173444728	-0.0061334533	0.0449004929	-0.2841434478	-0.2898955834	-0.1504435112	-0.0848852223	0.1481722995	-0.2098832007	-0.0980081884	0.1076245599	-0.0669411257	0.0944388843	0.0425156769	0.218016241	0.0365318982	-0.0231172295	-0.1515250026	-0.0339628377	-0.0326276209	-0.2804296601	-0.1030241878	0.0751776388	-0.0417505083	-0.0646592263	-0.1584162531	0.207666576	0.1372154076	0.0992636773	-0.13335255	-0.0990278451	-0.3023172735	0.1421668534	-0.1438937528	-0.058355582	0.1526533445	0.0238831788	0.1410868047	0.0906099244	0.0698840666	-0.1957063849	0.0050305563	-0.0387125925	-0.1991289025	-0.0739315808	0.0591131741	0.0975806024	-0.0476296639	-0.0654855101	-0.2021881871	-0.1229364362	-0.0376059097	-0.0374462127	0.190039084	0.1406227567	-0.0186262675	-0.0188481888	-0.2255060524	-0.0202583179	-0.1114298236	0.0084997322	0.0202674519517529	0.0062350359771131	0.0004107696086166	3.887567363589472e-05	-0.1011341082074182	-0.0452852992028454	0.0102281078429097	0.0020507583238912	-0.0490877557143534	-0.0349057160570681	0.0012184090134566	0.002409607761072	-0.0011116946926474	-0.000241021462824	1.2358650896603973e-06	5.8091345541820845e-08	-0.000809230277585	0.0002016213860979	4.065118333207877e-08	6.548536421602962e-07	-0.0004869501327629	-0.0001450098623042	2.3712043179780598e-07	2.1027860165483053e-08	0.0	0.0	0.0	0.0	0.0	0.0	0.0	0.0
824.9928220782373	-1.6887105397482856	680613.1564806141	2.851743287056946	1325.0923848551108	-3.3222060488515126	1755869.8284010051	11.03705303102558	831.8020737231077	2.1722789361848527	691894.6898500622	4.718795776592395	972.53611940558	908.524243507521	1.442848	28.244671	0.0811957307717573	0.0460142568866338	-0.1472527038	0.0217670179	0.1410538909	-0.1871653887	-0.0412963425	-0.234836004	0.118027663	-0.0585952355	-0.1123874943	-0.0331746867	0.1048651411	0.105961019	0.1763145697	-0.1914310571	-0.092194187	0.0724463556	-0.0036968895	0.1394961049	0.0950506048	0.0117239266	-0.0629153555	-0.2247132268	0.0191064722	-0.0480596654	0.0305772181	0.0470623295	0.0845865188	-0.1390697225	-0.2298923343	0.035745171	-0.0487373914	0.3059540858	0.158865378	-0.0721070072	-0.0196153869	0.1679569124	0.0115886931	0.0091019497	-0.0865178363	-0.052605376	-0.1898275272	0.035187678	0.2069634955	-0.0838045389	-0.0950173089	-0.0678149848	-0.106333886	-0.1359826977	-0.031033524	0.2743753629	-0.0376329608	0.0745258297	-0.0206719912	0.0334578178	0.056874317	0.0513598798	0.2273469619	0.0437901669	0.1459227102	0.03423733	-0.1340842966	0.0971162033	0.0900901729	0.0975441598	0.1495534125	0.0803069424	0.0524821909	0.1994833773	-0.1538544097	-0.0533566607	0.1074487988	0.0392743726	0.0865492568	0.0153377988	0.0155126568	0.1383148646	-0.0302198341	-0.002048413	-0.3185902978	-0.1838197084	-0.0040046253	-0.0418240203	0.0190866759	0.0272208594	-0.0330856932	-0.0699168491	0.0322301214	-0.1152490509	0.0197875765	0.0209670670164996	0.0006996150647466	0.0004396178992743	4.894612388205268e-07	-0.1195773523380552	-0.018443244130637	0.0142987431921793	0.0003401532540622	-0.0084409334530448	0.0406468222613086	0.0016521641599424	7.124935755873083e-05	-0.0010141106773656	9.758401528180008e-05	1.028420465946916e-06	9.522640038518591e-09	-0.0006238268977472	0.0001854033798378	3.437441325527954e-08	3.8915999835289554e-07	-0.0003418165415812	0.0001451335911816	1.1683854809853225e-07	2.1063759289296826e-08	0.0	0.0	0.0	0.0	0.0	0.0	0.0	0.0
823.4943552547994	-1.498466823437866	678142.9531365178	2.2454028209439687	1322.1079296096862	-2.9844552454246696	1747969.377536811	8.906973111942824	830.0058149021474	-1.7962588209602472	688909.6527713778	3.2265457518774974	971.171961318526	900.234995169996	1.357935	26.582439	0.0464145375101658	0.0242786330999719	-0.0806796463	-0.1158301841	-0.1510478069	0.0433087859	-0.1341143303	0.046955107	-0.0043128695	-0.0969259238	-0.0073473708	0.0016937673	0.031710826	0.2045468837	0.3231524287	0.0667140019	0.0332061978	0.0264483568	0.1021816825	0.1881925999	0.0346969838	-0.0310180202	-0.0271072763	-0.0562035372	0.2653033515	-0.0683818358	-0.0386219456	-0.0310455057	0.1605882781	-0.2108968851	-0.0212714747	0.248634236	-0.027175812	-0.0490543787	-0.0114556396	-0.1298877702	-0.0293013513	-0.0618549009	0.080983876	-0.1503229195	0.1465420035	-0.0842602305	-0.1112670367	-0.1724877909	0.0799240141	0.0411208908	-0.1253634657	-0.1166964995	-0.0896457905	-0.027077307	0.0930118215	0.2023900757	0.1176301588	-0.0337161241	-0.1233503992	0.0866254234	0.0284286025	-0.1479849417	0.0512778157	0.1164303769	0.0563282545	0.0038188111	0.0553544349	0.1679093687	0.053728468	0.0766521117	0.1075814811	-0.0623296307	0.004513234	0.1929073675	-0.1209278694	-0.0276619254	-0.0473697828	0.1030555534	-0.0034384587	0.2137135233	0.029606568	-0.031702657	-0.0642044292	0.148754933	-0.0894692355	-0.0694493209	-0.0089419779	-0.0868085602	0.0913991825	0.0351377517	0.0799402565	-0.1134780491	0.2236721796	-0.1189108618	0.0309673479	0.0109491651662807	-0.0100179018502189	0.0001198842178384	0.0001003583574806	-0.1243105333850564	-0.0047331810470011	0.0154531087104772	2.2403002823691356e-05	0.0004589772257759	0.0088999106788207	7.920841009098675e-05	2.106600937809415e-07	-0.0011031676501906	-8.905697282500014e-05	1.2169788644270502e-06	7.931144408752815e-09	-0.0009898113897974	-0.0003659844920502	1.3394464842124292e-07	9.797265873726603e-07	-0.0003420459553885	-2.2941380729997725e-07	1.1699543559763173e-07	5.2630694979871084e-14	0.0	0.0	0.0	0.0	0.0	0.0	0.0	0.0
824.6998497263603	1.2054944715608826	680129.8421386812	1.4532169209638517	1318.5583678469716	-3.549561762714575	1738596.1694192695	12.5993887073254	831.2323329292949	1.2265180271474492	690947.1913070781	1.5043464709176708	969.9430856350792	894.332804388423	1.007257	19.71769	0.0767433541361169	0.0368294386713221	0.0064041684	-0.155112568	-0.1159348219	0.1597112736	-0.1648001888	0.1111742499	-0.1031437484	-0.0456151101	-0.0675329068	0.0157149737	0.1117863282	0.2201000652	0.1230075726	0.0858684846	0.0276541756	0.1164790862	0.0727540477	0.1307612782	-0.0379459358	-0.2626038497	0.0134382843	-0.0151524057	-0.09074978	0.1864285016	0.0725400731	0.1160040643	-0.0571509485	-0.2251728031	-0.0395644412	0.1041143138	-0.0141074217	0.0444748822	0.0035223582	0.1152024721	0.05204903	0.0826228468	0.057462323	0.0648766979	0.0495981788	-0.0270327151	-0.0505268749	-0.1954011383	-0.0341988864	0.1076918559	-0.1084102933	-0.1194562932	-0.0762619527	-0.0767212028	-0.0085444062	0.0425587729	0.0617547475	-0.0864277363	0.0296885748	-0.0892996659	-0.0245759025	0.1114547244	-0.0012874102	0.0747546681	-0.2117337064	0.2573004812	0.0447776417	-0.0866257792	-0.0317799809	0.0927035917	0.0629321566	-0.113112627	-0.0453752054	0.1745026233	-0.1184003286	-0.0176569124	-0.105938839	-0.0849178744	-0.0898056004	0.1663449903	-0.0137674369	0.0007813478	-0.0546645405	0.2032224689	-0.0295325293	-0.2717959178	0.1228065861	0.0400042857	0.1017852679	0.0620166742	0.1986870506	-0.0694394534	-6.95805e-05	-0.1224102548	0.0419779864	0.0147344367652664	0.0037852715989857	0.0002171036267896	1.4328281078087769e-05	-0.1244769112402508	-0.0001663778551943	0.0154945014319132	2.7681590699087652e-08	-0.015281267095176	-0.0157402443209519	0.0002477552912832	0.0002335171240341	-0.0015256355304846	-0.0004224678802939	2.327563771877027e-06	1.784791098801055e-07	-0.0004860757144364	0.000503735675361	2.537496306314028e-07	2.362696001648567e-07	-0.0005568716069532	-0.0002148256515646	3.101059866306393e-07	4.615006057019788e-08	0.0	0.0	0.0	0.0	0.0	0.0	0.0	0.0
824.0031863324298	-0.6966633939305211	678981.251085997	0.4853398844427924	1327.6226809072305	9.064313060258884	1762581.9828593018	82.16177125437974	830.1611800457365	-1.0711528835583977	689167.5848549297	1.1473684999554703	971.151674689596	896.5021943910266	1.238378	24.242035	0.1036151820608813	0.0627746779858108	0.1023124614	0.0515756086	0.0292646136	-0.0771300573	0.0545795538	0.086905902	0.0271209477	0.0859839472	0.1401607801	0.1244303418	-0.0048994369	-0.0165731396	0.2508231391	0.1126422543	0.0490852559	-0.1160937798	0.1170811495	-0.0514543439	0.0681725078	-0.1185210186	-0.0054286484	0.1359426335	0.2047935668	0.2086213019	-0.1066330942	-0.1356764253	0.0044132007	0.0977215254	0.1231366009	0.045540131	0.1072383902	0.225778816	0.0130135317	-0.0787000413	-0.0786570071	-0.1104558075	-0.0383424471	0.024738877	0.0894138	-0.1117905477	0.1358554649	-0.0557958122	0.013763286	-0.1007097277	-0.1089166304	-0.1160945048	-0.0692954191	-0.0739826064	0.0456908821	-0.1796985249	0.2072962833	-0.0999141814	-0.1521461543	0.202908051	-0.1725526724	-0.231043118	-0.1023233511	-0.0434037168	0.0960479403	-0.1020211646	0.0421331055	-0.139577974	0.1211122816	0.1375048313	-0.0735786807	0.0227943463	-0.0531585403	0.1398072059	0.1042748659	0.1062406194	0.2161888552	-0.0975684449	0.0714981968	0.1016356619	-0.1763230777	0.0581602085	-0.0575996041	0.1433002053	0.1282931912	-0.3606988555	-0.0477535747	-0.2106606004	-0.3434726869	-0.0723954681	0.0777494588	0.022863234	-0.1008197789	-0.1257424501	0.0527593557	0.0169885992131781	0.0022541624479116	0.0002886125032259	5.0812483415752655e-06	-0.1129911135425061	0.0114857976977447	0.0127669917395755	0.0001319235487535	-0.0344360070887859	-0.0191547399936099	0.0003669040642227	0.0011858385842189	-0.0004702428128903	0.0010553927175943	2.211283030749817e-07	1.113853788351082e-06	-0.0006258174661843	-0.0001397417517479	1.952775718157172e-08	3.916475009813375e-07	-0.0007761467760433	-0.0002192751690901	6.024038179624084e-07	4.808159977949194e-08	0.0	0.0	0.0	0.0	0.0	0.0	0.0	0.0
823.4450919741895	-0.5580943582402824	678061.8194963814	0.3114693126996327	1323.0259424946698	-4.596738412560626	1750397.6445139097	21.13000403351038	830.7710927071882	0.6099126614517445	690180.6084778956	0.3719934545991503	970.158878368504	885.3938090775785	1.135853	22.235048	0.1004833509942833	0.0466548224922396	0.0322862	0.0711616249	0.0131472903	-0.0685454559	-0.0075948979	0.0009289224	-0.0540932406	-0.0104827352	0.2562782568	0.2099221709	0.128411877	-0.1162571462	-0.0532669242	0.2065491088	0.0733322047	-0.0861647455	0.079443748	-0.0100299146	0.0181982915	-0.1680381867	0.0389633233	0.0148784014	-0.0463407879	0.25793139	-0.1590760061	0.0627215368	0.0762328849	0.2006061839	-0.1033940473	0.0439292395	0.0200243506	-0.0711401268	-0.0018167579	0.0011165692	-0.0455864615	0.0364053322	0.2872491155	0.1481992782	-0.02678462	0.047160471	0.0478739868	0.0250023862	-0.079726987	-0.0258857197	-0.1545443431	-0.0238066768	-0.0949271789	-0.1019272894	-0.1319073824	-0.3264517608	-0.0042208756	0.0064246383	0.1340229462	-0.0141646786	0.1132372283	-0.1641609083	-0.0784466304	0.1031729474	0.0344829861	0.2336888315	-0.0019523012	0.0886559668	0.1570938482	0.1186603468	-0.0461859675	0.048202491	-0.0886029143	-0.0385870516	-0.0359574358	0.1960135456	-0.1260876639	-0.1651960447	0.158045832	0.1659221589	-0.0135354858	0.2101960852	-0.014615141	0.0518430958	0.0884412599	0.2717534902	-0.0560386348	-0.0422719762	-0.1810815882	0.1626268847	0.0951111304	0.2295064713	-0.1918490271	-0.1289028963	0.0632525717	0.0139704385466075	-0.0030181606665705	0.0001951731531845	9.109293809233889e-06	-0.1178848908020882	-0.004893777259582	0.0138968474794202	2.394905586640283e-05	-0.0720871934355216	-0.0376511863467357	0.0014176118333166	0.0051965634574103	-0.0008930560708269	-0.0004228132579366	7.975491456407811e-07	1.787710510869619e-07	-0.0002202739611427	0.0004055435050416	1.6446553448142625e-07	4.8520617957495713e-08	-0.0005060990045936	0.0002700477714496	2.561362024506328e-07	7.292579886494938e-08	0.0	0.0	0.0	0.0	0.0	0.0	0.0	0.0
826.0911393550358	2.646047380846312	682426.5705209012	7.001566741683628	1327.5592025209708	4.533260026300923	1762413.4361981158	20.55044646605784	830.852355190258	0.0812624830697359	690315.6361251986	0.0066035911546591	970.6070635000706	894.7432825455038	1.07112	20.967844	0.0276910936576706	0.0127318517072905	0.109041171	0.0550531394	-0.0271036111	-0.0891170233	0.1223311019	0.103779541	-0.0110036722	-0.1126624217	0.111254182	0.1113799129	0.1802297047	-0.1464854096	0.0248728183	-0.0014259306	-0.2159016458	0.0195356484	0.1373952095	-0.092426557	-0.0239118285	0.0215735992	-0.0360800227	-0.1126148638	0.0004454605	-0.0057700816	0.0753737937	0.0191324267	0.2544790345	0.1949780769	0.0962809076	-0.1470904285	0.0263106645	-0.0477448639	-0.0369415021	0.0200815805	-0.0808663153	0.0823804669	-0.0231113429	0.0391811217	-0.0951709869	0.0132577232	0.1449645738	-0.0391643828	0.0551844475	0.0187341735	-0.0356850252	-0.018785996	0.036539991	-0.1326303248	-0.1030490351	-0.0902302424	-0.2735220242	0.0606825237	0.0662120191	0.1221690726	0.160921281	-0.1959898134	0.0093293321	0.0834798419	0.0478168886	0.0502216137	-0.0301437325	-0.1271538698	0.045792111	0.1888160748	-0.0484991561	0.0316462598	0.0050817157	-0.071473475	-0.0440183665	0.0257796869	-0.0323598239	-0.2173630465	0.0589467058	-0.0192070224	-0.0202221375	0.2121263292	-0.1441721301	-0.1337627168	-0.0249208688	0.1937330536	0.0386276569	-0.051166508	0.025176716	-0.0040346273	-0.269961935	-0.0178770022	-0.1246607508	-0.1318872767	0.0734003241	0.0143554813989226	0.000385042852315	0.0002060798461948	1.482579981189472e-07	-0.1229175942902429	-0.0050327034881547	0.0151087349861007	2.5328104399684592e-05	-0.0782338432275224	-0.0061466497920008	3.778130366550351e-05	0.0061205342261485	-0.0009461118878249	-5.3055816997999946e-05	8.951277042835962e-07	2.8149197173252602e-09	-0.0003406900674582	-0.0001204161063154	1.4500038660185794e-08	1.1606972206467288e-07	-0.0006551610317841	-0.0001490620271905	4.292359775684065e-07	2.2219487950141363e-08	0.0	0.0	0.0	0.0	0.0	0.0	0.0	0.0
823.5211318605366	-2.5700074944992366	678187.0546208592	6.604938521782244	1324.4422853021508	-3.1169172188199354	1754147.3670963838	9.715172948976202	831.0683412791496	0.2159860888916682	690674.5878764772	0.0466499905947196	971.14658697773	902.9464259843384	1.533947	30.027987	0.180682847530972	0.0923249513189242	-0.1894919045	0.0381691656	0.1024022893	-0.0787639813	-0.0287923672	-0.2262379153	0.0670391957	-0.032792665	0.1085191766	-0.0715918209	0.163463887	0.0067389932	0.0012314409	-0.0831604424	-0.1351758705	0.0651826994	-0.0293156167	0.2796994641	0.1506758954	-0.0019227848	-0.1386525689	-0.0836942378	-0.0502608761	-0.1188906606	0.0667797462	-0.0432775501	-0.1086212578	0.1630472193	-0.1264890242	-0.2595740607	-0.0532424023	0.1099872514	-0.1064302737	0.0182219002	-0.2537112626	-0.2737003285	-0.0449296593	0.0564389289	-0.1374306729	-0.2093059667	-0.1693291424	0.0650077811	0.175019592	-0.0717361785	-0.0477086249	0.1265014383	-0.1298813448	-0.0690528816	-0.0325684159	-0.036002078	-0.018972983	0.1630929555	0.0696072338	-0.0064166181	0.137165984	0.0628271683	-0.1497724853	-0.0696280277	-0.1890689481	-0.1783316586	-0.3332090409	-0.0490778425	-0.0819577745	0.069989849	0.1761270484	0.0877247328	0.0240057874	-0.0143415048	0.0656676469	-0.03180953	0.0742547986	0.1457613049	0.1953470692	0.0919683507	0.0581320933	0.1102981654	-0.1139643583	-0.0787632482	-0.030618132	-0.0435107102	0.0852770569	-0.0336746829	0.0623274816	-0.0166087484	-0.3129082828	0.188664893	0.1771532952	-0.1346915149	0.0831471893	0.0154260001079364	0.0010705187090138	0.00023796147933	1.1460103063485736e-06	-0.103525055282418	0.0193925390078249	0.0107174370712277	0.00037607056917	0.0043010481438159	0.0825348913713383	0.0068120082936786	1.84990151354222e-05	-0.0005530714088353	0.0003930404789896	3.058879832710635e-07	1.5448081812437426e-07	-0.0009899604560681	-0.0006492703886099	4.2155203752565053e-07	9.800217045785605e-07	-0.0001437739305277	0.0005113871012564	2.0670943099383913e-08	2.615167673314236e-07	0.0	0.0	0.0	0.0	1.0	0.0	0.0	0.0
824.0610376492087	0.5399057886721721	679076.5937714906	0.2914982606417201	1321.8798351515811	-2.5624501505697026	1747366.2985803713	6.566150774154692	829.7900370688893	-1.2783042102603304	688551.5056187888	1.634061653969287	969.1382650453804	890.5050899397012	1.599076	31.302937	0.0550242290268397	0.0333685529634742	0.1113561173	-0.1086680833	-0.1313465674	0.0366885154	-0.0509817822	0.1332198056	-0.0236429717	-0.1050015011	0.0946079041	-0.0701656319	0.0269606702	0.0258891071	-0.17019437	-0.0466035805	0.0797230236	-0.1340022807	0.1719710796	0.0515464101	-0.0883400785	-0.0599223119	-0.1082021739	0.1309410763	-0.0561531171	-0.1215884758	0.0109984936	0.1027089852	-0.0718133201	-0.0285168542	-0.1665838472	-0.0765129186	0.1047733063	-0.0847672834	0.1192810331	0.1564431293	-0.1140124438	-0.0398455819	-0.1098811158	0.0783603414	-0.0726254997	0.0601310032	0.0944043213	-0.2295516224	0.0290849477	0.0706600757	0.0371084717	0.1115065622	-0.1374817238	0.1288411972	-0.0640601834	-0.0053829345	0.0676800526	0.176627999	0.0215209723	-0.1037898956	-0.0056912185	-0.0389721735	-0.0461919519	-0.1243424383	-0.0791277246	0.0719395443	-0.2137382539	0.0340480437	0.0076343112	0.1602220553	-0.0271962632	-0.0994526416	0.0662825331	-0.0160434526	0.0555323196	-0.1025214227	-0.1191817251	-0.0073048047	0.132372475	0.0838622673	0.2223397144	0.0089071603	-0.1053477898	0.0505514939	0.1878531426	0.0797383861	0.0205602256	0.02182214	0.0703475238	-0.0762904009	-0.1216741594	0.0867149184	0.0010452737	-0.1373117808	0.0924399334	0.0142342434696018	-0.0011917566383345	0.0002026136871519	1.4202838850145845e-06	-0.1150302217164949	-0.0115051664340768	0.0132319519081459	0.0001323688546758	-0.0275700345792273	-0.0318710827230432	0.001015765913939	0.0007601068066997	-0.0007410825662832	-0.0001880111574479	5.492033700488935e-07	3.5348195324899074e-08	-0.0009899400914714	2.03645966999344e-08	4.147167987509791e-16	9.79981384702404e-07	-0.0001648668731108	-2.1092942583099986e-05	2.7181085849332623e-08	4.4491222681395265e-10	0.0	0.0	0.0	0.0	0.0	1.0	0.0	0.0
826.2834576456172	2.222419996408462	682744.3523787964	4.939150640436187	1324.858616680738	2.9787815291567767	1755250.3541931985	8.873139398445586	830.2220747291143	0.432037660224978	689268.693367515	0.1866565398526735	969.7621677287724	890.2737393294365	1.259851	24.662374	0.0417641740679487	0.0253056835878002	-0.0458920876	0.1450424421	-0.0347306441	0.2027621054	0.0739234265	0.0017703039	-0.1589103058	-0.1413166953	0.0012316219	0.0515313609	0.1905530732	-0.0044881458	-0.0306769457	-0.0487066202	0.0591820613	0.1224141169	0.0945048989	0.0368790345	0.2075084206	0.058467426	-0.243109503	0.1520944229	-0.1003333238	-0.0458946251	0.0357273702	-0.0487734717	0.1057161437	0.00425193	0.0774416878	-0.1580371426	-0.0923850164	0.0630190153	0.0865388621	0.0984466753	0.1140648572	-0.0435744197	0.0368715079	0.1421861521	0.2078962556	0.0179407212	0.0836710219	0.07104362	0.2155449133	0.2559786431	-0.1222748188	-0.0026642379	-0.068982858	0.2350120894	0.0092755756	-0.1048108154	-0.0430873534	0.0134680514	0.0554907828	0.056556125	-0.1464818484	-0.0632664239	0.0804712911	-0.0927151691	-0.0351853593	0.0938476797	-0.1838618088	-0.1668613218	-0.0932176679	0.1088478852	0.0574337932	0.1687169199	-0.0061135213	0.0738427652	0.1169808383	-0.1721107148	-0.0422990671	-0.0977110224	-0.0404504497	-0.0606720657	0.1812530653	0.0374362087	-0.101581371	0.029841319	0.1727521615	0.0188966271	-0.054721315	0.0065065612	-0.0252540063	-0.1173081577	0.0167441899	0.0812920501	0.0708176506	-0.1397444952	0.1012278027	0.0113289875486941	-0.0029052559209077	0.0001283459588784	8.440511965969256e-06	-0.1131888004792642	0.0018414212372306	0.0128117045539346	3.3908321729242023e-06	-0.0396412873265177	-0.0120712527472904	0.0001457151428889	0.0015714316609035	-0.0008242872543644	-8.320468808120001e-05	6.794494777076011e-07	6.923020118689787e-09	-0.0009897611916496	1.788998217999542e-07	3.2005146240055375e-14	9.796272164956364e-07	-0.0005804081684582	-0.0004155412953474	3.368736420130023e-07	1.7267456813899517e-07	0.0	0.0	0.0	0.0	0.0	0.0	0.0	0.0
825.2880022590808	-0.9954553865363778	681100.2866727846	0.9909314265842892	1324.56427609873	-0.2943405820078624	1754470.521516953	0.0866363782167271	830.368748190415	0.1466734613006792	689512.2579713168	0.0215131042499218	970.2698948897472	901.7298759803228	1.285139	25.157402	0.0667052825675931	0.0339338676092198	0.1312346742	-0.133318713	0.034110534	-0.0242075636	0.0002835632	0.130219959	0.0288939513	-0.1116509961	-0.1134607361	0.2314995345	0.0482346204	0.0635640155	-0.0044530529	-0.0647579681	0.0043008362	0.074864729	0.083993773	-0.1625914292	0.0842812497	-0.0209584668	0.086764099	0.0780508889	0.2231528176	0.040111009	0.0239412276	-0.0835809241	0.0408569376	0.1577226157	-0.1224642764	-0.0988224528	-0.0289464269	0.0606200899	-0.0485824491	0.0650312107	0.2166617678	-0.0544166722	-0.0119928899	-0.064040295	-0.0376584399	0.1114874383	0.1122348119	-0.0988018286	-0.0428075308	0.0057578261	-0.1324197213	-0.1111795735	0.1264636108	0.1625383488	-0.0485883167	0.1018482995	0.0026048027	-0.0782191228	-0.00821436	0.1088120867	0.1004278372	-0.0999318349	-0.1040227727	-0.0528388272	-0.0017605801	-0.0690576789	-0.0683930234	0.0556062838	0.0027304914	0.0606948281	-0.111120593	-0.128106019	-0.0330250696	0.1217711885	0.1132912309	-0.1476633644	0.1058650519	-0.0528266015	-0.0376189179	-0.1135284622	0.0793488514	0.0758455599	-0.0284135671	-0.0818385532	0.0762531393	0.0618582573	0.0387796676	0.0608690325	-0.1055998597	-0.1305692501	-0.1186219788	-0.1651458306	0.1101227478	-0.1419863355	0.1094628008	0.0001346936616783	-0.0111942938870157	1.8142382496308345e-08	0.0001253122156288	-0.0951895816410512	0.017999218838213	0.0090610564529983	0.0003239718787858	-0.051324946983442	-0.0116836596569242	0.0001365079029788	0.0026342501828531	-0.0008441436162281	-1.9856361863699983e-05	7.125784448186538e-07	3.94275106462199e-10	-0.0004932548993741	0.0004965062922755	2.465184982691643e-07	2.433003957565535e-07	-0.0005802086188886	1.9954956959999506e-07	3.366420414326167e-07	3.9820030727543266e-14	0.0	0.0	0.0	0.0	0.0	0.0	0.0	0.0
824.5223809398263	-0.7656213192544783	679837.1566706802	0.5861760044969678	1324.3875387123385	-0.1767373863915509	1754002.352696526	0.0312361037485163	831.6462546497135	1.277506459298479	691635.492872896	1.6320227535493366	971.6775962347492	889.3031751795596	1.400583	27.417309	0.0664103318366287	0.0564754723620477	-0.1411925361	0.0619437875	-0.0978645448	0.0036585448	0.0005781798	-0.1097738372	-0.0187344187	0.039890151	0.0107074638	-0.0675904895	0.0439323975	-0.0603732678	0.1308262333	-0.0555731119	-0.0386801464	-0.0131093215	-0.1989963769	0.0638652799	0.0736663543	-0.0899503384	0.1419469179	-0.0803756565	-0.0241278044	0.0395623906	0.0615248892	-0.0633291194	0.1050140937	0.0108980066	-0.0202355643	0.1129131247	-0.0087152654	0.0558014956	7.49864e-05	-0.0121042798	0.103687651	-0.1291872828	-0.0065028152	-0.0988535767	-0.0773479356	0.2162043315	-0.1420126325	0.0671760347	-0.0623427001	-0.0080715512	-0.0605055509	-0.0533500872	0.0123840182	0.0015832714	0.2062021615	0.0712077435	-0.0602381022	-0.0919699906	0.0430871153	0.0656749969	0.1406441016	0.1580893069	-0.1100802245	0.0571696091	0.0882002938	0.0917617999	-0.1212110221	-0.0540999263	0.0106562362	-0.0692963047	0.0974100922	0.0444434386	-0.1355719654	0.0664618411	0.1642892116	-0.0479732165	0.0226981546	0.0089573378	0.0935018939	-0.0255832406	-0.1052508178	-0.1044915711	-0.0569722616	-0.0297833676	0.2261521562	-0.0862888653	0.0643568515	0.0848358186	0.0284251541	0.2812101487	-0.1286447609	-0.1204640951	-0.0214343311	-0.1440342395	0.1170999511	0.0001761672159972	4.147355431889999e-05	3.1034887992204124e-08	1.7200557078427476e-09	-0.0966029322965766	-0.0014133506555254	0.0093321265282969	1.997560075474093e-06	0.0041020986324724	0.0554270456159144	0.0030721573857086	1.6827213190531936e-05	-0.0009386714659238	-9.452784969569992e-05	8.811041209395355e-07	8.935514368092838e-09	-0.0005892277817094	-9.597288233530005e-05	9.210794143745344e-09	3.471893787381804e-07	-0.000580277127075	-6.850818639995721e-08	3.367215442064157e-07	4.6933716038112825e-15	0.0	0.0	0.0	0.0	0.0	0.0	0.0	0.0
824.8861979774075	0.3638170375811569	680437.2396136228	0.1323628368343289	1326.2271101142303	1.839571401891817	1758878.3476019427	3.384022942658225	831.4126151386816	-0.2336395110318108	691246.9366117415	0.0545874211151836	970.665024216938	903.6837837246388	1.287569	25.204979	0.0595841932963593	0.0259383009415234	0.1425648962	-0.0510845496	-0.123776508	-0.1555408568	-0.0125126944	0.147682277	-0.0014121902	0.0818777683	0.121318117	-0.0073433902	-0.133852896	0.0880941495	0.1319371753	-0.0612659289	0.000437697	0.011908037	0.0771602948	-0.0832159596	0.0325790138	-0.0780408193	0.1112053643	-0.032992266	-0.0964479516	-0.0412828389	0.0243069213	0.0339099182	0.0601439057	0.0327801794	-0.0842228238	0.0003237863	0.1106926312	0.0214045719	0.059675967	0.0673089896	0.0987537095	-0.0079945473	0.0801884626	0.0889106079	-0.1132224719	-0.1032069642	0.1092672751	-0.0377117667	-0.1376959994	-0.0401289594	-0.0800450595	0.0982747986	-0.0139785869	-0.0156241622	0.0575320838	0.0496371332	0.0512950594	-0.0037258801	0.1457624348	0.0228334808	0.0607687808	0.0562219958	0.0220904988	-0.0392792662	-0.034783234	-0.0272441853	0.0196446127	-0.0366145986	0.0835169452	-0.010410848	-0.1639546424	-0.0704309491	-0.0517159735	0.0106079929	0.1552840753	-0.0172875023	-0.00788822	0.0809428727	0.0627998382	-0.0468603736	-0.0139586589	-0.1508105558	-0.1266628624	0.0367033613	-0.0090698578	0.0212787587	0.0595483805	-0.1056074586	0.0328673645	-0.1470310639	0.0332284795	-0.1354147587	-0.0060892297	-0.1458854101	0.124097542	0.0116000428525353	0.0114238756365381	0.0001345609941806	0.000130504934559	-0.1070458772531992	-0.0104429449566225	0.0114588198369069	0.000109055099367	0.0170929798802461	0.0129908812477737	0.0001687629955937	0.0002921699611864	-0.0007677647612051	0.0001709067047186	5.894627285483243e-07	2.9209101717804885e-08	-0.0009127777428628	-0.0003235499611533	1.0468457736236661e-07	8.331632078657078e-07	-0.0005803502903114	-7.31632364000482e-08	3.368064594645263e-07	5.352859160529338e-15	0.0	0.0	0.0	0.0	0.0	0.0	0.0	0.0
826.3615490751371	1.4753510977295718	682873.4097898601	2.176660861571853	1327.6642349060787	1.437124791848419	1762692.3206487433	2.0653276673453607	831.0442595362064	-0.3683556024752761	690634.5613080815	0.1356858498749236	970.2449232463014	892.1569329190509	1.209952	23.685572	0.0722209721454892	0.0600348548568608	-0.064485223	0.1315492166	-0.0817076583	0.0072571535	0.0948351496	-0.1186011434	-0.1235777692	0.0810763574	-0.0516699547	-0.0020389195	0.05638568	0.0720623967	-0.0451164833	0.0394808915	0.2184391576	-0.2075010951	-0.081010412	-0.0427481862	0.2386259838	0.1368702834	0.1120020092	0.1914503447	0.0591862522	0.1476937751	-0.2540449358	0.0295030089	-0.044597213	-0.1093375004	0.0772008635	-0.0107521582	0.0409104521	-0.1510498644	0.1275496926	0.0450093091	-0.1844508307	-0.0179192858	0.0064828304	0.0016109596	-0.0309237751	-0.0308979631	-0.0098172199	0.1701634319	-0.017771354	0.1373211484	-0.1351324455	0.021904777	0.1036714031	0.0982120989	0.1408720236	-0.1338920501	0.0035295049	0.0585410783	0.0538832434	-0.1216147491	-0.1061083361	-0.1281651725	0.0344739772	-0.0646344072	-0.1518493891	-0.067651393	0.0945772168	0.1225245341	0.198367173	-0.0642177464	0.0397048628	0.1224670528	-0.1504417978	0.0570801469	0.1444010705	-0.0394495953	-0.0835880638	-0.066066833	-0.0183739603	-0.1343439481	0.0564949391	-0.0417092222	-0.0241543072	-0.0259674859	0.1095369464	0.0828517202	0.075483287	0.0246007242	0.0694098385	-0.0153833213	0.1344647457	0.1685894512	0.1467861997	-0.1475373187	0.1304173552	0.0138913792871875	0.0022913364346521	0.0001929704185005	5.250222656764652e-06	-0.1028050071218729	0.0042408701313262	0.0105688694893283	1.798497947077547e-05	-0.0428178051608796	-0.0599107850411257	0.0035893021642439	0.001833364438795	-0.0008062870928967	-3.85223316916e-05	6.500988761718118e-07	1.48397003895765e-09	-0.0009897667909435	-7.698904808069998e-05	5.927313524372332e-09	9.796383004545938e-07	-0.0005803985213068	-4.823099539999661e-08	3.3686244353512e-07	2.3262289172744936e-15	0.0	0.0	0.0	0.0	0.0	0.0	0.0	0.0
823.6105191492512	-2.7510299258858595	678334.2872532991	7.568165653119557	1326.0130038926327	-1.6512310134460222	1758310.486492363	2.7265638597659776	830.9665634692014	-0.077696067004922	690505.4296038144	0.0060366788280333	971.2050483726572	902.0609978288942	1.320365	25.846989	0.0477833330211351	0.0288427992927613	0.0889148012	0.0031575258	0.2601951289	0.1234628542	0.0531062312	0.0378286358	0.1465164529	0.2982221275	-0.2599830879	-0.1498225851	-0.068798768	0.1311007676	-0.0255549991	0.1255895483	0.01546426	-0.1461963915	0.0179193536	-0.1318905632	0.0833956274	0.00633948	0.0791014331	0.0830493949	-0.1182607211	-0.1220888224	-0.1133481434	-0.0602617539	-0.1690888396	-0.0331006977	0.0269968921	-0.0990547403	0.0787387556	-0.2283517903	0.0354243912	-0.0832825809	0.105892448	-0.137821435	0.0223925177	-0.1272518257	-0.1207798546	0.0118450001	0.0456245268	0.0596914667	-0.1274935665	-0.1428401662	-0.0841889058	0.1250042981	0.1665366595	-0.0511912249	0.1893562126	-0.0032329802	0.0953593038	0.1100262464	0.0075865597	-0.2802626248	-0.1569831434	0.0298919178	-0.0399126438	-0.0168840762	0.1123432298	-0.1362606772	-0.0935246114	0.1419645868	0.0423712674	-0.0546863345	-0.1318285948	0.0097715264	-0.1247224553	-0.0942458936	0.1075243086	0.046752824	0.1952729254	0.0782001781	-0.1095828845	0.0340066481	-0.0007484291	0.1026256799	0.0464281118	0.2696022959	-0.0508491075	0.1591819802	-0.0674064192	0.038630993	0.0929185651	-0.20687958	-0.0308615938	-0.1007154835	0.0256901932	-0.1489877092	0.136024874	0.0065061048400423	-0.0073852744471452	4.2329400189621846e-05	5.454227865965584e-05	-0.0983278272482977	0.0044771798735752	0.009668361611371	2.0045139620346933e-05	-0.0364151846610099	0.0064026204998696	4.099354926535171e-05	0.0013260656738954	-0.0007486327688531	5.765432404359998e-05	5.604510226006591e-07	3.3240210809244303e-09	-0.0004572831741345	0.000532483616809	2.835388021699939e-07	2.0910790134652346e-07	-0.0005801712981485	2.27223158299995e-07	3.365987351953157e-07	5.163036366782458e-14	0.0	0.0	0.0	0.0	0.0	0.0	0.0	0.0
823.3092923689458	-0.3012267803054556	677838.1909010542	0.0907375731731912	1314.9202428566982	-11.092761035934473	1729015.2450743185	123.04934740034604	828.9745296305747	-1.992033838626753	687198.7707762326	3.968198814234037	970.0233154909064	893.3257637091803	1.4361	28.112562	0.1080567834262075	0.0638954626537585	-0.1764494692	-0.0819597971	-0.1169287459	-0.0154254182	-0.2579856612	-0.0910983453	-0.0949685168	0.1286555711	0.0679118136	-0.0377495938	-0.1323711274	0.0279236007	-0.0760257385	0.0190019753	0.1677839464	0.0148350333	-0.1450485419	0.0601677858	-0.0186127124	0.0690310978	0.1825187242	0.2022484721	-0.0194221277	-0.2003325699	-0.091918822	-0.0227274294	-0.0094621023	0.0272057785	0.192644306	0.0328339625	-0.02608934	0.0455911568	-0.1146973521	-0.0274921034	-0.1422000099	-0.0203872425	0.0213917936	-0.0519019619	0.0414367168	-0.1575126666	-0.2229886978	0.0199540913	-0.1304483765	0.0720876201	0.0399924936	0.2378856898	-0.0322957485	0.0360304041	-0.0150236236	-0.1684432404	0.1529510709	-0.0857598965	-0.0629961879	0.0819745852	-0.0638512722	-0.0480067023	0.0344346573	0.1374670931	-0.0143825588	-0.0632951784	0.1651686517	-0.1511574002	0.0060313644	-0.1352451129	0.0988657605	-0.0499332326	-0.1831714234	-0.0990121765	0.0454601848	0.0358020381	-0.1941622797	0.108171479	0.053769076	0.073660992	-0.0342834147	-0.0865329973	-0.0047839994	0.0243159041	-0.1223049911	0.0623795307	-0.0911235819	-0.0024435784	-0.1821054304	-0.1426939145	0.0936485751	0.066145244	0.0028450663	-0.1502346003	0.1408894722	0.0067302410422911	0.0002241362022487	4.52961444873396e-05	5.023703715851496e-08	-0.1067561922975102	-0.0084283650492125	0.0113968845938629	7.103733740278687e-05	0.0133417802087763	0.0497569648697862	0.0024757555530531	0.0001780030991392	-0.0012082868476013	-0.0004596540787481	1.459957106086287e-06	2.1128187210985637e-07	-0.0009896488561618	-0.0005323656820273	2.834132194003923e-07	9.79404858502359e-07	-0.0005810978834722	-9.265853236999338e-07	3.376747501758705e-07	8.58560362096111e-13	0.0	0.0	0.0	0.0	0.0	0.0	0.0	0.0
827.3634030426715	4.054110673725745	684530.2006943501	16.435813354817014	1323.6275843890064	8.707341532308192	1751989.9821554762	75.81779656025917	831.3540765963608	2.379546965786062	691149.6006733876	5.662243762381655	969.7984762392648	906.3764535795328	1.595101	31.225111	0.1078094423352639	0.0582539967466723	0.1422965379	-0.0551249495	-0.1178964457	0.0539096328	0.059984326	0.1264642725	-0.092603703	-0.0487451269	-0.2118984989	-0.0402461515	-0.1658044644	0.0663756257	-0.0804296174	0.0181957674	-0.2445333634	-0.1881087831	-0.0007966731	-0.1476513807	-0.081196211	0.0887035028	0.2040018495	-0.1120883176	0.1136240922	-0.1960289057	0.0430592106	0.1164855708	-0.021331692	-0.0685308569	-0.1053823903	0.1736456725	-0.2151283346	-0.1463908864	0.0589142025	0.0042898551	-0.028965366	-0.0077777617	-0.2285524459	0.0126648161	-0.0038297961	-0.1681556406	0.0938187823	-0.0013088183	-0.124769264	0.0967087492	0.0381812742	0.0187910942	0.3090651639	-0.0400482797	0.0513322063	0.2166906974	-0.0634328175	0.0001770388	0.0215596185	-0.0627598265	0.0863698149	-0.0578043779	0.0342921308	-0.0513777126	0.0900948747	-0.1833628422	0.0636543966	0.0135198072	-0.0589911216	-0.0259832797	-0.1254217834	-0.0544496143	-0.0931871692	-0.1885642406	0.0169136024	-0.0143220744	-0.0797438974	-0.0892045204	-0.1303589518	-0.166827032	-0.0896772347	0.0290470057	0.0820212328	0.0286689653	-0.1695269451	-0.1901852242	-0.0027642995	-0.0698958679	0.0589988113	-0.0149779423	-0.0644770162	-0.1391905402	-0.1457949825	-0.151276289	0.1449845808	0.0001461655200927	-0.0065840755221984	2.1364359263969487e-08	4.3350050482012135e-05	-0.1347120489238022	-0.027955856626292	0.0181473361252488	0.0007815299197097	-0.0379503442172222	-0.0512921244259985	0.0026308820281321	0.0014402286262056	-0.0014307257430439	-0.0002224388954426	2.04697615180852e-06	4.947906220572394e-08	-0.0007725848926591	0.0002170639635027	4.7116764251501494e-08	5.968874163650729e-07	-0.000581053027202	4.4856270199969406e-08	3.3762262042060814e-07	2.012084976252664e-15	0.0	0.0	0.0	0.0	0.0	0.0	1.0	0.0
823.8883464978379	-3.475056544833592	678792.0074949415	12.076017989790785	1322.0239656607944	-1.6036187282120409	1747747.3657814933	2.5715930254724038	831.1970604364597	-0.1570161599011044	690888.5532782115	0.0246540744700891	971.5600530534474	907.6493085983384	1.500392	29.371126	0.1322860690322778	0.0673186707778989	0.0252505312	-0.1656945147	0.2867158893	0.0190829871	-0.1052177432	-0.0488185071	0.1525199626	0.1022623981	0.0751167247	0.1453030783	0.1188429856	-0.1264161908	-0.2068974108	0.0861022307	-0.1741284163	-0.0356434221	-0.0100825028	0.082091624	-0.1154136781	-0.0524630392	0.1593132265	-0.0051609056	-0.1970625028	-0.0691595063	0.0452225139	0.0520552263	0.0426233323	-0.0736010995	0.0432954957	-0.0210909264	-0.0896157502	-0.0041515506	-0.071129092	-0.0141180297	0.0207246917	-0.0239662226	-0.1262196321	0.0252738122	-0.1715372846	0.2402090925	-0.0947639295	-0.064912101	-0.0144414954	-0.1786040032	-0.0082675345	0.0766592318	0.0576662141	0.013738817	-0.1727666872	-0.0422657099	-0.1243632505	0.0117317631	0.1116400045	0.0563045939	-0.2087230997	0.2163256044	-0.062311252	0.032574944	0.0408516673	-0.0707804425	-0.0918828335	0.1162656752	-0.1223314489	-0.0610532847	0.0093970874	-0.1902278812	-0.0015928034	-0.1467106279	0.0293943235	-0.0964957637	0.0971511804	0.1054567975	-0.0527530005	0.0419114063	0.0905671804	0.0039661978	0.2261874271	-0.1504923472	-0.0649758093	-0.1080456944	0.0027684829	0.2026149174	-0.1727334132	0.0646179514	0.0812212268	0.0972975044	-0.0044142731	-0.1521113526	0.148287834	0.0115404211193492	0.0113942555992565	0.0001331813196119	0.0001298290606611	-0.0985905257147692	0.036121523209033	0.0097200917607145	0.0013047644389407	0.0108199836367361	0.0487703278539583	0.0023785448789825	0.0001170720458992	-0.0012400726839672	0.0001906530590766	1.537780261521615e-06	3.634858893530365e-08	-0.0002441403365924	0.0005284445560666	2.792536488365316e-07	5.960450395145037e-08	-0.0005801513949448	9.016322572000288e-07	3.365756410563973e-07	8.129407272236191e-13	0.0	0.0	0.0	0.0	0.0	0.0	0.0	1.0
824.0849312372775	0.1965847394395723	679115.9738923484	0.0386455597805245	1323.5521169715669	1.5281513107725004	1751790.2063399162	2.335246428615711	829.6291652660274	-1.56789517043228	688284.5518600054	2.458295265464868	969.7463927732906	892.1901299215297	1.402353	27.451952	0.0406136562417702	0.0228548707590442	0.0125163435	0.127878165	-0.0271488676	0.0350525808	0.0830236664	-0.0353575228	-0.0003799801	-0.0513352006	0.1967204001	0.0632884954	-0.0699304461	0.060860774	-0.2033894606	0.1006268133	0.0217794676	0.2790157636	0.0680061055	-0.1184722665	-0.1818634341	0.1947043542	0.0575850788	-0.1316718181	-0.0345502467	-0.0467185272	0.0056824447	-0.1193215542	-0.1313021632	-0.0749913912	-0.0162519586	0.010094469	0.0952190426	0.0041310635	-0.0390672449	-0.1121926081	0.0106260825	0.1747070277	-0.0138738083	-0.0029948878	-0.0483268484	0.0355660555	0.0926785876	0.0891577925	0.0401672286	-0.0371861384	0.1901806319	0.1182229655	0.0556825349	-0.0606897214	-0.1008737551	0.0692902373	0.1936314685	-0.1740850059	0.1200897245	0.0799038561	0.0048799779	0.1459517463	0.0283361457	0.0307238489	-0.0474885082	0.074564067	0.1380600955	0.0051487927	-0.131588384	-0.0246356018	-0.0567095753	0.0836279762	0.0646887594	-0.1824509073	0.0339096359	-0.1225577544	-0.0011924888	0.0443072303	-0.0928856116	0.1362647662	-0.0122181613	-0.2069039586	0.1573674863	-0.0373362322	0.0265272862	0.0911621474	-0.0825775625	0.0479938451	0.0213336952	0.1618748735	0.0107018271	-0.0257134674	0.0848056823	-0.1527386503	0.1507811905	0.0232851770881694	0.0117447559688202	0.0005421994720274	0.0001379392927671	-0.0986509593999187	-6.04336851495052e-05	0.0097320117905244	3.6522303007495245e-09	0.0020170290304406	-0.0088029546062955	7.749200980049915e-05	4.068406109640148e-06	-0.0011811742142204	5.889846974679999e-05	1.3951725243391794e-06	3.469029738514713e-09	-0.0005851573486648	-0.0003410170120724	1.1629260252278744e-07	3.424091226964184e-07	-0.0005803461527557	-1.947578109000965e-07	3.368016570183423e-07	3.793060490659773e-14	0.0	0.0	0.0	0.0	0.0	0.0	0.0	0.0
825.6023479061885	1.5174166689109825	681619.2368682111	2.302553347088902	1327.8079471664123	4.25583019484543	1763073.944558282	18.11209064735809	828.8328472501669	-0.7963180158604928	686963.8886808185	0.634122382383992	969.9953323716264	906.8653151556266	1.186072	23.218113	0.0744305387205	0.0420093082538167	-0.1209404404	0.0468068366	-0.1322794649	-0.1009070046	0.0502224848	-0.0923607524	-0.1662035859	-0.1257771226	-0.0684287458	-0.033586932	-0.115073746	-0.0717909979	-0.0348111478	0.0807091649	-0.0212885921	-0.1989972401	-0.1357740504	0.065903887	-0.0273472571	0.1380553344	0.0643602616	0.1872991905	-0.0655128507	-0.0309924007	0.039055559	-0.1190043092	0.0187439215	-0.0605971797	-0.0428308279	0.242429413	-0.069306007	-0.004616332	-0.0685240257	-0.1541360121	0.0972626097	0.0213029514	0.0833841547	0.0484241788	0.0646028619	0.0558341342	-0.1101124426	0.0720536419	-0.0274059756	0.1668334738	0.0672146215	0.0519439146	0.1132483032	0.0831318913	0.0422893344	0.0528464623	0.0034219313	-0.0315194325	0.0223821009	-0.0120112892	0.1797042437	0.0573796774	0.035751747	0.1447850008	0.1387883985	-0.0615661674	0.1155075881	0.1665319229	-0.063616443	-0.1374056256	0.1006532959	0.0424537206	-0.1096981327	-0.1108349526	0.051300791	-0.0158586568	-0.0710037604	0.0100027574	0.0070779706	-0.1862951863	-0.1077740301	-0.0906791132	0.1026396727	-0.1578387873	-0.0451036754	-0.0012764247	-0.0079612432	0.0245827034	0.0225954575	0.1352551095	0.1865277804	0.0467324857	0.0345626913	-0.1531573254	0.1524510324	0.0097661864650149	-0.0135189906231545	9.537839806944022e-05	0.0001827631074689	-0.0921793604147893	0.0064715989851294	0.0084970344864796	4.188159342432793e-05	-0.0366651969361555	-0.038682225966596	0.0014963146057308	0.001344336666367	-0.0014781686006816	-0.0002969943864611	2.1849824120409998e-06	8.820566558946459e-08	-0.0005670708748015	1.80864738633e-05	3.2712053680783405e-10	3.2156937704813853e-07	-0.0005804197553436	-7.360258789999938e-08	3.3688709239312454e-07	5.417340945577136e-15	0.0	0.0	0.0	0.0	0.0	0.0	0.0	0.0
823.6484360316433	-1.953911874545156	678396.746177372	3.8177716134885658	1325.6841367440395	-2.1238104223727987	1757438.4304147891	4.5105707101793255	830.6758582340414	1.8430109838744784	690022.3814528611	3.396689486681973	971.0420700272203	898.100937476786	1.354045	26.506294	0.0477298986891171	0.0195791247610421	0.1144487391	-0.0649229261	0.2086677459	0.121899327	0.0735002356	0.0989197009	0.2101832372	0.1304396871	-0.0860812398	-0.1964604462	-0.011381694	-0.0569977363	-0.0319053696	0.0541355813	-0.0275380249	0.0735701402	0.0389030384	-0.0821273313	-0.0933435885	0.1208282398	0.1728139813	-0.1742999927	-0.0920524855	0.1282547056	0.1277566576	-0.129470776	-0.1145161755	0.0861999854	0.0475497466	-0.1647941324	0.0209554026	0.2459821878	0.1037037589	0.0402606712	-0.0020237756	0.1032109479	-0.0120145941	-0.0743550322	0.2300543282	0.2061293448	0.0729654333	-0.0059134321	-0.0151309299	-0.1953744563	0.0896908759	0.1056517265	0.1829705052	-0.0386127609	0.1127344814	0.1063168805	-0.0703294193	-0.0502483981	0.0482444379	-0.0199345008	-0.0425741049	0.1122023496	0.0148881794	0.0086167697	0.0839371122	0.2346047557	0.0907579932	-0.1119224815	0.0371774307	0.0084126145	-0.0982547983	-0.0777132469	0.0720900122	-0.2128857238	0.0306524426	-0.0516241801	0.126366028	0.063944977	-0.0724085795	-0.0276626167	-0.1436796624	0.0051095839	0.1867848258	-0.0242122438	-0.1432198145	-0.0683482029	0.0144062958	-0.0842486532	0.1527686178	0.0301958611	0.0258476451	-0.0147181018	-0.157732869	-0.153366806	0.1532882396	0.0196862541847622	0.0099200677197473	0.000387548603827	9.840774356437238e-05	-0.1020846473338252	-0.0099052869190359	0.0104212752212714	9.811470894842376e-05	-0.0302564051820866	0.0064087917540688	4.1072611747021504e-05	0.0009154500545425	-0.0012582294091317	0.0002199391915499	1.5831412460039066e-06	4.8373247979623615e-08	-0.000652056252187	-8.498537738550001e-05	7.222514369355856e-09	4.251773560161566e-07	-0.0007054102323335	-0.0001249904769899	4.976035958808025e-07	1.5622619338162722e-08	0.0	0.0	0.0	0.0	0.0	0.0	0.0	0.0
