global_signal	global_signal_derivative1	global_signal_derivative1_power2	global_signal_power2	csf	csf_derivative1	csf_power2	csf_derivative1_power2	white_matter	white_matter_derivative1	white_matter_power2	white_matter_derivative1_power2	csf_wm	tcompcor	std_dvars	dvars	framewise_displacement	rmsd	t_comp_cor_00	t_comp_cor_01	t_comp_cor_02	c_comp_cor_00	c_comp_cor_01	c_comp_cor_02	c_comp_cor_03	c_comp_cor_04	c_comp_cor_05	w_comp_cor_00	w_comp_cor_01	w_comp_cor_02	w_comp_cor_03	w_comp_cor_04	w_comp_cor_05	w_comp_cor_06	w_comp_cor_07	w_comp_cor_08	w_comp_cor_09	w_comp_cor_10	w_comp_cor_11	w_comp_cor_12	w_comp_cor_13	w_comp_cor_14	w_comp_cor_15	w_comp_cor_16	w_comp_cor_17	w_comp_cor_18	w_comp_cor_19	a_comp_cor_00	a_comp_cor_01	a_comp_cor_02	a_comp_cor_03	a_comp_cor_04	a_comp_cor_05	a_comp_cor_06	a_comp_cor_07	a_comp_cor_08	a_comp_cor_09	a_comp_cor_10	a_comp_cor_11	a_comp_cor_12	a_comp_cor_13	a_comp_cor_14	a_comp_cor_15	a_comp_cor_16	a_comp_cor_17	a_comp_cor_18	edge_comp_00	edge_comp_01	edge_comp_02	edge_comp_03	edge_comp_04	edge_comp_05	edge_comp_06	edge_comp_07	edge_comp_08	edge_comp_09	edge_comp_10	edge_comp_11	edge_comp_12	edge_comp_13	edge_comp_14	edge_comp_15	edge_comp_16	edge_comp_17	edge_comp_18	edge_comp_19	edge_comp_20	edge_comp_21	edge_comp_22	edge_comp_23	cosine00	cosine01	trans_x	trans_x_derivative1	trans_x_power2	trans_x_derivative1_power2	trans_y	trans_y_derivative1	trans_y_power2	trans_y_derivative1_power2	trans_z	trans_z_derivative1	trans_z_power2	trans_z_derivative1_power2	rot_x	rot_x_derivative1	rot_x_power2	rot_x_derivative1_power2	rot_y	rot_y_derivative1	rot_y_derivative1_power2	rot_y_power2	rot_z	rot_z_derivative1	rot_z_power2	rot_z_derivative1_power2
1215.749453558297	n/a	n/a	1478046.733827298	1506.8272418091628	n/a	2270528.336658209	n/a	1179.3621716621594	n/a	1390895.1319476848	n/a	1233.9667055507666	1089.7693246192375	n/a	n/a	n/a	n/a	-0.2124010281	0.0498742309	0.2215029402	0.2420287789	0.0308371925	-0.0160775682	-0.0804714499	0.1251632028	-0.0547844761	-0.0583915805	0.0735672844	-0.1690802181	0.140293044	-0.13945778	0.0707058391	-0.0280227406	0.0612913662	-0.0573098937	0.0044583086	-0.0255747771	0.0159646633	-0.0115395367	0.100087756	-0.2034201684	0.1543903704	-0.0883659802	-0.1057560966	0.1345725424	-0.0053202323	-0.1150411773	-0.0279356649	0.0718196602	-0.233195322	0.0678702636	-0.0243680161	0.0186951631	-0.0549695893	0.2032276503	-0.0551448492	0.0995928583	-0.0566830193	0.1076484692	-0.2002230852	0.0066479438	-0.0165391508	8.08798e-05	0.1555440289	-0.200621124	-0.0624447212	0.1622628896	-0.0435745616	0.1296908837	-0.2376753372	0.1161034074	-0.0501640871	0.0343763293	-0.0195442654	0.1913711933	-0.055821021	0.1521976182	-0.1452768957	0.201606437	-0.0119001373	0.0357412717	-0.0295990315	0.1153457778	-0.1408326108	0.0745253953	0.2381656831	-0.1149300435	0.1521867627	0.1286387481	0.153366806	0.1532882396	-0.0204247942131274	n/a	0.0004171722186486	n/a	-0.0361897699928448	n/a	0.001309699452135	n/a	0.0776149444441358	n/a	0.0060240796010662	n/a	-0.0005339999084451	n/a	2.851559022193752e-07	n/a	0.0002369996458502	n/a	n/a	5.616883213312023e-08	6.324706351999505e-08	n/a	4.000191043902289e-15	n/a
1218.5570689766278	2.80761541833067	7.882704337248103	1484881.33035291	1510.2815529526465	3.4543111434836646	2280950.369189057	11.932265475995422	1180.976334791917	1.6141631297575714	1394705.10333855	2.6055226094687582	1235.7677681616658	1099.8814115902576	1.210374	22.08223	0.0852375997137944	0.0513822117045523	-0.1955562817	0.1068772393	0.006608521	0.1772735192	-0.0267874828	-0.0285268382	-0.0830645348	-0.050535357	-0.0713315562	-0.1966270214	0.0329157122	-0.1128064226	-0.0430826285	0.1810236552	0.0618433936	0.0396922395	-0.1588865609	-0.0320480729	-0.0169677677	0.0504123623	0.1380230535	-0.0053429643	-0.0132570386	0.0542520477	0.1737187491	0.078661965	0.0499638893	0.1431248683	-0.0749738143	-0.1587885212	0.109686936	0.0189677522	-0.1604176526	-0.0781180457	0.1729675498	-0.0205909448	0.1072197407	0.0522675349	-0.0030262737	0.0393146326	0.073130745	-0.217078613	-0.0184126149	-0.1473961386	-0.0456574389	-0.220234222	-0.1535430417	-0.1162417592	-0.19116422	0.0725492197	-0.2262543875	0.1318813063	-0.0030650764	-0.0600794538	-0.1195374163	0.068065975	-0.0248575035	0.1607747005	-0.1180068031	0.026355978	-0.0410133762	0.1616170691	-0.139490178	0.0767076411	-0.033345462	-0.1624265164	-0.0911295533	-0.1535058415	0.018271285	0.1295295488	0.0467769519	-0.2752397767	0.1531573254	0.1524510324	-0.0181058256471402	0.0023189685659871	0.0003278209223646	5.377615210036727e-06	-0.0789115243664042	-0.0427217543735593	0.0062270286778296	0.0018251482967547	0.063365992998527	-0.0142489514456088	0.0040152490686893	0.0002030326172993	-0.0002100170472029	0.0003239828612422	4.410716011582512e-08	1.0496489437868266e-07	0.0002079825570671	-2.901708878310001e-05	8.419914414463084e-10	4.325674404416951e-08	0.000166021803611	0.0001659585565474	2.7563239274249456e-08	2.754224249132312e-08
1220.4177105885558	1.8606416119280311	3.461987208038142	1489419.388318212	1517.5924567418383	7.310903789191798	2303086.8647597283	53.44931421481899	1181.6334395449385	0.6571047530214855	1396257.5854508018	0.4317866564434275	1235.2160745452525	1094.266574154816	1.187804	21.670464	0.0636130461263818	0.0387030350851841	-0.1629695875	-0.042414816	-0.0304777966	0.1421090219	0.0190767727	-0.1191979457	0.1995193402	0.1307905942	0.0742980165	-0.028597834	0.0405764865	-0.0503298542	-0.0855401781	0.0788411949	-0.1177215996	-0.0947453829	-0.0819446027	0.0345339014	-0.0572222923	-0.0296960054	-0.0157046976	-0.0974761237	0.002680733	0.0350771314	-0.0797131122	-0.06305236	0.0417987052	-0.0825145514	0.0966818204	-0.0547098491	-0.0340728468	0.0607566226	0.0713531796	-0.0929683489	0.1683415717	0.0181691669	0.0548333491	0.1694061454	-0.1098532952	-0.0840199388	0.08841488	0.0872777736	-0.1645751369	-0.0348180618	-0.1435435048	-0.0897773858	0.0339652938	0.2323698689	0.0248958957	0.0080871304	-0.2741504248	-0.0025959766	-0.0162747717	-0.0682278347	-0.046308519	0.1857815249	-0.0220183388	0.0939490011	-0.1072911067	0.1265186185	-0.1039939135	0.2181184655	-0.0224894931	0.0103979625	0.076404289	-0.3125852277	0.1029175805	0.1888285189	-0.0745514924	-0.0189015742	-0.12373331	-0.0011410041	0.1527386503	0.1507811905	-0.0165834381049592	0.001522387542181	0.000275010419381	2.3176638285879107e-06	-0.0425977092703533	0.0363138150960508	0.0018145648350815	0.0013186931668301	0.0556899574291804	-0.0076760355693465	0.0031013713584639	5.892152206187411e-05	-7.800117489696176e-05	0.0001320158723059	6.0841832853064175e-09	1.7428190540697788e-08	0.0001249992040581	-8.2983353009e-05	6.886236876616309e-09	1.5624801015158524e-08	1.900487054987168e-05	-0.0001470169330611	3.6118510461738e-10	2.1613978606700293e-08
1221.1162181811285	0.698507592572696	0.4879128568817035	1491124.818304981	1507.8064528711584	-9.786003870679906	2273480.2993199048	95.7658717569621	1182.1247848119492	0.491345267010729	1397419.0068666972	0.2414201714138446	1234.304452245525	1094.9287341840582	1.129787	20.611982	0.161105253464672	0.0855040691079334	-0.1499775828	-0.118948565	0.0367766858	0.1286842392	0.1051411192	-0.0091581145	0.0029980779	0.0183556352	0.0569233527	0.0844700358	0.0546888256	0.0688344925	-0.0100628668	0.0669237823	0.0523925879	0.0104638129	0.1688315992	0.0978222932	-0.0414272264	0.0971651021	-0.0718408343	-0.108607262	0.1145163241	0.0291804471	-0.0655668429	-0.1014160447	0.1245802961	0.0503351639	-0.1465274974	-0.0148604843	-0.1384513925	0.0920380596	-0.0381578238	0.0016785424	-0.031723589	0.0495224387	0.1742169992	0.0945326349	-0.2261170719	0.0065843246	0.1863210893	-0.107834074	-0.0145890399	0.0101299244	-0.0240702548	-0.0580093556	0.0295369139	0.0437788548	0.0848355666	0.1158321333	-0.0271598798	-0.0965741743	-0.1656171005	-0.0149520427	-0.0630494796	0.0704929475	-0.2848015756	0.0143378006	-0.0512843546	0.0319019468	-0.1695139652	-0.0349808804	-0.1535603471	0.0063837713	0.0090687072	-0.0807808536	0.1728139656	-0.0214235693	-0.1058113631	-0.0352563877	0.2223447834	0.0606062957	0.1521113526	0.148287834	-0.0168029439542038	-0.0002195058492446	0.0002823389255281	4.818281785259308e-08	0.0196077834722387	0.062205492742592	0.0003844651726941	0.0038695233273486	0.0118896746053565	-0.0438002828238238	0.0001413643622212	0.0019184647754469	-0.0009580040796971	-0.0008800029048001	9.177718167162874e-07	7.744051124566811e-07	5.042238133423638e-05	-7.457682272386362e-05	5.561702487586581e-09	2.542416539415149e-09	0.0001620245840061	0.0001430197134562	2.6251965822349757e-08	2.0454638437101652e-08
1221.9910489325791	0.874830751450645	0.7653288436837002	1493262.123671345	1514.5751080039322	6.768655132773802	2293937.757785123	45.81469230642513	1180.8583225348057	-1.266462277143546	1394426.3778997152	1.6039266994276162	1235.582923038629	1106.1050440364193	1.030805	18.806147	0.1176386487827477	0.0573340694066491	-0.0938261102	-0.0781932183	0.1254785523	0.0974869797	0.1059627974	-0.008672053	-0.1026089666	0.0314923927	-0.0539691009	0.0141930397	0.04023663	-0.0030171441	0.1172407126	-0.030638716	0.059606274	-0.1868296973	0.0943003553	0.0381900099	0.0705760352	-0.0504964691	-0.1091635261	0.1706670401	-0.2778966392	0.131028987	0.0628126899	-0.1355582615	0.0985823864	-0.0365276248	0.0363603163	-0.0250312873	-0.1330973267	-0.0038947918	-0.1373962062	0.0504626846	-0.0097823846	-0.0746303492	0.1942200245	0.1252454585	-0.0358135267	-0.0692099903	0.0226016777	0.089470825	-0.1992037403	-0.0476895974	0.0584155036	-0.0321073462	-0.0507900112	0.1189318059	-0.0840905116	0.0559040305	-0.0613916459	-0.0006868443	-0.2024293793	-0.0661729994	-0.1451733776	0.0315100961	-0.1147612387	0.1129796374	0.0675467244	0.012928551	-0.0590261673	-0.0601297893	0.1056053588	0.1908586958	-0.0148706561	0.1523166645	0.0199257611	-0.2364061748	-0.1298512815	-0.1132916995	-0.0773328452	0.1291870555	0.151276289	0.1449845808	-0.0167209109315535	8.203302265030049e-05	0.0002795888623809	6.729416805144713e-09	-0.0224278085871816	-0.0420355920594203	0.0005030065980232	0.0017669909997859	0.0425857013390071	0.0306960267336505	0.0018135419585351	0.0009422460572329	-0.0005170022262238	0.0004410018534732	2.672913019203653e-07	1.9448263476688598e-07	-0.0002199942357181	-0.0002704166170523	7.312514677802998e-08	4.839746374919095e-08	-2.3056884808795e-05	-0.0001850814688148	5.316199370860417e-10	3.4255150098678954e-08
1223.7247381093068	1.7336891767276938	3.005678161502749	1497502.2346606916	1530.723252656444	16.148144652511746	2343113.6762231234	260.7625757184437	1179.4869642991289	-1.3713582356767802	1391189.4989515746	1.8806234105585315	1234.6500643255706	1127.4305992922853	1.042828	19.025496	0.0904877419526128	0.0453949386982281	-0.0357180636	-0.0057393187	0.1450672257	-0.0141701627	0.0846090082	-0.0561291047	-0.1461897635	0.0590104319	0.0374103931	0.1445259772	0.0129262262	-0.1505041173	-0.0688557036	0.0331763666	0.0215275726	-0.1045940198	0.0269468624	0.1291531949	0.0060327136	0.1710365858	-0.0335828433	0.067501295	0.1455969386	0.0392855016	0.0114106841	-0.0417093608	-0.1511047502	-0.2746578979	0.0549945134	0.0680369829	-0.0695211512	0.0948608926	-0.0348420867	0.1264938321	0.0820823804	-0.0669648392	0.1040127174	0.0254530962	-0.0148524833	-0.1117856569	-0.0770461365	-0.0416399801	-0.0028742575	-0.0827477905	0.1812177067	0.1024458864	-0.0722984211	0.0184671583	0.0768127329	0.0007930194	-0.0251754267	0.0619725991	-0.160832325	-0.1860177217	-0.0806901592	-0.0081175864	0.0372854315	-0.0086335084	-0.0075506994	0.0973356699	-0.0414901688	-0.1061909226	0.1427211361	-0.1773848295	-0.0489659139	-0.0719106641	-0.0037930704	-0.0339664213	0.0588243193	0.0598597757	-0.0718060427	0.092868859	0.1502346003	0.1408894722	-0.0203553016691842	-0.0036343907376307	0.0004143383060434	1.3208796033775829e-05	0.0109338870608866	0.0333616956480682	0.0001195498862602	0.0011130027365143	0.0327374400798134	-0.0098482612591936	0.0010717399829793	9.698824982933544e-05	-0.0007769803182059	-0.0002599780919821	6.036984148793416e-07	6.758860831065327e-08	0.0002690569870225	0.0004890512227406	2.39171098464076e-07	7.239166226562574e-08	-0.0001468954562405	-0.0001238385714317	2.1578275064104653e-08	1.53359917742455e-08
1223.833038609897	0.1083005005900759	0.011728998428061	1497767.3063931337	1523.3033069332705	-7.419945723173441	2320452.9649138376	55.05559453483984	1179.706814236111	0.2198499369822002	1391708.1675551145	0.0483339947910774	1235.218263115145	1129.3587742449097	0.915568	16.703745	0.0764236490662928	0.0468925064134516	-0.0060303115	-0.0019463209	0.1733552636	0.0286703972	0.11012723	-0.0605077709	-0.0615248381	0.0629353911	-0.018167119	0.1489286973	0.0255218181	-0.0425180523	-0.1015167184	-0.0251846729	0.242133689	-0.0560558244	-0.04148878	-0.0946285763	-0.0859518455	0.0663140748	0.0024776462	0.0923410088	-0.0057402995	0.1271651312	-0.0109225393	-0.0853111679	0.0447224853	0.0554882668	0.1246784181	0.0648361205	-0.1091142582	0.1000990257	-0.031867581	0.2132419138	0.042109898	0.0776133536	0.0678775558	0.0188446546	0.0880247196	-0.0864307805	-0.1337109164	-0.0993130519	0.1264961247	0.1209479595	-0.0826435291	0.0811867372	-0.042173917	-0.0671077596	0.1270751705	0.0290974816	0.0837281389	0.0340076396	-0.1837884749	-0.0981122598	-0.0274328294	0.0500631338	0.0283213151	0.0159665021	-0.0213442442	0.126103671	-0.0575408182	-0.197954634	0.0589279807	-0.176340435	0.0316499804	0.0564440381	0.0723134044	-0.0503571518	0.0215530423	-0.0092491593	-0.0665467705	-0.027585568	0.1489877092	0.136024874	-0.0153242378195272	0.005031063849657	0.0002348322647494	2.531160345932551e-05	0.0514610985662926	0.040527211505406	0.0026482446656496	0.0016424548724039	0.0286162049731046	-0.0041212351067087	0.0008188871870627	1.6984578804769086e-05	-0.0007920062900676	-1.5025971861699948e-05	6.272739635066433e-07	2.2577983038859858e-10	-0.000172972900936	-0.0004420298879585	1.953904218486041e-07	2.991962445821527e-08	-6.906854397027907e-05	7.782691227022092e-05	4.770463766174373e-09	6.057028273516664e-09
1225.26011245594	1.4270738460431858	2.03653976206049	1501262.343175543	1521.093780315475	-2.209526617795518	2313726.2885144223	4.882007874746902	1181.7678913866353	2.06107715052417	1396575.349112414	4.248039020412833	1234.6087004396563	1130.2420946929549	0.975486	17.796911	0.0673070271637865	0.0468904566735847	0.0238825787	-0.0570508027	0.1109329814	-0.0330670126	0.0940261692	-0.0545677958	-0.1836133408	-0.0220494935	-0.0321134755	-0.0319925109	-0.0624390826	-0.1262828212	0.1150886237	-0.1667398143	0.0877675695	-0.0325338573	0.017956692	0.0420765953	-0.0598363721	0.116881767	-0.0540783819	0.0262319119	-0.142420347	0.0789820596	0.2931913812	0.0345679796	0.0888801135	0.1040988781	0.0412082489	0.0649532103	-0.0001371284	0.0464804137	-0.207786843	0.0894775201	-0.0726698855	-0.0258365467	0.0494780229	0.042941689	-0.0432454025	-0.0533255303	-0.0182807572	0.004149084	-0.0155174952	-0.1702808309	-0.1235419527	0.2232644957	-0.1929697337	-0.0642070907	-0.0652195716	0.0423065619	0.0899501304	-0.0140040223	-0.1643828163	-0.060141448	-0.023825367	0.0582612864	0.095027298	-0.0010231074	0.0173716872	0.0102892436	-0.0095479133	-0.1753796611	0.1126261828	0.2171112516	-0.0349239741	0.1817562796	-0.0678962599	-0.0041003332	0.0719237168	0.0553609062	-0.2644269504	0.0372183659	0.1475373187	0.1304173552	-0.014481895188851	0.0008423426306761	0.0002097252882608	7.095411074545009e-07	0.007310221561056	-0.0441508770052366	5.343933927172802e-05	0.0019492999403315	0.0335787494027641	0.0049625444296594	0.0011275324114536	2.4626847216344515e-05	-0.0005600008127845	0.000232005477283	3.136009103193007e-07	5.382654148935901e-08	-0.0001019930875643	7.09798133717e-05	5.038133906281362e-09	1.0402589910898969e-08	-2.502857266079413e-05	4.403997130948494e-05	6.264294494366512e-10	1.9395190729402566e-09
1227.9540422057962	2.6939297498561245	7.257257497159881	1507871.1297695544	1529.073046551635	7.979266236159901	2338064.381690698	63.6686896675214	1184.1124103252705	2.3445189386352467	1402122.2002863218	5.496769053619344	1237.097755711408	1146.1497953809128	1.011279	18.449917	0.078834864361186	0.039081165236614	0.090728616	-0.0558842304	0.0903449766	-0.0749023007	0.0968722631	-0.053790283	-0.1648010284	-0.0076661457	0.1670152636	0.0648743087	-0.1886310364	-0.0247357158	-0.0306325165	0.0180911759	0.1113570591	-0.0272951019	-0.1724978584	0.0333553783	-0.1121430641	0.0096038616	0.1492568248	-0.2807581179	0.1244336337	-0.0165270439	0.0546475495	-0.032938285	-0.1677551168	-0.0325440279	-0.1433890945	0.1422475884	-0.0147877727	0.0200163188	-0.0499865259	0.0198687849	0.1113785701	0.0369121331	-0.0908518529	-0.120284041	-0.0197721235	-0.1006450769	0.0240280075	-0.0342092942	0.0185326373	-0.1199292746	-0.1302119929	-0.1802464644	-0.0103972867	-0.085587885	-0.0038815399	-0.1423436521	-0.0262363496	0.0110925096	-0.0952714965	-0.0305328406	-0.0191050535	0.0492932293	0.197825958	-0.0461428671	0.0022021949	-0.1932039903	0.026587796	0.0384904097	0.2340908831	0.0246016418	-0.016263469	0.0416991346	0.039911768	0.2389692834	0.0881249768	0.0521348269	-0.2237328649	0.011035658	0.1458854101	0.124097542	-0.0031402299819518	0.0113416652068992	9.861044339549e-06	0.0001286333696653	-0.0201221731847596	-0.0274323947458156	0.0004049018536774	0.0007525362814902	0.0434417300944716	0.0098629806917075	0.0018871839136009	9.727838812499503e-05	-0.0004880149094856	7.198590329890003e-05	2.3815855188023838e-07	5.181970273758586e-09	9.792502644168088e-05	0.0001999181140059	3.996725230770837e-08	9.5893108036039e-09	0.0003070238843696	0.0003320524570303	9.42636655733975e-08	1.1025883421992173e-07
1230.1287204290263	2.174678223230103	4.729225374591238	1513216.6688243535	1528.152761497245	-0.9202850543899784	2335250.8624716555	0.8469245813335657	1182.443343985794	-1.669066339476558	1398172.2617363066	2.7857824455736764	1235.898197751672	1156.2375251594815	0.974672	17.782045	0.1152843472559159	0.0558393168578327	0.1456764193	-0.0105271562	0.101669356	-0.1523716857	0.0739013634	-0.1020386468	-0.0716007245	0.0424651582	0.0652223576	0.170896426	-0.165314026	0.0096725164	-0.079468799	-0.0913359708	0.1167706926	-0.017054767	0.0119653598	0.0574458719	-0.0700211307	-0.13562885	-0.0490122435	-0.3500954157	-0.036580624	0.0186556448	-0.2705010188	0.0437882063	0.0181985698	0.0017027043	-0.1262529038	0.2087042298	-0.0001069346	0.0439149895	0.0218894112	0.0989508381	-0.0176266277	0.0438717195	-0.1258204715	-0.2602968034	0.0314127897	-0.0574787023	0.0485663436	-0.0786870388	0.1314932542	0.149813751	-0.1207905012	-0.2482770468	0.0180025867	-0.0428342805	0.0957133318	-0.1202147659	0.1172318033	0.0287762254	-0.0829232728	0.0233899614	0.1442395005	0.0841447881	0.08994564	-0.1604511658	-0.0295284565	-0.1273056704	-0.0215293151	0.0643979289	0.0524575334	-0.1760425518	0.2078532484	-0.072980621	-0.0452924311	-0.0335363272	-0.2443804133	0.127438386	0.0749102598	0.03780092	0.1440342395	0.1170999511	0.0011172987722005	0.0042575287541523	1.2483565463607449e-06	1.8126551092433632e-05	0.013629168677312	0.0337513418620716	0.0001857542388346	0.0011391530774904	0.003174461549193	-0.0402672685452786	1.0077206127304822e-05	0.0016214529160975	-0.0009730109038445	-0.0004849959943588	9.467502190002908e-07	2.352211145441781e-07	4.275333880521259e-05	-5.517168763646829e-05	3.043915116656028e-09	1.827847978993297e-09	0.0005070203642625	0.0001999964798929	2.570696497768782e-07	3.9998591969551166e-08
1230.988969148539	0.8602487195125832	0.7400278594230391	1515333.8421653823	1535.670732106594	7.5179706093490495	2358284.597448802	56.51988208303612	1182.869860005175	0.426516019381097	1399181.1057086624	0.1819159147886963	1237.9303169187017	1162.283451948385	0.92243	16.828949	0.1153171393879375	0.0549233001581837	0.1519208461	0.0090940994	0.0765389817	-0.13934922	0.0465800009	0.0041075036	-0.1287036948	0.0391436021	-0.0962161194	0.0571945428	-0.0462725837	0.0878235293	0.0035879293	-0.194832336	-0.0477930013	-0.0462307572	0.1915112059	0.0246900205	0.1044471205	0.0476038577	-0.0409091625	0.0163443828	-0.062642682	-0.1086525198	-0.2100115807	0.1277202852	-0.0086928939	-0.0168772536	0.1011719132	0.1023159877	0.0072115456	-0.0304119498	-0.0254666578	0.1455376502	-0.1661796942	0.0229265815	0.0367549816	-0.1114804368	0.0537769701	-0.0164132189	-0.0241188048	0.0273464024	0.1029756872	0.1922775815	0.0898617904	0.0079544454	0.219475736	-0.1169872574	0.0469597479	-0.0371229716	0.2359676429	-0.0369872337	-0.0135718952	0.0230018105	0.0941031194	-0.0402106417	0.1026236882	-0.0953125345	0.0438235712	-0.0836224661	-0.0622744101	-0.0581408834	-0.1348239147	-0.1186740593	0.2162077269	0.0645791772	0.0952124294	-0.0720266621	-0.1040454422	-0.137383683	-0.129208405	-0.1662155791	0.1419863355	0.1094628008	-0.012486586959497	-0.0136038857316975	0.000155914853897	0.000185065707001	0.0414126755943158	0.0277835069170038	0.00171500969988	0.0007719232566071	-0.025263700823018	-0.028438162372211	0.0006382545792749	0.0008087290791082	-0.0010970087128878	-0.0001239978090433	1.2034281161517476e-06	1.5375456647538705e-08	-0.0001729653230138	-0.000215718661819	4.6534541056985527e-08	2.9917002965268175e-08	-6.309485221569274e-05	-0.0005701152164781	3.980960376120107e-09	3.2503136005997655e-07
1231.6227866309157	0.6338174823767986	0.4017246009664634	1516894.688548502	1535.8242044006752	0.1534722940812116	2358755.986822967	0.0235537450505499	1183.4463375776245	0.5764775724494484	1400545.2339258927	0.332326391537209	1237.6214086243792	1169.806702536183	0.96781	17.656857	0.1063457818162881	0.0710847513828858	0.1548638058	-0.0109989424	0.0781666002	-0.1392776169	-0.0120266981	0.0104555664	0.0010467916	0.0671318404	-0.0996106933	-0.0129928047	-0.0998381798	-0.0824905018	0.009301542	-0.011576944	-0.1476476422	-0.1256252928	-0.1324952099	-0.020799476	0.3696184552	0.0570092953	0.0353538968	0.105113817	-0.0267768742	-0.0078991064	0.0565356526	0.0641769134	0.0190690969	-0.0805966584	-0.1233827386	0.1142553137	0.085392132	-0.074479814	0.0026876189	0.0272483672	0.0023282655	-0.2035458546	0.0087633244	-0.0317757432	0.1835089677	-0.1230657864	0.1755268444	0.2026653422	0.0083704005	-0.1222449206	0.1477797023	0.0842987206	-0.0438814231	0.0686073568	-0.107478834	-0.1428601368	0.0552598805	-0.0146590136	-0.0124140646	-0.0808776883	0.0514563353	-0.0984068691	0.1337325844	-0.1485133806	0.0936852549	-0.0427070999	0.1723392589	-0.0021257083	-0.1677776698	0.0618920853	0.1136944576	-0.1108677515	0.0978630996	-0.0764114882	0.1504348855	-0.1580288148	-0.0052975075	-0.02925886	0.1397444952	0.1012278027	-0.0056818627555657	0.0068047242039313	3.2283564373084645e-05	4.630427149156847e-05	-0.0240493960192651	-0.0654620716135809	0.0005783734488914	0.0042852828199415	-0.0207878801645051	0.0044758206585129	0.0004321359617338	2.003297056717087e-05	-0.0006579979806366	0.0004390107322512	4.329613425218435e-07	1.927304230317348e-07	-0.000248004602211	-7.50392791972e-05	5.630893422435333e-09	6.150628271783636e-08	1.4918443141167907e-05	7.801329535686065e-05	2.2255994575625974e-10	6.086074252436775e-09
1233.7259339572825	2.103147326366752	4.423228676403618	1522079.680118769	1530.5368128896548	-5.28739151102036	2342542.9356104224	27.956508990810164	1184.1208037025908	0.6744661249663295	1402142.0777612696	0.4549045537270964	1236.2432410927263	1163.0563268323035	1.113155	20.308559	0.1321635383070418	0.0643312960188415	0.1899646463	0.0896257505	0.0074313477	-0.2069076934	-0.0801284396	-0.0946879575	0.1275854395	0.0521182634	0.144557784	-0.0288142098	-0.2189454295	-0.0282839618	-0.1710409178	0.0055323689	-0.101864333	-0.1342398495	-0.1124198716	-0.0257496123	0.0320397169	-0.0341620191	0.2155184459	0.0312031495	-0.1061927341	-0.0209096693	-0.1202810599	0.1802486506	0.0011947873	-0.0405605251	0.0240798758	0.1485135502	0.2020974584	-0.0628130565	0.1192137858	-0.0483676203	0.181134329	0.0889308628	-0.0846010733	-0.2067247216	0.1696843094	-0.0188182037	0.2284105168	0.0722539446	-0.0378317481	0.0496649832	0.1214074964	-0.1180859381	0.0101226715	-0.0390929407	-0.0520497099	-0.2465285912	-0.0150688874	0.093804083	0.0833549795	-0.1201720027	0.1066085499	0.0563798718	-0.1201439001	-0.1314083091	0.1868484591	-0.1957806349	0.1328645838	0.3001910267	-0.0727350806	0.0083134553	-0.0599413645	0.1371694927	-0.1930647135	-0.1157674839	0.039045581	-0.0200503217	0.0906696796	0.1069030075	0.1373117808	0.0924399334	-0.002150306440015	0.0035315563155506	4.623817785969983e-06	1.2471890009906033e-05	-0.0472329669863	-0.0231835709670349	0.0022309531703289	0.0005374779627835	0.0134989767419995	0.0342868569065046	0.000182222373081	0.0011755885565271	-0.0010580741485828	-0.0004000761679461	1.119520903899217e-06	1.6006094015851593e-07	0.0004598254834691	0.0007078300856801	5.010234301938976e-07	2.1143947524759162e-07	0.0003302432718739	0.0003153248287327	1.0906061861797865e-07	9.942974761532685e-08
1233.221623844945	-0.5043101123374072	0.2543286894057682	1520835.573518763	1524.9646683244516	-5.572144565203189	2325517.239637905	31.048795055523435	1184.8706881531284	0.7498844505375928	1403918.547644468	0.5623266891580674	1237.8035656616414	1159.61890914694	1.256946	22.93189	0.1702289939258665	0.0874503326261184	0.1784470694	0.1446057391	-0.1055249875	-0.1602104808	-0.1870888088	0.1287209792	0.0244343272	0.0702029444	0.0970961152	-0.0533083979	0.0137934871	0.1905471318	-0.0137038029	-0.1317850095	-0.0873301992	0.0458872745	-0.0442246916	-0.1410371089	-0.0545967963	-0.0794119971	-0.0049469303	0.1773411259	-0.1136796028	0.1103833961	-0.0743437024	0.0581783211	0.0077708158	0.0336648568	0.0570419262	0.0436909818	0.1326823285	-0.0992547282	0.2241913927	0.0453935969	-0.154109414	0.1422301672	-0.1388363785	-0.0064039123	-0.1559904688	0.1265612608	-0.1427135093	-0.0221814569	-0.0357868533	0.0564848883	0.1288947951	0.0137088919	-0.1055807621	0.1289988273	0.1218063003	-0.0979897478	0.1870954874	0.0878043572	0.1336271777	0.0805026796	0.1272800412	-0.0051675209	-0.2438431485	-0.0398182727	0.0094747493	-0.018052557	-0.0211518722	-0.1193332031	-0.0745304273	0.0478872727	-0.1281786415	-0.0073299626	0.0554993485	0.1905750205	-0.0917022425	-0.0003857767	-0.1044587709	0.1556363928	0.1346915149	0.0831471893	-0.0037857570836052	-0.0016354506435902	1.4331956696066948e-05	2.674698807619599e-06	0.0233187151547156	0.0705516821410156	0.0005437624764667	0.0049775398529269	-0.0272950814641461	-0.0407940582061455	0.0007450214721343	0.0016641551849263	-0.001422000574273	-0.0003639264256902	2.0220856332327413e-06	1.3244244331564464e-07	3.2016350793862e-05	-0.0004278091326752	1.830206540003394e-07	1.025046718155628e-09	-2.297722846296348e-05	-0.0003532205003368	5.27953027839219e-10	1.2476472185822417e-07
1231.5255947396515	-1.696029105293519	2.8765147260027346	1516655.2904988525	1538.664685584062	13.700017259610377	2367489.0146635	187.69047291362224	1181.7288226266191	-3.141865526509264	1396483.0102264956	9.871318986667331	1240.2293808567345	1172.4815962677958	1.189846	21.70771	0.1170466570256011	0.0596139047908279	0.124182511	0.1137515254	0.03226969	-0.0928644018	-0.0451397008	0.1313593175	-0.0182359913	0.1585090033	-0.2006880072	0.0253641939	0.0202574249	0.0255868843	-0.0941656277	-0.166534359	0.1196128498	0.0984174973	0.0615504129	0.055150578	-0.0481321592	0.1805788914	0.0291773668	-0.041098106	-0.1541901438	0.1709037929	0.0091765714	0.0713642738	-0.0196911989	-0.1014513894	0.0343705771	-0.0059720334	0.0304033594	-0.1132162554	0.0409816806	0.2179255135	-0.1650010852	-0.0240534071	0.0154908333	-0.053301178	-0.0241735507	-0.0912870426	-0.2715497857	-0.030113238	0.1137635543	0.1258969269	-0.0339103599	-0.0820742824	-0.0137921304	0.0902507276	0.0157810716	0.0124622774	0.2173167303	0.0350978066	0.00256605	0.0408315879	0.0438915061	-0.1405583266	-0.0023388322	-0.0720983034	-0.0278527565	0.0307642731	-0.0114646048	-0.0077633776	-0.2360599311	-0.1015635073	-0.0628714769	0.1503329161	-0.0999374959	0.0983526712	0.0507255733	0.0702908094	-0.0765373051	-0.1378054382	0.1318872767	0.0734003241	-0.0016510238543503	0.0021347332292548	2.725879767633721e-06	4.557085960085051e-06	0.0296900388330385	0.0063713236783228	0.0008814984059073	4.059376541395804e-05	0.026094906424916	0.0533899878890621	0.0006809441413251	0.0028504908067941	-0.0006289916513972	0.0007930089228757	3.956304975273768e-07	6.288631517606363e-07	-0.0001120450832763	-0.0001440614340701	2.075369678635163e-08	1.2554100686393005e-08	0.0001429646591703	0.0001659418876332	2.0438893771680043e-08	2.7536710071290644e-08
1231.4337007605263	-0.0918939791251887	0.0084445033994606	1516428.9593687656	1530.072067563897	-8.592618020164991	2341120.531939259	73.83308444046413	1184.6859282143096	2.957105587690421	1403480.7485090003	8.74447345674991	1240.347995789793	1168.848352197317	1.153515	21.044882	0.1685058686881888	0.1259598875231679	0.1139082506	0.0738436986	0.0555361961	-0.0618355098	-0.0978865106	0.0423640404	0.1071550952	0.1820804382	-0.1728850265	-0.1074760273	-0.1396446943	-0.1499691386	-0.0652637236	0.0844322347	-0.0405833162	0.1835379961	-0.0131811405	-0.1814159401	0.1666239208	-0.0465405511	0.0465618549	0.1893798479	0.017111727	-0.247786708	-0.101271857	-0.0860692656	0.0185493199	0.0375870243	0.1462210768	0.0282804083	0.1148218524	-0.1900172807	0.0001431262	0.0493592761	0.1313185646	-0.3111597584	-0.0260829724	0.0734821872	0.2135628478	0.1281361273	-0.025531567	0.005146551	-0.0010454598	0.0175992061	0.1096464816	0.1227291198	0.2780443523	0.0276771757	-0.2088549203	-0.200827491	-0.0720195612	0.0857045444	0.0116349326	0.0412160188	0.0141386503	-0.2570584177	0.1423210251	-0.0560673078	-0.0274523833	-0.045905796	0.1437533593	-0.0332531597	-0.1425856918	0.074200631	-0.1413061452	-0.177730798	-0.0156709703	-0.0010322989	0.2733056423	0.0380367651	0.130686546	0.014040526	0.1289028963	0.0632525717	-0.0012839197451484	0.0003671041092019	1.648449911981932e-06	1.3476542699292065e-07	-0.0922029087301439	-0.1218929475631824	0.0085013763782992	0.0148578906656407	-0.0057265575255627	-0.0318214639504787	3.2793461093578794e-05	0.0010126055679516	-0.0006910007354235	-6.200908402629994e-05	4.774820163558179e-07	3.845126501780726e-09	3.197922628617178e-05	0.0001440243095624	2.0743001744946696e-08	1.0226709138621802e-09	6.051099145255417e-05	-8.245366771774583e-05	3.661580086571084e-09	6.798607320108441e-09
1230.6100799851424	-0.8236207753839153	0.6783511816440019	1514401.1689610386	1513.931724497814	-16.140343066083005	2291989.266440925	260.51067429085373	1184.404508933043	-0.2814192812666078	1402814.0407809226	0.0791968118686141	1237.0702667744108	1145.195513500301	1.233941	22.512188	0.1185962688710356	0.0800701789110272	0.1041525656	0.1748144021	-0.0714404365	-0.0675980575	-0.1724723033	0.1005294959	0.0438701191	0.0552884908	0.1140006832	-0.0577166096	0.095500465	0.0973864206	-0.1836707447	-0.0360071825	-0.2485596771	0.2485405659	0.1120356998	0.0301450228	-0.066235118	-0.1820921478	-0.188802883	0.0653185997	-0.1245676521	-0.1663203489	0.1948117188	-0.0275394639	0.0186324355	-0.1294074247	0.0051665384	-0.0165970259	0.1545819595	-0.0294292891	0.1942095772	0.026612575	0.0054303991	-0.0391855713	-0.1185897499	0.0818183302	-0.0042024048	0.3398807591	-0.0698496126	0.0404026649	-0.2540764459	-0.0373054617	0.0238304664	0.0942362489	0.2198686598	-0.0976903076	0.105508611	-0.0970312738	0.0096410524	0.167957208	0.1818872184	0.1658795456	-0.0377741507	-0.0123925523	-0.1665272489	0.0252329302	-0.1360010593	-0.0538392032	0.0857667187	0.0930734384	0.0053711703	-0.1295956565	-0.1270763698	0.135093252	0.0331760197	0.0081468569	0.0483391674	-0.1592538504	0.0888683337	-0.1659720774	0.1257424501	0.0527593557	0.0034501246856848	0.0047340444308332	1.190336034677164e-05	2.2411176673102837e-05	-0.0240299954052289	0.068172913324915	0.0005774406791753	0.0046475461112063	-0.0096908202908139	-0.0039642627652512	9.39119979088504e-05	1.571537927195709e-05	-0.0014110070222229	-0.0007200062867994	1.990940816762336e-06	5.1840905303066e-07	9.291955410795084e-05	6.094032782177906e-05	3.7137235550258995e-09	8.634043535620404e-09	0.0001140653438321	5.355435237954583e-05	1.3010902663535194e-08	2.868068658792566e-09
1228.2471294807106	-2.362950504431865	5.583535086394805	1508591.0110776054	1525.4642123797082	11.532487881894212	2327041.0632512434	132.99827674603685	1185.5006507808328	1.096141847789795	1405411.793001778	1.2015269504760262	1241.146786351767	1144.9537344556263	1.176482	21.463894	0.0867114586364526	0.0437004037112052	-0.0184562578	0.1318212182	-0.1875461618	0.032414443	-0.1035996974	0.170574194	0.0192366954	-0.0749459299	-0.0296950345	-0.0903469324	0.151411951	0.2562606253	-0.175833049	-0.0337756868	-0.082168855	0.157773602	0.1242419502	-0.0402380068	0.1028936881	-0.1550492118	0.0827139923	-0.0028604777	0.0282000613	-0.0795156506	-0.0080638661	0.0579358269	-0.1002388006	0.1160926687	-0.1221568347	-0.1766115876	0.0488082587	-0.0815013664	0.1421791612	0.0056368924	-0.091959558	0.0543381004	0.0578876565	-0.1964590499	-0.068373674	0.2294481476	0.0670159598	-0.0348057767	0.0959003347	-0.0468876749	-0.0905873786	0.0105996945	0.0501667067	0.181010173	0.0638114989	0.0892598989	0.0636969574	0.0610955992	0.1863926354	0.1407553723	-0.1857722111	-0.0289316619	-0.0670415086	-0.0298938206	0.0003561216	-0.0350201344	0.0296249716	-0.1215427601	-0.112899975	-0.0528130715	-0.0438944372	-0.085882928	0.0894677899	0.0809298397	0.0306410344	-0.0012006305	0.0956463164	-0.0455739188	0.1224102548	0.0419779864	-0.0141249363458655	-0.0175750610315503	0.0001995138267747	0.0003088827702627	0.0078961550915721	0.031926150496801	6.234926523016001e-05	0.0010192790855443	-0.0211031085291892	-0.0114122882383752	0.0004453411895947	0.0001302403228357	-0.0010890048173813	0.0003220022048416	1.1859314922796785e-06	1.036854199228518e-07	3.2010496298973123e-05	-6.090905780897772e-05	3.7099133231773893e-09	1.024671873306572e-09	-1.898257091184326e-05	-0.0001330479147439	3.6033799842315785e-10	1.7701747617711595e-08
1225.6635165149328	-2.5836129657777747	6.6750559569350285	1502251.055715751	1518.886494213382	-6.577718166326122	2307016.1823038184	43.26637627561668	1185.7599651630107	0.2593143821779904	1406026.6949833846	0.0672439488043528	1242.7178432826393	1126.9159249801476	1.036467	18.909443	0.1515445900244916	0.0748135304960268	-0.1042913044	0.071515476	-0.13295173	0.1087002538	-0.0572547235	0.1875561332	0.0389348882	-0.0946555266	0.0069126612	-0.1105610892	0.1688423314	0.1104730689	0.0299735994	0.0847058537	0.1150412333	-0.0944496466	0.0983927779	0.0520649669	0.1489637233	-0.1282877013	-0.0738387002	-0.0750699499	0.1322548463	0.0022746412	0.0457590192	0.0003866841	0.0815066525	-0.0316973581	0.0404840488	-0.2364490203	-0.0061584398	-0.1364685848	0.0033622699	0.0061821315	-0.0010111493	0.0100715783	0.1252168179	-0.2242823613	0.1058962775	0.0647225109	0.0082379413	0.085115738	0.0891041384	-0.0678340477	-0.0232447881	0.0836015355	0.0160611829	0.0561846875	-0.0938542592	0.1603119167	-0.0258156232	0.0416906228	0.1521218568	0.0828348946	-0.1744680349	-0.0537007885	0.0558912831	-0.0858219873	0.1345986209	-0.0239328723	0.0786039812	0.0193365105	-0.0337499553	0.0898365911	0.0054747695	0.1386456647	0.1283603451	0.0594762848	-0.1133911211	-0.0556741055	-0.0677894912	-0.0947349766	0.1189108618	0.0309673479	-0.0088049444635913	0.0053199918822742	7.752704700692707e-05	2.83023136274634e-05	-0.0204759481743366	-0.0283721032659087	0.0004192644536381	0.0008049762437313	0.0318495196663946	0.0529526281955838	0.00101439190298	0.0028039808328197	-2.20034354926238e-05	0.0010670013818886	4.841511734780567e-10	1.1384919489523446e-06	3.1997649512893744e-05	-1.2846786079379058e-08	1.6503991256932754e-16	1.023849574349989e-09	0.0002120005340279	0.0002309831049397	4.494422642811479e-08	5.3353194767604455e-08
1222.7046910973515	-2.958825417581238	8.754647851724787	1495006.76163147	1515.6198227231866	-3.266671490195449	2297103.4470314635	10.671142624855756	1180.3701657026245	-5.389799460386257	1393273.7280808412	29.04993822317999	1237.4029722546975	1111.0388349441496	1.032614	18.839159	0.1361237597565259	0.0682150616417796	-0.1272078032	0.1010608983	-0.1077232269	0.1569045496	-0.0880241778	0.0785990655	0.0137450969	-0.0822816746	0.0682012546	0.0059435596	0.1562803082	0.0521143584	-0.0588185238	0.0162403752	0.1367082433	-0.0745891414	0.0372474081	0.163228786	-0.0936728788	-0.200894801	0.12543947	0.0951653625	0.2568454338	0.0015719631	-0.0390221351	0.1140319364	0.1376371957	0.0316835635	-0.0007562135	-0.172816214	-0.0498764598	0.0938470401	0.0779311558	-0.000451544	0.0410367091	0.0467075123	-0.0476014322	-0.1974281053	-0.0337136626	0.0648150093	-0.0700521526	0.0295450566	0.0571963658	0.1497002365	-0.0932089388	0.1463129563	-0.190439023	0.0177489965	0.1510004906	0.0958203265	-0.035779529	0.0643591265	0.1540376449	0.1383904916	-0.0999593366	-0.0057950267	0.0633325802	0.045188246	0.0551130086	-0.1037939402	0.0266340159	-0.1436582901	-0.0905295047	-0.1819789878	0.1092264346	-0.0283715023	-0.0150164463	-0.0092869479	-0.0992982673	-0.0085440984	0.026882895	-0.0236602404	0.1152490509	0.0197875765	0.0050358398277126	0.0138407842913039	2.535968277037647e-05	0.0001915673097984	0.0188616518104112	0.0393375999847478	0.0003557619090171	0.00154744677256	-0.0070920756993047	-0.0389415953656993	5.029753772466825e-05	0.0015164478496258	-0.0008950035056309	-0.0008730000701382	8.010312750916005e-07	7.621291224614352e-07	3.190824855137109e-05	-8.940096152265654e-08	7.992531921175514e-15	1.018136325616075e-09	0.0002050144028322	-6.9861311957000055e-06	4.2030905368643575e-08	4.880602908353279e-11
1224.6093207042193	1.9046296068677293	3.627613939357121	1499667.9883556494	1510.9622746145487	-4.657548108637911	2283006.995308371	21.692754384276583	1183.172346587874	2.802180885249527	1399896.8017302563	7.852217713657822	1238.512428220219	1114.3883838693384	1.067719	19.47962	0.1095383007686737	0.0481794409085307	-0.0848891966	0.0325856209	-0.1191650032	0.0770953619	-0.1042351114	-0.1072775664	-0.063379669	-0.1533741085	-0.0814559123	-0.0857822645	0.1419242116	-0.0019036244	0.0871721311	-0.0214983001	0.0792249967	-0.1392007599	0.0216928988	-0.0512332946	0.0005758666	-0.160005564	-0.0369043386	-0.0742328581	0.0635943582	-0.1394519177	0.1288167626	-0.0026254506	-0.0474416338	0.0002938071	-0.0838477047	-0.1286792823	0.0371289794	0.0711451074	-0.0966849638	-0.1291249709	-0.0331916102	0.078666413	0.0591220483	-0.087162118	0.038029843	-0.0033033033	-0.1309918605	0.1594357066	-0.2025413177	0.0976100801	-0.0973617665	0.0303595335	0.0006305032	-0.103407898	-0.0810800435	0.1507153572	0.004698096	-0.0220622481	0.115797315	0.0965181808	-0.0010748949	0.1356338081	0.1637018788	0.0557316946	0.0997150897	0.195659368	0.2084870344	-0.0064435774	0.030270529	-0.0243739778	-0.0107444409	0.0623320768	-0.0913765652	0.0636525841	-0.1606219285	-0.0110065236	0.035950875	-0.0285941192	0.1114298236	0.0084997322	-0.0092159178524866	-0.0142517576801992	8.493314186378122e-05	0.0002031125969751	-0.0077380638078778	-0.026599715618289	5.987763149478828e-05	0.0007075448709738	0.015840082472863	0.0229321581721677	0.0002509082127471	0.0005258838784333	-0.000335997378278	0.0005590061273529	1.1289423820968945e-07	3.124878504180867e-07	0.0001480059948577	0.0001160977463063	1.3478686697408712e-08	2.1905774513817523e-08	-3.49751094689283e-05	-0.0002399895123011	1.223258282363518e-09	5.759496601453341e-08
1228.4967577080422	3.887437003822925	15.112166458691757	1509204.283699172	1522.8731782420582	11.91090362750947	2319142.7170090675	141.86962522381825	1184.3597179967114	1.1873714088374072	1402707.9416132497	1.4098508625245292	1239.3150047771942	1138.1256499161054	1.086222	19.817177	0.0582541275875008	0.0292749850172043	-0.0053619933	-0.0754586664	-0.161939757	0.0014382946	-0.0547702287	-0.049408159	0.1182743704	-0.0934984516	0.0054676059	0.0385283739	0.0376069155	0.0366722942	0.1530453134	0.2407162831	-0.1749089587	0.0921484674	-0.1157921326	-0.0179222723	0.007264855	0.1344014029	0.0917267566	-0.0826681676	-0.1364943011	0.1622548505	0.0006735442	-0.1041357168	-0.1474295322	-0.0791350808	0.0181827482	-0.0162677205	0.0025927236	0.0524867823	0.0307008573	-0.2177388806	0.0353172956	0.097863988	-0.0624867692	0.0542228321	-0.0014337484	-0.0123185158	-0.1539429639	-0.0528849173	0.0665338243	-0.0718461545	0.2214126387	-0.1336811327	0.1270230827	0.1124589668	-0.0388450569	0.0410779584	-0.0511205451	-0.1387510709	0.1527103016	-0.125429561	0.1138074212	-0.0057632578	0.1219435549	-0.0698635471	-0.0231118594	-0.0206329789	-0.0232641707	-0.0252058454	0.0937612755	0.0813158413	-0.1958062349	-0.0788388626	-0.0920886973	0.0050624537	0.0084493833	-0.1056275025	-0.0269771553	0.0246671516	0.1074583966	-0.0028345346	-0.0070509814234895	0.002164936428997	4.9716339034394014e-05	4.686949741598712e-06	-0.0034277264254427	0.0043103373824351	1.174930844767819e-05	1.857900835041747e-05	-0.0095915592778368	-0.0254316417506998	9.19980093802572e-05	0.0006467684021359	-0.0005640008017024	-0.0002280034234244	3.1809690432095e-07	5.198556109324625e-08	-0.0001289960688646	-0.0002770020637223	7.673014330641319e-08	1.6639985782520632e-08	-1.3036356108250596e-05	2.1938753360677707e-05	1.6994658058112264e-10	4.813088990206472e-10
1227.5302630797926	-0.9664946282496204	0.9341118664353716	1506830.5467767448	1519.5317063489497	-3.341471893108519	2308976.6065997505	11.16543441243423	1184.609866672092	0.2501486753806148	1403300.5362168716	0.0625743597946762	1240.460319544432	1129.0106960368305	0.984912	17.968878	0.0749458493665137	0.0412336979057287	-0.0184071898	-0.0249405921	-0.1508617881	0.044195879	-0.0311072167	-0.0119549448	0.1554799655	-0.0830227149	0.0797234672	0.0838793736	0.0926646831	0.0612847906	0.1253104246	0.0362232995	-0.0497133149	-0.0060047661	-0.0418094691	-0.0865217353	-0.1905303933	0.1160713522	0.0427162559	-0.0117013004	0.1115291619	-0.1030267515	0.0766734622	-0.1475427821	0.0339595392	0.0479766644	-0.0460364303	-0.0502716597	-0.0683926959	0.062815692	0.1667347848	-0.1255584455	-0.0914815234	0.0553234877	-0.1222762614	0.0522588453	0.001436867	-0.1158093689	-0.0340561418	-0.0760383615	0.0604745874	0.0642721808	0.0186294246	0.0087805025	-0.0979895678	-0.3695213723	0.1436857356	0.0111397924	-0.0104619727	-0.0642212729	0.1860779731	0.0692668135	0.0842512019	0.0965953088	0.0822038088	0.0313998354	-0.0353999614	0.1471486871	-0.0107307082	-0.1404833381	-0.0199362067	-0.0728328364	-0.1089211889	-0.0327685972	-0.1422983909	-0.0496424499	-0.0603451941	0.1546225469	0.0467163148	0.158278937	0.1033401944	-0.0141533203	-0.0070342055357457	1.67758877437996e-05	4.9480047519115454e-05	2.8143040959256567e-10	0.0250078920556404	0.0284356184810831	0.0006253946650665	0.0008085843984017	-0.03613583132136	-0.0265442720435232	0.0013057983052857	0.0007045983783205	-0.0005830027686603	-1.900196695789997e-05	3.398922282655753e-07	3.610747482691223e-10	3.193989697192201e-05	0.0001609359658365	2.5900385099734183e-08	1.0201570185769928e-09	0.0002060093701806	0.0002190457262888	4.2439860602207494e-08	4.7981030205410057e-08
1229.403045951824	1.8727828720313937	3.5073156857741554	1511431.8493956225	1523.6554777638012	4.12377141485149	2321526.014919637	17.005490681946256	1185.285863892645	0.6759972205529721	1404902.5791437335	0.4569722421953435	1240.2373631964508	1137.9521981798782	1.058622	19.313652	0.1134936766228081	0.0681108550993556	-0.0038517294	-0.0355727983	-0.1663895689	-0.0030062289	-0.0854837659	-0.0245780301	0.0128220005	-0.1713656659	-0.0914392474	-0.1593745077	0.0156384323	0.0394773388	0.1540767686	-0.033048212	-0.0210477999	0.0902081179	0.0070522325	-0.0117257741	-0.0608324185	-0.0868996561	0.0511607542	-0.0038543153	0.0590096234	0.0334963796	-0.1173497522	-0.0072817491	-0.3415531729	-0.104589024	-0.0129101138	-0.0772390042	0.0494320803	-0.0753028956	-0.0719083262	-0.1922449523	-0.1277622059	-0.0377132467	-0.137460095	0.0164383599	0.0340565126	0.0150709944	-0.2008582064	0.1457849685	0.0044059768	0.0706534943	-0.0071060305	-0.0091289892	-0.0979153881	-0.0211722534	-0.1506178183	0.0993368999	0.0292596846	-0.0983334012	0.1432925381	0.1086369274	0.1312961737	0.1157345243	0.0653816907	-0.0945322411	-0.020287176	0.1681679895	0.2078224407	-0.0618749251	0.074285585	0.046241857	-0.1688043955	-0.0662712004	0.1115079232	-0.136279842	-0.1573562915	0.140700745	0.0072476801	-0.0292675806	0.0990808418	-0.0253948054	0.0019558232222181	0.0089900287579638	3.825244476567591e-06	8.082061706901614e-05	-0.0130653832542577	-0.0380732753098981	0.0001707042395806	0.0014495742928232	-0.0360497441636198	8.608715774020143e-05	0.0012995840542624	7.410998727786321e-09	0.0003840279132411	0.0009670306819013	1.4747743814831382e-07	9.351483397386866e-07	-0.0003059644353158	-0.0003379043322877	1.1417933777881124e-07	9.361423567811637e-08	0.0001840586764256	-2.1950693755e-05	3.3877596367543733e-08	4.81832956325796e-10
1228.9604203731233	-0.4426255787006994	0.195917402920129	1510343.714843684	1523.609657944433	-0.0458198193682619	2321386.389781552	0.0020994558469401	1185.537839710203	0.2519758175578772	1405499.9693847348	0.0634918126339606	1242.372781331448	1142.3274698834828	1.07683	19.645834	0.0971599821014115	0.068052492837456	-0.0016710416	-0.0933226881	-0.1373170988	0.0297229414	-0.0050231297	0.0722378771	0.1106971625	-0.1161897743	0.0510339266	-0.0874084589	0.0534577268	0.0257135256	0.0722606291	0.1382564385	-0.0112891569	0.1709191947	-0.145624892	-0.0800970619	0.0092800296	0.0090435785	0.0960215364	0.1163664753	0.0068807028	0.0865142613	-0.1192990786	0.1983433647	0.0628166681	0.034278955	0.0583831174	-0.0586512731	-0.0352614302	-0.0637315853	0.051499012	-0.1527381033	0.0533373776	0.0553812983	-0.1174386024	0.060404587	0.0983182323	0.0489809305	-0.0868369636	0.0189714771	0.2200083703	-0.1000224773	-0.0418771	-0.0916304141	-0.0682184458	0.0186130564	-0.038323622	0.0006347743	-0.1195620524	-0.0907434097	0.1311797775	-0.0686244137	0.0765512664	-0.0192078476	0.09421908	-0.2262645072	-0.1037401873	-0.1307843915	-0.1160062157	0.0108974347	0.1037525658	0.1394559903	-0.2598627804	0.0361031163	0.0868259108	-0.0900734154	-0.0110708647	-0.1086336267	0.1588280417	-0.0251029436	0.0946861568	-0.0364975928	0.0007139133042386	-0.0012419099179795	5.096722059688758e-07	1.5423402443758483e-06	-0.0205899381680296	-0.0075245549137718	0.0004239455537632	5.661892665036884e-05	-0.0223547741926353	0.0136949699709844	0.0004997359292037	0.0001875522025061	-0.0007720028963348	-0.0011560308095759	5.9598847194932e-07	1.3364072326887106e-06	3.1928989965512855e-05	0.0003378934252813	1.1417196684833817e-07	1.0194604002178207e-09	0.0001840119653093	-4.671111630000636e-08	3.386040337699103e-08	2.18192838599272e-15
1227.7401329672853	-1.2202874058380075	1.4891013528468542	1507345.8340985272	1527.7066351277938	4.0969771833608775	2333887.563013486	16.78522204097963	1187.06396614792	1.5261264377170392	1409120.85972683	2.3290619038989	1242.176684425595	1133.884494068727	1.001072	18.263695	0.1038905608153723	0.0749397397874325	-0.0605323809	-0.0939525904	-0.0600413777	0.0063233805	0.0642466332	0.0388085562	0.1520256929	0.0141783411	0.1684176539	0.0177142454	-0.0198183447	0.0680355255	-0.0250450359	0.1681826026	0.0066439244	0.1218036041	-0.1120486356	-0.1360227388	-0.1115585144	-0.0899135071	-0.1034172227	0.0684401926	-0.1079361825	0.1770091192	-0.0393658158	0.0384460865	-0.1278821797	0.1603714872	0.1601096245	0.0020040185	-0.0899115639	-0.0492771714	0.1048105427	-0.0905910702	0.2221963576	0.1037195271	-0.1032744175	0.1266255602	0.0559902393	0.0687350256	-0.0454665614	0.1291404412	0.1163516044	0.0165911955	0.0090163047	-0.0015131261	-0.04377934	0.0871075208	0.0186989179	-0.050650849	-0.2211687768	-0.0858201338	0.0436233914	-0.0114188562	0.1339197772	-0.1487473052	-0.1286622336	-0.0573101749	-0.0159815603	-0.0110210991	0.0553806238	0.1130030534	0.1451171361	-0.0176604998	0.1192497788	0.0806918985	-0.0765174744	0.2239594668	-0.0322768852	0.0479558941	-0.0271777048	-0.0334859461	0.0901621419	-0.0474010431	0.0015622678537141	0.0008483545494755	2.4406808467484607e-06	7.197054416157788e-07	-0.0237125752702667	-0.0031226371022371	0.000562286225948	9.750862472267724e-06	-0.0008424615440816	0.0215123126485537	7.097414532563535e-07	0.0004627795954891	0.0006959953327449	0.0014679982290797	4.844095032026841e-07	2.155018800581135e-06	3.209879266763416e-05	1.6980270212130224e-07	2.883295764769569e-14	1.0303324907197642e-09	0.0002839890638296	9.997709852029996e-05	8.06497883748126e-08	9.995420228537769e-09
1225.1684351533263	-2.571697813958963	6.613629646321308	1501037.6944960502	1517.4385450754737	-10.268090052320076	2302619.7380807702	105.43367332255453	1184.7360132983606	-2.327952849559324	1403599.4212060932	5.419364469771376	1238.9922123685255	1114.062648932471	1.03567	18.894903	0.1651124457565049	0.0788464956887481	-0.113926849	-0.1218569261	0.0256861047	0.0762933784	0.1354385103	0.0215916367	0.1475276822	-0.0258086508	-0.0830649901	0.0842899598	0.0056962256	0.0124194602	0.0989481493	0.0188487729	0.0173163328	0.1054904483	0.0811576735	-0.1927956921	-0.0882938323	0.1197765918	-0.0923395012	-0.0313742513	0.0747854339	0.1194344343	-0.0566899572	0.0034556081	0.3193321482	-0.0969539719	-0.1370470046	-0.0131031133	-0.1502572624	-0.0012888415	-0.0076193465	-0.0177919108	-0.0457876421	0.1165026807	-0.1407984912	0.1155309841	-0.0236212349	0.0200059726	0.2147454943	-0.0861547514	0.1756741381	-0.0372508002	-0.0044469908	0.070077722	-0.05471336	0.0558974382	0.0802495559	0.1213318851	-0.0289460304	-0.1196690931	-0.0341020184	0.0807474525	0.1663931254	-0.1743192522	-0.1265883934	-0.0158974404	0.0324003539	-0.0645989669	-0.0339204603	-0.1362155368	0.072427795	0.0166347314	0.0175173176	-0.0225306232	-0.1416301318	0.0857768698	0.1878986733	-0.0034372454	0.1686346253	0.0585354779	0.0855149763	-0.0580456054	-0.0044560894244654	-0.0060183572781795	1.9856732958832386e-05	3.6220624327816166e-05	0.0323156502058878	0.0560282254761545	0.0010443012482292	0.0031391620500068	-0.0377036305644367	-0.0368611690203551	0.0014215637577395	0.0013587457815471	-0.0001020001044328	-0.0007979954371777	1.0404021304302104e-08	6.367967177564285e-07	-0.0002089999641312	-0.0002410987567988	5.812861052994338e-08	4.3680985006842886e-08	-1.010621830182444e-06	-0.0002849996856597	1.021356483641313e-12	8.122482082617477e-08
1224.8298723352063	-0.3385628181199536	0.1146247818133247	1500208.216164678	1510.6355473600477	-6.802997715426045	2282019.7569477907	46.28077791609199	1185.2115267240083	0.4755134256477049	1404726.3630794547	0.2261130179712154	1239.8187814544322	1107.2040928420545	0.991886	18.096106	0.0847038285698934	0.050951560659728	-0.1152920139	-0.117150451	0.0095042921	0.0798230746	0.1020913808	0.0196285464	0.0745361023	-0.046017318	-0.1221837261	-0.0708022995	-0.0496047673	-0.08148476	0.0470880245	0.0426477402	0.0381460829	0.0630359156	0.0856809341	-0.0087246975	0.0647598526	0.0223024247	-0.2237502661	-0.0137447798	0.0181234217	0.0340175343	0.035294783	-0.1113621619	-0.1938757532	-0.1031084846	0.0097143281	-0.0440827077	-0.0769583279	-0.0826509196	-0.1614783002	-0.0576190666	0.007605941	0.0201588579	-0.0933146735	0.1218530698	-0.04330859	0.0009524217	0.0806748704	-0.0588783653	0.0902992314	0.1281913633	-0.0328220076	0.1235250354	-0.0224334052	0.1229526589	-0.131561368	0.1042695581	-0.0713188865	-0.1193834353	-0.0571939845	-0.0433630702	0.1521577034	-0.1901052119	-0.115403404	0.0410879475	0.1156204945	0.0766787967	0.2159305928	-0.0747792013	0.0564382868	0.0492164368	0.1226946781	0.1116297787	-0.0540702334	-0.0308122222	-0.0924362954	0.0928473633	0.0732858003	0.0842338862	0.0807510076	-0.0683731426	-0.0017336347808196	0.0027224546436458	3.0054895532674222e-06	7.411759286708582e-06	-0.0134130502853793	-0.0457287004912671	0.0001799099179581	0.00209111404862	-0.024848849762364	0.0128547808020727	0.0006174653345125	0.0001652453894693	0.0002449898565564	0.0003469899609892	6.002002981552547e-08	1.2040203302728654e-07	-0.0002520094032734	-4.30094391422e-05	1.8498118553266054e-09	6.350873933821517e-08	-7.896907435694002e-05	-7.795845252675758e-05	6.236114704791922e-09	6.077520320366714e-09
1226.1484508668657	1.318578531659341	1.7386493441529038	1503440.0235632146	1519.188068314104	8.552520954056263	2307932.3869079384	73.14561466957144	1184.7525533040364	-0.458973419971926	1403638.6125604336	0.2106566002407259	1239.028779739151	1123.1767088107624	1.045307	19.070734	0.0797133875728199	0.0393679185362875	-0.0873711374	-0.125847825	-0.0110571742	0.0481738453	0.0951213494	-0.053817087	0.1031503156	-0.0286857719	0.0403384428	0.1357645452	0.0433950871	0.0424145011	0.0454305713	0.0777071461	0.0148848699	0.1324120742	0.1410547369	-0.0217273331	0.0251580548	0.0062378794	-0.1232218887	0.0228179221	-0.0427871412	0.0005642419	0.0225977862	0.0808956202	0.1478785814	-0.2304733618	-0.0134462709	0.0361479754	-0.15142716	0.081194654	0.0321577598	-0.0414292469	0.0107409221	-0.0250359932	-0.0701719174	0.0263895527	-0.0903459006	0.0902223356	0.1571348262	-0.1467588995	0.0894450555	-0.0544627024	0.0484824078	0.1430305401	-0.0104046194	0.0886561937	0.1072241178	0.007227087	-0.1163206715	-0.1160094939	0.0004459593	0.0499748435	0.1527859133	-0.1480948499	-0.0571132103	0.0849539981	-0.0538052493	-0.0774788351	-0.0663493502	-0.0479431366	0.1620516398	-0.0955695042	0.0445778064	-0.0200896124	-0.0824805659	-0.0117760408	0.0772097362	0.114181671	0.2031063405	0.044741735	0.0758767427	-0.0783272495	0.0058836742307732	0.0076173090115928	3.461762245386461e-05	5.802339657809289e-05	0.0034388939553195	0.0168519442406988	1.1825991635932994e-05	0.0002839880246916	-0.0302877542558093	-0.0054389044934453	0.0009173480578602	2.9581682088819478e-05	-0.000369559304498	-0.0006145491610544	1.3657407954104548e-07	3.776706713526669e-07	-0.0004479511218378	-0.0001959417185643	3.8393157073970526e-08	2.006602075557435e-07	-0.0002645827912798	-0.0001856137169228	7.000405344141022e-08	3.44524519099196e-08
1225.8699838538416	-0.2784670130240556	0.0775438773425395	1502757.217313818	1512.2066591780706	-6.981409136033335	2286768.980062501	48.74007352468972	1184.2644444653113	-0.4881088387251111	1402482.2744247324	0.2382502384415765	1238.2622504464402	1118.4405842345045	0.936523	17.08605	0.0724761786516518	0.0330085823522564	-0.0861857372	-0.0881286488	-0.0846097398	0.0488170148	0.0451307192	-0.0405642738	0.0672510043	-0.1076100172	0.0443640084	0.0233701309	0.0439883247	-0.0083084304	0.0375221802	0.0512635058	-0.1547251262	0.05467541	-0.0578548978	-0.1670100123	-0.1243524263	-0.0176945004	-0.0902647393	-0.0415293992	0.0784695299	-0.0896992908	-0.1324425147	0.0970410846	0.0141583638	0.0556621417	-0.1468410562	-0.0339857651	-0.0599226414	0.0820971292	0.0611400477	-0.0970380066	-0.0508685782	-0.0761840057	-0.1381919264	0.0196753298	-0.0220101134	-0.0566662148	0.1671071007	-0.0514297244	0.0344002805	-0.0045478735	-0.1166080156	0.0096608724	0.0610744473	0.0016065942	0.115295401	0.0306228267	-0.0521227238	-0.074031394	0.0281343482	0.1208878057	0.150555981	0.0300593535	0.0397287261	0.0448148144	-0.1257866442	-0.0175342414	-0.0625852453	-0.0414103795	0.0928836787	0.0900522219	-0.0446496523	0.0970369474	0.1903916585	0.0328544361	-0.015252576	0.097506345	0.1003035145	0.0969756643	0.0708988393	-0.0878535601	-0.0140272760565522	-0.0199109502873254	0.0001967644735667	0.0003964459413443	0.0092562991620468	0.0058174052067273	8.56790741773083e-05	3.3842203339257906e-05	-0.0242336183383002	0.0060541359175091	0.0005872682577663	3.6652561707673776e-05	-0.000387979482052	-1.842017755399999e-05	1.5052807849333817e-07	3.39302941120885e-10	-0.0001660484616154	0.0002819026602223	7.946910984046588e-08	2.7572091604840972e-08	0.0002489681157456	0.0005135509070254	6.19851226579145e-08	2.637345341066112e-07
1227.560989459103	1.691005605261353	2.8594999570253137	1506905.9828418118	1514.800354812319	2.5936956342484336	2294620.114939528	6.727257043119384	1184.765636215862	0.5011917505507881	1403669.6127579764	0.2511931708201634	1240.5747992694874	1127.9793036347392	0.963878	17.585131	0.0889089747377873	0.0485908350685455	-0.0462004937	-0.0978967605	-0.102488953	0.0344359555	0.014657361	-0.0909500556	-0.0418370406	-0.1590855243	-0.0143206456	-0.0397499925	0.0823818801	-0.1251806762	0.1800784096	-0.072358922	0.0590149089	-0.1444269558	-0.1988391675	0.0316394573	-0.0058733997	-0.0909066542	-0.2822473053	0.1355977022	0.0401184578	-0.1573251944	-0.0558133211	0.0100150586	-0.1091396854	0.0500024145	0.0842192877	-0.0352254104	-0.0156755194	0.0591332969	-0.1489629658	-0.171820205	-0.0825842529	0.038655659	-0.0885779004	0.028086303	0.1450759266	-0.2038047546	-0.0545961048	0.1423227127	-0.1481718136	0.0591663119	-0.0302406978	0.1313104585	0.0073252218	-0.0114121661	-0.0677373306	0.1284727245	0.0144810184	-0.1484931471	0.0353953905	0.0095617125	0.1011585963	-0.0469652406	0.0321751541	0.0703454531	0.0057217661	0.081426513	0.0184204418	0.0783915776	0.0813319455	0.0930813698	0.1815088699	0.0492470619	0.1144426292	0.0588964964	0.0055085682	-0.0551278056	-0.0326754428	-0.2235517109	0.0658240966	-0.096900045	0.0013352789550111	0.0153625550115633	1.7829698876955352e-06	0.0002360080964833	0.0086625790782761	-0.0005937200837707	7.50402762873868e-05	3.525035378726884e-07	-0.0307211477900182	-0.006487529451718	0.0009437889215361	4.208803838690848e-05	0.0003710133571933	0.0007589928392453	1.3765091121584325e-07	5.760701300256417e-07	-0.000536990558589	-0.0003709420969736	1.375980393071717e-07	2.883588600137263e-07	4.9599648149792325e-05	-0.0001993684675958	2.460125096583197e-09	3.974778587150063e-08
1228.3512618920793	0.7902724329762805	0.6245305183222497	1508846.8225918636	1518.2658125517385	3.465457739419435	2305131.0775633906	12.00939734370206	1185.001689943493	0.2360537276308605	1404229.005168934	0.0557213623284244	1239.4671379508277	1134.1722365799428	0.912764	16.652594	0.0637076869073704	0.0283339563258786	-0.013907805	-0.1167010318	-0.1138305798	-0.0026999419	0.0327118415	-0.081747431	0.0377721123	-0.1383445792	-0.013318103	0.0680261621	-0.0033473716	0.0433767365	0.2177279665	0.0875338814	-0.0543226126	-0.0213886377	-0.0882901499	0.0373336989	-0.0776923615	0.11691277	0.1049758334	0.0316068409	-0.0099019095	-0.1342965026	-0.0949676978	-0.1154984836	0.1220120157	0.2783163986	0.0556360482	0.0220682455	-0.0318065606	0.0770379245	0.0269653135	-0.1733766489	-0.0593097097	-0.0135930053	0.0843724788	0.0304745079	-0.1003959498	-0.169803692	-0.0090781241	-0.1108523323	0.0773072485	-0.0398601227	0.0187182908	-0.0243730986	0.1475514642	0.0023228443	0.0162821557	0.0419904976	0.0014052344	-0.1804072224	0.061280953	-0.0935884592	0.0406802231	-0.1324044802	0.0733173284	0.148070112	0.0035312881	-0.0434022889	-0.0885024875	-0.0096614862	0.0569130134	0.0348383169	0.1303907052	0.0184931881	-0.0547586566	-0.0151234592	0.0298596573	-0.0694697424	0.0085738106	-0.1789772989	0.0606594461	-0.1054172954	-0.0008941866357901	-0.0022294655908012	7.995697396256169e-07	4.970516820566544e-06	0.0211360604310613	0.0124734813527852	0.0004467330505454	0.0001555877370582	-0.0467463765735232	-0.016025228783505	0.0021852237227536	0.0002568079575636	0.0001489961226088	-0.0002220172345845	2.219984455245656e-08	4.9291652452548916e-08	-0.0001900030994028	0.0003469874591862	1.2040029683249485e-07	3.6101177782670295e-08	-4.098588168508773e-05	-9.058552983488006e-05	1.6798424975040094e-09	8.205738215465945e-09
1229.7672540303888	1.415992138309548	2.005033735754446	1512327.4990854429	1524.4771485991826	6.211336047444092	2324030.576601094	38.5806954942784	1186.0353792630708	1.0336893195778885	1406679.920863696	1.068513609409398	1240.7155076088802	1135.937724517631	0.978634	17.854338	0.069926999482583	0.0311748204305423	0.0243035017	-0.1297059448	-0.0760535318	-0.077042828	0.0437553705	-0.0370478076	0.1163263937	-0.0876609983	0.1219495534	0.1965015116	-0.057723263	-0.0080225437	0.0029904967	0.2405233673	-0.0200903319	0.2205725055	0.0105030409	0.0578505186	-0.0033831996	0.2250195289	0.0769719329	0.0897100888	0.0723093311	-0.0860750482	-0.0437944411	-0.0011505888	0.0596530226	0.0746877904	-0.1417944321	0.0924594516	-0.107063517	0.097855957	0.14105448	-0.0895913071	0.0643565973	-0.0827361264	0.0041800503	0.0669816985	-0.023103807	0.0382287969	-0.0225819816	-0.2566193515	0.0882088713	0.1476473766	0.1199158478	0.0623300036	0.0544013296	0.0276103879	0.141212219	-0.107912144	-0.0633817468	-0.1335058882	0.0283531898	0.0511612491	0.0181913613	-0.033217378	-0.0446697794	0.2409578815	-0.0555586628	-0.1130704682	0.0381118262	0.0332258141	0.0313305958	-0.0927371176	0.2609533727	-0.0585809306	-0.0344827736	-0.2268455268	0.0108271374	0.0809859981	-0.1302927285	0.0450926927	0.0554119421	-0.1133587932	0.0093487719240528	0.0102429585598429	8.73995364879579e-05	0.0001049182000586	0.0052105695841646	-0.0159254908468967	2.7150035391421252e-05	0.0002536212587145	-0.0530074578582286	-0.0062610812847054	0.0028097905885918	3.920113885368822e-05	-0.0002119936723877	-0.0003609897949965	4.4941317132423474e-08	1.3031363209161508e-07	-5.902297234272602e-05	0.00013098012706	1.715579368467312e-08	3.483711264170201e-09	0.0002169935720811	0.0002579794537661	4.708621032451554e-08	6.65533985655006e-08
1231.9814585165143	2.2142044861254817	4.902701506378208	1517778.3141284778	1525.955281036579	1.4781324373964253	2328539.5197234247	2.1848755024834974	1186.095518715361	0.0601394522902865	1406822.5795166616	0.0036167537217756	1238.346298611303	1137.5190144341773	1.153849	21.050983	0.0379674201681431	0.0179755399775812	0.1095571004	-0.0894508013	0.0702396121	-0.1424492607	0.0649031897	-0.0267049382	-0.2305924612	-0.107513639	0.1163530482	0.1097844583	-0.1405364229	-0.0579715265	0.0263698556	-0.1589527381	-0.0632150677	0.141992483	0.1494993006	0.0697115155	0.0987164685	0.0140817175	-0.0084575872	-0.1981853294	0.0437938653	-0.0756667222	-0.010224414	-0.0438996181	0.1699924159	0.1955416497	0.1577618329	0.1757827537	-0.0233639371	0.0459349966	-0.0431484854	0.0169437347	-0.1487338791	-0.0971469832	0.0199406219	-0.1060114086	-0.2059395444	0.0571646478	0.0277692427	-0.0735110297	0.0856741375	-0.142174059	-0.0779498102	0.1025844372	0.1015640673	-0.0871550951	0.0177885424	-0.079239067	0.1505012552	-0.0756663086	-0.1035542997	0.1929911921	-0.0636920076	0.0960550446	-0.0063363156	0.1260197096	0.189648337	-0.1475865732	0.0057757149	0.0157204376	0.172400081	0.1396160003	0.0144389338	-0.0455125437	-0.0942217338	-0.1457449729	-0.100447734	-0.0571480851	0.0173604582	0.0403295955	0.0500887521	-0.1206811645	-0.0004957184150811	-0.0098444903391339	2.457367470505178e-07	9.69139900373007e-05	0.0082607290769516	0.0030501594927869	6.823964488279362e-05	9.303472931438642e-06	-0.0675318250647905	-0.0145243672065618	0.0045605473965814	0.000210957242751	-0.0003789923695473	-0.0001669986971596	1.4363521617507725e-07	2.7888564853003804e-08	-5.704907362091838e-05	1.973898721807643e-06	3.896276163953848e-12	3.254596801004965e-09	0.0002589890387929	4.199546671179998e-05	6.707532221487025e-08	1.7636192243419e-09
1235.6104228054037	3.628964288889392	13.169381810034492	1526733.1169453484	1539.6954646836843	13.740183647105368	2370662.1239675065	188.79264665618177	1189.2031659509382	3.107647235577133	1414204.1699077347	9.657471340790195	1243.755491221804	1173.905192572289	1.262587	23.034811	0.1269814909726113	0.0768616157166902	0.1643903082	0.0511593394	0.0722182331	-0.1754334664	-0.1105392843	0.0356739488	-0.151959267	0.0020140977	-0.0821169939	-0.2345018129	-0.2135597047	-0.1002824118	0.0598028402	0.0199861807	-0.0100292949	-0.0575772457	0.080193863	0.1355268766	-0.083724931	0.070548645	-0.0493348097	0.0722303258	0.0243098297	-0.0829449569	-0.159582282	-0.1138592935	0.0855245544	-0.1140747571	0.0779789518	0.1119471239	0.2082003431	-0.1953491015	-0.1562623679	-0.0542319569	0.0195046786	-0.0711411226	-0.053516719	-7.05842e-05	-0.009939321	-0.0662167814	0.1685336236	-0.1339934449	-0.0158430511	0.0954955764	0.1430223852	0.2050590583	-0.0889649268	0.0389948077	-0.2792989844	-0.1137634391	0.1140261258	0.0640074798	-0.0394922371	0.0359053785	-0.0086037452	-0.0951543759	0.0146652255	-0.0143552291	-0.0424290968	0.0087201784	0.0209961475	0.0783600325	0.0418908877	0.0139831109	0.2105872496	-0.2835244652	0.0222171496	-0.1182070115	-0.0183617338	0.2261600895	-0.0200132302	0.1528282104	0.0446971468	-0.1273444172	-0.0020656127764482	-0.0015698943613671	4.266756142226042e-06	2.4645683058522145e-06	-0.0522101293127263	-0.0604708583896778	0.0027258976028516	0.0036567247143844	-0.0483598806503948	0.0191719444143956	0.0023386780565204	0.0003675634526286	0.000462007049653	0.0008409994192003	2.134505139290696e-07	7.072800230952418e-07	-7.395356173223178e-05	-1.6904488111313398e-05	2.8576171830553604e-10	5.4691292928830165e-09	0.0002015170699611	-5.747196883179999e-05	4.060912948570687e-08	3.303027201403389e-09
1233.046927514843	-2.563495290560695	6.571508104726862	1520404.7254537945	1523.2219244344344	-16.473540249249936	2320205.0310777416	271.3775283436577	1189.2166495037893	0.0134835528510848	1414236.2394570184	0.0001818061974879	1242.6497170548273	1149.3862430835318	1.222085	22.295895	0.118532460651422	0.0780809517821605	0.1078691352	0.1632759612	-0.0960066146	-0.065382113	-0.1599934074	0.166606813	0.0284463573	0.0412410077	0.0166431672	-0.1060582855	-0.0150955242	0.1481883327	-0.2515354939	0.0197888485	-0.0094450555	-0.016125151	-0.0978810216	0.0948565325	-0.0255375203	0.060452704	0.1830643912	-0.1453178768	-0.0325668445	-0.2004465061	0.1255008072	-0.1092693739	-0.115650971	0.1786817764	0.0357873622	-0.0419481876	0.1247668365	-0.1277563151	0.1720327155	0.0734173768	0.0118595231	0.0726137072	0.1405979309	-0.0118561953	-0.1296363281	-0.0499273309	0.0286160274	-0.1411574409	-0.137396129	-0.0900023179	0.0057513236	0.0033796118	0.0472042728	-0.1290923554	0.0093764188	-0.0548864764	0.0495767979	0.1260089418	0.1666382389	-0.1363157066	-0.1823903978	-0.0669118771	-0.1529892089	0.006240438	-0.0534724146	-0.0766003858	-0.0795358885	0.0210591612	0.0704621561	0.060683071	0.1408225327	0.0297158316	-0.1153033274	-0.035271337	0.1074997999	0.0145661816	-0.0758314946	-0.0827637469	0.0392444906	-0.1333121588	0.0098812242343058	0.011946837010754	9.763859236863224e-05	0.0001427269145615	0.0173290641090488	0.0695391934217751	0.0003002964628955	0.004835699421751	-0.0517326702008915	-0.0033727895504966	0.0026762691661142	1.1375709351939718e-05	-8.200553243483763e-05	-0.0005440125820878	6.724907349921207e-09	2.9594968946987626e-07	5.4991765611855925e-05	0.000128945327344	1.6626897443873932e-08	3.0240942851093e-09	0.0002010021660251	-5.14903935999988e-07	4.040187074678187e-08	2.651260633082797e-13
1230.5991341796573	-2.447793335185679	5.99169221177943	1514374.2290437222	1529.102363030642	5.8804385962075685	2338154.0366258933	34.57955808376764	1186.0401517427886	-3.1764977610007463	1406691.241546057	10.090138025642757	1243.1161833396568	1144.7572776300674	0.991076	18.081329	0.0445894264741941	0.0252779281738522	0.0401969819	0.181750366	-0.1024646181	-0.0084536514	-0.1544212427	0.1446427444	0.0007236769	-0.0458035553	0.0865191288	-0.000744079	0.102292709	0.1008923654	-0.1325623597	0.0564917741	-0.15272748	-0.0883142974	0.0987965473	0.2695876066	0.1589148209	0.2047423171	0.0210197081	-0.0689569642	-0.0258070089	-0.0353515025	0.0523281484	0.1750820241	0.0448036756	-0.0097198241	-0.1340501414	-0.1054208802	0.0660190196	-0.0169974012	0.1980359864	0.0855212328	-0.1198517045	-0.084169727	0.2093535591	-0.0367727627	-0.0728208321	0.0128175267	0.1915919911	-0.0348897041	-0.0763320247	-0.0036063722	0.0445034632	-0.0056682604	-0.0855964857	-0.0344501786	0.1317392573	0.0016790829	0.0908642191	0.1322261673	0.1322561824	-0.0065938369	-0.149924777	0.0116932761	-0.0817180556	0.0574902607	-0.0124378507	0.0309816835	0.0141479531	-0.0686944397	0.070720063	-0.0096836012	0.1359906504	-0.0314180769	0.0231400121	-0.0512537439	0.1249677423	-0.0341953877	-0.0613717647	0.0349926441	0.0337382312	-0.1385517956	0.0007762953159868	-0.0091049289183189	6.026344176230456e-07	8.289973060764157e-05	0.0392903618231343	0.0219612977140855	0.0015437325321928	0.0004822985972866	-0.050559733357872	0.0011729368430195	0.0025562866372191	1.3757808377125532e-06	2.20088607539478e-05	0.0001040143931887	4.843899516866638e-10	1.0818993990431253e-08	-8.799776949786065e-05	-0.0001429895351097	2.0446007150892867e-08	7.743607436598613e-09	0.0002010008343482	-1.3316769000178402e-09	4.0401335408672535e-08	1.7733633660411252e-18
1230.54324455071	-0.0558896289473977	0.0031236506238778	1514236.676709388	1528.952242011266	-0.1501210193760016	2337694.958351277	0.0225363204584898	1185.699715638772	-0.3404361040165895	1405883.8156658646	0.1158967409179941	1242.2986429376333	1150.3822094791867	0.957079	17.461077	0.0699385682641578	0.0444365815793824	0.0299568832	0.1132478628	-0.0948565908	0.0048140877	-0.1248867232	0.0471316607	-0.0499755034	-0.0904056452	-0.1001620072	-0.0634112269	0.1013663953	0.0356601588	-0.0696274443	0.0043887228	-0.0218717839	-0.0259457434	0.0441121277	0.184787961	-0.0097470292	-0.0552958492	0.0512185709	0.0199840235	-0.0323813423	-0.0924375211	0.0957643983	0.123242604	-0.0349733186	0.0417727752	0.1877662968	-0.1030073525	0.1043826046	0.0107113496	0.0495411291	0.0022802081	-0.0433029282	-0.0901129079	0.1509869996	-0.0422323824	0.0752103711	-0.0083547502	-0.0560082913	0.0255699623	-0.0636457842	0.1162365337	-0.1137089924	0.096910862	0.0042624369	0.0259466215	-0.0091266957	0.0626591175	0.1145391871	0.0679705157	0.1068420991	0.0448151382	-0.1822670846	0.1702510539	-0.0072894667	0.0262612228	0.0612676798	-0.0208346347	0.037004975	-0.0513730823	-0.0110050218	0.0928688254	0.0619985246	-0.0016048666	0.0379741279	0.1186411393	0.1147566149	-0.0031892528	0.0692862363	-0.0442152871	0.0281858894	-0.1430347106	0.009876067558693	0.0090997722427062	9.753671042386832e-05	8.280585486912622e-05	-0.0020922417720186	-0.0413826035951529	4.377475632579531e-06	0.0017125198803135	-0.0462055412478576	0.0043541921100144	0.0021349520420074	1.8958988930911652e-05	-0.0002489882064308	-0.0002709970671847	6.199512694162666e-08	7.34394104227347e-08	-0.0001190250980829	-3.102732858503936e-05	9.626951191240004e-10	1.4166973973643966e-08	0.0002009852237923	-1.561055589999259e-08	4.0395060182840914e-08	2.436894555067935e-16
1231.8106698836862	1.267425332976245	1.6063669746699456	1517357.5264392956	1526.9817965678033	-1.9704454434627223	2331673.407049436	3.882655245663005	1187.478765243139	1.7790496043669464	1410105.81790337	3.1650174947981884	1242.7306437309887	1151.7898318105551	1.026428	18.726295	0.0293458296845435	0.0232222686827387	0.0616935067	-0.0211127794	-0.13659191	-0.03035757	-0.1082979869	-0.0393667018	0.0672742774	-0.125258275	-0.0997410218	-0.1377329182	-0.0173685413	0.0136514328	0.1257132698	-0.1851942768	-0.1306981084	0.0259369224	-0.0376327985	-0.1538839516	0.0682231131	-0.1259249551	0.0432376474	-0.1463241799	0.1300352091	0.2260222739	-0.0807181423	-0.0469376964	-0.0722519182	0.0090713484	0.0628716581	-0.0049737813	0.1312930698	-0.0155429603	-0.0205835902	-0.162948203	-0.1477302682	0.0637255579	-0.1028894311	0.0290977947	-0.0233222181	-0.0870970595	-0.0613326557	0.2020066098	0.0668302002	-0.1272616945	-0.0339902962	-0.1494374277	0.1076149114	0.0476220895	-0.0779583288	0.06757546	0.0857947284	-0.0779580606	0.078649992	-0.1377211973	-0.0732434976	0.1450154814	0.0887289604	-0.0797241428	-0.0274666931	0.2104731446	-0.0124985403	0.0572157053	-0.1094383285	-0.0233121788	-0.0043343563	-0.0893130872	-0.0313532524	0.0670265446	-0.1626874805	0.0089080013	0.0969917145	0.1052819263	0.022595049	-0.1467364196	0.0098993955636927	2.332800499969985e-05	9.799803252645872e-05	5.441958172660212e-10	-0.0021331239574493	-4.0882185430700206e-05	4.550217817844164e-06	1.671353085590156e-09	-0.0462372768240726	-3.173557621500428e-05	0.0021378857681059	1.0071467976983451e-09	-6.701200147273663e-05	0.000181976204958	4.490608341382057e-09	3.3115339170939085e-08	-0.0001189929188019	3.2179281000000854e-08	1.0355061256770157e-15	1.4159314724995569e-08	-0.0002020040703266	-0.0004029892941189	4.080564442851396e-08	1.624003711744493e-07
1231.2005147041798	-0.6101551795063642	0.3722893430784435	1515854.7074078373	1529.239618566652	2.25782199884884	2338573.81099388	5.097760178485771	1187.4246627938037	-0.0541024493352324	1409977.3298109784	0.0029270750240713	1242.604589465454	1151.115826775983	0.951557	17.360336	0.0560866290100354	0.0315278430560678	0.0450096319	-0.0851982357	-0.1084650651	-0.0395296996	0.0222887681	0.0354079958	0.1044905163	-0.1288197654	-0.0361150455	0.0279045979	0.0170885717	0.0695170163	0.1082023744	-0.0424707408	-0.073157203	-0.1091380965	-0.1499529231	-0.0068181594	0.0989170581	0.0214436279	-0.0385387815	-0.040126792	0.0642425487	0.0952560348	-0.0208016182	-0.1337590975	-0.0542125516	0.0705509099	-0.0650215427	-0.0172549525	-0.0377070454	0.0177119	0.0586640369	-0.0468964616	-0.0683932499	0.0497223687	0.0221260916	0.1107931304	0.0628768416	-0.1816957639	0.0297003768	0.052231887	0.0635958308	-0.1671898933	0.1011438971	-0.1514518224	0.0749345816	0.0046568813	0.0239277457	0.0100167262	0.0092883387	-0.1272179174	0.1192931884	-0.1832348845	-0.0215163722	-0.0006777861	0.0862798897	-0.0852159373	-0.0812943545	-0.0126863962	-0.2282571524	0.1191657745	0.007452488	0.073810196	-0.1351471286	0.0913155104	0.0912261682	0.0027101086	0.0061304397	-0.1419082025	0.010700618	0.0565569882	0.0169733466	-0.1496367051	0.0058554418471885	-0.0040439537165042	3.428619922580627e-05	1.635356166122813e-05	0.0225711822655938	0.0247043062230431	0.0005094582688666	0.0006103027459618	-0.0461479536458426	8.932317823000246e-05	0.0021296336256988	7.978630169108786e-09	-0.0001939863941662	-0.0001269743926934	3.763072112160431e-08	1.6122496399873848e-08	-0.0001900136637382	-7.10207449363e-05	5.043946211306983e-09	3.610519240721374e-08	0.0001449817098888	0.0003469857802154	2.1019696202280168e-08	1.2039913167168986e-07
1230.4496602780855	-0.7508544260942926	0.5637823691853896	1514006.366478456	1529.5616608676532	0.3220423010011473	2339558.874396214	0.1037112436341135	1186.9310250567576	-0.4936377370461287	1408805.258242285	0.2436782154360229	1242.2042662863328	1142.665325172759	0.88485	16.143318	0.0645982758549389	0.0374190220508194	0.02862174	-0.0726984112	-0.1149377623	-0.0420079089	0.0086754966	-0.0399489143	0.0774765136	-0.1197918336	-0.0479236964	0.0620458346	0.0306370549	0.0859568988	0.070905619	-0.0132821058	-0.1423763784	-0.148242275	-0.1016887617	0.1199485772	0.0287326926	0.0857925748	-0.0693937851	0.1374134484	-0.0096822955	0.0668039841	-0.0553280759	0.042517799	0.0035200046	0.1101384208	0.0294793092	-0.0083408106	-0.0219336106	0.0716778273	0.1112902904	-0.1006095973	-0.1435158791	-0.1292884297	0.0917502115	0.0606157714	0.1376656171	-0.1863418948	0.071583625	0.0684321073	0.0096398629	-0.0292830789	0.0953152041	-0.1016824344	-0.1252789393	-0.0702909711	0.0750295206	0.0048697827	0.0296586836	-0.1493096177	0.0963036907	-0.2269020975	-0.0080312346	0.0324334533	0.0847346588	0.052214897	-0.0615093091	0.0093512181	-0.2073515552	0.1532006286	-0.0991785095	-0.0861244193	-0.0619876868	0.0039252726	0.0889613997	-0.0551368719	-0.0123116942	0.0121942625	-0.0817113081	-0.0208148946	0.0113284606	-0.1517197269	0.0019830132294913	-0.0038724286176972	3.932341468337516e-06	1.4995703399160247e-05	0.0445893349829873	0.0220181527173934	0.001988208794225	0.0004847990490864	-0.0682560098259159	-0.0221080561800732	0.0046588828773555	0.0004887661480612	0.0001160125229498	0.000309998917116	1.3458905481177872e-08	9.609932861309267e-08	-0.0001719915895528	1.802207418540001e-05	3.2479515794406136e-10	2.9581106876898825e-08	0.0001410099343947	-3.9717754941e-06	1.98838015979976e-08	1.57750005755333e-11
1231.1157133205338	0.6660530424483113	0.443626655354652	1515645.899584727	1523.8048111871378	-5.756849680515416	2321981.102597069	33.14131824405044	1184.3285637227898	-2.602461333967767	1402634.1468496865	6.77280499479729	1239.1606977212052	1140.3965357738646	0.897204	16.368717	0.06031895861042	0.0338782337497697	0.0579607345	-0.107166284	-0.1261881022	-0.1078171448	0.0087345973	-0.1445993549	0.1157395623	-0.1662535825	0.0461955905	0.1471451774	-1.06413e-05	-0.0641985806	0.2157994312	0.0787169043	-0.2276190293	-0.2005348403	0.0423371261	0.0240445067	0.0427858995	-0.0875945555	0.0263522843	0.0224583497	-0.0233372967	-0.0140413338	0.0615736738	0.063881671	0.0260048259	-0.0583263131	-0.1341224682	0.0951520372	-0.0099864445	0.1431656679	0.0604222327	-0.1816687839	-0.0754513058	-0.1561261348	0.0949288757	-0.0531052604	0.0632278012	-0.0070993703	-0.0318208541	0.0689138961	-0.1620120104	0.0022543257	0.1572066621	-0.1140592011	-0.0560380984	-0.1288083202	0.0776747199	-0.065299381	0.0172023207	-0.1548911779	0.0537644279	-0.1829794418	0.0229998987	0.0715828455	0.0235789157	0.1363607848	-0.056674773	-0.0666870268	-0.0662327455	0.1270727913	-0.1882098303	-0.0720151337	-0.0297869685	-0.022917643	-0.018045165	0.0401726208	0.0925364017	0.1065677118	-0.1272573207	0.0310021177	0.0056681013	-0.1529741081	0.0099110863137639	0.0079280730842726	9.822963191887808e-05	6.285434282956766e-05	0.0143636949988064	-0.0302256399841808	0.0002063157340187	0.0009135893124533	-0.0689689139496039	-0.000712904123688	0.0047567110913878	5.082322895713617e-07	-0.0001679980830335	-0.0002840106059833	2.8223355902930764e-08	8.06620243110013e-08	-0.0001960014583903	-2.4009868837500013e-05	5.764738015939541e-10	3.8416571691124514e-08	1.998358084992838e-05	-0.0001210263535447	3.993435035856241e-10	1.4647378252344056e-08
1233.9693567291476	2.8536434086138343	8.143280703525182	1522680.3733465464	1525.4734301030242	1.6686189158863272	2327069.185950286	2.784289086453662	1184.3985068818442	0.0699431590544463	1402799.823103942	0.0048920454985155	1238.7261004075035	1142.2493127333098	1.066961	19.46578	0.0890426767502886	0.0671970326697916	0.1105965824	-0.131081996	-0.0454014305	-0.1546599318	0.0242392278	-0.0875712078	0.0209542497	-0.0512406368	0.2174621031	0.1808411526	-0.1807826013	-0.1001437641	-0.0917884216	0.0213941533	-0.0768732764	-0.1179107875	0.0283920142	0.0953181467	-0.2148680969	-0.1111347456	0.0190054118	0.1993892726	-0.1022642823	-0.1367248587	0.1377365771	-0.0138399393	-0.0221094837	-0.0882915919	-0.1589805004	0.2366635912	-0.008813289	0.1137757782	0.1261316535	-0.1213239379	0.1393247932	-0.1426245503	0.0624739829	-0.1102949394	-0.1707640174	0.1110734509	-0.0480582844	0.0516289503	-0.2533420291	0.1133364332	-0.0828739629	0.1023480819	-0.1388598064	-0.0162031894	0.076358301	-0.2728765321	-0.1068403109	-0.0753486906	-0.0281657885	-0.0547671672	-0.071413115	0.2264215397	-0.1731467829	0.0986845032	0.1615040176	-0.0001919821	0.2396631101	0.0729587848	-0.0753119839	-0.0748729296	-0.0626774491	0.085088264	0.2104345723	0.0543920864	-0.0046889501	-0.0461217795	-0.0934455875	0.2278777049	0.0	-0.1533929978	0.0091628454093211	-0.0007482409044427	8.395773599511676e-05	5.598644510813781e-07	-0.0512155310651678	-0.0655792260639742	0.0026230306222871	0.0043006348911498	-0.0595050194428097	0.0094638945067942	0.0035408473388891	8.956529923572951e-05	-2.6985877892322165e-05	0.0001410122051411	7.282376056193222e-10	1.9884441998777625e-08	-0.000196001842573	-3.8418269997578247e-10	1.475963469606821e-19	3.841672229201107e-08	0.0001439972970276	0.0001240137161776	2.0735221551254863e-08	1.5379401800196095e-08
1234.9800228046945	1.010666075546851	1.0214459162612732	1525175.6567266835	1537.300403519182	11.826973416157898	2363292.53066024	139.87730018650564	1190.669402032836	6.270895150991692	1417693.6249372312	39.32412599473111	1241.8575763162876	1158.2956779177352	1.274591	23.253819	0.1167394975964345	0.0873465424143174	0.1539402761	-0.0924737264	0.1369785856	-0.1885064	0.1063829353	-0.0092704784	-0.1389720749	0.0151718882	0.031261588	0.1250407421	-0.1652110444	0.2280915869	0.0229017107	-0.1099091125	-0.0939409213	-0.0777739476	-0.0502497394	-0.0914816537	-0.0235700109	0.0072240205	0.1408015287	0.0016471542	0.0291798189	0.156006292	0.1066047754	-0.0426130505	-0.0068166156	-0.1391581895	0.1586394801	0.2420574894	-0.0612681502	0.0046045939	-0.0387773012	0.0289185865	-0.1165685305	0.2404701148	0.1275469683	-0.1447410786	-0.0096679186	0.2030349635	-0.1146422278	0.0542601792	-0.0725807083	-0.2508264659	0.0264671725	0.0730885288	-0.1180824969	0.187711013	0.0638543121	-0.0438736019	0.2106419512	-0.095449705	-0.1376215907	-0.0297569452	-0.1029530599	0.1515927116	-0.1156406944	-0.1141786936	0.1354531074	0.0910874631	-0.0093055068	-0.0541773351	0.0254437171	-0.0310076847	-0.1853008141	-0.0772696521	-0.2297176477	-0.1034051439	0.0747101403	0.0432493816	-0.1011257531	-0.1572583571	-0.0056681013	-0.1529741081	-0.0004161686922259	-0.009579014101547	1.7319638038901588e-07	9.175751115763627e-05	0.0339868414890531	0.0852023725542209	0.001155105394402	0.0072594442888682	-0.0722867626277974	-0.0127817431849877	0.0052253760512075	0.0001633729588469	-0.0001809890548009	-0.0001540031769085	3.2757037957723195e-08	2.3716978497934723e-08	-0.0001965107763171	-5.089337441000006e-07	2.590135558836449e-13	3.86164852087493e-08	0.0001149820525667	-2.9015244460900012e-05	1.3220872412451362e-08	8.41884411125789e-10
1232.7801864695496	-2.199836335144937	4.839279901423907	1519746.9881518974	1534.6924044375387	-2.6079990816433565	2355280.776238274	6.80165920985259	1191.1898527226897	0.5204506898537602	1418933.2652295032	0.2708689205692549	1243.4757904332014	1146.1375759220325	1.11506	20.343315	0.0725218347934475	0.0347896840127431	0.062426967	-0.1342885433	0.156070951	-0.0818800235	0.1605402001	0.0097988978	0.1214494797	0.1452682325	-0.2159433548	0.0064799436	-0.0931299906	0.1239771163	0.0861326972	-0.0501013237	-0.0202047777	-0.0729467389	0.171315944	-0.0913973139	0.0083490401	-0.0663035084	0.1064471695	-0.0056268651	0.0310631036	0.1302103232	0.0731472068	-0.1360064494	0.1196798554	0.1432447896	0.05263915	0.109266952	-0.0965497612	-0.0593419248	-0.0319357608	0.0502100823	-0.1804299574	0.141443289	0.2473351017	0.1813428292	0.0741516202	0.1633420287	0.1066375684	0.0433718946	0.0112214338	0.033597858	-0.0603564308	-0.1521682815	-0.0936534336	-0.0193772764	-0.0363177768	0.0312203723	0.1497355203	-0.1346607552	-0.1332051909	-0.065024449	-0.1389433241	-0.0075736062	-0.1334216858	-0.0494432576	0.0716074643	0.0656965065	0.0285872022	-0.1263900456	-0.1567070746	0.1296772614	-0.1097257466	0.075577321	0.0707274327	-0.0514178579	0.1301619433	0.0841975035	0.0308643711	-0.1168750094	-0.0113284606	-0.1517197269	-0.0079520676605682	-0.0075358989683423	6.32353800782546e-05	5.6789773261062536e-05	0.0145145668180219	-0.0194722746710312	0.0002106726499148	0.000379169480864	-0.0635050170810984	0.0087817455466989	0.0040328871944706	7.71190548469677e-05	0.0002870374754787	0.0004680265302796	8.23905123291853e-08	2.1904883304556137e-07	-0.0001959453052227	5.654710943999862e-07	3.1975755860191813e-13	3.839456263881706e-08	0.0003810283633402	0.0002660463107735	1.4518261366971145e-07	7.078063947618975e-08
1232.5496323053037	-0.2305541642458592	0.0531552226511066	1519178.5960959394	1535.9398191338344	1.2474146962956638	2359111.128000876	1.5560434245344033	1187.0274979028943	-4.162354819795382	1409034.2807776057	17.32519764587385	1244.9938441322568	1140.8784093040515	1.155827	21.087074	0.1185624009696948	0.0847498534968531	0.0105820583	-0.1442296613	0.1396805495	-0.0593029712	0.1698732135	-0.0224557482	0.1454821331	0.1891806497	-0.0629544471	0.0580175578	-0.1490050555	-0.0779295423	-0.1568800477	0.2487047387	0.0976886416	0.0262510213	0.1919408582	0.0108909925	0.1328076026	-0.3212847163	-0.0657236907	0.0235205346	0.0578759066	0.0728668913	-0.0181378463	-0.0997232054	-0.1819277677	0.0708319676	0.0083183091	0.0900187555	-0.1198691413	-0.0858860774	-0.0014754897	0.02293499	0.2424662167	-0.106899232	0.2084282651	0.0823659982	0.1607734789	0.2296102639	-0.063474075	0.1313035192	0.0805938994	0.2629788157	-0.1139605379	-0.1260049444	-0.0725230361	-0.0805938512	-0.058161888	-0.1850426388	-0.1329735561	-0.057827413	-0.0916007583	-0.0092612781	-0.248801937	-0.1040358344	-0.0553194961	0.1123301318	0.1069770811	-0.1304938263	0.0222781616	-0.1107934326	-0.0437092278	0.1032833718	-0.1663833234	-0.0008107306	0.0841878905	0.1800013215	-0.0700937231	0.1433641757	-0.0028232568	-0.0548894043	-0.0169733466	-0.1496367051	0.0006867467197224	0.0086388143802906	4.716210570494766e-07	7.462911389711565e-05	-0.0686512147039479	-0.0831657815219698	0.0047129892803275	0.00691654721616	-0.0527506252620639	0.0107543918190345	0.0027826284655386	0.0001156569433973	0.0001830177423639	-0.0001040197331148	3.349549401997888e-08	1.082010487727422e-08	-0.0002044844236577	-8.539118434999987e-06	7.291654364695664e-11	4.181387951862173e-08	0.000173518949922	-0.0002075094134182	3.0108825982033544e-08	4.306015665716544e-08
1232.7994012549464	0.2497689496426574	0.0623845282055963	1519794.3637345545	1534.479260173065	-1.4605589607692764	2354626.599901277	2.133232477883429	1188.1280601045005	1.100562201606181	1411648.2872076835	1.2112371596042435	1242.153369338659	1152.8748143938735	1.197879	21.854275	0.1128013544095983	0.0624328518082255	0.0981321179	-0.0304350845	0.2207976466	-0.0815029884	0.0855934078	-0.0509902881	-0.0820797649	0.2110645477	-0.0420207426	0.0825414187	-0.1752195838	0.0357284841	-0.0719322564	-0.1163000083	0.05818182	-0.0261581249	0.0765390877	0.1673077025	-0.0019017954	-0.0856325381	0.0705036332	-0.0218729967	-0.0376614249	0.186925766	0.2235599436	0.1781109154	-0.0861903933	0.0296471516	0.1187758914	0.1520318799	-0.0675599516	0.0067734734	-0.0782559419	0.1342009789	0.0141316164	-0.0036968613	0.0174317777	0.0050717461	-0.0261969487	0.1178905818	-0.0747440057	0.0986073471	-0.1306322916	-0.0565377577	-0.0981470422	-0.0547545997	-0.1384245198	0.069142995	0.0921184957	-0.1480198994	0.063833556	0.037571078	-0.1737334317	0.1928113203	-0.197718837	0.0034200237	0.1054236208	-0.0462644838	0.0569477064	0.0235908868	-0.0924574669	0.2084980247	0.2576583191	-0.0985035253	-0.1795327376	-0.0458030824	0.0861755775	-0.0451187726	-0.0430190606	0.032678195	0.2069257344	-0.0600748661	-0.022595049	-0.1467364196	-0.0079235579171381	-0.0086103046368605	6.278277006624185e-05	7.413734593954142e-05	-0.0158149941876217	0.0528362205163262	0.0002501140411545	0.0027916661984498	-0.0542073119465555	-0.0014566866844916	0.0029384326684711	2.121936096775133e-06	-0.0002610217252426	-0.0004440394676065	6.813234104862335e-08	1.97171048792264e-07	0.0001029446963867	0.0003074291200444	9.451266385127412e-08	1.0597610514149842e-08	0.0004200132137095	0.0002464942637875	1.7641109969058214e-07	6.075942208014164e-08
1232.4116155487409	-0.3877857062054772	0.1503777539372807	1518838.3901394575	1536.8334975084722	2.354237335407106	2361857.199064123	5.54243343142475	1187.779786199586	-0.3482739049145493	1410820.820504334	0.1212947128444285	1243.053253326162	1160.9055395106434	1.038282	18.942554	0.1059408211097264	0.0441621934728684	0.1006908726	0.0433591667	0.1928972322	-0.0389743362	0.0774751582	0.003370519	-0.0320946306	0.2307690735	-0.2635143525	-0.038144595	-0.0449409119	-0.0100335628	0.0505531242	-0.2530258614	0.0677085252	0.2046399874	-0.2898503427	0.2531098418	0.2351427679	-0.0426427395	-0.1860699378	0.0144229277	0.0993478052	0.0018158101	-0.0561962885	-0.0610405413	0.0116007705	-0.1660391772	-0.0082754571	0.0804918017	0.0339764086	-0.0213108836	-0.0742292942	0.2197311911	-0.1516391638	-0.0712896048	-0.1673833466	0.0614650927	0.2427882278	-0.0565338516	-0.0100735358	0.0314818505	-0.0322206461	-0.1314046714	-0.0595010774	0.0529179884	0.1182936598	0.2530180673	0.002961817	-0.0293481674	0.2024574313	0.0648465198	-0.1388364162	0.0603440591	-0.0983504601	-0.1524887196	0.1750784197	-0.0045226513	-0.0378585131	0.1080826582	-0.039773554	0.1360994189	-0.1489724412	-0.0514472773	0.127183518	-0.0857566637	-0.0528025163	0.1683100685	-0.0528207478	-0.0355108884	0.2331761844	0.051973682	-0.0281858894	-0.1430347106	0.0104216890646426	0.0183452469817807	0.00010861160296	0.0003365480868225	0.0123199776372899	0.0281349718249116	0.0001517818489833	0.0007915766395885	-0.0465940370841764	0.0076132748623791	0.0021710042918016	5.796195413013353e-05	0.0002680172950206	0.0005290390202632	7.183327043015936e-08	2.7988228496104656e-07	-0.0001799735871528	-0.0002829182835395	8.00427551609369e-08	3.23904920726465e-08	0.0001950239686991	-0.0002249892450104	3.8034348367147536e-08	5.062016037034981e-08
1232.0683377839946	-0.3432777647462899	0.1178396237692091	1517992.388969815	1527.958477702362	-8.875019806110231	2334657.109582519	78.76597655884888	1186.3026289980637	-1.4771572015222318	1407313.9275677176	2.1819933980089914	1244.2472844052434	1157.0837894511371	1.036488	18.909822	0.1312631678721728	0.0629041449041307	0.0657844573	0.1163379126	0.1046395189	-0.012327762	-0.1113016791	0.0221761366	-0.0507248072	0.1599051087	-0.2201464291	-0.15398621	-0.0490714406	-0.1415345303	-0.1135345998	-0.178741277	0.1010554094	0.1449652175	0.0215349803	-0.0914371724	0.1528621899	0.19237999	0.0105904383	0.0162017197	-0.1374774355	0.0222012199	-0.1079972652	0.1284119118	-0.0034587188	0.0294181463	-0.0812928176	-0.0362096515	0.1372301992	-0.1152026657	-0.1255018013	0.1960647701	-0.0624220432	-0.138211053	-0.0043391315	0.1308132658	0.0136995007	-0.0298949521	-0.0955327649	-0.1066049389	0.1079771818	-0.023627457	-0.0619124414	-0.1970457463	0.0527095142	0.0907971758	-0.1997743005	-0.000605561	0.0855380998	0.1211900311	-0.0850922837	-0.0723855569	-0.0736530394	-0.2516006496	0.0514137461	0.0305064573	-0.1469965698	0.1566593183	0.0416474332	0.0959610498	-0.0689219236	-0.1272431378	-0.0319878708	0.2632940656	0.0283808744	-0.0252112531	-0.1222851278	-0.0230366639	-0.0528982215	0.2035386085	-0.0337382312	-0.1385517956	0.0039216832456645	-0.0065000058189781	1.5379599479325643e-05	4.225007564674916e-05	-0.0298745050943125	-0.0421944827316024	0.0008924860546301	0.0017803743729874	-0.0066170669053491	0.0399769701788273	4.378557442986631e-05	0.0015981581446788	0.0007915289049397	0.0005235116099191	6.265180073550407e-07	2.740644057200879e-07	-0.0004439481558196	-0.0002639745686668	6.968257290282313e-08	1.9708996505562386e-07	0.0001306759644297	-6.43480042694e-05	1.7076207679632218e-08	4.140665653454721e-09
1230.0355039170752	-2.032833866919418	4.132413530494555	1512987.340896533	1517.1777665094037	-10.78071119295828	2301828.3751904625	116.22373382597593	1185.4653654180022	-0.8372635800615171	1405328.1326056374	0.7010103024974285	1241.226155628579	1149.3749935253677	1.167832	21.306086	0.1461248106503747	0.0726944286061936	0.0361719217	0.1924131526	0.1019238023	0.0390278783	-0.1168746588	0.0957105418	-0.026802442	0.2386340109	0.1442288372	0.0636091132	0.0235573197	-0.0841158863	-0.1791291497	-0.0064989335	0.1347759669	0.0813652909	-0.1250980553	-0.1344422733	-0.1970618001	-0.0832938506	-0.0356502239	0.0810454457	0.0203070594	0.1335249513	0.1589166477	-0.0877708054	0.0401620256	-0.0976665305	-0.0397052795	0.0012137648	0.0411269591	0.0341049264	0.0848344247	0.1943776793	0.1906382567	-0.0358017975	-0.1754542096	0.1576307495	-0.039416368	0.0254390949	-0.29471463	-0.2197901762	-0.1089654181	-0.0719214409	0.0391259101	-0.0953911451	-0.0954082602	-0.020412691	0.1124686603	-0.1356886173	-0.0851039785	0.2054968242	-0.0059493938	0.0795143126	0.0178277083	-0.1413436977	0.0146429063	0.170291278	-0.1921064952	0.1320440174	-0.0055957652	-0.0704316911	-0.0748542884	0.0525200474	-0.0524454259	0.0119976666	-0.1604283308	-0.0707665311	-0.0850123418	-0.131218443	-0.0793404266	0.0644514512	-0.0392444906	-0.1333121588	0.0089898465926694	0.0050681633470049	8.081734175972963e-05	2.568627971192392e-05	-0.0196691945196647	0.0102053105746478	0.0003868772130524	0.000104148363925	-0.0687609674644846	-0.0621439005591355	0.0047280706466519	0.0038618643767037	-8.300359061542604e-05	-0.0008745324955551	6.8895960550532425e-09	7.648070857818766e-07	5.499459148250452e-05	0.0004989427473021	2.489438650853718e-07	3.024405092327558e-09	0.0001300024838952	-6.734805344999937e-07	1.6900645818921737e-08	4.535760303503972e-13
1230.8964133921695	0.8609094750943314	0.7411651243071972	1515105.9805017067	1528.538513385697	11.360746876293206	2336429.9869033564	129.06656958720583	1186.88035544371	1.414990025707766	1408684.9781381872	2.002196772852465	1246.5077118072256	1147.795318428186	1.346413	24.564144	0.1121659915550065	0.0656359366783475	-0.0183806281	0.1092125471	-0.0173314441	0.0568379721	-0.0425454975	0.0456113112	-0.1289534665	-0.0627766234	-0.1867815519	-0.3259497644	0.1030112416	-0.1662396707	0.0983210945	0.0204934993	0.0427031429	0.0726995394	0.0185113878	0.0461175492	-0.1565122777	0.0938824721	-0.0023920109	-0.1027464255	0.0776047984	0.0395015322	0.1638699246	0.1769092321	0.1139206828	-0.0343466418	5.40325e-05	-0.1381034964	0.1232608789	-0.1128473628	-0.1830577575	-0.0522825403	0.026400907	-0.037409336	0.031532137	0.0482096961	0.130388377	-0.0289155851	0.0031538285	-0.1637778239	-0.0468790678	-0.0477120349	-0.2782511008	0.0625506193	-0.0615176991	-0.0286966652	-0.210172715	0.0961013675	0.0134734359	0.0591376536	0.0517502973	0.1495718783	-0.0223527473	0.1951700924	-0.0205499702	0.0555111014	0.0159910622	0.0754576056	0.0496601036	0.0250917073	0.2137083578	-0.0607603549	0.1548028858	0.0465607426	-0.0832563042	0.0861468355	0.2484282238	0.012224126	-0.0248382409	-0.1530468221	-0.0446971468	-0.1273444172	0.0089962065588622	6.359966192798564e-06	8.093173244971525e-05	4.0449169973540656e-11	-0.0456059710932947	-0.02593677657363	0.0020799045993624	0.0006727163790304	-0.0512402760745374	0.0175206913899471	0.0026255658921948	0.0003069746267817	0.0010430147620536	0.001126018352669	1.0878797938617278e-06	1.2679173305474672e-06	-0.0001929319666518	-0.0002479265581343	6.146757822832266e-08	3.722274375613127e-08	0.0001301008455966	9.836170140000333e-08	1.6926230024950354e-08	9.675024302303418e-15
1231.7901380389055	0.8937246467360183	0.7987437441834206	1517306.944169906	1529.2228296545168	0.6843162688198845	2338522.462736567	0.4682887557715684	1189.348608294104	2.468252850394037	1414550.112051122	6.092272133478291	1247.9984323942722	1137.0154413052044	1.192284	21.752188	0.0803285199261221	0.043780402381372	-0.0341205416	-0.0041013795	-0.0841270092	0.0275501726	0.0419087408	0.1875975916	0.0393870963	0.0218469038	0.1824516628	-0.1064644853	-0.0720178785	0.0256661165	0.0142180025	0.0840467531	0.1631320986	6.09088e-05	-0.0393204515	0.0692232263	-0.1002998189	0.0323584812	0.0537839417	0.0531278867	0.0942030017	-0.0043886488	0.1497683479	0.0450410875	-0.0274199796	-0.0802960888	0.0762512374	-0.0926485054	-0.0475327239	-0.1716222381	-0.0120459003	-0.0461843985	0.227126483	0.1820916963	-0.0254565224	-0.0019621874	-0.0659211632	-0.0467386797	-0.1161839173	0.0645451226	0.0534066299	-0.0684886694	-0.0322505201	0.1429540427	-0.0084483076	-0.1454067865	-0.1534024399	-0.080134941	-0.2342468246	0.0314691381	0.0806598405	0.0546439206	-0.0244812004	0.0209680132	0.0634141576	-0.1087267376	0.0400865464	0.2009756992	-0.0894014615	-0.2319495334	-0.014305298	-0.0501448383	0.1030503205	-0.1286159583	-0.0746425644	0.0652529416	-0.0530781615	-0.1903674581	-0.1657970848	0.085879363	-0.0500887521	-0.1206811645	0.0090055807505819	9.374191719700373e-06	8.110048465525125e-05	8.787547039769904e-11	-0.0811413370173426	-0.0355353659240478	0.0065839165729619	0.0012627622313559	-0.0745204625732469	-0.0232801864987095	0.0055532993421306	0.0005419670834146	0.0006130123432599	-0.0004300024187937	3.757841329889935e-07	1.8490208016843252e-07	-0.0001929596443095	-2.76776576999926e-08	7.660527357579595e-16	3.723342433204875e-08	0.0001300590758151	-4.176978150001258e-08	1.6915363201877928e-08	1.7447146465587937e-15
1227.3595940379037	-4.430544001001863	19.6297201448136	1506411.5730768878	1522.210599785609	-7.0122298689077525	2317125.1100996635	49.17136773440203	1188.6471341124966	-0.7014741816074093	1412882.009433851	0.4920660274617845	1246.8036806992009	1116.1584576823766	1.154742	21.067272	0.0745863536040226	0.0502290780097934	-0.1722965643	0.0124000606	-0.0232464786	0.145311603	0.0849814087	0.2394899132	0.0718608839	0.0692669464	0.2577848552	-0.0371043232	0.0948260854	0.0492955232	-0.1127559786	-0.0763051194	0.1544759502	0.091924193	0.0335341939	-0.2001405066	0.172358838	0.1804864531	-0.0306309925	-0.1170007628	0.2485674961	0.0184955638	0.0422675363	-0.1978839712	0.0174077881	-0.1148600249	0.0215242418	-0.1294974894	-0.1752509475	-0.1351558054	0.087560838	0.124708476	0.0787242697	0.0832171687	-0.1477936341	0.0818434087	-0.1468747516	0.0087521659	0.0360891366	0.2009151304	0.1302292159	-0.1173144182	-0.1419532524	0.1011185944	0.1483552754	-0.2129477846	0.0722742104	0.0081136644	-0.2212496681	0.0990290747	-0.022480261	0.1793114644	0.093212777	0.0007588519	0.0120207122	-0.2032369291	0.1416168405	0.0816566906	-0.1865525023	-0.0936757801	-0.1007611412	0.0139356572	0.0030635315	-0.0317408791	-0.1884865982	-0.1356695992	0.1404805704	-0.2328247157	-0.190457156	0.1920165523	-0.0554119421	-0.1133587932	0.0090044768327572	-1.1039178246987497e-06	8.108060303166115e-05	1.2186345636876194e-12	-0.043842331833801	0.0372990051835415	0.0019221500606251	0.0013912157876818	-0.0614881452553106	0.0130323173179363	0.0037807920069381	0.0001698412946753	0.0001280123694419	-0.000484999973818	1.6387166730129493e-08	2.352249746034608e-07	-0.0001929915028004	-3.1858490900005174e-08	1.014963442425712e-15	3.72457201531568e-08	0.0001300123644296	-4.6711385499979005e-08	1.6903214904575123e-08	2.181953535327649e-15
1221.2440295888057	-6.115564449097974	37.400128531071005	1491436.9798063035	1513.5789895973458	-8.631610188263267	2290921.357750522	74.50469444213023	1184.342513125167	-4.304620987329599	1402667.1883956364	18.52976184455845	1241.557996054854	1090.607495524938	1.206579	22.012995	0.1482218100346601	0.0758465612299013	-0.291782481	0.0620009707	0.1017024992	0.2855366863	0.0937664074	0.0837274971	-0.0233617083	0.0770492617	-0.0642533559	-0.0472477291	0.1788665551	0.0490421133	0.0100552997	-0.0258000962	0.3425865958	-0.0697830625	-0.0149534691	-0.0397714187	-0.0152555709	-0.0639979032	0.0416044931	0.1714127641	-0.250388752	-0.1051516643	-0.1376495261	-0.1023310849	0.0045862621	0.0088151161	-0.0317524342	-0.2277068407	-0.1489291105	-0.0751837228	-0.1019907125	0.1652457346	0.0313933172	0.0495835949	-0.1821672421	-0.0936509494	-0.1127613164	-0.037169592	0.1330122398	0.1423359109	-0.1375190072	0.2191137606	0.0733616905	-0.0571599625	0.0348219302	-0.0074885686	-0.0041335412	0.247890928	-0.088413515	0.1285150609	-0.1003412527	0.1529560961	0.1424653263	0.0099898381	-0.0079766585	-0.1654502244	0.2067078976	-0.0974539497	-0.2203433454	0.0824797196	-0.1193041575	-0.0509785836	-0.1086962686	0.000430888	-0.0183050323	0.0828776276	0.0871749059	0.2350774431	-0.1191305214	0.0318029094	-0.0606594461	-0.1054172954	0.0056403627812642	-0.003364114051493	3.1813692304270425e-05	1.131726335145265e-05	-0.0136536961984177	0.0301886356353833	0.0001864234198786	0.0009113537215259	-0.0045784946994018	0.0569096505559088	2.096261371245038e-05	0.0032387083263956	0.0012830137309638	0.0011550013615219	1.6461242338416504e-06	1.3340281451174428e-06	-0.0001929162047245	7.529807589999692e-08	5.669800234241696e-15	3.72166620453052e-08	0.0001301239006693	1.1153623969998249e-07	1.693222952539385e-08	1.2440332766411952e-14
1219.9001416268718	-1.3438879619338877	1.8060348542308184	1488156.3555412618	1501.2818530758484	-12.29713652149735	2253847.202374853	151.21956662834396	1185.5953082223225	1.2527950971555128	1405636.2348787838	1.5694955554568908	1239.702124191005	1077.9769639033116	0.966637	17.635452	0.0338829650959165	0.0172904739881707	-0.3097641735	0.0918727936	0.0935143678	0.3340638841	0.0239723734	0.0051641991	-0.2005230334	0.0206860598	-0.01093315	-0.0177506889	0.1253369815	0.0368886852	0.0602596782	0.0429241901	0.1324279375	-0.1216054974	-0.01878907	0.0436304326	0.0037694247	0.0663562935	0.0542466764	0.0203672871	-0.0096338038	-0.1105735213	-0.1384757285	0.0914176431	-0.0513729714	-0.0223311831	-0.1577798483	-0.2213540101	-0.0743937888	0.0516056925	-0.1821352634	0.1034751583	0.0226105138	0.0337008106	-0.076653711	-0.182806012	-0.0672800071	-0.1110456872	0.1452732989	-0.0039192141	-0.0759486036	0.099234532	0.1814187618	0.0904642801	-0.057673502	0.1179016152	-0.0490610908	0.2610104148	-0.0945607103	0.1288920306	-0.1095214141	-0.0296283057	0.0940767625	-0.0284725538	0.0017986915	-0.0674129851	0.2736127523	-0.0787224363	-0.0311062033	0.1571855197	-0.1394481125	-0.1421869658	0.0337479573	0.0341549059	0.1295012905	0.0906363125	-0.1100877579	0.1637316132	-0.0896474105	0.0739427755	-0.0658240966	-0.096900045	-0.0043133011870253	-0.0099536639682895	1.8604567129993863e-05	9.907542639362468e-05	-0.0098421479637664	0.0038115482346513	9.686787654067112e-05	1.452789994507344e-05	0.0035063191503468	0.0080848138497486	1.2294273984088704e-05	6.53642149850868e-05	0.0012659965865433	-1.7017144420500112e-05	1.6027473571392872e-06	2.895832042281581e-10	3.0582381655541724e-05	0.00022349858638	4.9951618113876976e-08	9.352820677252147e-10	0.0001299808506053	-1.4305006399998525e-07	1.689502152407732e-08	2.046332081039988e-14
1220.9833511126135	1.0832094857416903	1.1733427900007776	1490800.3436941877	1506.7276314236472	5.445778347798751	2270228.155295514	29.65650181335369	1182.6537412985776	-2.9415669237448583	1398669.871807523	8.652815966869788	1236.6610574579477	1085.0232600090649	1.160005	21.163288	0.113849248707369	0.0561877682585067	-0.2521389349	0.1619683577	0.1635844054	0.2617877537	-0.1022493367	-0.1712720231	-0.0726272457	0.1795325509	0.2063816084	0.1355471883	0.1785597648	-0.1462381696	-0.1006800427	0.0933563311	0.0016384427	0.0264368798	0.01776953	0.0667329378	-0.0742435041	-0.0997460293	-0.1488645918	0.031854121	-0.1094218891	0.1951815022	-0.075956469	-0.084550342	-0.0034970644	0.022369263	-0.085171199	-0.1126327421	-0.0048650618	0.2247652024	-0.0370289598	0.1056911566	0.2479956647	-0.0588763555	-0.0874153943	0.0162937962	-0.0078542797	0.0179400768	0.0399838555	0.0173111266	-0.0316519804	0.1223799879	0.2671893264	-0.0194217344	0.0190941508	0.2070584687	0.1069495741	0.0426564207	-0.2210824568	0.1969073984	-0.068091071	-0.0634776589	0.1470706348	-0.070619704	0.0438662149	0.1640544439	0.1836106489	-0.1081837374	0.0860042443	-0.0331708803	-0.1032200246	-0.0326482992	-0.1154526419	0.0364753759	0.0824512207	-0.0758918346	-0.0410232426	-0.0112798343	-0.0823070976	-0.239073443	-0.0708988393	-0.0878535601	-0.0082571023352926	-0.0039438011482673	6.817973897549451e-05	1.555356749707447e-05	-0.0204434912541842	-0.0106013432904177	0.0004179363346599	0.0001123884795612	-0.0463205384215683	-0.0498268575719151	0.0021455922796639	0.0024827157354919	0.000521998957766	-0.0007439976287772	2.724829119087903e-07	5.535324716262449e-07	-7.300312624014538e-05	-0.0001035855078956	1.0729957446007457e-08	5.329456440834602e-09	-1.1980946657089771e-05	-0.0001419617972623	1.4354308280003057e-10	2.0153151881967862e-08
1224.4090335128808	3.4256824002673056	11.735299907501169	1499177.481347947	1510.1342049908164	3.406573567169289	2280505.317083245	11.604743468536496	1183.7167676615918	1.06302636301416	1401185.386043207	1.1300250484631125	1237.4143568092893	1093.9065234954771	1.083708	19.77132	0.0623047875074101	0.0289704200346647	-0.1585414078	0.1181662389	0.1279662213	0.15342618	-0.1013846846	-0.3461896988	-0.0162908432	0.0685233474	0.020119249	0.025829267	0.0973918149	-0.1296252925	-0.0230857588	-0.0956940233	0.037230128	-0.102277114	-0.071466406	-0.1096049137	-0.0684268104	-0.0341891727	-0.0719824065	-0.0928961164	-0.0818773704	-0.0532762157	-0.156561901	0.1483053241	-0.1144265594	0.0922221456	-0.1661555863	-0.0533989146	0.1276392148	0.2485619511	-0.1497623108	0.0636147128	0.1213164084	0.2296834789	-0.0351902684	-0.0568441102	0.0911089956	0.0850806005	0.0968512644	-0.0225083114	-0.0443116158	0.092501814	0.0432019825	-0.0754940148	0.0023749626	0.0020830926	0.0475123338	0.1569436588	-0.0031532772	0.1570182701	-0.0657936163	-0.0671387078	0.1210419026	0.0673837792	-0.0277509687	0.1046542759	0.0796808106	-0.0640484952	0.1994324802	0.0343138314	0.0908018044	-0.0959349625	-0.1237305148	-0.118690829	-0.0070865658	-0.0363638703	-0.0826103566	-0.1744953039	0.0746895159	-0.1732652482	-0.0758767427	-0.0783272495	0.0048423927238161	0.0130994950591087	2.344876729166711e-05	0.0001715967708036	0.0002763988046723	0.0207198900588565	7.639629922427626e-08	0.0004293138440511	-0.0582062908783882	-0.0118857524568199	0.0033879722978195	0.0001412711114648	0.0003930069347465	-0.0001289920230195	1.544544507588397e-07	1.6638942002663236e-08	-0.0001909856302784	-0.0001179825040382	1.3919871259136763e-08	3.647551097283769e-08	7.303752493765554e-05	8.501847159474532e-05	5.334480049018655e-09	7.228140512306515e-09
1228.2797227686458	3.870689255765001	14.982235314694616	1508671.0773646217	1515.0440819342405	4.909876943424024	2295358.570203965	24.10689159956684	1186.3263312445747	2.6095635829829007	1407370.1642042124	6.8098220936305545	1241.5855352874603	1125.402443059551	1.003739	18.312346	0.0199605488591375	0.0167489192950127	-0.0524124431	0.1292933643	0.079282321	0.0928915287	-0.1395036937	-0.1820736491	-0.0575888654	0.1185057489	-0.0557906275	-0.022682518	0.1180419829	-0.0678693101	0.007612069	-0.0431022236	-0.163318298	-0.2198118581	0.0371604825	-0.1791215725	-0.0887274142	-0.0093748079	0.1226338022	-0.1368132163	0.0216805746	-0.1258963186	0.0184007712	-0.0062468535	0.1015396564	-0.2263964432	0.2178288413	-0.0578523408	0.1325989902	0.1763636527	-0.0668533669	0.01379247	-0.0048063938	0.1628779028	0.0209002068	0.019871777	0.0557880054	0.0439479399	-0.0370927823	-0.0926946857	0.07525023	-0.0687919654	0.1987020098	0.0327322409	0.0854901367	-0.1973495417	-0.0062358516	0.1500624464	0.0583014457	0.116321546	-0.0765227371	-0.2170264543	0.1114970777	-0.0189741531	-0.0713185449	0.0588457302	0.0060789972	-0.0396984694	0.153691472	-0.0020943078	0.1310004458	0.0622111292	-0.0193479299	-0.1491465281	0.0052569894	-0.0132435143	-0.1395240162	-0.3525663149	0.0890028635	0.02334746	-0.0807510076	-0.0683731426	0.0049620590486796	0.0001196663248634	2.4622030002583096e-05	1.4320029306336685e-08	0.0169951934818612	0.0167187946771888	0.0002888366014858	0.0002795180954579	-0.0586027436651761	-0.0003964527867878	0.0034342815650863	1.571748121518899e-07	0.0004125101649959	1.950323024940004e-05	1.7016463622494465e-07	3.803759901611127e-10	-0.0001909779352544	7.695023999997141e-09	5.921339436053198e-17	3.64725717540338e-08	0.0001080393010702	3.500177613254445e-05	1.1672490575737318e-08	1.2251243324327583e-09
1229.6340723570936	1.3543495884478034	1.8342628077287344	1511999.95190149	1527.7807637397816	12.73668180554114	2334114.06205331	162.22306341560267	1184.4942838228667	-1.832047421708012	1403026.7084090458	3.3563977553869737	1241.0392689125708	1138.5731649378895	1.111158	20.27212	0.0392993396321824	0.0178289136774536	0.0169001149	0.0766157607	0.2363457668	0.0065718702	0.0458828162	-0.2146222077	-0.0127967896	0.2412308695	-0.006365935	0.2025412064	0.0840926437	-0.0784320543	-0.1063382493	-0.1351591201	0.0211934406	-0.057312226	0.0111144727	-0.0349253386	0.0996088866	0.099766755	-0.0758084701	-0.0066949925	-0.066994227	0.1441278631	0.0001702905	0.1040975572	-0.0631673398	0.2177551968	-0.1233541403	0.0843403477	0.0074548539	0.1822096626	-0.0253121848	0.2092926424	-0.0082416359	0.0381975345	0.0920762353	0.095697096	-0.0350729572	-0.136677781	-0.0818057542	0.1668870128	0.143007338	0.0804575434	0.0064815474	-0.1676962662	0.0514468427	0.0694990978	0.1173574167	0.0142879239	0.0477097446	0.1098566174	-0.1656375387	-0.231596589	0.1324029699	-0.0766378388	0.1141022954	0.0316229775	-0.159624051	0.0970136395	0.0267764853	-0.1149693238	-0.0021616382	-0.1437392986	-0.1324838859	0.0998918614	-0.0509853771	-0.0249458722	0.0042154903	0.0444837071	0.0799769232	-0.1081095075	-0.0855149763	-0.0580456054	0.0088539355024437	0.0038918764537641	7.839217388143297e-05	1.5146702331363428e-05	0.029483160990523	0.0124879675086618	0.000869256781993	0.0001559493324973	-0.0647212771292089	-0.0061185334640328	0.0041888437132358	3.743645175048922e-05	0.0002230107733263	-0.0001894993916696	4.973380501959436e-08	3.5910019443148485e-08	-0.0003009920419352	-0.0001100141066807	1.210310366877444e-08	9.059620930832121e-08	7.153355530612581e-05	-3.650574576407418e-05	5.11704953473456e-09	1.33266947379122e-09
1231.873265050704	2.2391926936104483	5.013983919118415	1517511.741146682	1514.5244197213888	-13.256344018392838	2293784.217932409	175.73065673397957	1186.750030256744	2.2557464338772206	1408375.634314383	5.088391973949798	1238.380093744313	1133.7400143649234	1.136214	20.729239	0.1357239370460029	0.097983222051065	0.0576297665	-0.0284992383	0.2452358765	-0.0431005954	0.1792056989	-0.1552024926	-0.1396217393	0.1032258308	0.2495014471	0.170099706	-0.0485400537	-0.2183359395	-0.1864920189	-0.041238604	0.0328888405	-0.0985770397	-0.0592477624	-0.2086927086	0.1155933307	0.0497888468	-0.1320754164	-0.0068670958	0.1795402249	-0.1151618801	0.0571287809	0.0736535478	0.0910660375	0.1044324524	0.1431109888	0.2142278658	0.0056936136	0.1294926758	0.0248361253	0.1571651106	0.1761206143	-0.0996356816	-0.0232845972	-0.0499359194	-0.0081922441	-0.1805055069	0.1229497863	0.1435144419	0.0962930586	-0.0399708365	-0.2036171781	0.2001702968	0.0992745295	-0.160808098	0.0926961214	-0.2324393218	-0.0775260964	0.0987046718	-0.205282097	0.0443767127	0.1678585848	0.0771263022	0.2739719464	-0.0111908611	-0.0228633131	0.1001553561	0.0331651906	-0.1531446649	-0.0553095573	0.1669275342	0.1325070976	-0.015951666	0.3549377285	0.0232736808	0.1311469495	-0.0382366997	0.0498832192	-0.0976618575	-0.0901621419	-0.0474010431	0.007362343115659	-0.0014915923867846	5.420409615269147e-05	2.224847848314077e-06	-0.0640992826743485	-0.0935824436648715	0.004108718039366	0.0087576737622888	-0.0894426252175719	-0.024721348088363	0.007999983205811	0.000611145051306	0.0002230510084125	4.023508619999767e-08	4.9751752353833146e-08	1.618862161521243e-15	-0.0002779587552159	2.303328671929999e-05	5.305322970934811e-10	7.726106960117261e-08	0.0003670310916203	0.0002954975363141	1.3471182221598905e-07	8.731879396774669e-08
1236.156108960522	4.282843909817984	18.342751955865	1528081.925720418	1515.9913453361055	1.4669256147167289	2298229.759133975	2.151870759112053	1189.0255069569644	2.275476700220452	1413781.6561942662	5.177794213246155	1239.8640878585334	1145.884802967621	1.230701	22.453089	0.0486401617846681	0.0321536691693113	0.129185897	0.0507196708	0.1208907516	-0.1204005025	0.0092097522	-0.1300005917	-0.1050921942	-0.0168000574	0.0822781901	-0.084870212	-0.1086312948	-0.0338777534	-0.0398715675	-0.1654575703	-0.0926111115	0.134849646	-0.0902806638	-0.094581816	-0.1539559727	-0.0232342398	0.0643815307	-0.0492019472	-0.2652067176	-0.037252746	0.0996478585	-0.0964708302	-0.0378232387	-0.1174846242	-0.2443487504	0.1649760581	0.1643094448	0.0077932814	-0.0813742644	0.0217123884	-0.0804271139	0.0621375132	-0.2763799732	-0.1368344373	-0.0490080061	0.0707150031	0.1440576395	-0.045606386	-0.1062156189	-0.0251561641	-0.0606363209	-0.1349643555	-0.0503384721	-0.079799758	-0.0245004089	-0.0947962763	0.16518994	0.1357979021	-0.0912807755	0.1197077771	0.2610135034	0.1624247554	-0.13381059	-0.0796351993	-0.143641652	0.0142991021	-0.0213714911	0.1836372362	-0.0070216687	0.1438121744	-0.0131526148	-0.0429874115	0.037280142	-0.0677421374	-0.0782360214	-0.0570574278	0.0107297029	-0.0835602291	-0.0946861568	-0.0364975928	0.0114310948965794	0.0040687517809204	0.0001306699305346	1.6554741054742928e-05	-0.0342835352575576	0.0298157474167909	0.0011753607897561	0.0008889787940218	-0.0893878381856723	5.478703189960854e-05	0.0079901856155079	3.001618864368724e-09	7.002863751935466e-05	-0.0001530223708931	4.904010072817168e-09	2.3415845993759332e-08	-0.0001729886925623	0.0001049700626535	1.1018714053500708e-08	2.9925087754413954e-08	0.0003310060140659	-3.602507755439999e-05	1.0956498134779477e-07	1.2978062128005339e-09
1236.6643928924248	0.5082839319027244	0.2583525554304933	1529338.8206479894	1527.250383793913	11.259038457807492	2332493.7347986544	126.7659469943881	1190.7916523207966	1.7661453638322655	1417984.759236893	3.1192694461862054	1243.6608286649732	1165.0949271566435	1.084886	19.792818	0.0534950634400725	0.0343169006359437	0.1168350994	0.1173296666	0.0214841555	-0.0963679947	-0.1594702398	0.0988945148	-0.1432487829	0.0390562825	-0.1247607889	-0.1944131392	-0.1384279478	0.0938957732	-0.0951659733	-0.0625977373	0.0365147134	-0.0542004647	0.2648952029	-0.0214447121	-0.2081435913	0.1190959536	-0.0571005712	0.0418651486	0.0118922127	0.0006330721	-0.0931951564	-0.1258211775	0.0053210344	0.0680694634	-0.1733125953	0.0154012676	0.1747436096	-0.174226866	-0.0492731462	0.0882883155	-0.1197279916	0.106657621	0.0172183815	0.1048805932	-0.1867297897	-0.0163443836	0.1512772978	-0.1092026388	-0.059592511	0.1500239518	0.0180732373	-0.0381444661	-0.1157972732	-0.0240642144	-0.1483261236	-0.0027610049	0.1655203286	0.1016505636	-0.0016753484	0.0863631599	0.1289810039	0.0068376764	-0.1904441637	-0.0371229928	-0.2490225886	-0.0334289935	-0.0658573445	0.0569031297	0.0887133587	0.1629126028	-0.0446431844	-0.0323797479	0.010511018	0.1538831959	-0.1038399053	0.0245951196	-0.2359997058	0.0465966303	-0.0990808418	-0.0253948054	0.0113816180425203	-4.9476854059100905e-05	0.0001295412292658	2.4479590875855696e-09	-0.0232464793196811	0.0110370559378764	0.0005403988007603	0.0001218166037758	-0.096021423728942	-0.0066335855432697	0.009220113814933	4.400445715987682e-05	0.0006450512141031	0.0005750225765837	4.160910688158834e-07	3.3065096358100934e-07	-0.0002773814136958	-0.0001043927211335	1.0897840225656696e-08	7.694044866388054e-08	0.000367089618446	3.6083604380100017e-05	1.347547879708299e-07	1.302026505059573e-09
1235.3331022087332	-1.3312906836915772	1.772334884483987	1526047.8734126524	1526.3359744848794	-0.9144093090335446	2329701.5070067067	0.8361443844472044	1188.5072003225996	-2.284451998197028	1412549.3652186638	5.218720932066394	1246.5303169542462	1164.410370008433	1.035127	18.884993	0.0828358743130675	0.0623028184489448	0.0361879676	0.1446176248	-0.0691713387	-0.0418598919	-0.1075903199	0.2013736156	-0.1260485404	0.0258373556	-0.0564623768	-0.2136944296	-0.0556378469	-0.0142628639	-0.1572256009	0.1827954252	0.0193839219	-0.03564858	0.0235509923	0.1410110963	0.0565941333	0.075896011	-0.0177994281	0.0367128394	-0.0243055762	-0.0240400546	-0.0947774065	-0.0665886093	0.1970778119	-0.2266661899	-0.0229605154	-0.0783124831	0.1027625913	-0.2520770666	0.0267940467	0.0418660215	0.1030233474	-0.1772208665	0.0861105488	0.0152791779	0.0148983903	-0.0994968914	-0.0185763245	-0.204784046	0.0232928177	0.0125221472	0.0410857403	0.002685297	-0.0589428268	-0.0800334684	-0.2374985926	-0.0438996933	-0.0506443337	0.1232980939	0.0681041336	0.031136014	-0.0391308719	-0.0506374923	-0.1385627036	-0.0157379116	-0.2355435728	-0.0842065237	-0.1405491082	-0.2506142159	0.0751054872	-0.1054135082	-0.0343506972	0.0393370976	0.1698278371	-0.1686697904	-0.036032265	0.1651880852	0.0252686668	-0.0691843202	-0.1033401944	-0.0141533203	0.0113661018962005	-1.5516146319800167e-05	0.0001291882723148	2.407507966174483e-10	-0.0832342274832171	-0.059987748163536	0.0069279366247279	0.0035985299297318	-0.0800646414041352	0.0159567823248067	0.0064103468031727	0.0002546189021612	0.0006900339770383	4.498276293519999e-05	4.761468894672932e-07	2.023448961284401e-09	-0.0001848734683438	9.2507945352e-05	8.557719953248618e-09	3.4178199297466024e-08	0.0003670637731651	-2.584528089997649e-08	1.347358135702e-07	6.679785447986896e-16
1232.5815461634254	-2.75155604530778	7.571060670469788	1519257.2679426204	1528.8681464795245	2.5321719946450685	2337437.809319737	6.411895010464785	1189.1340840657551	0.6268837431555312	1414039.8698869024	0.39298322743269	1246.3943988971423	1148.252292617129	1.164256	21.24085	0.1087564174294478	0.0667405748495874	-0.0181920762	0.1052235385	-0.127223495	0.0125978263	-0.0133610871	0.229513984	-0.1008235433	-0.0373423237	0.1768709811	-0.0291625202	0.0894394883	0.0511933565	-0.157514093	0.0798547207	-0.0016835457	-0.0212451641	-0.0114260213	-0.124001184	0.216239	-0.0562260691	0.0998636815	0.0738850035	-0.1157689108	-0.0101439112	-0.0662816597	-0.1258541767	0.0469373755	0.0584958624	0.0042682217	-0.1082522191	-0.0128201167	-0.1066043708	0.1236383862	0.0596468885	0.0932716672	-0.0259613491	0.1534994224	-0.1021913299	-0.2007446512	0.0180796073	0.0279400996	0.2274369339	0.0627277121	-0.1747525247	0.0189274685	-0.1201626672	0.0799489716	0.0545133808	0.0741540486	-0.0188703225	-0.1453057426	0.1226439287	0.0439682142	-0.0319196048	-0.1461913975	0.0267846256	-0.0867780919	-0.2584622682	-0.0850097838	-0.0069976062	-0.0270685742	-0.0124994578	0.0997338973	-0.0078758999	0.2190853014	0.2139107424	0.097126306	0.1816371713	-0.0432237378	-0.1769470111	0.1038460326	0.0099868554	-0.1074583966	-0.0028345346	0.0114192563533777	5.315445717720031e-05	0.0001303994156641	2.8253963178028213e-09	-0.0242562043945611	0.058978023088656	0.0005883634516307	0.003478407207446	-0.0651983654410628	0.0148662759630723	0.0042508268561863	0.0002210061610102	0.0005199901417299	-0.0001700438353084	2.703897474962815e-07	2.8914905926390287e-08	-0.0002780174517225	-9.31439833787e-05	8.67580163965154e-09	7.729370346227261e-08	-6.692768655864378e-05	-0.0004339914597237	4.479315228092067e-09	1.8834858711314595e-07
1228.9778495762012	-3.603696587224249	12.9866290927717	1510386.5547489438	1525.7197663768238	-3.148380102700685	2327820.80551295	9.912297271081574	1185.2362498747996	-3.897834190955564	1404784.9680172782	15.193111380182216	1243.3963956912226	1136.4525763525594	1.084404	19.784014	0.0682477230636847	0.0429621917746894	-0.1247429715	0.0947336671	-0.0905836728	0.153965828	-0.0034126539	0.1329753474	-0.078135387	-0.060192455	-0.0309638554	0.0605897499	0.1597975156	-0.0475452396	-0.0693512664	0.0848621997	0.0435634076	0.0031678358	3.7989e-05	0.0692849536	0.0027322595	-0.0761058134	0.0904795833	-0.215604857	-0.0570297441	-0.0214868456	-0.1727692165	0.0838825856	-0.015208252	-0.070851563	0.1003336548	-0.159679238	-0.0523031524	0.0355530588	0.0275609878	0.0391702307	0.0233116349	-0.101495474	0.0485705476	-0.2937671345	-0.0095209912	-0.0223942433	-0.02932742	-0.0647318728	0.0797148527	-0.0241340005	-0.0345862595	-0.0871168032	0.0801973041	0.0794011559	0.0465668815	0.1781842821	-0.0024420653	0.0676766793	-2.9138e-06	0.0302545646	-0.0916746497	0.0543017343	0.0496750507	-0.1821416937	-0.1049722608	-0.2152633101	-0.0361156267	-0.0500995792	-0.0779000198	0.0936968932	0.0559208078	-0.1520402324	0.0117415621	-0.1680175342	0.0405634985	0.0275788236	-0.0050490654	0.0247828524	-0.1114298236	0.0084997322	0.0020922215139762	-0.0093270348394015	4.377390863544864e-06	8.699357889540935e-05	0.0134057384028238	0.0376619427973849	0.0001797138221249	0.0014184219352734	-0.0838073622057749	-0.018608996764712	0.0070236739598899	0.000346294760589	0.0004679904440567	-5.1999697673199975e-05	2.1901505572838726e-07	2.7039685581041987e-09	-0.000278014986734	2.464988499992562e-09	6.0761683050955846e-18	7.72923328487062e-08	-6.593487597661828e-05	9.928105820254988e-07	4.347407870052034e-09	9.856728517818097e-13
1228.0203063807978	-0.957543195403332	0.9168889710632236	1508033.8728835883	1519.9876864603814	-5.732079916442444	2310362.5669911825	32.85674016848282	1187.5037653996394	2.267515524839837	1410165.192838322	5.141626655389681	1243.2740842086107	1128.5169913106772	0.931216	16.989239	0.0389249081828881	0.0271683834458982	-0.1295987083	0.1064019178	-0.0391550953	0.1459696664	-0.0621740051	-0.0002664858	-0.1528085553	-0.1228790034	0.0002863405	0.0140879065	0.1541201721	0.051813052	0.0632663909	-0.1535768739	-0.0199347224	-0.1006999134	-0.0094024551	-0.027399206	0.0113186595	-0.1245488608	0.2190311403	-0.1326826571	-0.1392377474	-0.0294474755	-0.0110086335	-0.132451939	0.1554699506	-0.1212590049	0.0933284279	-0.1646342005	0.0189320744	0.1014439376	-0.0554394813	0.0094233736	-0.0619961517	-0.0422073835	0.1102821024	-0.239658157	0.1164810742	0.0236022884	-0.0775651945	-0.0405077899	-0.0107854581	-0.1891158177	-0.0245232223	0.0200583205	0.1080780988	-0.0925264587	0.0092687529	0.1894942559	0.0118014947	0.0775650566	-0.0050622395	-0.1393263025	-0.0746146031	0.0608804375	0.0504043506	-0.1083378591	-0.0670349304	-0.2642572989	0.0340326135	-0.0316906843	0.0049809389	0.1021970338	0.1084797922	-0.0132839019	-0.0343760613	-0.151552505	-0.0442595804	0.0961493356	0.0442400474	0.1513761551	-0.1152490509	0.0197875765	0.0023265724686183	0.000234350954642	5.41293945173265e-06	5.4920369941663455e-08	0.0089785472886774	-0.0044271911141464	8.061431141501629e-05	1.960002116117685e-05	-0.0879202763748736	-0.0041129141690987	0.0077299749978341	1.691606296237287e-05	0.0003625597819756	-0.0001054306620811	1.3144959550619458e-07	1.11156245068591e-08	-0.0002774218224419	5.93164292100011e-07	3.518438774225073e-13	7.696286756698508e-08	0.0004310503365502	0.0004969852125268	1.858043926400407e-07	2.469943014703268e-07
1229.2493500843746	1.2290437035767354	1.5105484253016184	1511053.9646828573	1525.831544181369	5.843857720987671	2328161.9012189014	34.15067306314722	1184.11623050005	-3.3875348995893546	1402131.2473336477	11.47539269593586	1239.3766897141238	1128.3551491436729	1.014807	18.514288	0.0831735150264902	0.0423468084782989	-0.0589094677	0.0929174285	-0.0242364881	0.0821167228	-0.1148358073	-0.2061791643	0.0791841793	-0.004957092	-0.0120387159	0.0874009015	0.2514347739	-0.1687227222	-0.089562127	0.1498339197	-0.0773163422	-0.0731406603	0.0987487339	-0.1020771368	0.0285314057	0.0887981783	-0.0211821531	-0.0923752572	-0.1190406891	-0.0060558108	0.131772537	0.0579884688	-0.1768606458	0.0489231367	0.0376559603	-0.0786955096	0.0848791207	0.2762105206	0.0133559074	-0.0021344302	0.0812439341	-0.0176925998	0.1945998359	-0.0153581178	0.0257957728	0.0726045902	-0.0271527005	-0.0536791189	0.0812589842	0.0060779921	0.0254057764	-0.0709842986	0.146294087	-0.0459887558	0.0689091852	0.0658450903	-0.0469931163	0.080497262	-0.0100389245	-0.2186652728	-0.0747601756	0.11427338	0.0765232289	-0.0264234558	-0.1205774994	-0.2290033423	0.1088972618	-0.0591632294	-0.0091049724	0.0764250479	0.1062549712	0.1317933056	-0.15126202	0.1328190227	-0.0091406605	0.1404522295	0.0671165149	-0.0218452883	-0.1189108618	0.0309673479	0.0080851542054176	0.0057585817367993	6.536971852538191e-05	3.316126361939845e-05	-0.0053834812511581	-0.0143620285398355	2.8981870381570784e-05	0.000206267863779	-0.0519616682438055	0.0359586081310681	0.0027000149666793	0.0012930214987237	0.00046300629131	0.0001004465093344	2.1437482579264058e-07	1.0089501237465713e-08	-0.0002039855754853	7.343624695659999e-05	5.392882367070742e-09	4.1610115006069024e-08	6.304716046545407e-05	-0.0003680031760847	3.974944442756715e-09	1.3542633760846057e-07
1232.5360783057188	3.2867282213442195	10.802582400980535	1519145.184325241	1523.340290802204	-2.491253379165073	2320565.6415813435	6.206343399201395	1187.8796929253472	3.7634624252971207	1411058.1648644172	14.163649426623286	1240.317652773738	1129.2626056392407	1.038134	18.939863	0.0920662999635446	0.0450250331050432	0.0255277183	-0.0154925198	-0.0716619779	-0.0341045694	-0.0376504088	-0.2280881581	0.1453744517	-0.1237556459	0.0233903398	0.0648648489	0.0125450894	-0.0624165104	-0.0136771909	-0.0650313066	-0.0076987667	0.1211897472	-0.0830243534	0.0744453987	-0.2129001614	0.1388770686	0.0817055636	0.0681841433	0.0935390812	-0.0754282223	-0.1053343969	0.2672096133	-0.0945407336	-0.0208589125	0.2329535623	0.0481490076	0.099886127	0.2044600245	0.0845472245	-0.0873977735	0.0251570519	0.0441355133	0.011661515	0.001409311	0.1308115586	-0.0075434766	-0.1043079328	-0.1417374894	0.0579250181	0.0202568822	-0.2802343196	0.244500715	0.0450139518	0.1409884526	0.1143074398	-0.0293644477	-0.005223433	0.0232291226	0.0450599188	0.02345099	0.0404705756	0.3254499824	0.2031237247	0.0594295896	-0.0958251724	0.0193156288	0.0970144413	-0.0798683967	-0.1053892343	0.1996160428	0.0685202703	0.1024866753	-0.1783099409	0.0519551173	0.0957369686	0.0973270701	0.1825927686	0.1137626443	-0.1224102548	0.0419779864	0.0070659369485355	-0.0010192172568821	4.9927464960679176e-05	1.0388038167262727e-06	-0.025922914610291	-0.0205394333591329	0.0006719975018924	0.0004218683227142	-0.0912229785701157	-0.0392613103263102	0.0083216318192037	0.0015414504885388	1.202014446415697e-05	-0.0004509861468458	1.4448387293920342e-10	2.0338850464686034e-07	-0.0001849990952915	1.8986480193800004e-05	3.6048643014955977e-10	3.422466525867349e-08	0.0002180013138502	0.0001549541533847	4.752457284041341e-08	2.4010789651183374e-08
1238.303836094825	5.767757789106327	33.2670299137967	1533396.3904871594	1523.1096078228477	-0.2306829793562883	2319862.877442269	0.0532146369646937	1192.4012406830095	4.521547757662347	1421820.7187823805	20.4443941248214	1246.0272583667927	1157.3651113968056	1.355094	24.722517	0.1303937090184015	0.0835884521260009	0.092148355	-0.1386693631	-0.1295379025	-0.1236697671	0.0333357812	-0.0998174216	-0.0473359956	-0.2157317407	-0.1161011691	-0.1180866794	-0.1904557668	0.0080851905	0.1053132572	0.0928369691	0.1564670848	-0.1441370616	0.1375541987	0.0586025101	-0.1120836111	-0.0192138729	0.0179705113	-0.1129770019	-0.1582153705	-0.0375862046	-0.1566644047	-0.0444585097	-0.0186368293	0.0853000567	0.0823684223	0.1080700292	0.0565914732	-0.156157378	-0.1236498664	-0.2398792135	0.0173898608	0.0537358361	0.0906303485	-0.072489031	-0.1911110584	-0.2003027677	-0.2139783234	-0.0707580882	-0.0800826537	0.31458182	-0.082607827	-0.0601843042	0.2061536773	0.1144024824	-0.280111658	-0.0529746586	0.0054125785	-0.1730025807	-0.0059257833	0.0673597875	0.1490724678	0.2830843065	-0.0538458728	0.0602343128	-0.1414121959	-0.1056960966	-0.0322709647	-0.0247463198	-0.1090714668	-0.35150504	-0.0212151095	0.0886076354	-0.0895252794	-0.0498661294	0.1411970007	-0.1771065359	-0.0908300538	-0.1156760066	-0.1257424501	0.0527593557	0.0172822356583282	0.0102162987097927	0.0002986756693499	0.0001043727593277	-0.0983514302607773	-0.0724285156504863	0.0096730038343405	0.0052458898793327	-0.1121411249686161	-0.0209181463985003	0.0125756319092267	0.000437568848749	0.0004950246181385	0.0004830044736743	2.450493725631677e-07	2.332933215894291e-07	-0.0001844328231697	5.662721217999955e-07	3.206641159278689e-13	3.4015466262345824e-08	0.0002710455332465	5.304421939629999e-05	7.346568109287953e-08	2.8136892113628074e-09
1237.7460761411064	-0.557759953718687	0.3110961659722719	1532015.3490027057	1541.6048292955816	18.495221472733878	2376545.449707459	342.0732173254761	1193.0538940429688	0.6526533599592312	1423377.5940910913	0.4259564082660738	1248.2671096852537	1171.0664172003314	1.278554	23.326109	0.0821332631160228	0.0613564792558264	0.0746920196	-0.2430926518	-0.0078362375	-0.098557518	0.2091502588	0.1122100345	0.0226174731	0.0374544882	0.0380711137	0.0176645328	-0.1833312247	0.1581846009	-0.0075083292	0.1848828117	0.0676142488	-0.0554599907	0.0259747659	-0.1456134611	0.0240240894	0.0496571124	-0.0219237813	0.0594359235	0.0470045401	-0.0693924716	0.1656425027	-0.0490384749	-0.0401057241	-0.0377611443	0.0221338997	0.134120237	-0.1563634774	-0.210724925	-0.0272282857	-0.0733910291	0.1537372413	0.1721587374	0.1772355142	-0.0174635929	0.0803776897	-0.0067714927	-0.0104258144	-0.0754313943	0.0293387098	-0.056960602	0.1663526225	0.149198416	-0.0040361801	-0.075855957	-0.0602145964	-0.0959725805	-0.0997529368	-0.1716820533	-0.0475427259	-0.0606476315	-0.0967989522	-0.0450294247	-0.1556838507	-0.1539177113	-0.05264066	0.0634852757	0.0562523138	-0.0875258215	-0.1160705251	-0.0074729435	0.0334326101	-0.1225240065	-0.1282030076	0.1097393903	-0.1193487876	-0.0041230094	0.0267397172	-0.0577101017	-0.1289028963	0.0632525717	0.0079704022079312	-0.009311833450397	6.352731135619455e-05	8.671024220793252e-05	-0.0385365255938268	0.0598149046669505	0.0014850638048436	0.0035778228203163	-0.1025347003601808	0.0096064246084353	0.010513364777952	9.22833937575514e-05	0.0004740291450772	-2.0995473061299983e-05	2.247036303826211e-07	4.4080988906777327e-10	-0.0001844246170894	8.206080300004895e-09	6.733975389012843e-17	3.40124393885718e-08	0.0003180438619097	4.699832866319998e-05	1.0115189809843632e-07	2.208842897134165e-09
1234.159875936437	-3.586200204669467	12.860831907971328	1523150.5993714414	1534.555733383886	-7.049095911695531	2354861.2988613565	49.68975317228265	1191.5991878672544	-1.4547061757143638	1419908.6245259002	2.116170057661509	1247.5725373634682	1148.36280609322	1.088948	19.866911	0.0564386667095428	0.0356181216098971	-0.0397896013	-0.2062817466	0.0614812001	-0.0002037153	0.2440219985	0.11433499	0.2196413081	0.0907804313	-0.0470104465	0.0795866171	-0.0701512711	0.1568660121	0.1692136174	0.1301930501	0.0981050456	0.0851696025	0.0653816794	-0.0178078272	0.0150223967	0.0619937665	-0.0088876895	0.1027596645	-0.0248480376	0.0026794179	-0.156395664	0.056327099	-0.0382960877	0.0037435359	0.1653010134	0.034156062	-0.2775029729	-0.1401176313	0.0539824452	-0.0264180592	-0.0319620328	0.0558952946	0.0203423508	0.0443770287	0.1791689184	0.0627497462	-0.0156781162	-0.0623386803	0.0354297762	0.0426076407	0.0998641307	0.0053784609	0.0504098885	0.0564985091	0.1172391538	0.0109186345	-0.0757936971	-0.1522381713	-0.1511467009	0.0493457638	-0.0017832724	-0.0318344224	-0.2129150322	-0.1985234512	-0.0249661239	0.1233210061	0.2019459842	0.0178304371	-0.0415981824	0.0179853943	0.0744315297	-0.0818528973	-0.0120022815	-0.1133434763	0.0506448686	-0.0072440326	0.0648266703	-0.005155009	-0.1318872767	0.0734003241	0.0112362796551366	0.0032658774472054	0.0001262539804884	1.066595550016486e-05	-0.0047895163556148	0.033747009238212	2.293946692070168e-05	0.0011388606325239	-0.1076113306532562	-0.0050766302930754	0.0115801984849644	2.577217513257092e-05	0.0006460184808807	0.0001719893358035	4.173398776394074e-07	2.958033163012909e-08	-0.0001844342325578	-9.615468400019436e-09	9.245723255177232e-17	3.401598613918465e-08	0.0002030598185606	-0.000114984043349	4.123328991386379e-08	1.32213302249077e-08
1232.1374392007067	-2.0224367357302526	4.09025035003124	1518162.669080075	1521.9589748761512	-12.596758507734876	2316359.1212060647	158.67832490219098	1190.0323520236543	-1.5668358436000744	1416176.9988629506	2.454974560789957	1243.189061182311	1128.1508265995033	0.978986	17.86076	0.0274648121780811	0.0174183482877243	-0.0846861276	-0.2013364407	-0.0026645319	0.0267565992	0.2178798489	0.0571049121	0.0928126177	-0.0930238459	-0.1128878034	0.1242585413	-0.0045301853	0.0828482572	0.1554767474	0.1339715657	0.0943861328	0.0765469545	-0.0042618541	0.0094846745	0.1492474431	-0.0071858616	0.0198832408	-0.1401837087	-0.0170867115	0.0214318823	0.0471368867	-0.0107317653	-0.1680384307	-0.1464709267	0.0007393077	0.0114141077	-0.2218064197	-0.0198112912	0.0043940845	-0.097329372	-0.1320543861	-0.096838208	-0.0323270057	-0.0297489788	0.0596968862	0.0605960073	0.0666158639	-0.0420118548	-0.1396032423	0.0651281481	0.0046991316	-0.0793491787	0.016018409	0.0604530244	0.0949024819	0.0988855343	0.0064496213	-0.224633714	-0.0833220366	0.1130230778	-0.0211537416	-0.0689595035	-0.081490281	-0.0135231577	-0.0788436917	-0.0332897818	0.1300571703	0.0371828338	-0.101147405	0.057279993	0.0143706684	-0.0399482749	0.0678067721	0.0224905714	0.0751490988	-0.0769001678	-0.0652590048	-0.0463722984	-0.1346915149	0.0831471893	0.0078891886163887	-0.0033470910387478	6.223929702495706e-05	1.120301842166649e-05	-0.0021494232621961	0.0026400930934187	4.620020360069724e-06	6.9700915419171225e-06	-0.1102101016422807	-0.0025987709890245	0.0121462665040018	6.753610653395385e-06	0.000328013328398	-0.0003180051524827	1.0759274360673417e-07	1.0112727700554529e-07	-0.0001849763887944	-5.421562365999879e-07	2.93933384884262e-13	3.421626441141703e-08	0.0001440299861421	-5.902983241850001e-05	2.0744636908093522e-08	3.4845211153561943e-09
1232.8272440077037	0.6898048069970173	0.4758306717561922	1519863.0135676302	1517.8576330728088	-4.101341803342393	2303891.794277389	16.821004587843834	1184.899169400207	-5.133182623447283	1403986.0416453006	26.34956384566113	1240.3818118052554	1129.0239488526029	0.902191	16.459694	0.0464390409793766	0.0270119200909257	-0.0533429973	-0.2129300018	-0.0496818628	0.0008312241	0.1698151884	0.014917346	-0.0248654697	-0.2253857056	-0.0705474157	0.2071387358	0.0149653739	-0.1070356315	0.1884025518	-0.0664690299	-0.0676870807	0.2598783576	0.1599068217	0.0957048821	0.0589539816	0.030443318	0.073821519	-0.0123520574	-0.1592943689	-0.2623059562	0.0892711778	-0.1148453575	-0.0574464804	0.0367986315	0.0864259631	0.0459064643	-0.170974322	0.0584655562	-0.0940497145	-0.1181261452	-0.1836026257	-0.2253739422	-0.0738209562	0.0050066025	-0.1373114206	0.1714565862	0.0343975094	-0.0416979686	0.0145504167	-0.001769557	0.0585069895	0.0924724933	0.2743376408	-0.0477631136	0.0031775531	0.0847324496	0.0176878712	-0.2424746716	-0.0805586824	0.0722373305	-0.0147683472	-0.0312493472	-0.0031945301	0.1285009646	-0.1415690055	-0.0865163853	0.1154159083	0.0182690994	-0.2033324136	0.083701324	-0.0026556034	0.0495930086	0.0026394828	0.1094227882	0.0351907385	-0.0329003646	-0.0497930418	0.0635173168	-0.1373117808	0.0924399334	0.0064342050493735	-0.0014549835670152	4.139899461738345e-05	2.116977180284276e-06	-0.0245082126342879	-0.0223587893720918	0.0006006524865274	0.0004999154621855	-0.0996369145407811	0.0105731871014996	0.0099275147392069	0.0001117922854833	0.0005590140699357	0.0002310007415376	3.124967303860757e-07	5.336134259096728e-08	-0.0001849571156631	1.927313129999452e-08	3.714535901068285e-16	3.420913463441335e-08	0.0001540515902485	1.00216041064e-05	2.3731892458091742e-08	1.0043254886541332e-10
1236.8541617782166	4.0269177705129096	16.21606673047266	1529808.2175080949	1535.268889976653	17.411256903844333	2357050.5645301444	303.15186697166695	1186.358847071982	1.459677671774898	1407447.3140259625	2.130658905478187	1242.6544458322635	1145.909111484854	1.180669	21.540283	0.1173316905161997	0.093445372246966	0.0344541032	-0.1801823044	-0.0017917824	-0.0910246881	0.1181679608	0.0564354461	-0.2692839341	-0.1193009067	0.0829465704	-0.0749700996	-0.1651622393	-0.2966732946	0.1175078647	0.1388547576	0.0305988048	0.0154511173	0.0837455107	-0.0499173699	0.1596474902	-0.1743846933	0.1068017196	-0.0565007356	-0.0039054646	0.1388282561	0.0550460297	0.1693331578	0.1151157118	0.0026281453	0.049143214	0.1232719084	-0.0213852903	-0.1171638294	-0.2839734174	-0.1956585827	0.1211469929	-0.1980146025	-0.0424837397	-0.1241514316	-0.273359911	0.0782177318	-0.0972713241	0.0855671717	0.1700428168	-0.1077202527	0.0148192081	-0.1062639336	-0.0752360958	0.0195064722	-0.2438803826	-0.1033381975	-0.0561769469	-0.1425228896	-0.0861150839	0.0980168582	-0.0613157656	0.0796343406	0.0640416875	0.0819507573	0.1128239429	-0.2348850309	-0.1534696439	-0.2000133702	0.0586055543	-0.2383833274	-0.1027148568	-0.0308650718	0.0162292261	0.1052134963	-0.1047031441	-0.0827508555	0.1852324632	0.0405119181	-0.1397444952	0.1012278027	0.0052739316102616	-0.0011602734391119	2.781435462971651e-05	1.3462344535085567e-06	-0.1167404378177536	-0.0922322251834657	0.0136283298218807	0.0085067833622935	-0.1046996831724982	-0.0050627686317171	0.0109620236564215	2.563162621829868e-05	0.0004750413622833	-8.397270765239998e-05	2.2566429587997346e-07	7.051415630475434e-09	-0.0001843936051588	5.635105042999943e-07	3.1754408845643386e-13	3.400100162345943e-08	0.0004470438373299	0.0002929922470814	1.998481924946421e-07	8.584445684980814e-08
1238.1744556498195	1.3202938716028711	1.7431759073920987	1533075.9826237268	1549.6597417364055	14.390851759752422	2401445.315158543	207.09661437116935	1190.720986651559	4.3621395795771605	1417816.4680524624	19.028261711713608	1246.5703983655983	1167.5800331609482	1.21723	22.207317	0.1175482244719027	0.0835106853399964	0.0648748539	-0.1479152714	0.1279426278	-0.1319712626	0.1676115622	0.1024061439	-0.1298025495	0.0584627415	0.0885503077	0.0339447054	-0.1811640671	0.1405506061	0.0674178933	-0.0808172101	0.1695729407	-0.0490404487	-0.1676375527	-0.0516292631	0.1164062907	0.0323648043	0.0021383102	0.0651375894	-0.016356488	-0.1980954296	0.0748971273	-0.0111346337	-0.0296710143	0.000948204	-0.224060544	0.1466521748	-0.135680627	-0.1157221147	-0.0689121531	0.0876371811	0.0451970256	0.2060753318	-0.0650016699	-0.1084139352	0.0820935447	-0.0609215604	-0.1129283516	-0.0719553265	-0.2153853891	-0.164641938	0.197596482	0.0021309181	0.0371287212	-0.1009960474	0.0434001907	-0.1049297409	-0.0184170134	-0.1133787837	-0.1216180333	0.0618917263	-0.1309596578	-0.0864731792	0.0953383464	-0.1633564035	0.0497028126	0.0301805805	-0.0461347919	0.0910548715	0.1355718188	-0.019412385	-0.0123096909	0.0245263826	-0.2386587838	0.1111946795	-0.1507172227	0.0183341717	-0.0531628017	-0.1888200881	-0.1419863355	0.1094628008	0.0121507656084247	0.0068768339981631	0.0001476411048708	4.729084583829189e-05	-0.036798519741481	0.0799419180762726	0.0013541310551641	0.0063907102657134	-0.1097474190282952	-0.005047735855797	0.0120444959833722	2.547963726989868e-05	0.0001440246496206	-0.0003310167126626	2.0743099698336592e-08	1.0957206406202048e-07	-0.0001849810359848	-5.874308259999834e-07	3.450749753350228e-13	3.421798367400987e-08	0.0002650132499852	-0.0001820305873447	7.02320226677181e-08	3.3135134729056466e-08
1234.4486204455904	-3.7258352042290426	13.88184796907247	1523863.3965200214	1531.7633313311646	-17.896410405240886	2346298.903210747	320.28150539281427	1192.1797474918203	1.4587608402612204	1421292.5503296603	2.1279831890796217	1247.1183070533486	1143.2233716928883	1.273296	23.23019	0.0607433421411122	0.0306171565716674	-0.0645557263	-0.1817265157	-0.0306145355	0.0082950712	0.2236209724	0.0907903402	0.2155848064	-0.0197604119	-0.1164462209	0.0949334311	-0.0818001866	0.2726349043	0.1212464996	0.0033955604	0.098043591	0.0748469553	-0.0198523391	-0.0221192411	-0.0075757362	-0.2174687373	-0.1078846966	0.0419100884	0.1534874421	-0.0679932851	0.1591014311	0.3285265451	0.1126451097	0.005935356	-0.1042250803	0.0002010902	-0.2656357466	-0.1088749813	0.1183248169	0.0101624788	-0.1228262845	0.0261280243	-0.03496936	0.002269724	0.250126745	0.0144381499	0.0979369597	-0.0621844562	-0.1607263374	0.1190909051	-0.1838217535	-0.1301810459	-0.0130569356	-0.0373809451	0.109311948	0.0498759015	-0.0644395361	-0.195692493	0.0441872392	0.2116129909	-0.1063605371	-0.1385206006	0.1101716625	-0.101183163	-0.0979365377	0.1082872984	0.0011725568	0.2354598029	0.0874955796	0.0130542335	-0.0038838995	0.1550375179	0.0747643635	-0.1924614834	-0.0005227656	0.0321831202	-0.1219579176	-0.037071912	-0.1440342395	0.1170999511	0.0059186663904426	-0.0062320992179821	3.503061184135483e-05	3.883906066277311e-05	-0.0124516331932085	0.0243468865482725	0.0001550431691782	0.0005927708845944	-0.1197818584510628	-0.0100344394227676	0.0143476936139904	0.0001006899745291	0.0003480426249748	0.0002040179753542	1.211336687993493e-07	4.1623334267626964e-08	-0.000184419489803	5.615461817999796e-07	3.1533411429413575e-13	3.4010548219198826e-08	0.000463032067491	0.0001980188175057	2.1439869552498998e-07	3.9211452086395314e-08
1232.0978409838465	-2.350779461743969	5.526164077757263	1518065.0897570555	1529.9900282297704	-1.7733031013942764	2340869.4864825336	3.14460388941456	1185.994801056691	-6.184946435129405	1406583.6681334998	38.25356240541993	1245.295190439843	1137.2866733009482	1.168084	21.310694	0.0567447761105318	0.0313608067302319	-0.0923613313	-0.0032982421	-0.1205215466	0.1106448035	0.0120182306	0.0829593665	0.0365271318	-0.1564382458	0.0324798865	0.0084359282	0.1595727046	-0.0097345388	0.1326419811	0.0220436596	0.0517840886	0.1702676076	-0.1376591001	0.0853501839	0.0651695799	-0.0544709126	0.1557344609	-0.1050362521	-0.0934874187	0.0524919385	0.0376195682	-0.0778916455	0.0726297667	-0.0670083625	-0.0730147502	-0.149906558	-0.1322345345	0.0217574894	0.069197465	-0.0461304803	-0.0522207044	-0.2125911847	-0.1753581131	-0.0975276779	0.1198220546	-0.0335690403	-0.0782286952	-0.1545168408	-0.0574612212	-0.150907059	-0.0167148381	-0.0736588991	-0.2850268116	-0.0008971914	0.0957643122	0.0458693849	-0.0617654196	0.0062599239	0.1092886915	0.1292189796	-0.174304876	-0.0615036389	0.1583703252	0.0418208248	-0.0168763008	-0.0270533691	0.1553917091	0.1207131115	-0.0221432382	-0.1074622249	-0.0937942634	0.0353181797	0.0612696648	-0.2535254158	0.044074299	-0.0029866776	-0.089890708	0.1648531491	-0.1458854101	0.124097542	0.005820695881141	-9.797050930159932e-05	3.388050054073181e-05	9.598220692814762e-09	-0.0249586220635222	-0.0125069888703137	0.0006229328153097	0.0001564247706021	-0.1114243292398242	0.0083575292112385	0.0124153811465447	6.984829451670647e-05	2.90061816796363e-05	-0.0003190364432951	8.413585756320685e-10	1.0178425215042822e-07	-0.0001849993752924	-5.798854893999939e-07	3.362671808166705e-13	3.422476885857826e-08	6.70026458820042e-05	-0.0003960294216089	4.489354555189255e-09	1.5683930277995572e-07
1232.2957090855064	0.1978681016598784	0.0391517856544839	1518552.714630551	1532.627883607978	2.6378553782076324	2348948.22961267	6.958280996338932	1181.685046334552	-4.309754722138905	1396379.5487306924	18.57398576499859	1239.9520014605785	1140.771235891075	1.123737	20.50161	0.0764718112011102	0.0440478937813126	-0.0102155054	0.0854115425	0.0091560871	0.0337987144	-0.1091927082	-0.0395498465	0.0090599569	-0.0067897926	-0.0321001557	0.0865196375	0.1336016547	-0.1446266089	-0.0055327657	-0.2066665758	-0.0166233354	0.140555993	0.0314936468	0.1923123542	-0.0707392626	-0.1039659936	0.3101632985	0.3301974098	0.2008614475	0.119242153	-0.0730127164	-0.12750085	0.0294188226	0.021477649	-0.0628209458	-0.0466214687	0.0512811022	0.1713817979	0.0098092049	0.0847367232	-0.1200896364	-0.1407183104	-0.1033772922	0.1179414184	-0.0895251338	0.1247395959	-0.1476915605	0.0971521427	0.1002176	0.0043645178	0.0991412042	0.0577379463	-0.2263524102	0.0520968716	0.0791198036	0.0525366219	0.1171558353	0.0289572893	0.0450504033	0.0436471191	-0.0533033601	-0.1619480888	0.1215944858	0.2095794369	-0.0484799727	-0.1193361452	0.0814330216	-0.0250072009	0.0201401051	0.0481912305	-0.1620327186	-0.2350917348	-0.1536040191	0.1896381171	-0.1625916649	-0.1022443462	-0.1509122914	0.0641560116	-0.1475373187	0.1304173552	0.0045412511386473	-0.0012794447424937	2.06229619042654e-05	1.6369788490947715e-06	0.0039995178506586	0.0289581399141808	1.599614303773679e-05	0.0008385738672892	-0.1112932370959214	0.0001310921439028	0.0123861846232889	1.7185150193033908e-08	0.0006650348254722	0.0006360286437925	4.4227131909083954e-07	4.045324357246079e-07	-0.0003229288533883	-0.0001379294780959	1.902454092780736e-08	1.0428304435068217e-07	0.0002151072120042	0.0001481045661221	4.6271112656219844e-08	2.193496250624387e-08
1235.5271121057483	3.2314030202419417	10.441965479228744	1526527.2447483705	1533.1764485946553	0.5485649866773201	2350630.02252532	0.3009235446082884	1188.3708592602331	6.685812925681148	1412225.2991389048	44.70009447720511	1242.1617938405068	1158.490677520975	1.138323	20.767719	0.0842400358539071	0.067773022857564	0.0437563689	0.0444466036	0.0367969556	-0.0419911206	-0.0718841297	-0.1165649827	-0.0590842944	-0.0481332937	-0.0767563972	-0.2210149375	-0.0410075655	-0.0592901783	0.1431247131	0.018924767	-0.1592048345	0.0438538815	0.1018428835	0.0324962213	-0.0297622119	-0.0104593733	-0.1662227287	-0.0665442173	-0.0464211511	0.1261152442	0.0268203616	0.1104638011	0.044467179	0.1657189151	-0.1445099662	-0.0002861172	0.1994505983	0.0237584076	-0.1732915735	-0.1138396445	-0.0013625831	0.073024677	0.0302598809	0.1700631334	0.121407778	0.2635639142	0.1809660046	0.0123006248	0.1135621409	-0.0309156593	-0.0598370019	-0.0876016441	0.0149086632	-0.0140856894	-0.203116266	0.0030063138	0.0646555152	0.0184996476	0.0743192384	-0.0164821144	0.0600486188	-0.02055486	-0.0134981859	0.1637343291	-0.0024817424	-0.0037159	0.0451479133	-0.0057688063	0.0428815737	-0.1135887888	0.0086793767	0.1840600725	0.087853047	-0.0002897746	0.0072298613	0.043449335	0.0495121131	0.1852463179	-0.1489877092	0.136024874	0.0059691961315309	0.0014279449928836	3.563130245668346e-05	2.0390269027013457e-06	-0.0627152852858614	-0.06671480313652	0.0039332070084869	0.0044508649575446	-0.1162667551399749	-0.0049735180440535	0.0135179583507788	2.4735881734525823e-05	0.0007340249414044	6.899011593219993e-05	5.387926146037328e-07	4.759636096338386e-09	-0.0001999097588669	0.0001230190945214	1.5133697616865152e-08	3.99639116902221e-08	0.0002455733951596	3.0466183155399988e-05	6.030629241021305e-08	9.28188316058378e-10
1237.3395863487312	1.812474242982944	3.285062881476596	1531009.2519456493	1529.868431242886	-3.308017351769422	2340497.4169135685	10.94297879960758	1193.473877996461	5.103018736227796	1424379.8974599114	26.040800222291928	1244.8271160030524	1149.3099829219825	1.120098	20.435226	0.0937693445033421	0.057078462017752	0.0765545903	0.0204339935	-0.1118291095	-0.045378905	-0.1032604255	-0.0903773141	0.1434160909	0.0043127708	-0.0474621912	-0.057523569	0.0273917948	0.1982745911	-0.0313877993	0.0298864058	-0.0186974601	-0.0387905457	-0.1629236883	0.2168284828	-0.0598456379	0.1204612574	-0.2913484566	-0.0348629897	-0.0485937111	0.0203316307	0.0398241525	-0.0611605516	-0.1001373431	0.0386813735	0.1627707943	0.001904614	0.1219376208	0.0503120621	0.0957509844	-0.0865029779	-0.0045801052	0.2409983199	0.0559890788	0.0537348041	0.068538212	-0.1234291255	0.0179169936	-0.0777192879	-0.0831462718	-0.0381376353	-0.1026618	0.1426226368	0.0928764463	0.2723303587	-0.0107483567	-0.0334290213	0.0090782239	0.0118265903	0.136340902	-0.2234948874	-0.0389145376	0.0067319623	-0.0263569672	-0.0857121299	0.1496073054	0.1723179984	0.0134035733	0.0389492766	0.0596699742	-0.0775535308	0.042325799	0.0568619986	-0.0588090839	-0.0034950862	0.1232637533	0.0163674878	0.1610555099	0.0619582949	-0.1502346003	0.1408894722	-0.0046561879233166	-0.0106253840548475	2.1680085977239355e-05	0.000112898786313	-0.0112236036420654	0.051491681643796	0.0001259692787141	0.002651393278506	-0.1130915812943413	0.0031751738456336	0.0127897057596546	1.0081728949995716e-05	0.0004690249114443	-0.0002650000299601	2.1998436755533346e-07	7.02250158788539e-08	-0.0003879694094646	-0.0001880596505976	3.5366432182929e-08	1.5052026268031044e-07	0.0001290909765361	-0.0001164824186234	1.6664480223043922e-08	1.3568153848380296e-08
1235.6983375475131	-1.6412488012181257	2.6936976274999345	1526950.3814176875	1527.6118172146628	-2.256614028223112	2333597.8640938844	5.092306872373339	1192.9287709293203	-0.5451070671406342	1423079.0525109388	0.2971417146466638	1245.5459328522898	1149.142421761236	1.016151	18.538803	0.0505474779621022	0.0266641691962981	0.033231338	0.0968214664	-0.0997256041	-0.0172414143	-0.1271283589	0.0916928139	0.0985333792	0.0728290953	0.0664038454	-0.0425394435	0.0305436733	0.1560141074	-0.1365923673	0.010996808	-0.0296414548	-0.1228208844	-0.1984917477	-0.0953533271	0.0629758879	0.091400116	-0.0765324625	0.0104840765	-0.044782851	0.0072095815	0.0478654119	0.0309198396	0.2259295518	0.0263424307	0.0347213891	-0.0356013233	0.0454013101	-0.0495040523	0.2087892462	0.02716835	0.0248038648	-0.0023453218	0.0016713149	0.1144989707	-0.0943086578	-0.2549912	-0.0023149657	0.0835876095	-0.1399441411	-0.1133547167	-0.0277529314	0.0310697298	0.005748085	0.0315435708	0.0666372066	-0.023218422	0.0085465572	0.0555239879	0.1077372062	-0.1644430274	-0.0071169751	-0.0431697447	-0.0931693128	-0.0841697883	0.0665448616	0.1988668886	0.0871619294	-0.0190322358	0.1937629642	-0.134858437	-0.0375127266	-0.1192153729	0.0970656712	-0.0130231603	0.088127664	0.1382660695	-0.0881116789	-0.0861058008	-0.151276289	0.1449845808	0.0052450233387872	0.0099012112621038	2.751026982442243e-05	9.803398445681112e-05	0.005802796252027	0.0170263998940924	3.36724443425386e-05	0.0002898982933535	-0.1131312754735773	-3.969417923600782e-05	0.0127986854902784	1.5756278652203144e-09	0.0008160331774409	0.0003470082659966	6.659101466842915e-07	1.2041473666996717e-07	-0.0005119469605858	-0.0001239775511212	1.5370433182009772e-08	2.620896904530387e-07	0.0001297086119517	6.176354156000035e-07	1.6824324014436694e-08	3.81473506603389e-13
1235.2518898393005	-0.446447708212645	0.199315556168323	1525847.2313515632	1527.2456822679533	-0.3661349467095078	2332479.374006106	0.1340547992019741	1190.803697113298	-2.1250738160222227	1418013.4450586997	4.515938723543251	1243.56993048441	1147.938531650631	0.940054	17.150471	0.0365681150003019	0.0188413876888133	0.0179086548	0.1179368786	-0.0080592852	0.0199637404	-0.1405759717	0.0521226118	-0.0104626498	0.0618689644	0.0838642527	0.0115621853	0.0239626074	0.0385102739	-0.0702655078	-0.0815649751	-0.1038768011	0.042941832	0.0772815498	-0.1465672072	-0.13688345	0.0706363076	-0.1701438664	-0.067166942	0.0641134269	-0.0686601597	0.0060122824	0.0399922572	-0.0662724962	0.0195509196	0.1898895031	-0.0348818704	0.0402948391	0.0210893595	0.1255126009	0.098493742	-0.0724452244	-0.010851389	-0.0584818137	0.183096101	-0.09160339	0.0081821875	0.0277606504	-0.0479724755	-0.0635126393	0.0285790658	-0.0640165264	-0.0245758715	0.0856270575	-0.112153835	0.1015286273	-0.0101118835	0.0423153348	0.067019126	0.0645055645	-0.0298187323	0.0703923549	-0.0412755107	-0.1095777594	0.0384250006	0.0011159112	0.0675302591	0.0072347738	0.034323351	0.119451324	0.0733190446	-0.0851049711	-0.1123577141	0.037654545	0.0429723883	0.0920230996	0.176533829	-0.0616071333	-0.0138409122	-0.1521113526	0.148287834	0.007219644803456	0.0019746214646688	5.212327108806923e-05	3.899129928730758e-06	-0.0009421584791482	-0.0067449547311751	8.876625998308492e-07	4.549441432560271e-05	-0.1130022955871794	0.0001289798863979	0.0127695188079722	1.6635811095215397e-08	0.0005660379396318	-0.0002499952378091	3.203989491026133e-07	6.249761892722849e-08	-0.000317932163963	0.0001940147966228	3.764174130858645e-08	1.0108086088219593e-07	0.000240089755881	0.0001103811439292	5.7643090878998175e-08	1.2183996935140838e-08
1237.0220880784125	1.7701982391120057	3.133601805755245	1530223.6463938756	1542.767518504566	15.521836236612671	2380131.6161527364	240.9274001562222	1187.8041197947966	-2.999577318501452	1410878.6270014916	8.997464089668357	1245.3516420437372	1157.418583294544	1.027238	18.741079	0.0650653703634752	0.0376450920807614	0.0658466399	0.0528077111	-0.0433506475	-0.0407660387	-0.069741708	-0.0481635388	0.0316113644	-0.0583485412	-0.0955401092	-0.0091048455	-0.003172849	0.0077735252	-0.002030519	-0.0518462552	-0.1654924721	-0.1237626233	0.1111088437	-0.1562491501	-0.0752790376	0.0220828826	0.0160026584	0.1660408713	0.164501457	-0.0004467414	-0.1191358088	0.0699927942	-0.1569566086	-0.2215704332	-0.1488897189	-0.0265429163	0.0909758953	0.0472355775	0.012277518	-0.0293260555	-0.1105909507	0.0852196207	0.0461735405	-0.0008199133	0.0603131956	0.0777301387	0.024577609	0.1561985287	0.118805297	0.07751804	0.12371257	0.1272508593	-0.11661041	-0.1184950961	0.0123784295	0.0494156707	0.1772836579	-0.0180277833	0.1223440131	-0.0010220504	0.0891398484	-0.035335402	0.0266657875	0.1307440611	0.196510272	0.0549250552	-0.1072038974	0.0498883523	0.0776196156	0.0123887516	0.0016333917	-0.1014071594	0.2054691269	0.0990506991	0.250055708	-0.0156168492	0.0348174487	0.1150506726	-0.1527386503	0.1507811905	0.0024544304495179	-0.0047652143539381	6.024228831520641e-06	2.2707267838977703e-05	0.0154231989827451	0.0163653574618933	0.0002378750668613	0.0002678249248555	-0.1449844015565133	-0.0319821059693338	0.0210204766947002	0.0010228551022337	0.0006390481851359	7.30102455041e-05	4.083825829254875e-07	5.330495948568953e-09	-0.0002698850319049	4.804713205810003e-05	2.308526899008504e-09	7.283793044630889e-08	0.000358086229885	0.000117996474004	1.282257480332531e-07	1.3923167877376652e-08
1238.5300575017052	1.5079694232927068	2.2739717815857388	1533956.7033351772	1541.6896301673737	-1.0778883371922348	2376806.9157656133	1.1618432674550407	1188.1924477601665	0.3883279653698537	1411801.292914296	0.1507986086882903	1244.8784824314212	1166.528551049919	0.954605	17.415949	0.0597460287095269	0.0383258002980968	0.1112576199	0.0576894769	-0.0837579486	-0.0845450135	-0.1864106056	0.0315747837	0.0592240245	-0.032464514	-0.0578275994	-0.1165534834	0.0170160115	0.0085117082	-0.0438321249	-0.045575205	-0.1318671614	-0.093600024	0.1407723523	0.0804084932	0.0883853102	0.1434119397	0.0858880436	0.1294666394	0.2118649083	0.2110880959	0.0257161856	-0.128089627	-0.1788194881	0.1939827716	-0.0515985322	0.0101279845	0.1583949402	-0.0521688094	0.0601435828	-0.031652183	-0.1204256076	0.0062542311	0.1058415582	0.0823889743	-0.0592038276	-0.0783633645	-0.0014172626	0.154811317	0.2053856013	0.1459246239	0.1207619234	0.1217615165	-0.1773075946	-0.061794288	-0.0602652801	-0.0398142864	0.1438110021	-0.0331779867	0.1579050346	-0.0859204003	0.0238953561	-0.1204700005	-0.021174896	0.1301144854	0.2576271611	-0.0039919128	-0.2800359338	0.0070608088	0.0061147307	0.1114948441	0.1070588542	-0.0686495616	-0.0011499532	-0.1021077704	-0.03417026	-0.1501506434	0.0634607713	0.0041001471	-0.1531573254	0.1524510324	0.0067361449226126	0.0042817144730947	4.537564841843952e-05	1.8333078829108628e-05	-0.0212455304229592	-0.0366687294057043	0.0004513725629528	0.0013445957162287	-0.1477299604166262	-0.0027455588601129	0.0218241412046979	7.538093454344483e-06	0.0004110648425951	-0.0002279833425408	1.6897430481773437e-07	5.197640447607575e-08	-0.0003329202396005	-6.30352076956e-05	3.9734374092274296e-09	1.1083588593565433e-07	0.0003880681990609	2.998196917590001e-05	1.5059692712237033e-07	8.989184756646184e-10
1238.6887798262462	0.1587223245410314	0.0251927763077085	1534349.8932674348	1540.3594639253931	-1.330166241980578	2372707.2781045246	1.7693422313047336	1189.258536053519	1.06608829335255	1414335.8655761592	1.1365442492233526	1244.1762113269672	1166.6437591043043	0.999415	18.233459	0.0868936300639243	0.0576730492153896	0.1272603925	0.0638645523	-0.0372600835	-0.0982797559	-0.1738276563	-0.0479742929	0.1867273772	0.1493808386	0.1339345367	0.0207743676	-0.0931917992	-0.1037514234	-0.1350352082	0.0416574485	-0.2268413517	0.0352969047	-0.2399716562	0.1720812341	-0.0889539518	-0.2038607292	-0.1444612397	-0.0854301594	0.0985758705	0.0202600397	-0.0879971539	-0.2212387514	0.1911318824	0.1115028043	0.0005598108	0.0920875635	0.0863423248	0.0216005631	0.1706859019	-0.037332168	0.1412366514	-0.0810385766	-0.1260528007	0.0420869953	-0.023399975	-0.0114930865	0.1331841442	0.1381132768	0.0176724114	0.0112446701	-0.1147888345	-0.0428781214	-0.0844820575	0.069382788	0.0359068219	-0.2271779498	-0.0786483412	0.0715505438	0.1278704903	0.0490925859	0.0988896559	0.0339585422	-0.0163323693	0.1442380715	0.1846387093	0.1645651609	-0.2100483672	-0.0466395335	-0.1470833363	0.231336458	0.0575580024	0.1817496235	-0.0905689453	-0.0593479966	-0.2373440412	0.1783008919	0.098646775	-0.188624879	-0.153366806	0.1532882396	0.0097905672139972	0.0030544222913846	9.58552063717969e-05	9.329495534107147e-06	-0.0747209683734837	-0.0534754379505245	0.0055832231146711	0.0028596224640003	-0.127669385700841	0.0200605747157852	0.0162994720452301	0.0004024266579276	0.0003340460501909	-7.701879240420002e-05	1.1158676364814129e-07	5.9318943834012595e-09	-0.000343954572447	-1.1034332846500026e-05	1.2175650136734938e-10	1.1830474790719859e-07	0.000270057422187	-0.0001180107768739	7.293101127828757e-08	1.3926543458381413e-08
