
Fri Mar 13 03:47:00 CET 2026
cd /out/sourcedata/freesurfer/sub-v2s4x29588_ses-1
setenv SUBJECTS_DIR /out/sourcedata/freesurfer
/opt/freesurfer/bin/recon-all -autorecon1 -i /work/fmriprep_25_2_wf/sub_v2s4x29588_ses_1_wf/anat_fit_wf/anat_validate/sub-v2s4x29588_ses-1_run-1_T1w_noise_corrected_ras_valid.nii.gz -noskullstrip -noT2pial -noFLAIRpial -openmp 16 -subjid sub-v2s4x29588_ses-1 -sd /out/sourcedata/freesurfer

subjid sub-v2s4x29588_ses-1
setenv SUBJECTS_DIR /out/sourcedata/freesurfer
FREESURFER_HOME /opt/freesurfer
Actual FREESURFER_HOME /opt/freesurfer
build-stamp.txt: freesurfer-linux-ubuntu22_x86_64-7.3.2-20220804-6354275
Linux dna067 5.14.0-427.37.1.el9_4.x86_64 #1 SMP PREEMPT_DYNAMIC Fri Sep 13 12:41:50 EDT 2024 x86_64 x86_64 x86_64 GNU/Linux
cputime      unlimited
filesize     unlimited
datasize     unlimited
stacksize    8192 kbytes
coredumpsize 0 kbytes
memoryuse    67108864 kbytes
vmemoryuse   unlimited
descriptors  1024 
memorylocked unlimited
maxproc      2061970 
maxlocks     unlimited
maxsignal    2062029 
maxmessage   819200 
maxnice      0 
maxrtprio    0 
maxrttime    unlimited

               total        used        free      shared  buff/cache   available
Mem:           503Gi        53Gi       296Gi        26Gi       153Gi       419Gi
Swap:             0B          0B          0B

########################################
program versions used
7.3.2 (freesurfer-linux-ubuntu22_x86_64-7.3.2-20220804-6354275)
7.3.2

ProgramName: lta_convert  ProgramArguments: lta_convert -all-info  ProgramVersion: 7.3.2  TimeStamp: 2026/03/13-02:47:00-GMT  BuildTime: Aug  4 2022 06:17:15  BuildStamp: freesurfer-linux-ubuntu22_x86_64-7.3.2-20220804-6354275  User: oesteban  Machine: dna067  Platform: Linux  PlatformVersion: 5.14.0-427.37.1.el9_4.x86_64  CompilerName: GCC  CompilerVersion: 8.4.0
ProgramName: mri_and  ProgramArguments: mri_and -all-info  ProgramVersion: 7.3.2  TimeStamp: 2026/03/13-02:47:00-GMT  BuildTime: Aug  4 2022 06:17:15  BuildStamp: freesurfer-linux-ubuntu22_x86_64-7.3.2-20220804-6354275  User: oesteban  Machine: dna067  Platform: Linux  PlatformVersion: 5.14.0-427.37.1.el9_4.x86_64  CompilerName: GCC  CompilerVersion: 8.4.0
ProgramName: mri_annotation2label  ProgramArguments: mri_annotation2label -all-info  ProgramVersion: 7.3.2  TimeStamp: 2026/03/13-02:47:00-GMT  BuildTime: Aug  4 2022 06:17:15  BuildStamp: freesurfer-linux-ubuntu22_x86_64-7.3.2-20220804-6354275  User: oesteban  Machine: dna067  Platform: Linux  PlatformVersion: 5.14.0-427.37.1.el9_4.x86_64  CompilerName: GCC  CompilerVersion: 8.4.0
ProgramName: mri_aparc2aseg  ProgramArguments: mri_aparc2aseg -all-info  ProgramVersion: 7.3.2  TimeStamp: 2026/03/13-02:47:00-GMT  BuildTime: Aug  4 2022 06:17:15  BuildStamp: freesurfer-linux-ubuntu22_x86_64-7.3.2-20220804-6354275  User: oesteban  Machine: dna067  Platform: Linux  PlatformVersion: 5.14.0-427.37.1.el9_4.x86_64  CompilerName: GCC  CompilerVersion: 8.4.0
ProgramName: mri_surf2volseg  ProgramArguments: mri_surf2volseg -all-info  ProgramVersion: 7.3.2  TimeStamp: 2026/03/13-02:47:00-GMT  BuildTime: Aug  4 2022 06:17:15  BuildStamp: freesurfer-linux-ubuntu22_x86_64-7.3.2-20220804-6354275  User: oesteban  Machine: dna067  Platform: Linux  PlatformVersion: 5.14.0-427.37.1.el9_4.x86_64  CompilerName: GCC  CompilerVersion: 8.4.0
ProgramName: mri_binarize  ProgramArguments: mri_binarize -all-info  ProgramVersion: 7.3.2  TimeStamp: 2026/03/13-02:47:00-GMT  BuildTime: Aug  4 2022 06:17:15  BuildStamp: freesurfer-linux-ubuntu22_x86_64-7.3.2-20220804-6354275  User: oesteban  Machine: dna067  Platform: Linux  PlatformVersion: 5.14.0-427.37.1.el9_4.x86_64  CompilerName: GCC  CompilerVersion: 8.4.0
ProgramName: mri_ca_label  ProgramArguments: mri_ca_label -all-info  ProgramVersion: 7.3.2  TimeStamp: 2026/03/13-02:47:00-GMT  BuildTime: Aug  4 2022 06:17:15  BuildStamp: freesurfer-linux-ubuntu22_x86_64-7.3.2-20220804-6354275  User: oesteban  Machine: dna067  Platform: Linux  PlatformVersion: 5.14.0-427.37.1.el9_4.x86_64  CompilerName: GCC  CompilerVersion: 8.4.0
ProgramName: mri_ca_normalize  ProgramArguments: mri_ca_normalize -all-info  ProgramVersion: 7.3.2  TimeStamp: 2026/03/13-02:47:00-GMT  BuildTime: Aug  4 2022 06:17:15  BuildStamp: freesurfer-linux-ubuntu22_x86_64-7.3.2-20220804-6354275  User: oesteban  Machine: dna067  Platform: Linux  PlatformVersion: 5.14.0-427.37.1.el9_4.x86_64  CompilerName: GCC  CompilerVersion: 8.4.0
ProgramName: mri_ca_register  ProgramArguments: mri_ca_register -all-info  ProgramVersion: 7.3.2  TimeStamp: 2026/03/13-02:47:00-GMT  BuildTime: Aug  4 2022 06:17:15  BuildStamp: freesurfer-linux-ubuntu22_x86_64-7.3.2-20220804-6354275  User: oesteban  Machine: dna067  Platform: Linux  PlatformVersion: 5.14.0-427.37.1.el9_4.x86_64  CompilerName: GCC  CompilerVersion: 8.4.0
ProgramName: mri_cc  ProgramArguments: mri_cc -all-info  ProgramVersion: 7.3.2  TimeStamp: 2026/03/13-02:47:00-GMT  BuildTime: Aug  4 2022 06:17:15  BuildStamp: freesurfer-linux-ubuntu22_x86_64-7.3.2-20220804-6354275  User: oesteban  Machine: dna067  Platform: Linux  PlatformVersion: 5.14.0-427.37.1.el9_4.x86_64  CompilerName: GCC  CompilerVersion: 8.4.0
ProgramName: mri_compute_overlap  ProgramArguments: mri_compute_overlap -all-info  ProgramVersion: 7.3.2  TimeStamp: 2026/03/13-02:47:00-GMT  BuildTime: Aug  4 2022 06:17:15  BuildStamp: freesurfer-linux-ubuntu22_x86_64-7.3.2-20220804-6354275  User: oesteban  Machine: dna067  Platform: Linux  PlatformVersion: 5.14.0-427.37.1.el9_4.x86_64  CompilerName: GCC  CompilerVersion: 8.4.0
ProgramName: mri_compute_seg_overlap  ProgramArguments: mri_compute_seg_overlap -all-info  ProgramVersion: 7.3.2  TimeStamp: 2026/03/13-02:47:00-GMT  BuildTime: Aug  4 2022 06:17:15  BuildStamp: freesurfer-linux-ubuntu22_x86_64-7.3.2-20220804-6354275  User: oesteban  Machine: dna067  Platform: Linux  PlatformVersion: 5.14.0-427.37.1.el9_4.x86_64  CompilerName: GCC  CompilerVersion: 8.4.0
ProgramName: mri_concat  ProgramArguments: mri_concat -all-info  ProgramVersion: 7.3.2  TimeStamp: 2026/03/13-02:47:00-GMT  BuildTime: Aug  4 2022 06:17:15  BuildStamp: freesurfer-linux-ubuntu22_x86_64-7.3.2-20220804-6354275  User: oesteban  Machine: dna067  Platform: Linux  PlatformVersion: 5.14.0-427.37.1.el9_4.x86_64  CompilerName: GCC  CompilerVersion: 8.4.0
ProgramName: mri_concatenate_lta  ProgramArguments: mri_concatenate_lta -all-info  ProgramVersion: 7.3.2  TimeStamp: 2026/03/13-02:47:00-GMT  BuildTime: Aug  4 2022 06:17:15  BuildStamp: freesurfer-linux-ubuntu22_x86_64-7.3.2-20220804-6354275  User: oesteban  Machine: dna067  Platform: Linux  PlatformVersion: 5.14.0-427.37.1.el9_4.x86_64  CompilerName: GCC  CompilerVersion: 8.4.0
mri_convert -all-info 
ProgramName: mri_convert  ProgramArguments: mri_convert -all-info  ProgramVersion: 7.3.2  TimeStamp: 2026/03/13-02:47:00-GMT  BuildTime: Aug  4 2022 06:17:15  BuildStamp: freesurfer-linux-ubuntu22_x86_64-7.3.2-20220804-6354275  User: oesteban  Machine: dna067  Platform: Linux  PlatformVersion: 5.14.0-427.37.1.el9_4.x86_64  CompilerName: GCC  CompilerVersion: 8.4.0
ProgramName: mri_diff  ProgramArguments: mri_diff -all-info  ProgramVersion: 7.3.2  TimeStamp: 2026/03/13-02:47:00-GMT  BuildTime: Aug  4 2022 06:17:15  BuildStamp: freesurfer-linux-ubuntu22_x86_64-7.3.2-20220804-6354275  User: oesteban  Machine: dna067  Platform: Linux  PlatformVersion: 5.14.0-427.37.1.el9_4.x86_64  CompilerName: GCC  CompilerVersion: 8.4.0
ProgramName: mri_edit_wm_with_aseg  ProgramArguments: mri_edit_wm_with_aseg -all-info  ProgramVersion: 7.3.2  TimeStamp: 2026/03/13-02:47:00-GMT  BuildTime: Aug  4 2022 06:17:15  BuildStamp: freesurfer-linux-ubuntu22_x86_64-7.3.2-20220804-6354275  User: oesteban  Machine: dna067  Platform: Linux  PlatformVersion: 5.14.0-427.37.1.el9_4.x86_64  CompilerName: GCC  CompilerVersion: 8.4.0
ProgramName: mri_em_register  ProgramArguments: mri_em_register -all-info  ProgramVersion: 7.3.2  TimeStamp: 2026/03/13-02:47:00-GMT  BuildTime: Aug  4 2022 06:17:15  BuildStamp: freesurfer-linux-ubuntu22_x86_64-7.3.2-20220804-6354275  User: oesteban  Machine: dna067  Platform: Linux  PlatformVersion: 5.14.0-427.37.1.el9_4.x86_64  CompilerName: GCC  CompilerVersion: 8.4.0
ProgramName: mri_fill  ProgramArguments: mri_fill -all-info  ProgramVersion: 7.3.2  TimeStamp: 2026/03/13-02:47:00-GMT  BuildTime: Aug  4 2022 06:17:15  BuildStamp: freesurfer-linux-ubuntu22_x86_64-7.3.2-20220804-6354275  User: oesteban  Machine: dna067  Platform: Linux  PlatformVersion: 5.14.0-427.37.1.el9_4.x86_64  CompilerName: GCC  CompilerVersion: 8.4.0
ProgramName: mri_fuse_segmentations  ProgramArguments: mri_fuse_segmentations -all-info  ProgramVersion: 7.3.2  TimeStamp: 2026/03/13-02:47:00-GMT  BuildTime: Aug  4 2022 06:17:15  BuildStamp: freesurfer-linux-ubuntu22_x86_64-7.3.2-20220804-6354275  User: oesteban  Machine: dna067  Platform: Linux  PlatformVersion: 5.14.0-427.37.1.el9_4.x86_64  CompilerName: GCC  CompilerVersion: 8.4.0
ProgramName: mri_fwhm  ProgramArguments: mri_fwhm -all-info  ProgramVersion: 7.3.2  TimeStamp: 2026/03/13-02:47:00-GMT  BuildTime: Aug  4 2022 06:17:15  BuildStamp: freesurfer-linux-ubuntu22_x86_64-7.3.2-20220804-6354275  User: oesteban  Machine: dna067  Platform: Linux  PlatformVersion: 5.14.0-427.37.1.el9_4.x86_64  CompilerName: GCC  CompilerVersion: 8.4.0
ProgramName: mri_gcut  ProgramArguments: mri_gcut -all-info  ProgramVersion: 7.3.2  TimeStamp: 2026/03/13-02:47:00-GMT  BuildTime: Aug  4 2022 06:17:15  BuildStamp: freesurfer-linux-ubuntu22_x86_64-7.3.2-20220804-6354275  User: oesteban  Machine: dna067  Platform: Linux  PlatformVersion: 5.14.0-427.37.1.el9_4.x86_64  CompilerName: GCC  CompilerVersion: 8.4.0
ProgramName: mri_info  ProgramArguments: mri_info -all-info  ProgramVersion: 7.3.2  TimeStamp: 2026/03/13-02:47:00-GMT  BuildTime: Aug  4 2022 06:17:15  BuildStamp: freesurfer-linux-ubuntu22_x86_64-7.3.2-20220804-6354275  User: oesteban  Machine: dna067  Platform: Linux  PlatformVersion: 5.14.0-427.37.1.el9_4.x86_64  CompilerName: GCC  CompilerVersion: 8.4.0
ProgramName: mri_label2label  ProgramArguments: mri_label2label -all-info  ProgramVersion: 7.3.2  TimeStamp: 2026/03/13-02:47:00-GMT  BuildTime: Aug  4 2022 06:17:15  BuildStamp: freesurfer-linux-ubuntu22_x86_64-7.3.2-20220804-6354275  User: oesteban  Machine: dna067  Platform: Linux  PlatformVersion: 5.14.0-427.37.1.el9_4.x86_64  CompilerName: GCC  CompilerVersion: 8.4.0
ProgramName: mri_label2vol  ProgramArguments: mri_label2vol -all-info  ProgramVersion: 7.3.2  TimeStamp: 2026/03/13-02:47:00-GMT  BuildTime: Aug  4 2022 06:17:15  BuildStamp: freesurfer-linux-ubuntu22_x86_64-7.3.2-20220804-6354275  User: oesteban  Machine: dna067  Platform: Linux  PlatformVersion: 5.14.0-427.37.1.el9_4.x86_64  CompilerName: GCC  CompilerVersion: 8.4.0
ProgramName: mri_log_likelihood  ProgramArguments: mri_log_likelihood -all-info  ProgramVersion: 7.3.2  TimeStamp: 2026/03/13-02:47:00-GMT  BuildTime: Aug  4 2022 06:17:15  BuildStamp: freesurfer-linux-ubuntu22_x86_64-7.3.2-20220804-6354275  User: oesteban  Machine: dna067  Platform: Linux  PlatformVersion: 5.14.0-427.37.1.el9_4.x86_64  CompilerName: GCC  CompilerVersion: 8.4.0
ProgramName: mri_mask  ProgramArguments: mri_mask -all-info  ProgramVersion: 7.3.2  TimeStamp: 2026/03/13-02:47:00-GMT  BuildTime: Aug  4 2022 06:17:15  BuildStamp: freesurfer-linux-ubuntu22_x86_64-7.3.2-20220804-6354275  User: oesteban  Machine: dna067  Platform: Linux  PlatformVersion: 5.14.0-427.37.1.el9_4.x86_64  CompilerName: GCC  CompilerVersion: 8.4.0
ProgramName: mri_matrix_multiply  ProgramArguments: mri_matrix_multiply -all-info  ProgramVersion: 7.3.2  TimeStamp: 2026/03/13-02:47:00-GMT  BuildTime: Aug  4 2022 06:17:15  BuildStamp: freesurfer-linux-ubuntu22_x86_64-7.3.2-20220804-6354275  User: oesteban  Machine: dna067  Platform: Linux  PlatformVersion: 5.14.0-427.37.1.el9_4.x86_64  CompilerName: GCC  CompilerVersion: 8.4.0
ProgramName: mri_normalize  ProgramArguments: mri_normalize -all-info  ProgramVersion: 7.3.2  TimeStamp: 2026/03/13-02:47:00-GMT  BuildTime: Aug  4 2022 06:17:15  BuildStamp: freesurfer-linux-ubuntu22_x86_64-7.3.2-20220804-6354275  User: oesteban  Machine: dna067  Platform: Linux  PlatformVersion: 5.14.0-427.37.1.el9_4.x86_64  CompilerName: GCC  CompilerVersion: 8.4.0
ProgramName: mri_normalize_tp2  ProgramArguments: mri_normalize_tp2 -all-info  ProgramVersion: 7.3.2  TimeStamp: 2026/03/13-02:47:00-GMT  BuildTime: Aug  4 2022 06:17:15  BuildStamp: freesurfer-linux-ubuntu22_x86_64-7.3.2-20220804-6354275  User: oesteban  Machine: dna067  Platform: Linux  PlatformVersion: 5.14.0-427.37.1.el9_4.x86_64  CompilerName: GCC  CompilerVersion: 8.4.0
ProgramName: mri_or  ProgramArguments: mri_or -all-info  ProgramVersion: 7.3.2  TimeStamp: 2026/03/13-02:47:00-GMT  BuildTime: Aug  4 2022 06:17:15  BuildStamp: freesurfer-linux-ubuntu22_x86_64-7.3.2-20220804-6354275  User: oesteban  Machine: dna067  Platform: Linux  PlatformVersion: 5.14.0-427.37.1.el9_4.x86_64  CompilerName: GCC  CompilerVersion: 8.4.0
ProgramName: mri_relabel_hypointensities  ProgramArguments: mri_relabel_hypointensities -all-info  ProgramVersion: 7.3.2  TimeStamp: 2026/03/13-02:47:00-GMT  BuildTime: Aug  4 2022 06:17:15  BuildStamp: freesurfer-linux-ubuntu22_x86_64-7.3.2-20220804-6354275  User: oesteban  Machine: dna067  Platform: Linux  PlatformVersion: 5.14.0-427.37.1.el9_4.x86_64  CompilerName: GCC  CompilerVersion: 8.4.0
ProgramName: mri_relabel_nonwm_hypos  ProgramArguments: mri_relabel_nonwm_hypos -all-info  ProgramVersion: 7.3.2  TimeStamp: 2026/03/13-02:47:00-GMT  BuildTime: Aug  4 2022 06:17:15  BuildStamp: freesurfer-linux-ubuntu22_x86_64-7.3.2-20220804-6354275  User: oesteban  Machine: dna067  Platform: Linux  PlatformVersion: 5.14.0-427.37.1.el9_4.x86_64  CompilerName: GCC  CompilerVersion: 8.4.0
ProgramName: mri_remove_neck  ProgramArguments: mri_remove_neck -all-info  ProgramVersion: 7.3.2  TimeStamp: 2026/03/13-02:47:00-GMT  BuildTime: Aug  4 2022 06:17:15  BuildStamp: freesurfer-linux-ubuntu22_x86_64-7.3.2-20220804-6354275  User: oesteban  Machine: dna067  Platform: Linux  PlatformVersion: 5.14.0-427.37.1.el9_4.x86_64  CompilerName: GCC  CompilerVersion: 8.4.0
7.3.2

ProgramName: mri_robust_register  ProgramArguments: mri_robust_register -all-info  ProgramVersion: 7.3.2  TimeStamp: 2026/03/13-02:47:00-GMT  BuildTime: Aug  4 2022 06:17:15  BuildStamp: freesurfer-linux-ubuntu22_x86_64-7.3.2-20220804-6354275  User: oesteban  Machine: dna067  Platform: Linux  PlatformVersion: 5.14.0-427.37.1.el9_4.x86_64  CompilerName: GCC  CompilerVersion: 8.4.0
7.3.2

ProgramName: mri_robust_template  ProgramArguments: mri_robust_template -all-info  ProgramVersion: 7.3.2  TimeStamp: 2026/03/13-02:47:00-GMT  BuildTime: Aug  4 2022 06:17:15  BuildStamp: freesurfer-linux-ubuntu22_x86_64-7.3.2-20220804-6354275  User: oesteban  Machine: dna067  Platform: Linux  PlatformVersion: 5.14.0-427.37.1.el9_4.x86_64  CompilerName: GCC  CompilerVersion: 8.4.0
ProgramName: mris_anatomical_stats  ProgramArguments: mris_anatomical_stats -all-info  ProgramVersion: 7.3.2  TimeStamp: 2026/03/13-02:47:00-GMT  BuildTime: Aug  4 2022 06:17:15  BuildStamp: freesurfer-linux-ubuntu22_x86_64-7.3.2-20220804-6354275  User: oesteban  Machine: dna067  Platform: Linux  PlatformVersion: 5.14.0-427.37.1.el9_4.x86_64  CompilerName: GCC  CompilerVersion: 8.4.0
ProgramName: mris_ca_label  ProgramArguments: mris_ca_label -all-info  ProgramVersion: 7.3.2  TimeStamp: 2026/03/13-02:47:00-GMT  BuildTime: Aug  4 2022 06:17:15  BuildStamp: freesurfer-linux-ubuntu22_x86_64-7.3.2-20220804-6354275  User: oesteban  Machine: dna067  Platform: Linux  PlatformVersion: 5.14.0-427.37.1.el9_4.x86_64  CompilerName: GCC  CompilerVersion: 8.4.0
ProgramName: mris_calc  ProgramArguments: mris_calc -all-info  ProgramVersion: 7.3.2  TimeStamp: 2026/03/13-02:47:00-GMT  BuildTime: Aug  4 2022 06:17:15  BuildStamp: freesurfer-linux-ubuntu22_x86_64-7.3.2-20220804-6354275  User: oesteban  Machine: dna067  Platform: Linux  PlatformVersion: 5.14.0-427.37.1.el9_4.x86_64  CompilerName: GCC  CompilerVersion: 8.4.0
ProgramName: mris_convert  ProgramArguments: mris_convert -all-info  ProgramVersion: 7.3.2  TimeStamp: 2026/03/13-02:47:00-GMT  BuildTime: Aug  4 2022 06:17:15  BuildStamp: freesurfer-linux-ubuntu22_x86_64-7.3.2-20220804-6354275  User: oesteban  Machine: dna067  Platform: Linux  PlatformVersion: 5.14.0-427.37.1.el9_4.x86_64  CompilerName: GCC  CompilerVersion: 8.4.0
ProgramName: mris_curvature  ProgramArguments: mris_curvature -all-info  ProgramVersion: 7.3.2  TimeStamp: 2026/03/13-02:47:00-GMT  BuildTime: Aug  4 2022 06:17:15  BuildStamp: freesurfer-linux-ubuntu22_x86_64-7.3.2-20220804-6354275  User: oesteban  Machine: dna067  Platform: Linux  PlatformVersion: 5.14.0-427.37.1.el9_4.x86_64  CompilerName: GCC  CompilerVersion: 8.4.0
ProgramName: mris_curvature_stats  ProgramArguments: mris_curvature_stats -all-info  ProgramVersion: 7.3.2  TimeStamp: 2026/03/13-02:47:00-GMT  BuildTime: Aug  4 2022 06:17:15  BuildStamp: freesurfer-linux-ubuntu22_x86_64-7.3.2-20220804-6354275  User: oesteban  Machine: dna067  Platform: Linux  PlatformVersion: 5.14.0-427.37.1.el9_4.x86_64  CompilerName: GCC  CompilerVersion: 8.4.0
ProgramName: mris_diff  ProgramArguments: mris_diff -all-info  ProgramVersion: 7.3.2  TimeStamp: 2026/03/13-02:47:00-GMT  BuildTime: Aug  4 2022 06:17:15  BuildStamp: freesurfer-linux-ubuntu22_x86_64-7.3.2-20220804-6354275  User: oesteban  Machine: dna067  Platform: Linux  PlatformVersion: 5.14.0-427.37.1.el9_4.x86_64  CompilerName: GCC  CompilerVersion: 8.4.0
ProgramName: mris_divide_parcellation  ProgramArguments: mris_divide_parcellation -all-info  ProgramVersion: 7.3.2  TimeStamp: 2026/03/13-02:47:00-GMT  BuildTime: Aug  4 2022 06:17:15  BuildStamp: freesurfer-linux-ubuntu22_x86_64-7.3.2-20220804-6354275  User: oesteban  Machine: dna067  Platform: Linux  PlatformVersion: 5.14.0-427.37.1.el9_4.x86_64  CompilerName: GCC  CompilerVersion: 8.4.0
ProgramName: mri_segment  ProgramArguments: mri_segment -all-info  ProgramVersion: 7.3.2  TimeStamp: 2026/03/13-02:47:00-GMT  BuildTime: Aug  4 2022 06:17:15  BuildStamp: freesurfer-linux-ubuntu22_x86_64-7.3.2-20220804-6354275  User: oesteban  Machine: dna067  Platform: Linux  PlatformVersion: 5.14.0-427.37.1.el9_4.x86_64  CompilerName: GCC  CompilerVersion: 8.4.0
ProgramName: mri_segstats  ProgramArguments: mri_segstats -all-info  ProgramVersion: 7.3.2  TimeStamp: 2026/03/13-02:47:00-GMT  BuildTime: Aug  4 2022 06:17:15  BuildStamp: freesurfer-linux-ubuntu22_x86_64-7.3.2-20220804-6354275  User: oesteban  Machine: dna067  Platform: Linux  PlatformVersion: 5.14.0-427.37.1.el9_4.x86_64  CompilerName: GCC  CompilerVersion: 8.4.0
ProgramName: mris_euler_number  ProgramArguments: mris_euler_number -all-info  ProgramVersion: 7.3.2  TimeStamp: 2026/03/13-02:47:00-GMT  BuildTime: Aug  4 2022 06:17:15  BuildStamp: freesurfer-linux-ubuntu22_x86_64-7.3.2-20220804-6354275  User: oesteban  Machine: dna067  Platform: Linux  PlatformVersion: 5.14.0-427.37.1.el9_4.x86_64  CompilerName: GCC  CompilerVersion: 8.4.0
ProgramName: mris_fix_topology  ProgramArguments: mris_fix_topology -all-info  ProgramVersion: 7.3.2  TimeStamp: 2026/03/13-02:47:00-GMT  BuildTime: Aug  4 2022 06:17:15  BuildStamp: freesurfer-linux-ubuntu22_x86_64-7.3.2-20220804-6354275  User: oesteban  Machine: dna067  Platform: Linux  PlatformVersion: 5.14.0-427.37.1.el9_4.x86_64  CompilerName: GCC  CompilerVersion: 8.4.0
ProgramName: mris_topo_fixer  ProgramArguments: mris_topo_fixer -all-info  ProgramVersion: 7.3.2  TimeStamp: 2026/03/13-02:47:00-GMT  BuildTime: Aug  4 2022 06:17:15  BuildStamp: freesurfer-linux-ubuntu22_x86_64-7.3.2-20220804-6354275  User: oesteban  Machine: dna067  Platform: Linux  PlatformVersion: 5.14.0-427.37.1.el9_4.x86_64  CompilerName: GCC  CompilerVersion: 8.4.0
ProgramName: mris_jacobian  ProgramArguments: mris_jacobian -all-info  ProgramVersion: 7.3.2  TimeStamp: 2026/03/13-02:47:00-GMT  BuildTime: Aug  4 2022 06:17:15  BuildStamp: freesurfer-linux-ubuntu22_x86_64-7.3.2-20220804-6354275  User: oesteban  Machine: dna067  Platform: Linux  PlatformVersion: 5.14.0-427.37.1.el9_4.x86_64  CompilerName: GCC  CompilerVersion: 8.4.0
ProgramName: mris_label2annot  ProgramArguments: mris_label2annot -all-info  ProgramVersion: 7.3.2  TimeStamp: 2026/03/13-02:47:00-GMT  BuildTime: Aug  4 2022 06:17:15  BuildStamp: freesurfer-linux-ubuntu22_x86_64-7.3.2-20220804-6354275  User: oesteban  Machine: dna067  Platform: Linux  PlatformVersion: 5.14.0-427.37.1.el9_4.x86_64  CompilerName: GCC  CompilerVersion: 8.4.0
ProgramName: mris_left_right_register  ProgramArguments: mris_left_right_register -all-info  ProgramVersion: 7.3.2  TimeStamp: 2026/03/13-02:47:00-GMT  BuildTime: Aug  4 2022 06:17:15  BuildStamp: freesurfer-linux-ubuntu22_x86_64-7.3.2-20220804-6354275  User: oesteban  Machine: dna067  Platform: Linux  PlatformVersion: 5.14.0-427.37.1.el9_4.x86_64  CompilerName: GCC  CompilerVersion: 8.4.0
ProgramName: mris_place_surface  ProgramArguments: mris_place_surface -all-info  ProgramVersion: 7.3.2  TimeStamp: 2026/03/13-02:47:00-GMT  BuildTime: Aug  4 2022 06:17:15  BuildStamp: freesurfer-linux-ubuntu22_x86_64-7.3.2-20220804-6354275  User: oesteban  Machine: dna067  Platform: Linux  PlatformVersion: 5.14.0-427.37.1.el9_4.x86_64  CompilerName: GCC  CompilerVersion: 8.4.0
ProgramName: mrisp_paint  ProgramArguments: mrisp_paint -all-info  ProgramVersion: 7.3.2  TimeStamp: 2026/03/13-02:47:00-GMT  BuildTime: Aug  4 2022 06:17:15  BuildStamp: freesurfer-linux-ubuntu22_x86_64-7.3.2-20220804-6354275  User: oesteban  Machine: dna067  Platform: Linux  PlatformVersion: 5.14.0-427.37.1.el9_4.x86_64  CompilerName: GCC  CompilerVersion: 8.4.0
ProgramName: mris_register  ProgramArguments: mris_register -all-info  ProgramVersion: 7.3.2  TimeStamp: 2026/03/13-02:47:00-GMT  BuildTime: Aug  4 2022 06:17:15  BuildStamp: freesurfer-linux-ubuntu22_x86_64-7.3.2-20220804-6354275  User: oesteban  Machine: dna067  Platform: Linux  PlatformVersion: 5.14.0-427.37.1.el9_4.x86_64  CompilerName: GCC  CompilerVersion: 8.4.0
ProgramName: mris_smooth  ProgramArguments: mris_smooth -all-info  ProgramVersion: 7.3.2  TimeStamp: 2026/03/13-02:47:00-GMT  BuildTime: Aug  4 2022 06:17:15  BuildStamp: freesurfer-linux-ubuntu22_x86_64-7.3.2-20220804-6354275  User: oesteban  Machine: dna067  Platform: Linux  PlatformVersion: 5.14.0-427.37.1.el9_4.x86_64  CompilerName: GCC  CompilerVersion: 8.4.0
ProgramName: mris_sphere  ProgramArguments: mris_sphere -all-info  ProgramVersion: 7.3.2  TimeStamp: 2026/03/13-02:47:00-GMT  BuildTime: Aug  4 2022 06:17:15  BuildStamp: freesurfer-linux-ubuntu22_x86_64-7.3.2-20220804-6354275  User: oesteban  Machine: dna067  Platform: Linux  PlatformVersion: 5.14.0-427.37.1.el9_4.x86_64  CompilerName: GCC  CompilerVersion: 8.4.0
ProgramName: mris_surface_stats  ProgramArguments: mris_surface_stats -all-info  ProgramVersion: 7.3.2  TimeStamp: 2026/03/13-02:47:00-GMT  BuildTime: Aug  4 2022 06:17:15  BuildStamp: freesurfer-linux-ubuntu22_x86_64-7.3.2-20220804-6354275  User: oesteban  Machine: dna067  Platform: Linux  PlatformVersion: 5.14.0-427.37.1.el9_4.x86_64  CompilerName: GCC  CompilerVersion: 8.4.0
ProgramName: mri_stats2seg  ProgramArguments: mri_stats2seg -all-info  ProgramVersion: 7.3.2  TimeStamp: 2026/03/13-02:47:00-GMT  BuildTime: Aug  4 2022 06:17:15  BuildStamp: freesurfer-linux-ubuntu22_x86_64-7.3.2-20220804-6354275  User: oesteban  Machine: dna067  Platform: Linux  PlatformVersion: 5.14.0-427.37.1.el9_4.x86_64  CompilerName: GCC  CompilerVersion: 8.4.0
ProgramName: mris_thickness  ProgramArguments: mris_thickness -all-info  ProgramVersion: 7.3.2  TimeStamp: 2026/03/13-02:47:00-GMT  BuildTime: Aug  4 2022 06:17:15  BuildStamp: freesurfer-linux-ubuntu22_x86_64-7.3.2-20220804-6354275  User: oesteban  Machine: dna067  Platform: Linux  PlatformVersion: 5.14.0-427.37.1.el9_4.x86_64  CompilerName: GCC  CompilerVersion: 8.4.0
ProgramName: mris_thickness_diff  ProgramArguments: mris_thickness_diff -all-info  ProgramVersion: 7.3.2  TimeStamp: 2026/03/13-02:47:00-GMT  BuildTime: Aug  4 2022 06:17:15  BuildStamp: freesurfer-linux-ubuntu22_x86_64-7.3.2-20220804-6354275  User: oesteban  Machine: dna067  Platform: Linux  PlatformVersion: 5.14.0-427.37.1.el9_4.x86_64  CompilerName: GCC  CompilerVersion: 8.4.0
ProgramName: mris_topo_fixer  ProgramArguments: mris_topo_fixer -all-info  ProgramVersion: 7.3.2  TimeStamp: 2026/03/13-02:47:00-GMT  BuildTime: Aug  4 2022 06:17:15  BuildStamp: freesurfer-linux-ubuntu22_x86_64-7.3.2-20220804-6354275  User: oesteban  Machine: dna067  Platform: Linux  PlatformVersion: 5.14.0-427.37.1.el9_4.x86_64  CompilerName: GCC  CompilerVersion: 8.4.0
ProgramName: mri_surf2surf  ProgramArguments: mri_surf2surf -all-info  ProgramVersion: 7.3.2  TimeStamp: 2026/03/13-02:47:00-GMT  BuildTime: Aug  4 2022 06:17:15  BuildStamp: freesurfer-linux-ubuntu22_x86_64-7.3.2-20220804-6354275  User: oesteban  Machine: dna067  Platform: Linux  PlatformVersion: 5.14.0-427.37.1.el9_4.x86_64  CompilerName: GCC  CompilerVersion: 8.4.0
ProgramName: mri_surf2vol  ProgramArguments: mri_surf2vol -all-info  ProgramVersion: 7.3.2  TimeStamp: 2026/03/13-02:47:00-GMT  BuildTime: Aug  4 2022 06:17:15  BuildStamp: freesurfer-linux-ubuntu22_x86_64-7.3.2-20220804-6354275  User: oesteban  Machine: dna067  Platform: Linux  PlatformVersion: 5.14.0-427.37.1.el9_4.x86_64  CompilerName: GCC  CompilerVersion: 8.4.0
ProgramName: mri_surfcluster  ProgramArguments: mri_surfcluster -all-info  ProgramVersion: 7.3.2  TimeStamp: 2026/03/13-02:47:00-GMT  BuildTime: Aug  4 2022 06:17:15  BuildStamp: freesurfer-linux-ubuntu22_x86_64-7.3.2-20220804-6354275  User: oesteban  Machine: dna067  Platform: Linux  PlatformVersion: 5.14.0-427.37.1.el9_4.x86_64  CompilerName: GCC  CompilerVersion: 8.4.0
ProgramName: mris_volmask  ProgramArguments: mris_volmask -all-info  ProgramVersion: 7.3.2  TimeStamp: 2026/03/13-02:47:00-GMT  BuildTime: Aug  4 2022 06:17:15  BuildStamp: freesurfer-linux-ubuntu22_x86_64-7.3.2-20220804-6354275  User: oesteban  Machine: dna067  Platform: Linux  PlatformVersion: 5.14.0-427.37.1.el9_4.x86_64  CompilerName: GCC  CompilerVersion: 8.4.0
ProgramName: mri_tessellate  ProgramArguments: mri_tessellate -all-info  ProgramVersion: 7.3.2  TimeStamp: 2026/03/13-02:47:00-GMT  BuildTime: Aug  4 2022 06:17:15  BuildStamp: freesurfer-linux-ubuntu22_x86_64-7.3.2-20220804-6354275  User: oesteban  Machine: dna067  Platform: Linux  PlatformVersion: 5.14.0-427.37.1.el9_4.x86_64  CompilerName: GCC  CompilerVersion: 8.4.0
ProgramName: mri_vol2surf  ProgramArguments: mri_vol2surf -all-info  ProgramVersion: 7.3.2  TimeStamp: 2026/03/13-02:47:00-GMT  BuildTime: Aug  4 2022 06:17:15  BuildStamp: freesurfer-linux-ubuntu22_x86_64-7.3.2-20220804-6354275  User: oesteban  Machine: dna067  Platform: Linux  PlatformVersion: 5.14.0-427.37.1.el9_4.x86_64  CompilerName: GCC  CompilerVersion: 8.4.0
ProgramName: mri_vol2vol  ProgramArguments: mri_vol2vol -all-info  ProgramVersion: 7.3.2  TimeStamp: 2026/03/13-02:47:00-GMT  BuildTime: Aug  4 2022 06:17:15  BuildStamp: freesurfer-linux-ubuntu22_x86_64-7.3.2-20220804-6354275  User: oesteban  Machine: dna067  Platform: Linux  PlatformVersion: 5.14.0-427.37.1.el9_4.x86_64  CompilerName: GCC  CompilerVersion: 8.4.0
ProgramName: mri_voldiff  ProgramArguments: mri_voldiff -all-info  ProgramVersion: 7.3.2  TimeStamp: 2026/03/13-02:47:00-GMT  BuildTime: Aug  4 2022 06:17:15  BuildStamp: freesurfer-linux-ubuntu22_x86_64-7.3.2-20220804-6354275  User: oesteban  Machine: dna067  Platform: Linux  PlatformVersion: 5.14.0-427.37.1.el9_4.x86_64  CompilerName: GCC  CompilerVersion: 8.4.0
ProgramName: mri_watershed  ProgramArguments: mri_watershed -all-info  ProgramVersion: 7.3.2  TimeStamp: 2026/03/13-02:47:00-GMT  BuildTime: Aug  4 2022 06:17:15  BuildStamp: freesurfer-linux-ubuntu22_x86_64-7.3.2-20220804-6354275  User: oesteban  Machine: dna067  Platform: Linux  PlatformVersion: 5.14.0-427.37.1.el9_4.x86_64  CompilerName: GCC  CompilerVersion: 8.4.0
ProgramName: tkregister2  ProgramArguments: tkregister2_cmdl -all-info  ProgramVersion: 7.3.2  TimeStamp: 2026/03/13-02:47:00-GMT  BuildTime: Aug  4 2022 06:17:15  BuildStamp: freesurfer-linux-ubuntu22_x86_64-7.3.2-20220804-6354275  User: oesteban  Machine: dna067  Platform: Linux  PlatformVersion: 5.14.0-427.37.1.el9_4.x86_64  CompilerName: GCC  CompilerVersion: 8.4.0
mri_motion_correct.fsl 7.3.2
mri_convert -all-info 
ProgramName: mri_convert  ProgramArguments: mri_convert -all-info  ProgramVersion: 7.3.2  TimeStamp: 2026/03/13-02:47:00-GMT  BuildTime: Aug  4 2022 06:17:15  BuildStamp: freesurfer-linux-ubuntu22_x86_64-7.3.2-20220804-6354275  User: oesteban  Machine: dna067  Platform: Linux  PlatformVersion: 5.14.0-427.37.1.el9_4.x86_64  CompilerName: GCC  CompilerVersion: 8.4.0
Program nu_correct, built from:
Package MNI N3, version 1.12.0, compiled by nicks@terrier (x86_64-unknown-linux-gnu) on 2015-06-19 at 01:25:34
#######################################
GCADIR /opt/freesurfer/average
GCA RB_all_2020-01-02.gca
GCASkull RB_all_withskull_2020_01_02.gca
AvgCurvTif folding.atlas.acfb40.noaparc.i12.2016-08-02.tif
GCSDIR /opt/freesurfer/average
GCS DKaparc.atlas.acfb40.noaparc.i12.2016-08-02.gcs
#######################################
/out/sourcedata/freesurfer/sub-v2s4x29588_ses-1

 mri_convert /work/fmriprep_25_2_wf/sub_v2s4x29588_ses_1_wf/anat_fit_wf/anat_validate/sub-v2s4x29588_ses-1_run-1_T1w_noise_corrected_ras_valid.nii.gz /out/sourcedata/freesurfer/sub-v2s4x29588_ses-1/mri/orig/001.mgz 

mri_convert /work/fmriprep_25_2_wf/sub_v2s4x29588_ses_1_wf/anat_fit_wf/anat_validate/sub-v2s4x29588_ses-1_run-1_T1w_noise_corrected_ras_valid.nii.gz /out/sourcedata/freesurfer/sub-v2s4x29588_ses-1/mri/orig/001.mgz 
reading from /work/fmriprep_25_2_wf/sub_v2s4x29588_ses_1_wf/anat_fit_wf/anat_validate/sub-v2s4x29588_ses-1_run-1_T1w_noise_corrected_ras_valid.nii.gz...
TR=0.00, TE=0.00, TI=0.00, flip angle=0.00
i_ras = (0.997095, -0.0687631, -0.0327687)
j_ras = (0.068726, 0.997633, -0.00225862)
k_ras = (0.0328465, 3.1339e-10, 0.99946)
writing to /out/sourcedata/freesurfer/sub-v2s4x29588_ses-1/mri/orig/001.mgz...
#--------------------------------------------
#@# MotionCor Fri Mar 13 03:47:02 CET 2026
Found 1 runs
/out/sourcedata/freesurfer/sub-v2s4x29588_ses-1/mri/orig/001.mgz
Checking for (invalid) multi-frame inputs...
Only one run found so motion
correction will not be performed. I'll
copy the run to rawavg and continue.

 cp /out/sourcedata/freesurfer/sub-v2s4x29588_ses-1/mri/orig/001.mgz /out/sourcedata/freesurfer/sub-v2s4x29588_ses-1/mri/rawavg.mgz 


 mri_info /out/sourcedata/freesurfer/sub-v2s4x29588_ses-1/mri/rawavg.mgz 

rawavg.mgz ========================================
Volume information for /out/sourcedata/freesurfer/sub-v2s4x29588_ses-1/mri/rawavg.mgz
          type: MGH
    dimensions: 170 x 256 x 256
   voxel sizes: 1.000006, 0.937500, 0.937500
          type: FLOAT (3)
           fov: 240.000
           dof: 1
        xstart: -85.0, xend: 85.0
        ystart: -120.0, yend: 120.0
        zstart: -120.0, zend: 120.0
            TR: 0.00 msec, TE: 0.00 msec, TI: 0.00 msec, flip angle: 0.00 degrees
       nframes: 1
       PhEncDir: UNKNOWN
       FieldStrength: 0.000000
ras xform present
    xform info: x_r =   0.9971, y_r =   0.0687, z_r =   0.0328, c_r =     5.4643
              : x_a =  -0.0688, y_a =   0.9976, z_a =   0.0000, c_a =     0.9981
              : x_s =  -0.0328, y_s =  -0.0023, z_s =   0.9995, c_s =    -6.1302

talairach xfm : 
Orientation   : RAS
Primary Slice Direction: axial

voxel to ras transform:
                0.9971   0.0644   0.0308   -91.4780
               -0.0688   0.9353   0.0000  -112.8729
               -0.0328  -0.0021   0.9370  -123.0091
                0.0000   0.0000   0.0000     1.0000

voxel-to-ras determinant 0.878912

ras to voxel transform:
                0.9971  -0.0688  -0.0328    79.4194
                0.0733   1.0641  -0.0024   126.5225
                0.0350   0.0000   1.0661   134.3439
                0.0000   0.0000   0.0000     1.0000
/out/sourcedata/freesurfer/sub-v2s4x29588_ses-1

 mri_convert /out/sourcedata/freesurfer/sub-v2s4x29588_ses-1/mri/rawavg.mgz /out/sourcedata/freesurfer/sub-v2s4x29588_ses-1/mri/orig.mgz --conform 

mri_convert /out/sourcedata/freesurfer/sub-v2s4x29588_ses-1/mri/rawavg.mgz /out/sourcedata/freesurfer/sub-v2s4x29588_ses-1/mri/orig.mgz --conform 
reading from /out/sourcedata/freesurfer/sub-v2s4x29588_ses-1/mri/rawavg.mgz...
TR=0.00, TE=0.00, TI=0.00, flip angle=0.00
i_ras = (0.997095, -0.0687631, -0.0327687)
j_ras = (0.068726, 0.997633, -0.00225862)
k_ras = (0.0328465, 3.1339e-10, 0.99946)
changing data type from float to uchar (noscale = 0)...
MRIchangeType: Building histogram -0.000480652 381.262 1000, flo=0, fhi=0.999, dest_type=0
Reslicing using trilinear interpolation 
writing to /out/sourcedata/freesurfer/sub-v2s4x29588_ses-1/mri/orig.mgz...

 mri_add_xform_to_header -c /out/sourcedata/freesurfer/sub-v2s4x29588_ses-1/mri/transforms/talairach.xfm /out/sourcedata/freesurfer/sub-v2s4x29588_ses-1/mri/orig.mgz /out/sourcedata/freesurfer/sub-v2s4x29588_ses-1/mri/orig.mgz 

INFO: extension is mgz

 mri_info /out/sourcedata/freesurfer/sub-v2s4x29588_ses-1/mri/orig.mgz 

orig.mgz ========================================
Volume information for /out/sourcedata/freesurfer/sub-v2s4x29588_ses-1/mri/orig.mgz
          type: MGH
    dimensions: 256 x 256 x 256
   voxel sizes: 1.000000, 1.000000, 1.000000
          type: UCHAR (0)
           fov: 256.000
           dof: 1
        xstart: -128.0, xend: 128.0
        ystart: -128.0, yend: 128.0
        zstart: -128.0, zend: 128.0
            TR: 0.00 msec, TE: 0.00 msec, TI: 0.00 msec, flip angle: 0.00 degrees
       nframes: 1
       PhEncDir: UNKNOWN
       FieldStrength: 0.000000
ras xform present
    xform info: x_r =  -1.0000, y_r =   0.0000, z_r =   0.0000, c_r =     5.4642
              : x_a =  -0.0000, y_a =  -0.0000, z_a =   1.0000, c_a =     0.9981
              : x_s =  -0.0000, y_s =  -1.0000, z_s =  -0.0000, c_s =    -6.1302

talairach xfm : /out/sourcedata/freesurfer/sub-v2s4x29588_ses-1/mri/transforms/talairach.xfm
Orientation   : LIA
Primary Slice Direction: coronal

voxel to ras transform:
               -1.0000   0.0000   0.0000   133.4642
               -0.0000  -0.0000   1.0000  -127.0018
               -0.0000  -1.0000  -0.0000   121.8698
                0.0000   0.0000   0.0000     1.0000

voxel-to-ras determinant -1

ras to voxel transform:
               -1.0000   0.0000  -0.0000   133.4642
                0.0000  -0.0000  -1.0000   121.8698
               -0.0000   1.0000  -0.0000   127.0019
               -0.0000  -0.0000  -0.0000     1.0000
#--------------------------------------------
#@# Talairach Fri Mar 13 03:47:07 CET 2026
/out/sourcedata/freesurfer/sub-v2s4x29588_ses-1/mri

 mri_nu_correct.mni --no-rescale --i orig.mgz --o orig_nu.mgz --ants-n4 --n 1 --proto-iters 1000 --distance 50 

/usr/bin/bc
/out/sourcedata/freesurfer/sub-v2s4x29588_ses-1/mri
/opt/freesurfer/bin/mri_nu_correct.mni
--no-rescale --i orig.mgz --o orig_nu.mgz --ants-n4 --n 1 --proto-iters 1000 --distance 50
nIters 1
mri_nu_correct.mni 7.3.2
Linux dna067 5.14.0-427.37.1.el9_4.x86_64 #1 SMP PREEMPT_DYNAMIC Fri Sep 13 12:41:50 EDT 2024 x86_64 x86_64 x86_64 GNU/Linux
Fri Mar 13 03:47:07 CET 2026
tmpdir is ./tmp.mri_nu_correct.mni.3488215
cd /out/sourcedata/freesurfer/sub-v2s4x29588_ses-1/mri
AntsN4BiasFieldCorrectionFs -i orig.mgz -o ./tmp.mri_nu_correct.mni.3488215/nu0.mgz --dtype uchar
AntsN4BiasFieldCorrectionFs done
mri_convert ./tmp.mri_nu_correct.mni.3488215/nu0.mgz orig_nu.mgz --like orig.mgz --conform
mri_convert ./tmp.mri_nu_correct.mni.3488215/nu0.mgz orig_nu.mgz --like orig.mgz --conform 
reading from ./tmp.mri_nu_correct.mni.3488215/nu0.mgz...
TR=0.00, TE=0.00, TI=0.00, flip angle=0.00
i_ras = (-1, -1.02938e-11, -3.72529e-09)
j_ras = (3.72529e-09, -8.03907e-11, -1)
k_ras = (8.15745e-12, 1, -2.17444e-10)
INFO: transform src into the like-volume: orig.mgz
writing to orig_nu.mgz...
 
 
Fri Mar 13 03:49:44 CET 2026
mri_nu_correct.mni done

 talairach_avi --i orig_nu.mgz --xfm transforms/talairach.auto.xfm 

talairach_avi log file is transforms/talairach_avi.log...
mv -f /out/sourcedata/freesurfer/sub-v2s4x29588_ses-1/mri/talsrcimg_to_711-2C_as_mni_average_305_t4_vox2vox.txt /out/sourcedata/freesurfer/sub-v2s4x29588_ses-1/mri/transforms/talsrcimg_to_711-2C_as_mni_average_305_t4_vox2vox.txt
Started at Fri Mar 13 03:49:44 CET 2026
Ended   at Fri Mar 13 03:49:58 CET 2026
talairach_avi done

 cp transforms/talairach.auto.xfm transforms/talairach.xfm 

lta_convert --src orig.mgz --trg /opt/freesurfer/average/mni305.cor.mgz --inxfm transforms/talairach.xfm --outlta transforms/talairach.xfm.lta --subject fsaverage --ltavox2vox
7.3.2

--src: orig.mgz src image (geometry).
--trg: /opt/freesurfer/average/mni305.cor.mgz trg image (geometry).
--inmni: transforms/talairach.xfm input MNI/XFM transform.
--outlta: transforms/talairach.xfm.lta output LTA.
--s: fsaverage subject name
--ltavox2vox: output LTA as VOX_TO_VOX transform.
 LTA read, type : 1
 1.00397  -0.07428  -0.08735  -2.73218;
 0.08687   1.03576   0.11319  -15.72279;
 0.06632  -0.13279   1.06858  -24.12016;
 0.00000   0.00000   0.00000   1.00000;
setting subject to fsaverage
Writing  LTA to file transforms/talairach.xfm.lta...
lta_convert successful.
#--------------------------------------------
#@# Talairach Failure Detection Fri Mar 13 03:50:00 CET 2026
/out/sourcedata/freesurfer/sub-v2s4x29588_ses-1/mri

 talairach_afd -T 0.005 -xfm transforms/talairach.xfm 

talairach_afd: Talairach Transform: transforms/talairach.xfm OK (p=0.7031, pval=0.4932 >= threshold=0.0050)

 awk -f /opt/freesurfer/bin/extract_talairach_avi_QA.awk /out/sourcedata/freesurfer/sub-v2s4x29588_ses-1/mri/transforms/talairach_avi.log 


 tal_QC_AZS /out/sourcedata/freesurfer/sub-v2s4x29588_ses-1/mri/transforms/talairach_avi.log 

TalAviQA: 0.98029
z-score: 0
#--------------------------------------------
#@# Nu Intensity Correction Fri Mar 13 03:50:00 CET 2026

 mri_nu_correct.mni --i orig.mgz --o nu.mgz --uchar transforms/talairach.xfm --n 2 --ants-n4 

/usr/bin/bc
/out/sourcedata/freesurfer/sub-v2s4x29588_ses-1/mri
/opt/freesurfer/bin/mri_nu_correct.mni
--i orig.mgz --o nu.mgz --uchar transforms/talairach.xfm --n 2 --ants-n4
nIters 2
mri_nu_correct.mni 7.3.2
Linux dna067 5.14.0-427.37.1.el9_4.x86_64 #1 SMP PREEMPT_DYNAMIC Fri Sep 13 12:41:50 EDT 2024 x86_64 x86_64 x86_64 GNU/Linux
Fri Mar 13 03:50:00 CET 2026
tmpdir is ./tmp.mri_nu_correct.mni.3488886
cd /out/sourcedata/freesurfer/sub-v2s4x29588_ses-1/mri
AntsN4BiasFieldCorrectionFs -i orig.mgz -o ./tmp.mri_nu_correct.mni.3488886/nu0.mgz --dtype uchar
AntsN4BiasFieldCorrectionFs done
mri_binarize --i ./tmp.mri_nu_correct.mni.3488886/nu0.mgz --min -1 --o ./tmp.mri_nu_correct.mni.3488886/ones.mgz

7.3.2
cwd /out/sourcedata/freesurfer/sub-v2s4x29588_ses-1/mri
cmdline mri_binarize --i ./tmp.mri_nu_correct.mni.3488886/nu0.mgz --min -1 --o ./tmp.mri_nu_correct.mni.3488886/ones.mgz 
sysname  Linux
hostname dna067
machine  x86_64
user     oesteban

input      ./tmp.mri_nu_correct.mni.3488886/nu0.mgz
frame      0
nErode3d   0
nErode2d   0
output     ./tmp.mri_nu_correct.mni.3488886/ones.mgz
Binarizing based on threshold
min        -1
max        +infinity
binval        1
binvalnot     0
fstart = 0, fend = 0, nframes = 1
Starting parallel 1
Found 16777216 values in range
Counting number of voxels in first frame
Found 16777215 voxels in final mask
Writing output to ./tmp.mri_nu_correct.mni.3488886/ones.mgz
Count: 16777215 16777215.000000 16777216 99.999994
mri_binarize done
mri_segstats --id 1 --seg ./tmp.mri_nu_correct.mni.3488886/ones.mgz --i orig.mgz --sum ./tmp.mri_nu_correct.mni.3488886/sum.junk --avgwf ./tmp.mri_nu_correct.mni.3488886/input.mean.dat

7.3.2
cwd 
cmdline mri_segstats --id 1 --seg ./tmp.mri_nu_correct.mni.3488886/ones.mgz --i orig.mgz --sum ./tmp.mri_nu_correct.mni.3488886/sum.junk --avgwf ./tmp.mri_nu_correct.mni.3488886/input.mean.dat 
sysname  Linux
hostname dna067
machine  x86_64
user     oesteban
whitesurfname  white
UseRobust  0
Loading ./tmp.mri_nu_correct.mni.3488886/ones.mgz
Loading orig.mgz
Voxel Volume is 1 mm^3
Generating list of segmentation ids
Found   1 segmentations
Computing statistics for each segmentation

Reporting on   1 segmentations
Using PrintSegStat
Computing spatial average of each frame

Writing to ./tmp.mri_nu_correct.mni.3488886/input.mean.dat
mri_segstats done
mri_segstats --id 1 --seg ./tmp.mri_nu_correct.mni.3488886/ones.mgz --i ./tmp.mri_nu_correct.mni.3488886/nu0.mgz --sum ./tmp.mri_nu_correct.mni.3488886/sum.junk --avgwf ./tmp.mri_nu_correct.mni.3488886/output.mean.dat

7.3.2
cwd 
cmdline mri_segstats --id 1 --seg ./tmp.mri_nu_correct.mni.3488886/ones.mgz --i ./tmp.mri_nu_correct.mni.3488886/nu0.mgz --sum ./tmp.mri_nu_correct.mni.3488886/sum.junk --avgwf ./tmp.mri_nu_correct.mni.3488886/output.mean.dat 
sysname  Linux
hostname dna067
machine  x86_64
user     oesteban
whitesurfname  white
UseRobust  0
Loading ./tmp.mri_nu_correct.mni.3488886/ones.mgz
Loading ./tmp.mri_nu_correct.mni.3488886/nu0.mgz
Voxel Volume is 1 mm^3
Generating list of segmentation ids
Found   1 segmentations
Computing statistics for each segmentation

Reporting on   1 segmentations
Using PrintSegStat
Computing spatial average of each frame

Writing to ./tmp.mri_nu_correct.mni.3488886/output.mean.dat
mri_segstats done
mris_calc -o ./tmp.mri_nu_correct.mni.3488886/nu0.mgz ./tmp.mri_nu_correct.mni.3488886/nu0.mgz mul 1.01323843260282162887
Saving result to './tmp.mri_nu_correct.mni.3488886/nu0.mgz' (type = MGH )                       [ ok ]
mri_convert ./tmp.mri_nu_correct.mni.3488886/nu0.mgz nu.mgz --like orig.mgz
mri_convert ./tmp.mri_nu_correct.mni.3488886/nu0.mgz nu.mgz --like orig.mgz 
reading from ./tmp.mri_nu_correct.mni.3488886/nu0.mgz...
TR=0.00, TE=0.00, TI=0.00, flip angle=0.00
i_ras = (-1, -1.02938e-11, -3.72529e-09)
j_ras = (3.72529e-09, -8.03907e-11, -1)
k_ras = (8.15745e-12, 1, -2.17444e-10)
INFO: transform src into the like-volume: orig.mgz
writing to nu.mgz...
mri_make_uchar nu.mgz transforms/talairach.xfm nu.mgz
type change took 0 minutes and 3 seconds.
FIRST_PERCENTILE 0.010000
WM_PERCENTILE    0.900000
MAX_R 50.000000
i1 = 3, i2 = 56
#mri_make_uchar# mapping  8 144 to  3 110  :  b -3.53208 m 0.787092 : thresh 4.4875 maxsat 328.465 : nzero 13863726 nsat 0
 
 
Fri Mar 13 03:52:44 CET 2026
mri_nu_correct.mni done

 mri_add_xform_to_header -c /out/sourcedata/freesurfer/sub-v2s4x29588_ses-1/mri/transforms/talairach.xfm nu.mgz nu.mgz 

INFO: extension is mgz
#--------------------------------------------
#@# Intensity Normalization Fri Mar 13 03:52:45 CET 2026
/out/sourcedata/freesurfer/sub-v2s4x29588_ses-1/mri

 mri_normalize -g 1 -seed 1234 -mprage nu.mgz T1.mgz 

using max gradient = 1.000
setting seed for random number genererator to 1234
assuming input volume is MGH (Van der Kouwe) MP-RAGE
reading mri_src from nu.mgz...
normalizing image...
NOT doing gentle normalization with control points/label
talairach transform
 1.00397  -0.07428  -0.08735  -2.73218;
 0.08687   1.03576   0.11319  -15.72279;
 0.06632  -0.13279   1.06858  -24.12016;
 0.00000   0.00000   0.00000   1.00000;
processing without aseg, no1d=0
MRInormInit(): 
INFO: Modifying talairach volume c_(r,a,s) based on average_305
MRInormalize(): 
MRIsplineNormalize(): npeaks = 17
Starting OpenSpline(): npoints = 17
building Voronoi diagram...
performing soap bubble smoothing, sigma = 8...

Iterating 2 times
---------------------------------
3d normalization pass 1 of 2
white matter peak found at 110
white matter peak found at 110
gm peak at 82 (82), valley at 36 (36)
csf peak at 41, setting threshold to 68
building Voronoi diagram...
performing soap bubble smoothing, sigma = 8...
---------------------------------
3d normalization pass 2 of 2
white matter peak found at 110
white matter peak found at 110
gm peak at 83 (83), valley at 38 (38)
csf peak at 42, setting threshold to 69
building Voronoi diagram...
performing soap bubble smoothing, sigma = 8...
Done iterating ---------------------------------
writing output to T1.mgz
3D bias adjustment took 1 minutes and 3 seconds.

Started at Fri Mar 13 03:47:00 CET 2026 
Ended   at Fri Mar 13 03:53:47 CET 2026
#@#%# recon-all-run-time-hours 0.113
recon-all -s sub-v2s4x29588_ses-1 finished without error at Fri Mar 13 03:53:48 CET 2026



#New# invocation of recon-all 




Fri Mar 13 03:59:33 CET 2026
cd /out/sourcedata/freesurfer/sub-v2s4x29588_ses-1
setenv SUBJECTS_DIR /out/sourcedata/freesurfer
/opt/freesurfer/bin/recon-all -openmp 16 -subjid sub-v2s4x29588_ses-1 -sd /out/sourcedata/freesurfer -gcareg

subjid sub-v2s4x29588_ses-1
setenv SUBJECTS_DIR /out/sourcedata/freesurfer
FREESURFER_HOME /opt/freesurfer
Actual FREESURFER_HOME /opt/freesurfer
build-stamp.txt: freesurfer-linux-ubuntu22_x86_64-7.3.2-20220804-6354275
Linux dna067 5.14.0-427.37.1.el9_4.x86_64 #1 SMP PREEMPT_DYNAMIC Fri Sep 13 12:41:50 EDT 2024 x86_64 x86_64 x86_64 GNU/Linux
cputime      unlimited
filesize     unlimited
datasize     unlimited
stacksize    8192 kbytes
coredumpsize 0 kbytes
memoryuse    67108864 kbytes
vmemoryuse   unlimited
descriptors  1024 
memorylocked unlimited
maxproc      2061970 
maxlocks     unlimited
maxsignal    2062029 
maxmessage   819200 
maxnice      0 
maxrtprio    0 
maxrttime    unlimited

               total        used        free      shared  buff/cache   available
Mem:           503Gi        54Gi       294Gi        26Gi       153Gi       418Gi
Swap:             0B          0B          0B

########################################
program versions used
7.3.2 (freesurfer-linux-ubuntu22_x86_64-7.3.2-20220804-6354275)
7.3.2

ProgramName: lta_convert  ProgramArguments: lta_convert -all-info  ProgramVersion: 7.3.2  TimeStamp: 2026/03/13-02:59:33-GMT  BuildTime: Aug  4 2022 06:17:15  BuildStamp: freesurfer-linux-ubuntu22_x86_64-7.3.2-20220804-6354275  User: oesteban  Machine: dna067  Platform: Linux  PlatformVersion: 5.14.0-427.37.1.el9_4.x86_64  CompilerName: GCC  CompilerVersion: 8.4.0
ProgramName: mri_and  ProgramArguments: mri_and -all-info  ProgramVersion: 7.3.2  TimeStamp: 2026/03/13-02:59:33-GMT  BuildTime: Aug  4 2022 06:17:15  BuildStamp: freesurfer-linux-ubuntu22_x86_64-7.3.2-20220804-6354275  User: oesteban  Machine: dna067  Platform: Linux  PlatformVersion: 5.14.0-427.37.1.el9_4.x86_64  CompilerName: GCC  CompilerVersion: 8.4.0
ProgramName: mri_annotation2label  ProgramArguments: mri_annotation2label -all-info  ProgramVersion: 7.3.2  TimeStamp: 2026/03/13-02:59:33-GMT  BuildTime: Aug  4 2022 06:17:15  BuildStamp: freesurfer-linux-ubuntu22_x86_64-7.3.2-20220804-6354275  User: oesteban  Machine: dna067  Platform: Linux  PlatformVersion: 5.14.0-427.37.1.el9_4.x86_64  CompilerName: GCC  CompilerVersion: 8.4.0
ProgramName: mri_aparc2aseg  ProgramArguments: mri_aparc2aseg -all-info  ProgramVersion: 7.3.2  TimeStamp: 2026/03/13-02:59:33-GMT  BuildTime: Aug  4 2022 06:17:15  BuildStamp: freesurfer-linux-ubuntu22_x86_64-7.3.2-20220804-6354275  User: oesteban  Machine: dna067  Platform: Linux  PlatformVersion: 5.14.0-427.37.1.el9_4.x86_64  CompilerName: GCC  CompilerVersion: 8.4.0
ProgramName: mri_surf2volseg  ProgramArguments: mri_surf2volseg -all-info  ProgramVersion: 7.3.2  TimeStamp: 2026/03/13-02:59:33-GMT  BuildTime: Aug  4 2022 06:17:15  BuildStamp: freesurfer-linux-ubuntu22_x86_64-7.3.2-20220804-6354275  User: oesteban  Machine: dna067  Platform: Linux  PlatformVersion: 5.14.0-427.37.1.el9_4.x86_64  CompilerName: GCC  CompilerVersion: 8.4.0
ProgramName: mri_binarize  ProgramArguments: mri_binarize -all-info  ProgramVersion: 7.3.2  TimeStamp: 2026/03/13-02:59:33-GMT  BuildTime: Aug  4 2022 06:17:15  BuildStamp: freesurfer-linux-ubuntu22_x86_64-7.3.2-20220804-6354275  User: oesteban  Machine: dna067  Platform: Linux  PlatformVersion: 5.14.0-427.37.1.el9_4.x86_64  CompilerName: GCC  CompilerVersion: 8.4.0
ProgramName: mri_ca_label  ProgramArguments: mri_ca_label -all-info  ProgramVersion: 7.3.2  TimeStamp: 2026/03/13-02:59:33-GMT  BuildTime: Aug  4 2022 06:17:15  BuildStamp: freesurfer-linux-ubuntu22_x86_64-7.3.2-20220804-6354275  User: oesteban  Machine: dna067  Platform: Linux  PlatformVersion: 5.14.0-427.37.1.el9_4.x86_64  CompilerName: GCC  CompilerVersion: 8.4.0
ProgramName: mri_ca_normalize  ProgramArguments: mri_ca_normalize -all-info  ProgramVersion: 7.3.2  TimeStamp: 2026/03/13-02:59:33-GMT  BuildTime: Aug  4 2022 06:17:15  BuildStamp: freesurfer-linux-ubuntu22_x86_64-7.3.2-20220804-6354275  User: oesteban  Machine: dna067  Platform: Linux  PlatformVersion: 5.14.0-427.37.1.el9_4.x86_64  CompilerName: GCC  CompilerVersion: 8.4.0
ProgramName: mri_ca_register  ProgramArguments: mri_ca_register -all-info  ProgramVersion: 7.3.2  TimeStamp: 2026/03/13-02:59:33-GMT  BuildTime: Aug  4 2022 06:17:15  BuildStamp: freesurfer-linux-ubuntu22_x86_64-7.3.2-20220804-6354275  User: oesteban  Machine: dna067  Platform: Linux  PlatformVersion: 5.14.0-427.37.1.el9_4.x86_64  CompilerName: GCC  CompilerVersion: 8.4.0
ProgramName: mri_cc  ProgramArguments: mri_cc -all-info  ProgramVersion: 7.3.2  TimeStamp: 2026/03/13-02:59:33-GMT  BuildTime: Aug  4 2022 06:17:15  BuildStamp: freesurfer-linux-ubuntu22_x86_64-7.3.2-20220804-6354275  User: oesteban  Machine: dna067  Platform: Linux  PlatformVersion: 5.14.0-427.37.1.el9_4.x86_64  CompilerName: GCC  CompilerVersion: 8.4.0
ProgramName: mri_compute_overlap  ProgramArguments: mri_compute_overlap -all-info  ProgramVersion: 7.3.2  TimeStamp: 2026/03/13-02:59:33-GMT  BuildTime: Aug  4 2022 06:17:15  BuildStamp: freesurfer-linux-ubuntu22_x86_64-7.3.2-20220804-6354275  User: oesteban  Machine: dna067  Platform: Linux  PlatformVersion: 5.14.0-427.37.1.el9_4.x86_64  CompilerName: GCC  CompilerVersion: 8.4.0
ProgramName: mri_compute_seg_overlap  ProgramArguments: mri_compute_seg_overlap -all-info  ProgramVersion: 7.3.2  TimeStamp: 2026/03/13-02:59:33-GMT  BuildTime: Aug  4 2022 06:17:15  BuildStamp: freesurfer-linux-ubuntu22_x86_64-7.3.2-20220804-6354275  User: oesteban  Machine: dna067  Platform: Linux  PlatformVersion: 5.14.0-427.37.1.el9_4.x86_64  CompilerName: GCC  CompilerVersion: 8.4.0
ProgramName: mri_concat  ProgramArguments: mri_concat -all-info  ProgramVersion: 7.3.2  TimeStamp: 2026/03/13-02:59:33-GMT  BuildTime: Aug  4 2022 06:17:15  BuildStamp: freesurfer-linux-ubuntu22_x86_64-7.3.2-20220804-6354275  User: oesteban  Machine: dna067  Platform: Linux  PlatformVersion: 5.14.0-427.37.1.el9_4.x86_64  CompilerName: GCC  CompilerVersion: 8.4.0
ProgramName: mri_concatenate_lta  ProgramArguments: mri_concatenate_lta -all-info  ProgramVersion: 7.3.2  TimeStamp: 2026/03/13-02:59:33-GMT  BuildTime: Aug  4 2022 06:17:15  BuildStamp: freesurfer-linux-ubuntu22_x86_64-7.3.2-20220804-6354275  User: oesteban  Machine: dna067  Platform: Linux  PlatformVersion: 5.14.0-427.37.1.el9_4.x86_64  CompilerName: GCC  CompilerVersion: 8.4.0
mri_convert -all-info 
ProgramName: mri_convert  ProgramArguments: mri_convert -all-info  ProgramVersion: 7.3.2  TimeStamp: 2026/03/13-02:59:33-GMT  BuildTime: Aug  4 2022 06:17:15  BuildStamp: freesurfer-linux-ubuntu22_x86_64-7.3.2-20220804-6354275  User: oesteban  Machine: dna067  Platform: Linux  PlatformVersion: 5.14.0-427.37.1.el9_4.x86_64  CompilerName: GCC  CompilerVersion: 8.4.0
ProgramName: mri_diff  ProgramArguments: mri_diff -all-info  ProgramVersion: 7.3.2  TimeStamp: 2026/03/13-02:59:33-GMT  BuildTime: Aug  4 2022 06:17:15  BuildStamp: freesurfer-linux-ubuntu22_x86_64-7.3.2-20220804-6354275  User: oesteban  Machine: dna067  Platform: Linux  PlatformVersion: 5.14.0-427.37.1.el9_4.x86_64  CompilerName: GCC  CompilerVersion: 8.4.0
ProgramName: mri_edit_wm_with_aseg  ProgramArguments: mri_edit_wm_with_aseg -all-info  ProgramVersion: 7.3.2  TimeStamp: 2026/03/13-02:59:33-GMT  BuildTime: Aug  4 2022 06:17:15  BuildStamp: freesurfer-linux-ubuntu22_x86_64-7.3.2-20220804-6354275  User: oesteban  Machine: dna067  Platform: Linux  PlatformVersion: 5.14.0-427.37.1.el9_4.x86_64  CompilerName: GCC  CompilerVersion: 8.4.0
ProgramName: mri_em_register  ProgramArguments: mri_em_register -all-info  ProgramVersion: 7.3.2  TimeStamp: 2026/03/13-02:59:33-GMT  BuildTime: Aug  4 2022 06:17:15  BuildStamp: freesurfer-linux-ubuntu22_x86_64-7.3.2-20220804-6354275  User: oesteban  Machine: dna067  Platform: Linux  PlatformVersion: 5.14.0-427.37.1.el9_4.x86_64  CompilerName: GCC  CompilerVersion: 8.4.0
ProgramName: mri_fill  ProgramArguments: mri_fill -all-info  ProgramVersion: 7.3.2  TimeStamp: 2026/03/13-02:59:33-GMT  BuildTime: Aug  4 2022 06:17:15  BuildStamp: freesurfer-linux-ubuntu22_x86_64-7.3.2-20220804-6354275  User: oesteban  Machine: dna067  Platform: Linux  PlatformVersion: 5.14.0-427.37.1.el9_4.x86_64  CompilerName: GCC  CompilerVersion: 8.4.0
ProgramName: mri_fuse_segmentations  ProgramArguments: mri_fuse_segmentations -all-info  ProgramVersion: 7.3.2  TimeStamp: 2026/03/13-02:59:33-GMT  BuildTime: Aug  4 2022 06:17:15  BuildStamp: freesurfer-linux-ubuntu22_x86_64-7.3.2-20220804-6354275  User: oesteban  Machine: dna067  Platform: Linux  PlatformVersion: 5.14.0-427.37.1.el9_4.x86_64  CompilerName: GCC  CompilerVersion: 8.4.0
ProgramName: mri_fwhm  ProgramArguments: mri_fwhm -all-info  ProgramVersion: 7.3.2  TimeStamp: 2026/03/13-02:59:33-GMT  BuildTime: Aug  4 2022 06:17:15  BuildStamp: freesurfer-linux-ubuntu22_x86_64-7.3.2-20220804-6354275  User: oesteban  Machine: dna067  Platform: Linux  PlatformVersion: 5.14.0-427.37.1.el9_4.x86_64  CompilerName: GCC  CompilerVersion: 8.4.0
ProgramName: mri_gcut  ProgramArguments: mri_gcut -all-info  ProgramVersion: 7.3.2  TimeStamp: 2026/03/13-02:59:33-GMT  BuildTime: Aug  4 2022 06:17:15  BuildStamp: freesurfer-linux-ubuntu22_x86_64-7.3.2-20220804-6354275  User: oesteban  Machine: dna067  Platform: Linux  PlatformVersion: 5.14.0-427.37.1.el9_4.x86_64  CompilerName: GCC  CompilerVersion: 8.4.0
ProgramName: mri_info  ProgramArguments: mri_info -all-info  ProgramVersion: 7.3.2  TimeStamp: 2026/03/13-02:59:33-GMT  BuildTime: Aug  4 2022 06:17:15  BuildStamp: freesurfer-linux-ubuntu22_x86_64-7.3.2-20220804-6354275  User: oesteban  Machine: dna067  Platform: Linux  PlatformVersion: 5.14.0-427.37.1.el9_4.x86_64  CompilerName: GCC  CompilerVersion: 8.4.0
ProgramName: mri_label2label  ProgramArguments: mri_label2label -all-info  ProgramVersion: 7.3.2  TimeStamp: 2026/03/13-02:59:33-GMT  BuildTime: Aug  4 2022 06:17:15  BuildStamp: freesurfer-linux-ubuntu22_x86_64-7.3.2-20220804-6354275  User: oesteban  Machine: dna067  Platform: Linux  PlatformVersion: 5.14.0-427.37.1.el9_4.x86_64  CompilerName: GCC  CompilerVersion: 8.4.0
ProgramName: mri_label2vol  ProgramArguments: mri_label2vol -all-info  ProgramVersion: 7.3.2  TimeStamp: 2026/03/13-02:59:33-GMT  BuildTime: Aug  4 2022 06:17:15  BuildStamp: freesurfer-linux-ubuntu22_x86_64-7.3.2-20220804-6354275  User: oesteban  Machine: dna067  Platform: Linux  PlatformVersion: 5.14.0-427.37.1.el9_4.x86_64  CompilerName: GCC  CompilerVersion: 8.4.0
ProgramName: mri_log_likelihood  ProgramArguments: mri_log_likelihood -all-info  ProgramVersion: 7.3.2  TimeStamp: 2026/03/13-02:59:33-GMT  BuildTime: Aug  4 2022 06:17:15  BuildStamp: freesurfer-linux-ubuntu22_x86_64-7.3.2-20220804-6354275  User: oesteban  Machine: dna067  Platform: Linux  PlatformVersion: 5.14.0-427.37.1.el9_4.x86_64  CompilerName: GCC  CompilerVersion: 8.4.0
ProgramName: mri_mask  ProgramArguments: mri_mask -all-info  ProgramVersion: 7.3.2  TimeStamp: 2026/03/13-02:59:33-GMT  BuildTime: Aug  4 2022 06:17:15  BuildStamp: freesurfer-linux-ubuntu22_x86_64-7.3.2-20220804-6354275  User: oesteban  Machine: dna067  Platform: Linux  PlatformVersion: 5.14.0-427.37.1.el9_4.x86_64  CompilerName: GCC  CompilerVersion: 8.4.0
ProgramName: mri_matrix_multiply  ProgramArguments: mri_matrix_multiply -all-info  ProgramVersion: 7.3.2  TimeStamp: 2026/03/13-02:59:33-GMT  BuildTime: Aug  4 2022 06:17:15  BuildStamp: freesurfer-linux-ubuntu22_x86_64-7.3.2-20220804-6354275  User: oesteban  Machine: dna067  Platform: Linux  PlatformVersion: 5.14.0-427.37.1.el9_4.x86_64  CompilerName: GCC  CompilerVersion: 8.4.0
ProgramName: mri_normalize  ProgramArguments: mri_normalize -all-info  ProgramVersion: 7.3.2  TimeStamp: 2026/03/13-02:59:33-GMT  BuildTime: Aug  4 2022 06:17:15  BuildStamp: freesurfer-linux-ubuntu22_x86_64-7.3.2-20220804-6354275  User: oesteban  Machine: dna067  Platform: Linux  PlatformVersion: 5.14.0-427.37.1.el9_4.x86_64  CompilerName: GCC  CompilerVersion: 8.4.0
ProgramName: mri_normalize_tp2  ProgramArguments: mri_normalize_tp2 -all-info  ProgramVersion: 7.3.2  TimeStamp: 2026/03/13-02:59:33-GMT  BuildTime: Aug  4 2022 06:17:15  BuildStamp: freesurfer-linux-ubuntu22_x86_64-7.3.2-20220804-6354275  User: oesteban  Machine: dna067  Platform: Linux  PlatformVersion: 5.14.0-427.37.1.el9_4.x86_64  CompilerName: GCC  CompilerVersion: 8.4.0
ProgramName: mri_or  ProgramArguments: mri_or -all-info  ProgramVersion: 7.3.2  TimeStamp: 2026/03/13-02:59:33-GMT  BuildTime: Aug  4 2022 06:17:15  BuildStamp: freesurfer-linux-ubuntu22_x86_64-7.3.2-20220804-6354275  User: oesteban  Machine: dna067  Platform: Linux  PlatformVersion: 5.14.0-427.37.1.el9_4.x86_64  CompilerName: GCC  CompilerVersion: 8.4.0
ProgramName: mri_relabel_hypointensities  ProgramArguments: mri_relabel_hypointensities -all-info  ProgramVersion: 7.3.2  TimeStamp: 2026/03/13-02:59:33-GMT  BuildTime: Aug  4 2022 06:17:15  BuildStamp: freesurfer-linux-ubuntu22_x86_64-7.3.2-20220804-6354275  User: oesteban  Machine: dna067  Platform: Linux  PlatformVersion: 5.14.0-427.37.1.el9_4.x86_64  CompilerName: GCC  CompilerVersion: 8.4.0
ProgramName: mri_relabel_nonwm_hypos  ProgramArguments: mri_relabel_nonwm_hypos -all-info  ProgramVersion: 7.3.2  TimeStamp: 2026/03/13-02:59:33-GMT  BuildTime: Aug  4 2022 06:17:15  BuildStamp: freesurfer-linux-ubuntu22_x86_64-7.3.2-20220804-6354275  User: oesteban  Machine: dna067  Platform: Linux  PlatformVersion: 5.14.0-427.37.1.el9_4.x86_64  CompilerName: GCC  CompilerVersion: 8.4.0
ProgramName: mri_remove_neck  ProgramArguments: mri_remove_neck -all-info  ProgramVersion: 7.3.2  TimeStamp: 2026/03/13-02:59:33-GMT  BuildTime: Aug  4 2022 06:17:15  BuildStamp: freesurfer-linux-ubuntu22_x86_64-7.3.2-20220804-6354275  User: oesteban  Machine: dna067  Platform: Linux  PlatformVersion: 5.14.0-427.37.1.el9_4.x86_64  CompilerName: GCC  CompilerVersion: 8.4.0
7.3.2

ProgramName: mri_robust_register  ProgramArguments: mri_robust_register -all-info  ProgramVersion: 7.3.2  TimeStamp: 2026/03/13-02:59:33-GMT  BuildTime: Aug  4 2022 06:17:15  BuildStamp: freesurfer-linux-ubuntu22_x86_64-7.3.2-20220804-6354275  User: oesteban  Machine: dna067  Platform: Linux  PlatformVersion: 5.14.0-427.37.1.el9_4.x86_64  CompilerName: GCC  CompilerVersion: 8.4.0
7.3.2

ProgramName: mri_robust_template  ProgramArguments: mri_robust_template -all-info  ProgramVersion: 7.3.2  TimeStamp: 2026/03/13-02:59:33-GMT  BuildTime: Aug  4 2022 06:17:15  BuildStamp: freesurfer-linux-ubuntu22_x86_64-7.3.2-20220804-6354275  User: oesteban  Machine: dna067  Platform: Linux  PlatformVersion: 5.14.0-427.37.1.el9_4.x86_64  CompilerName: GCC  CompilerVersion: 8.4.0
ProgramName: mris_anatomical_stats  ProgramArguments: mris_anatomical_stats -all-info  ProgramVersion: 7.3.2  TimeStamp: 2026/03/13-02:59:33-GMT  BuildTime: Aug  4 2022 06:17:15  BuildStamp: freesurfer-linux-ubuntu22_x86_64-7.3.2-20220804-6354275  User: oesteban  Machine: dna067  Platform: Linux  PlatformVersion: 5.14.0-427.37.1.el9_4.x86_64  CompilerName: GCC  CompilerVersion: 8.4.0
ProgramName: mris_ca_label  ProgramArguments: mris_ca_label -all-info  ProgramVersion: 7.3.2  TimeStamp: 2026/03/13-02:59:33-GMT  BuildTime: Aug  4 2022 06:17:15  BuildStamp: freesurfer-linux-ubuntu22_x86_64-7.3.2-20220804-6354275  User: oesteban  Machine: dna067  Platform: Linux  PlatformVersion: 5.14.0-427.37.1.el9_4.x86_64  CompilerName: GCC  CompilerVersion: 8.4.0
ProgramName: mris_calc  ProgramArguments: mris_calc -all-info  ProgramVersion: 7.3.2  TimeStamp: 2026/03/13-02:59:33-GMT  BuildTime: Aug  4 2022 06:17:15  BuildStamp: freesurfer-linux-ubuntu22_x86_64-7.3.2-20220804-6354275  User: oesteban  Machine: dna067  Platform: Linux  PlatformVersion: 5.14.0-427.37.1.el9_4.x86_64  CompilerName: GCC  CompilerVersion: 8.4.0
ProgramName: mris_convert  ProgramArguments: mris_convert -all-info  ProgramVersion: 7.3.2  TimeStamp: 2026/03/13-02:59:33-GMT  BuildTime: Aug  4 2022 06:17:15  BuildStamp: freesurfer-linux-ubuntu22_x86_64-7.3.2-20220804-6354275  User: oesteban  Machine: dna067  Platform: Linux  PlatformVersion: 5.14.0-427.37.1.el9_4.x86_64  CompilerName: GCC  CompilerVersion: 8.4.0
ProgramName: mris_curvature  ProgramArguments: mris_curvature -all-info  ProgramVersion: 7.3.2  TimeStamp: 2026/03/13-02:59:33-GMT  BuildTime: Aug  4 2022 06:17:15  BuildStamp: freesurfer-linux-ubuntu22_x86_64-7.3.2-20220804-6354275  User: oesteban  Machine: dna067  Platform: Linux  PlatformVersion: 5.14.0-427.37.1.el9_4.x86_64  CompilerName: GCC  CompilerVersion: 8.4.0
ProgramName: mris_curvature_stats  ProgramArguments: mris_curvature_stats -all-info  ProgramVersion: 7.3.2  TimeStamp: 2026/03/13-02:59:33-GMT  BuildTime: Aug  4 2022 06:17:15  BuildStamp: freesurfer-linux-ubuntu22_x86_64-7.3.2-20220804-6354275  User: oesteban  Machine: dna067  Platform: Linux  PlatformVersion: 5.14.0-427.37.1.el9_4.x86_64  CompilerName: GCC  CompilerVersion: 8.4.0
ProgramName: mris_diff  ProgramArguments: mris_diff -all-info  ProgramVersion: 7.3.2  TimeStamp: 2026/03/13-02:59:33-GMT  BuildTime: Aug  4 2022 06:17:15  BuildStamp: freesurfer-linux-ubuntu22_x86_64-7.3.2-20220804-6354275  User: oesteban  Machine: dna067  Platform: Linux  PlatformVersion: 5.14.0-427.37.1.el9_4.x86_64  CompilerName: GCC  CompilerVersion: 8.4.0
ProgramName: mris_divide_parcellation  ProgramArguments: mris_divide_parcellation -all-info  ProgramVersion: 7.3.2  TimeStamp: 2026/03/13-02:59:33-GMT  BuildTime: Aug  4 2022 06:17:15  BuildStamp: freesurfer-linux-ubuntu22_x86_64-7.3.2-20220804-6354275  User: oesteban  Machine: dna067  Platform: Linux  PlatformVersion: 5.14.0-427.37.1.el9_4.x86_64  CompilerName: GCC  CompilerVersion: 8.4.0
ProgramName: mri_segment  ProgramArguments: mri_segment -all-info  ProgramVersion: 7.3.2  TimeStamp: 2026/03/13-02:59:33-GMT  BuildTime: Aug  4 2022 06:17:15  BuildStamp: freesurfer-linux-ubuntu22_x86_64-7.3.2-20220804-6354275  User: oesteban  Machine: dna067  Platform: Linux  PlatformVersion: 5.14.0-427.37.1.el9_4.x86_64  CompilerName: GCC  CompilerVersion: 8.4.0
ProgramName: mri_segstats  ProgramArguments: mri_segstats -all-info  ProgramVersion: 7.3.2  TimeStamp: 2026/03/13-02:59:33-GMT  BuildTime: Aug  4 2022 06:17:15  BuildStamp: freesurfer-linux-ubuntu22_x86_64-7.3.2-20220804-6354275  User: oesteban  Machine: dna067  Platform: Linux  PlatformVersion: 5.14.0-427.37.1.el9_4.x86_64  CompilerName: GCC  CompilerVersion: 8.4.0
ProgramName: mris_euler_number  ProgramArguments: mris_euler_number -all-info  ProgramVersion: 7.3.2  TimeStamp: 2026/03/13-02:59:33-GMT  BuildTime: Aug  4 2022 06:17:15  BuildStamp: freesurfer-linux-ubuntu22_x86_64-7.3.2-20220804-6354275  User: oesteban  Machine: dna067  Platform: Linux  PlatformVersion: 5.14.0-427.37.1.el9_4.x86_64  CompilerName: GCC  CompilerVersion: 8.4.0
ProgramName: mris_fix_topology  ProgramArguments: mris_fix_topology -all-info  ProgramVersion: 7.3.2  TimeStamp: 2026/03/13-02:59:33-GMT  BuildTime: Aug  4 2022 06:17:15  BuildStamp: freesurfer-linux-ubuntu22_x86_64-7.3.2-20220804-6354275  User: oesteban  Machine: dna067  Platform: Linux  PlatformVersion: 5.14.0-427.37.1.el9_4.x86_64  CompilerName: GCC  CompilerVersion: 8.4.0
ProgramName: mris_topo_fixer  ProgramArguments: mris_topo_fixer -all-info  ProgramVersion: 7.3.2  TimeStamp: 2026/03/13-02:59:33-GMT  BuildTime: Aug  4 2022 06:17:15  BuildStamp: freesurfer-linux-ubuntu22_x86_64-7.3.2-20220804-6354275  User: oesteban  Machine: dna067  Platform: Linux  PlatformVersion: 5.14.0-427.37.1.el9_4.x86_64  CompilerName: GCC  CompilerVersion: 8.4.0
ProgramName: mris_jacobian  ProgramArguments: mris_jacobian -all-info  ProgramVersion: 7.3.2  TimeStamp: 2026/03/13-02:59:33-GMT  BuildTime: Aug  4 2022 06:17:15  BuildStamp: freesurfer-linux-ubuntu22_x86_64-7.3.2-20220804-6354275  User: oesteban  Machine: dna067  Platform: Linux  PlatformVersion: 5.14.0-427.37.1.el9_4.x86_64  CompilerName: GCC  CompilerVersion: 8.4.0
ProgramName: mris_label2annot  ProgramArguments: mris_label2annot -all-info  ProgramVersion: 7.3.2  TimeStamp: 2026/03/13-02:59:33-GMT  BuildTime: Aug  4 2022 06:17:15  BuildStamp: freesurfer-linux-ubuntu22_x86_64-7.3.2-20220804-6354275  User: oesteban  Machine: dna067  Platform: Linux  PlatformVersion: 5.14.0-427.37.1.el9_4.x86_64  CompilerName: GCC  CompilerVersion: 8.4.0
ProgramName: mris_left_right_register  ProgramArguments: mris_left_right_register -all-info  ProgramVersion: 7.3.2  TimeStamp: 2026/03/13-02:59:33-GMT  BuildTime: Aug  4 2022 06:17:15  BuildStamp: freesurfer-linux-ubuntu22_x86_64-7.3.2-20220804-6354275  User: oesteban  Machine: dna067  Platform: Linux  PlatformVersion: 5.14.0-427.37.1.el9_4.x86_64  CompilerName: GCC  CompilerVersion: 8.4.0
ProgramName: mris_place_surface  ProgramArguments: mris_place_surface -all-info  ProgramVersion: 7.3.2  TimeStamp: 2026/03/13-02:59:33-GMT  BuildTime: Aug  4 2022 06:17:15  BuildStamp: freesurfer-linux-ubuntu22_x86_64-7.3.2-20220804-6354275  User: oesteban  Machine: dna067  Platform: Linux  PlatformVersion: 5.14.0-427.37.1.el9_4.x86_64  CompilerName: GCC  CompilerVersion: 8.4.0
ProgramName: mrisp_paint  ProgramArguments: mrisp_paint -all-info  ProgramVersion: 7.3.2  TimeStamp: 2026/03/13-02:59:33-GMT  BuildTime: Aug  4 2022 06:17:15  BuildStamp: freesurfer-linux-ubuntu22_x86_64-7.3.2-20220804-6354275  User: oesteban  Machine: dna067  Platform: Linux  PlatformVersion: 5.14.0-427.37.1.el9_4.x86_64  CompilerName: GCC  CompilerVersion: 8.4.0
ProgramName: mris_register  ProgramArguments: mris_register -all-info  ProgramVersion: 7.3.2  TimeStamp: 2026/03/13-02:59:33-GMT  BuildTime: Aug  4 2022 06:17:15  BuildStamp: freesurfer-linux-ubuntu22_x86_64-7.3.2-20220804-6354275  User: oesteban  Machine: dna067  Platform: Linux  PlatformVersion: 5.14.0-427.37.1.el9_4.x86_64  CompilerName: GCC  CompilerVersion: 8.4.0
ProgramName: mris_smooth  ProgramArguments: mris_smooth -all-info  ProgramVersion: 7.3.2  TimeStamp: 2026/03/13-02:59:33-GMT  BuildTime: Aug  4 2022 06:17:15  BuildStamp: freesurfer-linux-ubuntu22_x86_64-7.3.2-20220804-6354275  User: oesteban  Machine: dna067  Platform: Linux  PlatformVersion: 5.14.0-427.37.1.el9_4.x86_64  CompilerName: GCC  CompilerVersion: 8.4.0
ProgramName: mris_sphere  ProgramArguments: mris_sphere -all-info  ProgramVersion: 7.3.2  TimeStamp: 2026/03/13-02:59:33-GMT  BuildTime: Aug  4 2022 06:17:15  BuildStamp: freesurfer-linux-ubuntu22_x86_64-7.3.2-20220804-6354275  User: oesteban  Machine: dna067  Platform: Linux  PlatformVersion: 5.14.0-427.37.1.el9_4.x86_64  CompilerName: GCC  CompilerVersion: 8.4.0
ProgramName: mris_surface_stats  ProgramArguments: mris_surface_stats -all-info  ProgramVersion: 7.3.2  TimeStamp: 2026/03/13-02:59:33-GMT  BuildTime: Aug  4 2022 06:17:15  BuildStamp: freesurfer-linux-ubuntu22_x86_64-7.3.2-20220804-6354275  User: oesteban  Machine: dna067  Platform: Linux  PlatformVersion: 5.14.0-427.37.1.el9_4.x86_64  CompilerName: GCC  CompilerVersion: 8.4.0
ProgramName: mri_stats2seg  ProgramArguments: mri_stats2seg -all-info  ProgramVersion: 7.3.2  TimeStamp: 2026/03/13-02:59:33-GMT  BuildTime: Aug  4 2022 06:17:15  BuildStamp: freesurfer-linux-ubuntu22_x86_64-7.3.2-20220804-6354275  User: oesteban  Machine: dna067  Platform: Linux  PlatformVersion: 5.14.0-427.37.1.el9_4.x86_64  CompilerName: GCC  CompilerVersion: 8.4.0
ProgramName: mris_thickness  ProgramArguments: mris_thickness -all-info  ProgramVersion: 7.3.2  TimeStamp: 2026/03/13-02:59:33-GMT  BuildTime: Aug  4 2022 06:17:15  BuildStamp: freesurfer-linux-ubuntu22_x86_64-7.3.2-20220804-6354275  User: oesteban  Machine: dna067  Platform: Linux  PlatformVersion: 5.14.0-427.37.1.el9_4.x86_64  CompilerName: GCC  CompilerVersion: 8.4.0
ProgramName: mris_thickness_diff  ProgramArguments: mris_thickness_diff -all-info  ProgramVersion: 7.3.2  TimeStamp: 2026/03/13-02:59:33-GMT  BuildTime: Aug  4 2022 06:17:15  BuildStamp: freesurfer-linux-ubuntu22_x86_64-7.3.2-20220804-6354275  User: oesteban  Machine: dna067  Platform: Linux  PlatformVersion: 5.14.0-427.37.1.el9_4.x86_64  CompilerName: GCC  CompilerVersion: 8.4.0
ProgramName: mris_topo_fixer  ProgramArguments: mris_topo_fixer -all-info  ProgramVersion: 7.3.2  TimeStamp: 2026/03/13-02:59:33-GMT  BuildTime: Aug  4 2022 06:17:15  BuildStamp: freesurfer-linux-ubuntu22_x86_64-7.3.2-20220804-6354275  User: oesteban  Machine: dna067  Platform: Linux  PlatformVersion: 5.14.0-427.37.1.el9_4.x86_64  CompilerName: GCC  CompilerVersion: 8.4.0
ProgramName: mri_surf2surf  ProgramArguments: mri_surf2surf -all-info  ProgramVersion: 7.3.2  TimeStamp: 2026/03/13-02:59:33-GMT  BuildTime: Aug  4 2022 06:17:15  BuildStamp: freesurfer-linux-ubuntu22_x86_64-7.3.2-20220804-6354275  User: oesteban  Machine: dna067  Platform: Linux  PlatformVersion: 5.14.0-427.37.1.el9_4.x86_64  CompilerName: GCC  CompilerVersion: 8.4.0
ProgramName: mri_surf2vol  ProgramArguments: mri_surf2vol -all-info  ProgramVersion: 7.3.2  TimeStamp: 2026/03/13-02:59:33-GMT  BuildTime: Aug  4 2022 06:17:15  BuildStamp: freesurfer-linux-ubuntu22_x86_64-7.3.2-20220804-6354275  User: oesteban  Machine: dna067  Platform: Linux  PlatformVersion: 5.14.0-427.37.1.el9_4.x86_64  CompilerName: GCC  CompilerVersion: 8.4.0
ProgramName: mri_surfcluster  ProgramArguments: mri_surfcluster -all-info  ProgramVersion: 7.3.2  TimeStamp: 2026/03/13-02:59:33-GMT  BuildTime: Aug  4 2022 06:17:15  BuildStamp: freesurfer-linux-ubuntu22_x86_64-7.3.2-20220804-6354275  User: oesteban  Machine: dna067  Platform: Linux  PlatformVersion: 5.14.0-427.37.1.el9_4.x86_64  CompilerName: GCC  CompilerVersion: 8.4.0
ProgramName: mris_volmask  ProgramArguments: mris_volmask -all-info  ProgramVersion: 7.3.2  TimeStamp: 2026/03/13-02:59:33-GMT  BuildTime: Aug  4 2022 06:17:15  BuildStamp: freesurfer-linux-ubuntu22_x86_64-7.3.2-20220804-6354275  User: oesteban  Machine: dna067  Platform: Linux  PlatformVersion: 5.14.0-427.37.1.el9_4.x86_64  CompilerName: GCC  CompilerVersion: 8.4.0
ProgramName: mri_tessellate  ProgramArguments: mri_tessellate -all-info  ProgramVersion: 7.3.2  TimeStamp: 2026/03/13-02:59:33-GMT  BuildTime: Aug  4 2022 06:17:15  BuildStamp: freesurfer-linux-ubuntu22_x86_64-7.3.2-20220804-6354275  User: oesteban  Machine: dna067  Platform: Linux  PlatformVersion: 5.14.0-427.37.1.el9_4.x86_64  CompilerName: GCC  CompilerVersion: 8.4.0
ProgramName: mri_vol2surf  ProgramArguments: mri_vol2surf -all-info  ProgramVersion: 7.3.2  TimeStamp: 2026/03/13-02:59:33-GMT  BuildTime: Aug  4 2022 06:17:15  BuildStamp: freesurfer-linux-ubuntu22_x86_64-7.3.2-20220804-6354275  User: oesteban  Machine: dna067  Platform: Linux  PlatformVersion: 5.14.0-427.37.1.el9_4.x86_64  CompilerName: GCC  CompilerVersion: 8.4.0
ProgramName: mri_vol2vol  ProgramArguments: mri_vol2vol -all-info  ProgramVersion: 7.3.2  TimeStamp: 2026/03/13-02:59:33-GMT  BuildTime: Aug  4 2022 06:17:15  BuildStamp: freesurfer-linux-ubuntu22_x86_64-7.3.2-20220804-6354275  User: oesteban  Machine: dna067  Platform: Linux  PlatformVersion: 5.14.0-427.37.1.el9_4.x86_64  CompilerName: GCC  CompilerVersion: 8.4.0
ProgramName: mri_voldiff  ProgramArguments: mri_voldiff -all-info  ProgramVersion: 7.3.2  TimeStamp: 2026/03/13-02:59:33-GMT  BuildTime: Aug  4 2022 06:17:15  BuildStamp: freesurfer-linux-ubuntu22_x86_64-7.3.2-20220804-6354275  User: oesteban  Machine: dna067  Platform: Linux  PlatformVersion: 5.14.0-427.37.1.el9_4.x86_64  CompilerName: GCC  CompilerVersion: 8.4.0
ProgramName: mri_watershed  ProgramArguments: mri_watershed -all-info  ProgramVersion: 7.3.2  TimeStamp: 2026/03/13-02:59:33-GMT  BuildTime: Aug  4 2022 06:17:15  BuildStamp: freesurfer-linux-ubuntu22_x86_64-7.3.2-20220804-6354275  User: oesteban  Machine: dna067  Platform: Linux  PlatformVersion: 5.14.0-427.37.1.el9_4.x86_64  CompilerName: GCC  CompilerVersion: 8.4.0
ProgramName: tkregister2  ProgramArguments: tkregister2_cmdl -all-info  ProgramVersion: 7.3.2  TimeStamp: 2026/03/13-02:59:33-GMT  BuildTime: Aug  4 2022 06:17:15  BuildStamp: freesurfer-linux-ubuntu22_x86_64-7.3.2-20220804-6354275  User: oesteban  Machine: dna067  Platform: Linux  PlatformVersion: 5.14.0-427.37.1.el9_4.x86_64  CompilerName: GCC  CompilerVersion: 8.4.0
mri_motion_correct.fsl 7.3.2
mri_convert -all-info 
ProgramName: mri_convert  ProgramArguments: mri_convert -all-info  ProgramVersion: 7.3.2  TimeStamp: 2026/03/13-02:59:33-GMT  BuildTime: Aug  4 2022 06:17:15  BuildStamp: freesurfer-linux-ubuntu22_x86_64-7.3.2-20220804-6354275  User: oesteban  Machine: dna067  Platform: Linux  PlatformVersion: 5.14.0-427.37.1.el9_4.x86_64  CompilerName: GCC  CompilerVersion: 8.4.0
Program nu_correct, built from:
Package MNI N3, version 1.12.0, compiled by nicks@terrier (x86_64-unknown-linux-gnu) on 2015-06-19 at 01:25:34
#######################################
GCADIR /opt/freesurfer/average
GCA RB_all_2020-01-02.gca
GCASkull RB_all_withskull_2020_01_02.gca
AvgCurvTif folding.atlas.acfb40.noaparc.i12.2016-08-02.tif
GCSDIR /opt/freesurfer/average
GCS DKaparc.atlas.acfb40.noaparc.i12.2016-08-02.gcs
#######################################
#-------------------------------------
#@# EM Registration Fri Mar 13 03:59:33 CET 2026
/out/sourcedata/freesurfer/sub-v2s4x29588_ses-1/mri

 mri_em_register -uns 3 -mask brainmask.mgz nu.mgz /opt/freesurfer/average/RB_all_2020-01-02.gca transforms/talairach.lta 

setting unknown_nbr_spacing = 3
using MR volume brainmask.mgz to mask input volume...

== Number of threads available to mri_em_register for OpenMP = 16 == 
reading 1 input volumes...
logging results to talairach.log
reading '/opt/freesurfer/average/RB_all_2020-01-02.gca'...
GCAread took 0 minutes and 1 seconds.
average std = 7.2   using min determinant for regularization = 5.2
0 singular and 884 ill-conditioned covariance matrices regularized
reading 'nu.mgz'...
MRImask(): AllowDiffGeom = 1
MRImask(): AllowDiffGeom = 1
MRImask(): AllowDiffGeom = 1
MRImask(): AllowDiffGeom = 1
MRImask(): AllowDiffGeom = 1
freeing gibbs priors...done.
accounting for voxel sizes in initial transform
bounding unknown intensity as < 5.9 or > 519.0 
total sample mean = 79.1 (1017 zeros)
************************************************
spacing=8, using 2841 sample points, tol=1.00e-05...
************************************************
register_mri: find_optimal_transform
find_optimal_transform: nsamples 2841, passno 0, spacing 8
resetting wm mean[0]: 98 --> 107
resetting gm mean[0]: 61 --> 61
input volume #1 is the most T1-like
using real data threshold=31.0
skull bounding box = (59, 30, 41) --> (199, 150, 208)
finding center of left hemi white matter
using (106, 70, 125) as brain centroid of Right_Cerebral_White_Matter...
MRImask(): AllowDiffGeom = 1
mean wm in atlas = 107, using box (89,55,104) --> (123, 84,145) to find MRI wm
before smoothing, mri peak at 107
robust fit to distribution - 107 +- 3.8
after smoothing, mri peak at 107, scaling input intensities by 1.000
scaling channel 0 by 1
initial log_p = -4.424
************************************************
First Search limited to translation only.
************************************************
max log p =    -4.016669 @ (-10.526, 31.579, -10.526)
max log p =    -3.785227 @ (5.263, -5.263, -5.263)
max log p =    -3.722908 @ (2.632, -2.632, 2.632)
max log p =    -3.707243 @ (1.316, 1.316, -1.316)
max log p =    -3.704095 @ (-0.658, -3.289, 0.658)
max log p =    -3.703635 @ (-0.329, 2.961, 0.329)
max log p =    -3.703635 @ (0.000, 0.000, 0.000)
max log p =    -3.703635 @ (0.000, 0.000, 0.000)
Found translation: (-2.3, 24.7, -13.5): log p = -3.704
****************************************
Nine parameter search.  iteration 0 nscales = 0 ...
****************************************
Result so far: scale 1.000: max_log_p=-3.632, old_max_log_p =-3.704 (thresh=-3.7)
 0.99144  -0.01704   0.12941  -14.97389;
 0.00000   0.99144   0.13053   9.95994;
-0.13053  -0.12941   0.98296   17.63516;
 0.00000   0.00000   0.00000   1.00000;
iteration took 0 minutes and 10 seconds.
****************************************
Nine parameter search.  iteration 1 nscales = 0 ...
****************************************
Result so far: scale 1.000: max_log_p=-3.632, old_max_log_p =-3.632 (thresh=-3.6)
 0.99144  -0.01704   0.12941  -14.97389;
 0.00000   0.99144   0.13053   9.95994;
-0.13053  -0.12941   0.98296   17.63516;
 0.00000   0.00000   0.00000   1.00000;
reducing scale to 0.2500
iteration took 0 minutes and 12 seconds.
****************************************
Nine parameter search.  iteration 2 nscales = 1 ...
****************************************
Result so far: scale 0.250: max_log_p=-3.540, old_max_log_p =-3.632 (thresh=-3.6)
 0.97705  -0.07199   0.05511   0.91771;
 0.06771   1.02584   0.13953  -3.10721;
-0.06663  -0.13269   1.00787   8.67953;
 0.00000   0.00000   0.00000   1.00000;
iteration took 0 minutes and 10 seconds.
****************************************
Nine parameter search.  iteration 3 nscales = 1 ...
****************************************
Result so far: scale 0.250: max_log_p=-3.538, old_max_log_p =-3.540 (thresh=-3.5)
 0.97619  -0.04146   0.09163  -6.13941;
 0.03793   1.03154   0.10354   4.41183;
-0.09451  -0.09483   0.99062   10.70911;
 0.00000   0.00000   0.00000   1.00000;
reducing scale to 0.0625
iteration took 0 minutes and 10 seconds.
****************************************
Nine parameter search.  iteration 4 nscales = 2 ...
****************************************
Result so far: scale 0.062: max_log_p=-3.526, old_max_log_p =-3.538 (thresh=-3.5)
 0.97276  -0.04131   0.09131  -5.67240;
 0.03802   1.03396   0.10378   4.14259;
-0.09462  -0.09494   0.99178   10.59838;
 0.00000   0.00000   0.00000   1.00000;
iteration took 0 minutes and 10 seconds.
****************************************
Nine parameter search.  iteration 5 nscales = 2 ...
****************************************
Result so far: scale 0.062: max_log_p=-3.518, old_max_log_p =-3.526 (thresh=-3.5)
 0.96934  -0.04117   0.09099  -5.20703;
 0.03802   1.03396   0.10378   4.14259;
-0.09462  -0.09494   0.99178   10.59838;
 0.00000   0.00000   0.00000   1.00000;
iteration took 0 minutes and 10 seconds.
****************************************
Nine parameter search.  iteration 6 nscales = 2 ...
****************************************
Result so far: scale 0.062: max_log_p=-3.517, old_max_log_p =-3.518 (thresh=-3.5)
 0.96820  -0.04112   0.09088  -5.05233;
 0.03802   1.03396   0.10378   4.14259;
-0.09462  -0.09494   0.99178   10.59838;
 0.00000   0.00000   0.00000   1.00000;
min search scale 0.025000 reached
***********************************************
Computing MAP estimate using 2841 samples...
***********************************************
dt = 5.00e-06, momentum=0.80, tol=1.00e-05
l_intensity = 1.0000
Aligning input volume to GCA...
Transform matrix
 0.96820  -0.04112   0.09088  -5.05233;
 0.03802   1.03396   0.10378   4.14259;
-0.09462  -0.09494   0.99178   10.59838;
 0.00000   0.00000   0.00000   1.00000;
nsamples 2841
Quasinewton: input matrix
 0.96820  -0.04112   0.09088  -5.05233;
 0.03802   1.03396   0.10378   4.14259;
-0.09462  -0.09494   0.99178   10.59838;
 0.00000   0.00000   0.00000   1.00000;
 IFLAG= -1  LINE SEARCH FAILED. SEE DOCUMENTATION OF ROUTINE MCSRCH ERROR RETURN OF LINE SEARCH: INFO= 3 POSSIBLE CAUSES: FUNCTION OR GRADIENT ARE INCORRECT OR INCORRECT TOLERANCESoutof QuasiNewtonEMA: 009: -log(p) =   -0.0  tol 0.000010
Resulting transform:
 0.96820  -0.04112   0.09088  -5.05233;
 0.03802   1.03396   0.10378   4.14259;
-0.09462  -0.09494   0.99178   10.59838;
 0.00000   0.00000   0.00000   1.00000;

pass 1, spacing 8: log(p) = -3.517 (old=-4.424)
transform before final EM align:
 0.96820  -0.04112   0.09088  -5.05233;
 0.03802   1.03396   0.10378   4.14259;
-0.09462  -0.09494   0.99178   10.59838;
 0.00000   0.00000   0.00000   1.00000;

**************************************************
 EM alignment process ...
 Computing final MAP estimate using 315638 samples. 
**************************************************
dt = 5.00e-06, momentum=0.80, tol=1.00e-07
l_intensity = 1.0000
Aligning input volume to GCA...
Transform matrix
 0.96820  -0.04112   0.09088  -5.05233;
 0.03802   1.03396   0.10378   4.14259;
-0.09462  -0.09494   0.99178   10.59838;
 0.00000   0.00000   0.00000   1.00000;
nsamples 315638
Quasinewton: input matrix
 0.96820  -0.04112   0.09088  -5.05233;
 0.03802   1.03396   0.10378   4.14259;
-0.09462  -0.09494   0.99178   10.59838;
 0.00000   0.00000   0.00000   1.00000;
 IFLAG= -1  LINE SEARCH FAILED. SEE DOCUMENTATION OF ROUTINE MCSRCH ERROR RETURN OF LINE SEARCH: INFO= 3 POSSIBLE CAUSES: FUNCTION OR GRADIENT ARE INCORRECT OR INCORRECT TOLERANCESoutof QuasiNewtonEMA: 011: -log(p) =    4.0  tol 0.000000
final transform:
 0.96820  -0.04112   0.09088  -5.05233;
 0.03802   1.03396   0.10378   4.14259;
-0.09462  -0.09494   0.99178   10.59838;
 0.00000   0.00000   0.00000   1.00000;

writing output transformation to transforms/talairach.lta...
#VMPC# mri_em_register VmPeak  891284
FSRUNTIME@ mri_em_register  0.0289 hours 16 threads
registration took 1 minutes and 44 seconds.

Started at Fri Mar 13 03:59:33 CET 2026 
Ended   at Fri Mar 13 04:01:18 CET 2026
#@#%# recon-all-run-time-hours 0.029
recon-all -s sub-v2s4x29588_ses-1 finished without error at Fri Mar 13 04:01:18 CET 2026



#New# invocation of recon-all 




Fri Mar 13 04:01:19 CET 2026
cd /out/sourcedata/freesurfer/sub-v2s4x29588_ses-1
setenv SUBJECTS_DIR /out/sourcedata/freesurfer
/opt/freesurfer/bin/recon-all -autorecon2-volonly -openmp 16 -subjid sub-v2s4x29588_ses-1 -sd /out/sourcedata/freesurfer -nogcareg

subjid sub-v2s4x29588_ses-1
setenv SUBJECTS_DIR /out/sourcedata/freesurfer
FREESURFER_HOME /opt/freesurfer
Actual FREESURFER_HOME /opt/freesurfer
build-stamp.txt: freesurfer-linux-ubuntu22_x86_64-7.3.2-20220804-6354275
Linux dna067 5.14.0-427.37.1.el9_4.x86_64 #1 SMP PREEMPT_DYNAMIC Fri Sep 13 12:41:50 EDT 2024 x86_64 x86_64 x86_64 GNU/Linux
cputime      unlimited
filesize     unlimited
datasize     unlimited
stacksize    8192 kbytes
coredumpsize 0 kbytes
memoryuse    67108864 kbytes
vmemoryuse   unlimited
descriptors  1024 
memorylocked unlimited
maxproc      2061970 
maxlocks     unlimited
maxsignal    2062029 
maxmessage   819200 
maxnice      0 
maxrtprio    0 
maxrttime    unlimited

               total        used        free      shared  buff/cache   available
Mem:           503Gi        54Gi       294Gi        26Gi       153Gi       418Gi
Swap:             0B          0B          0B

########################################
program versions used
7.3.2 (freesurfer-linux-ubuntu22_x86_64-7.3.2-20220804-6354275)
7.3.2

ProgramName: lta_convert  ProgramArguments: lta_convert -all-info  ProgramVersion: 7.3.2  TimeStamp: 2026/03/13-03:01:19-GMT  BuildTime: Aug  4 2022 06:17:15  BuildStamp: freesurfer-linux-ubuntu22_x86_64-7.3.2-20220804-6354275  User: oesteban  Machine: dna067  Platform: Linux  PlatformVersion: 5.14.0-427.37.1.el9_4.x86_64  CompilerName: GCC  CompilerVersion: 8.4.0
ProgramName: mri_and  ProgramArguments: mri_and -all-info  ProgramVersion: 7.3.2  TimeStamp: 2026/03/13-03:01:19-GMT  BuildTime: Aug  4 2022 06:17:15  BuildStamp: freesurfer-linux-ubuntu22_x86_64-7.3.2-20220804-6354275  User: oesteban  Machine: dna067  Platform: Linux  PlatformVersion: 5.14.0-427.37.1.el9_4.x86_64  CompilerName: GCC  CompilerVersion: 8.4.0
ProgramName: mri_annotation2label  ProgramArguments: mri_annotation2label -all-info  ProgramVersion: 7.3.2  TimeStamp: 2026/03/13-03:01:19-GMT  BuildTime: Aug  4 2022 06:17:15  BuildStamp: freesurfer-linux-ubuntu22_x86_64-7.3.2-20220804-6354275  User: oesteban  Machine: dna067  Platform: Linux  PlatformVersion: 5.14.0-427.37.1.el9_4.x86_64  CompilerName: GCC  CompilerVersion: 8.4.0
ProgramName: mri_aparc2aseg  ProgramArguments: mri_aparc2aseg -all-info  ProgramVersion: 7.3.2  TimeStamp: 2026/03/13-03:01:19-GMT  BuildTime: Aug  4 2022 06:17:15  BuildStamp: freesurfer-linux-ubuntu22_x86_64-7.3.2-20220804-6354275  User: oesteban  Machine: dna067  Platform: Linux  PlatformVersion: 5.14.0-427.37.1.el9_4.x86_64  CompilerName: GCC  CompilerVersion: 8.4.0
ProgramName: mri_surf2volseg  ProgramArguments: mri_surf2volseg -all-info  ProgramVersion: 7.3.2  TimeStamp: 2026/03/13-03:01:19-GMT  BuildTime: Aug  4 2022 06:17:15  BuildStamp: freesurfer-linux-ubuntu22_x86_64-7.3.2-20220804-6354275  User: oesteban  Machine: dna067  Platform: Linux  PlatformVersion: 5.14.0-427.37.1.el9_4.x86_64  CompilerName: GCC  CompilerVersion: 8.4.0
ProgramName: mri_binarize  ProgramArguments: mri_binarize -all-info  ProgramVersion: 7.3.2  TimeStamp: 2026/03/13-03:01:19-GMT  BuildTime: Aug  4 2022 06:17:15  BuildStamp: freesurfer-linux-ubuntu22_x86_64-7.3.2-20220804-6354275  User: oesteban  Machine: dna067  Platform: Linux  PlatformVersion: 5.14.0-427.37.1.el9_4.x86_64  CompilerName: GCC  CompilerVersion: 8.4.0
ProgramName: mri_ca_label  ProgramArguments: mri_ca_label -all-info  ProgramVersion: 7.3.2  TimeStamp: 2026/03/13-03:01:19-GMT  BuildTime: Aug  4 2022 06:17:15  BuildStamp: freesurfer-linux-ubuntu22_x86_64-7.3.2-20220804-6354275  User: oesteban  Machine: dna067  Platform: Linux  PlatformVersion: 5.14.0-427.37.1.el9_4.x86_64  CompilerName: GCC  CompilerVersion: 8.4.0
ProgramName: mri_ca_normalize  ProgramArguments: mri_ca_normalize -all-info  ProgramVersion: 7.3.2  TimeStamp: 2026/03/13-03:01:19-GMT  BuildTime: Aug  4 2022 06:17:15  BuildStamp: freesurfer-linux-ubuntu22_x86_64-7.3.2-20220804-6354275  User: oesteban  Machine: dna067  Platform: Linux  PlatformVersion: 5.14.0-427.37.1.el9_4.x86_64  CompilerName: GCC  CompilerVersion: 8.4.0
ProgramName: mri_ca_register  ProgramArguments: mri_ca_register -all-info  ProgramVersion: 7.3.2  TimeStamp: 2026/03/13-03:01:19-GMT  BuildTime: Aug  4 2022 06:17:15  BuildStamp: freesurfer-linux-ubuntu22_x86_64-7.3.2-20220804-6354275  User: oesteban  Machine: dna067  Platform: Linux  PlatformVersion: 5.14.0-427.37.1.el9_4.x86_64  CompilerName: GCC  CompilerVersion: 8.4.0
ProgramName: mri_cc  ProgramArguments: mri_cc -all-info  ProgramVersion: 7.3.2  TimeStamp: 2026/03/13-03:01:19-GMT  BuildTime: Aug  4 2022 06:17:15  BuildStamp: freesurfer-linux-ubuntu22_x86_64-7.3.2-20220804-6354275  User: oesteban  Machine: dna067  Platform: Linux  PlatformVersion: 5.14.0-427.37.1.el9_4.x86_64  CompilerName: GCC  CompilerVersion: 8.4.0
ProgramName: mri_compute_overlap  ProgramArguments: mri_compute_overlap -all-info  ProgramVersion: 7.3.2  TimeStamp: 2026/03/13-03:01:19-GMT  BuildTime: Aug  4 2022 06:17:15  BuildStamp: freesurfer-linux-ubuntu22_x86_64-7.3.2-20220804-6354275  User: oesteban  Machine: dna067  Platform: Linux  PlatformVersion: 5.14.0-427.37.1.el9_4.x86_64  CompilerName: GCC  CompilerVersion: 8.4.0
ProgramName: mri_compute_seg_overlap  ProgramArguments: mri_compute_seg_overlap -all-info  ProgramVersion: 7.3.2  TimeStamp: 2026/03/13-03:01:19-GMT  BuildTime: Aug  4 2022 06:17:15  BuildStamp: freesurfer-linux-ubuntu22_x86_64-7.3.2-20220804-6354275  User: oesteban  Machine: dna067  Platform: Linux  PlatformVersion: 5.14.0-427.37.1.el9_4.x86_64  CompilerName: GCC  CompilerVersion: 8.4.0
ProgramName: mri_concat  ProgramArguments: mri_concat -all-info  ProgramVersion: 7.3.2  TimeStamp: 2026/03/13-03:01:19-GMT  BuildTime: Aug  4 2022 06:17:15  BuildStamp: freesurfer-linux-ubuntu22_x86_64-7.3.2-20220804-6354275  User: oesteban  Machine: dna067  Platform: Linux  PlatformVersion: 5.14.0-427.37.1.el9_4.x86_64  CompilerName: GCC  CompilerVersion: 8.4.0
ProgramName: mri_concatenate_lta  ProgramArguments: mri_concatenate_lta -all-info  ProgramVersion: 7.3.2  TimeStamp: 2026/03/13-03:01:19-GMT  BuildTime: Aug  4 2022 06:17:15  BuildStamp: freesurfer-linux-ubuntu22_x86_64-7.3.2-20220804-6354275  User: oesteban  Machine: dna067  Platform: Linux  PlatformVersion: 5.14.0-427.37.1.el9_4.x86_64  CompilerName: GCC  CompilerVersion: 8.4.0
mri_convert -all-info 
ProgramName: mri_convert  ProgramArguments: mri_convert -all-info  ProgramVersion: 7.3.2  TimeStamp: 2026/03/13-03:01:19-GMT  BuildTime: Aug  4 2022 06:17:15  BuildStamp: freesurfer-linux-ubuntu22_x86_64-7.3.2-20220804-6354275  User: oesteban  Machine: dna067  Platform: Linux  PlatformVersion: 5.14.0-427.37.1.el9_4.x86_64  CompilerName: GCC  CompilerVersion: 8.4.0
ProgramName: mri_diff  ProgramArguments: mri_diff -all-info  ProgramVersion: 7.3.2  TimeStamp: 2026/03/13-03:01:19-GMT  BuildTime: Aug  4 2022 06:17:15  BuildStamp: freesurfer-linux-ubuntu22_x86_64-7.3.2-20220804-6354275  User: oesteban  Machine: dna067  Platform: Linux  PlatformVersion: 5.14.0-427.37.1.el9_4.x86_64  CompilerName: GCC  CompilerVersion: 8.4.0
ProgramName: mri_edit_wm_with_aseg  ProgramArguments: mri_edit_wm_with_aseg -all-info  ProgramVersion: 7.3.2  TimeStamp: 2026/03/13-03:01:19-GMT  BuildTime: Aug  4 2022 06:17:15  BuildStamp: freesurfer-linux-ubuntu22_x86_64-7.3.2-20220804-6354275  User: oesteban  Machine: dna067  Platform: Linux  PlatformVersion: 5.14.0-427.37.1.el9_4.x86_64  CompilerName: GCC  CompilerVersion: 8.4.0
ProgramName: mri_em_register  ProgramArguments: mri_em_register -all-info  ProgramVersion: 7.3.2  TimeStamp: 2026/03/13-03:01:19-GMT  BuildTime: Aug  4 2022 06:17:15  BuildStamp: freesurfer-linux-ubuntu22_x86_64-7.3.2-20220804-6354275  User: oesteban  Machine: dna067  Platform: Linux  PlatformVersion: 5.14.0-427.37.1.el9_4.x86_64  CompilerName: GCC  CompilerVersion: 8.4.0
ProgramName: mri_fill  ProgramArguments: mri_fill -all-info  ProgramVersion: 7.3.2  TimeStamp: 2026/03/13-03:01:19-GMT  BuildTime: Aug  4 2022 06:17:15  BuildStamp: freesurfer-linux-ubuntu22_x86_64-7.3.2-20220804-6354275  User: oesteban  Machine: dna067  Platform: Linux  PlatformVersion: 5.14.0-427.37.1.el9_4.x86_64  CompilerName: GCC  CompilerVersion: 8.4.0
ProgramName: mri_fuse_segmentations  ProgramArguments: mri_fuse_segmentations -all-info  ProgramVersion: 7.3.2  TimeStamp: 2026/03/13-03:01:19-GMT  BuildTime: Aug  4 2022 06:17:15  BuildStamp: freesurfer-linux-ubuntu22_x86_64-7.3.2-20220804-6354275  User: oesteban  Machine: dna067  Platform: Linux  PlatformVersion: 5.14.0-427.37.1.el9_4.x86_64  CompilerName: GCC  CompilerVersion: 8.4.0
ProgramName: mri_fwhm  ProgramArguments: mri_fwhm -all-info  ProgramVersion: 7.3.2  TimeStamp: 2026/03/13-03:01:19-GMT  BuildTime: Aug  4 2022 06:17:15  BuildStamp: freesurfer-linux-ubuntu22_x86_64-7.3.2-20220804-6354275  User: oesteban  Machine: dna067  Platform: Linux  PlatformVersion: 5.14.0-427.37.1.el9_4.x86_64  CompilerName: GCC  CompilerVersion: 8.4.0
ProgramName: mri_gcut  ProgramArguments: mri_gcut -all-info  ProgramVersion: 7.3.2  TimeStamp: 2026/03/13-03:01:19-GMT  BuildTime: Aug  4 2022 06:17:15  BuildStamp: freesurfer-linux-ubuntu22_x86_64-7.3.2-20220804-6354275  User: oesteban  Machine: dna067  Platform: Linux  PlatformVersion: 5.14.0-427.37.1.el9_4.x86_64  CompilerName: GCC  CompilerVersion: 8.4.0
ProgramName: mri_info  ProgramArguments: mri_info -all-info  ProgramVersion: 7.3.2  TimeStamp: 2026/03/13-03:01:19-GMT  BuildTime: Aug  4 2022 06:17:15  BuildStamp: freesurfer-linux-ubuntu22_x86_64-7.3.2-20220804-6354275  User: oesteban  Machine: dna067  Platform: Linux  PlatformVersion: 5.14.0-427.37.1.el9_4.x86_64  CompilerName: GCC  CompilerVersion: 8.4.0
ProgramName: mri_label2label  ProgramArguments: mri_label2label -all-info  ProgramVersion: 7.3.2  TimeStamp: 2026/03/13-03:01:19-GMT  BuildTime: Aug  4 2022 06:17:15  BuildStamp: freesurfer-linux-ubuntu22_x86_64-7.3.2-20220804-6354275  User: oesteban  Machine: dna067  Platform: Linux  PlatformVersion: 5.14.0-427.37.1.el9_4.x86_64  CompilerName: GCC  CompilerVersion: 8.4.0
ProgramName: mri_label2vol  ProgramArguments: mri_label2vol -all-info  ProgramVersion: 7.3.2  TimeStamp: 2026/03/13-03:01:19-GMT  BuildTime: Aug  4 2022 06:17:15  BuildStamp: freesurfer-linux-ubuntu22_x86_64-7.3.2-20220804-6354275  User: oesteban  Machine: dna067  Platform: Linux  PlatformVersion: 5.14.0-427.37.1.el9_4.x86_64  CompilerName: GCC  CompilerVersion: 8.4.0
ProgramName: mri_log_likelihood  ProgramArguments: mri_log_likelihood -all-info  ProgramVersion: 7.3.2  TimeStamp: 2026/03/13-03:01:19-GMT  BuildTime: Aug  4 2022 06:17:15  BuildStamp: freesurfer-linux-ubuntu22_x86_64-7.3.2-20220804-6354275  User: oesteban  Machine: dna067  Platform: Linux  PlatformVersion: 5.14.0-427.37.1.el9_4.x86_64  CompilerName: GCC  CompilerVersion: 8.4.0
ProgramName: mri_mask  ProgramArguments: mri_mask -all-info  ProgramVersion: 7.3.2  TimeStamp: 2026/03/13-03:01:19-GMT  BuildTime: Aug  4 2022 06:17:15  BuildStamp: freesurfer-linux-ubuntu22_x86_64-7.3.2-20220804-6354275  User: oesteban  Machine: dna067  Platform: Linux  PlatformVersion: 5.14.0-427.37.1.el9_4.x86_64  CompilerName: GCC  CompilerVersion: 8.4.0
ProgramName: mri_matrix_multiply  ProgramArguments: mri_matrix_multiply -all-info  ProgramVersion: 7.3.2  TimeStamp: 2026/03/13-03:01:19-GMT  BuildTime: Aug  4 2022 06:17:15  BuildStamp: freesurfer-linux-ubuntu22_x86_64-7.3.2-20220804-6354275  User: oesteban  Machine: dna067  Platform: Linux  PlatformVersion: 5.14.0-427.37.1.el9_4.x86_64  CompilerName: GCC  CompilerVersion: 8.4.0
ProgramName: mri_normalize  ProgramArguments: mri_normalize -all-info  ProgramVersion: 7.3.2  TimeStamp: 2026/03/13-03:01:19-GMT  BuildTime: Aug  4 2022 06:17:15  BuildStamp: freesurfer-linux-ubuntu22_x86_64-7.3.2-20220804-6354275  User: oesteban  Machine: dna067  Platform: Linux  PlatformVersion: 5.14.0-427.37.1.el9_4.x86_64  CompilerName: GCC  CompilerVersion: 8.4.0
ProgramName: mri_normalize_tp2  ProgramArguments: mri_normalize_tp2 -all-info  ProgramVersion: 7.3.2  TimeStamp: 2026/03/13-03:01:19-GMT  BuildTime: Aug  4 2022 06:17:15  BuildStamp: freesurfer-linux-ubuntu22_x86_64-7.3.2-20220804-6354275  User: oesteban  Machine: dna067  Platform: Linux  PlatformVersion: 5.14.0-427.37.1.el9_4.x86_64  CompilerName: GCC  CompilerVersion: 8.4.0
ProgramName: mri_or  ProgramArguments: mri_or -all-info  ProgramVersion: 7.3.2  TimeStamp: 2026/03/13-03:01:19-GMT  BuildTime: Aug  4 2022 06:17:15  BuildStamp: freesurfer-linux-ubuntu22_x86_64-7.3.2-20220804-6354275  User: oesteban  Machine: dna067  Platform: Linux  PlatformVersion: 5.14.0-427.37.1.el9_4.x86_64  CompilerName: GCC  CompilerVersion: 8.4.0
ProgramName: mri_relabel_hypointensities  ProgramArguments: mri_relabel_hypointensities -all-info  ProgramVersion: 7.3.2  TimeStamp: 2026/03/13-03:01:19-GMT  BuildTime: Aug  4 2022 06:17:15  BuildStamp: freesurfer-linux-ubuntu22_x86_64-7.3.2-20220804-6354275  User: oesteban  Machine: dna067  Platform: Linux  PlatformVersion: 5.14.0-427.37.1.el9_4.x86_64  CompilerName: GCC  CompilerVersion: 8.4.0
ProgramName: mri_relabel_nonwm_hypos  ProgramArguments: mri_relabel_nonwm_hypos -all-info  ProgramVersion: 7.3.2  TimeStamp: 2026/03/13-03:01:19-GMT  BuildTime: Aug  4 2022 06:17:15  BuildStamp: freesurfer-linux-ubuntu22_x86_64-7.3.2-20220804-6354275  User: oesteban  Machine: dna067  Platform: Linux  PlatformVersion: 5.14.0-427.37.1.el9_4.x86_64  CompilerName: GCC  CompilerVersion: 8.4.0
ProgramName: mri_remove_neck  ProgramArguments: mri_remove_neck -all-info  ProgramVersion: 7.3.2  TimeStamp: 2026/03/13-03:01:19-GMT  BuildTime: Aug  4 2022 06:17:15  BuildStamp: freesurfer-linux-ubuntu22_x86_64-7.3.2-20220804-6354275  User: oesteban  Machine: dna067  Platform: Linux  PlatformVersion: 5.14.0-427.37.1.el9_4.x86_64  CompilerName: GCC  CompilerVersion: 8.4.0
7.3.2

ProgramName: mri_robust_register  ProgramArguments: mri_robust_register -all-info  ProgramVersion: 7.3.2  TimeStamp: 2026/03/13-03:01:19-GMT  BuildTime: Aug  4 2022 06:17:15  BuildStamp: freesurfer-linux-ubuntu22_x86_64-7.3.2-20220804-6354275  User: oesteban  Machine: dna067  Platform: Linux  PlatformVersion: 5.14.0-427.37.1.el9_4.x86_64  CompilerName: GCC  CompilerVersion: 8.4.0
7.3.2

ProgramName: mri_robust_template  ProgramArguments: mri_robust_template -all-info  ProgramVersion: 7.3.2  TimeStamp: 2026/03/13-03:01:19-GMT  BuildTime: Aug  4 2022 06:17:15  BuildStamp: freesurfer-linux-ubuntu22_x86_64-7.3.2-20220804-6354275  User: oesteban  Machine: dna067  Platform: Linux  PlatformVersion: 5.14.0-427.37.1.el9_4.x86_64  CompilerName: GCC  CompilerVersion: 8.4.0
ProgramName: mris_anatomical_stats  ProgramArguments: mris_anatomical_stats -all-info  ProgramVersion: 7.3.2  TimeStamp: 2026/03/13-03:01:19-GMT  BuildTime: Aug  4 2022 06:17:15  BuildStamp: freesurfer-linux-ubuntu22_x86_64-7.3.2-20220804-6354275  User: oesteban  Machine: dna067  Platform: Linux  PlatformVersion: 5.14.0-427.37.1.el9_4.x86_64  CompilerName: GCC  CompilerVersion: 8.4.0
ProgramName: mris_ca_label  ProgramArguments: mris_ca_label -all-info  ProgramVersion: 7.3.2  TimeStamp: 2026/03/13-03:01:19-GMT  BuildTime: Aug  4 2022 06:17:15  BuildStamp: freesurfer-linux-ubuntu22_x86_64-7.3.2-20220804-6354275  User: oesteban  Machine: dna067  Platform: Linux  PlatformVersion: 5.14.0-427.37.1.el9_4.x86_64  CompilerName: GCC  CompilerVersion: 8.4.0
ProgramName: mris_calc  ProgramArguments: mris_calc -all-info  ProgramVersion: 7.3.2  TimeStamp: 2026/03/13-03:01:19-GMT  BuildTime: Aug  4 2022 06:17:15  BuildStamp: freesurfer-linux-ubuntu22_x86_64-7.3.2-20220804-6354275  User: oesteban  Machine: dna067  Platform: Linux  PlatformVersion: 5.14.0-427.37.1.el9_4.x86_64  CompilerName: GCC  CompilerVersion: 8.4.0
ProgramName: mris_convert  ProgramArguments: mris_convert -all-info  ProgramVersion: 7.3.2  TimeStamp: 2026/03/13-03:01:19-GMT  BuildTime: Aug  4 2022 06:17:15  BuildStamp: freesurfer-linux-ubuntu22_x86_64-7.3.2-20220804-6354275  User: oesteban  Machine: dna067  Platform: Linux  PlatformVersion: 5.14.0-427.37.1.el9_4.x86_64  CompilerName: GCC  CompilerVersion: 8.4.0
ProgramName: mris_curvature  ProgramArguments: mris_curvature -all-info  ProgramVersion: 7.3.2  TimeStamp: 2026/03/13-03:01:19-GMT  BuildTime: Aug  4 2022 06:17:15  BuildStamp: freesurfer-linux-ubuntu22_x86_64-7.3.2-20220804-6354275  User: oesteban  Machine: dna067  Platform: Linux  PlatformVersion: 5.14.0-427.37.1.el9_4.x86_64  CompilerName: GCC  CompilerVersion: 8.4.0
ProgramName: mris_curvature_stats  ProgramArguments: mris_curvature_stats -all-info  ProgramVersion: 7.3.2  TimeStamp: 2026/03/13-03:01:19-GMT  BuildTime: Aug  4 2022 06:17:15  BuildStamp: freesurfer-linux-ubuntu22_x86_64-7.3.2-20220804-6354275  User: oesteban  Machine: dna067  Platform: Linux  PlatformVersion: 5.14.0-427.37.1.el9_4.x86_64  CompilerName: GCC  CompilerVersion: 8.4.0
ProgramName: mris_diff  ProgramArguments: mris_diff -all-info  ProgramVersion: 7.3.2  TimeStamp: 2026/03/13-03:01:19-GMT  BuildTime: Aug  4 2022 06:17:15  BuildStamp: freesurfer-linux-ubuntu22_x86_64-7.3.2-20220804-6354275  User: oesteban  Machine: dna067  Platform: Linux  PlatformVersion: 5.14.0-427.37.1.el9_4.x86_64  CompilerName: GCC  CompilerVersion: 8.4.0
ProgramName: mris_divide_parcellation  ProgramArguments: mris_divide_parcellation -all-info  ProgramVersion: 7.3.2  TimeStamp: 2026/03/13-03:01:19-GMT  BuildTime: Aug  4 2022 06:17:15  BuildStamp: freesurfer-linux-ubuntu22_x86_64-7.3.2-20220804-6354275  User: oesteban  Machine: dna067  Platform: Linux  PlatformVersion: 5.14.0-427.37.1.el9_4.x86_64  CompilerName: GCC  CompilerVersion: 8.4.0
ProgramName: mri_segment  ProgramArguments: mri_segment -all-info  ProgramVersion: 7.3.2  TimeStamp: 2026/03/13-03:01:19-GMT  BuildTime: Aug  4 2022 06:17:15  BuildStamp: freesurfer-linux-ubuntu22_x86_64-7.3.2-20220804-6354275  User: oesteban  Machine: dna067  Platform: Linux  PlatformVersion: 5.14.0-427.37.1.el9_4.x86_64  CompilerName: GCC  CompilerVersion: 8.4.0
ProgramName: mri_segstats  ProgramArguments: mri_segstats -all-info  ProgramVersion: 7.3.2  TimeStamp: 2026/03/13-03:01:19-GMT  BuildTime: Aug  4 2022 06:17:15  BuildStamp: freesurfer-linux-ubuntu22_x86_64-7.3.2-20220804-6354275  User: oesteban  Machine: dna067  Platform: Linux  PlatformVersion: 5.14.0-427.37.1.el9_4.x86_64  CompilerName: GCC  CompilerVersion: 8.4.0
ProgramName: mris_euler_number  ProgramArguments: mris_euler_number -all-info  ProgramVersion: 7.3.2  TimeStamp: 2026/03/13-03:01:19-GMT  BuildTime: Aug  4 2022 06:17:15  BuildStamp: freesurfer-linux-ubuntu22_x86_64-7.3.2-20220804-6354275  User: oesteban  Machine: dna067  Platform: Linux  PlatformVersion: 5.14.0-427.37.1.el9_4.x86_64  CompilerName: GCC  CompilerVersion: 8.4.0
ProgramName: mris_fix_topology  ProgramArguments: mris_fix_topology -all-info  ProgramVersion: 7.3.2  TimeStamp: 2026/03/13-03:01:19-GMT  BuildTime: Aug  4 2022 06:17:15  BuildStamp: freesurfer-linux-ubuntu22_x86_64-7.3.2-20220804-6354275  User: oesteban  Machine: dna067  Platform: Linux  PlatformVersion: 5.14.0-427.37.1.el9_4.x86_64  CompilerName: GCC  CompilerVersion: 8.4.0
ProgramName: mris_topo_fixer  ProgramArguments: mris_topo_fixer -all-info  ProgramVersion: 7.3.2  TimeStamp: 2026/03/13-03:01:19-GMT  BuildTime: Aug  4 2022 06:17:15  BuildStamp: freesurfer-linux-ubuntu22_x86_64-7.3.2-20220804-6354275  User: oesteban  Machine: dna067  Platform: Linux  PlatformVersion: 5.14.0-427.37.1.el9_4.x86_64  CompilerName: GCC  CompilerVersion: 8.4.0
ProgramName: mris_jacobian  ProgramArguments: mris_jacobian -all-info  ProgramVersion: 7.3.2  TimeStamp: 2026/03/13-03:01:19-GMT  BuildTime: Aug  4 2022 06:17:15  BuildStamp: freesurfer-linux-ubuntu22_x86_64-7.3.2-20220804-6354275  User: oesteban  Machine: dna067  Platform: Linux  PlatformVersion: 5.14.0-427.37.1.el9_4.x86_64  CompilerName: GCC  CompilerVersion: 8.4.0
ProgramName: mris_label2annot  ProgramArguments: mris_label2annot -all-info  ProgramVersion: 7.3.2  TimeStamp: 2026/03/13-03:01:19-GMT  BuildTime: Aug  4 2022 06:17:15  BuildStamp: freesurfer-linux-ubuntu22_x86_64-7.3.2-20220804-6354275  User: oesteban  Machine: dna067  Platform: Linux  PlatformVersion: 5.14.0-427.37.1.el9_4.x86_64  CompilerName: GCC  CompilerVersion: 8.4.0
ProgramName: mris_left_right_register  ProgramArguments: mris_left_right_register -all-info  ProgramVersion: 7.3.2  TimeStamp: 2026/03/13-03:01:19-GMT  BuildTime: Aug  4 2022 06:17:15  BuildStamp: freesurfer-linux-ubuntu22_x86_64-7.3.2-20220804-6354275  User: oesteban  Machine: dna067  Platform: Linux  PlatformVersion: 5.14.0-427.37.1.el9_4.x86_64  CompilerName: GCC  CompilerVersion: 8.4.0
ProgramName: mris_place_surface  ProgramArguments: mris_place_surface -all-info  ProgramVersion: 7.3.2  TimeStamp: 2026/03/13-03:01:19-GMT  BuildTime: Aug  4 2022 06:17:15  BuildStamp: freesurfer-linux-ubuntu22_x86_64-7.3.2-20220804-6354275  User: oesteban  Machine: dna067  Platform: Linux  PlatformVersion: 5.14.0-427.37.1.el9_4.x86_64  CompilerName: GCC  CompilerVersion: 8.4.0
ProgramName: mrisp_paint  ProgramArguments: mrisp_paint -all-info  ProgramVersion: 7.3.2  TimeStamp: 2026/03/13-03:01:19-GMT  BuildTime: Aug  4 2022 06:17:15  BuildStamp: freesurfer-linux-ubuntu22_x86_64-7.3.2-20220804-6354275  User: oesteban  Machine: dna067  Platform: Linux  PlatformVersion: 5.14.0-427.37.1.el9_4.x86_64  CompilerName: GCC  CompilerVersion: 8.4.0
ProgramName: mris_register  ProgramArguments: mris_register -all-info  ProgramVersion: 7.3.2  TimeStamp: 2026/03/13-03:01:19-GMT  BuildTime: Aug  4 2022 06:17:15  BuildStamp: freesurfer-linux-ubuntu22_x86_64-7.3.2-20220804-6354275  User: oesteban  Machine: dna067  Platform: Linux  PlatformVersion: 5.14.0-427.37.1.el9_4.x86_64  CompilerName: GCC  CompilerVersion: 8.4.0
ProgramName: mris_smooth  ProgramArguments: mris_smooth -all-info  ProgramVersion: 7.3.2  TimeStamp: 2026/03/13-03:01:19-GMT  BuildTime: Aug  4 2022 06:17:15  BuildStamp: freesurfer-linux-ubuntu22_x86_64-7.3.2-20220804-6354275  User: oesteban  Machine: dna067  Platform: Linux  PlatformVersion: 5.14.0-427.37.1.el9_4.x86_64  CompilerName: GCC  CompilerVersion: 8.4.0
ProgramName: mris_sphere  ProgramArguments: mris_sphere -all-info  ProgramVersion: 7.3.2  TimeStamp: 2026/03/13-03:01:19-GMT  BuildTime: Aug  4 2022 06:17:15  BuildStamp: freesurfer-linux-ubuntu22_x86_64-7.3.2-20220804-6354275  User: oesteban  Machine: dna067  Platform: Linux  PlatformVersion: 5.14.0-427.37.1.el9_4.x86_64  CompilerName: GCC  CompilerVersion: 8.4.0
ProgramName: mris_surface_stats  ProgramArguments: mris_surface_stats -all-info  ProgramVersion: 7.3.2  TimeStamp: 2026/03/13-03:01:19-GMT  BuildTime: Aug  4 2022 06:17:15  BuildStamp: freesurfer-linux-ubuntu22_x86_64-7.3.2-20220804-6354275  User: oesteban  Machine: dna067  Platform: Linux  PlatformVersion: 5.14.0-427.37.1.el9_4.x86_64  CompilerName: GCC  CompilerVersion: 8.4.0
ProgramName: mri_stats2seg  ProgramArguments: mri_stats2seg -all-info  ProgramVersion: 7.3.2  TimeStamp: 2026/03/13-03:01:19-GMT  BuildTime: Aug  4 2022 06:17:15  BuildStamp: freesurfer-linux-ubuntu22_x86_64-7.3.2-20220804-6354275  User: oesteban  Machine: dna067  Platform: Linux  PlatformVersion: 5.14.0-427.37.1.el9_4.x86_64  CompilerName: GCC  CompilerVersion: 8.4.0
ProgramName: mris_thickness  ProgramArguments: mris_thickness -all-info  ProgramVersion: 7.3.2  TimeStamp: 2026/03/13-03:01:19-GMT  BuildTime: Aug  4 2022 06:17:15  BuildStamp: freesurfer-linux-ubuntu22_x86_64-7.3.2-20220804-6354275  User: oesteban  Machine: dna067  Platform: Linux  PlatformVersion: 5.14.0-427.37.1.el9_4.x86_64  CompilerName: GCC  CompilerVersion: 8.4.0
ProgramName: mris_thickness_diff  ProgramArguments: mris_thickness_diff -all-info  ProgramVersion: 7.3.2  TimeStamp: 2026/03/13-03:01:19-GMT  BuildTime: Aug  4 2022 06:17:15  BuildStamp: freesurfer-linux-ubuntu22_x86_64-7.3.2-20220804-6354275  User: oesteban  Machine: dna067  Platform: Linux  PlatformVersion: 5.14.0-427.37.1.el9_4.x86_64  CompilerName: GCC  CompilerVersion: 8.4.0
ProgramName: mris_topo_fixer  ProgramArguments: mris_topo_fixer -all-info  ProgramVersion: 7.3.2  TimeStamp: 2026/03/13-03:01:19-GMT  BuildTime: Aug  4 2022 06:17:15  BuildStamp: freesurfer-linux-ubuntu22_x86_64-7.3.2-20220804-6354275  User: oesteban  Machine: dna067  Platform: Linux  PlatformVersion: 5.14.0-427.37.1.el9_4.x86_64  CompilerName: GCC  CompilerVersion: 8.4.0
ProgramName: mri_surf2surf  ProgramArguments: mri_surf2surf -all-info  ProgramVersion: 7.3.2  TimeStamp: 2026/03/13-03:01:19-GMT  BuildTime: Aug  4 2022 06:17:15  BuildStamp: freesurfer-linux-ubuntu22_x86_64-7.3.2-20220804-6354275  User: oesteban  Machine: dna067  Platform: Linux  PlatformVersion: 5.14.0-427.37.1.el9_4.x86_64  CompilerName: GCC  CompilerVersion: 8.4.0
ProgramName: mri_surf2vol  ProgramArguments: mri_surf2vol -all-info  ProgramVersion: 7.3.2  TimeStamp: 2026/03/13-03:01:19-GMT  BuildTime: Aug  4 2022 06:17:15  BuildStamp: freesurfer-linux-ubuntu22_x86_64-7.3.2-20220804-6354275  User: oesteban  Machine: dna067  Platform: Linux  PlatformVersion: 5.14.0-427.37.1.el9_4.x86_64  CompilerName: GCC  CompilerVersion: 8.4.0
ProgramName: mri_surfcluster  ProgramArguments: mri_surfcluster -all-info  ProgramVersion: 7.3.2  TimeStamp: 2026/03/13-03:01:19-GMT  BuildTime: Aug  4 2022 06:17:15  BuildStamp: freesurfer-linux-ubuntu22_x86_64-7.3.2-20220804-6354275  User: oesteban  Machine: dna067  Platform: Linux  PlatformVersion: 5.14.0-427.37.1.el9_4.x86_64  CompilerName: GCC  CompilerVersion: 8.4.0
ProgramName: mris_volmask  ProgramArguments: mris_volmask -all-info  ProgramVersion: 7.3.2  TimeStamp: 2026/03/13-03:01:19-GMT  BuildTime: Aug  4 2022 06:17:15  BuildStamp: freesurfer-linux-ubuntu22_x86_64-7.3.2-20220804-6354275  User: oesteban  Machine: dna067  Platform: Linux  PlatformVersion: 5.14.0-427.37.1.el9_4.x86_64  CompilerName: GCC  CompilerVersion: 8.4.0
ProgramName: mri_tessellate  ProgramArguments: mri_tessellate -all-info  ProgramVersion: 7.3.2  TimeStamp: 2026/03/13-03:01:19-GMT  BuildTime: Aug  4 2022 06:17:15  BuildStamp: freesurfer-linux-ubuntu22_x86_64-7.3.2-20220804-6354275  User: oesteban  Machine: dna067  Platform: Linux  PlatformVersion: 5.14.0-427.37.1.el9_4.x86_64  CompilerName: GCC  CompilerVersion: 8.4.0
ProgramName: mri_vol2surf  ProgramArguments: mri_vol2surf -all-info  ProgramVersion: 7.3.2  TimeStamp: 2026/03/13-03:01:19-GMT  BuildTime: Aug  4 2022 06:17:15  BuildStamp: freesurfer-linux-ubuntu22_x86_64-7.3.2-20220804-6354275  User: oesteban  Machine: dna067  Platform: Linux  PlatformVersion: 5.14.0-427.37.1.el9_4.x86_64  CompilerName: GCC  CompilerVersion: 8.4.0
ProgramName: mri_vol2vol  ProgramArguments: mri_vol2vol -all-info  ProgramVersion: 7.3.2  TimeStamp: 2026/03/13-03:01:19-GMT  BuildTime: Aug  4 2022 06:17:15  BuildStamp: freesurfer-linux-ubuntu22_x86_64-7.3.2-20220804-6354275  User: oesteban  Machine: dna067  Platform: Linux  PlatformVersion: 5.14.0-427.37.1.el9_4.x86_64  CompilerName: GCC  CompilerVersion: 8.4.0
ProgramName: mri_voldiff  ProgramArguments: mri_voldiff -all-info  ProgramVersion: 7.3.2  TimeStamp: 2026/03/13-03:01:19-GMT  BuildTime: Aug  4 2022 06:17:15  BuildStamp: freesurfer-linux-ubuntu22_x86_64-7.3.2-20220804-6354275  User: oesteban  Machine: dna067  Platform: Linux  PlatformVersion: 5.14.0-427.37.1.el9_4.x86_64  CompilerName: GCC  CompilerVersion: 8.4.0
ProgramName: mri_watershed  ProgramArguments: mri_watershed -all-info  ProgramVersion: 7.3.2  TimeStamp: 2026/03/13-03:01:19-GMT  BuildTime: Aug  4 2022 06:17:15  BuildStamp: freesurfer-linux-ubuntu22_x86_64-7.3.2-20220804-6354275  User: oesteban  Machine: dna067  Platform: Linux  PlatformVersion: 5.14.0-427.37.1.el9_4.x86_64  CompilerName: GCC  CompilerVersion: 8.4.0
ProgramName: tkregister2  ProgramArguments: tkregister2_cmdl -all-info  ProgramVersion: 7.3.2  TimeStamp: 2026/03/13-03:01:19-GMT  BuildTime: Aug  4 2022 06:17:15  BuildStamp: freesurfer-linux-ubuntu22_x86_64-7.3.2-20220804-6354275  User: oesteban  Machine: dna067  Platform: Linux  PlatformVersion: 5.14.0-427.37.1.el9_4.x86_64  CompilerName: GCC  CompilerVersion: 8.4.0
mri_motion_correct.fsl 7.3.2
mri_convert -all-info 
ProgramName: mri_convert  ProgramArguments: mri_convert -all-info  ProgramVersion: 7.3.2  TimeStamp: 2026/03/13-03:01:19-GMT  BuildTime: Aug  4 2022 06:17:15  BuildStamp: freesurfer-linux-ubuntu22_x86_64-7.3.2-20220804-6354275  User: oesteban  Machine: dna067  Platform: Linux  PlatformVersion: 5.14.0-427.37.1.el9_4.x86_64  CompilerName: GCC  CompilerVersion: 8.4.0
Program nu_correct, built from:
Package MNI N3, version 1.12.0, compiled by nicks@terrier (x86_64-unknown-linux-gnu) on 2015-06-19 at 01:25:34
#######################################
GCADIR /opt/freesurfer/average
GCA RB_all_2020-01-02.gca
GCASkull RB_all_withskull_2020_01_02.gca
AvgCurvTif folding.atlas.acfb40.noaparc.i12.2016-08-02.tif
GCSDIR /opt/freesurfer/average
GCS DKaparc.atlas.acfb40.noaparc.i12.2016-08-02.gcs
#######################################
#--------------------------------------
#@# CA Normalize Fri Mar 13 04:01:19 CET 2026
/out/sourcedata/freesurfer/sub-v2s4x29588_ses-1/mri

 mri_ca_normalize -c ctrl_pts.mgz -mask brainmask.mgz nu.mgz /opt/freesurfer/average/RB_all_2020-01-02.gca transforms/talairach.lta norm.mgz 

writing control point volume to ctrl_pts.mgz
using MR volume brainmask.mgz to mask input volume...
reading 1 input volume
reading atlas from '/opt/freesurfer/average/RB_all_2020-01-02.gca'...
reading transform from 'transforms/talairach.lta'...
reading input volume from nu.mgz...
resetting wm mean[0]: 98 --> 107
resetting gm mean[0]: 61 --> 61
input volume #1 is the most T1-like
using real data threshold=31.0
skull bounding box = (59, 30, 41) --> (199, 150, 208)
finding center of left hemi white matter
using (106, 70, 125) as brain centroid of Right_Cerebral_White_Matter...
mean wm in atlas = 107, using box (89,55,104) --> (123, 84,145) to find MRI wm
before smoothing, mri peak at 107
robust fit to distribution - 107 +- 3.8
after smoothing, mri peak at 107, scaling input intensities by 1.000
scaling channel 0 by 1
using 246437 sample points...
INFO: compute sample coordinates transform
 0.96820  -0.04112   0.09088  -5.05233;
 0.03802   1.03396   0.10378   4.14259;
-0.09462  -0.09494   0.99178   10.59838;
 0.00000   0.00000   0.00000   1.00000;
INFO: transform used
finding control points in Left_Cerebral_White_Matter....
found 40230 control points for structure...
bounding box (125, 29, 40) --> (198, 140, 207)
Left_Cerebral_White_Matter: limiting intensities to 97.0 --> 132.0
1 of 7597 (0.0%) samples deleted
finding control points in Right_Cerebral_White_Matter....
found 39478 control points for structure...
bounding box (63, 32, 37) --> (132, 145, 205)
Right_Cerebral_White_Matter: limiting intensities to 97.0 --> 121.0
8 of 7768 (0.1%) samples deleted
finding control points in Left_Cerebellum_White_Matter....
found 3105 control points for structure...
bounding box (134, 112, 66) --> (184, 156, 120)
Left_Cerebellum_White_Matter: limiting intensities to 98.0 --> 132.0
5 of 197 (2.5%) samples deleted
finding control points in Right_Cerebellum_White_Matter....
found 2710 control points for structure...
bounding box (88, 112, 60) --> (134, 157, 118)
Right_Cerebellum_White_Matter: limiting intensities to 99.0 --> 132.0
2 of 166 (1.2%) samples deleted
finding control points in Brain_Stem....
found 3475 control points for structure...
bounding box (113, 105, 99) --> (149, 172, 130)
Brain_Stem: limiting intensities to 91.0 --> 132.0
0 of 233 (0.0%) samples deleted
using 15961 total control points for intensity normalization...
bias field = 0.968 +- 0.056
134 of 15945 control points discarded
finding control points in Left_Cerebral_White_Matter....
found 40230 control points for structure...
bounding box (125, 29, 40) --> (198, 140, 207)
Left_Cerebral_White_Matter: limiting intensities to 89.0 --> 127.0
1 of 7902 (0.0%) samples deleted
finding control points in Right_Cerebral_White_Matter....
found 39478 control points for structure...
bounding box (63, 32, 37) --> (132, 145, 205)
Right_Cerebral_White_Matter: limiting intensities to 90.0 --> 127.0
9 of 8091 (0.1%) samples deleted
finding control points in Left_Cerebellum_White_Matter....
found 3105 control points for structure...
bounding box (134, 112, 66) --> (184, 156, 120)
Left_Cerebellum_White_Matter: limiting intensities to 88.0 --> 127.0
17 of 253 (6.7%) samples deleted
finding control points in Right_Cerebellum_White_Matter....
found 2710 control points for structure...
bounding box (88, 112, 60) --> (134, 157, 118)
Right_Cerebellum_White_Matter: limiting intensities to 88.0 --> 127.0
9 of 226 (4.0%) samples deleted
finding control points in Brain_Stem....
found 3475 control points for structure...
bounding box (113, 105, 99) --> (149, 172, 130)
Brain_Stem: limiting intensities to 88.0 --> 127.0
137 of 368 (37.2%) samples deleted
using 16840 total control points for intensity normalization...
bias field = 1.040 +- 0.051
77 of 16599 control points discarded
finding control points in Left_Cerebral_White_Matter....
found 40230 control points for structure...
bounding box (125, 29, 40) --> (198, 140, 207)
Left_Cerebral_White_Matter: limiting intensities to 90.0 --> 127.0
15 of 7923 (0.2%) samples deleted
finding control points in Right_Cerebral_White_Matter....
found 39478 control points for structure...
bounding box (63, 32, 37) --> (132, 145, 205)
Right_Cerebral_White_Matter: limiting intensities to 91.0 --> 127.0
13 of 8094 (0.2%) samples deleted
finding control points in Left_Cerebellum_White_Matter....
found 3105 control points for structure...
bounding box (134, 112, 66) --> (184, 156, 120)
Left_Cerebellum_White_Matter: limiting intensities to 88.0 --> 127.0
67 of 304 (22.0%) samples deleted
finding control points in Right_Cerebellum_White_Matter....
found 2710 control points for structure...
bounding box (88, 112, 60) --> (134, 157, 118)
Right_Cerebellum_White_Matter: limiting intensities to 88.0 --> 127.0
40 of 262 (15.3%) samples deleted
finding control points in Brain_Stem....
found 3475 control points for structure...
bounding box (113, 105, 99) --> (149, 172, 130)
Brain_Stem: limiting intensities to 88.0 --> 127.0
232 of 416 (55.8%) samples deleted
using 16999 total control points for intensity normalization...
bias field = 1.032 +- 0.044
74 of 16490 control points discarded
writing normalized volume to norm.mgz...
writing control points to ctrl_pts.mgz
freeing GCA...done.
normalization took 0 minutes and 56 seconds.
#--------------------------------------
#@# CA Reg Fri Mar 13 04:02:16 CET 2026
/out/sourcedata/freesurfer/sub-v2s4x29588_ses-1/mri

 mri_ca_register -nobigventricles -T transforms/talairach.lta -align-after -mask brainmask.mgz norm.mgz /opt/freesurfer/average/RB_all_2020-01-02.gca transforms/talairach.m3z 

not handling expanded ventricles...
using previously computed transform transforms/talairach.lta
renormalizing sequences with structure alignment, equivalent to:
	-renormalize
	-regularize_mean 0.500
	-regularize 0.500
using MR volume brainmask.mgz to mask input volume...

== Number of threads available to mri_ca_register for OpenMP = 16 == 
reading 1 input volumes...
logging results to talairach.log
reading input volume 'norm.mgz'...
reading GCA '/opt/freesurfer/average/RB_all_2020-01-02.gca'...
label assignment complete, 0 changed (0.00%)
freeing gibbs priors...done.
average std[0] = 5.0
Starting GCAMregister()
label assignment complete, 0 changed (0.00%)
npasses = 1, nlevels = 6
#pass# 1 of 1 ************************
enabling zero nodes
setting smoothness cost coefficient to 0.156

#GCAMreg# pass 0 level1 5 level2 0 tsec 0 sigma 2
l_jacobian=1.00 l_label=1.00 l_log_likelihood=0.20 l_smoothness=0.16 
tol=2.50e-01, dt=5.00e-02, exp_k=20.0, momentum=0.90, levels=6, niter=500, lbl_dist=10.00, avgs=256, sigma=2.0,type=2, relabel=0, neg=no

blurring input image with Gaussian with sigma=2.000...
GCAMRegisterLevel(): init RMS 0.888162
#FOTS# QuadFit found better minimum quadopt=(dt=269.65,rms=0.794954) vs oldopt=(dt=369.92,rms=0.80597)
#GCMRL#    0 dt 269.650168 rms  0.795 10.494% neg 0  invalid 762 tFOTS 3.5760 tGradient 2.4530 tsec 6.2870
#FOTS# QuadFit found better minimum quadopt=(dt=190.621,rms=0.778757) vs oldopt=(dt=92.48,rms=0.783565)
#GCMRL#    1 dt 190.620690 rms  0.779  2.037% neg 0  invalid 762 tFOTS 3.8170 tGradient 2.7410 tsec 6.8950
#GCMRL#    2 dt 369.920000 rms  0.769  1.304% neg 0  invalid 762 tFOTS 3.3170 tGradient 3.2570 tsec 6.8780
#FOTS# QuadFit found better minimum quadopt=(dt=129.472,rms=0.764904) vs oldopt=(dt=92.48,rms=0.765289)
#GCMRL#    3 dt 129.472000 rms  0.765  0.482% neg 0  invalid 762 tFOTS 3.4310 tGradient 2.4030 tsec 6.1070
#FOTS# QuadFit found better minimum quadopt=(dt=1183.74,rms=0.758209) vs oldopt=(dt=1479.68,rms=0.759184)
#GCMRL#    4 dt 1183.744000 rms  0.758  0.875% neg 0  invalid 762 tFOTS 3.3130 tGradient 2.7240 tsec 6.3150
#FOTS# QuadFit found better minimum quadopt=(dt=129.472,rms=0.753367) vs oldopt=(dt=92.48,rms=0.753886)
#GCMRL#    5 dt 129.472000 rms  0.753  0.639% neg 0  invalid 762 tFOTS 3.5530 tGradient 2.9040 tsec 6.7480
#FOTS# QuadFit found better minimum quadopt=(dt=517.888,rms=0.75008) vs oldopt=(dt=369.92,rms=0.750706)
#GCMRL#    6 dt 517.888000 rms  0.750  0.436% neg 0  invalid 762 tFOTS 3.4310 tGradient 2.3200 tsec 6.0350
#FOTS# QuadFit found better minimum quadopt=(dt=73.984,rms=0.749609) vs oldopt=(dt=92.48,rms=0.74961)
#GCMRL#    7 dt  73.984000 rms  0.750  0.000% neg 0  invalid 762 tFOTS 3.7240 tGradient 3.0340 tsec 7.0970
#GCMRL#    8 dt  73.984000 rms  0.750  0.011% neg 0  invalid 762 tFOTS 0.0000 tGradient 3.2780 tsec 3.6240
#GCMRL#    9 dt  73.984000 rms  0.749  0.007% neg 0  invalid 762 tFOTS 0.0000 tGradient 2.8580 tsec 3.1290
#GCMRL#   10 dt  73.984000 rms  0.749  0.077% neg 0  invalid 762 tFOTS 0.0000 tGradient 3.4120 tsec 3.7070
#GCMRL#   11 dt  73.984000 rms  0.748  0.111% neg 0  invalid 762 tFOTS 0.0000 tGradient 2.9370 tsec 3.2120
#GCMRL#   12 dt  73.984000 rms  0.747  0.169% neg 0  invalid 762 tFOTS 0.0000 tGradient 2.7800 tsec 3.0210
#GCMRL#   13 dt  73.984000 rms  0.746  0.139% neg 0  invalid 762 tFOTS 0.0000 tGradient 2.2730 tsec 2.5200
#GCMRL#   14 dt  73.984000 rms  0.744  0.170% neg 0  invalid 762 tFOTS 0.0000 tGradient 2.4440 tsec 2.6940
#GCMRL#   15 dt  73.984000 rms  0.743  0.161% neg 0  invalid 762 tFOTS 0.0000 tGradient 2.6000 tsec 2.8490
#GCMRL#   16 dt  73.984000 rms  0.742  0.119% neg 0  invalid 762 tFOTS 0.0000 tGradient 2.3540 tsec 2.5950
#GCMRL#   17 dt  73.984000 rms  0.742  0.110% neg 0  invalid 762 tFOTS 0.0000 tGradient 2.4230 tsec 2.6910
#FOTS# QuadFit found better minimum quadopt=(dt=443.904,rms=0.741162) vs oldopt=(dt=369.92,rms=0.741164)
#GCMRL#   18 dt 443.904000 rms  0.741  0.000% neg 0  invalid 762 tFOTS 3.5580 tGradient 2.4410 tsec 6.2780

#GCAMreg# pass 0 level1 5 level2 1 tsec 99.464 sigma 0.5
l_jacobian=1.00 l_label=1.00 l_log_likelihood=0.20 l_smoothness=0.16 
tol=2.50e-01, dt=5.00e-02, exp_k=20.0, momentum=0.90, levels=6, niter=500, lbl_dist=10.00, avgs=256, sigma=0.5,type=2, relabel=0, neg=no

blurring input image with Gaussian with sigma=0.500...
GCAMRegisterLevel(): init RMS 0.741614
#FOTS# QuadFit found better minimum quadopt=(dt=295.936,rms=0.732398) vs oldopt=(dt=369.92,rms=0.733232)
#GCMRL#   20 dt 295.936000 rms  0.732  1.243% neg 0  invalid 762 tFOTS 3.7180 tGradient 2.3780 tsec 6.4090
#FOTS# QuadFit found better minimum quadopt=(dt=73.984,rms=0.731702) vs oldopt=(dt=92.48,rms=0.731702)
#GCMRL#   21 dt  73.984000 rms  0.732  0.000% neg 0  invalid 762 tFOTS 3.7300 tGradient 2.7900 tsec 6.8390
setting smoothness cost coefficient to 0.615

#GCAMreg# pass 0 level1 4 level2 0 tsec 0 sigma 2
l_jacobian=1.00 l_label=1.00 l_log_likelihood=0.20 l_smoothness=0.62 
tol=2.50e-01, dt=5.00e-02, exp_k=20.0, momentum=0.90, levels=6, niter=500, lbl_dist=10.00, avgs=64, sigma=2.0,type=2, relabel=0, neg=no

blurring input image with Gaussian with sigma=2.000...
GCAMRegisterLevel(): init RMS 0.745098
#FOTS# QuadFit found better minimum quadopt=(dt=28.7103,rms=0.743179) vs oldopt=(dt=25.92,rms=0.743181)
#GCMRL#   23 dt  28.710280 rms  0.743  0.258% neg 0  invalid 762 tFOTS 4.3670 tGradient 2.2930 tsec 6.9950
#FOTS# QuadFit found better minimum quadopt=(dt=36.288,rms=0.741952) vs oldopt=(dt=25.92,rms=0.7421)
#GCMRL#   24 dt  36.288000 rms  0.742  0.000% neg 0  invalid 762 tFOTS 3.9100 tGradient 2.6130 tsec 6.8490
#GCMRL#   25 dt  36.288000 rms  0.740  0.240% neg 0  invalid 762 tFOTS 0.0000 tGradient 2.3340 tsec 2.5900
#GCMRL#   26 dt  36.288000 rms  0.737  0.385% neg 0  invalid 762 tFOTS 0.0000 tGradient 2.1350 tsec 2.4070
#GCMRL#   27 dt  36.288000 rms  0.733  0.541% neg 0  invalid 762 tFOTS 0.0000 tGradient 2.1040 tsec 2.3770
#GCMRL#   28 dt  36.288000 rms  0.728  0.707% neg 0  invalid 762 tFOTS 0.0000 tGradient 2.2620 tsec 2.5530
#GCMRL#   29 dt  36.288000 rms  0.722  0.796% neg 0  invalid 762 tFOTS 0.0000 tGradient 2.0990 tsec 2.3760
#GCMRL#   30 dt  36.288000 rms  0.717  0.716% neg 0  invalid 762 tFOTS 0.0000 tGradient 2.1840 tsec 2.4530
#GCMRL#   31 dt  36.288000 rms  0.714  0.502% neg 0  invalid 762 tFOTS 0.0000 tGradient 2.0850 tsec 2.4090
#GCMRL#   32 dt  36.288000 rms  0.712  0.227% neg 0  invalid 762 tFOTS 0.0000 tGradient 2.1840 tsec 2.4950
#GCMRL#   33 dt  36.288000 rms  0.712  0.040% neg 0  invalid 762 tFOTS 0.0000 tGradient 2.2370 tsec 2.5330
#GCMRL#   34 dt  36.288000 rms  0.712 -0.006% neg 0  invalid 762 tFOTS 0.0000 tGradient 2.2040 tsec 2.7300
#FOTS# QuadFit found better minimum quadopt=(dt=82.944,rms=0.711167) vs oldopt=(dt=103.68,rms=0.711212)
#GCMRL#   35 dt  82.944000 rms  0.711  0.073% neg 0  invalid 762 tFOTS 3.8460 tGradient 2.2720 tsec 6.4460

#GCAMreg# pass 0 level1 4 level2 1 tsec 60.23 sigma 0.5
l_jacobian=1.00 l_label=1.00 l_log_likelihood=0.20 l_smoothness=0.62 
tol=2.50e-01, dt=5.00e-02, exp_k=20.0, momentum=0.90, levels=6, niter=500, lbl_dist=10.00, avgs=64, sigma=0.5,type=2, relabel=0, neg=no

blurring input image with Gaussian with sigma=0.500...
GCAMRegisterLevel(): init RMS 0.71174
#FOTS# QuadFit found better minimum quadopt=(dt=93.7105,rms=0.705825) vs oldopt=(dt=103.68,rms=0.705886)
#GCMRL#   37 dt  93.710483 rms  0.706  0.831% neg 0  invalid 762 tFOTS 3.8190 tGradient 2.3940 tsec 6.5340
#GCMRL#   38 dt   0.450000 rms  0.706  0.000% neg 0  invalid 762 tFOTS 3.6230 tGradient 2.3440 tsec 6.4670
setting smoothness cost coefficient to 2.353

#GCAMreg# pass 0 level1 3 level2 0 tsec 0 sigma 2
l_jacobian=1.00 l_label=1.00 l_log_likelihood=0.20 l_smoothness=2.35 
tol=2.50e-01, dt=5.00e-02, exp_k=20.0, momentum=0.90, levels=6, niter=500, lbl_dist=10.00, avgs=16, sigma=2.0,type=2, relabel=0, neg=no

blurring input image with Gaussian with sigma=2.000...
GCAMRegisterLevel(): init RMS 0.748057
#FOTS# QuadFit found better minimum quadopt=(dt=2.8,rms=0.745706) vs oldopt=(dt=2,rms=0.746065)
#GCMRL#   40 dt   2.800000 rms  0.746  0.314% neg 0  invalid 762 tFOTS 3.2330 tGradient 1.8040 tsec 5.3200
#FOTS# QuadFit found better minimum quadopt=(dt=2.8,rms=0.745189) vs oldopt=(dt=2,rms=0.745237)
#GCMRL#   41 dt   2.800000 rms  0.745  0.000% neg 0  invalid 762 tFOTS 3.3000 tGradient 1.8360 tsec 5.4290

#GCAMreg# pass 0 level1 3 level2 1 tsec 21.744 sigma 0.5
l_jacobian=1.00 l_label=1.00 l_log_likelihood=0.20 l_smoothness=2.35 
tol=2.50e-01, dt=5.00e-02, exp_k=20.0, momentum=0.90, levels=6, niter=500, lbl_dist=10.00, avgs=16, sigma=0.5,type=2, relabel=0, neg=no

blurring input image with Gaussian with sigma=0.500...
GCAMRegisterLevel(): init RMS 0.745682
#FOTS# QuadFit found better minimum quadopt=(dt=1.2,rms=0.745084) vs oldopt=(dt=2,rms=0.745113)
#GCMRL#   43 dt   1.200000 rms  0.745  0.080% neg 0  invalid 762 tFOTS 3.5300 tGradient 2.0870 tsec 5.9200
#FOTS# QuadFit found better minimum quadopt=(dt=0.175,rms=0.745075) vs oldopt=(dt=0.125,rms=0.745076)
#GCMRL#   44 dt   0.175000 rms  0.745  0.000% neg 0  invalid 762 tFOTS 3.9160 tGradient 2.2440 tsec 6.5390
#GCMRL#   45 dt   0.175000 rms  0.745  0.000% neg 0  invalid 762 tFOTS 0.0000 tGradient 2.2900 tsec 2.6040
setting smoothness cost coefficient to 8.000

#GCAMreg# pass 0 level1 2 level2 0 tsec 0 sigma 2
l_jacobian=1.00 l_label=1.00 l_log_likelihood=0.20 l_smoothness=8.00 
tol=2.50e-01, dt=5.00e-02, exp_k=20.0, momentum=0.90, levels=6, niter=500, lbl_dist=10.00, avgs=4, sigma=2.0,type=2, relabel=0, neg=no

blurring input image with Gaussian with sigma=2.000...
GCAMRegisterLevel(): init RMS 0.830504
#FOTS# QuadFit found better minimum quadopt=(dt=3.10327,rms=0.801976) vs oldopt=(dt=2.88,rms=0.802116)
#GCMRL#   47 dt   3.103268 rms  0.802  3.435% neg 0  invalid 762 tFOTS 3.4660 tGradient 1.6800 tsec 5.4600
#FOTS# QuadFit found better minimum quadopt=(dt=2.68584,rms=0.795767) vs oldopt=(dt=2.88,rms=0.795798)
#GCMRL#   48 dt   2.685841 rms  0.796  0.774% neg 0  invalid 762 tFOTS 3.3060 tGradient 1.9520 tsec 5.5160
#FOTS# QuadFit found better minimum quadopt=(dt=2.159,rms=0.793703) vs oldopt=(dt=2.88,rms=0.793949)
#GCMRL#   49 dt   2.158996 rms  0.794  0.259% neg 0  invalid 762 tFOTS 3.1490 tGradient 1.6420 tsec 5.0830
#FOTS# QuadFit found better minimum quadopt=(dt=1.008,rms=0.79355) vs oldopt=(dt=0.72,rms=0.793569)
#GCMRL#   50 dt   1.008000 rms  0.794  0.000% neg 0  invalid 762 tFOTS 3.0300 tGradient 1.5860 tsec 4.8890
#GCMRL#   51 dt   1.008000 rms  0.794  0.005% neg 0  invalid 762 tFOTS 0.0000 tGradient 1.4790 tsec 1.7230

#GCAMreg# pass 0 level1 2 level2 1 tsec 33.067 sigma 0.5
l_jacobian=1.00 l_label=1.00 l_log_likelihood=0.20 l_smoothness=8.00 
tol=2.50e-01, dt=5.00e-02, exp_k=20.0, momentum=0.90, levels=6, niter=500, lbl_dist=10.00, avgs=4, sigma=0.5,type=2, relabel=0, neg=no

blurring input image with Gaussian with sigma=0.500...
GCAMRegisterLevel(): init RMS 0.793892
#GCMRL#   53 dt   0.000000 rms  0.793  0.050% neg 0  invalid 762 tFOTS 3.0890 tGradient 1.5620 tsec 4.9100
setting smoothness cost coefficient to 20.000

#GCAMreg# pass 0 level1 1 level2 0 tsec 0 sigma 2
l_jacobian=1.00 l_label=1.00 l_log_likelihood=0.20 l_smoothness=20.00 
tol=2.50e-01, dt=5.00e-02, exp_k=20.0, momentum=0.90, levels=6, niter=500, lbl_dist=10.00, avgs=1, sigma=2.0,type=2, relabel=0, neg=no

blurring input image with Gaussian with sigma=2.000...
GCAMRegisterLevel(): init RMS 0.838512
#FOTS# QuadFit found better minimum quadopt=(dt=0.112,rms=0.838008) vs oldopt=(dt=0.08,rms=0.838015)
#GCMRL#   55 dt   0.112000 rms  0.838  0.060% neg 0  invalid 762 tFOTS 3.2030 tGradient 1.5210 tsec 4.9790
#FOTS# QuadFit found better minimum quadopt=(dt=0.112,rms=0.837872) vs oldopt=(dt=0.08,rms=0.837902)
#GCMRL#   56 dt   0.112000 rms  0.838  0.000% neg 0  invalid 762 tFOTS 2.8850 tGradient 1.2470 tsec 4.3880
#GCMRL#   57 dt   0.112000 rms  0.838  0.028% neg 0  invalid 762 tFOTS 0.0000 tGradient 1.4020 tsec 1.6390
#GCMRL#   58 dt   0.112000 rms  0.837  0.048% neg 0  invalid 762 tFOTS 0.0000 tGradient 1.3090 tsec 1.5420
#GCMRL#   59 dt   0.112000 rms  0.837  0.061% neg 0  invalid 762 tFOTS 0.0000 tGradient 1.2320 tsec 1.4730
#GCMRL#   60 dt   0.112000 rms  0.836  0.093% neg 0  invalid 762 tFOTS 0.0000 tGradient 1.4030 tsec 1.6420
#GCMRL#   61 dt   0.112000 rms  0.835  0.119% neg 0  invalid 762 tFOTS 0.0000 tGradient 1.4580 tsec 1.7520
#GCMRL#   62 dt   0.112000 rms  0.834  0.138% neg 0  invalid 762 tFOTS 0.0000 tGradient 1.4470 tsec 1.6930
#GCMRL#   63 dt   0.112000 rms  0.833  0.121% neg 0  invalid 762 tFOTS 0.0000 tGradient 1.5810 tsec 1.8750
#GCMRL#   64 dt   0.112000 rms  0.832  0.090% neg 0  invalid 762 tFOTS 0.0000 tGradient 1.9460 tsec 2.3220
#FOTS# QuadFit found better minimum quadopt=(dt=1.024,rms=0.831019) vs oldopt=(dt=1.28,rms=0.831111)
#GCMRL#   65 dt   1.024000 rms  0.831  0.123% neg 0  invalid 762 tFOTS 4.2530 tGradient 1.8100 tsec 6.3880
#FOTS# QuadFit found better minimum quadopt=(dt=0.452381,rms=0.828504) vs oldopt=(dt=0.32,rms=0.828945)
#GCMRL#   66 dt   0.452381 rms  0.829  0.303% neg 0  invalid 762 tFOTS 3.5820 tGradient 1.8230 tsec 5.7210
#GCMRL#   67 dt   0.100000 rms  0.828  0.000% neg 0  invalid 762 tFOTS 3.6270 tGradient 1.6240 tsec 5.6530

#GCAMreg# pass 0 level1 1 level2 1 tsec 51.445 sigma 0.5
l_jacobian=1.00 l_label=1.00 l_log_likelihood=0.20 l_smoothness=20.00 
tol=2.50e-01, dt=5.00e-02, exp_k=20.0, momentum=0.90, levels=6, niter=500, lbl_dist=10.00, avgs=1, sigma=0.5,type=2, relabel=0, neg=no

blurring input image with Gaussian with sigma=0.500...
GCAMRegisterLevel(): init RMS 0.828875
#FOTS# QuadFit found better minimum quadopt=(dt=0.001,rms=0.828498) vs oldopt=(dt=0.00125,rms=0.828498)
#GCMRL#   69 dt   0.001000 rms  0.828  0.046% neg 0  invalid 762 tFOTS 3.6530 tGradient 1.6420 tsec 5.6030
resetting metric properties...
setting smoothness cost coefficient to 40.000

#GCAMreg# pass 0 level1 0 level2 0 tsec 0 sigma 2
l_jacobian=1.00 l_label=1.00 l_log_likelihood=0.20 l_smoothness=40.00 
tol=2.50e-01, dt=5.00e-02, exp_k=20.0, momentum=0.90, levels=6, niter=500, lbl_dist=10.00, avgs=0, sigma=2.0,type=2, relabel=0, neg=no

blurring input image with Gaussian with sigma=2.000...
GCAMRegisterLevel(): init RMS 0.788794
#FOTS# QuadFit found better minimum quadopt=(dt=0.199711,rms=0.784652) vs oldopt=(dt=0.32,rms=0.785613)
#GCMRL#   71 dt   0.199711 rms  0.785  0.525% neg 0  invalid 762 tFOTS 3.2920 tGradient 0.9240 tsec 4.4790
#GCMRL#   72 dt   0.020000 rms  0.784  0.000% neg 0  invalid 762 tFOTS 3.6340 tGradient 1.1190 tsec 5.0730

#GCAMreg# pass 0 level1 0 level2 1 tsec 19.651 sigma 0.5
l_jacobian=1.00 l_label=1.00 l_log_likelihood=0.20 l_smoothness=40.00 
tol=2.50e-01, dt=5.00e-02, exp_k=20.0, momentum=0.90, levels=6, niter=500, lbl_dist=10.00, avgs=0, sigma=0.5,type=2, relabel=0, neg=no

blurring input image with Gaussian with sigma=0.500...
GCAMRegisterLevel(): init RMS 0.784857
#FOTS# QuadFit found better minimum quadopt=(dt=0.007,rms=0.784467) vs oldopt=(dt=0.005,rms=0.784472)
#GCMRL#   74 dt   0.007000 rms  0.784  0.050% neg 0  invalid 762 tFOTS 3.6130 tGradient 1.0760 tsec 5.0140
#FOTS# QuadFit found better minimum quadopt=(dt=0.004,rms=0.784471) vs oldopt=(dt=0.005,rms=0.784471)
GCAMregister done in 6.2068 min
Starting GCAmapRenormalizeWithAlignment() without scales
renormalizing by structure alignment....
renormalizing input #0
gca peak = 0.10253 (16)
mri peak = 0.11864 (27)
Left_Lateral_Ventricle (4): linear fit = 1.43 x + 0.0 (1409 voxels, overlap=0.466)
Left_Lateral_Ventricle (4): linear fit = 1.43 x + 0.0 (1409 voxels, peak = 23), gca=23.0
gca peak = 0.17690 (16)
mri peak = 0.14758 (27)
Right_Lateral_Ventricle (43): linear fit = 1.60 x + 0.0 (1464 voxels, overlap=0.276)
Right_Lateral_Ventricle (43): linear fit = 1.50 x + 0.0 (1464 voxels, peak = 26), gca=24.0
gca peak = 0.28275 (96)
mri peak = 0.06167 (99)
Right_Pallidum (52): linear fit = 1.00 x + 0.0 (1200 voxels, overlap=1.008)
Right_Pallidum (52): linear fit = 1.00 x + 0.0 (1200 voxels, peak = 96), gca=95.5
gca peak = 0.18948 (93)
mri peak = 0.05366 (101)
Left_Pallidum (13): linear fit = 1.08 x + 0.0 (1003 voxels, overlap=0.836)
Left_Pallidum (13): linear fit = 1.08 x + 0.0 (1003 voxels, peak = 100), gca=100.0
gca peak = 0.20755 (55)
mri peak = 0.05741 (78)
Right_Hippocampus (53): linear fit = 1.38 x + 0.0 (1282 voxels, overlap=0.026)
Right_Hippocampus (53): linear fit = 1.38 x + 0.0 (1282 voxels, peak = 76), gca=75.6
gca peak = 0.31831 (58)
mri peak = 0.08476 (78)
Left_Hippocampus (17): linear fit = 1.35 x + 0.0 (1299 voxels, overlap=0.016)
Left_Hippocampus (17): linear fit = 1.35 x + 0.0 (1299 voxels, peak = 78), gca=78.0
gca peak = 0.11957 (102)
mri peak = 0.13408 (103)
Right_Cerebral_White_Matter (41): linear fit = 1.03 x + 0.0 (88260 voxels, overlap=0.644)
Right_Cerebral_White_Matter (41): linear fit = 1.03 x + 0.0 (88260 voxels, peak = 106), gca=105.6
gca peak = 0.11429 (102)
mri peak = 0.11791 (103)
Left_Cerebral_White_Matter (2): linear fit = 1.02 x + 0.0 (92811 voxels, overlap=0.663)
Left_Cerebral_White_Matter (2): linear fit = 1.02 x + 0.0 (92811 voxels, peak = 105), gca=104.5
gca peak = 0.14521 (59)
mri peak = 0.04215 (78)
Left_Cerebral_Cortex (3): linear fit = 1.35 x + 0.0 (38138 voxels, overlap=0.000)
Left_Cerebral_Cortex (3): linear fit = 1.35 x + 0.0 (38138 voxels, peak = 79), gca=79.4
gca peak = 0.14336 (58)
mri peak = 0.03938 (78)
Right_Cerebral_Cortex (42): linear fit = 1.35 x + 0.0 (40332 voxels, overlap=0.000)
Right_Cerebral_Cortex (42): linear fit = 1.35 x + 0.0 (40332 voxels, peak = 78), gca=78.0
gca peak = 0.13305 (70)
mri peak = 0.12402 (84)
Right_Caudate (50): linear fit = 1.23 x + 0.0 (1303 voxels, overlap=0.040)
Right_Caudate (50): linear fit = 1.23 x + 0.0 (1303 voxels, peak = 86), gca=85.8
gca peak = 0.15761 (71)
mri peak = 0.08708 (92)
Left_Caudate (11): linear fit = 1.23 x + 0.0 (1365 voxels, overlap=0.123)
Left_Caudate (11): linear fit = 1.23 x + 0.0 (1365 voxels, peak = 87), gca=87.0
gca peak = 0.13537 (57)
mri peak = 0.05765 (78)
Left_Cerebellum_Cortex (8): linear fit = 1.40 x + 0.0 (28077 voxels, overlap=0.001)
Left_Cerebellum_Cortex (8): linear fit = 1.40 x + 0.0 (28077 voxels, peak = 80), gca=80.1
gca peak = 0.13487 (56)
mri peak = 0.06036 (79)
Right_Cerebellum_Cortex (47): linear fit = 1.41 x + 0.0 (29672 voxels, overlap=0.001)
Right_Cerebellum_Cortex (47): linear fit = 1.41 x + 0.0 (29672 voxels, peak = 79), gca=79.2
gca peak = 0.19040 (84)
mri peak = 0.07955 (88)
Left_Cerebellum_White_Matter (7): linear fit = 1.07 x + 0.0 (12223 voxels, overlap=0.656)
Left_Cerebellum_White_Matter (7): linear fit = 1.07 x + 0.0 (12223 voxels, peak = 89), gca=89.5
gca peak = 0.18871 (83)
mri peak = 0.06788 (92)
Right_Cerebellum_White_Matter (46): linear fit = 1.10 x + 0.0 (10263 voxels, overlap=0.834)
Right_Cerebellum_White_Matter (46): linear fit = 1.10 x + 0.0 (10263 voxels, peak = 91), gca=90.9
gca peak = 0.24248 (57)
mri peak = 0.08119 (82)
Left_Amygdala (18): linear fit = 1.38 x + 0.0 (527 voxels, overlap=0.069)
Left_Amygdala (18): linear fit = 1.38 x + 0.0 (527 voxels, peak = 78), gca=78.4
gca peak = 0.35833 (56)
mri peak = 0.09265 (75)
Right_Amygdala (54): linear fit = 1.32 x + 0.0 (734 voxels, overlap=0.068)
Right_Amygdala (54): linear fit = 1.32 x + 0.0 (734 voxels, peak = 74), gca=73.6
gca peak = 0.12897 (85)
mri peak = 0.07043 (95)
Left_Thalamus (10): linear fit = 1.13 x + 0.0 (6821 voxels, overlap=0.430)
Left_Thalamus (10): linear fit = 1.13 x + 0.0 (6821 voxels, peak = 96), gca=96.5
gca peak = 0.13127 (83)
mri peak = 0.08486 (95)
Right_Thalamus (49): linear fit = 1.13 x + 0.0 (5683 voxels, overlap=0.262)
Right_Thalamus (49): linear fit = 1.13 x + 0.0 (5683 voxels, peak = 94), gca=94.2
gca peak = 0.12974 (78)
mri peak = 0.12487 (95)
Left_Putamen (12): linear fit = 1.23 x + 0.0 (3000 voxels, overlap=0.010)
Left_Putamen (12): linear fit = 1.23 x + 0.0 (3000 voxels, peak = 96), gca=95.6
gca peak = 0.17796 (79)
mri peak = 0.10520 (92)
Right_Putamen (51): linear fit = 1.20 x + 0.0 (3154 voxels, overlap=0.013)
Right_Putamen (51): linear fit = 1.20 x + 0.0 (3154 voxels, peak = 94), gca=94.4
gca peak = 0.10999 (80)
mri peak = 0.08480 (89)
Brain_Stem (16): linear fit = 1.11 x + 0.0 (11992 voxels, overlap=0.416)
Brain_Stem (16): linear fit = 1.11 x + 0.0 (11992 voxels, peak = 88), gca=88.4
gca peak = 0.13215 (88)
mri peak = 0.07767 (99)
Right_VentralDC (60): linear fit = 1.12 x + 0.0 (1527 voxels, overlap=0.263)
Right_VentralDC (60): linear fit = 1.12 x + 0.0 (1527 voxels, peak = 98), gca=98.1
gca peak = 0.11941 (89)
mri peak = 0.07665 (101)
Left_VentralDC (28): linear fit = 1.12 x + 0.0 (1438 voxels, overlap=0.165)
Left_VentralDC (28): linear fit = 1.12 x + 0.0 (1438 voxels, peak = 100), gca=100.1
gca peak = 0.20775 (25)
mri peak = 0.18495 (30)
gca peak = 0.13297 (21)
mri peak = 0.10920 (26)
Fourth_Ventricle (15): linear fit = 1.59 x + 0.0 (465 voxels, overlap=0.317)
Fourth_Ventricle (15): linear fit = 1.59 x + 0.0 (465 voxels, peak = 33), gca=33.3
gca peak Unknown = 0.94777 ( 0)
gca peak Left_Inf_Lat_Vent = 0.19087 (28)
gca peak Third_Ventricle = 0.20775 (25)
gca peak Fourth_Ventricle = 0.13297 (21)
gca peak CSF = 0.16821 (33)
gca peak Left_Accumbens_area = 0.32850 (63)
gca peak Left_undetermined = 0.98480 (28)
gca peak Left_vessel = 0.40887 (53)
gca peak Left_choroid_plexus = 0.10898 (46)
gca peak Right_Inf_Lat_Vent = 0.17798 (26)
gca peak Right_Accumbens_area = 0.30137 (64)
gca peak Right_vessel = 0.47828 (52)
gca peak Right_choroid_plexus = 0.11612 (45)
gca peak Fifth_Ventricle = 0.59466 (35)
gca peak WM_hypointensities = 0.10053 (78)
gca peak non_WM_hypointensities = 0.07253 (60)
gca peak Optic_Chiasm = 0.25330 (73)
not using caudate to estimate GM means
estimating mean gm scale to be 1.35 x + 0.0
estimating mean wm scale to be 1.03 x + 0.0
estimating mean csf scale to be 1.47 x + 0.0
Left_Putamen too bright - rescaling by 0.990 (from 1.225) to 94.6 (was 95.6)
Right_Putamen too bright - rescaling by 1.002 (from 1.195) to 94.6 (was 94.4)
saving intensity scales to talairach.label_intensities.txt
GCAmapRenormalizeWithAlignment() took 2.6373 min
noneg pre
Starting GCAMregister()
label assignment complete, 0 changed (0.00%)
npasses = 1, nlevels = 6
#pass# 1 of 1 ************************
enabling zero nodes
setting smoothness cost coefficient to 0.008

#GCAMreg# pass 0 level1 5 level2 0 tsec 0 sigma 2
l_jacobian=1.00 l_label=1.00 l_log_likelihood=0.20 l_smoothness=0.01 
tol=5.00e-02, dt=5.00e-02, exp_k=20.0, momentum=0.90, levels=6, niter=500, lbl_dist=10.00, avgs=256, sigma=2.0,type=2, relabel=0, neg=no

blurring input image with Gaussian with sigma=2.000...
GCAMRegisterLevel(): init RMS 0.773965
#FOTS# QuadFit found better minimum quadopt=(dt=204.193,rms=0.691219) vs oldopt=(dt=92.48,rms=0.715774)
#GCMRL#   76 dt 204.193309 rms  0.691 10.691% neg 0  invalid 762 tFOTS 3.0840 tGradient 2.1480 tsec 5.5050
#FOTS# QuadFit found better minimum quadopt=(dt=274.223,rms=0.674917) vs oldopt=(dt=369.92,rms=0.676978)
#GCMRL#   77 dt 274.223306 rms  0.675  2.359% neg 0  invalid 762 tFOTS 3.5000 tGradient 2.3520 tsec 6.1290
#FOTS# QuadFit found better minimum quadopt=(dt=226.909,rms=0.66764) vs oldopt=(dt=369.92,rms=0.66999)
#GCMRL#   78 dt 226.909091 rms  0.668  1.078% neg 0  invalid 762 tFOTS 3.3750 tGradient 2.1720 tsec 5.8170
#FOTS# QuadFit found better minimum quadopt=(dt=221.952,rms=0.66324) vs oldopt=(dt=369.92,rms=0.663991)
#GCMRL#   79 dt 221.952000 rms  0.663  0.659% neg 0  invalid 762 tFOTS 3.3460 tGradient 2.3070 tsec 5.9370
#FOTS# QuadFit found better minimum quadopt=(dt=129.472,rms=0.660738) vs oldopt=(dt=92.48,rms=0.661225)
#GCMRL#   80 dt 129.472000 rms  0.661  0.377% neg 0  invalid 762 tFOTS 3.2710 tGradient 2.1510 tsec 5.6860
#FOTS# QuadFit found better minimum quadopt=(dt=1183.74,rms=0.653974) vs oldopt=(dt=1479.68,rms=0.654994)
#GCMRL#   81 dt 1183.744000 rms  0.654  1.024% neg 0  invalid 762 tFOTS 3.2540 tGradient 2.3700 tsec 5.8800
#FOTS# QuadFit found better minimum quadopt=(dt=110.976,rms=0.650584) vs oldopt=(dt=92.48,rms=0.650713)
#GCMRL#   82 dt 110.976000 rms  0.651  0.518% neg 0  invalid 762 tFOTS 3.3610 tGradient 2.0910 tsec 5.7110
#FOTS# QuadFit found better minimum quadopt=(dt=1183.74,rms=0.647348) vs oldopt=(dt=1479.68,rms=0.647367)
#GCMRL#   83 dt 1183.744000 rms  0.647  0.497% neg 0  invalid 762 tFOTS 3.9870 tGradient 2.2740 tsec 6.5990
#FOTS# QuadFit found better minimum quadopt=(dt=129.472,rms=0.64626) vs oldopt=(dt=92.48,rms=0.646395)
#GCMRL#   84 dt 129.472000 rms  0.646  0.168% neg 0  invalid 762 tFOTS 4.5270 tGradient 2.9590 tsec 7.8640
#FOTS# QuadFit found better minimum quadopt=(dt=443.904,rms=0.645306) vs oldopt=(dt=369.92,rms=0.64535)
#GCMRL#   85 dt 443.904000 rms  0.645  0.148% neg 0  invalid 762 tFOTS 4.6050 tGradient 2.8540 tsec 7.8290
#FOTS# QuadFit found better minimum quadopt=(dt=129.472,rms=0.644787) vs oldopt=(dt=92.48,rms=0.644839)
#GCMRL#   86 dt 129.472000 rms  0.645  0.080% neg 0  invalid 762 tFOTS 3.3940 tGradient 2.3660 tsec 6.0570
#FOTS# QuadFit found better minimum quadopt=(dt=517.888,rms=0.644045) vs oldopt=(dt=369.92,rms=0.644149)
#GCMRL#   87 dt 517.888000 rms  0.644  0.115% neg 0  invalid 762 tFOTS 4.0930 tGradient 2.3050 tsec 6.7190
#FOTS# QuadFit found better minimum quadopt=(dt=129.472,rms=0.64352) vs oldopt=(dt=92.48,rms=0.643573)
#GCMRL#   88 dt 129.472000 rms  0.644  0.081% neg 0  invalid 762 tFOTS 4.3360 tGradient 3.1360 tsec 7.8260
#FOTS# QuadFit found better minimum quadopt=(dt=517.888,rms=0.642893) vs oldopt=(dt=369.92,rms=0.642965)
#GCMRL#   89 dt 517.888000 rms  0.643  0.097% neg 0  invalid 762 tFOTS 3.3810 tGradient 2.2610 tsec 5.9080
#FOTS# QuadFit found better minimum quadopt=(dt=129.472,rms=0.642378) vs oldopt=(dt=92.48,rms=0.642416)
#GCMRL#   90 dt 129.472000 rms  0.642  0.080% neg 0  invalid 762 tFOTS 3.2410 tGradient 2.2280 tsec 5.7500
#FOTS# QuadFit found better minimum quadopt=(dt=517.888,rms=0.641859) vs oldopt=(dt=369.92,rms=0.641889)
#GCMRL#   91 dt 517.888000 rms  0.642  0.081% neg 0  invalid 762 tFOTS 3.3440 tGradient 2.2220 tsec 5.8610
#FOTS# QuadFit found better minimum quadopt=(dt=129.472,rms=0.641317) vs oldopt=(dt=92.48,rms=0.641351)
#GCMRL#   92 dt 129.472000 rms  0.641  0.084% neg 0  invalid 762 tFOTS 3.3290 tGradient 2.1950 tsec 5.7800
#FOTS# QuadFit found better minimum quadopt=(dt=443.904,rms=0.640898) vs oldopt=(dt=369.92,rms=0.640905)
#GCMRL#   93 dt 443.904000 rms  0.641  0.065% neg 0  invalid 762 tFOTS 3.4240 tGradient 2.2900 tsec 5.9770
#FOTS# QuadFit found better minimum quadopt=(dt=129.472,rms=0.640421) vs oldopt=(dt=92.48,rms=0.640462)
#GCMRL#   94 dt 129.472000 rms  0.640  0.074% neg 0  invalid 762 tFOTS 3.2610 tGradient 2.2940 tsec 5.8170
#FOTS# QuadFit found better minimum quadopt=(dt=517.888,rms=0.639977) vs oldopt=(dt=369.92,rms=0.64)
#GCMRL#   95 dt 517.888000 rms  0.640  0.069% neg 0  invalid 762 tFOTS 3.4880 tGradient 2.2640 tsec 6.0430
#FOTS# QuadFit found better minimum quadopt=(dt=129.472,rms=0.639492) vs oldopt=(dt=92.48,rms=0.639519)
#GCMRL#   96 dt 129.472000 rms  0.639  0.076% neg 0  invalid 762 tFOTS 3.8000 tGradient 2.3440 tsec 6.4830
#FOTS# QuadFit found better minimum quadopt=(dt=443.904,rms=0.639108) vs oldopt=(dt=369.92,rms=0.63911)
#GCMRL#   97 dt 443.904000 rms  0.639  0.060% neg 0  invalid 762 tFOTS 4.6170 tGradient 2.4930 tsec 7.4550
#FOTS# QuadFit found better minimum quadopt=(dt=129.472,rms=0.638671) vs oldopt=(dt=92.48,rms=0.6387)
#GCMRL#   98 dt 129.472000 rms  0.639  0.068% neg 0  invalid 762 tFOTS 3.7090 tGradient 2.5630 tsec 6.5650
#FOTS# QuadFit found better minimum quadopt=(dt=443.904,rms=0.638324) vs oldopt=(dt=369.92,rms=0.638338)
#GCMRL#   99 dt 443.904000 rms  0.638  0.054% neg 0  invalid 762 tFOTS 3.4450 tGradient 2.3580 tsec 6.0720
#FOTS# QuadFit found better minimum quadopt=(dt=129.472,rms=0.637968) vs oldopt=(dt=92.48,rms=0.638004)
#GCMRL#  100 dt 129.472000 rms  0.638  0.056% neg 0  invalid 762 tFOTS 3.4950 tGradient 2.2410 tsec 5.9920
#FOTS# QuadFit found better minimum quadopt=(dt=443.904,rms=0.637563) vs oldopt=(dt=369.92,rms=0.637574)
#GCMRL#  101 dt 443.904000 rms  0.638  0.063% neg 0  invalid 762 tFOTS 3.2870 tGradient 2.1500 tsec 5.7400
#FOTS# QuadFit found better minimum quadopt=(dt=110.976,rms=0.637294) vs oldopt=(dt=92.48,rms=0.637301)
#GCMRL#  102 dt 110.976000 rms  0.637  0.000% neg 0  invalid 762 tFOTS 3.0690 tGradient 2.0960 tsec 5.4340
#GCMRL#  103 dt 110.976000 rms  0.637  0.022% neg 0  invalid 762 tFOTS 0.0000 tGradient 2.2220 tsec 2.4550
#GCMRL#  104 dt 110.976000 rms  0.637  0.038% neg 0  invalid 762 tFOTS 0.0000 tGradient 2.2710 tsec 2.5050
#GCMRL#  105 dt 110.976000 rms  0.637  0.050% neg 0  invalid 762 tFOTS 0.0000 tGradient 2.1190 tsec 2.3530
#GCMRL#  106 dt 110.976000 rms  0.636  0.071% neg 0  invalid 762 tFOTS 0.0000 tGradient 2.1960 tsec 2.4340
#GCMRL#  107 dt 110.976000 rms  0.636  0.077% neg 0  invalid 762 tFOTS 0.0000 tGradient 2.1550 tsec 2.3970
#GCMRL#  108 dt 110.976000 rms  0.635  0.088% neg 0  invalid 762 tFOTS 0.0000 tGradient 2.2150 tsec 2.4540
#GCMRL#  109 dt 110.976000 rms  0.635  0.092% neg 0  invalid 762 tFOTS 0.0000 tGradient 2.1070 tsec 2.3460
#GCMRL#  110 dt 110.976000 rms  0.634  0.096% neg 0  invalid 762 tFOTS 0.0000 tGradient 2.1910 tsec 2.4220
#GCMRL#  111 dt 110.976000 rms  0.633  0.090% neg 0  invalid 762 tFOTS 0.0000 tGradient 2.1150 tsec 2.3490
#GCMRL#  112 dt 110.976000 rms  0.633  0.089% neg 0  invalid 762 tFOTS 0.0000 tGradient 2.1320 tsec 2.3660
#GCMRL#  113 dt 110.976000 rms  0.632  0.090% neg 0  invalid 762 tFOTS 0.0000 tGradient 2.0990 tsec 2.3390
#GCMRL#  114 dt 110.976000 rms  0.632  0.089% neg 0  invalid 762 tFOTS 0.0000 tGradient 2.1580 tsec 2.4050
#GCMRL#  115 dt 110.976000 rms  0.631  0.090% neg 0  invalid 762 tFOTS 0.0000 tGradient 2.1060 tsec 2.3370
#GCMRL#  116 dt 110.976000 rms  0.631  0.085% neg 0  invalid 762 tFOTS 0.0000 tGradient 2.0820 tsec 2.3080
#GCMRL#  117 dt 110.976000 rms  0.630  0.087% neg 0  invalid 762 tFOTS 0.0000 tGradient 2.0750 tsec 2.3040
#GCMRL#  118 dt 110.976000 rms  0.629  0.089% neg 0  invalid 762 tFOTS 0.0000 tGradient 2.0150 tsec 2.2450
#GCMRL#  119 dt 110.976000 rms  0.629  0.087% neg 0  invalid 762 tFOTS 0.0000 tGradient 2.0660 tsec 2.2960
#GCMRL#  120 dt 110.976000 rms  0.628  0.086% neg 0  invalid 762 tFOTS 0.0000 tGradient 2.0910 tsec 2.3230
#GCMRL#  121 dt 110.976000 rms  0.628  0.086% neg 0  invalid 762 tFOTS 0.0000 tGradient 2.5220 tsec 2.8090
#GCMRL#  122 dt 110.976000 rms  0.627  0.086% neg 0  invalid 762 tFOTS 0.0000 tGradient 2.0980 tsec 2.3470
#GCMRL#  123 dt 110.976000 rms  0.627  0.088% neg 0  invalid 762 tFOTS 0.0000 tGradient 2.2120 tsec 2.4630
#GCMRL#  124 dt 110.976000 rms  0.626  0.079% neg 0  invalid 762 tFOTS 0.0000 tGradient 2.1350 tsec 2.3820
#GCMRL#  125 dt 110.976000 rms  0.626  0.071% neg 0  invalid 762 tFOTS 0.0000 tGradient 2.1840 tsec 2.4280
#GCMRL#  126 dt 110.976000 rms  0.625  0.072% neg 0  invalid 762 tFOTS 0.0000 tGradient 2.1470 tsec 2.3930
#GCMRL#  127 dt 110.976000 rms  0.625  0.072% neg 0  invalid 762 tFOTS 0.0000 tGradient 2.1270 tsec 2.4000
#GCMRL#  128 dt 110.976000 rms  0.624  0.077% neg 0  invalid 762 tFOTS 0.0000 tGradient 2.1280 tsec 2.3870
#GCMRL#  129 dt 110.976000 rms  0.624  0.073% neg 0  invalid 762 tFOTS 0.0000 tGradient 2.1910 tsec 2.4350
#GCMRL#  130 dt 110.976000 rms  0.623  0.070% neg 0  invalid 762 tFOTS 0.0000 tGradient 2.1590 tsec 2.3930
#GCMRL#  131 dt 110.976000 rms  0.623  0.064% neg 0  invalid 762 tFOTS 0.0000 tGradient 2.1600 tsec 2.3970
#GCMRL#  132 dt 110.976000 rms  0.623  0.061% neg 0  invalid 762 tFOTS 0.0000 tGradient 2.1210 tsec 2.3610
#GCMRL#  133 dt 110.976000 rms  0.622  0.066% neg 0  invalid 762 tFOTS 0.0000 tGradient 2.0650 tsec 2.3100
#GCMRL#  134 dt 110.976000 rms  0.622  0.066% neg 0  invalid 762 tFOTS 0.0000 tGradient 2.2150 tsec 2.4630
#GCMRL#  135 dt 110.976000 rms  0.622  0.057% neg 0  invalid 762 tFOTS 0.0000 tGradient 2.0890 tsec 2.3430
#GCMRL#  136 dt 110.976000 rms  0.621  0.056% neg 0  invalid 762 tFOTS 0.0000 tGradient 2.1080 tsec 2.3470
#GCMRL#  137 dt 110.976000 rms  0.621  0.060% neg 0  invalid 762 tFOTS 0.0000 tGradient 2.1170 tsec 2.3510
#GCMRL#  138 dt 110.976000 rms  0.620  0.059% neg 0  invalid 762 tFOTS 0.0000 tGradient 2.1700 tsec 2.4210
#GCMRL#  139 dt 110.976000 rms  0.620  0.052% neg 0  invalid 762 tFOTS 0.0000 tGradient 2.1010 tsec 2.3380
#GCMRL#  140 dt 110.976000 rms  0.620  0.048% neg 0  invalid 762 tFOTS 0.0000 tGradient 2.1350 tsec 2.3750
#GCMRL#  141 dt 110.976000 rms  0.620  0.040% neg 0  invalid 762 tFOTS 0.0000 tGradient 2.0730 tsec 2.3020
#GCMRL#  142 dt 110.976000 rms  0.619  0.040% neg 0  invalid 762 tFOTS 0.0000 tGradient 2.0700 tsec 2.3070
#GCMRL#  143 dt 110.976000 rms  0.619  0.043% neg 0  invalid 762 tFOTS 0.0000 tGradient 2.0900 tsec 2.3280
#GCMRL#  144 dt 110.976000 rms  0.619  0.043% neg 0  invalid 762 tFOTS 0.0000 tGradient 2.1880 tsec 2.4220
#GCMRL#  145 dt 110.976000 rms  0.619  0.036% neg 0  invalid 762 tFOTS 0.0000 tGradient 2.1130 tsec 2.3540
#GCMRL#  146 dt 110.976000 rms  0.618  0.033% neg 0  invalid 762 tFOTS 0.0000 tGradient 2.0650 tsec 2.3030
#GCMRL#  147 dt 110.976000 rms  0.618  0.032% neg 0  invalid 762 tFOTS 0.0000 tGradient 2.1030 tsec 2.3390
#GCMRL#  148 dt 110.976000 rms  0.618  0.031% neg 0  invalid 762 tFOTS 0.0000 tGradient 2.0570 tsec 2.2950
#GCMRL#  149 dt 110.976000 rms  0.618  0.036% neg 0  invalid 762 tFOTS 0.0000 tGradient 2.1440 tsec 2.4230
#GCMRL#  150 dt 110.976000 rms  0.618  0.037% neg 0  invalid 762 tFOTS 0.0000 tGradient 2.5620 tsec 2.8540
#GCMRL#  151 dt 110.976000 rms  0.617  0.036% neg 0  invalid 762 tFOTS 0.0000 tGradient 2.4710 tsec 2.7420
#GCMRL#  152 dt 110.976000 rms  0.617  0.036% neg 0  invalid 762 tFOTS 0.0000 tGradient 2.0470 tsec 2.2830
#GCMRL#  153 dt 110.976000 rms  0.617  0.032% neg 0  invalid 762 tFOTS 0.0000 tGradient 2.0530 tsec 2.2910
#GCMRL#  154 dt 110.976000 rms  0.617  0.026% neg 0  invalid 762 tFOTS 0.0000 tGradient 2.0990 tsec 2.3530
#GCMRL#  155 dt 110.976000 rms  0.617  0.027% neg 0  invalid 762 tFOTS 0.0000 tGradient 2.0320 tsec 2.2830
#GCMRL#  156 dt 110.976000 rms  0.616  0.032% neg 0  invalid 762 tFOTS 0.0000 tGradient 2.0290 tsec 2.2720
#GCMRL#  157 dt 110.976000 rms  0.616  0.034% neg 0  invalid 762 tFOTS 0.0000 tGradient 2.5300 tsec 2.8050
#GCMRL#  158 dt 110.976000 rms  0.616  0.028% neg 0  invalid 762 tFOTS 0.0000 tGradient 2.1550 tsec 2.3910
#GCMRL#  159 dt 110.976000 rms  0.616  0.030% neg 0  invalid 762 tFOTS 0.0000 tGradient 2.0880 tsec 2.3290
#GCMRL#  160 dt 110.976000 rms  0.616  0.030% neg 0  invalid 762 tFOTS 0.0000 tGradient 2.2680 tsec 2.5450
#GCMRL#  161 dt 110.976000 rms  0.615  0.031% neg 0  invalid 762 tFOTS 0.0000 tGradient 2.1580 tsec 2.4170
#GCMRL#  162 dt 110.976000 rms  0.615  0.030% neg 0  invalid 762 tFOTS 0.0000 tGradient 2.1430 tsec 2.3860
#GCMRL#  163 dt 110.976000 rms  0.615  0.028% neg 0  invalid 762 tFOTS 0.0000 tGradient 2.1780 tsec 2.4240
#GCMRL#  164 dt 110.976000 rms  0.615  0.027% neg 0  invalid 762 tFOTS 0.0000 tGradient 2.1250 tsec 2.3610
#GCMRL#  165 dt 110.976000 rms  0.615  0.026% neg 0  invalid 762 tFOTS 0.0000 tGradient 2.1440 tsec 2.3920
#GCMRL#  166 dt 110.976000 rms  0.615  0.029% neg 0  invalid 762 tFOTS 0.0000 tGradient 2.1060 tsec 2.3610
#GCMRL#  167 dt 110.976000 rms  0.614  0.028% neg 0  invalid 762 tFOTS 0.0000 tGradient 2.0400 tsec 2.2950
#GCMRL#  168 dt 110.976000 rms  0.614  0.029% neg 0  invalid 762 tFOTS 0.0000 tGradient 2.1600 tsec 2.4110
#GCMRL#  169 dt 110.976000 rms  0.614  0.028% neg 0  invalid 762 tFOTS 0.0000 tGradient 2.0290 tsec 2.2670
#GCMRL#  170 dt 110.976000 rms  0.614  0.031% neg 0  invalid 762 tFOTS 0.0000 tGradient 2.0860 tsec 2.3380
#GCMRL#  171 dt 110.976000 rms  0.614  0.025% neg 0  invalid 762 tFOTS 0.0000 tGradient 2.0240 tsec 2.2730
#GCMRL#  172 dt 110.976000 rms  0.614  0.023% neg 0  invalid 762 tFOTS 0.0000 tGradient 2.0650 tsec 2.3060
#GCMRL#  173 dt 110.976000 rms  0.613  0.021% neg 0  invalid 762 tFOTS 0.0000 tGradient 2.0380 tsec 2.3030
#FOTS# QuadFit found better minimum quadopt=(dt=1183.74,rms=0.613175) vs oldopt=(dt=1479.68,rms=0.61319)
#GCMRL#  174 dt 1183.744000 rms  0.613  0.040% neg 0  invalid 762 tFOTS 3.9040 tGradient 2.5360 tsec 6.7510
#FOTS# QuadFit found better minimum quadopt=(dt=32.368,rms=0.613177) vs oldopt=(dt=23.12,rms=0.613179)

#GCAMreg# pass 0 level1 5 level2 1 tsec 360.315 sigma 0.5
l_jacobian=1.00 l_label=1.00 l_log_likelihood=0.20 l_smoothness=0.01 
tol=5.00e-02, dt=5.00e-02, exp_k=20.0, momentum=0.90, levels=6, niter=500, lbl_dist=10.00, avgs=256, sigma=0.5,type=2, relabel=0, neg=no

blurring input image with Gaussian with sigma=0.500...
GCAMRegisterLevel(): init RMS 0.613366
#FOTS# QuadFit found better minimum quadopt=(dt=295.936,rms=0.612329) vs oldopt=(dt=369.92,rms=0.612452)
#GCMRL#  176 dt 295.936000 rms  0.612  0.169% neg 0  invalid 762 tFOTS 4.1540 tGradient 2.8750 tsec 7.3500
#FOTS# QuadFit found better minimum quadopt=(dt=295.936,rms=0.611619) vs oldopt=(dt=369.92,rms=0.611648)
#GCMRL#  177 dt 295.936000 rms  0.612  0.116% neg 0  invalid 762 tFOTS 4.5450 tGradient 2.3500 tsec 7.2150
#GCMRL#  178 dt  92.480000 rms  0.612  0.000% neg 0  invalid 762 tFOTS 4.7510 tGradient 2.4530 tsec 7.5570
#GCMRL#  179 dt  92.480000 rms  0.612  0.006% neg 0  invalid 762 tFOTS 0.0000 tGradient 2.3690 tsec 2.6720
#GCMRL#  180 dt  92.480000 rms  0.611  0.010% neg 0  invalid 762 tFOTS 0.0000 tGradient 2.3280 tsec 2.6420
#GCMRL#  181 dt  92.480000 rms  0.611  0.022% neg 0  invalid 762 tFOTS 0.0000 tGradient 2.3220 tsec 2.6020
#GCMRL#  182 dt  92.480000 rms  0.611  0.035% neg 0  invalid 762 tFOTS 0.0000 tGradient 2.3790 tsec 2.7000
#GCMRL#  183 dt  92.480000 rms  0.611  0.038% neg 0  invalid 762 tFOTS 0.0000 tGradient 2.3100 tsec 2.6310
#GCMRL#  184 dt  92.480000 rms  0.611  0.036% neg 0  invalid 762 tFOTS 0.0000 tGradient 2.4360 tsec 2.7550
#GCMRL#  185 dt  92.480000 rms  0.611  0.028% neg 0  invalid 762 tFOTS 0.0000 tGradient 2.3840 tsec 2.7060
#GCMRL#  186 dt  92.480000 rms  0.610  0.018% neg 0  invalid 762 tFOTS 0.0000 tGradient 2.3300 tsec 2.6490
#GCMRL#  187 dt  92.480000 rms  0.610  0.013% neg 0  invalid 762 tFOTS 0.0000 tGradient 2.3790 tsec 2.6830
#FOTS# QuadFit found better minimum quadopt=(dt=517.888,rms=0.610135) vs oldopt=(dt=369.92,rms=0.610171)
#GCMRL#  188 dt 517.888000 rms  0.610  0.029% neg 0  invalid 762 tFOTS 4.4350 tGradient 2.3710 tsec 7.1420
#FOTS# QuadFit found better minimum quadopt=(dt=27.744,rms=0.610128) vs oldopt=(dt=23.12,rms=0.610128)
#GCMRL#  189 dt  27.744000 rms  0.610  0.000% neg 0  invalid 762 tFOTS 4.6590 tGradient 2.3900 tsec 7.4050
#GCMRL#  190 dt  27.744000 rms  0.610  0.001% neg 0  invalid 762 tFOTS 0.0000 tGradient 2.3300 tsec 2.6410
setting smoothness cost coefficient to 0.031

#GCAMreg# pass 0 level1 4 level2 0 tsec 0 sigma 2
l_jacobian=1.00 l_label=1.00 l_log_likelihood=0.20 l_smoothness=0.03 
tol=5.00e-02, dt=5.00e-02, exp_k=20.0, momentum=0.90, levels=6, niter=500, lbl_dist=10.00, avgs=64, sigma=2.0,type=2, relabel=0, neg=no

blurring input image with Gaussian with sigma=2.000...
GCAMRegisterLevel(): init RMS 0.612462
#FOTS# QuadFit found better minimum quadopt=(dt=117.911,rms=0.609612) vs oldopt=(dt=103.68,rms=0.60964)
#GCMRL#  192 dt 117.911330 rms  0.610  0.465% neg 0  invalid 762 tFOTS 4.2990 tGradient 1.9790 tsec 6.6180
#FOTS# QuadFit found better minimum quadopt=(dt=331.776,rms=0.600118) vs oldopt=(dt=414.72,rms=0.601088)
#GCMRL#  193 dt 331.776000 rms  0.600  1.557% neg 0  invalid 762 tFOTS 3.9040 tGradient 1.9470 tsec 6.1790
#FOTS# QuadFit found better minimum quadopt=(dt=55.6522,rms=0.596133) vs oldopt=(dt=25.92,rms=0.597018)
#GCMRL#  194 dt  55.652174 rms  0.596  0.664% neg 0  invalid 762 tFOTS 3.7570 tGradient 2.1120 tsec 6.1680
#FOTS# QuadFit found better minimum quadopt=(dt=248.832,rms=0.593373) vs oldopt=(dt=414.72,rms=0.593941)
#GCMRL#  195 dt 248.832000 rms  0.593  0.463% neg 0  invalid 762 tFOTS 3.4950 tGradient 1.7940 tsec 5.5820
#FOTS# QuadFit found better minimum quadopt=(dt=138.286,rms=0.589344) vs oldopt=(dt=103.68,rms=0.589555)
#GCMRL#  196 dt 138.285714 rms  0.589  0.679% neg 0  invalid 762 tFOTS 3.7020 tGradient 1.7610 tsec 5.7560
#FOTS# QuadFit found better minimum quadopt=(dt=36.288,rms=0.588143) vs oldopt=(dt=25.92,rms=0.588377)
#GCMRL#  197 dt  36.288000 rms  0.588  0.204% neg 0  invalid 762 tFOTS 3.4720 tGradient 1.7630 tsec 5.5320
#FOTS# QuadFit found better minimum quadopt=(dt=124.416,rms=0.587237) vs oldopt=(dt=103.68,rms=0.587269)
#GCMRL#  198 dt 124.416000 rms  0.587  0.154% neg 0  invalid 762 tFOTS 3.4300 tGradient 1.7900 tsec 5.5050
#FOTS# QuadFit found better minimum quadopt=(dt=145.152,rms=0.585322) vs oldopt=(dt=103.68,rms=0.585509)
#GCMRL#  199 dt 145.152000 rms  0.585  0.326% neg 0  invalid 762 tFOTS 3.4680 tGradient 1.7810 tsec 5.5530
#FOTS# QuadFit found better minimum quadopt=(dt=69.916,rms=0.584069) vs oldopt=(dt=103.68,rms=0.58432)
#GCMRL#  200 dt  69.915966 rms  0.584  0.214% neg 0  invalid 762 tFOTS 3.4610 tGradient 1.8220 tsec 5.5690
#FOTS# QuadFit found better minimum quadopt=(dt=145.152,rms=0.582832) vs oldopt=(dt=103.68,rms=0.583059)
#GCMRL#  201 dt 145.152000 rms  0.583  0.212% neg 0  invalid 762 tFOTS 3.5220 tGradient 1.7860 tsec 5.5930
#GCMRL#  202 dt 103.680000 rms  0.582  0.204% neg 0  invalid 762 tFOTS 3.4890 tGradient 1.7940 tsec 5.5870
#FOTS# QuadFit found better minimum quadopt=(dt=62.208,rms=0.58097) vs oldopt=(dt=103.68,rms=0.581084)
#GCMRL#  203 dt  62.208000 rms  0.581  0.116% neg 0  invalid 762 tFOTS 3.4450 tGradient 1.8290 tsec 5.5650
#FOTS# QuadFit found better minimum quadopt=(dt=331.776,rms=0.578869) vs oldopt=(dt=414.72,rms=0.578902)
#GCMRL#  204 dt 331.776000 rms  0.579  0.362% neg 0  invalid 762 tFOTS 3.4470 tGradient 1.8350 tsec 5.5660
#FOTS# QuadFit found better minimum quadopt=(dt=36.288,rms=0.577802) vs oldopt=(dt=25.92,rms=0.577991)
#GCMRL#  205 dt  36.288000 rms  0.578  0.184% neg 0  invalid 762 tFOTS 3.4420 tGradient 1.9220 tsec 5.6650
#FOTS# QuadFit found better minimum quadopt=(dt=145.152,rms=0.577173) vs oldopt=(dt=103.68,rms=0.577209)
#GCMRL#  206 dt 145.152000 rms  0.577  0.109% neg 0  invalid 762 tFOTS 3.3930 tGradient 1.7540 tsec 5.4330
#FOTS# QuadFit found better minimum quadopt=(dt=81.2138,rms=0.576212) vs oldopt=(dt=103.68,rms=0.576284)
#GCMRL#  207 dt  81.213793 rms  0.576  0.166% neg 0  invalid 762 tFOTS 3.6240 tGradient 1.8340 tsec 5.7430
#FOTS# QuadFit found better minimum quadopt=(dt=62.208,rms=0.575876) vs oldopt=(dt=103.68,rms=0.575997)
#GCMRL#  208 dt  62.208000 rms  0.576  0.058% neg 0  invalid 762 tFOTS 3.4280 tGradient 1.7650 tsec 5.4660
#FOTS# QuadFit found better minimum quadopt=(dt=331.776,rms=0.574455) vs oldopt=(dt=414.72,rms=0.574478)
#GCMRL#  209 dt 331.776000 rms  0.574  0.247% neg 0  invalid 762 tFOTS 3.4240 tGradient 1.7780 tsec 5.4830
#FOTS# QuadFit found better minimum quadopt=(dt=36.288,rms=0.573613) vs oldopt=(dt=25.92,rms=0.573751)
#GCMRL#  210 dt  36.288000 rms  0.574  0.147% neg 0  invalid 762 tFOTS 3.9940 tGradient 1.6970 tsec 6.0310
#FOTS# QuadFit found better minimum quadopt=(dt=145.152,rms=0.573013) vs oldopt=(dt=103.68,rms=0.573131)
#GCMRL#  211 dt 145.152000 rms  0.573  0.105% neg 0  invalid 762 tFOTS 3.7370 tGradient 2.0080 tsec 6.0320
#FOTS# QuadFit found better minimum quadopt=(dt=82.944,rms=0.572491) vs oldopt=(dt=103.68,rms=0.572496)
#GCMRL#  212 dt  82.944000 rms  0.572  0.091% neg 0  invalid 762 tFOTS 3.4620 tGradient 1.7690 tsec 5.5070
#FOTS# QuadFit found better minimum quadopt=(dt=82.944,rms=0.572183) vs oldopt=(dt=103.68,rms=0.57222)
#GCMRL#  213 dt  82.944000 rms  0.572  0.054% neg 0  invalid 762 tFOTS 3.4440 tGradient 1.7040 tsec 5.4320
#GCMRL#  214 dt 103.680000 rms  0.572  0.085% neg 0  invalid 762 tFOTS 3.4380 tGradient 1.7200 tsec 5.4260
#FOTS# QuadFit found better minimum quadopt=(dt=36.288,rms=0.571397) vs oldopt=(dt=25.92,rms=0.571456)
#GCMRL#  215 dt  36.288000 rms  0.571  0.053% neg 0  invalid 762 tFOTS 3.5810 tGradient 1.7540 tsec 5.6110
#FOTS# QuadFit found better minimum quadopt=(dt=580.608,rms=0.569712) vs oldopt=(dt=414.72,rms=0.569987)
#GCMRL#  216 dt 580.608000 rms  0.570  0.295% neg 0  invalid 762 tFOTS 3.3330 tGradient 1.6700 tsec 5.2730
#FOTS# QuadFit found better minimum quadopt=(dt=36.288,rms=0.56878) vs oldopt=(dt=25.92,rms=0.568942)
#GCMRL#  217 dt  36.288000 rms  0.569  0.164% neg 0  invalid 762 tFOTS 3.1620 tGradient 1.8020 tsec 5.2010
#FOTS# QuadFit found better minimum quadopt=(dt=145.152,rms=0.568208) vs oldopt=(dt=103.68,rms=0.568315)
#GCMRL#  218 dt 145.152000 rms  0.568  0.101% neg 0  invalid 762 tFOTS 3.0040 tGradient 1.5700 tsec 4.8250
#FOTS# QuadFit found better minimum quadopt=(dt=36.288,rms=0.568049) vs oldopt=(dt=25.92,rms=0.568085)
#GCMRL#  219 dt  36.288000 rms  0.568  0.000% neg 0  invalid 762 tFOTS 3.2230 tGradient 1.6320 tsec 5.1160
#GCMRL#  220 dt  36.288000 rms  0.568  0.022% neg 0  invalid 762 tFOTS 0.0000 tGradient 1.6160 tsec 1.8430
#GCMRL#  221 dt  36.288000 rms  0.568  0.040% neg 0  invalid 762 tFOTS 0.0000 tGradient 1.6110 tsec 1.8400
#GCMRL#  222 dt  36.288000 rms  0.567  0.059% neg 0  invalid 762 tFOTS 0.0000 tGradient 1.5900 tsec 1.8180
#GCMRL#  223 dt  36.288000 rms  0.567  0.081% neg 0  invalid 762 tFOTS 0.0000 tGradient 1.6190 tsec 1.8480
#GCMRL#  224 dt  36.288000 rms  0.566  0.089% neg 0  invalid 762 tFOTS 0.0000 tGradient 1.5640 tsec 1.7900
#GCMRL#  225 dt  36.288000 rms  0.566  0.095% neg 0  invalid 762 tFOTS 0.0000 tGradient 1.6810 tsec 1.9060
#GCMRL#  226 dt  36.288000 rms  0.565  0.097% neg 0  invalid 762 tFOTS 0.0000 tGradient 1.5900 tsec 1.8180
#GCMRL#  227 dt  36.288000 rms  0.565  0.103% neg 0  invalid 762 tFOTS 0.0000 tGradient 1.6070 tsec 1.8380
#GCMRL#  228 dt  36.288000 rms  0.564  0.108% neg 0  invalid 762 tFOTS 0.0000 tGradient 1.5910 tsec 1.8190
#GCMRL#  229 dt  36.288000 rms  0.563  0.116% neg 0  invalid 762 tFOTS 0.0000 tGradient 1.6430 tsec 1.8710
#GCMRL#  230 dt  36.288000 rms  0.563  0.117% neg 0  invalid 762 tFOTS 0.0000 tGradient 1.6720 tsec 1.9010
#GCMRL#  231 dt  36.288000 rms  0.562  0.112% neg 0  invalid 762 tFOTS 0.0000 tGradient 1.6550 tsec 1.8950
#GCMRL#  232 dt  36.288000 rms  0.562  0.109% neg 0  invalid 762 tFOTS 0.0000 tGradient 1.6360 tsec 1.8740
#GCMRL#  233 dt  36.288000 rms  0.561  0.104% neg 0  invalid 762 tFOTS 0.0000 tGradient 1.7890 tsec 2.0750
#GCMRL#  234 dt  36.288000 rms  0.560  0.103% neg 0  invalid 762 tFOTS 0.0000 tGradient 1.9810 tsec 2.2930
#GCMRL#  235 dt  36.288000 rms  0.560  0.105% neg 0  invalid 762 tFOTS 0.0000 tGradient 1.9100 tsec 2.2030
#GCMRL#  236 dt  36.288000 rms  0.559  0.104% neg 0  invalid 762 tFOTS 0.0000 tGradient 1.7300 tsec 1.9720
#GCMRL#  237 dt  36.288000 rms  0.559  0.097% neg 0  invalid 762 tFOTS 0.0000 tGradient 1.5790 tsec 1.8120
#GCMRL#  238 dt  36.288000 rms  0.558  0.090% neg 0  invalid 762 tFOTS 0.0000 tGradient 1.6190 tsec 1.8510
#GCMRL#  239 dt  36.288000 rms  0.558  0.090% neg 0  invalid 762 tFOTS 0.0000 tGradient 1.6400 tsec 1.8710
#GCMRL#  240 dt  36.288000 rms  0.557  0.094% neg 0  invalid 762 tFOTS 0.0000 tGradient 1.6240 tsec 1.8940
#GCMRL#  241 dt  36.288000 rms  0.557  0.093% neg 0  invalid 762 tFOTS 0.0000 tGradient 2.0570 tsec 2.3250
#GCMRL#  242 dt  36.288000 rms  0.556  0.087% neg 0  invalid 762 tFOTS 0.0000 tGradient 1.9550 tsec 2.2110
#GCMRL#  243 dt  36.288000 rms  0.556  0.081% neg 0  invalid 762 tFOTS 0.0000 tGradient 1.6470 tsec 1.8880
#GCMRL#  244 dt  36.288000 rms  0.555  0.076% neg 0  invalid 762 tFOTS 0.0000 tGradient 1.6300 tsec 1.8620
#GCMRL#  245 dt  36.288000 rms  0.555  0.075% neg 0  invalid 762 tFOTS 0.0000 tGradient 1.7070 tsec 1.9450
#GCMRL#  246 dt  36.288000 rms  0.554  0.075% neg 0  invalid 762 tFOTS 0.0000 tGradient 1.6340 tsec 1.8730
#GCMRL#  247 dt  36.288000 rms  0.554  0.069% neg 0  invalid 762 tFOTS 0.0000 tGradient 1.6780 tsec 1.9040
#GCMRL#  248 dt  36.288000 rms  0.554  0.068% neg 0  invalid 762 tFOTS 0.0000 tGradient 1.6450 tsec 1.8700
#GCMRL#  249 dt  36.288000 rms  0.553  0.066% neg 0  invalid 762 tFOTS 0.0000 tGradient 1.6700 tsec 1.8960
#GCMRL#  250 dt  36.288000 rms  0.553  0.058% neg 0  invalid 762 tFOTS 0.0000 tGradient 1.6340 tsec 1.8600
#GCMRL#  251 dt  36.288000 rms  0.553  0.060% neg 0  invalid 762 tFOTS 0.0000 tGradient 1.6540 tsec 1.8830
#GCMRL#  252 dt  36.288000 rms  0.552  0.059% neg 0  invalid 762 tFOTS 0.0000 tGradient 1.6450 tsec 1.9050
#GCMRL#  253 dt  36.288000 rms  0.552  0.061% neg 0  invalid 762 tFOTS 0.0000 tGradient 1.6800 tsec 1.9070
#GCMRL#  254 dt  36.288000 rms  0.552  0.055% neg 0  invalid 762 tFOTS 0.0000 tGradient 1.6480 tsec 1.8850
#GCMRL#  255 dt  36.288000 rms  0.551  0.057% neg 0  invalid 762 tFOTS 0.0000 tGradient 1.6460 tsec 1.8790
#GCMRL#  256 dt  36.288000 rms  0.551  0.053% neg 0  invalid 762 tFOTS 0.0000 tGradient 1.6790 tsec 1.9100
#GCMRL#  257 dt  36.288000 rms  0.551  0.051% neg 0  invalid 762 tFOTS 0.0000 tGradient 1.6430 tsec 1.8730
#GCMRL#  258 dt  36.288000 rms  0.551  0.048% neg 0  invalid 762 tFOTS 0.0000 tGradient 1.6410 tsec 1.8760
#GCMRL#  259 dt  36.288000 rms  0.550  0.047% neg 0  invalid 762 tFOTS 0.0000 tGradient 1.6640 tsec 1.8940
#GCMRL#  260 dt  36.288000 rms  0.550  0.045% neg 0  invalid 762 tFOTS 0.0000 tGradient 1.6540 tsec 1.8900
#GCMRL#  261 dt  36.288000 rms  0.550  0.045% neg 0  invalid 762 tFOTS 0.0000 tGradient 1.6800 tsec 1.9140
#GCMRL#  262 dt  36.288000 rms  0.550  0.041% neg 0  invalid 762 tFOTS 0.0000 tGradient 1.6550 tsec 1.8860
#GCMRL#  263 dt  36.288000 rms  0.549  0.036% neg 0  invalid 762 tFOTS 0.0000 tGradient 1.6460 tsec 1.8700
#GCMRL#  264 dt  36.288000 rms  0.549  0.040% neg 0  invalid 762 tFOTS 0.0000 tGradient 1.6270 tsec 1.8600
#GCMRL#  265 dt  36.288000 rms  0.549  0.039% neg 0  invalid 762 tFOTS 0.0000 tGradient 1.6570 tsec 1.8910
#GCMRL#  266 dt  36.288000 rms  0.549  0.038% neg 0  invalid 762 tFOTS 0.0000 tGradient 1.6770 tsec 1.9070
#GCMRL#  267 dt  36.288000 rms  0.549  0.038% neg 0  invalid 762 tFOTS 0.0000 tGradient 1.6480 tsec 1.8840
#GCMRL#  268 dt  36.288000 rms  0.548  0.038% neg 0  invalid 762 tFOTS 0.0000 tGradient 1.6270 tsec 1.8690
#GCMRL#  269 dt  36.288000 rms  0.548  0.034% neg 0  invalid 762 tFOTS 0.0000 tGradient 1.6640 tsec 1.8960
#GCMRL#  270 dt  36.288000 rms  0.548  0.033% neg 0  invalid 762 tFOTS 0.0000 tGradient 1.6700 tsec 1.9040
#GCMRL#  271 dt  36.288000 rms  0.548  0.032% neg 0  invalid 762 tFOTS 0.0000 tGradient 1.6600 tsec 1.8930
#GCMRL#  272 dt  36.288000 rms  0.548  0.032% neg 0  invalid 762 tFOTS 0.0000 tGradient 1.8840 tsec 2.2070
#GCMRL#  273 dt  36.288000 rms  0.547  0.025% neg 0  invalid 762 tFOTS 0.0000 tGradient 1.8760 tsec 2.1290
#GCMRL#  274 dt  36.288000 rms  0.547  0.028% neg 0  invalid 762 tFOTS 0.0000 tGradient 1.6290 tsec 1.8600
#GCMRL#  275 dt  36.288000 rms  0.547  0.033% neg 0  invalid 762 tFOTS 0.0000 tGradient 1.7250 tsec 1.9580
#GCMRL#  276 dt  36.288000 rms  0.547  0.033% neg 0  invalid 762 tFOTS 0.0000 tGradient 1.6390 tsec 1.8660
#GCMRL#  277 dt  36.288000 rms  0.547  0.034% neg 0  invalid 762 tFOTS 0.0000 tGradient 1.7170 tsec 1.9550
#GCMRL#  278 dt  36.288000 rms  0.547  0.029% neg 0  invalid 762 tFOTS 0.0000 tGradient 1.7020 tsec 1.9440
#GCMRL#  279 dt  36.288000 rms  0.546  0.029% neg 0  invalid 762 tFOTS 0.0000 tGradient 1.6890 tsec 1.9200
#GCMRL#  280 dt  36.288000 rms  0.546  0.022% neg 0  invalid 762 tFOTS 0.0000 tGradient 1.6690 tsec 1.9090
#GCMRL#  281 dt  36.288000 rms  0.546  0.030% neg 0  invalid 762 tFOTS 0.0000 tGradient 1.7330 tsec 1.9720
#GCMRL#  282 dt  36.288000 rms  0.546  0.026% neg 0  invalid 762 tFOTS 0.0000 tGradient 1.6760 tsec 1.9170
#GCMRL#  283 dt  36.288000 rms  0.546  0.028% neg 0  invalid 762 tFOTS 0.0000 tGradient 1.6870 tsec 1.9310
#GCMRL#  284 dt  36.288000 rms  0.546  0.028% neg 0  invalid 762 tFOTS 0.0000 tGradient 1.6670 tsec 1.9070
#GCMRL#  285 dt  36.288000 rms  0.546  0.026% neg 0  invalid 762 tFOTS 0.0000 tGradient 1.7380 tsec 1.9810
#GCMRL#  286 dt  36.288000 rms  0.545  0.022% neg 0  invalid 762 tFOTS 0.0000 tGradient 1.6800 tsec 1.9230
#GCMRL#  287 dt  36.288000 rms  0.545  0.024% neg 0  invalid 762 tFOTS 0.0000 tGradient 1.6860 tsec 1.9260
#GCMRL#  288 dt  36.288000 rms  0.545  0.024% neg 0  invalid 762 tFOTS 0.0000 tGradient 1.6830 tsec 1.9400
#GCMRL#  289 dt 103.680000 rms  0.545  0.000% neg 0  invalid 762 tFOTS 3.3330 tGradient 1.7000 tsec 5.3070

#GCAMreg# pass 0 level1 4 level2 1 tsec 305.897 sigma 0.5
l_jacobian=1.00 l_label=1.00 l_log_likelihood=0.20 l_smoothness=0.03 
tol=5.00e-02, dt=5.00e-02, exp_k=20.0, momentum=0.90, levels=6, niter=500, lbl_dist=10.00, avgs=64, sigma=0.5,type=2, relabel=0, neg=no

blurring input image with Gaussian with sigma=0.500...
GCAMRegisterLevel(): init RMS 0.545374
#GCMRL#  291 dt 103.680000 rms  0.544  0.325% neg 0  invalid 762 tFOTS 3.2750 tGradient 1.6930 tsec 5.2290
#FOTS# QuadFit found better minimum quadopt=(dt=36.288,rms=0.543044) vs oldopt=(dt=25.92,rms=0.543157)
#GCMRL#  292 dt  36.288000 rms  0.543  0.103% neg 0  invalid 762 tFOTS 3.2610 tGradient 1.6690 tsec 5.1920
#FOTS# QuadFit found better minimum quadopt=(dt=331.776,rms=0.542036) vs oldopt=(dt=414.72,rms=0.542181)
#GCMRL#  293 dt 331.776000 rms  0.542  0.186% neg 0  invalid 762 tFOTS 3.3290 tGradient 1.6890 tsec 5.2790
#FOTS# QuadFit found better minimum quadopt=(dt=62.208,rms=0.541422) vs oldopt=(dt=103.68,rms=0.541563)
#GCMRL#  294 dt  62.208000 rms  0.541  0.113% neg 0  invalid 762 tFOTS 3.3100 tGradient 1.9870 tsec 5.5480
#FOTS# QuadFit found better minimum quadopt=(dt=145.152,rms=0.541205) vs oldopt=(dt=103.68,rms=0.541227)
#GCMRL#  295 dt 145.152000 rms  0.541  0.000% neg 0  invalid 762 tFOTS 3.3060 tGradient 1.7480 tsec 5.3380
setting smoothness cost coefficient to 0.118

#GCAMreg# pass 0 level1 3 level2 0 tsec 0 sigma 2
l_jacobian=1.00 l_label=1.00 l_log_likelihood=0.20 l_smoothness=0.12 
tol=5.00e-02, dt=5.00e-02, exp_k=20.0, momentum=0.90, levels=6, niter=500, lbl_dist=10.00, avgs=16, sigma=2.0,type=2, relabel=0, neg=no

blurring input image with Gaussian with sigma=2.000...
GCAMRegisterLevel(): init RMS 0.553976
#GCMRL#  297 dt  32.000000 rms  0.551  0.461% neg 0  invalid 762 tFOTS 3.3110 tGradient 1.5050 tsec 5.0770
#FOTS# QuadFit found better minimum quadopt=(dt=81.8104,rms=0.546769) vs oldopt=(dt=128,rms=0.547528)
#GCMRL#  298 dt  81.810398 rms  0.547  0.844% neg 0  invalid 762 tFOTS 3.5820 tGradient 1.4970 tsec 5.3930
#FOTS# QuadFit found better minimum quadopt=(dt=11.2,rms=0.544644) vs oldopt=(dt=8,rms=0.545127)
#GCMRL#  299 dt  11.200000 rms  0.545  0.389% neg 0  invalid 762 tFOTS 3.2310 tGradient 1.5230 tsec 5.0110
#FOTS# QuadFit found better minimum quadopt=(dt=38.4,rms=0.543022) vs oldopt=(dt=32,rms=0.543029)
#GCMRL#  300 dt  38.400000 rms  0.543  0.298% neg 0  invalid 762 tFOTS 3.1640 tGradient 1.4730 tsec 4.8960
#GCMRL#  301 dt  32.000000 rms  0.541  0.448% neg 0  invalid 762 tFOTS 3.1040 tGradient 1.5370 tsec 4.8890
#FOTS# QuadFit found better minimum quadopt=(dt=21.6,rms=0.539262) vs oldopt=(dt=32,rms=0.539565)
#GCMRL#  302 dt  21.600000 rms  0.539  0.245% neg 0  invalid 762 tFOTS 3.3080 tGradient 1.4700 tsec 5.0620
#FOTS# QuadFit found better minimum quadopt=(dt=102.4,rms=0.536845) vs oldopt=(dt=128,rms=0.536972)
#GCMRL#  303 dt 102.400000 rms  0.537  0.448% neg 0  invalid 762 tFOTS 2.9650 tGradient 1.4590 tsec 4.6750
#FOTS# QuadFit found better minimum quadopt=(dt=11.2,rms=0.534643) vs oldopt=(dt=8,rms=0.53518)
#GCMRL#  304 dt  11.200000 rms  0.535  0.410% neg 0  invalid 762 tFOTS 3.2150 tGradient 1.4820 tsec 4.9730
#FOTS# QuadFit found better minimum quadopt=(dt=11.2,rms=0.533831) vs oldopt=(dt=8,rms=0.533993)
#GCMRL#  305 dt  11.200000 rms  0.534  0.152% neg 0  invalid 762 tFOTS 3.3630 tGradient 1.4910 tsec 5.1260
#FOTS# QuadFit found better minimum quadopt=(dt=44.8,rms=0.532747) vs oldopt=(dt=32,rms=0.532941)
#GCMRL#  306 dt  44.800000 rms  0.533  0.203% neg 0  invalid 762 tFOTS 3.1420 tGradient 1.4630 tsec 4.8640
#GCMRL#  307 dt  32.000000 rms  0.532  0.201% neg 0  invalid 762 tFOTS 3.3670 tGradient 1.5130 tsec 5.1420
#FOTS# QuadFit found better minimum quadopt=(dt=19.2,rms=0.531099) vs oldopt=(dt=32,rms=0.531227)
#GCMRL#  308 dt  19.200000 rms  0.531  0.108% neg 0  invalid 762 tFOTS 3.4150 tGradient 1.5280 tsec 5.2200
#FOTS# QuadFit found better minimum quadopt=(dt=179.2,rms=0.528692) vs oldopt=(dt=128,rms=0.52892)
#GCMRL#  309 dt 179.200000 rms  0.529  0.453% neg 0  invalid 762 tFOTS 3.4090 tGradient 1.4910 tsec 5.1830
#FOTS# QuadFit found better minimum quadopt=(dt=11.2,rms=0.526995) vs oldopt=(dt=8,rms=0.527403)
#GCMRL#  310 dt  11.200000 rms  0.527  0.321% neg 0  invalid 762 tFOTS 3.6320 tGradient 1.6570 tsec 5.5630
#FOTS# QuadFit found better minimum quadopt=(dt=11.2,rms=0.526453) vs oldopt=(dt=8,rms=0.526548)
#GCMRL#  311 dt  11.200000 rms  0.526  0.103% neg 0  invalid 762 tFOTS 3.3720 tGradient 1.4100 tsec 5.1290
#FOTS# QuadFit found better minimum quadopt=(dt=44.8,rms=0.52605) vs oldopt=(dt=32,rms=0.526083)
#GCMRL#  312 dt  44.800000 rms  0.526  0.076% neg 0  invalid 762 tFOTS 3.0890 tGradient 1.6050 tsec 4.9790
#FOTS# QuadFit found better minimum quadopt=(dt=25.6,rms=0.525497) vs oldopt=(dt=32,rms=0.525512)
#GCMRL#  313 dt  25.600000 rms  0.525  0.105% neg 0  invalid 762 tFOTS 3.2290 tGradient 1.3780 tsec 4.8700
#GCMRL#  314 dt  32.000000 rms  0.525  0.068% neg 0  invalid 762 tFOTS 3.4040 tGradient 1.4320 tsec 5.0950
#GCMRL#  315 dt  32.000000 rms  0.525  0.094% neg 0  invalid 762 tFOTS 3.2150 tGradient 1.3910 tsec 4.8620
#FOTS# QuadFit found better minimum quadopt=(dt=19.2,rms=0.524319) vs oldopt=(dt=32,rms=0.524376)
#GCMRL#  316 dt  19.200000 rms  0.524  0.062% neg 0  invalid 762 tFOTS 3.2580 tGradient 1.3980 tsec 4.8940
#FOTS# QuadFit found better minimum quadopt=(dt=153.6,rms=0.523302) vs oldopt=(dt=128,rms=0.523315)
#GCMRL#  317 dt 153.600000 rms  0.523  0.194% neg 0  invalid 762 tFOTS 3.1010 tGradient 1.3670 tsec 4.7250
#FOTS# QuadFit found better minimum quadopt=(dt=11.2,rms=0.522468) vs oldopt=(dt=8,rms=0.52264)
#GCMRL#  318 dt  11.200000 rms  0.522  0.159% neg 0  invalid 762 tFOTS 3.0600 tGradient 1.5460 tsec 4.8470
#FOTS# QuadFit found better minimum quadopt=(dt=25.6,rms=0.522168) vs oldopt=(dt=32,rms=0.522205)
#GCMRL#  319 dt  25.600000 rms  0.522  0.057% neg 0  invalid 762 tFOTS 3.0620 tGradient 1.4710 tsec 4.7690
#FOTS# QuadFit found better minimum quadopt=(dt=44.8,rms=0.521712) vs oldopt=(dt=32,rms=0.521738)
#GCMRL#  320 dt  44.800000 rms  0.522  0.087% neg 0  invalid 762 tFOTS 3.1230 tGradient 1.3400 tsec 4.7070
#FOTS# QuadFit found better minimum quadopt=(dt=11.2,rms=0.521503) vs oldopt=(dt=8,rms=0.521541)
#GCMRL#  321 dt  11.200000 rms  0.522  0.000% neg 0  invalid 762 tFOTS 3.1990 tGradient 1.3730 tsec 4.8390
#GCMRL#  322 dt  11.200000 rms  0.521  0.018% neg 0  invalid 762 tFOTS 0.0000 tGradient 1.4890 tsec 1.7640
#GCMRL#  323 dt  11.200000 rms  0.521  0.030% neg 0  invalid 762 tFOTS 0.0000 tGradient 1.5770 tsec 1.8570
#GCMRL#  324 dt  11.200000 rms  0.521  0.046% neg 0  invalid 762 tFOTS 0.0000 tGradient 1.5820 tsec 1.8300
#GCMRL#  325 dt  11.200000 rms  0.521  0.065% neg 0  invalid 762 tFOTS 0.0000 tGradient 1.4030 tsec 1.6490
#GCMRL#  326 dt  11.200000 rms  0.520  0.075% neg 0  invalid 762 tFOTS 0.0000 tGradient 1.4250 tsec 1.7060
#GCMRL#  327 dt  11.200000 rms  0.520  0.084% neg 0  invalid 762 tFOTS 0.0000 tGradient 1.6210 tsec 1.9030
#GCMRL#  328 dt  11.200000 rms  0.519  0.088% neg 0  invalid 762 tFOTS 0.0000 tGradient 1.8420 tsec 2.1360
#GCMRL#  329 dt  11.200000 rms  0.519  0.091% neg 0  invalid 762 tFOTS 0.0000 tGradient 1.9550 tsec 2.3000
#GCMRL#  330 dt  11.200000 rms  0.518  0.095% neg 0  invalid 762 tFOTS 0.0000 tGradient 1.9430 tsec 2.2960
#GCMRL#  331 dt  11.200000 rms  0.518  0.093% neg 0  invalid 762 tFOTS 0.0000 tGradient 2.1520 tsec 2.5730
#GCMRL#  332 dt  11.200000 rms  0.517  0.104% neg 0  invalid 762 tFOTS 0.0000 tGradient 2.1410 tsec 2.5210
#GCMRL#  333 dt  11.200000 rms  0.517  0.097% neg 0  invalid 762 tFOTS 0.0000 tGradient 1.9390 tsec 2.2690
#GCMRL#  334 dt  11.200000 rms  0.516  0.099% neg 0  invalid 762 tFOTS 0.0000 tGradient 1.8790 tsec 2.2050
#GCMRL#  335 dt  11.200000 rms  0.516  0.093% neg 0  invalid 762 tFOTS 0.0000 tGradient 1.9720 tsec 2.2790
#GCMRL#  336 dt  11.200000 rms  0.515  0.091% neg 0  invalid 762 tFOTS 0.0000 tGradient 1.6240 tsec 1.9310
#GCMRL#  337 dt  11.200000 rms  0.515  0.086% neg 0  invalid 762 tFOTS 0.0000 tGradient 1.7590 tsec 2.0670
#GCMRL#  338 dt  11.200000 rms  0.515  0.086% neg 0  invalid 762 tFOTS 0.0000 tGradient 1.6470 tsec 1.9520
#GCMRL#  339 dt  11.200000 rms  0.514  0.081% neg 0  invalid 762 tFOTS 0.0000 tGradient 1.6620 tsec 1.9680
#GCMRL#  340 dt  11.200000 rms  0.514  0.076% neg 0  invalid 762 tFOTS 0.0000 tGradient 1.6280 tsec 1.9380
#GCMRL#  341 dt  11.200000 rms  0.513  0.074% neg 0  invalid 762 tFOTS 0.0000 tGradient 1.6830 tsec 1.9910
#GCMRL#  342 dt  11.200000 rms  0.513  0.069% neg 0  invalid 762 tFOTS 0.0000 tGradient 1.6400 tsec 1.9480
#GCMRL#  343 dt  11.200000 rms  0.513  0.062% neg 0  invalid 762 tFOTS 0.0000 tGradient 1.6520 tsec 1.9600
#GCMRL#  344 dt  11.200000 rms  0.512  0.060% neg 0  invalid 762 tFOTS 0.0000 tGradient 1.6260 tsec 1.9330
#GCMRL#  345 dt  11.200000 rms  0.512  0.058% neg 0  invalid 762 tFOTS 0.0000 tGradient 1.6230 tsec 1.9200
#GCMRL#  346 dt  11.200000 rms  0.512  0.052% neg 0  invalid 762 tFOTS 0.0000 tGradient 1.5920 tsec 1.8850
#GCMRL#  347 dt  11.200000 rms  0.512  0.055% neg 0  invalid 762 tFOTS 0.0000 tGradient 1.5990 tsec 1.8860
#GCMRL#  348 dt  11.200000 rms  0.511  0.048% neg 0  invalid 762 tFOTS 0.0000 tGradient 1.6230 tsec 1.9190
#GCMRL#  349 dt  11.200000 rms  0.511  0.050% neg 0  invalid 762 tFOTS 0.0000 tGradient 1.7090 tsec 2.0020
#GCMRL#  350 dt  11.200000 rms  0.511  0.048% neg 0  invalid 762 tFOTS 0.0000 tGradient 1.5710 tsec 1.8690
#GCMRL#  351 dt  11.200000 rms  0.511  0.044% neg 0  invalid 762 tFOTS 0.0000 tGradient 1.5970 tsec 1.8930
#GCMRL#  352 dt  11.200000 rms  0.510  0.043% neg 0  invalid 762 tFOTS 0.0000 tGradient 1.5990 tsec 1.8910
#GCMRL#  353 dt  11.200000 rms  0.510  0.040% neg 0  invalid 762 tFOTS 0.0000 tGradient 1.7200 tsec 2.0150
#GCMRL#  354 dt  11.200000 rms  0.510  0.037% neg 0  invalid 762 tFOTS 0.0000 tGradient 1.5930 tsec 1.8890
#GCMRL#  355 dt  11.200000 rms  0.510  0.036% neg 0  invalid 762 tFOTS 0.0000 tGradient 1.5950 tsec 1.8880
#GCMRL#  356 dt  11.200000 rms  0.510  0.040% neg 0  invalid 762 tFOTS 0.0000 tGradient 1.6100 tsec 1.9020
#GCMRL#  357 dt  11.200000 rms  0.509  0.036% neg 0  invalid 762 tFOTS 0.0000 tGradient 1.5970 tsec 1.8880
#GCMRL#  358 dt  11.200000 rms  0.509  0.030% neg 0  invalid 762 tFOTS 0.0000 tGradient 1.7400 tsec 2.0530
#GCMRL#  359 dt  11.200000 rms  0.509  0.029% neg 0  invalid 762 tFOTS 0.0000 tGradient 1.7850 tsec 2.1010
#GCMRL#  360 dt  11.200000 rms  0.509  0.026% neg 0  invalid 762 tFOTS 0.0000 tGradient 1.6030 tsec 1.8890
#GCMRL#  361 dt  11.200000 rms  0.509  0.027% neg 0  invalid 762 tFOTS 0.0000 tGradient 1.6110 tsec 1.9010
#GCMRL#  362 dt  11.200000 rms  0.509  0.026% neg 0  invalid 762 tFOTS 0.0000 tGradient 1.5720 tsec 1.8570
#GCMRL#  363 dt  11.200000 rms  0.509  0.027% neg 0  invalid 762 tFOTS 0.0000 tGradient 1.6140 tsec 1.8960
#GCMRL#  364 dt  11.200000 rms  0.508  0.025% neg 0  invalid 762 tFOTS 0.0000 tGradient 1.3640 tsec 1.5910
#GCMRL#  365 dt  11.200000 rms  0.508  0.024% neg 0  invalid 762 tFOTS 0.0000 tGradient 1.3610 tsec 1.5800
#GCMRL#  366 dt  11.200000 rms  0.508  0.022% neg 0  invalid 762 tFOTS 0.0000 tGradient 1.3400 tsec 1.5900
#FOTS# QuadFit found better minimum quadopt=(dt=76.8,rms=0.508109) vs oldopt=(dt=128,rms=0.508127)
#GCMRL#  367 dt  76.800000 rms  0.508  0.000% neg 0  invalid 762 tFOTS 2.9340 tGradient 1.3980 tsec 4.5990

#GCAMreg# pass 0 level1 3 level2 1 tsec 227.282 sigma 0.5
l_jacobian=1.00 l_label=1.00 l_log_likelihood=0.20 l_smoothness=0.12 
tol=5.00e-02, dt=5.00e-02, exp_k=20.0, momentum=0.90, levels=6, niter=500, lbl_dist=10.00, avgs=16, sigma=0.5,type=2, relabel=0, neg=no

blurring input image with Gaussian with sigma=0.500...
GCAMRegisterLevel(): init RMS 0.508285
#FOTS# QuadFit found better minimum quadopt=(dt=44.8,rms=0.50595) vs oldopt=(dt=32,rms=0.506239)
#GCMRL#  369 dt  44.800000 rms  0.506  0.459% neg 0  invalid 762 tFOTS 3.0910 tGradient 1.3280 tsec 4.6770
#GCMRL#  370 dt  32.000000 rms  0.506  0.073% neg 0  invalid 762 tFOTS 2.9750 tGradient 1.3770 tsec 4.5960
#FOTS# QuadFit found better minimum quadopt=(dt=44.8,rms=0.505231) vs oldopt=(dt=32,rms=0.50525)
#GCMRL#  371 dt  44.800000 rms  0.505  0.069% neg 0  invalid 762 tFOTS 2.9490 tGradient 1.3560 tsec 4.5760
#FOTS# QuadFit found better minimum quadopt=(dt=25.6,rms=0.504975) vs oldopt=(dt=32,rms=0.504999)
#GCMRL#  372 dt  25.600000 rms  0.505  0.051% neg 0  invalid 762 tFOTS 3.6310 tGradient 1.5670 tsec 5.4800
#FOTS# QuadFit found better minimum quadopt=(dt=44.8,rms=0.504796) vs oldopt=(dt=32,rms=0.504816)
#GCMRL#  373 dt  44.800000 rms  0.505  0.000% neg 0  invalid 762 tFOTS 3.7850 tGradient 1.8240 tsec 5.9070
#GCMRL#  374 dt  44.800000 rms  0.505  0.024% neg 0  invalid 762 tFOTS 0.0000 tGradient 1.4530 tsec 1.6890
#GCMRL#  375 dt  44.800000 rms  0.504  0.078% neg 0  invalid 762 tFOTS 0.0000 tGradient 1.4730 tsec 1.7030
#GCMRL#  376 dt  44.800000 rms  0.504  0.048% neg 0  invalid 762 tFOTS 0.0000 tGradient 1.4220 tsec 1.6550
#GCMRL#  377 dt  44.800000 rms  0.504  0.071% neg 0  invalid 762 tFOTS 0.0000 tGradient 1.3840 tsec 1.6190
#GCMRL#  378 dt  44.800000 rms  0.503  0.058% neg 0  invalid 762 tFOTS 0.0000 tGradient 1.4890 tsec 1.7320
#GCMRL#  379 dt  44.800000 rms  0.503  0.040% neg 0  invalid 762 tFOTS 0.0000 tGradient 1.5310 tsec 1.7770
#GCMRL#  380 dt  44.800000 rms  0.503  0.040% neg 0  invalid 762 tFOTS 0.0000 tGradient 1.4970 tsec 1.7470
#GCMRL#  381 dt  44.800000 rms  0.503  0.078% neg 0  invalid 762 tFOTS 0.0000 tGradient 1.5170 tsec 1.7620
#GCMRL#  382 dt  44.800000 rms  0.502  0.053% neg 0  invalid 762 tFOTS 0.0000 tGradient 1.4220 tsec 1.6680
#GCMRL#  383 dt  44.800000 rms  0.502  0.075% neg 0  invalid 762 tFOTS 0.0000 tGradient 1.4980 tsec 1.7380
#GCMRL#  384 dt  44.800000 rms  0.502  0.059% neg 0  invalid 762 tFOTS 0.0000 tGradient 1.3880 tsec 1.6270
#GCMRL#  385 dt  44.800000 rms  0.501  0.080% neg 0  invalid 762 tFOTS 0.0000 tGradient 1.4390 tsec 1.6790
#GCMRL#  386 dt  44.800000 rms  0.501  0.080% neg 0  invalid 762 tFOTS 0.0000 tGradient 1.4220 tsec 1.6690
#GCMRL#  387 dt  44.800000 rms  0.501  0.052% neg 0  invalid 762 tFOTS 0.0000 tGradient 1.4500 tsec 1.7090
#GCMRL#  388 dt  44.800000 rms  0.500  0.061% neg 0  invalid 762 tFOTS 0.0000 tGradient 1.4100 tsec 1.6520
#GCMRL#  389 dt  44.800000 rms  0.500  0.059% neg 0  invalid 762 tFOTS 0.0000 tGradient 1.4280 tsec 1.6730
#GCMRL#  390 dt  44.800000 rms  0.500  0.051% neg 0  invalid 762 tFOTS 0.0000 tGradient 1.4840 tsec 1.7330
#GCMRL#  391 dt  44.800000 rms  0.499  0.058% neg 0  invalid 762 tFOTS 0.0000 tGradient 1.4160 tsec 1.6670
#GCMRL#  392 dt  44.800000 rms  0.499  0.034% neg 0  invalid 762 tFOTS 0.0000 tGradient 1.4340 tsec 1.6780
#GCMRL#  393 dt  44.800000 rms  0.499  0.048% neg 0  invalid 762 tFOTS 0.0000 tGradient 1.5150 tsec 1.7730
#GCMRL#  394 dt  44.800000 rms  0.499  0.059% neg 0  invalid 762 tFOTS 0.0000 tGradient 1.4230 tsec 1.6670
#GCMRL#  395 dt  44.800000 rms  0.498  0.050% neg 0  invalid 762 tFOTS 0.0000 tGradient 1.5060 tsec 1.7510
#GCMRL#  396 dt  44.800000 rms  0.498  0.047% neg 0  invalid 762 tFOTS 0.0000 tGradient 1.4240 tsec 1.6690
#GCMRL#  397 dt  44.800000 rms  0.498  0.061% neg 0  invalid 762 tFOTS 0.0000 tGradient 1.4370 tsec 1.6890
#GCMRL#  398 dt  44.800000 rms  0.498  0.036% neg 0  invalid 762 tFOTS 0.0000 tGradient 1.4350 tsec 1.6940
#GCMRL#  399 dt  44.800000 rms  0.498  0.048% neg 0  invalid 762 tFOTS 0.0000 tGradient 1.4360 tsec 1.6780
#GCMRL#  400 dt  44.800000 rms  0.497  0.038% neg 0  invalid 762 tFOTS 0.0000 tGradient 1.4230 tsec 1.6710
#GCMRL#  401 dt  44.800000 rms  0.497  0.032% neg 0  invalid 762 tFOTS 0.0000 tGradient 1.4220 tsec 1.6650
#GCMRL#  402 dt  44.800000 rms  0.497  0.058% neg 0  invalid 762 tFOTS 0.0000 tGradient 1.3790 tsec 1.6220
#GCMRL#  403 dt  44.800000 rms  0.497  0.015% neg 0  invalid 762 tFOTS 0.0000 tGradient 1.4110 tsec 1.6610
#GCMRL#  404 dt  44.800000 rms  0.497  0.016% neg 0  invalid 762 tFOTS 0.0000 tGradient 1.3990 tsec 1.6450
#GCMRL#  405 dt  44.800000 rms  0.497  0.052% neg 0  invalid 762 tFOTS 0.0000 tGradient 1.4100 tsec 1.6560
#GCMRL#  406 dt  44.800000 rms  0.496  0.027% neg 0  invalid 762 tFOTS 0.0000 tGradient 1.3970 tsec 1.6460
#GCMRL#  407 dt  44.800000 rms  0.496  0.026% neg 0  invalid 762 tFOTS 0.0000 tGradient 1.4160 tsec 1.6660
#GCMRL#  408 dt  44.800000 rms  0.496  0.025% neg 0  invalid 762 tFOTS 0.0000 tGradient 1.4480 tsec 1.7160
#GCMRL#  409 dt  44.800000 rms  0.496  0.030% neg 0  invalid 762 tFOTS 0.0000 tGradient 1.5840 tsec 1.8860
#GCMRL#  410 dt  44.800000 rms  0.496  0.008% neg 0  invalid 762 tFOTS 0.0000 tGradient 1.6140 tsec 1.9250
#GCMRL#  411 dt  44.800000 rms  0.496  0.041% neg 0  invalid 762 tFOTS 0.0000 tGradient 1.6500 tsec 1.9300
#GCMRL#  412 dt  44.800000 rms  0.496  0.011% neg 0  invalid 762 tFOTS 0.0000 tGradient 1.6980 tsec 2.0070
#GCMRL#  413 dt  44.800000 rms  0.496  0.016% neg 0  invalid 762 tFOTS 0.0000 tGradient 1.6300 tsec 1.9390
#GCMRL#  414 dt  44.800000 rms  0.495  0.027% neg 0  invalid 762 tFOTS 0.0000 tGradient 1.7380 tsec 2.0060
#GCMRL#  415 dt  44.800000 rms  0.495  0.026% neg 0  invalid 762 tFOTS 0.0000 tGradient 1.4830 tsec 1.7360
#GCMRL#  416 dt  44.800000 rms  0.495 -0.008% neg 0  invalid 762 tFOTS 0.0000 tGradient 1.4870 tsec 1.9540
#FOTS# QuadFit found better minimum quadopt=(dt=11.2,rms=0.495286) vs oldopt=(dt=8,rms=0.49529)
#GCMRL#  417 dt  11.200000 rms  0.495  0.008% neg 0  invalid 762 tFOTS 3.5510 tGradient 1.5000 tsec 5.3460
#FOTS# QuadFit found better minimum quadopt=(dt=11.2,rms=0.495248) vs oldopt=(dt=8,rms=0.495249)
#GCMRL#  418 dt  11.200000 rms  0.495  0.008% neg 0  invalid 762 tFOTS 3.6740 tGradient 1.4740 tsec 5.4370
#FOTS# QuadFit found better minimum quadopt=(dt=11.2,rms=0.495243) vs oldopt=(dt=8,rms=0.495244)
setting smoothness cost coefficient to 0.400

#GCAMreg# pass 0 level1 2 level2 0 tsec 0 sigma 2
l_jacobian=1.00 l_label=1.00 l_log_likelihood=0.20 l_smoothness=0.40 
tol=5.00e-02, dt=5.00e-02, exp_k=20.0, momentum=0.90, levels=6, niter=500, lbl_dist=10.00, avgs=4, sigma=2.0,type=2, relabel=0, neg=no

blurring input image with Gaussian with sigma=2.000...
GCAMRegisterLevel(): init RMS 0.52053
#GCMRL#  420 dt   0.000000 rms  0.520  0.037% neg 0  invalid 762 tFOTS 3.3290 tGradient 1.3880 tsec 4.9940

#GCAMreg# pass 0 level1 2 level2 1 tsec 18.175 sigma 0.5
l_jacobian=1.00 l_label=1.00 l_log_likelihood=0.20 l_smoothness=0.40 
tol=5.00e-02, dt=5.00e-02, exp_k=20.0, momentum=0.90, levels=6, niter=500, lbl_dist=10.00, avgs=4, sigma=0.5,type=2, relabel=0, neg=no

blurring input image with Gaussian with sigma=0.500...
GCAMRegisterLevel(): init RMS 0.52053
#GCMRL#  422 dt   0.000000 rms  0.520  0.037% neg 0  invalid 762 tFOTS 3.0730 tGradient 1.5840 tsec 4.9450
setting smoothness cost coefficient to 1.000

#GCAMreg# pass 0 level1 1 level2 0 tsec 0 sigma 2
l_jacobian=1.00 l_label=1.00 l_log_likelihood=0.20 l_smoothness=1.00 
tol=5.00e-02, dt=5.00e-02, exp_k=20.0, momentum=0.90, levels=6, niter=500, lbl_dist=10.00, avgs=1, sigma=2.0,type=2, relabel=0, neg=no

blurring input image with Gaussian with sigma=2.000...
GCAMRegisterLevel(): init RMS 0.570184
#FOTS# QuadFit found better minimum quadopt=(dt=1.54804,rms=0.564239) vs oldopt=(dt=1.28,rms=0.564502)
#GCMRL#  424 dt   1.548043 rms  0.564  1.043% neg 0  invalid 762 tFOTS 3.2320 tGradient 1.1610 tsec 4.6880
#FOTS# QuadFit found better minimum quadopt=(dt=0.448,rms=0.564027) vs oldopt=(dt=0.32,rms=0.564048)
#GCMRL#  425 dt   0.448000 rms  0.564  0.000% neg 0  invalid 762 tFOTS 3.1720 tGradient 1.2690 tsec 4.7240

#GCAMreg# pass 0 level1 1 level2 1 tsec 19.135 sigma 0.5
l_jacobian=1.00 l_label=1.00 l_log_likelihood=0.20 l_smoothness=1.00 
tol=5.00e-02, dt=5.00e-02, exp_k=20.0, momentum=0.90, levels=6, niter=500, lbl_dist=10.00, avgs=1, sigma=0.5,type=2, relabel=0, neg=no

blurring input image with Gaussian with sigma=0.500...
GCAMRegisterLevel(): init RMS 0.564196
#FOTS# QuadFit found better minimum quadopt=(dt=0.448,rms=0.563653) vs oldopt=(dt=0.32,rms=0.563723)
#GCMRL#  427 dt   0.448000 rms  0.564  0.096% neg 0  invalid 762 tFOTS 2.9620 tGradient 1.2040 tsec 4.4260
#FOTS# QuadFit found better minimum quadopt=(dt=0.384,rms=0.563546) vs oldopt=(dt=0.32,rms=0.56355)
#GCMRL#  428 dt   0.384000 rms  0.564  0.000% neg 0  invalid 762 tFOTS 3.0230 tGradient 1.1280 tsec 4.4280
resetting metric properties...
setting smoothness cost coefficient to 2.000

#GCAMreg# pass 0 level1 0 level2 0 tsec 0 sigma 2
l_jacobian=1.00 l_label=1.00 l_log_likelihood=0.20 l_smoothness=2.00 
tol=5.00e-02, dt=5.00e-02, exp_k=20.0, momentum=0.90, levels=6, niter=500, lbl_dist=10.00, avgs=0, sigma=2.0,type=2, relabel=0, neg=no

blurring input image with Gaussian with sigma=2.000...
GCAMRegisterLevel(): init RMS 0.509272
#FOTS# QuadFit found better minimum quadopt=(dt=0.448,rms=0.496756) vs oldopt=(dt=0.32,rms=0.500098)
#GCMRL#  430 dt   0.448000 rms  0.497  2.458% neg 0  invalid 762 tFOTS 3.4670 tGradient 0.7100 tsec 4.5020
#FOTS# QuadFit found better minimum quadopt=(dt=0.448,rms=0.494041) vs oldopt=(dt=0.32,rms=0.494791)
#GCMRL#  431 dt   0.448000 rms  0.494  0.547% neg 0  invalid 762 tFOTS 2.8600 tGradient 0.9470 tsec 4.0700
#FOTS# QuadFit found better minimum quadopt=(dt=0.448,rms=0.492397) vs oldopt=(dt=0.32,rms=0.492856)
#GCMRL#  432 dt   0.448000 rms  0.492  0.333% neg 0  invalid 762 tFOTS 2.7360 tGradient 0.6720 tsec 3.6600
#FOTS# QuadFit found better minimum quadopt=(dt=0.448,rms=0.491388) vs oldopt=(dt=0.32,rms=0.491667)
#GCMRL#  433 dt   0.448000 rms  0.491  0.205% neg 0  invalid 762 tFOTS 2.8330 tGradient 0.6920 tsec 3.7790
#FOTS# QuadFit found better minimum quadopt=(dt=0.5,rms=0.490561) vs oldopt=(dt=0.32,rms=0.49085)
#GCMRL#  434 dt   0.500000 rms  0.491  0.168% neg 0  invalid 762 tFOTS 2.8430 tGradient 0.6840 tsec 3.7770
#FOTS# QuadFit found better minimum quadopt=(dt=0.448,rms=0.490039) vs oldopt=(dt=0.32,rms=0.490181)
#GCMRL#  435 dt   0.448000 rms  0.490  0.106% neg 0  invalid 762 tFOTS 2.8070 tGradient 0.6930 tsec 3.7540
#FOTS# QuadFit found better minimum quadopt=(dt=0.448,rms=0.489609) vs oldopt=(dt=0.32,rms=0.489722)
#GCMRL#  436 dt   0.448000 rms  0.490  0.088% neg 0  invalid 762 tFOTS 2.8980 tGradient 0.6720 tsec 3.8390
#FOTS# QuadFit found better minimum quadopt=(dt=0.448,rms=0.489285) vs oldopt=(dt=0.32,rms=0.489372)
#GCMRL#  437 dt   0.448000 rms  0.489  0.066% neg 0  invalid 762 tFOTS 3.0420 tGradient 0.6980 tsec 4.0190
#FOTS# QuadFit found better minimum quadopt=(dt=0.448,rms=0.489009) vs oldopt=(dt=0.32,rms=0.489082)
#GCMRL#  438 dt   0.448000 rms  0.489  0.056% neg 0  invalid 762 tFOTS 3.1390 tGradient 0.7730 tsec 4.1990
#FOTS# QuadFit found better minimum quadopt=(dt=0.448,rms=0.488778) vs oldopt=(dt=0.32,rms=0.488833)
#GCMRL#  439 dt   0.448000 rms  0.489  0.000% neg 0  invalid 762 tFOTS 3.6240 tGradient 0.8260 tsec 4.7950
#GCMRL#  440 dt   0.448000 rms  0.489  0.039% neg 0  invalid 762 tFOTS 0.0000 tGradient 0.8610 tsec 1.1860
#GCMRL#  441 dt   0.448000 rms  0.488  0.071% neg 0  invalid 762 tFOTS 0.0000 tGradient 0.8900 tsec 1.2170
#GCMRL#  442 dt   0.448000 rms  0.488  0.081% neg 0  invalid 762 tFOTS 0.0000 tGradient 0.8690 tsec 1.2100
#GCMRL#  443 dt   0.448000 rms  0.487  0.087% neg 0  invalid 762 tFOTS 0.0000 tGradient 0.9790 tsec 1.3290
#GCMRL#  444 dt   0.448000 rms  0.487  0.007% neg 0  invalid 762 tFOTS 0.0000 tGradient 0.9680 tsec 1.4620
#GCMRL#  445 dt   0.448000 rms  0.487  0.007% neg 0  invalid 762 tFOTS 0.0000 tGradient 0.8680 tsec 1.1830
#GCMRL#  446 dt   0.448000 rms  0.487  0.008% neg 0  invalid 762 tFOTS 0.0000 tGradient 0.8140 tsec 1.1340
#GCMRL#  447 dt   0.448000 rms  0.487  0.017% neg 0  invalid 762 tFOTS 0.0000 tGradient 0.8800 tsec 1.2040
#GCMRL#  448 dt   0.448000 rms  0.487  0.024% neg 0  invalid 762 tFOTS 0.0000 tGradient 0.9130 tsec 1.2840
#GCMRL#  449 dt   0.448000 rms  0.487  0.003% neg 0  invalid 762 tFOTS 0.0000 tGradient 1.0580 tsec 1.6700
#FOTS# QuadFit found better minimum quadopt=(dt=0.384,rms=0.487047) vs oldopt=(dt=0.32,rms=0.487048)
#GCMRL#  450 dt   0.384000 rms  0.487  0.009% neg 0  invalid 762 tFOTS 4.3430 tGradient 0.9980 tsec 5.7270
#FOTS# QuadFit found better minimum quadopt=(dt=0.256,rms=0.48704) vs oldopt=(dt=0.32,rms=0.48704)
#GCMRL#  451 dt   0.256000 rms  0.487  0.000% neg 0  invalid 762 tFOTS 3.6600 tGradient 1.0500 tsec 5.0570
#GCMRL#  452 dt   0.256000 rms  0.487  0.005% neg 0  invalid 762 tFOTS 0.0000 tGradient 0.8690 tsec 1.1800
#GCMRL#  453 dt   0.256000 rms  0.487  0.005% neg 0  invalid 762 tFOTS 0.0000 tGradient 0.7990 tsec 1.1060

#GCAMreg# pass 0 level1 0 level2 1 tsec 75.463 sigma 0.5
l_jacobian=1.00 l_label=1.00 l_log_likelihood=0.20 l_smoothness=2.00 
tol=5.00e-02, dt=5.00e-02, exp_k=20.0, momentum=0.90, levels=6, niter=500, lbl_dist=10.00, avgs=0, sigma=0.5,type=2, relabel=0, neg=no

blurring input image with Gaussian with sigma=0.500...
GCAMRegisterLevel(): init RMS 0.487205
#FOTS# QuadFit found better minimum quadopt=(dt=0.384,rms=0.484527) vs oldopt=(dt=0.32,rms=0.484895)
#GCMRL#  455 dt   0.384000 rms  0.485  0.550% neg 0  invalid 762 tFOTS 3.8600 tGradient 0.8430 tsec 5.0800
#FOTS# QuadFit found better minimum quadopt=(dt=0.448,rms=0.483797) vs oldopt=(dt=0.32,rms=0.483989)
#GCMRL#  456 dt   0.448000 rms  0.484  0.151% neg 0  invalid 762 tFOTS 3.5920 tGradient 0.8420 tsec 4.8040
#FOTS# QuadFit found better minimum quadopt=(dt=0.448,rms=0.483615) vs oldopt=(dt=0.32,rms=0.483657)
#GCMRL#  457 dt   0.448000 rms  0.484  0.000% neg 0  invalid 762 tFOTS 3.1770 tGradient 0.8330 tsec 4.3170
#GCMRL#  458 dt   0.448000 rms  0.484  0.015% neg 0  invalid 762 tFOTS 0.0000 tGradient 0.8200 tsec 1.1010
#GCMRL#  459 dt   0.448000 rms  0.483  0.020% neg 0  invalid 762 tFOTS 0.0000 tGradient 0.7340 tsec 1.0210
#GCMRL#  460 dt   0.448000 rms  0.483  0.006% neg 0  invalid 762 tFOTS 0.0000 tGradient 0.7830 tsec 1.2210
#GCMRL#  461 dt   0.448000 rms  0.483  0.005% neg 0  invalid 762 tFOTS 0.0000 tGradient 0.7960 tsec 1.1090
GCAMregister done in 21.1174 min
********************* ALLOWING NEGATIVE NODES IN DEFORMATION********************************
noneg post
Starting GCAMregister()
label assignment complete, 0 changed (0.00%)
npasses = 1, nlevels = 6
#pass# 1 of 1 ************************
enabling zero nodes
setting smoothness cost coefficient to 0.008

#GCAMreg# pass 0 level1 5 level2 0 tsec 0 sigma 2
l_jacobian=1.00 l_label=1.00 l_log_likelihood=0.20 l_smoothness=0.01 
tol=2.50e-01, dt=5.00e-02, exp_k=20.0, momentum=0.90, levels=6, niter=500, lbl_dist=10.00, avgs=256, sigma=2.0,type=2, relabel=0, neg=yes

blurring input image with Gaussian with sigma=2.000...
GCAMRegisterLevel(): init RMS 0.48132
#GCMRL#  463 dt   0.000000 rms  0.481  0.048% neg 0  invalid 762 tFOTS 3.8360 tGradient 2.0600 tsec 6.1950

#GCAMreg# pass 0 level1 5 level2 1 tsec 21.406 sigma 0.5
l_jacobian=1.00 l_label=1.00 l_log_likelihood=0.20 l_smoothness=0.01 
tol=2.50e-01, dt=5.00e-02, exp_k=20.0, momentum=0.90, levels=6, niter=500, lbl_dist=10.00, avgs=256, sigma=0.5,type=2, relabel=0, neg=yes

blurring input image with Gaussian with sigma=0.500...
GCAMRegisterLevel(): init RMS 0.48132
#FOTS# QuadFit found better minimum quadopt=(dt=32.368,rms=0.481072) vs oldopt=(dt=23.12,rms=0.481074)
#GCMRL#  465 dt  32.368000 rms  0.481  0.051% neg 0  invalid 762 tFOTS 4.0230 tGradient 2.0690 tsec 6.3900
#GCMRL#  466 dt  92.480000 rms  0.481  0.000% neg 0  invalid 762 tFOTS 3.6800 tGradient 2.0900 tsec 6.0820
#GCMRL#  467 dt  92.480000 rms  0.481  0.032% neg 0  invalid 762 tFOTS 0.0000 tGradient 2.1480 tsec 2.4330
#GCMRL#  468 dt  92.480000 rms  0.481  0.033% neg 0  invalid 762 tFOTS 0.0000 tGradient 2.1980 tsec 2.5050
#GCMRL#  469 dt  92.480000 rms  0.481  0.025% neg 0  invalid 762 tFOTS 0.0000 tGradient 2.0920 tsec 2.3770
setting smoothness cost coefficient to 0.031

#GCAMreg# pass 0 level1 4 level2 0 tsec 0 sigma 2
l_jacobian=1.00 l_label=1.00 l_log_likelihood=0.20 l_smoothness=0.03 
tol=2.50e-01, dt=5.00e-02, exp_k=20.0, momentum=0.90, levels=6, niter=500, lbl_dist=10.00, avgs=64, sigma=2.0,type=2, relabel=0, neg=yes

blurring input image with Gaussian with sigma=2.000...
GCAMRegisterLevel(): init RMS 0.480817
#FOTS# QuadFit found better minimum quadopt=(dt=20.736,rms=0.480431) vs oldopt=(dt=25.92,rms=0.480435)
#GCMRL#  471 dt  20.736000 rms  0.480  0.080% neg 0  invalid 762 tFOTS 3.5550 tGradient 1.8540 tsec 5.6800
#FOTS# QuadFit found better minimum quadopt=(dt=9.072,rms=0.4804) vs oldopt=(dt=6.48,rms=0.480404)
#GCMRL#  472 dt   9.072000 rms  0.480  0.000% neg 0  invalid 762 tFOTS 3.5500 tGradient 1.5440 tsec 5.3830
#GCMRL#  473 dt   9.072000 rms  0.480  0.002% neg 0  invalid 762 tFOTS 0.0000 tGradient 1.5910 tsec 1.8210

#GCAMreg# pass 0 level1 4 level2 1 tsec 22.918 sigma 0.5
l_jacobian=1.00 l_label=1.00 l_log_likelihood=0.20 l_smoothness=0.03 
tol=2.50e-01, dt=5.00e-02, exp_k=20.0, momentum=0.90, levels=6, niter=500, lbl_dist=10.00, avgs=64, sigma=0.5,type=2, relabel=0, neg=yes

blurring input image with Gaussian with sigma=0.500...
GCAMRegisterLevel(): init RMS 0.480626
#FOTS# QuadFit found better minimum quadopt=(dt=145.152,rms=0.478271) vs oldopt=(dt=103.68,rms=0.478534)
#GCMRL#  475 dt 145.152000 rms  0.478  0.490% neg 0  invalid 762 tFOTS 3.3010 tGradient 1.5620 tsec 5.1050
#FOTS# QuadFit found better minimum quadopt=(dt=36.288,rms=0.477779) vs oldopt=(dt=25.92,rms=0.477867)
#GCMRL#  476 dt  36.288000 rms  0.478  0.000% neg 0  invalid 762 tFOTS 3.2530 tGradient 1.5440 tsec 5.0610
#GCMRL#  477 dt  36.288000 rms  0.478  0.045% neg 0  invalid 762 tFOTS 0.0000 tGradient 1.5750 tsec 1.8090
#GCMRL#  478 dt  36.288000 rms  0.477  0.059% neg 0  invalid 762 tFOTS 0.0000 tGradient 1.5010 tsec 1.7390
#GCMRL#  479 dt  36.288000 rms  0.477  0.083% neg 0  invalid 762 tFOTS 0.0000 tGradient 1.5330 tsec 1.7730
#GCMRL#  480 dt  36.288000 rms  0.476  0.110% neg 0  invalid 762 tFOTS 0.0000 tGradient 1.5140 tsec 1.7520
#GCMRL#  481 dt  36.288000 rms  0.476  0.121% neg 0  invalid 762 tFOTS 0.0000 tGradient 1.5400 tsec 1.7720
#GCMRL#  482 dt  36.288000 rms  0.475  0.109% neg 0  invalid 762 tFOTS 0.0000 tGradient 1.5130 tsec 1.7530
#GCMRL#  483 dt  36.288000 rms  0.475  0.096% neg 0  invalid 762 tFOTS 0.0000 tGradient 1.5370 tsec 1.7960
#FOTS# QuadFit found better minimum quadopt=(dt=124.416,rms=0.474696) vs oldopt=(dt=103.68,rms=0.474697)
setting smoothness cost coefficient to 0.118

#GCAMreg# pass 0 level1 3 level2 0 tsec 0 sigma 2
l_jacobian=1.00 l_label=1.00 l_log_likelihood=0.20 l_smoothness=0.12 
tol=2.50e-01, dt=5.00e-02, exp_k=20.0, momentum=0.90, levels=6, niter=500, lbl_dist=10.00, avgs=16, sigma=2.0,type=2, relabel=0, neg=yes

blurring input image with Gaussian with sigma=2.000...
GCAMRegisterLevel(): init RMS 0.475291
#FOTS# QuadFit found better minimum quadopt=(dt=24.4068,rms=0.474065) vs oldopt=(dt=32,rms=0.474216)
#GCMRL#  485 dt  24.406780 rms  0.474  0.258% neg 0  invalid 762 tFOTS 3.9190 tGradient 1.3570 tsec 5.5580
#FOTS# QuadFit found better minimum quadopt=(dt=70.069,rms=0.472462) vs oldopt=(dt=32,rms=0.472708)
#GCMRL#  486 dt  70.068966 rms  0.472  0.338% neg 0  invalid 762 tFOTS 3.6460 tGradient 1.4530 tsec 5.4190
#FOTS# QuadFit found better minimum quadopt=(dt=38.4,rms=0.471001) vs oldopt=(dt=32,rms=0.471056)
#GCMRL#  487 dt  38.400000 rms  0.471  0.309% neg 0  invalid 762 tFOTS 3.4860 tGradient 1.6140 tsec 5.3670
#GCMRL#  488 dt  32.000000 rms  0.470  0.000% neg 0  invalid 762 tFOTS 3.6830 tGradient 1.3770 tsec 5.3690
#GCMRL#  489 dt  32.000000 rms  0.469  0.107% neg 0  invalid 762 tFOTS 0.0000 tGradient 1.3520 tsec 1.5890
iter 0, gcam->neg = 1
after 2 iterations, nbhd size=0, neg = 0
#GCMRL#  490 dt  32.000000 rms  0.468  0.221% neg 0  invalid 762 tFOTS 0.0000 tGradient 1.3400 tsec 2.4440
iter 0, gcam->neg = 2
after 3 iterations, nbhd size=0, neg = 0
#GCMRL#  491 dt  32.000000 rms  0.467  0.227% neg 0  invalid 762 tFOTS 0.0000 tGradient 1.3860 tsec 2.7350
iter 0, gcam->neg = 4
after 3 iterations, nbhd size=0, neg = 0
#GCMRL#  492 dt  32.000000 rms  0.466  0.241% neg 0  invalid 762 tFOTS 0.0000 tGradient 1.3270 tsec 2.6560
iter 0, gcam->neg = 5
after 10 iterations, nbhd size=1, neg = 0
#GCMRL#  493 dt  32.000000 rms  0.466  0.105% neg 0  invalid 762 tFOTS 0.0000 tGradient 1.3310 tsec 4.2180
iter 0, gcam->neg = 6
after 3 iterations, nbhd size=0, neg = 0
#GCMRL#  494 dt  32.000000 rms  0.465  0.173% neg 0  invalid 762 tFOTS 0.0000 tGradient 1.3460 tsec 2.6920
iter 0, gcam->neg = 14
after 12 iterations, nbhd size=1, neg = 0
#GCMRL#  495 dt  32.000000 rms  0.464  0.105% neg 0  invalid 762 tFOTS 0.0000 tGradient 1.4730 tsec 5.0420
iter 0, gcam->neg = 7
after 11 iterations, nbhd size=1, neg = 0
#GCMRL#  496 dt  32.000000 rms  0.464  0.156% neg 0  invalid 762 tFOTS 0.0000 tGradient 1.5460 tsec 4.7570
iter 0, gcam->neg = 6
after 2 iterations, nbhd size=0, neg = 0
#GCMRL#  497 dt  32.000000 rms  0.463  0.083% neg 0  invalid 762 tFOTS 0.0000 tGradient 1.4030 tsec 2.4560
iter 0, gcam->neg = 1
after 6 iterations, nbhd size=1, neg = 0
#GCMRL#  498 dt  32.000000 rms  0.463  0.100% neg 0  invalid 762 tFOTS 0.0000 tGradient 1.4050 tsec 3.5510
iter 0, gcam->neg = 10
after 12 iterations, nbhd size=1, neg = 0
#GCMRL#  499 dt  32.000000 rms  0.462  0.067% neg 0  invalid 762 tFOTS 0.0000 tGradient 1.5530 tsec 5.4900
#FOTS# QuadFit found better minimum quadopt=(dt=19.2,rms=0.462286) vs oldopt=(dt=32,rms=0.462324)
#GCMRL#  500 dt  19.200000 rms  0.462  0.000% neg 0  invalid 762 tFOTS 4.6500 tGradient 1.6330 tsec 6.6390
#GCMRL#  501 dt  19.200000 rms  0.462  0.029% neg 0  invalid 762 tFOTS 0.0000 tGradient 1.6580 tsec 1.9600
#GCMRL#  502 dt  19.200000 rms  0.462  0.031% neg 0  invalid 762 tFOTS 0.0000 tGradient 1.7420 tsec 2.0260
iter 0, gcam->neg = 1
after 2 iterations, nbhd size=0, neg = 0
#GCMRL#  503 dt  19.200000 rms  0.462  0.031% neg 0  invalid 762 tFOTS 0.0000 tGradient 1.6730 tsec 3.0430
iter 0, gcam->neg = 3
after 4 iterations, nbhd size=0, neg = 0
#GCMRL#  504 dt  19.200000 rms  0.462  0.017% neg 0  invalid 762 tFOTS 0.0000 tGradient 1.6280 tsec 3.2490
iter 0, gcam->neg = 1
after 3 iterations, nbhd size=0, neg = 0

#GCAMreg# pass 0 level1 3 level2 1 tsec 87.247 sigma 0.5
l_jacobian=1.00 l_label=1.00 l_log_likelihood=0.20 l_smoothness=0.12 
tol=2.50e-01, dt=5.00e-02, exp_k=20.0, momentum=0.90, levels=6, niter=500, lbl_dist=10.00, avgs=16, sigma=0.5,type=2, relabel=0, neg=yes

blurring input image with Gaussian with sigma=0.500...
GCAMRegisterLevel(): init RMS 0.461957
#FOTS# QuadFit found better minimum quadopt=(dt=58.2564,rms=0.458181) vs oldopt=(dt=32,rms=0.458708)
#GCMRL#  506 dt  58.256410 rms  0.458  0.817% neg 0  invalid 762 tFOTS 4.0470 tGradient 1.4950 tsec 5.8370
#FOTS# QuadFit found better minimum quadopt=(dt=22.5556,rms=0.457194) vs oldopt=(dt=32,rms=0.457452)
iter 0, gcam->neg = 1
after 6 iterations, nbhd size=1, neg = 0
#GCMRL#  507 dt  22.555556 rms  0.457  0.000% neg 0  invalid 762 tFOTS 4.0060 tGradient 1.6100 tsec 7.7790
#GCMRL#  508 dt  22.555556 rms  0.457  0.103% neg 0  invalid 762 tFOTS 0.0000 tGradient 1.4340 tsec 1.6810
#GCMRL#  509 dt  22.555556 rms  0.456  0.118% neg 0  invalid 762 tFOTS 0.0000 tGradient 1.4260 tsec 1.6660
#GCMRL#  510 dt  22.555556 rms  0.456  0.132% neg 0  invalid 762 tFOTS 0.0000 tGradient 1.3130 tsec 1.5440
iter 0, gcam->neg = 1
after 5 iterations, nbhd size=0, neg = 0
#GCMRL#  511 dt  22.555556 rms  0.455  0.112% neg 0  invalid 762 tFOTS 0.0000 tGradient 1.3510 tsec 3.0840
iter 0, gcam->neg = 2
after 1 iterations, nbhd size=0, neg = 0
#GCMRL#  512 dt  22.555556 rms  0.455  0.082% neg 0  invalid 762 tFOTS 0.0000 tGradient 1.3140 tsec 2.2080
#FOTS# QuadFit found better minimum quadopt=(dt=38.4,rms=0.454468) vs oldopt=(dt=32,rms=0.454479)
#GCMRL#  513 dt  38.400000 rms  0.454  0.000% neg 0  invalid 762 tFOTS 3.3010 tGradient 1.3810 tsec 4.9490
#GCMRL#  514 dt  38.400000 rms  0.454  0.017% neg 0  invalid 762 tFOTS 0.0000 tGradient 1.3190 tsec 1.5520
iter 0, gcam->neg = 1
after 0 iterations, nbhd size=0, neg = 0
#GCMRL#  515 dt  38.400000 rms  0.454  0.065% neg 0  invalid 762 tFOTS 0.0000 tGradient 1.3120 tsec 2.0000
#GCMRL#  516 dt  38.400000 rms  0.454  0.042% neg 0  invalid 762 tFOTS 0.0000 tGradient 1.3000 tsec 1.5300
#GCMRL#  517 dt  38.400000 rms  0.454  0.064% neg 0  invalid 762 tFOTS 0.0000 tGradient 1.3270 tsec 1.5600
iter 0, gcam->neg = 1
after 0 iterations, nbhd size=0, neg = 0
setting smoothness cost coefficient to 0.400

#GCAMreg# pass 0 level1 2 level2 0 tsec 0 sigma 2
l_jacobian=1.00 l_label=1.00 l_log_likelihood=0.20 l_smoothness=0.40 
tol=2.50e-01, dt=5.00e-02, exp_k=20.0, momentum=0.90, levels=6, niter=500, lbl_dist=10.00, avgs=4, sigma=2.0,type=2, relabel=0, neg=yes

blurring input image with Gaussian with sigma=2.000...
GCAMRegisterLevel(): init RMS 0.459858
#FOTS# QuadFit found better minimum quadopt=(dt=0.252,rms=0.459617) vs oldopt=(dt=0.18,rms=0.459617)
#GCMRL#  519 dt   0.252000 rms  0.460  0.052% neg 0  invalid 762 tFOTS 3.4150 tGradient 1.2610 tsec 4.9260
#FOTS# QuadFit found better minimum quadopt=(dt=0.252,rms=0.459618) vs oldopt=(dt=0.18,rms=0.459618)

#GCAMreg# pass 0 level1 2 level2 1 tsec 18.93 sigma 0.5
l_jacobian=1.00 l_label=1.00 l_log_likelihood=0.20 l_smoothness=0.40 
tol=2.50e-01, dt=5.00e-02, exp_k=20.0, momentum=0.90, levels=6, niter=500, lbl_dist=10.00, avgs=4, sigma=0.5,type=2, relabel=0, neg=yes

blurring input image with Gaussian with sigma=0.500...
GCAMRegisterLevel(): init RMS 0.459853
#FOTS# QuadFit found better minimum quadopt=(dt=4.21053,rms=0.459318) vs oldopt=(dt=2.88,rms=0.459348)
#GCMRL#  521 dt   4.210526 rms  0.459  0.116% neg 0  invalid 762 tFOTS 4.7250 tGradient 1.7670 tsec 6.8080
#FOTS# QuadFit found better minimum quadopt=(dt=3.456,rms=0.459209) vs oldopt=(dt=2.88,rms=0.45921)
#GCMRL#  522 dt   3.456000 rms  0.459  0.000% neg 0  invalid 762 tFOTS 4.3530 tGradient 1.7910 tsec 6.5270
#GCMRL#  523 dt   3.456000 rms  0.459  0.010% neg 0  invalid 762 tFOTS 0.0000 tGradient 1.6220 tsec 1.9480
iter 0, gcam->neg = 1
after 0 iterations, nbhd size=0, neg = 0
setting smoothness cost coefficient to 1.000

#GCAMreg# pass 0 level1 1 level2 0 tsec 0 sigma 2
l_jacobian=1.00 l_label=1.00 l_log_likelihood=0.20 l_smoothness=1.00 
tol=2.50e-01, dt=5.00e-02, exp_k=20.0, momentum=0.90, levels=6, niter=500, lbl_dist=10.00, avgs=1, sigma=2.0,type=2, relabel=0, neg=yes

blurring input image with Gaussian with sigma=2.000...
GCAMRegisterLevel(): init RMS 0.467954
#FOTS# QuadFit found better minimum quadopt=(dt=0.384,rms=0.467667) vs oldopt=(dt=0.32,rms=0.467667)
#GCMRL#  525 dt   0.384000 rms  0.468  0.061% neg 0  invalid 762 tFOTS 4.3330 tGradient 1.3780 tsec 6.0250
#GCMRL#  526 dt   0.080000 rms  0.468  0.000% neg 0  invalid 762 tFOTS 4.3580 tGradient 1.4480 tsec 6.1160
#GCMRL#  527 dt   0.080000 rms  0.468  0.000% neg 0  invalid 762 tFOTS 0.0000 tGradient 1.2930 tsec 1.5890

#GCAMreg# pass 0 level1 1 level2 1 tsec 23.638 sigma 0.5
l_jacobian=1.00 l_label=1.00 l_log_likelihood=0.20 l_smoothness=1.00 
tol=2.50e-01, dt=5.00e-02, exp_k=20.0, momentum=0.90, levels=6, niter=500, lbl_dist=10.00, avgs=1, sigma=0.5,type=2, relabel=0, neg=yes

blurring input image with Gaussian with sigma=0.500...
GCAMRegisterLevel(): init RMS 0.467897
#FOTS# QuadFit found better minimum quadopt=(dt=1.536,rms=0.467032) vs oldopt=(dt=1.28,rms=0.467033)
#GCMRL#  529 dt   1.536000 rms  0.467  0.185% neg 0  invalid 762 tFOTS 3.7330 tGradient 1.1830 tsec 5.1870
#FOTS# QuadFit found better minimum quadopt=(dt=1.024,rms=0.466883) vs oldopt=(dt=1.28,rms=0.466891)
#GCMRL#  530 dt   1.024000 rms  0.467  0.000% neg 0  invalid 762 tFOTS 4.0000 tGradient 1.1540 tsec 5.4500
#GCMRL#  531 dt   1.024000 rms  0.467  0.007% neg 0  invalid 762 tFOTS 0.0000 tGradient 1.2240 tsec 1.4890
resetting metric properties...
setting smoothness cost coefficient to 2.000

#GCAMreg# pass 0 level1 0 level2 0 tsec 0 sigma 2
l_jacobian=1.00 l_label=1.00 l_log_likelihood=0.20 l_smoothness=2.00 
tol=2.50e-01, dt=5.00e-02, exp_k=20.0, momentum=0.90, levels=6, niter=500, lbl_dist=10.00, avgs=0, sigma=2.0,type=2, relabel=0, neg=yes

blurring input image with Gaussian with sigma=2.000...
GCAMRegisterLevel(): init RMS 0.459505
#FOTS# QuadFit found better minimum quadopt=(dt=1.99659,rms=0.43337) vs oldopt=(dt=1.28,rms=0.436905)
iter 0, gcam->neg = 526
after 12 iterations, nbhd size=1, neg = 0
#GCMRL#  533 dt   1.996585 rms  0.435  5.312% neg 0  invalid 762 tFOTS 3.7880 tGradient 0.8240 tsec 8.0650
#FOTS# QuadFit found better minimum quadopt=(dt=0.048,rms=0.434993) vs oldopt=(dt=0.08,rms=0.435013)
#GCMRL#  534 dt   0.048000 rms  0.435  0.000% neg 0  invalid 762 tFOTS 3.8490 tGradient 0.8670 tsec 5.0080

#GCAMreg# pass 0 level1 0 level2 1 tsec 22.536 sigma 0.5
l_jacobian=1.00 l_label=1.00 l_log_likelihood=0.20 l_smoothness=2.00 
tol=2.50e-01, dt=5.00e-02, exp_k=20.0, momentum=0.90, levels=6, niter=500, lbl_dist=10.00, avgs=0, sigma=0.5,type=2, relabel=0, neg=yes

blurring input image with Gaussian with sigma=0.500...
GCAMRegisterLevel(): init RMS 0.43527
#FOTS# QuadFit found better minimum quadopt=(dt=0.064,rms=0.434866) vs oldopt=(dt=0.08,rms=0.434876)
#GCMRL#  536 dt   0.064000 rms  0.435  0.093% neg 0  invalid 762 tFOTS 3.6300 tGradient 0.8070 tsec 4.7180
#FOTS# QuadFit found better minimum quadopt=(dt=4.375e-06,rms=0.434851) vs oldopt=(dt=3.125e-06,rms=0.434851)
#GCMRL#  537 dt   0.000004 rms  0.435  0.000% neg 0  invalid 762 tFOTS 4.5140 tGradient 0.7070 tsec 5.4960
label assignment complete, 0 changed (0.00%)
GCAMregister done in 5.56857 min
Starting GCAMcomputeMaxPriorLabels()
Morphing with label term set to 0 *******************************
Starting GCAMregister()
label assignment complete, 0 changed (0.00%)
npasses = 1, nlevels = 6
#pass# 1 of 1 ************************
enabling zero nodes
setting smoothness cost coefficient to 0.008

#GCAMreg# pass 0 level1 5 level2 0 tsec 0 sigma 2
l_jacobian=1.00 l_log_likelihood=0.20 l_smoothness=0.01 
tol=2.50e-01, dt=5.00e-02, exp_k=20.0, momentum=0.90, levels=6, niter=500, lbl_dist=10.00, avgs=256, sigma=2.0,type=2, relabel=0, neg=yes

blurring input image with Gaussian with sigma=2.000...
GCAMRegisterLevel(): init RMS 0.422372

#GCAMreg# pass 0 level1 5 level2 1 tsec 13.448 sigma 0.5
l_jacobian=1.00 l_log_likelihood=0.20 l_smoothness=0.01 
tol=2.50e-01, dt=5.00e-02, exp_k=20.0, momentum=0.90, levels=6, niter=500, lbl_dist=10.00, avgs=256, sigma=0.5,type=2, relabel=0, neg=yes

blurring input image with Gaussian with sigma=0.500...
GCAMRegisterLevel(): init RMS 0.422372
#FOTS# QuadFit found better minimum quadopt=(dt=32.368,rms=0.422361) vs oldopt=(dt=23.12,rms=0.422362)
#GCMRL#  540 dt  32.368000 rms  0.422  0.003% neg 0  invalid 762 tFOTS 3.4290 tGradient 1.4890 tsec 5.1640
#FOTS# QuadFit found better minimum quadopt=(dt=8.092,rms=0.422361) vs oldopt=(dt=5.78,rms=0.422361)
#GCMRL#  541 dt   8.092000 rms  0.422  0.000% neg 0  invalid 762 tFOTS 3.1900 tGradient 1.4730 tsec 4.9300
#GCMRL#  542 dt   8.092000 rms  0.422  0.000% neg 0  invalid 762 tFOTS 0.0000 tGradient 1.4640 tsec 1.6800
setting smoothness cost coefficient to 0.031

#GCAMreg# pass 0 level1 4 level2 0 tsec 0 sigma 2
l_jacobian=1.00 l_log_likelihood=0.20 l_smoothness=0.03 
tol=2.50e-01, dt=5.00e-02, exp_k=20.0, momentum=0.90, levels=6, niter=500, lbl_dist=10.00, avgs=64, sigma=2.0,type=2, relabel=0, neg=yes

blurring input image with Gaussian with sigma=2.000...
GCAMRegisterLevel(): init RMS 0.42251

#GCAMreg# pass 0 level1 4 level2 1 tsec 12.588 sigma 0.5
l_jacobian=1.00 l_log_likelihood=0.20 l_smoothness=0.03 
tol=2.50e-01, dt=5.00e-02, exp_k=20.0, momentum=0.90, levels=6, niter=500, lbl_dist=10.00, avgs=64, sigma=0.5,type=2, relabel=0, neg=yes

blurring input image with Gaussian with sigma=0.500...
GCAMRegisterLevel(): init RMS 0.42251
#FOTS# QuadFit found better minimum quadopt=(dt=62.208,rms=0.422283) vs oldopt=(dt=103.68,rms=0.422324)
#GCMRL#  545 dt  62.208000 rms  0.422  0.054% neg 0  invalid 762 tFOTS 3.0440 tGradient 1.0540 tsec 4.3420
#FOTS# QuadFit found better minimum quadopt=(dt=145.152,rms=0.42196) vs oldopt=(dt=103.68,rms=0.422009)
#GCMRL#  546 dt 145.152000 rms  0.422  0.076% neg 0  invalid 762 tFOTS 3.2140 tGradient 1.0680 tsec 4.5120
#FOTS# QuadFit found better minimum quadopt=(dt=36.288,rms=0.421909) vs oldopt=(dt=25.92,rms=0.421917)
#GCMRL#  547 dt  36.288000 rms  0.422  0.000% neg 0  invalid 762 tFOTS 3.3090 tGradient 1.0700 tsec 4.6330
#GCMRL#  548 dt  36.288000 rms  0.422  0.011% neg 0  invalid 762 tFOTS 0.0000 tGradient 1.1120 tsec 1.3690
#GCMRL#  549 dt  36.288000 rms  0.422  0.019% neg 0  invalid 762 tFOTS 0.0000 tGradient 1.1250 tsec 1.3400
#GCMRL#  550 dt  36.288000 rms  0.422  0.023% neg 0  invalid 762 tFOTS 0.0000 tGradient 1.1270 tsec 1.3410
#GCMRL#  551 dt  36.288000 rms  0.422  0.024% neg 0  invalid 762 tFOTS 0.0000 tGradient 1.1030 tsec 1.3180
#GCMRL#  552 dt  36.288000 rms  0.421  0.022% neg 0  invalid 762 tFOTS 0.0000 tGradient 1.0700 tsec 1.2870
setting smoothness cost coefficient to 0.118

#GCAMreg# pass 0 level1 3 level2 0 tsec 0 sigma 2
l_jacobian=1.00 l_log_likelihood=0.20 l_smoothness=0.12 
tol=2.50e-01, dt=5.00e-02, exp_k=20.0, momentum=0.90, levels=6, niter=500, lbl_dist=10.00, avgs=16, sigma=2.0,type=2, relabel=0, neg=yes

blurring input image with Gaussian with sigma=2.000...
GCAMRegisterLevel(): init RMS 0.422032
#FOTS# QuadFit found better minimum quadopt=(dt=2.8,rms=0.42198) vs oldopt=(dt=2,rms=0.42199)
#GCMRL#  554 dt   2.800000 rms  0.422  0.012% neg 0  invalid 762 tFOTS 3.1420 tGradient 0.8760 tsec 4.2440
#FOTS# QuadFit found better minimum quadopt=(dt=2.8,rms=0.421958) vs oldopt=(dt=2,rms=0.421961)
#GCMRL#  555 dt   2.800000 rms  0.422  0.000% neg 0  invalid 762 tFOTS 3.1820 tGradient 0.8980 tsec 4.3700

#GCAMreg# pass 0 level1 3 level2 1 tsec 18.414 sigma 0.5
l_jacobian=1.00 l_log_likelihood=0.20 l_smoothness=0.12 
tol=2.50e-01, dt=5.00e-02, exp_k=20.0, momentum=0.90, levels=6, niter=500, lbl_dist=10.00, avgs=16, sigma=0.5,type=2, relabel=0, neg=yes

blurring input image with Gaussian with sigma=0.500...
GCAMRegisterLevel(): init RMS 0.421958
#FOTS# QuadFit found better minimum quadopt=(dt=101.495,rms=0.419094) vs oldopt=(dt=128,rms=0.419336)
iter 0, gcam->neg = 4
after 12 iterations, nbhd size=1, neg = 0
#GCMRL#  557 dt 101.494949 rms  0.419  0.655% neg 0  invalid 762 tFOTS 3.9490 tGradient 1.1490 tsec 8.6200
#FOTS# QuadFit found better minimum quadopt=(dt=11.2,rms=0.418613) vs oldopt=(dt=8,rms=0.418733)
#GCMRL#  558 dt  11.200000 rms  0.419  0.000% neg 0  invalid 762 tFOTS 3.9180 tGradient 1.1260 tsec 5.3700
iter 0, gcam->neg = 1
after 3 iterations, nbhd size=0, neg = 0
#GCMRL#  559 dt  11.200000 rms  0.418  0.048% neg 0  invalid 762 tFOTS 0.0000 tGradient 1.0560 tsec 2.4370
#GCMRL#  560 dt  11.200000 rms  0.418  0.041% neg 0  invalid 762 tFOTS 0.0000 tGradient 0.8740 tsec 1.0950
#GCMRL#  561 dt  11.200000 rms  0.418  0.030% neg 0  invalid 762 tFOTS 0.0000 tGradient 0.8890 tsec 1.1250
#FOTS# QuadFit found better minimum quadopt=(dt=44.8,rms=0.417379) vs oldopt=(dt=32,rms=0.4175)
iter 0, gcam->neg = 2
after 3 iterations, nbhd size=0, neg = 0
#GCMRL#  562 dt  44.800000 rms  0.417  0.171% neg 0  invalid 762 tFOTS 3.4470 tGradient 0.8950 tsec 5.8070
#FOTS# QuadFit found better minimum quadopt=(dt=19.2,rms=0.417252) vs oldopt=(dt=32,rms=0.417284)
iter 0, gcam->neg = 1
after 1 iterations, nbhd size=0, neg = 0
setting smoothness cost coefficient to 0.400

#GCAMreg# pass 0 level1 2 level2 0 tsec 0 sigma 2
l_jacobian=1.00 l_log_likelihood=0.20 l_smoothness=0.40 
tol=2.50e-01, dt=5.00e-02, exp_k=20.0, momentum=0.90, levels=6, niter=500, lbl_dist=10.00, avgs=4, sigma=2.0,type=2, relabel=0, neg=yes

blurring input image with Gaussian with sigma=2.000...
GCAMRegisterLevel(): init RMS 0.419941
iter 0, gcam->neg = 2
after 9 iterations, nbhd size=1, neg = 0
#GCMRL#  564 dt   2.880000 rms  0.420  0.012% neg 0  invalid 762 tFOTS 3.5750 tGradient 0.8080 tsec 7.0280
#FOTS# QuadFit found better minimum quadopt=(dt=1.008,rms=0.419877) vs oldopt=(dt=0.72,rms=0.419879)
iter 0, gcam->neg = 2
after 8 iterations, nbhd size=1, neg = 0

#GCAMreg# pass 0 level1 2 level2 1 tsec 22.473 sigma 0.5
l_jacobian=1.00 l_log_likelihood=0.20 l_smoothness=0.40 
tol=2.50e-01, dt=5.00e-02, exp_k=20.0, momentum=0.90, levels=6, niter=500, lbl_dist=10.00, avgs=4, sigma=0.5,type=2, relabel=0, neg=yes

blurring input image with Gaussian with sigma=0.500...
GCAMRegisterLevel(): init RMS 0.41989
#FOTS# QuadFit found better minimum quadopt=(dt=27.9273,rms=0.417496) vs oldopt=(dt=11.52,rms=0.418239)
iter 0, gcam->neg = 12
after 13 iterations, nbhd size=1, neg = 0
#GCMRL#  566 dt  27.927273 rms  0.418  0.523% neg 0  invalid 762 tFOTS 3.8840 tGradient 0.8050 tsec 8.4960
#FOTS# QuadFit found better minimum quadopt=(dt=10.8649,rms=0.416683) vs oldopt=(dt=11.52,rms=0.416689)
iter 0, gcam->neg = 1
after 0 iterations, nbhd size=0, neg = 0
#GCMRL#  567 dt  10.864865 rms  0.417  0.000% neg 0  invalid 762 tFOTS 3.6350 tGradient 1.0510 tsec 5.3920
iter 0, gcam->neg = 2
after 0 iterations, nbhd size=0, neg = 0
#GCMRL#  568 dt  10.864865 rms  0.416  0.085% neg 0  invalid 762 tFOTS 0.0000 tGradient 0.8060 tsec 1.4690
iter 0, gcam->neg = 2
after 0 iterations, nbhd size=0, neg = 0
#GCMRL#  569 dt  10.864865 rms  0.416  0.089% neg 0  invalid 762 tFOTS 0.0000 tGradient 0.8410 tsec 1.5630
iter 0, gcam->neg = 9
after 4 iterations, nbhd size=0, neg = 0
#GCMRL#  570 dt  10.864865 rms  0.415  0.111% neg 0  invalid 762 tFOTS 0.0000 tGradient 0.9000 tsec 2.6450
iter 0, gcam->neg = 14
after 12 iterations, nbhd size=1, neg = 0
#GCMRL#  571 dt  10.864865 rms  0.415  0.063% neg 0  invalid 762 tFOTS 0.0000 tGradient 0.9020 tsec 4.6310
iter 0, gcam->neg = 10
after 3 iterations, nbhd size=0, neg = 0
#GCMRL#  572 dt  10.864865 rms  0.415  0.061% neg 0  invalid 762 tFOTS 0.0000 tGradient 0.8860 tsec 2.3710
#FOTS# QuadFit found better minimum quadopt=(dt=9.216,rms=0.414915) vs oldopt=(dt=11.52,rms=0.414919)
iter 0, gcam->neg = 2
after 3 iterations, nbhd size=0, neg = 0
setting smoothness cost coefficient to 1.000

#GCAMreg# pass 0 level1 1 level2 0 tsec 0 sigma 2
l_jacobian=1.00 l_log_likelihood=0.20 l_smoothness=1.00 
tol=2.50e-01, dt=5.00e-02, exp_k=20.0, momentum=0.90, levels=6, niter=500, lbl_dist=10.00, avgs=1, sigma=2.0,type=2, relabel=0, neg=yes

blurring input image with Gaussian with sigma=2.000...
GCAMRegisterLevel(): init RMS 0.420896
#FOTS# QuadFit found better minimum quadopt=(dt=4e-05,rms=0.420896) vs oldopt=(dt=5e-05,rms=0.420896)
#GCMRL#  574 dt   0.000040 rms  0.421  0.000% neg 0  invalid 762 tFOTS 5.3300 tGradient 0.7520 tsec 6.3840

#GCAMreg# pass 0 level1 1 level2 1 tsec 19.406 sigma 0.5
l_jacobian=1.00 l_log_likelihood=0.20 l_smoothness=1.00 
tol=2.50e-01, dt=5.00e-02, exp_k=20.0, momentum=0.90, levels=6, niter=500, lbl_dist=10.00, avgs=1, sigma=0.5,type=2, relabel=0, neg=yes

blurring input image with Gaussian with sigma=0.500...
GCAMRegisterLevel(): init RMS 0.420896
resetting metric properties...
setting smoothness cost coefficient to 2.000

#GCAMreg# pass 0 level1 0 level2 0 tsec 0 sigma 2
l_jacobian=1.00 l_log_likelihood=0.20 l_smoothness=2.00 
tol=2.50e-01, dt=5.00e-02, exp_k=20.0, momentum=0.90, levels=6, niter=500, lbl_dist=10.00, avgs=0, sigma=2.0,type=2, relabel=0, neg=yes

blurring input image with Gaussian with sigma=2.000...
GCAMRegisterLevel(): init RMS 0.410878
#FOTS# QuadFit found better minimum quadopt=(dt=1.08408,rms=0.403705) vs oldopt=(dt=1.28,rms=0.4039)
iter 0, gcam->neg = 311
after 15 iterations, nbhd size=1, neg = 0
#GCMRL#  577 dt   1.084082 rms  0.405  1.320% neg 0  invalid 762 tFOTS 3.4540 tGradient 0.2530 tsec 7.8380
#FOTS# QuadFit found better minimum quadopt=(dt=0.007,rms=0.405451) vs oldopt=(dt=0.005,rms=0.405451)
#GCMRL#  578 dt   0.007000 rms  0.405  0.000% neg 0  invalid 762 tFOTS 3.4900 tGradient 0.2570 tsec 4.0170
#GCMRL#  579 dt   0.007000 rms  0.405  0.000% neg 0  invalid 762 tFOTS 0.0000 tGradient 0.2560 tsec 0.5050

#GCAMreg# pass 0 level1 0 level2 1 tsec 21.117 sigma 0.5
l_jacobian=1.00 l_log_likelihood=0.20 l_smoothness=2.00 
tol=2.50e-01, dt=5.00e-02, exp_k=20.0, momentum=0.90, levels=6, niter=500, lbl_dist=10.00, avgs=0, sigma=0.5,type=2, relabel=0, neg=yes

blurring input image with Gaussian with sigma=0.500...
GCAMRegisterLevel(): init RMS 0.40545
#FOTS# QuadFit found better minimum quadopt=(dt=0.112,rms=0.405109) vs oldopt=(dt=0.08,rms=0.405171)
#GCMRL#  581 dt   0.112000 rms  0.405  0.084% neg 0  invalid 762 tFOTS 3.4640 tGradient 0.2530 tsec 3.9770
#FOTS# QuadFit found better minimum quadopt=(dt=0.112,rms=0.404878) vs oldopt=(dt=0.08,rms=0.404922)
#GCMRL#  582 dt   0.112000 rms  0.405  0.000% neg 0  invalid 762 tFOTS 3.3580 tGradient 0.2540 tsec 3.8840
#GCMRL#  583 dt   0.112000 rms  0.405  0.050% neg 0  invalid 762 tFOTS 0.0000 tGradient 0.2520 tsec 0.4890
#GCMRL#  584 dt   0.112000 rms  0.405  0.043% neg 0  invalid 762 tFOTS 0.0000 tGradient 0.2520 tsec 0.4930
GCAMregister done in 3.75878 min
writing output transformation to transforms/talairach.m3z...
GCAMwrite
Calls to gcamLogLikelihoodEnergy 4539 tmin = 1.54637
Calls to gcamLabelEnergy         3973 tmin = 1.07923
Calls to gcamJacobianEnergy      4539 tmin = 0.9133
Calls to gcamSmoothnessEnergy    4539 tmin = 4.88467
Calls to gcamLogLikelihoodTerm 586 tmin = 0.642033
Calls to gcamLabelTerm         539 tmin = 5.59458
Calls to gcamJacobianTerm      586 tmin = 0.828767
Calls to gcamSmoothnessTerm    586 tmin = 0.421083
Calls to gcamComputeGradient    586 tmin = 16.3167
Calls to gcamComputeMetricProperties    6242 tmin = 2.50513
mri_ca_register took 0 hours, 39 minutes and 27 seconds.
#VMPC# mri_ca_register VmPeak  3119376
FSRUNTIME@ mri_ca_register  0.6575 hours 16 threads
#--------------------------------------
#@# SubCort Seg Fri Mar 13 04:41:43 CET 2026

 mri_ca_label -relabel_unlikely 9 .3 -prior 0.5 -align norm.mgz transforms/talairach.m3z /opt/freesurfer/average/RB_all_2020-01-02.gca aseg.auto_noCCseg.mgz 

sysname  Linux
hostname dna067
machine  x86_64

setenv SUBJECTS_DIR /out/sourcedata/freesurfer
cd /out/sourcedata/freesurfer/sub-v2s4x29588_ses-1/mri
mri_ca_label -relabel_unlikely 9 .3 -prior 0.5 -align norm.mgz transforms/talairach.m3z /opt/freesurfer/average/RB_all_2020-01-02.gca aseg.auto_noCCseg.mgz 

relabeling unlikely voxels with window_size = 9 and prior threshold 0.30
using Gibbs prior factor = 0.500
renormalizing sequences with structure alignment, equivalent to:
	-renormalize
	-renormalize_mean 0.500
	-regularize 0.500

== Number of threads available to for OpenMP = 16 == 
reading 1 input volumes
reading classifier array from /opt/freesurfer/average/RB_all_2020-01-02.gca
reading input volume from norm.mgz
average std[0] = 7.2
reading transform from transforms/talairach.m3z
setting orig areas to linear transform determinant scaled 7.90
Atlas used for the 3D morph was /opt/freesurfer/average/RB_all_2020-01-02.gca
average std = 7.2   using min determinant for regularization = 5.2
0 singular and 0 ill-conditioned covariance matrices regularized
labeling volume...
renormalizing by structure alignment....
renormalizing input #0
gca peak = 0.15521 (20)
mri peak = 0.16232 (27)
Left_Lateral_Ventricle (4): linear fit = 1.32 x + 0.0 (1597 voxels, overlap=0.402)
Left_Lateral_Ventricle (4): linear fit = 1.32 x + 0.0 (1597 voxels, peak = 26), gca=26.3
gca peak = 0.20380 (13)
mri peak = 0.15180 (27)
Right_Lateral_Ventricle (43): linear fit = 1.98 x + 0.0 (1849 voxels, overlap=0.224)
Right_Lateral_Ventricle (43): linear fit = 1.50 x + 0.0 (1849 voxels, peak = 26), gca=19.5
gca peak = 0.26283 (96)
mri peak = 0.12597 (106)
Right_Pallidum (52): linear fit = 1.10 x + 0.0 (1031 voxels, overlap=0.788)
Right_Pallidum (52): linear fit = 1.10 x + 0.0 (1031 voxels, peak = 105), gca=105.1
gca peak = 0.15814 (97)
mri peak = 0.12136 (102)
Left_Pallidum (13): linear fit = 1.09 x + 0.0 (794 voxels, overlap=0.213)
Left_Pallidum (13): linear fit = 1.09 x + 0.0 (794 voxels, peak = 105), gca=105.2
gca peak = 0.27624 (56)
mri peak = 0.06651 (77)
Right_Hippocampus (53): linear fit = 1.38 x + 0.0 (1287 voxels, overlap=0.027)
Right_Hippocampus (53): linear fit = 1.38 x + 0.0 (1287 voxels, peak = 77), gca=77.0
gca peak = 0.28723 (59)
mri peak = 0.10430 (78)
Left_Hippocampus (17): linear fit = 1.32 x + 0.0 (1188 voxels, overlap=0.021)
Left_Hippocampus (17): linear fit = 1.32 x + 0.0 (1188 voxels, peak = 78), gca=77.6
gca peak = 0.07623 (103)
mri peak = 0.14380 (103)
Right_Cerebral_White_Matter (41): linear fit = 1.00 x + 0.0 (56789 voxels, overlap=0.615)
Right_Cerebral_White_Matter (41): linear fit = 1.00 x + 0.0 (56789 voxels, peak = 103), gca=103.0
gca peak = 0.07837 (105)
mri peak = 0.12216 (103)
Left_Cerebral_White_Matter (2): linear fit = 1.00 x + 0.0 (62673 voxels, overlap=0.620)
Left_Cerebral_White_Matter (2): linear fit = 1.00 x + 0.0 (62673 voxels, peak = 105), gca=105.0
gca peak = 0.10165 (58)
mri peak = 0.05017 (78)
Left_Cerebral_Cortex (3): linear fit = 1.35 x + 0.0 (45519 voxels, overlap=0.001)
Left_Cerebral_Cortex (3): linear fit = 1.35 x + 0.0 (45519 voxels, peak = 78), gca=78.0
gca peak = 0.11113 (58)
mri peak = 0.04677 (78)
Right_Cerebral_Cortex (42): linear fit = 1.35 x + 0.0 (46002 voxels, overlap=0.000)
Right_Cerebral_Cortex (42): linear fit = 1.35 x + 0.0 (46002 voxels, peak = 78), gca=78.0
gca peak = 0.27796 (67)
mri peak = 0.15643 (84)
Right_Caudate (50): linear fit = 1.24 x + 0.0 (1042 voxels, overlap=0.019)
Right_Caudate (50): linear fit = 1.24 x + 0.0 (1042 voxels, peak = 83), gca=82.7
gca peak = 0.14473 (69)
mri peak = 0.18716 (88)
Left_Caudate (11): linear fit = 1.18 x + 0.0 (897 voxels, overlap=0.021)
Left_Caudate (11): linear fit = 1.18 x + 0.0 (897 voxels, peak = 82), gca=81.8
gca peak = 0.14301 (56)
mri peak = 0.06835 (74)
Left_Cerebellum_Cortex (8): linear fit = 1.36 x + 0.0 (36472 voxels, overlap=0.001)
Left_Cerebellum_Cortex (8): linear fit = 1.36 x + 0.0 (36472 voxels, peak = 76), gca=75.9
gca peak = 0.14610 (55)
mri peak = 0.07362 (79)
Right_Cerebellum_Cortex (47): linear fit = 1.38 x + 0.0 (36360 voxels, overlap=0.001)
Right_Cerebellum_Cortex (47): linear fit = 1.38 x + 0.0 (36360 voxels, peak = 76), gca=76.2
gca peak = 0.16309 (85)
mri peak = 0.11835 (88)
Left_Cerebellum_White_Matter (7): linear fit = 1.07 x + 0.0 (5650 voxels, overlap=0.427)
Left_Cerebellum_White_Matter (7): linear fit = 1.07 x + 0.0 (5650 voxels, peak = 91), gca=90.5
gca peak = 0.15172 (84)
mri peak = 0.10781 (92)
Right_Cerebellum_White_Matter (46): linear fit = 1.11 x + 0.0 (6631 voxels, overlap=0.367)
Right_Cerebellum_White_Matter (46): linear fit = 1.11 x + 0.0 (6631 voxels, peak = 93), gca=92.8
gca peak = 0.30461 (58)
mri peak = 0.07686 (82)
Left_Amygdala (18): linear fit = 1.35 x + 0.0 (590 voxels, overlap=0.065)
Left_Amygdala (18): linear fit = 1.35 x + 0.0 (590 voxels, peak = 78), gca=78.0
gca peak = 0.32293 (57)
mri peak = 0.08819 (77)
Right_Amygdala (54): linear fit = 1.30 x + 0.0 (659 voxels, overlap=0.065)
Right_Amygdala (54): linear fit = 1.30 x + 0.0 (659 voxels, peak = 74), gca=74.4
gca peak = 0.11083 (90)
mri peak = 0.08486 (95)
Left_Thalamus (10): linear fit = 1.09 x + 0.0 (5398 voxels, overlap=0.561)
Left_Thalamus (10): linear fit = 1.09 x + 0.0 (5398 voxels, peak = 98), gca=97.7
gca peak = 0.11393 (83)
mri peak = 0.10802 (95)
Right_Thalamus (49): linear fit = 1.13 x + 0.0 (4777 voxels, overlap=0.268)
Right_Thalamus (49): linear fit = 1.13 x + 0.0 (4777 voxels, peak = 94), gca=94.2
gca peak = 0.08575 (81)
mri peak = 0.18142 (95)
Left_Putamen (12): linear fit = 1.20 x + 0.0 (2260 voxels, overlap=0.010)
Left_Putamen (12): linear fit = 1.20 x + 0.0 (2260 voxels, peak = 97), gca=96.8
gca peak = 0.08618 (78)
mri peak = 0.11258 (92)
Right_Putamen (51): linear fit = 1.18 x + 0.0 (2448 voxels, overlap=0.058)
Right_Putamen (51): linear fit = 1.18 x + 0.0 (2448 voxels, peak = 92), gca=92.4
gca peak = 0.08005 (78)
mri peak = 0.07541 (89)
Brain_Stem (16): linear fit = 1.12 x + 0.0 (12964 voxels, overlap=0.492)
Brain_Stem (16): linear fit = 1.12 x + 0.0 (12964 voxels, peak = 88), gca=87.8
gca peak = 0.12854 (88)
mri peak = 0.09371 (101)
Right_VentralDC (60): linear fit = 1.12 x + 0.0 (1807 voxels, overlap=0.214)
Right_VentralDC (60): linear fit = 1.12 x + 0.0 (1807 voxels, peak = 99), gca=99.0
gca peak = 0.15703 (87)
mri peak = 0.08758 (101)
Left_VentralDC (28): linear fit = 1.13 x + 0.0 (1898 voxels, overlap=0.178)
Left_VentralDC (28): linear fit = 1.13 x + 0.0 (1898 voxels, peak = 99), gca=98.7
gca peak = 0.17522 (25)
mri peak = 0.21875 (28)
Third_Ventricle (14): linear fit = 1.07 x + 0.0 (96 voxels, overlap=0.727)
Third_Ventricle (14): linear fit = 1.07 x + 0.0 (96 voxels, peak = 27), gca=26.6
gca peak = 0.17113 (14)
mri peak = 0.14379 (26)
Fourth_Ventricle (15): linear fit = 1.79 x + 0.0 (232 voxels, overlap=0.196)
Fourth_Ventricle (15): linear fit = 1.79 x + 0.0 (232 voxels, peak = 25), gca=25.1
gca peak Unknown = 0.94777 ( 0)
gca peak Left_Inf_Lat_Vent = 0.16627 (28)
gca peak Fourth_Ventricle = 0.17113 (14)
gca peak CSF = 0.20346 (36)
gca peak Left_Accumbens_area = 0.70646 (62)
gca peak Left_undetermined = 1.00000 (28)
gca peak Left_vessel = 0.89917 (53)
gca peak Left_choroid_plexus = 0.11689 (35)
gca peak Right_Inf_Lat_Vent = 0.25504 (23)
gca peak Right_Accumbens_area = 0.31650 (65)
gca peak Right_vessel = 0.77268 (52)
gca peak Right_choroid_plexus = 0.13275 (38)
gca peak Fifth_Ventricle = 0.60973 (33)
gca peak WM_hypointensities = 0.11013 (77)
gca peak non_WM_hypointensities = 0.11354 (41)
gca peak Optic_Chiasm = 0.51646 (76)
not using caudate to estimate GM means
estimating mean gm scale to be 1.34 x + 0.0
estimating mean wm scale to be 1.00 x + 0.0
estimating mean csf scale to be 1.29 x + 0.0
Left_Putamen too bright - rescaling by 0.967 (from 1.195) to 93.6 (was 96.8)
Left_Pallidum too bright - rescaling by 0.959 (from 1.085) to 100.9 (was 105.2)
Right_Pallidum too bright - rescaling by 0.960 (from 1.095) to 100.9 (was 105.1)
saving intensity scales to aseg.auto_noCCseg.label_intensities.txt
renormalizing by structure alignment....
renormalizing input #0
gca peak = 0.13739 (24)
mri peak = 0.16232 (27)
Left_Lateral_Ventricle (4): linear fit = 0.94 x + 0.0 (1597 voxels, overlap=0.812)
Left_Lateral_Ventricle (4): linear fit = 0.94 x + 0.0 (1597 voxels, peak = 22), gca=22.4
gca peak = 0.17043 (19)
mri peak = 0.15180 (27)
Right_Lateral_Ventricle (43): linear fit = 1.35 x + 0.0 (1849 voxels, overlap=0.454)
Right_Lateral_Ventricle (43): linear fit = 1.35 x + 0.0 (1849 voxels, peak = 26), gca=25.6
gca peak = 0.28548 (100)
mri peak = 0.12597 (106)
Right_Pallidum (52): linear fit = 1.04 x + 0.0 (1031 voxels, overlap=1.006)
Right_Pallidum (52): linear fit = 1.04 x + 0.0 (1031 voxels, peak = 104), gca=104.5
gca peak = 0.15356 (99)
mri peak = 0.12136 (102)
Left_Pallidum (13): linear fit = 1.04 x + 0.0 (794 voxels, overlap=0.708)
Left_Pallidum (13): linear fit = 1.04 x + 0.0 (794 voxels, peak = 103), gca=103.5
gca peak = 0.23623 (76)
mri peak = 0.06651 (77)
Right_Hippocampus (53): linear fit = 1.00 x + 0.0 (1287 voxels, overlap=0.965)
Right_Hippocampus (53): linear fit = 1.00 x + 0.0 (1287 voxels, peak = 76), gca=76.0
gca peak = 0.28153 (74)
mri peak = 0.10430 (78)
Left_Hippocampus (17): linear fit = 1.00 x + 0.0 (1188 voxels, overlap=1.004)
Left_Hippocampus (17): linear fit = 1.00 x + 0.0 (1188 voxels, peak = 74), gca=74.0
gca peak = 0.07628 (103)
mri peak = 0.14380 (103)
Right_Cerebral_White_Matter (41): linear fit = 1.00 x + 0.0 (56789 voxels, overlap=0.615)
Right_Cerebral_White_Matter (41): linear fit = 1.00 x + 0.0 (56789 voxels, peak = 103), gca=103.0
gca peak = 0.07837 (105)
mri peak = 0.12216 (103)
Left_Cerebral_White_Matter (2): linear fit = 1.00 x + 0.0 (62673 voxels, overlap=0.620)
Left_Cerebral_White_Matter (2): linear fit = 1.00 x + 0.0 (62673 voxels, peak = 105), gca=105.0
gca peak = 0.07347 (78)
mri peak = 0.05017 (78)
Left_Cerebral_Cortex (3): linear fit = 0.99 x + 0.0 (45519 voxels, overlap=0.962)
Left_Cerebral_Cortex (3): linear fit = 0.99 x + 0.0 (45519 voxels, peak = 77), gca=76.8
gca peak = 0.08461 (78)
mri peak = 0.04677 (78)
Right_Cerebral_Cortex (42): linear fit = 0.99 x + 0.0 (46002 voxels, overlap=0.949)
Right_Cerebral_Cortex (42): linear fit = 0.99 x + 0.0 (46002 voxels, peak = 77), gca=76.8
gca peak = 0.20574 (83)
mri peak = 0.15643 (84)
Right_Caudate (50): linear fit = 1.00 x + 0.0 (1042 voxels, overlap=0.998)
Right_Caudate (50): linear fit = 1.00 x + 0.0 (1042 voxels, peak = 83), gca=83.0
gca peak = 0.14697 (92)
mri peak = 0.18716 (88)
Left_Caudate (11): linear fit = 0.99 x + 0.0 (897 voxels, overlap=0.975)
Left_Caudate (11): linear fit = 0.99 x + 0.0 (897 voxels, peak = 91), gca=90.6
gca peak = 0.10095 (76)
mri peak = 0.06835 (74)
Left_Cerebellum_Cortex (8): linear fit = 0.99 x + 0.0 (36472 voxels, overlap=0.957)
Left_Cerebellum_Cortex (8): linear fit = 0.99 x + 0.0 (36472 voxels, peak = 75), gca=74.9
gca peak = 0.10884 (77)
mri peak = 0.07362 (79)
Right_Cerebellum_Cortex (47): linear fit = 1.01 x + 0.0 (36360 voxels, overlap=0.941)
Right_Cerebellum_Cortex (47): linear fit = 1.01 x + 0.0 (36360 voxels, peak = 78), gca=78.2
gca peak = 0.15314 (90)
mri peak = 0.11835 (88)
Left_Cerebellum_White_Matter (7): linear fit = 1.01 x + 0.0 (5650 voxels, overlap=0.881)
Left_Cerebellum_White_Matter (7): linear fit = 1.01 x + 0.0 (5650 voxels, peak = 91), gca=91.3
gca peak = 0.14326 (93)
mri peak = 0.10781 (92)
Right_Cerebellum_White_Matter (46): linear fit = 1.00 x + 0.0 (6631 voxels, overlap=0.947)
Right_Cerebellum_White_Matter (46): linear fit = 1.00 x + 0.0 (6631 voxels, peak = 93), gca=92.5
gca peak = 0.29098 (78)
mri peak = 0.07686 (82)
Left_Amygdala (18): linear fit = 1.04 x + 0.0 (590 voxels, overlap=1.020)
Left_Amygdala (18): linear fit = 1.04 x + 0.0 (590 voxels, peak = 82), gca=81.5
gca peak = 0.28938 (74)
mri peak = 0.08819 (77)
Right_Amygdala (54): linear fit = 1.01 x + 0.0 (659 voxels, overlap=1.029)
Right_Amygdala (54): linear fit = 1.01 x + 0.0 (659 voxels, peak = 75), gca=75.1
gca peak = 0.10335 (96)
mri peak = 0.08486 (95)
Left_Thalamus (10): linear fit = 1.00 x + 0.0 (5398 voxels, overlap=0.910)
Left_Thalamus (10): linear fit = 1.00 x + 0.0 (5398 voxels, peak = 96), gca=96.5
gca peak = 0.08533 (94)
mri peak = 0.10802 (95)
Right_Thalamus (49): linear fit = 1.00 x + 0.0 (4777 voxels, overlap=0.901)
Right_Thalamus (49): linear fit = 1.00 x + 0.0 (4777 voxels, peak = 94), gca=94.5
gca peak = 0.08093 (87)
mri peak = 0.18142 (95)
Left_Putamen (12): linear fit = 1.03 x + 0.0 (2260 voxels, overlap=0.544)
Left_Putamen (12): linear fit = 1.03 x + 0.0 (2260 voxels, peak = 90), gca=90.0
gca peak = 0.08108 (90)
mri peak = 0.11258 (92)
Right_Putamen (51): linear fit = 1.01 x + 0.0 (2448 voxels, overlap=0.872)
Right_Putamen (51): linear fit = 1.01 x + 0.0 (2448 voxels, peak = 91), gca=91.3
gca peak = 0.07631 (88)
mri peak = 0.07541 (89)
Brain_Stem (16): linear fit = 0.99 x + 0.0 (12964 voxels, overlap=0.816)
Brain_Stem (16): linear fit = 0.99 x + 0.0 (12964 voxels, peak = 87), gca=86.7
gca peak = 0.11589 (99)
mri peak = 0.09371 (101)
Right_VentralDC (60): linear fit = 1.00 x + 0.0 (1807 voxels, overlap=0.818)
Right_VentralDC (60): linear fit = 1.00 x + 0.0 (1807 voxels, peak = 99), gca=98.5
gca peak = 0.14669 (97)
mri peak = 0.08758 (101)
Left_VentralDC (28): linear fit = 1.00 x + 0.0 (1898 voxels, overlap=0.913)
Left_VentralDC (28): linear fit = 1.00 x + 0.0 (1898 voxels, peak = 97), gca=97.0
gca peak = 0.17584 (29)
mri peak = 0.21875 (28)
Third_Ventricle (14): linear fit = 0.99 x + 0.0 (96 voxels, overlap=0.879)
Third_Ventricle (14): linear fit = 0.99 x + 0.0 (96 voxels, peak = 29), gca=28.6
gca peak = 0.17406 (19)
mri peak = 0.14379 (26)
Fourth_Ventricle (15): linear fit = 1.39 x + 0.0 (232 voxels, overlap=0.359)
Fourth_Ventricle (15): linear fit = 1.39 x + 0.0 (232 voxels, peak = 27), gca=26.5
gca peak Unknown = 0.94777 ( 0)
gca peak Left_Inf_Lat_Vent = 0.17742 (36)
gca peak CSF = 0.18239 (47)
gca peak Left_Accumbens_area = 0.65617 (74)
gca peak Left_undetermined = 0.98480 (30)
gca peak Left_vessel = 0.63642 (53)
gca peak Left_choroid_plexus = 0.11176 (35)
gca peak Right_Inf_Lat_Vent = 0.25066 (32)
gca peak Right_Accumbens_area = 0.36594 (80)
gca peak Right_vessel = 0.77268 (52)
gca peak Right_choroid_plexus = 0.13289 (38)
gca peak Fifth_Ventricle = 0.77755 (41)
gca peak WM_hypointensities = 0.10310 (77)
gca peak non_WM_hypointensities = 0.11354 (41)
gca peak Optic_Chiasm = 0.60861 (76)
not using caudate to estimate GM means
estimating mean gm scale to be 1.00 x + 0.0
estimating mean wm scale to be 1.00 x + 0.0
estimating mean csf scale to be 1.16 x + 0.0
Left_Pallidum too bright - rescaling by 0.975 (from 1.045) to 100.9 (was 103.5)
Right_Pallidum too bright - rescaling by 0.965 (from 1.045) to 100.9 (was 104.5)
saving intensity scales to aseg.auto_noCCseg.label_intensities.txt
saving sequentially combined intensity scales to aseg.auto_noCCseg.label_intensities.txt
67371 voxels changed in iteration 0 of unlikely voxel relabeling
252 voxels changed in iteration 1 of unlikely voxel relabeling
10 voxels changed in iteration 2 of unlikely voxel relabeling
0 voxels changed in iteration 3 of unlikely voxel relabeling
100522 gm and wm labels changed (%33 to gray, %67 to white out of all changed labels)
410 hippocampal voxels changed.
0 amygdala voxels changed.
Reclassifying using Gibbs Priors
pass 1: 75417 changed. image ll: -2.104, PF=0.500
pass 2: 21285 changed. image ll: -2.102, PF=0.500
pass 3: 7174 changed.
pass 4: 2734 changed.
80103 voxels changed in iteration 0 of unlikely voxel relabeling
479 voxels changed in iteration 1 of unlikely voxel relabeling
44 voxels changed in iteration 2 of unlikely voxel relabeling
0 voxels changed in iteration 3 of unlikely voxel relabeling
6341 voxels changed in iteration 0 of unlikely voxel relabeling
201 voxels changed in iteration 1 of unlikely voxel relabeling
37 voxels changed in iteration 2 of unlikely voxel relabeling
0 voxels changed in iteration 3 of unlikely voxel relabeling
4985 voxels changed in iteration 0 of unlikely voxel relabeling
28 voxels changed in iteration 1 of unlikely voxel relabeling
0 voxels changed in iteration 2 of unlikely voxel relabeling
5379 voxels changed in iteration 0 of unlikely voxel relabeling
31 voxels changed in iteration 1 of unlikely voxel relabeling
0 voxels changed in iteration 2 of unlikely voxel relabeling
 !!!!!!!!! ventricle segment 1 with volume 6640 above threshold 100 - not erasing !!!!!!!!!!
 !!!!!!!!! ventricle segment 0 with volume 105 above threshold 100 - not erasing !!!!!!!!!!
 !!!!!!!!! ventricle segment 4 with volume 178 above threshold 100 - not erasing !!!!!!!!!!
 !!!!!!!!! ventricle segment 1 with volume 7864 above threshold 100 - not erasing !!!!!!!!!!
 !!!!!!!!! ventricle segment 2 with volume 425 above threshold 100 - not erasing !!!!!!!!!!
writing labeled volume to aseg.auto_noCCseg.mgz
mri_ca_label utimesec    1916.283194
mri_ca_label stimesec    3.733784
mri_ca_label ru_maxrss   2180028
mri_ca_label ru_ixrss    0
mri_ca_label ru_idrss    0
mri_ca_label ru_isrss    0
mri_ca_label ru_minflt   4211090
mri_ca_label ru_majflt   8
mri_ca_label ru_nswap    0
mri_ca_label ru_inblock  1142
mri_ca_label ru_oublock  664
mri_ca_label ru_msgsnd   0
mri_ca_label ru_msgrcv   0
mri_ca_label ru_nsignals 0
mri_ca_label ru_nvcsw    2928
mri_ca_label ru_nivcsw   1483
auto-labeling took 30 minutes and 50 seconds.
#--------------------------------------
#@# CC Seg Fri Mar 13 05:12:33 CET 2026

 mri_cc -aseg aseg.auto_noCCseg.mgz -o aseg.auto.mgz -lta /out/sourcedata/freesurfer/sub-v2s4x29588_ses-1/mri/transforms/cc_up.lta sub-v2s4x29588_ses-1 

will read input aseg from aseg.auto_noCCseg.mgz
writing aseg with cc labels to aseg.auto.mgz
will write lta as /out/sourcedata/freesurfer/sub-v2s4x29588_ses-1/mri/transforms/cc_up.lta
reading aseg from /out/sourcedata/freesurfer/sub-v2s4x29588_ses-1/mri/aseg.auto_noCCseg.mgz
reading norm from /out/sourcedata/freesurfer/sub-v2s4x29588_ses-1/mri/norm.mgz
79127 voxels in left wm, 81426 in right wm, xrange [119, 135]
searching rotation angles z=[-3 11], y=[-4 10]
searching scale 1 Z rot -2.8  searching scale 1 Z rot -2.6  searching scale 1 Z rot -2.3  searching scale 1 Z rot -2.1  searching scale 1 Z rot -1.8  searching scale 1 Z rot -1.6  searching scale 1 Z rot -1.3  searching scale 1 Z rot -1.1  searching scale 1 Z rot -0.8  searching scale 1 Z rot -0.6  searching scale 1 Z rot -0.3  searching scale 1 Z rot -0.1  searching scale 1 Z rot 0.2  searching scale 1 Z rot 0.4  searching scale 1 Z rot 0.7  searching scale 1 Z rot 0.9  searching scale 1 Z rot 1.2  searching scale 1 Z rot 1.4  searching scale 1 Z rot 1.7  searching scale 1 Z rot 1.9  searching scale 1 Z rot 2.2  searching scale 1 Z rot 2.4  searching scale 1 Z rot 2.7  searching scale 1 Z rot 2.9  searching scale 1 Z rot 3.2  searching scale 1 Z rot 3.4  searching scale 1 Z rot 3.7  searching scale 1 Z rot 3.9  searching scale 1 Z rot 4.2  searching scale 1 Z rot 4.4  searching scale 1 Z rot 4.7  searching scale 1 Z rot 4.9  searching scale 1 Z rot 5.2  searching scale 1 Z rot 5.4  searching scale 1 Z rot 5.7  searching scale 1 Z rot 5.9  searching scale 1 Z rot 6.2  searching scale 1 Z rot 6.4  searching scale 1 Z rot 6.7  searching scale 1 Z rot 6.9  searching scale 1 Z rot 7.2  searching scale 1 Z rot 7.4  searching scale 1 Z rot 7.7  searching scale 1 Z rot 7.9  searching scale 1 Z rot 8.2  searching scale 1 Z rot 8.4  searching scale 1 Z rot 8.7  searching scale 1 Z rot 8.9  searching scale 1 Z rot 9.2  searching scale 1 Z rot 9.4  searching scale 1 Z rot 9.7  searching scale 1 Z rot 9.9  searching scale 1 Z rot 10.2  searching scale 1 Z rot 10.4  searching scale 1 Z rot 10.7  searching scale 1 Z rot 10.9  global minimum found at slice 127.0, rotations (3.47, 4.18)
final transformation (x=127.0, yr=3.471, zr=4.183):
 0.99551  -0.07294   0.06038   0.12209;
 0.07280   0.99734   0.00442   41.44226;
-0.06054  -0.00000   0.99817   18.90372;
 0.00000   0.00000   0.00000   1.00000;
updating x range to be [126, 131] in xformed coordinates
best xformed slice 128
min_x_fornix = 125
min_x_fornix = 131
min_x_fornix = 145
min_x_fornix = 143
min_x_fornix = 134
cc center is found at 128 77 117
eigenvectors:
 0.00018   0.00641   0.99998;
-0.05211  -0.99862   0.00641;
 0.99864  -0.05211   0.00016;
error in mid anterior detected - correcting...
error in mid anterior detected - correcting...
error in mid anterior detected - correcting...
writing aseg with callosum to /out/sourcedata/freesurfer/sub-v2s4x29588_ses-1/mri/aseg.auto.mgz...
corpus callosum segmentation took 0.5 minutes
#VMPC# mri_cc VmPeak  556284
mri_cc done
#--------------------------------------
#@# Merge ASeg Fri Mar 13 05:13:04 CET 2026

 cp aseg.auto.mgz aseg.presurf.mgz 

#--------------------------------------------
#@# Intensity Normalization2 Fri Mar 13 05:13:04 CET 2026
/out/sourcedata/freesurfer/sub-v2s4x29588_ses-1/mri

 mri_normalize -seed 1234 -mprage -aseg aseg.presurf.mgz -mask brainmask.mgz norm.mgz brain.mgz 

setting seed for random number genererator to 1234
assuming input volume is MGH (Van der Kouwe) MP-RAGE
using segmentation for initial intensity normalization
using MR volume brainmask.mgz to mask input volume...
reading mri_src from norm.mgz...
Reading aseg aseg.presurf.mgz
normalizing image...
NOT doing gentle normalization with control points/label
processing with aseg
removing outliers in the aseg WM...
1084 control points removed
Building bias image
building Voronoi diagram...
performing soap bubble smoothing, sigma = 0...
Smoothing with sigma 8
Applying bias correction
building Voronoi diagram...
performing soap bubble smoothing, sigma = 8...

Iterating 2 times
---------------------------------
3d normalization pass 1 of 2
white matter peak found at 110
white matter peak found at 109
gm peak at 83 (83), valley at  0 (-1)
csf peak at 41, setting threshold to 69
building Voronoi diagram...
performing soap bubble smoothing, sigma = 8...
---------------------------------
3d normalization pass 2 of 2
white matter peak found at 110
white matter peak found at 110
gm peak at 84 (84), valley at  0 (-1)
csf peak at 42, setting threshold to 70
building Voronoi diagram...
performing soap bubble smoothing, sigma = 8...
Done iterating ---------------------------------
writing output to brain.mgz
3D bias adjustment took 1 minutes and 32 seconds.
#--------------------------------------------
#@# Mask BFS Fri Mar 13 05:14:37 CET 2026
/out/sourcedata/freesurfer/sub-v2s4x29588_ses-1/mri

 mri_mask -T 5 brain.mgz brainmask.mgz brain.finalsurfs.mgz 

threshold mask volume at 5
DoAbs = 0
Found 1623177 voxels in mask (pct=  9.67)
Writing masked volume to brain.finalsurfs.mgz...done.
#--------------------------------------------
#@# WM Segmentation Fri Mar 13 05:14:38 CET 2026

 AntsDenoiseImageFs -i brain.mgz -o antsdn.brain.mgz 


 mri_segment -wsizemm 13 -mprage antsdn.brain.mgz wm.seg.mgz 

wsizemm = 13, voxres = 1, wsize = 13
Widening wm low from 89 to 79
assuming input volume is MGH (Van der Kouwe) MP-RAGE
wm mean:  110
wsize:    13
wm low:   79
wm hi:    125
gray low: 30
gray hi:  99
Doing initial trinary intensity segmentation 
Using local statistics to label ambiguous voxels
Autodetecting stats
Computing class statistics for intensity windows...
CCS WM (102.0): 101.6 +- 5.2 [79.0 --> 125.0]
CCS GM (82.0) : 80.3 +- 10.2 [30.0 --> 95.0]
 white_mean 101.645
 white_sigma 5.22605
 gray_mean 80.2558
 gray_sigma 10.2316
setting bottom of white matter range wm_low to 90.5
setting top of gray matter range gray_hi to 100.7
 wm_low 90.4874
 wm_hi  125
 gray_low 30
 gray_hi  100.719
Redoing initial intensity segmentation...
Recomputing local statistics to label ambiguous voxels...
 wm_low 90.4874
 wm_hi  125
 gray_low 30
 gray_hi  100.719
using local geometry to label remaining ambiguous voxels...
polvwsize = 5, polvlen = 3, gray_hi = 100.719, wm_low = 90.4874
MRIcpolvMedianCurveSegment(): wsize=5, len=3, gmhi=100.719, wmlow=90.4874
    215450 voxels processed (1.28%)
    101562 voxels white (0.61%)
    113888 voxels non-white (0.68%)

Reclassifying voxels using Gaussian border classifier niter=1
MRIreclassify(): wm_low=85.4874, gray_hi=100.719, wsize=13
    422051 voxels tested (2.52%)
     72193 voxels changed (0.43%)
     70671 multi-scale searches  (0.42%)
Recovering bright white
MRIrecoverBrightWhite()
 wm_low 90.4874
 wm_hi 125
 slack 5.22605
 pct_thresh 0.33
 intensity_thresh 130.226
 nvox_thresh 8.58
        1 voxels tested (0.00%)
        1 voxels changed (0.00%)

removing voxels with positive offset direction...
MRIremoveWrongDirection() wsize=3, lowthr=85.4874, hithr=100.719
  smoothing input volume with sigma = 0.250
   174248 voxels tested (1.04%)
    22512 voxels changed (0.13%)
thicken = 1
removing 1-dimensional structures...
MRIremove1dStructures(): max_iter=10000, thresh=2, WM_MIN_VAL=5
 1668 sparsely connected voxels removed in 1 iterations
thickening thin strands....
thickness 4
nsegments 20
wm_hi 125
2240 diagonally connected voxels added...
MRIthickenThinWMStrands(): thickness=4, nsegments=20
  20 segments, 2313 filled
MRIfindBrightNonWM(): 0 bright non-wm voxels segmented.
MRIfilterMorphology() WM_MIN_VAL=5, DIAGONAL_FILL=230
white matter segmentation took 1.0 minutes
writing output to wm.seg.mgz...

 mri_edit_wm_with_aseg -keep-in wm.seg.mgz brain.mgz aseg.presurf.mgz wm.asegedit.mgz 

preserving editing changes in input volume...
auto filling took 0.33 minutes
reading wm segmentation from wm.seg.mgz...
0 voxels added to wm to prevent paths from MTL structures to cortex
5044 additional wm voxels added
0 additional wm voxels added
SEG EDIT: 44683 voxels turned on, 67183 voxels turned off.
propagating editing to output volume from wm.seg.mgz
writing edited volume to wm.asegedit.mgz....

 mri_pretess wm.asegedit.mgz wm norm.mgz wm.mgz 


Iteration Number : 1
pass   1 (xy+):  11 found -  11 modified     |    TOTAL:  11
pass   2 (xy+):   0 found -  11 modified     |    TOTAL:  11
pass   1 (xy-):  20 found -  20 modified     |    TOTAL:  31
pass   2 (xy-):   0 found -  20 modified     |    TOTAL:  31
pass   1 (yz+):  20 found -  20 modified     |    TOTAL:  51
pass   2 (yz+):   0 found -  20 modified     |    TOTAL:  51
pass   1 (yz-):  27 found -  27 modified     |    TOTAL:  78
pass   2 (yz-):   0 found -  27 modified     |    TOTAL:  78
pass   1 (xz+):  25 found -  25 modified     |    TOTAL: 103
pass   2 (xz+):   0 found -  25 modified     |    TOTAL: 103
pass   1 (xz-):  13 found -  13 modified     |    TOTAL: 116
pass   2 (xz-):   0 found -  13 modified     |    TOTAL: 116
Iteration Number : 1
pass   1 (+++):  18 found -  18 modified     |    TOTAL:  18
pass   2 (+++):   0 found -  18 modified     |    TOTAL:  18
pass   1 (+++):   2 found -   2 modified     |    TOTAL:  20
pass   2 (+++):   0 found -   2 modified     |    TOTAL:  20
pass   1 (+++):   5 found -   5 modified     |    TOTAL:  25
pass   2 (+++):   0 found -   5 modified     |    TOTAL:  25
pass   1 (+++):   2 found -   2 modified     |    TOTAL:  27
pass   2 (+++):   0 found -   2 modified     |    TOTAL:  27
Iteration Number : 1
pass   1 (++):  37 found -  37 modified     |    TOTAL:  37
pass   2 (++):   0 found -  37 modified     |    TOTAL:  37
pass   1 (+-):  41 found -  41 modified     |    TOTAL:  78
pass   2 (+-):   0 found -  41 modified     |    TOTAL:  78
pass   1 (--):  34 found -  34 modified     |    TOTAL: 112
pass   2 (--):   0 found -  34 modified     |    TOTAL: 112
pass   1 (-+):  26 found -  26 modified     |    TOTAL: 138
pass   2 (-+):   0 found -  26 modified     |    TOTAL: 138
Iteration Number : 2
pass   1 (xy+):   3 found -   3 modified     |    TOTAL:   3
pass   2 (xy+):   0 found -   3 modified     |    TOTAL:   3
pass   1 (xy-):   4 found -   4 modified     |    TOTAL:   7
pass   2 (xy-):   0 found -   4 modified     |    TOTAL:   7
pass   1 (yz+):   2 found -   2 modified     |    TOTAL:   9
pass   2 (yz+):   0 found -   2 modified     |    TOTAL:   9
pass   1 (yz-):   2 found -   2 modified     |    TOTAL:  11
pass   2 (yz-):   0 found -   2 modified     |    TOTAL:  11
pass   1 (xz+):   0 found -   0 modified     |    TOTAL:  11
pass   1 (xz-):   2 found -   2 modified     |    TOTAL:  13
pass   2 (xz-):   0 found -   2 modified     |    TOTAL:  13
Iteration Number : 2
pass   1 (+++):   0 found -   0 modified     |    TOTAL:   0
pass   1 (+++):   0 found -   0 modified     |    TOTAL:   0
pass   1 (+++):   0 found -   0 modified     |    TOTAL:   0
pass   1 (+++):   0 found -   0 modified     |    TOTAL:   0
Iteration Number : 2
pass   1 (++):   0 found -   0 modified     |    TOTAL:   0
pass   1 (+-):   1 found -   1 modified     |    TOTAL:   1
pass   2 (+-):   0 found -   1 modified     |    TOTAL:   1
pass   1 (--):   0 found -   0 modified     |    TOTAL:   1
pass   1 (-+):   1 found -   1 modified     |    TOTAL:   2
pass   2 (-+):   0 found -   1 modified     |    TOTAL:   2
Iteration Number : 3
pass   1 (xy+):   0 found -   0 modified     |    TOTAL:   0
pass   1 (xy-):   0 found -   0 modified     |    TOTAL:   0
pass   1 (yz+):   0 found -   0 modified     |    TOTAL:   0
pass   1 (yz-):   0 found -   0 modified     |    TOTAL:   0
pass   1 (xz+):   1 found -   1 modified     |    TOTAL:   1
pass   2 (xz+):   0 found -   1 modified     |    TOTAL:   1
pass   1 (xz-):   0 found -   0 modified     |    TOTAL:   1
Iteration Number : 3
pass   1 (+++):   0 found -   0 modified     |    TOTAL:   0
pass   1 (+++):   0 found -   0 modified     |    TOTAL:   0
pass   1 (+++):   0 found -   0 modified     |    TOTAL:   0
pass   1 (+++):   0 found -   0 modified     |    TOTAL:   0
Iteration Number : 3
pass   1 (++):   0 found -   0 modified     |    TOTAL:   0
pass   1 (+-):   0 found -   0 modified     |    TOTAL:   0
pass   1 (--):   0 found -   0 modified     |    TOTAL:   0
pass   1 (-+):   0 found -   0 modified     |    TOTAL:   0
Iteration Number : 4
pass   1 (xy+):   0 found -   0 modified     |    TOTAL:   0
pass   1 (xy-):   0 found -   0 modified     |    TOTAL:   0
pass   1 (yz+):   0 found -   0 modified     |    TOTAL:   0
pass   1 (yz-):   0 found -   0 modified     |    TOTAL:   0
pass   1 (xz+):   0 found -   0 modified     |    TOTAL:   0
pass   1 (xz-):   0 found -   0 modified     |    TOTAL:   0
Iteration Number : 4
pass   1 (+++):   0 found -   0 modified     |    TOTAL:   0
pass   1 (+++):   0 found -   0 modified     |    TOTAL:   0
pass   1 (+++):   0 found -   0 modified     |    TOTAL:   0
pass   1 (+++):   0 found -   0 modified     |    TOTAL:   0
Iteration Number : 4
pass   1 (++):   0 found -   0 modified     |    TOTAL:   0
pass   1 (+-):   0 found -   0 modified     |    TOTAL:   0
pass   1 (--):   0 found -   0 modified     |    TOTAL:   0
pass   1 (-+):   0 found -   0 modified     |    TOTAL:   0

Total Number of Modified Voxels = 297 (out of 659549: 0.045031)
binarizing input wm segmentation...
Ambiguous edge configurations... 

mri_pretess done

#--------------------------------------------
#@# Fill Fri Mar 13 05:16:27 CET 2026
/out/sourcedata/freesurfer/sub-v2s4x29588_ses-1/mri

 mri_fill -a ../scripts/ponscc.cut.log -xform transforms/talairach.lta -segmentation aseg.presurf.mgz -ctab /opt/freesurfer/SubCorticalMassLUT.txt wm.mgz filled.mgz 

logging cutting plane coordinates to ../scripts/ponscc.cut.log...
INFO: Using transforms/talairach.lta and its offset for Talairach volume ...
using segmentation aseg.presurf.mgz...
reading input volume...done.
searching for cutting planes...voxel to talairach voxel transform
 0.96820  -0.04112   0.09088  -5.05234;
 0.03802   1.03396   0.10378   4.14259;
-0.09462  -0.09494   0.99178   10.59837;
 0.00000   0.00000   0.00000   1.00000;
voxel to talairach voxel transform
 0.96820  -0.04112   0.09088  -5.05234;
 0.03802   1.03396   0.10378   4.14259;
-0.09462  -0.09494   0.99178   10.59837;
 0.00000   0.00000   0.00000   1.00000;
reading segmented volume aseg.presurf.mgz
removing CC from segmentation
Looking for area (min, max) = (350, 1400)
area[0] = 1013 (min = 350, max = 1400), aspect = 0.43 (min = 0.10, max = 0.75)
no need to search
using seed (127, 118, 147), TAL = (1.0, 19.0, 10.0)
talairach voxel to voxel transform
 1.02212   0.03174  -0.09698   6.06040;
-0.04692   0.95649  -0.09579  -3.18426;
 0.09302   0.09459   0.98986  -10.41286;
 0.00000   0.00000   0.00000   1.00000;
segmentation indicates cc at (127,  118,  147) --> (1.0, 19.0, 10.0)
done.
filling took 0.6 minutes
talairach cc position changed to (1.00, 19.00, 10.00)
Erasing brainstem...done.
seed_search_size = 9, min_neighbors = 5
search rh wm seed point around talairach space:(19.00, 19.00, 10.00) SRC: (106.96, 90.49, 156.40)
search lh wm seed point around talairach space (-17.00, 19.00, 10.00), SRC: (143.76, 88.80, 159.75)
compute mri_fill using aseg
Erasing Brain Stem and Cerebellum ...
Define left and right masks using aseg:
Building Voronoi diagram ...
Using the Voronoi diagram for separating WM into two hemispheres ...
Find the largest connected component for each hemisphere ...
Embedding colortable
mri_fill done, writing output to filled.mgz...
 cp filled.mgz filled.auto.mgz

Started at Fri Mar 13 04:01:19 CET 2026 
Ended   at Fri Mar 13 05:17:06 CET 2026
#@#%# recon-all-run-time-hours 1.263
recon-all -s sub-v2s4x29588_ses-1 finished without error at Fri Mar 13 05:17:06 CET 2026



#New# invocation of recon-all 




Fri Mar 13 06:10:57 CET 2026
cd /out/sourcedata/freesurfer/sub-v2s4x29588_ses-1
setenv SUBJECTS_DIR /out/sourcedata/freesurfer
/opt/freesurfer/bin/recon-all -parallel -subjid sub-v2s4x29588_ses-1 -sd /out/sourcedata/freesurfer -cortribbon

subjid sub-v2s4x29588_ses-1
setenv SUBJECTS_DIR /out/sourcedata/freesurfer
FREESURFER_HOME /opt/freesurfer
Actual FREESURFER_HOME /opt/freesurfer
build-stamp.txt: freesurfer-linux-ubuntu22_x86_64-7.3.2-20220804-6354275
Linux dna067 5.14.0-427.37.1.el9_4.x86_64 #1 SMP PREEMPT_DYNAMIC Fri Sep 13 12:41:50 EDT 2024 x86_64 x86_64 x86_64 GNU/Linux
cputime      unlimited
filesize     unlimited
datasize     unlimited
stacksize    8192 kbytes
coredumpsize 0 kbytes
memoryuse    67108864 kbytes
vmemoryuse   unlimited
descriptors  1024 
memorylocked unlimited
maxproc      2061970 
maxlocks     unlimited
maxsignal    2062029 
maxmessage   819200 
maxnice      0 
maxrtprio    0 
maxrttime    unlimited

               total        used        free      shared  buff/cache   available
Mem:           503Gi        55Gi       294Gi        26Gi       154Gi       418Gi
Swap:             0B          0B          0B

########################################
program versions used
7.3.2 (freesurfer-linux-ubuntu22_x86_64-7.3.2-20220804-6354275)
7.3.2

ProgramName: lta_convert  ProgramArguments: lta_convert -all-info  ProgramVersion: 7.3.2  TimeStamp: 2026/03/13-05:10:57-GMT  BuildTime: Aug  4 2022 06:17:15  BuildStamp: freesurfer-linux-ubuntu22_x86_64-7.3.2-20220804-6354275  User: oesteban  Machine: dna067  Platform: Linux  PlatformVersion: 5.14.0-427.37.1.el9_4.x86_64  CompilerName: GCC  CompilerVersion: 8.4.0
ProgramName: mri_and  ProgramArguments: mri_and -all-info  ProgramVersion: 7.3.2  TimeStamp: 2026/03/13-05:10:57-GMT  BuildTime: Aug  4 2022 06:17:15  BuildStamp: freesurfer-linux-ubuntu22_x86_64-7.3.2-20220804-6354275  User: oesteban  Machine: dna067  Platform: Linux  PlatformVersion: 5.14.0-427.37.1.el9_4.x86_64  CompilerName: GCC  CompilerVersion: 8.4.0
ProgramName: mri_annotation2label  ProgramArguments: mri_annotation2label -all-info  ProgramVersion: 7.3.2  TimeStamp: 2026/03/13-05:10:57-GMT  BuildTime: Aug  4 2022 06:17:15  BuildStamp: freesurfer-linux-ubuntu22_x86_64-7.3.2-20220804-6354275  User: oesteban  Machine: dna067  Platform: Linux  PlatformVersion: 5.14.0-427.37.1.el9_4.x86_64  CompilerName: GCC  CompilerVersion: 8.4.0
ProgramName: mri_aparc2aseg  ProgramArguments: mri_aparc2aseg -all-info  ProgramVersion: 7.3.2  TimeStamp: 2026/03/13-05:10:57-GMT  BuildTime: Aug  4 2022 06:17:15  BuildStamp: freesurfer-linux-ubuntu22_x86_64-7.3.2-20220804-6354275  User: oesteban  Machine: dna067  Platform: Linux  PlatformVersion: 5.14.0-427.37.1.el9_4.x86_64  CompilerName: GCC  CompilerVersion: 8.4.0
ProgramName: mri_surf2volseg  ProgramArguments: mri_surf2volseg -all-info  ProgramVersion: 7.3.2  TimeStamp: 2026/03/13-05:10:57-GMT  BuildTime: Aug  4 2022 06:17:15  BuildStamp: freesurfer-linux-ubuntu22_x86_64-7.3.2-20220804-6354275  User: oesteban  Machine: dna067  Platform: Linux  PlatformVersion: 5.14.0-427.37.1.el9_4.x86_64  CompilerName: GCC  CompilerVersion: 8.4.0
ProgramName: mri_binarize  ProgramArguments: mri_binarize -all-info  ProgramVersion: 7.3.2  TimeStamp: 2026/03/13-05:10:57-GMT  BuildTime: Aug  4 2022 06:17:15  BuildStamp: freesurfer-linux-ubuntu22_x86_64-7.3.2-20220804-6354275  User: oesteban  Machine: dna067  Platform: Linux  PlatformVersion: 5.14.0-427.37.1.el9_4.x86_64  CompilerName: GCC  CompilerVersion: 8.4.0
ProgramName: mri_ca_label  ProgramArguments: mri_ca_label -all-info  ProgramVersion: 7.3.2  TimeStamp: 2026/03/13-05:10:57-GMT  BuildTime: Aug  4 2022 06:17:15  BuildStamp: freesurfer-linux-ubuntu22_x86_64-7.3.2-20220804-6354275  User: oesteban  Machine: dna067  Platform: Linux  PlatformVersion: 5.14.0-427.37.1.el9_4.x86_64  CompilerName: GCC  CompilerVersion: 8.4.0
ProgramName: mri_ca_normalize  ProgramArguments: mri_ca_normalize -all-info  ProgramVersion: 7.3.2  TimeStamp: 2026/03/13-05:10:57-GMT  BuildTime: Aug  4 2022 06:17:15  BuildStamp: freesurfer-linux-ubuntu22_x86_64-7.3.2-20220804-6354275  User: oesteban  Machine: dna067  Platform: Linux  PlatformVersion: 5.14.0-427.37.1.el9_4.x86_64  CompilerName: GCC  CompilerVersion: 8.4.0
ProgramName: mri_ca_register  ProgramArguments: mri_ca_register -all-info  ProgramVersion: 7.3.2  TimeStamp: 2026/03/13-05:10:57-GMT  BuildTime: Aug  4 2022 06:17:15  BuildStamp: freesurfer-linux-ubuntu22_x86_64-7.3.2-20220804-6354275  User: oesteban  Machine: dna067  Platform: Linux  PlatformVersion: 5.14.0-427.37.1.el9_4.x86_64  CompilerName: GCC  CompilerVersion: 8.4.0
ProgramName: mri_cc  ProgramArguments: mri_cc -all-info  ProgramVersion: 7.3.2  TimeStamp: 2026/03/13-05:10:57-GMT  BuildTime: Aug  4 2022 06:17:15  BuildStamp: freesurfer-linux-ubuntu22_x86_64-7.3.2-20220804-6354275  User: oesteban  Machine: dna067  Platform: Linux  PlatformVersion: 5.14.0-427.37.1.el9_4.x86_64  CompilerName: GCC  CompilerVersion: 8.4.0
ProgramName: mri_compute_overlap  ProgramArguments: mri_compute_overlap -all-info  ProgramVersion: 7.3.2  TimeStamp: 2026/03/13-05:10:57-GMT  BuildTime: Aug  4 2022 06:17:15  BuildStamp: freesurfer-linux-ubuntu22_x86_64-7.3.2-20220804-6354275  User: oesteban  Machine: dna067  Platform: Linux  PlatformVersion: 5.14.0-427.37.1.el9_4.x86_64  CompilerName: GCC  CompilerVersion: 8.4.0
ProgramName: mri_compute_seg_overlap  ProgramArguments: mri_compute_seg_overlap -all-info  ProgramVersion: 7.3.2  TimeStamp: 2026/03/13-05:10:57-GMT  BuildTime: Aug  4 2022 06:17:15  BuildStamp: freesurfer-linux-ubuntu22_x86_64-7.3.2-20220804-6354275  User: oesteban  Machine: dna067  Platform: Linux  PlatformVersion: 5.14.0-427.37.1.el9_4.x86_64  CompilerName: GCC  CompilerVersion: 8.4.0
ProgramName: mri_concat  ProgramArguments: mri_concat -all-info  ProgramVersion: 7.3.2  TimeStamp: 2026/03/13-05:10:57-GMT  BuildTime: Aug  4 2022 06:17:15  BuildStamp: freesurfer-linux-ubuntu22_x86_64-7.3.2-20220804-6354275  User: oesteban  Machine: dna067  Platform: Linux  PlatformVersion: 5.14.0-427.37.1.el9_4.x86_64  CompilerName: GCC  CompilerVersion: 8.4.0
ProgramName: mri_concatenate_lta  ProgramArguments: mri_concatenate_lta -all-info  ProgramVersion: 7.3.2  TimeStamp: 2026/03/13-05:10:57-GMT  BuildTime: Aug  4 2022 06:17:15  BuildStamp: freesurfer-linux-ubuntu22_x86_64-7.3.2-20220804-6354275  User: oesteban  Machine: dna067  Platform: Linux  PlatformVersion: 5.14.0-427.37.1.el9_4.x86_64  CompilerName: GCC  CompilerVersion: 8.4.0
mri_convert -all-info 
ProgramName: mri_convert  ProgramArguments: mri_convert -all-info  ProgramVersion: 7.3.2  TimeStamp: 2026/03/13-05:10:57-GMT  BuildTime: Aug  4 2022 06:17:15  BuildStamp: freesurfer-linux-ubuntu22_x86_64-7.3.2-20220804-6354275  User: oesteban  Machine: dna067  Platform: Linux  PlatformVersion: 5.14.0-427.37.1.el9_4.x86_64  CompilerName: GCC  CompilerVersion: 8.4.0
ProgramName: mri_diff  ProgramArguments: mri_diff -all-info  ProgramVersion: 7.3.2  TimeStamp: 2026/03/13-05:10:57-GMT  BuildTime: Aug  4 2022 06:17:15  BuildStamp: freesurfer-linux-ubuntu22_x86_64-7.3.2-20220804-6354275  User: oesteban  Machine: dna067  Platform: Linux  PlatformVersion: 5.14.0-427.37.1.el9_4.x86_64  CompilerName: GCC  CompilerVersion: 8.4.0
ProgramName: mri_edit_wm_with_aseg  ProgramArguments: mri_edit_wm_with_aseg -all-info  ProgramVersion: 7.3.2  TimeStamp: 2026/03/13-05:10:57-GMT  BuildTime: Aug  4 2022 06:17:15  BuildStamp: freesurfer-linux-ubuntu22_x86_64-7.3.2-20220804-6354275  User: oesteban  Machine: dna067  Platform: Linux  PlatformVersion: 5.14.0-427.37.1.el9_4.x86_64  CompilerName: GCC  CompilerVersion: 8.4.0
ProgramName: mri_em_register  ProgramArguments: mri_em_register -all-info  ProgramVersion: 7.3.2  TimeStamp: 2026/03/13-05:10:57-GMT  BuildTime: Aug  4 2022 06:17:15  BuildStamp: freesurfer-linux-ubuntu22_x86_64-7.3.2-20220804-6354275  User: oesteban  Machine: dna067  Platform: Linux  PlatformVersion: 5.14.0-427.37.1.el9_4.x86_64  CompilerName: GCC  CompilerVersion: 8.4.0
ProgramName: mri_fill  ProgramArguments: mri_fill -all-info  ProgramVersion: 7.3.2  TimeStamp: 2026/03/13-05:10:57-GMT  BuildTime: Aug  4 2022 06:17:15  BuildStamp: freesurfer-linux-ubuntu22_x86_64-7.3.2-20220804-6354275  User: oesteban  Machine: dna067  Platform: Linux  PlatformVersion: 5.14.0-427.37.1.el9_4.x86_64  CompilerName: GCC  CompilerVersion: 8.4.0
ProgramName: mri_fuse_segmentations  ProgramArguments: mri_fuse_segmentations -all-info  ProgramVersion: 7.3.2  TimeStamp: 2026/03/13-05:10:57-GMT  BuildTime: Aug  4 2022 06:17:15  BuildStamp: freesurfer-linux-ubuntu22_x86_64-7.3.2-20220804-6354275  User: oesteban  Machine: dna067  Platform: Linux  PlatformVersion: 5.14.0-427.37.1.el9_4.x86_64  CompilerName: GCC  CompilerVersion: 8.4.0
ProgramName: mri_fwhm  ProgramArguments: mri_fwhm -all-info  ProgramVersion: 7.3.2  TimeStamp: 2026/03/13-05:10:57-GMT  BuildTime: Aug  4 2022 06:17:15  BuildStamp: freesurfer-linux-ubuntu22_x86_64-7.3.2-20220804-6354275  User: oesteban  Machine: dna067  Platform: Linux  PlatformVersion: 5.14.0-427.37.1.el9_4.x86_64  CompilerName: GCC  CompilerVersion: 8.4.0
ProgramName: mri_gcut  ProgramArguments: mri_gcut -all-info  ProgramVersion: 7.3.2  TimeStamp: 2026/03/13-05:10:57-GMT  BuildTime: Aug  4 2022 06:17:15  BuildStamp: freesurfer-linux-ubuntu22_x86_64-7.3.2-20220804-6354275  User: oesteban  Machine: dna067  Platform: Linux  PlatformVersion: 5.14.0-427.37.1.el9_4.x86_64  CompilerName: GCC  CompilerVersion: 8.4.0
ProgramName: mri_info  ProgramArguments: mri_info -all-info  ProgramVersion: 7.3.2  TimeStamp: 2026/03/13-05:10:57-GMT  BuildTime: Aug  4 2022 06:17:15  BuildStamp: freesurfer-linux-ubuntu22_x86_64-7.3.2-20220804-6354275  User: oesteban  Machine: dna067  Platform: Linux  PlatformVersion: 5.14.0-427.37.1.el9_4.x86_64  CompilerName: GCC  CompilerVersion: 8.4.0
ProgramName: mri_label2label  ProgramArguments: mri_label2label -all-info  ProgramVersion: 7.3.2  TimeStamp: 2026/03/13-05:10:57-GMT  BuildTime: Aug  4 2022 06:17:15  BuildStamp: freesurfer-linux-ubuntu22_x86_64-7.3.2-20220804-6354275  User: oesteban  Machine: dna067  Platform: Linux  PlatformVersion: 5.14.0-427.37.1.el9_4.x86_64  CompilerName: GCC  CompilerVersion: 8.4.0
ProgramName: mri_label2vol  ProgramArguments: mri_label2vol -all-info  ProgramVersion: 7.3.2  TimeStamp: 2026/03/13-05:10:57-GMT  BuildTime: Aug  4 2022 06:17:15  BuildStamp: freesurfer-linux-ubuntu22_x86_64-7.3.2-20220804-6354275  User: oesteban  Machine: dna067  Platform: Linux  PlatformVersion: 5.14.0-427.37.1.el9_4.x86_64  CompilerName: GCC  CompilerVersion: 8.4.0
ProgramName: mri_log_likelihood  ProgramArguments: mri_log_likelihood -all-info  ProgramVersion: 7.3.2  TimeStamp: 2026/03/13-05:10:57-GMT  BuildTime: Aug  4 2022 06:17:15  BuildStamp: freesurfer-linux-ubuntu22_x86_64-7.3.2-20220804-6354275  User: oesteban  Machine: dna067  Platform: Linux  PlatformVersion: 5.14.0-427.37.1.el9_4.x86_64  CompilerName: GCC  CompilerVersion: 8.4.0
ProgramName: mri_mask  ProgramArguments: mri_mask -all-info  ProgramVersion: 7.3.2  TimeStamp: 2026/03/13-05:10:57-GMT  BuildTime: Aug  4 2022 06:17:15  BuildStamp: freesurfer-linux-ubuntu22_x86_64-7.3.2-20220804-6354275  User: oesteban  Machine: dna067  Platform: Linux  PlatformVersion: 5.14.0-427.37.1.el9_4.x86_64  CompilerName: GCC  CompilerVersion: 8.4.0
ProgramName: mri_matrix_multiply  ProgramArguments: mri_matrix_multiply -all-info  ProgramVersion: 7.3.2  TimeStamp: 2026/03/13-05:10:57-GMT  BuildTime: Aug  4 2022 06:17:15  BuildStamp: freesurfer-linux-ubuntu22_x86_64-7.3.2-20220804-6354275  User: oesteban  Machine: dna067  Platform: Linux  PlatformVersion: 5.14.0-427.37.1.el9_4.x86_64  CompilerName: GCC  CompilerVersion: 8.4.0
ProgramName: mri_normalize  ProgramArguments: mri_normalize -all-info  ProgramVersion: 7.3.2  TimeStamp: 2026/03/13-05:10:57-GMT  BuildTime: Aug  4 2022 06:17:15  BuildStamp: freesurfer-linux-ubuntu22_x86_64-7.3.2-20220804-6354275  User: oesteban  Machine: dna067  Platform: Linux  PlatformVersion: 5.14.0-427.37.1.el9_4.x86_64  CompilerName: GCC  CompilerVersion: 8.4.0
ProgramName: mri_normalize_tp2  ProgramArguments: mri_normalize_tp2 -all-info  ProgramVersion: 7.3.2  TimeStamp: 2026/03/13-05:10:57-GMT  BuildTime: Aug  4 2022 06:17:15  BuildStamp: freesurfer-linux-ubuntu22_x86_64-7.3.2-20220804-6354275  User: oesteban  Machine: dna067  Platform: Linux  PlatformVersion: 5.14.0-427.37.1.el9_4.x86_64  CompilerName: GCC  CompilerVersion: 8.4.0
ProgramName: mri_or  ProgramArguments: mri_or -all-info  ProgramVersion: 7.3.2  TimeStamp: 2026/03/13-05:10:57-GMT  BuildTime: Aug  4 2022 06:17:15  BuildStamp: freesurfer-linux-ubuntu22_x86_64-7.3.2-20220804-6354275  User: oesteban  Machine: dna067  Platform: Linux  PlatformVersion: 5.14.0-427.37.1.el9_4.x86_64  CompilerName: GCC  CompilerVersion: 8.4.0
ProgramName: mri_relabel_hypointensities  ProgramArguments: mri_relabel_hypointensities -all-info  ProgramVersion: 7.3.2  TimeStamp: 2026/03/13-05:10:57-GMT  BuildTime: Aug  4 2022 06:17:15  BuildStamp: freesurfer-linux-ubuntu22_x86_64-7.3.2-20220804-6354275  User: oesteban  Machine: dna067  Platform: Linux  PlatformVersion: 5.14.0-427.37.1.el9_4.x86_64  CompilerName: GCC  CompilerVersion: 8.4.0
ProgramName: mri_relabel_nonwm_hypos  ProgramArguments: mri_relabel_nonwm_hypos -all-info  ProgramVersion: 7.3.2  TimeStamp: 2026/03/13-05:10:57-GMT  BuildTime: Aug  4 2022 06:17:15  BuildStamp: freesurfer-linux-ubuntu22_x86_64-7.3.2-20220804-6354275  User: oesteban  Machine: dna067  Platform: Linux  PlatformVersion: 5.14.0-427.37.1.el9_4.x86_64  CompilerName: GCC  CompilerVersion: 8.4.0
ProgramName: mri_remove_neck  ProgramArguments: mri_remove_neck -all-info  ProgramVersion: 7.3.2  TimeStamp: 2026/03/13-05:10:57-GMT  BuildTime: Aug  4 2022 06:17:15  BuildStamp: freesurfer-linux-ubuntu22_x86_64-7.3.2-20220804-6354275  User: oesteban  Machine: dna067  Platform: Linux  PlatformVersion: 5.14.0-427.37.1.el9_4.x86_64  CompilerName: GCC  CompilerVersion: 8.4.0
7.3.2

ProgramName: mri_robust_register  ProgramArguments: mri_robust_register -all-info  ProgramVersion: 7.3.2  TimeStamp: 2026/03/13-05:10:57-GMT  BuildTime: Aug  4 2022 06:17:15  BuildStamp: freesurfer-linux-ubuntu22_x86_64-7.3.2-20220804-6354275  User: oesteban  Machine: dna067  Platform: Linux  PlatformVersion: 5.14.0-427.37.1.el9_4.x86_64  CompilerName: GCC  CompilerVersion: 8.4.0
7.3.2

ProgramName: mri_robust_template  ProgramArguments: mri_robust_template -all-info  ProgramVersion: 7.3.2  TimeStamp: 2026/03/13-05:10:57-GMT  BuildTime: Aug  4 2022 06:17:15  BuildStamp: freesurfer-linux-ubuntu22_x86_64-7.3.2-20220804-6354275  User: oesteban  Machine: dna067  Platform: Linux  PlatformVersion: 5.14.0-427.37.1.el9_4.x86_64  CompilerName: GCC  CompilerVersion: 8.4.0
ProgramName: mris_anatomical_stats  ProgramArguments: mris_anatomical_stats -all-info  ProgramVersion: 7.3.2  TimeStamp: 2026/03/13-05:10:57-GMT  BuildTime: Aug  4 2022 06:17:15  BuildStamp: freesurfer-linux-ubuntu22_x86_64-7.3.2-20220804-6354275  User: oesteban  Machine: dna067  Platform: Linux  PlatformVersion: 5.14.0-427.37.1.el9_4.x86_64  CompilerName: GCC  CompilerVersion: 8.4.0
ProgramName: mris_ca_label  ProgramArguments: mris_ca_label -all-info  ProgramVersion: 7.3.2  TimeStamp: 2026/03/13-05:10:57-GMT  BuildTime: Aug  4 2022 06:17:15  BuildStamp: freesurfer-linux-ubuntu22_x86_64-7.3.2-20220804-6354275  User: oesteban  Machine: dna067  Platform: Linux  PlatformVersion: 5.14.0-427.37.1.el9_4.x86_64  CompilerName: GCC  CompilerVersion: 8.4.0
ProgramName: mris_calc  ProgramArguments: mris_calc -all-info  ProgramVersion: 7.3.2  TimeStamp: 2026/03/13-05:10:57-GMT  BuildTime: Aug  4 2022 06:17:15  BuildStamp: freesurfer-linux-ubuntu22_x86_64-7.3.2-20220804-6354275  User: oesteban  Machine: dna067  Platform: Linux  PlatformVersion: 5.14.0-427.37.1.el9_4.x86_64  CompilerName: GCC  CompilerVersion: 8.4.0
ProgramName: mris_convert  ProgramArguments: mris_convert -all-info  ProgramVersion: 7.3.2  TimeStamp: 2026/03/13-05:10:57-GMT  BuildTime: Aug  4 2022 06:17:15  BuildStamp: freesurfer-linux-ubuntu22_x86_64-7.3.2-20220804-6354275  User: oesteban  Machine: dna067  Platform: Linux  PlatformVersion: 5.14.0-427.37.1.el9_4.x86_64  CompilerName: GCC  CompilerVersion: 8.4.0
ProgramName: mris_curvature  ProgramArguments: mris_curvature -all-info  ProgramVersion: 7.3.2  TimeStamp: 2026/03/13-05:10:57-GMT  BuildTime: Aug  4 2022 06:17:15  BuildStamp: freesurfer-linux-ubuntu22_x86_64-7.3.2-20220804-6354275  User: oesteban  Machine: dna067  Platform: Linux  PlatformVersion: 5.14.0-427.37.1.el9_4.x86_64  CompilerName: GCC  CompilerVersion: 8.4.0
ProgramName: mris_curvature_stats  ProgramArguments: mris_curvature_stats -all-info  ProgramVersion: 7.3.2  TimeStamp: 2026/03/13-05:10:57-GMT  BuildTime: Aug  4 2022 06:17:15  BuildStamp: freesurfer-linux-ubuntu22_x86_64-7.3.2-20220804-6354275  User: oesteban  Machine: dna067  Platform: Linux  PlatformVersion: 5.14.0-427.37.1.el9_4.x86_64  CompilerName: GCC  CompilerVersion: 8.4.0
ProgramName: mris_diff  ProgramArguments: mris_diff -all-info  ProgramVersion: 7.3.2  TimeStamp: 2026/03/13-05:10:57-GMT  BuildTime: Aug  4 2022 06:17:15  BuildStamp: freesurfer-linux-ubuntu22_x86_64-7.3.2-20220804-6354275  User: oesteban  Machine: dna067  Platform: Linux  PlatformVersion: 5.14.0-427.37.1.el9_4.x86_64  CompilerName: GCC  CompilerVersion: 8.4.0
ProgramName: mris_divide_parcellation  ProgramArguments: mris_divide_parcellation -all-info  ProgramVersion: 7.3.2  TimeStamp: 2026/03/13-05:10:57-GMT  BuildTime: Aug  4 2022 06:17:15  BuildStamp: freesurfer-linux-ubuntu22_x86_64-7.3.2-20220804-6354275  User: oesteban  Machine: dna067  Platform: Linux  PlatformVersion: 5.14.0-427.37.1.el9_4.x86_64  CompilerName: GCC  CompilerVersion: 8.4.0
ProgramName: mri_segment  ProgramArguments: mri_segment -all-info  ProgramVersion: 7.3.2  TimeStamp: 2026/03/13-05:10:57-GMT  BuildTime: Aug  4 2022 06:17:15  BuildStamp: freesurfer-linux-ubuntu22_x86_64-7.3.2-20220804-6354275  User: oesteban  Machine: dna067  Platform: Linux  PlatformVersion: 5.14.0-427.37.1.el9_4.x86_64  CompilerName: GCC  CompilerVersion: 8.4.0
ProgramName: mri_segstats  ProgramArguments: mri_segstats -all-info  ProgramVersion: 7.3.2  TimeStamp: 2026/03/13-05:10:57-GMT  BuildTime: Aug  4 2022 06:17:15  BuildStamp: freesurfer-linux-ubuntu22_x86_64-7.3.2-20220804-6354275  User: oesteban  Machine: dna067  Platform: Linux  PlatformVersion: 5.14.0-427.37.1.el9_4.x86_64  CompilerName: GCC  CompilerVersion: 8.4.0
ProgramName: mris_euler_number  ProgramArguments: mris_euler_number -all-info  ProgramVersion: 7.3.2  TimeStamp: 2026/03/13-05:10:57-GMT  BuildTime: Aug  4 2022 06:17:15  BuildStamp: freesurfer-linux-ubuntu22_x86_64-7.3.2-20220804-6354275  User: oesteban  Machine: dna067  Platform: Linux  PlatformVersion: 5.14.0-427.37.1.el9_4.x86_64  CompilerName: GCC  CompilerVersion: 8.4.0
ProgramName: mris_fix_topology  ProgramArguments: mris_fix_topology -all-info  ProgramVersion: 7.3.2  TimeStamp: 2026/03/13-05:10:57-GMT  BuildTime: Aug  4 2022 06:17:15  BuildStamp: freesurfer-linux-ubuntu22_x86_64-7.3.2-20220804-6354275  User: oesteban  Machine: dna067  Platform: Linux  PlatformVersion: 5.14.0-427.37.1.el9_4.x86_64  CompilerName: GCC  CompilerVersion: 8.4.0
ProgramName: mris_topo_fixer  ProgramArguments: mris_topo_fixer -all-info  ProgramVersion: 7.3.2  TimeStamp: 2026/03/13-05:10:57-GMT  BuildTime: Aug  4 2022 06:17:15  BuildStamp: freesurfer-linux-ubuntu22_x86_64-7.3.2-20220804-6354275  User: oesteban  Machine: dna067  Platform: Linux  PlatformVersion: 5.14.0-427.37.1.el9_4.x86_64  CompilerName: GCC  CompilerVersion: 8.4.0
ProgramName: mris_jacobian  ProgramArguments: mris_jacobian -all-info  ProgramVersion: 7.3.2  TimeStamp: 2026/03/13-05:10:57-GMT  BuildTime: Aug  4 2022 06:17:15  BuildStamp: freesurfer-linux-ubuntu22_x86_64-7.3.2-20220804-6354275  User: oesteban  Machine: dna067  Platform: Linux  PlatformVersion: 5.14.0-427.37.1.el9_4.x86_64  CompilerName: GCC  CompilerVersion: 8.4.0
ProgramName: mris_label2annot  ProgramArguments: mris_label2annot -all-info  ProgramVersion: 7.3.2  TimeStamp: 2026/03/13-05:10:57-GMT  BuildTime: Aug  4 2022 06:17:15  BuildStamp: freesurfer-linux-ubuntu22_x86_64-7.3.2-20220804-6354275  User: oesteban  Machine: dna067  Platform: Linux  PlatformVersion: 5.14.0-427.37.1.el9_4.x86_64  CompilerName: GCC  CompilerVersion: 8.4.0
ProgramName: mris_left_right_register  ProgramArguments: mris_left_right_register -all-info  ProgramVersion: 7.3.2  TimeStamp: 2026/03/13-05:10:57-GMT  BuildTime: Aug  4 2022 06:17:15  BuildStamp: freesurfer-linux-ubuntu22_x86_64-7.3.2-20220804-6354275  User: oesteban  Machine: dna067  Platform: Linux  PlatformVersion: 5.14.0-427.37.1.el9_4.x86_64  CompilerName: GCC  CompilerVersion: 8.4.0
ProgramName: mris_place_surface  ProgramArguments: mris_place_surface -all-info  ProgramVersion: 7.3.2  TimeStamp: 2026/03/13-05:10:57-GMT  BuildTime: Aug  4 2022 06:17:15  BuildStamp: freesurfer-linux-ubuntu22_x86_64-7.3.2-20220804-6354275  User: oesteban  Machine: dna067  Platform: Linux  PlatformVersion: 5.14.0-427.37.1.el9_4.x86_64  CompilerName: GCC  CompilerVersion: 8.4.0
ProgramName: mrisp_paint  ProgramArguments: mrisp_paint -all-info  ProgramVersion: 7.3.2  TimeStamp: 2026/03/13-05:10:57-GMT  BuildTime: Aug  4 2022 06:17:15  BuildStamp: freesurfer-linux-ubuntu22_x86_64-7.3.2-20220804-6354275  User: oesteban  Machine: dna067  Platform: Linux  PlatformVersion: 5.14.0-427.37.1.el9_4.x86_64  CompilerName: GCC  CompilerVersion: 8.4.0
ProgramName: mris_register  ProgramArguments: mris_register -all-info  ProgramVersion: 7.3.2  TimeStamp: 2026/03/13-05:10:57-GMT  BuildTime: Aug  4 2022 06:17:15  BuildStamp: freesurfer-linux-ubuntu22_x86_64-7.3.2-20220804-6354275  User: oesteban  Machine: dna067  Platform: Linux  PlatformVersion: 5.14.0-427.37.1.el9_4.x86_64  CompilerName: GCC  CompilerVersion: 8.4.0
ProgramName: mris_smooth  ProgramArguments: mris_smooth -all-info  ProgramVersion: 7.3.2  TimeStamp: 2026/03/13-05:10:57-GMT  BuildTime: Aug  4 2022 06:17:15  BuildStamp: freesurfer-linux-ubuntu22_x86_64-7.3.2-20220804-6354275  User: oesteban  Machine: dna067  Platform: Linux  PlatformVersion: 5.14.0-427.37.1.el9_4.x86_64  CompilerName: GCC  CompilerVersion: 8.4.0
ProgramName: mris_sphere  ProgramArguments: mris_sphere -all-info  ProgramVersion: 7.3.2  TimeStamp: 2026/03/13-05:10:57-GMT  BuildTime: Aug  4 2022 06:17:15  BuildStamp: freesurfer-linux-ubuntu22_x86_64-7.3.2-20220804-6354275  User: oesteban  Machine: dna067  Platform: Linux  PlatformVersion: 5.14.0-427.37.1.el9_4.x86_64  CompilerName: GCC  CompilerVersion: 8.4.0
ProgramName: mris_surface_stats  ProgramArguments: mris_surface_stats -all-info  ProgramVersion: 7.3.2  TimeStamp: 2026/03/13-05:10:57-GMT  BuildTime: Aug  4 2022 06:17:15  BuildStamp: freesurfer-linux-ubuntu22_x86_64-7.3.2-20220804-6354275  User: oesteban  Machine: dna067  Platform: Linux  PlatformVersion: 5.14.0-427.37.1.el9_4.x86_64  CompilerName: GCC  CompilerVersion: 8.4.0
ProgramName: mri_stats2seg  ProgramArguments: mri_stats2seg -all-info  ProgramVersion: 7.3.2  TimeStamp: 2026/03/13-05:10:57-GMT  BuildTime: Aug  4 2022 06:17:15  BuildStamp: freesurfer-linux-ubuntu22_x86_64-7.3.2-20220804-6354275  User: oesteban  Machine: dna067  Platform: Linux  PlatformVersion: 5.14.0-427.37.1.el9_4.x86_64  CompilerName: GCC  CompilerVersion: 8.4.0
ProgramName: mris_thickness  ProgramArguments: mris_thickness -all-info  ProgramVersion: 7.3.2  TimeStamp: 2026/03/13-05:10:57-GMT  BuildTime: Aug  4 2022 06:17:15  BuildStamp: freesurfer-linux-ubuntu22_x86_64-7.3.2-20220804-6354275  User: oesteban  Machine: dna067  Platform: Linux  PlatformVersion: 5.14.0-427.37.1.el9_4.x86_64  CompilerName: GCC  CompilerVersion: 8.4.0
ProgramName: mris_thickness_diff  ProgramArguments: mris_thickness_diff -all-info  ProgramVersion: 7.3.2  TimeStamp: 2026/03/13-05:10:57-GMT  BuildTime: Aug  4 2022 06:17:15  BuildStamp: freesurfer-linux-ubuntu22_x86_64-7.3.2-20220804-6354275  User: oesteban  Machine: dna067  Platform: Linux  PlatformVersion: 5.14.0-427.37.1.el9_4.x86_64  CompilerName: GCC  CompilerVersion: 8.4.0
ProgramName: mris_topo_fixer  ProgramArguments: mris_topo_fixer -all-info  ProgramVersion: 7.3.2  TimeStamp: 2026/03/13-05:10:57-GMT  BuildTime: Aug  4 2022 06:17:15  BuildStamp: freesurfer-linux-ubuntu22_x86_64-7.3.2-20220804-6354275  User: oesteban  Machine: dna067  Platform: Linux  PlatformVersion: 5.14.0-427.37.1.el9_4.x86_64  CompilerName: GCC  CompilerVersion: 8.4.0
ProgramName: mri_surf2surf  ProgramArguments: mri_surf2surf -all-info  ProgramVersion: 7.3.2  TimeStamp: 2026/03/13-05:10:57-GMT  BuildTime: Aug  4 2022 06:17:15  BuildStamp: freesurfer-linux-ubuntu22_x86_64-7.3.2-20220804-6354275  User: oesteban  Machine: dna067  Platform: Linux  PlatformVersion: 5.14.0-427.37.1.el9_4.x86_64  CompilerName: GCC  CompilerVersion: 8.4.0
ProgramName: mri_surf2vol  ProgramArguments: mri_surf2vol -all-info  ProgramVersion: 7.3.2  TimeStamp: 2026/03/13-05:10:57-GMT  BuildTime: Aug  4 2022 06:17:15  BuildStamp: freesurfer-linux-ubuntu22_x86_64-7.3.2-20220804-6354275  User: oesteban  Machine: dna067  Platform: Linux  PlatformVersion: 5.14.0-427.37.1.el9_4.x86_64  CompilerName: GCC  CompilerVersion: 8.4.0
ProgramName: mri_surfcluster  ProgramArguments: mri_surfcluster -all-info  ProgramVersion: 7.3.2  TimeStamp: 2026/03/13-05:10:57-GMT  BuildTime: Aug  4 2022 06:17:15  BuildStamp: freesurfer-linux-ubuntu22_x86_64-7.3.2-20220804-6354275  User: oesteban  Machine: dna067  Platform: Linux  PlatformVersion: 5.14.0-427.37.1.el9_4.x86_64  CompilerName: GCC  CompilerVersion: 8.4.0
ProgramName: mris_volmask  ProgramArguments: mris_volmask -all-info  ProgramVersion: 7.3.2  TimeStamp: 2026/03/13-05:10:57-GMT  BuildTime: Aug  4 2022 06:17:15  BuildStamp: freesurfer-linux-ubuntu22_x86_64-7.3.2-20220804-6354275  User: oesteban  Machine: dna067  Platform: Linux  PlatformVersion: 5.14.0-427.37.1.el9_4.x86_64  CompilerName: GCC  CompilerVersion: 8.4.0
ProgramName: mri_tessellate  ProgramArguments: mri_tessellate -all-info  ProgramVersion: 7.3.2  TimeStamp: 2026/03/13-05:10:57-GMT  BuildTime: Aug  4 2022 06:17:15  BuildStamp: freesurfer-linux-ubuntu22_x86_64-7.3.2-20220804-6354275  User: oesteban  Machine: dna067  Platform: Linux  PlatformVersion: 5.14.0-427.37.1.el9_4.x86_64  CompilerName: GCC  CompilerVersion: 8.4.0
ProgramName: mri_vol2surf  ProgramArguments: mri_vol2surf -all-info  ProgramVersion: 7.3.2  TimeStamp: 2026/03/13-05:10:57-GMT  BuildTime: Aug  4 2022 06:17:15  BuildStamp: freesurfer-linux-ubuntu22_x86_64-7.3.2-20220804-6354275  User: oesteban  Machine: dna067  Platform: Linux  PlatformVersion: 5.14.0-427.37.1.el9_4.x86_64  CompilerName: GCC  CompilerVersion: 8.4.0
ProgramName: mri_vol2vol  ProgramArguments: mri_vol2vol -all-info  ProgramVersion: 7.3.2  TimeStamp: 2026/03/13-05:10:57-GMT  BuildTime: Aug  4 2022 06:17:15  BuildStamp: freesurfer-linux-ubuntu22_x86_64-7.3.2-20220804-6354275  User: oesteban  Machine: dna067  Platform: Linux  PlatformVersion: 5.14.0-427.37.1.el9_4.x86_64  CompilerName: GCC  CompilerVersion: 8.4.0
ProgramName: mri_voldiff  ProgramArguments: mri_voldiff -all-info  ProgramVersion: 7.3.2  TimeStamp: 2026/03/13-05:10:57-GMT  BuildTime: Aug  4 2022 06:17:15  BuildStamp: freesurfer-linux-ubuntu22_x86_64-7.3.2-20220804-6354275  User: oesteban  Machine: dna067  Platform: Linux  PlatformVersion: 5.14.0-427.37.1.el9_4.x86_64  CompilerName: GCC  CompilerVersion: 8.4.0
ProgramName: mri_watershed  ProgramArguments: mri_watershed -all-info  ProgramVersion: 7.3.2  TimeStamp: 2026/03/13-05:10:57-GMT  BuildTime: Aug  4 2022 06:17:15  BuildStamp: freesurfer-linux-ubuntu22_x86_64-7.3.2-20220804-6354275  User: oesteban  Machine: dna067  Platform: Linux  PlatformVersion: 5.14.0-427.37.1.el9_4.x86_64  CompilerName: GCC  CompilerVersion: 8.4.0
ProgramName: tkregister2  ProgramArguments: tkregister2_cmdl -all-info  ProgramVersion: 7.3.2  TimeStamp: 2026/03/13-05:10:57-GMT  BuildTime: Aug  4 2022 06:17:15  BuildStamp: freesurfer-linux-ubuntu22_x86_64-7.3.2-20220804-6354275  User: oesteban  Machine: dna067  Platform: Linux  PlatformVersion: 5.14.0-427.37.1.el9_4.x86_64  CompilerName: GCC  CompilerVersion: 8.4.0
mri_motion_correct.fsl 7.3.2
mri_convert -all-info 
ProgramName: mri_convert  ProgramArguments: mri_convert -all-info  ProgramVersion: 7.3.2  TimeStamp: 2026/03/13-05:10:57-GMT  BuildTime: Aug  4 2022 06:17:15  BuildStamp: freesurfer-linux-ubuntu22_x86_64-7.3.2-20220804-6354275  User: oesteban  Machine: dna067  Platform: Linux  PlatformVersion: 5.14.0-427.37.1.el9_4.x86_64  CompilerName: GCC  CompilerVersion: 8.4.0
Program nu_correct, built from:
Package MNI N3, version 1.12.0, compiled by nicks@terrier (x86_64-unknown-linux-gnu) on 2015-06-19 at 01:25:34
#######################################
GCADIR /opt/freesurfer/average
GCA RB_all_2020-01-02.gca
GCASkull RB_all_withskull_2020_01_02.gca
AvgCurvTif folding.atlas.acfb40.noaparc.i12.2016-08-02.tif
GCSDIR /opt/freesurfer/average
GCS DKaparc.atlas.acfb40.noaparc.i12.2016-08-02.gcs
#######################################
#@# white curv lh Fri Mar 13 06:10:57 CET 2026
cd /out/sourcedata/freesurfer/sub-v2s4x29588_ses-1/mri
mris_place_surface --curv-map ../surf/lh.white 2 10 ../surf/lh.curv
   Update not needed
#@# white area lh Fri Mar 13 06:10:57 CET 2026
cd /out/sourcedata/freesurfer/sub-v2s4x29588_ses-1/mri
mris_place_surface --area-map ../surf/lh.white ../surf/lh.area
   Update not needed
#@# pial curv lh Fri Mar 13 06:10:57 CET 2026
cd /out/sourcedata/freesurfer/sub-v2s4x29588_ses-1/mri
mris_place_surface --curv-map ../surf/lh.pial 2 10 ../surf/lh.curv.pial
   Update not needed
#@# pial area lh Fri Mar 13 06:10:57 CET 2026
cd /out/sourcedata/freesurfer/sub-v2s4x29588_ses-1/mri
mris_place_surface --area-map ../surf/lh.pial ../surf/lh.area.pial
   Update not needed
#@# thickness lh Fri Mar 13 06:10:57 CET 2026
cd /out/sourcedata/freesurfer/sub-v2s4x29588_ses-1/mri
mris_place_surface --thickness ../surf/lh.white ../surf/lh.pial 20 5 ../surf/lh.thickness
   Update not needed
#@# area and vertex vol lh Fri Mar 13 06:10:57 CET 2026
cd /out/sourcedata/freesurfer/sub-v2s4x29588_ses-1/mri
mris_place_surface --thickness ../surf/lh.white ../surf/lh.pial 20 5 ../surf/lh.thickness
   Update not needed
#@# white curv rh Fri Mar 13 06:10:57 CET 2026
cd /out/sourcedata/freesurfer/sub-v2s4x29588_ses-1/mri
mris_place_surface --curv-map ../surf/rh.white 2 10 ../surf/rh.curv
   Update not needed
#@# white area rh Fri Mar 13 06:10:57 CET 2026
cd /out/sourcedata/freesurfer/sub-v2s4x29588_ses-1/mri
mris_place_surface --area-map ../surf/rh.white ../surf/rh.area
   Update not needed
#@# pial curv rh Fri Mar 13 06:10:57 CET 2026
cd /out/sourcedata/freesurfer/sub-v2s4x29588_ses-1/mri
mris_place_surface --curv-map ../surf/rh.pial 2 10 ../surf/rh.curv.pial
   Update not needed
#@# pial area rh Fri Mar 13 06:10:58 CET 2026
cd /out/sourcedata/freesurfer/sub-v2s4x29588_ses-1/mri
mris_place_surface --area-map ../surf/rh.pial ../surf/rh.area.pial
   Update not needed
#@# thickness rh Fri Mar 13 06:10:58 CET 2026
cd /out/sourcedata/freesurfer/sub-v2s4x29588_ses-1/mri
mris_place_surface --thickness ../surf/rh.white ../surf/rh.pial 20 5 ../surf/rh.thickness
   Update not needed
#@# area and vertex vol rh Fri Mar 13 06:10:58 CET 2026
cd /out/sourcedata/freesurfer/sub-v2s4x29588_ses-1/mri
mris_place_surface --thickness ../surf/rh.white ../surf/rh.pial 20 5 ../surf/rh.thickness
   Update not needed
#--------------------------------------------
#@# Cortical ribbon mask Fri Mar 13 06:10:58 CET 2026
/out/sourcedata/freesurfer/sub-v2s4x29588_ses-1/mri

 mris_volmask --aseg_name aseg.presurf --label_left_white 2 --label_left_ribbon 3 --label_right_white 41 --label_right_ribbon 42 --save_ribbon sub-v2s4x29588_ses-1 

SUBJECTS_DIR is /out/sourcedata/freesurfer
loading input data...
Running hemis serially
Processing left hemi
computing distance to left white surface 
computing distance to left pial surface 
Processing right hemi
computing distance to right white surface 
computing distance to right pial surface 
 hemi masks overlap voxels = 65
writing volume /out/sourcedata/freesurfer/sub-v2s4x29588_ses-1/mri/ribbon.mgz
mris_volmask took 4.12 minutes
 writing ribbon files

Started at Fri Mar 13 06:10:57 CET 2026 
Ended   at Fri Mar 13 06:15:05 CET 2026
#@#%# recon-all-run-time-hours 0.069
recon-all -s sub-v2s4x29588_ses-1 finished without error at Fri Mar 13 06:15:05 CET 2026



#New# invocation of recon-all 




Fri Mar 13 06:21:13 CET 2026
cd /out/sourcedata/freesurfer/sub-v2s4x29588_ses-1
setenv SUBJECTS_DIR /out/sourcedata/freesurfer
/opt/freesurfer/bin/recon-all -autorecon3 -openmp 16 -subjid sub-v2s4x29588_ses-1 -sd /out/sourcedata/freesurfer -nosphere -nosurfreg -nojacobian_white -noavgcurv -nocortparc -nopial -noparcstats -nocortparc2 -noparcstats2 -nocortparc3 -noparcstats3 -nopctsurfcon -nocortribbon -nobalabels

subjid sub-v2s4x29588_ses-1
setenv SUBJECTS_DIR /out/sourcedata/freesurfer
FREESURFER_HOME /opt/freesurfer
Actual FREESURFER_HOME /opt/freesurfer
build-stamp.txt: freesurfer-linux-ubuntu22_x86_64-7.3.2-20220804-6354275
Linux dna067 5.14.0-427.37.1.el9_4.x86_64 #1 SMP PREEMPT_DYNAMIC Fri Sep 13 12:41:50 EDT 2024 x86_64 x86_64 x86_64 GNU/Linux
cputime      unlimited
filesize     unlimited
datasize     unlimited
stacksize    8192 kbytes
coredumpsize 0 kbytes
memoryuse    67108864 kbytes
vmemoryuse   unlimited
descriptors  1024 
memorylocked unlimited
maxproc      2061970 
maxlocks     unlimited
maxsignal    2062029 
maxmessage   819200 
maxnice      0 
maxrtprio    0 
maxrttime    unlimited

               total        used        free      shared  buff/cache   available
Mem:           503Gi        55Gi       293Gi        26Gi       154Gi       417Gi
Swap:             0B          0B          0B

########################################
program versions used
7.3.2 (freesurfer-linux-ubuntu22_x86_64-7.3.2-20220804-6354275)
7.3.2

ProgramName: lta_convert  ProgramArguments: lta_convert -all-info  ProgramVersion: 7.3.2  TimeStamp: 2026/03/13-05:21:13-GMT  BuildTime: Aug  4 2022 06:17:15  BuildStamp: freesurfer-linux-ubuntu22_x86_64-7.3.2-20220804-6354275  User: oesteban  Machine: dna067  Platform: Linux  PlatformVersion: 5.14.0-427.37.1.el9_4.x86_64  CompilerName: GCC  CompilerVersion: 8.4.0
ProgramName: mri_and  ProgramArguments: mri_and -all-info  ProgramVersion: 7.3.2  TimeStamp: 2026/03/13-05:21:13-GMT  BuildTime: Aug  4 2022 06:17:15  BuildStamp: freesurfer-linux-ubuntu22_x86_64-7.3.2-20220804-6354275  User: oesteban  Machine: dna067  Platform: Linux  PlatformVersion: 5.14.0-427.37.1.el9_4.x86_64  CompilerName: GCC  CompilerVersion: 8.4.0
ProgramName: mri_annotation2label  ProgramArguments: mri_annotation2label -all-info  ProgramVersion: 7.3.2  TimeStamp: 2026/03/13-05:21:13-GMT  BuildTime: Aug  4 2022 06:17:15  BuildStamp: freesurfer-linux-ubuntu22_x86_64-7.3.2-20220804-6354275  User: oesteban  Machine: dna067  Platform: Linux  PlatformVersion: 5.14.0-427.37.1.el9_4.x86_64  CompilerName: GCC  CompilerVersion: 8.4.0
ProgramName: mri_aparc2aseg  ProgramArguments: mri_aparc2aseg -all-info  ProgramVersion: 7.3.2  TimeStamp: 2026/03/13-05:21:13-GMT  BuildTime: Aug  4 2022 06:17:15  BuildStamp: freesurfer-linux-ubuntu22_x86_64-7.3.2-20220804-6354275  User: oesteban  Machine: dna067  Platform: Linux  PlatformVersion: 5.14.0-427.37.1.el9_4.x86_64  CompilerName: GCC  CompilerVersion: 8.4.0
ProgramName: mri_surf2volseg  ProgramArguments: mri_surf2volseg -all-info  ProgramVersion: 7.3.2  TimeStamp: 2026/03/13-05:21:13-GMT  BuildTime: Aug  4 2022 06:17:15  BuildStamp: freesurfer-linux-ubuntu22_x86_64-7.3.2-20220804-6354275  User: oesteban  Machine: dna067  Platform: Linux  PlatformVersion: 5.14.0-427.37.1.el9_4.x86_64  CompilerName: GCC  CompilerVersion: 8.4.0
ProgramName: mri_binarize  ProgramArguments: mri_binarize -all-info  ProgramVersion: 7.3.2  TimeStamp: 2026/03/13-05:21:13-GMT  BuildTime: Aug  4 2022 06:17:15  BuildStamp: freesurfer-linux-ubuntu22_x86_64-7.3.2-20220804-6354275  User: oesteban  Machine: dna067  Platform: Linux  PlatformVersion: 5.14.0-427.37.1.el9_4.x86_64  CompilerName: GCC  CompilerVersion: 8.4.0
ProgramName: mri_ca_label  ProgramArguments: mri_ca_label -all-info  ProgramVersion: 7.3.2  TimeStamp: 2026/03/13-05:21:13-GMT  BuildTime: Aug  4 2022 06:17:15  BuildStamp: freesurfer-linux-ubuntu22_x86_64-7.3.2-20220804-6354275  User: oesteban  Machine: dna067  Platform: Linux  PlatformVersion: 5.14.0-427.37.1.el9_4.x86_64  CompilerName: GCC  CompilerVersion: 8.4.0
ProgramName: mri_ca_normalize  ProgramArguments: mri_ca_normalize -all-info  ProgramVersion: 7.3.2  TimeStamp: 2026/03/13-05:21:13-GMT  BuildTime: Aug  4 2022 06:17:15  BuildStamp: freesurfer-linux-ubuntu22_x86_64-7.3.2-20220804-6354275  User: oesteban  Machine: dna067  Platform: Linux  PlatformVersion: 5.14.0-427.37.1.el9_4.x86_64  CompilerName: GCC  CompilerVersion: 8.4.0
ProgramName: mri_ca_register  ProgramArguments: mri_ca_register -all-info  ProgramVersion: 7.3.2  TimeStamp: 2026/03/13-05:21:13-GMT  BuildTime: Aug  4 2022 06:17:15  BuildStamp: freesurfer-linux-ubuntu22_x86_64-7.3.2-20220804-6354275  User: oesteban  Machine: dna067  Platform: Linux  PlatformVersion: 5.14.0-427.37.1.el9_4.x86_64  CompilerName: GCC  CompilerVersion: 8.4.0
ProgramName: mri_cc  ProgramArguments: mri_cc -all-info  ProgramVersion: 7.3.2  TimeStamp: 2026/03/13-05:21:13-GMT  BuildTime: Aug  4 2022 06:17:15  BuildStamp: freesurfer-linux-ubuntu22_x86_64-7.3.2-20220804-6354275  User: oesteban  Machine: dna067  Platform: Linux  PlatformVersion: 5.14.0-427.37.1.el9_4.x86_64  CompilerName: GCC  CompilerVersion: 8.4.0
ProgramName: mri_compute_overlap  ProgramArguments: mri_compute_overlap -all-info  ProgramVersion: 7.3.2  TimeStamp: 2026/03/13-05:21:13-GMT  BuildTime: Aug  4 2022 06:17:15  BuildStamp: freesurfer-linux-ubuntu22_x86_64-7.3.2-20220804-6354275  User: oesteban  Machine: dna067  Platform: Linux  PlatformVersion: 5.14.0-427.37.1.el9_4.x86_64  CompilerName: GCC  CompilerVersion: 8.4.0
ProgramName: mri_compute_seg_overlap  ProgramArguments: mri_compute_seg_overlap -all-info  ProgramVersion: 7.3.2  TimeStamp: 2026/03/13-05:21:13-GMT  BuildTime: Aug  4 2022 06:17:15  BuildStamp: freesurfer-linux-ubuntu22_x86_64-7.3.2-20220804-6354275  User: oesteban  Machine: dna067  Platform: Linux  PlatformVersion: 5.14.0-427.37.1.el9_4.x86_64  CompilerName: GCC  CompilerVersion: 8.4.0
ProgramName: mri_concat  ProgramArguments: mri_concat -all-info  ProgramVersion: 7.3.2  TimeStamp: 2026/03/13-05:21:13-GMT  BuildTime: Aug  4 2022 06:17:15  BuildStamp: freesurfer-linux-ubuntu22_x86_64-7.3.2-20220804-6354275  User: oesteban  Machine: dna067  Platform: Linux  PlatformVersion: 5.14.0-427.37.1.el9_4.x86_64  CompilerName: GCC  CompilerVersion: 8.4.0
ProgramName: mri_concatenate_lta  ProgramArguments: mri_concatenate_lta -all-info  ProgramVersion: 7.3.2  TimeStamp: 2026/03/13-05:21:13-GMT  BuildTime: Aug  4 2022 06:17:15  BuildStamp: freesurfer-linux-ubuntu22_x86_64-7.3.2-20220804-6354275  User: oesteban  Machine: dna067  Platform: Linux  PlatformVersion: 5.14.0-427.37.1.el9_4.x86_64  CompilerName: GCC  CompilerVersion: 8.4.0
mri_convert -all-info 
ProgramName: mri_convert  ProgramArguments: mri_convert -all-info  ProgramVersion: 7.3.2  TimeStamp: 2026/03/13-05:21:13-GMT  BuildTime: Aug  4 2022 06:17:15  BuildStamp: freesurfer-linux-ubuntu22_x86_64-7.3.2-20220804-6354275  User: oesteban  Machine: dna067  Platform: Linux  PlatformVersion: 5.14.0-427.37.1.el9_4.x86_64  CompilerName: GCC  CompilerVersion: 8.4.0
ProgramName: mri_diff  ProgramArguments: mri_diff -all-info  ProgramVersion: 7.3.2  TimeStamp: 2026/03/13-05:21:13-GMT  BuildTime: Aug  4 2022 06:17:15  BuildStamp: freesurfer-linux-ubuntu22_x86_64-7.3.2-20220804-6354275  User: oesteban  Machine: dna067  Platform: Linux  PlatformVersion: 5.14.0-427.37.1.el9_4.x86_64  CompilerName: GCC  CompilerVersion: 8.4.0
ProgramName: mri_edit_wm_with_aseg  ProgramArguments: mri_edit_wm_with_aseg -all-info  ProgramVersion: 7.3.2  TimeStamp: 2026/03/13-05:21:13-GMT  BuildTime: Aug  4 2022 06:17:15  BuildStamp: freesurfer-linux-ubuntu22_x86_64-7.3.2-20220804-6354275  User: oesteban  Machine: dna067  Platform: Linux  PlatformVersion: 5.14.0-427.37.1.el9_4.x86_64  CompilerName: GCC  CompilerVersion: 8.4.0
ProgramName: mri_em_register  ProgramArguments: mri_em_register -all-info  ProgramVersion: 7.3.2  TimeStamp: 2026/03/13-05:21:13-GMT  BuildTime: Aug  4 2022 06:17:15  BuildStamp: freesurfer-linux-ubuntu22_x86_64-7.3.2-20220804-6354275  User: oesteban  Machine: dna067  Platform: Linux  PlatformVersion: 5.14.0-427.37.1.el9_4.x86_64  CompilerName: GCC  CompilerVersion: 8.4.0
ProgramName: mri_fill  ProgramArguments: mri_fill -all-info  ProgramVersion: 7.3.2  TimeStamp: 2026/03/13-05:21:13-GMT  BuildTime: Aug  4 2022 06:17:15  BuildStamp: freesurfer-linux-ubuntu22_x86_64-7.3.2-20220804-6354275  User: oesteban  Machine: dna067  Platform: Linux  PlatformVersion: 5.14.0-427.37.1.el9_4.x86_64  CompilerName: GCC  CompilerVersion: 8.4.0
ProgramName: mri_fuse_segmentations  ProgramArguments: mri_fuse_segmentations -all-info  ProgramVersion: 7.3.2  TimeStamp: 2026/03/13-05:21:13-GMT  BuildTime: Aug  4 2022 06:17:15  BuildStamp: freesurfer-linux-ubuntu22_x86_64-7.3.2-20220804-6354275  User: oesteban  Machine: dna067  Platform: Linux  PlatformVersion: 5.14.0-427.37.1.el9_4.x86_64  CompilerName: GCC  CompilerVersion: 8.4.0
ProgramName: mri_fwhm  ProgramArguments: mri_fwhm -all-info  ProgramVersion: 7.3.2  TimeStamp: 2026/03/13-05:21:13-GMT  BuildTime: Aug  4 2022 06:17:15  BuildStamp: freesurfer-linux-ubuntu22_x86_64-7.3.2-20220804-6354275  User: oesteban  Machine: dna067  Platform: Linux  PlatformVersion: 5.14.0-427.37.1.el9_4.x86_64  CompilerName: GCC  CompilerVersion: 8.4.0
ProgramName: mri_gcut  ProgramArguments: mri_gcut -all-info  ProgramVersion: 7.3.2  TimeStamp: 2026/03/13-05:21:13-GMT  BuildTime: Aug  4 2022 06:17:15  BuildStamp: freesurfer-linux-ubuntu22_x86_64-7.3.2-20220804-6354275  User: oesteban  Machine: dna067  Platform: Linux  PlatformVersion: 5.14.0-427.37.1.el9_4.x86_64  CompilerName: GCC  CompilerVersion: 8.4.0
ProgramName: mri_info  ProgramArguments: mri_info -all-info  ProgramVersion: 7.3.2  TimeStamp: 2026/03/13-05:21:13-GMT  BuildTime: Aug  4 2022 06:17:15  BuildStamp: freesurfer-linux-ubuntu22_x86_64-7.3.2-20220804-6354275  User: oesteban  Machine: dna067  Platform: Linux  PlatformVersion: 5.14.0-427.37.1.el9_4.x86_64  CompilerName: GCC  CompilerVersion: 8.4.0
ProgramName: mri_label2label  ProgramArguments: mri_label2label -all-info  ProgramVersion: 7.3.2  TimeStamp: 2026/03/13-05:21:13-GMT  BuildTime: Aug  4 2022 06:17:15  BuildStamp: freesurfer-linux-ubuntu22_x86_64-7.3.2-20220804-6354275  User: oesteban  Machine: dna067  Platform: Linux  PlatformVersion: 5.14.0-427.37.1.el9_4.x86_64  CompilerName: GCC  CompilerVersion: 8.4.0
ProgramName: mri_label2vol  ProgramArguments: mri_label2vol -all-info  ProgramVersion: 7.3.2  TimeStamp: 2026/03/13-05:21:13-GMT  BuildTime: Aug  4 2022 06:17:15  BuildStamp: freesurfer-linux-ubuntu22_x86_64-7.3.2-20220804-6354275  User: oesteban  Machine: dna067  Platform: Linux  PlatformVersion: 5.14.0-427.37.1.el9_4.x86_64  CompilerName: GCC  CompilerVersion: 8.4.0
ProgramName: mri_log_likelihood  ProgramArguments: mri_log_likelihood -all-info  ProgramVersion: 7.3.2  TimeStamp: 2026/03/13-05:21:13-GMT  BuildTime: Aug  4 2022 06:17:15  BuildStamp: freesurfer-linux-ubuntu22_x86_64-7.3.2-20220804-6354275  User: oesteban  Machine: dna067  Platform: Linux  PlatformVersion: 5.14.0-427.37.1.el9_4.x86_64  CompilerName: GCC  CompilerVersion: 8.4.0
ProgramName: mri_mask  ProgramArguments: mri_mask -all-info  ProgramVersion: 7.3.2  TimeStamp: 2026/03/13-05:21:13-GMT  BuildTime: Aug  4 2022 06:17:15  BuildStamp: freesurfer-linux-ubuntu22_x86_64-7.3.2-20220804-6354275  User: oesteban  Machine: dna067  Platform: Linux  PlatformVersion: 5.14.0-427.37.1.el9_4.x86_64  CompilerName: GCC  CompilerVersion: 8.4.0
ProgramName: mri_matrix_multiply  ProgramArguments: mri_matrix_multiply -all-info  ProgramVersion: 7.3.2  TimeStamp: 2026/03/13-05:21:13-GMT  BuildTime: Aug  4 2022 06:17:15  BuildStamp: freesurfer-linux-ubuntu22_x86_64-7.3.2-20220804-6354275  User: oesteban  Machine: dna067  Platform: Linux  PlatformVersion: 5.14.0-427.37.1.el9_4.x86_64  CompilerName: GCC  CompilerVersion: 8.4.0
ProgramName: mri_normalize  ProgramArguments: mri_normalize -all-info  ProgramVersion: 7.3.2  TimeStamp: 2026/03/13-05:21:13-GMT  BuildTime: Aug  4 2022 06:17:15  BuildStamp: freesurfer-linux-ubuntu22_x86_64-7.3.2-20220804-6354275  User: oesteban  Machine: dna067  Platform: Linux  PlatformVersion: 5.14.0-427.37.1.el9_4.x86_64  CompilerName: GCC  CompilerVersion: 8.4.0
ProgramName: mri_normalize_tp2  ProgramArguments: mri_normalize_tp2 -all-info  ProgramVersion: 7.3.2  TimeStamp: 2026/03/13-05:21:13-GMT  BuildTime: Aug  4 2022 06:17:15  BuildStamp: freesurfer-linux-ubuntu22_x86_64-7.3.2-20220804-6354275  User: oesteban  Machine: dna067  Platform: Linux  PlatformVersion: 5.14.0-427.37.1.el9_4.x86_64  CompilerName: GCC  CompilerVersion: 8.4.0
ProgramName: mri_or  ProgramArguments: mri_or -all-info  ProgramVersion: 7.3.2  TimeStamp: 2026/03/13-05:21:13-GMT  BuildTime: Aug  4 2022 06:17:15  BuildStamp: freesurfer-linux-ubuntu22_x86_64-7.3.2-20220804-6354275  User: oesteban  Machine: dna067  Platform: Linux  PlatformVersion: 5.14.0-427.37.1.el9_4.x86_64  CompilerName: GCC  CompilerVersion: 8.4.0
ProgramName: mri_relabel_hypointensities  ProgramArguments: mri_relabel_hypointensities -all-info  ProgramVersion: 7.3.2  TimeStamp: 2026/03/13-05:21:13-GMT  BuildTime: Aug  4 2022 06:17:15  BuildStamp: freesurfer-linux-ubuntu22_x86_64-7.3.2-20220804-6354275  User: oesteban  Machine: dna067  Platform: Linux  PlatformVersion: 5.14.0-427.37.1.el9_4.x86_64  CompilerName: GCC  CompilerVersion: 8.4.0
ProgramName: mri_relabel_nonwm_hypos  ProgramArguments: mri_relabel_nonwm_hypos -all-info  ProgramVersion: 7.3.2  TimeStamp: 2026/03/13-05:21:13-GMT  BuildTime: Aug  4 2022 06:17:15  BuildStamp: freesurfer-linux-ubuntu22_x86_64-7.3.2-20220804-6354275  User: oesteban  Machine: dna067  Platform: Linux  PlatformVersion: 5.14.0-427.37.1.el9_4.x86_64  CompilerName: GCC  CompilerVersion: 8.4.0
ProgramName: mri_remove_neck  ProgramArguments: mri_remove_neck -all-info  ProgramVersion: 7.3.2  TimeStamp: 2026/03/13-05:21:13-GMT  BuildTime: Aug  4 2022 06:17:15  BuildStamp: freesurfer-linux-ubuntu22_x86_64-7.3.2-20220804-6354275  User: oesteban  Machine: dna067  Platform: Linux  PlatformVersion: 5.14.0-427.37.1.el9_4.x86_64  CompilerName: GCC  CompilerVersion: 8.4.0
7.3.2

ProgramName: mri_robust_register  ProgramArguments: mri_robust_register -all-info  ProgramVersion: 7.3.2  TimeStamp: 2026/03/13-05:21:13-GMT  BuildTime: Aug  4 2022 06:17:15  BuildStamp: freesurfer-linux-ubuntu22_x86_64-7.3.2-20220804-6354275  User: oesteban  Machine: dna067  Platform: Linux  PlatformVersion: 5.14.0-427.37.1.el9_4.x86_64  CompilerName: GCC  CompilerVersion: 8.4.0
7.3.2

ProgramName: mri_robust_template  ProgramArguments: mri_robust_template -all-info  ProgramVersion: 7.3.2  TimeStamp: 2026/03/13-05:21:13-GMT  BuildTime: Aug  4 2022 06:17:15  BuildStamp: freesurfer-linux-ubuntu22_x86_64-7.3.2-20220804-6354275  User: oesteban  Machine: dna067  Platform: Linux  PlatformVersion: 5.14.0-427.37.1.el9_4.x86_64  CompilerName: GCC  CompilerVersion: 8.4.0
ProgramName: mris_anatomical_stats  ProgramArguments: mris_anatomical_stats -all-info  ProgramVersion: 7.3.2  TimeStamp: 2026/03/13-05:21:13-GMT  BuildTime: Aug  4 2022 06:17:15  BuildStamp: freesurfer-linux-ubuntu22_x86_64-7.3.2-20220804-6354275  User: oesteban  Machine: dna067  Platform: Linux  PlatformVersion: 5.14.0-427.37.1.el9_4.x86_64  CompilerName: GCC  CompilerVersion: 8.4.0
ProgramName: mris_ca_label  ProgramArguments: mris_ca_label -all-info  ProgramVersion: 7.3.2  TimeStamp: 2026/03/13-05:21:13-GMT  BuildTime: Aug  4 2022 06:17:15  BuildStamp: freesurfer-linux-ubuntu22_x86_64-7.3.2-20220804-6354275  User: oesteban  Machine: dna067  Platform: Linux  PlatformVersion: 5.14.0-427.37.1.el9_4.x86_64  CompilerName: GCC  CompilerVersion: 8.4.0
ProgramName: mris_calc  ProgramArguments: mris_calc -all-info  ProgramVersion: 7.3.2  TimeStamp: 2026/03/13-05:21:13-GMT  BuildTime: Aug  4 2022 06:17:15  BuildStamp: freesurfer-linux-ubuntu22_x86_64-7.3.2-20220804-6354275  User: oesteban  Machine: dna067  Platform: Linux  PlatformVersion: 5.14.0-427.37.1.el9_4.x86_64  CompilerName: GCC  CompilerVersion: 8.4.0
ProgramName: mris_convert  ProgramArguments: mris_convert -all-info  ProgramVersion: 7.3.2  TimeStamp: 2026/03/13-05:21:13-GMT  BuildTime: Aug  4 2022 06:17:15  BuildStamp: freesurfer-linux-ubuntu22_x86_64-7.3.2-20220804-6354275  User: oesteban  Machine: dna067  Platform: Linux  PlatformVersion: 5.14.0-427.37.1.el9_4.x86_64  CompilerName: GCC  CompilerVersion: 8.4.0
ProgramName: mris_curvature  ProgramArguments: mris_curvature -all-info  ProgramVersion: 7.3.2  TimeStamp: 2026/03/13-05:21:13-GMT  BuildTime: Aug  4 2022 06:17:15  BuildStamp: freesurfer-linux-ubuntu22_x86_64-7.3.2-20220804-6354275  User: oesteban  Machine: dna067  Platform: Linux  PlatformVersion: 5.14.0-427.37.1.el9_4.x86_64  CompilerName: GCC  CompilerVersion: 8.4.0
ProgramName: mris_curvature_stats  ProgramArguments: mris_curvature_stats -all-info  ProgramVersion: 7.3.2  TimeStamp: 2026/03/13-05:21:13-GMT  BuildTime: Aug  4 2022 06:17:15  BuildStamp: freesurfer-linux-ubuntu22_x86_64-7.3.2-20220804-6354275  User: oesteban  Machine: dna067  Platform: Linux  PlatformVersion: 5.14.0-427.37.1.el9_4.x86_64  CompilerName: GCC  CompilerVersion: 8.4.0
ProgramName: mris_diff  ProgramArguments: mris_diff -all-info  ProgramVersion: 7.3.2  TimeStamp: 2026/03/13-05:21:13-GMT  BuildTime: Aug  4 2022 06:17:15  BuildStamp: freesurfer-linux-ubuntu22_x86_64-7.3.2-20220804-6354275  User: oesteban  Machine: dna067  Platform: Linux  PlatformVersion: 5.14.0-427.37.1.el9_4.x86_64  CompilerName: GCC  CompilerVersion: 8.4.0
ProgramName: mris_divide_parcellation  ProgramArguments: mris_divide_parcellation -all-info  ProgramVersion: 7.3.2  TimeStamp: 2026/03/13-05:21:13-GMT  BuildTime: Aug  4 2022 06:17:15  BuildStamp: freesurfer-linux-ubuntu22_x86_64-7.3.2-20220804-6354275  User: oesteban  Machine: dna067  Platform: Linux  PlatformVersion: 5.14.0-427.37.1.el9_4.x86_64  CompilerName: GCC  CompilerVersion: 8.4.0
ProgramName: mri_segment  ProgramArguments: mri_segment -all-info  ProgramVersion: 7.3.2  TimeStamp: 2026/03/13-05:21:13-GMT  BuildTime: Aug  4 2022 06:17:15  BuildStamp: freesurfer-linux-ubuntu22_x86_64-7.3.2-20220804-6354275  User: oesteban  Machine: dna067  Platform: Linux  PlatformVersion: 5.14.0-427.37.1.el9_4.x86_64  CompilerName: GCC  CompilerVersion: 8.4.0
ProgramName: mri_segstats  ProgramArguments: mri_segstats -all-info  ProgramVersion: 7.3.2  TimeStamp: 2026/03/13-05:21:13-GMT  BuildTime: Aug  4 2022 06:17:15  BuildStamp: freesurfer-linux-ubuntu22_x86_64-7.3.2-20220804-6354275  User: oesteban  Machine: dna067  Platform: Linux  PlatformVersion: 5.14.0-427.37.1.el9_4.x86_64  CompilerName: GCC  CompilerVersion: 8.4.0
ProgramName: mris_euler_number  ProgramArguments: mris_euler_number -all-info  ProgramVersion: 7.3.2  TimeStamp: 2026/03/13-05:21:13-GMT  BuildTime: Aug  4 2022 06:17:15  BuildStamp: freesurfer-linux-ubuntu22_x86_64-7.3.2-20220804-6354275  User: oesteban  Machine: dna067  Platform: Linux  PlatformVersion: 5.14.0-427.37.1.el9_4.x86_64  CompilerName: GCC  CompilerVersion: 8.4.0
ProgramName: mris_fix_topology  ProgramArguments: mris_fix_topology -all-info  ProgramVersion: 7.3.2  TimeStamp: 2026/03/13-05:21:13-GMT  BuildTime: Aug  4 2022 06:17:15  BuildStamp: freesurfer-linux-ubuntu22_x86_64-7.3.2-20220804-6354275  User: oesteban  Machine: dna067  Platform: Linux  PlatformVersion: 5.14.0-427.37.1.el9_4.x86_64  CompilerName: GCC  CompilerVersion: 8.4.0
ProgramName: mris_topo_fixer  ProgramArguments: mris_topo_fixer -all-info  ProgramVersion: 7.3.2  TimeStamp: 2026/03/13-05:21:13-GMT  BuildTime: Aug  4 2022 06:17:15  BuildStamp: freesurfer-linux-ubuntu22_x86_64-7.3.2-20220804-6354275  User: oesteban  Machine: dna067  Platform: Linux  PlatformVersion: 5.14.0-427.37.1.el9_4.x86_64  CompilerName: GCC  CompilerVersion: 8.4.0
ProgramName: mris_jacobian  ProgramArguments: mris_jacobian -all-info  ProgramVersion: 7.3.2  TimeStamp: 2026/03/13-05:21:13-GMT  BuildTime: Aug  4 2022 06:17:15  BuildStamp: freesurfer-linux-ubuntu22_x86_64-7.3.2-20220804-6354275  User: oesteban  Machine: dna067  Platform: Linux  PlatformVersion: 5.14.0-427.37.1.el9_4.x86_64  CompilerName: GCC  CompilerVersion: 8.4.0
ProgramName: mris_label2annot  ProgramArguments: mris_label2annot -all-info  ProgramVersion: 7.3.2  TimeStamp: 2026/03/13-05:21:13-GMT  BuildTime: Aug  4 2022 06:17:15  BuildStamp: freesurfer-linux-ubuntu22_x86_64-7.3.2-20220804-6354275  User: oesteban  Machine: dna067  Platform: Linux  PlatformVersion: 5.14.0-427.37.1.el9_4.x86_64  CompilerName: GCC  CompilerVersion: 8.4.0
ProgramName: mris_left_right_register  ProgramArguments: mris_left_right_register -all-info  ProgramVersion: 7.3.2  TimeStamp: 2026/03/13-05:21:13-GMT  BuildTime: Aug  4 2022 06:17:15  BuildStamp: freesurfer-linux-ubuntu22_x86_64-7.3.2-20220804-6354275  User: oesteban  Machine: dna067  Platform: Linux  PlatformVersion: 5.14.0-427.37.1.el9_4.x86_64  CompilerName: GCC  CompilerVersion: 8.4.0
ProgramName: mris_place_surface  ProgramArguments: mris_place_surface -all-info  ProgramVersion: 7.3.2  TimeStamp: 2026/03/13-05:21:13-GMT  BuildTime: Aug  4 2022 06:17:15  BuildStamp: freesurfer-linux-ubuntu22_x86_64-7.3.2-20220804-6354275  User: oesteban  Machine: dna067  Platform: Linux  PlatformVersion: 5.14.0-427.37.1.el9_4.x86_64  CompilerName: GCC  CompilerVersion: 8.4.0
ProgramName: mrisp_paint  ProgramArguments: mrisp_paint -all-info  ProgramVersion: 7.3.2  TimeStamp: 2026/03/13-05:21:13-GMT  BuildTime: Aug  4 2022 06:17:15  BuildStamp: freesurfer-linux-ubuntu22_x86_64-7.3.2-20220804-6354275  User: oesteban  Machine: dna067  Platform: Linux  PlatformVersion: 5.14.0-427.37.1.el9_4.x86_64  CompilerName: GCC  CompilerVersion: 8.4.0
ProgramName: mris_register  ProgramArguments: mris_register -all-info  ProgramVersion: 7.3.2  TimeStamp: 2026/03/13-05:21:13-GMT  BuildTime: Aug  4 2022 06:17:15  BuildStamp: freesurfer-linux-ubuntu22_x86_64-7.3.2-20220804-6354275  User: oesteban  Machine: dna067  Platform: Linux  PlatformVersion: 5.14.0-427.37.1.el9_4.x86_64  CompilerName: GCC  CompilerVersion: 8.4.0
ProgramName: mris_smooth  ProgramArguments: mris_smooth -all-info  ProgramVersion: 7.3.2  TimeStamp: 2026/03/13-05:21:13-GMT  BuildTime: Aug  4 2022 06:17:15  BuildStamp: freesurfer-linux-ubuntu22_x86_64-7.3.2-20220804-6354275  User: oesteban  Machine: dna067  Platform: Linux  PlatformVersion: 5.14.0-427.37.1.el9_4.x86_64  CompilerName: GCC  CompilerVersion: 8.4.0
ProgramName: mris_sphere  ProgramArguments: mris_sphere -all-info  ProgramVersion: 7.3.2  TimeStamp: 2026/03/13-05:21:13-GMT  BuildTime: Aug  4 2022 06:17:15  BuildStamp: freesurfer-linux-ubuntu22_x86_64-7.3.2-20220804-6354275  User: oesteban  Machine: dna067  Platform: Linux  PlatformVersion: 5.14.0-427.37.1.el9_4.x86_64  CompilerName: GCC  CompilerVersion: 8.4.0
ProgramName: mris_surface_stats  ProgramArguments: mris_surface_stats -all-info  ProgramVersion: 7.3.2  TimeStamp: 2026/03/13-05:21:13-GMT  BuildTime: Aug  4 2022 06:17:15  BuildStamp: freesurfer-linux-ubuntu22_x86_64-7.3.2-20220804-6354275  User: oesteban  Machine: dna067  Platform: Linux  PlatformVersion: 5.14.0-427.37.1.el9_4.x86_64  CompilerName: GCC  CompilerVersion: 8.4.0
ProgramName: mri_stats2seg  ProgramArguments: mri_stats2seg -all-info  ProgramVersion: 7.3.2  TimeStamp: 2026/03/13-05:21:13-GMT  BuildTime: Aug  4 2022 06:17:15  BuildStamp: freesurfer-linux-ubuntu22_x86_64-7.3.2-20220804-6354275  User: oesteban  Machine: dna067  Platform: Linux  PlatformVersion: 5.14.0-427.37.1.el9_4.x86_64  CompilerName: GCC  CompilerVersion: 8.4.0
ProgramName: mris_thickness  ProgramArguments: mris_thickness -all-info  ProgramVersion: 7.3.2  TimeStamp: 2026/03/13-05:21:13-GMT  BuildTime: Aug  4 2022 06:17:15  BuildStamp: freesurfer-linux-ubuntu22_x86_64-7.3.2-20220804-6354275  User: oesteban  Machine: dna067  Platform: Linux  PlatformVersion: 5.14.0-427.37.1.el9_4.x86_64  CompilerName: GCC  CompilerVersion: 8.4.0
ProgramName: mris_thickness_diff  ProgramArguments: mris_thickness_diff -all-info  ProgramVersion: 7.3.2  TimeStamp: 2026/03/13-05:21:13-GMT  BuildTime: Aug  4 2022 06:17:15  BuildStamp: freesurfer-linux-ubuntu22_x86_64-7.3.2-20220804-6354275  User: oesteban  Machine: dna067  Platform: Linux  PlatformVersion: 5.14.0-427.37.1.el9_4.x86_64  CompilerName: GCC  CompilerVersion: 8.4.0
ProgramName: mris_topo_fixer  ProgramArguments: mris_topo_fixer -all-info  ProgramVersion: 7.3.2  TimeStamp: 2026/03/13-05:21:13-GMT  BuildTime: Aug  4 2022 06:17:15  BuildStamp: freesurfer-linux-ubuntu22_x86_64-7.3.2-20220804-6354275  User: oesteban  Machine: dna067  Platform: Linux  PlatformVersion: 5.14.0-427.37.1.el9_4.x86_64  CompilerName: GCC  CompilerVersion: 8.4.0
ProgramName: mri_surf2surf  ProgramArguments: mri_surf2surf -all-info  ProgramVersion: 7.3.2  TimeStamp: 2026/03/13-05:21:13-GMT  BuildTime: Aug  4 2022 06:17:15  BuildStamp: freesurfer-linux-ubuntu22_x86_64-7.3.2-20220804-6354275  User: oesteban  Machine: dna067  Platform: Linux  PlatformVersion: 5.14.0-427.37.1.el9_4.x86_64  CompilerName: GCC  CompilerVersion: 8.4.0
ProgramName: mri_surf2vol  ProgramArguments: mri_surf2vol -all-info  ProgramVersion: 7.3.2  TimeStamp: 2026/03/13-05:21:13-GMT  BuildTime: Aug  4 2022 06:17:15  BuildStamp: freesurfer-linux-ubuntu22_x86_64-7.3.2-20220804-6354275  User: oesteban  Machine: dna067  Platform: Linux  PlatformVersion: 5.14.0-427.37.1.el9_4.x86_64  CompilerName: GCC  CompilerVersion: 8.4.0
ProgramName: mri_surfcluster  ProgramArguments: mri_surfcluster -all-info  ProgramVersion: 7.3.2  TimeStamp: 2026/03/13-05:21:13-GMT  BuildTime: Aug  4 2022 06:17:15  BuildStamp: freesurfer-linux-ubuntu22_x86_64-7.3.2-20220804-6354275  User: oesteban  Machine: dna067  Platform: Linux  PlatformVersion: 5.14.0-427.37.1.el9_4.x86_64  CompilerName: GCC  CompilerVersion: 8.4.0
ProgramName: mris_volmask  ProgramArguments: mris_volmask -all-info  ProgramVersion: 7.3.2  TimeStamp: 2026/03/13-05:21:13-GMT  BuildTime: Aug  4 2022 06:17:15  BuildStamp: freesurfer-linux-ubuntu22_x86_64-7.3.2-20220804-6354275  User: oesteban  Machine: dna067  Platform: Linux  PlatformVersion: 5.14.0-427.37.1.el9_4.x86_64  CompilerName: GCC  CompilerVersion: 8.4.0
ProgramName: mri_tessellate  ProgramArguments: mri_tessellate -all-info  ProgramVersion: 7.3.2  TimeStamp: 2026/03/13-05:21:13-GMT  BuildTime: Aug  4 2022 06:17:15  BuildStamp: freesurfer-linux-ubuntu22_x86_64-7.3.2-20220804-6354275  User: oesteban  Machine: dna067  Platform: Linux  PlatformVersion: 5.14.0-427.37.1.el9_4.x86_64  CompilerName: GCC  CompilerVersion: 8.4.0
ProgramName: mri_vol2surf  ProgramArguments: mri_vol2surf -all-info  ProgramVersion: 7.3.2  TimeStamp: 2026/03/13-05:21:13-GMT  BuildTime: Aug  4 2022 06:17:15  BuildStamp: freesurfer-linux-ubuntu22_x86_64-7.3.2-20220804-6354275  User: oesteban  Machine: dna067  Platform: Linux  PlatformVersion: 5.14.0-427.37.1.el9_4.x86_64  CompilerName: GCC  CompilerVersion: 8.4.0
ProgramName: mri_vol2vol  ProgramArguments: mri_vol2vol -all-info  ProgramVersion: 7.3.2  TimeStamp: 2026/03/13-05:21:13-GMT  BuildTime: Aug  4 2022 06:17:15  BuildStamp: freesurfer-linux-ubuntu22_x86_64-7.3.2-20220804-6354275  User: oesteban  Machine: dna067  Platform: Linux  PlatformVersion: 5.14.0-427.37.1.el9_4.x86_64  CompilerName: GCC  CompilerVersion: 8.4.0
ProgramName: mri_voldiff  ProgramArguments: mri_voldiff -all-info  ProgramVersion: 7.3.2  TimeStamp: 2026/03/13-05:21:13-GMT  BuildTime: Aug  4 2022 06:17:15  BuildStamp: freesurfer-linux-ubuntu22_x86_64-7.3.2-20220804-6354275  User: oesteban  Machine: dna067  Platform: Linux  PlatformVersion: 5.14.0-427.37.1.el9_4.x86_64  CompilerName: GCC  CompilerVersion: 8.4.0
ProgramName: mri_watershed  ProgramArguments: mri_watershed -all-info  ProgramVersion: 7.3.2  TimeStamp: 2026/03/13-05:21:13-GMT  BuildTime: Aug  4 2022 06:17:15  BuildStamp: freesurfer-linux-ubuntu22_x86_64-7.3.2-20220804-6354275  User: oesteban  Machine: dna067  Platform: Linux  PlatformVersion: 5.14.0-427.37.1.el9_4.x86_64  CompilerName: GCC  CompilerVersion: 8.4.0
ProgramName: tkregister2  ProgramArguments: tkregister2_cmdl -all-info  ProgramVersion: 7.3.2  TimeStamp: 2026/03/13-05:21:13-GMT  BuildTime: Aug  4 2022 06:17:15  BuildStamp: freesurfer-linux-ubuntu22_x86_64-7.3.2-20220804-6354275  User: oesteban  Machine: dna067  Platform: Linux  PlatformVersion: 5.14.0-427.37.1.el9_4.x86_64  CompilerName: GCC  CompilerVersion: 8.4.0
mri_motion_correct.fsl 7.3.2
mri_convert -all-info 
ProgramName: mri_convert  ProgramArguments: mri_convert -all-info  ProgramVersion: 7.3.2  TimeStamp: 2026/03/13-05:21:13-GMT  BuildTime: Aug  4 2022 06:17:15  BuildStamp: freesurfer-linux-ubuntu22_x86_64-7.3.2-20220804-6354275  User: oesteban  Machine: dna067  Platform: Linux  PlatformVersion: 5.14.0-427.37.1.el9_4.x86_64  CompilerName: GCC  CompilerVersion: 8.4.0
Program nu_correct, built from:
Package MNI N3, version 1.12.0, compiled by nicks@terrier (x86_64-unknown-linux-gnu) on 2015-06-19 at 01:25:34
#######################################
GCADIR /opt/freesurfer/average
GCA RB_all_2020-01-02.gca
GCASkull RB_all_withskull_2020_01_02.gca
AvgCurvTif folding.atlas.acfb40.noaparc.i12.2016-08-02.tif
GCSDIR /opt/freesurfer/average
GCS DKaparc.atlas.acfb40.noaparc.i12.2016-08-02.gcs
#######################################
#--------------------------------------------
#@# WhiteSurfs lh Fri Mar 13 06:21:13 CET 2026
cd /out/sourcedata/freesurfer/sub-v2s4x29588_ses-1/mri
mris_place_surface --adgws-in ../surf/autodet.gw.stats.lh.dat --seg aseg.presurf.mgz --threads 16 --wm wm.mgz --invol brain.finalsurfs.mgz --lh --i ../surf/lh.white.preaparc --o ../surf/lh.white --white --nsmooth 0 --rip-label ../label/lh.cortex.label --rip-bg --rip-surf ../surf/lh.white.preaparc --aparc ../label/lh.aparc.annot
   Update not needed
#--------------------------------------------
#@# WhiteSurfs rh Fri Mar 13 06:21:14 CET 2026
cd /out/sourcedata/freesurfer/sub-v2s4x29588_ses-1/mri
mris_place_surface --adgws-in ../surf/autodet.gw.stats.rh.dat --seg aseg.presurf.mgz --threads 16 --wm wm.mgz --invol brain.finalsurfs.mgz --rh --i ../surf/rh.white.preaparc --o ../surf/rh.white --white --nsmooth 0 --rip-label ../label/rh.cortex.label --rip-bg --rip-surf ../surf/rh.white.preaparc --aparc ../label/rh.aparc.annot
   Update not needed
#@# white curv lh Fri Mar 13 06:21:14 CET 2026
cd /out/sourcedata/freesurfer/sub-v2s4x29588_ses-1/mri
mris_place_surface --curv-map ../surf/lh.white 2 10 ../surf/lh.curv
   Update not needed
#@# white area lh Fri Mar 13 06:21:14 CET 2026
cd /out/sourcedata/freesurfer/sub-v2s4x29588_ses-1/mri
mris_place_surface --area-map ../surf/lh.white ../surf/lh.area
   Update not needed
#@# pial curv lh Fri Mar 13 06:21:14 CET 2026
cd /out/sourcedata/freesurfer/sub-v2s4x29588_ses-1/mri
mris_place_surface --curv-map ../surf/lh.pial 2 10 ../surf/lh.curv.pial
   Update not needed
#@# pial area lh Fri Mar 13 06:21:14 CET 2026
cd /out/sourcedata/freesurfer/sub-v2s4x29588_ses-1/mri
mris_place_surface --area-map ../surf/lh.pial ../surf/lh.area.pial
   Update not needed
#@# thickness lh Fri Mar 13 06:21:14 CET 2026
cd /out/sourcedata/freesurfer/sub-v2s4x29588_ses-1/mri
mris_place_surface --thickness ../surf/lh.white ../surf/lh.pial 20 5 ../surf/lh.thickness
   Update not needed
#@# area and vertex vol lh Fri Mar 13 06:21:14 CET 2026
cd /out/sourcedata/freesurfer/sub-v2s4x29588_ses-1/mri
mris_place_surface --thickness ../surf/lh.white ../surf/lh.pial 20 5 ../surf/lh.thickness
   Update not needed
#@# white curv rh Fri Mar 13 06:21:14 CET 2026
cd /out/sourcedata/freesurfer/sub-v2s4x29588_ses-1/mri
mris_place_surface --curv-map ../surf/rh.white 2 10 ../surf/rh.curv
   Update not needed
#@# white area rh Fri Mar 13 06:21:14 CET 2026
cd /out/sourcedata/freesurfer/sub-v2s4x29588_ses-1/mri
mris_place_surface --area-map ../surf/rh.white ../surf/rh.area
   Update not needed
#@# pial curv rh Fri Mar 13 06:21:14 CET 2026
cd /out/sourcedata/freesurfer/sub-v2s4x29588_ses-1/mri
mris_place_surface --curv-map ../surf/rh.pial 2 10 ../surf/rh.curv.pial
   Update not needed
#@# pial area rh Fri Mar 13 06:21:14 CET 2026
cd /out/sourcedata/freesurfer/sub-v2s4x29588_ses-1/mri
mris_place_surface --area-map ../surf/rh.pial ../surf/rh.area.pial
   Update not needed
#@# thickness rh Fri Mar 13 06:21:14 CET 2026
cd /out/sourcedata/freesurfer/sub-v2s4x29588_ses-1/mri
mris_place_surface --thickness ../surf/rh.white ../surf/rh.pial 20 5 ../surf/rh.thickness
   Update not needed
#@# area and vertex vol rh Fri Mar 13 06:21:14 CET 2026
cd /out/sourcedata/freesurfer/sub-v2s4x29588_ses-1/mri
mris_place_surface --thickness ../surf/rh.white ../surf/rh.pial 20 5 ../surf/rh.thickness
   Update not needed

#-----------------------------------------
#@# Curvature Stats lh Fri Mar 13 06:21:14 CET 2026
/out/sourcedata/freesurfer/sub-v2s4x29588_ses-1/surf

 mris_curvature_stats -m --writeCurvatureFiles -G -o ../stats/lh.curv.stats -F smoothwm sub-v2s4x29588_ses-1 lh curv sulc 

             Toggling save flag on curvature files                       [ ok ]
                 Outputting results using filestem   [ ../stats/lh.curv.stats ]
             Toggling save flag on curvature files                       [ ok ]
                                   Setting surface [ sub-v2s4x29588_ses-1/lh.smoothwm ]
                                Reading surface...                       [ ok ]
                                   Setting texture                     [ curv ]
                                Reading texture...                       [ ok ]
                                   Setting texture                     [ sulc ]
                                Reading texture...Gb_filter = 0
                       [ ok ]
      Calculating Discrete Principal Curvatures...
      Determining geometric order for vno faces... [####################] [ ok ]
                      Determining KH curvatures... [####################] [ ok ]
                    Determining k1k2 curvatures... [####################] [ ok ]
                                   deltaViolations                      [ 332 ]
Gb_filter = 0

WARN:    S lookup   min:                          -0.060221
WARN:    S explicit min:                          0.000000	vertex = 79

#-----------------------------------------
#@# Curvature Stats rh Fri Mar 13 06:21:16 CET 2026
/out/sourcedata/freesurfer/sub-v2s4x29588_ses-1/surf

 mris_curvature_stats -m --writeCurvatureFiles -G -o ../stats/rh.curv.stats -F smoothwm sub-v2s4x29588_ses-1 rh curv sulc 

             Toggling save flag on curvature files                       [ ok ]
                 Outputting results using filestem   [ ../stats/rh.curv.stats ]
             Toggling save flag on curvature files                       [ ok ]
                                   Setting surface [ sub-v2s4x29588_ses-1/rh.smoothwm ]
                                Reading surface...                       [ ok ]
                                   Setting texture                     [ curv ]
                                Reading texture...                       [ ok ]
                                   Setting texture                     [ sulc ]
                                Reading texture...Gb_filter = 0
                       [ ok ]
      Calculating Discrete Principal Curvatures...
      Determining geometric order for vno faces... [####################] [ ok ]
                      Determining KH curvatures... [####################] [ ok ]
                    Determining k1k2 curvatures... [####################] [ ok ]
                                   deltaViolations                      [ 284 ]
Gb_filter = 0

WARN:    S lookup   min:                          -0.107232
WARN:    S explicit min:                          0.000000	vertex = 1144
#-----------------------------------------
#@# Relabel Hypointensities Fri Mar 13 06:21:18 CET 2026
/out/sourcedata/freesurfer/sub-v2s4x29588_ses-1/mri

 mri_relabel_hypointensities aseg.presurf.mgz ../surf aseg.presurf.hypos.mgz 

reading input surface ../surf/lh.white...
relabeling lh hypointensities...
6893 voxels changed to hypointensity...
reading input surface ../surf/rh.white...
relabeling rh hypointensities...
5579 voxels changed to hypointensity...
12302 hypointense voxels neighboring cortex changed
#-----------------------------------------
#@# APas-to-ASeg Fri Mar 13 06:21:29 CET 2026
/out/sourcedata/freesurfer/sub-v2s4x29588_ses-1/mri

 mri_surf2volseg --o aseg.mgz --i aseg.presurf.hypos.mgz --fix-presurf-with-ribbon /out/sourcedata/freesurfer/sub-v2s4x29588_ses-1/mri/ribbon.mgz --threads 16 --lh-cortex-mask /out/sourcedata/freesurfer/sub-v2s4x29588_ses-1/label/lh.cortex.label --lh-white /out/sourcedata/freesurfer/sub-v2s4x29588_ses-1/surf/lh.white --lh-pial /out/sourcedata/freesurfer/sub-v2s4x29588_ses-1/surf/lh.pial --rh-cortex-mask /out/sourcedata/freesurfer/sub-v2s4x29588_ses-1/label/rh.cortex.label --rh-white /out/sourcedata/freesurfer/sub-v2s4x29588_ses-1/surf/rh.white --rh-pial /out/sourcedata/freesurfer/sub-v2s4x29588_ses-1/surf/rh.pial 

SUBJECTS_DIR /out/sourcedata/freesurfer
outvol aseg.mgz
16 avail.processors, using 16
Loading aseg.presurf.hypos.mgz
Loading /out/sourcedata/freesurfer/sub-v2s4x29588_ses-1/mri/ribbon.mgz
Loading /out/sourcedata/freesurfer/sub-v2s4x29588_ses-1/surf/lh.white
Loading /out/sourcedata/freesurfer/sub-v2s4x29588_ses-1/surf/lh.pial
Loading /out/sourcedata/freesurfer/sub-v2s4x29588_ses-1/label/lh.cortex.label
Loading /out/sourcedata/freesurfer/sub-v2s4x29588_ses-1/surf/rh.white
Loading /out/sourcedata/freesurfer/sub-v2s4x29588_ses-1/surf/rh.pial
Loading /out/sourcedata/freesurfer/sub-v2s4x29588_ses-1/label/rh.cortex.label
Done loading
 80 112 176  32  64 224 144  16 208  96 240 192   0 160  48 128 209  17  33 241 225   1 210  49  18  65 242  34 226 211  19 
  2  50 243 212  35  20 227 213  21 244   3  51 228  36 214  22 229 245  52  37 215   4  23 177 230 216 246  24  81  38   5 231  53 217  25 247 178 232  39 
 26 218   6  54 161  27 233 219 
248  40  82   7  28 220  55 193 179 
234  41  66 249  29 221 235   8  56  42  30 222 236  83  67 250   9  31 194  43 223 180 237  57  97 251  44  68 162  10 238  58  84 239 
252 195  11  45  69 181  59 
253  12 196  85  46  60 113  70 254  47  13 197  61 163  71  14 255  62 198 182  86  15  72 145  63 199 
129  73 183 200 164  87  74 201  98 184 202 203 146  75 185 204 165  88 205 114 206 186  76 207  99 
 89 187 166 130  77  78 147  90 188 100 115  79 
 91 189 167 101 190 131  92 148 191 116 102 168  93 132 103 149 117 169  94 104 133 170 118 105 150 171  95 119 
134 172 106 173 120 151 174 107 135 175 121 108 152 136 122 109 110 137 153 111 123 154 138 124 155 139 
156 140 125 157 141 158 126 142 159 
143 127 
nrelabeled = 236263
ndotcheck = 0
Starting Surf2VolSeg free
free done
#VMPC# mri_surf2volseg VmPeak  2024368
mri_surf2volseg done

 mri_brainvol_stats sub-v2s4x29588_ses-1 

ComputeBrainVolumeStats2 VoxelVol=1, KeepCSF=1
  #CBVS2 MaskVol              1624931.0
  #CBVS2 BrainSegVol          1332588.0
  #CBVS2 BrainSegVolNotVent   1312387.0
  #CBVS2 SupraTentVol         1171991.0
  #CBVS2 SupraTentVolNotVent  1151790.0
  #CBVS2 lhCtxGM               266547.7
  #CBVS2 rhCtxGM               262255.7
  #CBVS2 lhCerebralWM          283201.5
  #CBVS2 rhCerebralWM          278249.5
  #CBVS2 SubCortGMVol           63299.0
  #CBVS2 CerebellumVol         160597.0
  #CBVS2 CerebellumGMVol       132291.0
  #CBVS2 VentChorVol            16546.0
  #CBVS2 3rd4th5thCSF            3655.0
  #CBVS2 AllCSF                 20201.0
  #CBVS2 CCVol                   3827.0
#-----------------------------------------
#@# AParc-to-ASeg aparc Fri Mar 13 06:21:36 CET 2026
/out/sourcedata/freesurfer/sub-v2s4x29588_ses-1/mri

 mri_surf2volseg --o aparc+aseg.mgz --label-cortex --i aseg.mgz --threads 16 --lh-annot /out/sourcedata/freesurfer/sub-v2s4x29588_ses-1/label/lh.aparc.annot 1000 --lh-cortex-mask /out/sourcedata/freesurfer/sub-v2s4x29588_ses-1/label/lh.cortex.label --lh-white /out/sourcedata/freesurfer/sub-v2s4x29588_ses-1/surf/lh.white --lh-pial /out/sourcedata/freesurfer/sub-v2s4x29588_ses-1/surf/lh.pial --rh-annot /out/sourcedata/freesurfer/sub-v2s4x29588_ses-1/label/rh.aparc.annot 2000 --rh-cortex-mask /out/sourcedata/freesurfer/sub-v2s4x29588_ses-1/label/rh.cortex.label --rh-white /out/sourcedata/freesurfer/sub-v2s4x29588_ses-1/surf/rh.white --rh-pial /out/sourcedata/freesurfer/sub-v2s4x29588_ses-1/surf/rh.pial 

SUBJECTS_DIR /out/sourcedata/freesurfer
outvol aparc+aseg.mgz
16 avail.processors, using 16
Loading aseg.mgz
Loading /out/sourcedata/freesurfer/sub-v2s4x29588_ses-1/surf/lh.white
Loading /out/sourcedata/freesurfer/sub-v2s4x29588_ses-1/surf/lh.pial
Loading /out/sourcedata/freesurfer/sub-v2s4x29588_ses-1/label/lh.cortex.label
Ripping lh vertices labeled not in lh.cortex.label
  ripped 8216 vertices from lh hemi
Loading /out/sourcedata/freesurfer/sub-v2s4x29588_ses-1/label/lh.aparc.annot
Loading /out/sourcedata/freesurfer/sub-v2s4x29588_ses-1/surf/rh.white
Loading /out/sourcedata/freesurfer/sub-v2s4x29588_ses-1/surf/rh.pial
Loading /out/sourcedata/freesurfer/sub-v2s4x29588_ses-1/label/rh.cortex.label
Ripping rh vertices labeled not in rh.cortex.label
  ripped 8444 vertices from rh hemi
Loading /out/sourcedata/freesurfer/sub-v2s4x29588_ses-1/label/rh.aparc.annot
Done loading
  0  32  16  48  96 160 144 176 128 208 224 240  80 112 192  64 241  33 209  49 225 242  34  50 210 243 226   1 244  35  51 211   2 245  36 227  52 246 212   3 247  17  37 228 248   4 213  18  38 229 249  53  19 
  5 214  54  39 
250  55  20 215   6  56 251  40  21  57 216   7  58 252  41  22 217   8  23 230  42 218  59 
  9 231  24 219 
 43 232  10 220  44 253 233  25  11 254  45 234  26  12 235 255  46 236  27 221  47  13 237  28 222  14 238 223  15  29 239 
 30  31  60  61  62  65  63 113  66 193 145 161  67 129 114 177  97 194  68  81 146 195 115  69 162 196 130 147  70 178 197 198 199 
200 201 202 203 204 205 206 207  98 116  71 148  82 131 163  72 117 179 
149  99 
 73 132 118 164  83 150  74 180 100  75 133 151 119 
165 181 101  76  84 152 120 134  77 182 166 102 153 121  85  78 135 103 183 154 167 122  79 
104 136 123 155  86 184 168 105 124 137 156 185 106 169 125  87 157 138 107 186 170 126 108 139 
187 158  88 127 171 109 188 140 159 
110 189 172  89 141 111 190 142 173 191  90 143 174  91  92 175  93  94  95 
nrelabeled = 527011
ndotcheck = 37592
Starting Surf2VolSeg free
free done
#VMPC# mri_surf2volseg VmPeak  2008720
mri_surf2volseg done
#-----------------------------------------
#@# AParc-to-ASeg aparc.a2009s Fri Mar 13 06:22:03 CET 2026
/out/sourcedata/freesurfer/sub-v2s4x29588_ses-1/mri

 mri_surf2volseg --o aparc.a2009s+aseg.mgz --label-cortex --i aseg.mgz --threads 16 --lh-annot /out/sourcedata/freesurfer/sub-v2s4x29588_ses-1/label/lh.aparc.a2009s.annot 11100 --lh-cortex-mask /out/sourcedata/freesurfer/sub-v2s4x29588_ses-1/label/lh.cortex.label --lh-white /out/sourcedata/freesurfer/sub-v2s4x29588_ses-1/surf/lh.white --lh-pial /out/sourcedata/freesurfer/sub-v2s4x29588_ses-1/surf/lh.pial --rh-annot /out/sourcedata/freesurfer/sub-v2s4x29588_ses-1/label/rh.aparc.a2009s.annot 12100 --rh-cortex-mask /out/sourcedata/freesurfer/sub-v2s4x29588_ses-1/label/rh.cortex.label --rh-white /out/sourcedata/freesurfer/sub-v2s4x29588_ses-1/surf/rh.white --rh-pial /out/sourcedata/freesurfer/sub-v2s4x29588_ses-1/surf/rh.pial 

SUBJECTS_DIR /out/sourcedata/freesurfer
outvol aparc.a2009s+aseg.mgz
16 avail.processors, using 16
Loading aseg.mgz
Loading /out/sourcedata/freesurfer/sub-v2s4x29588_ses-1/surf/lh.white
Loading /out/sourcedata/freesurfer/sub-v2s4x29588_ses-1/surf/lh.pial
Loading /out/sourcedata/freesurfer/sub-v2s4x29588_ses-1/label/lh.cortex.label
Ripping lh vertices labeled not in lh.cortex.label
  ripped 8216 vertices from lh hemi
Loading /out/sourcedata/freesurfer/sub-v2s4x29588_ses-1/label/lh.aparc.a2009s.annot
Loading /out/sourcedata/freesurfer/sub-v2s4x29588_ses-1/surf/rh.white
Loading /out/sourcedata/freesurfer/sub-v2s4x29588_ses-1/surf/rh.pial
Loading /out/sourcedata/freesurfer/sub-v2s4x29588_ses-1/label/rh.cortex.label
Ripping rh vertices labeled not in rh.cortex.label
  ripped 8444 vertices from rh hemi
Loading /out/sourcedata/freesurfer/sub-v2s4x29588_ses-1/label/rh.aparc.a2009s.annot
Done loading
  0 160  80 240 176 112 208  48  32 128  64 224 144  96 192  16  33  17  49 225 209  50  34 226 210  51  35 241 211  52  18  36 212 242  53  19 
 37 213   1  54  20 243  38 214  55   2  21  39 
244  56 215   3  22  57 216  40  23  58  41  24 217  25  42 218  26  43 227 219 
 59 
 27  44 228 220  28   4  45 221  29 229   5  46  30 222   6 245  47  31   7 246   8 247   9 223 230  10 231  11 232  12 233  60 234 248  13 235 249  14 236 250  15 251 237 238 252 239 
253 254 255  61  62  63 193  65 113 194 145 129 195 114  81 161  66  97 177 196 197 198 146 199 
200 201 202 203 204 205 206 207 115  67 130 147  82  98 162 116 178  68 148 131 117  83  99 
163 179 
149  69 132 150  70 118 100 180  84 164 151 133  71 152 181 101  85 134 165 119 
 72 153 182 102 135  86  73 120 166 154 103 183 136 104 155 121  74 167  87 184 105 137 156 122  75 185 168 106  88 123 157 138 107 186  76 169 108  89 124 187 139 
158 109  77 170 188 125 140 110  90 189 159 
126  78 171 111 141 190  91 127 191 142 172  79 
 92 143 173  93 174  94  95 175 
nrelabeled = 527011
ndotcheck = 37592
Starting Surf2VolSeg free
free done
#VMPC# mri_surf2volseg VmPeak  2008824
mri_surf2volseg done
#-----------------------------------------
#@# AParc-to-ASeg aparc.DKTatlas Fri Mar 13 06:22:30 CET 2026
/out/sourcedata/freesurfer/sub-v2s4x29588_ses-1/mri

 mri_surf2volseg --o aparc.DKTatlas+aseg.mgz --label-cortex --i aseg.mgz --threads 16 --lh-annot /out/sourcedata/freesurfer/sub-v2s4x29588_ses-1/label/lh.aparc.DKTatlas.annot 1000 --lh-cortex-mask /out/sourcedata/freesurfer/sub-v2s4x29588_ses-1/label/lh.cortex.label --lh-white /out/sourcedata/freesurfer/sub-v2s4x29588_ses-1/surf/lh.white --lh-pial /out/sourcedata/freesurfer/sub-v2s4x29588_ses-1/surf/lh.pial --rh-annot /out/sourcedata/freesurfer/sub-v2s4x29588_ses-1/label/rh.aparc.DKTatlas.annot 2000 --rh-cortex-mask /out/sourcedata/freesurfer/sub-v2s4x29588_ses-1/label/rh.cortex.label --rh-white /out/sourcedata/freesurfer/sub-v2s4x29588_ses-1/surf/rh.white --rh-pial /out/sourcedata/freesurfer/sub-v2s4x29588_ses-1/surf/rh.pial 

SUBJECTS_DIR /out/sourcedata/freesurfer
outvol aparc.DKTatlas+aseg.mgz
16 avail.processors, using 16
Loading aseg.mgz
Loading /out/sourcedata/freesurfer/sub-v2s4x29588_ses-1/surf/lh.white
Loading /out/sourcedata/freesurfer/sub-v2s4x29588_ses-1/surf/lh.pial
Loading /out/sourcedata/freesurfer/sub-v2s4x29588_ses-1/label/lh.cortex.label
Ripping lh vertices labeled not in lh.cortex.label
  ripped 8216 vertices from lh hemi
Loading /out/sourcedata/freesurfer/sub-v2s4x29588_ses-1/label/lh.aparc.DKTatlas.annot
Loading /out/sourcedata/freesurfer/sub-v2s4x29588_ses-1/surf/rh.white
Loading /out/sourcedata/freesurfer/sub-v2s4x29588_ses-1/surf/rh.pial
Loading /out/sourcedata/freesurfer/sub-v2s4x29588_ses-1/label/rh.cortex.label
Ripping rh vertices labeled not in rh.cortex.label
  ripped 8444 vertices from rh hemi
Loading /out/sourcedata/freesurfer/sub-v2s4x29588_ses-1/label/rh.aparc.DKTatlas.annot
Done loading
208  48  32   0 192 176 160  80 144  16 112  64  96 240 224 128  17 209  33   1 225  18 210 226   2  34 227  19 
  3 211  35 228  20   4 212 229  36  21   5 213  49 230 241  22  37   6 214  50 231  23 242   7 232  38  51 215  24 243 233   8  52  39 
244  25 216 234   9  53 245  40  26 235 217  54 246 236  27  41  55 218 237 247  28  42  56 238 248 219 
239 
 29  57 249  43 250 220  30  58  44  10 251  31 221  45  11 252  59 
 46 222  12 253  47 223 254  13 255  14  15  60  61  62  65  63 145 177 193 113  66 129 161 146  97 194  81 178 147  67 195 114 148 196 130 162 179 
 98  68 197 198 199 
149 200 201 202 203 204 205 206 207  82 115 180  69 150 131 163  99 
181 151  70 116 132 152 182  83  71 164 100 153 183  72 154 133 117  84 184 165 101 155  73 185 156 134 118 102  85 186  74 166 157 187 103 135 158  75 188  86 119 
167 104 189 159 
 76 190 136 105  87 168 120 191  77 106 137  88 121 169 107  78 108 122 138 170  89 109  79 
123 110 171 139 
 90 111 124 140 172  91 125 173 141  92 126  93 174 142 127  94 175 143  95 
nrelabeled = 527011
ndotcheck = 37592
Starting Surf2VolSeg free
free done
#VMPC# mri_surf2volseg VmPeak  2008732
mri_surf2volseg done
#-----------------------------------------
#@# WMParc Fri Mar 13 06:22:56 CET 2026
/out/sourcedata/freesurfer/sub-v2s4x29588_ses-1/mri

 mri_surf2volseg --o wmparc.mgz --label-wm --i aparc+aseg.mgz --threads 16 --lh-annot /out/sourcedata/freesurfer/sub-v2s4x29588_ses-1/label/lh.aparc.annot 3000 --lh-cortex-mask /out/sourcedata/freesurfer/sub-v2s4x29588_ses-1/label/lh.cortex.label --lh-white /out/sourcedata/freesurfer/sub-v2s4x29588_ses-1/surf/lh.white --lh-pial /out/sourcedata/freesurfer/sub-v2s4x29588_ses-1/surf/lh.pial --rh-annot /out/sourcedata/freesurfer/sub-v2s4x29588_ses-1/label/rh.aparc.annot 4000 --rh-cortex-mask /out/sourcedata/freesurfer/sub-v2s4x29588_ses-1/label/rh.cortex.label --rh-white /out/sourcedata/freesurfer/sub-v2s4x29588_ses-1/surf/rh.white --rh-pial /out/sourcedata/freesurfer/sub-v2s4x29588_ses-1/surf/rh.pial 

SUBJECTS_DIR /out/sourcedata/freesurfer
outvol wmparc.mgz
16 avail.processors, using 16
Loading aparc+aseg.mgz
Loading /out/sourcedata/freesurfer/sub-v2s4x29588_ses-1/surf/lh.white
Loading /out/sourcedata/freesurfer/sub-v2s4x29588_ses-1/surf/lh.pial
Loading /out/sourcedata/freesurfer/sub-v2s4x29588_ses-1/label/lh.cortex.label
Ripping lh vertices labeled not in lh.cortex.label
  ripped 8216 vertices from lh hemi
Loading /out/sourcedata/freesurfer/sub-v2s4x29588_ses-1/label/lh.aparc.annot
Loading /out/sourcedata/freesurfer/sub-v2s4x29588_ses-1/surf/rh.white
Loading /out/sourcedata/freesurfer/sub-v2s4x29588_ses-1/surf/rh.pial
Loading /out/sourcedata/freesurfer/sub-v2s4x29588_ses-1/label/rh.cortex.label
Ripping rh vertices labeled not in rh.cortex.label
  ripped 8444 vertices from rh hemi
Loading /out/sourcedata/freesurfer/sub-v2s4x29588_ses-1/label/rh.aparc.annot
Done loading
 96 240  80  16 192  48 208 144 112 160  32 176   0 128 224  64  33  17   1 241 225  34 226   2 242  18 209  35 227   3 243  19 
210  36 228   4 244  49  20  37 211 245   5  38  50 229  21 212 246  51 230   6  22 213  52 247 231   7  53  23 248 232 214  39 
 54   8 249 233  24  55  65 215  40   9  56 234 250  25 216  57 235  41  10 251  58  26 236 217 252  11  42  59 
237  27  60  12 253 218 238  43  61  28 254  13 239 
219 
 44 255  29  62 193  14 220  45  30  15  63 221  46  31 222  47 223 194  66 195 196  67 197 198 199 
200 201 129 202 203 204 205 206 207  68  81 177  69 130  97  70 161 145 131  82  71 178 113  72 132  73  98 179 
162  83 133 146  74 180  84 134 114  75 163  99 
181 135  85  76 182 147 164  77 115 183 100 136  86 184 165  78 185 116  87 186 101 148 137 187  79 
166 188 117 189  88 190 191 167 102 118 138 149  89 168 119 
139 
103  90 120 169 121 150  91 122 140 170 123 104 124  92 125 141 151 171 126 127  93 105 172 142 152  94 173 143 106 174  95 153 175 107 154 108 155 109 156 110 157 111 158 159 

nrelabeled = 557624
ndotcheck = 4252
Starting Surf2VolSeg free
free done
#VMPC# mri_surf2volseg VmPeak  2008720
mri_surf2volseg done

 mri_segstats --seed 1234 --seg mri/wmparc.mgz --sum stats/wmparc.stats --pv mri/norm.mgz --excludeid 0 --brainmask mri/brainmask.mgz --in mri/norm.mgz --in-intensity-name norm --in-intensity-units MR --subject sub-v2s4x29588_ses-1 --surf-wm-vol --ctab /opt/freesurfer/WMParcStatsLUT.txt --etiv 

setting seed for random number genererator to 1234

7.3.2
cwd 
cmdline mri_segstats --seed 1234 --seg mri/wmparc.mgz --sum stats/wmparc.stats --pv mri/norm.mgz --excludeid 0 --brainmask mri/brainmask.mgz --in mri/norm.mgz --in-intensity-name norm --in-intensity-units MR --subject sub-v2s4x29588_ses-1 --surf-wm-vol --ctab /opt/freesurfer/WMParcStatsLUT.txt --etiv 
sysname  Linux
hostname dna067
machine  x86_64
user     oesteban
whitesurfname  white
UseRobust  0
atlas_icv (eTIV) = 1709430 mm^3    (det: 1.139623 )
Loading mri/wmparc.mgz
Getting Brain Volume Statistics
Loading mri/norm.mgz
Loading mri/norm.mgz
Voxel Volume is 1 mm^3
Generating list of segmentation ids
Found 390 segmentations
Computing statistics for each segmentation

Reporting on  70 segmentations
Using PrintSegStat
mri_segstats done
#--------------------------------------------
#@# ASeg Stats Fri Mar 13 06:24:50 CET 2026
/out/sourcedata/freesurfer/sub-v2s4x29588_ses-1

 mri_segstats --seed 1234 --seg mri/aseg.mgz --sum stats/aseg.stats --pv mri/norm.mgz --empty --brainmask mri/brainmask.mgz --brain-vol-from-seg --excludeid 0 --excl-ctxgmwm --supratent --subcortgray --in mri/norm.mgz --in-intensity-name norm --in-intensity-units MR --etiv --surf-wm-vol --surf-ctx-vol --totalgray --euler --ctab /opt/freesurfer/ASegStatsLUT.txt --subject sub-v2s4x29588_ses-1 

setting seed for random number genererator to 1234

7.3.2
cwd 
cmdline mri_segstats --seed 1234 --seg mri/aseg.mgz --sum stats/aseg.stats --pv mri/norm.mgz --empty --brainmask mri/brainmask.mgz --brain-vol-from-seg --excludeid 0 --excl-ctxgmwm --supratent --subcortgray --in mri/norm.mgz --in-intensity-name norm --in-intensity-units MR --etiv --surf-wm-vol --surf-ctx-vol --totalgray --euler --ctab /opt/freesurfer/ASegStatsLUT.txt --subject sub-v2s4x29588_ses-1 
sysname  Linux
hostname dna067
machine  x86_64
user     oesteban
whitesurfname  white
UseRobust  0
atlas_icv (eTIV) = 1709430 mm^3    (det: 1.139623 )
Computing euler number
orig.nofix lheno =  -56, rheno = -70
orig.nofix lhholes =   29, rhholes = 36
Loading mri/aseg.mgz
Getting Brain Volume Statistics
Loading mri/norm.mgz
Loading mri/norm.mgz
Voxel Volume is 1 mm^3
Generating list of segmentation ids
Found  50 segmentations
Computing statistics for each segmentation

Reporting on  45 segmentations
Using PrintSegStat
mri_segstats done

Started at Fri Mar 13 06:21:13 CET 2026 
Ended   at Fri Mar 13 06:25:13 CET 2026
#@#%# recon-all-run-time-hours 0.067
recon-all -s sub-v2s4x29588_ses-1 finished without error at Fri Mar 13 06:25:13 CET 2026
