#!ascii label  , from subject sub-v2s4x29598_ses-1 vox2ras=TkReg
4757
43848  1.273  -18.689  75.621 0.6250000000
43852  1.392  -19.460  75.383 0.5000000000
43854  0.316  -19.152  74.782 0.6250000000
43840  3.006  -18.776  77.032 0.5000000000
127056  2.407  -18.417  76.529 0.5000000000
42973  4.012  -20.126  76.336 0.5000000000
43845  3.418  -19.561  76.533 0.5000000000
43846  2.620  -19.217  76.245 0.5000000000
44722  1.811  -18.162  76.109 0.6250000000
42007  4.651  -20.449  76.020 0.5000000000
120656  3.422  -20.155  75.980 0.5000000000
43847  1.871  -19.003  76.018 0.5000000000
44727  0.733  -18.527  75.174 0.6250000000
42974  2.755  -19.984  75.968 0.5000000000
45715  -0.817  -18.257  73.490 0.7500000000
118866  5.718  -17.943  78.379 0.7500000000
44704  5.220  -17.799  78.052 0.7500000000
44712  4.039  -17.587  77.850 0.7500000000
44713  3.363  -17.347  77.527 0.7500000000
44718  2.874  -17.883  77.126 0.6250000000
43825  6.201  -18.476  78.321 0.7500000000
126890  5.622  -18.552  78.139 0.7500000000
43832  4.627  -18.647  77.760 0.7500000000
44711  4.635  -17.985  77.940 0.7500000000
43833  3.522  -18.105  77.495 0.7500000000
119941  2.345  -17.599  76.653 0.6250000000
43831  5.898  -19.147  77.950 0.7500000000
121492  5.201  -19.014  77.972 0.6250000000
133880  4.123  -18.238  77.753 0.7500000000
111183  3.930  -18.923  77.284 0.5000000000
42963  6.626  -19.997  77.224 0.6250000000
42958  5.964  -19.708  77.381 0.6250000000
43839  4.761  -19.376  77.330 0.6250000000
42965  4.119  -19.737  76.956 0.5000000000
42971  6.000  -20.184  76.793 0.5000000000
42972  5.313  -20.290  76.408 0.5000000000
42964  4.655  -20.057  76.790 0.5000000000
116894  0.688  -17.864  75.099 0.6250000000
44723  1.177  -17.954  75.674 0.6250000000
125211  6.816  -20.432  76.417 0.5000000000
125052  5.945  -20.641  76.075 0.5000000000
45714  -0.280  -17.698  73.801 0.6250000000
45711  0.219  -17.689  74.497 0.6250000000
44728  0.126  -18.424  74.738 0.6250000000
46702  -0.366  -17.244  72.765 0.6250000000
45718  -0.691  -17.662  73.165 0.6250000000
44730  -0.339  -18.342  74.091 0.7500000000
45721  -1.103  -17.730  72.395 0.6250000000
44737  -1.207  -18.139  72.951 0.7500000000
43858  -0.261  -19.101  74.240 0.7500000000
45725  -1.197  -17.605  71.545 0.6250000000
44731  -0.878  -18.974  73.727 0.7500000000
45690  5.610  -17.437  78.276 0.7500000000
120602  4.565  -17.202  77.655 0.7500000000
45695  3.736  -17.131  77.623 0.7500000000
44702  6.395  -17.932  78.967 0.7500000000
45685  5.879  -16.921  78.358 0.7500000000
119275  3.921  -16.808  77.375 0.8750000000
46681  3.296  -16.684  77.026 0.7500000000
45700  2.849  -17.201  77.145 0.6250000000
43824  6.974  -18.436  78.461 0.7500000000
44696  6.336  -17.275  79.024 0.7500000000
47639  2.699  -16.181  75.357 0.6250000000
46684  2.468  -16.709  75.876 0.6250000000
45705  1.909  -17.360  76.013 0.6250000000
43830  7.485  -18.990  78.018 0.7500000000
48634  2.102  -15.591  74.555 0.6250000000
47640  2.224  -16.426  75.165 0.6250000000
46687  1.893  -16.897  75.488 0.6250000000
42956  7.113  -19.532  77.590 0.7500000000
48639  1.916  -15.527  74.062 0.6250000000
47647  1.737  -16.039  74.071 0.6250000000
46691  1.545  -16.844  74.858 0.6250000000
47650  1.392  -15.947  73.509 0.6250000000
47648  1.108  -16.444  73.633 0.6250000000
46696  0.712  -16.926  73.803 0.6250000000
122034  0.197  -17.269  74.046 0.6250000000
133249  0.166  -16.884  73.013 0.6250000000
46701  -0.040  -17.150  73.453 0.6250000000
46718  0.260  -17.137  70.923 0.6250000000
46706  0.135  -16.879  72.503 0.6250000000
46719  -0.448  -17.469  70.391 0.6250000000
45729  -1.167  -17.634  70.710 0.6250000000
126342  -0.683  -18.369  69.003 0.5000000000
45743  -1.208  -18.195  69.529 0.5000000000
123643  -1.336  -18.746  69.082 0.5000000000
43901  -1.962  -19.747  68.778 0.5000000000
47616  8.939  -15.190  79.500 0.7500000000
47617  8.163  -14.925  79.696 0.7500000000
47624  9.764  -15.340  79.296 0.7500000000
46669  8.267  -15.817  79.697 0.7500000000
47618  7.522  -15.323  79.869 0.7500000000
46671  6.713  -16.151  79.380 0.7500000000
130634  6.564  -16.193  78.683 0.8750000000
47625  5.944  -16.312  77.726 0.8750000000
47630  4.681  -16.010  76.797 0.7500000000
48617  4.878  -15.364  76.619 0.7500000000
48610  10.138  -14.597  79.234 0.7500000000
46674  10.137  -16.155  79.141 0.7500000000
46675  9.253  -15.960  79.404 0.7500000000
45688  8.457  -17.283  79.229 0.8750000000
45683  7.115  -16.665  79.519 0.8750000000
112990  6.862  -16.189  79.549 0.7500000000
44697  6.127  -17.011  78.743 0.8750000000
46677  5.516  -16.855  77.810 0.8750000000
46678  4.871  -16.763  77.386 0.7500000000
48618  4.141  -15.831  76.329 0.8750000000
44708  10.220  -18.213  78.283 0.8750000000
44710  8.639  -18.467  78.550 0.7500000000
44700  8.146  -17.981  79.077 0.7500000000
44701  7.255  -17.984  79.093 0.7500000000
49531  2.931  -15.312  74.915 0.8750000000
48624  3.133  -15.994  75.511 0.8750000000
43827  9.923  -19.021  78.083 0.7500000000
43838  8.717  -19.447  77.697 0.6250000000
48642  2.229  -15.045  73.934 0.7500000000
48633  2.440  -15.382  74.835 0.8750000000
42959  10.000  -20.019  76.889 0.6250000000
42961  8.717  -19.937  77.231 0.6250000000
42955  7.988  -19.624  77.553 0.6250000000
48643  1.721  -15.519  73.409 0.7500000000
48638  2.205  -15.166  74.550 0.7500000000
42002  9.546  -20.288  76.255 0.6250000000
42960  9.295  -20.078  76.909 0.6250000000
42970  7.771  -20.419  76.415 0.5000000000
47661  1.963  -15.264  71.748 0.7500000000
42010  9.263  -21.043  75.018 0.6250000000
126282  9.043  -20.653  75.718 0.6250000000
42004  7.399  -20.965  75.770 0.5000000000
47670  1.497  -15.823  71.006 0.6250000000
116827  1.115  -16.009  72.272 0.6250000000
47655  1.129  -15.907  72.880 0.6250000000
42022  8.522  -21.138  74.508 0.6250000000
121495  8.612  -21.027  75.281 0.6250000000
42012  7.112  -21.159  75.021 0.5000000000
115333  1.236  -15.986  69.975 0.6250000000
124773  0.833  -16.387  71.527 0.6250000000
47656  0.676  -16.427  72.349 0.6250000000
42023  7.637  -21.175  74.380 0.3750000000
116176  6.748  -21.231  74.157 0.3750000000
110936  0.652  -16.826  69.553 0.5000000000
46724  0.204  -17.280  70.048 0.6250000000
46735  0.320  -17.121  68.759 0.5000000000
46725  -0.336  -17.641  69.647 0.5000000000
45792  0.353  -17.834  66.605 0.5000000000
46745  -0.008  -17.644  67.996 0.5000000000
127096  -0.204  -17.706  69.080 0.5000000000
46756  0.088  -18.033  67.278 0.5000000000
45775  -0.229  -18.371  68.037 0.5000000000
120160  -0.246  -18.673  67.273 0.5000000000
44814  -0.412  -19.261  65.243 0.5000000000
49511  9.652  -13.027  79.030 0.7500000000
48622  4.390  -15.067  76.099 0.7500000000
48609  11.058  -14.467  79.001 0.7500000000
111672  10.863  -15.991  78.883 0.6250000000
49530  3.509  -14.782  75.064 1.0000000000
48623  3.671  -15.608  75.768 0.7500000000
46673  10.695  -16.682  78.739 0.7500000000
45686  10.025  -17.029  79.058 0.7500000000
49538  3.367  -14.071  74.185 0.8750000000
49534  2.824  -15.091  74.744 0.8750000000
44717  10.683  -18.748  77.829 0.7500000000
49549  2.938  -14.344  72.986 0.8750000000
49539  2.757  -14.867  74.412 0.7500000000
43836  10.321  -19.354  77.344 0.8750000000
114194  2.915  -14.654  71.711 0.7500000000
115019  2.213  -15.035  73.260 0.7500000000
43844  10.769  -19.769  76.737 0.6250000000
110424  3.588  -14.471  70.970 0.7500000000
114222  2.436  -14.878  72.454 0.7500000000
42979  9.929  -20.583  75.477 0.6250000000
47669  3.285  -15.036  70.366 0.8750000000
42009  9.911  -20.994  74.771 0.6250000000
47699  2.859  -15.991  68.962 0.5000000000
47682  1.965  -15.904  69.524 0.6250000000
42035  10.041  -21.139  73.593 0.6250000000
131648  1.871  -16.860  67.585 0.5000000000
126710  0.915  -16.733  68.876 0.6250000000
46755  0.797  -17.443  66.866 0.6250000000
126127  0.614  -16.944  68.308 0.5000000000
114112  0.322  -17.535  67.406 0.5000000000
45809  0.298  -17.932  65.556 0.6250000000
45793  -0.053  -18.269  66.428 0.6250000000
45827  0.048  -18.231  64.909 0.5000000000
44813  -0.184  -18.753  64.682 0.5000000000
44801  -0.238  -18.579  65.575 0.5000000000
49509  11.771  -13.136  78.265 0.6250000000
49510  11.100  -13.481  78.803 0.7500000000
49517  12.444  -13.684  78.093 0.7500000000
128567  12.649  -14.885  78.032 0.6250000000
47629  12.055  -15.878  78.188 0.6250000000
49537  3.901  -13.030  73.749 1.0000000000
50391  3.919  -13.444  74.464 1.0000000000
46679  12.612  -16.124  77.891 0.7500000000
45692  12.189  -16.785  78.022 0.7500000000
45693  11.269  -17.157  78.253 0.7500000000
49554  3.938  -13.467  71.885 1.0000000000
129218  13.010  -16.595  77.350 0.7500000000
45699  12.567  -17.412  77.374 0.7500000000
44716  11.443  -18.421  77.488 0.7500000000
131567  3.854  -15.037  69.752 1.0000000000
43843  11.418  -19.433  76.625 0.7500000000
47680  4.316  -14.754  69.331 1.0000000000
42967  11.297  -20.033  76.068 0.6250000000
46732  4.324  -15.707  67.753 1.0000000000
46733  3.695  -15.957  68.309 0.7500000000
123429  10.705  -20.332  75.540 0.6250000000
46752  4.413  -16.389  66.453 1.0000000000
46742  3.761  -16.355  67.373 0.8750000000
42019  10.839  -20.937  73.828 0.6250000000
46763  4.676  -16.704  65.556 0.6250000000
46754  1.985  -17.129  66.626 0.6250000000
42034  10.557  -21.092  72.982 0.6250000000
46765  2.164  -17.399  65.565 0.6250000000
42046  11.024  -20.925  72.260 0.6250000000
45826  1.281  -17.809  64.002 0.6250000000
45791  1.098  -17.616  66.039 0.6250000000
116629  0.576  -17.924  64.692 0.6250000000
45840  0.443  -18.304  64.167 0.5000000000
43942  1.016  -19.825  62.254 0.5000000000
44830  0.071  -19.010  63.891 0.5000000000
44849  0.473  -19.386  63.117 0.5000000000
43073  0.250  -21.102  62.471 0.5000000000
51212  13.342  -11.420  77.901 0.6250000000
51213  12.462  -11.448  78.142 0.6250000000
50370  13.418  -12.381  77.559 0.6250000000
49516  13.179  -13.361  77.677 0.6250000000
48615  12.265  -14.451  78.183 0.6250000000
49547  4.198  -12.829  71.927 0.8750000000
51211  14.757  -11.164  77.063 0.6250000000
49515  13.868  -13.032  77.157 0.6250000000
47634  13.411  -14.627  77.246 0.5000000000
49552  4.256  -13.207  70.682 0.8750000000
127257  4.192  -13.732  70.787 1.0000000000
50377  14.531  -12.755  76.769 0.5000000000
113596  14.350  -14.080  76.487 0.5000000000
127800  13.944  -14.701  76.842 0.5000000000
110875  13.685  -16.018  77.034 0.6250000000
45698  13.240  -17.320  77.022 0.7500000000
44715  12.216  -18.175  77.191 0.7500000000
48656  4.430  -14.076  69.549 1.0000000000
48649  4.238  -14.356  70.158 1.0000000000
47633  14.142  -15.433  76.711 0.5000000000
45704  13.621  -17.623  76.506 0.7500000000
44721  12.601  -18.650  76.588 0.7500000000
47679  4.449  -14.627  68.723 1.0000000000
44719  14.048  -17.992  75.903 0.7500000000
43851  12.442  -19.465  75.383 0.6250000000
42977  11.337  -20.250  75.225 0.6250000000
46741  4.565  -15.973  66.865 1.0000000000
44726  13.554  -18.495  75.539 0.6250000000
43857  12.611  -19.497  74.632 0.6250000000
42976  12.069  -20.073  74.946 0.6250000000
46762  5.271  -16.349  65.347 1.0000000000
42984  12.153  -20.025  74.151 0.6250000000
42985  11.419  -20.376  74.416 0.6250000000
46772  4.561  -16.491  63.670 0.8750000000
45806  5.173  -16.623  64.737 1.0000000000
42993  11.577  -20.369  73.576 0.6250000000
45824  4.285  -17.093  63.639 0.7500000000
45807  4.585  -17.085  64.556 0.7500000000
42055  11.030  -20.928  71.360 0.6250000000
45825  2.693  -17.509  63.753 0.5000000000
44848  1.280  -18.934  62.581 0.5000000000
43951  0.834  -20.668  61.946 0.5000000000
43081  0.501  -21.339  61.599 0.3750000000
51216  16.249  -11.139  76.493 0.5000000000
117027  15.435  -11.573  76.698 0.6250000000
52149  14.671  -10.356  77.011 0.6250000000
50406  3.534  -12.269  70.953 0.8750000000
50376  15.229  -12.412  76.452 0.5000000000
49560  4.298  -13.545  69.732 1.0000000000
49521  16.493  -12.657  75.874 0.5000000000
50375  15.975  -12.030  76.197 0.5000000000
49523  14.924  -13.340  76.242 0.5000000000
111338  14.538  -14.838  76.389 0.5000000000
49587  3.353  -14.058  67.889 0.8750000000
49575  4.108  -14.018  68.496 1.0000000000
50383  17.073  -12.392  75.517 0.5000000000
128037  16.294  -13.375  75.896 0.5000000000
48619  15.674  -13.749  75.957 0.5000000000
47632  14.733  -15.471  76.235 0.5000000000
126411  14.405  -16.603  76.187 0.7500000000
48677  3.783  -14.450  67.123 1.0000000000
48676  4.322  -14.545  67.644 1.0000000000
49528  16.848  -13.375  75.580 0.3750000000
114613  16.288  -14.748  75.649 0.5000000000
47638  15.542  -15.332  75.842 0.3750000000
46690  15.215  -16.391  75.544 0.5000000000
45708  15.131  -16.832  75.220 0.5000000000
44725  14.167  -18.049  75.248 0.6250000000
48701  4.469  -15.253  65.734 1.0000000000
48700  4.887  -15.549  66.054 1.0000000000
43849  13.653  -18.519  74.853 0.6250000000
42983  12.657  -19.414  73.869 0.6250000000
46771  5.117  -16.339  64.412 1.0000000000
42992  12.234  -19.909  73.349 0.6250000000
42998  11.724  -20.298  72.642 0.6250000000
46779  4.097  -16.621  62.756 0.7500000000
120772  12.121  -19.975  71.924 0.6250000000
45837  3.599  -17.251  62.771 0.5000000000
122694  3.939  -17.099  62.086 0.6250000000
45838  2.129  -17.718  63.117 0.5000000000
44847  2.228  -18.468  61.918 0.5000000000
45851  1.693  -18.209  62.824 0.5000000000
44866  1.742  -19.243  61.639 0.5000000000
44865  2.526  -18.685  61.039 0.5000000000
43949  1.908  -19.301  60.733 0.5000000000
43950  1.333  -20.017  61.326 0.5000000000
43958  1.338  -19.943  60.397 0.3750000000
43080  0.926  -20.727  60.994 0.3750000000
43089  0.643  -20.593  59.968 0.3750000000
43097  -0.098  -20.793  59.261 0.3750000000
43969  0.217  -19.931  59.067 0.3750000000
51242  3.932  -11.819  71.834 0.8750000000
50422  2.972  -13.016  69.820 0.8750000000
122436  2.632  -12.507  70.342 0.8750000000
54156  19.640  -8.628  74.338 0.3750000000
55044  19.490  -8.389  74.343 0.3750000000
54150  18.581  -8.992  74.843 0.3750000000
121217  17.642  -9.378  75.708 0.3750000000
52154  17.310  -10.286  76.051 0.3750000000
51215  16.973  -10.984  76.060 0.3750000000
49561  4.012  -13.594  69.229 0.8750000000
55055  20.104  -7.586  73.585 0.2500000000
54163  19.867  -8.783  74.044 0.2500000000
53184  19.346  -9.296  74.535 0.3750000000
53176  18.906  -9.889  74.563 0.2500000000
53177  18.374  -9.885  75.124 0.2500000000
52160  17.884  -10.419  75.440 0.3750000000
51221  17.311  -11.556  75.590 0.5000000000
123183  2.577  -13.634  68.354 0.8750000000
49576  3.369  -13.637  68.716 0.8750000000
55050  20.184  -8.240  73.603 0.2500000000
53189  19.747  -9.497  73.620 0.2500000000
52163  19.352  -9.863  73.859 0.2500000000
51224  18.742  -10.576  74.273 0.2500000000
51219  18.486  -11.237  74.426 0.2500000000
50382  17.637  -12.104  75.098 0.3750000000
49527  17.408  -12.874  75.075 0.3750000000
54162  20.156  -8.891  73.359 0.2500000000
113105  19.789  -10.159  73.130 0.2500000000
52169  19.328  -10.607  73.641 0.2500000000
50386  18.990  -11.106  73.889 0.2500000000
115062  18.441  -12.661  74.352 0.3750000000
49532  17.865  -13.191  74.658 0.5000000000
48632  17.141  -14.367  74.898 0.5000000000
119481  16.174  -15.908  74.825 0.5000000000
46689  15.670  -16.128  75.217 0.5000000000
44724  14.628  -17.460  74.905 0.5000000000
43855  13.538  -18.342  74.143 0.5000000000
48688  3.578  -14.648  66.355 1.0000000000
48630  18.276  -13.411  74.202 0.3750000000
48637  18.142  -14.139  73.903 0.5000000000
46693  16.746  -15.495  74.561 0.5000000000
45712  15.746  -16.486  73.973 0.5000000000
45713  15.178  -16.942  74.462 0.5000000000
128365  13.993  -17.838  73.844 0.3750000000
127577  13.487  -18.184  73.541 0.6250000000
43860  13.117  -18.812  73.534 0.6250000000
48702  3.422  -14.962  65.408 1.0000000000
46694  16.354  -16.028  74.231 0.5000000000
46699  16.358  -16.078  73.462 0.5000000000
45720  13.953  -17.173  72.584 0.3750000000
44733  13.255  -18.312  72.951 0.5000000000
43863  12.914  -18.983  72.711 0.6250000000
42997  12.364  -19.595  72.557 0.6250000000
115693  12.523  -19.103  72.040 0.6250000000
129757  4.342  -16.076  63.023 0.8750000000
43866  12.197  -19.477  71.514 0.6250000000
45849  3.716  -17.116  61.422 0.7500000000
45850  3.009  -17.660  62.078 0.5000000000
45861  3.046  -17.915  61.265 0.5000000000
120617  2.944  -18.031  60.536 0.6250000000
44882  2.465  -18.609  60.234 0.6250000000
44896  2.192  -18.337  59.540 0.5000000000
43968  1.115  -19.634  59.511 0.3750000000
44898  0.581  -19.004  58.742 0.3750000000
43976  -0.108  -19.287  58.276 0.5000000000
44916  -0.263  -18.611  57.703 0.3750000000
43977  -0.450  -19.516  57.870 0.2500000000
56017  20.283  -6.677  71.506 0.2500000000
56005  20.123  -6.594  72.384 0.2500000000
55996  20.194  -7.137  73.055 0.3750000000
50423  1.856  -12.906  69.735 0.8750000000
50407  2.236  -12.093  71.021 0.8750000000
55063  20.481  -7.452  72.298 0.2500000000
55054  20.379  -7.839  73.105 0.2500000000
126786  20.762  -8.706  71.358 0.2500000000
55072  20.721  -8.141  71.790 0.2500000000
49562  2.405  -13.335  69.079 0.8750000000
54177  20.648  -8.127  70.842 0.2500000000
54169  20.620  -8.887  72.106 0.2500000000
114129  20.294  -9.297  72.710 0.2500000000
49588  2.124  -13.857  67.738 0.8750000000
49577  1.635  -13.433  68.371 0.8750000000
54176  20.691  -8.921  70.498 0.2500000000
116099  20.156  -10.036  72.655 0.2500000000
51229  20.109  -11.515  72.892 0.3750000000
50397  19.844  -11.778  73.338 0.3750000000
49535  19.165  -13.008  73.519 0.3750000000
49536  18.701  -12.990  73.931 0.3750000000
48678  2.745  -14.277  67.073 1.0000000000
49589  1.018  -13.598  67.683 0.8750000000
53210  20.517  -9.210  69.231 0.3750000000
53209  20.684  -9.816  70.231 0.5000000000
51241  20.569  -11.281  71.422 0.5000000000
50400  20.344  -12.120  72.482 0.5000000000
48644  19.671  -13.858  72.693 0.5000000000
48636  18.699  -14.066  73.433 0.5000000000
47645  17.960  -14.724  73.982 0.5000000000
46698  17.134  -15.590  73.763 0.5000000000
48689  2.202  -14.442  66.201 1.0000000000
48679  1.540  -14.127  67.072 1.0000000000
115417  20.831  -12.051  69.882 0.7500000000
50410  20.652  -11.958  70.838 0.3750000000
133154  20.587  -12.455  71.118 0.5000000000
49546  20.212  -12.864  72.445 0.5000000000
48645  19.372  -14.394  72.344 0.6250000000
126675  18.394  -15.050  73.138 0.6250000000
46703  16.958  -15.655  72.864 0.6250000000
46705  15.311  -16.167  72.440 0.6250000000
111434  12.914  -18.325  72.138 0.5000000000
48711  3.442  -15.291  64.390 1.0000000000
48704  1.113  -14.396  65.778 1.0000000000
48651  20.482  -13.613  70.263 0.5000000000
47657  19.569  -14.513  71.492 0.6250000000
125095  18.329  -15.166  71.649 0.6250000000
47659  17.496  -15.292  71.223 0.6250000000
46710  14.981  -15.859  71.687 0.6250000000
45723  14.457  -16.421  72.166 0.6250000000
44736  13.262  -17.492  71.949 0.3750000000
113463  3.495  -15.455  63.269 1.0000000000
48712  2.150  -15.003  64.283 1.0000000000
47666  16.063  -15.177  70.502 0.6250000000
47667  15.171  -15.155  70.455 0.6250000000
46715  14.596  -15.450  71.008 0.5000000000
44738  13.078  -17.133  71.182 0.3750000000
43865  12.382  -18.668  71.250 0.5000000000
47777  3.917  -15.960  62.445 0.8750000000
47779  1.086  -15.088  62.958 0.8750000000
46720  13.510  -15.457  70.064 0.5000000000
46717  13.078  -16.045  70.303 0.3750000000
44749  12.431  -17.505  70.524 0.5000000000
133515  12.362  -18.100  70.854 0.5000000000
47817  3.534  -16.355  61.457 0.7500000000
47818  2.743  -15.791  61.264 0.7500000000
47799  0.778  -15.110  62.157 0.8750000000
47820  0.158  -15.130  61.430 0.8750000000
116073  -0.444  -14.823  61.518 0.7500000000
45741  12.445  -16.726  69.738 0.2500000000
126275  12.034  -17.178  68.943 0.3750000000
46800  3.215  -16.524  60.913 0.7500000000
46801  2.301  -16.054  60.592 0.7500000000
47819  1.404  -15.348  61.145 0.7500000000
114774  -0.312  -14.911  60.782 0.6250000000
47837  -0.112  -15.112  59.903 0.6250000000
45860  3.243  -17.291  60.742 0.7500000000
46816  2.000  -16.530  59.965 0.6250000000
127931  1.277  -16.297  59.597 0.6250000000
46833  0.050  -15.677  59.115 0.6250000000
46834  -0.201  -15.411  58.531 0.6250000000
47852  -0.483  -14.777  58.440 0.6250000000
44895  2.728  -17.923  59.857 0.6250000000
46832  1.690  -16.977  59.284 0.6250000000
46849  0.980  -17.167  58.614 0.6250000000
46850  0.152  -16.388  58.254 0.6250000000
113977  -0.326  -15.585  57.847 0.6250000000
45874  1.656  -17.793  59.023 0.6250000000
44914  0.964  -18.045  58.477 0.6250000000
45881  -0.071  -17.358  57.681 0.5000000000
131973  -0.161  -16.414  57.726 0.5000000000
45886  -0.284  -16.536  57.311 0.5000000000
44915  0.158  -18.314  58.113 0.6250000000
126398  -0.384  -17.215  56.953 0.5000000000
44929  -0.394  -18.851  57.399 0.2500000000
119908  -0.437  -18.117  56.964 0.2500000000
44941  -0.477  -19.021  57.000 0.2500000000
56965  20.012  -5.938  71.673 0.2500000000
50424  0.744  -12.600  69.677 0.7500000000
112950  20.350  -6.717  70.600 0.2500000000
55073  20.533  -7.416  71.242 0.2500000000
49563  1.185  -13.132  69.065 0.8750000000
49564  0.153  -12.960  69.035 0.8750000000
55080  20.453  -7.331  70.124 0.1250000000
49578  0.561  -13.218  68.309 0.8750000000
110917  0.075  -13.251  67.565 0.8750000000
54185  20.513  -8.197  69.700 0.2500000000
48680  0.534  -13.952  67.031 0.8750000000
49590  -0.044  -13.592  66.791 0.8750000000
121150  20.417  -9.074  68.147 0.6250000000
53215  20.539  -10.130  69.195 0.6250000000
52190  20.648  -10.698  69.805 0.6250000000
48691  0.095  -14.089  66.270 0.8750000000
48692  -0.517  -13.989  65.789 0.8750000000
48706  -0.791  -14.017  65.134 0.7500000000
49604  -1.032  -13.361  64.762 0.7500000000
49609  -1.097  -12.891  64.413 0.7500000000
53223  20.596  -9.397  67.481 0.7500000000
52198  20.785  -10.667  68.575 0.7500000000
114177  20.875  -11.417  69.302 0.7500000000
119909  20.725  -12.599  70.376 0.7500000000
48705  0.148  -14.304  65.290 0.8750000000
48715  -1.043  -13.968  64.280 0.7500000000
49614  -1.322  -13.235  63.863 0.7500000000
127176  -1.751  -12.883  63.224 0.7500000000
113222  21.110  -12.096  68.926 0.6250000000
124225  20.983  -12.717  69.474 0.6250000000
129401  19.747  -14.650  70.598 0.5000000000
128914  18.367  -15.240  70.839 0.5000000000
48713  0.833  -14.743  64.399 0.8750000000
48714  -0.235  -14.351  64.426 0.7500000000
48722  -0.525  -14.382  63.620 0.7500000000
48723  -1.188  -13.909  63.425 0.7500000000
119515  -1.278  -13.942  62.852 0.7500000000
48724  -1.513  -13.440  62.863 0.7500000000
48652  20.225  -14.216  70.027 0.6250000000
47671  19.911  -15.004  69.788 0.6250000000
47673  18.464  -15.432  69.368 0.5000000000
113826  17.950  -15.322  70.247 0.5000000000
47665  16.996  -15.276  70.417 0.5000000000
117465  15.702  -15.092  69.910 0.6250000000
47676  14.922  -15.020  69.694 0.6250000000
47761  0.411  -14.811  63.685 0.8750000000
47780  0.010  -14.926  62.971 0.8750000000
48731  -0.843  -14.369  62.760 0.8750000000
48732  -1.372  -13.987  62.303 0.8750000000
48733  -1.681  -13.532  61.966 0.8750000000
47677  13.910  -15.101  69.398 0.5000000000
46721  13.046  -15.777  69.353 0.3750000000
47801  -0.911  -14.445  61.892 0.8750000000
48738  -1.321  -13.977  61.513 0.8750000000
48739  -1.426  -13.533  61.057 0.8750000000
47678  13.453  -15.297  68.743 0.6250000000
46731  13.047  -15.852  68.376 0.3750000000
47821  -0.783  -14.360  61.072 0.7500000000
47838  -0.667  -14.498  60.067 0.7500000000
48745  -1.258  -13.568  60.041 0.7500000000
46750  12.887  -15.891  66.637 0.2500000000
45774  12.528  -16.385  67.986 0.3750000000
47851  -0.395  -14.922  59.194 0.6250000000
48749  -0.750  -14.333  59.151 0.6250000000
47861  -0.532  -14.717  57.734 0.6250000000
46862  -0.422  -15.421  57.166 0.5000000000
119625  -0.430  -16.291  56.733 0.3750000000
44952  -0.442  -18.314  56.445 0.1250000000
43986  -0.274  -18.881  56.053 0.1250000000
56976  20.131  -5.879  70.595 0.1250000000
56028  20.305  -6.328  69.409 0.1250000000
55088  20.327  -7.332  68.855 0.2500000000
50434  -0.411  -12.532  68.749 0.7500000000
116385  20.530  -7.883  67.072 0.3750000000
54191  20.364  -8.294  68.475 0.2500000000
49579  -0.382  -12.730  67.953 0.8750000000
118341  -0.317  -13.090  67.023 0.8750000000
54202  20.787  -8.706  66.919 0.5000000000
54203  20.596  -8.761  67.087 0.6250000000
129816  -0.369  -12.683  66.672 0.8750000000
49598  -0.702  -13.452  65.641 0.8750000000
49605  -0.886  -12.897  65.080 0.8750000000
50462  -0.895  -12.559  64.427 0.7500000000
52211  20.943  -9.884  67.378 0.7500000000
129798  20.760  -10.151  67.785 0.6250000000
117820  21.240  -11.346  68.463 0.6250000000
124804  -0.461  -11.688  65.274 0.7500000000
51285  -0.695  -11.958  64.454 0.7500000000
123093  21.436  -12.818  68.554 0.6250000000
48654  20.846  -13.857  69.419 0.6250000000
48655  20.424  -14.549  69.186 0.6250000000
50477  -1.742  -12.604  62.186 0.7500000000
122640  -1.601  -12.410  63.361 0.7500000000
47689  21.419  -15.067  67.987 0.6250000000
49573  21.402  -13.667  68.506 0.6250000000
111259  19.258  -15.480  68.769 0.6250000000
47692  17.772  -15.532  68.722 0.5000000000
47693  16.827  -15.340  68.907 0.5000000000
47694  15.798  -15.106  69.117 0.5000000000
49625  -1.481  -12.775  60.776 0.7500000000
49624  -1.670  -13.053  61.517 0.8750000000
111044  19.607  -15.821  67.273 0.6250000000
111043  18.657  -15.834  67.260 0.5000000000
47691  18.580  -15.616  68.572 0.5000000000
111045  17.096  -15.454  67.973 0.5000000000
131972  16.291  -15.207  68.385 0.5000000000
115122  14.752  -14.907  68.877 0.3750000000
127342  14.008  -14.997  68.619 0.5000000000
50483  -1.508  -12.884  59.992 0.7500000000
49631  -1.472  -13.180  60.557 0.8750000000
47710  14.311  -14.790  67.285 0.5000000000
47696  13.628  -15.169  67.964 0.6250000000
46740  13.034  -15.875  67.534 0.6250000000
49637  -1.373  -13.323  59.358 0.7500000000
131258  -1.429  -13.250  59.968 0.7500000000
49642  -1.374  -13.124  58.650 0.6250000000
132508  -0.945  -13.949  58.271 0.6250000000
46761  12.764  -15.859  65.701 0.2500000000
49655  -0.918  -13.671  57.226 0.5000000000
116786  -0.747  -14.210  57.698 0.3750000000
48761  -0.705  -14.131  57.054 0.3750000000
47867  -0.553  -14.652  57.091 0.5000000000
47878  -0.674  -14.763  55.991 0.1250000000
46885  -0.636  -15.364  56.025 0.1250000000
46874  -0.549  -15.367  56.575 0.3750000000
46873  -0.525  -16.315  56.114 0.1250000000
130420  -0.258  -15.721  54.830 0.1250000000
45899  -0.478  -17.415  55.984 0.1250000000
125714  -0.334  -18.150  55.877 0.1250000000
57005  20.905  -6.055  67.777 0.2500000000
115586  20.484  -5.759  68.650 0.1250000000
56049  20.964  -6.444  67.379 0.5000000000
56044  20.641  -6.269  67.864 0.1250000000
50435  -0.626  -12.212  68.531 0.7500000000
54196  22.133  -8.445  67.711 0.5000000000
50443  -0.483  -12.359  67.923 0.7500000000
50444  -0.400  -12.167  67.344 0.8750000000
51274  -0.422  -11.650  66.787 0.7500000000
116979  -0.621  -11.014  67.182 0.7500000000
53221  22.910  -9.668  68.342 0.5000000000
54201  21.405  -8.807  67.074 0.5000000000
52222  -0.414  -11.265  66.094 0.8750000000
131951  -0.436  -11.302  65.410 0.8750000000
52202  23.057  -10.587  68.406 0.6250000000
53227  21.641  -9.604  67.401 0.7500000000
52204  21.138  -10.604  67.899 0.6250000000
51290  -1.004  -11.797  63.897 0.7500000000
128397  25.028  -11.720  69.119 0.6250000000
50419  23.896  -12.038  68.750 0.7500000000
50432  23.038  -12.094  68.292 0.7500000000
50433  22.270  -12.477  68.192 0.7500000000
114122  21.639  -11.978  68.319 0.6250000000
52250  -1.383  -11.579  62.996 0.7500000000
50429  27.004  -11.986  68.505 0.7500000000
50431  25.724  -12.765  68.441 0.7500000000
49557  24.811  -12.875  68.529 0.7500000000
49570  24.204  -13.684  68.139 0.8750000000
49571  23.276  -13.486  68.130 0.7500000000
49572  22.290  -13.371  68.179 0.6250000000
47688  22.050  -14.315  68.036 0.6250000000
51311  -1.374  -12.017  60.912 0.8750000000
113647  -1.170  -11.354  62.454 0.8750000000
123558  27.215  -12.503  67.823 0.7500000000
48673  26.507  -13.784  67.386 0.7500000000
48674  25.373  -14.650  67.128 0.7500000000
48662  24.821  -14.269  67.663 0.7500000000
47705  23.356  -15.111  67.289 0.7500000000
47706  22.404  -15.004  67.570 0.7500000000
47707  21.024  -15.501  67.441 0.6250000000
47722  20.453  -15.794  66.869 0.6250000000
47708  20.315  -15.633  67.602 0.6250000000
111042  17.709  -15.634  67.177 0.5000000000
111041  16.719  -15.319  66.997 0.5000000000
111300  16.087  -15.154  67.651 0.5000000000
52297  -1.125  -11.581  58.607 0.6250000000
51321  -1.396  -11.973  59.161 0.7500000000
50441  27.748  -12.323  67.236 0.7500000000
50442  27.352  -12.913  67.298 0.7500000000
121824  26.115  -14.321  67.029 0.7500000000
47704  24.440  -15.060  67.164 0.7500000000
110849  23.096  -15.476  66.666 0.6250000000
110988  22.283  -15.528  66.573 0.8750000000
111515  21.365  -15.649  66.532 0.6250000000
126582  19.735  -15.838  66.271 0.6250000000
47723  18.998  -15.855  66.538 0.5000000000
47724  18.253  -15.716  66.504 0.3750000000
47725  17.357  -15.384  66.258 0.5000000000
47726  15.753  -14.926  66.797 0.6250000000
47709  15.128  -14.707  67.468 0.3750000000
47728  14.165  -14.803  66.484 0.5000000000
51342  -1.155  -12.162  57.472 0.5000000000
51330  -1.328  -12.083  58.274 0.5000000000
49595  27.641  -12.838  65.961 0.6250000000
49585  27.605  -12.870  66.743 0.7500000000
130814  23.663  -15.599  66.075 0.5000000000
111174  22.060  -15.651  65.140 0.6250000000
127411  20.654  -15.609  65.062 0.5000000000
117652  19.749  -15.614  65.127 0.5000000000
112103  18.975  -15.689  65.694 0.5000000000
112102  18.080  -15.421  65.571 0.5000000000
112101  16.979  -15.044  65.341 0.5000000000
112100  15.442  -14.368  65.976 0.5000000000
115623  14.697  -14.429  65.886 0.3750000000
47729  13.432  -15.306  66.180 0.2500000000
50508  -1.033  -12.700  57.018 0.5000000000
50500  -1.287  -12.748  57.899 0.6250000000
47754  16.796  -14.182  63.962 0.2500000000
127366  16.057  -14.325  65.303 0.3750000000
117893  15.226  -14.275  65.182 0.3750000000
46760  14.261  -14.763  65.054 0.3750000000
126371  13.420  -15.320  65.372 0.2500000000
51382  0.028  -11.808  55.109 0.1250000000
50528  -0.437  -12.472  55.677 0.3750000000
50517  -0.647  -12.738  56.172 0.3750000000
117649  -1.093  -13.214  57.308 0.2500000000
47775  15.348  -14.383  63.640 0.2500000000
47756  14.903  -14.410  64.352 0.2500000000
51399  -0.244  -12.366  55.111 0.1250000000
50542  -0.451  -12.937  55.281 0.3750000000
122229  -0.649  -13.805  56.287 0.2500000000
118381  -0.745  -13.850  56.728 0.3750000000
50540  1.168  -12.096  53.714 0.1250000000
50541  0.346  -12.476  54.132 0.1250000000
122080  0.112  -13.355  54.055 0.1250000000
48779  -0.492  -13.966  55.172 0.1250000000
48775  -0.611  -14.299  55.926 0.1250000000
48768  -0.648  -14.239  56.420 0.2500000000
49675  1.576  -12.903  53.248 0.1250000000
49676  0.892  -13.124  53.672 0.1250000000
48788  -0.322  -14.183  54.535 0.1250000000
118458  -0.408  -14.506  54.877 0.1250000000
47883  -0.415  -15.057  54.957 0.1250000000
48785  1.060  -14.814  53.330 0.1250000000
48786  0.201  -14.718  53.739 0.1250000000
114103  -0.175  -15.644  54.346 0.1250000000
115109  23.949  -6.928  70.123 0.6250000000
56026  23.241  -6.471  69.841 0.6250000000
56043  21.605  -6.435  67.995 0.5000000000
55079  24.416  -7.520  70.022 0.6250000000
54184  23.946  -8.267  69.539 0.6250000000
55092  21.991  -7.468  67.866 0.5000000000
53207  24.936  -9.340  69.840 0.5000000000
52189  24.542  -9.942  69.491 0.7500000000
54195  22.742  -8.923  68.299 0.5000000000
52221  -0.337  -10.741  66.713 0.7500000000
52187  25.701  -10.268  69.913 0.6250000000
52197  23.991  -10.667  69.094 0.7500000000
119414  23.756  -9.857  69.008 0.6250000000
52229  -0.520  -11.385  64.872 0.8750000000
51253  27.286  -10.484  69.037 0.7500000000
51255  26.233  -11.164  69.296 0.6250000000
52195  25.351  -10.556  69.620 0.6250000000
53262  -0.676  -10.664  63.512 0.7500000000
52249  -1.092  -11.085  63.218 0.7500000000
51261  27.455  -11.160  68.370 0.7500000000
51254  26.865  -11.335  69.026 0.6250000000
52284  -0.536  -10.916  59.594 0.7500000000
52260  -0.668  -11.420  61.022 0.7500000000
127607  -0.824  -11.243  61.862 0.8750000000
53358  1.526  -10.417  56.713 0.2500000000
53341  0.839  -10.554  57.451 0.1250000000
53324  0.280  -10.363  58.636 0.5000000000
52285  -1.135  -11.477  59.555 0.7500000000
52273  -1.162  -11.689  60.515 0.7500000000
52220  27.622  -10.467  66.348 0.6250000000
124176  28.030  -11.283  66.528 0.6250000000
54346  2.103  -9.956  55.758 0.1250000000
53359  0.666  -10.657  56.677 0.1250000000
53360  0.071  -10.790  56.757 0.1250000000
52296  -0.635  -11.258  58.046 0.5000000000
54364  1.523  -10.259  55.122 0.1250000000
53392  0.629  -10.780  55.341 0.1250000000
52340  -0.398  -11.635  56.340 0.1250000000
51357  -0.967  -12.198  56.982 0.3750000000
53412  1.881  -10.289  54.287 0.1250000000
53413  1.257  -10.515  54.492 0.1250000000
51356  -0.780  -11.970  56.717 0.3750000000
53434  3.170  -10.298  53.542 0.1250000000
52367  2.343  -10.596  53.721 0.1250000000
125995  1.047  -11.179  53.958 0.1250000000
119100  0.112  -12.038  54.634 0.2500000000
52386  2.997  -10.665  53.122 0.1250000000
51396  1.775  -11.308  53.620 0.1250000000
51428  5.237  -11.296  52.207 0.1250000000
51411  4.462  -11.290  52.346 0.1250000000
123077  3.920  -11.906  52.457 0.1250000000
50539  2.114  -12.242  53.089 0.1250000000
49684  2.504  -13.747  52.739 0.1250000000
54175  24.976  -7.700  70.086 0.6250000000
56016  24.026  -6.355  70.414 0.5000000000
120945  25.299  -7.360  70.213 0.5000000000
55070  24.879  -7.077  70.268 0.6250000000
124494  26.143  -9.158  70.145 0.5000000000
54182  25.279  -8.823  69.999 0.6250000000
116433  0.324  -10.094  65.179 0.8750000000
53246  -0.074  -10.513  65.284 0.8750000000
53205  26.824  -9.207  69.947 0.5000000000
52186  26.239  -10.535  69.755 0.6250000000
53253  0.439  -9.736  64.617 0.8750000000
53254  -0.028  -10.359  64.638 0.8750000000
52194  27.389  -9.603  69.337 0.7500000000
127032  26.842  -10.128  69.714 0.6250000000
115182  0.539  -10.093  60.000 0.6250000000
53283  0.488  -10.125  61.602 0.7500000000
124507  -0.311  -10.382  63.131 0.8750000000
130289  -0.443  -10.665  64.203 0.7500000000
52193  27.722  -9.793  68.684 0.7500000000
53307  0.943  -9.978  59.223 0.5000000000
52271  -0.258  -10.963  60.467 0.7500000000
124739  27.773  -10.634  67.723 0.6250000000
114290  2.572  -9.795  55.532 0.1250000000
129236  2.518  -9.865  56.219 0.1250000000
53323  0.919  -10.270  58.299 0.3750000000
129092  0.314  -10.513  57.962 0.5000000000
52200  27.743  -9.745  67.403 0.6250000000
54361  3.525  -9.625  54.777 0.1250000000
131900  2.801  -9.748  55.809 0.1250000000
54363  2.082  -9.985  55.149 0.1250000000
52228  27.598  -10.326  65.702 0.3750000000
54362  2.798  -9.725  54.906 0.1250000000
54220  28.078  -8.535  65.094 0.5000000000
53409  4.064  -9.852  53.678 0.1250000000
53411  2.653  -10.121  54.118 0.1250000000
53432  4.533  -9.997  53.219 0.1250000000
53433  3.872  -10.087  53.374 0.1250000000
53453  6.869  -10.369  52.171 0.1250000000
53454  5.920  -10.451  52.501 0.1250000000
52383  5.097  -10.400  52.763 0.1250000000
128396  4.087  -10.840  52.594 0.1250000000
52404  5.727  -10.856  52.216 0.1250000000
56012  26.527  -5.948  70.301 0.6250000000
130292  25.661  -6.781  70.384 0.3750000000
55078  26.960  -7.260  69.712 0.5000000000
54172  26.459  -7.552  70.090 0.6250000000
54179  27.476  -7.872  69.317 0.6250000000
54180  26.959  -8.214  69.861 0.6250000000
53212  27.899  -8.581  68.228 0.6250000000
53204  27.477  -8.750  69.430 0.6250000000
111346  1.365  -9.813  60.120 0.6250000000
53294  0.924  -9.979  60.813 0.7500000000
121611  28.614  -7.483  67.759 0.5000000000
53219  27.819  -8.905  67.748 0.7500000000
53321  2.434  -9.597  58.894 0.2500000000
54209  28.111  -8.104  66.733 0.6250000000
54194  28.072  -8.134  67.769 0.5000000000
53339  2.273  -9.826  57.989 0.1250000000
53340  1.625  -10.215  57.706 0.2500000000
121587  28.432  -7.387  66.664 0.6250000000
54219  27.991  -8.431  65.942 0.6250000000
54345  3.187  -9.636  55.449 0.1250000000
123703  28.119  -7.835  65.510 0.6250000000
118428  5.668  -9.898  53.632 0.1250000000
53387  6.339  -9.958  54.454 0.1250000000
54360  4.375  -9.647  54.621 0.1250000000
121069  28.101  -8.375  64.070 0.5000000000
53431  5.278  -10.015  53.052 0.1250000000
53429  7.791  -10.166  52.682 0.1250000000
56003  25.926  -5.047  70.851 0.6250000000
55069  26.204  -6.792  70.313 0.6250000000
56024  27.313  -5.413  69.564 0.6250000000
128405  26.863  -5.950  70.040 0.6250000000
56023  27.553  -5.888  68.876 0.6250000000
56033  28.136  -6.023  68.320 0.6250000000
55084  27.890  -6.796  68.395 0.6250000000
53306  1.927  -9.657  59.477 0.5000000000
53338  3.622  -10.092  57.896 0.1250000000
55096  28.953  -6.787  67.724 0.6250000000
55110  28.137  -6.808  65.447 0.7500000000
122354  28.035  -7.512  64.797 0.6250000000
56081  27.439  -5.563  62.988 0.6250000000
54344  4.594  -9.758  55.431 0.1250000000
54327  3.963  -9.771  55.995 0.1250000000
55127  27.613  -7.074  63.995 0.5000000000
54359  5.116  -9.810  55.032 0.1250000000
56960  26.999  -4.910  70.465 0.6250000000
56961  26.530  -5.206  70.567 0.6250000000
126991  27.445  -3.802  70.186 0.6250000000
57988  27.167  -4.334  70.496 0.6250000000
57999  27.514  -4.377  69.673 0.6250000000
111549  28.024  -5.195  68.540 0.6250000000
55091  28.852  -6.721  68.020 0.6250000000
56042  29.001  -5.862  67.888 0.6250000000
56054  28.467  -5.651  66.372 0.6250000000
56058  28.148  -5.863  64.913 0.6250000000
56066  27.949  -5.538  64.102 0.6250000000
56110  28.082  -5.981  62.097 0.3750000000
55150  28.279  -6.705  61.326 0.2500000000
53371  7.222  -9.760  55.488 0.1250000000
53372  6.007  -9.924  55.202 0.1250000000
59048  27.717  -3.289  69.795 0.6250000000
57998  27.761  -3.967  69.067 0.6250000000
58008  28.220  -3.795  68.563 0.7500000000
56992  28.754  -4.950  67.809 0.7500000000
57002  29.080  -4.189  67.265 0.6250000000
57015  28.957  -4.690  66.441 0.6250000000
57026  28.801  -4.983  65.576 0.7500000000
56080  28.889  -5.536  63.535 0.7500000000
56096  28.933  -6.102  62.693 0.5000000000
117359  28.072  -5.494  62.827 0.5000000000
55149  29.160  -6.784  61.950 0.3750000000
55158  30.639  -7.869  61.076 0.2500000000
54265  28.552  -7.521  60.422 0.2500000000
54275  30.564  -8.565  59.635 0.2500000000
114250  31.203  -8.881  58.779 0.2500000000
53313  31.243  -9.184  57.919 0.1250000000
59066  29.326  -2.837  67.326 0.7500000000
127896  28.789  -4.265  67.793 0.7500000000
111268  30.122  -4.256  65.967 0.7500000000
57039  29.744  -5.037  65.128 0.8750000000
110429  29.637  -6.193  63.100 0.6250000000
55137  30.855  -7.130  62.370 0.3750000000
54274  31.621  -8.374  59.497 0.2500000000
54287  32.249  -8.272  58.700 0.2500000000
111774  31.817  -8.740  58.127 0.1250000000
54315  32.417  -8.387  56.920 0.1250000000
55188  33.013  -7.719  57.409 0.3750000000
54334  32.352  -8.325  56.031 0.1250000000
59076  29.275  -3.298  67.306 0.6250000000
58029  29.938  -3.661  66.400 0.7500000000
57038  30.819  -5.167  65.143 0.8750000000
56079  30.007  -5.944  63.757 0.8750000000
56094  31.434  -6.882  62.907 0.7500000000
55146  32.212  -7.475  61.503 0.5000000000
54262  32.103  -8.042  60.177 0.3750000000
54273  32.464  -7.900  59.452 0.3750000000
54300  32.985  -7.657  58.301 0.3750000000
54301  32.401  -8.312  57.792 0.2500000000
54352  32.245  -8.087  55.192 0.1250000000
60026  30.153  -2.473  66.416 0.6250000000
58019  29.987  -3.299  66.383 0.6250000000
58028  30.786  -3.397  65.898 0.6250000000
57013  31.305  -4.140  65.666 0.8750000000
57037  32.473  -5.401  64.540 0.8750000000
56077  32.085  -6.566  63.292 0.8750000000
55135  32.816  -7.153  62.194 0.8750000000
55156  32.590  -7.530  60.719 0.3750000000
55169  32.838  -7.341  59.956 0.3750000000
55168  32.916  -6.732  59.542 0.3750000000
55180  33.095  -6.678  58.870 0.3750000000
55194  33.216  -6.942  57.103 0.3750000000
55195  32.837  -7.654  56.539 0.2500000000
56161  32.997  -6.822  56.281 0.2500000000
55201  32.551  -7.499  55.766 0.2500000000
56170  32.437  -6.696  55.559 0.1250000000
58037  32.075  -3.699  65.451 0.8750000000
56063  32.177  -6.090  63.949 1.0000000000
56092  33.506  -6.450  62.513 1.0000000000
55145  33.122  -7.209  61.282 0.6250000000
56109  33.641  -6.709  61.706 1.0000000000
55155  33.317  -7.060  60.566 0.6250000000
55167  32.840  -6.166  60.173 0.5000000000
56131  32.706  -5.552  59.989 0.5000000000
55179  32.639  -6.021  59.437 0.3750000000
56141  32.921  -5.920  58.676 0.5000000000
123523  33.288  -6.243  57.754 0.2500000000
56152  33.128  -5.506  58.010 0.3750000000
122255  33.161  -6.015  56.980 0.2500000000
56169  32.742  -6.059  56.131 0.2500000000
115722  30.932  -2.074  65.960 0.6250000000
58026  32.775  -3.326  65.459 0.7500000000
58048  32.968  -3.785  65.297 0.7500000000
129064  32.474  -4.993  65.097 0.8750000000
57053  33.604  -5.665  63.637 1.0000000000
56075  34.062  -5.800  63.018 1.0000000000
56091  34.149  -6.076  62.096 1.0000000000
130346  33.964  -5.834  60.894 1.0000000000
132109  32.603  -5.488  59.308 0.5000000000
57102  32.683  -5.033  59.630 0.5000000000
56151  32.662  -5.203  58.837 0.5000000000
57111  33.025  -4.999  57.376 0.3750000000
57122  32.855  -5.441  56.614 0.2500000000
60033  33.098  -2.370  65.570 0.7500000000
58036  33.497  -3.363  65.339 0.6250000000
117187  33.184  -4.279  65.051 0.8750000000
57022  33.616  -4.415  64.568 1.0000000000
121798  34.174  -5.082  63.150 1.0000000000
126843  33.997  -5.027  63.785 1.0000000000
57068  34.085  -5.284  62.506 0.8750000000
57080  33.932  -5.366  61.644 1.0000000000
57087  33.650  -4.810  61.395 0.8750000000
119352  33.079  -5.082  60.375 0.6250000000
120888  32.625  -4.589  59.169 0.5000000000
57110  32.765  -4.825  58.352 0.6250000000
58134  32.782  -4.324  57.915 0.3750000000
60961  33.021  -1.647  65.703 0.5000000000
59082  33.817  -2.471  65.466 0.5000000000
58046  34.067  -3.659  64.841 0.7500000000
58058  34.263  -3.689  64.089 0.7500000000
57052  34.140  -4.436  63.550 1.0000000000
57067  34.212  -4.701  62.941 0.8750000000
118284  33.945  -4.799  62.338 0.8750000000
58100  33.742  -4.098  61.488 0.8750000000
118879  32.894  -4.473  60.026 0.7500000000
58122  32.807  -3.893  59.521 0.6250000000
58133  32.686  -4.083  58.650 0.6250000000
60032  34.104  -1.850  65.468 0.5000000000
59092  34.641  -2.624  65.172 0.6250000000
125871  34.328  -2.911  65.268 0.6250000000
59100  34.700  -2.927  64.876 0.6250000000
58034  34.430  -3.114  65.076 0.6250000000
59107  34.604  -3.052  64.532 0.6250000000
58075  34.161  -4.193  62.804 0.8750000000
58112  33.603  -3.743  60.921 0.8750000000
59146  33.533  -2.965  60.609 0.7500000000
59147  33.065  -2.974  59.860 0.7500000000
60970  34.530  -0.833  65.380 0.3750000000
59091  34.828  -2.136  65.086 0.3750000000
60969  34.869  -1.557  64.915 0.3750000000
59099  34.865  -2.511  64.771 0.5000000000
59114  34.568  -2.746  63.636 0.6250000000
59128  34.021  -3.338  61.986 0.7500000000
59136  33.886  -2.983  61.278 0.8750000000
60099  33.554  -1.780  60.124 1.0000000000
60105  32.993  -1.871  59.233 0.7500000000
60977  34.908  -1.346  64.718 0.3750000000
60064  34.776  -2.063  63.869 0.5000000000
59127  34.340  -2.670  62.539 0.6250000000
60083  34.154  -2.268  61.866 0.7500000000
60092  34.075  -1.821  61.303 0.7500000000
60098  33.837  -1.962  60.848 0.8750000000
61019  34.385  -0.856  60.711 0.8750000000
61025  34.240  -0.596  59.821 0.8750000000
60986  34.925  -0.581  63.828 0.3750000000
61919  35.060  -0.004  64.490 0.3750000000
60073  34.900  -0.658  63.098 0.5000000000
60063  34.828  -1.239  63.886 0.3750000000
61010  34.940  -0.536  61.974 0.5000000000
60074  34.501  -2.093  63.189 0.5000000000
60091  34.535  -0.947  61.528 0.5000000000
61018  35.126  -0.012  60.649 0.5000000000
61975  38.945  1.217  58.551 0.1250000000
62871  38.388  1.575  59.372 0.1250000000
61024  35.159  -0.025  59.899 0.5000000000
61976  37.673  1.305  58.882 0.3750000000
61977  36.688  0.768  59.161 0.5000000000
127744  35.833  0.331  59.859 0.3750000000
125319  37.204  0.252  58.291 0.5000000000
61991  36.170  0.204  58.954 0.5000000000
61992  35.091  0.022  58.941 0.6250000000
117796  34.218  -0.295  58.773 0.8750000000
61941  35.244  0.258  63.333 0.3750000000
61000  35.191  -0.108  62.228 0.5000000000
121640  35.184  0.003  61.243 0.5000000000
62870  39.510  1.485  59.064 0.2500000000
61966  37.309  1.416  59.904 0.2500000000
61017  35.900  0.590  60.402 0.5000000000
124947  36.756  1.082  59.759 0.5000000000
61974  40.040  1.155  58.305 0.1250000000
61988  39.506  0.772  57.911 0.2500000000
63707  36.494  1.883  62.583 0.2500000000
62821  35.913  1.391  63.263 0.3750000000
61930  35.592  0.854  63.331 0.3750000000
62838  36.649  1.546  61.826 0.2500000000
62829  36.180  1.443  62.596 0.2500000000
61940  35.818  0.965  62.569 0.3750000000
61951  35.400  0.319  62.557 0.3750000000
62837  37.633  1.944  61.187 0.2500000000
61950  36.258  1.174  61.704 0.3750000000
61960  35.880  0.767  61.529 0.3750000000
62847  37.267  1.712  61.033 0.2500000000
61959  36.802  1.403  60.805 0.2500000000
61967  36.337  1.020  60.601 0.5000000000
61009  35.544  0.377  61.346 0.5000000000
62856  39.019  1.672  59.936 0.2500000000
62857  37.883  1.713  60.253 0.2500000000
61031  39.908  0.235  57.375 0.3750000000
61047  40.234  -0.422  56.884 0.5000000000
61065  39.659  -1.065  56.541 0.3750000000
62846  38.434  1.832  60.668 0.2500000000
62855  40.059  1.660  59.653 0.2500000000
112782  39.768  -1.239  55.730 0.3750000000
62869  40.561  1.410  58.862 0.2500000000
61987  40.450  0.628  57.840 0.3750000000
111035  39.909  -1.310  54.929 0.3750000000
61096  39.280  -1.287  54.276 0.6250000000
61111  39.568  -1.236  53.452 0.7500000000
117805  38.977  -1.057  52.674 0.6250000000
61125  38.640  -0.850  51.864 0.6250000000
61064  40.561  -1.088  56.250 0.5000000000
112050  40.169  -1.329  54.138 0.8750000000
117687  39.853  -1.197  52.665 0.6250000000
61135  39.280  -0.957  51.292 0.6250000000
61154  39.309  -0.595  50.251 0.6250000000
61174  39.036  -0.228  49.202 0.2500000000
61080  40.527  -1.256  55.487 0.5000000000
61110  40.437  -1.305  53.345 0.8750000000
61124  39.339  -1.054  52.062 0.6250000000
59249  43.126  -1.932  46.877 0.3750000000
61173  39.864  -0.308  49.210 0.2500000000
59263  42.551  -2.846  46.583 0.1250000000
60210  41.601  -1.734  47.110 0.3750000000
60211  40.827  -1.597  47.022 0.3750000000
60193  40.553  -0.890  47.551 0.3750000000
60178  39.673  -0.404  48.476 0.2500000000
61095  40.748  -1.325  54.769 0.6250000000
117688  40.676  -1.266  52.545 0.8750000000
120408  40.898  -1.213  51.798 0.7500000000
61123  40.107  -1.141  51.745 0.7500000000
61134  40.752  -0.952  50.837 0.5000000000
61153  40.230  -0.586  50.002 0.3750000000
115979  39.918  -0.906  50.827 0.6250000000
61172  40.602  -0.386  49.051 0.3750000000
61204  44.507  -1.256  47.325 0.3750000000
113019  43.659  -1.603  47.330 0.5000000000
113461  40.951  -0.550  48.224 0.3750000000
60177  40.268  -0.502  48.330 0.2500000000
62080  44.915  -0.769  46.113 0.2500000000
60190  43.157  -1.289  47.668 0.5000000000
60209  42.391  -1.840  47.044 0.3750000000
60192  41.301  -1.032  47.589 0.3750000000
61093  42.569  -1.118  54.672 0.7500000000
61094  41.624  -1.274  54.673 0.6250000000
112052  42.055  -1.277  53.773 0.7500000000
112051  41.046  -1.367  53.985 0.7500000000
129622  41.948  -1.316  52.888 0.8750000000
61109  41.262  -1.327  53.165 0.8750000000
61133  41.514  -1.193  51.432 0.6250000000
132267  47.990  1.567  50.624 0.6250000000
62943  47.434  1.327  50.175 0.6250000000
61151  42.400  -1.037  50.273 0.7500000000
61152  41.648  -0.554  50.513 0.6250000000
63801  48.527  2.057  50.733 0.6250000000
62944  46.739  0.914  49.585 0.7500000000
62061  46.260  0.324  49.666 0.8750000000
61187  45.483  -0.621  49.124 0.7500000000
122000  45.229  -0.861  49.088 0.6250000000
60173  44.636  -0.978  48.684 0.5000000000
60157  43.696  -1.130  49.376 0.5000000000
60159  41.922  -0.595  49.371 0.3750000000
61171  41.049  -0.563  49.764 0.3750000000
64686  48.721  2.828  50.301 0.6250000000
63802  47.957  2.056  50.265 0.7500000000
62945  46.105  0.419  48.852 0.7500000000
62062  45.814  -0.264  49.066 0.7500000000
61188  44.955  -0.823  48.560 0.5000000000
60189  44.017  -1.247  47.981 0.6250000000
60175  43.299  -0.924  48.538 0.5000000000
60176  42.491  -0.748  48.538 0.5000000000
63811  47.161  1.837  49.572 0.8750000000
62952  46.451  1.228  49.038 0.8750000000
62070  45.682  -0.202  48.390 0.6250000000
61202  45.330  -0.571  48.459 0.6250000000
61203  44.813  -0.842  47.829 0.6250000000
130990  42.829  -0.891  48.057 0.5000000000
115279  41.692  -0.678  48.346 0.3750000000
130646  41.240  -0.476  48.916 0.3750000000
62071  45.275  -0.430  47.629 0.6250000000
62953  45.861  1.166  48.298 0.6250000000
62078  45.709  0.212  47.937 0.6250000000
62079  45.360  0.040  47.179 0.6250000000
127748  45.100  -0.490  46.821 0.5000000000
60191  42.201  -1.141  47.720 0.3750000000
62961  45.000  0.666  46.987 0.6250000000
62088  45.025  -0.039  46.460 0.3750000000
62089  44.696  -0.024  45.704 0.3750000000
62968  44.682  0.657  46.258 0.3750000000
61092  43.318  -0.360  54.726 0.7500000000
115625  43.571  -0.278  53.964 0.8750000000
112053  43.097  -1.047  53.907 0.7500000000
62038  47.608  0.461  51.985 0.7500000000
62034  47.462  0.660  52.675 0.6250000000
61108  42.727  -1.186  53.002 0.8750000000
62046  47.543  0.580  51.367 0.7500000000
62039  47.216  0.180  51.555 0.8750000000
61132  42.836  -1.211  51.279 0.7500000000
121542  42.263  -1.276  52.056 0.8750000000
61122  41.427  -1.306  52.345 0.8750000000
64676  49.075  2.590  50.812 0.3750000000
62930  48.233  1.494  51.010 0.6250000000
62052  47.277  0.663  50.788 0.6250000000
62047  46.845  0.366  50.877 0.7500000000
61147  45.825  -0.231  50.509 0.7500000000
120788  42.113  -1.147  51.068 0.8750000000
64685  49.350  3.296  50.422 0.5000000000
62932  47.021  0.874  50.108 0.7500000000
62054  45.875  -0.181  49.744 0.7500000000
61169  45.130  -1.018  49.443 0.7500000000
61170  44.446  -1.132  49.318 0.7500000000
65600  49.162  3.585  50.010 0.5000000000
61168  45.640  -0.699  49.775 0.7500000000
60158  42.856  -0.903  49.400 0.5000000000
64687  47.898  2.798  49.827 0.6250000000
63822  46.370  2.073  48.922 0.7500000000
63823  45.705  2.273  48.283 0.6250000000
119274  45.126  1.543  47.578 0.6250000000
63830  44.595  1.374  46.789 0.5000000000
113573  46.592  0.591  52.902 0.7500000000
61104  45.808  0.624  52.970 0.8750000000
61120  44.238  0.077  52.556 0.8750000000
62035  47.148  0.245  52.336 0.8750000000
61119  45.236  0.299  52.057 0.8750000000
117598  44.459  -0.468  51.584 0.8750000000
61107  43.561  -0.525  53.068 0.8750000000
62040  46.376  0.131  51.131 0.8750000000
61129  45.997  0.092  51.361 0.8750000000
61130  45.305  -0.350  51.032 0.8750000000
127195  43.892  -0.596  52.215 0.8750000000
61121  43.209  -1.104  52.218 0.8750000000
61146  46.047  0.054  50.351 0.7500000000
61148  45.427  -0.982  50.239 0.7500000000
61131  43.687  -1.092  51.496 0.8750000000
65585  49.744  3.781  50.424 0.3750000000
128774  44.777  -1.055  50.724 0.8750000000
61150  43.367  -1.199  50.404 1.0000000000
65601  48.615  3.524  49.740 0.3750000000
65615  47.864  3.615  49.374 0.6250000000
64692  47.126  2.886  49.247 0.6250000000
65616  47.156  3.811  48.926 0.6250000000
64703  46.393  3.183  48.615 0.6250000000
64704  45.669  3.183  48.196 0.6250000000
120605  45.253  3.647  47.852 0.6250000000
65635  44.612  3.592  47.229 0.6250000000
64718  44.553  2.321  47.142 0.6250000000
64725  44.151  2.054  46.509 0.5000000000
120604  44.206  2.964  46.696 0.6250000000
66593  44.720  4.813  46.616 0.7500000000
66561  50.476  5.182  49.518 0.5000000000
66562  49.945  4.810  49.393 0.6250000000
65599  49.654  3.995  49.936 0.5000000000
67567  50.986  6.735  47.293 0.5000000000
67568  50.641  6.571  47.530 0.5000000000
127591  49.965  5.525  48.875 0.5000000000
66574  49.482  5.134  48.918 0.6250000000
124357  48.506  4.112  49.302 0.6250000000
67569  50.188  6.428  47.364 0.7500000000
66584  49.018  5.680  48.234 0.6250000000
66575  48.737  4.817  48.912 0.6250000000
66576  47.864  4.485  48.876 0.6250000000
67577  50.745  6.633  46.538 0.7500000000
67570  49.470  6.191  47.255 0.6250000000
118347  49.102  6.254  46.275 0.7500000000
67579  48.131  6.076  46.302 0.7500000000
67572  47.497  5.822  47.447 0.6250000000
66586  46.685  5.086  48.087 0.6250000000
65624  46.683  4.126  48.515 0.6250000000
67589  48.595  6.445  45.298 0.6250000000
66591  46.465  5.809  47.140 0.7500000000
65634  45.194  4.591  47.504 0.7500000000
67590  47.704  6.192  45.345 0.6250000000
129548  46.991  5.995  45.441 0.6250000000
66592  45.546  5.581  46.724 0.7500000000
66605  44.546  4.835  45.766 0.5000000000
68486  51.149  6.813  46.704 0.6250000000
68493  51.600  7.104  46.183 0.6250000000
67578  50.080  6.491  46.242 0.8750000000
68494  51.199  6.949  45.913 0.8750000000
126667  49.554  6.621  45.347 0.8750000000
67600  50.008  6.921  44.612 0.7500000000
67601  49.022  6.915  44.317 0.7500000000
67602  48.008  6.608  44.437 0.6250000000
66613  48.257  6.757  43.484 0.6250000000
66602  47.168  6.242  44.636 0.6250000000
67587  50.724  6.794  45.634 0.8750000000
67588  50.280  6.746  45.341 0.8750000000
68500  51.115  7.155  45.068 0.8750000000
67606  50.423  7.145  43.995 0.7500000000
112436  49.725  7.085  43.843 0.7500000000
67607  49.895  7.306  43.100 0.7500000000
67608  49.061  7.045  43.238 0.7500000000
68498  51.901  7.380  45.688 0.5000000000
68499  51.611  7.276  45.405 0.7500000000
69393  52.083  7.771  45.121 0.5000000000
68511  51.492  7.401  44.593 0.7500000000
68510  51.854  7.505  44.930 0.6250000000
68512  51.011  7.259  44.136 0.7500000000
68514  51.710  7.640  44.181 0.6250000000
68515  51.344  7.516  43.810 0.6250000000
68516  50.955  7.489  43.321 0.8750000000
130221  50.639  7.376  43.470 0.8750000000
68518  51.561  7.775  43.517 0.7500000000
68524  51.114  7.579  42.348 0.7500000000
68520  50.801  7.492  42.600 0.7500000000
68525  50.583  7.348  41.947 0.7500000000
68533  50.982  7.625  41.552 0.8750000000
68535  49.673  7.169  40.699 0.6250000000
68541  50.080  7.697  40.274 0.7500000000
68553  49.945  7.997  39.453 0.7500000000
69403  52.048  7.949  44.355 0.5000000000
70274  52.285  8.756  43.817 0.5000000000
69405  51.965  8.114  43.712 0.6250000000
128128  51.490  7.837  43.118 0.6250000000
69408  51.499  7.872  42.671 0.6250000000
69410  51.994  8.324  42.302 0.6250000000
69411  51.549  7.920  41.915 0.8750000000
69417  51.469  8.156  41.007 0.6250000000
69418  50.754  7.933  40.640 0.8750000000
69424  50.545  8.324  39.716 0.8750000000
69432  50.428  8.623  38.899 0.6250000000
116634  52.257  8.554  44.410 0.3750000000
70278  52.318  8.840  43.319 0.5000000000
69407  51.839  8.179  43.075 0.6250000000
70281  52.403  8.915  42.681 0.6250000000
70284  52.565  9.006  41.840 0.6250000000
69416  52.090  8.492  41.402 0.6250000000
69423  51.212  8.616  40.079 0.6250000000
69431  51.043  9.094  39.068 0.6250000000
70297  51.832  10.257  38.413 0.6250000000
71180  52.942  11.248  38.382 0.3750000000
71181  52.443  10.659  38.761 0.5000000000
71186  52.230  10.682  37.924 0.5000000000
72108  53.316  11.644  37.911 0.3750000000
70273  52.480  9.406  43.296 0.3750000000
71144  52.729  9.992  43.106 0.3750000000
70280  52.747  9.681  42.272 0.5000000000
115337  52.565  9.203  40.906 0.6250000000
70290  51.989  8.796  40.452 0.6250000000
70289  52.403  9.535  39.993 0.5000000000
71170  53.320  10.664  40.013 0.5000000000
71178  52.758  10.288  39.579 0.5000000000
70293  51.691  9.312  39.575 0.6250000000
70292  52.015  10.087  39.208 0.6250000000
71177  53.136  10.967  39.207 0.3750000000
115215  53.544  11.713  38.415 0.3750000000
71152  52.828  10.165  42.573 0.2500000000
71160  53.015  10.383  41.761 0.3750000000
70283  52.862  9.806  41.365 0.5000000000
72072  53.379  11.104  41.202 0.3750000000
72083  53.574  11.223  40.394 0.3750000000
72093  53.640  11.356  39.656 0.3750000000
72092  54.020  12.004  39.346 0.3750000000
72103  53.570  11.550  38.947 0.3750000000
115932  54.503  12.571  39.021 0.3750000000
72983  54.773  12.988  39.248 0.3750000000
113972  54.508  12.605  38.397 0.3750000000
72071  53.787  11.804  40.684 0.2500000000
72082  53.957  11.900  40.009 0.2500000000
72993  54.847  13.005  38.615 0.3750000000
72975  54.765  13.079  39.959 0.3750000000
43826  5.159  -18.289  78.039 0.7500000000
44703  5.987  -17.498  78.717 0.7500000000
44705  4.897  -17.573  77.881 0.7500000000
128447  6.467  -19.469  77.621 0.7500000000
127200  5.444  -19.415  77.515 0.6250000000
120094  5.331  -19.951  77.129 0.5000000000
42006  5.268  -20.728  75.819 0.5000000000
45706  1.342  -17.375  75.364 0.6250000000
45710  0.923  -17.365  74.844 0.6250000000
46707  -0.510  -17.275  72.034 0.6250000000
45726  -1.906  -17.974  71.100 0.6250000000
45691  5.341  -17.285  77.916 0.7500000000
45696  3.279  -16.936  77.411 0.7500000000
133859  5.431  -16.567  77.513 0.6250000000
47631  3.948  -16.391  76.806 0.8750000000
130252  4.516  -16.471  77.095 0.8750000000
47635  3.411  -16.304  76.240 0.8750000000
46683  2.891  -16.672  76.530 0.6250000000
45701  2.506  -17.042  76.675 0.6250000000
43823  7.807  -18.463  78.531 0.7500000000
44695  6.841  -17.310  79.224 0.7500000000
45684  6.594  -16.685  79.218 0.7500000000
47644  1.958  -16.329  74.678 0.6250000000
48629  2.775  -15.669  75.068 0.7500000000
47643  2.393  -15.844  74.904 0.8750000000
47636  2.932  -16.416  75.903 0.6250000000
43829  8.322  -19.024  78.101 0.7500000000
42962  7.405  -20.084  77.092 0.5000000000
46695  1.396  -16.621  74.186 0.6250000000
46692  0.869  -17.133  74.350 0.6250000000
47651  0.723  -16.437  73.007 0.6250000000
133266  0.544  -16.781  73.345 0.6250000000
46712  0.188  -16.984  71.780 0.6250000000
46713  -0.513  -17.343  71.223 0.6250000000
45742  -0.934  -17.775  69.939 0.5000000000
45758  -0.573  -17.936  69.334 0.5000000000
45730  -1.632  -18.023  70.205 0.6250000000
45759  -0.702  -18.945  68.497 0.5000000000
123163  -0.199  -17.916  68.699 0.5000000000
113523  -1.371  -19.363  68.605 0.5000000000
113860  -1.946  -19.115  69.231 0.5000000000
46676  8.786  -16.591  79.365 0.7500000000
46670  7.352  -16.060  79.764 0.7500000000
45682  7.922  -16.642  79.535 0.8750000000
47619  6.719  -15.854  79.091 0.7500000000
118560  6.447  -16.477  78.864 0.8750000000
46672  6.253  -16.484  78.286 0.7500000000
47626  5.299  -16.221  77.234 0.7500000000
47623  10.608  -15.342  79.094 0.7500000000
119624  10.358  -13.733  79.126 0.7500000000
128309  9.509  -16.601  79.228 0.8750000000
44699  8.980  -17.926  79.044 0.8750000000
45689  7.609  -17.308  79.288 0.7500000000
44709  9.434  -18.377  78.450 0.8750000000
43828  9.120  -19.052  78.141 0.7500000000
45694  10.486  -17.457  78.495 0.7500000000
48628  3.288  -15.393  75.246 0.8750000000
43837  9.441  -19.560  77.465 0.6250000000
49544  2.805  -14.619  73.794 0.7500000000
42968  10.386  -20.188  76.181 0.6250000000
42969  8.672  -20.293  76.455 0.6250000000
124613  8.114  -20.134  77.007 0.5000000000
48647  1.654  -15.507  72.587 0.7500000000
42003  8.220  -20.801  75.797 0.6250000000
47662  1.401  -15.827  71.858 0.7500000000
42011  7.913  -21.090  75.147 0.6250000000
47683  0.796  -16.550  70.474 0.6250000000
46723  1.211  -16.353  69.363 0.6250000000
120204  0.077  -17.413  69.264 0.5000000000
46736  -0.017  -17.494  68.613 0.5000000000
46744  0.226  -17.217  68.071 0.5000000000
44791  -0.314  -18.977  66.573 0.5000000000
45776  -0.453  -19.057  67.863 0.5000000000
43926  -0.422  -20.052  65.158 0.5000000000
121211  10.544  -12.874  78.946 0.7500000000
49526  3.906  -14.874  75.553 0.7500000000
111633  4.221  -14.303  75.417 0.8750000000
46680  11.383  -16.310  78.377 0.6250000000
47622  11.385  -15.404  78.587 0.6250000000
49533  3.432  -14.446  74.694 0.7500000000
43835  11.105  -19.138  77.201 0.7500000000
44707  11.056  -18.017  78.115 0.7500000000
49542  4.211  -12.817  72.787 1.0000000000
49548  3.807  -13.563  72.543 1.0000000000
49543  3.549  -13.787  73.421 0.8750000000
48646  3.262  -14.131  72.218 0.8750000000
48653  2.426  -15.044  71.001 0.7500000000
110770  2.174  -15.594  70.304 0.7500000000
42978  10.632  -20.660  74.803 0.6250000000
47681  3.064  -15.541  69.720 0.7500000000
46734  1.393  -16.774  68.252 0.6250000000
111725  2.619  -16.543  68.143 0.5000000000
46722  1.783  -16.399  68.880 0.6250000000
113524  0.871  -17.043  67.564 0.5000000000
46743  2.728  -16.736  67.266 0.5000000000
113653  11.695  -13.988  78.426 0.7500000000
50362  11.876  -12.176  78.202 0.6250000000
124461  12.999  -14.279  77.825 0.7500000000
111195  13.014  -15.034  77.601 0.6250000000
50395  4.510  -12.450  73.954 0.8750000000
49529  4.190  -13.843  75.035 0.8750000000
47627  13.050  -15.749  77.459 0.6250000000
44706  11.835  -17.686  77.839 0.7500000000
49553  4.206  -13.190  71.260 1.0000000000
48650  3.782  -13.923  71.504 1.0000000000
45697  13.817  -16.796  76.735 0.7500000000
43834  11.919  -18.998  77.027 0.8750000000
112893  3.914  -15.480  69.088 0.7500000000
49556  4.374  -13.532  70.201 1.0000000000
43842  12.076  -19.361  76.175 0.7500000000
117945  4.450  -15.098  68.750 1.0000000000
47697  4.606  -15.120  68.147 1.0000000000
46753  3.511  -16.735  66.471 0.5000000000
46751  5.093  -16.218  66.040 1.0000000000
46764  3.385  -17.107  65.547 0.6250000000
113503  1.493  -17.663  64.881 0.6250000000
45808  3.174  -17.366  64.601 0.6250000000
44829  0.789  -18.630  63.401 0.5000000000
114924  12.766  -12.074  78.020 0.6250000000
132060  12.933  -11.023  78.137 0.6250000000
51205  11.520  -11.137  78.199 0.6250000000
50368  14.723  -11.986  76.930 0.6250000000
48621  13.719  -13.924  77.139 0.5000000000
49524  14.279  -13.421  76.755 0.5000000000
128663  13.496  -15.250  77.090 0.6250000000
50405  4.114  -12.718  71.163 0.8750000000
50404  4.234  -13.089  70.436 0.8750000000
50420  4.266  -13.159  70.121 1.0000000000
49574  4.341  -14.037  69.070 1.0000000000
46682  14.287  -16.085  76.510 0.6250000000
43841  12.976  -19.029  75.896 0.6250000000
48667  4.343  -14.436  68.384 1.0000000000
47730  4.886  -15.726  66.419 1.0000000000
48686  4.569  -15.190  66.952 1.0000000000
47741  4.554  -15.596  64.733 0.8750000000
45839  1.157  -18.077  63.530 0.5000000000
52156  16.066  -10.401  76.619 0.3750000000
52155  16.700  -10.454  76.425 0.3750000000
50374  16.701  -11.766  75.941 0.3750000000
52148  15.302  -10.055  76.706 0.5000000000
50411  4.068  -12.822  70.425 0.8750000000
50421  3.933  -13.066  69.859 0.8750000000
48620  14.974  -14.251  76.002 0.5000000000
49522  15.769  -12.911  76.045 0.5000000000
126845  15.107  -14.914  76.080 0.5000000000
125865  16.360  -14.063  75.822 0.3750000000
48627  15.690  -14.543  75.893 0.3750000000
46686  14.917  -16.101  75.918 0.6250000000
45702  14.918  -16.923  75.841 0.7500000000
48687  4.411  -14.909  66.650 1.0000000000
48626  16.816  -14.234  75.474 0.5000000000
48625  17.226  -13.658  74.980 0.5000000000
47637  16.699  -14.724  75.310 0.5000000000
46688  16.210  -15.366  75.272 0.5000000000
46685  15.556  -15.892  75.626 0.5000000000
125316  0.350  -21.306  60.663 0.3750000000
43102  -0.332  -20.141  58.476 0.2500000000
53183  19.565  -9.303  74.223 0.2500000000
121279  18.867  -9.381  74.839 0.3750000000
121877  18.187  -9.438  75.273 0.3750000000
53171  17.258  -9.586  76.081 0.3750000000
53178  17.836  -9.827  75.716 0.2500000000
127816  17.478  -10.892  75.681 0.3750000000
127134  19.261  -9.667  74.288 0.2500000000
52159  18.370  -10.518  74.787 0.2500000000
51220  17.873  -11.243  75.070 0.3750000000
124121  20.367  -8.356  73.145 0.2500000000
52168  19.548  -10.195  73.454 0.2500000000
52164  19.060  -10.243  74.044 0.2500000000
50387  18.767  -11.905  74.150 0.1250000000
50381  18.211  -11.980  74.640 0.2500000000
50388  17.939  -12.566  74.760 0.3750000000
52174  20.075  -10.793  72.731 0.2500000000
51226  19.704  -10.927  73.235 0.3750000000
120994  19.459  -11.274  73.562 0.3750000000
50393  18.988  -12.461  73.836 0.2500000000
48631  17.679  -13.912  74.474 0.5000000000
47642  17.009  -14.938  74.837 0.5000000000
45717  14.555  -17.391  74.187 0.5000000000
48635  18.671  -13.517  73.690 0.5000000000
47641  17.647  -14.598  74.458 0.5000000000
47649  18.498  -14.720  73.407 0.5000000000
45716  15.087  -16.916  73.709 0.6250000000
122151  14.336  -17.270  73.427 0.5000000000
44732  13.768  -17.789  73.153 0.3750000000
46700  15.581  -16.371  73.225 0.6250000000
46704  16.179  -16.009  72.643 0.6250000000
45719  14.820  -16.751  72.934 0.6250000000
47759  4.532  -15.907  63.714 1.0000000000
46789  3.929  -16.583  61.959 0.7500000000
43967  1.852  -19.147  59.887 0.5000000000
44897  1.462  -18.674  59.156 0.5000000000
45873  2.205  -17.651  59.481 0.6250000000
43980  -0.537  -19.670  57.447 0.2500000000
111651  -0.552  -20.277  57.955 0.2500000000
55062  20.557  -8.221  72.584 0.2500000000
53201  20.754  -9.417  71.270 0.3750000000
53197  20.534  -9.775  72.018 0.3750000000
52183  20.675  -10.411  71.086 0.3750000000
52178  20.463  -10.616  72.078 0.2500000000
50396  20.141  -11.960  72.990 0.5000000000
115756  19.591  -12.438  73.464 0.2500000000
49541  19.779  -13.121  73.015 0.3750000000
48640  19.188  -13.637  73.210 0.5000000000
51249  20.644  -11.330  70.410 0.6250000000
51234  20.400  -11.395  72.256 0.5000000000
50403  20.549  -11.986  71.673 0.5000000000
49545  20.451  -12.647  71.752 0.5000000000
48641  19.073  -14.288  72.990 0.5000000000
132128  20.030  -13.471  72.426 0.5000000000
46697  17.916  -15.064  73.652 0.6250000000
122049  17.734  -15.249  73.030 0.5000000000
48690  1.043  -14.203  66.502 0.8750000000
49555  20.793  -13.213  69.969 0.6250000000
49550  20.512  -13.103  70.905 0.3750000000
49551  20.250  -13.343  71.775 0.5000000000
48648  20.171  -13.944  71.036 0.5000000000
114333  19.999  -14.005  72.026 0.3750000000
47658  19.020  -14.992  71.992 0.5000000000
47652  18.964  -14.983  72.826 0.6250000000
47653  18.382  -15.092  72.505 0.6250000000
47654  17.594  -15.283  72.218 0.6250000000
46708  16.759  -15.546  72.033 0.6250000000
45724  13.684  -16.756  71.740 0.5000000000
48703  2.239  -14.734  65.168 1.0000000000
119813  1.231  -14.658  64.992 1.0000000000
47663  19.090  -15.107  70.998 0.3750000000
47660  16.457  -15.332  71.231 0.6250000000
46711  14.098  -16.041  71.425 0.6250000000
46709  15.872  -15.698  71.887 0.6250000000
47778  2.464  -15.405  62.646 1.0000000000
47760  1.682  -15.159  63.576 1.0000000000
46714  15.513  -15.368  71.166 0.6250000000
47668  14.258  -15.194  70.278 0.5000000000
46716  13.717  -15.645  70.758 0.5000000000
45728  12.835  -16.730  70.584 0.3750000000
47797  3.296  -15.825  61.864 0.7500000000
131684  1.543  -15.240  62.481 0.8750000000
44766  12.000  -17.708  69.551 0.5000000000
47836  0.455  -15.270  60.540 0.6250000000
47800  -0.299  -14.958  62.218 0.8750000000
45757  12.430  -16.467  68.740 0.3750000000
46815  2.792  -16.798  60.332 0.6250000000
46817  1.278  -15.850  60.270 0.6250000000
46818  0.551  -15.758  59.739 0.6250000000
117840  0.784  -16.371  59.013 0.6250000000
45880  0.394  -17.441  58.123 0.6250000000
122634  -0.292  -17.827  57.296 0.2500000000
123525  -0.151  -12.975  68.349 0.8750000000
50425  -0.238  -12.262  69.574 0.7500000000
49597  -0.373  -13.516  66.293 0.8750000000
54197  20.387  -8.483  67.507 0.3750000000
50468  -1.151  -12.222  63.873 0.7500000000
49559  21.061  -13.284  69.176 0.6250000000
129773  19.426  -15.077  70.234 0.5000000000
47664  18.824  -15.261  70.192 0.3750000000
49620  -1.852  -13.040  62.460 0.7500000000
47690  20.042  -15.194  68.902 0.6250000000
47672  19.354  -15.238  69.544 0.6250000000
47674  17.437  -15.368  69.556 0.5000000000
47675  16.485  -15.204  69.736 0.6250000000
48744  -1.068  -13.931  60.591 0.7500000000
129253  -0.913  -13.981  59.784 0.6250000000
48750  -1.038  -13.839  59.064 0.7500000000
47711  13.544  -15.263  67.018 0.3750000000
45790  12.296  -16.502  67.198 0.2500000000
45891  -0.443  -17.277  56.520 0.1250000000
56035  20.368  -6.653  68.182 0.2500000000
55093  20.289  -7.549  67.730 0.3750000000
55099  20.495  -6.956  67.399 0.2500000000
56050  20.741  -6.573  67.424 0.3750000000
127805  21.466  -7.937  67.200 0.5000000000
53228  21.087  -9.475  67.110 0.7500000000
49599  -0.547  -12.851  65.884 0.8750000000
50456  -0.546  -12.354  65.282 0.7500000000
48666  20.683  -14.959  68.543 0.6250000000
123009  -1.445  -11.784  62.251 0.7500000000
51300  -1.624  -12.135  62.756 0.7500000000
51305  -1.462  -11.991  61.624 0.7500000000
51295  -1.393  -11.897  63.465 0.7500000000
48665  21.064  -14.353  68.500 0.6250000000
111048  19.839  -15.563  68.144 0.6250000000
111047  19.050  -15.738  68.013 0.5000000000
127536  15.453  -15.006  68.279 0.5000000000
121264  -1.473  -12.382  60.441 0.7500000000
111046  18.148  -15.693  67.961 0.5000000000
47695  14.515  -14.781  68.095 0.5000000000
50489  -1.501  -12.422  59.631 0.7500000000
47727  14.882  -14.496  66.638 0.5000000000
50494  -1.453  -12.545  58.835 0.7500000000
117148  -1.154  -13.608  58.504 0.6250000000
48754  -0.947  -13.854  57.766 0.6250000000
47873  -0.616  -14.681  56.509 0.3750000000
46884  -0.464  -15.970  55.625 0.1250000000
114201  -0.351  -16.744  55.517 0.1250000000
46893  -0.257  -16.180  55.105 0.1250000000
45909  -0.174  -17.608  55.426 0.1250000000
57004  21.096  -5.924  67.855 0.3750000000
56984  20.163  -5.325  69.519 0.1250000000
50436  -0.701  -11.911  68.254 0.7500000000
53222  22.182  -9.313  67.645 0.5000000000
51265  -0.660  -11.474  67.765 0.7500000000
51272  22.287  -10.701  68.011 0.6250000000
128872  -0.360  -10.926  65.596 0.8750000000
53214  23.488  -8.995  68.945 0.6250000000
51258  23.523  -11.380  68.617 0.7500000000
51262  22.672  -11.285  68.265 0.7500000000
51263  22.234  -11.718  68.200 0.7500000000
51264  21.696  -11.160  68.092 0.7500000000
52242  -1.128  -11.466  63.651 0.7500000000
52235  -0.766  -11.452  64.190 0.7500000000
52196  24.805  -10.597  69.374 0.6250000000
124834  25.343  -12.230  68.923 0.6250000000
51257  24.433  -11.418  69.075 0.6250000000
49558  23.808  -12.772  68.426 0.7500000000
124325  22.931  -12.823  68.180 0.7500000000
49567  26.907  -13.202  67.674 0.7500000000
50430  26.550  -12.655  68.243 0.7500000000
49568  26.149  -13.352  67.919 0.7500000000
51248  25.737  -10.845  69.554 0.6250000000
48663  23.889  -14.462  67.656 0.7500000000
48664  23.013  -14.476  67.712 0.7500000000
119639  22.842  -14.003  68.072 0.7500000000
113844  -1.422  -11.943  60.028 0.7500000000
53273  -0.694  -10.773  62.634 0.8750000000
47717  25.246  -15.172  66.546 0.6250000000
47720  22.616  -15.339  67.125 0.7500000000
47721  21.869  -15.360  67.246 0.6250000000
130596  18.588  -15.713  66.041 0.5000000000
125764  16.332  -14.994  66.088 0.6250000000
51271  27.927  -11.468  67.227 0.7500000000
48672  26.936  -14.091  66.382 0.7500000000
47737  22.768  -15.636  65.767 0.6250000000
124814  21.963  -15.621  65.924 0.7500000000
112104  20.557  -15.743  65.922 0.5000000000
131419  14.010  -14.928  65.806 0.3750000000
52310  -0.756  -11.464  57.395 0.5000000000
117651  18.700  -15.306  64.812 0.3750000000
117650  17.625  -14.776  64.579 0.3750000000
50518  -0.810  -12.905  56.501 0.2500000000
129365  16.640  -14.402  64.708 0.2500000000
47755  15.863  -14.122  64.388 0.2500000000
47757  14.160  -15.178  64.156 0.2500000000
52339  0.155  -11.229  55.875 0.1250000000
51398  0.427  -11.340  54.677 0.1250000000
50529  -0.644  -13.294  56.121 0.2500000000
131996  -0.222  -13.621  54.440 0.1250000000
48780  -0.554  -13.851  55.760 0.1250000000
49674  2.081  -13.140  52.885 0.1250000000
51397  0.580  -11.569  54.215 0.1250000000
122538  -0.108  -14.093  54.032 0.1250000000
49685  1.576  -13.870  53.080 0.1250000000
55071  24.435  -6.836  70.300 0.6250000000
55086  23.570  -7.367  69.567 0.6250000000
54190  22.900  -8.077  68.785 0.6250000000
55087  22.597  -6.970  68.896 0.5000000000
54183  24.788  -8.430  69.882 0.5000000000
53208  24.299  -9.157  69.548 0.6250000000
53200  25.724  -8.644  70.106 0.6250000000
133918  -0.274  -10.635  64.665 0.8750000000
118376  26.241  -9.856  70.056 0.5000000000
53261  -0.038  -10.289  63.886 0.8750000000
52241  -0.808  -11.042  63.899 0.7500000000
52295  -0.227  -10.688  58.918 0.7500000000
53308  0.193  -10.311  59.355 0.6250000000
53295  0.282  -10.404  60.701 0.7500000000
52272  -0.847  -11.305  60.189 0.7500000000
53284  -0.211  -10.762  61.560 0.7500000000
120564  1.172  -10.431  56.010 0.1250000000
53325  -0.119  -10.740  58.051 0.3750000000
52219  27.588  -9.748  66.779 0.6250000000
51279  27.952  -11.013  65.856 0.5000000000
53343  -0.356  -10.993  57.253 0.2500000000
53234  27.722  -9.022  66.410 0.6250000000
52351  0.764  -10.815  54.776 0.1250000000
52368  1.443  -10.673  54.085 0.1250000000
53389  2.310  -10.018  54.614 0.1250000000
53410  3.406  -9.970  53.989 0.1250000000
51412  3.414  -11.159  52.722 0.1250000000
51395  2.584  -11.286  53.118 0.1250000000
52405  4.833  -10.790  52.520 0.1250000000
132847  3.944  -11.271  52.451 0.1250000000
54173  25.825  -7.702  70.186 0.5000000000
54224  0.647  -9.541  65.447 0.8750000000
53236  0.025  -10.475  66.348 0.8750000000
128763  1.654  -9.718  60.876 0.7500000000
53272  -0.016  -10.261  62.435 0.8750000000
113619  0.299  -9.993  63.189 0.8750000000
53220  27.859  -9.237  68.297 0.7500000000
54189  27.851  -8.331  68.785 0.6250000000
53322  1.707  -9.813  58.635 0.5000000000
116116  3.871  -9.601  55.195 0.1250000000
52233  27.939  -10.197  65.007 0.3750000000
53244  27.734  -9.419  65.557 0.3750000000
52384  4.345  -10.373  52.910 0.1250000000
53408  4.680  -9.745  53.755 0.1250000000
56025  27.042  -6.180  69.673 0.6250000000
55077  27.431  -6.913  69.082 0.6250000000
54188  28.091  -7.730  68.031 0.5000000000
117189  28.532  -7.482  67.256 0.5000000000
54200  28.069  -8.093  67.454 0.6250000000
55103  28.561  -6.700  66.947 0.6250000000
116783  28.314  -7.620  66.119 0.7500000000
53388  5.304  -9.762  54.379 0.1250000000
55118  27.830  -6.355  64.534 0.5000000000
56959  27.273  -4.679  70.255 0.6250000000
132177  27.637  -4.352  69.179 0.6250000000
56057  28.303  -5.762  65.591 0.6250000000
55119  27.361  -6.025  63.615 0.5000000000
127637  28.167  -5.456  63.504 0.7500000000
57986  27.690  -3.721  69.580 0.6250000000
124481  28.475  -4.692  68.220 0.7500000000
56048  28.595  -5.744  67.222 0.6250000000
57003  28.808  -4.856  67.305 0.6250000000
57040  28.927  -5.028  64.800 0.8750000000
57054  29.370  -5.316  64.339 0.7500000000
129149  28.619  -2.969  68.054 0.7500000000
58007  28.620  -3.894  68.059 0.7500000000
58020  29.250  -3.753  67.233 0.7500000000
57014  29.494  -4.096  66.628 0.7500000000
57025  29.526  -4.661  65.791 0.8750000000
56064  30.471  -5.484  64.399 0.8750000000
55138  29.905  -6.723  62.485 0.6250000000
55148  30.236  -7.306  61.793 0.3750000000
55147  31.234  -7.522  61.655 0.3750000000
55157  31.687  -7.883  60.928 0.2500000000
54263  31.087  -8.254  60.325 0.2500000000
54264  29.988  -8.148  60.425 0.2500000000
123037  29.514  -7.461  61.165 0.2500000000
53348  31.301  -9.284  57.214 0.1250000000
118830  30.456  -3.945  66.056 0.7500000000
58038  31.078  -3.633  65.806 0.7500000000
120260  30.252  -4.747  65.584 0.7500000000
56095  30.517  -6.542  63.024 0.8750000000
55136  31.788  -7.280  62.247 0.5000000000
54286  32.867  -7.463  59.029 0.3750000000
59075  30.079  -2.855  66.390 0.7500000000
118663  31.754  -5.019  65.258 0.8750000000
125253  31.498  -5.568  64.485 0.8750000000
56078  31.185  -6.185  63.700 0.8750000000
125300  32.233  -7.039  62.746 0.8750000000
55187  33.312  -6.882  58.019 0.3750000000
59074  31.090  -2.605  65.804 0.7500000000
58027  31.744  -3.375  65.587 0.6250000000
60034  32.207  -2.764  65.571 0.7500000000
110596  33.006  -4.904  64.940 1.0000000000
130274  32.687  -6.322  63.470 1.0000000000
56108  34.053  -6.251  61.264 0.7500000000
55144  33.542  -6.368  60.586 0.7500000000
112263  33.609  -5.229  60.945 0.8750000000
60025  32.072  -2.206  65.670 0.6250000000
59083  33.130  -2.895  65.510 0.7500000000
58059  34.031  -4.069  64.247 0.8750000000
57079  33.737  -4.707  61.834 0.8750000000
58101  33.440  -4.501  60.804 0.7500000000
58065  34.219  -3.999  63.431 0.7500000000
58088  33.902  -4.168  62.190 0.8750000000
58113  33.222  -3.806  60.325 0.7500000000
59106  34.733  -2.609  64.256 0.5000000000
58074  34.389  -3.474  63.256 0.6250000000
59122  34.248  -3.518  62.625 0.6250000000
60055  34.918  -1.996  64.424 0.3750000000
59121  34.495  -2.936  63.064 0.6250000000
60054  34.889  -1.339  64.456 0.3750000000
128481  34.704  -1.457  63.450 0.3750000000
60082  34.441  -1.597  62.393 0.6250000000
60995  34.985  -0.370  63.407 0.3750000000
61001  34.703  -1.075  62.789 0.5000000000
63700  36.233  1.903  63.221 0.2500000000
63715  37.818  2.174  61.199 0.2500000000
61214  44.838  -1.074  46.878 0.3750000000
132029  43.675  -1.079  48.203 0.5000000000
63795  48.734  2.019  51.161 0.5000000000
60174  44.014  -1.111  48.671 0.5000000000
62960  45.450  0.677  47.577 0.6250000000
62097  44.245  0.213  44.964 0.2500000000
64717  45.104  2.710  47.761 0.5000000000
62036  46.278  0.321  52.207 0.8750000000
61105  44.915  0.433  53.164 0.8750000000
65614  49.218  4.250  49.492 0.5000000000
65625  45.918  4.181  48.179 0.6250000000
67559  50.456  6.212  48.482 0.5000000000
66583  49.712  5.976  48.261 0.7500000000
66585  48.184  5.402  48.273 0.6250000000
67571  48.575  5.979  47.295 0.6250000000
118505  47.475  5.111  48.327 0.6250000000
66577  47.180  4.496  48.565 0.6250000000
66587  45.863  5.192  47.669 0.6250000000
67591  47.204  5.975  46.283 0.7500000000
67592  46.391  5.912  46.090 0.7500000000
131885  45.871  5.763  45.841 0.6250000000
66604  45.332  5.453  45.586 0.6250000000
67599  50.650  7.023  44.805 0.7500000000
67612  50.445  7.451  42.772 0.6250000000
68519  51.213  7.680  43.082 0.8750000000
115748  49.884  7.242  41.093 0.6250000000
70264  52.455  9.325  43.774 0.3750000000
70277  52.611  9.548  42.831 0.3750000000
120819  53.215  10.534  40.863 0.5000000000
40171  -1.576  -24.066  73.276 0.1250000000
40170  -0.937  -24.218  73.101 0.1250000000
122149  -1.078  -23.389  72.877 0.1250000000
123706  -1.818  -23.254  73.164 0.1250000000
123975  -2.373  -23.118  73.169 0.1250000000
40182  0.348  -23.035  72.116 0.1250000000
41054  0.132  -22.478  72.423 0.1250000000
40174  -0.376  -23.062  72.541 0.1250000000
113944  -3.281  -22.906  72.587 0.2500000000
41086  -3.416  -22.166  71.378 0.2500000000
41070  1.033  -22.887  71.756 0.1250000000
41043  -0.635  -22.260  72.791 0.1250000000
41044  -1.376  -22.403  72.985 0.1250000000
41045  -2.028  -22.393  73.208 0.1250000000
41055  -0.055  -22.063  72.705 0.1250000000
41056  -2.645  -22.330  73.105 0.2500000000
41053  0.892  -22.128  72.383 0.1250000000
42050  -3.134  -21.556  72.558 0.3750000000
42081  -3.068  -21.507  70.066 0.2500000000
117018  -3.253  -21.972  70.586 0.2500000000
110918  -1.445  -21.032  67.513 0.2500000000
42106  -1.881  -21.612  67.709 0.2500000000
42032  -0.752  -21.501  73.184 0.1250000000
42033  -1.536  -21.606  73.186 0.1250000000
42044  -2.206  -21.653  73.156 0.2500000000
42045  -2.814  -21.614  72.971 0.3750000000
42058  -3.326  -21.411  71.882 0.3750000000
119053  1.760  -21.763  72.729 0.1250000000
42070  -3.236  -21.281  70.911 0.3750000000
122137  -3.036  -20.897  70.218 0.2500000000
43039  -1.975  -20.359  68.400 0.2500000000
119560  -2.645  -20.958  69.630 0.2500000000
43045  -1.978  -20.985  68.060 0.2500000000
42094  -2.243  -21.693  68.526 0.2500000000
42116  -1.320  -21.617  67.139 0.3750000000
111685  -0.864  -21.188  66.880 0.3750000000
42031  0.058  -21.428  73.288 0.2500000000
111822  -0.225  -20.900  73.708 0.2500000000
42043  0.580  -21.688  72.958 0.2500000000
42995  -2.313  -20.897  73.029 0.2500000000
113874  1.647  -22.342  72.097 0.1250000000
43000  -3.098  -20.836  72.219 0.3750000000
43020  -3.072  -20.452  70.714 0.3750000000
43032  -2.273  -20.341  69.195 0.2500000000
43040  -2.274  -20.985  68.852 0.2500000000
43052  -1.173  -20.502  67.507 0.3750000000
43936  -0.461  -20.668  65.102 0.3750000000
43927  -0.472  -20.433  65.811 0.3750000000
126768  -0.636  -20.810  66.395 0.3750000000
43069  -0.499  -21.188  64.537 0.3750000000
43065  -0.544  -21.098  65.530 0.3750000000
43935  -0.421  -20.385  64.293 0.3750000000
42988  0.226  -20.380  74.177 0.3750000000
120680  -0.038  -19.786  74.304 0.5000000000
132215  -0.371  -20.338  73.925 0.5000000000
42986  1.459  -20.734  74.389 0.3750000000
42987  0.871  -20.540  74.350 0.3750000000
114625  0.372  -20.916  73.917 0.2500000000
42989  -0.961  -20.757  73.438 0.3750000000
42994  -1.562  -20.331  73.282 0.5000000000
42030  0.944  -21.112  73.762 0.2500000000
42042  1.385  -21.453  73.189 0.1250000000
42999  -2.612  -20.428  72.569 0.5000000000
42041  2.240  -21.371  73.396 0.1250000000
43868  -3.055  -19.989  71.219 0.3750000000
43883  -2.694  -19.714  70.515 0.3750000000
43894  -2.258  -19.725  69.610 0.3750000000
43920  -0.503  -19.912  66.673 0.3750000000
43914  -0.721  -19.988  67.638 0.3750000000
44802  -0.351  -19.280  65.998 0.3750000000
43058  -0.736  -20.463  67.079 0.3750000000
44815  -0.404  -19.819  65.810 0.3750000000
43934  -0.148  -19.803  63.646 0.3750000000
44831  -0.339  -19.503  64.461 0.3750000000
43944  -0.246  -20.453  63.485 0.3750000000
43859  -0.808  -19.834  73.797 0.5000000000
42981  1.514  -20.234  75.008 0.3750000000
43861  -1.425  -19.549  73.284 0.5000000000
43862  -2.122  -20.015  73.025 0.5000000000
113049  -2.384  -19.110  72.000 0.3750000000
127224  -2.386  -19.780  72.450 0.5000000000
45722  -2.092  -18.379  71.727 0.3750000000
43867  -2.735  -19.403  71.265 0.3750000000
129271  -2.502  -19.059  70.689 0.3750000000
111548  -2.235  -19.091  70.014 0.3750000000
44782  -1.029  -19.436  67.972 0.3750000000
43943  0.269  -20.316  62.860 0.3750000000
42982  0.691  -19.852  74.809 0.3750000000
133229  2.325  -20.936  74.474 0.3750000000
42028  2.721  -21.115  74.257 0.3750000000
42029  1.867  -21.122  74.085 0.3750000000
121620  -1.732  -18.463  72.423 0.3750000000
44740  -2.344  -18.707  71.217 0.3750000000
44767  -1.874  -18.521  69.690 0.3750000000
42018  2.031  -20.680  74.679 0.3750000000
42027  3.620  -21.139  74.316 0.2500000000
44734  -1.364  -18.766  73.118 0.5000000000
42039  4.079  -21.284  73.647 0.2500000000
42975  2.047  -19.777  75.729 0.3750000000
43853  0.874  -19.146  75.173 0.3750000000
42980  3.083  -20.418  75.391 0.3750000000
115167  2.336  -20.280  75.273 0.3750000000
42016  3.351  -20.956  74.902 0.2500000000
42008  3.909  -20.573  75.528 0.3750000000
42026  4.440  -21.169  74.460 0.2500000000
42025  5.150  -21.168  74.665 0.2500000000
42038  5.079  -21.299  73.801 0.2500000000
41048  6.173  -21.570  72.904 0.1250000000
127655  7.424  -21.454  72.774 0.2500000000
41065  6.726  -21.735  72.487 0.1250000000
41062  8.830  -21.556  71.969 0.2500000000
132529  7.852  -21.901  71.762 0.2500000000
42015  4.715  -21.016  75.298 0.2500000000
42013  6.405  -21.164  74.910 0.3750000000
42024  5.850  -21.215  74.398 0.3750000000
41046  8.114  -21.248  73.125 0.2500000000
41047  7.460  -21.247  73.584 0.3750000000
41079  9.231  -21.608  71.392 0.2500000000
42048  9.492  -21.347  72.124 0.2500000000
42056  10.438  -21.211  70.997 0.3750000000
41078  9.720  -21.504  70.786 0.2500000000
42005  6.566  -21.018  75.618 0.3750000000
42014  5.693  -21.063  75.300 0.3750000000
116647  8.734  -21.180  73.643 0.3750000000
42036  9.376  -21.172  73.409 0.5000000000
113171  8.090  -21.196  73.854 0.3750000000
42049  8.911  -21.257  72.756 0.3750000000
42047  10.241  -21.188  72.246 0.5000000000
124138  10.559  -21.120  71.684 0.3750000000
42057  9.955  -21.345  71.542 0.2500000000
121366  11.422  -20.480  70.920 0.5000000000
124799  10.994  -21.003  70.504 0.3750000000
43019  11.379  -20.443  70.107 0.5000000000
43030  11.821  -19.951  69.848 0.5000000000
47716  26.067  -15.161  65.866 0.6250000000
48685  25.868  -14.853  66.632 0.5000000000
112227  25.583  -15.486  65.200 0.3750000000
43005  11.486  -20.389  71.731 0.5000000000
43882  12.067  -19.458  70.598 0.5000000000
43018  11.795  -20.118  70.533 0.5000000000
43893  11.954  -19.314  69.635 0.5000000000
47718  24.440  -15.434  66.358 0.5000000000
128136  24.813  -15.845  64.315 0.3750000000
119993  25.096  -15.829  63.707 0.1250000000
43881  12.145  -18.477  70.222 0.3750000000
46777  24.675  -15.863  62.988 0.1250000000
48699  26.731  -14.604  65.779 0.5000000000
47747  25.535  -15.634  64.430 0.3750000000
46786  23.538  -15.844  61.931 0.1250000000
46795  23.914  -16.103  61.481 0.1250000000
46809  23.593  -16.184  60.902 0.1250000000
46776  25.474  -15.681  63.057 0.2500000000
46784  25.130  -15.851  62.221 0.1250000000
129518  23.676  -16.352  60.255 0.1250000000
49525  4.682  -14.214  76.022 0.6250000000
48684  26.401  -14.474  66.406 0.6250000000
115560  28.042  -10.204  63.312 0.2500000000
129221  23.125  -16.399  59.689 0.1250000000
53271  0.809  -9.858  62.459 0.6250000000
53282  1.417  -9.705  61.661 0.6250000000
111039  2.372  -9.575  60.457 0.5000000000
53293  2.313  -9.455  61.378 0.5000000000
47620  6.567  -15.879  78.326 0.7500000000
48613  5.976  -15.579  77.600 0.7500000000
50401  4.482  -11.560  73.087 0.7500000000
50402  4.302  -12.081  72.348 0.7500000000
54178  -0.560  -8.469  71.146 0.5000000000
54187  -0.493  -8.693  70.397 0.5000000000
47734  26.703  -15.049  65.244 0.3750000000
48698  27.051  -14.606  65.098 0.3750000000
113975  26.291  -15.340  64.109 0.3750000000
54186  -0.331  -8.174  70.113 0.5000000000
125971  28.096  -12.286  65.778 0.5000000000
48697  27.241  -13.896  64.738 0.3750000000
46775  26.278  -15.364  63.278 0.1250000000
54192  -0.129  -8.551  69.526 0.5000000000
55095  0.007  -8.121  69.291 0.5000000000
55102  0.713  -8.131  68.310 0.5000000000
48720  27.364  -13.800  63.948 0.2500000000
47787  26.774  -15.147  62.734 0.1250000000
46793  25.722  -15.561  61.566 0.1250000000
53224  -0.068  -9.912  68.301 0.6250000000
54206  0.328  -9.590  68.055 0.5000000000
54198  0.415  -8.642  68.625 0.5000000000
115741  28.101  -11.721  64.104 0.2500000000
48729  27.291  -13.902  63.139 0.2500000000
47828  26.330  -15.137  61.085 0.1250000000
117557  25.155  -16.016  61.068 0.1250000000
120984  0.000  -10.273  67.372 0.6250000000
54205  0.722  -9.191  67.820 0.5000000000
55101  1.346  -7.560  68.009 0.5000000000
112589  26.264  -15.076  60.261 0.1250000000
46808  24.367  -16.236  60.781 0.1250000000
53235  0.436  -9.963  67.107 0.6250000000
54204  1.135  -8.642  67.528 0.6250000000
55106  1.588  -7.975  67.127 0.5000000000
118380  28.101  -10.960  63.716 0.2500000000
47845  25.695  -15.549  59.797 0.1250000000
54212  0.925  -9.517  66.908 0.7500000000
54211  1.325  -8.942  66.654 0.7500000000
55105  2.213  -7.492  66.624 0.6250000000
55128  27.054  -6.669  63.142 0.5000000000
111135  1.152  -9.469  63.354 0.7500000000
111142  2.198  -9.309  62.038 0.6250000000
54249  3.127  -8.331  62.432 0.6250000000
53281  2.901  -8.964  61.923 0.6250000000
120593  3.189  -9.205  61.159 0.5000000000
49520  5.137  -14.615  76.606 0.7500000000
110941  5.421  -13.792  76.693 0.7500000000
50385  4.666  -13.554  75.685 0.7500000000
118445  4.538  -12.724  74.733 0.7500000000
50390  4.711  -12.924  75.336 0.7500000000
50399  4.555  -12.176  73.157 0.7500000000
50398  4.748  -11.758  73.532 0.7500000000
50413  1.445  -12.358  70.332 0.7500000000
52185  -0.839  -9.858  70.817 0.5000000000
55076  -0.477  -7.612  71.343 0.5000000000
53211  -0.683  -9.261  70.649 0.5000000000
55083  -0.439  -7.892  70.731 0.5000000000
56022  -0.528  -6.898  71.459 0.5000000000
51252  -0.896  -10.921  69.545 0.5000000000
52199  -0.733  -10.237  69.693 0.5000000000
53218  -0.551  -9.489  69.894 0.5000000000
55082  -0.373  -7.401  70.397 0.5000000000
51260  -0.881  -11.369  68.746 0.6250000000
52205  -0.736  -10.632  68.991 0.5000000000
116309  -0.581  -10.010  69.253 0.5000000000
55089  -0.076  -7.260  69.766 0.5000000000
53225  -0.464  -10.246  68.584 0.6250000000
53217  -0.251  -9.463  69.188 0.5000000000
55094  0.356  -7.526  69.119 0.5000000000
131836  25.155  -15.912  61.598 0.1250000000
117543  -0.668  -10.866  68.155 0.6250000000
128038  0.945  -7.243  68.662 0.5000000000
56053  1.462  -6.486  68.420 0.5000000000
46806  25.725  -15.560  60.665 0.1250000000
46824  24.408  -16.332  59.898 0.1250000000
133845  23.787  -16.422  59.606 0.1250000000
55100  2.016  -6.883  67.476 0.5000000000
46823  25.039  -16.064  59.407 0.1250000000
122803  24.271  -16.267  59.103 0.1250000000
112343  23.490  -16.437  59.010 0.1250000000
53245  0.508  -10.041  66.038 0.7500000000
54210  1.679  -8.315  66.262 0.7500000000
46840  24.849  -15.964  58.543 0.1250000000
46841  23.917  -16.242  58.234 0.1250000000
54223  1.082  -8.913  65.815 0.7500000000
55112  2.258  -7.785  65.791 0.7500000000
54234  0.888  -8.913  65.008 0.7500000000
54222  1.578  -8.401  65.427 0.7500000000
122601  0.529  -9.725  63.867 0.7500000000
54244  0.968  -9.121  64.228 0.7500000000
54233  1.620  -8.571  64.610 0.7500000000
54243  1.852  -8.887  63.851 0.7500000000
55130  3.039  -7.627  63.485 0.6250000000
54242  2.559  -8.557  63.418 0.7500000000
54241  2.978  -8.134  63.160 0.7500000000
53270  1.722  -9.459  62.571 0.7500000000
54250  2.525  -8.901  62.663 0.7500000000
55140  3.215  -7.757  62.754 0.6250000000
55151  3.777  -7.858  61.929 0.6250000000
53280  3.649  -8.564  61.612 0.3750000000
49519  5.682  -14.219  77.332 0.7500000000
50394  4.984  -11.783  74.132 0.7500000000
51228  5.460  -11.033  74.284 0.7500000000
51231  4.370  -11.061  73.092 0.7500000000
52175  4.336  -10.578  73.469 0.7500000000
52171  3.994  -10.021  74.008 0.7500000000
51236  3.404  -11.206  72.356 0.7500000000
51232  3.839  -10.832  72.953 0.7500000000
52176  3.446  -10.303  73.533 0.7500000000
52173  1.025  -9.662  73.808 0.5000000000
53191  0.492  -9.036  74.003 0.5000000000
121890  0.379  -8.036  73.751 0.5000000000
51243  2.986  -11.568  71.608 0.7500000000
51237  2.235  -11.161  72.316 0.7500000000
114969  0.884  -10.215  73.221 0.5000000000
53194  0.321  -9.664  73.246 0.5000000000
53195  0.067  -8.993  73.302 0.5000000000
51244  1.709  -11.523  71.612 0.7500000000
51238  1.115  -11.111  72.249 0.6250000000
52180  0.657  -10.577  72.674 0.5000000000
52181  0.008  -10.174  72.549 0.5000000000
132873  -0.362  -9.247  72.366 0.5000000000
54167  -0.040  -8.233  72.759 0.5000000000
112257  0.162  -8.014  73.202 0.5000000000
50408  1.018  -12.018  71.039 0.6250000000
50409  0.163  -11.768  70.879 0.6250000000
51240  -0.311  -10.460  71.755 0.5000000000
53202  -0.722  -9.674  71.453 0.5000000000
54170  -0.298  -8.469  72.236 0.5000000000
55067  -0.404  -7.384  71.887 0.5000000000
50414  0.399  -12.166  70.300 0.6250000000
51250  -0.448  -11.363  70.551 0.6250000000
52192  -0.825  -10.415  70.215 0.5000000000
50416  -0.739  -11.731  69.866 0.6250000000
130161  -0.296  -7.065  70.166 0.5000000000
56041  -0.247  -6.370  70.122 0.5000000000
51259  -0.876  -11.561  69.388 0.6250000000
56040  0.157  -6.575  69.641 0.5000000000
129352  0.732  -6.562  69.079 0.5000000000
56056  2.593  -6.720  66.731 0.5000000000
55104  2.807  -7.058  66.047 0.6250000000
56059  2.955  -6.627  65.317 0.6250000000
46855  23.128  -16.291  57.692 0.1250000000
55111  2.692  -7.362  65.204 0.6250000000
126553  3.016  -7.474  64.064 0.6250000000
56067  3.022  -6.874  63.870 0.6250000000
54231  2.940  -8.049  63.849 0.6250000000
56100  3.296  -7.104  62.312 0.3750000000
51233  2.673  -10.679  73.049 0.6250000000
121831  1.716  -10.194  73.505 0.5000000000
52179  1.511  -10.720  72.875 0.5000000000
55061  -0.260  -7.191  72.374 0.5000000000
56010  -0.478  -6.759  71.918 0.5000000000
112525  -0.574  -6.285  71.052 0.5000000000
131241  -0.355  -6.018  70.373 0.5000000000
57010  1.953  -5.867  67.755 0.5000000000
57032  2.847  -6.116  66.148 0.6250000000
56083  2.948  -7.082  63.025 0.5000000000
60111  32.796  -1.915  58.160 0.5000000000
61053  32.694  -1.237  57.254 0.5000000000
60188  44.480  -1.065  47.954 0.3750000000
61026  33.582  -0.946  59.359 0.7500000000
61052  33.151  -0.780  57.606 0.5000000000
61069  33.642  -0.590  56.602 0.3750000000
66573  50.298  5.603  49.010 0.2500000000
61085  34.328  -0.913  55.445 0.5000000000
126649  33.544  -0.949  54.958 0.2500000000
65598  50.149  4.472  49.955 0.2500000000
67558  50.708  6.551  48.158 0.3750000000
66635  48.655  6.444  41.857 0.6250000000
66644  47.177  6.204  41.711 0.6250000000
132081  34.130  -0.273  58.132 0.8750000000
61068  34.813  -0.516  56.818 0.6250000000
113247  34.798  -0.800  56.106 0.6250000000
61116  35.026  -1.169  53.700 0.5000000000
62922  48.294  1.505  51.441 0.6250000000
60138  34.681  -0.559  52.122 0.5000000000
61140  34.609  -0.227  51.425 0.3750000000
66624  48.475  6.612  42.590 0.6250000000
67613  49.732  7.085  42.211 0.6250000000
66634  49.000  6.514  41.802 0.6250000000
66643  48.106  6.346  41.425 0.5000000000
111271  47.485  6.179  40.997 0.2500000000
130060  46.689  5.849  40.878 0.1250000000
65713  45.605  5.199  40.002 0.1250000000
65714  44.915  4.962  40.159 0.1250000000
123098  48.672  6.350  40.887 0.5000000000
66642  48.738  6.359  41.288 0.5000000000
112261  44.658  5.286  38.563 0.1250000000
61091  43.999  0.204  54.433 0.6250000000
62032  45.463  0.751  53.727 0.6250000000
61106  44.097  0.160  53.553 0.7500000000
61100  35.374  -1.148  54.695 0.6250000000
125816  35.325  -0.512  52.425 0.5000000000
61115  35.586  -0.798  53.017 0.5000000000
111171  37.832  -0.619  51.524 0.5000000000
112274  37.093  -0.377  52.022 0.5000000000
61138  36.413  -0.143  51.683 0.5000000000
61139  35.532  -0.109  51.756 0.5000000000
60135  34.698  -1.043  52.850 0.5000000000
111720  37.813  -0.541  50.664 0.5000000000
61137  37.007  -0.300  51.079 0.5000000000
61157  36.183  0.041  51.193 0.5000000000
61155  38.432  -0.456  50.166 0.5000000000
130884  37.908  -0.385  50.164 0.3750000000
61156  37.360  -0.040  50.147 0.2500000000
127272  36.383  0.192  50.507 0.3750000000
61158  35.455  0.140  50.911 0.3750000000
67620  49.049  6.440  41.227 0.6250000000
113057  48.322  6.311  40.853 0.5000000000
66655  47.392  6.082  40.390 0.3750000000
66656  46.792  5.841  40.341 0.2500000000
112559  46.382  5.659  39.852 0.2500000000
67630  48.810  6.472  40.698 0.5000000000
66654  47.964  6.255  40.459 0.5000000000
66677  45.590  5.489  39.044 0.1250000000
66667  44.953  5.000  39.361 0.1250000000
66666  47.844  6.231  39.963 0.3750000000
127227  46.765  5.926  39.132 0.2500000000
67649  45.812  6.056  38.298 0.1250000000
67650  44.871  5.680  37.904 0.1250000000
67662  45.175  6.157  37.288 0.1250000000
61084  35.294  -1.039  55.571 0.6250000000
61112  38.654  -1.165  53.504 0.5000000000
61113  37.686  -1.101  53.571 0.5000000000
61127  37.007  -0.696  52.880 0.5000000000
115706  36.297  -0.713  53.144 0.5000000000
61126  37.986  -0.755  52.577 0.5000000000
113588  36.178  -0.382  52.413 0.5000000000
67635  48.481  6.600  40.067 0.3750000000
68543  48.788  7.115  39.720 0.3750000000
67646  47.911  6.463  39.241 0.3750000000
67647  47.372  6.299  38.955 0.2500000000
67648  46.625  6.307  38.563 0.2500000000
68566  49.144  8.118  38.701 0.3750000000
68555  48.626  7.445  39.156 0.3750000000
68568  47.949  7.482  38.565 0.3750000000
67659  47.704  6.863  38.806 0.2500000000
67661  46.003  6.618  37.792 0.2500000000
68575  49.097  8.408  38.143 0.2500000000
68567  48.477  7.871  38.561 0.3750000000
68577  47.721  8.100  37.864 0.2500000000
68569  47.218  7.533  38.156 0.1250000000
68570  46.275  7.261  37.396 0.1250000000
67668  45.373  6.722  36.725 0.1250000000
69461  48.431  9.123  36.822 0.1250000000
69462  47.295  8.980  36.301 0.1250000000
68585  46.920  8.482  36.719 0.1250000000
68578  46.562  7.969  37.086 0.1250000000
71199  50.025  10.391  36.493 0.2500000000
70327  48.915  9.741  36.434 0.1250000000
70336  48.311  10.189  35.642 0.1250000000
61114  36.797  -1.047  53.688 0.6250000000
115059  35.944  -1.090  53.747 0.5000000000
69445  50.391  8.908  38.249 0.6250000000
69446  49.778  8.620  38.183 0.3750000000
68576  48.516  8.316  37.978 0.2500000000
70317  50.797  9.793  37.366 0.6250000000
69452  50.358  9.216  37.746 0.5000000000
69453  49.684  8.911  37.681 0.2500000000
69454  48.923  8.690  37.536 0.2500000000
72114  51.973  10.966  36.863 0.8750000000
71193  51.012  10.333  37.004 0.7500000000
70325  50.506  10.093  36.983 0.2500000000
69460  49.407  9.302  37.130 0.2500000000
72116  52.164  11.666  36.524 0.7500000000
71197  50.876  10.798  36.618 0.5000000000
71198  50.582  10.459  36.708 0.3750000000
71206  49.290  10.631  35.799 0.1250000000
70335  49.347  10.234  36.246 0.1250000000
128837  -1.694  -17.966  71.832 0.3750000000
48614  5.282  -15.631  77.060 0.6250000000
48616  5.485  -15.009  77.181 0.7500000000
44792  -0.479  -19.357  67.381 0.3750000000
123038  9.769  -21.198  72.856 0.3750000000
43074  -0.102  -20.853  63.103 0.3750000000
43892  11.834  -18.600  69.197 0.3750000000
52212  -0.376  -10.539  67.704 0.6250000000
113231  27.064  -14.078  65.695 0.5000000000
49603  27.211  -13.345  65.355 0.3750000000
47738  21.326  -15.642  65.537 0.3750000000
121754  28.067  -10.852  65.287 0.2500000000
128992  0.876  -9.440  66.151 0.7500000000
52240  28.150  -10.200  64.110 0.2500000000
53259  28.098  -9.401  63.684 0.2500000000
59157  32.791  -3.101  58.924 0.6250000000
61037  33.350  -0.715  58.444 0.6250000000
61136  38.512  -0.800  50.956 0.5000000000
66623  49.161  6.816  42.375 0.6250000000
69433  49.838  8.323  38.751 0.3750000000
44750  -2.146  -18.507  70.461 0.3750000000
43909  -1.323  -19.987  68.167 0.3750000000
50415  -0.277  -11.899  70.281 0.6250000000
50455  28.035  -12.653  65.195 0.2500000000
50461  28.061  -12.532  64.392 0.2500000000
41057  -3.124  -22.250  72.865 0.2500000000
41071  -3.355  -22.163  72.294 0.2500000000
126811  -3.462  -22.766  71.912 0.2500000000
116287  -2.649  -20.364  69.990 0.2500000000
42990  -1.742  -21.040  73.268 0.3750000000
42996  -2.846  -21.082  72.714 0.5000000000
43006  -3.179  -20.637  71.511 0.3750000000
126639  -1.512  -20.534  67.889 0.2500000000
113678  -0.665  -21.416  65.957 0.3750000000
43864  -2.914  -19.993  71.882 0.3750000000
43068  -0.372  -20.982  63.628 0.3750000000
44735  -2.009  -19.250  72.843 0.5000000000
42017  2.655  -20.758  74.819 0.3750000000
114643  3.998  -21.082  74.970 0.2500000000
42037  6.006  -21.354  73.568 0.2500000000
128495  6.752  -21.386  73.231 0.1250000000
41064  7.389  -21.885  72.060 0.2500000000
41080  8.354  -21.949  71.341 0.2500000000
41063  8.124  -21.580  72.253 0.2500000000
111804  26.939  -15.116  63.653 0.3750000000
49514  6.046  -14.692  77.822 0.7500000000
51235  4.141  -11.411  72.608 0.7500000000
54171  -0.390  -8.064  71.790 0.5000000000
53203  -0.699  -9.163  71.310 0.5000000000
54193  -0.332  -8.866  69.818 0.5000000000
55090  -0.203  -7.759  69.884 0.5000000000
54199  0.172  -9.092  68.889 0.5000000000
111682  27.105  -14.802  62.942 0.1250000000
49613  27.833  -13.092  63.821 0.2500000000
47786  27.047  -14.845  62.177 0.1250000000
47807  26.898  -14.770  61.428 0.1250000000
50384  5.330  -12.584  75.842 0.7500000000
50389  5.244  -11.940  74.983 0.7500000000
51230  4.877  -11.074  73.570 0.7500000000
52191  -0.827  -10.423  70.667 0.5000000000
120236  -0.514  -7.079  70.932 0.5000000000
51251  -0.860  -11.038  70.175 0.5000000000
56032  -0.416  -6.550  70.534 0.5000000000
54232  2.414  -8.328  64.195 0.7500000000
53260  2.036  -9.124  63.206 0.7500000000
52170  4.947  -10.319  74.095 0.7500000000
52177  -0.170  -9.416  72.712 0.5000000000
53192  0.099  -8.480  73.234 0.5000000000
51245  0.651  -11.384  71.510 0.6250000000
51239  0.252  -10.908  72.096 0.5000000000
52182  -0.483  -9.741  72.075 0.5000000000
53198  -0.498  -9.105  71.999 0.5000000000
54168  -0.216  -7.830  72.333 0.5000000000
51247  -0.677  -10.653  70.993 0.5000000000
56068  2.869  -6.332  64.515 0.6250000000
55121  2.726  -7.697  64.470 0.6250000000
52172  3.026  -9.759  74.259 0.5000000000
126084  2.518  -10.145  73.739 0.5000000000
61101  34.278  -1.112  54.428 0.5000000000
66636  47.874  6.394  42.107 0.6250000000
66653  48.310  6.371  40.359 0.5000000000
114606  47.220  5.986  39.819 0.2500000000
67636  48.030  6.380  39.705 0.3750000000
67637  47.630  6.225  39.440 0.3750000000
67663  44.492  5.637  37.044 0.1250000000
67645  48.254  6.748  39.469 0.3750000000
68556  48.177  7.053  39.036 0.3750000000
67660  46.883  6.862  38.425 0.2500000000
69455  48.000  8.637  37.304 0.1250000000
68579  45.656  7.322  36.205 0.1250000000
70328  47.759  9.565  35.929 0.1250000000
70326  49.816  9.930  36.796 0.2500000000
70309  50.980  9.531  37.789 0.7500000000
70308  51.425  10.012  37.708 0.7500000000
70318  50.178  9.558  37.311 0.2500000000
113101  51.412  10.749  36.876 0.6250000000
71191  52.180  10.808  37.327 0.6250000000
72117  51.381  11.334  36.438 0.5000000000
73019  51.680  12.138  35.993 0.6250000000
128804  7.767  -22.098  70.814 0.1250000000
111076  7.078  -22.169  70.762 0.1250000000
41091  8.281  -22.052  70.401 0.1250000000
41108  7.263  -22.232  69.299 0.1250000000
42069  10.195  -21.254  70.083 0.1250000000
41105  9.430  -21.553  70.006 0.1250000000
43031  11.285  -20.199  69.190 0.2500000000
42080  10.087  -20.994  69.193 0.1250000000
41123  9.510  -21.330  68.792 0.1250000000
41090  9.003  -21.848  70.639 0.1250000000
129682  9.674  -21.368  69.468 0.1250000000
50379  5.808  -12.782  76.680 0.6250000000
42068  10.817  -20.812  69.627 0.2500000000
51223  6.009  -11.692  76.198 0.6250000000
51225  5.767  -11.596  75.502 0.6250000000
52161  6.089  -10.630  75.536 0.6250000000
51227  5.594  -10.399  74.743 0.6250000000
50372  6.507  -13.084  77.867 0.6250000000
50373  5.954  -13.405  77.406 0.6250000000
57971  12.056  -4.991  74.063 0.2500000000
57962  12.318  -4.823  74.957 0.2500000000
59024  11.761  -4.218  75.310 0.2500000000
50378  6.412  -12.469  77.358 0.6250000000
51218  6.340  -11.817  76.844 0.6250000000
56956  10.740  -5.133  72.858 0.2500000000
57972  11.037  -4.490  73.677 0.2500000000
57963  11.512  -4.275  74.591 0.2500000000
51222  6.485  -10.587  76.571 0.6250000000
130948  10.247  -4.370  73.142 0.2500000000
59045  10.128  -3.758  73.578 0.2500000000
59025  11.082  -3.655  74.990 0.2500000000
52158  6.068  -9.378  76.806 0.6250000000
52162  5.949  -9.587  76.099 0.6250000000
59033  10.703  -3.704  74.294 0.2500000000
118995  5.106  -9.736  74.673 0.6250000000
53185  4.401  -9.251  75.294 0.5000000000
57983  9.903  -4.612  72.481 0.2500000000
59046  9.621  -3.791  72.868 0.2500000000
126255  3.683  -9.637  74.375 0.5000000000
56082  26.858  -5.958  62.716 0.3750000000
56099  26.406  -5.957  62.050 0.2500000000
56921  13.638  -5.785  76.093 0.2500000000
56910  13.559  -6.424  76.875 0.2500000000
126791  13.170  -6.664  77.371 0.2500000000
55018  12.565  -7.413  78.027 0.5000000000
48612  6.552  -15.136  78.294 0.6250000000
56936  12.837  -5.540  74.466 0.2500000000
56927  13.768  -5.834  75.550 0.2500000000
56917  13.283  -5.838  76.509 0.2500000000
56911  12.753  -6.077  77.035 0.5000000000
55967  12.455  -6.720  77.714 0.5000000000
56009  11.389  -6.047  72.398 0.2500000000
56944  12.555  -5.872  73.597 0.2500000000
57954  13.183  -5.405  75.842 0.2500000000
57949  12.947  -5.286  76.175 0.2500000000
51214  6.946  -12.012  77.823 0.6250000000
56945  11.670  -5.466  73.239 0.2500000000
57955  12.475  -4.873  75.722 0.2500000000
57945  12.568  -5.380  76.523 0.2500000000
57939  12.073  -5.581  76.868 0.5000000000
52147  7.629  -10.407  77.784 0.5000000000
59015  11.564  -4.313  76.163 0.2500000000
57946  11.778  -4.918  76.584 0.5000000000
57940  11.349  -5.323  77.130 0.5000000000
54127  8.355  -7.864  77.642 0.5000000000
54134  7.281  -8.661  77.565 0.5000000000
133349  7.172  -9.859  77.594 0.6250000000
51217  6.826  -11.271  77.260 0.6250000000
56970  10.071  -5.590  70.963 0.2500000000
56969  10.483  -5.605  71.885 0.2500000000
59020  11.204  -3.661  75.509 0.2500000000
57941  10.736  -5.353  77.386 0.5000000000
56907  10.098  -6.034  77.657 0.5000000000
55955  9.651  -6.554  77.700 0.5000000000
55015  8.642  -7.010  77.767 0.5000000000
54128  7.433  -7.853  77.647 0.3750000000
54135  6.639  -8.558  77.471 0.5000000000
117984  6.680  -9.934  77.319 0.6250000000
125944  9.768  -5.667  70.273 0.1250000000
57995  9.604  -4.704  71.593 0.2500000000
59966  11.185  -3.664  75.906 0.2500000000
59012  10.702  -4.161  76.595 0.5000000000
57942  10.111  -4.998  77.379 0.5000000000
57935  9.762  -5.358  77.555 0.3750000000
55956  8.984  -6.403  77.751 0.5000000000
55016  7.937  -7.277  77.784 0.3750000000
55023  6.650  -7.817  77.592 0.3750000000
54140  6.123  -8.381  77.251 0.3750000000
53174  5.455  -8.724  76.652 0.3750000000
58015  9.405  -5.243  69.767 0.1250000000
126353  9.339  -4.734  70.650 0.1250000000
59973  10.487  -3.050  74.728 0.2500000000
133010  10.808  -3.146  75.224 0.2500000000
59016  11.004  -3.798  76.244 0.3750000000
56901  7.877  -5.935  78.221 0.3750000000
121675  7.279  -7.119  77.890 0.3750000000
55024  5.875  -7.367  77.575 0.3750000000
120426  5.380  -9.033  76.502 0.3750000000
58004  9.086  -4.429  69.908 0.1250000000
59976  9.942  -3.074  74.052 0.1250000000
116530  5.284  -6.774  77.545 0.3750000000
55025  5.382  -7.350  77.350 0.3750000000
52167  3.495  -9.311  74.805 0.3750000000
59063  8.977  -3.734  70.403 0.1250000000
59053  9.335  -3.798  72.045 0.1250000000
59989  9.387  -3.088  73.286 0.1250000000
59062  9.114  -3.777  71.204 0.1250000000
56098  26.780  -5.741  62.239 0.2500000000
55045  18.936  -8.422  74.520 0.2500000000
55039  17.515  -8.688  74.964 0.2500000000
54152  17.157  -8.689  75.640 0.2500000000
127313  16.475  -10.140  76.512 0.3750000000
50369  14.067  -11.658  77.286 0.5000000000
55051  19.815  -8.105  74.040 0.2500000000
55975  17.219  -8.394  74.750 0.2500000000
55040  16.845  -8.405  75.653 0.2500000000
53172  16.574  -9.168  76.311 0.2500000000
53173  16.018  -9.748  76.500 0.2500000000
53165  15.120  -9.397  76.653 0.3750000000
121654  14.081  -10.806  77.478 0.5000000000
55041  16.117  -7.802  75.814 0.2500000000
55033  16.177  -8.032  76.126 0.2500000000
54137  15.027  -8.736  76.611 0.2500000000
112944  14.530  -9.640  76.923 0.3750000000
52150  14.043  -9.960  77.480 0.5000000000
52152  12.435  -10.670  78.170 0.5000000000
131746  10.704  -12.395  78.709 0.5000000000
48602  9.381  -13.944  79.183 0.6250000000
48604  8.072  -14.304  79.311 0.6250000000
55992  15.771  -7.320  74.282 0.2500000000
55984  15.753  -7.266  75.143 0.2500000000
55971  15.506  -7.597  76.221 0.2500000000
55972  14.802  -7.420  76.486 0.2500000000
121795  14.225  -8.304  76.936 0.2500000000
120952  13.969  -8.663  77.320 0.2500000000
53168  13.427  -9.459  78.002 0.5000000000
52141  11.699  -10.092  78.129 0.5000000000
50363  10.999  -11.945  78.517 0.5000000000
131264  10.636  -11.344  78.193 0.5000000000
132708  9.032  -13.432  78.983 0.6250000000
49505  8.175  -13.704  78.801 0.6250000000
48605  7.260  -14.975  79.663 0.6250000000
55993  15.008  -7.120  74.177 0.2500000000
55985  15.205  -6.894  75.116 0.2500000000
128575  15.200  -6.894  75.731 0.2500000000
55973  14.282  -6.924  76.587 0.2500000000
55028  13.727  -7.685  77.366 0.2500000000
54139  13.447  -8.589  77.863 0.5000000000
53156  12.568  -8.801  78.119 0.5000000000
52142  10.712  -10.395  77.957 0.5000000000
51206  10.008  -11.129  78.004 0.5000000000
50365  9.347  -12.381  78.623 0.6250000000
49506  7.726  -14.390  79.186 0.6250000000
48606  7.154  -14.713  79.187 0.6250000000
56000  13.839  -6.947  73.300 0.2500000000
56943  13.381  -6.300  73.890 0.2500000000
56916  14.039  -6.275  76.368 0.2500000000
55965  13.681  -7.047  77.158 0.2500000000
55966  13.205  -7.181  77.716 0.3750000000
54129  12.643  -8.045  78.103 0.5000000000
53157  11.688  -8.601  78.054 0.5000000000
53158  11.163  -9.352  77.973 0.5000000000
52143  9.971  -10.315  77.781 0.5000000000
111406  8.848  -11.389  78.301 0.6250000000
126489  8.379  -12.874  78.563 0.6250000000
130401  7.609  -14.178  78.882 0.6250000000
49507  7.139  -14.279  78.705 0.6250000000
55066  12.933  -6.915  72.408 0.2500000000
55059  13.081  -6.615  73.120 0.2500000000
56935  13.661  -5.981  74.759 0.2500000000
54130  11.500  -7.913  78.123 0.5000000000
54131  10.848  -8.488  77.924 0.5000000000
116157  9.678  -9.791  77.680 0.5000000000
52145  8.729  -10.626  77.958 0.5000000000
51209  8.073  -11.831  78.418 0.6250000000
50367  7.205  -12.801  78.218 0.6250000000
49512  6.798  -13.693  78.321 0.6250000000
116016  12.178  -6.798  71.877 0.2500000000
56008  12.267  -6.346  72.796 0.2500000000
55960  11.842  -7.130  78.079 0.5000000000
122219  10.934  -7.709  78.038 0.5000000000
53160  9.591  -9.122  77.648 0.5000000000
118371  7.937  -10.108  77.738 0.5000000000
51210  7.586  -11.620  78.146 0.6250000000
56021  11.338  -6.508  71.477 0.2500000000
56979  10.739  -6.266  71.021 0.2500000000
55020  11.404  -7.389  78.153 0.5000000000
55021  10.479  -7.522  77.866 0.5000000000
117427  9.720  -8.363  77.683 0.5000000000
126270  9.173  -7.886  77.671 0.5000000000
53162  7.903  -9.344  77.605 0.5000000000
56031  10.421  -6.394  70.219 0.2500000000
56905  11.552  -6.582  77.805 0.5000000000
56906  10.822  -6.367  77.769 0.5000000000
55013  10.166  -7.102  77.767 0.5000000000
115943  8.691  -8.489  77.612 0.5000000000
56988  9.851  -6.068  69.591 0.1250000000
57934  10.447  -5.721  77.561 0.5000000000
55014  9.452  -7.078  77.700 0.5000000000
56989  9.533  -5.628  69.094 0.1250000000
59000  9.473  -4.561  77.418 0.3750000000
57936  9.168  -4.981  77.611 0.3750000000
56900  8.588  -5.856  77.938 0.3750000000
111162  27.359  -3.191  70.201 0.5000000000
127822  27.130  -3.819  70.527 0.5000000000
59962  10.071  -3.742  76.832 0.3750000000
59009  9.781  -4.137  77.189 0.3750000000
56902  7.146  -5.846  78.227 0.3750000000
55958  6.645  -6.495  78.062 0.3750000000
133120  4.435  -7.911  76.283 0.3750000000
61868  27.805  -0.671  69.154 0.5000000000
60930  27.913  -1.318  69.268 0.6250000000
56998  9.422  -5.584  68.355 0.1250000000
58016  9.064  -4.778  68.995 0.1250000000
59967  10.731  -3.042  76.037 0.3750000000
59948  9.226  -3.650  77.313 0.3750000000
58996  8.726  -4.660  77.689 0.3750000000
118642  8.299  -5.356  78.105 0.3750000000
55959  5.895  -6.107  77.869 0.3750000000
54142  4.948  -7.375  77.007 0.3750000000
54148  3.784  -7.638  76.098 0.3750000000
61880  28.530  -0.652  68.067 0.3750000000
61867  28.259  -1.118  68.727 0.3750000000
60008  27.901  -2.603  69.605 0.6250000000
57009  9.444  -5.553  67.414 0.1250000000
60903  9.876  -2.391  74.452 0.1250000000
60895  10.369  -2.389  75.725 0.2500000000
59956  9.504  -3.166  77.066 0.3750000000
59957  8.978  -2.658  77.276 0.3750000000
59002  8.511  -3.884  77.552 0.3750000000
118000  8.035  -4.742  78.012 0.3750000000
53182  2.538  -8.456  75.310 0.3750000000
60929  28.413  -1.838  68.395 0.6250000000
59056  28.070  -3.069  69.192 0.6250000000
58031  9.041  -4.796  66.853 0.1250000000
58023  8.899  -4.817  67.877 0.1250000000
59072  8.707  -3.836  69.580 0.1250000000
60015  8.930  -2.954  70.801 0.1250000000
60003  9.046  -3.037  72.441 0.1250000000
59977  9.316  -2.351  73.669 0.1250000000
53190  1.925  -9.616  74.201 0.3750000000
61879  29.039  -1.017  67.554 0.6250000000
60944  28.919  -1.789  67.657 0.6250000000
60006  28.536  -2.329  68.136 0.5000000000
59068  28.192  -3.411  68.707 0.6250000000
61878  29.746  -1.314  67.049 0.6250000000
60943  29.618  -1.884  67.089 0.6250000000
60018  28.963  -2.475  67.656 0.5000000000
60017  29.615  -2.363  67.012 0.5000000000
61888  30.612  -0.816  66.582 0.5000000000
60953  30.600  -1.534  66.374 0.6250000000
55052  19.397  -7.920  74.087 0.2500000000
55980  18.762  -7.898  74.069 0.2500000000
55046  18.201  -8.410  74.453 0.2500000000
131350  17.697  -8.428  74.538 0.2500000000
132169  19.965  -6.997  73.483 0.2500000000
55988  19.193  -7.264  73.762 0.2500000000
55989  18.527  -7.254  73.714 0.2500000000
55981  17.937  -8.016  74.148 0.2500000000
110817  16.615  -8.085  75.175 0.2500000000
56925  17.830  -7.315  73.759 0.2500000000
55982  17.190  -7.985  74.340 0.2500000000
115402  16.090  -7.646  75.479 0.2500000000
55998  15.458  -7.232  73.344 0.2500000000
56007  14.912  -6.800  71.985 0.2500000000
55056  14.798  -7.201  72.688 0.2500000000
55999  14.595  -7.170  73.355 0.2500000000
56018  14.353  -6.803  71.396 0.2500000000
55057  14.123  -7.172  72.717 0.2500000000
55074  13.646  -7.101  71.535 0.2500000000
55065  13.595  -7.123  72.192 0.2500000000
55058  13.532  -6.984  72.737 0.2500000000
55081  13.027  -7.128  70.989 0.2500000000
55075  12.997  -7.131  71.680 0.2500000000
56030  12.242  -6.949  70.541 0.2500000000
56020  12.513  -7.027  71.222 0.2500000000
56046  11.279  -6.774  68.310 0.2500000000
56038  11.110  -6.817  69.146 0.2500000000
121034  10.979  -6.778  69.801 0.2500000000
59036  26.103  -3.543  71.114 0.5000000000
56051  10.780  -6.550  67.617 0.1250000000
56047  10.607  -6.616  68.534 0.2500000000
56039  10.461  -6.567  69.347 0.2500000000
59981  26.080  -2.762  71.024 0.6250000000
57018  10.181  -6.058  67.034 0.1250000000
57008  10.074  -6.098  67.973 0.1250000000
61858  26.707  -0.885  69.993 0.5000000000
59993  26.815  -2.637  70.483 0.5000000000
55035  3.796  -7.068  76.308 0.3750000000
54154  3.090  -8.032  75.735 0.3750000000
62754  27.643  0.084  69.067 0.3750000000
61869  27.169  -0.371  69.473 0.3750000000
57019  9.686  -5.459  66.501 0.1250000000
57931  6.757  -4.677  77.894 0.3750000000
56904  5.672  -5.485  77.655 0.3750000000
55030  4.386  -6.926  76.731 0.3750000000
63644  29.021  0.655  67.540 0.3750000000
63645  28.324  0.973  67.880 0.3750000000
60900  9.770  -1.891  74.752 0.2500000000
60892  9.933  -1.779  75.842 0.2500000000
59949  8.763  -3.330  77.441 0.3750000000
59003  7.970  -3.627  77.615 0.3750000000
62763  28.488  0.137  68.052 0.3750000000
60022  8.808  -2.996  70.031 0.1250000000
111165  1.260  -9.126  74.386 0.3750000000
62762  29.050  -0.223  67.561 0.3750000000
59087  8.538  -3.981  67.316 0.1250000000
59079  8.335  -3.928  68.506 0.1250000000
60014  8.954  -2.965  71.584 0.1250000000
60938  8.807  -2.260  71.136 0.1250000000
61889  29.773  -0.564  67.086 0.3750000000
61887  31.609  -0.971  66.207 0.5000000000
56938  19.894  -6.492  73.048 0.2500000000
126137  19.570  -6.752  73.409 0.2500000000
57959  17.724  -5.592  72.836 0.2500000000
56933  17.563  -6.516  73.342 0.2500000000
56934  17.008  -6.721  73.489 0.2500000000
55990  17.154  -7.407  73.926 0.2500000000
57969  16.725  -5.280  72.681 0.2500000000
57970  16.354  -5.568  72.603 0.2500000000
56942  16.083  -6.612  72.904 0.2500000000
55997  16.325  -7.088  73.514 0.2500000000
55991  16.444  -7.558  74.160 0.2500000000
125162  15.897  -5.145  71.965 0.2500000000
56955  15.416  -5.953  71.948 0.2500000000
56006  15.503  -6.851  72.494 0.2500000000
57982  15.263  -5.037  71.489 0.2500000000
56967  14.920  -5.982  71.375 0.2500000000
131757  14.775  -4.534  70.468 0.2500000000
56968  14.350  -6.020  70.802 0.2500000000
56978  13.760  -6.062  70.223 0.2500000000
56029  12.915  -6.729  70.253 0.2500000000
57994  14.353  -5.166  70.342 0.2500000000
58003  13.925  -5.219  69.742 0.2500000000
116399  12.232  -6.841  69.857 0.2500000000
58014  12.989  -5.269  68.462 0.2500000000
56996  12.394  -6.085  68.528 0.2500000000
56036  12.556  -6.525  69.608 0.2500000000
57016  12.249  -5.793  66.963 0.1250000000
57006  12.326  -5.910  67.851 0.2500000000
56045  11.857  -6.455  68.236 0.2500000000
56037  11.942  -6.670  69.077 0.2500000000
57028  12.247  -5.627  65.914 0.1250000000
57007  11.557  -6.408  67.407 0.1250000000
57029  11.433  -6.045  65.524 0.1250000000
57017  11.568  -6.061  66.379 0.1250000000
56055  10.929  -6.312  66.707 0.1250000000
61859  26.134  -0.546  70.558 0.5000000000
110454  11.874  -5.926  64.829 0.1250000000
133452  11.000  -6.103  65.999 0.1250000000
54149  3.027  -7.243  75.884 0.3750000000
111559  11.243  -5.993  64.756 0.1250000000
57030  10.656  -5.860  65.302 0.1250000000
57031  10.002  -5.368  65.664 0.1250000000
58999  6.033  -4.146  77.702 0.3750000000
56909  4.838  -5.506  76.992 0.3750000000
120225  3.335  -6.722  76.119 0.3750000000
57043  11.602  -5.915  64.030 0.1250000000
57044  10.852  -5.743  64.422 0.1250000000
60896  9.901  -1.822  75.298 0.2500000000
60884  9.332  -2.142  76.819 0.2500000000
59950  8.269  -3.119  77.510 0.2500000000
127924  7.392  -4.520  77.921 0.3750000000
54158  2.199  -7.776  75.412 0.3750000000
58041  9.479  -4.694  66.010 0.1250000000
60912  8.835  -2.346  72.872 0.1250000000
54164  0.644  -8.326  74.205 0.3750000000
53188  1.023  -8.597  74.501 0.3750000000
63652  30.670  0.953  66.859 0.2500000000
63653  29.823  1.335  67.221 0.2500000000
58053  9.788  -4.764  65.310 0.1250000000
60939  8.800  -2.295  70.414 0.1250000000
60925  8.745  -2.144  71.969 0.1250000000
62775  29.785  0.323  67.136 0.3750000000
62773  31.553  -0.301  66.543 0.2500000000
62774  30.617  -0.011  66.738 0.3750000000
60962  32.546  -1.084  65.981 0.3750000000
60952  31.802  -1.586  65.887 0.3750000000
56952  19.763  -5.930  72.407 0.1250000000
56939  19.299  -5.984  72.886 0.2500000000
56940  18.513  -5.791  72.883 0.2500000000
57968  17.149  -5.043  72.604 0.2500000000
59031  16.804  -4.741  72.265 0.2500000000
59030  17.221  -4.604  72.157 0.2500000000
124096  15.599  -4.363  71.335 0.2500000000
59032  16.427  -4.918  72.240 0.2500000000
123732  16.565  -4.489  71.835 0.2500000000
60002  15.439  -3.749  70.769 0.2500000000
115712  15.156  -4.402  70.901 0.2500000000
59052  15.024  -3.942  70.292 0.2500000000
112660  14.158  -4.678  69.320 0.2500000000
59061  14.493  -4.372  69.903 0.2500000000
58022  14.094  -4.633  68.673 0.2500000000
58030  12.930  -5.162  67.610 0.2500000000
59078  13.670  -4.745  68.073 0.2500000000
58040  12.943  -4.996  66.810 0.1250000000
59096  13.689  -4.536  66.851 0.1250000000
58039  13.124  -4.821  66.116 0.1250000000
59010  4.743  -3.607  77.101 0.2500000000
57943  4.549  -4.309  76.728 0.2500000000
130077  5.180  -3.357  77.520 0.2500000000
57938  4.948  -4.337  76.989 0.3750000000
132939  3.849  -4.801  76.321 0.2500000000
56919  2.978  -5.620  75.951 0.3750000000
58051  12.788  -5.406  65.012 0.1250000000
60879  8.545  -2.685  77.408 0.2500000000
59946  7.226  -3.483  77.659 0.2500000000
59005  5.424  -3.948  77.477 0.3750000000
55969  4.154  -5.999  76.661 0.3750000000
55978  2.237  -5.757  75.593 0.3750000000
57042  12.231  -5.844  64.160 0.1250000000
60030  7.776  -2.475  68.825 0.1250000000
60023  8.420  -2.335  69.700 0.1250000000
60904  9.222  -1.617  74.048 0.1250000000
61839  9.343  -1.309  75.358 0.2500000000
55036  2.812  -6.610  75.836 0.3750000000
113285  1.757  -7.316  75.188 0.3750000000
55043  1.487  -6.695  74.909 0.3750000000
59088  8.170  -3.361  67.712 0.1250000000
60029  8.136  -3.175  69.298 0.1250000000
55047  1.305  -7.235  74.689 0.3750000000
59097  8.937  -3.781  66.279 0.1250000000
63667  31.641  1.500  66.802 0.2500000000
59103  9.456  -3.970  65.439 0.1250000000
62786  31.558  0.531  66.726 0.2500000000
62785  32.352  0.197  66.724 0.3750000000
61900  32.667  -0.423  66.411 0.3750000000
57966  18.805  -5.258  72.452 0.2500000000
57967  18.113  -5.083  72.459 0.2500000000
120501  17.544  -4.936  72.417 0.2500000000
59044  16.144  -4.416  71.621 0.2500000000
65357  6.906  3.239  69.618 0.1250000000
125982  7.012  3.128  70.393 0.1250000000
66278  7.161  3.127  70.910 0.1250000000
65327  7.386  2.766  71.643 0.1250000000
65370  6.773  3.480  68.698 0.1250000000
112966  7.290  2.689  70.317 0.1250000000
65339  7.449  2.811  70.955 0.1250000000
64510  7.031  2.920  68.389 0.1250000000
111304  7.124  2.730  69.440 0.1250000000
64476  7.566  2.240  71.494 0.1250000000
116258  7.538  2.209  72.062 0.1250000000
116798  14.489  -4.013  69.230 0.2500000000
110606  7.250  2.172  68.020 0.1250000000
59077  14.320  -4.176  68.183 0.2500000000
62794  7.644  1.082  66.695 0.1250000000
63676  7.452  1.454  67.671 0.1250000000
64497  7.370  2.242  70.096 0.1250000000
121728  14.490  -3.702  67.853 0.2500000000
126441  7.445  1.652  69.754 0.1250000000
63641  7.606  1.434  70.650 0.1250000000
63631  7.745  1.558  71.416 0.1250000000
59085  14.335  -3.962  67.223 0.1250000000
62779  7.593  0.332  68.918 0.1250000000
62760  7.772  0.449  70.682 0.1250000000
132957  4.875  -1.876  77.561 0.1250000000
118886  4.368  -2.083  77.389 0.2500000000
59960  3.985  -3.019  76.738 0.2500000000
62808  7.924  0.329  65.823 0.1250000000
61903  7.841  0.075  67.184 0.1250000000
61894  7.471  0.643  67.897 0.1250000000
62770  7.821  -0.035  69.906 0.1250000000
60881  7.241  -2.371  77.508 0.1250000000
60883  5.561  -2.154  77.558 0.1250000000
59955  4.859  -3.056  77.455 0.2500000000
59011  4.321  -3.626  76.767 0.2500000000
61916  7.968  -0.454  66.439 0.1250000000
60965  7.755  -0.934  67.437 0.1250000000
119778  7.673  -1.025  68.385 0.1250000000
61884  8.235  -0.891  69.960 0.1250000000
62730  8.783  -0.777  74.797 0.1250000000
61840  8.811  -0.835  75.442 0.1250000000
61836  8.894  -1.021  75.872 0.1250000000
61820  7.541  -1.818  77.365 0.1250000000
59953  5.923  -2.871  77.609 0.2500000000
117591  3.032  -5.023  75.938 0.2500000000
56922  2.442  -5.110  75.744 0.3750000000
114342  7.810  -1.776  67.201 0.1250000000
60949  7.950  -1.543  69.195 0.1250000000
60948  8.619  -1.633  70.092 0.1250000000
61875  8.471  -1.172  70.717 0.1250000000
61864  8.475  -1.306  72.048 0.1250000000
61853  8.500  -1.109  72.766 0.1250000000
61842  9.217  -1.287  74.658 0.1250000000
61835  9.347  -1.352  75.889 0.1250000000
60885  8.524  -2.084  77.278 0.2500000000
59947  6.369  -3.468  77.674 0.2500000000
121141  8.178  -2.229  66.539 0.1250000000
60037  7.901  -2.581  67.657 0.1250000000
118532  8.775  -1.671  73.238 0.1250000000
61824  8.825  -1.891  77.070 0.2500000000
55979  1.799  -6.273  75.271 0.3750000000
60046  8.347  -3.121  66.867 0.1250000000
133011  8.714  -1.777  70.741 0.1250000000
131004  8.623  -1.682  72.542 0.1250000000
55048  1.103  -6.860  74.381 0.3750000000
54160  0.824  -7.769  74.311 0.3750000000
60045  8.744  -2.726  65.996 0.1250000000
54161  0.732  -7.419  74.058 0.3750000000
116235  31.398  2.985  66.763 0.2500000000
117463  32.524  2.009  67.007 0.2500000000
63665  33.364  1.722  67.080 0.2500000000
62784  33.202  0.328  66.839 0.2500000000
120078  33.669  -0.145  66.448 0.2500000000
57979  19.566  -5.398  71.770 0.1250000000
57980  19.069  -4.879  71.893 0.2500000000
66280  6.365  3.501  71.341 0.1250000000
66275  5.796  3.708  72.278 0.1250000000
66276  5.023  3.766  72.545 0.1250000000
66272  4.803  3.468  73.188 0.1250000000
56953  19.308  -5.486  72.300 0.2500000000
57981  18.426  -4.636  71.989 0.2500000000
66293  6.423  3.620  69.996 0.1250000000
66271  5.470  3.536  73.163 0.1250000000
65317  4.655  3.106  73.664 0.1250000000
65312  4.199  2.782  73.882 0.1250000000
121328  6.680  3.372  70.302 0.1250000000
66279  6.935  3.263  71.011 0.1250000000
66274  6.483  3.422  72.323 0.1250000000
66270  6.226  3.373  73.110 0.1250000000
66268  5.164  3.192  73.786 0.1250000000
59029  17.770  -4.559  72.058 0.2500000000
66291  6.683  3.389  69.724 0.1250000000
65328  7.145  3.081  71.546 0.1250000000
66273  6.869  3.222  71.893 0.1250000000
66269  6.782  3.177  72.677 0.1250000000
132980  6.249  3.046  73.830 0.1250000000
65309  6.001  2.927  74.336 0.1250000000
65311  4.819  2.853  74.290 0.1250000000
64460  3.851  2.229  74.329 0.1250000000
59988  15.865  -3.690  71.152 0.2500000000
59043  16.892  -4.231  71.808 0.2500000000
65321  7.095  2.969  72.205 0.1250000000
65316  6.674  2.955  73.446 0.1250000000
65310  5.442  2.886  74.553 0.1250000000
64455  4.653  2.191  75.434 0.1250000000
65306  4.475  2.443  74.692 0.1250000000
59060  15.358  -3.251  70.085 0.2500000000
60001  16.078  -3.086  70.859 0.2500000000
133161  7.475  2.117  72.945 0.1250000000
65315  7.063  2.819  72.978 0.1250000000
65302  6.544  2.597  74.377 0.1250000000
65303  5.980  2.648  74.999 0.1250000000
64450  4.784  1.996  75.977 0.1250000000
64451  4.311  1.648  75.783 0.1250000000
60013  14.876  -3.589  69.656 0.2500000000
133214  15.713  -3.251  70.649 0.2500000000
64463  7.658  1.758  73.378 0.1250000000
64453  6.836  2.031  74.943 0.1250000000
64454  6.390  2.263  75.288 0.1250000000
64449  5.353  2.163  75.991 0.1250000000
60021  14.770  -3.401  69.029 0.2500000000
64467  7.655  1.882  72.671 0.1250000000
63617  7.956  1.098  73.808 0.1250000000
64458  7.321  1.640  74.585 0.1250000000
64447  6.688  1.823  75.548 0.1250000000
64443  5.436  1.580  76.294 0.1250000000
64445  4.555  1.390  76.204 0.1250000000
63603  4.160  0.915  76.270 0.1250000000
64475  7.861  1.574  72.169 0.1250000000
64466  8.135  1.226  73.068 0.1250000000
63614  7.712  0.996  74.444 0.1250000000
63607  6.974  1.201  75.729 0.1250000000
63608  6.477  1.600  75.908 0.1250000000
63602  4.985  1.205  76.417 0.1250000000
62725  4.220  0.033  76.501 0.1250000000
61834  3.643  -0.886  76.294 0.2500000000
60028  14.677  -3.461  68.436 0.2500000000
63640  7.877  0.778  71.292 0.1250000000
63630  8.101  0.905  71.972 0.1250000000
63605  7.785  0.358  75.426 0.1250000000
63599  6.786  0.869  76.059 0.1250000000
63596  5.891  0.463  76.486 0.1250000000
62718  5.144  -0.280  76.815 0.1250000000
61833  4.036  -0.821  76.722 0.2500000000
59964  3.574  -2.465  76.456 0.2500000000
60036  14.666  -3.318  67.589 0.2500000000
62759  7.987  0.032  71.184 0.1250000000
62751  8.134  0.101  71.803 0.1250000000
121388  8.421  0.499  73.166 0.1250000000
63616  8.299  0.522  73.688 0.1250000000
63610  7.887  0.335  74.949 0.1250000000
63606  7.431  0.746  75.582 0.1250000000
62722  7.221  -0.059  76.393 0.1250000000
61827  6.311  -0.907  77.166 0.1250000000
60887  4.516  -1.639  77.391 0.1250000000
59963  4.077  -2.227  77.066 0.2500000000
119621  3.484  -3.291  76.342 0.2500000000
62769  8.112  -0.401  70.675 0.1250000000
110535  8.364  0.200  72.615 0.1250000000
62738  8.494  -0.067  73.657 0.1250000000
62731  8.350  -0.229  74.897 0.1250000000
62720  8.366  -0.556  76.156 0.1250000000
62721  7.911  -0.252  76.308 0.1250000000
61826  7.254  -0.997  77.025 0.1250000000
61823  5.262  -1.461  77.516 0.1250000000
59014  3.127  -3.925  76.052 0.2500000000
61865  8.263  -0.727  71.445 0.1250000000
62743  8.504  -0.500  73.032 0.1250000000
62734  8.720  -0.625  74.144 0.1250000000
62727  8.301  -0.233  75.570 0.1250000000
61832  8.301  -0.843  76.592 0.1250000000
62716  7.771  -0.859  76.840 0.1250000000
61854  8.329  -0.576  72.298 0.1250000000
62737  8.631  -0.503  73.602 0.1250000000
56924  1.666  -5.728  75.186 0.3750000000
55986  1.385  -6.299  74.787 0.3750000000
54165  0.332  -7.566  73.469 0.3750000000
64514  32.374  2.833  66.910 0.2500000000
56990  0.495  -5.928  69.449 0.3750000000
121216  -0.045  -5.694  69.795 0.3750000000
132341  33.511  1.000  66.988 0.2500000000
62783  34.044  0.576  66.712 0.2500000000
57012  0.701  -4.870  68.212 0.3750000000
56999  0.982  -5.741  68.903 0.3750000000
119682  34.182  0.046  66.321 0.2500000000
60959  34.408  -1.549  65.398 0.2500000000
57011  1.434  -5.564  68.269 0.3750000000
59041  18.023  -4.060  71.554 0.2500000000
59985  17.600  -3.558  71.186 0.2500000000
59986  17.033  -3.540  71.386 0.2500000000
59042  17.410  -4.091  71.705 0.2500000000
59999  17.219  -3.101  70.792 0.2500000000
60000  16.626  -2.966  70.970 0.2500000000
60923  16.260  -2.764  70.297 0.2500000000
60924  15.822  -2.879  70.220 0.2500000000
132605  4.205  1.288  76.062 0.1250000000
60946  15.896  -2.397  69.148 0.2500000000
60936  15.988  -2.558  69.725 0.2500000000
63604  3.781  0.436  76.109 0.2500000000
62733  2.983  0.035  75.134 0.2500000000
60947  15.454  -2.643  68.944 0.2500000000
60020  15.165  -3.048  69.326 0.2500000000
62729  3.386  -0.224  75.842 0.2500000000
60964  15.053  -2.867  67.539 0.2500000000
60027  15.049  -2.986  68.669 0.2500000000
60893  3.466  -1.642  76.165 0.2500000000
59968  3.208  -2.319  75.947 0.2500000000
59965  2.964  -3.203  75.968 0.2500000000
59017  2.506  -4.074  75.686 0.2500000000
59018  1.955  -4.206  75.386 0.2500000000
57951  2.129  -4.633  75.596 0.2500000000
57952  1.738  -4.685  75.276 0.3750000000
57953  1.536  -5.182  75.009 0.3750000000
56928  1.234  -5.776  74.601 0.3750000000
55987  0.891  -6.413  74.174 0.3750000000
55995  0.326  -6.539  73.461 0.3750000000
58025  -0.359  -4.170  68.903 0.3750000000
58017  -0.349  -4.678  69.773 0.3750000000
55053  0.243  -7.163  73.256 0.3750000000
65373  32.980  3.383  66.889 0.1250000000
58024  -0.095  -4.424  68.522 0.3750000000
56991  -0.312  -5.472  70.121 0.3750000000
56002  -0.350  -6.579  72.380 0.3750000000
64512  33.988  2.247  66.859 0.1250000000
63680  34.688  1.817  66.482 0.2500000000
124173  -0.284  -3.688  67.762 0.3750000000
57000  0.280  -5.192  69.160 0.3750000000
63664  34.091  1.405  66.855 0.2500000000
62782  34.532  0.483  66.307 0.2500000000
58033  0.034  -4.170  67.464 0.3750000000
62798  34.793  0.339  65.949 0.2500000000
113059  1.483  -5.104  67.550 0.3750000000
56052  2.475  -6.036  67.065 0.3750000000
57992  19.330  -4.796  70.987 0.2500000000
59040  18.644  -4.272  71.170 0.2500000000
59051  18.093  -3.701  70.784 0.2500000000
59998  17.670  -3.343  70.577 0.2500000000
60922  16.828  -2.840  70.201 0.2500000000
61843  2.378  -0.752  74.192 0.2500000000
61841  2.680  -0.740  74.772 0.2500000000
60901  2.630  -1.657  74.371 0.2500000000
61837  3.351  -1.012  75.857 0.2500000000
60897  2.898  -1.655  75.012 0.2500000000
60898  2.626  -2.496  74.695 0.2500000000
60894  3.190  -1.660  75.603 0.2500000000
59969  2.840  -2.604  75.410 0.2500000000
59022  1.921  -3.735  75.044 0.2500000000
56929  0.698  -5.865  73.967 0.3750000000
59073  -0.494  -4.030  69.366 0.3750000000
59065  -0.563  -4.404  70.569 0.3750000000
57997  -0.625  -4.956  71.062 0.3750000000
56001  -0.144  -6.298  72.888 0.3750000000
121326  -0.568  -5.498  70.920 0.3750000000
56971  -0.611  -5.951  71.369 0.3750000000
65372  33.752  3.084  66.749 0.1250000000
56980  -0.438  -5.799  70.578 0.3750000000
121021  -0.576  -6.392  71.533 0.3750000000
64526  34.468  2.720  66.454 0.1250000000
114161  35.199  1.785  66.022 0.2500000000
62797  35.121  0.498  65.511 0.2500000000
132066  35.146  0.237  65.025 0.2500000000
60968  34.867  -0.922  64.779 0.2500000000
58032  0.740  -4.496  67.061 0.3750000000
57021  1.642  -4.882  66.506 0.3750000000
125274  2.364  -5.470  66.542 0.3750000000
60905  2.443  -2.340  73.060 0.2500000000
60902  2.465  -2.566  73.926 0.2500000000
59972  2.217  -3.213  74.513 0.2500000000
60914  1.520  -2.614  71.836 0.2500000000
60906  1.869  -2.793  72.655 0.2500000000
59978  2.043  -3.010  73.386 0.2500000000
59974  2.020  -3.288  73.974 0.2500000000
59979  0.855  -3.266  72.441 0.2500000000
130306  1.405  -3.286  73.080 0.3750000000
59975  1.483  -3.571  73.643 0.3750000000
59026  1.582  -3.837  74.394 0.2500000000
131672  1.471  -4.755  74.860 0.3750000000
59980  0.233  -3.822  72.639 0.3750000000
59034  0.758  -3.703  73.167 0.3750000000
59027  1.021  -4.160  73.752 0.3750000000
59023  1.278  -4.527  74.381 0.3750000000
57957  1.107  -5.179  74.348 0.3750000000
57964  0.742  -4.810  73.762 0.3750000000
57958  0.568  -5.378  73.741 0.3750000000
118966  -0.264  -4.263  72.310 0.3750000000
57973  -0.342  -4.950  72.617 0.3750000000
57984  -0.635  -4.823  71.772 0.3750000000
56947  -0.414  -6.058  72.413 0.3750000000
57985  -0.650  -5.492  71.505 0.3750000000
56957  -0.573  -5.528  72.163 0.3750000000
65383  34.217  3.523  66.286 0.1250000000
64525  35.069  2.408  66.061 0.2500000000
64524  35.413  2.154  65.693 0.2500000000
63678  35.462  1.453  65.510 0.2500000000
59990  0.543  -3.041  71.539 0.3750000000
59991  0.030  -3.630  71.970 0.3750000000
65382  34.872  3.165  65.958 0.2500000000
65381  35.363  2.779  65.571 0.2500000000
65393  35.180  3.520  65.391 0.2500000000
63692  35.748  1.540  64.768 0.2500000000
62811  35.651  1.080  64.400 0.2500000000
61931  35.167  0.126  63.986 0.2500000000
63691  35.904  1.699  64.001 0.2500000000
62810  35.803  1.364  63.781 0.2500000000
61036  34.975  -0.175  57.809 0.5000000000
114312  33.955  -0.352  57.545 0.6250000000
61035  35.827  0.046  58.184 0.3750000000
61051  36.132  -0.285  57.370 0.3750000000
127762  35.661  -0.593  56.920 0.3750000000
110961  35.729  -0.938  56.204 0.5000000000
61215  44.400  -1.666  46.700 0.2500000000
113525  36.494  -0.980  56.687 0.5000000000
61099  36.438  -1.211  54.521 0.5000000000
66615  46.605  6.050  44.060 0.5000000000
66616  45.884  5.497  44.400 0.5000000000
66626  46.762  6.245  43.180 0.5000000000
61034  36.689  0.058  57.862 0.3750000000
129316  37.456  -0.090  57.544 0.3750000000
61050  37.091  -0.631  57.136 0.5000000000
66625  47.643  6.455  42.877 0.5000000000
65664  46.938  6.239  42.407 0.3750000000
61033  38.099  0.188  57.679 0.5000000000
61049  38.051  -0.786  57.096 0.5000000000
61066  38.356  -1.150  56.458 0.3750000000
61067  37.517  -1.136  56.385 0.5000000000
111036  36.727  -1.177  55.859 0.5000000000
61081  38.110  -1.282  55.052 0.5000000000
61098  37.411  -1.246  54.545 0.5000000000
126911  36.859  -1.250  55.133 0.5000000000
67618  50.221  7.275  42.101 0.5000000000
67629  49.443  6.750  41.069 0.5000000000
61097  38.363  -1.273  54.368 0.5000000000
72028  52.715  10.448  43.612 0.2500000000
71137  52.624  9.875  43.373 0.2500000000
119543  53.315  12.009  43.459 0.1250000000
72945  52.982  11.189  43.253 0.1250000000
72944  53.515  12.044  42.721 0.1250000000
117487  52.842  10.412  42.702 0.1250000000
73866  53.904  12.826  42.449 0.1250000000
72957  53.090  11.030  42.380 0.1250000000
114015  54.145  12.681  41.753 0.1250000000
73877  54.105  12.410  41.245 0.1250000000
72062  53.566  11.652  41.473 0.1250000000
118154  51.526  9.739  38.861 0.6250000000
68492  51.754  7.298  46.471 0.3750000000
72927  52.901  11.275  43.729 0.1250000000
71124  52.523  9.816  43.950 0.2500000000
73841  53.094  12.176  44.013 0.1250000000
74774  53.717  13.081  42.988 0.1250000000
131607  53.371  13.153  43.978 0.1250000000
74791  54.496  13.679  41.521 0.1250000000
130185  54.317  13.178  41.826 0.1250000000
72964  54.058  12.258  40.857 0.1250000000
73876  54.569  13.036  40.883 0.1250000000
71187  51.733  10.410  37.541 0.7500000000
71192  51.631  10.525  37.189 0.7500000000
75604  53.792  13.654  42.880 0.1250000000
75595  52.767  14.134  44.479 0.1250000000
73885  55.051  13.440  39.862 0.1250000000
70316  51.289  10.102  37.424 0.7500000000
72109  52.696  11.238  37.644 0.2500000000
73896  55.201  13.565  39.423 0.1250000000
111897  53.694  12.149  37.611 0.2500000000
73013  53.158  11.898  36.973 0.5000000000
72119  50.550  11.265  36.045 0.1250000000
72120  49.701  11.157  35.644 0.1250000000
116721  55.573  14.056  39.094 0.1250000000
74803  55.429  13.924  39.469 0.1250000000
133287  55.547  14.468  38.048 0.1250000000
129318  55.573  13.977  38.492 0.1250000000
73004  54.398  12.653  37.781 0.2500000000
73012  53.513  12.168  37.178 0.2500000000
73925  54.914  13.357  37.293 0.2500000000
73011  54.099  12.683  37.216 0.2500000000
73015  53.569  12.612  36.755 0.2500000000
73018  52.375  12.487  36.109 0.5000000000
120567  50.945  11.917  35.729 0.1250000000
115361  50.079  11.814  35.449 0.1250000000
72127  49.162  11.590  34.984 0.1250000000
112208  48.662  11.997  34.090 0.1250000000
112876  55.575  14.311  37.355 0.1250000000
73928  55.095  13.912  36.611 0.2500000000
111872  54.395  13.318  36.718 0.2500000000
74851  54.045  14.125  35.638 0.3750000000
73932  52.671  13.350  35.430 0.3750000000
73935  51.944  13.435  34.690 0.5000000000
73936  51.079  13.186  34.393 0.1250000000
73022  49.637  12.293  34.640 0.1250000000
73021  50.203  12.977  34.086 0.1250000000
73026  49.288  12.688  33.615 0.1250000000
73027  48.441  12.244  32.880 0.1250000000
73033  48.492  12.465  31.489 0.1250000000
73040  48.779  12.032  30.305 0.1250000000
113270  55.498  14.777  36.113 0.2500000000
74848  54.618  13.995  36.127 0.2500000000
74852  53.383  14.204  35.027 0.3750000000
130711  52.662  13.959  34.638 0.3750000000
110401  52.303  14.220  33.935 0.2500000000
74857  51.533  13.876  33.763 0.2500000000
73939  50.732  13.620  33.481 0.1250000000
73940  49.955  13.298  33.034 0.1250000000
73941  49.096  13.039  32.478 0.1250000000
132976  49.731  13.529  32.202 0.1250000000
133258  49.418  13.625  30.844 0.1250000000
73952  49.056  12.959  30.609 0.1250000000
73967  49.297  12.586  29.713 0.1250000000
73993  50.894  12.946  27.029 0.1250000000
74902  50.588  13.234  27.813 0.1250000000
73979  50.166  12.666  28.330 0.1250000000
74901  51.060  13.966  27.394 0.1250000000
112825  53.074  14.547  34.163 0.3750000000
74861  52.749  14.821  33.356 0.2500000000
74862  51.886  14.518  33.016 0.1250000000
111752  51.225  14.438  32.282 0.1250000000
74864  50.486  13.916  32.435 0.1250000000
73944  49.861  13.884  31.536 0.1250000000
73951  49.522  13.478  30.059 0.1250000000
74883  50.536  14.466  28.789 0.1250000000
74884  50.042  14.171  29.580 0.1250000000
75748  51.489  14.955  27.565 0.1250000000
74892  50.703  13.970  28.120 0.1250000000
74893  50.287  13.602  28.589 0.1250000000
75699  53.264  15.390  32.847 0.1250000000
74866  52.437  15.132  32.512 0.1250000000
75706  53.387  16.080  31.452 0.1250000000
74867  52.070  15.398  31.503 0.1250000000
74868  50.595  14.363  31.529 0.1250000000
75707  52.666  15.893  30.939 0.1250000000
75708  51.902  15.689  30.432 0.1250000000
74870  51.402  15.299  30.826 0.1250000000
74872  49.893  14.190  30.687 0.1250000000
75720  52.410  16.048  29.864 0.1250000000
75721  51.650  15.740  29.423 0.1250000000
75709  51.122  15.412  29.985 0.1250000000
75738  51.447  15.519  28.435 0.1250000000
75719  53.088  16.254  30.394 0.1250000000
75737  52.095  16.033  28.832 0.1250000000
132092  52.350  16.290  28.252 0.1250000000
127047  52.316  16.092  27.429 0.1250000000
59970  10.773  -3.049  75.623 0.3750000000
48611  9.379  -14.696  79.325 0.6250000000
48603  8.710  -14.453  79.313 0.6250000000
111674  7.664  -14.749  79.656 0.6250000000
48607  6.827  -15.291  78.885 0.6250000000
50364  10.154  -12.086  78.553 0.5000000000
126785  11.138  -12.663  78.566 0.6250000000
55038  18.208  -8.726  74.786 0.2500000000
54151  17.769  -8.995  75.344 0.2500000000
54143  17.196  -9.006  75.935 0.2500000000
57974  26.708  -4.011  70.852 0.5000000000
61899  33.393  -0.823  65.973 0.3750000000
60960  33.896  -1.352  65.615 0.2500000000
61898  33.949  -0.537  65.999 0.2500000000
61906  34.885  -0.224  65.137 0.2500000000
61897  34.405  -0.206  65.883 0.2500000000
61918  35.511  0.749  64.029 0.2500000000
62796  35.508  0.834  65.004 0.2500000000
65648  44.218  3.973  46.358 0.5000000000
66603  46.353  5.830  45.092 0.5000000000
66614  47.386  6.480  43.737 0.5000000000
67628  49.931  7.146  41.567 0.5000000000
70307  51.757  10.230  37.942 0.5000000000
72054  52.796  10.384  43.020 0.2500000000
73895  55.536  14.001  38.876 0.1250000000
73915  54.932  13.121  37.928 0.2500000000
72963  54.492  12.788  40.600 0.1250000000
113239  6.938  -15.287  79.398 0.6250000000
116109  16.790  -9.909  76.411 0.2500000000
60007  28.283  -2.446  68.833 0.5000000000
42079  10.537  -20.460  68.775 0.1250000000
49508  6.878  -14.799  78.743 0.6250000000
50380  5.147  -13.396  76.208 0.6250000000
49518  6.130  -13.892  77.968 0.6250000000
52166  4.326  -9.624  74.482 0.6250000000
67619  49.574  6.823  41.633 0.5000000000
61083  36.101  -1.147  55.330 0.3750000000
67634  49.091  6.853  40.377 0.3750000000
71205  50.209  10.770  36.239 0.1250000000
127758  52.633  11.388  37.016 0.6250000000
73016  52.848  12.090  36.609 0.5000000000
133614  5.773  -11.056  74.939 0.6250000000
53186  2.485  -9.134  74.873 0.3750000000
72113  53.154  11.683  37.375 0.2500000000
41092  7.549  -22.161  70.141 0.1250000000
124328  9.225  -21.675  69.239 0.1250000000
52165  5.521  -9.660  75.297 0.6250000000
57950  12.233  -4.814  76.170 0.2500000000
59019  11.732  -4.273  75.817 0.2500000000
53179  4.969  -9.117  75.999 0.3750000000
56920  14.463  -6.377  75.797 0.2500000000
55029  13.271  -7.833  77.867 0.5000000000
49513  6.564  -14.426  78.375 0.6250000000
57961  13.067  -5.351  75.293 0.2500000000
56912  11.890  -6.070  77.322 0.5000000000
52153  7.222  -10.804  77.690 0.6250000000
53163  7.330  -9.416  77.586 0.6250000000
59007  11.136  -4.698  76.803 0.5000000000
56913  11.151  -5.923  77.555 0.5000000000
54133  8.036  -8.599  77.584 0.5000000000
53164  6.669  -9.121  77.459 0.5000000000
130381  11.258  -4.379  76.471 0.3750000000
59008  10.524  -4.677  77.074 0.5000000000
56898  9.725  -6.190  77.673 0.5000000000
57927  9.415  -5.660  77.649 0.5000000000
56899  9.096  -5.921  77.724 0.3750000000
55957  8.445  -6.279  77.956 0.3750000000
124703  7.772  -6.540  78.047 0.3750000000
53169  6.059  -9.024  77.077 0.6250000000
57928  9.030  -5.224  77.690 0.3750000000
55017  6.564  -7.301  77.777 0.3750000000
53170  5.717  -8.279  76.949 0.3750000000
54136  6.071  -7.786  77.412 0.3750000000
54141  5.587  -7.811  77.086 0.3750000000
59961  10.432  -3.322  76.431 0.3750000000
57930  7.535  -5.174  78.156 0.3750000000
55962  5.850  -6.737  77.790 0.3750000000
53175  4.782  -8.512  76.280 0.3750000000
54146  5.102  -7.936  76.655 0.3750000000
53180  4.158  -8.871  75.942 0.3750000000
55026  4.802  -6.742  77.193 0.3750000000
55963  5.387  -6.102  77.596 0.3750000000
53181  3.365  -8.791  75.489 0.3750000000
132156  1.795  -9.137  74.626 0.3750000000
54144  16.684  -8.536  76.070 0.2500000000
56930  19.742  -7.383  73.784 0.2500000000
54145  15.846  -8.488  76.325 0.2500000000
124564  15.713  -9.106  76.489 0.2500000000
53166  14.407  -9.005  76.906 0.3750000000
55976  15.549  -7.237  75.923 0.2500000000
131974  15.666  -7.983  76.305 0.2500000000
55034  15.036  -8.009  76.540 0.2500000000
53167  13.988  -9.204  77.411 0.5000000000
52151  13.342  -10.464  78.054 0.5000000000
52140  12.596  -9.789  78.164 0.5000000000
112892  8.608  -13.806  78.987 0.6250000000
119156  15.013  -7.139  76.287 0.2500000000
55027  14.220  -7.578  76.795 0.2500000000
55977  14.768  -6.796  76.148 0.2500000000
54138  13.735  -8.221  77.482 0.5000000000
120383  11.937  -9.293  78.103 0.5000000000
49504  8.791  -13.054  78.730 0.6250000000
55994  14.201  -6.754  74.075 0.2500000000
56926  14.452  -6.448  74.993 0.2500000000
126604  12.080  -8.135  78.119 0.5000000000
51207  9.408  -11.643  78.303 0.5000000000
50366  8.837  -12.203  78.511 0.6250000000
128120  7.990  -13.514  78.660 0.6250000000
55019  11.991  -7.634  78.152 0.5000000000
53159  10.303  -9.461  77.777 0.5000000000
130956  9.888  -9.279  77.687 0.5000000000
52144  9.362  -10.699  77.921 0.5000000000
51208  8.449  -12.011  78.474 0.6250000000
131105  8.182  -12.601  78.521 0.6250000000
50360  7.821  -12.682  78.460 0.6250000000
50361  7.501  -13.578  78.557 0.6250000000
129890  11.941  -6.918  71.112 0.2500000000
54132  10.343  -8.049  77.821 0.5000000000
115751  9.076  -9.760  77.666 0.5000000000
115802  8.391  -11.222  78.282 0.5000000000
52146  8.291  -10.574  77.962 0.6250000000
123282  7.992  -10.933  78.129 0.6250000000
117824  10.826  -7.203  77.973 0.5000000000
55022  9.916  -7.651  77.729 0.5000000000
116230  9.154  -8.804  77.614 0.5000000000
120760  8.417  -9.952  77.687 0.5000000000
111705  11.337  -6.785  70.548 0.2500000000
55961  11.165  -6.918  78.020 0.5000000000
55954  10.397  -6.650  77.771 0.5000000000
56997  9.931  -6.208  68.829 0.2500000000
59001  8.957  -4.187  77.481 0.3750000000
57929  8.528  -5.015  77.913 0.3750000000
60915  27.673  -1.864  69.629 0.6250000000
60916  26.916  -1.797  70.109 0.6250000000
60891  10.176  -2.432  76.229 0.3750000000
60888  9.866  -2.824  76.671 0.3750000000
56903  6.301  -5.698  78.026 0.3750000000
62753  28.180  -0.274  68.681 0.3750000000
120531  28.155  -1.857  69.138 0.6250000000
60899  10.353  -2.488  75.153 0.1250000000
124514  8.288  -4.365  77.742 0.3750000000
57932  6.116  -4.992  77.823 0.3750000000
60945  28.542  -1.310  68.021 0.6250000000
133997  9.791  -2.266  76.545 0.3750000000
59055  28.419  -2.827  68.407 0.5000000000
59080  7.945  -3.142  68.439 0.1250000000
56931  18.919  -6.531  73.379 0.2500000000
56932  18.214  -6.463  73.333 0.2500000000
55983  16.520  -7.799  74.754 0.2500000000
55064  14.237  -7.152  72.108 0.2500000000
56019  13.688  -6.834  70.828 0.2500000000
59994  26.373  -2.105  70.705 0.6250000000
58998  6.884  -4.024  77.768 0.2500000000
56908  5.243  -5.339  77.262 0.3750000000
57933  5.584  -4.713  77.479 0.3750000000
117602  4.380  -6.447  76.801 0.3750000000
62764  27.957  0.491  68.501 0.3750000000
61831  9.698  -1.851  76.323 0.2500000000
59951  7.618  -2.969  77.569 0.2500000000
53187  1.723  -8.616  74.935 0.3750000000
57960  17.170  -5.794  72.944 0.2500000000
56941  16.695  -6.233  72.992 0.2500000000
56954  15.897  -6.047  72.388 0.2500000000
57993  14.828  -5.124  70.892 0.2500000000
56986  13.183  -5.932  69.682 0.2500000000
58013  13.521  -5.238  69.132 0.2500000000
110912  10.400  -5.882  66.178 0.1250000000
55032  3.218  -6.236  76.090 0.3750000000
58052  10.237  -5.272  64.866 0.1250000000
59004  5.602  -3.415  77.576 0.2500000000
122344  4.729  -4.956  76.752 0.3750000000
55964  4.960  -6.103  77.313 0.3750000000
122843  5.075  -4.938  76.947 0.3750000000
55968  4.588  -6.071  76.975 0.3750000000
55970  3.635  -5.859  76.343 0.3750000000
55031  3.846  -6.470  76.449 0.3750000000
54155  2.310  -7.000  75.542 0.3750000000
57057  12.360  -5.703  63.378 0.1250000000
131632  9.227  -1.475  76.362 0.2500000000
64501  30.771  2.125  66.920 0.2500000000
63666  32.623  1.024  66.954 0.2500000000
59987  16.444  -3.745  71.402 0.2500000000
59086  13.915  -4.552  67.491 0.2500000000
59958  4.634  -2.334  77.510 0.1250000000
59959  4.458  -2.782  77.226 0.2500000000
59006  5.095  -3.752  77.304 0.2500000000
115853  4.209  -4.984  76.504 0.2500000000
59954  5.117  -2.737  77.589 0.1250000000
59013  3.781  -3.799  76.398 0.2500000000
56915  4.011  -5.540  76.517 0.3750000000
56918  3.601  -5.217  76.241 0.2500000000
57947  3.460  -4.546  76.149 0.2500000000
55974  2.701  -6.120  75.808 0.3750000000
61825  8.428  -1.401  76.975 0.1250000000
60880  8.014  -2.379  77.432 0.2500000000
59952  6.797  -2.917  77.615 0.2500000000
55037  2.276  -6.409  75.565 0.3750000000
60956  7.684  -1.751  68.130 0.1250000000
61845  8.693  -1.023  73.466 0.1250000000
124452  8.879  -0.968  73.998 0.1250000000
55042  1.806  -6.804  75.245 0.3750000000
65320  7.341  2.478  72.520 0.1250000000
65379  6.932  3.559  67.604 0.1250000000
123744  7.265  2.243  69.110 0.1250000000
63661  7.435  1.349  68.750 0.1250000000
63675  7.549  2.046  66.965 0.1250000000
64486  7.559  2.251  70.873 0.1250000000
63649  7.558  0.863  69.846 0.1250000000
61893  7.526  -0.269  68.135 0.1250000000
61829  4.846  -1.008  77.323 0.1250000000
60889  4.210  -1.544  77.177 0.2500000000
61885  7.795  -0.568  69.068 0.1250000000
60882  6.382  -2.272  77.533 0.2500000000
61821  6.819  -1.662  77.382 0.1250000000
62735  8.439  -0.147  74.228 0.1250000000
57948  2.724  -4.562  75.848 0.3750000000
56923  1.915  -5.153  75.464 0.3750000000
66267  5.770  3.207  73.821 0.1250000000
65305  4.964  2.597  75.062 0.1250000000
65308  7.028  2.545  73.728 0.1250000000
65304  5.437  2.544  75.386 0.1250000000
65314  7.299  2.326  73.250 0.1250000000
64459  7.041  2.224  74.323 0.1250000000
65300  5.953  2.346  75.673 0.1250000000
63609  3.893  1.094  75.830 0.1250000000
64446  7.101  1.429  75.286 0.1250000000
116591  5.972  1.932  76.061 0.1250000000
63611  7.501  0.915  75.049 0.1250000000
63600  6.042  1.200  76.236 0.1250000000
132409  5.391  0.310  76.593 0.1250000000
62724  4.583  0.711  76.447 0.1250000000
63621  8.268  0.937  72.619 0.1250000000
63598  7.415  0.461  75.967 0.1250000000
62723  6.482  0.494  76.307 0.1250000000
62719  4.707  -0.178  76.680 0.1250000000
60890  3.847  -1.589  76.717 0.2500000000
63613  8.079  0.417  74.315 0.1250000000
62728  7.921  0.121  75.866 0.1250000000
61828  5.479  -0.886  77.265 0.1250000000
62717  6.495  -0.211  76.643 0.1250000000
133463  8.513  -0.065  73.250 0.1250000000
64513  33.209  2.586  67.048 0.1250000000
57001  -0.195  -4.850  69.473 0.3750000000
63663  34.543  1.058  66.557 0.2500000000
60935  16.434  -2.531  69.605 0.2500000000
61838  3.066  -0.822  75.366 0.2500000000
59021  2.415  -3.587  75.438 0.2500000000
59971  2.421  -3.171  75.037 0.2500000000
58005  -0.415  -5.134  70.366 0.3750000000
63679  35.003  1.044  66.142 0.2500000000
58018  -0.484  -4.529  70.099 0.3750000000
61847  2.388  -1.456  72.782 0.2500000000
66339  34.641  3.897  65.751 0.1250000000
64536  35.719  2.284  65.108 0.2500000000
64535  35.934  2.103  64.365 0.2500000000
66627  46.144  5.738  43.476 0.5000000000
61082  37.498  -1.261  55.443 0.5000000000
133431  52.561  10.123  44.054 0.2500000000
72951  53.050  11.122  42.819 0.1250000000
73859  53.436  12.754  43.682 0.1250000000
72956  53.570  11.839  42.066 0.1250000000
74775  53.538  13.350  43.535 0.1250000000
74761  52.650  13.645  44.682 0.1250000000
76426  52.020  15.092  45.048 0.1250000000
75632  55.266  14.197  40.078 0.1250000000
74836  55.558  14.193  37.893 0.1250000000
73924  55.436  14.009  37.009 0.2500000000
110830  53.105  12.921  36.185 0.5000000000
73931  53.403  13.610  35.726 0.5000000000
73933  51.364  12.665  35.246 0.2500000000
73020  50.560  12.476  34.982 0.1250000000
74845  55.592  14.555  36.795 0.2500000000
73929  53.854  13.448  36.245 0.2500000000
72136  47.923  11.398  33.258 0.1250000000
73041  48.176  11.405  30.889 0.1250000000
74856  53.856  14.868  34.404 0.3750000000
74863  51.165  14.142  33.010 0.1250000000
73945  49.206  13.317  31.495 0.1250000000
73966  49.802  13.110  29.152 0.1250000000
74860  53.548  15.134  33.661 0.2500000000
120535  51.770  14.883  32.207 0.1250000000
75722  50.926  15.273  29.011 0.1250000000
75739  50.973  14.725  28.150 0.1250000000
118597  50.537  14.926  29.557 0.1250000000
75703  52.951  15.650  31.951 0.1250000000
75698  54.054  15.612  33.191 0.2500000000
124522  51.286  14.873  31.534 0.1250000000
74871  50.634  14.839  30.563 0.1250000000
75747  51.878  15.770  27.884 0.1250000000
116169  52.009  15.278  27.071 0.1250000000
76564  53.514  16.558  29.966 0.1250000000
75736  52.840  16.388  29.158 0.1250000000
76577  53.433  16.745  28.880 0.1250000000
130379  25.640  -3.068  71.364 0.5000000000
57975  25.796  -4.523  71.082 0.5000000000
61848  25.672  -1.093  71.102 0.2500000000
60908  25.218  -1.616  71.550 0.3750000000
116566  24.862  -2.076  71.753 0.3750000000
113443  25.143  -2.871  71.545 0.3750000000
59037  24.521  -3.088  71.371 0.3750000000
111391  23.429  -3.572  70.891 0.3750000000
60918  23.263  -1.598  71.035 0.2500000000
61862  22.524  -0.889  70.268 0.1250000000
59058  20.581  -3.045  69.538 0.1250000000
58012  19.917  -4.198  69.425 0.1250000000
60933  18.638  -2.582  69.012 0.1250000000
59997  21.022  -1.945  69.918 0.1250000000
61871  19.977  -0.973  69.311 0.1250000000
60921  17.551  -3.083  69.745 0.1250000000
61881  18.017  -1.418  68.529 0.1250000000
61873  17.116  -1.861  68.693 0.1250000000
60963  15.918  -2.355  68.033 0.1250000000
62766  20.319  -0.010  68.821 0.1250000000
62777  18.842  -0.770  68.014 0.1250000000
130639  17.634  -1.574  67.434 0.1250000000
61911  16.744  -2.135  67.210 0.1250000000
63683  20.297  0.188  67.198 0.1250000000
62801  18.994  -0.986  67.034 0.1250000000
62789  18.145  -1.418  67.243 0.1250000000
60978  17.819  -2.250  65.794 0.1250000000
61920  19.497  -1.209  65.656 0.1250000000
61935  18.527  -1.927  65.527 0.1250000000
60988  17.943  -2.437  65.046 0.1250000000
60996  20.923  -1.742  62.998 0.1250000000
61945  19.546  -1.957  64.374 0.1250000000
60987  18.690  -2.239  64.712 0.1250000000
60066  18.002  -2.692  64.213 0.1250000000
60997  20.012  -2.195  63.517 0.1250000000
61004  19.671  -2.537  63.146 0.1250000000
53305  2.828  -9.511  59.734 0.3750000000
53292  3.270  -9.350  60.432 0.3750000000
53304  3.628  -9.286  59.943 0.3750000000
56084  2.649  -6.288  63.299 0.2500000000
56085  1.922  -5.737  63.299 0.1250000000
56102  2.021  -5.709  62.627 0.2500000000
127876  1.505  -5.165  62.262 0.1250000000
56101  2.773  -6.343  62.518 0.2500000000
113896  2.433  -5.794  62.045 0.2500000000
56114  3.712  -6.973  61.603 0.1250000000
56115  3.017  -6.275  61.847 0.2500000000
53291  3.934  -8.888  60.724 0.3750000000
54257  4.146  -8.213  61.071 0.2500000000
54267  4.436  -8.433  60.331 0.1250000000
55163  4.185  -7.556  61.113 0.2500000000
57061  0.931  -4.800  63.527 0.2500000000
57073  0.608  -4.755  62.829 0.1250000000
132645  2.810  -6.374  63.913 0.3750000000
56069  2.371  -5.943  63.913 0.3750000000
56116  1.949  -5.243  61.836 0.2500000000
117549  2.566  -5.487  61.441 0.2500000000
56124  3.994  -6.655  60.838 0.1250000000
56125  3.251  -6.063  61.136 0.2500000000
125925  4.493  -7.924  60.590 0.2500000000
118254  1.766  -5.100  64.743 0.2500000000
57047  1.242  -4.683  64.377 0.2500000000
57060  1.671  -5.305  63.884 0.2500000000
126959  0.087  -4.449  62.730 0.1250000000
57075  -0.354  -4.237  62.225 0.1250000000
57046  2.359  -5.604  64.633 0.2500000000
56103  0.959  -4.834  62.235 0.1250000000
56117  1.365  -4.806  61.603 0.1250000000
56127  1.018  -4.644  60.863 0.1250000000
132820  2.101  -4.883  60.323 0.1250000000
56126  1.897  -4.880  60.989 0.1250000000
56134  3.356  -5.886  60.316 0.1250000000
59166  32.703  -3.335  57.950 0.3750000000
121120  32.352  -3.020  57.155 0.3750000000
119796  32.492  -4.723  56.706 0.2500000000
58150  32.135  -3.736  56.661 0.2500000000
59028  0.232  -4.377  73.116 0.2500000000
58042  0.776  -4.335  66.014 0.2500000000
58055  -0.203  -3.632  65.969 0.2500000000
129456  -0.044  -3.597  65.264 0.2500000000
58063  -0.123  -3.494  64.539 0.1250000000
57034  1.420  -4.697  65.365 0.2500000000
58062  0.320  -3.806  64.711 0.2500000000
57049  0.069  -3.954  63.855 0.2500000000
57063  -0.192  -4.114  63.068 0.1250000000
58081  -0.572  -3.760  62.715 0.1250000000
57033  2.292  -5.314  65.612 0.2500000000
57082  -0.072  -4.452  61.519 0.1250000000
57090  -0.360  -4.374  60.972 0.1250000000
56118  0.657  -4.609  61.516 0.1250000000
57089  0.228  -4.529  60.866 0.1250000000
129965  2.592  -4.735  59.585 0.1250000000
56146  2.737  -5.166  59.955 0.1250000000
124528  3.563  -5.626  59.627 0.1250000000
60112  32.523  -2.302  57.522 0.3750000000
59047  -0.482  -4.090  71.554 0.2500000000
118432  -0.177  -3.481  71.180 0.2500000000
59054  -0.568  -3.959  70.868 0.2500000000
60967  -0.521  -1.925  66.756 0.2500000000
60985  -0.395  -1.403  66.082 0.2500000000
115857  -0.390  -1.564  65.620 0.1250000000
59098  -0.511  -2.630  66.405 0.2500000000
60053  -0.479  -2.054  66.173 0.1250000000
115251  -0.421  -1.957  65.376 0.1250000000
58064  -0.413  -2.986  64.381 0.1250000000
58044  -0.293  -3.658  66.800 0.2500000000
58043  0.094  -4.050  66.479 0.2500000000
59105  -0.438  -2.580  65.548 0.2500000000
59113  -0.381  -2.259  64.569 0.1250000000
58070  -0.295  -3.575  63.601 0.1250000000
58093  -0.830  -3.902  61.966 0.1250000000
121156  -0.987  -3.902  61.311 0.1250000000
57098  -0.265  -4.374  60.378 0.1250000000
57095  1.857  -4.664  59.846 0.1250000000
57096  1.022  -4.550  59.835 0.1250000000
57088  0.480  -4.567  60.173 0.1250000000
57103  2.932  -4.526  59.074 0.1250000000
57104  2.115  -4.306  59.299 0.1250000000
57105  1.197  -4.268  59.372 0.1250000000
60004  0.231  -2.841  70.757 0.2500000000
60005  -0.365  -3.367  70.370 0.2500000000
132981  -0.576  -3.914  70.415 0.2500000000
114822  0.136  0.283  66.910 0.1250000000
111660  -0.143  0.461  66.352 0.1250000000
60016  0.015  -2.557  70.063 0.2500000000
59064  -0.536  -3.826  69.908 0.2500000000
61904  -0.119  -0.583  66.760 0.1250000000
60976  -0.309  -1.104  66.432 0.1250000000
60024  -0.281  -2.876  69.460 0.2500000000
124207  -0.398  -3.411  69.112 0.2500000000
60039  -0.555  -2.562  67.191 0.2500000000
60966  -0.396  -1.527  67.092 0.2500000000
61917  -0.330  -0.196  66.095 0.1250000000
61929  -0.279  -0.385  65.031 0.1250000000
59081  -0.361  -3.397  68.392 0.2500000000
124527  -0.445  -3.064  67.581 0.2500000000
59089  -0.494  -3.073  66.936 0.2500000000
60994  -0.301  -1.041  65.324 0.1250000000
60071  -0.060  -1.452  63.878 0.1250000000
60081  -0.391  -2.530  62.532 0.1250000000
58071  -0.551  -3.180  63.238 0.1250000000
58082  -0.793  -3.377  62.397 0.1250000000
60090  -0.719  -2.772  61.828 0.1250000000
128108  -1.002  -3.714  60.557 0.1250000000
130422  -1.010  -3.059  60.486 0.1250000000
58124  -0.251  -4.012  59.260 0.1250000000
58125  -0.609  -3.635  59.271 0.1250000000
57116  2.514  -3.982  58.750 0.1250000000
58123  0.490  -3.867  58.856 0.1250000000
58137  -0.209  -3.440  58.754 0.1250000000
59168  0.207  -2.861  58.389 0.1250000000
59169  -0.296  -2.694  58.636 0.1250000000
60115  0.079  -2.084  58.334 0.1250000000
62772  1.187  0.595  68.838 0.1250000000
62780  0.805  0.685  68.322 0.1250000000
62781  0.387  0.766  67.549 0.1250000000
61895  0.512  -0.299  68.105 0.1250000000
63677  0.061  1.997  67.389 0.1250000000
61886  0.913  -0.369  68.880 0.2500000000
61896  0.190  -0.411  67.415 0.2500000000
62795  0.053  1.203  66.784 0.1250000000
60942  0.062  -2.166  69.489 0.2500000000
60958  -0.036  -1.157  68.031 0.2500000000
111421  -0.189  -1.169  67.415 0.2500000000
60031  -0.341  -2.692  68.547 0.2500000000
60038  -0.468  -2.628  67.784 0.2500000000
117372  -0.439  -1.847  67.893 0.2500000000
122160  -0.194  0.230  64.888 0.1250000000
60993  -0.134  -0.877  64.453 0.1250000000
60080  0.204  -1.913  63.042 0.1250000000
62836  0.654  0.147  63.819 0.1250000000
62845  1.197  -0.350  62.926 0.1250000000
61008  0.525  -1.506  62.653 0.1250000000
60089  -0.120  -2.245  61.979 0.1250000000
61958  0.649  -0.995  62.178 0.1250000000
117942  -0.703  -2.677  61.198 0.1250000000
61016  0.161  -1.624  61.540 0.1250000000
114626  -0.335  -2.115  61.120 0.1250000000
60097  -0.638  -2.361  60.430 0.1250000000
59151  -0.876  -3.333  59.701 0.1250000000
58136  1.080  -3.379  58.498 0.1250000000
60110  -0.746  -2.596  59.262 0.1250000000
61058  -0.219  -1.519  58.415 0.1250000000
69380  51.380  7.311  48.309 0.2500000000
68466  51.370  6.724  49.026 0.1250000000
69379  51.599  7.710  47.724 0.2500000000
68478  51.083  6.804  48.207 0.3750000000
61056  0.650  -1.698  57.981 0.1250000000
61057  0.098  -1.279  58.130 0.1250000000
68477  51.470  7.184  47.387 0.2500000000
133171  0.420  -2.001  69.824 0.2500000000
61877  1.175  -0.854  69.511 0.2500000000
113179  0.227  2.711  68.503 0.1250000000
60950  0.582  -1.461  69.272 0.2500000000
60957  0.410  -1.089  68.592 0.2500000000
60951  -0.091  -1.917  68.755 0.2500000000
121646  -0.224  1.376  66.170 0.1250000000
62809  -0.328  0.683  65.810 0.1250000000
114488  -0.346  0.104  65.480 0.1250000000
61965  0.363  -1.065  60.967 0.1250000000
69369  51.532  7.004  50.564 0.1250000000
67526  51.639  6.179  50.429 0.1250000000
67527  51.324  5.667  51.089 0.1250000000
116805  51.456  8.171  49.225 0.1250000000
69374  51.485  7.464  49.147 0.1250000000
67539  51.538  6.066  49.673 0.1250000000
67540  51.311  5.505  50.274 0.1250000000
67549  51.021  5.579  49.579 0.1250000000
70249  51.699  8.256  47.555 0.1250000000
67548  51.033  6.238  48.991 0.2500000000
69384  51.847  7.711  46.974 0.1250000000
122497  52.219  8.404  45.229 0.2500000000
69391  52.045  7.800  46.029 0.2500000000
61990  37.629  0.766  58.358 0.2500000000
118239  51.266  7.705  50.618 0.1250000000
69368  51.597  7.761  49.926 0.1250000000
68450  51.683  6.802  49.822 0.1250000000
126374  50.614  4.813  51.674 0.1250000000
64667  49.431  2.965  51.359 0.2500000000
124177  50.872  4.909  50.950 0.1250000000
71097  51.215  9.271  48.715 0.1250000000
70250  51.478  8.805  48.175 0.1250000000
130072  51.409  9.097  46.790 0.1250000000
71105  51.248  9.181  47.855 0.1250000000
71125  52.341  9.624  44.568 0.1250000000
71112  51.831  9.266  45.713 0.1250000000
70255  51.911  8.284  46.713 0.1250000000
70265  52.365  9.120  44.446 0.1250000000
122654  52.208  8.930  45.401 0.1250000000
70261  52.077  8.416  45.969 0.2500000000
128412  48.953  2.949  52.463 0.2500000000
62911  48.171  1.493  52.484 0.3750000000
62912  47.763  1.044  52.228 0.5000000000
64659  49.364  3.015  51.967 0.2500000000
63788  49.099  2.440  51.710 0.3750000000
63786  48.643  1.957  52.076 0.3750000000
70234  51.327  8.643  49.544 0.1250000000
119881  50.996  5.295  51.621 0.1250000000
122681  49.672  3.753  52.024 0.2500000000
63789  48.750  1.994  51.585 0.3750000000
62916  47.827  1.016  51.699 0.5000000000
71083  51.075  9.072  49.627 0.1250000000
71084  50.744  9.295  49.962 0.1250000000
70235  51.093  8.511  50.179 0.1250000000
71958  50.602  10.135  49.349 0.1250000000
71953  50.519  10.025  49.831 0.1250000000
71113  51.384  9.392  46.098 0.1250000000
71989  50.993  9.516  48.403 0.1250000000
71990  50.660  9.645  47.756 0.1250000000
71972  50.272  10.360  48.605 0.1250000000
71974  49.059  10.846  48.130 0.1250000000
72010  51.016  9.531  46.354 0.1250000000
125155  50.584  9.825  46.233 0.1250000000
71991  50.088  9.883  47.508 0.1250000000
71992  49.409  10.283  47.356 0.1250000000
72033  49.397  10.516  45.790 0.1250000000
62031  46.256  0.908  53.783 0.5000000000
111037  38.249  -1.253  55.748 0.3750000000
63785  48.868  2.465  52.256 0.3750000000
111727  49.998  4.515  52.103 0.1250000000
71946  50.187  9.672  50.426 0.1250000000
72884  49.962  11.061  48.997 0.1250000000
72852  50.298  10.718  49.705 0.1250000000
72868  49.555  11.548  49.326 0.1250000000
72838  49.501  10.915  50.858 0.1250000000
70298  51.363  9.700  38.217 0.6250000000
70299  50.841  9.179  38.388 0.6250000000
60012  18.144  -3.407  69.761 0.1250000000
60932  19.920  -1.903  69.263 0.1250000000
61863  21.952  -1.119  69.719 0.1250000000
59996  21.930  -2.134  70.180 0.1250000000
63648  21.183  0.271  68.877 0.1250000000
63647  22.083  0.598  69.219 0.1250000000
62756  22.148  0.142  69.678 0.1250000000
63634  27.425  0.853  68.932 0.2500000000
59059  18.734  -3.830  69.905 0.1250000000
61849  24.988  -0.804  71.501 0.2500000000
114124  19.373  -1.652  68.997 0.1250000000
60910  24.191  -1.731  71.760 0.3750000000
121846  23.534  0.034  71.258 0.2500000000
62750  21.739  -0.468  69.519 0.1250000000
110793  20.889  -0.521  69.269 0.1250000000
111155  22.932  -0.282  70.690 0.1250000000
58001  22.048  -3.802  70.173 0.2500000000
63655  21.776  0.691  68.643 0.1250000000
58149  32.616  -4.076  57.309 0.3750000000
63794  49.139  2.485  51.247 0.3750000000
65584  50.232  4.312  50.589 0.2500000000
122065  51.091  6.820  47.522 0.2500000000
57045  2.827  -5.927  65.261 0.2500000000
61070  32.693  -0.964  56.499 0.2500000000
60117  32.340  -1.894  56.837 0.2500000000
66551  50.712  4.964  50.106 0.1250000000
60907  25.829  -1.904  71.123 0.5000000000
62745  26.568  -0.043  69.930 0.2500000000
62755  27.043  0.422  69.426 0.2500000000
63635  26.914  1.213  69.363 0.2500000000
62746  25.886  0.336  70.463 0.1250000000
60044  14.622  -3.382  66.994 0.1250000000
60043  15.088  -2.991  66.737 0.1250000000
60954  15.825  -2.391  68.581 0.1250000000
61883  16.138  -2.253  68.680 0.1250000000
61874  16.355  -2.241  69.006 0.1250000000
128148  15.520  -2.517  67.721 0.1250000000
113821  19.068  -4.232  70.380 0.1250000000
57965  0.107  -5.158  73.277 0.2500000000
60934  17.191  -2.560  69.413 0.1250000000
130204  16.895  -2.222  69.136 0.1250000000
61860  25.426  -0.307  71.010 0.3750000000
133576  24.864  -2.965  71.518 0.3750000000
61850  24.290  -0.524  71.692 0.2500000000
57977  24.681  -4.012  71.297 0.3750000000
57990  23.894  -4.206  70.990 0.3750000000
59038  23.818  -2.945  71.105 0.3750000000
59983  24.110  -2.321  71.471 0.3750000000
56964  23.686  -4.963  70.650 0.3750000000
59984  23.521  -2.260  71.064 0.3750000000
59039  23.057  -2.898  70.771 0.3750000000
61861  23.017  -0.910  70.958 0.2500000000
62742  23.286  0.054  70.931 0.2500000000
121757  23.622  -1.101  71.483 0.3750000000
62749  22.439  -0.196  70.068 0.1250000000
60919  22.602  -1.534  70.477 0.1250000000
133579  20.537  -1.896  69.662 0.1250000000
60009  21.222  -2.548  69.935 0.2500000000
59069  20.756  -3.659  69.448 0.2500000000
60019  19.685  -3.353  69.117 0.1250000000
59071  19.408  -3.947  69.637 0.1250000000
59070  20.075  -3.649  69.265 0.1250000000
60011  19.159  -2.952  69.041 0.1250000000
119207  18.183  -2.196  69.027 0.1250000000
60931  20.843  -1.509  69.647 0.1250000000
61870  20.938  -0.979  69.473 0.1250000000
60920  21.863  -1.571  69.881 0.2500000000
124420  20.153  -1.283  69.455 0.1250000000
62767  18.921  -0.896  68.472 0.1250000000
62758  19.909  -0.519  68.966 0.1250000000
116227  17.691  -1.938  68.931 0.1250000000
62768  18.230  -1.147  68.141 0.1250000000
61872  18.910  -1.377  68.816 0.1250000000
61882  16.653  -1.988  68.383 0.1250000000
61890  17.459  -1.552  68.160 0.1250000000
113197  16.066  -2.374  67.463 0.1250000000
61902  16.577  -2.122  67.668 0.1250000000
61892  16.326  -2.189  68.191 0.1250000000
62765  20.894  0.019  69.027 0.1250000000
63657  20.208  0.155  68.419 0.1250000000
62776  19.525  -0.278  67.932 0.1250000000
62787  19.584  -0.344  67.389 0.1250000000
62788  18.850  -0.884  67.533 0.1250000000
61891  17.101  -1.782  67.779 0.1250000000
61909  17.762  -1.673  66.988 0.1250000000
62778  18.021  -1.311  67.697 0.1250000000
61910  17.292  -1.911  67.007 0.1250000000
61901  17.317  -1.789  67.311 0.1250000000
60972  16.170  -2.403  66.847 0.1250000000
63670  20.153  0.236  67.811 0.1250000000
62800  19.750  -0.422  66.791 0.1250000000
62814  20.081  -0.579  66.091 0.1250000000
62815  19.231  -1.054  66.422 0.1250000000
61922  18.266  -1.820  66.151 0.1250000000
61921  18.801  -1.500  66.032 0.1250000000
61923  17.672  -1.974  66.546 0.1250000000
60056  17.382  -2.744  64.611 0.1250000000
61933  20.022  -1.335  64.815 0.1250000000
131337  18.972  -1.565  65.613 0.1250000000
61934  19.160  -1.662  65.136 0.1250000000
61944  20.585  -1.660  63.995 0.1250000000
53303  4.186  -8.977  60.002 0.2500000000
56135  2.675  -5.303  60.669 0.1250000000
57123  32.316  -5.327  56.079 0.2500000000
56136  1.377  -4.721  60.304 0.1250000000
58054  0.264  -3.901  65.602 0.2500000000
59104  -0.426  -3.137  66.208 0.2500000000
60984  -0.345  -0.669  65.780 0.1250000000
60062  -0.284  -1.552  64.702 0.1250000000
60072  -0.231  -2.131  63.588 0.1250000000
130993  -0.678  -4.010  59.901 0.1250000000
57106  0.399  -4.333  59.499 0.1250000000
57117  1.527  -3.836  58.879 0.1250000000
60999  0.392  -1.121  63.626 0.1250000000
60104  -0.846  -2.703  59.840 0.1250000000
60116  -0.355  -1.994  58.642 0.1250000000
60114  0.722  -2.380  58.185 0.1250000000
63690  -0.162  2.162  66.658 0.1250000000
62828  0.059  0.605  64.529 0.1250000000
61949  0.861  -0.718  63.316 0.1250000000
62008  -0.257  -0.899  58.363 0.1250000000
69373  51.520  8.101  48.445 0.2500000000
69353  51.044  7.315  51.280 0.1250000000
123546  51.289  6.496  51.252 0.1250000000
70242  51.429  8.827  48.963 0.1250000000
70256  51.555  8.757  47.261 0.1250000000
65555  50.139  4.186  51.380 0.2500000000
116126  51.068  9.333  47.285 0.1250000000
72009  52.025  9.964  45.065 0.1250000000
71104  51.815  8.780  46.338 0.1250000000
116767  49.226  3.407  52.408 0.2500000000
71090  51.162  9.219  49.233 0.1250000000
71074  50.416  8.852  50.678 0.1250000000
71970  50.930  9.625  49.040 0.1250000000
71959  50.308  10.679  49.214 0.1250000000
71971  50.623  9.997  48.842 0.1250000000
72885  49.372  11.301  48.819 0.1250000000
71973  49.742  10.628  48.358 0.1250000000
72886  48.639  11.465  48.619 0.1250000000
72011  49.766  9.979  46.347 0.1250000000
72867  50.007  11.200  49.501 0.1250000000
60010  20.343  -2.410  69.447 0.1250000000
59050  22.085  -2.925  70.473 0.1250000000
119469  21.542  0.732  68.044 0.1250000000
63638  22.380  0.526  69.639 0.1250000000
63629  22.621  0.412  70.073 0.1250000000
120124  24.045  -1.002  71.769 0.3750000000
63627  23.528  0.873  70.580 0.2500000000
62741  23.936  0.208  71.450 0.2500000000
58009  21.610  -4.427  69.519 0.2500000000
59049  22.729  -3.479  70.584 0.2500000000
59057  21.334  -3.225  69.888 0.2500000000
58002  19.495  -4.461  70.019 0.1250000000
59995  22.756  -2.221  70.639 0.2500000000
39435  -3.132  -24.433  72.448 0.1250000000
133407  -2.340  -23.768  68.706 0.1250000000
41097  -3.365  -22.543  70.683 0.1250000000
40215  -2.453  -23.235  68.829 0.1250000000
40202  -2.966  -23.207  69.561 0.1250000000
121809  -1.742  -22.834  67.635 0.1250000000
40214  -2.054  -23.462  68.163 0.1250000000
42095  -2.627  -21.665  69.361 0.1250000000
41128  -2.574  -22.446  69.076 0.1250000000
120670  -1.303  -22.735  67.059 0.1250000000
41127  -2.107  -22.483  68.167 0.1250000000
41181  -0.644  -22.273  65.093 0.1250000000
42123  -0.787  -21.651  66.182 0.2500000000
117276  -0.952  -21.742  66.624 0.2500000000
41168  -0.878  -22.095  65.957 0.1250000000
41192  -0.579  -22.059  64.566 0.2500000000
42137  -0.542  -21.724  64.479 0.2500000000
41191  -0.335  -22.141  63.703 0.2500000000
41205  0.293  -22.450  62.305 0.1250000000
42136  -0.364  -21.615  63.561 0.2500000000
42143  -0.017  -21.922  62.660 0.2500000000
112505  -0.085  -22.058  63.033 0.2500000000
42149  0.024  -21.938  61.186 0.1250000000
42157  -0.321  -22.293  60.472 0.1250000000
42156  -0.115  -21.725  60.347 0.1250000000
50467  28.021  -12.448  63.584 0.1250000000
54239  27.154  -8.323  62.575 0.1250000000
53268  27.660  -9.394  62.930 0.1250000000
120343  27.969  -10.960  62.893 0.1250000000
51294  28.035  -11.684  63.273 0.1250000000
52248  27.573  -10.191  62.561 0.1250000000
49623  27.322  -12.846  62.238 0.1250000000
122823  27.408  -7.749  63.334 0.1250000000
55129  26.627  -6.402  62.504 0.1250000000
123005  11.729  -19.364  68.882 0.2500000000
120007  11.944  -17.147  67.986 0.2500000000
43900  11.645  -18.935  68.288 0.2500000000
43907  11.503  -18.179  67.620 0.2500000000
47736  24.316  -15.687  65.519 0.3750000000
111721  24.940  -15.734  65.002 0.3750000000
130362  24.218  -15.814  64.683 0.1250000000
47767  23.319  -15.638  63.373 0.1250000000
44777  11.692  -17.921  68.629 0.2500000000
111342  23.534  -15.746  65.187 0.3750000000
111716  22.807  -15.688  64.782 0.2500000000
116054  22.829  -15.623  64.024 0.1250000000
126500  21.671  -15.298  63.764 0.2500000000
60129  34.103  -1.227  53.568 0.2500000000
111980  33.860  -1.231  52.967 0.2500000000
62025  45.493  0.829  54.481 0.3750000000
61090  44.743  0.579  54.072 0.5000000000
61176  36.636  0.358  49.613 0.1250000000
62882  45.984  1.330  55.991 0.2500000000
62883  45.266  1.031  56.326 0.2500000000
63751  44.276  1.390  57.359 0.1250000000
62877  43.963  0.787  57.443 0.1250000000
117592  48.225  2.107  53.307 0.2500000000
62904  47.886  1.728  53.632 0.2500000000
62892  46.876  1.483  55.194 0.2500000000
118513  46.455  1.106  55.060 0.2500000000
62894  45.794  1.083  55.963 0.2500000000
62884  44.664  0.829  56.720 0.2500000000
61998  44.655  0.738  56.631 0.2500000000
62000  43.599  0.238  57.293 0.2500000000
61044  42.983  0.055  56.590 0.2500000000
62908  48.045  1.545  53.128 0.2500000000
62909  47.650  1.120  52.891 0.2500000000
62023  46.694  1.088  54.151 0.2500000000
62016  46.398  1.061  54.984 0.2500000000
62010  45.730  1.068  55.856 0.2500000000
111855  45.262  0.828  56.011 0.3750000000
62011  44.513  0.502  56.427 0.3750000000
61061  43.191  0.004  55.872 0.3750000000
61062  42.458  -0.422  55.955 0.3750000000
61078  42.087  -1.096  55.409 0.3750000000
62029  47.124  0.988  53.361 0.3750000000
62024  46.143  0.984  54.786 0.3750000000
62018  45.341  0.764  55.094 0.3750000000
61075  44.704  0.575  54.894 0.5000000000
61076  43.915  0.266  55.202 0.3750000000
64625  47.534  2.590  54.649 0.2500000000
63775  47.836  2.265  53.971 0.2500000000
63776  47.403  1.883  54.663 0.2500000000
62902  47.026  1.268  54.461 0.2500000000
64648  48.585  2.580  52.845 0.2500000000
62022  46.877  1.086  53.985 0.2500000000
61045  42.035  -0.067  56.612 0.3750000000
131750  40.969  -1.197  55.841 0.5000000000
61079  41.252  -1.231  55.405 0.3750000000
62969  44.268  0.801  45.663 0.2500000000
116188  43.658  1.248  45.193 0.2500000000
64726  43.747  3.048  46.103 0.3750000000
63838  43.835  1.719  45.940 0.2500000000
116562  43.405  2.402  45.620 0.2500000000
65649  44.026  4.342  45.523 0.2500000000
66617  44.861  5.090  44.735 0.2500000000
65657  43.999  4.621  44.666 0.1250000000
64732  43.420  3.646  45.328 0.1250000000
112444  43.930  4.732  43.959 0.1250000000
130773  45.866  5.477  43.092 0.2500000000
132172  44.894  4.818  43.649 0.1250000000
65665  46.192  5.798  42.766 0.2500000000
65674  45.630  5.138  42.785 0.1250000000
124941  44.503  4.569  43.100 0.1250000000
65666  43.463  4.603  43.564 0.1250000000
117182  -0.099  -21.379  62.973 0.2500000000
42142  0.212  -21.743  62.169 0.2500000000
128400  27.795  -8.719  63.358 0.1250000000
61077  43.345  -0.028  55.397 0.3750000000
115541  42.820  -0.667  55.326 0.5000000000
40188  -3.365  -23.597  71.947 0.1250000000
112148  -3.512  -23.020  71.207 0.1250000000
41110  -3.098  -22.360  69.927 0.1250000000
41143  -1.628  -22.169  67.371 0.1250000000
118910  -0.569  -21.521  65.182 0.2500000000
42130  -0.661  -21.824  65.352 0.2500000000
42040  3.132  -21.329  73.514 0.2500000000
66628  45.622  5.211  43.661 0.3750000000
40194  -3.326  -23.163  70.375 0.1250000000
41180  -0.317  -22.485  64.235 0.2500000000
53269  27.250  -9.294  62.141 0.1250000000
61997  45.229  0.918  56.209 0.2500000000
61982  44.225  0.628  57.105 0.1250000000
62876  44.247  0.907  57.207 0.1250000000
61983  43.836  0.455  57.429 0.1250000000
62009  46.078  1.105  55.514 0.2500000000
61999  44.236  0.398  56.929 0.2500000000
61043  43.811  0.220  56.567 0.3750000000
61059  44.666  0.545  55.673 0.3750000000
61060  43.909  0.236  55.878 0.3750000000
61063  41.536  -1.028  56.124 0.3750000000
65658  43.146  4.063  44.507 0.1250000000
56004  25.640  -5.347  70.832 0.3750000000
56113  26.429  -5.920  61.753 0.1250000000
57976  25.395  -4.183  71.294 0.2500000000
56962  25.028  -5.382  70.921 0.3750000000
56014  25.388  -6.077  70.632 0.3750000000
56015  24.755  -6.315  70.566 0.3750000000
56111  27.212  -5.929  61.559 0.1250000000
119696  25.052  -4.645  71.205 0.2500000000
56963  24.274  -5.619  70.692 0.3750000000
63619  24.454  0.580  71.088 0.1250000000
64471  24.898  1.566  70.086 0.1250000000
63626  24.370  1.075  70.631 0.1250000000
57991  22.981  -4.263  70.581 0.2500000000
56975  22.852  -5.115  70.245 0.2500000000
63654  29.014  1.632  67.539 0.1250000000
58000  22.302  -4.573  70.042 0.2500000000
56034  22.315  -6.030  69.060 0.2500000000
65360  30.363  3.200  66.924 0.1250000000
126400  21.306  -3.845  69.580 0.1250000000
56993  21.451  -5.615  68.504 0.1250000000
61844  2.481  -1.623  73.636 0.1250000000
65375  31.047  3.746  66.655 0.1250000000
56995  20.794  -5.588  68.367 0.1250000000
62732  3.457  0.516  75.539 0.1250000000
132214  2.279  -0.061  73.991 0.1250000000
61856  2.295  -1.196  71.865 0.1250000000
61846  2.295  -0.446  72.587 0.1250000000
60927  1.898  -1.871  71.338 0.1250000000
60928  1.023  -2.398  71.047 0.1250000000
132537  3.228  0.546  75.088 0.1250000000
63615  3.040  1.267  74.349 0.1250000000
63612  2.945  0.610  74.685 0.1250000000
112207  2.525  0.712  74.013 0.1250000000
62739  2.288  0.226  73.333 0.1250000000
61866  1.962  -0.928  70.962 0.1250000000
60940  1.382  -1.659  70.574 0.1250000000
65392  35.657  3.159  64.977 0.1250000000
62752  2.366  0.747  71.376 0.1250000000
63633  1.906  0.204  70.529 0.1250000000
62761  1.489  0.114  69.458 0.1250000000
65391  36.025  2.772  64.336 0.1250000000
64546  36.249  2.383  63.604 0.1250000000
64545  36.573  2.438  62.945 0.1250000000
64552  36.784  2.351  62.528 0.1250000000
63706  37.185  2.260  61.897 0.1250000000
63716  36.953  1.893  61.889 0.1250000000
63725  38.804  2.087  60.892 0.1250000000
66349  35.494  3.889  64.757 0.1250000000
65402  35.998  3.558  64.232 0.1250000000
65401  36.377  3.158  63.551 0.1250000000
65409  36.918  3.520  62.814 0.1250000000
65408  37.021  2.885  62.569 0.1250000000
64551  37.355  2.768  61.923 0.1250000000
62003  40.777  0.135  57.369 0.3750000000
66360  35.837  4.220  64.004 0.1250000000
66359  36.411  3.902  63.439 0.1250000000
66370  36.817  4.220  62.790 0.1250000000
64562  37.857  2.501  61.151 0.1250000000
63735  39.514  1.884  60.385 0.1250000000
67320  35.981  5.022  63.017 0.1250000000
67319  36.558  4.701  62.621 0.1250000000
66369  37.251  4.003  62.379 0.1250000000
65420  37.447  3.486  62.026 0.1250000000
65419  37.778  3.097  61.068 0.1250000000
64568  38.920  2.246  60.921 0.1250000000
64567  39.828  2.696  60.387 0.1250000000
61046  41.129  -0.375  56.778 0.3750000000
131068  45.943  5.493  41.757 0.1250000000
68542  49.461  7.417  39.965 0.2500000000
75701  54.508  16.007  32.864 0.1250000000
76558  54.895  16.856  31.137 0.1250000000
112473  54.155  14.636  35.039 0.1250000000
75694  54.365  15.362  33.877 0.1250000000
74855  54.623  15.114  34.604 0.1250000000
133499  54.717  15.716  33.446 0.1250000000
75697  55.168  16.000  33.336 0.1250000000
76555  55.297  16.571  32.238 0.1250000000
77414  54.727  17.187  30.092 0.1250000000
75689  55.591  15.319  34.826 0.1250000000
112953  54.795  14.665  35.395 0.1250000000
75692  55.695  15.770  34.402 0.1250000000
75693  55.157  15.582  34.001 0.1250000000
75690  55.241  15.314  34.835 0.1250000000
76552  55.606  16.360  33.119 0.1250000000
77408  56.523  17.706  31.944 0.1250000000
123712  55.856  16.721  32.632 0.1250000000
79123  56.784  18.583  30.883 0.1250000000
116408  55.997  17.338  31.641 0.1250000000
77409  56.275  17.155  32.528 0.1250000000
76556  54.918  16.288  32.617 0.1250000000
79125  56.740  18.714  29.994 0.1250000000
78263  56.391  18.263  30.331 0.1250000000
78261  55.970  17.724  30.860 0.1250000000
77411  55.357  17.266  30.929 0.1250000000
80768  56.700  20.044  28.962 0.1250000000
75681  55.660  15.044  36.382 0.1250000000
76544  55.980  16.165  35.205 0.1250000000
130506  55.514  14.984  35.732 0.1250000000
77397  56.293  17.076  34.903 0.1250000000
79112  56.564  17.799  33.866 0.1250000000
76548  56.236  16.573  33.759 0.1250000000
78257  56.673  17.866  32.791 0.1250000000
77406  56.450  16.989  33.250 0.1250000000
75696  55.667  16.007  33.770 0.1250000000
79935  56.668  19.087  31.731 0.1250000000
124875  56.730  18.129  32.264 0.1250000000
77405  56.636  17.615  32.732 0.1250000000
78259  56.717  17.970  32.110 0.1250000000
79940  56.886  19.078  30.344 0.1250000000
80765  56.054  20.652  29.362 0.1250000000
80762  55.749  20.676  30.458 0.1250000000
79119  56.553  18.523  32.885 0.1250000000
80753  56.208  19.441  32.184 0.1250000000
79934  56.739  18.427  32.055 0.1250000000
80757  56.268  19.633  31.626 0.1250000000
80761  56.054  20.067  31.120 0.1250000000
79938  56.616  19.422  30.990 0.1250000000
81571  54.172  21.152  28.959 0.1250000000
56994  21.016  -5.508  68.269 0.1250000000
56027  22.761  -5.743  69.877 0.2500000000
68554  49.257  7.771  39.308 0.2500000000
62736  2.538  0.012  74.498 0.1250000000
60913  2.281  -2.126  72.185 0.1250000000
66350  34.936  4.201  65.130 0.1250000000
121354  2.294  -0.659  73.486 0.1250000000
60941  0.644  -2.187  70.354 0.1250000000
112640  0.987  -1.530  69.928 0.1250000000
62747  25.115  0.319  70.938 0.1250000000
58010  20.910  -4.358  69.147 0.1250000000
56983  21.235  -4.952  68.819 0.1250000000
56982  22.039  -5.186  69.431 0.2500000000
58021  20.894  -5.054  68.697 0.1250000000
58011  20.440  -4.793  69.019 0.1250000000
61855  2.164  -0.153  71.637 0.1250000000
62744  2.394  0.460  72.383 0.1250000000
61876  1.588  -0.815  70.107 0.1250000000
65400  36.644  2.837  63.052 0.1250000000
66371  36.235  4.519  63.255 0.1250000000
76554  55.680  16.941  31.870 0.1250000000
74850  55.144  14.800  35.320 0.1250000000
76549  55.955  15.945  33.938 0.1250000000
75685  55.682  15.341  35.770 0.1250000000
77401  56.209  16.633  34.643 0.1250000000
76545  56.124  16.386  34.431 0.1250000000
76551  56.017  16.594  32.934 0.1250000000
78260  56.654  18.174  31.402 0.1250000000
79937  56.792  18.754  31.281 0.1250000000
79941  56.895  19.165  29.235 0.1250000000
80764  56.621  19.933  30.020 0.1250000000
77402  56.537  17.380  33.366 0.1250000000
41068  3.310  -22.124  72.151 0.1250000000
45859  13.498  -17.189  60.790 0.1250000000
43043  11.288  -19.523  67.899 0.1250000000
133218  11.546  -19.463  68.408 0.1250000000
43050  11.063  -19.419  66.779 0.1250000000
43918  11.272  -18.642  65.224 0.1250000000
43924  11.573  -18.658  64.196 0.1250000000
44800  11.413  -17.563  64.712 0.1250000000
44812  11.669  -17.787  63.606 0.1250000000
45822  12.182  -16.921  63.337 0.1250000000
45848  12.997  -16.980  61.676 0.1250000000
45836  12.584  -16.909  62.556 0.1250000000
46812  16.717  -15.268  59.840 0.1250000000
47835  16.514  -14.992  60.719 0.1250000000
46813  15.796  -15.483  59.999 0.1250000000
46814  14.825  -15.724  60.162 0.1250000000
46799  13.827  -16.279  61.416 0.1250000000
47850  17.595  -15.166  59.648 0.1250000000
46830  16.077  -15.943  59.181 0.1250000000
45864  14.274  -16.509  59.481 0.1250000000
45858  14.096  -16.375  60.460 0.1250000000
43037  11.439  -19.750  68.634 0.1250000000
43908  11.418  -19.069  67.444 0.1250000000
43913  11.232  -18.685  66.511 0.1250000000
129980  11.267  -17.810  65.672 0.1250000000
126368  11.549  -17.365  66.655 0.1250000000
47769  20.955  -15.109  63.606 0.1250000000
111735  21.402  -14.852  62.216 0.1250000000
47791  19.962  -14.239  62.348 0.1250000000
47792  18.981  -14.211  61.902 0.1250000000
45821  12.916  -16.195  63.221 0.1250000000
111040  19.809  -14.348  61.437 0.1250000000
47813  18.170  -14.578  61.211 0.1250000000
47814  17.245  -14.499  61.393 0.1250000000
47833  18.306  -14.993  60.373 0.1250000000
46797  15.501  -15.097  60.875 0.1250000000
46798  14.610  -15.587  61.131 0.1250000000
122903  14.319  -15.540  62.045 0.1250000000
129344  11.687  -19.775  69.206 0.1250000000
44790  11.444  -17.061  65.567 0.1250000000
47750  21.309  -15.480  64.514 0.2500000000
114959  11.932  -16.391  64.942 0.1250000000
47751  20.349  -15.294  64.293 0.1250000000
127741  11.839  -16.935  64.026 0.1250000000
47770  19.994  -14.643  63.363 0.1250000000
130985  19.319  -14.253  62.784 0.1250000000
46770  12.605  -16.191  64.105 0.1250000000
112099  18.549  -14.167  62.750 0.1250000000
47793  17.945  -14.143  62.062 0.1250000000
47816  15.299  -14.864  61.968 0.1250000000
46787  14.830  -15.125  62.904 0.1250000000
131587  14.116  -15.570  62.634 0.1250000000
46788  13.485  -16.135  62.397 0.1250000000
47794  17.044  -13.960  62.243 0.1250000000
47815  16.315  -14.584  61.613 0.1250000000
133359  12.815  -15.823  64.929 0.1250000000
111750  12.052  -16.429  66.130 0.1250000000
47752  19.361  -15.107  64.128 0.1250000000
47771  19.015  -14.430  63.435 0.1250000000
47772  17.642  -14.207  63.654 0.1250000000
47776  14.654  -14.896  63.674 0.1250000000
46769  13.409  -15.454  64.569 0.1250000000
112785  17.698  -13.987  62.845 0.1250000000
47773  16.910  -13.870  63.096 0.1250000000
47774  16.138  -14.062  63.436 0.1250000000
46778  13.952  -15.572  63.279 0.1250000000
47795  16.237  -14.177  62.555 0.1250000000
47796  15.599  -14.491  62.908 0.1250000000
53320  3.277  -9.615  59.217 0.1250000000
110515  4.089  -9.510  59.439 0.2500000000
56133  4.128  -6.356  59.999 0.1250000000
56123  4.493  -7.243  60.391 0.1250000000
55174  4.924  -7.918  59.925 0.1250000000
115542  38.896  -1.057  56.880 0.2500000000
111536  38.994  -1.218  56.101 0.2500000000
111602  38.960  -1.297  55.163 0.2500000000
61989  38.512  0.801  58.121 0.1250000000
61048  39.405  -0.387  57.057 0.2500000000
129251  38.702  -0.325  57.182 0.2500000000
62976  43.640  0.484  44.441 0.1250000000
62108  42.671  -0.539  43.225 0.1250000000
63845  43.103  1.236  44.801 0.1250000000
62983  42.880  0.759  44.197 0.1250000000
61239  43.249  -1.964  44.049 0.1250000000
62098  43.974  -0.460  44.291 0.1250000000
61238  43.859  -1.515  44.492 0.1250000000
62099  43.355  -1.050  43.775 0.1250000000
62107  43.245  -0.055  43.827 0.1250000000
60263  43.419  -2.393  44.812 0.1250000000
60228  42.952  -3.072  46.016 0.1250000000
60244  44.136  -2.017  45.317 0.1250000000
60227  43.339  -2.614  46.380 0.1250000000
61227  44.574  -1.553  46.016 0.1250000000
61237  44.510  -0.933  45.167 0.1250000000
41052  2.582  -21.801  72.639 0.1250000000
45865  13.792  -17.375  59.795 0.1250000000
44828  12.106  -17.807  62.872 0.1250000000
47834  17.443  -14.996  60.574 0.1250000000
46829  16.865  -15.551  58.985 0.1250000000
112832  20.788  -14.572  62.756 0.1250000000
111604  20.614  -14.487  61.829 0.1250000000
120619  13.398  -15.718  63.862 0.1250000000
113209  19.050  -14.525  60.928 0.1250000000
47753  18.447  -14.673  64.008 0.1250000000
132375  18.286  -14.227  63.369 0.1250000000
126126  0.202  -22.444  62.880 0.1250000000
111534  0.221  -22.330  61.811 0.1250000000
54277  28.161  -7.982  59.528 0.1250000000
54276  29.412  -8.388  59.673 0.1250000000
54288  30.102  -9.005  59.027 0.1250000000
117965  31.800  -5.113  55.421 0.1250000000
126408  31.899  -4.468  56.111 0.1250000000
58181  30.850  -3.850  54.780 0.1250000000
59191  30.843  -2.894  54.511 0.1250000000
59180  31.650  -3.313  55.959 0.1250000000
59200  30.753  -2.360  53.820 0.1250000000
59207  30.193  -2.815  53.232 0.1250000000
60118  32.053  -2.555  56.352 0.1250000000
60124  31.863  -2.013  55.369 0.1250000000
60131  31.455  -1.995  54.410 0.1250000000
128591  32.432  -1.499  53.569 0.1250000000
60141  32.111  -1.769  52.764 0.1250000000
60136  31.497  -1.797  53.506 0.1250000000
60123  32.319  -1.395  55.978 0.1250000000
114163  32.236  -1.419  54.506 0.1250000000
60130  32.654  -1.102  55.088 0.1250000000
116057  33.226  -1.143  54.167 0.1250000000
60146  32.687  -1.786  52.021 0.1250000000
60140  33.146  -1.545  52.685 0.1250000000
126575  32.996  -1.422  51.482 0.1250000000
63756  46.329  1.961  56.252 0.1250000000
62893  46.206  1.201  55.531 0.1250000000
65511  47.595  3.182  54.635 0.1250000000
64609  47.305  2.787  55.157 0.1250000000
63765  47.217  2.155  55.333 0.1250000000
63766  46.706  1.810  55.848 0.1250000000
61086  33.171  -0.824  55.737 0.1250000000
64624  47.875  3.133  54.022 0.1250000000
65530  48.169  3.880  53.773 0.1250000000
64636  48.335  3.397  53.496 0.1250000000
64647  48.721  3.306  52.910 0.1250000000
112824  33.420  -1.293  51.936 0.1250000000
63757  45.474  1.613  56.537 0.1250000000
63750  44.714  1.216  56.853 0.1250000000
132894  46.446  2.179  56.170 0.1250000000
113724  47.128  2.899  55.357 0.1250000000
65529  48.633  3.949  53.234 0.1250000000
65544  49.267  4.073  52.628 0.1250000000
127621  33.367  -1.323  53.340 0.1250000000
64675  49.417  3.077  50.858 0.1250000000
60145  33.713  -0.751  51.202 0.1250000000
61984  43.251  0.468  57.646 0.1250000000
62002  41.724  0.200  57.450 0.1250000000
62001  42.717  0.203  57.338 0.1250000000
60139  33.981  -1.054  52.403 0.1250000000
120660  34.052  -0.736  51.824 0.1250000000
61986  41.185  0.431  57.853 0.1250000000
64599  45.796  2.014  56.582 0.1250000000
54289  29.002  -8.747  58.921 0.1250000000
58180  31.303  -4.156  55.477 0.1250000000
116115  31.189  -4.856  54.838 0.1250000000
59190  31.200  -2.969  55.175 0.1250000000
64610  46.928  2.326  55.782 0.1250000000
61985  42.424  0.519  57.829 0.1250000000
42020  10.204  -21.047  74.255 0.6250000000
42021  9.440  -21.134  74.180 0.5000000000
42957  6.687  -19.012  78.007 0.7500000000
42966  11.898  -19.954  75.583 0.6250000000
42991  12.665  -19.344  73.201 0.6250000000
43004  11.942  -20.051  71.196 0.6250000000
43850  13.128  -19.053  75.138 0.6250000000
43856  13.173  -18.987  74.370 0.6250000000
44698  9.727  -17.729  78.849 0.8750000000
44714  13.057  -18.027  76.994 0.7500000000
44720  13.321  -18.315  76.246 0.6250000000
44729  14.158  -18.000  74.571 0.5000000000
44739  12.702  -17.856  71.333 0.5000000000
45687  9.264  -17.221  79.150 0.8750000000
45703  14.203  -17.209  76.085 0.7500000000
45707  15.686  -16.353  74.657 0.5000000000
45709  14.503  -17.401  75.520 0.7500000000
45727  13.332  -16.321  71.058 0.3750000000
45823  4.997  -16.845  64.138 1.0000000000
45866  2.883  -17.451  60.257 0.6250000000
45872  2.451  -17.223  59.837 0.6250000000
46783  26.008  -15.465  62.449 0.1250000000
46785  24.187  -15.952  62.243 0.1250000000
46794  24.659  -16.075  61.568 0.1250000000
46807  25.117  -16.093  60.254 0.1250000000
46842  23.157  -16.407  58.417 0.1250000000
46894  -0.503  -15.384  55.433 0.1250000000
47621  12.105  -15.132  78.238 0.6250000000
47628  12.618  -15.481  77.979 0.6250000000
47646  17.481  -15.103  74.285 0.5000000000
47698  4.282  -15.447  68.420 1.0000000000
47712  4.581  -15.400  67.307 1.0000000000
47719  23.816  -15.385  66.789 0.6250000000
47735  25.112  -15.488  65.776 0.3750000000
47739  5.309  -15.999  65.631 1.0000000000
47740  5.208  -15.857  65.230 1.0000000000
47745  26.857  -15.098  64.572 0.3750000000
47746  26.200  -15.299  64.916 0.3750000000
47748  23.482  -15.747  64.296 0.1250000000
47749  22.191  -15.533  64.291 0.2500000000
47758  5.349  -16.245  65.037 1.0000000000
47765  25.754  -15.612  63.726 0.3750000000
47766  24.231  -15.821  63.754 0.3750000000
47798  2.062  -15.348  61.911 0.8750000000
47808  26.527  -15.148  61.895 0.1250000000
47853  -0.775  -14.245  58.378 0.6250000000
47884  -0.523  -14.406  55.389 0.1250000000
47894  -0.285  -14.888  54.425 0.1250000000
48608  11.678  -14.687  78.466 0.7500000000
48661  25.754  -14.059  67.636 0.7500000000
48675  4.626  -14.871  67.879 1.0000000000
48710  27.128  -14.589  64.277 0.3750000000
48721  27.159  -14.517  63.594 0.2500000000
48787  -0.218  -14.635  54.103 0.1250000000
49540  20.050  -12.384  73.012 0.5000000000
49569  25.250  -13.505  68.073 0.7500000000
49586  27.098  -13.539  66.990 0.7500000000
49591  -0.377  -12.706  67.263 0.8750000000
49596  27.149  -13.400  66.172 0.5000000000
49608  27.548  -13.223  64.578 0.2500000000
49618  27.611  -13.059  63.088 0.2500000000
49649  -1.164  -13.422  57.887 0.5000000000
49668  -0.517  -13.417  55.533 0.1250000000
50371  12.610  -12.817  78.035 0.6250000000
50392  19.325  -11.842  73.734 0.3750000000
50412  3.540  -12.693  70.288 0.8750000000
50417  26.264  -12.044  68.965 0.7500000000
50418  24.556  -12.223  68.906 0.6250000000
50426  -0.823  -12.057  69.170 0.7500000000
50427  -0.936  -11.876  68.860 0.6250000000
50428  27.549  -11.788  67.827 0.7500000000
50448  28.074  -12.158  66.530 0.6250000000
50449  -0.312  -12.312  66.314 0.8750000000
50472  27.738  -12.307  62.877 0.1250000000
50478  -1.521  -12.432  61.367 0.7500000000
51246  -0.120  -11.113  71.309 0.5000000000
51256  25.185  -11.108  69.308 0.6250000000
51273  22.075  -11.050  68.011 0.7500000000
51280  -0.326  -11.855  65.907 0.8750000000
51368  -0.587  -12.203  56.215 0.3750000000
51369  -0.812  -12.457  56.608 0.3750000000
51383  -0.198  -11.815  55.685 0.1250000000
52157  15.452  -10.777  76.838 0.5000000000
52184  -0.838  -10.152  71.083 0.5000000000
52188  25.143  -10.074  69.855 0.5000000000
52201  27.802  -9.792  68.019 0.7500000000
52203  22.283  -10.081  67.789 0.6250000000
52209  27.797  -10.543  67.011 0.6250000000
52210  21.589  -10.311  67.669 0.7500000000
52227  27.405  -9.793  66.167 0.5000000000
52234  -0.485  -10.948  64.646 0.8750000000
52261  -1.208  -11.670  61.536 0.8750000000
52311  -1.050  -11.724  57.787 0.5000000000
52323  -0.148  -11.100  56.539 0.1250000000
52324  -0.628  -11.472  56.903 0.2500000000
52325  -0.930  -11.829  57.191 0.5000000000
52352  0.309  -11.259  55.226 0.1250000000
52369  0.857  -10.914  54.317 0.1250000000
52385  3.633  -10.480  52.990 0.1250000000
53161  8.554  -9.178  77.603 0.5000000000
53193  19.978  -9.553  73.130 0.2500000000
53196  -0.200  -8.852  72.679 0.5000000000
53199  -0.511  -8.653  71.723 0.5000000000
53206  25.577  -9.479  70.048 0.6250000000
53213  27.849  -9.088  68.866 0.6250000000
53216  20.529  -9.855  68.320 0.7500000000
53226  27.806  -8.906  67.119 0.6250000000
53229  20.780  -9.264  67.084 0.7500000000
53252  28.136  -9.380  64.548 0.5000000000
53314  30.567  -9.230  58.311 0.1250000000
53342  0.123  -10.663  57.328 0.1250000000
53373  1.086  -10.487  55.441 0.1250000000
53374  0.492  -10.773  56.056 0.1250000000
53390  1.679  -10.237  54.735 0.1250000000
53391  1.114  -10.467  54.922 0.1250000000
54147  4.432  -7.446  76.526 0.3750000000
54153  3.936  -8.262  75.941 0.3750000000
54157  19.321  -8.861  74.553 0.3750000000
54159  1.317  -7.918  74.785 0.3750000000
54166  20.417  -8.712  72.816 0.2500000000
54174  25.325  -8.121  70.035 0.6250000000
54181  26.306  -8.441  70.107 0.5000000000
54221  2.185  -7.996  64.939 0.6250000000
54240  26.749  -7.157  62.598 0.1250000000
54302  31.874  -8.935  57.416 0.1250000000
54312  2.199  -10.067  57.003 0.1250000000
54328  2.052  -10.060  56.290 0.1250000000
54329  1.718  -10.179  56.007 0.1250000000
54347  1.637  -10.211  55.540 0.1250000000
54373  3.866  -9.719  54.182 0.1250000000
54374  3.280  -9.785  54.469 0.1250000000
54375  2.881  -9.925  54.454 0.1250000000
55049  0.617  -7.023  73.764 0.3750000000
55060  0.030  -7.588  72.878 0.3750000000
55068  26.640  -6.627  70.095 0.6250000000
55085  27.778  -7.549  68.677 0.6250000000
55097  21.196  -7.119  67.157 0.5000000000
55098  20.724  -7.082  67.085 0.5000000000
55109  28.407  -6.740  66.244 0.6250000000
55120  2.988  -7.035  64.586 0.6250000000
55139  26.335  -6.522  62.062 0.2500000000
56011  27.071  -5.303  70.164 0.6250000000
56013  26.030  -5.894  70.549 0.6250000000
56062  33.010  -5.966  63.937 1.0000000000
56065  28.614  -5.323  64.203 0.7500000000
56076  33.359  -6.196  63.268 1.0000000000
56086  1.305  -5.270  62.953 0.1250000000
56093  32.800  -6.694  62.926 1.0000000000
56097  27.302  -5.668  62.226 0.2500000000
56112  26.660  -5.774  61.825 0.1250000000
56122  33.273  -5.711  60.539 0.7500000000
56914  4.435  -5.533  76.736 0.3750000000
56937  0.178  -5.836  73.366 0.3750000000
56946  -0.258  -5.653  72.806 0.3750000000
56948  26.679  -4.561  70.733 0.6250000000
56949  26.166  -4.711  70.887 0.6250000000
56950  25.827  -4.853  70.954 0.3750000000
56951  25.474  -4.795  71.075 0.3750000000
56958  -0.580  -6.121  71.883 0.3750000000
56972  27.567  -4.874  69.178 0.6250000000
56973  27.377  -4.905  69.857 0.6250000000
56974  23.490  -5.733  70.338 0.2500000000
56981  27.978  -4.353  68.702 0.6250000000
56987  12.748  -5.952  69.067 0.2500000000
57020  2.062  -5.404  67.142 0.3750000000
57023  32.422  -4.346  65.245 0.8750000000
57024  30.898  -4.646  65.566 0.7500000000
57027  28.492  -5.352  64.853 0.6250000000
57035  0.869  -4.156  65.016 0.2500000000
57036  33.335  -5.238  64.232 1.0000000000
57048  0.644  -4.259  64.074 0.2500000000
57062  0.303  -4.416  63.329 0.1250000000
57069  26.505  -5.783  61.951 0.1250000000
57074  0.294  -4.565  62.177 0.1250000000
57083  -0.622  -4.193  61.436 0.1250000000
57097  -0.142  -4.321  59.795 0.1250000000
57937  5.258  -4.489  77.200 0.3750000000
57944  4.069  -4.354  76.440 0.2500000000
57956  1.592  -4.289  74.985 0.3750000000
57978  24.091  -3.578  71.158 0.3750000000
57987  27.420  -4.207  70.131 0.6250000000
57989  24.482  -4.803  70.973 0.3750000000
57996  -0.603  -4.474  71.149 0.3750000000
58006  -0.503  -4.918  70.592 0.3750000000
58035  34.046  -3.296  65.205 0.7500000000
58045  34.383  -3.386  64.698 0.7500000000
58047  33.620  -3.804  65.059 0.8750000000
58056  -0.322  -3.243  65.353 0.2500000000
58057  34.443  -3.254  63.906 0.6250000000
58105  -0.718  -4.141  60.749 0.1250000000
58997  7.667  -4.104  77.753 0.3750000000
59035  26.713  -3.384  70.726 0.5000000000
59067  28.630  -3.353  68.029 0.7500000000
59084  31.176  -3.086  65.747 0.6250000000
59090  -0.552  -2.448  66.752 0.2500000000
59093  33.857  -2.953  65.395 0.6250000000
59094  14.617  -3.444  66.270 0.1250000000
59120  -0.561  -2.797  62.864 0.1250000000
59126  -0.876  -3.040  62.109 0.1250000000
59132  -1.013  -3.283  61.328 0.1250000000
59160  -0.645  -3.090  59.016 0.1250000000
59167  0.848  -2.922  58.288 0.1250000000
59982  25.418  -2.417  71.462 0.3750000000
59992  27.375  -2.443  70.003 0.5000000000
60035  14.878  -3.077  68.073 0.2500000000
60040  34.562  -2.125  65.301 0.6250000000
60041  34.306  -2.531  65.355 0.6250000000
60047  34.978  -1.960  64.838 0.3750000000
60208  44.186  -1.505  47.346 0.2500000000
60226  44.061  -2.228  46.129 0.1250000000
60886  8.017  -1.575  77.212 0.1250000000
60909  24.560  -1.309  71.739 0.2500000000
60911  23.782  -1.784  71.464 0.3750000000
60917  26.285  -1.377  70.635 0.5000000000
60926  8.594  -1.565  71.341 0.1250000000
60937  15.610  -2.750  69.577 0.2500000000
60955  15.334  -2.633  68.249 0.2500000000
60971  16.884  -2.273  66.693 0.1250000000
61032  39.033  0.256  57.511 0.2500000000
61149  44.194  -1.215  50.120 0.8750000000
61822  5.981  -1.567  77.440 0.1250000000
61830  4.448  -0.883  76.993 0.1250000000
61851  23.759  -0.414  71.591 0.3750000000
61852  23.363  -0.380  71.192 0.2500000000
61857  27.359  -1.150  69.564 0.3750000000
61905  34.910  -0.231  64.981 0.2500000000
61907  34.690  -0.070  65.581 0.2500000000
61908  18.418  -1.496  66.679 0.1250000000
62015  46.635  1.117  54.556 0.2500000000
62017  45.943  1.077  55.495 0.2500000000
62030  46.963  0.813  53.189 0.3750000000
62053  46.471  0.377  50.299 0.7500000000
62726  3.801  -0.241  76.317 0.2500000000
62740  24.682  -0.042  71.415 0.1250000000
62748  23.452  0.428  70.931 0.2500000000
62757  21.564  -0.113  69.367 0.1250000000
62864  43.848  1.110  57.619 0.1250000000
62905  47.426  1.264  53.624 0.2500000000
62915  48.257  1.504  51.910 0.3750000000
62923  47.812  1.042  51.227 0.6250000000
62931  47.651  1.103  50.714 0.6250000000
63597  5.009  0.503  76.572 0.1250000000
63601  5.428  0.959  76.501 0.1250000000
63623  26.466  0.752  69.827 0.2500000000
63625  25.177  0.958  70.509 0.1250000000
63639  21.790  0.258  69.322 0.1250000000
63724  39.752  2.230  60.460 0.1250000000
63780  47.550  1.637  54.084 0.2500000000
63782  48.447  1.987  52.682 0.3750000000
63837  44.297  1.262  46.212 0.2500000000
64444  4.993  1.723  76.249 0.1250000000
64448  6.326  2.062  75.757 0.1250000000
64472  24.318  1.436  70.118 0.1250000000
64515  31.749  2.311  66.816 0.2500000000
64637  48.275  2.777  53.442 0.1250000000
65301  5.011  2.362  75.637 0.1250000000
65307  7.342  2.052  73.898 0.1250000000
65570  49.747  3.611  50.986 0.2500000000
67560  50.216  6.156  48.344 0.5000000000
68485  51.398  6.943  46.879 0.2500000000
68534  50.226  7.428  41.181 0.6250000000
71091  50.847  9.570  49.453 0.1250000000
71171  52.943  9.953  40.445 0.5000000000
72044  52.736  10.372  43.282 0.2500000000
72063  53.097  10.803  42.039 0.1250000000
72102  54.011  12.094  38.723 0.3750000000
72976  54.274  12.423  40.307 0.1250000000
72984  54.417  12.536  39.669 0.3750000000
73005  53.892  12.139  38.161 0.3750000000
73904  55.201  13.520  37.953 0.1250000000
73914  55.410  13.824  37.678 0.2500000000
74790  54.580  13.352  41.141 0.1250000000
74804  55.236  13.754  39.981 0.1250000000
74815  55.381  13.790  39.452 0.1250000000
74825  55.542  14.158  38.331 0.1250000000
74847  55.238  14.530  36.016 0.2500000000
75594  53.220  13.628  44.140 0.1250000000
75605  53.523  13.980  43.484 0.1250000000
75631  55.498  14.141  39.176 0.1250000000
75684  55.951  15.820  35.947 0.1250000000
75688  55.878  15.849  35.158 0.1250000000
76425  52.569  14.782  44.515 0.1250000000
76480  55.338  14.579  39.690 0.1250000000
76546  55.939  15.945  34.635 0.1250000000
77398  56.009  16.476  35.429 0.1250000000
77403  56.370  16.908  33.856 0.1250000000
78255  56.557  17.533  33.504 0.1250000000
79115  56.690  17.979  33.073 0.1250000000
79118  56.716  18.066  32.529 0.1250000000
79121  56.771  18.353  31.744 0.1250000000
110440  43.822  -1.984  46.812 0.2500000000
110501  20.572  -15.319  68.134 0.6250000000
110957  6.939  -15.687  79.667 0.7500000000
111669  49.675  3.487  51.534 0.2500000000
111821  44.108  -1.123  50.931 0.8750000000
111846  54.661  16.530  31.809 0.1250000000
112306  34.682  -1.607  65.176 0.3750000000
112320  7.524  -22.055  71.398 0.2500000000
112626  55.447  14.360  36.528 0.2500000000
112636  27.673  -10.394  68.375 0.7500000000
113350  -0.652  -10.126  71.466 0.5000000000
113929  33.734  -1.990  65.528 0.5000000000
115066  19.621  -0.345  68.447 0.1250000000
115469  28.154  -11.722  65.985 0.5000000000
115472  -0.444  -13.066  66.449 0.8750000000
115516  -0.773  -11.108  58.860 0.7500000000
115530  5.750  -0.268  76.789 0.1250000000
115596  25.569  -3.564  71.344 0.5000000000
115790  25.056  -3.467  71.466 0.3750000000
115851  7.619  1.539  74.025 0.1250000000
115862  28.145  -11.733  65.144 0.5000000000
116412  56.482  19.021  32.300 0.1250000000
116825  43.493  -2.657  45.655 0.1250000000
117262  34.233  -1.001  65.579 0.2500000000
117579  2.922  -16.860  77.066 0.6250000000
117987  0.588  -14.002  53.618 0.1250000000
118031  19.629  -8.957  74.443 0.2500000000
118796  -0.739  -9.859  70.258 0.5000000000
118983  55.952  16.333  33.629 0.1250000000
119070  25.643  -11.515  69.167 0.6250000000
119579  50.670  5.876  49.013 0.2500000000
119610  8.674  -5.493  77.872 0.3750000000
119907  46.718  0.061  51.694 0.8750000000
120214  28.125  -10.953  64.572 0.3750000000
120447  -0.011  -10.465  59.889 0.7500000000
120598  34.815  -0.971  64.958 0.3750000000
121052  11.624  -6.865  69.820 0.2500000000
121325  10.094  -8.763  77.740 0.5000000000
121650  -0.053  -6.924  72.862 0.5000000000
122063  6.736  -5.276  78.074 0.3750000000
122168  30.150  -2.064  66.518 0.6250000000
122282  -1.585  -12.173  62.046 0.7500000000
122727  55.292  13.634  38.852 0.1250000000
122804  35.301  0.429  64.658 0.2500000000
122910  33.092  -6.677  60.165 0.5000000000
122912  -0.415  -13.500  54.925 0.1250000000
123965  20.906  -7.886  66.853 0.5000000000
124129  34.908  -0.670  64.470 0.3750000000
124131  -0.549  -2.133  67.334 0.2500000000
124237  -1.333  -12.683  63.858 0.7500000000
124797  -0.404  -2.633  63.699 0.1250000000
124991  3.377  -13.352  69.344 0.8750000000
124994  28.739  -5.638  68.124 0.7500000000
125763  25.192  -6.735  70.422 0.3750000000
125777  -1.500  -12.873  59.302 0.7500000000
126185  53.579  12.557  43.074 0.1250000000
126507  24.626  -2.484  71.604 0.3750000000
126568  32.271  -3.123  65.522 0.7500000000
126754  33.695  -6.804  61.027 0.7500000000
127269  14.496  -3.877  68.717 0.2500000000
127768  -0.550  -12.989  55.787 0.3750000000
127842  11.158  -20.795  73.066 0.6250000000
127941  44.824  -1.168  49.947 0.7500000000
128064  -0.846  -13.355  56.715 0.2500000000
128861  0.280  -8.591  73.713 0.5000000000
128889  26.068  -4.168  71.084 0.5000000000
129162  -0.184  -12.885  54.633 0.1250000000
129174  13.394  -17.800  72.588 0.5000000000
129519  26.822  -5.415  70.344 0.6250000000
129645  32.830  -7.345  59.451 0.3750000000
129810  34.908  -0.487  64.687 0.3750000000
129858  -0.981  -3.541  61.809 0.1250000000
129928  14.118  -12.354  77.121 0.6250000000
130024  2.795  -8.467  62.922 0.7500000000
130232  -0.457  -10.936  58.458 0.5000000000
130311  -0.562  -2.470  58.876 0.1250000000
130678  0.419  -3.332  58.494 0.1250000000
130805  27.728  -11.262  67.773 0.7500000000
130830  8.784  -1.285  76.618 0.2500000000
131222  -0.229  -12.117  55.386 0.1250000000
131517  55.547  14.417  38.567 0.1250000000
131955  -0.146  -10.573  59.451 0.6250000000
132305  56.302  16.770  34.224 0.1250000000
132465  34.198  -1.494  65.497 0.5000000000
132577  32.316  -7.305  55.105 0.1250000000
132686  27.131  -14.013  65.242 0.3750000000
132800  27.449  -13.437  63.487 0.2500000000
132989  0.395  -10.199  72.968 0.5000000000
133030  26.704  -10.744  69.391 0.6250000000
133074  -0.402  -18.384  68.583 0.5000000000
133148  26.742  -14.085  66.872 0.6250000000
133269  -1.789  -12.650  62.821 0.7500000000
133400  16.097  -2.404  69.377 0.2500000000
133406  12.299  -19.535  72.023 0.6250000000
133408  6.871  3.241  70.383 0.1250000000
133541  23.471  -14.083  68.034 0.7500000000
133685  33.369  -3.125  65.442 0.7500000000
133726  34.866  -2.456  65.019 0.5000000000
133770  51.979  12.820  35.527 0.3750000000
133793  -0.582  -14.777  55.558 0.1250000000
133854  34.005  -1.265  60.446 0.8750000000
