global_signal	global_signal_derivative1	global_signal_power2	global_signal_derivative1_power2	csf	csf_derivative1	csf_power2	csf_derivative1_power2	white_matter	white_matter_derivative1	white_matter_power2	white_matter_derivative1_power2	csf_wm	tcompcor	std_dvars	dvars	framewise_displacement	rmsd	t_comp_cor_00	t_comp_cor_01	t_comp_cor_02	t_comp_cor_03	t_comp_cor_04	c_comp_cor_00	c_comp_cor_01	c_comp_cor_02	c_comp_cor_03	c_comp_cor_04	c_comp_cor_05	c_comp_cor_06	c_comp_cor_07	c_comp_cor_08	c_comp_cor_09	c_comp_cor_10	w_comp_cor_00	w_comp_cor_01	w_comp_cor_02	w_comp_cor_03	w_comp_cor_04	w_comp_cor_05	w_comp_cor_06	w_comp_cor_07	w_comp_cor_08	w_comp_cor_09	w_comp_cor_10	w_comp_cor_11	w_comp_cor_12	w_comp_cor_13	w_comp_cor_14	w_comp_cor_15	w_comp_cor_16	w_comp_cor_17	w_comp_cor_18	w_comp_cor_19	w_comp_cor_20	w_comp_cor_21	w_comp_cor_22	w_comp_cor_23	w_comp_cor_24	w_comp_cor_25	w_comp_cor_26	a_comp_cor_00	a_comp_cor_01	a_comp_cor_02	a_comp_cor_03	a_comp_cor_04	a_comp_cor_05	a_comp_cor_06	a_comp_cor_07	a_comp_cor_08	a_comp_cor_09	a_comp_cor_10	a_comp_cor_11	a_comp_cor_12	a_comp_cor_13	a_comp_cor_14	a_comp_cor_15	a_comp_cor_16	a_comp_cor_17	a_comp_cor_18	a_comp_cor_19	a_comp_cor_20	a_comp_cor_21	a_comp_cor_22	a_comp_cor_23	a_comp_cor_24	a_comp_cor_25	edge_comp_00	edge_comp_01	edge_comp_02	edge_comp_03	edge_comp_04	edge_comp_05	edge_comp_06	edge_comp_07	edge_comp_08	edge_comp_09	edge_comp_10	edge_comp_11	edge_comp_12	edge_comp_13	edge_comp_14	edge_comp_15	edge_comp_16	edge_comp_17	edge_comp_18	edge_comp_19	edge_comp_20	edge_comp_21	edge_comp_22	edge_comp_23	cosine00	cosine01	trans_x	trans_x_derivative1	trans_x_power2	trans_x_derivative1_power2	trans_y	trans_y_derivative1	trans_y_derivative1_power2	trans_y_power2	trans_z	trans_z_derivative1	trans_z_derivative1_power2	trans_z_power2	rot_x	rot_x_derivative1	rot_x_derivative1_power2	rot_x_power2	rot_y	rot_y_derivative1	rot_y_power2	rot_y_derivative1_power2	rot_z	rot_z_derivative1	rot_z_derivative1_power2	rot_z_power2	motion_outlier00
1202.79160853375	n/a	1446707.6535592056	n/a	1750.7667269320102	n/a	3065184.132132224	n/a	1169.9830871466652	n/a	1368860.424209241	n/a	1271.8850804717451	1130.5049151316557	n/a	n/a	n/a	n/a	-0.1489184199	-0.0309360843	0.0200915444	-0.0470104888	0.0522060489	-0.0916034383	0.1351311672	-0.0735797732	0.1803476082	-0.0512766843	0.1350695936	-0.1213478647	0.0268920712	-0.1598838229	0.1399948839	-0.0027027462	-0.0083524109	0.1819383453	-0.2122941952	0.0409240403	-0.1336430438	0.0608936803	-0.1894034383	0.174030297	-0.0329818736	0.0405259907	-0.0649469551	0.0388793003	-0.0379309638	0.0411795326	-0.0521990991	0.0374644565	0.1554036979	-0.0743724647	-0.0702005876	0.2323018787	0.0745893224	-0.2301106076	-0.0192445807	0.0964311402	0.0943854869	-0.1149081394	-0.0206751708	-0.0865846273	-0.1781719726	0.0401213146	-0.0793274437	0.0367428259	-0.1165470383	-0.0264153926	0.0248514174	-0.2680713535	0.1545459219	-0.0555854658	0.0106110572	-0.1488813272	0.1525851014	-0.0264613342	0.0895827225	-0.1697378372	0.1684338514	-0.0651052965	-0.027100668	0.2144555842	0.003660388	0.2375100698	-0.0032827496	-0.0096317018	-0.0420635664	0.2000625937	-0.126609107	0.1006140585	-0.0231348261	0.1857826158	-0.1237436419	0.0010822357	-0.0022358102	0.0874057998	-0.0017453433	0.0565533061	-0.1573155354	0.3076360991	-0.1928917402	0.0428279824	-0.0350993881	0.2044065685	-0.0002901864	0.1458158424	0.008997605	-0.1733028158	0.0734771701	-0.1745818085	-0.2331143351	0.153366806	0.1532882396	-0.0317845798813607	n/a	0.0010102595182345	n/a	0.0643389249883057	n/a	n/a	0.0041394972686508	-0.0481533504647302	n/a	n/a	0.0023187451609791	0.0011310036963397	n/a	n/a	1.2791693611340645e-06	0.0007089999492051	n/a	5.026809279728344e-07	n/a	-9.007871024886228e-07	n/a	n/a	8.114174040098487e-13	0.0
1199.3192898793882	-3.472318654361743	1438366.7590768	12.056996837428546	1747.9720455685178	-2.794681363492373	3055406.2720889887	7.810243923451588	1166.1376190473993	-3.845468099265872	1359876.9465575374	14.78762490247148	1269.8916331538449	1150.9387789986351	1.337392	24.011492	0.0897327477503709	0.0536765427420832	-0.0377687955	0.1002418127	0.103528091	-0.4116325058	-0.2095258078	0.0611743593	0.0919409916	-0.2803410926	-0.3434859514	0.2171000487	-0.0285730058	-0.2828589978	-0.0214710416	-0.0101992046	0.0066475374	0.1672146371	-0.0076041672	0.1143549406	-0.1161257451	0.2696467044	-0.1375162928	0.3319773388	-0.0068471329	-0.0442674765	-0.0573471434	0.1074075894	0.0686619326	0.2397389785	-0.0086504878	-0.0533067857	0.1624432753	0.1241213183	0.0652686128	-0.1117195598	0.0832073518	-0.0341113445	-0.1555159271	0.0842896287	-0.1312471988	-0.0629962369	-0.0162307566	-0.0139373142	0.0909150596	0.0432894058	-0.1397115858	0.008685396	-0.2553764623	-0.2018544696	0.052733189	-0.2878277165	-0.186129901	-0.0927742515	0.290528276	0.1800466485	-0.0096856355	0.0422035745	-0.1840430991	0.0248831202	0.0239010179	-0.1666133657	0.0147790944	0.0303714461	-0.0862117259	0.0271076794	0.1148769358	-0.0584097948	-0.0377342145	-0.0131631282	0.1173842835	0.2364370534	-0.0386439211	0.0288381247	0.0742520032	-0.081017494	-0.0520343369	-0.1474247222	0.0150759684	-0.0654185818	0.1080618839	0.193559508	-0.3761810001	0.146002744	0.0341419445	-0.0415740049	0.0464137614	-0.0031536806	0.0015936915	-0.1350239373	0.1311011968	-0.0208040941	0.0741645313	0.0497188974	-0.1400900547	0.1531573254	0.1524510324	-0.0362336491448758	-0.004449069263515	0.0013128773303539	1.9794217311554785e-05	0.0528856029391135	-0.0114533220491922	0.0001311785859625	0.0027968869982335	0.0035235371120734	0.0516768875768036	0.0026705007096255	1.2415313780158554e-05	0.001348998804336	0.0002179951079962	4.752186711031849e-08	1.8197977740999576e-06	0.0004839999842676	-0.0002249999649375	2.342559847710371e-07	5.062498422187624e-08	-8.264828190873317e-07	7.430428340129113e-08	5.521126531779387e-15	6.830738502465432e-13	0.0
1199.0368291982	-0.2824606811882404	1437689.3177736732	0.0797840364173247	1732.809778079471	-15.162267489046826	3002629.7270078254	229.89435540940636	1167.415970050545	1.2783510031456444	1362860.0471290548	1.6341812872434751	1269.4826029106423	1128.9794649436258	1.484952	26.660767	0.0617718400817906	0.0293572549502632	0.1281114722	-0.0918814064	0.2230507996	0.0761559687	-0.0566948026	0.114927521	-0.2202261059	-0.088563909	-0.1162044588	-0.0884927296	0.2123819172	-0.027742666	-0.1269080349	0.1220546771	0.0880183841	-0.15944416	0.0205773591	-0.089016016	-0.0311128723	0.0501018132	-0.3145590564	0.1029408861	0.0846945158	-0.0264703789	0.0257668538	-0.1635616526	0.0285769679	-0.0583248578	-0.165725607	-0.0186016662	-0.1538254016	-0.0749869272	-0.0157389047	0.095523587	0.0589829927	0.0680816719	0.021296297	0.119144284	0.1801874531	0.1726736124	0.1492805746	-0.0092452728	-0.0734854143	0.1197164113	0.0833408561	-0.2789035479	-0.1403881974	0.0384614535	0.1285453865	-0.0522858625	0.0179521733	0.0458274072	-0.0141631084	0.100778844	0.1967424127	-0.0918169571	0.0162160194	-0.1298063255	-0.1365881102	0.0573891115	-0.0361222118	-0.0687455433	0.0480000286	0.0032191653	0.0567884595	0.1679466775	0.075831427	0.1120041035	-0.0981119016	0.0874607008	0.1650550648	0.1336949025	0.0218092577	-0.0555088509	-0.0748894316	0.010632935	-0.2211043104	-0.0310272298	0.1814930675	0.0513742354	-0.1491320667	0.1077259159	0.1341916806	0.0711686899	-0.1174648174	-0.06500777	-0.1141282996	0.0006494713	-0.1177718122	0.0977884886	-0.0545128033	0.1395721413	0.130748299	0.1527386503	0.1507811905	-0.0316340860317012	0.0045995631131745	0.001000715399061	2.115598083207638e-05	0.0322352835458303	-0.0206503193932831	0.0004264356910446	0.00103911350528	0.0202725696352956	0.0167490325232222	0.0002805300904639	0.0004109770796179	0.0011295256104955	-0.0002194731938405	4.8168482814549717e-08	1.275828104765232e-06	0.0004299310912696	-5.4068892998000034e-05	1.8484074324026918e-07	2.923445190029177e-09	-0.0001227428970228	-0.0001219164142037	1.4863612052291232e-08	1.5065818769549684e-08	0.0
1201.657104178593	2.6202749803931056	1443979.796022882	6.86584097287409	1738.1180229393212	5.30824485985022	3021054.261666495	28.17746349212628	1169.1729616334624	1.756991582917408	1366965.4142147617	3.0870194224426184	1268.1822633107504	1106.06572005532	1.343295	24.11746	0.0746708170250217	0.0374729392321843	-0.1739786447	-0.0700525556	0.1137043022	0.0750262692	0.0765370584	-0.2166597283	-0.0748733972	-0.0467352178	0.0288826466	-0.1208473346	0.0155838714	-0.0941398325	-0.1340634348	0.1418563579	-0.0365423212	0.0355742514	0.0285564863	0.1457589687	0.0251471392	-0.0998523437	-0.1596532384	-0.0077844607	0.2169422503	0.1870622769	0.1653056271	0.0329329195	-0.1436775202	0.0830363123	-0.0065406146	0.0602310389	-0.1414102407	0.0159172416	0.1492581643	-0.0616947493	0.0315096055	-0.0100117006	-0.0098688765	0.1357194194	0.0596005718	0.0111461895	-0.0794365276	0.1664824628	0.1075320131	-0.2268912585	-0.065851893	-0.2163779543	-0.1041359602	0.132601698	0.1335974172	0.0949019594	-0.1326012712	0.0827047138	-0.0276153936	-0.0302446397	-0.0532539048	-0.0700789913	-0.1060960479	-0.1207198249	0.1438248802	-0.0077135149	0.1770767102	0.0493028077	0.0157796925	0.049963538	0.1611604703	-0.1719667754	0.0571437312	-0.1197465404	0.0493554394	0.1994421468	-0.1253484017	0.100490746	-0.0646828548	-0.0571486347	-0.0391486749	0.0596946838	-0.225486316	0.0246229117	0.0702996482	-0.0102233937	-0.0745725578	0.0820387407	0.1456012346	-0.0123366089	0.0022687534	0.1430698692	-0.0957934029	-0.0743709836	-0.235167906	0.0212815239	0.0150217023	0.0745309168	0.095471595	0.1521113526	0.148287834	-0.031727936169176	-9.385013747479493e-05	0.0010066619335553	8.807848304037907e-09	0.0207695584644227	-0.0114657250814076	0.0001314628516424	0.000431374558807	-0.0118376738626437	-0.0321102434979393	0.0010310677374969	0.0001401305224783	0.0007770464611009	-0.0003524791493946	1.2424155075794077e-07	6.038012027094324e-07	0.0006859482372645	0.0002560171459948	4.7052498420627474e-07	6.554477904337392e-08	-0.0001342665677973	-1.1523670774500007e-05	1.3279498811906564e-10	1.802751122806696e-08	0.0
1203.7886577635322	2.131553584939184	1449107.1325601265	4.543520685467085	1743.743390057538	5.625367118216673	3040641.010369355	31.644755214713356	1170.927198327106	1.7542366936436338	1371070.503782166	3.0773463773257483	1273.6714698155722	1137.4234815632212	1.333681	23.944859	0.0467522051659996	0.0267315862419987	0.1394115152	0.0016998282	-0.0197819702	0.1983674722	0.0554570457	0.0441788875	0.0086855304	0.1562321474	0.0346833573	-0.013298955	0.1986604423	-0.1192928712	0.0688348393	0.1715496388	0.0100308904	0.0758360707	-0.1411623902	-0.1188349471	-0.0564593033	-0.1617782349	-0.0774274511	0.170400079	0.0830317389	0.1422068653	-0.2820850232	0.0157805103	-0.1345681548	-0.1527231018	-0.1968395985	0.0616391168	-0.0621722311	0.0223284108	0.0675355559	-0.0453479997	0.1268847369	-0.0457583732	-0.1041620904	0.0043878613	-0.1039636685	-0.1641871609	-0.1348384889	-0.0329863783	-0.1254133031	0.0716313749	0.0926893314	0.0396883373	-0.0969004565	0.2355048238	-0.0253420658	0.042991767	-0.0690110253	-0.0187241997	0.1219112024	0.0809293991	-0.1022253379	-0.2316630214	-0.1160776835	-0.0412393099	-0.2112476937	-0.0240393701	-0.0201896696	0.1394294584	-0.0696751387	0.0435053767	0.0130283228	-0.0056520177	-0.1943927361	-0.0446904365	0.0866017224	0.0728919931	0.1494765546	0.0361965103	0.1170096677	0.1363112912	-0.0045605211	0.1234302324	-0.2207705744	0.0814577829	-0.0321571284	0.0560712349	0.009979326	-0.0406600486	-0.0027421465	-0.0705625604	-0.0838735918	0.1642554356	-0.0202234495	-0.120682155	-0.0139206811	0.1917011664	0.0383821557	-0.1720533722	0.2586261045	0.151276289	0.1449845808	-0.0317559598508836	-2.802368170760211e-05	0.0010084409860509	7.85326736448993e-10	0.0420297629643187	0.021260204499896	0.0004519962953773	0.0017665009748368	-0.0040810051351627	0.0077566687274809	6.016590974788171e-05	1.6654602913224327e-05	0.0011305471601331	0.0003535006990321	1.24962744216254e-07	1.278136881285017e-06	0.0006859244374721	-2.37997923999882e-08	4.704923339214168e-07	5.664301182825362e-16	-0.000134888234111	-6.216663137000088e-07	3.864690055893578e-13	1.8194835701583946e-08	0.0
1202.2222405896816	-1.5664171738505956	1445338.3157684742	2.453662762534087	1747.8447284595386	4.101338402000692	3054961.194803798	16.820976687725594	1171.114188239345	0.1869899122389142	1371508.4418954998	0.0349652272791168	1273.0181311501397	1130.3836073303223	1.268138	22.768103	0.0437838617485631	0.0312781299083978	-0.1226111716	-0.0771452405	0.0773826023	-0.0413054412	0.0356278986	-0.0366832991	0.1097602968	-0.0844182215	0.0872587619	-0.049472203	0.0989883928	0.0116100016	0.0988106934	-0.229188025	0.0033664431	-0.0305628588	-0.0437926583	0.164643406	-0.1142980145	-0.0601743844	0.0225764503	0.0605389705	-0.1279293999	0.1223604381	-0.0216086703	0.2099269763	0.0437609165	-0.2736478872	0.030424955	-0.1334346984	-0.16326932	0.0018340812	-0.0437449568	-0.0200196554	-0.1460479189	-0.0648631454	0.0071963444	-0.2221586233	0.1561394872	-0.1698399461	0.2536194878	0.0395651305	0.1180082604	-0.0434517187	-0.1605883916	0.0579228134	-0.0865414093	0.0827762256	-0.1633428498	0.1144028681	0.0278121507	-0.2690080873	-0.0012373003	0.1283276665	-0.1099756148	-0.0671856621	0.1307929488	-0.1622833995	-0.0728395275	0.0741055793	0.0908475314	-0.2037049641	0.0119299504	-0.150707384	-0.2303634143	0.0640083796	0.0096791181	0.1195580338	-0.1795730067	0.1100775461	-0.0699874932	0.0525986271	-0.0966632565	0.0848544126	-0.0033428265	0.0920518662	0.0054800224	0.0624454708	-0.014894821	0.1548153374	-0.0332471565	-0.1388527371	-0.1059741945	0.0877744232	-0.0014155327	-0.0156892445	0.1545377199	-0.015140207	0.0720774323	-0.2851891842	-0.0590774986	0.0162072006	0.1929755865	0.1502346003	0.1408894722	-0.0271507388140008	0.0046052210368827	0.000737162618146	2.120806079854788e-05	0.0420231198748126	-6.643089506097599e-06	4.413063818602405e-11	0.0017659426040128	-0.0344710172220885	-0.0303900120869258	0.0009235528346434	0.0011882510283255	0.0010889978013983	-4.15493587348e-05	1.7263492112731004e-09	1.185916211450331e-06	0.0006860001360606	7.569858850007844e-08	4.705961866751618e-07	5.730276300904208e-15	-8.735807293313528e-07	0.0001340146533816	1.7959927321008794e-08	7.631432906590984e-13	0.0
1200.9120014294438	-1.3102391602378702	1442189.6351772724	1.7167266570208397	1737.6906437229466	-10.15408473659204	3019568.773282269	103.10543683789145	1167.9374929619196	-3.176695277425324	1364077.987466174	10.091392885616356	1271.2374158929897	1151.260042927482	1.390628	24.967281	0.0405209647698995	0.0281134652546954	0.1440692579	0.1952281659	0.1285270275	-0.1883283538	-0.067748969	0.1009116137	-0.116378229	0.0136089754	-0.2526626129	0.1204745395	0.1061544145	-0.0341726383	-0.0172405605	-0.211182174	-0.0839287421	0.0412343786	-0.2002804068	-0.1603490234	-0.0039107782	0.1136708093	0.0007874204	0.1191583393	-0.1372299538	-0.0002590917	0.1197426325	-0.0774431082	0.0171516622	0.0362733195	0.1331137538	-0.0818102609	-0.0149943395	-0.0317422681	-0.0329663407	0.0680470772	-0.1587695267	-0.2145736727	-0.1903522765	0.1311706655	0.0838701248	0.0225972353	-0.1219016958	-0.0076374841	0.1290757451	0.074314919	0.1542101614	-0.0529655148	-0.2274177228	-0.0327390662	-0.0856490454	-0.1178698693	0.0137238782	-0.0536192634	0.0862809254	-0.0303856141	-0.0018233476	-0.0460199315	-0.1193405162	0.0793042488	0.2056362302	0.18748082	-0.1023315563	-0.0964844392	0.2060077635	-0.2111314189	0.0790848778	-0.015406192	-0.0046375754	0.1049630831	-0.0998696711	0.1259859394	0.1371500002	-0.0550084689	0.1089388845	-0.0686924415	0.0022789321	-0.0222549608	0.0987401207	0.1236391945	0.0441468085	0.1486968741	-0.0316023925	-0.0467247964	-0.0248775773	-0.0586778857	-0.0207491578	-0.0170806887	0.2356580212	-0.1486580849	-0.0232886679	0.0839705628	-0.2247467086	-0.0271026679	-0.0237474362	0.1489877092	0.136024874	-0.0278452140117764	-0.0006944751977755	0.0007753559433616	4.822958003254558e-07	0.0419228310181694	-0.0001002888566432	1.0057854766801271e-08	0.0017575237605779	-0.0083497035662105	0.0261213136558779	0.0006823230271087	6.971754964358834e-05	0.0013610013708943	0.000272003569496	7.398594181856537e-08	1.852324731576164e-06	0.0006859990875243	-1.0485362999948858e-09	4.705947480841723e-07	1.0994283724069652e-18	-9.667038890858294e-07	-9.312315975447665e-08	8.671922882657781e-15	9.345164091736675e-13	0.0
1202.1225440699316	1.2105426404878017	1445098.6109611646	1.465413484439179	1738.422355198216	0.7317114752695488	3022112.285052913	0.5354016830411396	1170.5813889386295	2.643895976709928	1370260.788129491	6.990185935662943	1271.0782187497175	1111.009908100475	1.487362	26.704035	0.0777081688700683	0.0369349201708858	-0.1499855185	-0.0450104078	0.0642095751	0.082529199	0.1075636959	-0.1384899161	-0.1073165315	0.073758234	-0.0743160391	-0.1408124881	-0.0914756869	-0.126085886	-0.0544255704	-0.0111155259	-0.0289212312	-0.0255903495	-0.1614648871	0.2393993146	0.0770573256	-0.1253472836	0.0114567247	-0.0142076037	0.0377188468	-0.1486523003	0.0117584332	0.0043830955	-0.1291516758	0.0662390798	-0.0525204612	-0.0275488205	0.0980418377	-0.0782682952	-0.0781529602	0.1706501001	-0.1475786039	-0.0138926381	0.2368426471	0.0651884451	0.0903704044	0.0333653427	-0.0538471807	-0.1074426962	-0.1396658169	-0.1969724149	0.0203139445	-0.0674886192	-0.037041389	0.1664551445	0.1198995685	-0.1438757453	0.0480150478	0.0367690139	-0.0882561316	-0.1297926271	-0.114079278	0.103245466	0.1967756911	0.1419938333	-0.1631457131	0.0544452587	-0.1179438891	-0.1475831409	-0.0910698406	0.0737843198	0.0849820406	-0.0048124094	-0.0079483507	0.08839857	-0.1730166787	0.1683481615	-0.0786625315	0.021025041	-0.0727996619	0.0085457124	0.102622575	0.0908108828	-0.0451199688	-0.0281436401	0.0544052821	-0.1863589277	0.102715462	-0.1080801121	-0.0744146664	0.0476220032	0.1753787959	-0.0952585094	0.0317448977	0.0907674006	-0.1713742461	-0.0887314638	-0.1516383435	-0.0458690059	-0.1133615232	0.1475373187	0.1304173552	-0.0284380607116503	-0.0005928466998738	0.0008087232970395	3.514672095513734e-07	0.0366858730809411	-0.0052369579372282	2.742572843629844e-05	0.0013458532837109	-0.0326133645404809	-0.0242636609742704	0.0005887252438743	0.0010636315466502	0.0009980462383197	-0.0003629551325746	1.317364282622455e-07	9.960962938241034e-07	0.0003548707278764	-0.0003311283596479	1.2593323350352598e-07	1.0964599056310904e-07	-0.0002591772768405	-0.0002582105729514	6.667269998389757e-08	6.717286083045717e-08	0.0
1206.3723313560313	4.249787286099718	1455334.2018613862	18.060691977094805	1746.226299430229	7.803944232012782	3049306.2888217918	60.90154557636557	1173.4391006440885	2.857711705458996	1376959.3229204074	8.166516191517365	1275.2403676492197	1140.0293659834429	1.302548	23.385887	0.0831632983907415	0.034856122782568	0.0700200267	0.0695267476	-0.2593413599	0.1902195485	0.1415591277	-0.0441928877	0.0581857437	0.2514635258	0.1224428463	-0.0334145437	0.0216822161	-0.0897527336	-0.0272326931	0.1993772122	-0.022541954	0.0046270413	-0.1828435827	-0.0466145863	0.0572954273	-0.0774345104	0.1228152877	-0.0904768351	0.037820736	0.0822037607	-0.1179152779	-0.0927183864	0.1223855871	-0.1201837126	0.1157520403	-0.2072916563	0.0530316877	-0.1418904392	0.0619976646	-0.0294548348	0.0155744662	0.2505992734	-0.0035178022	0.1248529428	-0.0609990451	-0.0652477666	0.0073036564	-0.0654659494	0.1505156369	-0.0541491262	0.1287832632	0.1964279976	0.0118212362	0.1334450069	0.027464671	0.0655619107	-0.1264685358	0.0655637335	-0.0288062529	-0.0391788201	-0.0934063429	-0.0983825338	0.0049685858	0.1117826279	-0.0279958233	0.1481069223	-0.0578761259	0.0196186139	0.1694282698	0.0683295827	-0.2933180659	-0.1186534506	0.0469297971	-0.1216848081	-0.0718672625	0.0660947196	0.0494727256	-0.0455374202	0.0884294603	0.1244945103	0.0773476572	0.1175277467	-0.1121034689	0.0410874872	-0.3475615081	-0.2111083462	0.0445128427	-0.0100211277	0.0313215061	0.0610706318	0.0130398834	-0.2059229944	-0.0118421989	-0.0069191183	-0.1348932615	-0.0072164229	0.1230991397	-0.0513413091	-0.1242172244	0.1458854101	0.124097542	-0.0146227460438979	0.0138153146677523	0.0002138247018643	0.000190862919369	0.0207397913512465	-0.0159460817296946	0.00025427752253	0.0004301389452932	-0.0527416559254305	-0.0201282913849496	0.0004051481140774	0.0027816822697564	0.0005765864585417	-0.000421459779778	1.7762834597052025e-07	3.324519441736595e-07	0.0005349065817779	0.0001800358539014	2.861250512293172e-07	3.2412908690042244e-08	-0.0003231538553279	-6.39765784874e-05	4.093002594954453e-09	1.0442841421328532e-07	0.0
1203.4879262240415	-2.884405131989752	1448383.188567044	8.319792965448817	1749.7306296683646	3.504330238135708	3061557.2763996515	12.280330417912268	1171.0436369061244	-2.3954637379640644	1371343.199538323	5.738246519900768	1275.9056322804204	1142.589751143022	1.04739	18.8048	0.0924452297557151	0.0412069009846566	0.1020847434	0.0441866185	-0.2587146524	0.0576494943	0.1017689189	-0.0097345487	0.2787145079	0.2450198128	-0.0868911807	-0.1076444106	0.0148006287	0.1623979084	0.1137807648	0.0919848186	-0.093881103	-0.0252779093	-0.0239595111	-0.2106247444	0.0602906838	-0.0114926606	0.1099773291	-0.1058719599	0.0908255748	-0.1556438449	-0.1616111507	-0.0129835137	0.0680163097	0.1045520786	0.159526234	0.0225566659	-0.1289281451	0.0254740461	-0.0602078828	-0.01298533	0.0282737038	0.0058777146	-0.1390594345	-0.2630784798	0.0040848099	0.0397343001	0.023517068	-0.1993749882	0.1028314036	0.0558290691	0.0143780224	0.3627957482	-0.0542195113	-0.0013496387	0.0034968491	0.1112150039	0.0280082678	0.2400557514	-0.1705614386	0.0972251312	0.0658910992	-0.1136481307	-0.0244377699	0.1299215214	0.0637578749	-0.0364966461	-0.0176240186	-0.0690209687	0.245073102	0.10067403	-0.007322843	0.1413008619	-0.1200553303	0.1045920597	0.0230123874	-0.0046938409	0.1173311436	-0.0580202824	0.1010267482	0.1119037006	-0.0290970293	0.0891630485	0.1410628607	-0.1420041344	-0.2568363676	-0.0412064479	-0.0720590283	-0.2619619741	0.0129745684	0.0755969179	0.0378378162	-0.0545605356	-0.0755369726	0.0122142843	-0.1609676397	-0.0309789799	0.0660837375	-0.0520548704	-0.1296850765	0.1440342395	0.1170999511	-0.0200766121153463	-0.0054538660714483	0.00040307035403	2.9744655125296e-05	0.0421604490572633	0.0214206577060168	0.0004588445765583	0.00177750346471	-0.0317723467703956	0.0209693091550349	0.0004397119264394	0.0010094820192982	0.0011600376802306	0.0005834512216889	3.4041532809027e-07	1.3456874195547916e-06	0.0002603325230126	-0.0002745740587652	6.777302253810593e-08	7.53909137468504e-08	-0.0002891511993178	3.400265601010002e-05	1.156180615741191e-09	8.360841606692209e-08	0.0
1201.2312376449063	-2.256688579135244	1442956.486293913	5.092643343199444	1753.0272422996727	3.296612631308108	3073104.5122447954	10.867654840900164	1168.117279225802	-2.9263576803225533	1364497.97802589	8.563569273182795	1272.098424883242	1133.5854825349288	1.217744	21.863333	0.0245027919790841	0.0121888494029757	-0.0225019962	-0.0810758741	-0.0948121989	-0.0789251375	-0.0065592253	-0.0235002403	0.1634899394	-0.1146120021	0.0773465483	-0.1317130103	-0.0172582164	0.0930866662	0.0011792303	0.0145384354	-0.0171206221	0.1230967053	0.0779971461	-0.0080332325	-0.0878187953	-0.0589553777	0.0256435463	-0.0453695719	0.0254962834	-0.0744302881	0.2207952598	-0.1185424017	0.0825879413	0.1820817731	0.0796669653	0.2172897938	-0.0582702242	-0.1367324361	-0.0906413829	-0.0649290707	0.0449564006	-0.1687833858	0.0377905454	0.0886165287	-0.0018210859	0.0050927196	0.1048011301	0.0082712282	0.0667166765	0.0203556462	-0.1623565443	0.0404306877	-0.0146621741	-0.0384184862	-0.0115079295	-0.025717924	0.0643701181	0.1111900782	-0.2511910404	-0.1488222256	0.2051210159	0.02435743	-0.0365714845	-0.0708793134	0.1433757852	-0.0576299933	0.0128308188	0.0870330895	-0.0783854983	-0.1514230089	-0.0694347152	-0.0916427296	0.1215300488	0.061246373	0.0350344881	0.0039467537	0.0135576413	0.0218191633	-0.1083261875	0.0186461908	-0.1236426872	0.1258713603	0.2718650661	-0.0333302069	-0.110829453	0.0644258373	0.0498357055	-0.0967498407	0.1396918993	-0.0121164373	-0.0880955851	-0.065358178	0.1380024862	0.2028917584	0.0173654513	-0.018210529	-0.1865520059	0.0732620652	0.0050995335	0.1419863355	0.1094628008	-0.023236318649694	-0.0031597065343476	0.0005399265043901	9.983745383199552e-06	0.0419441180274589	-0.0002163310298044	4.6799114456233145e-08	0.0017593090371014	-0.0217473443346136	0.010025002435782	0.0001005006738374	0.0004729469856082	0.0012500210540637	8.998337383309997e-05	8.09700756638742e-09	1.5625526356025234e-06	0.0001538356058929	-0.0001064969171197	2.366539364043565e-08	1.1341593356000254e-08	-0.0002635964506876	2.5554748630199996e-05	6.530451775527084e-10	6.948308881510032e-08	0.0
1202.1495774295147	0.9183397846084064	1445163.6065139608	0.843347959994614	1744.9075800715266	-8.119662228146126	3044702.462991071	65.92891469918291	1168.9374563869771	0.820177161175252	1366414.7769444562	0.6726905757134952	1272.5698895136516	1136.2591366577149	1.231678	22.113493	0.0490844038784304	0.0246753300950986	0.13161421	0.0291849568	-0.0447050165	0.152893732	-0.1460378173	0.0478434783	-0.0627154052	0.0182602874	0.1227367198	0.1338090835	-0.0134039492	0.078086717	-0.1075373004	0.0889256633	0.0547446543	0.0582452878	-0.0873285196	-0.1768381552	0.0878432771	0.1097628757	-0.065568676	-0.2441770099	0.1581754689	-0.1145290337	-0.0666564042	-0.05399392	0.0447344367	0.0025289233	-0.082561431	-0.1820615828	0.122589074	0.1063675217	0.011348641	-0.0715330492	0.1323926589	0.0086068968	0.0844502055	0.0275322491	-0.0510140234	-0.1036327659	-0.0451582146	0.2255659031	-0.0194151142	0.0749779165	0.1209026395	-0.0058639622	-0.0050873789	-0.1083428018	-0.0181526006	0.184257699	-0.1343120232	0.1336204084	-0.0075769175	-0.0654642691	0.0870725502	0.0465234161	-0.0071081987	0.1242813834	-0.0547890936	0.0145259954	-0.0100398618	0.0532173743	-0.1401866043	0.1018736153	0.177332321	0.007719347	-0.1395982982	-0.0087779103	0.0361636097	-0.0354012017	0.1747344166	-0.0659383702	0.0445057958	-0.0133924952	-0.2104937031	0.0214059368	0.0586548812	-0.0090882666	-0.0744864052	-0.0719836117	0.1887984878	-0.0051204839	-0.0752341402	-0.0866419749	-0.0200501801	0.0208149952	0.038872441	0.2682665332	0.0135145709	0.0875524811	0.1015514041	0.2034192797	0.0336262639	0.1397444952	0.1012278027	-0.0130762607867183	0.0101600578629757	0.0001709885961622	0.000103226775779	0.0343816252140953	-0.0075624928133635	5.719129755217604e-05	0.0011820961523625	-0.0257438135542997	-0.0039964692196861	1.5971766223898437e-05	0.0006627439363185	0.0015610416810862	0.0003110206270225	9.67338304334691e-08	2.4368511300884293e-06	0.0003668124847793	0.0002129768788863	1.3455139898996418e-07	4.535915094019228e-08	-0.0002402862769484	2.3310173739199997e-05	5.43364199751689e-10	5.7737494889723184e-08	0.0
1201.3788444798429	-0.7707329496718103	1443311.1279637225	0.5940292797098092	1746.9999286548511	2.092348583324565	3052008.750720055	4.377922594140314	1169.3737955652248	0.4363391782476356	1367435.07375462	0.1903918784738218	1271.654903157552	1135.1028903336958	1.304631	23.423298	0.0407718720735812	0.0207360837358551	-0.1344613741	-0.0449233983	-0.0204924854	0.0160936769	-0.0970728535	-0.1038990084	0.0507109058	-0.1202369872	-0.0394126342	-0.0123664647	0.0204909813	0.1130769796	-0.0185091801	0.0911027823	0.0038046784	0.0976010428	-0.0232046644	0.0622050153	-0.0160464593	-0.0147409536	-0.0218439668	0.0908823371	-0.0306578752	-0.1562328861	0.1812262902	0.0912273958	0.0596181848	-0.0371634419	0.1532757676	0.1869487344	-0.0471885311	-0.1072008406	-0.0438168233	-0.0888749347	0.0351747407	0.0022363649	0.0663217622	-0.100112199	-0.1542136111	-0.047401602	-0.0098112587	0.1491413463	-0.0653114648	-0.0785274239	-0.0847866682	0.042395118	-0.0796528556	-0.0850071662	0.0042483774	-0.0210461197	-0.0885055737	-0.0716497732	-0.1280302905	-0.0185157285	-0.0359782827	0.049569786	0.1527337896	-0.1209099706	0.0676776472	-0.1028680982	-0.1050740465	0.1278336665	-0.1097845648	-0.3267143729	-0.0175128384	-0.0203716285	0.043612234	-0.1193710818	0.1728863252	0.0990961981	-0.0274940684	-0.0669536103	-0.1387939673	-0.1158744897	-0.1175877382	0.046446018	0.129457062	-0.1473329922	-0.0264148969	-0.0145694491	0.1173425813	-0.0432415719	0.112940211	-0.2124074184	0.0581026674	-0.0226938326	0.0015133463	-0.0804297487	0.0892322057	0.0818036795	0.1192116716	0.3470959508	-0.0157767587	0.1373117808	0.0924399334	-0.0187727925480629	-0.0056965317613446	0.0003524177400526	3.245047410800783e-05	0.0358399827529041	0.0014583575388087	2.12680671100045e-06	0.0012845043637284	-0.0074810951181518	0.0182627184361479	0.000333526884678	5.5966784166834696e-05	0.0017010243659168	0.0001399826848306	1.9595152052383115e-08	2.893483893442652e-06	0.0002178110644814	-0.0001490014202978	4.7441659810520596e-08	2.220142325079144e-08	-0.0002221850953313	1.810118161709999e-05	3.276527759352386e-10	4.936621658737887e-08	0.0
1200.7714919735552	-0.6073525062877252	1441852.1759363976	0.3688770668939812	1744.8520373370195	-2.147891317831636	3044508.632199148	4.613437113216523	1170.0606403314775	0.6868447662527615	1369041.9020529073	0.4717557329288105	1273.405113919576	1133.465255570845	1.202798	21.59498	0.0294888556725579	0.0167047757655457	0.1188814534	-0.098308913	0.0479868021	-0.0205301891	-0.0700607329	0.1758987137	-0.0705852044	-0.0579099267	0.0397650481	0.0114047398	0.0282987291	0.0788963973	-0.063071477	-0.0392375328	-0.0005713926	0.0200677648	-0.0014078764	-0.1920734718	-0.1354873521	-0.1375049168	-0.0627066582	-0.0886089005	0.0470192798	0.0059022475	0.0213251061	0.0054515545	-0.2225288571	0.0546324853	0.1683264291	-0.015066623	0.0844234511	-0.0149821482	-0.2270689799	0.0736822217	-0.0112234478	0.0621228011	0.0464348568	-0.0934218501	-0.0771099372	0.0046137811	-0.0390497251	0.0501057954	-0.067591976	0.1646614197	0.0267080877	-0.0793511487	0.0163654295	-0.0416795523	-0.0319961267	0.0333466994	-0.0388532076	0.1349802595	-0.0649721737	-0.1834402643	-0.1208133907	0.1082260907	0.1465363011	-0.153213131	0.0563879377	-0.0108372017	0.0420845579	0.0470477669	0.0162874822	0.013619837	-0.1468883668	0.1412622414	-0.1810531448	0.1365627948	0.2107629272	0.0105651411	0.2104135379	0.0409358586	-0.1250263461	-0.1139873976	0.0148076957	-0.0103125953	0.1118798033	-0.0669968643	0.0537921194	-0.133632188	0.0803554188	-0.0167082473	-0.0177635117	-0.107093911	0.0512310041	-0.1157849778	-0.0246366877	-0.0009484208	0.1999243994	-0.0079619598	0.076229306	-0.0367590622	0.0420115897	0.1346915149	0.0831471893	-0.0124705138789238	0.0063022786691391	0.0001555137164044	3.97187164234857e-05	0.0303032587579679	-0.0055367239949362	3.065531259610227e-05	0.0009182874913523	-0.0073826930069742	9.840211117760016e-05	9.682975484208782e-09	5.450415603522576e-05	0.0014160285410381	-0.0002849958248787	8.122262019829075e-08	2.0051368290344897e-06	0.0002738358788849	5.602481440350002e-05	7.498608856466564e-08	3.138779828946623e-09	-0.0002321934739952	-1.0008378663900005e-05	1.0016764348000879e-10	5.3913809365959616e-08	0.0
1201.8271453686853	1.0556533951300937	1444388.4873450429	1.1144040906496933	1739.2727361730626	-5.57930116395687	3025069.650794932	31.128601478130488	1170.133641955082	0.0730016236045685	1369212.7400350643	0.005329237048903	1273.349695693122	1127.5994739636508	1.215879	21.829842	0.039035815886321	0.023650729966583	0.0091420792	0.1528421224	0.1401150831	0.0192036737	0.1461250584	-0.0338171842	-0.125564788	0.1188879964	-0.0146581103	-0.0803411178	0.0323079816	0.1915586198	0.143277405	-0.0676684404	-0.0625077952	0.1207874425	-0.2089827561	-0.0020401233	-0.0836526842	-0.0941316275	0.0249188908	-0.165637299	-0.2091217284	-0.1650251549	0.0720946714	-0.0900005991	-0.1089826221	0.0974719988	0.192747495	0.053472576	0.1566439918	0.0630476249	0.1209544818	0.000650818	0.0443563562	0.1233380904	0.1165522987	0.0298574326	0.1045372665	-0.2060470648	0.0314379446	0.0198938773	-0.0338246322	-0.0511542412	0.1686873806	-4.1905e-05	-0.1136752851	-0.0062809838	-0.1119462818	0.027106596	0.1947612467	-0.012184936	-0.1856522683	-0.258056239	-0.0805743621	0.0719317946	0.2152024813	0.0853155441	0.1169735275	0.085747832	-0.0380386196	0.1968679838	-0.0967556745	0.0101347953	0.0120855076	-0.0441592442	0.0530546476	-0.0102213309	0.056859867	0.0795478158	0.0896310027	-0.1358382406	0.0487333549	-0.0780695334	0.0501727698	-0.1075539947	0.2997473925	0.0603338706	0.1930184991	-0.1152820607	0.125308417	-0.1444464972	-0.0690707365	0.0299638358	0.0631152404	-0.0157384654	-0.2346060412	0.0295887102	-0.047640187	0.0733476765	0.0604283532	-0.1458291075	-0.024587867	0.1318872767	0.0734003241	-0.0175809723942848	-0.0051104585153609	0.0003090905903286	2.611678623722574e-05	0.0251913443414082	-0.0051119144165596	2.6131669002230883e-05	0.0006346038297273	-0.0297163786262046	-0.0223336856192304	0.0004987935133386	0.0008830631586559	0.0014330498957751	1.7021354737000068e-05	2.8972651708279464e-10	2.053632003781025e-06	0.0003808301302186	0.0001069942513336	1.450315880823158e-07	1.1447769818458956e-08	-0.0002377730146279	-5.579540632700007e-06	3.11312736719504e-11	5.653600648523955e-08	0.0
1202.0480725254654	0.2209271567801352	1444919.5686621864	0.0488088086029544	1744.9078675141209	5.635131341058241	3044703.466112677	31.75470523097685	1170.1310421343337	-0.0025998207484008	1369206.655766382	6.75906792381538e-06	1272.3938055109095	1125.0699783689329	1.205645	21.646099	0.0717685113386037	0.0471224696125369	-0.0098911222	-0.1289823271	-0.0465079318	-0.1120725938	0.0634142749	-0.0424395379	0.1329779192	-0.1126017255	-0.0154246435	-0.0501560644	0.2541595147	-0.0635888228	-0.2218870736	-0.0970328242	-0.1648715164	-0.0233976319	0.0629951881	0.1035976804	-0.0641238376	-0.0073782235	-0.0126584274	-0.1670134122	-0.0175918441	-0.1081936684	0.1899988173	0.1073344723	0.0642146576	-0.0965587605	-0.113919333	-0.1689272029	0.0273535755	0.0498685867	0.1033633397	-0.0908721768	-0.174515363	-0.0321370739	0.0967189016	0.0248504741	-0.0253562651	-0.1128842903	-0.0861233632	0.0170683675	0.0492652766	-0.0285738223	-0.1792261371	0.0110848136	-0.0775186727	-0.0567686697	0.0318875995	0.2023643713	0.004495563	-0.1213232785	-0.1211021134	-0.1669482125	-0.0271975984	0.1808849596	-0.0114632874	0.1432225542	0.0300975636	0.0349373376	-0.0175137806	-0.1024097488	-0.1431964907	0.0091994395	0.060095432	-0.1555231716	0.0077893227	-0.2667481752	-0.1012838357	0.005945555	-0.0412664778	0.0729567569	-0.1393488249	-0.0702705288	0.0358078411	-0.1023679422	0.1826494559	0.0728641932	-0.0437294311	0.1234954521	0.211569083	0.0186538885	-0.0496507588	-0.0264790835	-0.1004307662	-0.0642494399	-0.1027678806	0.0243596701	0.1547930871	-0.0003497202	0.0319299387	-0.0765256552	0.2226235717	0.1289028963	0.0632525717	-0.0150100325419941	0.0025709398522906	0.0002253010769117	6.609731724096523e-06	0.0211059451739714	-0.0040853991674368	1.6690486357293304e-05	0.0004454609216866	-0.029748557043618	-3.2178417413399746e-05	1.035450547230988e-09	0.0008849766461773	0.0005589997038998	-0.0008740501918753	7.639637379172487e-07	3.124806689600641e-07	0.0001910000596763	-0.0001898300705423	3.648102279635016e-08	3.603545568209459e-08	-5.33990162425945e-08	0.0002377196156116	5.651061564655416e-08	2.8514549356768708e-15	0.0
1202.82299881967	0.7749262942045334	1446783.1664895436	0.600510761449571	1743.0004160288215	-1.9074514852993616	3038050.450276645	3.6383711687707407	1171.7186467363613	1.587604602027568	1372924.5871096898	2.5204883723791127	1273.8748151002108	1141.759454128092	1.149288	20.634277	0.0870984670884702	0.0478726964304353	0.1283373475	-0.0944608431	0.0533136358	0.0063024779	0.0092912572	0.1264330681	-0.1169061835	0.0862292739	0.0029496275	-0.0074009151	-0.0352121087	0.1444557606	-0.1260574829	-0.0593393702	0.0629409832	0.0539032452	0.1709386983	-0.09472838	0.0463593758	-0.0663322017	0.0227704592	0.0304525751	0.0531306626	-0.163936013	-0.1860086041	-0.0303869691	-0.2374145294	0.0367699598	0.050612502	0.0965667675	-0.0460593863	-0.0284035082	0.005157986	-0.1377767859	-0.1887521551	0.0768214236	-0.1550047174	0.0473458881	-0.1055467084	0.1911279978	-0.1202476535	0.0104888891	0.0389415438	0.1184418391	0.0448612216	-0.0830456513	0.0966056516	-0.0036949331	0.1446084248	-0.0049772464	0.1479294013	0.1237082279	-5.53924e-05	0.0356051904	-0.2568481847	0.019464002	-0.1551908568	-0.0917014231	0.028697032	-0.038870451	0.0401548693	0.0579580355	0.1968968957	0.0149259713	-0.0383004753	0.2009529518	0.1458421575	-0.0062889184	0.0618167924	-0.088053887	0.0749934922	0.1082174429	-0.0636529172	-0.09572898	0.2029324475	-0.0741001553	-0.0930614453	0.008005988	0.0402673914	-0.160181857	0.0814379969	0.0797437457	-0.1503906871	-0.0263918961	0.0306318604	-0.1791688631	-0.0089684566	0.025902327	0.2108595887	-0.0240556111	0.1001190711	-0.0543295596	0.0977498921	0.1257424501	0.0527593557	-0.011233069967858	0.0037769625741361	0.0001261818609027	1.4265446286424794e-05	-0.019547310957023	-0.0406532561309944	0.0016526872340522	0.0003820973656505	-0.0076330128366777	0.0221155442069403	0.0004890972955691	5.826288496488655e-05	0.000346000301761	-0.0002129994021388	4.536874531148625e-08	1.1971620881870308e-07	-7.000012664182265e-06	-0.0001980000723404	4.900017729871209e-11	3.9204028646836214e-08	1.2100324646077947e-09	5.460904870720229e-08	2.9821482007055924e-15	1.4641785654048141e-18	0.0
1203.1235147998016	0.3005159801316495	1447506.1918642283	0.0903098543144859	1740.2082565720018	-2.792159456819718	3028324.776241366	7.796154432307782	1171.186791807582	-0.5318549287792393	1371678.5013045366	0.2828696652667697	1273.3645432366266	1131.4135911213268	1.254158	22.517105	0.0764331950264905	0.0438736807471233	0.0111203095	0.181124612	0.0775277541	0.0249815219	0.1854609647	-0.0636915153	-0.1122320651	0.2069550958	-0.0050883648	0.0266103838	-0.0093395965	0.0975035788	0.0089458246	-0.1444408746	-0.0893669408	-0.0856473635	-0.097826508	0.1180805326	0.2485719912	-0.026263003	0.0643858933	0.069184736	-0.1026628368	-0.0153706311	-0.1853067316	-0.1893848453	0.0986352107	-0.0736561297	-0.0945298957	-0.1403476913	-0.0871249441	0.0480943347	-0.0016063764	0.1749088085	0.0705806092	-0.1111528261	0.1504706256	-0.0086763552	0.0140923525	0.1545599362	-0.045890278	-0.022968904	-0.0556339545	-0.0976229701	0.1905494087	0.0735902687	0.0302922036	0.0516696697	0.0721205259	-0.0606366575	0.1588939041	-0.1872320503	0.0439439811	0.144114923	0.0604713484	0.0945644589	0.0216302893	-0.0076679831	-0.1188788635	-0.0412013022	-0.2202715437	0.0375260321	0.0492284635	0.2151159191	-0.0422957824	-0.1207881818	0.0590225715	-0.0658877496	-0.0591425335	-0.0625997081	-0.0661049828	-0.0505820857	0.2047859888	-0.0205233977	0.2296554924	-0.0313398051	0.0070024043	0.0969322252	0.1191563656	0.0239410248	0.0571135312	-0.0844664926	-0.0728699555	-0.0607558789	-0.1570549574	0.1122556585	-0.2415149613	-0.0509055305	0.1018268361	0.0511130037	0.0764421921	0.0126251322	-0.1194945811	0.1224102548	0.0419779864	-0.0082040029509471	0.0030290670169108	6.730566441914873e-05	9.175246992937495e-06	-0.006832675081597	0.012714635875426	0.0001616619654446	4.668544877067657e-05	0.0222061373785464	0.0298391502152241	0.0008903748855667	0.0004931125372748	-9.499978650169532e-05	-0.0004410000882626	1.9448107784770506e-07	9.024959435367692e-09	0.0001689999312484	0.0001759999439125	2.8560976761963932e-08	3.0975980257232106e-08	8.016235777585023e-09	6.806203312977228e-09	4.6324403537582194e-17	6.426003604183414e-17	0.0
1203.5994216381098	0.4759068383082194	1448651.5677675924	0.2264873187485257	1748.691409054318	8.4831524823162	3057921.644100376	71.96387603822751	1171.0976187520307	-0.0891730555513277	1371469.6326466766	0.0079518338363601	1271.8020344486945	1127.253029535467	1.180243	21.190035	0.0635244765934397	0.0323011491047301	-0.1455033234	-0.0565649681	-0.0665395998	0.0349372841	0.0324180041	-0.1304931833	0.0586991305	0.0259603885	0.0231611729	-0.0521071788	-0.2714491867	-0.1307707934	0.0519092216	-0.046440736	0.0455475877	0.0112938929	0.1162849751	0.1661807093	0.0951695164	-0.065680503	0.0997073823	-0.0141816023	-0.0005831868	-0.0387725026	0.0419840849	0.0569364358	0.0211394832	0.0854616841	-0.0257011148	0.062310516	0.0792884678	0.0544149215	-0.2504294307	-0.233246753	0.2326952999	0.0003688799	-0.1047067704	0.073322787	0.0093272537	0.247576515	0.1729036447	-0.0338570614	0.0797531802	-0.1352848557	-0.0795237529	0.0341267014	0.173394065	0.1490708425	0.0838480944	-0.0577515925	0.1049641981	0.0305514509	0.0815261214	0.1279287976	0.041813221	0.0131731761	-0.072635388	0.1512556633	0.023526011	0.090250613	-0.1135356824	-0.1624784188	-0.062497041	-0.1802583437	0.1475385292	0.0344150498	0.1535802581	0.0566413217	0.2401834167	-0.1161608624	-0.2280702068	-0.005463527	0.0153192785	0.0811630765	0.19200026	0.0398500782	-0.0827610359	-0.0233027003	0.0154484362	0.0630772584	0.1706334463	-0.0372264823	-0.1651006047	-0.1025799583	0.0496517232	-0.0015554692	0.0104695592	-0.2813021494	0.0456074797	-0.1424809399	-0.0360216168	0.006840548	-0.0469163688	0.1189108618	0.0309673479	-0.0057913799360704	0.0024126230148767	3.3540081563918794e-05	5.82074981191274e-06	-0.0138570539401001	-0.0070243788585031	4.934189834778531e-05	0.0001920179438988	0.006120351084121	-0.0160857862944254	0.0002587525207099	3.74586973929011e-05	-0.0006009998546878	-0.0005060000681861	2.560360690043426e-07	3.612008253347567e-07	-8.500014768086928e-05	-0.0002540000789292	7.225025105769586e-09	6.451604009607501e-08	-2.560516153873308e-08	-3.36213973163181e-08	1.130398357501722e-15	6.556242974246157e-16	0.0
1204.8644775485654	1.2650559104556578	1451698.4092583775	1.6003664565787932	1746.4596701957084	-2.2317388586095603	3050121.3796201027	4.980658333027903	1171.6324440968735	0.5348253448428295	1372722.5840604135	0.2860381494862515	1273.8295465540002	1134.8983525397562	1.130775	20.301882	0.0374940621193513	0.0220204059657842	0.0903510265	-0.1078914225	-0.0118702647	-0.0065439147	0.1205203963	0.1552778372	-0.0237002247	0.1318934187	0.1201205624	-0.0873309474	-0.1800721211	-0.1597925454	0.0757211878	-0.057966242	0.0134619129	-0.0198212008	0.1734043352	-0.074581489	0.0265215249	-0.1347391282	0.0215555996	-0.1522245759	-0.0325905198	0.0344678321	0.0577897553	0.0960531402	0.0268392119	0.0058753904	-0.1480982748	0.0242401547	0.2096651835	0.0059451382	-0.0449176376	0.0147848867	0.183234283	0.0433523146	-0.144913876	-0.2139914565	-0.0727782854	-0.0307451264	-0.1218293495	-0.0487764045	0.0237983071	0.1486578463	-0.0466286369	-0.0191440683	0.2545781426	0.1379833909	-0.0127117799	-0.0005457276	-0.0087521771	-0.0161697306	0.0478874282	-0.12132088	0.0541772695	0.0665349686	-0.0483782089	0.1600226114	0.0236066541	0.1057657396	0.2175254153	-0.0058893295	-0.1119045199	0.0314438393	-0.0179272203	-0.0726625806	0.0875391979	0.0175524473	0.2004829819	-0.2402648459	-0.028339608	0.0784868759	-0.0339665597	0.1296384286	0.1954226705	0.0397654676	0.0261881393	0.0180579656	0.0455029432	-0.0786624857	0.0313971169	0.1034348989	-0.0482977721	-0.029343037	0.1036108599	-0.017200249	-0.0154429564	-0.1905595721	0.1118484507	0.0125185043	-0.0535229715	-0.0625060626	-0.1042253632	0.1152490509	0.0197875765	-0.0060173784816299	-0.0002259985455595	3.6208843791182565e-05	5.1075342595009486e-08	-0.0105479981296241	0.0033090558104759	1.0949850356844969e-05	0.0001112602645425	-0.0127365196589863	-0.0188568707431073	0.0003555815742222	0.0001622189330237	-0.0004590000572498	0.0001419997974379	2.0163942472433026e-08	2.106810525553197e-07	7.499997878368525e-05	0.0001600001264645	5.624996817553238e-09	2.560004046867344e-08	1.7211340077569236e-08	4.281650161630231e-08	1.8332528106588186e-15	2.96230227265741e-16	0.0
1204.920055260607	0.0555777120414404	1451832.339569224	0.0030888820757612	1747.0583199990765	0.5986498033680618	3052212.773477996	0.3583815870726191	1173.227588098306	1.5951440014323452	1376462.973474968	2.544484385305594	1275.4059518178303	1139.6405983630093	1.189708	21.359972	0.0677590611501972	0.0334086031371027	-0.0511837455	0.1870906926	-0.0929330709	-0.1207665241	0.0797560413	-0.0094490796	0.0518104959	0.1163710407	0.0240568433	0.0813341208	-0.1752998583	-0.0535404984	0.0525800069	-0.1468401276	0.0951113126	-0.1430807262	0.0482257839	-0.0385392822	0.1181349315	0.0454365014	0.222947183	-0.2309495362	-0.0470367547	0.0283471021	-0.0284723046	-0.0508156979	0.0182134437	0.0009675903	-0.1254043112	0.1241002133	-0.0409842232	0.2651310255	0.2142804696	0.1209503874	-0.1627987403	-0.0663452176	-0.2081466627	-0.0189986846	-0.0362674338	0.0102410386	0.0389547882	0.0446166877	-0.0258138758	-0.0295493585	0.0658144913	0.1137624708	0.2484111362	-0.0832116654	-0.0077881526	0.0039286541	0.1126402234	-0.0203116911	0.0693337573	-0.1295936553	0.0859804013	-0.0492704626	-0.1366405552	-0.0243595536	0.0219162106	0.0610326197	0.1442918852	0.0499107669	0.087458626	-0.0583341813	0.1577986809	0.147285365	-0.1096241867	0.0585118835	-0.0690234819	-0.1767196812	-0.1532542201	-0.0938525608	0.1675132078	0.1062664227	0.0169185819	-0.1236601886	0.1401047502	-0.0098701296	-0.0623425933	-0.0495531207	-0.0449510812	0.1070884242	-0.1072090505	0.0871140745	0.1614842413	0.0035586155	0.0617936337	-0.0708680417	-0.1414840469	-0.0230189288	-0.0660031106	0.1516122969	0.2439287294	0.1114298236	0.0084997322	0.0064591044863817	0.0124764829680116	4.17200307659962e-05	0.000155662627251	0.0070739982404433	0.0176219963700674	0.0003105347560666	5.004145110579491e-05	-0.0260462530154796	-0.0133097333564932	0.0001771490020209	0.0006784072961463	-3.4000023986227175e-05	0.0004250000332635	1.80625028274038e-07	1.156001631064023e-09	1.3000030352650072e-05	-6.199994843103518e-05	1.6900078916982315e-10	3.843993605451022e-09	2.2392218745662083e-10	-1.6987417890112615e-08	2.885723665733181e-16	5.0141146035358037e-20	0.0
1202.7692084607036	-2.15084679990332	1446653.768821187	4.626141956654353	1751.8106493975663	4.752329398489792	3068840.551342723	22.584634711750347	1171.471620267641	-1.7559678306649855	1372345.757092492	3.083423022330296	1275.979524315728	1142.9986938337847	1.186164	21.296333	0.0325886167479155	0.0222058886268069	0.0856709224	-0.1125476884	-0.1018172044	-0.1639922108	0.0837769421	0.1676507209	0.1432775761	-0.0011172056	0.0343457299	0.0581521485	-0.1883854336	-0.0186973304	0.0902850049	-0.1130857041	0.0528377866	0.0018274032	0.1694855093	-0.0553144375	-0.0362080087	-0.0753232446	0.1326296302	-0.0180088439	-0.0756635491	-0.0455369267	0.1416352629	-0.0886044504	0.1207798904	0.0776022424	-0.0902631736	-0.072572344	-0.0451862053	0.0710487621	-0.0162820693	0.0414076517	-0.1055437195	0.1782745445	0.0467170554	0.0708607779	0.12781538	-0.0228473538	-0.0732797791	-0.117290641	-0.1883601014	0.1712495441	-0.0792805157	0.0865672882	0.2358673932	-0.0194655854	0.0205024628	-0.0922391132	0.1131805296	-0.0862640731	-0.0517906603	-0.0680375506	0.0624195372	0.1077393733	-0.0944882894	0.007955852	0.017058535	-0.0436283174	-0.1418262782	-0.0100582281	-0.0325769568	0.0208341106	-0.027460634	0.1009497513	0.0323510029	-0.0796481698	-0.0786226078	-0.2446549783	-0.0606738817	0.1378632574	0.004636694	0.1260129242	0.0110574133	-0.1562529486	0.1307940509	-0.0486590706	0.0375230465	0.0360027043	-0.027086279	0.1975532881	-0.0706376713	0.0447689291	0.0990215466	0.0485012992	0.1071925109	0.0137508688	-0.0580514839	0.2779231447	0.0102117374	-0.0169769634	-0.1207922292	0.1074583966	-0.0028345346	-0.0025908982756561	-0.0090500027620377	6.712753874797751e-06	8.19025499928918e-05	0.0071390284612107	6.50302207673998e-05	4.228929613056756e-09	5.096572736997642e-05	-0.0223229194797482	0.0037233335357313	1.3863212618302082e-05	0.0004983127340993	-0.0004149996638992	-0.0003809996399129	1.4516072561381494e-07	1.7222472103644898e-07	2.70000113447022e-05	1.399998099205213e-05	7.290006126140476e-10	1.9599946777782091e-10	5.607604740661331e-09	5.38368255320471e-09	2.898403783368079e-17	3.144523092748744e-17	0.0
1201.9544133594904	-0.8147951012131216	1444694.4117943568	0.6638910569609011	1738.5492651037268	-13.261384293839455	3022553.5471927086	175.8643133888918	1171.185882164535	-0.2857381031058139	1371676.3705815205	0.0816462635665087	1273.3048310315166	1135.7135593899814	1.214019	21.79645	0.0505993198769893	0.0286410436027206	-0.0117036934	0.1861595808	-0.0568769523	-0.0254680011	0.0289492562	-0.0316410262	-0.086548317	0.1018000652	-0.0746735738	0.1257473681	-0.1910305089	0.1540264883	0.035832111	-0.1090701222	-0.0512656186	-0.2319735886	0.025361363	0.0331517696	0.1593872363	0.0864900736	-0.0585675541	-0.1193251663	-0.0460944739	-0.0042944315	0.0392201686	0.016180668	0.1585403096	-0.1441434302	0.0096501019	0.1452698426	-0.0821081657	-0.1231614274	0.0648382251	0.139577465	0.1482556017	0.026478423	-0.1045228834	-0.0742603728	-0.1377610754	0.2754653763	-0.0114791593	0.1793134519	0.1054479879	-0.0561757905	0.1311784387	0.0082787036	0.1734598482	-0.1183104442	-0.0378952991	0.0374349155	0.106210573	-0.020995745	0.1173940074	0.0674835746	0.2439803932	0.1329144487	0.1541455278	-0.0372162071	-0.0893862809	-0.0441253162	0.1139422367	0.0097406067	0.218787945	0.1113900029	0.0390853003	-0.0686661855	0.1368516202	-0.0209012241	0.090580999	-0.2085151651	-0.1430094923	-0.0515808886	0.2276593122	0.1001001265	-0.022686688	-0.2141471114	0.0295939993	-0.0177909191	0.0503893366	0.0874673343	-0.0643287085	0.079149356	0.0992364802	0.091204924	0.0665935147	-0.1179196946	-0.020736956	0.1921805673	-0.1401596137	0.0143174069	-0.0003964993	-0.034002293	0.1494022726	0.1033401944	-0.0141533203	-0.0021876710040942	0.0004032272715618	4.785904422154526e-06	1.6259223253125398e-07	-0.0162658011750664	-0.0234048296362771	0.0005477860503031	0.0002645762878667	-0.0202358826105921	0.002087036869156	4.355722893216888e-06	0.0004094909450296	-0.0006319993466065	-0.0002169996827072	4.708886229506887e-08	3.994231741110429e-07	-0.0002500001472671	-0.0002770001586118	6.250007363357168e-08	7.672908787096357e-08	-7.907307604201366e-08	-8.468068078267499e-08	7.170817697817301e-15	6.252551354746075e-15	0.0
1202.179314216354	0.2249008568635417	1445235.103529703	0.0505803954179553	1744.663652409734	6.114387306007075	3043851.2600396727	37.38573212786045	1171.2602233309826	0.0743411664475388	1371850.5107573434	0.0055266090287806	1272.8802543004354	1124.863769260753	1.19104	21.383877	0.036396029717821	0.0171441221519698	-0.0089556763	-0.1057843549	-0.0254553788	-0.0871335851	-0.0382187451	0.0567020215	-0.0693215703	-0.1976962506	0.0667393586	-0.0291380437	-0.167583673	-0.0436453269	0.10093737	-0.0124375923	-0.0887475284	-0.145059068	0.0914280544	0.0696239834	0.0143387012	0.0218895438	-0.0240928201	-0.0339131455	-0.0470496032	0.0069049892	0.0982444931	-0.0228000722	0.1065443285	-0.0808406294	-0.2302439693	-0.0693239264	0.0339741012	0.1346613078	-0.0774602728	0.0313550781	0.0159455097	0.0655328398	-0.068882434	-0.0063381535	0.0271422933	0.0081644177	0.1080333522	-0.0090839001	-0.2403217605	0.0331179949	-0.0891055722	-0.0820385124	0.1175811797	0.0775264945	-0.0183670276	-0.0393542893	0.030415017	-0.1127643981	0.0591038305	0.0858291983	0.2393412347	0.2060572335	-0.1108052213	0.0044570489	-0.0918154073	0.0252430945	0.0575279577	-0.010849851	-0.0818063901	0.0992266334	-0.0097589308	0.0776734628	0.0164344848	-0.1081689025	-0.0774921301	-0.2009575992	-0.1442171478	0.0952876073	-0.0135632361	0.1073887142	0.0474070189	-0.03503586	0.0996658199	-0.0168846835	-0.0098951597	0.1022471564	0.0983489365	0.0466669695	0.2255834339	0.1556956309	-0.1526523944	-0.0503823638	0.0473237176	0.1371904039	-0.0280829337	-0.0205369176	0.0374183938	-0.0846602333	-0.0582417172	0.0990808418	-0.0253948054	0.0016156507934397	0.0038033217975339	2.610327486342332e-06	1.4465256695596495e-05	-0.0141098998309416	0.0021559013441247	4.647910605599111e-06	0.0001990892732392	-0.0075484863787806	0.0126873962318115	0.0001609700231429	5.6979646610636255e-05	-0.0005934777674969	3.852157910959992e-05	1.4839120570971651e-09	3.5221586051310453e-07	-0.0004725278638575	-0.0002225277165904	2.2328258212173205e-07	4.951858465093738e-08	9.385983811097424e-05	9.393891118701624e-05	8.824519035002128e-09	8.809669210218292e-09	0.0
1204.5708572348838	2.3915430185297737	1450990.9500995828	5.719478009478501	1741.0610917374895	-3.602560672244408	3031293.7251621387	12.97844339720208	1173.330258461388	2.0700351304053584	1376703.8954210675	4.285045441112329	1275.5850791789867	1134.4114514160156	1.160974	20.844084	0.0775610594211417	0.0389543264665201	0.0977879715	-0.0252340841	0.0611735804	0.1732823023	-0.0827710988	0.1228551326	-0.202624168	0.0537898137	0.1548064603	0.0843196064	-0.1066168857	-0.0482818861	-0.0480773766	0.0911332023	0.2626402072	0.0699022048	0.1165802414	-0.2046632101	0.1637376799	-0.0766220799	0.091460341	0.0893046109	0.0114847368	0.1665819633	0.0270735715	0.0215483741	0.1342142485	-0.0725156635	0.1868341289	-0.0599749894	-0.0166206877	0.0537241115	-0.0305429859	-0.0032671543	-0.0442441635	-0.0489094418	0.0292340828	0.2586219522	-0.1678247498	0.0123160792	0.076809282	-0.0435240818	-0.2858411169	0.1308920559	0.1341500707	-0.096849275	0.2766054314	0.033749837	0.0065141413	-0.020231989	-0.1234944578	0.0294002068	0.0571161894	0.1060043536	0.0236286899	0.0502551594	-0.0124474368	-0.061433923	0.1594278798	-0.0247569836	-0.0065373102	-0.0588750175	0.024554137	-0.1337972929	-0.0225468967	0.0512032977	-0.3175203194	-0.2546458134	-0.1052291503	-0.245930065	0.0154207979	0.059754105	0.0813500525	0.0476173719	0.0125515413	0.1059164342	-0.1646192445	-0.0216664314	0.1389730207	-0.1452480003	0.004861403	0.1320482954	0.0486140421	-0.0765253448	-0.1080607932	-0.1244498373	0.1222863858	0.2080884869	-0.0086113241	0.0873146337	-0.085008285	0.0035835191	-0.1086594042	0.0946861568	-0.0364975928	0.0009986729062632	-0.0006169778871764	9.973475737041864e-07	3.806617132647778e-07	-0.0277162005219935	-0.0136063006910519	0.0001851314184953	0.0007681877713753	0.0142898926303445	0.0218383790091251	0.0004769147977461	0.0002042010313867	-0.001014998188031	-0.0004215204205341	1.7767946492724459e-07	1.0302213217062131e-06	-0.0001580002545749	0.0003145276092826	2.4964080445733208e-08	9.892761700102789e-08	-8.016874809011269e-08	-9.394000685906435e-05	8.824724888681059e-09	6.427028170335948e-15	0.0
1205.0312911974177	0.460433962533898	1452100.4127649155	0.211999433854667	1745.3742573506124	4.313165613122919	3046331.298222202	18.603397606226007	1173.841358206448	0.511099745059937	1377903.5342359585	0.2612229494003326	1275.3999173058403	1130.2792496247723	1.275851	22.906574	0.0402094879997271	0.0241548278973164	-0.1228757948	0.0878409546	-0.0949540868	0.0050329421	0.0846344916	-0.0894341485	0.0537962807	0.0476292718	0.1351438491	0.0199050983	-0.147366953	0.0609062895	-0.1678710208	0.0302691427	0.0473609499	-0.1264061478	0.1615096359	0.1572589319	0.1702930854	0.0674971799	0.1316135824	0.0571894601	0.0242020007	0.1734777796	-0.1895342049	0.0165141727	-0.0505444628	0.1121568919	-0.104144635	0.0694490719	-0.0099745028	-0.0584657698	-0.0127380127	0.0314767527	-0.0513242992	-0.1002648606	0.0017774597	-0.0662088966	0.0814002662	-0.0923604198	0.0214418388	-0.191146802	0.1549924985	-0.1193404213	0.0018939859	0.0663268771	0.2517025592	-0.1107450233	0.1589586091	-0.0405523438	-0.0456383058	-0.0424651793	0.0462299809	0.0013684776	-0.0232176838	-0.193290702	-0.1286028883	-0.1062202397	-0.0746353617	-0.0017139693	0.0247720735	0.0890734389	-0.0102563264	0.0603265597	-0.1334441553	-0.0285690993	0.0605715682	0.0932942666	-0.0373429091	-0.1434429465	-0.2058747433	-0.0056773381	0.0850479234	-0.1030633089	-0.0283961678	0.0213093038	-0.0944098027	-0.0508839278	-0.1123510721	-0.143178255	-0.1668018504	-0.0365733974	-0.017512319	0.0147215708	-0.1003008895	0.0874218449	0.0705272046	0.0918320227	0.1074795845	0.0346166438	-0.1090748538	0.1626809433	0.0203631577	0.0901621419	-0.0474010431	0.0008227736149848	-0.0001758992912784	6.769564215151559e-07	3.0940560672243415e-08	-0.0379310383053734	-0.0102148377833799	0.0001043429109407	0.0014387636669237	0.0344579597904868	0.0201680671601422	0.000406750932976	0.0011873509929228	-0.0008219999557475	0.0001929982322835	3.724831766455584e-08	6.75683927248892e-07	-0.000158000030785	2.2378989999560607e-10	2.496400972806095e-08	5.008191934004338e-20	-6.494952295898939e-08	1.5219225131123302e-08	2.3162481359181507e-16	4.2184405326002905e-15	0.0
1203.7937283749914	-1.2375628224262982	1449119.3404749625	1.5315617394517451	1753.2415770659577	7.867319715345275	3073856.0275527267	61.89471950346046	1171.010438973151	-2.830919233296981	1371265.4481840916	8.01410370545077	1274.6628259376243	1125.3794361808084	1.205564	21.644646	0.075264579776433	0.0406492709543895	0.0569718478	-0.1077451242	-0.1159496822	-0.0735009192	-0.0085069213	0.1793655443	0.1165222469	-0.131906437	0.1316774962	0.0483409654	-0.1471250066	-0.0114388042	-0.122990795	0.1400510654	-0.0320571006	0.1121750535	0.2732659074	0.0283980508	0.1566001384	0.0577434716	-0.0278783831	0.1124075979	-0.0477834851	0.1672481552	-0.0454263706	-0.0845293334	-0.0333998731	0.0645571319	0.0754654628	0.0691895806	0.3506366555	-0.0971609685	0.0321729341	0.0272603999	0.0018002085	0.0428120156	0.1427046627	0.0968945175	0.0101932591	-0.0756610544	0.1197779614	-0.0895975343	-0.1199152901	0.1691272826	-0.1178573492	-0.0426530852	0.1969334209	-0.1383435587	0.2381619789	-0.0836384746	-0.0268317917	0.0078541392	0.0043303035	0.0221867069	-0.0503447794	-0.0719385744	0.1706097847	0.0895030121	0.0842730533	-0.1312431208	0.0342561396	-0.1154889634	-0.1505328316	0.1209620993	-0.09803584	-0.2657189158	-0.0759379934	0.2775837568	0.00216765	-0.2374300375	-0.0124402227	0.1541585949	-0.0161992972	-0.1845158682	0.0977596666	0.046633025	-0.0686889544	0.0247333787	-0.0873385244	-0.0557802028	-0.1849135041	-0.1148856421	0.2887353567	-0.0724079251	0.0566784933	0.1944286548	0.0757795532	-0.0135368777	0.0249297054	-0.0396628173	0.0889733766	-0.0299821885	-0.1009941561	0.0855149763	-0.0580456054	-0.0017244152939923	-0.0025471889089771	2.9736081061545507e-06	6.488171338015949e-06	-0.0358678722182475	0.0020631660871259	4.256654303066405e-06	0.0012865042574645	0.0476734347483898	0.013215474957903	0.0001746487783629	0.0022727563807089	-0.0014070430149202	-0.0005850430591727	3.4227538108615134e-07	1.979770045835726e-06	-0.0005718946282864	-0.0004138945975013	3.270634658628397e-07	1.713087378408459e-07	-0.0001499022892974	-0.0001498373397744	2.245122839068128e-08	2.24706963366014e-08	0.0
1202.8206683861358	-0.9730599888555388	1446777.5602968703	0.9468457419115416	1740.8965549778293	-12.345022088128417	3030720.815133674	152.3995703563785	1171.0345698971378	0.0241309239868314	1371321.9638941744	0.0005823014924582	1273.6764582951864	1136.3623344525424	1.221635	21.933195	0.0997780767226544	0.0628297288025993	0.0384062895	0.16074705	0.1027901306	-0.0250668966	0.0823680866	-0.0209979621	-0.0708294591	-0.01103437	-0.0118901887	0.0309037713	-0.0436720069	0.2008612785	-0.0879897524	-0.0949733819	-0.0648720405	0.1248270155	0.0433384422	-0.0714831076	0.1504382567	0.1595002934	0.1217485646	0.097163515	-0.0431944016	-0.1278684359	-0.0166898456	0.1576059364	-0.0351636438	-0.1961739204	-0.0108481877	0.01768556	-0.084164989	0.0769617817	-0.1748550787	-0.1090036175	0.0784160563	-0.0897826021	0.2216140039	0.1037310531	0.0345150694	-0.0628449848	-0.1600542919	0.0896288978	0.1499981071	0.0057693989	0.1621434343	-0.0415263172	0.0509444966	-0.1716795297	0.0092610126	-0.0194455451	0.1375854527	-0.0604846527	-0.1285989433	0.1570689343	-0.0711086557	0.0346153637	-0.0809488043	0.0670011528	-0.1121237213	-0.0052651873	-0.044436593	-0.0522456647	-0.0384621812	-0.1848186614	-0.0014702708	-0.1466242621	-0.0479428957	-0.081609696	0.0354374431	-0.0471898526	0.0199832135	-0.06093954	0.1066575856	-0.2992427496	0.1100578084	-0.0673912057	-0.0082432	0.0479176519	0.0477939719	0.0101086555	-0.053942181	-0.1471066646	0.0899463848	0.0388183784	-0.0144256139	0.320404128	-0.0012975272	0.0534794459	0.0123131077	-0.0481622372	0.1767374333	-0.0576314941	0.0338449754	0.0807510076	-0.0683731426	-0.0026149050989658	-0.0008904898049734	6.83772867659734e-06	7.929720927617416e-07	-0.0441031679494443	-0.0082352957311968	6.782009578026825e-05	0.0019450894231768	0.0632223646280039	0.0155489298796141	0.0002417692204011	0.0039970673891562	-0.0002500298121381	0.0011570132027821	1.338679551412093e-06	6.251490695781358e-08	-0.0002839742033382	0.0002879204249482	8.064134816156537e-08	8.289817110235206e-08	-0.0002070358877045	-5.7133598407100005e-05	3.2642480669437803e-09	4.286385879759033e-08	0.0
1203.900506667234	1.079838281098091	1449376.4299536226	1.16605071332488	1744.7344806568042	3.837925678974898	3044098.407992768	14.72967351733493	1171.7416016086513	0.7070317115135367	1372978.3809404073	0.499893841085761	1273.967272822062	1120.3645044222744	1.186645	21.304979	0.0345479761042948	0.0181353284191344	-0.1681935737	-0.043812498	-0.0830454113	0.0332929744	-0.0087515312	-0.0892595242	0.0553505829	-0.0042543137	-0.0524896416	0.0504753523	-0.1360521364	0.0407298703	-0.0408160664	0.030076962	-0.0132003305	0.0078442383	0.0365490409	0.0501949252	0.1041037179	0.0438233907	0.1742985214	0.1482259531	0.206172541	0.0150984791	-0.0438407162	-0.1175542607	-0.1250115031	-0.0322442659	0.1253407199	0.1986893129	0.0702291219	0.1816778416	0.0030471834	0.1277824447	-0.1311253716	0.0422105197	0.0756321252	-0.2501741684	0.0231018109	-0.068505891	-0.0720769057	0.1604742457	0.0482956046	-0.10865432	-0.0008811937	0.0029464602	0.1040887829	-0.1004270864	0.0545178853	-0.1359455792	0.0297774305	0.1421729728	-0.1470956254	0.1699048626	-0.1256991456	-0.0275389512	0.0626847966	-0.16207468	0.0270017009	0.2582392304	-0.0097688486	0.1881780371	-0.1550304545	0.1194935106	-0.0597123442	0.0674859218	-0.0925372373	-0.0122902939	-0.091476751	-0.0102070798	-0.1440854512	-0.0862604587	-0.0915420981	-0.2201689188	0.1164568725	0.0770308359	-0.1295938348	-0.1580645339	-0.0203221376	-0.1231372254	-0.0083053173	-0.1367114496	0.0481554854	0.0523659801	-0.154116204	0.131567516	0.0760988734	-0.0534869351	0.0513987113	0.0791622975	-0.0329512569	-0.2113887932	-0.0029637035	0.0758767427	-0.0783272495	-0.0026485903111677	-3.368521220190003e-05	7.015030636411413e-06	1.1346935210870343e-09	-0.038096800169967	0.0060063677794773	3.607645390234308e-05	0.0014513661831903	0.0482410361316283	-0.0149813284963756	0.0002244402035163	0.002327197567053	-0.000369549669818	-0.0001195198576798	1.4284996379823549e-08	1.3656695846259284e-07	-0.0003799517716669	-9.597756832869998e-05	1.4436334879281614e-07	9.211693622290274e-09	-0.0002620703540207	-5.503446631620001e-05	3.0287924827089534e-09	6.868087045653503e-08	0.0
1202.393681494564	-1.5068251726700057	1445750.5652980509	2.270522100991992	1744.339990151895	-0.3944905049090721	3042722.001243113	0.1556227584634146	1170.3546559094032	-1.3869456992481446	1369730.0206088177	1.9236183726629248	1273.7062020478425	1154.187232655612	1.493354	26.811625	0.0327541284358949	0.0176481216399669	0.1498775721	0.1354350643	0.038760617	-0.0815166242	-0.204875198	0.0352789284	0.0537269728	-0.0386420053	-0.1357541523	0.0054762511	0.0387982896	0.16881586	0.0368884004	0.1671181222	-0.1906227287	0.0929214456	0.0224264987	-0.071195743	-0.0415489294	0.195882984	0.0985072448	0.1845023437	-0.1196150628	0.0248666086	0.0304605383	-0.0942608424	-0.0413871836	0.0733248297	-0.0852945394	0.0263923227	-0.1139513768	-0.05804333	0.0498979299	0.0678595225	0.1717073712	0.0008874871	-0.0267808058	0.0998370998	-0.0778070855	-0.0879396025	0.0126436372	0.1516338797	-0.0304323734	0.0645071781	0.0694012314	0.0664374239	-0.129186814	-0.1893811582	-0.0640965468	-0.051859621	-0.0348101999	-0.0055712898	-0.0421923198	0.0657943304	-0.080591465	-0.1134186052	-0.1932165883	0.0173633548	0.0412307816	0.0454764953	0.0285865138	0.1774061177	0.0064699368	-0.039397358	0.045796482	-0.2325480383	0.0339837038	-0.0750349132	0.0367080487	-0.1109543169	0.1392994467	-0.1125602103	0.0597018396	-0.2741909157	-0.020630325	-0.0442931648	-0.0319174113	-0.0462405356	-0.0190885887	0.1608051444	0.0531021694	-0.0151701551	0.0270240551	0.0265632059	-0.1614105352	-0.0330167349	0.1607711354	-0.1365011238	-0.075562759	-0.1272736753	-0.2525726201	-0.0999469405	-0.0245162124	0.0708988393	-0.0878535601	-0.000275474880155	0.0023731154310126	7.58864095964116e-08	5.631676848910592e-06	-0.0394091390234763	-0.0013123388535093	1.722233266430107e-06	0.0015530802385716	0.054932921126408	0.0066918849947796	4.478132478335768e-05	0.0030176258234801	-0.0001970001283591	0.0001725495414589	2.977334425767665e-08	3.8809050573501884e-08	-0.0003669997642001	1.295200746679996e-05	1.3468882692292906e-07	1.677544974200419e-10	-3.611981453444438e-08	0.0002620342342061	6.866193989601162e-08	1.3046410020026597e-15	0.0
1202.2191724230202	-0.1745090715437527	1445330.9385414915	0.0304534160510626	1742.6625394254118	-1.6774507264833574	3036872.726316625	2.8138409397795434	1170.5387167110334	0.1840608016302667	1370160.887319513	0.0338783786967763	1271.342863761054	1114.9724638852206	1.525037	27.380455	0.057703270444143	0.0302474540840461	-0.1776797008	-0.0427194067	-0.0532151783	0.0169282699	-0.1731671838	-0.1879373375	0.0078034999	-0.1219539342	0.0004013156	-0.0228838349	-0.0219565953	0.1431439645	0.0734586746	0.183538722	0.1109295991	0.0042124929	0.1773629928	0.1205515356	-0.0312265191	0.1958019749	0.0263053633	-0.1362608774	0.0664410787	-0.014912492	-0.1633552627	0.0768794185	0.0439119398	0.0448696731	-0.0338714802	-0.1430914716	-0.0497023376	-0.0935555138	0.0027915183	-0.0735164617	0.0151729204	-0.1808418812	0.0234399703	0.1352450173	0.1861765	-0.032714367	-0.0879721305	-0.0452734264	0.0317330839	-0.1510370462	-0.092523365	-0.0924232959	0.0457709477	-0.1244721011	0.0334087611	0.1427156777	0.0417667052	0.1747120759	0.0083949272	-0.0149374876	-0.0050831687	-0.0577683173	-0.1292390177	0.0185645584	0.0105062565	-0.1311157779	-0.0989635323	-0.0857427403	0.1712897216	0.0669285241	0.0965267216	-0.1347072021	0.0419732335	0.0405761131	-0.1632598315	-0.0383548196	-0.1106501966	-0.0849027208	-0.1223305266	-0.1360999368	-0.1770120376	-0.0562383778	-0.0248008142	-0.1657920374	-0.0038142021	-0.0367267986	0.1704954699	0.1231212828	0.0646479068	0.0941656772	0.0056717474	0.0221542366	-0.0104632866	-0.1122833288	-0.1809032347	-0.1299180824	0.0205877144	0.0517750157	-0.0069268678	0.0658240966	-0.096900045	-0.0046039633463266	-0.0043284884661716	2.1196478494318825e-05	1.8735812401780572e-05	-0.0275832938884548	0.0118258451350214	0.0001398506131575	0.0007608381017368	0.0502272504122913	-0.0047056707141166	2.214333686969556e-05	0.002522776683979	0.0003089740277639	0.000505974156123	2.56009846664382e-07	9.546494983264727e-08	-0.0003040255954618	6.297416873830001e-05	9.243156269590209e-08	3.965745928279882e-09	-0.0001679531175299	-0.0001679169977153	2.8196118121742084e-08	2.82082496880124e-08	1.0
1202.642208465358	0.4230360423377988	1446348.2815824335	0.1789594931168278	1742.2450527706662	-0.4174866547455167	3035417.823903861	0.1742951068906022	1172.080592135626	1.5418754245924902	1373772.9144609994	2.377379824962272	1274.2171770166467	1118.2381132160533	1.282507	23.026085	0.0287729834199778	0.0155697552942807	0.1086299394	-0.0346419233	-0.0321487004	0.143582669	-0.1872782161	0.0986088833	-0.011418808	-0.0197459901	0.0185140928	0.1073843897	0.004676994	0.1493907631	0.0173042928	0.2035190157	0.0514052095	-0.1563193991	0.02967465	-0.1046633736	0.0808910669	0.1270347233	-0.1734599983	-0.1061899915	-0.0643462187	0.0196082149	-0.1139584907	0.3355925655	0.0471061805	-0.1019251181	0.1908155084	-0.0071691134	0.1587104684	-0.0096987376	0.1616701559	0.0729493026	-0.2120230028	-0.0182349563	-0.0230315313	0.0974378157	0.0783024689	0.0895827745	-0.0703499224	-0.1716024302	0.070686227	0.1124732704	0.0750906123	0.0239076785	-0.0177178007	-0.1205078054	0.0643531534	0.2257974914	-0.0627301129	0.1722443664	0.1716425515	0.1458139211	-0.0384399586	-0.0332502665	0.2669292143	0.1726910261	-0.1539813002	-0.0964636132	0.1849681105	-0.028221986	-0.0041015399	-0.2086854795	0.1018239402	0.1280392569	0.0097627045	0.0456053573	-0.2107813461	-0.1065606434	0.183685975	-0.0810960049	-0.084062469	-0.0811461457	-0.1562952469	-0.0802999784	-0.1268725389	-0.1661705699	-0.0344699311	-0.0009359312	0.1078644957	0.0120786843	-0.1605459194	0.2662725439	0.0343937915	0.0971875211	0.0101094156	-0.0564458873	0.0017830887	-0.1967022128	0.0817770105	-0.0230039568	0.0989319863	0.0606594461	-0.1054172954	-0.0057123653367625	-0.0011084019904359	3.263111774064575e-05	1.2285549724022652e-06	-0.0403369191821667	-0.0127536252937118	0.0001626549581324	0.0016270670491086	0.0501146023508312	-0.0001126480614601	1.268958575071865e-08	0.0025114733687819	0.0002039901520795	-0.0001049838756844	1.1021614153717553e-08	4.161198214541754e-08	-0.0001580124919942	0.0001460131034676	2.496794762621712e-08	2.1319826384240065e-08	-0.0001229839351945	4.496918233539999e-05	2.0222273599144503e-09	1.5125048315924976e-08	0.0
1201.5570812755009	-1.0851271898570758	1443739.419563301	1.1775010181671142	1744.9458801269532	2.7008273562869363	3044836.124572027	7.294468408467881	1169.5020723108532	-2.578519824772684	1367735.0971393802	6.648764486745753	1271.1550621668498	1127.7366336337002	1.284218	23.056797	0.0566506672209638	0.0248565675393931	-0.1761913939	-0.0623494604	-0.0204183473	0.0402639658	-0.1838047089	-0.1497912752	0.0723831196	-0.200483495	-0.062801932	0.0286361742	0.0020445491	0.2304916715	0.0993575125	0.1766592059	0.0535591833	-0.0554959875	0.0351720568	0.0285958782	-0.0722014566	0.2529991899	0.035407906	-0.0904271284	0.1526252447	0.0073365497	-0.0557060601	-0.0446100553	0.1315554027	0.069515016	0.0847157047	0.136807308	-0.0524027697	-0.0832848661	-0.0733892908	0.1896848976	0.0662257793	0.1970801821	0.1949793607	-0.1572113519	0.0515653335	0.0426577754	-0.0519199742	0.0541667829	-0.14663081	-0.1284384911	-0.1121659516	-0.0209031359	-0.0719971287	-0.1577216422	-0.0825255561	0.0857573932	0.0030843906	0.1840399745	-0.0470189537	0.1534330025	0.0540005214	0.0590700723	0.0286351425	-0.1200215209	-0.0419429394	-0.2285765409	-0.1657516224	-0.0369654689	-0.0272699826	0.1729647394	-0.066676797	-0.0768551383	-0.0552575197	-0.0364347509	0.013863833	0.0065356588	-0.0895034492	-0.1368895507	-0.1709026797	-0.0728163288	-0.1968002819	-0.0791268373	-0.0311589076	-0.1475131585	0.004783741	0.092680448	0.1580494754	0.0636296146	0.0500249722	-0.0519573028	0.117905309	0.0848032377	-0.0834968712	-0.1128676118	0.0234885706	0.0093341949	-0.0183256131	-0.0483858047	-0.115630151	0.0554119421	-0.1133587932	-0.0027813049973417	0.0029310603394208	7.735657488237914e-06	8.591114713325576e-06	-0.021184975805113	0.0191519433770537	0.0003667969351178	0.0004488031998632	0.0563292648875801	0.0062146625367488	3.862203044567025e-05	0.0031729860827751	0.0004720000252216	0.0002680098731421	7.182929210164455e-08	2.2278402380919106e-07	-0.0003339998638045	-0.0001759873718103	1.1155590902142457e-07	3.0971555036696784e-08	7.883920790925476e-08	0.0001230627744024	1.5144446443618276e-08	6.215620703758699e-15	0.0
1201.074077296481	-0.4830039790199407	1442578.939153593	0.2332928437490953	1738.5980388744458	-6.347841252507351	3022723.140778069	40.29508856703409	1169.847878353357	0.3458060425036819	1368544.0584878505	0.1195818190320582	1271.951368218881	1120.6796847395462	1.307638	23.477282	0.0555957062857056	0.0242763024834475	0.104517145	-0.0272277791	0.0846910606	0.1747181673	-0.3316638663	0.0431097883	-0.1152744825	-0.0554773087	-0.0640969299	0.1376565082	0.1834159937	0.0653658178	0.2038805598	0.1030104176	0.0714809728	-0.0655957681	-0.0403357464	-0.1260556062	0.0019459423	0.0425846556	-0.1552518567	-0.0325366152	0.0755312771	-0.0008108822	0.0911320703	-0.0189173263	0.1065340492	-0.037665462	0.0875127738	-0.0580782371	-0.1331180672	-0.1986347568	-0.026761903	0.0161808156	0.0077039627	-0.2153981265	-0.0372999357	-0.0926543202	-0.0462429553	0.03677125	-0.0723820666	-0.0929586053	0.0067409781	0.0945685419	0.0899362667	-0.0683059073	-0.1046245174	-0.0618067385	-0.0931003413	0.1344185992	-0.1193591603	0.0765981847	0.0534951012	0.023047749	0.142425537	0.1170857455	0.0511773025	-0.077113574	-0.0743959439	-0.0074165488	-0.059200737	0.0655540296	0.0855549688	-0.1152683377	-0.1791137647	0.0188639242	0.2273697401	0.0394625564	-0.0257673724	-0.0903781859	0.1849240453	-0.1254900006	-0.054522624	0.0226576044	-0.1827817997	0.0034628062	-0.1421323779	-0.0794201947	0.0613030656	0.0717340505	0.0236191802	0.0406109715	-0.0995109381	0.0471666164	-0.0626069404	0.0072077083	-0.1173355106	0.1799142035	0.1418796609	-0.0721006865	-0.1668079952	-0.035455496	-0.0864516725	0.0500887521	-0.1206811645	-0.003512647349936	-0.0007313423525943	1.2338691405012403e-05	5.348616366981653e-07	-0.0321692836704556	-0.0109843078653426	0.0001206550192806	0.0010348628118702	0.0501524241328468	-0.0061768407547333	3.815336170933424e-05	0.0025152656464009	0.0001659783878993	-0.0003060216373223	9.364924250942135e-08	2.75488252496505e-08	-0.0001580225020223	0.0001759773617822	2.4971111145387804e-08	3.096803185982331e-08	-0.0002719864679483	-0.0002720653071562	7.40195313580025e-08	7.397663874699163e-08	0.0
1202.9126071310195	1.8385298345385763	1446998.7403947464	3.380191952488445	1740.416488564981	1.8184496905350895	3029049.5536688585	3.306759277007164	1170.4830352264	0.6351568730431154	1370030.535752806	0.4034242533739082	1270.3686173756917	1115.7743082081188	1.330627	23.890017	0.0709195980992093	0.0421213810189778	-0.2092713695	-0.0519531975	0.024738323	0.0867587363	-0.2069121595	-0.1741209091	-0.0764320389	-0.1959188966	-0.0561812164	-0.031056253	-0.0030920879	-0.0669932055	0.1248565726	0.1450186597	-0.037653605	-0.1490836161	0.0511853399	0.1299209293	-0.0508319738	0.0735644879	-0.0595486705	-0.0623282558	0.1177917716	0.1677764659	0.1092349699	-0.0132445426	-0.1954851826	-0.0097483513	-0.1302930064	-0.1205004983	-0.1042165555	-0.1977217388	-0.1887062428	0.0196466062	-0.1370483642	-0.2211103519	-0.0718472232	-0.0462487136	-0.1787287081	-0.1794506723	0.0546905133	0.1104711308	-0.1568013013	-0.1551354625	-0.1114112574	-0.1813219721	-0.004154715	-0.0270321273	-0.0841074536	0.0802182718	-0.1312736328	0.0050332683	0.0740205726	-0.0277578398	0.0854377573	-0.0729231191	-0.1712467933	-0.1518492083	-0.1187804354	-0.0236367827	-0.10278878	-0.0592168512	-0.1812439628	-0.1171141366	-0.0871762022	-0.0651624596	0.066385364	0.2219418554	0.0538837577	-0.046737	-0.1560852432	-0.0982693532	-0.1153101128	0.0160722923	-0.1972384049	0.0260379607	-0.1189124403	0.0004541934	0.0771189784	0.0481033895	-0.0525960774	-0.0438809553	0.0660179007	-0.2743577046	0.1601835414	-0.0717414353	-0.1449149834	-0.1078336702	0.018094921	-0.063204804	-0.0799485864	0.0824904152	-0.1959623265	0.0446971468	-0.1273444172	2.6255730546154155e-05	0.0035389030804821	6.893633865122523e-10	1.252383501304608e-05	-0.0330139722495204	-0.0008446885790647	7.134987956025097e-07	0.0010899223636921	0.0727635935567292	0.0226111694238824	0.0005112649827155	0.0052945405472888	-0.0004615560815936	-0.0006275344694929	3.937995104017354e-07	2.1303401645603796e-07	-0.0002789071790356	-0.0001208846770133	7.778921451759624e-08	1.461310513660986e-08	-0.0004020640617577	-0.0001300775938094	1.692018041124326e-08	1.6165550975709964e-07	0.0
1203.9560447211766	1.0434375901570547	1449510.1576206598	1.0887620045527615	1740.1016777244774	-0.3148108405034691	3027953.8488195413	0.0991058652985006	1172.2360995604545	1.753064334054443	1374137.4731127075	3.073234559333748	1274.0264696333145	1114.8694784615257	1.292157	23.199341	0.0242184304037217	0.0119804060521022	0.0866382949	-0.0107478421	-0.0025225679	0.2479363693	-0.2423414956	0.0896576338	-0.1031041112	-0.0165545092	0.0098881306	0.1461733712	0.1918630004	-0.0978294785	0.2431084516	0.178643846	0.007966524	-0.066561205	0.0324088484	-0.1498847801	0.0150136316	-0.114614234	-0.01406762	-0.0286518141	-0.0663763534	0.2079056106	0.0899314898	0.07650531	-0.0311022912	-0.0416346654	0.0083497549	-0.0268610287	0.2200588065	-0.1807580933	0.2442991402	0.0703268785	0.1366521151	0.0152872872	0.0555662381	-0.0272141614	0.1947771082	0.012301812	-0.0276230874	0.084939077	0.0171258895	0.11660697	0.0936002318	-0.0484685286	0.0702635508	0.0739345482	-0.1413168716	0.1780292779	-0.123619443	-0.0048238442	0.1971177776	0.0500123523	-0.0615328511	0.0317453813	0.1255762047	0.0095051504	0.0315275635	0.0623621932	0.0185525189	0.0952644213	-0.1270717458	-0.0450223497	0.0488437767	-0.1115297185	0.0817362076	0.136771899	-0.1938962861	-0.1358094853	0.1089256221	-0.0770210724	0.0650227545	0.1978281618	-0.1973184744	0.0492979137	-0.1955866461	0.0673247197	0.0236451116	0.0585790667	-0.0613303841	-0.1145712138	-0.0733295549	-0.0717889919	-0.019996223	-0.0080630423	-0.171231147	0.0611935388	0.1560841417	0.0928109574	0.0162403725	-0.0620580401	0.013538555	0.0392444906	-0.1333121588	0.0013958876138957	0.0013696318833495	1.948502230627431e-06	1.875891495887624e-06	-0.0264724462942638	0.0065415259552565	4.279156182329576e-05	0.0007007904128026	0.0687322413603936	-0.0040313521963356	1.6251800530899884e-05	0.0047241210024234	-0.0005855318353869	-0.0001239757537933	1.5369987528616938e-08	3.4284753025155175e-07	-0.0001573822811073	0.0001215248979282	2.47691824065372e-08	1.4768300816483733e-08	-0.0004020463061037	1.7755654000035925e-08	3.1526324896899176e-16	1.6164123225163004e-07	0.0
1204.378616328201	0.4225716070243379	1450527.8514686318	0.1785667630631315	1739.5151488433014	-0.5865288811760365	3025912.953055333	0.3440161284536132	1171.9799742383182	-0.2561253221363131	1373537.0600156488	0.0656001806394301	1272.3603954315186	1120.5577789375998	1.283271	23.039803	0.0265214386167009	0.0174128867558248	-0.1692172501	-0.0866443015	0.006525814	0.0842519142	-0.0921457465	-0.0302182235	-0.0694669251	-0.1499854534	0.169414597	-0.0321011898	0.0731430076	-0.0525735021	0.3494511958	-0.0782540696	-0.0858201586	-0.1328384279	0.0171327988	0.0094503882	-0.2120911809	-0.152421198	0.1966094737	0.0935645733	-0.0633410853	0.1728375817	0.0589739627	-0.210156936	0.1397128927	0.0727646039	0.0917652179	-0.1525672489	-0.012084471	0.1599934208	-0.0795317449	-0.0327836742	0.0088527979	-0.2411871037	0.0387517445	-0.029894115	-0.0124182884	-0.0351049352	0.0047482963	-0.1395577909	0.0015557384	-0.0384314285	-0.1096917962	-0.0210461815	0.0954020724	0.160493891	-0.3152234911	0.0701718701	-0.0298837589	-0.0413200426	0.0653830971	0.149532208	0.030370422	0.0161717576	0.0480752617	-0.0087548588	0.1083452738	0.046215909	-0.2352476266	0.154937309	-0.0235007058	0.0281626026	-0.0279495961	-0.0870138026	-0.0821379594	0.1449095606	0.1585394594	-0.04479949	-0.12853489	-0.0435037622	-0.1124310975	0.2165643544	-0.0718869502	0.0936489578	-0.0468233823	0.1278586211	0.0445405782	0.1631528556	-0.0285308999	-0.1819887312	0.1388170496	0.0568591114	-0.0312762784	-0.0852027257	-0.0635020641	-0.0892961219	0.1242672501	0.0214033383	0.1158128143	0.1482078261	0.1074643353	0.0337382312	-0.1385517956	-0.0028600261576912	-0.0042559137715869	8.179749622677889e-06	1.811280203118304e-05	-0.0424497424033774	-0.0159772961091136	0.0002552739909582	0.001801980630113	0.0632192470142882	-0.0055129943461054	3.039310666019012e-05	0.0039966731930535	-0.0006010320323608	-1.550019697389997e-05	2.402561062296978e-10	3.612395039237537e-07	-0.0001573790764102	3.204697100002212e-09	2.4768173691727573e-08	1.0270083502762593e-17	-0.0004020475922306	-1.2861269000209554e-09	1.6541224029575134e-18	1.616422664184228e-07	0.0
1204.855325573274	0.4767092450731525	1451676.3555622802	0.2272517043382149	1739.3931966420766	-0.121952201224758	3025488.692524742	0.0148723393835638	1171.2773170975972	-0.7026571407209303	1371890.553547345	0.4937270574061133	1272.5081869407936	1142.0230000027743	1.398688	25.111986	0.0290884605146739	0.0145077840205335	0.1015631066	0.1308840615	0.0344442074	0.1716387004	-0.0132827133	0.0576973371	-0.1648424721	0.0940247187	-1.23294e-05	0.1529919656	-0.0157733576	-0.1288401413	0.0359796037	0.0127407735	-0.0119179061	-0.1583455024	-0.1824802421	0.0701915067	-0.1297607854	-0.0792232038	-0.0331940616	0.0045775671	0.0431976321	-0.0112600199	-0.0787908552	-0.0118272647	0.0809912106	-0.2935041952	0.0154374841	0.2253823206	0.246519004	0.0149241976	-0.0518324457	-0.1739106153	0.0412496855	-0.1101195687	-0.0277995664	0.004153378	-0.1382079034	0.1134523515	0.120804502	-0.1043846245	-0.1730988187	-0.0021088046	0.1633322904	-0.0897533271	-0.02594641	0.186121741	-0.1056408207	-0.134106652	-0.0861441565	-0.0096782601	0.0947647761	0.0001342367	0.09160105	0.0950529508	0.1308250036	0.2099850218	-0.1511380318	-0.1273177856	0.0278981132	0.0855952366	0.015374753	-0.0565000292	-0.184047025	0.1151506242	0.0358743573	-0.2544086721	0.2091220956	0.0309438643	0.0947986408	-0.1322611912	0.0792691993	0.1783452809	0.0183665274	-0.0340619252	-0.1265525444	0.1822010168	0.0087199312	0.0548647301	0.0030350277	-0.124689421	0.0869277892	0.0485866699	-0.0160131686	-0.066415463	-0.1737829382	0.0805670166	-0.006484247	-0.098907446	0.0699616529	0.0696724428	-0.1870770265	0.0281858894	-0.1430347106	0.0017862460835686	0.0046462722412598	3.190675071064162e-06	2.158784573990137e-05	-0.0388431777447806	0.0036065646585968	1.3007308636639464e-05	0.0015087924573126	0.060161136489512	-0.0030581105247762	9.352039981746991e-06	0.0036193623437096	-0.0004189961697365	0.0001820358626242	3.3137055281373e-08	1.7555779025385797e-07	1.608418396892297e-05	0.0001734632603791	2.5870097394615866e-10	3.008950270135541e-08	-0.0004019964534332	5.1138797399995484e-08	2.6151765995177838e-15	1.6160114857287093e-07	0.0
1205.5824707739043	0.7271452006302752	1453429.093837312	0.5287401427996432	1738.9221453692462	-0.4710512728304366	3023850.2276555817	0.2218893016351744	1172.6816166262995	1.4042995287022677	1375182.1739732714	1.9720571663134112	1274.0451764848497	1132.7675540715998	1.219535	21.895477	0.0209529571554841	0.0111166658534879	-0.0436656525	-0.1284976381	-0.0023577325	-0.0163908763	0.145820819	0.0127408572	0.0470238393	-0.0240123679	0.134575247	-0.0827710212	0.1968890724	-0.1041286037	-0.0225327149	-0.2058985325	-0.0830121659	-0.0996911726	0.0353483432	0.0046686098	-0.1454454796	-0.0904401052	-0.0208367095	-0.0825390642	0.0799451894	-0.0153652165	0.0381185713	0.1692034735	0.041454877	-0.0048390738	-0.0229221863	0.0886097561	0.0089467725	0.1596911268	0.0298859485	0.1138465188	0.0372642023	-0.0382227609	-0.0961384582	-0.0001608585	0.1317957182	-0.1340787618	0.0432550911	0.0135677799	0.0469512601	0.040775893	-0.184862113	0.0161528898	0.0240491037	0.0883351656	-0.1530594189	0.0005625314	0.0039394426	-0.072997151	-0.0812444667	-0.1244515531	0.1272837144	-0.0463533271	0.0568140244	-0.0561111104	-0.056194183	-0.04260297	0.1096757675	-0.1150370112	0.0881554448	0.0639049096	0.155394212	-0.0438059569	-0.0869702565	0.0169634145	-0.0207677138	0.0844630261	-0.01333221	0.0043975555	-0.1681173278	0.1581437322	0.0462650887	0.0499159083	-0.0162226013	0.213174331	-0.0229155291	0.1091354629	-0.0137896437	-0.1278976159	0.1083989398	0.2613373686	-0.0685371173	0.0348070858	0.0127292248	0.0487778722	0.1854028322	0.0749231851	-0.0051710652	0.1196814317	0.0806951959	0.022595049	-0.1467364196	0.0036140665116874	0.0018278204281188	1.3061476750900332e-05	3.340927517448393e-06	-0.041188024246253	-0.0023448465014724	5.498305115467368e-06	0.0016964533413099	0.0601043749031902	-5.676158632179906e-05	3.221877681767046e-09	0.0036125358825032	-0.0003310258268529	8.797034288360003e-05	7.738781227058157e-09	1.0957809804364613e-07	-0.0001574456396842	-0.0001735298236531	2.4789129455566932e-08	3.011259969708395e-08	-0.0003290260471785	7.297040625470002e-05	5.324680188975964e-09	1.082581397219085e-07	0.0
1205.1673045238392	-0.4151662500651127	1452428.2318932563	0.1723630151931277	1743.9924803037902	5.070334934544007	3041509.771356166	25.708296348457385	1170.9947342466992	-1.6868823796003198	1371228.6676334976	2.8455721626060377	1273.7320010079277	1145.5083182126823	1.233315	22.142895	0.0381294586794878	0.0185810220546413	0.0226464689	0.1995808276	-0.0681523093	-0.148120941	0.0133930948	0.0350997911	0.0326147546	0.0401905183	-0.1736102051	0.2052257283	0.0479371181	-0.0748464948	-0.0350332969	-0.0461767186	0.0919487993	0.1128801076	-0.2672026663	-0.0382035993	-0.1213599686	0.1429375604	0.0310461299	-0.0153697755	0.0119537743	-0.042118031	0.0002279268	-0.0352664397	-0.1091210458	-0.0280040857	0.0119844653	0.0982997436	-0.0867421679	0.0140587436	-0.1504741754	0.0343934603	0.0902643034	0.1131240683	0.0193099229	-0.0119793856	-0.0205814328	0.0760747227	0.0640983795	-0.1274678961	-0.0144721681	0.0065329158	0.0984750301	0.0702312039	-0.091659614	-0.1540651156	-0.134065152	-0.1923663592	-0.0257669315	-0.0036330856	0.0651278958	-0.2102947673	0.0340135832	0.0478509159	0.00320652	-0.1213421673	-0.0480606373	-0.1140748556	0.0009175911	-0.1541324999	0.1418606903	0.0953135183	-0.1414573103	0.0529689598	-0.0415453381	-0.1476654062	0.1106596297	0.1219898279	0.0380839722	-0.182650608	0.0290632383	0.0099075454	0.0228532593	-0.1341871435	0.0506722197	0.0886378683	-0.0484812301	-0.0582102858	-0.1267599811	0.1122288512	0.0842868943	0.1264418899	0.0946652556	-0.0890219228	-0.0318319649	-0.1217684767	0.0816798819	0.0874746039	-0.2224891386	-0.0612368342	0.079990004	0.0169733466	-0.1496367051	0.0077925471905047	0.0041784806788173	6.0723791716242697e-05	1.7459700783249484e-05	-0.0395028323324595	0.0016851919137935	2.839871786315005e-06	0.0015604737622864	0.0701197394908774	0.0100153645876871	0.0001003075278242	0.0049167778662685	-1.954386049730255e-05	0.0003114819663555	9.702101536474953e-08	3.81962483138023e-10	-0.0002179962644284	-6.055062474420001e-05	4.7522371304736894e-08	3.6663781569129268e-09	-0.0004020018860625	-7.2975838884e-05	5.325473060823526e-09	1.616055163978072e-07	0.0
1203.3759123211885	-1.7913922026507407	1448113.586354853	3.2090860237178727	1740.4761625547667	-3.5163177490235284	3029257.2724213665	12.364490512097897	1171.6210587903547	0.626324543655528	1372695.9054010315	0.3922824339853054	1272.1511637511078	1137.571321633079	1.263104	22.677711	0.0299044647903425	0.0151678652914505	0.1174714549	-0.1547577024	0.0545045131	-0.0682448959	0.1137729081	0.1553067187	0.0098872744	-0.021913824	-0.1223207199	-0.2073814746	0.0360244306	0.0417785285	0.0241429869	0.0036522313	0.0336554927	-0.0301328997	0.0296099756	-0.2056773325	-0.179146855	0.1004597868	-0.0446455023	-0.0514115132	0.0882013049	-0.0399382087	0.1388858411	0.0582783427	0.0436831419	-0.0736695036	-0.1220080886	0.0412502196	-0.1155006972	-0.0097620768	0.0128835994	-0.1026826503	-0.1499686439	0.091544664	0.1065683362	0.067187814	0.0553291134	-0.0608014231	-0.0802705279	0.0131563146	0.0066209197	0.1311298959	-0.073818307	-0.0516183607	-0.1407654205	-0.0510444755	-0.0999217324	-0.0121833692	0.0501744044	0.1674737983	-0.0604028074	-0.0857550354	0.0553049966	-0.0173953841	0.0240217758	0.0221947813	0.0062724235	0.0181947315	0.0683467267	-0.1106869606	0.0395568935	-0.0397172201	0.0952260562	-0.0450124036	0.0342087752	-0.1341003702	-0.1354065186	0.0693124077	0.1864534091	0.0446887538	-0.1884974177	0.0074280889	0.0109624299	-0.0590636752	0.068718131	0.0269177306	0.0596902308	-0.1173669693	-0.1524633576	0.1136946864	-0.0051326439	0.1087775301	0.2071242418	-0.083871418	-0.1229406724	-0.1100999869	0.064237972	0.1366670278	-0.1051995393	-0.0526628272	0.0594858486	0.0113284606	-0.1517197269	0.0004394847706947	-0.00735306241981	1.9314686367257305e-07	5.406752694962209e-05	-0.046969012675504	-0.0074661803430444	5.574384891486406e-05	0.0022060881517116	0.0671840402525845	-0.0029356992382928	8.61833001771351e-06	0.0045136952646608	0.0001634684398802	0.0001830123003775	3.3493502089465223e-08	2.6721930836866564e-08	-0.0001580329782886	5.996328613979999e-05	2.4974422226765124e-08	3.595595684683529e-09	-0.0004019870167959	1.486926660000231e-08	2.2109508922194428e-16	1.6159356167246717e-07	0.0
1205.5760153198212	2.200102998632701	1453413.5287144177	4.840453204592603	1743.0842568062446	2.608094251477951	3038342.7263257783	6.8021556245923325	1172.602586136874	0.9815273465192148	1374996.8250148848	0.963395931965051	1272.932046685395	1110.584602943767	1.294026	23.232901	0.0338416059084684	0.0197528768697817	-0.1691400711	-0.0357478445	0.1081041192	0.0787609969	0.0830784904	-0.1597709205	-0.0389818582	-0.0702838808	0.1964607307	-0.0696802915	-0.0150043809	0.1401219362	0.0564433187	-0.2063013401	-0.0108102778	0.0862997472	0.0155077572	0.0668443379	-0.1505551699	0.0379283902	0.1393391895	-0.0333731966	0.1206025715	-0.073615719	0.0603698416	0.0678281882	-0.0242485215	-0.0107106213	-0.0239334968	0.0145962553	-0.1281300772	-0.0539772441	0.0239990917	-0.2080883274	-0.0508615135	0.0206726588	0.0763746812	0.0779449885	0.0925563147	0.0798122565	-0.1953064746	-0.0737106797	0.0707266656	-0.1307718639	-0.0835032743	-0.0953963572	0.0047138344	-0.0160287057	-0.1463963899	0.044581728	-0.0238879079	0.05708018	-0.1241686542	-0.0083120584	-0.1634221737	-0.0576975047	-0.0831377264	0.0833922923	-0.0002997313	-0.2197011473	0.1077712234	0.0726497825	0.0774093414	-0.0266954752	-0.0239173727	0.1704180653	0.1989190278	-0.1554053207	-0.0710747365	0.1630643419	-0.0590697134	-0.0424251308	-0.165181617	-0.0191849733	-0.0388125127	0.0474727222	0.0141401688	0.1344542344	0.0554406818	-0.1445288953	0.0679362657	0.1418416052	-0.0196477002	0.0465275247	0.0563839097	0.1681753032	0.1293209675	0.2207560468	-0.0299446878	0.1222656507	0.0179444482	-0.1858045726	-0.0555415239	0.0056681013	-0.1529741081	0.0100845197051882	0.0096450349344935	0.0001016975376843	9.302669888760004e-05	-0.0450094088674717	0.0019596038080322	3.840047084454684e-06	0.0020258468865992	0.0694718350883221	0.0022877948357376	5.234005210427632e-06	0.004826335870539	-0.0001550478484485	-0.0003185162883287	1.0145262593069156e-07	2.4039835308509026e-08	-0.0002384686407139	-8.043566242529998e-05	5.686729260393512e-08	6.469895789796816e-09	-0.000402018512646	-3.149585010002063e-08	9.919885735229698e-16	1.616188845101021e-07	0.0
1207.306302399914	1.730287080092921	1457588.5078145529	2.9938933795364875	1742.249894920555	-0.8343618856895318	3035434.6963506853	0.6961597562913914	1173.5083087423573	0.9057226054833336	1377121.7506873475	0.8203334380835183	1275.3435276031494	1145.307071574818	1.304796	23.42626	0.0293188710521015	0.0172554818994188	-0.003442634	0.1792644365	-0.1056522138	-0.0789944993	0.0791628144	-0.0152075416	0.0100985629	0.1230006872	0.0291281691	0.1809584643	0.0880811866	-0.1608286919	-0.1220795818	-0.0123489419	-0.0821982144	0.0501749384	-0.1877338264	-0.0269914398	-0.0233113549	-0.0565343989	0.1130325026	0.1351562511	0.0204024548	-0.0356554906	0.051296435	0.0475165034	-0.0303790361	0.2729514581	-0.1988206802	-0.0344843573	0.0430771453	-0.0720666795	0.0976786421	0.1711327781	-0.0253560726	-0.0692978782	-0.0242551691	-0.0004244325	-0.1771932674	-0.0369200113	0.120859859	0.0266391522	0.0378319904	-0.0207133821	0.0647652086	0.1074134142	-0.0376570985	-0.0181323802	-0.0130489489	-0.1694767793	-0.2536562619	-0.0534207085	-0.0045596228	-0.2072902487	-0.0647234249	0.0237781641	-0.0728502805	-0.093435426	-0.0482378546	0.0448919977	-0.07902485	0.0663129374	-0.1048830805	0.0889387951	0.0767552765	0.1709559149	0.0309320346	0.085428902	-0.1003347561	0.1536035979	0.035073482	-0.1342304709	0.019676368	-0.0540416117	0.1386325492	-0.0327742879	0.0658951374	0.1710435507	-0.1093254888	-0.189597809	-0.0647084575	0.1486564805	0.0326724484	-0.0342749364	0.0065919856	0.0373738155	0.0789102802	0.0319129926	0.2359026598	-0.0200049058	-0.1281536962	0.0562261818	-0.0024255876	0.0	-0.1533929978	0.0089200424859399	-0.0011644772192482	7.956715795097289e-05	1.3560071941482507e-06	-0.0535803947532116	-0.0085709858857399	7.34617990535526e-05	0.0028708587019099	0.0833055068230805	0.0138336717347583	0.000191370473665	0.0069398074670503	-0.000189031838935	-3.398399048649999e-05	1.154911609386522e-09	3.5733036131147783e-08	-0.0001574616781772	8.10069625367e-05	2.4794180094380095e-08	6.5621279794223195e-09	-0.0004020147414221	3.7712239000023415e-09	1.4222129703948864e-17	1.6161585232067794e-07	0.0
1206.5744971286774	-0.7318052712366807	1455822.0171213208	0.5355389550097919	1750.8088556238122	8.558960703257071	3065331.648930763	73.25580831989878	1175.7682796254726	2.2599708831153293	1382431.0473734436	5.107468392529082	1276.3075046821878	1142.3260477170077	1.213078	21.779554	0.0408584538968042	0.0223653154940731	0.1038640217	-0.0934693202	-0.0650835176	0.0142169324	0.1078261047	0.1123368427	0.132063681	0.1353739033	-0.0221905093	-0.0112009967	-0.1120811089	-0.0437920533	0.1097121939	-0.0238090838	-0.0301415012	-0.0410393838	-0.029522279	-0.0716527128	-0.0394914979	-0.1383894056	0.0853781346	0.0206614978	-0.1863769629	0.0549001633	-0.1843256284	0.1597318891	-0.1215146563	0.0910588515	-0.1552986861	0.0062544908	-0.1210905705	0.0301493703	-0.0151454147	-0.0754455376	-0.1713985336	0.0517252989	0.2156953599	0.0019331115	-0.0705711074	0.1941566266	0.0170259447	0.1634698171	0.0713220127	0.0933361408	-0.0440900447	0.1597446527	-0.0076965128	0.1282141611	-0.0208766926	-0.0252365488	0.1522731293	-0.0269719023	0.0998774528	-0.017684272	-0.277626663	-0.0220472312	-0.0081514853	-0.1135368732	-0.1045833432	0.0540860193	-0.0604072221	-0.0070845803	-0.203159343	-0.0419119305	0.1477152994	0.0581614555	-0.0708612157	-0.0881778106	-0.0646581708	-0.00222922	0.1368870358	0.0489425105	-0.0923231818	0.1189996124	0.051933187	0.0040739317	-0.0818551971	0.079484786	-0.0475690226	-0.0734454906	-0.0652874147	-0.1131564641	-0.0776068433	-0.0937751816	0.287703078	0.1705519586	0.1459200851	0.0724724942	-0.0259389948	-0.1496254001	0.0633888929	0.1011588883	0.108462072	-0.0056681013	-0.1529741081	0.0089220296030276	1.9871170876990807e-06	7.960261223730083e-05	3.948634320225676e-12	-0.0638419270507029	-0.0102615322974913	0.0001052990450924	0.0040757916495472	0.0694152329647153	-0.0138902738583651	0.0001929397078603	0.0048184745675456	-0.0005230313301668	-0.0003339994912318	1.1155566014310125e-07	2.7356177233605216e-07	-0.0001573945375372	6.71406399999964e-08	2.4773040446549052e-08	4.507865539609116e-15	-0.0004020413220275	-2.6580605399996637e-08	7.065285834303302e-16	1.6163722461761997e-07	0.0
1205.2254701223344	-1.3490270063430216	1452568.433831602	1.819873863842815	1746.0680477657834	-4.740807858028802	3048753.627428614	22.47525914674764	1171.5914705849775	-4.176809040495073	1372626.5739474702	17.44573376076137	1274.488493495517	1137.0790298045763	1.156012	20.754999	0.010256413762519	0.005958353107313	-0.0970287614	-0.0758964429	0.044075047	-0.116147793	-0.0621003399	-0.0213148402	0.1295200877	-0.0945566433	-0.0304713437	0.0413288789	0.1693471209	0.0140083193	0.0062103357	-0.2921797061	0.1596502179	0.0541001986	0.0521026569	0.0725326721	-0.1733744482	-0.0692240419	0.0568851521	-0.0142554484	-0.1239871814	0.0026656476	0.0074363421	0.0495232445	0.1520001797	-0.1319287674	0.1203441223	-0.0705118926	-0.0033888485	-0.2503034401	-0.010397634	0.1732882415	0.1332842083	-0.0822765798	-0.1303114392	-0.0540437371	0.0142904321	0.0109586191	-0.1048935337	0.0524307465	0.0254896046	-0.0278375108	-0.1522062601	0.0544371094	-0.0482414305	0.0043355523	-0.1563441219	0.034212895	0.1037943439	-0.1228780614	-0.0055541151	0.0475758079	-0.0987309767	0.1487146973	-0.0268120115	0.0531223836	0.0527962279	0.0236173681	0.1559171681	-0.0178236036	0.1302060791	-0.0885384587	-0.1554771583	-0.0230609915	-0.0658348118	0.1179914915	-0.1211921311	0.1015021969	-0.0757414327	0.0269604547	-0.1505467378	0.0349964656	0.0199502884	-0.0392822832	0.0258534423	0.1043153437	-0.0651443191	0.1669754579	0.0132481595	-0.0846416321	-0.1008332702	-0.0962995943	-0.0159949668	-0.0954825318	0.2751410635	0.0496984466	-0.0411299249	0.236728648	0.0978381002	-0.1135822845	0.0146018841	-0.0113284606	-0.1517197269	0.0133087372419282	0.0043867076389006	0.0001771224869746	1.924320390918889e-05	-0.0603873340383529	0.00345459301235	1.1934212880977508e-05	0.0036466301122596	0.0694296639676537	1.4431002938394832e-05	2.082538458079603e-10	0.0048204782386613	-0.0004750313316468	4.799999852000004e-05	2.303999857920006e-09	2.256547660461321e-07	-0.0001574044247076	-9.887170400002358e-09	2.4776152917530515e-08	9.77561385186828e-17	-0.0004020375655513	3.756476199979347e-09	1.4111113441011278e-17	1.6163420411441586e-07	0.0
1204.074561418118	-1.1509087042163628	1449795.5494542334	1.3245908454409874	1739.5294090477196	-6.538638718063794	3025962.5649419087	42.75379628536293	1171.0838854957392	-0.5075850892383187	1371437.4668677975	0.2576426228170719	1274.5215128580728	1150.8805792825872	1.345211	24.151873	0.0439561393908176	0.0259963509122555	0.1361727501	0.1772047776	0.0519716194	-0.1211711078	-0.0586840543	0.0564096013	-0.0551578579	-0.0202969955	-0.1187066882	0.0898379207	0.1024920375	0.0612327116	-0.1411285392	-0.0797807321	-0.0878813819	-0.0925580852	-0.2015915567	-0.1485830231	-0.053640513	0.2633342812	0.1088869192	0.0557484928	-0.1466424332	0.0275367895	0.1347779072	-0.0910240826	-0.0628583311	-0.0393125631	-0.1270011781	0.0305525726	0.0637966099	0.0563851627	0.2122761224	0.0105995575	-0.0341762247	-0.036798229	-0.0629341943	-0.0924142926	-0.0523321751	0.1731311685	0.2086829058	0.0303096333	0.0457000357	0.0527682357	0.1635520342	0.0252921998	-0.1259819755	-0.1676852485	-0.2186439858	-0.1267532972	0.0477300961	-0.1341508956	0.0348977097	-0.0487154295	0.0044881013	-0.0500196807	-0.1289864009	0.0872200973	0.0579491662	0.2245249867	0.1019498525	0.0221695975	-0.0537074774	0.1397420824	0.1433931619	-0.0306719727	0.0014669338	0.0149654297	-0.0783486059	0.0310092237	0.095906823	-0.0989758838	0.0811755519	-0.0817416591	0.0504599016	-0.1152373341	-0.011243313	0.1522939588	0.0094879434	0.1661092912	-0.1023392914	-0.1701806559	0.0056168828	-0.123310731	0.0766838397	-0.1877326374	0.2123452512	0.0314965451	-0.3173512271	-0.1429247385	-0.0372137688	-0.0958037855	-0.0342273689	-0.0169733466	-0.1496367051	0.019325592223808	0.0060168549818797	0.0003734785148009	3.620254387297175e-05	-0.0667818990613682	-0.0063945650230152	4.089046183357061e-05	0.0044598220422427	0.0904214167543813	0.0209917527867276	0.000440653685059	0.0081760326078695	-0.0006860317396292	-0.0002110004079824	4.452117216873929e-08	4.706395477786665e-07	-0.0001573621583124	4.2266395199991016e-08	2.476284886873684e-08	1.786448163201823e-15	-0.0004020542231576	-1.6657606299961408e-08	2.77475847644514e-16	1.616475983588612e-07	0.0
1204.558724883594	0.4841634654760582	1450961.72169319	0.2344142613017862	1737.5337896398596	-1.9956194078599765	3019023.670140252	3.982496821027403	1171.910547151908	0.8266616561688807	1373374.3305258846	0.6833694937798767	1271.3523142426102	1121.1127305949817	1.379641	24.770027	0.0139110754822552	0.0076919501105049	-0.1171266051	-0.1046930257	-0.0415304544	0.0069218217	-0.0508480398	-0.1559507915	-0.0644001533	-0.0906101	-0.0718577155	-0.016350542	0.0160253371	-0.0963867145	-0.1633059527	0.0292480163	-0.0781865468	0.0386442158	0.0053601538	0.0163138157	-0.1460483332	0.0087456676	-0.0263505162	-0.0407874033	0.059444792	0.0616820866	-0.0523774146	0.0047232957	-0.0687830724	0.0062641432	0.0353274568	-0.2597246336	-0.0655251383	-0.0041478936	-0.1014803226	0.1269286526	0.0836467811	0.1876704005	-0.2554910499	0.0019293605	-0.1081788232	0.1057290481	-0.0077125084	0.0281063766	-0.0307988034	-0.1338142716	-0.1033397009	-0.117255318	-0.08471775	0.0212310006	-0.0091324908	0.0477320165	-0.0009492074	0.0687250612	0.0260746182	-0.0289279138	-0.073642594	0.1013554316	-0.1324490878	0.0809752513	0.0462869337	0.2675887931	-0.0276505967	-0.1976749748	0.168801496	0.1715852008	-0.079712352	-0.0116281694	-0.1302339552	0.0380875855	0.0795547751	0.0847106956	-0.1005773544	0.0253413943	-0.100529238	-0.0597659302	0.0032476019	-0.0197887525	-0.0642057549	0.1154500723	-0.0631511744	0.0336069246	0.0678191449	-0.033156979	-0.0756761227	-0.1689621282	-0.0626644097	-0.1372804338	0.0088345643	-0.0949053998	-0.2215091815	0.2171514759	0.246596724	0.0259535855	-0.0250221976	-0.022595049	-0.1467364196	0.0180435590494028	-0.0012820331744052	0.0003255700231692	1.6436090602754753e-06	-0.0687994995086143	-0.0020176004472461	4.070711564727701e-06	0.0047333711326358	0.0956313408221802	0.0052099240677988	2.71433087922302e-05	0.0091453533474479	-0.0005780312673993	0.0001080004722299	1.1664102001881416e-08	3.3412014609124104e-07	-0.0001573835314074	-2.1373094999995595e-08	2.4769575958264063e-08	4.568091898788369e-16	-0.0004020457126264	8.510531199960956e-09	7.242914130550887e-17	1.6164075504126982e-07	0.0
1205.2227409820332	0.6640160984391059	1452561.855380245	0.4409173789862924	1741.300378005569	3.7665883657093673	3032127.0064423373	14.187187916697162	1172.9597920235703	1.0492448716622675	1375834.6737039774	1.1009148007095684	1273.9289378837302	1134.2405682650478	1.140879	20.483299	0.0539446347416699	0.0298672714316111	0.1096628627	-0.1322320752	-0.0023495894	-0.0495915681	0.0690500176	0.1216395495	-0.0301054694	0.0702895025	0.0254839408	-0.1565323474	0.0160429424	-0.0719807518	-0.1005406063	0.0519824037	0.0335867126	0.0950306092	0.0982498551	-0.0640690249	-0.0470778008	-0.1494468441	-0.0307583291	0.0819078442	-0.1280506338	-0.0236363704	-0.0502677767	-0.0764316996	-0.0389557167	-0.0751308595	-0.000169975	-0.0039867949	0.1156921395	-0.0006476494	-0.0267774034	0.0036010464	-6.00966e-05	0.0398371	0.0618313216	0.002552625	0.0921196068	-0.0670996074	0.2007047736	0.2154665932	0.2700370489	0.1239369186	-0.0524079953	-0.0147876837	0.0418336957	0.0930104344	0.0767003929	0.0142464257	0.0252661715	-0.0024476437	0.0358556834	-0.0243247878	-0.2226951525	-0.0221028293	-0.0589062625	-0.0533384214	-0.0063436927	0.0515163452	0.0391233225	0.1087298504	-0.0015937514	-0.0149468784	-0.0803543478	-0.116821488	0.0326670243	-0.0847844841	0.0719892117	-0.0339462931	0.0686326625	0.1485775769	-0.0701526625	0.0186314802	0.1142493759	-0.0321514973	-0.0033376706	0.0044915638	-0.094200842	-0.1260345432	-0.0859109465	0.0240284122	-0.1054065094	-0.0856462061	0.0465161946	-0.0875813351	0.0039397806	-0.1273875153	-0.1351818882	0.1080699621	0.1167584214	0.1430408432	-0.0327517257	-0.0281858894	-0.1430347106	0.0192416226871756	0.0011980636377728	0.0003702400436356	1.435356480153401e-06	-0.0841470863169746	-0.0153475868083602	0.0002355484208401	0.0070807321356363	0.0956442447214271	1.2903899246907711e-05	1.6651061577434543e-10	0.0091478215483322	-0.0009276116620621	-0.0003495803946628	1.22206452332599e-07	8.604633955936115e-07	-0.000554813404322	-0.0003974298729145	3.07817913615367e-07	1.579505038849151e-07	-0.0004027570529748	-7.113403483999898e-07	5.060050912618189e-13	1.6221324372094585e-07	0.0
1204.1272946139718	-1.0954463680614026	1449922.541634363	1.200002745298918	1740.6281022355363	-0.6722757700326838	3029786.1902920846	0.4519547109730379	1173.384019357721	0.4242273341506006	1376830.0568840804	0.1799688310405253	1274.8426523773758	1132.3074015946822	1.198354	21.515209	0.0731277294191588	0.0404184364031911	-0.0624200682	0.1599379063	-0.0471285036	-0.1059195468	0.0781038354	-0.0804804014	0.038018885	0.1539297562	-0.0494855579	0.0076025165	0.0122968317	0.0080515375	-0.0130690875	-0.0553196616	0.2024530277	-0.006291248	-0.0948442932	0.1225568806	0.074229843	-0.0473107114	0.141270789	0.0550297552	0.0540086454	-0.07479277	-0.0423034492	0.0079697466	0.03073657	-0.0398427301	-0.0057449279	0.0668192437	0.1131851825	0.0968758508	0.0239453446	0.0842651986	0.1638859722	0.0465328619	-0.0210588856	0.2154317098	0.0073284884	-0.1209245874	-0.0448031357	-0.0388116855	0.1168668255	-0.1220324605	0.0427006497	0.1387685657	0.0365665931	-0.0064604673	0.0459091387	-0.1900589844	0.0475925551	0.0226541077	-0.0623789187	-0.0139118335	-0.0710359079	0.0378372256	0.085137141	-0.0599031361	-0.0637861609	0.000627058	0.1287492751	0.1401262477	0.0658273906	-0.0499955848	0.1775417262	-0.0802776075	-0.004555994	0.0321685424	-0.0218482893	0.0960591552	-0.047296539	-0.0846888705	0.0970132828	-0.0286372149	0.1179169748	-0.0700405045	0.1186723225	-0.0503341733	-0.0305987654	-0.026222955	-0.1493019755	0.0306976865	-0.10380769	-0.0594326038	-0.0405295768	-0.0426676938	-0.0261175813	0.0470726941	-0.0066744203	-0.033363133	0.0566467624	0.1423938498	0.0290973498	-0.0337382312	-0.1385517956	0.0290929404846025	0.0098513177974269	0.0008463991860406	9.70484623459e-05	-0.0490500253433907	0.0350970609735838	0.0012318036889834	0.0024059049861872	0.0957170658863901	7.282116496300228e-05	5.302922066568791e-09	0.0091617567018995	-0.0005780686721862	0.0003495429898759	1.2218030177138354e-07	3.341633897631163e-07	-0.0003428836630596	0.0002119297412623	1.175692063931693e-07	4.491421523154779e-08	-0.0004020991944494	6.578585254000133e-07	4.3277783944148005e-13	1.616837621768564e-07	0.0
1203.382296531668	-0.7449980823037095	1448128.9516058315	0.5550221426362046	1746.6469476648278	6.018845429291559	3050775.55978686	36.22650030170389	1170.8213800960318	-2.562639261689128	1370822.7040899766	6.567119985550599	1273.186278604578	1130.600580291748	1.174175	21.0811	0.0473544682491276	0.023076509515601	0.0617827915	-0.1490914559	-0.0029044148	-0.12503357	0.1381911228	0.1227930234	0.0729018402	-0.0554383359	0.0151642291	-0.1310735592	-0.0028428912	-0.0169451972	0.0107029607	-0.0429373947	-0.0153882224	0.0983504751	0.1001137458	-0.0198646823	-0.1185327173	-0.0571408615	-0.1050795887	0.0437361944	0.1077531321	-0.2474424317	-0.0299153371	-0.0801962778	-0.0405108456	0.0625541313	-0.1300488461	-0.070765937	0.0993708718	0.0642770257	-0.1373310884	0.1382459082	0.0186566958	0.0995544762	0.01981972	0.0559595918	-0.0018697343	-0.1119719857	-0.0148669242	-0.0496962611	0.027942479	0.1287269083	-0.1557603453	-0.0327120491	-0.1021621158	0.0102818297	0.0658116563	-0.0892069951	0.0313064721	0.0309730925	-0.2079355833	0.0020736996	0.0213898042	0.0423427472	-0.0807203068	0.0580546887	-0.1411809907	0.1554916763	-0.0808061388	-0.0034388032	0.0402491368	0.0302828975	0.0309020305	0.0467872015	-0.1174067785	0.1314753453	0.0888566813	0.0196805536	0.0511514044	0.1002378585	-0.1238639205	-0.0275245518	0.0448434392	0.0328280871	0.1805200799	-0.007789367	-0.027269462	-0.0005270017	-0.0632651625	0.0656735495	0.0365380161	0.1431136703	-0.0886162277	0.050246983	-0.0845221429	-0.0664427222	-0.1508286669	0.0398960031	-0.0569440108	-0.0450024794	-0.1375856471	-0.0392444906	-0.1333121588	0.0231906405285116	-0.0059022999560909	0.0005378058081226	3.483714477167065e-05	-0.0577734339806141	-0.0087234086372234	7.609785825198383e-05	0.0033377696739123	0.1002399812021934	0.0045229153158033	2.0456762953928088e-05	0.010048053831416	-0.0002300755100981	0.0003479931620881	1.2109924086007462e-07	5.293474034690092e-08	-0.0004759627932127	-0.0001330791301531	2.2654058052283546e-07	1.7710054882305737e-08	-0.0003190545998904	8.304459455900001e-05	6.896404685468695e-09	1.0179583771122323e-07	0.0
1204.7527952968403	1.370498765172215	1451429.2977755505	1.878266865338566	1737.064282968882	-9.582664695945825	3017392.323166196	91.82746267492644	1172.4845872961955	1.663207200163697	1374720.10744713	2.766258190676364	1274.3937130468862	1142.571129771146	1.128059	20.253126	0.0408697188101117	0.0218610333773762	0.1089969811	0.0651117307	0.1687740477	0.0282100095	0.0136112602	-0.0193079869	-0.1255099675	0.1373183387	-0.0516931885	-0.0490440031	0.0288253406	0.0448831667	0.0091357256	-0.0540963813	-0.0282313908	0.2114962521	-0.1330885826	-0.0480564821	0.1313869983	-0.0893241419	-0.1094270274	0.0035127098	0.0066807047	-0.2029065587	0.1121594792	0.1504382755	-0.0175487803	-0.0123628541	-0.0517269562	-0.0201569397	0.0299548494	0.0469659855	-0.0061630428	-0.0445094714	-0.0600463139	-0.0062503007	0.0119146322	-0.0568983482	0.0924555394	0.1216630197	0.0302207801	-0.0748993112	-0.1826576806	-0.0078496297	0.1830516817	-0.0422334903	-0.1210435692	0.162607002	0.0230211652	0.0419780517	-0.0002560549	0.0288697516	-0.1098083695	0.0659880124	-0.042296107	0.1631592536	-0.0328105956	0.0263037911	0.0300437902	-0.1348320899	0.0653988739	-0.1804181977	-0.0502128937	-0.0364161292	0.1899475109	0.0041723154	0.043342019	0.0980949612	0.1239124475	0.0703807081	0.1566511698	-0.0287430607	0.0195903063	-0.0129224105	0.0485814421	0.0431004418	-0.0303216536	0.0112134951	0.1082823302	0.0329884239	0.10897299	0.2098566951	-0.1474938273	0.0376347047	-0.1782568275	-0.0040006831	0.0997322739	0.0648950696	-0.1392399128	-0.0443411068	0.0601335144	0.1657934915	-0.1170565417	-0.0446971468	-0.1273444172	0.0185825135798722	-0.0046081269486394	0.0003453098109461	2.123483397477667e-05	-0.0769926945246339	-0.0192192605440198	0.0003693799758589	0.0059278750101635	0.105659896823326	0.0054199156211325	2.937548534019704e-05	0.0111640137967158	-0.0001235870941052	0.0001064884159929	1.133978274067692e-08	1.5273769829367563e-08	-0.0004329750522749	4.298774093780002e-05	1.874673958924524e-07	1.847945870935408e-09	-0.0004020267568861	-8.297215699570003e-05	6.884378836519093e-09	1.6162551325235536e-07	0.0
1206.039325892218	1.2865305953775987	1454530.8555985554	1.6551609728426386	1751.3376614132444	14.27337844436238	3067183.604284412	203.72933221598865	1174.9276992999764	2.443112003780925	1380455.0985823355	5.968796263018447	1275.4549162264225	1125.6241441624816	1.261092	22.641588	0.0430240561297629	0.0205923203750044	-0.1599800952	0.0273045547	-0.0384738941	-0.0241390865	0.0303914824	-0.1649182147	0.1495198157	0.018280409	0.0279381009	0.0131646969	-0.0210545321	-0.0061038972	0.0111735745	0.1219605678	0.1453260422	0.1225766205	0.0430145489	0.18075322	0.0214581167	-0.0820374893	0.0980939828	0.1162986424	-0.0095587782	-0.043469718	-0.0914146289	0.1246694656	-0.1241633578	0.0433918921	0.1837147154	-0.1950733839	-0.0299859088	0.1369223132	0.0237037563	-0.1482980028	0.0700051749	0.0381235496	-0.062582999	-0.1826121499	0.0974165742	0.0961385241	-0.097793641	0.2700192966	-0.1982808618	-0.1633515727	-0.0666125653	0.1115943227	0.0162826401	0.0090749035	0.0796705683	0.0249040498	-0.0465429367	0.0269785711	0.0075644619	0.1409046761	-0.2301232674	-0.075001873	0.1735640719	0.0173299438	0.1687447901	-0.1038611533	-0.1103301149	0.0059807427	0.030581252	0.0029007853	0.0776535512	0.172795815	-0.0355961608	0.0324904327	0.1556894448	0.1326306981	-0.1142185298	-0.0375733117	-0.0176143225	-0.030543138	0.0944657801	0.0825907791	-0.0489555175	-0.207097684	-0.0410691268	-0.06626097	-0.130555069	0.0586710353	-0.1477995102	0.0477860105	-0.1686912444	0.0160356599	0.0363038705	0.0945518799	-0.0174522717	-0.0916994033	0.1833249364	0.0125161904	0.0955838362	-0.0500887521	-0.1206811645	0.0332587946534062	0.0146762810735339	0.0011061474217974	0.0002153932261493	-0.0839633101794135	-0.0069706156547795	4.858948260665831e-05	0.0070498374562844	0.1104917182695004	0.0048318214461744	2.33464984877109e-05	0.0122084198061466	-0.0003395840681814	-0.0002159969740762	4.665469281007461e-08	1.1531733936262973e-07	-0.0004899411508925	-5.696609861760002e-05	2.400423313378675e-07	3.2451363917101302e-09	-0.0003440830704744	5.794368641170002e-05	3.357470794977429e-09	1.1839315938709093e-07	0.0
1204.65240934548	-1.3869165467378934	1451187.42734187	1.9235375076153636	1750.4729942527977	-0.8646671604467429	3064155.703608355	0.7476492983550334	1173.353958216417	-1.5737410835595256	1376759.511262133	2.47666099808311	1276.2822974946764	1142.816864566803	1.321728	23.730257	0.0283678490739369	0.0146906766666885	0.1323352058	-0.0905932986	0.0385453219	-0.0043865402	-0.0382375192	0.1743233382	0.06557387	0.0278161375	-0.078745235	-0.0933389208	-0.11284967	0.0121180551	0.0652913963	0.047017479	-0.0346764665	0.1110701722	0.0042770248	-0.0350078545	0.0039595924	0.0119142905	-0.0285083405	0.1829716714	-0.0089501518	-0.1006754667	-0.0247361877	-0.1486950441	0.0559587468	0.1443306331	0.0306019676	-0.0857090744	0.0405043522	-0.1818686387	0.0220023628	-0.3720007159	-0.0200096083	0.146462163	-0.0671775362	-0.0321568505	0.1937946675	0.0438282352	0.0800774287	-0.0512311845	0.0168212558	0.1450824374	-0.001922099	0.050701338	-0.0482867425	0.104879907	0.0984790891	-0.1176775517	0.0216843113	0.0695055439	-0.0211265697	0.0747341191	-0.0389319486	-0.1137015918	-0.0408959116	0.1527458052	0.232149451	-0.0935702973	-0.0418658609	-0.0710754261	-0.1357440269	0.0397426081	-0.1551631084	0.1509868566	0.2865829819	-0.0440913992	0.0527650282	-0.0085565751	0.1195619348	0.0780662318	0.0107286414	0.0362262919	0.0448391553	0.1524366599	-0.0090568306	-0.2461394231	0.056284402	0.1200843635	-0.060685141	0.0970389831	-0.1966057424	-0.1088531621	-0.1466627016	-0.1123998073	-0.025113866	-0.0812757685	-0.0503696225	-0.0699603122	-0.0397616205	-0.0725848677	0.1424219579	-0.0554119421	-0.1133587932	0.0341205488527549	0.0008617541993487	0.0011642118540132	7.42620300095125e-07	-0.0840539438222975	-9.063364288400266e-05	8.214457222424926e-09	0.0070650654720819	0.1162288958697246	0.0057371776002242	3.2915206816514305e-05	0.0135091562350952	-0.0002440295777176	9.555449046380004e-05	9.130660647796451e-09	5.955043480103018e-08	-0.0003009762427363	0.0001889649081562	9.05866986916602e-08	3.57077365144811e-08	-0.0001950367964648	0.0001490462740095	2.2214791796144763e-08	3.803935197525182e-08	0.0
1204.8804432922557	0.2280339467756675	1451736.8826281426	0.0519994808820879	1739.8223462903825	-10.650647962415178	3026981.796651372	113.43630201929858	1173.1251229933391	-0.2288352230777945	1376222.554198137	0.052365559321064	1274.0109526669537	1121.8025264913383	1.281568	23.009216	0.0361662922294299	0.016353784109466	-0.019370578	0.1498158422	0.1155461911	0.0639995326	0.1428333198	-0.0950926204	-0.0966837182	0.0943066125	-0.0763037728	-0.0510433313	-0.0239178873	0.0285524804	0.0301369915	-0.0958934257	-0.2074085488	0.0688789243	-0.1012566886	0.0763623829	0.0899376035	0.0039238283	-0.0280649341	0.0221318484	-0.0368581181	-0.0146474832	-0.0220768264	0.06283232	-0.1802482584	-0.0991245673	0.0431440134	0.0958050759	-0.0591105375	-0.0993750735	-0.0445845157	0.0169846729	0.1293619125	0.1295767963	-0.05465112	-0.0132957905	0.1521125942	-0.0210457079	-0.0189642768	-0.2259645205	-0.0403692752	-0.113501524	0.1055826574	-0.0251473271	-0.0461926129	0.0501184022	0.0079144015	-0.043313911	0.1352173017	-0.0705172706	-0.0962170322	0.0252775876	-0.0848697239	-0.1081453755	0.0805295666	-0.0155078517	-0.1005926191	-0.0652174833	0.1766456005	-0.2887441417	0.0390649	0.0791537033	0.0095529579	-0.0585880344	-0.02630242	0.1078920502	0.1938150098	0.0534585614	-0.0121808471	-0.1007250595	0.1392179364	0.0504792132	0.0899336206	0.1219472908	0.1523841023	-0.0787267346	0.1792491976	0.0142888371	-0.0004961571	-0.0077490084	-0.0425384247	0.0152738856	-0.027017627	0.008238963	-0.2402821574	0.0071154145	-0.1558814387	-0.1113028675	0.1263212134	-0.0641182597	0.0027766407	-0.0606594461	-0.1054172954	0.0428554695978107	0.0087349207450557	0.0018365912744488	7.629884042240609e-05	-0.0776473449768104	0.006406598845487	4.10445087669966e-05	0.0060291101819478	0.1136507017129275	-0.002578194156797	6.647085110142684e-06	0.0129164819998408	-0.0002210883525475	2.29412251701e-05	5.262998123052294e-10	4.8880059632167655e-08	-0.0004399549723022	-0.0001389787295658	1.9356037765342963e-07	1.931508727175156e-08	-0.0004020484113706	-0.0002070116149057	4.2853808705907226e-08	1.616429250856232e-07	0.0
1207.821460732129	2.941017439873349	1458832.681005094	8.649583581639186	1746.6561977077174	6.833851417334927	3050807.872990781	46.70152519421059	1173.6547098141762	0.5295868208370393	1377465.377868998	0.2804622008042824	1274.3793497509428	1129.8238190390846	1.173199	21.06356	0.035185698455856	0.0188963871696554	-0.0842934379	-0.1220601984	-0.0363553883	0.0347785902	0.0846406981	-0.0470813855	0.051976078	-0.0844751793	0.2599479456	-0.0263478584	0.1155724846	-0.0972981623	0.1018036632	-0.03500778	-0.1510873636	0.1214625631	0.1558824515	-0.0119982998	-0.0200578711	-0.221412409	-0.0549248373	-0.0509853337	0.1316867212	0.0622809928	0.0997385798	-0.2169154834	0.00233338	-0.0410560992	0.0291707906	0.0423308624	-0.1319474147	0.2159464973	0.1534273668	-0.0059060566	-0.0213001365	0.1019645449	-0.1810769758	0.0927839508	0.0204001952	0.0090314814	-0.0667135318	-0.0599012948	0.1530843176	-0.0082203096	-0.1568870155	-0.0445738845	0.0981201813	0.1825086616	-0.0296133158	0.0768355737	-0.0860899506	-0.0597872884	-0.1128774145	0.0802377064	0.2125566235	-0.0586680069	-0.0512901955	-0.0564758054	0.0785554327	0.1066801577	-0.0472828044	0.2175424176	0.080258019	-0.0206747289	0.2066884835	0.1782279623	0.0066079405	0.0346668069	-0.0457288946	-0.0093325777	-0.0850369475	0.0620801515	-0.0338469233	0.1485779197	-0.0466341665	0.2290072872	0.1735075235	-0.0030868648	0.034661522	0.0382290632	0.1484419282	0.1099308822	0.0516304615	0.0477896124	-0.1326955131	0.0444345233	-0.0152112062	-0.16789467	-0.0862537719	-0.0251032554	0.0276585781	-0.077611909	0.246616434	-0.0658240966	-0.096900045	0.0505245357305739	0.0076690661327632	0.00255272871079	5.881457534869559e-05	-0.061741463540315	0.0159058814364954	0.0002529970642718	0.0038120083201	0.1116913106335601	-0.0019593910793674	3.83921340190457e-06	0.0124749488710424	-0.0001280684767525	9.301987579499998e-05	8.652697292917224e-09	1.6401534737705634e-08	-0.0003399742861278	9.998068617440002e-05	1.1558251522810721e-07	9.996137607903864e-09	-0.0004020217771954	2.663417519995978e-08	7.093792885821526e-16	1.6162150933934785e-07	0.0
1205.4942021273746	-2.3272586047544337	1453216.2713627154	5.416132613403553	1748.2547413594014	1.59854365168394	3056394.6406856272	2.5553418063390256	1173.9570852470758	0.3023754328996801	1378175.2380018102	0.0914309024212689	1275.0552695239032	1147.3025384035975	1.346469	24.174459	0.0237680991497132	0.0139714434076128	-0.0291856645	0.1793230064	-0.1178231554	-0.2609456221	-0.1620813495	0.0383365214	0.1023205308	0.0142935952	-0.1124351444	0.2654966251	-0.149281912	-0.1486832995	-0.0555078326	-0.073445589	-0.0292078765	0.0092693162	-0.1591821485	0.1238376185	0.0519082806	-0.060227694	-0.0841573683	0.069923882	0.0072712262	-0.0536297904	0.0494905301	0.0152641045	0.07437356	0.1573421789	0.2635662696	-0.136002746	-0.0953512376	0.0519879942	0.0908252475	0.1161938546	-0.0759558679	0.1135981595	-0.0923755974	0.1538738823	0.0503408387	-0.0331967202	0.0782806785	-0.0204120297	0.100318145	-0.0653716941	0.0318917384	0.0804731672	-0.0369630554	0.0056251242	0.1645608205	-0.1928490924	-0.173787859	-0.0389579269	0.1440690953	-0.0804403519	0.126689084	0.04789326	0.1817265483	-0.0772582278	0.1729966911	0.0808565008	-0.245149274	-0.1187913437	0.1108003036	-0.0962895015	0.0719160352	-0.0048294678	0.0973661828	-0.0444076858	0.0124175226	0.0916393795	-0.0584483413	-0.0475540532	0.145976105	0.0574654778	0.0246207327	-0.0125176691	0.136081919	-0.1209018314	-0.0771927232	0.0571871522	-0.1234753485	0.0387554856	0.0027578394	-0.2026177747	-0.1245753581	-0.0504722141	-0.0483796873	0.1200921153	0.177783042	-0.1769154554	0.0669046305	0.0022410189	0.0799871627	-0.0708988393	-0.0878535601	0.0505180900882464	-6.445642327504442e-06	0.0025520774261641	4.154630501411688e-11	-0.0627380241118373	-0.0009965605715223	9.931329727128714e-07	0.0039360596694574	0.1127086659009535	0.0010173552673934	1.0350117400931178e-06	0.0127032433691727	-0.0002620934636857	-0.0001340249869332	1.7962697122444432e-08	6.869298370676734e-08	-0.0005689566339337	-0.0002289823478059	3.237116512971664e-07	5.2432915606702185e-08	-0.0003300743585651	7.194741863030002e-05	5.1764310475636425e-09	1.089490821821622e-07	0.0
1204.3216517770989	-1.172550350275742	1450390.6409391195	1.3748743239317651	1742.3323261157886	-5.922415243612704	3035721.934628055	35.075002317776125	1173.093754730513	-0.8633305165628826	1376148.9573877328	0.7453395808287337	1273.7896815759163	1128.8702742975408	1.372054	24.633797	0.0461350526260089	0.0232859985244503	0.0772199444	-0.1463638979	0.0862066177	-0.0682179289	0.1736324983	0.2180664294	-0.0878337748	-0.0798917864	-0.0242514557	-0.1410977561	-0.1588053488	-0.1005514163	-0.0623636281	0.0682527027	-0.2769883883	0.1121809828	0.0399227775	-0.0031209787	0.0882396134	-0.0551877572	-0.1905817937	0.1905624982	0.021131785	-0.0542457017	-0.0423379233	-0.0136600365	-0.0616143567	-0.1040038172	0.1161749198	-0.0268577759	-0.049541962	0.0668848249	-0.1624174816	0.1037462405	-0.124998316	-0.0828486139	0.1621157044	0.0463363564	-0.2135294094	0.0306307436	-0.0412529892	-0.1208495952	0.1640269291	0.1537788747	-0.0789420481	-0.1443413818	-0.0848785726	0.0758606507	0.2115001798	-0.1912525479	-0.0283036433	-0.0528187849	-0.0523353534	0.027093362	0.0298284263	-0.0606796745	0.1846192728	-0.018979077	-0.1227862589	0.0684268681	-0.0306045755	-0.0093955646	0.1403426609	-0.1801335972	-0.0418015023	-0.14200659	-0.1102781118	-0.0185886483	-0.0346815849	0.0052129255	0.0610701337	0.1859644121	-0.03620079	-0.0173869661	0.0800750417	0.1215993546	0.1113207196	-0.0251942251	0.088843658	-0.0502860839	-0.1344435195	-0.1063903807	0.1148291994	-0.0952168381	-0.0786786084	0.0227622468	-0.1309203751	0.1205894882	-0.019805671	-0.0320161548	-0.289822724	-0.0226185984	0.0161895592	-0.0758767427	-0.0783272495	0.0505573115663509	3.922147810449944e-05	0.002556041752817	1.5383243447017292e-09	-0.0740830019197318	-0.0113449778078944	0.0001287085214616	0.0054882911734389	0.1228029001826485	0.0100942342816949	0.0001018935657337	0.0150805522932695	-0.0005780931199081	-0.0003159996562223	9.985578273267497e-08	3.341916552850808e-07	-0.000463883535565	0.0001050730983687	2.1518793456828465e-07	1.1040356000798511e-08	-0.0004021339851403	-7.20596265752e-05	5.1925897821572705e-09	1.6171174200481906e-07	0.0
1209.0000301643497	4.678378387250859	1461681.0729373985	21.88722433429595	1738.9776285944758	-3.3546975213128007	3024043.192752067	11.25399545950225	1172.99183063471	-0.1019240958030422	1375909.834735768	0.0103885213052677	1274.7084877508655	1134.986801660711	1.30707	23.467085	0.048135315258387	0.0273802255781294	0.0607000682	0.1391515799	0.0756093672	0.2317621667	0.1463172034	-0.1113769374	-0.1940649144	0.1339897428	0.1424359542	-0.0386635804	-0.056178577	-0.0267558487	-0.1510599112	0.0896490937	-0.0322156394	0.2377206393	-0.0948316432	0.0525496762	0.2084609393	-0.1114371657	-0.0731544824	-0.0143397891	0.1562695785	-0.1684905518	0.0262353913	-0.0795428634	-0.1506898128	-0.1040881225	-0.1149660549	0.1550706701	-0.0085646871	-0.1464540205	0.2493480005	-0.0852033325	0.0884613453	-0.2229409374	-0.0199456278	-0.0318809341	0.0690073458	-0.1051767378	0.0802331919	-0.0053959451	0.0305327087	-0.0817614204	0.220433291	-0.1084288414	-0.0063930755	0.1249848247	0.1660402977	0.0738564238	-0.1396721909	-0.0765637702	-0.2199895329	-0.1341164635	0.0822274147	-0.1535933488	-0.0566444076	0.1167563188	-0.1085272868	-0.1847094615	0.0543732224	0.0750184621	-0.0006798209	0.0345290778	0.040012513	-0.0097127281	0.0668121769	0.1149626777	-0.0167464891	0.0648386333	0.0280709296	0.036848128	0.1864996028	-0.0452233124	0.0072011122	0.1474267291	0.002395615	0.1630550772	0.0072215397	-0.1734295149	0.1860410122	0.1528107849	0.1979335146	-0.1366759259	-0.0630105425	0.0320834624	-0.0449657596	-0.0355472238	-0.1227560815	-0.0179858806	-0.1286917483	0.2078192422	0.0892188611	-0.0807510076	-0.0683731426	0.0532437874264104	0.0026864758600595	0.0028349008995087	7.217152546682449e-06	-0.0956765188755071	-0.0215935169557753	0.0004662799745193	0.0091539962641352	0.1305036626964408	0.0077007625137922	5.930174329382849e-05	0.0170312059771863	-0.000317105208252	0.000260987911656	6.811469003061223e-08	1.0055571310054429e-07	-0.0005259359190588	-6.205238349380002e-05	2.7660859095622466e-07	3.850498297261626e-09	-0.000402083081715	5.0903425299984185e-08	2.5911587072710693e-15	1.6167080460143137e-07	0.0
1208.3406782491722	-0.6593519151774672	1460087.1947116696	0.4347449480481938	1749.768385768581	10.790757174105238	3061689.403835186	116.44044039050368	1175.0692191745925	2.077388539882577	1380787.6698515865	4.3155431456354645	1277.806932844939	1125.1485168352997	1.228492	22.056303	0.0611243877334733	0.0376284244306022	0.0931207167	0.0170129361	-0.2315700256	0.0986752774	0.1227315134	-0.0235310521	0.271430795	0.1739584141	0.0100644509	0.0085051907	0.2426785267	-0.0672304977	-0.1042307752	0.0847435496	0.2174697385	0.0214206088	-0.1055492513	-0.0930594277	0.0652139196	-0.0145376487	-0.1203332782	-0.2028777085	0.0224104325	-0.0006377802	-0.0610201939	0.1866385617	-0.0016126751	0.1718763997	-0.051337773	0.0264811836	0.015923735	0.1171622408	-0.1292663125	-0.191306028	0.0022357686	-0.0891269127	-0.0685514377	-0.0040600834	-0.088321229	-0.1809777962	0.245806558	-0.1057779204	0.0054400523	0.0287400504	-0.0033338488	0.2740434286	-0.1306401729	0.0567630389	0.1244340059	0.2457197268	-0.091363214	0.0354086512	0.0001532433	-0.1143498904	0.0799431111	-0.0538943673	-0.1641380669	-0.0756197609	-0.1340740465	0.0734913689	0.0226298042	-0.2001885814	-0.2074720195	-0.1679655313	-0.0333401123	0.1246802252	-0.1523146353	-0.1130190303	0.1137178482	0.0725657836	0.0601088156	0.1053090661	0.1505750588	0.1012272605	-0.0511827313	-0.0113917758	0.0936232598	-0.071879168	-0.2470244872	-0.0393353434	0.1190481799	-0.0116156296	-0.0146907042	-0.1058667535	-0.0108275879	0.379785403	-0.1127295096	-0.0678979146	-0.0545075072	0.0714052032	-0.1331862574	0.0492587196	0.0092538954	-0.0855149763	-0.0580456054	0.056964165258563	0.0037203778321526	0.0032449161236048	1.3841211213972483e-05	-0.0689049576254774	0.0267715612500297	0.000716716491764	0.0047478931853688	0.1049209408989497	-0.025582721797491	0.0006544756545678	0.0110084038391208	-0.0003011230122623	1.5982195989699998e-05	2.5543058865318267e-10	9.067506851392128e-08	-0.0006109396542373	-8.500373517849995e-05	3.7324726111959163e-07	7.225634994296549e-09	-0.0004020916876228	-8.605907799970683e-09	7.406164906159624e-17	1.616777252553514e-07	0.0
1204.7424597101349	-3.5982185390373616	1451404.394228426	12.947176654672164	1744.5260695173934	-5.242316251187731	3043371.207225805	27.481879677466985	1174.194204636918	-0.8750145376745877	1378732.0302029245	0.7656504411418724	1276.3416699444806	1146.7568401128597	1.201984	21.580376	0.0475365416716378	0.0238525999033149	0.1012965673	-0.1144892876	0.0119271226	-0.1598630747	0.1134029923	0.067832547	0.1737878046	0.1157474674	-0.0925822001	-0.2375422924	0.0381292836	-0.0105941275	-0.0797464797	-0.1243113084	0.1515488619	-0.1996823983	-0.0043164286	0.0419505613	0.0353022101	-0.0629862512	-0.1372083811	-0.0812874592	-0.1182862632	0.0569617665	-0.1286701746	-0.0647894003	0.2135456349	0.1796781713	-0.0678169946	0.078132725	-0.1168449243	-0.0624107876	0.0949608717	-0.0746815588	-0.04551334	-0.0352969432	0.2152273131	0.0317045782	0.0071597302	-0.019868054	0.0201237769	-0.0312736997	-0.1944056117	0.0558856301	-0.0848156934	0.1520828612	-0.0862621804	0.0799387952	0.1944773798	0.0444797684	0.2438115242	-0.0369264593	0.0345246056	-0.1114428035	0.1367370792	0.0563812779	-0.0024767926	-0.1572079361	0.0494352542	-0.1560275527	-0.1012280898	0.0456610026	-0.1549065215	0.0626835448	-0.0207914347	0.039801439	0.1116722768	-0.0866399693	-0.2002131891	0.037571698	0.0427964898	0.2471788252	0.058772022	0.1345207353	0.01433659	-0.1505768035	0.1081029055	-0.1710056675	0.0127672979	0.1062782011	0.0563645106	-0.0835879775	0.0085798599	-0.0868334944	0.1338917626	0.2713536162	0.1228983516	0.0976829905	0.062464075	0.033414001	0.0129154992	0.0642054798	-0.0412249089	-0.0901621419	-0.0474010431	0.0504437399536357	-0.0065204253049273	0.00254457090051	4.25159461571363e-05	-0.0714836733171608	-0.0025787156916834	6.649774618534198e-06	0.0051099155509145	0.1240048207152568	0.0190838798163071	0.0003641944688432	0.0153771955606229	-0.000247044684582	5.407832768029999e-05	2.9244655246978997e-09	6.103107618021989e-08	-0.0004999774959313	0.0001109621583059	2.499774964377331e-07	1.2312600575925798e-08	-0.0001800617564347	0.0002220299311881	4.9297290343392425e-08	3.2422236130349225e-08	0.0
1203.6172070628188	-1.1252526473160742	1448694.3811377003	1.2661935202918333	1742.475908104149	-2.0501614132442683	3036222.290323379	4.203161820355735	1172.0376817670797	-2.156522869838227	1373672.3274819504	4.650590888135302	1272.427617906641	1117.6816950156472	1.289482	23.151304	0.0371874314338706	0.0215772098368427	-0.1470853392	0.0377274248	0.1082744686	-0.0954398587	-0.0317756525	-0.1813946426	0.0090059527	-0.052281217	-0.2072396224	-0.0706523259	-0.0818607006	-0.0796628367	-0.1470554703	-0.0636302768	0.1999162079	-0.0020065642	-0.1006706547	0.2048173923	-0.0014588954	0.0977805452	-0.2043791567	-0.1469153955	-0.1259330503	0.0911361569	-0.0207143413	-0.0992360122	-0.0151240507	0.1384410534	0.0725643293	-0.0075195704	0.0944223974	0.1691616505	-0.0807281471	-0.0091453544	0.0150166104	-0.1235619734	-0.0692938127	-0.0429060084	-0.0015373962	-0.0015968151	-0.3323111477	0.0708988166	-0.037801063	-0.1857266104	-0.0115552553	-0.0807945861	-0.1348837241	-0.081107598	0.1550751059	0.0023458877	0.1951452709	0.0308974329	0.2551186373	-0.054149991	0.0605394096	0.0685021152	-0.0003409807	0.1714824628	0.190469615	0.0533695869	0.045948414	0.1942826263	-0.011140495	-0.0704126212	-0.1371862697	0.1589723106	-0.0955097498	0.2274814611	0.0237171059	0.1383222812	-0.1743170397	0.1433999102	0.1567292052	0.0191434479	-0.0635328431	-0.2093401584	-0.038365192	-0.1754380726	0.0763339291	-0.0011951878	0.0814603605	-0.1754491089	0.0524572376	-0.1333422496	-0.0356051339	-0.0672933402	0.0148007349	0.0199376573	0.0454429768	0.1133926401	-0.0983697992	-0.1865480623	0.0894699907	-0.0946861568	-0.0364975928	0.0505445853246016	0.0001008453709658	0.0025547551056359	1.01697888452498e-08	-0.0744479855349737	-0.0029643122178129	8.787146924674854e-06	0.0055425025502156	0.1341341008082537	0.0101292800929968	0.0001026023152023	0.0179919569996387	-0.0005780538169384	-0.0003310091323564	1.0956704570333673e-07	3.3414621527705325e-07	-0.0006379507677529	-0.0001379732718215	4.069811820765145e-07	1.9036623737157103e-08	-0.0001691842855708	1.0877470863899992e-05	1.1831937239499323e-10	2.8623322484102012e-08	0.0
1204.7675416274117	1.1503345645928675	1451464.829358957	1.323269610497062	1735.7433461782095	-6.732561925939535	3012804.963801928	45.32739008661066	1173.0018788213315	0.9641970542518266	1375933.4077183737	0.9296759594278996	1272.9650311858566	1132.3254616407914	1.266525	22.739134	0.0444349873533327	0.0266852293825905	0.1178727186	-0.1154090644	0.1126766203	0.0447834438	0.0415385678	0.0758259892	-0.1545397876	-0.0126418327	-0.0728924371	-0.2022779475	0.1173368801	-0.0614998341	-0.0556450231	0.1013851642	0.1169385084	-0.165412497	0.0608415284	-0.1051427678	0.0042265482	0.0438757645	-0.2379826972	-0.0306504631	-0.0850732894	0.1350165807	-0.1202224182	-0.0864761983	-0.08056065	0.2080701465	-0.0011882479	0.1685776754	-0.0169058828	-0.0208133792	-0.0151081797	0.0616597774	-0.0769861737	-0.0400895086	-0.0951295667	-0.0507133943	0.1160393976	0.0831597787	-0.0859871332	0.0252643926	-0.0390502065	0.1019346941	0.0317612929	-0.1317015237	-0.1161091018	0.0850106257	0.1653462855	0.0743503924	0.1146699341	0.0900917126	0.1998482232	-0.0558014789	0.0358484592	-0.0906540862	-0.0574549322	-0.0749167452	0.0518157419	0.0170888093	0.0263690428	0.0141375979	-0.0593036341	0.0970014251	0.0638817371	0.0355033425	0.0210300519	-0.0308741734	-0.075674328	0.0677021162	0.0867432093	0.2815511162	0.0810730342	0.0635093384	-0.1312554865	-0.1545961336	-0.115079251	-0.0467764405	0.1183734127	-0.059916738	0.128628288	-0.0632161554	0.1072360118	-0.1178494882	0.0866263051	-0.1111772249	-0.0533442151	-0.0481986207	-0.0028235699	-0.1415050999	0.0223623633	-0.0943884736	-0.03682439	-0.0990808418	-0.0253948054	0.0504759640868996	-6.862123770200179e-05	0.0025478229505019	4.708874263754632e-09	-0.0829538225743533	-0.0085058370393795	7.23492637404819e-05	0.0068813366796972	0.1407043361326998	0.0065702353244461	4.316799221859957e-05	0.0197977102065437	-0.0001110576298047	0.0004669961871337	2.1808543879741374e-07	1.233379713783779e-08	-0.0005569878170732	8.096295067969996e-05	3.102354283679685e-07	6.5549993827635285e-09	-0.0002070310227935	-3.784673722269998e-05	1.432375518404104e-09	4.2861844398922713e-08	0.0
1207.0116092087028	2.2440675812911195	1456877.0247645825	5.035839309401776	1739.9221678037902	4.178821625580667	3027329.1500150408	17.462550178420653	1174.1012663237314	1.0993875023998498	1378513.7835829896	1.20865288043298	1274.451649687025	1122.2026638135044	1.25657	22.5604	0.050184214550286	0.0275530889060387	-0.1290687805	0.0924358305	-0.0063935301	0.0433936762	0.0968616337	-0.2067483688	-0.0898358428	0.0025909032	0.0426251939	-0.048259754	-0.0886667805	-0.1196748605	-0.1446969073	0.0854594842	-0.0178307039	-0.0996411556	-0.0912396902	0.1590825067	-0.0239343453	-0.0794628797	-0.0185914254	-0.1869381574	-0.1879674404	0.0071945761	-0.154230491	-0.1235153087	0.0288112169	-0.0082766343	0.098752188	0.0915017111	-0.0483723227	-0.0965902367	-0.010338731	-0.1213929075	-0.1202323303	0.0130352163	-0.0299522809	0.1904787088	-0.1910848349	-0.0363486495	0.0320945621	0.320152458	-0.0210201353	-0.1734591222	0.0459013906	-0.0257618285	0.0485677327	0.0145508586	0.079613425	0.1489426694	0.0525595237	-0.0645083607	0.2022100566	-0.2467630704	0.0116456815	-0.0895041703	0.0555914426	0.0190945097	-0.0180135207	-0.1333316518	-0.1879781887	0.1122318942	0.1209030836	-0.0347999694	-0.0180264965	-0.144671786	-0.2757089248	-0.0797428991	-0.0761183239	0.1535102889	-0.1328499302	0.0895027371	0.1577956791	0.029193587	-0.1399314452	-0.1871734789	0.0068647731	0.0259466669	0.0499838157	-0.2102471548	0.128476578	0.0760871023	0.1983743409	0.1601484194	0.065525312	-0.0949260649	0.0497091587	-0.0496166007	0.1223604914	-0.1806733803	0.0333239785	0.0034555082	0.0558671144	-0.1033401944	-0.0141533203	0.0552317858127793	0.0047558217258797	0.0030505501640687	2.2617840288349407e-05	-0.0851934643853979	-0.0022396418110446	5.015995441779168e-06	0.007257926373986	0.1189086280907929	-0.0217957080419069	0.000475052889048	0.0141392618344345	9.889255557699712e-05	0.0002099501853816	4.4079080341808995e-08	9.779737548549465e-09	-0.0005340194498137	2.2968367259499997e-05	2.851767727793269e-07	5.275458945672711e-10	-0.0004019733295814	-0.0001949423067879	3.800250297578773e-08	1.6158255769475686e-07	0.0
1206.2915839401417	-0.7200252685611304	1455139.3854848158	0.5184363873665279	1740.6697166649071	0.7475488611169112	3029931.062514288	0.558829299757191	1174.5927588998256	0.4914925760942878	1379668.149259904	0.2415649523557993	1276.1023233343053	1142.9577088783003	1.375429	24.694391	0.0766072547037913	0.0372983894143657	0.1358216019	-0.0071289793	-0.0392183362	0.0774429628	-0.0722627895	0.0300886136	0.0511903509	0.009228232	-0.0521941192	-0.1144461183	0.0980086055	0.0596983397	-0.0401988244	0.0856119808	-0.0588163123	-0.0738346222	0.0152696333	-0.0130542373	0.0905696945	0.0465518177	-0.0753291896	-0.1455265165	-0.3106612224	0.0913581853	0.019931092	-0.1352590865	-0.003689192	-0.0780794506	-0.0535961976	0.0664944589	-0.1602292149	0.023948994	-0.058830301	-0.1338869871	0.0956870138	0.1076134268	0.0617558904	-0.0982605353	-0.052356293	-0.1173428938	-0.222868735	-0.1792300961	0.0779431172	0.0721156712	0.043611669	0.0845937382	-0.0894113405	-0.0277625969	0.071221011	0.2454947047	0.2192103745	-0.2021814243	0.0878546414	-0.0254620344	0.0492248692	-0.1341869955	-0.1192426173	0.0487367372	0.0708008119	-0.0166716191	-0.0073135384	0.0862704525	0.0557441637	-0.0356699626	-0.1318813792	-0.1637064378	0.1112087445	0.0434359606	0.1104503167	0.0709751483	0.0904419899	0.177707768	0.1667312249	0.0265226859	-0.1688212478	-0.1502604851	-0.1344536899	0.0225749249	-0.0847856185	-0.0147507546	0.1608337861	-0.0966154604	-0.0700011435	0.1424397341	-0.0732162593	-0.007697703	0.1408507628	-0.1186777715	0.0672720856	0.088108463	0.0441456929	-0.1393358621	-0.1195902524	-0.1074583966	-0.0028345346	0.0619714995735023	0.006739713760723	0.0038404667593885	4.542374157647896e-05	-0.1059367026873729	-0.0207432383019749	0.0004302819352525	0.0112225849762728	0.1381883619402941	0.0192797338495012	0.0003717081373076	0.0190960233757417	-9.00796697414297e-06	-0.0001079005225511	1.164252276680909e-08	8.114346900725044e-11	-0.0004080000521682	0.0001260193976455	1.664640425692539e-07	1.5880888582934658e-08	-3.900187394619696e-05	0.0003629714556352	1.3174827760593817e-07	1.521146171315037e-09	0.0
1205.1359865337	-1.155597406441757	1452352.7460385542	1.3354053657749152	1742.2283736770216	1.558657012114509	3035359.70604528	2.429411681413728	1173.8235582088478	-0.7692006909778684	1377861.7458060803	0.5916697030008301	1274.0649465490271	1123.5942313489047	1.357663	24.375429	0.051539656134998	0.0273405098180057	-0.180896324	-0.0129790333	0.0391983077	0.0147414735	-0.0152831694	-0.1710685209	0.0272999991	-0.0496239946	-0.0942206925	-0.1490249815	0.0030920009	-0.0306147364	0.0424881143	-0.0145044419	0.1144372216	-0.1325491025	0.0019509274	0.1250044365	0.041240997	0.0321572334	-0.1055663167	-0.0720927813	0.1111102401	-0.0265591399	-0.1148643335	-0.0995984191	0.012344702	0.0224842235	0.111749806	-0.0492975747	-0.0435105507	-0.0056448695	0.1203974771	-0.0027972444	0.0691451798	0.0066979114	-0.0203342386	-0.0180829433	-0.0978951105	-0.1260179134	0.0405358435	-0.0076455048	-0.0435276513	-0.1563395282	-0.0325127365	-0.0137536214	-0.0587848601	-0.0303867113	0.1218487932	0.0207346697	0.0037784872	0.0526200265	0.0557235815	0.0256672039	0.0832112523	-0.0262718922	0.0676702487	-0.0699754457	0.0265421673	0.1420470001	0.0302218248	0.0735422446	0.0753070713	0.0348014849	-0.1102153134	0.0945472497	-0.1207578819	-0.2003143592	-0.0153235408	0.114959278	-0.1638020401	0.1034609212	0.0852052583	-0.0736582105	0.0075097068	0.0079721662	-0.0752071783	-0.1129362098	0.0311427098	-0.1037990202	-0.0055519359	-0.2147170062	-0.1428224265	0.1202920907	0.0043126595	-0.1429914778	0.0956457495	0.0976560169	0.1219794794	0.0143674371	-0.0468421947	0.1043132984	-0.0851130467	-0.1114298236	0.0084997322	0.0622165965454968	0.0002450969719944	0.0038709048857051	6.007252568087222e-08	-0.1036648522714358	0.002271850415937	5.1613043123935565e-06	0.0107464015964586	0.1320973957134157	-0.0060909662268784	3.7099869576973394e-05	0.0174497219542667	-0.0003396152742367	-0.0003306073072625	1.093011916153988e-07	1.1533853449486897e-07	-0.0005729319610985	-0.0001649319089303	3.282510320481731e-07	2.7202534583392774e-08	-0.0004020975081571	-0.0003630956342109	1.318384395830179e-07	1.616824060661491e-07	0.0
1205.921133384012	0.7851468503120032	1454245.7799421798	0.616455576554859	1744.8506260227512	2.622252345729521	3044503.7071319865	6.876207364683975	1172.7537300672334	-1.06982814161438	1375351.3113866092	1.1445322525900778	1274.905621224863	1136.236911947077	1.183427	21.2472	0.0506924254935512	0.0277245112905225	0.0671633357	-0.1431084343	0.0225294373	-0.1028334299	0.1167892252	0.1089384322	0.0312144822	-0.0531360176	0.0970923798	-0.1556990879	-0.0137996505	-0.1027695771	-0.1214161597	0.0279577407	-0.048700612	-0.0527893939	0.0901385294	-0.0472783354	0.0069349887	-0.1451136341	-0.1061316643	0.0403866646	0.1244632118	0.0443704816	0.076474485	-0.0161440585	0.0585065003	-0.0255842744	0.1404728501	0.0490958255	-0.1696167213	0.1358518235	0.057814707	0.1562655059	-0.0062523073	0.0295341577	0.23918289	-0.0575767275	-0.1691824218	-0.012182391	0.1440026583	-0.0142080828	0.0719938936	0.1275624332	-0.1056481318	-0.0433467299	-0.0313566998	0.0719105838	0.0444615448	0.0353155541	-0.0903006904	-0.0768148537	-0.149150658	0.0805970693	0.1327157381	-0.1587344892	0.2394710627	-0.1422750231	0.0798134459	0.1848650031	0.0767194586	0.1213615014	0.1706944293	0.0222301059	0.0411763558	-0.1024582005	0.0163613488	-0.0788412483	0.0560035748	0.0289548309	0.0078861965	0.2092343376	-0.0004837729	-0.0430907461	0.0481017956	0.1242074755	0.0915976769	0.0078030536	-0.0340263351	-0.03405301	-0.0214065944	-0.0746715719	0.0351590494	0.2729733574	-0.1087972183	-0.0874567564	-0.1141541553	-0.1527623212	0.0813542683	-0.0526826406	-0.0183046191	0.0769664056	-0.1924654718	-0.1152490509	0.0197875765	0.0651455297722094	0.0029289332267126	0.0042439400493018	8.578649846541092e-06	-0.1073166251169936	-0.0036517728455577	1.3335444915553223e-05	0.0115168580265013	0.1216168183749033	-0.0104805773385123	0.0001098425013485	0.0147906505116342	-8.203172327543015e-05	0.0002575835509612	6.63492857258171e-08	6.729203623536748e-09	-0.0001579835426204	0.0004149484184781	2.4958799738891745e-08	1.721821899974764e-07	-0.0004020066359411	9.08722160000079e-08	8.257759640752091e-15	1.6160933534068014e-07	0.0
1206.172395010983	0.2512616269711998	1454851.846486531	0.0631324051882143	1742.0124940614442	-2.838131961306999	3034607.529466173	8.054993029792314	1175.4699390894525	2.716209022219118	1381729.5777029612	7.377791452384538	1278.095413596542	1150.227738165422	1.190027	21.3657	0.0922441261829615	0.0424725029522517	0.095486183	0.1284258384	0.1615651752	-0.0318128843	-0.0599614831	0.002877504	-0.08373813	0.0937572918	-0.0123432368	-0.0101828528	0.0622299793	0.0060799983	-0.0280181191	-0.0231387692	0.1032022889	0.117745003	-0.0797031995	-0.0831678465	0.2767163855	-0.1073887288	-0.0258047112	-0.0038409916	-0.0201659881	0.1502397947	0.2345972048	-0.0209896981	-0.0128606732	0.0195576376	-0.0344912768	-0.1961622821	0.0187285784	0.1089367647	0.0312874975	-0.1966226105	0.0023932187	-0.0595598981	0.0135772098	-0.0942051716	-0.0331015392	0.1341453664	-0.0320459565	-0.0341400278	-0.0535770844	0.0459388527	0.2003467334	-0.0018970257	0.0206076887	0.0916303004	0.015467078	0.1059946744	-0.027259533	-0.1818193445	-0.0476326211	0.0564488799	0.0732133821	0.0383225621	-0.0058918395	-0.0014133561	0.3387236315	0.0397809065	0.0316995197	-0.1291048242	-0.0669761535	0.1249140939	0.0276557972	0.0113550169	-0.0271992852	0.0259320228	0.0718915515	-0.0322997203	0.0724643734	-0.0079278411	0.200554313	-0.006483298	-0.03032305	0.2904069486	0.0472180484	-0.0630515289	0.1794247263	0.0879493888	0.0230650453	0.0796923723	-0.0494854759	0.0285457732	0.0355322327	-0.0868051145	0.2030541569	-0.1092056344	0.1348311508	0.104974547	0.0061363721	0.1176453649	-0.2034575082	-0.1189108618	0.0309673479	0.0597224151599675	-0.0054231146122419	0.0035667668725395	2.9410172097511644e-05	-0.1024958085765632	0.0048208165404304	2.324027211648733e-05	0.0105053907757634	0.154613176335161	0.0329963579602577	0.0010887596386414	0.0239052342964475	0.0001559655961586	0.000237997319434	5.66427240577838e-08	2.432526718510751e-08	-0.0006110086650308	-0.0004530251224104	3.733315887427203e-07	2.052317615349579e-07	-0.0001129523363849	0.0002890542995562	8.355238809192541e-08	1.2758230294807603e-08	0.0
1206.4920451509956	0.3196501400125271	1455623.0550126322	0.1021762120100281	1744.092687039762	2.080192978317882	3041859.300985577	4.3272028270430205	1174.0609950045782	-1.4089440848742925	1378419.2199911403	1.9851234343022572	1276.780656892282	1130.3175066930598	1.092976	19.623249	0.0316426047639767	0.0165361915481568	-0.0154260675	0.1338768734	0.1401714344	0.111380269	0.0829204735	-0.0313471654	-0.0615061344	0.0365355323	0.143496864	0.021308243	-0.0788010767	0.0977948107	0.0171143538	-0.0622618556	-0.0027265304	0.0662531145	-0.0174224724	-0.0951861997	0.0913476286	0.1843330981	0.0961409306	0.1346360832	0.1539545582	0.1780135309	0.0880428091	-0.0658781301	0.0502261205	-0.092073597	0.1034236008	0.0286991811	-0.117038068	0.0476228799	0.016011835	-0.2621993558	0.0701904601	0.1720893135	0.0428776397	-0.0870779025	0.0126473417	-0.2260025203	0.0138359158	0.017455247	-0.0510968233	-0.007596392	0.1039109978	-0.0627036513	0.0808742966	-0.0933337121	-0.1312504824	-0.0649546189	0.0509054061	-0.0652998008	-0.1750837471	0.1822323328	0.101563267	-0.3663007812	0.0184780672	-0.0215435291	0.1309874042	-0.0923705513	0.0519107137	-0.1203673609	-0.1135803656	0.0392001773	0.0087613518	-0.0389840005	-0.068766923	-0.187816054	-0.0045258912	-0.0681866304	-0.0127499095	-0.0467017197	0.1709878156	-0.099731615	-0.1680922757	0.2931661649	0.0350720742	0.0373679127	0.1413363797	-0.0503399921	-0.0670893432	-0.0350221786	-0.0073883404	0.2600265454	0.2529912245	0.0393471065	0.1549457682	-0.1318712953	0.0650598513	0.1108155084	0.1743781846	-0.0040572876	0.091613228	-0.1224102548	0.0419779864	0.0661704336854995	0.006448018525532	0.004378526294127	4.1576942905603954e-05	-0.1154401169692391	-0.0129443083926759	0.0001675551197646	0.0133264206058716	0.1547159456061848	0.0001027692710237	1.0561523066761058e-08	0.0239370238248159	0.0002659536624825	0.0001099880663238	1.2097374733670621e-08	7.073135058785554e-08	-0.0005370226850438	7.398597998700001e-05	2.883933642516524e-07	5.473925234636766e-09	-0.0001719284615689	-5.8976125184000006e-05	3.4781833417188396e-09	2.955939589744873e-08	0.0
1207.2408384554124	0.7487933044167221	1457430.442034527	0.5606914127393139	1748.8345120816618	4.741825041899801	3058422.1506479043	22.48490472798805	1177.1453030158982	3.0843080113199903	1385671.0644123908	9.512955908692671	1277.8409066518147	1126.5722438950972	1.040809	18.686642	0.0817062283562612	0.0392447504986459	-0.1156740741	0.0552120085	-0.1034049269	0.0926146381	0.0058358366	-0.0140078415	0.0795355008	-0.0841841085	0.1087893752	0.0815843964	-0.126085853	0.0406479427	-0.1334900753	0.0849002094	0.0611596394	-0.0668366704	-0.0640823807	0.0413675131	0.022583917	0.2038522278	0.0707233179	-0.0670996638	0.1646562956	0.1190592177	0.0048912149	0.0564604476	-0.1001872563	-0.0860884022	-0.096732918	-0.0572786577	0.1063916162	-0.0213358369	-0.0526566629	0.0298030737	-0.282394845	0.2229520174	-0.0667976748	0.1422100834	-0.1656316607	0.0124732143	0.0738489343	-0.0530555971	-0.0166916425	-0.0601334607	-0.0156471305	-0.0011009826	0.1025386432	-0.1967280802	-0.0294087092	-0.106297109	-0.1365676682	0.0002219386	0.0117844359	-0.119136902	0.1076848281	-0.2884538896	0.025863466	0.1555117362	-0.101435759	0.113938864	0.0427871576	-0.1086929347	-0.1364460412	-0.0826534206	-0.210227494	0.0536937089	0.0428732074	0.0047860271	0.0100515868	-0.0644835385	-0.1280110248	-0.0266061291	0.0729378389	-0.133309688	-0.2265736091	0.2147980202	0.0244159415	0.0117862698	-0.1213717968	-0.0802962903	-0.1719503978	-0.0178419166	-0.0943292724	-0.0350885999	0.231145539	-0.0882748462	-0.1223336159	0.1147731512	-0.0566924499	-0.0035427908	-0.0500538833	-0.1733542257	0.1725716608	-0.1257424501	0.0527593557	0.0628903687954647	-0.0032800648900348	0.0039551984872295	1.0758825682839064e-05	-0.0957548135885844	0.0196853033806547	0.0003875111691884	0.0091689843253845	0.1268266865666731	-0.0278892590395117	0.0007778107697729	0.0160850084254811	0.0001729747764566	-9.29788860259e-05	8.645073246617301e-09	2.992027329021074e-08	-0.0001580275824948	0.0003789951025489	2.4972716829150818e-08	1.43637287756127e-07	-0.0003169864939152	-0.0001450580323462	2.1041832748180212e-08	1.0048043732465113e-07	0.0
1205.9898956690668	-1.250942786345604	1454411.6284558866	1.5648578547101033	1757.639892495645	8.80538041398313	3089297.9916921025	77.53472423495772	1173.9501786980152	-3.195124317883028	1378159.0220651017	10.208819406727486	1277.236582600629	1134.078032393022	1.101494	19.776186	0.0366694788794834	0.0173693860268713	0.0138187877	-0.0873209477	-0.1966011152	-0.097643313	-0.051851901	0.0899921035	0.2191458464	-0.1824114243	0.1965281585	0.1593693477	-0.0029351662	0.0935430786	-0.0069835322	0.0008842858	-0.1169916535	0.0748919579	0.1555152589	0.0104915502	0.0481884473	0.0998974811	-0.0498531217	0.0720083752	0.1233543013	-0.216331832	0.0605697632	0.0787616801	0.0935357188	0.0566526681	0.1195099638	-0.1514120347	0.0912450237	-0.0041086027	0.1871003604	0.0185403994	-0.0650633082	-0.0828040332	0.0049994159	-0.2651668628	-0.0483516221	0.0427570419	0.0718625048	0.0987765663	-0.1325761546	0.0929854009	-0.1380761299	0.0631096918	-0.0035006098	-0.1954095242	0.097045203	0.0586781557	-0.2040999193	-0.074579943	-0.0994351112	0.1389243538	-0.0303612625	0.118479733	0.0435469026	0.2361421994	0.0912795655	-0.0203254018	-0.1308396972	-0.0427374592	0.0412690351	0.1255516635	0.0808160701	0.0808768395	-0.0410300909	-0.0838248211	-0.0998348981	-0.117171119	-0.0498091493	0.0927686899	-0.0514689474	-0.1613472453	-0.1663004384	0.1676027293	0.1786290786	0.1326594643	-0.1903865623	0.1719877246	-0.0617724543	0.0810310572	-0.0056195059	-0.0971185974	0.041809645	-0.0597648089	-0.0706908805	-0.0301592821	0.0734773061	-0.069197411	0.107841141	-0.1620410821	-0.1749241951	-0.1289028963	0.0632525717	0.060869160458651	-0.0020212083368136	0.003705054694941	4.085283140805197e-06	-0.1037475763582307	-0.0079927627696463	6.388425669184408e-05	0.0107635596002069	0.1322835853236625	0.0054568987569894	2.977774404403249e-05	0.0174989469460826	0.0001279867710743	-4.49880053823e-05	2.023920628277854e-09	1.6380613570025273e-08	-0.0003060056633368	-0.000147978080842	9.3639465994195e-08	2.1897512409681496e-08	-8.59803998188189e-05	0.0002310060940963	5.336381550966608e-08	7.392629153003952e-09	0.0
1204.5047369185825	-1.4851587504842882	1450831.6612593036	2.2056965141400524	1744.387356154983	-13.25253634066189	3042887.248313372	175.62971946056405	1173.8282979521723	-0.1218807458428727	1377872.8730732938	0.0148549162072149	1275.6833854675292	1145.916173706055	1.16539	20.923368	0.0296815720822423	0.0147248007495667	0.1165944451	-0.0865150207	0.0202196642	-0.0333935686	-0.1536841619	0.1309142094	-0.0752164864	-0.0931233208	0.0660861867	0.1130077553	0.0687844808	0.2392915071	-0.2270484023	0.0042273168	0.0558030276	0.0739337758	0.1057544824	-0.1048118284	0.0116950193	0.0899374774	-0.0792278293	-0.010815393	-0.1617805571	-0.0729968595	0.0359519313	-0.0325412171	-0.0238518551	0.0507244301	-0.1442618815	-0.1436299932	0.1551627966	-0.0638121329	-0.0205216709	0.0299790023	0.1094138317	0.061452098	0.191983751	-0.1095253871	-0.2300593419	-0.1117992037	-0.0691975413	0.0067958068	0.2599502313	0.1639636083	0.0188201985	-0.094040249	-0.0064672571	-0.1907302438	0.0945100211	0.0969622345	-0.0626010114	-0.078405923	-0.0181724369	-0.0756025696	-0.0503868364	0.1350941837	0.0851158574	0.0265764807	-0.0204846801	0.0273730005	0.0681176088	0.0614094078	-0.1498169644	0.1628999105	-0.1129021418	0.0058478207	-0.0535321656	0.0950266707	0.0434043515	-0.096307315	0.0806634472	0.1866126839	-0.0330569404	-0.2462571672	-0.0118376022	-0.0277058491	-0.061666653	0.0567957308	-0.1108499839	0.0766669318	-0.0635568526	0.1372330694	0.0092509699	-0.0690523472	0.008840279	-0.1134588882	-0.1237826847	0.1662842911	0.0305131921	0.0524811255	0.1764160208	-0.0390290492	0.1666660354	-0.1318872767	0.0734003241	0.0657554934904993	0.0048863330318483	0.004323784924179	2.387625049813188e-05	-0.1061898414996136	-0.0024422651413828	5.96465902081399e-06	0.011276282437713	0.1222811724127552	-0.0100024129109072	0.0001000482640402	0.0149526851266379	0.0001280011311809	1.4360106600006105e-08	2.0621266156353882e-16	1.638428958358997e-08	-0.0001579992791695	0.0001480063841673	2.4963772218081597e-08	2.19058897542784e-08	1.3010075869357731e-05	9.899047568817662e-05	9.799114276971486e-09	1.6926207412644434e-10	0.0
1205.1191721768216	0.6144352582391548	1452312.219148148	0.3775306865674168	1741.065048795133	-3.3223073598501287	3031307.504135999	11.037726193314333	1174.7076635234523	0.8793655712800046	1379938.0947407284	0.7732838079526089	1277.633360417684	1137.2850037245316	1.244533	22.344288	0.0482936927491822	0.0307561543060976	0.0493338463	0.1421944656	0.1061857699	0.0501418322	0.0082605341	-0.0165125093	-0.0762119935	0.0325797573	0.0264470391	0.1039031918	0.1145953908	0.2532730939	-0.0823943869	-0.0757037104	-0.0743898272	-0.0570229287	-0.041868069	-0.0682009658	0.2401980351	0.003706348	-0.1157740593	0.0972526933	-0.0688371971	0.0632516617	0.0280832433	0.0683746942	-0.0395601402	-0.0855066872	-0.011235655	-0.1601553228	0.0065797145	0.0026203476	-0.2186087977	0.0977371829	0.0569106919	0.0827526173	-0.0986330592	0.0096016339	0.2118071635	-0.0039041774	0.0660140281	0.1673246686	-0.0084262554	-0.0286081079	0.2206071603	-0.0343177052	-0.0363546628	-0.0414936918	0.0419360342	0.1686549093	-0.00656085	-0.1063594165	-0.1000763555	0.2590593366	-0.0670863174	0.247334268	-0.0514576369	-0.2686971302	-0.0334250157	0.0680136014	-0.0470408958	-0.1093333063	-0.085096871	0.069751752	-0.0562135051	0.019587114	0.0070688151	0.0112227514	0.0194612116	0.0088447343	0.0727928842	-0.0298994439	0.1219678786	-0.1829481576	0.1188060208	0.0003832295	-0.0411578718	0.1220975425	0.0196288868	0.218081388	0.15927115	0.0290139313	-0.0369891545	0.0669813378	0.0967505691	0.0192369072	-0.0022645233	0.1071126691	0.0154331229	0.0094815875	-0.0228791329	0.1644266784	0.0004270003	-0.1346915149	0.0831471893	0.0679330850486934	0.002177591558194	0.004614904044233	4.741904994318185e-06	-0.1080458824110053	-0.0018560409113917	3.444887864759738e-06	0.0116739127059727	0.1224346669018388	0.0001534944890835	2.3560558179034505e-08	0.0149902476593642	0.000627019374075	0.0004990182428941	2.4901920674111494e-07	3.931532954654047e-07	-0.000472974230901	-0.0003149749517315	2.237046230963925e-07	9.920922021826077e-08	8.114819705401434e-05	6.81381211846566e-05	4.6428035585749505e-09	6.5850298851171434e-09	0.0
1204.304417077033	-0.8147550997887265	1450349.128991252	0.6638258726317376	1742.7177907582875	1.65274196315454	3037065.298225446	2.7315559967719225	1174.7306683545753	0.0230048311229893	1379992.1431727873	0.0005292222549972	1276.6362912637217	1121.5860007892954	1.152309	20.688509	0.0399982480282277	0.01941166321822	-0.1389954714	0.0030923496	0.0890395516	0.0387560723	0.0597242714	-0.0779089514	-0.0174405257	0.0409812036	-0.1644055602	0.0851020905	0.0308354005	0.0228555304	-0.0615570371	-0.1346107625	-0.1817440467	-0.0841376917	-0.0548518049	0.1721079727	0.0351096077	0.0792347187	0.037804835	0.0399967753	0.0884864454	-0.0482298164	0.1036023117	-0.0642180772	0.0622872965	-0.0759473102	-0.1335123261	0.0634634852	-0.0048545996	-0.0591013268	0.0955949667	0.0424387084	-0.0714971827	0.0938361676	-0.0298845103	0.0300311725	0.1019855876	0.0151419087	-0.0630455883	0.0381066282	0.0702461369	-0.1426023328	0.0397223182	0.0334153852	-0.0303704866	-0.080601675	0.0274888947	-0.1097789746	0.0916372404	-0.0002980622	-0.0965972456	0.1091730384	-0.0063179243	0.0273809542	0.0114555716	-0.0104729842	-0.1323314184	0.1287023173	0.150445181	0.112450951	-0.0942466332	-0.0605421784	-0.0203184419	0.0699377972	0.1849876226	-0.0250471856	-0.1866403506	0.0403505898	-0.1062767382	-0.0438095755	-0.0221319433	-0.0995074962	0.1775491462	-0.0001093283	-0.1043225197	-0.0615554715	-0.0101203828	0.1786886859	0.0658916367	-0.089917082	-0.1568038421	0.1430706438	0.2231928925	0.0269196764	-0.2337103527	0.1102938841	-0.017418742	0.2080613416	-0.1605726339	0.0220364656	0.0180191711	-0.1373117808	0.0924399334	0.0637723683023807	-0.0041607167463127	0.0040669149588944	1.731156384304695e-05	-0.102419278114155	0.0056266042968503	3.165867591333428e-05	0.0104897085294246	0.1161294641356249	-0.0063052027662138	3.9755581923071336e-05	0.0134860524404273	0.0004790052509025	-0.0001480141231724	2.1908180658523986e-08	2.29446030392167e-07	-0.0001579842506993	0.0003149899802017	2.4959023469019275e-08	9.921868762746734e-08	6.603781605119788e-05	-1.5110381002816464e-05	2.2832361405027666e-10	4.360993148811848e-09	0.0
1206.542713362736	2.2382962857032	1455745.3191687136	5.0099702625927405	1743.390672261006	0.6728815027186101	3039411.036126683	0.4527695167008549	1175.496915128596	0.7662467740206012	1381792.9974768453	0.5871341186969782	1275.1963453010276	1108.0315405342797	1.086105	19.499886	0.0414990765121283	0.0198436439418217	-0.0966299154	-0.0928256398	0.0722759051	0.108931423	0.1446287561	-0.0692070274	-0.0064828166	-0.0449885199	0.0717509308	-0.0699851014	0.0508232625	-0.1093910595	-0.0600781623	0.0598855623	-0.3579017656	-0.11689299	0.106135953	0.0980519105	-0.0732989899	-0.1577606217	0.0628890544	0.0556600867	0.0047262105	-0.1798093193	0.0128446323	-0.2296753302	0.0377018456	-0.1769861554	-0.1625272131	-0.1094393722	0.1307893096	-0.1874375643	-0.0352810555	-0.0434146423	-0.1561335771	0.0436233922	-0.1336728335	-0.0791425518	-0.0947220091	0.0972585797	-0.0778784992	-0.0487288547	0.0511874469	-0.0771258309	-0.1077160836	-0.0720193402	0.0219736021	0.130398401	0.025915129	-0.0226930877	-0.1497671292	-0.1640718786	-0.1410407649	0.0674666752	-0.031722433	0.1257553855	-0.203972613	0.316412009	-0.1626211831	-0.0665364999	-0.0220590651	0.1594200959	0.0953695289	-0.0193329516	-0.096399731	0.0459814904	-0.0953029004	0.0171619782	-0.0653479446	0.0035658004	-0.116152419	0.041631615	-0.1046859776	-0.0409127152	0.1258983676	0.1225221228	-0.1152296631	0.1283559213	0.0142948318	0.1559696031	0.1823335773	0.0681907119	-0.0344132558	0.005326955	0.1179244414	0.0684870698	-0.0829460823	0.1959734123	-0.0777024276	-0.073487778	-0.1538672457	-0.0248666726	-0.0876092078	-0.1397444952	0.1012278027	0.0607103114051881	-0.0030620568971925	0.0036857419109149	9.376192441644764e-06	-0.0922063998883686	0.0102128782257863	0.0001043028816547	0.0085020201803737	0.1140043752422457	-0.0021250888933792	4.5160028047636375e-06	0.0129969975743747	0.0002680299684458	-0.0002109752824567	4.451056980768436e-08	7.184006398505653e-08	-0.0003739780257236	-0.0002159937750243	1.3985956372412165e-07	4.665331084924793e-08	0.0001610498084856	9.501199243440212e-05	9.027278706354884e-09	2.593704081324844e-08	0.0
1209.7836184016455	3.240905038909432	1463576.4033529782	10.503465471228546	1752.07660448229	8.685932221283792	3069772.4279741906	75.445418552736	1177.281381069825	1.7844659412292003	1385991.4502136747	3.184318695407016	1279.5204804173222	1158.280434924039	1.344442	24.138065	0.0640591218630356	0.0368201183417509	0.0280441271	0.1202303931	-0.2701741782	-0.0006196748	0.0166373619	-0.040436742	0.0931503235	0.232501834	0.1248088583	0.221709002	0.1197894125	-0.1281930518	0.0876799299	0.0012205065	-0.1377495622	0.0086085171	-0.0130455137	0.026403245	0.1327290698	-0.1289942935	0.1515664136	0.0904549586	-0.0721180171	-0.0611650256	0.0023931561	0.2930077415	0.2208149137	0.1530609464	-0.0591464842	0.1353919707	-0.1522397799	-0.2269373119	-0.0121509423	0.1110534407	-0.0080127862	0.163053513	-0.1866134346	0.0049508433	-0.1329088507	-0.2421485345	-0.084801052	-0.053511382	-0.1263396429	-0.0209330885	0.0586988195	0.2354099495	0.155350479	0.0868359236	0.0439359012	-0.1196259641	-0.1779789968	-0.063363149	0.0154836638	-0.0596298318	-0.070603776	0.1428447759	-0.0602231428	-0.0950284051	0.039413108	-0.1035761785	0.1286523865	-0.114679642	0.1394561156	-0.1861690331	0.0478993086	-0.2095500936	0.0208457535	0.1254871985	-0.1416419299	-0.0001826804	0.0101446096	-0.1229216142	0.0492786273	0.0205140076	0.1500846407	-0.0032620365	-0.1502392148	0.0879931194	-0.2402350767	0.0920449413	0.1023783265	0.181148189	0.0484236234	-0.1109642761	0.051381907	0.0345760629	0.0687439255	-0.0957138161	0.14094844	-0.1568098727	-0.0049760844	-0.027937971	0.0693367281	-0.1419863355	0.1094628008	0.0670240207518588	0.0063137093466707	0.0044922193577455	3.986292571423696e-05	-0.1011536191639521	-0.0089472192755835	8.005273276537305e-05	0.0102320546699658	0.1136057976307682	-0.0003985776114775	1.5886411237111268e-07	0.012906277255323	0.0008740036433903	0.0006059736749444	3.672040947257425e-07	7.638823686595186e-07	-9.696681446591526e-05	0.0002770112112576	9.402563107667234e-09	7.673521116244967e-08	7.604238210170576e-05	-8.500742638389424e-05	7.226262540413198e-09	5.78244387570182e-09	0.0
1205.3695547948198	-4.414063606825721	1452915.763626262	19.483957525103293	1750.8626045845651	-1.2139998977247617	3065519.860132647	1.4737957516757314	1174.794355944109	-2.4870251257161726	1380141.7787581338	6.185293975943544	1279.338475559376	1150.6858298275688	1.178439	21.157652	0.0745016433908513	0.0408013027116713	0.0667952063	0.0304287136	-0.3527296115	-0.0392720152	-0.0944911759	0.0481590615	0.275016399	0.1150582661	-0.1535465035	0.021655868	-0.0325605934	0.1885802721	0.0567742549	0.1418161819	-0.0571222205	-0.1084761775	-0.0424350329	0.0380990393	0.0106147968	0.0063187179	-0.0354598074	-0.0127531552	0.0165974951	-0.0358275099	-0.0497641551	0.0505780113	0.302573497	0.0706923757	-0.1340110065	0.113320608	-0.0223922515	0.2072612413	-0.2080805649	0.0632099015	-0.0694456905	-0.0344769963	0.0188000616	-0.0654390746	0.0941235299	0.0956037381	0.1257924717	0.0332086849	0.1854938526	0.0084294425	-0.0473037693	0.343759769	-0.0857970696	-0.0364561748	-0.0042692314	0.0126781868	-0.0035431336	0.1292216279	0.01451375	0.1205289924	0.184652336	0.1376911748	-0.0445459603	-0.045659201	-0.1297380184	-0.018486989	0.0960650109	0.1078885929	0.0280490182	-0.0286281145	0.0015720145	-0.0295348583	0.0135610314	0.1222331502	0.1316562387	-0.0171991363	0.0751983048	-0.1315688209	0.0039739954	0.0384270868	0.0471030723	-0.1539575239	-0.0437567817	-0.1776538284	-0.311314971	0.1283869838	-0.070383958	0.0650889663	0.0300691957	0.107684809	-0.0180665445	-0.0403476472	-0.0693667125	-0.0447989018	-0.0005159534	0.0946970717	-0.0039019281	0.0978490922	-0.0723959782	-0.1440342395	0.1170999511	0.0718111066244233	0.0047870858725645	0.0051568350346242	2.291619115130665e-05	-0.0801958903355029	0.0209577288284492	0.0004392263976468	0.006431380826704	0.0988266650029885	-0.0147791326277796	0.0002184227612295	0.0097667097156129	0.0014930057154163	0.000619002072026	3.831635651724813e-07	2.229066066265737e-06	-0.000157443151012	-6.047633654608474e-05	2.478834580058744e-08	3.6573872820353046e-09	7.61178947707808e-05	7.551266907504083e-08	5.702163190836628e-15	5.793933904335659e-09	0.0
1201.93375351471	-3.4358012801098994	1444644.747837959	11.804730436404824	1743.9864376583614	-6.876166926203723	3041488.694736302	47.281671597017954	1172.431143228859	-2.363212715250029	1374594.7856129291	5.584774337519414	1274.097695626153	1135.2896823258834	1.251868	22.475988	0.0435334277663283	0.0289550965620495	0.0753574592	-0.1340094982	0.0834185738	-0.1359814739	0.0155912102	0.1286508595	-0.0493565254	-0.0317217729	-0.1153087766	-0.2534270429	-0.1084412873	0.0811504852	0.0972114064	-0.1339490019	-0.0196802278	0.0235010409	0.0543444608	-0.0177861894	-0.254894782	0.0321448233	-0.1499837374	0.1256997769	0.0108794862	-0.0599942048	-0.1813900684	-0.0140294985	0.1598822545	-0.2451475604	0.0058050971	0.0887096162	0.0857730964	0.2009323521	0.064469106	0.0235596563	0.0698592657	-0.0851231174	-0.038395878	0.0722003111	0.0666696005	-0.0744011348	-0.0671051843	-0.0057430792	-0.1254586339	0.1119876147	-0.1281247474	-0.0732425003	-0.0844722693	0.0753886532	-0.0533433365	-0.1768086772	0.2436075924	0.0854485195	0.0139447688	0.0302775165	0.0543505952	0.0307077102	0.0117675143	0.0073901861	-0.1570034154	-0.1182720526	0.115856524	0.0914746832	0.022650079	0.0444629191	-0.0110136461	-0.0874030642	-0.2080594629	-0.005548409	0.0672373183	-0.0573075253	0.1017948585	0.0074948146	-0.1641677948	0.0745896401	0.1425977416	-0.0754031239	0.0130415051	-0.1489816949	0.095026292	0.1475368372	-0.0461469761	0.0047767762	0.1463460411	0.0722267673	0.0936116284	0.0295840026	0.0143218419	0.0307066496	-0.099222767	0.0613790375	0.0142317053	0.122974715	0.0504190456	-0.1458854101	0.124097542	0.072097798091903	0.0002866914674796	0.0051980924897008	8.219199752566355e-08	-0.0732906109912221	0.0069052793442807	4.7682882822551054e-05	0.0053715136594666	0.115715866787653	0.0168892017846644	0.0002852451369231	0.0133901618264178	0.0011040058910716	-0.0003889998243446	1.513208633402073e-07	1.2188290075207975e-06	-0.0001574577525489	-1.4601536899993153e-08	2.479294383775062e-08	2.1320487984186162e-16	7.608721725431433e-05	-3.067751646647094e-08	9.411100165505957e-16	5.7892646295052294e-09	0.0
1204.8644976468456	2.9307441321357146	1451698.4576897856	8.589261168047923	1740.4424836029875	-3.543954055373888	3029140.038730136	12.559610346601026	1175.3956062302473	2.964463001388367	1381554.8311453704	8.788040886600525	1275.5881086632055	1121.6490322556278	1.275292	22.896538	0.0344101974008214	0.0184966083766107	-0.0964564041	0.1078362687	0.0611804989	0.0244250613	-0.006250481	-0.1688683105	-0.1320353687	0.0159095085	-0.0534218838	0.0583273221	-0.1084275842	0.0184064123	0.0770356095	-0.0286001095	0.067800408	0.0007941818	0.050937101	0.0675904542	-0.0066447453	0.019551397	0.0008020261	-0.0387259422	-0.0407945386	0.1803820311	0.2872311333	0.0855990825	-0.166095826	-0.0361376391	0.0455351731	0.1733245862	0.1201893251	0.0155508937	-0.2012985176	0.1006298591	0.036650751	0.025370611	-0.0695515581	0.093908989	0.0907329431	0.0132854127	0.0116905979	-0.0196976643	0.0502417708	-0.1581306485	0.0512159637	-0.1254465522	0.0800511029	0.0072123327	-0.0112632719	-0.0644219618	-0.0529236591	0.119492993	0.0138242885	-0.0705287822	-0.0328397342	0.2027513785	-0.120844859	-0.1728858905	0.1792075781	-0.0993476576	0.270991241	-0.0236985795	-0.0237963356	-0.1124129352	-0.0593047651	0.0294978557	-0.1177076373	-0.0506503478	-0.0143168482	0.0200508773	-0.059891544	-0.2091603865	-0.0396271094	0.0590263524	0.1271677984	-0.0065514374	-0.0440909233	-0.0535306568	0.1669567374	-0.0050270282	0.0719948788	0.0929950642	0.277489244	-0.0602287919	0.0945455174	-0.0939813892	0.0970521971	0.113026371	0.0442900466	-0.0686134171	0.1527134811	-0.0738931837	-0.0166501934	-0.1475373187	0.1304173552	0.0717636829006096	-0.0003341151912934	0.0051500261834592	1.1163296105303037e-07	-0.085590776394298	-0.0123001654030759	0.000151294068943	0.0073257810037787	0.123515972673843	0.0078001058861899	6.0841651835775856e-05	0.0152561955055655	0.0013190046176264	0.0002149987265547	4.622445242018563e-08	1.7397731813197658e-06	-0.0001579922479653	-5.344954163999935e-07	2.496155041712884e-08	2.856853501526025e-13	1.2104220820271444e-05	-6.398299643404289e-05	4.093823832678745e-09	1.4651216166589272e-10	0.0
1206.417728739897	1.5532310930514086	1455443.7362179318	2.4125268284216737	1742.4358477618243	1.993364158836812	3036082.683565468	3.9735006697351904	1175.5881032673308	0.1924970370835126	1382007.3885436803	0.0370551092859312	1277.2368246007848	1133.292830765464	1.227402	22.036734	0.0531522569655033	0.0271963468756459	0.0236761712	0.0279501366	-0.2414526497	0.1257080379	-0.0767595426	-0.0391188323	0.0157659963	0.1090639692	0.0077626837	0.154950272	-0.0127300458	-0.096921155	0.093719925	0.1639750382	-0.1313650724	-0.0950607789	-0.1943411377	-0.0846748314	-0.1395879363	-0.1411343212	0.11478106	0.0356271872	0.215654891	0.1468066707	-0.0295795733	0.1274704031	-0.0440805019	0.1528413791	-0.1230975887	-0.1145058271	-0.0090100414	-0.0156406863	0.0690502888	0.0691545527	0.1911540374	-0.0893358918	0.1653536632	-0.0669559258	0.076702266	0.1238264124	-0.1524854101	-0.0715618701	0.0346677038	-0.0239962192	0.0258559867	0.1108245676	0.0013984341	0.0985342545	-0.1832779475	-0.0496362822	-0.2447703498	0.1488642517	0.0652091421	-0.0869878385	-0.0497316436	0.0091688356	0.0601738911	-0.0901792404	-0.0566163753	0.0208435144	0.0032674462	0.0382462697	-0.0130955047	0.2770606014	0.037493437	-0.0780031195	0.1868201722	0.0954247621	-0.0098674154	0.0156191715	0.0704866644	-0.2249849974	-0.0330249446	0.1037991394	0.0165518061	-0.0178651828	-0.0408464315	-0.0488840983	-0.1675625517	-0.082457246	0.0187288668	0.1024424018	0.2048602783	-0.054804543	-0.0872458204	9.9645e-05	-0.0180631208	-0.0488306884	0.0309194355	0.1426416455	-0.0414082041	-0.2115229346	-0.0374665078	-0.1489877092	0.136024874	0.0801929370018967	0.0084292541012871	0.0064309071449901	7.10523247040654e-05	-0.0724635167122329	0.0131272596820651	0.0001723249467603	0.005250961254304	0.1037715647190253	-0.0197444079548177	0.0003898416454862	0.0107685376442348	0.0014929991802739	0.0001739945626475	3.02741078308948e-08	2.2290465522985377e-06	-0.0001580381405326	-4.589256730002213e-08	2.4976053863001833e-08	2.1061277333870605e-15	-5.088202851159687e-05	-6.298624933186831e-05	3.9672676048962816e-09	2.588980825454957e-09	0.0
1205.4055489712164	-1.012179768680653	1453002.5374905996	1.0245078841264204	1748.6448547363282	6.209006974503836	3057758.8279958344	38.551767609437285	1175.4581368055146	-0.1299664618161387	1381701.831382292	0.0168912811970058	1277.261787033081	1144.3678724115546	1.145733	20.570454	0.0163449515732218	0.0084447864119665	0.0869793356	-0.1160195575	0.0600841137	-0.0345982538	0.0028305499	0.1331875793	0.0227095429	0.0112347627	-0.1670650355	-0.1406338424	-0.0650080655	-0.0251542458	0.2091444695	0.1072930279	0.0362356595	0.1148767377	0.005728106	-0.1762813315	-0.1145673788	-0.1022160568	0.1034438857	0.0414829468	0.0557684711	0.0946291912	-0.1206134044	0.1467460923	0.1530731765	0.0614438185	-0.0540126755	0.1173858982	0.0754646936	-0.064291477	-0.0346123274	-0.0562039534	-0.032507955	0.0120881384	0.0527322998	0.1759065693	0.0857911167	0.1523269121	-0.0727045663	0.2578741574	-0.0251909842	0.1342081144	-0.0442758458	0.0636947907	0.0184066491	0.1587517235	-0.1308992163	-0.0611148582	0.118865794	0.2391165782	0.1267337478	0.0368815665	-0.0473933271	-0.0492892795	0.0432388727	0.0017272783	0.0052596371	-0.0773124735	-0.0834147494	0.0010010373	-0.0375116447	-0.0137439871	0.1044022622	-0.1694789119	0.0524196545	-0.0540155125	-0.0325010485	-0.0408088697	0.1652065695	-0.0697346433	-0.1701744714	0.1416033594	0.1049018187	-0.063298596	-0.0288359167	-0.1642256024	0.0633580505	-0.0931931909	-0.0561129808	-0.1064604116	0.0273631067	0.0199963246	0.0036463765	0.1289796003	0.0614518217	0.0131511694	-0.0385514114	-0.1301067957	0.0928804671	0.0525554111	-0.0529324688	-0.1502346003	0.1408894722	0.077230980178939	-0.0029619568229577	0.0059646242993996	8.773188221065694e-06	-0.07755813813894	-0.005094621426707	2.5955167481463026e-05	0.0060152647915788	0.0988358369840511	-0.0049357277349741	2.436140827379348e-05	0.0097685226723379	0.0014930018689379	2.688663999989363e-09	7.228914104838802e-18	2.2290545806520624e-06	-0.0001579878999387	5.024059390000146e-08	2.4960176527040685e-08	2.524117275424863e-15	1.6117954002159885e-05	6.699998251375675e-05	4.488997656843711e-09	2.5978844121574185e-10	0.0
1204.60954047735	-0.7960084938663385	1451084.1450090525	0.6336295223073567	1745.179172495249	-3.4656822410790937	3045650.3441112023	12.01095339613101	1174.841556772618	-0.6165800328965361	1380252.683519909	0.3801709369666935	1275.1652202182345	1114.8428656422009	1.260691	22.634398	0.0092128162606923	0.005583964269272	-0.1733976867	-0.0026715148	0.1279983504	-0.0428240744	-0.1155505707	-0.1671322089	-0.0384102495	-0.1044552958	-0.1211342395	0.043959	-0.0487870076	-0.090349562	0.1955191681	-0.0278384342	0.0618344438	0.3443292588	-0.0853688989	0.100074506	-0.0838495325	0.0924526374	0.1501131344	-0.0820615364	0.1624391596	0.1792401101	0.0457281864	-0.0254289613	0.0763362124	-0.0145678087	0.1247674847	0.0171672548	0.2065656077	-0.0746207222	0.0177136929	-0.0537941774	-0.0333807169	-0.0846528985	0.1142222115	-0.0377973928	-0.109609089	0.1878695258	-0.0696711364	-0.1105918273	0.0628750764	-0.158408477	-0.0309845326	-0.0344595512	0.0204355503	0.0440297118	-0.1649430754	-0.0404944738	0.0540170355	0.2335736351	0.112599169	0.1401769962	0.0209807871	0.021786054	0.0776642059	0.2069806271	0.0984763123	0.1089894889	0.0584722694	-0.0448830346	-0.1786721062	-0.0389614183	-0.0542386293	-0.0729722485	-0.006973703	-0.0682229936	-0.093035224	0.0372220314	-0.0984037205	-0.2000024278	-0.1372540379	0.0673010459	0.0090823182	0.0003015671	-0.0321225801	-0.143101783	0.1072237348	-0.0728275977	-0.0697223244	-0.0744908548	0.0129019396	0.0115116284	-0.2175212813	-0.0450096669	0.0957333856	0.0165787908	-0.0043913728	0.1650672691	0.0408427489	-0.0393960208	0.0326812856	-0.151276289	0.1449845808	0.0801744033301474	0.0029434231512084	0.0064279349493451	8.663739847069632e-06	-0.0775059751229747	5.216301596529249e-05	2.7209802345953595e-09	0.0060071761797631	0.0987964252804829	-3.941170356820678e-05	1.553282378148203e-09	0.009760733648202	0.0015560061342496	6.300426531169988e-05	3.969537447467069e-09	2.421155089822384e-06	-0.0001574407112581	5.471886806000001e-07	2.4787577561456422e-08	2.994154521767689e-13	7.612286780886944e-05	6.000491380670956e-05	3.600589680950643e-09	5.7946910034466125e-09	0.0
1205.9595976366732	1.3500571593231143	1454338.5511320066	1.8226543334395968	1742.927974474108	-2.2511980211411355	3037797.9242044166	5.067892530389765	1174.544788959121	-0.2967678134971265	1379555.461271026	0.0880711351278652	1276.1143568745365	1136.4225315198032	1.24299	22.316591	0.0292175019873165	0.0221172985051785	0.0884848317	-0.1074141619	0.0687006176	0.0163343966	-0.0067366863	0.1475636204	-0.1406630855	-0.0288945426	0.1044895382	-0.0209089318	0.0730206175	-0.1333768189	0.1908383624	0.0002882028	0.1800619357	0.0025336701	0.0542270608	-0.1750983037	-0.0399952318	0.0129218534	0.0888294783	-0.0566630941	0.0136051756	0.0032207823	-0.1808802845	-0.1435127666	-0.0693656407	-0.0017111488	0.0468331699	0.021172863	0.0566521391	-0.1840774167	-0.0621860336	0.0163421147	-0.1916938121	-0.1407850301	-0.0597990041	-0.1145099531	0.2144800482	-0.1489326092	0.1424438833	0.023146133	0.0047198702	0.1825248167	-0.0038307195	-0.139694473	0.0782791063	0.0779616422	-0.1394687111	-0.0581009561	0.023142857	0.1492877502	-0.0233388271	-0.1016942159	-0.08091881	-0.0157190531	-0.1666412524	-0.0604727569	0.0211169778	-0.0490344812	-0.2186546607	-0.1330978468	0.0704248808	0.0222389262	-0.1946178637	0.0118321754	0.0629663644	0.0219231677	-0.1546725255	-0.1349601188	0.0941499596	-0.0094259309	-0.1405937896	0.150642253	0.0232744472	0.0328733729	0.0341236123	-0.0130716897	0.107463105	-0.1219019564	-0.115589572	-0.0435905927	-0.0415531028	-0.1683360439	0.0241767779	0.0275656435	0.0765324476	-0.0747600466	-0.0207590173	-0.1040891098	-0.1495081662	-0.0941052877	0.0943150948	-0.1521113526	0.148287834	0.0801657980998982	-8.605230249203455e-06	0.0064265551849936	7.404998764180616e-11	-0.0777370825762062	-0.0002311074532315	5.3410654939150966e-08	0.0060430540074599	0.1154228294459613	0.0166264041654784	0.0002764373154738	0.0133224295573114	0.0013090073042317	-0.0002469988300178	6.100842203021141e-08	1.7135001225319424e-06	-0.0001574501139007	-9.40264259998596e-09	2.47905383673434e-08	8.840968786307074e-17	7.61033977022199e-05	-1.9470106649545696e-08	3.790850529446835e-16	5.791727141822249e-09	0.0
1205.8393864889022	-0.1202111477709877	1454048.626007932	0.0144507200484182	1740.8721308527763	-2.0558436213316327	3030635.775979886	4.226492995369962	1174.3436403905512	-0.2011485685698062	1379082.9857257323	0.040460746637682	1276.6528421684548	1135.2990026855468	1.185289	21.280638	0.0285661625267211	0.015322722524379	0.0143162193	0.1750598095	0.1401069834	0.0452677116	-0.0138842438	-0.0115310537	-0.1395463115	0.007528368	0.0915328977	0.0485563611	0.1102694862	0.1419970749	0.1234905417	-0.0569147249	0.1407644782	0.0968621089	-0.0335945166	-0.0829041819	-0.0071731463	0.0936493794	0.1805127132	0.0813967534	-0.193164741	-0.1424553313	0.1105918567	-0.0636329896	-0.1300901423	-0.0371508814	0.0175951544	0.0708882352	-0.0234139133	0.0972583981	-0.0589170311	0.0573679662	-0.0585577934	-0.1211261421	-0.0622374212	0.0186990491	0.102487113	-0.0384695338	-0.1427067053	0.0027889027	-0.2015992046	0.0194450986	0.1399150546	-0.0815958159	0.0507235494	-0.0910034014	-0.2087600712	-0.0256415353	0.0904139083	-0.117173046	-0.1257234985	-0.049201744	-0.0239535937	-0.0608447554	0.0051062832	0.0246145415	0.0072636191	-0.2364394065	-0.2282254277	0.0962229104	-0.0232582421	-0.1405048642	0.1333256405	0.1437777312	-0.1223939414	0.2021655227	-0.0407329812	-0.1085951125	0.0253438494	-0.2033441139	0.0342971504	0.0131975894	-0.1483906136	-0.0681236853	0.1439136507	0.215925525	0.2283553259	-0.1006431456	-0.0420786187	-0.0646940141	-0.0813264927	-0.0759318696	-0.1041185609	0.1816800026	0.0609187682	-0.0700897003	-0.0342676981	-0.002902031	0.1243402492	-0.0397401689	-0.0279254248	-0.1527386503	0.1507811905	0.0774621355395623	-0.0027036625603358	0.0060003824423495	7.309791240162065e-06	-0.0675619321487488	0.0101751504274574	0.0001035336862213	0.0045646146756721	0.1089364734641265	-0.0064863559818348	4.207281392308418e-05	0.0118671552508003	0.0014930057154163	0.0001839984111845	3.3855415318457115e-08	2.229066066265737e-06	-0.000157443151012	6.962888699993267e-09	2.478834580058744e-08	4.848181904849393e-17	7.61178947707808e-05	1.4497068560903084e-08	2.1016499685952456e-16	5.793933904335659e-09	0.0
1206.4522898340176	0.6129033451154555	1455527.1276457445	0.3756505104537151	1745.178144712706	4.306013859929635	3045646.7567828824	18.54175536190612	1175.2607528023098	0.9171124117585804	1381237.837077452	0.8410951758016401	1275.961484866672	1125.132742652893	1.167937	20.969101	0.0656605689666197	0.0414191228685247	-0.1436834188	-0.0051415381	-0.0692508201	0.0652707189	-0.1156840217	-0.0521453347	-0.0141394039	-0.098835739	0.0258242529	0.1192619721	-0.105346892	0.0083119215	0.0160333261	-0.0440052551	0.0284702655	-0.2422036601	0.1057427604	0.0536207225	-0.081845466	0.1331700733	0.1531475959	-0.2734050168	0.0110761492	-0.070949551	-0.1131036412	-0.0242268094	-0.1943197833	-0.0228922272	0.0850802965	-0.1416684272	-0.1474870387	0.0109932052	0.0197245913	0.0490296469	0.2395795225	-0.0652120857	0.0509736985	0.1522159939	0.0501281985	0.0664652507	0.2857878344	-0.0100798737	-0.0533702435	-0.1038788036	-0.0525092007	-0.0626544786	0.1826571529	-0.1930324816	-0.0853777864	0.0809207054	0.1084739138	0.0522721365	0.0786554308	-0.1197241412	-0.0057407332	-0.0559369769	0.0457894635	-0.0379306733	-0.2027282565	0.2170300381	-0.1660716352	-0.1506260557	-0.0040324541	-0.0656676248	0.1503692955	0.0760446978	0.0953460318	-0.0862925452	0.2260549475	-0.0775334997	-0.1769630909	-0.0614532129	-0.0921945184	0.0001797238	-0.1617250317	-0.1473099463	-0.0497352501	0.1288929463	-0.0078608451	-0.1510233316	-0.0356080747	-0.0565042112	-0.2636801117	-0.0497909037	-0.1741520925	0.036940482	-0.0488741638	-0.0318894935	-0.0227271595	0.0793879423	-0.2023565438	0.1957144252	-0.0206442937	-0.1531573254	0.1524510324	0.0801319774720781	0.0026698419325158	0.0064211338135856	7.128055944619738e-06	-0.0779750958999869	-0.0104131637512381	0.00010843397931	0.0060801155806121	0.1042066047271816	-0.0047298687369448	2.237165826872867e-05	0.010859016468767	0.0007060197287969	-0.0007869859866193	6.193469431353103e-07	4.984638574504483e-07	-0.0001574130671888	3.0083823199993174e-08	2.4778873721785665e-08	9.050364183284476e-16	0.0002460557152466	0.0001699378204758	2.8878862828071763e-08	6.054341500551593e-08	0.0
1205.7667402941806	-0.685549539836984	1453873.431999654	0.4699781715707005	1751.9364661139412	6.758321401235207	3069281.3812998044	45.67490816239381	1174.1746681948916	-1.0860846074181154	1378686.1514305838	1.1795797744705618	1275.2406107231425	1128.3997490761496	1.155551	20.746712	0.0415337204968911	0.0190850854366601	0.0556389812	-0.1132932998	-0.0307419624	-0.0831853907	-0.1214661878	0.1708595138	0.0184817422	-0.185802856	0.111353903	0.0577096008	-0.0754423608	-0.0116625163	-0.1397442369	-0.0435597585	0.1447504767	-0.1296142743	0.2409326184	-0.0331722496	-0.1009015516	0.0125826632	0.0469425418	0.0532512518	-0.1765105751	-0.1341172979	0.0387393173	0.1568179778	-0.2392073105	-0.0398387664	0.0575395658	-0.0159181538	-0.1252738875	0.0296713147	0.2473614987	0.0481851809	0.1401262489	-0.07949093	0.0578623432	0.1071376622	-0.1593307214	0.1062797782	0.0544562416	-0.1821790138	-0.0380181471	0.1482701107	-0.1523370697	-0.1077419254	0.0691047019	-0.1658195403	0.0201097365	0.1314644357	-0.0445869454	-0.1734213427	0.0941669991	-0.0411079127	-0.2801447426	0.0157534046	0.0532122843	0.0023185481	-0.1019832208	0.0242089445	0.0094790948	0.044801809	0.2168504745	0.0254248132	0.1847562833	0.051442585	0.213588185	-0.1002194579	0.1449013225	-0.1522367794	0.0013657586	0.1278587791	-0.1584912139	-0.078769749	-0.0746200013	-0.2398722526	0.0285369811	0.2968894638	-0.0204801096	-0.0992654583	-0.0939626897	-0.0673627491	-0.0380939384	0.0780365853	-0.2042138888	-0.0459927074	-0.0490528174	-0.073407308	-0.1059574731	-0.1731886124	0.0369297681	0.0621665067	0.0150929923	-0.153366806	0.1532882396	0.0823775526066583	0.0022455751345801	0.0067860611734627	5.042607685044856e-06	-0.071396532616248	0.0065785632837389	4.327749487815758e-05	0.0050974648696229	0.0946702841775817	-0.0095363205495998	9.094140962472122e-05	0.008962462706264	0.0005619997110126	-0.0001440200177842	2.0741765522590085e-08	3.15843675178246e-07	-8.39999642712197e-05	7.341310291758031e-05	7.055993997566186e-09	5.389483679987238e-09	2.360536903765016e-08	-0.0002460321098775	6.053179909080492e-08	5.572134474036529e-16	0.0
