global_signal	global_signal_derivative1	global_signal_derivative1_power2	global_signal_power2	csf	csf_derivative1	csf_derivative1_power2	csf_power2	white_matter	white_matter_derivative1	white_matter_derivative1_power2	white_matter_power2	csf_wm	tcompcor	std_dvars	dvars	framewise_displacement	rmsd	t_comp_cor_00	t_comp_cor_01	t_comp_cor_02	t_comp_cor_03	t_comp_cor_04	t_comp_cor_05	t_comp_cor_06	c_comp_cor_00	c_comp_cor_01	c_comp_cor_02	c_comp_cor_03	c_comp_cor_04	c_comp_cor_05	c_comp_cor_06	c_comp_cor_07	c_comp_cor_08	c_comp_cor_09	c_comp_cor_10	w_comp_cor_00	w_comp_cor_01	w_comp_cor_02	w_comp_cor_03	w_comp_cor_04	w_comp_cor_05	w_comp_cor_06	w_comp_cor_07	w_comp_cor_08	w_comp_cor_09	w_comp_cor_10	w_comp_cor_11	w_comp_cor_12	w_comp_cor_13	w_comp_cor_14	w_comp_cor_15	w_comp_cor_16	w_comp_cor_17	w_comp_cor_18	w_comp_cor_19	a_comp_cor_00	a_comp_cor_01	a_comp_cor_02	a_comp_cor_03	a_comp_cor_04	a_comp_cor_05	a_comp_cor_06	a_comp_cor_07	a_comp_cor_08	a_comp_cor_09	a_comp_cor_10	a_comp_cor_11	a_comp_cor_12	a_comp_cor_13	a_comp_cor_14	a_comp_cor_15	a_comp_cor_16	a_comp_cor_17	a_comp_cor_18	a_comp_cor_19	a_comp_cor_20	edge_comp_00	edge_comp_01	edge_comp_02	edge_comp_03	edge_comp_04	edge_comp_05	edge_comp_06	edge_comp_07	edge_comp_08	edge_comp_09	edge_comp_10	edge_comp_11	edge_comp_12	edge_comp_13	edge_comp_14	edge_comp_15	edge_comp_16	edge_comp_17	edge_comp_18	edge_comp_19	edge_comp_20	edge_comp_21	edge_comp_22	edge_comp_23	cosine00	cosine01	trans_x	trans_x_derivative1	trans_x_derivative1_power2	trans_x_power2	trans_y	trans_y_derivative1	trans_y_power2	trans_y_derivative1_power2	trans_z	trans_z_derivative1	trans_z_power2	trans_z_derivative1_power2	rot_x	rot_x_derivative1	rot_x_power2	rot_x_derivative1_power2	rot_y	rot_y_derivative1	rot_y_derivative1_power2	rot_y_power2	rot_z	rot_z_derivative1	rot_z_derivative1_power2	rot_z_power2	motion_outlier00	motion_outlier01	motion_outlier02	motion_outlier03	motion_outlier04	motion_outlier05	motion_outlier06
1131.07870073388	n/a	n/a	1279339.027253842	1527.6431720309788	n/a	n/a	2333693.6610528706	1089.302871779268	n/a	n/a	1186580.74646656	1236.619433817173	1086.4986299151112	n/a	n/a	n/a	n/a	0.0983894709	-0.0309442059	0.0633169636	-0.0520338318	0.0284684625	-0.0734435375	0.1418702645	-0.1259631327	0.1477259582	-0.0852784265	0.0396414911	-0.0621349415	0.1274769681	-0.0264844109	0.0883219673	-0.1461750128	0.0011190494	-0.1473544094	0.0405566762	-0.1048572085	0.1603781376	-0.0345917669	0.0888182313	-0.088093247	0.012180845	-0.1800067267	0.0704485478	-0.0008151436	0.0807838321	-0.1069910598	0.1088101191	-0.1606270562	0.1099454434	-0.0188797741	-0.0441516853	0.082119732	-0.113282591	-0.2351580179	-0.1474709758	0.065408282	-0.051368456	0.0173005713	-0.0270235451	0.2290520304	-0.0441251746	-0.0002610396	0.1301544275	-0.0060448584	0.2165188518	-0.0667723622	0.0076821446	-0.0633516108	0.0427122653	-0.0975683392	0.1327913925	-0.0105740257	0.0776932163	-0.0345207929	-0.1362524244	-0.0278090682	0.0218219827	-0.0737913032	0.0161497686	-0.0362246499	0.0549904397	-0.0011716803	0.2317355446	-0.1287360716	0.0392306426	-0.0033295624	0.0768851736	-0.1440987719	0.0166422998	-0.095547457	0.0929796829	-0.1902066848	0.01463299	-0.178746714	0.0181793341	-0.0227405214	0.0646547131	-0.0429335387	0.2481000342	0.153366806	0.1532882396	0.0158072972472496	n/a	n/a	0.0002498706462629	2.41939496561372e-05	n/a	5.853471999637012e-10	n/a	0.0438949490395117	n/a	0.0019267665511813	n/a	-0.0018879991434341	n/a	3.564540765607895e-06	n/a	-0.0009779987268303	n/a	n/a	9.56481509681688e-07	-1.923486349445229e-06	n/a	n/a	3.699799736502134e-12	0.0	0.0	0.0	0.0	0.0	0.0	0.0
1127.8106466981274	-3.268054035752584	10.680177180598752	1271956.8548056483	1517.5940272013347	-10.049144829644092	100.9853118071626	2303091.6313971654	1091.6947361236723	2.391864344404439	5.721015042033278	1191797.3968801345	1234.5361682555442	1076.3213812312265	1.18901	24.236645	0.166141845996854	0.0993706077276895	-0.1048404022	-0.1594384368	-0.0669830271	-0.1342625717	0.029237422	-0.0134048118	0.0852755494	0.1238642408	0.1793489379	-0.0724426733	0.0223837138	-0.089552875	-0.0560592566	0.0522938015	0.1892399096	0.0270467192	0.0441491942	-0.1848200272	1.52353e-05	-0.2043970549	-0.0569176471	0.0045224741	0.1024061303	-0.0794884122	-0.115306831	0.1207748081	-0.1956060358	0.0674097828	0.0440617127	-0.0499249422	-0.0071290933	-0.15536549	0.0107168549	-0.1730928588	-0.0080661705	0.0045476235	0.2486793287	-0.1049647355	-0.0949785901	-0.1258514974	-0.1045311993	-0.2497500526	0.1078681757	-0.1408912587	0.0456510748	-0.0602294515	0.0317677036	0.0496494181	0.1959856901	-0.0458867761	0.1089199348	0.1148913309	0.1003568719	0.0298632721	0.119059374	0.0211528988	0.1637899445	-0.166978668	0.1289310547	0.0271566783	-0.0628191748	0.0597522927	0.200655774	0.0805149767	0.0137997149	0.1441429664	0.1231038557	-0.0250835972	-0.0855890288	0.113781306	0.0308915133	-0.1690740528	0.0211668395	-0.1964674589	0.0527484947	-0.1649394033	0.0964687819	-0.0612770228	0.1048677114	0.1965827439	-0.0216990248	-0.0635341365	-0.1210309684	0.1531573254	0.1524510324	0.027004741357345	0.0111974441100953	0.0001253827545987	0.000729256055777	-0.0316588060583598	-0.0316830000080159	0.0010022800010408	0.0010038124895079	0.1191599875891142	0.0752650385496025	0.0141991026422378	0.0056648260278731	-0.0027230435536769	-0.0008350444102428	7.41496619522132e-06	6.972991670777458e-07	-0.0010309012533973	-5.2902526566999926e-05	2.798677317172133e-09	1.0627573942561242e-06	-7.390381612244908e-05	-7.198032977300385e-05	5.181167874230385e-09	5.4617740374607644e-09	0.0	0.0	0.0	0.0	0.0	0.0	0.0
1127.611294904897	-0.1993517932303348	0.0397411374641501	1271507.2323970986	1517.715338643392	0.1213114420572765	0.0147164659740159	2303459.849153426	1090.2496707709552	-1.4450653527171653	2.0882138736235856	1188644.344616176	1235.4174227849417	1079.6906215356018	1.165475	23.756922	0.1213454076352676	0.0738704480537627	-0.1764276335	-0.0179849098	0.0713066225	0.1561211623	-0.0568412482	-0.102263986	-0.0190863981	0.1000497075	0.0630066437	0.004719211	0.1474096543	-0.1161464905	0.1171613709	0.0256384738	0.0667830933	-0.1180483204	-0.022087209	0.0665377045	0.0469362476	-0.012028454	0.0013561073	0.1009678555	-0.0929157649	0.0317851429	-0.2436652464	-0.0252393026	-0.1142672519	0.0901683277	-0.0034972567	-0.0756041687	0.0473329991	-0.1011098357	0.0082410183	-0.1414012976	0.0812920645	-0.1043692042	0.2481795977	0.1253310712	0.0417179327	-0.0428935207	0.1808290187	-0.0873286741	0.0712581139	0.0066596039	-0.0725956286	-0.0097525651	0.0804374452	-0.1096268638	0.095238753	0.0098054986	0.0167539128	0.202067895	0.0757665227	-0.1511379104	0.0478507922	0.0164208481	0.1161008951	-0.0266986158	-0.084774694	0.0175267383	-0.0724901771	0.0319344834	0.1237288812	0.1601198309	0.0245090608	0.0212092257	-0.0779124817	-0.0781106406	0.0238961069	0.0281125309	0.0819457795	-0.1369008834	0.0745370606	-0.0503502052	-0.1130314249	-0.1695587699	0.0687706332	-0.0902245724	-0.1027385541	0.2079234056	0.0581289527	-0.1578516965	-0.0367905245	0.1527386503	0.1507811905	0.0337355902808695	0.0067308489235244	4.530432723131089e-05	0.0011380900515986	-0.0234223949210559	0.0082364111373039	0.0005486085838379	6.783846842270373e-05	0.0872649909023124	-0.0318949966868017	0.0076151786371806	0.001017290813651	-0.0016593204020131	0.0010637231516638	2.753344196536916e-06	1.1315069433855677e-06	-0.0010317923724643	-8.91119067000009e-07	7.940931915709666e-13	1.0645954998755087e-06	0.0003511449308995	0.0004250487470219	1.806664373449289e-07	1.2330276249641468e-07	0.0	0.0	0.0	0.0	0.0	0.0	0.0
1129.9430930890635	2.331798184166473	5.437282771682062	1276771.39361968	1527.1584518432617	9.443113199869686	89.1723869055531	2332212.937036308	1091.4391512565426	1.18948048558741	1.4148638255932606	1191239.420895602	1235.7440093130915	1063.9928919573238	1.127162	22.975952	0.0945915207031945	0.0449400370450743	-0.0016046284	-0.0927559958	0.1754334794	0.0568139247	0.1354368241	0.1178335234	-0.0567590503	-0.0013803212	-0.0366195591	-0.0770330606	0.1998361462	-0.0093950706	-0.0416958114	0.0873864004	0.0519325081	0.0516104465	0.0029638498	-0.0978393591	0.0747437987	0.1415544003	0.1157228757	0.038417356	-0.1525868036	0.0023836903	0.0599996165	-0.0024555039	0.0437895664	0.0955779677	0.0232562202	0.068440066	-0.0275011142	0.0152616363	-0.0640453385	0.097033742	-0.1763184976	0.0134730099	0.0708770392	-0.0090689904	-0.0712367759	-0.0097750574	0.1069379856	0.1225441835	0.0100503139	-0.0475756955	0.0421080949	0.0411179534	0.0941775623	0.1204071584	-0.0082879274	0.1186987226	0.1453079155	0.0609309923	0.0618909299	-0.046442877	-0.0023728114	-0.0153242098	0.0044973259	0.1192531171	-0.0283183163	0.0120420511	-0.0655818915	-0.0265464021	0.0693711216	0.0331757258	0.0249688259	-0.1710865741	0.0221020125	-0.0325441966	0.065991617	0.0842472131	0.0422738575	-0.1226642196	0.0240333239	-0.0446645558	-0.0970573535	0.0350719121	-0.0612943152	-0.0457787659	0.0056099625	0.1262402783	0.0435250711	-0.0877942132	0.0478915387	0.1521113526	0.148287834	0.024446008681366	-0.0092895815995034	8.629632629383395e-05	0.0005976073404494	-0.0018106396592116	0.0216117552618443	3.278415975509899e-06	0.0004670679654978	0.0561821412501757	-0.0310828496521367	0.0031564329954546	0.0009661435424973	-0.0014979257061917	0.0001613946958214	2.243781421269903e-06	2.6048247839282264e-08	-0.0006561768670723	0.000375615505392	1.4108700789088757e-07	4.305680808808189e-07	0.0002360084483187	-0.0001151364825808	1.3256409621078871e-08	5.569998767780048e-08	0.0	0.0	0.0	0.0	0.0	0.0	0.0
1131.3963725554252	1.4532794663616642	2.1120212073484432	1280057.7518315744	1528.7470352172852	1.5885833740235284	2.523597136223977	2337067.49768564	1092.8387733797722	1.399622123229619	1.958942087833788	1194296.584602205	1238.062507565922	1081.70685019289	1.09279	22.275314	0.0566215404083459	0.0298490083838977	0.0349562024	-0.0995402414	-0.0246777124	-0.1516610435	-0.000171765	0.0305040116	-0.0422304722	-0.0039464577	0.0742706344	0.0156792472	-0.1179887011	0.0642672699	0.0882832201	0.0113637263	-0.0612027619	-0.0427979751	0.2168738155	0.0760999179	0.0481152243	0.0589021699	0.0486967624	-0.1057429354	-0.0323607421	0.0183802557	0.2123525349	0.0851460869	-0.2082941733	-0.0733845966	-0.121883108	0.0810938783	0.0207670306	-0.0397335621	0.0441404992	0.0326320562	-0.0063180576	-0.2447522951	-0.1290679989	-0.0296961017	0.0602097543	-0.0487363259	-0.1840823981	0.045709865	-0.0490166399	-0.0548389556	-0.0345074112	0.0507063078	-0.0004921274	-0.0533956299	-0.0650884708	-0.0188616066	0.0877048659	0.1293253375	-0.2496356013	0.134791037	-0.006364267	0.0203255622	-0.0280140402	0.1879669716	0.0070203421	0.03265606	-0.0394448152	-0.0882951342	0.0127063414	0.0017330285	-0.0353197771	-0.0137967116	0.1055482815	0.0701473586	0.0005089268	0.1726643989	-0.0422825446	0.0811932812	0.0018430379	0.0018676447	-0.0365616949	0.0638088812	-0.0156900031	-0.0664016173	-0.0053442023	0.0709851119	0.0993410626	0.0896577216	-0.1207117113	0.151276289	0.1449845808	0.0272067071940114	0.0027606985126454	7.621456277722528e-06	0.0007402049163406	-0.0043043420374004	-0.0024937023781887	1.8527360374932224e-05	6.218551550984476e-06	0.033389962379374	-0.0227921788708016	0.001114889587696	0.0005194834176786	-0.0019579370666395	-0.0004600113604478	3.83351755692089e-06	2.11610451741036e-07	-0.0005452311854921	0.0001109456815802	1.2308944261295136e-08	2.972770456331207e-07	0.0002354662774125	-5.421709061999953e-07	2.939492915297241e-13	5.5444367798500406e-08	0.0	0.0	0.0	0.0	0.0	0.0	0.0
1129.6637347056635	-1.7326378497616588	3.0020339184267044	1276140.1535091477	1519.8613611857097	-8.88567403157549	78.95520299541504	2309978.5572252786	1092.0620393800032	-0.7767339997690215	0.6033157063971822	1192599.4978548116	1239.4839522731484	1082.173967532147	1.121248	22.855408	0.0655675889054848	0.0317041713407574	-0.1551455258	-0.0668073309	-0.0868477483	-0.1181856343	0.0511773751	0.0461225967	0.1520915243	0.1852819905	0.0785109566	-0.0274903669	-0.1741525759	0.147008765	-0.0962263156	0.0595470935	-0.0478282758	-0.0217263629	-0.0373524198	-0.0899855135	0.0112093007	0.0336273357	-0.0039504484	-0.0143743472	0.0289675798	-0.1002409001	-0.1726537473	-0.1033988915	-0.0111284355	-0.0212489155	-0.0379676737	-0.0705877788	0.043598021	0.0043404115	0.0228883586	-0.0041969277	-0.2266893614	-0.1529598644	0.0509134348	0.0814602531	0.1400701394	-0.0635428255	-0.1522487473	0.0147028171	0.1155863715	0.069737955	0.0116065361	-0.0121801168	-0.0057851122	0.1938179439	0.0429053869	0.0228108028	-0.0197285628	-0.1249862514	0.0111051183	-0.0594183832	0.0674996501	0.0927864707	0.0306569799	-0.0428709377	-0.0372029596	0.0350904342	-0.0406533119	-0.1224334266	-0.0266961484	0.0240551593	-0.1357405534	0.1184097809	0.0470298397	0.027151019	-0.0381701074	0.0499823776	0.0345626205	-0.0154230589	0.0312023335	-0.064273259	-0.0012866267	0.0585981754	-0.1277348565	-0.070370879	0.1014697302	-0.1026950498	0.1257232764	0.089736698	0.1377797183	0.1502346003	0.1408894722	0.0299291138979782	0.0027224067039667	7.411498261803366e-06	0.0008957518587181	0.0092676590011535	0.0135720010385539	8.588950336166149e-05	0.0001841992121905	0.0067499118739249	-0.026640050505449	4.556131030575236e-05	0.0007096922909328	-0.0021259548780522	-0.0001680178114126	4.519684143513946e-06	2.8229984951913613e-08	-0.0007251389851854	-0.0001799077996933	3.236681639048458e-08	5.258265478357118e-07	0.0001307292753682	-0.0001047370020442	1.09698395972277e-08	1.7090143438294666e-08	0.0	0.0	0.0	0.0	0.0	0.0	0.0
1126.9789473376975	-2.6847873679660097	7.208083211189854	1270081.5477423847	1519.7808700561525	-0.080491129557231	0.0064788219373989	2309733.892988636	1091.5092166092595	-0.5528227707436599	0.3056130158526972	1191392.3699429594	1235.6577944636542	1073.8591548014244	1.148631	23.413572	0.1023599482723001	0.0496110086729684	-0.2423883843	0.0480264265	0.0794690201	0.0192573159	-0.1166024271	-0.0763144983	0.0393733688	0.2179075205	0.0537222317	-0.092206682	0.070376111	0.0458943098	-0.1507065908	-0.1678329485	-0.0412359174	0.0553107371	-0.0363506042	0.0726357116	0.0432188912	-0.05369092	-0.0884566612	-0.0677303676	-0.0471104877	0.1191574118	0.0153796082	-0.2048014537	0.0472863999	-0.0297001623	-0.1814302445	0.0407210589	0.1787550743	-0.1132508759	0.1297341436	0.0172448742	-0.053914088	0.0494362392	-0.0747132935	0.1601276452	0.0773904945	-0.1111228337	0.1671052463	-0.098044012	0.157476404	0.1374428335	-0.0524478604	0.0961629198	-0.0111564081	-0.0869994438	-0.0739481791	-0.0410079111	0.1233029313	-0.0943785834	-0.1250844383	-0.0274502866	0.0335119451	0.0800424352	-0.0478587517	0.090827032	0.1763744815	0.04497787	-0.0442465224	-0.0845142256	-0.0072331943	0.0767573648	-0.1343686033	0.0535570955	-0.0622996862	-0.0676242859	-0.1318107462	-0.1694696677	0.0344729254	-0.0114132064	0.0646379049	0.0231842289	-0.092685306	-0.1091778726	-0.0331691605	-0.033166381	-0.0259563104	-0.0785534758	0.0389892229	-0.1116481132	0.0032738721	0.1489877092	0.136024874	0.0362564401719396	0.0063273262739614	4.00350577771623e-05	0.0013145294539414	-0.0260879405730207	-0.0353555995741742	0.0006805806433414	0.0012500184212493	0.0314300523733521	0.0246801404994271	0.0009878481921916	0.0006091093350714	-0.0023010059173279	-0.0001750510392756	5.29462823157801e-06	3.0642866351502575e-08	-0.0011339919936141	-0.0004088530084287	1.6716078250119869e-07	1.2859378415808812e-06	-5.304315422146764e-06	-0.0001360335907903	1.8505137823315522e-08	2.8135762097624003e-11	0.0	0.0	0.0	0.0	0.0	0.0	0.0
1127.4770441312874	0.4980967935898661	0.2481004157845057	1271204.4850430249	1520.473825751411	0.6929556952584335	0.4801875955910989	2311840.654795132	1089.1149319052108	-2.3942847040486868	5.7325992440415074	1186171.334898892	1232.2538075883456	1049.7775081011107	1.132447	23.083681	0.0711301840145838	0.0432177919045015	-0.0955227225	-0.0297455027	0.2107717124	-0.003539696	0.1085853372	0.1533921084	-0.0227696765	0.0779156457	-0.1671169966	-0.0954706689	0.1295884014	-0.0309886395	-0.0749764936	0.0114967346	0.0040841533	0.0493084407	0.0705795915	0.1206578295	0.1159233465	0.024341519	0.0802301947	0.0590010119	0.1445302228	0.1572043643	-0.0111812363	-0.1363611978	0.090816357	0.0374701653	0.1100612921	-0.1570240528	-0.0634264693	0.1911658158	0.1658586859	-0.1059558329	0.1612785419	-0.0599578418	-0.0765937418	-0.0312423707	-0.0748339133	-0.0751902634	0.1711791418	0.1402574472	-0.0830591714	-0.0446639204	-0.0980438668	0.0599652277	0.054148003	0.153503686	-0.0275872322	-0.0031360837	0.2793621236	-0.1472376008	0.0891350842	0.0704791407	-0.0018733434	0.1194209439	-0.1982270472	-0.0832942531	0.0178512685	0.0686343267	-0.0850498029	-0.1042579601	-0.0268440952	-0.0794741969	-0.0563823405	-0.1073827524	-0.0027970586	-0.0669150046	-0.0661304351	-0.1438635951	-0.0530813557	-0.0139304298	-0.0412271855	0.1195115429	-0.1821628522	0.1358754172	0.0059470748	-0.0366951891	0.0371505761	-0.148175385	-0.1125196208	0.0764397214	0.0340026473	0.1475373187	0.1304173552	0.0366820785282868	0.0004256383563472	1.811680103939467e-07	0.0013455748851553	-0.0275618785988029	-0.0014739380257822	0.0007596571518951	2.17249330384673e-06	0.0593125001114742	0.0278824477381221	0.0035179726694736	0.0007774308918691	-0.0023009373749547	6.8542373199941e-08	5.2943128034634255e-06	4.6980569238799905e-15	-0.0005477718968178	0.0005862200967963	3.436540018878634e-07	3.000540509433705e-07	0.000235370243295	0.0002406745587171	5.792424321369333e-08	5.5399151428747495e-08	0.0	0.0	0.0	0.0	0.0	0.0	0.0
1130.4125863581269	2.935542226839516	8.617408165557904	1277832.6153968696	1528.5486760457356	8.074850294324733	65.20320727575623	2336461.055041171	1089.0788730564964	-0.0360588487144468	0.0013002405706113	1186092.791738008	1234.417498850386	1068.632383250077	1.063555	21.679382	0.0292382569345247	0.0196711438519865	-0.0027360454	-0.0805727024	0.0183711773	-0.1437618368	-0.0344264346	0.0180482341	-0.1301759627	0.0035145493	0.0289211404	-0.0574989727	-0.0334815458	-0.0994898991	0.0355323676	-0.1189704474	-0.2349779657	-0.0882062862	0.1938677206	0.0160228886	0.0720599678	0.1244680709	0.1392680528	0.032476885	0.1361229596	0.1975440294	0.0679548167	-0.167680626	0.0353438752	0.1870728249	0.1130245095	0.0381808293	0.0517263866	0.1498061449	0.0437863005	-0.0385417286	-0.0705275112	0.0448104209	-0.187679528	0.1172183556	-0.028596629	-0.019637393	-0.0624996167	0.0036056033	-0.1976509367	-0.0593368952	-0.1613702774	0.1666401776	0.1022052019	-0.1101252214	-0.0322424562	-0.1755227176	0.1491544837	-0.1195937895	0.0112368078	0.0716757904	-0.0539416071	-0.0405295363	-0.1382499291	0.0111159537	0.167012886	0.0632663385	-0.0691248256	-0.0575281401	-0.0663028723	-0.1255546999	-0.0514044622	0.0172992069	0.1099757685	0.0274313559	-0.0983167199	-0.071625378	-0.0735589081	0.0754314888	-0.0187471715	0.0814201617	-0.0996782816	0.0748647738	0.17781264	-0.0864418961	-0.0346346936	-0.0585954028	-0.0895183001	0.1411645441	-0.1806012885	0.1458854101	0.124097542	0.043228010153598	0.0065459316253111	4.284922084324928e-05	0.0018686608618395	-0.0093724153629324	0.0181894632358705	8.784216973533126e-05	0.000330856572809	0.0593153828066022	2.8826951279994906e-06	0.0035183146374937	8.309931200991999e-12	-0.0022319341046005	6.900327035420017e-05	4.981529847278835e-06	4.761451319574841e-09	-0.0005687639425651	-2.09920457473e-05	4.406659846567359e-10	3.234924223621964e-07	0.0002353659718322	-4.2714628000015825e-09	1.824539445179736e-17	5.539714069651596e-08	0.0	0.0	0.0	0.0	0.0	0.0	0.0
1133.1485970133183	2.7360106551914214	7.485754305320991	1284025.7429132515	1529.3188405354815	0.7701644897458664	0.5931533412655107	2338816.1160167893	1095.0746616307151	5.99578857421875	35.94948062673211	1199188.5145456253	1239.8791719712751	1095.6199645105503	1.101589	22.454672	0.1029442248255928	0.0567190047092983	-0.0732287308	0.1280490165	-0.0802163266	0.1002218129	0.0023977661	-0.0627590384	0.0184336894	-0.0283628053	-0.0333548936	0.0933157032	0.0143000147	-0.0522640907	-0.0983622184	-0.104470199	0.0499788615	-0.1402271185	0.185106589	0.1508656391	0.0097399671	0.139777693	-0.0579129582	-0.0545878126	-0.0228532432	-0.0652013488	0.2229904542	0.0987177964	0.0210409587	-0.0486262571	0.1023332341	0.1312212756	-0.0088266639	0.0201452111	-0.1357592263	-0.1001659643	0.1446785751	-0.1495015466	-0.0593709136	0.2104369713	0.0577969344	0.025380111	0.075374505	0.0146329645	-0.0324047014	0.1535440333	0.0894763892	0.1916713113	-0.0548170812	-0.1194729085	-0.0339539361	0.0074918437	-0.1158700091	0.1591456872	0.1104943127	-0.0667540289	0.0071977222	0.0734884293	-0.1355979395	0.1638237047	0.047005495	0.0601626954	-0.0282384514	-0.032638045	-0.1403194332	-0.0326613579	-0.0305242887	0.0452124441	-0.137592376	-0.0206151257	-0.091936774	-0.1597701964	0.0481594811	-0.0055609917	0.0167183827	0.0326711365	-0.1292624243	-0.0969385377	-0.0152322445	-0.0629840655	0.0478545166	-0.0198511164	0.0229074158	0.120763381	0.0031283648	0.1440342395	0.1170999511	0.0430457307612783	-0.0001822793923196	3.3225776864438386e-08	0.0018529349367724	-0.0195488781360779	-0.0101764627731455	0.0003821586363792	0.0001035603945732	0.0059323568810896	-0.0533830259255126	3.519285816461113e-05	0.0028497474569639	-0.0027429053036815	-0.000510971199081	7.523529504964102e-06	2.610915662902752e-07	-0.000840823435539	-0.0002720594929739	7.401636771721558e-08	7.06984049751607e-07	0.0002343475291948	-1.018442637399996e-06	1.0372254056742597e-12	5.491876443970764e-08	0.0	0.0	0.0	0.0	0.0	0.0	0.0
1132.4713285765606	-0.6772684367576858	0.4586925354281994	1282491.3100479604	1531.9933276706272	2.6744871351456823	7.152881436059759	2347003.5560273216	1093.7142285877849	-1.3604330429302536	1.850778064296469	1196210.8138153732	1240.095687840822	1075.6307054957526	1.09846	22.3909	0.0802142225275813	0.0381512042595003	0.098128265	0.1401861245	0.0847274582	-0.0403375693	0.0694247304	0.1046952606	0.128428496	-0.0764594938	-0.1319955249	-0.0957402987	-0.0743720514	0.0790225984	-0.0286561688	-0.039246357	0.1327007294	-0.1240704734	0.0229008402	-0.0773423735	-0.0036922128	0.0201260735	0.0449496001	-0.0976239579	0.0715112567	0.0227806514	0.0360994313	-0.0385071999	0.1515350536	0.0832935819	0.0510077572	0.0081549192	-0.0991695127	0.0228843978	-0.1863808922	0.1309669533	-0.0350772688	-0.023694316	0.0687809155	-0.100006874	-0.1591680581	0.0234712625	-0.0574483301	0.100288047	0.0254689339	0.1366153139	0.03421527	0.045710529	-0.0517485332	0.063173589	-0.1016446551	0.0589545212	-0.1114458329	-0.029451011	0.1362264636	-0.0068897322	0.0133412173	0.0255736565	-0.1587567046	-0.0299627458	-0.0897298464	0.0550899018	-0.01547857	0.041841368	-0.09080812	-0.120602878	-0.0348458086	-0.1628233998	0.0014080418	0.0252613623	-0.0722617822	-0.1144483047	0.0698492133	0.0324906046	0.0104906935	-0.1099696881	0.0427204506	-0.0665190456	-0.0485619688	0.0455771519	0.1304268141	-0.018352783	-0.0729415085	-0.0240616706	0.0771680506	0.1419863355	0.1094628008	0.0207835632429151	-0.0222621675183632	0.0004956041026156	0.0004319565010722	-0.008403287923258	0.0111455902128199	7.061524792117376e-05	0.0001242241811921	-0.0074240761577186	-0.0133564330388082	5.511690679560577e-05	0.0001783943035201	-0.0023439341351088	0.0003989711685727	5.494027229728237e-06	1.5917799335226597e-07	-0.0005717769360078	0.0002690464995312	7.238601890999204e-08	3.269288645504678e-07	0.0002353304962427	9.82967047899995e-07	9.662242172572305e-13	5.538044246183544e-08	0.0	0.0	0.0	0.0	0.0	0.0	0.0
1132.4450373837794	-0.0262911927811728	0.0006912268178567	1282431.7626951495	1533.5589721679687	1.5656444973415091	2.451242692055746	2351803.1211168766	1092.4170646479563	-1.2971639398285788	1.6826342867916009	1193375.0431340572	1239.4620350156963	1084.7678597817626	1.018105	20.752937	0.0682992465564706	0.0294164613932237	0.07082055	0.0535267171	-0.0791189392	-0.1802662696	-0.0132522084	0.0504852973	-0.0802250919	-0.0753760785	-0.068221017	-0.0208244923	-0.232515626	-0.0274889098	-0.0509722796	0.0179574954	0.0011322681	0.1256735714	-0.0089736102	-0.151956974	0.0733776168	-0.0564015869	-0.1483448745	-0.1632768811	0.0193804944	-0.1805579375	-0.018908913	-0.0252112961	-0.1144857512	-0.0660724947	0.1137957446	0.0464929599	0.0331318534	-0.1076047738	-0.1254050777	0.0458541977	0.1880538832	0.0767979858	0.000926602	-0.0663279787	-0.0052911874	-0.0951957689	-0.2463624292	-0.0109541404	-0.0341176142	-0.1237321392	0.0435864822	0.0315169677	-0.0647146304	0.0512513134	-0.1893038826	-0.0346581192	-0.0520360226	0.057674974	-0.0392339182	0.0056536931	0.0730628876	0.0953143038	0.1733636538	0.1725275238	-0.1801600969	0.0666516706	-0.0226650449	0.0514963775	-0.0617539169	-0.111548399	-0.0562082152	-0.0145292848	-0.0052853641	0.1626315883	-0.0989157439	0.0193826919	-0.0014369436	0.1470160452	-0.0429690714	-0.0990989619	0.0640387769	-0.0309071526	0.014463616	0.0369456667	0.0409518971	0.0400488461	-0.0802586276	0.0597063767	-0.1515411579	0.1397444952	0.1012278027	0.0267017943396012	0.0059182310966861	3.502545931378235e-05	0.0007129858209543	-0.0261712895054131	-0.0177680015821551	0.0006849363943761	0.0003157018802234	0.0004202446904173	0.0078443208481359	1.766055998239323e-07	6.153336956849952e-05	-0.0021640054831708	0.0001799286519379	4.682919731193287e-06	3.2374319788225906e-08	-0.0002819671659461	0.0002898097700617	8.398970282321543e-08	7.95054826716755e-08	-3.0304942347471418e-05	-0.0002656354385901	7.056218623499274e-08	9.183895306835663e-10	0.0	0.0	0.0	0.0	0.0	0.0	0.0
1131.3569401360264	-1.0880972477530122	1.18395562056768	1279968.5259939523	1524.0824464586046	-9.476525709364068	89.80453952023817	2322827.3036032454	1093.3178500471445	0.9007853991881802	0.8114143353906093	1195343.9212317104	1238.9749822378556	1084.4779411939332	1.101716	22.457264	0.0395004193246555	0.0204463690968596	-0.1483772777	0.1462562063	-0.0977045716	0.0109360753	0.0091266649	-0.0090058884	0.0161199928	0.1140360515	-0.0741866902	0.0020581026	-0.1586648192	0.1155039343	-0.0091107752	0.007866047	0.0745502927	-0.0286654439	-0.2442271929	0.2028881213	0.0797616789	0.0691825782	-0.0632489497	-0.018214532	0.0324272454	-0.1194310687	-0.064618308	-0.0232479653	0.0695665129	-0.0032119703	0.0822930231	-0.0433089962	-0.0332488892	-0.0106721884	-0.1099574113	0.0798805021	0.08376696	0.0415243919	0.1876682889	-0.0302325241	0.0684984205	-0.14093579	-0.0539248099	0.0369245623	0.0397484822	0.0571314779	0.1322704808	0.0943559455	-0.0051907408	0.0561383623	-0.1135188745	0.0464830145	-0.1514107559	-0.0945850691	0.1834479023	0.0889373403	0.1123243493	-0.0382157309	0.0409711204	-0.0790377192	-0.1594325986	0.0885536456	-0.0913925194	0.0235621693	-0.0482467969	-0.0438797408	-0.0326140725	0.0068696585	-0.1841102865	0.1264034861	-0.0689145684	-0.007734487	0.0534789722	0.1046139896	-0.0078438408	-0.0232995116	0.0232354411	0.0022504755	-0.1262382308	0.2147353068	0.0147058039	-0.0400127329	-0.0087638291	0.0020427005	0.1410726333	0.1373117808	0.0924399334	0.03270918787112	0.0060073935315188	3.608877704253397e-05	0.0010698909711882	-0.0244517940269588	0.0017194954784543	0.0005978902311368	2.956664700424789e-06	0.00928116462822	0.0088609199378027	8.614001685612209e-05	7.851590214414941e-05	-0.0024120168997338	-0.000248011416563	5.817825524601452e-06	6.150966274558593e-08	-0.000473441532405	-0.0001914743664588	3.666243301083712e-08	2.2414688460599467e-07	-4.907136686316564e-05	-1.876642451569422e-05	3.52178689103249e-10	2.4079990458193908e-09	0.0	0.0	0.0	0.0	0.0	0.0	0.0
1128.6405686112744	-2.716371524752049	7.378674260483769	1273829.533115181	1531.7596118503147	7.677165391710105	58.93886845167137	2346287.5084958267	1088.6612197049146	-4.656630342229846	21.68420614417565	1185183.2512893924	1235.3575111427244	1071.577651161164	1.119923	22.828392	0.0612445011410126	0.0303033638070524	-0.0921232036	0.0831257771	0.1422032755	-0.015681067	0.0149020076	-0.0069820406	-0.1477176863	0.0402899767	-0.0987837211	-0.1195704554	0.1004719047	0.0288883079	-0.0684404409	-0.0983624712	-0.0617611181	0.2126775443	-0.0835896189	0.0240650753	0.1510719697	-0.0581149991	0.0475666421	0.2148994418	0.0777185336	-0.0916585595	-0.0324688945	-0.09747376	0.0669824495	-0.0104740346	-0.0434078613	0.1527852769	0.0658816881	-0.2094981203	-0.0037370426	0.0548764267	0.093057028	0.0273108791	-0.0851640588	0.1215053721	-0.0836600251	-0.1350427255	0.163143397	0.0029038822	0.0387599859	-0.0633737248	-0.0018027085	0.059508797	0.0010569133	0.0025877104	-0.0311714408	-0.0520094248	-0.0250641921	-0.095594425	-0.0892953906	-0.0229703916	-0.1163840336	-0.2220990599	0.1421843772	0.1131597935	-0.0997457628	0.07273389	-0.0734473345	0.0306534381	0.0309882701	-0.024601629	0.0089874009	-0.1049698909	-0.1614370643	-0.0330019873	-0.0507136491	-0.0329649259	0.0456924881	0.0951477119	0.0411874274	-0.0383010736	0.0997943398	0.0670025648	-0.0666722488	0.1222842626	0.0392671446	0.0256893891	-0.1377332343	-0.188569742	0.0121811648	0.1346915149	0.0831471893	0.028971801831588	-0.003737386039532	1.3968054408488724e-05	0.0008393653013688	-0.0392100736120255	-0.0147582795850666	0.0015374298726604	0.0002178068163109	0.0342064644332822	0.0249252998050622	0.0011700822090254	0.0006212705703722	-0.0022990354326536	0.0001129814670801	5.285563920596726e-06	1.2764811903594292e-08	-0.0003597948550557	0.0001136466773492	1.2915567272535894e-08	1.2945233772455216e-07	-0.0001789139366607	-0.0001298425697975	1.6859092931627585e-08	3.2010196731428974e-08	0.0	0.0	0.0	0.0	0.0	0.0	0.0
1131.5404810992795	2.8999124880051568	8.40949243808826	1280383.860366389	1530.2503896077474	-1.5092222425673754	2.277751777460097	2341666.254894662	1093.9957912802108	5.334571575296195	28.457653891958127	1196826.791338815	1239.2305395345322	1074.0992042452444	1.131638	23.067194	0.1292286460217463	0.0710249324930538	0.0552414616	-0.109640171	-0.0063117084	-0.1201744253	0.0735520303	-0.0264249951	-0.2715544862	-0.0399909421	0.0246629962	-0.1336657928	-0.0160512788	-0.1329359737	0.2066246249	0.0555285986	-0.2191519761	0.1271678947	0.0981135209	0.1648605678	0.0567368775	0.0699729351	0.0370282566	0.1300262339	0.0609358147	0.0139175871	-0.133222973	0.3045112116	-0.0971018686	0.1225765769	0.0579454171	-0.0967631381	0.0750397878	0.05128498	-0.2473376395	0.0472376488	0.0717628589	0.0333778553	-0.0009851321	0.0549730163	-0.0382885012	-0.0336987792	0.0069689362	0.0572703522	-0.0720090015	-0.2275361994	-0.211219891	0.1016207294	0.0288401443	0.0242499897	0.0046825733	0.0520494523	-0.0104403573	0.22737658	0.0703449132	-0.0046972575	-0.098027751	-0.0612431245	0.0035978232	0.0276716436	-0.1507443084	0.0832356606	-0.0710275054	0.0581470694	0.0435354911	-0.1172405811	0.0888421706	-0.0173712012	0.0093822366	-0.0321525286	0.0004143664	0.1168490188	-0.1003464443	0.1073762587	0.0590658718	0.0224632748	-0.1304246982	0.1119511563	0.1793029598	0.0994431773	-0.2474880059	-0.0241348974	-0.0053541801	-0.0229888561	0.0999933835	0.1318872767	0.0734003241	0.0267986222978464	-0.0021731795337415	4.7227092858733446e-06	0.0007181661570626	-0.0715861485827247	-0.0323760749706992	0.0051245766689079	0.0010482102305083	0.0785813804454278	0.0443749160121456	0.006175033352709	0.0019691331710849	-0.0030100330149386	-0.0007109975822849	9.060298751020358e-06	5.055175620151151e-07	-0.0005798452233929	-0.0002200503683372	4.8422164605337424e-08	3.362204830915622e-07	-0.0001038723771797	7.504155948100001e-05	5.631235649340462e-09	1.0789470740961861e-08	0.0	0.0	0.0	0.0	0.0	0.0	0.0
1134.1236112909212	2.583130191641658	6.672561586970668	1286236.3656875603	1525.2684168497722	-4.9819727579752	24.820052561207017	2326443.7434394103	1098.0703284352871	4.074537155076314	16.60185302809738	1205758.446189979	1240.9906785301678	1095.1038919144569	1.165084	23.748951	0.1029557078540886	0.053760504428434	-0.074215163	0.0406722529	-0.1548894179	0.0782293785	0.1409541397	-0.0385878239	-0.0846794614	0.0659206558	-0.0413458708	0.105762748	-0.0611952501	-0.0099949772	0.1493297316	0.1252745484	0.0825481105	0.0371945468	0.0791586457	0.1332546629	0.0771291156	0.1407323508	-0.0738346504	0.1071226105	-0.0831196384	-0.2558826208	0.0347681384	0.2331567854	-0.0325833309	-0.1006312641	-0.1770882443	-0.1862283842	-0.1710249806	0.0972070835	0.2432724589	-0.0146726367	-0.0601639403	0.2050862927	-0.164714986	-0.0697431431	0.0501775768	-0.0763725037	0.0252107978	0.0409583872	-0.1690743834	0.0031132365	0.1399466578	0.0035196792	0.0260491655	-0.0211120903	0.0834878324	0.1878192191	-0.1916486367	0.0682464461	-0.1863544754	-0.0155305592	0.238984476	-0.0715484293	-0.2285532557	-0.1876020772	0.0410272016	0.0685724757	-0.1054204599	0.0067397157	0.0456499552	0.0173190889	0.085996914	0.053413643	-0.1692509351	0.1058280145	0.0067400887	0.127514345	-0.0211242595	-0.0081922398	-0.0200658495	0.1160989133	0.0240014835	0.0958015119	-0.0330504846	0.112271899	-0.0944891019	0.0420292742	0.1432980222	0.1718090868	0.114868713	0.1289028963	0.0632525717	0.0300270601921823	0.0032284378943358	1.0422811237584003e-05	0.0009016243437849	-0.0392539459059833	0.0323322026767414	0.0015408722691898	0.0010453713299298	0.0746243975906537	-0.003956982854774	0.0055688007157679	1.565771331297616e-05	-0.0023450122438732	0.0006650207710654	5.49908242391522e-06	4.422526259484192e-07	-5.029145877255559e-05	0.0005295537646203	2.804271896235792e-07	2.529230825471659e-09	-0.0001780595300587	-7.4187152879e-05	5.503733652292118e-09	3.170519624472509e-08	0.0	0.0	0.0	0.0	0.0	0.0	0.0
1133.9267922089607	-0.1968190819604842	0.0387377510237678	1285789.9700893036	1540.2189712524414	14.95055440266924	223.5190769471726	2372274.479405929	1094.107616405769	-3.962712029518116	15.703086628887585	1197071.4762771134	1242.1392365263623	1091.67387685516	1.099808	22.418377	0.063366027113893	0.0368204150306224	0.026692937	0.0412541418	0.0984194372	0.0391613335	0.1179207194	-0.1225065067	0.0068204264	0.0249836754	-0.1099763729	-0.0422193876	0.037069501	0.2508401019	-0.0039302885	0.0722127673	-0.1363863727	0.1146766505	-0.0910661647	-0.0804299525	0.029548118	-0.0126027917	0.0127516958	-0.05728664	0.0365222047	0.0497167374	0.1060141773	-0.0897013447	0.08595645	-0.1157384347	-0.029270921	-0.0757316876	-0.1209125071	-0.0173494553	-0.081418016	-0.0721155143	0.0465896881	0.2049205198	-0.2277662517	-0.2587562583	0.0470473547	-0.026457794	0.0265559023	0.2298660041	0.1175938976	0.0186318655	0.0246359769	-0.0854614628	0.0062326245	0.0972694424	0.0214823012	-0.035139239	-0.0630614805	-0.1048948326	-0.1769579323	0.0478003862	-0.0340290491	0.0849684383	0.0732558898	-0.2228979036	-0.0366898833	0.0430581011	-0.0476469896	-0.1140875648	0.0169548921	0.019044781	0.1017062363	-0.0226983035	0.0069975065	-0.0688699624	0.0970030514	0.0016988831	-0.0366524994	0.0156611985	-0.0823738314	0.0577614777	0.0707967869	0.1808346052	-0.0534718614	0.0477911799	-0.0234542459	-0.0866420391	0.0099911466	0.1221938294	0.1127380096	0.1257424501	0.0527593557	0.0269830578803862	-0.0030440023117961	9.26595007422e-06	0.0007280854125762	-0.0395585154995359	-0.0003045695935526	0.001564876148527	9.276263731679629e-08	0.0472959611339689	-0.0273284364566848	0.0022369079395858	0.000746843439167	-0.0021250164230807	0.0002199958207925	4.515694798362692e-06	4.8398161166165824e-08	-0.0003809208883487	-0.0003306294295761	1.0931581970184667e-07	1.451007231803628e-07	-7.490440539015437e-05	0.0001031551246685	1.064097974538319e-08	5.610669946852587e-09	0.0	0.0	0.0	0.0	0.0	0.0	0.0
1131.545162448568	-2.381629760392798	5.672160315588656	1280394.454660756	1526.0616775512694	-14.157293701171966	200.42896494124344	2328864.2436905946	1092.5217077696852	-1.5859086360837864	2.515106202005136	1193603.6819479894	1238.822766803862	1082.0479691056426	1.059509	21.59691	0.0664013121444921	0.039441296926094	-0.0139607043	-0.0964661809	-0.0183372021	-0.1562912768	-0.0019810415	-0.0658075178	-0.0084753156	0.099127491	0.0665212793	-0.016721395	-0.0548496074	-0.0643918611	0.1163041766	-0.0257040811	-0.1186561266	0.0542808862	-0.0415115882	-0.248815524	0.0820228755	0.0039020613	-0.0930465461	-0.1271458689	0.1053347348	-0.0947733954	-0.1067322067	0.0672913702	0.0566376901	-0.1542208415	0.1061424539	-0.0074380881	0.1021102112	0.1539984128	0.0216628566	0.271272087	-0.0917776507	0.0423963767	-0.1788567043	0.0374096416	0.0555862527	-0.1036116087	-0.1405235942	-0.0955684252	-0.051568543	-0.0263868385	-0.118497697	-0.0800047113	0.0235605111	0.0456034337	0.0693656538	-0.1493778017	-0.1036047453	-0.0859397237	-0.1233227162	-0.0858552009	0.005293594	0.0366308	0.0253569436	0.0600204637	-0.02347961	0.0473642328	-0.0454441	-0.0916533495	0.0697414882	-0.0415206167	-0.026437262	0.1456865403	0.158910051	0.0371527567	0.0550493544	-0.0344139115	0.002027071	-0.0093943571	-0.0830158545	0.0345702996	0.151566192	0.0991206102	0.1257665968	-0.0672074638	-0.0422730538	-0.125099056	-0.0686115242	0.0873386113	-0.1947729806	0.1224102548	0.0419779864	0.0269353223469153	-4.773553347089954e-05	2.27868115575137e-09	0.0007255115899322	-0.0394567357379855	0.0001017797615504	0.0015568339950972	1.0359119861256765e-08	0.0852810202621725	0.0379850591282036	0.007272852416957	0.0014428647169731	-0.0018830175306724	0.0002419988924082	3.545755020819582e-06	5.856346392684388e-08	-0.0001608323242969	0.0002200885640518	4.843897602638328e-08	2.5867036538743214e-08	-0.0001781517033554	-0.0001032472979652	1.0660004537124214e-08	3.173802940843044e-08	0.0	0.0	0.0	0.0	0.0	0.0	0.0
1131.7535236373508	0.2083611887828738	0.0434143849910123	1280866.0382655596	1530.3100711398654	4.248393588595945	18.04884808362313	2341848.9138321	1092.628675038004	0.10696726831884	0.0114419964915947	1193837.4215153044	1238.6432902864528	1084.038689075277	1.039996	21.199165	0.0802351094120285	0.0519281471421588	-0.1034186899	0.0068289534	0.0989785932	0.0840768413	-0.0138087652	-0.1120724442	0.05835672	0.0463012228	-0.02295407	-0.0413135084	0.1386918862	-0.0500530697	0.0462668658	-0.0267178409	0.0914607315	0.0484234371	-0.0569060974	0.0235838521	0.082232163	-0.1299911798	-0.0283028982	0.1203902413	0.0661451061	0.1441088706	0.0887116885	-0.0354625193	0.0243070573	-0.0050654969	-0.2361147508	0.042366223	-0.1714649294	-0.0460930974	0.1417115733	-0.0613429889	0.1000469498	-0.0826953423	0.0859522206	0.16520084	-0.0912702449	-0.0801717813	0.1635491149	-0.0811275903	0.0654768143	-0.0114407547	-0.0168697686	-0.0457526405	0.0076361589	-0.1400433838	0.0642436539	-0.008723011	-0.0706108715	-0.1547120006	-0.0023519138	0.0463836201	0.0412733952	0.0214331016	0.041047962	0.076316231	0.1291721699	0.0335038232	-0.0866017813	-0.012545716	0.1387201707	0.0420435899	0.0247425909	-0.0183145967	-0.0309086063	-0.07347021	0.0488100894	-0.1742241315	0.0423211967	-0.0759847025	-0.0727760398	0.0987456808	0.2069579696	0.0714031372	0.0496886962	0.1038527345	-0.0061668258	-0.2012465259	-0.1891184674	-0.0796549259	-0.1452647338	0.1189108618	0.0309673479	0.0269755551588986	4.02328119833012e-05	1.6186791600836642e-09	0.0007276805761307	-0.0468622034155288	-0.0074054676775432	0.0021960661089583	5.484095152313853e-05	0.1037680593135235	0.0184870390513509	0.0107678101336949	0.0003417706128861	-0.0008950055489956	0.0009880119816768	8.010349327329154e-07	9.761676759369174e-07	-6.292035081068015e-05	9.791197348621986e-05	9.586754551966222e-09	3.958970546139058e-09	-0.0001780282610954	1.234422600000101e-07	1.523799155391009e-14	3.169406174865191e-08	0.0	0.0	0.0	0.0	0.0	0.0	0.0
1134.5043813332486	2.750857695897821	7.567218063080269	1287100.1912643372	1532.3872733222113	2.0772021823459	4.314768906342569	2348210.7554398817	1095.591978176474	2.9633031384698825	8.781165490465455	1200321.7826446395	1240.7401439901596	1093.4455495307418	1.623022	33.083515	0.5453317386709718	0.3093974536028939	0.1247017985	-0.2840214942	-0.1398156883	0.1760146272	-0.2245281904	0.1249615803	-0.1670541375	-0.1421745626	0.1580051257	0.139767915	0.0660825832	-0.3625092899	-0.1672823186	0.1752112663	-0.0524469896	0.0195811032	-0.1800151105	0.023287658	-0.2622883888	-0.1983319341	0.1554688404	0.3029851057	0.0599090503	-0.1314290351	0.0105159236	0.0321043069	0.1681422658	-0.1353748837	0.0231597984	0.0690786541	-0.0919338987	0.2119473192	-0.1536067126	0.047366068	-0.1364618568	0.0756716108	0.2110034431	0.1043554174	-0.0392355507	0.2836725451	0.1261507208	-0.2923296662	0.0002373413	-0.173329894	0.070839188	-0.0617025749	0.1661003855	0.2257433524	-0.0615461871	0.1052910874	-0.1585124636	-0.1041328347	0.0871404473	-0.3077237854	-0.3171363666	-0.0748014049	0.058371973	-0.0376605636	0.21523539	-0.3842805815	-0.1130339999	0.3348581369	0.1131395687	-0.0673477836	-0.3259997492	0.0485618971	-0.1163645491	0.1367752341	0.4517731912	-0.2062626748	-0.4710894299	-0.0158265195	0.0100561225	-0.0558635723	0.0054030499	-0.017757447	0.0336635274	0.0342858388	0.1125393086	0.0217882818	-0.0049415376	0.0086131175	0.1301460024	0.1152490509	0.0197875765	-0.0063267778328395	-0.0333023329917381	0.0011090453826926	4.002811774610928e-05	0.0506246502254725	0.0974868536410012	0.0025628552104514	0.009503686632822	-0.09928719932077	-0.2030552586342935	0.0098579479489623	0.0412314380590398	0.0024459517999476	0.0033409573489432	5.982680207666904e-06	1.1161996007457576e-05	0.0003898163734199	0.0004527367242305	2.049705414670364e-07	1.519568049862429e-07	0.0002580235338096	0.000436051794905	1.9014116783987227e-07	6.65761439995938e-08	1.0	0.0	0.0	0.0	0.0	0.0	0.0
1135.9979543593	1.4935730260513085	2.230760384148062	1290491.352308514	1542.0103991190592	9.623125796847944	92.60455010196036	2377796.0709913205	1098.6257973656866	3.033819189212636	9.204058872834816	1206978.6426373906	1243.7371773362754	1082.5079702087878	1.507294	30.724524	0.2674874272210481	0.1476563963761197	0.099853033	-0.1111034964	0.1365111904	0.1347379755	-0.0128730232	0.0114480868	0.0874128558	-0.1304720492	0.0499679771	0.0320786266	0.1978235201	0.1830623687	0.1599217251	0.2304241436	-0.0088632125	0.0018263208	-0.02279416	-0.0531629891	-0.1510368491	-0.0435784428	-0.092850539	0.1106640544	-0.0946877949	0.133772998	0.2303399109	0.2139157525	-0.0172424459	-0.1264970749	-0.0391750152	-0.1357624888	0.0566850083	-0.0856976514	0.0184562537	0.0857589587	-0.0651100965	0.0932103666	-0.02935698	0.0871520965	-0.0503673421	0.1697974053	0.0651137578	0.1203815203	0.0471755078	-0.1722412397	0.0719403803	-0.1935393052	-0.0327887196	-0.0802445733	0.0166715684	0.1010722	-0.1292283336	0.0242965299	-0.1985824437	0.0501814728	0.0076877363	0.04792046	0.0695086657	0.0113993242	0.1520656327	-0.1920434147	0.0605262233	-0.014628889	0.1230924423	0.1710774659	0.1077251628	-0.1969055434	0.0291678614	0.0593208048	0.1749246635	0.1370396703	0.0615141571	-0.0985771685	-0.110762975	0.0448317804	-0.0930583673	-0.0119985966	-0.1945388466	0.03182893	-0.0422590282	-0.0697869829	0.0428245363	-0.0298894213	-0.0534087341	0.1114298236	0.0084997322	-0.0026299448956734	0.0036968329371661	1.3666573765316137e-05	6.916610154278571e-06	0.0015832768674641	-0.0490413733580084	2.506765639046933e-06	0.0024050563008395	-0.030829046074885	0.068458153245885	0.0009504300818873	0.004686518745837	0.0004009949633814	-0.0020449568365662	1.607969606572503e-07	4.1818484634188405e-06	-5.503568522047253e-05	-0.0004448520586403	1.9789335407657747e-07	3.0289266476869383e-09	-0.0001779889245836	-0.0004360124583931	1.9010686387408197e-07	3.1680057274426444e-08	0.0	1.0	0.0	0.0	0.0	0.0	0.0
1134.3922871765826	-1.6056671827172977	2.578167101655304	1286845.8612057182	1527.547703552246	-14.46269556681318	209.16956305831764	2333401.986627741	1097.25781821265	-1.3679791530366856	1.871366963142968	1203974.7196287846	1242.0816513797804	1085.596573395488	1.076753	21.948418	0.0978037676493179	0.0542385837815207	0.0537742327	-0.1255669723	-0.0723041317	-0.0181407809	-0.0783532331	-0.0212543873	-0.0396628027	0.05513599	0.0569342351	0.1536540472	-0.0378112411	0.0072007398	0.0602810804	0.1926904517	-0.0950194581	-0.0445166476	-0.0200993374	-0.1605487951	-0.2394554816	0.0303257538	-0.0566449176	-0.0439763408	-0.0980516687	0.0759293427	-0.1568351981	0.1527100336	-0.1994034818	-0.2167792997	0.1508260911	0.0053416492	-0.0879197605	0.0012922472	0.1377517719	0.0111318025	0.0054822488	0.0588476843	-0.0416434931	-0.0006447773	0.1945123161	0.0966673482	-0.0882708469	-0.0209501047	0.0635193087	-0.1486035572	-0.0080044503	-0.206189174	-0.0401551113	0.0428637772	0.0727981005	-0.0304179814	-0.0261254904	0.2093227328	-0.0557383354	0.0583685919	0.0925163506	0.0109985692	0.034149554	0.0597154767	0.2410902525	-0.1394586527	0.0971515171	-0.0603165837	0.0972374665	0.1919329607	0.043521476	0.054469304	0.1078249113	0.0788545802	0.1021663695	0.2306025848	-0.0141400507	-0.0181683827	-0.0895772054	0.0188334591	0.068748726	0.0376056923	-0.0454054112	-0.0698470929	0.0540296022	0.1480728952	-0.016363365	0.0637190759	-0.2036653366	0.1074583966	-0.0028345346	0.0029172155803109	0.0055471604759842	3.077098934632236e-05	8.51014674200866e-06	0.0015337492658602	-4.952760160389989e-05	2.3523868105267024e-06	2.452983320634627e-09	0.0015740232210958	0.0324030692959808	2.477549100548797e-06	0.0010499588998001	-1.5106549758252023e-05	-0.0004161015131396	2.2820784559854427e-10	1.73140469237108e-07	-0.000714997878676	-0.0006599621934555	4.355500967906312e-07	5.1122196651118e-07	-0.0002980054235034	-0.0001200164989198	1.4403960012966356e-08	8.88072324374408e-08	0.0	0.0	0.0	0.0	0.0	0.0	0.0
1134.3765277984453	-0.0157593781373179	0.0002483579992749	1286810.106820057	1536.6357445610895	9.088041008843447	82.59248937842023	2361249.411462814	1094.369564864436	-2.8882533482139934	8.342007403469344	1197644.744501575	1241.6974138459825	1095.163466293988	1.128145	22.995979	0.2647329476897984	0.1752649379164063	0.0788104495	0.0760242348	0.0623234025	0.1510797322	-0.143110194	-0.1566186127	0.0156010732	-0.0347000921	0.0056618462	0.1271841843	0.1277574914	0.1269859549	-0.0105269605	-0.0926657562	-0.0275476701	-0.1566737384	0.0013462189	0.0268264639	-0.1039948937	-0.0573822012	-0.1663146216	-0.010850119	-0.0392447404	0.2826046852	-0.1667567985	0.0762140094	0.1745214724	-0.0109831665	-0.3194175448	0.1171958137	0.0484158986	0.0734761134	0.034582176	0.1067651965	0.0261096527	-0.1402045462	0.1099461727	-0.2939183562	0.08571738	0.107899621	0.0886998844	0.0501264369	0.1301352479	-0.050859314	-0.0654028915	-0.2738636872	-0.1485497303	-0.0820768961	0.1126232183	-0.0601759063	-0.0164891218	-0.0901561195	-0.1787014323	0.0386018509	-0.1450278398	-0.1187209831	-0.0245436697	-0.149585619	-0.1813672991	-0.0957219582	0.2144890986	-0.0320146987	0.0485462335	0.1501494982	0.1481998082	0.0861077658	0.0142279014	-0.2466796394	0.0082663299	0.036913334	-0.093060603	-0.0090243548	-0.0102814614	0.0160872727	0.0662475546	0.1160997056	-0.028562398	0.030206046	0.0251714532	-0.0183745155	0.0134225298	-0.1539551586	-0.0602634836	0.1033401944	-0.0141533203	-0.0029464591968064	-0.0058636747771173	3.438268189180162e-05	8.681621798445016e-06	-0.0555841570512711	-0.0571179063171313	0.0030895985151003	0.0032624552220525	0.0298270503252382	0.0282530271041424	0.0008896529311042	0.0007982335405474	-0.0030942478291142	-0.0030791412793559	9.57436962797794e-06	9.481111018233783e-06	-0.0008070787979748	-9.208091929879998e-05	8.478895698912114e-09	6.51376186140448e-07	-0.0005967500146768	-0.0002987445911734	8.924833075536189e-08	3.56110580016761e-07	0.0	0.0	0.0	0.0	0.0	0.0	0.0
1134.4982633049192	0.1217355064738967	0.0148195335364561	1287086.3094418778	1537.9495008680556	1.31375630696607	1.7259556340931268	2365288.667220301	1094.2216748768474	-0.1478899875885417	0.021871448428939	1197321.073770293	1240.5274595238404	1092.2722716869548	1.082206	22.059572	0.0392624158132893	0.0188183223978948	0.2323953128	0.0362651544	-0.0946082533	-0.0810988508	-0.1711882174	-0.0278482641	-0.0645397394	-0.1621798905	0.0643819234	0.0284636357	-0.106267312	-0.0737516926	0.0608054141	-0.1340578545	-0.139548792	0.0004848992	-0.0951838208	-0.0068091383	-0.2004226404	-0.1666608751	0.0658567334	0.0059597881	-0.0049956918	0.1268588737	-0.055934164	-0.0074253602	-0.1739813449	0.0967772276	-0.0248358327	-0.094818267	-0.0565162371	0.2171880122	-0.0126625579	0.1479825399	-0.1521570978	-0.1132932006	0.0084460488	0.0116854186	-0.0045913335	0.1839305697	-0.1122437103	-0.1557852883	-0.1218558868	-0.0377770866	-0.2094985589	-0.1549502155	0.0526835415	-0.1037548353	0.0308857062	-0.0993604129	-0.0037649294	-0.0451084779	-0.0436173855	0.1206911431	-0.1539196748	0.1399247436	-0.1061391964	-0.055252771	-0.0261525328	-0.078789587	0.2329028895	0.0619640313	-0.007068581	0.0024159827	0.0348145268	0.122571037	0.1931002794	-0.1037489374	-0.0195807497	0.05703935	-0.1758929031	0.1042298445	-0.0312747613	0.1107743633	-0.056126742	0.0686346539	0.0607682484	0.0397195566	-0.2228826349	-0.043492955	0.0727905956	-0.0705809294	-0.0009725764	0.0990808418	-0.0253948054	-0.0030066669663142	-6.0207769507799984e-05	3.6249755091043695e-09	9.040046246325034e-06	-0.0594489328966432	-0.003864775845372	0.0035341756225495	1.4936492334971629e-05	0.0146194540135837	-0.0152075963116544	0.0002137284356552	0.0002312709855782	-0.0033557407666663	-0.0002614929375521	1.1260996093066127e-05	6.837855638962651e-08	-0.0007124231344501	9.465566352469994e-05	8.959694637301211e-09	5.075467224997053e-07	-0.0006431981313351	-4.644811665830003e-05	2.157427541103049e-09	4.137038361529646e-07	0.0	0.0	0.0	0.0	0.0	0.0	0.0
1134.916264820842	0.4180015159226968	0.1747252673136725	1288034.9281548914	1533.9245232476128	-4.024977620442769	16.200444845065135	2352924.4430204164	1095.5837291097407	1.3620542328933425	1.855191733342672	1200303.7074900058	1242.047803983514	1107.3105162683628	1.113738	22.702316	0.076975856551691	0.0456583083830612	0.0431738525	0.2379895519	-0.1560630966	0.1456870217	-0.1417883204	-0.0690074415	0.1133034303	-0.0281343286	-0.0366943382	0.182793365	-0.0446794785	-0.0072991375	-0.0861657361	-0.1133216088	0.0945792733	-0.135079113	-0.0265269612	0.0281530724	-0.1349293563	-0.126519226	-0.0574355337	-0.132429854	0.0471063584	0.0131273157	-0.0313527646	0.0218785944	-0.0066736759	-0.0111053433	-0.1078684989	-0.0790133672	0.1769863426	0.1014094859	-0.0503114151	0.0374519134	0.0468982905	-0.0485885236	-0.0338681287	0.1310459913	0.0819250003	0.0975765164	0.039038181	-0.1253106313	0.0516078722	0.2177073873	-0.010412061	-0.0569302919	-0.0707013988	-0.1854915368	-0.1051721266	0.020008242	-0.0188087694	0.0495345537	0.0198604324	-0.0896530167	-0.0464474579	0.1772907416	-0.2405730034	-0.0219876742	-0.0180101232	-0.0483457302	0.2462947364	0.0757902982	-0.0930688099	0.1095455986	0.0024445429	0.1375324153	-0.0790607944	-0.0945621695	-0.0803179948	-0.1027611969	-0.0639873764	-0.0139726	-0.0052015441	0.0995942266	-0.075548982	-0.108506527	-0.1264099481	0.0177906991	-0.2186229708	-0.0228313761	0.162165029	-0.0762018234	0.1064534806	0.0946861568	-0.0364975928	-0.0028985764805611	0.000108090485753	1.1683553110341113e-08	8.401745613661973e-06	-0.0528192884118254	0.0066296444848178	0.0027898772283315	4.395218599507509e-05	-0.0169764299512564	-0.0315958839648401	0.0002881991738899	0.0009982998835196	-0.0030519036291481	0.0003038371375182	9.314115761607342e-06	9.231700613525378e-08	-0.0007113066786488	1.1164558013000312e-06	1.246473556256495e-12	5.059571910903872e-07	-0.0011110892903412	-0.0004678911590061	2.1892213667607165e-07	1.2345194111109116e-06	0.0	0.0	0.0	0.0	0.0	0.0	0.0
1133.7693926346649	-1.1468721861770064	1.315315811426426	1285433.035675177	1533.02263285319	-0.9018903944227076	0.8134062835519472	2350158.392840127	1094.081015300281	-1.502713809459692	2.25814879314086	1197013.2680404938	1238.8446309475255	1082.366801963242	1.110408	22.634447	0.1485250990759092	0.0709454316808991	0.1618053306	0.1688285225	0.0514705011	-0.0204279127	-0.0299907323	0.1160121957	0.1069650642	-0.0746992458	-0.1551987005	0.0141663103	-0.060310412	0.0559856732	0.0091806064	-0.043438167	0.0316783864	-0.1412138151	-0.13908835	0.0181549869	-0.1192360603	-0.0543755661	0.0469896046	-0.033239028	-0.2196679944	0.0611731683	-0.0557005618	-0.0741876535	-0.0738416578	0.1184757536	0.0719659963	0.0817538721	-0.0532416618	0.0809775458	0.0889847241	0.0176123871	0.0527795999	-0.0831142569	-0.0212760088	-0.2301240257	-0.0538345496	0.1131885397	0.0396905895	0.0510319369	-0.0906922512	0.1026024967	-0.0496328129	-0.1395807974	-0.07610358	0.0664641503	-0.0343380999	0.1440118784	0.0758839831	-0.0736346611	0.1093327779	0.1337826941	-0.0829194013	0.0066964504	-0.1725280814	0.0028176286	0.0662469829	-0.0449719512	0.2089972853	0.0052821237	-0.1569691574	-0.0147913134	-0.0026550721	-0.1180958122	0.081841012	-0.0430191523	0.0155541026	-0.057637118	-0.0327708638	0.0411297623	-0.0667254588	0.0298905921	0.0589109553	-0.0036541025	-0.1142290151	-0.0914733647	-0.0513791886	0.0252956837	0.0416289401	-0.037997429	0.0419261092	0.0901621419	-0.0474010431	-0.0028126816594635	8.589482109760006e-05	7.377920291388721e-09	7.911178117482348e-06	-0.0248030356529369	0.0280162527588885	0.0006151905776008	0.0007849104186499	-0.0492757596453401	-0.0322993296940837	0.0024281004886253	0.0010432466986871	-0.0023500294253892	0.0007018742037588	5.522638300195094e-06	4.926273979021896e-07	-8.170081983061017e-05	0.0006296058588181	3.964035374581904e-07	6.6750239609938255e-09	-0.0006800969168815	0.0004309923734597	1.8575442598042562e-07	4.62531816351722e-07	0.0	0.0	0.0	0.0	0.0	0.0	0.0
1136.1914372936274	2.422044658962477	5.866300330008662	1290930.9821793588	1538.069655693902	5.047022840711861	25.472439554667226	2365658.265766358	1096.5453043218904	2.4642890216093747	6.072720382024489	1202411.6044303873	1240.5718045099802	1094.8549917198804	1.028115	20.956984	0.0681033912297706	0.0413907788939129	0.1319808833	0.2028593434	-0.2030916216	-0.0006002736	0.0024137679	0.118212149	-0.113257025	-0.0925581107	-0.1641754062	0.1378237914	-0.178368201	-0.1508015918	-0.1557005166	-0.0419019826	0.0039788768	0.054615745	0.1808935018	-0.0798754645	-0.0118159478	0.1033426028	-0.0899377925	-0.0168170328	-0.2467843335	-0.070944235	0.1081312251	-0.1303491621	-0.0222646464	0.0433163428	-0.0617936891	0.0904258966	0.0477305183	0.0016830282	-0.0891074999	-0.1287649106	-0.0982668919	0.0630579056	0.1035937151	-0.0633471881	0.0877927225	0.0535788329	-0.0024342626	-0.0990355969	-0.3027172325	0.0506467912	0.2032440171	0.0132927982	-0.0570318912	0.0465492589	0.021948356	0.0706338721	0.0477046642	-0.0754505764	0.0456513829	0.0854629484	0.0618964228	-0.047765233	0.0933545547	0.0974414009	0.0145187621	-0.0216667569	0.1610874649	0.0802367162	-0.166673184	0.0088617733	-0.0665533317	0.0568007057	-0.0563434052	0.0701171619	-0.0861311915	0.0356032694	-0.0718729492	0.0181894083	-0.1004622097	0.1164309839	0.1521958827	-0.0132397332	-0.1551411194	-0.0254244127	0.0018162348	0.1412050079	-0.0212813962	0.066437452	-0.0461318122	0.0855149763	-0.0580456054	-0.0029100538234416	-9.737216397810028e-05	9.481338317778051e-09	8.468413255327076e-06	-0.020879714284419	0.0039233213685179	0.0004359624685989	1.5392450560669172e-05	-0.0463184149530349	0.0029573446923052	0.0021453955637615	8.745887629105737e-06	-0.0018442107066621	0.0005058187187271	3.401113130567122e-06	2.558525762147252e-07	-0.0007134511962969	-0.0006317503764662	3.991085381652989e-07	5.090126094974777e-07	-0.0005951589519755	8.493796490600003e-05	7.214457882372893e-09	3.542141781165755e-07	0.0	0.0	0.0	0.0	0.0	0.0	0.0
1136.8749093972976	0.6834721036702831	0.4671341164954822	1292484.5596171138	1539.7714057074652	1.7017500135632415	2.895953108662493	2370895.981834343	1095.766033003483	-0.7792713184073818	0.6072637876923791	1200703.1990841902	1242.2516809041408	1097.9508352762066	1.119703	22.823904	0.2997231006144982	0.1871315660296206	0.1721906392	0.2555147204	-0.0154789021	0.049176327	-0.0281551149	-0.1294179634	0.0676008812	-0.1293956867	-0.1449280462	-0.045666186	-0.0965139629	0.0443489761	-0.1216415376	-0.1039156928	0.0668129645	-0.1046661056	-0.1076760017	-0.0227092821	-0.0616827765	-0.1462272286	-0.147348676	-0.1106283045	-0.0969875413	-0.005574065	-0.0129130728	-0.1478680284	0.2213797725	0.0006081437	-0.0083402637	0.143040807	-0.1355064779	-0.0409464605	-0.0235229656	0.0512526862	-0.0336342083	-0.0406962212	-0.1229374377	0.0602185159	-0.0726808663	0.0606012194	0.0147912205	-0.0193606342	0.0663076272	0.1416839844	0.1010953517	-0.0429586905	-0.1759507633	-0.0019554303	-0.1884247207	-0.1451802555	-0.0496399347	-0.0179607725	-0.1387790604	0.101346206	-0.0150290558	0.0534419244	-0.0344991258	-0.1853093778	-0.0217754189	0.0305078187	0.1959347651	0.1659500306	-0.097319609	-0.0015622151	0.1051087764	-0.0270587735	-0.0323334504	-0.1772755647	-0.1973538392	-0.1175983152	-0.0813208106	0.0394940108	-0.0204509993	0.0007862019	0.1011926789	0.0488499621	-0.0904870183	0.2217640556	0.1295223364	0.0374042665	0.0224200012	-0.0655581535	0.0120300924	0.0807510076	-0.0683731426	0.0032546390198433	0.0061646928432849	3.800343785204806e-05	1.0592675149486556e-05	-0.0795419870125471	-0.0586622727281281	0.0063269276979042	0.0034412622416292	0.0143737893349253	0.0606922042879602	0.0002066058198448	0.0036835436613314	-0.004836056083274	-0.0029918453766118	2.3387438440571455e-05	8.951138757554e-06	-0.0007142538058748	-8.026095779000353e-07	6.441821345368729e-13	5.101584992066366e-07	-0.0001037283230628	0.0004914306289127	2.415040630335318e-07	1.0759565005420608e-08	0.0	0.0	0.0	0.0	0.0	0.0	0.0
1135.6348368960623	-1.2400725012353178	1.5377798083200171	1289666.482771946	1542.1857082790798	2.4143025716145985	5.828856907304863	2378336.758820247	1094.0374701739531	-1.728562829529892	2.9879294556323868	1196917.9861446235	1241.4337230307883	1092.752811699062	1.08544	22.125488	0.2679257495702992	0.1767764246622502	0.1643384537	0.0780315374	-0.0721936319	-0.1335802513	-0.0822598983	-0.0674956812	-0.0949744091	-0.1440251573	-0.058028589	-0.0081442483	-0.1757969507	0.000900633	0.0050602187	-0.0936052793	-0.157934439	0.1065018507	-0.048295865	0.0081625469	0.006520854	0.0681637945	-0.005013055	-0.0968730747	0.0023836799	-0.0686110085	-0.1656702039	0.0063279748	-0.1683133945	0.0037181002	-0.119657192	0.114646715	-0.0513458347	-0.1107781171	-0.0234003731	-0.0875465891	-0.1440192943	0.0834538451	-0.0929170138	0.09762319	-0.0241069016	0.0415471101	-0.1423817734	-0.018207082	-0.0613164128	-0.0096998242	-0.0951298051	0.0112970906	-0.0070019055	-0.0494312275	-0.2376204716	0.0370711506	-0.0684466207	-0.0204723695	0.0454020019	-0.1547375056	-0.0982874807	-0.202907922	0.0439558949	-0.0028019329	0.0111638324	-0.0097554423	0.1062627498	0.1172466535	-0.0868982606	-0.0773423664	-0.0395629215	-0.0871787039	0.0634827395	0.1175292136	-0.0669878142	0.0070904396	-0.0241742159	0.1604248323	-0.0940565682	0.0270216374	0.0329333369	-0.1408196389	0.000125584	0.1001542548	-0.0623572373	0.081107799	0.018402651	-0.0778594796	-0.1179396609	0.0758767427	-0.0783272495	-0.0020139768434574	-0.0052686158633007	2.775831311502378e-05	4.056102725982633e-06	-0.0368446063889962	0.0426973806235509	0.00135752501996	0.0018230663121123	-0.0341025395571392	-0.0484763288920645	0.0011629832042462	0.0023499544628516	-0.0018309962721519	0.003005059811122	3.352547348634155e-06	9.030384468421189e-06	-0.000400507029018	0.0003137467768568	9.843703998803069e-08	1.604058802928251e-07	7.133572785963721e-06	0.0001108618958487	1.2290359951182136e-08	5.08878606926422e-11	0.0	0.0	0.0	0.0	0.0	0.0	0.0
1135.2918993634353	-0.3429375326270474	0.1176061512843272	1288887.6967602363	1535.7189158121744	-6.466792466905417	41.81940481002465	2358432.5883833203	1096.200894360472	2.163424186518796	4.6804042108145145	1201656.4007966984	1241.679630831752	1088.9548116008596	1.025884	20.911518	0.0661024605703961	0.0329350513866215	0.0634361488	0.1527495701	0.0189330688	0.070862611	0.0025771292	-0.0965126844	0.0057978726	-0.07527667	-0.0976007326	0.0482759463	0.051167598	0.1017766356	0.0020892409	-0.0035791752	0.0530931636	0.0556439824	-0.0305192114	0.1907496776	0.0240405165	0.0653009449	0.0385723495	-0.0334745828	0.0269941227	0.1081882876	0.129074754	0.1449747289	0.2349279551	0.1348372537	0.0275906657	0.0644731481	-0.1643541807	0.0010969093	-0.0517875162	0.0383490156	0.1100430207	0.2213359651	0.1265254402	-0.0528228408	-0.0478949999	0.0138370272	0.0554905642	0.1566256214	0.0426205625	-0.0404350212	0.1024526942	-0.0075212356	-0.0954730662	-0.0850144435	-0.2044028124	-0.1006133351	-0.0445506401	0.0446610834	0.1091323663	0.0619242301	-0.0278844738	-0.217137054	0.0595798324	-0.1704833313	-0.0344839893	-0.0055069594	0.0608028131	0.0763381888	-0.0613531855	0.0377823767	0.0778066025	-0.1532335967	-0.1280425232	0.0270923766	-0.0562001644	-0.0146658826	0.1051971568	0.092140147	-0.0367379636	-0.0032799369	0.1153394032	-0.0623388208	-0.058837882	0.0956743066	0.1092611212	0.0946187878	-0.0793835561	-0.0688617832	-0.0566536266	0.0708988393	-0.0878535601	0.010666076565073	0.0126800534085304	0.0001607837544431	0.0001137651892919	-0.0359108963713765	0.0009337100176197	0.0012895924781957	8.718143970033836e-07	-0.0081482274932085	0.0259543120639306	6.639361128107887e-05	0.0006736263147118	-0.0014579992618435	0.0003729970103084	2.1257618475361907e-06	1.3912676969900476e-07	-0.0002430056031266	0.0001575014258914	2.4806699157824163e-08	5.9051723150922636e-08	7.322838192471196e-06	1.8926540650747534e-07	3.582139410043989e-14	5.3623959193114816e-11	0.0	0.0	0.0	0.0	0.0	0.0	0.0
1134.146185742889	-1.145713620546303	1.312659700305318	1286287.5706351437	1536.2306393093534	0.5117234971789912	0.261860937565097	2360004.5771528245	1095.6638499292835	-0.5370444311884057	0.2884167210704783	1200479.2720418596	1241.2833703877327	1089.1029294232917	1.048552	21.373573	0.0548913612417156	0.0333525653551399	0.0390623282	0.0112176759	-0.1240401313	0.008480002	-0.0374487792	0.1552919903	-0.1471850488	-0.0644410025	-0.0970678205	0.1632048805	-0.0407255108	-0.0849648169	0.0476475895	0.0369932752	0.0889308001	0.2155767977	-0.0037610428	0.0493347034	-0.021444539	0.1240084553	-0.0632453814	-0.0325081024	-0.1762688446	-0.1354958472	-0.0679550729	-0.0883171357	-0.0247095913	0.000427831	-0.1372013173	-0.1410149025	-0.0059574425	0.1942471177	-0.0672562215	-0.1890607952	0.1205873501	0.1249069117	0.0984263901	0.0210145111	0.1058740856	0.0061263087	0.0101043571	-0.0287217314	-0.1877191413	-0.0444595156	0.1703283243	-0.0716849339	-0.0481205978	-0.0024101402	-0.0763050457	0.0499604408	-0.0097970068	0.0245377619	0.0967161431	-0.0962147206	0.0253493802	-0.182906155	0.0781062299	-0.0588867433	-0.2034295513	-0.0275609398	0.0754561661	0.0489609048	-0.1094507265	0.0214787746	0.0183493455	-0.0180678952	-0.0782635638	0.1797609964	0.0060158216	0.1097532777	0.0784077699	0.046585024	0.0150734646	-0.0045780877	0.0545085707	-0.015266659	0.1279063783	0.0363711081	0.0978667794	0.1907811686	-0.1231169968	-0.0054001735	-0.0640900538	0.0658240966	-0.096900045	0.0106976126503042	3.1536085231199246e-05	9.945246717094632e-10	0.0001144389164159	-0.0308781686356667	0.0050327277357097	0.0009534612982926	2.5328348461782648e-05	-0.0304382303111196	-0.0222900028179111	0.0009264858644727	0.0004968442256224	-0.0014130408636978	4.495839814569989e-05	1.996684482479825e-06	2.0212575638272716e-09	-0.0001941825268565	4.882307627010002e-05	2.383692776476004e-09	3.7706853736375336e-08	-0.000449637579449	-0.0004569604176414	2.0881282329106778e-07	2.0217395285275577e-07	0.0	0.0	0.0	0.0	0.0	0.0	0.0
1135.949741406387	1.8035556634979455	3.2528130313355152	1290381.8150012372	1540.156827799479	3.926188490125696	15.414956059995497	2372083.0542173544	1094.6518040548992	-1.0120458743842846	1.0242368518582512	1198262.5721206455	1242.2981328218432	1084.1383128333184	1.029211	20.979336	0.0702869592722204	0.0345086984536826	0.1340171086	-0.0366098085	0.0903892808	0.0862371098	0.0856982085	0.1609054143	0.0637372355	-0.1578826294	-0.020328752	0.015241103	0.1258936631	0.1222294126	0.0384087739	0.0008904661	0.0754447113	0.0558138224	0.019300895	-0.0951424321	-0.0620652364	0.046583381	0.1157737169	0.0888711617	-0.0240930763	-0.0562457347	0.1969643464	0.2029091595	-0.0580705835	0.0952238771	0.0890161251	0.1558154805	0.148918707	0.0265620765	0.1101943128	-0.1080568691	0.1568688853	0.0113402068	-0.0292996418	-0.1064410622	-0.0972401157	0.1430078842	-0.0343787095	0.1521729402	-0.0305551623	-0.0211073904	0.0903805457	-0.0772027396	-0.0723912933	0.0157517241	0.0667984037	0.0647571354	0.0648804741	0.1059414391	0.0885887376	0.0897384943	-0.0611476223	-0.1262118678	0.0821060146	0.0806060542	-0.1269974449	-0.0313141636	0.0843608724	-0.0086339537	-0.1348545235	-0.0554791615	0.0826603786	-0.1611075652	-0.0081643555	0.0542035255	0.1366768801	0.0949368484	0.0901788246	-0.0212764443	0.0352647344	-0.0180932924	-0.0227670334	-0.0081679754	0.2064309315	0.0225795887	0.1260043378	-0.0089854161	-0.0287923019	-0.0241926644	-0.0182974119	0.0606594461	-0.1054172954	-0.0038325743386167	-0.0145301869889209	0.000211126333933	1.4688626061023236e-05	-0.0529334425317244	-0.0220552738960576	0.0028019493382593	0.0004864351066301	-0.0126941605753927	0.0177440697357268	0.0001611417127138	0.0003148520107863	-0.0015675800397662	-0.0001545391760683	2.457307181073401e-06	2.388235693989989e-08	-0.0003586479285471	-0.0001644654016906	2.7048868353250426e-08	1.2862833665112577e-07	-0.0004497815747203	-1.439952713000285e-07	2.073463815676881e-14	2.0230346495787282e-07	0.0	0.0	0.0	0.0	0.0	0.0	0.0
1135.6736605630847	-0.2760808433022248	0.0762206320384676	1289754.6632967566	1534.7255694919163	-5.431258307562757	29.498566803469465	2355382.573652287	1097.7374168358413	3.0856127809420286	9.5210062339128	1205027.4363214255	1243.807145510656	1103.4482812844362	1.114604	22.719978	0.0425240080009338	0.0187347080029985	-0.0376497448	-0.0136208594	-0.174957598	0.1106716421	0.0582008632	0.1817087432	0.1362598042	0.0344551073	0.0253719657	0.2066961829	0.0054575743	0.0768439805	-0.0194212012	0.0061336787	0.1710796164	0.1628683821	-0.0576885581	-0.0271809993	-0.0241065472	0.1975419248	-0.1006105446	-0.0733805742	-0.1627675539	-0.003783171	0.1778744651	-0.1383259027	0.0631576253	-0.0226663695	0.1661458456	-0.059549302	0.0899897107	0.02947002	0.0512502552	-0.1734030736	-0.0087494496	0.0100431794	0.1866969996	-0.0353832543	0.1770917258	0.0156120158	-0.0443382928	0.0865647758	-0.0459161729	0.0901925208	0.1763753057	0.0093495326	-0.0990179803	-0.0427491119	0.0612155666	0.0204229746	0.121852279	-0.0122406682	0.1092735224	0.0633553641	-0.0936984165	0.0939053585	0.3353841701	-0.1639469779	0.0164844255	-0.0157464923	0.0663887027	-0.0454112682	-0.1147391714	0.0164117956	0.0131605411	0.1142674972	-0.1107046847	0.1123131131	0.1351270672	0.1178327291	0.153435173	-0.0849508894	0.100622344	0.0536076427	-0.0030107554	-0.0020120515	0.1332547771	0.1040706514	0.041514623	-0.0974279264	-0.0159713253	-0.0042972751	-0.0195176349	0.0554119421	-0.1133587932	0.003278798349811	0.0071113726884277	5.057162151371541e-05	1.0750518618723337e-05	-0.0402120975554964	0.0127213449762279	0.0016170127898127	0.0001618326180042	-0.0063305282480996	0.0063636323272931	4.007558789998699e-05	4.0495816396969793e-05	-0.0013431042232452	0.0002244758165209	1.803928954499092e-06	5.038939220276962e-08	-0.0004606976903773	-0.0001020497618302	1.0414153889600544e-08	2.122423619189786e-07	-0.0004498091565488	-2.7581828499975706e-08	7.60757263402072e-16	2.0232827731514285e-07	0.0	0.0	0.0	0.0	0.0	0.0	0.0
1134.6951469394023	-0.9785136236823746	0.9574889117320118	1287533.0764878318	1537.2618353949654	2.5362659030490704	6.432644730969317	2363173.950561898	1095.7576170672337	-1.9797997686075632	3.919607123778561	1200684.7553608625	1241.8270792270855	1084.260491619778	1.067547	21.760773	0.0258299401899783	0.0117556883694714	0.0570695907	-0.10798247	0.0790790819	0.0578559684	0.0857703215	0.1814834661	0.1495170317	-0.0847314804	0.0166906999	-0.0213718239	0.1387102033	0.1111010379	0.0015498946	-0.0186035234	0.0300553801	-0.0112134551	-0.092003178	-0.0222614996	0.0016111106	0.0298824223	0.16279624	-0.0579265265	0.0411837186	0.0469291025	0.0988386922	0.0798744528	0.0630603905	-0.0325354586	0.1090655928	0.2770104884	0.0094623829	0.0760036133	-0.0219871004	-0.1053236833	-0.0656326408	-0.0818683847	0.0241901723	-0.0691722131	-0.0523142691	0.055690433	-0.0856642218	0.1203135598	-0.002730845	0.0772751327	-0.0258881395	-0.0228799907	-0.0451947649	-0.0013906374	0.1662904303	-0.0776884943	0.1217213521	-0.0898513585	0.149221271	0.0873031455	-0.1865973634	-0.0624592868	0.0567331163	0.1591289146	0.1054032257	-0.0214153772	0.059633195	-0.0674035066	-0.0985708296	-0.1061553706	0.0164595346	-0.0624464747	0.0333248284	-0.0166941398	0.2359112064	0.0429754743	0.15600561	-0.0598662776	0.0888917635	-0.0599940134	0.0300737807	0.0550022536	0.185124743	0.0076687987	0.0488744191	-0.1330404709	-0.0546596381	-0.0438842956	0.0270259182	0.0500887521	-0.1206811645	0.0107276812585013	0.0074488829086903	5.5485856587378456e-05	0.000115083145184	-0.0460156352349088	-0.0058035376794123	0.0021174386860721	3.3681049596359454e-05	-0.0126818253223603	-0.0063512970742607	0.0001608286935068	4.033897452551253e-05	-0.0014411083868349	-9.80041635897e-05	2.076793382605888e-06	9.60481608091668e-09	-0.0004871758852356	-2.6478194858299987e-05	7.010948029541038e-10	2.373403431550905e-07	-0.0004498512486531	-4.2092104300000585e-08	1.7717452444021272e-15	2.0236614591475323e-07	0.0	0.0	0.0	0.0	0.0	0.0	0.0
1135.726330064668	1.0311831252656702	1.063338637832675	1289874.2968021592	1532.914640299479	-4.347195095486313	18.898105198220257	2349827.2944444814	1096.9354115753924	1.1777945081587404	1.387199903448889	1203267.2971680756	1242.4001966530393	1101.6965513711773	1.057846	21.563019	0.0250963055031874	0.0181640652185196	-0.0757187402	-0.0633070581	-0.1302843451	0.1780705029	0.0810746995	0.1490152096	0.0825623142	0.0302687805	0.0054563683	0.1200091672	0.0504724789	-0.0711596248	-0.0207837541	0.0766162109	-0.0010541598	-0.0529316594	0.1477982154	0.0391049627	-0.0406515994	0.0247516909	-0.0590805584	0.0256670687	-0.106026059	-0.0457917524	0.0221700427	0.1647284406	0.1386926986	-0.1876615593	-0.0309459189	0.0146850076	0.0105767454	-0.18647678	0.0434821096	-0.1950266954	0.0240258683	-0.1938308513	0.0878269629	0.0452021731	0.0903260681	0.0200527519	0.0748325338	-0.0486640448	0.0061438046	0.118012262	0.079491496	0.0981992126	-0.1338668274	-0.123103475	0.1780867433	0.007198624	0.0104104468	0.140110943	-0.140211442	-0.0573394516	-0.0914896716	-0.1434080418	0.0375222545	0.0918372039	0.0321701668	-0.0152844011	0.0449162192	-0.0437915561	-0.0871325499	-0.0024383848	0.0002474994	0.1270437104	-0.1110983942	0.0118075329	0.195350493	0.0415401281	0.1914902109	-0.1330185328	0.1242103434	-0.0045950874	-0.0364210481	0.0378749324	0.1364270178	0.0443060332	-0.103130745	-0.0900273036	0.0212319762	0.0995617075	-0.1313040526	0.0446971468	-0.1273444172	0.0107364557200497	8.774461548399781e-06	7.699117546434629e-11	0.0001152714814285	-0.0459549733927104	6.066184219839788e-05	0.0021118595795247	3.679859098903325e-09	0.0020604866243303	0.0147423119466906	4.245605129044074e-06	0.0002173357615335	-0.0014410654146097	4.2972225200096914e-08	2.0766695291842266e-06	1.846612138647844e-15	-0.0002816763977915	0.0002054994874441	4.223003933978781e-08	7.934159307279535e-08	-0.0004497025632674	1.4868538569996238e-07	2.2107343920746583e-14	2.0223239540926995e-07	0.0	0.0	0.0	0.0	0.0	0.0	0.0
1136.9278256655855	1.2014956009174966	1.4435916790240964	1292604.880772676	1538.1915374755858	5.276897176106786	27.84564380720377	2366033.205961507	1096.1304423515433	-0.8049692238491843	0.6479754513443583	1201501.9466497898	1245.3862106653298	1098.821112384128	1.068934	21.789034	0.0200238598842046	0.0111278499962986	0.0961286345	-0.1194849039	0.0438230258	0.0081433919	0.0313169103	0.0269060027	0.1915587065	-0.1226015324	0.0952244523	-0.0241146999	-0.0053576248	0.0154459968	0.1355395611	-0.0461036001	0.0822089097	-0.2106573446	-0.0483051687	-0.0358899941	-0.0445118863	-0.0234119516	0.216885962	0.0041786114	-0.0876172768	0.0575465234	-0.0614823147	-0.0094608745	-0.0782789934	-0.1041099592	0.020729719	0.0832848422	0.1747411007	-0.2269847402	0.0370490407	-0.0460060361	-0.1643198656	-0.0716396384	-0.1438566814	-0.1008246089	-0.0816757971	0.1353613364	-0.0806520945	0.0800567014	0.0034539709	0.1924231044	-0.0229268727	0.0093495036	0.0607353079	0.0259293244	0.1804171366	0.123756476	-0.030563604	0.1145059391	-0.045237382	0.0295800003	-0.0505916949	-0.0381753999	0.1150619791	0.0966425201	0.1075449644	-0.0185766222	0.0568623817	-0.0217956678	-0.0441269014	-0.0783877862	-0.0081479578	-0.0135135575	0.1235362007	-0.0289975328	0.1430675785	0.0402872647	0.1633295951	-0.0673627355	0.1675250528	-0.0280252433	0.1089360733	0.0473289651	0.0264962798	0.0653053795	-0.0335391122	-0.1005785137	0.0346895255	0.022023555	0.0630094989	0.0392444906	-0.1333121588	0.0107429839932535	6.528273203800297e-06	4.2618351023457e-11	0.0001154117050793	-0.0460796130515888	-0.0001246396588783	0.0021233307389841	1.5535044565323683e-08	-0.0038278657113721	-0.0058883523357023	1.4652555904298232e-05	3.46726932293719e-05	-0.0016210866690705	-0.0001800212544608	2.627921988638089e-06	3.240765205764015e-08	-0.0003816354399195	-9.995904212799998e-05	9.991810103147277e-09	1.456456090025503e-07	-0.000449809059007	-1.0649573959996665e-07	1.1341342552943901e-14	2.023281895647628e-07	0.0	0.0	0.0	0.0	0.0	0.0	0.0
1134.2260241346903	-2.7018015308951817	7.299731512347548	1286468.6738243871	1527.941224331326	-10.250313144259737	105.0689195553839	2334604.385011112	1097.404483889124	1.2740415375808425	1.6231818394813573	1204296.6012599547	1244.1873297921434	1100.955448907637	1.177477	24.001574	0.023473034268106	0.0152757656553337	-0.1487328892	-0.0286807993	-0.1321868511	0.0569032346	0.0033209825	0.0790407286	0.2802845096	0.1357155815	0.2191011944	0.1110858813	0.0248017805	0.1008960199	-0.1467924582	-0.0839508201	0.1933713143	-0.0367839322	0.0514581281	-0.0628273392	-0.0408578588	-0.1402249389	-0.0905146631	0.0151364042	-0.1096193815	-0.1398874936	0.0736206012	-0.1263546103	-0.093098937	-0.1045622673	0.13959146	0.0485890379	0.0188029267	0.089028116	0.0132060015	0.1613637338	0.1127596484	0.0956445047	-0.1528297934	-0.0599978316	0.1270761371	-0.0120281478	-0.0110103347	-0.1638547456	0.1450114115	0.169763059	0.0209461706	0.0762110325	-0.0378450824	0.0945176524	0.0265090487	0.1768254062	-0.0085298738	0.0169680279	-0.0601690914	0.1610895468	-0.1755474109	0.1716581397	0.0746979604	0.1007776879	-0.0099315293	-0.0043466969	0.0691563912	-0.0020276075	-0.054010299	0.0321250816	-0.1290529771	0.1661539912	-0.0199466934	0.0180216304	0.041028732	-0.0114729091	0.1876041464	-0.1247560922	0.1704776253	0.0009193572	0.0518976274	0.0411937405	-0.0841060761	0.1047564376	-0.0890474518	-0.1266372797	0.1054322621	-0.0122182219	-0.0050730882	0.0337382312	-0.1385517956	0.0106297728230231	-0.0001132111702303	1.2816769064936481e-08	0.000112992070269	-0.0459842756693831	9.533738220569854e-05	0.0021145536088378	9.089216445835445e-09	0.0023568117938879	0.00618467750526	5.554561831809102e-06	3.8250235844069055e-05	-0.0018310559701641	-0.0002099693010935	3.3527659658735934e-06	4.4087107401734804e-08	-0.0002500881409213	0.0001315472989981	1.7304691873721826e-08	6.254407822947201e-08	-0.0004497294948906	7.956411639996547e-08	6.330448618507255e-15	2.0225661857455425e-07	0.0	0.0	0.0	0.0	0.0	0.0	0.0
1133.6874340434233	-0.5385900912669968	0.2900792864109919	1285247.198107961	1534.7063537597655	6.765129428439423	45.76697618353711	2355323.5922705946	1094.4657382307382	-2.9387456583858693	8.636226044681797	1197855.2521609548	1241.0628097965794	1093.8601307108245	1.296861	26.435072	0.0623352671115829	0.0340657635714712	0.0298585291	-0.1085033996	0.0111374368	0.0462368185	-0.0058735221	0.05452436	0.0453867211	-0.0594145265	0.0745930817	-0.0427970796	0.0091056828	-0.0556582529	-0.0180464478	-0.0765612205	-0.074779816	-0.0196201067	-0.1661325128	0.0173455436	-0.0099826576	-0.0592117932	0.211098635	-0.013259215	-0.0369435225	-0.1035155375	-0.1249011668	0.024965851	0.1313631664	-0.0163694402	0.0494796653	0.076654117	-0.1261751783	0.0173035241	0.1190208472	0.0885942438	0.1694519444	-0.063065025	0.0775242388	-0.0493325445	-0.1514720518	0.0794841733	-0.0140468137	-0.0636114887	0.002922701	0.1845540424	-0.0450181889	-0.0443451233	0.0695270343	0.144528398	-0.0618986972	-0.0500834749	-0.0222506202	-0.0188276339	0.0292329038	0.1636281347	0.1138191071	-0.2164491244	-0.1658582703	0.0589734881	0.003427728	-0.048900768	-0.0613787214	0.2258906166	-0.0763651005	0.0670477122	-0.0963359447	-0.0850495604	0.1588847945	-0.1470193221	-0.0754339074	0.0058106717	0.1120260915	0.1039120317	0.4982787393	0.258871506	-0.0370114247	-0.0709461132	0.0004609322	-0.1402488245	0.005122822	0.2182365474	-0.2771977541	0.3031485291	0.1552077761	0.0281858894	-0.1430347106	0.0144922683015806	0.0038624954785574	1.4918871321877127e-05	0.0002100258405249	-0.0246862088770285	0.0212980667923546	0.0006094089087202	0.0004536076490915	0.0031423041153288	0.0007854923214409	9.874075153212311e-06	6.169981870426142e-07	-0.0015676620954616	0.0002633938747024	2.4575644455470546e-06	6.93763332307962e-08	-0.0007141477165379	-0.0004640595756166	2.153512897214589e-07	5.100069610362968e-07	-0.0004500602949561	-3.308000654999536e-07	1.0942868333477357e-13	2.025542690959717e-07	0.0	0.0	0.0	0.0	0.0	0.0	0.0
1135.7702274543274	2.08279341090406	4.338028392505367	1289974.0095716545	1540.6681483798557	5.961794620090132	35.542995092135634	2373658.343432213	1098.5478323198893	4.082094089151042	16.663492152681872	1206807.3398947276	1244.7871748786204	1103.1111426297794	1.598564	32.584953	0.5144899831283432	0.2926159778006094	0.1159299525	-0.1208375716	0.027827254	0.2235872259	-0.2508842354	0.0681736279	0.0373887136	-0.1296779483	0.0561589385	0.2144067083	0.1402252594	0.0941362819	-0.2975501741	-0.045465446	-0.1247690442	-0.2073248942	0.067233563	0.2015932023	-0.3917885143	0.2188152475	-0.031723672	0.1113050949	0.1486162314	-0.1002511392	-0.0880028051	-0.1826085242	-0.0563898697	0.2098718425	0.0959245235	-0.0293066423	-0.3029179335	-0.2581602582	0.0684301003	0.1255828588	0.1479975232	0.0905916117	-0.0668933078	0.0067484952	0.1087697679	0.373922411	0.0860119204	-0.0249202179	0.1557807419	-0.1493205285	-0.0350478893	0.3913620326	-0.0521712409	0.1474987001	-0.238491946	-0.1206121346	0.0728543642	-0.0138015208	-0.0326193738	0.1323377568	0.2732983554	-0.1595236407	0.0094755054	0.1030092759	0.1100784913	-0.4162522841	-0.0596118472	-0.0669913916	-0.0013972213	-0.1370567726	0.0482378482	-0.1500946387	-0.2964590339	0.0216552898	-0.3517248666	0.0895489251	-0.0673217525	0.0202807046	0.1814096559	-0.2752121712	0.0927886984	0.275961386	-0.0167610948	-0.4575013269	-0.0991353136	-0.1687491584	0.1271233401	-0.0297725022	-0.0513677746	0.022595049	-0.1467364196	-0.0395646466897687	-0.0540569149913493	0.0029221500583819	0.0015653612676862	0.0227769573499898	0.0474631662270183	0.0005187897861232	0.0022527521482935	-0.1078809076358595	-0.1110232117511883	0.0116382902323368	0.0123261535475491	0.0029740047218275	0.0045416668172891	8.844704085452264e-06	2.06267374792649e-05	0.0003150275536554	0.0010291752701933	1.059201736777452e-06	9.924235956210593e-08	1.803142073724469e-05	0.0004680917156933	2.19109854300739e-07	3.2513213380353783e-10	0.0	0.0	1.0	0.0	0.0	0.0	0.0
1137.03247432325	1.2622468689226023	1.5932671581049136	1292842.8476656522	1538.6417453342017	-2.0264030456539786	4.1063093034357205	2367418.4204850784	1099.4573640870344	0.909531767145154	0.8272480354461865	1208806.4954452098	1243.688165090247	1097.0516940165123	1.365114	27.826338	0.4602669738449986	0.291032722180837	0.024813685	0.0623569861	-0.0108840143	0.1264833613	-0.0861635717	-0.0770807288	0.0214836113	-0.1117861858	-0.1009275794	0.0522115531	-0.0386710448	0.0780898523	0.0292472754	0.1206538058	0.0306075895	0.1523446909	-0.0642679165	0.0332142309	-0.1614906046	0.0027139601	-0.1063667266	-0.1584266614	0.0846500437	0.2012993367	0.0344416949	0.1960957547	-0.0451852316	-0.0179984487	-0.0007724824	0.0708294397	0.0233573529	0.0280605989	0.053746927	-0.0514011077	-0.0964828812	0.1415266264	-0.0304862397	0.1491574949	0.0309927754	0.0832711201	-0.0250319051	0.0343077524	0.0589532587	-0.1779209801	0.1097242263	-0.1160098874	-0.0663116979	-0.1885600577	-0.1104661579	0.0516652901	0.066741164	0.0719335463	0.0318223665	0.032813098	0.1038500561	0.0420477403	-0.1559654891	0.0084128571	0.0587946445	-0.1276673863	0.0321953612	-0.0745878999	0.1285557492	0.16985043	0.229819244	-0.0559776172	-0.0745270547	0.0876144942	-0.1024473649	0.0117999396	-0.0206953149	0.0700287273	-0.1252765028	0.0499858263	-0.0550123359	-0.1419391833	0.0103880699	0.0394210662	0.0906193127	-0.0173046712	0.1119216684	0.1470350368	0.0895713292	0.0169733466	-0.1496367051	-0.0353274516236012	0.0042371950661675	1.7953822028754215e-05	0.0012480288382178	-0.0259672039347833	-0.0487441612847731	0.0006742956801906	0.0023759932593559	0.0768536151688863	0.1847345228047457	0.0059064781645272	0.0341268439158971	-0.0005350356719407	-0.0035090403937682	2.862631702490364e-07	1.2313364485096885e-05	-0.0001598799455628	-0.0004749074992182	2.2553713281368467e-07	2.5561596993163893e-08	-0.0004490425800626	-0.0004670740007998	2.181581222231733e-07	2.016392387092765e-07	0.0	0.0	0.0	0.0	0.0	0.0	0.0
1133.9512739544257	-3.081200368824284	9.493795712842903	1285845.4917028649	1539.9015516493057	1.259806315104015	1.5871119515759569	2371296.7887719395	1094.687639208263	-4.7697248787715125	22.75027541917192	1198341.02743536	1242.5483959026622	1086.8789681534822	1.140141	23.240517	0.0969422425224043	0.0460807296305305	0.0597820688	-0.0142866161	0.0181438331	-0.2022778853	-0.0969141209	-0.1361119667	-0.0384085225	-0.0765496269	0.1020466085	-0.0317654151	-0.1498463022	0.1246623717	0.0725216485	-0.0804365632	-0.0437141558	0.0772080676	-0.1130285284	0.0154503098	-0.072770781	0.0298318418	0.1905589334	-0.1496430547	0.0982127993	0.0452067396	0.0392521234	-0.0475487406	-0.1687080802	0.243640086	-0.0591805268	-0.0929951847	-0.0286598271	0.1149935832	-0.0614357218	-0.0930568184	-0.0656616706	0.0258993512	0.0966514267	0.0898787226	-0.0602592496	0.0223847612	-0.178233083	0.0125910126	0.0395900701	-0.015345594	-0.1345576996	0.0083810196	0.1599889107	-0.2111123075	-0.1282755563	0.1239646957	-0.0300131296	-0.1257657381	0.1365464634	-0.044926886	0.0129969234	0.1321830629	0.0739984111	-0.1696342092	0.0082261843	-0.0064700466	-0.0110492658	-0.0508723373	0.1117849719	0.0270320826	0.070724074	-0.0138188027	0.1786346773	0.1487919437	-0.120352871	0.0004534569	-0.0540067506	0.1871288502	-0.0974346476	0.0505229755	-0.0860489359	-0.1729998639	0.0719284947	0.0218770985	-0.0268013268	-0.1043423509	0.1001008665	0.0508457091	0.1052750733	0.0113284606	-0.1517197269	-0.0159684301114566	0.0193590215121446	0.0003747717139076	0.0002549907602244	-0.0353155724835687	-0.0093483685487854	0.0012471896598421	8.739199452392008e-05	0.0867657284604206	0.0099121132915343	0.0075282916352674	9.824998990421116e-05	-0.0011469292382151	-0.0006118935662744	1.3154466774726695e-06	3.744137364480036e-07	0.0002268539478635	0.0003867338934262	1.4956310432466474e-07	5.146271366125557e-08	-0.0006168699037607	-0.0001678273236981	2.816601057966684e-08	3.805284781657353e-07	0.0	0.0	0.0	0.0	0.0	0.0	0.0
1132.9459274474848	-1.0053465069408958	1.0107215990182603	1283566.4745198414	1528.19236263699	-11.70918901231562	137.1051073261328	2335371.897222026	1096.1022925165487	1.4146533082857786	2.0012439826438984	1201440.2356600338	1240.5740973905797	1085.3526114378458	1.17235	23.89706	0.04476977708457	0.0234140512208199	-0.111721107	0.1381494106	-0.0193259653	0.0537727216	-0.0619879802	-0.0942229712	-0.13329647	0.0754793788	-0.0672589198	0.0752306495	0.0508626042	-0.0238565605	0.1904795308	-0.0438924445	0.0977052805	0.1624606683	0.0708133128	0.1126200985	0.0494136405	0.0725502889	-0.0542894678	0.0396406901	-0.0245383199	0.0590584827	0.0811509831	-0.0307255202	0.0567031564	0.1717896945	-0.0214264292	-0.1755339844	0.0905772065	0.0703947937	-0.0703322602	-0.0552499809	0.1119499463	-0.0948323711	-0.0362674565	0.0481661676	0.0990994669	-0.070921509	0.1609436412	0.0067040047	0.0014776976	-0.0334226107	0.0429786353	-0.0256567862	0.0011929953	-0.2206607301	0.0698277619	0.0387012274	0.0651440216	0.0037495242	0.0225976161	-0.1374142135	0.1794272461	0.0338171119	-0.0841593402	-0.0981653662	0.0594326649	0.0366801975	-0.0366770436	-0.0684700853	0.0204461723	0.0748403237	0.1122533079	-0.0090429733	-0.1252048517	0.0346335637	0.0135296033	-0.1232452415	-0.0386528644	0.0914937127	-0.1728732264	0.0740889576	-0.1562984491	-0.226107063	0.1757701105	-0.1271254096	0.0915427168	0.033041652	0.0459474721	0.0058073608	0.0375978434	0.0056681013	-0.1529741081	-0.0146319258743403	0.0013365042371162	1.7862435758298212e-06	0.0002140932547921	-0.0498804755729338	-0.014564903089365	0.002488061843382	0.0002121364020025	0.084248777924202	-0.0025169505362186	0.0070978565817215	6.335040001771104e-06	-0.0008989744398545	0.0002479547983606	8.081550435117121e-07	6.148158203004583e-08	0.0001157016053316	-0.0001111523425318	1.2354843250328823e-08	1.3386861476309329e-08	-0.0004489486602158	0.0001679212435448	2.819754403366561e-08	2.0155489950956185e-07	0.0	0.0	0.0	0.0	0.0	0.0	0.0
1135.808256835303	2.862329387818136	8.192929524367344	1290060.3962952497	1535.6290990193686	7.436736382378513	55.305048020992245	2358156.729755038	1093.671991658328	-2.430300858220789	5.906362261468706	1196118.4253378937	1240.615447084043	1077.8742332161632	1.18424	24.139427	0.0513372093090819	0.0284817196828456	0.1271611566	0.0313844961	0.0717341525	-0.0661208436	0.082518257	-0.0095485818	-0.0535268721	-0.0949434894	-0.0260398783	-0.0127435165	0.0017703432	-0.0302803806	0.15791356	-0.0184826095	0.0776196565	0.0510445571	-0.0241405047	0.0664600598	0.040430399	0.0579324893	0.0324385734	-0.0504422006	0.0793983409	0.0635777349	-0.0012600011	-0.0346687831	-0.0021769001	0.0082809242	0.0559115313	-0.147563161	0.0730373145	-0.0164222391	0.1147666112	0.0365035285	-0.0879959681	0.1066061034	0.0392496741	0.0601928355	-0.0986096701	0.019483557	-0.0230061719	0.1386459342	-0.1051148764	-0.0131508286	-0.0525947032	-0.010462395	0.047222564	-0.1067661292	0.1326388699	-0.087076997	0.004361471	-0.0782443312	0.1344881288	-0.0737633946	0.1100491082	0.0591333117	0.0706172007	-0.0281209218	-0.0255712037	0.0501644517	-0.0045480414	-0.0991692925	-0.0423396869	-0.0943750814	0.1121814415	-0.0808743709	0.0728046159	0.0420145399	0.0806952612	-0.0732284315	0.0067124882	0.0478267077	-0.105034431	-0.0578118642	-0.056170622	-0.0797598243	0.1234953479	-0.1228160477	0.1527341521	0.0101961816	0.0365819491	0.0569181048	0.2261263044	0.0	-0.1533929978	-0.0123316977733907	0.0023002281009496	5.291049316398207e-06	0.0001520707699742	-0.051987457838166	-0.0021069822652322	0.002702695772475	4.439374266003032e-06	0.0568891460735301	-0.0273596318506719	0.0032363749409754	0.0007485494550043	-0.0011689791865747	-0.0002700047467202	1.3665123386448473e-06	7.290256325143935e-08	7.230807116953564e-05	-4.339353416206436e-05	1.882998807074247e-09	5.228457156258631e-09	-0.0005269577211781	-7.800906096229996e-05	6.085413592219832e-09	2.7768443990921617e-07	0.0	0.0	0.0	0.0	0.0	0.0	0.0
1135.3175119469895	-0.4907448883134293	0.2408305454057602	1288945.8529335028	1529.0900175306533	-6.539081488715283	42.75958671605888	2338116.2817118936	1093.9167074569928	0.2447157986648562	0.0598858221161784	1196653.762853548	1240.943790531	1092.328771850942	1.233115	25.135681	0.3247855841901346	0.2060319875609009	0.0287398557	-0.0488096832	-0.1302071576	-0.1604406902	0.0563020633	-0.0444533971	0.0716434723	0.0538988653	0.0979014073	-0.0283828513	-0.1067526856	-0.0232538663	-0.0837422348	-0.019937046	0.0670023709	0.0424210849	0.1874150127	-0.1300204812	0.06734835	-0.1702362853	-0.2265236732	-0.2094277428	0.2061741866	-0.0206480936	0.0789099956	0.0360932721	-0.0507194043	0.1887391065	-0.0154244518	-0.1075155681	0.1567631833	-0.1167863619	0.0571170421	0.1033157359	0.1524336709	-0.0595746273	0.1150045554	-0.0243592444	0.0540013641	-0.091557339	-0.2201232098	-0.1558211761	0.0829439503	-0.0715990946	0.0185987921	-0.0481661712	-0.0535395165	-0.0346910476	0.0011805203	-0.2806683591	0.1824001688	0.2074343788	0.0336245492	-0.04922082	0.0158432552	0.1520355999	-0.077255488	-0.042591082	-0.1877363783	0.0927669421	0.0744265071	0.0555976693	0.0305012122	-0.0745115084	0.11290174	0.3077181119	0.1257741493	-0.0017599362	-0.1390244497	-0.0454627394	-0.1572285505	-0.0248570623	-0.011048754	-0.2101460757	-0.1335995319	0.043759698	0.1919696159	0.0122606055	0.2730546956	-0.1284945296	0.0485213369	0.0326698319	0.0576561152	-0.0056681013	-0.1529741081	0.0012781414587266	0.0136098392321173	0.000185227723924	1.6336455885157612e-06	-0.1285555335504113	-0.0765680757122453	0.0165265252064309	0.0058626702182761	0.0978338388501356	0.0409446927766054	0.0095714600241543	0.0016764678665706	-0.0046710398175116	-0.0035020606309369	2.18186129767788e-05	1.226442866275816e-05	-5.820826712299443e-05	-0.0001305163382925	1.7034514561290152e-08	3.388202361461874e-09	-0.000767640281332	-0.0002406825601539	5.79280947622357e-08	5.892716015234721e-07	0.0	0.0	0.0	0.0	0.0	0.0	0.0
1133.5581490660495	-1.7593628809399888	3.0953577468294573	1284954.077314048	1526.1788328382704	-2.9111846923829034	8.47499631316454	2329221.829803585	1096.902529260795	2.9858218038023097	8.915131844061278	1203195.1586987297	1241.6835083414037	1092.2104052384077	1.231714	25.107119	0.3220811286270117	0.198169021691937	-0.2085144288	0.0692584327	-0.0442938317	0.068422823	-0.0062942336	-0.1432092296	0.056115217	0.1713199098	0.0525283889	-0.0262912622	0.0147569045	-0.0130143918	-0.1144346383	-0.090612491	-0.0252007586	0.0095015085	-0.0130792793	0.0987985509	0.0621545195	0.0968635397	-0.0117377025	-0.0311575881	-0.0957325142	0.0745689103	0.1198195103	-0.0347836602	0.0721459281	-0.1163958195	-0.0899030562	-0.1596967866	0.0484471047	-0.1802074468	-0.120783569	0.1770266169	-0.1110996804	0.0575869423	0.1260806912	0.0972275437	0.0626648535	-0.1035156765	0.1097235875	-0.0054149407	0.1024778435	0.0906665518	-0.0515046303	0.1251786921	-0.0872385578	-0.1531805936	-0.0029612755	0.0165980042	0.0460252565	-0.0665207743	0.0003991214	-0.2331127142	-0.0783594076	-0.0576832917	0.0279568244	0.0578922685	-0.0157955983	0.0665175299	-0.0174417257	-0.0015853695	-0.0387770349	-0.0195453248	-0.019230297	0.1389685517	-0.0988123491	0.0705075854	-0.0070094866	-0.1749048852	0.1076493336	-0.0728413867	-0.0577027785	-0.014984787	-0.1650842132	-0.1725908793	-0.0600472489	-0.1585694064	-0.0443893951	0.0171425816	0.0026192083	0.024855712	-0.0800182797	-0.0113284606	-0.1517197269	-0.0063726710897782	-0.0076508125485048	5.853493265235852e-05	4.061093681849488e-05	-0.0231405390611882	0.1054149944892231	0.0005354845480423	0.0111123210631629	0.0592142723771473	-0.0386195664729882	0.0035063300531549	0.0014914709145615	-0.0015699791443826	0.003101060673129	2.464834513796321e-06	9.616577298427287e-06	6.295692959401578e-05	0.000121165196717	1.4681004895471781e-08	3.9635749839058605e-09	-0.0005819510488521	0.0001856892324798	3.448049105897434e-08	3.3866702326005934e-07	0.0	0.0	0.0	0.0	0.0	0.0	0.0
1135.7839116847524	2.225762618702902	4.954019234815199	1290005.0940419177	1535.2078002929688	9.028967454698432	81.52225329800348	2356862.990080376	1095.974137329703	-0.9283919310921648	0.8619115777170386	1201159.3096955866	1239.3326253018245	1075.015380621884	1.191647	24.290398	0.0654792411890733	0.0329999888119146	0.0416714278	0.0133589417	0.1297220432	0.055590271	0.2124261718	-0.0120682414	-0.0161848293	-0.0418842165	-0.1090239836	-0.2112348822	0.0271189212	-0.1018318193	-0.0829116291	0.1815360863	0.0888562255	-0.0104289063	0.0548487194	0.0303465221	0.0811307969	0.0440996306	0.021950816	0.0151498417	0.1653050638	0.0449477457	0.0592984039	0.0112700571	0.0061640707	0.001631242	0.1003842078	-0.1135798803	-0.0607350909	-0.0710404743	0.1216276061	-0.0487710808	-0.1182260073	-0.127013731	0.0026713969	0.1154026102	-0.1501068076	-0.0690617281	0.0333794081	0.1135909352	0.0118392549	-0.0716485572	0.0999946752	0.1302396954	0.0363169816	0.0177123436	-0.0057501089	-0.122713014	0.1209912581	-0.0421067369	0.1351990636	-0.1199085291	-0.0491379187	0.2107817262	-0.0557837114	-0.0916226669	0.1161135333	0.0404412587	-0.0383724657	0.0700033646	0.0014526015	-0.1172043874	0.0985002054	-0.0672441749	0.0128927879	-0.0218121129	0.0777161363	-0.1337764127	0.0419344419	-0.1531853818	-0.1773917479	-0.0782455296	-0.1208009831	-0.0233403079	-0.1303351917	-0.2116121861	0.0046185125	0.0927867605	-0.2184969252	-0.0055641	-0.1000726407	-0.0169733466	-0.1496367051	-0.004667950538348	0.0017047205514302	2.906072158468485e-06	2.1789762228463385e-05	-0.0442797135746388	-0.0211391745134506	0.001960693034252	0.0004468646991101	0.0699572352085056	0.0107429628313582	0.0048940147580181	0.0001154112503959	-0.0011489673727361	0.0004210117716464	1.3201260236120964e-06	1.772509118649246e-07	0.0001467578723213	8.380094272728423e-05	7.0225980019815735e-09	2.1537873088274998e-08	-0.0004489160973692	0.0001330349514829	1.7698298316057566e-08	2.0152566247719305e-07	0.0	0.0	0.0	0.0	0.0	0.0	0.0
1136.6034992479292	0.8195875631768104	0.6717237737141021	1291867.5145026376	1538.7800893147787	3.572289021809865	12.761248855343286	2367844.1632715985	1095.392424785445	-0.5817125442579254	0.3383894841470288	1199884.5642773367	1241.969269154274	1096.0896154915777	1.07798	21.973423	0.063849721937622	0.0322043062389088	0.057956445	-0.0994580154	-0.0448884197	-0.1472299249	0.1346158626	-0.246870366	0.0177821826	-0.039810469	0.1850753029	-0.222346303	-0.1597085724	0.0383297583	0.0414122849	0.1105641834	-0.1330910225	-0.0072190759	0.0956898766	0.0640215651	0.0941161024	0.0568387455	0.1043540833	-0.0071792709	0.1071661823	0.0006725425	-0.052219697	0.1331522482	0.0480349219	0.0981708934	-0.0507043634	0.1626640696	0.2002609908	0.1292831537	-0.1012627387	0.0832473296	0.0021104761	-0.0418489548	-0.0656599581	0.080795237	-0.0920395865	-0.100739545	-0.1970704844	-0.0079294033	-0.0244308	-0.0365972149	-0.0519388097	0.1142273618	0.0956756584	-0.1163104661	-0.0270836324	0.0082915032	0.0246684839	0.0111617376	-0.1255793396	-0.2357871751	-0.1865236097	0.0089010026	-0.1338037568	0.0467357476	0.0188079118	0.0761281743	-0.0924183854	0.1155427193	0.0575183516	-0.1993724286	0.1034038742	0.0662618342	0.1385072653	0.1241689743	0.0431544501	-0.0262421306	0.010830641	0.023775422	-0.0445753415	-0.1315305011	-0.04578925	-0.110792651	-0.2629182881	-0.0991584146	-0.1324525714	-0.0379912998	-0.1245662114	-0.1870731556	-0.2083132257	-0.022595049	-0.1467364196	-0.002082848880903	0.002585101657445	6.682750579324889e-06	4.338259460678879e-06	-0.0603572496250706	-0.0160775360504318	0.003642997582303	0.0002584871654529	0.0699191870776303	-3.804813087529557e-05	0.0048886927215966	1.44766026310362e-09	-0.0016170319664773	-0.0004680645937411	2.614792380609444e-06	2.190844639141145e-07	-0.000104989215381	-0.0002517470877023	6.337659616658956e-08	1.1022735346318009e-08	-0.0006320851379031	-0.0001831690405338	3.3550897410109495e-08	3.995316215579809e-07	0.0	0.0	0.0	0.0	0.0	0.0	0.0
1133.695117540761	-2.908381707168246	8.458684154590882	1285264.6195357598	1518.1067847357856	-20.67330457899311	427.3855222158176	2304648.209860825	1096.8344798722292	1.442055086784194	2.079522873320169	1203045.8762365836	1242.226321456833	1090.8375367784315	1.207588	24.615345	0.2495187996281678	0.1524674444077677	-0.1895401155	-0.1091234759	-0.1515626732	0.0075709306	0.1911577025	-0.0582882997	0.0543317929	0.2647020822	0.101116912	-0.0568528585	0.0193233532	-0.0556423069	-0.0821258779	0.18123959	0.1213108106	-0.1213649633	0.0078213201	0.0776014334	0.0476519758	-0.1505365977	-0.0389889135	-0.004417386	0.1276313889	-0.0374912943	0.0517177883	-0.0538648204	-0.0046923343	-0.0449466428	0.1897167146	0.0587292885	-0.0776432933	-0.0457138186	-0.2507209189	-0.0552435849	-0.1606384558	-0.0448829115	-0.0822282107	-0.069556813	0.0752489165	-0.1409620897	-0.027605826	-0.0759670411	0.1138647813	-0.0654801468	0.0450216995	0.0920206704	-0.0542505314	0.0932104293	0.0849113172	-0.0585742634	-0.0448626949	0.0538844006	0.1525571617	0.0653788397	-0.0488515126	0.133145748	-0.047825345	-0.0306887498	0.0740816216	0.1309519098	-0.0578169707	0.1370042903	0.0678594071	-0.0859020272	0.0843450088	0.2680363064	-0.0202841062	-0.005471652	-0.0247610453	0.0352910115	-0.0445769534	-0.0995216891	0.1407163103	-0.1284464716	-0.1157389797	0.0535909327	-0.1141583364	0.0824775611	0.0254398457	-0.0437701841	-0.0749909298	-0.2708626437	0.1564883983	-0.0281858894	-0.1430347106	-0.0019955320381939	8.731684270910003e-05	7.624231020685714e-09	3.9821481154583e-06	-0.1152563778745161	-0.0548991282494455	0.0132840326407532	0.003013914282549	0.1270252644087435	0.0571060773311132	0.0161354177981112	0.003261104068147	-0.003939668734528	-0.0023226367680507	1.5520989737817457e-05	5.394641556301004e-06	-0.0004440857087468	-0.0003390964933658	1.1498643181298207e-07	1.972121167131477e-07	-0.0007188774205846	-8.679228268149999e-05	7.532900333065402e-09	5.167847458263678e-07	0.0	0.0	0.0	0.0	0.0	0.0	0.0
1134.9485567983922	1.2534392576312712	1.5711099725712323	1288108.2265787534	1533.968081325955	15.861296590169331	251.58072952131727	2353058.0745268315	1097.4757323617418	0.6412524895126808	0.4112047553062107	1204452.9831229416	1242.0396879326286	1073.173725380508	1.358121	27.683784	0.1476481036304161	0.0954070859248635	-0.0822935857	-0.0624147571	0.1760625041	0.058871509	0.2305980783	-0.0952763593	-0.1909883529	0.0895784874	-0.0232972877	-0.1655142115	0.1908805179	0.0707980282	0.0937612073	0.1008542314	-0.0445234173	0.1116071557	0.2446183097	0.0200822496	0.2159132061	0.0639036468	-0.1201180543	0.0370884684	0.144514597	0.0382907776	0.0798570091	0.0310239694	-0.0954035828	-0.2214845514	-0.1949255478	0.0850471301	-0.2213645055	-0.0771065852	-0.0724007619	0.0273457622	-0.0254540706	-0.1286949194	0.071183125	-0.0916125579	-0.0810897865	-0.2004376029	0.0871915468	0.1619910939	0.0409004414	-0.1550672548	0.0997467631	0.1075098674	-0.0186958263	-0.0069411627	0.1542808207	0.0655140864	-0.0170328515	-0.0645906949	-0.148912043	0.1096979663	-0.0230778715	-0.0466971978	0.0251156717	0.1884354619	-0.0461819784	0.1652194903	-0.1707401088	-0.0025348814	0.048070726	-0.1033276777	0.1546641495	-0.026463216	-0.1382023132	-0.0931760519	0.0997201763	-0.011620864	-0.0711900792	0.0025835238	-0.0484106385	0.0663027242	-0.0608033752	0.2047506799	-0.0106762987	0.0524123129	-0.0744332623	0.0765362885	-0.1014312372	-0.0292835314	-0.0641576505	-0.0337382312	-0.1385517956	0.0215631369901529	0.0235586690283468	0.0005550108863871	0.0004649688768561	-0.110686291169884	0.0045700867046321	0.0122514550529443	2.088569248785512e-05	0.1268949985642677	-0.0001302658444758	0.0161023406606255	1.6969190236996734e-08	-0.0022419633490697	0.0016977053854583	5.026399658571824e-06	2.882203575814117e-06	9.497487490772728e-05	0.0005390605836545	2.905863128499597e-07	9.020226863738444e-09	-0.000869893092531	-0.0001510156719464	2.2805733173422704e-08	7.567139924331468e-07	0.0	0.0	0.0	0.0	0.0	0.0	0.0
1138.0678173332035	3.1192605348112465	9.729786284030943	1295198.356849562	1539.2358742607964	5.267792934841509	27.74964240436612	2369247.0766113983	1098.511009479391	1.0352771176492297	1.071798710328097	1206726.4379474309	1244.4232173164355	1094.967689989142	1.118544	22.800274	0.1098331575686919	0.0563585679978251	0.1216121005	-0.0428246202	-0.0265138223	-0.1362607215	0.1647338991	-0.1423987198	-0.1314378556	-0.1001204923	0.0811279325	-0.1931344832	-0.1873271123	-0.0386197324	0.0288081129	0.0444370035	-0.128998324	0.0084386274	0.162347717	0.2574471141	0.1224041275	0.2062110551	-0.0041484276	0.187619056	0.0141899321	0.0468339965	-0.0224452522	0.1241064584	-0.1225850199	0.1718415247	0.0196877237	-0.1206694751	-0.0690139624	-0.1697835965	-0.0576815713	0.0557031137	-0.0904325075	-0.0620691529	-0.0317702419	-0.1596002314	-0.0788230761	-0.0573478766	-0.106357242	0.1015609972	-0.0633661458	-0.1485085652	0.0138664387	0.2159205214	0.1311314438	-0.0895283925	0.0839949345	0.1185743078	-0.082075551	0.1568923508	0.0388725885	-0.0378561505	-0.0396941216	-0.0347816499	-0.1111371475	-0.0553351628	-0.0727455614	0.1484600951	-0.1610021108	0.0588622064	0.0305996682	-0.1532685584	0.0866153848	-0.065130876	0.0575536209	0.0171056	0.0772214631	0.0908393366	-0.060711525	0.115726652	0.0138128625	0.0116039802	0.039829941	0.0727021225	-0.0924426738	0.0098275801	-0.2711927827	0.1476511764	0.1634791486	0.0420712879	0.031415033	-0.0392444906	-0.1333121588	0.0354334547605788	0.0138703177704258	0.0001923857150525	0.0012555297162699	-0.097830957661813	0.0128553335080709	0.0095708962770274	0.0001652595996037	0.094019704476409	-0.0328752940878586	0.0088397048298312	0.0010807849613631	-0.0016050385268126	0.000636924822257	2.5761486725527616e-06	4.056732292072381e-07	-0.0001049364384242	-0.0001999113133319	3.9964533198096007e-08	1.101165610915592e-08	-0.0007020849840733	0.0001678081084576	2.8159561264151183e-08	4.929233248612059e-07	0.0	0.0	0.0	0.0	0.0	0.0	0.0
1134.267160182434	-3.800657150769439	14.44499477769487	1286561.9906683236	1524.4168924967448	-14.818981764051614	219.60222052329428	2323846.862129432	1097.2571579505657	-1.2538515288254075	1.5721436563378115	1203973.2706737523	1243.8311732541306	1095.2869548723393	1.227711	25.025522	0.0592589257383475	0.0287904025836531	-0.1397973652	-0.0084185232	-0.1460475514	-0.1560632814	0.2143816831	-0.0995932719	0.0609980976	0.2281668125	0.0769859414	-0.0651313756	-0.1739188238	0.0740911386	-0.1193994366	0.1963985985	0.0216076922	0.0400440759	-0.0310538733	0.1137579408	0.1889919941	0.0368067306	-0.0768370162	-0.1250040454	0.1285471324	-0.1105003127	-0.0457201646	-0.0923595541	-0.1745723071	-0.0835621003	-0.0531911662	-0.0010771868	-0.1764342842	0.1567760485	-0.0059955079	-0.0611243767	-0.0716085922	-0.0526339061	-0.0382342044	-0.0628683091	0.0822187189	-0.2550861428	-0.1669549501	-0.0090115087	0.0967894064	-0.0260623963	0.072486911	-0.0128088532	-0.0485338607	0.1636325118	0.1204104762	0.0839513504	-0.1256564657	-0.1884820215	0.0677025024	-0.0135404743	0.0486905972	-0.0547355831	-0.193114991	0.0540827028	0.1251534468	0.1796429387	-0.1899029904	-0.0324749168	0.0482976732	-0.0364180841	-0.0191930299	0.1245848586	-0.0224200091	0.0756193196	-0.017430436	0.0907399223	-0.0189029418	0.0035741606	0.0167375601	-0.0628966825	0.1468886046	0.0855115048	-0.2215322521	-0.0046913866	-0.0038981658	0.1695177015	0.148139711	0.093510665	0.1587627539	-0.0446971468	-0.1273444172	0.0215513822229951	-0.0138820725375836	0.0001927119379387	0.0004644620757216	-0.0829635816344875	0.0148673760273255	0.0068829558776222	0.0002210388699378	0.1073223803192604	0.0133026758428514	0.0115180933173919	0.0001769611845799	-0.0017600276765465	-0.0001549891497338	3.0976974222096718e-06	2.4021636535237242e-08	-5.875642904396017e-05	4.618000938023984e-05	2.1325932663590395e-09	3.452317953997926e-09	-0.0008450518515709	-0.0001429668674976	2.0439525202076323e-08	7.141126318434064e-07	0.0	0.0	0.0	0.0	0.0	0.0	0.0
1131.014657891261	-3.2525022911729597	10.57877115408535	1279194.1563648863	1528.552562798394	4.13567030164927	17.103768843943765	2336472.9372375384	1094.795981721925	-2.4611762286406247	6.057388428425688	1198578.2415944736	1241.849139272274	1073.003112733596	1.354461	27.609179	0.1156735191281226	0.0522436156623254	-0.1688072029	-0.0182171863	0.1903599291	0.030566524	-0.0130660804	-0.1817663308	-0.0936483	0.2377897247	-0.0239301256	-0.0130122273	0.1276129857	0.089553204	0.0674034748	-0.037918444	-0.2360221384	0.0896496263	0.0153176457	-0.0930350575	0.2319364723	0.0061092785	-0.1704832132	0.0929760955	0.0581951565	0.2593706184	-0.2616810115	-0.0702322596	0.0781082438	-0.088599633	0.2525342319	0.0245205767	-0.0710176651	0.0234309664	0.1054779959	-0.1256474671	0.042393344	0.0006918854	0.0433958429	-0.0384855167	0.1368591688	-0.2073014281	0.1860795993	0.1295822199	0.075053166	-0.0010302891	-0.1421601685	-0.0293177129	0.0300143594	-0.0168886281	0.1428158358	-0.1509441698	-0.1677389686	-0.0443006857	0.0139524872	0.1003611278	0.064559348	-0.0754299837	-0.0286139725	0.106701992	0.0321098489	0.1035743889	-0.2178690112	-0.2165992429	0.1016566658	0.069630469	0.0293614709	0.0873943637	-0.1051574897	-0.2399785477	0.1943541791	-0.1097535152	-0.1213955867	0.2926961328	0.2397747183	0.2756989275	0.2255906154	-0.1262435015	-0.0178939979	-0.1607539528	0.206794571	0.0449253014	0.2520389211	-0.1365533108	-0.2205293106	-0.0500887521	-0.1206811645	0.0042911266821761	-0.017260255540819	0.0002979164213343	1.8413768202483665e-05	-0.0957075283499904	-0.0127439467155028	0.0091599309828642	0.0001624081778875	0.1380311025072842	0.0307087221880238	0.0190525852593764	0.0009430256184212	-0.0010041218165332	0.0007559058600133	1.0082606224379332e-06	5.713936692024468e-07	-0.0002419954943364	-0.0001832390652924	3.3576555049247035e-08	5.85618192791186e-08	-0.0010051188199407	-0.0001600669683697	2.562143436309851e-08	1.0102638421989852e-06	0.0	0.0	0.0	0.0	0.0	0.0	0.0
1131.1175485484807	0.1028906572196319	0.0105864873430878	1279426.9086343246	1527.722053188748	-0.8305096096460147	0.6897462117143758	2333934.671799244	1099.011793014451	4.215811292526041	17.77306485419009	1207826.9211848387	1241.862556800271	1076.4341099958012	1.523055	31.045784	0.3971963768877312	0.2320720974430761	-0.0490690698	-0.2309720242	0.0478581832	0.0366866445	-0.1949060241	0.0308699354	-0.2490976196	-0.0116570284	0.1558766981	0.0507576064	0.2225723669	-0.3393334785	-0.2093228946	-0.1151943515	-0.1559217902	0.0701982196	-0.0913544564	-0.0703412967	-0.1191448969	-0.123367115	-0.1658731653	0.2120175087	-0.0195393338	-0.2073720329	-0.1821176054	0.0120523492	0.1279038128	0.0568798236	0.0383189528	-0.094164007	0.1650751102	-0.0278755485	-0.1091869715	-0.1268670836	0.1304632445	-0.2660783669	-0.2339307486	0.0556018289	-0.0234025335	0.1190181823	0.1393312839	-0.2897315689	0.0036898834	-0.053665972	-0.1514412609	0.2116604602	-0.0726132643	0.2866508844	0.2769927108	0.0038026377	-0.0521842852	0.0943545863	0.0539092646	0.0581648893	0.0155323957	0.0920663449	0.0152094128	-0.1495835985	-0.2984759361	-0.2533116295	-0.1780634533	0.0094938689	0.0639392709	-0.2561400348	-0.3914741958	0.1064442653	-0.0586196908	-0.4533563321	-0.063484412	0.2682663462	0.3093673094	0.1343632452	-0.3952228209	0.0069184733	-0.1204677951	-0.0516779231	0.0479710357	0.1418209324	0.0523004736	0.0750692742	0.0628748176	-0.0193580086	0.0142715075	-0.0554119421	-0.1133587932	-0.0032181795464651	-0.0075093062286412	5.638968003550952e-05	1.0356679593286316e-05	-0.010404022137763	0.0853035062122274	0.000108243676643	0.0072766881720995	-0.0025844597740984	-0.1406155622813826	6.679432323932752e-06	0.0197727363557093	0.0016531381502379	0.0026572599667711	2.732865743771985e-06	7.061030531004348e-06	0.0002982334700016	0.000540228964338	2.918473339097081e-07	8.894320262919526e-08	-0.0009272477077402	7.787111220049995e-05	6.063910115342852e-09	8.597883115094553e-07	0.0	0.0	0.0	1.0	0.0	0.0	0.0
1133.6340470968423	2.5164985483615965	6.332764943906023	1285126.1527371658	1535.4286866929797	7.706633504231604	59.39219996854509	2357541.251919728	1097.3979940179534	-1.613798996497735	2.6043472010970965	1204282.357274628	1241.247322272937	1080.4436382931958	1.417291	28.88991	0.3492447365550187	0.209749062522749	-0.0518914789	-0.0956953266	0.1436984875	0.0355059736	0.060240412	-0.0513051502	0.0421912899	-0.0450781454	-0.0040605542	-0.2113582459	0.1580318205	-0.1101861547	0.0376575914	0.1104266258	0.0553742594	-0.0014924056	-0.173074291	-0.0700867785	0.003651075	-0.1570330331	-0.0265588584	0.0456797794	0.0145819622	0.0460386072	0.0113543987	0.0657899036	0.1252365442	0.0233379849	-0.0511094802	-0.0793145097	-0.0487848509	0.0034948338	-0.1910874848	-0.1028029195	0.0702794461	0.179212916	-0.0995469816	0.1122843619	-0.2774795354	-0.0386109869	0.0934166122	-0.0853099971	0.0927016625	-0.0940269678	-0.0256319601	-0.059479315	0.0720557154	-0.1023159718	-0.0110475329	-0.0361576554	-0.1777034783	0.0161702824	0.0443007657	0.0422731322	0.114861284	0.0120216717	0.0195299974	0.0258439053	-0.0023391321	-0.0371283022	-0.1256966716	0.0879700978	0.2318725191	0.1168233777	0.033062526	-0.135400116	0.0698476	-0.0743060766	-0.0897255986	-0.0765416947	0.0206791415	-0.2722895145	0.0588189842	-0.0557506196	-0.013883687	-0.0639473088	-0.0588318945	0.1370785705	-0.0549200576	-0.0576231562	-0.0151257114	0.2050392908	0.0239990932	-0.0606594461	-0.1054172954	-0.0034862590923552	-0.0002680795458901	7.186664292464229e-08	1.2154002459029304e-05	-0.0994225483800477	-0.0890185262422847	0.0098848431263829	0.0079242980143483	0.1335525058409246	0.136136965615023	0.0178362718163902	0.0185332734068659	-0.000460979768586	-0.0021141179188239	2.125023470456021e-07	4.469494574692299e-06	5.018738882878182e-05	-0.0002480460811728	6.15268583851923e-08	2.518773997451334e-09	-0.0008129884047005	0.0001142593030397	1.3055188331118001e-08	6.609501461774639e-07	0.0	0.0	0.0	0.0	0.0	0.0	0.0
1131.9671901246486	-1.6668569721937274	2.7784121657508405	1281349.7195186922	1524.572696770562	-10.85598992241762	117.85251719563294	2324321.907738264	1096.15360414101	-1.2443898769433872	1.5485061658391783	1201552.723871326	1242.0760966727817	1076.945825020163	1.130073	23.035295	0.0445694904599863	0.0256976308706566	-0.1830941847	-0.072941708	-0.0190476328	-0.1055463156	-0.0226311361	0.0063169479	-0.0458868371	0.1567730118	-0.0062974996	-0.003168546	-0.07886876	-0.1012710799	-0.0333486637	0.1620605478	-0.0307749488	-0.24708907	-0.0194763976	-0.0202157799	0.0494511806	-0.0532943227	0.1399356273	0.0918075627	0.0106764994	-0.1196328223	-0.1131733028	-0.0304883723	-0.1133097731	-0.0871976556	-0.1670543089	0.1402048533	0.0626734176	0.2031639199	-0.0643449534	-0.0142162624	0.0951530589	0.1227159396	0.0373244147	0.0717415324	0.0936491117	-0.1036321016	-0.0156500551	-0.0922351963	-0.0113985888	-0.082808725	-0.058538099	-0.1748591233	0.1077639367	0.1794047747	-0.0655742053	0.1178105544	-0.0544965768	-0.0295566277	0.0175923526	-0.0628048096	-0.0787737918	-0.039212325	-0.1310017316	0.0858584747	0.0345337227	0.0156800202	-0.0655334127	-0.0669181638	0.151456252	0.1689922811	-0.0850577829	0.0412463027	0.0503785921	0.0959773952	-0.0854719149	0.0782469019	-0.0098846537	-0.0761614947	0.0102112507	-0.0913718754	0.0507063934	0.0365219404	-0.1153823619	0.108094996	0.0570313339	-0.0145181776	-0.1365131318	0.0670122939	0.0300585234	-0.0658240966	-0.096900045	-0.003446587047108	3.967204524720023e-05	1.573871174095902e-09	1.187896227329264e-05	-0.0896615545238859	0.0097609938561618	0.0080391943596397	9.527700106002848e-05	0.1158807197372482	-0.0176717861036763	0.0134283412068226	0.000312292024094	-0.0002249377355093	0.0002360420330767	5.059698485605181e-08	5.5715841378981936e-08	0.0001520918647632	0.0001019044759344	1.0384522215468411e-08	2.3131935327147518e-08	-0.0008169826647874	-3.994260086900045e-06	1.5954113641802752e-11	6.674606745631212e-07	0.0	0.0	0.0	0.0	0.0	0.0	0.0
1131.046796282989	-0.9203938416596884	0.8471248237650796	1279266.855382013	1533.0397003173828	8.467003546820706	71.69014906187442	2350210.722749211	1095.7763244929572	-0.3772796480527631	0.1423399328348168	1200725.753319295	1242.8709631489835	1071.9036862117307	1.103707	22.497847	0.1311363234135191	0.0703576054655772	-0.0948402632	0.0375310606	0.1986077693	-0.0487604818	-0.1090620006	0.0009748059	-0.084898613	0.1156378569	-0.146270501	-0.0610485152	0.1238128654	0.0592708328	0.0771820132	-0.0217247305	-0.1811112368	0.0017100684	-0.041989796	-0.0779624515	0.0213522704	-0.0747191724	0.0828265081	0.0023796629	0.0806545548	0.0398180423	-0.152039059	-0.0373267153	-0.0947704858	-0.0843905786	-0.1283377846	0.0038583666	0.0096317103	0.0121643315	0.0328612371	0.0260596878	0.0601124577	0.164545461	0.0483660053	-0.0274496506	0.001834556	-0.0381638086	0.066527589	0.0451977455	0.0751114511	-0.0989774387	-0.0899555032	-0.223671339	0.0937161902	0.1100524199	0.012853447	-0.0738342578	0.0679043944	-0.0991294323	0.0105132566	-0.009747943	0.0680670114	-0.055687879	-0.0471343705	0.0441907972	-0.2706551788	0.0440771444	0.0103784881	-0.1150616812	0.1371225528	0.1338748088	-0.0161268269	-0.0668711627	0.0414094489	-0.0878489807	-0.0610956596	-0.0499553581	-0.1461196537	-0.0341097522	-0.0477498205	-0.0105136821	-0.1118831588	0.1332205873	0.0724523847	0.0961211442	0.0026283667	0.000211863	-0.0908125201	0.0989152735	0.1146076743	-0.0708988393	-0.0878535601	-0.0032424038579108	0.0002041831891971	4.1690774750739456e-08	1.051318277779484e-05	-0.1086592982326806	-0.0189977437087947	0.0118068430924186	0.000360914266025	0.1367877792642104	0.0209070595269622	0.0187108965560343	0.0004371051380639	-0.0012705983581236	-0.0010456606226142	1.614420187666388e-06	1.0934061376861252e-06	-0.0001506816740224	-0.0003027735387856	9.167181578875525e-08	2.270496688619281e-08	-0.0012890952431588	-0.0004721125783714	2.228902866564914e-07	1.6617665459346458e-06	0.0	0.0	0.0	0.0	0.0	0.0	0.0
1132.6775922720449	1.630795989055969	2.6594955579210358	1282958.5280351967	1525.2251624213325	-7.814537896050297	61.0670025288062	2326311.79608318	1098.20676245478	2.4304379618226903	5.907028686268833	1206058.0931014093	1242.9039482840285	1076.9296396455877	1.033368	21.06406	0.1237945342967988	0.0671669548055988	-0.0193788279	0.0503442616	-0.0249598254	-0.14296883	-0.0802175666	0.0723972263	-0.142363769	0.108007906	-0.0854805283	0.0713248287	-0.1408986655	-0.1351667213	0.0263206573	0.0029894401	-0.0678103214	-0.0776807462	-0.0250589766	-0.1634466389	-0.0271925361	0.0288237194	0.0154556914	-0.0762653698	0.0418603016	-0.0220637663	-0.0044588458	-0.0184017958	-0.0302808804	-0.1163171863	-0.0169065986	0.0556478519	0.0027829315	0.0880445918	0.2912364055	0.089072968	-0.0169828536	0.1373188705	0.0731837991	-0.0492741887	0.104250189	-0.0393449025	-0.0793189225	-0.0643180883	-0.1556125141	-0.0165621254	0.0024575558	-0.1655401185	0.0210763108	0.0852477879	-0.0960783377	-0.1167514634	0.0102791384	-0.1077038909	-0.120208557	-0.0311080429	0.1433569445	-0.0242839819	-0.0791448858	0.0950759267	-0.0558314078	0.0258759083	0.0418092184	-0.1232246067	0.0466935701	0.0951586733	-0.1311627912	0.0927380696	0.0679122373	0.0614827381	-0.0271848085	0.0409688314	-0.1061900509	-0.0083039122	-0.144184816	-0.0223291083	0.1023300473	0.1087408057	0.0094439467	-0.057458206	0.0321003855	0.0328829743	-0.1892693035	0.1401579789	-0.0288118187	-0.0758767427	-0.0783272495	-0.002984792400241	0.0002576114576698	6.636366312275922e-08	8.90898567253643e-06	-0.0880658046596778	0.0205934935730028	0.0077555859503565	0.0004240919775413	0.0983259697580791	-0.0384618095061313	0.0096679963288666	0.0014793107904859	-0.0004878480974007	0.0007827502607228	2.379957661374829e-07	6.126979706617678e-07	0.0002113495088336	0.000362031182856	1.3106657736011454e-07	4.4668614884203966e-08	-0.0014339461947798	-0.000144850951621	2.0981798185509305e-08	2.0562016895234685e-06	0.0	0.0	0.0	0.0	0.0	0.0	0.0
1132.725279865001	0.0476875929562083	0.002274106521957	1283066.559645245	1532.3800599839951	7.154897562662654	51.19255913219599	2348188.6482365527	1099.1436857777862	0.93692332300634	0.8778253131932426	1208116.8419851768	1244.8915728729298	1085.0195428870531	1.041741	21.234743	0.0464231540549141	0.0253168885680098	-0.0675396293	0.1329615878	0.1128607082	-0.0493610886	-0.120495051	-0.0986511672	0.1187549614	0.0844869055	-0.0899465005	-0.1008452384	0.0695863224	0.0552320952	-0.0134287502	-0.096334405	-0.0328122871	-0.1689377522	-0.1192635968	-0.0978585983	-0.0372470547	-0.1434710802	0.0431513547	0.107762873	-0.1056987318	0.0071074257	-0.0119476096	-0.0593501904	0.0552943442	-0.1296826748	0.1747832041	-0.1597554346	-0.0732227165	-0.0442303783	-0.0048224404	0.1074217253	-0.1740601981	-0.1332145654	5.93094e-05	0.0462123303	-0.0634628944	-0.0206769316	0.1282546993	-0.0427698124	0.1113372871	0.159622725	-0.0602238615	0.0159768508	-0.0367718233	0.1224496076	-0.1192834114	0.0240823414	-0.1228748925	0.0063530779	-0.0214268092	0.0497431055	0.0308962198	0.1555201689	0.0391133264	0.0905713693	-0.015671172	0.0046230267	0.0475909506	-0.058933083	0.0740308426	0.1485949119	-0.1307709043	-0.0544894104	0.033664503	-0.081400431	-0.0343259623	-0.1626266922	0.0412912163	0.0391106904	-0.0559004174	-0.014849862	0.151319808	0.0586792124	-0.1211750862	-0.0357505573	0.0145142242	-0.118454913	-0.140818444	-0.0389110342	-0.0313122823	-0.0807510076	-0.0683731426	-0.0029894741855827	-4.681785341699961e-06	2.1919113985756615e-11	8.936955906265348e-06	-0.0797849935718773	0.0082808110878005	0.0063656451992645	6.857183227183973e-05	0.0879911645713775	-0.0103348051867016	0.0077424450426272	0.000106808198247	-0.0002140505668094	0.0002737975305913	4.581764515142541e-08	7.496508775789385e-08	-7.084632234710675e-05	-0.0002821958311807	7.963448713576996e-08	5.019201390110157e-09	-0.0014340099529092	-6.375812939998608e-08	4.065099064585371e-15	2.056384545042646e-06	0.0	0.0	0.0	0.0	0.0	0.0	0.0
1128.646438149944	-4.078841715057024	16.636949736489324	1273842.7823485555	1522.9580028957791	-9.42205708821598	88.77515977360098	2319401.0785843	1097.204322551859	-1.939363225927309	3.7611297220791786	1203857.3254264838	1242.70311027438	1071.981707264941	1.084202	22.100258	0.0869917216205266	0.0400636664314141	-0.1044598054	0.0171508756	0.1122692579	-0.2091756364	-0.2785734272	-0.0243142535	0.0613128139	0.0804097774	0.0603686097	-0.1523313965	-0.0014389106	-0.0952434488	0.2535822462	-0.2118510363	0.0123442032	-0.2884409948	-0.2165802627	-0.0050831534	0.0461091912	-0.0645553054	0.2072545077	-0.0141527985	-0.1669397467	-0.0197652598	-0.034445713	-0.0737521533	-0.0644098184	0.0984459263	-0.0147075741	-0.0183423688	0.0177475844	-0.2367338221	-0.080151197	0.2923293391	-0.0437128653	-0.0517282981	-0.0003271432	0.0560348028	-0.0988975493	-0.0192877827	0.0134013332	-0.0577169501	-0.0207006798	0.1382633012	-0.3165171648	-0.0239435615	0.1192663299	-0.0037413442	-0.1531650999	0.0777888483	-0.0858455233	0.0335926585	-0.056299189	0.0622476113	0.1571264848	0.0330269547	0.1989841008	-0.0800154396	-0.0023658956	-0.0128759405	0.0213796452	0.0322387269	0.1664738209	0.094212143	-0.2139346054	-0.0639482437	0.1771724514	0.0176016116	-0.1124190609	-0.1173835152	0.0555091408	0.0927421671	0.0723512908	0.0160380404	0.0632237606	-0.0020075963	0.0664722804	-0.0330449801	-0.1773702043	-0.1027230941	-0.0846521528	-0.0668874774	0.0149049775	-0.0855149763	-0.0580456054	-0.0030358574257576	-4.638324017490004e-05	2.15140496912246e-09	9.216430309527564e-06	-0.0973944513289382	-0.0176094577570609	0.0094856791496649	0.0003100930024977	0.117511522822113	0.0295203582507355	0.0138089579959719	0.0008714515512517	0.0002040826402421	0.0004181332070514	4.164972404818641e-08	1.7483537883917257e-07	0.0001003323120529	0.0001711786344	2.9302124875051176e-08	1.0066572841880505e-08	-0.0016410085589088	-0.0002069986059996	4.284842288577765e-08	2.692909090411937e-06	0.0	0.0	0.0	0.0	0.0	0.0	0.0
1131.0784473316985	2.432009181754438	5.914668660137891	1279338.454018286	1525.1210306803384	2.16302778455929	4.67868919677547	2325994.1582234576	1096.8128271243845	-0.3914954274744104	0.1532686697333714	1202998.377744585	1239.3736955639529	1068.8642747782549	1.103639	22.496468	0.0595031065582181	0.0333856209977324	-0.1717135036	0.055548594	0.0043289393	0.0367755794	-0.1136499231	0.1594624184	-0.1761952273	0.0676839622	-0.0939118242	0.0604844525	0.0039946817	-0.2037148924	0.1251268983	-0.0299633664	0.0667757914	-0.0826111527	0.0722749709	0.0971534373	0.0696748415	-0.0776347284	-0.1523991842	0.0519107914	-0.2348835787	-0.0862739869	0.0771965557	-0.1280354646	0.0209969981	0.1366742712	-0.0107964219	0.04416619	0.187623454	0.106005704	0.0379110155	0.075771525	0.0768797164	0.0722116664	-0.0844738289	-0.1342989937	0.0008979179	-0.064521427	0.2403145194	-0.1862741106	-0.1909116998	0.0314143278	-0.0218831607	-0.0037077464	0.0020715365	-0.0200304482	-0.1617660751	0.0899411186	0.0789190367	0.0480000158	-0.1663090007	0.0746121715	0.0638963901	0.0831152598	-0.0502966898	0.0284981025	-0.1797377407	0.0179623551	0.0371914393	0.0572336094	0.0903344246	0.1371758948	-0.1624631648	-0.0492036876	-0.1342718634	0.0295395398	-0.0851879598	-0.0763383341	0.0309929861	-0.0678888549	-0.0130709147	0.0804743418	-0.18630871	-0.0286888859	0.1058482876	-0.0380419402	-0.1810376316	0.0281996342	0.0105230415	-0.0031178369	-0.0922324678	-0.0901621419	-0.0474010431	-0.0030382372748931	-2.379849135500031e-06	5.6636819077402455e-12	9.23088573854985e-06	-0.1220651926006297	-0.0246707412716915	0.0148999112446288	0.0006086454748947	0.1150674562880169	-0.002444066534096	0.0132405194965946	5.973461223088501e-06	-0.0002139450434698	-0.0004180276837119	4.5772481625294617e-08	1.747471443495363e-07	7.765383829649863e-05	-2.2678473756401366e-05	5.143131719197854e-10	6.030118602178758e-09	-0.0014339963383112	0.0002070122205976	4.285405947674949e-08	2.056345498289929e-06	0.0	0.0	0.0	0.0	0.0	0.0	0.0
1135.7283574005637	4.649910068865211	21.621663648534067	1289878.901803783	1536.9697708129884	11.848740132649937	140.39264273106923	2362276.07639293	1097.1973597333936	0.3845326090090566	0.147865327391312	1203842.04620593	1243.2931445434367	1072.237300197438	1.189731	24.251356	0.0887263937739604	0.0438973001131431	0.0502300259	0.026423262	0.1455896194	0.0450447472	0.0401313866	0.1219974989	-0.0456814215	-0.059379165	-0.0827070606	-0.0243057305	0.0631418705	0.0771632894	-0.1194415603	0.0842300466	0.1067387578	0.049860525	0.1478849747	-0.1599168936	0.0311642603	-0.0751324768	0.0298863646	0.0700820611	-0.0586815491	0.0337553155	0.031460366	0.0554009896	0.1413909366	-0.0003572927	0.0181557457	-0.0544965847	0.1550138896	-0.03682651	0.1037038614	-0.0652255279	0.0195713078	0.1461711634	0.0235897824	-0.0038975882	-0.071152815	0.0099811505	0.0897398493	0.1027888068	0.0044873536	-0.0493937556	0.0218021874	-0.1041506733	0.008642134	0.2231005138	-0.1479501161	0.1083769816	0.2054291145	0.1569148269	-0.1102858463	-0.0295702936	0.0849274362	0.2205253875	0.0062912331	0.0098420114	0.0572739365	0.013742072	0.0553380666	-0.0296001702	0.0203853609	0.0795792363	-0.0663795928	-0.2152293996	-0.0106429543	-0.0240003994	-0.0006261637	-0.011355496	-0.0235332904	-0.0118584789	-0.0253604758	0.0092594935	-0.0975218331	0.0870743267	-0.0860842165	0.0939855776	0.0187223851	-0.0268526103	-0.043431045	0.0070223959	-0.0170705167	-0.0946861568	-0.0364975928	-0.0030733047590842	-3.506748419109971e-05	1.229728447493028e-09	9.44520214220959e-06	-0.1088395478572152	0.0132256447434145	0.011846047177763	0.000174917678879	0.082803623279247	-0.0322638330087699	0.0068564400281714	0.0010409549204177	-0.0006967178638626	-0.0004827728203927	4.854157818252644e-07	2.330695961100187e-07	-0.000303001123493	-0.0003806549617894	1.448981999349647e-07	9.180968083802024e-08	-0.0014346055268806	-6.091885694000515e-07	3.711107130876814e-13	2.058093017756364e-06	0.0	0.0	0.0	0.0	0.0	0.0	0.0
1133.322944810608	-2.405412589955631	5.786009727917057	1284420.8972341886	1534.6397503323026	-2.330020480685789	5.428995440415236	2355119.163299992	1098.5429095188383	1.3455497854447458	1.810504225110401	1206796.5240541145	1246.8250430292774	1081.4588668170145	1.098545	22.39262	0.0840765460313507	0.0485430820611347	0.00856936	0.0086354143	0.1045061098	-0.2120200527	-0.1267049774	0.042029848	0.1244985776	-0.0354726134	0.1306404247	0.000888915	-0.1158278272	0.0838747805	0.1471011416	-0.1945105229	0.0957923699	0.0396952473	0.0349850004	-0.0592120204	0.0312065614	-0.0369912508	0.070191313	-0.0458635457	-0.1582637552	0.0730449755	-0.0734320919	-0.0140376809	0.0354473423	0.0425498664	-0.0583294729	-0.0949100231	-0.0440861844	0.0673238152	0.0102630955	-0.1497943799	0.0565182305	-0.1092008285	-0.2705745629	0.0574860302	0.0073626778	0.0166459734	-0.0663964369	0.1135524904	0.0215213218	0.1434864075	-0.1718448332	-0.0695970363	0.0324437504	-0.0227392516	0.0484257161	0.1621022566	-0.0610595457	0.0770736835	-0.0844055983	-0.1086889121	0.1553754119	0.1083355755	0.1413819967	-0.0498639342	0.1931082738	0.0904547374	0.0346145227	-0.1258963881	0.0224557181	0.0445229642	-0.1450893674	-0.1662780682	0.1379050983	0.0379372046	0.018250167	0.0554438042	-0.0096791008	0.1004122269	0.0234727439	-0.069734054	0.0353439542	0.0105613223	-0.0208235695	0.0518547959	-0.0152040214	0.0192192504	0.1375656536	-0.0579980084	0.1198425287	-0.0990808418	-0.0253948054	0.0154309873299496	0.0185042920890338	0.0003424088257162	0.000238115369977	-0.1055342465904658	0.0033053012667493	0.0111374772034172	1.0925016463975168e-05	0.1181777195783695	0.0353740962991225	0.0139659734047437	0.0012513266889795	-0.0007448668541953	-4.814899033269999e-05	5.548266304788022e-07	2.318325270058437e-09	0.0001860341646928	0.0004890352881858	2.3915551309096843e-07	3.460871043294783e-08	-0.0014339326778702	6.728490103999167e-07	4.527257907961473e-13	2.0561629246640028e-06	0.0	0.0	0.0	0.0	0.0	0.0	0.0
1130.167960138304	-3.154984672304181	9.95392828247432	1277279.6181231749	1520.8255165947808	-13.814233737521818	190.833053754886	2312910.251925782	1096.6688857806728	-1.8740237381655331	3.51196497120792	1202682.6450394224	1241.2335060360824	1074.9653898194606	1.192188	24.30143	0.0629771990949843	0.02969745011682	-0.1672590757	0.0715960995	-0.0629133638	-0.159077316	-0.1155548037	0.239610002	-0.0554354003	0.146305121	-0.0544669762	0.1315482529	-0.0353484151	-0.0633971598	0.0826307507	-0.245327867	0.0695961476	0.1753709584	-0.0208482994	-0.130195086	0.1294451669	0.0482979505	0.0655084807	0.066421721	-0.1017159528	-0.1581762175	-0.1152635628	-0.0780392244	0.0413959012	0.0724569699	-0.1054306676	0.0402782684	0.0576919603	-0.0051950172	0.0391453053	0.0508253338	0.0261332189	0.142335315	0.1493740422	0.0851333624	0.1038737304	-0.135701141	0.0240810675	-0.0824545828	-0.1168007769	0.018189431	0.0094607291	-0.084181685	0.0715042735	0.1122959534	-0.0512031069	-0.0606606888	0.1828814737	-0.0562623786	-0.0766794149	-0.1211892271	0.116064237	-0.2483679419	0.1284244018	-0.0573351898	0.1121204705	0.1087281256	0.044223996	-0.0835002099	-0.0282669231	0.1102698525	-0.2130415992	0.0007214569	-0.0433364294	0.0845044315	-0.0967560846	0.0810872906	-0.0755588369	-0.0121774985	0.0177255133	-0.0388460177	0.0351189267	0.0662267678	0.0795315179	0.0100158407	0.1199184231	0.2014679997	-0.0575758322	-0.0620983473	-0.0285782191	-0.1033401944	-0.0141533203	0.0028355974255163	-0.0125953899044333	0.0001586438468447	8.04061275959467e-06	-0.1120683126214032	-0.0065340660309373	0.0125593066938085	4.269401889664998e-05	0.1254923793126181	0.0073146597342486	0.015748337265542	5.350424702783791e-05	-0.0009071196589327	-0.0001622528047374	8.228660756221781e-07	2.6325972645152883e-08	-0.0001412400070583	-0.0003272741717511	1.071083834953685e-07	1.9948739593828642e-08	-0.001675067369889	-0.0002411346920187	5.814593969500151e-08	2.805850693666852e-06	0.0	0.0	0.0	0.0	0.0	0.0	0.0
1134.0104847773969	3.842524639092972	14.76499560203657	1285979.7795850667	1534.2103658040364	13.384849209255664	179.15418835451194	2353801.4465405555	1096.8047879223752	0.135902141702445	0.0184693921193114	1202980.7428094463	1241.3752988793092	1073.559921695101	1.219811	24.864502	0.0741403096457736	0.0335371156494948	0.0540168094	0.138760304	0.1617086569	-0.055362604	0.0064788091	0.2320234668	-0.0205866095	-0.0857044483	-0.1957821395	-0.0071799123	0.0456173511	0.0034896767	0.0869315407	-0.1944607392	0.1019020388	0.0580437974	0.0997031064	-0.1297588055	0.1157472967	-0.024225883	0.1573440419	0.0570157293	-0.0406692794	0.0376422618	0.1442632577	-0.0302245381	0.052244863	0.0470613867	-0.0652252258	-0.1874929739	-0.0366186801	0.0796440258	0.0008060804	-0.024297954	-0.0664033041	-0.0632995277	0.0395291039	-0.0149663364	-0.1049393551	0.0060074951	0.0648136959	0.0855226297	-0.1972462341	0.0495058455	-0.052925799	-0.0603071229	0.0431251642	0.0211791493	-0.0622054472	-0.0350489965	0.1612669702	0.0085115534	0.0080072483	-0.1093372081	0.0233098849	0.0247368623	0.0451936515	0.0022336569	0.0322244621	0.1159880735	0.067098553	-0.073754596	-0.0969833341	-0.0226767045	-0.1071666011	-0.2075891313	0.0059671083	-0.0609831117	0.0345562084	0.0029569095	-0.1372815096	-0.067936924	-0.0412810658	-0.0637787921	-0.031826403	0.0542588105	0.1763361657	-0.0170300496	-0.0002835061	0.0500802834	0.0580238219	-0.0427486051	0.0245284527	-0.1074583966	-0.0028345346	-0.0033134927723779	-0.0061490901978942	3.781131026183854e-05	1.097923435260058e-05	-0.1377145301990054	-0.0256462175776022	0.0189652918279327	0.0006577284760377	0.1154077339050587	-0.0100846454075594	0.0133189450451008	0.0001017000729962	-0.0013090170801147	-0.000401897421182	1.713525716032015e-06	1.615215371527419e-07	-1.898248151044335e-05	0.0001222575255478	1.4946902553084824e-08	3.6033460429432356e-10	-0.0015540151873645	0.0001210521825245	1.4653630893944872e-08	2.414963202559522e-06	0.0	0.0	0.0	0.0	0.0	0.0	0.0
1135.510397168183	1.4999123907862213	2.2497371800340384	1289383.8620770448	1534.337841966417	0.1274761623806171	0.0162501719752894	2354192.613290162	1098.9598620184536	2.1550740960783514	4.644344359587923	1207712.7783276185	1244.6939235693603	1093.1862457809746	1.11091	22.644669	0.0492069919698945	0.0281340490972468	-0.0369106453	0.1496696555	-0.1218714765	-0.0788787624	0.0596470191	0.2036697202	0.0449937617	0.0441953964	-0.1132796568	0.0917863011	-0.1286572299	0.0209114576	-3.59339e-05	-0.0883990489	0.0510823373	0.0872976244	0.1429136739	0.0308928577	0.0613093554	0.1372104074	0.0525246449	-0.2771095267	-0.061544361	-0.1193091408	-0.0173614003	-0.0884646214	0.0146800069	-0.0781079564	0.0694596682	-0.0189444198	0.1519595701	0.0149501176	0.0438518786	0.1460117966	-0.0255129276	-0.0507670417	0.2032053952	0.119256469	0.1071909857	-0.0753038843	-0.0846173282	0.0258819957	-0.1818938867	0.1516509868	0.0715474687	-0.004583542	0.0007689654	0.0226291469	-0.1611766688	-0.0564400612	0.0913354641	-0.0439675324	-0.0243841752	-0.0646533411	-0.0121152872	0.0350334608	0.2230727539	-0.0407398129	-0.0084540888	0.1212577526	0.0581146424	-0.1069376591	-0.1351258787	0.0233268478	-0.175950779	0.0266699756	-0.0823543845	0.1311620937	-0.0111408364	0.0405465308	-0.0871961522	-0.0858957952	-0.0315259967	-0.0144700877	0.0547289816	0.0095732088	0.0298701895	0.0290158526	0.0339078706	-0.0897314141	0.096853651	-0.0051053651	0.0041847976	-0.1114298236	0.0084997322	-0.0050201785048216	-0.0017066857324436	2.912776189326888e-06	2.520219222027283e-05	-0.1249309982824655	0.0127835319165399	0.0156077543318533	0.0001634186882611	0.1045515514918378	-0.0108561824132208	0.0109310269193504	0.0001178566965891	-0.0009064801306196	0.0004025369494951	8.21706227208127e-07	1.6203599570882075e-07	2.571821108365846e-05	4.470069259410181e-05	1.998151918392388e-09	6.614263813436128e-10	-0.0015839893834291	-2.997419606459999e-05	8.984524297190813e-10	2.5090223668161e-06	0.0	0.0	0.0	0.0	0.0	0.0	0.0
1133.8766173366262	-1.6337798315569216	2.6692365380021634	1285676.1833427495	1535.1100760565864	0.7722340901693769	0.5963454900197254	2356562.9456104585	1096.9465124571852	-2.013349561268342	4.0535764558594245	1203291.6511919815	1243.0030558708306	1082.244844355008	1.040465	21.208733	0.0541512892687602	0.0250456910258939	0.0207135724	0.1121723966	0.1115514719	-0.1029678167	0.0035423645	0.1692493855	0.153245656	-0.0375031967	-0.1256257515	-0.150101359	0.000890197	0.0473693252	-0.0849025198	-0.1262768929	0.0569920392	-0.0735985247	-0.0272217043	-0.0762656205	0.1055777184	-0.0836119442	0.1705941995	-0.0463870022	-0.0157636929	0.101424327	-0.1026557003	0.0187769536	-0.0544285786	-0.0957635562	0.1227703599	-0.022329388	0.0840832371	0.012253613	-0.0940882988	-0.1562549428	-0.0697349736	0.0357564021	-0.0219051626	-0.1630191518	-0.1523806321	-0.0130541098	-0.026526554	0.0754536385	-0.032387854	0.1184423861	-0.0648295699	-0.0572298985	-0.0088414577	0.0992366011	0.0433687384	-0.0398532013	0.0446586252	0.0116465147	0.0907845106	0.1477559245	-0.0308551173	-0.040189629	0.0233566503	-0.0755003373	0.1547304346	0.116698757	0.0697599727	-0.0593271862	-0.1048230996	-0.0489280474	-0.1591471079	-0.1559837193	0.0862414693	-0.0084116974	0.0404949264	-0.0400161214	-0.0293701411	-0.111637049	0.0007305563	-0.0707050832	0.1241116074	-0.068541425	0.0537107236	-0.0464153656	-0.047836328	0.036254576	0.1432545087	-0.1157862846	0.0207796039	-0.1152490509	0.0197875765	0.0008956716801407	0.0059158501849622	3.499728341091847e-05	8.022277586060644e-07	-0.1214296333347277	0.0035013649477377	0.0147451558518064	1.2259556497246912e-05	0.11707998468367	0.0125284331918321	0.0137077228135284	0.0001569616382422	-0.0011372078652095	-0.0002307277345899	1.2932417286943484e-06	5.323528750898739e-08	-0.0002410155227032	-0.0002667337337868	7.114688473987867e-08	5.808848218389672e-08	-0.0017306407339369	-0.0001466513505078	2.1506618605761643e-08	2.995117349961652e-06	0.0	0.0	0.0	0.0	0.0	0.0	0.0
1135.1279314429337	1.2513141063075182	1.5657869926441828	1288515.4207419136	1533.1452189127604	-1.964857143826066	3.860663595644326	2350534.262275056	1099.1708307876963	2.224318330511096	4.94759203544767	1208176.5152545143	1244.082688469657	1088.8914330627204	1.028408	20.962955	0.0845453003498185	0.0421827968528826	-0.0802789722	0.1150861258	-0.0917610522	0.0103415295	0.0493999441	0.219988521	-0.0245911982	0.0555684274	-0.1387819936	0.0080634401	0.0041187381	-0.0887523971	-0.063483269	-0.1004535829	0.0221630974	0.0341471005	0.117845366	-0.0447444863	0.1222906909	-0.1571741476	-0.1089787696	0.0397207828	-0.1501450667	-0.1088682162	0.1435742164	-0.0320085783	-0.1122344529	0.0476115482	0.1162977649	0.2080957484	-0.2386337899	0.0783967054	0.1234291385	-0.0617586162	-0.0987799223	-0.1848024154	0.0439609335	0.1620874556	-0.0136153908	-0.1226729293	0.0403319772	-0.1510065683	-0.1344326325	0.0868481621	0.0795665627	0.078357585	-0.0957100745	-0.0491936602	-0.0326288932	-0.0265635613	0.026660703	-0.0294756727	0.0137939397	0.0454060928	-0.1187690133	0.0229593028	0.1964008249	0.0298721565	0.1234194208	0.1284760197	0.047065107	0.0353508089	-0.0753725034	0.0421540741	-0.1704062109	0.0195779592	-0.1205780998	0.0607866952	-0.0417296004	-0.0119171927	-0.0396871309	-0.201987677	0.0635786086	-0.0038464994	-0.0161607927	-0.0433802814	0.0498816366	0.0401503562	-0.0534330185	-0.0149525151	0.1379841667	-0.0629310989	-0.0683387344	-0.1189108618	0.0309673479	0.0024754223943403	0.0015797507141996	2.4956123190141465e-06	6.1277160304014645e-06	-0.150097941326976	-0.0286683079922482	0.0225293919905963	0.0008218718831384	0.1320288718553257	0.0149488871716556	0.01743162300339	0.0002234692276708	-0.0015709316557931	-0.0004337237905835	2.46782626717285e-06	1.8811632651820645e-07	-0.0004590356438494	-0.0002180201211462	4.7532773224603726e-08	2.1071372232423321e-07	-0.0018658639116414	-0.0001352231777044	1.8285307788502745e-08	3.4814481367657457e-06	0.0	0.0	0.0	0.0	0.0	0.0	0.0
1136.8006553368093	1.6727238938756273	2.7980052251424405	1292315.729974199	1540.005596923828	6.860378011067724	47.06478645474154	2371617.238556716	1097.59491958994	-1.5759111977563407	2.4834961032138243	1204714.6075096468	1243.6569196094888	1076.9581290812807	1.120476	22.839657	0.0605296805316946	0.0291652694819803	0.0480006653	0.0360332196	0.1784343081	-0.0060376904	0.2125787761	0.1082228277	-0.0025624364	-0.0735396557	-0.0937763111	-0.2291520198	0.0053494711	0.0739531733	-0.0277294673	0.1145996	0.0345829308	-0.0504678178	0.1249791682	-0.088303722	0.2038216383	0.0125266303	-0.0865517644	0.1052471993	0.1265207007	0.0331813533	0.0002218028	0.084127011	0.0180935916	0.018582518	-0.1370130517	0.1048736825	0.0379607128	-0.0111868309	-0.0243680403	0.1435891442	0.021315936	0.0171418136	-0.0250657437	-0.0777589147	-0.1599578253	-0.1106473323	0.0436086714	0.1093446271	-0.0675112806	-0.0616319077	0.0229616601	0.0416282514	-0.0153624687	0.0978832184	0.0280771344	-0.0728951084	-0.0569169181	0.0455044531	-0.2219080421	0.0050034051	-0.1952987628	-0.0153882454	-0.04169845	-0.0519825372	0.0486983949	0.1522676584	-0.0311639486	0.0436195401	-0.0312790859	-0.0584396336	0.0145864003	-0.2256463973	0.0051591112	-0.0306360447	0.0649620518	0.0494916711	-0.1189094533	-0.2125780731	-0.0484969744	-0.0166917341	0.0262423887	-0.0293170813	0.0386686828	-0.0656543141	-0.082615847	0.0868079032	0.1280368034	-0.0731341907	-0.0733831627	-0.1224102548	0.0419779864	0.0127914349985474	0.0103160126042071	0.0001064201160501	0.000163620809322	-0.1625573396623707	-0.0124593983353947	0.0264248886781073	0.00015523660688	0.1550851221380185	0.0230562502826928	0.0240513951085641	0.0005315906770981	-0.001351864586579	0.0002190670692141	1.8275378604464105e-06	4.79903808140553e-08	-0.0003842395928275	7.47960510219e-05	5.5944492484706676e-09	1.47640064696243e-07	-0.0018657666456894	9.726595199990688e-08	9.460665418448188e-15	3.481085176167075e-06	0.0	0.0	0.0	0.0	0.0	0.0	0.0
1140.006885322774	3.206229985964683	10.27991072289909	1299615.6985833324	1534.5462412516276	-5.459355672200445	29.80456435558717	2354832.1665394986	1098.743941584244	1.149021994304121	1.3202515433946198	1207238.2491680807	1244.774892492818	1104.385224947206	1.429027	29.129124	0.1529180955755286	0.0836747309240621	0.0396971078	-0.0567872431	-0.2238503219	0.1247355129	0.2527619924	0.0059473181	-0.2203880024	-0.0075904218	-0.0220036867	-0.0012222383	-0.2203854235	-0.0670805038	-0.0050902356	0.2825777611	-0.0607984765	-0.0198164368	-0.0339040954	-0.2494219233	0.0707282225	-0.0429030968	0.1810853844	0.1616760847	0.041796855	-0.1393394091	0.0940682206	0.055445858	-0.1350944258	0.0446670939	-0.0833458026	0.1344017517	-0.0530217844	-0.0529509348	0.0402224876	-0.011483393	0.0043232753	0.0195216884	-0.1101503179	-0.0502517901	-0.0246448013	-0.0471446629	-0.0790396892	-0.046939727	-0.1677608379	0.0281165946	0.1950144339	0.1472535953	0.2775896829	0.0549664144	0.039194251	0.0531897754	-0.1742062886	0.093336175	-0.2099700838	0.2214434779	-0.1251151708	0.0280251314	-0.0173176411	-0.133675738	0.0814917684	0.0379647614	-0.2958107244	0.3630980427	-0.2861211517	0.2102866135	0.0427315199	-0.0114791376	0.1214894593	0.0082051962	-0.0998913436	0.3198294763	-0.0603038976	-0.1233144585	-0.1383495392	0.353999778	-4.3864e-06	0.0349601147	-0.0096561744	-0.2035010452	0.2010320593	-0.3259598681	-0.0212627115	-0.2253080366	0.0714498657	-0.1257424501	0.0527593557	0.0128412094194629	4.977442091549933e-05	2.477492977473297e-09	0.0001648966593545	-0.1110010616649503	0.0515562779974204	0.012321235690746	0.0026580498009472	0.1288487112804972	-0.0262364108575212	0.0166019903986449	0.0006883492546846	-0.0002700774117629	0.001081787174816	7.294180834454703e-08	1.1702634915965988e-06	-8.826426391617126e-05	0.0002959753289113	8.760139532416924e-08	7.790580284663532e-09	-0.0017420165034234	0.0001237501422659	1.531409771085522e-08	3.034621498199489e-06	0.0	0.0	0.0	0.0	0.0	0.0	0.0
1140.196105578256	0.1892202554820414	0.035804305084689	1300047.1591758216	1544.472479417589	9.926238165961422	98.53020412738915	2385395.239678315	1099.7952438880657	1.051302303821558	1.1052365340205152	1209549.57847881	1249.545124174553	1110.4793482680266	1.669303	34.02689	0.1338683943475097	0.0792656893391368	0.1308497085	-0.1272171679	0.0634033004	0.0578800434	0.0083922562	-0.1180333658	0.0647086627	-0.0941726119	0.0492582564	0.0585297799	0.0396207146	0.2757028445	-0.1111640849	-0.0020597945	-0.2432914249	-0.2264295303	0.1788790174	-0.0203199975	-0.1209892865	0.1946420622	0.0669002148	-0.2046200811	0.2199636247	-0.2467734886	-0.0940021519	0.0857939208	0.3344056256	-0.0352654151	-0.0990626914	-0.111917345	-0.0986913877	0.0104446563	0.1226643101	0.0118609817	-0.0019584979	-0.2275003057	-0.10341317	0.0487672155	0.1820316999	0.1861931642	-0.1199164936	0.2608268655	0.0889789305	0.0285798782	-0.1650407335	0.2540453429	-0.1291408456	0.1791870092	0.0074606199	-0.1596854851	-0.1330106871	-0.0456261821	-0.1931528532	-0.3205451572	-0.0356376383	-0.0004284634	-0.0176577182	-0.1507794754	-0.0131991837	-0.1255619117	-0.0359894627	-0.2401733426	-0.1030971052	-0.2395810041	0.0623519455	-0.053000857	-0.0264431011	-0.14523561	-0.0679853688	0.237794298	-0.3371348857	-0.1310012388	0.186574407	-0.0106133839	0.0190367938	-0.4821809798	-0.1660955927	0.2373951532	-0.0026268828	-0.2083804053	-0.133355708	0.1770814061	-0.1667989272	-0.1289028963	0.0632525717	-0.0205745525983473	-0.0334157620178102	0.0011166131512309	0.0004233122146221	-0.1150636210686855	-0.0040625594037352	0.013239636893438	1.6504388908877348e-05	0.0834373467874343	-0.0454113644930629	0.0069617908389265	0.0020621920251218	0.0005838153071442	0.0008538927189071	3.4084031285587665e-07	7.291327754025598e-07	-0.0002070227240889	-0.0001187584601727	1.4103571862597597e-08	4.285840828918881e-08	-0.0017889394930016	-4.6922989578200005e-05	2.201766950955866e-09	3.200304509620822e-06	0.0	0.0	0.0	0.0	1.0	0.0	0.0
1138.2680249074522	-1.9280806708038651	3.717495073127484	1295654.0965267122	1539.3183697170682	-5.1541097005208485	26.56484680500311	2369501.0433484125	1099.8420960374654	0.0468521493996831	0.0021951239033702	1209652.6362160852	1247.2764917459344	1110.02151602066	1.736642	35.399525	0.274151441458259	0.1383627525464296	-0.0444012859	-0.029308515	-0.132662808	0.2625193416	-0.026855443	-0.168285351	-0.0340683952	-0.0665217107	-0.0460124446	0.1826799138	0.0740530965	0.1366437163	-0.0170416112	0.2239979643	0.0329276967	-0.0549153908	-0.1433374398	-0.0615850115	-0.0795431946	0.1901511181	0.124076413	0.1208839758	0.121682024	0.1173240217	-0.000760553	-0.1010403661	-0.1430472695	-0.3534316626	0.0579390796	-0.0308683898	0.1685411581	-0.0220513794	-0.0213967987	0.0833426683	0.2411781665	0.0616081242	-0.0001748822	0.1532629072	0.148390597	0.0862457541	0.0416569297	0.0463372698	0.2514982022	0.1657866642	0.2698074851	-0.0665129846	0.6269102906	-0.0619969642	-0.0788003658	-0.2424604998	-0.0113989245	0.1713829158	0.054568602	0.0486297169	-0.0939576575	-0.0855471843	-0.0506614382	0.0330462789	-0.0967585174	-0.1755812968	-0.3505552214	0.0052528121	-0.5017278757	0.3876458099	0.1458183625	0.0844076289	0.1347941608	-0.1276200475	0.085607458	-0.183443835	0.012482302	0.1464546815	-0.0502558459	-0.3960587648	-0.0318338579	0.0383815983	0.0241741879	0.154614744	-0.1707751017	0.0742633268	0.0399165927	0.1110014024	-0.0978048049	-0.1318872767	0.0734003241	-0.0080831215000358	0.0124914310983115	0.0001560358508838	6.533685318434099e-05	-0.0486017160064449	0.0664619050622406	0.0023621267987711	0.0044171848245022	0.0555379596976024	-0.0278993870898318	0.0030844649673725	0.0007783757999882	0.0025530100960321	0.0019691947888879	6.517860550441832e-06	3.877728116583261e-06	0.0007417642439775	0.0009487869680664	9.001967107726319e-07	5.502141936435122e-07	-0.0013609468857984	0.0004279926072032	1.831776718205928e-07	1.852176425964363e-06	0.0	0.0	0.0	0.0	0.0	1.0	0.0
1136.6736846170477	-1.5943402904044888	2.5419209616070697	1292027.0653008956	1532.0126948886448	-7.305674828423434	53.37288469865978	2347062.897299968	1101.1686386333895	1.3265425959241384	1.7597152588011518	1212572.3707097124	1244.4927587525024	1096.1600337492353	1.656282	33.761475	0.2097132872461111	0.098038125650385	0.0437786823	-0.0969137137	-0.0761195408	0.1042933885	-0.1996404037	0.0076288085	-0.0035018199	0.0106308807	0.0631167971	0.2959709193	0.0441650547	-0.0018765686	0.0317440294	0.0448534993	-0.2909834978	0.1237347425	-0.1072655569	-0.1844423031	-0.2423116642	0.3021135108	-0.2259222114	0.1757808411	0.1532247389	0.0516183559	0.0181899734	-0.2651204406	-0.0073951332	-0.0059099208	-0.0789760713	0.2310392886	0.0926829068	0.0091311148	-0.1878204514	-0.0403310498	-0.198815062	0.0022925424	-0.0105992937	-0.0622213528	0.285742138	0.2172578361	0.0519753677	0.0300895838	-0.1324983248	-0.2256801992	-0.0260919237	0.1296077601	0.1558577011	-0.1730767663	0.1396250254	-0.0714258034	-0.0479182621	-0.3039178975	0.070886993	0.228240889	0.0951779746	0.1176098776	0.0615481295	-0.0884905224	0.0292043383	-0.2648047359	-0.1240213359	-0.2607492295	-0.0475030787	-0.0955356404	0.1413132535	0.1705304234	-0.003623849	0.1392748853	-0.1888035974	-0.041024348	-0.0687871605	-0.1326259855	0.0031815998	0.1895515612	0.1853310454	-0.0102211671	0.2135566485	0.0903300994	-0.1692708962	0.2465652395	-0.2456857951	-0.2753621587	0.1639897032	-0.1346915149	0.0831471893	-0.0353185931498956	-0.0272354716498598	0.0007417709159903	0.0012474030220878	-0.0821171854802145	-0.0335154694737696	0.0067432321511919	0.0011232866940471	0.1333404473913191	0.0778024876937167	0.0177796749105171	0.0060532270913309	0.0035486014295411	0.000995591333509	1.2592572105741135e-05	9.91202103358229e-07	0.0006839328992842	-5.78313446933e-05	3.344464429035277e-09	4.677642107232917e-07	-0.0017307213761714	-0.000369774490373	1.367331737306119e-07	2.9953964819366245e-06	0.0	0.0	0.0	0.0	0.0	0.0	1.0
1142.073433968376	5.39974935132841	29.157293057171582	1304331.7285763186	1553.5553335401746	21.54263865152984	464.08528007038745	2413534.174371124	1101.0712024707511	-0.0974361626383597	0.0094938057896888	1212357.792910386	1248.0830537158122	1101.1697349993635	1.300204	26.503223	0.1004781571610037	0.061958516254981	0.2411121446	-0.0983233279	0.0166255969	0.1163330543	-0.0244511397	-0.0101151913	0.0192912074	-0.3676156103	0.0735968518	0.0068681044	0.0808900996	-0.0329127007	-0.023680037	0.1047662275	-0.0575365586	0.0188038607	-0.0428654711	0.1144993036	-0.1677587259	-0.090073366	0.0344514948	0.0041016121	0.1380807803	-0.1704206585	0.2141897605	0.0273836766	-0.0251781882	0.1113172554	-0.0547094144	-0.0036269162	0.1389996321	0.0937757518	0.2342099031	0.0079434641	-0.0178605736	-0.0962555534	0.0700294631	-0.0160538084	-0.2098729252	0.2658632398	-0.0676063973	-0.0237029072	-0.1055712608	0.0176669339	0.1851691497	-0.053290446	-0.0312823014	-0.0655158875	0.1850402867	-0.0588596801	-0.0876353199	-0.2098770703	-0.0911257757	-0.2146022647	0.160726827	0.136890357	0.0073744488	0.3562898315	-0.1576863936	-0.2162800984	-0.0429921378	-0.0451902634	-0.0203238202	-0.1848010646	0.1326882225	-0.02507035	0.0996230556	0.0512717216	-0.0186415785	-0.2069768394	0.1147181296	-0.1883291674	-0.0737161646	0.2074657376	0.1070215482	0.0732279479	0.0205746826	0.071946638	0.0641274962	0.1621441191	0.1015084088	0.0023938906	0.1608146678	-0.1373117808	0.0924399334	-0.0224761860557691	0.0128424070941264	0.0001649274199712	0.0005051789396135	-0.067275251505535	0.0148419339746795	0.0045259594651329	0.0002202830041087	0.1243278729955363	-0.0090125743957827	0.0154574200035942	8.122649723951954e-05	0.0024269837086686	-0.0011216177208724	5.890249922142792e-06	1.258026311775221e-06	0.0005488786341258	-0.0001350542651584	1.823965453747542e-08	3.012677549998038e-07	-0.0017496742240688	-1.895284789740011e-05	3.592104434219837e-10	3.0613598903707578e-06	0.0	0.0	0.0	0.0	0.0	0.0	0.0
1139.8054978039147	-2.267936164461389	5.143534446071837	1299156.5728240295	1538.334496307373	-15.220837232801614	231.6738860674399	2366473.022529259	1100.5262454178533	-0.5449570528978711	0.2969781895031331	1211158.016853517	1247.1105281683847	1108.2817936017818	1.219909	24.866497	0.0859587070595619	0.0553674214381259	0.0971280185	-0.1810524757	-0.1105505836	-0.046622713	-0.018074914	-0.1214063867	0.2401404647	-0.0971584326	0.3946435466	-0.0104745223	-0.0481138551	0.1786094524	-0.0887825518	-0.1052652153	0.1722431095	0.2224376468	0.1022847398	-0.0049695685	-0.1812585732	-0.0849735857	0.0581322913	-0.1094993905	0.1491974639	0.0251990953	0.0608553183	-0.0803592957	-0.117051522	-0.1349129631	-0.0512540946	-0.1165803706	0.0934041331	-0.0289414237	-0.0901164647	-0.2410280118	0.0053774	-0.0382942875	0.0755577953	-0.1842304649	-0.03978519	0.0797165542	-0.1880165973	-0.0451045725	0.2688067535	-0.0313314452	0.1914318097	0.0301312966	0.0014272537	-0.0516267475	0.0393002009	0.3103510639	0.2664439075	-0.0943695678	-0.1138449576	-0.0346986282	0.1046638482	-0.037131931	-0.0955198626	-0.0629651352	-0.0873271553	-0.157359972	-0.0292042825	0.0266922762	0.0520171093	-0.1274031446	0.0363115447	0.0069717901	0.1936822515	0.1672946677	-0.0263662505	-0.2026739241	0.1724952657	0.0128425609	0.044313912	0.0704717859	0.0108565881	0.0576368909	-0.1282457076	0.0693613426	0.164417242	0.0224116538	0.2845052575	0.0010964209	-0.0785466703	-0.1397444952	0.1012278027	-0.0288016577017202	-0.0063254716459511	4.001159154373133e-05	0.000829535486367	-0.0729932857198605	-0.0057180342143254	0.0053280197601811	3.269591527619702e-05	0.116479509049526	-0.0078483639460102	0.0135674760284186	6.159681662903429e-05	0.0013930606810446	-0.001033923027624	1.940618061072445e-06	1.0689968270511789e-06	0.0005500825441584	1.203910032600026e-06	1.4493993665949953e-12	3.025908053877781e-07	-0.0020358840314777	-0.0002862098074089	8.19160538570397e-08	4.144823789625893e-06	0.0	0.0	0.0	0.0	0.0	0.0	0.0
1134.0960959310746	-5.70940187284009	32.59726974558993	1286173.9548061052	1529.511139594184	-8.823356713189014	77.85162368817764	2339404.3261426995	1098.315162395609	-2.2110830222443383	4.888888131257157	1206296.1959480927	1243.7401330728896	1095.5637819163994	0.98842	20.147842	0.1105117390727211	0.054848956130157	-0.053032439	-0.2255374907	-0.0824959835	-0.0842194497	-0.0741385494	-0.0507175521	0.1390682236	0.039950101	0.3108856447	-0.0252091453	0.0124793557	0.0844237316	-0.0475206216	-0.0359690613	0.0290482569	0.1595553541	-0.1238591821	0.13218341	-0.0874703745	-0.0636900407	-0.0074474617	0.0102770873	0.0971187713	0.0563092628	0.1129457612	-0.1589601263	-0.0831806171	0.0713892883	-0.0926788152	0.120854024	-0.0832447288	-0.1123805398	0.0514358801	-0.093684769	0.2348312493	0.0476560169	0.0432339635	0.0604700562	-0.0268665158	-0.0133873754	-0.1176422008	-0.1598901508	0.243717721	-0.0974996615	-0.013285076	0.0717881708	0.0034707625	-0.0881686334	-0.0260567264	0.1484796676	0.2146728703	-0.2371981926	0.0008971961	0.0524872241	-0.0692127292	-0.0816578456	0.041697583	0.1180459465	-0.0337879699	-0.1072376734	-0.0359924245	0.0679730553	0.1060646651	-0.0245828619	-0.0210075778	0.009817267	0.1334662326	0.2224834534	-0.0800160227	-0.0869696734	0.1247480311	0.1354127529	0.1108623514	0.0427110691	-0.0764231831	0.0533460879	0.0126603053	0.1288494404	0.1037678946	-0.1023531902	0.09813849	-0.090611486	-0.2216959349	-0.1419863355	0.1094628008	-0.0113381121714013	0.0174635455303189	0.0003049754224895	0.0001285527876112	-0.1147807382911594	-0.0417874525712989	0.0131746178826636	0.0017461911923985	0.1335802099072793	0.0171007008577533	0.0178436724788728	0.0002924339698263	0.0009171196660098	-0.0004759410150348	8.411084817819272e-07	2.2651984979235573e-07	0.0005509727040742	8.901599158000302e-07	7.923846756971168e-13	3.03570920634836e-07	-0.0022422536587941	-0.0002063696273163	4.258842307870977e-08	5.027701470375528e-06	0.0	0.0	0.0	0.0	0.0	0.0	0.0
1134.4490653334944	0.3529694024198306	0.1245873990446123	1286974.681836039	1524.4634813096789	-5.0476582845051325	25.4788541571333	2323988.905846826	1099.2494603048992	0.934297909290308	0.8729125833042404	1208349.375980612	1241.8854414294049	1089.956641186072	1.19169	24.291286	0.1090904416946534	0.0527989392450705	-0.1344122791	-0.1004793531	-0.0375974123	0.1692676549	-0.0393611307	0.1196156815	-0.0493041176	0.057692628	0.0251535976	0.1600977606	0.1851555017	-0.0806870119	0.3039721661	0.069768697	0.1258954999	0.022930943	0.0731935151	0.1829673489	-0.0216691053	0.075442038	-0.1051588333	0.1758611807	-0.0891022673	-0.0507757393	0.056475482	-0.0023759137	-0.045138181	0.0569856172	-0.1026798631	-0.2704905359	-0.0343996346	0.0344255258	0.0316011578	0.0530862272	-0.1370835408	-0.042970369	0.0011777202	-0.1661329404	0.0899831518	0.0154492131	0.196071239	-0.0395150718	-0.1313845077	-0.0673514185	0.0006453672	0.069854309	-0.0248436774	-0.1067188284	0.0404675227	0.2094823571	0.0352671883	0.0489540904	-0.0002748658	-0.1272916652	0.0326727944	-0.0110874937	-0.032722776	-0.1457020263	-0.0810066063	-0.0752090733	0.024845412	-0.0246306148	0.0527661143	0.0436627397	0.0413957609	0.0199036294	-0.1628636432	0.1205281225	-0.0236708748	0.0167684608	0.0468376311	-0.0365620381	0.0845933571	0.1594949493	-0.3101040326	0.0781313168	0.0284729526	0.0440580846	0.0037125291	0.0565698768	0.0698260446	0.0366626705	-0.0760055345	-0.1440342395	0.1170999511	-0.0214810376884457	-0.0101429255170444	0.0001028789380443	0.0004614349801724	-0.1388567990445324	-0.024076060753373	0.0192812106408936	0.0005796567014001	0.1484392202994513	0.0148590103921719	0.022034202123109	0.0002207901898346	0.0003359711305486	-0.0005811485354612	1.1287660056210443e-07	3.377336202686977e-07	-2.687007510338013e-05	-0.0005778427791775	3.339022774476697e-07	7.220009360612888e-10	-0.0022009960727916	4.125758600249984e-05	1.7021884027536702e-09	4.844383712444047e-06	0.0	0.0	0.0	0.0	0.0	0.0	0.0
1137.7780700179626	3.3290046844681456	11.082272189210858	1294538.9366137998	1530.9582682291666	6.494786919487751	42.18225712954919	2343833.219059249	1098.8820530182036	-0.3674072866956521	0.1349881143170611	1207541.766445502	1243.5340358334254	1088.1659028910478	1.200163	24.463987	0.133921023010351	0.0641284293891206	0.0400382607	-0.0388977271	0.1188411	0.1455560953	0.1067556479	0.0121275537	-0.0058855703	0.0322144245	-0.0934251578	0.0143279686	0.1251924424	0.018451416	-0.0496735909	0.1124506664	-0.0665889525	-0.0197272352	0.1411707186	0.0017493897	-0.0454771525	0.0350718615	-0.067268776	0.1797477046	-0.0206514676	0.1324901132	0.026310843	0.0889627548	0.121851148	-0.0610414245	0.0405858416	-0.0080276811	0.154294099	-0.0691247786	0.0599015677	-0.0065002445	-0.0130204011	-0.0093814328	-0.0267858476	-0.0422236244	-0.0022566359	0.0532695367	0.0990316462	0.1534098268	-0.0097430554	-0.1483589598	0.0918454707	-0.0846756801	-0.0873748596	0.0823618446	-0.0017868763	-0.0267331839	0.1407751943	0.1107128001	0.0253949288	-0.0166921867	-0.2123451776	0.1823986307	-0.0195502834	-0.0018538943	-0.0052068754	-0.0232099936	0.093632549	-0.0848738362	-0.007911487	-0.0205521555	0.1176672365	-0.0396281242	-0.0813687345	-0.0750136033	0.1044756334	0.0086993502	-0.0052648184	0.0277478468	0.0522259054	0.022429867	-0.2161973539	0.1367204959	-0.1410562722	0.0773238816	0.1700220964	-0.0100338748	-0.0582542031	-0.0213417343	-0.1135346953	-0.1458854101	0.124097542	-0.0020225033890568	0.0194585342993889	0.0003786345570804	4.090519958746242e-06	-0.1465098870717014	-0.0076530880271689	0.0214651470097626	5.856975635159737e-05	0.1258999026414642	-0.0225393176579871	0.0158507854851301	0.0005080208404876	-0.000818759059964	-0.0011547301905126	6.703663982731329e-07	1.3334018128812654e-06	-0.0002019544906743	-0.0001750844155709	3.065455257581057e-08	4.0785616303515935e-08	-0.0025565831272242	-0.0003555870544325	1.2644215328005253e-07	6.536117286407469e-06	0.0	0.0	0.0	0.0	0.0	0.0	0.0
1136.414628508866	-1.363441509096674	1.858972748727816	1291438.2078889438	1529.5886966281466	-1.3695716010199703	1.8757263703204048	2339641.5808525924	1100.3697215113148	1.4876684931111868	2.2131575453957093	1210813.5240188884	1246.4323279052328	1079.8858320332686	1.074635	21.905252	0.0805695515891769	0.0383940801260789	0.048305816	-0.0600636013	0.1115730445	-0.022806995	0.0038399093	0.0323062497	0.1811941441	-0.0290849563	0.0774941685	0.0443905883	0.0502831868	0.0851592798	0.1302109641	-0.0231723289	0.1583507266	-0.1501145427	0.0203110158	-0.1160370407	-0.0280698268	0.1287017249	0.0201392148	-0.0853362582	-0.0323257617	-0.045849094	0.0168838797	0.1914235161	0.0193432172	-0.0076132614	0.2281461301	0.0460067125	0.0289722849	-0.04211559	-0.0690857516	0.0760147824	0.1427672803	-0.0868682435	0.0991721457	-0.1747212079	0.0149833574	0.0939446612	-0.0373707226	0.1320698484	0.0193982363	0.1239909748	-0.0543528866	-0.0153793427	-0.0435803287	0.0445621987	0.074179388	0.0446016484	-0.0079297114	0.136433277	0.1791920512	0.0238180112	0.1210589285	0.017393563	-0.008533921	0.1506848559	-0.0145015711	-0.0214999766	0.105890441	-0.1000514962	-0.0098021868	-0.0709305174	0.0290491837	0.0069586396	0.0647761562	-0.0420798503	0.106269522	-0.0018925201	0.0594002275	0.0646651944	0.0578363698	-0.0379519591	-0.1715092685	0.0840975789	-0.2119215488	-0.102703688	0.1349352511	0.0423977153	-0.138086643	-0.0334462751	0.0891119319	-0.1475373187	0.1304173552	-0.0021905234179939	-0.0001680200289371	2.8230730124023983e-08	4.798392844779679e-06	-0.1241432896271561	0.0223665974445453	0.0154115563594519	0.0005002646812463	0.1171843166600297	-0.0087155859814345	0.0137321640710781	7.59614389997776e-05	-0.0004799421871478	0.0003388168728162	2.303445030042139e-07	1.1479687330494905e-07	5.401931930260062e-05	0.0002559738099769	6.552259139409041e-08	2.9180868579163203e-09	-0.0021649868473321	0.000391596279892	1.5334764642533168e-07	4.687168049120986e-06	0.0	0.0	0.0	0.0	0.0	0.0	0.0
1135.5502139167495	-0.8644145921164181	0.7472125870637936	1289474.2883263757	1530.884986707899	1.2962900797524526	1.68036797086462	2343608.842527644	1100.9928324281288	0.6231109168140847	0.3882672146528892	1212185.2170581138	1244.7817880944683	1088.6108327524207	1.041813	21.236195	0.2664601134160176	0.1315660748627467	0.0677046009	-0.0591346735	-0.0223404178	-0.1035947696	-0.061579832	-0.0639575043	0.0666031669	-0.0433790042	0.1410580357	-0.0727589023	-0.0378921263	-0.0733249345	0.0168169592	-0.1139851204	0.0207308203	-0.0644308027	0.0816141752	0.0308784999	-0.0929834627	0.0434918727	0.1936798359	-0.27996166	-0.2141390947	0.1065372061	-0.1561782046	0.0877520385	0.0960397943	0.0599319178	-0.222471204	0.0498236359	-0.1367570717	-0.1433632113	-0.1338804026	-0.0534896174	0.1031948183	0.0051249975	-0.1307229382	-0.0195167218	-0.0055437113	0.0361103662	-0.1278987512	-0.063754472	0.0471337533	0.1388260644	-0.2075766968	0.0036063467	-0.0740373042	-0.0878354038	0.1370893704	0.1142179241	0.1956257916	0.0965443195	-0.041659039	0.1019770376	-0.0245550771	-0.3687138894	-0.1035259765	-0.1693961133	0.0119859686	0.0225409595	0.1698901229	0.0534446603	0.035193768	-0.1138037123	0.0291018777	0.1084850303	0.1497183744	-0.1203089491	0.0271977735	0.0130946282	-0.0445228454	0.1202942155	0.1039201228	-0.0189270103	-0.156335294	0.0885261762	0.0127817181	-0.0118963883	-0.0595231323	0.0661064241	0.003782533	-0.0619010386	-0.0338067386	-0.1489877092	0.136024874	0.0102899980570327	0.0124805214750266	0.0001557634162886	0.0001058840600137	-0.1871987083410715	-0.0630554187139154	0.0350433564045655	0.0039759858291871	0.1583554077858053	0.0411710911257756	0.0250764351750086	0.0016950587444869	-0.0023048252851725	-0.0018248830980247	5.3122195951704965e-06	3.3301983214562272e-06	-0.0006159305000128	-0.0006699498193154	4.48832760400738e-07	3.793703808460179e-07	-0.002665215572018	-0.0005002287246859	2.502287770008819e-07	7.103374045327235e-06	0.0	0.0	0.0	0.0	0.0	0.0	0.0
1137.473338841723	1.923124924973536	3.698409477054467	1293845.5965757372	1529.4818264431424	-1.403160264756707	1.968858728592112	2339314.6574198506	1099.205241987858	-1.787590440270833	3.1954795821476702	1208252.1640135855	1244.7623175241783	1098.5003637914992	1.076177	21.93668	0.0887758922344171	0.048774524307779	0.0935622117	0.0715557372	-0.1660587377	-0.0070166541	0.0348410864	0.0422363337	-0.1053581762	-0.0338162268	-0.053745232	0.1115598338	-0.0806559592	-0.2124423333	-0.0476067512	0.0326240125	0.0589990315	-0.047340685	0.1367898475	-0.0230729895	-0.0051309419	0.0382361832	-0.1810369374	-0.0074338816	0.0489725285	-0.0229047117	-0.222007297	0.1533539823	0.0590113935	0.2254230129	0.0746086914	0.2288457008	0.0881987095	0.0510727368	0.1732999952	-0.047858094	-0.2375626045	0.1158832949	0.0155746072	-0.0449809183	0.0563873129	0.0234332733	-0.044301017	-0.125972843	-0.1583756957	0.0391537665	0.0780202819	-0.0410193544	-0.1999289808	0.0306721534	0.1101405029	-0.2662708492	-0.0345718635	0.1545793276	0.1192419102	-0.0243116033	0.0154783002	-0.0683779273	-0.2093083642	0.034983004	0.1294124165	0.024604818	0.1688613039	0.1125050296	-0.0659531388	-0.0621985256	0.0037455595	0.1670531195	-0.0319528286	-0.0606177809	0.0068279228	0.0908648884	-0.064511899	-0.0406714136	-0.0087005968	-0.0119915946	0.0126832197	0.0999796761	-0.075473934	-0.1453760553	0.1056965949	0.1808229833	-0.0225983328	0.2182356983	-0.0474401896	-0.1502346003	0.1408894722	0.0046803383765876	-0.0056096596804451	3.146828173041142e-05	2.1905567319358647e-05	-0.1608980225800422	0.0263006857610292	0.0258881736701677	0.0006917260715004	0.1368353226059326	-0.0215200851798727	0.0187239055126696	0.0004631140661489	-0.0017038916993009	0.0006009335858716	2.903246922946509e-06	3.611211746284997e-07	-0.0006757711692493	-5.984066923650001e-05	3.580905694672198e-09	4.5666667318856613e-07	-0.0026190805948647	4.613497715330031e-05	2.128436116935541e-09	6.85958316239683e-06	0.0	0.0	0.0	0.0	0.0	0.0	0.0
1137.5649210689314	0.0915822272083914	0.0083873043404494	1294053.9496465642	1534.8126407199436	5.33081427680122	28.41758085374772	2355649.842113727	1101.1259083113646	1.9206663235065664	3.6889591262522297	1212478.2659545278	1244.8243044632643	1097.65913352521	1.212367	24.712749	0.1767206461695054	0.0936021085618948	0.0176507184	0.2076998457	-0.0309046597	0.1043142569	0.020819843	-0.1730712814	0.0792618634	-0.0229538089	-0.0948276518	0.0446023413	-0.0951244451	0.0370007085	0.0139381392	0.0222800389	0.0233999582	-0.0637968901	-0.051474587	0.1065361919	-0.0056535042	-0.0684781581	-0.0090702823	0.009861775	0.0046386476	0.067592251	0.0507259561	-0.072523835	0.0127058268	-0.1379343261	-0.0281591572	-0.0486301129	-0.103071612	0.2143137907	-0.1435614979	0.1521833447	0.1190758109	-0.1260157832	0.1366700646	-0.135138904	0.0480695065	-0.0099880447	0.0161076352	-0.0098381639	-0.0266588792	0.0933655872	0.0274416584	-0.0033828448	-0.1187977899	-0.1141203485	-0.0557462899	0.0318254827	-0.1181044075	-0.1692009844	0.032078266	0.15917579	-0.2560370145	0.0548654614	-0.0958355928	-0.0383734644	-0.1912417423	0.0416000739	0.1090404235	-0.0400549349	-0.0514450504	-0.0378886824	0.0146796954	0.1764092674	-0.1337303448	-0.0093440866	0.1411795473	-0.1161646358	0.0970488033	-0.027904323	-0.220493878	0.1260425862	0.1622097951	-0.0630871677	-0.1178158299	-0.1935872329	-0.2114430641	-0.0833277098	-0.1116655903	0.1600218998	0.0709736547	-0.151276289	0.1449845808	0.0048227122443904	0.0001423738678028	2.0270318233129293e-08	2.325855339219309e-05	-0.1371330782036608	0.0237649443763814	0.0188054811376113	0.0005647725812125	0.1636714363521179	0.0268361137461853	0.0267883390775653	0.0007201770009981	9.811514047819696e-06	0.0017137032133487	9.626580791056323e-11	2.936778703441728e-06	-0.0001620117817224	0.0005137593875269	2.639487082720154e-07	2.6247817416866582e-08	-0.0023269989121576	0.000292081682707	8.531170937301084e-08	5.414923937182655e-06	0.0	0.0	0.0	0.0	0.0	0.0	0.0
1137.086832456624	-0.4780886123073742	0.2285687212179907	1292966.4645462383	1536.8989371405708	2.08629642062715	4.3526327547216574	2362058.342983816	1100.3706893545066	-0.7552189568580161	0.5703556727977099	1210815.653990512	1242.091770673552	1096.1614773375516	1.403313	28.604973	0.332450562594676	0.1929589520700171	0.1236530227	0.1473649211	0.0329959441	0.08763957	0.1323648216	-0.0776886565	-0.1105563775	-0.1195159301	-0.0702253577	-0.2787527513	0.0675018257	-0.1218066287	-0.2813411301	-0.0212901452	0.1337183045	0.1573518775	-0.1396435778	0.0349632943	0.0016718584	-0.2555493152	-0.0019315549	-0.1099859942	0.0696566204	-0.0580927828	0.1094276926	0.0547007692	0.1781939279	0.0229356651	0.0566730737	-0.0235604053	-0.0765878937	-0.17671858	0.0041800813	-0.1164438623	-0.1739916378	0.2391640793	0.0838378424	0.0753982717	-0.3674839048	-0.0151740243	0.0321649738	-0.1327401145	0.145398249	-0.0554637336	0.18890566	0.0143701917	-0.1971070435	-0.0599510048	-0.0446244716	-0.2246030092	-0.0827982749	-0.0167515066	-0.03973511	-0.0218019739	0.0924082111	-0.058508293	0.0592425853	-0.1895801419	0.1124574874	0.0892477158	0.0734030037	0.3460016517	0.1707492784	-0.0523363818	0.1824687808	-0.0461346419	-0.1477293761	-0.2176325474	-0.0991040459	-0.0701565891	0.0575252533	-0.0820749725	-0.0272776727	-0.0925013659	0.2676774807	0.004268838	0.2352327658	0.0338473559	0.0761235295	-0.0305756239	0.1432965027	0.235961428	-0.0825270836	-0.1521113526	0.148287834	0.0030510486170385	-0.0017716636273519	3.1387920084816925e-06	9.308897663532544e-06	-0.2389069241652919	-0.1017738459616311	0.0570765184141205	0.0103579157218218	0.2410650078072649	0.077393571455147	0.0581123379891166	0.0059897649025829	-0.0025590618061254	-0.0025688733201732	6.548797327569794e-06	6.5991101350977816e-06	-0.0004422917649553	-0.0002802799832328	7.85568690010347e-08	1.9562200534727434e-07	-0.0025080752397624	-0.0001810763276047	3.2788636418840746e-08	6.29044140830922e-06	0.0	0.0	0.0	0.0	0.0	0.0	0.0
1137.0688860750718	-0.0179463815522922	0.0003220726108204	1292925.6516800046	1538.7045381334092	1.805600992838436	3.260194945339144	2367611.655672348	1101.0150296817271	0.6443403272205614	0.4151744572827002	1212234.0955850545	1246.3023505440965	1100.9598319502657	1.213656	24.73904	0.3387897909299729	0.2076501056572864	0.1491514061	0.0160544002	-0.0562445569	-0.1162624623	0.018545731	-0.1065374431	-0.0785688531	-0.0735242272	-0.0072566085	-0.0237421997	-0.0983474042	-0.0301813022	0.1488212876	-0.0209854362	-0.1248078256	0.0594006845	-0.1375175097	0.1002122794	-0.0066437468	-0.1136619159	-0.1906053061	-0.0810468088	-0.0184271753	0.105867491	0.0672195592	0.0705299112	-0.2045577724	0.1608878519	0.0737547532	-0.0730643752	-0.0753916673	0.0306459505	-0.1230947745	0.1725573022	0.0293684429	0.0583235674	-0.1383286329	0.1057676481	-0.0357578139	-0.0230783714	-0.1136919343	-0.0101087512	0.0132325657	-0.1827772586	-0.1703861921	0.0056118035	-0.0960567472	-0.1614275017	-0.1549114385	0.076422081	-0.1988973608	0.1196873451	0.0823567632	0.1590344359	-0.0235165096	0.0394046729	0.1223172758	0.0979051921	0.0075132891	0.0125049376	0.0261640958	0.1818787325	0.0931566634	-0.0638508328	0.0639831727	-0.072913835	0.0082578493	0.1026200805	0.0667517385	0.096297614	0.0576952674	0.1945549997	-0.0235678149	-0.0159885326	0.0621387107	-0.1183455265	0.092990195	-0.027725621	-0.2164296163	-0.1417365436	-0.0327080358	0.0523228953	-0.0223674602	-0.1527386503	0.1507811905	0.0042611424555616	0.001210093838523	1.4643270980315697e-06	1.815733502658954e-05	-0.1803986595571984	0.0585082646080935	0.0325436763700339	0.0034232170274506	0.1534689938418836	-0.0875960139653813	0.0235527320708401	0.0076730616626232	0.0005262880447922	0.0030853498509176	2.769791060911967e-07	9.519383702557256e-06	0.0002358574898486	0.0006781492548039	4.59886411791085e-07	5.5628755517682456e-08	-0.0024420659751244	6.6009264638e-05	4.357223018049517e-09	5.963686226860286e-06	0.0	0.0	0.0	0.0	0.0	0.0	0.0
1134.7876265612815	-2.2812595137902463	5.204144969258511	1287742.9573965864	1522.6313162909614	-16.073221842447765	258.3484603965399	2318406.125349946	1099.9194119458127	-1.095617735914402	1.2003782232502007	1209822.7127752225	1245.2083923035177	1100.4786843474274	1.223145	24.932463	0.0467165495086214	0.0299749908300073	-0.0952715169	0.063337321	-0.1692534008	-0.0269327983	0.0408470619	-0.032925026	0.0577583578	0.1430926678	-0.0973341884	0.0761410983	-0.1802044625	0.0474630337	-0.0384438747	0.1348349054	0.0928661689	-0.0207386938	-0.2414091801	0.2285042603	0.0293520482	0.0715293194	-0.0540843581	-0.0798224447	-0.0909324875	-0.0488290962	-0.0679490268	0.0430638794	-0.0108025338	-0.0557859177	0.0576205176	-0.0565949409	-0.069110607	0.0867673011	-0.1560845294	-0.2211846041	-0.0549246151	0.1137987159	-0.0954671036	0.1469618131	0.1286302573	-0.0875070407	-0.0261822396	0.0530191297	0.0273263525	-0.0573611906	0.0046941302	-0.1115989324	-0.0987229116	0.0855955421	-0.0717488446	0.1460796322	-0.1829536877	-0.0386682051	0.2937802419	-0.0777927015	0.029150633	-0.0550767322	-0.0755345619	0.0105046969	0.0894455239	0.0193655897	0.0475774694	0.0411750494	0.114939826	0.0717768453	0.0341867027	0.0620592251	-0.1403865088	0.1354526998	0.0867981405	0.1318551298	0.1076239788	0.1739974425	0.0023675145	-0.1059540576	0.0800336646	-0.1306298498	-0.0263558881	-0.063860636	-0.0054010845	-0.1470466298	-0.090338609	0.0395206366	0.2300934896	-0.1531573254	0.1524510324	-0.0058664548811577	-0.0101275973367193	0.0001025682278147	3.4415292872659e-05	-0.1780740392436115	0.0023246203135868	0.0317103634525352	5.403859602340756e-06	0.1791985875329089	0.0257295936910253	0.0321121337737896	0.0006620119915052	0.0003877848805133	-0.0001385031642789	1.5037711355471434e-07	1.918312651526796e-08	0.00023603352522	1.7603537139998862e-07	3.0988451983931935e-14	5.571182502778037e-08	-0.0024100504114289	3.201556369549982e-05	1.0249963187406062e-09	5.808342985628611e-06	0.0	0.0	0.0	0.0	0.0	0.0	0.0
1132.3904467290952	-2.397179832186339	5.746471147840924	1282308.1238433197	1529.263798183865	6.63248189290357	43.98981605969372	2338647.764435741	1099.489476997864	-0.4299349479488228	0.1848440594677569	1208877.1100290364	1244.9881855842475	1086.0911528887916	1.196895	24.397385	0.0754250107322164	0.0378779638574596	-0.1183367681	0.1006524605	0.1170991728	0.0293155068	-0.1556174812	-0.0598142192	-0.1027553599	0.1342533033	-0.0988412105	0.0437792634	0.101040923	0.0622754145	-0.1033478012	-0.1402065853	-0.223047961	0.0256969312	-0.0346962761	0.1167226345	0.0061523672	0.0439181627	0.0032858509	0.0158190926	-0.1952282757	0.1980566043	-0.0664110949	0.0126370528	-0.0236898982	-0.0135236468	0.1581221856	0.0394706804	-0.1441781634	0.0103666769	0.1635607438	0.1198476555	0.1103983648	-0.0148399509	0.0349462441	0.173829254	0.1366943669	-0.0249971324	0.1620442047	0.0703452578	0.0907949885	0.0059683259	-0.1320575013	-0.1224042404	-0.0295345852	-0.0619879052	-0.045192626	-0.0674900428	-0.0064330273	0.0837319196	0.0847235155	-0.0504900441	-0.0663757178	-0.0163805642	0.0751522034	0.1610355779	0.0107911585	0.0069535876	0.0901222955	-0.0411049488	0.0784423086	0.1244409802	0.042564729	0.0020478681	-0.1583306547	-0.0699230402	0.1078738417	0.0533707157	0.0381193403	0.2724027956	0.0623119136	-0.1604548871	0.0114616161	-0.0708295554	0.0968221937	-0.0629616215	0.0142680821	-0.0290785822	-0.1542655853	-0.165425466	0.148244629	-0.153366806	0.1532882396	0.0012787258468307	0.0071451807279884	5.105360763561684e-05	1.635139791352891e-06	-0.1907060391854287	-0.0126319999418171	0.0363687933817942	0.00015956742253	0.1580851669607881	-0.0211134205721208	0.0249909200130202	0.0004457765282552	-0.0002711885154525	-0.0006589733959658	7.354321091333084e-08	4.342459365906991e-07	0.0002578289415282	2.1795416308200007e-05	4.750401720477507e-10	6.647576308955198e-08	-0.0024199697889607	-9.91937753179982e-06	9.839405061837508e-11	5.856253779482494e-06	0.0	0.0	0.0	0.0	0.0	0.0	0.0
