#!ascii label  , from subject sub-v2s4x29612_ses-1 vox2ras=TkReg
2456
35992  9.982  -28.975  94.035 0.1111110002
108001  9.169  -29.243  94.184 0.1111110002
35999  8.185  -29.580  94.261 0.2222220004
35276  7.387  -29.968  93.617 0.4444440007
38428  12.353  -26.526  94.137 0.1111110002
36723  11.393  -27.765  94.105 0.1111110002
36727  11.168  -28.445  93.694 0.1111110002
38427  12.902  -26.053  93.689 0.1111110002
37493  12.039  -27.308  93.706 0.1111110002
35998  10.603  -28.991  93.540 0.1111110002
38439  13.633  -25.784  92.346 0.2222220004
37492  12.666  -26.855  93.304 0.1111110002
35275  8.818  -29.667  93.560 0.3333329856
108959  8.014  -29.803  93.154 0.4444440007
35283  7.190  -29.717  92.457 0.4444440007
35284  6.716  -30.097  92.693 0.4444440007
126074  5.996  -29.357  91.592 0.2222220004
36003  10.553  -29.378  92.762 0.1111110002
38453  13.803  -26.028  91.370 0.2222220004
38440  13.083  -26.265  92.805 0.2222220004
37503  12.384  -27.692  92.884 0.2222220004
35997  11.236  -28.816  93.016 0.1111110002
128661  9.763  -29.596  93.240 0.2222220004
38467  14.025  -25.906  90.411 0.2222220004
38454  13.294  -26.504  91.958 0.2222220004
37519  12.966  -27.204  91.543 0.2222220004
35282  8.824  -29.791  92.704 0.4444440007
38475  14.376  -25.783  89.532 0.2222220004
36005  7.003  -28.637  91.674 0.4444440007
110637  6.214  -29.310  91.743 0.3333329856
34586  5.850  -29.674  91.616 0.2222220004
35290  5.636  -29.355  91.093 0.3333329856
35296  5.331  -29.734  89.983 0.2222220004
128203  10.068  -29.608  92.558 0.4444440007
37518  13.376  -26.729  91.239 0.2222220004
36740  12.619  -27.904  90.992 0.2222220004
36731  11.847  -28.465  92.343 0.2222220004
36012  10.268  -29.498  91.912 0.4444440007
38487  14.769  -25.604  87.921 0.2222220004
38481  14.593  -25.774  88.581 0.2222220004
37535  13.051  -27.248  90.705 0.3333329856
36741  12.078  -28.387  90.390 0.3333329856
36020  11.333  -28.824  90.659 0.3333329856
35289  8.800  -29.551  91.903 0.5555559993
36015  7.542  -28.379  91.341 0.5555559993
114126  15.093  -25.074  87.553 0.2222220004
38482  14.274  -26.222  87.745 0.2222220004
37549  13.789  -26.618  89.647 0.2222220004
37567  13.298  -27.302  88.928 0.3333329856
36014  8.385  -29.004  91.336 0.5555559993
126199  14.907  -25.500  86.747 0.4444440007
110641  6.139  -28.369  91.389 0.4444440007
39398  15.428  -25.004  85.680 0.2222220004
36017  5.406  -28.603  90.660 0.4444440007
34597  5.631  -30.392  89.408 0.1111110002
109183  10.786  -29.067  91.318 0.4444440007
121886  10.083  -29.194  91.079 0.5555559993
36746  12.693  -27.921  90.093 0.3333329856
36021  10.392  -28.936  90.509 0.5555559993
36023  8.754  -28.704  90.794 0.5555559993
37566  13.937  -26.614  88.558 0.3333329856
111235  13.231  -27.286  88.098 0.2222220004
36752  12.678  -27.816  89.206 0.3333329856
36748  10.994  -28.270  89.031 0.5555559993
36028  10.695  -28.667  89.819 0.5555559993
36736  8.135  -28.099  90.934 0.6666669846
36758  11.678  -27.655  87.740 0.5555559993
36759  10.953  -27.312  87.499 0.6666669846
37520  7.957  -27.009  90.723 0.6666669846
36732  6.959  -27.345  91.396 0.6666669846
128468  6.019  -27.374  91.096 0.5555559993
40305  15.958  -24.477  85.343 0.3333329856
38501  14.053  -25.885  85.486 0.4444440007
36737  7.546  -27.480  91.137 0.7777780294
37505  6.512  -26.789  91.258 0.5555559993
35299  5.465  -29.564  89.076 0.1111110002
40322  15.865  -24.465  84.300 0.6666669846
39415  15.236  -24.925  84.651 0.3333329856
36024  5.149  -27.703  90.216 0.2222220004
36030  5.189  -28.236  89.046 0.2222220004
36029  9.958  -28.640  89.904 0.5555559993
36743  8.673  -27.964  90.205 0.5555559993
37551  10.150  -27.525  88.587 0.5555559993
126527  9.523  -27.192  89.023 0.5555559993
38495  13.560  -26.342  85.953 0.5555559993
37597  12.516  -26.937  86.653 0.6666669846
37582  11.475  -27.060  86.945 0.6666669846
37568  10.260  -26.888  87.847 0.5555559993
109301  9.086  -26.314  89.325 0.7777780294
111839  7.688  -26.141  91.038 0.6666669846
38502  13.086  -26.003  85.172 0.5555559993
38503  12.197  -25.801  85.118 0.7777780294
38496  11.126  -25.784  85.972 0.8888890147
37521  7.314  -26.658  91.197 0.6666669846
36738  5.384  -27.641  90.652 0.4444440007
40343  16.506  -23.823  83.039 0.6666669846
39416  14.292  -25.224  84.083 0.7777780294
38515  13.661  -25.643  84.598 0.7777780294
108095  5.162  -28.358  89.883 0.2222220004
37583  10.612  -26.711  87.168 0.7777780294
127889  9.751  -26.033  88.068 0.8888890147
38516  12.676  -25.481  84.453 0.8888890147
38504  11.462  -25.406  85.350 0.8888890147
38497  10.513  -25.328  86.552 0.8888890147
38490  10.091  -25.905  87.279 0.8888890147
39429  14.936  -24.717  83.532 0.6666669846
116737  13.843  -24.790  83.233 0.7777780294
39401  11.325  -24.410  85.319 0.8888890147
39388  10.981  -24.920  85.948 0.8888890147
126411  17.242  -23.440  82.860 0.6666669846
40333  14.986  -24.318  82.614 0.6666669846
119853  11.966  -23.519  84.407 0.8888890147
40323  11.769  -24.239  84.664 0.8888890147
40268  10.947  -23.348  86.672 0.7777780294
39440  13.637  -24.208  82.595 0.7777780294
39430  12.997  -24.385  83.185 0.8888890147
41180  17.450  -23.175  82.060 0.7777780294
40351  16.470  -23.406  81.971 0.7777780294
125499  14.955  -23.956  81.947 0.7777780294
41178  19.739  -23.163  82.782 0.7777780294
41196  18.270  -23.078  82.036 0.7777780294
40306  11.590  -23.482  85.162 0.8888890147
40286  11.242  -23.429  85.889 0.6666669846
40334  13.045  -23.515  82.757 0.8888890147
41150  12.211  -22.690  84.301 0.8888890147
41138  12.017  -22.542  85.161 0.7777780294
129954  11.565  -22.791  85.737 0.6666669846
128067  14.816  -23.086  81.186 0.7777780294
40354  13.931  -22.795  81.593 0.8888890147
41158  22.025  -23.577  82.957 0.5555559993
41159  21.219  -23.484  83.047 0.5555559993
116582  20.069  -22.986  81.826 0.7777780294
41194  19.432  -22.775  80.994 0.7777780294
41195  18.489  -22.851  81.215 0.7777780294
111759  16.976  -22.940  81.183 0.7777780294
41176  21.532  -23.453  82.289 0.6666669846
41193  20.425  -22.943  80.966 0.7777780294
114049  19.273  -22.525  80.219 0.7777780294
42079  28.195  -22.144  84.427 0.3333329856
42088  28.208  -22.131  83.505 0.4444440007
41181  13.557  -22.512  81.968 0.8888890147
114996  12.993  -21.902  83.126 0.8888890147
40342  22.917  -23.649  82.916 0.4444440007
40328  23.562  -23.744  83.660 0.3333329856
114223  15.622  -22.237  80.304 0.7777780294
41198  14.438  -22.513  81.153 0.8888890147
41199  13.885  -22.017  81.582 0.8888890147
42100  13.492  -21.709  82.345 0.8888890147
115081  18.626  -22.522  80.420 0.7777780294
42125  17.107  -21.917  79.756 0.8888890147
41175  22.423  -23.602  82.176 0.6666669846
41192  21.895  -23.468  81.458 0.7777780294
41213  19.948  -22.742  80.254 0.7777780294
41211  21.521  -23.223  79.960 0.7777780294
126238  27.689  -22.539  83.973 0.3333329856
41142  26.816  -23.040  84.883 0.2222220004
41143  26.070  -23.530  85.054 0.3333329856
111115  27.005  -22.856  84.059 0.3333329856
42109  28.820  -21.865  81.620 0.4444440007
118589  27.983  -22.211  82.703 0.4444440007
40326  25.362  -23.707  84.340 0.3333329856
41156  25.689  -23.490  83.511 0.4444440007
43031  14.111  -20.422  83.204 0.7777780294
43032  13.813  -20.493  83.958 0.7777780294
42080  13.100  -21.253  84.117 0.6666669846
116616  28.173  -21.924  81.107 0.5555559993
40340  24.382  -23.694  83.179 0.5555559993
129310  25.022  -23.687  83.565 0.3333329856
41157  25.124  -23.556  82.885 0.5555559993
42128  14.780  -21.165  80.643 0.8888890147
42099  14.079  -21.079  81.793 0.7777780294
42090  13.521  -21.091  83.208 0.7777780294
42140  27.786  -21.917  79.324 0.5555559993
40341  23.721  -23.687  82.813 0.6666669846
41173  24.378  -23.594  82.247 0.6666669846
42127  15.342  -21.303  80.209 0.8888890147
41191  22.854  -23.604  81.358 0.7777780294
41190  23.840  -23.591  81.349 0.6666669846
109139  20.300  -22.723  79.506 0.7777780294
41228  19.535  -22.397  79.592 0.8888890147
41229  18.801  -22.110  79.725 0.7777780294
111178  17.514  -21.506  79.274 0.8888890147
41210  22.293  -23.495  80.507 0.7777780294
109317  20.982  -22.943  79.510 0.7777780294
41154  27.358  -22.666  83.204 0.3333329856
41155  26.449  -23.047  83.386 0.5555559993
108010  26.241  -23.323  84.197 0.4444440007
108679  27.924  -22.092  81.854 0.4444440007
41171  27.342  -22.573  82.285 0.5555559993
41172  26.631  -22.882  82.580 0.5555559993
43054  14.950  -19.953  81.372 0.7777780294
42110  27.383  -22.367  81.096 0.5555559993
41187  26.721  -22.747  81.715 0.5555559993
115376  25.340  -23.335  82.123 0.5555559993
43072  15.776  -20.495  79.877 0.8888890147
121441  14.503  -20.376  81.743 0.7777780294
112866  28.481  -21.722  78.838 0.5555559993
42122  27.924  -21.945  80.275 0.5555559993
42123  27.060  -22.333  80.245 0.5555559993
41222  26.267  -22.655  79.908 0.5555559993
41188  25.761  -22.968  81.439 0.5555559993
41189  24.819  -23.332  81.356 0.5555559993
43070  17.564  -20.764  78.775 0.8888890147
115621  16.354  -20.592  79.416 0.8888890147
42177  28.604  -21.417  77.424 0.5555559993
42160  27.843  -21.847  78.409 0.6666669846
126437  27.175  -21.910  77.994 0.6666669846
42142  26.242  -22.469  79.028 0.6666669846
41223  25.462  -22.785  79.430 0.7777780294
41224  24.570  -22.986  79.716 0.7777780294
41208  24.266  -23.349  80.531 0.7777780294
42144  19.043  -21.787  78.887 0.8888890147
42146  16.879  -21.086  79.265 0.8888890147
43139  28.592  -20.703  75.475 0.6666669846
43123  28.140  -21.407  75.881 0.6666669846
42179  26.913  -21.908  77.239 0.6666669846
42162  26.281  -22.156  78.033 0.6666669846
120624  24.798  -22.852  78.945 0.7777780294
112065  23.993  -23.051  78.960 0.7777780294
126530  22.227  -23.028  78.890 0.7777780294
41227  21.582  -22.987  79.177 0.7777780294
42143  19.911  -22.197  78.849 0.7777780294
47553  29.486  -17.155  74.240 0.5555559993
46755  28.911  -17.219  73.423 0.7777780294
45946  28.949  -17.834  74.451 0.6666669846
45940  28.565  -18.428  74.160 0.6666669846
45069  28.142  -19.254  73.897 0.6666669846
42202  27.313  -21.733  75.592 0.6666669846
45947  28.505  -17.963  73.633 0.7777780294
45082  28.042  -18.621  73.126 0.6666669846
44150  27.624  -19.402  73.188 0.7777780294
44137  27.542  -20.018  73.693 0.7777780294
44064  16.286  -18.973  80.482 0.8888890147
43063  15.770  -19.711  80.269 0.8888890147
44053  15.535  -19.420  80.958 0.7777780294
43071  16.852  -20.187  78.985 0.8888890147
41234  25.443  -22.633  78.516 0.6666669846
41243  25.301  -22.423  77.596 0.7777780294
42166  18.411  -21.031  78.456 0.8888890147
47551  30.465  -17.089  74.178 0.5555559993
47563  29.987  -17.063  73.410 0.5555559993
42192  26.620  -21.884  76.328 0.6666669846
42180  25.964  -22.072  77.020 0.7777780294
123352  24.536  -22.492  77.213 0.7777780294
41236  23.441  -22.883  78.135 0.7777780294
112078  22.513  -22.899  78.183 0.7777780294
110007  20.744  -21.544  77.131 0.8888890147
42164  20.223  -21.863  77.921 0.8888890147
47564  29.283  -17.166  73.292 0.5555559993
47565  28.444  -16.871  72.613 0.8888890147
46763  28.020  -17.040  72.619 0.8888890147
43153  27.367  -20.823  74.175 0.6666669846
44138  26.836  -20.441  73.645 0.7777780294
42211  25.885  -21.570  74.616 0.8888890147
42204  25.361  -21.762  75.305 0.8888890147
41244  23.788  -22.637  77.268 0.8888890147
41251  22.222  -22.199  76.751 0.8888890147
42182  21.500  -21.918  76.975 0.8888890147
47578  27.500  -16.307  72.111 0.8888890147
45956  28.152  -17.815  72.733 0.8888890147
45095  27.531  -18.314  72.381 0.8888890147
44162  26.404  -19.202  72.632 0.8888890147
44152  25.689  -19.756  73.055 0.8888890147
43165  25.333  -20.508  73.576 0.8888890147
46764  26.832  -16.686  71.931 0.8888890147
45967  27.222  -17.559  72.131 0.8888890147
45096  26.526  -18.404  72.157 0.8888890147
44063  16.850  -18.846  79.819 0.8888890147
44087  17.798  -19.363  78.508 0.8888890147
44075  17.239  -19.240  79.079 0.8888890147
43106  19.319  -20.020  77.342 0.8888890147
44086  18.336  -19.168  78.067 0.8888890147
47575  30.218  -17.327  72.500 0.6666669846
42194  24.795  -21.947  75.862 0.8888890147
42181  25.055  -22.177  76.705 0.8888890147
42197  21.184  -21.143  76.396 0.8888890147
126633  19.883  -20.571  77.123 0.8888890147
47588  30.696  -17.386  71.541 0.8888890147
47589  28.572  -16.358  71.689 0.8888890147
120531  28.063  -16.242  71.980 0.8888890147
43155  25.432  -21.115  74.025 0.8888890147
42212  24.962  -21.456  74.640 0.8888890147
121050  24.053  -21.914  75.502 0.8888890147
42195  23.290  -22.039  75.911 0.7777780294
42196  22.445  -21.684  76.100 0.8888890147
109055  21.834  -21.627  76.433 0.7777780294
114802  29.485  -16.961  71.615 0.8888890147
119658  28.744  -16.284  70.868 0.8888890147
120607  27.946  -15.909  71.157 0.8888890147
47590  27.109  -15.604  71.483 0.8888890147
46766  24.643  -16.250  72.086 0.7777780294
45970  24.927  -17.212  71.966 0.7777780294
45969  25.349  -18.098  72.208 0.8888890147
45084  25.001  -19.280  73.069 0.8888890147
47579  26.437  -15.891  71.733 0.8888890147
46765  25.639  -16.503  71.708 0.8888890147
45968  26.036  -17.452  71.740 0.8888890147
45018  18.597  -18.131  79.322 0.7777780294
44996  18.067  -18.187  80.778 0.4444440007
45019  18.120  -18.641  78.676 0.8888890147
110041  17.688  -18.445  79.685 0.7777780294
45043  19.512  -18.495  77.653 0.7777780294
47572  33.448  -15.610  73.176 0.4444440007
111454  32.833  -16.607  72.812 0.5555559993
47574  32.012  -17.289  72.527 0.5555559993
47573  32.698  -16.639  71.853 0.5555559993
43125  21.585  -20.669  76.110 0.7777780294
42198  20.452  -20.737  76.767 0.7777780294
47586  32.456  -16.456  70.845 0.7777780294
114411  31.348  -16.991  70.748 0.8888890147
127308  30.337  -17.074  70.798 0.8888890147
44153  24.747  -19.900  73.491 0.8888890147
44139  24.039  -19.718  74.123 0.8888890147
44140  23.558  -20.233  74.632 0.7777780294
43142  22.958  -20.702  75.068 0.7777780294
43124  22.267  -20.794  75.739 0.7777780294
47605  30.727  -16.516  69.998 0.8888890147
112575  29.839  -16.271  69.675 0.8888890147
47607  28.126  -15.680  70.138 0.8888890147
47608  27.344  -15.190  70.537 0.7777780294
47591  26.127  -15.131  71.402 0.7777780294
48403  24.829  -14.158  71.534 0.7777780294
47581  24.331  -15.280  72.327 0.7777780294
45958  24.523  -17.757  72.828 0.7777780294
45085  24.418  -19.119  73.573 0.7777780294
47580  25.284  -15.495  71.680 0.7777780294
45029  19.423  -18.075  78.232 0.5555559993
45017  19.533  -17.878  79.070 0.4444440007
48384  33.819  -14.928  73.811 0.2222220004
111219  18.821  -18.185  78.586 0.6666669846
129223  33.760  -14.626  73.159 0.2222220004
48392  33.256  -15.697  72.191 0.5555559993
44097  20.516  -19.177  76.897 0.4444440007
49234  33.633  -14.745  72.460 0.6666669846
48393  33.054  -15.813  71.402 0.6666669846
44111  21.802  -19.928  76.090 0.6666669846
44096  21.399  -18.861  76.576 0.7777780294
47616  31.579  -15.854  69.348 0.8888890147
44124  23.378  -19.341  74.859 0.7777780294
128267  22.941  -19.831  75.051 0.7777780294
44110  22.465  -19.710  75.662 0.6666669846
47617  30.438  -15.917  69.125 0.8888890147
47618  29.417  -15.755  69.043 0.8888890147
48434  28.013  -14.520  68.611 0.8888890147
48436  26.875  -13.834  69.637 0.7777780294
48418  26.335  -14.048  70.272 0.7777780294
48395  24.319  -14.374  72.168 0.7777780294
48385  23.877  -14.549  72.990 0.7777780294
46756  24.188  -16.819  72.980 0.7777780294
45948  24.128  -17.474  73.709 0.7777780294
45070  23.902  -18.774  74.449 0.6666669846
128852  24.559  -13.723  79.885 0.3333329856
47504  24.535  -15.369  79.769 0.2222220004
45914  24.640  -17.176  79.963 0.1111110002
44081  23.982  -17.873  79.733 0.1111110002
44072  23.025  -18.003  79.912 0.1111110002
44074  21.874  -17.921  78.925 0.2222220004
129351  25.686  -10.651  79.198 0.1111110002
49986  25.125  -11.443  79.309 0.3333329856
47505  24.270  -15.119  78.860 0.2222220004
45928  24.160  -16.888  78.021 0.2222220004
45026  23.617  -17.837  78.354 0.2222220004
118674  23.113  -18.296  78.468 0.1111110002
44084  22.321  -18.099  78.265 0.2222220004
45027  21.102  -17.828  78.314 0.2222220004
112649  19.896  -17.866  78.504 0.3333329856
49225  34.511  -13.498  73.951 0.2222220004
48383  33.986  -14.019  73.554 0.2222220004
50957  25.802  -10.221  77.732 0.1111110002
50946  25.293  -10.769  78.556 0.2222220004
49186  24.632  -12.384  79.323 0.3333329856
48337  24.163  -14.285  78.451 0.2222220004
46726  24.276  -15.919  78.221 0.2222220004
45039  23.855  -17.474  78.242 0.2222220004
44093  23.282  -18.200  78.006 0.2222220004
113955  22.701  -18.315  77.854 0.2222220004
44085  21.683  -18.007  77.617 0.3333329856
50039  34.776  -12.737  73.551 0.3333329856
123657  33.900  -13.918  72.794 0.4444440007
50966  27.931  -10.770  76.275 0.1111110002
125137  26.351  -10.102  77.048 0.2222220004
50004  24.278  -11.879  77.092 0.2222220004
49194  24.101  -12.769  77.458 0.3333329856
47528  24.157  -14.925  77.094 0.2222220004
46733  24.000  -16.224  77.335 0.2222220004
45050  23.726  -17.448  77.499 0.2222220004
44108  23.064  -18.497  77.023 0.2222220004
44094  22.601  -18.677  76.689 0.3333329856
49233  34.176  -13.209  72.349 0.4444440007
118174  33.817  -13.907  71.949 0.5555559993
114834  33.441  -14.803  71.476 0.6666669846
50057  28.310  -11.634  72.461 0.5555559993
50044  27.977  -11.127  73.086 0.4444440007
119220  26.237  -10.792  73.771 0.4444440007
51980  26.384  -10.602  75.567 0.4444440007
50005  24.374  -11.786  76.288 0.4444440007
118876  24.081  -13.582  76.230 0.5555559993
47541  23.872  -14.993  76.374 0.4444440007
46734  23.694  -16.460  76.426 0.4444440007
45051  23.488  -17.817  76.654 0.3333329856
44109  22.875  -18.955  75.761 0.5555559993
49243  33.698  -13.774  71.064 0.6666669846
47603  32.434  -15.790  70.006 0.7777780294
50075  28.009  -12.203  70.690 0.7777780294
50058  27.393  -11.361  72.182 0.6666669846
51006  25.999  -10.898  72.743 0.6666669846
50992  25.189  -11.041  74.217 0.5555559993
50031  24.022  -12.283  75.073 0.6666669846
112316  23.733  -13.769  75.349 0.6666669846
47542  23.584  -15.156  75.444 0.5555559993
120230  23.552  -16.704  75.355 0.5555559993
121769  23.319  -18.353  75.488 0.4444440007
49258  33.541  -13.450  70.113 0.7777780294
48415  33.121  -14.113  69.781 0.7777780294
47615  32.309  -15.204  69.420 0.8888890147
47625  30.927  -15.296  68.505 0.8888890147
48448  29.476  -14.483  67.954 0.8888890147
123828  27.970  -13.342  68.773 0.7777780294
118164  26.598  -12.794  70.164 0.7777780294
51033  25.503  -11.780  71.486 0.7777780294
51021  25.263  -11.334  72.220 0.6666669846
110244  23.823  -12.958  73.395 0.6666669846
48377  23.515  -14.591  73.955 0.7777780294
119461  23.493  -15.978  74.859 0.7777780294
48432  32.595  -14.365  69.101 0.8888890147
48445  32.039  -14.097  68.217 0.8888890147
48447  30.396  -14.621  67.930 0.8888890147
50052  34.926  -12.019  73.085 0.3333329856
50053  34.519  -12.603  72.754 0.4444440007
49242  34.063  -13.127  71.513 0.5555559993
50089  34.243  -12.388  71.033 0.5555559993
49257  33.894  -13.018  70.736 0.5555559993
50074  29.116  -12.270  70.999 0.7777780294
49274  33.103  -13.427  69.181 0.7777780294
108182  28.895  -13.154  68.660 0.7777780294
50112  29.267  -12.715  69.341 0.7777780294
50110  33.408  -12.579  68.926 0.8888890147
49275  32.551  -13.605  68.516 0.8888890147
49292  31.542  -13.657  67.673 0.8888890147
49310  30.154  -13.537  67.648 0.8888890147
51062  30.027  -12.761  68.564 0.7777780294
50038  35.286  -12.146  73.883 0.2222220004
51002  35.381  -11.414  73.374 0.4444440007
50041  30.472  -11.872  73.346 0.3333329856
51017  35.120  -11.350  72.469 0.4444440007
51018  34.686  -11.998  72.378 0.4444440007
50073  30.505  -12.063  71.679 0.5555559993
112368  29.957  -12.322  71.159 0.6666669846
50092  30.706  -12.281  70.723 0.5555559993
51042  34.454  -11.639  70.511 0.6666669846
50090  33.916  -12.414  69.900 0.6666669846
50111  30.325  -12.484  69.575 0.6666669846
51044  31.257  -11.859  69.834 0.6666669846
51059  33.802  -11.837  68.828 0.6666669846
116309  33.184  -12.022  68.016 0.8888890147
50125  32.406  -12.419  67.734 0.8888890147
50138  31.173  -12.721  67.559 0.8888890147
51078  30.768  -12.268  68.084 0.7777780294
51060  31.456  -10.940  69.048 1.0000000000
51094  32.585  -11.375  67.768 1.0000000000
50136  32.654  -11.804  67.703 1.0000000000
113313  31.333  -12.095  67.784 1.0000000000
50989  32.425  -11.131  74.521 0.2222220004
51998  35.850  -10.699  73.639 0.2222220004
51004  31.863  -11.783  73.335 0.3333329856
51999  35.522  -10.847  72.925 0.2222220004
50990  31.822  -11.652  74.163 0.3333329856
51020  31.815  -11.697  72.526 0.4444440007
50040  31.202  -11.843  73.773 0.3333329856
50054  31.208  -11.966  72.945 0.3333329856
51032  31.634  -11.556  71.723 0.4444440007
51029  35.152  -10.946  71.702 0.4444440007
50091  31.175  -12.013  71.434 0.5555559993
128535  31.490  -11.632  70.868 0.6666669846
51041  34.889  -10.923  70.916 0.5555559993
51043  31.801  -10.997  70.253 0.6666669846
53043  31.736  -9.729  69.199 1.0000000000
52041  34.611  -10.941  70.116 0.7777780294
51058  34.260  -11.443  69.548 0.7777780294
52068  31.965  -10.602  68.584 1.0000000000
51075  34.075  -11.182  68.852 1.0000000000
51076  33.560  -11.298  68.300 1.0000000000
52066  33.282  -10.710  68.079 1.0000000000
52082  32.652  -10.803  67.922 1.0000000000
51095  32.034  -11.280  67.893 1.0000000000
52964  32.799  -9.755  76.046 0.1111110002
121002  32.823  -10.210  75.751 0.2222220004
50975  32.297  -10.999  75.458 0.2222220004
51990  32.950  -10.522  74.433 0.2222220004
50974  32.817  -10.634  75.193 0.2222220004
110028  32.819  -10.899  73.734 0.3333329856
126326  32.813  -10.285  73.040 0.4444440007
51003  32.461  -11.089  72.994 0.4444440007
52025  32.119  -10.521  71.687 0.6666669846
52008  35.863  -10.246  72.878 0.2222220004
51019  32.097  -11.067  72.100 0.4444440007
52026  32.001  -10.347  70.812 0.6666669846
53005  36.352  -9.538  72.852 0.3333329856
51031  32.003  -11.018  71.218 0.6666669846
52042  31.836  -10.352  69.828 0.7777780294
53030  31.456  -9.965  70.037 0.8888890147
52024  35.500  -10.176  71.304 0.5555559993
53031  30.720  -9.515  70.509 1.0000000000
52040  35.068  -10.161  70.211 0.8888890147
53044  30.762  -9.415  69.480 1.0000000000
52051  34.503  -10.572  69.288 1.0000000000
53060  32.079  -9.464  68.684 1.0000000000
52065  33.922  -10.614  68.556 1.0000000000
52081  32.907  -10.877  67.838 1.0000000000
53061  31.302  -9.096  68.763 1.0000000000
52971  32.754  -9.403  75.708 0.1111110002
51978  32.942  -10.023  75.161 0.2222220004
121218  33.040  -9.939  74.422 0.2222220004
52000  33.030  -10.225  73.732 0.3333329856
52010  32.340  -10.416  72.399 0.6666669846
53020  31.891  -10.002  71.977 0.6666669846
53879  31.265  -9.502  72.108 0.6666669846
53021  31.427  -9.873  71.106 0.6666669846
53022  30.664  -9.287  71.471 0.6666669846
53018  36.439  -8.927  72.149 0.2222220004
53019  35.991  -9.205  71.387 0.6666669846
53878  35.858  -8.644  70.827 0.7777780294
126737  30.174  -9.141  70.170 1.0000000000
53029  35.605  -9.372  70.609 0.8888890147
53890  35.549  -8.589  70.137 1.0000000000
53902  29.977  -9.014  69.621 1.0000000000
53041  35.307  -9.313  69.898 1.0000000000
124287  34.572  -9.149  68.883 1.0000000000
53903  29.568  -8.542  69.504 1.0000000000
53057  34.317  -9.859  68.735 1.0000000000
117932  33.615  -9.930  68.368 1.0000000000
53058  32.966  -10.036  68.133 1.0000000000
53059  32.490  -9.333  68.391 1.0000000000
53913  31.801  -8.848  68.392 1.0000000000
124726  31.094  -8.755  68.295 1.0000000000
53914  30.261  -8.815  68.744 1.0000000000
53837  32.740  -8.808  76.292 0.1111110002
53838  32.627  -8.889  75.451 0.2222220004
54775  32.424  -8.333  75.241 0.2222220004
54787  31.766  -7.753  74.281 0.1111110002
53847  32.686  -8.941  74.595 0.3333329856
53857  32.662  -8.967  73.915 0.2222220004
52991  32.981  -9.466  74.089 0.3333329856
116926  32.134  -8.562  73.932 0.2222220004
54799  31.628  -8.217  73.534 0.4444440007
53007  32.347  -9.776  72.832 0.6666669846
117661  31.840  -9.424  72.654 0.6666669846
53867  31.345  -8.724  72.799 0.5555559993
53880  30.721  -8.923  72.195 0.5555559993
53881  30.229  -8.484  71.785 0.6666669846
53877  36.220  -8.144  71.447 0.3333329856
53891  30.183  -8.827  70.926 0.7777780294
53892  29.669  -8.427  70.351 1.0000000000
53900  35.044  -8.650  69.347 0.6666669846
53901  34.465  -8.402  68.675 0.8888890147
53910  33.774  -8.304  68.197 1.0000000000
53911  32.962  -8.309  67.917 1.0000000000
54836  29.092  -7.695  69.927 1.0000000000
113908  34.042  -9.130  68.469 1.0000000000
113225  33.331  -9.105  68.243 1.0000000000
125323  32.314  -8.603  68.108 1.0000000000
53925  30.658  -8.495  67.995 1.0000000000
54849  29.314  -8.125  68.878 1.0000000000
55649  28.702  -6.746  69.992 1.0000000000
54848  29.874  -8.217  68.010 1.0000000000
54837  28.683  -7.271  69.089 1.0000000000
54788  31.252  -7.223  73.638 0.3333329856
54800  31.034  -7.706  73.051 0.4444440007
54811  35.997  -7.083  71.121 0.5555559993
54825  29.812  -7.941  71.284 1.0000000000
54814  29.663  -7.101  71.533 0.8888890147
54826  29.344  -7.287  70.874 0.8888890147
117818  35.755  -7.827  70.600 0.5555559993
54823  35.661  -6.922  70.323 0.5555559993
54834  35.340  -7.638  69.728 0.6666669846
119176  34.859  -7.787  69.014 0.6666669846
54846  33.578  -7.658  67.746 0.8888890147
53912  32.261  -7.982  67.555 1.0000000000
117539  30.699  -7.945  67.484 1.0000000000
110023  29.816  -7.502  67.386 1.0000000000
54856  28.995  -7.577  68.110 1.0000000000
55657  28.487  -6.510  68.351 1.0000000000
54801  30.479  -7.266  72.653 0.4444440007
54812  30.606  -8.105  72.459 0.4444440007
55624  30.199  -6.449  72.468 0.4444440007
55632  29.848  -6.373  71.852 0.4444440007
55633  29.459  -6.482  71.368 0.8888890147
55641  29.026  -6.247  70.810 1.0000000000
56524  35.988  -5.799  70.358 0.2222220004
56525  35.650  -5.996  69.723 0.3333329856
54824  35.398  -6.776  69.694 0.5555559993
54835  34.947  -7.009  69.149 0.6666669846
56536  35.562  -5.932  69.062 0.3333329856
55648  35.386  -6.321  69.314 0.3333329856
55655  34.867  -6.564  68.509 0.6666669846
55656  34.115  -7.152  67.791 0.7777780294
54845  34.357  -7.476  68.408 0.7777780294
54847  32.903  -7.704  67.429 1.0000000000
56564  35.621  -5.961  68.138 0.3333329856
56551  35.218  -6.144  68.177 0.3333329856
54853  33.390  -7.355  67.209 1.0000000000
54854  32.497  -7.504  67.069 1.0000000000
54855  31.620  -7.681  67.195 1.0000000000
55650  28.453  -6.391  69.311 0.8888890147
120740  35.166  -6.214  67.741 0.3333329856
55661  34.654  -6.593  67.792 0.4444440007
55662  34.060  -6.928  67.144 0.8888890147
55663  32.980  -7.356  66.704 0.8888890147
55664  31.934  -7.366  66.656 1.0000000000
55665  30.831  -7.269  66.848 1.0000000000
109018  29.765  -6.842  66.774 1.0000000000
55666  29.028  -6.836  67.443 1.0000000000
55667  28.675  -5.912  67.513 1.0000000000
56538  28.383  -5.580  69.009 0.8888890147
56576  34.978  -6.420  67.338 0.5555559993
56565  34.811  -6.500  67.511 0.5555559993
112704  33.481  -7.231  66.517 1.0000000000
55676  31.331  -7.134  66.165 1.0000000000
55677  30.399  -6.849  66.134 1.0000000000
125435  29.202  -6.234  66.917 1.0000000000
56567  28.579  -4.933  67.650 1.0000000000
56552  28.386  -5.513  68.185 0.8888890147
57443  28.560  -4.626  68.596 0.8888890147
110820  33.021  -7.263  65.794 1.0000000000
125280  31.611  -7.081  65.647 1.0000000000
111175  30.902  -6.799  65.543 1.0000000000
55678  29.573  -6.167  66.186 1.0000000000
125871  29.419  -5.367  66.079 1.0000000000
57462  29.311  -4.632  66.299 1.0000000000
55673  34.901  -6.806  66.657 0.8888890147
108729  33.925  -7.125  66.262 0.8888890147
55687  31.409  -6.757  64.976 1.0000000000
118971  30.167  -6.307  65.516 1.0000000000
55689  29.728  -5.674  65.645 1.0000000000
56518  29.577  -5.447  71.463 0.7777780294
56526  29.129  -5.179  70.803 0.8888890147
56548  37.074  -5.755  68.475 0.2222220004
56549  36.250  -5.691  68.687 0.2222220004
124947  35.918  -5.528  69.383 0.2222220004
56535  35.792  -5.826  69.966 0.2222220004
56537  28.641  -5.631  70.031 0.8888890147
56563  36.294  -5.971  67.934 0.3333329856
57442  36.264  -5.391  69.306 0.2222220004
56550  35.807  -5.751  68.773 0.2222220004
57425  28.657  -4.849  69.499 0.8888890147
56562  37.271  -6.116  67.639 0.2222220004
56574  36.571  -6.507  67.159 0.3333329856
126572  36.820  -6.726  66.399 0.3333329856
56575  35.511  -6.323  67.453 0.3333329856
58295  29.243  -3.402  67.662 1.0000000000
126837  28.721  -4.119  67.895 0.8888890147
125534  29.090  -3.669  68.600 0.8888890147
55672  35.980  -6.804  66.553 0.6666669846
55685  33.683  -7.273  65.222 1.0000000000
109248  32.822  -7.175  64.781 1.0000000000
108649  32.061  -6.698  64.284 1.0000000000
55704  30.757  -5.694  64.518 1.0000000000
56584  30.137  -5.512  65.019 1.0000000000
58320  29.641  -4.059  65.770 1.0000000000
58307  29.380  -3.714  66.627 1.0000000000
55684  34.609  -7.196  65.552 1.0000000000
55702  33.510  -7.074  64.164 1.0000000000
113235  32.802  -6.893  63.916 1.0000000000
55703  31.276  -6.188  64.338 1.0000000000
57483  30.625  -4.897  64.451 1.0000000000
57472  30.092  -4.462  65.062 1.0000000000
57398  30.471  -3.522  71.354 0.5555559993
57400  29.750  -4.259  70.975 0.7777780294
57440  37.736  -5.394  69.049 0.1111110002
57410  29.119  -4.566  70.216 0.8888890147
56547  38.110  -5.793  68.134 0.2222220004
130011  30.107  -3.147  70.062 0.7777780294
58264  29.673  -3.728  70.167 0.8888890147
57424  29.109  -4.059  69.450 0.8888890147
56573  37.567  -6.460  66.696 0.3333329856
58283  29.669  -2.883  68.602 0.8888890147
113937  29.684  -3.255  69.409 0.8888890147
59118  29.713  -2.702  67.782 0.8888890147
55683  35.586  -7.044  65.702 0.8888890147
59142  30.379  -2.519  65.486 1.0000000000
58319  30.172  -3.482  65.221 1.0000000000
59132  29.671  -2.892  66.986 1.0000000000
55682  36.549  -6.838  65.714 0.6666669846
55701  34.395  -7.097  64.506 0.8888890147
56591  31.798  -5.885  63.622 1.0000000000
57482  31.272  -4.374  63.951 1.0000000000
55724  34.172  -6.616  63.565 1.0000000000
56607  32.423  -5.372  63.105 1.0000000000
57496  31.763  -4.903  63.354 1.0000000000
58234  30.950  -2.904  71.637 0.5555559993
58248  30.811  -2.766  71.049 0.6666669846
58249  30.273  -3.351  70.669 0.7777780294
57439  38.693  -5.297  68.850 0.1111110002
129144  38.049  -6.092  67.308 0.2222220004
58263  30.224  -2.761  69.655 0.7777780294
59101  30.161  -2.270  68.271 0.7777780294
129773  29.945  -2.807  69.209 0.7777780294
59961  30.688  -1.622  65.849 0.7777780294
59131  30.127  -2.294  66.440 0.7777780294
59117  30.073  -2.203  67.375 0.6666669846
55671  37.351  -6.593  65.820 0.2222220004
58331  31.377  -3.363  63.975 1.0000000000
55699  36.208  -6.815  64.849 0.5555559993
58344  31.922  -3.879  63.378 1.0000000000
58332  30.667  -3.895  64.495 1.0000000000
55723  35.049  -6.583  63.883 0.8888890147
56606  33.113  -5.666  62.953 1.0000000000
59083  30.559  -2.706  70.330 0.5555559993
110358  31.588  -1.345  70.520 0.3333329856
56546  39.094  -5.549  68.050 0.1111110002
59898  31.270  -1.553  69.798 0.3333329856
59089  30.698  -2.214  69.752 0.6666669846
59908  30.719  -1.714  68.889 0.3333329856
113406  30.244  -2.447  69.086 0.4444440007
56571  39.257  -5.792  66.721 0.2222220004
56572  38.478  -6.073  66.634 0.2222220004
59920  31.080  -0.962  67.352 0.4444440007
59907  31.082  -1.149  68.219 0.3333329856
60803  31.433  -0.986  68.969 0.3333329856
56583  38.164  -6.283  65.773 0.3333329856
59141  31.055  -1.907  64.886 0.7777780294
128354  37.682  -6.328  65.365 0.3333329856
55698  37.163  -6.427  64.978 0.3333329856
59153  31.634  -2.420  64.164 0.8888890147
55722  35.808  -6.584  64.146 0.8888890147
56604  34.780  -5.976  63.100 0.8888890147
56605  33.900  -5.840  62.926 1.0000000000
57495  32.487  -4.398  63.036 1.0000000000
59167  32.172  -2.954  63.545 1.0000000000
57451  39.897  -5.242  67.786 0.1111110002
56560  39.429  -5.616  67.373 0.1111110002
60788  32.636  0.011  69.351 0.2222220004
60802  32.165  -0.327  68.738 0.3333329856
61689  33.553  0.472  68.892 0.3333329856
122399  32.459  -0.062  67.908 0.3333329856
59960  31.561  -1.219  65.397 0.5555559993
59939  32.150  -0.669  65.964 0.4444440007
56589  37.497  -6.006  64.285 0.5555559993
59959  32.628  -1.109  65.145 0.6666669846
60861  33.177  -0.644  65.730 0.5555559993
115722  36.588  -5.769  63.269 0.7777780294
56603  35.766  -6.039  63.350 0.8888890147
56619  34.498  -5.184  62.640 1.0000000000
126935  32.971  -4.850  62.878 1.0000000000
58343  32.712  -3.514  63.154 0.8888890147
59152  32.574  -2.190  63.903 0.7777780294
56618  35.338  -5.374  62.703 0.8888890147
115600  35.074  -4.664  62.383 0.8888890147
58354  33.821  -3.848  62.594 1.0000000000
58342  33.389  -3.266  62.910 1.0000000000
59166  33.023  -2.729  63.373 0.8888890147
60801  32.963  0.264  68.323 0.2222220004
60843  32.732  -0.305  66.556 0.4444440007
59973  33.077  -1.579  64.400 0.7777780294
60842  33.708  -0.278  66.324 0.4444440007
37502  12.860  -27.070  92.417 0.2222220004
117063  11.778  -28.170  93.340 0.2222220004
35288  9.547  -29.654  92.278 0.4444440007
36004  7.900  -29.478  92.035 0.4444440007
35285  6.194  -30.056  92.279 0.4444440007
36006  6.529  -29.062  91.755 0.4444440007
36007  5.980  -28.818  91.385 0.4444440007
37534  13.595  -26.648  90.551 0.2222220004
36730  12.533  -27.860  91.934 0.2222220004
116777  11.042  -29.014  92.161 0.2222220004
36013  9.333  -29.326  91.339 0.5555559993
39370  14.470  -25.350  90.346 0.2222220004
36008  5.767  -29.001  91.237 0.2222220004
117316  5.444  -29.472  90.662 0.2222220004
130347  5.269  -29.030  90.170 0.2222220004
34594  5.470  -30.102  90.639 0.2222220004
114634  5.251  -28.970  89.480 0.1111110002
34593  5.536  -30.582  90.213 0.2222220004
37550  13.189  -27.266  89.850 0.2222220004
36735  12.010  -28.416  91.310 0.2222220004
36011  11.450  -28.833  91.552 0.3333329856
121918  14.629  -25.838  87.186 0.2222220004
36027  11.461  -28.569  89.853 0.4444440007
39381  15.395  -25.003  86.658 0.2222220004
36757  12.591  -27.692  88.303 0.3333329856
38494  14.354  -25.950  86.353 0.3333329856
39387  14.871  -25.532  85.986 0.4444440007
36733  6.535  -27.819  91.353 0.5555559993
36016  5.715  -28.189  91.070 0.5555559993
34601  5.850  -30.182  88.583 0.1111110002
36022  9.452  -28.824  90.424 0.5555559993
36747  12.037  -28.279  89.505 0.4444440007
37580  13.466  -26.918  87.365 0.3333329856
36753  11.829  -27.975  88.619 0.4444440007
36754  10.921  -27.739  88.137 0.5555559993
36749  9.955  -28.072  89.308 0.5555559993
37596  13.249  -26.723  86.463 0.4444440007
38488  13.948  -26.380  86.827 0.4444440007
37581  12.552  -27.427  87.446 0.4444440007
37504  6.808  -26.265  91.412 0.5555559993
39399  14.668  -25.466  85.051 0.4444440007
35300  5.327  -28.783  88.655 0.1111110002
40332  15.771  -24.246  83.304 0.6666669846
40331  16.525  -24.054  84.001 0.5555559993
116541  5.072  -27.643  89.462 0.2222220004
36742  9.421  -28.247  89.820 0.5555559993
37536  9.160  -27.428  89.563 0.5555559993
37537  8.506  -26.725  90.014 0.7777780294
37610  12.554  -26.429  85.806 0.7777780294
37598  11.639  -26.497  86.179 0.7777780294
38489  10.795  -26.277  86.584 0.7777780294
38476  9.411  -25.607  88.726 0.7777780294
38469  8.097  -25.951  90.646 0.7777780294
37611  11.749  -26.067  85.598 0.8888890147
37522  5.519  -26.766  90.764 0.5555559993
40344  15.679  -23.905  82.363 0.6666669846
39417  13.238  -25.145  83.802 0.6666669846
39377  9.709  -25.111  88.088 0.8888890147
39400  11.882  -25.059  84.713 0.8888890147
39418  12.308  -24.549  83.980 0.8888890147
125124  10.630  -24.262  86.666 0.8888890147
118671  14.315  -24.504  82.763 0.7777780294
129199  11.050  -24.085  86.113 0.7777780294
40345  14.307  -24.069  82.168 0.7777780294
40346  13.660  -23.395  82.056 0.8888890147
40335  12.408  -23.417  83.532 0.8888890147
127655  17.767  -22.969  81.396 0.7777780294
40352  15.357  -23.459  81.455 0.7777780294
41197  15.144  -22.742  80.861 0.7777780294
110742  16.005  -22.925  80.955 0.7777780294
40353  14.450  -23.414  81.550 0.7777780294
114853  19.141  -22.960  81.956 0.7777780294
130530  12.747  -22.740  83.088 0.8888890147
41165  13.160  -22.613  82.503 0.8888890147
41149  12.577  -22.271  83.786 0.8888890147
42074  12.386  -21.549  85.654 0.6666669846
42081  12.537  -21.854  84.722 0.7777780294
121411  20.984  -23.201  81.644 0.6666669846
41214  17.642  -22.627  80.522 0.8888890147
42124  18.015  -21.997  79.838 0.8888890147
41215  16.562  -22.469  80.308 0.8888890147
41216  14.861  -21.945  80.591 0.8888890147
42111  14.344  -21.553  81.069 0.8888890147
42089  13.897  -20.936  82.593 0.7777780294
114891  21.309  -23.234  80.794 0.7777780294
41212  20.750  -22.968  80.178 0.7777780294
110256  25.881  -23.257  82.760 0.5555559993
43046  14.325  -20.365  82.437 0.7777780294
42073  13.017  -21.027  85.225 0.6666669846
43055  14.533  -20.698  81.125 0.7777780294
43064  15.138  -20.336  80.551 0.8888890147
42139  28.738  -21.711  79.602 0.5555559993
42126  16.183  -21.519  79.753 0.8888890147
41209  23.315  -23.555  80.558 0.6666669846
42145  18.198  -21.573  79.113 0.8888890147
109373  22.264  -23.323  79.571 0.7777780294
109374  22.919  -23.505  79.875 0.7777780294
41238  20.796  -22.653  78.699 0.7777780294
128816  27.354  -22.500  81.728 0.5555559993
118232  26.044  -22.994  82.123 0.5555559993
43045  14.917  -19.826  82.239 0.5555559993
44038  15.514  -19.311  81.890 0.6666669846
41206  26.443  -22.728  80.803 0.5555559993
44076  16.343  -19.635  79.606 0.8888890147
42159  28.584  -21.599  78.116 0.5555559993
42161  27.017  -21.976  78.736 0.6666669846
42141  26.958  -22.185  79.521 0.6666669846
41207  25.347  -22.930  80.474 0.5555559993
42190  28.328  -21.461  76.743 0.5555559993
42178  27.893  -21.776  77.484 0.6666669846
41225  23.682  -23.361  79.771 0.7777780294
42165  19.047  -21.238  78.227 0.8888890147
44123  28.306  -20.185  74.510 0.6666669846
43140  27.914  -21.239  74.951 0.6666669846
42191  27.574  -21.766  76.526 0.6666669846
41235  24.478  -22.748  78.090 0.7777780294
41226  23.014  -23.293  79.033 0.7777780294
41237  21.676  -22.819  78.339 0.7777780294
42163  21.138  -22.325  77.747 0.7777780294
112840  19.517  -21.666  78.278 0.8888890147
46747  29.222  -17.391  74.297 0.6666669846
46748  28.735  -17.525  73.494 0.8888890147
45060  28.735  -19.041  74.713 0.6666669846
43141  26.924  -21.542  74.709 0.6666669846
42203  26.300  -21.816  75.425 0.7777780294
45083  27.239  -19.017  72.611 0.8888890147
44052  16.185  -18.883  81.499 0.5555559993
43088  17.419  -19.896  78.622 0.8888890147
43087  18.059  -20.053  78.209 0.8888890147
43086  18.811  -20.525  77.911 0.8888890147
47576  29.480  -17.136  72.675 0.7777780294
42193  25.664  -21.929  76.120 0.7777780294
114495  24.105  -22.316  76.387 0.8888890147
41245  22.848  -22.655  77.232 0.8888890147
41249  23.363  -22.415  76.644 0.8888890147
41246  21.953  -22.577  77.492 0.7777780294
42183  20.122  -21.159  77.242 0.8888890147
42184  19.510  -21.046  77.646 0.8888890147
47577  28.840  -16.773  72.370 0.8888890147
44151  26.797  -19.801  73.095 0.8888890147
43154  26.342  -21.050  73.972 0.7777780294
41250  22.831  -22.257  76.500 0.8888890147
45097  25.610  -18.920  72.589 0.8888890147
44997  17.129  -18.467  80.510 0.7777780294
128705  18.669  -19.746  77.788 0.8888890147
43107  18.991  -19.129  77.607 0.8888890147
123206  31.145  -17.456  72.281 0.7777780294
42205  24.653  -21.693  75.219 0.8888890147
43105  20.085  -19.976  76.846 0.7777780294
47587  31.816  -17.239  71.572 0.7777780294
43156  24.471  -20.717  74.198 0.8888890147
42213  24.203  -21.401  74.886 0.8888890147
42206  23.487  -21.484  75.202 0.7777780294
42207  22.848  -21.401  75.519 0.7777780294
110151  21.847  -21.190  76.110 0.7777780294
114803  29.632  -16.649  70.431 0.8888890147
47609  26.604  -14.756  70.827 0.8888890147
45957  24.782  -18.590  72.927 0.8888890147
45007  18.533  -18.132  80.187 0.6666669846
45042  20.155  -18.525  77.322 0.5555559993
45030  18.805  -18.540  78.067 0.7777780294
44098  19.738  -19.224  77.238 0.6666669846
43126  20.924  -20.116  76.372 0.7777780294
47604  31.791  -16.393  70.145 0.7777780294
47606  29.023  -16.021  69.894 0.8888890147
47620  27.619  -14.882  69.454 0.8888890147
48417  26.940  -14.416  69.852 0.7777780294
48402  25.891  -14.383  70.966 0.7777780294
47592  25.392  -14.707  71.416 0.7777780294
49245  24.401  -13.521  71.876 0.7777780294
48394  24.814  -14.856  71.770 0.7777780294
119147  24.115  -15.953  72.867 0.7777780294
116719  24.243  -18.249  73.691 0.6666669846
45028  20.192  -17.949  77.927 0.3333329856
45041  20.853  -18.187  77.284 0.4444440007
48401  32.986  -15.359  70.703 0.6666669846
107908  22.082  -18.979  76.238 0.5555559993
47626  29.923  -15.300  68.385 0.8888890147
47627  28.914  -14.975  68.419 0.8888890147
47619  28.435  -15.400  69.158 0.8888890147
49294  27.888  -13.860  68.497 0.7777780294
48449  28.578  -14.146  68.068 0.7777780294
49276  27.397  -13.609  69.146 0.7777780294
48435  27.365  -14.146  69.052 0.7777780294
50096  25.748  -12.940  70.584 0.7777780294
49259  26.401  -13.413  70.158 0.7777780294
49260  25.780  -13.661  70.674 0.7777780294
50079  24.603  -12.689  71.648 0.7777780294
50078  25.217  -12.478  71.135 0.7777780294
127434  25.352  -14.053  71.110 0.7777780294
126161  24.147  -12.107  73.089 0.7777780294
115267  24.117  -12.825  72.432 0.7777780294
49235  23.950  -13.701  72.703 0.7777780294
47566  23.802  -15.310  73.362 0.7777780294
110841  23.761  -16.049  73.781 0.7777780294
120155  23.815  -16.800  74.256 0.6666669846
45941  23.769  -17.705  74.715 0.5555559993
49175  24.846  -13.059  80.143 0.3333329856
116165  25.443  -12.674  80.531 0.2222220004
112006  24.401  -14.403  79.606 0.2222220004
48326  24.944  -14.102  80.529 0.2222220004
118295  24.377  -16.571  79.243 0.2222220004
46719  24.608  -16.082  79.852 0.1111110002
46720  24.363  -15.817  79.211 0.2222220004
45921  24.110  -17.121  78.964 0.1111110002
45025  24.011  -17.545  79.192 0.1111110002
44082  23.560  -18.006  78.843 0.1111110002
124635  23.363  -18.086  79.350 0.1111110002
44073  22.462  -18.001  79.463 0.1111110002
44083  22.838  -18.221  78.903 0.1111110002
51950  26.192  -10.116  78.563 0.1111110002
49987  24.591  -11.690  78.601 0.3333329856
51938  27.559  -9.985  79.436 0.1111110002
50934  25.618  -11.193  79.888 0.2222220004
49187  24.225  -12.643  78.429 0.3333329856
48336  24.314  -13.417  79.141 0.3333329856
45040  23.482  -17.980  77.478 0.2222220004
128090  22.953  -18.450  77.658 0.2222220004
111058  34.300  -13.297  73.167 0.3333329856
51959  26.936  -9.949  77.650 0.1111110002
50958  24.819  -11.106  77.666 0.2222220004
49995  24.210  -11.972  77.886 0.3333329856
121352  24.066  -13.534  77.925 0.3333329856
115658  24.144  -15.509  77.452 0.2222220004
45933  23.713  -17.043  77.017 0.2222220004
44095  22.187  -18.339  77.113 0.3333329856
50977  27.477  -10.772  75.454 0.3333329856
51979  27.081  -10.535  76.060 0.3333329856
50965  28.739  -11.157  76.242 0.3333329856
51969  26.331  -10.382  76.385 0.2222220004
109847  24.857  -11.178  76.685 0.2222220004
51970  25.542  -10.742  76.167 0.2222220004
49203  24.136  -12.744  76.573 0.3333329856
48358  24.160  -14.297  76.686 0.3333329856
120879  24.217  -13.615  76.991 0.3333329856
46741  23.908  -15.611  76.807 0.4444440007
127327  23.222  -18.372  76.460 0.3333329856
48416  32.826  -14.877  69.943 0.7777780294
48400  33.315  -14.406  70.528 0.6666669846
50043  28.792  -11.515  73.370 0.4444440007
109239  28.637  -12.015  71.777 0.4444440007
110659  27.704  -11.859  71.567 0.5555559993
50991  27.461  -10.870  73.848 0.4444440007
51005  26.928  -10.916  72.876 0.6666669846
51991  25.848  -10.746  74.802 0.5555559993
50978  26.902  -10.753  74.688 0.3333329856
111280  27.940  -10.935  74.698 0.4444440007
51007  25.270  -11.025  73.235 0.5555559993
50979  25.069  -11.192  75.108 0.5555559993
51981  25.530  -10.877  75.518 0.2222220004
50980  24.460  -11.697  75.498 0.5555559993
49211  23.870  -12.994  75.597 0.5555559993
48368  23.867  -14.378  75.906 0.5555559993
46742  23.653  -15.812  75.908 0.5555559993
45934  23.530  -17.393  75.942 0.4444440007
110420  27.856  -12.546  69.837 0.7777780294
50094  28.647  -12.497  70.019 0.7777780294
50095  27.308  -12.518  70.127 0.7777780294
50059  26.283  -11.287  71.887 0.7777780294
123576  26.874  -11.679  71.423 0.7777780294
50060  24.958  -12.020  71.681 0.7777780294
51022  24.652  -11.482  72.864 0.6666669846
51008  24.541  -11.490  73.687 0.5555559993
49218  23.698  -13.128  74.554 0.6666669846
49226  23.630  -13.827  73.658 0.6666669846
50045  24.039  -12.217  74.081 0.6666669846
110612  23.515  -14.521  74.973 0.6666669846
129384  33.493  -12.953  69.547 0.7777780294
48433  31.823  -14.943  68.736 0.8888890147
49293  28.655  -13.648  68.256 0.8888890147
48455  29.347  -13.818  67.833 0.7777780294
50114  27.403  -12.989  69.493 0.7777780294
50113  28.234  -12.815  69.239 0.7777780294
49277  26.932  -13.346  69.694 0.7777780294
50076  27.012  -12.121  70.750 0.7777780294
50077  26.071  -12.140  70.966 0.7777780294
48446  31.283  -14.492  67.961 0.8888890147
48454  30.008  -14.074  67.687 0.8888890147
48453  30.771  -13.888  67.530 0.8888890147
50071  34.374  -12.479  71.943 0.5555559993
50056  29.645  -11.958  71.966 0.4444440007
50093  29.701  -12.550  70.329 0.6666669846
49290  32.807  -12.863  68.302 0.8888890147
49291  32.190  -13.252  67.876 0.8888890147
49309  30.765  -13.284  67.516 0.8888890147
50126  30.328  -12.712  67.946 0.7777780294
126300  29.677  -13.229  68.040 0.8888890147
50055  30.453  -11.921  72.509 0.4444440007
110793  29.844  -11.864  72.878 0.4444440007
51030  34.681  -11.663  71.575 0.5555559993
51061  30.920  -12.061  68.774 0.6666669846
50137  31.964  -12.038  67.563 1.0000000000
49307  31.721  -12.866  67.566 0.8888890147
51096  30.782  -12.515  67.737 0.8888890147
51077  31.375  -11.586  68.261 1.0000000000
51093  33.039  -11.346  67.809 1.0000000000
111357  32.281  -11.368  73.748 0.3333329856
129938  32.876  -10.673  73.339 0.4444440007
52009  35.518  -10.568  72.237 0.5555559993
52067  32.503  -10.276  68.306 1.0000000000
52970  32.825  -9.247  76.506 0.1111110002
52992  32.818  -9.584  73.421 0.4444440007
53006  35.921  -9.790  72.141 0.3333329856
52979  32.878  -9.445  74.853 0.2222220004
53042  34.848  -9.634  69.362 1.0000000000
110550  32.848  -9.050  68.233 1.0000000000
54786  32.293  -8.454  74.494 0.1111110002
53858  32.164  -9.055  73.318 0.4444440007
53924  31.470  -8.344  67.818 1.0000000000
54813  30.052  -7.405  72.047 0.4444440007
55640  35.643  -6.207  70.025 0.3333329856
55674  34.320  -6.705  67.000 0.6666669846
55675  32.339  -7.292  66.121 1.0000000000
56566  29.068  -5.373  66.787 1.0000000000
57452  28.941  -4.308  67.103 1.0000000000
55686  32.162  -7.141  65.302 1.0000000000
55688  30.703  -6.308  64.925 1.0000000000
57473  29.640  -4.953  65.603 1.0000000000
59143  29.814  -3.141  66.072 1.0000000000
55726  32.546  -6.279  63.440 1.0000000000
56592  31.200  -5.357  63.993 1.0000000000
55700  35.294  -7.031  64.749 0.7777780294
59154  30.807  -2.868  64.622 1.0000000000
55725  33.313  -6.503  63.385 1.0000000000
59921  30.540  -1.598  67.843 0.4444440007
59940  31.196  -0.933  66.335 0.5555559993
59941  30.524  -1.533  66.862 0.5555559993
56590  36.636  -6.201  64.045 0.6666669846
111250  39.030  -5.955  65.948 0.3333329856
60823  31.714  -0.497  67.922 0.4444440007
60844  31.812  -0.466  66.887 0.4444440007
59974  32.049  -1.650  64.560 0.8888890147
57512  33.659  -4.831  62.661 1.0000000000
57494  33.157  -4.077  62.816 1.0000000000
61688  34.473  0.535  68.611 0.2222220004
60822  32.369  -0.187  67.300 0.4444440007
56582  38.760  -5.922  65.164 0.3333329856
56617  36.184  -5.426  62.714 0.8888890147
60821  33.225  0.113  67.254 0.4444440007
128916  5.636  -27.497  90.874 0.4444440007
37506  6.007  -26.297  91.036 0.4444440007
38442  6.408  -25.809  91.305 0.2222220004
38443  5.830  -25.312  91.129 0.2222220004
38441  6.753  -25.231  91.440 0.2222220004
38457  7.256  -25.762  91.302 0.3333329856
38468  8.643  -25.585  90.101 0.6666669846
112249  6.237  -25.061  91.329 0.2222220004
38456  7.833  -25.372  91.176 0.3333329856
39372  9.103  -25.090  89.514 0.6666669846
39348  7.069  -24.169  91.532 0.2222220004
39359  7.465  -24.859  91.435 0.3333329856
39358  8.093  -24.505  91.363 0.3333329856
39365  8.869  -24.559  90.341 0.6666669846
39364  9.374  -24.078  89.797 0.6666669846
39371  9.559  -24.565  88.954 0.6666669846
39382  10.101  -24.639  87.358 0.7777780294
40255  9.939  -24.005  88.326 0.6666669846
40240  9.908  -23.602  89.297 0.5555559993
40254  10.489  -23.385  87.594 0.4444440007
41077  10.356  -22.775  89.710 0.3333329856
40239  10.384  -23.018  88.737 0.5555559993
41090  10.994  -22.418  88.263 0.4444440007
41124  11.333  -22.615  86.437 0.5555559993
41076  10.930  -22.247  89.241 0.3333329856
41105  11.626  -21.840  86.949 0.3333329856
41123  11.817  -22.051  86.080 0.4444440007
42055  12.151  -21.164  87.486 0.2222220004
41075  11.526  -21.689  88.807 0.1111110002
42065  12.247  -21.303  86.572 0.2222220004
42991  13.394  -20.044  86.655 0.1111110002
42054  12.788  -20.609  87.079 0.2222220004
43001  14.148  -19.814  85.376 0.1111110002
43002  13.492  -20.259  85.750 0.1111110002
42064  12.907  -20.810  86.171 0.2222220004
43016  13.611  -20.432  84.831 0.3333329856
46732  29.734  -17.426  75.848 0.2222220004
46740  29.350  -17.659  75.097 0.5555559993
44004  15.007  -19.451  84.188 0.2222220004
127433  14.398  -20.004  83.822 0.3333329856
43030  14.821  -19.776  83.188 0.3333329856
123500  30.205  -16.948  75.604 0.3333329856
47527  30.011  -17.109  75.747 0.2222220004
47539  29.988  -16.969  74.940 0.4444440007
47540  29.671  -17.253  75.043 0.2222220004
44022  15.521  -19.263  82.805 0.3333329856
50902  27.372  -10.532  82.427 0.1111110002
49969  26.604  -11.921  81.805 0.1111110002
50913  26.937  -10.866  81.772 0.1111110002
50914  26.492  -11.061  81.157 0.1111110002
50925  26.077  -11.077  80.477 0.1111110002
49982  25.237  -12.140  79.978 0.1111110002
44021  16.171  -18.918  83.342 0.2222220004
44037  16.392  -18.826  82.571 0.3333329856
129513  16.774  -18.517  81.169 0.5555559993
47552  29.918  -17.010  74.104 0.4444440007
44020  17.054  -18.523  83.563 0.2222220004
44036  17.324  -18.420  82.832 0.3333329856
44051  17.051  -18.534  82.050 0.3333329856
44050  17.600  -18.317  81.473 0.3333329856
50952  32.210  -11.028  77.206 0.1111110002
50000  31.287  -11.361  76.455 0.2222220004
49993  30.957  -11.412  76.955 0.1111110002
50015  29.853  -11.446  75.555 0.2222220004
49992  31.758  -11.194  76.671 0.2222220004
50001  30.597  -11.412  76.152 0.2222220004
50012  31.753  -11.241  75.893 0.2222220004
50013  31.214  -11.470  75.529 0.2222220004
50025  31.816  -11.460  75.008 0.2222220004
50027  30.484  -11.699  74.201 0.2222220004
50042  29.648  -11.696  73.649 0.2222220004
50026  31.219  -11.669  74.625 0.2222220004
50002  29.848  -11.313  76.372 0.2222220004
50003  29.235  -11.313  75.913 0.3333329856
50017  28.685  -11.191  74.714 0.3333329856
50016  29.208  -11.386  75.110 0.3333329856
50028  29.790  -11.564  74.661 0.2222220004
50030  28.383  -11.161  73.996 0.3333329856
109261  29.120  -11.869  72.724 0.2222220004
125674  34.650  -3.278  61.910 0.7777780294
55623  30.626  -6.715  73.109 0.3333329856
59173  34.390  -2.819  62.174 0.7777780294
58353  34.462  -3.594  62.248 0.7777780294
56512  30.353  -5.546  72.913 0.3333329856
56513  30.071  -5.456  72.138 0.4444440007
59979  35.023  -1.368  63.062 0.7777780294
59164  34.180  -2.278  62.799 0.6666669846
59165  33.692  -2.510  63.092 0.6666669846
61766  35.438  0.206  62.477 0.6666669846
60894  35.139  -0.743  62.624 0.6666669846
59988  34.467  -1.973  62.568 0.7777780294
62659  35.701  1.728  61.288 0.7777780294
59987  34.688  -1.526  62.209 0.7777780294
63471  36.037  2.475  60.842 0.7777780294
129821  30.461  -4.762  72.898 0.3333329856
57391  30.348  -4.614  72.414 0.3333329856
58218  30.718  -3.576  72.095 0.4444440007
61752  37.130  0.645  64.274 0.3333329856
61753  36.564  0.104  63.778 0.4444440007
60884  36.350  -0.513  63.993 0.4444440007
116241  35.292  -1.080  63.758 0.7777780294
59150  34.145  -1.790  63.449 0.5555559993
59151  33.432  -2.011  63.689 0.7777780294
64295  37.324  3.507  63.334 0.4444440007
63457  36.420  2.171  63.225 0.5555559993
61754  35.786  -0.257  63.354 0.5555559993
60885  35.594  -0.829  63.567 0.6666669846
63465  36.229  2.692  62.394 0.5555559993
62652  35.703  1.105  62.300 0.6666669846
64329  36.675  4.321  60.830 0.7777780294
63470  36.063  2.642  61.555 0.7777780294
65224  37.507  4.356  59.733 0.7777780294
64328  36.891  3.977  60.275 0.7777780294
57386  30.675  -4.089  72.804 0.3333329856
62629  38.745  1.867  65.418 0.1111110002
59972  33.974  -1.372  64.176 0.4444440007
62630  38.195  1.552  65.133 0.2222220004
61738  37.637  0.152  64.903 0.3333329856
123968  37.270  -0.426  64.936 0.2222220004
59969  36.273  -0.660  64.845 0.3333329856
59957  34.567  -0.789  64.799 0.3333329856
66903  41.580  6.408  64.571 0.1111110002
66037  40.477  5.431  64.398 0.1111110002
65188  39.736  5.134  64.056 0.3333329856
64293  38.771  4.108  64.049 0.5555559993
62642  37.902  2.196  64.621 0.3333329856
59970  35.610  -0.829  64.344 0.5555559993
66913  41.235  6.793  63.944 0.1111110002
66051  40.075  5.744  63.809 0.2222220004
65190  38.545  4.481  63.303 0.4444440007
63456  36.965  2.775  63.645 0.4444440007
66914  40.438  6.454  63.538 0.1111110002
66063  39.216  5.748  62.689 0.3333329856
65201  38.134  4.921  62.597 0.6666669846
65202  37.224  4.679  62.079 0.6666669846
66073  37.514  5.415  60.962 0.7777780294
65210  36.999  4.874  61.244 0.7777780294
64318  36.589  4.220  61.521 0.7777780294
65217  37.177  4.733  60.489 0.7777780294
59073  31.791  -1.613  71.774 0.2222220004
59074  31.381  -2.191  71.560 0.2222220004
62619  38.623  0.892  65.618 0.1111110002
59958  33.611  -0.982  64.928 0.4444440007
109406  38.018  0.783  65.253 0.2222220004
59956  35.609  -0.655  64.949 0.3333329856
59890  31.621  -1.491  71.191 0.2222220004
60857  38.317  -0.162  66.008 0.1111110002
60859  35.076  -0.503  65.596 0.2222220004
60860  34.137  -0.580  65.558 0.3333329856
61737  38.190  0.181  65.555 0.1111110002
59954  37.059  -0.591  65.382 0.2222220004
59955  36.519  -0.573  65.535 0.2222220004
59938  35.993  -0.459  65.849 0.2222220004
60875  37.710  -0.284  65.480 0.1111110002
60858  37.714  -0.414  66.025 0.1111110002
59936  37.140  -0.568  66.042 0.1111110002
59937  36.675  -0.543  66.107 0.1111110002
60841  34.547  -0.365  66.154 0.2222220004
60820  34.350  -0.021  66.849 0.3333329856
113157  35.341  -0.306  66.499 0.2222220004
60800  34.135  0.384  67.839 0.2222220004
121079  35.031  0.073  67.258 0.2222220004
109195  36.308  -0.433  66.582 0.1111110002
45932  29.234  -17.936  75.441 0.4444440007
50029  29.104  -11.443  74.259 0.2222220004
57399  30.150  -4.431  71.742 0.5555559993
59082  31.152  -2.035  70.639 0.2222220004
37552  9.615  -26.592  88.554 0.6666669846
49970  26.155  -11.970  81.074 0.1111110002
38455  8.343  -24.988  90.822 0.4444440007
39347  7.806  -23.915  91.667 0.2222220004
41106  11.103  -22.515  87.295 0.4444440007
41089  11.605  -21.800  87.883 0.3333329856
50014  30.532  -11.582  75.119 0.2222220004
59174  33.963  -3.058  62.584 0.7777780294
117679  34.537  -2.239  61.837 0.7777780294
59980  34.663  -1.601  63.274 0.6666669846
61765  35.886  0.617  63.193 0.5555559993
61806  36.049  1.219  60.017 0.7777780294
62667  36.384  2.549  60.449 0.7777780294
62644  36.513  1.110  63.644 0.4444440007
62643  37.153  1.869  64.127 0.4444440007
62631  37.661  1.193  64.756 0.3333329856
61739  37.023  -0.208  64.379 0.4444440007
60877  35.987  -0.773  64.205 0.5555559993
60876  36.677  -0.546  64.645 0.4444440007
59971  34.866  -1.156  64.063 0.5555559993
64294  38.087  3.792  63.747 0.4444440007
63464  36.602  3.150  62.897 0.6666669846
62651  35.987  1.421  63.028 0.5555559993
62658  35.931  1.986  62.318 0.5555559993
64307  36.342  3.420  61.929 0.7777780294
63477  36.334  3.426  60.864 0.7777780294
63484  36.833  3.052  60.216 0.7777780294
63441  38.924  2.753  65.077 0.2222220004
66036  41.217  5.744  64.736 0.1111110002
66050  40.843  6.028  64.187 0.1111110002
65177  39.455  4.427  64.296 0.5555559993
65189  39.167  4.760  63.635 0.4444440007
64280  39.156  3.623  64.645 0.5555559993
64281  38.400  3.153  64.478 0.3333329856
63455  37.629  2.934  64.090 0.3333329856
66052  39.475  5.393  63.365 0.2222220004
66062  39.773  6.064  63.091 0.2222220004
64305  37.731  4.233  62.918 0.5555559993
65200  38.918  5.089  62.958 0.5555559993
66064  38.505  5.553  62.313 0.5555559993
65209  37.676  5.313  61.802 0.6666669846
64306  36.848  3.964  62.472 0.6666669846
66078  37.942  6.002  60.621 0.7777780294
66079  37.626  5.227  60.100 0.7777780294
34589  5.570  -30.728  90.940 0.1111110002
33811  5.795  -31.208  89.690 0.1111110002
35278  6.596  -30.557  93.367 0.3333329856
36750  4.968  -27.058  89.815 0.2222220004
112557  5.008  -27.008  89.063 0.1111110002
113377  4.922  -26.565  90.106 0.2222220004
37507  5.514  -25.891  90.919 0.2222220004
128653  5.231  -26.153  90.755 0.3333329856
38426  13.430  -25.567  93.220 0.1111110002
39346  13.862  -25.045  92.754 0.1111110002
40203  15.486  -23.850  92.162 0.1111110002
120409  14.707  -24.217  92.834 0.1111110002
39339  14.278  -24.517  93.171 0.1111110002
40204  14.933  -24.197  92.214 0.1111110002
40216  15.153  -23.994  91.324 0.1111110002
39355  14.650  -24.724  91.630 0.1111110002
39345  14.451  -24.675  92.422 0.1111110002
39356  14.013  -25.175  91.900 0.1111110002
40224  15.210  -24.190  90.307 0.1111110002
113009  14.211  -25.260  91.051 0.1111110002
40226  9.256  -23.708  90.638 0.4444440007
39363  14.779  -24.762  90.767 0.1111110002
40215  15.809  -23.618  90.707 0.1111110002
41057  10.335  -22.593  90.600 0.2222220004
41039  10.231  -22.354  91.406 0.2222220004
40217  9.790  -23.052  91.035 0.3333329856
40238  15.367  -24.561  89.323 0.1111110002
39369  14.890  -25.001  89.921 0.1111110002
40225  9.834  -23.282  90.191 0.4444440007
39376  15.045  -25.090  88.483 0.1111110002
110601  17.057  -22.915  91.225 0.1111110002
117250  16.377  -23.020  90.952 0.1111110002
117782  17.263  -22.989  89.990 0.1111110002
41055  16.301  -23.286  90.167 0.1111110002
41072  17.406  -23.214  89.386 0.1111110002
41073  16.766  -23.250  89.593 0.1111110002
41088  16.481  -23.700  88.890 0.1111110002
40237  15.947  -24.043  89.042 0.1111110002
40252  16.137  -24.082  88.211 0.1111110002
120058  19.531  -23.495  89.674 0.1111110002
109117  18.803  -23.232  90.041 0.1111110002
41070  18.943  -23.574  89.114 0.1111110002
41071  18.148  -23.362  89.289 0.1111110002
41087  16.983  -23.424  88.765 0.1111110002
41102  18.393  -23.621  87.527 0.1111110002
41086  17.606  -23.430  88.644 0.1111110002
40251  16.660  -23.778  88.096 0.1111110002
110705  18.099  -23.586  86.719 0.1111110002
113402  17.185  -23.547  87.985 0.1111110002
40266  16.302  -24.036  87.377 0.1111110002
40267  15.797  -24.536  87.456 0.1111110002
41121  17.581  -23.622  86.221 0.1111110002
40284  16.491  -23.961  86.730 0.1111110002
40285  15.982  -24.367  86.469 0.1111110002
41137  17.045  -23.789  85.621 0.1111110002
40304  16.470  -24.032  85.962 0.2222220004
41069  20.316  -23.512  89.759 0.1111110002
40236  19.846  -23.725  88.896 0.1111110002
40249  20.573  -23.817  88.168 0.1111110002
40250  19.738  -23.784  88.020 0.1111110002
44057  30.604  -19.850  80.179 0.2222220004
111530  19.585  -23.761  86.627 0.1111110002
41101  19.255  -23.740  87.415 0.1111110002
114066  30.272  -20.403  79.730 0.3333329856
42121  29.030  -21.731  80.642 0.4444440007
111148  17.949  -23.507  84.309 0.2222220004
41135  18.536  -23.548  85.134 0.2222220004
41148  17.170  -23.793  84.660 0.1111110002
42158  29.219  -21.292  78.761 0.4444440007
41164  17.213  -23.691  83.722 0.4444440007
41118  25.618  -23.731  86.714 0.2222220004
40244  25.054  -23.842  88.033 0.1111110002
40245  24.076  -23.828  88.265 0.1111110002
40297  25.224  -23.796  86.028 0.2222220004
40259  25.101  -23.832  87.241 0.2222220004
40260  24.369  -23.871  87.425 0.1111110002
40246  23.084  -23.808  88.435 0.1111110002
40315  25.306  -23.775  85.302 0.2222220004
40298  24.612  -23.867  85.686 0.2222220004
114865  22.905  -23.889  86.872 0.1111110002
40263  21.496  -23.845  87.731 0.1111110002
40248  21.347  -23.801  88.562 0.1111110002
45001  30.709  -18.224  80.490 0.1111110002
44056  30.726  -19.186  80.772 0.2222220004
127561  24.045  -23.918  86.097 0.2222220004
40279  23.266  -23.882  86.107 0.1111110002
114864  21.991  -23.860  86.903 0.1111110002
40264  20.726  -23.840  87.330 0.1111110002
40327  24.473  -23.768  83.985 0.2222220004
40280  22.451  -23.863  86.167 0.1111110002
119107  20.886  -23.809  86.056 0.1111110002
40303  20.028  -23.743  85.758 0.1111110002
43069  29.913  -20.494  79.025 0.3333329856
42138  29.671  -21.169  79.834 0.3333329856
41147  18.838  -23.420  84.292 0.2222220004
41163  17.765  -23.421  83.460 0.5555559993
45902  30.606  -17.319  80.031 0.1111110002
46706  30.701  -16.402  80.238 0.1111110002
45013  30.472  -18.451  79.200 0.1111110002
44069  30.378  -19.541  79.293 0.2222220004
40316  24.583  -23.842  84.823 0.2222220004
40317  23.905  -23.825  84.448 0.2222220004
40300  22.807  -23.847  85.435 0.1111110002
40301  21.958  -23.823  85.519 0.1111110002
40302  20.784  -23.740  85.288 0.2222220004
41133  20.157  -23.631  84.798 0.2222220004
44068  30.589  -18.909  79.959 0.2222220004
40318  23.116  -23.815  84.576 0.3333329856
40319  21.604  -23.665  84.226 0.3333329856
41144  21.020  -23.518  83.772 0.4444440007
43084  29.656  -20.526  78.171 0.4444440007
41160  20.465  -23.379  83.275 0.5555559993
41161  19.203  -23.302  83.528 0.6666669846
43085  29.099  -21.081  77.824 0.4444440007
45912  30.564  -17.484  79.222 0.1111110002
116523  30.602  -16.576  79.426 0.1111110002
45024  30.257  -18.843  78.634 0.2222220004
41177  20.669  -23.267  82.482 0.4444440007
121184  30.013  -18.028  77.539 0.2222220004
44080  30.051  -19.657  78.437 0.4444440007
44091  29.798  -19.698  77.626 0.4444440007
43103  29.434  -20.449  77.481 0.4444440007
43104  28.951  -20.813  76.972 0.4444440007
43122  28.659  -20.966  76.234 0.4444440007
47483  30.843  -15.473  80.415 0.1111110002
45038  29.710  -18.748  77.009 0.4444440007
44092  29.471  -19.896  76.868 0.4444440007
120741  29.287  -19.201  76.196 0.4444440007
44107  29.047  -20.246  76.176 0.5555559993
48317  31.106  -14.814  80.227 0.1111110002
121502  30.822  -15.546  79.549 0.1111110002
46717  30.556  -16.147  78.907 0.1111110002
46718  30.294  -16.920  78.016 0.1111110002
45926  29.859  -17.663  76.892 0.1111110002
45049  29.402  -18.256  76.226 0.4444440007
45059  29.090  -18.693  75.563 0.4444440007
117357  28.926  -19.684  75.406 0.5555559993
49162  32.141  -13.807  80.764 0.1111110002
49148  31.951  -13.847  81.587 0.1111110002
44035  18.090  -18.227  82.519 0.2222220004
114146  31.640  -14.255  80.320 0.1111110002
48316  31.375  -14.207  80.997 0.1111110002
47502  30.724  -15.832  78.820 0.1111110002
47503  30.443  -16.374  78.196 0.1111110002
117312  30.223  -16.917  77.455 0.1111110002
45004  21.258  -17.671  79.740 0.1111110002
45920  30.176  -17.354  77.604 0.1111110002
45927  29.562  -17.753  76.133 0.3333329856
118518  29.208  -18.101  75.707 0.4444440007
112009  29.015  -18.303  75.010 0.4444440007
49172  34.555  -13.568  79.735 0.1111110002
49173  33.814  -13.383  80.080 0.1111110002
49160  33.756  -13.385  80.947 0.1111110002
49146  33.788  -13.477  81.781 0.1111110002
44019  18.923  -18.059  83.246 0.2222220004
110794  18.031  -18.188  83.399 0.2222220004
127544  34.317  -13.998  78.419 0.1111110002
49184  33.905  -13.670  79.182 0.1111110002
128547  33.208  -13.623  79.712 0.1111110002
112254  19.018  -17.993  82.591 0.2222220004
48343  34.176  -14.502  77.790 0.1111110002
49185  32.961  -14.016  79.102 0.1111110002
49174  32.366  -13.957  79.854 0.1111110002
44994  20.055  -17.884  81.082 0.1111110002
44049  19.682  -17.883  82.102 0.2222220004
115427  18.610  -18.116  81.786 0.2222220004
48354  35.197  -14.530  76.252 0.1111110002
48356  33.960  -15.089  77.064 0.1111110002
48344  33.327  -14.909  77.773 0.1111110002
48333  32.590  -14.750  78.457 0.1111110002
48334  31.576  -14.969  78.767 0.1111110002
48325  30.970  -15.117  79.270 0.1111110002
44062  20.962  -17.723  80.973 0.1111110002
45006  19.366  -17.952  80.134 0.1111110002
129151  34.574  -14.975  76.491 0.1111110002
48345  32.450  -15.477  77.694 0.1111110002
47514  30.675  -15.959  78.072 0.1111110002
45005  20.310  -17.740  80.002 0.1111110002
49210  35.449  -13.566  75.165 0.1111110002
48365  35.015  -14.226  75.421 0.1111110002
121647  34.051  -15.338  75.424 0.1111110002
48367  34.085  -15.339  76.227 0.1111110002
48346  31.428  -15.599  78.015 0.1111110002
108686  30.928  -16.037  77.248 0.1111110002
47515  30.393  -16.573  77.268 0.1111110002
111890  30.116  -17.055  76.556 0.1111110002
45016  20.425  -17.747  78.903 0.1111110002
49217  34.786  -13.839  74.707 0.1111110002
48375  34.217  -14.314  74.272 0.1111110002
48366  34.476  -14.656  75.015 0.1111110002
47548  33.470  -15.986  75.104 0.1111110002
47538  30.669  -16.721  75.705 0.1111110002
48376  33.948  -15.195  74.607 0.1111110002
47559  33.465  -15.887  74.178 0.1111110002
47523  33.549  -15.656  76.685 0.1111110002
48357  33.217  -15.479  77.222 0.1111110002
47524  32.692  -15.986  76.721 0.1111110002
47535  33.470  -15.890  75.998 0.1111110002
47513  31.811  -15.940  77.228 0.1111110002
47549  32.801  -16.618  74.709 0.2222220004
47536  32.709  -16.497  75.717 0.1111110002
47537  31.723  -16.843  75.134 0.1111110002
47550  31.361  -17.201  74.224 0.1111110002
47562  31.006  -17.380  73.263 0.3333329856
55639  35.983  -6.230  70.741 0.1111110002
57423  36.274  -5.278  69.912 0.1111110002
57422  36.696  -5.019  69.876 0.1111110002
56616  37.036  -5.362  62.812 0.6666669846
57520  37.052  -4.368  61.674 0.6666669846
57509  36.626  -4.881  62.217 0.7777780294
58360  37.495  -3.809  61.144 0.6666669846
57522  35.455  -4.186  61.941 0.6666669846
58368  36.987  -3.179  60.643 0.6666669846
58369  35.943  -3.181  60.728 0.6666669846
58363  34.990  -3.600  61.671 0.6666669846
59190  34.893  -2.580  60.870 0.6666669846
59181  34.695  -2.909  61.408 0.6666669846
60007  37.003  -1.674  59.946 0.6666669846
60009  35.384  -1.445  60.440 0.6666669846
60903  34.820  -1.490  60.882 0.6666669846
59997  34.668  -1.689  61.488 0.6666669846
59189  35.501  -2.354  60.562 0.6666669846
59998  34.695  -2.192  61.130 0.6666669846
60900  41.448  -0.576  61.483 0.5555559993
108936  40.895  -1.595  61.620 0.5555559993
59996  39.879  -1.940  60.716 0.6666669846
61778  35.410  0.690  61.501 0.6666669846
61776  41.899  0.168  61.378 0.5555559993
61777  41.362  -0.109  60.983 0.5555559993
60004  39.972  -1.236  60.438 0.6666669846
60005  39.294  -1.516  60.093 0.6666669846
59187  37.630  -2.415  60.207 0.6666669846
60016  36.589  -1.037  59.787 0.6666669846
60913  35.206  -0.646  60.474 0.6666669846
60902  34.832  -0.868  61.423 0.5555559993
60911  39.697  -0.691  60.023 0.5555559993
60920  37.574  -0.163  59.502 0.6666669846
60015  37.330  -0.937  59.651 0.6666669846
62657  42.238  0.850  60.861 0.5555559993
61789  41.539  0.490  60.659 0.5555559993
61790  40.905  0.007  60.492 0.5555559993
61791  40.189  0.121  59.915 0.5555559993
115173  36.309  0.135  59.695 0.6666669846
113982  35.730  0.323  60.015 0.6666669846
60919  38.508  0.123  59.551 0.6666669846
60921  36.752  -0.364  59.612 0.6666669846
110873  36.422  0.894  59.735 0.6666669846
62676  36.680  1.970  59.897 0.6666669846
61804  38.375  1.266  59.529 0.6666669846
109227  37.264  1.223  59.562 0.6666669846
63469  43.356  1.515  60.690 0.4444440007
63476  42.191  1.319  59.498 0.4444440007
62663  42.638  1.259  60.348 0.5555559993
62664  41.793  1.077  60.164 0.5555559993
62672  41.081  1.310  59.426 0.5555559993
62666  40.359  0.887  59.609 0.6666669846
61803  39.473  0.748  59.577 0.6666669846
62675  37.685  2.094  59.619 0.6666669846
128471  37.329  2.721  59.849 0.6666669846
64279  39.838  4.014  64.920 0.3333329856
63474  43.836  1.735  60.211 0.3333329856
63475  43.089  1.471  59.807 0.4444440007
116658  37.438  3.466  59.816 0.6666669846
63479  42.622  1.564  58.942 0.4444440007
63480  41.500  1.698  58.745 0.5555559993
63481  40.538  1.794  58.927 0.6666669846
63482  39.631  2.176  59.018 0.6666669846
63483  38.624  2.191  59.457 0.6666669846
108865  37.995  2.877  59.558 0.6666669846
62674  39.218  1.589  59.431 0.6666669846
64317  44.501  2.083  60.620 0.3333329856
64326  44.209  2.067  59.781 0.3333329856
64327  43.500  1.736  59.318 0.3333329856
64335  44.660  2.385  59.367 0.3333329856
64336  43.801  2.037  58.856 0.3333329856
64337  42.925  1.902  58.566 0.3333329856
64338  42.053  1.946  58.369 0.4444440007
63488  41.234  2.252  58.247 0.6666669846
64339  38.774  3.005  58.990 0.6666669846
64340  37.995  3.633  59.319 0.6666669846
64351  40.464  2.817  58.111 0.6666669846
108296  39.847  3.299  58.024 0.6666669846
63490  39.710  2.853  58.503 0.6666669846
64352  39.210  3.569  58.359 0.6666669846
66072  38.087  5.940  61.532 0.5555559993
66942  38.464  6.580  60.215 0.6666669846
66955  38.580  6.556  58.452 0.5555559993
66084  37.916  5.894  59.652 0.6666669846
64376  40.773  3.746  56.630 0.6666669846
65244  39.193  4.671  57.386 0.6666669846
119892  38.030  5.875  58.758 0.5555559993
108600  45.136  2.631  57.972 0.2222220004
64347  44.450  2.381  58.501 0.4444440007
64363  42.906  2.493  57.525 0.5555559993
64365  41.200  3.214  57.082 0.6666669846
65243  39.935  4.167  56.926 0.6666669846
65245  38.490  5.046  57.876 0.6666669846
64354  37.886  4.371  59.083 0.6666669846
111193  43.088  2.158  58.229 0.3333329856
64350  41.267  2.710  57.752 0.6666669846
64366  40.392  3.380  57.439 0.6666669846
65233  38.147  4.704  58.520 0.6666669846
64353  38.455  3.938  58.733 0.6666669846
67737  39.326  7.217  58.347 0.5555559993
66963  39.063  6.499  57.591 0.4444440007
67736  40.262  7.716  58.459 0.4444440007
64359  48.159  3.521  57.834 0.2222220004
125966  46.875  3.131  58.051 0.2222220004
110466  46.075  2.887  58.234 0.2222220004
65253  40.448  4.540  56.332 0.6666669846
66111  39.583  6.076  57.014 0.5555559993
65231  48.993  3.781  58.097 0.1111110002
64361  46.532  3.101  57.350 0.2222220004
109541  42.651  2.932  56.658 0.5555559993
109016  41.717  3.384  56.374 0.6666669846
65252  41.188  4.212  56.013 0.6666669846
66110  40.429  5.415  56.223 0.6666669846
64371  46.358  3.267  56.562 0.2222220004
64373  44.417  2.821  56.478 0.4444440007
64374  43.411  3.018  56.109 0.5555559993
64386  41.942  4.048  55.657 0.5555559993
66962  40.203  6.787  56.957 0.5555559993
65240  49.612  4.237  57.424 0.1111110002
66107  49.749  4.961  56.027 0.1111110002
65250  48.406  4.252  56.446 0.1111110002
65242  47.594  4.061  56.260 0.1111110002
64370  47.119  3.478  56.782 0.2222220004
66109  40.999  5.793  55.809 0.5555559993
66132  50.070  5.550  54.558 0.2222220004
117879  49.276  5.311  55.049 0.1111110002
65259  48.075  4.612  55.709 0.1111110002
65251  46.782  3.849  56.055 0.2222220004
64381  45.969  3.552  55.861 0.4444440007
64382  45.052  3.342  55.734 0.5555559993
64384  43.259  3.570  55.430 0.5555559993
64385  42.617  3.959  55.406 0.5555559993
65266  41.467  4.987  55.509 0.5555559993
66131  50.818  5.606  54.201 0.2222220004
109331  50.115  5.815  53.664 0.2222220004
66120  47.764  5.076  55.014 0.2222220004
65260  47.272  4.441  55.506 0.2222220004
113783  45.548  3.945  55.215 0.4444440007
65262  44.697  3.824  55.019 0.5555559993
65263  43.835  3.915  54.920 0.5555559993
65265  42.239  4.680  55.158 0.5555559993
65275  44.383  4.460  54.469 0.5555559993
66961  40.872  7.095  56.765 0.4444440007
130446  41.413  5.702  55.426 0.5555559993
66147  51.683  5.474  53.802 0.1111110002
66150  48.555  5.941  53.365 0.2222220004
66135  47.503  5.338  54.316 0.2222220004
66136  46.783  5.294  53.980 0.3333329856
129068  45.562  4.825  54.162 0.5555559993
65276  43.537  4.693  54.528 0.5555559993
65277  42.697  5.143  54.680 0.5555559993
66121  41.860  5.687  54.996 0.4444440007
66172  53.803  4.621  52.191 0.1111110002
66174  52.010  4.984  52.045 0.1111110002
66163  50.277  5.615  52.663 0.1111110002
108575  48.681  5.839  52.577 0.2222220004
109134  47.187  5.840  52.673 0.3333329856
65280  45.892  5.151  53.641 0.4444440007
65281  44.957  4.979  53.888 0.5555559993
66137  43.975  5.089  53.934 0.5555559993
66138  43.227  5.506  54.217 0.4444440007
66139  42.517  6.078  54.532 0.4444440007
126546  48.089  5.691  52.033 0.2222220004
66167  46.413  5.859  52.195 0.3333329856
65293  52.294  4.256  51.437 0.1111110002
67763  43.098  7.741  55.844 0.3333329856
66971  41.849  7.362  56.085 0.3333329856
67749  41.501  7.505  56.935 0.3333329856
66982  42.771  7.362  55.037 0.4444440007
67764  42.444  7.431  55.682 0.4444440007
125309  43.147  7.336  54.228 0.4444440007
66992  42.703  6.783  54.567 0.4444440007
115532  42.107  6.782  55.105 0.4444440007
66983  41.459  6.401  55.510 0.4444440007
66998  43.410  6.681  53.469 0.5555559993
113196  43.054  6.369  54.058 0.4444440007
66180  45.848  6.139  51.471 0.5555559993
66168  45.580  5.933  52.421 0.5555559993
66997  43.893  6.255  52.934 0.5555559993
66155  43.605  5.845  53.587 0.5555559993
64408  54.501  3.240  50.375 0.1111110002
65301  54.013  3.716  51.030 0.1111110002
126811  52.256  3.806  50.900 0.1111110002
65294  51.136  4.485  51.483 0.2222220004
108566  48.738  5.318  51.671 0.2222220004
65300  55.142  3.814  50.934 0.1111110002
67757  42.696  7.764  56.487 0.3333329856
68516  43.496  7.987  55.080 0.3333329856
67770  43.485  7.539  53.420 0.4444440007
67007  44.806  7.100  51.586 0.4444440007
67002  44.205  6.857  52.285 0.5555559993
67003  43.672  7.000  52.889 0.5555559993
67001  45.108  6.453  51.983 0.5555559993
66169  44.703  6.038  52.656 0.5555559993
64409  53.452  3.239  50.411 0.1111110002
65304  50.597  3.783  50.656 0.2222220004
65296  49.172  4.586  50.958 0.2222220004
128526  48.408  4.801  50.768 0.2222220004
66179  46.517  5.766  51.116 0.4444440007
66185  46.180  6.024  50.635 0.5555559993
64433  55.113  3.333  48.815 0.1111110002
64420  53.924  2.970  49.804 0.1111110002
64410  52.305  3.363  50.398 0.2222220004
64411  51.207  3.252  50.082 0.2222220004
65305  49.670  3.958  50.376 0.2222220004
113300  48.728  4.349  49.988 0.3333329856
66178  47.175  5.422  50.699 0.4444440007
66184  46.626  5.704  50.225 0.5555559993
64452  54.687  3.573  47.957 0.2222220004
63520  53.463  2.925  49.127 0.2222220004
120909  52.023  3.087  49.722 0.2222220004
64423  50.712  3.299  49.464 0.2222220004
64413  49.553  3.851  49.766 0.2222220004
65341  54.000  5.075  46.491 0.4444440007
65329  53.504  4.369  46.911 0.3333329856
64434  53.632  3.262  47.928 0.3333329856
64453  53.028  3.698  47.430 0.4444440007
67777  44.783  7.682  51.282 0.4444440007
67014  46.245  6.207  50.024 0.4444440007
67009  45.773  6.515  50.677 0.4444440007
128679  47.852  4.939  50.286 0.4444440007
66188  46.831  5.841  49.622 0.4444440007
64422  51.451  3.097  49.268 0.3333329856
64438  50.021  3.675  49.161 0.3333329856
65306  47.975  4.890  49.605 0.3333329856
130715  47.561  5.480  49.327 0.4444440007
65330  52.429  4.321  47.090 0.4444440007
64436  51.714  3.246  48.398 0.3333329856
64437  50.858  3.435  48.724 0.3333329856
65318  49.646  4.374  48.548 0.4444440007
65308  49.238  4.195  49.280 0.4444440007
65309  48.564  4.607  49.188 0.3333329856
65342  52.847  4.953  46.600 0.4444440007
67784  47.938  7.076  49.108 0.4444440007
122381  47.034  7.105  49.295 0.4444440007
67022  49.169  6.107  48.385 0.4444440007
67012  48.294  6.099  48.789 0.4444440007
130325  51.626  4.328  47.355 0.4444440007
65317  50.377  4.100  48.203 0.4444440007
66195  50.064  5.073  47.922 0.4444440007
65319  49.065  4.626  48.744 0.4444440007
66214  53.370  5.596  46.150 0.4444440007
65331  51.786  4.919  46.903 0.4444440007
67044  52.628  6.140  45.830 0.4444440007
68534  50.257  8.821  50.044 0.1111110002
68540  50.143  8.728  49.538 0.2222220004
68535  49.649  8.633  50.072 0.3333329856
67781  49.730  8.414  49.206 0.2222220004
67783  48.713  7.532  48.866 0.4444440007
67788  49.278  7.147  48.330 0.4444440007
67782  49.258  8.037  48.917 0.4444440007
68543  47.778  7.860  49.486 0.4444440007
66204  51.144  5.589  46.882 0.4444440007
65332  50.887  4.797  47.435 0.4444440007
67021  49.680  6.142  47.911 0.4444440007
68568  51.683  8.179  45.190 0.3333329856
67060  51.880  6.775  45.737 0.4444440007
67045  51.384  6.219  46.405 0.4444440007
111631  50.370  5.744  47.404 0.4444440007
69300  50.645  9.167  49.910 0.1111110002
69305  49.868  9.024  48.353 0.1111110002
69302  50.366  9.015  49.263 0.2222220004
118515  49.564  8.421  47.635 0.2222220004
67787  49.297  8.062  48.638 0.3333329856
68548  49.605  8.797  46.934 0.2222220004
118952  49.555  7.230  47.908 0.2222220004
68554  49.912  8.204  46.749 0.2222220004
67046  50.178  6.888  47.053 0.3333329856
67033  50.041  6.448  47.454 0.4444440007
68588  52.186  8.939  44.668 0.3333329856
129421  51.322  8.805  45.094 0.1111110002
67829  50.638  8.257  45.780 0.2222220004
67812  50.367  7.493  46.529 0.2222220004
123606  50.704  6.546  46.706 0.4444440007
70076  50.844  9.714  49.675 0.1111110002
70078  50.872  10.448  49.319 0.1111110002
117941  50.281  10.534  48.511 0.1111110002
70079  50.427  9.648  48.875 0.1111110002
121761  49.786  9.778  47.967 0.1111110002
69306  49.535  9.169  47.436 0.2222220004
70086  49.309  10.297  46.326 0.2222220004
69309  49.549  9.492  46.655 0.2222220004
116947  50.041  8.953  46.187 0.2222220004
71726  51.368  11.898  49.257 0.1111110002
70889  51.440  11.278  49.642 0.1111110002
70893  50.115  11.488  48.312 0.1111110002
71733  48.757  12.098  47.187 0.1111110002
70894  49.433  11.772  47.680 0.1111110002
70082  49.530  10.796  47.642 0.1111110002
71734  48.360  12.531  46.432 0.1111110002
70899  48.617  11.587  46.613 0.1111110002
128022  48.785  11.545  45.317 0.1111110002
70907  48.419  11.844  45.771 0.1111110002
70898  48.952  10.812  46.852 0.1111110002
70083  49.302  9.998  47.160 0.2222220004
70912  49.361  11.214  44.820 0.1111110002
69314  49.981  9.863  45.592 0.2222220004
69313  50.674  9.199  45.300 0.2222220004
71729  49.366  12.536  47.607 0.1111110002
64417  56.650  3.791  49.342 0.1111110002
110290  57.022  3.954  49.849 0.1111110002
64431  56.763  3.695  48.638 0.1111110002
129684  54.701  4.075  47.459 0.3333329856
64418  55.791  3.604  49.469 0.1111110002
125568  14.903  -25.259  89.183 0.1111110002
109572  17.980  -23.226  82.810 0.5555559993
41179  18.788  -23.167  82.780 0.6666669846
40329  22.436  -23.701  83.797 0.2222220004
40330  21.654  -23.599  83.553 0.4444440007
108607  30.802  -16.915  74.853 0.2222220004
47560  32.856  -16.575  73.762 0.2222220004
47561  32.083  -17.182  73.483 0.2222220004
57397  36.342  -5.344  70.499 0.1111110002
57441  37.102  -5.359  69.120 0.1111110002
57523  34.892  -4.082  62.170 0.6666669846
57511  34.383  -4.365  62.440 0.7777780294
57510  35.810  -4.831  62.261 0.7777780294
39357  8.696  -24.141  91.102 0.4444440007
46725  29.930  -17.329  76.589 0.1111110002
47526  30.274  -16.876  76.288 0.1111110002
111006  30.268  -16.954  74.914 0.2222220004
117178  35.085  -0.107  61.750 0.5555559993
61792  35.631  1.006  60.566 0.6666669846
66935  38.521  6.584  61.180 0.6666669846
60819  35.851  -0.189  67.256 0.1111110002
44995  19.072  -18.019  81.048 0.1111110002
65234  37.715  5.113  59.124 0.6666669846
40218  9.094  -23.328  91.366 0.2222220004
40223  15.794  -23.841  89.843 0.1111110002
41054  16.835  -22.976  90.411 0.1111110002
41074  16.260  -23.583  89.521 0.1111110002
40253  15.610  -24.600  88.364 0.1111110002
41084  19.068  -23.703  88.248 0.1111110002
41085  18.313  -23.560  88.469 0.1111110002
111390  17.780  -23.530  87.957 0.1111110002
41104  16.816  -23.763  87.308 0.1111110002
41103  17.513  -23.589  87.171 0.1111110002
41122  16.946  -23.752  86.505 0.1111110002
40321  16.503  -24.091  84.997 0.1111110002
41132  25.904  -23.626  85.898 0.2222220004
40265  20.032  -23.808  87.367 0.1111110002
40283  20.397  -23.815  86.655 0.1111110002
111627  18.776  -23.678  86.692 0.1111110002
41119  19.087  -23.677  85.867 0.1111110002
41120  18.292  -23.609  85.991 0.1111110002
41136  17.744  -23.609  85.322 0.1111110002
41162  18.413  -23.326  83.537 0.5555559993
41100  25.595  -23.743  87.457 0.2222220004
40261  23.487  -23.871  87.581 0.1111110002
40278  24.690  -23.866  86.577 0.2222220004
120311  23.809  -23.904  86.792 0.1111110002
40262  22.499  -23.855  87.688 0.1111110002
40282  21.176  -23.848  86.807 0.1111110002
40299  23.788  -23.890  85.322 0.2222220004
40281  21.619  -23.845  86.184 0.1111110002
41134  19.366  -23.595  85.008 0.2222220004
41146  19.617  -23.453  84.203 0.2222220004
45913  30.326  -17.803  78.319 0.2222220004
109375  22.205  -23.775  84.753 0.3333329856
125208  21.308  -23.800  85.603 0.2222220004
109497  21.453  -23.748  84.983 0.3333329856
40320  20.888  -23.628  84.516 0.4444440007
41145  20.329  -23.470  84.021 0.5555559993
126394  19.862  -23.346  83.562 0.5555559993
46712  30.505  -16.798  78.622 0.1111110002
45037  30.048  -18.789  77.926 0.3333329856
47492  30.668  -15.938  79.673 0.1111110002
126992  30.397  -16.505  78.209 0.1111110002
49147  32.919  -13.522  81.401 0.1111110002
48324  31.615  -14.599  79.627 0.1111110002
49161  33.025  -13.501  80.442 0.1111110002
48332  33.565  -14.288  78.464 0.1111110002
48355  34.797  -14.693  77.119 0.1111110002
48323  32.231  -14.452  79.168 0.1111110002
114135  34.630  -14.896  75.773 0.1111110002
128164  31.978  -15.176  78.238 0.1111110002
48335  30.990  -15.513  78.641 0.1111110002
47525  30.622  -16.490  76.606 0.1111110002
125504  31.564  -16.389  76.355 0.1111110002
125225  32.170  -16.963  74.265 0.1111110002
57521  36.176  -4.299  61.738 0.6666669846
58362  35.646  -3.735  61.273 0.6666669846
58361  36.518  -3.797  61.149 0.6666669846
58367  37.982  -3.190  60.679 0.6666669846
59188  36.508  -2.414  60.325 0.6666669846
58370  35.142  -3.162  60.912 0.6666669846
60010  34.967  -2.034  60.748 0.6666669846
60008  36.087  -1.595  60.075 0.6666669846
60893  41.968  -0.506  61.974 0.5555559993
59995  40.521  -1.346  61.021 0.6666669846
59994  41.051  -1.090  61.451 0.5555559993
59178  40.426  -2.228  61.493 0.6666669846
118821  35.172  0.109  60.864 0.5555559993
62665  40.956  0.742  60.081 0.5555559993
60901  40.954  -0.638  60.978 0.5555559993
60910  40.383  -0.636  60.455 0.5555559993
126899  38.581  -1.349  59.768 0.6666669846
60014  38.145  -0.777  59.575 0.6666669846
60912  38.949  -0.728  59.709 0.6666669846
60006  37.879  -1.556  59.797 0.6666669846
60017  35.912  -0.629  59.884 0.6666669846
60918  39.361  -0.084  59.728 0.6666669846
119908  36.967  0.395  59.521 0.6666669846
61805  37.734  0.578  59.501 0.6666669846
62673  40.078  1.421  59.286 0.6666669846
63489  40.491  2.272  58.542 0.6666669846
130702  41.681  2.266  58.092 0.4444440007
66934  39.276  6.942  61.597 0.4444440007
66950  38.427  6.553  59.314 0.6666669846
65232  38.837  4.320  58.095 0.6666669846
64367  39.555  3.900  57.689 0.6666669846
66099  38.970  5.514  57.347 0.5555559993
66090  38.109  5.300  58.422 0.5555559993
66100  38.398  5.799  57.983 0.5555559993
111001  45.023  2.705  57.185 0.3333329856
108601  45.285  2.691  58.853 0.2222220004
108599  44.251  2.454  57.532 0.4444440007
129016  43.541  2.407  57.523 0.5555559993
64348  43.651  2.249  58.069 0.4444440007
64364  41.951  2.800  57.207 0.6666669846
64349  42.238  2.300  57.953 0.5555559993
129155  39.681  6.649  57.270 0.5555559993
64360  47.371  3.323  57.561 0.2222220004
64344  48.350  3.409  58.698 0.2222220004
114617  47.896  3.764  57.032 0.1111110002
64345  47.537  3.238  58.364 0.2222220004
64362  45.731  2.869  57.384 0.2222220004
65254  39.728  5.134  56.733 0.6666669846
66973  40.088  5.938  56.588 0.5555559993
65241  48.703  4.022  57.264 0.1111110002
130093  46.042  3.067  56.958 0.2222220004
109252  43.510  2.598  56.945 0.4444440007
65267  40.890  4.952  55.925 0.5555559993
64372  45.521  3.049  56.578 0.3333329856
64383  44.105  3.273  55.518 0.5555559993
64375  42.580  3.397  55.882 0.6666669846
65248  50.244  4.570  57.174 0.1111110002
65249  49.855  4.599  56.757 0.1111110002
65230  49.802  4.088  58.315 0.1111110002
116715  49.215  4.439  56.620 0.1111110002
114937  40.600  6.327  56.361 0.5555559993
66118  50.098  5.248  55.324 0.2222220004
66119  48.472  5.105  55.209 0.1111110002
66108  48.863  4.834  55.866 0.1111110002
65261  46.359  4.261  55.267 0.4444440007
65264  43.050  4.328  55.037 0.5555559993
66133  49.294  5.794  54.003 0.2222220004
66134  48.363  5.526  54.342 0.2222220004
65273  46.958  4.924  54.794 0.3333329856
65274  46.102  4.731  54.472 0.3333329856
112965  45.297  4.429  54.585 0.5555559993
124658  45.832  4.355  54.903 0.4444440007
66972  41.142  6.829  56.176 0.4444440007
111938  51.174  5.588  52.972 0.1111110002
66162  51.911  5.339  52.836 0.1111110002
66165  47.913  5.902  52.683 0.2222220004
66151  47.594  5.733  53.481 0.3333329856
120777  53.332  4.885  52.493 0.1111110002
66173  52.894  4.723  52.062 0.1111110002
65292  53.400  4.194  51.644 0.1111110002
120672  51.159  5.251  52.274 0.1111110002
66175  50.472  5.068  51.830 0.1111110002
66149  49.384  5.958  53.113 0.2222220004
66152  46.636  5.624  53.139 0.3333329856
109485  45.957  5.554  52.897 0.5555559993
66154  44.366  5.576  53.321 0.5555559993
66176  49.686  5.153  51.773 0.2222220004
66164  49.352  5.633  52.393 0.2222220004
66166  47.278  5.734  51.835 0.3333329856
65302  52.928  3.789  50.954 0.1111110002
66153  45.255  5.512  53.151 0.5555559993
64407  55.484  3.535  50.206 0.1111110002
64419  54.854  3.160  49.667 0.1111110002
65303  51.599  3.786  50.826 0.2222220004
65295  50.078  4.413  51.206 0.2222220004
66177  47.865  5.270  51.192 0.2222220004
67773  44.247  7.696  51.790 0.4444440007
67006  45.375  6.679  51.313 0.4444440007
64421  52.897  3.028  49.774 0.2222220004
64412  50.222  3.475  49.937 0.2222220004
63524  54.087  3.069  48.559 0.1111110002
63519  54.292  3.019  49.186 0.1111110002
66183  47.266  5.320  49.901 0.4444440007
64451  55.688  3.921  48.115 0.1111110002
124417  54.042  3.840  47.386 0.4444440007
63525  53.231  2.999  48.514 0.3333329856
64435  52.633  3.166  48.084 0.3333329856
63521  52.436  2.913  48.988 0.2222220004
64454  52.060  3.706  47.645 0.4444440007
67776  45.299  7.241  50.836 0.4444440007
67785  46.553  6.555  49.588 0.4444440007
67015  45.888  7.007  49.998 0.4444440007
128095  46.428  7.288  49.578 0.4444440007
67013  47.266  6.246  49.216 0.4444440007
129951  48.114  5.081  49.037 0.4444440007
65316  51.203  3.875  47.906 0.4444440007
66197  48.725  5.186  48.670 0.4444440007
66196  49.416  5.225  48.314 0.4444440007
66215  52.131  5.539  46.394 0.4444440007
67827  52.298  7.542  45.287 0.4444440007
68541  49.838  8.537  49.586 0.2222220004
68542  49.170  8.306  49.445 0.4444440007
68536  48.647  8.445  49.984 0.4444440007
122327  48.459  7.945  49.318 0.4444440007
67011  49.030  7.032  48.511 0.4444440007
67032  50.580  6.246  46.972 0.4444440007
67828  51.229  7.453  45.772 0.4444440007
67811  50.915  6.856  46.375 0.4444440007
70075  51.407  10.564  50.052 0.1111110002
121734  49.599  8.366  48.652 0.2222220004
67797  49.718  7.660  47.452 0.3333329856
70890  50.815  11.262  48.964 0.1111110002
71727  50.776  12.144  48.733 0.1111110002
127130  48.927  11.376  47.191 0.1111110002
70092  49.533  10.621  45.475 0.1111110002
70906  48.877  11.100  45.958 0.1111110002
70091  50.158  10.591  44.706 0.1111110002
64432  56.140  3.738  48.735 0.1111110002
36744  5.098  -27.007  90.420 0.2222220004
40219  8.446  -23.644  91.633 0.1111110002
40206  8.858  -22.832  91.995 0.1111110002
43999  20.552  -18.308  84.368 0.1111110002
44018  19.754  -18.077  83.802 0.1111110002
115245  18.877  -18.187  83.993 0.1111110002
128835  28.444  -22.035  82.957 0.3333329856
42098  28.604  -21.953  82.429 0.3333329856
43970  19.600  -18.545  86.011 0.1111110002
43985  19.669  -18.460  85.314 0.1111110002
44001  18.818  -18.350  84.779 0.1111110002
120615  17.889  -18.526  85.034 0.1111110002
44002  17.209  -18.555  84.437 0.1111110002
44003  16.307  -18.830  84.171 0.1111110002
44034  19.751  -17.920  83.041 0.1111110002
43971  18.866  -18.624  86.521 0.1111110002
43972  17.731  -18.671  85.995 0.1111110002
114955  16.816  -18.746  85.172 0.1111110002
44005  14.842  -19.405  85.051 0.1111110002
43015  14.290  -19.926  84.546 0.1111110002
109444  15.559  -19.178  83.642 0.1111110002
109114  15.694  -19.021  84.857 0.1111110002
56580  40.388  -5.411  65.898 0.3333329856
57471  40.537  -5.187  65.004 0.3333329856
57481  39.931  -5.253  64.271 0.3333329856
56600  38.861  -5.270  63.121 0.4444440007
56588  38.342  -5.754  63.933 0.5555559993
56602  37.354  -5.772  63.537 0.5555559993
57480  40.644  -4.820  64.337 0.3333329856
58330  41.045  -4.285  64.007 0.2222220004
58341  40.055  -4.247  62.956 0.4444440007
57506  39.287  -4.609  62.636 0.5555559993
57519  37.977  -4.376  61.701 0.5555559993
58329  41.755  -4.058  64.358 0.2222220004
59162  41.770  -2.808  63.396 0.2222220004
58350  40.432  -3.509  62.581 0.3333329856
58351  39.695  -3.874  62.220 0.4444440007
58352  38.841  -4.142  61.961 0.5555559993
108075  41.460  -2.218  62.682 0.2222220004
59171  40.752  -2.700  62.275 0.4444440007
59172  40.074  -3.113  61.838 0.5555559993
58358  39.283  -3.469  61.513 0.5555559993
58359  38.415  -3.717  61.263 0.5555559993
108748  41.962  -1.547  62.710 0.2222220004
59985  42.102  -0.985  62.463 0.3333329856
59170  41.009  -2.016  62.027 0.4444440007
59179  39.646  -2.727  61.111 0.5555559993
59186  38.445  -2.645  60.396 0.5555559993
59986  41.499  -1.326  62.045 0.4444440007
60892  42.448  -0.360  62.517 0.2222220004
61764  42.314  0.098  61.985 0.4444440007
62656  42.869  1.263  61.177 0.4444440007
62655  43.520  1.562  61.527 0.2222220004
64324  45.618  2.826  60.544 0.1111110002
64325  44.904  2.442  60.198 0.2222220004
108369  46.212  3.050  59.991 0.1111110002
110125  45.440  2.785  59.708 0.1111110002
108602  46.074  3.015  59.175 0.1111110002
64332  48.466  3.456  59.580 0.1111110002
67712  39.723  7.797  60.097 0.4444440007
66949  39.038  7.165  59.777 0.4444440007
129626  38.904  7.133  59.016 0.4444440007
67725  39.588  7.631  59.193 0.3333329856
67735  41.864  7.976  57.865 0.2222220004
67750  40.860  7.602  57.576 0.2222220004
67751  39.886  7.167  57.650 0.3333329856
34585  5.910  -30.466  92.147 0.1111110002
34590  5.643  -30.061  91.263 0.1111110002
110614  5.716  -30.798  91.567 0.1111110002
127952  17.968  -18.281  84.216 0.1111110002
42120  29.839  -21.274  80.710 0.3333329856
57508  37.521  -4.904  62.255 0.5555559993
59185  39.144  -2.363  60.468 0.5555559993
61775  42.522  0.691  61.626 0.4444440007
63468  44.032  1.799  61.067 0.2222220004
66941  39.099  7.189  60.683 0.4444440007
64346  46.806  3.097  58.772 0.1111110002
40205  9.578  -22.658  91.751 0.1111110002
59180  38.832  -3.041  60.883 0.5555559993
41021  9.386  -22.309  92.524 0.1111110002
44000  19.711  -18.298  84.554 0.1111110002
43986  18.764  -18.521  85.599 0.1111110002
127691  15.632  -19.094  84.213 0.1111110002
108252  39.101  -5.706  64.503 0.3333329856
56587  39.207  -5.444  63.817 0.4444440007
57493  39.643  -4.931  63.399 0.3333329856
56601  37.949  -5.388  62.961 0.5555559993
57492  40.380  -4.594  63.694 0.3333329856
58340  40.768  -3.904  63.300 0.2222220004
57507  38.416  -4.834  62.400 0.6666669846
58339  41.437  -3.585  63.662 0.2222220004
59149  42.080  -3.263  64.046 0.2222220004
59161  42.151  -2.032  63.272 0.2222220004
108828  42.305  -2.570  63.807 0.1111110002
59163  41.067  -3.086  63.019 0.3333329856
59978  42.549  -1.127  63.111 0.2222220004
61751  43.060  -0.123  63.123 0.1111110002
61763  42.782  0.390  62.344 0.2222220004
62650  43.107  1.082  61.960 0.2222220004
63463  44.132  1.941  61.887 0.1111110002
64316  45.109  2.492  61.007 0.1111110002
37541  25.806  -26.388  89.136 0.1111110002
44027  30.940  -19.407  82.373 0.1111110002
43024  30.945  -20.359  83.436 0.1111110002
113858  30.777  -20.759  85.156 0.1111110002
40199  29.284  -23.494  91.780 0.1111110002
43052  30.687  -20.312  81.971 0.1111110002
43025  30.379  -20.937  83.625 0.2222220004
42070  29.481  -21.538  85.501 0.2222220004
42051  29.269  -21.419  87.281 0.1111110002
42952  28.990  -21.318  89.273 0.1111110002
42031  28.299  -21.983  89.691 0.1111110002
42016  28.995  -22.188  91.264 0.1111110002
43061  30.668  -20.101  81.011 0.2222220004
43053  30.280  -20.903  81.264 0.2222220004
42097  29.427  -21.750  82.279 0.2222220004
112724  28.803  -21.830  84.981 0.2222220004
42071  28.740  -21.879  85.848 0.1111110002
42052  28.542  -21.895  87.660 0.1111110002
42108  29.652  -21.568  81.426 0.2222220004
42087  29.063  -21.848  83.153 0.2222220004
37494  26.331  -26.000  92.520 0.1111110002
37508  27.437  -26.019  91.346 0.1111110002
38447  27.952  -25.689  91.963 0.1111110002
40200  28.409  -23.858  92.337 0.1111110002
42042  27.753  -22.500  88.906 0.1111110002
42032  27.868  -22.558  90.392 0.1111110002
42063  28.021  -22.349  86.178 0.1111110002
118469  27.935  -22.390  87.101 0.1111110002
41081  27.151  -22.877  88.333 0.1111110002
41141  27.589  -22.676  84.691 0.2222220004
41116  27.206  -22.879  86.535 0.1111110002
40188  25.990  -24.210  93.191 0.1111110002
39336  26.137  -24.564  93.313 0.1111110002
38415  26.505  -24.928  93.277 0.1111110002
38414  27.119  -24.839  93.057 0.1111110002
38430  27.697  -25.175  92.646 0.1111110002
40201  27.462  -23.889  92.673 0.1111110002
41028  26.876  -23.131  91.718 0.1111110002
41027  27.725  -23.015  91.742 0.1111110002
41043  27.356  -22.898  91.043 0.1111110002
110943  26.914  -22.955  90.180 0.1111110002
41131  26.656  -23.246  85.744 0.1111110002
40202  26.568  -23.867  92.778 0.1111110002
129556  26.158  -23.230  91.627 0.1111110002
41045  25.621  -23.216  91.094 0.1111110002
41044  26.494  -23.127  91.026 0.1111110002
115101  26.098  -23.283  90.425 0.1111110002
41063  26.103  -23.447  89.577 0.1111110002
117371  25.929  -23.653  88.007 0.1111110002
51967  32.822  -10.047  76.597 0.1111110002
50962  32.651  -10.550  75.996 0.1111110002
127579  39.714  -5.709  66.143 0.2222220004
56581  39.677  -5.675  65.265 0.2222220004
107913  38.006  -6.021  64.887 0.3333329856
57479  41.213  -4.680  64.741 0.1111110002
55611  31.367  -6.737  74.172 0.1111110002
55612  30.875  -6.097  73.633 0.2222220004
42072  28.124  -22.246  85.280 0.2222220004
41130  27.438  -22.796  85.548 0.1111110002
50976  28.502  -11.102  75.489 0.2222220004
129320  38.557  -5.871  64.621 0.2222220004
50951  32.642  -10.537  76.911 0.1111110002
50963  32.226  -10.910  76.342 0.1111110002
66071  38.817  6.258  61.998 0.3333329856
43062  30.289  -20.650  80.440 0.2222220004
41099  26.164  -23.543  87.278 0.1111110002
41117  26.408  -23.421  86.551 0.1111110002
44041  30.817  -19.427  81.573 0.1111110002
112725  28.922  -21.848  84.103 0.2222220004
110463  26.587  -26.274  89.632 0.1111110002
127015  30.883  -20.116  82.763 0.1111110002
43040  30.526  -20.728  82.806 0.1111110002
43008  30.951  -20.601  84.243 0.1111110002
42994  30.050  -21.207  85.152 0.1111110002
43009  30.216  -21.074  84.456 0.2222220004
123769  30.875  -20.565  85.922 0.1111110002
39342  29.069  -24.141  92.083 0.1111110002
39353  29.576  -24.424  91.716 0.1111110002
41005  28.868  -23.177  91.761 0.1111110002
112970  29.926  -21.407  82.965 0.2222220004
42086  29.716  -21.522  83.833 0.2222220004
42078  29.553  -21.550  84.678 0.2222220004
42981  30.187  -21.036  85.928 0.1111110002
42061  29.411  -21.493  86.366 0.1111110002
42062  28.655  -21.903  86.741 0.1111110002
42968  29.130  -21.365  88.242 0.1111110002
42041  28.411  -21.892  88.624 0.1111110002
42022  28.649  -22.020  90.638 0.1111110002
42023  28.192  -22.565  91.180 0.1111110002
42004  29.326  -22.487  91.517 0.1111110002
41026  28.543  -22.813  91.630 0.1111110002
43041  30.138  -21.174  82.114 0.2222220004
42053  27.837  -22.382  88.010 0.1111110002
38431  26.853  -25.445  92.893 0.1111110002
38448  27.195  -25.892  92.238 0.1111110002
37509  26.479  -26.179  91.383 0.1111110002
38462  28.068  -25.819  91.223 0.1111110002
37524  27.781  -26.034  90.568 0.1111110002
38446  28.616  -25.444  91.537 0.1111110002
39343  28.398  -24.553  92.502 0.1111110002
41006  28.071  -23.364  92.172 0.1111110002
127392  27.629  -22.678  89.653 0.1111110002
41098  27.256  -22.829  87.486 0.1111110002
126749  26.624  -23.260  87.809 0.1111110002
126573  26.724  -23.160  87.132 0.1111110002
39335  26.762  -24.383  93.065 0.1111110002
39344  27.657  -24.384  92.846 0.1111110002
41007  27.202  -23.439  92.306 0.1111110002
41082  26.426  -23.385  88.623 0.1111110002
41062  26.982  -22.937  89.200 0.1111110002
108292  26.326  -23.415  92.269 0.1111110002
41083  25.590  -23.707  88.796 0.1111110002
115269  36.788  -8.673  73.007 0.1111110002
53866  36.644  -7.999  72.317 0.1111110002
65175  40.870  5.112  64.972 0.1111110002
68524  43.671  8.195  54.178 0.2222220004
109804  44.324  8.599  55.515 0.1111110002
67774  43.725  7.819  52.592 0.3333329856
68523  44.128  8.829  53.821 0.2222220004
69281  44.576  9.470  53.429 0.2222220004
68527  43.650  8.258  53.348 0.2222220004
68529  44.152  8.547  52.072 0.3333329856
112207  45.281  9.851  52.063 0.2222220004
69291  44.801  9.108  51.688 0.2222220004
67779  45.105  8.069  50.801 0.2222220004
68531  45.236  8.856  51.007 0.2222220004
118791  46.051  9.953  51.597 0.1111110002
69290  46.897  9.774  51.311 0.1111110002
68538  46.530  8.674  50.067 0.2222220004
121988  55.302  4.384  47.518 0.2222220004
65328  54.628  4.602  46.994 0.2222220004
70067  49.319  10.057  51.670 0.1111110002
69289  47.900  9.512  51.298 0.1111110002
68537  47.556  8.537  50.020 0.2222220004
65340  54.920  5.374  46.636 0.2222220004
66203  55.552  5.160  46.908 0.2222220004
66212  55.428  5.898  46.418 0.3333329856
67042  55.096  6.458  45.960 0.3333329856
67058  54.597  7.080  45.506 0.3333329856
69295  48.285  8.946  50.683 0.1111110002
69294  49.292  8.889  50.631 0.2222220004
66213  54.545  5.805  46.234 0.3333329856
67043  53.974  6.297  45.760 0.3333329856
67057  55.479  6.990  45.564 0.2222220004
67059  53.270  7.055  45.450 0.3333329856
67826  54.123  7.668  44.974 0.3333329856
117523  53.229  7.747  44.976 0.3333329856
68567  52.712  8.269  44.773 0.3333329856
68566  53.684  8.297  44.574 0.2222220004
69327  52.513  9.615  44.075 0.1111110002
68587  53.174  8.987  44.343 0.1111110002
70100  51.666  10.126  44.065 0.1111110002
111986  51.553  9.487  44.602 0.1111110002
69342  52.132  10.020  43.415 0.1111110002
69353  52.249  9.623  42.450 0.1111110002
70107  51.623  10.315  42.895 0.1111110002
69361  52.104  9.447  41.278 0.1111110002
69341  52.873  9.570  43.279 0.1111110002
70925  50.170  10.846  42.880 0.1111110002
124697  51.519  10.367  43.559 0.1111110002
70101  50.981  10.581  44.028 0.1111110002
70933  50.024  10.715  41.933 0.1111110002
70108  50.986  10.651  43.331 0.1111110002
70118  50.879  10.481  42.446 0.1111110002
70117  51.455  9.915  41.883 0.1111110002
67748  42.289  7.868  57.163 0.1111110002
128116  43.895  8.455  54.842 0.2222220004
68532  44.641  8.322  51.401 0.2222220004
121671  45.557  7.740  50.317 0.3333329856
68545  46.070  7.895  49.831 0.3333329856
68544  46.840  7.943  49.534 0.2222220004
67724  40.475  8.037  59.427 0.2222220004
125202  44.301  8.835  54.654 0.2222220004
68526  43.917  8.797  52.908 0.2222220004
69284  44.542  9.380  52.490 0.2222220004
69283  45.175  10.106  52.964 0.2222220004
130366  45.464  9.481  51.384 0.2222220004
68539  45.699  8.505  50.373 0.2222220004
69296  47.180  9.208  50.624 0.2222220004
69297  46.095  9.376  50.766 0.2222220004
70068  48.421  9.968  51.817 0.1111110002
69288  48.889  9.369  51.237 0.1111110002
67041  55.800  6.448  46.065 0.2222220004
67825  55.049  7.658  45.083 0.2222220004
35266  7.837  -29.611  95.962 0.1111110002
34569  7.640  -30.479  96.138 0.1111110002
35988  8.172  -28.818  95.866 0.1111110002
35989  7.774  -29.674  95.552 0.1111110002
35994  8.131  -29.064  95.601 0.1111110002
34570  7.271  -30.517  95.535 0.1111110002
33790  7.023  -31.333  95.361 0.1111110002
33791  6.830  -31.022  94.923 0.1111110002
35271  7.332  -30.204  94.946 0.1111110002
35272  6.921  -30.560  94.280 0.1111110002
112317  6.143  -31.197  93.618 0.1111110002
35270  7.596  -29.908  94.679 0.1111110002
34578  6.510  -30.812  93.824 0.1111110002
34581  6.187  -30.657  93.071 0.1111110002
55600  32.341  -7.486  75.752 0.1111110002
54810  36.402  -7.211  71.878 0.1111110002
60759  33.184  0.017  71.387 0.1111110002
61625  34.333  0.775  72.619 0.1111110002
120353  33.673  0.546  72.065 0.1111110002
59880  32.045  -1.111  71.474 0.1111110002
60773  32.594  -0.567  71.018 0.1111110002
116420  32.533  -0.290  70.259 0.1111110002
61687  35.881  0.407  68.582 0.1111110002
121343  34.171  0.562  69.400 0.1111110002
66933  40.001  7.267  61.854 0.1111110002
67701  39.785  7.693  61.035 0.1111110002
67711  40.599  8.260  60.393 0.1111110002
128376  41.258  8.294  59.641 0.1111110002
108059  56.488  4.501  46.685 0.1111110002
65349  56.420  5.195  46.118 0.1111110002
66211  56.244  5.800  46.265 0.1111110002
35277  7.144  -30.238  93.944 0.1111110002
126603  33.017  -8.145  76.771 0.1111110002
59889  32.026  -0.916  70.793 0.1111110002
59897  31.900  -0.761  69.847 0.1111110002
60799  35.289  0.323  68.028 0.1111110002
123630  55.979  5.098  46.948 0.1111110002
118064  8.007  -29.567  96.131 0.1111110002
35263  7.615  -29.929  96.000 0.1111110002
33786  7.360  -31.038  95.864 0.1111110002
35267  7.516  -30.059  95.595 0.1111110002
34577  7.104  -30.465  94.965 0.1111110002
33796  6.410  -31.267  94.257 0.1111110002
127161  6.760  -30.760  94.427 0.1111110002
111708  34.534  0.876  71.828 0.1111110002
61626  33.610  0.442  72.958 0.1111110002
60772  33.109  0.126  70.577 0.1111110002
65339  56.183  5.240  46.689 0.1111110002
64470  56.546  3.999  45.621 0.1111110002
124869  55.964  5.796  46.500 0.1111110002
37538  5.023  -26.363  90.590 0.1111110002
40209  6.690  -23.362  91.691 0.1111110002
116810  6.016  -23.619  91.456 0.1111110002
39349  6.389  -24.360  91.414 0.1111110002
39350  5.858  -24.489  91.262 0.1111110002
119809  31.203  -5.606  74.386 0.1111110002
57380  31.319  -4.761  75.064 0.1111110002
108118  31.360  -3.460  74.720 0.1111110002
58208  31.321  -3.195  73.575 0.1111110002
56508  30.706  -4.837  73.455 0.1111110002
56559  40.080  -5.473  66.856 0.1111110002
58217  31.617  -2.498  72.888 0.1111110002
57461  40.948  -5.136  66.522 0.1111110002
57470  41.159  -5.001  65.588 0.1111110002
57449  41.553  -4.874  67.119 0.1111110002
128420  30.915  -3.830  73.334 0.1111110002
123793  31.136  -3.247  72.772 0.1111110002
38458  5.053  -25.689  90.786 0.1111110002
57385  31.003  -4.185  74.131 0.1111110002
61762  43.364  0.782  62.721 0.1111110002
115940  53.030  4.257  40.961 0.1111110002
65391  53.195  5.129  40.412 0.1111110002
67073  55.796  6.629  44.212 0.1111110002
67843  55.528  7.378  44.203 0.1111110002
65367  55.992  4.860  42.038 0.1111110002
119370  55.564  6.800  43.450 0.1111110002
66249  55.665  5.583  41.453 0.1111110002
65376  55.619  4.516  41.356 0.1111110002
108037  54.980  4.123  41.039 0.1111110002
65377  54.159  4.661  40.676 0.1111110002
65378  51.984  4.326  41.215 0.1111110002
65393  51.308  4.793  40.803 0.1111110002
124532  55.132  5.169  40.637 0.1111110002
65390  54.287  5.557  40.129 0.1111110002
66257  55.386  6.015  40.663 0.1111110002
67056  55.976  6.805  45.565 0.1111110002
67067  55.999  6.970  44.981 0.1111110002
67836  55.628  7.369  45.055 0.1111110002
66242  55.800  5.642  42.410 0.1111110002
67844  55.067  7.975  43.601 0.1111110002
68585  54.623  8.401  43.908 0.1111110002
67838  54.522  8.154  44.494 0.1111110002
65381  49.498  4.414  40.950 0.1111110002
67080  55.578  6.464  42.393 0.1111110002
67850  55.289  7.294  43.047 0.1111110002
66260  51.562  5.302  40.346 0.1111110002
67092  55.058  6.120  40.021 0.1111110002
67086  55.501  6.543  41.251 0.1111110002
67091  55.355  6.830  40.294 0.1111110002
67837  55.151  7.921  44.456 0.1111110002
67851  54.864  7.721  42.542 0.1111110002
67855  55.272  7.188  41.936 0.1111110002
109844  55.339  7.212  41.033 0.1111110002
65176  40.145  4.777  64.628 0.1111110002
66233  55.958  5.842  44.092 0.1111110002
67066  56.132  6.443  44.829 0.1111110002
67055  56.195  6.462  45.405 0.1111110002
66234  55.705  6.089  43.291 0.1111110002
68593  54.485  8.303  43.057 0.1111110002
68586  53.960  8.703  44.116 0.1111110002
68594  53.963  8.752  43.463 0.1111110002
68599  54.285  7.950  41.983 0.1111110002
38429  28.350  -25.152  92.210 0.1111110002
41053  17.553  -22.930  90.646 0.1111110002
41174  23.356  -23.647  82.134 0.6666669846
43157  23.729  -20.954  74.778 0.8888890147
43164  26.130  -20.435  73.439 0.8888890147
45012  30.567  -18.082  79.794 0.1111110002
47516  24.213  -14.999  77.844 0.2222220004
47554  23.511  -15.282  74.400 0.6666669846
48347  24.184  -14.295  77.418 0.3333329856
49244  25.052  -13.318  71.123 0.7777780294
49308  31.191  -13.285  67.502 0.8888890147
49977  25.710  -12.002  80.492 0.1111110002
50018  24.105  -12.371  75.886 0.4444440007
50061  24.503  -12.014  72.251 0.6666669846
50072  31.160  -11.944  72.137 0.4444440007
50139  30.455  -12.951  67.662 0.8888890147
50967  24.964  -11.238  75.891 0.2222220004
50993  24.483  -11.591  74.634 0.5555559993
51927  26.687  -10.383  80.547 0.1111110002
51960  25.542  -10.532  76.930 0.2222220004
56561  38.745  -5.844  67.379 0.2222220004
59148  42.678  -2.832  64.388 0.1111110002
62668  35.993  1.863  60.389 0.7777780294
110884  38.406  2.334  64.949 0.2222220004
115383  36.201  -10.032  73.408 0.2222220004
117550  38.522  -2.010  60.061 0.6666669846
121132  23.543  -13.972  74.516 0.6666669846
123890  28.994  -7.007  70.464 0.8888890147
126061  25.794  -20.815  73.704 0.8888890147
127209  8.019  -29.378  95.054 0.1111110002
129420  27.411  -22.032  79.850 0.5555559993
129948  24.040  -12.953  76.128 0.5555559993
