#!ascii label  , from subject sub-v2s4x29635_ses-1 vox2ras=TkReg
3076
96338  -51.630  16.633  42.899 0.6999999881
96351  -52.101  16.262  42.018 0.6999999881
96350  -50.922  16.531  41.976 0.8000000119
129754  -50.506  16.276  40.795 0.6999999881
96339  -52.542  16.458  42.750 0.6999999881
95692  -53.128  15.891  41.925 0.6999999881
97039  -52.074  16.898  43.484 0.6000000238
95699  -52.516  15.798  41.132 0.6999999881
96337  -50.740  16.773  43.102 0.5000000000
96359  -51.508  16.127  41.078 0.8000000119
95698  -51.859  15.682  40.301 0.8000000119
94486  -46.821  13.754  36.297 0.8999999762
94485  -45.962  13.396  36.493 0.8999999762
93308  -45.333  11.067  29.567 0.8000000119
96340  -53.321  16.310  42.589 0.6999999881
95700  -53.417  15.480  40.956 0.6999999881
134788  -52.798  15.362  40.237 0.6999999881
95718  -53.766  15.011  40.093 0.6999999881
147652  -51.053  15.913  40.282 0.6999999881
95730  -52.955  14.831  39.266 0.8000000119
95716  -51.142  15.492  39.509 0.6999999881
95717  -52.104  15.296  39.615 0.8000000119
95729  -51.765  14.988  38.883 0.8000000119
95728  -50.774  15.152  38.650 0.6999999881
95736  -50.385  14.904  37.870 0.6999999881
95084  -50.952  14.570  37.236 0.8000000119
95735  -49.452  14.955  37.757 0.6999999881
95082  -49.091  14.549  36.995 0.8000000119
95096  -49.733  14.367  36.299 0.8999999762
95095  -48.752  14.225  36.087 0.8999999762
95094  -47.727  14.054  36.200 0.8999999762
94490  -47.323  13.587  35.383 0.8999999762
95104  -48.164  13.930  35.499 0.8999999762
93895  -44.700  12.309  36.724 0.8999999762
131737  -45.500  12.873  35.958 0.8999999762
93272  -44.471  11.666  36.587 0.8000000119
93898  -44.563  12.061  35.896 0.8000000119
91821  -46.512  9.519  37.244 0.8000000119
91061  -46.728  9.080  36.364 0.8000000119
91070  -47.283  8.803  35.890 0.8000000119
91081  -45.702  9.109  34.835 0.8999999762
91093  -45.899  9.128  34.052 0.8000000119
91849  -46.030  9.213  33.253 0.8000000119
91871  -45.013  10.131  32.018 0.8000000119
93301  -44.876  11.713  29.876 0.8000000119
93934  -44.865  12.452  29.443 0.8000000119
96352  -53.821  15.860  41.941 0.6000000238
96341  -53.938  16.309  42.352 0.5000000000
95701  -54.164  15.254  40.666 0.6000000238
95073  -53.592  14.338  38.393 0.6999999881
95072  -52.399  14.532  38.260 0.8000000119
95098  -51.532  14.297  36.588 0.8999999762
95097  -50.634  14.405  36.450 1.0000000000
125312  -50.474  14.199  35.576 1.0000000000
95106  -49.543  14.174  35.586 0.8999999762
95105  -48.945  13.918  35.081 0.8999999762
94491  -48.131  13.661  34.798 0.8999999762
93899  -44.975  12.425  35.429 0.8999999762
94488  -45.747  12.797  35.099 0.8999999762
91827  -44.674  10.207  35.977 0.8000000119
125156  -44.435  10.853  36.201 0.8000000119
91820  -45.570  9.775  36.790 0.8000000119
93274  -44.363  11.367  35.615 0.8000000119
93904  -44.556  11.826  34.915 0.8000000119
93905  -45.130  12.395  34.538 0.8999999762
128128  -45.942  9.350  36.288 0.8000000119
91829  -44.822  9.793  35.438 0.8000000119
91838  -44.714  9.884  34.685 0.8999999762
92578  -44.493  10.524  34.364 0.8999999762
91069  -46.383  8.963  35.538 0.8000000119
91830  -45.472  9.353  35.545 0.8000000119
92584  -44.557  10.692  33.479 0.8999999762
92590  -44.516  10.923  32.640 0.8000000119
93296  -44.617  11.671  31.284 0.8000000119
93922  -44.825  12.400  32.091 0.8000000119
93923  -45.411  13.065  31.873 0.8999999762
91848  -45.395  9.486  33.619 0.8000000119
125145  -44.677  10.594  32.134 0.8000000119
125301  -44.509  11.061  31.933 0.8000000119
94520  -44.910  12.659  31.159 0.8000000119
93928  -44.726  12.197  30.432 0.8000000119
93939  -42.531  12.630  27.985 0.1000000015
94535  -45.142  13.277  29.137 0.6999999881
93944  -43.093  12.089  27.227 0.2000000030
93945  -43.880  12.346  26.173 0.2000000030
94542  -45.348  13.509  27.934 0.6999999881
94554  -45.346  13.174  24.965 0.4000000060
94555  -46.113  13.430  24.918 0.5000000000
93946  -45.514  13.087  26.370 0.6999999881
96353  -54.435  16.067  41.702 0.6000000238
95064  -54.168  14.568  39.269 0.6999999881
95087  -54.398  14.127  37.408 0.6999999881
95086  -53.067  14.193  37.447 0.6999999881
95099  -52.582  14.145  36.581 0.8000000119
95109  -54.849  14.552  35.514 0.6999999881
140157  -54.367  14.192  35.723 0.6999999881
140379  -51.229  14.231  35.939 1.0000000000
95121  -54.704  14.831  34.757 0.6999999881
95116  -49.904  14.060  34.882 1.0000000000
140277  -49.446  13.819  34.287 1.0000000000
128050  -48.736  13.666  34.390 0.8999999762
95115  -48.981  13.604  33.729 1.0000000000
94501  -48.213  13.438  34.035 1.0000000000
128560  -46.609  13.109  34.792 1.0000000000
94499  -46.731  13.113  33.919 1.0000000000
94498  -45.932  12.771  34.240 1.0000000000
93281  -44.505  11.275  34.139 0.8999999762
93910  -45.290  12.509  33.635 1.0000000000
131012  -44.294  11.114  34.865 0.8999999762
93916  -45.353  12.775  32.754 1.0000000000
93909  -44.750  11.976  33.920 0.8999999762
93915  -44.777  12.192  33.013 1.0000000000
93286  -44.550  11.475  33.267 0.8999999762
93290  -44.538  11.629  32.365 0.8000000119
93305  -40.726  11.711  29.478 0.1000000015
94529  -45.572  13.668  29.877 0.8000000119
94528  -44.968  13.006  30.220 0.8000000119
94534  -41.022  13.162  28.923 0.1000000015
93933  -40.850  12.311  29.098 0.1000000015
93306  -41.423  11.613  28.954 0.1000000015
95167  -42.075  14.190  28.635 0.1000000015
94540  -41.890  13.241  28.510 0.1000000015
93938  -41.600  12.426  28.584 0.1000000015
95169  -46.359  14.572  27.459 0.6999999881
95175  -42.946  14.507  27.960 0.2000000030
94548  -43.335  12.910  26.980 0.2000000030
94549  -44.295  13.074  25.870 0.3000000119
130330  -44.791  13.780  25.557 0.4000000060
94543  -45.823  14.053  26.834 0.6999999881
93951  -45.851  12.917  25.117 0.6000000238
97042  -54.483  16.883  42.176 0.5000000000
95702  -54.874  15.222  40.345 0.6000000238
95719  -54.623  14.800  39.908 0.6999999881
95065  -55.026  14.569  39.143 0.6999999881
95074  -54.687  14.340  38.439 0.6999999881
125408  -53.793  14.049  36.492 0.6999999881
95744  -55.069  14.960  35.403 0.6999999881
123108  -52.125  14.158  35.820 0.8000000119
95743  -54.683  15.272  34.752 0.6999999881
95108  -54.387  14.441  35.004 0.6999999881
95107  -53.404  14.151  35.582 0.6999999881
124410  -51.594  14.172  35.160 0.8999999762
96411  -53.395  16.283  34.279 0.6999999881
96396  -53.837  16.173  35.053 0.6999999881
96412  -54.220  15.765  34.187 0.6999999881
95751  -54.417  15.136  34.055 0.6999999881
95120  -54.311  14.740  34.245 0.8000000119
95117  -50.932  14.107  34.562 1.0000000000
148018  -52.489  16.532  34.541 0.8000000119
96426  -53.821  16.035  33.423 0.8000000119
138798  -54.120  15.491  33.497 0.8000000119
95130  -54.144  15.011  33.350 0.8000000119
146175  -50.263  13.989  34.141 1.0000000000
95127  -49.965  13.871  33.414 1.0000000000
141379  -50.852  16.586  34.182 0.8000000119
129928  -51.735  16.591  33.535 0.8000000119
132145  -52.788  16.436  33.637 0.8000000119
139236  -53.461  16.147  32.826 0.8000000119
95758  -53.780  15.581  32.764 0.8000000119
95129  -53.704  15.073  32.574 0.8000000119
96423  -49.965  16.588  33.232 0.8000000119
96409  -50.173  16.566  33.949 0.8000000119
96424  -50.949  16.612  33.257 0.8000000119
96425  -52.598  16.474  32.718 0.8000000119
96438  -53.452  16.029  32.108 0.8000000119
95763  -53.445  15.477  32.013 0.8000000119
136801  -49.274  16.544  34.198 0.8000000119
131806  -50.780  16.689  32.421 0.8000000119
138787  -51.725  16.619  33.008 0.8000000119
94508  -47.544  13.346  33.550 1.0000000000
94509  -48.382  13.475  33.234 1.0000000000
95126  -49.225  13.667  32.924 1.0000000000
96422  -49.043  16.496  33.209 0.8000000119
129044  -49.729  16.693  32.423 0.8000000119
96436  -51.858  16.759  31.571 0.8000000119
94507  -46.758  13.333  33.026 1.0000000000
142044  -47.702  13.544  32.561 1.0000000000
96421  -48.026  16.511  33.101 0.6000000238
96408  -48.435  16.493  33.961 0.6999999881
96448  -51.837  16.829  30.647 0.6999999881
94515  -46.731  13.600  32.143 1.0000000000
96420  -47.142  16.734  32.559 0.6000000238
131187  -48.850  16.629  32.432 0.6999999881
96435  -50.622  16.957  31.492 0.6999999881
138853  -51.684  16.841  29.889 0.6999999881
96458  -51.719  16.492  29.225 0.6000000238
94506  -45.969  13.018  33.364 1.0000000000
94514  -45.983  13.319  32.496 1.0000000000
96434  -49.337  16.903  31.727 0.6999999881
122070  -49.893  17.237  31.064 0.6999999881
96447  -50.829  17.183  30.506 0.6999999881
95788  -51.971  15.958  29.140 0.6000000238
94522  -46.032  13.581  31.619 0.8999999762
96433  -48.148  16.880  31.871 0.6000000238
96446  -48.913  17.355  31.064 0.6999999881
97108  -49.783  17.449  30.347 0.6000000238
96457  -50.865  17.194  29.526 0.6000000238
95800  -50.961  15.994  27.977 0.6000000238
95799  -50.354  15.958  27.657 0.6999999881
95785  -49.630  15.735  27.723 0.6999999881
95146  -46.244  13.922  30.622 0.8999999762
96432  -47.046  17.215  31.587 0.5000000000
96445  -47.824  17.560  30.969 0.6000000238
97107  -48.556  17.831  30.215 0.6000000238
97119  -49.611  17.576  29.519 0.6000000238
97136  -50.000  17.007  28.001 0.5000000000
96470  -50.321  16.233  27.673 0.6000000238
141293  -49.058  15.996  27.265 0.6999999881
94521  -45.477  13.366  30.945 0.8000000119
96444  -46.853  17.856  30.794 0.5000000000
97106  -47.422  18.124  30.296 0.6000000238
128980  -48.664  17.900  29.453 0.6000000238
97126  -49.337  17.566  28.725 0.5000000000
96469  -49.502  16.596  27.493 0.5000000000
96481  -48.873  16.162  27.222 0.6000000238
97118  -47.671  18.217  29.729 0.6000000238
97125  -48.175  17.940  28.787 0.5000000000
97135  -49.008  17.438  27.890 0.5000000000
97144  -48.525  16.878  27.342 0.6000000238
95171  -47.249  14.828  29.172 0.8000000119
95796  -47.618  15.645  27.002 0.6999999881
95170  -47.055  15.001  27.964 0.6999999881
127616  -47.497  15.405  25.838 0.6000000238
95176  -47.068  14.353  25.401 0.6000000238
95795  -43.995  16.214  27.501 0.3000000119
131170  -43.647  15.109  27.373 0.3000000119
95182  -43.674  13.934  26.850 0.3000000119
95183  -44.480  14.567  26.229 0.3000000119
146063  -45.146  14.225  25.422 0.4000000060
95185  -46.999  14.191  24.776 0.6000000238
94550  -46.545  13.634  24.997 0.6000000238
94556  -46.628  13.922  24.801 0.5000000000
96354  -54.949  16.449  41.322 0.5000000000
95720  -55.262  14.907  39.557 0.6999999881
97689  -53.969  17.920  42.950 0.5000000000
95066  -55.439  14.782  38.905 0.6000000238
95075  -55.340  14.572  38.394 0.6999999881
95076  -55.706  14.981  38.274 0.6999999881
143550  -55.142  14.357  37.778 0.6999999881
95100  -54.777  14.225  36.316 0.6999999881
95740  -55.336  15.159  36.156 0.6000000238
95738  -55.773  15.047  37.485 0.6000000238
95088  -55.239  14.390  36.988 0.6999999881
127482  -54.458  16.050  35.749 0.6000000238
96398  -54.944  15.490  35.489 0.6999999881
124139  -52.784  14.245  34.873 0.8999999762
95118  -52.354  14.293  33.986 0.8000000119
96397  -54.482  15.753  34.979 0.6999999881
139625  -53.782  14.349  34.676 0.8000000119
95128  -51.259  14.163  33.438 1.0000000000
95119  -53.605  14.521  33.994 0.8000000119
123180  -53.505  14.732  33.239 0.8000000119
95141  -53.369  15.036  32.011 0.8000000119
96450  -53.212  15.852  31.384 0.8000000119
95153  -53.177  15.349  31.459 0.8000000119
95137  -49.523  13.862  31.958 0.8999999762
141003  -48.643  13.620  32.505 1.0000000000
95768  -52.780  15.695  30.660 0.6999999881
95136  -48.452  13.810  31.753 0.8999999762
96459  -52.305  16.190  29.930 0.6999999881
95164  -52.378  15.205  30.429 0.6999999881
95163  -51.554  14.979  30.062 0.8000000119
95151  -51.668  14.619  31.000 0.8999999762
95776  -51.824  15.574  29.237 0.6999999881
95135  -47.449  13.839  31.608 1.0000000000
95787  -51.431  15.816  28.577 0.6999999881
95147  -47.106  14.181  30.814 0.8999999762
144916  -46.669  13.853  31.399 1.0000000000
96431  -46.224  17.049  32.227 0.5000000000
96419  -46.368  16.748  33.277 0.6000000238
95774  -49.629  15.210  28.970 0.8000000119
95773  -48.394  15.224  28.851 0.8000000119
97097  -45.278  17.518  31.843 0.5000000000
97098  -46.145  17.595  31.292 0.5000000000
97105  -45.427  18.178  30.906 0.5000000000
142956  -46.110  18.121  30.648 0.5000000000
97117  -46.530  18.394  30.214 0.5000000000
147765  -47.081  18.374  30.030 0.5000000000
97795  -47.355  17.974  28.481 0.5000000000
97134  -47.959  17.576  27.880 0.6000000238
95160  -46.839  14.395  30.057 0.8000000119
97116  -45.621  18.579  30.256 0.4000000060
97778  -46.717  18.457  29.779 0.5000000000
97787  -47.099  18.277  29.164 0.5000000000
97133  -47.023  17.680  27.879 0.5000000000
97143  -47.518  17.035  27.249 0.6000000238
96479  -47.055  16.410  26.613 0.6000000238
97786  -46.183  18.506  29.323 0.4000000060
97794  -46.579  18.187  28.600 0.4000000060
95805  -44.647  15.494  26.450 0.3000000119
95184  -45.484  14.743  25.434 0.3000000119
95186  -47.375  14.817  25.050 0.6000000238
96476  -44.964  16.390  26.642 0.3000000119
140485  -45.897  15.652  25.592 0.3000000119
97131  -45.078  17.801  27.848 0.4000000060
96468  -44.419  17.260  27.758 0.4000000060
145797  -45.669  16.381  26.136 0.3000000119
97697  -54.783  17.951  41.869 0.5000000000
96360  -55.085  15.846  40.787 0.6000000238
96378  -55.764  15.514  38.566 0.6000000238
128392  -55.759  15.577  37.861 0.6000000238
96388  -55.114  15.744  36.343 0.6000000238
96410  -51.707  16.589  34.372 0.6999999881
134993  -52.794  14.612  32.726 0.8000000119
142750  -51.878  14.358  32.485 0.8999999762
95139  -51.760  14.435  31.809 0.8000000119
137242  -50.008  13.900  32.584 0.8999999762
125161  -50.878  14.113  32.626 0.8000000119
95138  -50.690  14.146  31.853 0.8999999762
95140  -52.755  14.763  31.848 0.8000000119
95152  -52.616  15.009  31.099 0.8000000119
95150  -50.514  14.323  31.016 0.8999999762
95149  -49.330  14.193  30.927 0.8999999762
95148  -48.180  14.202  30.829 0.8999999762
95162  -50.382  14.590  30.240 0.8000000119
95161  -49.601  14.637  29.980 0.8000000119
144729  -48.895  14.391  30.465 0.8999999762
130206  -47.665  14.573  30.011 0.8000000119
97087  -44.672  17.319  33.182 0.5000000000
146530  -44.930  17.344  32.560 0.4000000060
97777  -45.875  18.679  29.828 0.4000000060
97104  -44.601  18.350  31.146 0.5000000000
97776  -45.028  18.908  29.867 0.4000000060
97793  -45.761  18.389  28.714 0.4000000060
126356  -45.538  18.066  28.136 0.4000000060
97141  -45.852  17.512  27.363 0.5000000000
97142  -46.636  17.252  27.213 0.5000000000
95806  -46.239  16.236  25.836 0.5000000000
95192  -47.007  15.377  25.194 0.5000000000
146672  -47.310  15.320  25.399 0.6000000238
97767  -44.800  18.786  30.377 0.4000000060
97784  -44.513  18.995  29.467 0.4000000060
97785  -45.338  18.740  29.385 0.4000000060
97132  -46.200  17.898  27.967 0.5000000000
96477  -45.488  16.925  26.832 0.4000000060
96478  -46.348  16.746  26.511 0.4000000060
97792  -44.939  18.538  28.710 0.4000000060
97088  -45.457  17.016  33.026 0.5000000000
95784  -47.738  15.347  28.176 0.6999999881
95807  -47.466  15.747  26.023 0.6000000238
96480  -47.828  16.203  26.998 0.6000000238
132473  -48.661  14.676  29.909 0.8000000119
96486  -46.936  15.978  25.729 0.6000000238
94489  -46.331  13.257  35.667 0.8999999762
145932  -44.723  11.687  30.536 0.8000000119
95071  -51.339  14.728  38.053 0.8000000119
95085  -51.928  14.368  37.385 0.8000000119
95083  -50.023  14.638  37.089 0.8000000119
93896  -44.912  12.499  36.179 0.8999999762
136513  -44.522  11.063  36.940 0.8000000119
91839  -45.185  9.472  34.316 0.8000000119
94500  -47.437  13.349  34.422 1.0000000000
92571  -44.420  10.511  35.292 0.8000000119
91847  -44.826  9.949  33.713 0.8000000119
94541  -42.746  13.547  27.885 0.1000000015
94536  -45.622  13.975  28.556 0.8000000119
137464  -44.399  12.008  25.745 0.3000000119
95190  -45.905  13.854  24.767 0.4000000060
95159  -46.314  14.377  29.237 0.8000000119
145515  -43.049  15.147  28.070 0.3000000119
96437  -52.817  16.377  31.725 0.8000000119
96449  -52.760  16.298  30.831 0.8000000119
97127  -50.399  17.189  28.739 0.5000000000
97128  -51.189  16.758  28.773 0.6000000238
95798  -49.759  16.038  27.368 0.6000000238
95786  -50.651  15.724  28.135 0.6999999881
95797  -48.498  15.731  27.502 0.6999999881
95808  -47.846  15.898  27.034 0.6999999881
95177  -47.357  15.080  26.143 0.6000000238
95191  -46.824  14.477  24.789 0.5000000000
95703  -55.561  15.567  39.880 0.6000000238
95089  -55.532  14.675  37.623 0.6999999881
95777  -52.275  15.649  29.832 0.6999999881
95775  -50.875  15.208  29.222 0.8000000119
133821  -53.067  9.123  24.556 0.2000000030
91174  -52.213  8.885  23.953 0.2000000030
147798  -52.300  9.720  23.643 0.2000000030
91963  -51.853  9.707  23.593 0.2000000030
128931  -51.887  9.218  23.517 0.2000000030
91187  -51.196  9.027  23.330 0.2000000030
91186  -50.457  8.565  23.274 0.2000000030
91176  -54.903  9.260  25.231 0.2000000030
91175  -53.994  9.219  24.911 0.2000000030
91161  -53.787  8.669  25.547 0.2000000030
91189  -53.438  9.624  24.092 0.2000000030
91188  -52.601  9.425  23.814 0.2000000030
92670  -52.498  10.320  23.801 0.2000000030
92662  -51.981  10.350  24.192 0.2000000030
91955  -51.264  9.665  23.814 0.2000000030
90366  -49.972  7.820  23.194 0.3000000119
91961  -50.390  8.762  23.297 0.3000000119
91962  -50.781  9.106  23.271 0.3000000119
91957  -55.157  9.939  24.846 0.2000000030
91967  -54.863  10.611  24.629 0.2000000030
91966  -54.439  10.289  24.293 0.2000000030
125535  -53.300  11.106  24.751 0.2000000030
92663  -52.705  10.808  24.481 0.2000000030
90364  -48.319  6.464  22.919 0.3000000119
91185  -49.740  8.032  23.107 0.3000000119
91165  -57.616  8.877  25.832 0.3000000119
91943  -57.131  10.213  25.784 0.3000000119
91178  -56.908  9.333  25.455 0.3000000119
140241  -56.870  9.907  25.321 0.2000000030
92667  -56.260  10.429  25.418 0.2000000030
88672  -43.853  4.519  27.510 0.1000000015
88685  -43.905  4.954  26.905 0.1000000015
92666  -55.346  10.875  25.115 0.2000000030
93329  -54.285  11.276  25.284 0.2000000030
88700  -44.894  4.806  26.116 0.1000000015
89554  -46.324  5.564  24.399 0.3000000119
92665  -54.587  11.135  24.805 0.2000000030
92652  -53.697  11.160  25.560 0.2000000030
92651  -52.958  10.951  25.430 0.2000000030
89561  -46.875  5.751  23.711 0.3000000119
92650  -52.241  10.629  25.301 0.2000000030
91171  -47.954  7.859  24.112 0.3000000119
126278  -51.182  9.933  26.199 0.3000000119
91942  -51.511  10.225  25.120 0.3000000119
91172  -48.916  8.251  24.029 0.4000000060
91940  -49.960  9.374  25.171 0.4000000060
91953  -49.833  8.787  23.946 0.3000000119
91954  -50.537  9.308  23.875 0.3000000119
142483  -58.551  6.575  30.170 0.3000000119
90329  -58.519  7.864  28.672 0.3000000119
130804  -58.598  6.936  29.214 0.3000000119
146842  -58.500  6.991  27.127 0.3000000119
90336  -58.496  7.867  27.382 0.3000000119
139575  -58.352  8.693  27.278 0.3000000119
91148  -58.406  8.673  28.243 0.3000000119
91155  -58.158  8.288  26.402 0.3000000119
91154  -58.048  9.136  26.737 0.3000000119
91918  -57.663  9.978  28.544 0.3000000119
92643  -57.263  10.488  28.053 0.3000000119
93315  -56.139  10.886  27.958 0.3000000119
92656  -57.282  10.411  26.847 0.3000000119
93330  -55.998  11.058  27.012 0.2000000030
91944  -57.655  9.725  26.217 0.3000000119
92655  -56.613  10.786  26.341 0.2000000030
93324  -55.192  11.173  26.584 0.2000000030
92640  -54.668  10.961  27.203 0.2000000030
92654  -55.776  11.078  25.922 0.2000000030
122753  -54.191  10.615  27.773 0.2000000030
89523  -44.155  5.802  26.576 0.1000000015
88699  -44.582  5.130  26.274 0.1000000015
93334  -54.931  11.221  25.573 0.2000000030
92628  -53.244  10.460  27.275 0.2000000030
90340  -44.670  5.866  25.826 0.2000000030
89537  -45.160  5.213  25.566 0.3000000119
90355  -46.141  6.138  24.344 0.3000000119
90356  -46.945  6.402  23.693 0.3000000119
122192  -53.280  10.822  26.258 0.2000000030
90341  -45.047  6.789  25.599 0.3000000119
90354  -45.472  6.226  24.943 0.3000000119
91169  -46.268  7.277  24.644 0.3000000119
91170  -47.046  7.504  24.319 0.3000000119
91931  -52.364  10.082  27.262 0.2000000030
91168  -45.145  8.285  25.803 0.3000000119
91949  -45.779  8.299  25.422 0.3000000119
91950  -46.396  8.510  25.265 0.3000000119
91952  -48.165  8.775  25.206 0.3000000119
91939  -48.400  9.253  26.375 0.4000000060
91929  -51.028  9.705  27.081 0.4000000060
137277  -51.454  9.891  26.744 0.3000000119
91930  -51.859  10.215  26.355 0.3000000119
122418  -49.351  9.352  26.419 0.4000000060
91928  -50.349  9.604  26.479 0.3000000119
90317  -58.119  7.618  30.194 0.3000000119
90323  -58.362  7.704  29.587 0.3000000119
91141  -58.203  8.567  29.184 0.3000000119
122824  -47.935  8.660  35.255 0.8000000119
122576  -48.890  8.618  34.946 0.8000000119
91097  -49.350  8.512  33.291 0.4000000060
128244  -50.450  8.650  32.270 0.3000000119
139334  -51.429  8.954  32.189 0.3000000119
91888  -53.590  9.842  30.665 0.2000000030
92619  -55.009  10.601  29.942 0.3000000119
135617  -56.669  10.762  28.537 0.3000000119
126866  -47.110  8.722  35.188 0.6999999881
144116  -48.082  8.525  34.176 0.6999999881
122851  -50.211  8.590  33.110 0.4000000060
91875  -51.322  8.988  31.053 0.3000000119
139958  -52.333  9.346  31.607 0.3000000119
91903  -53.941  9.977  29.627 0.2000000030
92630  -55.923  10.793  28.746 0.3000000119
147907  -47.220  8.631  34.129 0.6999999881
91095  -48.072  8.552  33.324 0.6999999881
91110  -49.550  8.546  32.429 0.5000000000
91887  -52.068  9.316  30.473 0.3000000119
141002  -52.907  9.571  29.973 0.2000000030
92618  -54.586  10.480  28.879 0.2000000030
92629  -55.057  10.799  28.285 0.2000000030
91094  -46.653  8.845  33.741 0.8000000119
137689  -47.409  8.653  33.507 0.6999999881
91121  -48.864  8.637  31.711 0.6999999881
91122  -49.825  8.667  31.524 0.4000000060
91133  -50.267  8.921  30.617 0.4000000060
91917  -53.642  10.163  28.418 0.2000000030
91108  -47.639  8.690  32.756 0.6999999881
91132  -49.121  8.878  30.727 0.6000000238
124857  -51.163  9.175  30.014 0.2000000030
144329  -52.440  9.652  28.663 0.2000000030
91916  -52.779  9.918  28.118 0.2000000030
91859  -45.324  9.685  32.781 0.6999999881
131168  -47.310  8.967  31.293 0.6999999881
91874  -48.180  8.796  31.059 0.6999999881
91885  -48.334  9.105  30.396 0.6000000238
91886  -49.555  9.156  30.020 0.4000000060
128511  -50.269  9.231  29.596 0.4000000060
91900  -51.114  9.365  28.982 0.3000000119
91915  -51.938  9.619  28.219 0.2000000030
91858  -44.765  10.288  32.775 0.6999999881
91872  -45.641  9.681  31.829 0.6999999881
91873  -46.461  9.311  31.551 0.6999999881
91951  -47.284  8.613  25.105 0.4000000060
91899  -49.348  9.383  29.222 0.4000000060
122848  -50.264  9.391  28.628 0.4000000060
91914  -51.073  9.470  27.972 0.4000000060
91948  -45.315  9.430  25.810 0.4000000060
143737  -45.786  9.255  25.624 0.3000000119
92661  -45.977  9.588  25.751 0.4000000060
91937  -46.733  9.313  25.808 0.5000000000
91938  -47.529  9.221  26.155 0.6000000238
91927  -48.700  9.494  27.526 0.5000000000
91913  -49.471  9.472  28.191 0.4000000060
122294  -51.637  9.795  27.274 0.3000000119
92659  -45.074  10.266  25.807 0.3000000119
92648  -45.509  10.364  26.011 0.5000000000
92649  -46.158  9.879  26.194 0.5000000000
92637  -46.246  10.059  27.266 0.5000000000
92627  -46.411  9.980  28.440 0.6000000238
139553  -49.635  9.455  27.304 0.4000000060
92636  -45.707  10.541  26.334 0.6000000238
128778  -45.959  10.382  28.137 0.6000000238
93313  -45.390  12.029  27.010 0.6000000238
93314  -45.521  11.318  27.463 0.6000000238
122970  -45.595  10.895  28.401 0.6000000238
91140  -57.741  9.140  29.622 0.3000000119
91904  -57.434  9.987  29.565 0.3000000119
91919  -57.966  9.321  28.891 0.3000000119
92631  -57.152  10.483  29.080 0.3000000119
139489  -56.991  10.472  29.805 0.3000000119
122575  -49.771  8.658  34.728 0.4000000060
91862  -52.376  9.312  32.650 0.3000000119
91876  -53.335  9.750  31.539 0.3000000119
139761  -49.119  8.540  34.094 0.6000000238
122574  -49.981  8.597  33.928 0.3000000119
91889  -54.552  10.301  30.721 0.2000000030
92620  -56.095  10.687  29.609 0.3000000119
92621  -56.504  10.527  30.197 0.3000000119
121981  -55.467  10.694  29.295 0.3000000119
91883  -46.758  9.445  30.738 0.6999999881
91884  -47.598  9.196  30.529 0.6000000238
125525  -47.075  9.593  29.996 0.6000000238
91898  -48.527  9.431  29.350 0.6000000238
122015  -48.810  9.269  29.933 0.5000000000
92606  -45.480  10.463  30.486 0.6999999881
91897  -46.597  9.834  29.331 0.6000000238
123410  -47.127  9.694  28.718 0.6000000238
91912  -48.621  9.518  28.619 0.5000000000
134823  -44.932  11.204  30.527 0.6999999881
93307  -45.196  11.725  28.589 0.6999999881
93940  -45.093  12.715  28.130 0.6000000238
91134  -57.129  9.209  30.409 0.3000000119
90316  -57.543  8.227  30.305 0.3000000119
91136  -58.028  8.394  29.748 0.3000000119
91891  -57.309  9.630  30.143 0.3000000119
92610  -56.993  10.231  30.310 0.3000000119
91815  -48.153  9.851  38.708 0.6999999881
91822  -47.716  9.455  37.810 0.6999999881
91062  -47.608  8.971  36.843 0.6999999881
91071  -48.784  8.741  35.850 0.8000000119
91098  -50.966  8.729  33.855 0.3000000119
91099  -51.898  9.029  33.377 0.3000000119
91877  -54.120  10.095  31.406 0.3000000119
92607  -55.516  10.533  30.852 0.3000000119
92564  -47.531  10.247  39.175 0.6999999881
125405  -48.036  8.756  36.114 0.6999999881
91814  -47.062  9.853  38.281 0.6999999881
93268  -45.065  11.229  38.927 0.8000000119
92562  -45.451  10.637  38.257 0.8000000119
92566  -45.523  10.161  37.435 0.6999999881
93267  -44.794  11.279  38.183 0.8000000119
92561  -44.842  10.843  37.528 0.6999999881
93892  -44.542  12.380  38.054 0.8000000119
93269  -44.545  11.637  37.596 0.8000000119
94481  -44.753  12.696  37.525 0.8000000119
91890  -56.852  9.909  30.723 0.3000000119
92608  -56.168  10.488  30.776 0.3000000119
91055  -48.559  9.248  37.533 0.6999999881
91863  -53.237  9.673  32.511 0.3000000119
131209  -54.199  10.046  32.285 0.3000000119
141757  -55.113  10.358  31.814 0.3000000119
92557  -46.744  10.611  39.524 0.6999999881
91072  -49.679  8.761  35.607 0.6999999881
91084  -50.511  8.685  34.537 0.3000000119
92556  -45.861  10.757  39.033 0.8000000119
92563  -46.440  10.324  38.706 0.6999999881
93263  -44.890  11.757  39.591 0.6999999881
93890  -44.526  12.686  38.781 0.6999999881
94479  -44.701  13.180  38.366 0.6999999881
122008  -47.201  14.251  36.979 0.6999999881
95079  -45.736  14.053  37.807 0.6999999881
95081  -48.128  14.480  36.945 0.6999999881
91114  -56.322  9.742  31.692 0.3000000119
90300  -54.327  7.440  33.005 0.3000000119
89479  -52.801  6.392  33.769 0.3000000119
92609  -56.479  10.219  30.973 0.3000000119
126290  -51.867  8.935  34.287 0.3000000119
91809  -48.894  10.341  39.722 0.8000000119
91063  -48.655  8.861  36.729 0.6999999881
92550  -46.992  10.905  40.294 0.8000000119
92558  -48.003  10.645  40.159 0.8000000119
93261  -46.612  11.457  40.940 0.8000000119
143108  -45.495  11.697  40.290 0.6999999881
141124  -44.612  12.590  39.586 0.6999999881
94476  -44.645  13.342  39.237 0.6999999881
95069  -45.455  14.346  38.641 0.6999999881
95732  -46.872  14.889  38.186 0.6999999881
91102  -55.733  9.693  33.195 0.3000000119
91867  -56.207  9.949  32.114 0.3000000119
127863  -55.087  8.383  33.910 0.3000000119
91112  -55.642  9.041  33.413 0.3000000119
91878  -56.466  9.971  31.394 0.3000000119
89474  -53.704  7.198  34.599 0.3000000119
90301  -55.077  8.030  32.620 0.3000000119
92600  -56.266  10.064  31.717 0.3000000119
88609  -52.290  6.066  34.304 0.3000000119
89480  -53.602  6.908  33.442 0.3000000119
92599  -56.028  10.315  31.614 0.3000000119
122802  -48.608  9.592  38.244 0.6999999881
91056  -49.518  9.201  37.423 0.6999999881
92551  -47.921  11.067  41.002 0.8000000119
93249  -46.477  12.040  41.738 0.6999999881
93260  -45.598  12.128  40.911 0.6999999881
93886  -44.985  12.791  40.595 0.6999999881
94474  -44.754  13.486  40.104 0.6999999881
95063  -45.254  14.528  39.438 0.6999999881
95723  -45.889  14.938  39.106 0.6999999881
141875  -47.303  15.138  38.425 0.6999999881
131140  -47.097  15.668  39.426 0.6999999881
95734  -48.511  14.927  37.718 0.6999999881
95737  -55.584  15.370  36.966 0.5000000000
96382  -55.272  15.994  37.286 0.5000000000
122384  -55.287  16.271  38.088 0.5000000000
91866  -56.005  9.920  32.732 0.3000000119
91850  -53.193  9.526  33.669 0.3000000119
91073  -50.540  8.742  35.328 0.5000000000
91064  -49.600  8.885  36.541 0.5000000000
147206  -47.100  11.657  41.694 0.6999999881
93879  -46.704  12.474  42.784 0.8000000119
93878  -45.649  12.822  41.681 0.6999999881
126092  -45.952  13.178  42.600 0.6999999881
95047  -46.387  14.387  43.658 0.6999999881
94468  -45.106  13.641  41.184 0.6999999881
94469  -45.522  13.538  42.088 0.6999999881
94465  -45.475  14.186  42.179 0.6999999881
95057  -45.003  14.202  40.547 0.6999999881
95696  -45.360  14.737  41.066 0.6999999881
96345  -46.090  15.671  41.820 0.6999999881
95062  -44.859  14.060  39.737 0.6999999881
95697  -46.147  15.588  40.311 0.6000000238
126153  -47.049  16.247  41.857 0.6000000238
145177  -49.521  16.684  42.539 0.6000000238
96336  -49.966  16.719  43.397 0.6000000238
96321  -50.372  16.892  43.922 0.5000000000
95713  -47.852  15.681  39.283 0.6999999881
129570  -48.098  16.333  40.891 0.6000000238
96348  -48.729  16.605  41.960 0.6000000238
126708  -50.172  16.687  42.490 0.6000000238
95725  -48.000  15.289  38.502 0.6999999881
95714  -48.541  15.587  39.083 0.6000000238
96367  -49.547  16.175  40.325 0.6000000238
95727  -49.855  15.260  38.522 0.6000000238
140437  -50.271  15.483  39.158 0.6000000238
96368  -50.301  15.864  39.857 0.6000000238
96395  -51.749  16.651  35.253 0.5000000000
122429  -52.815  16.556  35.235 0.6000000238
96386  -53.331  16.582  36.288 0.5000000000
96387  -54.412  16.325  36.850 0.5000000000
133039  -55.795  15.874  39.152 0.4000000060
96381  -54.542  16.487  37.739 0.5000000000
96377  -55.726  16.042  38.576 0.5000000000
96369  -55.657  16.721  39.186 0.4000000060
96370  -55.836  16.467  39.826 0.4000000060
97054  -55.891  17.323  39.529 0.5000000000
97705  -56.063  18.182  39.443 0.5000000000
91100  -52.622  9.203  34.274 0.3000000119
91085  -51.407  8.793  34.948 0.3000000119
93240  -48.585  11.530  43.505 0.8000000119
91057  -50.498  9.103  37.380 0.5000000000
123624  -50.642  8.829  36.393 0.5000000000
91823  -49.467  9.571  38.238 0.6999999881
91816  -49.296  9.904  38.992 0.6999999881
123549  -49.026  10.921  40.967 0.8000000119
144565  -49.002  10.644  40.415 0.8000000119
123250  -47.852  11.480  41.720 0.8000000119
142275  -47.061  13.936  46.057 0.8000000119
93861  -47.090  13.029  44.743 0.8000000119
93239  -48.015  11.965  43.311 0.8000000119
93250  -47.546  11.831  42.365 0.8000000119
95032  -46.366  14.339  46.396 0.6999999881
94451  -46.789  13.799  44.630 0.8000000119
95038  -46.955  14.417  45.524 0.6999999881
95686  -47.133  14.914  44.931 0.8000000119
133695  -46.378  15.049  43.324 0.6999999881
95687  -47.215  15.339  44.413 0.8000000119
96335  -47.330  15.742  43.832 0.6999999881
126099  -48.488  16.337  44.287 0.6999999881
97021  -49.335  16.848  44.820 0.6999999881
124229  -48.297  16.468  42.935 0.6000000238
97024  -51.632  17.411  43.960 0.5000000000
97025  -52.409  17.403  43.764 0.5000000000
97040  -52.852  16.850  43.250 0.5000000000
98294  -55.060  18.822  41.326 0.3000000119
97698  -55.514  18.071  40.890 0.4000000060
97702  -55.976  18.282  40.139 0.4000000060
97048  -55.241  17.188  41.214 0.4000000060
97050  -55.877  17.426  40.210 0.4000000060
96393  -49.931  16.696  34.849 0.6000000238
96384  -50.805  16.970  36.141 0.5000000000
147246  -55.610  16.040  40.289 0.5000000000
98300  -56.002  18.957  39.712 0.3000000119
96385  -52.016  16.813  36.185 0.5000000000
96380  -53.430  16.827  37.748 0.5000000000
96376  -54.325  16.809  38.321 0.4000000060
97063  -55.314  16.711  38.628 0.4000000060
97704  -55.798  17.736  39.183 0.5000000000
91865  -55.187  10.217  32.979 0.3000000119
91851  -54.426  9.652  34.413 0.3000000119
91840  -53.722  9.348  34.962 0.3000000119
91864  -54.278  9.929  33.375 0.3000000119
91086  -52.630  8.993  35.164 0.3000000119
92553  -50.362  10.138  40.422 0.6000000238
91824  -50.455  9.496  38.250 0.6000000238
123317  -51.394  8.847  37.484 0.5000000000
91074  -52.177  8.798  35.781 0.3000000119
93241  -49.125  11.162  42.897 0.8000000119
92545  -49.579  10.872  41.588 0.8000000119
92559  -49.766  10.561  40.685 0.8000000119
91817  -50.337  9.792  39.067 0.6999999881
124023  -51.431  8.788  35.961 0.5000000000
93210  -46.257  11.908  45.966 0.6000000238
92512  -47.678  11.336  44.796 0.8000000119
93262  -48.910  11.245  41.724 0.6999999881
93214  -47.083  11.721  45.599 0.8000000119
138122  -47.351  12.650  45.507 0.8000000119
138381  -47.625  12.378  44.799 0.8000000119
94441  -46.498  13.415  46.489 0.6999999881
128433  -47.388  12.503  43.967 0.8000000119
96301  -45.870  16.034  46.081 0.6999999881
95666  -46.068  15.219  46.416 0.6999999881
96302  -46.990  16.062  45.977 0.6999999881
96317  -47.693  15.682  45.412 0.6999999881
96318  -48.088  15.965  44.872 0.6999999881
96304  -48.479  16.468  45.239 0.6999999881
96319  -49.037  16.626  44.783 0.6999999881
96303  -47.691  16.420  45.505 0.6999999881
97001  -48.111  16.961  45.384 0.6999999881
97002  -48.871  16.941  45.176 0.6999999881
97004  -50.117  17.528  44.416 0.5000000000
97671  -51.118  17.968  44.255 0.5000000000
97672  -52.075  17.995  44.073 0.4000000060
127370  -52.995  19.187  43.503 0.4000000060
97673  -52.674  17.966  43.823 0.4000000060
98278  -53.593  19.103  43.108 0.4000000060
98299  -55.385  19.463  40.596 0.3000000119
98901  -55.673  19.902  39.677 0.3000000119
98307  -55.310  19.016  38.436 0.2000000030
146113  -56.080  18.796  39.124 0.4000000060
97723  -51.438  17.740  37.905 0.3000000119
97061  -52.494  17.892  38.549 0.3000000119
97713  -53.548  17.973  38.911 0.3000000119
98306  -53.914  18.773  38.724 0.3000000119
97714  -55.019  18.042  38.807 0.4000000060
97715  -55.899  18.687  38.845 0.2000000030
140391  -52.502  17.349  38.124 0.4000000060
97062  -53.344  17.364  38.510 0.4000000060
97053  -54.442  17.306  38.746 0.4000000060
135471  -55.441  17.281  38.955 0.4000000060
93847  -46.684  12.286  46.249 0.6999999881
93215  -47.715  11.992  45.082 0.8000000119
93862  -48.120  11.981  44.232 0.8000000119
95030  -44.019  14.682  45.519 0.6999999881
93845  -45.891  12.967  46.628 0.6999999881
93853  -47.196  12.311  45.820 0.8000000119
95031  -45.173  14.553  46.283 0.6999999881
94434  -46.402  12.787  46.530 0.6999999881
95665  -44.807  15.462  45.767 0.6000000238
96316  -44.335  16.803  44.467 0.4000000060
96300  -44.836  16.224  45.357 0.5000000000
96998  -45.258  16.628  45.315 0.5000000000
96999  -46.073  16.750  45.611 0.6000000238
97000  -46.904  16.922  45.668 0.6000000238
97020  -46.741  17.624  44.953 0.5000000000
97650  -47.459  17.789  44.852 0.5000000000
127242  -48.593  18.335  44.376 0.4000000060
97670  -50.182  18.180  44.316 0.3000000119
98251  -50.853  18.860  43.874 0.4000000060
98277  -52.429  19.476  43.455 0.4000000060
98885  -53.355  20.631  42.408 0.3000000119
98250  -49.866  18.834  43.613 0.3000000119
98275  -50.406  19.582  43.066 0.3000000119
98279  -54.325  18.911  42.310 0.3000000119
130088  -54.540  19.713  41.538 0.3000000119
97665  -45.135  17.908  43.956 0.4000000060
97019  -45.996  17.444  44.901 0.5000000000
97667  -46.651  18.265  44.110 0.4000000060
97688  -47.356  18.861  43.390 0.3000000119
98248  -48.113  18.875  43.462 0.3000000119
98274  -49.449  19.510  42.857 0.3000000119
98865  -52.355  20.354  42.849 0.3000000119
99484  -52.766  21.638  41.881 0.3000000119
100146  -53.024  22.250  41.443 0.3000000119
97685  -45.175  18.578  43.241 0.4000000060
98289  -45.508  19.878  41.918 0.1000000015
136306  -46.124  19.246  42.564 0.3000000119
98291  -47.134  19.794  42.011 0.1000000015
98292  -47.838  19.803  42.036 0.2000000030
97687  -46.689  18.803  43.323 0.3000000119
98272  -47.616  19.357  42.661 0.3000000119
98273  -48.486  19.550  42.622 0.3000000119
136507  -50.851  20.359  42.534 0.3000000119
99468  -52.157  21.208  42.056 0.3000000119
100145  -52.294  22.162  41.268 0.3000000119
98878  -45.959  20.223  41.521 0.2000000030
98879  -46.638  20.289  41.445 0.1000000015
98898  -48.021  20.711  40.862 0.2000000030
99497  -48.514  21.309  40.297 0.2000000030
98290  -46.369  19.788  41.986 0.1000000015
98880  -47.510  20.272  41.447 0.2000000030
130031  -48.477  20.236  41.675 0.2000000030
98899  -48.980  20.907  41.017 0.2000000030
99481  -49.923  21.113  41.134 0.3000000119
99482  -50.746  21.397  41.311 0.3000000119
98896  -45.918  20.649  40.887 0.2000000030
98897  -46.990  20.787  40.689 0.2000000030
96349  -49.737  16.564  41.505 0.6999999881
96322  -51.213  17.012  43.606 0.3000000119
95093  -46.356  13.897  37.069 0.8000000119
97026  -53.128  17.525  43.480 0.4000000060
94484  -45.187  12.934  36.836 0.8000000119
136870  -44.554  12.148  37.292 0.8000000119
91082  -46.605  8.801  34.591 0.8000000119
91107  -46.820  8.914  32.964 0.6999999881
91861  -47.038  8.909  32.135 0.6999999881
91860  -46.178  9.238  32.400 0.6999999881
92598  -45.355  10.174  31.359 0.6999999881
127135  -45.991  9.867  31.022 0.6999999881
92569  -44.875  10.348  36.733 0.6999999881
92597  -44.866  10.716  31.388 0.6999999881
96394  -50.803  16.698  35.089 0.6000000238
97674  -53.169  18.387  43.538 0.4000000060
91956  -54.262  9.774  24.458 0.2000000030
91964  -52.996  10.038  23.715 0.2000000030
91965  -53.782  10.260  23.957 0.2000000030
91958  -56.199  9.885  25.175 0.2000000030
92664  -53.891  11.197  24.661 0.2000000030
91183  -47.740  6.810  23.200 0.3000000119
91941  -50.781  9.768  25.096 0.3000000119
91932  -57.761  9.882  27.389 0.3000000119
88671  -43.333  4.922  27.636 0.1000000015
88686  -44.493  4.725  26.732 0.1000000015
92639  -53.901  10.867  26.687 0.2000000030
89553  -45.695  5.612  24.887 0.3000000119
92638  -52.649  10.561  26.338 0.2000000030
122047  -49.088  8.991  25.221 0.4000000060
91933  -58.170  9.340  27.864 0.3000000119
92641  -55.466  10.957  27.677 0.2000000030
89552  -45.121  5.863  25.240 0.3000000119
91159  -45.656  7.116  25.121 0.3000000119
91926  -47.688  9.530  27.207 0.6000000238
123047  -50.333  9.481  27.640 0.4000000060
91096  -48.644  8.511  33.513 0.6999999881
91123  -50.665  8.772  31.513 0.3000000119
91111  -50.988  8.755  32.945 0.3000000119
91109  -48.580  8.549  32.702 0.6999999881
91901  -52.068  9.444  29.339 0.2000000030
91902  -52.969  9.742  29.005 0.2000000030
91120  -47.925  8.688  31.924 0.6999999881
92660  -45.410  10.049  25.904 0.3000000119
91910  -46.954  9.701  27.809 0.6000000238
91925  -46.867  9.579  26.787 0.5000000000
91911  -47.806  9.601  28.187 0.6000000238
93323  -45.490  11.415  26.276 0.6000000238
93328  -45.253  11.197  25.871 0.6000000238
92626  -45.736  10.705  27.244 0.6000000238
92617  -45.903  10.336  29.244 0.6999999881
123311  -47.946  9.400  29.814 0.6000000238
91882  -46.206  9.879  30.125 0.6000000238
139976  -47.329  9.612  29.399 0.6000000238
122787  -47.895  9.548  29.040 0.6000000238
92567  -46.165  10.048  37.996 0.6999999881
136488  -44.538  11.932  38.679 0.6999999881
93264  -45.885  11.172  39.786 0.8000000119
95092  -45.656  13.534  37.172 0.8000000119
94480  -45.086  13.793  38.283 0.6999999881
93259  -44.968  12.153  40.204 0.6999999881
95068  -44.895  13.890  38.954 0.6999999881
95733  -47.517  14.814  37.749 0.6999999881
95080  -46.647  14.448  37.667 0.6999999881
95070  -46.199  14.680  38.350 0.6999999881
90294  -54.452  7.759  34.293 0.3000000119
89473  -52.934  6.702  34.871 0.3000000119
95724  -46.720  15.185  38.835 0.6999999881
92591  -55.753  10.214  32.473 0.3000000119
95711  -45.660  15.157  39.912 0.6999999881
95710  -45.228  14.695  40.236 0.6999999881
95712  -46.341  15.455  39.601 0.6999999881
95726  -48.943  15.294  38.476 0.6000000238
94466  -46.002  13.743  43.047 0.6999999881
93876  -46.530  13.174  43.606 0.8000000119
95046  -45.777  14.740  42.487 0.6999999881
95050  -45.208  14.314  41.298 0.6999999881
141353  -45.409  14.669  41.763 0.6999999881
95691  -45.736  15.205  41.996 0.6999999881
96356  -46.462  15.910  41.150 0.6000000238
137233  -45.735  15.305  40.893 0.6999999881
96346  -46.706  15.993  42.386 0.6999999881
96334  -46.496  15.530  42.862 0.6999999881
96364  -46.783  15.877  40.195 0.6999999881
96347  -47.760  16.434  41.894 0.6000000238
96357  -47.247  16.192  40.954 0.6000000238
135353  -49.122  16.635  43.527 0.6000000238
96320  -49.651  16.762  44.301 0.6000000238
97022  -49.886  17.009  44.458 0.6000000238
97023  -50.728  17.300  44.095 0.5000000000
96366  -48.547  16.019  39.924 0.6999999881
96365  -47.591  15.998  40.067 0.6999999881
96358  -48.903  16.369  40.868 0.6000000238
95715  -49.407  15.670  39.313 0.6000000238
96379  -52.251  17.062  37.308 0.4000000060
93224  -48.662  11.232  43.552 0.8000000119
93251  -48.677  11.469  42.594 0.8000000119
91810  -50.093  10.168  39.850 0.6000000238
94452  -47.125  13.351  45.773 0.8000000119
95672  -46.998  15.004  46.228 0.6999999881
95673  -47.381  15.373  45.843 0.6999999881
139441  -47.598  16.195  43.121 0.6000000238
97003  -49.405  17.193  44.796 0.6999999881
97068  -51.322  17.196  36.970 0.4000000060
91818  -51.162  9.590  39.002 0.5000000000
92534  -49.467  10.937  42.239 0.8000000119
94440  -45.402  13.596  46.453 0.6999999881
95667  -46.707  15.515  46.222 0.6999999881
146158  -47.416  17.109  45.477 0.6000000238
97651  -48.345  17.637  44.966 0.5000000000
97652  -49.041  17.664  44.867 0.5000000000
97669  -49.373  18.300  44.346 0.4000000060
98252  -51.804  18.766  43.890 0.5000000000
98253  -52.547  18.628  43.787 0.4000000060
98866  -53.104  20.066  43.097 0.4000000060
97664  -44.313  17.636  43.828 0.5000000000
96299  -43.970  16.013  44.755 0.4000000060
97018  -45.154  17.236  44.711 0.4000000060
97668  -47.818  18.364  44.261 0.4000000060
98276  -51.501  19.762  43.252 0.4000000060
98293  -53.803  19.887  42.461 0.3000000119
98884  -52.880  20.985  42.503 0.3000000119
98249  -48.962  18.934  43.561 0.3000000119
98864  -49.955  20.093  42.295 0.4000000060
97684  -44.214  18.455  43.159 0.3000000119
97666  -45.941  18.116  44.097 0.4000000060
126769  -47.168  18.442  44.001 0.3000000119
98863  -49.139  20.026  42.225 0.3000000119
139945  -51.648  20.562  42.546 0.3000000119
98270  -45.319  19.203  42.563 0.2000000030
97686  -45.985  18.675  43.282 0.3000000119
98271  -46.874  19.302  42.627 0.2000000030
98883  -51.238  21.018  41.947 0.3000000119
98882  -50.378  20.718  41.776 0.3000000119
98881  -49.466  20.518  41.673 0.3000000119
87091  -58.182  3.951  30.682 0.2000000030
126504  -57.350  3.817  29.829 0.2000000030
87099  -57.254  3.987  28.793 0.2000000030
87105  -57.223  3.854  27.561 0.2000000030
87092  -58.529  4.330  30.682 0.2000000030
87100  -57.937  4.382  29.768 0.2000000030
139607  -57.864  4.636  28.472 0.2000000030
87083  -58.960  3.827  31.668 0.2000000030
128112  -58.716  3.868  31.342 0.2000000030
87885  -58.459  4.836  29.688 0.2000000030
87901  -57.626  4.495  26.947 0.2000000030
87910  -57.770  4.856  26.063 0.2000000030
87916  -57.302  4.639  25.474 0.1000000015
88705  -57.547  5.410  25.702 0.2000000030
87909  -56.897  4.556  25.250 0.2000000030
88709  -57.103  5.179  25.385 0.2000000030
87908  -56.316  4.548  25.598 0.2000000030
88704  -56.820  5.309  25.576 0.2000000030
87852  -58.863  4.681  32.807 0.2000000030
134144  -59.103  4.157  33.107 0.2000000030
87864  -59.059  4.388  31.821 0.2000000030
87853  -59.113  4.340  32.444 0.2000000030
146751  -58.796  4.156  31.202 0.2000000030
87902  -58.204  5.078  27.708 0.2000000030
87911  -58.017  5.135  26.792 0.2000000030
88706  -58.031  5.605  26.283 0.2000000030
87900  -55.865  4.981  26.231 0.1000000015
87907  -55.572  4.210  26.059 0.1000000015
87109  -54.982  3.784  26.790 0.1000000015
87894  -53.881  4.033  28.237 0.1000000015
87108  -54.203  3.213  27.449 0.1000000015
87098  -52.582  3.135  29.206 0.1000000015
87837  -58.667  4.388  33.506 0.2000000030
88628  -58.942  5.025  32.043 0.2000000030
88615  -58.523  4.741  32.975 0.2000000030
87876  -58.875  4.427  31.272 0.2000000030
88641  -58.853  4.822  31.391 0.2000000030
87886  -58.661  4.629  30.698 0.2000000030
88664  -58.566  5.481  29.200 0.2000000030
88681  -58.534  5.596  28.184 0.2000000030
88695  -58.317  5.671  27.179 0.2000000030
89534  -58.547  6.316  27.633 0.2000000030
89547  -57.851  6.255  25.951 0.2000000030
89546  -57.214  5.969  25.731 0.2000000030
87895  -54.587  4.164  27.581 0.1000000015
87899  -55.295  4.849  27.139 0.1000000015
88694  -55.803  5.728  26.743 0.1000000015
88703  -56.365  5.500  26.048 0.2000000030
89545  -56.802  6.287  26.047 0.2000000030
87893  -52.411  4.153  29.140 0.1000000015
137618  -53.137  3.879  28.852 0.1000000015
88680  -54.328  5.020  27.927 0.1000000015
136345  -53.226  4.848  28.560 0.1000000015
87836  -58.084  4.707  33.429 0.2000000030
88626  -58.222  5.074  32.519 0.2000000030
88627  -58.587  5.043  32.281 0.2000000030
88640  -58.490  5.559  31.464 0.2000000030
143335  -58.617  5.474  31.378 0.2000000030
89499  -58.635  5.668  30.867 0.2000000030
88665  -58.668  5.253  30.095 0.2000000030
89519  -58.633  6.222  28.691 0.2000000030
89511  -58.666  5.689  30.346 0.2000000030
89510  -58.686  6.017  29.657 0.2000000030
131911  -58.589  7.060  28.127 0.2000000030
90350  -58.157  7.244  26.300 0.2000000030
143258  -57.118  6.588  25.912 0.2000000030
89533  -56.277  6.269  26.461 0.1000000015
88692  -53.818  6.011  28.026 0.1000000015
88693  -54.961  6.020  27.509 0.1000000015
90347  -56.237  7.191  26.434 0.1000000015
88679  -52.058  5.033  28.714 0.1000000015
88678  -51.149  5.199  28.636 0.1000000015
88690  -51.545  5.879  28.120 0.1000000015
88689  -50.855  5.926  28.164 0.1000000015
89518  -50.191  6.309  27.846 0.1000000015
86207  -52.599  2.366  34.185 0.2000000030
87054  -52.737  3.435  33.395 0.2000000030
86217  -52.226  3.008  33.807 0.2000000030
86210  -55.332  2.603  34.782 0.2000000030
88582  -45.837  5.086  38.636 0.2000000030
87036  -51.648  3.598  33.913 0.2000000030
88580  -46.134  5.929  38.914 0.2000000030
88584  -47.417  5.788  38.181 0.2000000030
128885  -47.813  5.424  37.704 0.2000000030
88593  -48.406  4.775  36.919 0.2000000030
88594  -49.063  5.082  36.798 0.2000000030
87809  -50.075  4.933  36.036 0.2000000030
87812  -50.313  4.304  35.337 0.2000000030
88607  -50.955  4.910  34.941 0.2000000030
87821  -51.238  4.322  34.291 0.2000000030
87053  -52.256  3.852  33.445 0.2000000030
87822  -57.532  4.213  34.073 0.2000000030
89445  -46.957  6.261  38.701 0.2000000030
89446  -47.860  6.483  38.626 0.2000000030
88585  -48.248  6.037  38.031 0.2000000030
88589  -49.549  5.782  37.290 0.2000000030
128059  -49.864  5.371  36.671 0.2000000030
88598  -50.791  5.342  35.746 0.2000000030
87832  -51.793  4.518  33.692 0.2000000030
87833  -52.370  4.599  33.238 0.2000000030
87835  -57.126  4.423  33.153 0.2000000030
89442  -47.472  6.859  39.293 0.2000000030
89447  -48.805  6.698  38.558 0.2000000030
88590  -50.478  6.078  37.204 0.2000000030
125656  -51.546  5.753  35.454 0.2000000030
88608  -51.663  5.370  34.433 0.2000000030
89448  -49.819  6.943  38.498 0.2000000030
89451  -50.170  6.503  37.845 0.2000000030
88596  -51.391  6.408  37.091 0.2000000030
88599  -51.493  6.104  36.317 0.2000000030
89472  -52.240  6.256  35.162 0.2000000030
89449  -50.887  7.228  38.454 0.2000000030
89452  -51.199  6.762  37.810 0.2000000030
89453  -52.127  7.098  37.673 0.2000000030
133317  -57.499  6.866  25.906 0.2000000030
90349  -57.624  7.832  25.962 0.2000000030
90348  -56.991  7.330  25.970 0.2000000030
147092  -54.328  6.555  27.579 0.1000000015
89532  -55.662  6.648  26.910 0.1000000015
91164  -56.974  8.407  25.748 0.1000000015
89527  -49.809  6.832  26.697 0.1000000015
147726  -47.948  6.274  28.125 0.1000000015
87038  -55.915  3.122  34.221 0.2000000030
87057  -56.431  3.790  33.615 0.2000000030
87055  -53.403  3.386  33.223 0.2000000030
87039  -56.952  3.511  34.530 0.2000000030
89440  -45.712  6.382  39.563 0.2000000030
89441  -46.573  6.627  39.412 0.2000000030
87070  -53.784  4.009  32.724 0.2000000030
89431  -43.546  6.309  41.122 0.3000000119
133077  -43.647  7.206  41.344 0.3000000119
89435  -44.632  6.482  40.488 0.2000000030
87069  -52.908  4.155  32.929 0.2000000030
87851  -57.506  4.920  32.510 0.2000000030
90258  -45.051  7.166  40.954 0.2000000030
89436  -45.364  6.827  40.267 0.2000000030
89437  -46.194  7.084  40.094 0.2000000030
90263  -47.091  7.276  39.974 0.2000000030
89443  -48.426  7.120  39.209 0.2000000030
88621  -52.804  5.214  32.850 0.2000000030
126727  -57.635  5.438  31.885 0.2000000030
90264  -48.033  7.534  39.861 0.2000000030
127943  -49.106  7.788  39.855 0.3000000119
90269  -49.466  7.374  39.166 0.2000000030
90270  -50.563  7.667  39.122 0.2000000030
88638  -57.033  6.127  31.382 0.2000000030
133395  -51.543  8.009  38.996 0.2000000030
89457  -52.280  6.740  36.958 0.2000000030
88639  -57.932  5.790  31.511 0.2000000030
89458  -53.081  7.272  36.730 0.2000000030
89463  -53.715  7.398  35.610 0.2000000030
90271  -52.000  8.467  38.679 0.2000000030
90275  -52.484  7.919  37.902 0.2000000030
89454  -52.694  7.415  37.335 0.2000000030
89459  -53.562  7.539  36.249 0.2000000030
90280  -54.018  8.030  36.005 0.2000000030
91059  -52.712  8.152  37.476 0.2000000030
90277  -53.096  7.881  37.187 0.2000000030
90278  -53.550  7.957  36.575 0.2000000030
91067  -53.831  8.460  36.048 0.2000000030
91066  -53.299  8.197  36.765 0.2000000030
91075  -53.103  8.661  36.130 0.2000000030
91831  -53.662  8.946  35.693 0.2000000030
91065  -52.444  8.505  36.701 0.2000000030
89529  -51.859  6.592  27.377 0.1000000015
144241  -52.793  6.505  27.542 0.1000000015
135083  -55.507  8.664  25.865 0.1000000015
91163  -56.282  8.153  26.090 0.1000000015
89544  -52.257  7.254  26.698 0.1000000015
90345  -53.704  8.001  26.404 0.1000000015
90346  -54.728  8.077  26.423 0.1000000015
89528  -50.828  6.678  27.239 0.1000000015
88674  -45.642  5.048  27.099 0.1000000015
89517  -47.227  6.146  27.377 0.1000000015
89526  -48.178  6.498  27.140 0.1000000015
124674  -48.881  6.662  26.294 0.1000000015
85255  -53.835  1.649  35.544 0.2000000030
86209  -54.339  2.445  34.514 0.2000000030
86208  -53.432  2.362  34.294 0.2000000030
86219  -53.884  2.794  33.749 0.2000000030
86218  -53.017  2.825  33.691 0.2000000030
87056  -54.326  3.337  33.258 0.2000000030
130421  -55.339  3.431  33.459 0.2000000030
87834  -56.232  4.181  32.849 0.2000000030
87850  -56.438  4.721  32.353 0.2000000030
140148  -43.174  7.958  41.456 0.3000000119
87847  -53.505  4.837  32.512 0.2000000030
87848  -54.323  4.621  32.359 0.2000000030
90252  -42.694  7.175  41.427 0.3000000119
90253  -44.612  7.590  41.349 0.3000000119
88622  -53.491  5.709  32.475 0.2000000030
88623  -54.090  5.429  32.156 0.2000000030
88625  -56.688  5.410  31.812 0.2000000030
90254  -45.514  7.852  41.427 0.4000000060
90259  -46.764  7.666  40.693 0.4000000060
90261  -48.691  8.230  40.472 0.5000000000
145511  -52.687  5.791  33.253 0.2000000030
130802  -54.049  6.144  32.131 0.2000000030
90265  -50.214  8.170  39.747 0.2000000030
89486  -53.750  6.553  32.577 0.2000000030
91049  -50.777  9.068  40.064 0.5000000000
90266  -51.173  8.529  39.490 0.3000000119
91050  -51.416  9.198  39.514 0.3000000119
90267  -51.808  8.790  39.178 0.3000000119
91812  -51.719  9.276  38.926 0.3000000119
144653  -51.975  8.914  39.025 0.2000000030
91825  -51.322  9.302  38.302 0.3000000119
90272  -52.119  8.482  38.205 0.2000000030
135238  -52.137  8.514  37.605 0.2000000030
138349  -51.606  8.628  36.798 0.4000000060
91177  -56.000  9.139  25.611 0.1000000015
132036  -52.735  7.841  26.240 0.1000000015
89543  -51.234  7.344  26.246 0.1000000015
90344  -51.717  8.022  25.345 0.1000000015
91160  -52.646  8.561  25.208 0.1000000015
89541  -49.457  6.835  25.262 0.1000000015
89542  -50.329  7.166  25.778 0.1000000015
125523  -48.070  6.307  25.813 0.1000000015
90342  -49.896  7.254  24.201 0.1000000015
89540  -48.537  6.318  24.781 0.1000000015
90357  -49.546  7.114  23.055 0.1000000015
123552  -54.292  1.386  37.149 0.2000000030
144490  -54.440  1.537  36.656 0.2000000030
85256  -54.540  1.695  36.157 0.2000000030
86184  -53.862  2.080  34.916 0.2000000030
86185  -54.702  2.113  35.372 0.2000000030
87037  -54.876  2.856  33.942 0.2000000030
87072  -55.644  3.881  33.000 0.2000000030
87071  -54.776  3.913  32.823 0.2000000030
87849  -55.382  4.492  32.427 0.2000000030
91035  -44.986  8.387  41.700 0.4000000060
88624  -55.608  5.293  31.878 0.2000000030
90255  -46.547  8.247  41.418 0.5000000000
128466  -54.754  5.182  32.040 0.2000000030
88637  -55.890  6.152  31.516 0.2000000030
129561  -45.900  7.448  40.868 0.4000000060
91042  -47.327  8.240  41.069 0.5000000000
91043  -48.235  8.567  41.085 0.5000000000
91044  -49.397  9.016  41.074 0.5000000000
88636  -54.777  6.040  31.807 0.2000000030
89495  -56.342  7.008  31.175 0.2000000030
91048  -49.855  8.650  40.424 0.5000000000
91045  -50.270  9.617  40.815 0.5000000000
91046  -50.742  9.662  40.009 0.5000000000
132210  -50.757  9.740  39.686 0.5000000000
138472  -54.967  9.439  34.699 0.2000000030
90343  -50.748  7.675  24.778 0.1000000015
90359  -51.082  8.209  23.907 0.1000000015
90358  -50.306  7.763  23.474 0.1000000015
89557  -49.066  6.595  23.707 0.1000000015
136946  -47.422  10.751  44.395 0.6999999881
92519  -48.304  10.906  44.016 0.6999999881
132664  -46.839  9.805  42.883 0.6000000238
137435  -47.670  9.884  42.895 0.6000000238
136942  -48.435  10.392  43.215 0.6000000238
92520  -48.921  10.883  43.210 0.6999999881
91797  -45.346  9.158  42.184 0.6000000238
91798  -46.178  9.313  42.377 0.6000000238
91799  -46.999  9.187  42.216 0.6000000238
91800  -48.361  9.704  42.414 0.6000000238
91785  -49.509  10.595  42.157 0.6000000238
91039  -49.724  9.715  41.487 0.6000000238
91802  -49.921  10.252  41.467 0.6000000238
92552  -50.010  10.470  41.124 0.6000000238
91807  -50.301  10.134  40.756 0.5000000000
90302  -55.636  8.608  32.073 0.2000000030
88688  -45.696  4.962  25.924 0.1000000015
88702  -45.909  5.214  25.134 0.2000000030
90367  -50.717  8.354  23.299 0.1000000015
132056  -46.694  5.544  24.279 0.2000000030
89555  -47.463  5.810  23.469 0.2000000030
132290  -48.669  6.542  22.926 0.2000000030
147467  -44.736  7.696  26.205 0.1000000015
89562  -47.569  6.008  23.080 0.2000000030
91908  -43.181  9.390  28.537 0.1000000015
92625  -43.270  10.177  27.873 0.1000000015
91909  -43.750  9.239  27.647 0.1000000015
91153  -44.340  7.808  26.822 0.2000000030
130352  -44.157  8.714  27.061 0.2000000030
92634  -43.383  10.906  27.226 0.1000000015
92635  -43.842  10.289  27.002 0.1000000015
91923  -44.246  9.597  26.730 0.1000000015
91924  -44.587  8.704  26.452 0.2000000030
91936  -44.810  9.763  26.055 0.2000000030
97123  -42.448  17.506  29.122 0.1000000015
95782  -41.750  15.149  29.097 0.1000000015
95783  -42.338  16.222  28.930 0.1000000015
93321  -42.922  11.405  27.579 0.1000000015
93322  -43.668  11.610  26.494 0.1000000015
124715  -43.966  10.993  26.289 0.1000000015
92646  -44.365  10.492  26.199 0.1000000015
92647  -44.831  10.716  25.743 0.2000000030
96462  -41.701  16.922  29.487 0.1000000015
95168  -42.520  15.171  28.508 0.1000000015
135738  -44.536  11.058  25.789 0.2000000030
93333  -45.153  10.770  25.790 0.4000000060
97781  -42.008  19.004  29.868 0.2000000030
97122  -41.806  18.071  29.591 0.2000000030
134320  -42.561  18.537  29.378 0.2000000030
96467  -43.307  17.052  28.451 0.1000000015
95794  -43.129  15.823  28.183 0.2000000030
93326  -44.476  11.523  25.765 0.3000000119
132206  -45.031  12.080  25.403 0.3000000119
96392  -48.371  16.799  34.800 0.6000000238
142884  -47.111  16.610  33.527 0.6000000238
98364  -42.728  19.381  30.210 0.2000000030
97783  -43.637  19.199  29.673 0.2000000030
144762  -43.059  18.076  28.911 0.2000000030
97124  -43.323  18.784  29.196 0.2000000030
97791  -44.081  18.830  28.934 0.2000000030
97130  -43.756  18.115  28.580 0.2000000030
127036  -44.433  18.171  28.361 0.3000000119
93949  -44.822  12.531  25.350 0.3000000119
93950  -45.522  12.807  25.121 0.4000000060
140876  -45.447  12.299  25.784 0.5000000000
124978  -45.268  12.208  25.555 0.5000000000
137661  -49.071  16.872  35.182 0.5000000000
96407  -47.536  16.717  34.336 0.6000000238
96391  -47.627  17.241  35.224 0.5000000000
97096  -44.358  17.745  32.170 0.4000000060
96390  -46.782  17.211  34.981 0.6000000238
97774  -43.370  19.344  30.166 0.2000000030
97766  -43.993  19.048  30.528 0.4000000060
97775  -44.232  19.231  29.986 0.3000000119
124201  -50.506  17.610  37.105 0.3000000119
97072  -49.956  17.016  35.669 0.5000000000
97067  -49.782  17.540  36.450 0.3000000119
97064  -49.685  18.214  37.157 0.2000000030
147647  -49.504  16.972  35.437 0.4000000060
98316  -50.213  19.536  37.852 0.2000000030
139282  -49.116  17.374  35.872 0.3000000119
98315  -49.494  19.046  37.399 0.2000000030
97726  -48.979  18.027  36.522 0.2000000030
97725  -48.880  18.708  36.940 0.2000000030
144011  -48.373  17.310  35.516 0.4000000060
143115  -47.784  17.710  35.712 0.4000000060
97066  -48.328  17.852  36.071 0.2000000030
126872  -48.279  18.465  36.465 0.2000000030
89498  -58.374  6.330  30.833 0.2000000030
137076  -57.401  7.801  30.537 0.2000000030
90310  -57.961  7.220  30.606 0.2000000030
90281  -54.470  8.674  35.417 0.2000000030
91832  -54.305  9.041  35.513 0.2000000030
91833  -54.715  9.164  35.146 0.2000000030
91841  -54.566  9.357  35.064 0.2000000030
89496  -57.503  6.889  30.901 0.2000000030
89487  -54.487  7.001  32.009 0.2000000030
91124  -56.298  8.951  31.358 0.2000000030
128212  -56.691  7.883  30.769 0.2000000030
91852  -55.120  9.838  33.896 0.2000000030
91125  -56.644  9.529  30.991 0.2000000030
91101  -55.347  9.422  33.997 0.2000000030
89524  -46.421  5.427  26.488 0.1000000015
89556  -48.166  5.953  23.455 0.2000000030
89516  -46.525  5.761  27.612 0.1000000015
89538  -46.488  5.296  25.251 0.2000000030
89539  -47.480  5.656  24.518 0.2000000030
89525  -47.268  5.906  26.067 0.1000000015
89563  -48.031  5.977  22.960 0.2000000030
147718  -44.014  17.596  33.103 0.3000000119
91173  -51.424  8.729  23.533 0.1000000015
90360  -51.772  8.512  24.238 0.1000000015
91162  -54.746  8.682  25.730 0.1000000015
91184  -48.738  7.268  22.885 0.2000000030
90365  -49.194  7.206  22.870 0.2000000030
90309  -56.932  8.665  30.607 0.2000000030
88614  -52.262  5.443  33.588 0.2000000030
142958  -55.327  8.951  34.369 0.2000000030
90295  -54.903  8.555  34.824 0.2000000030
92533  -49.293  10.865  42.660 0.6000000238
92511  -47.063  11.081  45.037 0.6000000238
93223  -48.217  11.519  44.200 0.6999999881
91811  -51.358  9.413  39.370 0.5000000000
87896  -58.402  5.115  28.672 0.2000000030
132758  -59.149  3.826  32.085 0.2000000030
88652  -58.761  5.065  30.805 0.2000000030
88691  -52.567  5.799  28.146 0.1000000015
89497  -58.196  6.343  31.021 0.2000000030
89530  -53.544  7.082  27.250 0.1000000015
87035  -51.066  3.450  34.426 0.2000000030
88583  -46.626  5.450  38.389 0.2000000030
88588  -48.553  5.477  37.374 0.2000000030
87808  -49.416  4.597  36.338 0.2000000030
89450  -49.162  6.269  37.890 0.2000000030
88595  -50.681  5.702  36.522 0.2000000030
89461  -52.321  6.492  36.126 0.2000000030
90274  -51.862  7.573  38.341 0.2000000030
89462  -53.095  6.872  35.888 0.2000000030
89531  -54.761  7.177  27.175 0.1000000015
90335  -55.502  7.473  26.776 0.1000000015
128240  -55.571  8.100  26.369 0.1000000015
91034  -44.071  8.160  41.534 0.3000000119
89432  -44.263  6.790  41.062 0.2000000030
90260  -47.652  7.910  40.516 0.3000000119
90288  -54.395  7.932  35.307 0.2000000030
91051  -51.825  9.140  39.160 0.3000000119
91058  -51.881  8.953  38.340 0.3000000119
91036  -45.913  8.636  41.919 0.4000000060
91037  -47.677  8.859  41.652 0.5000000000
91038  -48.841  9.321  41.660 0.5000000000
89494  -55.371  6.968  31.577 0.2000000030
92532  -46.690  10.321  43.559 0.6000000238
91783  -47.640  10.350  43.576 0.6999999881
91784  -49.110  10.453  42.695 0.6000000238
91801  -49.428  10.012  42.106 0.6000000238
90307  -55.272  7.645  31.811 0.2000000030
90308  -55.858  7.864  31.313 0.2000000030
90333  -44.016  6.814  27.108 0.2000000030
95166  -41.197  14.170  29.271 0.1000000015
93327  -45.020  11.404  25.580 0.3000000119
97782  -42.813  19.218  29.798 0.2000000030
98314  -48.847  19.644  37.071 0.3000000119
91087  -55.057  9.079  34.861 0.2000000030
88575  -43.426  5.473  40.835 0.2000000030
89429  -42.147  6.235  41.385 0.2000000030
88572  -42.898  5.797  41.224 0.2000000030
86958  -39.353  3.636  43.397 0.2000000030
135821  -38.940  4.178  42.755 0.2000000030
86976  -40.306  3.346  42.769 0.2000000030
137530  -40.895  4.309  41.878 0.2000000030
146770  -41.444  4.686  41.570 0.2000000030
88571  -41.729  5.349  41.420 0.2000000030
88536  -35.721  5.694  44.226 0.2000000030
131773  -35.762  5.765  43.620 0.2000000030
88547  -36.292  5.373  43.769 0.2000000030
87748  -36.927  4.904  43.876 0.2000000030
88557  -36.209  5.691  43.103 0.2000000030
87761  -37.468  4.752  43.307 0.2000000030
86974  -38.807  3.936  43.189 0.2000000030
89417  -36.578  6.086  42.460 0.2000000030
88559  -37.832  5.150  42.617 0.2000000030
88560  -38.779  4.951  42.340 0.2000000030
87777  -39.535  4.428  42.382 0.2000000030
87787  -40.192  4.776  41.912 0.2000000030
88568  -39.168  5.787  41.787 0.2000000030
88569  -40.090  5.716  41.659 0.2000000030
88570  -40.932  5.240  41.602 0.2000000030
141252  -41.372  5.885  41.455 0.2000000030
133099  -39.611  6.526  41.558 0.2000000030
133467  -40.415  6.578  41.508 0.2000000030
133466  -41.228  6.545  41.480 0.2000000030
90251  -41.763  7.209  41.451 0.2000000030
89380  -33.761  6.545  45.992 0.1000000015
141599  -33.391  6.652  45.251 0.1000000015
89396  -33.509  6.780  44.387 0.1000000015
144956  -33.914  6.866  43.609 0.1000000015
89397  -34.371  6.453  44.115 0.1000000015
88535  -35.140  6.085  43.825 0.1000000015
89408  -34.617  6.630  43.244 0.2000000030
88546  -35.453  6.194  43.198 0.2000000030
89416  -35.854  6.395  42.646 0.2000000030
142040  -36.277  6.754  42.220 0.2000000030
89418  -37.378  5.915  42.245 0.2000000030
89426  -37.836  6.648  41.815 0.2000000030
89427  -38.774  6.672  41.620 0.2000000030
146254  -39.323  7.035  41.491 0.2000000030
90249  -39.908  7.325  41.434 0.3000000119
127312  -40.489  8.031  41.373 0.4000000060
144935  -42.822  8.434  41.463 0.3000000119
133773  -43.386  8.825  41.555 0.3000000119
122274  -44.407  9.034  41.843 0.4000000060
91782  -45.897  9.844  42.752 0.5000000000
93126  -36.324  11.868  57.286 0.1000000015
88466  -31.856  5.893  49.420 0.1000000015
88454  -31.637  5.887  50.260 0.1000000015
89343  -31.910  6.455  47.641 0.1000000015
89361  -32.038  6.765  46.880 0.1000000015
89379  -32.897  6.753  45.791 0.1000000015
90229  -32.844  6.958  44.942 0.1000000015
142051  -32.900  7.237  44.254 0.1000000015
90235  -33.316  7.281  43.619 0.1000000015
89407  -33.913  7.257  43.032 0.2000000030
134705  -34.130  7.915  42.653 0.2000000030
142505  -35.565  7.193  42.301 0.2000000030
89425  -36.958  6.688  41.945 0.2000000030
90246  -37.416  7.513  41.627 0.3000000119
90248  -39.001  7.586  41.437 0.3000000119
91030  -38.924  8.511  41.380 0.3000000119
146636  -39.534  8.880  41.352 0.3000000119
90247  -38.241  7.302  41.571 0.3000000119
127313  -39.676  8.183  41.361 0.3000000119
91032  -40.990  8.645  41.329 0.4000000060
125193  -41.531  9.216  41.358 0.3000000119
91796  -42.158  9.870  41.509 0.4000000060
124436  -42.409  8.927  41.435 0.4000000060
136766  -42.945  9.517  41.611 0.4000000060
91781  -44.811  9.936  42.489 0.5000000000
135307  -45.694  10.455  43.323 0.5000000000
128361  -35.626  11.651  57.642 0.1000000015
92404  -34.921  10.793  59.617 0.1000000015
93083  -34.432  11.288  61.667 0.1000000015
137405  -35.458  11.102  61.793 0.1000000015
93774  -35.558  11.997  56.497 0.1000000015
93125  -35.147  12.006  57.155 0.1000000015
93110  -34.260  10.978  58.966 0.1000000015
90950  -33.767  8.462  56.024 0.1000000015
91694  -34.984  10.110  56.491 0.1000000015
90964  -32.381  8.559  55.230 0.1000000015
90949  -33.094  8.565  55.617 0.1000000015
90137  -30.654  7.715  53.033 0.1000000015
90977  -31.127  8.457  54.015 0.1000000015
89288  -31.145  6.229  50.738 0.1000000015
89280  -30.648  6.828  51.243 0.1000000015
90148  -30.475  7.585  52.450 0.1000000015
89316  -30.973  6.556  49.023 0.1000000015
89295  -30.588  6.871  49.727 0.1000000015
90156  -30.211  7.515  50.879 0.1000000015
90170  -30.532  7.233  48.488 0.1000000015
144637  -30.688  7.305  47.797 0.1000000015
90208  -31.382  7.388  46.565 0.1000000015
90209  -32.110  7.150  46.062 0.1000000015
90220  -31.870  7.712  45.348 0.1000000015
90228  -32.350  7.614  44.631 0.1000000015
90234  -32.713  7.762  43.771 0.1000000015
90237  -33.270  8.002  43.097 0.1000000015
124359  -34.941  7.921  42.313 0.2000000030
91026  -35.754  8.113  41.999 0.2000000030
91027  -36.528  8.394  41.728 0.2000000030
91028  -37.363  8.482  41.534 0.3000000119
91029  -38.180  8.053  41.432 0.3000000119
91791  -36.815  9.213  41.703 0.2000000030
91793  -38.180  8.933  41.435 0.3000000119
133859  -38.988  9.432  41.419 0.3000000119
125194  -40.719  9.339  41.332 0.4000000060
125195  -39.889  9.530  41.379 0.4000000060
91794  -40.501  9.958  41.415 0.4000000060
92542  -41.612  10.548  41.693 0.4000000060
92544  -43.001  10.236  41.864 0.5000000000
91780  -43.752  9.712  41.918 0.5000000000
92543  -42.335  10.572  41.824 0.4000000060
92530  -43.891  10.651  42.517 0.5000000000
92531  -44.847  10.706  43.086 0.5000000000
92518  -46.461  10.772  44.358 0.5000000000
92517  -45.400  10.989  44.022 0.5000000000
93109  -33.328  11.203  59.304 0.1000000015
93082  -33.597  11.478  61.541 0.1000000015
93733  -33.372  12.033  62.887 0.1000000015
92447  -34.948  10.999  56.110 0.1000000015
93138  -35.056  12.172  55.897 0.1000000015
93766  -35.472  12.148  56.623 0.1000000015
93118  -33.685  11.388  58.321 0.1000000015
93096  -32.594  11.533  60.524 0.1000000015
92446  -33.860  10.741  55.558 0.1000000015
146342  -34.581  11.205  55.748 0.1000000015
93778  -34.392  12.660  55.447 0.1000000015
93765  -34.665  12.352  56.511 0.1000000015
93124  -34.203  11.844  57.416 0.1000000015
91716  -31.449  9.322  54.198 0.1000000015
91717  -32.152  9.572  54.870 0.1000000015
93136  -34.355  11.735  55.367 0.1000000015
90976  -30.726  8.352  53.312 0.1000000015
91722  -30.979  9.171  53.510 0.1000000015
90155  -29.897  8.359  51.259 0.1000000015
90983  -30.462  8.204  52.750 0.1000000015
91721  -30.540  9.023  52.699 0.1000000015
90159  -30.123  7.512  50.050 0.1000000015
90158  -29.854  8.041  50.563 0.1000000015
91735  -29.733  9.095  51.000 0.1000000015
90169  -30.041  7.731  48.802 0.1000000015
91738  -29.590  9.372  50.334 0.1000000015
140131  -29.919  8.371  47.405 0.1000000015
90993  -30.010  7.870  48.036 0.1000000015
90992  -29.612  8.374  48.786 0.1000000015
90191  -30.590  7.759  47.123 0.1000000015
91009  -31.237  8.355  45.396 0.1000000015
91006  -30.206  8.549  46.692 0.1000000015
91011  -31.784  8.285  44.701 0.1000000015
91012  -32.227  8.293  44.029 0.1000000015
91017  -32.655  8.385  43.490 0.1000000015
91774  -32.891  9.054  43.128 0.1000000015
91019  -33.744  8.783  42.718 0.2000000030
145108  -34.271  9.383  42.523 0.2000000030
146414  -35.062  9.462  42.282 0.2000000030
91778  -34.544  8.675  42.419 0.2000000030
91790  -35.911  9.093  41.938 0.2000000030
91779  -36.389  9.886  41.946 0.2000000030
92537  -37.235  10.053  41.754 0.2000000030
91792  -37.537  9.304  41.562 0.2000000030
92538  -37.964  10.622  41.786 0.3000000119
92539  -38.898  10.387  41.615 0.3000000119
145956  -39.410  9.945  41.459 0.4000000060
92541  -40.780  10.531  41.639 0.4000000060
93248  -42.006  11.147  42.136 0.5000000000
93237  -43.468  11.533  42.973 0.5000000000
93238  -44.408  11.273  43.480 0.5000000000
93137  -34.544  12.325  55.388 0.1000000015
93772  -34.342  12.790  55.684 0.1000000015
92455  -31.849  10.133  54.119 0.1000000015
92456  -32.596  10.641  54.550 0.1000000015
93145  -33.993  12.334  54.853 0.1000000015
129789  -34.198  13.047  55.281 0.1000000015
91731  -31.041  9.961  53.006 0.1000000015
93144  -32.969  11.770  54.351 0.1000000015
94353  -33.091  13.737  54.237 0.1000000015
92468  -30.680  9.776  52.260 0.1000000015
93152  -32.057  11.446  52.900 0.1000000015
126117  -32.594  12.122  53.511 0.1000000015
91736  -30.134  9.231  51.743 0.1000000015
92477  -30.631  10.154  51.595 0.1000000015
92469  -31.177  10.449  52.231 0.1000000015
93155  -31.747  11.111  52.188 0.1000000015
91741  -29.496  9.696  49.537 0.1000000015
92482  -30.661  10.652  50.746 0.1000000015
92478  -31.356  10.873  51.482 0.1000000015
91743  -29.392  9.239  48.770 0.1000000015
92481  -29.804  10.147  50.208 0.1000000015
91752  -29.364  9.623  47.928 0.1000000015
92492  -29.419  10.553  47.748 0.1000000015
92484  -29.691  10.374  49.510 0.1000000015
91008  -30.525  8.839  45.891 0.1000000015
91762  -29.849  9.347  46.419 0.1000000015
92503  -29.450  10.799  46.857 0.1000000015
91766  -30.819  9.186  45.092 0.1000000015
91765  -30.154  9.644  45.617 0.1000000015
130228  -31.380  8.867  44.712 0.1000000015
91016  -31.815  8.925  44.131 0.1000000015
91773  -32.103  9.635  43.559 0.1000000015
91776  -32.770  9.957  43.054 0.2000000030
91777  -33.570  9.831  42.722 0.2000000030
92525  -34.488  10.148  42.495 0.2000000030
93230  -36.508  11.232  42.292 0.2000000030
93871  -37.719  12.526  42.485 0.3000000119
146107  -35.736  9.867  42.157 0.2000000030
92527  -36.675  10.521  42.063 0.2000000030
93232  -38.154  11.875  42.304 0.3000000119
93233  -39.015  11.882  42.332 0.5000000000
142217  -40.144  12.590  42.792 0.5000000000
135671  -40.755  12.263  42.710 0.5000000000
93244  -38.541  11.214  41.983 0.3000000119
93234  -39.970  11.893  42.399 0.5000000000
137888  -41.542  11.840  42.539 0.6000000238
93875  -42.184  12.316  43.001 0.5000000000
93245  -39.434  11.167  41.940 0.4000000060
93246  -40.323  11.140  41.961 0.4000000060
93236  -42.528  11.710  42.664 0.5000000000
93222  -44.932  11.652  44.597 0.5000000000
126894  -32.753  13.297  53.467 0.1000000015
137803  -32.341  11.958  52.781 0.1000000015
93787  -32.442  12.669  52.951 0.1000000015
93156  -32.214  11.638  52.170 0.1000000015
94359  -32.497  13.000  52.257 0.1000000015
93166  -32.589  11.832  51.544 0.1000000015
94369  -32.866  13.560  51.733 0.1000000015
93176  -30.613  11.396  49.523 0.1000000015
93177  -31.483  11.677  49.880 0.1000000015
93171  -32.604  11.656  50.973 0.1000000015
93188  -29.545  11.429  47.497 0.1000000015
93181  -29.617  11.182  48.348 0.1000000015
92506  -29.913  10.471  45.428 0.1000000015
93212  -30.438  11.266  44.500 0.2000000030
92508  -30.278  10.703  44.833 0.1000000015
93219  -31.042  11.229  43.894 0.2000000030
92515  -31.527  10.462  43.737 0.1000000015
92516  -32.312  10.571  43.251 0.2000000030
93227  -33.445  11.535  42.786 0.2000000030
131305  -34.793  10.999  42.466 0.2000000030
93229  -35.142  11.822  42.502 0.2000000030
130496  -36.050  11.984  42.441 0.2000000030
93870  -36.823  12.473  42.508 0.3000000119
94464  -40.726  13.043  43.125 0.5000000000
95045  -40.342  13.795  43.226 0.5000000000
140587  -41.945  13.656  43.872 0.5000000000
95037  -42.456  14.181  44.350 0.6000000238
93872  -38.579  12.585  42.558 0.4000000060
94463  -39.876  13.189  42.991 0.5000000000
94448  -41.496  13.211  43.413 0.5000000000
94449  -42.832  13.561  44.450 0.6000000238
94438  -43.323  14.101  45.052 0.6000000238
94439  -44.240  13.958  45.829 0.6000000238
93874  -41.478  12.617  43.046 0.5000000000
93859  -43.495  12.872  44.507 0.6000000238
94450  -43.639  13.564  45.106 0.6000000238
93221  -42.990  12.260  43.419 0.5000000000
93860  -44.564  12.432  45.115 0.5000000000
93852  -45.251  12.749  46.121 0.5000000000
125890  -43.949  12.013  44.000 0.5000000000
93213  -45.469  12.035  45.679 0.5000000000
93798  -32.959  12.407  51.522 0.1000000015
143865  -33.733  12.883  51.261 0.1000000015
93182  -30.172  11.656  48.795 0.1000000015
93806  -33.847  12.151  50.474 0.1000000015
93825  -29.763  12.172  47.176 0.1000000015
93826  -30.486  12.581  47.681 0.1000000015
93817  -31.433  12.517  48.439 0.1000000015
93209  -29.872  11.360  45.237 0.1000000015
93200  -29.552  11.600  46.628 0.1000000015
142179  -30.141  11.913  44.761 0.1000000015
93850  -30.651  11.947  44.198 0.2000000030
93220  -31.829  11.297  43.468 0.2000000030
93226  -32.633  11.413  43.077 0.2000000030
93866  -32.942  12.252  42.939 0.2000000030
93867  -33.775  12.373  42.706 0.2000000030
94462  -39.029  13.378  42.829 0.4000000060
142763  -39.668  13.809  43.014 0.4000000060
93856  -31.331  12.023  43.697 0.2000000030
92510  -46.114  11.396  45.132 0.5000000000
93846  -45.961  12.418  46.371 0.5000000000
93851  -44.393  13.205  45.594 0.6000000238
89430  -43.007  6.535  41.339 0.2000000030
127143  -42.279  8.031  41.440 0.2000000030
86975  -39.545  3.696  42.859 0.2000000030
87776  -38.269  4.403  42.933 0.2000000030
88537  -36.457  5.406  44.415 0.1000000015
88538  -37.353  5.017  44.505 0.2000000030
87760  -36.773  5.183  43.391 0.2000000030
88558  -36.986  5.372  42.820 0.2000000030
89419  -38.279  5.828  42.025 0.2000000030
87786  -39.545  5.120  41.970 0.2000000030
89428  -40.806  6.003  41.524 0.2000000030
90250  -40.853  7.285  41.459 0.2000000030
145894  -33.255  6.538  46.292 0.1000000015
90238  -34.675  7.217  42.661 0.2000000030
90245  -36.473  7.498  41.865 0.2000000030
127311  -41.338  7.966  41.419 0.2000000030
91033  -41.704  8.561  41.394 0.2000000030
93121  -36.822  11.683  57.558 0.1000000015
93767  -36.091  12.000  56.881 0.1000000015
89344  -32.808  6.217  47.308 0.1000000015
90171  -31.167  6.756  48.095 0.1000000015
90192  -31.285  7.048  47.326 0.1000000015
89362  -32.777  6.584  46.519 0.1000000015
147186  -36.930  7.966  41.611 0.2000000030
91031  -40.211  8.763  41.326 0.3000000119
93119  -34.675  11.401  57.986 0.1000000015
122236  -33.957  11.039  60.106 0.1000000015
93066  -33.908  11.627  62.303 0.1000000015
93067  -34.792  11.489  62.477 0.1000000015
93773  -34.993  12.410  56.034 0.1000000015
91708  -33.539  9.551  55.812 0.1000000015
90138  -31.089  7.537  53.619 0.1000000015
90986  -30.193  8.334  52.139 0.1000000015
90162  -30.341  7.302  49.252 0.1000000015
90207  -30.868  8.049  46.225 0.1000000015
124653  -31.475  7.706  45.901 0.1000000015
91020  -35.232  8.652  42.169 0.2000000030
132049  -38.122  9.805  41.532 0.3000000119
91795  -41.221  9.930  41.412 0.4000000060
92540  -39.886  10.393  41.587 0.4000000060
92529  -42.881  10.990  42.274 0.5000000000
93108  -32.506  11.451  59.675 0.1000000015
92448  -35.059  11.744  55.829 0.1000000015
93123  -33.240  11.801  57.658 0.1000000015
92457  -33.462  11.276  54.976 0.1000000015
92445  -32.999  10.197  55.253 0.1000000015
90161  -29.834  7.974  49.441 0.1000000015
91002  -29.485  8.714  48.010 0.1000000015
91005  -29.614  9.070  47.236 0.1000000015
92526  -36.040  10.502  42.221 0.2000000030
92528  -37.239  10.907  42.064 0.3000000119
93243  -37.827  11.273  42.100 0.3000000119
93247  -41.163  11.156  42.010 0.5000000000
93146  -34.212  12.813  54.924 0.1000000015
92460  -32.209  10.990  53.691 0.1000000015
93781  -33.498  12.977  54.311 0.1000000015
93151  -31.589  10.752  52.937 0.1000000015
91739  -29.962  9.785  50.980 0.1000000015
92488  -29.458  10.246  48.721 0.1000000015
92483  -31.689  11.356  50.731 0.1000000015
91761  -29.455  9.924  47.053 0.1000000015
91764  -29.619  10.187  46.199 0.1000000015
91768  -30.504  9.997  44.881 0.1000000015
91769  -31.245  9.628  44.285 0.1000000015
92509  -30.800  10.521  44.286 0.1000000015
92523  -33.100  10.690  42.873 0.2000000030
92524  -33.940  10.817  42.633 0.2000000030
142386  -35.294  10.356  42.334 0.2000000030
136187  -35.638  11.147  42.377 0.2000000030
93231  -37.272  11.731  42.342 0.3000000119
134783  -37.348  13.216  42.580 0.2000000030
93873  -39.426  12.576  42.694 0.5000000000
93235  -40.743  11.656  42.325 0.5000000000
94356  -32.485  13.588  52.855 0.1000000015
93790  -32.462  12.187  52.206 0.1000000015
93165  -32.043  11.430  51.500 0.1000000015
94964  -32.648  14.431  52.028 0.1000000015
93167  -33.223  11.944  51.041 0.1000000015
94965  -33.093  14.485  51.639 0.1000000015
93183  -30.992  12.032  49.136 0.1000000015
93172  -33.153  11.914  50.634 0.1000000015
93189  -29.837  11.968  48.046 0.1000000015
92505  -29.548  11.031  46.016 0.1000000015
93228  -34.290  11.674  42.617 0.2000000030
94461  -38.139  13.257  42.621 0.3000000119
94447  -41.132  13.751  43.490 0.5000000000
93858  -42.323  12.958  43.662 0.6000000238
93816  -30.511  12.189  48.442 0.1000000015
86116  -48.556  2.051  41.761 0.1000000015
126813  -47.992  2.087  41.961 0.1000000015
86089  -46.034  2.395  42.990 0.1000000015
86105  -47.597  2.386  42.518 0.1000000015
139955  -45.211  2.394  42.622 0.1000000015
86104  -46.710  2.252  42.370 0.1000000015
86115  -47.291  2.058  41.730 0.1000000015
86130  -47.955  1.820  41.163 0.1000000015
85185  -48.892  1.815  41.142 0.1000000015
147170  -44.589  2.453  42.296 0.1000000015
86103  -45.001  2.426  41.798 0.1000000015
124411  -45.806  2.248  42.048 0.1000000015
86114  -46.420  2.093  41.419 0.1000000015
86129  -47.040  1.905  40.844 0.1000000015
85191  -47.548  1.657  40.229 0.1000000015
85192  -48.396  1.557  40.368 0.1000000015
86100  -42.119  2.687  42.587 0.1000000015
124665  -43.944  2.490  42.418 0.1000000015
86102  -44.270  2.580  41.708 0.1000000015
86113  -45.453  2.315  41.018 0.1000000015
86128  -46.241  2.091  40.459 0.1000000015
85190  -46.839  1.828  40.072 0.1000000015
85201  -48.015  1.463  39.557 0.1000000015
135073  -48.628  1.242  39.028 0.1000000015
86978  -41.848  3.166  42.043 0.1000000015
86111  -42.662  2.917  41.905 0.1000000015
86990  -43.213  3.311  41.277 0.1000000015
86112  -44.014  2.956  40.969 0.1000000015
86126  -44.797  2.810  40.465 0.1000000015
86127  -45.542  2.535  40.017 0.1000000015
86141  -46.380  2.200  39.510 0.1000000015
85200  -47.226  1.740  39.456 0.1000000015
85212  -47.820  1.610  38.743 0.1000000015
85213  -48.616  1.382  38.235 0.1000000015
86989  -42.441  3.777  41.415 0.1000000015
86998  -43.621  3.714  40.601 0.1000000015
86999  -44.283  3.458  40.151 0.1000000015
87000  -44.964  3.187  39.662 0.1000000015
86150  -46.996  2.044  38.802 0.1000000015
137285  -47.464  2.041  38.294 0.1000000015
85221  -48.010  1.793  37.969 0.1000000015
87788  -42.066  4.653  41.377 0.1000000015
87789  -42.811  4.820  41.092 0.1000000015
87794  -43.448  4.583  40.609 0.1000000015
87795  -44.021  4.320  40.075 0.1000000015
87005  -45.246  3.675  38.991 0.1000000015
87007  -45.921  3.399  38.608 0.1000000015
87008  -46.524  3.281  38.147 0.1000000015
86156  -46.981  2.568  38.191 0.1000000015
86157  -47.596  2.441  37.759 0.1000000015
86158  -48.139  2.238  37.430 0.1000000015
85232  -49.168  1.845  36.839 0.1000000015
147695  -42.353  5.375  41.307 0.1000000015
88576  -43.939  5.212  40.313 0.1000000015
87797  -45.123  4.600  38.971 0.1000000015
87799  -45.748  4.211  38.560 0.1000000015
87800  -46.234  3.904  38.246 0.1000000015
87010  -47.218  3.289  37.626 0.1000000015
87011  -47.962  3.046  37.181 0.1000000015
86165  -48.587  2.404  36.914 0.1000000015
86166  -49.164  2.533  36.360 0.1000000015
89434  -43.999  6.036  40.665 0.1000000015
89439  -44.916  6.072  39.802 0.1000000015
88579  -45.334  5.539  39.194 0.1000000015
131916  -46.379  4.609  38.235 0.1000000015
88587  -47.137  4.922  37.810 0.1000000015
87804  -47.392  4.136  37.399 0.1000000015
87805  -48.027  4.033  36.917 0.1000000015
87013  -48.674  3.349  36.548 0.1000000015
86181  -49.724  2.575  35.786 0.1000000015
87807  -48.761  4.296  36.573 0.1000000015
130346  -49.145  3.898  36.237 0.1000000015
87014  -49.346  3.271  35.998 0.1000000015
87811  -49.635  4.058  35.827 0.1000000015
86106  -48.532  2.504  42.454 0.1000000015
137662  -46.149  2.751  43.826 0.1000000015
86090  -47.010  2.677  43.311 0.1000000015
86091  -48.026  2.925  43.188 0.1000000015
86117  -49.344  2.289  41.927 0.1000000015
142904  -44.536  2.423  42.971 0.1000000015
129019  -45.235  2.567  43.547 0.1000000015
86118  -50.292  2.379  41.721 0.1000000015
85186  -49.743  1.899  41.145 0.1000000015
137797  -43.159  2.457  43.534 0.1000000015
86088  -43.814  2.431  43.243 0.1000000015
85193  -49.327  1.491  40.400 0.1000000015
86101  -43.063  2.559  42.662 0.1000000015
85214  -49.453  1.013  38.558 0.1000000015
84358  -49.882  0.931  37.840 0.1000000015
86988  -41.600  3.938  41.719 0.1000000015
85233  -49.688  1.897  36.270 0.1000000015
85251  -50.148  1.999  35.751 0.1000000015
87017  -49.929  3.324  35.458 0.1000000015
86962  -48.506  3.465  43.807 0.1000000015
86979  -48.897  3.127  43.137 0.1000000015
86980  -49.692  3.319  43.038 0.1000000015
86108  -50.845  2.945  42.252 0.1000000015
126606  -51.203  2.471  41.573 0.1000000015
86072  -43.778  2.570  44.172 0.1000000015
86062  -44.221  3.051  44.965 0.1000000015
86063  -45.074  3.166  45.017 0.1000000015
86074  -45.544  2.932  44.370 0.1000000015
85194  -50.601  1.855  40.946 0.1000000015
86070  -41.826  2.718  44.016 0.1000000015
86071  -42.785  2.625  44.208 0.1000000015
129140  -44.418  2.506  43.665 0.1000000015
144479  -49.969  1.630  40.670 0.1000000015
142609  -41.433  2.872  42.598 0.1000000015
86087  -42.385  2.520  43.339 0.1000000015
84352  -50.200  0.895  39.259 0.1000000015
86977  -41.005  3.409  42.327 0.1000000015
84359  -50.387  0.754  38.423 0.1000000015
84364  -50.593  0.725  37.572 0.1000000015
85234  -50.362  1.433  36.168 0.1000000015
85252  -50.748  1.733  35.500 0.1000000015
87018  -50.491  3.386  34.926 0.1000000015
86182  -50.404  2.529  35.248 0.1000000015
87820  -50.746  4.069  34.724 0.1000000015
83626  -56.803  -0.226  25.880 0.1000000015
87782  -55.520  4.705  41.886 0.1000000015
86951  -48.949  3.975  44.371 0.1000000015
86965  -51.025  3.936  43.386 0.1000000015
87779  -51.839  4.124  43.166 0.1000000015
86983  -52.244  3.726  42.578 0.1000000015
86950  -48.178  3.739  44.514 0.1000000015
86963  -49.338  3.675  43.711 0.1000000015
86964  -50.174  3.847  43.561 0.1000000015
86982  -51.354  3.538  42.731 0.1000000015
87751  -47.881  4.013  45.244 0.1000000015
86949  -47.393  3.570  44.706 0.1000000015
86961  -47.658  3.268  43.942 0.1000000015
86109  -51.737  3.076  42.109 0.1000000015
86930  -43.784  3.555  45.626 0.1000000015
86931  -44.617  3.572  45.638 0.1000000015
86947  -45.870  3.327  45.045 0.1000000015
86948  -46.631  3.452  44.937 0.1000000015
86075  -46.842  3.150  44.186 0.1000000015
86119  -52.136  2.631  41.445 0.1000000015
86946  -43.316  2.987  44.985 0.1000000015
86131  -51.607  2.034  40.885 0.1000000015
130277  -51.154  1.433  40.320 0.1000000015
85203  -50.835  1.035  39.737 0.1000000015
86085  -40.803  2.884  42.933 0.1000000015
84353  -51.027  0.785  39.077 0.1000000015
87778  -40.255  3.979  42.378 0.1000000015
84360  -51.284  0.601  38.265 0.1000000015
84365  -51.590  0.605  37.307 0.1000000015
85235  -51.139  1.105  35.960 0.1000000015
86206  -51.551  2.746  34.304 0.1000000015
86183  -51.140  2.172  34.873 0.1000000015
85321  -56.327  1.032  26.712 0.1000000015
134114  -56.773  -0.800  25.626 0.1000000015
84468  -56.387  0.689  25.775 0.1000000015
77226  -50.462  -7.488  49.841 0.1000000015
78217  -50.883  -6.787  49.372 0.1000000015
78225  -51.519  -6.470  48.579 0.1000000015
78232  -52.208  -6.326  47.847 0.1000000015
123531  -55.060  -4.974  46.043 0.1000000015
80960  -56.374  -3.571  46.346 0.1000000015
81830  -56.925  -2.570  45.456 0.1000000015
83498  -56.936  -1.467  45.077 0.1000000015
79170  -52.889  -6.059  47.309 0.1000000015
79185  -54.318  -5.315  46.430 0.1000000015
83509  -56.799  -0.861  44.796 0.1000000015
84335  -57.076  0.584  43.766 0.1000000015
141194  -56.904  1.462  43.847 0.1000000015
84320  -46.351  -0.092  45.485 0.1000000015
86081  -56.909  2.998  43.834 0.1000000015
84315  -46.700  0.628  46.078 0.1000000015
127981  -49.205  5.577  46.765 0.1000000015
88526  -49.497  5.222  46.047 0.1000000015
88513  -50.770  5.882  46.110 0.1000000015
88540  -51.133  5.270  44.964 0.1000000015
88548  -52.225  5.214  44.105 0.1000000015
85146  -46.853  1.166  47.120 0.1000000015
88527  -50.620  5.329  45.372 0.1000000015
87755  -51.340  4.922  44.422 0.1000000015
141023  -53.065  5.685  44.084 0.1000000015
88561  -54.890  5.849  43.275 0.1000000015
88511  -48.748  5.056  46.348 0.1000000015
87741  -49.841  4.873  45.227 0.1000000015
87764  -50.735  4.375  44.038 0.1000000015
87765  -51.551  4.529  43.768 0.1000000015
87766  -52.948  5.137  43.519 0.1000000015
125834  -54.522  2.602  40.479 0.1000000015
86984  -53.225  4.041  42.406 0.1000000015
87726  -46.302  4.655  46.663 0.1000000015
87727  -47.155  4.807  46.704 0.1000000015
87739  -48.317  4.501  45.792 0.1000000015
87737  -46.891  4.241  46.132 0.1000000015
86934  -47.119  3.869  45.466 0.1000000015
86132  -52.547  2.191  40.786 0.1000000015
124093  -41.640  3.894  45.494 0.1000000015
126132  -43.014  3.600  45.629 0.1000000015
86921  -44.173  4.171  46.287 0.1000000015
85196  -52.967  1.756  40.147 0.1000000015
86161  -57.549  1.667  37.635 0.1000000015
86928  -40.870  4.137  45.364 0.1000000015
86943  -40.235  3.496  44.444 0.1000000015
86944  -41.264  3.265  44.688 0.1000000015
86945  -42.296  3.211  45.071 0.1000000015
85205  -52.457  1.207  39.597 0.1000000015
87750  -39.385  4.035  44.553 0.1000000015
129183  -39.535  3.566  43.875 0.1000000015
86959  -40.040  3.219  43.364 0.1000000015
84354  -51.919  0.762  38.977 0.1000000015
85215  -52.850  0.891  38.839 0.1000000015
138127  -58.854  1.309  35.163 0.1000000015
84411  -58.788  1.428  34.079 0.1000000015
84361  -52.259  0.616  38.148 0.1000000015
84366  -52.616  0.656  37.328 0.1000000015
85277  -58.823  1.918  33.629 0.1000000015
85275  -57.778  1.591  33.382 0.1000000015
85236  -52.076  0.933  35.920 0.1000000015
85276  -58.588  1.904  33.408 0.1000000015
85285  -58.318  2.248  32.864 0.1000000015
85266  -53.014  1.740  34.830 0.1000000015
86227  -57.775  2.632  32.244 0.1000000015
86259  -56.111  2.520  28.391 0.1000000015
85316  -56.443  1.734  26.742 0.1000000015
79116  -52.515  -5.169  54.480 0.1000000015
79102  -51.928  -5.253  55.103 0.1000000015
139763  -52.559  -5.978  54.925 0.1000000015
77193  -52.848  -7.050  54.875 0.1000000015
76228  -53.517  -8.401  53.396 0.1000000015
75271  -53.401  -9.455  52.034 0.1000000015
79967  -51.575  -4.244  54.192 0.1000000015
80891  -51.579  -3.703  53.541 0.1000000015
75279  -51.832  -10.001  49.461 0.1000000015
80899  -51.394  -3.221  52.906 0.1000000015
76247  -51.051  -8.782  50.223 0.1000000015
81756  -51.199  -2.755  52.303 0.1000000015
77219  -51.054  -8.032  50.375 0.1000000015
81789  -50.563  -2.111  49.795 0.1000000015
81798  -50.101  -2.000  48.966 0.1000000015
81797  -49.112  -2.244  48.749 0.1000000015
82636  -49.690  -1.919  48.191 0.1000000015
79171  -53.631  -5.646  47.727 0.1000000015
81820  -48.821  -2.016  46.765 0.1000000015
82656  -56.802  -2.134  46.002 0.1000000015
128713  -56.920  -0.216  44.277 0.1000000015
82648  -48.544  -1.976  45.751 0.1000000015
82674  -47.922  -1.177  44.704 0.1000000015
79179  -53.588  -5.701  46.849 0.1000000015
80047  -55.080  -4.886  46.936 0.1000000015
84334  -56.571  0.797  44.234 0.1000000015
85168  -56.624  2.139  44.114 0.1000000015
84321  -47.039  0.089  45.264 0.1000000015
86966  -57.030  3.816  43.675 0.1000000015
86957  -56.753  4.318  44.092 0.1000000015
128533  -51.376  5.785  45.512 0.1000000015
87757  -56.469  5.021  44.638 0.1000000015
122247  -47.147  1.455  48.210 0.1000000015
85142  -46.587  1.220  49.169 0.1000000015
85139  -47.017  1.689  49.864 0.1000000015
87728  -47.954  4.928  46.603 0.1000000015
88501  -47.512  5.523  47.357 0.1000000015
86923  -45.695  4.149  46.256 0.1000000015
87716  -46.730  5.481  47.405 0.1000000015
86920  -43.322  4.300  46.226 0.1000000015
87724  -44.609  4.898  46.941 0.1000000015
86929  -42.373  4.390  46.033 0.1000000015
129439  -42.936  5.458  46.662 0.1000000015
85257  -58.667  1.862  35.580 0.1000000015
87735  -40.044  4.546  45.251 0.1000000015
87736  -41.525  4.968  45.929 0.1000000015
84362  -53.206  0.769  38.048 0.1000000015
85258  -58.948  1.867  34.699 0.1000000015
85267  -58.991  1.871  34.050 0.1000000015
85237  -53.800  1.276  36.409 0.1000000015
86220  -58.848  2.461  33.223 0.1000000015
85286  -58.715  2.471  32.880 0.1000000015
86229  -58.814  2.797  32.560 0.1000000015
86228  -58.632  2.724  32.472 0.1000000015
86236  -57.374  2.859  31.756 0.1000000015
86237  -58.369  3.078  31.957 0.1000000015
143155  -57.770  3.270  31.411 0.1000000015
87081  -58.346  3.550  31.398 0.1000000015
87090  -57.544  3.558  30.735 0.1000000015
138975  -56.733  3.425  28.984 0.1000000015
128017  -56.751  3.246  27.980 0.1000000015
146461  -56.241  2.010  27.472 0.1000000015
85322  -56.580  1.298  26.088 0.1000000015
87115  -55.887  3.653  25.405 0.1000000015
135589  -56.634  1.854  26.164 0.1000000015
86270  -56.684  2.131  25.859 0.1000000015
84457  -56.608  0.485  25.935 0.1000000015
86271  -57.111  3.284  25.625 0.1000000015
141892  -56.848  2.729  25.584 0.1000000015
85329  -56.451  1.480  25.799 0.1000000015
79117  -53.090  -5.521  54.090 0.1000000015
78195  -53.244  -6.388  54.210 0.1000000015
77207  -53.668  -7.802  52.738 0.1000000015
79960  -52.139  -4.640  54.465 0.1000000015
132628  -52.909  -4.714  53.869 0.1000000015
76238  -53.575  -8.579  52.485 0.1000000015
76244  -53.394  -8.453  51.876 0.1000000015
79968  -52.338  -4.151  53.908 0.1000000015
79977  -52.946  -4.084  53.542 0.1000000015
140473  -52.766  -9.720  50.788 0.1000000015
80892  -52.429  -3.638  53.462 0.1000000015
75275  -52.289  -9.896  50.048 0.1000000015
140648  -52.059  -3.259  53.080 0.1000000015
76248  -51.923  -8.876  50.514 0.1000000015
77220  -51.841  -7.719  50.689 0.1000000015
80900  -52.771  -3.089  52.932 0.1000000015
81757  -52.152  -2.736  52.487 0.1000000015
77227  -51.254  -7.192  50.126 0.1000000015
78218  -51.617  -6.524  49.638 0.1000000015
78226  -52.263  -6.222  48.887 0.1000000015
81771  -50.948  -2.506  51.633 0.1000000015
81779  -51.448  -2.167  51.102 0.1000000015
82617  -51.261  -1.907  49.927 0.1000000015
79166  -52.969  -6.041  48.230 0.1000000015
134011  -50.576  -1.669  48.191 0.1000000015
130369  -49.760  -1.764  47.242 0.1000000015
79180  -54.366  -5.248  47.312 0.1000000015
80041  -55.756  -4.424  47.422 0.1000000015
80042  -56.196  -4.036  46.994 0.1000000015
81829  -56.680  -2.695  46.406 0.1000000015
82668  -56.633  -1.718  45.824 0.1000000015
82649  -49.412  -1.736  46.116 0.1000000015
82675  -48.768  -1.208  44.703 0.1000000015
83501  -49.252  -0.539  44.533 0.1000000015
83508  -56.295  -0.388  44.663 0.1000000015
146142  -56.183  2.419  44.404 0.1000000015
83500  -48.423  -0.564  44.612 0.1000000015
84325  -48.179  0.032  44.728 0.1000000015
84323  -48.361  0.682  44.977 0.1000000015
137790  -56.110  1.516  44.404 0.1000000015
85156  -47.918  1.055  45.634 0.1000000015
88512  -50.007  5.864  46.689 0.1000000015
88514  -51.609  6.444  46.281 0.1000000015
89399  -53.306  6.717  45.333 0.1000000015
88543  -53.721  6.360  44.522 0.1000000015
86956  -56.149  3.998  44.575 0.1000000015
85147  -47.661  1.618  47.345 0.1000000015
85151  -48.260  1.691  46.480 0.1000000015
89389  -52.404  6.931  46.459 0.1000000015
89374  -52.962  7.410  47.148 0.1000000015
90225  -54.334  7.416  46.347 0.1000000015
85143  -47.468  1.728  49.242 0.1000000015
85148  -48.042  1.955  48.417 0.1000000015
88502  -49.371  6.183  47.503 0.1000000015
89356  -51.463  7.150  47.808 0.1000000015
86876  -46.475  3.570  50.675 0.1000000015
86026  -45.996  2.583  50.530 0.1000000015
89371  -50.153  6.497  47.529 0.1000000015
90179  -51.469  7.215  48.564 0.1000000015
89329  -44.453  8.145  48.922 0.1000000015
89303  -45.208  7.592  49.401 0.1000000015
138452  -45.181  7.165  49.596 0.1000000015
141458  -45.677  5.210  50.232 0.1000000015
86028  -47.580  2.835  50.576 0.1000000015
86044  -47.752  2.222  50.029 0.1000000015
89354  -49.845  6.792  48.373 0.1000000015
89355  -50.755  6.949  48.126 0.1000000015
88491  -47.792  6.311  48.235 0.1000000015
88492  -48.769  6.629  48.538 0.1000000015
87713  -44.310  6.050  47.388 0.1000000015
87714  -45.116  5.843  47.570 0.1000000015
87715  -45.934  5.618  47.552 0.1000000015
132892  -47.106  6.140  48.011 0.1000000015
89388  -40.694  6.835  45.969 0.1000000015
88508  -42.068  7.421  46.665 0.1000000015
88509  -42.782  6.954  46.900 0.1000000015
88510  -43.518  6.417  47.180 0.1000000015
123303  -58.269  2.061  36.196 0.1000000015
88539  -38.257  5.001  44.872 0.1000000015
88523  -39.983  5.819  45.626 0.1000000015
88524  -40.770  5.419  45.729 0.1000000015
87722  -42.168  5.922  46.419 0.1000000015
85225  -54.876  1.555  37.748 0.1000000015
86190  -58.809  2.507  34.915 0.1000000015
86212  -58.984  2.520  34.204 0.1000000015
126642  -38.723  4.378  44.527 0.1000000015
86221  -58.981  2.590  33.500 0.1000000015
86230  -59.010  2.932  32.767 0.1000000015
87074  -59.156  3.628  32.595 0.1000000015
86238  -58.813  3.029  32.206 0.1000000015
87104  -56.851  3.040  26.871 0.1000000015
87110  -57.229  3.536  26.403 0.1000000015
86265  -56.990  2.764  26.032 0.1000000015
142976  -53.500  -5.891  53.655 0.1000000015
78196  -53.604  -6.612  53.472 0.1000000015
77198  -53.732  -6.752  52.608 0.1000000015
79129  -53.555  -5.234  53.489 0.1000000015
78197  -53.745  -5.872  53.100 0.1000000015
77215  -53.044  -8.054  51.468 0.1000000015
77216  -53.395  -7.502  51.792 0.1000000015
80893  -53.242  -3.643  53.141 0.1000000015
76243  -53.110  -9.079  51.427 0.1000000015
76249  -52.570  -8.486  51.045 0.1000000015
77222  -53.025  -7.034  51.353 0.1000000015
80901  -53.461  -3.161  52.587 0.1000000015
77221  -52.514  -7.410  51.038 0.1000000015
78213  -52.582  -6.471  50.741 0.1000000015
78220  -52.986  -5.850  50.182 0.1000000015
81773  -52.721  -2.195  51.824 0.1000000015
82605  -53.277  -1.844  51.178 0.1000000015
78212  -51.914  -6.796  50.480 0.1000000015
81758  -53.077  -2.604  52.365 0.1000000015
81780  -52.389  -1.886  51.064 0.1000000015
78219  -52.291  -6.150  49.918 0.1000000015
79163  -53.599  -5.382  49.595 0.1000000015
79168  -54.261  -4.860  49.088 0.1000000015
81772  -51.811  -2.346  51.762 0.1000000015
82609  -51.758  -1.856  50.446 0.1000000015
82618  -51.894  -1.642  49.674 0.1000000015
79162  -52.967  -5.886  49.203 0.1000000015
79167  -53.611  -5.494  48.639 0.1000000015
79172  -54.337  -5.053  48.186 0.1000000015
147400  -51.255  -1.600  48.544 0.1000000015
80040  -55.116  -4.729  47.803 0.1000000015
80953  -56.167  -3.814  47.810 0.1000000015
80954  -56.455  -3.173  47.322 0.1000000015
82627  -51.070  -1.784  49.144 0.1000000015
82637  -50.753  -1.497  47.190 0.1000000015
125837  -50.081  -1.327  45.520 0.1000000015
81821  -56.451  -2.358  47.221 0.1000000015
82667  -56.148  -1.465  46.170 0.1000000015
83507  -55.669  -0.377  44.827 0.1000000015
123038  -50.167  -1.534  46.460 0.1000000015
82676  -49.628  -1.053  44.786 0.1000000015
83502  -50.094  -0.419  44.481 0.1000000015
84326  -48.933  0.183  44.607 0.1000000015
85161  -48.975  0.949  44.881 0.1000000015
84333  -55.891  0.514  44.493 0.1000000015
85157  -48.636  1.366  45.495 0.1000000015
88505  -54.207  6.611  47.583 0.1000000015
130480  -48.319  2.023  47.472 0.1000000015
85152  -49.077  2.020  46.060 0.1000000015
90201  -52.224  7.390  47.957 0.1000000015
90182  -53.437  7.247  48.163 0.1000000015
89358  -54.507  7.149  47.298 0.1000000015
90226  -54.880  7.360  46.037 0.1000000015
86053  -48.775  2.439  48.053 0.1000000015
86058  -49.585  2.664  46.619 0.1000000015
132586  -47.626  4.612  50.788 0.1000000015
133381  -47.283  3.627  50.747 0.1000000015
86029  -48.135  2.897  50.366 0.1000000015
86049  -48.629  2.535  49.020 0.1000000015
90165  -52.216  6.987  49.165 0.1000000015
88472  -45.784  6.905  49.793 0.1000000015
87680  -46.933  4.472  50.668 0.1000000015
89335  -50.593  7.064  49.039 0.1000000015
90164  -51.391  6.943  49.299 0.1000000015
89330  -45.287  7.622  49.161 0.1000000015
89332  -47.569  7.079  49.761 0.1000000015
89333  -48.545  6.991  49.694 0.1000000015
89334  -49.600  6.993  49.373 0.1000000015
140578  -47.917  6.861  49.144 0.1000000015
89351  -43.380  7.910  47.518 0.1000000015
89352  -44.193  8.236  48.141 0.1000000015
88499  -45.572  6.937  48.382 0.1000000015
88500  -46.456  6.401  48.261 0.1000000015
88490  -47.077  6.797  49.043 0.1000000015
135567  -58.052  2.336  36.199 0.1000000015
86170  -57.585  1.997  36.771 0.1000000015
86169  -56.926  2.137  36.579 0.1000000015
88497  -44.087  7.254  47.599 0.1000000015
85238  -55.173  1.776  36.887 0.1000000015
86189  -58.414  2.485  35.593 0.1000000015
132281  -58.128  2.784  35.631 0.1000000015
86188  -57.622  2.583  35.944 0.1000000015
88525  -41.444  6.418  46.158 0.1000000015
86167  -55.258  1.981  36.065 0.1000000015
87021  -58.486  3.081  35.045 0.1000000015
86186  -55.741  2.364  35.572 0.1000000015
87022  -58.835  3.117  34.441 0.1000000015
147395  -58.613  3.406  34.537 0.1000000015
87040  -58.300  3.640  34.647 0.1000000015
87041  -59.031  3.256  33.862 0.1000000015
87824  -58.737  3.791  34.143 0.1000000015
87058  -59.119  3.423  33.240 0.1000000015
79978  -53.567  -4.443  53.182 0.1000000015
77217  -53.707  -6.929  52.003 0.1000000015
78209  -53.470  -6.560  51.621 0.1000000015
80902  -53.985  -3.296  52.077 0.1000000015
79153  -53.616  -5.778  51.262 0.1000000015
78214  -53.116  -6.100  51.039 0.1000000015
139109  -53.637  -2.790  52.087 0.1000000015
79159  -53.638  -5.476  50.518 0.1000000015
80027  -54.913  -4.322  49.541 0.1000000015
82610  -53.072  -1.626  50.630 0.1000000015
80028  -55.535  -3.817  49.038 0.1000000015
82619  -52.881  -1.480  49.291 0.1000000015
82628  -51.851  -1.543  48.860 0.1000000015
80037  -55.057  -4.504  48.661 0.1000000015
142466  -55.954  -3.627  48.437 0.1000000015
80943  -56.235  -3.131  48.198 0.1000000015
82638  -51.571  -1.469  47.986 0.1000000015
82651  -51.674  -1.347  46.948 0.1000000015
81810  -56.256  -2.469  47.878 0.1000000015
82654  -55.930  -1.539  47.004 0.1000000015
83487  -55.492  -1.282  46.242 0.1000000015
82650  -50.863  -1.312  46.257 0.1000000015
82666  -51.659  -1.130  45.971 0.1000000015
82655  -56.462  -1.894  46.674 0.1000000015
138333  -49.669  0.047  44.403 0.1000000015
85167  -55.463  2.022  44.422 0.1000000015
85162  -49.698  0.824  44.572 0.1000000015
86938  -54.717  4.279  45.204 0.1000000015
86079  -55.778  3.011  44.535 0.1000000015
86064  -49.837  2.267  45.641 0.1000000015
85158  -49.370  1.567  45.168 0.1000000015
130919  -54.478  5.922  47.006 0.1000000015
87743  -54.238  4.728  45.911 0.1000000015
87756  -55.693  4.598  45.112 0.1000000015
86054  -49.436  2.875  47.637 0.1000000015
88515  -53.615  5.767  47.571 0.1000000015
89376  -55.118  7.045  46.681 0.1000000015
88529  -55.298  5.900  46.355 0.1000000015
87744  -55.154  5.043  45.780 0.1000000015
86896  -48.697  3.361  50.285 0.1000000015
86050  -49.282  2.994  48.629 0.1000000015
88504  -53.514  6.532  48.178 0.1000000015
88461  -47.373  5.759  50.538 0.1000000015
86877  -48.087  3.672  50.761 0.1000000015
86045  -48.429  2.652  49.848 0.1000000015
88493  -52.170  5.803  49.208 0.1000000015
88476  -52.225  6.474  49.265 0.1000000015
88473  -46.592  6.597  50.090 0.1000000015
88460  -46.727  5.436  50.470 0.1000000015
88464  -50.196  6.348  50.189 0.1000000015
131653  -50.387  6.790  49.667 0.1000000015
89304  -45.917  7.251  49.630 0.1000000015
89293  -48.680  6.537  50.277 0.1000000015
89306  -49.356  6.780  49.999 0.1000000015
89353  -44.843  7.810  48.567 0.1000000015
88489  -46.139  7.122  49.208 0.1000000015
89331  -46.725  7.099  49.786 0.1000000015
88498  -44.781  7.206  47.931 0.1000000015
86159  -56.238  2.027  37.199 0.1000000015
86187  -56.706  2.498  35.785 0.1000000015
86168  -56.031  2.139  36.351 0.1000000015
87020  -58.004  3.273  35.309 0.1000000015
126061  -57.783  3.769  34.730 0.1000000015
87823  -58.213  4.245  34.189 0.1000000015
79130  -53.880  -5.166  52.878 0.1000000015
79142  -54.065  -5.223  52.369 0.1000000015
78202  -53.876  -5.747  52.563 0.1000000015
79979  -54.066  -4.577  52.528 0.1000000015
78210  -53.895  -5.866  51.924 0.1000000015
128608  -54.285  -4.001  52.021 0.1000000015
130160  -54.220  -4.813  51.883 0.1000000015
80917  -54.408  -3.377  51.425 0.1000000015
80008  -54.449  -4.172  51.247 0.1000000015
80017  -54.651  -4.260  50.400 0.1000000015
81774  -53.488  -2.310  51.718 0.1000000015
138939  -54.056  -2.725  51.550 0.1000000015
81782  -54.548  -2.752  50.712 0.1000000015
80931  -55.142  -3.686  49.906 0.1000000015
80932  -55.453  -3.126  49.520 0.1000000015
81799  -55.509  -2.525  49.135 0.1000000015
81781  -54.006  -2.120  51.032 0.1000000015
82612  -54.454  -2.074  50.188 0.1000000015
142940  -55.545  -2.080  48.733 0.1000000015
82632  -55.866  -1.988  48.185 0.1000000015
140803  -53.235  -1.539  50.057 0.1000000015
82620  -53.749  -1.528  49.626 0.1000000015
145943  -54.273  -1.706  49.768 0.1000000015
82621  -54.320  -1.590  49.266 0.1000000015
81800  -55.920  -2.541  48.511 0.1000000015
82641  -55.597  -1.624  47.754 0.1000000015
122981  -53.272  -1.414  48.342 0.1000000015
82639  -54.127  -1.434  48.123 0.1000000015
82653  -55.222  -1.417  47.171 0.1000000015
83496  -54.827  -0.956  45.645 0.1000000015
140163  -55.463  -0.851  45.460 0.1000000015
123910  -53.490  -1.334  47.488 0.1000000015
84332  -55.105  0.321  44.539 0.1000000015
83493  -51.445  -0.784  45.080 0.1000000015
83494  -52.367  -0.838  45.528 0.1000000015
83504  -52.076  -0.343  44.735 0.1000000015
137669  -55.437  1.170  44.419 0.1000000015
84329  -51.952  0.337  44.320 0.1000000015
138401  -52.680  0.000  44.459 0.1000000015
85163  -51.115  1.746  44.547 0.1000000015
85164  -51.992  1.261  44.243 0.1000000015
87731  -53.850  5.232  46.662 0.1000000015
86078  -54.652  2.622  44.399 0.1000000015
86915  -49.945  3.464  48.197 0.1000000015
142916  -50.981  3.177  45.796 0.1000000015
87730  -52.997  5.021  46.921 0.1000000015
87742  -53.307  4.554  46.121 0.1000000015
86878  -48.829  4.178  50.631 0.1000000015
86911  -49.787  3.614  49.148 0.1000000015
86916  -50.625  3.900  47.784 0.1000000015
86925  -51.732  4.297  46.908 0.1000000015
87719  -52.706  5.297  47.702 0.1000000015
89305  -47.359  6.745  50.187 0.1000000015
143498  -48.297  4.522  50.802 0.1000000015
86898  -50.144  4.640  50.143 0.1000000015
87709  -51.045  4.679  49.178 0.1000000015
87710  -51.724  5.101  48.798 0.1000000015
88503  -53.078  5.871  48.233 0.1000000015
88462  -48.740  5.811  50.561 0.1000000015
87683  -49.526  4.769  50.464 0.1000000015
87684  -50.248  5.431  50.252 0.1000000015
87693  -51.485  5.459  49.508 0.1000000015
88475  -51.772  6.133  49.592 0.1000000015
88463  -49.494  5.604  50.482 0.1000000015
93849  -30.325  12.585  44.644 0.1000000015
94446  -32.396  12.994  43.104 0.1000000015
136683  -32.697  13.854  42.898 0.1000000015
138367  -36.139  12.753  42.528 0.1000000015
132791  -34.966  13.342  42.528 0.1000000015
94459  -35.803  13.392  42.541 0.1000000015
94460  -36.581  13.308  42.569 0.1000000015
132788  -36.294  14.081  42.550 0.2000000030
132787  -37.089  13.953  42.581 0.2000000030
132781  -37.734  14.592  42.568 0.2000000030
132786  -38.402  14.023  42.717 0.2000000030
95036  -41.644  14.316  43.804 0.4000000060
95682  -38.090  15.370  42.509 0.2000000030
127824  -39.414  15.091  42.827 0.2000000030
125547  -39.936  14.467  43.073 0.2000000030
143785  -41.510  14.964  43.626 0.3000000119
139307  -43.725  15.328  44.986 0.4000000060
91147  -43.405  8.150  28.414 0.1000000015
91152  -43.900  7.963  27.539 0.1000000015
80925  -55.072  -3.104  50.159 0.1000000015
81790  -55.038  -2.554  49.840 0.1000000015
82631  -55.289  -1.701  48.461 0.1000000015
82622  -54.970  -1.866  49.313 0.1000000015
82640  -54.906  -1.462  47.939 0.1000000015
82630  -54.611  -1.540  48.684 0.1000000015
82652  -54.388  -1.345  47.226 0.1000000015
83486  -54.850  -1.286  46.547 0.1000000015
83485  -54.195  -1.157  46.242 0.1000000015
83506  -54.527  -0.301  44.801 0.1000000015
142529  -53.656  -1.223  46.735 0.1000000015
137869  -53.001  -0.519  44.985 0.1000000015
83505  -53.581  0.007  44.473 0.1000000015
84331  -54.324  0.461  44.411 0.1000000015
85166  -54.644  1.388  44.332 0.1000000015
84330  -52.799  0.716  44.204 0.1000000015
85165  -53.698  1.055  44.201 0.1000000015
135824  -53.904  1.941  44.227 0.1000000015
86066  -51.440  2.784  45.103 0.1000000015
86076  -52.078  2.243  44.485 0.1000000015
86952  -52.299  3.153  44.981 0.1000000015
86953  -53.221  3.356  44.792 0.1000000015
86924  -50.934  3.702  46.733 0.1000000015
86935  -51.751  3.689  45.880 0.1000000015
86936  -52.768  3.889  45.560 0.1000000015
86937  -53.739  4.062  45.306 0.1000000015
87717  -51.167  4.457  48.316 0.1000000015
87729  -52.325  4.765  47.148 0.1000000015
87718  -51.875  4.832  47.826 0.1000000015
94458  -34.433  14.087  42.499 0.1000000015
95670  -41.060  15.463  43.293 0.3000000119
95029  -43.072  14.787  44.689 0.3000000119
128736  -41.921  15.581  43.574 0.3000000119
95671  -42.920  15.640  44.167 0.3000000119
96315  -43.282  16.536  43.893 0.3000000119
96405  -45.818  16.855  33.942 0.4000000060
96406  -46.542  16.813  34.224 0.5000000000
124504  -45.117  17.158  34.017 0.4000000060
97079  -45.810  17.297  34.694 0.5000000000
87781  -53.865  4.944  42.963 0.1000000015
86985  -54.343  4.385  42.170 0.1000000015
86991  -52.679  3.263  41.970 0.1000000015
88542  -52.740  5.991  44.734 0.1000000015
87767  -53.839  5.734  43.711 0.1000000015
89403  -56.462  6.224  44.259 0.1000000015
86133  -53.511  2.359  40.659 0.1000000015
86120  -53.095  2.810  41.310 0.1000000015
89392  -55.803  6.908  45.595 0.1000000015
89401  -54.667  7.210  45.471 0.1000000015
88530  -55.894  6.344  45.777 0.1000000015
87001  -56.342  3.553  40.847 0.1000000015
86142  -53.907  1.984  39.981 0.1000000015
87745  -55.915  5.489  45.471 0.1000000015
85207  -54.252  1.755  39.233 0.1000000015
86160  -57.053  1.902  37.453 0.1000000015
85206  -53.350  1.450  39.431 0.1000000015
86151  -56.425  2.004  38.114 0.1000000015
86171  -57.872  1.754  36.832 0.1000000015
85226  -55.646  1.890  37.672 0.1000000015
86992  -53.675  3.551  41.752 0.1000000015
123449  -56.841  2.018  38.868 0.1000000015
85216  -53.701  1.268  38.658 0.1000000015
87082  -58.792  3.407  31.839 0.1000000015
87116  -57.390  4.074  25.856 0.1000000015
87120  -57.123  3.870  25.270 0.1000000015
87915  -56.623  3.785  25.202 0.1000000015
145006  -52.062  2.489  34.175 0.1000000015
86211  -56.354  2.859  35.036 0.1000000015
125508  -47.841  4.814  37.288 0.1000000015
136400  -44.380  5.785  40.176 0.1000000015
122920  -53.009  1.192  35.680 0.1000000015
84379  -52.882  0.827  36.511 0.1000000015
84367  -53.494  0.952  37.233 0.1000000015
85224  -54.028  1.205  37.899 0.1000000015
86942  -38.813  3.912  43.856 0.1000000015
87749  -38.092  4.397  44.167 0.1000000015
87762  -38.152  4.288  43.546 0.1000000015
93868  -34.624  12.503  42.579 0.1000000015
93869  -35.454  12.630  42.529 0.1000000015
93855  -30.862  12.718  43.998 0.1000000015
93857  -32.131  12.133  43.296 0.1000000015
94456  -33.239  13.100  42.780 0.1000000015
95044  -39.175  14.268  42.864 0.2000000030
146839  -37.743  13.804  42.612 0.2000000030
122884  -43.504  2.747  41.792 0.1000000015
141630  -48.727  1.327  39.754 0.1000000015
133710  -44.691  2.606  41.163 0.1000000015
124226  -49.271  1.261  37.717 0.1000000015
136519  -43.058  4.007  40.937 0.1000000015
86140  -45.673  2.878  39.201 0.1000000015
86149  -46.357  2.646  38.712 0.1000000015
144410  -49.245  1.521  37.259 0.1000000015
87004  -44.583  4.021  39.462 0.1000000015
88578  -44.530  5.084  39.627 0.1000000015
85223  -49.834  1.237  37.006 0.1000000015
87803  -46.738  4.032  37.810 0.1000000015
146725  -47.633  3.633  37.260 0.1000000015
130418  -49.296  2.807  42.607 0.1000000015
86107  -49.996  2.856  42.413 0.1000000015
85202  -49.401  1.120  39.531 0.1000000015
128117  -50.211  1.286  40.160 0.1000000015
84376  -50.802  0.888  36.711 0.1000000015
86981  -50.503  3.425  42.886 0.1000000015
86073  -44.713  2.775  44.294 0.1000000015
147671  -46.212  3.112  44.471 0.1000000015
86086  -41.529  2.638  43.158 0.1000000015
86960  -40.894  2.873  43.710 0.1000000015
84377  -51.532  0.782  36.499 0.1000000015
85253  -51.540  1.501  35.302 0.1000000015
87783  -56.217  5.370  42.311 0.1000000015
128322  -55.136  5.296  42.510 0.1000000015
87763  -49.815  4.310  44.331 0.1000000015
87753  -49.247  4.424  44.869 0.1000000015
132093  -52.241  4.664  43.518 0.1000000015
87780  -52.699  4.443  43.007 0.1000000015
87738  -47.564  4.349  45.998 0.1000000015
86932  -45.428  3.644  45.675 0.1000000015
85195  -52.055  1.566  40.278 0.1000000015
85204  -51.580  1.067  39.709 0.1000000015
84378  -52.140  0.694  36.703 0.1000000015
85254  -52.331  1.398  35.222 0.1000000015
85265  -51.995  1.958  34.585 0.1000000015
84449  -56.526  0.428  26.368 0.1000000015
80048  -55.674  -4.544  46.587 0.1000000015
83497  -56.440  -1.174  45.371 0.1000000015
86080  -56.510  3.273  44.184 0.1000000015
87740  -49.057  4.682  45.542 0.1000000015
87754  -50.572  4.819  44.724 0.1000000015
88541  -51.840  5.585  44.860 0.1000000015
124240  -54.689  6.398  44.074 0.1000000015
133715  -55.941  5.939  42.904 0.1000000015
86121  -54.106  3.058  41.115 0.1000000015
86122  -55.207  3.354  40.910 0.1000000015
86134  -55.603  2.843  40.332 0.1000000015
87725  -45.441  4.813  46.873 0.1000000015
86922  -44.995  4.127  46.287 0.1000000015
86162  -57.902  1.407  37.800 0.1000000015
86152  -57.202  1.820  38.349 0.1000000015
84401  -58.834  1.127  34.617 0.1000000015
84410  -58.699  1.318  33.984 0.1000000015
86260  -56.510  2.474  27.275 0.1000000015
76226  -53.088  -8.523  54.319 0.1000000015
77195  -53.360  -7.488  54.073 0.1000000015
75265  -53.469  -9.371  52.997 0.1000000015
75264  -53.029  -10.456  51.924 0.1000000015
75270  -53.160  -9.922  51.362 0.1000000015
75274  -51.586  -9.374  49.996 0.1000000015
80916  -50.422  -2.925  52.055 0.1000000015
81770  -50.128  -2.757  51.270 0.1000000015
143802  -51.009  -2.134  50.495 0.1000000015
88528  -52.331  6.390  45.591 0.1000000015
88544  -56.405  5.906  44.951 0.1000000015
86043  -47.163  2.197  50.319 0.1000000015
129560  -48.450  5.726  47.311 0.1000000015
87723  -43.753  5.089  46.899 0.1000000015
87734  -39.180  5.037  45.186 0.1000000015
86246  -56.855  3.103  31.024 0.1000000015
86264  -56.696  2.307  26.409 0.1000000015
76239  -53.613  -7.710  52.212 0.1000000015
89372  -50.926  6.597  47.068 0.1000000015
89390  -53.115  7.180  46.152 0.1000000015
89400  -54.032  6.926  45.185 0.1000000015
89409  -54.517  6.824  44.762 0.1000000015
122085  -53.777  7.530  47.376 0.1000000015
90216  -54.160  7.574  46.979 0.1000000015
90200  -43.421  8.662  47.991 0.1000000015
88459  -46.077  5.861  50.182 0.1000000015
136764  -39.314  6.163  45.601 0.1000000015
85217  -54.578  1.595  38.478 0.1000000015
79990  -53.808  -3.841  52.613 0.1000000015
79164  -54.231  -4.849  50.023 0.1000000015
123630  -52.553  -1.615  50.227 0.1000000015
80038  -55.702  -4.193  48.222 0.1000000015
82665  -50.913  -1.086  45.488 0.1000000015
132683  -55.945  -0.945  45.504 0.1000000015
82677  -50.533  -0.802  44.862 0.1000000015
88516  -54.876  6.567  46.952 0.1000000015
86059  -50.318  2.987  46.194 0.1000000015
79160  -54.163  -5.025  51.036 0.1000000015
80942  -55.863  -3.133  48.841 0.1000000015
122579  -52.440  -1.448  48.441 0.1000000015
123927  -52.542  -1.367  47.657 0.1000000015
82642  -56.157  -1.907  47.512 0.1000000015
83503  -51.086  -0.209  44.430 0.1000000015
84328  -51.152  0.713  44.309 0.1000000015
85159  -50.161  1.691  44.808 0.1000000015
86954  -54.178  3.485  44.686 0.1000000015
86065  -50.616  2.471  45.287 0.1000000015
86055  -50.107  3.315  47.189 0.1000000015
87019  -57.313  3.116  35.255 0.1000000015
80924  -54.736  -3.546  50.654 0.1000000015
82611  -53.760  -1.692  50.394 0.1000000015
82629  -53.864  -1.466  48.903 0.1000000015
134010  -52.692  -1.190  46.623 0.1000000015
83484  -53.326  -0.973  45.902 0.1000000015
127502  -50.481  4.057  48.720 0.1000000015
86926  -52.449  4.381  46.414 0.1000000015
135755  -33.551  13.958  42.629 0.1000000015
94457  -34.096  13.218  42.593 0.1000000015
95043  -38.603  14.855  42.684 0.2000000030
95035  -40.815  14.573  43.389 0.3000000119
128589  -42.232  14.899  44.020 0.4000000060
83495  -53.933  -0.711  45.315 0.1000000015
136814  -52.968  1.805  44.218 0.1000000015
137339  -52.814  2.648  44.516 0.1000000015
96314  -42.329  16.331  43.468 0.3000000119
86993  -54.771  3.866  41.510 0.1000000015
89411  -56.135  6.643  44.116 0.1000000015
88551  -56.981  5.571  43.438 0.1000000015
87768  -57.299  5.026  43.126 0.1000000015
86143  -54.882  2.289  39.769 0.1000000015
86144  -56.150  2.211  38.885 0.1000000015
85218  -55.484  1.884  38.313 0.1000000015
88549  -55.698  6.412  43.693 0.1000000015
85208  -55.199  2.061  39.031 0.1000000015
97756  -42.883  18.762  31.509 0.2000000030
97765  -43.156  19.194  30.682 0.2000000030
97103  -43.745  18.579  31.324 0.2000000030
97748  -42.718  18.299  32.654 0.2000000030
97712  -51.817  18.504  38.471 0.2000000030
125513  -47.059  17.832  35.557 0.4000000060
97086  -43.444  17.862  33.653 0.2000000030
140940  -44.327  17.507  33.975 0.3000000119
97078  -44.024  17.921  34.588 0.2000000030
139021  -50.487  18.179  37.605 0.2000000030
97722  -50.888  18.782  38.173 0.2000000030
97724  -47.599  18.277  36.041 0.3000000119
98318  -47.070  18.896  36.055 0.3000000119
97071  -46.281  17.730  35.253 0.4000000060
98305  -51.881  19.436  38.508 0.2000000030
98360  -42.698  19.356  30.416 0.2000000030
97095  -43.481  18.056  32.364 0.2000000030
97764  -42.237  19.379  30.845 0.2000000030
122365  -42.728  18.268  33.727 0.1000000015
98876  -43.892  20.202  41.629 0.1000000015
98895  -45.007  20.798  40.909 0.1000000015
98287  -43.318  19.736  42.025 0.1000000015
98877  -44.767  20.329  41.471 0.1000000015
98894  -44.150  20.765  40.970 0.1000000015
143709  -45.419  20.392  41.344 0.1000000015
98875  -42.993  20.321  41.556 0.1000000015
128645  -44.865  17.648  34.648 0.3000000119
98892  -42.660  20.900  41.050 0.1000000015
98893  -43.408  20.715  41.155 0.1000000015
97740  -43.260  18.329  34.467 0.1000000015
125743  -45.428  18.044  35.226 0.1000000015
97731  -46.390  18.425  35.594 0.1000000015
97070  -44.554  18.106  35.041 0.2000000030
98327  -46.290  19.336  35.764 0.1000000015
97730  -45.558  18.890  35.547 0.1000000015
97747  -41.908  18.517  33.086 0.1000000015
97763  -41.515  19.539  31.153 0.1000000015
97755  -42.005  18.890  31.747 0.1000000015
98363  -42.070  19.445  30.523 0.1000000015
98359  -41.535  19.569  30.850 0.1000000015
97773  -42.248  19.340  30.234 0.1000000015
99498  -49.576  21.592  40.365 0.1000000015
99491  -42.228  21.537  40.407 0.1000000015
99492  -43.362  21.296  40.534 0.1000000015
99493  -44.486  21.346  40.260 0.1000000015
99495  -46.160  21.239  40.146 0.1000000015
131173  -47.051  21.458  39.908 0.1000000015
99496  -47.690  21.172  40.283 0.1000000015
126295  -50.358  21.628  40.726 0.2000000030
98319  -47.622  19.427  36.377 0.1000000015
98320  -48.165  19.914  36.608 0.2000000030
135468  -48.129  20.586  36.332 0.1000000015
98930  -48.686  20.577  36.666 0.2000000030
99535  -50.438  21.638  36.569 0.2000000030
98928  -46.953  19.812  36.064 0.1000000015
122714  -48.472  21.194  36.107 0.1000000015
98931  -49.374  21.334  36.464 0.1000000015
100202  -51.419  22.393  35.158 0.1000000015
128692  -49.924  21.948  35.819 0.1000000015
99560  -50.958  22.133  35.907 0.1000000015
98325  -44.212  19.347  35.388 0.1000000015
97729  -43.848  18.541  35.103 0.2000000030
139394  -44.744  18.660  35.360 0.2000000030
100200  -49.500  22.269  35.087 0.1000000015
100221  -51.732  22.490  34.351 0.1000000015
97728  -43.062  18.762  34.914 0.1000000015
143332  -50.879  22.537  34.594 0.1000000015
134762  -47.743  18.812  36.375 0.2000000030
98945  -47.065  20.675  35.867 0.1000000015
99534  -47.764  20.960  35.960 0.1000000015
98929  -47.607  20.234  36.246 0.1000000015
98944  -46.247  20.326  35.596 0.1000000015
98942  -44.748  20.148  35.424 0.1000000015
98943  -45.495  20.444  35.382 0.1000000015
99483  -51.533  21.723  41.346 0.2000000030
98886  -53.963  20.595  41.726 0.1000000015
99508  -46.344  21.905  39.496 0.1000000015
99509  -47.950  21.729  39.714 0.1000000015
99511  -49.748  22.303  39.827 0.1000000015
127827  -52.731  18.703  38.699 0.1000000015
98909  -54.339  19.592  38.322 0.1000000015
98304  -51.023  19.701  38.291 0.1000000015
138239  -53.033  19.544  38.568 0.1000000015
137961  -53.378  20.191  38.173 0.1000000015
98919  -51.746  20.720  37.975 0.1000000015
142009  -52.633  20.643  37.920 0.1000000015
98918  -50.846  20.389  38.048 0.1000000015
98920  -53.488  20.758  37.475 0.1000000015
99523  -52.372  21.210  37.268 0.1000000015
99525  -54.237  21.115  36.933 0.1000000015
134482  -48.235  19.117  36.688 0.2000000030
99538  -53.840  21.479  36.083 0.1000000015
98917  -49.368  20.533  37.099 0.2000000030
99521  -50.000  21.145  37.073 0.1000000015
99536  -51.588  21.720  36.579 0.1000000015
99562  -53.149  21.890  35.525 0.1000000015
99557  -47.338  21.259  35.531 0.1000000015
99558  -48.051  21.590  35.398 0.1000000015
99559  -48.974  21.765  35.640 0.1000000015
100222  -52.707  22.317  34.181 0.1000000015
99561  -52.073  22.057  35.773 0.1000000015
99563  -53.834  21.825  35.254 0.1000000015
99580  -53.776  22.077  34.505 0.1000000015
99556  -45.828  21.010  35.107 0.1000000015
127688  -46.620  21.167  35.315 0.1000000015
99579  -53.315  22.099  34.756 0.1000000015
100220  -50.049  22.559  34.452 0.1000000015
99584  -53.703  22.182  33.598 0.1000000015
100166  -49.308  22.935  39.476 0.1000000015
99510  -48.918  21.992  39.681 0.1000000015
99499  -50.992  22.016  40.750 0.2000000030
98308  -55.703  19.415  38.493 0.1000000015
98910  -55.416  19.826  38.070 0.1000000015
98922  -55.322  20.490  37.765 0.1000000015
125886  -50.117  18.707  37.638 0.1000000015
98921  -54.665  20.386  37.641 0.1000000015
142167  -54.505  21.489  36.461 0.1000000015
125689  -54.542  22.242  35.739 0.1000000015
100204  -54.424  22.556  34.894 0.1000000015
141668  -49.538  19.824  37.458 0.1000000015
99522  -50.964  21.232  37.418 0.1000000015
99576  -46.223  21.646  34.528 0.1000000015
99577  -47.221  21.742  34.885 0.1000000015
99578  -47.951  22.019  34.741 0.1000000015
100199  -48.633  22.134  34.918 0.1000000015
98900  -54.767  20.455  40.651 0.2000000030
99500  -51.581  22.492  40.785 0.1000000015
99486  -54.067  21.197  41.142 0.1000000015
97716  -55.970  19.390  38.855 0.2000000030
98911  -55.730  20.126  38.176 0.1000000015
98923  -55.464  21.072  37.660 0.1000000015
99526  -54.978  21.130  37.127 0.1000000015
99539  -54.807  21.794  36.431 0.1000000015
101579  -54.515  23.527  35.477 0.1000000015
100883  -54.528  23.161  34.788 0.1000000015
130901  -50.079  20.505  37.570 0.1000000015
100155  -51.007  22.774  40.330 0.1000000015
100154  -50.410  22.180  40.223 0.1000000015
98905  -55.764  20.231  38.877 0.1000000015
99513  -55.577  21.051  38.557 0.1000000015
99517  -55.476  21.645  38.067 0.1000000015
126857  -54.881  23.156  37.819 0.1000000015
99540  -55.266  21.752  37.058 0.1000000015
100174  -55.297  22.492  37.340 0.1000000015
131094  -55.021  22.499  36.489 0.1000000015
100869  -54.815  23.291  36.249 0.1000000015
134957  -54.715  22.875  35.621 0.1000000015
102276  -53.759  25.483  33.696 0.1000000015
132387  -54.370  23.846  34.632 0.1000000015
100157  -52.665  22.842  40.851 0.1000000015
100158  -53.324  22.621  40.668 0.1000000015
99501  -53.692  21.856  40.918 0.1000000015
99502  -54.509  21.410  40.311 0.1000000015
98904  -55.314  20.825  39.581 0.2000000030
100156  -52.006  23.017  40.684 0.1000000015
147216  -49.839  23.462  39.550 0.1000000015
100838  -51.025  23.695  40.091 0.1000000015
138075  -51.494  23.159  40.422 0.1000000015
100840  -52.404  23.517  40.381 0.1000000015
100841  -53.016  23.248  40.423 0.1000000015
100168  -53.624  22.958  39.819 0.1000000015
100159  -54.124  22.199  40.044 0.1000000015
100851  -51.521  24.356  39.915 0.1000000015
100839  -51.744  23.720  40.315 0.1000000015
99512  -54.918  21.671  39.368 0.1000000015
129977  -50.279  23.884  39.612 0.1000000015
100852  -52.215  24.224  40.025 0.1000000015
101543  -50.829  24.451  39.619 0.1000000015
99516  -55.197  21.873  38.621 0.1000000015
101556  -50.632  25.060  39.086 0.1000000015
100173  -55.210  22.424  38.148 0.1000000015
101555  -49.817  25.053  38.943 0.1000000015
101566  -54.453  23.818  36.755 0.1000000015
138136  -54.409  23.849  36.050 0.1000000015
125503  -51.462  27.257  31.351 0.1000000015
103646  -51.958  27.302  31.980 0.1000000015
103647  -52.714  26.959  32.102 0.1000000015
102954  -52.232  26.831  31.262 0.1000000015
102940  -53.701  26.238  32.574 0.1000000015
102912  -53.300  26.105  34.042 0.1000000015
101593  -53.953  24.670  34.257 0.1000000015
101546  -52.690  24.558  39.454 0.1000000015
100169  -54.551  22.534  39.075 0.1000000015
101557  -51.395  25.251  38.865 0.1000000015
100854  -53.892  23.389  39.069 0.1000000015
139048  -54.585  23.057  38.472 0.1000000015
102239  -50.066  25.392  38.571 0.1000000015
101559  -53.514  24.459  38.198 0.1000000015
102238  -49.133  25.240  38.505 0.1000000015
100863  -54.095  23.673  38.327 0.1000000015
101562  -53.762  24.389  37.252 0.1000000015
101565  -53.884  24.373  36.339 0.1000000015
101563  -54.324  23.786  37.565 0.1000000015
103657  -50.719  27.436  30.863 0.1000000015
130838  -50.966  27.582  31.856 0.1000000015
102927  -52.906  26.733  33.593 0.1000000015
102263  -53.102  25.728  34.885 0.1000000015
102264  -53.333  25.065  35.774 0.1000000015
141216  -53.529  25.424  34.346 0.1000000015
101578  -54.029  24.323  35.344 0.1000000015
100853  -53.070  23.829  39.823 0.1000000015
101558  -52.419  25.008  39.071 0.1000000015
143346  -53.030  24.786  38.909 0.1000000015
125371  -53.428  24.218  39.015 0.1000000015
131202  -51.864  25.096  39.156 0.1000000015
102243  -52.809  25.056  38.472 0.1000000015
102250  -48.696  25.572  37.885 0.1000000015
102241  -51.479  25.473  38.240 0.1000000015
143727  -52.536  25.290  38.041 0.1000000015
102883  -48.207  25.858  37.232 0.1000000015
102251  -49.562  25.622  37.988 0.1000000015
122923  -50.996  25.619  37.960 0.1000000015
102254  -52.602  25.324  37.352 0.1000000015
102255  -53.107  24.983  37.739 0.1000000015
102259  -52.697  25.434  36.462 0.1000000015
102260  -53.221  24.919  36.833 0.1000000015
103639  -51.727  27.467  32.631 0.1000000015
102926  -52.223  27.003  33.860 0.1000000015
102911  -52.703  26.452  34.353 0.1000000015
102884  -49.085  25.810  37.234 0.1000000015
102252  -50.377  25.639  37.993 0.1000000015
102258  -52.039  25.618  36.998 0.1000000015
103632  -51.616  27.399  33.361 0.1000000015
102910  -51.957  26.651  34.623 0.1000000015
129509  -52.753  25.648  35.664 0.1000000015
146973  -46.449  25.867  37.468 0.1000000015
142082  -47.486  25.894  37.323 0.1000000015
102891  -48.504  26.274  36.411 0.1000000015
102892  -49.514  26.091  36.520 0.1000000015
102893  -50.371  26.001  36.565 0.1000000015
102886  -50.753  25.762  37.350 0.1000000015
102895  -52.144  25.816  36.055 0.1000000015
103623  -51.409  27.118  34.083 0.1000000015
102902  -51.628  26.248  35.486 0.1000000015
102903  -52.428  26.140  35.179 0.1000000015
137721  -47.580  26.264  36.754 0.1000000015
102888  -45.338  26.708  36.871 0.1000000015
102889  -46.140  26.671  36.664 0.1000000015
103606  -45.550  27.183  36.232 0.1000000015
102890  -46.913  26.653  36.383 0.1000000015
102894  -51.303  25.863  36.537 0.1000000015
102253  -51.442  25.639  37.528 0.1000000015
128338  -49.954  26.297  35.885 0.1000000015
103608  -47.009  27.012  35.772 0.1000000015
102899  -48.329  26.820  35.501 0.1000000015
102898  -47.634  26.679  36.009 0.1000000015
102900  -49.209  26.531  35.699 0.1000000015
103613  -46.656  27.478  35.228 0.1000000015
104856  -44.990  29.165  33.132 0.1000000015
104247  -46.167  28.153  34.058 0.1000000015
104246  -45.463  28.286  34.231 0.1000000015
103617  -45.945  27.906  34.738 0.1000000015
103614  -47.520  27.173  35.332 0.1000000015
104254  -45.547  28.567  33.560 0.1000000015
104248  -47.030  27.981  33.906 0.1000000015
103615  -49.000  27.095  34.954 0.1000000015
103620  -48.146  27.342  34.828 0.1000000015
103628  -47.923  27.689  34.135 0.1000000015
140022  -48.729  27.459  34.293 0.1000000015
99524  -53.398  21.205  36.795 0.1000000015
124643  -54.311  21.770  35.826 0.1000000015
136518  -53.309  26.598  32.220 0.1000000015
99537  -52.784  21.594  36.336 0.1000000015
100895  -54.505  23.406  34.080 0.1000000015
99564  -54.134  22.057  35.073 0.1000000015
99485  -53.342  21.385  41.817 0.2000000030
99494  -45.365  21.134  40.383 0.1000000015
98326  -45.559  19.759  35.559 0.1000000015
144480  -44.962  19.358  35.496 0.1000000015
99581  -54.074  22.298  34.243 0.1000000015
100167  -50.296  23.039  39.835 0.1000000015
100866  -55.003  23.227  37.040 0.1000000015
125079  -53.551  25.017  34.895 0.1000000015
103640  -52.398  27.220  32.551 0.1000000015
102939  -53.042  26.849  32.806 0.1000000015
102242  -52.089  25.303  38.569 0.1000000015
104255  -46.345  28.386  33.334 0.1000000015
97015  -41.824  16.876  43.018 0.2000000030
97017  -43.480  17.343  43.565 0.2000000030
97683  -43.256  18.573  42.766 0.2000000030
98268  -43.679  19.150  42.515 0.2000000030
98267  -42.869  19.211  42.357 0.2000000030
97037  -42.757  17.937  42.931 0.2000000030
97038  -43.587  18.014  43.248 0.2000000030
97036  -41.836  17.670  42.748 0.2000000030
130225  -42.456  18.613  42.540 0.2000000030
96313  -41.431  16.232  43.141 0.2000000030
97016  -42.574  17.128  43.249 0.2000000030
98269  -44.498  19.140  42.589 0.2000000030
146647  -42.169  18.188  42.642 0.2000000030
132782  -36.844  14.734  42.510 0.1000000015
95684  -40.243  15.266  43.028 0.1000000015
97031  -36.055  17.170  42.230 0.1000000015
145472  -35.856  15.505  42.389 0.1000000015
95680  -36.531  15.498  42.411 0.1000000015
96329  -36.984  16.187  42.311 0.1000000015
95681  -37.353  15.432  42.454 0.1000000015
95683  -38.819  15.774  42.555 0.1000000015
96332  -39.978  16.716  42.555 0.1000000015
96333  -40.972  17.015  42.671 0.1000000015
122509  -39.719  15.896  42.702 0.1000000015
95685  -40.560  16.100  42.881 0.1000000015
133708  -38.424  19.009  41.646 0.1000000015
98283  -39.137  19.405  41.654 0.1000000015
97032  -37.351  16.919  42.150 0.1000000015
97047  -38.525  18.068  41.885 0.1000000015
97680  -39.495  18.163  42.095 0.1000000015
97681  -40.294  18.421  42.206 0.1000000015
128048  -40.932  18.681  42.296 0.1000000015
98266  -42.075  19.202  42.205 0.1000000015
97034  -39.193  17.237  42.257 0.1000000015
125548  -40.962  17.999  42.482 0.1000000015
97682  -41.661  18.519  42.448 0.1000000015
97694  -39.750  18.926  41.868 0.1000000015
135868  -43.998  19.621  42.157 0.1000000015
132783  -36.060  14.857  42.467 0.1000000015
96328  -36.081  16.256  42.302 0.1000000015
143943  -35.442  15.080  42.406 0.1000000015
96330  -37.929  16.197  42.353 0.1000000015
97033  -38.211  17.117  42.137 0.1000000015
124376  -38.690  16.556  42.354 0.1000000015
96331  -39.282  16.440  42.484 0.1000000015
97035  -40.143  17.602  42.395 0.1000000015
132269  -39.069  18.709  41.828 0.1000000015
136150  -39.965  19.802  41.601 0.1000000015
97045  -36.765  17.476  42.049 0.1000000015
97696  -41.286  19.206  42.117 0.1000000015
77197  -53.624  -7.421  53.239 0.1000000015
82663  -48.248  -1.666  45.073 0.1000000015
82664  -49.108  -1.595  45.172 0.1000000015
83492  -47.585  -0.459  44.796 0.1000000015
84307  -46.287  0.983  47.938 0.1000000015
84316  -47.340  0.690  45.673 0.1000000015
84322  -47.703  0.370  45.091 0.1000000015
84327  -50.362  0.296  44.342 0.1000000015
85150  -47.440  1.175  46.385 0.1000000015
85222  -48.686  1.710  37.449 0.1000000015
86027  -46.842  2.732  50.607 0.1000000015
86046  -49.064  3.146  49.544 0.1000000015
86048  -48.091  2.174  49.379 0.1000000015
86057  -48.886  2.326  47.047 0.1000000015
86077  -53.612  2.654  44.418 0.1000000015
86205  -50.873  2.816  34.686 0.1000000015
86897  -49.528  3.933  50.064 0.1000000015
86912  -50.313  4.301  49.554 0.1000000015
86917  -51.243  4.255  47.510 0.1000000015
86933  -46.289  3.835  45.763 0.1000000015
86955  -55.235  3.689  44.725 0.1000000015
87073  -58.954  3.270  32.176 0.1000000015
87679  -46.103  4.640  50.489 0.1000000015
87681  -48.133  5.306  50.747 0.1000000015
87682  -48.831  4.995  50.711 0.1000000015
87692  -50.795  5.057  49.872 0.1000000015
87711  -52.423  5.514  48.473 0.1000000015
87732  -54.628  5.362  46.377 0.1000000015
87752  -48.608  4.232  45.023 0.1000000015
87838  -59.040  3.892  33.631 0.1000000015
88474  -51.095  6.035  49.946 0.1000000015
88494  -53.224  6.945  48.451 0.1000000015
88517  -55.377  6.570  46.411 0.1000000015
88531  -56.174  6.518  45.096 0.1000000015
89287  -30.595  6.842  50.422 0.1000000015
89292  -48.093  6.856  50.112 0.1000000015
89294  -49.314  6.264  50.337 0.1000000015
89296  -31.081  6.307  49.921 0.1000000015
89307  -51.638  6.602  49.569 0.1000000015
89336  -52.635  6.817  48.841 0.1000000015
89357  -53.928  7.223  47.989 0.1000000015
89373  -51.930  7.066  47.127 0.1000000015
89375  -53.769  7.499  46.693 0.1000000015
89377  -55.547  6.870  46.150 0.1000000015
89391  -53.889  7.258  45.865 0.1000000015
89402  -56.037  6.889  44.845 0.1000000015
89410  -55.387  6.875  44.626 0.1000000015
89415  -35.188  6.679  42.770 0.2000000030
89485  -53.085  6.128  32.977 0.2000000030
89548  -58.275  6.367  26.644 0.2000000030
90180  -52.257  7.216  48.651 0.1000000015
90181  -52.851  7.116  48.566 0.1000000015
90202  -53.143  7.379  47.992 0.1000000015
90203  -53.763  7.390  47.790 0.1000000015
90204  -54.119  7.481  47.396 0.1000000015
90217  -54.626  7.378  46.730 0.1000000015
90218  -55.298  7.224  46.142 0.1000000015
90221  -32.398  7.231  45.381 0.1000000015
90230  -55.404  7.158  45.452 0.1000000015
90963  -31.695  8.568  54.669 0.1000000015
90988  -29.670  8.666  50.496 0.1000000015
90990  -29.496  8.786  49.648 0.1000000015
91053  -51.969  8.939  38.839 0.2000000030
91083  -47.388  8.641  34.664 0.6999999881
91113  -55.994  9.601  32.444 0.3000000119
91135  -57.639  8.745  30.040 0.3000000119
91179  -57.298  9.610  25.589 0.3000000119
91707  -32.776  9.300  55.406 0.1000000015
91709  -34.331  10.321  56.089 0.1000000015
91828  -45.170  9.740  36.150 0.8000000119
92422  -35.255  11.082  58.570 0.1000000015
92459  -31.597  10.340  53.493 0.1000000015
92485  -30.267  10.764  49.878 0.1000000015
92592  -56.083  10.041  32.374 0.3000000119
92642  -56.710  10.824  27.498 0.3000000119
92653  -54.408  11.176  26.134 0.2000000030
92671  -53.332  10.807  24.030 0.2000000030
92672  -54.138  10.794  24.290 0.2000000030
93097  -33.345  11.369  60.780 0.1000000015
93120  -36.291  11.419  58.154 0.1000000015
93127  -36.738  11.788  57.161 0.1000000015
93132  -35.640  11.741  56.378 0.1000000015
93133  -36.217  11.778  56.814 0.1000000015
93170  -30.960  11.194  50.173 0.1000000015
93175  -29.837  10.981  49.166 0.1000000015
93252  -49.308  11.157  42.242 0.8000000119
94442  -47.000  12.813  46.261 0.6999999881
94482  -45.094  13.383  37.668 0.8000000119
95101  -55.246  14.633  36.159 0.6999999881
95102  -55.593  14.824  36.854 0.6999999881
95606  -32.914  15.047  51.894 0.1000000015
95693  -53.784  15.589  41.379 0.6999999881
95694  -54.324  15.599  41.149 0.6000000238
95721  -55.651  15.194  39.057 0.6000000238
96463  -51.425  16.182  28.578 0.6000000238
97041  -53.636  16.894  42.906 0.5000000000
97137  -50.800  16.504  28.229 0.6000000238
97653  -49.610  17.752  44.634 0.4000000060
98295  -55.662  18.728  40.532 0.4000000060
98367  -43.145  19.378  29.990 0.2000000030
98907  -51.533  20.124  38.321 0.1000000015
98908  -52.332  20.170  38.342 0.1000000015
99527  -55.439  21.848  37.598 0.1000000015
99583  -53.393  22.194  34.102 0.1000000015
100201  -50.436  22.369  35.192 0.1000000015
100203  -52.448  22.257  34.965 0.1000000015
100234  -52.032  22.492  33.433 0.1000000015
101542  -50.046  24.545  39.272 0.1000000015
101544  -51.384  24.873  39.415 0.1000000015
101545  -52.011  24.798  39.606 0.1000000015
102240  -50.844  25.434  38.489 0.1000000015
102885  -49.955  25.818  37.308 0.1000000015
102928  -53.493  26.238  33.288 0.1000000015
102955  -53.152  26.524  31.581 0.1000000015
103618  -46.638  27.832  34.539 0.1000000015
103619  -47.331  27.599  34.682 0.1000000015
103633  -52.388  27.229  33.150 0.1000000015
103658  -51.394  26.992  30.595 0.1000000015
122018  -50.141  5.408  45.867 0.1000000015
123253  -56.577  10.649  29.406 0.3000000119
123730  -33.889  12.549  56.356 0.1000000015
123863  -45.065  9.447  34.958 0.8000000119
123934  -52.761  6.309  48.707 0.1000000015
124915  -34.870  10.914  60.764 0.1000000015
126825  -55.863  10.635  30.137 0.3000000119
126971  -30.292  7.557  51.694 0.1000000015
128878  -34.029  11.192  61.001 0.1000000015
129377  -33.131  11.296  60.104 0.1000000015
130237  -50.492  1.038  44.453 0.1000000015
132572  -52.034  25.485  37.836 0.1000000015
133227  -50.986  6.607  49.786 0.1000000015
133779  -55.515  16.529  40.616 0.4000000060
135342  -48.031  6.226  50.482 0.1000000015
136598  -32.807  11.659  61.310 0.1000000015
137347  -31.367  9.804  53.668 0.1000000015
137787  -49.670  10.643  41.682 0.6000000238
137857  -51.784  16.658  32.454 0.8000000119
137879  -55.155  -0.492  44.996 0.1000000015
138017  -32.480  13.815  52.280 0.1000000015
138420  -35.831  12.067  57.047 0.1000000015
139039  -32.312  8.862  43.637 0.1000000015
139140  -37.566  4.573  43.876 0.2000000030
139937  -29.749  8.202  50.051 0.1000000015
142551  -47.394  15.392  38.879 0.6999999881
143042  -55.714  9.936  33.164 0.3000000119
143353  -52.813  9.530  30.844 0.2000000030
144272  -55.596  10.377  24.914 0.2000000030
144715  -46.494  1.403  49.795 0.1000000015
145047  -36.661  11.849  42.420 0.3000000119
145369  -47.030  18.361  35.807 0.3000000119
145580  -48.734  6.835  22.774 0.2000000030
145581  -48.649  6.889  50.060 0.1000000015
146533  -47.186  5.060  50.638 0.1000000015
146738  -51.984  -3.862  53.829 0.1000000015
147124  -41.511  13.676  28.844 0.1000000015
