#!ascii label  , from subject sub-v2s4x29635_ses-1 vox2ras=TkReg
4586
130953  4.486  -33.603  78.194 0.6250000000
123110  4.988  -33.474  78.474 0.6250000000
42309  4.649  -34.014  78.328 0.6250000000
42321  4.252  -34.193  78.033 0.6250000000
43236  5.612  -32.358  79.652 0.5000000000
43248  5.391  -32.949  78.952 0.5000000000
43237  5.446  -32.245  79.206 0.6250000000
43234  6.418  -33.004  79.553 0.5000000000
43235  6.087  -32.668  79.824 0.5000000000
125592  5.648  -33.004  79.256 0.5000000000
43249  5.154  -32.821  78.537 0.6250000000
42294  6.799  -33.445  79.244 0.5000000000
42295  6.267  -33.830  79.080 0.5000000000
42296  5.877  -33.415  79.200 0.5000000000
42308  5.252  -33.720  78.729 0.5000000000
42307  5.388  -33.877  78.774 0.5000000000
43277  4.044  -33.748  77.880 0.6250000000
43295  3.248  -33.880  76.425 0.7500000000
45022  6.286  -30.696  81.280 0.7500000000
126346  5.704  -30.609  80.922 0.7500000000
45034  5.591  -31.166  80.467 0.7500000000
44127  5.504  -31.701  79.861 0.6250000000
45005  6.840  -30.130  81.374 0.7500000000
45021  6.662  -30.705  81.247 0.7500000000
44105  6.404  -31.223  81.032 0.7500000000
45033  5.952  -31.140  80.934 0.7500000000
44117  5.737  -31.805  80.364 0.7500000000
45020  7.025  -30.645  81.164 0.7500000000
135915  6.524  -31.715  80.753 0.6250000000
43223  6.252  -32.175  80.392 0.6250000000
44116  6.141  -31.775  80.649 0.7500000000
144695  5.357  -32.141  78.966 0.6250000000
44102  7.415  -30.957  80.846 0.6250000000
44115  7.065  -31.566  80.677 0.6250000000
43222  6.652  -32.192  80.328 0.6250000000
43224  5.895  -32.342  80.090 0.5000000000
44114  7.458  -31.389  80.468 0.5000000000
43221  7.144  -32.038  80.216 0.5000000000
43233  6.944  -32.688  79.752 0.5000000000
43262  4.414  -33.120  77.959 0.6250000000
44126  7.496  -31.841  79.920 0.5000000000
128496  7.500  -32.338  79.457 0.5000000000
43263  4.084  -33.169  77.441 0.6250000000
132346  3.677  -33.190  76.722 0.6250000000
43278  3.755  -33.854  77.161 0.6250000000
131426  3.113  -32.850  75.760 0.6250000000
136907  3.247  -33.188  76.242 0.6250000000
44175  3.000  -32.929  75.068 0.6250000000
142639  3.016  -33.529  75.964 0.7500000000
42333  3.964  -34.374  77.492 0.7500000000
43317  2.981  -33.714  74.704 0.6250000000
42334  3.582  -34.521  76.797 0.7500000000
45007  6.187  -30.229  81.385 0.7500000000
45954  5.610  -30.085  80.796 0.7500000000
45035  5.502  -30.575  80.406 0.7500000000
45047  5.434  -31.096  79.974 0.7500000000
45006  6.587  -30.249  81.390 0.7500000000
46961  6.173  -29.662  81.228 0.7500000000
124797  5.783  -29.719  80.979 0.7500000000
45955  5.440  -29.950  80.279 0.8750000000
45964  5.154  -29.732  79.704 0.7500000000
44128  5.354  -31.534  79.380 0.6250000000
45927  7.542  -29.731  81.586 0.7500000000
45928  7.056  -29.741  81.444 0.7500000000
46945  6.841  -29.284  81.358 0.7500000000
45973  4.519  -29.722  78.205 0.6250000000
45059  4.822  -30.658  78.501 0.6250000000
44138  5.287  -31.971  78.759 0.6250000000
147080  7.809  -30.138  81.394 0.7500000000
45981  4.179  -29.809  77.283 0.6250000000
45064  4.540  -30.643  77.698 0.6250000000
133802  5.003  -31.565  78.141 0.6250000000
44148  5.109  -32.528  78.185 0.6250000000
121567  3.038  -29.790  76.811 0.6250000000
138899  3.588  -30.020  76.895 0.6250000000
126437  4.541  -31.536  77.210 0.6250000000
44113  7.949  -31.163  80.145 0.5000000000
45987  3.556  -30.540  76.413 0.6250000000
45067  4.084  -31.501  76.386 0.6250000000
44159  4.222  -32.459  76.833 0.6250000000
45072  3.421  -31.519  76.085 0.6250000000
44166  3.588  -32.435  76.233 0.6250000000
45096  3.929  -31.624  74.524 0.6250000000
44171  3.301  -32.102  75.462 0.6250000000
44185  3.621  -32.620  73.881 0.6250000000
122013  3.246  -33.187  74.286 0.6250000000
125583  3.509  -32.792  73.047 0.5000000000
44209  3.628  -33.494  72.407 0.5000000000
121534  3.336  -33.370  72.854 0.5000000000
43363  3.639  -34.060  72.356 0.5000000000
41423  3.962  -35.211  72.359 0.5000000000
49118  8.081  -26.254  82.405 0.7500000000
50141  7.687  -25.860  82.415 0.7500000000
49124  7.761  -26.707  81.979 0.7500000000
50137  8.469  -25.925  82.983 0.7500000000
49123  8.072  -27.120  82.067 0.7500000000
49125  7.445  -27.052  81.704 0.7500000000
48073  7.184  -27.621  81.535 0.7500000000
48077  6.039  -28.018  80.795 0.8750000000
48091  5.383  -28.007  80.644 0.8750000000
48092  4.931  -27.835  80.402 0.7500000000
48105  4.855  -28.436  80.060 0.7500000000
51271  8.662  -25.354  83.719 0.7500000000
49116  8.784  -26.745  82.808 0.7500000000
49117  8.359  -26.676  82.483 0.7500000000
48070  8.293  -28.192  82.167 0.8750000000
131205  7.327  -28.737  81.581 0.8750000000
48075  7.033  -28.411  81.443 0.7500000000
46946  6.448  -28.779  81.089 0.8750000000
46974  5.586  -29.460  80.595 0.7500000000
46942  9.094  -28.712  82.157 0.8750000000
46943  8.665  -28.987  82.081 0.7500000000
45920  7.631  -29.282  81.737 0.7500000000
46944  7.164  -29.092  81.479 0.7500000000
141199  3.777  -28.215  77.765 0.8750000000
143335  4.485  -28.629  78.954 0.8750000000
46960  9.127  -29.025  81.768 0.7500000000
45942  8.810  -29.625  81.349 0.6250000000
45926  8.073  -29.595  81.767 0.7500000000
47017  2.920  -28.966  76.990 0.7500000000
47004  4.072  -28.912  77.560 0.8750000000
45952  9.273  -29.477  80.724 0.6250000000
45953  8.871  -29.805  80.754 0.6250000000
45019  7.997  -30.434  81.014 0.6250000000
47032  2.854  -29.315  76.407 0.7500000000
134308  3.524  -29.310  77.153 0.7500000000
45031  8.344  -30.456  80.573 0.5000000000
126032  2.974  -29.089  75.297 0.7500000000
45993  2.955  -30.147  76.290 0.7500000000
45045  8.722  -30.248  79.479 0.6250000000
45963  8.746  -30.021  80.309 0.6250000000
45046  8.330  -30.780  79.828 0.5000000000
139528  4.110  -29.795  75.210 0.6250000000
45999  3.476  -30.502  75.717 0.6250000000
123850  3.328  -30.793  76.096 0.6250000000
45971  9.139  -29.773  79.154 0.6250000000
45057  8.834  -30.429  78.720 0.6250000000
44137  7.856  -31.690  79.360 0.5000000000
46026  4.474  -29.548  74.427 0.6250000000
46012  3.933  -30.658  75.298 0.6250000000
45058  8.432  -31.118  78.834 0.3750000000
43246  8.082  -32.124  78.468 0.3750000000
46056  4.399  -31.303  72.889 0.5000000000
45107  3.929  -31.990  73.418 0.6250000000
45127  4.960  -31.903  71.530 0.5000000000
44220  4.477  -32.817  71.613 0.5000000000
45106  3.859  -32.393  72.709 0.5000000000
137091  5.207  -32.525  71.048 0.5000000000
138294  4.068  -33.372  71.942 0.5000000000
43374  5.174  -33.632  70.874 0.5000000000
43379  6.355  -33.808  69.355 0.5000000000
52457  7.893  -24.317  83.809 0.7500000000
48115  4.529  -28.183  79.305 0.7500000000
51265  8.905  -24.738  84.214 0.7500000000
50136  9.069  -26.036  83.424 0.6250000000
48127  3.774  -27.758  78.080 1.0000000000
48116  4.257  -27.916  78.559 0.7500000000
50135  9.670  -26.090  83.795 0.6250000000
48069  9.363  -27.709  82.737 0.7500000000
48065  8.830  -27.614  82.624 0.7500000000
49177  2.800  -27.256  77.065 0.8750000000
48128  3.341  -27.740  77.725 0.8750000000
46941  9.428  -28.365  82.099 0.7500000000
49182  2.610  -27.173  76.001 0.8750000000
48153  3.026  -28.079  77.002 0.7500000000
46959  9.526  -28.635  81.565 0.8750000000
48184  2.825  -28.252  75.132 0.7500000000
48165  2.869  -28.439  76.479 0.7500000000
46973  9.668  -28.884  81.006 0.6250000000
131727  2.974  -28.158  74.364 0.7500000000
46982  9.639  -28.970  80.406 0.6250000000
138320  3.279  -28.253  73.981 0.8750000000
139312  3.521  -28.888  74.765 0.7500000000
47100  5.000  -29.137  72.924 0.5000000000
48199  4.075  -28.540  73.920 0.6250000000
45970  9.488  -29.201  78.712 0.6250000000
47099  5.509  -29.181  72.257 0.5000000000
46040  4.785  -29.998  73.471 0.6250000000
45116  5.657  -30.983  71.408 0.6250000000
46039  5.099  -30.180  72.638 0.5000000000
140472  4.997  -31.147  72.121 0.5000000000
44219  5.877  -32.173  70.433 0.6250000000
44228  6.371  -32.830  69.735 0.5000000000
43378  6.748  -33.130  68.847 0.5000000000
143459  6.102  -33.469  69.992 0.5000000000
52451  9.409  -23.934  84.310 0.6250000000
52453  8.396  -24.199  84.020 0.7500000000
52446  9.925  -23.923  84.390 0.7500000000
50131  9.266  -25.449  84.074 0.7500000000
50129  10.540  -25.329  84.212 0.6250000000
137257  10.199  -26.002  83.941 0.6250000000
49115  9.432  -26.883  83.179 0.7500000000
129571  2.660  -25.951  77.066 1.0000000000
50194  3.074  -26.765  77.878 1.0000000000
131401  11.010  -25.962  83.364 0.7500000000
49120  10.644  -26.557  83.095 0.7500000000
143457  10.046  -26.919  83.426 0.7500000000
131223  2.954  -26.072  75.341 1.0000000000
143087  11.549  -25.937  82.793 0.7500000000
123531  10.964  -26.268  82.826 0.7500000000
48074  9.771  -27.726  82.468 0.7500000000
49207  2.912  -26.925  73.117 1.0000000000
49196  2.810  -26.797  74.055 1.0000000000
46958  9.972  -28.209  81.249 0.7500000000
48213  3.560  -27.958  73.315 0.8750000000
46972  10.103  -28.429  80.691 0.6250000000
49216  3.720  -27.138  71.622 1.0000000000
48227  4.049  -27.474  72.042 0.7500000000
46981  10.082  -28.483  80.093 0.6250000000
48239  4.813  -28.011  71.063 1.0000000000
48226  4.641  -27.964  71.838 0.8750000000
46991  9.965  -28.508  79.262 0.6250000000
48238  5.440  -28.328  70.783 0.6250000000
46054  5.947  -29.017  71.471 0.6250000000
47003  9.977  -28.640  78.285 0.6250000000
45979  9.720  -29.439  77.745 0.6250000000
46087  6.527  -29.660  70.142 0.6250000000
46071  6.157  -29.905  71.061 0.6250000000
47151  6.633  -29.490  69.330 0.6250000000
45126  6.259  -30.950  70.530 0.6250000000
46086  6.852  -30.506  69.526 0.6250000000
45140  7.333  -31.735  68.350 0.5000000000
45143  6.718  -31.835  66.762 0.5000000000
44236  6.992  -32.315  67.617 0.5000000000
44237  6.181  -32.712  67.205 0.5000000000
44238  5.266  -33.028  67.032 0.5000000000
55555  10.331  -22.836  83.047 0.6250000000
141078  9.235  -23.188  83.314 0.6250000000
126117  11.207  -22.292  82.936 0.6250000000
54576  10.330  -23.465  83.718 0.6250000000
52450  10.351  -24.287  84.429 0.6250000000
51364  3.258  -25.479  75.544 0.8750000000
56485  12.105  -22.001  83.150 0.6250000000
55548  11.346  -22.521  82.909 0.6250000000
53575  11.433  -24.180  83.704 0.5000000000
51269  11.824  -24.892  83.737 0.6250000000
51376  2.971  -25.526  74.748 0.8750000000
50272  2.776  -26.101  74.440 1.0000000000
54573  12.379  -22.492  82.762 0.5000000000
53574  11.930  -23.929  82.971 0.5000000000
51268  12.310  -24.841  83.231 0.5000000000
50140  11.927  -25.609  82.953 0.6250000000
48088  10.704  -26.564  81.943 0.7500000000
135137  2.730  -25.753  73.008 1.0000000000
51276  12.329  -25.108  83.066 0.5000000000
49132  12.008  -25.952  82.169 0.7500000000
49133  11.420  -26.332  81.743 0.7500000000
131400  10.326  -27.421  81.640 0.7500000000
50288  2.754  -26.397  72.598 1.0000000000
49141  11.530  -26.638  81.118 0.7500000000
48113  10.935  -27.229  80.689 0.6250000000
48114  10.538  -27.938  80.383 0.6250000000
48125  10.993  -27.394  80.042 0.6250000000
48126  10.540  -27.997  79.684 0.6250000000
48253  4.405  -27.681  69.869 1.0000000000
48263  4.389  -27.847  68.865 0.8750000000
48140  10.495  -28.016  78.821 0.6250000000
48252  4.770  -28.265  69.066 0.7500000000
47133  5.269  -28.421  69.769 0.7500000000
133978  10.468  -28.066  77.873 0.6250000000
47153  5.146  -28.593  68.988 0.5000000000
46099  7.274  -30.763  68.607 0.5000000000
46109  7.373  -30.238  67.608 0.5000000000
44241  5.673  -32.370  66.340 0.5000000000
43391  4.746  -33.095  66.519 0.3750000000
56489  14.094  -20.610  83.550 0.5000000000
56490  13.428  -20.802  83.293 0.6250000000
57375  11.977  -20.833  82.970 0.6250000000
53678  3.070  -24.608  74.521 0.8750000000
56483  13.846  -21.010  83.489 0.5000000000
55546  13.124  -21.975  82.991 0.5000000000
52573  2.643  -25.131  73.421 1.0000000000
54577  14.965  -21.631  83.371 0.5000000000
131108  14.485  -20.845  83.711 0.5000000000
134636  13.581  -22.537  82.836 0.5000000000
51267  12.576  -24.026  83.172 0.5000000000
142922  12.739  -24.785  82.776 0.5000000000
52588  3.045  -24.760  71.999 0.8750000000
52589  2.788  -25.310  72.529 1.0000000000
53579  15.467  -21.967  82.991 0.5000000000
139373  14.092  -22.764  82.896 0.5000000000
52455  13.730  -23.805  82.619 0.5000000000
51274  13.245  -24.445  82.604 0.5000000000
50144  12.429  -25.441  82.483 0.7500000000
49140  12.105  -26.130  81.568 0.7500000000
51424  3.075  -25.103  71.001 1.0000000000
51425  2.787  -25.569  71.658 1.0000000000
53586  15.054  -22.740  82.604 0.3750000000
138876  14.096  -24.156  82.256 0.5000000000
50155  13.256  -25.158  81.630 0.5000000000
49150  12.192  -26.301  80.853 0.6250000000
51443  3.361  -25.622  70.497 1.0000000000
50319  3.507  -26.275  70.396 1.0000000000
49151  11.606  -26.854  80.440 0.6250000000
49161  11.603  -26.949  79.670 0.6250000000
130862  3.795  -26.765  69.877 1.0000000000
49240  4.006  -27.275  69.487 1.0000000000
141008  11.596  -26.985  78.860 0.6250000000
136462  10.980  -27.439  78.400 0.6250000000
48262  4.589  -28.371  68.316 0.7500000000
124506  10.901  -27.415  77.450 0.6250000000
47170  5.214  -28.829  68.484 0.5000000000
47171  4.703  -28.662  68.176 0.6250000000
47169  6.227  -29.118  68.622 0.5000000000
47204  5.775  -29.029  67.147 0.5000000000
47186  6.534  -29.359  67.767 0.5000000000
45145  7.212  -30.655  66.564 0.5000000000
46121  6.562  -30.052  65.941 0.5000000000
47220  5.800  -29.452  65.607 0.5000000000
45146  6.466  -31.213  65.937 0.5000000000
45150  5.910  -30.647  65.293 0.5000000000
45147  5.674  -31.751  65.560 0.5000000000
45151  5.434  -31.584  64.973 0.3750000000
44242  4.950  -32.486  65.586 0.3750000000
44245  4.988  -32.172  64.682 0.3750000000
44251  4.770  -32.417  64.292 0.3750000000
45157  5.106  -31.760  63.723 0.3750000000
53670  3.429  -24.510  75.351 0.8750000000
53677  3.033  -24.137  73.577 0.8750000000
54682  3.410  -23.670  74.256 0.8750000000
57368  17.635  -19.464  83.701 0.3750000000
146047  17.029  -18.913  83.961 0.3750000000
58308  15.970  -18.866  83.780 0.3750000000
146116  15.364  -19.201  83.601 0.3750000000
57366  15.317  -20.427  84.008 0.3750000000
56482  14.997  -20.712  83.890 0.3750000000
52572  2.905  -24.684  73.015 0.8750000000
57382  18.337  -19.557  83.405 0.2500000000
58297  17.236  -19.209  83.910 0.3750000000
56487  16.951  -20.251  83.801 0.2500000000
57370  16.358  -19.979  84.155 0.2500000000
56481  15.925  -20.425  84.040 0.3750000000
55557  15.912  -21.159  83.422 0.5000000000
53685  3.276  -24.180  72.728 0.8750000000
56500  18.837  -19.638  83.160 0.2500000000
56501  17.909  -20.035  83.364 0.2500000000
55566  17.522  -20.440  83.261 0.2500000000
55567  17.080  -20.730  83.281 0.2500000000
138634  16.568  -21.366  82.895 0.2500000000
54593  15.927  -21.765  82.772 0.3750000000
53585  15.591  -22.177  82.678 0.3750000000
53694  3.382  -24.056  71.871 0.8750000000
56518  18.382  -20.006  83.034 0.2500000000
55591  18.416  -20.331  82.009 0.2500000000
54604  17.319  -20.996  82.503 0.2500000000
53595  16.063  -22.029  82.336 0.3750000000
53596  15.867  -22.724  81.987 0.5000000000
52483  15.087  -23.206  82.002 0.5000000000
51287  14.363  -24.124  81.604 0.5000000000
51300  13.913  -24.720  81.253 0.5000000000
50167  13.397  -25.299  80.873 0.5000000000
50168  12.852  -25.907  80.456 0.5000000000
53604  16.270  -22.096  81.730 0.3750000000
53617  15.809  -22.667  81.302 0.5000000000
52496  14.887  -23.726  81.245 0.5000000000
51314  14.061  -24.901  80.446 0.5000000000
50179  13.471  -25.423  79.996 0.5000000000
50180  12.823  -25.986  79.577 0.3750000000
49169  12.169  -26.508  79.233 0.6250000000
52619  3.561  -25.140  70.216 1.0000000000
52506  15.054  -23.881  80.440 0.5000000000
51313  14.666  -24.509  80.001 0.5000000000
50192  13.431  -25.414  78.992 0.3750000000
50193  12.636  -26.066  78.690 0.5000000000
144495  12.091  -26.578  78.522 0.6250000000
51460  3.691  -25.712  69.721 1.0000000000
49170  11.641  -26.963  78.035 0.6250000000
49252  3.901  -27.314  68.564 0.8750000000
49176  11.555  -26.861  77.125 0.6250000000
126003  4.229  -27.794  67.941 0.8750000000
47188  4.637  -28.649  67.409 0.7500000000
146218  5.448  -28.933  66.628 0.5000000000
47205  5.249  -28.816  66.148 0.6250000000
47221  5.224  -28.822  65.250 0.5000000000
45156  5.354  -31.239  64.321 0.3750000000
45162  5.379  -30.739  63.705 0.3750000000
46141  5.250  -29.690  63.097 0.5000000000
138445  5.086  -31.759  64.102 0.3750000000
45163  5.347  -30.871  63.204 0.3750000000
45166  5.425  -31.014  62.674 0.2500000000
57395  20.962  -19.167  82.964 0.2500000000
57380  20.106  -18.976  83.307 0.2500000000
131536  19.011  -18.917  83.421 0.3750000000
54674  3.748  -23.621  75.330 0.8750000000
56516  20.577  -19.467  82.622 0.2500000000
57396  19.853  -19.296  83.016 0.2500000000
55589  20.961  -20.118  81.567 0.2500000000
55590  20.167  -19.711  82.240 0.2500000000
57381  19.244  -19.272  83.282 0.2500000000
53675  4.245  -23.144  73.183 0.8750000000
54681  3.969  -23.069  74.009 0.8750000000
54613  21.652  -20.938  81.100 0.2500000000
133165  19.733  -19.933  81.740 0.2500000000
53684  3.875  -23.676  72.467 0.8750000000
53683  4.638  -23.258  72.543 0.8750000000
54622  21.241  -21.220  80.551 0.2500000000
55598  19.396  -20.121  81.098 0.2500000000
55599  18.423  -20.471  81.072 0.3750000000
130151  17.579  -21.011  81.727 0.3750000000
54624  17.015  -21.567  81.360 0.3750000000
53693  3.854  -23.945  71.219 1.0000000000
53692  4.566  -23.504  71.816 0.8750000000
53615  21.885  -21.959  80.012 0.3750000000
54631  20.837  -21.418  79.846 0.6250000000
54632  19.651  -20.889  80.011 0.5000000000
55608  18.646  -20.764  80.343 0.5000000000
54634  17.243  -21.551  80.467 0.5000000000
53616  16.412  -22.061  80.918 0.5000000000
53625  16.008  -22.720  80.478 0.5000000000
52505  15.425  -23.272  80.883 0.5000000000
52604  3.525  -24.550  70.654 1.0000000000
53706  4.847  -23.593  70.937 1.0000000000
54639  20.995  -21.818  79.155 0.7500000000
54640  19.955  -21.244  79.255 0.3750000000
54633  18.128  -21.109  80.001 0.5000000000
54642  17.535  -21.540  79.575 0.6250000000
53632  16.275  -22.763  79.631 0.6250000000
52513  15.204  -23.965  79.557 0.6250000000
51335  14.561  -24.538  78.237 0.6250000000
51344  13.819  -25.088  78.200 0.3750000000
50208  13.080  -25.625  78.043 0.3750000000
49175  12.271  -26.276  77.777 0.5000000000
52634  3.743  -25.078  69.362 1.0000000000
53719  5.101  -23.795  70.111 1.0000000000
54647  20.007  -21.951  77.936 0.5000000000
54648  18.896  -21.533  78.164 0.6250000000
54649  17.804  -21.641  78.688 0.6250000000
137856  17.072  -22.173  78.419 0.6250000000
53639  16.484  -22.826  78.248 0.6250000000
52520  15.242  -23.985  78.627 0.6250000000
51345  13.508  -25.175  77.438 0.3750000000
141934  3.858  -25.926  68.287 1.0000000000
52633  3.899  -25.079  68.568 1.0000000000
52533  15.810  -23.414  77.051 0.6250000000
135178  15.158  -23.976  76.975 0.6250000000
50209  12.780  -25.675  77.163 0.5000000000
129707  3.961  -27.147  67.623 0.8750000000
52649  4.153  -25.247  67.754 0.8750000000
51488  4.405  -25.373  66.979 0.8750000000
52535  14.647  -24.243  76.432 0.5000000000
51351  13.899  -24.745  76.118 0.3750000000
50227  12.581  -25.672  76.281 0.5000000000
47207  4.716  -28.402  66.923 0.7500000000
50361  3.762  -26.537  66.820 0.7500000000
137724  3.416  -25.840  66.086 0.8750000000
51503  4.214  -25.607  66.170 0.8750000000
51517  4.691  -25.555  65.296 0.7500000000
51362  13.761  -24.625  75.281 0.2500000000
51363  13.129  -25.158  75.770 0.3750000000
124445  5.026  -28.656  66.943 0.6250000000
48290  4.274  -27.827  66.446 0.7500000000
49275  3.757  -27.092  66.152 0.7500000000
51519  3.245  -25.946  65.619 0.7500000000
51534  3.531  -25.994  64.796 0.6250000000
50390  3.770  -26.450  64.192 0.6250000000
51375  12.913  -25.036  74.890 0.3750000000
47206  4.702  -28.459  66.593 0.7500000000
48302  3.940  -27.724  65.626 0.6250000000
48317  3.735  -27.638  64.844 0.6250000000
49316  3.786  -27.101  63.738 0.6250000000
50397  4.049  -26.683  63.334 0.6250000000
125363  4.769  -28.493  65.873 0.6250000000
47239  4.677  -28.515  64.627 0.6250000000
137426  4.028  -28.122  64.376 0.6250000000
141186  3.926  -28.071  63.656 0.6250000000
48344  3.904  -27.968  62.966 0.6250000000
49332  4.009  -27.304  62.918 0.6250000000
47238  5.298  -29.163  64.429 0.6250000000
128682  4.973  -28.814  64.009 0.6250000000
47261  4.304  -28.385  63.205 0.5000000000
47269  4.350  -28.288  62.516 0.5000000000
48356  4.495  -28.191  61.821 0.5000000000
47252  5.303  -29.496  63.757 0.6250000000
47253  4.850  -28.869  63.435 0.6250000000
47260  4.735  -28.816  62.773 0.5000000000
47268  4.692  -28.690  62.096 0.3750000000
142737  4.774  -28.566  61.550 0.5000000000
143108  5.273  -29.664  62.052 0.2500000000
46150  5.344  -29.734  61.560 0.2500000000
45180  5.465  -30.511  61.443 0.2500000000
136596  20.911  -18.943  83.238 0.2500000000
57379  21.504  -19.036  83.063 0.2500000000
54672  4.724  -22.549  74.698 0.7500000000
130715  22.123  -20.108  81.980 0.2500000000
56527  21.304  -19.778  82.010 0.2500000000
54680  4.892  -22.665  73.842 0.8750000000
54679  5.979  -22.406  73.686 0.8750000000
54612  22.484  -21.521  81.199 0.1250000000
53682  5.486  -23.144  72.320 0.8750000000
54687  6.299  -22.716  72.888 0.8750000000
54621  22.215  -21.689  80.656 0.2500000000
53691  5.690  -23.354  71.552 0.8750000000
53681  6.493  -22.984  72.096 0.8750000000
134370  7.135  -22.771  71.796 0.8750000000
53622  22.313  -22.724  79.707 0.6250000000
53623  21.639  -22.287  79.428 0.6250000000
53705  5.947  -23.496  70.735 0.8750000000
53704  6.971  -23.294  70.533 0.8750000000
53717  7.346  -23.314  69.611 0.7500000000
53716  7.987  -22.906  69.379 0.7500000000
147192  8.049  -22.252  68.499 0.7500000000
55692  7.733  -21.952  68.135 0.7500000000
52503  22.654  -23.383  79.451 0.7500000000
52504  22.049  -22.933  79.048 0.7500000000
53629  21.404  -22.508  78.752 0.7500000000
53630  20.607  -21.886  78.548 0.7500000000
53718  6.208  -23.607  69.809 0.8750000000
53729  6.697  -23.712  68.697 0.7500000000
126893  7.754  -23.261  68.812 0.7500000000
53728  7.591  -23.416  67.994 0.7500000000
53737  7.713  -22.989  67.496 0.7500000000
53748  7.282  -22.884  66.792 0.7500000000
52517  21.517  -23.416  77.571 0.6250000000
53637  21.050  -22.666  77.904 0.6250000000
54655  17.984  -21.818  77.740 0.5000000000
53638  17.083  -22.212  77.651 0.6250000000
52616  5.189  -24.053  69.102 0.8750000000
52631  5.733  -24.336  68.013 0.7500000000
52630  6.842  -24.011  67.575 0.7500000000
126515  7.327  -23.618  67.282 0.7500000000
53738  7.222  -23.526  66.785 0.7500000000
53749  6.955  -23.391  66.354 0.7500000000
54653  20.345  -22.509  77.392 0.6250000000
53644  20.162  -22.691  76.780 0.6250000000
54660  18.336  -21.986  76.818 0.5000000000
144356  17.649  -22.008  77.251 0.5000000000
53654  16.092  -23.024  76.142 0.6250000000
52534  15.386  -23.646  76.332 0.6250000000
52632  4.559  -24.692  68.342 0.8750000000
52648  4.964  -24.884  67.423 0.8750000000
52647  6.171  -24.670  67.025 0.8750000000
127023  6.328  -24.652  66.159 0.8750000000
52659  6.801  -24.016  66.199 0.8750000000
52671  6.271  -24.378  65.410 0.8750000000
53661  15.626  -23.249  75.642 0.3750000000
52542  15.052  -23.861  75.618 0.5000000000
52543  14.377  -24.285  75.666 0.3750000000
51502  5.732  -25.160  65.370 0.8750000000
51531  5.882  -24.819  64.743 0.8750000000
52550  14.542  -23.990  74.821 0.6250000000
129473  4.224  -25.770  64.766 0.7500000000
51533  4.437  -25.772  64.050 0.7500000000
51547  5.079  -25.242  63.609 0.7500000000
52570  14.191  -23.693  72.676 0.2500000000
51374  13.564  -24.387  74.376 0.3750000000
51549  4.135  -26.306  63.569 0.6250000000
51562  4.341  -26.273  62.926 0.6250000000
50409  4.288  -26.698  62.591 0.6250000000
49342  4.346  -27.147  62.100 0.5000000000
48368  4.484  -27.612  61.481 0.3750000000
47279  5.043  -28.752  61.154 0.3750000000
46158  5.424  -29.842  60.956 0.1250000000
45191  5.717  -30.273  60.588 0.1250000000
56514  22.405  -20.173  82.196 0.1250000000
54603  22.760  -21.338  81.624 0.1250000000
53603  22.955  -22.134  80.895 0.2500000000
54670  6.474  -21.715  74.109 0.7500000000
52494  22.886  -23.135  80.131 0.3750000000
53614  22.613  -22.441  80.331 0.2500000000
54678  6.860  -22.175  73.387 0.8750000000
54691  7.476  -22.385  71.758 0.8750000000
51312  23.122  -23.759  79.463 0.5000000000
55650  7.561  -22.015  71.676 0.8750000000
54699  7.782  -22.472  70.018 0.8750000000
55669  7.674  -22.031  69.769 0.8750000000
55670  7.144  -21.669  69.556 0.7500000000
51322  22.777  -23.713  79.060 0.7500000000
51323  22.328  -23.431  78.730 0.6250000000
51334  22.067  -23.589  78.016 0.6250000000
55659  6.319  -21.383  70.257 0.7500000000
55682  7.060  -21.603  68.588 0.7500000000
121477  21.841  -23.862  77.299 0.6250000000
52518  20.643  -23.429  77.326 0.6250000000
54748  5.941  -23.030  65.581 0.7500000000
54724  6.697  -22.188  66.827 0.7500000000
50226  21.662  -24.703  75.675 0.6250000000
51341  21.308  -23.762  76.765 0.6250000000
52524  20.617  -23.495  76.387 0.6250000000
53651  19.899  -22.796  76.095 0.6250000000
133138  17.950  -22.045  76.119 0.5000000000
53762  5.534  -23.501  64.913 0.7500000000
53761  6.143  -23.759  65.217 0.8750000000
51359  20.728  -24.435  75.045 0.6250000000
52539  20.230  -23.728  74.994 0.5000000000
52532  19.564  -22.933  75.403 0.5000000000
53658  18.321  -22.348  75.257 0.5000000000
53659  17.354  -22.494  74.980 0.5000000000
53660  16.364  -22.800  75.178 0.3750000000
53668  15.451  -23.236  74.844 0.5000000000
53795  5.252  -23.950  63.648 0.7500000000
52686  5.496  -24.625  64.081 0.8750000000
53674  15.693  -23.099  74.030 0.5000000000
52549  15.065  -23.458  74.141 0.6250000000
128358  14.330  -23.789  73.796 0.6250000000
52704  5.233  -24.557  63.287 0.7500000000
52721  4.959  -24.652  61.937 0.6250000000
51561  4.753  -25.682  62.397 0.6250000000
52585  14.501  -23.688  71.635 0.2500000000
51574  4.602  -25.480  61.511 0.5000000000
50423  4.495  -26.465  61.846 0.3750000000
50422  4.520  -26.192  61.147 0.3750000000
49356  4.488  -26.910  61.370 0.5000000000
50443  5.176  -27.022  59.995 0.1250000000
49367  4.877  -27.375  60.478 0.1250000000
48367  4.676  -27.698  60.888 0.3750000000
48376  4.959  -27.931  60.617 0.1250000000
47284  5.161  -28.475  60.700 0.2500000000
128073  5.790  -27.043  59.721 0.1250000000
47283  5.557  -28.841  60.249 0.1250000000
46157  5.634  -29.541  60.447 0.1250000000
53601  23.950  -23.017  81.518 0.2500000000
54602  23.258  -21.607  81.743 0.1250000000
52492  23.967  -23.586  80.804 0.5000000000
53594  23.750  -22.385  81.650 0.1250000000
55644  6.848  -21.194  73.828 0.7500000000
51320  23.766  -24.363  79.478 0.5000000000
52502  23.273  -23.562  79.916 0.5000000000
54677  7.305  -21.741  73.077 0.7500000000
55646  7.299  -21.510  72.430 0.8750000000
129805  6.248  -20.475  72.495 0.7500000000
56592  5.821  -20.591  71.720 0.7500000000
50189  23.994  -25.019  78.278 0.5000000000
51321  23.175  -24.089  79.109 0.5000000000
56591  6.828  -20.984  72.068 0.8750000000
56597  5.487  -20.893  70.826 0.8750000000
136487  24.338  -25.304  77.874 0.6250000000
144265  24.099  -25.257  77.393 0.6250000000
51332  22.939  -24.253  78.304 0.7500000000
51333  22.356  -23.944  77.768 0.6250000000
55683  5.760  -21.515  68.261 0.7500000000
50235  26.414  -25.344  75.947 0.6250000000
122929  24.685  -25.398  76.111 0.7500000000
129518  23.774  -25.157  76.829 0.7500000000
50207  22.663  -24.470  76.865 0.7500000000
55695  4.671  -21.543  67.509 0.7500000000
51367  28.571  -25.221  74.298 0.7500000000
51357  27.545  -25.256  75.163 0.7500000000
51370  25.924  -25.106  75.165 0.7500000000
50236  24.716  -25.198  75.371 0.8750000000
138793  23.494  -25.208  76.136 0.7500000000
123580  22.154  -24.962  75.654 0.6250000000
50241  21.227  -24.761  74.969 0.6250000000
54750  3.531  -22.407  65.309 0.8750000000
123818  4.081  -22.447  65.588 0.8750000000
144849  28.773  -25.158  73.606 0.7500000000
51381  27.964  -24.954  73.763 0.7500000000
131631  25.960  -24.760  74.396 0.7500000000
51371  25.125  -24.961  74.532 0.7500000000
122635  23.654  -25.224  75.078 0.7500000000
50253  22.356  -25.294  74.978 0.7500000000
50240  21.726  -24.980  75.022 0.6250000000
50255  21.189  -25.072  74.297 0.6250000000
50256  20.823  -24.737  74.372 0.6250000000
51361  19.968  -23.847  74.077 0.5000000000
52547  18.920  -23.401  73.651 0.5000000000
52548  17.711  -22.916  73.552 0.5000000000
53666  17.026  -22.666  74.308 0.5000000000
53797  4.124  -22.936  63.255 0.6250000000
53779  3.923  -22.777  63.980 0.7500000000
50281  29.340  -25.395  73.204 0.7500000000
51380  28.631  -25.024  72.823 0.7500000000
144091  27.189  -24.534  73.637 0.7500000000
51382  26.372  -24.478  73.774 0.7500000000
51383  25.444  -24.551  73.820 0.7500000000
51385  23.510  -25.005  73.365 0.6250000000
50266  22.132  -25.497  73.797 0.8750000000
50267  21.622  -25.477  73.900 0.6250000000
123226  20.747  -24.963  73.839 0.6250000000
50269  20.429  -24.974  73.332 0.5000000000
51373  19.726  -24.151  73.354 0.3750000000
140624  19.152  -23.767  72.939 0.5000000000
130319  17.353  -23.014  72.834 0.6250000000
53673  16.530  -22.958  73.545 0.3750000000
52558  15.367  -23.244  73.240 0.5000000000
54789  4.442  -23.088  62.376 0.5000000000
53812  4.699  -23.491  62.451 0.5000000000
51413  29.475  -25.390  71.558 0.6250000000
141009  28.939  -25.053  71.986 0.7500000000
51398  24.153  -24.687  72.923 0.5000000000
50282  22.627  -25.027  72.238 0.6250000000
49202  21.499  -25.366  72.401 0.5000000000
50284  20.372  -25.117  72.359 0.5000000000
131464  19.913  -24.807  72.988 0.5000000000
50286  19.787  -24.631  72.527 0.5000000000
51387  18.846  -23.690  72.301 0.5000000000
52567  17.686  -23.179  72.011 0.5000000000
52568  16.465  -23.185  71.570 0.3750000000
52569  15.385  -23.261  72.131 0.2500000000
129139  4.576  -24.012  61.614 0.5000000000
142429  4.234  -24.484  61.187 0.6250000000
50302  19.336  -24.449  71.117 0.2500000000
51401  18.455  -23.619  71.595 0.3750000000
51402  17.430  -23.399  71.152 0.3750000000
52584  15.493  -23.396  71.309 0.2500000000
53845  4.998  -23.370  60.683 0.1250000000
53871  4.726  -24.085  60.346 0.3750000000
53872  4.218  -24.144  60.678 0.3750000000
52740  4.230  -24.724  61.053 0.2500000000
50316  19.038  -24.483  69.977 0.2500000000
50317  18.564  -24.115  70.508 0.2500000000
136584  17.281  -23.590  70.555 0.2500000000
53870  5.516  -24.135  60.249 0.1250000000
52784  5.231  -24.924  59.816 0.3750000000
51600  4.635  -25.455  60.338 0.2500000000
51586  4.448  -25.449  60.869 0.3750000000
144821  7.532  -24.665  60.141 0.1250000000
52782  6.842  -24.785  60.031 0.1250000000
52783  6.034  -24.790  59.812 0.1250000000
51613  5.241  -25.736  59.564 0.1250000000
50453  4.768  -26.051  59.951 0.1250000000
124890  4.609  -26.091  60.543 0.2500000000
52794  7.489  -25.236  59.637 0.1250000000
52795  6.607  -25.369  59.587 0.1250000000
51611  6.365  -26.058  59.400 0.1250000000
50451  5.855  -26.445  59.532 0.1250000000
50452  5.321  -26.383  59.633 0.1250000000
51610  7.256  -25.822  59.225 0.1250000000
125313  7.258  -26.614  59.035 0.1250000000
145302  27.131  -25.712  79.366 0.6250000000
124795  25.995  -25.309  80.022 0.6250000000
52491  24.501  -23.700  80.961 0.5000000000
129489  27.087  -25.787  78.094 0.6250000000
50187  25.880  -25.535  78.819 0.6250000000
50165  24.737  -24.759  79.875 0.5000000000
50219  26.958  -25.448  76.635 0.5000000000
50202  26.553  -25.638  77.379 0.7500000000
50188  24.598  -25.242  78.570 0.5000000000
145526  4.492  -20.227  71.121 0.7500000000
129013  27.927  -25.599  76.495 0.6250000000
50203  25.579  -25.625  77.381 0.7500000000
56598  4.562  -20.707  70.425 0.8750000000
50263  29.257  -25.427  73.987 0.7500000000
51356  28.337  -25.349  75.040 0.6250000000
50221  25.082  -25.520  76.677 0.7500000000
55696  3.563  -21.396  67.376 0.7500000000
55685  3.683  -21.284  68.255 0.7500000000
50262  29.798  -25.923  73.584 0.7500000000
55713  3.131  -21.786  64.363 0.7500000000
54738  3.157  -22.108  65.527 0.7500000000
54737  3.414  -22.136  65.861 0.8750000000
137680  3.988  -21.976  66.473 0.7500000000
55753  4.965  -21.336  62.373 0.2500000000
55737  4.261  -21.211  62.556 0.1250000000
55723  3.377  -21.263  63.772 0.5000000000
54773  3.683  -22.325  63.678 0.7500000000
131713  3.502  -22.574  64.804 0.7500000000
50297  30.657  -26.163  71.590 0.6250000000
50298  29.933  -25.921  71.973 0.6250000000
126221  6.357  -21.544  62.344 0.1250000000
55774  5.123  -22.260  62.218 0.1250000000
55754  4.664  -21.847  62.248 0.1250000000
143103  3.619  -21.756  63.272 0.5000000000
50311  30.656  -26.173  70.637 0.5000000000
133736  6.134  -22.486  62.094 0.1250000000
55773  5.672  -22.379  62.126 0.1250000000
54818  4.742  -22.910  61.923 0.1250000000
53825  4.638  -23.451  61.735 0.3750000000
137195  7.208  -22.709  61.896 0.1250000000
53846  4.371  -23.499  60.947 0.3750000000
54814  8.799  -22.493  61.469 0.1250000000
137715  8.312  -23.260  61.355 0.1250000000
53868  7.134  -24.101  60.514 0.1250000000
53869  6.332  -24.157  60.379 0.2500000000
53841  9.040  -23.528  61.016 0.1250000000
53867  8.047  -24.022  60.558 0.1250000000
53864  11.346  -23.480  59.932 0.1250000000
53865  10.543  -23.893  60.265 0.1250000000
53866  9.615  -24.157  60.388 0.1250000000
52781  8.239  -24.881  59.913 0.1250000000
52793  8.720  -25.450  59.341 0.1250000000
140945  28.086  -25.931  78.145 0.6250000000
50162  27.156  -25.586  80.000 0.5000000000
129490  29.028  -26.026  77.896 0.5000000000
50174  27.507  -25.828  78.823 0.6250000000
50218  28.797  -25.873  76.472 0.5000000000
50201  27.510  -25.717  77.333 0.6250000000
56594  3.416  -19.673  70.184 0.8750000000
131818  3.725  -20.153  70.301 0.8750000000
50217  29.567  -26.064  76.123 0.5000000000
144046  28.422  -25.623  76.104 0.6250000000
55674  2.994  -20.625  68.777 0.8750000000
143441  3.353  -20.820  69.306 0.8750000000
50249  29.734  -25.975  74.370 0.7500000000
50233  29.671  -26.040  75.226 0.6250000000
56632  2.524  -20.673  64.821 0.6250000000
134057  2.629  -21.018  65.750 0.7500000000
135721  3.450  -20.979  67.401 0.8750000000
143904  3.292  -21.008  68.745 0.7500000000
50261  30.313  -26.166  73.972 0.7500000000
57542  3.704  -20.132  63.086 0.5000000000
141919  3.342  -20.426  63.653 0.5000000000
56627  2.547  -21.282  65.254 0.7500000000
55701  3.235  -21.738  66.393 0.8750000000
136889  30.496  -26.157  72.436 0.6250000000
56663  6.385  -20.471  62.359 0.1250000000
56651  4.164  -20.416  62.709 0.3750000000
56652  3.621  -20.979  62.980 0.5000000000
50278  31.206  -26.200  72.287 0.6250000000
143786  8.219  -20.612  61.347 0.1250000000
127522  7.157  -20.540  62.154 0.1250000000
55772  6.858  -21.965  62.252 0.1250000000
50324  31.242  -26.008  69.990 0.3750000000
55771  7.771  -21.351  61.957 0.1250000000
51465  32.087  -25.034  68.923 0.5000000000
55769  9.177  -21.624  61.178 0.1250000000
125751  8.061  -22.495  61.787 0.1250000000
55768  9.830  -21.779  60.625 0.1250000000
54813  9.549  -22.546  61.115 0.1250000000
55797  11.810  -21.450  58.904 0.1250000000
55784  11.096  -21.486  59.613 0.1250000000
54831  10.566  -22.072  60.252 0.1250000000
53840  9.994  -23.315  60.797 0.1250000000
56695  11.531  -20.489  58.549 0.1250000000
50197  30.965  -26.182  77.080 0.6250000000
138907  29.751  -26.066  77.811 0.3750000000
50232  31.120  -26.326  75.389 0.5000000000
50216  30.306  -26.165  76.606 0.6250000000
50247  31.493  -26.363  74.693 0.6250000000
126663  30.383  -26.202  75.727 0.6250000000
122165  31.964  -26.325  73.905 0.6250000000
50248  30.517  -26.213  74.754 0.6250000000
57518  2.923  -19.957  64.270 0.6250000000
126814  2.436  -20.516  65.410 0.7500000000
123417  32.433  -25.316  72.885 0.5000000000
123599  31.471  -26.272  73.062 0.7500000000
57541  4.279  -19.567  62.910 0.2500000000
51412  32.373  -24.856  71.065 0.6250000000
123555  31.926  -25.715  72.336 0.5000000000
57552  6.352  -19.649  62.397 0.1250000000
57539  5.449  -19.439  62.660 0.1250000000
57540  4.764  -20.068  62.531 0.2500000000
50309  31.917  -25.413  70.414 0.6250000000
56676  7.355  -19.466  61.669 0.1250000000
52611  32.465  -24.441  69.410 0.6250000000
56687  9.891  -20.161  60.018 0.1250000000
58516  9.014  -19.060  60.299 0.1250000000
56675  8.364  -20.031  60.987 0.1250000000
146959  32.039  -23.546  68.526 0.5000000000
55787  8.779  -20.707  61.054 0.1250000000
55785  10.196  -21.137  60.027 0.1250000000
56696  10.945  -19.959  58.954 0.1250000000
50184  30.349  -26.019  78.239 0.6250000000
50198  30.319  -26.118  77.434 0.6250000000
126324  32.827  -26.206  75.254 0.6250000000
50215  31.252  -26.282  76.272 0.6250000000
50245  33.162  -25.846  74.616 0.6250000000
50259  32.837  -25.461  73.731 0.6250000000
124918  32.722  -26.137  73.986 0.6250000000
57530  3.525  -19.515  63.548 0.5000000000
58500  6.531  -19.088  62.474 0.1250000000
51411  32.960  -24.604  71.755 0.6250000000
52609  33.390  -23.755  69.872 0.7500000000
143813  32.945  -23.993  69.475 0.6250000000
53734  33.036  -22.213  67.826 0.6250000000
57560  7.740  -19.251  61.328 0.1250000000
57568  9.608  -19.348  59.789 0.1250000000
57559  8.263  -19.339  60.881 0.1250000000
123981  31.829  -26.153  77.187 0.6250000000
121968  31.077  -26.083  77.816 0.6250000000
50195  32.882  -25.518  76.854 0.6250000000
129076  32.679  -26.113  76.781 0.6250000000
138468  33.313  -25.793  75.463 0.6250000000
50244  33.225  -24.923  74.338 0.6250000000
51379  33.098  -24.726  73.569 0.7500000000
140773  32.642  -24.907  73.274 0.6250000000
51410  33.586  -24.328  72.281 0.6250000000
52597  33.337  -24.090  70.626 0.6250000000
146967  33.453  -22.655  68.982 0.6250000000
53724  33.513  -22.157  68.370 0.6250000000
54732  34.080  -21.756  66.733 0.3750000000
54756  34.451  -22.087  64.997 0.2500000000
58506  9.265  -18.539  60.376 0.1250000000
58507  8.499  -18.761  60.817 0.1250000000
51349  33.341  -24.784  76.273 0.6250000000
51366  33.789  -24.461  74.714 0.6250000000
51365  34.170  -24.087  74.552 0.7500000000
52563  34.162  -23.954  72.792 0.7500000000
52578  34.478  -23.311  71.649 0.6250000000
145382  34.284  -23.407  71.064 0.6250000000
53713  33.724  -22.929  69.659 0.7500000000
54720  34.588  -21.043  67.637 0.7500000000
54731  34.710  -21.433  66.609 0.5000000000
147179  34.254  -21.496  67.294 0.5000000000
54730  35.319  -20.876  66.225 0.3750000000
55705  36.655  -21.266  65.185 0.2500000000
55722  35.585  -22.048  63.716 0.2500000000
56641  37.071  -20.859  63.505 0.2500000000
56660  37.059  -19.852  62.119 0.2500000000
56661  36.541  -20.547  61.671 0.1250000000
145477  34.948  -22.964  74.124 0.7500000000
146625  34.493  -23.582  72.911 0.7500000000
54698  34.856  -21.983  70.693 0.7500000000
143929  34.557  -21.234  69.311 0.8750000000
53712  34.293  -22.397  70.155 0.7500000000
54719  35.182  -20.666  67.178 0.6250000000
124536  36.139  -20.781  65.999 0.3750000000
56649  37.248  -19.932  63.004 0.2500000000
128905  36.928  -19.314  61.928 0.1250000000
58495  36.388  -19.223  61.535 0.1250000000
58496  35.847  -18.786  61.743 0.3750000000
58504  35.870  -18.919  60.948 0.1250000000
58505  35.383  -18.744  60.329 0.1250000000
52552  35.097  -22.903  73.627 0.6250000000
53687  35.601  -21.992  72.179 0.7500000000
123754  35.174  -20.824  69.312 0.8750000000
54713  35.218  -20.665  68.223 0.8750000000
55699  36.599  -20.326  66.561 0.7500000000
56630  37.352  -19.912  65.204 0.5000000000
56640  37.375  -19.933  64.027 0.3750000000
57529  37.237  -19.074  63.515 0.3750000000
58476  36.564  -18.592  63.084 0.3750000000
58487  36.590  -18.923  62.181 0.2500000000
59632  34.715  -18.265  60.631 0.1250000000
53671  35.987  -21.971  73.543 0.6250000000
123780  36.068  -21.325  71.561 0.6250000000
54705  36.075  -20.645  69.711 0.8750000000
56612  36.956  -19.839  69.021 0.8750000000
128165  36.410  -20.031  67.584 0.8750000000
57506  36.961  -19.485  66.326 0.8750000000
57517  37.254  -19.022  64.558 0.3750000000
58465  36.774  -18.515  64.077 0.3750000000
59601  36.020  -18.310  63.821 0.3750000000
139583  35.878  -18.593  62.524 0.3750000000
59621  35.258  -18.341  62.040 0.3750000000
121570  35.241  -18.574  61.208 0.2500000000
59622  34.661  -18.027  61.535 0.2500000000
54684  36.593  -21.421  73.089 0.6250000000
55668  36.824  -20.426  70.004 0.8750000000
56617  36.876  -19.682  68.413 1.0000000000
57505  36.705  -19.075  67.495 1.0000000000
57513  36.966  -18.988  65.655 0.6250000000
57512  36.663  -18.872  66.663 1.0000000000
58460  36.539  -18.530  65.171 0.6250000000
59587  35.973  -18.227  64.737 0.5000000000
59602  35.422  -17.844  63.644 0.5000000000
138799  35.328  -18.084  62.832 0.2500000000
60794  34.822  -17.509  63.226 0.3750000000
60802  34.715  -17.766  62.399 0.2500000000
60803  34.148  -17.369  61.942 0.2500000000
54675  36.930  -21.178  73.079 0.6250000000
55655  37.548  -20.166  71.020 0.7500000000
56596  37.812  -19.802  70.479 0.7500000000
55678  37.254  -20.030  69.585 0.8750000000
133511  37.563  -19.393  68.772 1.0000000000
57501  37.355  -19.037  68.462 1.0000000000
140245  36.270  -18.164  66.863 1.0000000000
60783  35.640  -17.923  64.253 0.5000000000
60772  35.098  -16.903  65.304 0.5000000000
124016  35.225  -17.360  64.361 0.5000000000
60785  34.585  -16.757  63.606 0.3750000000
60795  34.306  -17.069  62.822 0.2500000000
55647  37.936  -19.921  72.194 0.7500000000
56595  38.314  -19.430  70.308 0.6250000000
56606  37.751  -19.704  69.849 0.8750000000
58449  37.038  -18.548  68.219 1.0000000000
123764  36.894  -18.020  67.996 0.8750000000
59565  36.539  -17.854  67.554 1.0000000000
130593  35.960  -17.736  66.599 0.8750000000
60771  35.473  -17.678  64.924 0.6250000000
61836  34.847  -16.522  64.424 0.5000000000
61847  34.412  -16.000  64.021 0.3750000000
56585  38.277  -19.593  72.494 0.5000000000
56589  39.103  -18.909  71.358 0.5000000000
56605  38.204  -19.260  69.502 0.7500000000
58443  38.159  -18.206  69.124 0.7500000000
58444  37.793  -18.629  68.821 1.0000000000
58448  37.384  -18.166  68.608 0.8750000000
144448  36.823  -17.741  67.901 0.8750000000
60740  36.261  -17.316  67.438 0.8750000000
138737  34.820  -16.107  65.262 0.6250000000
61837  34.557  -15.615  64.964 0.5000000000
58422  39.685  -18.568  71.030 0.5000000000
129053  39.718  -18.140  70.622 0.6250000000
57485  39.384  -18.775  70.756 0.6250000000
58437  39.395  -18.098  70.176 0.6250000000
135864  39.179  -18.553  69.958 0.6250000000
59545  38.491  -17.562  69.420 0.6250000000
59556  37.146  -17.683  68.375 0.8750000000
60728  36.700  -16.900  67.943 0.7500000000
61800  36.091  -16.492  67.528 0.8750000000
61801  35.542  -15.802  66.995 0.6250000000
62810  35.258  -15.086  66.489 0.7500000000
61817  34.927  -15.421  65.736 0.7500000000
59501  39.687  -16.876  71.866 0.3750000000
59521  39.662  -17.388  70.415 0.3750000000
60695  39.571  -16.766  70.583 0.3750000000
59522  39.163  -16.998  70.182 0.5000000000
60714  38.024  -16.783  69.600 0.6250000000
139637  36.927  -16.529  68.475 0.7500000000
61789  36.544  -16.121  68.131 0.7500000000
62795  36.039  -15.555  67.742 0.8750000000
62796  35.540  -14.712  67.384 0.8750000000
62811  34.814  -14.708  66.218 0.7500000000
137296  38.635  -16.485  70.292 0.3750000000
61780  37.577  -15.798  69.768 0.5000000000
61781  36.827  -15.761  68.972 0.6250000000
141576  36.326  -15.430  68.400 0.7500000000
62781  35.904  -14.773  68.233 0.7500000000
63822  35.265  -13.635  67.658 0.8750000000
63823  34.894  -12.984  67.200 0.8750000000
62797  34.837  -14.026  66.938 0.7500000000
62761  38.483  -14.747  71.018 0.3750000000
62760  38.845  -14.747  71.290 0.3750000000
63794  37.285  -13.774  70.021 0.5000000000
61769  38.017  -15.454  70.315 0.3750000000
63795  36.664  -13.735  69.412 0.5000000000
62774  37.016  -14.800  69.655 0.5000000000
63808  35.949  -13.857  68.770 0.5000000000
63809  35.701  -13.090  68.215 0.5000000000
62782  35.585  -14.059  68.077 0.6250000000
63810  35.505  -12.521  67.541 0.5000000000
68659  38.011  -8.642  66.519 0.1250000000
67750  38.326  -9.406  67.478 0.1250000000
64807  36.018  -11.722  67.087 0.5000000000
67763  38.236  -9.387  66.381 0.1250000000
66823  38.005  -9.918  66.889 0.3750000000
65827  36.788  -11.067  66.584 0.5000000000
64808  35.409  -12.137  66.818 0.6250000000
66824  37.559  -10.453  66.602 0.5000000000
64820  36.051  -11.613  66.249 0.5000000000
65841  36.798  -11.185  65.568 0.5000000000
64809  34.763  -12.497  66.613 0.5000000000
136585  38.011  -13.016  70.724 0.3750000000
64780  37.080  -12.748  69.632 0.5000000000
63796  36.418  -12.599  68.858 0.5000000000
69585  37.706  -8.064  67.495 0.2500000000
68650  38.484  -8.657  67.790 0.2500000000
66808  38.073  -9.871  67.861 0.2500000000
65812  36.454  -11.310  67.524 0.5000000000
64796  36.045  -12.018  67.984 0.5000000000
69599  37.567  -8.196  66.754 0.1250000000
65811  37.068  -10.755  67.470 0.5000000000
66809  37.661  -10.241  67.392 0.3750000000
69612  37.561  -8.329  65.914 0.1250000000
69613  36.956  -7.883  65.416 0.2500000000
66766  38.412  -11.034  71.323 0.2500000000
126851  38.358  -11.829  70.939 0.3750000000
137204  38.477  -12.895  71.304 0.3750000000
66775  38.397  -10.466  70.760 0.2500000000
65783  38.245  -11.568  70.580 0.2500000000
64767  37.976  -12.124  70.406 0.3750000000
136109  37.569  -12.855  70.265 0.3750000000
67731  38.344  -9.807  70.116 0.2500000000
66784  38.218  -10.565  70.122 0.2500000000
65784  37.913  -11.190  69.885 0.3750000000
64768  37.498  -11.920  69.796 0.3750000000
130145  37.911  -10.210  69.011 0.2500000000
65797  37.403  -11.111  69.106 0.2500000000
140897  36.989  -11.869  69.176 0.5000000000
68643  38.542  -8.702  68.359 0.2500000000
67739  38.443  -9.433  68.282 0.2500000000
65810  37.426  -10.514  68.249 0.5000000000
64795  36.751  -11.381  68.380 0.5000000000
69621  37.116  -7.737  64.503 0.3750000000
68694  37.874  -8.689  63.126 0.3750000000
68623  38.313  -8.776  70.063 0.2500000000
68634  38.212  -8.511  69.108 0.2500000000
66796  38.257  -9.610  69.239 0.2500000000
140369  37.908  -8.112  68.269 0.2500000000
133389  37.061  -7.736  67.716 0.2500000000
69631  37.265  -7.562  63.521 0.5000000000
69643  37.198  -7.764  62.650 0.3750000000
69586  36.964  -7.817  66.915 0.2500000000
69600  37.005  -7.994  66.223 0.2500000000
69644  36.688  -6.921  62.315 0.6250000000
69658  36.693  -7.722  61.833 0.6250000000
68714  36.239  -8.054  61.108 0.7500000000
68721  35.852  -8.160  60.302 0.6250000000
68728  35.664  -7.924  59.237 0.6250000000
69632  37.004  -6.971  62.901 0.5000000000
127273  36.343  -6.832  61.735 0.8750000000
121827  35.987  -7.442  60.536 0.6250000000
68738  36.260  -7.635  58.250 0.6250000000
67856  36.226  -8.625  57.554 0.2500000000
133501  36.704  -6.270  62.681 0.5000000000
70611  36.450  -6.331  61.236 0.8750000000
70625  36.343  -6.549  60.271 0.8750000000
69670  35.989  -7.244  59.703 0.6250000000
67843  36.428  -8.449  57.743 0.5000000000
66922  40.511  -10.490  57.039 0.3750000000
134042  39.855  -10.854  56.489 0.1250000000
66924  38.574  -10.180  57.173 0.3750000000
66935  38.089  -10.471  56.497 0.3750000000
67854  38.172  -9.565  57.556 0.3750000000
67855  37.167  -9.182  57.411 0.2500000000
70595  36.508  -6.224  61.977 0.6250000000
71564  36.712  -5.670  61.584 0.7500000000
71579  36.767  -5.740  60.690 0.8750000000
71589  36.827  -5.853  59.670 0.7500000000
70634  36.989  -6.061  58.796 0.6250000000
70635  36.448  -6.482  59.160 0.7500000000
69677  36.089  -7.120  58.839 0.6250000000
70640  37.262  -6.587  58.361 0.5000000000
68737  37.270  -7.924  57.879 0.3750000000
67842  37.732  -8.825  57.703 0.3750000000
66921  41.408  -10.236  57.174 0.3750000000
130526  40.868  -10.102  57.722 0.5000000000
67841  38.716  -9.159  58.080 0.3750000000
67880  42.038  -10.327  55.377 0.2500000000
67852  40.047  -10.038  57.804 0.5000000000
66923  39.518  -10.363  57.166 0.3750000000
72570  38.189  -4.536  62.623 0.7500000000
72572  36.980  -5.365  62.713 0.6250000000
72586  37.609  -4.782  61.868 0.7500000000
71545  37.008  -5.218  62.054 0.7500000000
71578  37.347  -5.361  60.305 0.8750000000
71563  37.127  -5.148  61.228 0.8750000000
71588  37.564  -5.696  59.422 0.6250000000
70631  43.587  -6.296  59.474 0.6250000000
69665  42.841  -6.729  59.866 0.6250000000
69676  38.636  -6.962  58.805 0.7500000000
70633  37.932  -6.262  58.766 0.6250000000
70621  44.189  -5.383  59.784 0.6250000000
69673  43.185  -7.115  59.220 0.7500000000
69674  42.559  -7.624  59.682 0.8750000000
68718  42.064  -8.219  59.763 0.7500000000
68734  41.981  -8.762  59.166 0.6250000000
68724  41.365  -8.597  59.593 0.5000000000
68720  40.228  -8.055  60.101 0.5000000000
68727  38.918  -7.824  58.733 0.3750000000
68736  38.355  -8.297  58.159 0.5000000000
69683  37.928  -7.183  58.239 0.3750000000
70630  44.310  -5.868  59.121 0.6250000000
69672  43.794  -6.610  58.781 0.7500000000
69682  42.946  -7.788  58.930 0.7500000000
68733  42.468  -8.304  59.028 0.7500000000
67838  41.479  -9.206  58.814 0.5000000000
67839  40.635  -9.556  58.416 0.6250000000
67830  40.051  -9.068  59.019 0.5000000000
68735  39.243  -8.745  58.647 0.5000000000
69681  43.424  -7.427  58.413 0.8750000000
68742  42.742  -8.911  57.491 0.6250000000
67837  42.267  -9.099  58.324 0.6250000000
134340  41.557  -9.756  57.991 0.6250000000
67840  39.628  -9.400  58.305 0.5000000000
67853  39.106  -9.832  57.755 0.3750000000
68732  43.007  -8.323  58.150 0.6250000000
67851  42.208  -9.591  57.137 0.6250000000
138709  43.142  -8.416  57.228 0.6250000000
67867  42.449  -9.634  55.958 0.6250000000
68765  42.966  -9.025  55.440 0.6250000000
67879  42.483  -9.603  54.927 0.3750000000
67888  41.981  -10.166  54.332 0.3750000000
67887  42.200  -9.356  54.078 0.3750000000
145694  38.382  -4.402  63.266 0.7500000000
72584  38.978  -4.529  62.282 0.8750000000
72585  38.401  -4.656  61.823 0.7500000000
71540  42.790  -4.854  62.312 0.7500000000
71541  41.994  -4.869  62.691 0.6250000000
71561  39.211  -4.887  61.543 0.8750000000
71562  38.075  -4.942  61.029 0.8750000000
70591  42.552  -5.232  61.238 0.7500000000
70608  42.050  -5.822  60.672 0.8750000000
70623  39.145  -5.994  60.163 0.7500000000
71576  38.896  -5.319  60.736 0.8750000000
71577  38.215  -5.470  60.129 0.8750000000
71575  44.429  -4.777  60.436 0.3750000000
70622  43.429  -5.933  60.033 0.6250000000
70607  42.817  -5.747  60.453 0.6250000000
69654  42.239  -6.741  60.250 0.7500000000
69667  41.387  -7.562  60.535 0.7500000000
70624  38.329  -5.923  59.496 0.8750000000
71574  45.211  -4.844  60.025 0.5000000000
147199  42.377  -7.247  60.036 0.7500000000
142132  41.593  -8.090  60.209 0.7500000000
68719  40.957  -8.164  60.259 0.7500000000
69675  39.419  -7.425  59.506 0.7500000000
70629  45.097  -5.500  58.890 0.5000000000
69666  42.028  -7.583  60.276 0.7500000000
68726  39.732  -8.366  59.328 0.5000000000
69680  43.973  -6.835  57.988 0.7500000000
69689  43.550  -7.665  57.437 0.6250000000
68750  43.343  -8.113  56.576 0.6250000000
126296  43.145  -8.408  55.882 0.6250000000
68764  43.028  -8.314  55.174 0.5000000000
68776  42.760  -8.915  54.629 0.3750000000
71542  41.415  -4.793  62.764 0.8750000000
71560  40.336  -5.167  61.800 0.8750000000
70592  42.039  -5.232  61.614 0.8750000000
135681  41.236  -5.615  61.220 0.8750000000
137402  40.771  -5.762  61.143 0.8750000000
70609  41.548  -5.779  60.957 0.8750000000
69656  41.152  -6.653  60.812 0.8750000000
70610  39.849  -5.601  60.968 0.8750000000
69657  40.291  -6.575  60.586 0.8750000000
128055  39.543  -6.776  59.986 0.8750000000
71573  46.186  -4.929  59.967 0.3750000000
69668  40.746  -7.553  60.564 0.8750000000
69669  40.090  -7.368  60.232 1.0000000000
70639  44.416  -6.040  58.468 0.5000000000
70645  44.442  -6.057  57.804 0.6250000000
69688  43.974  -6.816  57.222 0.7500000000
69694  43.579  -7.387  56.682 0.6250000000
69703  43.237  -7.577  55.886 0.6250000000
69715  42.914  -7.465  55.071 0.6250000000
68775  42.633  -8.196  54.617 0.6250000000
68786  42.261  -8.717  54.089 0.5000000000
126282  42.540  -7.289  54.551 0.7500000000
71585  47.053  -4.828  59.144 0.5000000000
71593  46.543  -4.996  58.784 0.6250000000
71587  45.730  -5.200  59.386 0.5000000000
72619  48.527  -3.721  57.794 0.5000000000
72620  47.779  -4.009  57.736 0.5000000000
71598  46.569  -4.763  58.243 0.5000000000
70643  45.820  -5.001  57.732 0.6250000000
70638  45.193  -5.564  58.327 0.6250000000
72623  47.498  -3.666  57.000 0.6250000000
71600  46.559  -4.087  57.080 0.7500000000
70644  45.158  -5.475  57.741 0.6250000000
146992  46.861  -3.704  56.414 0.7500000000
126666  46.146  -4.156  56.281 0.6250000000
70648  45.104  -5.211  57.047 0.6250000000
70649  44.321  -5.859  57.164 0.6250000000
71603  45.226  -4.811  56.092 0.7500000000
128973  44.277  -5.509  56.396 0.6250000000
69693  43.649  -6.504  56.442 0.6250000000
71608  45.678  -4.108  54.456 0.6250000000
71602  45.876  -4.191  55.343 0.6250000000
71609  45.064  -4.669  55.028 0.7500000000
70654  44.258  -5.234  55.525 0.7500000000
69702  43.195  -6.593  55.554 0.7500000000
70665  44.158  -4.963  54.569 0.6250000000
69714  42.942  -6.480  54.820 0.7500000000
122875  42.674  -6.230  54.146 0.5000000000
72622  48.469  -3.563  57.147 0.6250000000
72625  48.329  -3.399  56.515 0.6250000000
72627  46.702  -3.724  55.604 0.8750000000
72626  47.627  -3.432  55.963 0.8750000000
72632  46.517  -3.749  54.693 0.7500000000
125624  44.971  -4.478  54.263 0.6250000000
72643  45.322  -4.006  53.589 0.6250000000
71619  44.492  -4.548  53.729 0.6250000000
73618  48.581  -3.179  55.910 0.8750000000
73619  47.971  -3.144  55.359 0.8750000000
73623  47.790  -3.105  54.741 0.8750000000
72631  47.312  -3.445  55.028 0.7500000000
72640  47.256  -3.156  53.546 0.7500000000
72641  47.162  -3.396  54.120 0.7500000000
72642  46.245  -3.649  53.847 0.6250000000
73640  46.869  -3.026  52.872 0.7500000000
72657  45.857  -3.523  53.096 0.7500000000
73617  49.463  -2.955  55.905 0.5000000000
73622  48.615  -2.884  55.200 0.7500000000
133687  50.307  -2.706  55.791 0.5000000000
73621  49.520  -2.719  55.416 0.6250000000
73629  49.056  -2.679  54.696 0.7500000000
73630  47.985  -2.946  54.193 0.7500000000
74549  50.000  -2.453  55.099 0.6250000000
74559  48.618  -2.619  53.764 0.6250000000
129101  47.669  -2.826  53.319 0.8750000000
74576  47.872  -2.198  52.156 0.7500000000
133642  47.352  -2.656  52.601 0.7500000000
73651  46.949  -2.468  51.971 0.7500000000
124273  47.491  -1.827  51.490 0.6250000000
74587  47.125  -1.495  50.848 0.8750000000
74595  46.756  -1.271  50.199 0.7500000000
75517  47.088  -0.789  49.547 0.7500000000
133807  50.509  -2.161  54.639 0.5000000000
74558  49.626  -2.366  54.218 0.6250000000
127657  49.252  -2.198  53.303 0.6250000000
129280  48.866  -1.934  52.446 0.6250000000
75503  49.515  -1.407  51.940 0.6250000000
74575  48.467  -1.621  51.653 0.8750000000
74586  48.014  -1.226  50.935 0.6250000000
74594  47.557  -0.935  50.204 0.8750000000
74553  50.800  -2.371  55.306 0.3750000000
74557  50.231  -1.960  53.761 0.5000000000
74566  49.896  -1.714  52.832 0.6250000000
122754  48.494  -0.637  50.358 0.6250000000
75516  47.925  -0.383  49.548 0.8750000000
75515  48.777  -0.088  49.929 0.6250000000
77507  48.945  0.765  49.272 0.6250000000
78385  50.497  1.235  49.857 0.3750000000
77504  49.882  0.858  49.765 0.5000000000
77506  49.214  1.305  49.092 0.5000000000
78389  50.371  1.961  49.274 0.3750000000
75490  50.970  -1.749  54.242 0.3750000000
75489  51.484  -1.302  53.878 0.3750000000
75496  50.522  -1.207  52.350 0.5000000000
76456  51.021  -0.606  51.902 0.5000000000
75502  50.134  -0.822  51.424 0.5000000000
75511  49.089  -1.074  51.077 0.6250000000
75510  49.577  -0.292  50.558 0.5000000000
76465  51.047  0.284  50.821 0.5000000000
76470  50.256  0.313  50.406 0.5000000000
77503  50.682  0.726  50.358 0.5000000000
76471  49.361  0.337  49.888 0.6250000000
78384  51.051  1.692  49.894 0.3750000000
75495  51.335  -0.990  52.903 0.2500000000
76455  51.361  -0.047  51.465 0.3750000000
124787  51.483  0.359  51.186 0.3750000000
77496  51.267  0.672  50.762 0.3750000000
78372  51.431  1.189  50.608 0.3750000000
77502  50.994  1.049  50.328 0.3750000000
79276  51.741  2.695  50.128 0.3750000000
79277  51.341  2.486  49.653 0.3750000000
139818  50.895  2.435  49.256 0.3750000000
77484  51.750  0.755  51.283 0.2500000000
79262  51.938  2.057  50.743 0.3750000000
45929  6.536  -29.893  81.403 0.7500000000
45023  5.976  -30.562  81.224 0.7500000000
45004  7.451  -30.144  81.404 0.7500000000
44104  6.760  -31.180  81.016 0.7500000000
44103  6.997  -31.094  80.998 0.7500000000
125694  7.417  -30.558  81.103 0.7500000000
136149  6.812  -31.561  80.798 0.6250000000
42304  7.272  -33.010  79.247 0.5000000000
44149  4.703  -32.471  77.601 0.6250000000
43308  2.933  -33.571  75.420 0.6250000000
45944  5.863  -30.171  81.179 0.7500000000
45048  5.322  -30.596  79.733 0.7500000000
46962  5.829  -28.966  80.757 0.6250000000
46975  5.274  -29.208  80.160 0.8750000000
48104  5.321  -28.669  80.481 0.8750000000
45972  4.950  -30.210  79.111 0.8750000000
130409  5.172  -31.100  79.011 0.6250000000
46994  4.313  -28.580  78.240 0.7500000000
123694  4.188  -30.608  76.820 0.6250000000
45032  7.881  -30.754  80.745 0.5000000000
45078  3.395  -31.271  75.696 0.6250000000
45086  3.594  -31.488  75.270 0.6250000000
138743  3.355  -32.343  74.775 0.6250000000
132879  3.270  -33.305  73.406 0.6250000000
136443  3.174  -33.771  73.143 0.6250000000
43362  3.992  -33.942  71.933 0.5000000000
44208  3.905  -32.876  72.253 0.5000000000
42412  3.974  -34.543  72.058 0.5000000000
41424  3.452  -34.973  72.934 0.5000000000
48072  7.609  -27.806  81.733 0.7500000000
48071  8.040  -27.868  81.974 0.8750000000
48076  6.684  -27.828  81.214 0.7500000000
51272  8.274  -24.789  83.847 0.7500000000
48066  8.398  -27.401  82.329 0.8750000000
137096  8.068  -28.822  82.036 0.7500000000
46937  8.667  -28.471  82.307 0.8750000000
46938  7.750  -28.625  81.839 0.7500000000
46983  4.814  -28.960  79.589 0.8750000000
45925  8.671  -29.314  81.802 0.7500000000
46935  9.392  -28.119  82.431 0.7500000000
46936  9.066  -28.321  82.453 0.7500000000
45943  8.251  -29.878  81.441 0.7500000000
49163  3.326  -27.187  77.987 1.0000000000
48141  3.380  -28.410  77.365 0.8750000000
46993  4.657  -29.343  79.025 0.8750000000
45941  9.241  -29.301  81.269 0.6250000000
45018  8.334  -30.163  81.054 0.5000000000
47046  2.985  -29.614  75.780 0.7500000000
45962  9.162  -29.572  80.013 0.6250000000
48175  2.864  -28.761  75.849 0.7500000000
47064  3.548  -29.673  75.455 0.7500000000
46027  4.266  -30.564  74.816 0.6250000000
46041  4.397  -30.874  73.978 0.5000000000
45117  4.349  -32.118  72.190 0.5000000000
131249  5.602  -31.751  71.008 0.5000000000
44229  5.581  -33.090  70.495 0.5000000000
43375  4.515  -33.687  71.398 0.5000000000
53582  7.981  -23.759  83.965 0.7500000000
52452  8.955  -24.086  84.221 0.7500000000
49162  3.759  -27.099  78.360 0.8750000000
140721  9.958  -26.655  83.555 0.6250000000
50130  9.890  -25.474  84.273 0.6250000000
48068  9.681  -27.601  82.789 0.7500000000
49171  3.020  -27.226  77.615 0.7500000000
50228  2.672  -26.529  76.800 0.8750000000
48090  9.940  -27.832  81.781 0.7500000000
127825  2.771  -26.450  76.114 1.0000000000
130371  2.702  -26.695  75.552 1.0000000000
129160  2.799  -27.652  76.527 0.7500000000
48176  2.792  -27.927  75.925 0.7500000000
139968  2.616  -27.015  76.506 0.8750000000
49186  2.676  -27.337  75.363 0.8750000000
49185  2.804  -27.463  74.589 0.7500000000
49195  2.998  -27.635  73.688 1.0000000000
46992  9.524  -29.044  79.647 0.6250000000
48212  4.398  -28.204  72.901 0.7500000000
48211  5.040  -28.477  72.361 0.5000000000
47083  4.665  -28.979  73.627 0.6250000000
46055  5.621  -30.086  71.880 0.5000000000
48225  5.330  -28.356  71.660 0.5000000000
45135  6.566  -31.692  69.776 0.6250000000
44227  6.927  -32.272  69.097 0.5000000000
133894  9.594  -24.353  84.432 0.7500000000
54581  9.214  -23.496  83.810 0.6250000000
137665  9.811  -23.542  83.943 0.6250000000
53571  10.133  -23.676  84.157 0.6250000000
51264  10.143  -24.841  84.466 0.6250000000
52449  10.978  -24.259  84.176 0.7500000000
51270  11.087  -25.055  84.086 0.6250000000
50134  10.801  -25.720  83.776 0.7500000000
49114  10.356  -26.454  83.502 0.7500000000
123977  3.000  -26.177  77.993 0.8750000000
128579  11.541  -25.644  83.294 0.6250000000
48067  10.214  -27.230  82.873 0.7500000000
48089  10.318  -27.156  82.355 0.7500000000
130254  3.121  -25.877  76.019 1.0000000000
124974  2.742  -26.688  74.913 1.0000000000
126826  11.432  -26.133  82.327 0.7500000000
49206  3.325  -27.413  72.834 0.7500000000
133591  2.756  -26.235  73.525 1.0000000000
48103  10.456  -27.746  80.989 0.7500000000
49217  3.108  -26.971  72.191 1.0000000000
50304  2.796  -26.449  71.799 1.0000000000
132987  4.095  -27.717  70.969 1.0000000000
131147  4.744  -28.033  70.199 0.8750000000
135825  6.078  -28.902  70.501 0.6250000000
47152  5.990  -28.864  69.448 0.6250000000
131294  7.486  -31.001  68.000 0.5000000000
45142  7.367  -31.324  67.407 0.5000000000
54580  9.896  -23.333  83.482 0.6250000000
54575  10.925  -23.268  83.308 0.6250000000
53570  10.677  -23.681  83.899 0.6250000000
56491  12.464  -21.250  83.075 0.5000000000
56484  12.794  -21.277  83.155 0.6250000000
55554  12.075  -22.283  82.992 0.5000000000
53569  11.312  -23.684  83.272 0.5000000000
53568  12.110  -23.196  82.692 0.5000000000
51261  11.832  -24.632  83.596 0.5000000000
50132  11.927  -25.271  83.357 0.6250000000
52551  3.291  -25.038  75.004 0.8750000000
52561  2.658  -25.028  74.227 0.8750000000
134501  12.789  -23.243  82.753 0.5000000000
139503  11.953  -25.798  82.577 0.7500000000
48102  10.781  -26.888  81.283 0.7500000000
51389  2.628  -25.572  73.912 1.0000000000
50143  12.924  -25.221  82.218 0.6250000000
137421  2.584  -25.953  72.125 1.0000000000
140195  3.959  -26.931  70.725 1.0000000000
49229  3.308  -26.770  71.506 1.0000000000
48139  11.004  -27.448  79.264 0.6250000000
47168  6.997  -29.770  68.623 0.5000000000
127726  13.510  -20.406  83.277 0.3750000000
57367  14.568  -20.498  83.761 0.3750000000
55551  14.870  -21.133  83.678 0.3750000000
57374  12.853  -20.711  83.077 0.5000000000
53669  3.432  -24.136  74.827 0.8750000000
54578  14.039  -21.812  83.189 0.5000000000
52560  2.709  -24.601  73.836 0.8750000000
55550  15.504  -20.829  83.733 0.3750000000
53580  14.891  -22.681  82.713 0.5000000000
53572  14.184  -22.135  83.016 0.5000000000
53581  13.424  -23.745  82.751 0.5000000000
52454  14.300  -22.753  82.773 0.5000000000
51266  13.221  -24.248  82.738 0.5000000000
52471  14.561  -23.305  82.443 0.3750000000
52461  13.880  -24.011  82.375 0.3750000000
50147  12.981  -25.087  82.099 0.6250000000
51279  13.705  -24.198  82.367 0.6250000000
50148  12.550  -25.721  81.811 0.7500000000
50156  12.759  -25.770  81.269 0.7500000000
50320  3.115  -26.411  71.188 1.0000000000
130712  15.116  -23.507  81.946 0.5000000000
52470  15.118  -22.726  82.547 0.5000000000
52484  14.799  -23.603  81.781 0.5000000000
51278  14.175  -24.225  82.006 0.5000000000
51288  13.782  -24.539  81.824 0.5000000000
49160  12.247  -26.463  80.060 0.6250000000
125058  5.644  -29.057  67.958 0.5000000000
45155  5.598  -30.676  64.694 0.3750000000
44246  4.552  -32.858  65.060 0.3750000000
44259  5.159  -31.814  63.249 0.2500000000
53676  3.544  -23.654  73.377 0.8750000000
56486  17.444  -19.976  83.646 0.2500000000
58298  16.751  -19.404  84.085 0.3750000000
58299  16.177  -19.457  84.091 0.3750000000
58301  14.867  -19.671  83.635 0.3750000000
57371  15.740  -20.026  84.138 0.2500000000
138613  15.498  -20.758  83.867 0.3750000000
57372  14.930  -19.957  83.857 0.3750000000
56502  17.219  -20.349  83.551 0.2500000000
56488  16.447  -20.406  83.888 0.2500000000
55556  16.198  -20.871  83.499 0.3750000000
54584  15.860  -21.464  83.137 0.3750000000
55580  19.001  -19.967  82.517 0.2500000000
55581  17.892  -20.437  82.823 0.2500000000
55582  17.082  -20.932  83.042 0.2500000000
129596  16.631  -21.498  82.649 0.1250000000
54583  16.325  -21.075  83.238 0.2500000000
54605  15.896  -21.951  82.586 0.3750000000
54614  16.831  -21.596  82.161 0.2500000000
53605  15.758  -22.580  81.868 0.5000000000
52495  15.278  -23.165  81.615 0.5000000000
51299  14.514  -24.328  80.855 0.5000000000
51325  14.145  -24.992  79.574 0.6250000000
52618  3.931  -24.653  69.935 1.0000000000
51324  14.734  -24.592  79.151 0.6250000000
51336  14.194  -24.971  78.837 0.6250000000
132672  3.795  -26.119  68.973 1.0000000000
50210  12.113  -26.260  76.758 0.5000000000
46130  5.614  -29.743  64.895 0.5000000000
46137  5.517  -30.137  64.235 0.5000000000
47222  4.632  -28.404  65.376 0.6250000000
132360  5.391  -30.103  62.600 0.3750000000
46144  5.054  -29.291  62.374 0.3750000000
44286  5.533  -31.162  62.045 0.2500000000
43453  5.362  -31.862  62.631 0.2500000000
56517  19.498  -19.691  82.684 0.2500000000
55597  20.580  -20.378  81.047 0.3750000000
55606  20.193  -20.623  80.454 0.3750000000
55607  19.228  -20.472  80.549 0.2500000000
54623  17.795  -21.042  80.833 0.5000000000
55616  18.997  -20.980  79.749 0.5000000000
53624  16.730  -22.161  80.059 0.5000000000
52512  15.637  -23.353  80.018 0.6250000000
53707  4.215  -24.057  70.392 1.0000000000
124608  19.637  -21.442  78.564 0.3750000000
54641  18.679  -21.197  79.105 0.5000000000
53631  16.992  -22.202  79.237 0.6250000000
137857  16.522  -22.687  78.917 0.6250000000
52519  15.915  -23.343  79.014 0.6250000000
52617  4.454  -24.186  69.727 1.0000000000
137526  4.145  -24.607  69.150 1.0000000000
54654  19.339  -21.968  77.279 0.6250000000
53647  16.436  -22.766  77.416 0.6250000000
52525  15.931  -23.501  78.018 0.6250000000
51343  14.586  -24.338  77.335 0.6250000000
52526  15.205  -23.967  77.716 0.6250000000
144350  14.106  -24.781  77.635 0.3750000000
51473  3.943  -25.566  67.981 1.0000000000
124304  14.004  -24.732  76.938 0.5000000000
51352  13.310  -25.201  76.623 0.3750000000
51490  3.809  -25.999  67.432 0.8750000000
127311  4.067  -27.292  66.860 0.7500000000
51489  3.890  -25.780  66.957 0.8750000000
51504  3.520  -25.928  66.330 0.7500000000
51518  3.582  -25.833  65.485 0.6250000000
52660  5.308  -25.158  66.399 0.8750000000
47223  4.470  -28.254  65.991 0.6250000000
49288  3.491  -26.934  65.343 0.6250000000
50382  3.280  -26.234  65.103 0.6250000000
130420  3.551  -26.960  64.548 0.6250000000
47254  4.403  -28.462  63.895 0.6250000000
133325  5.062  -29.090  61.691 0.2500000000
128777  5.255  -29.255  61.209 0.2500000000
56499  21.861  -19.430  82.678 0.1250000000
54671  5.612  -22.082  74.463 0.7500000000
55588  22.075  -20.644  81.610 0.2500000000
55579  22.605  -20.868  81.908 0.1250000000
55639  6.033  -21.420  74.840 0.7500000000
54686  7.218  -22.410  72.532 0.8750000000
54690  7.588  -22.470  70.940 0.8750000000
55693  6.943  -21.721  67.649 0.7500000000
52511  21.753  -23.172  78.346 0.6250000000
53645  19.341  -22.291  76.570 0.6250000000
53652  18.897  -22.336  76.043 0.5000000000
53646  17.238  -22.184  76.808 0.5000000000
130705  16.452  -22.686  76.658 0.6250000000
51532  5.229  -25.317  64.488 0.7500000000
51548  4.523  -25.853  63.283 0.6250000000
52559  13.348  -24.228  73.418 0.2500000000
125271  5.349  -29.085  60.769 0.1250000000
54611  23.194  -21.899  81.379 0.2500000000
53613  23.213  -22.842  80.709 0.2500000000
52493  23.473  -23.371  80.497 0.3750000000
51311  23.690  -23.933  79.779 0.5000000000
124417  22.585  -23.813  78.512 0.7500000000
55657  7.485  -22.125  70.733 0.8750000000
55658  7.161  -21.732  70.525 0.7500000000
55671  6.090  -21.445  69.312 0.7500000000
51340  21.729  -24.245  76.642 0.6250000000
145388  20.970  -23.934  76.289 0.6250000000
54736  5.077  -22.440  65.937 0.7500000000
54735  6.032  -22.490  66.235 0.7500000000
54749  4.995  -22.881  65.311 0.7500000000
55694  6.012  -21.654  67.284 0.7500000000
50225  22.111  -24.639  76.296 0.6250000000
124532  21.302  -24.283  76.155 0.6250000000
52531  20.242  -23.481  75.748 0.6250000000
51342  20.698  -24.064  75.785 0.6250000000
53653  17.042  -22.406  75.862 0.5000000000
53763  4.351  -22.964  64.824 0.7500000000
51360  20.472  -24.325  74.450 0.6250000000
52540  19.197  -23.160  74.604 0.5000000000
52541  18.083  -22.727  74.365 0.5000000000
53667  16.203  -22.932  74.383 0.3750000000
141770  4.501  -23.182  64.037 0.7500000000
52557  16.459  -23.036  72.505 0.5000000000
53796  4.719  -23.567  63.246 0.7500000000
51560  5.143  -25.137  62.784 0.6250000000
50434  4.577  -26.638  60.828 0.3750000000
49377  5.521  -27.646  59.981 0.1250000000
48387  5.785  -28.312  59.918 0.1250000000
129447  5.871  -29.388  60.035 0.1250000000
52481  24.223  -23.393  81.320 0.3750000000
55565  22.993  -20.670  82.230 0.1250000000
51310  24.355  -24.314  79.993 0.5000000000
56582  6.661  -20.597  73.621 0.7500000000
50178  23.647  -24.629  78.825 0.5000000000
130355  24.232  -24.970  78.903 0.5000000000
56586  6.844  -20.791  72.861 0.7500000000
55652  6.558  -21.213  71.180 0.8750000000
56588  4.357  -19.551  71.854 0.7500000000
50190  23.409  -24.656  77.928 0.6250000000
130448  25.172  -25.494  78.131 0.6250000000
50204  24.586  -25.431  77.286 0.7500000000
130719  23.238  -24.811  76.705 0.7500000000
50191  22.790  -24.342  77.482 0.7500000000
55684  4.497  -21.391  68.464 0.7500000000
55672  4.866  -21.363  69.170 0.7500000000
50220  26.007  -25.510  76.676 0.6250000000
51358  26.819  -25.198  75.332 0.6250000000
121762  25.468  -25.387  76.002 0.6250000000
50222  24.245  -25.347  76.509 0.7500000000
50237  23.951  -25.307  75.831 0.8750000000
50223  23.116  -25.052  76.194 0.7500000000
126183  22.220  -24.237  77.026 0.6250000000
51368  27.861  -25.146  74.552 0.7500000000
51369  26.939  -24.939  74.493 0.7500000000
50234  27.288  -25.355  75.887 0.6250000000
50251  24.262  -25.047  74.633 0.7500000000
50238  23.068  -25.306  75.495 0.7500000000
50239  22.614  -25.161  75.657 0.7500000000
123559  22.116  -25.131  75.174 0.6250000000
52555  25.865  -24.250  73.086 0.6250000000
51384  24.406  -24.804  73.822 0.7500000000
50252  22.736  -25.345  74.546 0.7500000000
50264  23.518  -25.111  74.219 0.7500000000
50254  21.746  -25.302  74.530 0.6250000000
141899  22.077  -25.448  74.360 0.7500000000
121772  21.286  -25.327  73.929 0.6250000000
50270  20.044  -24.681  73.082 0.5000000000
52556  18.308  -23.310  72.836 0.6250000000
54790  3.937  -22.404  62.892 0.5000000000
50280  29.863  -25.930  72.791 0.7500000000
51396  28.240  -24.639  71.978 0.7500000000
51399  23.394  -24.894  72.553 0.6250000000
130124  22.891  -25.164  72.954 0.6250000000
50283  22.187  -25.347  72.906 0.7500000000
49190  21.575  -25.459  73.242 0.6250000000
49203  21.101  -25.419  72.796 0.5000000000
49192  20.732  -25.326  72.991 0.6250000000
121776  20.377  -25.083  73.003 0.5000000000
51386  19.455  -24.097  72.853 0.5000000000
54802  4.365  -22.649  62.400 0.5000000000
145308  20.056  -24.971  72.065 0.3750000000
123740  19.784  -24.711  71.978 0.3750000000
131570  19.424  -24.412  71.906 0.3750000000
51400  19.104  -23.929  72.122 0.3750000000
128584  3.990  -24.041  61.023 0.2500000000
125813  19.548  -24.737  70.469 0.2500000000
51418  18.885  -24.036  71.413 0.2500000000
51419  18.093  -23.690  70.897 0.2500000000
51420  16.291  -23.476  70.718 0.2500000000
54817  5.105  -22.930  61.462 0.1250000000
53844  5.839  -23.459  60.792 0.1250000000
52785  4.638  -24.830  60.233 0.2500000000
52796  5.810  -25.480  59.567 0.1250000000
51599  4.872  -25.537  59.817 0.1250000000
144826  8.081  -25.317  59.490 0.1250000000
51609  8.024  -26.162  58.899 0.1250000000
123153  27.833  -25.727  79.589 0.6250000000
50175  26.433  -25.543  79.563 0.6250000000
50176  25.623  -25.326  79.463 0.6250000000
51308  25.569  -24.767  80.615 0.5000000000
50177  24.837  -25.053  79.327 0.6250000000
140923  24.779  -24.066  80.610 0.5000000000
129488  26.154  -25.712  78.097 0.6250000000
56599  3.604  -20.517  69.825 0.8750000000
124447  28.858  -25.672  75.651 0.5000000000
56613  3.053  -20.688  68.205 0.8750000000
55673  3.834  -21.184  68.988 0.7500000000
146733  3.438  -21.791  63.806 0.7500000000
56642  2.970  -20.930  64.315 0.6250000000
130182  2.683  -21.398  64.821 0.7500000000
55706  2.865  -21.996  65.054 0.7500000000
55702  3.064  -20.946  66.487 0.7500000000
56664  5.495  -20.401  62.424 0.1250000000
56677  5.694  -21.415  62.344 0.1250000000
55738  3.930  -21.837  62.699 0.3750000000
50296  31.469  -26.113  71.565 0.6250000000
50326  29.884  -25.991  70.254 0.5000000000
50295  31.926  -25.500  71.362 0.6250000000
54815  6.301  -22.925  61.668 0.1250000000
53842  7.540  -23.408  61.224 0.1250000000
55770  8.473  -21.526  61.548 0.1250000000
53839  10.765  -23.002  60.540 0.1250000000
50199  29.455  -26.065  77.064 0.5000000000
57492  2.873  -19.554  69.506 0.8750000000
56593  3.885  -19.665  70.937 0.8750000000
57519  2.541  -19.744  64.944 0.7500000000
56618  3.010  -20.482  67.628 0.8750000000
50279  30.532  -26.207  73.219 0.7500000000
122357  31.038  -26.327  73.932 0.6250000000
135012  7.832  -19.969  61.378 0.1250000000
50339  30.967  -25.916  69.144 0.3750000000
51451  31.656  -25.461  69.453 0.3750000000
51450  32.315  -24.967  69.779 0.7500000000
52624  31.992  -24.270  68.726 0.6250000000
55786  9.442  -20.879  60.504 0.1250000000
50231  32.002  -26.345  75.522 0.6250000000
50246  32.407  -26.298  74.658 0.6250000000
50260  32.447  -26.025  73.240 0.5000000000
50277  32.361  -25.025  72.032 0.5000000000
51431  33.475  -24.220  71.486 0.6250000000
51449  32.722  -24.637  70.343 0.7500000000
57569  9.065  -19.856  60.553 0.1250000000
53725  33.163  -23.380  69.232 0.5000000000
50230  32.812  -26.208  75.987 0.6250000000
50229  33.406  -25.035  75.000 0.6250000000
52596  33.999  -23.390  70.480 0.6250000000
142728  32.766  -22.907  68.496 0.5000000000
121864  34.095  -21.555  68.124 0.7500000000
54721  33.704  -21.787  67.572 0.3750000000
51348  33.732  -24.152  75.779 0.6250000000
51393  33.638  -24.344  73.141 0.7500000000
130823  33.975  -23.801  71.212 0.6250000000
127425  34.494  -23.515  72.441 0.6250000000
54708  34.029  -21.850  69.187 0.8750000000
54714  34.495  -21.012  68.664 0.7500000000
136758  35.155  -21.802  65.920 0.2500000000
54744  35.188  -22.071  65.228 0.3750000000
52546  34.478  -23.633  74.690 0.7500000000
51377  34.359  -23.897  74.101 0.7500000000
52562  34.805  -23.169  72.978 0.7500000000
53699  34.970  -22.434  71.523 0.7500000000
54707  34.707  -21.570  69.858 0.8750000000
54743  35.739  -21.433  65.558 0.3750000000
139922  37.211  -20.791  65.397 0.3750000000
56631  37.237  -20.776  64.555 0.2500000000
55711  36.683  -21.347  64.260 0.2500000000
55712  35.896  -22.001  64.583 0.2500000000
56650  36.877  -20.611  62.544 0.2500000000
57538  37.107  -19.230  62.559 0.2500000000
57550  36.630  -19.717  61.472 0.1250000000
54697  35.499  -21.616  71.177 0.7500000000
54696  36.166  -20.845  70.709 0.7500000000
54706  35.425  -21.243  70.252 0.7500000000
55700  35.892  -20.361  66.824 0.8750000000
56626  37.149  -20.384  66.074 0.5000000000
53679  36.049  -22.016  72.973 0.7500000000
55679  36.652  -20.239  69.263 0.8750000000
55680  35.985  -20.493  68.789 0.8750000000
55690  36.501  -20.074  68.490 0.8750000000
56622  36.764  -19.800  66.976 0.8750000000
136253  35.821  -18.358  63.192 0.3750000000
54683  37.132  -20.753  72.635 0.7500000000
55656  36.955  -20.485  70.800 0.6250000000
55649  37.047  -20.562  71.692 0.7500000000
56611  37.496  -19.666  69.175 1.0000000000
56621  36.790  -19.398  68.047 1.0000000000
58459  36.449  -18.517  66.325 0.7500000000
58453  36.575  -18.413  67.408 1.0000000000
59572  36.126  -18.183  65.884 0.7500000000
126335  35.774  -17.890  65.532 0.8750000000
60784  34.997  -17.196  63.854 0.3750000000
55645  37.679  -20.321  72.823 0.6250000000
55654  38.129  -19.693  71.229 0.7500000000
61854  34.125  -16.317  63.275 0.3750000000
134075  38.479  -18.603  69.197 0.8750000000
60753  35.558  -17.437  65.758 0.7500000000
59555  37.667  -17.839  69.000 0.7500000000
61815  35.558  -16.891  66.595 0.6250000000
61816  35.123  -16.044  66.045 0.7500000000
121656  38.725  -16.943  69.922 0.5000000000
60726  37.562  -17.327  69.034 0.6250000000
60715  37.301  -16.600  69.091 0.6250000000
61779  38.278  -16.216  70.144 0.3750000000
61762  38.859  -15.471  71.046 0.3750000000
62766  37.609  -14.755  70.221 0.3750000000
62775  36.355  -14.779  68.996 0.6250000000
63785  38.113  -13.891  70.966 0.3750000000
64752  38.275  -12.426  70.879 0.3750000000
66767  38.251  -10.902  71.694 0.2500000000
65724  38.622  -12.277  71.844 0.2500000000
67724  38.305  -9.194  70.946 0.2500000000
67868  41.838  -10.275  56.359 0.3750000000
72556  37.729  -4.613  63.442 0.5000000000
72571  37.365  -4.917  62.665 0.7500000000
67829  40.791  -9.098  59.171 0.5000000000
68751  42.937  -8.910  56.517 0.6250000000
67899  41.683  -9.713  53.279 0.2500000000
70593  41.545  -5.205  61.867 0.8750000000
71543  40.783  -4.766  62.674 0.8750000000
71530  40.342  -4.356  63.347 0.8750000000
71594  45.918  -5.292  58.841 0.5000000000
70637  45.924  -5.211  58.313 0.6250000000
134817  47.269  -4.455  58.194 0.5000000000
126834  46.342  -4.567  57.626 0.7500000000
70647  45.819  -4.603  57.029 0.6250000000
141705  43.624  -5.836  55.862 0.6250000000
70666  43.488  -5.733  55.127 0.7500000000
127880  43.298  -5.544  54.394 0.7500000000
70691  42.656  -5.625  53.579 0.6250000000
72656  46.679  -3.320  53.299 0.7500000000
74567  48.243  -2.442  52.914 0.8750000000
73663  46.772  -2.006  51.396 0.6250000000
146574  51.049  -2.016  54.906 0.3750000000
128602  50.813  -1.497  53.327 0.3750000000
76466  50.681  -0.213  51.023 0.5000000000
133403  5.404  -39.436  75.729 0.1250000000
38431  5.631  -38.552  75.733 0.1250000000
38432  5.256  -38.401  75.513 0.1250000000
136301  4.935  -38.122  75.169 0.1250000000
38429  6.387  -38.797  75.754 0.1250000000
38430  5.925  -38.707  75.908 0.1250000000
38419  5.876  -37.404  76.026 0.1250000000
38450  4.700  -38.503  74.727 0.2500000000
39394  6.472  -37.757  75.918 0.1250000000
38418  6.137  -37.706  75.980 0.1250000000
39415  4.523  -37.775  74.442 0.2500000000
38420  5.447  -37.389  75.733 0.1250000000
140579  5.111  -37.370  75.501 0.1250000000
137884  4.700  -37.331  74.989 0.3750000000
128871  4.421  -38.078  73.670 0.3750000000
127350  4.407  -37.812  72.967 0.2500000000
39423  4.239  -37.184  73.404 0.2500000000
39459  5.375  -36.855  70.651 0.2500000000
127648  4.969  -37.101  71.313 0.2500000000
137621  5.427  -36.644  76.301 0.1250000000
39395  4.798  -36.833  75.482 0.2500000000
39383  5.656  -36.459  76.701 0.1250000000
39381  6.332  -36.933  76.519 0.1250000000
39416  4.339  -36.704  74.641 0.3750000000
39380  6.715  -36.841  76.440 0.1250000000
39424  3.977  -36.476  73.925 0.3750000000
146325  4.298  -37.250  74.061 0.3750000000
40404  3.974  -36.387  73.170 0.2500000000
40430  4.392  -35.843  71.737 0.2500000000
39434  4.371  -37.074  72.581 0.2500000000
39460  4.784  -36.359  71.243 0.2500000000
39449  4.542  -36.623  71.847 0.2500000000
40445  5.754  -36.431  69.785 0.3750000000
39384  4.954  -36.476  76.075 0.1250000000
39382  5.961  -36.927  76.559 0.2500000000
39407  4.260  -36.291  75.456 0.2500000000
40359  6.498  -36.319  76.954 0.1250000000
40405  3.624  -35.892  73.566 0.3750000000
40420  4.186  -36.103  72.469 0.2500000000
40437  4.617  -35.772  71.247 0.3750000000
41450  5.584  -35.652  70.250 0.3750000000
42433  6.086  -34.682  69.363 0.3750000000
41449  5.866  -35.574  69.308 0.3750000000
42434  5.666  -34.934  70.205 0.3750000000
145928  6.105  -34.344  68.669 0.3750000000
41457  5.665  -35.032  68.435 0.3750000000
138233  5.483  -35.798  68.546 0.3750000000
125990  5.649  -34.217  67.952 0.3750000000
40349  4.618  -35.385  77.275 0.3750000000
140232  4.240  -35.358  77.061 0.5000000000
40347  5.625  -35.594  77.513 0.3750000000
40348  5.087  -35.413  77.576 0.3750000000
40361  4.483  -35.806  76.688 0.5000000000
40360  5.053  -36.018  76.870 0.2500000000
39396  4.301  -36.122  76.120 0.5000000000
39369  6.205  -36.444  76.929 0.2500000000
124152  3.649  -35.756  75.590 0.5000000000
40358  7.083  -35.937  76.867 0.1250000000
40390  3.510  -35.751  74.167 0.3750000000
40421  3.699  -35.617  73.019 0.3750000000
41442  4.324  -35.186  71.598 0.2500000000
43380  5.824  -34.024  70.240 0.3750000000
41441  4.997  -35.218  70.970 0.3750000000
43384  6.637  -33.091  67.952 0.3750000000
43385  6.307  -33.741  68.373 0.3750000000
43388  5.843  -33.472  67.588 0.3750000000
41352  4.713  -34.924  77.910 0.3750000000
41353  4.297  -34.823  77.607 0.5000000000
40336  5.380  -35.105  78.076 0.3750000000
41362  3.943  -35.012  77.020 0.5000000000
41363  3.542  -35.201  76.449 0.5000000000
41373  3.249  -35.351  75.923 0.5000000000
40345  6.674  -35.614  77.329 0.3750000000
124677  3.096  -34.896  74.889 0.3750000000
41386  3.302  -35.385  75.298 0.5000000000
41401  3.155  -35.061  74.230 0.3750000000
42382  3.072  -34.613  73.809 0.3750000000
41411  3.283  -35.202  73.537 0.3750000000
42413  3.525  -34.498  72.602 0.3750000000
42425  4.384  -34.489  71.466 0.3750000000
44234  7.002  -32.570  68.373 0.3750000000
40337  5.035  -34.939  78.172 0.3750000000
41351  6.419  -35.082  77.908 0.3750000000
40346  6.180  -35.788  77.355 0.3750000000
135281  3.017  -34.805  75.576 0.3750000000
42372  3.007  -34.408  74.413 0.3750000000
40335  5.887  -35.175  78.018 0.3750000000
41350  6.913  -34.867  77.701 0.2500000000
140210  2.934  -34.128  75.819 0.5000000000
41349  7.421  -34.657  77.402 0.2500000000
41343  4.919  -34.366  78.360 0.3750000000
41333  5.740  -34.203  78.780 0.3750000000
41344  4.520  -34.460  78.089 0.3750000000
41341  6.200  -34.559  78.553 0.3750000000
131081  5.665  -34.757  78.421 0.3750000000
41340  6.754  -34.453  78.391 0.2500000000
42306  6.651  -34.081  78.876 0.3750000000
42320  7.181  -34.186  78.164 0.2500000000
123403  7.428  -33.453  78.589 0.2500000000
42319  7.538  -33.787  77.817 0.2500000000
43260  8.244  -32.574  77.687 0.2500000000
42318  7.992  -33.360  77.358 0.2500000000
43276  8.418  -33.022  76.947 0.1250000000
44158  8.553  -32.134  77.179 0.2500000000
45992  9.890  -30.552  76.799 0.2500000000
44164  8.890  -31.657  76.540 0.2500000000
42305  7.067  -33.831  78.819 0.2500000000
43247  7.656  -32.628  78.897 0.3750000000
43261  7.791  -32.969  78.129 0.2500000000
44146  8.834  -31.303  77.291 0.2500000000
44147  8.502  -31.703  77.945 0.3750000000
45063  8.833  -30.880  78.045 0.2500000000
45986  9.679  -30.134  77.371 0.2500000000
45066  9.332  -30.689  77.398 0.2500000000
47031  10.558  -29.018  76.376 0.3750000000
45985  10.173  -29.760  76.785 0.2500000000
45980  9.265  -30.104  78.167 0.5000000000
47016  10.168  -28.848  77.300 0.3750000000
47030  10.670  -28.314  76.067 0.5000000000
126396  11.028  -28.063  75.548 0.5000000000
48152  10.503  -28.156  76.884 0.5000000000
141149  11.173  -27.396  75.677 0.5000000000
52564  27.329  -24.209  72.221 0.6250000000
52554  26.804  -24.301  72.993 0.5000000000
52580  27.003  -24.046  71.495 0.3750000000
48164  10.812  -27.457  76.364 0.5000000000
49180  11.438  -26.821  76.203 0.5000000000
51397  24.967  -24.410  73.127 0.5000000000
52581  26.321  -23.694  71.285 0.3750000000
52599  26.396  -23.533  70.530 0.1250000000
50243  12.001  -26.294  75.877 0.3750000000
52613  26.525  -23.573  69.768 0.1250000000
51417  23.183  -24.689  71.708 0.3750000000
52627  25.814  -23.297  68.553 0.1250000000
129936  26.581  -23.952  68.098 0.1250000000
52643  25.918  -23.503  67.577 0.1250000000
137501  27.022  -24.018  70.278 0.2500000000
52626  26.574  -23.738  68.961 0.1250000000
52656  25.872  -23.749  66.741 0.1250000000
49153  4.304  -27.372  78.876 0.6250000000
129749  27.736  -24.527  72.939 0.6250000000
51480  31.011  -25.222  67.794 0.2500000000
52668  25.682  -23.778  65.940 0.1250000000
132458  2.810  -20.138  66.933 0.6250000000
58462  2.556  -18.863  66.043 0.6250000000
58468  2.902  -18.925  64.865 0.5000000000
58461  2.797  -18.403  65.500 0.5000000000
49143  4.431  -26.714  79.107 0.7500000000
50182  3.283  -26.564  78.201 0.7500000000
51346  2.651  -25.219  76.983 0.7500000000
52544  3.363  -24.907  75.892 0.7500000000
59485  4.019  -17.209  75.633 0.5000000000
58406  4.400  -17.738  75.182 0.5000000000
137435  27.691  -24.260  71.529 0.3750000000
59492  4.299  -17.279  74.676 0.5000000000
51415  28.191  -24.585  71.009 0.3750000000
52598  27.491  -24.167  70.884 0.3750000000
135031  4.657  -17.781  74.262 0.5000000000
50312  29.935  -25.990  71.110 0.5000000000
51434  28.669  -25.139  70.396 0.3750000000
52612  27.167  -24.214  69.452 0.1250000000
58414  4.651  -18.137  73.247 0.5000000000
60681  4.720  -17.214  72.741 0.5000000000
59510  4.471  -17.930  72.375 0.5000000000
51453  28.565  -25.285  69.487 0.2500000000
51454  27.831  -24.907  69.044 0.1250000000
52641  27.135  -24.619  67.817 0.1250000000
57480  4.763  -19.304  72.827 0.6250000000
57481  4.324  -19.059  72.283 0.5000000000
59509  4.620  -17.298  71.855 0.5000000000
50340  30.225  -25.971  68.962 0.2500000000
51468  28.548  -25.490  68.561 0.2500000000
51483  27.375  -25.116  67.217 0.1250000000
52642  26.656  -24.327  67.166 0.1250000000
58421  4.256  -18.571  72.154 0.5000000000
128281  3.946  -18.199  71.574 0.5000000000
59519  3.907  -17.737  71.424 0.5000000000
51499  27.032  -25.240  66.038 0.1250000000
57483  3.958  -19.119  71.510 0.6250000000
133120  3.346  -18.082  70.953 0.5000000000
51467  30.631  -25.751  68.340 0.2500000000
51515  26.744  -25.126  65.524 0.1250000000
58427  3.727  -18.609  71.176 0.7500000000
58428  3.240  -18.619  70.553 0.7500000000
59520  3.198  -17.428  70.909 0.6250000000
146041  32.481  -22.543  67.956 0.5000000000
57502  2.588  -19.802  67.856 0.7500000000
57507  2.503  -19.627  66.430 0.6250000000
59579  2.705  -17.963  66.113 0.6250000000
59568  3.035  -17.358  66.469 0.6250000000
59578  3.089  -17.750  65.815 0.6250000000
59594  3.225  -18.222  65.192 0.5000000000
59577  3.673  -17.676  65.662 0.5000000000
50158  4.619  -25.888  79.291 0.7500000000
50181  3.569  -26.232  78.476 0.7500000000
50169  4.079  -25.922  78.693 0.7500000000
138527  2.956  -25.571  78.182 0.7500000000
51327  3.046  -25.169  78.617 0.7500000000
122199  2.639  -24.848  77.507 0.7500000000
52536  2.898  -24.661  76.642 0.7500000000
54673  4.200  -23.259  74.991 0.7500000000
58396  4.830  -18.299  75.691 0.5000000000
130199  3.969  -16.785  74.977 0.5000000000
123515  3.617  -15.924  75.361 0.5000000000
135890  5.764  -19.390  74.961 0.5000000000
57470  5.246  -18.599  74.985 0.5000000000
145149  4.784  -18.074  74.824 0.5000000000
143161  4.246  -16.910  74.392 0.5000000000
56579  6.468  -20.517  74.396 0.6250000000
57474  6.181  -19.821  74.153 0.5000000000
58405  4.858  -18.346  74.054 0.5000000000
60671  4.448  -16.770  73.775 0.5000000000
57475  5.235  -19.063  73.963 0.6250000000
57476  4.630  -18.732  73.081 0.5000000000
52625  27.187  -24.440  68.566 0.1250000000
57479  5.451  -19.618  73.355 0.6250000000
60680  5.220  -16.658  72.033 0.5000000000
51484  26.976  -25.057  66.617 0.1250000000
52655  26.451  -24.535  66.181 0.1250000000
60692  3.981  -16.875  71.222 0.5000000000
52667  26.086  -24.531  65.227 0.1250000000
127735  25.417  -23.659  65.298 0.1250000000
57484  3.570  -19.132  70.669 0.7500000000
141136  2.992  -18.260  70.543 0.7500000000
59529  2.807  -17.903  70.528 0.7500000000
60693  3.009  -16.580  70.741 0.6250000000
51528  26.856  -25.220  64.768 0.1250000000
52682  25.447  -24.013  64.573 0.1250000000
58432  2.731  -18.505  70.154 0.7500000000
124841  2.678  -17.241  70.389 0.7500000000
57493  2.579  -19.310  69.232 0.7500000000
58433  2.499  -18.633  69.584 0.7500000000
56608  2.779  -20.265  68.431 0.7500000000
58438  2.432  -18.859  68.907 0.7500000000
59540  2.425  -18.037  69.226 0.7500000000
57500  2.544  -19.638  68.658 0.7500000000
59552  2.469  -18.128  68.159 0.7500000000
60721  2.593  -16.148  68.120 0.6250000000
58445  2.453  -19.129  68.253 0.7500000000
60736  2.479  -16.965  67.887 0.7500000000
60749  2.769  -17.024  67.067 0.7500000000
142638  2.588  -19.523  67.094 0.7500000000
59569  2.747  -17.678  66.787 0.7500000000
60735  2.862  -16.281  67.468 0.6250000000
60748  3.314  -16.637  66.892 0.6250000000
60762  3.588  -17.171  66.338 0.3750000000
50157  5.154  -25.961  79.870 0.7500000000
135361  3.249  -24.624  79.025 0.7500000000
129284  2.846  -24.962  78.054 0.7500000000
53634  2.973  -23.584  78.566 0.7500000000
52527  2.647  -24.384  77.218 0.7500000000
53648  2.755  -23.652  77.505 0.7500000000
54657  2.860  -22.922  77.821 0.7500000000
54667  3.170  -23.516  76.649 0.7500000000
54662  2.946  -23.175  77.299 0.7500000000
135766  3.525  -19.813  78.289 0.5000000000
57458  3.820  -19.782  77.760 0.5000000000
57452  3.619  -18.979  78.196 0.5000000000
58380  3.456  -18.178  77.961 0.5000000000
54666  3.562  -23.153  76.271 0.7500000000
56569  3.630  -20.961  77.434 0.5000000000
58388  3.742  -18.644  77.594 0.5000000000
142306  3.357  -17.645  77.823 0.5000000000
54665  3.967  -22.821  75.919 0.7500000000
55635  4.144  -21.771  76.343 0.6250000000
55629  3.809  -21.301  76.934 0.5000000000
57457  4.127  -19.154  77.155 0.5000000000
58387  3.986  -18.260  76.892 0.5000000000
59470  3.591  -17.779  77.273 0.5000000000
127942  3.444  -17.217  77.406 0.5000000000
55641  4.486  -22.276  75.577 0.6250000000
126023  4.903  -21.216  75.937 0.6250000000
56568  4.639  -19.642  76.627 0.5000000000
58386  4.572  -18.689  76.482 0.5000000000
125561  3.906  -17.586  76.525 0.5000000000
60639  3.702  -16.513  75.651 0.5000000000
55640  5.283  -21.735  75.226 0.6250000000
56575  5.279  -20.234  76.102 0.6250000000
55634  5.856  -20.843  75.412 0.6250000000
57464  5.306  -19.193  75.885 0.5000000000
55633  6.467  -21.027  74.709 0.6250000000
61739  5.096  -15.566  73.530 0.5000000000
56580  6.204  -20.476  74.988 0.6250000000
60670  4.909  -16.421  73.028 0.5000000000
60691  5.042  -16.441  71.546 0.5000000000
61759  3.344  -15.832  70.784 0.5000000000
61767  2.850  -15.675  70.479 0.6250000000
142155  2.756  -14.964  70.285 0.6250000000
52701  25.555  -24.233  63.557 0.1250000000
60709  2.460  -17.122  69.566 0.6250000000
61786  2.539  -15.563  68.887 0.6250000000
60722  2.465  -16.563  68.754 0.6250000000
61808  3.448  -15.599  67.157 0.5000000000
54656  3.032  -22.317  77.661 0.6250000000
54661  3.271  -22.541  77.044 0.6250000000
126708  3.296  -21.632  77.525 0.5000000000
55630  3.486  -21.745  77.126 0.5000000000
60619  3.595  -16.655  76.763 0.5000000000
131397  3.641  -15.374  75.732 0.5000000000
61730  3.905  -15.575  74.981 0.5000000000
61740  4.368  -15.963  74.140 0.5000000000
61758  4.407  -15.894  71.027 0.5000000000
62759  2.969  -14.907  70.604 0.6250000000
61796  2.791  -15.398  67.875 0.5000000000
62830  33.741  -14.719  65.346 0.5000000000
62812  34.154  -13.969  66.107 0.6250000000
63836  32.912  -13.015  65.508 0.5000000000
63835  33.605  -13.055  66.015 0.5000000000
64823  33.440  -12.645  65.558 0.3750000000
64837  32.978  -12.516  64.966 0.3750000000
71592  47.148  -4.686  58.654 0.2500000000
64853  33.171  -12.423  63.987 0.5000000000
71586  46.462  -5.061  59.327 0.3750000000
72617  47.803  -4.306  58.318 0.3750000000
72658  45.187  -3.714  52.742 0.6250000000
72678  45.393  -2.937  51.753 0.6250000000
72680  44.224  -3.399  51.753 0.6250000000
64822  34.220  -12.452  66.020 0.8750000000
64836  33.975  -12.284  65.058 0.6250000000
140730  33.513  -12.380  64.563 0.6250000000
64852  34.310  -12.369  63.922 0.6250000000
64879  34.242  -12.154  61.991 0.5000000000
71559  43.270  -4.959  61.320 0.6250000000
65903  34.339  -11.529  60.616 0.5000000000
65904  33.588  -11.503  60.039 0.3750000000
72666  46.330  -3.205  52.682 0.6250000000
72667  45.742  -3.248  52.289 0.6250000000
73652  46.314  -2.934  52.259 0.6250000000
73653  45.824  -2.871  51.867 0.6250000000
72679  44.883  -3.036  51.652 0.5000000000
73667  43.817  -2.867  51.187 0.2500000000
129250  42.306  -2.426  50.398 0.1250000000
73688  41.828  -2.135  49.603 0.1250000000
126320  45.068  -2.595  51.193 0.5000000000
74606  41.351  -2.029  48.767 0.1250000000
72569  39.176  -4.337  63.119 0.6250000000
71529  41.198  -4.378  63.526 0.6250000000
71544  39.849  -4.681  62.465 0.7500000000
64878  35.022  -12.106  62.306 0.6250000000
65894  34.643  -11.833  61.251 0.5000000000
67831  35.783  -8.933  59.993 0.5000000000
66906  35.498  -9.509  59.804 0.5000000000
66900  35.314  -10.264  60.139 0.5000000000
125753  35.006  -10.847  60.335 0.5000000000
64891  33.989  -12.046  61.263 0.5000000000
66907  35.165  -9.529  59.306 0.5000000000
65911  34.872  -10.280  59.667 0.5000000000
65912  34.323  -10.875  59.874 0.5000000000
66913  35.494  -8.721  58.550 0.5000000000
73665  45.703  -2.342  51.193 0.6250000000
73666  44.529  -2.834  51.317 0.5000000000
73677  44.417  -2.234  50.634 0.3750000000
73678  43.318  -2.250  50.496 0.2500000000
73687  42.717  -1.828  49.716 0.2500000000
74605  42.163  -1.619  48.893 0.1250000000
73676  45.261  -1.956  50.544 0.3750000000
74598  43.807  -1.585  49.636 0.3750000000
74604  43.008  -1.402  48.980 0.2500000000
128849  41.128  -1.800  47.150 0.1250000000
74626  41.792  -1.370  47.112 0.1250000000
64864  35.345  -12.106  63.033 0.6250000000
67814  36.422  -9.070  60.994 0.5000000000
134476  36.788  -9.858  61.393 0.5000000000
65902  35.626  -10.710  60.845 0.5000000000
128526  35.117  -11.282  61.043 0.5000000000
66899  36.086  -9.771  60.790 0.5000000000
145957  35.779  -10.221  60.654 0.5000000000
125704  45.460  -1.445  49.896 0.3750000000
74602  45.914  -1.089  49.330 0.3750000000
74603  45.224  -1.205  49.338 0.3750000000
124472  44.553  -1.192  48.994 0.2500000000
74613  41.620  -1.625  47.996 0.1250000000
75526  46.081  -0.710  48.675 0.3750000000
75527  45.294  -0.847  48.599 0.3750000000
75535  44.385  -0.862  48.104 0.2500000000
74612  43.693  -1.187  48.514 0.2500000000
121430  42.631  -1.237  48.009 0.2500000000
76477  46.630  -0.332  48.357 0.2500000000
75533  45.810  -0.416  48.058 0.3750000000
75534  44.996  -0.503  47.745 0.2500000000
75536  43.480  -0.839  47.555 0.1250000000
144451  44.787  -0.185  47.069 0.1250000000
75547  44.207  -0.499  47.229 0.1250000000
75548  43.348  -0.620  46.410 0.1250000000
75537  42.560  -0.932  46.916 0.1250000000
76498  45.916  0.372  46.815 0.1250000000
121413  45.099  0.134  46.559 0.1250000000
76499  44.281  -0.244  46.281 0.1250000000
128850  42.405  -1.020  45.862 0.1250000000
78397  47.394  1.707  46.193 0.2500000000
77520  46.367  0.894  46.329 0.1250000000
76506  45.493  0.579  45.879 0.1250000000
77526  46.115  1.184  45.531 0.1250000000
66892  36.435  -10.504  61.416 0.6250000000
65892  35.757  -11.171  61.511 0.6250000000
65893  35.168  -11.807  61.650 0.5000000000
75525  47.213  -0.409  48.932 0.6250000000
140457  47.216  -0.051  48.417 0.7500000000
76485  46.961  0.203  47.813 0.2500000000
76484  47.505  0.443  48.172 0.6250000000
126301  46.274  0.048  47.582 0.2500000000
78392  48.305  1.715  47.439 0.8750000000
77513  47.303  0.763  47.379 0.2500000000
76497  46.683  0.550  47.088 0.2500000000
76486  45.482  -0.072  47.332 0.2500000000
135042  49.559  2.837  47.676 0.7500000000
125733  47.922  1.958  46.503 0.5000000000
77518  47.665  1.359  46.953 0.3750000000
77519  47.060  1.118  46.638 0.3750000000
77525  46.817  1.463  45.891 0.1250000000
42347  3.148  -34.678  76.196 0.6250000000
140698  3.084  -33.927  73.808 0.5000000000
49142  4.817  -26.872  79.853 0.7500000000
49152  4.612  -27.593  79.658 0.7500000000
42424  5.090  -34.322  70.915 0.3750000000
50211  2.789  -26.520  77.427 0.7500000000
130255  2.822  -25.897  76.584 0.7500000000
43389  4.854  -33.777  67.214 0.3750000000
51353  3.090  -25.345  76.330 0.7500000000
53662  3.472  -23.907  75.786 0.7500000000
56587  5.177  -19.992  72.446 0.6250000000
51414  28.825  -25.052  71.256 0.5000000000
50300  21.934  -25.182  71.874 0.3750000000
50325  30.472  -26.096  69.722 0.2500000000
57486  3.075  -19.169  70.050 0.7500000000
51466  31.335  -25.341  68.624 0.2500000000
62829  34.549  -14.914  65.680 0.6250000000
63824  34.337  -13.115  66.581 0.6250000000
68713  36.823  -8.616  61.591 0.6250000000
123861  35.597  -8.413  59.085 0.5000000000
125477  46.597  -0.762  49.048 0.3750000000
42361  2.930  -34.250  75.149 0.3750000000
42396  3.175  -34.408  73.184 0.3750000000
128898  4.034  -26.657  78.584 0.7500000000
51337  2.724  -25.603  77.582 0.7500000000
132551  3.187  -25.869  78.438 0.7500000000
51433  29.368  -25.512  70.720 0.2500000000
143230  29.832  -25.952  69.535 0.2500000000
38458  4.574  -38.760  74.218 0.2500000000
39393  7.040  -37.526  75.619 0.1250000000
40436  5.245  -36.068  70.774 0.3750000000
40377  3.851  -35.855  74.911 0.3750000000
145892  3.964  -36.176  74.423 0.3750000000
40371  3.746  -35.765  76.079 0.2500000000
39370  5.882  -36.206  77.051 0.2500000000
42443  4.877  -34.736  67.634 0.3750000000
39371  5.445  -35.932  77.117 0.2500000000
40362  4.000  -35.588  76.603 0.5000000000
131448  3.331  -35.416  74.690 0.3750000000
41342  5.305  -34.572  78.454 0.3750000000
131244  9.415  -31.080  76.698 0.2500000000
51435  27.880  -24.572  70.077 0.3750000000
58454  2.588  -18.403  66.715 0.6250000000
49135  5.163  -27.090  80.449 0.7500000000
53663  3.217  -24.260  76.255 0.7500000000
58397  4.304  -17.902  76.140 0.5000000000
59500  4.590  -17.459  73.669 0.5000000000
123729  29.396  -25.769  68.930 0.2500000000
51469  27.787  -25.199  68.046 0.1250000000
128322  28.197  -25.592  67.172 0.1250000000
51326  3.512  -25.306  78.777 0.7500000000
52515  2.950  -24.452  78.579 0.7500000000
52521  2.729  -24.167  77.887 0.7500000000
53655  2.799  -23.925  76.948 0.7500000000
60656  3.933  -16.311  74.756 0.5000000000
56574  5.880  -19.998  75.448 0.5000000000
135727  2.434  -17.363  68.721 0.7500000000
59561  2.579  -18.118  67.292 0.7500000000
53640  2.799  -23.402  77.981 0.7500000000
55636  3.634  -22.225  76.641 0.7500000000
126845  4.009  -20.251  77.124 0.5000000000
56576  4.428  -20.712  76.585 0.5000000000
59469  3.711  -17.110  76.539 0.5000000000
61775  2.596  -15.581  69.894 0.6250000000
132298  2.495  -16.249  69.467 0.6250000000
55625  3.123  -21.429  78.097 0.5000000000
62813  33.381  -13.685  65.632 0.5000000000
64865  34.270  -12.357  62.978 0.5000000000
72668  44.893  -3.450  52.132 0.6250000000
74597  44.796  -1.531  49.885 0.3750000000
77508  48.133  0.647  48.714 0.7500000000
77512  47.865  1.042  47.835 0.6250000000
123766  49.557  2.167  48.561 0.6250000000
78391  48.915  2.295  47.575 0.7500000000
78396  48.478  2.311  46.727 0.5000000000
78395  49.049  2.722  46.854 0.6250000000
44165  8.668  -32.488  76.447 0.1250000000
45071  9.899  -30.917  76.248 0.1250000000
126586  9.574  -31.466  75.918 0.1250000000
135166  8.930  -31.983  75.924 0.1250000000
45076  10.084  -30.945  75.602 0.1250000000
43306  8.990  -32.725  74.945 0.1250000000
47044  11.030  -28.977  75.489 0.1250000000
45998  10.549  -30.385  75.324 0.1250000000
48174  11.495  -27.855  75.125 0.2500000000
45997  10.989  -29.793  75.006 0.1250000000
47045  10.755  -29.789  75.866 0.1250000000
45991  10.254  -30.404  76.102 0.1250000000
135465  4.125  -24.463  79.631 0.6250000000
135169  3.699  -24.520  79.311 0.6250000000
52514  3.151  -24.067  79.018 0.6250000000
53633  3.283  -23.443  79.247 0.6250000000
51290  5.362  -25.281  80.696 0.6250000000
51301  5.024  -25.121  80.261 0.6250000000
58365  11.079  -18.867  77.848 0.2500000000
58366  10.303  -18.972  78.163 0.2500000000
57446  9.574  -19.228  78.595 0.2500000000
52497  4.426  -24.325  80.181 0.6250000000
58367  9.067  -18.584  78.258 0.2500000000
53618  3.895  -23.336  80.140 0.6250000000
58385  10.954  -18.315  76.592 0.2500000000
58379  9.703  -18.720  78.002 0.2500000000
59468  10.337  -18.024  76.683 0.2500000000
59456  9.744  -17.739  77.163 0.2500000000
59457  9.393  -18.229  77.698 0.2500000000
124697  3.670  -22.859  79.936 0.6250000000
54643  3.381  -22.753  79.545 0.6250000000
146618  8.870  -17.903  78.105 0.2500000000
54644  3.141  -22.734  78.941 0.6250000000
122010  2.934  -21.976  78.732 0.5000000000
143751  10.669  -17.110  76.152 0.2500000000
60618  10.244  -17.102  76.679 0.2500000000
55626  2.950  -22.124  78.224 0.5000000000
54722  33.234  -21.810  67.061 0.3750000000
53755  32.597  -21.880  66.537 0.2500000000
126611  11.916  -19.641  79.893 0.2500000000
57426  11.054  -20.104  80.523 0.2500000000
57415  10.685  -20.376  81.094 0.2500000000
57416  10.004  -20.774  81.523 0.5000000000
49134  5.633  -27.136  80.663 0.6250000000
135385  11.042  -19.031  78.541 0.2500000000
58355  11.485  -19.348  79.168 0.2500000000
58346  11.000  -19.829  79.746 0.2500000000
57427  10.225  -20.138  80.203 0.2500000000
123520  9.617  -20.395  80.814 0.5000000000
57417  9.063  -20.658  81.467 0.5000000000
50150  5.474  -26.129  80.392 0.6250000000
58364  11.941  -18.774  77.490 0.2500000000
126105  11.983  -19.019  78.543 0.2500000000
58356  10.525  -19.416  78.864 0.2500000000
57438  9.898  -19.780  79.343 0.2500000000
52474  4.909  -23.899  81.347 0.6250000000
58377  11.182  -18.664  77.096 0.2500000000
122238  8.670  -20.133  80.800 0.5000000000
145854  5.099  -22.380  82.105 0.5000000000
54615  4.686  -22.408  81.476 0.6250000000
52486  4.473  -24.010  80.799 0.6250000000
58376  11.786  -18.516  76.597 0.2500000000
58357  8.657  -18.867  78.874 0.2500000000
57429  8.201  -19.556  80.212 0.5000000000
57430  7.852  -19.625  80.979 0.5000000000
134624  5.484  -19.537  82.463 0.5000000000
55573  5.223  -20.868  82.386 0.5000000000
53606  4.482  -23.297  81.173 0.6250000000
59467  11.482  -18.037  75.940 0.2500000000
57440  8.471  -19.329  79.488 0.3750000000
58330  6.754  -18.836  81.776 0.5000000000
58331  6.362  -18.954  82.135 0.5000000000
57403  5.759  -18.965  82.395 0.5000000000
57390  4.973  -19.346  82.398 0.3750000000
55583  4.791  -20.425  82.008 0.5000000000
54616  4.264  -22.491  80.741 0.6250000000
59484  12.008  -17.569  75.345 0.1250000000
135067  10.764  -17.705  76.209 0.2500000000
144228  8.202  -18.779  79.326 0.2500000000
58347  7.824  -18.639  79.863 0.5000000000
58337  7.201  -18.846  81.180 0.5000000000
58321  5.878  -18.526  82.255 0.5000000000
57388  5.465  -18.898  82.439 0.3750000000
56523  4.477  -19.725  81.810 0.3750000000
55592  4.218  -20.633  80.737 0.3750000000
132280  3.785  -21.624  79.957 0.3750000000
60638  11.720  -16.614  75.231 0.1250000000
60617  11.129  -17.115  75.679 0.1250000000
59437  8.489  -17.969  78.639 0.2500000000
58322  5.450  -18.340  82.383 0.3750000000
57389  4.988  -18.790  82.463 0.3750000000
57405  4.075  -19.056  81.676 0.3750000000
55609  3.530  -20.946  79.837 0.3750000000
54636  3.134  -21.952  79.259 0.5000000000
60605  9.177  -17.340  77.810 0.1250000000
59436  8.749  -17.032  78.584 0.2500000000
58332  3.704  -18.453  81.609 0.3750000000
57411  3.629  -19.086  81.176 0.3750000000
55622  2.973  -21.252  78.648 0.3750000000
61701  11.196  -15.989  75.826 0.1250000000
61702  10.668  -16.380  76.301 0.1250000000
60604  9.695  -16.657  77.479 0.1250000000
59381  16.623  -18.385  83.556 0.2500000000
59383  15.648  -18.349  82.868 0.2500000000
58317  15.026  -18.786  82.857 0.2500000000
58310  14.189  -19.723  83.263 0.2500000000
58296  17.820  -18.877  83.605 0.2500000000
59394  14.615  -18.771  82.417 0.2500000000
58311  13.515  -19.809  82.977 0.2500000000
57383  13.550  -19.978  83.147 0.2500000000
57384  13.171  -20.051  82.909 0.3750000000
57385  12.495  -20.586  82.817 0.3750000000
124633  11.713  -21.883  82.969 0.5000000000
55558  11.280  -22.217  82.955 0.5000000000
58327  13.798  -19.087  82.208 0.2500000000
58320  12.679  -19.921  82.339 0.2500000000
57397  12.585  -20.227  82.601 0.2500000000
129781  12.015  -20.558  82.469 0.3750000000
57386  11.265  -21.039  82.371 0.5000000000
146868  10.987  -22.404  82.982 0.5000000000
127510  9.341  -22.856  82.978 0.5000000000
54588  8.273  -23.234  83.949 0.5000000000
51273  7.866  -24.914  83.448 0.6250000000
50142  7.377  -26.281  81.980 0.6250000000
144838  14.452  -18.528  79.970 0.2500000000
59406  13.618  -19.071  81.574 0.2500000000
58328  12.955  -19.499  81.929 0.2500000000
58336  12.231  -19.738  81.356 0.2500000000
57398  12.031  -20.190  82.003 0.2500000000
57409  11.177  -20.511  81.905 0.2500000000
56503  10.233  -21.902  82.540 0.5000000000
56494  8.979  -22.500  82.937 0.5000000000
55560  8.154  -22.827  83.766 0.5000000000
145136  8.045  -23.361  83.998 0.5000000000
52458  7.514  -23.865  83.779 0.6250000000
131055  7.465  -24.492  83.423 0.6250000000
136029  7.238  -25.504  82.426 0.6250000000
49127  6.956  -26.832  81.498 0.6250000000
59424  14.024  -18.679  79.479 0.2500000000
59425  13.358  -19.174  79.938 0.2500000000
58344  12.616  -19.470  80.506 0.2500000000
57408  11.551  -20.187  81.721 0.2500000000
56519  10.420  -21.468  82.297 0.5000000000
56504  9.430  -21.806  82.614 0.5000000000
56505  8.665  -22.019  82.981 0.5000000000
146973  8.090  -22.459  83.517 0.5000000000
54589  7.928  -22.957  83.915 0.5000000000
53584  7.142  -23.353  83.668 0.6250000000
52462  7.013  -24.706  82.800 0.6250000000
51280  6.826  -25.178  82.216 0.6250000000
50146  6.393  -26.086  81.331 0.6250000000
59435  13.121  -19.022  79.040 0.2500000000
58345  11.757  -19.824  80.556 0.2500000000
130791  10.797  -20.573  81.764 0.3750000000
126505  9.444  -21.411  82.348 0.5000000000
55569  7.776  -22.073  83.315 0.5000000000
55561  7.649  -22.485  83.572 0.5000000000
54594  6.731  -22.729  83.419 0.6250000000
52463  6.540  -23.978  82.766 0.6250000000
51281  6.423  -25.266  81.680 0.6250000000
51289  5.883  -25.318  81.116 0.6250000000
59446  13.719  -18.360  77.991 0.2500000000
59447  12.900  -18.688  78.151 0.2500000000
56528  9.482  -21.054  81.969 0.5000000000
56520  8.486  -21.535  82.728 0.5000000000
146993  8.180  -21.738  82.995 0.5000000000
56521  7.614  -21.275  82.846 0.5000000000
55570  7.116  -21.744  83.201 0.5000000000
126473  6.317  -22.032  83.226 0.5000000000
53588  6.051  -23.366  82.730 0.6250000000
52473  5.619  -24.071  81.751 0.6250000000
59455  13.015  -18.389  77.069 0.2500000000
56506  7.312  -21.437  83.040 0.5000000000
56507  6.551  -20.853  82.841 0.5000000000
54595  5.986  -22.517  83.105 0.5000000000
59466  12.436  -18.162  75.949 0.2500000000
56529  8.532  -20.964  82.150 0.5000000000
57401  6.963  -20.224  82.416 0.5000000000
56508  5.984  -20.311  82.632 0.5000000000
55572  5.790  -21.461  82.882 0.5000000000
57418  8.168  -20.281  81.518 0.5000000000
139870  7.362  -19.653  81.591 0.5000000000
57387  5.919  -19.776  82.514 0.5000000000
56509  5.546  -20.341  82.531 0.5000000000
60637  12.451  -17.024  74.874 0.1250000000
124094  7.025  -19.605  82.005 0.5000000000
57402  6.215  -19.468  82.362 0.5000000000
59407  6.642  -17.832  81.300 0.3750000000
140055  6.282  -18.186  81.850 0.3750000000
51329  32.597  -24.341  77.641 0.5000000000
50196  32.292  -25.794  77.385 0.5000000000
59426  7.671  -17.302  79.928 0.3750000000
58312  5.106  -18.257  82.464 0.3750000000
58313  4.759  -18.208  82.426 0.3750000000
57431  3.080  -19.411  80.288 0.3750000000
56542  3.155  -20.160  79.813 0.3750000000
53635  33.477  -22.507  76.847 0.5000000000
52523  33.632  -23.366  76.572 0.6250000000
61715  12.063  -15.987  74.815 0.1250000000
60583  8.265  -17.093  79.242 0.3750000000
59408  6.125  -17.301  81.641 0.3750000000
59396  5.423  -17.635  82.260 0.3750000000
58324  4.322  -17.847  82.276 0.3750000000
131082  3.308  -18.449  81.227 0.3750000000
57432  2.886  -19.407  79.791 0.3750000000
54651  34.551  -22.069  75.656 0.3750000000
54652  34.025  -22.341  76.215 0.3750000000
51338  33.525  -24.006  76.401 0.6250000000
61728  12.557  -15.776  74.130 0.1250000000
61700  11.651  -15.715  75.490 0.1250000000
60573  8.100  -16.313  79.787 0.2500000000
130078  7.045  -16.916  80.694 0.3750000000
60551  6.575  -16.562  81.193 0.3750000000
56550  2.922  -20.321  78.992 0.3750000000
53650  34.455  -22.870  75.770 0.6250000000
51355  33.790  -24.322  75.248 0.6250000000
62728  12.314  -14.979  74.699 0.1250000000
62719  11.434  -15.050  76.154 0.1250000000
124842  10.886  -15.310  76.664 0.1250000000
61688  10.284  -15.759  77.249 0.1250000000
60593  9.855  -15.687  77.961 0.1250000000
60594  9.295  -16.118  78.379 0.1250000000
56562  3.454  -20.705  77.959 0.3750000000
146737  35.473  -20.932  74.894 0.6250000000
54659  34.962  -22.184  75.165 0.6250000000
52537  34.870  -22.806  74.974 0.5000000000
51354  34.110  -24.027  74.868 0.6250000000
62718  11.866  -14.998  75.501 0.1250000000
55632  35.892  -20.874  74.375 0.6250000000
54658  35.305  -21.573  74.754 0.6250000000
53657  35.047  -22.375  74.899 0.5000000000
54669  36.157  -21.384  73.941 0.5000000000
53656  35.530  -22.167  74.343 0.5000000000
56571  36.665  -20.482  73.983 0.5000000000
54668  36.760  -21.012  73.676 0.6250000000
59373  17.411  -18.654  83.667 0.2500000000
59391  16.744  -17.923  83.133 0.2500000000
59392  16.252  -17.943  82.782 0.2500000000
59403  15.784  -18.050  82.325 0.2500000000
58306  18.682  -18.497  83.404 0.2500000000
60535  17.429  -17.670  82.955 0.2500000000
60536  16.916  -17.661  82.624 0.2500000000
60537  16.457  -17.698  82.211 0.2500000000
59393  15.250  -18.478  82.546 0.2500000000
59404  15.122  -18.425  82.055 0.2500000000
60549  16.160  -17.760  81.812 0.2500000000
59405  14.356  -18.702  81.836 0.2500000000
128740  14.828  -18.303  79.618 0.2500000000
59423  14.835  -18.380  80.446 0.2500000000
60582  15.406  -17.908  79.099 0.2500000000
59433  14.500  -18.289  78.695 0.2500000000
60592  15.222  -17.837  78.225 0.2500000000
59434  13.661  -18.590  78.693 0.2500000000
59445  14.421  -18.091  77.758 0.2500000000
59454  14.042  -18.024  76.990 0.2500000000
143548  13.814  -18.217  77.448 0.2500000000
59465  13.427  -18.056  76.081 0.2500000000
59482  13.816  -17.791  75.399 0.2500000000
50170  30.871  -25.643  78.497 0.5000000000
145542  13.836  -17.114  74.281 0.1250000000
60636  13.347  -17.256  74.654 0.2500000000
59483  12.927  -17.730  75.290 0.2500000000
51317  31.550  -24.508  78.663 0.6250000000
60654  13.281  -16.508  73.971 0.1250000000
53628  32.616  -23.117  78.688 0.5000000000
51330  31.892  -24.909  77.900 0.5000000000
60655  12.680  -16.570  74.408 0.1250000000
58339  2.557  -17.905  80.369 0.3750000000
58349  2.749  -18.546  79.755 0.3750000000
54637  33.058  -22.117  78.384 0.3750000000
53627  33.073  -22.560  78.207 0.3750000000
59397  4.842  -17.100  82.383 0.3750000000
59398  4.336  -17.071  82.439 0.3750000000
58338  2.847  -18.069  80.938 0.3750000000
56557  33.852  -20.861  76.172 0.3750000000
55618  33.262  -21.320  77.524 0.3750000000
61727  13.014  -15.680  73.608 0.1250000000
60572  8.666  -15.892  79.283 0.2500000000
60560  7.633  -16.019  80.342 0.2500000000
60538  5.656  -16.962  81.928 0.3750000000
57448  3.032  -19.485  78.980 0.3750000000
55623  33.974  -21.852  76.178 0.3750000000
56564  34.652  -20.835  75.293 0.3750000000
55628  34.414  -21.448  75.688 0.3750000000
61687  10.677  -14.806  77.460 0.1250000000
56572  35.487  -20.600  74.638 0.3750000000
55637  36.995  -20.531  73.746 0.5000000000
58305  19.718  -18.531  83.334 0.2500000000
126965  18.607  -17.919  83.184 0.2500000000
60527  18.464  -17.668  82.945 0.2500000000
61613  17.318  -17.411  81.225 0.2500000000
60557  16.722  -17.581  81.526 0.2500000000
60558  16.291  -17.749  81.165 0.2500000000
60550  15.675  -18.046  81.618 0.2500000000
122623  17.431  -17.265  80.732 0.2500000000
61639  17.211  -17.249  80.217 0.2500000000
60570  16.391  -17.591  80.306 0.2500000000
60559  15.670  -18.061  80.811 0.2500000000
59413  14.979  -18.382  81.328 0.2500000000
61656  17.259  -17.063  79.492 0.2500000000
60581  16.135  -17.526  79.426 0.2500000000
61657  16.701  -17.175  78.835 0.2500000000
60591  15.934  -17.500  78.656 0.2500000000
61671  16.536  -17.101  77.894 0.2500000000
141102  15.819  -17.476  77.938 0.2500000000
60603  14.996  -17.688  77.287 0.2500000000
60602  15.829  -17.347  77.249 0.2500000000
59464  14.372  -17.832  76.374 0.2500000000
60615  15.949  -17.288  76.559 0.2500000000
122386  15.409  -17.584  75.604 0.2500000000
60616  15.170  -17.569  76.556 0.2500000000
60653  15.303  -17.362  74.430 0.1250000000
139137  14.604  -17.807  75.728 0.2500000000
60652  16.221  -17.060  74.365 0.1250000000
60635  14.365  -17.621  74.764 0.1250000000
143517  14.912  -16.907  73.784 0.1250000000
52499  32.115  -23.365  78.893 0.5000000000
60669  15.492  -16.783  73.580 0.1250000000
136644  14.276  -16.875  73.922 0.1250000000
141150  14.545  -16.424  73.296 0.1250000000
140102  13.670  -16.043  73.359 0.1250000000
60540  4.637  -16.341  82.469 0.3750000000
59409  3.509  -17.231  81.828 0.3750000000
133113  2.938  -18.836  79.239 0.3750000000
61736  15.041  -16.232  72.723 0.1250000000
128122  14.118  -15.608  72.636 0.1250000000
60561  7.157  -15.693  80.919 0.2500000000
60552  6.171  -16.066  81.541 0.2500000000
60539  5.180  -16.612  82.258 0.3750000000
130641  3.094  -18.651  78.929 0.3750000000
62736  12.835  -14.876  73.814 0.1250000000
62727  12.744  -14.024  74.678 0.1250000000
61658  9.360  -15.131  79.091 0.1250000000
58368  3.314  -18.431  78.489 0.3750000000
58392  34.626  -19.002  74.587 0.2500000000
57461  34.376  -19.731  75.144 0.2500000000
62742  13.411  -14.502  73.213 0.1250000000
61672  10.197  -14.851  78.102 0.1250000000
58391  35.460  -19.011  74.120 0.2500000000
131320  34.931  -20.238  74.880 0.3750000000
126101  36.307  -19.117  73.843 0.2500000000
139455  36.222  -20.391  74.218 0.3750000000
57459  37.456  -19.815  73.668 0.3750000000
135013  36.829  -19.930  73.907 0.3750000000
57466  37.732  -19.796  73.479 0.3750000000
56578  37.611  -20.117  73.475 0.3750000000
134109  20.150  -18.097  83.211 0.1250000000
60533  18.974  -17.521  82.500 0.2500000000
60534  18.225  -17.557  82.627 0.2500000000
61626  17.855  -17.192  80.981 0.2500000000
61638  17.787  -16.966  80.448 0.2500000000
61637  18.393  -16.808  80.758 0.2500000000
61670  17.362  -16.869  78.908 0.2500000000
128994  17.647  -16.891  79.917 0.2500000000
129514  18.323  -16.599  79.945 0.2500000000
61669  17.806  -16.575  78.633 0.2500000000
125744  17.249  -16.758  78.264 0.2500000000
61686  16.552  -16.992  77.082 0.2500000000
61685  17.200  -16.676  77.488 0.2500000000
61699  16.541  -16.964  76.460 0.2500000000
61698  17.202  -16.630  76.659 0.2500000000
60634  16.152  -17.295  75.218 0.2500000000
143411  16.177  -17.192  75.979 0.2500000000
61714  16.813  -16.810  75.819 0.2500000000
60633  16.747  -16.940  75.003 0.1250000000
62671  4.267  -15.172  82.431 0.2500000000
61618  3.904  -15.436  82.277 0.2500000000
61605  4.368  -15.710  82.531 0.2500000000
61606  3.973  -15.813  82.446 0.3750000000
62678  3.651  -15.423  81.731 0.2500000000
60575  2.653  -16.520  80.179 0.3750000000
60668  16.476  -16.735  73.580 0.1250000000
61603  5.587  -15.943  81.944 0.2500000000
60541  4.168  -16.382  82.520 0.3750000000
60553  3.284  -16.695  81.608 0.3750000000
60584  2.709  -16.610  79.657 0.3750000000
137466  11.724  -14.177  76.260 0.1250000000
62711  11.717  -13.493  77.000 0.1250000000
62712  11.272  -14.347  77.100 0.1250000000
61642  8.298  -15.319  80.152 0.2500000000
140368  6.787  -15.542  81.253 0.2500000000
126086  2.520  -17.601  79.906 0.3750000000
59449  2.895  -17.455  79.058 0.3750000000
59448  3.068  -17.366  78.644 0.3750000000
63742  12.195  -14.101  75.484 0.1250000000
61673  9.713  -15.222  78.479 0.1250000000
58369  3.087  -17.926  78.767 0.3750000000
59475  35.020  -18.063  74.196 0.2500000000
63757  13.322  -13.721  73.850 0.1250000000
59474  35.837  -18.053  73.844 0.2500000000
58390  37.116  -19.225  73.698 0.3750000000
145742  37.427  -18.982  73.564 0.3750000000
59378  19.402  -17.987  83.173 0.2500000000
61601  18.847  -17.416  82.122 0.2500000000
61600  19.439  -17.346  82.049 0.2500000000
61610  19.199  -17.154  81.653 0.2500000000
61625  18.491  -17.161  81.389 0.2500000000
61655  17.753  -16.727  79.342 0.2500000000
65636  12.566  -10.875  82.553 0.1250000000
66681  12.564  -10.799  83.199 0.1250000000
65631  12.073  -11.344  83.641 0.1250000000
65637  11.642  -11.845  83.017 0.1250000000
65639  12.711  -10.721  81.848 0.1250000000
141786  12.298  -11.184  82.152 0.1250000000
133939  12.186  -11.339  82.827 0.1250000000
65643  12.763  -10.689  80.931 0.1250000000
64665  11.736  -11.687  82.058 0.1250000000
64666  11.203  -12.268  82.348 0.1250000000
126213  12.890  -10.826  80.024 0.1250000000
65655  13.226  -11.098  78.367 0.1250000000
129837  13.074  -11.002  79.175 0.1250000000
65644  12.340  -11.404  80.429 0.1250000000
64670  11.654  -11.966  80.923 0.1250000000
142056  11.291  -12.257  81.613 0.1250000000
130494  17.519  -16.519  76.008 0.2500000000
65648  12.478  -11.515  79.491 0.1250000000
64671  11.051  -12.610  80.983 0.1250000000
61726  17.489  -16.623  75.211 0.1250000000
65666  13.342  -11.196  77.559 0.1250000000
64681  12.039  -12.142  78.875 0.1250000000
63706  11.468  -12.695  79.221 0.1250000000
139786  5.637  -13.973  82.133 0.1250000000
62676  4.466  -14.693  82.224 0.2500000000
61713  17.991  -16.404  75.766 0.1250000000
64697  13.462  -11.365  76.747 0.1250000000
64691  12.273  -12.301  77.925 0.1250000000
63715  11.645  -12.805  78.310 0.1250000000
61602  6.585  -14.409  81.818 0.1250000000
125336  5.757  -14.968  81.953 0.1250000000
128182  4.631  -15.143  82.417 0.2500000000
62677  4.039  -14.964  82.184 0.2500000000
64698  12.761  -11.960  77.143 0.1250000000
126822  11.778  -12.943  77.569 0.1250000000
62703  11.403  -13.523  77.793 0.1250000000
62687  9.176  -14.163  80.661 0.1250000000
61627  8.586  -14.495  80.706 0.1250000000
61614  8.264  -14.202  81.342 0.1250000000
61604  5.004  -15.637  82.337 0.2500000000
61643  3.059  -16.034  80.412 0.2500000000
64707  13.032  -11.982  76.250 0.1250000000
63724  12.507  -12.533  76.551 0.1250000000
137823  10.793  -14.105  78.099 0.1250000000
62704  10.218  -14.201  78.623 0.1250000000
126044  9.782  -14.579  78.813 0.1250000000
127264  8.988  -14.699  79.929 0.1250000000
61628  7.836  -14.946  80.764 0.1250000000
61617  6.140  -15.257  81.700 0.1250000000
61659  3.006  -16.144  79.540 0.3750000000
64718  13.038  -12.393  75.473 0.1250000000
63733  12.178  -13.283  76.274 0.1250000000
60595  3.013  -16.452  79.164 0.3750000000
63741  12.604  -13.252  75.443 0.1250000000
60606  3.104  -16.845  78.599 0.3750000000
125888  3.246  -17.788  78.289 0.3750000000
59458  3.228  -17.281  78.098 0.3750000000
129388  34.526  -17.118  74.397 0.2500000000
124241  36.143  -16.889  73.804 0.2500000000
59472  37.068  -18.419  73.590 0.2500000000
59471  37.289  -17.620  73.522 0.2500000000
58398  38.442  -18.299  73.093 0.2500000000
59388  21.273  -17.734  82.874 0.1250000000
60532  20.323  -17.387  82.342 0.2500000000
67628  11.679  -9.411  85.259 0.1250000000
67629  10.774  -9.387  85.019 0.1250000000
68545  10.123  -9.124  84.392 0.1250000000
67630  9.508  -9.797  83.918 0.1250000000
59377  20.725  -17.963  83.109 0.2500000000
60525  20.021  -17.663  82.860 0.2500000000
143232  20.033  -17.263  81.962 0.2500000000
67627  12.434  -9.403  85.116 0.1250000000
143062  11.289  -9.988  85.052 0.1250000000
133331  10.670  -10.299  84.724 0.1250000000
123795  10.044  -9.969  84.452 0.1250000000
67631  8.961  -10.427  83.417 0.1250000000
133314  19.783  -16.866  81.355 0.2500000000
66669  12.647  -9.979  84.398 0.1250000000
66670  12.070  -10.733  84.277 0.1250000000
66671  11.392  -10.637  84.597 0.1250000000
66672  10.037  -10.671  84.409 0.1250000000
66673  9.367  -10.606  83.912 0.1250000000
61624  19.094  -16.767  81.104 0.2500000000
66675  12.965  -10.184  83.553 0.1250000000
66676  12.475  -10.629  83.837 0.1250000000
65626  11.521  -11.411  84.139 0.1250000000
65627  10.626  -11.194  84.330 0.1250000000
65628  9.661  -11.232  84.047 0.1250000000
66674  8.628  -10.964  83.407 0.1250000000
67636  8.024  -10.869  82.770 0.1250000000
143769  18.214  -16.522  79.096 0.2500000000
141421  18.950  -16.571  80.555 0.2500000000
64657  10.048  -11.803  83.819 0.1250000000
64658  9.176  -11.769  83.581 0.1250000000
65629  8.885  -11.284  83.586 0.1250000000
140322  8.075  -11.197  83.081 0.1250000000
66677  8.430  -10.802  83.144 0.1250000000
61654  18.864  -16.405  79.171 0.2500000000
64667  11.007  -12.295  83.159 0.1250000000
65633  10.918  -11.919  83.855 0.1250000000
64661  9.449  -12.247  83.316 0.1250000000
65630  8.221  -11.497  83.269 0.1250000000
66678  7.633  -11.342  82.678 0.1250000000
61684  17.898  -16.395  77.812 0.2500000000
123303  18.444  -16.356  78.425 0.2500000000
63684  10.325  -12.550  82.829 0.1250000000
64663  7.820  -12.025  83.158 0.1250000000
122352  18.207  -16.217  77.166 0.2500000000
135237  9.926  -12.964  82.336 0.1250000000
63685  9.682  -12.625  82.850 0.1250000000
63686  8.893  -12.704  82.868 0.1250000000
63687  7.527  -12.586  82.853 0.1250000000
132466  7.303  -12.233  82.796 0.1250000000
65635  6.806  -12.534  82.424 0.1250000000
124919  17.723  -16.399  77.131 0.2500000000
63695  10.802  -12.645  81.671 0.1250000000
63696  10.181  -13.164  81.597 0.1250000000
63692  8.429  -13.227  82.399 0.1250000000
137214  8.115  -12.801  82.858 0.1250000000
144793  6.405  -12.986  82.311 0.1250000000
136469  6.175  -12.953  82.169 0.2500000000
61697  18.007  -16.301  76.499 0.2500000000
64675  11.279  -12.617  80.161 0.1250000000
62672  9.434  -13.438  81.769 0.1250000000
62673  8.697  -13.587  81.846 0.1250000000
62666  7.791  -13.402  82.331 0.1250000000
139737  7.537  -13.083  82.610 0.1250000000
135043  6.327  -13.319  82.246 0.1250000000
63697  4.678  -13.777  81.624 0.2500000000
61712  18.602  -16.297  75.917 0.2500000000
125866  10.911  -13.202  79.559 0.1250000000
63699  10.693  -13.063  80.401 0.1250000000
63700  10.148  -13.398  80.702 0.1250000000
62679  9.597  -13.684  81.046 0.1250000000
62668  6.254  -13.936  82.094 0.1250000000
62670  4.889  -14.503  82.235 0.1250000000
63693  4.891  -14.092  82.077 0.2500000000
125326  3.808  -14.815  81.528 0.2500000000
63716  11.150  -13.380  78.666 0.1250000000
62685  10.249  -13.509  79.825 0.1250000000
62680  8.977  -13.941  81.270 0.1250000000
62674  7.998  -13.796  81.856 0.1250000000
62681  3.564  -14.794  80.795 0.2500000000
62695  10.488  -13.679  78.976 0.1250000000
62696  9.894  -13.975  79.259 0.1250000000
62686  9.620  -13.942  80.134 0.1250000000
61615  7.444  -14.652  81.331 0.1250000000
62675  7.333  -14.069  81.816 0.1250000000
125700  3.115  -15.808  79.896 0.3750000000
62698  3.193  -15.604  79.444 0.3750000000
60620  3.320  -16.675  77.793 0.3750000000
125515  35.472  -16.965  74.077 0.2500000000
60623  35.840  -15.844  74.162 0.2500000000
61747  5.520  -15.885  72.433 0.3750000000
60622  36.674  -17.348  73.643 0.2500000000
60621  37.068  -16.509  73.715 0.2500000000
61756  6.175  -15.293  71.641 0.3750000000
137828  6.089  -15.531  72.033 0.3750000000
59486  38.441  -17.444  73.164 0.2500000000
60679  5.626  -15.873  71.787 0.3750000000
59502  39.676  -17.621  71.711 0.2500000000
61757  5.389  -15.488  71.210 0.3750000000
61609  20.281  -17.040  81.563 0.2500000000
61623  20.444  -16.765  81.131 0.2500000000
61636  19.761  -16.573  80.723 0.2500000000
129516  20.125  -16.455  79.978 0.2500000000
129515  19.276  -16.451  79.977 0.2500000000
143485  20.403  -16.354  79.350 0.2500000000
61653  19.708  -16.352  79.248 0.2500000000
63690  10.582  -12.650  82.351 0.1250000000
65634  7.156  -11.902  82.541 0.1250000000
61667  20.053  -16.120  77.958 0.2500000000
129513  20.215  -16.243  78.662 0.2500000000
61668  19.342  -16.203  78.331 0.2500000000
65638  6.621  -12.399  82.159 0.2500000000
65642  6.448  -12.281  81.667 0.2500000000
61683  18.671  -16.174  77.620 0.2500000000
64668  5.948  -12.829  81.833 0.2500000000
61696  18.802  -16.119  76.761 0.2500000000
64673  5.221  -13.258  81.446 0.2500000000
63698  3.989  -14.104  81.278 0.2500000000
62688  3.367  -14.965  79.980 0.2500000000
140445  3.244  -15.433  78.977 0.3750000000
132857  3.199  -16.258  78.554 0.3750000000
61689  3.397  -15.909  77.775 0.3750000000
63760  6.249  -14.042  73.337 0.3750000000
61703  3.566  -16.178  77.063 0.3750000000
60624  35.067  -16.022  74.382 0.1250000000
63766  7.081  -14.141  72.565 0.3750000000
62744  5.276  -14.886  74.055 0.3750000000
134187  3.552  -16.015  76.152 0.3750000000
61705  36.172  -14.863  74.348 0.1250000000
61720  36.622  -14.711  74.255 0.2500000000
62750  7.347  -14.206  71.907 0.3750000000
61746  6.621  -15.098  72.027 0.3750000000
62743  6.651  -14.597  72.437 0.3750000000
61704  36.907  -15.424  74.037 0.2500000000
60640  38.771  -16.715  73.045 0.2500000000
62755  6.780  -14.670  71.564 0.3750000000
61717  39.103  -16.003  72.869 0.2500000000
62756  6.018  -14.797  70.996 0.3750000000
59387  22.023  -17.944  82.922 0.2500000000
60531  20.991  -17.373  82.334 0.2500000000
60545  21.346  -17.170  81.790 0.2500000000
61608  20.923  -16.982  81.411 0.2500000000
61622  21.168  -16.762  80.966 0.2500000000
131359  20.855  -16.471  79.847 0.2500000000
65645  6.844  -11.685  81.434 0.2500000000
65649  6.726  -11.652  80.625 0.2500000000
65646  6.305  -12.176  81.000 0.2500000000
64676  5.662  -12.603  80.596 0.2500000000
64677  5.086  -13.136  80.834 0.2500000000
64683  5.140  -13.041  79.952 0.2500000000
63708  3.669  -14.084  79.723 0.2500000000
62706  3.287  -15.608  78.484 0.3750000000
63750  6.115  -13.533  74.528 0.3750000000
63751  5.301  -13.854  74.883 0.3750000000
63744  5.141  -13.690  75.601 0.3750000000
62737  5.621  -14.252  74.132 0.3750000000
62729  4.702  -14.323  75.152 0.3750000000
62730  4.040  -14.820  75.354 0.3750000000
62722  35.910  -14.290  74.515 0.1250000000
61729  4.572  -15.092  74.601 0.3750000000
62721  36.487  -14.159  74.378 0.1250000000
62732  37.396  -14.211  73.841 0.2500000000
61732  39.087  -15.094  72.874 0.2500000000
62738  39.477  -15.064  72.085 0.2500000000
61760  39.397  -15.890  71.125 0.2500000000
137949  5.069  -14.574  70.761 0.3750000000
133024  3.523  -15.101  70.671 0.3750000000
65657  6.211  -12.051  78.934 0.2500000000
65650  6.177  -12.193  80.053 0.2500000000
64682  5.660  -12.585  79.379 0.2500000000
63717  4.324  -13.519  79.368 0.2500000000
65669  6.241  -12.023  77.851 0.2500000000
64692  5.638  -12.551  78.371 0.2500000000
64693  5.039  -13.067  78.897 0.2500000000
64699  5.635  -12.575  77.447 0.2500000000
64700  4.969  -12.975  77.912 0.3750000000
63726  4.322  -13.504  78.425 0.3750000000
62697  3.366  -14.860  79.225 0.3750000000
63734  4.374  -13.580  77.454 0.3750000000
142223  3.733  -13.964  78.115 0.3750000000
63718  3.701  -14.080  78.869 0.3750000000
63727  3.689  -14.331  77.554 0.3750000000
62705  3.422  -14.790  78.440 0.3750000000
62713  3.465  -15.128  77.691 0.3750000000
125589  4.940  -13.462  76.480 0.3750000000
132373  3.668  -14.699  76.979 0.3750000000
63745  4.431  -14.173  75.890 0.3750000000
61716  3.575  -15.426  76.789 0.3750000000
62720  3.770  -14.684  76.178 0.3750000000
63737  35.385  -13.788  74.646 0.1250000000
62733  36.892  -14.089  74.205 0.2500000000
62731  38.059  -13.774  73.425 0.2500000000
62740  38.860  -14.108  73.072 0.2500000000
65680  6.208  -12.252  77.023 0.3750000000
64710  5.128  -13.021  77.162 0.3750000000
63736  36.352  -13.667  74.354 0.2500000000
63746  36.881  -13.303  73.978 0.2500000000
64723  36.320  -12.839  73.955 0.2500000000
63753  38.650  -13.348  72.943 0.2500000000
64729  38.914  -13.105  72.414 0.2500000000
63776  38.479  -13.855  71.253 0.2500000000
64738  38.699  -12.518  72.239 0.2500000000
64744  38.696  -12.968  71.679 0.2500000000
64821  35.216  -12.028  66.124 0.5000000000
64835  35.195  -12.184  65.176 0.5000000000
64834  36.053  -11.765  65.352 0.3750000000
64851  35.252  -12.184  64.131 0.5000000000
64863  36.128  -11.823  63.473 0.3750000000
144606  41.185  -10.588  56.540 0.2500000000
64850  36.093  -11.888  64.383 0.5000000000
65882  35.677  -11.719  62.140 0.5000000000
138524  43.805  -4.966  53.882 0.5000000000
71630  43.985  -4.704  53.140 0.5000000000
71631  43.155  -4.954  53.150 0.5000000000
72659  44.466  -4.070  52.588 0.5000000000
65826  37.567  -10.746  65.735 0.3750000000
65840  37.551  -10.897  64.919 0.3750000000
65854  36.798  -11.324  64.646 0.5000000000
65869  36.791  -11.386  63.772 0.5000000000
132910  33.606  -10.878  59.366 0.1250000000
72669  44.218  -3.887  52.212 0.3750000000
66852  38.438  -10.038  64.929 0.5000000000
65853  37.484  -10.923  64.069 0.5000000000
67793  38.147  -9.663  63.296 0.3750000000
66869  38.015  -10.403  63.598 0.5000000000
65868  37.382  -10.901  63.208 0.5000000000
67801  37.773  -9.493  62.459 0.5000000000
65880  37.012  -10.876  62.349 0.5000000000
65920  34.312  -10.038  59.129 0.2500000000
73664  46.264  -2.458  51.619 0.5000000000
74588  46.363  -1.822  50.944 0.5000000000
67813  37.157  -9.378  61.785 0.5000000000
66926  36.662  -9.120  57.078 0.1250000000
146251  46.901  -2.715  52.356 0.5000000000
75488  51.957  -1.146  54.389 0.2500000000
77451  52.286  -0.039  54.292 0.1250000000
137765  52.227  -0.692  54.020 0.1250000000
76443  51.860  -0.811  53.542 0.1250000000
77469  52.193  0.412  53.352 0.1250000000
76447  51.633  -0.330  52.506 0.1250000000
78337  52.160  1.201  53.263 0.1250000000
123782  52.114  0.696  52.268 0.1250000000
77485  51.744  0.235  51.830 0.1250000000
76475  48.502  0.225  49.363 0.6250000000
73610  49.228  -3.453  57.209 0.3750000000
75484  52.112  -1.040  54.974 0.1250000000
74552  51.251  -2.063  55.250 0.2500000000
77452  52.037  0.493  54.834 0.1250000000
78338  52.053  1.779  54.054 0.1250000000
77470  52.204  0.931  54.208 0.1250000000
137076  51.522  1.044  54.696 0.1250000000
78351  51.983  1.975  53.195 0.1250000000
78350  52.157  1.473  52.337 0.1250000000
78358  52.073  1.176  51.617 0.1250000000
77511  48.484  1.253  48.509 0.7500000000
138494  49.835  1.489  49.305 0.2500000000
146098  49.345  1.691  48.891 0.5000000000
77510  48.884  1.790  48.389 0.7500000000
78325  51.182  1.790  54.479 0.1250000000
78371  51.876  1.418  50.978 0.2500000000
137417  52.080  2.652  50.923 0.1250000000
78401  48.077  2.389  46.136 0.1250000000
78402  47.631  2.236  45.826 0.1250000000
81013  52.096  3.831  50.638 0.1250000000
80164  52.106  3.335  51.144 0.1250000000
136686  52.100  4.016  49.920 0.1250000000
80192  51.804  3.531  49.595 0.1250000000
79288  51.236  3.137  48.856 0.2500000000
79289  50.385  2.841  48.503 0.2500000000
80201  51.663  3.716  48.886 0.2500000000
79296  50.924  3.541  48.192 0.2500000000
79303  49.506  3.211  47.020 0.5000000000
79304  48.555  2.779  46.137 0.1250000000
79311  47.916  2.637  45.590 0.1250000000
79314  47.384  2.810  44.510 0.1250000000
124259  47.514  3.061  43.961 0.1250000000
81041  51.985  4.352  49.037 0.1250000000
81050  51.631  4.355  48.341 0.2500000000
81059  50.290  4.255  47.317 0.3750000000
80220  49.614  3.829  46.670 0.5000000000
80234  48.348  3.400  44.854 0.1250000000
79313  47.766  2.964  44.818 0.1250000000
79318  47.925  3.342  44.003 0.1250000000
79319  47.685  3.184  43.114 0.1250000000
128162  47.272  2.771  42.675 0.1250000000
79325  47.783  3.007  41.961 0.1250000000
79330  48.242  3.008  41.201 0.1250000000
79341  48.509  2.637  40.491 0.1250000000
81956  51.903  5.026  48.363 0.2500000000
81058  51.423  4.951  47.853 0.2500000000
81067  50.667  4.938  47.378 0.3750000000
81068  50.017  4.581  46.964 0.3750000000
80233  49.346  3.955  45.783 0.2500000000
81090  49.339  4.393  45.261 0.2500000000
135159  48.925  3.886  44.990 0.2500000000
80238  48.550  3.857  43.891 0.1250000000
80239  48.145  3.573  43.245 0.1250000000
80245  48.193  3.497  42.427 0.1250000000
80255  48.866  3.886  41.775 0.1250000000
80256  48.370  3.365  41.683 0.1250000000
79329  48.920  3.345  40.972 0.1250000000
128968  51.832  3.035  39.498 0.1250000000
80262  51.720  3.578  40.029 0.1250000000
80263  50.800  3.585  40.272 0.1250000000
79337  52.516  3.440  39.737 0.1250000000
81973  50.140  5.228  46.801 0.3750000000
81999  49.581  4.974  45.504 0.2500000000
81985  49.441  5.852  45.163 0.1250000000
81091  49.075  4.418  44.241 0.1250000000
80244  48.615  3.953  42.763 0.1250000000
81094  48.972  4.503  43.152 0.1250000000
133140  49.474  3.930  41.065 0.1250000000
80253  51.562  4.184  40.730 0.1250000000
80254  50.364  4.112  40.830 0.1250000000
141877  52.525  3.988  40.380 0.1250000000
82908  49.664  6.523  44.576 0.1250000000
82909  49.304  5.910  44.337 0.1250000000
82000  49.315  5.065  44.681 0.1250000000
136147  50.211  6.813  43.886 0.1250000000
82915  49.594  6.279  43.702 0.1250000000
82006  49.245  5.351  43.600 0.1250000000
82922  50.525  6.462  43.008 0.1250000000
82015  50.330  5.732  42.282 0.1250000000
81101  49.184  4.515  42.171 0.1250000000
82014  51.405  6.076  42.190 0.1250000000
82024  51.094  5.382  41.656 0.1250000000
81100  50.030  5.059  41.762 0.1250000000
81109  51.856  4.918  41.205 0.1250000000
81110  50.789  4.682  41.227 0.1250000000
81111  49.725  4.417  41.417 0.1250000000
80252  52.610  4.506  40.931 0.1250000000
82921  51.825  6.661  42.790 0.1250000000
82013  52.473  6.158  42.129 0.1250000000
81099  52.159  5.563  41.657 0.1250000000
81098  53.001  5.580  41.633 0.1250000000
81108  52.680  5.067  41.316 0.1250000000
81107  53.303  4.876  41.039 0.1250000000
123874  8.073  -18.132  79.240 0.3750000000
50138  7.975  -25.525  82.925 0.6250000000
51277  7.534  -25.162  82.950 0.6250000000
131516  8.224  -25.273  83.407 0.6250000000
49128  6.303  -27.041  80.942 0.6250000000
54582  8.684  -23.493  83.932 0.6250000000
59382  16.108  -18.319  83.257 0.2500000000
58309  15.493  -18.740  83.292 0.2500000000
137578  14.874  -19.244  83.233 0.2500000000
50183  31.429  -25.600  77.710 0.5000000000
51328  33.147  -23.785  77.156 0.5000000000
55642  37.982  -20.000  73.025 0.3750000000
57465  38.120  -19.362  73.204 0.3750000000
57477  38.771  -18.875  72.355 0.2500000000
130592  38.927  -18.340  72.605 0.2500000000
60657  39.776  -15.717  72.035 0.2500000000
131863  39.420  -17.515  72.270 0.2500000000
63767  39.180  -13.802  71.949 0.2500000000
63761  39.194  -13.626  72.102 0.2500000000
71629  44.685  -4.201  53.113 0.5000000000
75486  51.407  -1.615  54.675 0.2500000000
79287  51.567  3.112  49.404 0.2500000000
54587  8.603  -23.205  83.697 0.5000000000
56493  10.064  -22.488  82.770 0.5000000000
55559  8.582  -22.780  83.353 0.5000000000
143152  13.036  -20.255  82.948 0.3750000000
57373  14.226  -20.139  83.548 0.2500000000
52530  33.896  -23.608  76.014 0.5000000000
70690  43.215  -5.266  53.724 0.5000000000
137080  11.419  -28.523  75.038 0.1250000000
51302  4.608  -25.048  79.688 0.6250000000
51315  4.114  -25.060  79.113 0.6250000000
54650  2.898  -22.772  78.342 0.6250000000
74596  45.974  -1.552  50.261 0.3750000000
125394  36.251  -11.125  62.002 0.5000000000
56556  3.151  -20.335  78.581 0.3750000000
66891  37.286  -10.115  61.973 0.5000000000
79310  49.160  3.124  46.454 0.3750000000
44170  9.349  -32.075  75.380 0.1250000000
52487  4.139  -23.752  80.297 0.6250000000
52498  3.962  -23.906  79.824 0.6250000000
53626  3.627  -23.389  79.738 0.6250000000
52507  3.476  -24.013  79.395 0.6250000000
132349  4.836  -24.619  80.632 0.6250000000
52485  5.219  -24.572  81.102 0.6250000000
58378  10.287  -18.519  77.326 0.2500000000
54625  3.869  -22.557  80.152 0.6250000000
53607  4.089  -23.319  80.529 0.6250000000
54635  3.506  -22.015  79.758 0.5000000000
55617  2.874  -21.136  79.078 0.3750000000
57414  11.490  -20.044  81.110 0.2500000000
57400  10.436  -21.060  82.017 0.5000000000
50149  5.849  -26.173  80.792 0.6250000000
57428  9.159  -19.922  79.953 0.3750000000
53598  5.079  -23.261  81.861 0.6250000000
57439  9.138  -19.509  79.200 0.2500000000
54596  5.415  -21.901  82.544 0.5000000000
54607  4.889  -21.406  81.902 0.6250000000
56510  4.886  -19.920  82.246 0.5000000000
54608  4.501  -21.491  81.015 0.5000000000
58348  7.594  -19.000  80.546 0.5000000000
55584  4.530  -20.507  81.455 0.3750000000
130062  4.161  -21.603  80.325 0.6250000000
59416  7.207  -18.098  80.555 0.3750000000
59395  5.932  -17.954  82.072 0.3750000000
57404  4.510  -19.136  82.070 0.3750000000
55600  3.850  -20.765  80.197 0.3750000000
56524  4.110  -19.751  81.285 0.3750000000
56531  3.755  -19.902  80.732 0.3750000000
58323  5.119  -17.807  82.409 0.3750000000
128612  4.605  -18.599  82.286 0.3750000000
58325  4.146  -18.465  81.973 0.3750000000
56537  3.446  -20.064  80.250 0.3750000000
55610  3.138  -21.073  79.507 0.3750000000
56543  2.935  -20.239  79.370 0.3750000000
135448  3.812  -17.840  81.927 0.3750000000
130061  3.401  -19.419  80.665 0.3750000000
58318  14.195  -19.309  82.765 0.2500000000
60528  17.830  -17.751  83.148 0.2500000000
58319  13.330  -19.600  82.521 0.2500000000
56492  11.133  -21.932  82.776 0.5000000000
58329  12.175  -19.962  81.764 0.2500000000
143124  9.459  -22.194  82.759 0.5000000000
59414  14.242  -18.768  81.067 0.2500000000
138744  14.088  -18.799  80.290 0.2500000000
59415  13.506  -19.156  80.793 0.2500000000
58335  12.980  -19.374  81.277 0.2500000000
57399  11.320  -20.819  82.244 0.5000000000
55568  8.323  -22.297  83.242 0.5000000000
53583  7.665  -23.349  83.913 0.6250000000
52459  7.004  -24.017  83.289 0.6250000000
50145  6.893  -25.862  81.907 0.6250000000
58354  12.446  -19.329  79.524 0.2500000000
54590  7.364  -22.879  83.709 0.5000000000
52472  6.404  -24.529  82.100 0.6250000000
134911  7.985  -21.861  83.107 0.5000000000
55562  6.932  -22.210  83.362 0.5000000000
53587  6.559  -23.325  83.259 0.6250000000
52464  6.110  -23.884  82.269 0.6250000000
132350  5.965  -24.705  81.456 0.6250000000
54606  5.545  -22.835  82.469 0.6250000000
56530  7.781  -20.956  82.520 0.5000000000
57410  7.570  -20.359  82.056 0.5000000000
56522  6.721  -20.557  82.665 0.5000000000
55571  6.300  -21.264  83.003 0.5000000000
127979  33.197  -23.160  77.406 0.6250000000
52516  32.847  -23.686  77.861 0.6250000000
59384  4.759  -17.689  82.426 0.3750000000
57419  3.150  -18.819  80.785 0.3750000000
57420  2.795  -18.684  80.340 0.3750000000
55624  33.604  -21.341  76.593 0.3750000000
52522  34.143  -23.179  76.094 0.6250000000
53636  33.195  -22.710  77.611 0.3750000000
134328  3.334  -17.896  81.500 0.3750000000
55627  35.028  -21.680  75.083 0.3750000000
53649  34.789  -22.658  75.270 0.6250000000
57441  2.944  -19.465  79.314 0.3750000000
52528  34.554  -23.160  75.435 0.5000000000
60547  17.632  -17.527  82.330 0.2500000000
60548  17.129  -17.526  81.921 0.2500000000
60571  15.574  -17.956  79.957 0.2500000000
51316  32.176  -24.046  78.368 0.6250000000
146443  4.024  -16.766  82.426 0.3750000000
134138  4.465  -16.697  82.481 0.3750000000
57453  34.105  -20.358  75.664 0.2500000000
56551  33.319  -20.694  77.224 0.3750000000
57447  3.293  -19.267  78.650 0.3750000000
57460  35.830  -19.905  74.282 0.2500000000
61611  18.305  -17.428  81.989 0.2500000000
60569  16.939  -17.460  80.852 0.2500000000
61640  16.767  -17.322  79.668 0.2500000000
146431  16.266  -17.312  78.334 0.2500000000
144401  2.447  -17.319  80.313 0.3750000000
61737  13.401  -15.239  73.145 0.1250000000
59399  3.932  -17.193  82.243 0.3750000000
60542  3.764  -16.541  82.224 0.3750000000
59417  3.003  -17.341  81.293 0.3750000000
60563  2.553  -16.918  80.480 0.3750000000
59418  2.614  -17.384  80.740 0.3750000000
58358  2.835  -18.005  79.301 0.3750000000
61743  15.537  -16.028  72.140 0.1250000000
59473  36.507  -18.218  73.679 0.2500000000
61619  3.537  -16.006  81.906 0.2500000000
62669  5.276  -14.684  82.197 0.1250000000
131006  3.158  -16.371  81.260 0.3750000000
60574  2.885  -16.442  80.718 0.2500000000
62682  3.417  -15.433  80.988 0.2500000000
125666  2.401  -16.990  80.025 0.3750000000
61616  6.748  -14.948  81.507 0.1250000000
59438  2.645  -17.209  79.526 0.3750000000
61641  9.512  -14.431  79.449 0.1250000000
65632  11.523  -11.881  83.662 0.1250000000
65640  12.268  -11.287  81.391 0.1250000000
64680  12.645  -11.630  78.625 0.1250000000
64674  11.870  -12.047  79.838 0.1250000000
64690  12.842  -11.651  77.930 0.1250000000
63689  5.705  -13.622  82.097 0.2500000000
63694  4.318  -14.408  81.857 0.2500000000
63725  12.157  -12.747  77.064 0.1250000000
62689  3.283  -15.471  80.374 0.3750000000
137713  12.623  -12.682  75.998 0.1250000000
126312  36.376  -15.611  74.100 0.2500000000
64659  8.421  -11.847  83.375 0.1250000000
139075  7.672  -11.698  82.976 0.1250000000
64660  10.282  -12.249  83.354 0.1250000000
64662  8.648  -12.287  83.259 0.1250000000
66679  7.334  -11.425  82.284 0.1250000000
135214  8.066  -12.310  83.174 0.1250000000
63691  9.169  -13.107  82.373 0.1250000000
63688  6.977  -13.143  82.466 0.1250000000
64664  6.911  -12.746  82.534 0.1250000000
137429  10.572  -12.981  81.085 0.1250000000
64669  5.453  -13.450  81.883 0.2500000000
62667  7.124  -13.618  82.199 0.1250000000
61738  5.750  -14.829  72.900 0.3750000000
60642  37.586  -15.657  73.668 0.2500000000
64672  5.748  -12.679  81.291 0.2500000000
61682  19.536  -16.060  77.314 0.2500000000
63701  4.426  -13.547  81.063 0.2500000000
63702  3.758  -14.041  80.559 0.2500000000
63707  4.323  -13.500  80.291 0.2500000000
140724  5.069  -14.470  74.637 0.3750000000
61718  38.444  -15.812  73.263 0.2500000000
61652  20.991  -16.358  78.980 0.2500000000
127774  38.121  -14.748  73.489 0.2500000000
127996  37.297  -13.535  73.808 0.2500000000
126038  6.645  -11.582  79.591 0.2500000000
125076  35.089  -13.117  74.709 0.1250000000
64721  37.404  -12.947  73.484 0.2500000000
64711  35.940  -13.245  74.346 0.2500000000
64730  38.480  -12.768  72.689 0.2500000000
129277  36.729  -11.300  63.062 0.5000000000
65881  36.216  -11.495  62.648 0.3750000000
66839  38.031  -10.487  65.146 0.3750000000
72670  43.608  -4.001  52.216 0.5000000000
66868  38.408  -9.877  64.140 0.3750000000
66881  37.741  -10.278  62.739 0.5000000000
75485  51.656  -1.547  55.050 0.2500000000
76429  52.226  -0.699  54.549 0.1250000000
76442  52.124  -0.284  53.370 0.1250000000
76446  51.976  0.105  52.626 0.1250000000
76430  52.229  -0.387  54.994 0.1250000000
78324  51.855  1.421  54.500 0.1250000000
78326  50.701  1.079  54.624 0.1250000000
140054  50.157  2.141  54.321 0.1250000000
80202  51.367  3.816  48.381 0.2500000000
79297  50.167  3.575  47.612 0.5000000000
80230  48.902  3.387  45.776 0.2500000000
123763  48.260  3.003  45.455 0.1250000000
80211  51.033  4.200  47.797 0.2500000000
141350  47.429  2.991  43.393 0.1250000000
79342  47.723  2.445  40.930 0.1250000000
81082  49.710  4.582  46.197 0.3750000000
80264  49.824  3.518  40.500 0.1250000000
81984  49.798  5.557  46.038 0.2500000000
82890  49.867  6.570  45.561 0.2500000000
82005  49.715  5.898  42.942 0.1250000000
82016  49.480  5.210  42.546 0.1250000000
82004  52.724  6.650  42.583 0.1250000000
134623  52.871  6.111  41.984 0.1250000000
51318  30.997  -24.906  78.939 0.5000000000
51304  30.695  -24.542  79.430 0.5000000000
51319  30.436  -25.162  79.184 0.5000000000
53620  31.849  -23.465  78.991 0.2500000000
52488  30.469  -24.148  79.633 0.3750000000
53610  29.965  -23.984  79.836 0.3750000000
51291  29.750  -24.522  79.951 0.3750000000
52475  28.289  -23.767  80.552 0.3750000000
54610  26.981  -22.928  81.377 0.3750000000
55596  27.464  -21.958  80.706 0.2500000000
141591  26.655  -20.651  80.475 0.1250000000
57407  24.899  -19.760  81.486 0.1250000000
58314  23.575  -18.926  82.327 0.1250000000
61620  22.428  -16.964  80.611 0.1250000000
58334  25.167  -19.682  81.213 0.1250000000
59431  24.504  -18.388  79.824 0.1250000000
61634  21.360  -16.666  80.403 0.1250000000
60589  22.870  -17.430  78.762 0.1250000000
61665  21.770  -16.726  78.844 0.1250000000
61681  20.451  -16.112  77.375 0.1250000000
59443  25.061  -18.574  79.016 0.1250000000
60599  23.519  -17.786  78.040 0.1250000000
60601  22.301  -17.068  77.409 0.1250000000
61709  20.813  -16.467  75.917 0.1250000000
59461  24.934  -18.132  76.917 0.1250000000
59463  23.533  -17.841  76.254 0.1250000000
60612  22.873  -17.481  76.855 0.1250000000
60630  21.375  -17.006  75.385 0.1250000000
59489  24.198  -17.957  74.802 0.1250000000
59481  22.729  -17.623  75.064 0.1250000000
60645  21.986  -17.444  74.825 0.1250000000
59505  23.130  -17.674  72.535 0.1250000000
59498  22.894  -17.655  73.587 0.1250000000
140673  22.223  -17.640  72.997 0.1250000000
60662  21.942  -17.611  73.925 0.1250000000
58467  3.405  -18.580  64.523 0.3750000000
58466  3.916  -18.336  64.220 0.3750000000
59593  3.816  -18.088  64.911 0.3750000000
59592  4.520  -17.969  64.490 0.3750000000
62778  2.701  -14.385  68.588 0.2500000000
63791  2.662  -12.861  69.698 0.1250000000
63801  2.692  -13.274  68.802 0.2500000000
64788  2.818  -12.483  68.858 0.1250000000
62788  3.145  -14.575  67.546 0.2500000000
63814  2.915  -13.607  67.858 0.2500000000
60747  3.915  -16.309  66.684 0.3750000000
62802  3.691  -14.694  66.988 0.1250000000
60761  4.164  -16.976  66.173 0.2500000000
61827  4.476  -16.011  66.431 0.2500000000
60760  4.723  -16.762  65.976 0.1250000000
64766  2.931  -12.615  70.189 0.2500000000
64778  2.879  -12.331  69.559 0.1250000000
133035  2.602  -14.706  69.673 0.3750000000
62770  2.603  -13.720  69.684 0.3750000000
62787  3.525  -13.851  67.156 0.2500000000
61826  5.072  -15.853  66.269 0.1250000000
61807  4.076  -15.278  66.695 0.2500000000
60796  33.788  -16.583  62.432 0.2500000000
63783  3.307  -13.095  70.478 0.2500000000
126449  3.459  -12.552  70.225 0.1250000000
63784  2.780  -13.304  70.352 0.2500000000
64777  3.318  -12.082  69.718 0.1250000000
65796  3.515  -11.580  69.040 0.1250000000
62764  2.780  -14.196  70.310 0.2500000000
64787  3.047  -11.879  68.915 0.1250000000
64803  2.841  -12.817  68.128 0.1250000000
63813  3.324  -12.921  67.460 0.1250000000
62800  4.815  -13.908  66.540 0.1250000000
63830  3.986  -13.175  66.868 0.1250000000
64814  3.863  -12.243  67.080 0.1250000000
61838  34.108  -15.422  64.425 0.3750000000
62841  33.281  -14.932  64.455 0.3750000000
61855  33.663  -15.990  63.076 0.2500000000
63773  5.230  -13.839  70.640 0.2500000000
63780  6.575  -13.435  70.763 0.2500000000
64763  6.186  -12.649  70.452 0.2500000000
126119  5.603  -12.156  70.001 0.1250000000
63774  4.160  -13.813  70.565 0.2500000000
63782  4.312  -12.944  70.409 0.2500000000
64764  5.037  -12.485  70.165 0.2500000000
65782  4.837  -11.876  69.773 0.1250000000
65795  4.028  -11.643  69.445 0.1250000000
62758  3.256  -14.083  70.528 0.2500000000
65805  3.641  -11.379  68.162 0.1250000000
64802  3.235  -12.098  67.964 0.1250000000
63841  5.697  -13.366  66.041 0.1250000000
63842  4.978  -13.157  66.277 0.1250000000
62821  5.338  -14.049  66.417 0.1250000000
62831  32.719  -13.914  65.108 0.3750000000
63735  4.079  -14.124  76.729 0.2500000000
64709  5.670  -12.771  76.701 0.2500000000
64720  5.831  -13.082  75.954 0.2500000000
64750  8.300  -12.594  71.470 0.2500000000
64749  8.757  -12.137  70.959 0.2500000000
65779  8.690  -11.727  70.459 0.1250000000
64761  8.055  -12.290  70.714 0.1250000000
136489  7.966  -11.610  70.278 0.1250000000
65793  6.638  -11.421  69.753 0.1250000000
63771  7.119  -13.943  71.265 0.2500000000
63772  6.375  -14.076  70.847 0.2500000000
64762  7.114  -12.436  70.647 0.2500000000
65780  7.229  -11.749  70.303 0.1250000000
122956  5.710  -11.659  69.630 0.1250000000
65804  3.991  -11.155  68.721 0.1250000000
66806  4.509  -10.790  68.190 0.1250000000
66819  3.996  -10.787  67.257 0.1250000000
64829  4.105  -11.594  66.343 0.1250000000
128213  3.931  -11.285  67.121 0.1250000000
124967  5.330  -12.590  65.750 0.1250000000
64828  4.604  -12.245  65.950 0.1250000000
64708  6.310  -12.426  76.327 0.2500000000
64719  6.530  -12.607  75.633 0.2500000000
64728  6.236  -13.134  75.332 0.2500000000
144539  10.094  -10.745  72.889 0.1250000000
63749  6.762  -12.892  74.814 0.2500000000
66756  9.359  -11.025  73.020 0.1250000000
65744  9.849  -11.265  72.277 0.1250000000
65708  7.149  -12.177  75.178 0.2500000000
64743  8.589  -12.344  72.033 0.2500000000
65745  9.016  -11.721  72.413 0.2500000000
64742  9.038  -11.955  71.575 0.2500000000
65761  10.284  -11.099  71.737 0.1250000000
66782  9.983  -10.978  70.337 0.1250000000
63759  7.071  -13.401  73.614 0.2500000000
137143  7.548  -13.542  72.464 0.2500000000
63770  7.689  -13.402  71.644 0.2500000000
65791  8.362  -11.114  69.941 0.1250000000
65792  7.493  -11.172  69.903 0.1250000000
66795  6.004  -11.087  69.110 0.1250000000
65794  4.874  -11.248  69.069 0.1250000000
66805  5.409  -10.671  68.385 0.1250000000
66807  4.001  -10.900  67.963 0.1250000000
126368  3.803  -10.476  66.586 0.1250000000
65847  3.806  -10.971  65.604 0.1250000000
65833  3.665  -10.706  66.193 0.1250000000
65862  4.254  -11.239  65.027 0.1250000000
66846  3.346  -10.275  65.514 0.1250000000
66861  3.663  -10.566  64.882 0.1250000000
67690  9.956  -9.589  75.735 0.1250000000
66725  9.151  -9.917  76.106 0.1250000000
66736  9.289  -10.013  75.204 0.1250000000
67689  10.789  -9.211  75.353 0.1250000000
67696  10.938  -9.341  74.471 0.1250000000
67697  10.111  -9.689  74.842 0.1250000000
66747  9.498  -10.184  74.330 0.1250000000
66746  10.305  -9.849  73.977 0.1250000000
67703  11.052  -9.542  73.607 0.1250000000
65691  6.872  -11.941  75.951 0.2500000000
66737  8.565  -10.432  75.576 0.2500000000
66748  8.713  -10.537  74.661 0.1250000000
66757  8.948  -10.716  73.797 0.2500000000
144485  10.621  -10.219  73.200 0.1250000000
65722  8.581  -11.411  73.301 0.2500000000
66765  10.644  -10.586  72.356 0.1250000000
64727  7.344  -12.423  74.200 0.2500000000
63758  7.705  -12.719  73.143 0.2500000000
64736  8.233  -12.105  72.761 0.2500000000
63765  8.124  -12.918  72.207 0.2500000000
144864  10.276  -10.360  69.998 0.1250000000
66791  9.738  -10.489  69.663 0.1250000000
66794  7.013  -10.934  69.218 0.1250000000
66802  8.575  -10.302  68.597 0.1250000000
67747  8.089  -9.942  67.820 0.1250000000
66804  6.450  -10.569  68.478 0.1250000000
67748  6.979  -10.099  67.692 0.1250000000
66816  5.876  -10.112  67.759 0.1250000000
66817  4.934  -10.231  67.624 0.1250000000
67759  6.339  -9.523  67.140 0.1250000000
66818  4.244  -10.480  67.342 0.1250000000
64846  4.855  -11.874  65.339 0.1250000000
66832  3.348  -10.038  66.071 0.1250000000
67781  2.933  -9.591  65.441 0.1250000000
73604  48.787  -3.442  58.723 0.2500000000
72608  48.052  -4.080  59.248 0.1250000000
145403  49.136  -3.509  57.606 0.2500000000
72616  48.296  -3.969  58.497 0.3750000000
67790  3.685  -10.029  64.092 0.1250000000
125719  3.166  -10.037  64.851 0.1250000000
125270  7.411  -11.420  75.504 0.2500000000
68593  11.316  -8.562  75.812 0.1250000000
66749  8.011  -10.958  75.050 0.2500000000
65707  7.655  -11.633  74.635 0.2500000000
65706  8.174  -11.046  74.118 0.2500000000
65723  7.917  -11.867  73.703 0.2500000000
66764  11.266  -9.997  72.008 0.1250000000
66774  10.746  -10.573  71.453 0.1250000000
66781  10.563  -10.511  70.613 0.1250000000
67760  5.308  -9.577  67.206 0.1250000000
135615  47.876  -2.334  60.189 0.1250000000
74512  47.560  -3.124  60.466 0.1250000000
142706  47.195  -3.546  60.851 0.1250000000
74521  48.994  -2.388  59.557 0.1250000000
73595  48.587  -3.247  59.404 0.1250000000
72597  47.880  -3.642  59.900 0.1250000000
72598  47.433  -4.311  59.901 0.1250000000
72609  47.424  -4.574  59.383 0.1250000000
74529  50.266  -2.991  57.845 0.1250000000
136797  49.649  -3.217  58.333 0.2500000000
71584  47.656  -4.524  58.887 0.2500000000
73609  49.728  -3.347  57.524 0.1250000000
74548  51.016  -2.509  55.730 0.2500000000
143041  50.019  -3.003  56.270 0.2500000000
73614  49.232  -3.277  56.527 0.2500000000
66838  38.085  -10.141  65.826 0.2500000000
75432  48.510  -1.853  59.932 0.1250000000
74511  48.264  -2.810  59.920 0.1250000000
136464  46.233  -3.887  61.666 0.1250000000
71557  44.999  -4.561  60.963 0.2500000000
134953  46.490  -4.669  60.471 0.1250000000
75458  50.137  -1.686  58.611 0.1250000000
75448  49.699  -2.020  59.209 0.1250000000
75466  50.378  -1.488  57.839 0.1250000000
74530  50.086  -2.612  58.618 0.1250000000
74546  51.434  -1.968  55.664 0.1250000000
75476  51.276  -1.906  56.445 0.1250000000
75465  50.830  -2.051  57.254 0.1250000000
73612  50.357  -3.005  57.022 0.1250000000
147075  51.138  -2.460  56.127 0.1250000000
73616  50.561  -2.774  56.318 0.2500000000
73570  44.362  -3.944  63.161 0.2500000000
72568  43.381  -4.422  63.122 0.3750000000
71527  42.517  -4.513  63.457 0.5000000000
72583  44.715  -4.425  61.932 0.2500000000
72567  44.251  -4.284  62.774 0.3750000000
71539  43.771  -4.547  62.153 0.3750000000
75449  49.161  -1.344  59.627 0.1250000000
75433  47.845  -1.481  60.172 0.1250000000
73576  46.831  -3.861  61.175 0.1250000000
72566  45.105  -4.114  62.395 0.2500000000
71558  44.138  -4.641  61.195 0.3750000000
76345  48.588  -0.744  59.970 0.1250000000
76346  47.809  -0.382  60.175 0.1250000000
76367  49.586  -0.993  59.072 0.1250000000
76368  49.085  -0.238  59.525 0.1250000000
77377  48.416  0.476  59.893 0.1250000000
76386  50.110  -0.930  57.674 0.1250000000
76375  49.852  -0.880  58.345 0.1250000000
76387  49.521  -0.460  57.959 0.1250000000
124363  48.340  1.156  58.909 0.1250000000
137771  46.621  1.193  58.341 0.1250000000
75482  51.728  -1.357  55.338 0.1250000000
126093  49.903  -0.806  57.111 0.1250000000
127784  49.139  -0.662  57.112 0.1250000000
77419  48.025  0.425  58.174 0.1250000000
77420  46.992  0.411  57.930 0.1250000000
76405  48.303  -0.717  56.615 0.1250000000
71528  41.819  -4.480  63.595 0.5000000000
73577  45.625  -3.587  62.217 0.1250000000
77378  47.927  1.371  60.069 0.1250000000
78290  47.875  1.713  59.224 0.1250000000
78279  47.757  1.896  59.712 0.1250000000
78292  46.685  1.910  58.738 0.1250000000
78265  46.745  2.198  60.211 0.1250000000
76476  47.735  0.062  48.862 0.6250000000
60556  22.359  -17.002  81.145 0.1250000000
61621  21.863  -16.821  80.817 0.1250000000
59411  23.989  -18.118  81.084 0.1250000000
57425  26.049  -20.024  80.643 0.1250000000
56536  26.320  -20.701  81.086 0.1250000000
57445  26.193  -19.583  78.668 0.1250000000
56549  26.574  -20.124  79.117 0.1250000000
57424  26.611  -20.372  79.845 0.1250000000
122535  33.231  -20.846  77.998 0.2500000000
60543  22.895  -17.274  81.557 0.1250000000
61633  21.984  -16.845  80.247 0.1250000000
54619  30.128  -23.570  79.623 0.2500000000
59400  24.615  -19.126  81.401 0.1250000000
60567  23.361  -17.567  80.365 0.1250000000
53611  29.144  -23.849  80.252 0.3750000000
55604  28.375  -22.368  80.156 0.2500000000
57437  25.968  -19.585  79.735 0.1250000000
58343  25.082  -18.997  79.827 0.1250000000
55575  26.006  -21.978  81.680 0.2500000000
56555  26.884  -20.298  78.327 0.1250000000
58479  3.687  -18.783  63.854 0.3750000000
61848  33.902  -15.658  63.730 0.3750000000
71556  45.852  -4.643  60.729 0.2500000000
63846  32.467  -13.012  64.842 0.2500000000
71572  46.926  -4.800  59.838 0.1250000000
52500  31.583  -23.972  79.075 0.5000000000
54627  32.544  -22.171  78.978 0.2500000000
54626  32.935  -21.886  78.763 0.2500000000
127861  33.148  -21.404  78.322 0.2500000000
54628  32.020  -22.962  79.042 0.1250000000
61725  18.314  -16.486  75.132 0.1250000000
61666  20.714  -16.218  78.139 0.1250000000
143522  19.438  -16.078  76.673 0.1250000000
60530  21.840  -17.474  82.383 0.1250000000
60544  22.139  -17.170  81.695 0.1250000000
73613  49.945  -3.203  56.769 0.1250000000
61651  21.532  -16.656  79.680 0.1250000000
129143  30.919  -24.177  79.478 0.5000000000
53609  30.711  -23.869  79.533 0.3750000000
141964  31.450  -22.441  79.007 0.2500000000
51292  29.032  -24.588  80.403 0.3750000000
54620  29.191  -23.337  80.161 0.2500000000
51307  28.736  -25.095  80.408 0.3750000000
51293  28.157  -24.677  80.640 0.3750000000
53599  27.657  -23.356  80.889 0.3750000000
53612  28.536  -23.411  80.487 0.3750000000
51282  27.527  -24.323  80.787 0.3750000000
54609  27.848  -22.838  80.766 0.3750000000
137350  27.259  -22.656  81.216 0.3750000000
55586  27.026  -22.143  81.165 0.2500000000
144791  28.446  -23.092  80.567 0.3750000000
56535  27.020  -21.265  80.603 0.1250000000
56525  26.745  -21.416  81.169 0.1250000000
138413  24.918  -19.092  80.958 0.1250000000
57406  25.448  -20.120  81.407 0.2500000000
57392  24.678  -20.015  81.889 0.2500000000
56512  25.108  -20.794  82.000 0.2500000000
59385  23.686  -18.387  82.072 0.1250000000
59386  23.043  -17.994  82.456 0.1250000000
141529  24.163  -18.645  81.613 0.1250000000
58315  22.924  -18.902  82.640 0.1250000000
57376  23.669  -19.841  82.364 0.1250000000
57393  24.012  -19.520  82.195 0.1250000000
60568  22.789  -17.178  80.242 0.1250000000
59412  23.482  -17.644  81.364 0.1250000000
143521  22.399  -16.997  80.100 0.1250000000
58333  25.308  -19.356  80.531 0.1250000000
57413  25.809  -20.058  81.187 0.2500000000
59422  23.962  -18.086  80.485 0.1250000000
60579  23.776  -17.996  79.734 0.1250000000
140038  24.618  -18.614  80.653 0.1250000000
59432  24.328  -18.233  79.029 0.1250000000
61664  22.314  -17.072  79.043 0.1250000000
60600  22.875  -17.449  77.753 0.1250000000
61649  22.562  -17.175  79.600 0.1250000000
60588  23.603  -17.866  78.911 0.1250000000
60580  23.124  -17.513  79.624 0.1250000000
132185  21.295  -16.437  78.297 0.1250000000
60590  22.289  -17.110  78.298 0.1250000000
61679  21.762  -16.721  77.920 0.1250000000
61650  22.120  -16.911  79.612 0.1250000000
61695  20.101  -16.120  76.525 0.1250000000
61694  21.014  -16.285  76.770 0.1250000000
61680  21.189  -16.323  77.587 0.1250000000
58353  25.613  -19.089  79.182 0.1250000000
143594  24.824  -18.220  78.429 0.1250000000
59444  24.212  -18.103  78.260 0.1250000000
59453  24.209  -18.028  77.440 0.1250000000
60611  23.532  -17.776  77.139 0.1250000000
60613  22.220  -17.133  76.542 0.1250000000
60614  21.556  -16.757  76.224 0.1250000000
61693  21.711  -16.643  77.068 0.1250000000
61710  20.021  -16.326  75.601 0.1250000000
58375  25.415  -18.659  77.272 0.1250000000
59462  24.249  -18.029  76.552 0.1250000000
59478  25.046  -18.220  75.921 0.1250000000
59452  24.895  -18.115  77.760 0.1250000000
59480  23.496  -17.834  75.322 0.1250000000
59479  24.228  -18.029  75.656 0.1250000000
60629  22.081  -17.305  75.675 0.1250000000
60628  22.792  -17.621  75.963 0.1250000000
60646  21.193  -17.271  74.570 0.1250000000
59490  23.428  -17.734  74.325 0.1250000000
59491  22.630  -17.611  74.328 0.1250000000
59497  23.722  -17.778  73.350 0.1250000000
59576  4.313  -17.541  65.411 0.2500000000
62801  4.148  -14.174  66.631 0.1250000000
61806  4.757  -14.888  66.464 0.1250000000
64813  4.374  -12.597  66.519 0.1250000000
63781  5.580  -13.171  70.509 0.2500000000
64751  7.207  -13.218  70.949 0.2500000000
65778  9.453  -11.624  70.814 0.1250000000
65846  4.278  -11.577  65.650 0.1250000000
66793  7.966  -10.736  69.340 0.1250000000
67761  4.396  -9.809  66.941 0.1250000000
67702  11.483  -9.096  73.218 0.1250000000
66790  10.224  -9.856  69.395 0.1250000000
66803  7.515  -10.456  68.536 0.1250000000
68678  2.835  -8.905  65.768 0.1250000000
72615  49.021  -3.540  58.055 0.2500000000
74520  49.398  -2.880  59.030 0.2500000000
74513  47.285  -2.282  60.611 0.1250000000
74498  47.008  -3.105  61.098 0.1250000000
75457  50.424  -2.271  57.965 0.1250000000
72582  45.541  -4.366  61.571 0.2500000000
76376  49.338  -0.138  58.841 0.1250000000
74539  50.565  -2.624  57.336 0.1250000000
76385  50.724  -1.312  57.091 0.1250000000
74547  50.837  -2.515  56.704 0.1250000000
73569  44.858  -3.635  62.785 0.2500000000
128816  47.736  0.586  60.211 0.1250000000
77398  48.845  0.660  59.257 0.1250000000
77399  48.294  1.353  59.553 0.1250000000
76377  48.881  0.320  58.540 0.1250000000
77408  47.463  1.425  58.656 0.1250000000
76388  48.631  -0.330  57.549 0.1250000000
60529  22.675  -17.478  82.154 0.1250000000
59410  24.370  -18.595  81.252 0.1250000000
144924  26.223  -21.048  81.419 0.1250000000
56526  25.868  -20.544  81.465 0.2500000000
57451  26.592  -19.944  77.852 0.1250000000
56548  27.203  -20.792  78.942 0.1250000000
56541  27.199  -21.065  79.855 0.1250000000
145941  28.718  -22.082  79.451 0.2500000000
54629  29.798  -22.967  79.515 0.2500000000
54599  25.336  -22.227  81.920 0.2500000000
146145  25.652  -22.867  81.656 0.2500000000
54597  26.220  -22.623  81.602 0.2500000000
55576  25.426  -21.655  81.939 0.2500000000
55601  32.765  -21.582  78.948 0.1250000000
58316  22.516  -18.411  82.805 0.1250000000
55574  26.624  -22.355  81.455 0.2500000000
36565  4.847  -40.085  74.722 0.1250000000
38473  5.127  -38.612  71.749 0.1250000000
38463  4.841  -38.776  72.409 0.1250000000
38484  5.479  -38.489  70.888 0.1250000000
37551  5.456  -39.247  71.198 0.1250000000
39448  5.068  -37.868  71.492 0.1250000000
38474  4.682  -38.022  72.312 0.1250000000
123716  5.470  -37.690  70.662 0.1250000000
39476  4.775  -37.338  68.209 0.1250000000
39469  5.539  -37.001  68.815 0.2500000000
132991  5.730  -37.403  69.698 0.2500000000
40453  5.001  -36.452  68.256 0.1250000000
121748  5.363  -37.872  68.774 0.1250000000
41464  4.894  -35.593  67.974 0.2500000000
40461  4.236  -36.171  67.652 0.2500000000
142749  3.867  -35.634  66.516 0.1250000000
42450  4.176  -34.479  67.057 0.2500000000
41465  4.238  -35.327  67.355 0.2500000000
42457  4.051  -34.451  66.466 0.2500000000
41472  3.920  -35.112  66.801 0.2500000000
44243  4.466  -33.300  65.925 0.2500000000
42467  4.169  -34.398  65.723 0.1250000000
43396  4.380  -33.623  65.383 0.2500000000
42481  4.399  -34.161  64.857 0.1250000000
51479  31.522  -24.780  68.283 0.1250000000
144233  29.962  -25.992  68.292 0.1250000000
52652  31.153  -23.593  67.392 0.1250000000
52640  31.114  -24.537  67.526 0.1250000000
51481  30.171  -25.707  67.377 0.1250000000
51494  30.929  -25.121  66.866 0.1250000000
52638  31.830  -22.934  67.966 0.1250000000
53744  32.431  -22.233  67.413 0.1250000000
49184  11.656  -27.346  74.661 0.2500000000
50258  11.875  -26.387  75.011 0.2500000000
51388  12.648  -24.887  73.969 0.2500000000
50257  12.137  -25.624  74.477 0.2500000000
50271  11.925  -25.666  73.472 0.2500000000
52566  25.326  -24.098  72.433 0.3750000000
52565  26.307  -24.028  72.187 0.3750000000
52583  24.709  -24.063  71.866 0.1250000000
121535  24.909  -23.767  71.083 0.1250000000
50242  12.381  -25.643  75.401 0.2500000000
143344  24.624  -24.306  72.526 0.3750000000
51416  24.008  -24.539  72.123 0.2500000000
51436  23.957  -24.272  71.168 0.1250000000
50299  22.401  -24.909  71.307 0.2500000000
64880  33.174  -12.242  61.886 0.2500000000
72553  40.860  -4.059  64.181 0.3750000000
72554  39.826  -4.105  64.037 0.5000000000
65919  34.970  -9.415  58.967 0.1250000000
73507  39.208  -2.610  66.879 0.2500000000
134112  39.023  -2.853  66.696 0.2500000000
73520  37.077  -3.118  67.142 0.1250000000
72506  36.539  -3.701  66.852 0.1250000000
72534  43.103  -3.889  64.816 0.2500000000
72535  42.486  -4.037  64.928 0.2500000000
73533  41.730  -3.558  65.923 0.2500000000
143190  41.270  -3.531  65.720 0.2500000000
72504  40.509  -3.351  65.847 0.2500000000
73519  38.159  -3.124  66.789 0.2500000000
140519  38.286  -3.572  66.144 0.2500000000
72540  37.455  -4.437  64.950 0.2500000000
72541  36.703  -4.840  65.123 0.2500000000
72550  43.064  -4.266  64.140 0.2500000000
72552  41.607  -4.175  64.332 0.2500000000
72537  41.324  -3.924  64.887 0.2500000000
72520  39.958  -3.627  65.406 0.2500000000
135994  39.330  -3.971  64.772 0.3750000000
72521  37.852  -4.042  65.661 0.3750000000
124626  37.251  -4.836  64.182 0.3750000000
71519  36.727  -5.355  64.136 0.3750000000
72557  37.082  -5.126  63.370 0.3750000000
72538  40.452  -3.859  64.796 0.3750000000
72555  38.605  -4.242  63.941 0.3750000000
71546  36.747  -5.726  62.361 0.5000000000
73532  42.764  -3.313  65.871 0.2500000000
73546  42.637  -3.739  65.394 0.2500000000
72517  42.111  -3.842  65.437 0.2500000000
123405  43.789  -4.182  63.493 0.2500000000
72551  42.229  -4.283  64.352 0.2500000000
70580  36.790  -6.521  63.412 0.5000000000
71531  36.722  -5.745  63.237 0.3750000000
67898  41.961  -9.078  53.483 0.2500000000
123646  41.555  -8.961  52.898 0.2500000000
140999  42.119  -7.985  54.245 0.3750000000
69728  41.733  -7.536  53.817 0.3750000000
138949  41.736  -8.482  53.654 0.2500000000
69738  42.114  -6.459  53.646 0.2500000000
69739  41.489  -7.012  53.489 0.2500000000
140330  41.675  -6.285  53.294 0.2500000000
70699  41.506  -5.811  52.955 0.1250000000
127527  41.084  -6.854  53.155 0.1250000000
68797  41.149  -7.982  53.254 0.3750000000
70698  42.289  -5.457  53.176 0.1250000000
71638  42.973  -4.575  52.737 0.2500000000
71639  42.095  -4.877  52.700 0.1250000000
71640  41.193  -5.172  52.587 0.1250000000
43392  4.303  -33.814  66.595 0.2500000000
52639  31.397  -23.918  68.196 0.1250000000
69727  42.235  -7.118  54.113 0.3750000000
129688  37.800  -4.450  64.226 0.5000000000
37526  4.679  -39.393  74.516 0.1250000000
145866  4.715  -37.335  71.912 0.1250000000
40444  5.684  -36.285  68.844 0.2500000000
52582  25.551  -23.800  71.642 0.1250000000
64866  33.181  -12.411  62.866 0.2500000000
71637  43.798  -4.409  52.608 0.3750000000
37545  5.164  -39.305  72.036 0.1250000000
38464  4.555  -38.552  72.950 0.1250000000
40454  4.230  -36.865  67.855 0.2500000000
40462  3.970  -36.764  67.294 0.2500000000
52653  30.852  -24.342  66.760 0.1250000000
72519  40.965  -3.658  65.341 0.2500000000
72505  39.293  -3.257  66.115 0.2500000000
73534  37.444  -3.644  66.473 0.1250000000
72522  37.015  -4.232  65.913 0.1250000000
134471  38.816  -3.824  65.523 0.2500000000
72539  38.275  -4.176  64.840 0.3750000000
50171  30.121  -25.764  78.931 0.3750000000
54733  33.631  -21.836  66.188 0.1250000000
50159  29.760  -25.331  79.508 0.2500000000
50172  29.371  -25.792  79.215 0.3750000000
139984  28.830  -25.980  78.707 0.3750000000
50173  28.187  -25.909  78.957 0.3750000000
54745  34.559  -22.009  65.897 0.1250000000
51306  29.444  -24.984  80.066 0.2500000000
138225  28.642  -25.781  79.445 0.3750000000
50151  27.982  -25.089  80.542 0.3750000000
51294  27.430  -24.693  80.768 0.2500000000
55595  31.387  -21.729  78.972 0.1250000000
55602  30.563  -21.856  78.992 0.1250000000
53600  26.889  -23.413  81.274 0.2500000000
51295  26.726  -24.671  80.884 0.2500000000
50163  26.547  -25.316  80.278 0.3750000000
51284  26.250  -24.182  81.109 0.2500000000
57454  33.627  -19.737  75.980 0.1250000000
52465  26.241  -23.152  81.505 0.2500000000
51285  25.634  -24.034  81.119 0.2500000000
59476  34.059  -18.203  74.696 0.1250000000
53591  25.302  -22.898  81.703 0.1250000000
126286  33.408  -17.359  74.950 0.1250000000
54591  24.943  -21.839  82.154 0.1250000000
52468  24.894  -23.132  81.646 0.1250000000
60607  32.853  -16.515  75.249 0.1250000000
54601  23.911  -22.247  81.886 0.1250000000
62842  32.452  -14.325  64.207 0.2500000000
65641  6.928  -11.779  82.044 0.1250000000
145144  7.173  -11.062  78.432 0.1250000000
141124  7.105  -11.071  79.196 0.1250000000
65668  6.671  -11.561  77.725 0.1250000000
65679  6.688  -11.831  76.670 0.1250000000
66686  7.314  -11.207  81.803 0.1250000000
66692  7.195  -11.099  81.123 0.1250000000
66691  7.469  -10.437  80.719 0.1250000000
66697  7.535  -10.530  79.708 0.1250000000
66715  7.631  -10.888  77.841 0.1250000000
144516  7.669  -10.666  78.770 0.1250000000
66727  7.752  -10.874  76.846 0.1250000000
64722  36.949  -12.812  73.636 0.1250000000
66704  8.336  -10.342  78.311 0.1250000000
66714  8.393  -10.398  77.406 0.1250000000
67677  9.025  -9.943  77.906 0.1250000000
66726  8.459  -10.386  76.483 0.1250000000
64732  37.476  -12.524  73.144 0.1250000000
125388  37.863  -12.060  72.687 0.1250000000
66758  37.899  -10.781  71.991 0.1250000000
65726  38.211  -11.554  72.133 0.1250000000
67713  38.022  -10.268  71.674 0.1250000000
67712  38.357  -10.163  71.292 0.1250000000
67723  38.412  -9.813  70.699 0.1250000000
141874  37.302  -8.003  70.356 0.1250000000
69560  37.650  -8.065  69.013 0.1250000000
69575  37.053  -7.752  68.517 0.1250000000
65693  35.962  -12.416  73.729 0.1250000000
65711  36.515  -12.080  73.198 0.1250000000
65710  37.199  -12.137  73.038 0.1250000000
137942  37.029  -10.663  72.237 0.1250000000
67705  37.153  -9.978  71.846 0.1250000000
67704  37.647  -10.034  71.815 0.1250000000
122808  37.950  -9.541  71.538 0.1250000000
70561  36.516  -7.023  65.014 0.3750000000
65712  35.717  -12.060  73.374 0.1250000000
65728  36.316  -11.748  72.882 0.1250000000
65747  35.422  -11.589  72.060 0.1250000000
67706  36.673  -10.332  71.907 0.1250000000
67715  36.565  -9.272  71.486 0.1250000000
68613  36.781  -8.610  71.331 0.1250000000
69539  37.063  -8.232  70.970 0.1250000000
69561  36.987  -7.759  69.525 0.1250000000
65748  33.934  -11.921  72.151 0.1250000000
137907  34.801  -11.761  71.542 0.1250000000
67717  35.456  -9.943  70.943 0.1250000000
68615  35.720  -8.959  71.109 0.1250000000
68614  35.986  -8.403  71.112 0.1250000000
69540  36.254  -8.032  70.985 0.1250000000
69550  36.572  -7.782  70.412 0.1250000000
70571  36.711  -6.828  64.175 0.3750000000
69563  35.373  -7.404  69.660 0.1250000000
70533  36.141  -7.264  67.034 0.1250000000
72681  43.281  -3.463  51.721 0.1250000000
75518  46.477  -1.076  49.644 0.2500000000
82889  50.759  7.147  45.821 0.1250000000
83813  52.150  8.100  44.435 0.1250000000
81983  50.292  6.136  46.465 0.1250000000
81972  50.638  5.651  47.078 0.1250000000
82879  50.934  6.454  46.881 0.1250000000
83814  51.334  7.718  44.885 0.1250000000
83812  52.853  8.097  43.920 0.1250000000
82871  51.435  6.297  47.508 0.1250000000
81965  51.149  5.621  47.478 0.1250000000
83793  51.291  7.419  46.319 0.1250000000
83800  52.060  8.554  44.954 0.1250000000
83801  51.514  7.923  45.395 0.1250000000
84661  53.105  8.532  44.273 0.1250000000
85607  53.622  8.745  43.852 0.1250000000
84662  52.691  8.438  44.498 0.1250000000
85615  53.954  9.500  43.396 0.1250000000
82860  52.016  5.782  48.464 0.1250000000
82870  51.778  6.264  48.036 0.1250000000
83783  51.742  7.151  47.679 0.1250000000
133143  51.993  8.119  47.480 0.1250000000
83784  51.311  7.027  47.058 0.1250000000
84637  51.986  8.708  46.041 0.1250000000
83792  51.667  7.890  46.740 0.1250000000
85591  52.450  9.171  45.513 0.1250000000
146658  52.129  8.807  45.372 0.1250000000
84638  51.728  8.238  45.818 0.1250000000
85608  53.286  9.158  44.547 0.1250000000
86545  53.694  10.462  43.621 0.1250000000
85616  53.618  9.552  44.092 0.1250000000
85582  52.319  9.251  46.229 0.1250000000
129554  52.707  9.743  45.778 0.1250000000
85590  53.010  9.501  45.149 0.1250000000
86530  53.368  10.114  44.592 0.1250000000
87431  53.911  11.079  42.686 0.1250000000
53593  24.355  -22.807  81.753 0.1250000000
51296  26.014  -24.645  80.908 0.2500000000
52479  25.237  -23.541  81.381 0.2500000000
65656  6.657  -11.464  78.489 0.1250000000
133815  6.565  -11.783  77.275 0.1250000000
64712  35.505  -12.729  74.245 0.1250000000
66698  7.106  -11.088  80.195 0.1250000000
53589  26.387  -22.989  81.541 0.2500000000
65690  7.186  -11.305  76.307 0.1250000000
66738  7.847  -10.854  75.932 0.1250000000
131898  30.765  -22.718  79.144 0.1250000000
56495  24.816  -21.095  82.180 0.1250000000
54600  25.045  -22.447  81.969 0.1250000000
52478  25.787  -23.619  81.344 0.2500000000
121731  24.482  -22.565  81.904 0.1250000000
54592  24.275  -21.961  82.131 0.1250000000
65678  7.029  -11.368  77.213 0.1250000000
66685  7.564  -10.491  81.645 0.1250000000
65727  37.665  -11.414  72.450 0.1250000000
66750  37.007  -11.412  72.649 0.1250000000
67716  36.108  -10.057  71.484 0.1250000000
65729  35.608  -11.778  72.763 0.1250000000
66768  35.592  -11.004  71.402 0.1250000000
81964  51.666  5.617  47.929 0.1250000000
84647  52.740  8.868  44.901 0.1250000000
130402  53.377  11.190  44.116 0.1250000000
40357  7.393  -35.715  76.724 0.1250000000
47063  11.240  -29.083  74.647 0.1250000000
50358  16.213  -25.468  66.687 0.1250000000
49194  11.546  -27.597  73.696 0.1250000000
49193  11.596  -26.806  72.864 0.1250000000
124498  12.437  -25.534  71.677 0.1250000000
50318  13.074  -25.694  70.341 0.1250000000
142445  12.915  -25.146  71.013 0.1250000000
51442  13.412  -24.870  70.435 0.1250000000
146629  14.384  -24.630  69.214 0.1250000000
136871  15.774  -24.653  68.087 0.1250000000
51472  14.789  -24.979  68.219 0.1250000000
49271  20.147  -25.484  66.217 0.1250000000
49272  19.726  -25.713  66.839 0.1250000000
50368  18.998  -25.874  66.390 0.1250000000
126695  17.676  -25.518  66.475 0.1250000000
122953  16.887  -25.617  66.266 0.1250000000
50346  16.613  -24.916  67.555 0.1250000000
49270  20.539  -25.238  65.673 0.1250000000
127605  19.455  -25.712  65.674 0.1250000000
50369  18.160  -25.794  65.842 0.1250000000
49183  11.678  -26.535  74.040 0.1250000000
50287  12.052  -25.730  72.479 0.1250000000
142087  12.558  -24.957  72.287 0.1250000000
51437  22.991  -24.606  70.761 0.1250000000
50313  22.244  -24.899  70.317 0.1250000000
50328  21.651  -25.219  69.844 0.1250000000
51441  14.039  -24.390  70.282 0.1250000000
51470  22.757  -24.599  68.849 0.1250000000
50341  21.521  -25.244  68.869 0.1250000000
50342  20.992  -25.418  68.924 0.1250000000
51458  15.080  -24.370  68.859 0.1250000000
50353  21.561  -25.154  68.043 0.1250000000
137325  20.677  -25.447  67.672 0.1250000000
49258  20.251  -25.565  67.285 0.1250000000
49259  19.783  -25.683  67.782 0.1250000000
50354  21.216  -25.168  67.340 0.1250000000
50355  19.215  -25.843  67.407 0.1250000000
50356  18.504  -25.761  66.993 0.1250000000
50345  17.742  -24.918  67.846 0.1250000000
50367  21.067  -24.971  66.335 0.1250000000
49181  11.535  -27.005  75.432 0.1250000000
51423  12.956  -24.608  71.740 0.1250000000
51422  13.670  -24.279  71.076 0.1250000000
50314  21.759  -25.172  70.846 0.1250000000
49224  21.173  -25.419  70.320 0.1250000000
139642  21.199  -25.399  69.471 0.1250000000
141200  15.696  -23.878  69.478 0.1250000000
51440  14.723  -24.160  69.715 0.1250000000
127541  20.597  -25.458  68.659 0.1250000000
49249  20.249  -25.540  68.180 0.1250000000
50332  17.154  -24.567  68.560 0.1250000000
51457  16.303  -24.055  68.979 0.1250000000
49250  19.709  -25.481  68.540 0.1250000000
146591  19.319  -25.661  68.113 0.1250000000
50343  18.779  -25.654  67.873 0.1250000000
51403  12.558  -24.899  73.036 0.1250000000
49212  21.019  -25.395  71.984 0.2500000000
52586  13.614  -24.011  71.934 0.1250000000
130993  21.018  -25.422  70.854 0.1250000000
50301  19.797  -24.845  71.277 0.2500000000
49226  20.360  -25.269  70.776 0.1250000000
51439  16.631  -23.690  69.881 0.1250000000
52603  14.878  -23.821  70.689 0.1250000000
49235  20.697  -25.420  69.487 0.1250000000
49237  19.745  -25.172  69.309 0.1250000000
50331  18.149  -24.317  69.398 0.1250000000
49236  20.175  -25.405  69.007 0.1250000000
50330  18.829  -24.779  68.941 0.1250000000
122790  18.188  -24.703  68.493 0.1250000000
51456  17.240  -24.070  69.374 0.1250000000
50329  19.176  -25.265  68.620 0.1250000000
50344  18.541  -25.226  68.182 0.1250000000
52571  13.117  -24.269  72.524 0.1250000000
58477  5.272  -18.397  63.342 0.1250000000
59608  4.995  -18.096  63.838 0.2500000000
123573  5.525  -14.955  66.348 0.1250000000
60759  5.367  -16.723  66.020 0.1250000000
68704  37.375  -8.645  62.225 0.2500000000
68670  38.100  -8.930  65.509 0.2500000000
67774  38.341  -9.602  65.442 0.1250000000
68680  38.102  -8.902  64.655 0.2500000000
67783  38.386  -9.447  64.745 0.2500000000
68681  37.826  -8.430  64.090 0.2500000000
68693  38.267  -9.189  63.978 0.2500000000
140696  36.298  -6.301  64.680 0.2500000000
70572  36.459  -6.028  64.059 0.2500000000
67913  41.181  -9.409  52.322 0.1250000000
67921  40.201  -9.434  51.178 0.1250000000
68798  41.019  -8.654  52.335 0.1250000000
68799  40.758  -8.957  51.699 0.1250000000
66980  40.663  -11.076  53.332 0.1250000000
66979  41.069  -10.298  52.758 0.1250000000
66961  41.308  -10.571  53.794 0.1250000000
125288  40.502  -10.725  52.465 0.1250000000
67914  40.651  -9.911  51.894 0.1250000000
66008  39.941  -11.420  53.940 0.1250000000
65990  39.991  -11.381  54.884 0.1250000000
66962  40.735  -11.176  54.381 0.1250000000
66933  40.654  -10.956  56.213 0.1250000000
127310  41.388  -10.785  55.812 0.1250000000
66948  40.732  -11.142  55.340 0.1250000000
65942  40.005  -11.201  55.730 0.1250000000
66947  41.429  -10.785  54.843 0.1250000000
49211  21.357  -25.334  71.414 0.1250000000
49214  20.141  -25.075  71.436 0.2500000000
51438  17.695  -23.871  70.113 0.1250000000
58478  4.435  -18.442  63.668 0.2500000000
50315  19.415  -24.865  69.559 0.1250000000
51459  14.225  -25.108  68.758 0.1250000000
50347  14.979  -25.366  67.574 0.1250000000
49257  20.685  -25.323  66.788 0.1250000000
49284  19.850  -25.641  64.870 0.1250000000
50379  18.729  -25.985  65.391 0.1250000000
50357  17.201  -25.167  66.986 0.1250000000
50327  22.162  -24.946  69.331 0.1250000000
51471  22.086  -24.908  68.406 0.1250000000
51421  15.662  -23.692  70.080 0.1250000000
127188  18.130  -25.476  67.487 0.1250000000
130992  20.231  -25.276  69.860 0.1250000000
49227  19.874  -25.040  70.385 0.1250000000
131275  3.903  -35.877  67.071 0.1250000000
142685  4.241  -33.912  66.080 0.1250000000
127134  3.911  -35.082  66.144 0.1250000000
54768  34.913  -22.101  63.303 0.1250000000
127249  35.721  -21.837  62.978 0.1250000000
55721  36.259  -21.605  63.621 0.1250000000
137888  36.396  -21.299  62.817 0.1250000000
141013  36.413  -21.116  62.133 0.1250000000
61861  33.604  -16.967  61.474 0.1250000000
143638  33.409  -16.480  62.012 0.1250000000
142081  33.100  -15.985  62.526 0.1250000000
61862  32.363  -15.678  62.200 0.1250000000
130594  32.425  -16.376  61.123 0.1250000000
61863  31.978  -15.770  61.652 0.1250000000
62869  31.139  -14.989  61.487 0.1250000000
62849  32.987  -15.307  63.477 0.1250000000
62859  32.207  -15.114  62.882 0.1250000000
62860  31.569  -14.752  62.282 0.1250000000
140407  30.811  -15.154  60.807 0.1250000000
62850  32.166  -14.502  63.501 0.1250000000
62851  31.829  -13.920  62.984 0.1250000000
63868  31.297  -13.106  61.998 0.1250000000
62861  30.958  -13.939  61.880 0.1250000000
63875  30.817  -13.018  61.429 0.1250000000
64894  31.119  -12.226  60.721 0.1250000000
62843  32.038  -13.633  63.820 0.1250000000
63867  31.670  -13.080  62.607 0.1250000000
62832  32.279  -13.493  64.486 0.1250000000
63847  32.158  -12.989  64.166 0.1250000000
63859  31.980  -13.029  63.354 0.1250000000
64868  31.778  -12.685  62.084 0.1250000000
64893  32.122  -12.124  60.836 0.1250000000
64882  31.537  -12.497  61.484 0.1250000000
64905  31.935  -11.711  60.101 0.1250000000
73506  40.103  -2.517  66.756 0.1250000000
72503  41.021  -3.294  66.152 0.1250000000
73531  43.133  -2.834  65.690 0.1250000000
75346  42.128  -2.308  66.599 0.1250000000
74439  41.650  -2.789  66.692 0.1250000000
73517  41.411  -3.208  66.468 0.1250000000
64838  32.552  -12.722  64.395 0.1250000000
73545  43.181  -3.345  65.251 0.1250000000
64854  32.442  -12.685  63.643 0.1250000000
74462  43.721  -2.641  64.451 0.1250000000
73544  43.446  -3.492  64.637 0.1250000000
64867  32.295  -12.623  62.607 0.1250000000
72549  43.696  -3.800  64.019 0.1250000000
64904  32.788  -11.873  60.234 0.1250000000
74430  38.591  -2.357  67.185 0.1250000000
73509  37.600  -2.720  67.244 0.1250000000
76260  39.779  -1.466  66.552 0.1250000000
75363  41.581  -1.466  66.316 0.1250000000
126376  43.850  -3.217  64.219 0.1250000000
73557  44.333  -3.408  63.484 0.1250000000
64881  32.298  -12.355  61.654 0.1250000000
65913  32.811  -11.318  59.651 0.1250000000
72523  36.192  -4.370  66.259 0.1250000000
122794  35.921  -6.140  65.503 0.1250000000
64892  33.237  -12.073  60.864 0.1250000000
75338  38.913  -1.935  67.131 0.1250000000
70562  36.347  -5.588  64.870 0.1250000000
55732  35.146  -21.920  62.378 0.1250000000
135414  32.916  -16.324  61.682 0.1250000000
75348  40.639  -1.747  66.722 0.1250000000
71511  35.954  -5.093  65.758 0.1250000000
43232  7.271  -32.397  79.745 0.5000000000
43348  3.337  -33.912  72.740 0.5000000000
44198  3.577  -32.990  72.629 0.5000000000
45134  7.032  -31.411  69.143 0.6250000000
45919  8.049  -29.190  81.985 0.7500000000
46110  6.853  -29.581  66.756 0.5000000000
47187  5.051  -28.860  67.772 0.6250000000
47240  4.201  -28.135  65.136 0.6250000000
48142  3.094  -27.741  77.391 0.7500000000
48276  4.302  -27.723  67.206 0.7500000000
48357  4.239  -27.754  62.295 0.5000000000
48375  5.352  -28.132  60.300 0.1250000000
49119  11.223  -26.096  82.988 0.7500000000
49121  10.118  -27.079  83.233 0.7500000000
49122  9.840  -27.190  83.211 0.7500000000
49126  10.864  -26.378  82.502 0.7500000000
49191  21.121  -25.398  73.363 0.6250000000
49204  20.953  -25.486  72.386 0.2500000000
49213  20.581  -25.251  71.693 0.1250000000
49225  20.662  -25.394  70.275 0.1250000000
49248  21.030  -25.396  68.223 0.1250000000
49355  4.616  -27.189  60.875 0.3750000000
49366  5.183  -27.615  60.280 0.1250000000
50133  11.425  -25.446  83.596 0.6250000000
50139  12.247  -25.362  82.862 0.5000000000
50152  27.181  -25.138  80.565 0.2500000000
50153  26.504  -24.998  80.720 0.3750000000
50154  26.001  -25.044  80.506 0.2500000000
50160  29.099  -25.493  79.891 0.3750000000
50161  28.378  -25.493  80.098 0.3750000000
50164  25.391  -25.002  80.078 0.5000000000
50166  24.223  -24.730  79.437 0.5000000000
50185  29.608  -26.004  78.510 0.3750000000
50186  26.702  -25.695  78.791 0.6250000000
50200  28.465  -25.941  77.237 0.5000000000
50205  23.752  -24.995  77.452 0.6250000000
50206  23.223  -24.641  77.215 0.7500000000
50212  33.447  -24.919  75.620 0.6250000000
50213  33.224  -25.688  76.220 0.6250000000
50214  32.145  -26.250  76.378 0.6250000000
50224  22.644  -24.871  76.166 0.7500000000
50250  29.085  -25.565  74.770 0.7500000000
50265  22.788  -25.278  73.658 0.6250000000
50268  20.822  -25.199  73.539 0.6250000000
50285  20.085  -24.870  72.546 0.3750000000
50310  31.483  -26.089  70.819 0.6250000000
50335  3.724  -26.333  69.630 1.0000000000
50349  3.796  -26.535  68.224 0.8750000000
50444  4.773  -26.689  60.315 0.2500000000
51262  11.467  -24.625  83.909 0.6250000000
51263  10.832  -24.725  84.279 0.7500000000
51275  12.750  -24.878  82.659 0.5000000000
51283  26.894  -24.287  80.978 0.2500000000
51286  24.940  -23.940  80.966 0.2500000000
51297  24.210  -23.854  80.389 0.5000000000
51298  23.762  -23.678  80.248 0.5000000000
51303  31.266  -24.269  79.212 0.5000000000
51305  30.079  -24.755  79.645 0.3750000000
51309  25.033  -24.562  80.374 0.5000000000
51331  31.294  -25.213  78.358 0.6250000000
51339  32.997  -24.568  76.921 0.5000000000
51347  34.210  -23.640  75.465 0.6250000000
51350  21.114  -24.475  75.531 0.6250000000
51372  20.379  -24.574  73.755 0.6250000000
51378  33.848  -24.412  74.005 0.7500000000
51392  34.536  -23.573  73.455 0.7500000000
51394  32.893  -24.682  72.707 0.6250000000
51395  29.445  -25.337  72.384 0.7500000000
51432  32.931  -24.442  71.062 0.6250000000
51444  2.976  -25.872  71.042 1.0000000000
51452  29.274  -25.631  69.876 0.2500000000
51474  3.817  -25.526  68.814 1.0000000000
51498  27.702  -25.493  66.377 0.1250000000
51575  4.530  -26.176  62.267 0.6250000000
51612  5.648  -26.002  59.478 0.1250000000
52444  10.985  -23.951  83.970 0.6250000000
52445  10.516  -23.924  84.257 0.6250000000
52447  12.646  -23.898  82.901 0.5000000000
52448  11.825  -24.306  83.433 0.5000000000
52456  12.327  -24.331  83.094 0.5000000000
52460  14.573  -22.889  82.751 0.5000000000
52466  25.937  -23.023  81.629 0.2500000000
52467  25.399  -23.224  81.550 0.1250000000
52469  24.463  -23.154  81.588 0.1250000000
52476  27.569  -23.847  80.824 0.3750000000
52477  26.406  -23.675  81.280 0.2500000000
52480  24.724  -23.461  81.377 0.1250000000
52482  23.711  -23.207  81.108 0.3750000000
52489  29.685  -24.226  79.999 0.3750000000
52490  28.209  -24.226  80.595 0.3750000000
52501  30.302  -24.331  79.672 0.3750000000
52508  32.953  -23.216  78.127 0.3750000000
52509  32.394  -23.389  78.639 0.6250000000
52510  31.847  -23.882  78.798 0.5000000000
52529  34.353  -23.302  75.712 0.5000000000
52538  34.542  -23.395  75.139 0.6250000000
52545  34.795  -23.100  74.735 0.7500000000
52553  34.713  -23.327  74.194 0.7500000000
52579  34.097  -23.961  71.957 0.6250000000
52587  3.253  -24.430  71.297 0.8750000000
52610  32.988  -24.358  69.893 0.7500000000
52646  6.932  -24.184  66.786 0.7500000000
52705  5.074  -24.286  62.675 0.7500000000
52761  4.305  -24.746  60.722 0.2500000000
53567  12.976  -22.489  82.804 0.5000000000
53573  13.634  -23.107  82.728 0.5000000000
53576  9.571  -23.718  84.157 0.6250000000
53577  9.037  -23.732  84.100 0.6250000000
53578  8.462  -23.674  84.025 0.5000000000
53590  25.918  -22.820  81.626 0.2500000000
53592  24.817  -22.825  81.790 0.1250000000
53597  5.679  -23.515  82.220 0.6250000000
53602  23.496  -22.605  81.260 0.1250000000
53608  31.337  -23.291  79.183 0.2500000000
53619  32.353  -22.879  78.952 0.5000000000
53621  31.167  -23.897  79.371 0.3750000000
53641  34.543  -22.605  75.681 0.6250000000
53642  34.133  -22.826  76.196 0.6250000000
53643  33.600  -22.907  76.719 0.6250000000
53664  35.814  -21.917  73.834 0.5000000000
53665  35.162  -22.475  74.521 0.5000000000
53672  35.473  -22.406  73.928 0.6250000000
53680  35.406  -22.593  72.962 0.7500000000
53688  34.914  -22.824  72.339 0.7500000000
53689  7.346  -22.877  71.140 0.8750000000
53690  6.674  -23.174  71.336 0.8750000000
53700  34.522  -22.858  70.924 0.7500000000
53703  7.608  -22.937  70.285 0.7500000000
53714  26.069  -23.325  69.318 0.1250000000
53727  8.056  -22.789  68.434 0.7500000000
53760  6.548  -23.575  65.781 0.8750000000
53777  5.913  -24.230  64.694 0.8750000000
53778  5.383  -23.764  64.203 0.7500000000
53813  3.952  -22.999  63.059 0.5000000000
53843  6.663  -23.461  61.004 0.1250000000
54574  11.751  -23.124  82.757 0.6250000000
54579  10.648  -22.998  83.249 0.6250000000
54585  15.627  -21.595  83.207 0.5000000000
54586  14.975  -22.125  83.080 0.5000000000
54598  25.721  -22.359  81.735 0.2500000000
54617  31.803  -22.658  79.015 0.2500000000
54618  30.959  -23.071  79.186 0.1250000000
54630  28.875  -22.899  80.224 0.2500000000
54638  32.821  -22.534  78.774 0.2500000000
54645  33.392  -21.925  76.952 0.3750000000
54646  33.181  -22.295  77.734 0.3750000000
54663  35.791  -21.470  74.244 0.5000000000
54664  35.238  -22.050  74.887 0.6250000000
54676  36.442  -21.359  73.658 0.6250000000
54685  7.573  -21.982  72.342 0.8750000000
54688  5.205  -22.874  73.058 0.8750000000
54689  36.459  -21.278  72.282 0.6250000000
54709  8.089  -22.335  69.139 0.7500000000
54715  7.961  -22.462  67.992 0.7500000000
54723  7.519  -22.357  67.472 0.7500000000
54725  5.449  -22.016  66.687 0.7500000000
54734  6.653  -22.899  66.236 0.7500000000
54760  3.413  -22.311  64.511 0.7500000000
54812  10.161  -22.551  60.729 0.1250000000
54816  5.584  -22.943  61.402 0.1250000000
55547  12.210  -22.075  82.892 0.5000000000
55549  16.005  -20.762  83.720 0.3750000000
55552  13.933  -21.245  83.434 0.5000000000
55553  13.003  -21.411  83.163 0.5000000000
55563  24.421  -21.344  82.229 0.1250000000
55578  22.909  -20.975  82.040 0.1250000000
55585  27.868  -22.667  80.760 0.2500000000
55587  26.380  -21.653  81.466 0.1250000000
55611  33.025  -21.135  78.809 0.2500000000
55631  36.151  -21.045  74.153 0.6250000000
55638  36.604  -20.956  73.921 0.6250000000
55643  37.636  -20.277  73.240 0.3750000000
55648  37.618  -20.166  71.975 0.7500000000
55651  7.262  -21.623  71.489 0.8750000000
55660  5.206  -21.175  70.002 0.7500000000
55661  4.097  -20.907  69.758 0.8750000000
55667  37.415  -20.142  70.216 0.7500000000
55681  7.810  -21.872  68.916 0.7500000000
55686  3.284  -21.005  68.203 0.7500000000
55691  35.899  -20.374  67.828 0.8750000000
55707  2.881  -21.613  65.699 0.7500000000
56511  25.798  -21.130  81.700 0.2500000000
56513  24.434  -20.275  82.135 0.2500000000
56515  21.604  -19.587  82.427 0.2500000000
56544  33.215  -20.688  78.527 0.2500000000
56563  35.111  -20.968  74.875 0.3750000000
56570  37.409  -19.800  73.916 0.3750000000
56577  38.050  -19.600  73.200 0.3750000000
56581  7.031  -21.169  73.152 0.7500000000
56583  6.187  -20.189  73.227 0.6250000000
56584  38.732  -19.105  72.089 0.5000000000
56590  38.559  -19.380  71.739 0.5000000000
56600  3.200  -20.159  69.540 0.8750000000
56607  2.728  -19.992  69.005 0.8750000000
56623  2.544  -20.381  66.112 0.7500000000
56665  4.712  -20.677  62.480 0.2500000000
56685  11.190  -20.730  59.109 0.1250000000
57369  16.977  -19.860  84.016 0.2500000000
57391  25.355  -20.378  81.641 0.2500000000
57394  23.385  -19.277  82.452 0.1250000000
57469  6.132  -20.021  74.812 0.5000000000
57471  38.451  -18.981  72.883 0.3750000000
57478  38.383  -19.332  72.723 0.5000000000
57482  39.204  -18.717  71.767 0.5000000000
57487  2.698  -19.035  69.699 0.7500000000
57491  38.983  -18.917  70.174 0.6250000000
57498  38.733  -18.764  69.501 0.8750000000
57499  38.121  -18.981  69.043 0.8750000000
57514  2.453  -19.714  65.695 0.7500000000
57561  6.896  -19.722  62.098 0.1250000000
58300  15.536  -19.553  83.919 0.2500000000
58304  20.717  -18.562  83.301 0.2500000000
58307  16.624  -18.891  83.958 0.3750000000
58326  24.257  -19.137  81.861 0.1250000000
58389  37.708  -18.598  73.447 0.3750000000
58399  38.114  -18.858  73.227 0.3750000000
58400  37.716  -19.385  73.492 0.3750000000
58407  38.855  -18.657  72.508 0.2500000000
58408  38.538  -18.852  72.911 0.2500000000
58415  39.556  -18.296  71.647 0.5000000000
58429  39.519  -18.597  70.507 0.6250000000
58450  2.478  -18.917  67.461 0.7500000000
58469  2.634  -19.111  65.369 0.6250000000
58480  3.153  -19.164  64.229 0.5000000000
59374  17.079  -18.485  83.679 0.3750000000
59376  21.405  -18.294  83.179 0.1250000000
59379  17.989  -18.277  83.444 0.2500000000
59380  17.574  -18.128  83.430 0.2500000000
59389  20.656  -17.575  82.733 0.2500000000
59390  17.214  -17.995  83.346 0.2500000000
59401  23.850  -18.168  81.550 0.1250000000
59402  23.370  -17.712  81.933 0.1250000000
59487  37.937  -17.784  73.381 0.2500000000
59493  39.008  -17.615  72.729 0.2500000000
59499  21.559  -17.594  73.246 0.1250000000
59511  39.782  -16.917  71.247 0.3750000000
59512  39.903  -17.731  70.998 0.2500000000
59530  2.426  -17.934  70.012 0.7500000000
59533  39.135  -17.529  69.932 0.6250000000
60526  19.179  -17.654  82.839 0.2500000000
60546  20.638  -17.203  81.857 0.2500000000
60554  23.574  -17.678  80.918 0.1250000000
60555  23.027  -17.216  80.925 0.1250000000
60562  2.847  -16.836  81.017 0.3750000000
60641  37.885  -16.780  73.406 0.2500000000
60658  39.358  -16.679  72.471 0.3750000000
60682  39.668  -16.276  71.169 0.3750000000
60683  39.780  -16.850  70.758 0.3750000000
60694  39.490  -16.317  70.884 0.3750000000
60703  39.127  -16.244  70.761 0.3750000000
60727  37.104  -17.138  68.419 0.6250000000
60739  36.803  -17.516  67.912 0.8750000000
61607  21.646  -16.957  81.282 0.1250000000
61612  17.784  -17.409  81.607 0.2500000000
61629  3.263  -15.957  81.157 0.2500000000
61635  20.636  -16.580  80.558 0.2500000000
61644  2.853  -16.231  79.909 0.3750000000
61674  3.142  -15.941  79.087 0.3750000000
61719  37.360  -14.879  73.881 0.2500000000
61731  39.430  -15.785  72.339 0.2500000000
61748  39.495  -15.767  71.297 0.2500000000
61749  39.189  -15.208  71.371 0.3750000000
61761  38.986  -15.669  70.759 0.2500000000
61768  38.497  -15.648  70.657 0.3750000000
62739  39.269  -14.301  72.412 0.2500000000
62745  39.417  -15.228  71.547 0.2500000000
62746  39.261  -14.457  71.750 0.2500000000
62751  7.034  -14.655  72.063 0.3750000000
62757  4.321  -14.865  70.705 0.3750000000
62765  38.070  -14.742  70.644 0.3750000000
62852  31.356  -13.741  62.407 0.1250000000
63743  5.720  -13.427  75.304 0.2500000000
63752  39.065  -13.645  72.602 0.2500000000
63754  37.986  -13.107  73.220 0.2500000000
63775  38.745  -13.733  71.484 0.2500000000
63786  37.746  -13.827  70.525 0.5000000000
63829  4.514  -13.381  66.564 0.1250000000
64731  37.941  -12.585  72.919 0.2500000000
64737  38.965  -13.192  72.167 0.2500000000
64765  4.080  -12.228  70.008 0.1250000000
65667  6.963  -11.255  77.925 0.1250000000
65692  36.637  -12.503  73.522 0.1250000000
65709  38.356  -12.213  72.442 0.2500000000
65713  34.864  -11.903  73.533 0.1250000000
65725  38.556  -11.985  72.091 0.2500000000
65730  34.694  -11.815  72.640 0.1250000000
65746  38.458  -11.717  71.443 0.3750000000
65762  9.737  -11.499  71.537 0.2500000000
65763  38.526  -12.340  71.492 0.2500000000
65764  38.409  -11.225  70.910 0.2500000000
65777  10.205  -11.163  71.045 0.1250000000
65781  6.385  -11.992  70.148 0.1250000000
66680  13.092  -10.338  82.586 0.1250000000
66759  37.439  -10.674  72.158 0.1250000000
66760  36.525  -11.216  72.407 0.1250000000
66761  36.085  -11.069  72.013 0.1250000000
66783  9.259  -11.156  70.081 0.1250000000
66853  38.088  -10.469  64.446 0.5000000000
67635  8.533  -10.417  82.909 0.1250000000
67714  37.306  -9.298  71.599 0.1250000000
67721  11.399  -9.281  71.787 0.1250000000
67738  38.556  -9.136  68.522 0.2500000000
67749  38.712  -9.019  67.948 0.2500000000
67762  38.359  -8.914  67.275 0.2500000000
68612  37.609  -8.808  71.320 0.1250000000
68622  38.416  -9.343  70.258 0.2500000000
68624  37.835  -8.466  70.683 0.1250000000
68651  38.103  -8.411  67.301 0.1250000000
68725  40.520  -8.599  59.624 0.5000000000
69549  37.799  -8.221  69.811 0.1250000000
69562  36.088  -7.472  69.683 0.1250000000
69574  38.252  -8.321  67.858 0.2500000000
69620  37.668  -8.372  65.013 0.2500000000
69655  41.696  -6.804  60.557 0.8750000000
69659  36.138  -7.142  61.170 0.7500000000
69684  37.003  -7.100  58.024 0.5000000000
69685  36.628  -6.743  58.471 0.6250000000
70594  41.068  -5.210  61.921 0.8750000000
70606  43.668  -5.131  60.480 0.6250000000
70620  44.913  -5.292  59.372 0.5000000000
70632  38.818  -6.534  59.409 0.7500000000
71597  47.006  -4.279  57.713 0.7500000000
72518  41.628  -3.778  65.397 0.2500000000
72536  41.926  -4.068  64.985 0.2500000000
72581  46.319  -4.358  61.235 0.1250000000
72599  46.944  -4.413  60.571 0.1250000000
73505  41.010  -2.716  66.751 0.1250000000
73508  38.365  -2.655  67.091 0.1250000000
73516  42.187  -3.176  66.379 0.2500000000
73518  40.028  -2.906  66.368 0.2500000000
73588  47.318  -3.887  60.501 0.1250000000
74429  39.298  -2.293  67.064 0.1250000000
74450  42.789  -2.587  66.182 0.1250000000
74463  43.345  -2.669  65.113 0.1250000000
75336  40.612  -2.242  66.938 0.1250000000
75337  39.802  -1.940  67.080 0.1250000000
75339  38.231  -1.970  67.147 0.1250000000
75347  41.338  -2.214  66.843 0.1250000000
75349  39.152  -1.627  66.849 0.1250000000
75350  38.480  -1.584  66.867 0.1250000000
75364  38.975  -1.321  66.385 0.1250000000
78383  51.578  1.870  50.326 0.3750000000
80180  51.957  3.324  50.363 0.1250000000
122004  3.985  -20.475  70.291 0.8750000000
122478  3.725  -26.766  69.118 1.0000000000
123528  16.682  -20.570  83.576 0.2500000000
123827  39.282  -18.191  72.209 0.2500000000
124014  25.501  -22.627  81.743 0.2500000000
124074  10.588  -26.711  82.733 0.7500000000
124440  36.523  -20.835  71.409 0.6250000000
125179  19.664  -17.450  82.407 0.2500000000
125587  38.924  -18.208  69.518 0.7500000000
125684  36.985  -20.917  65.918 0.5000000000
126841  37.169  -20.616  73.559 0.6250000000
127248  25.368  -24.340  80.817 0.2500000000
127312  3.790  -27.617  64.098 0.6250000000
127433  2.626  -16.405  70.153 0.6250000000
127708  25.211  -25.346  78.864 0.5000000000
127891  32.552  -23.771  69.011 0.6250000000
128095  26.921  -24.089  81.029 0.3750000000
128739  4.715  -28.197  61.127 0.2500000000
129827  33.172  -21.815  77.840 0.3750000000
129943  38.781  -19.124  70.910 0.5000000000
130734  27.737  -25.448  80.230 0.3750000000
130821  28.069  -25.436  75.735 0.6250000000
130825  35.635  -22.375  73.424 0.6250000000
131548  3.280  -26.233  65.852 0.7500000000
131787  38.994  -14.365  71.523 0.3750000000
132156  22.438  -17.845  82.614 0.1250000000
133149  40.743  -3.001  66.512 0.1250000000
133335  15.870  -22.185  83.003 0.3750000000
133432  7.756  -12.890  71.098 0.2500000000
133673  5.459  -30.327  62.077 0.2500000000
133679  4.950  -33.160  71.107 0.5000000000
133735  11.976  -10.064  84.858 0.1250000000
134173  18.276  -19.088  83.515 0.2500000000
134901  2.879  -16.958  79.134 0.3750000000
135128  2.515  -19.064  66.742 0.6250000000
135558  39.147  -18.567  72.125 0.5000000000
135561  9.541  -24.963  84.395 0.7500000000
135708  38.453  -11.572  71.765 0.2500000000
135756  23.149  -18.522  82.499 0.1250000000
136189  4.591  -28.487  67.690 0.7500000000
136339  38.107  -13.042  70.866 0.3750000000
136427  4.079  -26.148  64.013 0.7500000000
136573  2.722  -26.084  71.531 1.0000000000
137092  39.657  -16.280  71.448 0.2500000000
137763  38.462  -9.111  69.359 0.2500000000
137853  5.670  -12.602  80.038 0.2500000000
138170  3.749  -27.614  72.672 0.7500000000
138462  9.816  -10.464  73.539 0.1250000000
138780  36.579  -19.824  67.509 1.0000000000
138808  25.641  -18.993  78.575 0.1250000000
139039  15.481  -22.014  82.990 0.3750000000
139135  34.147  -24.078  73.495 0.7500000000
139175  5.950  -29.252  66.334 0.5000000000
139477  36.556  -13.203  74.079 0.2500000000
139963  4.956  -26.414  59.819 0.1250000000
140108  2.991  -24.192  74.167 0.8750000000
140499  28.878  -24.113  80.385 0.3750000000
140501  37.988  -19.997  72.872 0.3750000000
140869  26.846  -23.872  70.904 0.3750000000
141162  29.400  -23.661  80.090 0.3750000000
141327  45.812  -4.098  61.842 0.1250000000
141557  18.063  -17.868  83.246 0.2500000000
142391  43.528  -3.088  64.769 0.1250000000
142417  3.824  -27.640  63.461 0.6250000000
142589  3.151  -19.636  69.765 0.8750000000
142625  31.091  -26.221  71.133 0.5000000000
142921  21.072  -25.604  72.945 0.5000000000
143341  42.283  -3.615  65.820 0.2500000000
143450  32.311  -24.942  70.406 0.7500000000
143962  9.434  -11.650  71.956 0.2500000000
144021  20.615  -25.471  68.178 0.1250000000
144031  36.561  -16.329  73.856 0.2500000000
144055  16.179  -21.687  82.742 0.2500000000
144354  39.219  -17.811  72.442 0.2500000000
144585  35.067  -19.640  74.560 0.2500000000
144952  4.945  -26.039  59.622 0.1250000000
144966  2.844  -19.424  64.554 0.5000000000
145089  6.914  -21.715  73.572 0.8750000000
145334  25.422  -19.688  80.962 0.2500000000
145416  18.741  -17.308  81.802 0.2500000000
145511  3.574  -27.296  72.238 1.0000000000
145531  35.616  -7.950  70.802 0.1250000000
145610  39.651  -16.248  71.969 0.2500000000
145678  32.644  -24.647  69.860 0.6250000000
145730  3.364  -32.236  75.812 0.6250000000
145781  36.765  -13.720  74.199 0.2500000000
145986  2.595  -17.549  67.400 0.7500000000
146055  36.994  -14.605  74.125 0.2500000000
146090  23.088  -25.251  75.752 0.7500000000
146202  3.807  -23.792  71.833 0.8750000000
146248  3.835  -26.518  67.527 0.8750000000
146262  21.704  -24.508  76.211 0.6250000000
146384  30.936  -26.250  72.748 0.7500000000
146437  5.011  -25.389  65.806 0.8750000000
146812  19.779  -17.148  81.714 0.2500000000
146879  13.011  -19.945  82.749 0.2500000000
147042  4.090  -18.974  63.342 0.3750000000
147165  32.437  -24.999  77.272 0.5000000000
