global_signal	global_signal_derivative1	global_signal_power2	global_signal_derivative1_power2	csf	csf_derivative1	csf_derivative1_power2	csf_power2	white_matter	white_matter_derivative1	white_matter_derivative1_power2	white_matter_power2	csf_wm	tcompcor	std_dvars	dvars	framewise_displacement	rmsd	t_comp_cor_00	t_comp_cor_01	t_comp_cor_02	t_comp_cor_03	t_comp_cor_04	t_comp_cor_05	t_comp_cor_06	c_comp_cor_00	c_comp_cor_01	c_comp_cor_02	c_comp_cor_03	c_comp_cor_04	c_comp_cor_05	c_comp_cor_06	c_comp_cor_07	c_comp_cor_08	c_comp_cor_09	c_comp_cor_10	w_comp_cor_00	w_comp_cor_01	w_comp_cor_02	w_comp_cor_03	w_comp_cor_04	w_comp_cor_05	w_comp_cor_06	w_comp_cor_07	w_comp_cor_08	w_comp_cor_09	w_comp_cor_10	w_comp_cor_11	w_comp_cor_12	w_comp_cor_13	w_comp_cor_14	w_comp_cor_15	w_comp_cor_16	w_comp_cor_17	w_comp_cor_18	w_comp_cor_19	w_comp_cor_20	w_comp_cor_21	w_comp_cor_22	w_comp_cor_23	w_comp_cor_24	w_comp_cor_25	a_comp_cor_00	a_comp_cor_01	a_comp_cor_02	a_comp_cor_03	a_comp_cor_04	a_comp_cor_05	a_comp_cor_06	a_comp_cor_07	a_comp_cor_08	a_comp_cor_09	a_comp_cor_10	a_comp_cor_11	a_comp_cor_12	a_comp_cor_13	a_comp_cor_14	a_comp_cor_15	a_comp_cor_16	a_comp_cor_17	a_comp_cor_18	a_comp_cor_19	a_comp_cor_20	a_comp_cor_21	a_comp_cor_22	a_comp_cor_23	edge_comp_00	edge_comp_01	edge_comp_02	edge_comp_03	edge_comp_04	edge_comp_05	edge_comp_06	edge_comp_07	edge_comp_08	edge_comp_09	edge_comp_10	edge_comp_11	edge_comp_12	edge_comp_13	edge_comp_14	edge_comp_15	edge_comp_16	edge_comp_17	edge_comp_18	edge_comp_19	edge_comp_20	edge_comp_21	edge_comp_22	edge_comp_23	cosine00	cosine01	trans_x	trans_x_derivative1	trans_x_power2	trans_x_derivative1_power2	trans_y	trans_y_derivative1	trans_y_derivative1_power2	trans_y_power2	trans_z	trans_z_derivative1	trans_z_derivative1_power2	trans_z_power2	rot_x	rot_x_derivative1	rot_x_power2	rot_x_derivative1_power2	rot_y	rot_y_derivative1	rot_y_power2	rot_y_derivative1_power2	rot_z	rot_z_derivative1	rot_z_derivative1_power2	rot_z_power2
1171.4588332446183	n/a	1372315.7979868425	n/a	1678.95461410993	n/a	n/a	2818888.596241024	1161.7423506781795	n/a	n/a	1349645.2893592622	1300.5665118969582	1124.3709431053103	n/a	n/a	n/a	n/a	-0.0220763227	-0.1458313773	0.0177187632	-0.017795163	0.0055789796	-0.0019990743	0.1865641549	-0.0124404582	0.027556152	-0.0414841621	0.2877596657	-0.0284489736	0.0674752442	-0.0387152319	0.0731834252	-0.0285027132	0.028324754	-0.2310124563	-0.0851009573	0.1457600888	-0.0105808214	-0.0178948162	0.0197645533	-0.0975632799	0.2968553399	-0.0188761229	0.0090359892	-0.0947645828	0.0971020303	-0.1366474846	0.0029163271	-0.0396363432	0.1005821521	0.0257119731	-0.3576068144	0.1783509926	-0.0410407657	-0.1961601438	0.0261541292	0.0082363861	0.0914394658	-0.1348133053	-0.0384823418	-0.0232958245	-0.0633180906	-0.0188611535	0.0666553456	-0.1422890646	0.0539351088	-0.0551835584	0.2467268483	-0.1461934316	0.0905224293	-0.0585443027	0.0820171025	-0.1195885266	0.3610075694	-0.0242287365	0.0914468487	-0.096293241	0.0197282495	-0.0518684781	0.2114214841	-0.0006522859	-0.097718493	0.0045504059	0.0272513495	0.0711370408	-0.0450143876	-0.0637995262	0.182563766	-0.0940730127	0.0701613222	-0.2156384691	0.0688400595	-3.5316e-06	-0.2633646853	-0.0635503214	0.1067054376	-0.1464770147	0.0347195841	-0.2366899095	0.0193326054	-0.0453872063	0.2414917738	-0.2452934772	0.02076297	-0.0292927393	0.0276054372	-0.0770269305	-0.0028659633	0.0505582265	0.153366806	0.1532882396	0.0767829859038471	n/a	0.0058956269243103	n/a	-0.0071320010268607	n/a	n/a	5.086543864714208e-05	0.0805438453240654	n/a	n/a	0.0064873110195869	-0.00037335441016	n/a	1.3939351558592154e-07	n/a	-0.0004336251812897	n/a	1.880307978485252e-07	n/a	0.000669919380679	n/a	n/a	4.487919766093349e-07
1172.8389469750698	1.3801137304515123	1375551.1955415907	1.9047139089807896	1678.207145791747	-0.7474683181828823	0.5587088866871466	2816379.2241864824	1167.060180037418	5.317829359238431	28.279309093978217	1362029.4638289704	1302.4835147148476	1136.956719183384	1.197891	22.049782	0.0483138035755651	0.0208211231899523	0.1522129434	0.0310156028	0.0472859136	-0.0588358727	0.0816965102	0.0587424818	0.004661174	-0.1312276596	-0.0668491048	-0.0883780125	0.2140235883	0.0332372416	-0.0334803299	-0.0047970208	0.0081777242	-0.057461321	-0.0339875441	-0.1665714274	0.2035132931	-0.0934123187	-0.0197226317	-8.64994e-05	0.056472271	0.0213322024	0.0836168355	-0.1339978525	-0.0907075739	0.0987157698	0.2118549781	-0.1433381221	-0.0485591293	0.0318474447	0.0963239365	0.0523705678	-0.0441282216	-0.0188765006	-0.0303345168	0.019590349	0.1165603415	-0.0811053148	-0.0668651181	-0.0417415977	-0.057222539	0.1742756108	0.0903573112	-0.1449090469	-0.0528496732	-0.0384838336	0.0454403557	-0.0292294154	0.1585213037	-0.0471811981	-0.0175280758	-0.0274649554	0.0471402604	0.0721576296	0.0937949195	-0.1185062595	0.1802576586	0.1298309871	0.0391618193	0.0865272803	0.084115548	-0.1023997628	0.0176533948	0.0822084679	-0.1009243302	0.0531974811	-0.0590060487	-0.1989384382	0.0149242351	0.0188687606	0.0705641322	-0.2195673885	0.0903191481	-0.0019645264	-0.1711112329	-0.0165793962	-0.0762353418	-0.0741134161	0.0672146034	-0.0384339519	0.2533121364	-0.0315366849	0.3071066068	-0.1157679779	0.0244940675	0.0898022949	0.1159082298	-0.0984925499	0.0523258011	0.0413394682	0.1531573254	0.1524510324	0.0667391470868778	-0.0100438388169693	0.0044541137538839	0.0001008786981812	8.241273651776737e-05	0.0072144137633784	5.204776594922466e-05	6.791859140346947e-09	0.0865276795622378	0.0059838342381723	3.580627218992417e-05	0.0074870393304253	-0.0001504348540224	0.0002229195561376	2.2630645304740797e-08	4.96931285085846e-08	-0.0002120459998335	0.0002215791814562	4.4963506045388684e-08	4.9097333654799604e-08	0.0006129837831319	-5.6935597547099945e-05	3.241662268045333e-09	3.7574911838269625e-07
1171.455079385409	-1.3838675896608947	1372307.003017875	1.9150895057138544	1683.4661654837855	5.259019692038464	27.657288121248342	2834058.33032868	1163.2085878344776	-3.85159220294031	14.83476249775059	1353054.2188118796	1300.7838704805315	1126.814212705856	1.172735	21.586727	0.0417618562084691	0.0215352821671781	-0.0791521795	0.1706343759	0.0329482573	-0.0715353053	0.0624647616	-0.0015599147	0.1545509078	0.0910936717	-0.1329923015	-0.0423975562	0.0628773237	-0.0625014334	0.0750946586	0.103020331	0.0116568087	-0.1124845116	0.0620289266	-0.3043206073	0.0207035046	-0.0869103128	-0.0442834799	-0.0145141727	-0.0025205422	0.0639960276	0.3294102762	0.1660810765	0.032920508	0.0398704817	0.0102321213	-0.0202885159	0.1370464197	-0.0004694272	-0.0261659121	-0.0249958603	-0.0782719416	-0.1162313399	-0.0118432834	-0.0457004933	-0.1095757257	0.0057020091	-0.0318015923	0.0642105345	-0.03373437	0.0408722515	0.060697055	0.1015166116	-0.0460205462	-0.1011910241	0.0246217783	-0.0528531102	0.1829578367	-0.0960571908	0.1188755092	-0.0599858816	-0.1279476047	0.0639694609	-0.0827465778	0.1086330743	0.0458975892	0.0023434319	0.032387352	-0.1567989402	0.0567640962	0.058328102	-0.10268565	0.2483428189	-0.0290604692	0.0712874232	0.015349545	0.0414082869	0.052223174	0.120213401	0.0560418467	-0.2623688653	0.0417424059	-0.0050892909	0.0259073487	0.0550160066	0.1548762712	0.0082928736	0.1465407108	0.0246597335	0.0603110927	-0.073626246	0.1995518739	0.105791951	0.0140915638	0.038387956	-0.1744065683	-0.130696513	0.034277228	0.241560438	0.1527386503	0.1507811905	0.0577366044989986	-0.0090025425878791	0.0033335154990737	8.104577304657858e-05	-0.0001319322323638	-0.0002143449688815	4.5943765684840086e-08	1.7406113936495714e-08	0.0920501127062962	0.0055224331440584	3.049726783059487e-05	0.0084732232492418	-0.0004383621714593	-0.0002879273174369	1.9216139336651276e-07	8.29021401264094e-08	-0.0004196445150363	-0.0002075985152028	1.7610151900005146e-07	4.309714351440719e-08	0.0006579086606452	4.492487751329999e-05	2.018244619585006e-09	4.32843805751961e-07
1170.727125040714	-0.7279543446948082	1370602.001306096	0.5299175279600477	1681.218992729019	-2.2471727547665523	5.049785389765096	2826497.3015127773	1162.7330698252215	-0.4755180092561204	0.2261173771269038	1351948.1916651833	1302.9921164018067	1124.3754646401655	1.201941	22.124336	0.0755207585200004	0.0494652802892358	-0.0025643051	-0.0591333148	0.18178334	0.2196834229	-0.0231693404	-0.1739330574	0.0848573272	0.0904897306	0.0730897137	0.0295170154	0.1687387202	0.1634058628	-0.006414556	0.1584557907	0.1490416395	-0.1138632246	0.0182789881	0.0427551474	-0.1832000585	0.0503960823	0.1620152266	0.1129870554	-0.1636934534	-0.0712352921	0.1753061425	0.0717376222	0.1176659047	0.062375676	0.1310508014	0.0861732294	0.2216148964	0.0362438304	0.0201890946	-0.0404646904	0.0613248269	0.0400685339	0.1097846552	-0.1775950094	0.0782048362	-0.1605539469	0.1073967014	0.0330998888	0.05431731	-0.0284870221	-0.1835110193	-0.0049015162	0.0455132455	0.0961717011	0.1223256546	-0.1978350656	0.1474567085	-0.0061041292	0.1178162227	-0.0890863293	-0.1864892111	0.1269554159	0.0376474189	0.1294107273	-0.073964939	0.0363986667	-0.0511218408	0.107539572	-0.0610238068	-0.0804480027	-0.0329098516	0.0846338511	0.0447911247	0.0733544539	0.0320281876	0.0579554634	-0.0774832535	-0.1589899043	0.0608983468	-0.1498685504	-0.1609513092	-0.1135372928	0.0916725057	-0.1280547003	0.2383513976	-0.1512559368	-0.0333333095	0.0712567803	-0.0041575081	-0.1035857358	-0.0093697948	-0.0200619352	0.0902754472	0.1022898351	-0.1993142349	0.1261338594	-0.1091212814	0.066778052	0.1521113526	0.148287834	0.0578188302997944	8.2225800795796e-05	0.0033430171372364	6.761082316509926e-09	0.0041728168311436	0.0043047490635074	1.853086449976784e-05	1.741240030627532e-05	0.0806689767691892	-0.011381135937107	0.0001295302552189	0.0065074838129879	0.0003960198631954	0.0008343820346547	1.568317320453033e-07	6.96193379754517e-07	-6.087010096389456e-05	0.0003587744140724	3.7051691913547165e-09	1.2871908019299786e-07	0.0006560121550005	-1.8965056446999765e-06	3.5967336603788725e-12	4.303519475084001e-07
1172.691054909143	1.963929868428977	1375204.3102639187	3.857020528107459	1680.1365142687828	-1.0824784602361888	1.1717596168753102	2822858.706579256	1163.1186214501852	0.3855516249636821	0.1486500555121357	1352844.927564179	1299.6871480624502	1114.9044447590534	1.207173	22.220638	0.0900152861889772	0.0642362005759264	0.0106723902	0.1857889255	-0.0557144459	0.1434677087	-0.1401717713	-0.0327317708	-0.0313745583	-0.0265483774	-0.1608985357	0.0082496313	-0.0565383949	0.1457872697	-0.0218793787	-0.0569085849	0.1588529623	0.1561295941	-0.0291647833	0.0237888425	-0.03262915	-0.1921531072	0.037853183	0.1812572909	-0.0822260263	0.0350072744	0.081540238	-0.1950953023	0.0839385899	-0.104625423	0.0248580678	0.3727131695	0.04856766	-0.0434996022	0.0077689827	-0.1252268549	-0.056697228	0.2483207617	0.0115920458	0.0787136526	0.0108845587	-0.0480631032	0.0665639999	0.0161316585	0.061943309	-0.0032101013	0.1261385343	0.0995442582	-0.0608450744	0.201144143	0.0476738962	-0.0011303644	-0.0260302001	0.0039802462	-0.0295973709	0.0130537852	-0.0182849943	0.0242270881	0.3006143185	0.2216936723	-0.0184427992	-0.1089263936	0.1303251815	0.0692620028	-0.1915965012	-0.0087796859	0.1147357803	-0.1242040741	-0.0794695353	0.0727947276	0.0924298071	0.0698061627	-0.2059839145	0.0465130051	-0.026816159	-0.1363996159	0.0606842372	-0.1086730278	0.0959038477	-0.1535892702	0.0925601	-0.1417087917	-0.1991743614	0.1205640485	-0.0033390999	-0.0238696157	-0.1154161805	0.0384329263	0.0879342975	0.137390179	0.0512727343	0.0966743131	-0.0126236656	0.0664255775	0.151276289	0.1449845808	0.057635582886192	-0.0001832474136023	0.0033218604146311	3.3579614591968996e-08	0.005624367555896	0.0014515507247523	2.1069995065292173e-06	3.1633510403815546e-05	0.0314015928924007	-0.0492673838767885	0.0024272751140628	0.00098606003618	0.001039030273466	0.0006430104102706	1.0795839091788309e-06	4.134623877163655e-07	-7.509427207197383e-05	-1.4224171108079275e-05	5.639149698019629e-09	2.0232704371191718e-10	0.0007810396570985	0.000125027502098	1.5631876280865393e-08	6.100229459605426e-07
1174.1256707199907	1.4346158108476177	1378571.090643668	2.058122524733967	1679.254400984306	-0.8821132844768726	0.7781238466505761	2819895.34322516	1165.398340370131	2.279718919945936	5.197118353959462	1358153.291737456	1302.0799137720155	1126.9817559521898	1.286572	23.682144	0.0872199175900588	0.0558554618217762	-0.0977095933	-0.0963271399	-0.0512642075	0.1687458741	0.0609181848	0.0726705017	-0.0923254084	0.0004231171	-0.0569550071	0.2114712939	0.0417941414	-0.016608003	-0.1203154517	-0.0978242108	0.0251849126	-0.0004894832	-0.1736203229	0.0465097906	-0.0505683211	-0.0559583031	0.0581933887	-0.1273480502	-0.0136252928	-0.143119628	-0.1566099364	-0.0935811024	0.0014685707	-0.1469747049	0.140899354	0.1173919664	0.0677838224	0.1604897286	0.0642579796	0.0812693286	-0.0161601137	-0.1269601759	0.1639207724	0.2638635302	-0.0802914121	-0.2280742957	-0.0558610201	-0.0217833139	-0.0505447274	0.0056031258	0.0408437873	0.0452179778	0.1862305284	-0.0038880927	0.0404784445	0.1191181789	-0.0493174149	0.1625390477	0.003132613	0.0323377274	-0.0081501061	0.2860797001	0.0627745464	0.0707477683	0.0031596312	-0.1023124403	0.0371793222	0.158359003	-0.0939199952	0.0079960282	0.0564710389	-0.0636870097	-0.1233640471	-0.1700203823	0.1566625276	0.1194316278	0.0452391732	-0.1694685477	-0.0427188686	0.0065209988	0.1796394039	-0.1586159242	0.0920231223	-0.1653079914	-0.07543231	-0.2194320438	-0.1392139497	0.2798457128	0.1067671539	-0.0107714517	-0.1626835227	0.1130987026	-0.0436737098	0.0510440488	0.0863460431	0.0042215692	-0.2606367517	-0.0054543977	0.1502346003	0.1408894722	0.057599763106154	-3.5819780037998905e-05	0.003317732709885	1.2830566419706247e-09	0.0231354001244454	0.0175110325685493	0.0003066362616167	0.0005352467389181	0.0287004923937956	-0.002701100498605	7.295943903564717e-06	0.0008237182636463	0.002025139342599	0.0009861090691329	4.1011893569423095e-06	9.724110962263516e-07	-0.0003742647521784	-0.0002991704801064	1.4007410472315916e-07	8.950297616710954e-08	0.0007268799114806	-5.415974561790002e-05	2.9332780453956404e-09	5.283544057140449e-07
1176.565525523814	2.4398548038232093	1384306.4358511283	5.952891463739191	1685.5570045840898	6.302603599783879	39.72281213600871	2841102.415702489	1166.587706767558	1.1893663974269657	1.414592427328399	1360926.87758119	1301.913789095944	1130.8535811560494	1.317761	24.256241	0.2022788076165938	0.1247913888687701	0.1717321411	-0.0415194029	-0.1694305603	0.1223172395	0.002713193	0.1415904315	-0.1726743463	-0.2125896253	0.0307270165	0.0871022749	-0.0794606111	0.0060999477	-0.0749629177	0.0160998415	0.0149107536	-0.1553785111	0.0059125704	0.1454391904	0.1594773685	-0.0145901404	0.0993378506	-0.0268473318	0.0725497333	-0.1364502352	-0.0354413059	-0.0525714959	0.07518445	0.0659272689	0.1055395567	-0.0249252085	-0.0027214947	0.0125888201	-0.1155518885	-0.2101313623	0.3593462716	0.0070678194	-0.0955478891	0.1041930898	0.0085983839	-0.0192819013	0.1624088803	0.0259032934	-0.1225040004	0.1055467359	0.1747018263	-0.1627467218	0.1020848242	-0.0498924267	-0.0873165566	-0.0074285575	0.0110002681	0.1286376001	-0.0797603699	-0.0202115611	0.065306732	-0.0278189157	-0.0566556886	0.0659735281	0.1321444277	0.0044710959	-0.1348832179	0.1043636545	-0.0786348079	-0.0295111478	-0.0171762158	0.0197802115	-0.1226929467	-0.1700279056	0.0659760809	-0.1810963775	-0.0066418353	-0.0679014309	0.0641078982	-0.0231887612	0.0926953476	-0.0743052385	0.0892577536	-0.1337361484	-0.0128053515	0.0815853171	-0.0117114592	0.2228444837	-0.0166445962	0.0885270814	-0.107154816	0.0946860596	-0.0319105169	0.0981329863	0.0020672548	-0.0662591688	0.0617192465	-0.0130526442	0.1489877092	0.136024874	0.0578030105395299	0.0002032474333759	0.003341188027433	4.1309519173891437e-08	-0.0082975676900076	-0.031432967814453	0.0009880314656244	6.884962957025806e-05	0.0806510670906703	0.0519505746968746	0.0026988622113355	0.0065045946228638	0.0001039828253497	-0.0019211565172493	1.0812427967706212e-08	3.69084236376946e-06	4.953628533610477e-05	0.0004238010375145	2.453843564899988e-09	1.796073193983707e-07	0.0006979971128066	-2.8882798674000025e-05	8.342160592428173e-10	4.871999694863494e-07
1177.2771044353333	0.711578911519382	1385981.3806276426	0.5063445473191085	1687.658629127536	2.101624543446178	4.416825721615356	2848191.648468634	1164.8967619784314	-1.690944789126661	2.859294279874608	1356984.4660678343	1298.010210130546	1131.2958489253108	1.268979	23.358309	0.0695782791480902	0.0381692014302572	-0.103629602	0.1365462818	-0.2613691395	0.1568044788	-0.1363278051	0.0208287192	-0.1249849724	-0.064089125	-0.17107301	0.0232019259	-0.298627698	-0.1097634824	0.0455982129	-0.0569819862	0.1292271669	-0.1935803402	0.028753363	-0.0056746577	0.1671525271	-0.1461441876	-0.0093358609	-0.2193609155	0.0716177758	0.0078699127	0.0078536786	0.1720447298	0.0422295653	-0.0142103419	0.0465802374	0.1244394386	-0.0173852413	-0.0973798022	-0.0906228176	0.1367094021	-0.0206884464	0.0247363282	0.1532952855	0.1415333584	0.0023624944	0.0811429118	0.1288608319	-0.1756731917	0.2345809299	-0.0471799372	0.3204831558	0.1243396407	0.0857572876	-0.1473246414	-0.1325224605	-0.0697401069	-0.1008115936	-0.0564368765	0.1378587586	-0.1894248485	-0.0240215067	0.0789392711	0.0090752335	-0.0997763366	-0.1412444162	-0.0061267988	-0.0887392783	-0.084834364	0.021272596	0.0003481371	0.0884299215	0.0315237866	-0.2027022028	0.0756889308	0.098388822	0.0510262223	0.0237177325	0.1256935322	0.1413233975	-0.1628644175	0.0790777027	-0.0246546256	-0.0341401753	-0.1026426166	0.1338405243	0.2097874239	-0.0064595223	-0.0679939119	-0.1216459387	0.1234271127	-0.067813678	0.217708959	-0.0541615595	-0.1511829197	0.0443752107	-0.1068055527	0.2798493025	-0.2620589565	0.1475373187	0.1304173552	0.0543810668154378	-0.0034219437240921	0.0029573004279851	1.1709698850853329e-05	0.02051627760585	0.0288138452958576	0.0008302376807336	0.0004209176468003	0.0807702424672456	0.0001191753765752	1.4202770381864056e-08	0.0065238320682176	-0.0001059023096163	-0.000209885134966	1.1215299182066666e-08	4.4051769879696045e-08	-0.0003480294366065	-0.0003975657219426	1.211244887446378e-07	1.5805850326374456e-07	0.0005609816746839	-0.0001370154381227	1.8773230283955437e-08	3.14700439331153e-07
1177.4932521927988	0.2161477574654782	1386490.358959574	0.0467198530573551	1691.8094725755868	4.150843448050864	17.229501330226785	2862219.291496485	1166.4831309857066	1.5863690072751524	2.5165666272431526	1360682.894874217	1302.3129434305629	1140.8033222937047	1.201976	22.124973	0.0959918046812282	0.0516797664833116	-0.0634861306	-0.1769147416	-0.1703288077	0.0535541154	-0.1539013608	-0.075592674	-0.2598758631	0.0372820788	0.141483464	0.1396173477	-0.1745228991	-0.0273712818	0.0250083568	0.0180399263	0.1896434836	-0.1417751195	0.044387292	-0.0759783119	-0.0969287871	-0.0459665618	0.0379192042	-0.2283954321	-0.0298857769	-0.0462236204	0.0571912805	0.0866888127	-0.0151900647	-0.1954775387	0.0571251279	0.0241806129	-0.1183936002	0.0008468146	-0.0440928941	0.0692618847	-0.0059695441	0.1063661736	-0.0982702905	-0.0958708168	0.1386326358	-0.180793998	-0.1296951354	0.1573697041	0.0351428085	0.0693187151	0.0085367636	0.1473241619	0.2630234108	-0.121509763	-0.0521251326	-0.0990394488	-0.1767384749	-0.1420090353	0.0915768951	-0.0337036433	0.1121491395	0.1194903877	0.1305062801	0.0194016451	0.1033843657	-0.0071522493	0.0102326058	-0.0444199092	-0.0386729154	0.0431877716	0.0460880876	0.1293411894	-0.0303735451	0.0274735625	0.0924007486	0.1165176041	0.0635933892	-0.079817113	0.1424450011	-0.0426468004	-0.1221982192	0.015579074	0.0071694718	-0.1243025214	-0.1678833904	0.1712096252	-0.1655191787	-0.058176719	-0.0052387781	-0.0188581251	-0.0052941377	0.0431791631	-0.083676921	-0.160634384	0.0304955693	-0.0841410983	0.2693336295	-0.1645997378	0.1458854101	0.124097542	0.0540096295640495	-0.0003714372513883	0.0029170400856458	1.3796563171889618e-07	0.0553320075717636	0.0348157299659135	0.0012121350530594	0.0030616310619217	0.0490623257916382	-0.0317079166756073	0.0010053919799072	0.0024071118120848	9.843506430718047e-07	0.0001068866602593	9.689461885158756e-13	1.142475814140237e-08	4.900034256660746e-05	0.0003970297791731	2.401033571644883e-09	1.576326455502465e-07	0.0006389996510178	7.80179763339e-05	6.086804631236982e-09	4.083205540008702e-07
1176.5513541672688	-0.9418980255300085	1384273.088992834	0.8871718904973285	1689.6852180380129	-2.124254537573961	4.512457340403563	2855036.136056167	1167.884656839547	1.4015258538404396	1.9642747189831733	1363954.5716812264	1303.816066406011	1140.4406116456914	1.314776	24.201294	0.1172051379516424	0.075483775802331	0.1247771027	0.086917237	-0.0548289094	0.001541119	-0.1092046091	-0.1168605818	-0.21718789	0.0185299156	-0.0131822687	-0.0226150027	-0.1158220722	0.1261766422	0.0686794977	0.0138971576	0.0456981521	0.1785872377	0.0883064761	0.1798032146	0.060367627	-0.2290440758	0.1007559951	0.1056269377	-0.1599009081	0.1357380368	-0.122536506	0.0900316926	-0.1114619182	0.126522254	-0.216381495	0.0392530002	0.1791797702	-0.0814771971	-0.0819507971	0.2054578183	0.1206945457	-0.2227169742	-0.1661926518	-0.1549727832	0.1955590056	-0.0172806649	-0.0540220489	0.0811985989	-0.0866507761	0.1238095373	0.0942982174	0.0275389927	-0.0744203341	0.1728245348	0.1247560454	-0.1550956174	-0.2182235569	-0.0361342942	-0.0830828532	-0.0276250708	0.0527273181	0.0071563797	-0.0782509116	-0.010130754	-0.0198824461	0.0600027986	0.0722766933	-0.1465434974	0.0021883583	-0.0131372134	-0.0081063202	0.1091390922	0.3476784632	-0.0545799985	0.0794278072	0.0166795472	-0.2231372294	0.0091466818	0.1123873668	0.0096061786	-0.0669041694	0.0068957301	0.0119632845	-0.0955275656	-0.1972312015	0.1072996359	-0.1018325727	0.0086531989	0.0261597311	0.1287000966	0.1180584663	-0.0411207718	-0.1989669549	-0.24536249	-0.0114721865	0.1365476013	-0.0965635972	-0.109183573	0.1440342395	0.1170999511	0.0577524300525169	0.0037428004884674	0.0033353431769708	1.400855549647183e-05	0.0336797774947683	-0.0216522300769953	0.0004688190673071	0.0011343274120971	0.0080947165246172	-0.040967609267021	0.0016783450090553	6.552443561391077e-05	0.0010169846106231	0.00101600025998	1.034257698244218e-06	1.0322565282794848e-06	4.9824943444853886e-05	8.246008782464287e-07	2.482524989282888e-09	6.799666084047815e-13	0.0006389745494929	-2.510152489999199e-08	6.300865523049179e-16	4.0828847489965453e-07
1175.53963009517	-1.0117240720987866	1381893.421924289	1.0235855980641506	1683.0600788267698	-6.625139211243095	43.892469568350776	2832691.2289403724	1167.1428128659602	-0.7418439735868105	0.5503324811470685	1362222.3456246655	1305.779197916826	1131.6301512610644	1.203702	22.156746	0.1434883077638826	0.0778646316077359	-0.1270037436	0.1115252698	-0.0157122051	0.0672922051	0.1326630126	-0.0255338654	0.0609777748	0.1605929803	-0.0736152517	0.1437402693	-0.0243135903	-0.0283088186	0.0189013801	0.0159647321	-0.2209501013	0.1466757268	0.1390065639	-0.0675908103	-0.1235477367	-0.0941408739	-0.1081862457	-0.0204046349	0.1244639552	0.0675989584	-0.0459539811	0.0001367874	-0.0533911186	-0.0940385005	0.1618086337	-0.0819866088	-0.1682984516	-0.105430744	-0.1204925143	-0.071934098	-0.0892373739	-0.1145293912	-0.0486143515	0.0066110857	0.0063734255	0.0914772667	0.0983086124	0.2134636791	0.1361506436	-0.2021092338	-0.0717961168	0.1999378414	0.0008087957	0.0357139924	-0.1066541105	0.0219754088	0.0197974041	-0.0009520027	-0.1433307857	-0.0811521572	-0.0071515758	-0.2282448444	-0.048629	-0.2240568953	0.0651344667	0.1835123567	-0.0842554078	-0.1291530726	-0.0059974336	-0.0169195879	0.2517655237	-0.000389348	0.077359567	0.0379823693	0.0494873747	0.15417257	-0.023332415	-0.012703164	-0.0795190035	0.0279933405	-0.0110758232	0.0574529587	-0.0437701371	0.1502711174	-0.0098742477	0.1949019577	0.0098168282	0.0907035014	-0.3016539594	0.1626598046	0.1017327491	-0.0042377515	-0.0615521931	-0.0190482109	-0.0672825656	0.1130138717	-0.1192403038	0.0380244792	0.1419863355	0.1094628008	0.0521758354132089	-0.005576594639308	0.0027223178010662	3.109840777115872e-05	-0.0064632442798995	-0.0401430217746677	0.0016114621972014	4.177352662165361e-05	0.0465258761172364	0.0384311595926192	0.0014769540276333	0.0021646571484764	8.506542835890136e-05	-0.0009319191822641	7.236127101883379e-09	8.684733622719725e-07	-0.0002049726723341	-0.0002547976157789	4.201379640378232e-08	6.49218250066394e-08	0.0006390083865955	3.3837102599997184e-08	1.1449495123627357e-15	4.08331718139384e-07
1176.1574289468426	0.61779885167266	1383346.2976668472	0.3816754211280573	1688.1202163360192	5.060137509249444	25.604991612513164	2849749.8648023685	1166.2706849021831	-0.8721279637770749	0.7606071852019469	1360187.3104622073	1304.284053048509	1146.013350336175	1.199739	22.083788	0.0253437054097703	0.0176094347027729	0.1010408126	-0.054963943	0.0328466492	-0.0498148021	0.2258408832	0.0033548221	-0.1572441958	-0.09402134	0.081316464	0.0059431711	-0.0535469872	0.0889908787	0.1907085473	-0.0865035421	-0.1532198364	-0.0713481847	-0.1061398599	-0.0368537118	0.0217271661	0.0656197526	0.0810678955	0.0075463868	0.1046972174	0.0837011042	0.0075712544	0.0018136594	-0.1224873837	0.1323904124	-0.0392322264	0.0030545212	-0.0269549642	0.1395380676	-0.037661361	-0.0159040528	-0.0123635525	-0.2202779973	-0.0738989362	0.1763599143	-0.2602773061	-0.1056694111	-0.0849957735	0.0854074455	0.0785410319	-0.0408856388	0.0075641889	-0.0903889359	0.0872783784	0.0775750007	0.1175391598	0.1260017448	-0.0383096955	0.0592844485	0.0975623179	0.0783151509	-0.0158208917	0.0414840089	-0.1773056252	-0.0089768475	0.0338446639	0.2267992747	0.015345151	-0.0045719628	-0.0322411695	-0.005897864	0.0785530612	0.0427276473	0.0719055909	0.0831150903	0.0390318322	-0.1260542179	-0.0757643325	-0.13971039	-0.0874416261	0.0799544759	0.0205889616	0.0343443876	-0.0307218183	0.1205930308	0.0026037079	0.215854321	0.0426144231	0.0384369869	-0.1888876299	-0.0613850446	0.0675784802	0.0106859537	0.0690982663	-0.0115404077	-0.1847694884	0.0109850094	-0.1356381413	-0.1688800232	0.1397444952	0.1012278027	0.0415897870270924	-0.0105860483861165	0.0017297103849589	0.0001120644204331	-0.0064039652323657	5.927904753380044e-05	3.5140054765145716e-09	4.101077069734867e-05	0.0465237908217446	-2.0852954918035294e-06	4.348457288136124e-12	0.0021644631124254	6.515298901643636e-05	-1.991243934246499e-05	4.244911977775877e-09	3.9650524056734757e-10	-0.0004789791048926	-0.0002740064325585	2.294209829237164e-07	7.507952508343582e-08	0.0006390153683071	6.981711600019015e-09	4.874429686584008e-17	4.083406409326587e-07
1178.6797553346692	2.5223263878265243	1389285.9656357956	6.362130406726002	1681.9833439226193	-6.136872413399942	37.661203018349234	2829067.969233116	1167.3344073599123	1.0637224577292272	1.1315054670775075	1362669.6186063178	1303.3806077393533	1129.0620779094838	1.29694	23.872993	0.0179206350199731	0.0128208166135557	0.0836996819	-0.0198967418	-0.2359240184	-0.2660851166	-0.0152441359	-0.0644005225	0.1218597673	-0.2060161482	-0.0834860852	-0.0253379482	-0.0484869632	-0.1209254101	0.0369011661	-0.1595458712	0.0089674414	0.238822276	0.0160990302	-0.0708823099	0.1012457762	-0.0209483816	-0.051520537	0.0022054046	0.0578771019	0.0758585123	0.0209519832	-0.1440534679	-0.1180216725	-0.0399277761	-0.0714489288	-0.0140909365	-0.0484991758	-0.0019107152	-0.0750751894	0.0455182886	-0.0011853653	0.0647875348	-0.0461314151	-0.05351031	-0.0822765702	0.085152329	-0.16443419	0.1506475618	-0.2365848338	-0.2103638891	0.1447654081	-0.1007816974	0.0056706739	-0.0033707911	0.0309026856	0.1492730306	-0.0338857074	0.0533278708	-0.0955231432	0.0910766958	0.0419365109	-0.0831135329	0.006465342	0.0431697883	0.0677616071	0.0309863126	0.1310895703	-0.0843747832	0.0461308147	-0.0709099293	-0.1952250912	0.0375208177	-0.0252930706	-0.1382277943	0.0429173122	-0.1226736039	-0.0122140311	0.0322044908	-0.0663258344	0.0292586627	0.1331525214	0.0903871812	-0.0429920788	0.0304985831	-0.1799556973	0.1050178638	-0.1705645032	-0.1811174474	-0.1675460894	-0.1119525379	-0.1298799017	-0.0665571735	0.1131312247	-0.0888876198	-0.1430234432	0.1418849984	-0.0684638076	0.221473253	0.1373117808	0.0924399334	0.0418043028076766	0.0002145157805841	0.0017475997332359	4.601702011964859e-08	-0.0063594738411012	4.449139126449977e-05	1.9794838966508064e-09	4.044290753565045e-05	0.0464117424441283	-0.0001120483776162	1.2554838926444037e-08	0.0021540498367001	0.0002080863946168	0.0001429334056003	4.3299947624618616e-08	2.0429958436518064e-08	-0.00027093329686	0.0002080458080326	7.34048513474289e-08	4.328305823993745e-08	0.0006390277440843	1.2375777200018985e-08	1.5315986130450975e-16	4.083564577094697e-07
1176.9807885517712	-1.698966782897969	1385283.7766199491	2.886488129390675	1697.496790747285	15.513446824665834	240.6670323817345	2881495.3545973324	1167.1317663799812	-0.202640979931175	0.0410633667474668	1362196.560093255	1308.9652657406205	1130.331476064553	1.251037	23.028051	0.0573961316097521	0.0275535621071692	-0.1638623141	-0.1133486655	0.020289882	-0.1475904535	-0.1123978204	-0.0517784173	-0.0175253414	0.1744362433	0.1217203752	-0.1040495149	-0.0427171049	-0.1707190696	-0.0260926104	-0.2153051319	0.1107643536	0.0560414575	-0.1491334906	0.0663887591	0.001172697	0.1206742103	-0.1821713477	-0.1057170463	-0.073975598	-0.0538026517	-0.2413496305	-0.1264732567	0.0450472083	-0.1427073869	-0.018582792	-0.0314885423	-0.0201445067	-0.28782624	0.0770024308	-0.0439445663	-0.2253014646	-0.1155597784	-0.0850319934	-0.0466885632	-0.1050977048	0.0206646681	0.1147120754	-0.0506227311	-0.074699466	0.1635499995	-0.168642803	0.0100477409	-0.1321451986	-0.1586386517	-0.004967822	0.0179289711	-0.1331622449	-0.0071124236	-0.0325043733	-0.038312208	0.1020889149	-0.1247408754	0.231625419	-0.1581384152	-0.0708174674	-0.2040232534	0.0250128215	0.0059231721	-0.2154941726	0.3039221773	-0.1137125325	-0.0445617293	0.0611611079	-0.0373668447	0.0092383542	-0.0007360303	0.2350938747	-0.0004541152	-0.0090319389	0.0164992143	0.0577083616	0.053227294	-0.0744174819	0.0846302664	-0.0971345232	-0.0239291194	-0.0511387346	-0.1064841523	-0.1892477436	-0.0331906436	-0.0707885422	-0.1149035749	0.027492117	0.0127468874	0.0747233093	0.137795439	-0.1010447329	-0.0323802364	0.1346915149	0.0831471893	0.0499033902925418	0.0080990874848652	0.0024903483626897	6.559521808750014e-05	-0.0141859413419922	-0.007826467500891	6.125359354250302e-05	0.0002012409317584	0.0465487024334692	0.0001369599893408	1.875803868025941e-08	0.0021667816982396	-0.0002113943793457	-0.0004194807739625	4.468758361895372e-08	1.7596411972417805e-07	-0.000479046532956	-0.0002081132360959	2.2948558073716402e-07	4.331111903834942e-08	0.0004399494214497	-0.0001990783226346	3.963217854300592e-08	1.9355549343392574e-07
1175.5268575463272	-1.453931005444019	1381863.3928127429	2.113915368591457	1693.3865994020705	-4.110191345214616	16.893672894277138	2867558.1750345086	1167.8335974848	0.7018311048188934	0.4925668996913085	1363835.31141429	1307.141382833283	1143.1945931068938	1.481417	27.268692	0.1160020886085829	0.0577592203716735	0.1438157063	-0.0008749641	0.1210687005	-0.0545727287	0.1352767319	0.0489651632	-0.0145738033	-0.0287809408	0.0262331135	-0.1456991414	0.0399608381	-0.0437711959	0.0365568667	0.1604040918	-0.1689325582	-0.0833580082	-0.0851521307	-0.0708739806	0.150632846	0.0736141526	0.0276449836	0.0902706645	0.0993007138	-0.015508173	-0.1153992806	0.0426452577	0.0225936815	-0.0158864222	0.1337557943	-0.0116164636	0.1048967571	-0.0731145243	-0.0365154214	0.0534290134	0.1380882161	-0.0143265482	0.0968193138	-0.1442125382	0.017297546	0.1288195816	-0.1538297763	-0.1102479998	-0.012908168	-0.0456279116	0.0042425543	-0.1257850579	-0.0978809197	0.0005851156	-0.0281087872	-0.0566044095	0.1004970108	0.0389234163	-0.030238985	0.0443832853	0.1319538578	0.0295531567	-0.0304524259	-0.2823969132	-0.0251348175	0.1152218134	-0.0128021897	-0.0005701446	-0.1076795665	-0.0426236168	-0.1580135237	-0.0156962784	0.0938661087	0.0255493579	-0.0837623201	-0.2268951182	0.0205335874	0.0548646968	0.018763225	-0.018607164	-0.0455501463	0.0748636893	-0.0510162462	0.2432106549	-0.0751940162	-0.0055561561	0.1015651377	0.0349755987	-0.1127715498	0.1252124801	-0.1005011299	-0.0086827483	0.06767866	0.1427072447	0.1254112542	-0.0013670329	0.0125466232	0.0072158783	0.1318872767	0.0734003241	0.0416705135975377	-0.0082328766950041	0.0017364317034825	6.778025867514168e-05	-0.0304833765339083	-0.0162974351919161	0.0002656063938347	0.000929236244908	0.082047063630597	0.0354983611971277	0.0012601336476817	0.0067317206504032	-0.0006650169698556	-0.0004536225905098	4.422475701959239e-07	2.057734546209124e-07	9.88829733667984e-05	0.0005779295063227	9.777842421858962e-09	3.3400251427851345e-07	0.0003520332077917	-8.791621365799999e-05	7.729260623959104e-09	1.2392737938811422e-07
1173.660843718943	-1.8660138273842224	1377479.776079061	3.4820076039891137	1692.284697881354	-1.1019015207164102	1.2141869613571374	2863827.498683386	1164.7204383051126	-3.1131591796875	9.691760078072548	1356573.6994056536	1305.6292159347386	1138.2073354075726	1.200887	22.104923	0.0450385672706822	0.0225859330907517	-0.1525593463	0.0669358411	0.1454911422	-0.1026206	0.0982075317	0.0262480244	0.1578756836	0.1946104463	-0.0454251779	-0.0633824074	0.0607955439	-0.0671424723	0.0030245047	-0.0713517942	-0.0844254685	-0.1417070956	0.0824430041	-0.0155088535	-0.0175066992	-0.0063540247	-0.127470747	0.1121110419	0.2539548109	-0.2156693665	0.0050084679	0.0007380774	0.1732169873	-0.0904342076	-0.1625680413	-0.1613856	0.0992671586	-0.1638380497	-0.0736101188	-0.085245959	0.0518124743	0.0240804883	0.0329664652	0.0871581432	0.1298137679	0.0967456763	-0.1254959144	-0.1034331233	-0.1139015856	-0.1121393914	-0.0688225428	0.0530893456	-0.1447000066	-0.1245990009	0.0686838923	0.0859360455	0.1562108541	0.2028716315	0.1606740176	0.0564630458	0.1035587106	-0.0984361088	-0.1517809231	-0.1035961064	0.0722267804	-0.1161591646	-0.2873763201	-0.161260373	-0.1658148456	0.0914792749	0.162499232	-0.0745810028	-0.0708778344	-0.1848474914	-0.1033790666	0.0462919027	0.1556988492	0.1484143842	-0.032076947	-0.0609671782	-0.065005053	0.0979160013	-0.022367899	0.2366825127	0.036109878	-0.0651335124	0.1705465079	0.0698753744	0.069970839	0.034290639	-0.1625245713	0.0343230159	0.0250574338	0.0460676936	-0.0176741913	0.1186333758	-0.0287520428	-0.2807716635	0.1289028963	0.0632525717	0.0291348195812446	-0.012535694016293	0.0008488377120316	0.0001571436244701	-0.025427691517379	0.0050556850165292	2.5559950986358865e-05	0.0006465674959029	0.0880425375945819	0.0059954739639849	3.594570805282089e-05	0.0077514884260933	-0.0006649898233703	2.714648529990142e-08	4.422114651860629e-07	7.369316641377639e-16	-0.0001260493490493	-0.000224932322416	1.5888438395752266e-08	5.0594549667499645e-08	0.0001479583912156	-0.0002040748165761	4.164653076056886e-08	2.189168553110853e-08
1174.6587989124955	0.9979551935525706	1379823.2938625466	0.9959145683385484	1687.7703213124548	-4.514376568899252	20.37959580582658	2848568.657503147	1165.0742265203894	0.3537882152768361	0.1251661012687689	1357397.9533020835	1304.6748452382544	1123.2790572087567	1.121665	20.646681	0.0942886475485478	0.0526136282489118	0.0367943419	-0.1020507998	0.1660237063	0.015455567	-0.0041387815	-0.0561629829	0.2370733665	0.0061111768	0.1230657632	0.0590094408	0.0710125651	0.0672830679	-0.1260914669	0.0443310103	0.0592854586	-0.168824784	-0.0651933334	-0.0485262555	-0.1347002281	0.2005455696	0.0040023441	0.0820266886	0.1313739577	0.1266515992	0.0755575117	0.1481414893	-0.0345998735	0.0432714438	-0.1289544227	-0.1238711008	0.0223264831	-0.1628277942	-0.0741904582	0.0644992446	0.1677581757	-0.0703838439	0.1217446204	0.0423455177	0.0298960863	-0.1132454642	-0.014706879	0.1757434503	-0.0271514051	0.13189987	-0.1210887398	-0.052841935	0.0740401497	0.0627004175	-0.1066448599	-0.0363855469	0.0754835124	-0.0236341224	0.1198806579	0.0643296556	-0.0192937526	-0.1097991038	-0.1369825664	0.1395005191	-0.2135096852	0.0674019375	-0.012043279	-0.1845795784	-0.154556747	-0.0593277433	-0.1279604737	-0.0332175054	0.1015152077	0.0478660527	-0.1076801844	-0.025745217	0.0657986613	-0.0386586889	0.0637622426	0.0456646414	-0.1883225341	0.0325889688	-0.1420081723	0.1149540572	0.1111817349	-0.0690090227	0.1329257034	0.0027204749	0.0123461567	-0.1244680714	-0.1834492316	-0.0084543248	-0.0424092261	-0.0100026358	-0.0441195437	-0.0579635043	-0.1735337611	-0.079305599	0.1257424501	0.0527593557	0.0318655666339822	0.0027307470527375	0.0010154143369047	7.456979466035076e-06	-0.0064879062949927	0.0189397852223862	0.0003587154642701	4.209292809260591e-05	0.052274268937893	-0.0357682686566889	0.001279369042697	0.0027325991929911	-0.0001519725670407	0.0005130172563296	2.3095661132940062e-08	2.631867052919506e-07	-0.0003310126944209	-0.0002049633453716	1.0956940386778413e-07	4.2009972945917785e-08	0.0001669747218491	1.90163306335e-05	3.616208307625904e-10	2.7880557736584312e-08
1177.036876620036	2.378077707540569	1385415.80892345	5.65525358310141	1689.3092751860092	1.5389538735544193	2.368379024928152	2853765.82722948	1167.519678511414	2.4454519910245835	5.9802354404061	1363102.1997113954	1305.3322147735178	1138.1583825233288	1.044984	19.235205	0.0467170232245333	0.0264947945890821	0.0967563653	0.0261595479	0.0474247255	-0.0853866821	0.0279209432	-0.0257800278	0.0216800027	-0.0701734653	-0.0172423171	0.0092085336	-0.0277822968	0.0552712964	-0.0556039159	0.0051147107	-0.0297183036	0.0255463356	0.0256589348	0.06808083	0.0559379269	-0.0528559809	0.0551454365	0.1712126258	0.1911143358	0.1603231077	-0.0808626609	0.1018475836	-0.1087393908	-0.0362039462	-0.0871419499	-0.0902991735	-0.0379921586	-0.056822488	0.1871931951	-0.0891806434	-0.0513649742	-0.0205834142	0.0566149323	-0.1996048525	-0.1724387267	0.1407958154	-0.0647970829	-0.1673966572	0.1314278886	0.1912109755	0.0469943717	-0.0660514838	-0.0578385599	0.1138031692	-0.0223553646	-0.0042357007	0.0612092107	0.0267905312	0.000278137	0.087998793	0.1459411603	-0.028911741	-0.2267540972	-0.1157463901	-0.1867061448	0.0638694418	0.1258451223	-0.0412046761	-0.0897601821	0.1198470125	-0.1079347154	0.0393946492	0.0250556449	0.0754149323	-0.1075632551	-0.0918910289	-0.0545945034	0.0822421899	0.0746245786	-0.0217692723	-0.1147832623	0.1063396675	-0.0371867358	0.1727839973	-0.2187364565	0.0496958816	0.0755112283	-0.0007924616	0.1134514841	0.0241276861	-0.0803944146	-0.0152634556	-0.094348839	-0.0172216283	0.0150793812	0.068563924	-0.1231407383	0.0488208669	0.1224102548	0.0419779864	0.0307907340895923	-0.0010748325443898	0.0009480693057759	1.1552649984796642e-06	-0.0208113943519521	-0.0143234880569594	0.0002051623101178	0.0004331141348724	0.0524418785835862	0.0001676096456931	2.8092993329399844e-08	0.0027501506293755	-0.0004599986920355	-0.0003080261249948	2.1159879667437083e-07	9.488009367931213e-08	-1.6038390708184025e-05	0.0003149743037127	2.572299765083637e-10	9.920881199931027e-08	0.0001669961526914	2.1430842300020117e-08	4.592810016883314e-16	2.7887715013729385e-08
1177.3605406950612	0.3236640750251354	1386177.8427857668	0.1047584334618764	1690.914506887024	1.6052317010146453	2.576768813942372	2859191.869600987	1166.6576130767132	-0.862065434700753	0.7431568137057983	1361089.986149854	1305.625267133321	1136.351609459497	1.102936	20.301928	0.2448563122517862	0.127910679438445	0.0158892651	0.1441431371	-0.0093545459	-0.08675949	-0.0019642114	-0.0907579774	0.117595293	-0.0183343468	-0.0812291189	-0.0508398326	-0.036865068	0.0198084726	0.0502962094	0.0294268324	-0.1736912449	0.1036222557	-0.0480254313	0.2435982128	-0.019318745	0.0130603741	-0.091613193	0.0114334143	-0.186985461	0.0776378755	-0.1166630399	-0.0115641257	0.1375933669	0.1068601425	-0.1513942201	0.0074204638	-0.0820207047	0.122798156	0.0779952927	0.0242238221	-0.0226587194	0.1483160772	0.1036324134	0.0410457325	0.1614727005	-0.0326015803	0.1267180284	0.2204350813	0.016394065	0.0043979985	-0.0043190599	-0.0029935978	-0.1243725308	0.1028119302	-0.0105973279	0.084733306	-0.1472782373	0.0104872658	-0.1039437471	0.0523580471	-0.2993891956	-0.0923551373	-0.0977942137	0.0601149662	-0.0542617626	-0.2384186956	0.1631762616	-0.0400758695	0.0313823975	-0.1476581934	-0.0270002271	0.0843137962	-0.0112895355	-0.0340606525	-0.0024844528	0.1051942437	-0.1818236576	0.2246830948	-0.2398816771	0.1618147089	-0.1671195314	-0.0334028531	-0.1676232836	-0.1025650962	0.076838737	0.0058005805	-0.1101481424	-0.0202713809	0.1668193959	-0.1935317268	-0.0391789973	-0.0123249403	-0.0084287305	0.1178498684	0.1400289885	-0.1219798343	0.0154777995	-0.0017897819	0.1189108618	0.0309673479	-0.0111447486797686	-0.0419354827693609	0.0001242054231352	0.0017585847150993	0.0258114147439556	0.0466228090959077	0.0021736863279934	0.0006662291310844	-0.0435546251499658	-0.095996503733552	0.0092153287290658	0.001897005371954	0.0002750095739341	0.0007350082659696	7.563026575541522e-08	5.402371510436382e-07	9.89739942214296e-05	0.0001150123849296	9.79585153214358e-09	1.3227848687197616e-08	-0.0001890135294687	-0.0003560096821601	1.2674289379173545e-07	3.5726114322215127e-08
1176.2326119566924	-1.127928738368837	1383523.1574304628	1.2722232388383163	1690.6414960953632	-0.2730107916606812	0.0745348923631918	2858268.668319568	1166.57334357855	-0.0842694981631666	0.0071013483206719	1360893.3659480377	1307.642686071228	1138.7142377007276	1.136906	20.927223	0.0339563412947017	0.0197791512072968	-0.1706735426	0.0522754456	0.0198212446	-0.011601472	0.1596758615	-0.0156131473	-0.0617677945	0.2210471182	0.0157520274	0.0909011955	0.0086901312	-0.0126588197	0.118513709	0.0176099697	-0.2338419782	0.0695714659	0.1006050732	0.0545775822	-0.2505355776	0.0411763416	-0.2131875197	0.0665919885	-0.1576548831	0.0467935171	-0.2324150626	0.0801650185	0.0790512841	0.0447496212	-0.0806540012	-0.0936671664	-0.0206772237	-0.1293620372	-0.0395593173	0.0067686782	-0.0746191985	0.0773580796	-0.0145640561	-0.0159479733	-0.011176358	0.0936124371	-0.0180822721	-0.0598326516	-0.0356846274	-0.2269306152	-0.185738617	0.2071602581	-0.0580313514	0.0401231374	-0.0532397513	-0.0258647858	-0.0419467102	0.0391069394	-0.0769738601	0.0361960939	-0.2260364044	-0.1871652059	-0.0985261522	-0.0541218618	0.0888248023	-0.0505381272	-0.0591023037	0.0010715575	0.0393393906	0.0670954925	-0.0450591004	-0.097582824	0.0631333934	0.0129471723	0.0096796123	0.213087162	0.0185038236	0.111972172	-0.289285337	0.1785105795	-0.2022184149	0.0017248428	-0.0929703088	0.0456471075	-0.0582861451	0.0660090816	-0.0038791443	0.2111905273	0.088785546	0.0586260284	0.1795681493	-0.1030706719	-0.0507497885	-0.0247497264	0.0016077658	0.000531878	0.1357501952	0.1086148177	0.1152490509	0.0197875765	-0.0156315093981902	-0.0044867607184216	0.0002443440860657	2.0131021744371123e-05	0.0299829591126439	0.0041715443686883	1.740178241993508e-05	0.0008989778371504	-0.0404591237608187	0.0030955013891471	9.58212885021165e-06	0.0016369406954932	-6.29958743324666e-05	-0.0003380054482665	3.9684801829119255e-09	1.1424768305788265e-07	9.900261029560652e-05	2.8616074176910137e-08	9.801516845343734e-09	8.188797012984232e-16	-8.299689744054796e-05	0.0001060166320281	1.1239526266592597e-08	6.8884849847568366e-09
1176.2708399630967	0.0382280064043243	1383613.0889474892	0.001461380473649	1691.18287900681	0.5413829114468172	0.2930954568066323	2860099.530245763	1166.659700804912	0.0863572263619971	0.0074575705449372	1361094.857482207	1307.67408686748	1144.1679801062537	1.232864	22.693525	0.1087561481495991	0.0767542655123767	0.0070993852	-0.1885398876	0.113553269	0.0375809746	-0.0097979229	-0.1185799558	0.126328762	0.0146705354	0.2088118612	-0.0582351573	0.101778576	0.0989580843	0.0877233888	-0.0575297111	0.0329883166	0.1278519795	-0.0374037596	-0.0365242032	-0.2052226991	0.1762004235	0.0391581319	0.0194336913	0.0282040099	-0.0061521207	-0.0632982785	-0.1854246743	0.0262406112	0.1638414301	-0.0970802988	0.1466071301	-0.1015343907	0.0174009392	0.0833094492	-0.1011652469	0.0525278909	-0.1788729991	0.111310595	0.0632504486	0.0658245448	0.2021940592	-0.0072342822	-0.1474391764	0.1689215175	-0.0648570965	-0.2385543664	-0.0675608686	0.0240475318	0.0938998252	0.0769860766	0.1086444072	-0.0333956187	-0.049932585	-0.050244609	0.0792379623	-0.0931808322	-0.0454516924	0.0421785067	0.0633475616	-0.2198815985	0.0596641358	-0.1245850028	-0.028853305	-0.0044299774	-0.1643643186	-0.0538810226	-0.309887864	-0.1023972005	0.0796701349	-0.0717825274	-0.0055660122	0.0059941854	-0.0950443666	-0.2864107728	0.1958780077	-0.2262074323	-0.0712171025	-0.0976706946	0.0797060058	0.0762379715	-0.0991403436	0.0070580114	0.0083462729	-0.0305052582	-0.0600204988	0.0028290545	0.1244538251	0.0360009492	-0.0922353849	-0.0908545859	0.0659989639	0.1586899578	0.1026154101	0.1114298236	0.0084997322	-0.0155824178465451	4.90915516451005e-05	0.0002428117459443	2.4099804429235684e-09	-0.006581545770544	-0.0365645048831879	0.0013369630173526	4.331674472976562e-05	0.0274330994994826	0.0678922232603013	0.0046093539792265	0.0007525749481485	-5.994512622249998e-06	5.700136171021661e-05	3.5934181578314545e-11	3.2491552368189478e-09	9.900033676357722e-05	-2.273532029293027e-09	9.8010666793017e-09	5.16894788822127e-18	-0.0001109998312876	-2.8002933847052035e-05	7.841643040423724e-10	1.2320962545875665e-08
1174.6467994838083	-1.6240404792883965	1379795.1035375542	2.6375074783672843	1693.6720116232984	2.489132616488405	6.195781182466413	2868524.8829561104	1166.599670535485	-0.0600302694269885	0.0036036332474768	1360954.7912935023	1306.922161154551	1137.9269475004726	1.182744	21.770967	0.0719764575766331	0.0374961600984805	0.1006133279	0.0761082806	0.1516786496	-0.1068740876	-0.0275213811	-0.051829416	0.0874369268	-0.0348236036	-0.0427667216	-0.1783453941	0.1749581911	0.0401808297	-0.0089781619	-0.0915502169	-0.1487989231	0.1019240622	-0.0285732318	0.0464054976	0.0299234669	0.0974622528	-0.0344204342	0.110475543	0.0056208442	0.0551843951	0.1009630383	-0.1790338775	-0.0646511875	-0.0656695938	-0.1124447574	0.1870356442	-0.072936944	0.0561448951	0.1564153866	-0.0606680813	0.1447931778	-0.0018943281	-0.0373616858	0.1346031038	-0.0707889902	0.0808487015	-0.0784568802	-0.067513378	0.1457647113	0.0264594475	-0.0503287887	-0.0850209182	-0.1538617774	0.0618703712	0.1201220943	0.1248028171	0.0309731729	-0.0343979464	0.0163817082	0.2181190273	0.0240205712	-0.0230643191	0.0011288527	0.0534830913	-0.0274223586	0.1165907966	0.1172929675	0.1524316576	-0.0933332939	0.0553064584	0.2052520066	-0.074180387	-0.0445495625	0.0881231073	-0.0514279471	-0.0785927817	-0.1009224006	0.0937787179	-0.240094522	0.1094010839	-0.0105778411	-0.0223468805	0.0223019886	0.1388297838	-0.1007377487	-0.1666326596	-0.0310685992	-0.1037670847	-0.0096861754	-0.2309008721	-0.0361824264	0.0653559327	0.0864486085	0.0348834378	0.0012533049	0.0025603653	0.2332827709	0.0227593716	0.1074583966	-0.0028345346	0.0046493719849252	0.0202317898314703	2.1616659854207293e-05	0.0004093253197847	-0.0065713487799001	1.0196990643900755e-05	1.0397861819179951e-10	4.3182624787094525e-05	0.0396704627385702	0.0122373632390876	0.0001497530590453	0.0015737456138922	-0.0003740176339879	-0.0003680231213656	1.3988919053390672e-07	1.3544101785971598e-07	-0.0003219792164161	-0.0004209795531796	1.0367061580392577e-07	1.772237841953607e-07	-0.0001100603555243	9.394757632999982e-07	8.826147098281143e-13	1.2113281858135312e-08
1174.7174536258797	0.070654142071362	1379961.0958532707	0.0049920077918402	1690.4656559612258	-3.2063556620726104	10.280716631705088	2857674.1339844177	1165.8235456086773	-0.7761249268078245	0.602369902012451	1359144.5394955876	1305.6851564769408	1123.9283432135906	1.272516	23.423418	0.1701337690095365	0.0911326938099039	-0.1707915215	0.0368084106	0.0160672878	-0.046530965	0.0810260917	0.0956719283	0.1303224083	0.0563050051	-0.095753857	-0.0201948051	0.0635650389	-0.1866682076	-0.0162271848	0.0078164587	0.0101251125	-0.0036489731	-0.0396551358	0.0848816776	0.0551519273	-0.1308667375	-0.0004593117	-0.0467578413	0.0570825718	-0.2052354581	0.0421628644	0.1243770181	-0.0696790235	0.1001351515	-0.125203369	-0.0304636788	-0.1695416411	0.2181241435	0.1562145013	-0.1664509762	-0.0112565626	-0.0918453643	0.1251249062	0.0072696903	0.2862276397	-0.0109007432	-0.0852789308	-0.1508163264	-0.1152248643	-0.0516355476	-0.0043760492	0.0450729639	-0.0835214715	-0.1688053666	0.1142502842	0.0298718779	0.0482961727	0.2351298947	0.0087394725	0.0661050455	0.0239198183	0.0166288481	-0.1752834889	0.0325486171	-0.2113247305	0.0963265544	0.0667330844	0.0815175833	0.2611913749	-0.0802009132	0.2136891014	-0.0667885901	-0.1172867576	-0.0987696084	0.0721245194	0.0782331448	0.1075830535	0.1347756453	0.0163283826	0.1275662707	0.0679172919	-0.0709017365	0.1231457975	0.0690225175	0.0536929324	-0.1503135224	0.2117986297	0.0731121883	0.2847636025	0.0400874532	-0.1656836313	-0.0282255847	-0.0353355418	-0.2692583386	0.0377325114	0.0778588932	0.011862361	-0.1573997353	0.1033401944	-0.0141533203	0.0192086008965901	0.0145592289116649	0.0003689703484044	0.0002119711465022	0.0261971302859791	0.0327684790658792	0.0010737732202909	0.0006862896352205	0.0042188073575033	-0.0354516553810669	0.0012568198692579	1.7798335519723978e-05	0.0009760001276653	0.0013500177616532	9.52576249202682e-07	1.822547956779116e-06	-4.8993155367993424e-05	0.0002729860610481	2.400329272912343e-09	7.452138952656059e-08	1.402393479290416e-05	0.0001240842903172	1.53969111035242e-08	1.9667074707562783e-10
1175.301519672679	0.5840660467993075	1381333.662144909	0.3411331470237709	1690.2939537485263	-0.1717022126995289	0.0294816498459142	2857093.650078825	1165.8255304418794	0.0019848332021865	3.939562840502171e-06	1359149.1674300896	1304.5024468408872	1121.0106892047968	1.142662	21.033171	0.1328056952737431	0.0690323087401867	0.0058746173	-0.1647258733	-0.0157490122	0.008692021	-0.0398052993	0.0017420276	0.196723435	-0.031597119	0.0963205856	0.077946384	0.1482833259	-0.1637127918	0.0154246386	0.1598377941	0.1433115288	-0.0521207354	-0.0004941264	0.1681193337	-0.0302456423	0.0752975715	0.0276970594	-0.1030964066	-0.1108189415	0.0281769049	-0.2029169708	0.219754081	0.0733636311	0.0860308385	-0.0998103404	0.0031045564	-0.0827063398	0.1187261447	0.1115023762	-0.0920438428	0.0554412417	0.2495782719	-0.0684155788	-0.0393595748	0.0267606946	-0.1804309021	-0.1282711657	-0.0527528079	-0.0116184762	0.0083634043	-0.0892572948	-0.0177732813	0.1025762729	-0.13193594	-0.1102802681	-0.1107700117	0.0524496319	-0.194128741	-0.1332093376	-0.0070718429	0.1145046856	-0.0107038756	-0.2317548425	0.1468249034	-0.0312600485	-0.1980285193	-0.0692206678	0.2188892202	0.0409914297	-0.0500770781	-0.0746155678	-0.1908231361	-0.1225666403	0.1621330445	0.0244558416	0.0180562466	0.1540704215	-0.0457344959	0.1161071292	0.0768977603	-0.1188378499	-0.026115648	0.1825438313	0.0009455871	-0.0466346476	-0.0164955023	0.1101854055	-0.1426664301	-0.0072706824	-0.1033362328	-0.0607816806	0.0693010179	0.1256497824	0.0214726807	0.2503820649	-0.0645727764	0.0088612267	0.1134573782	0.0990808418	-0.0253948054	0.0316361263865303	0.0124275254899402	0.0010008444927445	0.0001544433898031	0.0083374604352997	-0.0178596698506794	0.0003189678071752	6.951324651018787e-05	0.0418409418121186	0.0376221344546153	0.0014154250009211	0.001750664411725	0.0001780193254607	-0.0007979808022046	3.169088023748263e-08	6.367733606870968e-07	-7.9956989208263e-05	-3.096383384026957e-05	6.393120123250285e-09	9.58759006087823e-10	0.0004830066083182	0.0004689826735252	2.199447480669342e-07	2.3329538367905105e-07
1176.8988984292923	1.5973787566133524	1385091.0171240815	2.5516188920796194	1689.9343937609165	-0.3595599876098276	0.1292833846899794	2855878.255216076	1167.5365126842837	1.7109822424042704	2.9274602338227456	1363141.508450979	1306.482709612165	1132.1617119366065	1.189649	21.898062	0.0698092377168208	0.0363806430218798	0.110534144	-0.0824579224	-0.0560239771	0.1031987016	0.0118313068	0.0219984782	-0.0537052016	-0.1493765543	0.0439477202	-0.0066649099	0.0294045536	0.0005618008	-0.0049091123	0.0215891007	-0.0649794338	0.0477565387	0.1463884928	0.1312364594	0.0535039688	0.0814878563	0.2127019212	-0.038187432	-0.2845837252	0.0251909958	-0.0140633378	0.017422448	-0.2559649005	-0.1630519928	0.0331807532	-0.1709769514	-0.012928631	-0.0311023564	0.1129433481	-0.115693316	0.0685702166	-0.0388288192	-0.0358977734	0.1512574773	-0.1549432157	0.0795503533	0.1236257095	0.0418143469	-0.0923521166	-0.0362537141	-0.049395036	-0.1913170756	0.079167428	0.037646455	0.0123516869	-0.1364780617	-0.0187547018	0.0523197751	-0.2284670665	0.089351143	-0.0851695402	0.1222450768	-0.0823121065	0.0327734689	0.163316175	0.0219412133	0.2257269265	-0.0623493524	0.1468815439	0.1623437984	-0.0158882301	-0.0883100164	0.0331852167	-0.1273828576	0.0223703196	-0.0826377712	-0.0329076985	-0.0540245621	0.1089817584	0.1493392246	-0.1086103505	-0.0199964909	0.1444736645	0.0596039076	0.085902014	0.0567389342	0.0657519326	-0.1381401117	0.143163992	0.0946997378	-0.1045113213	0.0442844446	-0.0897580694	0.0039461958	0.031138125	-0.1472126344	0.0827616599	0.1167648814	0.0946861568	-0.0364975928	0.0315551150358288	-8.101135070150145e-05	0.0009957252849243	6.562838942481659e-09	0.0305427195972498	0.0222052591619501	0.0004930735344493	0.0009328577203962	0.0219686218518262	-0.0198723199602924	0.0003949091006042	0.0004826203460685	0.0001840284589488	6.009133488100012e-06	3.386647370307017e-08	3.610968527780501e-11	-0.000321983560453	-0.0002420265712447	1.0367341320199072e-07	5.8576861188483764e-08	0.0001780293681735	-0.0003049772401447	9.3011117006278e-08	3.1694455932255614e-08
1176.614226031712	-0.2846723975803797	1384421.0369002046	0.0810383739441618	1684.2288593174603	-5.705534443456145	32.55312328546442	2836626.8505577934	1167.3532501784682	-0.1832625058154917	0.0335851460377731	1362713.6107022334	1302.8803712131926	1117.1235241782397	1.162849	21.404757	0.1167267776600443	0.0782210656935113	0.0554755422	0.1591482822	-0.0670497767	0.1701186166	-0.2307853997	0.0561032647	-0.0816954689	-0.0042442369	-0.1617115381	-0.0290254773	-0.0879942932	0.0928975827	-0.0266760073	0.1194802905	0.1852039571	0.062172975	0.0292002269	0.1531733992	0.0525892365	-0.1909347471	0.1105308365	0.0283286418	-0.0948347525	0.0091306161	-0.1762142555	0.1359596529	0.0534096389	0.1454491363	-0.0407936515	-0.1866196835	-0.045782902	0.0946307027	0.0844385014	0.0187445772	0.0002748397	-0.1195502547	-0.0761813875	-0.0884414812	-0.0255607678	-0.0180809631	0.2299815479	0.1754285493	0.1866666283	-0.2709785473	0.1426890136	0.071207273	-0.0332980793	0.1439035022	-0.0362144414	-0.1903456266	-0.0792000616	0.0075407499	-0.1112970957	-0.226227181	-0.0390183058	0.0296750395	-0.1181651394	-0.0100040967	-0.0632909548	-0.2573656195	0.0127679499	0.205290157	0.0959036636	-0.0705460506	0.2210684311	0.0010763531	0.1619716108	-0.1303249722	0.0535839466	0.0553921287	-0.2253133731	0.0642106991	0.0478280975	0.1681447093	-0.0188702484	-0.0682646448	0.1534524097	-0.0630663336	-0.014171941	0.0385165635	-0.0352574697	-0.1286410685	-0.0723344706	0.0133784959	0.0555632196	-0.1861449775	-0.0805754009	0.0658972078	0.1525649162	-0.032529619	0.0916795873	0.0064091656	0.0901621419	-0.0474010431	0.0192953602820011	-0.0122597547538277	0.0003723109284122	0.000150301586624	0.0307469198142911	0.0002042002170412	4.1697728639713924e-08	0.0009453730780664	-0.0468138298846341	-0.0687824517364603	0.0047310256668784	0.0021915346684674	0.0006410620024665	0.0004570335435176	4.109604910063588e-07	2.0887965990034534e-07	-0.0005119227525272	-0.0001899391920742	2.620649045550249e-07	3.607689668579984e-08	0.0002406640516359	6.263468346240001e-05	3.923103572435045e-09	5.791918574980714e-08
1176.3492859360504	-0.2649400956615864	1383797.6425222557	0.0701932542891705	1687.322511782205	3.093652464744764	9.570685572621354	2847057.2587670097	1166.5692475806516	-0.7840025978166523	0.6146600733832595	1360883.8094008877	1306.6215877644936	1137.6029207975344	1.212016	22.309774	0.0892237318906901	0.0435075350077689	-0.1623266084	0.0530023774	-0.0269199927	0.1809999431	0.139745093	0.0642449105	-0.1782752773	0.0954732639	-0.0254344971	0.1707940974	-0.0668968701	-0.0178131677	0.0288350729	-0.0153219099	-0.1396765497	0.131031981	0.2587500808	0.1178343418	-0.2047704381	-0.0020009156	-0.0806824762	-0.1189620409	-0.0761976998	0.1230444182	0.0256695326	0.0398064806	-0.0012974831	0.0435436241	0.1631190917	0.0860957941	-0.0476770532	0.2768186872	-0.1985227143	0.0999931399	0.0887982583	0.0519713986	0.0906057823	-0.0798072016	-0.2043349567	0.2991188229	0.1910928149	-0.1445915802	-0.2236263671	0.1069196231	-0.0591071249	0.194949295	0.0810536224	0.0041383464	-0.0837853012	0.0688077778	0.0192022423	0.0391592642	-0.0992078772	-0.030531661	-0.1435413518	0.0556791569	0.0312955635	-0.0601826164	0.0285014245	0.1920525558	-0.1530432349	0.1019559012	0.172125436	-0.0111426272	-0.2072314975	-0.0619043965	0.0295065325	-0.0097855879	0.0802836024	0.1461026595	-0.0151281618	-0.1397576336	-0.0397119954	0.1016406774	0.1131064007	-0.0293675809	0.2500766043	0.0700446816	-0.0112258755	0.024813775	0.1676055774	-0.0456773747	-0.1232587577	0.0871948064	0.1935160421	-0.0268465074	0.064757144	-0.0045041047	0.1842051437	0.0746745252	-0.0476702867	0.1470014277	0.0855149763	-0.0580456054	0.0356860436808688	0.0163906833988677	0.0012734937135928	0.0002686545022819	0.0164722879970327	-0.0142746318172584	0.0002037651135182	0.0002713362718571	-0.0240205814662601	0.022793248418374	0.0005195321734617	0.0005769883339772	0.0003021582856105	-0.0003389037168559	9.129962956307649e-08	1.1485572929881181e-07	-0.000522907896383	-1.0985143855800025e-05	2.734326680996943e-07	1.2067338553262104e-10	0.0006060785560479	0.000365414504412	1.3352776003466758e-07	3.673312161011075e-07
1176.61439371619	0.265107780139715	1384421.4315001175	0.0702821350906074	1692.989077160537	5.666565378331825	32.1099631869089	2866212.0153848864	1165.7958333918202	-0.7734141888313388	0.5981695074856378	1359079.9251537286	1305.2209113432702	1141.8006342837684	1.215481	22.373554	0.0777533546212063	0.0362647338391275	0.1340563685	-0.0653096583	-0.0281252046	0.0664971071	0.1325699216	0.1206330883	-0.2036459556	-0.1499054813	0.0806852323	0.0218775456	-0.0263264346	0.0362425037	0.1226324001	-0.0459004318	-0.0521080479	-0.0430664462	-0.0890426031	0.1139820268	-0.0220662398	-0.0553583673	0.2716403613	-0.1766907754	0.0574188639	0.0964957642	-0.0306512392	-0.1531629293	0.3159788112	0.0648125854	0.0278841757	-0.0248204462	0.0953876704	0.0952025064	0.003528023	-0.0899661213	-0.0115156528	0.0998348812	-0.1588365291	0.0269102686	-0.2251429416	0.0552959792	-0.0322326194	-0.0737611637	-0.1658467341	-0.012791077	0.0260367465	-0.1066304073	0.1208887709	0.0615869794	0.1620744481	0.1257108685	0.0186018907	0.0119084501	-0.0770382255	-0.1713141322	-0.0454789983	0.1396529319	-0.0586242724	-0.0554466978	0.0368219388	-0.0188441982	-0.19189915	0.1405838975	0.0101804544	0.1553179196	-0.0383457934	-0.086227851	0.1937389939	0.0021298364	0.0614039212	-0.1318918634	-0.0891322643	-0.1497653396	-0.0382394508	0.134524034	0.1591090057	-0.030694026	0.2657229973	0.0103231176	0.0360705383	0.1535535322	0.1154361889	-0.0181509	-0.0114739026	-0.0979887227	0.0943982657	-0.0128392306	0.0578108346	0.0669973499	0.0573936353	0.0381868873	0.1468203778	-0.017896984	0.0807510076	-0.0683731426	0.0296111595294519	-0.0060748841514168	0.0008768207686786	3.690421745313622e-05	0.0347019681251339	0.0182296801281012	0.0003323212375728	0.0012042265917578	0.0005536475414231	0.0245742290076832	0.000603892731322	3.065256001238433e-07	0.0005320567451542	0.0002298984595437	2.8308438006408135e-07	5.285330170056626e-08	-0.0001913426270521	0.0003315652693309	3.6612000927199034e-08	1.099355278264723e-07	0.0005900510582424	-1.60274978055e-05	2.568806859053073e-10	3.4816025133297614e-07
1176.0359910553664	-0.5784026608237127	1383060.6522575775	0.3345496380479508	1692.023031831313	-0.9660453292240164	0.933243578115538	2862941.940247628	1164.2999515729273	-1.49588181889294	2.2376624160944503	1355594.3772327208	1303.639069857663	1135.8745814445324	1.266981	23.321527	0.1005545304958511	0.057938521353226	-0.1297546709	0.0633650218	-0.0977424717	-0.0624231653	0.0694792957	0.0624326964	0.0117698034	0.0311843115	-0.0772367725	-0.0333240773	-0.0176797785	-0.0754577808	0.0200244721	-0.1656561535	-0.0457937575	-0.2048419283	-0.0046150505	0.0177270884	0.0143792624	0.101582634	-0.1453430434	-0.1197044193	-0.1592595464	-0.0366952483	0.1312402038	-0.0338049207	0.2578880115	-0.0379834722	-0.2976353893	0.0061908602	0.1532940056	0.0500350335	-0.0997105123	-0.022968811	-0.0310616198	-0.0328778963	0.0262380273	0.003104409	-0.0917835253	0.1286090155	-0.0714131102	0.1003698835	0.1359690744	-0.0026795677	0.0603937164	0.0269648158	-0.0767249433	-0.1421738434	0.1124163184	0.1716128923	-0.0206450873	0.0664965715	0.1532479823	0.0758149639	-0.1731383991	-0.0264062264	0.0167717073	0.1335353272	-0.0174784243	-0.1080741884	0.013390984	0.0389102634	0.1923999109	0.2015304895	-0.2599765803	0.0680495776	0.0317322047	0.0615505403	0.0831348071	0.0305095896	0.0678323308	0.0738485687	-0.032490178	0.1553271512	0.2309487203	0.0333552295	0.1410460716	-0.0061596687	0.1349192466	0.0734193439	0.096020353	-0.0905636062	0.0916045747	0.0343847988	-0.0306976861	-0.2158043133	0.0702206972	-0.1370967032	-0.0197874309	0.0182027673	-0.0289374955	0.0512929778	0.0758767427	-0.0783272495	0.0117893816756833	-0.0178217778537686	0.0001389895202949	0.000317615765869	0.0316412670955656	-0.0030607010295683	9.367890792400482e-06	0.0010011697834129	-0.0535461711790361	-0.0540998187204592	0.0029267903855865	0.0028671924479346	0.0002300333557231	-0.0003020233894311	5.2915344745230266e-08	9.12181277634499e-08	-0.0001669535824504	2.4389044601700005e-05	2.7873498693022506e-08	5.94825496583712e-10	0.0004050188344341	-0.0001850322238083	3.423692384744483e-08	1.640402562463569e-07
1177.7949931822775	1.7590021269111276	1387201.045965241	3.0940884824778707	1687.9589095262704	-4.064122305042474	16.517090110343755	2849205.280249116	1168.3833920206623	4.083440447735029	16.674485890198454	1365119.7507497086	1306.1319663389322	1120.8042412521247	1.161793	21.385323	0.0634439110715627	0.041085834244969	0.0819912068	-0.1624034243	-0.0898700025	0.0123192641	-0.0226245629	0.0132153086	0.2041235162	-0.1131925755	0.101163741	0.081874965	0.1130644777	-0.1137082733	-0.1601364409	0.099986077	0.0339557934	0.0279219281	0.015731603	0.0230997975	0.0905810881	0.2763860394	0.0325199496	0.0402368473	0.1217736885	0.0162405883	-0.0795285032	0.0087841278	-0.0252210794	-0.1185400027	-0.0271951523	0.2563032117	-0.1459142919	-0.0134491886	-0.1216505241	0.0045444299	-0.0688107587	-0.0635612772	-0.0185322093	-0.0922118865	0.1786257053	-0.022867866	0.065326636	-0.0416981057	0.0096040581	0.1507363463	-0.0275500799	-0.1604627195	0.0687107808	-0.0609751136	-0.1283864387	0.0007408431	-0.0486759404	-0.003012051	0.0321557547	0.0944955532	-0.0111960577	-0.2880846866	0.1487749272	-0.0302172441	-0.1749417916	-0.0539640747	0.0841749087	0.1092888173	0.0505435025	-0.1143668407	0.0851561188	-0.121396989	0.1417051841	0.0756401923	-0.008959387	-0.0735171578	0.1143804976	-0.0760243517	0.038280866	0.2030461247	0.0206613752	0.0250422331	-0.0165033047	-0.1731496404	0.107695991	-0.0293274752	0.004603229	-0.0935660524	0.0432177464	0.1389211263	-0.1667782305	-0.2135333385	0.2125652201	-0.0102960339	-0.0169576107	-0.1111824155	-0.1429621849	0.03452766	0.0708988393	-0.0878535601	0.0139857454588394	0.002196363783156	0.0001956010760394	4.824013867959771e-06	-0.007798311471646	-0.0394395785672116	0.0015554803575592	6.08136618088056e-05	-0.0499406447416461	0.00360552643739	1.2999820890718252e-05	0.0024940679972113	0.0001410205229014	-8.90128328217e-05	1.9886787879384282e-08	7.923284406943912e-09	-0.0002229867421714	-5.6033159721e-05	4.972308718421441e-08	3.1397149883190972e-09	0.0001860159813007	-0.0002190028531333	4.796224968056957e-08	3.460194529926237e-08
1180.247901647855	2.452908465577593	1392985.109344165	6.016759940502223	1694.6310965920336	6.672187065763183	44.51808024053751	2871774.5535367182	1168.799256123067	0.4158641024046119	0.1729429516687935	1366091.7011138345	1303.9121126298105	1138.2480983348717	1.266413	23.311081	0.0581195901110134	0.0306966199525068	0.1406566609	0.0471748174	-0.106740611	-0.1452504261	-0.015453601	0.0800599726	0.0618953342	-0.1477745802	-0.0899577966	-0.0205942741	-0.2737909641	-0.1743159906	-0.0857206065	0.2323509651	0.0024866547	0.0940448667	0.0388313747	-0.0399512637	0.1789454333	0.0223911087	-0.0860162094	0.040560901	0.001556419	0.0392882883	-0.1071248985	-0.1415135192	-0.0215475656	-0.1279338146	0.1417438449	-0.1105805878	-0.0785341974	-0.0729815306	-0.112297635	0.1081966423	0.0041386049	0.0981759011	0.0143807937	0.0693489897	-0.123499644	-0.0177417764	-0.1280399447	-0.0866548894	0.0689081055	-0.0996131554	0.1601720748	-0.0459694655	-0.024324918	-0.0374020118	-0.1331070898	0.0374612046	-0.0833110209	-0.0521971202	-0.1622202109	0.1498938309	0.0408526976	-0.0358024421	-0.0096212002	-0.1174127394	0.1714392866	-0.0195755414	-0.0607475199	-0.008174809	-0.0523940193	-0.0072166959	-0.000863626	-0.0033447329	0.002407846	-0.0483266722	-0.0705114375	-0.089838556	-0.0317516042	0.1235588852	0.0362976047	0.1687267295	0.1012739157	0.1786769589	-0.1101049912	-0.1344525853	0.0085264061	0.0333527891	-0.1380824824	0.0504470371	0.0507525355	0.2354846165	-0.0448348426	0.0433809553	0.2428562728	0.1228675017	0.0037420732	-0.2011699531	-0.0143359225	0.0250955348	0.0658240966	-0.096900045	0.017193642266406	0.0032078968075666	0.0002956213343851	1.0290601927995987e-05	-0.011279099486515	-0.0034807880148689	1.211588520445567e-05	0.0001272180852267	-0.0732165950472989	-0.0232759503056528	0.0005417698626312	0.0053606697903201	-0.0003099715228142	-0.0004509920457156	9.608234495575413e-08	2.033938252987419e-07	-0.0003250271897077	-0.0001020404475363	1.056426740492852e-07	1.0412252933408393e-08	0.0001759493748941	-1.0066606406599992e-05	1.013365645454e-10	3.095818252562455e-08
1178.5018855373237	-1.7460161105314	1388866.6942150271	3.048572258235198	1711.0209442004234	16.3898476083898	268.62710462624085	2927592.6714925086	1167.800901691037	-0.998354432029828	0.9967115719536002	1363758.9459903992	1307.9035127344896	1152.0720597030524	1.320341	24.303745	0.0774573115925082	0.0341515305861769	-0.1192008103	-0.1260223636	0.1004118822	-0.1896146606	-0.1349086316	-0.033672095	-0.1651199268	0.2129692045	0.2304827158	-0.1032955078	-0.1654086822	-0.09859194	0.0371461072	0.1233408631	0.2208781419	0.0591558357	0.0401098379	-0.0072144496	0.0002488404	0.0563043881	-0.0899528037	-0.1056391491	-0.0510225311	-0.0357590303	0.1191023761	0.1181335146	-0.1356763805	0.0393500193	-0.0211955586	0.1014888758	-0.1341161785	-0.0537565411	0.1939047048	0.0429782027	0.0156882501	-0.0333622559	-0.2077523345	-0.0851859049	0.0310925413	0.1290353142	-0.1862303215	-0.0302112712	-0.074888317	0.0137816038	-0.1067298093	0.0783982775	-0.0276914698	-0.1638261511	0.0413170502	-0.0175935866	-0.2090731908	-0.2795749409	0.0995751663	0.0516560865	0.2131958063	0.046450888	-0.0719899326	-0.0549835246	0.0978749975	0.0675774559	0.1291476342	4.35678e-05	0.0830724954	-0.0790841225	-0.0784214965	-0.0137728953	-0.0115909606	0.0074616147	-0.0438687377	0.1045770432	0.1213959189	-0.0087019048	0.1573887611	0.0715811123	-0.0067425798	0.1509206927	0.0303102027	0.0155741974	-0.1182836836	0.0229542825	-0.1046006534	-0.0299536164	0.1079582441	-0.0118452848	0.0105031112	0.1440224035	-0.0523286223	0.0380269222	-0.125459331	-0.1164035424	0.0360911587	-0.0457295442	0.0606594461	-0.1054172954	0.0321841667755222	0.0149905245091162	0.0010358205910346	0.0002247158250584	0.0067559512283708	0.0180350507148858	0.0003252630542885	4.564287700012493e-05	-0.0566796777313527	0.0165369173159461	0.0002734696343144	0.0032125858677299	0.0001080349731899	0.0004180064960041	1.1671555432142411e-08	1.747294307016257e-07	-0.0004449914056627	-0.000119964215955	1.9801735111366562e-07	1.4391413109697876e-08	0.000156023705802	-1.9925669092100013e-05	3.9703228876786975e-10	2.4343396772189045e-08
1178.0025963236485	-0.4992892136751834	1387690.1169452567	0.2492897188923829	1697.3966453653074	-13.624298835115953	185.62151874854183	2881155.3716973998	1166.5446391330852	-1.2562625579519135	1.578195614511885	1360826.39509014	1305.940380477159	1138.3910885430817	1.159454	21.342257	0.03179205345292	0.0159354057278486	0.0853459158	-0.0254183332	0.1154363268	-0.0880845208	-0.1068164555	0.0398933932	-0.1147329153	-0.0303658861	0.0428490359	-0.104740422	-0.0873666735	0.1714705669	-0.0849650772	0.1205008527	0.0382044492	0.0886119873	-0.2335978188	-0.0056979256	0.0373296262	0.0165572389	0.1407227654	0.1321609793	0.0019265324	-0.178585288	0.0053067859	0.0516638054	-0.2246010057	0.0703998769	-0.0843941208	0.0082729294	-0.0619435397	0.073704219	0.0652891604	0.0763632531	0.0435351358	0.2024862247	-0.1819915372	0.1632887605	0.0198824327	0.0994593871	-0.1493224541	-0.0955938548	-0.0149776344	-0.0289802559	-0.0248139249	-0.07492305	-0.033855197	0.141797631	0.0159747474	-0.0956896646	-0.1050225645	-0.0367471125	0.0296527824	-0.0348205653	0.2864211007	0.0469875413	-0.061451483	0.1064097654	0.0247164034	-0.0032299872	0.0869081802	0.0275228456	0.1701618122	-0.0709071928	0.1497998614	-0.0339457867	-0.0883162875	-0.0082598485	-0.127590476	-0.0356454088	-0.07920216	-0.0743286386	0.1984119188	0.051640914	-0.0235547309	0.1565186064	0.0163767273	0.0308374	-0.0974157557	-0.0273150913	-0.0567911869	-0.0746907091	0.1772876024	0.0914462048	-0.0957765817	0.0596949613	-0.1811376459	0.1107941095	-0.1365853741	-0.0376570789	-0.0069669225	0.1022194797	0.0554119421	-0.1133587932	0.0370207650344127	0.0048365982588904	0.0013705370437331	2.3392682717902583e-05	0.0127166690680979	0.0059607178397271	3.553015716484091e-05	0.0001617136721875	-0.0444341946188515	0.0122454831125011	0.0001499518566585	0.0019743976514259	8.705196768517582e-05	-2.098300550472417e-05	7.578045077860896e-09	4.4028652001128486e-10	-0.0005739920835372	-0.0001290006778745	3.29466911963376e-07	1.6641174892080518e-08	0.0001810251072588	2.5001401456800014e-05	6.250700748040819e-10	3.2770089458060046e-08
1178.8454197998662	0.8428234762177453	1389676.523783123	0.7103514120637643	1696.8750168384431	-0.5216285268643333	0.2720963200386544	2879384.8227704666	1168.0058178911463	1.4611787580611235	2.1350433630090477	1364237.5906275655	1305.3843538168592	1145.5250701904297	1.085999	19.990171	0.0477022899454926	0.0299611914083193	-0.0221898217	0.1233770087	0.0103166831	-0.1246787304	-0.0878682696	0.0386985505	0.0652218962	0.0120950944	-0.0765500085	-0.036049413	-0.170825469	0.1077295468	-0.1723802785	0.1303600141	-0.1732588109	0.086812408	-0.0915468895	-0.1379123238	0.0663083504	-0.06127746	-0.1744984347	0.0912419974	0.0079207853	0.0996550176	0.0547929974	-0.0197195438	-0.0905063893	-0.1398477748	-0.1473696556	-0.0440685033	-0.1372383018	0.060665635	0.0267832911	0.1422245511	-0.0326790814	0.1235735319	0.1129471051	0.0976016907	0.0186415689	-0.0352448047	0.1442499987	0.0371714781	0.0871506211	-0.0475497843	0.1073130842	0.068167581	-0.0805749103	0.0720058979	-0.1638067234	0.0480392326	-0.0158637337	-0.0637602005	0.0257082385	0.1345671778	0.0229615211	-0.047962034	0.0081245323	0.0595614349	0.0021286067	-0.0461578835	0.0194041511	-0.1865362602	0.1257744561	0.0157822497	0.071781376	-0.016492106	-0.1524396248	0.0250508148	-0.1248952348	0.156897671	-0.0820074054	0.0724985931	0.1435203514	0.0114350532	0.1016578779	0.1994131192	-0.0181498216	0.0281899885	0.0071873977	-0.0315301692	-0.0235623939	-0.0252078692	-0.021992898	0.0125947532	-0.0434450457	0.1588499807	-0.1559967451	0.0285029846	0.010814407	-0.1028480258	-0.1477927999	0.1482087887	0.0500887521	-0.1206811645	0.0383269444337486	0.0013061793993359	0.0014689546696276	1.7061046232494982e-06	-0.0101406504501966	-0.0228573195182945	0.0005224570555614	0.000102832791553	-0.0614207320255175	-0.0169865374066659	0.000288542453068	0.0037725063225504	0.0002100512764235	0.0001229993087383	4.4121538727141616e-08	1.5128829950105592e-08	-0.0005659806881359	8.01139540129996e-06	3.203341393427869e-07	6.418245627597015e-11	0.0001810594755431	3.436828429999512e-08	1.1811789657252913e-15	3.2782533683942434e-08
1178.4380497087757	-0.40737009109057	1388716.2370014228	0.1659503911151393	1700.808445766634	3.9334289281907786	15.471863133128055	2892749.369191113	1167.2523447776966	-0.7534731134496724	0.5677217326915429	1362478.0363890307	1308.452424529014	1141.5116679112714	1.134456	20.88212	0.0563058238821483	0.0330953889854796	0.0082469613	-0.0985109507	0.1884492094	-0.007271297	-0.1071130983	-0.1895784331	-0.0211442557	0.0538553449	0.2237269102	-0.0486672837	-0.011785631	0.1080422635	-0.00582658	0.0330574229	-0.0056449202	0.0940857751	0.1346979906	-0.0452828905	-0.1064473795	0.2783040724	0.0766394269	0.1545637285	0.0588002998	-0.0725415076	-0.0402216805	-0.0333416419	-0.0173284419	0.0885122554	-0.0169806785	0.2075155099	-0.0181064617	-0.0622969203	-0.0659968103	0.1928882188	-0.0077405892	0.1580130289	0.0558814958	-0.0399469699	-0.0202668433	-0.2004041712	-0.0063344646	0.089252783	-0.0587129226	-0.131109758	-0.1975229934	-0.0677682754	0.0145724002	0.1356680341	-0.0731010236	0.0062191455	-0.1089480809	-0.0533696349	0.227505872	-0.0475694724	0.0373997625	-0.1719755032	0.0232739384	0.0313194664	0.0487703819	-0.0925863698	-0.0006205215	-0.0209807026	-0.0330849493	-0.0948067188	0.0798152234	0.034813314	-0.0842339962	-0.165328329	-0.2078128511	0.0948783103	-0.0674695919	-0.1775438406	0.0724638048	0.0888038492	-0.0668131757	0.0702589302	-0.1292327678	-0.172850293	0.1345366585	-0.1394362722	0.0492404787	-0.0672192541	-0.066361384	0.0275606329	0.0510635675	-0.0669681887	-0.1618101634	0.0958380638	-0.0502596294	0.1243310706	-0.0366298431	-0.0991471085	0.0446971468	-0.1273444172	0.0117723201727528	-0.0265546242609958	0.0001385875222498	0.0007051480696426	-0.0086171226323301	0.0015235278178665	2.3211370118130604e-06	7.425480246061563e-05	-0.0511433163946364	0.010277415630881	0.0001056252720498	0.0026156388118418	0.0002260202809396	1.5969004516099987e-05	5.10851673960157e-08	2.5500910523522176e-10	-0.0002229791239203	0.0003430015642156	4.97196897042645e-08	1.1765007305434838e-07	0.0001810249208267	-3.4554716400004655e-08	1.1940284254847502e-15	3.2770021960313e-08
1177.453133374799	-0.984916333976571	1386395.8812941324	0.9700601849338484	1690.2226062724244	-10.585839494209496	112.05999779716554	2856852.458754347	1167.4777454791372	0.2254007014405488	0.0508054762098914	1363004.286189049	1305.9645792742765	1127.5613139141772	1.160597	21.363302	0.0695805139608636	0.0347892323254715	0.0129609578	0.1745247891	0.0548228713	-0.1413447657	-0.0977739937	-0.022692511	0.0263167531	0.0639417153	-0.0484533043	-0.0435161294	-0.0689985939	0.1880665204	-0.1280645813	0.0634223186	0.0975514355	0.1924057665	-0.0015842432	-0.0322279498	-0.0135650934	-0.0490462234	-0.0319024798	0.1360017977	-0.0067414195	-0.0351570588	0.024617793	-0.1277224212	-0.1577791976	0.0128409105	-0.0379885811	-0.1241502434	0.0476995895	0.0470057175	-0.2121392603	0.0636924235	0.0731761001	0.140226319	-0.1233970353	0.1257786317	0.0466135854	0.1020802394	0.1891634139	0.1652471398	0.1147109095	0.135306732	0.014901546	0.0830105153	-0.1342118312	0.2021152953	-0.1284094976	0.0395383272	-0.0985393462	-0.0249752844	-0.0559046734	-0.0344239998	0.1254064038	-0.0415427324	0.1028816478	0.2140890988	0.1275520489	-0.0221498994	-0.0400310829	-0.0861417395	0.1502154248	0.1106758723	0.0385161907	0.0675182922	-0.0712549015	0.0271462257	-0.1958877862	0.109332023	-0.1804402862	0.0382394636	-0.0293381391	-0.0120754555	0.1701978699	0.0679725266	-0.1447290781	-0.0905115127	0.0659346943	-0.1676216222	0.0082623593	-0.1310967318	-0.1231809526	0.0327693066	0.0402556592	0.0830713477	-0.2106607263	0.1513571427	0.180096211	0.1178251842	0.0922298888	-0.1874250782	0.0392444906	-0.1333121588	0.0119553267463743	0.0001830065736215	0.0001429298376125	3.3491405988681664e-08	-0.0225947734871283	-0.0139776508547982	0.0001953747234186	0.0005105237889346	-0.0561691643174953	-0.0050258479228589	2.5259147343705125e-05	0.0031549750201257	0.0004209210696507	0.0001949007887111	1.7717454687588944e-07	3.7986317440208865e-08	-0.0005850569039296	-0.0003620777800093	3.422915808356893e-07	1.311003187764631e-07	-0.0002698766826446	-0.0004509016034713	2.0331225601298945e-07	7.283342383525413e-08
1177.9534348366108	0.5003014618116595	1387574.2946433695	0.2503015526908833	1696.3840949776938	6.1614887052694485	37.96394306516299	2877718.997693289	1168.7509165299746	1.2731710508373908	1.620964524690386	1365978.7048896556	1309.9924139332632	1131.6993932078656	1.219233	22.442619	0.0457659671873596	0.0253110041226719	-0.178450295	-0.0320614538	0.0987173462	-0.0625173483	0.0449905582	0.1542630613	-0.1373662425	0.0969389601	0.0661026389	0.0993129707	-0.1103610231	0.0866376054	-0.0935488511	-0.12591457	-0.1039522672	0.111766174	-0.0703471391	-0.0812485677	-0.1334400656	0.0505932345	-0.0432791877	-0.0635524739	0.1052240503	0.0879947159	-0.0661459571	-0.027403861	0.0360253681	0.0462536415	0.0170101947	-0.164119468	0.0111611808	0.1775878095	-0.1038755104	0.0290814647	-0.1888185074	-0.027766765	-0.0705104677	-0.0168502285	-0.1319967331	-0.1335156764	-0.1014335147	0.0183243982	-0.1503910026	0.3015691683	-0.1046611062	0.099640135	0.0217085498	0.0632284948	-0.0505076808	0.2184587893	-0.0651464349	0.0858603295	-0.0299113041	-0.0162484242	0.0117608827	0.0503450722	0.0055770434	-0.0682139387	0.0855693548	0.1065656212	-0.0400755729	0.0006933717	-0.0383809998	0.1805805648	-0.0221013434	0.028443366	0.049076331	0.0979349155	-0.1221779007	0.1458649376	0.0786526439	-0.1538492488	-0.1241286615	-0.0142673638	0.1576184434	0.0221809682	-0.0137444453	-0.0189322607	-0.0736869636	-0.0886352658	0.0376548439	0.0227647387	0.0113132179	-0.0356525615	0.1796963163	0.1623303869	0.0542250723	0.1424760216	0.0835095939	0.0382597662	-0.0597056821	-0.2174532989	0.0337382312	-0.1385517956	0.0117593558942559	-0.0001959708521184	0.0001382824510477	3.8404574880011926e-08	-0.0274947276052017	-0.0048999541180734	2.400955035922447e-05	0.0007559600460842	-0.0600453375547331	-0.0038761732372377	1.5024718965078531e-05	0.0036054425620618	0.0001059766039128	-0.0003149444657379	1.1231040576890496e-08	9.919001649893129e-08	-0.0002100114301535	0.0003750454737761	4.4104800795118416e-08	1.4065910739993934e-07	-0.00022398924256	4.588744008459996e-05	2.1056571575177515e-09	5.0171180782602523e-08
1177.7940678403374	-0.1593669962733201	1387198.8662398895	0.0253978395011804	1691.895359997182	-4.488734980511936	20.14874172527149	2862509.909179994	1166.864242898365	-1.886673631609483	3.559537392210515	1361572.1613547748	1307.423500016244	1138.9370061687955	1.213988	22.346081	0.1219370466473808	0.0560501109622474	0.0675186716	-0.0955591239	0.0431820101	-0.0206948612	0.053053738	0.1398139946	-0.1052792837	-0.0678227388	0.1678826732	-0.0045792483	-0.0377814012	0.1295726271	-0.0020531539	-0.0667119099	0.0124110046	0.0388797539	-0.179668524	-0.1822568322	-0.0222542545	0.0189117523	0.0810045768	-0.1771862403	-0.046136571	-0.049136516	0.0325354521	-0.0069510785	-0.0558838948	0.0146669096	-0.0590255058	-0.0996571728	0.0634725534	0.1195548544	-0.0935599592	0.1642012253	-0.0397023416	0.0150195376	-0.037970137	-0.1100049439	-0.1340199241	0.0976796366	-0.0678843464	-0.0606283576	0.3379525122	0.1335937064	-0.0802322664	-0.1102734403	0.0861086855	0.0538925545	0.0327665874	0.0530791579	-0.1213647145	-0.0561675104	-0.006117982	-0.0156100941	0.0814429526	0.1693409281	0.0848819571	0.0323595675	-0.1037005012	0.0229950068	-0.2168845863	-0.0382549114	0.1952320577	0.0301628401	-0.092529967	0.0999076333	0.0331632864	0.2219821247	-0.0673098389	-0.097075645	-0.0048655354	-0.1719467249	-0.0650284639	0.0723134955	0.1056808503	-0.0159655029	0.0664180036	0.0518073162	0.0364776877	-0.0595702308	-0.0050242061	0.0887324387	-0.1397048722	-0.0479337429	0.1262380091	0.1215356676	-0.1770701198	-0.0931275631	-0.121230896	-0.1003151305	-0.0195884482	0.069667531	0.0281858894	-0.1430347106	0.01521873449758	0.0034593786033241	0.0002316098797078	1.19673003211366e-05	-0.0076106187416939	0.0198841088635078	0.0003953777852958	5.792151763142245e-05	-0.0245452828064642	0.0355000547482688	0.00126025388713	0.0006024709080493	0.0007290244599624	0.0006230478560496	5.31476663223469e-07	3.881886309280031e-07	0.0003469478252604	0.0005569592554139	1.203727934529211e-07	3.102036121912059e-07	-0.0001421262653779	8.18629771821e-05	6.701547033117026e-09	2.0199875310269263e-08
1177.6779444638314	-0.1161233765060387	1386925.340876555	0.0134846385711632	1704.687319953011	12.791959955829045	163.63423951153376	2905958.858808579	1167.9300228800373	1.0657799816722218	1.1358869693332414	1364060.5383445644	1308.7320005711745	1146.726927814627	1.118546	20.589268	0.0688972631119551	0.037958789714217	0.0561723874	0.0681900087	0.0615386407	-0.0725504636	-0.1408254307	0.0024570068	-0.0886385745	0.0175227109	-0.0006638081	-0.2330841597	-0.0258548231	-0.0686297882	0.0572319033	-0.0797502246	-0.1198288097	-0.0072525159	-0.2247548971	0.0554362099	0.0848008719	-0.127348684	0.0047149999	0.0006440769	-0.0854080336	-0.1393110261	0.1013986653	-0.1733998141	0.0127215196	0.0295125625	0.0303804072	-0.1059392197	-0.0988253626	0.0992601638	-0.0197331909	0.2277152996	0.0642168294	0.0128816853	0.0944407081	-0.0496378058	0.2120928187	0.0732308399	0.0572904715	-0.0883296562	-0.0545919568	0.0205282943	0.0119087668	-0.0490797839	-0.1833803648	-0.0403063758	0.0955915995	0.0542778607	-0.0610558266	-0.0105803609	-0.0955259806	0.0414838171	-0.0299128842	0.1617136359	0.1260240624	-0.089885791	-0.1056800841	0.0107126699	-0.1766443421	0.0871066372	0.2076267436	-0.1801702776	0.0243891077	0.1105836989	-0.0423934287	0.0016883998	-0.0171381949	-0.0600842052	-0.0057297147	0.0703133205	0.0314330578	0.0257893836	0.2031391892	0.0090058042	0.0859498936	0.0073848975	-0.0076276111	-0.1497596992	-0.0851938278	-0.1328312927	-0.1454153681	-0.1682889371	0.1027825699	0.1087845805	-0.0498942927	-0.0536413218	-0.2626699987	-0.0531615636	0.1033006348	0.0113231842	0.022595049	-0.1467364196	0.0142226090956256	-0.0009961254019543	0.0002022826094869	9.922658164188132e-07	-0.0074875444446291	0.0001230742970648	1.5147282597994796e-08	5.606332181029609e-05	-0.0444660665482601	-0.0199207837417959	0.0003968376248874	0.0019772310742742	0.0002649903167579	-0.0004640341432044	7.021986797545219e-08	2.153276860595344e-07	-0.0001420184857636	-0.000488966311024	2.016925029858585e-08	2.390880533164192e-07	-0.0001379811261836	4.145139194300016e-06	1.7182178940122182e-11	1.9038791182894546e-08
1178.2549811830595	0.5770367192280901	1388284.800682692	0.3329713753375176	1695.4026567568335	-9.284663196177462	86.20497066645228	2874390.1685381294	1169.0071654270807	1.0771425470434224	1.1602360666511915	1366577.752819858	1307.9685171168378	1119.5704685404785	1.212752	22.323322	0.0803744964481726	0.0402757621924271	-0.1444231277	-0.0262826891	-0.0530529859	-0.0718638983	-0.1057276305	0.2069501134	0.0818096065	0.0140273912	-0.0326585107	-0.1684378693	0.0080404027	-0.0796115074	-0.1691532554	-0.144781759	-0.0412945175	-0.1046181622	-0.058115587	-0.0289057309	0.1384113036	0.123834	-0.137103148	-0.0702219485	-0.1375024172	-0.0634435089	-0.0506272276	-0.0219510157	-0.0267404436	0.065519955	-0.1014060304	0.0720802481	0.1425601959	0.0695690619	-0.1258253657	-0.1948773179	-0.1906205818	-0.0952877765	-0.0744913264	0.175033861	0.0030315367	-0.1768518844	0.0743494599	-0.1852984651	-0.0260131396	-0.147027402	-0.017893251	-0.1065755227	-0.1432225657	-0.1788346571	-0.072637121	0.0438792466	-0.1022578729	0.1473602967	0.1470961202	-0.0353301984	-0.2913479267	0.0748055113	0.0642552994	0.113351777	0.0180377685	0.1333191223	0.0295495814	-0.0068154349	0.0391589139	0.1240399929	0.0514842081	-0.0119669199	0.0152932394	-0.0803731856	-0.0342460509	0.0364264081	0.1432352164	0.1579991824	-0.0151224933	0.0932838114	0.1113058256	-0.0277563231	0.0191718483	-0.1606038699	0.1668454819	0.0322621746	0.0212634057	0.0637154875	0.1457200537	0.0427501985	0.1516269827	0.0512203005	0.1489730295	-0.0040763833	-0.2237045025	0.158953438	-0.0431253892	-0.1063591674	0.0169733466	-0.1496367051	-0.0061056248369624	-0.020328233932588	3.727865464973213e-05	0.000413237094818	-0.0002007008126128	0.0072868436320163	5.30980901174565e-05	4.0280816183438255e-08	-0.0763275231407334	-0.0318614565924733	0.001015152416194	0.0058258907887991	0.0001680083270857	-9.69819896722e-05	2.822679797013556e-08	9.405506320778709e-09	0.0001509904591139	0.0002930089448775	2.2798118743426304e-08	8.585424177822585e-08	-0.0001100128149114	2.7968311272199992e-05	7.82226435418669e-10	1.2102819444729957e-08
1177.9764744093673	-0.2785067736922428	1387628.5742619226	0.0775660229924621	1697.7663661939982	2.363709437164744	5.587122303341669	2882410.634179573	1169.2232409091455	0.2160754820647525	0.0466886139495152	1367082.9870820856	1309.8090960657526	1133.2401820950042	1.183594	21.786621	0.0940099347137165	0.0456647033641977	0.0154570834	-0.1573045535	0.0416211658	0.0357103255	-0.1232361169	0.0573815635	0.0438545281	0.0415668074	0.162072281	-0.0499575764	0.198702126	-0.0664393771	-0.1494174858	0.0864722052	0.0488883256	0.004048195	0.0973072427	0.0287498335	0.0365200303	0.1755317658	-0.0285328927	0.0799799053	-0.0894745085	0.0355045578	0.0078817755	0.05617257	-0.1124115357	0.0940432751	0.1740022701	-0.1121386263	0.006092065	-0.0052384557	-0.0352969101	-0.0981862207	0.0190276898	-0.1422265066	0.120084737	-0.0629011449	0.0822455487	-0.1068709038	0.0201957993	-0.0905327236	0.1081850205	-0.088421835	-0.1741100839	-0.0641295415	-0.0566843686	-0.0893839118	-0.1966252897	-0.1684865747	0.1129781136	-0.1858930362	-0.0150001938	-0.0407999137	-0.01435939	-0.0940051001	0.0974598145	0.0114458907	-0.0921812863	0.1271925534	-0.0627874644	0.1416717825	-0.0480663213	0.0462904372	0.0603766222	0.100217659	-0.145295353	-0.1805787682	-0.1052424827	0.0047888683	0.1183371095	-0.0413840746	0.121055587	-0.0257299036	-0.1264825957	-0.0280742049	0.0566510589	-0.1613392442	0.0253497075	-0.146710898	-0.0166949901	0.0870167565	-0.1305034438	0.1673065418	0.0176783803	-0.118104852	0.1066801859	-0.1848125018	-0.0129605977	-0.14224164	0.0758243581	0.0044645069	0.0113284606	-0.1517197269	7.436387184611704e-05	0.0061799887088085	5.529985435945717e-09	3.819226044100076e-05	-0.0005117788513331	-0.0003110780387203	9.676954617406845e-08	2.619175926718273e-07	-0.0444027110719957	0.0319248120687377	0.0010191936256242	0.0019716007505431	0.0004619124158289	0.0002939040887431	2.1336307989689065e-07	8.637961337997077e-08	0.0005260764586161	0.0003750859995021	2.767564403100572e-07	1.4068950702256438e-07	0.0003328782147922	0.0004428910297036	1.9615246419191512e-07	1.1080790588324205e-07
1177.085392061049	-0.8910823483181503	1385530.0202035138	0.7940277514841892	1695.6143094033396	-2.152056790658662	4.6313484302200605	2875107.8862533644	1168.167826251083	-1.0554146580625456	1.11390010045328	1364616.0702881804	1307.4908781107624	1138.7038481441657	1.253027	23.06468	0.0750139727023845	0.037526359547561	0.1297757809	0.0974575697	0.1222841217	0.0243984493	-0.0548764786	0.014068572	0.0417419859	-0.0145053005	-0.0417181144	-0.0606610609	0.0077243454	0.0433969396	-0.0654726427	0.1167330882	-0.1503591359	0.0205085593	0.0838494598	-0.0095983136	0.0231043916	-0.0447956613	-0.1349547803	0.1758834961	-0.1286978562	0.0873550236	-0.0025688015	-0.0973973629	0.062325605	-0.0251652054	0.089351222	-0.2023394384	0.0503736189	-0.0111178885	-0.0728175892	0.0349520435	0.1469654948	0.1024231817	0.0905398966	-0.1004213564	-0.0174344503	-0.074658161	0.011850962	-0.0925969679	-0.0670222661	0.1250126215	0.0099071142	-0.0151444284	-0.1386797808	0.1023355249	-0.1026464589	-0.0433355587	0.0993756847	-0.0658117075	-0.118879465	0.098565062	-0.0549368907	0.0671495924	0.0026253176	0.10191243	0.2015287987	0.0067489166	-0.1181939726	0.0516736496	-0.0935278555	-0.0907587438	-0.1391056408	0.0740670582	0.1501256236	0.0062560021	-0.1322716605	-0.0336563492	-0.1066070849	0.1313882093	-0.0362175178	-0.1726924531	-0.0954274841	-0.0509330114	0.0828848352	-0.0118048372	-0.1159455674	-0.0807019794	-0.169185892	0.0657688706	-0.0500375117	0.1047340098	0.0409051589	-0.0613237527	0.117104661	-0.103891786	-0.070634848	-0.0170769266	0.0281399465	0.0948831148	0.0056681013	-0.1529741081	-0.0180073421569204	-0.0180817060287665	0.0003242643715564	0.0003269480929107	-0.0074814120740427	-0.0069696332227096	4.8575787259097405e-05	5.597152662163189e-05	-0.0195422279110673	0.0248604831609284	0.0006180436229948	0.000381898671728	0.0004379090295429	-2.400338628599997e-05	1.917643181552045e-07	5.761625531949311e-10	0.0008780453215602	0.0003519688629441	7.709635867137549e-07	1.2388208048216265e-07	0.0002068074582227	-0.0001260707565695	1.589383566200613e-08	4.2769324776533814e-08
1176.0500654728305	-1.0353265882185951	1383093.756498649	1.0719011442723565	1693.7872893883791	-1.8270200149604532	3.338002135066096	2868915.381693633	1168.1369742955517	-0.0308519555312614	0.0009518431601029	1364543.9907163663	1308.670818022786	1137.4827523195654	1.163824	21.422697	0.0552554804898548	0.0276609483114794	-0.1297125719	0.045485083	0.1625753459	0.0564587377	0.1149903725	0.0888098713	-0.0283738254	0.1409281091	-0.0581143435	0.1301487242	0.0829721256	0.0870621138	-0.0985190066	-0.0369382612	-0.1662254303	-0.0642666263	0.0499787049	0.0335414848	-0.1452953333	-0.0343108974	-0.0828593759	0.0420793328	0.058862359	0.0128738167	-0.0230617206	0.0546301561	-0.1005998347	0.0690023596	0.1882239981	0.0445237836	0.1379143675	0.1269708294	-0.0259103876	0.0074944577	0.0050517856	-0.0067782409	0.0614929613	0.0509513432	0.1568658218	-0.0029152065	0.0725837301	-0.055519818	0.0249230873	0.023638566	-0.1118707051	0.1326275876	0.0205827945	0.047460351	-0.1252498738	0.0711729827	0.1859426629	0.0287220059	-0.0393306523	-0.0688842126	-0.0122655055	0.053031441	0.0551057484	-0.0443863011	0.0033814753	-0.0046711608	0.0165367779	0.0159706098	-0.0128124634	-0.0141172628	0.096585288	0.1752208119	0.0098573058	-0.0015540898	-0.1015255009	0.1533771833	0.0480818061	-0.0603938814	-0.1264144371	-0.206852463	-0.0787878618	-0.0697401894	0.0903603945	0.0340659231	-0.071508524	0.0215206302	0.0354993229	0.177160988	0.0007027214	0.0676993782	0.1177155623	-0.069073413	0.0770990448	-0.0316813094	0.0613790249	-0.0480219935	0.0088617011	0.0203073945	0.0	-0.1533929978	-0.0178000375780982	0.0002073045788222	0.0003168413377817	4.29751884006499e-08	-0.0291941852759691	-0.0217127732019264	0.0004714445201182	0.0008523004539276	-0.0346327336937335	-0.0150905057826662	0.0002277233647766	0.001199426243101	0.0002809331147407	-0.0001569759148022	7.892341495791131e-08	2.464143782798757e-08	0.0010110175930098	0.0001329722714496	1.0221565733753297e-06	1.7681624974466128e-08	0.0001318577059457	-7.494975227700002e-05	5.617465366383669e-09	1.7386454617262687e-08
1177.3033814685489	1.253315995718367	1386043.2520172796	1.5708009851235218	1695.6798993081247	1.8926099197456097	3.581972308319483	2875330.320917612	1168.1203657146352	-0.0166085809164542	0.0002758449600584	1364505.1887972932	1306.9480530800415	1137.243229421458	1.202441	22.13353	0.0532266357706885	0.028846691264194	0.1267143813	0.0322608188	0.0673635202	-0.1074281216	0.1249703404	0.1010822963	-0.0675888529	-0.122032797	0.0419119153	-0.0530695007	0.0038141723	0.1015058049	0.0517063126	-0.0803829448	-0.096807805	-0.054256763	0.0851540376	0.024298691	0.0076210621	-0.0339649268	-0.0695110474	-0.0387095193	0.2107023763	-0.0241973444	0.0437783472	-0.1452322826	0.0060350793	0.1119559772	0.064462883	-0.0226024366	0.2870999494	-0.0664446291	0.1391337746	-0.0599941407	0.0294808311	-0.0331641369	-0.0759901394	-0.0056128669	0.0143326788	-0.0864729704	-0.0647031195	0.1198303224	0.2076497312	-0.0113324981	0.0215288742	-0.1111719029	-0.0089566822	0.0620539769	0.0336650649	0.2458608541	0.1593872299	0.0379784241	0.0468364496	-0.0993620536	0.0951868907	0.155386128	0.0147026852	0.0076147629	0.0700150024	-0.1078066301	-0.0667376426	-0.0399257593	-0.1717607486	-0.0801753333	0.0758432743	0.0161009036	-0.0090702326	0.0600726282	-0.1045186621	-0.1718942135	-0.0279881366	-0.0375164975	-0.198054231	-0.2035511032	0.076095289	-0.0766512708	0.0685569717	0.0143256664	-0.1128098114	0.0008231106	-0.0956326684	0.0192131985	0.0537906388	0.0204324668	-0.050436263	-0.1313184024	0.0671395905	-0.0820359153	-0.0849743413	-0.0905222077	0.0411471358	-0.0746443726	-0.0056681013	-0.1529741081	-0.0237304804805233	-0.0059304429024251	0.0005631357038364	3.5170153018924257e-05	-0.0259725994977344	0.0032215857782346	1.0378614926524065e-05	0.0006745759246697	-0.0116031487729699	0.0230295849207636	0.0005303617816226	0.0001346330614476	0.0001499684443344	-0.0001309646704063	2.2490534296080032e-08	1.7151744894630787e-08	0.0012210040921387	0.0002099864991289	1.490850993019451e-06	4.409432981641152e-08	5.190843209559606e-05	-7.994927385010393e-05	6.3918863891589134e-09	2.694485322623107e-09
1177.340551702726	0.0371702341772106	1386130.7746836797	0.0013816263087886	1701.652288495707	5.972389187582166	35.66943260794837	2895620.5109426766	1170.242918167271	2.122552452635773	4.505228914190136	1369468.48752065	1309.3665836879186	1132.2048575967774	1.243184	22.883493	0.0455288985423457	0.022919557042649	-0.1561825996	-0.0653919795	0.0124079993	-0.1196914943	-0.1122658815	0.1482907461	0.0028907762	0.0895984227	0.0520751917	-0.0229182607	-0.0943007631	-0.2043058879	-0.0706415304	-0.053851282	0.0603251575	-0.0523942138	0.025078579	-0.1242116579	0.1042197459	-0.0197113967	-0.180755926	-0.0914945864	0.0545553143	-0.2295536762	-0.0895755824	-0.1062974641	0.1116962006	0.0933219318	0.0817409017	-0.0397446088	-0.1129378084	-0.0959412161	0.1702460022	0.0909581398	0.2346091362	0.0265613729	0.1185368968	-0.1489843191	-0.1307464915	-0.11321373	0.0374025361	0.0329003229	-0.0426475284	0.0172578755	-0.0855885353	0.0092932099	-0.0656947427	-0.2394189359	-0.0035098966	0.0855562039	-0.0768016802	0.1193790176	-0.0051976212	-0.0631567095	0.1355001026	0.0289059717	-0.06793808	0.0205497017	0.0699813529	-0.1182518826	-0.0308621687	0.048985648	-0.1923794501	-0.1840925471	-0.0880192059	0.0393085261	-0.0480419251	0.029582255	-0.0545325842	-0.0163916561	0.2321489313	0.0743408276	-0.0818549453	-0.1854626429	0.0523247711	-0.0880156022	0.0959232054	0.0346984245	-0.1029105947	0.0029760259	-0.1073668984	-0.0254832731	0.0299164895	-0.001926202	-0.1619092564	-0.0312107458	-0.075041682	-0.0335231258	-0.1247750737	0.1745397401	0.0495088685	0.0073310014	-0.0113284606	-0.1517197269	-0.017740835602126	0.0059896448783973	0.0003147372478616	3.587584576931103e-05	-0.0183635287437766	0.0076090707539578	5.7897957738735946e-05	0.0003372191879235	0.0054684828178892	0.0170716315908591	0.000291440605174	2.990430432954941e-05	0.000445468663817	0.0002955002194826	1.9844233044290334e-07	8.732037971426477e-08	0.0012200131512274	-9.909409113000207e-07	1.4884320891678108e-06	9.819638896881157e-13	5.122856610686476e-05	-6.798659887312977e-07	4.62217762633585e-13	2.6243659853654127e-09
1176.418335905059	-0.9222157976671496	1383960.101053628	0.8504819774668572	1696.2552003230292	-5.397088172677741	29.128560743657957	2877281.70462292	1170.0129195258355	-0.2299986414354862	0.0528993750621693	1368930.2318573692	1309.2640416393542	1129.2199559821222	1.336506	24.601297	0.0652964711724422	0.0374840139816848	0.1699572802	0.0299353053	0.0765831158	0.102304724	0.100783747	0.2041402347	0.0728584762	-0.0860262242	0.0459263257	0.0013032362	0.0036884016	-0.0430151945	-0.0600201634	0.0675178009	-0.1830464438	-0.2567084366	0.0445766977	0.1643164832	0.2073092311	-0.0776810575	0.0468856244	-0.0146069749	0.0203249183	-0.0366974388	-0.1733404839	0.1188934624	-0.0404722899	-0.0171215949	0.1178217437	-0.0240206889	0.2211572993	-0.0431063315	0.122704822	-0.0349092674	-0.2663302509	0.1138241568	-0.0679420112	0.0043030343	0.0676245312	-0.1052084029	-0.0344399124	0.0102725839	-0.1234293061	-0.1168921996	0.0276289975	-0.1302549516	-0.0546936516	-0.054780367	-0.1668311256	-0.1123371781	0.125681999	0.0972436935	-0.1965514448	-0.1551877107	0.0363214053	0.1158580363	-0.043609282	-0.2262076787	0.019112678	-0.1287461244	0.0601727796	-0.0290404868	-0.0318482811	0.0023098687	-0.0098141663	0.0140968632	0.0674766591	0.0599749304	-0.1218754838	-0.2082738063	-0.0006842213	0.1016599166	-0.0010969161	-0.1787305266	-0.0498499075	-0.1117100408	0.0826794927	0.0236696738	0.0505103324	0.0774858548	0.0163178356	0.1319082357	-0.0602877391	0.1427517936	-0.0495871518	-0.0024814748	0.071619041	0.0713717776	0.193896214	0.0663371192	0.1571191403	-0.0544902322	-0.0169733466	-0.1496367051	-0.0179242657852825	-0.0001834301831565	0.0003212793039414	3.3646632092827934e-08	-0.0368030130775025	-0.0184394843337259	0.0003400145824937	0.0013544617715828	0.0264776780733697	0.0210091952554805	0.0004413862852829	0.000701067436157	2.3924837327848296e-05	-0.0004215438264891	5.723978411640032e-10	1.77699197651116e-07	0.0012419999968638	2.1986845636399978e-05	1.542563992209679e-06	4.834213810388808e-10	0.0001209851219829	6.975655587603524e-05	4.865977087686426e-09	1.4637399741217193e-08
1176.593327518489	0.1749916134301656	1384371.8583610305	0.0306220647708925	1689.8605839061318	-6.394616416897407	40.89111911925382	2855628.7930395724	1168.112310953943	-1.9006085718924624	3.6123129435511054	1364486.3710021614	1303.7952824721365	1128.980966507044	1.23332	22.701925	0.1402984488457544	0.0802469664722998	-0.0826360301	0.1327071195	-0.0028608681	0.1229061581	-0.0071076259	0.110380931	0.0931021816	0.0166875657	-0.2038030676	0.034625452	-0.0877607808	0.0460271205	-0.07578416	0.0415548104	0.081867578	-0.2610985738	0.0074483639	-0.0535276393	0.0154871913	-0.0534693447	-0.1727026889	-0.035788201	0.2026072224	0.2273017526	-0.0006009906	0.2167407665	0.0353560651	-0.0297842829	0.008508431	0.1590536214	0.0336491533	-0.0089736244	-0.0231387802	0.0777445643	0.0145015461	0.0173645037	0.0040131322	-0.0237409494	0.0453455218	-0.0317842741	0.141037031	-0.105343469	-0.0935174539	-0.0439000324	0.1665027136	0.115427805	-0.0231396715	-0.0056472565	-0.1877665765	0.0361715906	0.1112637989	-0.083838022	0.1759565609	-0.1116912759	0.0251065907	0.0825188018	-0.086049174	0.0097455634	-0.1936111819	0.0796695936	-0.0130438471	-0.0167372334	-0.0854218608	-0.0529977355	-0.163666263	-0.0384855256	0.1909803587	-0.0309134095	0.0010416192	0.0748226075	0.0178393404	0.1363378216	0.0148674102	-0.17987037	-0.0441711253	-0.0262874207	0.1020120409	0.0334916461	0.0759731263	0.2093448219	-0.0115619474	0.0592781078	0.0038600742	-0.129831423	-0.1064746364	0.0525399841	-0.0788277329	0.1099508071	-0.0778745111	-0.1032172715	-0.1414195065	0.1820247187	-0.022595049	-0.1467364196	-0.0181733930508301	-0.0002491272655475	0.0003302722149799	6.206439443922419e-08	-0.0184949717870068	0.0183080412904957	0.0003351843758944	0.0003420639814021	-0.0318529011976238	-0.0583305792709935	0.0034024564780896	0.0010146073147055	0.0006989357238001	0.0006750108864722	4.885111460039697e-07	4.556396968560551e-07	0.0007100636566275	-0.0005319363402363	5.041903964632162e-07	2.829562700639887e-07	0.0001822519156487	6.126679366580001e-05	3.753620006087712e-09	3.3215760757620865e-08
1178.9010506811665	2.307723162677348	1389807.6872971582	5.325586195557543	1693.9818589466784	4.121275040546607	16.984907959832434	2869574.538440444	1168.6591763036206	0.546865349677546	0.2990617106779446	1365764.270358657	1307.467253772713	1135.2323465759594	1.211072	22.2924	0.0386092119515417	0.0225653718623678	-0.0288926285	-0.1019131958	0.0491918672	0.1562746029	-0.0803494292	-0.2091691024	-0.0450066743	0.001606805	0.1787440621	0.0529941448	0.0289497493	0.1492588465	0.0528140048	-0.1061798968	0.0411541938	-0.2157208696	0.3593732489	-0.0294289566	-0.0046764318	0.0862535701	0.1568137087	-0.0435659936	0.0839580279	-0.0239584771	0.1449846423	0.1704758992	-0.0372367366	0.2078686299	0.1178772343	0.1938614011	-0.0117301544	-0.1161582951	0.0618194513	0.0566408916	-0.0573677924	-0.0971745261	0.0984097369	0.0230029273	-0.0545388761	0.0775069843	0.0009685439	0.0648156731	-0.0190288835	-0.0349155579	-0.0933975843	-0.1215243543	0.1195406807	0.0582592419	0.0519328619	-0.0697145073	-0.0311696177	0.0445029142	0.2590814539	-0.2541178972	-0.0884265826	0.0732825973	-0.0620541319	0.0021339746	-0.0458333991	0.1160070249	0.2783291166	-0.0960450843	-0.0835749339	-0.165981397	-0.0008491779	0.0671422965	-0.024511271	-0.0242392776	-0.0197188055	0.00757381	0.0048773563	-0.113708363	0.0198706122	-0.1050149235	-0.2467520477	-0.0444052847	-0.0070409742	-0.1444218761	0.1113725213	0.1353311366	-0.0487157383	0.0376310139	-0.0342633974	-0.1319681436	-0.1061789026	-0.2061391582	-0.0954963721	0.0142232074	-0.0518142832	0.087686167	-0.0269709978	-0.0370337218	-0.0281858894	-0.1430347106	-0.0180553585539797	0.0001180344968504	0.0003259959725127	1.3932142446727229e-08	-0.0183897102798624	0.0001052615071443	1.1079984886310205e-08	0.0003381814441772	-0.0444201998875612	-0.0125672986899373	0.0001579369963621	0.0019731541580508	0.0003129817581343	-0.0003859539656657	9.795758092483748e-08	1.4896046361315748e-07	0.0007100083269313	-5.532969620002712e-08	5.041118243117838e-07	3.0613752815872944e-15	5.188886585850983e-05	-0.0001303630497901	1.6994524750599604e-08	2.692454400082427e-09
1178.5287727105465	-0.3722779706199617	1388930.0681066269	0.138590887408917	1688.8934673695835	-5.088391577094853	25.891728841849847	2852361.1441236543	1167.228562372666	-1.430613930954678	2.046656219441596	1362422.5168185604	1303.1140463394197	1134.1022978832848	1.240459	22.833328	0.0772445296422353	0.0405514486858725	-0.0724138957	0.1584952975	-0.1370864889	-0.0132834867	-0.0532568664	-0.1070928955	-0.0445524209	0.0560590948	-0.1721139484	0.0237250396	-0.017285243	0.0534436385	-0.0181357202	-0.0469810262	0.2124162617	0.0314392948	0.1655343458	-0.0528383711	-0.0536430031	-0.1492366319	-0.0969525823	0.0732719335	0.0152124208	0.0538977127	0.0606872704	-0.0376842271	0.0970760042	0.1702004617	0.0860777538	-0.023057924	0.1481705161	-0.0486517529	0.0597094803	-0.1457092249	0.0141493807	0.0200092281	0.0849862787	-0.0297681823	-0.0248575606	-0.0341540422	-0.1624431047	0.1167591644	-0.0636539292	-0.0275544887	0.1288628681	0.1713555054	-0.0405433454	0.0507967829	0.0089694387	0.0124721267	0.1034690671	-0.0165394344	-0.0191374363	-0.1346742923	-0.0639195117	-0.026115368	0.0395452627	0.1641187112	0.090192508	-0.0960728036	-0.0163000274	-0.0360167858	-0.1538592459	-0.0366251959	-0.1358405135	0.0178415243	-0.109578052	-0.0427113256	0.0527294582	0.0344017283	-0.0927621052	0.0685278379	-0.1525765803	-0.1810001906	0.008451969	-0.0170235492	-0.0518249526	-0.0251325744	0.0851831557	0.1632705774	-0.0609337019	-0.1607560348	0.0373641981	0.0472020643	-0.0917692375	0.0736187347	-0.0218340508	-0.0508659181	0.149732008	0.0426477333	-0.186299016	0.0393901748	-0.0337382312	-0.1385517956	-0.0250139633213564	-0.0069586047673767	0.0006256983610421	4.842218030855774e-05	-0.01584226460578	0.0025474456740824	6.4894794624011325e-06	0.0002509773478395	-0.0689866092379247	-0.0245664093503635	0.0006035084683696	0.0047591522541461	0.0001820380349448	-0.0001309437231895	3.3137846166564224e-08	1.7146258642728405e-08	0.0013339957097273	0.000623987382796	1.779544553570843e-06	3.8936025388860194e-07	-5.662142516424483e-05	-0.0001085102910227	1.1774483257842912e-08	3.205985787630178e-09
1178.081523972625	-0.4472487379214271	1387876.0771256627	0.2000314335723094	1693.2888741178135	4.395406748230016	19.319600482385965	2867227.2112111724	1170.5111833450976	3.282620972431687	10.775600448648351	1370096.4303359408	1307.0043584297314	1144.62696980713	1.166999	21.481146	0.0395031603182845	0.0197154440280591	-0.0411492939	-0.0805532701	-0.0068083665	0.0774423236	0.1204783561	-0.1574402257	-0.0026891258	0.0183297863	-0.0283622327	0.2593181485	0.0335352462	-0.0200008053	0.0987779898	-0.050135325	-0.0649647259	-0.0407462339	-0.0887996882	-0.1256353164	-0.0960484453	0.1352058805	0.0376548777	-0.0305986409	0.0031264215	0.0348487459	-0.0364530146	-0.0957190319	-0.0409764793	-0.2063382289	0.170696744	0.0378240903	0.1309401084	0.0249088516	0.1674346249	-0.0076586043	0.0445309118	0.0172725603	-0.1243836953	-0.0178927577	0.2142918604	0.0701402709	0.0865138876	0.1731229129	0.0179379149	0.1225747131	-0.0226303046	0.0917804025	0.1996837162	0.0067753118	-0.0102070498	0.1042224536	0.109138614	-0.0391751887	8.8731e-05	0.1074798349	-0.0394977127	0.047644128	0.1653935857	-0.2288913183	0.0807893927	-0.0686083695	0.164204225	-0.040464922	-0.1364939357	-0.1267406711	0.0607127125	-0.1176471863	0.1209739389	-0.0178347575	0.0220538878	-0.0353097541	0.0953648624	-0.139086017	-0.1810840087	-0.0968679977	-0.0700945328	-0.0655937651	-0.1643670224	-0.0215320039	-0.0326214783	0.1052140932	-0.1382223308	-0.1162833737	0.0275043007	-0.0478593009	-0.0681706761	0.0938963816	0.063609737	-0.0899702063	0.0894380418	-0.0195992258	-0.0374249871	-0.0633547767	-0.0392444906	-0.1333121588	-0.0296640372155252	-0.0046500738941687	0.000879955103924	2.162318722123018e-05	-0.0183208516992294	-0.0024785870934493	6.143393979813937e-06	0.0003356536069851	-0.0605561756441161	0.0084304335938086	7.10722105796166e-05	0.003667050408641	0.0001536295069109	-2.84085280339e-05	2.3602025393686273e-08	8.070444650528821e-10	0.0010689835019388	-0.0002650122077885	1.1427257274173405e-06	7.02314702769352e-08	-0.000242082004079	-0.0001854605789147	3.439562633139614e-08	5.8603696698904986e-08
1180.7337101835924	2.6521862109673293	1394132.0943639115	7.03409169764524	1685.01676130925	-8.272112808563634	68.42785031760253	2839281.485893113	1170.0635879798592	-0.447595365238385	0.2003416109828833	1369048.799916302	1305.3012022253586	1132.801617823149	1.164516	21.435438	0.0622365449366554	0.0368440477886289	0.118754931	-0.1237512671	-0.2099291879	-0.0002375712	0.0974445871	0.0338671798	0.0116691656	-0.2354333335	0.062173064	0.038256475	0.0240824546	-0.0421987031	0.0864008754	-0.1333992267	0.1205542025	0.1561773806	-0.0893015387	-0.2336358687	-0.0367207069	0.0284245251	0.1699906933	-0.0732119997	0.22774794	-0.0744233296	0.0658114173	-0.2051600286	-0.1024316001	0.028030024	-0.0649535629	0.0048092003	-0.0513824922	-0.1207682467	-0.1385060441	0.0424821955	-0.0738849498	-0.1193995185	-0.0835126764	-0.0752038354	0.0761872081	-0.0847906383	0.2250224617	0.0818325774	-0.0601743024	-0.0876241502	0.0738905939	-0.1314621279	0.1685540914	0.0317627985	0.0846159508	0.1042113269	-0.0345217297	-0.0178745214	-0.0209825594	-0.1182299079	0.0631023827	-0.1940899987	0.1598012968	0.1183048692	0.0044313298	0.1192356537	-0.1189463141	-0.2288231782	-0.0113170869	-0.1321310589	0.1383458952	0.0342332292	0.1360373169	-0.1276699715	0.0978472886	-0.144223705	-0.0125157255	-0.1323992999	-0.1417490783	0.0291298972	0.0086598732	-0.1256213427	-0.1862995786	-0.0463917437	-0.0147103977	0.1005003758	0.024287547	0.138457127	0.0145143259	-0.0473584272	-0.0330585863	0.0067736132	-0.2958135772	-0.1172416788	-0.0193980361	-0.2861648498	-0.0617861845	-0.0042267134	-0.0446971468	-0.1273444172	-0.0177929398396514	0.0118710973758737	0.0003165887081374	0.0001409229529074	-0.0183317155524491	-1.0863853219699598e-05	1.1802330677917734e-10	0.0003360517950959	-0.089227221564073	-0.0286710459199569	0.0008220288741442	0.0079614970680441	0.0004401302565249	0.000286500749614	1.937146427086743e-07	8.208267952938394e-08	0.0009529408473762	-0.0001160426545625	9.080962585980702e-07	1.3465897677934884e-08	-0.0002732093556545	-3.1127351575499984e-05	9.68912016104781e-10	7.464335201714708e-08
1180.439251864199	-0.2944583193934704	1393436.8273417098	0.086705701860027	1706.7205794414235	21.70381813217364	471.0557215144692	2912895.1362888683	1171.0112694460263	0.9476814661670688	0.898100161316565	1371267.393169594	1310.4064017816531	1150.9447506352474	1.290308	23.750919	0.0595100005313734	0.0359439606812766	-0.1514129808	0.0556893741	-0.1137829965	-0.1417420449	0.0264501189	-0.1025925038	-0.1189868345	0.0912634031	-0.0755533101	-0.2101138988	-0.0313317811	-0.1008884738	0.0766212829	-0.2980795497	-0.0935004802	-0.1501101233	-0.041289447	-0.0353993379	0.0598076056	-0.1403454024	0.0485738589	-0.0819223886	0.035557833	-0.0272119852	-0.0308626561	-0.1437008494	0.0550986298	0.0085741605	-0.1057545802	0.0306258119	0.0528786763	0.0555169733	0.1120353665	-0.0689203695	-0.0102217054	-0.1430354203	0.0368909888	-0.1205176119	-0.0702387268	0.0875270117	-0.0133469719	-0.0111970636	-0.0587813938	-0.0373674801	0.0515021429	0.0385133756	-0.1324622451	-0.0842547278	0.2267650494	0.0920854336	-0.1068738782	0.0987129988	-0.0097066196	-0.0692208059	-0.0490401519	0.0649949467	0.0750857569	-0.1352371407	-0.1716977197	0.0025404535	0.0779305307	-0.0158736449	-0.038024857	0.1191084964	0.0253630392	0.1206657353	-0.0217435255	-0.0856243697	0.1136255507	0.0014580379	0.1363914261	0.1179568826	-0.057487572	-0.0449988373	0.0893798276	-0.0040594311	-0.0597094569	0.0099738576	0.0701533978	0.1138341334	0.07565123	-0.0200444016	0.0882849554	-0.0074403446	0.022366603	-0.0818272918	-0.1077444293	-0.0789687585	0.0165155328	0.1243857423	-0.0571939233	-0.0340042495	-0.0500887521	-0.1206811645	-0.0181284436751951	-0.0003355038355436	0.0003286404700847	1.1256282366453249e-07	-0.0228784599583491	-0.0045467444058999	2.067288469258294e-05	0.0005234239300657	-0.0872648379438914	0.0019623836201816	3.850949472757091e-06	0.0076151519413736	-0.0001769717717093	-0.0006171020282342	3.13190079819286e-08	3.808149132507634e-07	0.0007100072356041	-0.000242933611772	5.04110274610176e-07	5.9016739728637386e-08	-7.993762226583653e-05	0.0001932717333886	3.7353962927058614e-08	6.3900234535155644e-09
1180.1980637998192	-0.2411880643796848	1392867.4697968422	0.058171682399219	1700.00228572627	-6.71829371515355	45.13547044307169	2890007.7714745426	1169.6322438829488	-1.3790255630774482	1.901711503621073	1368039.585930662	1309.6544651695897	1143.7153247101862	1.227991	22.603836	0.0606108348230315	0.0360846315645674	0.0639352239	-0.1676614788	-0.0458278036	0.0867980839	-0.074367755	-0.0619280834	0.0501961474	-0.0049940391	0.0997941326	-0.025481135	0.14977846	-0.1075520011	-0.0892718174	-0.0182856127	0.0810771646	0.1224000731	0.0191788927	0.0815558028	0.0939412695	0.0821505937	0.050440994	0.0170408136	-0.1021664545	0.0014366017	0.1381133886	0.0556889012	-0.0843078021	0.0750529826	-0.0458255666	0.0147454125	-0.1098962185	-0.1195567008	-0.0256021733	-0.2423050827	-0.1021963478	0.0440143005	0.3197303574	-0.1036638758	-0.1043650945	0.0866983045	-0.0946824304	0.1741671304	-0.0809874599	-0.0079389474	-0.0624835628	-0.1135617101	-0.0237342565	-0.1218443374	0.0036095171	-0.1539750782	0.0794898382	0.0505185227	-0.120661505	-0.0871103681	-0.0845054738	-0.0642943347	0.1160500409	0.057654422	-0.118527674	0.1060059765	0.2411575468	-0.0618580963	-0.0866882331	0.0739854835	-0.1051911168	-0.0222979767	-0.1714053336	-0.0127609965	0.0518873824	-0.1706472897	0.1064385459	0.0142794633	0.0849273592	0.0272837878	-0.1804440909	-0.1006159831	-0.0576342822	-0.0731220773	0.0183389794	0.0096504034	0.0194692242	-0.0372821184	-0.0702454613	0.0726243081	0.0649917084	0.1014844223	-0.0052101949	0.0421759439	0.1357271992	0.1213119599	-0.0676343171	0.0602200089	-0.0554119421	-0.1133587932	-0.0180736294339851	5.481424121000014e-05	0.000326656080917	3.0046010394280772e-09	-0.0183492500356408	0.0045292099227082	2.0513742523959305e-05	0.0003366949768704	-0.053243845822152	0.0340209921217393	0.0011574279049474	0.002834907117933	0.0001540324830233	0.0003310042547326	2.3726005826323205e-08	1.0956381665108397e-07	0.0008189939209344	0.0001089866853302	6.707510425275022e-07	1.1878097579285814e-08	-8.0063052950413e-05	-1.2543068457646566e-07	1.5732856633320822e-14	6.410092447740635e-09
1178.9415566094965	-1.2565071903227365	1389903.193900823	1.578810319332737	1694.3861475537	-5.61613817256989	31.541007973396667	2870944.417021869	1170.7410617961532	1.108817913204348	1.2294771646428446	1370634.6337755842	1306.91093991274	1132.4317519395872	1.156918	21.29558	0.0469981481820174	0.022816556035042	0.140886142	0.0792202146	0.0225064085	0.094569116	-0.2286430327	0.0405338796	-0.1168281348	0.0208011368	-0.0690141977	-0.1477329909	0.0935621964	0.0227481163	-0.1150762934	0.0132943525	0.1821440898	0.0100394742	-0.0443605935	-0.0709130845	0.1996324982	0.0262749414	0.0942321403	0.0123670279	-0.1560322616	0.0407392611	0.0146754286	0.0273987497	0.0994565205	-0.0577344456	0.0510704796	0.0793479781	0.0503510263	-0.1999773927	0.0952748115	-0.0615254004	-0.078154205	-0.1606923298	0.0728171604	0.1627959202	-0.0182778066	0.0824204126	0.0954681888	0.0824686707	-0.0855635403	0.1086131608	0.1133343946	-0.0784218969	-0.0957342482	-0.0569542691	0.1174036667	-0.2003087616	0.0015501611	-0.0240804065	0.1425659721	-0.0501053702	-0.0025445986	0.0662311269	0.0018108362	0.0109536354	0.1330581819	0.0715320921	0.0456001538	0.1153724714	-0.1591666899	0.2381411088	0.0710342251	-0.3067603046	-0.0714560393	0.0006259423	0.0612748153	-0.1352251464	-0.056673075	0.130023669	0.1560348261	0.0061482815	-0.090946321	-0.1469671181	0.0700108518	-0.0239855324	-0.161074825	-0.0081585104	0.0353485977	-0.057673062	-0.0087133045	-0.1346413703	0.1684548264	0.0694291042	0.0354952945	0.0891151488	0.0206625859	0.0501175504	-0.1532996109	-0.1097575691	-0.0606594461	-0.1054172954	-0.0038295661414622	0.0142440632925229	1.4665576831833685e-05	0.0002028933390813	-0.0094621890065269	0.0088870610291139	7.897985373519502e-05	8.953302079523852e-05	-0.0603070072904969	-0.0070631614683449	4.988824992791213e-05	0.003636935128336	0.0003810284653053	0.0002269959822819	1.451826913729122e-07	5.1527175972170056e-08	0.000709984857226	-0.0001090090637083	5.040784974902236e-07	1.1882975970582002e-08	-8.01352548007288e-05	-7.220185031580825e-08	5.213107189026381e-15	6.421659061977729e-09
1178.7876880703034	-0.1538685391931267	1389540.4135461308	0.0236755273534267	1692.2721076662845	-2.114039887415629	4.469164645584285	2863784.886385289	1167.2582960187533	-3.482765777399891	12.129657460227866	1362491.9296246036	1304.07680483107	1144.420553200227	1.179904	21.718689	0.0533536356376357	0.0308647773327432	0.0064559861	0.1610300308	-0.0870684551	0.0376080715	-0.0172442288	-0.0726580741	0.2007333645	-0.0373662032	-0.2053059817	0.0484918647	0.0286376221	-0.1185424891	0.1870405721	0.2644560982	-0.0169898689	0.1468801008	0.0832688749	-0.0684148008	0.0115389372	-0.070279681	-0.0599927602	-0.0613244888	-0.0348560344	0.1192664796	0.2130685183	0.104311579	0.0522773019	0.0083037028	0.0517635844	0.0361462109	0.034879966	0.00937097	-0.0845682343	-0.0614438279	-0.0464735136	-0.0222928667	-0.1151956555	0.0609567378	0.0497364006	-0.0789612611	0.0043159279	-0.1204031586	0.1141798384	-0.1636530607	0.1566935566	0.0821974168	0.0149872973	-0.0842224565	-0.0030746526	-0.0921435443	0.0800778378	-0.0840920099	0.030963077	0.0796809007	-0.1915674482	-0.0288468048	-0.0948939623	0.0033478758	0.0737703483	0.1000881216	-0.0910111221	-0.1067675563	0.0737566795	-0.0563510581	0.1881436194	-0.0662844078	-0.0408067385	0.1407582772	0.1176108056	0.0530326887	0.0161033957	0.1979154123	0.1070166766	0.0188442176	-0.0645006904	-0.0414454028	-0.0288364077	0.0247693205	0.0943802697	0.083359903	0.1012310242	0.0025718438	-0.156842624	-0.0908874777	0.1892801816	0.1357383806	0.0600376938	0.0614647995	-0.0410405551	-0.0358180716	-0.1272040022	0.0086939753	-0.0658240966	-0.096900045	0.0070397315665218	0.010869297707984	4.955782052868349e-05	0.0001181416326647	-0.018334457790516	-0.008872268783989	7.87171533753474e-05	0.0003361523424722	-0.0882668270564721	-0.0279598197659751	0.0007817515213458	0.0077910327586171	0.0002680282660155	-0.0001130001992897	7.183915138327565e-08	1.2769045039534513e-08	0.0007099895652027	4.707976700006089e-09	5.04085182696719e-07	2.2165044607800243e-17	-8.009517447348014e-05	4.008032724867039e-08	1.6064326323605105e-15	6.415236973937224e-09
1178.0646175675777	-0.7230705027257045	1387836.243164643	0.522830951912003	1701.234148638889	8.962040972604655	80.31817839464459	2894197.628495086	1168.6126061034154	1.3543100846620746	1.834155805417396	1365655.4231438162	1307.9640379903835	1145.641797019127	1.187085	21.850876	0.0548178721534969	0.0267705811804849	-0.0633060293	-0.0862273803	0.050275292	0.0828326183	-0.0440647361	-0.2199807201	-0.0204367726	0.1070307086	0.0529446316	0.0636114335	0.0528221648	0.0276508435	0.1872489674	0.1104724196	0.1388111673	-0.0447611686	0.0151693981	-0.0831509982	-0.0948182422	-0.015201501	0.0570304988	-0.0806995148	-0.1087555989	0.0920997011	0.1612467764	0.1584175559	0.1160734015	-0.0827521461	0.0739014619	0.0059800148	0.0044049091	-0.1576136164	-0.0213867831	0.1347462788	0.2409468758	-0.0843900205	-0.1322882499	0.1081332407	-0.0112407886	-0.1079776509	-0.0987344396	-0.1707068331	-0.0842653033	-0.0082028308	-0.1013398667	0.0815138388	0.1241122394	-0.0847931537	0.1323015685	-0.191040227	0.0182092398	-0.1207906138	0.1198593439	0.137351698	-0.0136404048	0.1403805343	-0.2168436135	0.0377017239	0.1739246006	-0.0061750943	-0.0598142591	0.0263835211	-0.0701565822	0.024939212	0.0003270096	-0.0880863514	0.1541551038	-0.0842591878	0.1246323184	0.1207147372	0.0468216294	-0.043253524	0.2020479341	-0.0104677547	-0.1659216496	-0.0395116786	0.0552001356	0.040028731	-0.0832924507	0.0616781524	0.0343221263	-0.0520394257	-0.0235333692	-0.347696422	0.0554250932	-0.1013768492	0.0541206113	0.0412847049	0.0451676876	-0.0238555589	-0.0082578203	0.000228298	-0.0708988393	-0.0878535601	0.0113851942183487	0.0043454626518268	0.0001296226473895	1.888304565842247e-05	-0.0066501240463878	0.0116843337441281	0.0001365236550441	4.422414983234525e-05	-0.0770477605835893	0.0112190664728828	0.0001258674525229	0.005936357410946	0.0004413938782523	0.0001733656122367	1.948285557586062e-07	3.005563550624049e-08	0.0007100659234877	7.635828499997967e-08	5.041936156984403e-07	5.830587688138121e-15	0.0002978430406979	0.0003779382151713	1.4283729448692846e-07	8.871047689217093e-08
1177.2830074616595	-0.7816101059181619	1385995.27965797	0.6109143576734003	1692.6997908537608	-8.53435778512835	72.83526280458088	2865232.5819563656	1168.3740579029372	-0.2385482004781352	0.0569052439513565	1365097.9391805762	1305.664642453427	1137.6855190983392	1.175492	21.637478	0.0722107139798366	0.039841142533881	0.1332046553	0.1015971365	-0.0032635442	0.1232938508	-0.0098714333	-0.1268968802	-0.1002347582	0.006269568	-0.1136774605	0.0194987916	0.0992059221	0.1818351308	0.151710634	-0.070744256	0.1461419623	-0.0282113148	-0.0948437009	0.1386546007	0.0581290043	-0.0855972261	0.1188420383	0.2459188388	-0.1625806291	-0.0658905066	0.0757501211	-0.0290382173	0.0397251458	-0.1580871345	-0.0625645982	0.1145318428	-0.1084492363	-0.0659985391	0.0071799947	0.1160302241	-0.1157539	-0.1715879924	-0.1145062679	-0.1394967158	-0.0858925332	-0.0531581214	0.0160945609	0.0830443769	-0.0227337142	0.0316214068	0.0612622837	0.0024541354	-0.0612402415	0.1381184376	0.1808656467	-0.2980488871	-0.0157175659	0.0902066725	0.1157522891	0.1510000731	0.0516188805	-0.0822708695	0.1648620845	-0.0966761801	0.0800230269	-0.0957046019	0.0882265043	-0.0169058844	-0.0112007781	0.0365397716	-0.0145881434	0.0551121522	0.0469622033	0.0446068803	0.1313171719	-0.0318649367	-0.2293034666	0.0056615609	0.1499547663	0.0157144961	-0.0377816584	-0.0942986547	-0.05740864	0.0977977984	-0.1643256089	-0.0334771574	0.0031597756	0.0143293488	0.1450451372	0.0578255707	0.1168989537	-0.1830128614	0.0738415273	-0.0079044389	0.0303775585	0.1269485307	-0.1182322488	-0.1733489563	-0.0758767427	-0.0783272495	0.0109138264076165	-0.0004713678107322	0.0001191116068555	2.2218761299446758e-07	0.0031696858843304	0.0098198099307182	9.642866707543176e-05	1.0046908605323389e-05	-0.1095853731477802	-0.0325376125641909	0.0010586962313773	0.0120089540079382	0.0005539925312635	0.0001125986530112	3.0690772469574004e-07	1.2678456659936622e-08	0.000503008486812	-0.0002070574366757	2.53017537804898e-07	4.287278208271152e-08	2.986065690089402e-05	-0.000267982383797	7.181455802552582e-08	8.916588305529096e-10
1176.7712117338783	-0.5117957277811911	1384790.4847656202	0.261934866975079	1687.7082214355469	-4.991569418213885	24.915765256848104	2848359.040701137	1169.2007844834848	0.826726580547529	0.68347683898381	1367030.4744367965	1306.572726673343	1136.037079215946	1.157942	21.31444	0.0595916924083584	0.0289943466906948	-0.1216222612	0.147240223	-0.0006014544	0.2086578797	0.1625094261	-0.0711412683	0.0255375963	0.130030909	-0.1601455827	0.2301986831	0.1627111578	0.0459221779	0.0964075168	-0.0734589908	0.112304281	0.0699714899	0.0105479772	0.0097534595	-0.1117290545	-0.1529784393	-0.0367515103	0.1345034397	0.0758040489	-0.3029285981	-0.0729483818	0.1706234373	0.1864120502	0.0167169161	0.088644964	0.1130711877	-0.1656288653	0.1675698829	0.0534014308	0.0227745245	-0.1443627343	-0.0299751087	-0.1206964238	0.0464337349	-0.0414851685	0.1304139238	-0.0198329258	0.1767989335	0.0784399576	0.1655805746	0.0236579736	0.2111501286	0.0488488912	0.0472840136	0.1052528877	-0.1316423551	0.0505176415	0.2798860966	0.1448218646	-0.0871776801	0.0927761458	-0.1971153366	-0.0368396238	-0.16388323	0.0787164801	-0.0932847764	0.1270818005	0.2036412067	0.1719255051	-0.0707966509	-0.0147009006	-0.0472392183	0.0275008731	0.2197585226	0.1774525505	0.1765378535	-0.1282395442	0.0094022733	0.0557602349	-0.0291871893	0.0147965212	-0.1300440396	-0.2013351854	0.1568039849	0.0072292046	-0.0146681612	0.1340281394	0.0536700742	0.0109892975	0.1510096268	-0.0041125883	-0.1443142474	-0.0506686548	0.1045836774	-0.1008769357	-0.0554550048	0.102995922	0.0021648217	-0.0807510076	-0.0683731426	0.0009794407650076	-0.0099343856426088	9.593042121586729e-07	9.869201809607384e-05	0.001333418539275	-0.0018362673450554	3.3718777625168077e-06	1.7780050008822745e-06	-0.1185782431064197	-0.0089928699586395	8.087171009300083e-05	0.0140607997382051	0.0008780179125925	0.000324025381329	7.709154548332909e-07	1.0499244774540385e-07	0.0002324333362695	-0.0002705751505425	5.402525580937046e-08	7.321091209109656e-08	-0.0001521022004687	-0.0001819628573695	3.3110481462107216e-08	2.3135079387420605e-08
1180.8231402641634	4.051928530285068	1394343.28858332	16.418124814538107	1691.3168960268802	3.6086745913332834	13.02253230613444	2860552.8427860006	1172.2317348221734	3.0309503386886263	9.1866599555967	1374127.2401242023	1306.8495968036689	1130.8398756371405	1.16708	21.482628	0.0381137555046559	0.0213521348078213	-0.0341318015	-0.0065868006	-0.2046050015	0.1574488115	0.0721638764	0.1597495742	0.1756899499	-0.0787421373	-0.0981716503	0.3282892207	0.0197366475	-0.0282581346	-0.1435903396	-0.0550723922	-0.0124199948	0.0084426726	-0.2499498168	0.2453004918	-0.1598819908	-0.2068215151	0.1149399735	0.0922263221	0.0719271019	-0.1088848188	-0.205882279	0.0587755154	-0.0777427335	-0.0871346551	-0.0902833948	0.0465568195	-0.0621140534	-0.0874078847	-0.2545852121	-0.260800564	0.0143042422	0.0568218839	0.0286520863	-0.1318252719	-0.1486724197	-0.2385713373	0.0070080604	-0.0185061548	0.0224755158	0.0818827918	0.1017839814	0.1095433701	0.2137189899	0.1050228551	-0.0352326959	-0.141103243	-0.0636135143	0.3182727488	-0.1038328184	0.0685989361	0.0997032008	-0.2223068791	0.0197399733	0.1866504341	-0.0107085583	0.1509197925	-0.0683331063	0.082576245	-0.0867673926	0.1381357307	-0.1950226948	0.1266151672	-0.0197998986	-0.0098308884	0.1818084982	0.1751594318	-0.0565068317	-0.0332163331	0.0816053753	-0.0222737768	0.0632303924	-0.1386213243	-0.1965900939	0.1117023959	-0.1311264944	0.0666052229	0.0885230672	0.023455562	0.0925292384	0.1638860297	-0.1027380018	0.0997603829	0.1231895501	0.2206251431	-0.1444902316	0.0633051406	0.1275415284	0.145441261	-0.0855149763	-0.0580456054	0.0023205704339943	0.0013411296689866	5.385047139128493e-06	1.7986287890363747e-06	-0.0049632953049609	-0.0062967138442359	3.964860523619204e-05	2.4634300284246912e-05	-0.1270831815527131	-0.0085049384462933	7.233397797523927e-05	0.0161501350335598	0.0004880152218138	-0.0003900026907787	2.381588567219724e-07	1.521020988146263e-07	0.0001909608186814	-4.147251758810001e-05	3.646603427147052e-08	1.7199697150952644e-09	-0.0001600464630047	-7.944262535999983e-06	6.311130724089288e-11	2.5614870320314803e-08
1179.5557242096222	-1.2674160545411723	1391351.7065156864	1.606343455308712	1695.5840254964282	4.267129469548081	18.20839390988569	2875005.187518672	1169.5119996119818	-2.719735210191629	7.396959613556107	1367758.317236416	1306.959998591772	1147.7724913116683	1.290051	23.746189	0.0810836091478899	0.0363807807795818	0.0303772916	-0.1593936818	-0.0505292098	0.2095301107	0.0240385787	-0.2770714218	0.0751939607	-0.1037999717	0.1160818471	0.1594671514	-0.0225862553	0.0672874121	0.3947408316	0.0288983076	0.1106551999	-0.0791944095	-0.0848912659	0.0983096353	-0.2110216059	-0.0974628763	0.2553535013	0.1122209466	-0.0969594441	-0.1071218523	-0.0055205726	0.0096727997	0.181204261	-0.1237659742	0.2030902367	-0.1549826366	-0.2456316215	-0.1625979847	-0.095283199	-0.0783123233	-0.0147957735	-0.1238321489	0.0120442357	0.1016718651	0.1221639428	0.1340216203	-0.1290125291	-0.1327052442	0.0571383265	-0.0323793268	-0.019223236	-0.0042375191	0.2901906028	0.1490169116	0.2062111079	-0.1685632852	-0.107496162	0.048847248	0.0067528965	0.0999354853	-0.1364680789	-0.0919619246	-0.0104286329	-0.2675501343	-0.0214135172	0.0187609044	-0.2491291709	0.0039329687	0.0197226569	-0.0705984673	-0.0950619935	0.0378083939	-0.3259601254	-0.0839115882	0.1669842715	0.0177957613	-0.0978035814	-0.2600632518	0.0873726885	-0.0005890308	-0.0330086731	-0.1547367156	-0.1974692665	0.0792285323	0.028880344	-0.1515146925	0.1184518062	-0.1457644672	0.0234972188	0.1441600674	-0.1071887383	0.147790104	0.1906071105	-0.1383473874	-0.1309623657	0.1051314878	0.1706626467	0.1309281505	-0.0901621419	-0.0474010431	0.0225007814485707	0.0201802110145764	0.0005062851657963	0.0004072409165928	-0.0054614346123287	-0.0004981393073678	2.481427695448719e-07	2.9827268024741935e-05	-0.1055146585626474	0.0215685229900656	0.0004652011839729	0.011133343171592	0.0008820405204674	0.0003940252986536	7.77995479746402e-07	1.5525593597905873e-07	0.0001582747287189	-3.268608996249999e-05	2.5050889751041388e-08	1.0683804770366427e-09	-0.0005100697911062	-0.0003500233281015	1.2251633021525036e-07	2.601711917991225e-07
1177.8247996908285	-1.7309245187936997	1387271.2587667403	2.9960996897612	1687.0813837093403	-8.502641787087896	72.29491735953324	2846243.5952586224	1170.9682065740503	1.4562069620685634	2.1205387163769545	1371166.540807248	1305.543031397631	1132.2694974483404	1.232172	22.68079	0.1161363173232561	0.0480933821881724	0.0408788373	0.1394482483	-0.0938283201	0.0222010913	-0.0174462501	-0.1410353713	0.066637741	-0.1053682376	-0.2473219241	-0.1054829637	0.0412540762	0.1300329247	0.2395125314	-0.0047998918	0.0202860993	0.0271370457	-0.0952587787	-0.0114496188	-0.0196228399	-0.2070064446	0.0471816768	0.0571822103	-0.0574211361	0.0732812402	-0.0535338953	-0.1464217434	0.0234174579	-0.1406866934	-0.0857045693	0.2049501185	0.1767838839	-0.0388598731	-0.0817736452	0.2231207395	-0.0041406333	-0.0691778498	0.1220913965	-0.0273925936	-0.030066848	0.0505790513	-0.193211178	-0.1078839537	-0.0512410009	-0.1002536022	0.1840650238	0.0543008897	-0.0337405165	0.0914506659	0.1755744184	-0.0661872957	-0.0617708373	-0.009611942	-0.0093340778	0.1321109251	-0.0589542439	0.1134684588	0.0837461477	-0.0099486978	-0.0813606595	-0.0871944729	-0.1306591868	-0.2083189127	-0.1440266591	-0.0999866732	-0.082117778	-0.079405269	-0.0232722719	0.0438518594	0.1911753082	0.0059959386	-0.1520510089	0.0413645189	0.0262697668	-0.0317615489	0.1660214311	-0.0985178182	-0.1518533284	0.0646050099	-0.0148339683	-0.1241723787	-0.0609781015	-0.1491123911	-0.0555942167	-0.130801565	-0.1339622676	0.0394372205	0.134293655	-0.0221984706	0.0155505018	-0.0555839765	0.0575664718	-0.1587850262	-0.0946861568	-0.0364975928	0.002636311850253	-0.0198644695983177	6.9501401717843964e-06	0.0003945971524224	-0.0262159614719479	-0.0207545268596192	0.0004307503851666	0.0006872766358986	-0.113944477205635	-0.0084298186429876	7.106184235366129e-05	0.0129833438856654	0.000288012303174	-0.0005940282172934	8.29510867795921e-08	3.5286952294077485e-07	0.0004509916979471	0.0002927169692282	2.033935116172083e-07	8.5683224074143e-08	-5.50649331811662e-05	0.000455004857925	2.070294207353802e-07	3.0321468662462983e-09
1178.0533730602426	0.2285733694141072	1387809.749778615	0.0522457852053179	1689.8274842652982	2.7461005559578098	7.541068263431792	2855516.9265783867	1168.6574044041563	-2.310802169894032	5.339806668386967	1365760.1288686595	1305.4273947698962	1129.018658853115	1.204018	22.162569	0.0979592562261837	0.0513175472031052	-0.1401115837	-0.0812656019	-0.0344864993	0.1027190396	0.0866463186	0.0114425244	0.0494875893	0.0837885225	-0.0620139807	0.1455860055	0.0649459845	-0.0526315976	-0.0269981187	-0.0763947132	0.0863204813	0.1234308299	-0.1364538832	-0.0769926294	-0.1115854576	-0.1467593349	0.0106458049	-0.1499372659	-0.0097838062	-0.0439973949	-0.0212328259	0.0477032881	-0.0677227232	-0.1801169687	-0.1780596664	-0.0054525956	0.0454626354	-0.0010536449	0.1477778211	-0.0056753737	0.012296481	-0.0145773972	0.2532849039	0.1394188609	0.0146286339	0.0551583401	0.096447651	0.0536235271	-0.0057732735	0.1295913069	0.0079472789	0.1438860353	0.1135694706	-0.0691152575	0.0557008852	-0.012433849	0.0462389143	0.0452551096	-0.0870371881	0.1290194058	0.1489274353	0.1239900644	0.0858713407	0.0895296686	-0.2137761527	-0.0953938812	-0.0406096218	-0.1166948029	0.0472158662	0.0553392641	-0.0054574373	-0.0754300181	0.0137366869	0.0093122401	0.1086558165	0.0907317272	0.1014640749	-0.0910705045	0.0137024993	0.0175150986	0.1367598831	0.0451742502	-0.1021100282	0.1224096431	-0.112959642	-0.0911325712	-0.0710888722	0.0926356808	-0.1389279714	-0.0599668396	-0.1171825039	-0.0821792347	-0.0350676845	0.0323548009	0.1201464388	-0.1592736759	-0.1445870744	0.0085018979	-0.0990808418	-0.0253948054	0.0107708880821064	0.0081345762318534	0.0001160120300772	6.617133047183427e-05	-0.0620113458885214	-0.0357953844165735	0.0012813095455302	0.0038454070189058	-0.0833671314586723	0.0305773457469626	0.0009349740729292	0.0069500786076475	0.0001669896897554	-0.0001210226134186	2.788555648460474e-08	1.46464729586679e-08	0.0007160029037958	0.0002650112058487	5.126601582440177e-07	7.023093922538205e-08	2.7940244167417493e-05	8.300517734858369e-05	6.889859466669831e-09	7.806572441349071e-10
1178.3987688472475	0.345395787004918	1388623.6584207087	0.1192982496807466	1690.0637654375926	0.2362811722944116	0.0558287923808214	2856315.531245094	1168.0006398038454	-0.6567646003109076	0.4313397402215461	1364225.4945821925	1304.3702804356406	1141.8732397215706	1.310519	24.122944	0.1059482493842548	0.0559139198546981	0.1620335382	-0.043387417	-0.0175136193	0.0683229633	0.2404813245	0.066797116	-0.0582101695	-0.16777096	0.0040153312	0.06877123	0.0679161212	-0.0475096263	0.0494933771	-0.0219232529	-0.0277158864	-0.1341167935	-0.0757305214	0.020311538	0.0251918129	-0.0751299866	0.1027628436	-0.1004418385	0.1965991063	0.094058988	0.1188779934	-0.0242047405	-0.0152968791	-0.3436947468	-0.1833225422	-0.0419695399	-0.0798806063	0.1809441126	0.0382719406	-0.0473977939	0.0398328743	0.0599339575	0.044626129	-0.190896572	0.0551668616	-0.1639668624	-0.033726352	-0.0655961479	0.0475834714	-0.129564921	0.1354356034	-0.0812486692	0.1474539691	0.0039885764	0.0060562149	0.0731593028	0.1631277126	-0.0489413791	-0.0547640395	0.1729856994	0.1809980669	0.0142460667	0.0479544764	0.020877418	-0.2302801001	-0.0410580048	-0.0117302195	-0.0374593427	0.1257137073	0.1439383799	0.0989835204	-0.0354133782	0.0154481687	-0.0398738353	0.0553266537	-0.2085646739	-0.0067303153	-0.1259997865	0.0534505758	0.0231056461	0.1108824026	0.0819081926	-0.09088121	0.0925326703	0.0884126466	-0.0476645076	0.0749040017	0.2993253367	-0.1393558988	-0.1069854201	-0.0646948229	-0.0637530001	-0.076076322	0.0260389109	0.0991240398	-0.0641176546	0.0731784524	-0.050700149	-0.1033401944	-0.0141533203	0.0144273875477836	0.0036564994656771	0.0002081495114539	1.336998834249764e-05	-0.0822554446068863	-0.0202440987183649	0.0004098235329189	0.0067659581674765	-0.0326102795430287	0.0507568519156436	0.0025762580163865	0.0010634303318744	0.0005049422342242	0.0003379525444688	2.549666599033269e-07	1.1421192231293626e-07	0.0005940488853051	-0.0001219540184907	3.528940781322318e-07	1.4872782626030006e-08	0.0001938496668993	0.0001659094227318	2.7525936551226494e-08	3.7577693356969574e-08
1182.215953522228	3.8171846749803535	1397634.5607624706	14.570898842904867	1694.0421196017496	3.9783541641570537	15.82730185546577	2869778.7029847885	1171.4389836430794	3.438343839233994	11.82220835679836	1372269.2923987308	1305.4430701746633	1132.2903923047215	1.197543	22.043375	0.1168181552192877	0.0550499166348358	0.1784918298	-0.0140153308	-0.2018385772	-0.0976701634	0.1356698484	0.0644401011	0.0957255835	-0.3186098635	-0.0606958838	0.0055486959	-0.0020196351	-0.1972266265	-0.1351145183	0.1125189707	0.0157600278	-0.0566737773	0.1612185298	0.020528667	0.2205214169	0.1110699905	-0.0455829717	0.0199670716	0.0891005244	0.0360142183	0.0433919555	0.1421841354	0.0539301873	-0.1668360064	0.0441944051	-0.0046441959	-0.1056213995	0.1771593539	-0.2620146391	-0.1855101039	0.1695278557	-0.0359487411	-0.0312945637	0.0172377004	-0.0395571971	0.064530963	-0.103183868	0.1789397601	0.0015862202	-0.0921603941	0.2384836537	-0.1696259374	0.0946332109	-0.1429941109	-0.1626751312	0.0529291285	0.0435574609	0.0236589347	0.0177437961	0.1466211339	0.003583612	-0.1393541384	-0.047568086	0.0613008639	0.113712731	0.1276498062	0.0922708653	0.133814529	0.0106637202	-0.0265708665	-0.0584724852	0.1316814654	0.0223881502	-0.0220127861	0.0462667308	-0.1903203273	-0.0025832436	0.041375707	0.0871013948	0.1032979678	0.0880733774	0.1946674594	-0.1485587166	-0.1082259968	-0.001746896	0.1121989891	-0.0284725439	0.2714408909	0.0466791231	-0.1200514304	0.0110560591	-0.0079751945	0.0779395547	0.0833922715	0.0893130079	0.1896655696	0.1020350518	0.1234670802	-0.1074583966	-0.0028345346	-0.0060247354898734	-0.0204521230376569	3.629743772294008e-05	0.0004182893367474	-0.0712795722888017	0.0109758723180845	0.0001204697731428	0.0050807774256745	-0.0732913761138149	-0.0406810965707861	0.0016549516182016	0.0053716258126566	-0.0001975844157913	-0.0007025266500155	3.903960136358932e-08	4.935436939820008e-07	0.0007569782293379	0.0001629293440328	5.730160396915423e-07	2.6545971146958498e-08	0.0002225749387062	2.8725271806899992e-05	8.251412403802834e-10	4.9539603340068695e-08
1183.1331848872492	0.91723136502128	1399804.1331814458	0.8413133769788006	1699.005472796604	4.963353194854335	24.63487493687073	2886619.596592812	1171.5037335468269	0.0647499037474972	0.0041925500353101	1372420.997714155	1306.5280798148735	1151.3260775383253	1.197617	22.044733	0.0403230723515247	0.022739150105653	-0.0660745067	0.080108474	-0.1914843432	-0.2001862046	0.0432557847	-0.1604287668	0.011142378	-0.0612422232	-0.0563129807	-0.0571174353	-0.1972564969	-0.199552745	0.1092989521	0.0421293177	-0.0728850458	-0.0227350332	0.0988513351	-0.2030155639	0.137662235	0.1035488258	-0.1032914369	-0.1173168309	-0.1107252014	0.1384794065	-0.0091989745	0.0441375673	0.1608333653	-0.1629194821	0.1316686924	0.0378017559	-0.0206653184	0.0346252455	0.0466233232	-0.1481659726	0.0803176777	0.0130277673	-0.1411801801	-0.0649004509	0.1265151225	0.016823175	-0.07532732	0.0663245287	0.1990402771	0.1095405459	0.1572498473	0.0001053784	0.0306862051	-0.1734539484	-0.0575295706	0.0725458538	-0.1505766691	-0.1520658145	0.0809345499	0.1672357949	-0.2770850893	-0.0564839365	-0.0001389354	-0.1975466684	-0.0348381836	-0.0221421975	0.0849944684	0.0659521599	-0.0755754049	0.0355632706	0.1443325278	0.0857628457	0.0171734813	0.2155731968	0.0822559893	0.0216330272	0.0780793975	0.1495469697	0.0755108218	0.0564558561	0.0584761505	0.1859320803	-0.1277888301	-0.0841023475	0.151549389	0.0080081655	0.0342673799	0.2386847965	-0.0565033249	-0.1486162852	0.0684002355	0.0574090952	0.0629700627	-0.234576926	0.1177378965	0.1118993159	0.1307528455	0.0512305879	-0.1114298236	0.0084997322	-0.007206511051649	-0.0011817755617755	5.193380153753917e-05	1.3965934784100338e-06	-0.0585050778225308	0.0127744944662709	0.0001631877088687	0.0034228441310203	-0.0900060551553281	-0.0167146790415132	0.0002793804954608	0.0081010899646239	-0.0001470623866311	5.05220291602e-05	2.162734556163513e-08	2.552475430464099e-09	0.0006419854839445	-0.0001149927453933	4.121453615954539e-07	1.3223331493111308e-08	0.0001950472476205	-2.7527691085699988e-05	7.577737765097264e-10	3.8043428804332656e-08
1180.9915215935955	-2.1416632936536644	1394740.974075956	4.586721663383462	1715.7423939977973	16.736921201193354	280.1245312949556	2943771.9625612926	1169.525828649376	-1.977904897450799	3.912107783359855	1367790.66387801	1309.0924140347893	1157.9809511657943	1.186876	21.847027	0.0580360349977991	0.0254086296984577	-0.0619465661	-0.1251800294	0.0256388139	-0.1373315394	-0.0433560285	-0.2036866664	-0.11318123	0.2176274869	0.0846218104	-0.1190911207	-0.1109670653	-0.1485519354	0.1776295888	0.1822963452	0.1527747675	-0.08788411	-0.1863090511	0.1027290463	-0.0821870812	-0.0543384105	-0.0614387837	-0.2354477489	-0.0616793969	0.03096311	-0.0213196083	0.0519703552	-0.1522016215	-0.0012574953	-0.1040153588	0.0163266951	0.0056073224	-0.2375364173	0.0265421661	0.0058822114	0.1392305567	0.0237022159	-0.252242699	0.0045675199	0.0319205486	0.0183657504	0.1530460801	-0.1045780375	-0.0145309059	-0.0930572738	-0.0707742954	0.13004957	-0.0168586539	-0.1747990837	0.1496193743	-0.0351266167	-0.1562421068	-0.2544518037	-0.053350114	0.0465051793	0.1197499525	0.0341340681	-0.08265592	0.0597826117	-0.0848774943	0.0542172157	0.0122862142	-0.0575071205	0.0087817951	0.1196739079	0.0116426864	0.0223887154	0.1423184732	-0.3000347283	0.0648212574	0.0899195574	0.0717165862	-0.0472992052	0.1330338826	0.025222273	-0.1063750338	0.2215284856	-0.0082924411	-0.0649294693	-0.0608387815	-0.0681126013	-0.0768168607	0.0708576186	0.0841641624	-0.2206641497	-0.0463881796	0.0269637089	0.0199505316	-0.1723078083	-0.0545530187	0.0009794887	0.0528865351	0.0091640459	-0.1152490509	0.0197875765	0.002964858854483	0.0101713699061319	8.790388027006246e-06	0.0001034567657673	-0.0585408368319235	-3.5759009392698216e-05	1.278706752747079e-09	0.0034270295769818	-0.0815370024022996	0.0084690527530285	7.17248545335797e-05	0.0066482827607526	0.0001130239209201	0.0002600863075512	1.2774406700153022e-08	6.764488737561739e-08	0.0009219968820821	0.0002800113981375	8.500782505691138e-07	7.840638308697352e-08	-5.205211327561848e-05	-0.0002470993608961	6.105809415527023e-08	2.7094224964578173e-09
1179.850366075823	-1.141155517772404	1392046.886329254	1.3022359157424035	1700.777625701501	-14.96476829629637	223.94429016183696	2892644.532086835	1168.47047828502	-1.0553503643561726	1.113764391546706	1365323.2586236233	1307.9243712303924	1151.5901425440509	1.199957	22.087811	0.0757941588771087	0.0359119622038004	0.1128419864	0.1412681718	0.0230527998	-0.0781503412	0.0521272189	-0.198762462	-0.0686395692	0.0801519588	-0.0524211724	-0.0970148716	-0.0061570769	0.1281144972	0.017979573	0.1269812028	0.0088294135	0.0579165426	0.0093208785	0.1538593187	-0.0209204031	-0.0700137596	-0.0661436012	0.2136028007	-0.0344275731	0.0657490007	0.128618555	0.0538915491	0.0206532582	0.0684501486	-0.2022321041	-0.0550590425	-0.011725079	-0.0308304	0.0437953613	-0.1399912864	-0.0662310041	0.0788930371	-0.1367598178	0.1237523888	0.0498243334	0.0465044272	-0.0194392663	-0.080603183	-0.0929141186	0.2262860669	0.0157870538	0.061339817	-0.1762492579	0.1183627914	0.0895700336	-0.0652213618	0.1097111952	-0.1104891783	0.0090882708	0.1684123837	0.0743258665	-0.065989825	-0.0540158109	0.0466264729	-0.0283911803	0.0711661612	-0.0570924658	0.0265059484	-0.016603718	0.1036888227	0.0043416176	0.0721208191	-0.0191033993	0.1989249472	0.0136095606	-0.0321598133	-0.1852902298	0.0571847255	0.0564154441	-0.0482004726	-0.0523529171	0.264431669	0.0679126386	0.0469932307	-0.0257928894	-0.1807279637	-0.0905641163	0.0863360917	-0.0132127726	0.0781651734	0.0430035907	-0.1773019774	0.0174908186	-0.1213661606	-0.0290520296	0.1045836867	0.0016425439	0.1260367993	-0.1189108618	0.0309673479	0.0123265291872485	0.0093616703327655	0.000151943321804	8.764087141938174e-05	-0.0780731015752138	-0.0195322647432902	0.0003815093660019	0.0060954091895736	-0.0692914343926034	0.0122455680096962	0.00014995393588	0.0048013028801844	-0.0001469876495263	-0.0002600115704464	2.16053691132664e-08	6.760601676600323e-08	0.0004890034069635	-0.0004329934751185	2.391243320219104e-07	1.8748334949528167e-07	-5.1964043013483e-05	8.807026213548205e-08	7.756371072612521e-15	2.7002617663071115e-09
1179.0627413746104	-0.7876247012127351	1390188.9480978113	0.6203526699604502	1695.1606259787136	-5.616999722787341	31.550685885793065	2873569.547868544	1168.6613305814458	0.1908522964258736	0.0364245990510295	1365769.3055963954	1308.358271798509	1145.0105820419196	1.242185	22.865099	0.0801566632187826	0.0365940560970971	-0.1293512753	-0.0278240917	0.06826197	-0.0340429117	0.1758032601	0.0122593358	-0.0339952341	0.065024724	-0.0205578489	0.1289293637	0.0623820528	0.0755293969	-0.0488216065	0.0242270629	-0.1634062537	-0.0014265136	0.0187538903	-0.1897788615	-0.2461706116	-0.0206947349	-0.0730702455	-0.032083353	0.0545471216	0.0248730191	0.0383964179	-0.0790986262	-0.1198913327	-0.0056771399	-0.0168355139	-0.0843187645	0.1257649795	-0.1200400329	0.0430083889	-0.2072761369	0.1588596387	0.0696368576	0.0514597524	0.107558384	0.0398746223	-0.0602341346	-0.0248022646	-0.0883704841	0.1184781087	0.0658558224	-0.1238852417	0.1442558547	0.1039357403	0.0478578369	-0.0383704626	0.0832995911	0.1463055782	0.002297305	-0.0764482304	0.0201940022	-0.0363921781	0.0330640664	0.0052902644	0.1279188122	0.0577309841	0.0806509981	0.0671922846	0.0091201131	-0.1370714703	0.1285432453	0.2438267527	0.0428741013	-0.010776623	0.0876682705	0.0233000703	0.1525252944	0.0151095592	-0.1086147509	-0.0295551902	-0.0845262207	-0.0314092724	0.2514395218	0.081020661	0.0409323249	-0.0603405448	-0.0605280813	-0.0508678734	0.1081242975	-0.0396088616	0.0637875175	0.0600964324	-0.0570108827	0.0807032231	0.1087845121	-0.0038333484	0.0430414301	0.0648724245	-0.0641135766	-0.1224102548	0.0419779864	0.00916092191936	-0.0031656072678885	8.39224904126105e-05	1.0021069374508496e-05	-0.0937163895320338	-0.01564328795682	0.0002447124580999	0.0087827616669198	-0.0567589279401445	0.0125325064524588	0.0001570637179809	0.0032215759009145	0.0002499662298578	0.0003969538793841	6.248311606932251e-08	1.575723823580866e-07	0.0009445087508406	0.0004555053438771	8.920967804144707e-07	2.0748511830059517e-07	7.18819645576226e-05	0.0001238460075711	1.5337833591302346e-08	5.1670168286633125e-09
1181.1399462030647	2.0772048284543416	1395091.5725165785	4.314779899354031	1694.1416876704682	-1.0189383082454242	1.038235276010047	2870116.057902942	1167.8948069734984	-0.7665236079474198	0.5875584415407298	1363978.280155665	1308.0942285168194	1141.3049026933827	1.196184	22.018366	0.1303239208839166	0.0930419560003385	0.1195708106	-0.0833929102	0.0520284179	-0.0601752208	0.0055775174	0.0659673103	-0.0295995956	-0.093497425	0.1516661536	-0.0005030576	0.0649573756	0.1216696589	-0.0913226419	-0.0148697009	-0.0766844425	-0.0236357773	0.0840007133	0.0055436838	-0.0274102497	0.1702990198	0.226802906	0.1318587235	0.1312702672	0.0320740018	-0.0452695839	0.2211687084	0.157189886	-0.0650830238	-0.0624037982	-0.1843172716	0.0511118877	0.0020030337	0.1160321798	0.2565890296	-0.0238954783	0.1570377012	0.0160746602	0.2803615974	-0.0819107831	0.0039180893	0.0573390554	-0.0192988775	-0.0445228579	-0.1075526939	-0.0811403263	-0.1750351871	0.0724198614	0.1626900688	-0.0593291823	0.047068372	0.1112205139	-0.0428892338	0.1951187282	-0.0917340649	-0.010340863	-0.0960830796	-0.1981208783	-0.0477302945	-0.0798625578	-0.2685927615	-0.0442962407	-0.0625490461	0.0897602733	0.229107798	0.0080556505	0.2327636872	-0.1011390405	-0.1231535874	-0.0508379712	-0.0900317234	-0.0628699052	-0.1444289737	-0.0187322666	-0.0755483877	-0.1221356225	0.1803900786	0.1453865103	0.0427098316	0.1594860888	0.0251333839	0.0105515349	-0.0488596721	0.0193781587	0.0348718856	-0.0969863622	0.0700646026	-0.0726124427	0.1059517978	-0.0972935228	0.1977201874	0.2295178866	-0.0150150245	-0.1257424501	0.0527593557	0.004373011005569	-0.004787910913791	1.9123225254827597e-05	2.2924090918398972e-05	-0.0972016422244195	-0.0034852526923856	1.214698632978176e-05	0.009448159251124	0.0185724802444866	0.0753314081846311	0.0056748210590795	0.0003449370224318	-0.0005870718600653	-0.0008370380899231	3.446533688805312e-07	7.006327639821117e-07	0.0009649564341942	2.0447683353599983e-05	9.311409198927856e-07	4.1810775452909005e-10	0.0001487831731431	7.69012085854774e-05	5.913795881907103e-09	2.213643261052967e-08
1181.012010163943	-0.1279360391217778	1394789.3681514773	0.016367630106169	1702.150403161406	8.008715490937902	64.13952381478873	2897315.9949825373	1171.2421625595562	3.3473555860578017	11.20478941951237	1371808.2033571857	1308.6303012497035	1142.7086097943156	1.245506	22.926245	0.1292303452249515	0.0895867865425357	-0.0634672762	0.1668711481	-0.0629035701	-0.1077246607	0.0146320453	-0.1090630316	0.0418013822	0.0878307717	-0.1048975717	-0.0708456808	-0.1156271718	0.0401558614	0.1077857691	-0.0100762866	0.0116066106	0.0015243104	0.1112088747	0.049944961	-0.0236428136	-0.1174726928	-0.1014931393	0.0266695061	0.0795106576	0.2582969915	0.0055068314	-0.0277117263	-0.0384532489	0.0458741665	0.1246499999	-0.046482473	-0.1462038726	-0.0662393577	0.1726974092	0.116984681	-0.105525619	-0.0198673279	0.1620166182	0.238598965	-0.0542340402	-0.1324652449	-0.0594127621	0.0984511499	0.024825658	0.1065417255	0.0698433964	0.1467491437	-0.1081419821	0.1114866737	0.0052271167	0.125580232	0.0187013446	-0.1458329166	-0.0978152989	-0.1034242713	0.0530272909	-0.0314070526	-0.2017210307	-0.047812102	-0.0053763759	-0.0044787457	0.1188682959	-0.0404008812	0.0061575681	0.0832080476	-0.0857071144	-0.0893727961	-0.3184775155	-0.0062030199	0.0461747901	0.0553241751	-0.1128984934	0.0434937375	-0.1226802549	-0.1552414306	0.0410699577	0.2075312265	0.0619557816	-0.008622816	0.1167205922	-0.0107517853	0.0261206338	-0.1787084522	0.0565964807	0.0561189331	-0.031207811	0.1902250204	-0.0175452912	-0.1387414991	0.1810429842	0.036944488	-0.142183841	0.1037995275	-0.1289028963	0.0632525717	0.0013309029625361	-0.0030421080430328	1.7713026956873677e-06	9.25442134548546e-06	-0.0906246555434933	0.0065769866809261	4.32567538010806e-05	0.0082128281923768	-0.0611981568676185	-0.0797706371121051	0.0063633545452711	0.0037452144039936	-4.505542818448978e-05	0.0005420164318808	2.0299916088877157e-09	2.9378181242880496e-07	0.0011659952601286	0.0002010388259344	1.3595449466423617e-06	4.0416609533082e-08	9.502616318056392e-05	-5.375700996253608e-05	2.8898161201122033e-09	9.02997168881916e-09
1179.6675492838667	-1.3444608800762126	1391615.526833404	1.807575058055304	1698.9125300335988	-3.2378731278072337	10.4838223917762	2886303.784705164	1171.567692750778	0.3255301912217874	0.1059699053968934	1372570.858697381	1310.990551823506	1142.4174499870244	1.166845	21.478312	0.054909724251848	0.0282586545546565	-0.1401745187	-0.0823704718	0.0224499286	-0.0186030253	0.1299196429	-0.09719035	-0.0885408482	0.0838267515	0.0259616283	0.0957247934	-0.0593408747	-0.0070453294	0.0830645645	-0.1572390524	-0.1177835875	0.0060638483	0.0549412463	0.0635112113	-0.1838242988	-0.0782308845	0.0075414468	-0.1686488187	-0.1046249669	0.1549674344	-0.0304155512	-0.1243675792	-0.248325547	0.0903772572	0.0868753411	0.0491704957	-0.094304293	0.0710167832	0.045078931	-0.099342582	-0.0109768534	0.1047704588	0.0282470381	-0.0076803864	0.0270254495	0.0496150285	-0.1628681227	0.1275353547	-0.137301466	-0.1638107361	-0.1358440191	0.1606250947	0.0873706639	0.0420951288	0.0766310757	0.1274281671	0.0143929822	-0.0764093636	-0.2746022814	-0.1651851172	-0.038945159	0.0737624763	-0.0221954787	-0.044228762	0.0374363731	0.1228772142	0.258741464	-0.0111580108	0.0009219469	-0.0098171077	-0.0556876084	0.0040798892	-0.1279518012	0.0077841521	0.0724405576	0.0792947471	0.0416302055	-0.1490703359	-0.1350748934	-0.1255399327	-0.0608677852	0.1611469949	0.108043792	0.0541971413	-0.0138964671	-0.094602093	0.0012457039	-0.0930725455	0.0381377695	0.0775354825	-0.0014456411	0.0521010825	0.0499545063	-0.1198483476	0.2544690709	-0.0701397485	-0.0017004052	0.0405112272	-0.1318872767	0.0734003241	0.0010552287408103	-0.0002756742217257	1.1135076954320917e-06	7.599627652412548e-08	-0.0972803917293987	-0.0066557361859053	4.429882417637053e-05	0.0094634746150252	-0.0354291951314422	0.0257689617361763	0.0006640393889605	0.0012552278676618	0.0001530274586521	0.0001980828868365	2.341740310152017e-08	3.923683005751722e-08	0.0010669988549392	-9.899640518940012e-05	1.138486556441564e-06	9.800288240423886e-09	-5.208158695425727e-05	-0.0001471077501348	2.164069014972898e-08	2.712491699673861e-09
1179.65261115701	-0.0149381268568049	1391580.2830095517	0.0002231476339899	1700.629420209036	1.716890175437129	2.947711874512536	2892140.424880522	1169.4334862178357	-2.134206532942244	4.554837525253354	1367574.678687601	1306.5621047047953	1150.8005400277618	1.250902	23.025572	0.0427546248850648	0.0289533241471529	0.1447177906	-0.0552045086	0.0406608157	-0.0934776888	0.1810500563	-0.0540847521	-0.0296967993	-0.1243440603	0.0710759562	-0.0618069068	0.0614093942	-0.0268450909	0.1957915993	0.0069096025	-0.092631258	-0.0548494743	-0.0079332769	0.0162180005	-0.0593807321	0.0837410286	0.094400797	-0.0471715608	0.0766661483	0.073239237	0.0251859619	-0.0907424114	0.1796746339	0.0478025259	-0.0469161111	-0.0476499362	-0.0783289006	0.000103408	0.0716380596	0.0368940272	0.0143362925	0.0256478705	-0.0387638186	-0.1188517624	-0.0491740221	0.0239233146	-0.0311753282	0.140771257	-0.0076808269	-0.087863344	0.029670354	-0.1264384344	0.1191639794	0.0189821318	0.1641717785	0.1638477921	0.1002880649	-0.1645701102	0.0172003174	-0.0198457983	-0.0070771991	-0.1042607974	-0.0598094445	0.0088271689	0.1171651521	-0.0827007581	0.0283517823	0.1028313426	-0.0155576614	-0.0328925776	-0.1030592666	-0.0783028116	-0.002498375	0.1084054691	0.0784696776	-0.0995675802	-0.0350046757	-0.1096634906	-0.1282309994	-0.0409076962	-0.0377023791	0.1378552521	0.0635087099	0.0319341356	0.0808240235	0.0787824425	0.0334900119	-0.049577229	0.227890146	-0.0804662778	0.0930109135	0.131453632	0.0662729763	0.091693701	-0.0597329465	0.0039259006	-0.1045879269	-0.1508186735	-0.1346915149	0.0831471893	-0.0063144285220886	-0.0073696572628989	3.9872007560566025e-05	5.431184817259852e-05	-0.0970579914511944	0.0002224002782043	4.9461883745352e-08	0.0094202537045401	-0.043051586189776	-0.0076223910583338	5.810084544616711e-05	0.0018534390734557	-0.0003969727223295	-0.0005500001809816	1.5758734227369433e-07	3.025001990797929e-07	0.0010670088684481	1.0013508900102304e-08	1.1385079253468948e-06	1.0027036049242804e-16	-5.128825573220123e-05	7.933312220560393e-07	6.293744278889288e-13	2.6304851760516723e-09
1181.3919538237733	1.7393426667633776	1395686.9485595524	3.025312912423538	1691.0897207386167	-9.539699470419237	91.00586598591708	2859784.4435878126	1171.146909615832	1.7134233979963938	2.9358197408015085	1371585.083902714	1306.549031774592	1140.2322851016108	1.026084	18.887293	0.0608819155405167	0.0383571356186132	0.1118472751	-0.0229057407	-0.1232918758	-0.1008488321	0.1709306742	0.0070544295	-0.0545619373	-0.1705577639	-0.0186967805	-0.1290296844	0.1045136406	-0.0120640208	0.0701756506	-0.1240797092	0.0273388229	0.1812953924	0.1847106329	-0.0501482945	0.0390313091	0.0551791584	0.1634925799	-0.1706203035	0.1248993927	0.0313120429	0.0456516343	-0.1716157565	0.0294956614	0.126206004	-0.1715282862	-0.1134570155	0.0913033183	0.0209898583	-0.1127661792	0.0576284928	-0.1217670897	-0.0040632641	0.0622250793	0.0792613673	0.1900501981	0.0573976856	0.0192338776	0.0224263371	-0.0029496338	0.0304459998	0.0639166941	-0.143580984	0.0176044879	0.0111763255	0.1429273027	0.124639936	0.0918291897	-0.0939972928	-0.0388216342	-0.2150834917	-0.0444638715	-0.102512397	0.0084555322	0.0849994803	0.1026374751	0.0094648338	-0.0423922916	-0.0870305175	0.107776924	0.088814979	0.190701214	-0.063578929	0.1667163378	0.0473497418	0.1159888305	-0.1568632073	-0.0563149001	-0.061532465	-0.1474484604	0.0111861481	0.0121245199	0.0953919306	0.0614401904	-0.0639655206	-0.0273661715	0.0185968637	0.0698968885	-0.016467742	0.2037434383	0.0215354376	0.0925859028	-0.0280264898	-0.1102738747	0.0493742967	-0.0239823958	-0.2145099823	0.0157888899	0.052838097	-0.1373117808	0.0924399334	0.0010106037464083	0.0073250322684969	1.0213199322544916e-06	5.365609773452085e-05	-0.0983895195075916	-0.0013315280563972	1.772966964972918e-06	0.0096804975489347	-0.0593361195494708	-0.0162845333596948	0.000265186026743	0.003520775083189	0.0001970247587284	0.0005939974810579	3.881875555198423e-08	3.528330075031304e-07	0.0009429945686991	-0.000124014299749	8.892387565960017e-07	1.5379546542234825e-08	-5.2092912043858434e-05	-8.046563116572032e-07	6.474717798897743e-13	2.7136714852091713e-09
1179.0658559263056	-2.326097897467662	1390196.2926112318	5.410731428603477	1699.2152868598569	8.125566121240126	66.02482479064531	2887332.5910982257	1169.3584316496488	-1.7884779661833363	3.198653435523283	1367399.1416701262	1307.9395655503245	1142.0840518062275	1.260006	23.193148	0.0815978365703624	0.0388735404624854	-0.1531732533	0.1170701727	-0.0175649091	0.0812577919	0.0868275774	0.0053490786	-0.0629140133	0.1954444119	-0.1206076951	-0.0772464365	0.163136779	-0.1426151608	-0.1131219547	-0.1821514198	0.0517427851	-0.013192925	0.019208207	0.2300923219	-0.0343379012	-0.119093019	-0.1187983713	-0.0518431378	0.1175489308	-0.1408084673	0.0909484184	-0.0276129347	0.0127368053	0.1945435568	0.0637809812	-0.0079848853	-0.0674346661	-0.1274103102	0.0178626015	0.0467906661	0.0044864924	0.07741783	-0.1460332467	-0.0618476951	-0.097535056	0.0953434404	0.1493672797	-0.0196370121	-0.002741135	-0.0597946204	-0.0196588095	0.1463245798	-0.1290381083	-0.1435186397	0.2308726041	0.0759863414	0.1481093349	0.0518908124	-0.0830819033	-0.1420231624	0.1243939351	-0.1491480349	0.0398118857	-0.0170819733	-0.0652509006	0.0023385447	0.0195024802	0.0691977531	0.0914831511	-0.1821684013	-0.0674378485	0.1100394184	0.0890547841	-0.1125317198	0.1760988874	-0.0064627195	0.0815731627	0.1067403645	-0.1181769544	-0.0282771073	0.0845531972	-0.0031181542	0.1177668931	0.0648520837	0.105962446	-0.1498983721	0.0392608036	-0.0954042739	-0.0623119424	0.0992322209	-0.0249067599	-0.2577450663	-0.3558190198	0.0413247717	-0.1438684384	-0.0497922663	0.0635028592	-0.0135398132	-0.1397444952	0.1012278027	-0.0048283827098885	-0.0058389864562968	2.331327959315022e-05	3.409376283681747e-05	-0.0812737889187644	0.0171157305888272	0.0002929482335893	0.0066054287652118	-0.0323066055726286	0.0270295139768422	0.0007305946258243	0.0010437167636253	0.0007050280593704	0.0005080033006419	4.970645644995923e-07	2.5806735346316615e-07	0.0010669801345108	0.0001239855658116	1.138446607440685e-06	1.5372420529647384e-08	-5.237615655808364e-05	-2.832445142252028e-07	8.022745483867109e-14	2.7432617757968876e-09
1181.9246297302525	2.8587738039468604	1396945.8303629945	8.172587662132802	1693.598664943342	-5.61662191651476	31.54644175307393	2868276.437897871	1171.7373672266026	2.378935576953836	5.659334479296681	1372968.4577551305	1307.8344969628142	1127.7189037423384	1.250349	23.015388	0.1057606046915269	0.0586308556092503	-0.0398306279	-0.1730632185	-0.2162009075	0.0876070569	-0.0920679615	0.1888742079	0.1399985045	-0.1022534051	0.0202240608	0.1243106083	0.1232182385	-0.2492077209	-0.1597748517	0.0684331291	0.0031821773	0.0569888399	-0.0648119212	0.0449129908	0.0615492701	0.0763672131	0.0465004598	-0.1451854069	0.0444973201	-0.0945379324	-0.077197186	0.0651047242	-0.0406567952	0.0384154098	-0.1040197688	0.1164279706	-0.0424976638	-0.0859946324	0.1368303483	0.0082924687	0.1586355019	0.0754552882	0.0949924626	-0.1386147709	-0.1409095664	-0.0738625394	0.1916525027	-0.0485947754	-0.0832858027	0.1285863013	-0.0067854303	-0.0573928629	0.1097677728	-0.2193188272	0.0070448245	-0.0211976664	-0.0519412255	0.1111101323	-0.1615496618	-0.0157956831	0.0272464948	-0.0725728136	-0.1138870906	0.1768824254	-0.1550491572	-0.0648009764	0.0399639679	0.0476175295	-0.129115328	-0.1217141986	0.0310834507	0.0870948328	0.0918408909	0.1095411073	0.1167795018	-0.0297837002	0.2366384781	0.0660325334	-0.0607272347	0.0400228517	-0.02334188	-0.0106788493	0.1023648885	-0.113917966	-0.0774378156	0.0383921622	-0.0901612101	-0.1119362173	-0.0059067457	0.0147107669	-0.0743051587	-0.0460872906	-0.1252448058	0.3550053042	-0.0296322358	0.1306818525	0.0476629835	-0.025568134	-0.1419863355	0.1094628008	-0.0177724359202073	-0.0129440532103187	0.0003158594785378	0.0001675485135115	-0.1000214398766417	-0.0187476509578772	0.0003514744164383	0.0100042884349966	-0.0459194538997849	-0.0136128483271562	0.0001853096395781	0.0021085962464544	-0.0003599694098299	-0.0010649974692003	1.2957797601328652e-07	1.134219609403044e-06	0.0012100097569516	0.0001430296224408	1.4641236119180703e-06	2.0457472895557828e-08	-5.128220427569344e-05	1.0939522823901954e-06	1.196731596146718e-12	2.62986447537395e-09
1182.581504836403	0.6568751061504372	1398499.0155811312	0.4314849050801481	1695.9642027800303	2.3655378366881905	5.595769256803444	2876294.577111304	1173.5688304861958	1.8314632595931928	3.3542576712397216	1377263.7998887373	1309.5735352697204	1140.376739629677	1.140129	20.986551	0.0237069780163843	0.0154805979738653	0.0638882277	-0.1378983042	-0.1130038927	0.0504450496	-0.1378857493	-0.0310274768	0.1377190216	-0.1124232887	0.1382298866	-0.0103937657	0.0244290101	-0.016264623	-0.0142274639	-0.0260277309	0.0981782649	0.0873773431	0.1509001125	0.0043888068	0.1215613471	0.1040369546	0.189841762	-0.1180188246	-0.119502594	0.1267517732	-0.1108987638	-0.0728125202	0.0608961996	0.1076878515	-0.0033360168	-0.1168186957	-0.0145280929	-0.0406071731	-0.1573931185	-0.0295248764	-0.1181318235	0.1055870127	0.129949027	-0.0175846403	0.2447520132	0.1047662371	-0.01418639	-0.0327911254	-0.0248400887	0.0847431749	-0.017475447	-0.1929648022	0.0899350202	-0.0396433598	-0.060427831	-0.0773455277	-0.088872305	-0.057112288	-0.1610717849	-0.1537832981	-0.2046721319	-0.0541471723	0.0380344765	-0.0576573647	-0.0175726048	-0.0951807381	-0.096976347	-0.1209160008	0.0850830132	0.1647109359	-0.0090889736	-0.1703746371	0.0112022258	-0.0513163522	0.078446243	-0.1597690277	0.1075086104	0.0180037105	-0.0500452681	0.1430120141	-0.1884526968	-0.0666808356	-0.0457008605	-0.1978712458	0.0765454704	-0.0413597084	0.0083925589	-0.1100257217	-0.1071608312	0.2144720201	0.0826753894	0.0745100072	-0.0856259253	0.0648572847	0.0291369272	0.0887809054	-0.0931171915	-0.0110631541	-0.1440342395	0.1170999511	-0.017873748178772	-0.0001013122585647	0.0003194708739581	1.0264173735480656e-08	-0.1007992623671043	-0.0007778224904626	6.050078266694608e-07	0.0101604912937523	-0.0582443376923791	-0.0123248837925942	0.0001519027605009	0.0033924028732238	-0.0002929729256833	6.699648414660003e-05	8.583313518343242e-08	4.488528888005629e-09	0.0010670085544131	-0.0001430012025385	1.1385072551907331e-06	2.0449343927457128e-08	-5.134370708584971e-05	-6.150281015626825e-08	3.7825956571179736e-15	2.6361762573175333e-09
1180.145545659912	-2.4359591764909965	1392743.5089409312	5.933897109530694	1698.9926199555923	3.0284171755620264	9.17131058923908	2886575.922663568	1172.0810204727204	-1.4878100134753822	2.213578636197617	1373773.9185523735	1308.6415458425383	1146.578336134889	1.25559	23.111858	0.055536249759767	0.0313765297153294	0.0983994167	0.1834114133	-0.0189656644	-0.0171110241	-0.0683344636	-0.0967123438	0.1239198163	0.0178664538	-0.1324205778	-0.1381796197	0.009860406	-0.0307063608	0.0404728016	0.08255725	-0.0211976952	-0.0013599021	-0.0523506984	0.0060692231	0.1361643926	-0.0322576442	-0.0881611828	0.0484419338	-0.0181939609	0.0611283424	-0.0168968359	0.0225787631	0.0063662305	0.1110016718	0.074995121	0.1621801335	-0.1044000753	-0.0788951554	-0.132222004	0.0215623253	0.0055721314	0.0754457258	0.0727799419	-0.0119150672	0.054441591	0.0636031598	-0.0377864565	0.0540202368	-0.1307155961	-0.029932559	0.0779381289	0.0090205385	-0.1666444067	-0.0546308022	-0.0287554892	-0.0740040381	-0.0163594234	-0.0791232484	-0.0774551446	0.0117367854	-0.0782064935	0.009379452	-0.0101665816	0.0287040429	-0.0216144274	-0.0148825404	-0.0765147707	-0.1230646543	-0.132074564	-0.2929292864	-0.0342514242	-0.0867650722	-0.0232738708	-0.1065751192	0.0794550399	-0.0936731304	-0.0300724179	0.2643256249	-0.0686963799	0.0650359404	-0.1070284165	0.0191369273	-0.0011302142	-0.0547840024	0.0356023381	-0.1658825778	-0.0868047393	-0.0539737222	-0.2039265834	0.0786774925	0.0223595981	0.0467722436	0.1039820383	-0.0938398557	-0.1016872718	-0.1342029085	-0.1177799027	-0.0643230194	-0.1458854101	0.124097542	-0.0178008546100159	7.289356875609873e-05	0.0003168704248469	5.313472366000093e-09	-0.1037742579925264	-0.002974995625422	8.850598971280615e-06	0.0107690966218994	-0.0383605925211796	0.0198837451711995	0.0003953633220331	0.0014715350585759	-9.09613881124875e-05	0.0002020115375708	8.273974127350582e-09	4.0808661311723794e-08	0.0015170020238526	0.0004499934694394	2.3012951403728843e-06	2.0249412253819818e-07	-5.143100796332473e-05	-8.73008774750217e-08	7.621443207908749e-15	2.645148580123572e-09
1179.6375421622988	-0.5080034976131174	1391544.7308787091	0.2580675535871605	1699.7952038601106	0.8025839045183147	0.6441409237918634	2889303.735065835	1169.2456954548736	-2.835325017846799	8.03906795682795	1367135.496339751	1310.1197915571777	1149.520620711764	1.268104	23.342196	0.0630074853014601	0.034848518084395	-0.1325845192	-0.0221223095	0.119839578	-0.016123438	0.0811638441	0.0438291744	-0.0166934989	0.1882793402	0.0412186845	0.1020974989	0.0779857467	-0.1639374542	0.0409768122	0.1676549819	-0.1163504019	0.0825271521	0.0200178658	-0.074522365	-0.0648705757	0.1068479283	-0.1776909695	0.0326985636	-0.1983578308	-0.2230041132	0.2034051396	-0.0823711653	-0.0422246425	-0.033737779	-0.0614264025	-0.113211893	-0.0782104622	0.0859105524	-0.0382724254	0.0980465195	0.0275419604	-0.2356465508	0.0088965691	0.0254871837	-0.0875746743	-0.2433012317	-0.0081682117	-0.0622268533	-0.1351045619	-0.0499073218	-0.1800432064	0.0641321513	-0.0243130756	-0.1275623463	-0.0180753774	-0.0537770435	0.0352434441	0.0901863606	0.0266644379	0.2182910807	-0.0539824787	0.0246255686	0.0722739578	0.1388301029	0.1867207714	0.0051522926	-0.0587969919	0.0497014216	0.0702999801	-0.0822438227	0.0958762389	0.1249070215	0.0321927675	-0.2041146957	-0.0026250952	0.0913434269	0.128533357	0.0900093919	0.0017508542	0.0755136611	-0.1132690887	-0.0278663068	0.1603760756	0.094797853	-0.1364071239	-0.1193212895	-0.0823113074	0.0267159668	-0.055404496	0.0816949612	0.0962960924	0.049683916	0.1022476326	0.1427536489	-0.1084455303	-0.2795985952	0.0120763249	-0.2047235691	-0.1475373187	0.1304173552	-0.0096067161322679	0.008194138477748	9.22889948459763e-05	6.714390539251033e-05	-0.123010035231843	-0.0192357772393166	0.0003700151260006	0.0151314687677392	-0.0383842933579572	-2.37008367776001e-05	5.617296639584413e-10	0.0014733539765897	-0.0002779751507862	-0.0001870137626737	7.727018445461064e-08	3.497414742937967e-08	0.000993007464987	-0.0005239945588655	9.86063825519908e-07	2.7457029772075465e-07	-5.136195455027857e-05	6.905341304616436e-08	4.76837385332418e-15	2.638050375224881e-09
1179.0490994514662	-0.5884427108326236	1390156.778917313	0.3462648239320466	1695.105508073311	-4.689695786799575	21.99324657272569	2873382.683500478	1170.233984725921	0.9882892710472788	0.9767156832671616	1369447.5790075068	1308.4504590118468	1141.377248190399	1.205303	22.18622	0.0727801201212009	0.0400738703801468	0.0239503247	-0.0014393949	0.2217478498	0.0675929167	-0.0039799489	0.1787080703	0.0045870906	0.0366320791	0.042037812	0.1145568492	-0.01940938	0.1348272896	-0.058208674	0.1719953526	-0.1415117814	0.0154718384	-0.2492131051	-0.1761178067	0.0067567651	0.0970935755	-0.1240603786	0.058657833	0.0375437351	-0.2209217167	-0.032844676	0.1137848336	-0.1160090481	-0.2134936533	0.0544684767	-0.0019461044	0.3351625118	0.1361483289	0.0919455864	0.009501976	0.0572289609	0.0205523139	0.0091125483	0.009973478	-0.0124970055	0.2619171539	0.0315433157	0.1978581641	-0.1307423698	-0.0854318343	-0.114851432	-0.0052688845	0.0297147637	0.0417750931	-0.2099265052	0.0283362809	0.0844088532	0.1963864284	0.1220749931	0.1820074523	0.0214048251	0.2250237286	-0.0135028688	-0.0906824035	0.1136936885	-0.2086847903	0.1638410735	-0.2873244444	0.2173273368	-0.102943512	-0.0800338134	-0.172449735	0.0517849233	-0.0324196362	-0.2108768454	0.029588756	-0.0051889464	-0.1022024959	0.1685035594	0.1362038557	0.07656552	-0.1894081426	0.0269263441	0.4304741024	0.3967437977	0.1612836024	-0.5134519754	-0.0040117327	0.1463886947	0.0310718878	0.1119964137	-0.0595290223	0.0488856192	-0.0514130568	0.0851185873	-0.0154238545	-0.0565818651	-0.0698748333	-0.1489877092	0.136024874	0.0153083768683188	0.0249150930005867	0.0002343464023424	0.0006207618592278	-0.1169100418502608	0.0060999933815822	3.7209919255346745e-05	0.0136679578854297	-0.0353825948621491	0.0030016984958081	9.01019385973661e-06	0.0012519280191789	-0.000519717544944	-0.0002417423941578	2.701063265226187e-07	5.8439385133145154e-08	0.001066892302491	7.388483750399993e-05	1.1382591851145477e-06	5.458969212992475e-09	0.0004082775186524	0.0004596394732026	2.112684453260359e-07	1.6669053223696085e-07
1184.2947803984298	5.245680946963603	1402554.126878965	27.51716859733696	1699.7090068598677	4.603498786556656	21.192201077828607	2889010.708000558	1172.7199133025058	2.485928576584911	6.179840887881481	1375271.9950562366	1311.2930533153435	1132.2546844374865	1.485696	27.347458	0.0846943532496692	0.0380463108141864	-0.1267152706	-0.1370186172	-0.1183119021	-0.1992222622	-0.2487353728	0.2071455618	0.0052991016	0.0250608679	0.1582248827	-0.0149915527	-0.1587457783	-0.1259073749	-0.1167228071	-0.24242108	0.0533583446	0.2113499031	-0.0055669637	-0.0405367431	0.0923392352	0.0056182727	-0.1308345875	-0.1275651688	-0.0810959126	-0.2045882507	-0.0392161496	0.0522594123	0.0579486257	0.1523267752	-0.0363781528	0.0319956583	-0.037209732	-0.0701628719	-0.1405451448	0.1153570621	-0.032233477	0.0445546243	0.018054103	0.0921424279	-0.0278670669	-0.0488823463	-0.1855625944	0.0985025253	0.1819969086	0.1280484815	-0.097331917	-0.0710578263	-0.1085200528	-0.1356356983	-0.0530578132	0.0204102656	-0.3237670766	0.1875308147	0.0690695516	-0.1833943125	0.1110025025	-0.0338329267	-0.0575216975	0.1390653444	0.1878683154	-0.0195435706	-0.1076300462	-0.0885897843	-0.004391358	-0.0329024502	0.0011291956	-0.0876060492	0.0093737522	0.3495407764	-0.1806296856	0.0683436524	0.2234479308	0.0534902236	0.0239877822	0.119982229	0.1601299573	-0.2118938967	-0.1096895972	-0.0457114455	-0.1563396961	0.0259510535	-0.1433683258	-0.021695174	0.1035228259	-0.0067102443	0.0598301872	0.0234641908	-0.1464637267	0.0112391862	0.0535020765	0.1774760154	0.1269154249	0.2411765288	-0.1502346003	0.1408894722	-0.0049389431629549	-0.0202473200312737	2.439315956689895e-05	0.0004099539684488	-0.1241634270625411	-0.0072533852122803	5.261159703772661e-05	0.0154165566199149	-0.0511895416753205	-0.0158069468131714	0.0002498595675544	0.0026203691769293	-0.000643048929236	-0.0001233313842919	4.135119253915661e-07	1.521063035138098e-08	0.0014309774868084	0.0003640851843174	2.0476965677524844e-06	1.3255802143943512e-07	6.796006340292342e-05	-0.0003403174552494	1.1581597034747952e-07	4.618570217729372e-09
1180.236885028935	-4.057895369494872	1392959.1047828034	16.466514829767927	1708.2650106824967	8.556003822629009	73.20520141284221	2918169.3467220706	1171.4236601843236	-1.2962531181822214	1.6802721463971322	1372233.3916396375	1314.6083417619975	1154.8838619648066	1.464702	26.961018	0.1082612003970093	0.0615867434244285	0.0732683847	-0.0636004373	0.2109634078	0.057039143	-0.1205319316	0.0072035019	0.1123939734	0.0617850033	0.1241410298	-0.2181265673	0.0145819584	0.0098947496	-0.0430790991	0.1800781625	-0.1152253483	-0.0360370102	-0.13855607	0.0966599829	0.0972513518	0.0155686269	0.1040308449	0.070179157	-0.1303588385	-0.1202257454	0.0166579954	-0.0146428904	-0.2240434313	0.0765835086	0.0638102912	-0.0078315089	0.1120765923	-0.0237026619	-0.0674803605	0.0092015581	-0.0225967414	0.2391139638	0.0282563555	-0.1128448946	-0.1820903573	-0.0081278532	-0.0421102189	-0.1067071526	0.2637693719	-0.0065519524	-0.157400901	-0.1723988312	-0.1602417189	0.0267048726	-0.0740694091	-0.1735969313	-0.0326957261	0.1154177311	-0.1212343867	-0.0152175298	0.0650403802	0.1828503472	0.0814818404	-0.0766544543	-0.0404510747	0.1739309579	-0.0726459996	-0.1338322529	-0.0339932101	0.0204258059	0.0475966126	0.1445028614	-0.1504600008	0.1350886156	-0.1910781442	-0.0940299204	0.0192881444	0.014143561	0.0674248809	0.0580772685	-0.0298268042	-0.2426430211	0.0190268606	0.0315423524	-0.1090453043	-0.1032169497	0.1162290079	0.0645559349	-0.0231372858	0.0684302389	0.0623268409	0.269945541	-0.0981750652	-0.1784065488	0.061804003	0.0331739369	-0.1181061485	0.1340077532	-0.151276289	0.1449845808	-0.0036193755233568	0.0013195676395981	1.3099879179074307e-05	1.741258755474501e-06	-0.1216469553658328	0.0025164716967083	6.3326298003339925e-06	0.0147979817497769	0.0017154065108186	0.0529049481861391	0.002798933542578	2.9426194973588437e-06	0.0001283864410436	0.0007714353702796	1.6483078243841778e-08	5.951125305184235e-07	0.0016180098999325	0.0001870324131241	2.6179560362795784e-06	3.4981123559024014e-08	0.0001398965374905	7.193647408757658e-05	5.174856304152577e-09	1.9571041201830872e-08
1177.3469435591276	-2.8899414698073542	1386145.8255080194	8.351761698912291	1690.7691059196572	-17.495904762839473	306.10668347034897	2858700.169532357	1170.6354219722552	-0.788238212068336	0.621319478964687	1370387.29117616	1308.1751874412344	1113.569984142045	1.265947	23.3025	0.0435837847492455	0.0213646014379503	0.0755338796	0.1848777607	0.1927760427	0.1219299987	-0.1968606987	0.1990450262	0.0246163733	0.0227668675	-0.1010687153	-0.1172633706	0.0843435423	0.1948439016	-0.1907459665	0.0776138181	0.0348606211	-0.0690806485	0.0444867643	-0.0491895531	0.1010682176	-0.0232370017	-0.0273558326	0.1602685377	-0.0121812616	0.0814706548	0.0172757126	0.0281336354	0.07234685	-0.0194680083	-0.0212427422	-0.0934244104	-0.003962466	0.1770032524	0.0652551741	-0.0595654937	-0.0035121449	-0.0956983977	0.1160235795	-0.1219507072	-0.0566094494	-0.0476750089	0.2630961678	-0.1206652958	0.0181009731	-0.0649006759	0.0460632974	-0.0085555161	-0.1972578322	0.0691322225	-0.120023451	-0.1152660089	0.1292042567	-0.0001787851	0.0193977986	0.0222317613	-0.0665493521	0.1093442956	0.0468225491	0.0498433944	-0.1266766585	-0.050275486	-0.1152810591	0.1871223244	0.0430348733	0.0413525235	0.0297356504	-0.0350008792	0.1551837612	0.0059215081	-0.242841692	0.0119221763	-0.1622035067	0.1193303746	0.0927181383	0.0101956641	0.0439568708	-0.1893119348	0.1242041417	-0.025165073	-0.0021066517	-0.0777109671	0.1630752051	0.0416552301	-0.0903626183	-0.2300451048	-0.1429743444	-0.1185374691	-0.0532205767	-0.0518438816	0.0794530087	-0.0103719941	0.0575459817	-0.0371361251	-0.1521113526	0.148287834	-0.0078159247185709	-0.0041965491952141	6.108867920636762e-05	1.7611025147852118e-05	-0.1145432827325976	0.0071036726332351	5.04621648801746e-05	0.0131201636191597	0.0100116632378899	0.0082962567270712	6.882787568147579e-05	0.0001002334007889	-0.0001511240799856	-0.0002795105210292	2.2838487551494025e-08	7.812613136601485e-08	0.0014489868655835	-0.0001690230343489	2.099562936633496e-06	2.85687861405432e-08	0.0001711091059868	3.12125684963e-05	9.742244321362192e-10	2.927832615160196e-08
1182.297244898493	4.950301339365524	1397826.7752945677	24.5054833505241	1692.2109382730223	1.4418323533650437	2.07888053521018	2863577.8596108626	1173.4003976434162	2.7649756711609825	7.645090462112126	1376868.4931897274	1308.226632194743	1135.3081930777184	1.210627	22.28421	0.1654673344924928	0.074011355239224	-0.112597579	0.1042426928	0.0852767114	0.1189191694	-0.1135217277	0.1089905709	-0.0204758195	0.0262870859	-0.1208391418	0.0011045804	-0.1195508435	0.1992872699	-0.2349981431	-0.1210123165	0.1046478075	-0.1650839162	0.0758893137	-0.088618339	-0.0302328172	0.0112401331	-0.0597032854	0.0831588885	0.0913476435	-0.0059047381	-0.0985999768	0.0686738467	-0.1219313854	0.0448353126	0.038097811	0.1009951222	0.062846789	0.127373374	-0.1823591932	-0.0736259114	-0.1708970297	-0.0757012363	-0.1217969151	0.0573181951	0.016856211	0.0162985986	0.0575255716	-0.1290062705	-0.0742915234	0.0936314893	0.091363985	0.1009422583	-0.0523031444	0.1085080278	-0.2207596656	0.0567725661	-0.0500122281	0.0566557758	0.2279161037	-0.1374967623	0.0651094792	0.0103291713	0.1111040655	-0.0185119109	-0.0515610982	0.284787	0.0064134689	0.1009467475	0.104573666	0.0178072998	-0.1213280521	-0.3471920193	0.0697623959	-0.1942057196	-0.2370230079	0.1538926792	-0.0977589562	0.0646140997	-0.0063558749	-0.0257915577	0.0789021465	-0.0557280397	-0.0651801774	-0.1070299934	0.0617039878	0.171308521	0.2107104119	-0.0092355642	-0.094357961	0.0295338768	-0.1963661491	-0.0969318938	0.0870317737	0.0524952205	-0.0432159812	-0.154776249	-0.0379408857	0.0944492387	-0.1527386503	0.1507811905	-0.0031745766222002	0.0046413480963707	1.007793673022003e-05	2.154211215168393e-05	-0.161947068470738	-0.0474037857381404	0.0022471189023075	0.0262268529862659	-0.0348157099206218	-0.0448273731585117	0.0020094933842924	0.0012121336572768	-0.0008429325571924	-0.0006918084772068	7.105352959749187e-07	4.785989691351916e-07	0.0010670576515463	-0.0003819292140372	1.1386120317235047e-06	1.4586992453507342e-07	-0.0001270497527586	-0.0002981588587454	8.88987050483594e-08	1.614163967602139e-08
1184.06264761318	1.765402714686843	1402004.3534727334	3.1166467450236746	1703.7404018519733	11.52946357895098	132.92853041835716	2902731.356902723	1172.3573847776563	-1.0430128657599198	1.0878758381407203	1374421.8376427058	1310.1415727768392	1149.6254360801297	1.155918	21.277168	0.0503129696784159	0.024694523352979	-0.113167278	-0.1266394506	0.080991583	-0.089869136	-0.051861252	0.03281058	-0.1512000478	0.0055973116	0.1833166607	0.1571894083	-0.2582323943	0.0357115586	-0.0639438286	-0.0395786359	-0.0472111326	-0.0720736297	-0.0556203891	-0.0277362497	-0.1165202716	0.1154815105	-0.038453022	0.034015399	-0.0007226175	0.0319962044	-0.2379642506	-0.0155509561	-0.0407783831	-0.0449117412	0.0642068146	-0.0160730658	0.100512584	0.1238211453	0.0637998235	0.1181249344	0.0161066709	-0.2233134645	0.0166104607	-0.1641044406	0.0741706025	0.0458976411	-0.1651502378	-0.049875807	0.0905264578	-0.0446934328	-0.091872244	0.0517298217	0.1204078674	0.0980889735	-0.2303404867	0.1192632883	-0.1779204914	-0.0106776153	0.0523566164	0.108696871	0.0164639616	0.1291049365	0.0385453966	-0.0817113226	-0.1284066608	-0.0686778935	0.0161248567	0.2156024113	-0.0771585895	0.0136031471	0.0751682442	0.2127623145	0.076463572	0.0231103923	-0.2151648909	0.1743748277	0.0269311814	-0.157704865	-0.0393300187	0.0144630378	0.0328472488	0.0307574287	-0.0290581602	-0.1566421697	-0.1106631508	0.21009307	0.0928929296	-0.0612980371	-0.0772064596	-0.0380347296	-0.020145808	-0.0888863737	0.1331233977	0.0122888461	0.022149277	-0.0964836795	0.0784246976	-0.0040062687	-0.1531573254	0.1524510324	0.0059841675224561	0.0091587441446563	3.581026093681838e-05	8.388259430727607e-05	-0.1717675264096811	-0.009820457938943	9.644139413055046e-05	0.0295040831289004	-0.0409829887485173	-0.0061672788278955	3.80353281410081e-05	0.001679605366761	-0.0012140043675953	-0.0003710718104029	1.4738066045404642e-06	1.3769428847568576e-07	0.0010669972044772	-6.044706909991669e-08	1.1384830343621598e-06	3.653848162770104e-15	5.147765107821984e-06	0.0001321975178664	1.7476183730042963e-08	2.6499485605309484e-11
1183.3263268874248	-0.7363207257551494	1400261.1959048845	0.54216821117659	1702.333310299508	-1.4070915524653174	1.979906637019257	2897938.699355281	1171.5839407605556	-0.7734440171007009	0.5982156475888692	1372608.930248033	1309.9332029936131	1146.7326891009968	1.231159	22.662144	0.0744634624594081	0.0346321506792687	0.1256303281	0.052207297	0.1015850758	-0.1573203992	-0.0501606321	0.018219444	-0.1748971439	-0.049450473	0.1185946039	-0.1335502975	-0.1392783378	0.1553692771	-0.0149377918	-0.0417680152	-0.0299042372	0.0095316345	0.1275678413	0.1437882531	0.0660765114	0.1053092152	-0.044403283	0.177659808	0.0089401402	0.1535562447	-0.025140505	-0.1743406086	0.151390915	0.1153173104	0.02357689	0.0642821488	-0.1095426865	0.1078472598	0.1789815152	0.023058897	0.0701816759	-0.0074446367	-0.2588044993	0.0175337734	0.0066246466	-0.0628616241	0.0708230028	-0.0815049713	0.0377696506	-0.07783253	-0.011991704	-0.1153532718	-0.1541352916	0.1910261158	0.0340554504	0.1472269538	-0.1254945326	-0.1612799726	0.1289895304	0.0014628653	-0.0048849625	-0.0442768397	0.0147875497	-0.1051514681	0.0935616986	0.0133355496	-0.0407873206	0.2357660216	-0.0126225055	-0.086488831	-0.1144937752	0.0673767453	-0.0765094881	-0.1300152996	-0.2066449048	-0.0110020081	-0.1314638856	-0.0540833132	-0.0772530099	0.0417404344	0.1109069847	-0.0088810863	0.0334849339	-0.1508133408	-0.1693628641	0.140297461	0.1720938805	-0.0428008881	0.1321853298	-0.0162317116	-0.0055848091	0.0129939838	0.1062936994	-0.1258841987	-0.2145267576	0.0849106108	-0.1213824527	-0.1539985699	-0.153366806	0.1532882396	0.003724516894735	-0.0022596506277211	1.3872026099166446e-05	5.106020959360364e-06	-0.1540544846173475	0.0177130417923336	0.0003137518495369	0.0237327842307165	-0.0527611953848818	-0.0117782066363644	0.0001387261515689	0.0027837437384416	-0.0008386176064663	0.000375386761129	7.03279489875266e-07	1.409152204309209e-07	0.0013809300886378	0.0003139328841606	1.9069679097052024e-06	9.855385575739273e-08	0.000170079387878	0.0001649316227701	2.72024401896043e-08	2.8926998180955173e-08
